Date,Open,High,Low,Close,Volume,Dividends,Stock Splits,Capital Gains
2007-05-11 00:00:00-04:00,70.56873321533203,70.56873321533203,70.5329873821828,70.56873321533203,220,0.0,0.0,0.0
2007-05-14 00:00:00-04:00,70.56873321533203,70.56873321533203,70.56873321533203,70.56873321533203,0,0.0,0.0,0.0
2007-05-15 00:00:00-04:00,70.60443115234375,70.60443115234375,70.60443115234375,70.60443115234375,40,0.0,0.0,0.0
2007-05-16 00:00:00-04:00,70.24696350097656,70.24696350097656,70.24696350097656,70.24696350097656,60,0.0,0.0,0.0
2007-05-17 00:00:00-04:00,70.60444671456457,72.35614979287355,70.60444671456457,72.28465270996094,2760,0.0,0.0,0.0
2007-05-18 00:00:00-04:00,73.10688221417499,73.14263348278338,73.03538513183594,73.03538513183594,320,0.0,0.0,0.0
2007-05-21 00:00:00-04:00,73.42860982086364,73.53585815429688,73.42860982086364,73.53585815429688,1400,0.0,0.0,0.0
2007-05-22 00:00:00-04:00,74.35813804906584,74.35813804906584,73.75040435791016,73.75040435791016,1120,0.0,0.0,0.0
2007-05-23 00:00:00-04:00,74.00059729592296,74.60833057887547,73.53585815429688,73.53585815429688,1080,0.0,0.0,0.0
2007-05-24 00:00:00-04:00,73.85760425526996,73.85760425526996,71.99864766106224,72.10589599609375,1400,0.0,0.0,0.0
2007-05-25 00:00:00-04:00,72.64216613769531,72.89240873303866,72.5349177525826,72.64216613769531,3740,0.0,0.0,0.0
2007-05-29 00:00:00-04:00,72.92816001303605,73.03540839814876,72.64216613769531,72.64216613769531,2360,0.0,0.0,0.0
2007-05-30 00:00:00-04:00,73.17837278854246,74.10785114092201,73.17837278854246,74.0363540649414,1120,0.0,0.0,0.0
2007-05-31 00:00:00-04:00,73.96482830823784,74.53681564622624,73.92908250891078,74.32231903076172,5380,0.0,0.0,0.0
2007-06-01 00:00:00-04:00,74.53684802019772,75.10883560662043,74.393853851031,74.64409637451172,680,0.0,0.0,0.0
2007-06-04 00:00:00-04:00,74.93010534252312,76.28856658935547,74.82285696648925,76.28856658935547,2700,0.0,0.0,0.0
2007-06-05 00:00:00-04:00,76.0383111797875,76.0383111797875,75.46632902895685,75.85956573486328,1520,0.0,0.0,0.0
2007-06-06 00:00:00-04:00,75.7880680073412,76.00256472138867,74.46535281705661,74.5010986328125,9840,0.0,0.0,0.0
2007-06-07 00:00:00-04:00,74.21511538370116,74.85859466027604,72.85664882949499,73.24988555908203,1120,0.0,0.0,0.0
2007-06-08 00:00:00-04:00,72.60641593593184,73.21414947509766,72.39191917863609,73.21414947509766,2240,0.0,0.0,0.0
2007-06-11 00:00:00-04:00,73.28562491174816,74.07210369787434,73.28562491174816,73.7861099243164,480,0.0,0.0,0.0
2007-06-12 00:00:00-04:00,73.42865914150033,74.28664093037939,73.10691937997099,73.75040435791016,600,0.0,0.0,0.0
2007-06-13 00:00:00-04:00,73.60736955598031,74.64409637451172,73.60736955598031,74.64409637451172,2140,0.0,0.0,0.0
2007-06-14 00:00:00-04:00,75.07311509076287,75.96684265136719,75.07311509076287,75.96684265136719,440,0.0,0.0,0.0
2007-06-15 00:00:00-04:00,76.5745561594175,76.89630126953125,76.538810339324,76.89630126953125,1400,0.0,0.0,0.0
2007-06-18 00:00:00-04:00,77.07505431733051,77.14655141943015,76.61031497136398,76.86055755615234,6980,0.0,0.0,0.0
2007-06-19 00:00:00-04:00,76.61029808457383,76.93203770054254,76.50304972762491,76.57454681396484,1200,0.0,0.0,0.0
2007-06-20 00:00:00-04:00,76.68179501666602,76.68179501666602,74.93009185791016,74.93009185791016,2760,0.0,0.0,0.0
2007-06-21 00:00:00-04:00,75.43057218587623,75.7880630493164,75.03733005414098,75.7880630493164,4260,0.0,0.0,0.0
2007-06-22 00:00:00-04:00,74.35809854770899,74.7870864868164,74.35809854770899,74.7870864868164,320,0.0,0.0,0.0
2007-06-25 00:00:00-04:00,74.03634096161367,74.03634096161367,73.28560815949275,73.57160186767578,440,0.0,0.0,0.0
2007-06-26 00:00:00-04:00,73.53586151870094,73.53586151870094,71.49816490974852,71.64115905761719,760,0.0,0.0,0.0
2007-06-27 00:00:00-04:00,70.96193931464823,72.64214535102201,70.81894514533562,72.60639953613281,1860,0.0,0.0,0.0
2007-06-28 00:00:00-04:00,72.96390616604323,73.42864004407686,72.2489242553711,72.2489242553711,1940,0.0,0.0,0.0
2007-06-29 00:00:00-04:00,72.57063467801598,72.99962256050671,72.57063467801598,72.85662841796875,2240,0.0,0.0,0.0
2007-07-02 00:00:00-04:00,72.82088842994106,73.03538513183594,72.74939134760201,73.03538513183594,460,0.0,0.0,0.0
2007-07-03 00:00:00-04:00,73.6431138997015,73.92910766601562,73.6431138997015,73.92910766601562,160,0.0,0.0,0.0
2007-07-05 00:00:00-04:00,74.28657714515225,74.28657714515225,73.96483220500463,74.1435775756836,780,0.0,0.0,0.0
2007-07-06 00:00:00-04:00,74.57260728824119,74.71560147274481,74.21511637210365,74.28661346435547,1880,0.0,0.0,0.0
2007-07-09 00:00:00-04:00,74.67983447954587,74.67983447954587,74.35809490469764,74.60833740234375,2660,0.0,0.0,0.0
2007-07-10 00:00:00-04:00,74.00063688537253,74.57262466643843,74.00063688537253,74.21513366699219,1480,0.0,0.0,0.0
2007-07-11 00:00:00-04:00,73.6788651660698,73.92910766601562,73.6788651660698,73.92910766601562,1080,0.0,0.0,0.0
2007-07-12 00:00:00-04:00,74.60835106397616,74.60835106397616,73.92912052386517,74.35810852050781,620,0.0,0.0,0.0
2007-07-13 00:00:00-04:00,74.67984387390673,75.07308603030239,74.64409805824769,74.93009185791016,3040,0.0,0.0,0.0
2007-07-16 00:00:00-04:00,75.03736721387854,75.03736721387854,73.3214145834999,73.42865753173828,520,0.0,0.0,0.0
2007-07-17 00:00:00-04:00,73.75036944343849,74.57259955627866,73.75036944343849,74.2508544921875,760,0.0,0.0,0.0
2007-07-18 00:00:00-04:00,73.89337240440489,74.85859680175781,73.64312985025836,74.85859680175781,2560,0.0,0.0,0.0
2007-07-19 00:00:00-04:00,75.07308721647966,75.68082064106602,75.03733594537772,75.5020751953125,3260,0.0,0.0,0.0
2007-07-20 00:00:00-04:00,75.25179709127397,75.25179709127397,74.14357366949977,74.32231903076172,3540,0.0,0.0,0.0
2007-07-23 00:00:00-04:00,74.32236817478139,74.32236817478139,73.10690109644977,73.21414947509766,1400,0.0,0.0,0.0
2007-07-24 00:00:00-04:00,71.81991967871072,71.81991967871072,69.99671936035156,69.99671936035156,3000,0.0,0.0,0.0
2007-07-25 00:00:00-04:00,69.78223617482442,69.8894845566801,69.49624230816906,69.67498779296875,1500,0.0,0.0,0.0
2007-07-26 00:00:00-04:00,69.67496395789999,69.74646649126305,67.88750972137227,68.74549102783203,23380,0.0,0.0,0.0
2007-07-27 00:00:00-04:00,68.49524479073102,69.102978107036,67.85176020969398,68.53099060058594,460,0.0,0.0,0.0
2007-07-30 00:00:00-04:00,68.92427263242288,69.2817636673889,68.13779344647372,68.81702423095703,1700,0.0,0.0,0.0
2007-07-31 00:00:00-04:00,70.17547167169948,70.35421713930194,69.03150177001953,69.03150177001953,1340,0.0,0.0,0.0
2007-08-01 00:00:00-04:00,69.10295740687374,69.49619392674455,67.74449157714844,67.74449157714844,1660,0.0,0.0,0.0
2007-08-02 00:00:00-04:00,69.49622991815582,69.49622991815582,68.42375720056158,68.92424774169922,800,0.0,0.0,0.0
2007-08-03 00:00:00-04:00,69.35323141487588,69.35323141487588,67.38703155517578,67.38703155517578,560,0.0,0.0,0.0
2007-08-06 00:00:00-04:00,66.6720391755463,66.6720391755463,64.45559714111482,66.49329376220703,7600,0.0,0.0,0.0
2007-08-07 00:00:00-04:00,65.99280105317538,67.06527340752898,65.99280105317538,66.88652801513672,2320,0.0,0.0,0.0
2007-08-08 00:00:00-04:00,68.28076223256072,69.88947129039592,68.28076223256072,69.60347747802734,5420,0.0,0.0,0.0
2007-08-09 00:00:00-04:00,68.67401638959704,69.78223510544464,68.45951962917276,69.1030044555664,3460,0.0,0.0,0.0
2007-08-10 00:00:00-04:00,67.67305806972328,68.67403411865234,67.24406989300529,68.67403411865234,900,0.0,0.0,0.0
2007-08-13 00:00:00-04:00,69.96095361908502,70.06820195795527,68.88848114013672,68.88848114013672,320,0.0,0.0,0.0
2007-08-14 00:00:00-04:00,68.63826116622978,68.63826116622978,67.6015396118164,67.6015396118164,700,0.0,0.0,0.0
2007-08-15 00:00:00-04:00,67.38703659782303,67.95902423630763,66.10006713867188,66.10006713867188,1500,0.0,0.0,0.0
2007-08-16 00:00:00-04:00,65.1706115746198,65.67109680175781,63.09716264598538,65.67109680175781,1780,0.0,0.0,0.0
2007-08-17 00:00:00-04:00,67.49430123810905,68.63827133606756,66.13583436027344,67.10105895996094,5320,0.0,0.0,0.0
2007-08-20 00:00:00-04:00,67.74451017008249,67.74451017008249,65.84980773925781,65.84980773925781,840,0.0,0.0,0.0
2007-08-21 00:00:00-04:00,66.20729892003789,66.20729892003789,65.52806854248047,65.52806854248047,680,0.0,0.0,0.0
2007-08-22 00:00:00-04:00,66.42178344726562,66.42178344726562,66.42178344726562,66.42178344726562,20,0.0,0.0,0.0
2007-08-23 00:00:00-04:00,65.77828749673334,66.56476593017578,65.77828749673334,66.56476593017578,1300,0.0,0.0,0.0
2007-08-24 00:00:00-04:00,66.85081635335747,67.10105895996094,66.85081635335747,67.10105895996094,40,0.0,0.0,0.0
2007-08-27 00:00:00-04:00,66.67204346695567,66.67204346695567,65.95706176757812,65.95706176757812,460,0.0,0.0,0.0
2007-08-28 00:00:00-04:00,65.34932967044227,65.34932967044227,64.527099609375,64.527099609375,740,0.0,0.0,0.0
2007-08-29 00:00:00-04:00,65.09908092943779,65.3135721499135,65.0633296652533,65.17057800292969,480,0.0,0.0,0.0
2007-08-30 00:00:00-04:00,65.27783728857219,65.95706778297685,65.27783728857219,65.70682525634766,440,0.0,0.0,0.0
2007-08-31 00:00:00-04:00,67.56578130309246,67.56578130309246,66.60055694688108,66.81504821777344,880,0.0,0.0,0.0
2007-09-04 00:00:00-04:00,66.92228711386986,69.24597767653809,66.92228711386986,68.99573516845703,880,0.0,0.0,0.0
2007-09-05 00:00:00-04:00,68.99572947900697,68.99572947900697,68.45949323953282,68.88848114013672,940,0.0,0.0,0.0
2007-09-06 00:00:00-04:00,69.38898265062298,69.71072226373518,69.17448593862952,69.46047973632812,3720,0.0,0.0,0.0
2007-09-07 00:00:00-04:00,69.10300166621934,69.10300166621934,68.03052881714676,68.20927429199219,2600,0.0,0.0,0.0
2007-09-10 00:00:00-04:00,68.31653583177935,68.42377877344803,67.4585541142695,68.24503326416016,820,0.0,0.0,0.0
2007-09-11 00:00:00-04:00,68.60252786726026,68.81702467156532,68.38803651783553,68.42378234863281,960,0.0,0.0,0.0
2007-09-12 00:00:00-04:00,70.103978081995,70.92620291018814,70.103978081995,70.85470581054688,2060,0.0,0.0,0.0
2007-09-13 00:00:00-04:00,70.85470376911789,71.10494633809199,70.71170957395523,70.92620086669922,3480,0.0,0.0,0.0
2007-09-14 00:00:00-04:00,70.38996249552554,71.033447265625,70.38996249552554,71.033447265625,560,0.0,0.0,0.0
2007-09-17 00:00:00-04:00,71.06919900402396,71.06919900402396,70.71170806884766,70.71170806884766,560,0.0,0.0,0.0
2007-09-18 00:00:00-04:00,70.78321419143919,72.67791748046875,70.71171708626211,72.67791748046875,860,0.0,0.0,0.0
2007-09-19 00:00:00-04:00,73.1784026083794,73.42864520372275,72.57066903258,72.64216613769531,2780,0.0,0.0,0.0
2007-09-20 00:00:00-04:00,72.71363441831907,72.92813110351562,72.67788860737117,72.92813110351562,760,0.0,0.0,0.0
2007-09-21 00:00:00-04:00,73.42863101477026,73.46438228785927,73.17838846778243,73.24988555908203,5000,0.0,0.0,0.0
2007-09-24 00:00:00-04:00,74.78709421914463,74.78709421914463,72.53490048737666,72.7136459350586,2220,0.0,0.0,0.0
2007-09-25 00:00:00-04:00,72.39190139379029,72.39190139379029,71.6769196516294,71.92716217041016,2000,0.0,0.0,0.0
2007-09-26 00:00:00-04:00,72.60639783955475,72.60639783955475,71.96291318292835,72.32040405273438,980,0.0,0.0,0.0
2007-09-27 00:00:00-04:00,72.78513694996946,72.92813110351562,72.64213734154599,72.92813110351562,460,0.0,0.0,0.0
2007-09-28 00:00:00-04:00,73.03538513183594,73.53587016308703,72.9281367808885,73.03538513183594,540,0.0,0.0,0.0
2007-10-01 00:00:00-04:00,72.96390405186825,74.46536492979816,72.96390405186825,74.00062561035156,2040,0.0,0.0,0.0
2007-10-02 00:00:00-04:00,74.00063688537253,74.21513366699219,73.60739460402976,74.21513366699219,460,0.0,0.0,0.0
2007-10-03 00:00:00-04:00,74.67983910740034,74.67983910740034,73.71461486816406,73.71461486816406,2580,0.0,0.0,0.0
2007-10-04 00:00:00-04:00,74.28660751736878,74.57260131835938,73.39288029857194,74.57260131835938,1740,0.0,0.0,0.0
2007-10-05 00:00:00-04:00,75.07308721647966,75.5020751953125,74.93009304182809,75.5020751953125,360,0.0,0.0,0.0
2007-10-08 00:00:00-04:00,76.25282293506307,76.25282293506307,74.536865234375,74.536865234375,240,0.0,0.0,0.0
2007-10-09 00:00:00-04:00,75.07311562974449,75.64510345458984,74.4653819751464,75.64510345458984,5380,0.0,0.0,0.0
2007-10-10 00:00:00-04:00,76.03833976523951,76.03833976523951,75.03736380638665,75.96684265136719,1680,0.0,0.0,0.0
2007-10-11 00:00:00-04:00,76.89630166201236,77.53978097576679,76.53881072998047,76.53881072998047,1980,0.0,0.0,0.0
2007-10-12 00:00:00-04:00,77.32526397705078,77.32526397705078,76.61028235073479,77.32526397705078,1460,0.0,0.0,0.0
2007-10-15 00:00:00-04:00,77.50402426185457,78.64799399258936,77.25378173558101,77.64701843261719,2920,0.0,0.0,0.0
2007-10-16 00:00:00-04:00,78.147539713271,78.147539713271,77.57555189522513,77.68280029296875,2160,0.0,0.0,0.0
2007-10-17 00:00:00-04:00,77.93300088841782,78.32624298310841,77.21801922889105,77.46826171875,2400,0.0,0.0,0.0
2007-10-18 00:00:00-04:00,78.18327850483263,78.64801788330078,77.53979363117514,78.64801788330078,4520,0.0,0.0,0.0
2007-10-19 00:00:00-04:00,78.9339695878526,78.9339695878526,76.03829193115234,76.03829193115234,960,0.0,0.0,0.0
2007-10-22 00:00:00-04:00,81.82966721939644,81.82966721939644,74.3581093730028,75.32333374023438,1800,0.0,0.0,0.0
2007-10-23 00:00:00-04:00,76.28854847888964,76.28854847888964,75.00158463663806,75.46632385253906,1080,0.0,0.0,0.0
2007-10-24 00:00:00-04:00,75.18036402876301,75.64510345458984,74.93012140097323,75.64510345458984,660,0.0,0.0,0.0
2007-10-25 00:00:00-04:00,75.10883644487403,77.7185155179985,75.10883644487403,77.64701843261719,5800,0.0,0.0,0.0
2007-10-26 00:00:00-04:00,77.75427301248415,79.11273956298828,77.75427301248415,79.11273956298828,2740,0.0,0.0,0.0
2007-10-29 00:00:00-04:00,80.72144753980379,80.72144753980379,79.64897482347746,80.18521118164062,2420,0.0,0.0,0.0
2007-10-30 00:00:00-04:00,80.32819865540569,80.32819865540569,78.93398642253312,79.07698059082031,2420,0.0,0.0,0.0
2007-10-31 00:00:00-04:00,79.57750102712379,81.47219901667633,79.25575584511832,81.15045928955078,880,0.0,0.0,0.0
2007-11-01 00:00:00-04:00,82.2943879876626,82.2943879876626,79.8992005172702,79.93495178222656,2180,0.0,0.0,0.0
2007-11-02 00:00:00-04:00,81.07892398856107,81.75815440584036,80.14944561818984,81.11466979980469,10200,0.0,0.0,0.0
2007-11-05 00:00:00-05:00,79.86344146728516,80.50692598963302,79.64895026308696,79.86344146728516,520,0.0,0.0,0.0
2007-11-06 00:00:00-05:00,81.22192880077276,82.04415893554688,81.22192880077276,82.04415893554688,1300,0.0,0.0,0.0
2007-11-07 00:00:00-05:00,83.00936918612663,83.90309625629354,80.14944256159254,80.22093963623047,3420,0.0,0.0,0.0
2007-11-08 00:00:00-05:00,79.79193486058084,81.22189787046536,79.21995292955263,79.9706802368164,1460,0.0,0.0,0.0
2007-11-09 00:00:00-05:00,79.43445427975333,79.79194507800142,78.89821808238116,79.21996307373047,1500,0.0,0.0,0.0
2007-11-12 00:00:00-05:00,78.68377498211139,78.68377498211139,75.68084716796875,75.68084716796875,920,0.0,0.0,0.0
2007-11-13 00:00:00-05:00,77.682764094839,77.682764094839,74.71558889925205,77.57551574707031,1220,0.0,0.0,0.0
2007-11-14 00:00:00-05:00,78.0760077408602,79.29148003273191,78.0760077408602,78.2905044555664,960,0.0,0.0,0.0
2007-11-15 00:00:00-05:00,76.25283497681878,76.39582920159128,75.53785294319626,75.68084716796875,580,0.0,0.0,0.0
2007-11-16 00:00:00-05:00,74.14361471267651,76.96779625690334,74.14361471267651,76.93204498291016,800,0.0,0.0,0.0
2007-11-19 00:00:00-05:00,76.32431676755742,76.32431676755742,75.53783777942958,75.71658325195312,1960,0.0,0.0,0.0
2007-11-20 00:00:00-05:00,75.64505532479139,76.75327352985595,75.53780699401051,76.03829193115234,460,0.0,0.0,0.0
2007-11-21 00:00:00-05:00,75.39484051406835,75.57358599224763,74.894355357118,75.25184631347656,1140,0.0,0.0,0.0
2007-11-23 00:00:00-05:00,75.46635583081,75.68084716796875,75.46635583081,75.68084716796875,60,0.0,0.0,0.0
2007-11-26 00:00:00-05:00,76.7890433733992,76.7890433733992,74.78709223063991,74.93009185791016,1020,0.0,0.0,0.0
2007-11-27 00:00:00-05:00,73.82186229917569,73.82186229917569,72.35614759699888,72.78514099121094,6520,0.0,0.0,0.0
2007-11-28 00:00:00-05:00,72.57063946039148,74.0720998754931,72.57063946039148,74.0363540649414,8400,0.0,0.0,0.0
2007-11-29 00:00:00-05:00,73.14262822762947,74.89433116602959,73.14262822762947,74.60833740234375,820,0.0,0.0,0.0
2007-11-30 00:00:00-05:00,74.35810284688455,74.35810284688455,74.00061196781299,74.2508544921875,1260,0.0,0.0,0.0
2007-12-03 00:00:00-05:00,74.17936111092186,74.50110073619868,74.17936111092186,74.4653549194336,720,0.0,0.0,0.0
2007-12-04 00:00:00-05:00,74.0721127508702,74.53685200784197,74.0721127508702,74.4653549194336,1900,0.0,0.0,0.0
2007-12-05 00:00:00-05:00,75.25185343044872,75.60934442061712,75.21610214948004,75.57359313964844,320,0.0,0.0,0.0
2007-12-06 00:00:00-05:00,75.71658287128092,77.89727435217729,75.71658287128092,77.79003143310547,920,0.0,0.0,0.0
2007-12-07 00:00:00-05:00,77.89726738696767,77.89726738696767,77.03929138183594,77.03929138183594,320,0.0,0.0,0.0
2007-12-10 00:00:00-05:00,77.61126701461906,77.8257582552789,77.46826739930161,77.57551574707031,800,0.0,0.0,0.0
2007-12-11 00:00:00-05:00,78.2905133194891,78.8982468067925,77.25379180908203,77.25379180908203,2620,0.0,0.0,0.0
2007-12-12 00:00:00-05:00,78.50501047327744,78.71950175852325,78.50501047327744,78.57650756835938,340,0.0,0.0,0.0
2007-12-13 00:00:00-05:00,77.32527882096232,77.86151514363907,77.18227919532174,77.64701843261719,1080,0.0,0.0,0.0
2007-12-14 00:00:00-05:00,77.36103793730261,77.79003143310547,77.36103793730261,77.79003143310547,460,0.0,0.0,0.0
2007-12-17 00:00:00-05:00,76.53879234683535,77.11077442778006,75.60931396484375,75.60931396484375,540,0.0,0.0,0.0
2007-12-18 00:00:00-05:00,76.36006083234652,77.03929138183594,76.36006083234652,77.03929138183594,380,0.0,0.0,0.0
2007-12-19 00:00:00-05:00,77.11080528663338,77.28955078125,77.03930817976266,77.28955078125,3460,0.0,0.0,0.0
2007-12-20 00:00:00-05:00,77.25379180908203,77.25379180908203,77.25379180908203,77.25379180908203,60,0.0,0.0,0.0
2007-12-21 00:00:00-05:00,78.98229309812938,80.0916976928711,78.83914658428054,80.0916976928711,23040,0.115,0.0,0.0
2007-12-24 00:00:00-05:00,80.16329188222869,80.23486515784249,79.62648412408876,79.8412094116211,9080,0.0,0.0,0.0
2007-12-26 00:00:00-05:00,79.8769860922419,80.59272970500517,79.8769860922419,80.55694580078125,900,0.0,0.0,0.0
2007-12-27 00:00:00-05:00,80.52116372098864,80.52116372098864,79.8412094116211,79.8412094116211,240,0.0,0.0,0.0
2007-12-28 00:00:00-05:00,80.55693205391405,80.55693205391405,79.55489007490371,80.0916976928711,320,0.0,0.0,0.0
2007-12-31 00:00:00-05:00,79.94854710552494,79.98433646495288,79.5906753540039,79.5906753540039,1220,0.0,0.0,0.0
2008-01-02 00:00:00-05:00,80.48537864397383,81.52321030812499,80.48537864397383,81.38005828857422,38300,0.0,0.0,0.0
2008-01-03 00:00:00-05:00,82.27477088865174,82.59685896613621,81.52324296257473,82.06005096435547,22360,0.0,0.0,0.0
2008-01-04 00:00:00-05:00,81.27268941354451,81.27268941354451,79.91277545715624,80.55694580078125,29300,0.0,0.0,0.0
2008-01-07 00:00:00-05:00,80.5569264494341,80.5569264494341,79.66224714839947,80.34220123291016,14380,0.0,0.0,0.0
2008-01-08 00:00:00-05:00,81.27267500399057,81.27267500399057,79.08965518783342,79.3759536743164,3560,0.0,0.0,0.0
2008-01-09 00:00:00-05:00,79.84119860740033,81.0579605102539,79.26860155859266,81.0579605102539,6240,0.0,0.0,0.0
2008-01-10 00:00:00-05:00,80.34223601791707,81.272705078125,75.61832835532707,81.272705078125,5080,0.0,0.0,0.0
2008-01-11 00:00:00-05:00,80.4495604777244,81.27266649240154,80.3779872287718,80.8790054321289,2800,0.0,0.0,0.0
2008-01-14 00:00:00-05:00,81.30848012269628,82.7757568359375,81.30848012269628,82.7757568359375,3820,0.0,0.0,0.0
2008-01-15 00:00:00-05:00,82.13158538138947,82.13158538138947,80.34222622275354,80.62852478027344,2180,0.0,0.0,0.0
2008-01-16 00:00:00-05:00,80.59272451826916,80.59272451826916,77.44345173265165,78.5528564453125,3040,0.0,0.0,0.0
2008-01-17 00:00:00-05:00,78.5886476480022,78.5886476480022,75.00992973071048,75.47515869140625,4320,0.0,0.0,0.0
2008-01-18 00:00:00-05:00,75.83303004179069,76.26248055791845,74.2583963516227,74.75941467285156,2760,0.0,0.0,0.0
2008-01-22 00:00:00-05:00,69.5344839233684,74.25839005393885,64.41691667329636,73.65000915527344,2520,0.0,0.0,0.0
2008-01-23 00:00:00-05:00,74.65204857578536,74.65204857578536,68.42507690429848,72.97004699707031,7040,0.0,0.0,0.0
2008-01-24 00:00:00-05:00,73.72161124850489,74.11527252197266,73.00586744997571,74.11527252197266,4520,0.0,0.0,0.0
2008-01-25 00:00:00-05:00,75.11729553013211,75.11729553013211,73.14900044947824,73.6142349243164,3420,0.0,0.0,0.0
2008-01-28 00:00:00-05:00,73.97207937598674,75.11726772505845,72.57638192878821,75.0099105834961,6060,0.0,0.0,0.0
2008-01-29 00:00:00-05:00,76.65614261878065,76.65614261878065,75.08150879779058,75.58252716064453,5520,0.0,0.0,0.0
2008-01-30 00:00:00-05:00,75.54674499593342,77.51504004787144,74.83100134068324,75.15308380126953,860,0.0,0.0,0.0
2008-01-31 00:00:00-05:00,74.50890440324808,76.22669006012121,73.65001430515655,75.94039154052734,2500,0.0,0.0,0.0
2008-02-01 00:00:00-05:00,76.54876028983699,77.3360824584961,76.29825117284963,77.3360824584961,1800,0.0,0.0,0.0
2008-02-04 00:00:00-05:00,77.15717912825298,78.40973070201883,70.5723332926119,78.2665786743164,7500,0.0,0.0,0.0
2008-02-05 00:00:00-05:00,76.94243730487227,77.26451974187235,75.40358746663676,75.43937683105469,1580,0.0,0.0,0.0
2008-02-06 00:00:00-05:00,75.51095141487045,75.76146058808975,74.294189453125,74.294189453125,2000,0.0,0.0,0.0
2008-02-07 00:00:00-05:00,74.04367065429688,74.6520570616386,72.75533549562702,74.04367065429688,820,0.0,0.0,0.0
2008-02-08 00:00:00-05:00,75.36780241287997,76.62035369873047,75.36780241287997,76.62035369873047,880,0.0,0.0,0.0
2008-02-11 00:00:00-05:00,76.58457276013947,78.80337704703338,76.36984747466647,78.69601440429688,3440,0.0,0.0,0.0
2008-02-12 00:00:00-05:00,79.7338170069647,79.98432610845519,78.44547668402947,78.6244125366211,3480,0.0,0.0,0.0
2008-02-13 00:00:00-05:00,77.80130585994839,80.19905063280625,77.80130585994839,80.12747192382812,2560,0.0,0.0,0.0
2008-02-14 00:00:00-05:00,80.95060694202955,81.16533222453972,80.1275006399949,80.23486328125,1720,0.0,0.0,0.0
2008-02-15 00:00:00-05:00,79.62647991309586,79.62647991309586,78.55286445359344,79.26860809326172,1620,0.0,0.0,0.0
2008-02-19 00:00:00-05:00,82.1315525515001,82.1315525515001,81.02214813232422,81.02214813232422,2880,0.0,0.0,0.0
2008-02-20 00:00:00-05:00,81.12954062222455,83.27677154541016,81.12954062222455,83.27677154541016,10060,0.0,0.0,0.0
2008-02-21 00:00:00-05:00,83.3483458187339,83.45570845832117,81.41584014892578,81.41584014892578,3960,0.0,0.0,0.0
2008-02-22 00:00:00-05:00,81.63055830092476,82.45365905761719,80.84323598648645,82.45365905761719,6220,0.0,0.0,0.0
2008-02-25 00:00:00-05:00,82.45364623302463,85.56713472150022,82.45364623302463,85.38819885253906,3520,0.0,0.0,0.0
2008-02-26 00:00:00-05:00,85.2808218557671,86.67651921399342,84.85137693482734,86.42601013183594,6360,0.0,0.0,0.0
2008-02-27 00:00:00-05:00,85.7818544958488,86.96283232324056,85.4597721159644,85.67449188232422,2100,0.0,0.0,0.0
2008-02-28 00:00:00-05:00,84.81559806521294,88.10801681358127,84.81559806521294,87.78593444824219,2660,0.0,0.0,0.0
2008-02-29 00:00:00-05:00,89.50374581438687,89.50374581438687,85.03034799201029,85.45979309082031,8400,0.0,0.0,0.0
2008-03-03 00:00:00-05:00,88.03647703647704,88.03647703647704,84.81563031563032,85.7818832397461,5400,0.0,0.0,0.0
2008-03-04 00:00:00-05:00,86.85549645359454,87.03443237766898,82.95469549304818,84.49354553222656,3340,0.0,0.0,0.0
2008-03-05 00:00:00-05:00,84.99456250221183,85.63873291015625,84.60090129160942,85.63873291015625,3720,0.0,0.0,0.0
2008-03-06 00:00:00-05:00,87.49962689014191,87.49962689014191,76.94241219378533,84.09984588623047,3780,0.0,0.0,0.0
2008-03-07 00:00:00-05:00,86.06814176667929,86.06814176667929,82.81150719123218,83.67040252685547,4480,0.0,0.0,0.0
2008-03-10 00:00:00-04:00,88.14382389121396,88.14382389121396,81.91685140365927,82.16736602783203,1920,0.0,0.0,0.0
2008-03-11 00:00:00-04:00,86.81970490368712,86.81970490368712,80.80745729182064,84.85140991210938,4780,0.0,0.0,0.0
2008-03-12 00:00:00-04:00,86.21132210828364,87.60702552891141,84.31460576803359,84.63668823242188,4340,0.0,0.0,0.0
2008-03-13 00:00:00-04:00,83.45570909465354,86.67655554268582,83.45570909465354,86.49761962890625,8600,0.0,0.0,0.0
2008-03-14 00:00:00-04:00,89.11008613054142,89.11008613054142,83.88515520126147,84.63668823242188,2820,0.0,0.0,0.0
2008-03-17 00:00:00-04:00,85.03032584849564,85.03032584849564,80.80743831175425,81.34424591064453,1960,0.0,0.0,0.0
2008-03-18 00:00:00-04:00,79.16126936830348,83.95675647912174,79.12548545192477,83.92096710205078,2900,0.0,0.0,0.0
2008-03-19 00:00:00-04:00,85.88922396573155,85.88922396573155,78.7317886352539,78.7317886352539,2060,0.0,0.0,0.0
2008-03-20 00:00:00-04:00,78.73178634983559,78.73178634983559,76.36983057506467,78.12340545654297,4000,0.0,0.0,0.0
2008-03-24 00:00:00-04:00,79.12547509544054,80.59274653153476,79.12547509544054,79.73385620117188,3760,0.0,0.0,0.0
2008-03-25 00:00:00-04:00,80.44959310467245,84.56511938645244,79.98435860676778,81.84529113769531,13960,0.0,0.0,0.0
2008-03-26 00:00:00-04:00,82.52525004996883,83.77780151367188,82.52525004996883,83.77780151367188,4640,0.0,0.0,0.0
2008-03-27 00:00:00-04:00,84.27881030941867,84.99455392138826,83.70621323556685,83.849365234375,1680,0.0,0.0,0.0
2008-03-28 00:00:00-04:00,83.92091720375726,84.63666063406649,82.99044856007966,83.4198989868164,1760,0.0,0.0,0.0
2008-03-31 00:00:00-04:00,85.4955508919522,85.4955508919522,81.9526230826964,84.0640640258789,1760,0.0,0.0,0.0
2008-04-01 00:00:00-04:00,84.09988820929276,84.99456787109375,83.16941917674322,84.99456787109375,1600,0.0,0.0,0.0
2008-04-02 00:00:00-04:00,85.24505882589219,86.71233534125103,84.81561377234743,86.56918334960938,3240,0.0,0.0,0.0
2008-04-03 00:00:00-04:00,85.20928390490536,87.67859731858096,84.77983334540465,85.45979309082031,38220,0.0,0.0,0.0
2008-04-04 00:00:00-04:00,86.64076096490957,88.50169314687027,85.88922803532446,87.75016021728516,215560,0.0,0.0,0.0
2008-04-07 00:00:00-04:00,90.75629889468956,90.93523481091673,88.00068141623873,88.6806411743164,29260,0.0,0.0,0.0
2008-04-08 00:00:00-04:00,90.11211228251169,93.04665968823339,88.68062521038502,90.54155731201172,9140,0.0,0.0,0.0
2008-04-09 00:00:00-04:00,90.82784463412511,92.187758277325,90.57733551948834,91.04256439208984,5500,0.0,0.0,0.0
2008-04-10 00:00:00-04:00,91.40043638303794,91.86567617837672,90.21946405905939,91.11414337158203,5980,0.0,0.0,0.0
2008-04-11 00:00:00-04:00,92.33092739329012,92.7603779357648,89.43216353503855,89.9689712524414,4300,0.0,0.0,0.0
2008-04-14 00:00:00-04:00,91.97305331022305,92.54565037892081,90.25526756482012,92.36671447753906,7420,0.0,0.0,0.0
2008-04-15 00:00:00-04:00,93.15401521177802,94.90759558139642,92.29512516788336,93.90554809570312,11740,0.0,0.0,0.0
2008-04-16 00:00:00-04:00,94.72867657623641,96.76853942871094,94.3708047507446,96.76853942871094,7320,0.0,0.0,0.0
2008-04-17 00:00:00-04:00,96.69695578621743,97.34112059809415,95.05074347417963,95.44440460205078,5540,0.0,0.0,0.0
2008-04-18 00:00:00-04:00,96.80432897871246,98.27160565028161,95.08654858165387,97.12641143798828,11640,0.0,0.0,0.0
2008-04-21 00:00:00-04:00,98.27154581117831,98.62941741943361,97.09056295111098,98.6294174194336,7680,0.0,0.0,0.0
2008-04-22 00:00:00-04:00,98.62946293954504,99.66728889819461,98.09265527941113,98.5578842163086,8240,0.0,0.0,0.0
2008-04-23 00:00:00-04:00,98.59365756533562,100.2756589958,96.62536313118191,97.5200424194336,8400,0.0,0.0,0.0
2008-04-24 00:00:00-04:00,97.23376658004767,97.26954502079114,93.72661659817052,94.80023193359375,7660,0.0,0.0,0.0
2008-04-25 00:00:00-04:00,93.33293841499491,96.8042984008789,93.33293841499491,96.8042984008789,6960,0.0,0.0,0.0
2008-04-28 00:00:00-04:00,97.62742644837016,98.23581290045911,96.4822431968947,97.41271209716797,9600,0.0,0.0,0.0
2008-04-29 00:00:00-04:00,97.34115107049176,97.34115107049176,93.97715759277344,93.97715759277344,7220,0.0,0.0,0.0
2008-04-30 00:00:00-04:00,94.69286320036566,95.33702795437264,93.44031212872426,94.62128448486328,9700,0.0,0.0,0.0
2008-05-01 00:00:00-04:00,94.29918925278665,94.29918925278665,90.89940823608276,93.01084899902344,10840,0.0,0.0,0.0
2008-05-02 00:00:00-04:00,94.83602155086622,95.19389333030345,93.8697633778337,94.87181091308594,6900,0.0,0.0,0.0
2008-05-05 00:00:00-04:00,95.9812280256272,97.23377941563378,94.87182318163083,97.09062194824219,6220,0.0,0.0,0.0
2008-05-06 00:00:00-04:00,98.16418411034647,101.2776716716287,98.16418411034647,101.24188232421875,15100,0.0,0.0,0.0
2008-05-07 00:00:00-04:00,102.3871223347849,102.3871223347849,100.45461683359176,101.27771759033203,56840,0.0,0.0,0.0
2008-05-08 00:00:00-04:00,101.31345817229126,102.27970499695697,100.59771492970549,102.13655853271484,12220,0.0,0.0,0.0
2008-05-09 00:00:00-04:00,102.13661552922093,103.28180972497454,100.23989924647164,101.31351470947266,19340,0.0,0.0,0.0
2008-05-12 00:00:00-04:00,102.24398394164147,102.24398394164147,100.34725673169905,101.7071762084961,8180,0.0,0.0,0.0
2008-05-13 00:00:00-04:00,102.10082751860413,104.14070129394531,101.09879077505,104.14070129394531,21900,0.0,0.0,0.0
2008-05-14 00:00:00-04:00,104.53432739791708,104.89219910354407,103.1386299302474,103.28177642822266,11080,0.0,0.0,0.0
2008-05-15 00:00:00-04:00,103.854385115653,104.85642163646007,102.17238353996366,104.06909942626953,19080,0.0,0.0,0.0
2008-05-16 00:00:00-04:00,105.10694607087197,106.71736907958984,105.10694607087197,106.71736907958984,13280,0.0,0.0,0.0
2008-05-19 00:00:00-04:00,107.03945552187128,108.3993639673708,106.717373092293,107.21839141845703,22100,0.0,0.0,0.0
2008-05-20 00:00:00-04:00,107.07525732536692,109.75929608598224,107.07525732536692,109.50878143310547,34680,0.0,0.0,0.0
2008-05-21 00:00:00-04:00,110.51079031643361,111.47704839498991,107.79097379574566,107.96990966796875,25980,0.0,0.0,0.0
2008-05-22 00:00:00-04:00,110.2244724391185,111.33387678106024,105.03533331454962,106.78890228271484,19640,0.0,0.0,0.0
2008-05-23 00:00:00-04:00,108.1488630473377,108.1488630473377,103.99754795547086,105.57218170166016,10680,0.0,0.0,0.0
2008-05-27 00:00:00-04:00,106.60997205840778,106.60997205840778,103.78278795024546,104.35538482666016,9980,0.0,0.0,0.0
2008-05-28 00:00:00-04:00,102.67340678216891,105.71531677246094,102.49447090038703,105.71531677246094,5840,0.0,0.0,0.0
2008-05-29 00:00:00-04:00,105.6795530343758,105.6795530343758,102.56607448931996,103.06709289550781,9400,0.0,0.0,0.0
2008-05-30 00:00:00-04:00,102.78076705294536,105.60795158596319,102.78076705294536,105.32164764404297,11800,0.0,0.0,0.0
2008-06-02 00:00:00-04:00,105.42902916193557,108.86460045342656,105.35745043698323,107.79098510742188,12740,0.0,0.0,0.0
2008-06-03 00:00:00-04:00,107.07522526672514,108.435133463057,105.75109550605063,106.35948181152344,28360,0.0,0.0,0.0
2008-06-04 00:00:00-04:00,106.10898041600966,106.10898041600966,103.35336340259005,103.74702453613281,19700,0.0,0.0,0.0
2008-06-05 00:00:00-04:00,103.6754452285364,108.8645853475208,103.6754452285364,108.72142791748047,15300,0.0,0.0,0.0
2008-06-06 00:00:00-04:00,109.72350671823104,112.30017737559275,109.22248833385918,109.50878143310547,57160,0.0,0.0,0.0
2008-06-09 00:00:00-04:00,110.26026683151669,112.80115794469639,110.04554163916488,111.87068939208984,28040,0.0,0.0,0.0
2008-06-10 00:00:00-04:00,112.7296198355883,112.7296198355883,107.61205733541395,109.43719482421875,13060,0.0,0.0,0.0
2008-06-11 00:00:00-04:00,110.11716111278515,111.65600553851355,109.93822520647343,111.26234436035156,11520,0.0,0.0,0.0
2008-06-12 00:00:00-04:00,111.36970359530666,111.36970359530666,108.47093995943452,109.15089416503906,10660,0.0,0.0,0.0
2008-06-13 00:00:00-04:00,109.61612311587898,110.08136298809903,108.47093995943452,109.15089416503906,6920,0.0,0.0,0.0
2008-06-16 00:00:00-04:00,111.2265200748164,112.01384218395755,110.29606239122106,110.68971252441406,9540,0.0,0.0,0.0
2008-06-17 00:00:00-04:00,111.8707140239439,114.9126239747986,111.65598878431359,114.662109375,23240,0.0,0.0,0.0
2008-06-18 00:00:00-04:00,115.48527867224165,115.6642146411039,113.40961488060881,115.52105712890625,20360,0.0,0.0,0.0
2008-06-19 00:00:00-04:00,116.20099445723149,116.45149820025088,111.62022820888296,112.51490783691406,23800,0.0,0.0,0.0
2008-06-20 00:00:00-04:00,113.05171497027006,114.37584518077232,110.72554795062918,111.08341979980469,14280,0.0,0.0,0.0
2008-06-23 00:00:00-04:00,111.61371277835309,115.23265075683594,111.54204630956417,115.23265075683594,28260,0.19,0.0,0.0
2008-06-24 00:00:00-04:00,115.73427115800118,115.73427115800118,111.97201156927359,112.1153335571289,14800,0.0,0.0,0.0
2008-06-25 00:00:00-04:00,112.47361921608751,112.54528566161035,107.24228580108625,109.89379119873047,31940,0.0,0.0,0.0
2008-06-26 00:00:00-04:00,109.21303783005496,111.11209007228439,107.63647379096729,109.46385955810547,13880,0.0,0.0,0.0
2008-06-27 00:00:00-04:00,110.35965753370716,111.82873308393474,110.2163354900981,111.07627868652344,18160,0.0,0.0,0.0
2008-06-30 00:00:00-04:00,112.29450650425879,113.76358171493288,111.86454047281147,112.86780548095703,21220,0.0,0.0,0.0
2008-07-01 00:00:00-04:00,112.90363867832498,113.333604709624,111.93619597205739,113.15444946289062,9160,0.0,0.0,0.0
2008-07-02 00:00:00-04:00,114.58768368008901,116.16425849243598,109.53551481201407,109.82215881347656,14980,0.0,0.0,0.0
2008-07-03 00:00:00-04:00,108.56803324896161,108.85467714766061,104.26830915989382,106.48983764648438,24740,0.0,0.0,0.0
2008-07-07 00:00:00-04:00,105.37906739833548,106.41816514036282,101.40182065563191,102.94255065917969,41400,0.0,0.0,0.0
2008-07-08 00:00:00-04:00,101.47351427373482,101.47351427373482,96.74381240449739,101.11520385742188,39100,0.0,0.0,0.0
2008-07-09 00:00:00-04:00,100.97188113784051,103.94586445436977,99.0370068813467,99.32366180419922,18160,0.0,0.0,0.0
2008-07-10 00:00:00-04:00,99.32366611364145,103.73088049658406,98.9653556456049,103.5158920288086,14400,0.0,0.0,0.0
2008-07-11 00:00:00-04:00,105.0566268916706,106.16738052381972,102.90676422077503,104.94912719726562,14420,0.0,0.0,0.0
2008-07-14 00:00:00-04:00,106.52571299590723,106.561546234785,104.5191828359831,105.77326965332031,7120,0.0,0.0,0.0
2008-07-15 00:00:00-04:00,106.56151007138844,106.56151007138844,101.29435378692962,101.65266418457031,28480,0.0,0.0,0.0
2008-07-16 00:00:00-04:00,102.19017265686793,102.19017265686793,97.31714701743054,99.25202178955078,11860,0.0,0.0,0.0
2008-07-17 00:00:00-04:00,99.43115635538192,99.82530006302349,91.79914764687597,93.69818878173828,39020,0.0,0.0,0.0
2008-07-18 00:00:00-04:00,93.73400935396742,96.45717077054343,93.33986569956875,94.73727416992188,18800,0.0,0.0,0.0
2008-07-21 00:00:00-04:00,96.4930164949493,98.60705726328534,94.7014639351859,98.2129135131836,7000,0.0,0.0,0.0
2008-07-22 00:00:00-04:00,97.4604286003479,97.4604286003479,92.94571538264336,93.33985900878906,21900,0.0,0.0,0.0
2008-07-23 00:00:00-04:00,93.3398913314195,93.3398913314195,88.86100978960474,89.14765930175781,25960,0.0,0.0,0.0
2008-07-24 00:00:00-04:00,88.46683706053031,90.68836595178941,86.0661584336418,88.50267028808594,35900,0.0,0.0,0.0
2008-07-25 00:00:00-04:00,87.85769992178693,91.26164837058384,87.85769992178693,89.32677459716797,29120,0.0,0.0,0.0
2008-07-28 00:00:00-04:00,89.36260061669384,91.69161793114333,89.11178446092185,89.50592803955078,14760,0.0,0.0,0.0
2008-07-29 00:00:00-04:00,91.54832957425403,91.54832957425403,86.28116650044501,86.99778747558594,19320,0.0,0.0,0.0
2008-07-30 00:00:00-04:00,86.4244671677616,91.69162894095254,85.99449578232652,91.0108413696289,18460,0.0,0.0,0.0
2008-07-31 00:00:00-04:00,92.47993779139931,92.47993779139931,88.10854552762673,88.39519500732422,175300,0.0,0.0,0.0
2008-08-01 00:00:00-04:00,87.7860436429842,90.68835992588895,87.7860436429842,88.3235092163086,25080,0.0,0.0,0.0
2008-08-04 00:00:00-04:00,89.6850782809267,89.6850782809267,82.69802672217608,82.91300964355469,27340,0.0,0.0,0.0
2008-08-05 00:00:00-04:00,81.69477857842126,83.41466974723312,81.12147969968954,81.94559478759766,13040,0.0,0.0,0.0
2008-08-06 00:00:00-04:00,81.0498189237835,85.0270669206024,81.0498189237835,84.74041748046875,27240,0.0,0.0,0.0
2008-08-07 00:00:00-04:00,84.56124812721187,86.6394493865266,83.70130541795591,83.8446273803711,7420,0.0,0.0,0.0
2008-08-08 00:00:00-04:00,83.12803592156475,83.12803592156475,81.1573281734242,81.90978240966797,27780,0.0,0.0,0.0
2008-08-11 00:00:00-04:00,81.30064415858321,82.76971928523137,79.65241926277088,81.51563262939453,22700,0.0,0.0,0.0
2008-08-12 00:00:00-04:00,81.08564640453012,83.09218140842162,81.08564640453012,81.9814224243164,12300,0.0,0.0,0.0
2008-08-13 00:00:00-04:00,82.41139636819037,86.06616154843348,81.80226974938036,85.34954071044922,7940,0.0,0.0,0.0
2008-08-14 00:00:00-04:00,86.03032736819006,86.28114354929438,83.48632139620248,84.41793060302734,29420,0.0,0.0,0.0
2008-08-15 00:00:00-04:00,83.9521304129992,83.9521304129992,81.76643471836744,82.94886016845703,7880,0.0,0.0,0.0
2008-08-18 00:00:00-04:00,82.62638540123434,83.91629963846019,81.15731048583984,81.15731048583984,3500,0.0,0.0,0.0
2008-08-19 00:00:00-04:00,80.69152801298945,84.27463321309898,80.69152801298945,83.98798370361328,2760,0.0,0.0,0.0
2008-08-20 00:00:00-04:00,85.24204440092063,87.60689529522972,84.52542358050977,87.3560791015625,10100,0.0,0.0,0.0
2008-08-21 00:00:00-04:00,88.61016710983262,89.97174778625364,88.10852924621274,89.255126953125,7380,0.0,0.0,0.0
2008-08-22 00:00:00-04:00,88.68182746030544,88.68182746030544,85.24204529913432,86.24531555175781,10640,0.0,0.0,0.0
2008-08-25 00:00:00-04:00,87.4635452556933,87.4635452556933,85.31368348423716,86.31694793701172,11740,0.0,0.0,0.0
2008-08-26 00:00:00-04:00,87.21276932068712,89.3984654525734,87.21276932068712,88.39519500732422,11360,0.0,0.0,0.0
2008-08-27 00:00:00-04:00,90.50922152676416,91.19000919232714,89.5059511769475,90.00758361816406,12940,0.0,0.0,0.0
2008-08-28 00:00:00-04:00,91.29750055553814,91.29750055553814,86.89028108143604,88.75349426269531,42460,0.0,0.0,0.0
2008-08-29 00:00:00-04:00,89.32679234443815,89.32679234443815,87.32025172585472,87.53524017333984,21700,0.0,0.0,0.0
2008-09-02 00:00:00-04:00,85.99450617301545,86.46031084159597,81.94559708055928,82.48306274414062,16820,0.0,0.0,0.0
2008-09-03 00:00:00-04:00,81.55145631999397,82.91303158451245,79.50908248844968,81.44396209716797,17020,0.0,0.0,0.0
2008-09-04 00:00:00-04:00,81.58727599316961,82.44722422312913,78.82828704023784,80.9781494140625,17500,0.0,0.0,0.0
2008-09-05 00:00:00-04:00,80.11819123265823,80.94230061011747,78.14748443591682,80.76314544677734,24520,0.0,0.0,0.0
2008-09-08 00:00:00-04:00,82.9488661650456,83.4504985898895,78.07584203491895,78.25499725341797,10940,0.0,0.0,0.0
2008-09-09 00:00:00-04:00,79.29411676604776,79.29411676604776,71.66210182789956,71.91291809082031,44980,0.0,0.0,0.0
2008-09-10 00:00:00-04:00,72.30706553495082,76.03349283358328,72.30706553495082,75.28104400634766,33000,0.0,0.0,0.0
2008-09-11 00:00:00-04:00,74.31359928200335,76.32014037072268,72.5578799299124,75.49602508544922,16300,0.0,0.0,0.0
2008-09-12 00:00:00-04:00,75.60350404984929,78.57748184291722,75.60350404984929,78.0400161743164,13500,0.0,0.0,0.0
2008-09-15 00:00:00-04:00,77.89671905981159,83.77301593935502,71.66211706234208,72.16374969482422,7820,0.0,0.0,0.0
2008-09-16 00:00:00-04:00,71.66210088705517,73.77613067626953,68.07899584270241,73.77613067626953,9120,0.0,0.0,0.0
2008-09-17 00:00:00-04:00,73.41782328188096,74.77940434988972,70.40801710408024,72.19956970214844,12300,0.0,0.0,0.0
2008-09-18 00:00:00-04:00,74.49274267066569,76.03347874676756,71.44710375152302,74.38525390625,6340,0.0,0.0,0.0
2008-09-19 00:00:00-04:00,78.82831277455871,81.65896363723678,69.90638319748292,80.36904907226562,6360,0.0,0.0,0.0
2008-09-22 00:00:00-04:00,77.35920979546432,83.02051496176249,77.35920979546432,80.18986511230469,8080,0.0,0.0,0.0
2008-09-23 00:00:00-04:00,79.65242497408974,80.8348507135676,77.75337823703552,78.14752197265625,2380,0.0,0.0,0.0
2008-09-24 00:00:00-04:00,78.68498124944703,79.4016021880854,77.14424513789776,77.28756713867188,1480,0.0,0.0,0.0
2008-09-25 00:00:00-04:00,78.04002602381904,78.97163001987562,77.18007756509273,78.5774917602539,4020,0.0,0.0,0.0
2008-09-26 00:00:00-04:00,79.32991926681837,79.32991926681837,74.24191275124542,76.32011413574219,4240,0.0,0.0,0.0
2008-09-29 00:00:00-04:00,75.42432786368794,75.42432786368794,65.6066265662462,67.64899444580078,16940,0.0,0.0,0.0
2008-09-30 00:00:00-04:00,78.39833610512417,78.39833610512417,68.43730341510347,71.55460357666016,9760,0.0,0.0,0.0
2008-10-01 00:00:00-04:00,72.52203538579313,72.52203538579313,67.79233837669945,69.0105972290039,9340,0.0,0.0,0.0
2008-10-02 00:00:00-04:00,68.07899122777086,68.07899122777086,62.238529307911605,62.48934555053711,13840,0.0,0.0,0.0
2008-10-03 00:00:00-04:00,61.916046015351704,66.75323702487319,61.02026990247735,61.80855178833008,11000,0.0,0.0,0.0
2008-10-06 00:00:00-04:00,55.323138637844316,60.19616359174916,52.38499365124771,57.36551284790039,20160,0.0,0.0,0.0
2008-10-07 00:00:00-04:00,59.4078766029966,59.87368130420784,52.492483487000335,53.02994918823242,15320,0.0,0.0,0.0
2008-10-08 00:00:00-04:00,53.92571730840774,54.42734970106763,49.08852671928147,52.671630859375,10240,0.0,0.0,0.0
2008-10-09 00:00:00-04:00,57.83129716182916,57.83129716182916,46.867002052712806,48.65855407714844,5620,0.0,0.0,0.0
2008-10-10 00:00:00-04:00,42.4956076830633,46.72366824446466,40.847380591883415,44.75296401977539,13040,0.0,0.0,0.0
2008-10-13 00:00:00-04:00,56.863872259190494,58.40460842145413,47.26115027187951,53.2091064453125,6120,0.0,0.0,0.0
2008-10-14 00:00:00-04:00,57.329669040870016,57.329669040870016,51.596702136783016,53.42408752441406,26660,0.0,0.0,0.0
2008-10-15 00:00:00-04:00,50.844249837573784,50.844249837573784,44.7888055184348,45.43376541137695,4560,0.0,0.0,0.0
2008-10-16 00:00:00-04:00,44.57382134963724,47.97776795378736,43.391395749331195,47.691123962402344,3860,0.0,0.0,0.0
2008-10-17 00:00:00-04:00,47.69112341340333,52.92245273933055,47.476134954955754,49.66183090209961,13300,0.0,0.0,0.0
2008-10-20 00:00:00-04:00,52.13414038687386,55.502254486083984,52.13414038687386,55.502254486083984,8700,0.0,0.0,0.0
2008-10-21 00:00:00-04:00,53.74656032421678,54.8573247578704,52.492473916651726,52.99410629272461,3500,0.0,0.0,0.0
2008-10-22 00:00:00-04:00,49.62600172682301,50.306789455255405,46.078730144133694,47.26115036010742,11320,0.0,0.0,0.0
2008-10-23 00:00:00-04:00,47.081999705090745,49.87682282868903,45.72042138191366,48.407752990722656,11220,0.0,0.0,0.0
2008-10-24 00:00:00-04:00,47.47612762451172,47.511960851181435,44.86046063172244,47.47612762451172,7240,0.0,0.0,0.0
2008-10-27 00:00:00-04:00,45.54127139766071,46.759527842203774,43.534732818603516,43.534732818603516,8920,0.0,0.0,0.0
2008-10-28 00:00:00-04:00,44.14384826596346,47.11782622375316,42.88976163643391,46.8311767578125,6040,0.0,0.0,0.0
2008-10-29 00:00:00-04:00,48.37191674017137,51.95502168388777,48.37191674017137,49.98431396484375,10980,0.0,0.0,0.0
2008-10-30 00:00:00-04:00,50.27094992692902,52.67162849976844,50.091794727950216,52.13416290283203,5900,0.0,0.0,0.0
2008-10-31 00:00:00-04:00,51.81169982173925,54.140718041836806,50.73676833554038,53.495758056640625,3400,0.0,0.0,0.0
2008-11-03 00:00:00-05:00,55.53810979348026,55.53810979348026,51.310046147983954,52.16999435424805,4180,0.0,0.0,0.0
2008-11-04 00:00:00-05:00,52.34915750187107,56.11141712409308,52.34915750187107,55.35896301269531,7240,0.0,0.0,0.0
2008-11-05 00:00:00-05:00,53.63907588948535,54.678179525631016,52.42082248697949,53.02994918823242,2540,0.0,0.0,0.0
2008-11-06 00:00:00-05:00,52.77914251538672,52.77914251538672,48.551077139638636,49.08854293823242,7240,0.0,0.0,0.0
2008-11-07 00:00:00-05:00,50.41427815796268,51.16673227404202,49.59016304687184,50.450111389160156,2620,0.0,0.0,0.0
2008-11-10 00:00:00-05:00,48.73021125878754,53.42407938316785,48.73021125878754,50.736751556396484,3140,0.0,0.0,0.0
2008-11-11 00:00:00-05:00,49.9843189239502,49.9843189239502,47.691133719411056,48.37192153930664,2120,0.0,0.0,0.0
2008-11-12 00:00:00-05:00,47.83444422034262,47.83444422034262,43.642213123721874,44.036354064941406,3480,0.0,0.0,0.0
2008-11-13 00:00:00-05:00,43.17640313137783,48.19274872340513,41.743161533655744,47.83443832397461,3840,0.0,0.0,0.0
2008-11-14 00:00:00-05:00,49.016878787442415,49.016878787442415,45.039629945495804,46.759521484375,1380,0.0,0.0,0.0
2008-11-17 00:00:00-05:00,45.6129141196086,46.329534905565104,44.50214971442292,44.53798294067383,3700,0.0,0.0,0.0
2008-11-18 00:00:00-05:00,45.863740229103655,45.863740229103655,43.176411700054615,44.860469818115234,3840,0.0,0.0,0.0
2008-11-19 00:00:00-05:00,44.000515288805545,45.577078757059795,42.28062438964844,42.28062438964844,27580,0.0,0.0,0.0
2008-11-20 00:00:00-05:00,41.85065960177744,41.85065960177744,35.8310432434082,35.8310432434082,31440,0.0,0.0,0.0
2008-11-21 00:00:00-05:00,38.625878617885014,39.37833023071289,36.511845813317116,39.37833023071289,9120,0.0,0.0,0.0
2008-11-24 00:00:00-05:00,41.20570505946135,44.179683126794934,40.84739458068343,43.355567932128906,6080,0.0,0.0,0.0
2008-11-25 00:00:00-05:00,44.788800595838296,44.788800595838296,42.67476866097644,44.000518798828125,7860,0.0,0.0,0.0
2008-11-26 00:00:00-05:00,43.49889844132714,47.15366744995117,43.49889844132714,47.15366744995117,2340,0.0,0.0,0.0
2008-11-28 00:00:00-05:00,47.01032445616109,47.01032445616109,45.43376084724227,46.79534149169922,680,0.0,0.0,0.0
2008-12-01 00:00:00-05:00,42.99724742771247,44.32299479659039,41.528175354003906,41.528175354003906,3400,0.0,0.0,0.0
2008-12-02 00:00:00-05:00,42.495625895029995,43.10475540161133,41.59984962096236,43.10475540161133,5380,0.0,0.0,0.0
2008-12-03 00:00:00-05:00,41.38486193152574,43.248075401199834,41.31320092641985,42.92559814453125,4820,0.0,0.0,0.0
2008-12-04 00:00:00-05:00,42.244814160775505,42.244814160775505,38.08841235023811,38.30339813232422,4760,0.0,0.0,0.0
2008-12-05 00:00:00-05:00,37.76591982486827,38.124230254452044,35.544393521233886,38.05256652832031,8440,0.0,0.0,0.0
2008-12-08 00:00:00-05:00,39.808277821323074,42.06563403378041,39.808277821323074,41.456504821777344,33760,0.0,0.0,0.0
2008-12-09 00:00:00-05:00,40.63239922643061,42.4956121817583,40.63239922643061,41.42068099975586,7680,0.0,0.0,0.0
2008-12-10 00:00:00-05:00,42.280630516475306,44.394662589037395,42.280630516475306,44.10801315307617,8180,0.0,0.0,0.0
2008-12-11 00:00:00-05:00,44.430503193754525,46.150394733441274,42.85393640465705,43.10475540161133,7300,0.0,0.0,0.0
2008-12-12 00:00:00-05:00,41.492344205076535,43.176401942554406,41.492344205076535,43.033077239990234,4240,0.0,0.0,0.0
2008-12-15 00:00:00-05:00,44.71714738425962,44.96796361773436,41.63567518047329,42.60311508178711,4840,0.0,0.0,0.0
2008-12-16 00:00:00-05:00,43.964683532714844,44.108008234713715,42.60310569795386,43.964683532714844,15400,0.0,0.0,0.0
2008-12-17 00:00:00-05:00,44.43048990828368,44.96795551201292,43.71386910331137,43.78553009033203,9760,0.0,0.0,0.0
2008-12-18 00:00:00-05:00,42.99724312595878,42.99724312595878,40.84738096966084,41.16986083984375,2680,0.0,0.0,0.0
2008-12-19 00:00:00-05:00,41.13403131118621,42.45977857838506,41.13403131118621,41.205692291259766,1480,0.0,0.0,0.0
2008-12-22 00:00:00-05:00,41.778992315710894,41.778992315710894,38.195888296632916,38.98417282104492,5840,0.0,0.0,0.0
2008-12-23 00:00:00-05:00,39.80561731311113,39.841803685772575,38.21339206841803,39.045692443847656,15380,0.535,0.0,0.0
2008-12-24 00:00:00-05:00,39.00950934954314,39.00950934954314,37.88771237685964,38.6838264465332,4860,0.0,0.0,0.0
2008-12-26 00:00:00-05:00,38.683834433973196,39.33519761364307,38.50289975725755,39.29901123046875,16720,0.0,0.0,0.0
2008-12-29 00:00:00-05:00,39.87800018593362,40.71030077273603,39.80562742223079,40.6379280090332,6460,0.0,0.0,0.0
2008-12-30 00:00:00-05:00,41.07216284959689,41.506404876708984,39.986555020973185,41.506404876708984,7600,0.0,0.0,0.0
2008-12-31 00:00:00-05:00,39.66087444998473,43.20719466947824,39.66087444998473,42.628204345703125,3720,0.0,0.0,0.0
2009-01-02 00:00:00-05:00,42.990073383579855,45.84883860761552,42.990073383579855,45.41459655761719,8300,0.0,0.0,0.0
2009-01-05 00:00:00-05:00,46.0297666053508,48.599040439330295,46.0297666053508,47.983863830566406,16100,0.0,0.0,0.0
2009-01-06 00:00:00-05:00,48.852360161901665,50.44458302516999,48.852360161901665,49.46753692626953,8580,0.0,0.0,0.0
2009-01-07 00:00:00-05:00,49.64844825757976,49.684637382698405,46.60874948491202,47.36867141723633,7680,0.0,0.0,0.0
2009-01-08 00:00:00-05:00,47.115387892643994,47.83912658691406,46.28309005073982,47.83912658691406,8020,0.0,0.0,0.0
2009-01-09 00:00:00-05:00,47.5496317154429,47.5496317154429,45.2698564029848,45.993595123291016,6060,0.0,0.0,0.0
2009-01-12 00:00:00-05:00,45.92119870481407,45.957385070023506,43.24336626667566,43.496673583984375,9100,0.0,0.0,0.0
2009-01-13 00:00:00-05:00,43.13481053178055,44.76322204488903,42.88150317852314,44.69084930419922,12700,0.0,0.0,0.0
2009-01-14 00:00:00-05:00,43.53286765652998,43.53286765652998,41.61495971323499,41.86826705932617,12200,0.0,0.0,0.0
2009-01-15 00:00:00-05:00,41.68734145612126,42.266334533691406,39.2628182969598,42.266334533691406,29080,0.0,0.0,0.0
2009-01-16 00:00:00-05:00,43.64143619081148,43.85855721447849,41.25309940878726,42.266334533691406,9740,0.0,0.0,0.0
2009-01-20 00:00:00-05:00,41.61496355461618,41.61496355461618,39.00950607118621,39.045692443847656,21160,0.0,0.0,0.0
2009-01-21 00:00:00-05:00,39.877987236525136,41.904457092285156,39.40755890352897,41.904457092285156,8640,0.0,0.0,0.0
2009-01-22 00:00:00-05:00,42.230150651003164,42.230150651003164,39.44375785203206,40.456993103027344,9640,0.0,0.0,0.0
2009-01-23 00:00:00-05:00,39.914183925133536,42.88151100874286,39.26281809661266,42.55582809448242,9500,0.0,0.0,0.0
2009-01-26 00:00:00-05:00,43.062450885772705,44.40136632158101,42.555833264359535,43.424320220947266,7080,0.0,0.0,0.0
2009-01-27 00:00:00-05:00,43.56906030558665,43.56906030558665,42.41107699450471,43.062442779541016,3520,0.0,0.0,0.0
2009-01-28 00:00:00-05:00,43.67762167135609,44.72704315185547,43.243379632936,44.72704315185547,5180,0.0,0.0,0.0
2009-01-29 00:00:00-05:00,43.78617002734523,44.69084296179451,43.38811448835608,43.496673583984375,4080,0.0,0.0,0.0
2009-01-30 00:00:00-05:00,43.96713031188471,44.29281331080827,42.19396977182914,42.41109085083008,3380,0.0,0.0,0.0
2009-02-02 00:00:00-05:00,41.68732230601677,42.230125996255744,41.32545317919078,42.08538055419922,3480,0.0,0.0,0.0
2009-02-03 00:00:00-05:00,42.121583276795015,42.84532181158241,41.904462268527475,42.80913543701172,4260,0.0,0.0,0.0
2009-02-04 00:00:00-05:00,43.171009408654506,44.11186905423283,43.13482026929696,43.56906509399414,3160,0.0,0.0,0.0
2009-02-05 00:00:00-05:00,43.134818453091135,45.05272680285115,42.80913829933576,44.79941940307617,5220,0.0,0.0,0.0
2009-02-06 00:00:00-05:00,44.690865978908654,46.42784001198121,42.88151917814312,45.993595123291016,7200,0.0,0.0,0.0
2009-02-09 00:00:00-05:00,46.21071691677686,47.80294543960116,46.21071691677686,46.75352096557617,8160,0.0,0.0,0.0
2009-02-10 00:00:00-05:00,47.296310330022195,47.69436871756291,44.25661080917411,44.76322555541992,4140,0.0,0.0,0.0
2009-02-11 00:00:00-05:00,45.052736988377426,45.23367167507774,42.845334362802475,43.71382141113281,5040,0.0,0.0,0.0
2009-02-12 00:00:00-05:00,42.917696158210056,44.03949037671735,42.41107861283283,43.894744873046875,3540,0.0,0.0,0.0
2009-02-13 00:00:00-05:00,44.11185865497306,45.30602542947014,44.00329678418103,44.54610061645508,5340,0.0,0.0,0.0
2009-02-17 00:00:00-05:00,42.70057041897144,42.917691411306045,40.818851470947266,40.818851470947266,9400,0.0,0.0,0.0
2009-02-18 00:00:00-05:00,41.216899414740006,41.25308577992228,38.86474978693742,39.15424346923828,12040,0.0,0.0,0.0
2009-02-19 00:00:00-05:00,39.58849644481204,39.98655206706667,39.04569257059846,39.262813568115234,2080,0.0,0.0,0.0
2009-02-20 00:00:00-05:00,38.285765123643124,38.502886106555636,36.87447459344716,37.6343994140625,7600,0.0,0.0,0.0
2009-02-23 00:00:00-05:00,37.99627692652058,38.35814623058268,35.02894973754883,35.02894973754883,11100,0.0,0.0,0.0
2009-02-24 00:00:00-05:00,35.28224465968759,36.76590772910591,34.66706816483012,36.6573486328125,7280,0.0,0.0,0.0
2009-02-25 00:00:00-05:00,36.80211677003368,37.70679026743711,35.64413579769506,36.94686508178711,4820,0.0,0.0,0.0
2009-02-26 00:00:00-05:00,37.05541499620506,38.466705746925925,36.584983825683594,36.584983825683594,3280,0.0,0.0,0.0
2009-02-27 00:00:00-05:00,35.607937238775555,36.94685245293863,34.92038506359311,36.0059928894043,7560,0.0,0.0,0.0
2009-03-02 00:00:00-05:00,34.9203784596244,34.9203784596244,31.59118286107511,31.808303833007812,23780,0.0,0.0,0.0
2009-03-03 00:00:00-05:00,32.133991702347934,32.6767955975846,31.012194776850787,31.735933303833008,12020,0.0,0.0,0.0
2009-03-04 00:00:00-05:00,33.00247674696613,33.726215296336825,32.82154210962346,33.25578689575195,3400,0.0,0.0,0.0
2009-03-05 00:00:00-05:00,32.67678789376153,33.291964392326115,31.410245770140428,31.699739456176758,13860,0.0,0.0,0.0
2009-03-06 00:00:00-05:00,32.35112803917413,32.857745800311825,29.998976711819164,31.120771408081055,15380,0.0,0.0,0.0
2009-03-09 00:00:00-04:00,30.46939849853516,31.91687591434859,30.360839348855592,30.469398498535156,10940,0.0,0.0,0.0
2009-03-10 00:00:00-04:00,31.193128961198127,32.423484991589774,31.193128961198127,32.13399124145508,8420,0.0,0.0,0.0
2009-03-11 00:00:00-04:00,32.64060196354798,32.893912069582825,31.916863536322143,32.42348098754883,3740,0.0,0.0,0.0
2009-03-12 00:00:00-04:00,32.56823894292548,34.305212790885705,32.02543496054339,34.08808898925781,7780,0.0,0.0,0.0
2009-03-13 00:00:00-04:00,34.08807369506293,34.486131978889226,33.54526995621898,33.83476638793945,13320,0.0,0.0,0.0
2009-03-16 00:00:00-04:00,35.282256366541404,35.571752907732524,33.65384453423949,34.48614501953125,24220,0.0,0.0,0.0
2009-03-17 00:00:00-04:00,34.522337104994584,36.33168388449279,34.19665413251609,36.15074920654297,22020,0.0,0.0,0.0
2009-03-18 00:00:00-04:00,36.259297571650805,37.127784319651504,34.920382457413695,36.72972869873047,4940,0.0,0.0,0.0
2009-03-19 00:00:00-04:00,36.80210398592172,39.588499046508375,36.80210398592172,38.57526397705078,11900,0.0,0.0,0.0
2009-03-20 00:00:00-04:00,38.97330933107971,39.0818711887188,36.80209426503978,36.87446975708008,6280,0.0,0.0,0.0
2009-03-23 00:00:00-04:00,42.26634302495573,42.26634302495573,36.621178710444426,40.384620666503906,15260,0.0,0.0,0.0
2009-03-24 00:00:00-04:00,39.04569652150474,40.05892886605645,38.864761878458694,39.22663116455078,19600,0.0,0.0,0.0
2009-03-25 00:00:00-04:00,39.4437413057855,40.34841427151452,38.32194738045006,39.5884895324707,8020,0.0,0.0,0.0
2009-03-26 00:00:00-04:00,40.71028395756465,40.71028395756465,39.552303651553274,40.23985290527344,10900,0.0,0.0,0.0
2009-03-27 00:00:00-04:00,39.805623470734446,39.805623470734446,38.14102522321792,38.21339797973633,8500,0.0,0.0,0.0
2009-03-30 00:00:00-04:00,38.35815113110755,38.35815113110755,35.57175823818546,36.04218673706055,17000,0.0,0.0,0.0
2009-03-31 00:00:00-04:00,37.88771201647296,37.88771201647296,35.96980651404595,36.0059928894043,9540,0.0,0.0,0.0
2009-04-01 00:00:00-04:00,35.93362103432871,37.01922888719854,34.84801318145888,36.76591873168945,7340,0.0,0.0,0.0
2009-04-02 00:00:00-04:00,38.53906726837158,39.69704752796679,38.35813268025716,39.081871032714844,16920,0.0,0.0,0.0
2009-04-03 00:00:00-04:00,39.154242846400784,40.963588685159465,38.97330826252492,40.71028137207031,14600,0.0,0.0,0.0
2009-04-06 00:00:00-04:00,40.1674915529969,40.1674915529969,39.045697296027875,39.76943588256836,10060,0.0,0.0,0.0
2009-04-07 00:00:00-04:00,38.90095831780973,38.90095831780973,37.48966718480872,38.14103317260742,6600,0.0,0.0,0.0
2009-04-08 00:00:00-04:00,38.24957053546805,39.660860864318146,37.38108672772279,39.15424346923828,4580,0.0,0.0,0.0
2009-04-09 00:00:00-04:00,40.529358672544106,41.325469970703125,40.529358672544106,41.325469970703125,16160,0.0,0.0,0.0
2009-04-13 00:00:00-04:00,41.68732909618439,42.88149851355728,39.84179680093403,41.75970458984375,11620,0.0,0.0,0.0
2009-04-14 00:00:00-04:00,41.10834559945752,42.62819808199189,41.03597285493632,41.47021484375,8500,0.0,0.0,0.0
2009-04-15 00:00:00-04:00,41.2169075012207,41.54259037344332,40.4569826399301,41.2169075012207,8560,0.0,0.0,0.0
2009-04-16 00:00:00-04:00,42.33870728796587,42.73676295816264,41.180726654512796,42.266334533691406,13320,0.0,0.0,0.0
2009-04-17 00:00:00-04:00,42.26632194701944,44.32897519887487,42.26632194701944,43.9309196472168,15980,0.0,0.0,0.0
2009-04-20 00:00:00-04:00,42.77295423336552,42.91770251933364,40.095123366752986,40.3122444152832,16000,0.0,0.0,0.0
2009-04-21 00:00:00-04:00,39.80562083630301,41.57878086208884,39.22663053994367,41.39784622192383,9880,0.0,0.0,0.0
2009-04-22 00:00:00-04:00,40.674113900987216,41.86828105276467,40.674113900987216,40.74648666381836,8280,0.0,0.0,0.0
2009-04-23 00:00:00-04:00,41.07215950711061,42.049205369021756,40.89122488373127,41.65114974975586,9000,0.0,0.0,0.0
2009-04-24 00:00:00-04:00,42.33870466556639,43.53287436303513,42.33870466556639,43.207191467285156,8000,0.0,0.0,0.0
2009-04-27 00:00:00-04:00,42.3387180781112,42.84533576967627,41.75972761382726,42.41109085083008,28080,0.0,0.0,0.0
2009-04-28 00:00:00-04:00,42.73675988702286,43.56906030558665,41.79590034484863,43.062442779541016,10460,0.0,0.0,0.0
2009-04-29 00:00:00-04:00,43.71381339314211,44.58229752133081,43.60525149669667,44.039493560791016,8480,0.0,0.0,0.0
2009-04-30 00:00:00-04:00,44.72704593614725,45.16129076244295,42.917699395357765,43.53287887573242,12060,0.0,0.0,0.0
2009-05-01 00:00:00-04:00,43.71380897433539,46.53639038815939,43.677619838615946,45.74027633666992,29780,0.0,0.0,0.0
2009-05-04 00:00:00-04:00,45.957399523782826,49.43134689331055,45.957399523782826,49.43134689331055,34540,0.0,0.0,0.0
2009-05-05 00:00:00-04:00,49.25041583871912,49.28659945710267,46.89826529797491,47.730560302734375,23520,0.0,0.0,0.0
2009-05-06 00:00:00-04:00,48.67141994682738,50.22745901229016,48.454296162181514,49.974151611328125,44820,0.0,0.0,0.0
2009-05-07 00:00:00-04:00,50.661710962452894,51.89206459143715,48.16481455940732,48.9609260559082,30100,0.0,0.0,0.0
2009-05-08 00:00:00-04:00,50.51695395388699,52.977660653066316,50.155084672044495,52.362483978271484,48780,0.0,0.0,0.0
2009-05-11 00:00:00-04:00,51.38544614657885,51.38544614657885,49.64847221475128,50.263648986816406,26460,0.0,0.0,0.0
2009-05-12 00:00:00-04:00,50.661715420809664,52.90530457082205,48.30956434770064,49.757041931152344,32620,0.0,0.0,0.0
2009-05-13 00:00:00-04:00,48.88853390195654,48.99709025076594,46.500194837799775,46.9344367980957,37160,0.0,0.0,0.0
2009-05-14 00:00:00-04:00,46.97063058057356,47.91148733411176,45.55933992857962,47.47724533081055,38280,0.0,0.0,0.0
2009-05-15 00:00:00-04:00,47.26014034794588,47.58582056136358,45.306042502375064,45.59553909301758,18720,0.0,0.0,0.0
2009-05-18 00:00:00-04:00,46.60875255358531,49.17802047729492,46.31925609863174,49.17802047729492,27940,0.0,0.0,0.0
2009-05-19 00:00:00-04:00,48.99707885254501,49.72081712523657,48.12859513398906,49.033267974853516,34080,0.0,0.0,0.0
2009-05-20 00:00:00-04:00,49.793195369853585,51.09592094768751,49.033267974853516,49.033267974853516,34020,0.0,0.0,0.0
2009-05-21 00:00:00-04:00,48.85234537121013,48.96090724303894,46.46400627772094,47.54961395263672,20980,0.0,0.0,0.0
2009-05-22 00:00:00-04:00,47.730552705929036,48.45429121865995,47.36868344956358,47.47724533081055,29660,0.0,0.0,0.0
2009-05-26 00:00:00-04:00,50.263659379364825,50.263659379364825,45.957415562859154,48.92474365234375,31340,0.0,0.0,0.0
2009-05-27 00:00:00-04:00,49.178031377855724,50.11889368458034,48.671416610657445,48.816162109375,21060,0.0,0.0,0.0
2009-05-28 00:00:00-04:00,49.431334405799234,51.168302130077294,48.671406885163286,51.05974578857422,35500,0.0,0.0,0.0
2009-05-29 00:00:00-04:00,51.81968816357729,52.579615983024944,51.602569873512174,52.47105407714844,35840,0.0,0.0,0.0
2009-06-01 00:00:00-04:00,53.66519713848207,55.11267376785887,53.37570070826968,54.823177337646484,36160,0.0,0.0,0.0
2009-06-02 00:00:00-04:00,54.823187290787686,55.14886738285058,53.84614149291286,54.42512893676758,34040,0.0,0.0,0.0
2009-06-03 00:00:00-04:00,54.06327118008322,54.06327118008322,50.15508715969152,51.204505920410156,51380,0.0,0.0,0.0
2009-06-04 00:00:00-04:00,52.21776648027941,53.08625101382281,51.56640031927686,52.941505432128906,21240,0.0,0.0,0.0
2009-06-05 00:00:00-04:00,53.809955092669604,53.88232783661343,51.9644252745131,52.68816375732422,26780,0.0,0.0,0.0
2009-06-08 00:00:00-04:00,52.39866226458672,52.54340773867548,51.13212004040941,52.21772766113281,26060,0.0,0.0,0.0
2009-06-09 00:00:00-04:00,52.832900094564756,53.08620741533859,51.78348168492225,52.79671096801758,25500,0.0,0.0,0.0
2009-06-10 00:00:00-04:00,53.6652222497722,54.56989556645181,52.434863226075294,53.41191482543945,50900,0.0,0.0,0.0
2009-06-11 00:00:00-04:00,53.70140649600382,56.306870095791304,53.448099068715536,55.14888381958008,72680,0.0,0.0,0.0
2009-06-12 00:00:00-04:00,55.2574450756672,55.2574450756672,53.23098015941967,54.3527717590332,50620,0.0,0.0,0.0
2009-06-15 00:00:00-04:00,54.75080423103396,54.75080423103396,51.96441284313327,52.97764205932617,131280,0.0,0.0,0.0
2009-06-16 00:00:00-04:00,53.59282523923765,53.70138157076974,50.914990120513,51.276859283447266,41520,0.0,0.0,0.0
2009-06-17 00:00:00-04:00,51.349254348619006,51.45781624906075,48.8523582468971,50.22746276855469,122800,0.0,0.0,0.0
2009-06-18 00:00:00-04:00,50.770240933650236,51.20448279292821,48.96089525192132,49.033267974853516,124060,0.0,0.0,0.0
2009-06-19 00:00:00-04:00,49.90178148046635,56.017376848203604,48.02006195258109,48.38193130493164,111040,0.0,0.0,0.0
2009-06-22 00:00:00-04:00,47.875311768744766,47.94768452784551,44.835608952169196,44.94416809082031,88620,0.0,0.0,0.0
2009-06-23 00:00:00-04:00,45.249206342989886,45.576047075351205,43.86921614174887,44.59552764892578,56900,0.22,0.0,0.0
2009-06-24 00:00:00-04:00,45.35816406750966,46.338683707733765,44.9223754057863,45.17658615112305,38440,0.0,0.0,0.0
2009-06-25 00:00:00-04:00,45.32186691621395,46.52028274536133,44.99502598365919,46.52028274536133,43900,0.0,0.0,0.0
2009-06-26 00:00:00-04:00,46.0481614412203,46.62920745817007,45.79395069181321,46.084476470947266,31980,0.0,0.0,0.0
2009-06-29 00:00:00-04:00,46.37501703015897,46.99238108113779,46.19343904214635,46.52028274536133,55260,0.0,0.0,0.0
2009-06-30 00:00:00-04:00,47.13762173126422,47.46445971936512,45.612365780605465,46.37499237060547,33400,0.0,0.0,0.0
2009-07-01 00:00:00-04:00,46.847098949600976,47.537092764114476,46.30236524088468,46.338680267333984,37040,0.0,0.0,0.0
2009-07-02 00:00:00-04:00,46.084473774394425,46.084473774394425,44.26869468770165,44.37763977050781,30860,0.0,0.0,0.0
2009-07-06 00:00:00-04:00,43.4334452932445,43.65133828015292,41.50872067645054,42.56187057495117,60380,0.0,0.0,0.0
2009-07-07 00:00:00-04:00,42.561852572076575,42.63448538409681,41.36344026565663,41.58133316040039,66080,0.0,0.0,0.0
2009-07-08 00:00:00-04:00,41.72659465872973,42.017117585400655,40.0197610355722,41.036598205566406,61680,0.0,0.0,0.0
2009-07-09 00:00:00-04:00,41.07292492508582,42.81607406429772,41.07292492508582,42.307655334472656,43780,0.0,0.0,0.0
2009-07-10 00:00:00-04:00,41.8718647766219,42.48922852730205,41.109235381399635,42.27133560180664,32300,0.0,0.0,0.0
2009-07-13 00:00:00-04:00,42.089761455989354,43.07028109349805,41.18187187657051,43.033966064453125,23440,0.0,0.0,0.0
2009-07-14 00:00:00-04:00,43.3971175534466,44.26869201660156,43.28816970655516,44.26869201660156,24880,0.0,0.0,0.0
2009-07-15 00:00:00-04:00,45.17658147602216,45.97552311718112,45.10394865458844,45.90289306640625,60180,0.0,0.0,0.0
2009-07-16 00:00:00-04:00,45.72132602328358,47.173946778252414,45.467115243902924,46.91973876953125,45140,0.0,0.0,0.0
2009-07-17 00:00:00-04:00,46.52027749034426,47.82763553156126,46.229751634078326,47.391849517822266,45620,0.0,0.0,0.0
2009-07-20 00:00:00-04:00,47.718669034563305,48.80813641472518,47.500778883321516,48.44498062133789,51660,0.0,0.0,0.0
2009-07-21 00:00:00-04:00,47.3918275331196,49.28023641085019,47.3918275331196,48.29971694946289,39040,0.0,0.0,0.0
2009-07-22 00:00:00-04:00,48.118144794437406,48.626560711587324,47.28288532370435,48.33604049682617,69160,0.0,0.0,0.0
2009-07-23 00:00:00-04:00,48.55393391875477,50.2970830309802,48.29972594310734,50.22445297241211,88640,0.0,0.0,0.0
2009-07-24 00:00:00-04:00,50.188147254516885,51.023406982421875,49.752361256881116,51.023406982421875,29200,0.0,0.0,0.0
2009-07-27 00:00:00-04:00,52.11286327699034,52.22181113774946,50.26076626804033,50.80550003051758,42540,0.0,0.0,0.0
2009-07-28 00:00:00-04:00,50.73285154560125,50.84179936679337,48.80812517559508,50.18811798095703,34020,0.0,0.0,0.0
2009-07-29 00:00:00-04:00,49.243929320583675,49.570767328198514,48.11814410978977,48.84445571899414,48820,0.0,0.0,0.0
2009-07-30 00:00:00-04:00,49.28024378811935,50.47865910535912,49.134983676285835,50.079185485839844,57840,0.0,0.0,0.0
2009-07-31 00:00:00-04:00,50.333388300900715,51.495485572651745,49.752336894366756,51.204959869384766,52460,0.0,0.0,0.0
2009-08-03 00:00:00-04:00,52.40338583377035,53.67443120133289,51.78602204921788,53.420223236083984,62680,0.0,0.0,0.0
2009-08-04 00:00:00-04:00,53.202336768180345,54.00127860114519,52.657602944615356,53.601810455322266,38440,0.0,0.0,0.0
2009-08-05 00:00:00-04:00,53.74704989801088,53.78336768879304,52.548634839318886,53.20231628417969,46780,0.0,0.0,0.0
2009-08-06 00:00:00-04:00,53.892318686606984,53.892318686606984,52.04022742510395,52.3670654296875,76760,0.0,0.0,0.0
2009-08-07 00:00:00-04:00,52.83915703459988,53.67441629530015,52.11284559769816,52.94810485839844,35560,0.0,0.0,0.0
2009-08-10 00:00:00-04:00,52.83916751460609,53.96495268161615,52.43969392855281,53.78337478637695,23940,0.0,0.0,0.0
2009-08-11 00:00:00-04:00,53.56549226701466,53.56549226701466,52.29444668779737,52.47602462768555,30840,0.0,0.0,0.0
2009-08-12 00:00:00-04:00,52.47603316757957,53.56550098420752,52.403403088068345,53.12971496582031,22360,0.0,0.0,0.0
2009-08-13 00:00:00-04:00,53.67444890850795,54.32813070716732,52.984449299409775,54.291812896728516,31620,0.0,0.0,0.0
2009-08-14 00:00:00-04:00,54.110217076233575,54.25547718742779,52.54864594496457,53.420223236083984,39020,0.0,0.0,0.0
2009-08-17 00:00:00-04:00,52.18549119440475,52.18549119440475,50.55128997407066,51.05971145629883,148960,0.0,0.0,0.0
2009-08-18 00:00:00-04:00,51.20497781512673,52.22181536227245,51.20497781512673,52.04023742675781,18400,0.0,0.0,0.0
2009-08-19 00:00:00-04:00,51.20497313119481,53.20233023914922,51.05971301259819,52.766544342041016,45820,0.0,0.0,0.0
2009-08-20 00:00:00-04:00,52.83919432551683,53.63813636169355,52.58498625145884,53.34761047363281,33700,0.0,0.0,0.0
2009-08-21 00:00:00-04:00,54.11023017056238,55.127067818944205,53.85602214379677,54.90917205810547,116780,0.0,0.0,0.0
2009-08-24 00:00:00-04:00,54.9454953019275,55.8170673488813,54.83654741072829,55.090755462646484,97300,0.0,0.0,0.0
2009-08-25 00:00:00-04:00,55.018105901853,55.671787476277224,53.74706055098511,53.92863845825195,98980,0.0,0.0,0.0
2009-08-26 00:00:00-04:00,53.96496222715909,54.146540154516536,52.91180692369478,53.747066497802734,71940,0.0,0.0,0.0
2009-08-27 00:00:00-04:00,53.78338634538437,53.85601641082602,52.1128671336324,53.6744384765625,111120,0.0,0.0,0.0
2009-08-28 00:00:00-04:00,55.05441193982068,55.19967201807838,53.456523372402025,54.037574768066406,85200,0.0,0.0,0.0
2009-08-31 00:00:00-04:00,53.492844818295694,53.78337053598225,51.89495614167822,52.403377532958984,69620,0.0,0.0,0.0
2009-09-01 00:00:00-04:00,51.858653166865196,53.05706850337382,51.02339365709747,51.05971145629883,87560,0.0,0.0,0.0
2009-09-02 00:00:00-04:00,50.878130025326726,51.459175983149045,50.623916531129325,50.73286437988281,265620,0.0,0.0,0.0
2009-09-03 00:00:00-04:00,50.9507581919488,51.35022623417219,50.442336763685994,50.76918029785156,108480,0.0,0.0,0.0
2009-09-04 00:00:00-04:00,50.9507701977464,51.96760775255723,50.69656219437341,51.78602981567383,125500,0.0,0.0,0.0
2009-09-08 00:00:00-04:00,53.0570667198983,54.03758631087565,52.984431123937185,53.92863845825195,134180,0.0,0.0,0.0
2009-09-09 00:00:00-04:00,54.473366340923384,56.2528274248666,53.63810694876575,55.63546371459961,188300,0.0,0.0,0.0
2009-09-10 00:00:00-04:00,56.034957080139,57.88704886524088,55.41759315177171,57.81441879272461,297240,0.0,0.0,0.0
2009-09-11 00:00:00-04:00,59.01282360245644,60.02966105587013,58.1049340085725,58.68598556518555,574760,0.0,0.0,0.0
2009-09-14 00:00:00-04:00,58.504378789355265,59.23069010621223,57.414911814069804,59.012794494628906,262280,0.0,0.0,0.0
2009-09-15 00:00:00-04:00,59.4849303608132,61.11913171390522,59.4849303608132,60.683345794677734,318720,0.0,0.0,0.0
2009-09-16 00:00:00-04:00,61.99071164736262,63.00754928588867,61.19176976756335,63.00754928588867,322860,0.0,0.0,0.0
2009-09-17 00:00:00-04:00,62.89857575777227,63.84278293880079,61.554900570398665,62.13595199584961,220860,0.0,0.0,0.0
2009-09-18 00:00:00-04:00,62.7169771581024,62.898554975897326,60.755938942443365,61.48225021362305,206640,0.0,0.0,0.0
2009-09-21 00:00:00-04:00,60.392843237267385,60.53810341912515,58.940219253406816,60.35652542114258,176780,0.0,0.0,0.0
2009-09-22 00:00:00-04:00,61.19176584730047,62.027025480482905,61.19176584730047,61.8454475402832,165080,0.0,0.0,0.0
2009-09-23 00:00:00-04:00,62.571748948834966,62.78963911623416,60.21123611677627,60.79228210449219,236020,0.0,0.0,0.0
2009-09-24 00:00:00-04:00,60.828605841938945,61.01018376982533,58.35914491442039,59.30335235595703,181440,0.0,0.0,0.0
2009-09-25 00:00:00-04:00,59.23072495782836,59.77545876599483,58.03230947159835,58.75862121582031,191400,0.0,0.0,0.0
2009-09-28 00:00:00-04:00,58.831253536349294,59.84809112548828,58.322837512439335,59.84809112548828,87480,0.0,0.0,0.0
2009-09-29 00:00:00-04:00,59.666518063549226,60.50177777800398,59.23073207293095,60.39282989501953,92200,0.0,0.0,0.0
2009-09-30 00:00:00-04:00,60.64704162223819,61.046515370409615,59.12178779149976,60.50178146362305,117580,0.0,0.0,0.0
2009-10-01 00:00:00-04:00,60.50177593799193,60.50177593799193,57.596528700466635,57.70547103881836,153660,0.0,0.0,0.0
2009-10-02 00:00:00-04:00,56.833869445863726,57.705440946078824,55.78072008799411,57.414920806884766,206080,0.0,0.0,0.0
2009-10-05 00:00:00-04:00,57.70544267451321,59.52122130544587,57.2696569113527,59.48490905761719,90060,0.0,0.0,0.0
2009-10-06 00:00:00-04:00,59.956981009344275,61.66381091456577,59.956981009344275,61.191707611083984,226260,0.0,0.0,0.0
2009-10-07 00:00:00-04:00,61.04646697543047,61.30067482214199,60.13857785052112,60.71962356567383,153700,0.0,0.0,0.0
2009-10-08 00:00:00-04:00,61.33701486604153,63.40700744220213,61.1917547567367,63.22542953491211,207440,0.0,0.0,0.0
2009-10-09 00:00:00-04:00,62.9712230956845,63.84280047323983,62.789645168025295,63.51595687866211,168320,0.0,0.0,0.0
2009-10-12 00:00:00-04:00,64.3512053356271,65.58593835516503,64.16962743934073,64.85962677001953,170520,0.0,0.0,0.0
2009-10-13 00:00:00-04:00,65.04119469471728,65.2590848120652,63.44330612758193,65.18645477294922,162500,0.0,0.0,0.0
2009-10-14 00:00:00-04:00,66.20330632442307,66.42119648909852,65.40436463797711,66.13067626953125,319800,0.0,0.0,0.0
2009-10-15 00:00:00-04:00,65.54960255073219,67.6559066772461,65.47697252043504,67.6559066772461,181320,0.0,0.0,0.0
2009-10-16 00:00:00-04:00,67.54698191089837,67.65592976417955,66.71172242416667,67.43803405761719,233800,0.0,0.0,0.0
2009-10-19 00:00:00-04:00,67.43802972216056,68.09171125850575,66.67540588085589,67.9101333618164,118760,0.0,0.0,0.0
2009-10-20 00:00:00-04:00,67.94645552582335,68.27329354434889,66.27593655235995,67.43803405761719,176080,0.0,0.0,0.0
2009-10-21 00:00:00-04:00,67.0022704528787,68.6364721712416,66.53016662597656,66.53016662597656,233800,0.0,0.0,0.0
2009-10-22 00:00:00-04:00,66.49383208530831,66.49383208530831,64.8233131162066,66.13067626953125,140100,0.0,0.0,0.0
2009-10-23 00:00:00-04:00,66.38488282109334,66.71172083181754,63.661214260665425,64.09700012207031,156660,0.0,0.0,0.0
2009-10-26 00:00:00-04:00,64.09701964991929,65.91279924340142,62.35387013191253,62.5717658996582,162640,0.0,0.0,0.0
2009-10-27 00:00:00-04:00,62.825951981588545,64.20594509869622,62.31753608959407,63.26173782348633,176420,0.0,0.0,0.0
2009-10-28 00:00:00-04:00,62.8622565159887,62.898568762717865,59.339641645588436,59.41227722167969,212600,0.0,0.0,0.0
2009-10-29 00:00:00-04:00,60.17492049636131,62.244907638830085,59.920712521201686,62.099647521972656,139700,0.0,0.0,0.0
2009-10-30 00:00:00-04:00,62.063330871530134,62.063330871530134,58.03230437023901,58.25019454956055,300420,0.0,0.0,0.0
2009-11-02 00:00:00-05:00,58.68598766785471,60.06597546694744,57.34230658770886,58.4317741394043,129880,0.0,0.0,0.0
2009-11-03 00:00:00-05:00,57.814395568464796,60.10227795225201,56.83387613007516,59.92070007324219,125620,0.0,0.0,0.0
2009-11-04 00:00:00-05:00,61.19174522631096,61.4822709409901,59.73912219423236,59.92070007324219,190580,0.0,0.0,0.0
2009-11-05 00:00:00-05:00,60.320187333416364,61.22807693481445,59.339662130851735,61.22807693481445,145140,0.0,0.0,0.0
2009-11-06 00:00:00-05:00,60.901224256763165,61.62753582939318,60.065964839975145,60.82859420776367,93700,0.0,0.0,0.0
2009-11-09 00:00:00-05:00,61.6275297033465,62.89857482910156,61.6275297033465,62.89857482910156,96420,0.0,0.0,0.0
2009-11-10 00:00:00-05:00,62.862297030375196,63.18913516816528,61.845459264232666,62.7896614074707,107900,0.0,0.0,0.0
2009-11-11 00:00:00-05:00,63.443320455480524,63.73384621887289,62.09964503377359,62.535430908203125,116500,0.0,0.0,0.0
2009-11-12 00:00:00-05:00,62.28125102118097,62.644407003811764,60.211263028449565,60.53810119628906,106080,0.0,0.0,0.0
2009-11-13 00:00:00-05:00,60.75597991421819,60.97387011772072,59.9207202808277,60.4654541015625,102840,0.0,0.0,0.0
2009-11-16 00:00:00-05:00,61.48229529101151,62.39018504562976,61.22808726798226,61.88176345825195,123200,0.0,0.0,0.0
2009-11-17 00:00:00-05:00,61.80913819200072,61.881768269753536,60.86493609857465,61.264404296875,86980,0.0,0.0,0.0
2009-11-18 00:00:00-05:00,61.337025998210585,61.88175981894538,60.10229822107264,60.4654541015625,83980,0.0,0.0,0.0
2009-11-19 00:00:00-05:00,59.99334325558744,59.99334325558744,58.213881868102234,58.68598556518555,110140,0.0,0.0,0.0
2009-11-20 00:00:00-05:00,58.57703070363859,58.57703070363859,57.52387557583133,58.10492706298828,108360,0.0,0.0,0.0
2009-11-23 00:00:00-05:00,59.52123759740433,60.029659078018916,58.50440571881145,58.64966583251953,177180,0.0,0.0,0.0
2009-11-24 00:00:00-05:00,59.049148518253624,59.15809084959276,57.560207188336875,58.97651290893555,120960,0.0,0.0,0.0
2009-11-25 00:00:00-05:00,59.30333721327664,60.973850398486704,58.577025687189526,60.937538146972656,164800,0.0,0.0,0.0
2009-11-27 00:00:00-05:00,58.57702210007711,59.4849114520891,57.85071061846752,59.04912567138672,107780,0.0,0.0,0.0
2009-11-30 00:00:00-05:00,58.86757057759641,59.7028246715644,58.43177908696391,58.97651290893555,136160,0.0,0.0,0.0
2009-12-01 00:00:00-05:00,59.92072609629993,60.53809004478578,59.33967441459588,60.39282989501953,104860,0.0,0.0,0.0
2009-12-02 00:00:00-05:00,60.247559275326374,60.683350771613846,59.52124750327268,59.84809112548828,134820,0.0,0.0,0.0
2009-12-03 00:00:00-05:00,59.73912188561118,60.10227764175471,58.322816653178236,58.50439453125,102060,0.0,0.0,0.0
2009-12-04 00:00:00-05:00,59.77545730968254,60.21124323733487,57.560204327248336,58.35914611816406,106240,0.0,0.0,0.0
2009-12-07 00:00:00-05:00,58.1412558122943,59.30335346422077,57.74178214695143,58.46809387207031,72480,0.0,0.0,0.0
2009-12-08 00:00:00-05:00,57.9233559404505,58.10493385875912,57.01546634890738,57.305992126464844,81820,0.0,0.0,0.0
2009-12-09 00:00:00-05:00,57.305974924296905,57.95965634224883,56.2891377787402,57.269657135009766,196000,0.0,0.0,0.0
2009-12-10 00:00:00-05:00,57.45121690661207,58.72226155295886,57.342269114376506,58.54068374633789,74560,0.0,0.0,0.0
2009-12-11 00:00:00-05:00,58.940191601253844,58.940191601253844,58.177562150991044,58.64966583251953,49100,0.0,0.0,0.0
2009-12-14 00:00:00-05:00,61.191764095810484,61.88175803229209,60.828608225805674,61.7728157043457,218220,0.0,0.0,0.0
2009-12-15 00:00:00-05:00,62.02704763102994,62.49915155240651,61.37336570461013,62.31757354736328,139660,0.0,0.0,0.0
2009-12-16 00:00:00-05:00,62.82595592234688,63.55226755150696,62.46280010776684,63.22542953491211,136000,0.0,0.0,0.0
2009-12-17 00:00:00-05:00,63.15279393894173,63.58858534949215,62.42648230978165,63.22542953491211,216700,0.0,0.0,0.0
2009-12-18 00:00:00-05:00,63.6611991760953,64.42382286752013,63.51593356250255,63.988037109375,89200,0.0,0.0,0.0
2009-12-21 00:00:00-05:00,65.0412368774414,65.18649704988235,64.53281519125734,65.0412368774414,110420,0.0,0.0,0.0
2009-12-22 00:00:00-05:00,65.3903164858996,65.53578771526333,64.73568485501944,65.42668151855469,165320,0.13,0.0,0.0
2009-12-23 00:00:00-05:00,65.89949395380252,66.40865453005551,65.53581020621047,66.37228393554688,104480,0.0,0.0,0.0
2009-12-24 00:00:00-05:00,66.66326567899154,67.13605589928608,66.26321113504007,66.44505310058594,68920,0.0,0.0,0.0
2009-12-28 00:00:00-05:00,66.69959836637543,67.28149459341934,65.89949521622032,66.3359146118164,79340,0.0,0.0,0.0
2009-12-29 00:00:00-05:00,66.69961786683928,66.77235907851684,65.42672435373643,65.60856628417969,74180,0.0,0.0,0.0
2009-12-30 00:00:00-05:00,65.0993897338939,65.31760219856139,64.51749352769629,64.95391845703125,64300,0.0,0.0,0.0
2009-12-31 00:00:00-05:00,65.28124111385868,65.3903473620854,63.681034637781224,63.97197723388672,73040,0.0,0.0,0.0
2010-01-04 00:00:00-05:00,65.13575361080495,67.53606272775278,65.13575361080495,67.31785583496094,103860,0.0,0.0,0.0
2010-01-05 00:00:00-05:00,68.0452104247938,68.44525909423828,67.24510198716108,68.44525909423828,235620,0.0,0.0,0.0
2010-01-06 00:00:00-05:00,68.69988757609939,69.46362599792117,68.37257428067633,69.02720642089844,130600,0.0,0.0,0.0
2010-01-07 00:00:00-05:00,68.6635003799054,68.88170732338479,67.57244901438585,68.336181640625,139400,0.0,0.0,0.0
2010-01-08 00:00:00-05:00,68.11799039397405,68.99082946777344,67.24514577079917,68.99082946777344,126220,0.0,0.0,0.0
2010-01-11 00:00:00-05:00,69.46360462398013,69.90002406671667,67.42697315871057,67.53607940673828,180120,0.0,0.0,0.0
2010-01-12 00:00:00-05:00,67.20879157562915,67.20879157562915,65.93589781680805,66.44505310058594,127980,0.0,0.0,0.0
2010-01-13 00:00:00-05:00,66.62685942594489,67.46333312988281,65.09938884231279,67.46333312988281,116940,0.0,0.0,0.0
2010-01-14 00:00:00-05:00,67.46334726670209,68.37255679859834,67.24513475929714,68.00887298583984,91620,0.0,0.0,0.0
2010-01-15 00:00:00-05:00,67.97248012986894,67.97248012986894,66.59048653336636,66.95417022705078,90740,0.0,0.0,0.0
2010-01-19 00:00:00-05:00,66.77235127973664,67.20877075195312,66.22682555212238,67.20877075195312,73540,0.0,0.0,0.0
2010-01-20 00:00:00-05:00,66.190475458697,66.51778877692901,65.57221388571631,66.44505310058594,65500,0.0,0.0,0.0
2010-01-21 00:00:00-05:00,66.5541351319774,67.06329023017722,64.88118743896484,64.88118743896484,148480,0.0,0.0,0.0
2010-01-22 00:00:00-05:00,64.73570650473408,65.60854527156535,63.28097152709961,63.28097152709961,193540,0.0,0.0,0.0
2010-01-25 00:00:00-05:00,63.86287007350022,65.20849886714983,63.86287007350022,64.77207946777344,132000,0.0,0.0,0.0
2010-01-26 00:00:00-05:00,64.15381913113981,64.73571542209942,63.28098024407471,63.97197723388672,101480,0.0,0.0,0.0
2010-01-27 00:00:00-05:00,63.68103518743469,64.62660973168775,62.080823148170936,63.1355094909668,132080,0.0,0.0,0.0
2010-01-28 00:00:00-05:00,63.39007236196097,63.97196297383648,61.75349565149402,62.69906997680664,173320,0.0,0.0,0.0
2010-01-29 00:00:00-05:00,62.844573781737964,63.8628897265738,60.589734899914276,61.2079963684082,140080,0.0,0.0,0.0
2010-02-01 00:00:00-05:00,61.31708997349108,63.971977233886726,61.31708997349108,63.97197723388672,153500,0.0,0.0,0.0
2010-02-02 00:00:00-05:00,63.9719664629654,65.35396575927734,63.353705226276034,65.35396575927734,105980,0.0,0.0,0.0
2010-02-03 00:00:00-05:00,65.02665477474524,65.3903385200745,64.2265516448956,64.51749420166016,61680,0.0,0.0,0.0
2010-02-04 00:00:00-05:00,63.7901082260787,63.89921442793569,60.917009690285646,61.06248092651367,110920,0.0,0.0,0.0
2010-02-05 00:00:00-05:00,61.17162011716974,61.17162011716974,58.58946821069472,60.58972930908203,427700,0.0,0.0,0.0
2010-02-08 00:00:00-05:00,60.51697413160189,61.71713162344453,60.11692533390345,60.5533447265625,87680,0.0,0.0,0.0
2010-02-09 00:00:00-05:00,61.24436318516417,62.37178543315215,60.880679305087476,61.82625961303711,74420,0.0,0.0,0.0
2010-02-10 00:00:00-05:00,61.971699548029704,61.971699548029704,60.00780981034921,61.17159652709961,47380,0.0,0.0,0.0
2010-02-11 00:00:00-05:00,61.171613654057786,63.1355094909668,61.06250740488934,63.1355094909668,85060,0.0,0.0,0.0
2010-02-12 00:00:00-05:00,61.82626100684563,63.42646789550781,61.60804845413,63.42646789550781,58780,0.0,0.0,0.0
2010-02-16 00:00:00-05:00,63.97198891019031,65.68130749585725,63.89925324788807,65.60856628417969,215120,0.0,0.0,0.0
2010-02-17 00:00:00-05:00,65.86312215035937,66.1904352698567,64.99027791607811,65.57217407226562,65380,0.0,0.0,0.0
2010-02-18 00:00:00-05:00,65.5721776920371,66.04496765136719,65.20849396168678,66.04496765136719,186980,0.0,0.0,0.0
2010-02-19 00:00:00-05:00,65.57216763589975,66.73595428466797,65.4630614236525,66.73595428466797,75320,0.0,0.0,0.0
2010-02-22 00:00:00-05:00,66.59048550407272,66.84506297584224,64.59022521972656,64.59022521972656,155800,0.0,0.0,0.0
2010-02-23 00:00:00-05:00,64.59022286237614,64.59022286237614,62.84454011351172,62.88090515136719,201280,0.0,0.0,0.0
2010-02-24 00:00:00-05:00,63.24461415685447,63.82651048932757,62.844565283982085,63.64466857910156,90500,0.0,0.0,0.0
2010-02-25 00:00:00-05:00,62.40810856469184,64.84478759765625,62.008054381193645,64.84478759765625,515840,0.0,0.0,0.0
2010-02-26 00:00:00-05:00,64.66297461158248,64.99028778076172,64.04471332014734,64.99028778076172,106420,0.0,0.0,0.0
2010-03-01 00:00:00-05:00,65.31760157502785,66.37228219564767,65.02665347470648,66.26317596435547,165220,0.0,0.0,0.0
2010-03-02 00:00:00-05:00,66.2995606981883,67.35424154374897,66.2995606981883,66.8087158203125,90780,0.0,0.0,0.0
2010-03-03 00:00:00-05:00,66.9541931889414,67.46334831496485,66.77235127973664,67.20877075195312,345720,0.0,0.0,0.0
2010-03-04 00:00:00-05:00,67.24513759407932,67.4269795081243,65.57219531449051,65.71766662597656,132220,0.0,0.0,0.0
2010-03-05 00:00:00-05:00,66.37229058385647,67.24512944575753,66.37229058385647,67.17239379882812,103760,0.0,0.0,0.0
2010-03-08 00:00:00-05:00,67.28152424644111,67.4269955926289,66.48142074365596,66.62689208984375,89520,0.0,0.0,0.0
2010-03-09 00:00:00-05:00,66.15408891687764,67.53608863213574,66.11772386215048,67.13603973388672,77300,0.0,0.0,0.0
2010-03-10 00:00:00-05:00,67.3906116140253,68.04524358686552,67.0269278012668,68.00887298583984,101200,0.0,0.0,0.0
2010-03-11 00:00:00-05:00,68.08160856047873,68.15434421307214,67.46334718937287,67.7542953491211,79620,0.0,0.0,0.0
2010-03-12 00:00:00-05:00,67.97248887243364,68.29980756847274,67.60880513197253,68.11796569824219,150400,0.0,0.0,0.0
2010-03-15 00:00:00-04:00,68.19071412625958,68.19071412625958,66.19045317855597,66.84508514404297,151140,0.0,0.0,0.0
2010-03-16 00:00:00-04:00,67.49971426578013,67.5360793154907,66.80871172878778,67.28150177001953,100740,0.0,0.0,0.0
2010-03-17 00:00:00-04:00,67.57245457036264,67.9725034409883,67.02692884274838,67.20877075195312,397760,0.0,0.0,0.0
2010-03-18 00:00:00-04:00,67.7906511703401,68.4816536493269,65.93586730957031,65.93586730957031,177200,0.0,0.0,0.0
2010-03-19 00:00:00-04:00,63.71739959716797,66.26318615509776,63.71739959716797,63.71739959716797,464480,0.0,0.0,0.0
2010-03-22 00:00:00-04:00,62.6263162548995,63.53552527587473,62.299003227097,63.35368347167969,174400,0.0,0.0,0.0
2010-03-23 00:00:00-04:00,63.53555949865117,64.11745580525637,63.28098194552682,64.08108520507812,244120,0.0,0.0,0.0
2010-03-24 00:00:00-04:00,63.68100204885365,64.11742126904747,63.244577279288364,63.35368347167969,156760,0.0,0.0,0.0
2010-03-25 00:00:00-04:00,63.68103334216962,64.04471712927653,61.28071812751434,61.42618942260742,228560,0.0,0.0,0.0
2010-03-26 00:00:00-04:00,61.535301890880525,61.75351440495935,60.29877910943321,60.95341110229492,258660,0.0,0.0,0.0
2010-03-29 00:00:00-04:00,61.46254367128604,62.662700959357295,61.280701826104725,62.444488525390625,198080,0.0,0.0,0.0
2010-03-30 00:00:00-04:00,62.66270493508677,62.73544056789957,62.00807314102538,62.69906997680664,88700,0.0,0.0,0.0
2010-03-31 00:00:00-04:00,62.589974507834285,63.49918386704528,62.51723331959858,63.02639389038086,85760,0.0,0.0,0.0
2010-04-01 00:00:00-04:00,63.39006918126678,64.84480396202163,63.39006918126678,64.5538558959961,163680,0.0,0.0,0.0
2010-04-05 00:00:00-04:00,65.53579358273646,66.73595075523917,64.91753247852965,66.51773834228516,182560,0.0,0.0,0.0
2010-04-06 00:00:00-04:00,66.26314800156729,67.24509257007338,66.22678297273143,66.77230834960938,165480,0.0,0.0,0.0
2010-04-07 00:00:00-04:00,66.62686272533836,66.91781083886032,65.75402393414618,66.3359146118164,292040,0.0,0.0,0.0
2010-04-08 00:00:00-04:00,65.89949395380252,66.59049640385153,64.91754894517872,66.37228393554688,88640,0.0,0.0,0.0
2010-04-09 00:00:00-04:00,66.84509154919422,67.6088242909651,66.84509154919422,67.13603973388672,125000,0.0,0.0,0.0
2010-04-12 00:00:00-04:00,67.17240478861387,68.04524934269139,66.99056286685294,67.13603973388672,97660,0.0,0.0,0.0
2010-04-13 00:00:00-04:00,66.95418213396395,67.39060153412211,66.0086021424765,66.99054718017578,75560,0.0,0.0,0.0
2010-04-14 00:00:00-04:00,67.39060810895087,67.57245000587228,66.69960557102492,67.53607940673828,126800,0.0,0.0,0.0
2010-04-15 00:00:00-04:00,67.97248925216628,69.20901730626612,67.97248925216628,68.88169860839844,284160,0.0,0.0,0.0
2010-04-16 00:00:00-04:00,68.51801374612621,68.66349057036996,66.95417811846325,67.46333312988281,262620,0.0,0.0,0.0
2010-04-19 00:00:00-04:00,66.95419131555784,67.13603321967463,65.9358755426288,66.59050750732422,172960,0.0,0.0,0.0
2010-04-20 00:00:00-04:00,66.99055720024111,68.11797923954231,66.99055720024111,68.00887298583984,184820,0.0,0.0,0.0
2010-04-21 00:00:00-04:00,68.11797916146273,68.19071481405614,67.24513468221807,67.7542953491211,99780,0.0,0.0,0.0
2010-04-22 00:00:00-04:00,67.06326936500206,68.55437469482422,66.69958567961838,68.55437469482422,136600,0.0,0.0,0.0
2010-04-23 00:00:00-04:00,68.51801639376778,70.44554138183594,68.08159700291947,70.44554138183594,278120,0.0,0.0,0.0
2010-04-26 00:00:00-04:00,70.37283023749995,70.59104278356801,69.86367502917524,70.04551696777344,87920,0.0,0.0,0.0
2010-04-27 00:00:00-04:00,69.46362203461332,70.00914786211028,67.31788933287554,67.390625,441200,0.0,0.0,0.0
2010-04-28 00:00:00-04:00,67.79064352943563,68.22706843513065,66.95417540872428,67.89974975585938,124600,0.0,0.0,0.0
2010-04-29 00:00:00-04:00,68.62712421091881,68.73623044848958,66.62686353649187,67.24512481689453,172360,0.0,0.0,0.0
2010-04-30 00:00:00-04:00,67.49971702790825,67.49971702790825,65.82676929028382,66.59050750732422,127600,0.0,0.0,0.0
2010-05-03 00:00:00-04:00,66.7723593624087,68.44530179997427,66.40867549997591,67.86341094970703,116600,0.0,0.0,0.0
2010-05-04 00:00:00-04:00,67.09965435489194,67.24512564051886,65.6085487050337,66.19044494628906,250120,0.0,0.0,0.0
2010-05-05 00:00:00-04:00,65.64492851059147,65.71766416360917,63.280983716581254,64.44477081298828,358800,0.0,0.0,0.0
2010-05-06 00:00:00-04:00,63.75378745197685,64.99031046647151,29.349289008821966,61.46257781982422,504800,0.0,0.0,0.0
2010-05-07 00:00:00-04:00,60.18967298104987,62.00809210434443,58.58946637230056,59.6077766418457,295240,0.0,0.0,0.0
2010-05-10 00:00:00-04:00,62.26265580889421,63.135500123360885,61.789865832229786,63.02639389038086,248360,0.0,0.0,0.0
2010-05-11 00:00:00-04:00,62.58996533115931,63.64464581346188,62.117175423813336,62.444488525390625,70300,0.0,0.0,0.0
2010-05-12 00:00:00-04:00,62.88094128117802,64.4811536993175,62.77184055555259,64.3720474243164,126380,0.0,0.0,0.0
2010-05-13 00:00:00-04:00,64.44477406830227,65.02667042058656,63.681041348975896,63.79014205932617,95100,0.0,0.0,0.0
2010-05-14 00:00:00-04:00,63.60828605917447,63.60828605917447,61.571660375865704,62.517234802246094,152740,0.0,0.0,0.0
2010-05-17 00:00:00-04:00,62.73545327594198,63.099137063048886,60.15329616773324,61.42618942260742,131400,0.0,0.0,0.0
2010-05-18 00:00:00-04:00,62.11720604248029,63.317363922130546,60.989783826880725,61.2079963684082,143940,0.0,0.0,0.0
2010-05-19 00:00:00-04:00,60.771568093481385,61.09888130931715,58.66220084316574,59.89872360229492,219760,0.0,0.0,0.0
2010-05-20 00:00:00-04:00,58.26214723424189,58.26214723424189,56.22552115857925,56.480098724365234,247360,0.0,0.0,0.0
2010-05-21 00:00:00-04:00,55.27994175589751,58.298518632706354,54.588944703698715,57.89846420288086,289460,0.0,0.0,0.0
2010-05-24 00:00:00-04:00,57.6074961091323,58.0075504006098,56.26186752319336,56.26186752319336,90680,0.0,0.0,0.0
2010-05-25 00:00:00-04:00,54.62531478479519,56.69831168157538,54.00705333128184,56.62557601928711,167620,0.0,0.0,0.0
2010-05-26 00:00:00-04:00,57.13473854175758,58.516732816602364,57.06199732781796,57.243839263916016,118160,0.0,0.0,0.0
2010-05-27 00:00:00-04:00,58.55307209060853,60.37149047851563,58.55307209060853,60.371490478515625,192120,0.0,0.0,0.0
2010-05-28 00:00:00-04:00,60.226042367505336,60.88066879917687,59.535039784977556,59.89872360229492,57840,0.0,0.0,0.0
2010-06-01 00:00:00-04:00,59.28044899596096,59.644132732132505,56.84376907348633,56.84376907348633,185540,0.0,0.0,0.0
2010-06-02 00:00:00-04:00,57.316575620001636,60.7715721130371,57.316575620001636,60.77157211303711,140880,0.0,0.0,0.0
2010-06-03 00:00:00-04:00,61.09886647105698,62.99002075195313,60.3714990130682,62.990020751953125,217800,0.0,0.0,0.0
2010-06-04 00:00:00-04:00,61.78987198653873,64.15381655593764,60.189665574695255,60.480613708496094,284340,0.0,0.0,0.0
2010-06-07 00:00:00-04:00,61.389820349707456,62.18992351902482,59.93508529663085,59.93508529663086,153820,0.0,0.0,0.0
2010-06-08 00:00:00-04:00,59.89872669092327,61.02614880249155,59.171359018782425,60.58972930908203,288400,0.0,0.0,0.0
2010-06-09 00:00:00-04:00,61.13523988392333,62.58997486700897,59.75324054011727,60.11692428588867,122980,0.0,0.0,0.0
2010-06-10 00:00:00-04:00,61.0988690606479,63.28097152709961,61.0988690606479,63.28097152709961,271260,0.0,0.0,0.0
2010-06-11 00:00:00-04:00,62.58998316542364,63.71739959716797,62.262664421208086,63.71739959716797,108200,0.0,0.0,0.0
2010-06-14 00:00:00-04:00,64.22652768430414,65.09936612772051,63.4627898842862,63.60826110839844,254420,0.0,0.0,0.0
2010-06-15 00:00:00-04:00,64.22654093970826,65.89948255975519,64.22654093970826,65.64490509033203,433900,0.0,0.0,0.0
2010-06-16 00:00:00-04:00,65.13575884893758,66.04496818212,64.62659829273142,65.35396575927734,485780,0.0,0.0,0.0
2010-06-17 00:00:00-04:00,65.97222025031664,65.97222025031664,64.1901723592426,64.80843353271484,137160,0.0,0.0,0.0
2010-06-18 00:00:00-04:00,64.99029524713015,65.02666584760576,64.15382138056185,64.48114013671875,266880,0.0,0.0,0.0
2010-06-21 00:00:00-04:00,65.75405335412275,66.0086309863436,63.42647295390421,63.75379180908203,135740,0.0,0.0,0.0
2010-06-22 00:00:00-04:00,63.80844962448493,63.80844962448493,61.03733758675948,61.29257583618164,510260,0.225,0.0,0.0
2010-06-23 00:00:00-04:00,61.21964207975578,61.21964207975578,60.08932440933534,60.5268669128418,251000,0.0,0.0,0.0
2010-06-24 00:00:00-04:00,60.16227391575683,60.70920367862735,58.7767174037534,59.21426010131836,135460,0.0,0.0,0.0
2010-06-25 00:00:00-04:00,59.28715256384518,60.23516023967375,58.63083613371533,59.870540618896484,68120,0.0,0.0,0.0
2010-06-28 00:00:00-04:00,60.12579646224389,60.12579646224389,58.70378161746947,58.7402458190918,102060,0.0,0.0,0.0
2010-06-29 00:00:00-04:00,57.86514232685085,57.90160652045366,55.495114397693435,55.89619827270508,488080,0.0,0.0,0.0
2010-06-30 00:00:00-04:00,56.005570979723984,56.77126877684414,55.23986761895045,55.3492546081543,99740,0.0,0.0,0.0
2010-07-01 00:00:00-04:00,55.31281819704411,55.82328921509072,53.67202922608835,55.27635955810547,300880,0.0,0.0,0.0
2010-07-02 00:00:00-04:00,55.49513362610706,56.042063337725054,54.58358410674376,55.09405517578125,69300,0.0,0.0,0.0
2010-07-06 00:00:00-04:00,55.93266415109659,57.026523337078835,54.98465619477196,55.38573455810547,53180,0.0,0.0,0.0
2010-07-07 00:00:00-04:00,55.78682070295564,57.75576509053883,55.78682070295564,57.68284225463867,69380,0.0,0.0,0.0
2010-07-08 00:00:00-04:00,58.302720067254995,58.84964991990714,57.42763452847484,58.375648498535156,63700,0.0,0.0,0.0
2010-07-09 00:00:00-04:00,58.594370187758265,58.88606698835703,58.19329195513196,58.77667999267578,36940,0.0,0.0,0.0
2010-07-12 00:00:00-04:00,58.484991868326134,59.03192136421568,57.71929391227351,58.229759216308594,43220,0.0,0.0,0.0
2010-07-13 00:00:00-04:00,58.813181108440496,59.39656951229908,58.776716899099306,58.99549102783203,50960,0.0,0.0,0.0
2010-07-14 00:00:00-04:00,58.740246371753926,59.61533158236288,58.266239564484046,58.959014892578125,93000,0.0,0.0,0.0
2010-07-15 00:00:00-04:00,58.740252152875485,59.61533744960893,57.828702650587886,59.28718185424805,124860,0.0,0.0,0.0
2010-07-16 00:00:00-04:00,58.77671563266345,59.39656823250754,56.77130656256624,57.06300354003906,75000,0.0,0.0,0.0
2010-07-19 00:00:00-04:00,57.13590512875929,57.46406619265326,56.297278717014706,56.880672454833984,49360,0.0,0.0,0.0
2010-07-20 00:00:00-04:00,56.187911424751356,58.302701739276415,56.005601531178065,58.120391845703125,71400,0.0,0.0,0.0
2010-07-21 00:00:00-04:00,58.44856342547228,58.66733199861685,56.66192281134253,57.02654266357422,112920,0.0,0.0,0.0
2010-07-22 00:00:00-04:00,57.97454435667072,58.81317095380664,57.865157311191034,58.448551177978516,76020,0.0,0.0,0.0
2010-07-23 00:00:00-04:00,58.19331132699391,58.99547362293052,57.79222739719781,58.81316375732422,118480,0.0,0.0,0.0
2010-07-26 00:00:00-04:00,58.813141053278336,59.688225844911294,58.813141053278336,59.61530303955078,65580,0.0,0.0,0.0
2010-07-27 00:00:00-04:00,60.162273399206406,60.162273399206406,58.557948334023784,58.99549102783203,91660,0.0,0.0,0.0
2010-07-28 00:00:00-04:00,58.70376532077789,59.141307800499995,58.083913010867036,58.33914566040039,69180,0.0,0.0,0.0
2010-07-29 00:00:00-04:00,58.776687636397625,59.36008131346365,57.609905845920004,58.30268096923828,119260,0.0,0.0,0.0
2010-07-30 00:00:00-04:00,57.71932698566863,58.44856673137851,57.391165761904546,57.97455978393555,92140,0.0,0.0,0.0
2010-08-02 00:00:00-04:00,58.95902270019067,60.01642349699623,58.95902270019067,59.79764938354492,72680,0.0,0.0,0.0
2010-08-03 00:00:00-04:00,59.68823080850785,60.49039286148706,59.141301377341954,59.870540618896484,73880,0.0,0.0,0.0
2010-08-04 00:00:00-04:00,60.125782995639575,61.219642035441304,60.089324365839055,61.00087356567383,66680,0.0,0.0,0.0
2010-08-05 00:00:00-04:00,60.85504531860351,61.07381943457818,60.41750265031104,60.855045318603516,57900,0.0,0.0,0.0
2010-08-06 00:00:00-04:00,60.308102146130096,60.709186081439704,59.54240403825127,60.344566345214844,53700,0.0,0.0,0.0
2010-08-09 00:00:00-04:00,60.74566822886376,60.891513940984034,60.2351971091282,60.563358306884766,42000,0.0,0.0,0.0
2010-08-10 00:00:00-04:00,59.97994886684265,60.27164577953415,59.25070936694183,60.05287170410156,51560,0.0,0.0,0.0
2010-08-11 00:00:00-04:00,59.32364463342872,59.32364463342872,57.354699796634215,57.500545501708984,75220,0.0,0.0,0.0
2010-08-12 00:00:00-04:00,56.69837129324307,57.39114659483642,56.2608287046759,56.80775833129883,60200,0.0,0.0,0.0
2010-08-13 00:00:00-04:00,56.588993072509766,57.318232688298956,56.552534429914346,56.588993072509766,28280,0.0,0.0,0.0
2010-08-16 00:00:00-04:00,56.55252358284243,56.66190505330548,55.85974274252767,56.47959518432617,54640,0.0,0.0,0.0
2010-08-17 00:00:00-04:00,56.99007997029027,57.71931962297816,56.84422870155848,57.500545501708984,29540,0.0,0.0,0.0
2010-08-18 00:00:00-04:00,57.2088388636734,57.24530306561074,56.58898637633112,56.99007034301758,30560,0.0,0.0,0.0
2010-08-19 00:00:00-04:00,57.026530457842455,57.026530457842455,55.56805136108274,55.6409797668457,72680,0.0,0.0,0.0
2010-08-20 00:00:00-04:00,55.34928978088594,55.458676839601814,54.40127602355754,54.76589584350586,63100,0.0,0.0,0.0
2010-08-23 00:00:00-04:00,54.94820575348002,55.34928978088594,54.69297299224758,54.76589584350586,39520,0.0,0.0,0.0
2010-08-24 00:00:00-04:00,53.92726189192502,54.21895882138316,53.015712464653426,53.63557052612305,56000,0.0,0.0,0.0
2010-08-25 00:00:00-04:00,52.94281440757171,53.817905605606704,52.4688073707601,53.672054290771484,146460,0.0,0.0,0.0
2010-08-26 00:00:00-04:00,53.744932391146214,54.47417166681254,53.27093131288642,53.59908676147461,57780,0.0,0.0,0.0
2010-08-27 00:00:00-04:00,54.00019105677673,55.09405038489248,53.01571321054755,55.021121978759766,93600,0.0,0.0,0.0
2010-08-30 00:00:00-04:00,54.83881000998386,55.4222038549723,54.47419024778009,54.51065444946289,48520,0.0,0.0,0.0
2010-08-31 00:00:00-04:00,54.29189128462867,55.0211309556843,53.92727144910086,54.47420120239258,73480,0.0,0.0,0.0
2010-09-01 00:00:00-04:00,55.385745598900684,56.47960500293682,55.385745598900684,56.33375930786133,67000,0.0,0.0,0.0
2010-09-02 00:00:00-04:00,56.29729430040156,56.917152404785156,56.07852576090431,56.917152404785156,43980,0.0,0.0,0.0
2010-09-03 00:00:00-04:00,57.682844982916365,58.083928944821324,57.20883818166214,57.755767822265625,31160,0.0,0.0,0.0
2010-09-07 00:00:00-04:00,57.53700064463764,57.53700064463764,56.40667713559527,56.552528381347656,41720,0.0,0.0,0.0
2010-09-08 00:00:00-04:00,56.55253861577058,57.3547011397811,56.55253861577058,56.953617095947266,48080,0.0,0.0,0.0
2010-09-09 00:00:00-04:00,57.64638483829097,57.86515335062052,56.91714533654741,57.13591384887695,38520,0.0,0.0,0.0
2010-09-10 00:00:00-04:00,57.28175785861879,57.865146048198135,57.2088294667231,57.64637756347656,57680,0.0,0.0,0.0
2010-09-13 00:00:00-04:00,58.193321835784005,58.37563173431258,57.755773628390166,58.08393478393555,43580,0.0,0.0,0.0
2010-09-14 00:00:00-04:00,57.82867762971852,58.44852991034982,57.60990361836431,57.792213439941406,46840,0.0,0.0,0.0
2010-09-15 00:00:00-04:00,57.57345465209776,57.609918851516696,57.06298924216685,57.464073181152344,83080,0.0,0.0,0.0
2010-09-16 00:00:00-04:00,57.46407436668446,57.75576571343099,56.917144746051,57.24530029296875,56400,0.0,0.0,0.0
2010-09-17 00:00:00-04:00,57.609933911467564,57.609933911467564,56.80777138745704,56.953617095947266,51220,0.0,0.0,0.0
2010-09-20 00:00:00-04:00,57.06298970512824,58.047461897214,56.80775699809204,57.82869338989258,66060,0.0,0.0,0.0
2010-09-21 00:00:00-04:00,57.865136255841406,58.15683308309561,57.09943834341011,57.792213439941406,54240,0.0,0.0,0.0
2010-09-22 00:00:00-04:00,57.50053181691558,58.37562253006875,57.31822194713231,57.464073181152344,46300,0.0,0.0,0.0
2010-09-23 00:00:00-04:00,56.88068113599788,57.573456437191915,56.625448423118804,57.13591384887695,109720,0.0,0.0,0.0
2010-09-24 00:00:00-04:00,57.71932607381022,58.81318567509409,57.682861861637704,58.557952880859375,83360,0.0,0.0,0.0
2010-09-27 00:00:00-04:00,58.41208529034999,59.031937778650224,58.41208529034999,58.630859375,35820,0.0,0.0,0.0
2010-09-28 00:00:00-04:00,58.63085232440566,59.03193067982461,57.82869004991234,58.8496208190918,40140,0.0,0.0,0.0
2010-09-29 00:00:00-04:00,58.41207855692776,60.0164086775586,58.41207855692776,59.83409881591797,52280,0.0,0.0,0.0
2010-09-30 00:00:00-04:00,60.271624427213034,60.52685704902634,59.10484275345655,59.870540618896484,55940,0.0,0.0,0.0
2010-10-01 00:00:00-04:00,60.490428305593504,60.8550481400182,60.08934982592063,60.599815368652344,52080,0.0,0.0,0.0
2010-10-04 00:00:00-04:00,60.30811166140591,60.56334996795874,59.250716484982675,59.68825912475586,45360,0.0,0.0,0.0
2010-10-05 00:00:00-04:00,60.453975387929944,61.146750913509564,60.1987425923826,60.927982330322266,61200,0.0,0.0,0.0
2010-10-06 00:00:00-04:00,61.14673765616606,61.76659018629181,60.927969120410395,61.43843460083008,40920,0.0,0.0,0.0
2010-10-07 00:00:00-04:00,61.62075066146442,61.766596366561295,60.6727368873637,61.14674377441406,54760,0.0,0.0,0.0
2010-10-08 00:00:00-04:00,60.89148007297028,62.422881453092586,60.89148007297028,62.2041130065918,39460,0.0,0.0,0.0
2010-10-11 00:00:00-04:00,62.34998321533203,62.787525844462735,62.05828627469277,62.34998321533203,38660,0.0,0.0,0.0
2010-10-12 00:00:00-04:00,62.20413752684059,62.53229310777452,61.256123860677086,62.34998321533203,54440,0.0,0.0,0.0
2010-10-13 00:00:00-04:00,62.60522717663786,63.22507980934569,62.60522717663786,62.82400131225586,41780,0.0,0.0,0.0
2010-10-14 00:00:00-04:00,62.568768672600704,63.22507995363777,62.20414882151015,62.67815017700195,72260,0.0,0.0,0.0
2010-10-15 00:00:00-04:00,63.04275577493764,63.079219977265566,62.131206353300854,62.6052131652832,59700,0.0,0.0,0.0
2010-10-18 00:00:00-04:00,62.4593516126966,63.66259765625001,62.4593516126966,63.66259765625,53260,0.0,0.0,0.0
2010-10-19 00:00:00-04:00,62.53228947956231,62.53228947956231,61.0738104246454,61.54781723022461,117240,0.0,0.0,0.0
2010-10-20 00:00:00-04:00,61.91243359795171,62.45936321354553,61.511349654387274,62.2405891418457,43240,0.0,0.0,0.0
2010-10-21 00:00:00-04:00,62.24057766355194,62.82397137139258,61.25610564976875,61.91242218017578,51160,0.0,0.0,0.0
2010-10-22 00:00:00-04:00,61.985368531713796,62.277065496359114,61.51136165962227,61.80305862426758,31360,0.0,0.0,0.0
2010-10-25 00:00:00-04:00,62.2041530477608,62.71461864850646,61.80306895884794,61.87599182128906,45460,0.0,0.0,0.0
2010-10-26 00:00:00-04:00,61.69366291025387,61.73012711208922,61.21965610467467,61.54781723022461,47960,0.0,0.0,0.0
2010-10-27 00:00:00-04:00,60.818582138263906,61.11027908325195,60.16226540295492,61.11027908325195,79080,0.0,0.0,0.0
2010-10-28 00:00:00-04:00,61.730145907088456,61.730145907088456,60.89151908244302,61.1832160949707,43400,0.0,0.0,0.0
2010-10-29 00:00:00-04:00,60.818577072778304,62.09474623261143,60.818577072778304,61.98535919189453,39080,0.0,0.0,0.0
2010-11-01 00:00:00-04:00,63.11566825441882,63.990753252928606,62.75104857776396,63.04273986816406,52200,0.0,0.0,0.0
2010-11-02 00:00:00-04:00,63.48028406833745,64.17305918636485,63.26151005019489,63.99074935913086,43880,0.0,0.0,0.0
2010-11-03 00:00:00-04:00,63.917853131017665,64.35539578566764,63.33445921571324,64.31893157958984,53260,0.0,0.0,0.0
2010-11-04 00:00:00-04:00,65.44925658960096,66.39727033112477,65.23048247581644,66.25141906738281,88980,0.0,0.0,0.0
2010-11-05 00:00:00-04:00,65.99619583192737,66.57958984375,65.99619583192737,66.57958984375,49320,0.0,0.0,0.0
2010-11-08 00:00:00-05:00,66.43369515311181,67.19939859788333,66.06907552486898,67.09001159667969,32040,0.0,0.0,0.0
2010-11-09 00:00:00-05:00,67.7827988098099,68.36619254498913,66.61601690310641,66.98063659667969,97060,0.0,0.0,0.0
2010-11-10 00:00:00-05:00,66.90773183913868,68.07451406093188,66.39726635574681,68.03805541992188,63660,0.0,0.0,0.0
2010-11-11 00:00:00-05:00,67.67342693431169,68.43912506103516,67.45465286173025,68.43912506103516,56600,0.0,0.0,0.0
2010-11-12 00:00:00-05:00,67.85574254276241,67.85574254276241,66.61603196610106,67.12650299072266,44700,0.0,0.0,0.0
2010-11-15 00:00:00-05:00,67.60052101895316,67.63698523106368,66.54312563163947,66.57958984375,48060,0.0,0.0,0.0
2010-11-16 00:00:00-05:00,65.92325613869083,65.92325613869083,64.46477704519614,65.12109375,77880,0.0,0.0,0.0
2010-11-17 00:00:00-05:00,65.23049704244774,65.63158115273322,64.82941849582032,65.19403839111328,41320,0.0,0.0,0.0
2010-11-18 00:00:00-05:00,65.99620024352123,66.76190423976561,65.99620024352123,66.47020721435547,37820,0.0,0.0,0.0
2010-11-19 00:00:00-05:00,66.50664395233106,67.09003781093206,65.70448156949679,67.05357360839844,19500,0.0,0.0,0.0
2010-11-22 00:00:00-05:00,66.90771377069603,66.98063659667969,65.77739049515688,66.98063659667969,39880,0.0,0.0,0.0
2010-11-23 00:00:00-05:00,65.81388773970717,65.95973346491377,65.12111219948915,65.41280364990234,66060,0.0,0.0,0.0
2010-11-24 00:00:00-05:00,65.70449142825817,66.54311813945947,65.55864572355229,66.43373107910156,56500,0.0,0.0,0.0
2010-11-26 00:00:00-05:00,65.52219042771796,66.25143017775079,65.52219042771796,65.88681030273438,17920,0.0,0.0,0.0
2010-11-29 00:00:00-05:00,65.59510020000275,66.25141695679099,64.86586059549506,66.06910705566406,48640,0.0,0.0,0.0
2010-11-30 00:00:00-05:00,65.37631011433827,66.06908528487776,64.97522623855974,65.52215576171875,56700,0.0,0.0,0.0
2010-12-01 00:00:00-05:00,66.54309622207452,67.30879982872212,66.54309622207452,67.16294860839844,38960,0.0,0.0,0.0
2010-12-02 00:00:00-05:00,67.16298901093592,68.54854583740234,67.16298901093592,68.54854583740234,46400,0.0,0.0,0.0
2010-12-03 00:00:00-05:00,68.4755869849933,69.24128508626613,68.36619995233843,69.05897521972656,28080,0.0,0.0,0.0
2010-12-06 00:00:00-05:00,69.20482526417375,69.7517548544117,69.13190243153979,69.60590362548828,44160,0.0,0.0,0.0
2010-12-07 00:00:00-05:00,70.26221798220362,70.62683769727853,69.46005572176989,69.56944274902344,156500,0.0,0.0,0.0
2010-12-08 00:00:00-05:00,69.49653322454024,69.97053449396562,68.69436524686817,68.91313934326172,38220,0.0,0.0,0.0
2010-12-09 00:00:00-05:00,69.38713631769114,69.38713631769114,68.32973575356829,69.05897521972656,50060,0.0,0.0,0.0
2010-12-10 00:00:00-05:00,69.27778308211296,69.31424729867213,68.69438899911606,69.16839599609375,42660,0.0,0.0,0.0
2010-12-13 00:00:00-05:00,69.97052001498191,70.22575826251011,69.53297747639178,69.64236450195312,41340,0.0,0.0,0.0
2010-12-14 00:00:00-05:00,70.00698756167763,70.00698756167763,68.949592579177,69.27774810791016,35700,0.0,0.0,0.0
2010-12-15 00:00:00-05:00,68.80373050974305,69.53296984861399,68.65788486743071,68.84019470214844,34800,0.0,0.0,0.0
2010-12-16 00:00:00-05:00,68.6579087857337,68.91314153052284,68.18390193760726,68.76729583740234,38760,0.0,0.0,0.0
2010-12-17 00:00:00-05:00,68.62143051553281,69.02251443489025,68.51204348628484,68.87666320800781,27160,0.0,0.0,0.0
2010-12-20 00:00:00-05:00,69.13189913420719,69.67882869835864,68.73081522836735,69.64236450195312,27600,0.0,0.0,0.0
2010-12-21 00:00:00-05:00,69.98519847127788,70.60518646240234,69.69344596348094,70.60518646240234,35500,0.02,0.0,0.0
2010-12-22 00:00:00-05:00,70.71457881119503,71.0428086737259,70.67811253635033,70.89692687988281,23320,0.0,0.0,0.0
2010-12-23 00:00:00-05:00,70.96987055921508,71.0428086737259,70.60517442183951,70.89692687988281,17740,0.0,0.0,0.0
2010-12-27 00:00:00-05:00,70.89691823213788,70.89691823213788,70.24046971679016,70.64163208007812,31260,0.0,0.0,0.0
2010-12-28 00:00:00-05:00,70.605171103459,71.006333496825,70.4957611544242,70.93339538574219,20920,0.0,0.0,0.0
2010-12-29 00:00:00-05:00,70.96986481049821,71.62631335274331,70.96986481049821,71.55337524414062,65000,0.0,0.0,0.0
2010-12-30 00:00:00-05:00,71.66279712954432,72.02749329814252,71.29810096094613,71.58985900878906,47100,0.0,0.0,0.0
2010-12-31 00:00:00-05:00,71.66278396524594,71.8451320160481,71.22514975628495,71.7721939086914,23760,0.0,0.0,0.0
2011-01-03 00:00:00-05:00,72.02748858628699,72.75688087576837,72.02748858628699,72.355712890625,68980,0.0,0.0,0.0
2011-01-04 00:00:00-05:00,72.82982391257208,72.82982391257208,70.93340494475135,71.44397735595703,86880,0.0,0.0,0.0
2011-01-05 00:00:00-05:00,71.11573555083027,71.91806581331142,70.89691567705333,71.7357177734375,52300,0.0,0.0,0.0
2011-01-06 00:00:00-05:00,72.2827706891663,72.42865247771016,71.33456410532675,71.66278839111328,47060,0.0,0.0,0.0
2011-01-07 00:00:00-05:00,71.62631655277201,71.88160829151845,70.8969243045164,71.66278839111328,29800,0.0,0.0,0.0
2011-01-10 00:00:00-05:00,71.29812775125127,72.10045851067906,70.96990330211116,71.95458221435547,22920,0.0,0.0,0.0
2011-01-11 00:00:00-05:00,72.35571372410269,72.90275794751523,72.28277560727867,72.75688171386719,69800,0.0,0.0,0.0
2011-01-12 00:00:00-05:00,73.01217398024721,73.8145044617137,73.01217398024721,73.63215637207031,39020,0.0,0.0,0.0
2011-01-13 00:00:00-05:00,73.74157287195139,73.96039282483862,73.19452855455587,73.52275848388672,31060,0.0,0.0,0.0
2011-01-14 00:00:00-05:00,73.34041848883011,74.32509725607349,73.2310085002868,74.25215911865234,69700,0.0,0.0,0.0
2011-01-18 00:00:00-05:00,74.39800792339432,74.72623220301026,73.92390185797709,74.68976593017578,49900,0.0,0.0,0.0
2011-01-19 00:00:00-05:00,74.76270023084606,74.9450482801896,73.26744400030081,73.3768539428711,159200,0.0,0.0,0.0
2011-01-20 00:00:00-05:00,72.93922658620362,73.0486365390472,71.77220007378864,72.64746856689453,54900,0.0,0.0,0.0
2011-01-21 00:00:00-05:00,73.19450931274456,73.59567726596886,72.75687508684057,73.01216125488281,32020,0.0,0.0,0.0
2011-01-24 00:00:00-05:00,72.93923585735428,73.66862821592782,72.82982589060383,73.63215637207031,48760,0.0,0.0,0.0
2011-01-25 00:00:00-05:00,73.3039446802304,73.3039446802304,72.02750783256471,72.72042846679688,49900,0.0,0.0,0.0
2011-01-26 00:00:00-05:00,72.86630147901849,74.61684434251879,72.86630147901849,74.47096252441406,40700,0.0,0.0,0.0
2011-01-27 00:00:00-05:00,74.17921038736023,74.76272657681571,73.63216604655426,73.81451416015625,51140,0.0,0.0,0.0
2011-01-28 00:00:00-05:00,73.850982848395,73.99685910710478,73.34041037808821,73.52275848388672,29420,0.0,0.0,0.0
2011-01-31 00:00:00-05:00,73.96037950458695,76.07561826386001,73.96037950458695,76.03914642333984,79400,0.0,0.0,0.0
2011-02-01 00:00:00-05:00,76.51324772334358,77.2791062428007,76.18501787372949,76.95088195800781,81640,0.0,0.0,0.0
2011-02-02 00:00:00-05:00,76.91441011977696,77.64380236582443,76.65912394662459,76.95088195800781,42820,0.0,0.0,0.0
2011-02-03 00:00:00-05:00,76.58618483914894,76.87794284673849,75.7838544918935,76.69559478759766,49040,0.0,0.0,0.0
2011-02-04 00:00:00-05:00,77.02380278796153,77.02380278796153,75.85677656909333,76.2944107055664,27900,0.0,0.0,0.0
2011-02-07 00:00:00-05:00,76.76852737631567,77.57085766585935,76.73205554118249,76.87793731689453,137440,0.0,0.0,0.0
2011-02-08 00:00:00-05:00,76.98734949514044,76.98734949514044,75.85678935100006,76.9144058227539,56600,0.0,0.0,0.0
2011-02-09 00:00:00-05:00,76.58617434483952,76.65911244553719,75.20032817230215,75.6379623413086,33540,0.0,0.0,0.0
2011-02-10 00:00:00-05:00,75.16388214233459,76.22149879926647,75.16388214233459,76.07562255859375,33280,0.0,0.0,0.0
2011-02-11 00:00:00-05:00,76.03914642333984,76.29443261251625,75.67445027742455,76.03914642333984,21220,0.0,0.0,0.0
2011-02-14 00:00:00-05:00,76.33091353299822,77.2061821613841,76.11209359349064,77.16971588134766,103240,0.0,0.0,0.0
2011-02-15 00:00:00-05:00,77.09675285678382,77.20616279909905,76.40383249682212,76.65911865234375,39460,0.0,0.0,0.0
2011-02-16 00:00:00-05:00,77.06031648086669,77.75323710964177,76.65914839168765,77.60736083984375,95300,0.0,0.0,0.0
2011-02-17 00:00:00-05:00,77.49791271615517,78.15436673683254,77.31556468623481,77.935546875,36500,0.0,0.0,0.0
2011-02-18 00:00:00-05:00,78.19084386964694,78.33672565274772,77.6073334317069,78.04496765136719,48400,0.0,0.0,0.0
2011-02-22 00:00:00-05:00,78.66495262325512,79.21199680779073,76.69559578485544,76.95088195800781,168780,0.0,0.0,0.0
2011-02-23 00:00:00-05:00,77.75321864551563,79.72258120906056,77.24264625764565,79.5037612915039,70200,0.0,0.0,0.0
2011-02-24 00:00:00-05:00,80.26965102227294,80.48846544475009,78.73792224081562,79.21202850341797,171020,0.0,0.0,0.0
2011-02-25 00:00:00-05:00,79.46730869958951,81.43667174017125,79.46730869958951,81.40019989013672,48280,0.0,0.0,0.0
2011-02-28 00:00:00-05:00,82.1660310073006,82.42131715987588,81.32722887899257,82.02014923095703,138720,0.0,0.0,0.0
2011-03-01 00:00:00-05:00,82.56720316656929,82.56720316656929,79.72257775066369,79.86845397949219,152880,0.0,0.0,0.0
2011-03-02 00:00:00-05:00,79.61315367288744,80.23313588265295,79.17551949921888,79.79550170898438,105580,0.0,0.0,0.0
2011-03-03 00:00:00-05:00,80.30607816291055,80.59783614881157,79.75903402615391,80.4884262084961,118620,0.0,0.0,0.0
2011-03-04 00:00:00-05:00,80.81666344891906,80.99901151124531,80.16020931158035,80.96253967285156,79480,0.0,0.0,0.0
2011-03-07 00:00:00-05:00,81.72838740806164,82.05661162864817,79.759025390082,80.56135559082031,128540,0.0,0.0,0.0
2011-03-08 00:00:00-05:00,80.48846544475009,80.48846544475009,79.06615222176653,79.21202850341797,177480,0.0,0.0,0.0
2011-03-09 00:00:00-05:00,79.35788407852397,79.94139457678244,78.95671608955371,79.24847412109375,154560,0.0,0.0,0.0
2011-03-10 00:00:00-05:00,78.15438277296448,78.15438277296448,75.96620596493835,76.33090209960938,137460,0.0,0.0,0.0
2011-03-11 00:00:00-05:00,75.4921056183291,78.1543887168674,75.34622937929488,77.68028259277344,69700,0.0,0.0,0.0
2011-03-14 00:00:00-04:00,77.0967531697373,78.81082928838504,76.98734879179881,78.66494750976562,102880,0.0,0.0,0.0
2011-03-15 00:00:00-04:00,76.29444539935591,78.77438072017786,75.4921148568371,78.19086456298828,212080,0.0,0.0,0.0
2011-03-16 00:00:00-04:00,78.59201517318618,80.16020962835323,76.98735444430254,78.00849914550781,295680,0.0,0.0,0.0
2011-03-17 00:00:00-04:00,79.6496435887666,80.63432772789385,78.95672307180202,80.37903594970703,317940,0.0,0.0,0.0
2011-03-18 00:00:00-04:00,81.43666482077111,81.50960294981986,79.97787998050589,80.26963806152344,182160,0.0,0.0,0.0
2011-03-21 00:00:00-04:00,81.69193353052036,82.27544956738119,81.47311362549222,82.09310150146484,194140,0.0,0.0,0.0
2011-03-22 00:00:00-04:00,82.56723810805053,82.56723810805053,81.87431738064717,82.239013671875,166960,0.0,0.0,0.0
2011-03-23 00:00:00-04:00,82.42136181748891,82.42136181748891,81.40021108908624,82.239013671875,183340,0.0,0.0,0.0
2011-03-24 00:00:00-04:00,82.85897621430544,82.85897621430544,81.61901134994957,82.67662811279297,159380,0.0,0.0,0.0
2011-03-25 00:00:00-04:00,82.96839489376225,84.50011799422096,82.45782238188369,84.13542175292969,185260,0.0,0.0,0.0
2011-03-28 00:00:00-04:00,84.39068458466635,84.718914449616,82.89543374930064,82.93190002441406,159820,0.0,0.0,0.0
2011-03-29 00:00:00-04:00,83.00483672550553,83.98951510792295,82.05662461513556,83.80716705322266,288000,0.0,0.0,0.0
2011-03-30 00:00:00-04:00,84.64597419734243,85.26595650683143,83.95304820982538,84.90126037597656,202960,0.0,0.0,0.0
2011-03-31 00:00:00-04:00,85.26594222148799,85.66710455932534,84.937712419817,85.15653228759766,132500,0.0,0.0,0.0
2011-04-01 00:00:00-04:00,85.9224147477839,86.21416721450679,85.26596056801424,85.59418487548828,104480,0.0,0.0,0.0
2011-04-04 00:00:00-04:00,86.17769312414785,86.2506312342147,85.48476716646024,85.74005889892578,159920,0.0,0.0,0.0
2011-04-05 00:00:00-04:00,85.74009163581702,86.14125417676519,85.5212716572466,85.77655792236328,99220,0.0,0.0,0.0
2011-04-06 00:00:00-04:00,86.25065270798633,86.43300081096305,84.39069983169485,84.937744140625,154280,0.0,0.0,0.0
2011-04-07 00:00:00-04:00,85.04713660238997,85.2294846678174,83.91658193563269,84.90126037597656,158000,0.0,0.0,0.0
2011-04-08 00:00:00-04:00,85.33888244628906,86.1047464377609,84.86477643084557,85.33888244628906,120840,0.0,0.0,0.0
2011-04-11 00:00:00-04:00,85.59418953141696,85.59418953141696,82.85896827094462,83.15072631835938,100340,0.0,0.0,0.0
2011-04-12 00:00:00-04:00,82.38485370619041,82.38485370619041,79.64963272570837,80.41549682617188,224800,0.0,0.0,0.0
2011-04-13 00:00:00-04:00,81.29078134546432,81.87429749563839,80.52492265878611,81.14490509033203,116840,0.0,0.0,0.0
2011-04-14 00:00:00-04:00,80.78021610072219,81.80136667229635,80.16023361381667,81.6190185546875,162320,0.0,0.0,0.0
2011-04-15 00:00:00-04:00,81.40019800748101,82.53075855452747,81.10843990842164,82.42134857177734,126340,0.0,0.0,0.0
2011-04-18 00:00:00-04:00,81.54607235708976,81.54607235708976,79.86846761504569,80.74373626708984,117820,0.0,0.0,0.0
2011-04-19 00:00:00-04:00,80.96257555467827,81.21786184211116,80.45200297981248,81.10845184326172,216660,0.0,0.0,0.0
2011-04-20 00:00:00-04:00,82.31189383172074,83.22363391750591,82.2389557378219,82.82247161865234,96860,0.0,0.0,0.0
2011-04-21 00:00:00-04:00,83.55189210450106,83.55189210450106,82.12957374803302,83.29660034179688,123460,0.0,0.0,0.0
2011-04-25 00:00:00-04:00,83.29660478531027,83.55189656163317,82.42133618450102,83.00485229492188,99740,0.0,0.0,0.0
2011-04-26 00:00:00-04:00,83.3330774334956,83.8071835821867,82.7860331615033,83.58836364746094,62500,0.0,0.0,0.0
2011-04-27 00:00:00-04:00,83.8436508178711,83.95306078648207,82.2754616721284,83.8436508178711,67800,0.0,0.0,0.0
2011-04-28 00:00:00-04:00,83.77073067087544,84.8648194621315,83.11427628315712,84.42718505859375,91800,0.0,0.0,0.0
2011-04-29 00:00:00-04:00,84.50008768696156,85.8859340197778,84.50008768696156,85.81299591064453,61800,0.0,0.0,0.0
2011-05-02 00:00:00-04:00,85.88593659161702,86.6153288344333,84.60950016668853,85.04713439941406,119940,0.0,0.0,0.0
2011-05-03 00:00:00-04:00,84.31776234902738,84.31776234902738,81.43666452586584,82.27546691894531,226200,0.0,0.0,0.0
2011-05-04 00:00:00-04:00,81.8013478837266,82.12957219410505,79.46728917553857,79.97786712646484,222840,0.0,0.0,0.0
2011-05-05 00:00:00-04:00,79.06614313337904,79.68612560636792,77.35207197929587,78.22734069824219,309400,0.0,0.0,0.0
2011-05-06 00:00:00-04:00,78.88376739528431,80.5978379491112,77.75320726147251,78.66494750976562,131800,0.0,0.0,0.0
2011-05-09 00:00:00-04:00,79.61317715315529,80.85314193838839,79.10259916260713,80.52491760253906,64320,0.0,0.0,0.0
2011-05-10 00:00:00-04:00,80.59784023216993,81.25429434250022,79.86844801287427,80.99900817871094,95520,0.0,0.0,0.0
2011-05-11 00:00:00-04:00,80.48844948982178,80.78020756011396,77.60735176213942,78.1543960571289,128740,0.0,0.0,0.0
2011-05-12 00:00:00-04:00,77.64382043020665,78.55556094988884,76.51326552469423,77.86264038085938,320000,0.0,0.0,0.0
2011-05-13 00:00:00-04:00,77.78967405835593,78.51906620974263,76.58617589560377,77.57085418701172,111460,0.0,0.0,0.0
2011-05-16 00:00:00-04:00,77.16969741916434,78.88376798582308,76.8050013171169,77.06028747558594,149620,0.0,0.0,0.0
2011-05-17 00:00:00-04:00,76.84148597208629,77.38853025603302,76.00268362373686,77.16971588134766,124780,0.0,0.0,0.0
2011-05-18 00:00:00-04:00,77.57087535329548,79.17554186309393,77.38852726569262,78.59202575683594,147040,0.0,0.0,0.0
2011-05-19 00:00:00-04:00,78.84732392088999,79.39436826663828,78.00852147777803,78.62850952148438,80760,0.0,0.0,0.0
2011-05-20 00:00:00-04:00,78.4461404356881,79.97786308135233,77.60733821680822,79.46728515625,52160,0.0,0.0,0.0
2011-05-23 00:00:00-04:00,77.64383028412641,78.3002846545739,77.42501587052605,77.7167739868164,55760,0.0,0.0,0.0
2011-05-24 00:00:00-04:00,78.22732323058041,79.72257965345719,77.97203704162673,78.37319946289062,106160,0.0,0.0,0.0
2011-05-25 00:00:00-04:00,78.11791778726673,80.23315666690404,78.04497966689756,79.94139862060547,61760,0.0,0.0,0.0
2011-05-26 00:00:00-04:00,79.94137341592344,80.63429925301298,79.28491940993023,80.56135559082031,96600,0.0,0.0,0.0
2011-05-27 00:00:00-04:00,80.96253634181775,81.76486667007877,80.41549217734601,80.99900817871094,89040,0.0,0.0,0.0
2011-05-31 00:00:00-04:00,82.34838359603783,82.56719792539074,80.48843119002227,81.58251953125,158240,0.0,0.0,0.0
2011-06-01 00:00:00-04:00,81.54607191103781,82.0566443611337,79.4308328545419,79.68611907958984,77880,0.0,0.0,0.0
2011-06-02 00:00:00-04:00,79.68613861904473,80.52494119115731,78.88380790152023,79.72261047363281,59980,0.0,0.0,0.0
2011-06-03 00:00:00-04:00,78.44614358441542,80.34256243920625,77.8990993629476,79.57669830322266,80240,0.0,0.0,0.0
2011-06-06 00:00:00-04:00,79.46730182716352,79.9049417304383,77.31559641696015,77.38853454589844,53080,0.0,0.0,0.0
2011-06-07 00:00:00-04:00,78.08145186624806,78.51908615528453,77.02382963918618,77.46146392822266,72240,0.0,0.0,0.0
2011-06-08 00:00:00-04:00,77.35206476048396,78.84731581287619,77.3155929152554,77.75322723388672,84940,0.0,0.0,0.0
2011-06-09 00:00:00-04:00,78.19086959302746,78.95673390300422,77.86264521150763,78.62850952148438,98620,0.0,0.0,0.0
2011-06-10 00:00:00-04:00,78.00851942184696,78.30027751152127,76.9144307591853,77.0967788696289,135080,0.0,0.0,0.0
2011-06-13 00:00:00-04:00,77.09674890330358,77.46144498243902,74.32506204076657,75.16386413574219,76020,0.0,0.0,0.0
2011-06-14 00:00:00-04:00,76.2579562836157,77.13322469249583,75.89326018577884,76.65911865234375,111900,0.0,0.0,0.0
2011-06-15 00:00:00-04:00,75.8932694718332,76.84147610333602,74.7627092042789,75.30975341796875,95740,0.0,0.0,0.0
2011-06-16 00:00:00-04:00,75.38270363027678,76.07562975103843,74.43449684661373,75.20035552978516,130180,0.0,0.0,0.0
2011-06-17 00:00:00-04:00,75.82032479779424,75.9662065917592,74.39801208676987,75.0544662475586,47520,0.0,0.0,0.0
2011-06-20 00:00:00-04:00,74.87213246442596,75.34623864683469,74.2886163068733,74.7991943359375,48020,0.0,0.0,0.0
2011-06-21 00:00:00-04:00,75.38780591192993,76.99647245469292,75.38780591192993,76.70398712158203,66720,0.255,0.0,0.0
2011-06-22 00:00:00-04:00,76.37494154407271,77.76424273806468,76.26526442190259,76.59430694580078,64140,0.0,0.0,0.0
2011-06-23 00:00:00-04:00,75.05878287222183,76.00935347808245,73.85228404680723,75.93623352050781,63280,0.0,0.0,0.0
2011-06-24 00:00:00-04:00,75.78996931254228,76.00932911495521,74.62003363025987,74.76627349853516,32260,0.0,0.0,0.0
2011-06-27 00:00:00-04:00,74.1813026862518,74.87595600559047,73.77914026013364,74.69315338134766,66700,0.0,0.0,0.0
2011-06-28 00:00:00-04:00,75.24156083661875,76.59429913277151,75.16844090306599,76.52117919921875,42660,0.0,0.0,0.0
2011-06-29 00:00:00-04:00,77.06958877840802,78.60512973184964,76.88678615112465,78.0932846069336,68140,0.0,0.0,0.0
2011-06-30 00:00:00-04:00,78.38577561329832,79.04386628183846,78.3126556676148,78.75138092041016,27800,0.0,0.0,0.0
2011-07-01 00:00:00-04:00,78.64168929515597,79.66537950341618,77.80079612806233,79.62882232666016,103300,0.0,0.0,0.0
2011-07-05 00:00:00-04:00,79.37291803417651,80.6525366675687,79.37291803417651,80.06756591796875,40020,0.0,0.0,0.0
2011-07-06 00:00:00-04:00,80.0309951263057,80.0309951263057,78.86105932315502,79.59226989746094,89220,0.0,0.0,0.0
2011-07-07 00:00:00-04:00,80.39657995359693,80.68906522462447,79.59224964229058,79.81161499023438,42240,0.0,0.0,0.0
2011-07-08 00:00:00-04:00,78.6782660602143,79.29979400673895,78.38578067988075,78.86106872558594,172660,0.0,0.0,0.0
2011-07-11 00:00:00-04:00,77.83735711526519,77.83735711526519,76.04589358441739,76.33837890625,45680,0.0,0.0,0.0
2011-07-12 00:00:00-04:00,76.19215900603525,77.25241795588582,75.82655362581686,76.30184173583984,103180,0.0,0.0,0.0
2011-07-13 00:00:00-04:00,76.85022501778039,78.16640619350459,76.70398514434152,77.03302764892578,58760,0.0,0.0,0.0
2011-07-14 00:00:00-04:00,77.43521775491612,77.69114039577494,75.86311356293317,75.93623352050781,35360,0.0,0.0,0.0
2011-07-15 00:00:00-04:00,79.37290677471846,81.16437037586132,79.08042144140904,81.1278076171875,85920,0.0,0.0,0.0
2011-07-18 00:00:00-04:00,80.50628391912957,80.76220650695302,79.77507333752314,80.5428466796875,63780,0.0,0.0,0.0
2011-07-19 00:00:00-04:00,81.05469140172998,82.55367531711205,81.05469140172998,82.4439926147461,59200,0.0,0.0,0.0
2011-07-20 00:00:00-04:00,82.91925297832121,83.21173822761372,82.1149227267859,82.8095703125,57300,0.0,0.0,0.0
2011-07-21 00:00:00-04:00,83.35797689729014,84.19886988523805,83.24829423300267,83.94294738769531,61160,0.0,0.0,0.0
2011-07-22 00:00:00-04:00,84.01609875590613,84.74730935329661,83.6139306958637,84.63762664794922,64580,0.0,0.0,0.0
2011-07-25 00:00:00-04:00,83.57736047108423,84.78385330555177,83.43111502721105,84.05264282226562,45280,0.0,0.0,0.0
2011-07-26 00:00:00-04:00,83.94297063649611,84.93010373109516,83.54080261562181,84.0892105102539,79000,0.0,0.0,0.0
2011-07-27 00:00:00-04:00,83.46769369831185,83.72361630052218,82.22463229248488,82.55368041992188,61080,0.0,0.0,0.0
2011-07-28 00:00:00-04:00,82.44399514469661,83.39457115611313,82.00526990046367,82.33431243896484,49220,0.0,0.0,0.0
2011-07-29 00:00:00-04:00,81.27405874566891,82.62679723060819,81.01813615317134,81.78590393066406,68840,0.0,0.0,0.0
2011-08-01 00:00:00-04:00,83.24828879688825,83.28485154216054,81.09122071442334,81.93211364746094,69860,0.0,0.0,0.0
2011-08-02 00:00:00-04:00,81.12782897821161,82.33432780910151,79.33636490537478,79.40948486328125,74520,0.0,0.0,0.0
2011-08-03 00:00:00-04:00,79.44603197524474,79.555714679837,77.1061547324883,78.9341812133789,161600,0.0,0.0,0.0
2011-08-04 00:00:00-04:00,77.83736996479558,77.87393272807057,73.34042901669352,73.59635162353516,186580,0.0,0.0,0.0
2011-08-05 00:00:00-04:00,74.364114958825,74.91252290270629,69.13596369011199,71.65863800048828,177460,0.0,0.0,0.0
2011-08-08 00:00:00-04:00,68.55099637743453,69.20908705839678,64.30997250340616,64.89494323730469,196320,0.0,0.0,0.0
2011-08-09 00:00:00-04:00,66.35736565547738,68.51443481445312,63.83469117608578,68.51443481445312,197480,0.0,0.0,0.0
2011-08-10 00:00:00-04:00,67.3810622908382,69.31877162268142,66.17456360658151,66.61328887939453,210940,0.0,0.0,0.0
2011-08-11 00:00:00-04:00,67.41762768448541,71.51241227248924,66.43049430579332,70.48871612548828,128560,0.0,0.0,0.0
2011-08-12 00:00:00-04:00,71.58552980830078,72.13393784220702,70.19622833999928,70.67151641845703,66520,0.0,0.0,0.0
2011-08-15 00:00:00-04:00,71.293044090271,73.1210708618164,71.293044090271,73.1210708618164,62300,0.0,0.0,0.0
2011-08-16 00:00:00-04:00,72.17049551131004,72.57266363699812,70.67151688919863,71.21992492675781,39000,0.0,0.0,0.0
2011-08-17 00:00:00-04:00,71.91456808181633,73.0845040348734,71.14680022763574,71.58552551269531,34100,0.0,0.0,0.0
2011-08-18 00:00:00-04:00,69.39187653630957,69.42843371355121,66.54015451287621,67.23480224609375,81920,0.0,0.0,0.0
2011-08-19 00:00:00-04:00,66.06487526945733,68.18538708267337,65.80895268032819,65.95519256591797,98460,0.0,0.0,0.0
2011-08-22 00:00:00-04:00,67.49073789026073,68.00258305814555,64.41965014687005,64.7852554321289,97220,0.0,0.0,0.0
2011-08-23 00:00:00-04:00,65.18743119336904,67.67354854313983,64.63902320056789,67.6369857788086,46360,0.0,0.0,0.0
2011-08-24 00:00:00-04:00,67.3810510843402,68.22194430495023,66.46703792687137,68.07569885253906,79100,0.0,0.0,0.0
2011-08-25 00:00:00-04:00,68.5144428176697,68.91661094858244,65.99176804360282,66.06488800048828,44680,0.0,0.0,0.0
2011-08-26 00:00:00-04:00,65.44336134320848,67.85635902086075,64.45622795823992,67.71011352539062,139580,0.0,0.0,0.0
2011-08-29 00:00:00-04:00,68.98968425279963,70.34242206585623,68.66064187997472,70.19618225097656,48380,0.0,0.0,0.0
2011-08-30 00:00:00-04:00,69.72093309143845,71.69520515768373,69.20908787724214,71.14679718017578,66500,0.0,0.0,0.0
2011-08-31 00:00:00-04:00,71.73176541481695,72.82858141681322,71.07367469788025,71.58552551269531,69160,0.0,0.0,0.0
2011-09-01 00:00:00-04:00,71.73173428634672,73.12103506838447,71.1102066040039,71.1102066040039,90980,0.0,0.0,0.0
2011-09-02 00:00:00-04:00,69.02627563476562,69.90372604547919,68.47786773339624,69.02627563476562,58240,0.0,0.0,0.0
2011-09-06 00:00:00-04:00,66.7229704578671,67.96602630615234,65.84551992715923,67.96602630615234,54480,0.0,0.0,0.0
2011-09-07 00:00:00-04:00,69.1725398456324,70.89088409204152,69.06285711103276,70.74464416503906,37460,0.0,0.0,0.0
2011-09-08 00:00:00-04:00,70.3059047877608,71.293038044952,69.02628615618474,69.39189147949219,25140,0.0,0.0,0.0
2011-09-09 00:00:00-04:00,68.47786524590718,68.95315319223434,66.35735365523534,66.8326416015625,57960,0.0,0.0,0.0
2011-09-12 00:00:00-04:00,65.51646274909737,66.97888381750889,64.85837215257345,66.64984130859375,99680,0.0,0.0,0.0
2011-09-13 00:00:00-04:00,66.79606414330705,67.71007707788621,65.88205120872789,67.30791473388672,52620,0.0,0.0,0.0
2011-09-14 00:00:00-04:00,67.78321138553501,69.17251245674645,66.393915893017,68.33161926269531,31160,0.0,0.0,0.0
2011-09-15 00:00:00-04:00,69.09937647149003,70.04995213590801,68.77033405310264,69.94026947021484,69100,0.0,0.0,0.0
2011-09-16 00:00:00-04:00,70.12308707831836,70.52524950043939,68.91658865456868,69.53811645507812,28820,0.0,0.0,0.0
2011-09-19 00:00:00-04:00,67.71011112712465,68.95317269046336,66.46705514248097,68.22196197509766,38800,0.0,0.0,0.0
2011-09-20 00:00:00-04:00,68.36820688839033,69.5381430028269,67.52731338846249,67.60043334960938,29100,0.0,0.0,0.0
2011-09-21 00:00:00-04:00,67.45417287582468,68.84347402911429,65.04117584228516,65.04117584228516,60580,0.0,0.0,0.0
2011-09-22 00:00:00-04:00,62.95723891769801,63.03035887052285,59.30118548950771,60.690486907958984,133400,0.0,0.0,0.0
2011-09-23 00:00:00-04:00,59.95925028046613,60.94638316324752,59.04523731887366,59.26460266113281,102140,0.0,0.0,0.0
2011-09-26 00:00:00-04:00,59.666766767562265,61.45823557205828,58.13122606277466,61.42167282104492,66480,0.0,0.0,0.0
2011-09-27 00:00:00-04:00,63.17661128144368,64.7852727347404,62.591640437320095,62.92068862915039,48760,0.0,0.0,0.0
2011-09-28 00:00:00-04:00,63.14004206243441,63.395964688587284,59.70335404565045,59.77647399902344,165200,0.0,0.0,0.0
2011-09-29 00:00:00-04:00,61.31201663597071,61.60450203436544,58.42373657622325,59.88615798950195,117280,0.0,0.0,0.0
2011-09-30 00:00:00-04:00,58.86244862094592,59.37429376878101,57.83875274658203,57.83875274658203,124380,0.0,0.0,0.0
2011-10-03 00:00:00-04:00,57.144106712676994,57.32690935374205,54.584869737766134,54.731109619140625,87840,0.0,0.0,0.0
2011-10-04 00:00:00-04:00,54.14614294273135,56.99785959758718,52.09875119077431,56.851619720458984,120980,0.0,0.0,0.0
2011-10-05 00:00:00-04:00,57.03443343551071,59.557108067526535,56.230102797671954,59.228065490722656,59780,0.0,0.0,0.0
2011-10-06 00:00:00-04:00,59.00870009951352,60.94640953219334,58.38717213246013,60.690486907958984,97380,0.0,0.0,0.0
2011-10-07 00:00:00-04:00,61.05608677347379,61.34857213722928,58.460286840848376,59.045257568359375,33940,0.0,0.0,0.0
2011-10-10 00:00:00-04:00,60.32487312482588,62.33570222898674,60.32487312482588,62.116336822509766,49440,0.0,0.0,0.0
2011-10-11 00:00:00-04:00,61.421692434665374,62.66474826436539,61.238889778609824,61.97010040283203,57880,0.0,0.0,0.0
2011-10-12 00:00:00-04:00,62.66475945538545,64.05406100525569,62.55508230512084,62.957244873046875,88200,0.0,0.0,0.0
2011-10-13 00:00:00-04:00,62.2991212161981,63.39593676985435,61.05606582019797,62.9937744140625,35540,0.0,0.0,0.0
2011-10-14 00:00:00-04:00,64.01751354579885,65.80897793590901,63.94438799624645,65.77241516113281,33460,0.0,0.0,0.0
2011-10-17 00:00:00-04:00,65.6627166282097,65.95519641646459,64.63902063323447,64.89494323730469,60100,0.0,0.0,0.0
2011-10-18 00:00:00-04:00,64.71213001089068,67.2713667909824,63.651877004901486,66.8326416015625,72480,0.0,0.0,0.0
2011-10-19 00:00:00-04:00,66.86920566804187,67.74666171596276,65.80895255283492,66.21112060546875,116280,0.0,0.0,0.0
2011-10-20 00:00:00-04:00,66.24768796685926,66.68641326888583,64.3099785059891,66.10144805908203,51100,0.0,0.0,0.0
2011-10-21 00:00:00-04:00,66.97886766270187,68.03912602878995,66.86918499328692,67.929443359375,44200,0.0,0.0,0.0
2011-10-24 00:00:00-04:00,68.07567733523457,69.31873818370266,68.07567733523457,69.09937286376953,31580,0.0,0.0,0.0
2011-10-25 00:00:00-04:00,68.98971037044814,69.09939306247648,66.57671903929202,66.8326416015625,29840,0.0,0.0,0.0
2011-10-26 00:00:00-04:00,67.85635960108716,69.06285287153455,66.1380098814652,68.66069030761719,34860,0.0,0.0,0.0
2011-10-27 00:00:00-04:00,71.25648288494821,73.0113897398296,70.45215220358033,72.24362182617188,64960,0.0,0.0,0.0
2011-10-28 00:00:00-04:00,71.14679127960662,73.01137490127748,71.11022851932731,72.7920150756836,41240,0.0,0.0,0.0
2011-10-31 00:00:00-04:00,71.69520068238411,71.69520068238411,69.2090835571289,69.2090835571289,34720,0.0,0.0,0.0
2011-11-01 00:00:00-04:00,66.32080385500784,67.85635068600779,65.07774797902121,67.08857727050781,41840,0.0,0.0,0.0
2011-11-02 00:00:00-04:00,68.40473653572094,70.19619982049609,68.40473653572094,70.01339721679688,35500,0.0,0.0,0.0
2011-11-03 00:00:00-04:00,71.07366746768545,72.02424347085972,69.5746890979957,71.73175811767578,81160,0.0,0.0,0.0
2011-11-04 00:00:00-04:00,70.56181520872478,72.4995242032523,70.19620994857594,72.20703887939453,32140,0.0,0.0,0.0
2011-11-07 00:00:00-05:00,71.95113896277114,73.12107504779682,71.03712552467367,72.13394165039062,29580,0.0,0.0,0.0
2011-11-08 00:00:00-05:00,72.5726426106543,73.15761324604627,71.25646147036909,73.01136779785156,72280,0.0,0.0,0.0
2011-11-09 00:00:00-05:00,70.52524893896674,71.32958493419184,69.20907341519464,69.31875610351562,35440,0.0,0.0,0.0
2011-11-10 00:00:00-05:00,70.70806109100135,71.6586370796581,69.24563992611037,70.9639892578125,34720,0.0,0.0,0.0
2011-11-11 00:00:00-05:00,71.8780142552189,72.79202763293686,71.73176876756706,72.49954223632812,53820,0.0,0.0,0.0
2011-11-14 00:00:00-05:00,72.0242405254214,72.06080328508445,70.52525663833863,71.36614990234375,31420,0.0,0.0,0.0
2011-11-15 00:00:00-05:00,70.92743795719785,72.60922480003207,70.7811980485579,72.09737396240234,29500,0.0,0.0,0.0
2011-11-16 00:00:00-05:00,71.40269186001589,73.4500774947153,71.03708668467397,71.1102066040039,47380,0.0,0.0,0.0
2011-11-17 00:00:00-05:00,70.85433322584932,71.29305862472377,68.1854124795435,68.62413787841797,52260,0.0,0.0,0.0
2011-11-18 00:00:00-05:00,69.02626789979807,69.61123291515902,68.0756920791336,68.69721984863281,45560,0.0,0.0,0.0
2011-11-21 00:00:00-05:00,66.94233753892914,67.56386547847514,65.73583884528422,67.16169738769531,36400,0.0,0.0,0.0
2011-11-22 00:00:00-05:00,67.05201125826338,67.63698198256326,65.73583549663006,66.57672882080078,52380,0.0,0.0,0.0
2011-11-23 00:00:00-05:00,65.47992966003333,65.55304962461642,63.8347053527832,63.8347053527832,46540,0.0,0.0,0.0
2011-11-25 00:00:00-05:00,63.615319002728654,64.38309232561845,63.17659378051758,63.17659378051758,11020,0.0,0.0,0.0
2011-11-28 00:00:00-05:00,65.77240526242844,66.72298147658671,65.73584807185026,66.35737609863281,49420,0.0,0.0,0.0
2011-11-29 00:00:00-05:00,66.50360453693558,68.2219539796137,66.32080187951829,67.74666595458984,48240,0.0,0.0,0.0
2011-11-30 00:00:00-05:00,70.08654141182255,71.65864546375613,70.08654141182255,71.58552551269531,45460,0.0,0.0,0.0
2011-12-01 00:00:00-05:00,71.47582693329365,72.20703743900509,70.5252510443914,71.03710174560547,39460,0.0,0.0,0.0
2011-12-02 00:00:00-05:00,71.73178320189855,72.42643685596384,70.9274523833931,71.07369232177734,24860,0.0,0.0,0.0
2011-12-05 00:00:00-05:00,72.49953884769221,72.68234151469159,70.92743479575861,71.58552551269531,33160,0.0,0.0,0.0
2011-12-06 00:00:00-05:00,71.36614318040958,72.82856417008475,71.00053793299078,72.31671905517578,36920,0.0,0.0,0.0
2011-12-07 00:00:00-05:00,71.9876732348907,72.28015855770455,70.85430027969066,71.80487060546875,47040,0.0,0.0,0.0
2011-12-08 00:00:00-05:00,71.29303750299118,71.62208005998875,68.62411754739672,68.8434829711914,60700,0.0,0.0,0.0
2011-12-09 00:00:00-05:00,69.31875023913781,70.8177282570667,69.209067560096,70.56180572509766,25200,0.0,0.0,0.0
2011-12-12 00:00:00-05:00,69.64781527108742,69.64781527108742,67.08857796453829,68.03915405273438,29200,0.0,0.0,0.0
2011-12-13 00:00:00-05:00,68.25850447413693,69.24563761170648,65.73583028049319,66.3939208984375,37080,0.0,0.0,0.0
2011-12-14 00:00:00-05:00,65.37021824488902,65.44333817739326,63.50562928321783,63.72499465942383,138160,0.0,0.0,0.0
2011-12-15 00:00:00-05:00,64.45619475451875,64.89491985753544,63.14001386677629,63.505619049072266,224580,0.0,0.0,0.0
2011-12-16 00:00:00-05:00,63.94437677183725,64.67558750943948,63.46909425535196,64.23686218261719,23440,0.0,0.0,0.0
2011-12-19 00:00:00-05:00,64.49275292962318,64.56587843017476,62.335684551970395,62.555049896240234,54080,0.0,0.0,0.0
2011-12-20 00:00:00-05:00,63.944360023166055,65.33366117645566,63.907802843078336,65.04117584228516,38920,0.0,0.0,0.0
2011-12-21 00:00:00-05:00,64.95331177192337,65.8320521793718,64.33087414176806,65.68559265136719,30960,0.13,0.0,0.0
2011-12-22 00:00:00-05:00,65.79543756864355,67.44306958916147,65.79543756864355,67.223388671875,29840,0.0,0.0,0.0
2011-12-23 00:00:00-05:00,67.44308001843663,67.73599354030742,66.8206422762492,67.260009765625,36360,0.0,0.0,0.0
2011-12-27 00:00:00-05:00,66.93047519529983,67.6627560933078,66.85724822287102,67.223388671875,24800,0.0,0.0,0.0
2011-12-28 00:00:00-05:00,67.22338117725872,67.3332188302264,65.68558699340005,65.83204650878906,33620,0.0,0.0,0.0
2011-12-29 00:00:00-05:00,66.34463413222299,66.7840014602128,66.05172071794355,66.67416381835938,26460,0.0,0.0,0.0
2011-12-30 00:00:00-05:00,66.6375607981815,67.11354449268332,66.45449057620847,66.60094451904297,29880,0.0,0.0,0.0
2012-01-03 00:00:00-05:00,68.06547387596473,69.27373788287534,67.91902000288465,68.87098693847656,41240,0.0,0.0,0.0
2012-01-04 00:00:00-05:00,68.57808870395459,69.27375313453163,67.95565122603962,69.16390991210938,25940,0.0,0.0,0.0
2012-01-05 00:00:00-05:00,68.83437825447052,69.38358871926683,68.13871390047163,69.0906753540039,38260,0.0,0.0,0.0
2012-01-06 00:00:00-05:00,69.42020100971993,69.42020100971993,68.28516387939453,68.28516387939453,17760,0.0,0.0,0.0
2012-01-09 00:00:00-05:00,68.39501753448671,68.76115787933209,68.02887718964135,68.2485580444336,20700,0.0,0.0,0.0
2012-01-10 00:00:00-05:00,69.31034439852134,69.53002517725112,68.35837759678995,68.50483703613281,25240,0.0,0.0,0.0
2012-01-11 00:00:00-05:00,67.99228827961305,67.99228827961305,66.01513185660971,66.05174255371094,30200,0.0,0.0,0.0
2012-01-12 00:00:00-05:00,65.90526284192325,66.08833301648414,64.77022552490234,64.77022552490234,61260,0.0,0.0,0.0
2012-01-13 00:00:00-05:00,64.25761004666097,64.29422630422219,63.23241629036858,63.59855651855469,85460,0.0,0.0,0.0
2012-01-17 00:00:00-05:00,64.29424275311355,64.44069664711381,63.195821787537746,63.635189056396484,38600,0.0,0.0,0.0
2012-01-18 00:00:00-05:00,63.56198470999845,64.55056281315174,63.15922797800344,64.51394653320312,42920,0.0,0.0,0.0
2012-01-19 00:00:00-05:00,64.88006391597256,64.91668018290159,63.48872957553828,63.635189056396484,220180,0.0,0.0,0.0
2012-01-20 00:00:00-05:00,63.52535540335273,63.671809319395045,62.683231418962464,63.195831298828125,31400,0.0,0.0,0.0
2012-01-23 00:00:00-05:00,64.25765647888184,66.08835894266765,64.25765647888184,65.90528869628906,91960,0.0,0.0,0.0
2012-01-24 00:00:00-05:00,65.24620338094361,65.42927353946862,64.66038222577828,65.13636016845703,40240,0.0,0.0,0.0
2012-01-25 00:00:00-05:00,65.20961160475666,67.22338393229776,64.25764426972071,67.04031372070312,109300,0.0,0.0,0.0
2012-01-26 00:00:00-05:00,67.33318920047311,67.36980545992232,64.51391041544555,64.80682373046875,118620,0.0,0.0,0.0
2012-01-27 00:00:00-05:00,64.44069580080512,65.39266285987834,64.44069580080512,65.13636016845703,106860,0.0,0.0,0.0
2012-01-30 00:00:00-05:00,64.5871725596329,64.91670231376094,63.818280973720505,64.84347534179688,49600,0.0,0.0,0.0
2012-01-31 00:00:00-05:00,65.13638524114859,65.46591500545293,63.70843968974318,64.0379638671875,215460,0.0,0.0,0.0
2012-02-01 00:00:00-05:00,64.40408038018478,64.51392359411395,63.26904873453788,63.635189056396484,48620,0.0,0.0,0.0
2012-02-02 00:00:00-05:00,63.67180539854876,64.55054560126705,63.48873522133975,64.22101593017578,31040,0.0,0.0,0.0
2012-02-03 00:00:00-05:00,64.98991111283513,65.17298128498396,64.40408432721556,65.0997543334961,68580,0.0,0.0,0.0
2012-02-06 00:00:00-05:00,64.55055216717484,66.23479461669922,64.55055216717484,66.23479461669922,59120,0.0,0.0,0.0
2012-02-07 00:00:00-05:00,65.97851909123824,66.893870370492,65.28285435374973,66.78402709960938,49360,0.0,0.0,0.0
2012-02-08 00:00:00-05:00,66.71078491210938,67.22338486379302,66.08834730143454,66.71078491210938,61520,0.0,0.0,0.0
2012-02-09 00:00:00-05:00,67.04028600898258,67.25996681997337,66.12493532937799,66.9304428100586,50200,0.0,0.0,0.0
2012-02-10 00:00:00-05:00,66.23481279979868,66.27142908376044,65.4659211183465,66.05174255371094,155640,0.0,0.0,0.0
2012-02-13 00:00:00-05:00,67.15014936871395,67.22338192064792,66.27141461409946,66.96707916259766,107020,0.0,0.0,0.0
2012-02-14 00:00:00-05:00,67.07690819428377,67.8458051318353,66.93045429515878,67.7359619140625,100840,0.0,0.0,0.0
2012-02-15 00:00:00-05:00,68.06551906115226,69.2005568850159,67.8824488048427,68.94425964355469,89860,0.0,0.0,0.0
2012-02-16 00:00:00-05:00,68.61467521075578,70.15246860911546,68.17530806273433,69.96939849853516,80100,0.0,0.0,0.0
2012-02-17 00:00:00-05:00,70.40880576741472,70.8481731657997,70.07927602848129,70.55525970458984,62000,0.0,0.0,0.0
2012-02-21 00:00:00-05:00,70.66509252641015,71.28753004787205,70.26233587830369,70.51863861083984,81280,0.0,0.0,0.0
2012-02-22 00:00:00-05:00,70.4087866835664,70.59185684884513,69.5666628059127,69.7497329711914,88240,0.0,0.0,0.0
2012-02-23 00:00:00-05:00,70.15248970763044,71.21429443359375,69.34697650933212,71.21429443359375,70460,0.0,0.0,0.0
2012-02-24 00:00:00-05:00,71.21431442651993,71.83675204706617,71.14108745707796,71.39738464355469,122540,0.0,0.0,0.0
2012-02-27 00:00:00-05:00,71.10447223912635,71.50722895735196,70.62848855036694,70.84817504882812,37320,0.0,0.0,0.0
2012-02-28 00:00:00-05:00,70.95800591518449,71.36075697626632,70.22572516391708,70.59186553955078,90560,0.0,0.0,0.0
2012-02-29 00:00:00-05:00,70.62847039333926,70.81154056604035,69.12729832930525,69.639892578125,169700,0.0,0.0,0.0
2012-03-01 00:00:00-05:00,70.07926368741484,70.66509050666953,69.60328568198634,70.44540405273438,51600,0.0,0.0,0.0
2012-03-02 00:00:00-05:00,70.55523951373192,70.55523951373192,68.72453788863842,68.83438110351562,68220,0.0,0.0,0.0
2012-03-05 00:00:00-05:00,68.68794920277564,68.83440314493585,67.33322509692472,68.06550598144531,66120,0.0,0.0,0.0
2012-03-06 00:00:00-05:00,67.07690717914909,67.15013412760338,66.19817262398156,66.74738311767578,72240,0.0,0.0,0.0
2012-03-07 00:00:00-05:00,67.04031552011509,67.7359801081031,66.34464534526744,67.47968292236328,26160,0.0,0.0,0.0
2012-03-08 00:00:00-05:00,68.02890941539036,68.79780115167982,67.58954191081625,68.54150390625,86640,0.0,0.0,0.0
2012-03-09 00:00:00-05:00,68.39500907385636,69.42020302997604,68.32178213131729,68.57807922363281,32240,0.0,0.0,0.0
2012-03-12 00:00:00-04:00,68.3950079557224,68.61468877974822,67.18674386957919,67.5895004272461,38460,0.0,0.0,0.0
2012-03-13 00:00:00-04:00,68.06547941110135,68.83437627444188,67.0769017202761,68.79776000976562,222360,0.0,0.0,0.0
2012-03-14 00:00:00-04:00,68.68795700423856,69.23716773000744,67.735989511495,67.91905975341797,100200,0.0,0.0,0.0
2012-03-15 00:00:00-04:00,68.10210327148437,69.01745412190755,67.69934666255489,68.65131378173828,114680,0.0,0.0,0.0
2012-03-16 00:00:00-04:00,69.12730030699072,70.00603492635267,68.98084081252476,69.7863540649414,98180,0.0,0.0,0.0
2012-03-19 00:00:00-04:00,69.78636815413103,71.06785965842198,69.38361144661003,70.55525970458984,77780,0.0,0.0,0.0
2012-03-20 00:00:00-04:00,69.96945419626041,69.96945419626041,68.5048921457839,68.94425964355469,97620,0.0,0.0,0.0
2012-03-21 00:00:00-04:00,69.05410398397058,69.05410398397058,67.9190661425316,68.54150390625,42420,0.0,0.0,0.0
2012-03-22 00:00:00-04:00,67.84581083535763,67.84581083535763,65.4658984599291,65.9784927368164,141380,0.0,0.0,0.0
2012-03-23 00:00:00-04:00,66.0883510452187,67.47968586880582,65.57575665135708,67.223388671875,95900,0.0,0.0,0.0
2012-03-26 00:00:00-04:00,67.84583107528897,68.2485822453191,66.96709058394453,67.40646362304688,48860,0.0,0.0,0.0
2012-03-27 00:00:00-04:00,67.33321772838835,67.33321772838835,66.41786672290803,66.5277099609375,85580,0.0,0.0,0.0
2012-03-28 00:00:00-04:00,66.19817044001684,66.23478111960712,64.5505390132917,65.13636016845703,153280,0.0,0.0,0.0
2012-03-29 00:00:00-04:00,64.66040602176102,64.77024368781161,63.5253683864522,64.58717346191406,77900,0.0,0.0,0.0
2012-03-30 00:00:00-04:00,64.91669269578951,65.31944377535068,64.11118494980812,64.69700622558594,43320,0.0,0.0,0.0
2012-04-02 00:00:00-04:00,64.51393601946945,66.34463798135485,64.44070905836584,65.94188690185547,129900,0.0,0.0,0.0
2012-04-03 00:00:00-04:00,65.75880317692837,65.79541385651865,64.47731206725327,65.13636016845703,82980,0.0,0.0,0.0
2012-04-04 00:00:00-04:00,64.22102275005456,64.36748225948993,63.26906107959031,63.74504470825195,82120,0.0,0.0,0.0
2012-04-05 00:00:00-04:00,63.4887332691853,64.47731666520367,62.902912072244405,63.12259292602539,68680,0.0,0.0,0.0
2012-04-09 00:00:00-04:00,62.060783386230476,62.60999385867499,61.511572913785955,62.06078338623047,76100,0.0,0.0,0.0
2012-04-10 00:00:00-04:00,62.02418639501781,62.46355937900201,60.48639771165183,60.66946792602539,66760,0.0,0.0,0.0
2012-04-11 00:00:00-04:00,61.365133323061414,61.694657448577225,59.82733917236328,59.82733917236328,143520,0.0,0.0,0.0
2012-04-12 00:00:00-04:00,60.19346926588605,62.06078722236417,60.010399097088516,61.9875602722168,87800,0.0,0.0,0.0
2012-04-13 00:00:00-04:00,61.95093996729139,61.98755623340843,60.41315176695855,60.596221923828125,67240,0.0,0.0,0.0
2012-04-16 00:00:00-04:00,60.998985169115144,61.21866602924873,59.20489408363621,59.75410461425781,72700,0.0,0.0,0.0
2012-04-17 00:00:00-04:00,60.4864005727083,61.731281441448125,60.41317360086709,60.999000549316406,36620,0.0,0.0,0.0
2012-04-18 00:00:00-04:00,60.77928911930053,60.77928911930053,59.7540951734107,59.97378158569336,99600,0.0,0.0,0.0
2012-04-19 00:00:00-04:00,60.083607783215044,61.07218518492292,59.86392143312175,60.486358642578125,49600,0.0,0.0,0.0
2012-04-20 00:00:00-04:00,60.96236789297753,61.40173519285255,59.64426040649414,59.64426040649414,39740,0.0,0.0,0.0
2012-04-23 00:00:00-04:00,58.802143046628764,60.08363428474582,57.99662979889702,59.75410461425781,64700,0.0,0.0,0.0
2012-04-24 00:00:00-04:00,60.04702090927171,60.59623146636871,59.31474016647571,60.2300910949707,48860,0.0,0.0,0.0
2012-04-25 00:00:00-04:00,61.47496325466107,62.13401700979885,60.413158461892394,61.87771987915039,63500,0.0,0.0,0.0
2012-04-26 00:00:00-04:00,61.474955878470595,63.56196011713678,61.43834519954701,63.41550064086914,232620,0.0,0.0,0.0
2012-04-27 00:00:00-04:00,63.781661021708345,64.25764469235698,62.68323974491592,64.18441772460938,76040,0.0,0.0,0.0
2012-04-30 00:00:00-04:00,64.18440347275194,65.20959755415704,63.269052612007776,65.0997543334961,175020,0.0,0.0,0.0
2012-05-01 00:00:00-04:00,65.02654432935553,66.34464656023859,64.22103089247955,65.68559265136719,142640,0.0,0.0,0.0
2012-05-02 00:00:00-04:00,64.88006480944281,64.88006480944281,62.97613622693048,63.15920639038086,153740,0.0,0.0,0.0
2012-05-03 00:00:00-04:00,63.41552384405045,63.70843731690242,61.767891844475386,61.95096206665039,144840,0.0,0.0,0.0
2012-05-04 00:00:00-04:00,61.474975751897134,61.54820830713421,60.08364659214575,60.66946792602539,137840,0.0,0.0,0.0
2012-05-07 00:00:00-04:00,60.4864005727083,61.58482191090588,59.75411968057657,60.999000549316406,72000,0.0,0.0,0.0
2012-05-08 00:00:00-04:00,60.33992964840587,61.511577628724204,59.24150861932151,61.438350677490234,109440,0.0,0.0,0.0
2012-05-09 00:00:00-04:00,60.41315196889692,62.39030743495405,59.75409828459193,62.06078338623047,174460,0.0,0.0,0.0
2012-05-10 00:00:00-04:00,62.5367600488493,63.12258113637411,61.21865282491836,61.511566162109375,188820,0.0,0.0,0.0
2012-05-11 00:00:00-04:00,60.889135292191,62.243853335654265,60.41315176695855,60.596221923828125,93480,0.0,0.0,0.0
2012-05-14 00:00:00-04:00,59.90057277380548,60.010410426333486,59.02183244556679,59.20490264892578,93380,0.0,0.0,0.0
2012-05-15 00:00:00-04:00,59.241519180711016,59.387973109288296,56.641920047019795,57.008060455322266,161320,0.0,0.0,0.0
2012-05-16 00:00:00-04:00,57.26433260254426,58.875353047267446,56.53205210590376,56.568668365478516,146940,0.0,0.0,0.0
2012-05-17 00:00:00-04:00,56.751763461405574,57.19113083534783,55.28720182369189,55.54349899291992,167940,0.0,0.0,0.0
2012-05-18 00:00:00-04:00,56.092685476398024,56.53205266132772,55.0674916536575,55.28717803955078,157420,0.0,0.0,0.0
2012-05-21 00:00:00-04:00,55.177362093562806,57.59389118426,55.177362093562806,57.52066421508789,180400,0.0,0.0,0.0
2012-05-22 00:00:00-04:00,57.63047000515934,58.76550695364843,56.45882238576009,56.898189544677734,90340,0.0,0.0,0.0
2012-05-23 00:00:00-04:00,56.49546236252193,57.5938835144043,55.10412778609914,57.5938835144043,163000,0.0,0.0,0.0
2012-05-24 00:00:00-04:00,57.44742212522548,58.10647591211885,55.653336537382295,56.495460510253906,141320,0.0,0.0,0.0
2012-05-25 00:00:00-04:00,56.56868458409463,57.044668160749964,56.2391605008724,56.75175476074219,76580,0.0,0.0,0.0
2012-05-29 00:00:00-04:00,57.52066681923763,58.875385364263025,57.48405053956402,58.28955841064453,135300,0.0,0.0,0.0
2012-05-30 00:00:00-04:00,57.33760791085415,57.44744559783301,55.470289016159825,55.9096565246582,130400,0.0,0.0,0.0
2012-05-31 00:00:00-04:00,55.83639244628108,56.385602863785486,54.07891799289553,56.01946258544922,416160,0.0,0.0,0.0
2012-06-01 00:00:00-04:00,54.078918296611334,54.81119885739648,53.16356759562991,53.27341079711914,193640,0.0,0.0,0.0
2012-06-04 00:00:00-04:00,53.49311450421618,53.676184703632586,51.66241251005217,52.83406066894531,182320,0.0,0.0,0.0
2012-06-05 00:00:00-04:00,52.65098752761613,54.18877599941702,52.65098752761613,53.8958625793457,151840,0.0,0.0,0.0
2012-06-06 00:00:00-04:00,54.59151773468068,56.34898660120895,54.55490147210414,56.01946258544922,144200,0.0,0.0,0.0
2012-06-07 00:00:00-04:00,56.898209654387514,57.557263419123665,55.25057803597638,55.32381057739258,111540,0.0,0.0,0.0
2012-06-08 00:00:00-04:00,54.77460187656242,55.360423119546866,53.859250946719186,55.1041259765625,105600,0.0,0.0,0.0
2012-06-11 00:00:00-04:00,55.909652603084986,56.20256611715891,53.493128682411445,53.52973937988281,88640,0.0,0.0,0.0
2012-06-12 00:00:00-04:00,54.0057048452454,54.51829913106696,53.12697018759167,54.445072174072266,99220,0.0,0.0,0.0
2012-06-13 00:00:00-04:00,54.15218407506601,54.664784187383844,52.9439247526526,53.20022201538086,106180,0.0,0.0,0.0
2012-06-14 00:00:00-04:00,53.45649891666679,54.88444425572449,52.87067203626101,54.70137405395508,234380,0.0,0.0,0.0
2012-06-15 00:00:00-04:00,54.73800220652608,56.45886135919194,54.59154824807552,56.34901809692383,124460,0.0,0.0,0.0
2012-06-18 00:00:00-04:00,55.90963935076581,56.422239275608234,55.32381804833638,56.202552795410156,98980,0.0,0.0,0.0
2012-06-19 00:00:00-04:00,56.67855039917883,57.9600421465065,56.349020597749615,57.48405838012695,140380,0.0,0.0,0.0
2012-06-20 00:00:00-04:00,57.337581560757734,58.03324599727508,56.275771184086864,56.75175476074219,123600,0.0,0.0,0.0
2012-06-21 00:00:00-04:00,56.73707748734049,56.81057559962898,53.834081479744434,53.87083053588867,117380,0.28,0.0,0.0
2012-06-22 00:00:00-04:00,54.60574609912573,55.45091799882574,53.5768345954845,55.15694808959961,108380,0.0,0.0,0.0
2012-06-25 00:00:00-04:00,54.20153634133192,54.38527036282797,53.356358721026666,53.834068298339844,182360,0.0,0.0,0.0
2012-06-26 00:00:00-04:00,54.01778515274522,54.78947004063066,53.35634176414563,54.5322380065918,92520,0.0,0.0,0.0
2012-06-27 00:00:00-04:00,54.97321318154251,57.729223088228466,54.97321318154251,57.39849853515625,248120,0.0,0.0,0.0
2012-06-28 00:00:00-04:00,56.84729406544972,58.57439240994956,56.84729406544972,58.20692443847656,188660,0.0,0.0,0.0
2012-06-29 00:00:00-04:00,59.75031883484793,60.33826446533203,59.12561854222565,60.33826446533203,183860,0.0,0.0,0.0
2012-07-02 00:00:00-04:00,59.71355732218639,60.30150843712872,58.574404139654646,59.86054229736328,113640,0.0,0.0,0.0
2012-07-03 00:00:00-04:00,60.15450889330147,61.88160732636323,60.15450889330147,61.84486389160156,99540,0.0,0.0,0.0
2012-07-05 00:00:00-04:00,61.73460678607675,61.73460678607675,60.26473519593207,60.81593704223633,98560,0.0,0.0,0.0
2012-07-06 00:00:00-04:00,60.264754954782276,60.962941946167724,59.346084909739865,59.97077941894531,176200,0.0,0.0,0.0
2012-07-09 00:00:00-04:00,59.93404153810587,60.632228594222646,59.346090411920954,60.00753402709961,66180,0.0,0.0,0.0
2012-07-10 00:00:00-04:00,60.3382341972309,60.55871720250833,57.3984906981491,57.80270767211914,187560,0.0,0.0,0.0
2012-07-11 00:00:00-04:00,58.28040330887547,59.052082430348705,57.949678879288875,58.611122131347656,158300,0.0,0.0,0.0
2012-07-12 00:00:00-04:00,57.8762121868741,58.17018771940541,56.84730062657295,57.69247817993164,137260,0.0,0.0,0.0
2012-07-13 00:00:00-04:00,58.096679617827505,59.05209283277997,58.096679617827505,58.83161544799805,192300,0.0,0.0,0.0
2012-07-16 00:00:00-04:00,58.61115990592758,59.493081072323164,58.24369181874308,59.015377044677734,47340,0.0,0.0,0.0
2012-07-17 00:00:00-04:00,59.34608927712678,60.044276319893086,57.839468049535434,59.86054229736328,129700,0.0,0.0,0.0
2012-07-18 00:00:00-04:00,59.640047936001956,60.705702721881934,59.49305739535644,60.19124984741211,69500,0.0,0.0,0.0
2012-07-19 00:00:00-04:00,60.3750078681926,61.073194991254454,60.30151537215209,60.668983459472656,120700,0.0,0.0,0.0
2012-07-20 00:00:00-04:00,60.15452477295304,60.779219399974394,59.6768151380127,60.668983459472656,94060,0.0,0.0,0.0
2012-07-23 00:00:00-04:00,59.4930777188179,60.15452135988935,58.75814158587578,59.934043884277344,146320,0.0,0.0,0.0
2012-07-24 00:00:00-04:00,60.338236201824785,60.485226745931726,57.986443567272936,58.50089645385742,107280,0.0,0.0,0.0
2012-07-25 00:00:00-04:00,58.721386178505014,59.052105128095015,57.36175573102218,57.9864501953125,115080,0.0,0.0,0.0
2012-07-26 00:00:00-04:00,58.90512204779422,59.640058054361546,58.5009050013355,59.38283157348633,63940,0.0,0.0,0.0
2012-07-27 00:00:00-04:00,59.64006878806915,61.183433558203895,59.23585166886154,60.85271453857422,78260,0.0,0.0,0.0
2012-07-30 00:00:00-04:00,60.7424509621272,62.17557367015052,59.82378112182617,61.7713623046875,88560,0.0,0.0,0.0
2012-07-31 00:00:00-04:00,61.58764925952165,62.13885135095966,60.338254487991556,60.411746978759766,76040,0.0,0.0,0.0
2012-08-01 00:00:00-04:00,60.485223355936,60.962927177941054,60.044257355445765,60.5587158203125,112400,0.0,0.0,0.0
2012-08-02 00:00:00-04:00,59.82376821802631,59.82376821802631,57.47197056986165,57.655704498291016,243740,0.0,0.0,0.0
2012-08-03 00:00:00-04:00,58.68463112183986,59.67679347603851,58.42740467550924,59.08884811401367,104820,0.0,0.0,0.0
2012-08-06 00:00:00-04:00,58.90511685364815,60.007520766291165,58.90511685364815,59.640052795410156,60340,0.0,0.0,0.0
2012-08-07 00:00:00-04:00,60.08100755568732,62.24906613595146,60.08100755568732,61.7713623046875,90760,0.0,0.0,0.0
2012-08-08 00:00:00-04:00,61.80810603526726,62.469549444930855,61.25690412840022,61.6978645324707,207160,0.0,0.0,0.0
2012-08-09 00:00:00-04:00,61.44066449074479,63.057527476388536,61.367171993015106,62.726802825927734,120340,0.0,0.0,0.0
2012-08-10 00:00:00-04:00,62.17559693008841,62.50632156059056,61.367168289612884,62.396080017089844,84240,0.0,0.0,0.0
2012-08-13 00:00:00-04:00,62.80026672303691,62.80026672303691,61.14666104517574,61.29365158081055,75820,0.0,0.0,0.0
2012-08-14 00:00:00-04:00,61.477387964976394,62.02858987929397,61.18341248925052,61.550880432128906,42080,0.0,0.0,0.0
2012-08-15 00:00:00-04:00,61.550869137122696,62.02857849662482,61.18340126167719,61.881587982177734,87980,0.0,0.0,0.0
2012-08-16 00:00:00-04:00,62.32255811145043,63.057493911787745,61.95509021128177,62.91050338745117,75900,0.0,0.0,0.0
2012-08-17 00:00:00-04:00,63.094270921694296,63.351497467307254,62.32259128485542,62.726802825927734,36800,0.0,0.0,0.0
2012-08-20 00:00:00-04:00,62.432816421433834,62.83703349965863,61.91836341925427,62.285831451416016,61040,0.0,0.0,0.0
2012-08-21 00:00:00-04:00,62.61656256178112,63.4984893740046,61.91837540833269,62.175601959228516,58160,0.0,0.0,0.0
2012-08-22 00:00:00-04:00,61.808127404359766,62.35932950179541,61.44065933940267,62.32258605957031,50200,0.0,0.0,0.0
2012-08-23 00:00:00-04:00,61.99186076230561,62.28583633249608,60.37500353693448,60.411746978759766,81520,0.0,0.0,0.0
2012-08-24 00:00:00-04:00,60.4484852020999,61.29366271236718,59.97077568698217,60.99968719482422,50380,0.0,0.0,0.0
2012-08-27 00:00:00-04:00,61.29368396412426,61.514161473388015,60.63224022209587,60.96295928955078,39680,0.0,0.0,0.0
2012-08-28 00:00:00-04:00,61.03644240573789,61.367161391949416,60.558732842341186,61.256919860839844,55520,0.0,0.0,0.0
2012-08-29 00:00:00-04:00,61.36715873029508,61.36715873029508,60.63222269759694,60.70571517944336,47240,0.0,0.0,0.0
2012-08-30 00:00:00-04:00,60.33823969723756,60.33823969723756,59.529811282722605,59.640052795410156,56200,0.0,0.0,0.0
2012-08-31 00:00:00-04:00,60.2279965205501,60.66896255911715,59.45631716728997,60.30149459838867,45460,0.0,0.0,0.0
2012-09-04 00:00:00-04:00,60.301501062364466,60.33824449810634,59.45632354066757,60.154510498046875,30960,0.0,0.0,0.0
2012-09-05 00:00:00-04:00,60.00752701435117,60.705713988874685,60.00752701435117,60.228004455566406,32480,0.0,0.0,0.0
2012-09-06 00:00:00-04:00,60.70570485067667,62.76352763495019,60.70570485067667,61.91835021972656,62300,0.0,0.0,0.0
2012-09-07 00:00:00-04:00,62.13881199277908,63.461692810058594,62.10206296711267,63.461692810058594,49040,0.0,0.0,0.0
2012-09-10 00:00:00-04:00,63.24124819984582,64.12316920102458,63.05751419067383,63.05751419067383,40880,0.0,0.0,0.0
2012-09-11 00:00:00-04:00,63.351473539745584,64.74785289767604,62.800271604282194,64.63761138916016,61060,0.0,0.0,0.0
2012-09-12 00:00:00-04:00,65.00509202710748,65.4828015857889,64.60088055985176,65.1153335571289,40880,0.0,0.0,0.0
2012-09-13 00:00:00-04:00,65.29905374684162,67.06290103240477,64.74785182054788,66.62194061279297,62260,0.0,0.0,0.0
2012-09-14 00:00:00-04:00,66.98943224250944,68.82677264626933,66.98943224250944,68.16532897949219,92540,0.0,0.0,0.0
2012-09-17 00:00:00-04:00,67.79785545148171,68.1285744547395,66.54846632015506,66.7689437866211,74200,0.0,0.0,0.0
2012-09-18 00:00:00-04:00,66.6586906721376,66.6586906721376,64.78460730064995,65.4093017578125,224160,0.0,0.0,0.0
2012-09-19 00:00:00-04:00,65.51956304832903,65.59305554656541,64.63763624813791,64.9683609008789,50580,0.0,0.0,0.0
2012-09-20 00:00:00-04:00,64.60085622878474,64.89483166241416,63.60869404651106,64.71109771728516,209620,0.0,0.0,0.0
2012-09-21 00:00:00-04:00,65.35437354579645,65.83221878537456,64.87652830621835,64.98680114746094,43900,0.025,0.0,0.0
2012-09-24 00:00:00-04:00,64.582475486891,64.80302119062084,64.0311168362766,64.39868927001953,40860,0.0,0.0,0.0
2012-09-25 00:00:00-04:00,65.02354769061365,65.02354769061365,63.22244538532918,63.25920486450195,92680,0.0,0.0,0.0
2012-09-26 00:00:00-04:00,63.29595443936174,63.40622726068728,62.15648357555431,62.63432312011719,80260,0.0,0.0,0.0
2012-09-27 00:00:00-04:00,63.22244768415179,64.6559776846692,63.22244768415179,64.32516479492188,144820,0.0,0.0,0.0
2012-09-28 00:00:00-04:00,63.84732023459694,64.28840596160353,63.40623450759035,63.920833587646484,76000,0.0,0.0,0.0
2012-10-01 00:00:00-04:00,64.4354352928599,65.5013928844946,64.4354352928599,64.65597534179688,71680,0.0,0.0,0.0
2012-10-02 00:00:00-04:00,65.0235467528592,65.24409240729705,64.32516152832102,65.13381958007812,62540,0.0,0.0,0.0
2012-10-03 00:00:00-04:00,64.80302401643833,64.80302401643833,63.33273421735276,63.737060546875,104140,0.0,0.0,0.0
2012-10-04 00:00:00-04:00,64.21488963521386,64.7662481706199,63.84731727827651,64.65597534179688,85960,0.0,0.0,0.0
2012-10-05 00:00:00-04:00,64.83977891917236,65.09708412504024,63.62679430275778,63.95760726928711,65300,0.0,0.0,0.0
2012-10-08 00:00:00-04:00,63.62678638530975,64.14138551558985,63.2224544910112,64.03111267089844,32180,0.0,0.0,0.0
2012-10-09 00:00:00-04:00,63.81056070305993,65.17057724433909,63.55325557714296,64.87651824951172,68080,0.0,0.0,0.0
2012-10-10 00:00:00-04:00,64.72950254222525,65.17058830497217,63.77381204901547,64.06787109375,61540,0.0,0.0,0.0
2012-10-11 00:00:00-04:00,64.4722057161879,65.83222827300115,64.39869234766812,65.24411010742188,155940,0.0,0.0,0.0
2012-10-12 00:00:00-04:00,65.39113792494959,65.75871038233257,64.25166667228868,64.76626586914062,69420,0.0,0.0,0.0
2012-10-15 00:00:00-04:00,64.5457122526677,64.87652515160002,63.5900218199819,64.58246612548828,102600,0.0,0.0,0.0
2012-10-16 00:00:00-04:00,64.69275314541275,65.57492480845686,64.69275314541275,65.50141143798828,250180,0.0,0.0,0.0
2012-10-17 00:00:00-04:00,65.57490416336577,66.49383502669045,65.57490416336577,66.3835678100586,45220,0.0,0.0,0.0
2012-10-18 00:00:00-04:00,65.94247650869563,66.530594504707,65.79544981404725,66.3835678100586,36080,0.0,0.0,0.0
2012-10-19 00:00:00-04:00,66.19978944233252,66.3835756366658,64.98679943799094,65.17058563232422,71940,0.0,0.0,0.0
2012-10-22 00:00:00-04:00,65.02352857559835,65.28083363674945,63.553239580254505,64.141357421875,104340,0.0,0.0,0.0
2012-10-23 00:00:00-04:00,63.332713916039815,63.332713916039815,61.89917845622516,62.63432312011719,67400,0.0,0.0,0.0
2012-10-24 00:00:00-04:00,62.781383430754964,63.22246930415801,61.12730719896013,61.27433395385742,139540,0.0,0.0,0.0
2012-10-25 00:00:00-04:00,61.8992063649112,62.26677886258576,60.796488871887526,61.64190673828125,52000,0.0,0.0,0.0
2012-10-26 00:00:00-04:00,61.53163863661472,62.5240889442308,61.347852373531985,61.862457275390625,41980,0.0,0.0,0.0
2012-10-31 00:00:00-04:00,62.193249373460176,62.59758125964338,60.98025932362031,61.34783172607422,65500,0.0,0.0,0.0
2012-11-01 00:00:00-04:00,61.421323997261325,62.30349513623841,61.1640189404113,62.11970901489258,44100,0.0,0.0,0.0
2012-11-02 00:00:00-04:00,62.30353312364171,62.45055986687987,60.75972988479804,60.87000274658203,45540,0.0,0.0,0.0
2012-11-05 00:00:00-05:00,60.980253428356974,61.53161197873528,60.64944054161367,61.164039611816406,57980,0.0,0.0,0.0
2012-11-06 00:00:00-05:00,61.421346224000445,62.00945865990486,61.237560036147315,61.752159118652344,34560,0.0,0.0,0.0
2012-11-07 00:00:00-05:00,60.943479807624534,61.42132485151105,58.81155964862056,59.0688591003418,163580,0.0,0.0,0.0
2012-11-08 00:00:00-05:00,59.36292809152796,59.69374092719246,57.92939832537069,57.96615219116211,112200,0.0,0.0,0.0
2012-11-09 00:00:00-05:00,57.70885544482996,58.92184524789613,57.231010297111936,58.00291442871094,75600,0.0,0.0,0.0
2012-11-12 00:00:00-05:00,58.44400318413023,58.59102987947467,57.45155896878301,57.708858489990234,36980,0.0,0.0,0.0
2012-11-13 00:00:00-05:00,57.231005446817754,58.62778129534503,57.047219298556485,57.78236389160156,229340,0.0,0.0,0.0
2012-11-14 00:00:00-05:00,57.96617544201807,58.07644830104064,56.8634580692135,57.01049041748047,97300,0.0,0.0,0.0
2012-11-15 00:00:00-05:00,56.93697494497344,57.45157978252952,56.09156272740086,56.642921447753906,101040,0.0,0.0,0.0
2012-11-16 00:00:00-05:00,56.642903531701066,57.26777542871309,55.87099932387439,57.0472297668457,120520,0.0,0.0,0.0
2012-11-19 00:00:00-05:00,57.48832936647174,58.73807907104492,57.48832936647174,58.73807907104492,74340,0.0,0.0,0.0
2012-11-20 00:00:00-05:00,58.48076459479686,58.774817995202625,57.929406055972414,58.40724563598633,53840,0.0,0.0,0.0
2012-11-21 00:00:00-05:00,58.37051147139587,58.701324462890625,57.929425613165876,58.701324462890625,56840,0.0,0.0,0.0
2012-11-23 00:00:00-05:00,58.95862221956352,59.583499908447266,58.701322611105354,59.583499908447266,36820,0.0,0.0,0.0
2012-11-26 00:00:00-05:00,58.84835682144128,59.1056564380162,58.29699809647604,58.701324462890625,56160,0.0,0.0,0.0
2012-11-27 00:00:00-05:00,58.885088680666534,58.99536150615814,58.11319011964307,58.22345733642578,59280,0.0,0.0,0.0
2012-11-28 00:00:00-05:00,58.076435817911914,58.4072487151631,57.12074539008277,58.3704948425293,114760,0.0,0.0,0.0
2012-11-29 00:00:00-05:00,58.92185308480908,59.215912107801444,58.18670833168285,58.444007873535156,296700,0.0,0.0,0.0
2012-11-30 00:00:00-05:00,58.517513443971204,58.70129960780824,57.70885544482996,58.00291442871094,70300,0.0,0.0,0.0
2012-12-03 00:00:00-05:00,58.113195216133924,58.738067137108715,57.81913619193714,57.92940902709961,42060,0.0,0.0,0.0
2012-12-04 00:00:00-05:00,57.63534747473498,58.07643318732728,57.19426176214267,57.378047943115234,259700,0.0,0.0,0.0
2012-12-05 00:00:00-05:00,57.74562260154899,58.774820768958215,57.414804097416564,58.444007873535156,96460,0.0,0.0,0.0
2012-12-06 00:00:00-05:00,58.33375300872838,58.84835785966807,58.186726256294804,58.48078536987305,39560,0.0,0.0,0.0
2012-12-07 00:00:00-05:00,58.62779688933932,58.95860980071695,58.51752404931024,58.92185592651367,67660,0.0,0.0,0.0
2012-12-10 00:00:00-05:00,58.62781398559392,58.885113614885626,57.85590948900755,58.039695739746094,59380,0.0,0.0,0.0
2012-12-11 00:00:00-05:00,58.3704948425293,58.774821093757474,58.076435817911914,58.3704948425293,58840,0.0,0.0,0.0
2012-12-12 00:00:00-05:00,58.51753335591127,59.32619163021714,58.51753335591127,58.73807907104492,73120,0.0,0.0,0.0
2012-12-13 00:00:00-05:00,58.44401336506929,58.59104008602576,57.672109058273094,57.81914138793945,96460,0.0,0.0,0.0
2012-12-14 00:00:00-05:00,57.52509689331055,58.039696155580884,57.37807013515083,57.52509689331055,63380,0.0,0.0,0.0
2012-12-17 00:00:00-05:00,58.03966829625318,58.07642777250403,57.63534210103686,58.00291442871094,82600,0.0,0.0,0.0
2012-12-18 00:00:00-05:00,58.29696845398217,59.9877976522396,58.07642283265339,59.509952545166016,157520,0.0,0.0,0.0
2012-12-19 00:00:00-05:00,59.50995205411835,59.73049767362729,58.9585936140541,59.14237976074219,50480,0.0,0.0,0.0
2012-12-20 00:00:00-05:00,58.995378988760486,59.62025104010805,58.995378988760486,59.54673767089844,48020,0.0,0.0,0.0
2012-12-21 00:00:00-05:00,58.05760085664768,59.34450149536133,58.05760085664768,59.34450149536133,64640,0.025,0.0,0.0
2012-12-24 00:00:00-05:00,59.01356704824893,59.307716791138105,58.094352608245046,58.16788864135742,45980,0.0,0.0,0.0
2012-12-26 00:00:00-05:00,58.53557596218386,58.71941885503648,57.72666835572034,57.7634391784668,54120,0.0,0.0,0.0
2012-12-27 00:00:00-05:00,57.76345789920126,57.910530016972466,56.623629349928635,57.35900115966797,96680,0.0,0.0,0.0
2012-12-28 00:00:00-05:00,56.91776336786355,57.248678346046674,56.36623466393162,56.40299987792969,84240,0.0,0.0,0.0
2012-12-31 00:00:00-05:00,56.219170314429384,57.68991387384354,55.99856214678213,57.65314865112305,99480,0.0,0.0,0.0
2013-01-02 00:00:00-05:00,58.6458904938128,58.866504238279234,57.50606216480384,58.4620475769043,142860,0.0,0.0,0.0
2013-01-03 00:00:00-05:00,57.72670609773754,59.565136228238735,57.72670609773754,58.94007110595703,58800,0.0,0.0,0.0
2013-01-04 00:00:00-05:00,59.0503566684839,59.93280056763444,58.903278944997815,59.785728454589844,64340,0.0,0.0,0.0
2013-01-07 00:00:00-05:00,59.60189550102775,59.63866073023228,59.05036656897792,59.4915885925293,51620,0.0,0.0,0.0
2013-01-08 00:00:00-05:00,59.16065501062899,59.23419667394132,58.498824924347716,59.197425842285156,48200,0.0,0.0,0.0
2013-01-09 00:00:00-05:00,59.23418366847548,59.38125574192655,57.94728338923868,58.20466232299805,71660,0.0,0.0,0.0
2013-01-10 00:00:00-05:00,58.756201603697875,59.08711663382341,58.13113676321576,58.86650848388672,51220,0.0,0.0,0.0
2013-01-11 00:00:00-05:00,59.013607189088376,59.344522368401186,58.462078149938016,58.94007110595703,52220,0.0,0.0,0.0
2013-01-14 00:00:00-05:00,59.01356263455412,59.087098662166646,58.49880483082718,58.682647705078125,24880,0.0,0.0,0.0
2013-01-15 00:00:00-05:00,58.35174720816427,59.23419667394132,58.09436821789475,59.197425842285156,97120,0.0,0.0,0.0
2013-01-16 00:00:00-05:00,59.08711146670681,59.19741833724941,58.82973250906773,59.12388229370117,53840,0.0,0.0,0.0
2013-01-17 00:00:00-05:00,59.234190429974035,59.896020446490795,59.234190429974035,59.56510543823242,81120,0.0,0.0,0.0
2013-01-18 00:00:00-05:00,59.56512183890852,60.07987990691975,59.307742804902894,60.006343841552734,55340,0.0,0.0,0.0
2013-01-22 00:00:00-05:00,60.30049294797773,61.21970777950178,59.7489640490633,61.072635650634766,166580,0.0,0.0,0.0
2013-01-23 00:00:00-05:00,61.14616592880381,61.14616592880381,60.30048724173987,60.44755935668945,208000,0.0,0.0,0.0
2013-01-24 00:00:00-05:00,60.33724798888952,61.03584883377455,59.8224844517379,60.19017028808594,69220,0.0,0.0,0.0
2013-01-25 00:00:00-05:00,60.70494397351354,60.99908820341268,60.116644292832135,60.44755935668945,71740,0.0,0.0,0.0
2013-01-28 00:00:00-05:00,60.66817170106194,60.66817170106194,59.12389208894137,59.528343200683594,74680,0.0,0.0,0.0
2013-01-29 00:00:00-05:00,59.748948406556416,60.33724798888952,59.49156944320091,60.19017028808594,92480,0.0,0.0,0.0
2013-01-30 00:00:00-05:00,60.631395880826524,61.513845308340386,60.226944802351845,60.263710021972656,182920,0.0,0.0,0.0
2013-01-31 00:00:00-05:00,60.11663424290445,60.41078403407101,59.56510548838239,60.19017028808594,74900,0.0,0.0,0.0
2013-02-01 00:00:00-05:00,60.70493164093393,60.70493164093393,60.00632521074576,60.41078186035156,55840,0.0,0.0,0.0
2013-02-04 00:00:00-05:00,59.896043152507275,60.07988614021963,59.565128018802135,59.71220016479492,68300,0.0,0.0,0.0
2013-02-05 00:00:00-05:00,59.822515003108556,60.85203699274828,59.71220807378225,60.59465789794922,119320,0.0,0.0,0.0
2013-02-06 00:00:00-05:00,60.815236679023904,61.84475816982403,60.70493541358595,61.73445129394531,163080,0.0,0.0,0.0
2013-02-07 00:00:00-05:00,61.77122647238177,61.95506940831148,61.146161612309,61.440311431884766,73820,0.0,0.0,0.0
2013-02-08 00:00:00-05:00,61.40352015268235,61.95504877680823,61.40352015268235,61.77120590209961,59440,0.0,0.0,0.0
2013-02-11 00:00:00-05:00,61.734464425478215,61.734464425478215,60.92555651437279,61.330013275146484,108480,0.0,0.0,0.0
2013-02-12 00:00:00-05:00,61.21967431723354,61.25644513457265,60.70491653712009,61.035831451416016,44060,0.0,0.0,0.0
2013-02-13 00:00:00-05:00,61.10938647788691,61.84475816982403,61.10938647788691,61.73445129394531,59700,0.0,0.0,0.0
2013-02-14 00:00:00-05:00,61.734460646930316,61.734460646930316,60.55786688366103,60.7049446105957,91340,0.0,0.0,0.0
2013-02-15 00:00:00-05:00,60.8152414472146,60.8152414472146,58.90327602035947,59.197425842285156,93520,0.0,0.0,0.0
2013-02-19 00:00:00-05:00,59.78573549998981,60.1901866637454,59.307742660603985,60.07987976074219,59180,0.0,0.0,0.0
2013-02-20 00:00:00-05:00,60.30048362015572,60.30048362015572,58.31498213537586,58.49882507324219,133940,0.0,0.0,0.0
2013-02-21 00:00:00-05:00,58.49884528351274,58.60914659598664,57.322245586321806,58.3885383605957,81800,0.0,0.0,0.0
2013-02-22 00:00:00-05:00,58.829742618865026,59.96957112628212,58.829742618865026,59.93280029296875,101080,0.0,0.0,0.0
2013-02-25 00:00:00-05:00,60.37400626382123,60.74169205788888,58.13112628627251,58.20466232299805,179620,0.0,0.0,0.0
2013-02-26 00:00:00-05:00,58.53558362157958,58.75619736604602,57.3957609030112,58.4620475769043,235660,0.0,0.0,0.0
2013-02-27 00:00:00-05:00,58.27821743377591,59.63865419499967,58.27821743377591,59.38127517700195,223960,0.0,0.0,0.0
2013-02-28 00:00:00-05:00,59.49157170113556,59.785721503466235,58.97680814444667,59.270957946777344,54320,0.0,0.0,0.0
2013-03-01 00:00:00-05:00,58.64589472350904,59.08711663382341,58.09436593300582,58.86650848388672,81440,0.0,0.0,0.0
2013-03-04 00:00:00-05:00,59.050355837098174,59.050355837098174,57.83699128501836,58.42528533935547,106260,0.0,0.0,0.0
2013-03-05 00:00:00-05:00,58.79295264987057,59.16063842156567,58.71941661761948,58.756187438964844,105560,0.0,0.0,0.0
2013-03-06 00:00:00-05:00,58.94004292568086,59.56510774910802,58.866506877708396,59.270957946777344,96660,0.0,0.0,0.0
2013-03-07 00:00:00-05:00,59.30770831021193,61.51382265074972,59.23417228761512,61.36674499511719,365500,0.0,0.0,0.0
2013-03-08 00:00:00-05:00,61.58737324111893,62.21243799670195,61.21968743072419,61.95505905151367,335620,0.0,0.0,0.0
2013-03-11 00:00:00-04:00,62.138919688536724,62.359533481903526,61.219704900244764,62.21245574951172,84980,0.0,0.0,0.0
2013-03-12 00:00:00-04:00,62.4698347681451,62.5801416648285,61.77123377321994,62.21245574951172,61080,0.0,0.0,0.0
2013-03-13 00:00:00-04:00,62.35954608857908,62.39631132127817,61.9183184126464,62.1021614074707,63020,0.0,0.0,0.0
2013-03-14 00:00:00-04:00,62.359536458550714,64.49211038083011,62.24922955660197,64.4553451538086,232160,0.0,0.0,0.0
2013-03-15 00:00:00-04:00,64.71270515924824,65.37454076591956,64.16117642209556,64.38179016113281,159320,0.0,0.0,0.0
2013-03-18 00:00:00-04:00,63.86703355351115,64.97009114721753,63.42581163811681,64.1244125366211,143000,0.0,0.0,0.0
2013-03-19 00:00:00-04:00,64.16116173933472,64.2346977653722,62.54334672475352,63.09487533569336,241740,0.0,0.0,0.0
2013-03-20 00:00:00-04:00,63.24194738776832,63.5360971023574,62.5065759065152,63.09487533569336,95340,0.0,0.0,0.0
2013-03-21 00:00:00-04:00,62.95132878396363,63.2826493201107,62.32549798384358,62.39912414550781,148300,0.105,0.0,0.0
2013-03-22 00:00:00-04:00,62.65679668486622,63.024932982212455,62.030966102840445,62.25185012817383,75320,0.0,0.0,0.0
2013-03-25 00:00:00-04:00,62.50955380270352,63.135384478738224,61.66283906815541,61.77328109741211,116160,0.0,0.0,0.0
2013-03-26 00:00:00-04:00,62.030984990312284,62.620005492339494,61.62603269300409,62.50956344604492,114660,0.0,0.0,0.0
2013-03-27 00:00:00-04:00,62.288675897992384,62.39911793816019,61.699661045956574,62.215049743652344,83740,0.0,0.0,0.0
2013-03-28 00:00:00-04:00,61.99415455301034,62.28866473490524,61.77327612957504,61.920528411865234,79220,0.0,0.0,0.0
2013-04-01 00:00:00-04:00,62.28867125019815,62.76724964367156,60.963383719019944,61.331520080566406,117700,0.0,0.0,0.0
2013-04-02 00:00:00-04:00,61.33151197663676,61.478764254872395,60.1902871597104,60.37435531616211,201460,0.0,0.0,0.0
2013-04-03 00:00:00-04:00,60.55842445903925,60.742492618489216,58.791369004856676,58.97543716430664,260300,0.0,0.0,0.0
2013-04-04 00:00:00-04:00,59.15950532375661,59.26994734288948,58.496858826273844,58.97543716430664,106140,0.0,0.0,0.0
2013-04-05 00:00:00-04:00,58.23920161501515,60.63208921172888,58.23920161501515,60.448020935058594,355720,0.0,0.0,0.0
2013-04-08 00:00:00-04:00,60.74250260487365,61.257891289140375,60.44799237787179,61.18426513671875,154740,0.0,0.0,0.0
2013-04-09 00:00:00-04:00,61.18424820100379,62.39909904029531,60.81611192347992,62.17821502685547,204080,0.0,0.0,0.0
2013-04-10 00:00:00-04:00,62.39911122245071,63.135383921240695,62.325485076034695,62.84087371826172,145260,0.0,0.0,0.0
2013-04-11 00:00:00-04:00,62.951314345944745,63.61396088357554,62.47273597891613,63.024940490722656,149440,0.0,0.0,0.0
2013-04-12 00:00:00-04:00,62.80408497737581,62.80408497737581,61.29472318065516,61.81011199951172,161800,0.0,0.0,0.0
2013-04-15 00:00:00-04:00,61.11060812903536,61.11060812903536,57.83419825337956,58.055076599121094,522720,0.0,0.0,0.0
2013-04-16 00:00:00-04:00,58.607301992567,59.41720078653666,57.61333503554447,58.82818603515625,256100,0.0,0.0,0.0
2013-04-17 00:00:00-04:00,58.055097480308675,58.055097480308675,56.288041992241425,57.06113052368164,374160,0.0,0.0,0.0
2013-04-18 00:00:00-04:00,56.98751863244077,58.53369046464751,56.214429907679424,58.16555404663086,222180,0.0,0.0,0.0
2013-04-19 00:00:00-04:00,58.01829572592014,58.349616220942565,56.84025481625071,57.46609115600586,145700,0.0,0.0,0.0
2013-04-22 00:00:00-04:00,57.42929311149037,57.79742960579479,56.47213597937201,57.61336135864258,119480,0.0,0.0,0.0
2013-04-23 00:00:00-04:00,57.79743194580078,58.1655684550097,57.245227181987396,57.79743194580078,104420,0.0,0.0,0.0
2013-04-24 00:00:00-04:00,57.944667934864086,59.49084533064502,57.944667934864086,59.15951919555664,204840,0.0,0.0,0.0
2013-04-25 00:00:00-04:00,59.60128021240235,60.816131441583714,59.30677558971708,59.601280212402344,197040,0.0,0.0,0.0
2013-04-26 00:00:00-04:00,59.3803945372024,59.52764683067008,58.05510142673358,59.049068450927734,232940,0.0,0.0,0.0
2013-04-29 00:00:00-04:00,59.41721177228402,60.07985840525506,58.97544922274186,59.63809585571289,172880,0.0,0.0,0.0
2013-04-30 00:00:00-04:00,59.56446754798076,59.78534600611261,58.901820938954444,59.41720962524414,106640,0.0,0.0,0.0
2013-05-01 00:00:00-04:00,59.04907641815431,59.49084459279299,58.1655513035083,58.27599334716797,202920,0.0,0.0,0.0
2013-05-02 00:00:00-04:00,58.64411434742041,58.7177404847535,57.686957710147645,58.53367233276367,124200,0.0,0.0,0.0
2013-05-03 00:00:00-04:00,59.196326810886475,60.153477960319016,58.97544275169398,59.748531341552734,216520,0.0,0.0,0.0
2013-05-06 00:00:00-04:00,58.57051594080196,60.37438243743266,58.57051594080196,60.079872131347656,98320,0.0,0.0,0.0
2013-05-07 00:00:00-04:00,59.52765335987709,60.92657277051827,59.52765335987709,60.19029998779297,83500,0.0,0.0,0.0
2013-05-08 00:00:00-04:00,60.15348410173049,60.852946615708845,59.82216359643032,60.19029998779297,126760,0.0,0.0,0.0
2013-05-09 00:00:00-04:00,60.22712806090965,61.29472156496434,59.711733638321746,60.81614303588867,178440,0.0,0.0,0.0
2013-05-10 00:00:00-04:00,60.558427873336356,61.736463036771134,60.15347565278936,61.55239486694336,185300,0.0,0.0,0.0
2013-05-13 00:00:00-04:00,61.110624846037446,61.736455422805136,61.00018283429866,61.29469299316406,79220,0.0,0.0,0.0
2013-05-14 00:00:00-04:00,61.22106647927274,62.50954350119297,61.22106647927274,62.36228561401367,165980,0.0,0.0,0.0
2013-05-15 00:00:00-04:00,62.50954441285337,62.73042282087265,61.81008207750706,62.25185012817383,93180,0.0,0.0,0.0
2013-05-16 00:00:00-04:00,62.14142162718219,62.50955800457389,61.29470683571821,61.47877502441406,101200,0.0,0.0,0.0
2013-05-17 00:00:00-04:00,61.699654405526196,63.02494189295921,61.699654405526196,62.84087371826172,230340,0.0,0.0,0.0
2013-05-20 00:00:00-04:00,62.877706016553155,64.57113029550885,62.877706016553155,64.3870620727539,281200,0.0,0.0,0.0
2013-05-21 00:00:00-04:00,64.16615920311808,65.27056812015174,64.1293433256246,64.35022735595703,118580,0.0,0.0,0.0
2013-05-22 00:00:00-04:00,64.38708514923268,65.34424249753233,62.69366026334963,63.209049224853516,204920,0.0,0.0,0.0
2013-05-23 00:00:00-04:00,62.17822914187914,63.61396432053545,61.69965636630879,63.5771484375,179080,0.0,0.0,0.0
2013-05-24 00:00:00-04:00,63.31944408384749,63.46669635804704,62.693613492528115,63.393070220947266,94780,0.0,0.0,0.0
2013-05-28 00:00:00-04:00,64.71836645416026,64.71836645416026,63.46669959045889,63.982093811035156,190960,0.0,0.0,0.0
2013-05-29 00:00:00-04:00,63.72441388375091,64.53431285041495,63.39308774921853,63.8348503112793,157740,0.0,0.0,0.0
2013-05-30 00:00:00-04:00,63.94529354668591,64.01891970551422,63.319462770671514,63.687599182128906,167940,0.0,0.0,0.0
2013-05-31 00:00:00-04:00,63.57715046489755,63.65077661600122,61.99416293825007,62.32548904418945,196760,0.0,0.0,0.0
2013-06-03 00:00:00-04:00,62.141418054769154,63.13538509312207,61.957349876655094,62.69362258911133,231040,0.0,0.0,0.0
2013-06-04 00:00:00-04:00,62.84087371826172,63.06175777482468,62.17822716588776,62.84087371826172,126040,0.0,0.0,0.0
2013-06-05 00:00:00-04:00,62.6200154207121,62.840893931005624,61.626042463782774,61.73648452758789,179220,0.0,0.0,0.0
2013-06-06 00:00:00-04:00,61.77328109741211,62.25185947931452,60.85294021579785,61.77328109741211,90840,0.0,0.0,0.0
2013-06-07 00:00:00-04:00,62.47276202012036,63.503545328628185,62.03099934999333,63.31947708129883,368260,0.0,0.0,0.0
2013-06-10 00:00:00-04:00,63.98211725179052,63.98211725179052,62.76726582209315,63.42991256713867,170320,0.0,0.0,0.0
2013-06-11 00:00:00-04:00,62.80403938426027,62.877665502459315,61.84688299573452,61.95732498168945,188240,0.0,0.0,0.0
2013-06-12 00:00:00-04:00,62.583189869710935,62.73044218718392,60.74250781471944,61.00020217895508,139840,0.0,0.0,0.0
2013-06-13 00:00:00-04:00,60.742517187975274,61.920552761490846,60.668891017877435,61.73648452758789,114540,0.0,0.0,0.0
2013-06-14 00:00:00-04:00,61.95735118992332,62.178229637953,60.63205803248476,60.77931594848633,126880,0.0,0.0,0.0
2013-06-17 00:00:00-04:00,61.478776000794916,62.06779646090235,61.40514984761034,61.8469123840332,146980,0.0,0.0,0.0
2013-06-18 00:00:00-04:00,62.141420857772665,62.76725156812671,61.84691063604274,62.32548904418945,75440,0.0,0.0,0.0
2013-06-19 00:00:00-04:00,62.54636406757912,62.80406400828307,61.62602318596486,61.77328109741211,123740,0.0,0.0,0.0
2013-06-20 00:00:00-04:00,60.74250686147023,60.77932274891863,58.71775663275456,59.15951919555664,286020,0.0,0.0,0.0
2013-06-21 00:00:00-04:00,59.473123819936234,59.473123819936234,58.144943265889424,59.3255500793457,182180,0.175,0.0,0.0
2013-06-24 00:00:00-04:00,58.6245222955436,59.3255111776302,57.07497651712248,58.55073547363281,268780,0.0,0.0,0.0
2013-06-25 00:00:00-04:00,59.06727211317488,59.62068188701634,58.51386233933343,59.47310256958008,94820,0.0,0.0,0.0
2013-06-26 00:00:00-04:00,59.95272275948553,60.10029644060192,59.17794685968676,59.80514907836914,46480,0.0,0.0,0.0
2013-06-27 00:00:00-04:00,60.1003273031038,60.65373733583801,59.62070977839653,59.65760040283203,56440,0.0,0.0,0.0
2013-06-28 00:00:00-04:00,59.43623319957727,59.76827693069464,59.0303969685873,59.3255500793457,108380,0.0,0.0,0.0
2013-07-01 00:00:00-04:00,59.768278075485505,60.100321812962775,59.28865496501365,59.5100212097168,66020,0.0,0.0,0.0
2013-07-02 00:00:00-04:00,59.39933705169898,60.39547387633995,59.39933705169898,59.842063903808594,71120,0.0,0.0,0.0
2013-07-03 00:00:00-04:00,59.76829307136322,60.174129411950936,59.288669840553794,59.91586685180664,38160,0.0,0.0,0.0
2013-07-05 00:00:00-04:00,60.24788106836715,60.543034086223244,59.694471270977814,60.50613784790039,194300,0.0,0.0,0.0
2013-07-08 00:00:00-04:00,61.022661117504654,61.28092356771078,60.690617438063164,60.764404296875,107540,0.0,0.0,0.0
2013-07-09 00:00:00-04:00,60.87507230741483,61.50226889618227,60.87507230741483,61.42848205566406,66440,0.0,0.0,0.0
2013-07-10 00:00:00-04:00,61.207145562890965,62.16639184316258,61.207145562890965,61.871238708496094,95980,0.0,0.0,0.0
2013-07-11 00:00:00-04:00,62.756652477143675,62.941122348470294,61.64983324918399,62.092559814453125,89940,0.0,0.0,0.0
2013-07-12 00:00:00-04:00,62.20326245727954,62.24015306542123,61.61295643125766,62.05568313598633,26000,0.0,0.0,0.0
2013-07-15 00:00:00-04:00,62.20326088758496,62.38773081236478,61.72363795724237,61.760528564453125,39720,0.0,0.0,0.0
2013-07-16 00:00:00-04:00,61.76054068585689,62.09258999337527,61.57607072487216,61.98190689086914,36200,0.0,0.0,0.0
2013-07-17 00:00:00-04:00,62.129464413270746,62.756666620794576,62.129464413270746,62.313934326171875,52340,0.0,0.0,0.0
2013-07-18 00:00:00-04:00,62.64597886514458,64.1217380580593,62.64597886514458,64.01105499267578,186080,0.0,0.0,0.0
2013-07-19 00:00:00-04:00,64.01106916884032,64.52758274891995,63.67902552872854,64.49069213867188,62380,0.0,0.0,0.0
2013-07-22 00:00:00-04:00,64.56447659149914,64.60137282995309,64.01106679214342,64.12174987792969,89900,0.0,0.0,0.0
2013-07-23 00:00:00-04:00,64.12175452915133,64.67516436864992,64.08485828802102,64.19554138183594,259200,0.0,0.0,0.0
2013-07-24 00:00:00-04:00,64.19554480625065,64.19554480625065,63.19940816793099,63.42076873779297,39980,0.0,0.0,0.0
2013-07-25 00:00:00-04:00,63.42078204382975,64.67518138786622,63.42078204382975,64.34313201904297,80500,0.0,0.0,0.0
2013-07-26 00:00:00-04:00,64.23243762296624,64.38001132833547,63.752814636152266,64.19554138183594,82060,0.0,0.0,0.0
2013-07-29 00:00:00-04:00,63.789699998756866,63.974169930077245,63.12561274966393,63.49455261230469,85440,0.0,0.0,0.0
2013-07-30 00:00:00-04:00,63.457656374210394,63.568339458917734,62.867350342154964,63.49455261230469,49460,0.0,0.0,0.0
2013-07-31 00:00:00-04:00,63.568362140765956,64.49071212647186,63.568362140765956,63.90040588378906,73640,0.0,0.0,0.0
2013-08-01 00:00:00-04:00,64.34312142308104,65.19168438645218,64.34312142308104,65.08100128173828,113520,0.0,0.0,0.0
2013-08-02 00:00:00-04:00,64.82275454469789,65.19169453144015,64.30624081508972,65.04412078857422,44260,0.0,0.0,0.0
2013-08-05 00:00:00-04:00,65.04408901775057,65.63438933045917,64.52756991085901,65.26544952392578,123880,0.0,0.0,0.0
2013-08-06 00:00:00-04:00,64.85965202226038,65.30237888881139,64.23245515884832,64.56449890136719,47720,0.0,0.0,0.0
2013-08-07 00:00:00-04:00,64.56451250159222,64.67519564893927,63.236325992585115,63.64216232299805,37180,0.0,0.0,0.0
2013-08-08 00:00:00-04:00,63.642124691044486,64.56447432424802,63.38386791966258,64.41690063476562,115400,0.0,0.0,0.0
2013-08-09 00:00:00-04:00,64.38004655770209,64.49072971208388,63.75284952231078,64.26936340332031,45780,0.0,0.0,0.0
2013-08-12 00:00:00-04:00,63.90040588378906,64.4538158752126,63.60525276244766,63.90040588378906,73100,0.0,0.0,0.0
2013-08-13 00:00:00-04:00,63.974167108277115,64.34310695464451,63.273183652009166,64.23242950439453,24100,0.0,0.0,0.0
2013-08-14 00:00:00-04:00,64.38001613940838,64.74895605997806,63.82660625855387,63.863502502441406,47440,0.0,0.0,0.0
2013-08-15 00:00:00-04:00,63.34698192944955,64.2324410983012,62.86735891668528,64.0848617553711,58300,0.0,0.0,0.0
2013-08-16 00:00:00-04:00,63.974171744759914,64.56447779355989,63.86349428648865,64.30622100830078,192960,0.0,0.0,0.0
2013-08-19 00:00:00-04:00,64.41688961795683,64.56446328220065,62.57219066703681,62.60908126831055,97040,0.0,0.0,0.0
2013-08-20 00:00:00-04:00,62.5353067176085,63.863492474945446,62.27704993967508,63.49455261230469,65000,0.0,0.0,0.0
2013-08-21 00:00:00-04:00,63.31009423026966,63.45766795041675,62.53531812555604,62.682891845703125,81800,0.0,0.0,0.0
2013-08-22 00:00:00-04:00,62.97805558515433,64.12177181357771,62.719798716355434,63.78972244262695,62780,0.0,0.0,0.0
2013-08-23 00:00:00-04:00,63.7159137732386,64.2693235725943,63.56834007857398,64.12174987792969,43460,0.0,0.0,0.0
2013-08-26 00:00:00-04:00,64.23243534863205,65.04410195857538,64.23243534863205,64.49069213867188,71020,0.0,0.0,0.0
2013-08-27 00:00:00-04:00,63.78971464965076,64.4538076808447,63.78971464965076,63.937294006347656,36100,0.0,0.0,0.0
2013-08-28 00:00:00-04:00,64.01107083082975,65.19167735136215,64.01107083082975,64.63826751708984,60780,0.0,0.0,0.0
2013-08-29 00:00:00-04:00,64.3800249845083,64.45381185284444,63.90040189595754,64.04798126220703,44340,0.0,0.0,0.0
2013-08-30 00:00:00-04:00,64.30625555372868,64.63829936606834,63.9373154824274,64.15867614746094,42280,0.0,0.0,0.0
2013-09-03 00:00:00-04:00,64.89652262885564,65.3023587486152,64.19553910880816,64.49069213867188,48460,0.0,0.0,0.0
2013-09-04 00:00:00-04:00,64.38002309613903,65.15479926488612,64.30623622996717,64.97032928466797,34500,0.0,0.0,0.0
2013-09-05 00:00:00-04:00,65.08101118639752,65.63442116461374,65.08101118639752,65.449951171875,36280,0.0,0.0,0.0
2013-09-06 00:00:00-04:00,65.63443572817042,66.63057841365462,65.44996569449981,66.15095520019531,139600,0.0,0.0,0.0
2013-09-09 00:00:00-04:00,66.29849326905672,67.33152602716952,66.22470642124344,67.18395233154297,142560,0.0,0.0,0.0
2013-09-10 00:00:00-04:00,67.18398465229139,67.18398465229139,66.26163453696381,66.66746520996094,65060,0.0,0.0,0.0
2013-09-11 00:00:00-04:00,66.77812728289678,67.84805082731145,66.44608359796162,67.73737335205078,129460,0.0,0.0,0.0
2013-09-12 00:00:00-04:00,67.8849202116215,68.73348284018164,67.5159804278627,68.29075622558594,276460,0.0,0.0,0.0
2013-09-13 00:00:00-04:00,68.21698187148168,68.95486163484904,67.99562132021697,68.62281799316406,136300,0.0,0.0,0.0
2013-09-16 00:00:00-04:00,69.47137540234816,69.47137540234816,68.25387276229485,68.3276596069336,135680,0.0,0.0,0.0
2013-09-17 00:00:00-04:00,68.29078540612758,69.2131352596432,68.29078540612758,69.17623901367188,115460,0.0,0.0,0.0
2013-09-18 00:00:00-04:00,69.13935031767897,70.31996276276259,68.47526285429113,69.84033966064453,109960,0.0,0.0,0.0
2013-09-19 00:00:00-04:00,69.9141093735748,70.28304926472823,69.21312583221368,69.43448638916016,107040,0.0,0.0,0.0
2013-09-20 00:00:00-04:00,69.61906001421227,69.6559702389981,68.73313013081696,68.8438720703125,98620,0.05,0.0,0.0
2013-09-23 00:00:00-04:00,68.80698262736657,69.21303468387377,68.14254200045832,68.917724609375,98700,0.0,0.0,0.0
2013-09-24 00:00:00-04:00,68.84389849889311,69.50834475837253,68.36402033190402,68.917724609375,87260,0.0,0.0,0.0
2013-09-25 00:00:00-04:00,68.9546127319336,69.5821428673535,68.80695493781961,68.9546127319336,147980,0.0,0.0,0.0
2013-09-26 00:00:00-04:00,69.10226415129789,69.58214212001867,68.58547595887171,69.50831604003906,88640,0.0,0.0,0.0
2013-09-27 00:00:00-04:00,69.2130261170962,69.84055642737712,68.91771607914917,69.47142028808594,77360,0.0,0.0,0.0
2013-09-30 00:00:00-04:00,68.770066233669,69.4714226693342,68.29018810962775,69.06537628173828,86660,0.0,0.0,0.0
2013-10-01 00:00:00-04:00,69.02845756258063,70.76339627854851,69.02845756258063,70.46808624267578,172380,0.0,0.0,0.0
2013-10-02 00:00:00-04:00,70.09894123143316,70.91104513541319,69.58215295850925,70.57881927490234,47920,0.0,0.0,0.0
2013-10-03 00:00:00-04:00,70.61575671067332,70.87415092607702,69.61909008978965,70.68958282470703,91120,0.0,0.0,0.0
2013-10-04 00:00:00-04:00,70.94796256874139,72.12919705005676,70.5050003423194,71.57549285888672,91160,0.0,0.0,0.0
2013-10-07 00:00:00-04:00,70.72647755353644,71.79696996841811,70.32042559888767,71.02178192138672,75300,0.0,0.0,0.0
2013-10-08 00:00:00-04:00,71.35399415322328,71.76004039773474,70.13584415455155,70.17276000976562,192060,0.0,0.0,0.0
2013-10-09 00:00:00-04:00,70.0989474430502,70.35734723497924,69.13919690363603,69.8405532836914,153460,0.0,0.0,0.0
2013-10-10 00:00:00-04:00,70.54191544138509,71.68623404449029,70.54191544138509,71.53858184814453,90980,0.0,0.0,0.0
2013-10-11 00:00:00-04:00,71.24322916480718,73.1627347308171,71.24322916480718,72.5721206665039,237940,0.0,0.0,0.0
2013-10-14 00:00:00-04:00,72.31378622077885,73.05205869115973,71.98156586213622,72.94132232666016,177960,0.0,0.0,0.0
2013-10-15 00:00:00-04:00,72.6459467204722,73.19965057408469,72.23989497479629,72.5721206665039,137260,0.0,0.0,0.0
2013-10-16 00:00:00-04:00,73.16275700071412,74.78695884523914,73.12584677877837,74.71312713623047,248120,0.0,0.0,0.0
2013-10-17 00:00:00-04:00,74.2332534790039,74.9346096413388,73.64263361303985,74.2332534790039,112380,0.0,0.0,0.0
2013-10-18 00:00:00-04:00,74.75004529130601,75.04535523872369,74.12251517339892,74.89769744873047,97560,0.0,0.0,0.0
2013-10-21 00:00:00-04:00,75.19304180088935,76.11588228846179,74.38094329833984,74.38094329833984,65900,0.0,0.0,0.0
2013-10-22 00:00:00-04:00,74.7869749532382,75.52524714178914,73.79030299263859,74.15943908691406,78000,0.0,0.0,0.0
2013-10-23 00:00:00-04:00,73.64262645838289,73.64262645838289,71.94459873313235,72.42447662353516,73920,0.0,0.0,0.0
2013-10-24 00:00:00-04:00,72.57214517620758,73.97485757304212,72.05535135875965,73.90103149414062,42500,0.0,0.0,0.0
2013-10-25 00:00:00-04:00,74.08561299457293,74.75005909078273,73.27351471368085,74.15943908691406,72380,0.0,0.0,0.0
2013-10-28 00:00:00-04:00,74.0487104966405,74.12253659669034,73.08895429828138,73.56883239746094,112800,0.0,0.0,0.0
2013-10-29 00:00:00-04:00,73.67954623190441,74.60238621159976,73.67954623190441,74.34398651123047,59620,0.0,0.0,0.0
2013-10-30 00:00:00-04:00,74.27017600084847,74.67622793001986,71.87079155090882,72.75672149658203,183820,0.0,0.0,0.0
2013-10-31 00:00:00-04:00,72.71979875405283,73.05201893188135,71.61239065119923,72.20301055908203,84420,0.0,0.0,0.0
2013-11-01 00:00:00-04:00,72.53523482889088,72.86745502546117,71.2063427774713,72.71980285644531,282420,0.0,0.0,0.0
2013-11-04 00:00:00-05:00,72.94129371344825,74.1594383056687,72.94129371344825,74.12252807617188,109360,0.0,0.0,0.0
2013-11-05 00:00:00-05:00,73.79030703983022,73.79030703983022,72.35067844622421,72.64598846435547,79540,0.0,0.0,0.0
2013-11-06 00:00:00-05:00,73.31040111414703,73.42113739187113,70.94792768067313,71.2063217163086,156820,0.0,0.0,0.0
2013-11-07 00:00:00-05:00,71.39091272538664,71.39091272538664,69.1391861081944,69.36066436767578,264860,0.0,0.0,0.0
2013-11-08 00:00:00-05:00,69.39759079098042,71.50166555546951,69.36067492582947,71.09561920166016,119140,0.0,0.0,0.0
2013-11-11 00:00:00-05:00,71.2432439380471,71.68620598627783,70.6526241186941,71.31707000732422,85220,0.0,0.0,0.0
2013-11-12 00:00:00-05:00,71.35400010478277,71.61239421512765,70.20967608852368,70.43115997314453,51240,0.0,0.0,0.0
2013-11-13 00:00:00-05:00,70.06205088373856,71.76007399989246,69.98822477130949,71.39093780517578,44700,0.0,0.0,0.0
2013-11-14 00:00:00-05:00,71.28016544382017,72.27683153954956,70.7264614314629,71.98152160644531,78040,0.0,0.0,0.0
2013-11-15 00:00:00-05:00,72.09228593424159,72.35068009377675,71.57549198260104,72.12919616699219,35240,0.0,0.0,0.0
2013-11-18 00:00:00-05:00,72.31375412051248,72.31375412051248,70.17276941285424,70.50498962402344,145560,0.0,0.0,0.0
2013-11-19 00:00:00-05:00,70.39425624661149,71.02178651776036,69.58215791732648,70.80030822753906,188980,0.0,0.0,0.0
2013-11-20 00:00:00-05:00,71.39092272200051,72.27685278168774,71.39092272200051,71.64932250976562,79220,0.0,0.0,0.0
2013-11-21 00:00:00-05:00,71.98154665967955,73.7534012424319,71.98154665967955,73.60574340820312,213180,0.0,0.0,0.0
2013-11-22 00:00:00-05:00,73.75339733448789,74.04870735472754,73.05203533234744,73.9379653930664,114780,0.0,0.0,0.0
2013-11-25 00:00:00-05:00,73.60572635760924,73.67955807390592,72.2030138690787,73.27350616455078,77640,0.0,0.0,0.0
2013-11-26 00:00:00-05:00,73.16278117065764,74.30710544750637,72.75673479981198,73.60574340820312,89500,0.0,0.0,0.0
2013-11-27 00:00:00-05:00,73.45808450353007,73.56882646095391,71.94462422806757,72.46141815185547,96640,0.0,0.0,0.0
2013-11-29 00:00:00-05:00,72.57216089005449,73.38425919894975,71.76005694858925,72.49832916259766,50220,0.0,0.0,0.0
2013-12-02 00:00:00-05:00,72.53520482323633,73.08890867684882,71.90767491565553,72.5721206665039,83820,0.0,0.0,0.0
2013-12-03 00:00:00-05:00,72.53524650348498,73.38426069339857,72.20302625344364,72.64598846435547,62980,0.0,0.0,0.0
2013-12-04 00:00:00-05:00,72.71981638876373,73.08895251256457,71.68623411560736,72.3875961303711,58580,0.0,0.0,0.0
2013-12-05 00:00:00-05:00,72.23992358725629,73.08893762558242,71.83387731332229,72.8305435180664,63360,0.0,0.0,0.0
2013-12-06 00:00:00-05:00,73.31040111414703,73.71644727512631,70.87410161800122,71.2063217163086,91920,0.0,0.0,0.0
2013-12-09 00:00:00-05:00,71.46472138451158,71.64928935747513,70.3942237617825,71.2063217163086,103440,0.0,0.0,0.0
2013-12-10 00:00:00-05:00,71.35399525128547,72.49831355713889,70.94794336795661,71.05868530273438,116880,0.0,0.0,0.0
2013-12-11 00:00:00-05:00,71.05869251987987,71.09560837941144,69.24992805421977,69.36066436767578,183300,0.0,0.0,0.0
2013-12-12 00:00:00-05:00,69.54523535710426,70.68955946040496,69.28684122710494,70.24659729003906,122300,0.0,0.0,0.0
2013-12-13 00:00:00-05:00,70.02512134502916,70.02512134502916,68.84388687898159,69.8405532836914,86280,0.0,0.0,0.0
2013-12-16 00:00:00-05:00,70.06203136627688,70.24659941221935,69.43450113658642,69.5821533203125,87340,0.0,0.0,0.0
2013-12-17 00:00:00-05:00,69.58215234206158,69.6928942945841,68.54857017280084,69.2868423461914,68300,0.0,0.0,0.0
2013-12-18 00:00:00-05:00,69.36805707609047,69.70031832398814,67.9651950288659,69.25730895996094,107580,0.01,0.0,0.0
2013-12-19 00:00:00-05:00,69.29421707852354,70.88167232493456,69.14654918111427,70.51249694824219,80480,0.0,0.0,0.0
2013-12-20 00:00:00-05:00,70.3279225118587,71.69387053637361,70.3279225118587,71.39852905273438,102040,0.0,0.0,0.0
2013-12-23 00:00:00-05:00,71.69385108214244,72.61678944734297,71.69385108214244,72.06302642822266,41280,0.0,0.0,0.0
2013-12-24 00:00:00-05:00,71.84154740722651,72.6906464662302,71.73079364160893,72.65373229980469,29140,0.0,0.0,0.0
2013-12-26 00:00:00-05:00,72.35839182078787,72.83832105643742,71.80462861807777,71.9153823852539,44580,0.0,0.0,0.0
2013-12-27 00:00:00-05:00,72.0630407332602,72.65372365751088,71.54619739941825,72.50605010986328,36940,0.0,0.0,0.0
2013-12-30 00:00:00-05:00,72.50603109382219,73.39205524782207,71.69384651086526,71.73076629638672,90720,0.0,0.0,0.0
2013-12-31 00:00:00-05:00,71.76768930322275,72.28453819844871,71.32467998814984,71.98919677734375,112320,0.0,0.0,0.0
2014-01-02 00:00:00-05:00,71.76768792948711,72.06302934493881,70.69708163578973,71.14009094238281,171980,0.0,0.0,0.0
2014-01-03 00:00:00-05:00,71.21394114849686,71.87845807670259,70.29100253520285,70.69709777832031,112420,0.0,0.0,0.0
2014-01-06 00:00:00-05:00,70.95552481836327,70.99244461894943,70.18025970458984,70.18025970458984,94520,0.0,0.0,0.0
2014-01-07 00:00:00-05:00,70.47557938776453,71.47235744291599,70.47557938776453,70.91859436035156,86140,0.0,0.0,0.0
2014-01-08 00:00:00-05:00,71.02934797110599,71.54619693476111,70.73401214406856,71.10318756103516,79460,0.0,0.0,0.0
2014-01-09 00:00:00-05:00,71.39851436474008,71.39851436474008,69.70031104121426,70.25407409667969,122700,0.0,0.0,0.0
2014-01-10 00:00:00-05:00,70.51250027632614,70.9555096226325,69.9587371851508,70.58633422851562,44480,0.0,0.0,0.0
2014-01-13 00:00:00-05:00,70.5863203181052,71.1031691479154,68.5189418983695,68.81427764892578,124680,0.0,0.0,0.0
2014-01-14 00:00:00-05:00,69.22037657505362,70.4386563294083,69.22037657505362,70.36482238769531,58320,0.0,0.0,0.0
2014-01-15 00:00:00-05:00,70.54941667516614,71.0293401578954,70.21715545654297,70.21715545654297,64200,0.0,0.0,0.0
2014-01-16 00:00:00-05:00,70.29100271396496,71.50928281324538,70.29100271396496,71.39852905273438,41680,0.0,0.0,0.0
2014-01-17 00:00:00-05:00,71.43544431692084,71.58311223278346,70.47558596430406,70.77092742919922,51460,0.0,0.0,0.0
2014-01-21 00:00:00-05:00,71.28776502588097,72.8383004277038,71.28776502588097,72.72754669189453,114640,0.0,0.0,0.0
2014-01-22 00:00:00-05:00,73.24441417812089,74.83186989474989,73.170580207546,74.57344818115234,237080,0.0,0.0,0.0
2014-01-23 00:00:00-05:00,74.72111048242316,75.05337177468768,73.28132844878819,73.68742370605469,101140,0.0,0.0,0.0
2014-01-24 00:00:00-05:00,73.24439665014003,73.46590414202701,72.06303650413832,72.8752212524414,126020,0.0,0.0,0.0
2014-01-27 00:00:00-05:00,73.09674277764461,73.20749654485091,70.36484656346552,71.32469940185547,108200,0.0,0.0,0.0
2014-01-28 00:00:00-05:00,71.6200140200792,72.76445979634786,71.435426355079,72.57987213134766,44120,0.0,0.0,0.0
2014-01-29 00:00:00-05:00,71.95230530491314,73.24441960175068,71.25087408275556,72.17381286621094,93440,0.0,0.0,0.0
2014-01-30 00:00:00-05:00,72.50606857498636,72.87524408836852,71.80463735282879,72.17381286621094,62700,0.0,0.0,0.0
2014-01-31 00:00:00-05:00,71.14011592223142,72.50606411101396,70.8447744030747,71.841552734375,72140,0.0,0.0,0.0
2014-02-03 00:00:00-05:00,71.84154049045071,72.21071591818546,69.88490959682252,70.03257751464844,172920,0.0,0.0,0.0
2014-02-04 00:00:00-05:00,70.84478727321135,72.4691631070828,70.80787309734252,72.02615356445312,137400,0.0,0.0,0.0
2014-02-05 00:00:00-05:00,72.24760363642687,72.24760363642687,70.51248088781067,70.95549011230469,110300,0.0,0.0,0.0
2014-02-06 00:00:00-05:00,71.25082527047721,71.76766838186654,71.02931786092896,71.50924682617188,54660,0.0,0.0,0.0
2014-02-07 00:00:00-05:00,71.76769904036357,71.91537258753632,70.95551424700788,71.80461883544922,59100,0.0,0.0,0.0
2014-02-10 00:00:00-05:00,71.62004090334875,71.6569607034744,70.62326826483317,71.32469940185547,54940,0.0,0.0,0.0
2014-02-11 00:00:00-05:00,71.39855060979146,72.28457532822279,71.287802449013,72.02615356445312,82640,0.0,0.0,0.0
2014-02-12 00:00:00-05:00,72.21070885002172,72.87522004836428,72.17378905759405,72.6167984008789,44020,0.0,0.0,0.0
2014-02-13 00:00:00-05:00,72.17378707020279,73.83507628665247,71.95227958807511,73.3920669555664,75900,0.0,0.0,0.0
2014-02-14 00:00:00-05:00,73.53975030241759,74.1673474560515,73.42899653808914,73.79817199707031,110780,0.0,0.0,0.0
2014-02-18 00:00:00-05:00,74.35195365222171,75.0903047535672,74.35195365222171,74.75804901123047,143700,0.0,0.0,0.0
2014-02-19 00:00:00-05:00,74.68419762511033,75.86555798535277,74.42577592649019,74.94261932373047,98540,0.0,0.0,0.0
2014-02-20 00:00:00-05:00,74.61037016122557,74.684204133956,73.79817956167784,74.38886260986328,81960,0.0,0.0,0.0
2014-02-21 00:00:00-05:00,74.64725910593023,74.9426005302201,73.90890836179014,73.98274230957031,58780,0.0,0.0,0.0
2014-02-24 00:00:00-05:00,74.24118491430792,75.93938859676668,74.24118491430792,75.16412353515625,83720,0.0,0.0,0.0
2014-02-25 00:00:00-05:00,75.01645648906677,75.01645648906677,73.57667436880539,74.31502532958984,56440,0.0,0.0,0.0
2014-02-26 00:00:00-05:00,73.022907763083,73.2813294607437,71.91538137324808,72.65373229980469,137440,0.0,0.0,0.0
2014-02-27 00:00:00-05:00,72.17380307090879,72.6906464662302,71.54620590996977,72.65373229980469,104500,0.0,0.0,0.0
2014-02-28 00:00:00-05:00,72.54297654607147,73.5397491429712,72.4322227834892,73.2444076538086,257240,0.0,0.0,0.0
2014-03-03 00:00:00-05:00,72.76447198910144,74.05658586061547,72.76447198910144,72.91213989257812,80780,0.0,0.0,0.0
2014-03-04 00:00:00-05:00,73.46590974795878,74.13042664115721,73.13365411794453,73.94583892822266,81620,0.0,0.0,0.0
2014-03-05 00:00:00-05:00,73.8719981646849,74.16733397163827,72.57988429317086,72.91213989257812,68400,0.0,0.0,0.0
2014-03-06 00:00:00-05:00,73.1336638353399,73.39208554115125,72.54298082219623,73.17057800292969,95220,0.0,0.0,0.0
2014-03-07 00:00:00-05:00,73.39208005477677,73.53974798043852,72.83831688378977,73.28132629394531,54180,0.0,0.0,0.0
2014-03-10 00:00:00-04:00,73.28132845175386,73.28132845175386,72.24763604217311,73.09674072265625,47620,0.0,0.0,0.0
2014-03-11 00:00:00-04:00,73.13366255785027,73.90892766174207,71.5462069167805,71.9153823852539,54380,0.0,0.0,0.0
2014-03-12 00:00:00-04:00,71.50925884959466,72.136855771281,70.99241565130434,71.73076629638672,58580,0.0,0.0,0.0
2014-03-13 00:00:00-04:00,71.87845369767861,71.87845369767861,70.43867180192336,70.77092742919922,117380,0.0,0.0,0.0
2014-03-14 00:00:00-04:00,70.66019639200663,71.39854747502936,70.5494482360906,71.36163330078125,38020,0.0,0.0,0.0
2014-03-17 00:00:00-04:00,71.58313524578504,72.17381836547192,71.029371933518,71.36163330078125,67660,0.0,0.0,0.0
2014-03-18 00:00:00-04:00,71.3985248720859,72.94906616210938,71.14010320147197,72.94906616210938,50100,0.0,0.0,0.0
2014-03-19 00:00:00-04:00,72.9121485117533,73.17057018997106,72.43221931896596,72.76448059082031,35200,0.0,0.0,0.0
2014-03-20 00:00:00-04:00,72.43223666700456,73.613597216923,71.91539318678133,73.5766830444336,41920,0.0,0.0,0.0
2014-03-21 00:00:00-04:00,73.83507761040238,74.72109628845946,73.57665596539984,74.24117279052734,321400,0.0,0.0,0.0
2014-03-24 00:00:00-04:00,74.24118689332512,74.86878404559754,73.20749448378622,73.68742370605469,39180,0.0,0.0,0.0
2014-03-25 00:00:00-04:00,73.99031877384236,74.39665263310145,73.84255639510945,73.95337677001953,57960,0.06,0.0,0.0
2014-03-26 00:00:00-04:00,74.28582977708022,74.6182852289226,73.2884521484375,73.2884521484375,84220,0.0,0.0,0.0
2014-03-27 00:00:00-04:00,73.51010956589757,75.50485400301186,73.47316755772323,75.24627685546875,117000,0.0,0.0,0.0
2014-03-28 00:00:00-04:00,75.2832036585432,76.50221640682173,75.2832036585432,76.35445404052734,133820,0.0,0.0,0.0
2014-03-31 00:00:00-04:00,76.64997736612955,76.72385573507441,75.948124406316,76.46527862548828,137580,0.0,0.0,0.0
2014-04-01 00:00:00-04:00,76.50221887801729,76.76079598168769,75.76342393235439,76.31752014160156,120200,0.0,0.0,0.0
2014-04-02 00:00:00-04:00,76.24366275898305,77.9428939819336,76.24366275898305,77.9428939819336,117460,0.0,0.0,0.0
2014-04-03 00:00:00-04:00,78.34921687724618,79.53128782344875,77.8689989700692,78.86637115478516,264340,0.0,0.0,0.0
2014-04-04 00:00:00-04:00,79.16190964410593,79.67906404801431,78.20147359506436,78.31229400634766,69720,0.0,0.0,0.0
2014-04-07 00:00:00-04:00,78.0906321454552,78.27533090231444,76.42834333372222,76.94550323486328,76660,0.0,0.0,0.0
2014-04-08 00:00:00-04:00,77.13018440661193,78.94022955653192,77.13018440661193,78.79247283935547,95300,0.0,0.0,0.0
2014-04-09 00:00:00-04:00,78.86638222837726,79.01413900368946,77.90594627916894,78.75556182861328,167680,0.0,0.0,0.0
2014-04-10 00:00:00-04:00,78.7555556320168,79.12495317779225,77.42572784916067,77.83206176757812,71280,0.0,0.0,0.0
2014-04-11 00:00:00-04:00,77.53652309023971,78.31225999576428,77.20406763733365,77.31488800048828,89140,0.0,0.0,0.0
2014-04-14 00:00:00-04:00,78.16449754210323,80.0114846708244,78.12755554490585,79.27268981933594,162780,0.0,0.0,0.0
2014-04-15 00:00:00-04:00,79.67902889100951,80.71334287901323,79.08799635254866,80.4178237915039,190560,0.0,0.0,0.0
2014-04-16 00:00:00-04:00,80.82417846113044,81.56297350074487,80.7872364545262,81.52603149414062,203540,0.0,0.0,0.0
2014-04-17 00:00:00-04:00,81.52604715590421,83.00363751898922,81.08277117429068,82.85588073730469,307500,0.0,0.0,0.0
2014-04-21 00:00:00-04:00,82.85586037355192,83.52077700083345,82.41258450088374,83.22525787353516,162600,0.0,0.0,0.0
2014-04-22 00:00:00-04:00,83.44688876710521,83.44688876710521,82.52339506389883,83.11443328857422,59940,0.0,0.0,0.0
2014-04-23 00:00:00-04:00,82.92973707418525,84.11180792298669,82.89279507030835,83.48383331298828,174560,0.0,0.0,0.0
2014-04-24 00:00:00-04:00,83.9271252683858,84.59204200974811,83.63160609038482,83.70549011230469,142120,0.0,0.0,0.0
2014-04-25 00:00:00-04:00,83.5208098063478,83.5208098063478,81.93239880520808,82.26485443115234,90060,0.0,0.0,0.0
2014-04-28 00:00:00-04:00,82.48648245750545,83.00363682564134,81.2305272774385,82.2279052734375,50960,0.0,0.0,0.0
2014-04-29 00:00:00-04:00,82.78199130236908,84.37039622152561,82.74504929359648,83.3730239868164,162040,0.0,0.0,0.0
2014-04-30 00:00:00-04:00,83.11443582045294,83.74241043045134,81.85848660045612,83.48383331298828,92080,0.0,0.0,0.0
2014-05-01 00:00:00-04:00,83.74241217610076,83.89017455813013,81.74766792945188,82.1170654296875,147620,0.0,0.0,0.0
2014-05-02 00:00:00-04:00,82.37563276780746,83.11442768052324,81.6368378550917,82.4125747680664,28960,0.0,0.0,0.0
2014-05-05 00:00:00-04:00,82.15397418844586,82.92971093286367,81.52599977639919,82.04315948486328,30980,0.0,0.0,0.0
2014-05-06 00:00:00-04:00,83.26219179601306,83.85323003324962,82.15399932861328,82.15399932861328,72260,0.0,0.0,0.0
2014-05-07 00:00:00-04:00,82.78198033179449,83.70547406313285,81.74766622538384,83.48383331298828,133240,0.0,0.0,0.0
2014-05-08 00:00:00-04:00,83.26220749628519,83.48384828618201,80.9350073851657,81.04582214355469,79200,0.0,0.0,0.0
2014-05-09 00:00:00-04:00,80.86111697405161,80.97193736024236,80.1223219148586,80.82418060302734,54900,0.0,0.0,0.0
2014-05-12 00:00:00-04:00,81.08275681317738,81.93237224878214,80.93500005766303,81.30439758300781,33320,0.0,0.0,0.0
2014-05-13 00:00:00-04:00,81.48908455966337,82.19093750168372,81.04580308411568,81.59989929199219,44160,0.0,0.0,0.0
2014-05-14 00:00:00-04:00,81.78459962192218,81.96929836148077,80.7872275556174,80.93498992919922,32840,0.0,0.0,0.0
2014-05-15 00:00:00-04:00,80.56558862336387,80.56558862336387,78.6077809497234,80.38088989257812,85880,0.0,0.0,0.0
2014-05-16 00:00:00-04:00,80.63947257343045,80.67640894021103,79.1988189915877,79.97455596923828,107240,0.0,0.0,0.0
2014-05-19 00:00:00-04:00,79.8637276161331,80.97191996687471,79.7529072537474,80.4178237915039,75500,0.0,0.0,0.0
2014-05-20 00:00:00-04:00,80.56560362821013,80.60253999931167,79.71598818104849,80.12232208251953,36760,0.0,0.0,0.0
2014-05-21 00:00:00-04:00,80.41785226976738,81.85850621784292,80.41785226976738,81.78462219238281,32540,0.0,0.0,0.0
2014-05-22 00:00:00-04:00,81.85848410683684,81.89542047303014,80.82417003193405,80.8980484008789,49080,0.0,0.0,0.0
2014-05-23 00:00:00-04:00,81.04582613115744,81.04582613115744,80.08539581298828,80.08539581298828,26960,0.0,0.0,0.0
2014-05-27 00:00:00-04:00,80.23312851549011,81.5629616481708,80.12230814834038,81.41519927978516,46900,0.0,0.0,0.0
2014-05-28 00:00:00-04:00,81.5629792192307,82.67117185634916,80.89806250964777,82.4864730834961,32200,0.0,0.0,0.0
2014-05-29 00:00:00-04:00,82.74504082633536,84.03793208924684,82.37564332264635,83.85323333740234,76060,0.0,0.0,0.0
2014-05-30 00:00:00-04:00,83.85323249619495,83.85323249619495,82.89279674161511,83.22525787353516,79500,0.0,0.0,0.0
2014-06-02 00:00:00-04:00,83.48383505324753,83.96405293086553,82.0062450523051,82.1170654296875,96760,0.0,0.0,0.0
2014-06-03 00:00:00-04:00,82.15398701642633,82.8189035245287,81.48907614488148,82.78196716308594,73780,0.0,0.0,0.0
2014-06-04 00:00:00-04:00,82.56034292123326,83.26219593081716,82.1909454137557,82.96668243408203,26480,0.0,0.0,0.0
2014-06-05 00:00:00-04:00,83.04053177700455,83.55768585205078,82.22785867197902,83.55768585205078,54660,0.0,0.0,0.0
2014-06-06 00:00:00-04:00,83.70546299958507,83.96404008287138,83.44688027974107,83.59464263916016,100760,0.0,0.0,0.0
2014-06-09 00:00:00-04:00,83.70548496667088,84.8136775886309,83.63160094929289,84.07488250732422,67200,0.0,0.0,0.0
2014-06-10 00:00:00-04:00,83.89018765801661,83.89018765801661,83.18832891603496,83.52079010009766,35940,0.0,0.0,0.0
2014-06-11 00:00:00-04:00,83.003638874626,84.29653046344124,82.92976048257714,84.11183166503906,36000,0.0,0.0,0.0
2014-06-12 00:00:00-04:00,84.40734249217674,85.88493273274,84.40734249217674,85.2569580078125,140940,0.0,0.0,0.0
2014-06-13 00:00:00-04:00,85.77409402649694,86.51288898906205,85.03529906393183,86.43901062011719,156100,0.0,0.0,0.0
2014-06-16 00:00:00-04:00,86.36514501048894,86.99311969413266,86.03268384628294,86.06962585449219,193780,0.0,0.0,0.0
2014-06-17 00:00:00-04:00,86.14348857864135,86.80840514965243,85.5155140091257,86.51288604736328,106800,0.0,0.0,0.0
2014-06-18 00:00:00-04:00,86.21734779411652,87.65800098406297,86.10653308736102,87.51023864746094,408200,0.0,0.0,0.0
2014-06-19 00:00:00-04:00,87.5102484043259,87.91658782958984,87.1039146156194,87.91658782958984,199940,0.0,0.0,0.0
2014-06-20 00:00:00-04:00,88.28599335447292,88.80314754627763,87.58414043180113,88.58151245117188,151300,0.0,0.0,0.0
2014-06-23 00:00:00-04:00,88.54457553618548,89.09867176061286,88.02742131467654,88.21212005615234,246520,0.0,0.0,0.0
2014-06-24 00:00:00-04:00,88.22695257172019,88.22695257172019,84.81792686889806,85.11436462402344,160120,0.37,0.0,0.0
2014-06-25 00:00:00-04:00,85.18848830680146,86.8930014714995,85.18848830680146,86.81889343261719,55260,0.0,0.0,0.0
2014-06-26 00:00:00-04:00,86.89298775059395,86.89298775059395,85.74429354002017,86.59654998779297,73640,0.0,0.0,0.0
2014-06-27 00:00:00-04:00,86.41126882068629,86.78181457519531,86.15188792334588,86.78181457519531,46180,0.0,0.0,0.0
2014-06-30 00:00:00-04:00,86.59654275669423,87.44879913330078,86.30010501864679,87.44879913330078,45520,0.0,0.0,0.0
2014-07-01 00:00:00-04:00,87.48587709071994,87.7082012073669,86.6706717007716,86.81889343261719,144100,0.0,0.0,0.0
2014-07-02 00:00:00-04:00,86.74477611328055,87.00415704865908,86.18895740000643,86.33717346191406,67720,0.0,0.0,0.0
2014-07-03 00:00:00-04:00,86.55951548068158,86.9300613420645,85.70725886868465,86.22602081298828,49780,0.0,0.0,0.0
2014-07-07 00:00:00-04:00,86.00366618137919,86.00366618137919,83.70627813246989,83.85449981689453,109000,0.0,0.0,0.0
2014-07-08 00:00:00-04:00,83.78040266301204,84.3362213299827,83.15047031718137,84.1138916015625,104460,0.0,0.0,0.0
2014-07-09 00:00:00-04:00,84.2991768030368,84.78088751558458,83.92863097093554,84.70677947998047,54180,0.0,0.0,0.0
2014-07-10 00:00:00-04:00,83.74333626747269,84.18799001949297,82.9281367797556,83.48395538330078,87000,0.0,0.0,0.0
2014-07-11 00:00:00-04:00,83.44690229724701,83.48395913411329,81.63123037238897,81.66828155517578,106160,0.0,0.0,0.0
2014-07-14 00:00:00-04:00,82.00176051779589,83.03928955771028,82.00176051779589,82.55757904052734,62280,0.0,0.0,0.0
2014-07-15 00:00:00-04:00,82.52052352905962,82.55758035946509,80.81601675789905,81.14950561523438,84500,0.0,0.0,0.0
2014-07-16 00:00:00-04:00,81.59417439410053,82.5205387847104,81.59417439410053,82.18704986572266,144320,0.0,0.0,0.0
2014-07-17 00:00:00-04:00,82.26116312260844,82.92814665712125,79.85261555370325,80.0008316040039,133380,0.0,0.0,0.0
2014-07-18 00:00:00-04:00,80.26022134733327,80.89014806714371,80.00083476792886,80.8160400390625,58940,0.0,0.0,0.0
2014-07-21 00:00:00-04:00,80.55664040959303,80.63075407974804,79.85260577575403,80.4084243774414,129440,0.0,0.0,0.0
2014-07-22 00:00:00-04:00,80.96425304690621,81.03836107219723,80.4454912157891,80.70487213134766,75480,0.0,0.0,0.0
2014-07-23 00:00:00-04:00,81.26071039487869,81.77947235107422,80.66783474144272,81.77947235107422,41180,0.0,0.0,0.0
2014-07-24 00:00:00-04:00,81.81652919969444,82.44645604766937,81.26071039487869,81.77947235107422,40180,0.0,0.0,0.0
2014-07-25 00:00:00-04:00,81.52007019746661,81.52007019746661,80.29726801368865,80.37137603759766,40580,0.0,0.0,0.0
2014-07-28 00:00:00-04:00,80.26021605453501,80.55664814731149,79.148578744384,79.22268676757812,117360,0.0,0.0,0.0
2014-07-29 00:00:00-04:00,79.1856355118507,80.03789197386998,79.11152748343167,79.77851104736328,38200,0.0,0.0,0.0
2014-07-30 00:00:00-04:00,80.14904168688199,80.44547939858016,78.40747790501398,78.740966796875,56920,0.0,0.0,0.0
2014-07-31 00:00:00-04:00,78.29633517549092,78.44455124617228,76.77709500764395,76.88825988769531,190360,0.0,0.0,0.0
2014-08-01 00:00:00-04:00,76.70294886725293,77.14760251247941,75.25782310674742,75.85069274902344,128260,0.0,0.0,0.0
2014-08-04 00:00:00-04:00,75.99893597610615,77.48111898370195,75.51722536782164,77.4070053100586,139260,0.0,0.0,0.0
2014-08-05 00:00:00-04:00,77.33288504064367,77.33288504064367,74.51674116474825,75.29488372802734,192860,0.0,0.0,0.0
2014-08-06 00:00:00-04:00,74.92437053460263,76.14717298340044,74.25738686670555,75.4431381225586,59640,0.0,0.0,0.0
2014-08-07 00:00:00-04:00,75.77660080915528,76.22125454861323,74.2944179082427,74.6279067993164,90340,0.0,0.0,0.0
2014-08-08 00:00:00-04:00,75.10961041314812,76.74001484552342,74.99844557506458,76.66590118408203,74580,0.0,0.0,0.0
2014-08-11 00:00:00-04:00,76.99941128512414,77.44406507338987,76.18421173095703,76.18421173095703,72140,0.0,0.0,0.0
2014-08-12 00:00:00-04:00,76.14716171699253,76.14716171699253,74.03505179288469,74.33148956298828,65320,0.0,0.0,0.0
2014-08-13 00:00:00-04:00,74.77611503390101,75.40604152268521,73.84975088743067,74.07207489013672,82680,0.0,0.0,0.0
2014-08-14 00:00:00-04:00,74.07210048437956,74.47970311129725,73.25690088462414,73.33100891113281,71180,0.0,0.0,0.0
2014-08-15 00:00:00-04:00,73.5162986620136,74.59088508207616,73.44219061851167,74.51677703857422,45260,0.0,0.0,0.0
2014-08-18 00:00:00-04:00,74.73906684902144,74.9613965315151,73.99797544614749,74.59085083007812,30060,0.0,0.0,0.0
2014-08-19 00:00:00-04:00,74.66498956766516,75.96190005643354,74.66498956766516,75.4431381225586,49300,0.0,0.0,0.0
2014-08-20 00:00:00-04:00,75.29491354243864,75.51724330802742,74.8132028197168,75.48018646240234,73860,0.0,0.0,0.0
2014-08-21 00:00:00-04:00,75.55428870461472,76.14716426465783,74.8873107671667,76.110107421875,50320,0.0,0.0,0.0
2014-08-22 00:00:00-04:00,75.92481644666175,75.96187328062537,75.22078183398513,75.51721954345703,83080,0.0,0.0,0.0
2014-08-25 00:00:00-04:00,75.99894915846797,76.85120001239873,75.92483547196925,76.77709197998047,26220,0.0,0.0,0.0
2014-08-26 00:00:00-04:00,76.8141383219433,77.77755391983284,76.8141383219433,77.36995697021484,102760,0.0,0.0,0.0
2014-08-27 00:00:00-04:00,77.40702412493776,77.8516836585609,76.99942709122433,77.18470001220703,48200,0.0,0.0,0.0
2014-08-28 00:00:00-04:00,76.92531465065919,77.48113338179378,76.8512009632435,77.44407653808594,76220,0.0,0.0,0.0
2014-08-29 00:00:00-04:00,77.62932356972432,78.51863098144531,77.40699388975474,78.51863098144531,119560,0.0,0.0,0.0
2014-09-02 00:00:00-04:00,78.48160049856342,78.48160049856342,76.70297955204774,77.03646850585938,50540,0.0,0.0,0.0
2014-09-03 00:00:00-04:00,77.25879105277684,77.74050167217122,76.51769953188689,76.70297241210938,57580,0.0,0.0,0.0
2014-09-04 00:00:00-04:00,76.77707784900531,76.99940755942033,74.62791137995119,75.07257080078125,80700,0.0,0.0,0.0
2014-09-05 00:00:00-04:00,75.1837515015401,75.48018931550335,74.59088152769459,75.4431381225586,31000,0.0,0.0,0.0
2014-09-08 00:00:00-04:00,75.07258185249525,75.07258185249525,73.4792337708366,74.1462173461914,67400,0.0,0.0,0.0
2014-09-09 00:00:00-04:00,74.25736037297999,74.85023578937896,73.07161519426107,73.62743377685547,74760,0.0,0.0,0.0
2014-09-10 00:00:00-04:00,73.66450196163206,73.66450196163206,72.40464292117218,73.55333709716797,292000,0.0,0.0,0.0
2014-09-11 00:00:00-04:00,72.88634968251293,73.59039001723482,72.33053104387544,73.4792251586914,281920,0.0,0.0,0.0
2014-09-12 00:00:00-04:00,73.3310019757073,73.3310019757073,71.77471094989447,71.9599838256836,166320,0.0,0.0,0.0
2014-09-15 00:00:00-04:00,71.96000441172592,72.62698808619083,71.25596954395141,72.36760711669922,107740,0.0,0.0,0.0
2014-09-16 00:00:00-04:00,72.25642387715673,73.99798783466203,72.25642387715673,73.44216918945312,63320,0.0,0.0,0.0
2014-09-17 00:00:00-04:00,73.55333796788301,74.07209980274996,73.21984902462283,73.51628112792969,44820,0.0,0.0,0.0
2014-09-18 00:00:00-04:00,73.81273369963895,73.81273369963895,71.92295321841631,72.36760711669922,70240,0.0,0.0,0.0
2014-09-19 00:00:00-04:00,72.4787526046979,72.62696864642614,71.51533137122573,71.58943939208984,61080,0.0,0.0,0.0
2014-09-22 00:00:00-04:00,71.33008680947012,71.33008680947012,68.73626547094393,68.9585952758789,131560,0.0,0.0,0.0
2014-09-23 00:00:00-04:00,68.8992919921875,69.9741095507102,68.60279605702017,68.8992919921875,85600,0.02,0.0,0.0
2014-09-24 00:00:00-04:00,68.89927400502746,69.78877854420371,67.37971294045735,69.38108825683594,149220,0.0,0.0,0.0
2014-09-25 00:00:00-04:00,69.49225858538506,69.49225858538506,67.75032043457031,67.75032043457031,82500,0.0,0.0,0.0
2014-09-26 00:00:00-04:00,67.86152364374813,68.04683637280775,67.0832079195795,67.60208129882812,69680,0.0,0.0,0.0
2014-09-29 00:00:00-04:00,67.15733035068583,68.0097700160055,66.49020341020541,67.9356460571289,68080,0.0,0.0,0.0
2014-09-30 00:00:00-04:00,67.97272373044879,68.12097734389438,65.6748464473647,66.3049087524414,111340,0.0,0.0,0.0
2014-10-01 00:00:00-04:00,66.30490585968485,66.93497379256999,63.96996951658102,64.11821746826172,173660,0.0,0.0,0.0
2014-10-02 00:00:00-04:00,63.74756444182383,63.74756444182383,61.26437556264888,63.339874267578125,172980,0.0,0.0,0.0
2014-10-03 00:00:00-04:00,63.78463721596383,63.78463721596383,62.33919468089252,62.4133186340332,111740,0.0,0.0,0.0
2014-10-06 00:00:00-04:00,62.70981855485395,63.08044396670923,61.48675356467254,62.1168212890625,107620,0.0,0.0,0.0
2014-10-07 00:00:00-04:00,61.67207621995955,61.783264992512855,59.89307848029017,59.930137634277344,109740,0.0,0.0,0.0
2014-10-08 00:00:00-04:00,59.74482833671419,60.263707420058694,57.48401622273673,60.22664260864258,175400,0.0,0.0,0.0
2014-10-09 00:00:00-04:00,59.63364833145708,59.63364833145708,56.594519972974396,56.668643951416016,169740,0.0,0.0,0.0
2014-10-10 00:00:00-04:00,56.52038981189834,57.00220410200987,54.185447986970466,55.2602653503418,180240,0.0,0.0,0.0
2014-10-13 00:00:00-04:00,55.2602634698309,55.7791368998036,51.665191650390625,51.665191650390625,244260,0.0,0.0,0.0
2014-10-14 00:00:00-04:00,52.146995524851114,53.66656201077322,50.812747404444124,51.51693344116211,223120,0.0,0.0,0.0
2014-10-15 00:00:00-04:00,50.738619483527316,53.851876511937675,49.367306513352716,53.81481170654297,219660,0.0,0.0,0.0
2014-10-16 00:00:00-04:00,52.51762928765234,56.11269530593331,52.25819258319215,55.667945861816406,218220,0.0,0.0,0.0
2014-10-17 00:00:00-04:00,57.11339029798501,57.59519891097472,54.33369912167743,54.593135833740234,287180,0.0,0.0,0.0
2014-10-20 00:00:00-04:00,54.37075668421944,55.70501067186615,53.81481846524931,55.667945861816406,117820,0.0,0.0,0.0
2014-10-21 00:00:00-04:00,56.40918960809424,58.11406885707244,56.33506565276807,58.00288009643555,113600,0.0,0.0,0.0
2014-10-22 00:00:00-04:00,58.29937077162787,58.59587219329356,54.889618560708115,54.92667770385742,120240,0.0,0.0,0.0
2014-10-23 00:00:00-04:00,55.77912550014225,57.03924966128324,55.07493946690965,56.63156509399414,110560,0.0,0.0,0.0
2014-10-24 00:00:00-04:00,56.40917984399307,56.40917984399307,54.96374317179606,55.48261642456055,101020,0.0,0.0,0.0
2014-10-27 00:00:00-04:00,54.444880431296575,54.444880431296575,52.51762907763312,53.333003997802734,136100,0.0,0.0,0.0
2014-10-28 00:00:00-04:00,53.4812400074016,55.63086820348321,52.925301973343984,55.59380340576172,81120,0.0,0.0,0.0
2014-10-29 00:00:00-04:00,56.223877526719434,57.22456507315543,55.44556750406714,56.14975357055664,126560,0.0,0.0,0.0
2014-10-30 00:00:00-04:00,55.85324222683375,56.00149576827285,53.888926631296904,54.259552001953125,80500,0.0,0.0,0.0
2014-10-31 00:00:00-04:00,54.00010467405135,55.70498330338557,52.92529357422754,55.630859375,115280,0.0,0.0,0.0
2014-11-03 00:00:00-05:00,55.927370027776114,57.22455891455298,54.074243046666304,54.148372650146484,152940,0.0,0.0,0.0
2014-11-04 00:00:00-05:00,53.29594684241976,53.370070809707336,51.25750663788233,51.961692810058594,210200,0.0,0.0,0.0
2014-11-05 00:00:00-05:00,52.85119611604541,54.77844749578858,52.369381857285596,54.11132049560547,344800,0.0,0.0,0.0
2014-11-06 00:00:00-05:00,53.740681682806404,54.66724516009617,52.73999425839239,54.63018035888672,205620,0.0,0.0,0.0
2014-11-07 00:00:00-05:00,54.70431102136708,58.07699875088105,54.70431102136708,57.817562103271484,197040,0.0,0.0,0.0
2014-11-10 00:00:00-05:00,58.55883313478645,58.818269872045775,55.593828925430174,55.7420768737793,270480,0.0,0.0,0.0
2014-11-11 00:00:00-05:00,55.66792455452833,56.4832991658683,54.85254994318835,56.37211608886719,201880,0.0,0.0,0.0
2014-11-12 00:00:00-05:00,55.8532527345858,56.74275718468108,55.37143853102945,55.5567512512207,191800,0.0,0.0,0.0
2014-11-13 00:00:00-05:00,55.40852158577323,55.40852158577323,53.518328955176436,54.333709716796875,234800,0.0,0.0,0.0
2014-11-14 00:00:00-05:00,54.44488064902292,55.81619944671938,53.963072050152284,55.667945861816406,148620,0.0,0.0,0.0
2014-11-17 00:00:00-05:00,55.37143135584106,55.37143135584106,54.037183336536934,54.222496032714844,251560,0.0,0.0,0.0
2014-11-18 00:00:00-05:00,54.18542455593963,54.92667524933223,53.59242739440195,54.48192596435547,73560,0.0,0.0,0.0
2014-11-19 00:00:00-05:00,54.852582243225726,55.2232077989232,53.814829556213375,54.81551742553711,168580,0.0,0.0,0.0
2014-11-20 00:00:00-05:00,54.85257385452718,56.96513806786525,54.85257385452718,56.891014099121094,198280,0.0,0.0,0.0
2014-11-21 00:00:00-05:00,58.410590769440496,58.632962713218944,57.224584448099705,57.96583557128906,195240,0.0,0.0,0.0
2014-11-24 00:00:00-05:00,57.780523439869675,58.07702502353716,56.63158757919198,57.03927230834961,147860,0.0,0.0,0.0
2014-11-25 00:00:00-05:00,57.22456866297971,57.44694620071366,55.519694943103694,55.81619644165039,258360,0.0,0.0,0.0
2014-11-26 00:00:00-05:00,55.48263880846191,55.593827594710646,54.00013673926962,54.07426071166992,149540,0.0,0.0,0.0
2014-11-28 00:00:00-05:00,50.36799839035577,51.03512535787154,46.550557800553904,46.58761978149414,580160,0.0,0.0,0.0
2014-12-01 00:00:00-05:00,46.32820098506294,46.8841393968837,44.06738534252167,45.77226257324219,329840,0.0,0.0,0.0
2014-12-02 00:00:00-05:00,45.290435539495675,46.47643885102548,44.4750605602831,44.95687484741211,221780,0.0,0.0,0.0
2014-12-03 00:00:00-05:00,45.327487235038845,46.62467612599493,44.95686183762282,45.549861907958984,319500,0.0,0.0,0.0
2014-12-04 00:00:00-05:00,45.142182121930134,45.142182121930134,43.770866224469316,43.91911697387695,249320,0.0,0.0,0.0
2014-12-05 00:00:00-05:00,43.88203193243426,44.06734456489585,42.69602938809225,43.14078140258789,263980,0.0,0.0,0.0
2014-12-08 00:00:00-05:00,42.1401047319422,42.39954419549714,39.69397778035813,39.768104553222656,401860,0.0,0.0,0.0
2014-12-09 00:00:00-05:00,39.73103952038639,41.510042471659254,39.61985360321136,41.47298049926758,245480,0.0,0.0,0.0
2014-12-10 00:00:00-05:00,40.69468422678726,40.69468422678726,38.91568055602395,39.323368072509766,376420,0.0,0.0,0.0
2014-12-11 00:00:00-05:00,39.36041965301538,40.435233968769154,38.73035755118435,38.804481506347656,255680,0.0,0.0,0.0
2014-12-12 00:00:00-05:00,38.50798254001971,39.693982778723594,38.21148106651993,38.47092056274414,372460,0.0,0.0,0.0
2014-12-15 00:00:00-05:00,39.06391417464986,39.545725454265146,37.5814127094081,37.65553665161133,245440,0.0,0.0,0.0
2014-12-16 00:00:00-05:00,37.50728940936799,40.991168740510254,37.47022743483777,39.360416412353516,258400,0.0,0.0,0.0
2014-12-17 00:00:00-05:00,39.360420369768875,43.10373955428216,39.360420369768875,42.621925354003906,758380,0.0,0.0,0.0
2014-12-18 00:00:00-05:00,44.21559936238546,44.58622466189365,41.510033544917036,42.84428405761719,537900,0.0,0.0,0.0
2014-12-19 00:00:00-05:00,43.474367905578674,44.84568098650352,42.77017896092218,44.62330627441406,408940,0.0,0.0,0.0
2014-12-22 00:00:00-05:00,43.88203602729877,43.88203602729877,42.473658758109,42.84428405761719,307480,0.0,0.0,0.0
2014-12-23 00:00:00-05:00,43.40314626986358,43.85021616744251,42.91881817881883,43.701194763183594,168520,0.3,0.0,0.0
2014-12-24 00:00:00-05:00,43.14235513611068,43.403145430924056,42.322723216523855,43.03058624267578,127180,0.0,0.0,0.0
2014-12-26 00:00:00-05:00,43.21686467685104,43.85021414291347,42.173697840794254,42.54625701904297,190700,0.0,0.0,0.0
2014-12-29 00:00:00-05:00,43.06784394021003,43.552172048288995,42.248214818354604,42.769798278808594,222160,0.0,0.0,0.0
2014-12-30 00:00:00-05:00,42.62075800120572,42.9933170696736,41.87563986426996,41.91289520263672,204180,0.0,0.0,0.0
2014-12-31 00:00:00-05:00,41.391326300308,42.322724294655174,40.98151175127547,41.763885498046875,282480,0.0,0.0,0.0
2015-01-02 00:00:00-05:00,41.57760004534673,42.54625325460807,40.86973710082473,41.875648498535156,272440,0.0,0.0,0.0
2015-01-05 00:00:00-05:00,41.540328822535706,41.72660832398205,38.783391632649824,39.08143997192383,340280,0.0,0.0,0.0
2015-01-06 00:00:00-05:00,38.74615386795375,39.230481928263536,37.51670746402947,38.1128044128418,412300,0.0,0.0,0.0
2015-01-07 00:00:00-05:00,38.783401452199996,39.11870520817874,37.144140855948635,37.40493392944336,179820,0.0,0.0,0.0
2015-01-08 00:00:00-05:00,38.001030450180984,38.63437982072379,37.29316754978574,38.336334228515625,285020,0.0,0.0,0.0
2015-01-09 00:00:00-05:00,38.4853592305874,38.70889413990182,37.51670321955724,38.44810104370117,303060,0.0,0.0,0.0
2015-01-12 00:00:00-05:00,37.77749695284422,37.77749695284422,36.28726040908232,36.69707489013672,220220,0.0,0.0,0.0
2015-01-13 00:00:00-05:00,36.84609966296882,37.293169495810226,35.765677584134615,36.32451629638672,182060,0.0,0.0,0.0
2015-01-14 00:00:00-05:00,35.91470715352871,37.18140899160608,35.3558683581182,37.106895446777344,180860,0.0,0.0,0.0
2015-01-15 00:00:00-05:00,38.07553323036407,38.07553323036407,36.212738006913774,36.249996185302734,168780,0.0,0.0,0.0
2015-01-16 00:00:00-05:00,36.88334618500705,38.03827867888586,36.51078713263324,37.963768005371094,134320,0.0,0.0,0.0
2015-01-20 00:00:00-05:00,37.33042196681605,37.36768015201763,36.32451349918345,36.957862854003906,210720,0.0,0.0,0.0
2015-01-21 00:00:00-05:00,37.55396569745124,38.44810543687553,37.33042792019425,38.07554626464844,306320,0.0,0.0,0.0
2015-01-22 00:00:00-05:00,38.48535124717443,38.48535124717443,36.77157733233491,37.963768005371094,275020,0.0,0.0,0.0
2015-01-23 00:00:00-05:00,37.740239984363896,38.522613567705584,37.5167022384944,37.81475067138672,106840,0.0,0.0,0.0
2015-01-26 00:00:00-05:00,38.03828626793347,38.70889383295975,37.367681545307754,38.67163848876953,114600,0.0,0.0,0.0
2015-01-27 00:00:00-05:00,38.485359170803534,39.267732773388964,38.03828651046858,39.15596389770508,169320,0.0,0.0,0.0
2015-01-28 00:00:00-05:00,38.78341134838657,38.820666699134854,36.73433579081916,36.8088493347168,337520,0.0,0.0,0.0
2015-01-29 00:00:00-05:00,37.0323843268824,37.33042997563413,35.72842715229078,36.77159118652344,310120,0.0,0.0,0.0
2015-01-30 00:00:00-05:00,36.5480441234925,37.92651438510279,35.95195018119622,37.36767578125,247660,0.0,0.0,0.0
2015-02-02 00:00:00-05:00,38.224577612372634,39.60304851146999,37.88927372651645,39.49127960205078,347940,0.0,0.0,0.0
2015-02-03 00:00:00-05:00,40.31089007126478,42.2854542711046,40.161868717797724,41.91289520263672,649860,0.0,0.0,0.0
2015-02-04 00:00:00-05:00,41.09327421447581,41.35406447510631,40.124618178075316,41.018760681152344,368400,0.0,0.0,0.0
2015-02-05 00:00:00-05:00,41.65211784243678,42.76979539267318,41.50309360059173,42.17369842529297,448500,0.0,0.0,0.0
2015-02-06 00:00:00-05:00,42.732529206491414,43.14234650550156,41.950155636163764,42.35997009277344,373940,0.0,0.0,0.0
2015-02-09 00:00:00-05:00,42.80704864011878,43.77570190093591,42.17369635398387,42.285465240478516,273960,0.0,0.0,0.0
2015-02-10 00:00:00-05:00,42.2854547543376,42.32271009313011,40.5716835882806,41.54033660888672,335260,0.0,0.0,0.0
2015-02-11 00:00:00-05:00,40.83248333603549,41.912905467682585,39.938340784244765,41.4285774230957,276300,0.0,0.0,0.0
2015-02-12 00:00:00-05:00,42.32272058850978,42.76979329208751,42.024674961858814,42.285465240478516,274360,0.0,0.0,0.0
2015-02-13 00:00:00-05:00,43.142345704007,43.738439706401486,42.91880796600871,43.626670837402344,240200,0.0,0.0,0.0
2015-02-17 00:00:00-05:00,43.62666407560908,44.63257521349176,42.99331482917921,44.483551025390625,262760,0.0,0.0,0.0
2015-02-18 00:00:00-05:00,43.999228927749435,44.7816024654682,43.55215914688167,43.66392517089844,239240,0.0,0.0,0.0
2015-02-19 00:00:00-05:00,42.43449268284932,44.260033298391946,42.09918884041886,43.850215911865234,300060,0.0,0.0,0.0
2015-02-20 00:00:00-05:00,43.85020573300022,44.40904439319513,43.291367072805315,43.626670837402344,215820,0.0,0.0,0.0
2015-02-23 00:00:00-05:00,42.695273087709985,43.663926197293556,42.583507061065966,42.91880798339844,240700,0.0,0.0,0.0
2015-02-24 00:00:00-05:00,43.291378326186006,43.58942682605969,42.76979771500877,43.105098724365234,85940,0.0,0.0,0.0
2015-02-25 00:00:00-05:00,43.03058648695606,44.260032952115225,42.84430689177443,44.073753356933594,112200,0.0,0.0,0.0
2015-02-26 00:00:00-05:00,43.62667766641,43.62667766641,42.17369635398387,42.285465240478516,162880,0.0,0.0,0.0
2015-02-27 00:00:00-05:00,42.69527466023514,42.73253000382198,41.57759729822689,41.80113220214844,90520,0.0,0.0,0.0
2015-03-02 00:00:00-05:00,41.6521105682057,41.72662125491499,40.86973414575564,41.31680679321289,171740,0.0,0.0,0.0
2015-03-03 00:00:00-05:00,41.354070949014336,42.17370004707941,41.1677913501449,41.763885498046875,62020,0.0,0.0,0.0
2015-03-04 00:00:00-05:00,42.099181384927554,42.099181384927554,40.757969095126796,41.950157165527344,95620,0.0,0.0,0.0
2015-03-05 00:00:00-05:00,41.6148544601906,41.6148544601906,41.01876040955308,41.205039978027344,75800,0.0,0.0,0.0
2015-03-06 00:00:00-05:00,40.944258086866164,41.0187687925233,40.0501154069744,40.16188430786133,101920,0.0,0.0,0.0
2015-03-09 00:00:00-04:00,39.93833308646928,40.27363683406394,38.78340048244345,38.820655822753906,143740,0.0,0.0,0.0
2015-03-10 00:00:00-04:00,38.18731540125892,38.78340951221302,37.889266924581406,37.9265251159668,104800,0.0,0.0,0.0
2015-03-11 00:00:00-04:00,38.187310789901105,38.522614575073035,37.66572743990039,38.44810104370117,86060,0.0,0.0,0.0
2015-03-12 00:00:00-04:00,38.74615810836621,38.82066881392181,37.8520154296929,37.8892707824707,69600,0.0,0.0,0.0
2015-03-13 00:00:00-04:00,37.40493747474934,37.70298307533503,36.73432989923049,37.591217041015625,151580,0.0,0.0,0.0
2015-03-16 00:00:00-04:00,37.553956879824426,37.62846755981445,36.39902144317725,37.62846755981445,92760,0.0,0.0,0.0
2015-03-17 00:00:00-04:00,37.36767578125,37.77749018892869,37.0696273889018,37.36767578125,77420,0.0,0.0,0.0
2015-03-18 00:00:00-04:00,36.92060647701146,39.45400951013047,36.622560900550646,39.11870574951172,125940,0.0,0.0,0.0
2015-03-19 00:00:00-04:00,38.1873041154896,38.48535250408273,37.516696662355116,37.740234375,118280,0.0,0.0,0.0
2015-03-20 00:00:00-04:00,38.37360032244426,38.78341490303865,38.00104109601276,38.187320709228516,64180,0.0,0.0,0.0
2015-03-23 00:00:00-04:00,38.261824054313095,38.93243166979621,38.001033782958984,38.001033782958984,130540,0.0,0.0,0.0
2015-03-24 00:00:00-04:00,38.44809673484878,38.969680026396006,38.0382823066332,38.820655822753906,169180,0.0,0.0,0.0
2015-03-25 00:00:00-04:00,39.124499090422006,40.062286673012174,38.71187026456187,39.87472915649414,169720,0.355,0.0,0.0
2015-03-26 00:00:00-04:00,40.69999524322602,41.11262135073095,39.64967164057568,40.09981155395508,215360,0.0,0.0,0.0
2015-03-27 00:00:00-04:00,39.64966788535727,39.6871816876788,39.01197331250946,39.04948425292969,127740,0.0,0.0,0.0
2015-03-30 00:00:00-04:00,39.274553419998355,39.762204239392965,38.824416403558224,39.724693298339844,114780,0.0,0.0,0.0
2015-03-31 00:00:00-04:00,39.27454281411597,40.062286673012174,39.086985297597934,39.87472915649414,69100,0.0,0.0,0.0
2015-04-01 00:00:00-04:00,39.98726035638999,40.85002604276529,39.98726035638999,40.287353515625,152560,0.0,0.0,0.0
2015-04-02 00:00:00-04:00,40.062308002215275,41.15013988766192,39.949772287630125,41.11262893676758,122240,0.0,0.0,0.0
2015-04-06 00:00:00-04:00,41.48774082485087,42.38801788324711,41.22516132785699,42.275482177734375,88360,0.0,0.0,0.0
2015-04-07 00:00:00-04:00,42.237962512832,43.438332630263,42.20045157270319,42.87565994262695,119000,0.0,0.0,0.0
2015-04-08 00:00:00-04:00,42.95067247120351,43.288276582658604,41.48772322949854,41.562747955322266,165240,0.0,0.0,0.0
2015-04-09 00:00:00-04:00,41.937869040821276,42.65058543647498,41.75031149209113,42.50054168701172,101500,0.0,0.0,0.0
2015-04-10 00:00:00-04:00,42.6505851084923,42.91316739183589,42.3504947499724,42.6880989074707,65020,0.0,0.0,0.0
2015-04-13 00:00:00-04:00,42.95067660293915,43.138234142689974,42.3504930481167,42.5755615234375,165860,0.0,0.0,0.0
2015-04-14 00:00:00-04:00,43.02570580973949,44.30109786987305,42.913172983843296,44.30109786987305,151760,0.0,0.0,0.0
2015-04-15 00:00:00-04:00,44.71371241820292,46.251686399067,44.338597371533766,46.06412887573242,238560,0.0,0.0,0.0
2015-04-16 00:00:00-04:00,45.764035284979165,46.626801029374285,45.16385178804809,45.726524353027344,189100,0.0,0.0,0.0
2015-04-17 00:00:00-04:00,45.501461679102135,45.801552034735415,44.78874243388393,45.126346588134766,155620,0.0,0.0,0.0
2015-04-20 00:00:00-04:00,45.08883558106589,45.91409054942805,45.01381370298805,45.16386032104492,160700,0.0,0.0,0.0
2015-04-21 00:00:00-04:00,45.20136509842116,45.426433563875456,43.55085824858827,43.700904846191406,109520,0.0,0.0,0.0
2015-04-22 00:00:00-04:00,43.85096778820395,44.30110488689049,43.288294983894836,43.66341018676758,170760,0.0,0.0,0.0
2015-04-23 00:00:00-04:00,43.925978195365076,44.71371934298711,43.925978195365076,44.188560485839844,105080,0.0,0.0,0.0
2015-04-24 00:00:00-04:00,44.22607601630711,44.26358695829827,43.36331004100344,43.775936126708984,120440,0.0,0.0,0.0
2015-04-27 00:00:00-04:00,43.963479979054895,44.22606221485282,43.25076371793327,43.36329650878906,115540,0.0,0.0,0.0
2015-04-28 00:00:00-04:00,43.47583808783657,43.92597503642001,43.138233945448526,43.81344223022461,110420,0.0,0.0,0.0
2015-04-29 00:00:00-04:00,43.77593300904772,45.35141821758515,43.475842632589085,44.97630310058594,166560,0.0,0.0,0.0
2015-04-30 00:00:00-04:00,45.2763886760689,45.95159695983086,44.33860098301112,45.538970947265625,195460,0.0,0.0,0.0
2015-05-01 00:00:00-04:00,45.42643489661801,45.57648149862329,44.63869381346643,45.20136642456055,179180,0.0,0.0,0.0
2015-05-04 00:00:00-04:00,45.23888740582128,45.689027311800025,44.676214669774,44.93879699707031,277700,0.0,0.0,0.0
2015-05-05 00:00:00-04:00,45.57648635172015,46.10164808370869,44.076025895696446,44.1135368347168,235620,0.0,0.0,0.0
2015-05-06 00:00:00-04:00,44.75122992469088,44.97629839898261,43.51334902323504,43.81344223022461,202820,0.0,0.0,0.0
2015-05-07 00:00:00-04:00,43.5133450156764,43.58836687956385,42.50053554369247,42.76311492919922,133620,0.0,0.0,0.0
2015-05-08 00:00:00-04:00,43.175743185530834,43.77592671404257,42.0879089302841,43.700904846191406,116300,0.0,0.0,0.0
2015-05-11 00:00:00-04:00,43.925970990858715,43.925970990858715,42.72560399725549,42.76311492919922,109480,0.0,0.0,0.0
2015-05-12 00:00:00-04:00,42.91316440236529,43.70090547371737,42.800628737071776,43.32579040527344,116460,0.0,0.0,0.0
2015-05-13 00:00:00-04:00,43.66340043818597,43.66340043818597,42.57556602035179,42.72561264038086,152840,0.0,0.0,0.0
2015-05-14 00:00:00-04:00,42.8756596023803,43.025703361704856,42.01289367675781,42.01289367675781,200180,0.0,0.0,0.0
2015-05-15 00:00:00-04:00,41.712800434306175,42.162940297983624,41.150127751135315,42.01289367675781,148900,0.0,0.0,0.0
2015-05-18 00:00:00-04:00,41.787829687964404,41.9003625196087,41.11262125049236,41.63778305053711,93520,0.0,0.0,0.0
2015-05-19 00:00:00-04:00,41.00008142404888,41.11261423649457,40.137315552459874,40.24985122680664,183580,0.0,0.0,0.0
2015-05-20 00:00:00-04:00,40.287353515625,40.36237537448352,39.649656267725724,40.287353515625,120200,0.0,0.0,0.0
2015-05-21 00:00:00-04:00,40.587454399476364,41.37519843246219,40.51243252104972,41.337684631347656,115880,0.0,0.0,0.0
2015-05-22 00:00:00-04:00,41.037607034978876,41.60027988410043,40.737513704019875,41.11262893676758,80080,0.0,0.0,0.0
2015-05-26 00:00:00-04:00,40.81253093704626,40.85004188101915,39.98727586013484,40.09981155395508,70420,0.0,0.0,0.0
2015-05-27 00:00:00-04:00,40.02477817322023,40.39989325586297,39.574641218809326,40.13731384277344,97080,0.0,0.0,0.0
2015-05-28 00:00:00-04:00,39.874738556749335,40.17482893678253,39.04948357238022,39.424598693847656,79420,0.0,0.0,0.0
2015-05-29 00:00:00-04:00,39.34957230975004,39.64966265543023,39.162014770487076,39.2745475769043,70940,0.0,0.0,0.0
2015-06-01 00:00:00-04:00,39.34956132360047,39.38707224860006,38.711864151006864,38.93693542480469,79220,0.0,0.0,0.0
2015-06-02 00:00:00-04:00,39.01197397072517,39.94976180655991,38.93695208861893,39.724693298339844,126560,0.0,0.0,0.0
2015-06-03 00:00:00-04:00,39.57464181049765,40.17482537931931,39.19952672224649,39.237037658691406,82700,0.0,0.0,0.0
2015-06-04 00:00:00-04:00,39.01197015759695,39.01197015759695,38.41178657370644,38.67436599731445,61280,0.0,0.0,0.0
2015-06-05 00:00:00-04:00,38.48680604582209,39.499618463441635,38.336759443741315,38.974456787109375,89240,0.0,0.0,0.0
2015-06-08 00:00:00-04:00,38.93694719201773,39.27454848094137,38.261738890368484,38.7493896484375,193100,0.0,0.0,0.0
2015-06-09 00:00:00-04:00,39.16201746584999,39.64966538435597,38.82441329956055,38.82441329956055,178900,0.0,0.0,0.0
2015-06-10 00:00:00-04:00,39.49962063415774,39.612153445476935,39.12450553929167,39.3870849609375,167840,0.0,0.0,0.0
2015-06-11 00:00:00-04:00,39.387084151849905,39.387084151849905,38.711875850200656,38.7493896484375,120140,0.0,0.0,0.0
2015-06-12 00:00:00-04:00,38.561840788082726,38.59935173286516,38.07418992020613,38.18672561645508,133180,0.0,0.0,0.0
2015-06-15 00:00:00-04:00,37.81159740351565,38.41178089873481,37.661550814235696,38.07417678833008,94140,0.0,0.0,0.0
2015-06-16 00:00:00-04:00,38.074177899366504,38.56182861328125,37.99915603348766,38.56182861328125,96960,0.0,0.0,0.0
2015-06-17 00:00:00-04:00,38.89942873651884,39.0494753257988,37.77408360977017,38.07417678833008,146400,0.0,0.0,0.0
2015-06-18 00:00:00-04:00,38.22423813030674,38.33677096927342,37.398983001708984,37.398983001708984,209420,0.0,0.0,0.0
2015-06-19 00:00:00-04:00,37.24892915322278,37.43648669606499,36.68625652469616,37.17390441894531,136420,0.0,0.0,0.0
2015-06-22 00:00:00-04:00,37.0613757558529,37.24893331967422,36.348656440951636,36.986351013183594,121040,0.0,0.0,0.0
2015-06-23 00:00:00-04:00,36.98634493237589,37.811599794652935,36.948833998158946,37.774085998535156,102400,0.0,0.0,0.0
2015-06-24 00:00:00-04:00,37.59273144791915,38.1594560426114,37.32826112340024,37.47938537597656,162540,0.36,0.0,0.0
2015-06-25 00:00:00-04:00,37.74386814702896,37.74386814702896,36.988235162634034,37.02601623535156,134740,0.0,0.0,0.0
2015-06-26 00:00:00-04:00,36.9882284326744,36.9882284326744,36.38372273164969,36.799320220947266,186540,0.0,0.0,0.0
2015-06-29 00:00:00-04:00,36.308169759351635,36.421515876984294,35.32584730907745,35.36362838745117,157000,0.0,0.0,0.0
2015-06-30 00:00:00-04:00,35.74142103724178,35.85476707908412,35.06135343371646,35.70363998413086,179780,0.0,0.0,0.0
2015-07-01 00:00:00-04:00,35.77922779984993,35.77922779984993,33.85236388153116,33.92792892456055,138620,0.0,0.0,0.0
2015-07-02 00:00:00-04:00,34.04126932935047,34.26795867452978,33.474544525146484,33.474544525146484,160640,0.0,0.0,0.0
2015-07-06 00:00:00-04:00,32.79447299382159,33.058943387920515,32.15218322134962,32.189964294433594,105380,0.0,0.0,0.0
2015-07-07 00:00:00-04:00,32.15215907954099,33.02113752054573,30.90536730887079,32.98335647583008,263420,0.0,0.0,0.0
2015-07-08 00:00:00-04:00,32.60555522026699,33.13449585393628,31.43432211925861,31.698795318603516,309120,0.0,0.0,0.0
2015-07-09 00:00:00-04:00,32.341087648210014,32.832250187804576,32.303306579589844,32.303306579589844,126740,0.0,0.0,0.0
2015-07-10 00:00:00-04:00,32.60556927930732,32.87003971017771,31.623243947476706,31.661027908325195,97500,0.0,0.0,0.0
2015-07-13 00:00:00-04:00,31.698799421987427,31.736580488924496,31.16985583733656,31.547672271728516,106400,0.0,0.0,0.0
2015-07-14 00:00:00-04:00,31.509894528794447,32.7944711177402,31.396548433515637,32.75668716430664,338020,0.0,0.0,0.0
2015-07-15 00:00:00-04:00,32.605561730533026,32.794469960993794,31.283204117307644,31.5098934173584,312100,0.0,0.0,0.0
2015-07-16 00:00:00-04:00,31.774380652640403,31.774380652640403,30.867620088623745,31.018747329711914,820300,0.0,0.0,0.0
2015-07-17 00:00:00-04:00,30.980953172189913,31.094299275824337,29.6963764885481,29.73415756225586,194880,0.0,0.0,0.0
2015-07-20 00:00:00-04:00,29.658593978631536,29.658593978631536,28.071765899658203,28.071765899658203,247080,0.0,0.0,0.0
2015-07-21 00:00:00-04:00,28.26067010963305,28.940737953949306,28.22288616063442,28.56292152404785,147840,0.0,0.0,0.0
2015-07-22 00:00:00-04:00,28.336229098637027,28.336229098637027,27.54281526037725,27.656158447265625,623620,0.0,0.0,0.0
2015-07-23 00:00:00-04:00,27.807285910894624,28.033975169887643,26.976091000416787,27.73172378540039,420120,0.0,0.0,0.0
2015-07-24 00:00:00-04:00,27.656171962094636,27.656171962094636,26.33381395795737,26.522722244262695,188900,0.0,0.0,0.0
2015-07-27 00:00:00-04:00,26.031548672754653,26.371583984911656,25.578167295708592,25.653732299804688,189980,0.0,0.0,0.0
2015-07-28 00:00:00-04:00,25.918208565750525,27.12722296661575,25.578173175428716,26.787187576293945,232800,0.0,0.0,0.0
2015-07-29 00:00:00-04:00,26.82496354670972,27.88285058606295,26.522709283320143,27.656158447265625,595660,0.0,0.0,0.0
2015-07-30 00:00:00-04:00,27.353914212834898,27.656165672680018,26.48493514044422,26.673843383789062,495480,0.0,0.0,0.0
2015-07-31 00:00:00-04:00,26.56050107381468,26.673844294183436,25.804868074645118,25.880430221557617,354920,0.0,0.0,0.0
2015-08-03 00:00:00-04:00,25.80486769209584,25.80486769209584,24.671418210144534,24.784761428833008,501640,0.0,0.0,0.0
2015-08-04 00:00:00-04:00,25.049241461629514,25.427058057536374,24.55807873394585,24.671424865722656,272960,0.0,0.0,0.0
2015-08-05 00:00:00-04:00,25.011445404225444,25.42704576481015,23.991342241451388,24.029123306274414,376340,0.0,0.0,0.0
2015-08-06 00:00:00-04:00,24.029130880243333,25.35148874342902,23.500188599722474,25.27592658996582,290500,0.0,0.0,0.0
2015-08-07 00:00:00-04:00,25.313705096912503,25.993775939087726,24.74698035593685,24.784761428833008,270760,0.0,0.0,0.0
2015-08-10 00:00:00-04:00,24.898105277295933,26.824968645771737,24.822540255829516,26.787187576293945,349060,0.0,0.0,0.0
2015-08-11 00:00:00-04:00,25.918207570903455,26.37158903476684,25.5781721936336,26.333805084228516,252460,0.0,0.0,0.0
2015-08-12 00:00:00-04:00,26.409372744954197,27.505041122436523,26.18268343159844,27.505041122436523,360440,0.0,0.0,0.0
2015-08-13 00:00:00-04:00,27.24056512944456,27.353911216038085,26.25824294817331,26.333805084228516,231860,0.0,0.0,0.0
2015-08-14 00:00:00-04:00,26.484936072275325,26.862752572257886,26.333808895780074,26.447154998779297,258920,0.0,0.0,0.0
2015-08-17 00:00:00-04:00,26.333802175940257,26.598275387946657,26.144893974154428,26.220458984375,159820,0.0,0.0,0.0
2015-08-18 00:00:00-04:00,26.220463107149108,26.52271454802469,25.955989853558258,26.182682037353516,177420,0.0,0.0,0.0
2015-08-19 00:00:00-04:00,26.107117156398402,26.18268217890898,24.63363236631718,24.89810562133789,424820,0.0,0.0,0.0
2015-08-20 00:00:00-04:00,24.86032868894753,25.1247991054743,24.293603897094727,24.293603897094727,364140,0.0,0.0,0.0
2015-08-21 00:00:00-04:00,24.066910881251296,24.482509888112947,23.65131187438965,23.65131187438965,384180,0.0,0.0,0.0
2015-08-24 00:00:00-04:00,22.215599353882336,23.537956475437888,21.61109381767318,22.177818298339844,352480,0.0,0.0,0.0
2015-08-25 00:00:00-04:00,23.27348951370368,23.76465198354658,21.91335105895996,21.91335105895996,351320,0.0,0.0,0.0
2015-08-26 00:00:00-04:00,22.66898536682129,22.744548939628416,21.91335252126058,22.66898536682129,255240,0.0,0.0,0.0
2015-08-27 00:00:00-04:00,23.31128033355309,25.27592658996582,23.31128033355309,25.27592658996582,373000,0.0,0.0,0.0
2015-08-28 00:00:00-04:00,24.86032529072387,26.5227154802465,24.86032529072387,25.842647552490234,441840,0.0,0.0,0.0
2015-08-31 00:00:00-04:00,25.57817589581495,26.59828217527455,24.70919967536174,26.447154998779297,445460,0.0,0.0,0.0
2015-09-01 00:00:00-04:00,25.3514852280277,26.1448992594169,25.049233773575665,25.238142013549805,292400,0.0,0.0,0.0
2015-09-02 00:00:00-04:00,25.61595948021105,25.804867727461836,24.369163895351424,25.464832305908203,511420,0.0,0.0,0.0
2015-09-03 00:00:00-04:00,25.615958243238143,26.5227154802465,25.23814176698101,25.842647552490234,369460,0.0,0.0,0.0
2015-09-04 00:00:00-04:00,25.502609140612613,25.502609140612613,25.01144662638175,25.049230575561523,121480,0.0,0.0,0.0
2015-09-08 00:00:00-04:00,25.427048631391823,25.767081135643934,24.709196788783625,25.087013244628906,268700,0.0,0.0,0.0
2015-09-09 00:00:00-04:00,25.313698165808567,25.95598487671302,24.40693825202381,24.444719314575195,283060,0.0,0.0,0.0
2015-09-10 00:00:00-04:00,24.520287854855628,24.97366643581165,24.029125323394336,24.595849990844727,401320,0.0,0.0,0.0
2015-09-11 00:00:00-04:00,24.255813191580867,24.331378205649766,23.651307491582415,23.953561782836914,160360,0.0,0.0,0.0
2015-09-14 00:00:00-04:00,23.915784338714907,23.991347927525155,23.311278510744064,23.57575035095215,146620,0.0,0.0,0.0
2015-09-15 00:00:00-04:00,23.613530338703466,24.25581721091179,23.613530338703466,23.878002166748047,167960,0.0,0.0,0.0
2015-09-16 00:00:00-04:00,24.1046840253548,25.691513061523438,24.1046840253548,25.691513061523438,306800,0.0,0.0,0.0
2015-09-17 00:00:00-04:00,25.69152517280239,26.258249992790677,25.351489704307117,25.389270782470703,416480,0.0,0.0,0.0
2015-09-18 00:00:00-04:00,25.087020954743963,25.124802035437774,24.369168891514832,24.520296096801758,165420,0.0,0.0,0.0
2015-09-21 00:00:00-04:00,24.898109765235446,25.049236952898465,24.293603897094727,24.293603897094727,197480,0.0,0.0,0.0
2015-09-22 00:00:00-04:00,23.878006316809262,24.59585689911689,23.613534442798766,23.726879119873047,307260,0.0,0.0,0.0
2015-09-23 00:00:00-04:00,23.8218581153278,23.93583800644428,22.56807641438064,22.644062042236328,305100,0.175,0.0,0.0
2015-09-24 00:00:00-04:00,22.454097631507917,23.137979954768554,22.07416365162228,22.986005783081055,338220,0.0,0.0,0.0
2015-09-25 00:00:00-04:00,23.289953982020464,23.32794825173765,22.11215915811834,22.226139068603516,340240,0.0,0.0,0.0
2015-09-28 00:00:00-04:00,22.112154628783678,22.112154628783678,20.858372971598257,20.934358596801758,439580,0.0,0.0,0.0
2015-09-29 00:00:00-04:00,21.314295381632178,21.314295381632178,20.630414517658195,20.78238868713379,226460,0.0,0.0,0.0
2015-09-30 00:00:00-04:00,21.1243279504076,21.542256183013823,20.74439398403816,21.3522891998291,143640,0.0,0.0,0.0
2015-10-01 00:00:00-04:00,21.77021769640343,22.30212587091468,21.276303791119087,21.42827796936035,266140,0.0,0.0,0.0
2015-10-02 00:00:00-04:00,21.16232594706278,23.175976033913162,21.124331674128506,23.09998893737793,224360,0.0,0.0,0.0
2015-10-05 00:00:00-04:00,23.555902587050987,24.961656904553873,23.365935630703802,24.923664093017578,247340,0.0,0.0,0.0
2015-10-06 00:00:00-04:00,25.07564188226461,26.937318904772027,24.961660532424226,26.82333755493164,745820,0.0,0.0,0.0
2015-10-07 00:00:00-04:00,27.393233760961643,28.191094375617684,26.101457914122246,27.127281188964844,719500,0.0,0.0,0.0
2015-10-08 00:00:00-04:00,27.089294068514263,28.03912902324946,26.481397378550742,27.9631404876709,453940,0.0,0.0,0.0
2015-10-09 00:00:00-04:00,28.153102325493744,28.41905780333904,27.241260356117625,27.469223022460938,420720,0.0,0.0,0.0
2015-10-12 00:00:00-04:00,27.393239443619922,27.393239443619922,25.493569539087805,25.683536529541016,527840,0.0,0.0,0.0
2015-10-13 00:00:00-04:00,25.493566473743794,26.2534343441902,24.99965409715316,25.075639724731445,412160,0.0,0.0,0.0
2015-10-14 00:00:00-04:00,25.037644181949293,25.607545022667416,24.7336959074334,25.37958526611328,939800,0.0,0.0,0.0
2015-10-15 00:00:00-04:00,25.22761486926926,26.329423904418945,24.92366654968797,26.329423904418945,556540,0.0,0.0,0.0
2015-10-16 00:00:00-04:00,26.405409534981267,26.557383694771914,25.75952297920352,26.329423904418945,467420,0.0,0.0,0.0
2015-10-19 00:00:00-04:00,25.873500408966997,25.91149322275614,25.075639724731445,25.075639724731445,223980,0.0,0.0,0.0
2015-10-20 00:00:00-04:00,25.18962289687003,26.29142907022177,24.96166020022309,26.025476455688477,412220,0.0,0.0,0.0
2015-10-21 00:00:00-04:00,25.721527396108424,25.721527396108424,24.77169251591733,24.847681045532227,482720,0.0,0.0,0.0
2015-10-22 00:00:00-04:00,25.189626638721144,25.303605105309707,24.125810225228697,24.581729888916016,295140,0.0,0.0,0.0
2015-10-23 00:00:00-04:00,24.543731092305467,24.809686580273183,23.973830202087854,24.239784240722656,422820,0.0,0.0,0.0
2015-10-26 00:00:00-04:00,24.12580474644032,24.239784636478177,22.720048904418945,22.720048904418945,446040,0.0,0.0,0.0
2015-10-27 00:00:00-04:00,22.56807796835545,22.56807796835545,21.80821004281261,22.264129638671875,436580,0.0,0.0,0.0
2015-10-28 00:00:00-04:00,22.34012070799698,23.21396868845492,21.998180950078645,22.75804901123047,712900,0.0,0.0,0.0
2015-10-29 00:00:00-04:00,22.91000951655782,23.783857030253106,22.834022461164203,22.9480037689209,384260,0.0,0.0,0.0
2015-10-30 00:00:00-04:00,23.061988288703898,23.403927933090255,22.2641262198034,23.175968170166016,497600,0.0,0.0,0.0
2015-11-02 00:00:00-05:00,22.91001933598786,23.935841400146483,22.91001933598786,23.745874404907227,317440,0.0,0.0,0.0
2015-11-03 00:00:00-05:00,24.16379799201597,24.99965439879175,24.011825285692794,24.619720458984375,703940,0.0,0.0,0.0
2015-11-04 00:00:00-05:00,24.847680243135613,25.41758115284668,24.049818099940346,24.619720458984375,1227480,0.0,0.0,0.0
2015-11-05 00:00:00-05:00,24.505739908930227,25.45557478912132,24.20179303713568,24.847681045532227,746200,0.0,0.0,0.0
2015-11-06 00:00:00-05:00,24.771691471353257,25.075639779664026,24.315771907552996,24.543731689453125,318880,0.0,0.0,0.0
2015-11-09 00:00:00-05:00,24.543731689453125,25.037646965791655,24.20179201660293,24.543731689453125,257200,0.0,0.0,0.0
2015-11-10 00:00:00-05:00,24.315771868848426,24.695705804299184,23.97383074720957,24.125804901123047,190500,0.0,0.0,0.0
2015-11-11 00:00:00-05:00,24.16379126749598,24.16379126749598,22.796030044555664,22.796030044555664,760980,0.0,0.0,0.0
2015-11-12 00:00:00-05:00,22.302121390270795,22.72004812247026,21.88419320873845,21.960180282592773,743020,0.0,0.0,0.0
2015-11-13 00:00:00-05:00,21.96018124620451,22.720049119424964,21.618241572855073,22.644062042236328,396200,0.0,0.0,0.0
2015-11-16 00:00:00-05:00,22.682059521434013,23.745874404907227,22.492092526194757,23.745874404907227,577700,0.0,0.0,0.0
2015-11-17 00:00:00-05:00,23.593898185933423,23.593898185933423,22.834030270775077,22.872024536132812,691440,0.0,0.0,0.0
2015-11-18 00:00:00-05:00,23.17596796227788,23.55590186329883,22.492087230306737,23.251955032348633,478860,0.0,0.0,0.0
2015-11-19 00:00:00-05:00,22.986005902130742,23.061992988368047,22.226137938423943,22.454097747802734,437280,0.0,0.0,0.0
2015-11-20 00:00:00-05:00,22.340115772299267,22.492089930686653,21.54225506409797,21.58024787902832,362880,0.0,0.0,0.0
2015-11-23 00:00:00-05:00,21.61824214329166,21.998176089927135,21.27630101158654,21.58024787902832,290980,0.0,0.0,0.0
2015-11-24 00:00:00-05:00,21.80821393479069,22.75804901123047,21.732226838808845,22.75804901123047,387420,0.0,0.0,0.0
2015-11-25 00:00:00-05:00,22.530081130077136,22.986002123214075,22.074160136940197,22.492088317871094,325040,0.0,0.0,0.0
2015-11-27 00:00:00-05:00,22.226135878175224,22.264128693105576,21.58024787902832,21.58024787902832,191080,0.0,0.0,0.0
2015-11-30 00:00:00-05:00,21.732220510362684,22.41610127638584,21.732220510362684,21.960180282592773,285880,0.0,0.0,0.0
2015-12-01 00:00:00-05:00,21.960180282592773,22.112154430301427,21.770213322623402,21.960180282592773,172260,0.0,0.0,0.0
2015-12-02 00:00:00-05:00,21.69423075183189,21.73222502131195,20.820382844455096,20.89636993408203,461780,0.0,0.0,0.0
2015-12-03 00:00:00-05:00,21.124324390004304,21.276298530670797,20.63041060683744,20.7443904876709,307860,0.0,0.0,0.0
2015-12-04 00:00:00-05:00,20.3264625039644,20.402449569546704,19.566594746806853,19.60458755493164,584400,0.0,0.0,0.0
2015-12-07 00:00:00-05:00,18.958704468971266,19.034690098640105,17.818902631942926,17.856895446777344,621800,0.0,0.0,0.0
2015-12-08 00:00:00-05:00,17.36297922894681,18.16083982584539,17.09702521353635,17.97087287902832,786540,0.0,0.0,0.0
2015-12-09 00:00:00-05:00,18.122848176097296,18.92070882405984,17.742914258146968,18.16084098815918,1135640,0.0,0.0,0.0
2015-12-10 00:00:00-05:00,18.00886941930305,18.540776068171578,17.81890244842151,18.35080909729004,489960,0.0,0.0,0.0
2015-12-11 00:00:00-05:00,18.160842970451622,18.160842970451622,17.135020990148632,17.211008071899414,712460,0.0,0.0,0.0
2015-12-14 00:00:00-05:00,16.641108697356866,16.983049872718016,16.261174702214777,16.413148880004883,509600,0.0,0.0,0.0
2015-12-15 00:00:00-05:00,16.679101266984247,16.945053877018417,16.527127104679277,16.75508689880371,342000,0.0,0.0,0.0
2015-12-16 00:00:00-05:00,16.717092457410107,16.94505222936891,16.261171464159617,16.299165725708008,409540,0.0,0.0,0.0
2015-12-17 00:00:00-05:00,16.29916693214147,16.451139641585108,15.653278931340278,15.957225799560547,476940,0.0,0.0,0.0
2015-12-18 00:00:00-05:00,16.07120162058902,16.299162800975196,15.76725482940674,15.767254829406738,328480,0.0,0.0,0.0
2015-12-21 00:00:00-05:00,15.919236037951224,15.919236037951224,15.387327829542377,15.729269027709961,332620,0.0,0.0,0.0
2015-12-22 00:00:00-05:00,15.615287662098586,15.957228860266168,15.539302017468696,15.729269027709961,243340,0.0,0.0,0.0
2015-12-23 00:00:00-05:00,16.254470936287294,17.59623146057129,16.254470936287294,17.59623146057129,596580,0.185,0.0,0.0
2015-12-24 00:00:00-05:00,17.74957223086708,17.864579967695487,17.174532084322344,17.44288444519043,334860,0.0,0.0,0.0
2015-12-28 00:00:00-05:00,17.09785748438495,17.13619436646625,16.637826598629495,16.75283432006836,242060,0.0,0.0,0.0
2015-12-29 00:00:00-05:00,17.097853928783987,17.44287848375318,16.561150852879067,17.17452621459961,309780,0.0,0.0,0.0
2015-12-30 00:00:00-05:00,16.676164334445847,16.98285212167925,16.13945960998535,16.13945960998535,285120,0.0,0.0,0.0
2015-12-31 00:00:00-05:00,16.139461860882527,17.174534566754513,16.139461860882527,17.097862243652344,236140,0.0,0.0,0.0
2016-01-04 00:00:00-05:00,17.251205444335938,17.59623013818378,16.752837579535683,17.251205444335938,417440,0.0,0.0,0.0
2016-01-05 00:00:00-05:00,17.251206889856686,17.251206889856686,16.791174413646587,17.097862243652344,264560,0.0,0.0,0.0
2016-01-06 00:00:00-05:00,16.446150169394013,16.484485597450202,15.564420700073242,15.564420700073242,535220,0.0,0.0,0.0
2016-01-07 00:00:00-05:00,15.104388465156388,15.67942861287956,14.874371528625488,14.874371528625488,1187460,0.0,0.0,0.0
2016-01-08 00:00:00-05:00,15.181060310958673,15.487749579788396,14.759364759922027,15.334404945373535,274260,0.0,0.0,0.0
2016-01-11 00:00:00-05:00,15.33440818034256,15.33440818034256,14.222663002306476,14.337672233581543,384600,0.0,0.0,0.0
2016-01-12 00:00:00-05:00,14.721027811697523,14.721027811697523,13.302595208307489,13.762627601623535,784380,0.0,0.0,0.0
2016-01-13 00:00:00-05:00,13.954307617459026,14.260995391626802,13.264258297578207,13.455938339233398,622380,0.0,0.0,0.0
2016-01-14 00:00:00-05:00,13.72429156768942,14.030979361469651,13.187588294174706,13.95430850982666,657000,0.0,0.0,0.0
2016-01-15 00:00:00-05:00,13.225921312440045,13.417601331460917,12.842561274398305,13.34092903137207,330980,0.0,0.0,0.0
2016-01-19 00:00:00-05:00,13.379267383934547,13.45593823005239,12.190850257873535,12.190850257873535,725160,0.0,0.0,0.0
2016-01-20 00:00:00-05:00,11.922501286094613,12.919237862033343,11.194117118324519,12.842565536499023,946080,0.0,0.0,0.0
2016-01-21 00:00:00-05:00,12.72755136096052,14.10764667499144,12.68921448632496,14.030974388122559,624000,0.0,0.0,0.0
2016-01-22 00:00:00-05:00,14.836040276552035,15.21940048285879,14.33767230083388,14.759367942810059,697500,0.0,0.0,0.0
2016-01-25 00:00:00-05:00,14.299324921979862,14.797692532416296,12.957565183357584,13.187582015991211,593640,0.0,0.0,0.0
2016-01-26 00:00:00-05:00,13.800965078444454,14.68269311042005,13.264260295988239,14.644357681274414,701500,0.0,0.0,0.0
2016-01-27 00:00:00-05:00,14.33766986090067,15.33440564271606,14.184325219512356,14.644357681274414,611020,0.0,0.0,0.0
2016-01-28 00:00:00-05:00,15.64109336894071,15.794438009405988,14.87437309142006,15.449413299560547,468000,0.0,0.0,0.0
2016-01-29 00:00:00-05:00,15.56442094162984,16.177798036868246,15.449413193273532,16.101125717163086,608360,0.0,0.0,0.0
2016-02-01 00:00:00-05:00,15.679426326766622,15.679426326766622,14.989377080188135,15.296066284179688,548380,0.0,0.0,0.0
2016-02-02 00:00:00-05:00,14.836040206962052,14.836040206962052,14.299335335688813,14.337672233581543,452680,0.0,0.0,0.0
2016-02-03 00:00:00-05:00,14.79770043972672,15.602757590532272,13.99264475132401,15.564420700073242,2737200,0.0,0.0,0.0
2016-02-04 00:00:00-05:00,15.641092751800441,16.177797509849643,15.219397200763796,15.334404945373535,849160,0.0,0.0,0.0
2016-02-05 00:00:00-05:00,15.027720379705412,15.257735918528214,14.414343172172726,14.759367942810059,403720,0.0,0.0,0.0
2016-02-08 00:00:00-05:00,14.33766927221784,14.491012444907232,13.877636829344011,14.222660064697266,611540,0.0,0.0,0.0
2016-02-09 00:00:00-05:00,13.992644280120683,14.069316596053955,13.149251729660246,13.532611846923828,672740,0.0,0.0,0.0
2016-02-10 00:00:00-05:00,13.494275426798316,13.954307826130595,13.072578451409276,13.379267692565918,626660,0.0,0.0,0.0
2016-02-11 00:00:00-05:00,13.072576396353137,13.264256410741906,12.535873233506052,13.110913276672363,562760,0.0,0.0,0.0
2016-02-12 00:00:00-05:00,13.647620176484928,13.724292495715195,12.995909119034787,13.494277000427246,313120,0.0,0.0,0.0
2016-02-16 00:00:00-05:00,13.800957311543428,13.800957311543428,12.919229775786343,13.187582015991211,312760,0.0,0.0,0.0
2016-02-17 00:00:00-05:00,13.494277812625599,14.299333556991256,13.110917655803298,14.145990371704102,496380,0.0,0.0,0.0
2016-02-18 00:00:00-05:00,14.299334626108221,14.529351614841024,13.11091863606608,13.225926399230957,1180560,0.0,0.0,0.0
2016-02-19 00:00:00-05:00,12.995908635085335,13.034244062071485,12.459203882862449,12.880899429321289,527420,0.0,0.0,0.0
2016-02-22 00:00:00-05:00,13.340932361966711,13.609284748071222,13.18758918590903,13.494277000427246,342660,0.0,0.0,0.0
2016-02-23 00:00:00-05:00,13.340932461254967,13.340932461254967,12.382532119750977,12.382532119750977,563160,0.0,0.0,0.0
2016-02-24 00:00:00-05:00,12.190852627574305,12.957572937011719,12.075844873639278,12.957572937011719,1182620,0.0,0.0,0.0
2016-02-25 00:00:00-05:00,12.842563143614946,13.072578614957417,12.305858427278913,12.689218521118164,606040,0.0,0.0,0.0
2016-02-26 00:00:00-05:00,13.072577476501463,13.225922085643871,12.80422660410611,13.072577476501465,428460,0.0,0.0,0.0
2016-02-29 00:00:00-05:00,13.072581050699009,13.110917944667657,12.72755777939903,12.842565536499023,322240,0.0,0.0,0.0
2016-03-01 00:00:00-05:00,12.995906634332835,13.225922085643871,12.45920196473698,13.072577476501465,301640,0.0,0.0,0.0
2016-03-02 00:00:00-05:00,12.842564075889094,14.337669135356709,12.804228648683385,14.26099681854248,978460,0.0,0.0,0.0
2016-03-03 00:00:00-05:00,14.14598246952411,15.449405397164545,14.14598246952411,15.372733116149902,1154840,0.0,0.0,0.0
2016-03-04 00:00:00-05:00,15.909446126446701,16.867846495509756,15.372741334810227,16.407814025878906,1744840,0.0,0.0,0.0
2016-03-07 00:00:00-05:00,16.599496477340068,18.247945055765424,16.599496477340068,18.171274185180664,2862880,0.0,0.0,0.0
2016-03-08 00:00:00-05:00,17.979594084213694,17.979594084213694,15.602760535968356,15.67943286895752,2222580,0.0,0.0,0.0
2016-03-09 00:00:00-05:00,16.637824098398347,16.94451179694899,16.024447238894755,16.446144104003906,1456160,0.0,0.0,0.0
2016-03-10 00:00:00-05:00,16.407812803989607,16.446149693338928,15.756100309079159,16.177797317504883,1417360,0.0,0.0,0.0
2016-03-11 00:00:00-05:00,16.752833621845614,17.13619365226587,16.59948902471653,16.829505920410156,919960,0.0,0.0,0.0
2016-03-14 00:00:00-04:00,16.29280627407192,16.75283874370277,16.06279077045795,16.407814025878906,1176500,0.0,0.0,0.0
2016-03-15 00:00:00-04:00,16.17779090987298,16.25446319580078,15.717758656708387,16.25446319580078,940420,0.0,0.0,0.0
2016-03-16 00:00:00-04:00,16.484481372092382,17.021186001726143,16.407809073230062,16.98284912109375,1190980,0.0,0.0,0.0
2016-03-17 00:00:00-04:00,17.289537694064148,17.481217719330502,16.98284994611849,17.02118682861328,995080,0.0,0.0,0.0
2016-03-18 00:00:00-04:00,17.3278756833303,17.481218835896247,16.331138610839844,16.331138610839844,884080,0.0,0.0,0.0
2016-03-21 00:00:00-04:00,16.522821281937166,16.522821281937166,15.832773329396462,16.101125717163086,728080,0.0,0.0,0.0
2016-03-22 00:00:00-04:00,16.02445339745793,16.254470356573403,15.947781077752769,16.101125717163086,352520,0.0,0.0,0.0
2016-03-23 00:00:00-04:00,15.954679528814268,16.031754096406985,15.338072697350526,15.415148735046387,838240,0.11,0.0,0.0
2016-03-24 00:00:00-04:00,15.068309748567351,15.646377920048504,14.875620358073634,15.53076457977295,636040,0.0,0.0,0.0
2016-03-28 00:00:00-04:00,15.56930107202021,15.56930107202021,15.106846308178419,15.376611709594727,343240,0.0,0.0,0.0
2016-03-29 00:00:00-04:00,15.106844049503035,15.64637330156564,15.029768022036107,15.56929874420166,402620,0.0,0.0,0.0
2016-03-30 00:00:00-04:00,15.800532444795579,15.954684568883808,15.530766962692981,15.723456382751465,805140,0.0,0.0,0.0
2016-03-31 00:00:00-04:00,15.6463763570029,15.99321781328409,15.607839070795317,15.877604484558105,457500,0.0,0.0,0.0
2016-04-01 00:00:00-04:00,15.607838371646615,15.723451695193733,15.415149009033692,15.64637565612793,252940,0.0,0.0,0.0
2016-04-04 00:00:00-04:00,15.761990169626188,15.954679528814268,15.415148735046387,15.415148735046387,364040,0.0,0.0,0.0
2016-04-05 00:00:00-04:00,15.299535492798471,15.530762136980554,15.18392217070743,15.338072776794434,339980,0.0,0.0,0.0
2016-04-06 00:00:00-04:00,15.492224636653592,15.916140635102296,15.338072562615992,15.839064598083496,1463960,0.0,0.0,0.0
2016-04-07 00:00:00-04:00,15.723452399521301,15.954680527076507,15.607839070795317,15.877604484558105,401820,0.0,0.0,0.0
2016-04-08 00:00:00-04:00,16.22444396604836,16.455672086410836,16.18590668103954,16.417133331298828,617720,0.0,0.0,0.0
2016-04-11 00:00:00-04:00,16.57128541154048,16.686898736670123,16.37859604629001,16.417133331298828,296860,0.0,0.0,0.0
2016-04-12 00:00:00-04:00,16.609822744851247,17.53473228878445,16.494209419385395,17.342042922973633,797620,0.0,0.0,0.0
2016-04-13 00:00:00-04:00,17.380581604197474,17.419120362517194,16.956665553403706,17.149354934692383,525060,0.0,0.0,0.0
2016-04-14 00:00:00-04:00,17.226425873235105,17.264963150024414,16.995197802190635,17.264963150024414,445220,0.0,0.0,0.0
2016-04-15 00:00:00-04:00,17.110813911650926,17.226427221168233,16.879585822513324,17.072275161743164,446740,0.0,0.0,0.0
2016-04-18 00:00:00-04:00,16.494209419385395,17.496195003663566,16.340058808798656,17.342042922973633,587980,0.0,0.0,0.0
2016-04-19 00:00:00-04:00,17.534733931452607,17.997188746742353,17.457657883887094,17.843036651611328,623440,0.0,0.0,0.0
2016-04-20 00:00:00-04:00,17.611811576479578,18.266955835055633,17.611811576479578,18.07426643371582,513500,0.0,0.0,0.0
2016-04-21 00:00:00-04:00,18.189875397218866,18.228412680158975,17.804496687405344,17.881572723388672,508600,0.0,0.0,0.0
2016-04-22 00:00:00-04:00,18.035725671211488,18.498180477161178,17.99718838325872,18.421104431152344,639240,0.0,0.0,0.0
2016-04-25 00:00:00-04:00,18.30549312728221,18.421106474065404,17.920114324602586,18.07426643371582,741720,0.0,0.0,0.0
2016-04-26 00:00:00-04:00,18.228411820447164,18.652329263310566,18.151335788098997,18.61379051208496,394480,0.0,0.0,0.0
2016-04-27 00:00:00-04:00,18.80647773611875,19.268932407929636,18.80647773611875,19.191856384277344,792660,0.0,0.0,0.0
2016-04-28 00:00:00-04:00,19.11478049080872,19.30746981620035,18.65232728595111,18.69086456298828,605860,0.0,0.0,0.0
2016-04-29 00:00:00-04:00,18.99916790179552,19.114781207343793,18.344023876884723,18.729402542114258,755380,0.0,0.0,0.0
2016-05-02 00:00:00-04:00,18.590668885744638,18.791064513368784,18.30548800472049,18.606082916259766,3010000,0.0,0.2,0.0
2016-05-03 00:00:00-04:00,18.274659057362584,18.482763928787662,17.742837457191673,17.889280319213867,4698000,0.0,0.0,0.0
2016-05-04 00:00:00-04:00,17.935530863265562,18.26695688788864,17.357462625928623,17.611812591552734,3092300,0.0,0.0,0.0
2016-05-05 00:00:00-04:00,18.058847904865363,18.274659057362584,17.658053664365923,17.889280319213867,1334400,0.0,0.0,0.0
2016-05-06 00:00:00-04:00,17.77366201619051,18.159040646455455,17.650340972113952,17.7274169921875,2774800,0.0,0.0,0.0
2016-05-09 00:00:00-04:00,17.550148562410726,17.673469644342816,17.20330710066219,17.449949264526367,1828500,0.0,0.0,0.0
2016-05-10 00:00:00-04:00,17.53473375741548,18.004896319805617,17.511610502344332,17.997188568115234,1867900,0.0,0.0,0.0
2016-05-11 00:00:00-04:00,17.958644971173147,18.397977878538235,17.65805008675228,18.174457550048828,1335400,0.0,0.0,0.0
2016-05-12 00:00:00-04:00,18.459649590836236,18.74482914883213,18.074270697249705,18.26696014404297,1953900,0.0,0.0,0.0
2016-05-13 00:00:00-04:00,18.051145028074277,18.382571067594277,17.966361212354197,18.004899978637695,1456600,0.0,0.0,0.0
2016-05-16 00:00:00-04:00,18.197586655738267,18.5906731919349,18.197586655738267,18.313199996948242,1306100,0.0,0.0,0.0
2016-05-17 00:00:00-04:00,18.313200031314278,18.63691826937173,18.220708476110694,18.52901268005371,1061700,0.0,0.0,0.0
2016-05-18 00:00:00-04:00,18.55984373989353,18.70628810176141,18.14363538261577,18.259248733520508,1284500,0.0,0.0,0.0
2016-05-19 00:00:00-04:00,17.912410797489382,18.33632846249685,17.68889180366318,18.26696014404297,960700,0.0,0.0,0.0
2016-05-20 00:00:00-04:00,18.405694803301405,18.482770873914063,18.097391990954534,18.413402557373047,877700,0.0,0.0,0.0
2016-05-23 00:00:00-04:00,18.043430948351833,18.56754622521091,18.043430948351833,18.451932907104492,778200,0.0,0.0,0.0
2016-05-24 00:00:00-04:00,18.490468670690337,18.683158008405037,18.336318082580362,18.505884170532227,583900,0.0,0.0,0.0
2016-05-25 00:00:00-04:00,18.7294085159673,19.05312675681603,18.582965634945392,19.006881713867188,1002300,0.0,0.0,0.0
2016-05-26 00:00:00-04:00,19.107079191105996,19.307474848049193,18.875851058312413,18.9298038482666,636400,0.0,0.0,0.0
2016-05-27 00:00:00-04:00,18.90668374963339,18.90668374963339,18.660040091977404,18.868144989013672,423500,0.0,0.0,0.0
2016-05-31 00:00:00-04:00,19.006880048839957,19.261229967932337,18.837313926146134,18.922096252441406,1403700,0.0,0.0,0.0
2016-06-01 00:00:00-04:00,18.752531772493427,19.014589466042562,18.644626182244988,19.006881713867188,1190100,0.0,0.0,0.0
2016-06-02 00:00:00-04:00,18.713991105253342,19.083954322300407,18.660036849760395,19.06083106994629,850300,0.0,0.0,0.0
2016-06-03 00:00:00-04:00,19.014583107805546,19.23810196573591,18.775648750679174,18.89126205444336,1307000,0.0,0.0,0.0
2016-06-06 00:00:00-04:00,19.19185807505407,19.453915696497067,19.09166026455081,19.423086166381836,1809700,0.0,0.0,0.0
2016-06-07 00:00:00-04:00,19.5309922430567,20.031984249018,19.484747211610298,19.962615966796875,2413500,0.0,0.0,0.0
2016-06-08 00:00:00-04:00,20.21696636263907,20.278626896181002,19.72368209430359,19.739097595214844,2009700,0.0,0.0,0.0
2016-06-09 00:00:00-04:00,19.53099524637257,19.793052915037656,19.361429124925923,19.708269119262695,1682800,0.0,0.0,0.0
2016-06-10 00:00:00-04:00,19.446213167378822,19.50787371426697,18.806484442125527,18.868144989013672,1376000,0.0,0.0,0.0
2016-06-13 00:00:00-04:00,18.706284025764525,19.09937050927206,18.58296294898999,18.829605102539062,872200,0.0,0.0,0.0
2016-06-14 00:00:00-04:00,18.721702108968948,19.006881587037853,18.46735069918902,18.868144989013672,1566400,0.0,0.0,0.0
2016-06-15 00:00:00-04:00,18.791066347232523,19.130200043414096,18.590670700051298,18.829605102539062,1089800,0.0,0.0,0.0
2016-06-16 00:00:00-04:00,18.62150077697406,18.62150077697406,18.066555915313078,18.45964241027832,1810300,0.0,0.0,0.0
2016-06-17 00:00:00-04:00,18.644621982760977,18.952924649817373,18.644621982760977,18.883556365966797,1174700,0.0,0.0,0.0
2016-06-20 00:00:00-04:00,19.50787365426127,19.50787365426127,19.006881528573196,19.161033630371094,1098000,0.0,0.0,0.0
2016-06-21 00:00:00-04:00,19.076242978106443,19.57723492391493,18.9683374276531,19.49245262145996,1267200,0.0,0.0,0.0
2016-06-22 00:00:00-04:00,19.6316822749444,19.6316822749444,19.180558094082933,19.29722785949707,2106900,0.229,0.0,0.0
2016-06-23 00:00:00-04:00,19.623907104868483,19.639463471587877,19.40612390494412,19.61612892150879,1076900,0.0,0.0,0.0
2016-06-24 00:00:00-04:00,18.674991623565802,19.056113719940186,18.573876719985492,18.667213439941406,1948200,0.0,0.0,0.0
2016-06-27 00:00:00-04:00,18.231642091132034,18.527205595235248,17.726072119527394,17.94385528564453,1791700,0.0,0.0,0.0
2016-06-28 00:00:00-04:00,18.379423650972782,18.83054784453706,18.348312404970038,18.78388023376465,1577500,0.0,0.0,0.0
2016-06-29 00:00:00-04:00,19.079441096506663,19.219443898491026,18.892769210324573,19.063884735107422,1486400,0.0,0.0,0.0
2016-06-30 00:00:00-04:00,18.993887461257085,19.11055723458609,18.7449915492121,18.947219848632812,1514300,0.0,0.0,0.0
2016-07-01 00:00:00-04:00,18.947221003762827,19.36723251006086,18.939442820595136,19.219449996948242,1624500,0.0,0.0,0.0
2016-07-05 00:00:00-04:00,18.869436519028003,18.869436519028003,18.293864442627697,18.604984283447266,1664000,0.0,0.0,0.0
2016-07-06 00:00:00-04:00,18.394981304768915,18.86944007873535,18.317200959006705,18.86944007873535,1057400,0.0,0.0,0.0
2016-07-07 00:00:00-04:00,19.08722455056642,19.305007736179196,18.480539640209365,18.643877029418945,1587200,0.0,0.0,0.0
2016-07-08 00:00:00-04:00,18.91610332281197,19.05610761613305,18.651651098435785,18.939437866210938,1044300,0.0,0.0,0.0
2016-07-11 00:00:00-04:00,19.071669788057346,19.211674124026885,18.892776018112624,18.916109085083008,591800,0.0,0.0,0.0
2016-07-12 00:00:00-04:00,19.281675846270346,19.872802943419188,19.227228563012236,19.662797927856445,1235500,0.0,0.0,0.0
2016-07-13 00:00:00-04:00,19.60835347478572,19.756136012171627,19.063893915450617,19.328346252441406,1487500,0.0,0.0,0.0
2016-07-14 00:00:00-04:00,19.639462382811793,19.64724056574028,19.25834032053609,19.305007934570312,488800,0.0,0.0,0.0
2016-07-15 00:00:00-04:00,19.4372321859605,19.5072343419687,19.196114472785897,19.28944969177246,580700,0.0,0.0,0.0
2016-07-18 00:00:00-04:00,19.211666960859148,19.359447941693386,19.017216896411327,19.33611488342285,855400,0.0,0.0,0.0
2016-07-19 00:00:00-04:00,19.320559675781517,19.320559675781517,19.05610745366006,19.1572208404541,667800,0.0,0.0,0.0
2016-07-20 00:00:00-04:00,18.97833461964026,19.32056730401392,18.71388229310656,19.18834114074707,1021700,0.0,0.0,0.0
2016-07-21 00:00:00-04:00,19.16500443618326,19.592795614495387,18.94722123893185,18.99388885498047,692200,0.0,0.0,0.0
2016-07-22 00:00:00-04:00,19.048328373708177,19.196110839928437,18.916102268887162,19.063884735107422,961900,0.0,0.0,0.0
2016-07-25 00:00:00-04:00,18.892776939599994,18.931666375471988,18.464985727323633,18.573877334594727,1843900,0.0,0.0,0.0
2016-07-26 00:00:00-04:00,18.48054410117162,18.82277681143509,18.441653177541088,18.814998626708984,997400,0.0,0.0,0.0
2016-07-27 00:00:00-04:00,18.822766154140428,19.110551408379518,18.32497299827529,18.457199096679688,1150300,0.0,0.0,0.0
2016-07-28 00:00:00-04:00,18.441649779991096,18.682769011467283,18.39498216376919,18.53498649597168,863400,0.0,0.0,0.0
2016-07-29 00:00:00-04:00,18.317196240902433,19.009439507989175,18.317196240902433,18.98610496520996,833700,0.0,0.0,0.0
2016-08-01 00:00:00-04:00,18.799436276501474,18.83832570422288,18.09941619276013,18.161640167236328,1033400,0.0,0.0,0.0
2016-08-02 00:00:00-04:00,18.371646910388627,18.496094861190087,17.95163396378126,18.356090545654297,915400,0.0,0.0,0.0
2016-08-03 00:00:00-04:00,18.371645325967815,19.001663208007812,18.247195902362616,19.001663208007812,1638800,0.0,0.0,0.0
2016-08-04 00:00:00-04:00,18.76055309284543,19.336125419201828,18.76055309284543,18.978336334228516,815500,0.0,0.0,0.0
2016-08-05 00:00:00-04:00,19.048337868992128,19.141674600378142,18.760552457331205,19.079450607299805,641700,0.0,0.0,0.0
2016-08-08 00:00:00-04:00,19.19611953196061,19.740579075639747,19.188341347739012,19.39056968688965,656900,0.0,0.0,0.0
2016-08-09 00:00:00-04:00,19.48389641006922,19.491674590889378,19.141665355200075,19.26611328125,756500,0.0,0.0,0.0
2016-08-10 00:00:00-04:00,19.27389451919164,19.483899500500563,19.05610987229229,19.1027774810791,795300,0.0,0.0,0.0
2016-08-11 00:00:00-04:00,19.25833999088911,19.725020573853264,19.133892033236894,19.58501625061035,857600,0.0,0.0,0.0
2016-08-12 00:00:00-04:00,19.74057385417739,19.888356348224733,19.63168227095122,19.75613021850586,532200,0.0,0.0,0.0
2016-08-15 00:00:00-04:00,19.888358447623414,20.098364937616186,19.857247199218953,19.989473342895508,511200,0.0,0.0,0.0
2016-08-16 00:00:00-04:00,19.95836065671855,20.0594755522225,19.6783520027528,19.96613883972168,618900,0.0,0.0,0.0
2016-08-17 00:00:00-04:00,19.880577003493684,19.96613551876046,19.67057203148615,19.92724609375,916700,0.0,0.0,0.0
2016-08-18 00:00:00-04:00,20.051692581564193,20.541706125469148,20.03613621927226,20.51837158203125,569500,0.0,0.0,0.0
2016-08-19 00:00:00-04:00,20.323922562710862,20.54170719553372,20.24614371427225,20.393924713134766,562300,0.0,0.0,0.0
2016-08-22 00:00:00-04:00,20.137248953413323,20.253920183279135,19.94279888168539,20.16058349609375,712000,0.0,0.0,0.0
2016-08-23 00:00:00-04:00,20.082811801830392,20.588381908898278,20.082811801830392,20.471712112426758,498500,0.0,0.0,0.0
2016-08-24 00:00:00-04:00,20.41726080489524,20.541708752070726,20.199476155569865,20.246145248413086,691800,0.0,0.0,0.0
2016-08-25 00:00:00-04:00,20.230592727661133,20.36281888209827,20.08281020598743,20.230592727661133,432800,0.0,0.0,0.0
2016-08-26 00:00:00-04:00,20.33948428336099,20.59615840801273,20.113922893109134,20.25392723083496,1094900,0.0,0.0,0.0
2016-08-29 00:00:00-04:00,20.137248746900774,20.41725732204906,20.11391568799595,20.40947914123535,371700,0.0,0.0,0.0
2016-08-30 00:00:00-04:00,20.479482311381073,20.697266934470587,20.207251903403275,20.308366775512695,775900,0.0,0.0,0.0
2016-08-31 00:00:00-04:00,20.21503731948034,20.26170493986724,19.75613484898793,19.872804641723633,705600,0.0,0.0,0.0
2016-09-01 00:00:00-04:00,19.72501784762272,19.981691910247115,19.639459332235766,19.91168975830078,556200,0.0,0.0,0.0
2016-09-02 00:00:00-04:00,20.160586249698223,20.386147592271712,20.08280591367627,20.27725601196289,455600,0.0,0.0,0.0
2016-09-06 00:00:00-04:00,20.370595713541597,20.596157089351976,20.26948081675264,20.58837890625,526800,0.0,0.0,0.0
2016-09-07 00:00:00-04:00,20.64282699890088,20.87616656697979,20.588379715048124,20.712827682495117,400700,0.0,0.0,0.0
2016-09-08 00:00:00-04:00,20.93839041243956,21.280623062427303,20.782829712389645,21.202842712402344,847400,0.0,0.0,0.0
2016-09-09 00:00:00-04:00,20.95394805196471,21.06283965849202,20.557269577924956,20.580602645874023,518700,0.0,0.0,0.0
2016-09-12 00:00:00-04:00,20.38614808804329,20.775048294074207,20.215032531462843,20.697269439697266,970400,0.0,0.0,0.0
2016-09-13 00:00:00-04:00,20.386153452705422,20.386153452705422,19.740579000151186,19.82613754272461,972000,0.0,0.0,0.0
2016-09-14 00:00:00-04:00,19.826137035505457,20.12170209308649,19.40612548464939,19.4605712890625,981600,0.0,0.0,0.0
2016-09-15 00:00:00-04:00,19.515018726824845,19.849473248826126,19.476129287142523,19.686134338378906,564500,0.0,0.0,0.0
2016-09-16 00:00:00-04:00,19.460568367981992,19.56945996046331,19.297229495723332,19.546125411987305,754300,0.0,0.0,0.0
2016-09-19 00:00:00-04:00,19.779466952420993,19.80280001795756,19.4761252321519,19.50723648071289,630300,0.0,0.0,0.0
2016-09-20 00:00:00-04:00,19.445007882558798,19.70168192726712,19.305003588438556,19.36722755432129,652700,0.0,0.0,0.0
2016-09-21 00:00:00-04:00,19.609329597008667,20.021910801014325,19.570405861392956,19.998558044433594,738700,0.021,0.0,0.0
2016-09-22 00:00:00-04:00,20.169821687211947,20.411142952669742,19.99077692525258,20.13089942932129,494700,0.0,0.0,0.0
2016-09-23 00:00:00-04:00,20.053052040621772,20.21652729419307,19.430285563958172,19.58597755432129,1030200,0.0,0.0,0.0
2016-09-26 00:00:00-04:00,19.640471407922345,19.928501175489544,19.562625404407775,19.60154914855957,326600,0.0,0.0,0.0
2016-09-27 00:00:00-04:00,19.329088632083067,19.391365137142493,18.862014101742876,19.033275604248047,647000,0.0,0.0,0.0
2016-09-28 00:00:00-04:00,19.118905570676667,20.045269916541255,18.89315378836709,20.00634765625,975900,0.0,0.0,0.0
2016-09-29 00:00:00-04:00,19.928498643383428,20.527910864058832,19.928498643383428,20.208742141723633,850500,0.0,0.0,0.0
2016-09-30 00:00:00-04:00,20.3644363914504,20.691388413162223,20.19317637428287,20.566835403442383,833500,0.0,0.0,0.0
2016-10-03 00:00:00-04:00,20.621324690649324,20.745877685456698,20.372218701034573,20.668031692504883,313300,0.0,0.0,0.0
2016-10-04 00:00:00-04:00,20.67581678966508,20.769232279743584,20.28658830311753,20.403356552124023,647600,0.0,0.0,0.0
2016-10-05 00:00:00-04:00,20.65246455213811,20.917140048455664,20.590188052109795,20.808155059814453,409800,0.0,0.0,0.0
2016-10-06 00:00:00-04:00,20.909355672890705,21.04947817164816,20.559049425997063,20.691387176513672,540700,0.0,0.0,0.0
2016-10-07 00:00:00-04:00,20.714739720619455,20.79258422705933,20.40335575570482,20.527910232543945,535500,0.0,0.0,0.0
2016-10-10 00:00:00-04:00,20.753656747197724,21.026116905486738,20.706949758138823,20.815933227539062,316300,0.0,0.0,0.0
2016-10-11 00:00:00-04:00,20.74588195017088,20.784805697042717,20.356653390187226,20.520130157470703,329200,0.0,0.0,0.0
2016-10-12 00:00:00-04:00,20.372220618320082,20.566834876620888,20.200960605539397,20.488988876342773,269600,0.0,0.0,0.0
2016-10-13 00:00:00-04:00,20.263237296445645,20.652465816651592,20.10754529444768,20.504558563232422,557000,0.0,0.0,0.0
2016-10-14 00:00:00-04:00,20.52791197196836,20.64468022631127,20.177605724150727,20.18539047241211,337500,0.0,0.0,0.0
2016-10-17 00:00:00-04:00,20.162030100203438,20.263230312056827,19.85843243422019,19.975200653076172,310600,0.0,0.0,0.0
2016-10-18 00:00:00-04:00,20.271016482879222,20.294369237418895,19.905140824012967,20.045263290405273,187300,0.0,0.0,0.0
2016-10-19 00:00:00-04:00,20.185383920384492,20.59796505079455,20.13089218503135,20.37221336364746,390600,0.0,0.0,0.0
2016-10-20 00:00:00-04:00,20.154250409122437,20.450064888190774,20.021912665284248,20.35664939880371,186700,0.0,0.0,0.0
2016-10-21 00:00:00-04:00,20.23987852110984,20.30215501101402,20.06083379823391,20.084186553955078,250900,0.0,0.0,0.0
2016-10-24 00:00:00-04:00,20.060838211700805,20.091975721108952,19.50034819446446,19.80394744873047,375900,0.0,0.0,0.0
2016-10-25 00:00:00-04:00,19.71831410531866,19.88957409650478,19.32908563779576,19.352439880371094,593600,0.0,0.0,0.0
2016-10-26 00:00:00-04:00,19.142258365619153,19.375794879229026,18.90872185200928,19.26681137084961,675700,0.0,0.0,0.0
2016-10-27 00:00:00-04:00,19.453636363086215,19.648250574183262,19.290161138463223,19.469205856323242,360900,0.0,0.0,0.0
2016-10-28 00:00:00-04:00,19.48477971493397,19.617117467520483,18.97878146488683,19.07219696044922,640700,0.0,0.0,0.0
2016-10-31 00:00:00-04:00,19.025486822605064,19.025486822605064,18.64404312437367,18.690750122070312,893900,0.0,0.0,0.0
2016-11-01 00:00:00-04:00,18.838659405095765,18.955427654488286,18.27038468441816,18.58955192565918,527400,0.0,0.0,0.0
2016-11-02 00:00:00-04:00,18.402720354963858,18.527273338245713,18.036846152171996,18.394935607910156,664400,0.0,0.0,0.0
2016-11-03 00:00:00-04:00,18.51949358211514,18.675184098298647,18.317094574766514,18.48056983947754,353900,0.0,0.0,0.0
2016-11-04 00:00:00-04:00,18.402721573940333,18.636259546654625,18.184754581153527,18.270383834838867,501500,0.0,0.0,0.0
2016-11-07 00:00:00-05:00,18.597339435409197,18.776385694841967,18.488355917763307,18.729677200317383,433400,0.0,0.0,0.0
2016-11-08 00:00:00-05:00,18.480572403105686,18.768602199423608,18.410511141428064,18.605125427246094,485400,0.0,0.0,0.0
2016-11-09 00:00:00-05:00,18.457211849357204,19.29794670229629,18.457211849357204,19.134469985961914,620200,0.0,0.0,0.0
2016-11-10 00:00:00-05:00,19.033271245212948,19.352438446144863,18.955425260519846,19.134469985961914,498800,0.0,0.0,0.0
2016-11-11 00:00:00-05:00,18.978781684264916,18.994351181170106,18.55841566134742,18.760814666748047,390000,0.0,0.0,0.0
2016-11-14 00:00:00-05:00,18.6829672359275,19.064410972153023,18.566198987660716,19.04884147644043,311300,0.0,0.0,0.0
2016-11-15 00:00:00-05:00,19.352436644795116,19.905140263571305,19.297944906018703,19.788372039794922,398900,0.0,0.0,0.0
2016-11-16 00:00:00-05:00,19.788374426264074,19.959634409470745,19.492561458036423,19.570405960083008,211400,0.0,0.0,0.0
2016-11-17 00:00:00-05:00,19.780595378477233,19.928502647601874,19.290168044249068,19.34465980529785,221000,0.0,0.0,0.0
2016-11-18 00:00:00-05:00,19.508134888000882,19.687181152907513,19.38358186837225,19.47699737548828,419800,0.0,0.0,0.0
2016-11-21 00:00:00-05:00,19.928499354729013,20.325512600070216,19.889575614133474,20.30215835571289,668700,0.0,0.0,0.0
2016-11-22 00:00:00-05:00,20.309943432997176,20.434496435343778,19.866223176538796,20.216527938842773,507300,0.0,0.0,0.0
2016-11-23 00:00:00-05:00,20.12311170098168,20.48898591925817,20.06861995408824,20.481201171875,395700,0.0,0.0,0.0
2016-11-25 00:00:00-05:00,20.364438887357924,20.364438887357924,20.060841074554872,20.169824600219727,160100,0.0,0.0,0.0
2016-11-28 00:00:00-05:00,20.32551278823678,20.46563528610016,19.65603929168458,19.694961547851562,536600,0.0,0.0,0.0
2016-11-29 00:00:00-05:00,19.25901987847143,19.593756519609034,19.048836198949434,19.438064575195312,819900,0.0,0.0,0.0
2016-11-30 00:00:00-05:00,20.512341895139897,21.17403063074871,20.457850143640737,21.08839988708496,1611400,0.0,0.0,0.0
2016-12-01 00:00:00-05:00,21.625538262649954,21.664460522816633,21.072832962590986,21.212955474853516,656600,0.0,0.0,0.0
2016-12-02 00:00:00-05:00,21.096183225073474,21.306366953769317,20.994982992091575,21.1973819732666,525400,0.0,0.0,0.0
2016-12-05 00:00:00-05:00,21.49319614173064,21.71894787754753,21.41535015239115,21.430919647216797,439200,0.0,0.0,0.0
2016-12-06 00:00:00-05:00,21.25187480553484,21.563258783101453,21.06504530986818,21.5009822845459,676200,0.0,0.0,0.0
2016-12-07 00:00:00-05:00,21.454274272905373,21.602181517051296,21.283014269276173,21.462059020996094,731300,0.0,0.0,0.0
2016-12-08 00:00:00-05:00,21.469844635003767,21.67224363915896,21.189599631590582,21.602182388305664,571700,0.0,0.0,0.0
2016-12-09 00:00:00-05:00,21.742304890012257,21.77344239884209,21.53990588585706,21.602182388305664,484300,0.0,0.0,0.0
2016-12-12 00:00:00-05:00,22.201595624111246,22.302794388223756,21.17403254633928,21.236309051513672,689000,0.0,0.0,0.0
2016-12-13 00:00:00-05:00,21.39199033374584,21.625528240886272,21.065038451579927,21.508758544921875,503900,0.0,0.0,0.0
2016-12-14 00:00:00-05:00,21.283010991310693,21.508762712016246,20.808151824435758,20.854860305786133,751800,0.0,0.0,0.0
2016-12-15 00:00:00-05:00,20.691385994389965,20.95606148030195,20.434495256274072,20.784801483154297,595400,0.0,0.0,0.0
2016-12-16 00:00:00-05:00,20.91713989783828,20.91713989783828,20.58240315580059,20.76144790649414,495000,0.0,0.0,0.0
2016-12-19 00:00:00-05:00,20.784802150632423,20.886000905653905,20.64467965538047,20.76144790649414,248500,0.0,0.0,0.0
2016-12-20 00:00:00-05:00,20.847079888788308,20.901571643559585,20.59018912716018,20.63689613342285,244600,0.0,0.0,0.0
2016-12-21 00:00:00-05:00,20.826655141080483,20.959408532636655,20.732946251384014,20.764183044433594,305200,0.083,0.0,0.0
2016-12-22 00:00:00-05:00,20.74075145606854,20.928167709922693,20.701706961726757,20.8188419342041,253200,0.0,0.0,0.0
2016-12-23 00:00:00-05:00,20.74075145606854,20.904741609098416,20.72513455200302,20.8188419342041,337600,0.0,0.0,0.0
2016-12-27 00:00:00-05:00,20.904751700871415,20.959414615119243,20.818851984508996,20.92037010192871,266100,0.0,0.0,0.0
2016-12-28 00:00:00-05:00,20.912556213340473,20.98283751289033,20.60019422002895,20.66266632080078,371200,0.0,0.0,0.0
2016-12-29 00:00:00-05:00,20.568954979754913,20.64704546314495,20.467436904512248,20.561145782470703,254800,0.0,0.0,0.0
2016-12-30 00:00:00-05:00,20.5064766382112,20.701702042433183,20.358104913956037,20.436195373535156,313600,0.0,0.0,0.0
2017-01-03 00:00:00-05:00,20.60799672099551,20.865694239106507,20.178501353961142,20.522098541259766,799900,0.0,0.0,0.0
2017-01-04 00:00:00-05:00,20.600188017510238,20.834459441957005,20.490862246439566,20.80322265625,395800,0.0,0.0,0.0
2017-01-05 00:00:00-05:00,20.928172918935275,21.029691012614904,20.678284518265965,20.959409713745117,288100,0.0,0.0,0.0
2017-01-06 00:00:00-05:00,20.990642738665905,21.045307123644353,20.771991156560883,20.93597984313965,233100,0.0,0.0,0.0
2017-01-09 00:00:00-05:00,20.811027792172972,20.811027792172972,20.404958593922856,20.436195373535156,303500,0.0,0.0,0.0
2017-01-10 00:00:00-05:00,20.49867523939489,20.615810228586707,20.389349448076153,20.404966354370117,164500,0.0,0.0,0.0
2017-01-11 00:00:00-05:00,20.506489631925955,20.654861450195312,20.3581178136566,20.654861450195312,323400,0.0,0.0,0.0
2017-01-12 00:00:00-05:00,20.88912198119286,20.88912198119286,20.54552479137157,20.623615264892578,168100,0.0,0.0,0.0
2017-01-13 00:00:00-05:00,20.4908653288168,20.647046301941796,20.4908653288168,20.600191116333008,149700,0.0,0.0,0.0
2017-01-17 00:00:00-05:00,20.60799933422155,20.82665238831126,20.592382429213202,20.725135803222656,153200,0.0,0.0,0.0
2017-01-18 00:00:00-05:00,20.506480299337014,20.732941034150848,20.506480299337014,20.623615264892578,215100,0.0,0.0,0.0
2017-01-19 00:00:00-05:00,20.59238587808506,20.693902480175957,20.490867786541838,20.568958282470703,328300,0.0,0.0,0.0
2017-01-20 00:00:00-05:00,20.756368623042718,20.85007748915831,20.584570772858022,20.623615264892578,188500,0.0,0.0,0.0
2017-01-23 00:00:00-05:00,20.56114994219322,20.62362204365355,20.373733637812236,20.475250244140625,186300,0.0,0.0,0.0
2017-01-24 00:00:00-05:00,20.61581087330726,20.990643446224134,20.600192477072664,20.87350845336914,338900,0.0,0.0,0.0
2017-01-25 00:00:00-05:00,20.904745595754676,21.162443180130058,20.904745595754676,21.02968978881836,199700,0.0,0.0,0.0
2017-01-26 00:00:00-05:00,21.15463345020998,21.279577640133486,21.131205856054738,21.170251846313477,191800,0.0,0.0,0.0
2017-01-27 00:00:00-05:00,21.029689436810628,21.06092473982758,20.764182658631448,20.87350845336914,202300,0.0,0.0,0.0
2017-01-30 00:00:00-05:00,20.725135428911113,20.725135428911113,19.936424396329322,20.17069435119629,755600,0.0,0.0,0.0
2017-01-31 00:00:00-05:00,20.139461325459727,20.194124221801758,19.9520435530696,20.194124221801758,202500,0.0,0.0,0.0
2017-02-01 00:00:00-05:00,20.42839189733077,20.514291575859616,19.944233593418492,20.17069435119629,233200,0.0,0.0,0.0
2017-02-02 00:00:00-05:00,20.20192976060965,20.483053389370664,19.9832767253938,20.428390502929688,410500,0.0,0.0,0.0
2017-02-03 00:00:00-05:00,20.44401029380243,20.7954152261423,20.381538206534096,20.70170783996582,370400,0.0,0.0,0.0
2017-02-06 00:00:00-05:00,20.75637195405891,20.904743728614577,20.436202301748146,20.498674392700195,259800,0.0,0.0,0.0
2017-02-07 00:00:00-05:00,20.428392086578103,20.428392086578103,19.795862011015938,19.983278274536133,412800,0.0,0.0,0.0
2017-02-08 00:00:00-05:00,19.827099535966184,20.006708111939478,19.49912066562448,19.897380828857422,371000,0.0,0.0,0.0
2017-02-09 00:00:00-05:00,19.897381285967086,20.34249515820254,19.897381285967086,20.287832260131836,327000,0.0,0.0,0.0
2017-02-10 00:00:00-05:00,20.46743811416023,20.654855881153736,20.42058441713794,20.49086570739746,326100,0.0,0.0,0.0
2017-02-13 00:00:00-05:00,20.389346191713678,20.4986719655721,20.30344651828094,20.373727798461914,108500,0.0,0.0,0.0
2017-02-14 00:00:00-05:00,20.42839323745723,20.600191116333008,20.22535856817559,20.600191116333008,193800,0.0,0.0,0.0
2017-02-15 00:00:00-05:00,20.490865574898542,20.5923836554846,20.319067693959582,20.38934898376465,221500,0.0,0.0,0.0
2017-02-16 00:00:00-05:00,20.436204461072972,20.436204461072972,20.02232588387694,20.045753479003906,339100,0.0,0.0,0.0
2017-02-17 00:00:00-05:00,19.97546563982513,20.100409794003802,19.881756779465228,20.006702423095703,235600,0.0,0.0,0.0
2017-02-21 00:00:00-05:00,20.147263259880155,20.225353727753696,20.037937498528272,20.08479118347168,285700,0.0,0.0,0.0
2017-02-22 00:00:00-05:00,19.88176124292518,19.952042531610324,19.545974684093228,19.569400787353516,241000,0.0,0.0,0.0
2017-02-23 00:00:00-05:00,19.84271362199455,19.850522818336476,19.249228105075574,19.48349952697754,362700,0.0,0.0,0.0
2017-02-24 00:00:00-05:00,19.319511934142,19.39760241842238,18.96810698905844,19.04619598388672,326800,0.0,0.0,0.0
2017-02-27 00:00:00-05:00,19.08524461929206,19.202379617241892,18.96030042288526,19.093053817749023,328600,0.0,0.0,0.0
2017-02-28 00:00:00-05:00,18.944675821115705,19.100855270745367,18.93686662521645,18.968103408813477,244100,0.0,0.0,0.0
2017-03-01 00:00:00-05:00,19.18676011085837,19.467885281243824,19.18676011085837,19.39760398864746,320200,0.0,0.0,0.0
2017-03-02 00:00:00-05:00,19.225808563932187,19.319515973097516,19.100862869291053,19.124290466308594,169300,0.0,0.0,0.0
2017-03-03 00:00:00-05:00,19.15552311614978,19.272658096978972,18.999342148742794,19.07743263244629,167500,0.0,0.0,0.0
2017-03-06 00:00:00-05:00,19.069622416182384,19.257038673385285,18.983722739753215,19.22580337524414,177600,0.0,0.0,0.0
2017-03-07 00:00:00-05:00,19.288279085276535,19.288279085276535,19.01496310028796,19.038389205932617,200900,0.0,0.0,0.0
2017-03-08 00:00:00-05:00,18.960300361668253,19.054007763944643,18.304342587924303,18.3511962890625,532800,0.0,0.0,0.0
2017-03-09 00:00:00-05:00,18.202825175609973,18.483950371812437,17.97636437046538,18.421478271484375,417900,0.0,0.0,0.0
2017-03-10 00:00:00-05:00,18.585467695623283,18.60889529269767,18.234062676221967,18.359006881713867,196700,0.0,0.0,0.0
2017-03-13 00:00:00-04:00,18.35119095810545,18.632316062173366,18.35119095810545,18.50737190246582,214600,0.0,0.0,0.0
2017-03-14 00:00:00-04:00,18.265291393522578,18.319954277523674,17.913886500893312,18.210628509521484,454000,0.0,0.0,0.0
2017-03-15 00:00:00-04:00,18.421474274741133,18.8041159924137,18.31995620282578,18.74164390563965,746500,0.0,0.0,0.0
2017-03-16 00:00:00-04:00,18.780694379118014,18.780694379118014,18.52299675296985,18.55423355102539,253400,0.0,0.0,0.0
2017-03-17 00:00:00-04:00,18.64793554419121,18.72602602717187,18.421474781944585,18.46832847595215,185900,0.0,0.0,0.0
2017-03-20 00:00:00-04:00,18.335579762173015,18.522996075291957,18.249681549567953,18.483951568603516,279500,0.0,0.0,0.0
2017-03-21 00:00:00-04:00,18.593270186981023,18.593270186981023,18.12472884069012,18.210628509521484,253100,0.0,0.0,0.0
2017-03-22 00:00:00-04:00,18.10130252966283,18.218437492501646,17.890458702881848,17.999784469604492,321700,0.0,0.0,0.0
2017-03-23 00:00:00-04:00,18.011525233945232,18.21504547022314,17.886282241314863,18.042835235595703,277100,0.055,0.0,0.0
2017-03-24 00:00:00-04:00,18.074152898070697,18.25418957478764,18.0115313803859,18.113290786743164,305600,0.0,0.0,0.0
2017-03-27 00:00:00-04:00,17.925424437018965,18.24635986961295,17.854975050057885,18.20722198486328,177700,0.0,0.0,0.0
2017-03-28 00:00:00-04:00,18.246363394565737,18.62992041266602,18.17591399399478,18.567298889160156,180100,0.0,0.0,0.0
2017-03-29 00:00:00-04:00,18.606436386350076,19.146546411898537,18.582952757537857,19.10740852355957,319900,0.0,0.0,0.0
2017-03-30 00:00:00-04:00,19.17785236805973,19.303095366124282,18.919538497924805,18.919538497924805,340500,0.0,0.0,0.0
2017-03-31 00:00:00-04:00,18.903888997382712,19.2013423358509,18.87257898402621,19.154375076293945,236900,0.0,0.0,0.0
2017-04-03 00:00:00-04:00,19.15436786133724,19.15436786133724,18.739501009290713,19.052608489990234,162200,0.0,0.0,0.0
2017-04-04 00:00:00-04:00,19.06826563317817,19.451822511740286,18.966504761367485,19.436166763305664,243200,0.0,0.0,0.0
2017-04-05 00:00:00-04:00,19.608378464088222,19.79624448751033,19.076096374440823,19.123062133789062,386900,0.0,0.0,0.0
2017-04-06 00:00:00-04:00,19.303100553785928,19.483137225261355,19.18568539817216,19.404861450195312,137600,0.0,0.0,0.0
2017-04-07 00:00:00-04:00,19.42834679028445,19.444002545086015,19.224826456908982,19.248310089111328,213400,0.0,0.0,0.0
2017-04-10 00:00:00-04:00,19.397032925895576,19.498792325889763,19.32658353627858,19.420515060424805,102400,0.0,0.0,0.0
2017-04-11 00:00:00-04:00,19.381376734003933,19.412686743669997,19.123062808946734,19.350065231323242,195200,0.0,0.0,0.0
2017-04-12 00:00:00-04:00,19.326588318190055,19.553590801888756,19.068274323352206,19.1152400970459,325400,0.0,0.0,0.0
2017-04-13 00:00:00-04:00,19.10740720291167,19.201340218653446,18.669056613150868,18.72385025024414,307300,0.0,0.0,0.0
2017-04-17 00:00:00-04:00,18.716024830109443,18.794302104662016,18.598609664788,18.786474227905273,212300,0.0,0.0,0.0
2017-04-18 00:00:00-04:00,18.62209188019964,18.85692219300072,18.51250310694638,18.58295249938965,244000,0.0,0.0,0.0
2017-04-19 00:00:00-04:00,18.70819305271182,18.747332428334996,18.199393113726668,18.24635887145996,427800,0.0,0.0,0.0
2017-04-20 00:00:00-04:00,18.31680811917297,18.528156266932328,18.269842361786836,18.355947494506836,376900,0.0,0.0,0.0
2017-04-21 00:00:00-04:00,18.293326335075566,18.442051485130705,18.15242756722162,18.33246421813965,297200,0.0,0.0,0.0
2017-04-24 00:00:00-04:00,18.465538061696485,18.543815333348423,18.29332925847404,18.36377716064453,172000,0.0,0.0,0.0
2017-04-25 00:00:00-04:00,18.402910271897543,18.708189884995036,18.277667277138868,18.6768798828125,288200,0.0,0.0,0.0
2017-04-26 00:00:00-04:00,18.590781693815316,18.99782232501399,18.55164380324479,18.622093200683594,174800,0.0,0.0,0.0
2017-04-27 00:00:00-04:00,18.34811533846984,18.582945563624573,17.94107488805508,18.183732986450195,398100,0.0,0.0,0.0
2017-04-28 00:00:00-04:00,18.332465004740268,18.387258640586854,18.019357447749343,18.03501319885254,240700,0.0,0.0,0.0
2017-05-01 00:00:00-04:00,18.01935656865644,18.12111595983358,17.96456293548302,18.066322326660156,138600,0.0,0.0,0.0
2017-05-02 00:00:00-04:00,18.105462806326152,18.31681098717793,17.792355219702078,17.948909759521484,313500,0.0,0.0,0.0
2017-05-03 00:00:00-04:00,17.870633174982668,17.925426818116474,17.635802849262134,17.83149528503418,290700,0.0,0.0,0.0
2017-05-04 00:00:00-04:00,17.674938430444023,17.674938430444023,17.025239688267504,17.314865112304688,681400,0.0,0.0,0.0
2017-05-05 00:00:00-04:00,17.330516849629113,17.901939739017312,17.307034719348845,17.878456115722656,248700,0.0,0.0,0.0
2017-05-08 00:00:00-04:00,17.8393217162905,18.02718626024916,17.68276718315094,17.97239112854004,266700,0.0,0.0,0.0
2017-05-09 00:00:00-04:00,17.964567692542715,17.964567692542715,17.67494220662815,17.76104736328125,167700,0.0,0.0,0.0
2017-05-10 00:00:00-04:00,17.90976813424246,18.254187182885936,17.886286001321814,18.14459991455078,282300,0.0,0.0,0.0
2017-05-11 00:00:00-04:00,18.277670712887147,18.30898072095519,17.96456316713401,18.05066680908203,172000,0.0,0.0,0.0
2017-05-12 00:00:00-04:00,18.042839581389536,18.15242834609731,17.972390194439754,18.03501319885254,129000,0.0,0.0,0.0
2017-05-15 00:00:00-04:00,18.442053084652972,18.48119246412624,18.003702485655044,18.081979751586914,210600,0.0,0.0,0.0
2017-05-16 00:00:00-04:00,18.15242744902822,18.15242744902822,17.831492032345903,17.894113540649414,169400,0.0,0.0,0.0
2017-05-17 00:00:00-04:00,17.815840700162635,17.96456737914662,17.65928614407266,17.682769775390625,184100,0.0,0.0,0.0
2017-05-18 00:00:00-04:00,17.557521588017497,17.714074605263974,17.42445070220004,17.573177337646484,152300,0.0,0.0,0.0
2017-05-19 00:00:00-04:00,17.674940488505417,18.058497478016395,17.620146846148817,18.019359588623047,138300,0.0,0.0,0.0
2017-05-22 00:00:00-04:00,18.13677181670417,18.16025544235123,17.83932002358077,17.88628578186035,112000,0.0,0.0,0.0
2017-05-23 00:00:00-04:00,17.901941532291723,17.980217298419515,17.823664273149397,17.88628578186035,126300,0.0,0.0,0.0
2017-05-24 00:00:00-04:00,17.86280115815968,17.948906287706716,17.534037882542624,17.651453018188477,68400,0.0,0.0,0.0
2017-05-25 00:00:00-04:00,17.59666059783622,17.909768145428323,17.126998529940792,17.252243041992188,217700,0.0,0.0,0.0
2017-05-26 00:00:00-04:00,17.26789797540077,17.354003114238836,17.142654951462468,17.307037353515625,57400,0.0,0.0,0.0
2017-05-30 00:00:00-04:00,17.158312907078287,17.17396866033556,16.821721677120927,16.845205307006836,209500,0.0,0.0,0.0
2017-05-31 00:00:00-04:00,16.657341239560093,16.727790638286372,16.47730305780691,16.641685485839844,193700,0.0,0.0,0.0
2017-06-01 00:00:00-04:00,16.665168545058453,16.92348250052695,16.602545532324466,16.751272201538086,129700,0.0,0.0,0.0
2017-06-02 00:00:00-04:00,16.594716154816325,16.626026162519732,16.242469236812177,16.3520565032959,129000,0.0,0.0,0.0
2017-06-05 00:00:00-04:00,16.242467648998637,16.38336640242647,16.179846146698978,16.25812339782715,113000,0.0,0.0,0.0
2017-06-06 00:00:00-04:00,16.226811171549656,16.59471378742809,16.140707542887863,16.555574417114258,101500,0.0,0.0,0.0
2017-06-07 00:00:00-04:00,16.46947100248433,16.579058254758586,15.91370388091989,15.952841758728027,260500,0.0,0.0,0.0
2017-06-08 00:00:00-04:00,15.874565585189124,16.078085829064992,15.819770467480227,15.843254089355469,137800,0.0,0.0,0.0
2017-06-09 00:00:00-04:00,15.929368138327197,16.422512530001335,15.85891872622873,16.32075309753418,280300,0.0,0.0,0.0
2017-06-12 00:00:00-04:00,16.422508239746094,16.66516792603232,16.305093081260843,16.422508239746094,117200,0.0,0.0,0.0
2017-06-13 00:00:00-04:00,16.44599190260281,16.813893131420084,16.414680397334234,16.7904109954834,99100,0.0,0.0,0.0
2017-06-14 00:00:00-04:00,16.641688217596172,16.641688217596172,16.18768173628705,16.250303268432617,259200,0.0,0.0,0.0
2017-06-15 00:00:00-04:00,16.148534017063934,16.305088513193464,15.858910140142921,15.96066951751709,111000,0.0,0.0,0.0
2017-06-16 00:00:00-04:00,16.125057073483664,16.125057073483664,15.882398870158246,15.9998140335083,118400,0.0,0.0,0.0
2017-06-19 00:00:00-04:00,16.12506079907888,16.140716555946668,15.86674678282099,15.874574661254883,144900,0.0,0.0,0.0
2017-06-20 00:00:00-04:00,15.702361157869985,15.741500542153258,15.34228778055298,15.663223266601562,235200,0.0,0.0,0.0
2017-06-21 00:00:00-04:00,15.608425685577881,15.725840822788932,15.115280019071205,15.224868774414062,302900,0.0,0.0,0.0
2017-06-22 00:00:00-04:00,15.325773148908187,15.460835525752787,15.198652854428753,15.254268646240234,124500,0.287,0.0,0.0
2017-06-23 00:00:00-04:00,15.278099729351133,15.707126668392247,15.278099729351133,15.69918155670166,110500,0.0,0.0,0.0
2017-06-26 00:00:00-04:00,15.786577830672268,16.00108980602557,15.651513949329315,15.866025924682617,122800,0.0,0.0,0.0
2017-06-27 00:00:00-04:00,15.961363268969802,16.032867754724272,15.77863025665283,15.778630256652832,176600,0.0,0.0,0.0
2017-06-28 00:00:00-04:00,15.81041129303305,16.088484161868788,15.778632359226943,15.92164134979248,204700,0.0,0.0,0.0
2017-06-29 00:00:00-04:00,16.01697763029074,16.406278991017423,16.01697763029074,16.231491088867188,192900,0.0,0.0,0.0
2017-06-30 00:00:00-04:00,16.32683262662887,16.438062691273345,16.136154464149485,16.263273239135742,121000,0.0,0.0,0.0
2017-07-03 00:00:00-04:00,16.366553207840084,16.660514717228367,16.366553207840084,16.58901023864746,73100,0.0,0.0,0.0
2017-07-05 00:00:00-04:00,16.517513764306173,16.517513764306173,16.024927331167998,16.080541610717773,123100,0.0,0.0,0.0
2017-07-06 00:00:00-04:00,16.239432324888856,16.239432324888856,15.723012337583185,15.754791259765625,123200,0.0,0.0,0.0
2017-07-07 00:00:00-04:00,15.691234476597725,15.691234476597725,15.333712072246795,15.619729995727539,136500,0.0,0.0,0.0
2017-07-10 00:00:00-04:00,15.460834280653758,15.897806374586962,15.460834280653758,15.866025924682617,166800,0.0,0.0,0.0
2017-07-11 00:00:00-04:00,15.858082682985508,16.15204581777852,15.762744352775918,16.040817260742188,179600,0.0,0.0,0.0
2017-07-12 00:00:00-04:00,16.255323879880237,16.36655391546796,16.00108639632247,16.064645767211914,116300,0.0,0.0,0.0
2017-07-13 00:00:00-04:00,16.112319241561536,16.25532671446909,16.00108918657762,16.24738311767578,76900,0.0,0.0,0.0
2017-07-14 00:00:00-04:00,16.310942204034305,16.453949674350035,16.271216643911735,16.406280517578125,88800,0.0,0.0,0.0
2017-07-17 00:00:00-04:00,16.390385796529834,16.604899216210544,16.390385796529834,16.45394515991211,101400,0.0,0.0,0.0
2017-07-18 00:00:00-04:00,16.596958960838954,16.596958960838954,16.14409817486037,16.24738311767578,61700,0.0,0.0,0.0
2017-07-19 00:00:00-04:00,16.239435570286414,16.763800771774015,16.239435570286414,16.739965438842773,144900,0.0,0.0,0.0
2017-07-20 00:00:00-04:00,16.843252376439654,16.867086196840532,16.42217053664736,16.438060760498047,128700,0.0,0.0,0.0
2017-07-21 00:00:00-04:00,16.406280417090105,16.477784909497593,16.27916165622683,16.334775924682617,108700,0.0,0.0,0.0
2017-07-24 00:00:00-04:00,16.40627737932502,16.43011271083925,16.207654162831073,16.27121353149414,61200,0.0,0.0,0.0
2017-07-25 00:00:00-04:00,16.50956615457117,16.922701389637616,16.50956615457117,16.732023239135742,100800,0.0,0.0,0.0
2017-07-26 00:00:00-04:00,16.87503374637607,17.049821687856408,16.684355578749688,16.70819091796875,87200,0.0,0.0,0.0
2017-07-27 00:00:00-04:00,16.73997130804287,16.986263773185087,16.620797632353117,16.970375061035156,76600,0.0,0.0,0.0
2017-07-28 00:00:00-04:00,16.96242895805429,17.264335686553373,16.819419949416414,16.89092445373535,108300,0.0,0.0,0.0
2017-07-31 00:00:00-04:00,16.779695420250565,16.827364583313315,16.51751275034237,16.70819091796875,59100,0.0,0.0,0.0
2017-08-01 00:00:00-04:00,16.65257686168538,16.716137772892704,16.47778890199183,16.565183639526367,64000,0.0,0.0,0.0
2017-08-02 00:00:00-04:00,16.43011432487315,16.43011432487315,16.080537005197648,16.231491088867188,165800,0.0,0.0,0.0
2017-08-03 00:00:00-04:00,16.247386231086626,16.247386231086626,15.691240395721001,15.762744903564453,151400,0.0,0.0,0.0
2017-08-04 00:00:00-04:00,15.778629938692406,16.064646360571658,15.730959272233372,16.032867431640625,113100,0.0,0.0,0.0
2017-08-07 00:00:00-04:00,15.913694423485124,15.913694423485124,15.635621586347082,15.73095989227295,157900,0.0,0.0,0.0
2017-08-08 00:00:00-04:00,15.635620428531375,15.937527062107213,15.572061057495677,15.675344467163086,92600,0.0,0.0,0.0
2017-08-09 00:00:00-04:00,15.754791259765627,15.937524229594997,15.6832867906368,15.754791259765625,149600,0.0,0.0,0.0
2017-08-10 00:00:00-04:00,15.842186441646986,15.969305165089763,15.532333227302338,15.556168556213379,90800,0.0,0.0,0.0
2017-08-11 00:00:00-04:00,15.54028530488849,15.603844695108622,15.44494697724599,15.59589958190918,138400,0.0,0.0,0.0
2017-08-14 00:00:00-04:00,15.5800094757231,15.68329290731619,15.39727491925031,15.405220031738281,116500,0.0,0.0,0.0
2017-08-15 00:00:00-04:00,15.37344084574879,15.405219779805709,15.166872470565512,15.357550621032715,145500,0.0,0.0,0.0
2017-08-16 00:00:00-04:00,15.37344364778905,15.50056243793649,15.143039893537123,15.198654174804688,116600,0.0,0.0,0.0
2017-08-17 00:00:00-04:00,15.127146819393117,15.365494103348334,15.015916773555617,15.0238618850708,114200,0.0,0.0,0.0
2017-08-18 00:00:00-04:00,15.079479307193743,15.278102590529938,14.960305640267107,15.150983810424805,136400,0.0,0.0,0.0
2017-08-21 00:00:00-04:00,15.07947770811904,15.119203269798891,14.912634895189354,14.992084503173828,123800,0.0,0.0,0.0
2017-08-22 00:00:00-04:00,15.079479854781443,15.182764814477114,15.079479854781443,15.127150535583496,57900,0.0,0.0,0.0
2017-08-23 00:00:00-04:00,15.079480424305453,15.397277398111186,15.055646598379713,15.293993949890137,135200,0.0,0.0,0.0
2017-08-24 00:00:00-04:00,15.222487387763847,15.397275320933261,15.18276333966294,15.317827224731445,110800,0.0,0.0,0.0
2017-08-25 00:00:00-04:00,15.381385055273116,15.389330167164802,15.254266295756407,15.26220989227295,118500,0.0,0.0,0.0
2017-08-28 00:00:00-04:00,15.24632532925127,15.293994498187217,14.976197512988309,15.103316307067871,152000,0.0,0.0,0.0
2017-08-29 00:00:00-04:00,14.984141785808267,15.135094398193322,14.817297430836007,15.087425231933594,124200,0.0,0.0,0.0
2017-08-30 00:00:00-04:00,14.976195673598628,15.150983615146528,14.904691171289175,15.095369338989258,59200,0.0,0.0,0.0
2017-08-31 00:00:00-04:00,15.190711474965543,15.46878289775241,15.182766360689403,15.373444557189941,115500,0.0,0.0,0.0
2017-09-01 00:00:00-04:00,15.38138284622338,15.691234588623047,15.293988143341451,15.691234588623047,206100,0.0,0.0,0.0
2017-09-05 00:00:00-04:00,15.691235536100944,15.850134729958302,15.492612301466755,15.603840827941895,144900,0.0,0.0,0.0
2017-09-06 00:00:00-04:00,15.754797027831225,15.929584952263777,15.730961690936923,15.834246635437012,135700,0.0,0.0,0.0
2017-09-07 00:00:00-04:00,15.74685101852276,15.818355509757232,15.603842036053813,15.738905906677246,74000,0.0,0.0,0.0
2017-09-08 00:00:00-04:00,15.659456394606448,15.659456394606448,15.103312200564638,15.26220989227295,251700,0.0,0.0,0.0
2017-09-11 00:00:00-04:00,15.349607502750368,15.516451853193534,15.254269172818931,15.429057121276855,214000,0.0,0.0,0.0
2017-09-12 00:00:00-04:00,15.500559100024685,15.881915388345211,15.468778651643715,15.723017692565918,168300,0.0,0.0,0.0
2017-09-13 00:00:00-04:00,15.810406331461408,16.215597839116104,15.810406331461408,16.16792869567871,215800,0.0,0.0,0.0
2017-09-14 00:00:00-04:00,16.27121644225726,16.5492892981683,16.223547286076126,16.350666046142578,285500,0.0,0.0,0.0
2017-09-15 00:00:00-04:00,16.406280314249756,16.406280314249756,16.191766838371937,16.350666046142578,199000,0.0,0.0,0.0
2017-09-18 00:00:00-04:00,16.310942000442854,16.4936750286003,16.271216440816136,16.438060760498047,264600,0.0,0.0,0.0
2017-09-19 00:00:00-04:00,16.509566470307192,16.525455179954786,16.32683191329487,16.39833641052246,260700,0.0,0.0,0.0
2017-09-20 00:00:00-04:00,16.477790378525967,16.77969867231189,16.477790378525967,16.652578353881836,217100,0.0,0.0,0.0
2017-09-21 00:00:00-04:00,16.639856317654424,16.71935903887299,16.568304020196543,16.711408615112305,138400,0.014,0.0,0.0
2017-09-22 00:00:00-04:00,16.616009122436996,16.830666067468023,16.616009122436996,16.798864364624023,154500,0.0,0.0,0.0
2017-09-25 00:00:00-04:00,16.92606135533462,17.236120223999023,16.92606135533462,17.236120223999023,264600,0.0,0.0,0.0
2017-09-26 00:00:00-04:00,17.12481898415419,17.315624576630942,17.06121560360722,17.259971618652344,170900,0.0,0.0,0.0
2017-09-27 00:00:00-04:00,17.37922379478248,17.458724975585938,17.132765281850727,17.458724975585938,167400,0.0,0.0,0.0
2017-09-28 00:00:00-04:00,17.50642123511994,17.538221392776915,17.148659984058483,17.275863647460938,200100,0.0,0.0,0.0
2017-09-29 00:00:00-04:00,17.204319712902613,17.32357453182273,17.16456911752125,17.291772842407227,158700,0.0,0.0,0.0
2017-10-02 00:00:00-04:00,17.01351270015269,17.403074264526367,16.870408142548502,17.403074264526367,182500,0.0,0.0,0.0
2017-10-03 00:00:00-04:00,17.36332643251719,17.426928299741544,17.28382371938972,17.37127685546875,150900,0.0,0.0,0.0
2017-10-04 00:00:00-04:00,17.3712743586932,17.490527653050048,17.196368111674435,17.30767250061035,269100,0.0,0.0,0.0
2017-10-05 00:00:00-04:00,17.37127422333931,17.498477938513854,17.315622787498935,17.426925659179688,61600,0.0,0.0,0.0
2017-10-06 00:00:00-04:00,17.244076547198052,17.307678427059283,17.06917024028834,17.116872787475586,250300,0.0,0.0,0.0
2017-10-09 00:00:00-04:00,17.204317351354625,17.204317351354625,17.06121280140412,17.108915328979492,123700,0.0,0.0,0.0
2017-10-10 00:00:00-04:00,17.331525398474515,17.387178361247564,17.06916749666858,17.077117919921875,298600,0.0,0.0,0.0
2017-10-11 00:00:00-04:00,17.204320451824973,17.204320451824973,16.989665104602985,17.164569854736328,173500,0.0,0.0,0.0
2017-10-12 00:00:00-04:00,16.96581502715214,17.13276936630674,16.846561711129112,17.077117919921875,148400,0.0,0.0,0.0
2017-10-13 00:00:00-04:00,17.22817560372429,17.33947851377439,17.00556826723566,17.021469116210938,65100,0.0,0.0,0.0
2017-10-16 00:00:00-04:00,17.156616803909355,17.204317816386276,16.989662502046205,17.00556182861328,65600,0.0,0.0,0.0
2017-10-17 00:00:00-04:00,17.021462801728344,17.10891592226131,16.894259089891953,17.0294132232666,96900,0.0,0.0,0.0
2017-10-18 00:00:00-04:00,17.061215321844067,17.180470142012112,16.87836015495551,16.886310577392578,275700,0.0,0.0,0.0
2017-10-19 00:00:00-04:00,16.759106996317318,16.878360301130122,16.6796042876461,16.767057418823242,182500,0.0,0.0,0.0
2017-10-20 00:00:00-04:00,16.798856142511347,16.89425968795992,16.735254284341604,16.806806564331055,95200,0.0,0.0,0.0
2017-10-23 00:00:00-04:00,16.949912016580903,16.949912016580903,16.488798141479492,16.488798141479492,107600,0.0,0.0,0.0
2017-10-24 00:00:00-04:00,16.616004654722904,16.647806349016058,16.377498013077236,16.457000732421875,189200,0.0,0.0,0.0
2017-10-25 00:00:00-04:00,16.36954824688335,16.45700139331328,16.09128947619674,16.234394073486328,143100,0.0,0.0,0.0
2017-10-26 00:00:00-04:00,16.234390120781974,16.3536434173584,15.9481809958882,16.3536434173584,274900,0.0,0.0,0.0
2017-10-27 00:00:00-04:00,16.266192675119896,16.854511855006276,16.218491652779,16.846561431884766,320500,0.0,0.0,0.0
2017-10-30 00:00:00-04:00,16.26619114389115,17.085066451663273,16.26619114389115,16.934011459350586,146000,0.0,0.0,0.0
2017-10-31 00:00:00-04:00,16.870415318789995,17.244077715122398,16.84656555996948,17.17252540588379,80700,0.0,0.0,0.0
2017-11-01 00:00:00-04:00,17.339474152987048,17.64953456447271,17.339474152987048,17.593881607055664,217000,0.0,0.0,0.0
2017-11-02 00:00:00-04:00,17.538232388500653,17.60978468357318,17.156621159039318,17.355377197265625,142700,0.0,0.0,0.0
2017-11-03 00:00:00-04:00,17.3394711032176,17.665430785959792,17.259968408707557,17.538227081298828,417100,0.0,0.0,0.0
2017-11-06 00:00:00-05:00,17.617730824808827,18.213998794555664,17.617730824808827,18.213998794555664,718000,0.0,0.0,0.0
2017-11-07 00:00:00-05:00,18.166303658862006,18.174254082997354,17.959597180508013,18.094751358032227,137700,0.0,0.0,0.0
2017-11-08 00:00:00-05:00,18.015244990769403,18.14244871844039,17.792637709151148,17.903942108154297,122800,0.0,0.0,0.0
2017-11-09 00:00:00-05:00,17.89599009969301,18.206048968865286,17.86418841239949,18.134496688842773,224300,0.0,0.0,0.0
2017-11-10 00:00:00-05:00,18.13449635760809,18.229899901358156,17.919841037849242,18.11859703063965,82700,0.0,0.0,0.0
2017-11-13 00:00:00-05:00,18.023192162780067,18.094744436238912,17.729032647850605,17.752883911132812,206600,0.0,0.0,0.0
2017-11-14 00:00:00-05:00,17.68133521047529,17.68133521047529,17.077116732723837,17.093017578125,230000,0.0,0.0,0.0
2017-11-15 00:00:00-05:00,16.89426099092887,17.04531598437759,16.71140582413665,16.957862854003906,184500,0.0,0.0,0.0
2017-11-16 00:00:00-05:00,17.013507115622065,17.085059370937774,16.838602445065547,16.99760627746582,123400,0.0,0.0,0.0
2017-11-17 00:00:00-05:00,17.24407327387738,17.27587344957738,17.077117423190924,17.252023696899414,136700,0.0,0.0,0.0
2017-11-20 00:00:00-05:00,17.108924032051743,17.140724216890497,16.854516487787393,17.069171905517578,90300,0.0,0.0,0.0
2017-11-21 00:00:00-05:00,17.156617662295872,17.204318677159392,16.934010398952925,17.04531478881836,120800,0.0,0.0,0.0
2017-11-22 00:00:00-05:00,17.220220693199792,17.291772978560047,17.164569252672486,17.24407196044922,64100,0.0,0.0,0.0
2017-11-24 00:00:00-05:00,17.347424419087353,17.43487754928056,17.24407196044922,17.24407196044922,51500,0.0,0.0,0.0
2017-11-27 00:00:00-05:00,17.124821489064182,17.148671243869835,16.91811502121498,16.92606544494629,94100,0.0,0.0,0.0
2017-11-28 00:00:00-05:00,16.92606064661436,17.05326435747805,16.854508369705055,17.00556182861328,80600,0.0,0.0,0.0
2017-11-29 00:00:00-05:00,17.00556267944216,17.196368255284153,16.902210227839884,17.04531478881836,203600,0.0,0.0,0.0
2017-11-30 00:00:00-05:00,17.14071654184301,17.530278109113542,17.14071654184301,17.426925659179688,253500,0.0,0.0,0.0
2017-12-01 00:00:00-05:00,17.63363808517299,17.99934851184097,17.577986630365988,17.729040145874023,227800,0.0,0.0,0.0
2017-12-04 00:00:00-05:00,17.713136575959098,17.888041322995353,17.442828274656122,17.474628448486328,135700,0.0,0.0,0.0
2017-12-05 00:00:00-05:00,17.40307717088965,17.482579884656698,17.27587343541763,17.323575973510742,131500,0.0,0.0,0.0
2017-12-06 00:00:00-05:00,17.228169822448056,17.267920415158677,16.782956815259844,16.806806564331055,152100,0.0,0.0,0.0
2017-12-07 00:00:00-05:00,16.790911294795098,16.934014372968583,16.727309421255235,16.85451316833496,264500,0.0,0.0,0.0
2017-12-08 00:00:00-05:00,16.98966629691202,17.228172928958074,16.949914180645553,17.077117919921875,94100,0.0,0.0,0.0
2017-12-11 00:00:00-05:00,17.132765994859188,17.4348759534813,17.132765994859188,17.33152198791504,138300,0.0,0.0,0.0
2017-12-12 00:00:00-05:00,17.47462888658915,17.47462888658915,17.14866913562021,17.18842124938965,73900,0.0,0.0,0.0
2017-12-13 00:00:00-05:00,17.24407304871299,17.24407304871299,17.045317024921793,17.061216354370117,132400,0.0,0.0,0.0
2017-12-14 00:00:00-05:00,17.029420439115444,17.116873596704796,16.902216673379204,16.91811752319336,132800,0.0,0.0,0.0
2017-12-15 00:00:00-05:00,17.021466237736384,17.021466237736384,16.60010290947816,16.63190460205078,148200,0.0,0.0,0.0
2017-12-18 00:00:00-05:00,16.719356246569536,17.108917847452624,16.719356246569536,16.957862854003906,265800,0.0,0.0,0.0
2017-12-19 00:00:00-05:00,17.013511061192446,17.16456602593285,16.9340083683613,16.949909210205078,63200,0.0,0.0,0.0
2017-12-20 00:00:00-05:00,17.00556370321977,17.315624109468853,16.89426082304154,17.291772842407227,216000,0.0,0.0,0.0
2017-12-21 00:00:00-05:00,17.212273792721263,17.776741768687042,17.196372944634717,17.72109031677246,240200,0.0,0.0,0.0
2017-12-22 00:00:00-05:00,17.760841222903696,17.943696429846334,17.64158789300147,17.808542251586914,116100,0.0,0.0,0.0
2017-12-26 00:00:00-05:00,17.88009229276751,18.198101637773274,17.840341693287353,18.19015121459961,225100,0.0,0.0,0.0
2017-12-27 00:00:00-05:00,18.182199949245756,18.190148855000132,18.047045805601783,18.078845977783203,79600,0.0,0.0,0.0
2017-12-28 00:00:00-05:00,18.134499877435818,18.309406155528173,18.126549454214516,18.285554885864258,156200,0.0,0.0,0.0
2017-12-29 00:00:00-05:00,18.365058506295732,18.373008929908654,18.07884932178368,18.11065101623535,216300,0.0,0.0,0.0
2018-01-02 00:00:00-05:00,18.22990066516501,18.635363089412284,18.22990066516501,18.603561401367188,245500,0.0,0.0,0.0
2018-01-03 00:00:00-05:00,18.683060889888587,18.969269967488387,18.683060889888587,18.810264587402344,246900,0.0,0.0,0.0
2018-01-04 00:00:00-05:00,18.873870121687997,18.977224093842313,18.675114115962906,18.929521560668945,138800,0.0,0.0,0.0
2018-01-05 00:00:00-05:00,18.802316073345864,18.826167337693633,18.643312193524245,18.73871421813965,109500,0.0,0.0,0.0
2018-01-08 00:00:00-05:00,18.72281396276046,18.913621050754443,18.611511091753872,18.873868942260742,97200,0.0,0.0,0.0
2018-01-09 00:00:00-05:00,18.985172999649894,19.040825955018825,18.842069949293734,18.929521560668945,515800,0.0,0.0,0.0
2018-01-10 00:00:00-05:00,18.93747536736884,19.064679112455703,18.794370775049057,18.818222045898438,127800,0.0,0.0,0.0
2018-01-11 00:00:00-05:00,18.969276683413664,19.43039062925178,18.905674812139036,19.271385192871094,205200,0.0,0.0,0.0
2018-01-12 00:00:00-05:00,19.319086323127124,19.422440312257567,19.136231131758777,19.366788864135742,187300,0.0,0.0,0.0
2018-01-16 00:00:00-05:00,19.366789542898736,19.46219159548314,19.048778657248626,19.072629928588867,218700,0.0,0.0,0.0
2018-01-17 00:00:00-05:00,19.183930896359655,19.27933445572246,18.9215730035971,19.144180297851562,141200,0.0,0.0,0.0
2018-01-18 00:00:00-05:00,19.048772475298676,19.144176013309796,18.85796691566423,18.889768600463867,190400,0.0,0.0,0.0
2018-01-19 00:00:00-05:00,18.834115849331557,18.889767277445365,18.683060889888587,18.810264587402344,228800,0.0,0.0,0.0
2018-01-22 00:00:00-05:00,18.86592441839749,19.319087982177734,18.850023570029112,19.319087982177734,219700,0.0,0.0,0.0
2018-01-23 00:00:00-05:00,19.398584364583243,19.525788077159827,19.247529387253103,19.470136642456055,215900,0.0,0.0,0.0
2018-01-24 00:00:00-05:00,19.54964715329551,19.613249034996976,19.295239626489646,19.422443389892578,178600,0.0,0.0,0.0
2018-01-25 00:00:00-05:00,19.52579271496509,19.53374313843801,19.04877792130746,19.128280639648438,190100,0.0,0.0,0.0
2018-01-26 00:00:00-05:00,19.23958134456687,19.255480672060806,19.104427204346806,19.152128219604492,62400,0.0,0.0,0.0
2018-01-29 00:00:00-05:00,19.009027206827106,19.096480348118813,18.770520569616544,18.778470993041992,107200,0.0,0.0,0.0
2018-01-30 00:00:00-05:00,18.67511263050437,18.730764065058683,18.134496095311846,18.213998794555664,382700,0.0,0.0,0.0
2018-01-31 00:00:00-05:00,18.25375529157413,18.349158864809958,17.99139736066105,18.094751358032227,151900,0.0,0.0,0.0
2018-02-01 00:00:00-05:00,18.094744455062816,18.27759959125331,17.975491171303272,18.18219757080078,141800,0.0,0.0,0.0
2018-02-02 00:00:00-05:00,18.007292665306323,18.047044773745203,17.39512384283859,17.403074264526367,403000,0.0,0.0,0.0
2018-02-05 00:00:00-05:00,17.196368873116462,17.514379693999885,16.79885686340016,16.822708129882812,308200,0.0,0.0,0.0
2018-02-06 00:00:00-05:00,16.6557519317281,17.164566761429622,16.449045528064907,17.108915328979492,231900,0.0,0.0,0.0
2018-02-07 00:00:00-05:00,17.140720904945347,17.31562719512297,16.639856338500977,16.639856338500977,371800,0.0,0.0,0.0
2018-02-08 00:00:00-05:00,16.679606421291012,16.814760588404507,15.948184137451202,15.97203540802002,306100,0.0,0.0,0.0
2018-02-09 00:00:00-05:00,16.091289587853566,16.099240011801303,15.264465210337303,15.876632690429688,561700,0.0,0.0,0.0
2018-02-12 00:00:00-05:00,16.09128497726914,16.417244683788475,15.987932528338472,16.290040969848633,201100,0.0,0.0,0.0
2018-02-13 00:00:00-05:00,16.162838583303483,16.234390867819457,16.003833169626205,16.083335876464844,146800,0.0,0.0,0.0
2018-02-14 00:00:00-05:00,15.884586897728367,16.60010854317413,15.852786710751658,16.53650665283203,197900,0.0,0.0,0.0
2018-02-15 00:00:00-05:00,16.608054540619527,16.687557261445598,16.21849287659889,16.544452667236328,355000,0.0,0.0,0.0
2018-02-16 00:00:00-05:00,16.49675133390007,16.719358644787405,16.42519903812872,16.457000732421875,145800,0.0,0.0,0.0
2018-02-20 00:00:00-05:00,16.58420122496128,16.727305788443807,16.456997505507466,16.520599365234375,168600,0.0,0.0,0.0
2018-02-21 00:00:00-05:00,16.496746916208764,16.536497507042085,16.035633087158203,16.035633087158203,267000,0.0,0.0,0.0
2018-02-22 00:00:00-05:00,16.08333029038831,16.41724033002626,15.932276867885713,16.107181549072266,256300,0.0,0.0,0.0
2018-02-23 00:00:00-05:00,16.226440266169174,16.58420168479522,16.210539421699572,16.56035041809082,131000,0.0,0.0,0.0
2018-02-26 00:00:00-05:00,16.69550323486328,16.751154669690766,16.496747243972052,16.69550323486328,187300,0.0,0.0,0.0
2018-02-27 00:00:00-05:00,16.639854611001297,16.782959191239655,16.37749671936035,16.37749671936035,89300,0.0,0.0,0.0
2018-02-28 00:00:00-05:00,16.48879697078726,16.520598657482285,16.00383186340332,16.00383186340332,95500,0.0,0.0,0.0
2018-03-01 00:00:00-05:00,16.067428159632197,16.337736337437462,16.043578419252963,16.1707820892334,192400,0.0,0.0,0.0
2018-03-02 00:00:00-05:00,16.075390427833405,16.472902568627994,15.892535207001128,16.449052810668945,96100,0.0,0.0,0.0
2018-03-05 00:00:00-05:00,16.353641274768542,16.8306559149656,16.353641274768542,16.735252380371094,83600,0.0,0.0,0.0
2018-03-06 00:00:00-05:00,16.830661855654867,16.870412457873766,16.528553336181734,16.544452667236328,140600,0.0,0.0,0.0
2018-03-07 00:00:00-05:00,16.417246128283224,16.66370315617806,16.258242230062177,16.393396377563477,170200,0.0,0.0,0.0
2018-03-08 00:00:00-05:00,16.441099057292103,16.52060177263294,16.2264421807883,16.34569549560547,85300,0.0,0.0,0.0
2018-03-09 00:00:00-05:00,16.49675174340593,16.695507788507207,16.472900472093997,16.639856338500977,286600,0.0,0.0,0.0
2018-03-12 00:00:00-04:00,16.639852386909915,16.814757119163314,16.544448840706657,16.759105682373047,67600,0.0,0.0,0.0
2018-03-13 00:00:00-04:00,16.790908823615503,16.878360439119568,16.65575467268589,16.719356536865234,162000,0.0,0.0,0.0
2018-03-14 00:00:00-04:00,16.79886267075335,16.79886267075335,16.57625683884587,16.608057022094727,169900,0.0,0.0,0.0
2018-03-15 00:00:00-04:00,16.711407540535706,16.79091025664209,16.13104029081902,16.226442337036133,251300,0.0,0.0,0.0
2018-03-16 00:00:00-04:00,16.274140122491794,16.592150923650784,16.23438953054086,16.43314552307129,84900,0.0,0.0,0.0
2018-03-19 00:00:00-04:00,16.329797251728298,16.393399124953437,15.868681775360704,15.979986190795898,300600,0.0,0.0,0.0
2018-03-20 00:00:00-04:00,16.138985664123304,16.202587519805437,16.011781952759033,16.059484481811523,102700,0.0,0.0,0.0
2018-03-21 00:00:00-04:00,16.19463994928721,16.814757714195057,16.17078868279538,16.751155853271484,182600,0.0,0.0,0.0
2018-03-22 00:00:00-04:00,16.555867604916198,16.675433024773803,16.436302185058594,16.436302185058594,46200,0.055,0.0,0.0
2018-03-23 00:00:00-04:00,16.555865382846296,16.794996190466208,16.316733054869783,16.340646743774414,364900,0.0,0.0,0.0
2018-03-26 00:00:00-04:00,16.579774856567383,16.579774856567383,16.229049931778167,16.579774856567383,162000,0.0,0.0,0.0
2018-03-27 00:00:00-04:00,16.603695813573616,16.603695813573616,16.069635443789586,16.133403778076172,75600,0.0,0.0,0.0
2018-03-28 00:00:00-04:00,16.117458687745557,16.22905439482804,15.89427031429413,15.934124946594238,147400,0.0,0.0,0.0
2018-03-29 00:00:00-04:00,16.013833930527454,16.396443830861955,16.013833930527454,16.340646743774414,80500,0.0,0.0,0.0
2018-04-02 00:00:00-04:00,16.237023896289386,16.2768785243454,15.471802570689755,15.734847068786621,371200,0.0,0.0,0.0
2018-04-03 00:00:00-04:00,15.806584706638269,16.037745778444712,15.527597782869133,16.013832092285156,109300,0.0,0.0,0.0
2018-04-04 00:00:00-04:00,15.7428171079,16.00586158610382,15.639194170577008,15.981947898864746,94900,0.0,0.0,0.0
2018-04-05 00:00:00-04:00,16.02180231997926,16.476151686128592,16.02180231997926,16.388469696044922,147700,0.0,0.0,0.0
2018-04-06 00:00:00-04:00,16.237025625359415,16.356591042616504,15.663109189954561,15.934124946594238,193100,0.0,0.0,0.0
2018-04-09 00:00:00-04:00,16.05368801961231,16.237023254348877,15.934122619814753,15.942093849182129,88600,0.0,0.0,0.0
2018-04-10 00:00:00-04:00,16.260939567380824,16.731231577448437,16.19717123654235,16.603694915771484,201300,0.0,0.0,0.0
2018-04-11 00:00:00-04:00,16.57180966364797,16.946448375526945,16.57180966364797,16.898622512817383,138500,0.0,0.0,0.0
2018-04-12 00:00:00-04:00,16.898620726932354,16.914561665913023,16.683402086948973,16.79499626159668,91000,0.0,0.0,0.0
2018-04-13 00:00:00-04:00,16.866736016327827,17.105866827910457,16.818910158082623,16.98630142211914,76000,0.0,0.0,0.0
2018-04-16 00:00:00-04:00,17.010212936631856,17.185575408014916,16.874705088631536,17.121807098388672,454400,0.0,0.0,0.0
2018-04-17 00:00:00-04:00,17.081950889552367,17.2812270286832,17.026153813852737,17.217458724975586,204200,0.0,0.0,0.0
2018-04-18 00:00:00-04:00,17.368913339635256,17.839203746314183,17.368913339635256,17.663841247558594,165500,0.0,0.0,0.0
2018-04-19 00:00:00-04:00,17.695720917941607,17.831228746893956,17.51238572322522,17.560213088989258,135800,0.0,0.0,0.0
2018-04-20 00:00:00-04:00,17.504420912812922,17.536305835011465,17.265290077750926,17.41674041748047,271800,0.0,0.0,0.0
2018-04-23 00:00:00-04:00,17.392828379745087,17.647901700161707,17.233408314663155,17.616018295288086,128600,0.0,0.0,0.0
2018-04-24 00:00:00-04:00,17.647901469463875,17.751525954751592,17.20152316456996,17.360944747924805,600800,0.0,0.0,0.0
2018-04-25 00:00:00-04:00,17.289199079054384,17.568185991178865,17.20948831553934,17.528329849243164,127200,0.0,0.0,0.0
2018-04-26 00:00:00-04:00,17.608049488611705,17.77544080805108,17.54428114972664,17.735586166381836,85100,0.0,0.0,0.0
2018-04-27 00:00:00-04:00,17.671811496278576,17.74355104186704,17.52833240510165,17.55224609375,64700,0.0,0.0,0.0
2018-04-30 00:00:00-04:00,17.472535232186182,17.807319269824177,17.472535232186182,17.647897720336914,86400,0.0,0.0,0.0
2018-05-01 00:00:00-04:00,17.600072440882833,17.687754448012292,17.496449494567074,17.608043670654297,80400,0.0,0.0,0.0
2018-05-02 00:00:00-04:00,17.592100562973876,17.79137673884872,17.544274706463753,17.584129333496094,53600,0.0,0.0,0.0
2018-05-03 00:00:00-04:00,17.456591104015555,17.552244328633133,17.08195247500593,17.121807098388672,265100,0.0,0.0,0.0
2018-05-04 00:00:00-04:00,17.08992528349505,17.448621488165802,17.08992528349505,17.42470932006836,84200,0.0,0.0,0.0
2018-05-07 00:00:00-04:00,17.560214343770483,17.990650023910515,17.512386974588892,17.536300659179688,309500,0.0,0.0,0.0
2018-05-08 00:00:00-04:00,17.488477643807585,17.82326168053822,17.08195406203777,17.815290451049805,179200,0.0,0.0,0.0
2018-05-09 00:00:00-04:00,18.070364645871845,18.452974558923067,18.022538786829603,18.09427833557129,301500,0.0,0.0,0.0
2018-05-10 00:00:00-04:00,18.150082480645953,18.20587959128002,17.950806216748717,18.134140014648438,75500,0.0,0.0,0.0
2018-05-11 00:00:00-04:00,18.10224640876156,18.189928409376858,17.93485515706673,17.958768844604492,63500,0.0,0.0,0.0
2018-05-14 00:00:00-04:00,18.02254142047593,18.221817636021726,17.998627727281963,18.17399024963379,118300,0.0,0.0,0.0
2018-05-15 00:00:00-04:00,18.17399094890477,18.277615436375534,17.982685957062888,18.261672973632812,99000,0.0,0.0,0.0
2018-05-16 00:00:00-04:00,18.213850157984556,18.429068880006234,18.14211058397733,18.405155181884766,109400,0.0,0.0,0.0
2018-05-17 00:00:00-04:00,18.468917117630255,18.81964363331713,18.468917117630255,18.77181625366211,210500,0.0,0.0,0.0
2018-05-18 00:00:00-04:00,18.811670266799037,18.811670266799037,18.516740873850267,18.580509185791016,160900,0.0,0.0,0.0
2018-05-21 00:00:00-04:00,18.6681926096317,18.915294647216797,18.62833798176064,18.915294647216797,158300,0.0,0.0,0.0
2018-05-22 00:00:00-04:00,18.90732516490943,19.170369686095096,18.508772767939828,18.564571380615234,252600,0.0,0.0,0.0
2018-05-23 00:00:00-04:00,18.44500457586586,18.548629051211595,18.158047881858113,18.460947036743164,144300,0.0,0.0,0.0
2018-05-24 00:00:00-04:00,18.213845302834383,18.317468259690934,18.07833742364857,18.166019439697266,189400,0.0,0.0,0.0
2018-05-25 00:00:00-04:00,17.8790584634665,17.910941860523025,17.43268026217938,17.719636917114258,286600,0.0,0.0,0.0
2018-05-29 00:00:00-04:00,17.520360744352228,17.791376460937112,17.49644857664897,17.719636917114258,265800,0.0,0.0,0.0
2018-05-30 00:00:00-04:00,17.831235320877468,18.357324375389627,17.75949576613883,18.325439453125,158900,0.0,0.0,0.0
2018-05-31 00:00:00-04:00,18.21384640495707,18.508774352565002,18.15007807679669,18.17399024963379,249400,0.0,0.0,0.0
2018-06-01 00:00:00-04:00,18.173985521557622,18.39717537223315,17.95876842022946,18.12615966796875,206700,0.0,0.0,0.0
2018-06-04 00:00:00-04:00,18.158044827359944,18.19789945249222,17.512388953650344,17.60007095336914,398700,0.0,0.0,0.0
2018-06-05 00:00:00-04:00,17.536307083293938,17.7594969935007,17.384856732783746,17.62398910522461,433200,0.0,0.0,0.0
2018-06-06 00:00:00-04:00,17.68775774845535,17.847177812561668,17.560221089027532,17.711669921875,199400,0.0,0.0,0.0
2018-06-07 00:00:00-04:00,17.823261134651144,18.166016390372363,17.76746405029774,18.086305618286133,245000,0.0,0.0,0.0
2018-06-08 00:00:00-04:00,18.046452994291485,18.118192551135248,17.78340845931663,17.99065589904785,153900,0.0,0.0,0.0
2018-06-11 00:00:00-04:00,17.926886095590525,18.26964138996162,17.90297240516114,18.213844299316406,201700,0.0,0.0,0.0
2018-06-12 00:00:00-04:00,18.17398737930126,18.437031881463156,18.16601766985218,18.293554306030273,134800,0.0,0.0,0.0
2018-06-13 00:00:00-04:00,18.269640616613145,18.413119712402658,18.18992983891268,18.293554306030273,92700,0.0,0.0,0.0
2018-06-14 00:00:00-04:00,18.373263121969973,18.46094512736965,18.054421539184673,18.070363998413086,218200,0.0,0.0,0.0
2018-06-15 00:00:00-04:00,18.022537832634683,18.022537832634683,17.552245935941535,17.584129333496094,157900,0.0,0.0,0.0
2018-06-18 00:00:00-04:00,17.608041724716895,18.11818821085908,17.568187100620708,17.93485450744629,153700,0.0,0.0,0.0
2018-06-19 00:00:00-04:00,17.66384186379017,18.11819134669233,17.584131081445275,18.078336715698242,147200,0.0,0.0,0.0
2018-06-20 00:00:00-04:00,18.213839246494366,18.41311538372,18.07833141236668,18.397172927856445,157100,0.0,0.0,0.0
2018-06-21 00:00:00-04:00,18.20932935221226,18.329232441509586,17.969521648967113,18.049457550048828,134400,0.065,0.0,0.0
2018-06-22 00:00:00-04:00,18.47311661445398,18.688941563645734,18.40916819901744,18.41716194152832,136900,0.0,0.0,0.0
2018-06-25 00:00:00-04:00,18.2972574712167,18.433148045660467,17.977515391540337,18.049457550048828,81400,0.0,0.0,0.0
2018-06-26 00:00:00-04:00,18.081431830229057,18.52107698242284,17.993502189930123,18.449134826660156,115800,0.0,0.0,0.0
2018-06-27 00:00:00-04:00,18.553052026314933,18.920756579096512,18.545059808008237,18.640981674194336,240900,0.0,0.0,0.0
2018-06-28 00:00:00-04:00,18.71292200990353,18.7289094942578,18.41716117260166,18.62499237060547,182400,0.0,0.0,0.0
2018-06-29 00:00:00-04:00,18.656968980913817,18.98470481576123,18.640981495152833,18.672956466674805,229100,0.0,0.0,0.0
2018-07-02 00:00:00-04:00,18.497096675246308,18.513084160577414,18.20932956253898,18.353212356567383,117900,0.0,0.0,0.0
2018-07-03 00:00:00-04:00,18.64098508775417,18.80085692687436,18.409172598145833,18.51308822631836,85300,0.0,0.0,0.0
2018-07-05 00:00:00-04:00,18.617003415373887,18.65697060861267,18.441144105961587,18.521080017089844,155800,0.0,0.0,0.0
2018-07-06 00:00:00-04:00,18.44114418709953,18.88878315687633,18.44114418709953,18.840822219848633,125900,0.0,0.0,0.0
2018-07-09 00:00:00-04:00,18.976708260822107,19.248489379882812,18.9127598519049,19.248489379882812,268500,0.0,0.0,0.0
2018-07-10 00:00:00-04:00,19.368392456021283,19.536257982335403,19.176547229269666,19.248489379882812,121900,0.0,0.0,0.0
2018-07-11 00:00:00-04:00,19.056648723449317,19.256487739823868,18.696937884114845,18.840822219848633,190900,0.0,0.0,0.0
2018-07-12 00:00:00-04:00,18.888780070535105,18.952728484340053,18.58502548612422,18.776870727539062,264000,0.0,0.0,0.0
2018-07-13 00:00:00-04:00,18.82483455111316,19.05664853970482,18.720918934446658,18.8727970123291,95400,0.0,0.0,0.0
2018-07-16 00:00:00-04:00,18.60101527164485,18.744899601666784,18.345221584783914,18.569040298461914,319500,0.0,0.0,0.0
2018-07-17 00:00:00-04:00,18.489108002286496,18.68894704976956,18.385192368441718,18.60101890563965,117800,0.0,0.0,0.0
2018-07-18 00:00:00-04:00,18.489105453852098,18.680952254685575,18.281274214808825,18.648977279663086,122300,0.0,0.0,0.0
2018-07-19 00:00:00-04:00,18.617003317780153,18.92875169243035,18.617003317780153,18.8727970123291,207100,0.0,0.0,0.0
2018-07-20 00:00:00-04:00,18.86480486315957,18.872798607371156,18.6170048912037,18.728914260864258,90400,0.0,0.0,0.0
2018-07-23 00:00:00-04:00,18.776870897729427,18.816839609626317,18.577031912196354,18.609006881713867,227900,0.0,0.0,0.0
2018-07-24 00:00:00-04:00,18.640984691016175,18.920759641196604,18.62499720251425,18.712926864624023,69400,0.0,0.0,0.0
2018-07-25 00:00:00-04:00,18.6889397174442,18.888778686523438,18.593017866090356,18.888778686523438,68500,0.0,0.0,0.0
2018-07-26 00:00:00-04:00,18.82483649974036,18.968720848980805,18.76088806948359,18.864805221557617,56000,0.0,0.0,0.0
2018-07-27 00:00:00-04:00,18.784870526923207,18.856812706232436,18.23331432710277,18.265289306640625,137200,0.0,0.0,0.0
2018-07-30 00:00:00-04:00,18.38518813493897,18.5850271364057,18.33722720148912,18.481111526489258,48000,0.0,0.0,0.0
2018-07-31 00:00:00-04:00,18.457128957670648,18.632986717321973,18.273277455582836,18.585025787353516,181100,0.0,0.0,0.0
2018-08-01 00:00:00-04:00,18.38519468295508,18.44114937935033,18.129400913919017,18.401182174682617,85400,0.0,0.0,0.0
2018-08-02 00:00:00-04:00,18.29726170090136,18.537069459581645,18.13739138643202,18.51308822631836,105600,0.0,0.0,0.0
2018-08-03 00:00:00-04:00,18.457134035181625,18.481115269088267,18.20134030544768,18.29726219177246,216900,0.0,0.0,0.0
2018-08-06 00:00:00-04:00,18.353214173242637,18.54506096690465,18.297259493695663,18.36920166015625,44000,0.0,0.0,0.0
2018-08-07 00:00:00-04:00,18.59301671675079,18.59301671675079,18.313241872404255,18.3292293548584,129900,0.0,0.0,0.0
2018-08-08 00:00:00-04:00,18.225316534223236,18.225316534223236,17.921561919334774,18.10541343688965,139900,0.0,0.0,0.0
2018-08-09 00:00:00-04:00,18.097418570059137,18.161366986309677,18.02547641119596,18.033470153808594,79900,0.0,0.0,0.0
2018-08-10 00:00:00-04:00,18.049461673670432,18.25729445410465,17.985513243125354,18.19334602355957,127000,0.0,0.0,0.0
2018-08-13 00:00:00-04:00,18.17735164182318,18.185345383191404,17.777673721313477,17.777673721313477,229400,0.0,0.0,0.0
2018-08-14 00:00:00-04:00,17.96152808143383,18.04945772594567,17.825637505665775,17.881593704223633,99400,0.0,0.0,0.0
2018-08-15 00:00:00-04:00,17.74570226049303,17.74570226049303,17.042268188105137,17.282075881958008,392900,0.0,0.0,0.0
2018-08-16 00:00:00-04:00,17.32204169097318,17.505893174383225,17.27408076587715,17.393983840942383,259000,0.0,0.0,0.0
2018-08-17 00:00:00-04:00,17.481914696516498,17.585830295598846,17.401978799333687,17.449939727783203,146200,0.0,0.0,0.0
2018-08-20 00:00:00-04:00,17.377999890421503,17.63379357580038,17.377999890421503,17.577838897705078,295200,0.0,0.0,0.0
2018-08-21 00:00:00-04:00,17.697739001441498,17.969520127314706,17.689745259545184,17.841623306274414,122100,0.0,0.0,0.0
2018-08-22 00:00:00-04:00,17.977513931128414,18.21732161489267,17.977513931128414,18.177352905273438,94200,0.0,0.0,0.0
2018-08-23 00:00:00-04:00,18.049457505615404,18.097418436286166,17.929554416613254,18.057451248168945,76500,0.0,0.0,0.0
2018-08-24 00:00:00-04:00,18.185352325439453,18.337230420114594,18.129397639151467,18.185352325439453,116200,0.0,0.0,0.0
2018-08-27 00:00:00-04:00,18.19334597730052,18.321242838065483,18.145385035676373,18.201339721679688,115400,0.0,0.0,0.0
2018-08-28 00:00:00-04:00,18.17734874614394,18.265278362536844,17.937542641899707,18.025470733642578,68400,0.0,0.0,0.0
2018-08-29 00:00:00-04:00,18.089423356021925,18.249295145969292,18.017482727661033,18.161365509033203,119800,0.0,0.0,0.0
2018-08-30 00:00:00-04:00,18.145381927490234,18.193342860898987,17.961528887563947,18.145381927490234,102600,0.0,0.0,0.0
2018-08-31 00:00:00-04:00,18.04945824607643,18.057451988957908,17.913567666392417,17.99350357055664,72100,0.0,0.0,0.0
2018-09-04 00:00:00-04:00,18.097420255933045,18.11340774264763,17.66576878719381,17.73771095275879,102700,0.0,0.0,0.0
2018-09-05 00:00:00-04:00,17.633793948863744,17.74570483207258,17.378000258073257,17.713729858398438,211100,0.0,0.0,0.0
2018-09-06 00:00:00-04:00,17.713728762338267,17.713728762338267,17.218128898260257,17.298063278198242,55900,0.0,0.0,0.0
2018-09-07 00:00:00-04:00,17.202140986529024,17.226120690056515,16.962333278700424,17.170166015625,177400,0.0,0.0,0.0
2018-09-10 00:00:00-04:00,17.298064863247028,17.31405235055981,17.146188307727712,17.1541805267334,59800,0.0,0.0,0.0
2018-09-11 00:00:00-04:00,17.04226599313459,17.521879794417696,17.04226599313459,17.48191261291504,166100,0.0,0.0,0.0
2018-09-12 00:00:00-04:00,17.58583741488101,17.82564367885988,17.569849924042142,17.67376708984375,135000,0.0,0.0,0.0
2018-09-13 00:00:00-04:00,17.601820127453333,17.68175603529689,17.417968606668595,17.577838897705078,267300,0.0,0.0,0.0
2018-09-14 00:00:00-04:00,17.548162658899106,17.740648429177195,17.548162658899106,17.596284866333008,186200,0.073,0.0,0.0
2018-09-17 00:00:00-04:00,17.62836891725304,17.716591455050377,17.451925371387492,17.47598648071289,73300,0.0,0.0,0.0
2018-09-18 00:00:00-04:00,17.628368409008033,17.78075237088391,17.596288460561524,17.73263168334961,87100,0.0,0.0,0.0
2018-09-19 00:00:00-04:00,17.692527464204517,18.045416028191003,17.692527464204517,17.989274978637695,96700,0.0,0.0,0.0
2018-09-20 00:00:00-04:00,18.07749725380413,18.1576978779338,17.93313368280456,18.02135467529297,132700,0.0,0.0,0.0
2018-09-21 00:00:00-04:00,18.037393536470084,18.12561604951391,17.933131818105405,18.029373168945312,134000,0.0,0.0,0.0
2018-09-24 00:00:00-04:00,18.22185749180321,18.39028215121135,17.989272951332264,18.14165687561035,119400,0.0,0.0,0.0
2018-09-25 00:00:00-04:00,18.19779597118526,18.237896274989883,18.085512367020954,18.133634567260742,47200,0.0,0.0,0.0
2018-09-26 00:00:00-04:00,18.02134947809373,18.02134947809373,17.68450175281495,17.70856285095215,79100,0.0,0.0,0.0
2018-09-27 00:00:00-04:00,17.8128280866992,17.9812527476423,17.764707410599186,17.90907096862793,336800,0.0,0.0,0.0
2018-09-28 00:00:00-04:00,17.836890875543727,18.14967759435124,17.836890875543727,17.949172973632812,113800,0.0,0.0,0.0
2018-10-01 00:00:00-04:00,18.117595563217716,18.269979485732073,17.94917090575897,18.1817569732666,110100,0.0,0.0,0.0
2018-10-02 00:00:00-04:00,18.181756982112887,18.277999862097385,18.013332324572193,18.093534469604492,173900,0.0,0.0,0.0
2018-10-03 00:00:00-04:00,18.17373981546874,18.550687974862882,18.093537656310914,18.502567291259766,180000,0.0,0.0,0.0
2018-10-04 00:00:00-04:00,18.41434311017216,18.630888461540497,18.19779928853264,18.286020278930664,345700,0.0,0.0,0.0
2018-10-05 00:00:00-04:00,18.286020344537675,18.446424649029456,18.157697512835774,18.302061080932617,147900,0.0,0.0,0.0
2018-10-08 00:00:00-04:00,18.237897797926347,18.422361658396728,18.093534244609128,18.31007957458496,188300,0.0,0.0,0.0
2018-10-09 00:00:00-04:00,18.334145990754326,18.767235246505606,18.30206451195025,18.590791702270508,192600,0.0,0.0,0.0
2018-10-10 00:00:00-04:00,18.679007338314886,18.679007338314886,17.885007858276367,17.885007858276367,251600,0.0,0.0,0.0
2018-10-11 00:00:00-04:00,17.81282678866605,17.93313076474251,17.44389908256881,17.516080856323242,141800,0.0,0.0,0.0
2018-10-12 00:00:00-04:00,17.81283039303563,17.81283039303563,17.29953903556664,17.63638687133789,207800,0.0,0.0,0.0
2018-10-15 00:00:00-04:00,17.7326314949837,17.90105466442921,17.58826790418523,17.780752182006836,193200,0.0,0.0,0.0
2018-10-16 00:00:00-04:00,17.836887288730757,18.02135113556302,17.740645946787208,17.997291564941406,160500,0.0,0.0,0.0
2018-10-17 00:00:00-04:00,17.917089674255923,17.965210345892203,17.54014160860268,17.700544357299805,140700,0.0,0.0,0.0
2018-10-18 00:00:00-04:00,17.49202188730272,17.564203669855548,17.26745770134173,17.387760162353516,185500,0.0,0.0,0.0
2018-10-19 00:00:00-04:00,17.459941812235346,17.636385318396655,17.299537512285955,17.35567855834961,103700,0.0,0.0,0.0
2018-10-22 00:00:00-04:00,17.3396361866561,17.3396361866561,16.95466624300249,17.06694984436035,161800,0.0,0.0,0.0
2018-10-23 00:00:00-04:00,16.794262044700798,16.794262044700798,16.29701007256809,16.561676025390625,217300,0.0,0.0,0.0
2018-10-24 00:00:00-04:00,16.690002061554996,16.73010389839719,15.695499453798552,15.703519821166992,250700,0.0,0.0,0.0
2018-10-25 00:00:00-04:00,15.887983361824658,15.92808519786009,15.607276628491146,15.807781219482422,173100,0.0,0.0,0.0
2018-10-26 00:00:00-04:00,15.56717685236839,15.799762920109385,15.246369801802087,15.575197219848633,218000,0.0,0.0,0.0
2018-10-29 00:00:00-04:00,15.54311862182185,15.695502572645006,14.84536334913234,15.061908721923828,424200,0.0,0.0,0.0
2018-10-30 00:00:00-04:00,14.965661455835257,15.406770911897626,14.893479685973631,15.366670608520508,300400,0.0,0.0,0.0
2018-10-31 00:00:00-04:00,15.559159094303794,15.92808841162443,15.559159094303794,15.607279777526855,203800,0.0,0.0,0.0
2018-11-01 00:00:00-04:00,15.663421315749726,15.904026245563989,15.519057745969635,15.86392593383789,270100,0.0,0.0,0.0
2018-11-02 00:00:00-04:00,15.879964556288858,15.960166706518354,15.414793920632322,15.494996070861816,407900,0.0,0.0,0.0
2018-11-05 00:00:00-05:00,15.879966404769608,16.104532145606633,15.791745406003848,16.08047103881836,356100,0.0,0.0,0.0
2018-11-06 00:00:00-05:00,16.08849178054443,16.120573257005514,15.815805349541222,15.984230041503906,266000,0.0,0.0,0.0
2018-11-07 00:00:00-05:00,16.409296180895375,16.609800786408147,16.11255022138457,16.3531551361084,191100,0.0,0.0,0.0
2018-11-08 00:00:00-05:00,16.345131759912576,16.393253957783188,15.912042687176266,15.928083419799805,164200,0.0,0.0,0.0
2018-11-09 00:00:00-05:00,15.671439626915435,16.040367341500193,15.599257851500393,15.912044525146484,199300,0.0,0.0,0.0
2018-11-12 00:00:00-05:00,16.08046755028881,16.09650828466775,15.38271243181979,15.39875316619873,282400,0.0,0.0,0.0
2018-11-13 00:00:00-05:00,15.398749592541835,15.655395164129487,15.174183952538504,15.19824504852295,302900,0.0,0.0,0.0
2018-11-14 00:00:00-05:00,15.623317848845591,15.63133821630214,14.917542339684793,15.069926261901855,572000,0.0,0.0,0.0
2018-11-15 00:00:00-05:00,14.981707954927288,15.302515094595398,14.87744467845446,15.222312927246094,324700,0.0,0.0,0.0
2018-11-16 00:00:00-05:00,15.278456325949623,15.39876036026728,14.93358955405761,15.13409423828125,378100,0.0,0.0,0.0
2018-11-19 00:00:00-05:00,14.981705074493545,15.31053252064801,14.925564027061634,15.206269264221191,425900,0.0,0.0,0.0
2018-11-20 00:00:00-05:00,14.981700468838351,14.981700468838351,14.41226674195038,14.500489234924316,725400,0.0,0.0,0.0
2018-11-21 00:00:00-05:00,14.588716082403534,15.013784883292557,14.588716082403534,14.853382110595703,366700,0.0,0.0,0.0
2018-11-23 00:00:00-05:00,14.412267789090643,14.564651689009528,14.324046819435251,14.436328887939453,196800,0.0,0.0,0.0
2018-11-26 00:00:00-05:00,14.572675919619682,14.70901912312767,14.444353084521442,14.532575607299805,205300,0.0,0.0,0.0
2018-11-27 00:00:00-05:00,14.468413630391954,14.524554677360875,14.171666129619197,14.259888648986816,247400,0.0,0.0,0.0
2018-11-28 00:00:00-05:00,14.251867799025474,14.516533818451062,14.099483869741423,14.508513450622559,230900,0.0,0.0,0.0
2018-11-29 00:00:00-05:00,14.524556071536482,14.71704033521835,14.452374281439663,14.5967378616333,232200,0.0,0.0,0.0
2018-11-30 00:00:00-05:00,14.460391796003595,14.524553204566201,14.235826101170147,14.412269592285156,200300,0.0,0.0,0.0
2018-12-03 00:00:00-05:00,14.813281891551174,14.949625104618141,14.620797625408805,14.877443313598633,316600,0.0,0.0,0.0
2018-12-04 00:00:00-05:00,14.885458691684713,14.965660824785624,14.428308521656517,14.436328887939453,234600,0.0,0.0,0.0
2018-12-06 00:00:00-05:00,14.21176289803639,14.235823996338064,13.682430973226882,14.059380531311035,656200,0.0,0.0,0.0
2018-12-07 00:00:00-05:00,14.267909265520997,14.564655241731929,14.019282439288368,14.043343544006348,360200,0.0,0.0,0.0
2018-12-10 00:00:00-05:00,13.915022134864108,14.083445295929806,13.522033229315161,13.69045639038086,406500,0.0,0.0,0.0
2018-12-11 00:00:00-05:00,13.882939007315683,13.963141158643534,13.602232242532608,13.66639518737793,218000,0.0,0.0,0.0
2018-12-12 00:00:00-05:00,13.890958192900568,14.051362481901242,13.690453596514061,13.706494331359863,179600,0.0,0.0,0.0
2018-12-13 00:00:00-05:00,13.68243602132121,13.802738497757993,13.554113175824778,13.69045639038086,237900,0.0,0.0,0.0
2018-12-14 00:00:00-05:00,13.586193558144819,13.586193558144819,13.080921056172746,13.145082473754883,360000,0.0,0.0,0.0
2018-12-17 00:00:00-05:00,13.048839970106107,13.233303838292871,12.655850365732615,12.736052513122559,440700,0.0,0.0,0.0
2018-12-18 00:00:00-05:00,12.753722009243678,12.769784233024547,12.32003124420314,12.400343894958496,436000,0.022,0.0,0.0
2018-12-19 00:00:00-05:00,12.472625565623947,12.737658763038088,12.15940493191205,12.263812065124512,392000,0.0,0.0,0.0
2018-12-20 00:00:00-05:00,12.095155014828455,12.36018822338715,11.781933602020215,11.830121040344238,470000,0.0,0.0,0.0
2018-12-21 00:00:00-05:00,11.846183337818937,11.950590469317552,11.492806002375955,11.557056427001953,411700,0.0,0.0,0.0
2018-12-24 00:00:00-05:00,11.492805335242998,11.492805335242998,10.91455078125,10.91455078125,1010400,0.0,0.0,0.0
2018-12-26 00:00:00-05:00,11.13942524983453,11.982712829755915,10.850298407829467,11.958619117736816,672200,0.0,0.0,0.0
2018-12-27 00:00:00-05:00,11.709651599570917,11.958622582316275,11.468712111800526,11.950591087341309,353200,0.0,0.0,0.0
2018-12-28 00:00:00-05:00,11.990748321570834,12.103186192443882,11.685558392482248,11.765871047973633,253500,0.0,0.0,0.0
2018-12-31 00:00:00-05:00,11.910433588715936,11.910433588715936,11.581149975829359,11.806026458740234,332600,0.0,0.0,0.0
2019-01-02 00:00:00-05:00,11.645401168802557,12.231686515173887,11.46871210902365,12.151373863220215,343700,0.0,0.0,0.0
2019-01-03 00:00:00-05:00,12.175467582213765,12.3682188660132,11.934528094501712,12.151373863220215,147300,0.0,0.0,0.0
2019-01-04 00:00:00-05:00,12.44050103253195,12.801909888214457,12.35215688387528,12.785847663879395,1236300,0.0,0.0,0.0
2019-01-07 00:00:00-05:00,12.970566576563092,13.404258093076567,12.874191705238516,13.219536781311035,466400,0.0,0.0,0.0
2019-01-08 00:00:00-05:00,13.468508271455478,13.508664211797429,13.259694011605285,13.436382293701172,310700,0.0,0.0,0.0
2019-01-09 00:00:00-05:00,13.645198122560112,13.677324104008461,13.388196398377753,13.629135131835938,362200,0.0,0.0,0.0
2019-01-10 00:00:00-05:00,13.532761383803784,13.701418204969851,13.372134526820755,13.677325248718262,218300,0.0,0.0,0.0
2019-01-11 00:00:00-05:00,13.580946669298338,13.685354569295749,13.436382827364074,13.597009658813477,300700,0.0,0.0,0.0
2019-01-14 00:00:00-05:00,13.46851094738082,13.77370013742709,13.41229200699213,13.677325248718262,212100,0.0,0.0,0.0
2019-01-15 00:00:00-05:00,13.75763238921065,13.934322177178844,13.717476454772811,13.878103256225586,178900,0.0,0.0,0.0
2019-01-16 00:00:00-05:00,13.854008776452456,14.014635577905233,13.813852842014617,13.878103256225586,233600,0.0,0.0,0.0
2019-01-17 00:00:00-05:00,13.837948210853709,14.030699487207999,13.74157333860205,13.94235610961914,289000,0.0,0.0,0.0
2019-01-18 00:00:00-05:00,14.102984330771376,14.215423747507508,14.014640934869556,14.17526626586914,337000,0.0,0.0,0.0
2019-01-22 00:00:00-05:00,13.998576259236408,13.998576259236408,13.629135131835938,13.629135131835938,323600,0.0,0.0,0.0
2019-01-23 00:00:00-05:00,13.757635648343218,13.813856114465603,13.33197712780265,13.420320510864258,207900,0.0,0.0,0.0
2019-01-24 00:00:00-05:00,13.428351486803548,13.60504130979701,13.29181913805906,13.556852340698242,145600,0.0,0.0,0.0
2019-01-25 00:00:00-05:00,13.62913358529289,13.910229763664592,13.62913358529289,13.837947845458984,180500,0.0,0.0,0.0
2019-01-28 00:00:00-05:00,13.613072395324707,13.677322820340152,13.460477061468914,13.613072395324707,548100,0.0,0.0,0.0
2019-01-29 00:00:00-05:00,13.717480055537386,13.837949422324174,13.661261119826959,13.72551155090332,137100,0.0,0.0,0.0
2019-01-30 00:00:00-05:00,13.85401163112684,14.078888893127441,13.749605260964682,14.078888893127441,256800,0.0,0.0,0.0
2019-01-31 00:00:00-05:00,14.078887268935942,14.102980219043362,13.613071340698715,13.69338321685791,213300,0.0,0.0,0.0
2019-02-01 00:00:00-05:00,13.805824787796134,13.886138208528642,13.653229441589476,13.773698806762695,267700,0.0,0.0,0.0
2019-02-04 00:00:00-05:00,13.685355240599165,13.82188606262207,13.508665410967513,13.82188606262207,277700,0.0,0.0,0.0
2019-02-05 00:00:00-05:00,13.805823571031633,13.854011006483745,13.588977813720703,13.588977813720703,213600,0.0,0.0,0.0
2019-02-06 00:00:00-05:00,13.54079159198119,13.580947536482121,13.372133255004883,13.372133255004883,330800,0.0,0.0,0.0
2019-02-07 00:00:00-05:00,13.307881964573776,13.307881964573776,12.745690352715485,12.793878555297852,269900,0.0,0.0,0.0
2019-02-08 00:00:00-05:00,12.777814416392806,12.834033342743927,12.432467832406376,12.641282081604004,216500,0.0,0.0,0.0
2019-02-11 00:00:00-05:00,12.601124561106845,12.890251434087606,12.528843417305687,12.866158485412598,215700,0.0,0.0,0.0
2019-02-12 00:00:00-05:00,13.066945331539655,13.25166514470027,12.9705689110182,13.050882339477539,225800,0.0,0.0,0.0
2019-02-13 00:00:00-05:00,13.107101065180949,13.420321746006213,13.107101065180949,13.29985237121582,219200,0.0,0.0,0.0
2019-02-14 00:00:00-05:00,13.283785731239764,13.52472438686623,13.259691252936872,13.364097595214844,1214200,0.0,0.0,0.0
2019-02-15 00:00:00-05:00,13.516696742392341,13.781729951778424,13.50866524733809,13.765666961669922,387600,0.0,0.0,0.0
2019-02-19 00:00:00-05:00,13.685355074829511,13.878106360578386,13.613073151192303,13.765666961669922,188800,0.0,0.0,0.0
2019-02-20 00:00:00-05:00,13.757635547066876,13.998575804550214,13.757635547066876,13.89416790008545,235100,0.0,0.0,0.0
2019-02-21 00:00:00-05:00,13.878106892507317,13.894168351380383,13.55685320542826,13.629135131835938,361200,0.0,0.0,0.0
2019-02-22 00:00:00-05:00,13.76566793794045,13.878107344823194,13.645198567285016,13.661261558532715,214800,0.0,0.0,0.0
2019-02-25 00:00:00-05:00,13.605042184116533,13.797793477345614,13.597010688750599,13.72551155090332,207400,0.0,0.0,0.0
2019-02-26 00:00:00-05:00,13.70141565716129,13.862042484275406,13.484571431963472,13.49260139465332,285600,0.0,0.0,0.0
2019-02-27 00:00:00-05:00,13.613071952009365,13.717478314815315,13.436382140082646,13.476539611816406,318100,0.0,0.0,0.0
2019-02-28 00:00:00-05:00,13.572915172015241,13.572915172015241,13.323944961980887,13.39622688293457,192500,0.0,0.0,0.0
2019-03-01 00:00:00-05:00,13.49260584681357,13.709451675415039,13.49260584681357,13.709451675415039,339300,0.0,0.0,0.0
2019-03-04 00:00:00-05:00,13.805824604170066,13.870075033531284,13.564884345177196,13.82188606262207,207000,0.0,0.0,0.0
2019-03-05 00:00:00-05:00,13.870072867525687,13.870072867525687,13.613071190215214,13.733540534973145,84900,0.0,0.0,0.0
2019-03-06 00:00:00-05:00,13.677322813992888,13.677322813992888,13.38819513563208,13.4122896194458,191200,0.0,0.0,0.0
2019-03-07 00:00:00-05:00,13.452449241826042,13.452449241826042,13.227571926914093,13.259697914123535,167500,0.0,0.0,0.0
2019-03-08 00:00:00-05:00,13.05891202541058,13.05891202541058,12.80994104443703,12.874192237854004,208900,0.0,0.0,0.0
2019-03-11 00:00:00-04:00,12.922379327712433,13.107099110297396,12.89025334890584,13.066943168640137,139100,0.0,0.0,0.0
2019-03-12 00:00:00-04:00,13.139225178144141,13.39622688293457,13.139225178144141,13.39622688293457,212500,0.0,0.0,0.0
2019-03-13 00:00:00-04:00,13.516695894617058,13.677322721925368,13.436382480962903,13.588977813720703,163800,0.0,0.0,0.0
2019-03-14 00:00:00-04:00,13.588978670962517,13.66929208968313,13.55685269073385,13.564884185791016,107000,0.0,0.0,0.0
2019-03-15 00:00:00-04:00,13.492601222920277,13.540790189551736,13.396226353359221,13.436382293701172,148200,0.0,0.0,0.0
2019-03-18 00:00:00-04:00,13.524728401270584,13.837949052925142,13.524728401270584,13.82188606262207,326700,0.0,0.0,0.0
2019-03-19 00:00:00-04:00,13.894171162456589,13.97448460047541,13.661263877238564,13.701419830322266,167400,0.0,0.0,0.0
2019-03-20 00:00:00-04:00,13.653230364815254,14.24754726746154,13.653230364815254,14.0708589553833,253400,0.0,0.0,0.0
2019-03-21 00:00:00-04:00,14.060375748758304,14.261929294030573,14.028126443403613,14.213555335998535,232500,0.067,0.0,0.0
2019-03-22 00:00:00-04:00,14.060376678260424,14.060376678260424,13.536337733455708,13.592772483825684,555600,0.0,0.0,0.0
2019-03-25 00:00:00-04:00,13.560523058090071,13.7056418650512,13.391218808456491,13.64920711517334,239100,0.0,0.0,0.0
2019-03-26 00:00:00-04:00,13.826572268790883,14.036188130860793,13.770137524720415,13.874944686889648,173700,0.0,0.0,0.0
2019-03-27 00:00:00-04:00,13.850756747743457,13.955563891003317,13.68145100834686,13.79432201385498,271300,0.0,0.0,0.0
2019-03-28 00:00:00-04:00,13.737889719831635,13.963628695477043,13.697578090086783,13.947504043579102,192500,0.0,0.0,0.0
2019-03-29 00:00:00-04:00,14.108745855407747,14.15711826777582,13.923316993220748,13.931379318237305,262400,0.0,0.0,0.0
2019-04-01 00:00:00-04:00,14.04424946314674,14.197430570308018,13.995877048470511,14.108746528625488,190400,0.0,0.0,0.0
2019-04-02 00:00:00-04:00,14.124872138993569,14.189369208853892,13.947504043579102,13.947504043579102,270800,0.0,0.0,0.0
2019-04-03 00:00:00-04:00,14.012002717030485,14.012002717030485,13.520213079712395,13.592772483825684,348900,0.0,0.0,0.0
2019-04-04 00:00:00-04:00,13.608899018981942,13.77014252146318,13.520216476576065,13.762080192565918,220600,0.0,0.0,0.0
2019-04-05 00:00:00-04:00,13.810451341053646,14.141000644105477,13.810451341053646,14.116813659667969,144400,0.0,0.0,0.0
2019-04-08 00:00:00-04:00,14.189369930963874,14.32642640360842,14.116810531461969,14.221617698669434,341200,0.0,0.0,0.0
2019-04-09 00:00:00-04:00,14.173240937892821,14.173240937892821,13.907190400437178,13.923315048217773,266100,0.0,0.0,0.0
2019-04-10 00:00:00-04:00,14.020059585571289,14.08455663770274,13.94750020970703,14.020059585571289,213200,0.0,0.0,0.0
2019-04-11 00:00:00-04:00,13.9797565715821,14.060378311934478,13.754016006141804,13.858824729919434,250500,0.0,0.0,0.0
2019-04-12 00:00:00-04:00,14.286114910089541,14.463483016247206,14.245804815634546,14.334488868713379,271100,0.0,0.0,0.0
2019-04-15 00:00:00-04:00,14.25386435546939,14.398983127507394,14.189367294311523,14.189367294311523,287700,0.0,0.0,0.0
2019-04-16 00:00:00-04:00,14.253868103027344,14.286115873219087,14.07649998491202,14.253868103027344,255200,0.0,0.0,0.0
2019-04-17 00:00:00-04:00,14.294178104878506,14.358675182563529,14.092624544896356,14.149059295654297,259700,0.0,0.0,0.0
2019-04-18 00:00:00-04:00,14.165180592792376,14.165180592792376,13.907192343187637,13.931379318237305,226600,0.0,0.0,0.0
2019-04-22 00:00:00-04:00,14.140996451235123,14.358673095703125,14.012000776881418,14.358673095703125,379300,0.0,0.0,0.0
2019-04-23 00:00:00-04:00,14.382865972978365,14.511860162515495,14.261934112503809,14.398990631103516,704400,0.0,0.0,0.0
2019-04-24 00:00:00-04:00,14.423172260248553,14.423172260248553,14.149059295654297,14.149059295654297,281800,0.0,0.0,0.0
2019-04-25 00:00:00-04:00,14.189370334845517,14.189370334845517,13.89913272857666,13.89913272857666,393100,0.0,0.0,0.0
2019-04-26 00:00:00-04:00,13.82656954392668,13.923315898789419,13.633078371932347,13.74594783782959,482400,0.0,0.0,0.0
2019-04-29 00:00:00-04:00,13.74594783782959,13.82656954392668,13.681450780498146,13.74594783782959,104500,0.0,0.0,0.0
2019-04-30 00:00:00-04:00,13.850761818365623,13.89107191797703,13.44765467132463,13.520214080810547,316700,0.0,0.0,0.0
2019-05-01 00:00:00-04:00,13.496027640982463,13.552462397799959,13.13323211669922,13.133232116699219,370700,0.0,0.0,0.0
2019-05-02 00:00:00-04:00,13.00423370349572,13.012296029610662,12.713997652015172,12.794618606567383,351800,0.0,0.0,0.0
2019-05-03 00:00:00-04:00,12.867178679409312,13.076793787342638,12.818805489045758,13.02035903930664,313800,0.0,0.0,0.0
2019-05-06 00:00:00-04:00,12.826865830230755,13.141288827896974,12.80267962322543,13.076791763305664,269500,0.0,0.0,0.0
2019-05-07 00:00:00-04:00,12.923612340148132,13.028419494628906,12.818803647936026,13.028419494628906,341400,0.0,0.0,0.0
2019-05-08 00:00:00-04:00,12.9961755851506,13.286411696259577,12.988113257379268,13.12516975402832,184000,0.0,0.0,0.0
2019-05-09 00:00:00-04:00,13.044548014046796,13.18160451069585,12.867180647406984,13.12516975402832,255300,0.0,0.0,0.0
2019-05-10 00:00:00-04:00,13.10904383524899,13.270285761942368,12.923614927572364,13.22191333770752,251200,0.0,0.0,0.0
2019-05-13 00:00:00-04:00,13.109042436165236,13.181601833639313,12.867178034206896,12.923613548278809,263300,0.0,0.0,0.0
2019-05-14 00:00:00-04:00,12.988110059710234,13.294470750935957,12.988110059710234,13.20578670501709,215000,0.0,0.0,0.0
2019-05-15 00:00:00-04:00,13.084857883100009,13.33478542638322,13.0284231274334,13.326723098754883,133600,0.0,0.0,0.0
2019-05-16 00:00:00-04:00,13.399278711742202,13.463775776755886,13.310594670699137,13.334781646728516,185800,0.0,0.0,0.0
2019-05-17 00:00:00-04:00,13.229974916105743,13.270285011065297,13.02035903930664,13.02035903930664,158700,0.0,0.0,0.0
2019-05-20 00:00:00-04:00,13.012296829892161,13.044546136335324,12.891365006193436,12.963924407958984,302900,0.0,0.0,0.0
2019-05-21 00:00:00-04:00,12.996173431015569,13.229974746704102,12.996173431015569,13.229974746704102,114500,0.0,0.0,0.0
2019-05-22 00:00:00-04:00,13.10904259999305,13.141290367200385,12.697873188411933,12.713997840881348,162900,0.0,0.0,0.0
2019-05-23 00:00:00-04:00,12.439885509877202,12.504382585186294,12.052902289156865,12.10933780670166,223300,0.0,0.0,0.0
2019-05-24 00:00:00-04:00,12.24639154838964,12.310889382206566,11.988403288584587,12.101273536682129,133400,0.0,0.0,0.0
2019-05-28 00:00:00-04:00,12.141583455716837,12.141583455716837,11.940029951111658,11.948091506958008,132300,0.0,0.0,0.0
2019-05-29 00:00:00-04:00,11.794914153074057,11.956156843604523,11.64979534716374,11.940032958984375,182700,0.0,0.0,0.0
2019-05-30 00:00:00-04:00,11.940034171568799,11.98840659920756,11.617547988891602,11.617547988891602,145800,0.0,0.0,0.0
2019-05-31 00:00:00-04:00,11.4401789042849,11.633670892302977,11.3918064839297,11.48855209350586,98600,0.0,0.0,0.0
2019-06-03 00:00:00-04:00,11.52886295001529,11.64173244335896,11.44017889797011,11.569173812866211,121300,0.0,0.0,0.0
2019-06-04 00:00:00-04:00,11.690105246071656,11.883596458720238,11.633670501265586,11.851347923278809,141800,0.0,0.0,0.0
2019-06-05 00:00:00-04:00,11.851349356013985,11.875535568302547,11.343434284759208,11.415993690490723,157600,0.0,0.0,0.0
2019-06-06 00:00:00-04:00,11.4482422164646,11.561112488455823,11.359558925599524,11.496615409851074,76000,0.0,0.0,0.0
2019-06-07 00:00:00-04:00,11.52886196192491,11.577234378107613,11.399867826950114,11.440177917480469,131200,0.0,0.0,0.0
2019-06-10 00:00:00-04:00,11.496613689844438,11.63367015359099,11.311184039948515,11.335371017456055,133200,0.0,0.0,0.0
2019-06-11 00:00:00-04:00,11.440179030643987,11.496614546836074,11.303123325546608,11.311184883117676,119200,0.0,0.0,0.0
2019-06-12 00:00:00-04:00,11.262811818212768,11.262811818212768,10.956450350922859,10.972574234008789,147300,0.0,0.0,0.0
2019-06-13 00:00:00-04:00,11.149944214017731,11.230565955226616,11.06126091378068,11.214441299438477,94300,0.0,0.0,0.0
2019-06-14 00:00:00-04:00,11.251048365657265,11.251048365657265,10.941908836364746,10.941908836364746,103700,0.125,0.0,0.0
2019-06-17 00:00:00-04:00,10.901230542597439,11.145288104920164,10.83614862942306,11.137152671813965,144300,0.0,0.0,0.0
2019-06-18 00:00:00-04:00,11.210372670791314,11.438160196640329,11.210372670791314,11.32426643371582,168300,0.0,0.0,0.0
2019-06-19 00:00:00-04:00,11.34867157038954,11.364942439889237,11.194102189331211,11.242913246154785,68300,0.0,0.0,0.0
2019-06-20 00:00:00-04:00,11.511375196939571,11.682215429847826,11.470699579068109,11.5276460647583,171200,0.0,0.0,0.0
2019-06-21 00:00:00-04:00,11.543915476475052,11.617132825669392,11.438157945236153,11.486968994140625,154500,0.0,0.0,0.0
2019-06-24 00:00:00-04:00,11.519510918869596,11.600863708321933,11.364941549915395,11.389347076416016,136900,0.0,0.0,0.0
2019-06-25 00:00:00-04:00,11.373076451432985,11.381211885719756,11.267318909055827,11.275453567504883,77000,0.0,0.0,0.0
2019-06-26 00:00:00-04:00,11.430025457275809,11.674083092203693,11.38934905548152,11.609001159667969,121800,0.0,0.0,0.0
2019-06-27 00:00:00-04:00,11.617133099516462,11.690350450436732,11.519510223568652,11.543915748596191,83200,0.0,0.0,0.0
2019-06-28 00:00:00-04:00,11.625268609613977,11.787973403930664,11.584592217075391,11.787973403930664,63900,0.0,0.0,0.0
2019-07-01 00:00:00-04:00,11.999490675210003,12.056437162349717,11.69035116132441,11.755433082580566,201100,0.0,0.0,0.0
2019-07-02 00:00:00-04:00,11.763567572984764,11.763567572984764,11.307993384901632,11.364940643310547,148200,0.0,0.0,0.0
2019-07-03 00:00:00-04:00,11.438158310947653,11.438158310947653,11.324264566799647,11.397481918334961,103500,0.0,0.0,0.0
2019-07-05 00:00:00-04:00,11.389345580246092,11.584591318277859,11.389345580246092,11.568321228027344,133000,0.0,0.0,0.0
2019-07-08 00:00:00-04:00,11.511374886645308,11.674080457096077,11.397481918334961,11.397481918334961,123400,0.0,0.0,0.0
2019-07-09 00:00:00-04:00,11.39748251052879,11.405617944641563,11.20223674684842,11.389347076416016,116100,0.0,0.0,0.0
2019-07-10 00:00:00-04:00,11.535784277792597,11.674083584219229,11.495107874283963,11.649677276611328,147100,0.0,0.0,0.0
2019-07-11 00:00:00-04:00,11.674080457096077,11.706621416018699,11.364940959412339,11.397481918334961,183100,0.0,0.0,0.0
2019-07-12 00:00:00-04:00,11.430022601784321,11.495104518061035,11.348669818519609,11.43815803527832,76700,0.0,0.0,0.0
2019-07-15 00:00:00-04:00,11.470701524386138,11.49510705441549,11.161561965942383,11.161561965942383,119200,0.0,0.0,0.0
2019-07-16 00:00:00-04:00,11.169697813154086,11.169697813154086,10.803611720433803,10.90123462677002,237700,0.0,0.0,0.0
2019-07-17 00:00:00-04:00,10.89309755627584,10.909367649146384,10.575822599004136,10.592093467712402,297100,0.0,0.0,0.0
2019-07-18 00:00:00-04:00,10.575821286320915,10.575821286320915,10.429386589473046,10.486333847045898,300500,0.0,0.0,0.0
2019-07-19 00:00:00-04:00,10.543281867910013,10.608363792490378,10.4293881119755,10.575822830200195,208500,0.0,0.0,0.0
2019-07-22 00:00:00-04:00,10.60836410522461,10.73852795822257,10.51074121547614,10.60836410522461,181400,0.0,0.0,0.0
2019-07-23 00:00:00-04:00,10.63276966425899,10.689716931987576,10.53514677422997,10.681581497192383,148400,0.0,0.0,0.0
2019-07-24 00:00:00-04:00,10.64904089327454,10.884963079433598,10.64904089327454,10.689717292785645,151600,0.0,0.0,0.0
2019-07-25 00:00:00-04:00,10.762933217990701,10.762933217990701,10.258547912297312,10.282954216003418,215800,0.0,0.0,0.0
2019-07-26 00:00:00-04:00,10.250413440201397,10.258548099080468,9.99008496012718,10.022625923156738,284100,0.0,0.0,0.0
2019-07-29 00:00:00-04:00,10.047030918461664,10.063301009938028,9.746026079853527,9.819243431091309,477300,0.0,0.0,0.0
2019-07-30 00:00:00-04:00,9.843651069297822,10.527011296728704,9.762298273351455,10.43752384185791,342500,0.0,0.0,0.0
2019-07-31 00:00:00-04:00,10.478200811775963,10.787340367073446,10.37244248160805,10.52701187133789,414100,0.0,0.0,0.0
2019-08-01 00:00:00-04:00,10.388710795505892,10.388710795505892,9.762296403856386,9.900595664978027,541600,0.0,0.0,0.0
2019-08-02 00:00:00-04:00,10.006360053445503,10.136523960508521,9.71349048671563,9.859925270080566,262400,0.0,0.0,0.0
2019-08-05 00:00:00-04:00,9.65654121919815,9.65654121919815,9.371807947606971,9.420619010925293,586700,0.0,0.0,0.0
2019-08-06 00:00:00-04:00,9.51824033249691,9.591457691151444,9.119613352975268,9.257912635803223,562800,0.0,0.0,0.0
2019-08-07 00:00:00-04:00,9.095207160243664,9.322993878192761,8.908096060050076,9.217235565185547,774900,0.0,0.0,0.0
2019-08-08 00:00:00-04:00,9.306725236786104,9.428754446757635,9.217237770143939,9.420619010925293,615700,0.0,0.0,0.0
2019-08-09 00:00:00-04:00,9.469430881645158,9.534512816845094,9.266049640185889,9.322996139526367,766200,0.0,0.0,0.0
2019-08-12 00:00:00-04:00,9.314858444306589,9.314858444306589,9.111477252178332,9.217235565185547,501500,0.0,0.0,0.0
2019-08-13 00:00:00-04:00,9.20096483826257,9.510103546225702,9.103341190041174,9.249775886535645,507200,0.0,0.0,0.0
2019-08-14 00:00:00-04:00,9.03012518510455,9.03012518510455,8.704714814204848,8.777932167053223,895700,0.0,0.0,0.0
2019-08-15 00:00:00-04:00,8.737253189086914,8.794200433255087,8.615224820996083,8.737253189086914,709300,0.0,0.0,0.0
2019-08-16 00:00:00-04:00,8.77793306926686,9.095208038940752,8.737256671743886,9.070801734924316,699600,0.0,0.0,0.0
2019-08-19 00:00:00-04:00,9.217235595567871,9.412481354453533,9.192830069666584,9.388075828552246,423200,0.0,0.0,0.0
2019-08-20 00:00:00-04:00,9.37994196469204,9.37994196469204,9.192831608400075,9.282319068908691,284900,0.0,0.0,0.0
2019-08-21 00:00:00-04:00,9.396212284816015,9.51010526863922,9.233507468041601,9.266048431396484,415300,0.0,0.0,0.0
2019-08-22 00:00:00-04:00,9.306723909552263,9.33926487240309,9.054531641417778,9.070801734924316,250500,0.0,0.0,0.0
2019-08-23 00:00:00-04:00,8.948771422590694,9.005717901557334,8.664037476082319,8.68030834197998,401200,0.0,0.0,0.0
2019-08-26 00:00:00-04:00,8.834877600608383,8.90809494474165,8.704713778077057,8.729119300842285,387700,0.0,0.0,0.0
2019-08-27 00:00:00-04:00,8.80233442879787,8.826740721255867,8.598953313338862,8.672170639038086,313300,0.0,0.0,0.0
2019-08-28 00:00:00-04:00,8.76166276652161,9.062666859662885,8.737256463088025,8.989449501037598,383600,0.0,0.0,0.0
2019-08-29 00:00:00-04:00,9.087071764178576,9.34739944291819,9.087071764178576,9.29045295715332,388000,0.0,0.0,0.0
2019-08-30 00:00:00-04:00,9.290451628987194,9.306721718663603,9.00571768919314,9.08707046508789,410300,0.0,0.0,0.0
2019-09-03 00:00:00-04:00,8.948774985331601,8.973180518056985,8.729122863289453,8.916234016418457,294500,0.0,0.0,0.0
2019-09-04 00:00:00-04:00,9.08707136944333,9.274181686450081,9.062665844581067,9.209099769592285,361900,0.0,0.0,0.0
2019-09-05 00:00:00-04:00,9.322996108450788,9.583323848382804,9.314860672618446,9.420619010925293,552500,0.0,0.0,0.0
2019-09-06 00:00:00-04:00,9.371805333659466,9.371805333659466,9.119612324062622,9.306722640991211,235400,0.0,0.0,0.0
2019-09-09 00:00:00-04:00,9.461298110740556,9.876196146382487,9.43689257212576,9.859925270080566,411300,0.0,0.0,0.0
2019-09-10 00:00:00-04:00,9.973815167726473,10.234142879824462,9.819245006789956,9.884326934814453,772800,0.0,0.0,0.0
2019-09-11 00:00:00-04:00,9.965679217056817,10.217872256979513,9.786703536332249,9.94127368927002,1231500,0.0,0.0,0.0
2019-09-12 00:00:00-04:00,9.737889289855957,9.92499956797217,9.583319187567577,9.737889289855957,828300,0.0,0.0,0.0
2019-09-13 00:00:00-04:00,9.827379804889542,10.02262557631014,9.746027012212094,9.91686725616455,766500,0.0,0.0,0.0
2019-09-16 00:00:00-04:00,10.738528012183636,11.104614044539419,10.502605833479885,11.023262023925781,2117300,0.0,0.0,0.0
2019-09-17 00:00:00-04:00,10.950043873439194,10.950043873439194,10.44565858895491,10.49446964263916,1738400,0.0,0.0,0.0
2019-09-18 00:00:00-04:00,10.364303902726629,10.45379211117649,10.250410947735995,10.299221992492676,955700,0.0,0.0,0.0
2019-09-19 00:00:00-04:00,10.421254043176186,10.453795007308349,10.071438096877083,10.128384590148926,652100,0.0,0.0,0.0
2019-09-20 00:00:00-04:00,10.160924366231653,10.250412589010176,10.063301485249555,10.144654273986816,685700,0.0,0.0,0.0
2019-09-23 00:00:00-04:00,10.087708600343264,10.152790531248357,9.998221139308214,10.112114906311035,286200,0.0,0.0,0.0
2019-09-24 00:00:00-04:00,10.055169170712055,10.063304607277248,9.69721849606084,9.78670597076416,601000,0.0,0.0,0.0
2019-09-25 00:00:00-04:00,9.656214806519905,9.762237527274626,9.56650285477041,9.729615211486816,739400,0.03,0.0,0.0
2019-09-26 00:00:00-04:00,9.6562155233078,9.6562155233078,9.378925429639295,9.48494815826416,640500,0.0,0.0,0.0
2019-09-27 00:00:00-04:00,9.346303092512581,9.542037001372735,9.305525000389029,9.452325820922852,454200,0.0,0.0,0.0
2019-09-30 00:00:00-04:00,9.370768573858914,9.411546661357484,9.281057403583922,9.346302032470703,377700,0.0,0.0,0.0
2019-10-01 00:00:00-04:00,9.378926935662777,9.501260454147362,8.97114750367744,8.995614051818848,451700,0.0,0.0,0.0
2019-10-02 00:00:00-04:00,8.93852016651508,9.085320928576447,8.73463056488634,8.7590970993042,731100,0.0,0.0,0.0
2019-10-03 00:00:00-04:00,8.669388086600144,8.922210819239845,8.571521147083747,8.914055824279785,790400,0.0,0.0,0.0
2019-10-04 00:00:00-04:00,8.90590181206589,8.97114645130775,8.718322890912452,8.8895902633667,544800,0.0,0.0,0.0
2019-10-07 00:00:00-04:00,8.962990685371583,8.962990685371583,8.693856353801914,8.742790222167969,418600,0.0,0.0,0.0
2019-10-08 00:00:00-04:00,8.636765169581249,8.644920941748389,8.416563987731934,8.416563987731934,511600,0.0,0.0,0.0
2019-10-09 00:00:00-04:00,8.555208108299942,8.555208108299942,8.326851955954515,8.400252342224121,338600,0.0,0.0,0.0
2019-10-10 00:00:00-04:00,8.432876510298437,8.522587681211938,8.326853793158481,8.449187278747559,528800,0.0,0.0,0.0
2019-10-11 00:00:00-04:00,8.547053538532635,8.718320871312791,8.547053538532635,8.636765480041504,415100,0.0,0.0,0.0
2019-10-14 00:00:00-04:00,8.555210018749394,8.555210018749394,8.294231500647378,8.481809616088867,236400,0.0,0.0,0.0
2019-10-15 00:00:00-04:00,8.457343146105872,8.726477439622828,8.351320427784442,8.522587776184082,398900,0.0,0.0,0.0
2019-10-16 00:00:00-04:00,8.514431022557876,8.653076039953675,8.432875633239746,8.432875633239746,213900,0.0,0.0,0.0
2019-10-17 00:00:00-04:00,8.457344055175781,8.52258869226706,8.351321325458095,8.457344055175781,212500,0.0,0.0,0.0
2019-10-18 00:00:00-04:00,8.489965230134105,8.53889909024995,8.196364402770996,8.196364402770996,484700,0.0,0.0,0.0
2019-10-21 00:00:00-04:00,8.180052008586275,8.310541251661181,8.139273925681056,8.269763946533203,295400,0.0,0.0,0.0
2019-10-22 00:00:00-04:00,8.310537595999387,8.53073868015857,8.163737651003494,8.37578296661377,517400,0.0,0.0,0.0
2019-10-23 00:00:00-04:00,8.37578884529678,8.68570048990289,8.237143793762627,8.579678535461426,700400,0.0,0.0,0.0
2019-10-24 00:00:00-04:00,8.677544456661495,8.702010998780441,8.424720928841237,8.538899421691895,565500,0.0,0.0,0.0
2019-10-25 00:00:00-04:00,8.522586999437515,8.775410501281316,8.457342375305684,8.750943183898926,578500,0.0,0.0,0.0
2019-10-28 00:00:00-04:00,8.824345510202967,8.93852401629091,8.595989275804524,8.604145050048828,433800,0.0,0.0,0.0
2019-10-29 00:00:00-04:00,8.612298235364342,8.954832095104747,8.52258630120003,8.873276710510254,501900,0.0,0.0,0.0
2019-10-30 00:00:00-04:00,8.987455785184084,9.020078096765737,8.514431100584215,8.530742645263672,674400,0.0,0.0,0.0
2019-10-31 00:00:00-04:00,8.58783055816032,8.63676440907708,8.310540551112089,8.506275177001953,484400,0.0,0.0,0.0
2019-11-01 00:00:00-04:00,8.571520072282336,8.832498544934742,8.52258621977141,8.775409698486328,366100,0.0,0.0,0.0
2019-11-04 00:00:00-05:00,8.954835246979721,9.378926196138297,8.954835246979721,9.305525779724121,717700,0.0,0.0,0.0
2019-11-05 00:00:00-05:00,9.476791239807655,9.656214357180056,9.305523895447026,9.338146209716797,619000,0.0,0.0,0.0
2019-11-06 00:00:00-05:00,9.321837245105657,9.509415394006053,9.117947547025672,9.142414093017578,545900,0.0,0.0,0.0
2019-11-07 00:00:00-05:00,9.281057281503099,9.468635392640905,9.21581265347453,9.297368049621582,407900,0.0,0.0,0.0
2019-11-08 00:00:00-05:00,9.191346158208768,9.37892427028128,9.06085612372408,9.3626127243042,466900,0.0,0.0,0.0
2019-11-11 00:00:00-05:00,9.19134689261983,9.264746522049544,9.028234530925223,9.03639030456543,720700,0.0,0.0,0.0
2019-11-12 00:00:00-05:00,9.093481022162024,9.17503721967011,8.922213629617081,8.995614051818848,493300,0.0,0.0,0.0
2019-11-13 00:00:00-05:00,8.938523151347388,9.003767783433492,8.816189660630283,8.856966972351074,470800,0.0,0.0,0.0
2019-11-14 00:00:00-05:00,8.873275556216052,8.971142471664594,8.71831902342303,8.7590970993042,791800,0.0,0.0,0.0
2019-11-15 00:00:00-05:00,8.783568372969476,8.979302292144364,8.783568372969476,8.930368423461914,439800,0.0,0.0,0.0
2019-11-18 00:00:00-05:00,8.873278349167752,8.873278349167752,8.514432101795599,8.538899421691895,610200,0.0,0.0,0.0
2019-11-19 00:00:00-05:00,8.465498658311763,8.489965199392433,8.261609001159101,8.27791976928711,472700,0.0,0.0,0.0
2019-11-20 00:00:00-05:00,8.302387233364975,8.53889920868788,8.163742201853893,8.359476089477539,502500,0.0,0.0,0.0
2019-11-21 00:00:00-05:00,8.408411014590937,8.473655652057346,8.277920961880687,8.465499877929688,522500,0.0,0.0,0.0
2019-11-22 00:00:00-05:00,8.489966525991967,8.644923125196028,8.39209956859977,8.57152271270752,602800,0.0,0.0,0.0
2019-11-25 00:00:00-05:00,8.44103163226921,8.669387817382812,8.44103163226921,8.669387817382812,388600,0.0,0.0,0.0
2019-11-26 00:00:00-05:00,8.661232717474881,8.661232717474881,8.367631885243936,8.392098426818848,540300,0.0,0.0,0.0
2019-11-27 00:00:00-05:00,8.408409071703947,8.51443099975586,8.351319443779166,8.51443099975586,417300,0.0,0.0,0.0
2019-11-29 00:00:00-05:00,8.375786575505272,8.424719652328827,8.277918866303695,8.2860746383667,221500,0.0,0.0,0.0
2019-12-02 00:00:00-05:00,8.375786623956031,8.416563928952463,8.21267429286135,8.237141609191895,549400,0.0,0.0,0.0
2019-12-03 00:00:00-05:00,8.180052759979432,8.253453160395699,8.041407732032551,8.122963905334473,536700,0.0,0.0,0.0
2019-12-04 00:00:00-05:00,8.245298654336183,8.473655663555922,8.228987883836162,8.408411026000977,734700,0.0,0.0,0.0
2019-12-05 00:00:00-05:00,8.47365256285771,8.555207941069748,8.294229486347795,8.318696022033691,582900,0.0,0.0,0.0
2019-12-06 00:00:00-05:00,8.343165642332714,8.653078060783605,8.318699097601112,8.620455741882324,578800,0.0,0.0,0.0
2019-12-09 00:00:00-05:00,8.563365303918172,8.881433438063528,8.522587218344055,8.81618881225586,410900,0.0,0.0,0.0
2019-12-10 00:00:00-05:00,8.832498657042132,8.962987895024582,8.808032119364725,8.905899047851562,465700,0.0,0.0,0.0
2019-12-11 00:00:00-05:00,8.897743168618621,8.971143558541954,8.824342778695291,8.832498550415039,326000,0.0,0.0,0.0
2019-12-12 00:00:00-05:00,8.88143188115138,9.232121488947508,8.88143188115138,9.20765495300293,721400,0.0,0.0,0.0
2019-12-13 00:00:00-05:00,9.244766443926867,9.294248144551881,8.956124894331673,8.97261905670166,468400,0.125,0.0,0.0
2019-12-16 00:00:00-05:00,9.079831644249564,9.343732034332502,9.079831644249564,9.253016471862793,628900,0.0,0.0,0.0
2019-12-17 00:00:00-05:00,9.302494910240215,9.516914312996485,9.253013993594916,9.483926773071289,522300,0.0,0.0,0.0
2019-12-18 00:00:00-05:00,9.459185233681522,9.706592148087458,9.450938153021514,9.632369995117188,420100,0.0,0.0,0.0
2019-12-19 00:00:00-05:00,9.657111678704585,9.830296462164112,9.607629974936863,9.797308921813965,420000,0.0,0.0,0.0
2019-12-20 00:00:00-05:00,9.82204861926833,9.838542781407643,9.599382935782177,9.681851387023926,356200,0.0,0.0,0.0
2019-12-23 00:00:00-05:00,9.681852400982532,9.978741058703134,9.648864859734134,9.962246894836426,287600,0.0,0.0,0.0
2019-12-24 00:00:00-05:00,10.0034827693739,10.052963694193654,9.929260595659148,9.970495223999023,324300,0.0,0.0,0.0
2019-12-26 00:00:00-05:00,10.011728947148555,10.127184952279338,9.986987700490488,10.0034818649292,423200,0.0,0.0,0.0
2019-12-27 00:00:00-05:00,10.077705750505826,10.077705750505826,9.75607656746829,9.780817031860352,263600,0.0,0.0,0.0
2019-12-30 00:00:00-05:00,9.846790080440998,9.896271785421515,9.75607453887591,9.772568702697754,376300,0.0,0.0,0.0
2019-12-31 00:00:00-05:00,9.731336494572572,9.995236889331894,9.632373846537826,9.945755958557129,329100,0.0,0.0,0.0
2020-01-02 00:00:00-05:00,10.044717145562084,10.044717145562084,9.756075540913823,9.805557250976562,342700,0.0,0.0,0.0
2020-01-03 00:00:00-05:00,10.102441901086065,10.143676515122161,9.92101007121815,10.011726379394531,641900,0.0,0.0,0.0
2020-01-06 00:00:00-05:00,10.118938152365082,10.160171988437272,10.019974743633801,10.11069107055664,314700,0.0,0.0,0.0
2020-01-07 00:00:00-05:00,10.118939356669554,10.275629997253418,10.077704729204822,10.275629997253418,197500,0.0,0.0,0.0
2020-01-08 00:00:00-05:00,10.242639548141819,10.27562708346253,9.78906034761838,9.871529579162598,564800,0.0,0.0,0.0
2020-01-09 00:00:00-05:00,9.855037532589382,9.855037532589382,9.541655486566254,9.756074905395508,392700,0.0,0.0,0.0
2020-01-10 00:00:00-05:00,9.723088585620097,9.723088585620097,9.591138399436284,9.673606872558594,337600,0.0,0.0,0.0
2020-01-13 00:00:00-05:00,9.624125085669457,9.624125085669457,9.434446120122011,9.54990291595459,587300,0.0,0.0,0.0
2020-01-14 00:00:00-05:00,9.541656686374782,9.739582752135647,9.500422843056201,9.673606872558594,363100,0.0,0.0,0.0
2020-01-15 00:00:00-05:00,9.624122855857179,9.640616230591869,9.516913167384562,9.599382400512695,597700,0.0,0.0,0.0
2020-01-16 00:00:00-05:00,9.648865842494308,9.789063103700682,9.549903208669532,9.558150291442871,607300,0.0,0.0,0.0
2020-01-17 00:00:00-05:00,9.632370927614902,9.632370927614902,9.368469826341018,9.384963989257812,487600,0.0,0.0,0.0
2020-01-21 00:00:00-05:00,9.2695069009969,9.31074152043692,8.97261905670166,8.97261905670166,409000,0.0,0.0,0.0
2020-01-22 00:00:00-05:00,8.939632519406608,8.939632519406608,8.741707267714995,8.758200645446777,835900,0.0,0.0,0.0
2020-01-23 00:00:00-05:00,8.659239184440985,8.716967193995345,8.510794832461036,8.642745018005371,501300,0.0,0.0,0.0
2020-01-24 00:00:00-05:00,8.593263072189995,8.593263072189995,8.288128107697727,8.42007827758789,483900,0.0,0.0,0.0
2020-01-27 00:00:00-05:00,8.197412315366053,8.279881570215823,8.114943847001385,8.15617847442627,853000,0.0,0.0,0.0
2020-01-28 00:00:00-05:00,8.205658546109621,8.2798807104705,8.114943004382447,8.222152709960938,526600,0.0,0.0,0.0
2020-01-29 00:00:00-05:00,8.28812721524502,8.337608130383277,8.048967361450195,8.048967361450195,524500,0.0,0.0,0.0
2020-01-30 00:00:00-05:00,7.90877236216479,8.040722555181418,7.859290646540959,8.032475471496582,691700,0.0,0.0,0.0
2020-01-31 00:00:00-05:00,7.9252647342591676,7.93351181689425,7.760327013982954,7.859289646148682,707700,0.0,0.0,0.0
2020-02-03 00:00:00-05:00,7.859290645795538,7.9252657422975945,7.743834620159532,7.752080917358398,532100,0.0,0.0,0.0
2020-02-04 00:00:00-05:00,7.925263718786103,7.941757881942852,7.752078938065169,7.776820182800293,461900,0.0,0.0,0.0
2020-02-05 00:00:00-05:00,7.917017705464088,8.24689311548967,7.917017705464088,8.189165115356445,570900,0.0,0.0,0.0
2020-02-06 00:00:00-05:00,8.205657674530812,8.205657674530812,7.991238286148777,8.040719985961914,348000,0.0,0.0,0.0
2020-02-07 00:00:00-05:00,7.958253771755985,7.958253771755985,7.8427977391387635,7.892278671264648,999300,0.0,0.0,0.0
2020-02-10 00:00:00-05:00,7.826301851304076,7.826301851304076,7.611882428573401,7.644870758056641,736900,0.0,0.0,0.0
2020-02-11 00:00:00-05:00,7.776820627214159,7.8263015465420676,7.669610920023647,7.6861042976379395,677800,0.0,0.0,0.0
2020-02-12 00:00:00-05:00,7.818055396389826,7.958252662005203,7.719092759452818,7.7933149337768555,439400,0.0,0.0,0.0
2020-02-13 00:00:00-05:00,7.752081455758893,7.900525826440931,7.686106354674709,7.735588073730469,549300,0.0,0.0,0.0
2020-02-14 00:00:00-05:00,7.793314443714934,7.793314443714934,7.57064872122969,7.603636264801025,697600,0.0,0.0,0.0
2020-02-18 00:00:00-05:00,7.554153316320922,7.6201283926349515,7.496425321167383,7.595387935638428,418500,0.0,0.0,0.0
2020-02-19 00:00:00-05:00,7.686104925069218,7.826302185417913,7.644871084424975,7.785067558288574,471100,0.0,0.0,0.0
2020-02-20 00:00:00-05:00,7.842796350863688,7.9417589840830445,7.785067558288574,7.785067558288574,667400,0.0,0.0,0.0
2020-02-21 00:00:00-05:00,7.6778547135718815,7.710842241156612,7.512916289163532,7.611878871917725,648200,0.0,0.0,0.0
2020-02-24 00:00:00-05:00,7.3232402895163045,7.3232402895163045,7.125315067593276,7.216030597686768,842200,0.0,0.0,0.0
2020-02-25 00:00:00-05:00,7.249020637410331,7.249020637410331,6.712972779676156,6.8119354248046875,1375500,0.0,0.0,0.0
2020-02-26 00:00:00-05:00,6.836675482982731,6.886157195847598,6.449071615986808,6.457318305969238,1344000,0.0,0.0,0.0
2020-02-27 00:00:00-05:00,6.086207068825631,6.333613620459296,5.863540975734083,6.061466217041016,1296900,0.0,0.0,0.0
2020-02-28 00:00:00-05:00,5.822308086480933,6.284134180206157,5.748085902282064,6.275887489318848,1761800,0.0,0.0,0.0
2020-03-02 00:00:00-05:00,6.449071120833986,6.449071120833986,6.094454434237447,6.317120552062988,1343600,0.0,0.0,0.0
2020-03-03 00:00:00-05:00,6.317120400982931,6.416083423505019,5.987244970051081,6.094454288482666,1759200,0.0,0.0,0.0
2020-03-04 00:00:00-05:00,6.251144365589607,6.284131903673789,6.00373782995824,6.110947132110596,675000,0.0,0.0,0.0
2020-03-05 00:00:00-05:00,5.987245140401466,6.053220228464974,5.830554109629364,5.896529197692871,684300,0.0,0.0,0.0
2020-03-06 00:00:00-05:00,5.632628683665421,5.731591319827486,5.278012374130075,5.343987464904785,991400,0.0,0.0,0.0
2020-03-09 00:00:00-04:00,4.148187501846806,4.3873473760251445,3.8183116912841797,3.8183116912841797,3609500,0.0,0.0,0.0
2020-03-10 00:00:00-04:00,4.1234468386666085,4.230656550850148,3.537917356116547,4.057471752166748,11232500,0.0,0.0,0.0
2020-03-11 00:00:00-04:00,3.8842858343608637,3.999742202470864,3.653372704898442,3.7275948524475098,7353800,0.0,0.0,0.0
2020-03-12 00:00:00-04:00,3.405967098819539,3.719349145180241,3.3647324741564115,3.496682643890381,2648800,0.0,0.0,0.0
2020-03-13 00:00:00-04:00,3.760582055189811,4.148186132448986,3.4224596674362893,4.007988929748535,4265500,0.0,0.0,0.0
2020-03-16 00:00:00-04:00,3.620385971464638,4.181174955592993,3.513176659712901,3.7688302993774414,1689800,0.0,0.0,0.0
2020-03-17 00:00:00-04:00,3.826559014526659,3.8348060979482588,3.6038928742970224,3.653374195098877,1479100,0.0,0.0,0.0
2020-03-18 00:00:00-04:00,3.4059672679545656,3.570904988312577,3.133819636121302,3.298757553100586,2406500,0.0,0.0,0.0
2020-03-19 00:00:00-04:00,3.3399919168160057,3.562658018387572,3.2410290957723893,3.529670476913452,2017200,0.0,0.0,0.0
2020-03-20 00:00:00-04:00,3.612139381243225,3.7193490891585195,3.397719965412637,3.4636950492858887,1357800,0.0,0.0,0.0
2020-03-23 00:00:00-04:00,3.480189706688644,3.504930566064084,3.175054669433058,3.232783079147339,879500,0.0,0.0,0.0
2020-03-24 00:00:00-04:00,3.4059675464938275,3.628633683808002,3.2575233894106153,3.6203866004943848,2094200,0.0,0.0,0.0
2020-03-25 00:00:00-04:00,3.6286323070526123,3.834804592757392,3.438953788474518,3.6286323070526123,2199600,0.0,0.0,0.0
2020-03-26 00:00:00-04:00,3.685460823029561,3.83588805564001,3.493248557968189,3.57681941986084,1950100,0.058,0.0,0.0
2020-03-27 00:00:00-04:00,3.4932486696867504,3.4932486696867504,3.3093936443328857,3.3093936443328857,1102300,0.0,0.0,0.0
2020-03-30 00:00:00-04:00,3.301036116815893,3.3344642983738986,3.1171809189991846,3.2926790714263916,872900,0.0,0.0,0.0
2020-03-31 00:00:00-04:00,3.4096782687952314,3.5183200760106246,3.3678932342092196,3.4681777954101562,429900,0.0,0.0,0.0
2020-04-01 00:00:00-04:00,3.3428218392842886,3.476534585337127,3.2759654662578694,3.3595359325408936,684200,0.0,0.0,0.0
2020-04-02 00:00:00-04:00,3.509962204371073,3.927814866724551,3.4347489961242865,3.6436753273010254,1189800,0.0,0.0,0.0
2020-04-03 00:00:00-04:00,3.8108170472783205,3.860959329657523,3.576819729508709,3.852602481842041,562500,0.0,0.0,0.0
2020-04-06 00:00:00-04:00,3.886030687070174,4.0197434406654775,3.7857461218736965,4.0030293464660645,944500,0.0,0.0,0.0
2020-04-07 00:00:00-04:00,4.170170106612328,4.379096474242093,4.1200278262006345,4.161813259124756,1784500,0.0,0.0,0.0
2020-04-08 00:00:00-04:00,4.270455643259195,4.537881174941806,4.203599260338542,4.529524326324463,2388900,0.0,0.0,0.0
2020-04-09 00:00:00-04:00,4.755165309767461,5.097804506923532,4.387454767175218,4.629809379577637,3175400,0.0,0.0,0.0
2020-04-13 00:00:00-04:00,4.788592536815407,4.888877101299552,4.638165690089191,4.780235290527344,2494800,0.0,0.0,0.0
2020-04-14 00:00:00-04:00,4.780234810021452,4.830377485718653,4.646522070816638,4.76352071762085,1176100,0.0,0.0,0.0
2020-04-15 00:00:00-04:00,4.52952367359559,4.679950513489737,4.395810927023015,4.67159366607666,893400,0.0,0.0,0.0
2020-04-16 00:00:00-04:00,4.679950403547523,4.679950403547523,4.496095381329386,4.504452228546143,448300,0.0,0.0,0.0
2020-04-17 00:00:00-04:00,4.554593564294407,4.87216166268616,4.554593564294407,4.863804817199707,1048600,0.0,0.0,0.0
2020-04-20 00:00:00-04:00,4.562953457399922,5.173018674920295,4.562953457399922,5.0643768310546875,1912900,0.0,0.0,0.0
2020-04-21 00:00:00-04:00,4.939017499638468,5.2398714768307695,4.939017499638468,5.1897292137146,5373900,0.0,0.0,0.0
2020-04-22 00:00:00-04:00,5.390299778688102,5.49894157850548,5.214801609289383,5.306729316711426,2634500,0.0,0.0,0.0
2020-04-23 00:00:00-04:00,5.482229031981805,5.7162267899942725,5.381944449331679,5.50730037689209,1808700,0.0,0.0,0.0
2020-04-24 00:00:00-04:00,5.6827961671093545,5.799794796865891,5.390298994975007,5.5908684730529785,1196000,0.0,0.0,0.0
2020-04-27 00:00:00-04:00,5.473871441943026,5.682797826772982,5.214802374077881,5.632655143737793,1088700,0.0,0.0,0.0
2020-04-28 00:00:00-04:00,5.7162260164661385,5.7663683010058735,5.473871441943026,5.632655143737793,1005200,0.0,0.0,0.0
2020-04-29 00:00:00-04:00,5.7747246400281185,6.301219179017871,5.7747246400281185,6.259433746337891,1592100,0.0,0.0,0.0
2020-04-30 00:00:00-04:00,6.351361088324407,6.5352165031877725,6.04215017973058,6.409860610961914,2166200,0.0,0.0,0.0
2020-05-01 00:00:00-04:00,6.259434404091257,6.334648031420648,5.8499388741767095,5.933509349822998,1385900,0.0,0.0,0.0
2020-05-04 00:00:00-04:00,5.8081535219664975,6.142435827931184,5.7162261966601955,6.1340789794921875,1030400,0.0,0.0,0.0
2020-05-05 00:00:00-04:00,6.4767178322389265,6.501789173379139,6.008722785083697,6.042150974273682,1502500,0.0,0.0,0.0
2020-05-06 00:00:00-04:00,6.067221225159006,6.14243443807324,5.8248662993386375,5.841580390930176,1356200,0.0,0.0,0.0
2020-05-07 00:00:00-04:00,6.000365525024705,6.1090073388952,5.849938674008561,5.891724109649658,950800,0.0,0.0,0.0
2020-05-08 00:00:00-04:00,6.008722143527734,6.20929125725272,5.975293957906904,6.200934410095215,947600,0.0,0.0,0.0
2020-05-11 00:00:00-04:00,6.142435541843635,6.2594342040085795,6.042150974273682,6.042150974273682,822900,0.0,0.0,0.0
2020-05-12 00:00:00-04:00,6.117364314734558,6.2594339129378715,6.008722505671351,6.0170793533325195,867300,0.0,0.0,0.0
2020-05-13 00:00:00-04:00,6.017079723704549,6.017079723704549,5.515656479811745,5.632655143737793,1407200,0.0,0.0,0.0
2020-05-14 00:00:00-04:00,5.515656282026309,5.741296753611621,5.2816589625651025,5.607583999633789,1494500,0.0,0.0,0.0
2020-05-15 00:00:00-04:00,5.615939456659313,5.82486578225445,5.565797186335922,5.724581241607666,1120000,0.0,0.0,0.0
2020-05-18 00:00:00-04:00,6.083935965170059,6.284505085644963,6.042150532490077,6.259433746337891,1255800,0.0,0.0,0.0
2020-05-19 00:00:00-04:00,6.309576893881976,6.309576893881976,6.117364606560533,6.125721454620361,804500,0.0,0.0,0.0
2020-05-20 00:00:00-04:00,6.267791078130682,6.443289260197975,6.226005644878308,6.309576511383057,882800,0.0,0.0,0.0
2020-05-21 00:00:00-04:00,6.368075639741871,6.4349320141493305,6.192577457674578,6.309576511383057,769200,0.0,0.0,0.0
2020-05-22 00:00:00-04:00,6.259433564589733,6.3680753676068385,6.142434914376531,6.351361274719238,672600,0.0,0.0,0.0
2020-05-26 00:00:00-04:00,6.518502924450913,6.67728661548776,6.4265752097752955,6.6104302406311035,1008400,0.0,0.0,0.0
2020-05-27 00:00:00-04:00,6.710714602094996,6.710714602094996,6.351361398746553,6.6187872886657715,1216600,0.0,0.0,0.0
2020-05-28 00:00:00-04:00,6.568645660369911,6.643858888043282,6.3095769906161765,6.343005180358887,784000,0.0,0.0,0.0
2020-05-29 00:00:00-04:00,6.326290507306346,6.326290507306346,6.109006895341559,6.192577362060547,943000,0.0,0.0,0.0
2020-06-01 00:00:00-04:00,6.184219885862891,6.426574413954545,6.075578090926528,6.368074893951416,624900,0.0,0.0,0.0
2020-06-02 00:00:00-04:00,6.401503869956335,6.6104302406311035,6.401503869956335,6.6104302406311035,806600,0.0,0.0,0.0
2020-06-03 00:00:00-04:00,6.702358725543044,6.7441433644028645,6.602073759200406,6.7357869148254395,933600,0.0,0.0,0.0
2020-06-04 00:00:00-04:00,6.660573093229522,6.852785386681327,6.593716712636801,6.827714443206787,854900,0.0,0.0,0.0
2020-06-05 00:00:00-04:00,7.178710060427803,7.6634191655960535,7.178710060427803,7.64670467376709,1925300,0.0,0.0,0.0
2020-06-08 00:00:00-04:00,8.064558223334473,8.67462368810711,7.947559956631633,8.666266441345215,2855000,0.0,0.0,0.0
2020-06-09 00:00:00-04:00,8.256770304794632,8.256770304794632,7.8974166904521965,8.047843933105469,2668000,0.0,0.0,0.0
2020-06-10 00:00:00-04:00,7.905775789842448,7.905775789842448,7.42106655765898,7.4628520011901855,2651200,0.0,0.0,0.0
2020-06-11 00:00:00-04:00,6.785927847087903,7.212137798315282,6.685643293326894,6.769214153289795,1612600,0.0,0.0,0.0
2020-06-12 00:00:00-04:00,7.203781305874546,7.245566740223494,6.802643048902733,7.02828311920166,1173800,0.0,0.0,0.0
2020-06-15 00:00:00-04:00,6.68564407871438,7.237209587689775,6.577002266796366,7.14528226852417,2642700,0.0,0.0,0.0
2020-06-16 00:00:00-04:00,7.49627698577879,7.5380624114122785,7.111852504533962,7.287350654602051,2946200,0.0,0.0,0.0
2020-06-17 00:00:00-04:00,7.30406586588044,7.30406586588044,6.994854927062988,6.994854927062988,826600,0.0,0.0,0.0
2020-06-18 00:00:00-04:00,6.8695001621018275,7.220496573106436,6.852785667772581,7.003212928771973,655200,0.0,0.0,0.0
2020-06-19 00:00:00-04:00,7.195424536466755,7.195424536466755,6.810999949563145,6.827714443206787,1410300,0.0,0.0,0.0
2020-06-22 00:00:00-04:00,6.794285222508011,6.861141592961481,6.668929328660054,6.810998916625977,1006100,0.0,0.0,0.0
2020-06-23 00:00:00-04:00,6.89456964624336,6.9614260154173655,6.735785968702793,6.769214153289795,800500,0.0,0.0,0.0
2020-06-24 00:00:00-04:00,6.677286776317608,6.677286776317608,6.242719930786885,6.267791271209717,1452400,0.0,0.0,0.0
2020-06-25 00:00:00-04:00,6.197896404741921,6.475791147078866,6.130528031029593,6.400001525878906,799800,0.057,0.0,0.0
2020-06-26 00:00:00-04:00,6.357896826616069,6.357896826616069,6.0126332909071705,6.037896633148193,1029600,0.0,0.0,0.0
2020-06-29 00:00:00-04:00,6.113686988399546,6.214739566336584,6.0042131615274625,6.172634124755859,889300,0.0,0.0,0.0
2020-06-30 00:00:00-04:00,6.122107515561881,6.324213062411792,6.046317885299761,6.298949718475342,1011700,0.0,0.0,0.0
2020-07-01 00:00:00-04:00,6.315790889879252,6.42526469500848,6.13052786712355,6.15579080581665,1491800,0.0,0.0,0.0
2020-07-02 00:00:00-04:00,6.315789874696596,6.400000326049796,6.248421513614036,6.324211120605469,1196900,0.0,0.0,0.0
2020-07-06 00:00:00-04:00,6.475790062973336,6.4926321535819005,6.223158302297754,6.307368755340576,907200,0.0,0.0,0.0
2020-07-07 00:00:00-04:00,6.248423112066132,6.298949395803528,6.130528450012207,6.130528450012207,1782600,0.0,0.0,0.0
2020-07-08 00:00:00-04:00,6.155791391107301,6.240001864002961,6.029475480990206,6.130528450012207,1310300,0.0,0.0,0.0
2020-07-09 00:00:00-04:00,6.11368559499705,6.155790625434143,5.785264189233065,5.793685436248779,1307100,0.0,0.0,0.0
2020-07-10 00:00:00-04:00,5.743159916992335,5.995791337608084,5.726317822284618,5.987370491027832,565700,0.0,0.0,0.0
2020-07-13 00:00:00-04:00,6.046317176827477,6.071580517803715,5.844212055206299,5.844212055206299,1164300,0.0,0.0,0.0
2020-07-14 00:00:00-04:00,5.818948964526345,6.10526496735246,5.751580587754835,6.096843719482422,748300,0.0,0.0,0.0
2020-07-15 00:00:00-04:00,6.248421513614036,6.341053210876109,6.130526881719556,6.324211120605469,821800,0.0,0.0,0.0
2020-07-16 00:00:00-04:00,6.240001743650834,6.425265181995283,6.164212520280105,6.273685932159424,499100,0.0,0.0,0.0
2020-07-17 00:00:00-04:00,6.290528213597143,6.4336862197921185,6.138949360798045,6.164212703704834,820600,0.0,0.0,0.0
2020-07-20 00:00:00-04:00,6.164212053079131,6.28210670392367,6.13052786712355,6.15579080581665,862900,0.0,0.0,0.0
2020-07-21 00:00:00-04:00,6.3242120090093605,6.686317201468985,6.307369514825638,6.644211769104004,1306500,0.0,0.0,0.0
2020-07-22 00:00:00-04:00,6.534737686522102,6.576842712950657,6.400000557928215,6.543158531188965,636800,0.0,0.0,0.0
2020-07-23 00:00:00-04:00,6.526316467959869,6.6105269227208945,6.442106013198844,6.517895221710205,1803300,0.0,0.0,0.0
2020-07-24 00:00:00-04:00,6.50105343748756,6.635790573009425,6.475790500640869,6.475790500640869,1577900,0.0,0.0,0.0
2020-07-27 00:00:00-04:00,6.517896499447534,6.517896499447534,6.307370120500822,6.35789680480957,879400,0.0,0.0,0.0
2020-07-28 00:00:00-04:00,6.324212725745318,6.416844044970914,6.240001851471564,6.248423099517822,787200,0.0,0.0,0.0
2020-07-29 00:00:00-04:00,6.273684929767965,6.442106246948242,6.206316563514709,6.442106246948242,991800,0.0,0.0,0.0
2020-07-30 00:00:00-04:00,6.315791813917231,6.3578972532955715,6.164212954940221,6.298949718475342,1480800,0.0,0.0,0.0
2020-07-31 00:00:00-04:00,6.273685182298621,6.2989485214340695,6.138948444368636,6.256843090057373,882300,0.0,0.0,0.0
2020-08-03 00:00:00-04:00,6.307369850929429,6.4168436596742335,6.21473853726584,6.341054439544678,984800,0.0,0.0,0.0
2020-08-04 00:00:00-04:00,6.3157901302837445,6.568421896113943,6.290526793081876,6.517895221710205,817300,0.0,0.0,0.0
2020-08-05 00:00:00-04:00,6.669474569393205,6.778948363449988,6.618948295570181,6.728421688079834,1183600,0.0,0.0,0.0
2020-08-06 00:00:00-04:00,6.7368442689880235,6.7873709543669785,6.677896737077383,6.720002174377441,1301700,0.0,0.0,0.0
2020-08-07 00:00:00-04:00,6.677896468869963,6.812633621890316,6.602107246939908,6.787370681762695,828700,0.0,0.0,0.0
2020-08-10 00:00:00-04:00,6.846317563853474,7.090528117900649,6.821054624633244,7.06526517868042,1157200,0.0,0.0,0.0
2020-08-11 00:00:00-04:00,7.21684308405494,7.275791008674017,6.86315874871767,6.88842248916626,843500,0.0,0.0,0.0
2020-08-12 00:00:00-04:00,7.048421788428036,7.082105970807489,6.930526748552825,7.014737606048584,668700,0.0,0.0,0.0
2020-08-13 00:00:00-04:00,7.014738419520212,7.040001358460881,6.829474993401824,6.8631591796875,1081300,0.0,0.0,0.0
2020-08-14 00:00:00-04:00,6.821055255060246,7.0063178972570626,6.821055255060246,6.989476203918457,912700,0.0,0.0,0.0
2020-08-17 00:00:00-04:00,7.023160397073063,7.023160397073063,6.821055258345858,6.9052653312683105,632700,0.0,0.0,0.0
2020-08-18 00:00:00-04:00,6.888423687213146,6.913686628961213,6.745265678816704,6.7621073722839355,604600,0.0,0.0,0.0
2020-08-19 00:00:00-04:00,6.778948774246281,6.821054205757238,6.6778958189294135,6.694737911224365,683900,0.0,0.0,0.0
2020-08-20 00:00:00-04:00,6.610529455082933,6.61895070455861,6.484213523778719,6.4926347732543945,1282700,0.0,0.0,0.0
2020-08-21 00:00:00-04:00,6.433685163308295,6.467369347287882,6.332632611369535,6.366316795349121,700900,0.0,0.0,0.0
2020-08-24 00:00:00-04:00,6.4168426488090615,6.58526395916464,6.349474285285678,6.543158531188965,1310000,0.0,0.0,0.0
2020-08-25 00:00:00-04:00,6.5936863101213925,6.652633842444139,6.475791647023111,6.576844215393066,687900,0.0,0.0,0.0
2020-08-26 00:00:00-04:00,6.5768433568465285,6.5768433568465285,6.3326328143916415,6.349474906921387,452400,0.0,0.0,0.0
2020-08-27 00:00:00-04:00,6.383160239444184,6.467370717230934,6.3242131057670745,6.450528621673584,358300,0.0,0.0,0.0
2020-08-28 00:00:00-04:00,6.46737027124439,6.5263178024037405,6.400001893660678,6.5094757080078125,273800,0.0,0.0,0.0
2020-08-31 00:00:00-04:00,6.492634081226466,6.492634081226466,6.3073706279809505,6.332633972167969,566900,0.0,0.0,0.0
2020-09-01 00:00:00-04:00,6.2905284699807815,6.332633909359122,6.223160088213222,6.298949718475342,201100,0.0,0.0,0.0
2020-09-02 00:00:00-04:00,6.273685909281235,6.273685909281235,6.088422873159583,6.096843719482422,1372600,0.0,0.0,0.0
2020-09-03 00:00:00-04:00,6.080001668153629,6.197896729882132,6.0126332909071705,6.037896633148193,480600,0.0,0.0,0.0
2020-09-04 00:00:00-04:00,6.113686050435742,6.164212331652502,5.92000177166457,6.054738521575928,548200,0.0,0.0,0.0
2020-09-08 00:00:00-04:00,5.953686150542577,5.953686150542577,5.642106804035067,5.65894889831543,859200,0.0,0.0,0.0
2020-09-09 00:00:00-04:00,5.76842346052705,5.810528902465926,5.658949632723775,5.760002613067627,353400,0.0,0.0,0.0
2020-09-10 00:00:00-04:00,5.760001413946934,5.760001413946934,5.397895812988281,5.397895812988281,679000,0.0,0.0,0.0
2020-09-11 00:00:00-04:00,5.448422682951971,5.473686025906159,5.322107172822678,5.372633457183838,695200,0.0,0.0,0.0
2020-09-14 00:00:00-04:00,5.414738276721203,5.549475431173688,5.338949053985578,5.5073699951171875,623600,0.0,0.0,0.0
2020-09-15 00:00:00-04:00,5.549475057555498,5.60842218220935,5.465264191111989,5.482106685638428,377100,0.0,0.0,0.0
2020-09-16 00:00:00-04:00,5.541054957461078,5.869476039323648,5.507370764528879,5.760002613067627,545100,0.0,0.0,0.0
2020-09-17 00:00:00-04:00,5.650528785264353,5.76842346052705,5.5747391503932775,5.760002613067627,460900,0.0,0.0,0.0
2020-09-18 00:00:00-04:00,5.75158136406095,5.835791846391449,5.684212978196552,5.760002613067627,416300,0.0,0.0,0.0
2020-09-21 00:00:00-04:00,5.583159859535944,5.583159859535944,5.448422699288312,5.54947566986084,392700,0.0,0.0,0.0
2020-09-22 00:00:00-04:00,5.549475431173688,5.684212184078976,5.482107054721045,5.5073699951171875,314500,0.0,0.0,0.0
2020-09-23 00:00:00-04:00,5.5326331041861545,5.600001477803192,5.229475021362305,5.229475021362305,295100,0.0,0.0,0.0
2020-09-24 00:00:00-04:00,5.223509931725466,5.410976663795569,5.10421251408454,5.274637222290039,573300,0.073,0.0,0.0
2020-09-25 00:00:00-04:00,5.232031550401174,5.283158846894831,5.146819389578412,5.206468105316162,421000,0.0,0.0,0.0
2020-09-28 00:00:00-04:00,5.274637905328949,5.428019796884849,5.232031621179379,5.368371486663818,451000,0.0,0.0,0.0
2020-09-29 00:00:00-04:00,5.359848950454747,5.359848950454747,5.104212111472513,5.240551948547363,368700,0.0,0.0,0.0
2020-09-30 00:00:00-04:00,5.240553105714241,5.3428077013565565,5.163861955820682,5.180904388427734,370000,0.0,0.0,0.0
2020-10-01 00:00:00-04:00,5.155340734605159,5.1809041793221535,5.019000872927883,5.044564723968506,384600,0.0,0.0,0.0
2020-10-02 00:00:00-04:00,4.899703789554823,5.206467966671479,4.848576494422651,5.155340671539307,568400,0.0,0.0,0.0
2020-10-05 00:00:00-04:00,5.257595670115155,5.428020000457764,5.223510804046634,5.428020000457764,426800,0.0,0.0,0.0
2020-10-06 00:00:00-04:00,5.496188389502205,5.589921951446983,5.257594385327294,5.283157825469971,808900,0.0,0.0,0.0
2020-10-07 00:00:00-04:00,5.325764202453271,5.453582624576862,5.308721773258363,5.445061206817627,693700,0.0,0.0,0.0
2020-10-08 00:00:00-04:00,5.496189267124135,5.709219865172724,5.453583391308589,5.7006988525390625,616700,0.0,0.0,0.0
2020-10-09 00:00:00-04:00,5.751826629520569,5.802953928579692,5.572880879651815,5.6240081787109375,568700,0.0,0.0,0.0
2020-10-12 00:00:00-04:00,5.615487504339589,5.675135820347385,5.521753913911181,5.649572372436523,419200,0.0,0.0,0.0
2020-10-13 00:00:00-04:00,5.692177843389765,5.7092202762076765,5.5387959480285645,5.5387959480285645,607800,0.0,0.0,0.0
2020-10-14 00:00:00-04:00,5.538796489255585,5.777390978344402,5.538796489255585,5.581402778625488,448300,0.0,0.0,0.0
2020-10-15 00:00:00-04:00,5.479147161788496,5.692177772521973,5.436541283435988,5.692177772521973,400600,0.0,0.0,0.0
2020-10-16 00:00:00-04:00,5.66661418791804,5.683656620106158,5.513231891901351,5.521753311157227,495000,0.0,0.0,0.0
2020-10-19 00:00:00-04:00,5.564359871055505,5.5984447371240265,5.428020000457764,5.428020000457764,254300,0.0,0.0,0.0
2020-10-20 00:00:00-04:00,5.453582981342799,5.615486272447698,5.402455690413398,5.547316551208496,523500,0.0,0.0,0.0
2020-10-21 00:00:00-04:00,5.53027439033221,5.581402093832613,5.410977363586426,5.410977363586426,389400,0.0,0.0,0.0
2020-10-22 00:00:00-04:00,5.428019541806655,5.74330472946167,5.41949852917135,5.74330472946167,596000,0.0,0.0,0.0
2020-10-23 00:00:00-04:00,5.751826286315918,5.819996014327141,5.683656558304695,5.751826286315918,650200,0.0,0.0,0.0
2020-10-26 00:00:00-04:00,5.6410504760540885,5.6410504760540885,5.385413986906957,5.453583717346191,583600,0.0,0.0,0.0
2020-10-27 00:00:00-04:00,5.45358295887832,5.45358295887832,5.359849389398732,5.39393424987793,745200,0.0,0.0,0.0
2020-10-28 00:00:00-04:00,5.257595537526378,5.257595537526378,5.095692224622035,5.104213237762451,1192600,0.0,0.0,0.0
2020-10-29 00:00:00-04:00,5.010479932261993,5.2149891182366215,4.9252677714392314,5.206468105316162,1492900,0.0,0.0,0.0
2020-10-30 00:00:00-04:00,5.172383375286031,5.2064682405001355,5.027522494964261,5.180904388427734,614300,0.0,0.0,0.0
2020-11-02 00:00:00-05:00,5.206469373667385,5.368372721833825,5.061608461817217,5.317245006561279,605200,0.0,0.0,0.0
2020-11-03 00:00:00-05:00,5.436540648493724,5.462104091254905,5.2149886441709725,5.249073505401611,667300,0.0,0.0,0.0
2020-11-04 00:00:00-05:00,5.2575949238710695,5.359849507562988,5.112734060479054,5.249073505401611,450400,0.0,0.0,0.0
2020-11-05 00:00:00-05:00,5.266115535185239,5.419497805371983,5.240552094369826,5.291679382324219,456800,0.0,0.0,0.0
2020-11-06 00:00:00-05:00,5.274637127997721,5.359849277415378,5.1042124228388275,5.112733840942383,871600,0.0,0.0,0.0
2020-11-09 00:00:00-05:00,5.589922722390685,5.98189904677596,5.589922722390685,5.845559597015381,1274900,0.0,0.0,0.0
2020-11-10 00:00:00-05:00,5.922249826861274,6.135280402019213,5.794431806825372,6.1182379722595215,624100,0.0,0.0,0.0
2020-11-11 00:00:00-05:00,6.211972089883653,6.229014521154411,6.0245053459053155,6.084153652191162,567200,0.0,0.0,0.0
2020-11-12 00:00:00-05:00,5.9904193451025325,6.109716341329784,5.794431219567423,5.837037086486816,546700,0.0,0.0,0.0
2020-11-13 00:00:00-05:00,5.905207271272683,6.160844118544499,5.905207271272683,6.143801689147949,560900,0.0,0.0,0.0
2020-11-16 00:00:00-05:00,6.373875823986176,6.467609405517578,6.280142242454774,6.467609405517578,849100,0.0,0.0,0.0
2020-11-17 00:00:00-05:00,6.382395786874368,6.620990207971121,6.305705056716204,6.61246919631958,615900,0.0,0.0,0.0
2020-11-18 00:00:00-05:00,6.672116722390608,6.893668688144242,6.544298311865321,6.552819728851318,1788900,0.0,0.0,0.0
2020-11-19 00:00:00-05:00,6.510215679462168,6.748810154331647,6.459088379059494,6.740288734436035,738800,0.0,0.0,0.0
2020-11-20 00:00:00-05:00,6.7232447291139845,6.774372017563405,6.638032581698286,6.689159870147705,412100,0.0,0.0,0.0
2020-11-23 00:00:00-05:00,6.799936920038202,7.251561980901576,6.799936920038202,7.243040561676025,1900700,0.0,0.0,0.0
2020-11-24 00:00:00-05:00,7.456070381375092,7.694664406037885,7.456070381375092,7.643537521362305,1021300,0.0,0.0,0.0
2020-11-25 00:00:00-05:00,7.5498046875,7.652059284971755,7.387901777998214,7.5498046875,1015600,0.0,0.0,0.0
2020-11-27 00:00:00-05:00,7.498675942521442,7.583887679705817,7.370857117774225,7.439026832580566,557200,0.0,0.0,0.0
2020-11-30 00:00:00-05:00,7.3793785698362795,7.396421404941209,6.953317443978323,6.970360279083252,979700,0.0,0.0,0.0
2020-12-01 00:00:00-05:00,7.149307026874769,7.217476751939957,6.910712176499389,6.944797039031982,830500,0.0,0.0,0.0
2020-12-02 00:00:00-05:00,6.910711736881801,7.353815734265155,6.868106270911778,7.174870014190674,1612400,0.0,0.0,0.0
2020-12-03 00:00:00-05:00,7.208954699382368,7.430506692690485,7.09817870272831,7.35381555557251,945500,0.0,0.0,0.0
2020-12-04 00:00:00-05:00,7.481635398662602,7.941781520843506,7.481635398662602,7.941781520843506,1250800,0.0,0.0,0.0
2020-12-07 00:00:00-05:00,7.83952562213638,7.856568459565013,7.643537867590399,7.711707592010498,1215300,0.0,0.0,0.0
2020-12-08 00:00:00-05:00,7.669101055824118,7.941779944428542,7.609452752103698,7.848046779632568,1487600,0.0,0.0,0.0
2020-12-09 00:00:00-05:00,7.950299996348835,8.180373378548826,7.728748031114855,7.890651702880859,1616000,0.0,0.0,0.0
2020-12-10 00:00:00-05:00,7.899172614345292,8.410445409881671,7.882129781503914,8.384881973266602,1378400,0.0,0.0,0.0
2020-12-11 00:00:00-05:00,8.342277785396192,8.342277785396192,8.069598893070603,8.205938339233398,1143100,0.0,0.0,0.0
2020-12-14 00:00:00-05:00,8.367839675918761,8.427488782033787,7.873608868948838,7.890651702880859,1195600,0.0,0.0,0.0
2020-12-15 00:00:00-05:00,7.975865169885877,8.086641176604084,7.805440856722184,8.069599151611328,1095500,0.0,0.0,0.0
2020-12-16 00:00:00-05:00,8.095162792517446,8.095162792517446,7.9417805006121025,7.975865364074707,919900,0.0,0.0,0.0
2020-12-17 00:00:00-05:00,8.044034954932027,8.052556373815346,7.873610640501795,7.958823204040527,989700,0.0,0.0,0.0
2020-12-18 00:00:00-05:00,7.967342889414511,8.009948349266683,7.7969177994176,7.856566905975342,853100,0.0,0.0,0.0
2020-12-21 00:00:00-05:00,7.481634226244737,7.754313938891718,7.413464501244798,7.6776227951049805,1043100,0.0,0.0,0.0
2020-12-22 00:00:00-05:00,7.635017332330366,7.694665644938105,7.498677867714213,7.507199287414551,882400,0.0,0.0,0.0
2020-12-23 00:00:00-05:00,7.600932519065634,7.984387469128574,7.600932519065634,7.8736114501953125,923900,0.0,0.0,0.0
2020-12-24 00:00:00-05:00,7.908256685626334,7.908256685626334,7.6743867077,7.761005401611328,458400,0.15,0.0,0.0
2020-12-28 00:00:00-05:00,7.786992001106461,7.7956540371792835,7.535798737395195,7.544460773468018,702100,0.0,0.0,0.0
2020-12-29 00:00:00-05:00,7.613753362352732,7.657062705012341,7.466502092944263,7.483826160430908,713900,0.0,0.0,0.0
2020-12-30 00:00:00-05:00,7.501152312669002,7.761007643406039,7.501152312669002,7.726360321044922,578900,0.0,0.0,0.0
2020-12-31 00:00:00-05:00,7.6743892212841205,7.735022657304087,7.605094573881894,7.639741897583008,500600,0.0,0.0,0.0
2021-01-04 00:00:00-05:00,7.7263580892582135,7.890932616421234,7.613754117596321,7.761005401611328,928200,0.0,0.0,0.0
2021-01-05 00:00:00-05:00,7.838962739199344,8.523247836925062,7.830300703847297,8.32402515411377,1184800,0.0,0.0,0.0
2021-01-06 00:00:00-05:00,8.393320670987178,8.731132650868965,8.298040750226427,8.687823295593262,899300,0.0,0.0,0.0
2021-01-07 00:00:00-05:00,8.731135057383433,8.956343106044141,8.679164477574023,8.817753791809082,739200,0.0,0.0,0.0
2021-01-08 00:00:00-05:00,8.90436924591453,8.90436924591453,8.59254337483251,8.687823295593262,780500,0.0,0.0,0.0
2021-01-11 00:00:00-05:00,8.497263695609002,8.878384215542711,8.384659699114271,8.86106014251709,576300,0.0,0.0,0.0
2021-01-12 00:00:00-05:00,8.99098966751816,9.4847142638718,8.99098966751816,9.467391014099121,1415500,0.0,0.0,0.0
2021-01-13 00:00:00-05:00,9.476048041472621,9.476048041472621,9.276826213744563,9.346120834350586,851600,0.0,0.0,0.0
2021-01-14 00:00:00-05:00,9.415417458120086,9.761891460920815,9.415417458120086,9.666610717773438,856200,0.0,0.0,0.0
2021-01-15 00:00:00-05:00,9.571332956228447,9.571332956228447,9.242182951166134,9.415419578552246,1033200,0.0,0.0,0.0
2021-01-19 00:00:00-05:00,9.545344879985114,9.605977475342236,9.38076951250556,9.476049423217773,971000,0.0,0.0,0.0
2021-01-20 00:00:00-05:00,9.61464026406835,9.61464026406835,9.250843011305296,9.354784965515137,867900,0.0,0.0,0.0
2021-01-21 00:00:00-05:00,9.346124531377344,9.398095930418597,8.77444327221038,8.965003967285156,1482200,0.0,0.0,0.0
2021-01-22 00:00:00-05:00,8.722472111063901,8.990989498995358,8.583882811250525,8.982327461242676,763900,0.0,0.0,0.0
2021-01-25 00:00:00-05:00,8.939017335362657,9.042959301348581,8.705148118408657,8.990988731384277,847700,0.0,0.0,0.0
2021-01-26 00:00:00-05:00,9.086269458361867,9.233520796288657,8.713810920715332,8.713810920715332,696800,0.0,0.0,0.0
2021-01-27 00:00:00-05:00,8.55789754501464,9.042960095549743,8.453955569899975,8.713810920715332,1279900,0.0,0.0,0.0
2021-01-28 00:00:00-05:00,8.835073548449841,8.921692248614477,8.583880309240975,8.783102989196777,954700,0.0,0.0,0.0
2021-01-29 00:00:00-05:00,8.731132392584845,8.956340372510608,8.479939130685256,8.514586448669434,1605900,0.0,0.0,0.0
2021-02-01 00:00:00-05:00,8.748455434806152,8.835073306542009,8.549232760305145,8.722469329833984,1128400,0.0,0.0,0.0
2021-02-02 00:00:00-05:00,8.982327828423173,9.042960443055726,8.783105908311978,8.791767120361328,984800,0.0,0.0,0.0
2021-02-03 00:00:00-05:00,8.843737586143906,9.294152781237857,8.843737586143906,9.268167495727539,1080500,0.0,0.0,0.0
2021-02-04 00:00:00-05:00,9.337459890642899,9.337459890642899,9.103590725301745,9.302812576293945,756000,0.0,0.0,0.0
2021-02-05 00:00:00-05:00,9.458727652959606,9.458727652959606,9.268166975774143,9.29415225982666,578900,0.0,0.0,0.0
2021-02-08 00:00:00-05:00,9.458728658451225,9.839849227279142,9.458728658451225,9.822525978088379,816800,0.0,0.0,0.0
2021-02-09 00:00:00-05:00,9.753226730309683,9.813859312973573,9.579990189800725,9.675270080566406,532400,0.0,0.0,0.0
2021-02-10 00:00:00-05:00,9.75322864847811,9.969774573216663,9.640624668487206,9.935127258300781,729200,0.0,0.0,0.0
2021-02-11 00:00:00-05:00,9.926464946121685,9.96977429507255,9.571329771627427,9.761890411376953,931600,0.0,0.0,0.0
2021-02-12 00:00:00-05:00,9.675273474996262,10.08238010756253,9.675273474996262,10.073718070983887,956000,0.0,0.0,0.0
2021-02-16 00:00:00-05:00,10.40286655199039,10.532793778025521,10.255615255253426,10.411528587341309,1423100,0.0,0.0,0.0
2021-02-17 00:00:00-05:00,10.42019132882741,10.558780610591725,10.255616763246607,10.550119400024414,1107500,0.0,0.0,0.0
2021-02-18 00:00:00-05:00,10.463501582115251,10.480825656848275,10.013086377802166,10.021747589111328,913100,0.0,0.0,0.0
2021-02-19 00:00:00-05:00,10.108365162026331,10.246954439912926,10.021746450318581,10.168997764587402,560400,0.0,0.0,0.0
2021-02-22 00:00:00-05:00,10.220969726737586,10.740679547790974,10.220969726737586,10.4635009765625,1400200,0.0,0.0,0.0
2021-02-23 00:00:00-05:00,10.480824491012745,10.775326294199074,9.848509876567881,10.749341011047363,1849200,0.0,0.0,0.0
2021-02-24 00:00:00-05:00,10.740679630561527,11.329684925018368,10.662723776345747,11.260390281677246,1288100,0.0,0.0,0.0
2021-02-25 00:00:00-05:00,11.338344628051207,11.37299194258992,10.792648804523608,10.87060546875,1547300,0.0,0.0,0.0
2021-02-26 00:00:00-05:00,10.766663058860566,10.85328092842761,10.255614572003726,10.688706398010254,2387200,0.0,0.0,0.0
2021-03-01 00:00:00-05:00,10.97454939432806,11.121800714224907,10.835960111144507,11.035181999206543,2075000,0.0,0.0,0.0
2021-03-02 00:00:00-05:00,11.061167235808233,11.251727072107814,10.957224455571998,10.983210563659668,1331800,0.0,0.0,0.0
2021-03-03 00:00:00-05:00,11.087151423841153,11.528905305055893,11.087151423841153,11.243063926696777,2366500,0.0,0.0,0.0
2021-03-04 00:00:00-05:00,11.35566946173397,11.944674717391736,11.23440425690367,11.6934814453125,3048300,0.0,0.0,0.0
2021-03-05 00:00:00-05:00,12.14389591437436,12.239175824337963,11.563552767193437,12.135233879089355,3375000,0.0,0.0,0.0
2021-03-08 00:00:00-05:00,12.247837670986526,12.325793509179473,11.702141847293067,11.866716384887695,2427500,0.0,0.0,0.0
2021-03-09 00:00:00-05:00,11.806085098921642,11.918689090196223,11.51158247959693,11.57221508026123,1711300,0.0,0.0,0.0
2021-03-10 00:00:00-05:00,11.589538630079234,12.074601065643657,11.528906032147978,12.013968467712402,2582800,0.0,0.0,0.0
2021-03-11 00:00:00-05:00,12.100587768497544,12.38642835289804,12.005307022992557,12.3084716796875,1604700,0.0,0.0,0.0
2021-03-12 00:00:00-05:00,12.334456559773262,12.377765913039573,12.091925337962007,12.178544044494629,1509400,0.0,0.0,0.0
2021-03-15 00:00:00-04:00,12.152556114278678,12.187203426483935,11.936010206481553,12.083261489868164,2053100,0.0,0.0,0.0
2021-03-16 00:00:00-04:00,11.866719388525397,11.918690786532542,11.606864050604361,11.710806846618652,1437200,0.0,0.0,0.0
2021-03-17 00:00:00-04:00,11.598201342529515,11.901365175931923,11.520244668608049,11.84073257446289,1327100,0.0,0.0,0.0
2021-03-18 00:00:00-04:00,11.745451432268055,11.745451432268055,10.913915040372466,10.991870880126953,1967300,0.0,0.0,0.0
2021-03-19 00:00:00-04:00,11.026520052891062,11.476936052987506,10.922578089651257,11.407641410827637,1868400,0.0,0.0,0.0
2021-03-22 00:00:00-04:00,11.33834507187183,11.33834507187183,11.052504509224404,11.15644645690918,1005300,0.0,0.0,0.0
2021-03-23 00:00:00-04:00,10.809971389273677,11.05250340230551,10.602087514723896,10.680044174194336,1919100,0.0,0.0,0.0
2021-03-24 00:00:00-04:00,10.90525479759762,11.191095401853893,10.896592760848693,10.93124008178711,1821700,0.0,0.0,0.0
2021-03-25 00:00:00-04:00,10.711447107953306,11.093688995803436,10.468202797448843,11.058938980102539,1388300,0.037,0.0,0.0
2021-03-26 00:00:00-04:00,11.30218615392128,11.484619626766165,11.197938573507935,11.475932121276855,1351900,0.0,0.0,0.0
2021-03-29 00:00:00-04:00,11.362996911506498,11.458556985388835,11.058940850584156,11.189250946044922,1555900,0.0,0.0,0.0
2021-03-30 00:00:00-04:00,11.085003708701494,11.224000485358319,10.893882726555292,11.102377891540527,1225400,0.0,0.0,0.0
2021-03-31 00:00:00-04:00,11.102376436014008,11.232686518410675,10.989441362664643,11.128438949584961,1104500,0.0,0.0,0.0
2021-04-01 00:00:00-04:00,11.241376565772251,11.710491180419922,11.215314872871348,11.710491180419922,1341100,0.0,0.0,0.0
2021-04-05 00:00:00-04:00,11.64099279224124,11.658367806517097,11.032881376853046,11.119754791259766,1229300,0.0,0.0,0.0
2021-04-06 00:00:00-04:00,11.215314843270647,11.519370964095053,11.180565643332395,11.23268985748291,1068600,0.0,0.0,0.0
2021-04-07 00:00:00-04:00,11.276125567039468,11.319562273432842,11.128442090880021,11.267438888549805,1190200,0.0,0.0,0.0
2021-04-08 00:00:00-04:00,11.163188949651586,11.163188949651586,10.850445391982934,11.050253868103027,1606200,0.0,0.0,0.0
2021-04-09 00:00:00-04:00,11.00681849874982,11.154502790247346,10.807009998523558,10.850446701049805,1250100,0.0,0.0,0.0
2021-04-12 00:00:00-04:00,10.954695638447674,11.128442469939369,10.659327847581638,10.668014526367188,1756700,0.0,0.0,0.0
2021-04-13 00:00:00-04:00,10.694076559464984,10.789636649629298,10.589828133939585,10.676701545715332,961000,0.0,0.0,0.0
2021-04-14 00:00:00-04:00,10.807008524465171,11.406433114897226,10.807008524465171,11.197937965393066,1400100,0.0,0.0,0.0
2021-04-15 00:00:00-04:00,11.206625474033146,11.206625474033146,10.954693609221119,11.102377891540527,791100,0.0,0.0,0.0
2021-04-16 00:00:00-04:00,11.154503441601012,11.154503441601012,10.815698136295588,10.824385643005371,670500,0.0,0.0,0.0
2021-04-19 00:00:00-04:00,10.824386743287986,11.067631156483692,10.76357584711064,10.885197639465332,820200,0.0,0.0,0.0
2021-04-20 00:00:00-04:00,10.833071101241481,10.867820293023499,10.29445821437717,10.442142486572266,1440700,0.0,0.0,0.0
2021-04-21 00:00:00-04:00,10.259710579747486,10.65932676013488,10.207586369920344,10.589827537536621,1428700,0.0,0.0,0.0
2021-04-22 00:00:00-04:00,10.633263593058851,10.694075305566097,10.416080917570788,10.537703514099121,984100,0.0,0.0,0.0
2021-04-23 00:00:00-04:00,10.546392738506553,10.728826248783799,10.476894337304392,10.668014526367188,701400,0.0,0.0,0.0
2021-04-26 00:00:00-04:00,10.572452479184928,10.989442809382977,10.572452479184928,10.91125774383545,730500,0.0,0.0,0.0
2021-04-27 00:00:00-04:00,10.980755486414267,11.163188952268383,10.911257102135185,11.145813941955566,859200,0.0,0.0,0.0
2021-04-28 00:00:00-04:00,11.232687885443267,11.753925793007166,11.232687885443267,11.66705322265625,1693700,0.0,0.0,0.0
2021-04-29 00:00:00-04:00,11.875548385681808,12.014545161032181,11.510681436144013,11.66705322265625,1282600,0.0,0.0,0.0
2021-04-30 00:00:00-04:00,11.47593488245085,11.701805108601796,11.2761263505523,11.302188873291016,1070000,0.0,0.0,0.0
2021-05-03 00:00:00-04:00,11.51068159721285,11.649678374508202,11.345623131296152,11.632304191589355,1059400,0.0,0.0,0.0
2021-05-04 00:00:00-04:00,11.667052916846883,11.727863797347203,11.336935169799519,11.623616218566895,1199900,0.0,0.0,0.0
2021-05-05 00:00:00-04:00,11.74524170897009,12.153544619583421,11.597557395433755,12.023235321044922,1511900,0.0,0.0,0.0
2021-05-06 00:00:00-04:00,12.01454574997903,12.01454574997903,11.597555403487258,11.962422370910645,1034800,0.0,0.0,0.0
2021-05-07 00:00:00-04:00,11.858175413744014,12.353352546691895,11.736553628640477,12.353352546691895,1359900,0.0,0.0,0.0
2021-05-10 00:00:00-04:00,12.483659603204883,12.726903958336248,12.301226129734827,12.309913635253906,1812700,0.0,0.0,0.0
2021-05-11 00:00:00-04:00,11.988483728580745,12.249103102166748,11.779988561106403,12.127480506896973,2254000,0.0,0.0,0.0
2021-05-12 00:00:00-04:00,12.196979531804335,12.648719913364515,12.040607733804858,12.101419448852539,1699800,0.0,0.0,0.0
2021-05-13 00:00:00-04:00,11.918985576052734,12.205666644143031,11.53674359960823,11.753926277160645,1602400,0.0,0.0,0.0
2021-05-14 00:00:00-04:00,11.971109906498704,12.440224494170316,11.971109906498704,12.379413604736328,994100,0.0,0.0,0.0
2021-05-17 00:00:00-04:00,12.405474861818988,12.88327693939209,12.309914777698847,12.88327693939209,1928200,0.0,0.0,0.0
2021-05-18 00:00:00-04:00,12.857215132025706,12.970150227769906,12.570534053785115,12.613970756530762,2199200,0.0,0.0,0.0
2021-05-19 00:00:00-04:00,12.223041020391761,12.457598713522623,12.040607535229816,12.344663619995117,1726700,0.0,0.0,0.0
2021-05-20 00:00:00-04:00,12.327288607843418,12.396787827964035,12.101419249274583,12.344663619995117,1216100,0.0,0.0,0.0
2021-05-21 00:00:00-04:00,12.53578397110741,12.666093241646344,12.37072467803955,12.37072467803955,904900,0.0,0.0,0.0
2021-05-24 00:00:00-04:00,12.509722065586757,12.535784583757183,12.19697930391725,12.457598686218262,1056900,0.0,0.0,0.0
2021-05-25 00:00:00-04:00,12.431536580828334,12.544470841845657,12.110105495364369,12.127480506896973,1257800,0.0,0.0,0.0
2021-05-26 00:00:00-04:00,12.136166877306213,12.527095486870168,12.075355171117279,12.483658790588379,938100,0.0,0.0,0.0
2021-05-27 00:00:00-04:00,12.57922058683467,12.744279889672054,12.553158896881573,12.63134479522705,944500,0.0,0.0,0.0
2021-05-28 00:00:00-04:00,12.692156618238258,12.7529683372663,12.527098131702136,12.648720741271973,819900,0.0,0.0,0.0
2021-06-01 00:00:00-04:00,13.004898780138232,13.58694841403694,13.004898780138232,13.569573402404785,1804400,0.0,0.0,0.0
2021-06-02 00:00:00-04:00,13.673821904820976,13.951815481711135,13.421890018642717,13.778069496154785,3292000,0.0,0.0,0.0
2021-06-03 00:00:00-04:00,13.778067894434447,13.934440505985934,13.604321929076317,13.821504592895508,1316700,0.0,0.0,0.0
2021-06-04 00:00:00-04:00,13.9691887072463,14.029999587289128,13.595634264729265,13.856253623962402,2416600,0.0,0.0,0.0
2021-06-07 00:00:00-04:00,13.917067236231045,14.047376519429793,13.838881334917307,13.951815605163574,3472000,0.0,0.0,0.0
2021-06-08 00:00:00-04:00,13.943128190564662,14.116875007289512,13.613011227154384,14.064751625061035,1471300,0.0,0.0,0.0
2021-06-09 00:00:00-04:00,14.151624741411748,14.186373109856236,13.908379534410692,13.92575454711914,1553500,0.0,0.0,0.0
2021-06-10 00:00:00-04:00,14.073437916206851,14.177684671661012,13.665133429256526,13.891003608703613,1285600,0.0,0.0,0.0
2021-06-11 00:00:00-04:00,14.003940291609887,14.142937077787003,13.995252785352267,14.038688659667969,1136200,0.0,0.0,0.0
2021-06-14 00:00:00-04:00,14.177685168445787,14.316681951903306,13.804131520025251,13.882316589355469,1672400,0.0,0.0,0.0
2021-06-15 00:00:00-04:00,14.003941543217964,14.186374220015779,13.847568902063543,14.160311698913574,1101300,0.0,0.0,0.0
2021-06-16 00:00:00-04:00,14.09950065612793,14.273247481009378,13.891005460453707,14.09950065612793,1446000,0.0,0.0,0.0
2021-06-17 00:00:00-04:00,14.047375330319733,14.168997096746962,13.135207939684788,13.37845230102539,1918400,0.0,0.0,0.0
2021-06-18 00:00:00-04:00,13.074397245788656,13.413201689725996,12.98752384409458,13.135208129882812,1481600,0.0,0.0,0.0
2021-06-21 00:00:00-04:00,13.265518105061734,13.899691114486844,13.265518105061734,13.891003608703613,1871000,0.0,0.0,0.0
2021-06-22 00:00:00-04:00,13.891005981807325,13.951816875706413,13.630386563189916,13.899693489074707,1099700,0.0,0.0,0.0
2021-06-23 00:00:00-04:00,14.05606241081701,14.420929356032525,14.05606241081701,14.090810775756836,1468400,0.0,0.0,0.0
2021-06-24 00:00:00-04:00,14.125646936472382,14.386911451013557,13.986306526477907,14.36949348449707,715200,0.04,0.0,0.0
2021-06-25 00:00:00-04:00,14.430453634071526,14.604629964157894,14.334656486417165,14.543668746948242,791400,0.0,0.0,0.0
2021-06-28 00:00:00-04:00,14.543669141920772,14.543669141920772,13.829548328561955,13.907927513122559,1074700,0.0,0.0,0.0
2021-06-29 00:00:00-04:00,14.055977811283316,14.221445183764054,13.873094132016847,13.925346374511719,972000,0.0,0.0,0.0
2021-06-30 00:00:00-04:00,14.038563769267546,14.308535670291217,14.038563769267546,14.282408714294434,1545300,0.0,0.0,0.0
2021-07-01 00:00:00-04:00,14.69171723249376,14.787512713232665,14.439161735390082,14.665590286254883,2076900,0.0,0.0,0.0
2021-07-02 00:00:00-04:00,14.613340600699994,14.613340600699994,14.369494043194361,14.413037300109863,1685300,0.0,0.0,0.0
2021-07-06 00:00:00-04:00,14.43045436578143,14.43045436578143,13.759878450870186,13.846965789794922,1950500,0.0,0.0,0.0
2021-07-07 00:00:00-04:00,13.846966233882886,14.038560545051228,13.315730708641363,13.516033172607422,1607400,0.0,0.0,0.0
2021-07-08 00:00:00-04:00,13.202516492430904,13.812131210078746,13.150264253208318,13.629246711730957,1470600,0.0,0.0,0.0
2021-07-09 00:00:00-04:00,13.803424775969269,13.986308466554515,13.62924840878137,13.9514741897583,876800,0.0,0.0,0.0
2021-07-12 00:00:00-04:00,13.768587433922962,13.986306196501967,13.603120078057591,13.846965789794922,831000,0.0,0.0,0.0
2021-07-13 00:00:00-04:00,13.7947144584169,13.942763857898814,13.664082195649945,13.725044250488281,752000,0.0,0.0,0.0
2021-07-14 00:00:00-04:00,13.786005106891043,13.968890435991076,13.02834099298597,13.080594062805176,1784100,0.0,0.0,0.0
2021-07-15 00:00:00-04:00,12.897709891227754,13.115429498347819,12.645155180189855,12.74966049194336,1519200,0.0,0.0,0.0
2021-07-16 00:00:00-04:00,12.87158158459431,12.888999549985748,12.192296714480028,12.235840797424316,2006900,0.0,0.0,0.0
2021-07-19 00:00:00-04:00,11.739440446418538,11.965869029998975,11.469468607217095,11.669770240783691,2192500,0.0,0.0,0.0
2021-07-20 00:00:00-04:00,11.713312999190588,12.087790934930172,11.565263621364906,12.026829719543457,1897400,0.0,0.0,0.0
2021-07-21 00:00:00-04:00,12.253258807770546,12.723533109994262,12.253258807770546,12.531940460205078,2243500,0.0,0.0,0.0
2021-07-22 00:00:00-04:00,12.566775418697093,12.566775418697093,12.201006428884353,12.401308059692383,2024900,0.0,0.0,0.0
2021-07-23 00:00:00-04:00,12.462270090655082,12.462270090655082,12.079083135052926,12.270676612854004,1849800,0.0,0.0,0.0
2021-07-26 00:00:00-04:00,12.20971439441192,12.749658850908174,12.20971439441192,12.706114768981934,1129100,0.0,0.0,0.0
2021-07-27 00:00:00-04:00,12.575483550160717,12.575483550160717,12.131336203738439,12.270676612854004,1815000,0.0,0.0,0.0
2021-07-28 00:00:00-04:00,12.36647309930108,12.662571887837192,12.174879618977533,12.531940460205078,968100,0.0,0.0,0.0
2021-07-29 00:00:00-04:00,12.636444864947252,12.653861999803555,12.322928132190768,12.514521598815918,1782700,0.0,0.0,0.0
2021-07-30 00:00:00-04:00,12.444853809947725,12.453562794330699,12.183590092199774,12.305513381958008,1129400,0.0,0.0,0.0
2021-08-02 00:00:00-04:00,12.314219492844073,12.653861499180653,12.000702772491206,12.026829719543457,1361900,0.0,0.0,0.0
2021-08-03 00:00:00-04:00,11.974577828216251,12.340346817411787,11.782984350415173,12.270676612854004,1849800,0.0,0.0,0.0
2021-08-04 00:00:00-04:00,12.009416427521753,12.166174848690485,11.713317556662856,11.765570640563965,1627600,0.0,0.0,0.0
2021-08-05 00:00:00-04:00,11.861363583891775,12.26196767691019,11.861363583891775,11.98328685760498,1132900,0.0,0.0,0.0
2021-08-06 00:00:00-04:00,12.14875263183551,12.279384880671602,12.018121213533721,12.096500396728516,1884900,0.0,0.0,0.0
2021-08-09 00:00:00-04:00,11.87878347230715,11.974579811809209,11.704607101525971,11.843948364257812,1081100,0.0,0.0,0.0
2021-08-10 00:00:00-04:00,11.931031415420062,12.270674219287955,11.913614282945247,12.201004028320312,724400,0.0,0.0,0.0
2021-08-11 00:00:00-04:00,12.140046213099366,12.279387474060059,11.922326582924788,12.279387474060059,1188200,0.0,0.0,0.0
2021-08-12 00:00:00-04:00,12.2271318147286,12.366472215722881,12.026830195932892,12.235840797424316,664400,0.0,0.0,0.0
2021-08-13 00:00:00-04:00,12.201004586370725,12.20971356827356,11.809109536619674,11.817817687988281,1177100,0.0,0.0,0.0
2021-08-16 00:00:00-04:00,11.643644561293806,11.643644561293806,11.399798832357407,11.478178024291992,1060100,0.0,0.0,0.0
2021-08-17 00:00:00-04:00,11.408509316365455,11.678481201272776,11.312712144498436,11.391091346740723,1401600,0.0,0.0,0.0
2021-08-18 00:00:00-04:00,11.434634781304489,11.556558070047817,11.060156761298478,11.077574729919434,898500,0.0,0.0,0.0
2021-08-19 00:00:00-04:00,10.807600472025326,10.964358844878019,10.537628641594953,10.746639251708984,1255300,0.0,0.0,0.0
2021-08-20 00:00:00-04:00,10.650840687567861,10.851143118614226,10.589879475330989,10.81630802154541,521900,0.0,0.0,0.0
2021-08-23 00:00:00-04:00,11.164659450028221,11.36496188928777,11.164659450028221,11.321417808532715,2135200,0.0,0.0,0.0
2021-08-24 00:00:00-04:00,11.460761042430759,11.669771685205518,11.417216950885733,11.600101470947266,948300,0.0,0.0,0.0
2021-08-25 00:00:00-04:00,11.634936885427294,11.957161842517294,11.486887468583985,11.843948364257812,1358100,0.0,0.0,0.0
2021-08-26 00:00:00-04:00,11.748149673164205,11.8526549837817,11.565265171949989,11.63493537902832,1041200,0.0,0.0,0.0
2021-08-27 00:00:00-04:00,11.791692646354312,12.340346098170029,11.791692646354312,12.235840797424316,1262700,0.0,0.0,0.0
2021-08-30 00:00:00-04:00,12.31422104212487,12.357764298288362,12.052957352472045,12.070374488830566,973300,0.0,0.0,0.0
2021-08-31 00:00:00-04:00,12.000703747148325,12.296802526847847,11.931033543752479,12.157462120056152,975300,0.0,0.0,0.0
2021-09-01 00:00:00-04:00,12.131336212158203,12.192297433554986,12.018121922039642,12.131336212158203,1131600,0.0,0.0,0.0
2021-09-02 00:00:00-04:00,12.279386879258684,12.801913468046315,12.279386879258684,12.645155906677246,1365200,0.0,0.0,0.0
2021-09-03 00:00:00-04:00,12.653860092163086,12.793200472144377,12.514519712181794,12.653860092163086,2538900,0.0,0.0,0.0
2021-09-07 00:00:00-04:00,12.531940067985223,12.775785779516083,12.488395983292559,12.575483322143555,844100,0.0,0.0,0.0
2021-09-08 00:00:00-04:00,12.67128114555832,12.819330543032462,12.453561541100392,12.488396644592285,1393300,0.0,0.0,0.0
2021-09-09 00:00:00-04:00,12.392598830861827,12.740950677868817,12.29680250896543,12.575483322143555,1119300,0.0,0.0,0.0
2021-09-10 00:00:00-04:00,12.81062158996127,12.836747710008666,12.479687690734863,12.479687690734863,738700,0.0,0.0,0.0
2021-09-13 00:00:00-04:00,12.732243397783785,13.11543039768999,12.732243397783785,13.0370512008667,1593400,0.0,0.0,0.0
2021-09-14 00:00:00-04:00,13.176390722570432,13.193807859262154,12.645155180189855,12.74966049194336,1204300,0.0,0.0,0.0
2021-09-15 00:00:00-04:00,13.019631716224808,13.550868063701396,13.019631716224808,13.542159080505371,1439400,0.0,0.0,0.0
2021-09-16 00:00:00-04:00,13.455069059666583,13.472487023663822,13.176388279984625,13.385398864746094,1158400,0.0,0.0,0.0
2021-09-17 00:00:00-04:00,13.315729857672503,13.50732332606231,13.176389455401482,13.211224555969238,1173200,0.0,0.0,0.0
2021-09-20 00:00:00-04:00,12.732242767211432,12.94125339469919,12.488397035142382,12.714825630187988,1592300,0.0,0.0,0.0
2021-09-21 00:00:00-04:00,12.880290266152617,12.949960465020888,12.470977224900802,12.706114768981934,793200,0.0,0.0,0.0
2021-09-22 00:00:00-04:00,12.98479619371734,13.350565170768617,12.976087210803184,13.185098648071289,1901500,0.0,0.0,0.0
2021-09-23 00:00:00-04:00,13.306704838343753,13.849121370641589,13.210469929727568,13.796629905700684,1561600,0.069,0.0,0.0
2021-09-24 00:00:00-04:00,13.691645668487192,14.059089270118047,13.665399935324077,13.892865180969238,1613600,0.0,0.0,0.0
2021-09-27 00:00:00-04:00,14.295301893483936,14.97769755986074,14.295301893483936,14.933953285217285,2493000,0.0,0.0,0.0
2021-09-28 00:00:00-04:00,15.205164809540959,15.222662523651865,14.732738209263504,14.785229682922363,2064700,0.0,0.0,0.0
2021-09-29 00:00:00-04:00,14.662747882671702,14.9077108551771,14.496522948876121,14.828972816467285,1358600,0.0,0.0,0.0
2021-09-30 00:00:00-04:00,14.82897329577099,14.951453951645655,14.514021130751807,14.73273754119873,1693800,0.0,0.0,0.0
2021-10-01 00:00:00-04:00,14.88146177289724,15.196413874548012,14.758981141665695,15.135171890258789,2586300,0.0,0.0,0.0
2021-10-04 00:00:00-04:00,15.432626029112221,15.800069585456486,15.371385714500414,15.651342391967773,2497100,0.0,0.0,0.0
2021-10-05 00:00:00-04:00,15.905058192173648,16.15001951250908,15.485123069878187,15.852566719055176,4800300,0.0,0.0,0.0
2021-10-06 00:00:00-04:00,15.485122051549295,15.625100416442558,15.06518528819577,15.38013744354248,3000200,0.0,0.0,0.0
2021-10-07 00:00:00-04:00,15.397636921674179,15.791325492320546,15.231411968552951,15.703840255737305,1569200,0.0,0.0,0.0
2021-10-08 00:00:00-04:00,15.87006362248364,16.202513530450112,15.87006362248364,16.123775482177734,1935000,0.0,0.0,0.0
2021-10-11 00:00:00-04:00,16.40373252674772,16.526213195638437,15.975048516956257,16.00129508972168,3884300,0.0,0.0,0.0
2021-10-12 00:00:00-04:00,15.975046439819339,16.19376284507096,15.738832321665887,15.922554969787598,1807500,0.0,0.0,0.0
2021-10-13 00:00:00-04:00,15.756330810731423,15.91380689725773,15.450127494560695,15.843817710876465,1931900,0.0,0.0,0.0
2021-10-14 00:00:00-04:00,16.11502389198229,16.237504538003083,15.896307499131648,16.062532424926758,860700,0.0,0.0,0.0
2021-10-15 00:00:00-04:00,16.29874198945684,16.41247542815855,15.992540428352283,16.01003646850586,1353700,0.0,0.0,0.0
2021-10-18 00:00:00-04:00,16.2550043972165,16.596201481160435,15.91380731327256,16.08877944946289,3816800,0.0,0.0,0.0
2021-10-19 00:00:00-04:00,16.14126959785388,16.307492846098516,15.931300403497447,16.15001678466797,1848200,0.0,0.0,0.0
2021-10-20 00:00:00-04:00,15.983792175881026,16.447469796543157,15.887556442382055,16.438722610473633,1638300,0.0,0.0,0.0
2021-10-21 00:00:00-04:00,16.342490619164696,16.351239475911,15.87006236690708,16.036287307739258,1472000,0.0,0.0,0.0
2021-10-22 00:00:00-04:00,16.132523138854506,16.342490695728085,15.913806725193636,16.31624412536621,1454000,0.0,0.0,0.0
2021-10-25 00:00:00-04:00,16.60494702778476,16.981139465170557,16.578702130359222,16.80616569519043,3036500,0.0,0.0,0.0
2021-10-26 00:00:00-04:00,16.84991234026721,16.998639565051775,16.709933972078648,16.832414627075195,1615600,0.0,0.0,0.0
2021-10-27 00:00:00-04:00,16.596201449352872,16.867411013239987,16.18501517798609,16.211261749267578,1921100,0.0,0.0,0.0
2021-10-28 00:00:00-04:00,16.150017144895802,16.35123748825283,16.010038791318323,16.307493209838867,1594400,0.0,0.0,0.0
2021-10-29 00:00:00-04:00,16.316244356742054,16.342490927476124,15.826320050422899,16.05378532409668,1768700,0.0,0.0,0.0
2021-11-01 00:00:00-04:00,16.29874704741566,16.587452657960092,16.29874704741566,16.49121856689453,2032800,0.0,0.0,0.0
2021-11-02 00:00:00-04:00,16.421228105356374,16.65744222348944,16.255003170150836,16.403730392456055,1854300,0.0,0.0,0.0
2021-11-03 00:00:00-04:00,16.150020412775085,16.569957227153328,16.071284033045224,16.26375389099121,1947500,0.0,0.0,0.0
2021-11-04 00:00:00-04:00,16.59619965235608,16.823664906144653,16.045035064514543,16.220008850097656,1699300,0.0,0.0,0.0
2021-11-05 00:00:00-04:00,16.491216707434596,16.709933104963774,16.298745209657763,16.631195068359375,1524100,0.0,0.0,0.0
2021-11-08 00:00:00-05:00,16.81491424005833,17.10361978712292,16.797418198322223,16.911149978637695,2229900,0.0,0.0,0.0
2021-11-09 00:00:00-05:00,16.86740653828083,16.93739570778932,16.40372724736618,16.84990882873535,887900,0.0,0.0,0.0
2021-11-10 00:00:00-05:00,16.709938389624526,16.753681015494866,15.84382138173293,16.045040130615234,1237900,0.0,0.0,0.0
2021-11-11 00:00:00-05:00,16.141272444223986,16.517463284489406,16.141272444223986,16.342491149902344,1033000,0.0,0.0,0.0
2021-11-12 00:00:00-05:00,16.228755025526254,16.4037288001978,16.16751470499329,16.298744201660156,872900,0.0,0.0,0.0
2021-11-15 00:00:00-05:00,16.2549979593809,16.561201162283723,15.983790171060443,16.42997169494629,1117500,0.0,0.0,0.0
2021-11-16 00:00:00-05:00,16.464968121949703,16.50871239730081,16.176262579326323,16.35123634338379,1004300,0.0,0.0,0.0
2021-11-17 00:00:00-05:00,16.185016797398433,16.43872867248335,15.773830484889881,15.861315727233887,1052700,0.0,0.0,0.0
2021-11-18 00:00:00-05:00,15.887560193487335,16.150019223049437,15.598854593499496,15.905057907104492,1113800,0.0,0.0,0.0
2021-11-19 00:00:00-05:00,15.458874132509507,15.493867886340299,15.056435117077068,15.152670860290527,1486200,0.0,0.0,0.0
2021-11-22 00:00:00-05:00,15.126428072032743,15.686341560815036,15.117679215186293,15.371389389038086,1787900,0.0,0.0,0.0
2021-11-23 00:00:00-05:00,15.633850204394545,16.088779083068275,15.625101347483188,16.05378532409668,1177200,0.0,0.0,0.0
2021-11-24 00:00:00-05:00,15.931306143794012,16.377487922388912,15.922558953828178,16.281253814697266,945400,0.0,0.0,0.0
2021-11-26 00:00:00-05:00,15.301400033202038,15.353891505024635,14.776480308954657,15.292651176452637,1756800,0.0,0.0,0.0
2021-11-29 00:00:00-05:00,15.78257913201179,15.940053567331644,15.24891048373791,15.432631492614746,1409400,0.0,0.0,0.0
2021-11-30 00:00:00-05:00,14.96894870493205,15.240156533027651,14.645247747264301,14.933953285217285,1668700,0.0,0.0,0.0
2021-12-01 00:00:00-05:00,15.450127205015686,15.47637377516947,14.330298575227873,14.3390474319458,1781600,0.0,0.0,0.0
2021-12-02 00:00:00-05:00,14.242812683595936,14.863966463642386,13.980352000274873,14.767730712890625,1383800,0.0,0.0,0.0
2021-12-03 00:00:00-05:00,15.030192282881321,15.187668368429135,14.479025983463977,14.680246353149414,1097000,0.0,0.0,0.0
2021-12-06 00:00:00-05:00,14.872715688421572,15.187667848740219,14.540267483720367,14.995196342468262,1477700,0.0,0.0,0.0
2021-12-07 00:00:00-05:00,15.301397925150527,15.835066432624568,15.283900214062362,15.677590370178223,992900,0.0,0.0,0.0
2021-12-08 00:00:00-05:00,15.773827248786635,15.852565285681848,15.62510003117053,15.756329536437988,677500,0.0,0.0,0.0
2021-12-09 00:00:00-05:00,15.61635411801131,15.668845596275954,15.45012915672026,15.485124588012695,754700,0.0,0.0,0.0
2021-12-10 00:00:00-05:00,15.6600920478686,15.730081220815975,15.213910444576511,15.642594337463379,547500,0.0,0.0,0.0
2021-12-13 00:00:00-05:00,15.46762388813832,15.49386878787011,14.925206488474313,14.942704200744629,1126400,0.0,0.0,0.0
2021-12-14 00:00:00-05:00,14.75023399481323,15.056435608349593,14.66274710437128,14.715238571166992,1020000,0.0,0.0,0.0
2021-12-15 00:00:00-05:00,14.680246735604646,14.890214298913943,14.172824707105379,14.785229682922363,880600,0.0,0.0,0.0
2021-12-16 00:00:00-05:00,14.968951004681157,15.318896912225329,14.715239178790563,14.750234603881836,1217800,0.0,0.0,0.0
2021-12-17 00:00:00-05:00,14.653996742640228,14.723985914067093,14.260306610443191,14.479022979736328,955800,0.0,0.0,0.0
2021-12-20 00:00:00-05:00,14.006598091033014,14.207816773304751,13.73538939499629,14.190319061279297,1706400,0.0,0.0,0.0
2021-12-21 00:00:00-05:00,14.409034051770227,14.84646679774754,14.400285196609861,14.820221900939941,1005500,0.0,0.0,0.0
2021-12-22 00:00:00-05:00,14.75898164623013,15.11767636596243,14.60150559002112,14.960200309753418,548900,0.0,0.0,0.0
2021-12-23 00:00:00-05:00,15.022872198044299,15.146444047746177,14.890473547143687,14.96108627319336,1066200,0.151,0.0,0.0
2021-12-27 00:00:00-05:00,14.969909350093758,15.68486499786377,14.811032000795935,15.68486499786377,853300,0.0,0.0,0.0
2021-12-28 00:00:00-05:00,15.746653425720563,15.87022527828507,15.464202514978707,15.543642044067383,760000,0.0,0.0,0.0
2021-12-29 00:00:00-05:00,15.517159546832142,15.658384983153937,15.375934110510348,15.473027229309082,827700,0.0,0.0,0.0
2021-12-30 00:00:00-05:00,15.49067461674473,15.614248100048602,15.155264724438808,15.172918319702148,984400,0.0,0.0,0.0
2021-12-31 00:00:00-05:00,15.102308061391097,15.225879881113785,15.040522151529755,15.164093971252441,690300,0.0,0.0,0.0
2022-01-03 00:00:00-05:00,15.181751204829036,15.764306613793062,15.181751204829036,15.75547981262207,1317600,0.0,0.0,0.0
2022-01-04 00:00:00-05:00,15.932009905561051,16.51456528235291,15.905531187050569,16.443952560424805,1350400,0.0,0.0,0.0
2022-01-05 00:00:00-05:00,16.602835349582747,16.77054123330715,15.967320708921465,15.99380111694336,1468400,0.0,0.0,0.0
2022-01-06 00:00:00-05:00,16.443952560424805,16.691097928943204,16.126196153518396,16.443952560424805,1331900,0.0,0.0,0.0
2022-01-07 00:00:00-05:00,16.532217518842707,16.629310634805506,16.30272577063788,16.496912002563477,1067100,0.0,0.0,0.0
2022-01-10 00:00:00-05:00,16.47926149015192,16.61166014719971,16.099717438685403,16.435129165649414,1447600,0.0,0.0,0.0
2022-01-11 00:00:00-05:00,16.594000956643384,17.16773108323783,16.33803053034375,17.097118377685547,936800,0.0,0.0,0.0
2022-01-12 00:00:00-05:00,17.23834936536447,17.450187550550577,17.07947030558983,17.40605354309082,2225800,0.0,0.0,0.0
2022-01-13 00:00:00-05:00,17.344263107857145,17.538449323124368,17.000026356850423,17.079465866088867,1449900,0.0,0.0,0.0
2022-01-14 00:00:00-05:00,17.097119621443163,17.644367708398867,17.088292822164547,17.60906219482422,1524500,0.0,0.0,0.0
2022-01-18 00:00:00-05:00,17.891514048849633,17.935646364197357,17.12359930360386,17.28247833251953,1560600,0.0,0.0,0.0
2022-01-19 00:00:00-05:00,17.476661728741284,17.49431532713645,16.894106450019226,17.079465866088867,1252400,0.0,0.0,0.0
2022-01-20 00:00:00-05:00,16.876457061257064,17.388399706566595,16.602831295794687,16.611658096313477,1459500,0.0,0.0,0.0
2022-01-21 00:00:00-05:00,16.355684837197895,16.45277625933222,15.817261881790298,16.020273208618164,1786800,0.0,0.0,0.0
2022-01-24 00:00:00-05:00,15.5436408962008,16.346861245634337,15.11113776062429,16.26742172241211,2093700,0.0,0.0,0.0
2022-01-25 00:00:00-05:00,16.117365018559852,17.070637350005665,15.773128302174863,16.955890655517578,1725600,0.0,0.0,0.0
2022-01-26 00:00:00-05:00,17.32661408243197,17.49431994436863,16.58518127308832,16.832324981689453,5978900,0.0,0.0,0.0
2022-01-27 00:00:00-05:00,17.16773633301129,17.4590140429276,16.49691458336218,16.91176414489746,2164900,0.0,0.0,0.0
2022-01-28 00:00:00-05:00,17.008857271340045,17.26482777584279,16.62931323171233,17.132429122924805,2362500,0.0,0.0,0.0
2022-01-31 00:00:00-05:00,17.16773564497606,17.344266613993977,16.67344489122954,17.15890884399414,1783600,0.0,0.0,0.0
2022-02-01 00:00:00-05:00,17.09712319528729,17.85620957298361,16.885283335398828,17.78559684753418,2697700,0.0,0.0,0.0
2022-02-02 00:00:00-05:00,17.882689571161052,18.032741819783663,17.44135962621692,17.997434616088867,2076900,0.0,0.0,0.0
2022-02-03 00:00:00-05:00,17.785598347278164,17.95330421568967,17.46784189773148,17.776771545410156,1182100,0.0,0.0,0.0
2022-02-04 00:00:00-05:00,17.95329714476274,18.579984678706797,17.935643547979616,18.050390243530273,1725700,0.0,0.0,0.0
2022-02-07 00:00:00-05:00,17.91799321986428,18.09452585281997,17.573756437494637,17.865034103393555,1457100,0.0,0.0,0.0
2022-02-08 00:00:00-05:00,17.759118919963885,17.767944037941113,17.132429480545003,17.27365493774414,2673800,0.0,0.0,0.0
2022-02-09 00:00:00-05:00,17.317788886752687,17.732638455429356,17.30896208526507,17.626718521118164,1687500,0.0,0.0,0.0
2022-02-10 00:00:00-05:00,17.485493195582617,18.209274087595205,17.485493195582617,17.670852661132812,1310700,0.0,0.0,0.0
2022-02-11 00:00:00-05:00,17.82090004893722,18.42993403780426,17.714980142785677,18.394628524780273,3696400,0.0,0.0,0.0
2022-02-14 00:00:00-05:00,18.385801622978136,18.394628422069793,17.74146044114514,17.953298568725586,2781800,0.0,0.0,0.0
2022-02-15 00:00:00-05:00,17.49432071167722,17.803252044518747,17.27365571443903,17.73263931274414,1718000,0.0,0.0,0.0
2022-02-16 00:00:00-05:00,17.909171479045487,18.324021056083094,17.635545678035307,17.7679443359375,2171800,0.0,0.0,0.0
2022-02-17 00:00:00-05:00,17.8297275017428,18.24457697533744,17.69732719331443,17.882686614990234,2224700,0.0,0.0,0.0
2022-02-18 00:00:00-05:00,17.653197968692837,18.015088392367826,17.556104841132175,17.688505172729492,1436400,0.0,0.0,0.0
2022-02-22 00:00:00-05:00,18.288711236255068,18.35049883908522,17.00885548135121,17.3089599609375,2525000,0.0,0.0,0.0
2022-02-23 00:00:00-05:00,17.49431802312413,17.926821149218412,17.45018570387494,17.714982986450195,3016100,0.0,0.0,0.0
2022-02-24 00:00:00-05:00,18.20044817380857,18.20044817380857,17.379574184134803,17.962129592895508,4032500,0.0,0.0,0.0
2022-02-25 00:00:00-05:00,17.953300824182815,18.244578496641356,17.767941387051017,18.226924896240234,2380800,0.0,0.0,0.0
2022-02-28 00:00:00-05:00,18.288714589855342,19.19785499572754,18.218101857212673,19.19785499572754,2026800,0.0,0.0,0.0
2022-03-01 00:00:00-05:00,19.44499698631062,19.886326908694556,19.259637543468543,19.648008346557617,2368000,0.0,0.0,0.0
2022-03-02 00:00:00-05:00,20.06286095154749,20.265872343000996,19.674491772299117,19.939289093017578,1861100,0.0,0.0,0.0
2022-03-03 00:00:00-05:00,19.753926636689258,19.93045927951946,19.436170236550968,19.73627471923828,2867100,0.0,0.0,0.0
2022-03-04 00:00:00-05:00,19.87750350747331,20.627764840536177,19.84219629954549,20.610111236572266,3052200,0.0,0.0,0.0
2022-03-07 00:00:00-05:00,20.980826148550303,21.5280743417203,20.274697221068177,20.82194709777832,4951100,0.0,0.0,0.0
2022-03-08 00:00:00-05:00,21.29858453447823,21.695782198108034,20.009901774328736,20.60128402709961,3185800,0.0,0.0,0.0
2022-03-09 00:00:00-05:00,19.93046074808808,20.548323359980714,19.497957593179308,20.301177978515625,8071600,0.0,0.0,0.0
2022-03-10 00:00:00-05:00,20.48653575195931,20.857252982386854,20.17760612955317,20.742507934570312,2462900,0.0,0.0,0.0
2022-03-11 00:00:00-05:00,20.530669712223514,20.821947415232966,20.18643288599603,20.21291160583496,1976400,0.0,0.0,0.0
2022-03-14 00:00:00-04:00,19.789241108921217,19.85985385528728,18.880100526360092,19.330257415771484,2264900,0.0,0.0,0.0
2022-03-15 00:00:00-04:00,18.53585881404536,19.365559632351037,18.438765681524625,19.17137336730957,2735900,0.0,0.0,0.0
2022-03-16 00:00:00-04:00,19.189025606117813,19.42734417797786,18.897747912802238,19.224332809448242,1237000,0.0,0.0,0.0
2022-03-17 00:00:00-04:00,19.72744835020074,20.283523325259672,19.709794748823604,20.186431884765625,1105900,0.0,0.0,0.0
2022-03-18 00:00:00-04:00,20.20408567040802,20.274698398904388,20.0010742864235,20.098167419433594,925100,0.0,0.0,0.0
2022-03-21 00:00:00-04:00,20.468878983436806,20.971994744767553,20.468878983436806,20.892555236816406,1055100,0.0,0.0,0.0
2022-03-22 00:00:00-04:00,20.892560186970513,20.95434611145174,20.362963902996853,20.742507934570312,981300,0.0,0.0,0.0
2022-03-23 00:00:00-04:00,21.10439678521029,21.369194065619784,20.9808249454912,21.23679542541504,984000,0.0,0.0,0.0
2022-03-24 00:00:00-04:00,21.351539592804006,21.633990440380668,21.20148736958642,21.483938217163086,756600,0.0,0.0,0.0
2022-03-25 00:00:00-04:00,21.396121942715393,22.51382827758789,21.396121942715393,22.51382827758789,2042700,0.121,0.0,0.0
2022-03-28 00:00:00-04:00,22.079166441785585,22.079166441785585,21.644502449489377,21.963848114013672,2079400,0.0,0.0,0.0
2022-03-29 00:00:00-04:00,21.369509416496193,21.86626797958832,21.01468187143039,21.857397079467773,1388600,0.0,0.0,0.0
2022-03-30 00:00:00-04:00,22.176744659712753,22.46060672064486,21.857398995188458,21.963848114013672,2209200,0.0,0.0,0.0
2022-03-31 00:00:00-04:00,21.733207863312778,22.327544635824278,21.635629653930664,21.635629653930664,1073200,0.0,0.0,0.0
2022-04-01 00:00:00-04:00,21.74207556737273,22.24770495629636,21.688851866420492,22.212223052978516,1225600,0.0,0.0,0.0
2022-04-04 00:00:00-04:00,22.53156921098249,22.638018315516756,21.91949066680046,22.23883628845215,1390000,0.0,0.0,0.0
2022-04-05 00:00:00-04:00,22.44286512382125,22.708987077339124,21.697726361093384,21.750951766967773,1002300,0.0,0.0,0.0
2022-04-06 00:00:00-04:00,21.97271921559032,22.203357565191933,21.555795329331062,21.750951766967773,1173400,0.0,0.0,0.0
2022-04-07 00:00:00-04:00,21.919490836050045,22.20335455301622,21.342895886244346,22.02593994140625,1062700,0.0,0.0,0.0
2022-04-08 00:00:00-04:00,22.167872330499186,22.842045527750436,22.167872330499186,22.771080017089844,1236900,0.0,0.0,0.0
2022-04-11 00:00:00-04:00,22.496087304105146,22.513827411568258,21.91949066680046,22.23883628845215,795000,0.0,0.0,0.0
2022-04-12 00:00:00-04:00,22.646891492214564,23.152520982699926,22.62914969101652,22.700115203857422,1432000,0.0,0.0,0.0
2022-04-13 00:00:00-04:00,23.046071499444317,23.276709835482055,22.638020230113028,23.232357025146484,1296500,0.0,0.0,0.0
2022-04-14 00:00:00-04:00,23.161388923485944,23.507345542881364,23.063810721317566,23.303319931030273,861200,0.0,0.0,0.0
2022-04-18 00:00:00-04:00,23.587183869954632,24.039589627883295,23.37428734127371,23.746856689453125,1331900,0.0,0.0,0.0
2022-04-19 00:00:00-04:00,23.489604607600093,23.675890119320663,23.072682469103402,23.356544494628906,1048300,0.0,0.0,0.0
2022-04-20 00:00:00-04:00,23.569443091906464,23.88878874475514,23.294451941926372,23.80895233154297,1083700,0.0,0.0,0.0
2022-04-21 00:00:00-04:00,24.004106399299356,24.11055551126586,22.6114071951157,22.771080017089844,1326500,0.0,0.0,0.0
2022-04-22 00:00:00-04:00,22.593664890042763,22.868657718170475,21.644500571666406,21.74207878112793,1666600,0.0,0.0,0.0
2022-04-25 00:00:00-04:00,21.076775146376992,21.458215367663133,20.20744729299761,21.32515525817871,4075600,0.0,0.0,0.0
2022-04-26 00:00:00-04:00,21.39612020517009,21.8130423218776,21.05016189918411,21.07677459716797,1864800,0.0,0.0,0.0
2022-04-27 00:00:00-04:00,21.218706297058205,21.61788832012715,20.65098225709446,21.3428955078125,2193000,0.0,0.0,0.0
2022-04-28 00:00:00-04:00,21.582406136125343,22.20335561449491,20.801785530014744,21.97271728515625,2098200,0.0,0.0,0.0
2022-04-29 00:00:00-04:00,22.052548352138285,22.30979762779881,21.298538937356053,21.4493408203125,1852300,0.0,0.0,0.0
2022-05-02 00:00:00-04:00,21.174354553031105,21.58240580423527,20.75743070981246,21.396121978759766,2173100,0.0,0.0,0.0
2022-05-03 00:00:00-04:00,21.546920724811258,22.629144993990653,21.546920724811258,22.540437698364258,2309800,0.0,0.0,0.0
2022-05-04 00:00:00-04:00,23.06381258912249,23.45412373745398,22.345286593746167,23.41864013671875,2131000,0.0,0.0,0.0
2022-05-05 00:00:00-04:00,23.569442987597267,23.631537599387197,22.105778238437253,22.797693252563477,3281100,0.0,0.0,0.0
2022-05-06 00:00:00-04:00,23.09929379432094,23.232353899376495,22.416249778564442,23.161388397216797,3035600,0.0,0.0,0.0
2022-05-09 00:00:00-04:00,22.638016946438388,22.638016946438388,20.580015713480535,20.721946716308594,2957500,0.0,0.0,0.0
2022-05-10 00:00:00-04:00,20.97919635060252,21.4759548682235,20.11873942108659,20.748558044433594,1830600,0.0,0.0,0.0
2022-05-11 00:00:00-04:00,21.174354011781457,22.070292899906605,20.88162108498038,20.925973892211914,3400200,0.0,0.0,0.0
2022-05-12 00:00:00-04:00,20.71307531044693,21.12112651060794,20.2340569186569,20.801782608032227,2725800,0.0,0.0,0.0
2022-05-13 00:00:00-04:00,21.236451694633057,21.857399545570026,21.236451694633057,21.66224479675293,1120100,0.0,0.0,0.0
2022-05-16 00:00:00-04:00,21.77756134877508,22.504959953759773,21.77756134877508,22.22996711730957,2812700,0.0,0.0,0.0
2022-05-17 00:00:00-04:00,22.63801991116644,23.054942075081087,22.35415786833509,22.87752914428711,1820700,0.0,0.0,0.0
2022-05-18 00:00:00-04:00,22.97510403553987,23.01058763435429,21.64449953511921,22.01706886291504,2612200,0.0,0.0,0.0
2022-05-19 00:00:00-04:00,21.458215891376163,22.469474778480038,21.458215891376163,22.02593994140625,2393500,0.0,0.0,0.0
2022-05-20 00:00:00-04:00,22.2920577584314,22.567050545911684,21.679980967603292,22.212223052978516,1165400,0.0,0.0,0.0
2022-05-23 00:00:00-04:00,22.425124516282537,23.329934400705056,22.229968082975635,23.285581588745117,2417300,0.0,0.0,0.0
2022-05-24 00:00:00-04:00,23.02832830243918,23.3831575314173,22.664629865492653,23.267837524414062,2582800,0.0,0.0,0.0
2022-05-25 00:00:00-04:00,23.383159059124885,24.270228805623386,23.383159059124885,24.243616104125977,3782300,0.0,0.0,0.0
2022-05-26 00:00:00-04:00,24.45651329557742,25.21939383943235,24.42990228531822,24.837953567504883,1774400,0.0,0.0,0.0
2022-05-27 00:00:00-04:00,24.758115251606796,25.751634062471567,24.562960526236566,25.725021362304688,1134000,0.0,0.0,0.0
2022-05-31 00:00:00-04:00,26.328229587361946,26.54112611734653,25.121814225498078,25.3080997467041,1701000,0.0,0.0,0.0
2022-06-01 00:00:00-04:00,25.698406437088718,26.34596854947201,25.40567352840352,26.15081214904785,1291600,0.0,0.0,0.0
2022-06-02 00:00:00-04:00,25.920180075348814,26.26613846293726,25.689541714273663,25.955663681030273,2315900,0.0,0.0,0.0
2022-06-03 00:00:00-04:00,25.964529546142444,26.2838734755756,25.83146943454937,26.221778869628906,825100,0.0,0.0,0.0
2022-06-06 00:00:00-04:00,26.532256228015726,26.612092641295714,26.17742866452204,26.479032516479492,1474400,0.0,0.0,0.0
2022-06-07 00:00:00-04:00,26.36371193550859,27.383843485109384,26.27500631550091,27.339488983154297,1076100,0.0,0.0,0.0
2022-06-08 00:00:00-04:00,27.561252738294655,27.561252738294655,26.718537617045683,27.01127052307129,1476600,0.0,0.0,0.0
2022-06-09 00:00:00-04:00,26.700798893167118,26.993531832900242,26.275005833910065,26.532255172729492,945200,0.0,0.0,0.0
2022-06-10 00:00:00-04:00,26.15081266052268,26.647572878635554,25.59195953008453,26.07097625732422,1439800,0.0,0.0,0.0
2022-06-13 00:00:00-04:00,25.086333901031715,25.175039525164888,23.871047562162133,24.51860809326172,2264900,0.0,0.0,0.0
2022-06-14 00:00:00-04:00,24.971011963055016,25.175037590000315,23.516218182121666,23.959753036499023,1756000,0.0,0.0,0.0
2022-06-15 00:00:00-04:00,24.048460347437906,24.367804292085008,23.214614347404122,23.737985610961914,1290100,0.0,0.0,0.0
2022-06-16 00:00:00-04:00,23.108166507913623,23.321064738647518,22.07916572448872,22.256580352783203,2325200,0.0,0.0,0.0
2022-06-17 00:00:00-04:00,22.11464682001894,22.221094231367754,20.32276570678663,20.677593231201172,4258800,0.0,0.0,0.0
2022-06-21 00:00:00-04:00,21.1300039551735,21.75982444037782,21.050167531810256,21.520315170288086,1942800,0.0,0.0,0.0
2022-06-22 00:00:00-04:00,20.40260718465372,20.757434797300874,20.021166866576213,20.18971061706543,1887300,0.0,0.0,0.0
2022-06-23 00:00:00-04:00,20.420348986965905,20.49131450949079,18.930071321991807,19.29376983642578,1585900,0.0,0.0,0.0
2022-06-24 00:00:00-04:00,19.611696589590732,20.254704152125143,19.33484705760255,19.70993423461914,2128500,0.146,0.0,0.0
2022-06-27 00:00:00-04:00,19.968921510910214,20.68337238468409,19.870683876996836,20.531551361083984,868600,0.0,0.0,0.0
2022-06-28 00:00:00-04:00,21.1388391886411,21.45141213988758,20.736959436554834,21.272798538208008,2150600,0.0,0.0,0.0
2022-06-29 00:00:00-04:00,21.59430032147589,21.737190508109506,20.138604202991043,20.2279109954834,2428400,0.0,0.0,0.0
2022-06-30 00:00:00-04:00,19.692071790930097,20.272565085927955,19.37950057471325,19.56704330444336,1355100,0.0,0.0,0.0
2022-07-01 00:00:00-04:00,19.76351763036853,19.870686125252742,18.98655243015337,19.70993423461914,1206800,0.0,0.0,0.0
2022-07-05 00:00:00-04:00,19.20982034116289,19.254472891181862,18.111351258194368,18.566814422607422,2169100,0.0,0.0,0.0
2022-07-06 00:00:00-04:00,18.379268552904776,18.8079391323381,17.495134844053997,18.227447509765625,1979000,0.0,0.0,0.0
2022-07-07 00:00:00-04:00,18.763286328665178,19.549182380191663,18.763286328665178,19.379501342773438,1280600,0.0,0.0,0.0
2022-07-08 00:00:00-04:00,19.611696273858296,19.70993391730516,19.0044138239093,19.28126335144043,626200,0.0,0.0,0.0
2022-07-11 00:00:00-04:00,19.084792832471027,19.32591899987287,18.763289004754323,19.138376235961914,587700,0.0,0.0,0.0
2022-07-12 00:00:00-04:00,18.531092663751824,18.834734800296207,18.200657972787965,18.620399475097656,516000,0.0,0.0,0.0
2022-07-13 00:00:00-04:00,18.37926744139772,19.18302515507341,18.37926744139772,18.879383087158203,959400,0.0,0.0,0.0
2022-07-14 00:00:00-04:00,18.191726653256115,18.4953670501709,17.78091605145574,18.4953670501709,788500,0.0,0.0,0.0
2022-07-15 00:00:00-04:00,18.888315795329802,18.97762259527881,18.450714349303755,18.93297004699707,596100,0.0,0.0,0.0
2022-07-18 00:00:00-04:00,19.42414931514102,19.933195714306557,19.42414931514102,19.59383201599121,599300,0.0,0.0,0.0
2022-07-19 00:00:00-04:00,19.55811754681497,20.442251438692562,19.55811754681497,20.41546058654785,778700,0.0,0.0,0.0
2022-07-20 00:00:00-04:00,20.201124582776544,20.942368227356766,20.004649255504305,20.906644821166992,1093100,0.0,0.0,0.0
2022-07-21 00:00:00-04:00,20.272565688419593,20.477970123291016,19.781379170622436,20.477970123291016,765800,0.0,0.0,0.0
2022-07-22 00:00:00-04:00,20.42438489104382,20.763748635379866,19.93319841742303,20.067157745361328,694500,0.0,0.0,0.0
2022-07-25 00:00:00-04:00,20.37080152096967,21.21921350868165,20.147535387717618,21.192420959472656,1025900,0.0,0.0,0.0
2022-07-26 00:00:00-04:00,21.630023950044734,21.701469049748333,20.82626615253286,21.1209774017334,1153900,0.0,0.0,0.0
2022-07-27 00:00:00-04:00,21.2906586006078,21.862219356580493,20.987016523150952,21.75505256652832,568800,0.0,0.0,0.0
2022-07-28 00:00:00-04:00,21.942594652095377,22.14799907977725,21.246005427194167,21.76398277282715,781200,0.0,0.0,0.0
2022-07-29 00:00:00-04:00,22.210517350512106,22.540950298601658,22.067625447403696,22.3444766998291,1231500,0.0,0.0,0.0
2022-08-01 00:00:00-04:00,21.83543017026055,22.005111217969876,21.344243617803926,21.808637619018555,874100,0.0,0.0,0.0
2022-08-02 00:00:00-04:00,21.728255583971734,21.933659975816308,21.371030184375716,21.737186431884766,714400,0.0,0.0,0.0
2022-08-03 00:00:00-04:00,22.0140393189695,22.022970168268092,20.799472771911717,21.15669822692871,664400,0.0,0.0,0.0
2022-08-04 00:00:00-04:00,20.924499151423806,21.02273678044547,20.05822559380038,20.1118106842041,1341500,0.0,0.0,0.0
2022-08-05 00:00:00-04:00,19.843892630508684,20.978084957392,19.781378387881084,20.719097137451172,661800,0.0,0.0,0.0
2022-08-08 00:00:00-04:00,20.6387203525175,20.97808410007795,20.576206112444677,20.728025436401367,409000,0.0,0.0,0.0
2022-08-09 00:00:00-04:00,21.049528723799757,21.46033925480052,20.969152787373197,21.09418296813965,406500,0.0,0.0,0.0
2022-08-10 00:00:00-04:00,21.12990191273379,21.531781542610712,20.683369747708333,21.48712730407715,517200,0.0,0.0,0.0
2022-08-11 00:00:00-04:00,21.98724733738111,22.73741990242871,21.98724733738111,22.52308464050293,1472800,0.0,0.0,0.0
2022-08-12 00:00:00-04:00,22.442711954616403,22.72849404862432,22.18372411438439,22.683839797973633,752300,0.0,0.0,0.0
2022-08-15 00:00:00-04:00,21.790772087883443,22.27302770515683,21.34423986598671,22.16585922241211,913100,0.0,0.0,0.0
2022-08-16 00:00:00-04:00,22.460573378924106,22.728493769380055,21.97831940152015,22.228376388549805,1399900,0.0,0.0,0.0
2022-08-17 00:00:00-04:00,22.28196222235185,22.683840266190234,21.969389274887206,22.371267318725586,909900,0.0,0.0,0.0
2022-08-18 00:00:00-04:00,22.764211878803916,23.46080274015534,22.75528103019086,23.425079345703125,1131000,0.0,0.0,0.0
2022-08-19 00:00:00-04:00,23.31791844223447,23.407223544088012,23.014276326452652,23.219680786132812,749800,0.0,0.0,0.0
2022-08-22 00:00:00-04:00,23.07678601247038,23.478665704826422,22.576670386838085,23.434011459350586,1260800,0.0,0.0,0.0
2022-08-23 00:00:00-04:00,23.907336919355874,24.702163774137475,23.800168430558696,23.987712860107422,2161300,0.0,0.0,0.0
2022-08-24 00:00:00-04:00,24.059157647842905,24.46103564314292,23.916267466840413,24.42531394958496,1235600,0.0,0.0,0.0
2022-08-25 00:00:00-04:00,24.621790488314257,24.657513889560427,24.202050743984906,24.46103858947754,823900,0.0,0.0,0.0
2022-08-26 00:00:00-04:00,24.478899157968073,24.80933379067067,24.139535378752424,24.273494720458984,1318600,0.0,0.0,0.0
2022-08-29 00:00:00-04:00,24.121671751363493,25.032597927591606,24.023434113715762,24.630718231201172,1354600,0.0,0.0,0.0
2022-08-30 00:00:00-04:00,24.175256610340018,24.175256610340018,23.201816134123078,23.48759651184082,1562000,0.0,0.0,0.0
2022-08-31 00:00:00-04:00,22.92496814798994,24.014506337163922,22.746354548210682,23.621559143066406,2399900,0.0,0.0,0.0
2022-09-01 00:00:00-04:00,23.282189065632178,23.380426696530517,22.746350075054707,22.916032791137695,1893300,0.0,0.0,0.0
2022-09-02 00:00:00-04:00,23.59476463169192,23.71086226953249,23.148232372729836,23.41615104675293,3226200,0.0,0.0,0.0
2022-09-06 00:00:00-04:00,23.603693829442495,23.68406976670163,22.942826336833722,23.005340576171875,1692400,0.0,0.0,0.0
2022-09-07 00:00:00-04:00,22.54094671505978,22.826727069072376,22.174790423557972,22.59453010559082,1720000,0.0,0.0,0.0
2022-09-08 00:00:00-04:00,22.710629507809916,22.933895622981645,22.496294241651288,22.799936294555664,1682700,0.0,0.0,0.0
2022-09-09 00:00:00-04:00,23.300056537426503,23.59476779977714,23.130373779289584,23.45187759399414,1191900,0.0,0.0,0.0
2022-09-12 00:00:00-04:00,23.800169316518488,24.112742241811645,23.5322506396303,23.925199508666992,847700,0.0,0.0,0.0
2022-09-13 00:00:00-04:00,23.585833635122007,24.014504192241688,23.21967732132578,23.317914962768555,1453800,0.0,0.0,0.0
2022-09-14 00:00:00-04:00,23.710864087417743,24.54141442530624,23.684073239992642,24.336009979248047,1976100,0.0,0.0,0.0
2022-09-15 00:00:00-04:00,23.80016788632086,24.050226552205963,23.45187328661882,23.559040069580078,1028700,0.0,0.0,0.0
2022-09-16 00:00:00-04:00,23.362569803944698,23.407222352598538,22.344476704844368,22.85352325439453,1381800,0.0,0.0,0.0
2022-09-19 00:00:00-04:00,22.148000155168248,22.924967063035847,22.085485909219734,22.871383666992188,1015200,0.0,0.0,0.0
2022-09-20 00:00:00-04:00,22.710629059303763,22.764212448938896,22.16585920395997,22.52308464050293,842600,0.0,0.0,0.0
2022-09-21 00:00:00-04:00,22.933895442782134,23.049993072269693,22.103345228327576,22.112276077270508,1228700,0.0,0.0,0.0
2022-09-22 00:00:00-04:00,22.469503457457094,22.603462796392858,21.549646377563477,21.549646377563477,1524700,0.0,0.0,0.0
2022-09-23 00:00:00-04:00,20.65565180249489,20.65565180249489,19.63728927526053,19.844566345214844,3466100,0.218,0.0,0.0
2022-09-26 00:00:00-04:00,19.691360875758214,19.952709847106597,19.13261213180068,19.150636672973633,2182300,0.0,0.0,0.0
2022-09-27 00:00:00-04:00,19.51111645209042,19.835551276808896,19.276802603006477,19.46605682373047,1380000,0.0,0.0,0.0
2022-09-28 00:00:00-04:00,19.673337966535854,20.700712833809366,19.51112052035267,20.619604110717773,1896400,0.0,0.0,0.0
2022-09-29 00:00:00-04:00,20.44837644533154,20.601581622677212,19.853580278910705,20.59256935119629,1466700,0.0,0.0,0.0
2022-09-30 00:00:00-04:00,20.36726399497932,20.85391453351739,20.159986945581895,20.583553314208984,1743900,0.0,0.0,0.0
2022-10-03 00:00:00-04:00,21.439701642916855,21.962401299857863,21.367603478869285,21.836231231689453,1484000,0.0,0.0,0.0
2022-10-04 00:00:00-04:00,22.440036866376907,22.935701370239258,22.21473528796165,22.935701370239258,2165300,0.0,0.0,0.0
2022-10-05 00:00:00-04:00,22.881628399432262,23.476424445718227,22.376953330838198,23.323219299316406,1830700,0.0,0.0,0.0
2022-10-06 00:00:00-04:00,23.170018013454925,23.71074225078597,23.07989873966222,23.557537078857422,1545700,0.0,0.0,0.0
2022-10-07 00:00:00-04:00,23.5214873788842,23.990115119326152,23.215077065434834,23.386306762695312,1930400,0.0,0.0,0.0
2022-10-10 00:00:00-04:00,23.377295032275242,23.764814068169812,22.71941303884466,22.818546295166016,1687600,0.0,0.0,0.0
2022-10-11 00:00:00-04:00,22.349918170393938,23.106931688579955,22.187702461281052,22.6383056640625,1304700,0.0,0.0,0.0
2022-10-12 00:00:00-04:00,22.5121339526832,23.00779847085637,22.21473592934517,22.8455810546875,679400,0.0,0.0,0.0
2022-10-13 00:00:00-04:00,22.422014606423883,23.755801392576654,22.38596724404938,23.611608505249023,1805500,0.0,0.0,0.0
2022-10-14 00:00:00-04:00,23.386307806282904,23.665681321395304,22.476089095585213,22.512136459350586,2292700,0.0,0.0,0.0
2022-10-17 00:00:00-04:00,22.764472346603068,23.151991347692096,22.629291739433906,22.8455810546875,737400,0.0,0.0,0.0
2022-10-18 00:00:00-04:00,23.070880936603857,23.368278937989107,22.638302338027955,23.06186866760254,1916900,0.0,0.0,0.0
2022-10-19 00:00:00-04:00,23.025823060454236,23.701727867147586,22.89064244289853,23.593584060668945,1441300,0.0,0.0,0.0
2022-10-20 00:00:00-04:00,23.890979676114984,24.07121990821279,23.3051959136965,23.395315170288086,1023700,0.0,0.0,0.0
2022-10-21 00:00:00-04:00,23.557533184732787,23.8459189385944,23.151991362957897,23.827896118164062,1209000,0.0,0.0,0.0
2022-10-24 00:00:00-04:00,23.827899884054506,24.071224328009883,23.620621086656662,23.836912155151367,4192700,0.0,0.0,0.0
2022-10-25 00:00:00-04:00,23.80086266804911,24.179369453138012,23.62062068699157,24.12529754638672,1555500,0.0,0.0,0.0
2022-10-26 00:00:00-04:00,24.233440484667383,24.7291050552166,24.206405391725607,24.467754364013672,2054400,0.0,0.0,0.0
2022-10-27 00:00:00-04:00,24.81020759020371,25.06254422900114,24.260471251827422,24.27849578857422,1090400,0.0,0.0,0.0
2022-10-28 00:00:00-04:00,24.4857794505735,24.64799688749635,23.58457299559312,24.152332305908203,914100,0.0,0.0,0.0
2022-10-31 00:00:00-04:00,24.026164203841578,24.81922685512081,24.008139662013658,24.602935791015625,862400,0.0,0.0,0.0
2022-11-01 00:00:00-04:00,25.04452368011787,25.08958330715268,24.647992430336103,24.738113403320312,816900,0.0,0.0,0.0
2022-11-02 00:00:00-04:00,24.66601972258657,24.945393223005517,24.05319910057228,24.143320083618164,1257700,0.0,0.0,0.0
2022-11-03 00:00:00-04:00,23.945050508395592,24.66601656145067,23.854929536899387,24.521821975708008,901700,0.0,0.0,0.0
2022-11-04 00:00:00-04:00,25.161681310350552,25.49512841550503,24.46775200970116,25.026500701904297,2317700,0.0,0.0,0.0
2022-11-07 00:00:00-05:00,25.287848185268025,25.846596845128214,25.233776288802392,25.711416244506836,1356200,0.0,0.0,0.0
2022-11-08 00:00:00-05:00,25.56722836596014,25.65734763802466,25.080576046020052,25.558216094970703,1225600,0.0,0.0,0.0
2022-11-09 00:00:00-05:00,25.06254553943824,25.080570077127483,23.782832585049057,23.845916748046875,1432900,0.0,0.0,0.0
2022-11-10 00:00:00-05:00,24.440719451431434,24.69305615496273,23.963079418595246,24.684043884277344,888700,0.0,0.0,0.0
2022-11-11 00:00:00-05:00,25.152670053052354,25.585248705058543,25.008477169050288,25.377971649169922,841800,0.0,0.0,0.0
2022-11-14 00:00:00-05:00,25.323898968613445,25.75647760731657,24.9814395904541,24.9814395904541,756800,0.0,0.0,0.0
2022-11-15 00:00:00-05:00,25.17069337347986,25.585247465167324,24.93637951860294,25.54018783569336,842900,0.0,0.0,0.0
2022-11-16 00:00:00-05:00,25.215753100056844,25.215753100056844,24.647993859490967,24.792186737060547,888100,0.0,0.0,0.0
2022-11-17 00:00:00-05:00,24.377629603883708,24.720088958740234,24.17035256847373,24.720088958740234,1222100,0.0,0.0,0.0
2022-11-18 00:00:00-05:00,24.152334030934387,24.503805742341942,23.68370794724935,24.43170928955078,710800,0.0,0.0,0.0
2022-11-21 00:00:00-05:00,23.918017299766937,24.107269807758133,23.097917941727665,24.044185638427734,1322400,0.0,0.0,0.0
2022-11-22 00:00:00-05:00,24.35059663483075,24.95440497408827,24.33257209481357,24.9273681640625,783000,0.0,0.0,0.0
2022-11-23 00:00:00-05:00,24.629972457885742,24.873298614376782,24.34158666600669,24.629972457885742,442100,0.0,0.0,0.0
2022-11-25 00:00:00-05:00,24.684044797159824,24.846262237666252,24.548864169709447,24.58491325378418,145400,0.0,0.0,0.0
2022-11-28 00:00:00-05:00,23.836909963412563,24.17936763903038,23.67469253641446,23.85493278503418,679800,0.0,0.0,0.0
2022-11-29 00:00:00-05:00,24.15232575026107,24.43170091309313,23.972085539536394,24.27849578857422,853900,0.0,0.0,0.0
2022-11-30 00:00:00-05:00,24.602934360700708,24.67503080490607,24.0171505366678,24.54886245727539,525600,0.0,0.0,0.0
2022-12-01 00:00:00-05:00,24.747128771313903,24.855274303731413,24.08924846260924,24.12529754638672,714900,0.0,0.0,0.0
2022-12-02 00:00:00-05:00,23.918017346994862,24.188378564348906,23.827896368238616,24.035173416137695,676900,0.0,0.0,0.0
2022-12-05 00:00:00-05:00,24.224425770018165,24.43170453551008,22.917677602587442,23.07989501953125,763000,0.0,0.0,0.0
2022-12-06 00:00:00-05:00,22.83657035955127,23.260136749595844,22.232762001577413,22.40399169921875,991900,0.0,0.0,0.0
2022-12-07 00:00:00-05:00,22.458059217302207,22.656323968183212,22.052515728097358,22.214733123779297,907500,0.0,0.0,0.0
2022-12-08 00:00:00-05:00,22.66533768919008,22.782495468652478,21.70104724074599,21.791168212890625,932700,0.0,0.0,0.0
2022-12-09 00:00:00-05:00,21.81820573173401,22.061531867955484,21.457723521914104,21.47574806213379,594200,0.0,0.0,0.0
2022-12-12 00:00:00-05:00,21.683027839292325,22.196715267621517,21.59290684579782,22.106595993041992,1012500,0.0,0.0,0.0
2022-12-13 00:00:00-05:00,22.656329352241816,22.818546786473167,22.31387166135386,22.512136459350586,668600,0.0,0.0,0.0
2022-12-14 00:00:00-05:00,22.647317662361306,22.782500006964092,22.151654795200805,22.440040588378906,650000,0.0,0.0,0.0
2022-12-15 00:00:00-05:00,22.178687930771517,22.449049137322515,21.962398621747795,22.422012329101562,474800,0.0,0.0,0.0
2022-12-16 00:00:00-05:00,21.90832411717037,22.079553791132373,21.60191384541292,22.04350471496582,927600,0.0,0.0,0.0
2022-12-19 00:00:00-05:00,22.133628459392686,22.259798522867783,21.556856919785773,21.7010498046875,424200,0.0,0.0,0.0
2022-12-20 00:00:00-05:00,21.601915187574345,21.998446455470734,21.574880097684257,21.890302658081055,430200,0.0,0.0,0.0
2022-12-21 00:00:00-05:00,22.331896582197448,22.52114911274023,22.03449852069101,22.476089477539062,554600,0.0,0.0,0.0
2022-12-22 00:00:00-05:00,22.458064538085143,22.458064538085143,21.340568759524775,21.80018424987793,1021000,0.0,0.0,0.0
2022-12-23 00:00:00-05:00,22.017898078296344,22.619131397540883,21.91769194591629,22.610021591186523,367500,0.259,0.0,0.0
2022-12-27 00:00:00-05:00,22.728452551766583,22.846876586512188,22.564479474797054,22.783109664916992,496900,0.0,0.0,0.0
2022-12-28 00:00:00-05:00,22.6464664283154,22.6464664283154,21.771943914290294,21.826601028442383,427100,0.0,0.0,0.0
2022-12-29 00:00:00-05:00,21.735505059894276,22.291189450358914,21.626189100898973,22.181875228881836,798500,0.0,0.0,0.0
2022-12-30 00:00:00-05:00,22.06344797907459,22.345846796867978,21.981461449717557,22.327627182006836,367500,0.0,0.0,0.0
2023-01-03 00:00:00-05:00,22.0361227413781,22.190986009858925,20.88831294043523,21.106943130493164,871800,0.0,0.0,0.0
2023-01-04 00:00:00-05:00,20.78810561518098,21.4348880780314,20.678791395063126,21.24358558654785,1357200,0.0,0.0,0.0
2023-01-05 00:00:00-05:00,21.134266764643943,21.398444187005133,20.99762141297255,21.21625328063965,1076700,0.0,0.0,0.0
2023-01-06 00:00:00-05:00,21.55331196237564,21.954134821011163,21.507764660549913,21.771942138671875,429600,0.0,0.0,0.0
2023-01-09 00:00:00-05:00,22.22742359893585,22.491602832308057,22.027013024925363,22.099889755249023,638400,0.0,0.0,0.0
2023-01-10 00:00:00-05:00,22.108998277610702,22.200094619595625,21.726395031288604,22.081668853759766,422300,0.0,0.0,0.0
2023-01-11 00:00:00-05:00,22.35496149865348,22.35496149865348,21.935918952693314,22.24564552307129,446300,0.0,0.0,0.0
2023-01-12 00:00:00-05:00,22.427834778673613,23.038178015903462,22.391395546591486,22.865095138549805,375500,0.0,0.0,0.0
2023-01-13 00:00:00-05:00,22.801329021389893,22.919753054782962,22.49160248787783,22.892423629760742,401400,0.0,0.0,0.0
2023-01-17 00:00:00-05:00,23.038178199687987,23.183931654142786,22.764889169446572,22.910642623901367,497300,0.0,0.0,0.0
2023-01-18 00:00:00-05:00,23.019956700172912,23.40255992119444,22.455160807229475,22.491600036621094,313500,0.0,0.0,0.0
2023-01-19 00:00:00-05:00,22.400506917950782,22.965301154495148,22.291190951593425,22.87420654296875,396200,0.0,0.0,0.0
2023-01-20 00:00:00-05:00,22.992631466191373,23.12016531725589,22.701124528033386,23.056398391723633,233000,0.0,0.0,0.0
2023-01-23 00:00:00-05:00,23.24769726858519,23.502764930807224,23.183930353029677,23.366121292114258,395000,0.0,0.0,0.0
2023-01-24 00:00:00-05:00,23.366120263925346,23.366120263925346,22.928859944341536,23.02906608581543,539800,0.0,0.0,0.0
2023-01-25 00:00:00-05:00,22.855983964534154,22.95619010925293,22.500710160557578,22.95619010925293,514400,0.0,0.0,0.0
2023-01-26 00:00:00-05:00,23.183930661240346,23.375231410450056,22.737558771381373,23.357011795043945,667500,0.0,0.0,0.0
2023-01-27 00:00:00-05:00,23.366121187735388,23.602970971253633,23.147491019299654,23.211257934570312,493600,0.0,0.0,0.0
2023-01-30 00:00:00-05:00,22.928863935314826,22.992630859163576,22.500713348388672,22.500713348388672,611200,0.0,0.0,0.0
2023-01-31 00:00:00-05:00,22.500713513212354,22.865097178958962,22.400507353562645,22.810440063476562,577200,0.0,0.0,0.0
2023-02-01 00:00:00-05:00,22.66468294779455,22.673792755859562,21.790162223772334,22.282079696655273,1015200,0.0,0.0,0.0
2023-02-02 00:00:00-05:00,22.24564569315383,22.382289360537435,21.699069286100915,21.926809310913086,763300,0.0,0.0,0.0
2023-02-03 00:00:00-05:00,21.945021531568173,22.427830846906932,21.799268103827774,21.817487716674805,1635600,0.0,0.0,0.0
2023-02-06 00:00:00-05:00,21.835708855174065,21.963244426644508,21.307352166277013,21.462215423583984,901900,0.0,0.0,0.0
2023-02-07 00:00:00-05:00,21.598860459259697,22.245642953584078,21.425779312730857,22.209203720092773,624100,0.0,0.0,0.0
2023-02-08 00:00:00-05:00,22.227421136599936,22.345846896205714,21.781050995626263,22.008790969848633,942000,0.0,0.0,0.0
2023-02-09 00:00:00-05:00,22.072560599557224,22.099890025331955,21.699067134894214,21.726396560668945,850000,0.0,0.0,0.0
2023-02-10 00:00:00-05:00,22.07255738881009,22.673790768250143,22.054337774277222,22.65557289123535,531000,0.0,0.0,0.0
2023-02-13 00:00:00-05:00,22.50071193406308,22.70112250177887,22.300299628829038,22.53714942932129,624600,0.0,0.0,0.0
2023-02-14 00:00:00-05:00,22.336736586982454,22.773996910662845,22.263859866369057,22.65557289123535,295800,0.0,0.0,0.0
2023-02-15 00:00:00-05:00,22.33673688239114,22.40961360396835,21.80838021657684,22.17276382446289,532100,0.0,0.0,0.0
2023-02-16 00:00:00-05:00,22.108996380272977,22.36406403091965,21.872146606445312,21.872146606445312,397100,0.0,0.0,0.0
2023-02-17 00:00:00-05:00,21.54420214072527,21.54420214072527,20.87009199653023,20.98851776123047,825600,0.0,0.0,0.0
2023-02-21 00:00:00-05:00,20.851874066147012,21.006737337297636,20.56036714104427,20.624134063720703,559100,0.0,0.0,0.0
2023-02-22 00:00:00-05:00,20.642352435902342,20.88831204069242,20.38728302306246,20.660572052001953,656400,0.0,0.0,0.0
2023-02-23 00:00:00-05:00,21.043177665352914,21.307355178387763,20.824547460163185,21.170711517333984,749300,0.0,0.0,0.0
2023-02-24 00:00:00-05:00,20.95208116071583,21.562424464028723,20.83365711866336,21.489547729492188,742100,0.0,0.0,0.0
2023-02-27 00:00:00-05:00,21.55331305419702,21.68084689578406,21.31646325016517,21.480436325073242,460300,0.0,0.0,0.0
2023-02-28 00:00:00-05:00,21.68084652308078,21.699066139428094,21.12516212463379,21.12516212463379,383400,0.0,0.0,0.0
2023-03-01 00:00:00-05:00,21.09783245188027,21.662628389373896,21.043175340999667,21.498655319213867,285400,0.0,0.0,0.0
2023-03-02 00:00:00-05:00,21.453105730280008,21.99057222983006,21.307352279980147,21.881258010864258,143900,0.0,0.0,0.0
2023-03-03 00:00:00-05:00,21.617080163233613,22.436943807395114,21.57153285870398,22.36406707763672,336400,0.0,0.0,0.0
2023-03-06 00:00:00-05:00,22.145434606878435,22.154544414349502,21.89036694776097,22.008790969848633,483300,0.0,0.0,0.0
2023-03-07 00:00:00-05:00,21.908581868411588,21.98145858082661,21.59885540626827,21.671733856201172,408600,0.0,0.0,0.0
2023-03-08 00:00:00-05:00,21.553306807993085,21.88125286276961,21.22536075321656,21.443992614746094,586600,0.0,0.0,0.0
2023-03-09 00:00:00-05:00,21.51687672962191,21.84482115977076,20.942970936204265,20.97941017150879,517100,0.0,0.0,0.0
2023-03-10 00:00:00-05:00,20.915639312664005,21.16159891257785,20.432831658223705,20.51481819152832,505800,0.0,0.0,0.0
2023-03-13 00:00:00-04:00,19.977353605494006,20.605916508595993,19.66762705831438,20.041120529174805,917300,0.0,0.0,0.0
2023-03-14 00:00:00-04:00,20.150432228034603,20.687896929856244,19.78604690558754,20.104883193969727,365000,0.0,0.0,0.0
2023-03-15 00:00:00-04:00,19.357900364115984,19.42166728731249,18.52892688752472,18.893310546875,900700,0.0,0.0,0.0
2023-03-16 00:00:00-04:00,18.53803388180184,19.348787617959466,18.510704459930274,19.339677810668945,700100,0.0,0.0,0.0
2023-03-17 00:00:00-04:00,19.193923722479244,19.321457545214223,18.683786694021308,18.884197235107422,534600,0.0,0.0,0.0
2023-03-20 00:00:00-04:00,18.947965088847006,19.53098060217022,18.947965088847006,19.330568313598633,418000,0.0,0.0,0.0
2023-03-21 00:00:00-04:00,19.6949555669269,20.177763245168766,19.6949555669269,20.068449020385742,363300,0.0,0.0,0.0
2023-03-22 00:00:00-04:00,20.06845065670325,20.177764890399406,19.540093893789365,19.54920196533203,268100,0.0,0.0,0.0
2023-03-23 00:00:00-04:00,19.76782919025525,19.950020115442587,19.093717380756296,19.2576904296875,489100,0.0,0.0,0.0
2023-03-24 00:00:00-04:00,18.976218000391746,19.55571572677896,18.838242936067978,19.46373176574707,558600,0.204,0.0,0.0
2023-03-27 00:00:00-04:00,19.758080520400405,20.04323099644557,19.390146403106293,19.932849884033203,321500,0.0,0.0,0.0
2023-03-28 00:00:00-04:00,19.877665524255942,20.392773426309052,19.850069800156252,20.181211471557617,206400,0.0,0.0,0.0
2023-03-29 00:00:00-04:00,20.457158273598736,20.521546531281288,20.30078603874892,20.475555419921875,309900,0.0,0.0,0.0
2023-03-30 00:00:00-04:00,20.650323651754743,20.66871904260561,20.319182054162404,20.457157135009766,264000,0.0,0.0,0.0
2023-03-31 00:00:00-04:00,20.641127215926595,20.80669803186307,20.576738955162078,20.71471405029297,312800,0.0,0.0,0.0
2023-04-03 00:00:00-04:00,21.65294765158323,21.993286104924493,21.459781113527253,21.86450958251953,444500,0.0,0.0,0.0
2023-04-04 00:00:00-04:00,21.993288041009063,22.002486615483253,21.220625329664188,21.579360961914062,342100,0.0,0.0,0.0
2023-04-05 00:00:00-04:00,21.54256668045637,21.708137498736463,21.21142504389619,21.643749237060547,296700,0.0,0.0,0.0
2023-04-06 00:00:00-04:00,21.606954936461396,21.616153510191047,21.358598709106445,21.358598709106445,159700,0.0,0.0,0.0
2023-04-10 00:00:00-04:00,21.551764717672274,22.06687255270488,21.551764717672274,21.76332664489746,235100,0.0,0.0,0.0
2023-04-11 00:00:00-04:00,21.846113239674764,22.10366804841769,21.7173367125276,22.039278030395508,424500,0.0,0.0,0.0
2023-04-12 00:00:00-04:00,22.204848625682075,22.204848625682075,21.882907311118032,21.93809700012207,171600,0.0,0.0,0.0
2023-04-13 00:00:00-04:00,21.947293718933,22.24164104133957,21.919697999539224,22.13125991821289,233100,0.0,0.0,0.0
2023-04-14 00:00:00-04:00,22.103667089552868,22.306030445498187,21.993285960751816,22.149658203125,206700,0.0,0.0,0.0
2023-04-17 00:00:00-04:00,22.14965681942945,22.269234759916042,21.76332552443278,21.809316635131836,314500,0.0,0.0,0.0
2023-04-18 00:00:00-04:00,21.772525988819677,21.8277156773425,21.551765480279826,21.744930267333984,154000,0.0,0.0,0.0
2023-04-19 00:00:00-04:00,21.386192164152515,21.542564392089844,21.2114227907053,21.542564392089844,220900,0.0,0.0,0.0
2023-04-20 00:00:00-04:00,21.24821662902832,21.3310020276107,21.03665472351705,21.24821662902832,190900,0.0,0.0,0.0
2023-04-21 00:00:00-04:00,21.294209261334466,21.349398946189698,21.00906050939258,21.147035598754883,194000,0.0,0.0,0.0
2023-04-24 00:00:00-04:00,21.06424780430582,21.551761602817823,21.055049232132205,21.48737335205078,182200,0.0,0.0,0.0
2023-04-25 00:00:00-04:00,21.220625495702606,21.229824070248767,20.742310145994455,20.81589698791504,213700,0.0,0.0,0.0
2023-04-26 00:00:00-04:00,20.69631476055442,20.89867809550066,20.309983481512802,20.457157135009766,238200,0.0,0.0,0.0
2023-04-27 00:00:00-04:00,20.503150993705884,20.75150544950965,20.328381613774884,20.69631576538086,140600,0.0,0.0,0.0
2023-04-28 00:00:00-04:00,20.68711839485515,21.44138388810599,20.641127281149036,21.257417678833008,447600,0.0,0.0,0.0
2023-05-01 00:00:00-04:00,20.981464008249638,21.31260561394398,20.91707575257538,21.101043701171875,135200,0.0,0.0,0.0
2023-05-02 00:00:00-04:00,20.83429272441617,20.83429272441617,19.886862418231694,20.153614044189453,291300,0.0,0.0,0.0
2023-05-03 00:00:00-04:00,19.794875528749444,20.162809659415203,19.712090130043606,19.785676956176758,343400,0.0,0.0,0.0
2023-05-04 00:00:00-04:00,19.80407753253643,20.126018856117668,19.555721293389222,19.62010955810547,354000,0.0,0.0,0.0
2023-05-05 00:00:00-04:00,20.208804897745456,20.539946560241628,20.208804897745456,20.365177154541016,252300,0.0,0.0,0.0
2023-05-08 00:00:00-04:00,20.769900760631025,20.90787583598678,20.3283798177133,20.346776962280273,202900,0.0,0.0,0.0
2023-05-09 00:00:00-04:00,20.162809962312167,20.493951562110105,20.052428844230068,20.23639678955078,172400,0.0,0.0,0.0
2023-05-10 00:00:00-04:00,20.319184841264878,20.392771678106975,19.85926667238962,20.024837493896484,247600,0.0,0.0,0.0
2023-05-11 00:00:00-04:00,19.74888535114621,19.914456171070587,19.63850597416234,19.8316707611084,211300,0.0,0.0,0.0
2023-05-12 00:00:00-04:00,19.942050949713195,20.08002604164408,19.702893304957033,20.006439208984375,168100,0.0,0.0,0.0
2023-05-15 00:00:00-04:00,20.181209402846093,20.558342154639533,20.1076225672388,20.40196990966797,225300,0.0,0.0,0.0
2023-05-16 00:00:00-04:00,20.28238605028226,20.411164302050278,19.877659414577607,19.886857986450195,188800,0.0,0.0,0.0
2023-05-17 00:00:00-04:00,20.052432615817292,20.29159028793715,19.776482400382132,20.172012329101562,216300,0.0,0.0,0.0
2023-05-18 00:00:00-04:00,20.070827007078467,20.613530543392006,19.914454771963577,20.604331970214844,364300,0.0,0.0,0.0
2023-05-19 00:00:00-04:00,20.852684954858187,20.999858594014853,20.631924496123187,20.7423038482666,274500,0.0,0.0,0.0
2023-05-22 00:00:00-04:00,20.714712785612207,21.14703519181433,20.696315639531672,20.981464385986328,182000,0.0,0.0,0.0
2023-05-23 00:00:00-04:00,21.110246287110876,21.312609665477655,20.98146799683318,21.009063720703125,172700,0.0,0.0,0.0
2023-05-24 00:00:00-04:00,21.101046379041083,21.257418628858314,20.861888717294224,21.08264923095703,169400,0.0,0.0,0.0
2023-05-25 00:00:00-04:00,20.742307818495046,20.76070496552302,20.35597650315013,20.521547317504883,202100,0.0,0.0,0.0
2023-05-26 00:00:00-04:00,20.622732557485108,20.66872367659613,20.273195490674635,20.438764572143555,413500,0.0,0.0,0.0
2023-05-30 00:00:00-04:00,20.126019856456217,20.162814154950674,19.776482793002444,20.052433013916016,347600,0.0,0.0,0.0
2023-05-31 00:00:00-04:00,19.730486706630895,19.92365146174602,19.68449384509281,19.776477813720703,215100,0.0,0.0,0.0
2023-06-01 00:00:00-04:00,19.840867616502383,20.236397484409405,19.693693956971643,19.960447311401367,182700,0.0,0.0,0.0
2023-06-02 00:00:00-04:00,20.282390629206823,20.871087080818313,20.282390629206823,20.760705947875977,298700,0.0,0.0,0.0
2023-06-05 00:00:00-04:00,21.11024665476066,21.20222889369831,20.484757605071643,20.503154754638672,491200,0.0,0.0,0.0
2023-06-06 00:00:00-04:00,20.208804897868824,20.83429392505489,20.181210928959764,20.779104232788086,281500,0.0,0.0,0.0
2023-06-07 00:00:00-04:00,20.871083989668307,21.505769708127552,20.871083989668307,21.441381454467773,471000,0.0,0.0,0.0
2023-06-08 00:00:00-04:00,21.487375640759517,21.514969605771253,20.963069252155275,21.367795944213867,397300,0.0,0.0,0.0
2023-06-09 00:00:00-04:00,21.2758113420191,21.459779290784848,21.10104372058486,21.16543197631836,216700,0.0,0.0,0.0
2023-06-12 00:00:00-04:00,20.834292796976985,21.11944157177282,20.622730859368737,20.82509422302246,228000,0.0,0.0,0.0
2023-06-13 00:00:00-04:00,21.11943814903818,21.505769420274163,21.045851323776485,21.055049896240234,267900,0.0,0.0,0.0
2023-06-14 00:00:00-04:00,21.23901989746373,21.331003876578233,20.595133798110695,20.7699031829834,207400,0.0,0.0,0.0
2023-06-15 00:00:00-04:00,20.85268809435806,21.395391628373677,20.85268809435806,21.2390193939209,261000,0.0,0.0,0.0
2023-06-16 00:00:00-04:00,21.312604161104503,21.441380663674572,21.147033369543976,21.395389556884766,172300,0.0,0.0,0.0
2023-06-20 00:00:00-04:00,21.248217722205926,21.248217722205926,20.66871990231528,20.917076110839844,246000,0.0,0.0,0.0
2023-06-21 00:00:00-04:00,20.861888517565408,21.30340954066396,20.861888517565408,21.110244750976562,288800,0.0,0.0,0.0
2023-06-22 00:00:00-04:00,20.843489999177137,20.87108571922457,20.61353092879394,20.705514907836914,825400,0.0,0.0,0.0
2023-06-23 00:00:00-04:00,20.411168496685267,20.595134708598735,20.30078736597834,20.466358184814453,235700,0.0,0.0,0.0
2023-06-26 00:00:00-04:00,20.512349726363055,20.99986361926121,20.512349726363055,20.82509422302246,272200,0.0,0.0,0.0
2023-06-27 00:00:00-04:00,20.75636963208576,20.96996942771824,20.579916779831525,20.83995246887207,268900,0.216,0.0,0.0
2023-06-28 00:00:00-04:00,20.858525414582857,21.081414164088777,20.63563843642518,21.053552627563477,211900,0.0,0.0,0.0
2023-06-29 00:00:00-04:00,21.09998788357415,21.490040559134467,21.05355375821987,21.471467971801758,199900,0.0,0.0,0.0
2023-06-30 00:00:00-04:00,21.685068453086394,21.796511065921788,21.41574555792881,21.620059967041016,208700,0.0,0.0,0.0
2023-07-03 00:00:00-04:00,21.675779641086482,21.805796603385843,21.592196802080245,21.666492462158203,191300,0.0,0.0,0.0
2023-07-05 00:00:00-04:00,21.787219018074534,21.82436772828461,21.52718513199599,21.592193603515625,179300,0.0,0.0,0.0
2023-07-06 00:00:00-04:00,21.369310836224372,21.517902163433757,20.719222451172048,21.01640510559082,719700,0.0,0.0,0.0
2023-07-07 00:00:00-04:00,20.942106906759193,21.880090653309946,20.942106906759193,21.601482391357422,209400,0.0,0.0,0.0
2023-07-10 00:00:00-04:00,21.629347508938565,21.824372970341177,21.52719030267143,21.777938842773438,331200,0.0,0.0,0.0
2023-07-11 00:00:00-04:00,21.945101345475553,22.390877089497014,21.870805683363365,22.325868606567383,238400,0.0,0.0,0.0
2023-07-12 00:00:00-04:00,22.548754951306492,22.632337790222998,22.325867971311897,22.45588493347168,735900,0.0,0.0,0.0
2023-07-13 00:00:00-04:00,22.483745965217746,22.864513236921045,22.409450301035037,22.58590316772461,1279100,0.0,0.0,0.0
2023-07-14 00:00:00-04:00,22.465171789062367,22.465171789062367,21.750074964779,21.787221908569336,362200,0.0,0.0,0.0
2023-07-17 00:00:00-04:00,21.694352477361658,21.935813798516666,21.610769644217687,21.824369430541992,197500,0.0,0.0,0.0
2023-07-18 00:00:00-04:00,21.833658967473557,22.650911259297747,21.833658967473557,22.483745574951172,410100,0.0,0.0,0.0
2023-07-19 00:00:00-04:00,22.52089631238079,22.808791810499628,22.409451922369488,22.539470672607422,201300,0.0,0.0,0.0
2023-07-20 00:00:00-04:00,22.650909822348655,22.790215731365606,22.520892863370932,22.753067016601562,234600,0.0,0.0,0.0
2023-07-21 00:00:00-04:00,22.83665305523724,22.873800003861177,22.61376604944822,22.82736587524414,199100,0.0,0.0,0.0
2023-07-24 00:00:00-04:00,22.892370002131113,23.338143928775203,22.88308282390751,23.124544143676758,300800,0.0,0.0,0.0
2023-07-25 00:00:00-04:00,23.180268733340586,23.47745316465255,22.98524327699512,23.310287475585938,274600,0.0,0.0,0.0
2023-07-26 00:00:00-04:00,23.096682284710038,23.403152052889276,23.022386637010467,23.300994873046875,165900,0.0,0.0,0.0
2023-07-27 00:00:00-04:00,23.514600066443858,23.598182910817105,23.02239195107737,23.087400436401367,198800,0.0,0.0,0.0
2023-07-28 00:00:00-04:00,23.28242348698033,23.61675482993232,23.078110872592003,23.607467651367188,208900,0.0,0.0,0.0
2023-07-31 00:00:00-04:00,23.765345601895728,23.941798447909775,23.746771245189375,23.90464973449707,238900,0.0,0.0,0.0
2023-08-01 00:00:00-04:00,23.635331145913856,23.8582181359049,23.44030392257898,23.83035659790039,196000,0.0,0.0,0.0
2023-08-02 00:00:00-04:00,23.61675608482078,23.635330442938,23.143120580921327,23.403156280517578,220400,0.0,0.0,0.0
2023-08-03 00:00:00-04:00,23.46816643126743,24.164688968054445,23.356722045988207,23.9139404296875,187600,0.0,0.0,0.0
2023-08-04 00:00:00-04:00,24.016090977809004,24.37828202970471,23.92322097771197,24.053237915039062,272500,0.0,0.0,0.0
2023-08-07 00:00:00-04:00,24.18326085882252,24.257556517641632,23.960372111016948,24.155399322509766,272500,0.0,0.0,0.0
2023-08-08 00:00:00-04:00,23.672474758140027,24.313275871213772,23.514596274378324,24.2668399810791,470100,0.0,0.0,0.0
2023-08-09 00:00:00-04:00,24.58260315471144,24.926221743065387,24.378290500582505,24.591890335083008,877800,0.0,0.0,0.0
2023-08-10 00:00:00-04:00,24.517589197278966,24.68475486400068,24.136823743678676,24.30398941040039,412100,0.0,0.0,0.0
2023-08-11 00:00:00-04:00,24.20183578578675,24.59188847514955,24.20183578578675,24.480445861816406,141000,0.0,0.0,0.0
2023-08-14 00:00:00-04:00,24.359710991274884,24.39685970490957,24.127536845102576,24.35042381286621,208100,0.0,0.0,0.0
2023-08-15 00:00:00-04:00,24.14611488596938,24.14611488596938,23.858219396768074,23.96037483215332,161500,0.0,0.0,0.0
2023-08-16 00:00:00-04:00,23.913937825787606,24.211120459041872,23.79320804528364,23.821067810058594,161500,0.0,0.0,0.0
2023-08-17 00:00:00-04:00,24.09967730754488,24.39685993402057,24.09039012904899,24.118249893188477,152000,0.0,0.0,0.0
2023-08-18 00:00:00-04:00,23.913939943499077,24.322566986083984,23.904652763968922,24.322566986083984,137500,0.0,0.0,0.0
2023-08-21 00:00:00-04:00,24.434008357739266,24.694044057341817,24.22969573248973,24.47115707397461,183400,0.0,0.0,0.0
2023-08-22 00:00:00-04:00,24.46186972123156,24.573312326449756,24.173974257844904,24.192546844482422,137200,0.0,0.0,0.0
2023-08-23 00:00:00-04:00,23.94179974171905,24.06252952413825,23.66318969011219,23.978946685791016,257500,0.0,0.0,0.0
2023-08-24 00:00:00-04:00,23.756059646606445,24.053242283815717,23.737485288943805,23.756059646606445,103900,0.0,0.0,0.0
2023-08-25 00:00:00-04:00,23.895366344722227,24.071819218712644,23.653904983300723,23.96037483215332,149900,0.0,0.0,0.0
2023-08-28 00:00:00-04:00,24.081101169405848,24.3968581295185,24.03466528036102,24.17397117614746,230100,0.0,0.0,0.0
2023-08-29 00:00:00-04:00,24.24826678977446,24.35042220281902,23.99751830336427,24.341135025024414,146000,0.0,0.0,0.0
2023-08-30 00:00:00-04:00,24.406146970486038,24.6011724037202,24.368998256718672,24.517589569091797,121600,0.0,0.0,0.0
2023-08-31 00:00:00-04:00,24.591887232906924,24.694044432758904,24.38757460455128,24.62903594970703,139100,0.0,0.0,0.0
2023-09-01 00:00:00-04:00,24.851921839537187,25.223400134400208,24.851921839537187,25.167678833007812,205700,0.0,0.0,0.0
2023-09-05 00:00:00-04:00,25.260548466763687,25.43699954705705,25.00979995727539,25.00979995727539,299600,0.0,0.0,0.0
2023-09-06 00:00:00-04:00,24.954078972590164,25.214112892671068,24.759051761181254,24.944791793823242,456400,0.0,0.0,0.0
2023-09-07 00:00:00-04:00,24.898354215524765,25.074807057462156,24.694041610519655,24.712615966796875,145800,0.0,0.0,0.0
2023-09-08 00:00:00-04:00,24.82406172812009,25.084097435124917,24.82406172812009,24.898357391357422,123200,0.0,0.0,0.0
2023-09-11 00:00:00-04:00,25.019087527750663,25.121242951797154,24.29470352388924,24.378286361694336,261800,0.0,0.0,0.0
2023-09-12 00:00:00-04:00,24.554739417443084,25.046947498166617,24.554739417443084,24.991226196289062,1173100,0.0,0.0,0.0
2023-09-13 00:00:00-04:00,25.09338200256889,25.09338200256889,24.58259782104812,24.74976348876953,213800,0.0,0.0,0.0
2023-09-14 00:00:00-04:00,25.074808753863692,25.214112892671068,24.842634598735327,24.944791793823242,209600,0.0,0.0,0.0
2023-09-15 00:00:00-04:00,24.83334655072173,24.879782442930935,24.452581091347074,24.517589569091797,199800,0.0,0.0,0.0
2023-09-18 00:00:00-04:00,24.684758500492766,24.721907219169417,24.331854529806616,24.480445861816406,527100,0.0,0.0,0.0
2023-09-19 00:00:00-04:00,24.66618307123081,24.759053092545688,24.146113431755154,24.22969627380371,153200,0.0,0.0,0.0
2023-09-20 00:00:00-04:00,24.136824800728306,24.350424596961282,23.81178063135087,23.821067810058594,82700,0.0,0.0,0.0
2023-09-21 00:00:00-04:00,23.839640091195943,23.913935743038838,23.33814311274534,23.37529182434082,369700,0.0,0.0,0.0
2023-09-22 00:00:00-04:00,23.544402042148338,23.740604531180747,23.348197771076975,23.366884231567383,118100,0.151,0.0,0.0
2023-09-25 00:00:00-04:00,23.338855182586354,23.85272216796875,23.292140812114773,23.85272216796875,132600,0.0,0.0,0.0
2023-09-26 00:00:00-04:00,23.65651752243861,23.983523456755083,23.609803152695818,23.78731918334961,107000,0.0,0.0,0.0
2023-09-27 00:00:00-04:00,24.076954162699266,24.68424988420208,24.06761093227135,24.49738883972168,207200,0.0,0.0,0.0
2023-09-28 00:00:00-04:00,24.506731984191028,24.740307397952755,24.42264469267369,24.600162506103516,171900,0.0,0.0,0.0
2023-09-29 00:00:00-04:00,24.6842531798966,24.6842531798966,24.1797293616619,24.282503128051758,135800,0.0,0.0,0.0
2023-10-02 00:00:00-04:00,24.273159240279348,24.310532165970653,23.19871257520281,23.3575439453125,203200,0.0,0.0,0.0
2023-10-03 00:00:00-04:00,23.24542867960537,23.404260061531215,23.07725584760093,23.376232147216797,265300,0.0,0.0,0.0
2023-10-04 00:00:00-04:00,23.114624201229777,23.133310663207823,22.311124156564816,22.55404281616211,322300,0.0,0.0,0.0
2023-10-05 00:00:00-04:00,22.329809505465093,22.778273878348912,22.329809505465093,22.66615867614746,253400,0.0,0.0,0.0
2023-10-06 00:00:00-04:00,22.834336864420834,23.460319151940187,22.72221986248991,23.226743698120117,271600,0.0,0.0,0.0
2023-10-09 00:00:00-04:00,23.88075307620692,24.385276894441617,23.824695468193916,24.282503128051758,250800,0.0,0.0,0.0
2023-10-10 00:00:00-04:00,24.32921633647661,24.460017999993468,24.189069660378244,24.29184341430664,239700,0.0,0.0,0.0
2023-10-11 00:00:00-04:00,24.095641782078857,24.30118751525879,23.88075103598271,24.30118751525879,246600,0.0,0.0,0.0
2023-10-12 00:00:00-04:00,24.469363224480762,24.469363224480762,24.19841486278666,24.375932693481445,145500,0.0,0.0,0.0
2023-10-13 00:00:00-04:00,24.721618913915655,25.057968052457802,24.67490454780206,24.973880767822266,270400,0.0,0.0,0.0
2023-10-16 00:00:00-04:00,25.095345120129583,25.142059493966716,24.730966232451237,25.12337303161621,388300,0.0,0.0,0.0
2023-10-17 00:00:00-04:00,24.99256867630918,25.431689802171995,24.99256867630918,25.38497543334961,281700,0.0,0.0,0.0
2023-10-18 00:00:00-04:00,25.50643274105793,25.674607312693205,25.37563108846999,25.49709129333496,249700,0.0,0.0,0.0
2023-10-19 00:00:00-04:00,25.319578019105027,25.73067129193529,25.142060185967544,25.506437301635742,225100,0.0,0.0,0.0
2023-10-20 00:00:00-04:00,25.42234783522467,25.55315128209701,25.057970750595306,25.086000442504883,302400,0.0,0.0,0.0
2023-10-23 00:00:00-04:00,24.852426213100586,25.067315181916435,24.61885078211663,24.702938079833984,284500,0.0,0.0,0.0
2023-10-24 00:00:00-04:00,24.83373808780582,24.85242454872248,24.516075380378528,24.58147621154785,362800,0.0,0.0,0.0
2023-10-25 00:00:00-04:00,24.553448136166764,24.674906567225708,24.40396001392238,24.600162506103516,698000,0.0,0.0,0.0
2023-10-26 00:00:00-04:00,24.31987602372301,24.581479382142717,24.030241188273724,24.469364166259766,264100,0.0,0.0,0.0
2023-10-27 00:00:00-04:00,24.5347639153584,24.553450377854737,23.955496052246,24.2077579498291,266100,0.0,0.0,0.0
2023-10-30 00:00:00-04:00,24.207757222214394,24.4039615084503,23.77797928995141,24.011554718017578,311300,0.0,0.0,0.0
2023-10-31 00:00:00-04:00,24.114326794131113,24.338558992155637,23.85272345412205,24.26381492614746,429100,0.0,0.0,0.0
2023-11-01 00:00:00-04:00,24.357243832118296,24.51607518456332,24.04892435761195,24.245128631591797,260100,0.0,0.0,0.0
2023-11-02 00:00:00-04:00,24.25447351784145,24.992572784423828,24.011556621589243,24.992572784423828,633900,0.0,0.0,0.0
2023-11-03 00:00:00-04:00,25.001912577984605,25.08599986975447,24.656220180481927,24.871110916137695,889200,0.0,0.0,0.0
2023-11-06 00:00:00-05:00,24.917825269423638,24.927168499840548,24.011553303451194,24.14235496520996,353900,0.0,0.0,0.0
2023-11-07 00:00:00-05:00,23.796662847487884,23.796662847487884,23.27345441226751,23.394914627075195,499400,0.0,0.0,0.0
2023-11-08 00:00:00-05:00,23.264113350492636,23.394916808020884,22.86236331058857,22.91842269897461,699200,0.0,0.0,0.0
2023-11-09 00:00:00-05:00,23.067911105603997,23.18002631960194,22.778276275024385,22.79696273803711,370200,0.0,0.0,0.0
2023-11-10 00:00:00-05:00,22.974479507702036,23.05856680532261,22.750247308060217,22.993165969848633,185800,0.0,0.0,0.0
2023-11-13 00:00:00-05:00,23.09593756160319,23.208054550569983,22.937106200089694,23.1146240234375,145100,0.0,0.0,0.0
2023-11-14 00:00:00-05:00,23.282800642119412,23.553747234140506,23.2454277151983,23.469661712646484,212200,0.0,0.0,0.0
2023-11-15 00:00:00-05:00,23.41360289521472,23.83403942316944,23.41360289521472,23.497690200805664,218300,0.0,0.0,0.0
2023-11-16 00:00:00-05:00,23.25476746890594,23.30148362057038,22.572727692955855,22.890390396118164,247200,0.0,0.0,0.0
2023-11-17 00:00:00-05:00,23.021191390954282,23.488342201855392,23.021191390954282,23.404254913330078,152100,0.0,0.0,0.0
2023-11-20 00:00:00-05:00,23.544402751423874,23.637831492612538,23.394914627075195,23.394914627075195,166800,0.0,0.0,0.0
2023-11-21 00:00:00-05:00,23.282797896766283,23.366885190384526,23.067908938425894,23.273454666137695,119300,0.0,0.0,0.0
2023-11-22 00:00:00-05:00,22.82498886519303,23.264109985125717,22.591413460157554,23.236082077026367,263600,0.0,0.0,0.0
2023-11-24 00:00:00-05:00,23.16133851228977,23.535058811903134,23.16133851228977,23.366884231567383,63500,0.0,0.0,0.0
2023-11-27 00:00:00-05:00,23.189367921051662,23.236084075299637,22.946449265079405,23.133310317993164,110600,0.0,0.0,0.0
2023-11-28 00:00:00-05:00,23.151995202812575,23.329511230747073,23.04922145250601,23.095935821533203,112300,0.0,0.0,0.0
2023-11-29 00:00:00-05:00,23.189366092100602,23.254766920850518,22.99316360585086,23.030534744262695,171700,0.0,0.0,0.0
2023-11-30 00:00:00-05:00,23.245424482257878,23.60980334090446,22.890390636081122,23.14265251159668,193400,0.0,0.0,0.0
2023-12-01 00:00:00-05:00,23.0679109958104,23.55374655755444,23.039881301424725,23.254770278930664,153800,0.0,0.0,0.0
2023-12-04 00:00:00-05:00,23.011849073950145,23.170680427240153,22.881047411960374,22.955791473388672,120300,0.0,0.0,0.0
2023-12-05 00:00:00-05:00,22.97447727365055,23.03987810276491,22.432582398367217,22.469953536987305,299400,0.0,0.0,0.0
2023-12-06 00:00:00-05:00,22.283096103273113,22.48864183760111,21.84397315979004,21.84397315979004,587900,0.0,0.0,0.0
2023-12-07 00:00:00-05:00,21.95609236204873,22.086894044165817,21.675802534072325,21.82529067993164,258200,0.0,0.0,0.0
2023-12-08 00:00:00-05:00,21.98412109963989,22.16163715133751,21.91871847939219,22.08689308166504,301200,0.0,0.0,0.0
2023-12-11 00:00:00-05:00,21.928062800087545,22.124267106498312,21.86266195863038,21.993465423583984,181700,0.0,0.0,0.0
2023-12-12 00:00:00-05:00,21.722515421737295,21.722515421737295,21.386166225599805,21.516969680786133,308000,0.0,0.0,0.0
2023-12-13 00:00:00-05:00,21.535653487953986,22.04952049255371,21.479595884883878,22.04952049255371,370300,0.0,0.0,0.0
2023-12-14 00:00:00-05:00,22.385870249261504,22.778277076133598,22.385870249261504,22.722219467163086,282100,0.0,0.0,0.0
2023-12-15 00:00:00-05:00,22.70353044356568,22.778274507778377,22.38586772515195,22.6101016998291,153700,0.0,0.0,0.0
2023-12-18 00:00:00-05:00,22.983823169795514,23.245426516597313,22.8436782651461,22.85301971435547,137400,0.0,0.0,0.0
2023-12-19 00:00:00-05:00,22.843676186723712,23.077251600567354,22.70352951278634,23.058565139770508,203200,0.0,0.0,0.0
2023-12-20 00:00:00-05:00,23.123966699151485,23.273454826158634,22.712873458862305,22.712873458862305,253500,0.0,0.0,0.0
2023-12-21 00:00:00-05:00,22.843676186723712,23.06790837016893,22.75024566477846,23.058565139770508,206700,0.0,0.0,0.0
2023-12-22 00:00:00-05:00,23.226354306507,23.33947046227623,23.056680971813314,23.141517639160156,125500,0.218,0.0,0.0
2023-12-26 00:00:00-05:00,23.30176413408858,23.612831310466355,23.26405994800172,23.518569946289062,92600,0.0,0.0,0.0
2023-12-27 00:00:00-05:00,23.537419689845734,23.622256350713336,23.33004218434724,23.414878845214844,225600,0.0,0.0,0.0
2023-12-28 00:00:00-05:00,23.320618335552794,23.45258569058135,23.07553482055664,23.07553482055664,161800,0.0,0.0,0.0
2023-12-29 00:00:00-05:00,23.14151647963496,23.1603694709719,22.877581792598605,22.896434783935547,177400,0.0,0.0,0.0
2024-01-02 00:00:00-05:00,23.075533389062933,23.33004338476119,22.91528655450332,23.01897621154785,130000,0.0,0.0,0.0
2024-01-03 00:00:00-05:00,23.009547939837894,23.3488945745792,22.830448127288854,23.24520492553711,145900,0.0,0.0,0.0
2024-01-04 00:00:00-05:00,23.348895567769826,23.452583423302364,22.69848175615574,22.717334747314453,266600,0.0,0.0,0.0
2024-01-05 00:00:00-05:00,22.868154525756836,22.896434011808594,22.604218049700894,22.868154525756836,179000,0.0,0.0,0.0
2024-01-08 00:00:00-05:00,22.509955911150694,22.660778045654297,22.14233156546876,22.660778045654297,249200,0.0,0.0,0.0
2024-01-09 00:00:00-05:00,22.6890521199909,22.6890521199909,22.189460508879076,22.37798500061035,208500,0.0,0.0,0.0
2024-01-10 00:00:00-05:00,22.425121179365114,22.425121179365114,22.01036435231567,22.151758193969727,268900,0.0,0.0,0.0
2024-01-11 00:00:00-05:00,22.180035864470174,22.34028268466268,22.010362549216925,22.104625701904297,538800,0.0,0.0,0.0
2024-01-12 00:00:00-05:00,22.51938113492519,22.632497279933496,22.264872955016735,22.415693283081055,167400,0.0,0.0,0.0
2024-01-16 00:00:00-05:00,22.227166852455703,22.312003511267832,21.699295707118093,21.72757339477539,250000,0.0,0.0,0.0
2024-01-17 00:00:00-05:00,21.49191665649414,21.65216348077334,21.369375813419527,21.49191665649414,1536200,0.0,0.0,0.0
2024-01-18 00:00:00-05:00,21.586179144954336,21.586179144954336,21.256259011283486,21.463638305664062,252100,0.0,0.0,0.0
2024-01-19 00:00:00-05:00,21.425936512861252,21.47306899712245,21.20913247902105,21.45421600341797,173800,0.0,0.0,0.0
2024-01-22 00:00:00-05:00,21.407080294393168,21.689869763599624,21.29396594504672,21.576753616333008,172900,0.0,0.0,0.0
2024-01-23 00:00:00-05:00,21.501341944762896,21.793557888933716,21.49191544999093,21.614458084106445,137200,0.0,0.0,0.0
2024-01-24 00:00:00-05:00,21.76527845368938,21.972655945380055,21.689868293263675,21.887819290161133,299600,0.0,0.0,0.0
2024-01-25 00:00:00-05:00,22.010362382430657,22.255445858392637,21.793558391436626,22.24601936340332,207900,0.0,0.0,0.0
2024-01-26 00:00:00-05:00,22.227165904659408,22.340282044225532,21.96322944428515,22.302576065063477,233700,0.0,0.0,0.0
2024-01-29 00:00:00-05:00,22.28372573852539,22.28372573852539,21.963232069027118,22.28372573852539,267500,0.0,0.0,0.0
2024-01-30 00:00:00-05:00,22.09520310632029,22.641927330891676,22.076350112871523,22.60422134399414,338500,0.0,0.0,0.0
2024-01-31 00:00:00-05:00,22.585364830644806,22.585364830644806,21.98208351766816,22.00093650817871,383600,0.0,0.0,0.0
2024-02-01 00:00:00-05:00,22.151758546631626,22.264874700507857,21.68987103098421,21.82183837890625,380600,0.0,0.0,0.0
2024-02-02 00:00:00-05:00,21.79355979789307,21.79355979789307,21.482492634851113,21.56732749938965,337600,0.0,0.0,0.0
2024-02-05 00:00:00-05:00,21.463638474588183,21.501342657004972,21.133718338320783,21.32224464416504,337200,0.0,0.0,0.0
2024-02-06 00:00:00-05:00,21.350522463351954,21.746426269733796,21.284538795274997,21.54847526550293,301200,0.0,0.0,0.0
2024-02-07 00:00:00-05:00,21.680441749590166,21.727572425529953,21.416505289735245,21.614458084106445,378600,0.0,0.0,0.0
2024-02-08 00:00:00-05:00,21.567330274147814,21.9349564580729,21.567330274147814,21.868972778320312,301600,0.0,0.0,0.0
2024-02-09 00:00:00-05:00,21.887816927743863,21.953802384174388,21.576749824822226,21.623882293701172,327400,0.0,0.0,0.0
2024-02-12 00:00:00-05:00,21.671019179205373,22.22716988602395,21.671019179205373,22.11405372619629,383500,0.0,0.0,0.0
2024-02-13 00:00:00-05:00,21.991509866404254,22.00093636159673,21.595606057921017,21.72757339477539,491700,0.0,0.0,0.0
2024-02-14 00:00:00-05:00,21.86897171862626,22.029218560797723,21.576755725423958,21.755855560302734,429500,0.0,0.0,0.0
2024-02-15 00:00:00-05:00,21.868968903911146,22.74561137692597,21.868968903911146,22.651350021362305,438800,0.0,0.0,0.0
2024-02-16 00:00:00-05:00,22.660776723812088,22.934137893703728,22.538234083786076,22.78331756591797,238100,0.0,0.0,0.0
2024-02-20 00:00:00-05:00,22.698481442881068,22.77389160855495,22.509955129736273,22.585365295410156,208400,0.0,0.0,0.0
2024-02-21 00:00:00-05:00,22.77389012399887,23.44315687390741,22.77389012399887,23.311187744140625,377100,0.0,0.0,0.0
2024-02-22 00:00:00-05:00,23.264058514321363,23.527993194424873,23.056679210902704,23.414878845214844,162500,0.0,0.0,0.0
2024-02-23 00:00:00-05:00,23.103811940662194,23.30176295290455,22.9341386170715,23.179222106933594,378000,0.0,0.0,0.0
2024-02-26 00:00:00-05:00,23.19807462518658,23.405452128726367,23.04725429571762,23.23577880859375,203000,0.0,0.0,0.0
2024-02-27 00:00:00-05:00,23.311190325276822,23.471437159371238,23.2452066520474,23.386600494384766,221500,0.0,0.0,0.0
2024-02-28 00:00:00-05:00,23.39602623269819,23.66938921056314,23.29233657931215,23.405452728271484,196300,0.0,0.0,0.0
2024-02-29 00:00:00-05:00,23.4997161018741,23.678815923570912,23.424305934515477,23.584552764892578,331800,0.0,0.0,0.0
2024-03-01 00:00:00-05:00,23.725946641035932,24.037013806616514,23.725946641035932,23.905046463012695,263000,0.0,0.0,0.0
2024-03-04 00:00:00-05:00,24.0087348693175,24.093571534411083,23.678816502753858,23.707094192504883,333600,0.0,0.0,0.0
2024-03-05 00:00:00-05:00,23.603404749377088,24.01815975319748,23.56569876834607,23.839061737060547,481500,0.0,0.0,0.0
2024-03-06 00:00:00-05:00,24.046440302291103,24.1218504697676,23.839062791210786,23.905046463012695,183100,0.0,0.0,0.0
2024-03-07 00:00:00-05:00,23.886193753990327,24.11242425909379,23.886193753990327,23.942750930786133,174000,0.0,0.0,0.0
2024-03-08 00:00:00-05:00,23.923895564216032,24.14070134993075,23.876764887885038,23.999305725097656,142300,0.0,0.0,0.0
2024-03-11 00:00:00-04:00,23.87676634466286,24.17840700659317,23.69766652742168,24.150129318237305,129800,0.0,0.0,0.0
2024-03-12 00:00:00-04:00,24.168982799675994,24.225541777583498,24.01816245442999,24.140705108642578,126000,0.0,0.0,0.0
2024-03-13 00:00:00-04:00,24.310373810995166,24.621440938490462,24.310373810995166,24.480045318603516,339900,0.0,0.0,0.0
2024-03-14 00:00:00-04:00,24.54603385925293,24.64029522044153,24.3763605324411,24.54603385925293,131100,0.0,0.0,0.0
2024-03-15 00:00:00-04:00,24.527183053038968,24.743987079760743,24.470624073782556,24.583740234375,125100,0.0,0.0,0.0
2024-03-18 00:00:00-04:00,24.65914801994561,24.71570519580268,24.432917518597144,24.640295028686523,138900,0.0,0.0,0.0
2024-03-19 00:00:00-04:00,24.555457287325282,24.998493572852198,24.555457287325282,24.98906707763672,222800,0.0,0.0,0.0
2024-03-20 00:00:00-04:00,24.809965585463697,25.187016378966792,24.743981921340655,25.12103271484375,219900,0.0,0.0,0.0
2024-03-21 00:00:00-04:00,25.135205947241392,25.295784182141272,25.059639825031944,25.248554229736328,210200,0.055,0.0,0.0
2024-03-22 00:00:00-04:00,25.201327144326942,25.305231242371782,24.984074758995497,25.059640884399414,136900,0.0,0.0,0.0
2024-03-25 00:00:00-04:00,25.11631300639238,25.475251622759842,25.11631300639238,25.371349334716797,199000,0.0,0.0,0.0
2024-03-26 00:00:00-04:00,25.418575996514615,25.513034090549613,25.125757526480577,25.144649505615234,221500,0.0,0.0,0.0
2024-03-27 00:00:00-04:00,25.06908648112101,25.560265387704444,25.03130251819385,25.550819396972656,215900,0.0,0.0,0.0
2024-03-28 00:00:00-04:00,25.70195053772298,25.97587885222379,25.63583040708856,25.919204711914062,153100,0.0,0.0,0.0
2024-04-01 00:00:00-04:00,26.004215261520006,26.108117545574935,25.73973295322732,26.070335388183594,221500,0.0,0.0,0.0
2024-04-02 00:00:00-04:00,26.16479653606311,26.268698832237526,25.975880322155653,26.212024688720703,173800,0.0,0.0,0.0
2024-04-03 00:00:00-04:00,26.28759017735634,26.523734538202746,26.25925220546491,26.485952377319336,191000,0.0,0.0,0.0
2024-04-04 00:00:00-04:00,26.533179604371853,26.655973875012684,26.363155382224218,26.429275512695312,211300,0.0,0.0,0.0
2024-04-05 00:00:00-04:00,26.476506721466006,26.70320509454838,26.29703650049468,26.6370849609375,106900,0.0,0.0,0.0
2024-04-08 00:00:00-04:00,26.674868916833038,26.769327029048263,26.45761651988506,26.570964813232422,160000,0.0,0.0,0.0
2024-04-09 00:00:00-04:00,26.637082456930436,26.797660681306848,26.485950222415973,26.66541862487793,94600,0.0,0.0,0.0
2024-04-10 00:00:00-04:00,26.504841031483195,26.844889468055204,26.476504862861123,26.769323348999023,137600,0.0,0.0,0.0
2024-04-11 00:00:00-04:00,26.8354442461023,26.873228207531106,26.36315553807285,26.62763786315918,145200,0.0,0.0,0.0
2024-04-12 00:00:00-04:00,26.759882123485745,27.12826679427039,26.230919195911095,26.31593132019043,396100,0.0,0.0,0.0
2024-04-15 00:00:00-04:00,26.37259889123131,26.53317710796941,25.890864241017006,25.947538375854492,241100,0.0,0.0,0.0
2024-04-16 00:00:00-04:00,25.768074530246643,25.871976828848766,25.37135191308228,25.739736557006836,244800,0.0,0.0,0.0
2024-04-17 00:00:00-04:00,25.69250745631098,26.013663934637755,25.475253272756856,25.550819396972656,120800,0.0,0.0,0.0
2024-04-18 00:00:00-04:00,25.683061451247433,25.786963745962105,25.39024114364091,25.484699249267578,88400,0.0,0.0,0.0
2024-04-19 00:00:00-04:00,25.418579578949586,25.94754245780277,25.418579578949586,25.76807403564453,96100,0.0,0.0,0.0
2024-04-22 00:00:00-04:00,25.635830910192894,26.136457597395864,25.437470514396804,25.956987380981445,100200,0.0,0.0,0.0
2024-04-23 00:00:00-04:00,25.881419990135015,26.164794286634063,25.68305960406023,26.060890197753906,121900,0.0,0.0,0.0
2024-04-24 00:00:00-04:00,26.070336244431132,26.268696630936798,25.87197405628708,26.25925064086914,386500,0.0,0.0,0.0
2024-04-25 00:00:00-04:00,26.1836862665691,26.47650657326179,26.004217848240884,26.438722610473633,103000,0.0,0.0,0.0
2024-04-26 00:00:00-04:00,26.363153808735202,26.53317802073492,26.183683606997914,26.514286041259766,248500,0.0,0.0,0.0
2024-04-29 00:00:00-04:00,26.495392798934894,26.674862992118097,26.429272675561673,26.618188858032227,139900,0.0,0.0,0.0
2024-04-30 00:00:00-04:00,26.589855289078837,26.589855289078837,25.635831832885742,25.635831832885742,260800,0.0,0.0,0.0
2024-05-01 00:00:00-04:00,25.56971148179397,25.607495444873855,24.8896163611027,25.106868743896484,566400,0.0,0.0,0.0
2024-05-02 00:00:00-04:00,25.27689090880568,25.513035253841267,25.144650652110034,25.28633689880371,209000,0.0,0.0,0.0
2024-05-03 00:00:00-04:00,25.446913896290663,25.59804612568199,25.248551719190623,25.522480010986328,148100,0.0,0.0,0.0
2024-05-06 00:00:00-04:00,25.749180689724753,26.15534926865518,25.749180689724753,25.938095092773438,291200,0.0,0.0,0.0
2024-05-07 00:00:00-04:00,26.004217349293402,26.221469726241317,25.966433387230214,26.023107528686523,252600,0.0,0.0,0.0
2024-05-08 00:00:00-04:00,25.815298103959222,26.023104465933862,25.7302860009609,25.881418228149414,312000,0.0,0.0,0.0
2024-05-09 00:00:00-04:00,25.909757960276437,26.13645631649264,25.890865980182156,26.060890197753906,129400,0.0,0.0,0.0
2024-05-10 00:00:00-04:00,26.117566868444992,26.259253129611526,25.598049976954847,25.65472412109375,136400,0.0,0.0,0.0
2024-05-13 00:00:00-04:00,25.739735127229288,25.843639221698382,25.588602881622506,25.64527702331543,100000,0.0,0.0,0.0
2024-05-14 00:00:00-04:00,25.673615345867503,25.88142173600734,25.616941203400003,25.862529754638672,142100,0.0,0.0,0.0
2024-05-15 00:00:00-04:00,25.890867540251747,25.91920551210069,25.409132828650705,25.909759521484375,528200,0.0,0.0,0.0
2024-05-16 00:00:00-04:00,25.890865263395696,26.004215339184903,25.68305889302687,25.6925048828125,167500,0.0,0.0,0.0
2024-05-17 00:00:00-04:00,25.768072975695425,26.032553503423546,25.68306086274325,25.956987380981445,184700,0.0,0.0,0.0
2024-05-20 00:00:00-04:00,25.975878126679593,26.325372552377626,25.975878126679593,26.193130493164062,304100,0.0,0.0,0.0
2024-05-21 00:00:00-04:00,26.11756815001222,26.306484375263267,25.97588188189326,25.994773864746094,195300,0.0,0.0,0.0
2024-05-22 00:00:00-04:00,25.853082438394207,25.853082438394207,25.36190179205326,25.522480010986328,288400,0.0,0.0,0.0
2024-05-23 00:00:00-04:00,25.730290566289067,25.85308664869137,25.182435695115196,25.229663848876953,214700,0.0,0.0,0.0
2024-05-24 00:00:00-04:00,25.380795324836782,25.52248157335977,25.29578321539531,25.371349334716797,122500,0.0,0.0,0.0
2024-05-28 00:00:00-04:00,25.513036119298285,25.909758704481288,25.513036119298285,25.853084564208984,265700,0.0,0.0,0.0
2024-05-29 00:00:00-04:00,25.805855228208795,25.862529369833048,25.371350473025405,25.513036727905273,172100,0.0,0.0,0.0
2024-05-30 00:00:00-04:00,25.494140677183612,25.77751494334674,25.494140677183612,25.626380920410156,142000,0.0,0.0,0.0
2024-05-31 00:00:00-04:00,25.79640838595374,26.145902817980854,25.730288255968766,26.09867286682129,256200,0.0,0.0,0.0
2024-06-03 00:00:00-04:00,26.17423969373078,26.221469646165534,25.18243411390103,25.314674377441406,341400,0.0,0.0,0.0
2024-06-04 00:00:00-04:00,25.06908238920884,25.078526576760584,24.67235985142148,24.889612197875977,230100,0.0,0.0,0.0
2024-06-05 00:00:00-04:00,25.031303099455986,25.10686922542654,24.82349670344661,25.01241111755371,141700,0.0,0.0,0.0
2024-06-06 00:00:00-04:00,25.012410332090923,25.10686843699749,24.90850803816835,25.087976455688477,88900,0.0,0.0,0.0
2024-06-07 00:00:00-04:00,24.955734763177404,25.154095150667032,24.823494504850984,24.99351692199707,97400,0.0,0.0,0.0
2024-06-10 00:00:00-04:00,25.087973500257554,25.5791541465985,25.03129936464538,25.522480010986328,150200,0.0,0.0,0.0
2024-06-11 00:00:00-04:00,25.437470298755752,25.531928401417247,25.16354198120126,25.494144439697266,139700,0.0,0.0,0.0
2024-06-12 00:00:00-04:00,25.730288934435976,25.786963075683445,25.18243409800787,25.248554229736328,297200,0.0,0.0,0.0
2024-06-13 00:00:00-04:00,25.191880179588868,25.191880179588868,24.57790520921202,24.804603576660156,204200,0.0,0.0,0.0
2024-06-14 00:00:00-04:00,24.80460561173739,24.80460561173739,24.29453289190165,24.360654830932617,139600,0.0,0.0,0.0
2024-06-17 00:00:00-04:00,24.360654830932617,24.417328977034824,24.086726488434472,24.360654830932617,171700,0.0,0.0,0.0
2024-06-18 00:00:00-04:00,24.4267711844955,24.662915525253148,24.4267711844955,24.492891311645508,183900,0.0,0.0,0.0
2024-06-20 00:00:00-04:00,24.52122595411046,24.74792609257734,24.436215654233166,24.710142135620117,99700,0.0,0.0,0.0
2024-06-21 00:00:00-04:00,24.738484686590443,24.757374866930572,24.417328199506905,24.50234031677246,81900,0.0,0.0,0.0
2024-06-24 00:00:00-04:00,24.530676256007332,25.409133591680952,24.530676256007332,25.324121475219727,369300,0.0,0.0,0.0
2024-06-25 00:00:00-04:00,25.258000220217316,25.276892201179294,25.012409872626996,25.248554229736328,110000,0.0,0.0,0.0
2024-06-26 00:00:00-04:00,25.28633721063185,25.28633721063185,24.84238468344162,24.99351692199707,95700,0.0,0.0,0.0
2024-06-27 00:00:00-04:00,25.073753479693753,25.111961978546884,24.882714629191103,25.06420135498047,126100,0.294,0.0,0.0
2024-06-28 00:00:00-04:00,25.245691423397062,25.34121086129553,25.006893739591767,25.102413177490234,118900,0.0,0.0,0.0
2024-07-01 00:00:00-04:00,25.24568700875978,25.302997932724374,24.892265696901696,25.140615463256836,170300,0.0,0.0,0.0
2024-07-02 00:00:00-04:00,25.25524400549667,25.532248376335136,25.131068187421466,25.341211318969727,95200,0.0,0.0,0.0
2024-07-03 00:00:00-04:00,25.388968232197506,25.704181084103055,25.3507615523298,25.608661651611328,85000,0.0,0.0,0.0
2024-07-05 00:00:00-04:00,25.61821208631898,25.61821208631898,24.949579746768023,25.04509735107422,167000,0.0,0.0,0.0
2024-07-08 00:00:00-04:00,25.00689150895084,25.178826117454985,24.97823513357296,25.12151336669922,76800,0.0,0.0,0.0
2024-07-09 00:00:00-04:00,25.05465042421721,25.226585033486636,24.844509136155462,24.978235244750977,94700,0.0,0.0,0.0
2024-07-10 00:00:00-04:00,24.95913039455777,25.15972137451172,24.901819466805875,25.15972137451172,228400,0.0,0.0,0.0
2024-07-11 00:00:00-04:00,25.217033945684644,25.608661984294905,25.121514511952018,25.58955955505371,189100,0.0,0.0,0.0
2024-07-12 00:00:00-04:00,25.723282926537586,25.790145976456994,25.48448527860743,25.646867752075195,189500,0.0,0.0,0.0
2024-07-15 00:00:00-04:00,25.75193987445325,26.210432785770948,25.637318013035056,26.019393920898438,253400,0.0,0.0,0.0
2024-07-16 00:00:00-04:00,25.97163511562113,26.095809102471115,25.799700501612197,26.019393920898438,140000,0.0,0.0,0.0
2024-07-17 00:00:00-04:00,26.095809808691904,26.477885726895256,25.90477276053107,25.971635818481445,132000,0.0,0.0,0.0
2024-07-18 00:00:00-04:00,25.952528698752282,26.210430598241118,25.837905025018973,25.904769897460938,112000,0.0,0.0,0.0
2024-07-19 00:00:00-04:00,25.790151143728263,25.91432514390339,25.589561953780322,25.68507957458496,146300,0.0,0.0,0.0
2024-07-22 00:00:00-04:00,25.704177831889975,25.732834204576246,25.341206220604253,25.570451736450195,190200,0.0,0.0,0.0
2024-07-23 00:00:00-04:00,25.446277959586507,25.446277959586507,25.083306319540828,25.150169372558594,150300,0.0,0.0,0.0
2024-07-24 00:00:00-04:00,25.27434479279712,25.42717697938811,24.777647018432617,24.777647018432617,129000,0.0,0.0,0.0
2024-07-25 00:00:00-04:00,24.758541697423148,25.06420241363256,24.65347014302057,24.854061126708984,138000,0.0,0.0,0.0
2024-07-26 00:00:00-04:00,24.940029020897512,25.01644420175766,24.6248161721142,24.949581146240234,118800,0.0,0.0,0.0
2024-07-29 00:00:00-04:00,25.01644397199777,25.045098525881137,24.47198558563451,24.691679000854492,142000,0.0,0.0,0.0
2024-07-30 00:00:00-04:00,24.67257533648437,24.89226875692355,24.59616015451067,24.787199020385742,121200,0.0,0.0,0.0
2024-07-31 00:00:00-04:00,25.21703230226361,25.388966907400842,25.08330619688201,25.15972137451172,213100,0.0,0.0,0.0
2024-08-01 00:00:00-04:00,25.283896209690585,25.30300046021423,24.21408368670907,24.4146728515625,234700,0.0,0.0,0.0
2024-08-02 00:00:00-04:00,24.118561786132,24.118561786132,22.972332378434544,23.22068214416504,756200,0.0,0.0,0.0
2024-08-05 00:00:00-04:00,22.35145891498391,22.771743274808077,21.978935176663292,22.53294563293457,891200,0.0,0.0,0.0
2024-08-06 00:00:00-04:00,22.618916759917617,22.95323387952816,22.42787788531681,22.666675567626953,349300,0.0,0.0,0.0
2024-08-07 00:00:00-04:00,23.15382074741359,23.354411727913625,22.829055786132812,22.829055786132812,351200,0.0,0.0,0.0
2024-08-08 00:00:00-04:00,23.03920043043807,23.60276126595693,23.01054405362931,23.535898208618164,551600,0.0,0.0,0.0
2024-08-09 00:00:00-04:00,23.57410671102984,23.631417642765687,23.37351571713188,23.535898208618164,96900,0.0,0.0,0.0
2024-08-12 00:00:00-04:00,23.698279484530755,23.946629271822847,23.698279484530755,23.89887046813965,155900,0.0,0.0,0.0
2024-08-13 00:00:00-04:00,23.755594627193148,23.755594627193148,23.46903631059527,23.593212127685547,133400,0.0,0.0,0.0
2024-08-14 00:00:00-04:00,23.68872771600145,23.774695021430517,23.526345230400047,23.736488342285156,72400,0.0,0.0,0.0
2024-08-15 00:00:00-04:00,23.812901308547602,24.214081422624606,23.812901308547602,24.16632080078125,114900,0.0,0.0,0.0
2024-08-16 00:00:00-04:00,23.92752610931472,24.147221353136615,23.92752610931472,24.089908599853516,64000,0.0,0.0,0.0
2024-08-19 00:00:00-04:00,24.118562108076038,24.529294348348266,24.118562108076038,24.300048828125,250600,0.0,0.0,0.0
2024-08-20 00:00:00-04:00,24.280947832961896,24.300052084344173,23.63141786101791,23.793800354003906,406800,0.0,0.0,0.0
2024-08-21 00:00:00-04:00,23.965735558234414,23.994391936007993,23.66007481617651,23.75559425354004,154700,0.0,0.0,0.0
2024-08-22 00:00:00-04:00,23.78424714668726,23.91797507840004,23.67917741262631,23.736488342285156,335200,0.0,0.0,0.0
2024-08-23 00:00:00-04:00,23.937076927023313,24.214083087111998,23.870213873727852,24.185426712036133,167400,0.0,0.0,0.0
2024-08-26 00:00:00-04:00,24.52929820004632,24.768095882177793,24.338259325588446,24.433778762817383,144300,0.0,0.0,0.0
2024-08-27 00:00:00-04:00,24.376462301106816,24.41466897420479,24.070801628797728,24.147216796875,89400,0.0,0.0,0.0
2024-08-28 00:00:00-04:00,23.984838732802505,24.042149663893802,23.83200836863794,23.965734481811523,178400,0.0,0.0,0.0
2024-08-29 00:00:00-04:00,24.10901213071064,24.481535906513646,23.994390271331994,24.4146728515625,219600,0.0,0.0,0.0
2024-08-30 00:00:00-04:00,24.2140824722363,24.233186721801758,23.98483694309536,24.233186721801758,119300,0.0,0.0,0.0
2024-09-03 00:00:00-04:00,23.841556259613746,23.841556259613746,23.24933911387568,23.31620216369629,269800,0.0,0.0,0.0
2024-09-04 00:00:00-04:00,23.373515136802645,23.48813881931007,22.876817370954807,22.895919799804688,295200,0.0,0.0,0.0
2024-09-05 00:00:00-04:00,23.086959498280706,23.106063749703107,22.79085088876026,22.83860969543457,284800,0.0,0.0,0.0
2024-09-06 00:00:00-04:00,22.838609848902873,22.98188809177028,22.31325568442848,22.418325424194336,277200,0.0,0.0,0.0
2024-09-09 00:00:00-04:00,22.427875999297154,22.475636624871903,22.25594139099121,22.25594139099121,97000,0.0,0.0,0.0
2024-09-10 00:00:00-04:00,22.275046960870522,22.275046960870522,21.77834735675643,22.026697158813477,559600,0.0,0.0,0.0
2024-09-11 00:00:00-04:00,22.055353995141452,22.18908011369472,21.63506956584038,22.13176918029785,140000,0.0,0.0,0.0
2024-09-12 00:00:00-04:00,22.227287663030214,22.380118026782245,21.93117723911422,22.198631286621094,194000,0.0,0.0,0.0
2024-09-13 00:00:00-04:00,22.399221543491556,22.618914956448503,22.322806364120375,22.38966941833496,179000,0.0,0.0,0.0
2024-09-16 00:00:00-04:00,22.571156253821282,22.743090877526377,22.44698225996857,22.657123565673828,110600,0.0,0.0,0.0
2024-09-17 00:00:00-04:00,22.75263989288338,23.077404843952568,22.714433216106617,23.02009391784668,142100,0.0,0.0,0.0
2024-09-18 00:00:00-04:00,22.943680397447153,23.383067232423155,22.89591977067914,23.039199829101562,133800,0.0,0.0,0.0
2024-09-19 00:00:00-04:00,23.402171624782678,23.53589773677931,23.153821829730614,23.297100067138672,120200,0.0,0.0,0.0
2024-09-20 00:00:00-04:00,23.163371693274907,23.40216933959733,22.98188497194306,23.325754165649414,113500,0.0,0.0,0.0
2024-09-23 00:00:00-04:00,23.35441411139624,23.841559781152508,23.325757733576918,23.612314224243164,141600,0.0,0.0,0.0
2024-09-24 00:00:00-04:00,23.86066378061722,23.88932015813339,23.47858785647685,23.497692108154297,105400,0.0,0.0,0.0
2024-09-25 00:00:00-04:00,23.44992993912456,23.478586314759013,22.886367304818123,22.924575805664062,111200,0.0,0.0,0.0
2024-09-26 00:00:00-04:00,22.576723898465985,22.711624774474437,22.133475274902136,22.210561752319336,296300,0.209,0.0,0.0
2024-09-27 00:00:00-04:00,22.393640907946743,22.865795771434865,22.393640907946743,22.817617416381836,201100,0.0,0.0,0.0
2024-09-30 00:00:00-04:00,22.76944016069664,23.07778792162671,22.663447398329644,22.88507080078125,125100,0.0,0.0,0.0
2024-10-01 00:00:00-04:00,22.759804133523147,23.415038248500334,22.60562934647887,23.32831573486328,315900,0.0,0.0,0.0
2024-10-02 00:00:00-04:00,23.617391700194275,23.800472768908307,23.35722415589853,23.607755661010742,132900,0.0,0.0,0.0
2024-10-03 00:00:00-04:00,23.69447740971689,24.282262915703047,23.530668424665983,24.272626876831055,560100,0.0,0.0,0.0
2024-10-04 00:00:00-04:00,24.52315959739863,24.638788393858736,24.301534368058025,24.474979400634766,153500,0.0,0.0,0.0
2024-10-07 00:00:00-04:00,24.600247693859163,24.764056697867282,24.532795413949124,24.648426055908203,111100,0.0,0.0,0.0
2024-10-08 00:00:00-04:00,24.320805856458886,24.320805856458886,23.800472609244558,24.070274353027344,149000,0.0,0.0,0.0
2024-10-09 00:00:00-04:00,23.867924247572027,24.02209720546789,23.694479210467524,23.97391700744629,133900,0.0,0.0,0.0
2024-10-10 00:00:00-04:00,24.022094569667924,24.262990019684032,23.887193705782565,24.185903549194336,75300,0.0,0.0,0.0
2024-10-11 00:00:00-04:00,24.079911720012973,24.542430595905714,24.06063964071245,24.417165756225586,899100,0.0,0.0,0.0
2024-10-14 00:00:00-04:00,24.176267554550318,24.20517567024386,23.906463988403214,24.03173065185547,117200,0.0,0.0,0.0
2024-10-15 00:00:00-04:00,23.482490760180266,23.482490760180266,23.154872780424128,23.164508819580078,223600,0.0,0.0,0.0
2024-10-16 00:00:00-04:00,23.260865185953147,23.443946251392962,23.260865185953147,23.33795166015625,96300,0.0,0.0,0.0
2024-10-17 00:00:00-04:00,23.366861920646784,23.48249256150157,23.231961037888436,23.472856521606445,89600,0.0,0.0,0.0
2024-10-18 00:00:00-04:00,23.424672555600367,23.424672555600367,23.09705460339171,23.318679809570312,112900,0.0,0.0,0.0
2024-10-21 00:00:00-04:00,23.4439480003436,23.54030655975759,23.135602080528155,23.203052520751953,141200,0.0,0.0,0.0
2024-10-22 00:00:00-04:00,23.270504989481157,23.376499597864832,23.154876178414252,23.193418502807617,84600,0.0,0.0,0.0
2024-10-23 00:00:00-04:00,23.106695820695187,23.16451206372795,22.836894038089504,23.058517456054688,99000,0.0,0.0,0.0
2024-10-24 00:00:00-04:00,23.2030532113995,23.309047813698523,22.94288564460374,23.29941177368164,133100,0.0,0.0,0.0
2024-10-25 00:00:00-04:00,23.37649825593001,23.530671220426747,23.135602769168017,23.29941177368164,91000,0.0,0.0,0.0
2024-10-28 00:00:00-04:00,22.72126157218374,22.952521012153365,22.644175092193866,22.904342651367188,143500,0.0,0.0,0.0
2024-10-29 00:00:00-04:00,22.856160942397374,22.942883456391336,22.615265478611153,22.72126007080078,113100,0.0,0.0,0.0
2024-10-30 00:00:00-04:00,22.846525433747026,23.106692981769445,22.711624559018325,22.981428146362305,140400,0.0,0.0,0.0
2024-10-31 00:00:00-04:00,23.058512797246486,23.145235306387164,22.673080444335938,22.673080444335938,261300,0.0,0.0,0.0
2024-11-01 00:00:00-04:00,22.87543359326303,22.913977750619285,22.335828255481495,22.374370574951172,110800,0.0,0.0,0.0
2024-11-04 00:00:00-05:00,22.57672196534383,22.942882242251567,22.499635494527126,22.817617416381836,120200,0.0,0.0,0.0
2024-11-05 00:00:00-05:00,22.87543291638856,23.077786060748203,22.740532045406482,23.029605865478516,112700,0.0,0.0,0.0
2024-11-06 00:00:00-05:00,23.607756409197684,24.29189867193172,23.463219492637062,24.147361755371094,888900,0.0,0.0,0.0
2024-11-07 00:00:00-05:00,24.147361699551706,24.156997739018355,23.88719598549863,24.002824783325195,801800,0.0,0.0,0.0
2024-11-08 00:00:00-05:00,23.945009520254843,24.070274353027344,23.83901492783358,24.070274353027344,136300,0.0,0.0,0.0
2024-11-11 00:00:00-05:00,24.147361820798356,24.47497981276297,23.993188864331078,24.446073532104492,311900,0.0,0.0,0.0
2024-11-12 00:00:00-05:00,24.40752692211641,24.629150295038485,24.166631472100303,24.185903549194336,192500,0.0,0.0,0.0
2024-11-13 00:00:00-05:00,24.253356819212115,24.417165817907097,23.916102782147547,24.26299285888672,193300,0.0,0.0,0.0
2024-11-14 00:00:00-05:00,24.397896496167498,24.561705513377245,24.205181194553404,24.49425506591797,400900,0.0,0.0,0.0
2024-11-15 00:00:00-05:00,24.44607416760358,24.715875929491762,24.176270567828734,24.24372100830078,129400,0.0,0.0,0.0
2024-11-18 00:00:00-05:00,24.426801336382706,24.850777883585604,24.426801336382706,24.754419326782227,264600,0.0,0.0,0.0
2024-11-19 00:00:00-05:00,24.571338539276017,24.783325896407057,24.426801621328188,24.580974578857422,218300,0.0,0.0,0.0
2024-11-20 00:00:00-05:00,24.706239577936106,25.033857574282962,24.677333296890975,25.014585494995117,430800,0.0,0.0,0.0
2024-11-21 00:00:00-05:00,25.2747523602214,25.56382802797029,25.26511632084111,25.371110916137695,431000,0.0,0.0,0.0
2024-11-22 00:00:00-05:00,25.274754306138107,25.612008358867218,25.178395742803115,25.515649795532227,186700,0.0,0.0,0.0
2024-11-25 00:00:00-05:00,25.660182375148164,25.71799860608801,25.08203476884104,25.10130500793457,338100,0.0,0.0,0.0
2024-11-26 00:00:00-05:00,25.11094289465157,25.13021497304999,24.802596991823044,24.956769943237305,271500,0.0,0.0,0.0
2024-11-27 00:00:00-05:00,24.879683127261092,25.26511550052535,24.879683127261092,24.98567771911621,186800,0.0,0.0,0.0
2024-11-29 00:00:00-05:00,25.043495634568142,25.207304645958548,25.043495634568142,25.15912628173828,122600,0.0,0.0,0.0
2024-12-02 00:00:00-05:00,25.14948639513239,25.197664751984597,24.494250449777926,24.70623779296875,286500,0.0,0.0,0.0
2024-12-03 00:00:00-05:00,24.898956641819197,24.93749896242587,24.62915304602596,24.87004852294922,353100,0.0,0.0,0.0
2024-12-04 00:00:00-05:00,24.802596381887525,24.802596381887525,24.118454156546704,24.253355026245117,705600,0.0,0.0,0.0
2024-12-05 00:00:00-05:00,24.388257698883283,24.552066697578265,24.2244487001883,24.26299285888672,268700,0.0,0.0,0.0
2024-12-06 00:00:00-05:00,24.17626875816158,24.17626875816158,23.443946331777838,23.63666343688965,504400,0.0,0.0,0.0
2024-12-09 00:00:00-05:00,23.945011202537913,24.12809228288632,23.771566161985387,23.79083824157715,229300,0.0,0.0,0.0
2024-12-10 00:00:00-05:00,23.877562636477172,23.96428516356201,23.588486933565452,23.646303176879883,240000,0.0,0.0,0.0
2024-12-11 00:00:00-05:00,23.810109492208568,24.185907708625287,23.67520860512329,24.156999588012695,1227800,0.0,0.0,0.0
2024-12-12 00:00:00-05:00,24.166636852159268,24.20518101492816,23.89683322643751,24.06064224243164,345800,0.0,0.0,0.0
2024-12-13 00:00:00-05:00,24.05192556592882,24.05192556592882,23.80985707339478,23.877635955810547,510400,0.121,0.0,0.0
2024-12-16 00:00:00-05:00,23.77112430785031,23.77112430785031,23.296670302471583,23.316036224365234,290600,0.0,0.0,0.0
2024-12-17 00:00:00-05:00,23.12238185790384,23.161113703632232,22.802851517988802,23.132064819335938,263700,0.0,0.0,0.0
2024-12-18 00:00:00-05:00,23.141745459688224,23.2482561779224,22.347761170252028,22.40585708618164,292100,0.0,0.0,0.0
2024-12-19 00:00:00-05:00,22.715703699571858,22.870629215104472,22.24124973333342,22.250932693481445,646300,0.0,0.0,0.0
2024-12-20 00:00:00-05:00,22.21220471480904,22.706024646142716,22.125059912406865,22.483320236206055,259500,0.0,0.0,0.0
2024-12-23 00:00:00-05:00,22.454270220918183,22.82221345692821,22.31871063136861,22.75443458557129,332700,0.0,0.0,0.0
2024-12-24 00:00:00-05:00,22.909359715518274,23.122379302978516,22.647925326247172,23.122379302978516,409500,0.0,0.0,0.0
2024-12-26 00:00:00-05:00,23.044919921673205,23.08365176724763,22.83190031152201,22.957775115966797,175100,0.0,0.0,0.0
2024-12-27 00:00:00-05:00,22.986822143469634,23.238573578860933,22.899677344802033,23.044918060302734,442700,0.0,0.0,0.0
2024-12-30 00:00:00-05:00,23.25794109244072,23.790491034682997,23.17079628780674,23.587154388427734,572500,0.0,0.0,0.0
2024-12-31 00:00:00-05:00,23.635567427882822,23.926048879754266,23.567788545568554,23.848587036132812,297400,0.0,0.0,0.0
2025-01-02 00:00:00-05:00,24.168117639851502,24.4101861347066,24.080974680792835,24.3133602142334,403000,0.0,0.0,0.0
2025-01-03 00:00:00-05:00,24.41018488381943,24.574791525759156,24.293993046471364,24.38113784790039,368200,0.0,0.0,0.0
2025-01-06 00:00:00-05:00,24.65225592221271,24.894324429760765,24.34240852804498,24.419870376586914,289000,0.0,0.0,0.0
2025-01-07 00:00:00-05:00,24.594156335415114,24.807177772313384,24.39081970583317,24.739397048950195,199900,0.0,0.0,0.0
2025-01-08 00:00:00-05:00,24.70066716133015,24.913686752319336,24.63288828450795,24.913686752319336,388100,0.0,0.0,0.0
2025-01-10 00:00:00-05:00,25.31068029135376,25.630210618825867,25.010515885991712,25.136390686035156,1797800,0.0,0.0,0.0
2025-01-13 00:00:00-05:00,25.271952387473014,25.74640643745696,25.252586463758696,25.543067932128906,745200,0.0,0.0,0.0
2025-01-14 00:00:00-05:00,25.494654454017667,25.881963686289506,25.388143722579372,25.794818878173828,819100,0.0,0.0,0.0
2025-01-15 00:00:00-05:00,25.988472658481815,26.191809299096462,25.901327856265258,26.114347457885742,555400,0.0,0.0,0.0
2025-01-16 00:00:00-05:00,26.04657055717613,26.308004983694367,25.998157595303613,26.23054313659668,402800,0.0,0.0,0.0
2025-01-17 00:00:00-05:00,26.19180864893029,26.249906413523135,25.949740170301226,26.104663848876953,435300,0.0,0.0,0.0
2025-01-21 00:00:00-05:00,25.940062114445436,25.988475077144283,25.659261759650928,25.862598419189453,441300,0.0,0.0,0.0
2025-01-22 00:00:00-05:00,25.785135283970956,26.085301547599762,25.678626401981557,25.6979923248291,297800,0.0,0.0,0.0
2025-01-23 00:00:00-05:00,25.80449856321652,25.988471117748606,25.494651216743023,25.63020896911621,426400,0.0,0.0,0.0
2025-01-24 00:00:00-05:00,25.639894360497784,25.71735620446041,25.262268102034486,25.291316986083984,370800,0.0,0.0,0.0
2025-01-27 00:00:00-05:00,25.049247529832346,25.213854172779158,24.507012796104043,24.6425724029541,628500,0.0,0.0,0.0
2025-01-28 00:00:00-05:00,24.7393983190579,24.807179045900913,24.352089114134802,24.6425724029541,358900,0.0,0.0,0.0
2025-01-29 00:00:00-05:00,24.59415766027613,24.8265431838178,24.48764878292535,24.787813186645508,473500,0.0,0.0,0.0
2025-01-30 00:00:00-05:00,24.913688637043464,25.03956528652375,24.565111266039946,24.797496795654297,375200,0.0,0.0,0.0
2025-01-31 00:00:00-05:00,24.700669332075748,24.700669332075748,24.032559771989714,24.080974578857422,511300,0.0,0.0,0.0
2025-02-03 00:00:00-05:00,24.100338619139784,24.26494526857456,23.800174204347908,24.051925659179688,558200,0.0,0.0,0.0
2025-02-04 00:00:00-05:00,23.858269052342074,24.487648584525296,23.761443136777846,24.439233779907227,349000,0.0,0.0,0.0
2025-02-05 00:00:00-05:00,24.44891551992489,24.50701143572948,24.255260004795097,24.477964401245117,212300,0.0,0.0,0.0
2025-02-06 00:00:00-05:00,24.53606392387822,24.623208733813424,23.80985840564229,23.984148025512695,301200,0.0,0.0,0.0
2025-02-07 00:00:00-05:00,24.071291524530764,24.177800405556344,23.88731895281598,23.90668487548828,287400,0.0,0.0,0.0
2025-02-10 00:00:00-05:00,24.148751940087664,24.83622553276886,24.148751940087664,24.807178497314453,271900,0.0,0.0,0.0
2025-02-11 00:00:00-05:00,24.89432083127417,25.17512114592144,24.807177880242683,24.913686752319336,274000,0.0,0.0,0.0
2025-02-12 00:00:00-05:00,24.80718004561526,24.845910044250385,24.080974564555326,24.16811752319336,375300,0.0,0.0,0.0
2025-02-13 00:00:00-05:00,24.148754206812338,24.34240789975076,24.01319459023573,24.323043823242188,284200,0.0,0.0,0.0
2025-02-14 00:00:00-05:00,24.468283994701054,24.79749729668207,24.41986918744734,24.48764991760254,242000,0.0,0.0,0.0
2025-02-18 00:00:00-05:00,24.60384250615314,24.971787665075656,24.28431215594996,24.729719161987305,518800,0.0,0.0,0.0
2025-02-19 00:00:00-05:00,24.884641085948267,25.40750805506809,24.884641085948267,25.136390686035156,626000,0.0,0.0,0.0
2025-02-20 00:00:00-05:00,25.087975845700033,25.184803602151135,24.797494423182574,25.107341766357422,259400,0.0,0.0,0.0
2025-02-21 00:00:00-05:00,25.010517409001707,25.010517409001707,24.16811821427608,24.26494598388672,296700,0.0,0.0,0.0
2025-02-24 00:00:00-05:00,24.361773056877094,24.361773056877094,24.01319383498079,24.16811752319336,271100,0.0,0.0,0.0
2025-02-25 00:00:00-05:00,24.119704330670015,24.139070253218904,23.538739582055513,23.587154388427734,328500,0.0,0.0,0.0
2025-02-26 00:00:00-05:00,23.732393117711872,23.829220875475993,23.393496888955386,23.529054641723633,387000,0.0,0.0,0.0
2025-02-27 00:00:00-05:00,23.703345465461055,23.703345465461055,23.31603626115665,23.34508514404297,270400,0.0,0.0,0.0
2025-02-28 00:00:00-05:00,23.22889341577198,23.548423767089844,22.977141950061526,23.548423767089844,228000,0.0,0.0,0.0
2025-03-03 00:00:00-05:00,23.713028531846906,23.78080741204701,22.183155782916007,22.396175384521484,471800,0.0,0.0,0.0
2025-03-04 00:00:00-05:00,22.163791098249277,22.70602586379356,21.66997114043363,22.328397750854492,845400,0.0,0.0,0.0
2025-03-05 00:00:00-05:00,22.11537806388113,22.144426948421803,21.495683301702037,22.066965103149414,1310600,0.0,0.0,0.0
2025-03-06 00:00:00-05:00,21.950771219927315,22.04759898738034,21.515047189806733,21.660289764404297,713700,0.0,0.0,0.0
2025-03-07 00:00:00-05:00,21.766798150751754,22.15410736490755,21.650606309923024,21.970136642456055,674400,0.0,0.0,0.0
2025-03-10 00:00:00-04:00,22.03791430573155,22.47363645500479,21.921720624490476,22.15410614013672,603600,0.0,0.0,0.0
2025-03-11 00:00:00-04:00,22.25093410753486,22.744754025451755,22.24125114677148,22.502685546875,493500,0.0,0.0,0.0
2025-03-12 00:00:00-04:00,22.580148146411883,22.938410319375855,22.4058585404746,22.744754791259766,366400,0.0,0.0,0.0
2025-03-13 00:00:00-04:00,22.62856275497324,22.909361236778825,22.231568741105807,22.396175384521484,446600,0.0,0.0,0.0
2025-03-14 00:00:00-04:00,22.531734149559455,23.132062934751964,22.386493433582938,23.103015899658203,303000,0.0,0.0,0.0
2025-03-17 00:00:00-04:00,23.12238331183892,23.587156255624294,23.12238331183892,23.500011444091797,229600,0.0,0.0,0.0
2025-03-18 00:00:00-04:00,23.713027916685707,23.887317516585135,23.451593516836567,23.683979034423828,409900,0.0,0.0,0.0
2025-03-19 00:00:00-04:00,23.69366229900625,24.323041828232817,23.635566380573437,24.20684814453125,216500,0.0,0.0,0.0
2025-03-20 00:00:00-04:00,24.07129414692184,24.284313779015964,23.955100445065618,24.17780303955078,275900,0.0,0.0,0.0
2025-03-21 00:00:00-04:00,24.003511354377864,24.1003372688732,23.848585828146266,23.94541358947754,157100,0.0,0.0,0.0
2025-03-24 00:00:00-04:00,24.042240926536255,24.429550118190576,24.042240926536255,24.342405319213867,183100,0.0,0.0,0.0
2025-03-25 00:00:00-04:00,24.400503769737057,24.574791525759156,24.274627124634698,24.38113784790039,326700,0.0,0.0,0.0
2025-03-26 00:00:00-04:00,24.565110425078252,24.807178907660738,24.3811378612015,24.439233779907227,133600,0.0,0.0,0.0
2025-03-27 00:00:00-04:00,24.337826394919514,24.425583132481375,24.04530517624968,24.17206573486328,197900,0.176,0.0,0.0
2025-03-28 00:00:00-04:00,24.08430834229114,24.18181417265956,23.8210381367656,24.025802612304688,140500,0.0,0.0,0.0
2025-03-31 00:00:00-04:00,23.947797713548816,24.35732853950466,23.860040975143665,24.23056983947754,210500,0.0,0.0,0.0
2025-04-01 00:00:00-04:00,24.191565169536155,24.36707864019035,23.957547828598727,24.337825775146484,121500,0.0,0.0,0.0
2025-04-02 00:00:00-04:00,24.06480757521898,24.610848062394442,24.06480757521898,24.601097106933594,144900,0.0,0.0,0.0
2025-04-03 00:00:00-04:00,23.2067422161351,23.37250474024198,22.338927633354476,22.348678588867188,421100,0.0,0.0,0.0
2025-04-04 00:00:00-04:00,21.295597100591664,21.471110559851084,19.589219139709666,19.8232364654541,1244100,0.0,0.0,0.0
2025-04-07 00:00:00-04:00,19.121188166940872,20.642302006828547,18.740908312115394,19.66722869873047,1333200,0.0,0.0,0.0
2025-04-08 00:00:00-04:00,20.437533576193744,20.476537397275692,18.604396760846875,18.887168884277344,845200,0.0,0.0,0.0
2025-04-09 00:00:00-04:00,18.4191342431131,21.159091585109742,18.341128452652985,20.91532325744629,1307100,0.0,0.0,0.0
2025-04-10 00:00:00-04:00,20.21326699301944,20.21326699301944,18.88716870546527,19.29669952392578,666000,0.0,0.0,0.0
2025-04-11 00:00:00-04:00,19.403956472363266,20.06700655154709,19.0236785162803,19.949996948242188,914600,0.0,0.0,0.0
2025-04-14 00:00:00-04:00,20.466786561773663,20.466786561773663,19.71597973979352,19.979249954223633,668800,0.0,0.0,0.0
2025-04-15 00:00:00-04:00,19.901242857681446,20.301022700697725,19.901242857681446,19.969497680664062,269100,0.0,0.0,0.0
2025-04-16 00:00:00-04:00,20.018250907628094,20.700800944530172,20.018250907628094,20.340024948120117,369500,0.0,0.0,0.0
2025-04-17 00:00:00-04:00,20.554543072761547,21.14933832253675,20.554543072761547,20.827564239501953,281500,0.0,0.0,0.0
2025-04-21 00:00:00-04:00,20.525291050856303,20.535042006476935,19.940248592055493,20.125511169433594,183400,0.0,0.0,0.0
2025-04-22 00:00:00-04:00,20.525288596725034,20.83731355986367,20.35952609060317,20.603294372558594,196200,0.0,0.0,0.0
2025-04-23 00:00:00-04:00,20.905570962911497,21.100584496675793,20.466787257283734,20.593547821044922,282100,0.0,0.0,0.0
2025-04-24 00:00:00-04:00,20.778809463403018,20.934821027310523,20.593546893640696,20.827564239501953,407300,0.0,0.0,0.0
2025-04-25 00:00:00-04:00,20.62279706005661,20.97382399446242,20.583795100569553,20.9348201751709,166000,0.0,0.0,0.0
2025-04-28 00:00:00-04:00,20.915322315067066,21.17859068362994,20.905571359223305,21.14933967590332,149200,0.0,0.0,0.0
2025-04-29 00:00:00-04:00,20.934820904616128,21.1200853330972,20.74955833593959,20.954322814941406,215700,0.0,0.0,0.0
2025-04-30 00:00:00-04:00,20.68130217418957,20.68130217418957,20.135261689868297,20.320526123046875,346700,0.0,0.0,0.0
2025-05-01 00:00:00-04:00,20.232768258044995,20.90556926544331,20.232768258044995,20.652050018310547,493800,0.0,0.0,0.0
2025-05-02 00:00:00-04:00,20.944572092463446,21.0615816959105,20.554543180647514,21.012826919555664,418200,0.0,0.0,0.0
2025-05-05 00:00:00-04:00,20.652052286596298,20.78856195012093,20.505791667133526,20.583797454833984,238000,0.0,0.0,0.0
2025-05-06 00:00:00-04:00,20.730058074296757,20.8275657738735,20.437534975566532,20.583797454833984,207300,0.0,0.0,0.0
2025-05-07 00:00:00-04:00,20.759309846590366,20.759309846590366,20.408282890560542,20.632549285888672,228900,0.0,0.0,0.0
2025-05-08 00:00:00-04:00,20.87631510335741,21.393104520371107,20.86656414909628,21.237092971801758,328100,0.0,0.0,0.0
2025-05-09 00:00:00-04:00,21.47111108800426,21.627122642338172,21.324850488291773,21.568618774414062,148200,0.0,0.0,0.0
2025-05-12 00:00:00-04:00,22.475438015326954,22.61194953710019,22.124412904578524,22.212169647216797,479100,0.0,0.0,0.0
2025-05-13 00:00:00-04:00,22.348677127136582,23.04097818501719,22.329175217386695,22.904468536376953,263000,0.0,0.0,0.0
2025-05-14 00:00:00-04:00,22.689954988013472,22.855717515009108,22.582696335309052,22.748458862304688,183800,0.0,0.0,0.0
2025-05-15 00:00:00-04:00,22.368180373880264,22.47543716430664,22.19266689524944,22.47543716430664,320000,0.0,0.0,0.0
2025-05-16 00:00:00-04:00,22.47543443010806,22.47543443010806,22.212166103993734,22.426681518554688,167900,0.0,0.0,0.0
2025-05-19 00:00:00-04:00,22.15366354381093,22.173165455140573,21.939148098598743,22.124412536621094,231000,0.0,0.0,0.0
2025-05-20 00:00:00-04:00,22.192666494444666,22.33892710406065,22.017153018983656,22.07565689086914,697600,0.0,0.0,0.0
2025-05-21 00:00:00-04:00,22.026903107135983,22.036654062033794,21.705129034726212,21.714879989624023,212900,0.0,0.0,0.0
2025-05-22 00:00:00-04:00,21.55886995706487,21.734383438041434,21.256595913247637,21.627124786376953,349700,0.0,0.0,0.0
2025-05-23 00:00:00-04:00,21.38335612275719,21.753883129959434,21.38335612275719,21.69537925720215,186800,0.0,0.0,0.0
2025-05-27 00:00:00-04:00,21.929396049452,22.03665469661209,21.617372922954868,22.017152786254883,228800,0.0,0.0,0.0
2025-05-28 00:00:00-04:00,22.143912284029607,22.192667061684134,21.72463235502829,21.753883361816406,204800,0.0,0.0,0.0
2025-05-29 00:00:00-04:00,21.861142744497492,21.861142744497492,21.61737442748026,21.773386001586914,269800,0.0,0.0,0.0
2025-05-30 00:00:00-04:00,21.6368757302548,21.685628648364297,21.34435264218398,21.471113204956055,382700,0.0,0.0,0.0
2025-06-02 00:00:00-04:00,22.046405868209884,22.134162605874238,21.714880828101123,21.919645309448242,435900,0.0,0.0,0.0
2025-06-03 00:00:00-04:00,21.939147893065478,22.543694119988423,21.744132501205275,22.377931594848633,517200,0.0,0.0,0.0
2025-06-04 00:00:00-04:00,22.416933012758577,22.62169935521782,21.90989449408333,21.948898315429688,661300,0.0,0.0,0.0
2025-06-05 00:00:00-04:00,22.075655450753864,22.10490831469056,21.773383295959075,21.88064193725586,331800,0.0,0.0,0.0
2025-06-06 00:00:00-04:00,22.114661601444187,22.504690529375246,22.114661601444187,22.43643569946289,321500,0.0,0.0,0.0
2025-06-09 00:00:00-04:00,22.53394209158258,22.787461345009046,22.32917575389775,22.58269500732422,151100,0.0,0.0,0.0
2025-06-10 00:00:00-04:00,22.787462556703844,23.167740527162085,22.787462556703844,22.87521743774414,283200,0.0,0.0,0.0
2025-06-11 00:00:00-04:00,23.10923519557507,23.44076022678821,22.884966949892412,23.27499771118164,287600,0.0,0.0,0.0
2025-06-12 00:00:00-04:00,23.099483912606225,23.499263763427734,22.943472354227318,23.499263763427734,453000,0.0,0.0,0.0
2025-06-13 00:00:00-04:00,24.17206451020316,24.230568379012162,23.577269287930875,24.191564559936523,615600,0.0,0.0,0.0
2025-06-16 00:00:00-04:00,24.016051657306946,24.367078598007662,23.791785271772376,24.025802612304688,667000,0.0,0.0,0.0
2025-06-17 00:00:00-04:00,24.22081961229868,24.45483696847975,24.006304167417188,24.250072479248047,505000,0.0,0.0,0.0
2025-06-18 00:00:00-04:00,24.376830810252915,24.562095245156122,24.113560591149078,24.162315368652344,349700,0.0,0.0,0.0
2025-06-20 00:00:00-04:00,24.2500727092134,24.367080458511214,24.11356118862642,24.308576583862305,379200,0.0,0.0,0.0
2025-06-23 00:00:00-04:00,24.54259336228862,24.571846228824114,23.35300468691428,23.411508560180664,849200,0.0,0.0,0.0
2025-06-24 00:00:00-04:00,23.03122962744641,23.431009487626667,22.933721936225844,23.177490234375,579900,0.0,0.0,0.0
2025-06-25 00:00:00-04:00,23.13848525204625,23.13848525204625,22.758207321166992,22.758207321166992,619100,0.0,0.0,0.0
2025-06-26 00:00:00-04:00,22.832815280364,23.146937973820457,22.783732439312086,23.038957595825195,409800,0.156,0.0,0.0
2025-06-27 00:00:00-04:00,23.10767297760734,23.10767297760734,22.773917156333976,22.960426330566406,543600,0.0,0.0,0.0
2025-06-30 00:00:00-04:00,22.891710147252027,22.891710147252027,22.62666845344261,22.68556785583496,333000,0.0,0.0,0.0
2025-07-01 00:00:00-04:00,22.685567108797677,22.989873188529124,22.36162789558197,22.773914337158203,491500,0.0,0.0,0.0
2025-07-02 00:00:00-04:00,23.019324503114525,23.17638583736612,22.646302430027898,23.1076717376709,305900,0.0,0.0,0.0
2025-07-03 00:00:00-04:00,23.107671377254807,23.19601673811444,22.92116034362055,22.999691009521484,232100,0.0,0.0,0.0
2025-07-07 00:00:00-04:00,22.852446035910695,23.088038031457973,22.449976142810925,22.72483253479004,494100,0.0,0.0,0.0
2025-07-08 00:00:00-04:00,22.724832838057562,23.726100236734663,22.71501627073891,23.510141372680664,463900,0.0,0.0,0.0
2025-07-09 00:00:00-04:00,23.402162400343972,23.451243367545946,23.146937251792167,23.19601821899414,246000,0.0,0.0,0.0
2025-07-10 00:00:00-04:00,23.09785395718296,23.32362937927246,22.822995700518334,23.32362937927246,341900,0.0,0.0,0.0
2025-07-11 00:00:00-04:00,23.24509967203341,23.608303301229626,23.18620214044028,23.510141372680664,323000,0.0,0.0,0.0
2025-07-14 00:00:00-04:00,23.490508434832652,23.490508434832652,23.19601702976238,23.411977767944336,327900,0.0,0.0,0.0
2025-07-15 00:00:00-04:00,23.451242272932614,23.50032511016247,22.793547232602858,22.803363800048828,333400,0.0,0.0,0.0
2025-07-16 00:00:00-04:00,22.92116278939119,22.950610622047,22.44997874370855,22.567773818969727,449100,0.0,0.0,0.0
2025-07-17 00:00:00-04:00,22.538323033747908,23.00950892916588,22.528508338212355,22.98987579345703,282100,0.0,0.0,0.0
2025-07-18 00:00:00-04:00,23.22546728467294,23.382528622187237,22.950609007863505,23.04877281188965,383100,0.0,0.0,0.0
2025-07-21 00:00:00-04:00,22.999691311599648,22.999691311599648,22.27328217439565,22.29291343688965,347100,0.0,0.0,0.0
2025-07-22 00:00:00-04:00,22.332178930755735,22.754281952973983,22.332178930755735,22.68556785583496,328300,0.0,0.0,0.0
2025-07-23 00:00:00-04:00,22.67575276051114,22.921161336117713,22.48924171880087,22.881895065307617,478900,0.0,0.0,0.0
2025-07-24 00:00:00-04:00,22.940794115032862,23.215650517157016,22.79354747410199,23.146936416625977,445300,0.0,0.0,0.0
2025-07-25 00:00:00-04:00,23.215650433787406,23.245100136331587,22.95060872784621,23.00950813293457,299300,0.0,0.0,0.0
2025-07-28 00:00:00-04:00,23.245100187008777,23.53958972381737,23.245100187008777,23.519956588745117,393600,0.0,0.0,0.0
2025-07-29 00:00:00-04:00,23.559222779101447,23.804631349717088,23.441425841385666,23.755550384521484,274200,0.0,0.0,0.0
2025-07-30 00:00:00-04:00,23.618120668027725,23.6868347692655,23.27454828952003,23.490509033203125,302900,0.0,0.0,0.0
2025-07-31 00:00:00-04:00,23.196017738570255,23.627937355813685,23.117487069282255,23.25491714477539,317400,0.0,0.0,0.0
2025-08-01 00:00:00-04:00,23.117486542280425,23.117486542280425,22.400893967323487,22.49905776977539,268300,0.0,0.0,0.0
2025-08-04 00:00:00-04:00,22.400892859335723,22.587403887537295,22.322362195722224,22.47942352294922,303400,0.0,0.0,0.0
2025-08-05 00:00:00-04:00,22.557956214094798,22.64630345264056,22.283099802902534,22.61685562133789,472500,0.0,0.0,0.0
2025-08-06 00:00:00-04:00,22.85244638774789,23.078221819583565,22.371445822060185,22.45979118347168,353400,0.0,0.0,0.0
2025-08-07 00:00:00-04:00,22.71501647377061,23.107671680751185,22.23401590477008,22.29291343688965,369500,0.0,0.0,0.0
2025-08-08 00:00:00-04:00,22.42052785625934,22.72483396900686,22.224200244753217,22.41071128845215,441800,0.0,0.0,0.0
2025-08-11 00:00:00-04:00,22.50887247617206,22.57758657051133,22.126035737814053,22.19474983215332,169600,0.0,0.0,0.0
2025-08-12 00:00:00-04:00,22.263463832609975,22.616852741800177,22.155483472064383,22.430341720581055,316100,0.0,0.0,0.0
2025-08-13 00:00:00-04:00,22.469607912803905,22.68556865117653,22.3812606784367,22.665935516357422,268400,0.0,0.0,0.0
2025-08-14 00:00:00-04:00,22.56777116074526,22.685568094450275,22.36162886715991,22.656118392944336,251400,0.0,0.0,0.0
2025-08-15 00:00:00-04:00,22.616854466701472,22.783730495080913,22.47942439580255,22.528507232666016,282000,0.0,0.0,0.0
2025-08-18 00:00:00-04:00,22.341997906076,22.341997906076,22.057323047450556,22.253650665283203,501400,0.0,0.0,0.0
2025-08-19 00:00:00-04:00,22.096587818287524,22.35181295519761,21.968974313673087,22.057321548461914,358500,0.0,0.0,0.0
2025-08-20 00:00:00-04:00,22.184934342523622,22.30272940359005,21.959158915214022,22.21438217163086,262500,0.0,0.0,0.0
2025-08-21 00:00:00-04:00,22.18493529559381,22.469608265666242,22.047505222020636,22.400894165039062,258800,0.0,0.0,0.0
2025-08-22 00:00:00-04:00,22.469608153537443,23.068405665704123,22.469608153537443,23.00950813293457,385100,0.0,0.0,0.0
2025-08-25 00:00:00-04:00,22.980056665816473,23.24509835140587,22.832811909039698,23.215648651123047,291100,0.0,0.0,0.0
2025-08-26 00:00:00-04:00,23.068404912674968,23.117485876327628,22.83281291696845,23.097854614257812,280100,0.0,0.0,0.0
2025-08-27 00:00:00-04:00,23.048772221562736,23.470875257441037,23.048772221562736,23.343263626098633,228100,0.0,0.0,0.0
2025-08-28 00:00:00-04:00,23.411979545171725,23.677021268158924,23.186204094768822,23.647571563720703,354100,0.0,0.0,0.0
2025-08-29 00:00:00-04:00,23.58867291847463,23.775182087527142,23.549406647735886,23.62793731689453,242400,0.0,0.0,0.0
2025-09-02 00:00:00-04:00,23.539590002665562,23.942059914820383,23.402161800169427,23.93224334716797,295000,0.0,0.0,0.0
2025-09-03 00:00:00-04:00,23.716281461183772,23.9126090446391,23.078219623431846,23.166566848754883,469700,0.0,0.0,0.0
2025-09-04 00:00:00-04:00,23.097854551608886,23.451241608050786,22.970241050748104,23.40216064453125,389700,0.0,0.0,0.0
2025-09-05 00:00:00-04:00,23.186203047129336,23.323631250326986,22.665936192808616,22.881895065307617,498100,0.0,0.0,0.0
2025-09-08 00:00:00-04:00,23.038955959919956,23.08803879748669,22.528507555457605,22.636486053466797,495400,0.0,0.0,0.0
2025-09-09 00:00:00-04:00,22.744465821384033,23.088038185976053,22.557954788208008,22.557954788208008,489900,0.0,0.0,0.0
2025-09-10 00:00:00-04:00,22.61685599751043,23.23528480529785,22.567773157324822,23.23528480529785,338500,0.0,0.0,0.0
2025-09-11 00:00:00-04:00,23.00950766276663,23.13711929321289,22.891710727315736,23.13711929321289,370900,0.0,0.0,0.0
2025-09-12 00:00:00-04:00,23.254916097946392,23.372711160416383,22.93097686767578,22.93097686767578,359200,0.0,0.0,0.0
2025-09-15 00:00:00-04:00,22.940793268280768,22.940793268280768,22.6855681383582,22.72483253479004,422700,0.0,0.0,0.0
2025-09-16 00:00:00-04:00,22.92116063181267,23.46105873262999,22.891710929610007,23.411977767944336,651500,0.0,0.0,0.0
2025-09-17 00:00:00-04:00,23.343264977985765,23.6770207990641,23.205834898982463,23.33344841003418,312900,0.0,0.0,0.0
2025-09-18 00:00:00-04:00,23.411978442700818,23.411978442700818,22.970242258523527,23.186203002929688,317600,0.0,0.0,0.0
2025-09-19 00:00:00-04:00,23.038957864652367,23.038957864652367,22.47942657636436,22.567773818969727,207100,0.0,0.0,0.0
2025-09-22 00:00:00-04:00,22.48924049571483,22.764098759480703,22.351812299991266,22.656118392944336,287000,0.0,0.0,0.0
2025-09-23 00:00:00-04:00,22.793548258242584,23.56904027049997,22.793548258242584,23.127304077148438,665200,0.0,0.0,0.0
2025-09-24 00:00:00-04:00,23.362895056641513,23.87334533032138,23.333447226599194,23.618120193481445,355600,0.0,0.0,0.0
2025-09-25 00:00:00-04:00,23.589451566991826,23.876162270382984,23.47081141977127,23.70808982849121,390100,0.171,0.0,0.0
2025-09-26 00:00:00-04:00,23.698203235822035,24.321060715115404,23.698203235822035,23.97502899169922,1638500,0.0,0.0,0.0
2025-09-29 00:00:00-04:00,23.886049262767575,23.886049262767575,23.342286474941236,23.4016056060791,487900,0.0,0.0,0.0
2025-09-30 00:00:00-04:00,23.24341983608799,23.322512638957065,23.006141427480767,23.22364616394043,711500,0.0,0.0,0.0
2025-10-01 00:00:00-04:00,23.13466608632698,23.698202531798717,23.045686449071326,23.65865707397461,935200,0.0,0.0,0.0
2025-10-02 00:00:00-04:00,23.579565430492753,23.688316859140198,23.025915793720056,23.055574417114258,710300,0.0,0.0,0.0
2025-10-03 00:00:00-04:00,23.223645661037246,23.431265442648332,23.09512056630362,23.371944427490234,863100,0.0,0.0,0.0
2025-10-06 00:00:00-04:00,23.559789657592773,23.777294381220173,23.451036352918543,23.559789657592773,530000,0.0,0.0,0.0
2025-10-07 00:00:00-04:00,23.520244662393033,23.638882919162217,23.263192591765005,23.609222412109375,545700,0.0,0.0,0.0
2025-10-08 00:00:00-04:00,23.658655938442312,23.658655938442312,23.22364460892935,23.57956314086914,683800,0.0,0.0,0.0
2025-10-09 00:00:00-04:00,23.59933627048948,23.83661465776749,22.966592018693788,23.045684814453125,801900,0.0,0.0,0.0
2025-10-10 00:00:00-04:00,22.838069036172072,22.907275003120407,21.849408055261776,21.859294891357422,1091800,0.0,0.0,0.0
2025-10-13 00:00:00-04:00,22.16577888195427,22.403057286959708,21.938387312872532,22.383283615112305,918700,0.0,0.0,0.0
2025-10-14 00:00:00-04:00,21.908727139745388,22.274532531625297,21.81974750079409,22.057025909423828,549800,0.0,0.0,0.0
2025-10-15 00:00:00-04:00,22.24487258826606,22.452490493943692,22.047139633192987,22.1954402923584,421100,0.0,0.0,0.0
2025-10-16 00:00:00-04:00,22.284419052607564,22.333851346561037,21.513262821173868,21.701108932495117,659600,0.0,0.0,0.0
2025-10-17 00:00:00-04:00,21.75054122644859,21.86918137194652,21.513262821173868,21.701108932495117,351500,0.0,0.0,0.0
2025-10-20 00:00:00-04:00,21.90872649450226,22.175665403494424,21.839520529738614,22.027366638183594,481100,0.0,0.0,0.0
2025-10-21 00:00:00-04:00,22.05702555376401,22.14600519128055,21.809860313044982,21.898839950561523,484200,0.0,0.0,0.0
2025-10-22 00:00:00-04:00,22.027366742249477,22.1262313291097,21.622015901814983,21.91861343383789,586000,0.0,0.0,0.0
2025-10-23 00:00:00-04:00,22.511808859818224,22.66010761579158,22.31407592803975,22.561241149902344,932100,0.0,0.0,0.0
2025-10-24 00:00:00-04:00,22.640335225024906,22.669995732184287,22.284418567717836,22.333850860595703,332000,0.0,0.0,0.0
2025-10-27 00:00:00-04:00,22.501923676221043,22.541469134046643,22.25475843621737,22.29430389404297,372300,0.0,0.0,0.0
2025-10-28 00:00:00-04:00,22.126232984466327,22.13611982103625,21.819748593683787,21.849409103393555,261900,0.0,0.0,0.0
2025-10-29 00:00:00-04:00,21.8790654197219,22.066911523295122,21.78020083589279,21.888952255249023,352600,0.0,0.0,0.0
2025-10-30 00:00:00-04:00,21.86918019446904,22.106458586968248,21.701107764066972,21.819746017456055,408900,0.0,0.0,0.0
2025-10-31 00:00:00-04:00,21.958158477026117,22.205323710954218,21.888952513241623,22.15589141845703,393800,0.0,0.0,0.0
2025-11-03 00:00:00-05:00,22.155891194996386,22.412943261975553,21.829633164930723,22.373395919799805,687600,0.0,0.0,0.0
2025-11-04 00:00:00-05:00,22.116347487473412,22.314078556825272,21.80986121853803,22.1954402923584,971800,0.0,0.0,0.0
2025-11-05 00:00:00-05:00,22.146003445582224,22.482148297320574,22.03725203052875,22.076797485351562,511000,0.0,0.0,0.0
2025-11-06 00:00:00-05:00,22.373395919799805,22.679882164498657,22.126230688364572,22.373395919799805,775800,0.0,0.0,0.0
2025-11-07 00:00:00-05:00,22.35362650445135,22.91716299015663,22.27453369743519,22.907276153564453,699100,0.0,0.0,0.0
2025-11-10 00:00:00-05:00,23.0852327288017,23.23353148882017,22.808406993905116,23.184099197387695,852600,0.0,0.0,0.0
2025-11-11 00:00:00-05:00,23.32251170366364,23.94536726556432,23.312624867986347,23.806955337524414,1031800,0.0,0.0,0.0
2025-11-12 00:00:00-05:00,23.67843085100112,23.866275076512608,23.500471575698754,23.549903869628906,754700,0.0,0.0,0.0
2025-11-13 00:00:00-05:00,23.579564000409462,23.945367495374537,23.441150185320065,23.58945083618164,1036200,0.0,0.0,0.0
2025-11-14 00:00:00-05:00,23.54990372299589,23.87616176377841,23.21375884634467,23.856388092041016,677700,0.0,0.0,0.0
2025-11-17 00:00:00-05:00,23.82672846997151,23.89593443242618,23.322511176160422,23.470809936523438,1137500,0.0,0.0,0.0
2025-11-18 00:00:00-05:00,23.2335320682891,23.88604813722166,23.164326104269147,23.806955337524414,1000100,0.0,0.0,0.0
2025-11-19 00:00:00-05:00,23.431264654231086,23.708088506103106,23.243418550660028,23.64876937866211,732200,0.0,0.0,0.0
2025-11-20 00:00:00-05:00,23.77729518329371,24.311173003462482,23.243419248846056,23.2829647064209,885900,0.0,0.0,0.0
2025-11-21 00:00:00-05:00,23.203871802388164,23.490584382845835,22.9171611076516,23.3917179107666,683500,0.0,0.0,0.0
2025-11-24 00:00:00-05:00,23.263192591765005,23.67843026189934,22.946819507031293,23.609222412109375,754400,0.0,0.0,0.0
2025-11-25 00:00:00-05:00,23.332398406828997,23.490584005325104,23.12477863022718,23.431264877319336,543400,0.0,0.0,0.0
2025-11-26 00:00:00-05:00,23.5004699406166,24.034345843657306,23.5004699406166,23.81684112548828,569400,0.0,0.0,0.0
2025-11-28 00:00:00-05:00,23.895935662870894,24.37049247475674,23.836616532815448,24.321060180664062,510900,0.0,0.0,0.0
2025-12-01 00:00:00-05:00,24.301287048772778,24.627545099909696,24.20242057266922,24.45947265625,582000,0.0,0.0,0.0
2025-12-02 00:00:00-05:00,24.360603855665957,24.360603855665957,24.01457405090332,24.01457405090332,519400,0.0,0.0,0.0
2025-12-03 00:00:00-05:00,24.222193067373627,24.79561633802955,24.222193067373627,24.775842666625977,1138200,0.0,0.0,0.0
2025-12-04 00:00:00-05:00,24.77584210359244,24.98346187716957,24.736296647405062,24.835163116455078,906000,0.0,0.0,0.0
2025-12-05 00:00:00-05:00,24.894483167832735,25.388813645714336,24.8747094961444,24.93402862548828,1255800,0.0,0.0,0.0
2025-12-08 00:00:00-05:00,24.81539102424923,24.953802958292346,24.449585631208056,24.479246139526367,1331700,0.0,0.0,0.0
2025-12-09 00:00:00-05:00,24.4495849609375,24.63743107036145,24.390265831648243,24.4495849609375,638800,0.0,0.0,0.0
2025-12-10 00:00:00-05:00,24.479244133987418,24.637429727282893,24.113438770915995,24.587997436523438,1357800,0.0,0.0,0.0
2025-12-11 00:00:00-05:00,24.29139864045235,24.36060460352948,24.03434657350796,24.13321304321289,1807900,0.0,0.0,0.0
2025-12-12 00:00:00-05:00,24.258638790448188,24.36813483934737,23.950054010791437,23.96996307373047,1133900,0.166,0.0,0.0
2025-12-15 00:00:00-05:00,23.999825635449287,23.999825635449287,23.382658001324668,23.62156105041504,890000,0.0,0.0,0.0
2025-12-16 00:00:00-05:00,23.32293353625515,23.32293353625515,22.695811348972228,22.805309295654297,1010900,0.0,0.0,0.0
2025-12-17 00:00:00-05:00,23.03425841541171,23.482202846443833,22.974533124151684,23.442384719848633,1126900,0.0,0.0,0.0
2025-12-18 00:00:00-05:00,23.442384359258934,23.442384359258934,22.745584242256058,22.77544593811035,1197000,0.0,0.0,0.0
2025-12-19 00:00:00-05:00,22.865033710909067,23.13380035232285,22.865033710909067,22.914806365966797,822100,0.0,0.0,0.0
2025-12-22 00:00:00-05:00,23.133800663853698,23.43243090232362,23.074075375612786,23.1138916015625,752700,0.0,0.0,0.0
2025-12-23 00:00:00-05:00,23.203480877477592,23.34284241725111,23.07407576765152,23.303024291992188,692900,0.0,0.0,0.0
2025-12-24 00:00:00-05:00,23.243298213316226,23.243298213316226,23.074074983978615,23.163663864135742,312500,0.0,0.0,0.0
2025-12-26 00:00:00-05:00,23.13380130437337,23.213435657110367,22.894898246162388,23.034257888793945,429700,0.0,0.0,0.0
2025-12-29 00:00:00-05:00,23.16366505201615,23.37270451734765,23.16366505201615,23.253253936767578,644300,0.0,0.0,0.0
2025-12-30 00:00:00-05:00,23.422477081987726,23.591700319333015,23.422477081987726,23.502111434936523,727700,0.0,0.0,0.0
2025-12-31 00:00:00-05:00,23.462292995762454,23.482202058391913,23.193526346162862,23.303024291992188,529800,0.0,0.0,0.0
2026-01-02 00:00:00-05:00,23.283115682355472,23.790785397487603,23.07407621657723,23.721105575561523,847500,0.0,0.0,0.0
2026-01-05 00:00:00-05:00,23.910236599690016,23.930145661643298,22.546496234012512,23.163663864135742,2030400,0.0,0.0,0.0
2026-01-06 00:00:00-05:00,23.153709980080073,23.25325339399511,22.745583691797854,22.84512710571289,1449900,0.0,0.0,0.0
2026-01-07 00:00:00-05:00,22.88494382032256,22.88494382032256,22.466862991866307,22.546497344970703,758600,0.0,0.0,0.0
2026-01-08 00:00:00-05:00,22.6460398755693,23.402567149797868,22.596269118812327,23.133800506591797,951800,0.0,0.0,0.0
2026-01-09 00:00:00-05:00,23.17361975692775,23.372704692262012,22.9645783913991,22.994441986083984,997600,0.0,0.0,0.0
2026-01-12 00:00:00-05:00,23.084030072664696,23.193526118787876,22.944668534257392,23.093984603881836,695800,0.0,0.0,0.0
2026-01-13 00:00:00-05:00,23.322933266683705,23.760923149716874,23.322933266683705,23.551881790161133,1041500,0.0,0.0,0.0
2026-01-14 00:00:00-05:00,23.541926774837172,24.198910636562292,23.541926774837172,23.850509643554688,1623900,0.0,0.0,0.0
2026-01-15 00:00:00-05:00,23.63151646715699,23.840557829591273,23.233344703749705,23.512065887451172,1566100,0.0,0.0,0.0
2026-01-16 00:00:00-05:00,23.522018520232713,23.571791177304082,23.382658877698347,23.512065887451172,644800,0.0,0.0,0.0
2026-01-20 00:00:00-05:00,23.870419436288103,24.069506266566545,23.412522384733496,23.522018432617188,1040900,0.0,0.0,0.0
2026-01-21 00:00:00-05:00,23.96000789703632,24.607037236068876,23.96000789703632,24.28849983215332,1724100,0.0,0.0,0.0
2026-01-22 00:00:00-05:00,24.248684008295317,24.388043650162345,23.98987188866175,24.23872947692871,1226400,0.0,0.0,0.0
2026-01-23 00:00:00-05:00,24.5274040032076,24.76630706703501,24.328319066001146,24.388044357299805,957800,0.0,0.0,0.0
2026-01-26 00:00:00-05:00,24.726490110735636,24.726490110735636,24.15909511352888,24.477632522583008,1112500,0.0,0.0,0.0
2026-01-27 00:00:00-05:00,24.45772313727192,24.76630601089394,24.338272559768487,24.7563533782959,571100,0.0,0.0,0.0
2026-01-28 00:00:00-05:00,24.915621907281817,25.03507248395374,24.70658055015692,25.01516342163086,1103000,0.0,0.0,0.0
2026-01-29 00:00:00-05:00,25.552697827078617,25.881189775203193,25.254069473740916,25.35361099243164,1629000,0.0,0.0,0.0
2026-01-30 00:00:00-05:00,25.343655351522163,25.602467465781697,24.965392660609115,25.492971420288086,1241800,0.0,0.0,0.0
2026-02-02 00:00:00-05:00,24.62694732385283,24.895713981584354,24.487587678495494,24.63690185546875,1266300,0.0,0.0,0.0
2026-02-03 00:00:00-05:00,24.636901040382252,25.24411415843495,24.457723274489148,25.214250564575195,1423900,0.0,0.0,0.0
2026-02-04 00:00:00-05:00,25.45315406559932,25.93096018393226,25.373519712543832,25.871234893798828,1280000,0.0,0.0,0.0
2026-02-05 00:00:00-05:00,25.582561342101712,25.682102860482075,24.985302738655736,25.36356544494629,778000,0.0,0.0,0.0
2026-02-06 00:00:00-05:00,25.46310897805932,26.11013834364563,25.44319991483937,26.060367584228516,911200,0.0,0.0,0.0
2026-02-09 00:00:00-05:00,25.90109855311701,26.22959049762354,25.811509668375887,26.100183486938477,640700,0.0,0.0,0.0
2026-02-10 00:00:00-05:00,26.09022857207405,26.09022857207405,25.821463820432747,25.911052703857422,417800,0.0,0.0,0.0
2026-02-11 00:00:00-05:00,26.32913405109357,26.597898808085148,26.169865343753095,26.558082580566406,595000,0.0,0.0,0.0
2026-02-12 00:00:00-05:00,26.508309395178284,26.577991114556255,25.473062818073764,25.911052703857422,967500,0.0,0.0,0.0
2026-02-13 00:00:00-05:00,25.831417707152983,26.558081389123565,25.811508644970388,26.46849250793457,1030300,0.0,0.0,0.0
2026-02-17 00:00:00-05:00,26.587944469127876,26.7173514814248,25.57260692713629,26.060367584228516,710800,0.0,0.0,0.0
2026-02-18 00:00:00-05:00,26.3888581532534,26.747213677947137,26.358994559984698,26.707395553588867,1112200,0.0,0.0,0.0
2026-02-19 00:00:00-05:00,26.966208991246653,27.53360400080734,26.946299928089108,27.2548828125,1094400,0.0,0.0,0.0
2026-02-20 00:00:00-05:00,27.23497571877037,27.503740477564808,27.065752478756885,27.48383331298828,601200,0.0,0.0,0.0
2026-02-23 00:00:00-05:00,27.48383293688285,27.752597691999345,26.90648340214341,27.055797576904297,462000,0.0,0.0,0.0
2026-02-24 00:00:00-05:00,27.095612768295855,27.095612768295855,26.597897605698435,26.946298599243164,579900,0.0,0.0,0.0
2026-02-25 00:00:00-05:00,27.06575236153072,27.135432183828698,26.398813935970036,26.787031173706055,760800,0.0,0.0,0.0
2026-02-26 00:00:00-05:00,26.458539529645115,27.175248722586716,26.249500060357775,26.98611831665039,647100,0.0,0.0,0.0
2026-02-27 00:00:00-05:00,27.29470036339292,27.862095360991887,27.125477127386848,27.802370071411133,721400,0.0,0.0,0.0
2026-03-02 00:00:00-05:00,28.897343805412124,28.92720550085064,27.971593274163748,28.519079208374023,2623100,0.0,0.0,0.0
2026-03-03 00:00:00-05:00,28.847571797258727,28.976978809177716,28.07113732027583,28.43944549560547,2068400,0.0,0.0,0.0
2026-03-04 00:00:00-05:00,27.951685081888787,28.509125564815307,27.712782017777418,28.409584045410156,762500,0.0,0.0,0.0
2026-03-05 00:00:00-05:00,28.59871331467955,29.096428486457334,28.538988025683373,28.787845611572266,961200,0.0,0.0,0.0
2026-03-06 00:00:00-05:00,29.2059270672494,29.385104836769038,28.787846237914497,28.947114944458008,1856300,0.0,0.0,0.0
2026-03-09 00:00:00-04:00,29.33533209932369,29.55432799419832,28.6883027434262,28.957069396972656,3110300,0.0,0.0,0.0
2026-03-10 00:00:00-04:00,28.56885228406758,28.867480634627874,28.051228037705844,28.230405807495117,1609900,0.0,0.0,0.0
2026-03-11 00:00:00-04:00,28.160725712982078,29.006839997589243,28.160725712982078,28.976978302001953,923600,0.0,0.0,0.0
2026-03-12 00:00:00-04:00,29.245742797851562,29.544373041523194,29.07651956269412,29.245742797851562,1996500,0.0,0.0,0.0
2026-03-13 00:00:00-04:00,29.09642790903634,29.614052133084787,28.95706827126663,29.574234008789062,1124700,0.0,0.0,0.0
2026-03-16 00:00:00-04:00,29.51450856428236,29.892773148552852,29.195971166138364,29.59414291381836,1207700,0.0,0.0,0.0
2026-03-17 00:00:00-04:00,29.82309245939598,30.211311588069318,29.753412638479226,29.94254493713379,1032400,0.0,0.0,0.0
2026-03-18 00:00:00-04:00,30.111768161897164,30.271036866400053,29.793230752891386,30.181447982788086,1002200,0.0,0.0,0.0
2026-03-19 00:00:00-04:00,30.470124382468484,31.2166971636243,30.470124382468484,30.808570861816406,3114700,0.0,0.0,0.0
2026-03-20 00:00:00-04:00,30.828476906280866,31.42573548923224,30.709026328870205,30.94792938232422,1656000,0.0,0.0,0.0
2026-03-23 00:00:00-04:00,30.211310772079262,31.087288623510226,30.01222394743771,30.75879669189453,2923100,0.0,0.0,0.0
2026-03-24 00:00:00-04:00,31.017608799063442,31.803999667764433,31.007654267969833,31.475507736206055,1404500,0.0,0.0,0.0
2026-03-25 00:00:00-04:00,31.236603952780833,31.804000854492188,31.216696788483475,31.804000854492188,2319400,0.0,0.0,0.0
2026-03-26 00:00:00-04:00,31.969999313354492,32.66999816894531,31.93000030517578,32.36000061035156,1710000,0.146,0.0,0.0
2026-03-27 00:00:00-04:00,32.58000183105469,32.88999938964844,32.369998931884766,32.7400016784668,1226300,0.0,0.0,0.0
2026-03-30 00:00:00-04:00,32.970001220703125,33.029998779296875,32.13999938964844,32.31999969482422,2270400,0.0,0.0,0.0
2026-03-31 00:00:00-04:00,32.349998474121094,32.709999084472656,31.09000015258789,31.690000534057617,4616000,0.0,0.0,0.0
2026-04-01 00:00:00-04:00,30.940000534057617,31.489999771118164,30.3700008392334,30.6299991607666,3523300,0.0,0.0,0.0
2026-04-02 00:00:00-04:00,31.649999618530273,31.850000381469727,30.829999923706055,31.15999984741211,1155500,0.0,0.0,0.0
2026-04-06 00:00:00-04:00,31.15999984741211,31.469999313354492,31.030000686645508,31.34000015258789,1228600,0.0,0.0,0.0
2026-04-07 00:00:00-04:00,31.540000915527344,32.0099983215332,31.530000686645508,31.65999984741211,1336000,0.0,0.0,0.0
2026-04-08 00:00:00-04:00,29.6200008392334,30.3799991607666,29.049999237060547,30.299999237060547,1912500,0.0,0.0,0.0
2026-04-09 00:00:00-04:00,30.389999389648438,30.729999542236328,29.75,29.93000030517578,1822800,0.0,0.0,0.0
2026-04-10 00:00:00-04:00,29.780000686645508,30.139999389648438,29.6200008392334,29.969999313354492,599500,0.0,0.0,0.0
2026-04-13 00:00:00-04:00,30.360000610351562,30.5,29.75,29.959999084472656,1329800,0.0,0.0,0.0
2026-04-14 00:00:00-04:00,29.690000534057617,29.690000534057617,28.809999465942383,28.969999313354492,1557800,0.0,0.0,0.0
2026-04-15 00:00:00-04:00,28.850000381469727,29.239999771118164,28.709999084472656,29.010000228881836,1047200,0.0,0.0,0.0
2026-04-16 00:00:00-04:00,29.09000015258789,29.579999923706055,29.0,29.559999465942383,533100,0.0,0.0,0.0
2026-04-17 00:00:00-04:00,28.290000915527344,28.489999771118164,27.5,28.459999084472656,2067000,0.0,0.0,0.0
2026-04-20 00:00:00-04:00,28.649999618530273,28.829999923706055,28.389999389648438,28.610000610351562,729100,0.0,0.0,0.0
2026-04-21 00:00:00-04:00,28.68000030517578,29.190000534057617,28.59000015258789,29.149999618530273,974600,0.0,0.0,0.0
2026-04-22 00:00:00-04:00,29.3700008392334,29.829999923706055,29.25,29.780000686645508,1108300,0.0,0.0,0.0
2026-04-23 00:00:00-04:00,29.969999313354492,30.200000762939453,29.75,30.110000610351562,1644300,0.0,0.0,0.0
2026-04-24 00:00:00-04:00,29.959999084472656,30.059999465942383,29.610000610351562,29.81999969482422,700700,0.0,0.0,0.0
2026-04-27 00:00:00-04:00,30.09000015258789,30.43000030517578,29.889999389648438,30.020000457763672,696900,0.0,0.0,0.0
2026-04-28 00:00:00-04:00,30.489999771118164,30.65999984741211,30.229999542236328,30.5,666200,0.0,0.0,0.0
2026-04-29 00:00:00-04:00,30.90999984741211,31.31999969482422,30.790000915527344,31.309999465942383,1878000,0.0,0.0,0.0
2026-04-30 00:00:00-04:00,30.829999923706055,31.489999771118164,30.610000610351562,31.399999618530273,824400,0.0,0.0,0.0
2026-05-01 00:00:00-04:00,31.1200008392334,31.170000076293945,30.389999389648438,31.020000457763672,757900,0.0,0.0,0.0
2026-05-04 00:00:00-04:00,31.1299991607666,31.68000030517578,30.920000076293945,31.670000076293945,1130400,0.0,0.0,0.0
2026-05-05 00:00:00-04:00,31.459999084472656,31.649999618530273,31.149999618530273,31.389999389648438,601400,0.0,0.0,0.0
2026-05-06 00:00:00-04:00,30.06999969482422,30.440000534057617,29.6200008392334,29.649999618530273,1673500,0.0,0.0,0.0
2026-05-07 00:00:00-04:00,29.09000015258789,29.25,28.540000915527344,29.200000762939453,2065700,0.0,0.0,0.0
2026-05-08 00:00:00-04:00,29.200000762939453,29.280000686645508,28.860000610351562,28.920000076293945,657700,0.0,0.0,0.0
2026-05-11 00:00:00-04:00,29.360000610351562,29.700000762939453,29.25,29.579999923706055,1749300,0.0,0.0,0.0
2026-05-12 00:00:00-04:00,29.780000686645508,29.889999389648438,29.40999984741211,29.790000915527344,506900,0.0,0.0,0.0
2026-05-13 00:00:00-04:00,29.760000228881836,29.799999237060547,29.3799991607666,29.790000915527344,504900,0.0,0.0,0.0
2026-05-14 00:00:00-04:00,29.670000076293945,30.15999984741211,29.639999389648438,30.049999237060547,320900,0.0,0.0,0.0
2026-05-15 00:00:00-04:00,30.34000015258789,30.850000381469727,30.280000686645508,30.799999237060547,457500,0.0,0.0,0.0
2026-05-18 00:00:00-04:00,30.649999618530273,31.3700008392334,30.479999542236328,31.1200008392334,993900,0.0,0.0,0.0
2026-05-19 00:00:00-04:00,31.34000015258789,31.600000381469727,31.079999923706055,31.489999771118164,801900,0.0,0.0,0.0
2026-05-20 00:00:00-04:00,31.399999618530273,31.770000457763672,30.65999984741211,30.739999771118164,2735100,0.0,0.0,0.0
2026-05-21 00:00:00-04:00,31.149999618530273,31.190000534057617,30.010000228881836,30.190000534057617,1100800,0.0,0.0,0.0
2026-05-22 00:00:00-04:00,30.15999984741211,30.459999084472656,30.010000228881836,30.34000015258789,473700,0.0,0.0,0.0
2026-05-26 00:00:00-04:00,29.93000030517578,30.25,29.219999313354492,29.219999313354492,749300,0.0,0.0,0.0
2026-05-27 00:00:00-04:00,28.760000228881836,29.049999237060547,28.559999465942383,28.610000610351562,847500,0.0,0.0,0.0
2026-05-28 00:00:00-04:00,28.90999984741211,29.020000457763672,28.469999313354492,28.799999237060547,1387900,0.0,0.0,0.0
2026-05-29 00:00:00-04:00,28.709999084472656,28.770000457763672,28.239999771118164,28.520000457763672,786800,0.0,0.0,0.0
2026-06-01 00:00:00-04:00,28.959999084472656,29.639999389648438,28.959999084472656,29.31999969482422,811000,0.0,0.0,0.0
2026-06-02 00:00:00-04:00,29.200000762939453,29.65999984741211,29.170000076293945,29.459999084472656,492700,0.0,0.0,0.0
2026-06-03 00:00:00-04:00,29.639999389648438,30.010000228881836,29.420000076293945,29.760000228881836,1228000,0.0,0.0,0.0
2026-06-04 00:00:00-04:00,29.530000686645508,29.889999389648438,29.440000534057617,29.809999465942383,402500,0.0,0.0,0.0
2026-06-05 00:00:00-04:00,29.75,29.799999237060547,28.719999313354492,28.719999313354492,734700,0.0,0.0,0.0
2026-06-08 00:00:00-04:00,29.0,29.360000610351562,29.0,29.139999389648438,492400,0.0,0.0,0.0
2026-06-09 00:00:00-04:00,28.959999084472656,28.979999542236328,28.1200008392334,28.469999313354492,1036000,0.0,0.0,0.0
2026-06-10 00:00:00-04:00,28.760000228881836,29.579999923706055,28.760000228881836,29.170000076293945,562400,0.0,0.0,0.0
2026-06-11 00:00:00-04:00,29.450000762939453,29.489999771118164,28.399999618530273,28.40999984741211,1124600,0.0,0.0,0.0
2026-06-12 00:00:00-04:00,28.219999313354492,29.030000686645508,28.139999389648438,28.790000915527344,705100,0.0,0.0,0.0
