Date,Open,High,Low,Close,Volume,Dividends,Stock Splits
2006-03-28 00:00:00+09:00,1528.5747488839286,1614.8020424107142,1269.8928683035715,1371.7978515625,776654,0.0,0.0
2006-03-29 00:00:00+09:00,1293.4093175088205,1324.7646949029738,1215.0208740234375,1215.0208740234375,130330,0.0,0.0
2006-03-30 00:00:00+09:00,1215.02093879544,1215.02093879544,1097.438267299107,1152.3101806640625,153014,0.0,0.0
2006-03-31 00:00:00+09:00,1136.6324934174743,1301.2482338434534,1136.6324934174743,1238.5374755859375,152024,0.0,0.0
2006-04-03 00:00:00+09:00,1246.376250685307,1348.2812271564328,1246.376250685307,1340.4423828125,228872,0.0,0.0
2006-04-04 00:00:00+09:00,1426.669576762635,1426.669576762635,1269.8927001953125,1269.8927001953125,58760,0.0,0.0
2006-04-05 00:00:00+09:00,1332.6036129722113,1332.6036129722113,1222.8597860215586,1238.5374755859375,133818,0.0,0.0
2006-04-06 00:00:00+09:00,1254.2150125385801,1309.0869193371432,1238.537324881848,1269.8927001953125,61730,0.0,0.0
2006-04-07 00:00:00+09:00,1254.2151025978915,1301.2481689453125,1254.2151025978915,1301.2481689453125,38952,0.0,0.0
2006-04-10 00:00:00+09:00,1301.2482688210227,1332.6036487926137,1254.2151988636365,1293.409423828125,39348,0.0,0.0
2006-04-11 00:00:00+09:00,1293.4092316804108,1293.4092316804108,1246.376168710214,1269.8927001953125,25244,0.0,0.0
2006-04-12 00:00:00+09:00,1246.376168710214,1269.8927001953125,1246.376168710214,1269.8927001953125,39328,0.0,0.0
2006-04-13 00:00:00+09:00,1254.215110636646,1269.892799519604,1246.3762661951669,1262.053955078125,50858,0.0,0.0
2006-04-14 00:00:00+09:00,1262.0539321899414,1285.5704650878906,1238.5373992919922,1254.215087890625,68000,0.0,0.0
2006-04-17 00:00:00+09:00,1222.8596372251156,1269.8927001953125,1222.8596372251156,1269.8927001953125,44552,0.0,0.0
2006-04-18 00:00:00+09:00,1254.215087890625,1269.8927764892578,1238.5373992919922,1254.215087890625,23126,0.0,0.0
2006-04-19 00:00:00+09:00,1254.215142316879,1262.0539869563595,1097.4382495272691,1230.6986083984375,18158,0.0,0.0
2006-04-20 00:00:00+09:00,1230.6985857058794,1246.3762746957632,1199.3432077261118,1222.8597412109375,21794,0.0,0.0
2006-04-21 00:00:00+09:00,1191.5043334960938,1254.215087890625,1191.5043334960938,1254.215087890625,29472,0.0,0.0
2006-04-24 00:00:00+09:00,1254.2150648584905,1254.2150648584905,1215.0208440816627,1246.376220703125,8098,0.0,0.0
2006-04-25 00:00:00+09:00,1207.1820068359375,1246.3762278371041,1167.9877858347706,1207.1820068359375,20344,0.0,0.0
2006-04-26 00:00:00+09:00,1246.376210805532,1246.376210805532,1097.4381730363177,1160.14892578125,53198,0.0,0.0
2006-04-27 00:00:00+09:00,1128.7935494087837,1215.0208344330658,1128.7935494087837,1160.14892578125,24798,0.0,0.0
2006-04-28 00:00:00+09:00,1160.1488968698602,1207.1819602564763,1128.793521278783,1191.5042724609375,13306,0.0,0.0
2006-05-02 00:00:00+09:00,1175.82666015625,1191.5043489583334,1128.79359375,1175.82666015625,11104,0.0,0.0
2006-05-03 00:00:00+09:00,1175.82666015625,1207.1820377604167,1128.79359375,1175.82666015625,24022,0.0,0.0
2006-05-04 00:00:00+09:00,1160.1489713541666,1199.343193359375,1120.9547493489583,1175.82666015625,22780,0.0,0.0
2006-05-08 00:00:00+09:00,1152.3101352033943,1175.8266685748922,1120.9547573747307,1136.6324462890625,21892,0.0,0.0
2006-05-09 00:00:00+09:00,1136.6323766574055,1152.3100646113007,1081.760468818772,1113.1158447265625,34346,0.0,0.0
2006-05-10 00:00:00+09:00,1105.277000749615,1152.3100646113007,1097.4381567726673,1113.1158447265625,34738,0.0,0.0
2006-05-11 00:00:00+09:00,1105.2769775390625,1128.7935089760638,1097.4381337267287,1105.2769775390625,12066,0.0,0.0
2006-05-12 00:00:00+09:00,1097.438179496285,1222.859685724432,1097.438179496285,1120.9547119140625,27656,0.0,0.0
2006-05-15 00:00:00+09:00,1097.438267299107,1167.987870196907,1097.438267299107,1152.3101806640625,1864,0.0,0.0
2006-05-16 00:00:00+09:00,1113.1158447265625,1175.8265965421435,1089.5993127957197,1113.1158447265625,10610,0.0,0.0
2006-05-17 00:00:00+09:00,1105.277076939174,1120.9547659737723,1097.438232421875,1097.438232421875,23538,0.0,0.0
2006-05-18 00:00:00+09:00,1089.599387904576,1097.438232421875,1034.727476283482,1097.438232421875,25110,0.0,0.0
2006-05-19 00:00:00+09:00,1128.7936104910714,1128.7936104910714,1019.049787248884,1097.438232421875,32224,0.0,0.0
2006-05-22 00:00:00+09:00,1066.0828543526786,1105.277076939174,1066.0828543526786,1097.438232421875,5236,0.0,0.0
2006-05-23 00:00:00+09:00,1097.438186424366,1097.438186424366,1058.2439654806385,1081.760498046875,22402,0.0,0.0
2006-05-24 00:00:00+09:00,1097.4380903101678,1097.4380903101678,1019.049655288013,1050.405029296875,52442,0.0,0.0
2006-05-25 00:00:00+09:00,1050.405173972801,1175.826687282986,1050.405173972801,1058.2440185546875,24648,0.0,0.0
2006-05-26 00:00:00+09:00,1073.9217077184608,1097.4382414641204,1003.3721064814815,1058.2440185546875,15834,0.0,0.0
2006-05-29 00:00:00+09:00,1050.405029296875,1097.4380903101678,1019.049655288013,1050.405029296875,30688,0.0,0.0
2006-05-30 00:00:00+09:00,1026.8885729240649,1042.5662610603101,979.8555085153291,1034.7274169921875,13454,0.0,0.0
2006-06-01 00:00:00+09:00,979.8555227426382,1058.2439645620493,979.8555227426382,1019.0497436523438,6638,0.0,0.0
2006-06-02 00:00:00+09:00,1042.5663154069766,1042.5663154069766,987.6944040697674,1011.2109375,21134,0.0,0.0
2006-06-05 00:00:00+09:00,995.5332182617187,1019.0497509765624,932.8224643554687,979.8555297851562,22822,0.0,0.0
2006-06-07 00:00:00+09:00,1019.0497589111327,1019.0497589111327,940.6613159179688,940.6613159179688,6180,0.0,0.0
2006-06-08 00:00:00+09:00,956.3390045166016,972.0166931152344,924.9836273193359,940.6613159179688,4802,0.0,0.0
2006-06-09 00:00:00+09:00,940.6613609439037,1003.3721183401639,924.9836715948386,956.3390502929688,15896,0.0,0.0
2006-06-12 00:00:00+09:00,940.6613609439037,1042.5663417128267,909.3059822457735,956.3390502929688,9546,0.0,0.0
2006-06-13 00:00:00+09:00,956.3390436252625,956.3390436252625,909.3059759059873,932.822509765625,12606,0.0,0.0
2006-06-14 00:00:00+09:00,932.8224403118265,940.6612843480603,885.7893760944236,909.305908203125,20088,0.0,0.0
2006-06-15 00:00:00+09:00,901.4671092922405,924.983642578125,893.6282648636122,924.983642578125,60612,0.0,0.0
2006-06-16 00:00:00+09:00,924.9836273193359,972.0166931152344,901.4670944213867,940.6613159179688,25454,0.0,0.0
2006-06-19 00:00:00+09:00,917.1447461341038,979.8554980065212,917.1447461341038,948.5001220703125,5838,0.0,0.0
2006-06-20 00:00:00+09:00,987.6943895293444,987.6943895293444,917.1447902772484,964.1778564453125,7434,0.0,0.0
2006-06-21 00:00:00+09:00,987.6944392277644,987.6944392277644,909.3059916700054,917.1448364257812,15470,0.0,0.0
2006-06-22 00:00:00+09:00,917.1447981494969,940.6613314353814,901.4671092922405,924.983642578125,22276,0.0,0.0
2006-06-23 00:00:00+09:00,932.8224789999365,972.0167008066564,909.3059459159044,964.1778564453125,30870,0.0,0.0
2006-06-26 00:00:00+09:00,995.5332111065204,1034.727432016226,940.6613018329326,1019.0497436523438,32932,0.0,0.0
2006-06-27 00:00:00+09:00,1019.049655288013,1066.082716301306,1019.049655288013,1050.405029296875,34570,0.0,0.0
2006-06-28 00:00:00+09:00,1050.405029296875,1089.5992468079523,948.5000637680737,1050.405029296875,20386,0.0,0.0
2006-06-29 00:00:00+09:00,1097.4382876653742,1113.115977489165,1058.2440631058964,1073.9217529296875,42828,0.0,0.0
2006-06-30 00:00:00+09:00,1081.7604814009233,1089.5993254690459,1026.8885729240649,1034.7274169921875,9862,0.0,0.0
2006-07-03 00:00:00+09:00,1034.727342292444,1160.1488383278918,1034.727342292444,1050.405029296875,10790,0.0,0.0
2006-07-04 00:00:00+09:00,1089.5994427534786,1089.5994427534786,1026.8886834583143,1073.9217529296875,14368,0.0,0.0
2006-07-05 00:00:00+09:00,1073.9217529296875,1089.5994427534786,1019.0498385464189,1073.9217529296875,3732,0.0,0.0
2006-07-06 00:00:00+09:00,1034.72750674977,1073.9217304902918,1019.0498172535615,1066.0828857421875,16164,0.0,0.0
2006-07-07 00:00:00+09:00,1034.7274848090278,1081.7605523003472,1026.8886402271412,1058.2440185546875,6770,0.0,0.0
2006-07-10 00:00:00+09:00,1081.7605978415831,1097.4382876653742,1034.72752837021,1073.9217529296875,1812,0.0,0.0
2006-07-11 00:00:00+09:00,1175.8267367843293,1175.8267367843293,1034.72752837021,1073.9217529296875,10746,0.0,0.0
2006-07-12 00:00:00+09:00,1050.405196245979,1175.826712215648,1019.0498172535615,1066.0828857421875,14916,0.0,0.0
2006-07-13 00:00:00+09:00,1034.727432016226,1058.2439645620493,1019.0497436523438,1019.0497436523438,7600,0.0,0.0
2006-07-14 00:00:00+09:00,1003.3721064814815,1058.2440185546875,995.533261899595,1058.2440185546875,4636,0.0,0.0
2006-07-18 00:00:00+09:00,987.6944091796875,1097.438232421875,987.6944091796875,1097.438232421875,2112,0.0,0.0
2006-07-19 00:00:00+09:00,1034.727432016226,1097.4381854717549,972.0166785606971,1019.0497436523438,24158,0.0,0.0
2006-07-20 00:00:00+09:00,987.6943303464933,1034.7273936963263,987.6943303464933,1026.8885498046875,1534,0.0,0.0
2006-07-21 00:00:00+09:00,1019.0497059130487,1073.9216131545204,972.0166425632157,1026.8885498046875,2894,0.0,0.0
2006-07-24 00:00:00+09:00,972.0166785606971,1034.727432016226,972.0166785606971,1019.0497436523438,5102,0.0,0.0
2006-07-25 00:00:00+09:00,979.8555302440673,1050.40512842164,979.8555302440673,1042.5662841796875,6810,0.0,0.0
2006-07-26 00:00:00+09:00,995.5331966515744,1042.5662610603101,995.5331966515744,1034.7274169921875,6062,0.0,0.0
2006-07-27 00:00:00+09:00,1003.3721277573529,1066.0828857421875,1003.3721277573529,1066.0828857421875,3418,0.0,0.0
2006-07-28 00:00:00+09:00,1003.3719682835821,1081.7604033057369,1003.3719682835821,1050.405029296875,3438,0.0,0.0
2006-07-31 00:00:00+09:00,1097.4381695371685,1097.4381695371685,1011.2108847878196,1034.7274169921875,7082,0.0,0.0
2006-08-01 00:00:00+09:00,1011.2108847878196,1042.5662610603101,956.3389763109612,1034.7274169921875,10886,0.0,0.0
2006-08-02 00:00:00+09:00,1034.727432016226,1034.727432016226,1003.3720552884615,1019.0497436523438,3006,0.0,0.0
2006-08-03 00:00:00+09:00,1034.727342292444,1050.405029296875,1003.3719682835821,1050.405029296875,2020,0.0,0.0
2006-08-04 00:00:00+09:00,1003.372040719697,1050.4051051284328,1003.372040719697,1034.7274169921875,2000,0.0,0.0
2006-08-07 00:00:00+09:00,1019.0497589111327,1034.7274475097656,972.0166931152344,1003.3720703125,4466,0.0,0.0
2006-08-08 00:00:00+09:00,1003.3720703125,1003.3720703125,972.0166931152344,1003.3720703125,5982,0.0,0.0
2006-08-09 00:00:00+09:00,956.3390045166016,1011.2109146118163,956.3390045166016,1003.3720703125,2014,0.0,0.0
2006-08-10 00:00:00+09:00,987.6943817138672,1003.3720703125,972.0166931152344,1003.3720703125,1832,0.0,0.0
2006-08-11 00:00:00+09:00,1003.372040719697,1034.7274169921875,979.8555085153291,1034.7274169921875,3104,0.0,0.0
2006-08-14 00:00:00+09:00,1003.3720181297709,1026.8885498046875,972.0166425632157,1026.8885498046875,1734,0.0,0.0
2006-08-16 00:00:00+09:00,979.8555302440673,1042.5662841796875,956.3389975182096,1042.5662841796875,21988,0.0,0.0
2006-08-17 00:00:00+09:00,1003.3720181297709,1034.7273936963263,1003.3720181297709,1026.8885498046875,1006,0.0,0.0
2006-08-18 00:00:00+09:00,987.6943525834517,1042.5662610603101,956.3389763109612,1034.7274169921875,1744,0.0,0.0
2006-08-21 00:00:00+09:00,1019.0497436523438,1042.566276198167,964.177834378756,1019.0497436523438,9106,0.0,0.0
2006-08-22 00:00:00+09:00,972.0166785606971,1089.5993412898138,972.0166785606971,1019.0497436523438,14106,0.0,0.0
2006-08-23 00:00:00+09:00,1034.7274475097656,1058.2439804077148,979.8555374145508,1003.3720703125,582,0.0,0.0
2006-08-24 00:00:00+09:00,987.6943817138672,1019.0497589111327,972.0166931152344,1003.3720703125,4264,0.0,0.0
2006-08-25 00:00:00+09:00,979.8555525522384,1003.372085813492,979.8555525522384,987.6943969726562,5720,0.0,0.0
2006-08-28 00:00:00+09:00,972.016685546875,987.6943740234375,940.6613085937499,979.8555297851562,4662,0.0,0.0
2006-08-29 00:00:00+09:00,972.0167081318205,1011.21093023391,964.1778637114026,987.6943969726562,8680,0.0,0.0
2006-08-30 00:00:00+09:00,972.0167236328125,1003.3721018145162,972.0167236328125,972.0167236328125,2420,0.0,0.0
2006-08-31 00:00:00+09:00,1019.0497445369112,1113.115874801857,987.6943677819294,1081.760498046875,123444,0.0,0.0
2006-09-01 00:00:00+09:00,1167.9878725462322,1238.5374755859375,1105.2771142887163,1238.5374755859375,188248,0.0,0.0
2006-09-04 00:00:00+09:00,1324.7646865844727,1418.8308181762695,1128.7935791015625,1128.7935791015625,1102450,0.0,0.0
2006-09-05 00:00:00+09:00,1128.7936197916667,1128.7936197916667,1042.5663293909145,1058.2440185546875,163712,0.0,0.0
2006-09-06 00:00:00+09:00,1066.082908017792,1081.7605978415831,1042.5663732821054,1073.9217529296875,96692,0.0,0.0
2006-09-07 00:00:00+09:00,1066.0828857421875,1105.277109482709,1050.405196245979,1066.0828857421875,94100,0.0,0.0
2006-09-08 00:00:00+09:00,1066.082716301306,1066.082716301306,1034.727342292444,1050.405029296875,69076,0.0,0.0
2006-09-11 00:00:00+09:00,1042.5662610603101,1136.6323898777819,1003.372040719697,1034.7274169921875,536372,0.0,0.0
2006-09-12 00:00:00+09:00,1066.082816905545,1066.082816905545,1019.0497514538299,1042.5662841796875,29722,0.0,0.0
2006-09-13 00:00:00+09:00,1034.7274709302326,1058.2440043604652,1011.2109375,1011.2109375,65822,0.0,0.0
2006-09-14 00:00:00+09:00,1003.3720930232557,1042.5663154069766,1003.3720930232557,1011.2109375,46846,0.0,0.0
2006-09-15 00:00:00+09:00,1011.2109533595288,1026.8886425589014,995.5332641601562,995.5332641601562,25814,0.0,0.0
2006-09-18 00:00:00+09:00,995.5331742381321,1136.6323642876312,995.5331742381321,1026.8885498046875,507652,0.0,0.0
2006-09-19 00:00:00+09:00,1026.8885498046875,1042.5662375879651,1003.3720181297709,1026.8885498046875,60536,0.0,0.0
2006-09-20 00:00:00+09:00,1034.727439937735,1073.9216611474976,1026.8885956957824,1042.5662841796875,42482,0.0,0.0
2006-09-21 00:00:00+09:00,1058.2440185546875,1058.2440185546875,1026.8886402271412,1058.2440185546875,24712,0.0,0.0
2006-09-22 00:00:00+09:00,1026.8884987902286,1066.082716301306,1026.8884987902286,1050.405029296875,30828,0.0,0.0
2006-09-25 00:00:00+09:00,1034.7274848090278,1066.0828631365741,1034.7274848090278,1058.2440185546875,24312,0.0,0.0
2006-09-26 00:00:00+09:00,1066.082816905545,1066.082816905545,1026.8885956957824,1042.5662841796875,35522,0.0,0.0
2006-09-27 00:00:00+09:00,1034.727439937735,1050.40512842164,1019.0497514538299,1042.5662841796875,18900,0.0,0.0
2006-09-28 00:00:00+09:00,1019.0497514538299,1050.40512842164,1003.3720629699249,1042.5662841796875,12442,0.0,0.0
2006-09-29 00:00:00+09:00,1042.5662841796875,1042.5662841796875,1019.0497514538299,1042.5662841796875,6198,0.0,0.0
2006-10-02 00:00:00+09:00,1026.8885956957824,1089.5993496314027,1026.8885956957824,1042.5662841796875,15796,0.0,0.0
2006-10-04 00:00:00+09:00,1042.5662610603101,1042.5662610603101,1019.0497288559422,1034.7274169921875,5104,0.0,0.0
2006-10-09 00:00:00+09:00,1034.727439453125,1050.4051279296875,893.6282431640625,979.8555297851562,65886,0.0,0.0
2006-10-10 00:00:00+09:00,924.9836627629799,1003.3721087598425,924.9836627629799,995.5332641601562,25304,0.0,0.0
2006-10-11 00:00:00+09:00,1019.0497979592151,1019.0497979592151,956.3390411617249,995.5332641601562,24672,0.0,0.0
2006-10-12 00:00:00+09:00,964.1778413085938,1003.3720625,964.1778413085938,979.8555297851562,5532,0.0,0.0
2006-10-13 00:00:00+09:00,1003.3720703125,1003.3720703125,972.0166931152344,1003.3720703125,12886,0.0,0.0
2006-10-16 00:00:00+09:00,1019.0497589111327,1019.0497589111327,979.8555374145508,1003.3720703125,3390,0.0,0.0
2006-10-17 00:00:00+09:00,1019.0497979592151,1019.0497979592151,964.1778857614112,995.5332641601562,22268,0.0,0.0
2006-10-18 00:00:00+09:00,972.0167081318205,995.5332413930741,964.1778637114026,987.6943969726562,7676,0.0,0.0
2006-10-19 00:00:00+09:00,972.016685546875,995.5332182617187,964.1778413085938,979.8555297851562,7726,0.0,0.0
2006-10-20 00:00:00+09:00,979.8555525522384,1003.372085813492,972.0167081318205,987.6943969726562,10250,0.0,0.0
2006-10-23 00:00:00+09:00,987.69441956047,1011.2109533595288,964.1778857614112,995.5332641601562,4682,0.0,0.0
2006-10-24 00:00:00+09:00,972.0167081318205,1003.372085813492,917.144797188895,987.6943969726562,17506,0.0,0.0
2006-10-25 00:00:00+09:00,1003.3720703125,1011.2109146118163,964.177848815918,1003.3720703125,13170,0.0,0.0
2006-10-26 00:00:00+09:00,987.6943969726562,1003.372085813492,972.0167081318205,987.6943969726562,13968,0.0,0.0
2006-10-27 00:00:00+09:00,987.6943740234375,987.6943740234375,964.1778413085938,979.8555297851562,15202,0.0,0.0
2006-10-30 00:00:00+09:00,979.8555525522384,987.6943969726562,964.1778637114026,987.6943969726562,2496,0.0,0.0
2006-10-31 00:00:00+09:00,987.6943969726562,987.6943969726562,956.3390192909847,987.6943969726562,10778,0.0,0.0
2006-11-01 00:00:00+09:00,964.1778857614112,995.5332641601562,964.1778857614112,995.5332641601562,15448,0.0,0.0
2006-11-02 00:00:00+09:00,979.8555525522384,1003.372085813492,972.0167081318205,987.6943969726562,8518,0.0,0.0
2006-11-03 00:00:00+09:00,979.8555525522384,1003.372085813492,885.7894195072234,987.6943969726562,32928,0.0,0.0
2006-11-06 00:00:00+09:00,972.0167236328125,979.8555681782384,948.5001899965348,972.0167236328125,7432,0.0,0.0
2006-11-07 00:00:00+09:00,979.8555681782384,987.6944127236643,956.3390345419607,972.0167236328125,9262,0.0,0.0
2006-11-08 00:00:00+09:00,987.6943817138672,1003.3720703125,956.3390045166016,1003.3720703125,22694,0.0,0.0
2006-11-09 00:00:00+09:00,1003.3720552884615,1019.0497436523438,979.8555227426382,1019.0497436523438,2792,0.0,0.0
2006-11-10 00:00:00+09:00,1034.727439937735,1042.5662841796875,987.6943744860198,1042.5662841796875,11308,0.0,0.0
2006-11-13 00:00:00+09:00,1042.566276198167,1042.566276198167,1011.2108994704026,1019.0497436523438,3534,0.0,0.0
2006-11-14 00:00:00+09:00,1019.0497288559422,1042.5662610603101,1011.2108847878196,1034.7274169921875,5912,0.0,0.0
2006-11-15 00:00:00+09:00,1003.3720552884615,1034.727432016226,1003.3720552884615,1019.0497436523438,1436,0.0,0.0
2006-11-16 00:00:00+09:00,1019.0497436523438,1034.727432016226,995.5332111065204,1019.0497436523438,6556,0.0,0.0
2006-11-17 00:00:00+09:00,1003.3720629699249,1042.5662841796875,1003.3720629699249,1042.5662841796875,16698,0.0,0.0
2006-11-20 00:00:00+09:00,1042.5662375879651,1050.405081479604,1026.8885498046875,1026.8885498046875,9346,0.0,0.0
2006-11-21 00:00:00+09:00,1042.5662270403923,1136.6323527883976,1026.8885394157248,1105.2769775390625,83908,0.0,0.0
2006-11-22 00:00:00+09:00,1097.438186424366,1128.7935631793478,1034.7274329144022,1081.760498046875,69636,0.0,0.0
2006-11-23 00:00:00+09:00,1042.5662991091501,1113.1158982969876,1042.5662991091501,1089.599365234375,13412,0.0,0.0
2006-11-24 00:00:00+09:00,1050.4051212918932,1089.5993422356205,1034.7274329144022,1081.760498046875,12534,0.0,0.0
2006-11-27 00:00:00+09:00,1050.4051653180802,1128.7936104910714,1050.4051653180802,1097.438232421875,44924,0.0,0.0
2006-11-28 00:00:00+09:00,1105.277076939174,1105.277076939174,1066.0828543526786,1097.438232421875,19902,0.0,0.0
2006-11-29 00:00:00+09:00,1097.4382876653742,1105.2771325772696,1066.082908017792,1073.9217529296875,15706,0.0,0.0
2006-11-30 00:00:00+09:00,1081.7605978415831,1089.5994427534786,1066.082908017792,1073.9217529296875,8082,0.0,0.0
2006-12-04 00:00:00+09:00,1050.4051212918932,1097.438186424366,1050.4051212918932,1081.760498046875,2716,0.0,0.0
2006-12-05 00:00:00+09:00,1066.082809669384,1089.5993422356205,1066.082809669384,1081.760498046875,18880,0.0,0.0
2006-12-06 00:00:00+09:00,1073.9216538581295,1097.438186424366,1066.082809669384,1081.760498046875,11858,0.0,0.0
2006-12-07 00:00:00+09:00,1066.0828543526786,1097.438232421875,1066.0828543526786,1097.438232421875,17616,0.0,0.0
2006-12-08 00:00:00+09:00,1097.4382414641204,1097.4382414641204,1058.2440185546875,1058.2440185546875,10752,0.0,0.0
2006-12-11 00:00:00+09:00,1058.2439878175585,1097.4382095885792,1058.2439878175585,1089.599365234375,13978,0.0,0.0
2006-12-12 00:00:00+09:00,1073.9216765259669,1097.4382095885792,1073.9216765259669,1089.599365234375,1750,0.0,0.0
2006-12-13 00:00:00+09:00,1089.5994427534786,1097.4382876653742,1058.2440631058964,1073.9217529296875,16152,0.0,0.0
2006-12-14 00:00:00+09:00,1073.9217304902918,1089.5994199865004,1050.405196245979,1066.0828857421875,28884,0.0,0.0
2006-12-15 00:00:00+09:00,1097.4382414641204,1097.4382414641204,1042.5663293909145,1058.2440185546875,14418,0.0,0.0
2006-12-18 00:00:00+09:00,1058.2439878175585,1089.599365234375,1050.4051434633543,1089.599365234375,19698,0.0,0.0
2006-12-19 00:00:00+09:00,1089.5993422356205,1097.438186424366,1066.082809669384,1081.760498046875,280,0.0,0.0
2006-12-20 00:00:00+09:00,1066.082793264678,1089.5993254690459,1034.7274169921875,1034.7274169921875,29542,0.0,0.0
2006-12-21 00:00:00+09:00,1073.9216131545204,1073.9216131545204,1003.3720181297709,1026.8885498046875,18860,0.0,0.0
2006-12-22 00:00:00+09:00,1011.2108620214098,1042.5662375879651,1011.2108620214098,1026.8885498046875,15538,0.0,0.0
2006-12-26 00:00:00+09:00,1019.0498385464189,1073.9217529296875,1019.0498385464189,1073.9217529296875,15012,0.0,0.0
2006-12-27 00:00:00+09:00,1019.0498385464189,1089.5994427534786,1003.3721487226278,1073.9217529296875,5996,0.0,0.0
2006-12-28 00:00:00+09:00,1019.0497956452547,1081.7605523003472,1019.0497956452547,1058.2440185546875,892,0.0,0.0
2007-01-02 00:00:00+09:00,1081.760575238396,1081.760575238396,1026.8886620016658,1066.0828857421875,22524,0.0,0.0
2007-01-03 00:00:00+09:00,1050.405218194001,1081.7605978415831,1050.405218194001,1073.9217529296875,6326,0.0,0.0
2007-01-04 00:00:00+09:00,1058.2440631058964,1081.7605978415831,1042.5663732821054,1073.9217529296875,17080,0.0,0.0
2007-01-05 00:00:00+09:00,1058.2440409940832,1073.9217304902918,1019.0498172535615,1066.0828857421875,32452,0.0,0.0
2007-01-08 00:00:00+09:00,1097.4382647346047,1097.4382647346047,1034.72750674977,1066.0828857421875,25068,0.0,0.0
2007-01-09 00:00:00+09:00,1050.405196245979,1081.760575238396,1042.5663514978746,1066.0828857421875,15758,0.0,0.0
2007-01-10 00:00:00+09:00,1050.4051212918932,1081.760498046875,1050.4051212918932,1081.760498046875,59118,0.0,0.0
2007-01-11 00:00:00+09:00,1081.760513305664,1175.826644897461,1081.760513305664,1128.7935791015625,112612,0.0,0.0
2007-01-12 00:00:00+09:00,1120.9547053156673,1215.0208344330658,1113.1158612225506,1160.14892578125,177612,0.0,0.0
2007-01-15 00:00:00+09:00,1183.6654891967773,1183.6654891967773,1128.7935791015625,1128.7935791015625,51574,0.0,0.0
2007-01-16 00:00:00+09:00,1113.1158677748033,1144.4712443318401,1105.277023635544,1120.9547119140625,31278,0.0,0.0
2007-01-17 00:00:00+09:00,1113.1158447265625,1152.3100646113007,1097.4381567726673,1113.1158447265625,21672,0.0,0.0
2007-01-18 00:00:00+09:00,1113.1158612225506,1167.9877698743667,1105.2770171294342,1160.14892578125,49964,0.0,0.0
2007-01-19 00:00:00+09:00,1144.4713134765625,1175.8266919279752,1136.6324688637094,1144.4713134765625,31392,0.0,0.0
2007-01-22 00:00:00+09:00,1120.9548015983737,1167.987870196907,1120.9548015983737,1152.3101806640625,11086,0.0,0.0
2007-01-23 00:00:00+09:00,1113.1159388062301,1254.215142316879,1113.1159388062301,1230.6986083984375,111538,0.0,0.0
2007-01-24 00:00:00+09:00,1207.1820296748992,1262.0539401146673,1207.1820296748992,1215.0208740234375,87406,0.0,0.0
2007-01-25 00:00:00+09:00,1199.3431777954102,1262.0539321899414,1199.3431777954102,1254.215087890625,63970,0.0,0.0
2007-01-26 00:00:00+09:00,1254.2150125385801,1309.0869193371432,1230.6984810534818,1269.8927001953125,117930,0.0,0.0
2007-01-29 00:00:00+09:00,1285.5704650878906,1285.5704650878906,1230.6985549926758,1254.215087890625,80244,0.0,0.0
2007-01-30 00:00:00+09:00,1316.9259033203125,1348.281281970796,1230.6986120314825,1316.9259033203125,131866,0.0,0.0
2007-01-31 00:00:00+09:00,1316.9259033203125,1348.281281970796,1269.8928353445872,1316.9259033203125,131866,0.0,0.0
2007-02-01 00:00:00+09:00,1309.0870217269992,1309.0870217269992,1183.6655106633345,1262.053955078125,63792,0.0,0.0
2007-02-02 00:00:00+09:00,1262.0538794394652,1301.2480992978337,1254.2150354677915,1277.7315673828125,48886,0.0,0.0
2007-02-05 00:00:00+09:00,1309.0869909465644,1465.8638760898655,1309.0869909465644,1418.830810546875,1262058,0.0,0.0
2007-02-06 00:00:00+09:00,1442.3473345588236,1465.8638671875,1309.0869829963235,1332.603515625,230744,0.0,0.0
2007-02-07 00:00:00+09:00,1371.797712879068,1371.797712879068,1301.248116216716,1324.7646484375,175756,0.0,0.0
2007-02-08 00:00:00+09:00,1324.7647479829334,1395.3143499465216,1301.2482139950707,1316.9259033203125,106438,0.0,0.0
2007-02-09 00:00:00+09:00,1348.2813387784092,1348.2813387784092,1254.2151988636365,1293.409423828125,92118,0.0,0.0
2007-02-12 00:00:00+09:00,1301.2482139950707,1410.9920392717634,1301.2482139950707,1316.9259033203125,88616,0.0,0.0
2007-02-13 00:00:00+09:00,1316.9258806605537,1332.6035697160366,1293.4093470773296,1309.0870361328125,109288,0.0,0.0
2007-02-14 00:00:00+09:00,1285.570524669829,1324.7647479829334,1301.2482139950707,1316.9259033203125,62430,0.0,0.0
2007-02-15 00:00:00+09:00,1285.5705025495884,1332.6035697160366,1277.731658021847,1309.0870361328125,62430,0.0,0.0
2007-02-16 00:00:00+09:00,1293.409265978583,1363.9588623046875,1293.409265978583,1363.9588623046875,67942,0.0,0.0
2007-02-20 00:00:00+09:00,1410.9919738769531,1450.1861953735352,1348.2812194824219,1379.6365966796875,95810,0.0,0.0
2007-02-21 00:00:00+09:00,1363.9589158442982,1379.6366045321638,1324.7646941246346,1340.4423828125,32728,0.0,0.0
2007-02-22 00:00:00+09:00,1363.9590066964286,1371.7978515625,1316.9259375,1371.7978515625,85200,0.0,0.0
2007-02-23 00:00:00+09:00,1379.6365569526627,1395.314245099852,1324.7646484375,1324.7646484375,65268,0.0,0.0
2007-02-26 00:00:00+09:00,1363.958971296038,1363.958971296038,1285.570524669829,1316.9259033203125,51680,0.0,0.0
2007-02-27 00:00:00+09:00,1309.0869669100134,1332.603499249714,1269.8927463438454,1285.5704345703125,39708,0.0,0.0
2007-02-28 00:00:00+09:00,1238.5373475244442,1293.40925532616,1238.5373475244442,1277.7315673828125,45086,0.0,0.0
2007-03-05 00:00:00+09:00,1285.5704345703125,1324.7646551364805,1230.6985257776773,1285.5704345703125,23806,0.0,0.0
2007-03-06 00:00:00+09:00,1285.5705788352273,1309.0871138139205,1254.2151988636365,1293.409423828125,5974,0.0,0.0
2007-03-07 00:00:00+09:00,1293.4093693324498,1387.4755052839007,1269.8928353445872,1316.9259033203125,423994,0.0,0.0
2007-03-08 00:00:00+09:00,1316.925857727786,1348.2812352927333,1293.4093245540757,1301.2481689453125,43198,0.0,0.0
2007-03-09 00:00:00+09:00,1301.2481689453125,1324.764702119023,1285.5704801628387,1301.2481689453125,18094,0.0,0.0
2007-03-12 00:00:00+09:00,1301.2482139950707,1324.7647479829334,1293.4093693324498,1316.9259033203125,11264,0.0,0.0
2007-03-13 00:00:00+09:00,1301.248191605071,1324.7647251882952,1301.248191605071,1309.0870361328125,21808,0.0,0.0
2007-03-14 00:00:00+09:00,1301.248191605071,1309.0870361328125,1277.731658021847,1309.0870361328125,15920,0.0,0.0
2007-03-15 00:00:00+09:00,1301.2482688210227,1324.764803799716,1293.409423828125,1293.409423828125,37020,0.0,0.0
2007-03-16 00:00:00+09:00,1293.409423828125,1356.120183771307,1293.409423828125,1293.409423828125,18438,0.0,0.0
2007-03-19 00:00:00+09:00,1309.0869602903106,1356.1200247318786,1301.248116216716,1324.7646484375,95606,0.0,0.0
2007-03-20 00:00:00+09:00,1348.2812271564328,1363.9589158442982,1332.6035384685672,1340.4423828125,41488,0.0,0.0
2007-03-21 00:00:00+09:00,1348.2811512147762,1395.314214629245,1340.4423073123646,1356.1199951171875,73798,0.0,0.0
2007-03-22 00:00:00+09:00,1348.2811512147762,1379.636526824422,1332.603463409953,1356.1199951171875,73798,0.0,0.0
2007-03-23 00:00:00+09:00,1363.958856167074,1434.5084521757158,1348.2811681651535,1403.153076171875,159406,0.0,0.0
2007-03-26 00:00:00+09:00,1458.025047261447,1536.4134906626002,1410.9919812207552,1465.8638916015625,152386,0.0,0.0
2007-03-27 00:00:00+09:00,1465.8638916015625,1505.058113302139,1418.8308255608706,1465.8638916015625,68174,0.0,0.0
2007-03-28 00:00:00+09:00,1465.8638219418733,1520.7357297150984,1434.5084460714588,1442.3472900390625,155004,0.0,0.0
2007-03-29 00:00:00+09:00,1489.3803846571182,1489.3803846571182,1356.1200344509548,1410.991943359375,119146,0.0,0.0
2007-03-30 00:00:00+09:00,1395.3142550998264,1418.8307874891493,1340.4423461914064,1410.991943359375,132744,0.0,0.0
2007-04-02 00:00:00+09:00,1379.6365382982337,1505.0580417798913,1379.6365382982337,1442.3472900390625,257838,0.0,0.0
2007-04-03 00:00:00+09:00,1889.1615223333463,1583.4465871839666,1410.9920083817524,1559.9300537109375,1380818,0.0,0.0
2007-04-04 00:00:00+09:00,1583.4465214244108,1787.2564697265625,1544.2523005970738,1787.2564697265625,657588,0.0,0.0
2007-04-05 00:00:00+09:00,1889.1613778849594,2053.777099609375,1881.3225339933206,2053.777099609375,1380818,0.0,0.0
2007-04-06 00:00:00+09:00,2069.454974317175,2226.2318663109004,1771.5788795290969,1991.0665283203125,809432,0.0,0.0
2007-04-09 00:00:00+09:00,2124.3267315649705,2288.942456151186,1881.3225666996047,1983.2275390625,2028922,0.0,0.0
2007-04-10 00:00:00+09:00,2069.454684584888,2147.843119607043,1912.6778145405783,2100.81005859375,947108,0.0,0.0
2007-04-11 00:00:00+09:00,2155.68227046678,2187.0376489462974,1818.6119518119747,1865.64501953125,736968,0.0,0.0
2007-04-12 00:00:00+09:00,1802.9342106862682,1920.51687660059,1724.545766743387,1889.1614990234375,541238,0.0,0.0
2007-04-13 00:00:00+09:00,1944.0333209859914,1944.0333209859914,1810.7729723700163,1818.61181640625,193306,0.0,0.0
2007-04-16 00:00:00+09:00,1771.5788840926996,1865.64501953125,1740.2235056131829,1865.64501953125,246152,0.0,0.0
2007-04-17 00:00:00+09:00,1865.6449509640959,1865.6449509640959,1724.5457529920213,1842.12841796875,794930,0.0,0.0
2007-04-18 00:00:00+09:00,1865.644870605469,1881.32255859375,1567.768798828125,1567.768798828125,794930,0.0,0.0
2007-04-19 00:00:00+09:00,1638.318535962151,1614.802001953125,1505.0581765776699,1614.802001953125,856364,0.0,0.0
2007-04-20 00:00:00+09:00,1638.3184855832892,1849.96728515625,1638.3184855832892,1849.96728515625,856364,0.0,0.0
2007-04-23 00:00:00+09:00,1897.0003364894703,1928.355713952106,1748.0622935419499,1802.9342041015625,389624,0.0,0.0
2007-04-24 00:00:00+09:00,1834.2895984996449,1834.2895984996449,1701.0292430530894,1724.5457763671875,191582,0.0,0.0
2007-04-25 00:00:00+09:00,1708.8681188512733,1763.7400309244792,1614.8019838686344,1693.1904296875,264378,0.0,0.0
2007-04-26 00:00:00+09:00,1693.1904486498786,1740.2235166679307,1606.9631572834496,1614.802001953125,174224,0.0,0.0
2007-04-27 00:00:00+09:00,1646.1572869933477,1661.8349754409035,1567.7688447555693,1583.446533203125,130424,0.0,0.0
2007-04-30 00:00:00+09:00,1536.4134055855347,1614.8018446460214,1512.8968738673889,1520.7357177734375,146110,0.0,0.0
2007-05-02 00:00:00+09:00,1583.4465101251556,1599.1241983442164,1536.4134454679727,1575.607666015625,60000,0.0,0.0
2007-05-03 00:00:00+09:00,1614.8019100982362,1669.6738196646813,1575.6076889793471,1583.446533203125,74346,0.0,0.0
2007-05-04 00:00:00+09:00,1646.1573107489223,1646.1573107489223,1567.7688673799262,1591.285400390625,64222,0.0,0.0
2007-05-07 00:00:00+09:00,1591.2854456459604,1630.4796684451221,1567.7689119664635,1606.963134765625,101688,0.0,0.0
2007-05-08 00:00:00+09:00,2038.0995178222654,1669.6738357543945,1575.6077041625977,1630.4796142578125,808372,0.0,0.0
2007-05-09 00:00:00+09:00,1677.512659559689,1873.4837646484375,1653.996126949039,1873.4837646484375,421830,0.0,0.0
2007-05-10 00:00:00+09:00,2038.0996770928377,2147.843505859375,1975.3889177976735,2147.843505859375,808372,0.0,0.0
2007-05-11 00:00:00+09:00,2085.1325453272407,2187.0375193469927,2006.7441037735848,2077.293701171875,475576,0.0,0.0
2007-05-14 00:00:00+09:00,2100.810272216797,2140.004493713379,1865.6449432373047,2006.744140625,289848,0.0,0.0
2007-05-15 00:00:00+09:00,2038.099574497768,2241.9095319475446,2038.099574497768,2194.87646484375,453212,0.0,0.0
2007-05-16 00:00:00+09:00,2171.3599952248965,2194.8765294692093,2069.45501349954,2132.165771484375,245674,0.0,0.0
2007-05-17 00:00:00+09:00,2132.165771484375,2163.521150476792,2045.9384792552273,2132.165771484375,154780,0.0,0.0
2007-05-18 00:00:00+09:00,2132.165617487981,2132.165617487981,1991.0664222130408,2038.0994873046875,113196,0.0,0.0
2007-05-21 00:00:00+09:00,2038.0995493086557,2077.293771410745,1951.8722606840588,1975.3887939453125,78260,0.0,0.0
2007-05-22 00:00:00+09:00,2038.099581810736,2069.4549599924394,1849.9673127205142,1944.033447265625,153474,0.0,0.0
2007-05-23 00:00:00+09:00,1944.0333862304688,2100.810272216797,1889.161476135254,2006.744140625,76842,0.0,0.0
2007-05-25 00:00:00+09:00,2022.4218292236326,2053.7772064208984,1944.0333862304688,2006.744140625,59512,0.0,0.0
2007-05-28 00:00:00+09:00,2038.0995959184302,2045.9384405181163,1928.3557715228224,1991.0665283203125,76276,0.0,0.0
2007-05-29 00:00:00+09:00,1991.0665283203125,2053.777285117803,1951.8723053218812,1991.0665283203125,125666,0.0,0.0
2007-05-30 00:00:00+09:00,1991.0666076214645,2194.8765753307484,1944.0335381500913,2147.843505859375,265636,0.0,0.0
2007-05-31 00:00:00+09:00,2147.8434609805836,2155.682305728688,2038.099634507123,2132.165771484375,198086,0.0,0.0
2007-06-01 00:00:00+09:00,2100.810162959208,2116.4878507424855,2053.777099609375,2053.777099609375,153598,0.0,0.0
2007-06-04 00:00:00+09:00,2100.8102201704546,2187.0375053267044,2022.4217791193182,2155.68212890625,281624,0.0,0.0
2007-06-05 00:00:00+09:00,2743.595609291592,2257.5872442170817,2038.0995954737543,2202.71533203125,1449310,0.0,0.0
2007-06-07 00:00:00+09:00,2273.264908451045,2531.94677734375,2273.264908451045,2531.94677734375,696616,0.0,0.0
2007-06-08 00:00:00+09:00,2743.595454377948,2908.211181640625,2657.368168668927,2908.211181640625,1449310,0.0,0.0
2007-06-11 00:00:00+09:00,3072.8269653320312,3323.6699829101562,2720.078971862793,3010.1162109375,1169812,0.0,0.0
2007-06-12 00:00:00+09:00,3072.826864726682,3127.6987730253727,2563.302001953125,2563.302001953125,1169812,0.0,0.0
2007-06-13 00:00:00+09:00,2430.041882478738,2524.108019865012,2375.169969003412,2477.074951171875,924680,0.0,0.0
2007-06-14 00:00:00+09:00,2492.7523594906456,2586.8184862638773,2383.008544921875,2383.008544921875,586482,0.0,0.0
2007-06-15 00:00:00+09:00,2359.492068895406,2484.91357421875,2218.392875406644,2484.91357421875,521766,0.0,0.0
2007-06-18 00:00:00+09:00,2492.7523829922357,2727.9177021424466,2477.0746950488883,2555.463134765625,711010,0.0,0.0
2007-06-19 00:00:00+09:00,2563.3020120654587,2821.9838664940826,2555.463167991864,2649.529296875,497684,0.0,0.0
2007-06-20 00:00:00+09:00,2351.653214996936,2657.368132946538,2375.1697471469056,2398.686279296875,169376,0.0,0.0
2007-06-21 00:00:00+09:00,2351.653214996936,2492.7524078967526,2335.9755268969566,2398.686279296875,169376,0.0,0.0
2007-06-22 00:00:00+09:00,2398.6863115418632,2492.75244140625,2383.008623231132,2492.75244140625,203432,0.0,0.0
2007-06-25 00:00:00+09:00,2524.107893978257,2618.1740266730985,2508.430205195783,2602.496337890625,265826,0.0,0.0
2007-06-26 00:00:00+09:00,2657.368158495776,2657.368158495776,2343.814393481525,2406.525146484375,193122,0.0,0.0
2007-06-27 00:00:00+09:00,2414.364044189453,2586.818618774414,2414.364044189453,2508.43017578125,337198,0.0,0.0
2007-06-28 00:00:00+09:00,2665.2070963541664,2884.694739583333,2351.6533203125,2351.6533203125,1014352,0.0,0.0
2007-06-29 00:00:00+09:00,2367.33104422433,2414.364111328125,2171.3599312918527,2194.87646484375,248884,0.0,0.0
2007-07-02 00:00:00+09:00,2194.8764915988872,2343.8145392430974,2194.8764915988872,2288.942626953125,72790,0.0,0.0
2007-07-03 00:00:00+09:00,2320.2979873758277,2367.3310546875,2288.9426091680466,2367.3310546875,74174,0.0,0.0
2007-07-04 00:00:00+09:00,2390.8475709572817,2547.6244608561196,2390.8475709572817,2445.719482421875,75804,0.0,0.0
2007-07-05 00:00:00+09:00,2414.3640046296296,2477.0747579966333,2320.2978745791247,2328.13671875,102068,0.0,0.0
2007-07-06 00:00:00+09:00,2430.0416929713806,2430.0416929713806,2273.264809553872,2328.13671875,81618,0.0,0.0
2007-07-09 00:00:00+09:00,2328.136661153444,2437.880476830711,2124.326717752806,2226.231689453125,142392,0.0,0.0
2007-07-10 00:00:00+09:00,2194.876349431818,2249.7482581676136,1920.516805752841,2155.68212890625,112194,0.0,0.0
2007-07-11 00:00:00+09:00,2273.264764300847,2414.3639565677963,2187.0374801377116,2312.458984375,156292,0.0,0.0
2007-07-12 00:00:00+09:00,2500.591240730932,2500.591240730932,2273.264764300847,2312.458984375,123132,0.0,0.0
2007-07-13 00:00:00+09:00,2524.108008889591,2477.074940400965,2124.3269267362707,2132.165771484375,623164,0.0,0.0
2007-07-16 00:00:00+09:00,2249.748370048327,2445.719482421875,2241.9095255533853,2445.719482421875,877348,0.0,0.0
2007-07-18 00:00:00+09:00,2524.107768309183,2806.30615234375,2516.2689243082227,2806.30615234375,623164,0.0,0.0
2007-07-19 00:00:00+09:00,2900.372328016493,3213.9260932074653,2563.302030436198,2821.98388671875,1412942,0.0,0.0
2007-07-20 00:00:00+09:00,2892.5333999898394,2892.5333999898394,2508.4300487716764,2712.239990234375,470430,0.0,0.0
2007-07-23 00:00:00+09:00,2814.145263671875,2947.4056243471446,2657.3683687597927,2814.145263671875,463398,0.0,0.0
2007-07-24 00:00:00+09:00,2884.694957386364,2900.3726473721595,2586.81884765625,2586.81884765625,382818,0.0,0.0
2007-07-25 00:00:00+09:00,2508.430284633758,2586.818731028563,2430.041838238953,2461.397216796875,224578,0.0,0.0
2007-07-26 00:00:00+09:00,2508.430284633758,2610.3352649470044,2406.5253043205116,2461.397216796875,224578,0.0,0.0
2007-07-27 00:00:00+09:00,2398.68638671875,2445.719453125,2304.62025390625,2351.6533203125,151160,0.0,0.0
2007-07-30 00:00:00+09:00,2367.3310546875,2383.0087437913908,2273.264920064156,2367.3310546875,124240,0.0,0.0
2007-07-31 00:00:00+09:00,2375.1698992394454,2422.2029665511177,2288.9426091680466,2367.3310546875,127592,0.0,0.0
2007-08-01 00:00:00+09:00,2359.4922794390327,2618.1741572512856,2335.9757450924644,2477.074951171875,345094,0.0,0.0
2007-08-02 00:00:00+09:00,2492.752418301459,2633.851611790221,2375.169757060824,2484.91357421875,159022,0.0,0.0
2007-08-03 00:00:00+09:00,2563.302243775959,2563.302243775959,2437.8807272609274,2477.074951171875,83434,0.0,0.0
2007-08-06 00:00:00+09:00,2469.235986328125,2469.235986328125,2320.2979427083333,2351.6533203125,118992,0.0,0.0
2007-08-07 00:00:00+09:00,2422.202919921875,2422.202919921875,2304.62025390625,2351.6533203125,94208,0.0,0.0
2007-08-08 00:00:00+09:00,2390.8474810711746,2414.364013671875,2304.620194868608,2414.364013671875,149452,0.0,0.0
2007-08-09 00:00:00+09:00,2477.0747824035234,2492.7524708997485,2320.2978974412754,2335.9755859375,97074,0.0,0.0
2007-08-10 00:00:00+09:00,2281.103782340272,2335.975694630244,2241.909559276006,2288.942626953125,67236,0.0,0.0
2007-08-13 00:00:00+09:00,2273.264982262436,2398.6864985251914,2273.264982262436,2304.620361328125,36340,0.0,0.0
2007-08-14 00:00:00+09:00,2351.6532974498327,2367.330986099498,2296.7813871760036,2343.814453125,60690,0.0,0.0
2007-08-16 00:00:00+09:00,2241.9094777768023,2241.9094777768023,2053.7772139074204,2092.971435546875,93738,0.0,0.0
2007-08-17 00:00:00+09:00,2061.6160356335176,2155.682166536948,2038.0995029076598,2085.132568359375,49766,0.0,0.0
2007-08-20 00:00:00+09:00,2053.77728856753,2351.6533838559503,2053.77728856753,2288.942626953125,63266,0.0,0.0
2007-08-21 00:00:00+09:00,2359.492072028083,2359.492072028083,2234.070566538218,2320.2978515625,46334,0.0,0.0
2007-08-22 00:00:00+09:00,2398.6862818667764,2398.6862818667764,2218.392868523849,2234.070556640625,59956,0.0,0.0
2007-08-23 00:00:00+09:00,2312.4591148639547,2328.136803778287,2265.426048120959,2273.264892578125,42448,0.0,0.0
2007-08-24 00:00:00+09:00,2249.748221383968,2312.458973199549,2202.7151575222824,2226.231689453125,77944,0.0,0.0
2007-08-27 00:00:00+09:00,2234.0707104231537,2265.4260888150575,2132.1657306494662,2202.71533203125,70714,0.0,0.0
2007-08-28 00:00:00+09:00,2202.7151237201365,2500.5911902730377,2108.648997440273,2296.78125,169242,0.0,0.0
2007-08-29 00:00:00+09:00,2194.8763135453346,2265.4259093378632,2194.8763135453346,2226.231689453125,33312,0.0,0.0
2007-08-30 00:00:00+09:00,2234.0706025764916,2281.1036678938913,2202.715225698225,2249.748291015625,47738,0.0,0.0
2007-08-31 00:00:00+09:00,2265.4261349519657,2265.4261349519657,2202.7153768910116,2218.39306640625,37202,0.0,0.0
2007-09-03 00:00:00+09:00,2249.748244757401,2249.748244757401,2179.198648231908,2234.070556640625,25640,0.0,0.0
2007-09-04 00:00:00+09:00,2234.0706874302455,2234.0706874302455,2187.037620326451,2194.87646484375,48592,0.0,0.0
2007-09-05 00:00:00+09:00,2210.5542651545393,2234.0707998902258,2108.649281299897,2147.843505859375,305492,0.0,0.0
2007-09-06 00:00:00+09:00,2085.132680970364,2171.3599722886875,2085.132680970364,2124.326904296875,36234,0.0,0.0
2007-09-07 00:00:00+09:00,2179.198661221591,2218.392881747159,2124.3267524857956,2155.68212890625,43602,0.0,0.0
2007-09-10 00:00:00+09:00,2147.843305851863,2147.843305851863,2006.744110576923,2038.0994873046875,111492,0.0,0.0
2007-09-11 00:00:00+09:00,2092.9714987029442,2092.9714987029442,2022.4218976230695,2030.2607421875,36726,0.0,0.0
2007-09-12 00:00:00+09:00,2085.132663516548,2085.132663516548,1967.5499945212537,1991.0665283203125,86294,0.0,0.0
2007-09-13 00:00:00+09:00,1991.0664222130408,2077.293708214393,1975.3887338491586,2038.0994873046875,25272,0.0,0.0
2007-09-14 00:00:00+09:00,2014.5830305232557,2069.454941860465,2014.5830305232557,2022.421875,44512,0.0,0.0
2007-09-17 00:00:00+09:00,2053.777191391565,2163.5210107789003,2053.777191391565,2085.132568359375,50772,0.0,0.0
2007-09-18 00:00:00+09:00,2100.8102336379716,2147.843298570165,2069.4548570165093,2077.293701171875,44484,0.0,0.0
2007-09-19 00:00:00+09:00,2140.0045708550347,2140.0045708550347,2085.132658781829,2116.488037109375,46214,0.0,0.0
2007-09-20 00:00:00+09:00,2147.8434154369215,2147.8434154369215,2069.4549696180557,2116.488037109375,15258,0.0,0.0
2007-09-21 00:00:00+09:00,2140.004430597479,2140.004430597479,1897.0002644856772,2069.454833984375,64606,0.0,0.0
2007-09-27 00:00:00+09:00,2022.421875,2124.326853197674,2006.7441860465115,2022.421875,24830,0.0,0.0
2007-09-28 00:00:00+09:00,2022.421875,2061.616097383721,1991.0664970930231,2022.421875,24830,0.0,0.0
2007-10-01 00:00:00+09:00,2006.744110576923,2077.293708214393,2006.744110576923,2038.0994873046875,15686,0.0,0.0
2007-10-02 00:00:00+09:00,2045.938435872396,2163.5211046006943,2045.938435872396,2116.488037109375,40930,0.0,0.0
2007-10-04 00:00:00+09:00,2108.649237240062,2179.1988399730008,2085.1327029957492,2132.165771484375,24352,0.0,0.0
2007-10-05 00:00:00+09:00,2108.6491925274886,2171.359949182581,2069.4549696180557,2116.488037109375,24352,0.0,0.0
2007-10-08 00:00:00+09:00,2147.843307716259,2171.3598402824955,2100.8102425837865,2163.52099609375,53340,0.0,0.0
2007-10-09 00:00:00+09:00,2132.1656571863296,2132.1656571863296,2092.971435546875,2092.971435546875,31992,0.0,0.0
2007-10-10 00:00:00+09:00,2092.971435546875,2147.8433458421114,2069.4549025632023,2092.971435546875,35600,0.0,0.0
2007-10-11 00:00:00+09:00,2124.326858917577,2124.326858917577,2085.1326364283227,2108.649169921875,33418,0.0,0.0
2007-10-12 00:00:00+09:00,2132.165432602612,2132.165432602612,2014.5827800693796,2100.81005859375,53634,0.0,0.0
2007-10-15 00:00:00+09:00,2085.1324751759303,2124.3266946341246,2053.777099609375,2053.777099609375,49856,0.0,0.0
2007-10-16 00:00:00+09:00,2061.6162109375,2124.326970205561,2053.7773660289927,2061.6162109375,71874,0.0,0.0
2007-10-17 00:00:00+09:00,2147.8435049310838,2147.8435049310838,2030.2608313034698,2061.6162109375,64108,0.0,0.0
2007-10-18 00:00:00+09:00,2085.132745663023,2085.132745663023,2030.2608313034698,2061.6162109375,65688,0.0,0.0
2007-10-19 00:00:00+09:00,2077.293900754515,2077.293900754515,2014.5831414864545,2061.6162109375,57252,0.0,0.0
2007-10-22 00:00:00+09:00,2045.9382557177362,2053.777099609375,1991.0663484762642,2053.777099609375,26178,0.0,0.0
2007-10-23 00:00:00+09:00,2053.7773660289927,2069.455055846008,2022.421986394962,2061.6162109375,30852,0.0,0.0
2007-10-24 00:00:00+09:00,2038.099480395047,2124.326766104068,2038.099480395047,2077.293701171875,36840,0.0,0.0
2007-10-25 00:00:00+09:00,2124.326766104068,2124.326766104068,2022.421792084316,2077.293701171875,32986,0.0,0.0
2007-10-26 00:00:00+09:00,2077.293746891093,2100.810279874766,2022.4218365958568,2092.971435546875,49254,0.0,0.0
2007-10-29 00:00:00+09:00,2108.649164244186,2132.1656976744184,1998.9053415697674,2022.421875,40980,0.0,0.0
2007-10-30 00:00:00+09:00,2038.0994174823686,2085.132480962731,1959.7109783484314,2014.5828857421875,82388,0.0,0.0
2007-10-31 00:00:00+09:00,2038.0995867519305,2069.4549650096524,1951.872296543195,2030.2607421875,55518,0.0,0.0
2007-11-01 00:00:00+09:00,2030.2607513187438,2045.9384405181163,1936.1946161225087,1991.0665283203125,42634,0.0,0.0
2007-11-02 00:00:00+09:00,1991.0664441167091,2006.7441326530611,1920.516845703125,1920.516845703125,29838,0.0,0.0
2007-11-05 00:00:00+09:00,1928.3557899350026,1944.0334792840677,1849.9673431896772,1912.6781005859375,40282,0.0,0.0
2007-11-06 00:00:00+09:00,1881.3226546291494,1928.355720994878,1834.2895882634207,1889.1614990234375,28450,0.0,0.0
2007-11-07 00:00:00+09:00,1904.839179806593,2092.971444478849,1873.483802361217,1928.355712890625,49642,0.0,0.0
2007-11-08 00:00:00+09:00,1928.355689971301,2053.7771982621175,1881.3226243622448,1920.516845703125,21948,0.0,0.0
2007-11-09 00:00:00+09:00,1928.3557899350026,1928.3557899350026,1865.6450325387423,1912.6781005859375,83192,0.0,0.0
2007-11-12 00:00:00+09:00,1912.6779856661872,1912.6779856661872,1810.773011020038,1873.4837646484375,63286,0.0,0.0
2007-11-13 00:00:00+09:00,1881.3226088519875,1897.0002972590873,1849.9672320377877,1873.4837646484375,17542,0.0,0.0
2007-11-14 00:00:00+09:00,1928.355697631836,1928.355697631836,1849.9672546386719,1881.3226318359375,26578,0.0,0.0
2007-11-15 00:00:00+09:00,1889.161476135254,1897.0003204345703,1849.9672546386719,1881.3226318359375,25854,0.0,0.0
2007-11-16 00:00:00+09:00,1889.161476135254,1889.161476135254,1842.1284103393555,1881.3226318359375,25854,0.0,0.0
2007-11-19 00:00:00+09:00,1897.0004308977698,1897.0004308977698,1826.4508280957866,1834.2896728515625,30066,0.0,0.0
2007-11-20 00:00:00+09:00,1818.6119074417372,1849.96728515625,1771.5788408699682,1849.96728515625,30642,0.0,0.0
2007-11-21 00:00:00+09:00,1951.8721650222253,1951.8721650222253,1795.0952842975487,1818.61181640625,21390,0.0,0.0
2007-11-22 00:00:00+09:00,1818.6118928328806,1818.6118928328806,1724.545760444973,1802.9342041015625,101602,0.0,0.0
2007-11-23 00:00:00+09:00,1802.9342938284587,1834.2896728515625,1755.9012252938035,1834.2896728515625,18020,0.0,0.0
2007-11-26 00:00:00+09:00,1834.2895347193669,1834.2895347193669,1748.0622488992258,1787.2564697265625,14704,0.0,0.0
2007-11-27 00:00:00+09:00,1787.2565297272245,1865.6449740135063,1677.51270772643,1849.96728515625,61686,0.0,0.0
2007-11-28 00:00:00+09:00,1857.8060601361321,1857.8060601361321,1787.2564629157725,1826.45068359375,3246,0.0,0.0
2007-11-29 00:00:00+09:00,1826.4508280957866,1928.3558099208733,1826.4508280957866,1834.2896728515625,4176,0.0,0.0
2007-11-30 00:00:00+09:00,1834.2895962989937,1912.6780405852753,1771.5788408699682,1849.96728515625,11702,0.0,0.0
2007-12-03 00:00:00+09:00,1834.2896410517333,1881.3227087710084,1826.4507964318539,1865.64501953125,14284,0.0,0.0
2007-12-04 00:00:00+09:00,1842.1284856716125,1904.839242630646,1842.1284856716125,1865.64501953125,23674,0.0,0.0
2007-12-05 00:00:00+09:00,1904.8391647338867,1928.355697631836,1818.6118774414062,1881.3226318359375,11380,0.0,0.0
2007-12-06 00:00:00+09:00,1904.8391647338867,1904.8391647338867,1857.8060989379883,1881.3226318359375,11380,0.0,0.0
2007-12-07 00:00:00+09:00,1889.1614530555373,1912.6779856661872,1818.6118552235878,1873.4837646484375,16762,0.0,0.0
2007-12-10 00:00:00+09:00,1873.483724659887,1881.3225686961207,1810.7729723700163,1818.61181640625,30480,0.0,0.0
2007-12-11 00:00:00+09:00,1818.6119833400107,1857.8062071188901,1787.256604316907,1834.2896728515625,27102,0.0,0.0
2007-12-12 00:00:00+09:00,1787.2564926480622,1834.289558244064,1771.5788041160617,1795.0953369140625,20166,0.0,0.0
2007-12-13 00:00:00+09:00,1818.61181640625,1818.61181640625,1787.2564402613148,1818.61181640625,3882,0.0,0.0
2007-12-14 00:00:00+09:00,1818.6119010416667,1818.6119010416667,1763.739990234375,1763.739990234375,13026,0.0,0.0
2007-12-17 00:00:00+09:00,1763.7398550443559,1802.9340740453417,1669.6737294419904,1677.5125732421875,39974,0.0,0.0
2007-12-18 00:00:00+09:00,1489.3803588867188,1614.801862792969,1489.3803588867188,1567.768798828125,142342,0.0,0.0
2007-12-20 00:00:00+09:00,1575.6077565262958,1606.963134765625,1567.7689119664635,1606.963134765625,24950,0.0,0.0
2007-12-21 00:00:00+09:00,1661.8349914550781,1724.5457458496094,1567.7688598632812,1630.4796142578125,14344,0.0,0.0
2007-12-24 00:00:00+09:00,1591.2853927612305,1677.512680053711,1583.446548461914,1630.4796142578125,9028,0.0,0.0
2007-12-26 00:00:00+09:00,1669.6738122027855,1669.6738122027855,1575.6076819378397,1622.6407470703125,26214,0.0,0.0
2007-12-27 00:00:00+09:00,1575.6077565262958,1646.1573575647867,1575.6077565262958,1606.963134765625,12062,0.0,0.0
2007-12-28 00:00:00+09:00,1599.1243126137742,1653.9962253015017,1583.4466232744235,1614.802001953125,13564,0.0,0.0
2008-01-02 00:00:00+09:00,1614.801902881567,1653.9961238252945,1599.1242145040762,1622.6407470703125,20892,0.0,0.0
2008-01-03 00:00:00+09:00,1638.3184956395348,1685.3515625,1606.963117732558,1685.3515625,22014,0.0,0.0
2008-01-04 00:00:00+09:00,1685.351571219308,1685.351571219308,1646.1573486328125,1646.1573486328125,3536,0.0,0.0
2008-01-07 00:00:00+09:00,1622.6408466228004,1646.1573806318263,1591.2854679440989,1614.802001953125,14254,0.0,0.0
2008-01-08 00:00:00+09:00,1614.8019793254573,1646.1573575647867,1599.1242902057927,1606.963134765625,18184,0.0,0.0
2008-01-09 00:00:00+09:00,1591.2854679440989,1677.5127593105278,1591.2854679440989,1614.802001953125,26952,0.0,0.0
2008-01-10 00:00:00+09:00,1614.8019793254573,1653.996202124619,1599.1242902057927,1606.963134765625,19070,0.0,0.0
2008-01-11 00:00:00+09:00,1614.8019256591797,1630.4796142578125,1599.1242370605469,1630.4796142578125,8328,0.0,0.0
2008-01-14 00:00:00+09:00,1599.1242447275247,1677.5126880965208,1567.7688673799262,1591.285400390625,29320,0.0,0.0
2008-01-15 00:00:00+09:00,1591.285400390625,1646.1573107489223,1591.285400390625,1591.285400390625,46046,0.0,0.0
2008-01-16 00:00:00+09:00,1591.285301657284,1630.4795209099266,1583.4464578067555,1599.1241455078125,26758,0.0,0.0
2008-01-17 00:00:00+09:00,1591.285301657284,1622.640677059398,1567.7687701056986,1599.1241455078125,26758,0.0,0.0
2008-01-18 00:00:00+09:00,1614.8019793254573,1614.8019793254573,1583.446601086128,1606.963134765625,27746,0.0,0.0
2008-01-21 00:00:00+09:00,1606.9630658744586,1614.8019100982362,1583.446533203125,1583.446533203125,30966,0.0,0.0
2008-01-22 00:00:00+09:00,1575.6076428222657,1583.4464868164064,1528.574578857422,1567.768798828125,45854,0.0,0.0
2008-01-23 00:00:00+09:00,1552.0911108398439,1591.2853308105468,1505.058046875,1567.768798828125,26118,0.0,0.0
2008-01-24 00:00:00+09:00,1575.6076889793471,1638.3184427695699,1559.9300005317914,1583.446533203125,14412,0.0,0.0
2008-01-25 00:00:00+09:00,1716.7069255336048,1716.7069255336048,1575.6077261746784,1638.3184814453125,3140,0.0,0.0
2008-01-28 00:00:00+09:00,1599.1241748046875,1630.47955078125,1552.0911108398439,1567.768798828125,29442,0.0,0.0
2008-01-29 00:00:00+09:00,1559.9300005317914,1630.479598545792,1559.9300005317914,1583.446533203125,8252,0.0,0.0
2008-01-30 00:00:00+09:00,1583.446533203125,1583.446533203125,1552.0911563080135,1583.446533203125,17320,0.0,0.0
2008-01-31 00:00:00+09:00,1559.9299262551701,1599.1241455078125,1559.9299262551701,1599.1241455078125,2772,0.0,0.0
2008-02-01 00:00:00+09:00,1567.768798828125,1599.1241748046875,1559.9299548339843,1567.768798828125,9972,0.0,0.0
2008-02-04 00:00:00+09:00,1583.446533203125,1630.479598545792,1559.9300005317914,1583.446533203125,30726,0.0,0.0
2008-02-05 00:00:00+09:00,1591.285400390625,1606.9630890644244,1567.7688673799262,1591.285400390625,7970,0.0,0.0
2008-02-11 00:00:00+09:00,1583.4465871839666,1583.4465871839666,1559.9300537109375,1559.9300537109375,19856,0.0,0.0
2008-02-12 00:00:00+09:00,1567.7688219060944,1575.607666015625,1552.0911336870336,1575.607666015625,22272,0.0,0.0
2008-02-13 00:00:00+09:00,1559.9299548339843,1575.6076428222657,1559.9299548339843,1567.768798828125,11754,0.0,0.0
2008-02-14 00:00:00+09:00,1559.9299777965641,1575.607666015625,1559.9299777965641,1575.607666015625,16472,0.0,0.0
2008-02-15 00:00:00+09:00,1559.9299548339843,1567.768798828125,1552.0911108398439,1567.768798828125,27548,0.0,0.0
2008-02-18 00:00:00+09:00,1567.7688219060944,1575.607666015625,1552.0911336870336,1575.607666015625,25606,0.0,0.0
2008-02-19 00:00:00+09:00,1583.4465560537253,1591.285400390625,1567.7688673799262,1591.285400390625,9018,0.0,0.0
2008-02-20 00:00:00+09:00,1567.7688219060944,1630.4795747823382,1567.7688219060944,1575.607666015625,8160,0.0,0.0
2008-02-21 00:00:00+09:00,1567.7688219060944,1606.963042453747,1559.9299777965641,1575.607666015625,10278,0.0,0.0
2008-02-22 00:00:00+09:00,1559.9300892653973,1614.802001953125,1559.9300892653973,1614.802001953125,31766,0.0,0.0
2008-02-25 00:00:00+09:00,1614.801902881567,1622.6407470703125,1567.7688377490942,1622.6407470703125,6926,0.0,0.0
2008-02-26 00:00:00+09:00,1591.2854679440989,1622.6408466228004,1567.7689339350727,1614.802001953125,7482,0.0,0.0
2008-02-27 00:00:00+09:00,1583.4466232744235,1614.802001953125,1575.607778604748,1614.802001953125,5798,0.0,0.0
2008-02-28 00:00:00+09:00,1614.8020379202705,1802.9343141828265,1591.2855033874512,1755.9012451171875,37306,0.0,0.0
2008-02-29 00:00:00+09:00,1771.578857421875,1787.2565464256083,1724.5457904106747,1771.578857421875,5970,0.0,0.0
2008-03-03 00:00:00+09:00,1763.7400309244792,1763.7400309244792,1653.9962067780673,1693.1904296875,7276,0.0,0.0
2008-03-04 00:00:00+09:00,1693.1903535335437,1740.2234189094754,1669.6738208455777,1708.8680419921875,13506,0.0,0.0
2008-03-05 00:00:00+09:00,1724.5457535138414,1771.5788195187642,1685.3515318430723,1716.7069091796875,6192,0.0,0.0
2008-03-06 00:00:00+09:00,1755.9011000560538,1755.9011000560538,1701.029190679302,1748.062255859375,28134,0.0,0.0
2008-03-07 00:00:00+09:00,1740.2234652432528,1740.2234652432528,1693.190398615057,1724.5457763671875,10866,0.0,0.0
2008-03-10 00:00:00+09:00,1708.8681760515485,1787.2566244942802,1701.0293312072754,1755.9012451171875,9082,0.0,0.0
2008-03-11 00:00:00+09:00,1787.2564842854072,1787.2564842854072,1544.2523131764262,1708.8680419921875,16840,0.0,0.0
2008-03-12 00:00:00+09:00,1669.6738208455777,1740.2234189094754,1661.8349766162557,1708.8680419921875,22392,0.0,0.0
2008-03-13 00:00:00+09:00,1693.1903375589623,1693.1903375589623,1591.2853635392098,1661.8349609375,18404,0.0,0.0
2008-03-14 00:00:00+09:00,1693.190410058103,1693.190410058103,1552.0912092199276,1559.9300537109375,47204,0.0,0.0
2008-03-17 00:00:00+09:00,1559.9301085180166,1583.4466428172832,1528.5747294523278,1536.41357421875,15944,0.0,0.0
2008-03-18 00:00:00+09:00,1544.2523647289179,1599.1242761659862,1536.4135202379082,1559.9300537109375,3926,0.0,0.0
2008-03-19 00:00:00+09:00,1575.6077041625977,1638.318458557129,1559.9300155639648,1630.4796142578125,97106,0.0,0.0
2008-03-20 00:00:00+09:00,1567.7688598632812,1669.6738357543945,1567.7688598632812,1630.4796142578125,552,0.0,0.0
2008-03-21 00:00:00+09:00,1661.8349754409035,1661.8349754409035,1575.6076889793471,1583.446533203125,5588,0.0,0.0
2008-03-24 00:00:00+09:00,1575.6076428222657,1638.3183947753907,1552.0911108398439,1567.768798828125,26064,0.0,0.0
2008-03-25 00:00:00+09:00,1567.7688219060944,1599.1241983442164,1552.0911336870336,1575.607666015625,20846,0.0,0.0
2008-03-26 00:00:00+09:00,1567.7688752761994,1591.2854084053424,1552.0911865234375,1552.0911865234375,20864,0.0,0.0
2008-03-27 00:00:00+09:00,1567.7688752761994,1567.7688752761994,1544.2523421470564,1552.0911865234375,3898,0.0,0.0
2008-03-28 00:00:00+09:00,1567.768798828125,1583.4464868164064,1552.0911108398439,1567.768798828125,20864,0.0,0.0
2008-03-31 00:00:00+09:00,1669.6738437596214,1669.6738437596214,1559.9300230430265,1591.285400390625,4158,0.0,0.0
2008-04-01 00:00:00+09:00,1567.7688219060944,1614.8018865632773,1552.0911336870336,1575.607666015625,24950,0.0,0.0
2008-04-02 00:00:00+09:00,1567.7688982019472,1575.607742692957,1559.9300537109375,1559.9300537109375,8754,0.0,0.0
2008-04-03 00:00:00+09:00,1567.7688982019472,1575.607742692957,1559.9300537109375,1559.9300537109375,8754,0.0,0.0
2008-04-04 00:00:00+09:00,1567.7688219060944,1599.1241983442164,1552.0911336870336,1575.607666015625,6832,0.0,0.0
2008-04-07 00:00:00+09:00,1575.607666015625,1606.963042453747,1567.7688219060944,1575.607666015625,4446,0.0,0.0
2008-04-08 00:00:00+09:00,1583.4465871839666,1583.4465871839666,1559.9300537109375,1559.9300537109375,4842,0.0,0.0
2008-04-10 00:00:00+09:00,1559.9300308998186,1575.6077196525805,1552.0911865234375,1552.0911865234375,196356,0.0,0.0
2008-04-11 00:00:00+09:00,1575.6076428222657,1575.6076428222657,1552.0911108398439,1567.768798828125,11266,0.0,0.0
2008-04-14 00:00:00+09:00,1552.0912092199276,1567.7688982019472,1544.2523647289179,1559.9300537109375,12564,0.0,0.0
2008-04-15 00:00:00+09:00,1559.9299548339843,1567.768798828125,1552.0911108398439,1567.768798828125,15882,0.0,0.0
2008-04-16 00:00:00+09:00,1559.9300537109375,1599.1242761659862,1559.9300537109375,1559.9300537109375,17542,0.0,0.0
2008-04-17 00:00:00+09:00,1559.9299548339843,1567.768798828125,1552.0911108398439,1567.768798828125,10278,0.0,0.0
2008-04-18 00:00:00+09:00,1552.0911336870336,1591.2853542346859,1552.0911336870336,1575.607666015625,8904,0.0,0.0
2008-04-21 00:00:00+09:00,1567.768798828125,1583.4464868164064,1559.9299548339843,1567.768798828125,43074,0.0,0.0
2008-04-22 00:00:00+09:00,1559.9299548339843,1575.6076428222657,1559.9299548339843,1567.768798828125,4598,0.0,0.0
2008-04-23 00:00:00+09:00,1559.9300537109375,1575.607742692957,1552.0912092199276,1559.9300537109375,9052,0.0,0.0
2008-04-24 00:00:00+09:00,1559.9300537109375,1567.7688982019472,1552.0912092199276,1559.9300537109375,18402,0.0,0.0
2008-04-25 00:00:00+09:00,1559.9299548339843,1567.768798828125,1552.0911108398439,1567.768798828125,9180,0.0,0.0
2008-04-28 00:00:00+09:00,1567.768798828125,1567.768798828125,1552.0911108398439,1567.768798828125,43074,0.0,0.0
2008-04-29 00:00:00+09:00,1552.0911336870336,1583.4465101251556,1552.0911336870336,1575.607666015625,23806,0.0,0.0
2008-04-30 00:00:00+09:00,1567.7688219060944,1575.607666015625,1559.9299777965641,1575.607666015625,6842,0.0,0.0
2008-05-02 00:00:00+09:00,1567.7688982019472,1583.4465871839666,1559.9300537109375,1559.9300537109375,6842,0.0,0.0
2008-05-06 00:00:00+09:00,1567.768798828125,1575.6076428222657,1552.0911108398439,1567.768798828125,3540,0.0,0.0
2008-05-07 00:00:00+09:00,1567.768798828125,1614.801862792969,1559.9299548339843,1567.768798828125,5414,0.0,0.0
2008-05-08 00:00:00+09:00,1567.768798828125,1567.768798828125,1559.9299548339843,1567.768798828125,3540,0.0,0.0
2008-05-09 00:00:00+09:00,1583.4465764825993,1802.9342207475142,1583.4465764825993,1724.5457763671875,223678,0.0,0.0
2008-05-13 00:00:00+09:00,1740.2234189094754,1787.2564842854072,1646.157288157612,1708.8680419921875,19610,0.0,0.0
2008-05-14 00:00:00+09:00,1755.9011073681193,1842.1283938906608,1653.9961323869338,1708.8680419921875,30274,0.0,0.0
2008-05-15 00:00:00+09:00,1693.190360915493,1724.5457379694835,1661.8349838615025,1669.673828125,16868,0.0,0.0
2008-05-16 00:00:00+09:00,1661.8349255868213,1740.223365472992,1646.1572376095871,1732.384521484375,16510,0.0,0.0
2008-05-19 00:00:00+09:00,1755.901154119318,1763.7399985573509,1701.0292430530894,1724.5457763671875,14106,0.0,0.0
2008-05-20 00:00:00+09:00,1724.5457535138414,1724.5457535138414,1669.6738431747647,1716.7069091796875,9808,0.0,0.0
2008-05-21 00:00:00+09:00,1693.1904296875,1724.5458080150463,1669.6738959418403,1693.1904296875,16406,0.0,0.0
2008-05-22 00:00:00+09:00,1724.5458080150463,1724.5458080150463,1661.8350513599537,1693.1904296875,10296,0.0,0.0
2008-05-23 00:00:00+09:00,1693.1904296875,1693.1904296875,1653.9962067780673,1693.1904296875,10120,0.0,0.0
2008-05-26 00:00:00+09:00,1661.8350513599537,1708.8681188512733,1646.1573621961807,1693.1904296875,2056,0.0,0.0
2008-05-27 00:00:00+09:00,1653.996041841596,1755.9010112441588,1653.996041841596,1677.5125732421875,14344,0.0,0.0
2008-05-28 00:00:00+09:00,1653.9962067780673,1818.6119429976852,1653.9962067780673,1693.1904296875,14344,0.0,0.0
2008-05-29 00:00:00+09:00,1685.3515541770241,1779.4176874334162,1661.835020862926,1724.5457763671875,5134,0.0,0.0
2008-05-30 00:00:00+09:00,1685.3515625,1748.0623183139535,1669.6738735465115,1685.3515625,5134,0.0,0.0
2008-06-02 00:00:00+09:00,1661.8349838615025,1701.0292051789907,1661.8349838615025,1669.673828125,4942,0.0,0.0
2008-06-03 00:00:00+09:00,1661.8350513599537,1693.1904296875,1646.1573621961807,1693.1904296875,8310,0.0,0.0
2008-06-04 00:00:00+09:00,1669.6738959418403,1701.0292742693866,1669.6738959418403,1693.1904296875,920,0.0,0.0
2008-06-05 00:00:00+09:00,1677.5126650748996,1708.8680419921875,1661.8349766162557,1708.8680419921875,2764,0.0,0.0
2008-06-09 00:00:00+09:00,1693.190398615057,1724.5457763671875,1661.835020862926,1724.5457763671875,1884,0.0,0.0
2008-06-10 00:00:00+09:00,1724.5457141804245,1740.2234024911556,1661.8349609375,1661.8349609375,3432,0.0,0.0
2008-06-11 00:00:00+09:00,1661.834885641793,1724.5456360433702,1646.157198041399,1677.5125732421875,11470,0.0,0.0
2008-06-12 00:00:00+09:00,1708.8680959302324,1708.8680959302324,1677.5127180232557,1685.3515625,1522,0.0,0.0
2008-06-13 00:00:00+09:00,1677.5126723884978,1693.190360915493,1646.1572953345071,1669.673828125,8312,0.0,0.0
2008-06-16 00:00:00+09:00,1653.996041841596,1693.1902608425817,1653.996041841596,1677.5125732421875,3930,0.0,0.0
2008-06-17 00:00:00+09:00,1669.6737294419904,1708.867948442976,1646.157198041399,1677.5125732421875,6832,0.0,0.0
2008-06-18 00:00:00+09:00,1661.8350513599537,1708.8681188512733,1653.9962067780673,1693.1904296875,15440,0.0,0.0
2008-06-19 00:00:00+09:00,1661.8349377962086,1701.0291580272512,1653.99609375,1653.99609375,17412,0.0,0.0
2008-06-20 00:00:00+09:00,1653.9962067780673,1693.1904296875,1630.4796730324074,1693.1904296875,36372,0.0,0.0
2008-06-23 00:00:00+09:00,1661.8350734447006,1881.322724654378,1661.8350734447006,1701.029296875,14730,0.0,0.0
2008-06-24 00:00:00+09:00,1653.9962067780673,1787.256564670139,1653.9962067780673,1693.1904296875,8944,0.0,0.0
2008-06-25 00:00:00+09:00,1669.6738735465115,1716.7069404069766,1646.1573401162789,1685.3515625,9144,0.0,0.0
2008-06-26 00:00:00+09:00,1685.3516075028801,1708.86814156106,1677.5127628168202,1701.029296875,7356,0.0,0.0
2008-06-27 00:00:00+09:00,1661.834885641793,1677.5125732421875,1646.157198041399,1677.5125732421875,11102,0.0,0.0
2008-06-30 00:00:00+09:00,1661.834885641793,1677.5125732421875,1653.996041841596,1677.5125732421875,11102,0.0,0.0
2008-07-01 00:00:00+09:00,1661.8349377962086,1669.6737818424172,1622.640717565166,1653.99609375,42738,0.0,0.0
2008-07-02 00:00:00+09:00,1653.9961931501116,1661.8350376674107,1622.6408150809152,1646.1573486328125,42562,0.0,0.0
2008-07-03 00:00:00+09:00,1630.4796912924758,1669.6739146408524,1583.4466232744235,1614.802001953125,119500,0.0,0.0
2008-07-04 00:00:00+09:00,1614.8019793254573,1646.1573575647867,1606.963134765625,1606.963134765625,7866,0.0,0.0
2008-07-07 00:00:00+09:00,1614.802001953125,1638.318535962151,1599.1243126137742,1614.802001953125,9004,0.0,0.0
2008-07-08 00:00:00+09:00,1614.8019256591797,1646.1573028564453,1567.7688598632812,1630.4796142578125,133686,0.0,0.0
2008-07-09 00:00:00+09:00,1614.8019482188247,1669.6738590806294,1606.9631038099953,1638.3184814453125,10860,0.0,0.0
2008-07-10 00:00:00+09:00,1606.9630813598633,1646.1573028564453,1606.9630813598633,1630.4796142578125,20342,0.0,0.0
2008-07-11 00:00:00+09:00,1614.8018735189573,1763.7399103969194,1614.8018735189573,1653.99609375,13288,0.0,0.0
2008-07-14 00:00:00+09:00,1630.4796595982143,1669.6738821847098,1630.4796595982143,1646.1573486328125,5130,0.0,0.0
2008-07-15 00:00:00+09:00,1614.802001953125,1646.1573806318263,1614.802001953125,1614.802001953125,13456,0.0,0.0
2008-07-16 00:00:00+09:00,1661.8350376674107,1661.8350376674107,1614.8019705636161,1646.1573486328125,7314,0.0,0.0
2008-07-17 00:00:00+09:00,1622.6408466228004,1630.4796912924758,1606.9631572834496,1614.802001953125,12556,0.0,0.0
2008-07-18 00:00:00+09:00,1583.4465871839666,1614.8019651480056,1528.5746757468985,1559.9300537109375,29268,0.0,0.0
2008-07-21 00:00:00+09:00,1559.9300308998186,1591.2854084053424,1544.2523421470564,1552.0911865234375,7740,0.0,0.0
2008-07-22 00:00:00+09:00,1552.0912092199276,1583.4465871839666,1544.2523647289179,1559.9300537109375,16816,0.0,0.0
2008-07-23 00:00:00+09:00,1544.2523421470564,1552.0911865234375,1528.5746533942945,1552.0911865234375,3504,0.0,0.0
2008-07-24 00:00:00+09:00,1544.2523421470564,1552.0911865234375,1536.4134977706756,1552.0911865234375,2188,0.0,0.0
2008-07-25 00:00:00+09:00,1544.2523421470564,1567.7688752761994,1520.7358090179134,1552.0911865234375,42098,0.0,0.0
2008-07-28 00:00:00+09:00,1544.2523421470564,1567.7688752761994,1536.4134977706756,1552.0911865234375,3504,0.0,0.0
2008-07-29 00:00:00+09:00,1544.2523421470564,1552.0911865234375,1528.5746533942945,1552.0911865234375,9722,0.0,0.0
2008-07-30 00:00:00+09:00,1536.41357421875,1567.7689532844388,1536.41357421875,1536.41357421875,7380,0.0,0.0
2008-07-31 00:00:00+09:00,1536.4135202379082,1559.9300537109375,1528.5746757468985,1559.9300537109375,11374,0.0,0.0
2008-08-01 00:00:00+09:00,1559.9300078571146,1559.9300078571146,1536.413475075349,1544.2523193359375,6870,0.0,0.0
2008-08-04 00:00:00+09:00,1536.4134977706756,1552.0911865234375,1528.5746533942945,1552.0911865234375,1940,0.0,0.0
2008-08-05 00:00:00+09:00,1528.5746308147604,1559.9300078571146,1528.5746308147604,1544.2523193359375,1292,0.0,0.0
2008-08-06 00:00:00+09:00,1536.4134977706756,1552.0911865234375,1528.5746533942945,1552.0911865234375,5900,0.0,0.0
2008-08-07 00:00:00+09:00,1520.7358623798077,1552.091240985577,1520.7358623798077,1528.57470703125,10640,0.0,0.0
2008-08-08 00:00:00+09:00,1520.7358846859056,1552.0912637515944,1520.7358846859056,1536.41357421875,10640,0.0,0.0
2008-08-11 00:00:00+09:00,1536.4134977706756,1552.0911865234375,1528.5746533942945,1552.0911865234375,2182,0.0,0.0
2008-08-12 00:00:00+09:00,1552.0912637515944,1559.9301085180166,1536.41357421875,1536.41357421875,5870,0.0,0.0
2008-08-13 00:00:00+09:00,1520.7358846859056,1575.607798050861,1520.7358846859056,1536.41357421875,1286,0.0,0.0
2008-08-14 00:00:00+09:00,1528.5746308147604,1559.9300078571146,1528.5746308147604,1544.2523193359375,6498,0.0,0.0
2008-08-18 00:00:00+09:00,1544.2523193359375,1544.2523193359375,1536.413475075349,1544.2523193359375,5148,0.0,0.0
2008-08-19 00:00:00+09:00,1544.2523421470564,1559.9300308998186,1520.7358090179134,1552.0911865234375,33936,0.0,0.0
2008-08-20 00:00:00+09:00,1575.607742692957,1559.9300537109375,1544.2523647289179,1559.9300537109375,18124,0.0,0.0
2008-08-21 00:00:00+09:00,1559.9300537109375,1567.7688982019472,1544.2523647289179,1559.9300537109375,8862,0.0,0.0
2008-08-22 00:00:00+09:00,1575.607742692957,1575.607742692957,1544.2523647289179,1559.9300537109375,18124,0.0,0.0
2008-08-25 00:00:00+09:00,1552.091163596526,1567.768852117703,1536.413475075349,1544.2523193359375,10884,0.0,0.0
2008-08-26 00:00:00+09:00,1536.41357421875,1552.0912637515944,1536.41357421875,1536.41357421875,4622,0.0,0.0
2008-08-27 00:00:00+09:00,1536.4134977706756,1552.0911865234375,1536.4134977706756,1552.0911865234375,26176,0.0,0.0
2008-08-28 00:00:00+09:00,1544.2524189851722,1559.9301085180166,1536.41357421875,1536.41357421875,25396,0.0,0.0
2008-08-29 00:00:00+09:00,1536.4135516826923,1552.091240985577,1528.57470703125,1528.57470703125,16928,0.0,0.0
2008-09-01 00:00:00+09:00,1536.41357421875,1544.2524189851722,1434.5085922552614,1536.41357421875,17062,0.0,0.0
2008-09-02 00:00:00+09:00,1520.735825558926,1536.4135144822142,1473.7027587890625,1473.7027587890625,4400,0.0,0.0
2008-09-03 00:00:00+09:00,1489.38037109375,1489.38037109375,1450.1861508018092,1489.38037109375,830,0.0,0.0
2008-09-04 00:00:00+09:00,1489.38037109375,1505.0580592105264,1418.8307745682566,1489.38037109375,4336,0.0,0.0
2008-09-05 00:00:00+09:00,1489.3804477123504,1489.3804477123504,1426.6696920191987,1473.7027587890625,4272,0.0,0.0
2008-09-08 00:00:00+09:00,1489.3803588867188,1575.6076428222657,1489.3803588867188,1567.768798828125,27520,0.0,0.0
2008-09-09 00:00:00+09:00,1622.6407859108665,1622.6407859108665,1552.0911865234375,1552.0911865234375,316,0.0,0.0
2008-09-10 00:00:00+09:00,1567.7688752761994,1567.7688752761994,1520.7358090179134,1552.0911865234375,3120,0.0,0.0
2008-09-11 00:00:00+09:00,1567.7688752761994,1567.7688752761994,1520.7358090179134,1552.0911865234375,8612,0.0,0.0
2008-09-12 00:00:00+09:00,1552.0911865234375,1559.9300308998186,1520.7358090179134,1552.0911865234375,1902,0.0,0.0
2008-09-16 00:00:00+09:00,1497.2192758887704,1552.0911865234375,1442.3473652541036,1552.0911865234375,4566,0.0,0.0
2008-09-17 00:00:00+09:00,1536.4134055855347,1536.4134055855347,1497.2191860552916,1520.7357177734375,848,0.0,0.0
2008-09-18 00:00:00+09:00,1489.3803538446841,1505.0580417798913,1442.3472900390625,1442.3472900390625,6262,0.0,0.0
2008-09-19 00:00:00+09:00,1481.5415270353617,1489.38037109375,1450.1861508018092,1489.38037109375,3800,0.0,0.0
2008-09-22 00:00:00+09:00,1458.0250396728516,1512.8969497680664,1442.3473510742188,1505.05810546875,7794,0.0,0.0
2008-09-23 00:00:00+09:00,1473.702781394676,1497.2193151403358,1442.3474030671298,1481.5416259765625,3484,0.0,0.0
2008-09-24 00:00:00+09:00,1481.5416583086992,1520.7358820734796,1442.3474345439188,1450.186279296875,4866,0.0,0.0
2008-09-25 00:00:00+09:00,1442.3473585812164,1473.7027359416777,1434.5085142411012,1465.8638916015625,22008,0.0,0.0
2008-09-26 00:00:00+09:00,1465.8638389185855,1489.38037109375,1410.9919305098683,1489.38037109375,38448,0.0,0.0
2008-09-29 00:00:00+09:00,1458.0250552669986,1481.5415884164663,1410.9919889680632,1426.669677734375,15544,0.0,0.0
2008-09-30 00:00:00+09:00,1316.9258695561834,1567.76889232879,1316.9258695561834,1473.7027587890625,2244,0.0,0.0
2008-10-01 00:00:00+09:00,1473.702781394676,1481.5416259765625,1473.702781394676,1481.5416259765625,42,0.0,0.0
2008-10-02 00:00:00+09:00,1418.8308255608706,1473.7027359416777,1418.8308255608706,1465.8638916015625,1484,0.0,0.0
2008-10-06 00:00:00+09:00,1520.7358191538665,1520.7358191538665,1277.731641866393,1387.4754638671875,5244,0.0,0.0
2008-10-07 00:00:00+09:00,1301.2481610928362,1410.9919819078948,1293.4093167489036,1340.4423828125,15912,0.0,0.0
2008-10-08 00:00:00+09:00,1277.731628061038,1434.508514939693,1269.8927837171052,1340.4423828125,4836,0.0,0.0
2008-10-09 00:00:00+09:00,1277.731583995932,1340.4423365846892,1269.8927399223373,1324.7646484375,4836,0.0,0.0
2008-10-10 00:00:00+09:00,1262.053955078125,1324.7647106099573,1136.6324440144604,1262.053955078125,930,0.0,0.0
2008-10-13 00:00:00+09:00,1215.0207933967495,1348.2811384789736,1215.0207933967495,1269.8927001953125,172,0.0,0.0
2008-10-14 00:00:00+09:00,1175.826616985042,1387.4754080423495,1160.1489287585748,1285.5704345703125,1198,0.0,0.0
2008-10-15 00:00:00+09:00,1356.1200796839703,1356.1200796839703,1277.731635771602,1301.2481689453125,222,0.0,0.0
2008-10-16 00:00:00+09:00,1293.40925532616,1293.40925532616,1136.632375892686,1277.7315673828125,584,0.0,0.0
2008-10-17 00:00:00+09:00,1293.40925532616,1293.40925532616,1152.3100638360334,1277.7315673828125,320,0.0,0.0
2008-10-20 00:00:00+09:00,1293.409332844041,1262.053955078125,1262.053955078125,1262.053955078125,320,0.0,0.0
2008-10-21 00:00:00+09:00,1238.5374755859375,1246.376320368127,1175.8267173284216,1238.5374755859375,1098,0.0,0.0
2008-10-22 00:00:00+09:00,1246.3762976773985,1246.3762976773985,1113.1159388062301,1230.6986083984375,110,0.0,0.0
2008-10-23 00:00:00+09:00,1183.6655405615545,1230.6986083984375,1183.6655405615545,1230.6986083984375,872,0.0,0.0
2008-10-24 00:00:00+09:00,1128.7934643190297,1175.8265253323227,1050.405029296875,1050.405029296875,19166,0.0,0.0
2008-10-27 00:00:00+09:00,893.6281592525653,1097.4380903101678,893.6281592525653,1050.405029296875,18570,0.0,0.0
2008-10-28 00:00:00+09:00,940.6612202658581,1050.405029296875,932.8223767636426,1050.405029296875,268944,0.0,0.0
2008-10-29 00:00:00+09:00,1073.921690631735,1207.1820464035561,940.6613348599137,1136.6324462890625,3718,0.0,0.0
2008-10-30 00:00:00+09:00,1003.3720833333333,1269.89279296875,1003.3720833333333,1175.82666015625,9838,0.0,0.0
2008-10-31 00:00:00+09:00,1348.2812352927333,1348.2812352927333,1254.2151025978915,1301.2481689453125,240,0.0,0.0
2008-11-03 00:00:00+09:00,1442.3473983936096,1442.3473983936096,1199.3432171425122,1395.3143310546875,476,0.0,0.0
2008-11-04 00:00:00+09:00,1363.9589080810547,1363.9589080810547,1191.5043334960938,1254.215087890625,8212,0.0,0.0
2008-11-05 00:00:00+09:00,1097.4381817511792,1395.3142596550706,1167.9877791494694,1246.376220703125,2446,0.0,0.0
2008-11-06 00:00:00+09:00,1097.4382647346047,1230.698625452378,1066.0828857421875,1066.0828857421875,2446,0.0,0.0
2008-11-07 00:00:00+09:00,964.1779062699298,1199.3432492625957,964.1779062699298,1152.3101806640625,424,0.0,0.0
2008-11-10 00:00:00+09:00,1113.1159568319515,1254.2151626275509,1097.438267299107,1152.3101806640625,872,0.0,0.0
2008-11-11 00:00:00+09:00,1042.5663539341517,1215.02093879544,1042.5663539341517,1152.3101806640625,84,0.0,0.0
2008-11-12 00:00:00+09:00,1089.599422532685,1152.3101806640625,1034.7275091677295,1152.3101806640625,530,0.0,0.0
2008-11-13 00:00:00+09:00,1003.3720290492959,1144.4712206343531,1003.3720290492959,1113.1158447265625,182034,0.0,0.0
2008-11-14 00:00:00+09:00,1113.1159129175646,1144.4712907462283,1034.7274683459052,1136.6324462890625,472,0.0,0.0
2008-11-17 00:00:00+09:00,1120.9546651637302,1128.7935089760638,995.5331641663897,1105.2769775390625,184768,0.0,0.0
2008-11-18 00:00:00+09:00,1105.2770539427834,1167.9878087764164,987.6943886297213,1089.599365234375,878,0.0,0.0
2008-11-19 00:00:00+09:00,1089.5994427534786,1089.5994427534786,1019.0498385464189,1073.9217529296875,330,0.0,0.0
2008-11-20 00:00:00+09:00,1019.0497288559422,1042.5662610603101,956.3389763109612,1034.7274169921875,2200,0.0,0.0
2008-11-21 00:00:00+09:00,1003.3721064814815,1058.2440185546875,987.6944173177084,1058.2440185546875,1072,0.0,0.0
2008-11-24 00:00:00+09:00,1081.760498046875,1081.760498046875,1081.760498046875,1081.760498046875,18,0.0,0.0
2008-11-25 00:00:00+09:00,1081.7605311506886,1081.7605311506886,924.983642578125,924.983642578125,12678,0.0,0.0
2008-11-26 00:00:00+09:00,1042.5663154069766,1042.5663154069766,932.8224927325581,1011.2109375,614,0.0,0.0
2008-11-27 00:00:00+09:00,924.9835901181559,1011.2108739427298,917.1447461341038,948.5001220703125,14550,0.0,0.0
2008-11-28 00:00:00+09:00,870.1117245881454,1026.8886119013248,870.1117245881454,901.4671020507812,1428,0.0,0.0
2008-12-01 00:00:00+09:00,854.4340219726562,1011.2109067382812,854.4340219726562,979.8555297851562,142,0.0,0.0
2008-12-02 00:00:00+09:00,870.1117172241211,964.177848815918,870.1117172241211,940.6613159179688,15876,0.0,0.0
2008-12-03 00:00:00+09:00,870.1117445422757,995.5332572690902,870.1117445422757,972.0167236328125,978,0.0,0.0
2008-12-04 00:00:00+09:00,972.0167303610974,1019.0497979592151,893.6282843642348,995.5332641601562,26346,0.0,0.0
2008-12-05 00:00:00+09:00,901.4670581659994,1003.3720299586777,901.4670581659994,948.5001220703125,20752,0.0,0.0
2008-12-08 00:00:00+09:00,917.1447830200195,956.3390045166016,893.6282501220703,940.6613159179688,37226,0.0,0.0
2008-12-09 00:00:00+09:00,909.3059387207031,972.0166931152344,909.3059387207031,940.6613159179688,62260,0.0,0.0
2008-12-10 00:00:00+09:00,885.7893701978951,964.1778100384169,885.7893701978951,948.5001220703125,148952,0.0,0.0
2008-12-11 00:00:00+09:00,956.3390045166016,956.3390045166016,932.8224716186523,940.6613159179688,191064,0.0,0.0
2008-12-12 00:00:00+09:00,862.2728881835938,940.6613325639205,862.2728881835938,862.2728881835938,30648,0.0,0.0
2008-12-15 00:00:00+09:00,862.2729231353499,917.1448364257812,862.2729231353499,917.1448364257812,30648,0.0,0.0
2008-12-16 00:00:00+09:00,909.305908203125,924.9835962755927,885.7893760944236,909.305908203125,197538,0.0,0.0
2008-12-17 00:00:00+09:00,909.305908203125,909.305908203125,885.7893760944236,909.305908203125,209162,0.0,0.0
2008-12-18 00:00:00+09:00,893.6282732128042,924.983651220271,877.9505842090708,885.7894287109375,274308,0.0,0.0
2008-12-19 00:00:00+09:00,893.6283122471401,893.6283122471401,877.9506225585938,877.9506225585938,16912,0.0,0.0
2008-12-22 00:00:00+09:00,877.9505320581897,909.305908203125,862.272843985722,909.305908203125,223204,0.0,0.0
2008-12-23 00:00:00+09:00,909.305923194216,917.1447673596834,877.9505465323465,893.6282348632812,219762,0.0,0.0
2008-12-24 00:00:00+09:00,877.9505320581897,917.1447522393589,877.9505320581897,909.305908203125,104738,0.0,0.0
2008-12-26 00:00:00+09:00,924.9835962755927,924.9835962755927,909.305908203125,909.305908203125,23546,0.0,0.0
2008-12-29 00:00:00+09:00,917.1448364257812,924.9836811815571,909.3059916700054,917.1448364257812,45830,0.0,0.0
2008-12-30 00:00:00+09:00,893.6282648636122,924.983642578125,885.7894204349841,924.983642578125,214944,0.0,0.0
2009-01-02 00:00:00+09:00,932.8225162693711,1011.2109630146964,932.8225162693711,956.3390502929688,10974,0.0,0.0
2009-01-05 00:00:00+09:00,948.5001990053834,948.5001990053834,830.9175297071954,932.822509765625,21104,0.0,0.0
2009-01-06 00:00:00+09:00,932.8224716186523,956.3390045166016,932.8224716186523,940.6613159179688,112212,0.0,0.0
2009-01-07 00:00:00+09:00,956.3390192909847,1011.21093023391,940.6613304501489,987.6943969726562,14540,0.0,0.0
2009-01-08 00:00:00+09:00,995.5332572690902,1003.3721018145162,940.6613454511089,972.0167236328125,5044,0.0,0.0
2009-01-09 00:00:00+09:00,995.5332572690902,995.5332572690902,948.5001899965348,972.0167236328125,5044,0.0,0.0
2009-01-12 00:00:00+09:00,948.5001748705668,987.6943969726562,940.6613304501489,987.6943969726562,15304,0.0,0.0
2009-01-13 00:00:00+09:00,1254.215147925205,972.0167396420338,948.5002056184362,956.3390502929688,116976,0.0,0.0
2009-01-14 00:00:00+09:00,972.0167201450893,1097.438232421875,956.3390311104911,1097.438232421875,59366,0.0,0.0
2009-01-15 00:00:00+09:00,1254.215110636646,1262.053955078125,1199.3431995462927,1262.053955078125,116976,0.0,0.0
2009-01-16 00:00:00+09:00,1395.3143033854167,1450.1862141927083,1105.277060546875,1175.82666015625,270184,0.0,0.0
2009-01-19 00:00:00+09:00,1160.14892578125,1199.343146246833,1128.7935494087837,1160.14892578125,54306,0.0,0.0
2009-01-20 00:00:00+09:00,1175.826712215648,1175.826712215648,1066.0828857421875,1066.0828857421875,66600,0.0,0.0
2009-01-21 00:00:00+09:00,1105.276988721076,1105.276988721076,987.6943303464933,1026.8885498046875,34738,0.0,0.0
2009-01-22 00:00:00+09:00,1034.727439937735,1066.082816905545,987.6943744860198,1042.5662841796875,58376,0.0,0.0
2009-01-23 00:00:00+09:00,1019.0497979592151,1042.566331758274,987.69441956047,995.5332641601562,62134,0.0,0.0
2009-01-28 00:00:00+09:00,1003.372040719697,1066.082793264678,995.5331966515744,1034.7274169921875,27402,0.0,0.0
2009-01-29 00:00:00+09:00,987.694281279151,1081.7604033057369,1042.5661857946595,1050.405029296875,24510,0.0,0.0
2009-01-30 00:00:00+09:00,987.694281279151,1066.082716301306,987.694281279151,1050.405029296875,24510,0.0,0.0
2009-02-02 00:00:00+09:00,1034.72750674977,1089.5994199865004,1034.72750674977,1066.0828857421875,21020,0.0,0.0
2009-02-03 00:00:00+09:00,1081.7605978415831,1081.7605978415831,1050.405218194001,1073.9217529296875,19266,0.0,0.0
2009-02-04 00:00:00+09:00,1097.438232421875,1113.1159214564732,1073.9216988699777,1097.438232421875,20008,0.0,0.0
2009-02-05 00:00:00+09:00,1113.1158213513963,1113.1158213513963,1066.0827584773936,1105.2769775390625,10706,0.0,0.0
2009-02-06 00:00:00+09:00,1097.4382647346047,1136.6324884751264,1066.0828857421875,1066.0828857421875,19062,0.0,0.0
2009-02-09 00:00:00+09:00,1097.4382647346047,1097.4382647346047,1058.2440409940832,1066.0828857421875,19062,0.0,0.0
2009-02-10 00:00:00+09:00,1050.405196245979,1066.0828857421875,1050.405196245979,1066.0828857421875,15090,0.0,0.0
2009-02-11 00:00:00+09:00,979.8555727358219,1066.0828631365741,979.8555727358219,1058.2440185546875,16080,0.0,0.0
2009-02-12 00:00:00+09:00,1050.4051434633543,1097.4382095885792,1050.4051434633543,1089.599365234375,41580,0.0,0.0
2009-02-13 00:00:00+09:00,1050.4051434633543,1113.1158982969876,1050.4051434633543,1089.599365234375,41580,0.0,0.0
2009-02-16 00:00:00+09:00,1097.4382876653742,1097.4382876653742,1066.082908017792,1073.9217529296875,18292,0.0,0.0
2009-02-17 00:00:00+09:00,1026.8886620016658,1073.9217304902918,1026.8886620016658,1066.0828857421875,13146,0.0,0.0
2009-02-18 00:00:00+09:00,1019.049695603391,1105.2769775390625,1019.049695603391,1105.2769775390625,10754,0.0,0.0
2009-02-19 00:00:00+09:00,1113.1158213513963,1136.6323527883976,1073.9216022897274,1105.2769775390625,30326,0.0,0.0
2009-02-20 00:00:00+09:00,1120.9547119140625,1136.632400192581,1050.4051146607299,1120.9547119140625,9266,0.0,0.0
2009-02-23 00:00:00+09:00,1113.1158447265625,1113.1158447265625,1050.4050929109815,1113.1158447265625,11726,0.0,0.0
2009-02-24 00:00:00+09:00,1105.2770539427834,1113.1158982969876,1050.4051434633543,1089.599365234375,9772,0.0,0.0
2009-02-25 00:00:00+09:00,1089.5994427534786,1089.5994427534786,1066.082908017792,1073.9217529296875,7196,0.0,0.0
2009-02-26 00:00:00+09:00,1081.760498046875,1081.760498046875,1042.5662771031477,1081.760498046875,8524,0.0,0.0
2009-02-27 00:00:00+09:00,1097.438186424366,1097.438186424366,1042.5662771031477,1081.760498046875,8,0.0,0.0
2009-03-02 00:00:00+09:00,1050.405029296875,1066.082716301306,1019.049655288013,1050.405029296875,7156,0.0,0.0
2009-03-03 00:00:00+09:00,987.6943669245793,1026.8885878342849,987.6943669245793,1019.0497436523438,1690,0.0,0.0
2009-03-04 00:00:00+09:00,1019.0498196348851,1167.987870196907,972.016751036352,1152.3101806640625,34120,0.0,0.0
2009-03-05 00:00:00+09:00,1105.2769775390625,1113.1158213513963,1050.405070852726,1105.2769775390625,19602,0.0,0.0
2009-03-06 00:00:00+09:00,1097.438186424366,1113.115874801857,1050.4051212918932,1081.760498046875,5932,0.0,0.0
2009-03-09 00:00:00+09:00,1081.7605978415831,1081.7605978415831,1042.5663732821054,1073.9217529296875,286,0.0,0.0
2009-03-10 00:00:00+09:00,1160.1489399343297,1160.1489399343297,1019.0497445369112,1081.760498046875,8726,0.0,0.0
2009-03-11 00:00:00+09:00,1081.760575238396,1105.277109482709,1066.0828857421875,1066.0828857421875,20506,0.0,0.0
2009-03-12 00:00:00+09:00,1066.0828543526786,1097.438232421875,1058.2440098353795,1097.438232421875,12174,0.0,0.0
2009-03-13 00:00:00+09:00,1097.4382095885792,1113.1158982969876,1066.0828321717627,1089.599365234375,14664,0.0,0.0
2009-03-16 00:00:00+09:00,1073.9216538581295,1081.760498046875,1050.4051212918932,1081.760498046875,658,0.0,0.0
2009-03-17 00:00:00+09:00,1081.760498046875,1089.5993422356205,1066.082809669384,1081.760498046875,12656,0.0,0.0
2009-03-18 00:00:00+09:00,1097.438186424366,1097.438186424366,1050.4051212918932,1081.760498046875,3384,0.0,0.0
2009-03-19 00:00:00+09:00,1081.760498046875,1128.7935631793478,1058.2439654806385,1081.760498046875,32410,0.0,0.0
2009-03-20 00:00:00+09:00,1081.7605208801708,1136.6324313595999,1066.0828321717627,1089.599365234375,10600,0.0,0.0
2009-03-23 00:00:00+09:00,1097.438232421875,1105.277076939174,1050.4051653180802,1097.438232421875,22546,0.0,0.0
2009-03-24 00:00:00+09:00,1113.1159214564732,1175.826677594866,1081.7605433872768,1097.438232421875,22546,0.0,0.0
2009-03-25 00:00:00+09:00,1089.599387904576,1097.438232421875,1073.9216988699777,1097.438232421875,23882,0.0,0.0
2009-03-26 00:00:00+09:00,1097.438186424366,1097.438186424366,1066.082809669384,1081.760498046875,16968,0.0,0.0
2009-03-27 00:00:00+09:00,1081.7605433872768,1097.438232421875,1058.2440098353795,1097.438232421875,17578,0.0,0.0
2009-03-30 00:00:00+09:00,1097.4382414641204,1222.8597547743057,1050.405173972801,1058.2440185546875,8170,0.0,0.0
2009-03-31 00:00:00+09:00,1034.7274848090278,1073.9217077184608,1019.0497956452547,1058.2440185546875,8170,0.0,0.0
2009-04-01 00:00:00+09:00,1050.40512842164,1066.082816905545,1034.727439937735,1042.5662841796875,12204,0.0,0.0
2009-04-02 00:00:00+09:00,1073.9215598035214,1073.9215598035214,1034.727342292444,1050.405029296875,10494,0.0,0.0
2009-04-03 00:00:00+09:00,1066.0828857421875,1066.0828857421875,1026.8886620016658,1066.0828857421875,3484,0.0,0.0
2009-04-06 00:00:00+09:00,1066.0828321717627,1089.599365234375,1034.7274547549462,1089.599365234375,34810,0.0,0.0
2009-04-07 00:00:00+09:00,1089.599365234375,1097.4382095885792,1050.4051434633543,1089.599365234375,12710,0.0,0.0
2009-04-08 00:00:00+09:00,1073.9217077184608,1073.9217077184608,1050.405173972801,1058.2440185546875,9670,0.0,0.0
2009-04-09 00:00:00+09:00,1073.9216248418245,1167.987752565196,1058.2439368879293,1113.1158447265625,76098,0.0,0.0
2009-04-10 00:00:00+09:00,1113.1158832319632,1191.5043257130874,1113.1158832319632,1167.98779296875,30834,0.0,0.0
2009-04-13 00:00:00+09:00,1199.3431626357042,1340.4423582399045,1167.9877858347706,1207.1820068359375,32764,0.0,0.0
2009-04-14 00:00:00+09:00,1207.1820964571796,1254.2151651503166,1183.665562110611,1238.5374755859375,36862,0.0,0.0
2009-04-15 00:00:00+09:00,1238.5374392073677,1238.5374392073677,1175.8266827918046,1183.66552734375,26696,0.0,0.0
2009-04-16 00:00:00+09:00,1215.0208510361708,1215.0208510361708,1175.826630035004,1207.1820068359375,14664,0.0,0.0
2009-04-17 00:00:00+09:00,1207.1819903399494,1215.0208344330658,1160.14892578125,1160.14892578125,20228,0.0,0.0
2009-04-20 00:00:00+09:00,1175.82666015625,1215.0208821614583,1160.1489713541666,1175.82666015625,12252,0.0,0.0
2009-04-21 00:00:00+09:00,1144.4713358976403,1175.826714963329,1144.4713358976403,1152.3101806640625,2478,0.0,0.0
2009-04-22 00:00:00+09:00,1191.5043718956954,1207.1820609995862,1144.4713045840233,1183.66552734375,15354,0.0,0.0
2009-04-23 00:00:00+09:00,1183.6655130320582,1183.6655130320582,1120.9547573747307,1136.6324462890625,66838,0.0,0.0
2009-04-24 00:00:00+09:00,1136.632460032078,1183.66552734375,1136.632460032078,1183.66552734375,16620,0.0,0.0
2009-04-27 00:00:00+09:00,1183.6654580605998,1222.8596785261825,1152.3100816881336,1160.14892578125,20088,0.0,0.0
2009-04-28 00:00:00+09:00,1175.8266139674831,1207.1819903399494,1128.7935494087837,1160.14892578125,23474,0.0,0.0
2009-04-29 00:00:00+09:00,1207.1819903399494,1207.1819903399494,1144.4712375950169,1160.14892578125,20088,0.0,0.0
2009-04-30 00:00:00+09:00,1175.82666015625,1207.1820377604167,1167.9878157552084,1175.82666015625,7300,0.0,0.0
2009-05-04 00:00:00+09:00,1199.3432298405155,1254.215142316879,1175.8266959220741,1230.6986083984375,11090,0.0,0.0
2009-05-06 00:00:00+09:00,1215.0208967159956,1238.5374302008213,1199.3432077261118,1222.8597412109375,7838,0.0,0.0
2009-05-07 00:00:00+09:00,1230.6985394366375,1238.5373836368708,1207.1820068359375,1207.1820068359375,7838,0.0,0.0
2009-05-08 00:00:00+09:00,1222.8596952364041,1222.8596952364041,1175.826630035004,1207.1820068359375,9766,0.0,0.0
2009-05-11 00:00:00+09:00,1254.215142316879,1254.215142316879,1207.1820744799961,1230.6986083984375,16282,0.0,0.0
2009-05-12 00:00:00+09:00,1222.8597412109375,1238.5374302008213,1175.8266742412861,1222.8597412109375,22918,0.0,0.0
2009-05-13 00:00:00+09:00,1230.6985323923939,1269.8927531692216,1207.181999926297,1246.376220703125,21876,0.0,0.0
2009-05-14 00:00:00+09:00,1254.215087890625,1269.8927764892578,1215.020866394043,1254.215087890625,14966,0.0,0.0
2009-05-15 00:00:00+09:00,1269.8927913803652,1301.2481689453125,1254.2151025978915,1301.2481689453125,31854,0.0,0.0
2009-05-18 00:00:00+09:00,1309.0869317027186,1450.1861219461255,1293.4092438978957,1356.1199951171875,22342,0.0,0.0
2009-05-19 00:00:00+09:00,1348.2811512147762,1371.7976829220106,1309.0869317027186,1356.1199951171875,22342,0.0,0.0
2009-05-20 00:00:00+09:00,1356.1201618303571,1403.1532310267858,1332.6036272321428,1371.7978515625,45158,0.0,0.0
2009-05-21 00:00:00+09:00,1356.1200344509548,1442.3473198784723,1356.1200344509548,1410.991943359375,98602,0.0,0.0
2009-05-22 00:00:00+09:00,1418.8307874891493,1465.8638522677952,1371.7977227105034,1410.991943359375,10036,0.0,0.0
2009-05-25 00:00:00+09:00,1371.7977227105034,1410.991943359375,1332.603502061632,1410.991943359375,22048,0.0,0.0
2009-05-26 00:00:00+09:00,1379.6365966796875,1395.3142852783203,1371.797752380371,1379.6365966796875,12358,0.0,0.0
2009-05-27 00:00:00+09:00,1379.6365966796875,1395.3142852783203,1371.797752380371,1379.6365966796875,12358,0.0,0.0
2009-05-28 00:00:00+09:00,1348.2813169642857,1379.6366964285714,1285.5705580357144,1371.7978515625,8070,0.0,0.0
2009-05-29 00:00:00+09:00,1403.1531295776367,1418.8308181762695,1356.1200637817383,1379.6365966796875,2312,0.0,0.0
2009-06-01 00:00:00+09:00,1332.6035746027915,1403.1531756111744,1332.6035746027915,1395.3143310546875,16428,0.0,0.0
2009-06-02 00:00:00+09:00,1410.9919889680632,1426.669677734375,1403.1531445849073,1426.669677734375,20698,0.0,0.0
2009-06-03 00:00:00+09:00,1426.669677734375,1426.669677734375,1410.9919889680632,1426.669677734375,20698,0.0,0.0
2009-06-04 00:00:00+09:00,1426.6697092806355,1434.5085538371225,1387.4754864982006,1395.3143310546875,4830,0.0,0.0
2009-06-05 00:00:00+09:00,1379.6366419417136,1410.9920201676616,1363.9589528287395,1395.3143310546875,54630,0.0,0.0
2009-06-08 00:00:00+09:00,1403.1531756111744,1410.9920201676616,1379.6366419417136,1395.3143310546875,1084,0.0,0.0
2009-06-09 00:00:00+09:00,1371.7977750099312,1403.1531527244438,1371.7977750099312,1387.4754638671875,1592,0.0,0.0
2009-06-10 00:00:00+09:00,1387.4754864982006,1410.9920201676616,1363.9589528287395,1395.3143310546875,1084,0.0,0.0
2009-06-11 00:00:00+09:00,1426.669677734375,1426.669677734375,1395.3143002017514,1426.669677734375,3530,0.0,0.0
2009-06-12 00:00:00+09:00,1418.830833351219,1434.508522117531,1410.9919889680632,1426.669677734375,64348,0.0,0.0
2009-06-15 00:00:00+09:00,1489.3804705584491,1489.3804705584491,1434.5085584852432,1481.5416259765625,3706,0.0,0.0
2009-06-16 00:00:00+09:00,1481.5415098770804,1481.5415098770804,1410.991914168648,1442.3472900390625,590,0.0,0.0
2009-06-17 00:00:00+09:00,1442.3472900390625,1442.3472900390625,1418.8307581362517,1442.3472900390625,590,0.0,0.0
2009-06-18 00:00:00+09:00,1418.830810546875,1442.3473433183701,1418.830810546875,1418.830810546875,984,0.0,0.0
2009-06-19 00:00:00+09:00,1418.8307641737954,1426.6696081747555,1395.3142321709147,1403.153076171875,21244,0.0,0.0
2009-06-22 00:00:00+09:00,1403.1531220325448,1442.3473433183701,1403.1531220325448,1418.830810546875,2756,0.0,0.0
2009-06-23 00:00:00+09:00,1426.6696548040402,1426.6696548040402,1395.3142777753799,1418.830810546875,2756,0.0,0.0
2009-06-24 00:00:00+09:00,1410.9920758928572,1410.9920758928572,1254.2151785714286,1371.7978515625,34390,0.0,0.0
2009-06-25 00:00:00+09:00,1371.7977973852264,1395.3143310546875,1356.1201082722525,1395.3143310546875,2232,0.0,0.0
2009-06-26 00:00:00+09:00,1387.4754638671875,1395.3143082958156,1379.6366194385594,1387.4754638671875,2198,0.0,0.0
2009-06-29 00:00:00+09:00,1371.7977973852264,1403.1531756111744,1371.7977973852264,1395.3143310546875,2028,0.0,0.0
2009-06-30 00:00:00+09:00,1403.153076171875,1403.153076171875,1348.2811681651535,1403.153076171875,5228,0.0,0.0
2009-07-01 00:00:00+09:00,1489.380360182437,1489.380360182437,1379.6365441689943,1403.153076171875,424,0.0,0.0
2009-07-02 00:00:00+09:00,1363.9589528287395,1410.9920201676616,1363.9589528287395,1395.3143310546875,2246,0.0,0.0
2009-07-03 00:00:00+09:00,1356.1200861526747,1387.4754638671875,1340.4423972954185,1387.4754638671875,7070,0.0,0.0
2009-07-06 00:00:00+09:00,1363.9588623046875,1505.0580549568965,1363.9588623046875,1363.9588623046875,7598,0.0,0.0
2009-07-07 00:00:00+09:00,1403.1531295776367,1403.1531295776367,1363.9589080810547,1379.6365966796875,1652,0.0,0.0
2009-07-08 00:00:00+09:00,1387.4754638671875,1387.4754638671875,1356.1200861526747,1387.4754638671875,42,0.0,0.0
2009-07-09 00:00:00+09:00,1410.9920201676616,1410.9920201676616,1363.9589528287395,1395.3143310546875,3036,0.0,0.0
2009-07-10 00:00:00+09:00,1403.1531756111744,1403.1531756111744,1356.1201082722525,1395.3143310546875,3116,0.0,0.0
2009-07-13 00:00:00+09:00,1371.7977750099312,1387.4754638671875,1356.1200861526747,1387.4754638671875,68,0.0,0.0
2009-07-14 00:00:00+09:00,1371.797752380371,1387.475440979004,1348.2812194824219,1379.6365966796875,4306,0.0,0.0
2009-07-15 00:00:00+09:00,1395.3142852783203,1442.3473510742188,1340.4423751831055,1379.6365966796875,720,0.0,0.0
2009-07-16 00:00:00+09:00,1505.0581302966102,1505.0581302966102,1356.1200861526747,1387.4754638671875,7834,0.0,0.0
2009-07-17 00:00:00+09:00,1379.6365503771553,1379.6365503771553,1301.2481100148168,1363.9588623046875,11274,0.0,0.0
2009-07-20 00:00:00+09:00,1371.7977227105034,1418.8307874891493,1363.958878580729,1410.991943359375,9994,0.0,0.0
2009-07-21 00:00:00+09:00,1379.6366045321638,1418.8308262518276,1340.4423828125,1340.4423828125,31434,0.0,0.0
2009-07-22 00:00:00+09:00,1348.2813169642857,1371.7978515625,1348.2813169642857,1371.7978515625,844,0.0,0.0
2009-07-23 00:00:00+09:00,1348.2811742322199,1371.7977063409214,1340.442330195986,1363.9588623046875,13436,0.0,0.0
2009-07-24 00:00:00+09:00,1277.7315779061153,1363.9588623046875,1277.7315779061153,1363.9588623046875,1448,0.0,0.0
2009-07-27 00:00:00+09:00,1371.7976829220106,1395.314214629245,1356.1199951171875,1356.1199951171875,366,0.0,0.0
2009-07-28 00:00:00+09:00,1371.797752380371,1387.475440979004,1363.9589080810547,1379.6365966796875,904,0.0,0.0
2009-07-29 00:00:00+09:00,1207.1820220947266,1387.475440979004,1207.1820220947266,1379.6365966796875,19204,0.0,0.0
2009-07-30 00:00:00+09:00,1379.6366045321638,1387.4754488760966,1324.7646941246346,1340.4423828125,24922,0.0,0.0
2009-07-31 00:00:00+09:00,1363.9589226691278,1426.669677734375,1340.44238951966,1426.669677734375,712,0.0,0.0
2009-08-03 00:00:00+09:00,1458.0249841785962,1458.0249841785962,1348.2811681651535,1403.153076171875,4912,0.0,0.0
2009-08-04 00:00:00+09:00,1379.6366419417136,1442.3473983936096,1348.2812637157654,1395.3143310546875,3746,0.0,0.0
2009-08-05 00:00:00+09:00,1458.0250552669986,1458.0250552669986,1395.3143002017514,1426.669677734375,9494,0.0,0.0
2009-08-06 00:00:00+09:00,1285.5705394847973,1450.186279296875,1285.5705394847973,1450.186279296875,7148,0.0,0.0
2009-08-07 00:00:00+09:00,1465.863798214438,1465.863798214438,1418.8307351701246,1434.5084228515625,638,0.0,0.0
2009-08-10 00:00:00+09:00,1418.8307874891493,1426.6696316189236,1316.9258138020834,1410.991943359375,960,0.0,0.0
2009-08-11 00:00:00+09:00,1348.2812194824219,1410.9919738769531,1348.2812194824219,1379.6365966796875,13980,0.0,0.0
2009-08-12 00:00:00+09:00,1426.6696316189236,1426.6696316189236,1379.6365668402777,1410.991943359375,452,0.0,0.0
2009-08-13 00:00:00+09:00,1348.2812417240466,1410.9919971530721,1348.2812417240466,1387.4754638671875,518,0.0,0.0
2009-08-14 00:00:00+09:00,1387.475433518215,1434.5084990612052,1363.9589007467196,1418.830810546875,33270,0.0,0.0
2009-08-17 00:00:00+09:00,1426.6696548040402,1473.7027203470304,1410.99196628971,1418.830810546875,40700,0.0,0.0
2009-08-18 00:00:00+09:00,1426.6696548040402,1426.6696548040402,1395.3142777753799,1418.830810546875,7780,0.0,0.0
2009-08-19 00:00:00+09:00,1410.991943359375,1418.8307874891493,1379.6365668402777,1410.991943359375,13178,0.0,0.0
2009-08-20 00:00:00+09:00,1465.8638522677952,1465.8638522677952,1403.1530992296007,1410.991943359375,8032,0.0,0.0
2009-08-21 00:00:00+09:00,1473.7027203470304,1473.7027203470304,1403.1531220325448,1418.830810546875,6170,0.0,0.0
2009-08-24 00:00:00+09:00,1442.3473198784723,1442.3473198784723,1410.991943359375,1410.991943359375,206,0.0,0.0
2009-08-25 00:00:00+09:00,1387.475410970052,1426.6696316189236,1387.475410970052,1410.991943359375,16974,0.0,0.0
2009-08-26 00:00:00+09:00,1379.6365668402777,1410.991943359375,1379.6365668402777,1410.991943359375,200,0.0,0.0
2009-08-27 00:00:00+09:00,1309.0870409333304,1410.9920201676616,1309.0870409333304,1395.3143310546875,944,0.0,0.0
2009-08-28 00:00:00+09:00,1418.8307641737954,1418.8307641737954,1403.153076171875,1403.153076171875,198,0.0,0.0
2009-08-31 00:00:00+09:00,1410.991943359375,1410.991943359375,1363.958878580729,1410.991943359375,3756,0.0,0.0
2009-09-01 00:00:00+09:00,1363.9589528287395,1442.3473983936096,1363.9589528287395,1395.3143310546875,938,0.0,0.0
2009-09-02 00:00:00+09:00,1379.6365668402777,1410.991943359375,1356.1200344509548,1410.991943359375,1282,0.0,0.0
2009-09-03 00:00:00+09:00,1371.7977227105034,1410.991943359375,1371.7977227105034,1410.991943359375,2300,0.0,0.0
2009-09-04 00:00:00+09:00,1379.6365966796875,1410.9919738769531,1363.9589080810547,1379.6365966796875,6526,0.0,0.0
2009-09-07 00:00:00+09:00,1379.6366419417136,1410.9920201676616,1379.6366419417136,1395.3143310546875,1390,0.0,0.0
2009-09-08 00:00:00+09:00,1403.1531295776367,1403.1531295776367,1363.9589080810547,1379.6365966796875,1016,0.0,0.0
2009-09-09 00:00:00+09:00,1410.9919265220906,1410.9919265220906,1363.9588623046875,1363.9588623046875,65332,0.0,0.0
2009-09-10 00:00:00+09:00,1403.1531756111744,1403.1531756111744,1363.9589528287395,1395.3143310546875,1496,0.0,0.0
2009-09-11 00:00:00+09:00,1395.3142852783203,1410.9919738769531,1363.9589080810547,1379.6365966796875,41314,0.0,0.0
2009-09-14 00:00:00+09:00,1363.9589528287395,1395.3143310546875,1363.9589528287395,1395.3143310546875,3484,0.0,0.0
2009-09-15 00:00:00+09:00,1363.9590066964286,1387.4755412946429,1356.1201618303571,1371.7978515625,1180,0.0,0.0
2009-09-16 00:00:00+09:00,1395.3142852783203,1395.3142852783203,1363.9589080810547,1379.6365966796875,3690,0.0,0.0
2009-09-17 00:00:00+09:00,1254.2151785714286,1379.6366964285714,1254.2151785714286,1371.7978515625,5492,0.0,0.0
2009-09-18 00:00:00+09:00,1371.7976829220106,1379.636526824422,1348.2811512147762,1356.1199951171875,22860,0.0,0.0
2009-09-21 00:00:00+09:00,1356.1200715003656,1371.797760188231,1332.6035384685672,1340.4423828125,9014,0.0,0.0
2009-09-22 00:00:00+09:00,1332.6034861597523,1363.9588623046875,1332.6034861597523,1363.9588623046875,1384,0.0,0.0
2009-09-23 00:00:00+09:00,1340.442330195986,1395.314238449623,1340.442330195986,1363.9588623046875,10218,0.0,0.0
2009-09-24 00:00:00+09:00,1363.958839019599,1363.958839019599,1340.4423073123646,1356.1199951171875,622,0.0,0.0
2009-09-25 00:00:00+09:00,1363.958839019599,1363.958839019599,1340.4423073123646,1356.1199951171875,1026,0.0,0.0
2009-09-28 00:00:00+09:00,1348.28125,1348.28125,1332.6035610465115,1348.28125,15770,0.0,0.0
2009-09-29 00:00:00+09:00,1332.6035610465115,1348.28125,1332.6035610465115,1348.28125,34980,0.0,0.0
2009-09-30 00:00:00+09:00,1363.958839019599,1410.991902434068,1348.2811512147762,1356.1199951171875,4074,0.0,0.0
2009-10-01 00:00:00+09:00,1316.9258720930231,1363.9589389534883,1293.4093386627906,1348.28125,5956,0.0,0.0
2009-10-05 00:00:00+09:00,1316.9258043639054,1379.6365569526627,1309.0869602903106,1324.7646484375,12834,0.0,0.0
2009-10-06 00:00:00+09:00,1324.7647479829334,1324.7647479829334,1128.7936314174108,1316.9259033203125,44218,0.0,0.0
2009-10-07 00:00:00+09:00,1309.0869193371432,1356.1199823073398,1246.376168710214,1269.8927001953125,5038,0.0,0.0
2009-10-08 00:00:00+09:00,1269.892799519604,1269.892799519604,1254.215110636646,1262.053955078125,1598,0.0,0.0
2009-10-09 00:00:00+09:00,1262.0539022306118,1285.5704345703125,1254.215058117378,1285.5704345703125,21168,0.0,0.0
2009-10-12 00:00:00+09:00,1230.6984810534818,1293.4092316804108,1222.8596372251156,1269.8927001953125,4886,0.0,0.0
2009-10-13 00:00:00+09:00,1277.7316207885742,1277.7316207885742,1254.215087890625,1254.215087890625,17326,0.0,0.0
2009-10-14 00:00:00+09:00,1269.892799519604,1269.892799519604,1246.3762661951669,1262.053955078125,5718,0.0,0.0
2009-10-15 00:00:00+09:00,1262.0538794394652,1277.7315673828125,1262.0538794394652,1277.7315673828125,180,0.0,0.0
2009-10-16 00:00:00+09:00,1269.8927001953125,1277.7315440236787,1254.2150125385801,1269.8927001953125,4700,0.0,0.0
2009-10-19 00:00:00+09:00,1269.8927001953125,1277.7315440236787,1269.8927001953125,1269.8927001953125,1074,0.0,0.0
2009-10-20 00:00:00+09:00,1277.7315673828125,1285.5704113544862,1269.8927234111388,1277.7315673828125,1238,0.0,0.0
2009-10-21 00:00:00+09:00,1262.0540438565342,1301.2482688210227,1262.0540438565342,1293.409423828125,862,0.0,0.0
2009-10-22 00:00:00+09:00,1285.5704650878906,1301.2481536865234,1254.215087890625,1254.215087890625,62478,0.0,0.0
2009-10-23 00:00:00+09:00,1277.7315673828125,1316.925787241181,1277.7315673828125,1277.7315673828125,14658,0.0,0.0
2009-10-26 00:00:00+09:00,1301.2481387867647,1332.603515625,1285.570450367647,1332.603515625,32512,0.0,0.0
2009-10-27 00:00:00+09:00,1309.0869602903106,1332.6034925110946,1301.248116216716,1324.7646484375,25566,0.0,0.0
2009-10-28 00:00:00+09:00,1254.215051775148,1332.6034925110946,1254.215051775148,1324.7646484375,10398,0.0,0.0
2009-10-29 00:00:00+09:00,1293.4092721431214,1379.6365569526627,1277.731583995932,1324.7646484375,54340,0.0,0.0
2009-10-30 00:00:00+09:00,1348.2812637157654,1395.3143310546875,1324.7647300463045,1395.3143310546875,61608,0.0,0.0
2009-11-02 00:00:00+09:00,1395.3142550998264,1426.6696316189236,1363.958878580729,1410.991943359375,82472,0.0,0.0
2009-11-03 00:00:00+09:00,1434.508475748698,1434.508475748698,1387.475410970052,1410.991943359375,26144,0.0,0.0
2009-11-04 00:00:00+09:00,1418.830833351219,1426.669677734375,1403.1531445849073,1426.669677734375,4414,0.0,0.0
2009-11-05 00:00:00+09:00,1410.991943359375,1434.508475748698,1403.1530992296007,1410.991943359375,10432,0.0,0.0
2009-11-06 00:00:00+09:00,1426.669677734375,1426.669677734375,1403.1531445849073,1426.669677734375,21264,0.0,0.0
2009-11-09 00:00:00+09:00,1426.669677734375,1442.3473665006868,1403.1531445849073,1426.669677734375,7102,0.0,0.0
2009-11-10 00:00:00+09:00,1426.6696316189236,1426.6696316189236,1410.991943359375,1410.991943359375,12296,0.0,0.0
2009-11-11 00:00:00+09:00,1395.3142321709147,1403.153076171875,1379.6365441689943,1403.153076171875,3806,0.0,0.0
2009-11-12 00:00:00+09:00,1410.991920172835,1410.991920172835,1387.4753881699546,1403.153076171875,3784,0.0,0.0
2009-11-13 00:00:00+09:00,1387.4753822658372,1442.3472900390625,1371.79769433063,1442.3472900390625,5340,0.0,0.0
2009-11-16 00:00:00+09:00,1426.669677734375,1505.058121565934,1403.1531445849073,1426.669677734375,30634,0.0,0.0
2009-11-17 00:00:00+09:00,1458.0250318327003,1458.0250318327003,1403.1531220325448,1418.830810546875,1692,0.0,0.0
2009-11-18 00:00:00+09:00,1410.991943359375,1426.6696316189236,1387.475410970052,1410.991943359375,5204,0.0,0.0
2009-11-19 00:00:00+09:00,1481.5415405273438,1481.5415405273438,1395.3142550998264,1410.991943359375,2162,0.0,0.0
2009-11-20 00:00:00+09:00,1489.3803846571182,1489.3803846571182,1395.3142550998264,1410.991943359375,4846,0.0,0.0
2009-11-23 00:00:00+09:00,1410.991943359375,1458.025008138021,1387.475410970052,1410.991943359375,33538,0.0,0.0
2009-11-24 00:00:00+09:00,1410.991920172835,1442.3472961766759,1395.3142321709147,1403.153076171875,2390,0.0,0.0
2009-11-25 00:00:00+09:00,1458.0249841785962,1458.0249841785962,1387.4753881699546,1403.153076171875,3100,0.0,0.0
2009-11-26 00:00:00+09:00,1575.6076700846354,1575.6076700846354,1403.1530992296007,1410.991943359375,6796,0.0,0.0
2009-11-27 00:00:00+09:00,1410.991943359375,1426.6696316189236,1379.6365668402777,1410.991943359375,740,0.0,0.0
2009-11-30 00:00:00+09:00,1395.3142777753799,1418.830810546875,1379.6365892610497,1418.830810546875,1718,0.0,0.0
2009-12-01 00:00:00+09:00,1395.3143002017514,1426.669677734375,1395.3143002017514,1426.669677734375,66,0.0,0.0
2009-12-02 00:00:00+09:00,1434.5085538371225,1434.5085538371225,1332.6035746027915,1395.3143310546875,33980,0.0,0.0
2009-12-03 00:00:00+09:00,1395.3142550998264,1410.991943359375,1379.6365668402777,1410.991943359375,4400,0.0,0.0
2009-12-04 00:00:00+09:00,1403.1531756111744,1410.9920201676616,1395.3143310546875,1395.3143310546875,3624,0.0,0.0
2009-12-07 00:00:00+09:00,1395.3142321709147,1403.153076171875,1395.3142321709147,1403.153076171875,1800,0.0,0.0
2009-12-08 00:00:00+09:00,1403.1531756111744,1403.1531756111744,1395.3143310546875,1395.3143310546875,144,0.0,0.0
2009-12-09 00:00:00+09:00,1403.153076171875,1458.0249841785962,1379.6365441689943,1403.153076171875,6172,0.0,0.0
2009-12-10 00:00:00+09:00,1403.153076171875,1403.153076171875,1363.958856167074,1403.153076171875,2598,0.0,0.0
2009-12-11 00:00:00+09:00,1395.3142550998264,1418.8307874891493,1379.6365668402777,1410.991943359375,2676,0.0,0.0
2009-12-14 00:00:00+09:00,1426.6696081747555,1426.6696081747555,1387.4753881699546,1403.153076171875,680,0.0,0.0
2009-12-15 00:00:00+09:00,1410.991920172835,1410.991920172835,1387.4753881699546,1403.153076171875,1422,0.0,0.0
2009-12-16 00:00:00+09:00,1395.3143082958156,1426.6696860103284,1387.4754638671875,1387.4754638671875,2460,0.0,0.0
2009-12-17 00:00:00+09:00,1395.3143310546875,1395.3143310546875,1379.6366419417136,1395.3143310546875,1268,0.0,0.0
2009-12-18 00:00:00+09:00,1395.3142321709147,1403.153076171875,1379.6365441689943,1403.153076171875,20,0.0,0.0
2009-12-21 00:00:00+09:00,1410.9920201676616,1410.9920201676616,1379.6366419417136,1395.3143310546875,1830,0.0,0.0
2009-12-22 00:00:00+09:00,1410.991920172835,1410.991920172835,1379.6365441689943,1403.153076171875,1220,0.0,0.0
2009-12-23 00:00:00+09:00,1418.8308019301471,1426.669646139706,1324.7646714154412,1332.603515625,17298,0.0,0.0
2009-12-24 00:00:00+09:00,1332.6034861597523,1363.9588623046875,1324.7646421235183,1363.9588623046875,1496,0.0,0.0
2009-12-28 00:00:00+09:00,1348.2811742322199,1371.7977063409214,1254.215045797414,1363.9588623046875,3224,0.0,0.0
2009-12-29 00:00:00+09:00,1363.9589080810547,1379.6365966796875,1269.8927764892578,1379.6365966796875,618,0.0,0.0
2009-12-30 00:00:00+09:00,1379.6366194385594,1387.4754638671875,1340.4423972954185,1387.4754638671875,3270,0.0,0.0
2010-01-04 00:00:00+09:00,1387.4754864982006,1395.3143310546875,1371.7977973852264,1395.3143310546875,7074,0.0,0.0
2010-01-05 00:00:00+09:00,1387.4755412946429,1387.4755412946429,1356.1201618303571,1371.7978515625,636,0.0,0.0
2010-01-06 00:00:00+09:00,1379.6365503771553,1395.314238449623,1363.9588623046875,1363.9588623046875,6480,0.0,0.0
2010-01-07 00:00:00+09:00,1379.6366419417136,1395.3143310546875,1363.9589528287395,1395.3143310546875,3372,0.0,0.0
2010-01-08 00:00:00+09:00,1395.3143310546875,1410.9920201676616,1371.7977973852264,1395.3143310546875,12492,0.0,0.0
2010-01-11 00:00:00+09:00,1489.3804414393537,1489.3804414393537,1379.6366194385594,1387.4754638671875,4044,0.0,0.0
2010-01-12 00:00:00+09:00,1379.6365668402777,1426.6696316189236,1379.6365668402777,1410.991943359375,5724,0.0,0.0
2010-01-13 00:00:00+09:00,1410.9920201676616,1410.9920201676616,1395.3143310546875,1395.3143310546875,1416,0.0,0.0
2010-01-14 00:00:00+09:00,1410.991943359375,1410.991943359375,1395.3142550998264,1410.991943359375,876,0.0,0.0
2010-01-15 00:00:00+09:00,1363.9589528287395,1426.6697092806355,1363.9589528287395,1395.3143310546875,3352,0.0,0.0
2010-01-18 00:00:00+09:00,1363.9589528287395,1403.1531756111744,1363.9589528287395,1395.3143310546875,1252,0.0,0.0
2010-01-19 00:00:00+09:00,1403.1531295776367,1410.9919738769531,1348.2812194824219,1379.6365966796875,15980,0.0,0.0
2010-01-20 00:00:00+09:00,1387.475440979004,1395.3142852783203,1348.2812194824219,1379.6365966796875,3978,0.0,0.0
2010-01-21 00:00:00+09:00,1473.7026963975695,1473.7026963975695,1387.475410970052,1410.991943359375,17218,0.0,0.0
2010-01-22 00:00:00+09:00,1363.9589528287395,1410.9920201676616,1363.9589528287395,1395.3143310546875,2620,0.0,0.0
2010-01-25 00:00:00+09:00,1363.9589305813029,1387.4754638671875,1356.1200861526747,1387.4754638671875,1966,0.0,0.0
2010-01-26 00:00:00+09:00,1395.3143082958156,1395.3143082958156,1363.9589305813029,1387.4754638671875,6782,0.0,0.0
2010-01-27 00:00:00+09:00,1387.4755412946429,1387.4755412946429,1277.731713169643,1371.7978515625,3344,0.0,0.0
2010-01-28 00:00:00+09:00,1379.6366964285714,1395.3143861607143,1348.2813169642857,1371.7978515625,11566,0.0,0.0
2010-01-29 00:00:00+09:00,1348.2813169642857,1371.7978515625,1324.7647823660714,1371.7978515625,5002,0.0,0.0
2010-02-01 00:00:00+09:00,1403.1532310267858,1403.1532310267858,1356.1201618303571,1371.7978515625,3568,0.0,0.0
2010-02-02 00:00:00+09:00,1356.1201618303571,1379.6366964285714,1332.6036272321428,1371.7978515625,1556,0.0,0.0
2010-02-03 00:00:00+09:00,1371.7977063409214,1379.6365503771553,1301.2481100148168,1363.9588623046875,6956,0.0,0.0
2010-02-04 00:00:00+09:00,1371.7977834302326,1371.7977834302326,1316.9258720930231,1348.28125,6890,0.0,0.0
2010-02-05 00:00:00+09:00,1332.603515625,1332.603515625,1301.2481387867647,1332.603515625,2548,0.0,0.0
2010-02-08 00:00:00+09:00,1340.4423598345588,1348.2812040441177,1301.2481387867647,1332.603515625,1552,0.0,0.0
2010-02-09 00:00:00+09:00,1324.7646714154412,1332.603515625,1324.7646714154412,1332.603515625,150,0.0,0.0
2010-02-10 00:00:00+09:00,1332.603515625,1332.603515625,1285.570450367647,1332.603515625,800,0.0,0.0
2010-02-11 00:00:00+09:00,1316.9258272058823,1481.5415556066177,1254.2150735294117,1332.603515625,13004,0.0,0.0
2010-02-12 00:00:00+09:00,1473.7027366593568,1473.7027366593568,1301.2481610928362,1340.4423828125,3084,0.0,0.0
2010-02-16 00:00:00+09:00,1395.314214629245,1395.314214629245,1340.4423073123646,1356.1199951171875,1412,0.0,0.0
2010-02-17 00:00:00+09:00,1356.1200182684538,1395.314238449623,1348.2811742322199,1363.9588623046875,2806,0.0,0.0
2010-02-18 00:00:00+09:00,1363.9588623046875,1363.9588623046875,1356.1200182684538,1363.9588623046875,132,0.0,0.0
2010-02-19 00:00:00+09:00,1363.9589158442982,1363.9589158442982,1301.2481610928362,1340.4423828125,8698,0.0,0.0
2010-02-22 00:00:00+09:00,1356.120094476744,1426.6696947674418,1332.6035610465115,1348.28125,11634,0.0,0.0
2010-02-23 00:00:00+09:00,1348.2813169642857,1371.7978515625,1316.9259375,1371.7978515625,10146,0.0,0.0
2010-02-24 00:00:00+09:00,1356.120094476744,1363.9589389534883,1324.7647165697674,1348.28125,4322,0.0,0.0
2010-02-25 00:00:00+09:00,1324.7647479829334,1356.1201266334172,1316.9259033203125,1316.9259033203125,14040,0.0,0.0
2010-02-26 00:00:00+09:00,1316.9257631655091,1316.9257631655091,1254.2150125385801,1269.8927001953125,18860,0.0,0.0
2010-03-02 00:00:00+09:00,1269.8928353445872,1316.9259033203125,1269.8928353445872,1316.9259033203125,5474,0.0,0.0
2010-03-03 00:00:00+09:00,1309.0869829963235,1332.603515625,1293.4092945772059,1332.603515625,2468,0.0,0.0
2010-03-04 00:00:00+09:00,1348.2812040441177,1348.2812040441177,1293.4092945772059,1332.603515625,2884,0.0,0.0
2010-03-05 00:00:00+09:00,1348.2812587715193,1348.2812587715193,1285.5705025495884,1309.0870361328125,4248,0.0,0.0
2010-03-08 00:00:00+09:00,1309.0870586576916,1332.6035926455543,1309.0870586576916,1316.9259033203125,5574,0.0,0.0
2010-03-09 00:00:00+09:00,1324.7646941246346,1340.4423828125,1316.9258497807018,1340.4423828125,3902,0.0,0.0
2010-03-10 00:00:00+09:00,1332.6035384685672,1340.4423828125,1309.087005436769,1340.4423828125,1060,0.0,0.0
2010-03-11 00:00:00+09:00,1340.4423598345588,1348.2812040441177,1324.7646714154412,1332.603515625,4980,0.0,0.0
2010-03-12 00:00:00+09:00,1332.603515625,1332.603515625,1309.0869829963235,1332.603515625,5686,0.0,0.0
2010-03-15 00:00:00+09:00,1332.6034925110946,1340.4423365846892,1301.248116216716,1324.7646484375,9510,0.0,0.0
2010-03-16 00:00:00+09:00,1324.7646714154412,1332.603515625,1316.9258272058823,1332.603515625,2432,0.0,0.0
2010-03-17 00:00:00+09:00,1324.7646714154412,1332.603515625,1316.9258272058823,1332.603515625,1202,0.0,0.0
2010-03-18 00:00:00+09:00,1332.6034925110946,1332.6034925110946,1309.0869602903106,1324.7646484375,11572,0.0,0.0
2010-03-19 00:00:00+09:00,1316.9258806605537,1324.7647251882952,1301.248191605071,1309.0870361328125,18060,0.0,0.0
2010-03-22 00:00:00+09:00,1301.248191605071,1316.9258806605537,1301.248191605071,1309.0870361328125,2946,0.0,0.0
2010-03-23 00:00:00+09:00,1316.9258043639054,1324.7646484375,1309.0869602903106,1324.7646484375,3210,0.0,0.0
2010-03-24 00:00:00+09:00,1301.2482139950707,1316.9259033203125,1301.2482139950707,1316.9259033203125,16038,0.0,0.0
2010-03-25 00:00:00+09:00,1316.9258806605537,1316.9258806605537,1301.248191605071,1309.0870361328125,18562,0.0,0.0
2010-03-26 00:00:00+09:00,1316.9259033203125,1324.7647479829334,1301.2482139950707,1316.9259033203125,9118,0.0,0.0
2010-03-29 00:00:00+09:00,1301.2482139950707,1324.7647479829334,1285.570524669829,1316.9259033203125,10006,0.0,0.0
2010-03-30 00:00:00+09:00,1358.079821632022,1382.4764651343937,1358.079821632022,1366.2120361328125,7494,50.0,0.0
2010-03-31 00:00:00+09:00,1382.4764651343937,1398.7408941359747,1366.2120361328125,1366.2120361328125,3392,0.0,0.0
2010-04-01 00:00:00+09:00,1382.4764404296875,1390.6086547851562,1366.21201171875,1382.4764404296875,892,0.0,0.0
2010-04-02 00:00:00+09:00,1382.4764527089496,1382.4764527089496,1366.2120238535504,1374.34423828125,454,0.0,0.0
2010-04-05 00:00:00+09:00,1447.5341681305474,1447.5341681305474,1333.6831661427516,1374.34423828125,6050,0.0,0.0
2010-04-06 00:00:00+09:00,1374.3442631338885,1374.3442631338885,1349.9476194096183,1358.079833984375,3572,0.0,0.0
2010-04-07 00:00:00+09:00,1349.9476194096183,1366.2120485591317,1333.6831902601048,1358.079833984375,19026,0.0,0.0
2010-04-08 00:00:00+09:00,1349.9476194096183,1358.079833984375,1341.8154048348615,1358.079833984375,3864,0.0,0.0
2010-04-09 00:00:00+09:00,1366.2120611351656,1366.2120611351656,1333.6832025367094,1349.9476318359375,11100,0.0,0.0
2010-04-12 00:00:00+09:00,1366.2120485591317,1366.2120485591317,1325.550975685348,1358.079833984375,23060,0.0,0.0
2010-04-13 00:00:00+09:00,1349.9476444128788,1349.9476444128788,1333.6832149621212,1341.8154296875,9892,0.0,0.0
2010-04-14 00:00:00+09:00,1349.9476071312315,1366.2120361328125,1349.9476071312315,1366.2120361328125,974,0.0,0.0
2010-04-15 00:00:00+09:00,1382.4764777086452,1382.4764777086452,1325.550975685348,1358.079833984375,14528,0.0,0.0
2010-04-16 00:00:00+09:00,1349.9476194096183,1358.079833984375,1341.8154048348615,1358.079833984375,6586,0.0,0.0
2010-04-19 00:00:00+09:00,1358.079821632022,1366.2120361328125,1349.9476071312315,1366.2120361328125,6892,0.0,0.0
2010-04-20 00:00:00+09:00,1358.0798591382575,1366.2120738636363,1341.8154296875,1341.8154296875,10152,0.0,0.0
2010-04-21 00:00:00+09:00,1358.0798591382575,1358.0798591382575,1333.6832149621212,1341.8154296875,15432,0.0,0.0
2010-04-22 00:00:00+09:00,1341.8154171863234,1349.9476318359375,1333.6832025367094,1349.9476318359375,5782,0.0,0.0
2010-04-23 00:00:00+09:00,1333.6832149621212,1349.9476444128788,1333.6832149621212,1341.8154296875,11846,0.0,0.0
2010-04-26 00:00:00+09:00,1341.8154296875,1341.8154296875,1333.6832149621212,1341.8154296875,2544,0.0,0.0
2010-04-27 00:00:00+09:00,1333.68310546875,1349.9475335842226,1325.5508914110137,1333.68310546875,42278,0.0,0.0
2010-04-28 00:00:00+09:00,1333.68310546875,1341.8153195264863,1325.5508914110137,1333.68310546875,1582,0.0,0.0
2010-04-29 00:00:00+09:00,1325.5509033203125,1333.683117451112,1317.418689189513,1325.5509033203125,9992,0.0,0.0
2010-04-30 00:00:00+09:00,1341.815343786169,1341.815343786169,1301.1542727623457,1317.418701171875,9682,0.0,0.0
2010-05-03 00:00:00+09:00,1325.5509524555328,1325.5509524555328,1293.0220947265625,1293.0220947265625,21556,0.0,0.0
2010-05-04 00:00:00+09:00,1301.154309158805,1301.154309158805,1284.88988029432,1293.0220947265625,14420,0.0,0.0
2010-05-06 00:00:00+09:00,1301.154309158805,1301.154309158805,1284.88988029432,1293.0220947265625,6160,0.0,0.0
2010-05-07 00:00:00+09:00,1276.7576658620774,1309.2865235910476,1276.7576658620774,1293.0220947265625,59582,0.0,0.0
2010-05-10 00:00:00+09:00,1293.022119607136,1301.15433419586,1260.4932612522393,1276.7576904296875,26600,0.0,0.0
2010-05-11 00:00:00+09:00,1284.8899303805445,1284.8899303805445,1260.4932861328125,1260.4932861328125,26670,0.0,0.0
2010-05-12 00:00:00+09:00,1268.6255008820565,1268.6255008820565,1252.3610713835685,1260.4932861328125,25552,0.0,0.0
2010-05-13 00:00:00+09:00,1301.1542461444806,1349.9475303748984,1252.3609619140625,1252.3609619140625,44618,0.0,0.0
2010-05-14 00:00:00+09:00,1260.4931759524654,1382.4763865285106,1211.6998917220474,1252.3609619140625,34438,0.0,0.0
2010-05-17 00:00:00+09:00,1252.3609619140625,1260.4931759524654,1244.2287478756596,1252.3609619140625,5736,0.0,0.0
2010-05-18 00:00:00+09:00,1252.3609619140625,1260.4931759524654,1236.0965338372564,1252.3609619140625,9792,0.0,0.0
2010-05-19 00:00:00+09:00,1252.3609619140625,1268.6253899908684,1236.0965338372564,1252.3609619140625,20750,0.0,0.0
2010-05-20 00:00:00+09:00,1252.3609619140625,1252.3609619140625,1236.0965338372564,1252.3609619140625,4340,0.0,0.0
2010-05-24 00:00:00+09:00,1244.2288566343245,1301.1543598790322,1154.7744943926411,1260.4932861328125,13194,0.0,0.0
2010-05-25 00:00:00+09:00,1187.3033199825802,1203.5677490234375,1187.3033199825802,1203.5677490234375,17096,0.0,0.0
2010-05-26 00:00:00+09:00,1293.0221451297882,1293.0221451297882,1195.4355681388608,1260.4932861328125,592,0.0,0.0
2010-05-27 00:00:00+09:00,1203.567689185049,1252.3609738817402,1203.567689185049,1244.228759765625,5146,0.0,0.0
2010-05-28 00:00:00+09:00,1236.0965576171875,1244.2287718120374,1219.8321292274877,1236.0965576171875,6186,0.0,0.0
2010-05-31 00:00:00+09:00,1203.5677126448675,1236.0965697433774,1179.171069820985,1227.96435546875,4798,0.0,0.0
2010-06-01 00:00:00+09:00,1236.0966055181962,1284.889892578125,1203.5677474782437,1284.889892578125,614,0.0,0.0
2010-06-03 00:00:00+09:00,1203.5676913583206,1325.5509033203125,1203.5676913583206,1325.5509033203125,3780,0.0,0.0
2010-06-04 00:00:00+09:00,1317.418701171875,1317.418701171875,1219.8321307146991,1317.418701171875,3522,0.0,0.0
2010-06-07 00:00:00+09:00,1309.2865361080894,1317.4187506180776,1236.0966055181962,1284.889892578125,6634,0.0,0.0
2010-06-08 00:00:00+09:00,1301.1542847437888,1309.2864990234375,1236.0965705065994,1309.2864990234375,1964,0.0,0.0
2010-06-09 00:00:00+09:00,1317.4187133030862,1317.4187133030862,1236.0965705065994,1309.2864990234375,6686,0.0,0.0
2010-06-10 00:00:00+09:00,1268.625415943287,1317.418701171875,1268.625415943287,1317.418701171875,13394,0.0,0.0
2010-06-11 00:00:00+09:00,1284.8898561844915,1317.4187133030862,1284.8898561844915,1309.2864990234375,18406,0.0,0.0
2010-06-14 00:00:00+09:00,1293.0220704641401,1317.4187133030862,1284.8898561844915,1309.2864990234375,5418,0.0,0.0
2010-06-15 00:00:00+09:00,1309.2864869671105,1317.418701171875,1301.1542727623457,1317.418701171875,1472,0.0,0.0
2010-06-16 00:00:00+09:00,1317.418689189513,1325.5509033203125,1301.154260927914,1325.5509033203125,656,0.0,0.0
2010-06-17 00:00:00+09:00,1325.5509153766398,1325.5509153766398,1309.2864869671105,1317.418701171875,1764,0.0,0.0
2010-06-18 00:00:00+09:00,1325.5509275827349,1325.5509275827349,1260.4932133455454,1309.2864990234375,2298,0.0,0.0
2010-06-21 00:00:00+09:00,1317.4187133030862,1317.4187133030862,1301.1542847437888,1309.2864990234375,1926,0.0,0.0
2010-06-22 00:00:00+09:00,1301.1542727623457,1317.418701171875,1293.022058557581,1317.418701171875,3562,0.0,0.0
2010-06-23 00:00:00+09:00,1268.625415943287,1317.418701171875,1244.2287733289932,1317.418701171875,286,0.0,0.0
2010-06-24 00:00:00+09:00,1301.1542847437888,1317.4187133030862,1301.1542847437888,1309.2864990234375,1666,0.0,0.0
2010-06-25 00:00:00+09:00,1309.2864869671105,1317.418701171875,1301.1542727623457,1317.418701171875,62,0.0,0.0
2010-06-28 00:00:00+09:00,1317.418701171875,1325.5509153766398,1301.1542727623457,1317.418701171875,1406,0.0,0.0
2010-06-29 00:00:00+09:00,1317.418701171875,1317.418701171875,1309.2864869671105,1317.418701171875,454,0.0,0.0
2010-06-30 00:00:00+09:00,1317.418701171875,1317.418701171875,1276.7576301480517,1317.418701171875,3590,0.0,0.0
2010-07-01 00:00:00+09:00,1325.5509153766398,1325.5509153766398,1293.022058557581,1317.418701171875,2180,0.0,0.0
2010-07-02 00:00:00+09:00,1301.1542727623457,1317.418701171875,1301.1542727623457,1317.418701171875,462,0.0,0.0
2010-07-05 00:00:00+09:00,1317.4187380232902,1317.4187380232902,1268.625451429835,1293.0220947265625,1052,0.0,0.0
2010-07-06 00:00:00+09:00,1309.2864990234375,1309.2864990234375,1268.625427625194,1309.2864990234375,524,0.0,0.0
2010-07-07 00:00:00+09:00,1301.1542847437888,1317.4187133030862,1301.1542847437888,1309.2864990234375,3970,0.0,0.0
2010-07-08 00:00:00+09:00,1317.4186773532774,1333.68310546875,1309.2864632955411,1333.68310546875,2382,0.0,0.0
2010-07-09 00:00:00+09:00,1349.9475335842226,1349.9475335842226,1309.2864632955411,1333.68310546875,2348,0.0,0.0
2010-07-12 00:00:00+09:00,1333.6831295814043,1333.6831295814043,1301.1542727623457,1317.418701171875,2640,0.0,0.0
2010-07-13 00:00:00+09:00,1317.418701171875,1317.418701171875,1284.8898443528165,1317.418701171875,10184,0.0,0.0
2010-07-14 00:00:00+09:00,1463.798536217731,1512.591820758322,1301.154254415761,1496.327392578125,213046,0.0,0.0
2010-07-15 00:00:00+09:00,1488.195262888536,1577.6496229528743,1333.68318641377,1520.72412109375,165254,0.0,0.0
2010-07-16 00:00:00+09:00,1585.781839661679,1748.4261309090307,1431.269762976695,1439.4019775390625,456424,0.0,0.0
2010-07-19 00:00:00+09:00,1463.798611797864,1463.798611797864,1276.7576780681368,1284.889892578125,118070,0.0,0.0
2010-07-20 00:00:00+09:00,1301.1543469551282,1366.2120643028848,1236.0966296073718,1268.62548828125,91946,0.0,0.0
2010-07-21 00:00:00+09:00,1301.1543215981012,1301.1543215981012,1268.6254635581488,1284.889892578125,5872,0.0,0.0
2010-07-22 00:00:00+09:00,1268.6254635581488,1293.0221070881132,1252.3610345381726,1284.889892578125,14428,0.0,0.0
2010-07-23 00:00:00+09:00,1284.8899050184116,1301.15433419586,1219.8321883086187,1276.7576904296875,22986,0.0,0.0
2010-07-26 00:00:00+09:00,1284.889892578125,1301.1543215981012,1244.2288200281844,1284.889892578125,22688,0.0,0.0
2010-07-27 00:00:00+09:00,1284.8898561844915,1309.2864990234375,1260.4932133455454,1309.2864990234375,17202,0.0,0.0
2010-07-28 00:00:00+09:00,1301.1542727623457,1366.211986400463,1293.022058557581,1317.418701171875,8860,0.0,0.0
2010-07-29 00:00:00+09:00,1276.7576419048428,1309.2864990234375,1276.7576419048428,1309.2864990234375,11190,0.0,0.0
2010-07-30 00:00:00+09:00,1309.2865112304687,1325.5509399414063,1284.8898681640626,1301.154296875,14570,0.0,0.0
2010-08-02 00:00:00+09:00,1309.2865112304687,1309.2865112304687,1293.0220825195313,1301.154296875,9076,0.0,0.0
2010-08-03 00:00:00+09:00,1317.4187255859374,1317.4187255859374,1268.625439453125,1301.154296875,5126,0.0,0.0
2010-08-04 00:00:00+09:00,1293.0220947265625,1309.2865235910476,1293.0220947265625,1293.0220947265625,1728,0.0,0.0
2010-08-05 00:00:00+09:00,1293.0220704641401,1317.4187133030862,1293.0220704641401,1309.2864990234375,448,0.0,0.0
2010-08-06 00:00:00+09:00,1317.4187380232902,1317.4187380232902,1284.88988029432,1293.0220947265625,10980,0.0,0.0
2010-08-09 00:00:00+09:00,1284.8898681640626,1301.154296875,1276.7576538085937,1301.154296875,14376,0.0,0.0
2010-08-10 00:00:00+09:00,1293.0221070881132,1317.4187506180776,1276.7576780681368,1284.889892578125,10632,0.0,0.0
2010-08-11 00:00:00+09:00,1301.154309158805,1301.154309158805,1276.7576658620774,1293.0220947265625,3554,0.0,0.0
2010-08-12 00:00:00+09:00,1301.154296875,1301.154296875,1284.8898681640626,1301.154296875,3952,0.0,0.0
2010-08-13 00:00:00+09:00,1301.1542847437888,1309.2864990234375,1276.7576419048428,1309.2864990234375,3868,0.0,0.0
2010-08-16 00:00:00+09:00,1284.8898681640626,1301.154296875,1284.8898681640626,1301.154296875,662,0.0,0.0
2010-08-17 00:00:00+09:00,1293.022058557581,1325.5509153766398,1293.022058557581,1317.418701171875,12822,0.0,0.0
2010-08-18 00:00:00+09:00,1309.2865112304687,1309.2865112304687,1284.8898681640626,1301.154296875,13428,0.0,0.0
2010-08-19 00:00:00+09:00,1301.1543215981012,1341.8153941480418,1276.7576780681368,1284.889892578125,6444,0.0,0.0
2010-08-20 00:00:00+09:00,1284.8899050184116,1293.022119607136,1244.2288320747912,1276.7576904296875,12150,0.0,0.0
2010-08-23 00:00:00+09:00,1252.3610466635153,1276.7576904296875,1252.3610466635153,1276.7576904296875,1828,0.0,0.0
2010-08-24 00:00:00+09:00,1293.0221070881132,1293.0221070881132,1252.3610345381726,1284.889892578125,1370,0.0,0.0
2010-08-25 00:00:00+09:00,1284.889892578125,1284.889892578125,1260.4932490481606,1284.889892578125,1904,0.0,0.0
2010-08-26 00:00:00+09:00,1284.889892578125,1284.889892578125,1260.4932490481606,1284.889892578125,1208,0.0,0.0
2010-08-27 00:00:00+09:00,1284.889892578125,1317.4187506180776,1252.3610345381726,1284.889892578125,3636,0.0,0.0
2010-08-30 00:00:00+09:00,1284.8899050184116,1284.8899050184116,1268.6254758409634,1276.7576904296875,4990,0.0,0.0
2010-08-31 00:00:00+09:00,1284.8899050184116,1284.8899050184116,1276.7576904296875,1276.7576904296875,308,0.0,0.0
2010-09-01 00:00:00+09:00,1284.889892578125,1284.889892578125,1260.4932490481606,1284.889892578125,786,0.0,0.0
2010-09-02 00:00:00+09:00,1455.66632678462,1455.66632678462,1154.7744044883577,1244.228759765625,34350,0.0,0.0
2010-09-03 00:00:00+09:00,1268.6253899908684,1268.6253899908684,1203.5676776836444,1252.3609619140625,8134,0.0,0.0
2010-09-06 00:00:00+09:00,1252.361058944311,1268.62548828125,1219.8322002704326,1268.62548828125,808,0.0,0.0
2010-09-07 00:00:00+09:00,1268.6255008820565,1268.6255008820565,1252.3610713835685,1260.4932861328125,612,0.0,0.0
2010-09-08 00:00:00+09:00,1260.4931759524654,1260.4931759524654,1236.0965338372564,1252.3609619140625,1476,0.0,0.0
2010-09-09 00:00:00+09:00,1236.0965338372564,1260.4931759524654,1236.0965338372564,1252.3609619140625,16118,0.0,0.0
2010-09-10 00:00:00+09:00,1260.4932736127805,1268.62548828125,1260.4932736127805,1268.62548828125,3960,0.0,0.0
2010-09-13 00:00:00+09:00,1236.0966418850805,1260.4932861328125,1236.0966418850805,1260.4932861328125,388,0.0,0.0
2010-09-14 00:00:00+09:00,1268.6255008820565,1268.6255008820565,1252.3610713835685,1260.4932861328125,788,0.0,0.0
2010-09-15 00:00:00+09:00,1268.6255008820565,1268.6255008820565,1211.6999976373488,1260.4932861328125,31070,0.0,0.0
2010-09-16 00:00:00+09:00,1268.6253899908684,1366.2119584517045,1252.3609619140625,1252.3609619140625,21192,0.0,0.0
2010-09-17 00:00:00+09:00,1366.2120643028848,1366.2120643028848,1244.2288442758413,1268.62548828125,4590,0.0,0.0
2010-09-20 00:00:00+09:00,1276.7576040292715,1276.7576040292715,1252.3609619140625,1252.3609619140625,1106,0.0,0.0
2010-09-24 00:00:00+09:00,1268.6254635581488,1284.889892578125,1252.3610345381726,1284.889892578125,9074,0.0,0.0
2010-09-27 00:00:00+09:00,1268.625451429835,1301.154309158805,1268.625451429835,1293.0220947265625,6526,0.0,0.0
2010-09-28 00:00:00+09:00,1293.0220704641401,1333.6831418623835,1268.625427625194,1309.2864990234375,5132,0.0,0.0
2010-09-29 00:00:00+09:00,1317.4187255859374,1317.4187255859374,1268.625439453125,1301.154296875,13294,0.0,0.0
2010-09-30 00:00:00+09:00,1309.2864990234375,1317.4187133030862,1301.1542847437888,1309.2864990234375,216,0.0,0.0
2010-10-01 00:00:00+09:00,1301.1542727623457,1317.418701171875,1284.8898443528165,1317.418701171875,1814,0.0,0.0
2010-10-04 00:00:00+09:00,1317.418689189513,1325.5509033203125,1284.8898326663152,1325.5509033203125,3460,0.0,0.0
2010-10-05 00:00:00+09:00,1317.418701171875,1317.418701171875,1284.8898443528165,1317.418701171875,30972,0.0,0.0
2010-10-06 00:00:00+09:00,1289.7691130137928,1382.4764022359088,1289.7691130137928,1325.5509033203125,3980,0.0,0.0
2010-10-07 00:00:00+09:00,1341.815343786169,1341.815343786169,1301.1542727623457,1317.418701171875,996,0.0,0.0
2010-10-08 00:00:00+09:00,1293.022058557581,1325.5509153766398,1293.022058557581,1317.418701171875,2256,0.0,0.0
2010-10-11 00:00:00+09:00,1317.4187133030862,1317.4187133030862,1284.8898561844915,1309.2864990234375,4226,0.0,0.0
2010-10-12 00:00:00+09:00,1317.418703237129,1325.550917454642,1301.1542748021027,1315.792236328125,7674,0.0,0.0
2010-10-13 00:00:00+09:00,1325.5509053707394,1325.5509053707394,1284.8898346538456,1323.9244384765625,4342,0.0,0.0
2010-10-14 00:00:00+09:00,1323.9244463998511,1323.9244463998511,1284.8898423435237,1319.045166015625,8500,0.0,0.0
2010-10-15 00:00:00+09:00,1301.1542947847672,1315.792256535594,1301.1542947847672,1302.78076171875,6060,0.0,0.0
2010-10-18 00:00:00+09:00,1302.7807638115955,1302.7807638115955,1288.1428020372534,1301.154296875,108,0.0,0.0
2010-10-19 00:00:00+09:00,1299.5278137081884,1317.4187091322763,1293.0220663705675,1312.5394287109375,1086,0.0,0.0
2010-10-20 00:00:00+09:00,1301.1542847437888,1309.2864990234375,1301.1542847437888,1309.2864990234375,182,0.0,0.0
2010-10-21 00:00:00+09:00,1309.2864869671105,1317.418701171875,1302.7807396688,1317.418701171875,1164,0.0,0.0
2010-10-22 00:00:00+09:00,1317.4187179689554,1387.355712890625,1299.527822424863,1387.355712890625,14002,0.0,0.0
2010-10-25 00:00:00+09:00,1374.3442779779834,1382.476492640575,1325.5509900024338,1348.3211669921875,7988,0.0,0.0
2010-10-26 00:00:00+09:00,1358.0797847013296,1358.0797847013296,1304.4072185866514,1309.2864990234375,4570,0.0,0.0
2010-10-27 00:00:00+09:00,1309.2864750587137,1325.5509033203125,1309.2864750587137,1325.5509033203125,1548,0.0,0.0
2010-10-28 00:00:00+09:00,1323.9244384765625,1323.9244384765625,1304.4071967289567,1323.9244384765625,2428,0.0,0.0
2010-10-29 00:00:00+09:00,1333.6831295814043,1333.6831295814043,1296.2749923704896,1317.418701171875,14346,0.0,0.0
2010-11-01 00:00:00+09:00,1317.418703237129,1317.418703237129,1301.1542748021027,1315.792236328125,8240,0.0,0.0
2010-11-02 00:00:00+09:00,1323.924470877999,1323.924470877999,1138.5100079366714,1302.78076171875,13986,0.0,0.0
2010-11-03 00:00:00+09:00,1284.8898366462654,1323.9244405295115,1284.8898366462654,1322.2979736328125,19456,0.0,0.0
2010-11-04 00:00:00+09:00,1325.5509053707394,1325.5509053707394,1307.660010189805,1323.9244384765625,6098,0.0,0.0
2010-11-05 00:00:00+09:00,1322.2979815637311,1322.2979815637311,1284.8898443528165,1317.418701171875,4288,0.0,0.0
2010-11-08 00:00:00+09:00,1297.9014211131075,1315.7923175616745,1171.0389196187487,1184.0504150390625,41112,0.0,0.0
2010-11-09 00:00:00+09:00,1263.7462033278437,1284.8899132631948,1236.0966254177572,1271.87841796875,26994,0.0,0.0
2010-11-10 00:00:00+09:00,1236.0965535065625,1271.878343975913,1236.0965535065625,1239.3494873046875,38786,0.0,0.0
2010-11-11 00:00:00+09:00,1270.2519428242108,1276.7576904296875,1265.3725418744689,1276.7576904296875,7032,0.0,0.0
2010-11-12 00:00:00+09:00,1293.0221092280133,1293.0221092280133,1236.096607563887,1283.263427734375,19796,0.0,0.0
2010-11-15 00:00:00+09:00,1283.263354245284,1349.9475335842226,1278.3840739416441,1333.68310546875,16396,0.0,0.0
2010-11-16 00:00:00+09:00,1366.2119782061557,1366.2119782061557,1284.8898366462654,1322.2979736328125,3344,0.0,0.0
2010-11-17 00:00:00+09:00,1284.8898483863222,1317.418705307495,1284.8898483863222,1314.165771484375,29070,0.0,0.0
2010-11-18 00:00:00+09:00,1349.947531528635,1463.7985281635802,1309.286461301869,1335.3095703125,33988,0.0,0.0
2010-11-19 00:00:00+09:00,1219.8321326269713,1345.0682797076763,1219.8321326269713,1315.792236328125,24732,0.0,0.0
2010-11-22 00:00:00+09:00,1317.4187133030862,1317.4187133030862,1219.832141947302,1309.2864990234375,21336,0.0,0.0
2010-11-23 00:00:00+09:00,1309.286566084098,1309.286566084098,1265.37255859375,1265.37255859375,8484,0.0,0.0
2010-11-24 00:00:00+09:00,1325.5509579226568,1325.5509579226568,1208.447021484375,1208.447021484375,15328,0.0,0.0
2010-11-25 00:00:00+09:00,1211.6999814950382,1284.8899132631948,1211.6999814950382,1271.87841796875,23026,0.0,0.0
2010-11-26 00:00:00+09:00,1284.889892578125,1288.1428265131246,1263.7461829831602,1284.889892578125,11106,0.0,0.0
2010-11-29 00:00:00+09:00,1301.1542847437888,1379.223493697413,1301.1542847437888,1309.2864990234375,32012,0.0,0.0
2010-11-30 00:00:00+09:00,1325.5509356878674,1325.5509356878674,1158.0273686337785,1304.4072265625,33120,0.0,0.0
2010-12-01 00:00:00+09:00,1273.5047319581765,1297.901375254904,1273.5047319581765,1293.0220947265625,9224,0.0,0.0
2010-12-02 00:00:00+09:00,1431.269702282313,1431.269702282313,1271.878351750058,1315.792236328125,23812,0.0,0.0
2010-12-03 00:00:00+09:00,1323.9244265548505,1332.056640625,1244.2287527328856,1332.056640625,17924,0.0,0.0
2010-12-06 00:00:00+09:00,1293.0221371692571,1349.947640063501,1293.0221371692571,1345.068359375,4386,0.0,0.0
2010-12-07 00:00:00+09:00,1317.4186773532774,1333.68310546875,1252.360964891387,1333.68310546875,2910,0.0,0.0
2010-12-08 00:00:00+09:00,1325.5508914110137,1340.188852649438,1323.9244245339655,1333.68310546875,23032,0.0,0.0
2010-12-09 00:00:00+09:00,1341.8154275232946,1348.3211752276018,1325.55099809877,1343.44189453125,23446,0.0,0.0
2010-12-10 00:00:00+09:00,1345.0682632897158,1345.0682632897158,1221.4585846267996,1327.1773681640625,6632,0.0,0.0
2010-12-13 00:00:00+09:00,1304.4071947112361,1330.43018366779,1304.4071947112361,1325.5509033203125,1230,0.0,0.0
2010-12-14 00:00:00+09:00,1322.2979654612218,1328.8038330078125,1260.4931863886513,1328.8038330078125,1672,0.0,0.0
2010-12-15 00:00:00+09:00,1328.80382516511,1333.68310546875,1268.6253930068597,1333.68310546875,446,0.0,0.0
2010-12-16 00:00:00+09:00,1332.056640625,1332.056640625,1284.8898230836335,1332.056640625,2320,0.0,0.0
2010-12-17 00:00:00+09:00,1330.43017578125,1330.43017578125,1304.4071869789555,1330.43017578125,1008,0.0,0.0
2010-12-20 00:00:00+09:00,1332.0566605918987,1332.0566605918987,1237.723024095149,1319.045166015625,378,0.0,0.0
2010-12-21 00:00:00+09:00,1320.6716513478848,1320.6716513478848,1262.11968428262,1306.0335693359375,3106,0.0,0.0
2010-12-22 00:00:00+09:00,1309.2865746282762,1309.2865746282762,1253.9875383989202,1260.4932861328125,9396,0.0,0.0
2010-12-23 00:00:00+09:00,1262.1197201984776,1281.636962890625,1260.4932532255875,1281.636962890625,1502,0.0,0.0
2010-12-24 00:00:00+09:00,1281.636971051917,1312.5394827510786,1268.6254758409634,1276.7576904296875,15058,0.0,0.0
2010-12-27 00:00:00+09:00,1283.2634528021085,1286.5163868060356,1266.9990234375,1266.9990234375,4142,0.0,0.0
2010-12-28 00:00:00+09:00,1286.5163697920182,1358.079833984375,1286.5163697920182,1358.079833984375,32192,0.0,0.0
2010-12-29 00:00:00+09:00,1359.7063101232704,1561.3852088701642,1319.04523697561,1510.9654541015625,232052,0.0,0.0
2010-12-30 00:00:00+09:00,1545.1207796110998,1545.1207796110998,1408.4995979004632,1510.9654541015625,67558,0.0,0.0
2011-01-03 00:00:00+09:00,1449.160622210033,1543.494260602467,1415.0052978515625,1463.798583984375,59018,0.0,0.0
2011-01-04 00:00:00+09:00,1463.798583984375,1496.32744140625,1428.0167926893089,1463.798583984375,5636,0.0,0.0
2011-01-05 00:00:00+09:00,1478.4365499956805,1478.4365499956805,1432.8961976055475,1460.545654296875,2128,0.0,0.0
2011-01-06 00:00:00+09:00,1447.5341382494908,1457.2928194267865,1242.6023148363086,1393.861572265625,34074,0.0,0.0
2011-01-07 00:00:00+09:00,1369.4650078847935,1377.5972226101724,1335.3096819726998,1341.8154296875,11344,0.0,0.0
2011-01-10 00:00:00+09:00,1336.936109986999,1398.740891966126,1333.6831760607247,1367.8385009765625,18966,0.0,0.0
2011-01-11 00:00:00+09:00,1354.8268796883556,1403.6201664045388,1354.8268796883556,1371.09130859375,1240,0.0,0.0
2011-01-12 00:00:00+09:00,1369.464945591941,1415.0052978515625,1369.464945591941,1382.4764404296875,1220,0.0,0.0
2011-01-13 00:00:00+09:00,1390.6086590053992,1390.6086590053992,1374.3442302451022,1379.2235107421875,924,0.0,0.0
2011-01-14 00:00:00+09:00,1382.4764608502517,1423.1375332282003,1351.574069908513,1369.4649658203125,9808,0.0,0.0
2011-01-17 00:00:00+09:00,1345.068261219279,1428.0167488357538,1309.2864710230506,1328.8038330078125,12812,0.0,0.0
2011-01-18 00:00:00+09:00,1328.8038350532138,1328.8038350532138,1310.9129399275605,1327.1773681640625,830,0.0,0.0
2011-01-19 00:00:00+09:00,1325.5509053707394,1327.1773722649161,1312.5394108723356,1323.9244384765625,816,0.0,0.0
2011-01-20 00:00:00+09:00,1325.5508934343814,1413.3787813264958,1301.1542512239325,1332.056640625,2056,0.0,0.0
2011-01-21 00:00:00+09:00,1310.9129559286198,1398.7408454122603,1310.9129559286198,1315.792236328125,328,0.0,0.0
2011-01-24 00:00:00+09:00,1315.7922301552542,1356.4533010520636,1293.022054518542,1320.671630859375,9114,0.0,0.0
2011-01-25 00:00:00+09:00,1379.2234539609049,1379.2234539609049,1320.671609096365,1335.3095703125,160,0.0,0.0
2011-01-26 00:00:00+09:00,1462.1720657473934,1462.1720657473934,1301.1542512239325,1332.056640625,3126,0.0,0.0
2011-01-27 00:00:00+09:00,1341.8153295114132,1341.8153295114132,1293.0220448019072,1327.1773681640625,6932,0.0,0.0
2011-01-28 00:00:00+09:00,1288.1427822094424,1346.6946284055477,1288.1427822094424,1314.165771484375,4834,0.0,0.0
2011-01-31 00:00:00+09:00,1319.0451680783292,1319.0451680783292,1237.7230260306826,1317.418701171875,1720,0.0,0.0
2011-02-01 00:00:00+09:00,1358.0797476419589,1358.0797476419589,1268.6253930068597,1333.68310546875,28,0.0,0.0
2011-02-07 00:00:00+09:00,1333.6832046650252,1366.2120633153918,1315.7923083418211,1348.3211669921875,4142,0.0,0.0
2011-02-08 00:00:00+09:00,1362.959139842479,1362.959139842479,1276.7577118844697,1341.8154296875,1280,0.0,0.0
2011-02-09 00:00:00+09:00,1366.2119616996952,1366.2119616996952,1317.4186773532774,1333.68310546875,292,0.0,0.0
2011-02-10 00:00:00+09:00,1322.297984942314,1397.1143798828125,1322.297984942314,1397.1143798828125,0,0.0,0.0
2011-02-11 00:00:00+09:00,1362.959056866134,1362.959056866134,1286.5163152978823,1314.165771484375,5284,0.0,0.0
2011-02-14 00:00:00+09:00,1296.2749923704896,1349.9475579909338,1296.2749923704896,1317.418701171875,18620,0.0,0.0
2011-02-15 00:00:00+09:00,1286.5163092474345,1322.2979794959404,1253.987452479244,1319.045166015625,6252,0.0,0.0
2011-02-16 00:00:00+09:00,1301.1542532149163,1341.8153236278824,1286.5162919317495,1330.43017578125,30586,0.0,0.0
2011-02-17 00:00:00+09:00,1325.5509112359896,1325.5509112359896,1270.25187888183,1320.671630859375,6382,0.0,0.0
2011-02-18 00:00:00+09:00,1319.045172219055,1319.045172219055,1271.878353748856,1314.165771484375,3002,0.0,0.0
2011-02-21 00:00:00+09:00,1301.1542806244704,1356.453313485509,1284.8898521166645,1312.5394287109375,14744,0.0,0.0
2011-02-22 00:00:00+09:00,1294.6485494561268,1322.2980060682153,1294.6485494561268,1301.154296875,16576,0.0,0.0
2011-02-23 00:00:00+09:00,1301.154268697904,1349.9475537740755,1301.154268697904,1320.671630859375,5238,0.0,0.0
2011-02-24 00:00:00+09:00,1325.5509296888422,1358.0797868591205,1301.1542868111335,1307.6600341796875,7626,0.0,0.0
2011-02-25 00:00:00+09:00,1332.0566526199411,1332.0566526199411,1307.660010189805,1323.9244384765625,8534,0.0,0.0
2011-02-28 00:00:00+09:00,1346.6946119293889,1346.6946119293889,1317.418689189513,1325.5509033203125,1528,0.0,0.0
2011-03-02 00:00:00+09:00,1322.2979654612218,1332.0566464536028,1289.769109038289,1328.8038330078125,1346,0.0,0.0
2011-03-03 00:00:00+09:00,1296.2749785802098,1354.8268239696126,1288.1427644619587,1327.1773681640625,1678,0.0,0.0
2011-03-04 00:00:00+09:00,1309.2865346272788,1366.2120361328125,1309.2865346272788,1366.2120361328125,3172,0.0,0.0
2011-03-07 00:00:00+09:00,1325.5509959659678,1364.5856024565182,1302.7808188737731,1345.068359375,4544,0.0,0.0
2011-03-08 00:00:00+09:00,1319.045230168823,1362.9591167451758,1299.527867027658,1356.453369140625,9516,0.0,0.0
2011-03-09 00:00:00+09:00,1341.8154275232946,1358.0798569478195,1315.7923163785522,1343.44189453125,9356,0.0,0.0
2011-03-10 00:00:00+09:00,1343.441873931523,1358.0798361236407,1343.441873931523,1356.453369140625,4064,0.0,0.0
2011-03-11 00:00:00+09:00,1330.4301737454691,1356.4532828354488,1317.4186793642318,1332.056640625,1448,0.0,0.0
2011-03-14 00:00:00+09:00,1358.0797721956983,1358.0797721956983,1317.418701171875,1317.418701171875,5228,0.0,0.0
2011-03-15 00:00:00+09:00,1348.321088975994,1348.321088975994,1315.7922322078034,1319.045166015625,186,0.0,0.0
2011-03-16 00:00:00+09:00,1319.0452402329065,1349.9476318359375,1319.0452402329065,1349.9476318359375,3736,0.0,0.0
2011-03-17 00:00:00+09:00,1328.8039299766444,1346.6947060528244,1328.8039299766444,1345.068359375,12,0.0,0.0
2011-03-18 00:00:00+09:00,1310.9130255832924,1349.9476318359375,1310.9130255832924,1349.9476318359375,182,0.0,0.0
2011-03-21 00:00:00+09:00,1293.0221434257962,1349.9476465954854,1293.0221434257962,1340.18896484375,4792,0.0,0.0
2011-03-22 00:00:00+09:00,1336.9360412635926,1348.3210687652993,1319.0451462437625,1332.056640625,5560,0.0,0.0
2011-03-23 00:00:00+09:00,1348.3210667071744,1348.3210667071744,1328.80382516511,1333.68310546875,862,0.0,0.0
2011-03-24 00:00:00+09:00,1307.6600321020062,1340.188889220601,1307.6600321020062,1309.2864990234375,446,0.0,0.0
2011-03-25 00:00:00+09:00,1333.68310546875,1333.68310546875,1322.2979576569173,1333.68310546875,166,0.0,0.0
2011-03-28 00:00:00+09:00,1306.0335773572776,1406.8730834960938,1306.0335773572776,1382.4764404296875,16352,0.0,0.0
2011-03-29 00:00:00+09:00,1382.476442524998,1382.476442524998,1332.056689379173,1380.8499755859375,8580,0.0,0.0
2011-03-30 00:00:00+09:00,1372.800048828125,1389.300048828125,1366.199951171875,1389.300048828125,19340,20.0,0.0
2011-03-31 00:00:00+09:00,1369.5,1387.6500244140625,1338.1500244140625,1386.0,10748,0.0,0.0
2011-04-01 00:00:00+09:00,1369.5,1386.0,1339.800048828125,1382.699951171875,18434,0.0,0.0
2011-04-04 00:00:00+09:00,1384.3499755859375,1389.300048828125,1376.0999755859375,1386.0,16398,0.0,0.0
2011-04-05 00:00:00+09:00,1386.0,1390.949951171875,1369.5,1369.5,34222,0.0,0.0
2011-04-06 00:00:00+09:00,1386.0,1390.949951171875,1348.050048828125,1386.0,43098,0.0,0.0
2011-04-07 00:00:00+09:00,1387.6500244140625,1397.550048828125,1384.3499755859375,1392.5999755859375,31398,0.0,0.0
2011-04-08 00:00:00+09:00,1394.25,1402.5,1392.5999755859375,1394.25,36190,0.0,0.0
2011-04-11 00:00:00+09:00,1397.550048828125,1402.5,1389.300048828125,1402.5,5018,0.0,0.0
2011-04-12 00:00:00+09:00,1402.5,1404.1500244140625,1390.949951171875,1402.5,6458,0.0,0.0
2011-04-13 00:00:00+09:00,1386.0,1394.25,1196.25,1394.25,12350,0.0,0.0
2011-04-14 00:00:00+09:00,1344.75,1402.5,1344.75,1394.25,14280,0.0,0.0
2011-04-15 00:00:00+09:00,1395.9000244140625,1395.9000244140625,1356.300048828125,1394.25,15766,0.0,0.0
2011-04-18 00:00:00+09:00,1386.0,1400.8499755859375,1386.0,1397.550048828125,9726,0.0,0.0
2011-04-19 00:00:00+09:00,1397.550048828125,1584.0,1390.949951171875,1402.5,31126,0.0,0.0
2011-04-20 00:00:00+09:00,1404.1500244140625,1450.3499755859375,1390.949951171875,1400.8499755859375,6922,0.0,0.0
2011-04-21 00:00:00+09:00,1433.8499755859375,1433.8499755859375,1354.6500244140625,1382.699951171875,12364,0.0,0.0
2011-04-22 00:00:00+09:00,1427.25,1427.25,1321.6500244140625,1374.449951171875,14850,0.0,0.0
2011-04-25 00:00:00+09:00,1348.050048828125,1402.5,1348.050048828125,1381.050048828125,23158,0.0,0.0
2011-04-26 00:00:00+09:00,1341.449951171875,1402.5,1341.449951171875,1381.050048828125,30754,0.0,0.0
2011-04-27 00:00:00+09:00,1353.0,1460.25,1353.0,1377.75,6596,0.0,0.0
2011-04-28 00:00:00+09:00,1344.75,1427.25,1344.75,1376.0999755859375,788,0.0,0.0
2011-04-29 00:00:00+09:00,1485.0,1485.0,1199.550048828125,1273.800048828125,15258,0.0,0.0
2011-05-02 00:00:00+09:00,1320.0,1402.5,1320.0,1392.5999755859375,2888,0.0,0.0
2011-05-03 00:00:00+09:00,1402.5,1402.5,1338.1500244140625,1379.4000244140625,9472,0.0,0.0
2011-05-04 00:00:00+09:00,1361.25,1394.25,1361.25,1377.75,7590,0.0,0.0
2011-05-06 00:00:00+09:00,1394.25,1394.25,1386.0,1392.5999755859375,4004,0.0,0.0
2011-05-09 00:00:00+09:00,1390.949951171875,1485.0,1377.75,1435.5,23644,0.0,0.0
2011-05-11 00:00:00+09:00,1440.449951171875,1440.449951171875,1353.0,1369.5,30192,0.0,0.0
2011-05-12 00:00:00+09:00,1354.6500244140625,1394.25,1354.6500244140625,1390.949951171875,8998,0.0,0.0
2011-05-13 00:00:00+09:00,1362.9000244140625,1417.3499755859375,1362.9000244140625,1402.5,878,0.0,0.0
2011-05-16 00:00:00+09:00,1366.199951171875,1402.5,1361.25,1394.25,2220,0.0,0.0
2011-05-17 00:00:00+09:00,1364.550048828125,1386.0,1362.9000244140625,1386.0,324,0.0,0.0
2011-05-18 00:00:00+09:00,1364.550048828125,1390.949951171875,1364.550048828125,1390.949951171875,406,0.0,0.0
2011-05-19 00:00:00+09:00,1364.550048828125,1390.949951171875,1353.0,1377.75,1682,0.0,0.0
2011-05-20 00:00:00+09:00,1361.25,1379.4000244140625,1361.25,1367.8499755859375,632,0.0,0.0
2011-05-23 00:00:00+09:00,1362.9000244140625,1369.5,1362.9000244140625,1367.8499755859375,332,0.0,0.0
2011-05-24 00:00:00+09:00,1338.1500244140625,1367.8499755859375,1270.5,1367.8499755859375,482,0.0,0.0
2011-05-25 00:00:00+09:00,1366.199951171875,1386.0,1366.199951171875,1386.0,2238,0.0,0.0
2011-05-26 00:00:00+09:00,1371.1500244140625,1402.5,1354.6500244140625,1394.25,154,0.0,0.0
2011-05-27 00:00:00+09:00,1394.25,1402.5,1394.25,1395.9000244140625,64,0.0,0.0
2011-05-30 00:00:00+09:00,1361.25,1394.25,1357.949951171875,1390.949951171875,766,0.0,0.0
2011-05-31 00:00:00+09:00,1364.550048828125,1390.949951171875,1361.25,1362.9000244140625,168,0.0,0.0
2011-06-01 00:00:00+09:00,1361.25,1386.0,1359.5999755859375,1369.5,656,0.0,0.0
2011-06-02 00:00:00+09:00,1361.25,1369.5,1361.25,1369.5,26,0.0,0.0
2011-06-03 00:00:00+09:00,1357.949951171875,1392.5999755859375,1357.949951171875,1359.5999755859375,5088,0.0,0.0
2011-06-07 00:00:00+09:00,1359.5999755859375,1359.5999755859375,1354.6500244140625,1359.5999755859375,3032,0.0,0.0
2011-06-08 00:00:00+09:00,1361.25,1369.5,1346.4000244140625,1369.5,13296,0.0,0.0
2011-06-09 00:00:00+09:00,1353.0,1371.1500244140625,1353.0,1369.5,2746,0.0,0.0
2011-06-10 00:00:00+09:00,1353.0,1369.5,1344.75,1369.5,4558,0.0,0.0
2011-06-13 00:00:00+09:00,1353.0,1394.25,1346.4000244140625,1379.4000244140625,12718,0.0,0.0
2011-06-14 00:00:00+09:00,1356.300048828125,1414.050048828125,1356.300048828125,1386.0,13462,0.0,0.0
2011-06-15 00:00:00+09:00,1357.949951171875,1423.949951171875,1357.949951171875,1389.300048828125,33310,0.0,0.0
2011-06-16 00:00:00+09:00,1410.75,1410.75,1377.75,1377.75,40716,0.0,0.0
2011-06-17 00:00:00+09:00,1382.699951171875,1395.9000244140625,1379.4000244140625,1379.4000244140625,32064,0.0,0.0
2011-06-20 00:00:00+09:00,1397.550048828125,1402.5,1377.75,1397.550048828125,32392,0.0,0.0
2011-06-21 00:00:00+09:00,1402.5,1404.1500244140625,1386.0,1402.5,29762,0.0,0.0
2011-06-22 00:00:00+09:00,1402.5,1410.75,1392.5999755859375,1409.0999755859375,38722,0.0,0.0
2011-06-23 00:00:00+09:00,1409.0999755859375,1620.300048828125,1397.550048828125,1534.5,41966,0.0,0.0
2011-06-24 00:00:00+09:00,1531.199951171875,1534.5,1478.4000244140625,1485.0,11568,0.0,0.0
2011-06-27 00:00:00+09:00,1478.4000244140625,1567.5,1473.449951171875,1498.199951171875,30996,0.0,0.0
2011-06-28 00:00:00+09:00,1410.75,1485.0,1410.75,1476.75,1310,0.0,0.0
2011-06-29 00:00:00+09:00,1475.0999755859375,1476.75,1402.5,1476.75,144,0.0,0.0
2011-06-30 00:00:00+09:00,1437.1500244140625,1485.0,1437.1500244140625,1485.0,8280,0.0,0.0
2011-07-01 00:00:00+09:00,1485.0,1526.25,1455.300048828125,1476.75,16,0.0,0.0
2011-07-04 00:00:00+09:00,1456.949951171875,1582.3499755859375,1410.75,1410.75,31774,0.0,0.0
2011-07-05 00:00:00+09:00,1404.1500244140625,1404.1500244140625,1321.6500244140625,1348.050048828125,37590,0.0,0.0
2011-07-06 00:00:00+09:00,1384.3499755859375,1511.4000244140625,1338.1500244140625,1371.1500244140625,35918,0.0,0.0
2011-07-07 00:00:00+09:00,1485.0,1485.0,1364.550048828125,1402.5,40392,0.0,0.0
2011-07-08 00:00:00+09:00,1371.1500244140625,1450.3499755859375,1371.1500244140625,1402.5,29226,0.0,0.0
2011-07-11 00:00:00+09:00,1395.9000244140625,1465.199951171875,1395.9000244140625,1417.3499755859375,16526,0.0,0.0
2011-07-12 00:00:00+09:00,1419.0,1419.0,1371.1500244140625,1417.3499755859375,18492,0.0,0.0
2011-07-13 00:00:00+09:00,1395.9000244140625,1427.25,1371.1500244140625,1427.25,27934,0.0,0.0
2011-07-14 00:00:00+09:00,1428.9000244140625,1428.9000244140625,1387.6500244140625,1417.3499755859375,10186,0.0,0.0
2011-07-15 00:00:00+09:00,1389.300048828125,1412.4000244140625,1313.4000244140625,1313.4000244140625,81156,0.0,0.0
2011-07-18 00:00:00+09:00,1316.699951171875,1354.6500244140625,1315.050048828125,1315.050048828125,40452,0.0,0.0
2011-07-19 00:00:00+09:00,1315.050048828125,1346.4000244140625,1315.050048828125,1320.0,25638,0.0,0.0
2011-07-20 00:00:00+09:00,1334.8499755859375,1334.8499755859375,1308.449951171875,1321.6500244140625,41906,0.0,0.0
2011-07-21 00:00:00+09:00,1320.0,1338.1500244140625,1240.800048828125,1301.8499755859375,67764,0.0,0.0
2011-07-22 00:00:00+09:00,1295.25,1326.5999755859375,1295.25,1321.6500244140625,10392,0.0,0.0
2011-07-25 00:00:00+09:00,1306.800048828125,1336.5,1303.5,1336.5,7820,0.0,0.0
2011-07-26 00:00:00+09:00,1341.449951171875,1349.699951171875,1328.25,1343.0999755859375,5650,0.0,0.0
2011-07-27 00:00:00+09:00,1369.5,1544.4000244140625,1367.8499755859375,1369.5,204986,0.0,0.0
2011-07-28 00:00:00+09:00,1361.25,1427.25,1336.5,1409.0999755859375,24196,0.0,0.0
2011-07-29 00:00:00+09:00,1419.0,1419.0,1361.25,1369.5,29166,0.0,0.0
2011-08-01 00:00:00+09:00,1402.5,1402.5,1359.5999755859375,1369.5,6046,0.0,0.0
2011-08-02 00:00:00+09:00,1382.699951171875,1382.699951171875,1357.949951171875,1381.050048828125,4038,0.0,0.0
2011-08-03 00:00:00+09:00,1366.199951171875,1377.75,1254.0,1320.0,38624,0.0,0.0
2011-08-04 00:00:00+09:00,1324.949951171875,1377.75,1321.6500244140625,1323.300048828125,12738,0.0,0.0
2011-08-05 00:00:00+09:00,1301.8499755859375,1374.449951171875,1301.8499755859375,1334.8499755859375,36894,0.0,0.0
2011-08-08 00:00:00+09:00,1361.25,1361.25,1315.050048828125,1348.050048828125,5512,0.0,0.0
2011-08-09 00:00:00+09:00,1348.050048828125,1348.050048828125,1258.949951171875,1273.800048828125,13112,0.0,0.0
2011-08-10 00:00:00+09:00,1372.800048828125,1372.800048828125,1295.25,1305.1500244140625,3706,0.0,0.0
2011-08-11 00:00:00+09:00,1311.75,1366.199951171875,1295.25,1328.25,200,0.0,0.0
2011-08-12 00:00:00+09:00,1303.5,1331.550048828125,1303.5,1310.0999755859375,13364,0.0,0.0
2011-08-16 00:00:00+09:00,1336.5,1336.5,1288.6500244140625,1323.300048828125,4082,0.0,0.0
2011-08-17 00:00:00+09:00,1442.0999755859375,1442.0999755859375,1130.25,1311.75,14338,0.0,0.0
2011-08-18 00:00:00+09:00,1303.5,1320.0,1290.300048828125,1318.3499755859375,14652,0.0,0.0
2011-08-19 00:00:00+09:00,1275.449951171875,1336.5,1275.449951171875,1318.3499755859375,6834,0.0,0.0
2011-08-22 00:00:00+09:00,1318.3499755859375,1318.3499755859375,1303.5,1305.1500244140625,6686,0.0,0.0
2011-08-23 00:00:00+09:00,1318.3499755859375,1318.3499755859375,1282.050048828125,1300.199951171875,1958,0.0,0.0
2011-08-24 00:00:00+09:00,1316.699951171875,1316.699951171875,1295.25,1303.5,4592,0.0,0.0
2011-08-25 00:00:00+09:00,1296.9000244140625,1349.699951171875,1296.9000244140625,1301.8499755859375,4274,0.0,0.0
2011-08-26 00:00:00+09:00,1301.8499755859375,1328.25,1288.6500244140625,1323.300048828125,464,0.0,0.0
2011-08-29 00:00:00+09:00,1334.8499755859375,1336.5,1320.0,1334.8499755859375,3360,0.0,0.0
2011-08-30 00:00:00+09:00,1336.5,1349.699951171875,1321.6500244140625,1349.699951171875,5412,0.0,0.0
2011-08-31 00:00:00+09:00,1344.75,1351.3499755859375,1303.5,1324.949951171875,418,0.0,0.0
2011-09-01 00:00:00+09:00,1331.550048828125,1344.75,1305.1500244140625,1324.949951171875,6152,0.0,0.0
2011-09-02 00:00:00+09:00,1344.75,1344.75,1303.5,1328.25,868,0.0,0.0
2011-09-05 00:00:00+09:00,1252.3499755859375,1329.9000244140625,1252.3499755859375,1311.75,2814,0.0,0.0
2011-09-06 00:00:00+09:00,1320.0,1320.0,1283.699951171875,1315.050048828125,800,0.0,0.0
2011-09-07 00:00:00+09:00,1316.699951171875,1318.3499755859375,1262.25,1311.75,1152,0.0,0.0
2011-09-08 00:00:00+09:00,1311.75,1315.050048828125,1263.9000244140625,1311.75,614,0.0,0.0
2011-09-09 00:00:00+09:00,1308.449951171875,1308.449951171875,1283.699951171875,1306.800048828125,3114,0.0,0.0
2011-09-14 00:00:00+09:00,1308.449951171875,1310.0999755859375,1245.75,1306.800048828125,6,0.0,0.0
2011-09-15 00:00:00+09:00,1306.800048828125,1306.800048828125,1222.6500244140625,1295.25,2080,0.0,0.0
2011-09-16 00:00:00+09:00,1188.0,1295.25,1188.0,1257.300048828125,76,0.0,0.0
2011-09-19 00:00:00+09:00,1229.25,1285.3499755859375,1229.25,1285.3499755859375,1112,0.0,0.0
2011-09-20 00:00:00+09:00,1282.050048828125,1282.050048828125,1249.050048828125,1275.449951171875,524,0.0,0.0
2011-09-21 00:00:00+09:00,1280.4000244140625,1280.4000244140625,1254.0,1273.800048828125,1262,0.0,0.0
2011-09-22 00:00:00+09:00,1273.800048828125,1277.0999755859375,1255.6500244140625,1275.449951171875,34,0.0,0.0
2011-09-23 00:00:00+09:00,1171.5,1275.449951171875,1171.5,1275.449951171875,1972,0.0,0.0
2011-09-26 00:00:00+09:00,1192.949951171875,1288.6500244140625,1192.949951171875,1250.699951171875,1162,0.0,0.0
2011-09-27 00:00:00+09:00,1257.300048828125,1257.300048828125,1197.9000244140625,1254.0,50,0.0,0.0
2011-09-28 00:00:00+09:00,1188.0,1278.75,1188.0,1278.75,31118,0.0,0.0
2011-09-29 00:00:00+09:00,1353.0,1376.0999755859375,1212.75,1348.050048828125,26136,0.0,0.0
2011-09-30 00:00:00+09:00,1353.0,1379.4000244140625,1344.75,1346.4000244140625,17594,0.0,0.0
2011-10-04 00:00:00+09:00,1188.0,1351.3499755859375,1188.0,1339.800048828125,21996,0.0,0.0
2011-10-05 00:00:00+09:00,1341.449951171875,1341.449951171875,1196.25,1339.800048828125,12,0.0,0.0
2011-10-06 00:00:00+09:00,1339.800048828125,1485.0,1272.1500244140625,1468.5,82,0.0,0.0
2011-10-07 00:00:00+09:00,1465.199951171875,1465.199951171875,1262.25,1305.1500244140625,2,0.0,0.0
2011-10-10 00:00:00+09:00,1485.0,1485.0,1320.0,1419.0,126,0.0,0.0
2011-10-11 00:00:00+09:00,1321.6500244140625,1486.6500244140625,1321.6500244140625,1468.5,1342,0.0,0.0
2011-10-12 00:00:00+09:00,1395.9000244140625,1463.550048828125,1395.9000244140625,1419.0,754,0.0,0.0
2011-10-13 00:00:00+09:00,1419.0,1483.3499755859375,1254.0,1453.6500244140625,1876,0.0,0.0
2011-10-14 00:00:00+09:00,1323.300048828125,1430.550048828125,1287.0,1333.199951171875,4034,0.0,0.0
2011-10-17 00:00:00+09:00,1280.4000244140625,1328.25,1278.75,1283.699951171875,9292,0.0,0.0
2011-10-18 00:00:00+09:00,1300.199951171875,1305.1500244140625,1257.300048828125,1291.949951171875,3134,0.0,0.0
2011-10-19 00:00:00+09:00,1280.4000244140625,1308.449951171875,1280.4000244140625,1296.9000244140625,56,0.0,0.0
2011-10-20 00:00:00+09:00,1303.5,1303.5,1282.050048828125,1298.550048828125,608,0.0,0.0
2011-10-21 00:00:00+09:00,1278.75,1320.0,1278.75,1293.5999755859375,426,0.0,0.0
2011-10-24 00:00:00+09:00,1311.75,1311.75,1311.75,1311.75,0,0.0,0.0
2011-10-25 00:00:00+09:00,1310.0999755859375,1333.199951171875,1285.3499755859375,1323.300048828125,640,0.0,0.0
2011-10-26 00:00:00+09:00,1321.6500244140625,1321.6500244140625,1270.5,1303.5,1272,0.0,0.0
2011-10-27 00:00:00+09:00,1301.8499755859375,1301.8499755859375,1254.0,1254.0,986,0.0,0.0
2011-10-28 00:00:00+09:00,1290.300048828125,1290.300048828125,1270.5,1287.0,2386,0.0,0.0
2011-10-31 00:00:00+09:00,1287.0,1316.699951171875,1222.6500244140625,1254.0,2498,0.0,0.0
2011-11-01 00:00:00+09:00,1320.0,1320.0,1263.9000244140625,1287.0,374,0.0,0.0
2011-11-02 00:00:00+09:00,1295.25,1295.25,1265.550048828125,1293.5999755859375,78,0.0,0.0
2011-11-03 00:00:00+09:00,1296.9000244140625,1301.8499755859375,1293.5999755859375,1295.25,4972,0.0,0.0
2011-11-04 00:00:00+09:00,1303.5,1303.5,1295.25,1295.25,12,0.0,0.0
2011-11-07 00:00:00+09:00,1255.6500244140625,1295.25,1255.6500244140625,1295.25,590,0.0,0.0
2011-11-08 00:00:00+09:00,1394.25,1394.25,1242.449951171875,1367.8499755859375,26,0.0,0.0
2011-11-09 00:00:00+09:00,1382.699951171875,1382.699951171875,1242.449951171875,1328.25,1226,0.0,0.0
2011-11-10 00:00:00+09:00,1288.6500244140625,1316.699951171875,1191.300048828125,1255.6500244140625,1174,0.0,0.0
2011-11-11 00:00:00+09:00,1278.75,1287.0,1262.25,1267.199951171875,1758,0.0,0.0
2011-11-14 00:00:00+09:00,1311.75,1316.699951171875,1245.75,1267.199951171875,2190,0.0,0.0
2011-11-15 00:00:00+09:00,1296.9000244140625,1298.550048828125,1287.0,1287.0,636,0.0,0.0
2011-11-16 00:00:00+09:00,1272.1500244140625,1287.0,1272.1500244140625,1275.449951171875,18998,0.0,0.0
2011-11-17 00:00:00+09:00,1287.0,1287.0,1242.449951171875,1287.0,34,0.0,0.0
2011-11-18 00:00:00+09:00,1287.0,1295.25,1257.300048828125,1290.300048828125,10792,0.0,0.0
2011-11-21 00:00:00+09:00,1290.300048828125,1311.75,1288.6500244140625,1295.25,12118,0.0,0.0
2011-11-22 00:00:00+09:00,1303.5,1334.8499755859375,1212.75,1323.300048828125,12264,0.0,0.0
2011-11-23 00:00:00+09:00,1336.5,1402.5,1331.550048828125,1343.0999755859375,10740,0.0,0.0
2011-11-24 00:00:00+09:00,1468.5,1468.5,1239.1500244140625,1348.050048828125,3148,0.0,0.0
2011-11-25 00:00:00+09:00,1321.6500244140625,1476.75,1321.6500244140625,1348.050048828125,2942,0.0,0.0
2011-11-28 00:00:00+09:00,1356.300048828125,1367.8499755859375,1328.25,1351.3499755859375,7392,0.0,0.0
2011-11-29 00:00:00+09:00,1321.6500244140625,1349.699951171875,1321.6500244140625,1349.699951171875,908,0.0,0.0
2011-11-30 00:00:00+09:00,1361.25,1361.25,1328.25,1353.0,9164,0.0,0.0
2011-12-01 00:00:00+09:00,1367.8499755859375,1367.8499755859375,1295.25,1361.25,0,0.0,0.0
2011-12-02 00:00:00+09:00,1361.25,1361.25,1189.6500244140625,1336.5,4216,0.0,0.0
2011-12-05 00:00:00+09:00,1466.8499755859375,1466.8499755859375,1321.6500244140625,1361.25,1826,0.0,0.0
2011-12-06 00:00:00+09:00,1361.25,1361.25,1329.9000244140625,1329.9000244140625,240,0.0,0.0
2011-12-07 00:00:00+09:00,1239.1500244140625,1343.0999755859375,1239.1500244140625,1343.0999755859375,628,0.0,0.0
2011-12-08 00:00:00+09:00,1349.699951171875,1349.699951171875,1336.5,1338.1500244140625,38,0.0,0.0
2011-12-09 00:00:00+09:00,1176.449951171875,1518.0,1176.449951171875,1343.0999755859375,726,0.0,0.0
2011-12-12 00:00:00+09:00,1349.699951171875,1349.699951171875,1320.0,1336.5,446,0.0,0.0
2011-12-13 00:00:00+09:00,1336.5,1336.5,1245.75,1336.5,32,0.0,0.0
2011-12-14 00:00:00+09:00,1329.9000244140625,1476.75,1329.9000244140625,1476.75,80,0.0,0.0
2011-12-15 00:00:00+09:00,1468.5,1468.5,1310.0999755859375,1323.300048828125,29920,0.0,0.0
2011-12-16 00:00:00+09:00,1509.75,1509.75,1321.6500244140625,1400.8499755859375,35766,0.0,0.0
2011-12-19 00:00:00+09:00,1321.6500244140625,1423.949951171875,1321.6500244140625,1369.5,4912,0.0,0.0
2011-12-20 00:00:00+09:00,1361.25,1361.25,1320.0,1356.300048828125,5070,0.0,0.0
2011-12-21 00:00:00+09:00,1359.5999755859375,1359.5999755859375,1329.9000244140625,1329.9000244140625,3352,0.0,0.0
2011-12-22 00:00:00+09:00,1336.5,1468.5,1336.5,1394.25,56,0.0,0.0
2011-12-23 00:00:00+09:00,1452.0,1452.0,1320.0,1351.3499755859375,8830,0.0,0.0
2011-12-26 00:00:00+09:00,1359.5999755859375,1359.5999755859375,1343.0999755859375,1349.699951171875,6072,0.0,0.0
2011-12-27 00:00:00+09:00,1351.3499755859375,1353.0,1295.25,1326.5999755859375,12206,0.0,0.0
2011-12-28 00:00:00+09:00,1344.75,1344.75,1305.1500244140625,1316.699951171875,2006,0.0,0.0
2011-12-29 00:00:00+09:00,1272.1500244140625,1328.25,1272.1500244140625,1300.199951171875,65850,0.0,0.0
2012-01-02 00:00:00+09:00,1326.5999755859375,1328.25,1303.5,1323.300048828125,51612,0.0,0.0
2012-01-03 00:00:00+09:00,1353.0,1353.0,1155.0,1245.75,56240,0.0,0.0
2012-01-04 00:00:00+09:00,1298.550048828125,1301.8499755859375,1059.300048828125,1059.300048828125,416844,0.0,0.0
2012-01-05 00:00:00+09:00,1059.300048828125,1120.3499755859375,973.5,1080.75,811816,0.0,0.0
2012-01-06 00:00:00+09:00,1082.4000244140625,1128.5999755859375,1070.8499755859375,1103.8499755859375,134992,0.0,0.0
2012-01-09 00:00:00+09:00,1095.5999755859375,1118.699951171875,1077.449951171875,1087.3499755859375,116274,0.0,0.0
2012-01-10 00:00:00+09:00,1097.25,1100.550048828125,1077.449951171875,1093.949951171875,77036,0.0,0.0
2012-01-11 00:00:00+09:00,1090.6500244140625,1100.550048828125,1056.0,1085.699951171875,159526,0.0,0.0
2012-01-12 00:00:00+09:00,1072.5,1093.949951171875,1069.199951171875,1085.699951171875,61168,0.0,0.0
2012-01-13 00:00:00+09:00,1085.699951171875,1085.699951171875,1072.5,1084.050048828125,82186,0.0,0.0
2012-01-16 00:00:00+09:00,1089.0,1089.0,1064.25,1089.0,80956,0.0,0.0
2012-01-17 00:00:00+09:00,1089.0,1090.6500244140625,1074.1500244140625,1085.699951171875,50288,0.0,0.0
2012-01-18 00:00:00+09:00,1085.699951171875,1089.0,1072.5,1084.050048828125,33672,0.0,0.0
2012-01-19 00:00:00+09:00,1084.050048828125,1097.25,1077.449951171875,1089.0,71938,0.0,0.0
2012-01-20 00:00:00+09:00,1089.0,1092.300048828125,1072.5,1085.699951171875,68272,0.0,0.0
2012-01-25 00:00:00+09:00,1085.699951171875,1232.550048828125,1082.4000244140625,1161.5999755859375,116786,0.0,0.0
2012-01-26 00:00:00+09:00,1158.300048828125,1178.0999755859375,1135.199951171875,1164.9000244140625,68332,0.0,0.0
2012-01-27 00:00:00+09:00,1168.199951171875,1174.800048828125,1140.1500244140625,1166.550048828125,25142,0.0,0.0
2012-01-30 00:00:00+09:00,1201.199951171875,1201.199951171875,1140.1500244140625,1196.25,35034,0.0,0.0
2012-01-31 00:00:00+09:00,1199.550048828125,1199.550048828125,1156.6500244140625,1169.8499755859375,45646,0.0,0.0
2012-02-01 00:00:00+09:00,1168.199951171875,1183.050048828125,1163.25,1179.75,81078,0.0,0.0
2012-02-02 00:00:00+09:00,1178.0999755859375,1196.25,1143.449951171875,1168.199951171875,84716,0.0,0.0
2012-02-03 00:00:00+09:00,1156.6500244140625,1173.1500244140625,1128.5999755859375,1155.0,94258,0.0,0.0
2012-02-06 00:00:00+09:00,1202.8499755859375,1202.8499755859375,1140.1500244140625,1150.050048828125,140752,0.0,0.0
2012-02-07 00:00:00+09:00,1163.25,1163.25,1115.4000244140625,1122.0,191676,0.0,0.0
2012-02-08 00:00:00+09:00,1110.449951171875,1141.800048828125,1089.0,1097.25,112748,0.0,0.0
2012-02-09 00:00:00+09:00,1090.6500244140625,1117.050048828125,1085.699951171875,1097.25,37400,0.0,0.0
2012-02-10 00:00:00+09:00,1090.6500244140625,1117.050048828125,1057.6500244140625,1057.6500244140625,94282,0.0,0.0
2012-02-13 00:00:00+09:00,1074.1500244140625,1092.300048828125,1054.3499755859375,1057.6500244140625,168936,0.0,0.0
2012-02-14 00:00:00+09:00,1059.300048828125,1065.9000244140625,1054.3499755859375,1056.0,69504,0.0,0.0
2012-02-15 00:00:00+09:00,1056.0,1059.300048828125,1042.800048828125,1054.3499755859375,50246,0.0,0.0
2012-02-16 00:00:00+09:00,1054.3499755859375,1069.199951171875,1047.75,1054.3499755859375,65758,0.0,0.0
2012-02-17 00:00:00+09:00,1056.0,1056.0,1049.4000244140625,1052.699951171875,64824,0.0,0.0
2012-02-20 00:00:00+09:00,1052.699951171875,1054.3499755859375,1039.5,1052.699951171875,133886,0.0,0.0
2012-02-21 00:00:00+09:00,1052.699951171875,1064.25,1041.1500244140625,1052.699951171875,75124,0.0,0.0
2012-02-22 00:00:00+09:00,1054.3499755859375,1090.6500244140625,1044.449951171875,1074.1500244140625,98392,0.0,0.0
2012-02-23 00:00:00+09:00,1074.1500244140625,1097.25,1065.9000244140625,1070.8499755859375,57672,0.0,0.0
2012-02-24 00:00:00+09:00,1067.550048828125,1090.6500244140625,1067.550048828125,1075.800048828125,129012,0.0,0.0
2012-02-27 00:00:00+09:00,1075.800048828125,1084.050048828125,1067.550048828125,1070.8499755859375,93962,0.0,0.0
2012-02-28 00:00:00+09:00,1079.0999755859375,1079.0999755859375,1064.25,1069.199951171875,30478,0.0,0.0
2012-02-29 00:00:00+09:00,1069.199951171875,1075.800048828125,1044.449951171875,1054.3499755859375,100568,0.0,0.0
2012-03-02 00:00:00+09:00,1047.75,1056.0,1032.9000244140625,1032.9000244140625,115976,0.0,0.0
2012-03-05 00:00:00+09:00,1032.9000244140625,1039.5,1021.3499755859375,1027.949951171875,30452,0.0,0.0
2012-03-06 00:00:00+09:00,1029.5999755859375,1039.5,1016.4000244140625,1021.3499755859375,42388,0.0,0.0
2012-03-07 00:00:00+09:00,1011.4500122070312,1023.0,981.75,990.0,145434,0.0,0.0
2012-03-08 00:00:00+09:00,990.0,998.25,957.0,958.6500244140625,114746,0.0,0.0
2012-03-09 00:00:00+09:00,958.6500244140625,965.25,930.5999755859375,937.2000122070312,79314,0.0,0.0
2012-03-12 00:00:00+09:00,980.0999755859375,980.0999755859375,891.0,922.3499755859375,119922,0.0,0.0
2012-03-13 00:00:00+09:00,924.0,924.0,891.0,902.5499877929688,101246,0.0,0.0
2012-03-14 00:00:00+09:00,902.5499877929688,948.75,882.75,935.5499877929688,215908,0.0,0.0
2012-03-15 00:00:00+09:00,940.5,986.7000122070312,927.2999877929688,981.75,45062,0.0,0.0
2012-03-16 00:00:00+09:00,998.25,1003.2000122070312,958.6500244140625,980.0999755859375,13030,0.0,0.0
2012-03-19 00:00:00+09:00,980.0999755859375,985.0499877929688,961.9500122070312,975.1500244140625,27088,0.0,0.0
2012-03-20 00:00:00+09:00,975.1500244140625,988.3499755859375,920.7000122070312,937.2000122070312,181728,0.0,0.0
2012-03-21 00:00:00+09:00,938.8499755859375,953.7000122070312,924.0,953.7000122070312,22860,0.0,0.0
2012-03-22 00:00:00+09:00,953.7000122070312,953.7000122070312,910.7999877929688,952.0499877929688,16522,0.0,0.0
2012-03-23 00:00:00+09:00,955.3499755859375,955.3499755859375,905.8499755859375,950.4000244140625,42958,0.0,0.0
2012-03-26 00:00:00+09:00,948.75,948.75,920.7000122070312,948.75,13182,0.0,0.0
2012-03-27 00:00:00+09:00,948.75,955.3499755859375,925.6500244140625,947.0999755859375,14512,0.0,0.0
2012-03-28 00:00:00+09:00,958.6500244140625,958.6500244140625,935.5499877929688,950.4000244140625,11522,0.0,0.0
2012-03-29 00:00:00+09:00,950.4000244140625,950.4000244140625,907.5,938.8499755859375,15472,0.0,0.0
2012-03-30 00:00:00+09:00,914.0999755859375,960.2999877929688,914.0999755859375,938.8499755859375,27646,0.0,0.0
2012-04-02 00:00:00+09:00,924.0,935.5499877929688,907.5,915.75,31416,0.0,0.0
2012-04-03 00:00:00+09:00,915.75,915.75,891.0,910.7999877929688,40948,0.0,0.0
2012-04-04 00:00:00+09:00,909.1500244140625,924.0,882.75,909.1500244140625,24798,0.0,0.0
2012-04-05 00:00:00+09:00,907.5,907.5,889.3499755859375,899.25,12140,0.0,0.0
2012-04-06 00:00:00+09:00,905.8499755859375,905.8499755859375,884.4000244140625,884.4000244140625,29704,0.0,0.0
2012-04-09 00:00:00+09:00,891.0,899.25,867.9000244140625,895.9500122070312,29776,0.0,0.0
2012-04-10 00:00:00+09:00,895.9500122070312,895.9500122070312,874.5,881.0999755859375,17804,0.0,0.0
2012-04-12 00:00:00+09:00,891.0,891.0,866.25,876.1500244140625,37980,0.0,0.0
2012-04-13 00:00:00+09:00,876.1500244140625,899.25,851.4000244140625,853.0499877929688,31386,0.0,0.0
2012-04-16 00:00:00+09:00,856.3499755859375,866.25,843.1500244140625,853.0499877929688,18518,0.0,0.0
2012-04-17 00:00:00+09:00,854.7000122070312,889.3499755859375,853.0499877929688,864.5999755859375,5220,0.0,0.0
2012-04-18 00:00:00+09:00,864.5999755859375,874.5,856.3499755859375,866.25,3152,0.0,0.0
2012-04-19 00:00:00+09:00,866.25,866.25,858.0,866.25,852,0.0,0.0
2012-04-20 00:00:00+09:00,858.0,867.9000244140625,858.0,866.25,10490,0.0,0.0
2012-04-23 00:00:00+09:00,866.25,866.25,851.4000244140625,853.0499877929688,22400,0.0,0.0
2012-04-24 00:00:00+09:00,851.4000244140625,859.6500244140625,825.0,838.2000122070312,34508,0.0,0.0
2012-04-25 00:00:00+09:00,829.9500122070312,831.5999755859375,810.1500244140625,811.7999877929688,43198,0.0,0.0
2012-04-26 00:00:00+09:00,811.7999877929688,820.0499877929688,694.6500244140625,780.4500122070312,49084,0.0,0.0
2012-04-27 00:00:00+09:00,783.75,783.75,727.6500244140625,757.3499755859375,26860,0.0,0.0
2012-04-30 00:00:00+09:00,740.8499755859375,792.0,740.8499755859375,767.25,16342,0.0,0.0
2012-05-02 00:00:00+09:00,745.7999877929688,782.0999755859375,745.7999877929688,773.8499755859375,15666,0.0,0.0
2012-05-03 00:00:00+09:00,762.2999877929688,773.8499755859375,757.3499755859375,757.3499755859375,7006,0.0,0.0
2012-05-04 00:00:00+09:00,757.3499755859375,757.3499755859375,645.1500244140625,650.0999755859375,443210,0.0,0.0
2012-05-07 00:00:00+09:00,643.5,699.5999755859375,598.9500122070312,612.1500244140625,201824,0.0,0.0
2012-05-08 00:00:00+09:00,618.75,618.75,557.7000122070312,575.8499755859375,120132,0.0,0.0
2012-05-09 00:00:00+09:00,575.8499755859375,579.1500244140625,544.5,561.0,70850,0.0,0.0
2012-05-10 00:00:00+09:00,567.5999755859375,570.9000244140625,546.1500244140625,552.75,23128,0.0,0.0
2012-05-11 00:00:00+09:00,523.0499877929688,541.2000122070312,475.20001220703125,516.4500122070312,482672,0.0,0.0
2012-05-14 00:00:00+09:00,524.7000122070312,592.3499755859375,485.1000061035156,508.20001220703125,974774,0.0,0.0
2012-05-15 00:00:00+09:00,561.0,577.5,508.20001220703125,528.0,533654,0.0,0.0
2012-05-16 00:00:00+09:00,499.95001220703125,524.7000122070312,486.75,488.3999938964844,318032,0.0,0.0
2012-05-17 00:00:00+09:00,488.3999938964844,511.5,480.1499938964844,501.6000061035156,128382,0.0,0.0
2012-05-18 00:00:00+09:00,453.75,483.45001220703125,427.3500061035156,427.3500061035156,488504,0.0,0.0
2012-05-21 00:00:00+09:00,415.79998779296875,445.5,392.70001220703125,432.29998779296875,239112,0.0,0.0
2012-05-22 00:00:00+09:00,435.6000061035156,491.70001220703125,435.6000061035156,462.0,158978,0.0,0.0
2012-05-23 00:00:00+09:00,445.5,481.79998779296875,443.8500061035156,481.79998779296875,69552,0.0,0.0
2012-05-24 00:00:00+09:00,495.0,509.8500061035156,478.5,509.8500061035156,278572,0.0,0.0
2012-05-25 00:00:00+09:00,519.75,584.0999755859375,501.6000061035156,529.6500244140625,414862,0.0,0.0
2012-05-29 00:00:00+09:00,524.7000122070312,524.7000122070312,485.1000061035156,493.3500061035156,104194,0.0,0.0
2012-05-30 00:00:00+09:00,490.04998779296875,493.3500061035156,470.25,481.79998779296875,57750,0.0,0.0
2012-05-31 00:00:00+09:00,483.45001220703125,552.75,475.20001220703125,546.1500244140625,824444,0.0,0.0
2012-06-01 00:00:00+09:00,523.0499877929688,559.3499755859375,496.6499938964844,552.75,554368,0.0,0.0
2012-06-04 00:00:00+09:00,569.25,635.25,551.0999755859375,635.25,1349992,0.0,0.0
2012-06-05 00:00:00+09:00,701.25,711.1500244140625,585.75,590.7000122070312,1740258,0.0,0.0
2012-06-07 00:00:00+09:00,587.4000244140625,587.4000244140625,536.25,541.2000122070312,961410,0.0,0.0
2012-06-08 00:00:00+09:00,546.1500244140625,562.6500244140625,490.04998779296875,495.0,594500,0.0,0.0
2012-06-11 00:00:00+09:00,509.8500061035156,569.25,491.70001220703125,532.9500122070312,1802158,0.0,0.0
2012-06-12 00:00:00+09:00,544.5,552.75,513.1500244140625,523.0499877929688,511422,0.0,0.0
2012-06-13 00:00:00+09:00,523.0499877929688,542.8499755859375,496.6499938964844,542.8499755859375,288690,0.0,0.0
2012-06-14 00:00:00+09:00,544.5,623.7000122070312,531.2999877929688,597.2999877929688,2482458,0.0,0.0
2012-06-15 00:00:00+09:00,577.5,683.0999755859375,544.5,633.5999755859375,2038612,0.0,0.0
2012-06-18 00:00:00+09:00,636.9000244140625,727.6500244140625,636.9000244140625,727.6500244140625,2032030,0.0,0.0
2012-06-19 00:00:00+09:00,777.1500244140625,836.5499877929688,744.1500244140625,836.5499877929688,4936566,0.0,0.0
2012-06-20 00:00:00+09:00,825.0,900.9000244140625,801.9000244140625,839.8499755859375,4197890,0.0,0.0
2012-06-21 00:00:00+09:00,833.25,882.75,773.8499755859375,839.8499755859375,3080208,0.0,0.0
2012-06-22 00:00:00+09:00,811.7999877929688,907.5,808.5,839.8499755859375,2560178,0.0,0.0
2012-06-25 00:00:00+09:00,826.6500244140625,891.0,778.7999877929688,806.8499755859375,2473686,0.0,0.0
2012-06-26 00:00:00+09:00,795.2999877929688,806.8499755859375,714.4500122070312,760.6500244140625,1112388,0.0,0.0
2012-06-27 00:00:00+09:00,759.0,798.5999755859375,721.0499877929688,749.0999755859375,1367784,0.0,0.0
2012-06-28 00:00:00+09:00,759.0,773.8499755859375,688.0499877929688,701.25,589784,0.0,0.0
2012-06-29 00:00:00+09:00,704.5499877929688,719.4000244140625,678.1500244140625,689.7000122070312,507220,0.0,0.0
2012-07-02 00:00:00+09:00,712.7999877929688,721.0499877929688,686.4000244140625,691.3499755859375,387024,0.0,0.0
2012-07-03 00:00:00+09:00,696.2999877929688,755.7000122070312,674.8499755859375,716.0999755859375,693208,0.0,0.0
2012-07-04 00:00:00+09:00,732.5999755859375,734.25,704.5499877929688,707.8499755859375,311994,0.0,0.0
2012-07-05 00:00:00+09:00,726.0,740.8499755859375,691.3499755859375,702.9000244140625,258960,0.0,0.0
2012-07-06 00:00:00+09:00,701.25,737.5499877929688,668.25,701.25,563476,0.0,0.0
2012-07-09 00:00:00+09:00,694.6500244140625,790.3499755859375,691.3499755859375,742.5,2432674,0.0,0.0
2012-07-10 00:00:00+09:00,749.0999755859375,783.75,633.5999755859375,635.25,2786064,0.0,0.0
2012-07-11 00:00:00+09:00,631.9500122070312,645.1500244140625,544.5,559.3499755859375,2430010,0.0,0.0
2012-07-12 00:00:00+09:00,564.2999877929688,595.6500244140625,557.7000122070312,579.1500244140625,777088,0.0,0.0
2012-07-13 00:00:00+09:00,664.9500122070312,664.9500122070312,664.9500122070312,664.9500122070312,266640,0.0,0.0
2012-07-16 00:00:00+09:00,730.9500122070312,757.3499755859375,673.2000122070312,674.8499755859375,3819196,0.0,0.0
2012-07-17 00:00:00+09:00,646.7999877929688,658.3499755859375,594.0,625.3499755859375,1864864,0.0,0.0
2012-07-18 00:00:00+09:00,620.4000244140625,643.5,585.75,643.5,777218,0.0,0.0
2012-07-19 00:00:00+09:00,635.25,734.25,631.9500122070312,645.1500244140625,2196756,0.0,0.0
2012-07-20 00:00:00+09:00,660.0,674.8499755859375,628.6500244140625,628.6500244140625,662306,0.0,0.0
2012-07-23 00:00:00+09:00,631.9500122070312,641.8499755859375,585.75,612.1500244140625,483226,0.0,0.0
2012-07-24 00:00:00+09:00,612.1500244140625,631.9500122070312,594.0,612.1500244140625,235948,0.0,0.0
2012-07-25 00:00:00+09:00,625.3499755859375,625.3499755859375,561.0,577.5,293560,0.0,0.0
2012-07-26 00:00:00+09:00,491.70001220703125,528.0,491.70001220703125,501.6000061035156,873190,0.0,0.0
2013-09-23 00:00:00+09:00,,,,,0,0.0,0.151515
2013-11-19 00:00:00+09:00,540.0,540.0,460.0,460.0,1357376,0.0,0.0
2013-11-20 00:00:00+09:00,440.0,465.5,440.0,441.5,397592,0.0,0.0
2013-11-21 00:00:00+09:00,470.0,470.0,386.0,434.5,278892,0.0,0.0
2013-11-22 00:00:00+09:00,427.5,427.5,412.5,412.5,323120,0.0,0.0
2013-11-25 00:00:00+09:00,413.0,432.5,400.5,404.0,148968,0.0,0.0
2013-11-26 00:00:00+09:00,401.5,407.5,392.0,400.0,139680,0.0,0.0
2013-11-27 00:00:00+09:00,405.0,405.0,394.0,396.5,141730,0.0,0.0
2013-11-28 00:00:00+09:00,395.0,405.0,395.0,405.0,52026,0.0,0.0
2013-11-29 00:00:00+09:00,424.5,440.0,392.0,440.0,118904,0.0,0.0
2013-12-02 00:00:00+09:00,440.0,440.0,420.5,421.0,37622,0.0,0.0
2013-12-03 00:00:00+09:00,425.0,425.0,406.0,406.5,45050,0.0,0.0
2013-12-04 00:00:00+09:00,409.5,410.0,402.5,404.5,25450,0.0,0.0
2013-12-05 00:00:00+09:00,405.0,409.5,396.0,397.0,58336,0.0,0.0
2013-12-06 00:00:00+09:00,395.0,422.5,395.0,415.0,17858,0.0,0.0
2013-12-09 00:00:00+09:00,397.5,406.5,396.5,396.5,85750,0.0,0.0
2013-12-10 00:00:00+09:00,407.5,407.5,388.0,388.0,133408,0.0,0.0
2013-12-11 00:00:00+09:00,388.0,394.5,382.5,385.0,33574,0.0,0.0
2013-12-12 00:00:00+09:00,383.5,390.0,380.0,390.0,64146,0.0,0.0
2013-12-13 00:00:00+09:00,392.5,392.5,385.0,385.0,68662,0.0,0.0
2013-12-16 00:00:00+09:00,382.5,382.5,380.0,380.5,85624,0.0,0.0
2013-12-17 00:00:00+09:00,375.0,390.0,375.0,382.0,32804,0.0,0.0
2013-12-18 00:00:00+09:00,382.0,434.5,380.0,434.5,188598,0.0,0.0
2013-12-19 00:00:00+09:00,410.0,410.0,369.5,369.5,773874,0.0,0.0
2013-12-20 00:00:00+09:00,367.5,367.5,330.0,330.0,48248,0.0,0.0
2013-12-23 00:00:00+09:00,350.0,350.0,330.0,334.0,52218,0.0,0.0
2013-12-24 00:00:00+09:00,334.5,345.5,334.5,345.5,82378,0.0,0.0
2013-12-26 00:00:00+09:00,350.0,350.0,340.5,345.0,40322,0.0,0.0
2013-12-27 00:00:00+09:00,345.0,350.0,345.0,350.0,59234,0.0,0.0
2013-12-30 00:00:00+09:00,350.0,365.0,350.0,363.5,3216,0.0,0.0
2014-01-02 00:00:00+09:00,352.5,369.5,350.0,363.0,458,0.0,0.0
2014-01-03 00:00:00+09:00,384.0,384.0,350.5,354.0,14828,0.0,0.0
2014-01-06 00:00:00+09:00,352.5,355.0,350.0,350.0,51242,0.0,0.0
2014-01-07 00:00:00+09:00,348.5,350.0,342.0,350.0,7332,0.0,0.0
2014-01-08 00:00:00+09:00,345.0,354.5,340.5,345.0,30754,0.0,0.0
2014-01-09 00:00:00+09:00,382.0,382.0,347.5,362.5,1808,0.0,0.0
2014-01-10 00:00:00+09:00,375.0,379.0,358.0,372.5,584,0.0,0.0
2014-01-13 00:00:00+09:00,362.0,362.5,352.5,355.0,44082,0.0,0.0
2014-01-14 00:00:00+09:00,352.5,352.5,347.5,347.5,7028,0.0,0.0
2014-01-15 00:00:00+09:00,347.5,351.0,345.0,350.5,21730,0.0,0.0
2014-01-16 00:00:00+09:00,378.0,378.0,340.5,353.5,6622,0.0,0.0
2014-01-17 00:00:00+09:00,353.5,353.5,342.5,342.5,17880,0.0,0.0
2014-01-20 00:00:00+09:00,343.0,347.5,343.0,345.0,23436,0.0,0.0
2014-01-21 00:00:00+09:00,340.5,359.5,340.5,344.0,11766,0.0,0.0
2014-01-22 00:00:00+09:00,344.0,345.5,340.5,345.5,53938,0.0,0.0
2014-01-23 00:00:00+09:00,346.0,350.0,345.5,345.5,65048,0.0,0.0
2014-01-24 00:00:00+09:00,343.0,344.5,329.0,329.0,9642,0.0,0.0
2014-01-27 00:00:00+09:00,301.0,323.5,301.0,303.0,35310,0.0,0.0
2014-01-28 00:00:00+09:00,305.0,329.5,305.0,308.5,17426,0.0,0.0
2014-01-29 00:00:00+09:00,324.5,324.5,311.0,320.0,24286,0.0,0.0
2014-02-03 00:00:00+09:00,334.0,334.0,320.0,322.5,5624,0.0,0.0
2014-02-04 00:00:00+09:00,333.0,333.0,320.5,320.5,2642,0.0,0.0
2014-02-05 00:00:00+09:00,333.5,333.5,320.0,320.0,300636,0.0,0.0
2014-02-06 00:00:00+09:00,317.5,320.0,316.0,316.5,6886,0.0,0.0
2014-02-07 00:00:00+09:00,321.0,321.0,315.5,316.0,64130,0.0,0.0
2014-02-10 00:00:00+09:00,320.0,320.0,316.5,319.5,1022,0.0,0.0
2014-02-11 00:00:00+09:00,319.5,319.5,319.0,319.5,2234,0.0,0.0
2014-02-12 00:00:00+09:00,339.0,339.0,315.5,320.0,6546,0.0,0.0
2014-02-13 00:00:00+09:00,320.0,320.0,314.5,315.0,358096,0.0,0.0
2014-02-14 00:00:00+09:00,324.5,324.5,315.0,315.0,13404,0.0,0.0
2014-02-17 00:00:00+09:00,316.5,316.5,314.0,315.5,129098,0.0,0.0
2014-02-18 00:00:00+09:00,316.0,316.0,313.5,313.5,110408,0.0,0.0
2014-02-19 00:00:00+09:00,315.0,315.5,315.0,315.5,191606,0.0,0.0
2014-02-20 00:00:00+09:00,311.5,348.5,311.5,332.5,90966,0.0,0.0
2014-02-21 00:00:00+09:00,348.5,348.5,320.0,329.5,922,0.0,0.0
2014-02-24 00:00:00+09:00,333.5,333.5,313.0,315.0,18332,0.0,0.0
2014-02-25 00:00:00+09:00,323.5,325.0,315.0,322.5,20430,0.0,0.0
2014-02-26 00:00:00+09:00,317.0,322.5,313.0,313.0,31524,0.0,0.0
2014-02-27 00:00:00+09:00,313.5,318.0,309.5,309.5,37628,0.0,0.0
2014-02-28 00:00:00+09:00,308.0,308.0,304.5,308.0,20030,0.0,0.0
2014-03-03 00:00:00+09:00,305.0,313.5,305.0,306.5,5718,0.0,0.0
2014-03-04 00:00:00+09:00,302.0,319.0,302.0,307.5,3310,0.0,0.0
2014-03-05 00:00:00+09:00,307.5,310.0,307.5,310.0,4922,0.0,0.0
2014-03-06 00:00:00+09:00,301.5,309.0,301.5,306.5,18416,0.0,0.0
2014-03-07 00:00:00+09:00,309.0,309.0,305.5,309.0,3002,0.0,0.0
2014-03-10 00:00:00+09:00,304.5,304.5,286.5,300.0,47650,0.0,0.0
2014-03-11 00:00:00+09:00,287.5,305.0,255.0,255.0,159494,0.0,0.0
2014-03-12 00:00:00+09:00,255.0,255.0,239.5,244.5,146442,0.0,0.0
2014-03-13 00:00:00+09:00,249.0,249.0,216.5,216.5,66772,0.0,0.0
2014-03-14 00:00:00+09:00,240.0,248.5,235.0,248.5,354770,0.0,0.0
2014-03-17 00:00:00+09:00,285.5,285.5,235.0,235.0,396626,0.0,0.0
2014-03-18 00:00:00+09:00,225.5,240.0,210.5,215.0,180046,0.0,0.0
2014-03-19 00:00:00+09:00,222.5,235.0,206.0,206.5,103622,0.0,0.0
2014-03-20 00:00:00+09:00,207.0,210.0,198.5,205.0,57834,0.0,0.0
2014-03-21 00:00:00+09:00,210.0,234.5,205.0,234.5,44452,0.0,0.0
2014-03-24 00:00:00+09:00,235.5,249.5,235.5,247.5,426622,0.0,0.0
2014-03-25 00:00:00+09:00,240.0,240.0,226.5,226.5,13604,0.0,0.0
2014-03-26 00:00:00+09:00,241.5,243.5,238.5,238.5,19746,0.0,0.0
2014-03-27 00:00:00+09:00,241.5,241.5,228.0,241.5,6152,0.0,0.0
2014-03-28 00:00:00+09:00,238.5,238.5,235.5,237.0,15736,0.0,0.0
2014-03-31 00:00:00+09:00,237.0,237.0,225.0,233.5,39574,0.0,0.0
2014-04-01 00:00:00+09:00,233.5,233.5,223.5,233.0,8986,0.0,0.0
2014-04-02 00:00:00+09:00,225.0,225.0,212.5,215.0,59870,0.0,0.0
2014-04-03 00:00:00+09:00,211.0,224.5,210.0,224.5,28144,0.0,0.0
2014-04-04 00:00:00+09:00,215.0,215.0,210.5,210.5,17406,0.0,0.0
2014-04-07 00:00:00+09:00,212.0,212.0,208.5,210.5,66748,0.0,0.0
2014-04-08 00:00:00+09:00,210.5,215.0,208.5,213.5,39214,0.0,0.0
2014-04-09 00:00:00+09:00,210.0,217.5,210.0,216.0,55158,0.0,0.0
2014-04-10 00:00:00+09:00,228.0,228.0,224.5,224.5,3756,0.0,0.0
2014-04-11 00:00:00+09:00,210.5,227.0,207.5,227.0,36224,0.0,0.0
2014-04-14 00:00:00+09:00,217.0,217.0,206.0,206.0,117112,0.0,0.0
2014-04-15 00:00:00+09:00,206.0,206.5,203.5,206.0,46570,0.0,0.0
2014-04-16 00:00:00+09:00,210.0,210.0,197.5,200.5,67052,0.0,0.0
2014-04-17 00:00:00+09:00,198.5,200.0,196.5,200.0,32136,0.0,0.0
2014-04-18 00:00:00+09:00,200.0,200.5,197.5,200.0,20922,0.0,0.0
2014-04-21 00:00:00+09:00,197.5,200.0,194.5,194.5,32946,0.0,0.0
2014-04-22 00:00:00+09:00,194.5,194.5,189.5,190.5,21404,0.0,0.0
2014-04-23 00:00:00+09:00,186.0,191.0,186.0,189.5,30576,0.0,0.0
2014-04-24 00:00:00+09:00,189.5,189.5,180.5,187.5,77204,0.0,0.0
2014-04-25 00:00:00+09:00,188.0,200.0,188.0,189.0,13624,0.0,0.0
2014-04-28 00:00:00+09:00,185.5,185.5,180.5,180.5,31918,0.0,0.0
2014-04-29 00:00:00+09:00,175.0,175.0,155.0,155.0,180768,0.0,0.0
2014-04-30 00:00:00+09:00,154.0,162.5,150.0,152.0,100510,0.0,0.0
2014-05-02 00:00:00+09:00,150.5,154.0,150.0,150.0,60738,0.0,0.0
2014-05-07 00:00:00+09:00,150.0,153.0,149.0,153.0,59632,0.0,0.0
2014-05-08 00:00:00+09:00,156.0,156.0,150.5,150.5,71666,0.0,0.0
2014-05-09 00:00:00+09:00,157.5,157.5,151.0,153.0,47048,0.0,0.0
2014-05-12 00:00:00+09:00,150.5,155.0,150.5,153.0,36438,0.0,0.0
2014-05-13 00:00:00+09:00,152.5,152.5,150.0,151.5,82394,0.0,0.0
2014-05-14 00:00:00+09:00,150.0,174.0,150.0,155.5,337926,0.0,0.0
2014-05-15 00:00:00+09:00,164.0,164.0,155.5,162.0,83736,0.0,0.0
2014-05-16 00:00:00+09:00,165.0,165.0,157.5,157.5,71476,0.0,0.0
2014-05-19 00:00:00+09:00,157.5,162.0,154.0,158.5,20264,0.0,0.0
2014-05-20 00:00:00+09:00,159.0,160.0,155.5,160.0,30314,0.0,0.0
2014-05-21 00:00:00+09:00,156.0,165.0,156.0,161.0,33280,0.0,0.0
2014-05-22 00:00:00+09:00,166.5,166.5,160.5,161.0,48258,0.0,0.0
2014-05-23 00:00:00+09:00,161.0,165.5,153.0,153.0,42868,0.0,0.0
2014-05-26 00:00:00+09:00,153.0,164.5,153.0,159.5,22104,0.0,0.0
2014-05-27 00:00:00+09:00,159.5,162.5,155.0,155.0,4142,0.0,0.0
2014-05-28 00:00:00+09:00,154.0,160.0,153.5,160.0,24936,0.0,0.0
2014-05-29 00:00:00+09:00,156.0,164.5,155.5,164.5,30312,0.0,0.0
2014-05-30 00:00:00+09:00,167.0,167.0,160.0,160.0,18588,0.0,0.0
2014-06-02 00:00:00+09:00,161.0,162.5,159.5,162.5,9938,0.0,0.0
2014-06-03 00:00:00+09:00,165.0,165.0,162.0,164.0,20772,0.0,0.0
2014-06-05 00:00:00+09:00,185.0,188.5,164.0,164.0,441870,0.0,0.0
2014-06-09 00:00:00+09:00,164.5,164.5,150.0,150.0,457896,0.0,0.0
2014-06-10 00:00:00+09:00,150.0,167.5,150.0,162.5,40118,0.0,0.0
2014-06-11 00:00:00+09:00,154.0,154.5,150.0,152.5,208740,0.0,0.0
2014-06-12 00:00:00+09:00,165.0,165.0,155.0,160.0,3730,0.0,0.0
2014-06-13 00:00:00+09:00,182.5,184.0,152.5,152.5,800600,0.0,0.0
2014-06-16 00:00:00+09:00,147.5,150.5,144.0,150.0,332406,0.0,0.0
2014-06-17 00:00:00+09:00,150.0,160.0,149.5,150.0,1103956,0.0,0.0
2014-06-18 00:00:00+09:00,150.0,154.0,150.0,152.5,18736,0.0,0.0
2014-06-19 00:00:00+09:00,151.0,175.0,151.0,175.0,434400,0.0,0.0
2014-06-20 00:00:00+09:00,199.0,201.0,177.0,181.0,1465862,0.0,0.0
2014-06-23 00:00:00+09:00,186.5,208.0,186.5,208.0,1121516,0.0,0.0
2014-06-24 00:00:00+09:00,224.5,239.0,220.5,239.0,1028520,0.0,0.0
2014-06-25 00:00:00+09:00,239.0,250.0,205.5,205.5,640678,0.0,0.0
2014-06-26 00:00:00+09:00,206.5,236.0,206.5,236.0,472828,0.0,0.0
2014-06-27 00:00:00+09:00,255.5,271.0,255.5,271.0,752964,0.0,0.0
2014-06-30 00:00:00+09:00,285.5,307.5,271.0,271.0,700124,0.0,0.0
2014-07-01 00:00:00+09:00,269.5,269.5,240.0,249.5,954592,0.0,0.0
2014-07-02 00:00:00+09:00,243.0,286.5,243.0,265.5,716682,0.0,0.0
2014-07-03 00:00:00+09:00,265.5,283.5,246.0,246.0,629346,0.0,0.0
2014-07-04 00:00:00+09:00,270.0,270.0,245.0,251.0,314400,0.0,0.0
2014-07-07 00:00:00+09:00,255.0,286.5,255.0,270.0,479286,0.0,0.0
2014-07-08 00:00:00+09:00,265.0,270.0,255.5,261.5,171558,0.0,0.0
2014-07-09 00:00:00+09:00,268.5,268.5,252.5,256.0,120740,0.0,0.0
2014-07-10 00:00:00+09:00,267.0,267.0,250.0,250.5,112774,0.0,0.0
2014-07-11 00:00:00+09:00,248.0,256.5,246.5,246.5,88722,0.0,0.0
2014-07-14 00:00:00+09:00,251.5,265.0,246.5,252.0,55992,0.0,0.0
2014-07-15 00:00:00+09:00,250.0,253.0,240.0,252.5,60978,0.0,0.0
2014-07-16 00:00:00+09:00,247.5,253.5,247.5,253.5,59982,0.0,0.0
2014-07-17 00:00:00+09:00,250.0,260.0,250.0,259.5,33556,0.0,0.0
2014-07-18 00:00:00+09:00,258.0,262.5,254.5,262.5,42152,0.0,0.0
2014-07-21 00:00:00+09:00,262.5,262.5,251.0,255.0,18458,0.0,0.0
2014-07-22 00:00:00+09:00,255.0,259.5,252.5,259.0,67512,0.0,0.0
2014-07-23 00:00:00+09:00,253.0,257.0,252.5,252.5,47658,0.0,0.0
2014-07-24 00:00:00+09:00,260.5,260.5,255.0,257.5,33812,0.0,0.0
2014-07-25 00:00:00+09:00,259.0,259.0,252.5,254.0,68190,0.0,0.0
2014-07-28 00:00:00+09:00,265.5,286.5,265.5,270.0,149576,0.0,0.0
2014-07-29 00:00:00+09:00,270.0,272.5,237.5,241.0,272870,0.0,0.0
2014-07-30 00:00:00+09:00,248.5,275.0,248.5,265.0,87584,0.0,0.0
2014-07-31 00:00:00+09:00,265.0,280.0,246.0,250.5,108994,0.0,0.0
2014-08-01 00:00:00+09:00,251.5,262.0,250.5,253.0,31486,0.0,0.0
2014-08-04 00:00:00+09:00,247.5,253.0,247.5,251.0,69338,0.0,0.0
2014-08-05 00:00:00+09:00,252.5,252.5,250.0,250.5,51476,0.0,0.0
2014-08-06 00:00:00+09:00,252.5,288.0,252.5,261.0,524684,0.0,0.0
2014-08-07 00:00:00+09:00,251.0,260.0,250.0,251.5,229306,0.0,0.0
2014-08-08 00:00:00+09:00,244.5,244.5,214.0,214.0,1739020,0.0,0.0
2014-08-11 00:00:00+09:00,216.5,216.5,206.0,206.0,458154,0.0,0.0
2014-08-12 00:00:00+09:00,205.5,219.5,205.5,219.5,66558,0.0,0.0
2014-08-13 00:00:00+09:00,227.5,227.5,215.5,222.5,6558,0.0,0.0
2014-08-14 00:00:00+09:00,220.0,226.0,217.5,222.5,21076,0.0,0.0
2014-08-18 00:00:00+09:00,221.5,221.5,206.5,212.5,14352,0.0,0.0
2014-08-19 00:00:00+09:00,210.0,220.0,210.0,211.5,16766,0.0,0.0
2014-08-20 00:00:00+09:00,211.5,213.5,201.5,213.5,164426,0.0,0.0
2014-08-21 00:00:00+09:00,215.0,215.0,208.0,208.0,231850,0.0,0.0
2014-08-22 00:00:00+09:00,202.5,210.0,202.5,203.0,84136,0.0,0.0
2014-08-25 00:00:00+09:00,203.5,208.0,203.5,203.5,43748,0.0,0.0
2014-08-26 00:00:00+09:00,201.5,225.0,201.5,203.5,50722,0.0,0.0
2014-08-27 00:00:00+09:00,203.0,204.5,203.0,203.0,98518,0.0,0.0
2014-08-28 00:00:00+09:00,201.0,203.5,201.0,202.0,38908,0.0,0.0
2014-08-29 00:00:00+09:00,202.5,205.0,202.5,205.0,23002,0.0,0.0
2014-09-01 00:00:00+09:00,200.0,206.0,200.0,200.5,4852,0.0,0.0
2014-09-02 00:00:00+09:00,205.0,205.0,201.5,203.0,8480,0.0,0.0
2014-09-03 00:00:00+09:00,204.5,206.0,203.0,204.5,23252,0.0,0.0
2014-09-04 00:00:00+09:00,200.5,210.0,200.5,204.5,26352,0.0,0.0
2014-09-05 00:00:00+09:00,225.0,225.0,203.5,219.5,12396,0.0,0.0
2014-09-11 00:00:00+09:00,218.0,219.5,217.5,219.5,21128,0.0,0.0
2014-09-12 00:00:00+09:00,247.0,252.0,235.0,252.0,140704,0.0,0.0
2014-09-15 00:00:00+09:00,252.0,252.0,232.5,234.5,127240,0.0,0.0
2014-09-16 00:00:00+09:00,237.5,268.5,227.5,263.5,33974,0.0,0.0
2014-09-17 00:00:00+09:00,255.0,255.0,240.0,244.0,25812,0.0,0.0
2014-09-18 00:00:00+09:00,238.0,274.5,238.0,239.0,19164,0.0,0.0
2014-09-19 00:00:00+09:00,244.0,265.0,235.0,264.0,9454,0.0,0.0
2014-09-22 00:00:00+09:00,262.0,265.0,251.0,260.0,2864,0.0,0.0
2014-09-23 00:00:00+09:00,260.0,260.0,241.5,241.5,61714,0.0,0.0
2014-09-24 00:00:00+09:00,240.0,250.0,235.0,248.5,5702,0.0,0.0
2014-09-25 00:00:00+09:00,256.0,256.0,244.5,250.0,1912,0.0,0.0
2014-09-26 00:00:00+09:00,244.0,244.0,236.0,244.0,1126,0.0,0.0
2014-09-29 00:00:00+09:00,235.5,244.0,235.5,236.5,13148,0.0,0.0
2014-09-30 00:00:00+09:00,248.0,248.0,232.0,232.0,11254,0.0,0.0
2014-10-01 00:00:00+09:00,231.0,234.5,231.0,232.0,19206,0.0,0.0
2014-10-02 00:00:00+09:00,228.0,231.0,228.0,231.0,4678,0.0,0.0
2014-10-06 00:00:00+09:00,229.5,235.0,229.5,235.0,6364,0.0,0.0
2014-10-07 00:00:00+09:00,260.0,260.0,236.0,250.5,3326,0.0,0.0
2014-10-08 00:00:00+09:00,250.0,267.5,250.0,253.5,17034,0.0,0.0
2014-10-10 00:00:00+09:00,252.0,270.0,250.0,250.0,76124,0.0,0.0
2014-10-13 00:00:00+09:00,244.0,250.5,244.0,245.0,35388,0.0,0.0
2014-10-14 00:00:00+09:00,242.5,257.0,242.5,255.0,56948,0.0,0.0
2014-10-15 00:00:00+09:00,255.5,272.0,255.5,256.0,9876,0.0,0.0
2014-10-16 00:00:00+09:00,262.5,262.5,256.0,260.5,100,0.0,0.0
2014-10-17 00:00:00+09:00,258.5,263.5,242.5,259.0,94844,0.0,0.0
2014-10-20 00:00:00+09:00,225.5,262.5,225.5,250.0,7202,0.0,0.0
2014-10-21 00:00:00+09:00,246.5,263.5,245.0,246.5,23950,0.0,0.0
2014-10-22 00:00:00+09:00,250.0,257.0,250.0,256.5,316,0.0,0.0
2014-10-23 00:00:00+09:00,259.0,268.5,259.0,264.0,6126,0.0,0.0
2014-10-24 00:00:00+09:00,264.0,264.0,248.0,263.5,984,0.0,0.0
2014-10-27 00:00:00+09:00,272.5,272.5,255.0,265.0,26228,0.0,0.0
2014-10-28 00:00:00+09:00,297.5,297.5,252.0,252.5,2004,0.0,0.0
2014-10-29 00:00:00+09:00,271.5,271.5,250.0,254.0,24696,0.0,0.0
2014-10-30 00:00:00+09:00,250.0,254.0,250.0,253.0,17864,0.0,0.0
2014-10-31 00:00:00+09:00,253.0,260.0,250.0,259.5,612,0.0,0.0
2014-11-03 00:00:00+09:00,271.0,271.0,255.0,255.0,8860,0.0,0.0
2014-11-04 00:00:00+09:00,255.0,259.5,250.0,259.5,41740,0.0,0.0
2014-11-05 00:00:00+09:00,259.5,259.5,250.0,251.5,1052,0.0,0.0
2014-11-06 00:00:00+09:00,259.5,259.5,221.0,252.0,584,0.0,0.0
2014-11-07 00:00:00+09:00,262.5,262.5,227.0,260.0,826,0.0,0.0
2014-11-10 00:00:00+09:00,228.5,259.0,228.5,257.0,72,0.0,0.0
2014-11-11 00:00:00+09:00,262.0,262.0,250.0,258.5,128,0.0,0.0
2014-11-12 00:00:00+09:00,260.0,260.0,250.0,250.0,1222,0.0,0.0
2014-11-13 00:00:00+09:00,259.5,260.0,250.0,260.0,740,0.0,0.0
2014-11-14 00:00:00+09:00,260.0,260.0,245.0,258.0,324,0.0,0.0
2014-11-17 00:00:00+09:00,258.0,269.5,245.0,267.5,112366,0.0,0.0
2014-11-18 00:00:00+09:00,269.5,287.5,259.5,265.0,482370,0.0,0.0
2014-11-19 00:00:00+09:00,274.5,274.5,243.5,247.0,114878,0.0,0.0
2014-11-20 00:00:00+09:00,247.5,260.0,239.5,244.0,35390,0.0,0.0
2014-11-21 00:00:00+09:00,215.5,250.5,215.5,245.5,28736,0.0,0.0
2014-11-24 00:00:00+09:00,267.0,267.0,240.0,245.0,8356,0.0,0.0
2014-11-25 00:00:00+09:00,248.0,248.0,222.0,238.0,36962,0.0,0.0
2014-11-26 00:00:00+09:00,231.0,249.5,222.0,245.0,19928,0.0,0.0
2014-11-27 00:00:00+09:00,245.0,245.0,230.0,240.0,2578,0.0,0.0
2014-11-28 00:00:00+09:00,210.0,251.5,210.0,241.5,16444,0.0,0.0
2014-12-01 00:00:00+09:00,241.5,246.0,239.5,239.5,974,0.0,0.0
2014-12-02 00:00:00+09:00,210.0,247.0,210.0,239.5,5110,0.0,0.0
2014-12-03 00:00:00+09:00,235.0,244.5,235.0,237.5,29952,0.0,0.0
2014-12-04 00:00:00+09:00,235.0,242.5,235.0,240.5,590,0.0,0.0
2014-12-05 00:00:00+09:00,240.0,242.5,237.5,241.5,5378,0.0,0.0
2014-12-08 00:00:00+09:00,230.5,242.0,230.0,240.0,9588,0.0,0.0
2014-12-09 00:00:00+09:00,240.0,265.0,240.0,264.5,33790,0.0,0.0
2014-12-10 00:00:00+09:00,264.5,264.5,232.0,245.0,22018,0.0,0.0
2014-12-11 00:00:00+09:00,233.0,269.5,233.0,258.5,16770,0.0,0.0
2014-12-12 00:00:00+09:00,265.0,269.0,243.0,267.5,132392,0.0,0.0
2014-12-15 00:00:00+09:00,275.0,306.0,261.5,261.5,436064,0.0,0.0
2014-12-16 00:00:00+09:00,274.0,274.0,252.0,273.5,245828,0.0,0.0
2014-12-17 00:00:00+09:00,275.0,282.5,264.5,264.5,247060,0.0,0.0
2014-12-18 00:00:00+09:00,262.0,285.0,260.5,260.5,269912,0.0,0.0
2014-12-19 00:00:00+09:00,279.0,279.0,264.5,264.5,229140,0.0,0.0
2014-12-22 00:00:00+09:00,272.5,273.0,264.5,264.5,6074,0.0,0.0
2014-12-23 00:00:00+09:00,265.0,267.0,260.0,266.5,19308,0.0,0.0
2014-12-24 00:00:00+09:00,270.0,270.0,250.5,262.5,98736,0.0,0.0
2014-12-26 00:00:00+09:00,262.5,292.0,256.0,262.5,85642,0.0,0.0
2014-12-29 00:00:00+09:00,262.5,271.5,258.5,258.5,4964,0.0,0.0
2014-12-30 00:00:00+09:00,259.0,272.5,256.5,264.0,2858,0.0,0.0
2015-01-02 00:00:00+09:00,272.0,272.0,252.5,255.5,56518,0.0,0.0
2015-01-05 00:00:00+09:00,257.0,267.0,251.0,258.5,2018,0.0,0.0
2015-01-06 00:00:00+09:00,269.5,269.5,253.0,258.5,9978,0.0,0.0
2015-01-07 00:00:00+09:00,253.5,269.5,245.5,247.5,57490,0.0,0.0
2015-01-08 00:00:00+09:00,254.5,259.0,253.0,253.0,9962,0.0,0.0
2015-01-09 00:00:00+09:00,265.0,265.0,245.5,260.0,3574,0.0,0.0
2015-01-12 00:00:00+09:00,261.5,262.5,259.0,261.0,166,0.0,0.0
2015-01-13 00:00:00+09:00,259.0,259.0,247.5,254.5,41688,0.0,0.0
2015-01-14 00:00:00+09:00,254.5,260.5,249.5,254.5,102938,0.0,0.0
2015-01-15 00:00:00+09:00,261.5,261.5,246.0,253.0,83292,0.0,0.0
2015-01-16 00:00:00+09:00,258.0,290.5,243.0,282.0,327492,0.0,0.0
2015-01-19 00:00:00+09:00,324.0,324.0,304.0,324.0,1759066,0.0,0.0
2015-01-20 00:00:00+09:00,280.5,298.5,275.5,275.5,1390166,0.0,0.0
2015-01-21 00:00:00+09:00,290.0,316.5,275.5,316.5,882628,0.0,0.0
2015-01-22 00:00:00+09:00,354.5,354.5,296.0,303.0,619114,0.0,0.0
2015-01-23 00:00:00+09:00,315.0,315.0,285.0,294.0,238608,0.0,0.0
2015-01-26 00:00:00+09:00,297.0,298.5,274.5,279.5,160990,0.0,0.0
2015-01-27 00:00:00+09:00,280.0,284.0,263.5,282.5,115670,0.0,0.0
2015-01-28 00:00:00+09:00,280.0,283.0,262.5,269.5,133650,0.0,0.0
2015-01-29 00:00:00+09:00,267.5,282.0,249.5,260.0,222282,0.0,0.0
2015-01-30 00:00:00+09:00,271.0,271.0,255.5,260.0,36578,0.0,0.0
2015-02-02 00:00:00+09:00,260.0,269.5,256.5,256.5,25992,0.0,0.0
2015-02-03 00:00:00+09:00,254.5,260.0,253.5,260.0,114210,0.0,0.0
2015-02-04 00:00:00+09:00,269.5,271.0,258.0,264.5,45006,0.0,0.0
2015-02-05 00:00:00+09:00,271.0,289.5,267.0,272.0,63010,0.0,0.0
2015-02-06 00:00:00+09:00,285.0,285.0,271.0,272.5,18328,0.0,0.0
2015-02-09 00:00:00+09:00,273.0,310.0,263.0,286.5,76606,0.0,0.0
2015-02-10 00:00:00+09:00,299.5,299.5,277.5,290.0,19548,0.0,0.0
2015-02-11 00:00:00+09:00,288.0,300.0,286.0,293.0,11332,0.0,0.0
2015-02-12 00:00:00+09:00,293.0,312.5,290.0,290.0,33280,0.0,0.0
2015-02-13 00:00:00+09:00,290.0,297.0,286.5,286.5,1470,0.0,0.0
2015-02-16 00:00:00+09:00,285.5,296.0,259.5,275.5,61246,0.0,0.0
2015-02-17 00:00:00+09:00,271.5,310.0,263.5,276.5,12872,0.0,0.0
2015-02-23 00:00:00+09:00,286.0,286.0,270.0,280.0,86134,0.0,0.0
2015-02-24 00:00:00+09:00,284.5,299.5,274.5,282.0,11744,0.0,0.0
2015-02-25 00:00:00+09:00,280.0,281.5,273.0,281.5,33798,0.0,0.0
2015-02-26 00:00:00+09:00,275.0,286.0,273.0,277.5,82548,0.0,0.0
2015-02-27 00:00:00+09:00,277.5,292.0,276.0,277.5,27158,0.0,0.0
2015-03-02 00:00:00+09:00,287.5,287.5,275.5,280.0,12720,0.0,0.0
2015-03-03 00:00:00+09:00,278.0,285.0,277.0,285.0,19592,0.0,0.0
2015-03-04 00:00:00+09:00,285.5,290.0,280.0,289.5,126928,0.0,0.0
2015-03-05 00:00:00+09:00,290.0,290.0,282.0,285.0,99248,0.0,0.0
2015-03-06 00:00:00+09:00,302.5,302.5,275.5,284.0,23818,0.0,0.0
2015-03-09 00:00:00+09:00,277.5,292.5,270.5,272.5,29492,0.0,0.0
2015-03-10 00:00:00+09:00,271.5,284.5,265.0,276.0,21620,0.0,0.0
2015-03-11 00:00:00+09:00,276.0,279.5,267.5,269.5,16598,0.0,0.0
2015-03-12 00:00:00+09:00,266.0,275.5,265.5,275.5,30730,0.0,0.0
2015-03-13 00:00:00+09:00,273.5,280.0,250.5,261.5,86284,0.0,0.0
2015-03-16 00:00:00+09:00,263.5,274.0,241.0,252.0,52714,0.0,0.0
2015-03-17 00:00:00+09:00,258.5,269.0,250.5,255.0,226612,0.0,0.0
2015-03-18 00:00:00+09:00,265.0,279.5,257.5,263.0,279122,0.0,0.0
2015-03-19 00:00:00+09:00,267.5,293.5,256.5,268.0,661710,0.0,0.0
2015-03-20 00:00:00+09:00,296.0,296.0,245.0,256.5,162302,0.0,0.0
2015-03-23 00:00:00+09:00,278.0,278.0,255.0,259.5,27668,0.0,0.0
2015-03-24 00:00:00+09:00,269.0,269.0,250.5,255.0,53682,0.0,0.0
2015-03-25 00:00:00+09:00,261.0,269.0,250.0,251.5,71636,0.0,0.0
2015-03-26 00:00:00+09:00,257.0,258.0,240.0,242.5,77998,0.0,0.0
2015-03-27 00:00:00+09:00,248.5,248.5,234.5,247.5,77126,0.0,0.0
2015-03-30 00:00:00+09:00,246.0,254.5,230.0,237.0,69588,0.0,0.0
2015-03-31 00:00:00+09:00,237.0,237.0,204.5,207.5,1757452,0.0,0.0
2015-04-01 00:00:00+09:00,209.0,238.0,205.0,217.0,543052,0.0,0.0
2015-04-02 00:00:00+09:00,217.0,224.5,206.5,217.5,141236,0.0,0.0
2015-04-03 00:00:00+09:00,222.0,250.0,221.5,223.0,763556,0.0,0.0
2015-04-06 00:00:00+09:00,232.5,233.0,212.0,216.0,185316,0.0,0.0
2015-04-07 00:00:00+09:00,218.5,248.0,216.0,248.0,1471474,0.0,0.0
2015-04-08 00:00:00+09:00,262.0,262.5,232.5,242.5,1481398,0.0,0.0
2015-04-09 00:00:00+09:00,243.0,247.5,224.5,225.0,621058,0.0,0.0
2015-04-10 00:00:00+09:00,224.5,237.5,222.0,225.0,1314080,0.0,0.0
2015-04-13 00:00:00+09:00,228.0,257.0,225.0,248.5,1752744,0.0,0.0
2015-04-14 00:00:00+09:00,248.5,251.0,233.0,242.0,574318,0.0,0.0
2015-04-15 00:00:00+09:00,235.5,246.5,235.5,246.0,347188,0.0,0.0
2015-04-16 00:00:00+09:00,265.0,265.0,240.5,243.5,239692,0.0,0.0
2015-04-17 00:00:00+09:00,242.5,246.0,237.5,241.0,239794,0.0,0.0
2015-04-20 00:00:00+09:00,249.0,249.0,236.0,245.0,257854,0.0,0.0
2015-04-21 00:00:00+09:00,241.5,245.0,238.5,241.0,196794,0.0,0.0
2015-04-22 00:00:00+09:00,245.0,250.0,230.0,236.0,766190,0.0,0.0
2015-04-23 00:00:00+09:00,236.5,237.5,227.5,231.5,132100,0.0,0.0
2015-04-24 00:00:00+09:00,240.0,242.5,228.0,238.0,303186,0.0,0.0
2015-04-27 00:00:00+09:00,237.5,241.5,231.5,235.5,72054,0.0,0.0
2015-04-28 00:00:00+09:00,235.5,235.5,230.0,232.0,46768,0.0,0.0
2015-04-29 00:00:00+09:00,233.5,234.0,224.0,229.0,174082,0.0,0.0
2015-04-30 00:00:00+09:00,229.0,255.0,227.5,240.0,417500,0.0,0.0
2015-05-04 00:00:00+09:00,240.0,268.5,232.5,238.0,301194,0.0,0.0
2015-05-06 00:00:00+09:00,238.5,249.5,234.5,235.0,119570,0.0,0.0
2015-05-07 00:00:00+09:00,240.0,241.5,227.5,239.5,331140,0.0,0.0
2015-05-08 00:00:00+09:00,249.5,260.5,234.5,240.0,420502,0.0,0.0
2015-05-11 00:00:00+09:00,238.0,241.0,235.0,238.0,86190,0.0,0.0
2015-05-12 00:00:00+09:00,239.5,244.0,232.5,242.5,122882,0.0,0.0
2015-05-13 00:00:00+09:00,247.0,249.0,234.5,237.5,130960,0.0,0.0
2015-05-14 00:00:00+09:00,238.0,244.0,236.5,238.0,102316,0.0,0.0
2015-05-15 00:00:00+09:00,242.5,245.0,237.0,237.0,197014,0.0,0.0
2015-05-18 00:00:00+09:00,235.0,239.5,230.5,233.5,168996,0.0,0.0
2015-05-19 00:00:00+09:00,235.0,235.0,225.0,230.0,53806,0.0,0.0
2015-05-20 00:00:00+09:00,225.5,237.5,221.5,221.5,139994,0.0,0.0
2015-05-21 00:00:00+09:00,233.5,237.5,222.5,237.5,118802,0.0,0.0
2015-05-22 00:00:00+09:00,244.5,244.5,227.5,235.5,129676,0.0,0.0
2015-05-26 00:00:00+09:00,238.0,238.0,230.0,233.0,70296,0.0,0.0
2015-05-27 00:00:00+09:00,234.5,242.5,228.5,230.5,102410,0.0,0.0
2015-05-28 00:00:00+09:00,236.5,236.5,231.5,235.5,128558,0.0,0.0
2015-05-29 00:00:00+09:00,232.5,248.5,232.5,246.0,147406,0.0,0.0
2015-06-01 00:00:00+09:00,250.0,265.0,236.5,243.0,186206,0.0,0.0
2015-06-02 00:00:00+09:00,251.0,252.0,233.5,234.0,181470,0.0,0.0
2015-06-03 00:00:00+09:00,237.5,239.0,230.5,230.5,75376,0.0,0.0
2015-06-04 00:00:00+09:00,232.0,235.0,220.5,232.0,75976,0.0,0.0
2015-06-05 00:00:00+09:00,249.5,255.0,225.5,230.5,63804,0.0,0.0
2015-06-08 00:00:00+09:00,232.5,234.0,228.0,232.5,4494,0.0,0.0
2015-06-09 00:00:00+09:00,232.5,237.5,225.0,235.5,24202,0.0,0.0
2015-06-10 00:00:00+09:00,229.5,247.5,229.5,233.0,75822,0.0,0.0
2015-06-11 00:00:00+09:00,240.5,240.5,230.0,237.0,42890,0.0,0.0
2015-06-12 00:00:00+09:00,237.0,245.0,232.5,234.5,29030,0.0,0.0
2015-06-15 00:00:00+09:00,237.0,237.0,230.5,233.0,8524,0.0,0.0
2015-06-16 00:00:00+09:00,236.5,300.0,231.0,257.5,1577338,0.0,0.0
2015-06-17 00:00:00+09:00,317.0,317.0,250.0,254.0,731492,0.0,0.0
2015-06-18 00:00:00+09:00,265.0,265.0,250.0,252.0,85880,0.0,0.0
2015-06-19 00:00:00+09:00,265.0,265.0,245.5,255.0,140604,0.0,0.0
2015-06-22 00:00:00+09:00,253.5,274.5,253.5,265.5,188722,0.0,0.0
2015-06-23 00:00:00+09:00,265.5,265.5,236.5,244.5,1206622,0.0,0.0
2015-06-24 00:00:00+09:00,248.0,248.5,237.5,240.5,357902,0.0,0.0
2015-06-25 00:00:00+09:00,245.0,247.5,239.5,245.5,313610,0.0,0.0
2015-06-26 00:00:00+09:00,247.5,319.0,246.0,251.5,5150962,0.0,0.0
2015-06-29 00:00:00+09:00,260.0,324.5,254.5,285.0,2132570,0.0,0.0
2015-06-30 00:00:00+09:00,284.5,312.0,269.0,292.5,859120,0.0,0.0
2015-07-01 00:00:00+09:00,296.5,307.5,285.0,297.0,548798,0.0,0.0
2015-07-02 00:00:00+09:00,313.5,313.5,285.0,291.0,302214,0.0,0.0
2015-07-03 00:00:00+09:00,289.0,296.0,275.0,288.5,253064,0.0,0.0
2015-07-06 00:00:00+09:00,305.0,305.0,285.0,288.0,217968,0.0,0.0
2015-07-07 00:00:00+09:00,287.5,291.0,263.0,284.0,327130,0.0,0.0
2015-07-08 00:00:00+09:00,288.5,288.5,275.0,285.5,128102,0.0,0.0
2015-07-09 00:00:00+09:00,285.5,295.0,280.0,293.5,262798,0.0,0.0
2015-07-10 00:00:00+09:00,315.0,332.5,294.0,320.0,832130,0.0,0.0
2015-07-13 00:00:00+09:00,296.5,312.5,289.5,298.5,330780,0.0,0.0
2015-07-14 00:00:00+09:00,305.0,305.0,283.0,283.0,331790,0.0,0.0
2015-07-15 00:00:00+09:00,285.0,309.5,285.0,302.5,284756,0.0,0.0
2015-07-16 00:00:00+09:00,310.0,315.0,295.0,305.5,290404,0.0,0.0
2015-07-17 00:00:00+09:00,310.0,310.0,290.0,302.5,196982,0.0,0.0
2015-07-20 00:00:00+09:00,310.0,330.0,306.5,323.0,440230,0.0,0.0
2015-07-21 00:00:00+09:00,311.5,419.5,311.5,385.0,4627580,0.0,0.0
2015-07-22 00:00:00+09:00,370.5,395.0,355.0,383.5,650494,0.0,0.0
2015-07-23 00:00:00+09:00,388.0,398.5,367.0,372.0,640612,0.0,0.0
2015-07-24 00:00:00+09:00,391.5,391.5,365.0,365.0,729784,0.0,0.0
2015-07-27 00:00:00+09:00,389.5,389.5,350.0,354.5,287128,0.0,0.0
2015-07-28 00:00:00+09:00,364.0,364.0,343.0,359.5,196558,0.0,0.0
2015-07-29 00:00:00+09:00,373.5,373.5,335.5,365.0,146422,0.0,0.0
2015-07-30 00:00:00+09:00,373.5,373.5,350.0,359.5,174236,0.0,0.0
2015-07-31 00:00:00+09:00,359.5,362.0,334.5,347.5,38576,0.0,0.0
2015-08-03 00:00:00+09:00,335.0,359.0,334.0,345.5,36474,0.0,0.0
2015-08-04 00:00:00+09:00,343.0,362.5,334.0,349.5,53514,0.0,0.0
2015-08-05 00:00:00+09:00,334.5,354.0,334.5,340.5,177152,0.0,0.0
2015-08-06 00:00:00+09:00,355.0,360.0,333.0,358.0,194040,0.0,0.0
2015-08-07 00:00:00+09:00,358.0,386.5,350.0,356.0,141990,0.0,0.0
2015-08-10 00:00:00+09:00,350.0,363.0,326.5,345.0,465300,0.0,0.0
2015-08-11 00:00:00+09:00,333.5,362.5,333.5,356.0,83658,0.0,0.0
2015-08-12 00:00:00+09:00,356.0,365.0,344.5,350.0,172624,0.0,0.0
2015-08-13 00:00:00+09:00,351.0,357.5,345.0,357.5,6310,0.0,0.0
2015-08-17 00:00:00+09:00,357.5,364.0,345.0,349.5,120986,0.0,0.0
2015-08-18 00:00:00+09:00,374.0,374.0,334.0,345.0,316948,0.0,0.0
2015-08-19 00:00:00+09:00,345.5,359.0,336.0,342.0,171500,0.0,0.0
2015-08-20 00:00:00+09:00,335.5,369.5,335.5,357.5,155070,0.0,0.0
2015-08-21 00:00:00+09:00,369.0,369.0,320.0,348.5,158946,0.0,0.0
2015-08-24 00:00:00+09:00,356.0,361.0,335.0,336.0,411122,0.0,0.0
2015-08-25 00:00:00+09:00,349.5,436.5,329.0,399.5,1378220,0.0,0.0
2015-08-26 00:00:00+09:00,380.0,407.0,373.0,376.5,487086,0.0,0.0
2015-08-27 00:00:00+09:00,366.5,422.5,363.0,406.0,510012,0.0,0.0
2015-08-28 00:00:00+09:00,401.0,413.5,382.5,412.0,218436,0.0,0.0
2015-08-31 00:00:00+09:00,412.0,535.0,398.0,450.0,2094370,0.0,0.0
2015-09-01 00:00:00+09:00,450.0,570.0,430.5,432.0,6006818,0.0,0.0
2015-09-02 00:00:00+09:00,415.0,453.5,385.0,395.0,1230112,0.0,0.0
2015-09-03 00:00:00+09:00,395.0,414.0,372.5,400.5,607844,0.0,0.0
2015-09-04 00:00:00+09:00,406.0,406.0,374.5,387.0,297138,0.0,0.0
2015-09-07 00:00:00+09:00,378.0,425.0,372.5,385.5,242628,0.0,0.0
2015-09-08 00:00:00+09:00,380.0,398.5,377.0,377.5,90324,0.0,0.0
2015-09-09 00:00:00+09:00,397.5,406.5,373.0,391.5,192610,0.0,0.0
2015-09-10 00:00:00+09:00,406.5,406.5,377.5,385.0,157968,0.0,0.0
2015-09-11 00:00:00+09:00,397.0,475.0,390.5,449.5,1228454,0.0,0.0
2015-09-14 00:00:00+09:00,456.0,550.0,456.0,525.0,3763160,0.0,0.0
2015-09-15 00:00:00+09:00,525.0,542.5,480.0,517.5,1185034,0.0,0.0
2015-09-16 00:00:00+09:00,505.0,505.0,455.0,472.5,978052,0.0,0.0
2015-09-17 00:00:00+09:00,472.5,515.0,450.0,491.5,892510,0.0,0.0
2015-09-18 00:00:00+09:00,491.5,527.5,485.0,500.0,871558,0.0,0.0
2015-09-21 00:00:00+09:00,483.5,502.5,480.5,497.0,770142,0.0,0.0
2015-09-22 00:00:00+09:00,496.5,640.0,496.0,602.5,8227236,0.0,0.0
2015-09-23 00:00:00+09:00,675.0,687.5,597.5,632.5,2782064,0.0,0.0
2015-09-24 00:00:00+09:00,637.5,800.0,637.5,760.0,4208748,0.0,0.0
2015-09-25 00:00:00+09:00,737.5,840.0,730.0,775.0,2322386,0.0,0.0
2015-09-30 00:00:00+09:00,770.0,787.5,707.5,785.0,870190,0.0,0.0
2015-10-01 00:00:00+09:00,755.0,765.0,617.5,665.0,7239290,0.0,0.0
2015-10-02 00:00:00+09:00,680.0,832.5,627.5,795.0,4035502,0.0,0.0
2015-10-05 00:00:00+09:00,837.5,875.0,767.5,797.5,4407504,0.0,0.0
2015-10-06 00:00:00+09:00,740.0,820.0,705.0,820.0,3576180,0.0,0.0
2015-10-07 00:00:00+09:00,845.0,875.0,807.5,820.0,1606670,0.0,0.0
2015-10-08 00:00:00+09:00,835.0,835.0,717.5,785.0,1560792,0.0,0.0
2015-10-12 00:00:00+09:00,785.0,800.0,710.0,762.5,786508,0.0,0.0
2015-10-13 00:00:00+09:00,815.0,857.5,665.0,690.0,3186960,0.0,0.0
2015-10-14 00:00:00+09:00,690.0,800.0,677.5,775.0,2112998,0.0,0.0
2015-10-15 00:00:00+09:00,777.5,885.0,777.5,837.5,3347116,0.0,0.0
2015-10-16 00:00:00+09:00,837.5,850.0,782.5,812.5,1340702,0.0,0.0
2015-10-19 00:00:00+09:00,805.0,842.5,735.0,762.5,2485718,0.0,0.0
2015-10-20 00:00:00+09:00,830.0,837.5,765.0,775.0,1962440,0.0,0.0
2015-10-21 00:00:00+09:00,757.5,800.0,727.5,740.0,2111730,0.0,0.0
2015-10-22 00:00:00+09:00,735.0,800.0,587.5,600.0,3880546,0.0,0.0
2015-10-23 00:00:00+09:00,627.5,650.0,582.5,630.0,1640612,0.0,0.0
2015-10-26 00:00:00+09:00,620.0,730.0,620.0,660.0,1748324,0.0,0.0
2015-10-27 00:00:00+09:00,677.5,710.0,610.0,645.0,1461914,0.0,0.0
2015-10-28 00:00:00+09:00,620.0,642.5,575.0,590.0,1590380,0.0,0.0
2015-10-29 00:00:00+09:00,600.0,615.0,575.0,577.5,1224206,0.0,0.0
2015-10-30 00:00:00+09:00,610.0,610.0,550.0,555.0,854038,0.0,0.0
2015-11-02 00:00:00+09:00,557.5,650.0,545.0,602.5,2830738,0.0,0.0
2015-11-03 00:00:00+09:00,600.0,632.5,580.0,607.5,1382882,0.0,0.0
2015-11-04 00:00:00+09:00,595.0,625.0,570.0,590.0,2371680,0.0,0.0
2015-11-05 00:00:00+09:00,582.5,590.0,537.5,550.0,2160990,0.0,0.0
2015-11-06 00:00:00+09:00,540.0,562.5,499.5,505.0,2750342,0.0,0.0
2015-11-09 00:00:00+09:00,490.0,547.5,470.0,505.0,2306510,0.0,0.0
2015-11-10 00:00:00+09:00,515.0,565.0,507.5,532.5,2146940,0.0,0.0
2015-11-11 00:00:00+09:00,565.0,565.0,520.0,537.5,1287342,0.0,0.0
2015-11-12 00:00:00+09:00,535.0,535.0,499.5,512.5,1839316,0.0,0.0
2015-11-13 00:00:00+09:00,512.5,525.0,491.5,491.5,1167904,0.0,0.0
2015-11-16 00:00:00+09:00,470.0,637.5,435.0,637.5,6664230,0.0,0.0
2015-11-17 00:00:00+09:00,655.0,820.0,655.0,762.5,13474464,0.0,0.0
2015-11-18 00:00:00+09:00,710.0,800.0,642.5,737.5,9603268,0.0,0.0
2015-11-19 00:00:00+09:00,797.5,957.5,735.0,957.5,13285630,0.0,0.0
2015-11-20 00:00:00+09:00,,,,,0,0.0,2.0
2015-12-14 00:00:00+09:00,1040.0,1230.0,670.0,670.0,30708030,0.0,0.0
2015-12-15 00:00:00+09:00,671.0,697.0,578.0,645.0,14670830,0.0,0.0
2015-12-16 00:00:00+09:00,670.0,709.0,637.0,669.0,4064777,0.0,0.0
2015-12-17 00:00:00+09:00,672.0,719.0,632.0,651.0,2438430,0.0,0.0
2015-12-18 00:00:00+09:00,631.0,670.0,620.0,656.0,1300567,0.0,0.0
2015-12-21 00:00:00+09:00,648.0,648.0,605.0,605.0,1849779,0.0,0.0
2015-12-22 00:00:00+09:00,602.0,602.0,533.0,545.0,3037038,0.0,0.0
2015-12-23 00:00:00+09:00,546.0,576.0,505.0,516.0,3000109,0.0,0.0
2015-12-24 00:00:00+09:00,516.0,516.0,472.0,474.0,3130185,0.0,0.0
2015-12-28 00:00:00+09:00,474.0,486.0,420.0,430.0,2495968,0.0,0.0
2015-12-29 00:00:00+09:00,432.0,488.0,420.0,462.0,4592311,0.0,0.0
2015-12-30 00:00:00+09:00,458.0,470.0,431.0,431.0,1904944,0.0,0.0
2016-01-04 00:00:00+09:00,435.0,523.0,434.0,485.0,3954395,0.0,0.0
2016-01-05 00:00:00+09:00,482.0,590.0,469.0,559.0,7073041,0.0,0.0
2016-01-06 00:00:00+09:00,551.0,599.0,520.0,534.0,3082174,0.0,0.0
2016-01-07 00:00:00+09:00,545.0,545.0,506.0,520.0,1066248,0.0,0.0
2016-01-08 00:00:00+09:00,515.0,519.0,489.0,502.0,746025,0.0,0.0
2016-01-11 00:00:00+09:00,502.0,509.0,455.0,476.0,1823080,0.0,0.0
2016-01-12 00:00:00+09:00,467.0,525.0,425.0,440.0,4106872,0.0,0.0
2016-01-13 00:00:00+09:00,449.0,454.0,430.0,439.0,1354516,0.0,0.0
2016-01-14 00:00:00+09:00,437.0,445.0,419.0,425.0,1992000,0.0,0.0
2016-01-15 00:00:00+09:00,433.0,433.0,404.0,411.0,1358832,0.0,0.0
2016-01-18 00:00:00+09:00,402.0,436.0,402.0,420.0,796694,0.0,0.0
2016-01-19 00:00:00+09:00,429.0,510.0,416.0,445.0,4986181,0.0,0.0
2016-01-20 00:00:00+09:00,447.0,455.0,420.0,430.0,1177508,0.0,0.0
2016-01-21 00:00:00+09:00,430.0,458.0,423.0,434.0,770574,0.0,0.0
2016-01-22 00:00:00+09:00,438.0,458.0,421.0,436.0,1421781,0.0,0.0
2016-01-25 00:00:00+09:00,436.0,457.0,434.0,444.0,994049,0.0,0.0
2016-01-26 00:00:00+09:00,452.0,509.0,447.0,475.0,3314278,0.0,0.0
2016-01-27 00:00:00+09:00,487.0,494.0,437.0,450.0,2397077,0.0,0.0
2016-01-28 00:00:00+09:00,450.0,466.0,424.0,448.0,2098222,0.0,0.0
2016-01-29 00:00:00+09:00,452.0,458.0,436.0,438.0,1087541,0.0,0.0
2016-02-01 00:00:00+09:00,442.0,484.0,442.0,472.0,1645277,0.0,0.0
2016-02-02 00:00:00+09:00,472.0,477.0,452.0,472.0,1211510,0.0,0.0
2016-02-03 00:00:00+09:00,458.0,489.0,458.0,475.0,1591692,0.0,0.0
2016-02-04 00:00:00+09:00,494.0,494.0,475.0,478.0,1252011,0.0,0.0
2016-02-05 00:00:00+09:00,478.0,490.0,452.0,467.0,987248,0.0,0.0
2016-02-11 00:00:00+09:00,454.0,470.0,445.0,469.0,540100,0.0,0.0
2016-02-12 00:00:00+09:00,469.0,470.0,410.0,440.0,972885,0.0,0.0
2016-02-15 00:00:00+09:00,440.0,454.0,429.0,441.0,806587,0.0,0.0
2016-02-16 00:00:00+09:00,450.0,505.0,440.0,465.0,3689077,0.0,0.0
2016-02-17 00:00:00+09:00,479.0,487.0,442.0,445.0,1587819,0.0,0.0
2016-02-18 00:00:00+09:00,459.0,460.0,439.0,444.0,714116,0.0,0.0
2016-02-19 00:00:00+09:00,440.0,450.0,436.0,442.0,726478,0.0,0.0
2016-02-22 00:00:00+09:00,327.0,430.0,327.0,413.0,12342310,0.0,0.0
2016-02-23 00:00:00+09:00,420.0,421.0,385.0,392.0,1718471,0.0,0.0
2016-02-24 00:00:00+09:00,392.0,413.0,390.0,408.0,1428808,0.0,0.0
2016-02-25 00:00:00+09:00,403.0,413.0,396.0,396.0,1595785,0.0,0.0
2016-02-26 00:00:00+09:00,396.0,403.0,388.0,392.0,1361205,0.0,0.0
2016-02-29 00:00:00+09:00,392.0,404.0,390.0,403.0,702695,0.0,0.0
2016-03-02 00:00:00+09:00,441.0,520.0,441.0,480.0,13996980,0.0,0.0
2016-03-03 00:00:00+09:00,500.0,544.0,455.0,505.0,5967710,0.0,0.0
2016-03-04 00:00:00+09:00,502.0,520.0,488.0,499.0,2659337,0.0,0.0
2016-03-07 00:00:00+09:00,483.0,513.0,470.0,473.0,1938141,0.0,0.0
2016-03-08 00:00:00+09:00,487.0,487.0,460.0,472.0,884540,0.0,0.0
2016-03-09 00:00:00+09:00,470.0,482.0,448.0,473.0,1157204,0.0,0.0
2016-03-10 00:00:00+09:00,473.0,473.0,406.0,427.0,1869813,0.0,0.0
2016-03-11 00:00:00+09:00,427.0,455.0,380.0,399.0,2231828,0.0,0.0
2016-03-14 00:00:00+09:00,403.0,403.0,374.0,385.0,1841588,0.0,0.0
2016-03-15 00:00:00+09:00,380.0,395.0,380.0,395.0,577608,0.0,0.0
2016-03-16 00:00:00+09:00,395.0,402.0,382.0,387.0,738191,0.0,0.0
2016-03-17 00:00:00+09:00,387.0,393.0,373.0,390.0,895488,0.0,0.0
2016-03-18 00:00:00+09:00,388.0,411.0,388.0,392.0,1191615,0.0,0.0
2016-03-21 00:00:00+09:00,394.0,407.0,392.0,398.0,1328018,0.0,0.0
2016-03-22 00:00:00+09:00,406.0,406.0,385.0,388.0,1282949,0.0,0.0
2016-03-23 00:00:00+09:00,388.0,397.0,378.0,387.0,1040327,0.0,0.0
2016-03-24 00:00:00+09:00,440.0,503.0,425.0,503.0,18932150,0.0,0.0
2016-03-25 00:00:00+09:00,505.0,545.0,487.0,510.0,7666612,0.0,0.0
2016-03-28 00:00:00+09:00,525.0,639.0,515.0,580.0,17470320,0.0,0.0
2016-03-29 00:00:00+09:00,599.0,620.0,539.0,555.0,9316371,0.0,0.0
2016-03-30 00:00:00+09:00,575.0,655.0,490.0,490.0,14056910,0.0,0.0
2016-03-31 00:00:00+09:00,515.0,530.0,465.0,488.0,9406404,0.0,0.0
2016-04-01 00:00:00+09:00,487.0,510.0,483.0,491.0,2242085,0.0,0.0
2016-04-04 00:00:00+09:00,491.0,498.0,461.0,469.0,3542621,0.0,0.0
2016-04-05 00:00:00+09:00,463.0,477.0,451.0,470.0,1729801,0.0,0.0
2016-04-06 00:00:00+09:00,475.0,515.0,461.0,480.0,3756103,0.0,0.0
2016-04-07 00:00:00+09:00,480.0,503.0,475.0,489.0,2287930,0.0,0.0
2016-04-08 00:00:00+09:00,483.0,522.0,482.0,510.0,2631124,0.0,0.0
2016-04-11 00:00:00+09:00,521.0,563.0,506.0,543.0,3880723,0.0,0.0
2016-04-12 00:00:00+09:00,546.0,566.0,540.0,557.0,2131793,0.0,0.0
2016-04-14 00:00:00+09:00,560.0,563.0,511.0,553.0,1504283,0.0,0.0
2016-04-15 00:00:00+09:00,549.0,599.0,548.0,560.0,2665016,0.0,0.0
2016-04-18 00:00:00+09:00,560.0,588.0,560.0,567.0,1899937,0.0,0.0
2016-04-19 00:00:00+09:00,568.0,647.0,568.0,637.0,5158755,0.0,0.0
2016-04-20 00:00:00+09:00,659.0,720.0,625.0,690.0,7993713,0.0,0.0
2016-04-21 00:00:00+09:00,695.0,720.0,640.0,671.0,4374027,0.0,0.0
2016-04-22 00:00:00+09:00,691.0,709.0,583.0,583.0,10686370,0.0,0.0
2016-04-25 00:00:00+09:00,583.0,596.0,546.0,555.0,3528089,0.0,0.0
2016-04-26 00:00:00+09:00,555.0,565.0,532.0,540.0,1953255,0.0,0.0
2016-04-27 00:00:00+09:00,544.0,577.0,530.0,555.0,2319670,0.0,0.0
2016-04-28 00:00:00+09:00,571.0,591.0,561.0,582.0,2153560,0.0,0.0
2016-04-29 00:00:00+09:00,590.0,590.0,575.0,582.0,1102954,0.0,0.0
2016-05-02 00:00:00+09:00,594.0,595.0,557.0,580.0,1530842,0.0,0.0
2016-05-03 00:00:00+09:00,578.0,597.0,570.0,585.0,1660606,0.0,0.0
2016-05-04 00:00:00+09:00,595.0,642.0,581.0,615.0,2653994,0.0,0.0
2016-05-09 00:00:00+09:00,630.0,658.0,616.0,630.0,1828510,0.0,0.0
2016-05-10 00:00:00+09:00,635.0,640.0,611.0,622.0,1208477,0.0,0.0
2016-05-11 00:00:00+09:00,614.0,640.0,608.0,617.0,759460,0.0,0.0
2016-05-12 00:00:00+09:00,619.0,619.0,596.0,605.0,1023924,0.0,0.0
2016-05-13 00:00:00+09:00,605.0,627.0,596.0,611.0,714047,0.0,0.0
2016-05-16 00:00:00+09:00,611.0,626.0,609.0,610.0,1249139,0.0,0.0
2016-05-17 00:00:00+09:00,610.0,648.0,560.0,616.0,2588627,0.0,0.0
2016-05-18 00:00:00+09:00,628.0,635.0,597.0,615.0,1605225,0.0,0.0
2016-05-19 00:00:00+09:00,600.0,610.0,580.0,585.0,1242677,0.0,0.0
2016-05-20 00:00:00+09:00,585.0,594.0,569.0,574.0,932503,0.0,0.0
2016-05-23 00:00:00+09:00,565.0,583.0,535.0,576.0,746108,0.0,0.0
2016-05-24 00:00:00+09:00,577.0,585.0,540.0,574.0,1213025,0.0,0.0
2016-05-25 00:00:00+09:00,578.0,583.0,559.0,567.0,833554,0.0,0.0
2016-05-26 00:00:00+09:00,570.0,574.0,557.0,570.0,526191,0.0,0.0
2016-05-27 00:00:00+09:00,560.0,577.0,555.0,563.0,671742,0.0,0.0
2016-05-30 00:00:00+09:00,565.0,569.0,554.0,556.0,399885,0.0,0.0
2016-05-31 00:00:00+09:00,556.0,611.0,555.0,593.0,2380367,0.0,0.0
2016-06-01 00:00:00+09:00,606.0,624.0,585.0,594.0,1062471,0.0,0.0
2016-06-02 00:00:00+09:00,587.0,609.0,580.0,588.0,735271,0.0,0.0
2016-06-03 00:00:00+09:00,583.0,596.0,581.0,589.0,603965,0.0,0.0
2016-06-07 00:00:00+09:00,592.0,690.0,589.0,616.0,10590510,0.0,0.0
2016-06-08 00:00:00+09:00,627.0,676.0,614.0,660.0,4818084,0.0,0.0
2016-06-09 00:00:00+09:00,673.0,681.0,641.0,654.0,3012735,0.0,0.0
2016-06-10 00:00:00+09:00,657.0,678.0,653.0,661.0,1602947,0.0,0.0
2016-06-13 00:00:00+09:00,670.0,710.0,666.0,708.0,5606043,0.0,0.0
2016-06-14 00:00:00+09:00,849.0,864.0,710.0,778.0,19278090,0.0,0.0
2016-06-15 00:00:00+09:00,800.0,820.0,778.0,810.0,7024850,0.0,0.0
2016-06-16 00:00:00+09:00,830.0,831.0,772.0,780.0,5114465,0.0,0.0
2016-06-17 00:00:00+09:00,782.0,845.0,730.0,839.0,9649244,0.0,0.0
2016-06-20 00:00:00+09:00,805.0,875.0,780.0,875.0,8585357,0.0,0.0
2016-06-21 00:00:00+09:00,885.0,924.0,858.0,909.0,14052120,0.0,0.0
2016-06-22 00:00:00+09:00,880.0,930.0,794.0,799.0,12110220,0.0,0.0
2016-06-23 00:00:00+09:00,780.0,799.0,710.0,718.0,5437761,0.0,0.0
2016-06-24 00:00:00+09:00,743.0,754.0,608.0,655.0,6198222,0.0,0.0
2016-06-27 00:00:00+09:00,635.0,688.0,622.0,650.0,3573407,0.0,0.0
2016-06-28 00:00:00+09:00,659.0,740.0,641.0,697.0,6642199,0.0,0.0
2016-06-29 00:00:00+09:00,710.0,738.0,688.0,716.0,2361222,0.0,0.0
2016-06-30 00:00:00+09:00,744.0,755.0,714.0,725.0,2295105,0.0,0.0
2016-07-01 00:00:00+09:00,738.0,738.0,710.0,716.0,1358981,0.0,0.0
2016-07-04 00:00:00+09:00,720.0,725.0,698.0,700.0,1386874,0.0,0.0
2016-07-05 00:00:00+09:00,713.0,713.0,674.0,679.0,1622623,0.0,0.0
2016-07-06 00:00:00+09:00,678.0,718.0,653.0,704.0,2628773,0.0,0.0
2016-07-07 00:00:00+09:00,704.0,713.0,694.0,703.0,1318270,0.0,0.0
2016-07-08 00:00:00+09:00,712.0,712.0,681.0,691.0,827508,0.0,0.0
2016-07-11 00:00:00+09:00,682.0,704.0,675.0,694.0,954359,0.0,0.0
2016-07-12 00:00:00+09:00,694.0,695.0,676.0,679.0,838077,0.0,0.0
2016-07-13 00:00:00+09:00,688.0,715.0,669.0,702.0,1382559,0.0,0.0
2016-07-14 00:00:00+09:00,700.0,718.0,691.0,705.0,1141820,0.0,0.0
2016-07-15 00:00:00+09:00,694.0,712.0,694.0,703.0,989721,0.0,0.0
2016-07-18 00:00:00+09:00,706.0,725.0,697.0,720.0,952781,0.0,0.0
2016-07-19 00:00:00+09:00,738.0,820.0,735.0,768.0,14105630,0.0,0.0
2016-07-20 00:00:00+09:00,763.0,783.0,744.0,752.0,1743934,0.0,0.0
2016-07-21 00:00:00+09:00,769.0,815.0,713.0,750.0,7200108,0.0,0.0
2016-07-22 00:00:00+09:00,736.0,764.0,733.0,760.0,1240584,0.0,0.0
2016-07-25 00:00:00+09:00,794.0,797.0,753.0,753.0,1189980,0.0,0.0
2016-07-26 00:00:00+09:00,751.0,770.0,745.0,757.0,760991,0.0,0.0
2016-07-27 00:00:00+09:00,758.0,766.0,730.0,745.0,593286,0.0,0.0
2016-07-28 00:00:00+09:00,754.0,760.0,733.0,743.0,722623,0.0,0.0
2016-07-29 00:00:00+09:00,753.0,753.0,726.0,743.0,880613,0.0,0.0
2016-08-01 00:00:00+09:00,743.0,743.0,712.0,714.0,777150,0.0,0.0
2016-08-02 00:00:00+09:00,712.0,712.0,693.0,697.0,882111,0.0,0.0
2016-08-03 00:00:00+09:00,696.0,696.0,663.0,675.0,973563,0.0,0.0
2016-08-04 00:00:00+09:00,671.0,724.0,651.0,690.0,1014271,0.0,0.0
2016-08-05 00:00:00+09:00,702.0,708.0,677.0,686.0,573777,0.0,0.0
2016-08-08 00:00:00+09:00,700.0,700.0,679.0,684.0,542932,0.0,0.0
2016-08-09 00:00:00+09:00,689.0,696.0,675.0,675.0,487807,0.0,0.0
2016-08-10 00:00:00+09:00,683.0,683.0,660.0,660.0,849475,0.0,0.0
2016-08-11 00:00:00+09:00,665.0,698.0,659.0,682.0,773695,0.0,0.0
2016-08-12 00:00:00+09:00,682.0,690.0,662.0,663.0,906817,0.0,0.0
2016-08-16 00:00:00+09:00,663.0,674.0,660.0,666.0,478696,0.0,0.0
2016-08-17 00:00:00+09:00,656.0,670.0,644.0,652.0,708297,0.0,0.0
2016-08-18 00:00:00+09:00,660.0,660.0,634.0,634.0,580485,0.0,0.0
2016-08-19 00:00:00+09:00,630.0,634.0,612.0,613.0,812044,0.0,0.0
2016-08-22 00:00:00+09:00,610.0,634.0,610.0,619.0,570081,0.0,0.0
2016-08-23 00:00:00+09:00,619.0,619.0,608.0,613.0,507239,0.0,0.0
2016-08-24 00:00:00+09:00,625.0,625.0,607.0,615.0,342267,0.0,0.0
2016-08-25 00:00:00+09:00,611.0,618.0,608.0,611.0,307528,0.0,0.0
2016-08-26 00:00:00+09:00,611.0,612.0,566.0,593.0,1986608,0.0,0.0
2016-08-29 00:00:00+09:00,580.0,593.0,570.0,570.0,336735,0.0,0.0
2016-08-30 00:00:00+09:00,574.0,608.0,567.0,600.0,832473,0.0,0.0
2016-08-31 00:00:00+09:00,565.0,640.0,565.0,622.0,1097034,0.0,0.0
2016-09-01 00:00:00+09:00,622.0,643.0,620.0,621.0,586722,0.0,0.0
2016-09-02 00:00:00+09:00,616.0,640.0,616.0,629.0,405389,0.0,0.0
2016-09-05 00:00:00+09:00,629.0,680.0,620.0,667.0,1164429,0.0,0.0
2016-09-06 00:00:00+09:00,643.0,718.0,643.0,702.0,1611839,0.0,0.0
2016-09-07 00:00:00+09:00,692.0,718.0,678.0,681.0,767337,0.0,0.0
2016-09-08 00:00:00+09:00,689.0,689.0,640.0,669.0,598633,0.0,0.0
2016-09-09 00:00:00+09:00,669.0,678.0,643.0,659.0,324958,0.0,0.0
2016-09-12 00:00:00+09:00,650.0,658.0,622.0,626.0,564500,0.0,0.0
2016-09-13 00:00:00+09:00,612.0,654.0,612.0,640.0,360000,0.0,0.0
2016-09-19 00:00:00+09:00,645.0,688.0,630.0,641.0,421767,0.0,0.0
2016-09-20 00:00:00+09:00,648.0,661.0,631.0,660.0,347138,0.0,0.0
2016-09-21 00:00:00+09:00,660.0,660.0,644.0,650.0,375338,0.0,0.0
2016-09-22 00:00:00+09:00,650.0,675.0,640.0,669.0,701243,0.0,0.0
2016-09-23 00:00:00+09:00,688.0,688.0,664.0,678.0,478510,0.0,0.0
2016-09-26 00:00:00+09:00,686.0,686.0,636.0,642.0,1090182,0.0,0.0
2016-09-27 00:00:00+09:00,630.0,651.0,630.0,638.0,374119,0.0,0.0
2016-09-28 00:00:00+09:00,638.0,639.0,611.0,611.0,642021,0.0,0.0
2016-09-29 00:00:00+09:00,627.0,627.0,606.0,610.0,318296,0.0,0.0
2016-09-30 00:00:00+09:00,616.0,620.0,605.0,607.0,340416,0.0,0.0
2016-10-04 00:00:00+09:00,641.0,641.0,598.0,609.0,554882,0.0,0.0
2016-10-05 00:00:00+09:00,609.0,612.0,591.0,599.0,716780,0.0,0.0
2016-10-06 00:00:00+09:00,600.0,601.0,587.0,587.0,261351,0.0,0.0
2016-10-07 00:00:00+09:00,599.0,599.0,576.0,582.0,614163,0.0,0.0
2016-10-10 00:00:00+09:00,588.0,600.0,575.0,583.0,350983,0.0,0.0
2016-10-11 00:00:00+09:00,581.0,591.0,575.0,576.0,244941,0.0,0.0
2016-10-12 00:00:00+09:00,580.0,580.0,558.0,575.0,533996,0.0,0.0
2016-10-13 00:00:00+09:00,563.0,585.0,560.0,583.0,545164,0.0,0.0
2016-10-14 00:00:00+09:00,566.0,618.0,566.0,580.0,1172985,0.0,0.0
2016-10-17 00:00:00+09:00,580.0,595.0,573.0,587.0,313661,0.0,0.0
2016-10-18 00:00:00+09:00,587.0,597.0,578.0,585.0,292127,0.0,0.0
2016-10-19 00:00:00+09:00,597.0,597.0,555.0,573.0,394941,0.0,0.0
2016-10-20 00:00:00+09:00,574.0,577.0,565.0,573.0,185172,0.0,0.0
2016-10-21 00:00:00+09:00,580.0,590.0,560.0,560.0,348380,0.0,0.0
2016-10-24 00:00:00+09:00,580.0,580.0,557.0,562.0,216943,0.0,0.0
2016-10-25 00:00:00+09:00,570.0,570.0,537.0,538.0,416470,0.0,0.0
2016-10-26 00:00:00+09:00,544.0,544.0,500.0,510.0,546129,0.0,0.0
2016-10-27 00:00:00+09:00,519.0,519.0,503.0,507.0,201765,0.0,0.0
2016-10-28 00:00:00+09:00,501.0,522.0,501.0,509.0,195913,0.0,0.0
2016-10-31 00:00:00+09:00,509.0,524.0,478.0,478.0,601739,0.0,0.0
2016-11-01 00:00:00+09:00,476.0,490.0,465.0,482.0,317849,0.0,0.0
2016-11-02 00:00:00+09:00,499.0,499.0,476.0,476.0,166924,0.0,0.0
2016-11-03 00:00:00+09:00,469.0,496.0,447.0,468.0,282148,0.0,0.0
2016-11-04 00:00:00+09:00,484.0,484.0,458.0,468.0,210498,0.0,0.0
2016-11-07 00:00:00+09:00,462.0,496.0,462.0,496.0,259496,0.0,0.0
2016-11-08 00:00:00+09:00,496.0,510.0,490.0,500.0,188246,0.0,0.0
2016-11-09 00:00:00+09:00,501.0,508.0,434.0,459.0,930092,0.0,0.0
2016-11-10 00:00:00+09:00,500.0,500.0,467.0,488.0,277924,0.0,0.0
2016-11-11 00:00:00+09:00,491.0,634.0,489.0,588.0,9564875,0.0,0.0
2016-11-14 00:00:00+09:00,609.0,634.0,549.0,589.0,2155465,0.0,0.0
2016-11-15 00:00:00+09:00,573.0,608.0,573.0,607.0,802589,0.0,0.0
2016-11-16 00:00:00+09:00,607.0,610.0,589.0,597.0,793443,0.0,0.0
2016-11-17 00:00:00+09:00,599.0,604.0,560.0,560.0,436133,0.0,0.0
2016-11-18 00:00:00+09:00,560.0,579.0,540.0,550.0,227932,0.0,0.0
2016-11-21 00:00:00+09:00,569.0,569.0,529.0,529.0,290247,0.0,0.0
2016-11-22 00:00:00+09:00,537.0,538.0,510.0,528.0,467197,0.0,0.0
2016-11-23 00:00:00+09:00,548.0,578.0,520.0,533.0,812828,0.0,0.0
2016-11-24 00:00:00+09:00,529.0,544.0,506.0,521.0,649338,0.0,0.0
2016-11-25 00:00:00+09:00,510.0,545.0,510.0,531.0,181736,0.0,0.0
2016-11-28 00:00:00+09:00,535.0,567.0,526.0,545.0,471713,0.0,0.0
2016-11-29 00:00:00+09:00,560.0,560.0,536.0,536.0,381797,0.0,0.0
2016-11-30 00:00:00+09:00,536.0,554.0,525.0,525.0,241234,0.0,0.0
2016-12-01 00:00:00+09:00,521.0,531.0,495.0,508.0,803164,0.0,0.0
2016-12-02 00:00:00+09:00,500.0,519.0,493.0,503.0,192079,0.0,0.0
2016-12-05 00:00:00+09:00,500.0,528.0,493.0,493.0,256930,0.0,0.0
2016-12-06 00:00:00+09:00,489.0,515.0,484.0,489.0,177280,0.0,0.0
2016-12-07 00:00:00+09:00,488.0,494.0,481.0,481.0,194741,0.0,0.0
2016-12-08 00:00:00+09:00,481.0,490.0,474.0,479.0,341927,0.0,0.0
2016-12-09 00:00:00+09:00,467.0,505.0,467.0,497.0,255800,0.0,0.0
2016-12-12 00:00:00+09:00,497.0,502.0,490.0,493.0,140672,0.0,0.0
2016-12-13 00:00:00+09:00,487.0,507.0,487.0,507.0,262537,0.0,0.0
2016-12-14 00:00:00+09:00,508.0,517.0,501.0,508.0,183189,0.0,0.0
2016-12-15 00:00:00+09:00,499.0,513.0,499.0,505.0,173713,0.0,0.0
2016-12-16 00:00:00+09:00,519.0,519.0,502.0,505.0,113188,0.0,0.0
2016-12-19 00:00:00+09:00,502.0,514.0,501.0,501.0,86694,0.0,0.0
2016-12-20 00:00:00+09:00,501.0,506.0,497.0,498.0,114304,0.0,0.0
2016-12-21 00:00:00+09:00,502.0,506.0,497.0,497.0,133456,0.0,0.0
2016-12-22 00:00:00+09:00,500.0,611.0,495.0,552.0,6781802,0.0,0.0
2016-12-23 00:00:00+09:00,549.0,550.0,520.0,520.0,1152900,0.0,0.0
2016-12-26 00:00:00+09:00,531.0,535.0,502.0,502.0,498557,0.0,0.0
2016-12-27 00:00:00+09:00,502.0,514.0,497.0,502.0,387711,0.0,0.0
2016-12-28 00:00:00+09:00,501.0,506.0,480.0,488.0,689771,0.0,0.0
2016-12-29 00:00:00+09:00,490.0,500.0,482.0,482.0,359547,0.0,0.0
2017-01-02 00:00:00+09:00,483.0,498.0,482.0,497.0,134522,0.0,0.0
2017-01-03 00:00:00+09:00,492.0,500.0,492.0,497.0,266338,0.0,0.0
2017-01-04 00:00:00+09:00,495.0,504.0,489.0,491.0,473693,0.0,0.0
2017-01-05 00:00:00+09:00,497.0,502.0,492.0,494.0,291332,0.0,0.0
2017-01-06 00:00:00+09:00,498.0,503.0,490.0,501.0,372847,0.0,0.0
2017-01-09 00:00:00+09:00,508.0,508.0,498.0,502.0,158557,0.0,0.0
2017-01-10 00:00:00+09:00,504.0,540.0,500.0,513.0,1160488,0.0,0.0
2017-01-11 00:00:00+09:00,520.0,666.0,505.0,666.0,26148700,0.0,0.0
2017-01-12 00:00:00+09:00,706.0,709.0,590.0,605.0,23072620,0.0,0.0
2017-01-13 00:00:00+09:00,622.0,646.0,602.0,635.0,13987770,0.0,0.0
2017-01-16 00:00:00+09:00,651.0,786.0,635.0,709.0,69851300,0.0,0.0
2017-01-17 00:00:00+09:00,709.0,730.0,670.0,730.0,15389380,0.0,0.0
2017-01-18 00:00:00+09:00,727.0,729.0,676.0,702.0,9459260,0.0,0.0
2017-01-19 00:00:00+09:00,701.0,711.0,660.0,665.0,4781356,0.0,0.0
2017-01-20 00:00:00+09:00,670.0,701.0,632.0,641.0,4601757,0.0,0.0
2017-01-23 00:00:00+09:00,646.0,725.0,643.0,680.0,14738010,0.0,0.0
2017-01-24 00:00:00+09:00,688.0,688.0,653.0,664.0,3156462,0.0,0.0
2017-01-25 00:00:00+09:00,650.0,664.0,595.0,630.0,3530892,0.0,0.0
2017-01-26 00:00:00+09:00,655.0,683.0,620.0,650.0,5499475,0.0,0.0
2017-01-31 00:00:00+09:00,634.0,645.0,615.0,637.0,1739119,0.0,0.0
2017-02-01 00:00:00+09:00,644.0,706.0,640.0,662.0,15762510,0.0,0.0
2017-02-02 00:00:00+09:00,662.0,679.0,632.0,658.0,3206715,0.0,0.0
2017-02-03 00:00:00+09:00,665.0,716.0,659.0,670.0,10116350,0.0,0.0
2017-02-06 00:00:00+09:00,675.0,675.0,640.0,660.0,2482408,0.0,0.0
2017-02-07 00:00:00+09:00,667.0,715.0,650.0,660.0,12953520,0.0,0.0
2017-02-08 00:00:00+09:00,670.0,691.0,658.0,679.0,4192791,0.0,0.0
2017-02-09 00:00:00+09:00,684.0,718.0,678.0,718.0,13571990,0.0,0.0
2017-02-10 00:00:00+09:00,695.0,738.0,690.0,730.0,9864489,0.0,0.0
2017-02-13 00:00:00+09:00,725.0,733.0,705.0,718.0,3706892,0.0,0.0
2017-02-14 00:00:00+09:00,715.0,723.0,661.0,672.0,4641114,0.0,0.0
2017-02-15 00:00:00+09:00,673.0,678.0,645.0,654.0,2798191,0.0,0.0
2017-02-16 00:00:00+09:00,648.0,709.0,646.0,677.0,6705648,0.0,0.0
2017-02-17 00:00:00+09:00,677.0,683.0,663.0,673.0,1309852,0.0,0.0
2017-02-20 00:00:00+09:00,683.0,726.0,674.0,687.0,6057741,0.0,0.0
2017-02-21 00:00:00+09:00,687.0,893.0,680.0,893.0,60598610,0.0,0.0
2017-02-22 00:00:00+09:00,893.0,936.0,832.0,875.0,63184580,0.0,0.0
2017-02-23 00:00:00+09:00,851.0,945.0,810.0,810.0,39433300,0.0,0.0
2017-02-24 00:00:00+09:00,823.0,873.0,752.0,768.0,19582470,0.0,0.0
2017-02-27 00:00:00+09:00,781.0,850.0,771.0,810.0,21996520,0.0,0.0
2017-02-28 00:00:00+09:00,796.0,822.0,782.0,784.0,6321333,0.0,0.0
2017-03-02 00:00:00+09:00,785.0,817.0,776.0,801.0,4565367,0.0,0.0
2017-03-03 00:00:00+09:00,807.0,870.0,781.0,798.0,21118110,0.0,0.0
2017-03-06 00:00:00+09:00,804.0,848.0,785.0,798.0,8776469,0.0,0.0
2017-03-07 00:00:00+09:00,798.0,808.0,772.0,775.0,3437052,0.0,0.0
2017-03-08 00:00:00+09:00,785.0,796.0,758.0,773.0,3371639,0.0,0.0
2017-03-09 00:00:00+09:00,767.0,794.0,740.0,750.0,3708571,0.0,0.0
2017-03-10 00:00:00+09:00,764.0,795.0,709.0,782.0,5950110,0.0,0.0
2017-03-13 00:00:00+09:00,792.0,825.0,786.0,799.0,6162060,0.0,0.0
2017-03-14 00:00:00+09:00,814.0,843.0,791.0,818.0,13058590,0.0,0.0
2017-03-15 00:00:00+09:00,835.0,887.0,809.0,824.0,10700200,0.0,0.0
2017-03-16 00:00:00+09:00,833.0,833.0,800.0,802.0,3229037,0.0,0.0
2017-03-17 00:00:00+09:00,811.0,821.0,794.0,802.0,1494708,0.0,0.0
2017-03-20 00:00:00+09:00,797.0,797.0,758.0,772.0,2204758,0.0,0.0
2017-03-21 00:00:00+09:00,772.0,780.0,755.0,780.0,1264285,0.0,0.0
2017-03-22 00:00:00+09:00,786.0,817.0,768.0,779.0,1994069,0.0,0.0
2017-03-23 00:00:00+09:00,783.0,793.0,731.0,731.0,1934205,0.0,0.0
2017-03-24 00:00:00+09:00,731.0,743.0,724.0,735.0,818569,0.0,0.0
2017-03-27 00:00:00+09:00,746.0,746.0,706.0,706.0,984234,0.0,0.0
2017-03-28 00:00:00+09:00,703.0,750.0,702.0,725.0,1025267,0.0,0.0
2017-03-29 00:00:00+09:00,736.0,739.0,695.0,706.0,935308,0.0,0.0
2017-03-30 00:00:00+09:00,701.0,701.0,644.0,673.0,2052350,0.0,0.0
2017-03-31 00:00:00+09:00,673.0,698.0,663.0,675.0,629931,0.0,0.0
2017-04-03 00:00:00+09:00,696.0,696.0,674.0,685.0,560988,0.0,0.0
2017-04-04 00:00:00+09:00,685.0,687.0,650.0,665.0,1022407,0.0,0.0
2017-04-05 00:00:00+09:00,653.0,700.0,653.0,672.0,868684,0.0,0.0
2017-04-06 00:00:00+09:00,675.0,693.0,650.0,687.0,773600,0.0,0.0
2017-04-07 00:00:00+09:00,693.0,705.0,678.0,695.0,717599,0.0,0.0
2017-04-10 00:00:00+09:00,700.0,700.0,678.0,683.0,487019,0.0,0.0
2017-04-11 00:00:00+09:00,689.0,689.0,663.0,684.0,407545,0.0,0.0
2017-04-12 00:00:00+09:00,684.0,687.0,667.0,672.0,534617,0.0,0.0
2017-04-13 00:00:00+09:00,671.0,685.0,654.0,660.0,479909,0.0,0.0
2017-04-14 00:00:00+09:00,659.0,659.0,624.0,624.0,1475897,0.0,0.0
2017-04-17 00:00:00+09:00,622.0,626.0,588.0,607.0,1527834,0.0,0.0
2017-04-18 00:00:00+09:00,615.0,617.0,595.0,616.0,706794,0.0,0.0
2017-04-19 00:00:00+09:00,618.0,641.0,608.0,627.0,729772,0.0,0.0
2017-04-20 00:00:00+09:00,627.0,643.0,609.0,630.0,1039702,0.0,0.0
2017-04-21 00:00:00+09:00,627.0,639.0,615.0,629.0,319289,0.0,0.0
2017-04-24 00:00:00+09:00,629.0,629.0,596.0,598.0,456016,0.0,0.0
2017-04-25 00:00:00+09:00,601.0,627.0,601.0,614.0,293065,0.0,0.0
2017-04-26 00:00:00+09:00,624.0,624.0,612.0,612.0,277524,0.0,0.0
2017-04-27 00:00:00+09:00,612.0,617.0,585.0,592.0,886246,0.0,0.0
2017-04-28 00:00:00+09:00,587.0,600.0,584.0,584.0,474431,0.0,0.0
2017-05-02 00:00:00+09:00,572.0,579.0,559.0,564.0,703273,0.0,0.0
2017-05-04 00:00:00+09:00,575.0,575.0,553.0,566.0,325490,0.0,0.0
2017-05-08 00:00:00+09:00,570.0,576.0,561.0,569.0,366871,0.0,0.0
2017-05-10 00:00:00+09:00,574.0,590.0,566.0,579.0,570524,0.0,0.0
2017-05-11 00:00:00+09:00,610.0,610.0,577.0,588.0,444295,0.0,0.0
2017-05-12 00:00:00+09:00,588.0,588.0,570.0,580.0,285210,0.0,0.0
2017-05-15 00:00:00+09:00,590.0,590.0,569.0,571.0,373075,0.0,0.0
2017-05-16 00:00:00+09:00,577.0,577.0,555.0,559.0,289262,0.0,0.0
2017-05-17 00:00:00+09:00,569.0,569.0,550.0,566.0,327632,0.0,0.0
2017-05-18 00:00:00+09:00,571.0,582.0,554.0,580.0,425736,0.0,0.0
2017-05-19 00:00:00+09:00,588.0,611.0,575.0,599.0,574496,0.0,0.0
2017-05-22 00:00:00+09:00,609.0,609.0,578.0,585.0,270206,0.0,0.0
2017-05-23 00:00:00+09:00,599.0,599.0,571.0,578.0,271324,0.0,0.0
2017-05-24 00:00:00+09:00,595.0,595.0,562.0,563.0,400632,0.0,0.0
2017-05-25 00:00:00+09:00,568.0,568.0,553.0,560.0,207253,0.0,0.0
2017-05-26 00:00:00+09:00,566.0,566.0,556.0,560.0,220788,0.0,0.0
2017-05-29 00:00:00+09:00,561.0,563.0,552.0,552.0,351250,0.0,0.0
2017-05-30 00:00:00+09:00,552.0,565.0,550.0,565.0,303439,0.0,0.0
2017-05-31 00:00:00+09:00,567.0,614.0,558.0,581.0,1016517,0.0,0.0
2017-06-01 00:00:00+09:00,577.0,626.0,577.0,614.0,1983208,0.0,0.0
2017-06-02 00:00:00+09:00,618.0,628.0,602.0,617.0,727413,0.0,0.0
2017-06-05 00:00:00+09:00,614.0,620.0,600.0,603.0,376213,0.0,0.0
2017-06-07 00:00:00+09:00,603.0,615.0,590.0,596.0,361416,0.0,0.0
2017-06-08 00:00:00+09:00,599.0,610.0,588.0,601.0,136877,0.0,0.0
2017-06-09 00:00:00+09:00,603.0,607.0,580.0,581.0,411762,0.0,0.0
2017-06-12 00:00:00+09:00,575.0,585.0,562.0,574.0,390589,0.0,0.0
2017-06-13 00:00:00+09:00,579.0,595.0,574.0,593.0,282491,0.0,0.0
2017-06-14 00:00:00+09:00,614.0,614.0,582.0,582.0,228016,0.0,0.0
2017-06-15 00:00:00+09:00,581.0,592.0,573.0,588.0,336978,0.0,0.0
2017-06-16 00:00:00+09:00,598.0,598.0,576.0,579.0,203074,0.0,0.0
2017-06-19 00:00:00+09:00,576.0,586.0,562.0,564.0,380469,0.0,0.0
2017-06-20 00:00:00+09:00,562.0,570.0,557.0,563.0,135438,0.0,0.0
2017-06-21 00:00:00+09:00,551.0,560.0,542.0,542.0,522728,0.0,0.0
2017-06-22 00:00:00+09:00,542.0,559.0,542.0,551.0,141006,0.0,0.0
2017-06-23 00:00:00+09:00,551.0,568.0,551.0,562.0,136576,0.0,0.0
2017-06-26 00:00:00+09:00,555.0,567.0,551.0,558.0,125331,0.0,0.0
2017-06-27 00:00:00+09:00,560.0,678.0,550.0,588.0,7920308,0.0,0.0
2017-06-28 00:00:00+09:00,585.0,590.0,565.0,579.0,757143,0.0,0.0
2017-06-29 00:00:00+09:00,590.0,617.0,579.0,593.0,1208704,0.0,0.0
2017-06-30 00:00:00+09:00,587.0,605.0,583.0,583.0,381715,0.0,0.0
2017-07-03 00:00:00+09:00,595.0,595.0,568.0,568.0,315464,0.0,0.0
2017-07-04 00:00:00+09:00,569.0,588.0,563.0,573.0,284982,0.0,0.0
2017-07-05 00:00:00+09:00,566.0,586.0,565.0,571.0,238828,0.0,0.0
2017-07-06 00:00:00+09:00,571.0,576.0,567.0,576.0,163957,0.0,0.0
2017-07-07 00:00:00+09:00,568.0,577.0,567.0,574.0,207301,0.0,0.0
2017-07-10 00:00:00+09:00,570.0,585.0,569.0,569.0,193596,0.0,0.0
2017-07-11 00:00:00+09:00,570.0,580.0,564.0,571.0,125223,0.0,0.0
2017-07-12 00:00:00+09:00,569.0,578.0,556.0,558.0,231287,0.0,0.0
2017-07-13 00:00:00+09:00,566.0,569.0,556.0,564.0,122820,0.0,0.0
2017-07-14 00:00:00+09:00,556.0,582.0,556.0,569.0,190185,0.0,0.0
2017-07-17 00:00:00+09:00,570.0,578.0,569.0,577.0,105649,0.0,0.0
2017-07-18 00:00:00+09:00,571.0,582.0,569.0,569.0,120844,0.0,0.0
2017-07-19 00:00:00+09:00,569.0,583.0,565.0,577.0,190430,0.0,0.0
2017-07-20 00:00:00+09:00,582.0,582.0,571.0,572.0,138627,0.0,0.0
2017-07-21 00:00:00+09:00,580.0,580.0,569.0,572.0,150196,0.0,0.0
2017-07-24 00:00:00+09:00,572.0,574.0,560.0,564.0,234987,0.0,0.0
2017-07-25 00:00:00+09:00,565.0,569.0,551.0,561.0,173665,0.0,0.0
2017-07-26 00:00:00+09:00,563.0,567.0,550.0,561.0,339081,0.0,0.0
2017-07-27 00:00:00+09:00,556.0,564.0,551.0,553.0,162790,0.0,0.0
2017-07-28 00:00:00+09:00,553.0,553.0,527.0,540.0,456924,0.0,0.0
2017-07-31 00:00:00+09:00,540.0,556.0,516.0,516.0,479925,0.0,0.0
2017-08-01 00:00:00+09:00,516.0,525.0,500.0,503.0,532481,0.0,0.0
2017-10-19 00:00:00+09:00,650.0,767.0,582.0,582.0,17740190,0.0,0.0
2017-10-20 00:00:00+09:00,583.0,593.0,548.0,555.0,2261789,0.0,0.0
2017-10-23 00:00:00+09:00,560.0,598.0,548.0,550.0,1253587,0.0,0.0
2017-10-24 00:00:00+09:00,561.0,626.0,548.0,569.0,3936474,0.0,0.0
2017-10-25 00:00:00+09:00,563.0,576.0,560.0,566.0,575017,0.0,0.0
2017-10-26 00:00:00+09:00,575.0,612.0,561.0,585.0,3092551,0.0,0.0
2017-10-27 00:00:00+09:00,585.0,589.0,573.0,589.0,513921,0.0,0.0
2017-10-30 00:00:00+09:00,590.0,648.0,586.0,610.0,4499561,0.0,0.0
2017-10-31 00:00:00+09:00,597.0,615.0,597.0,607.0,418122,0.0,0.0
2017-11-01 00:00:00+09:00,604.0,615.0,604.0,607.0,322816,0.0,0.0
2017-11-02 00:00:00+09:00,605.0,620.0,605.0,610.0,277509,0.0,0.0
2017-11-03 00:00:00+09:00,622.0,637.0,609.0,611.0,828205,0.0,0.0
2017-11-06 00:00:00+09:00,602.0,611.0,594.0,599.0,318002,0.0,0.0
2017-11-07 00:00:00+09:00,603.0,612.0,599.0,600.0,125404,0.0,0.0
2017-11-08 00:00:00+09:00,606.0,612.0,596.0,604.0,295756,0.0,0.0
2017-11-09 00:00:00+09:00,607.0,612.0,591.0,602.0,116400,0.0,0.0
2017-11-10 00:00:00+09:00,604.0,604.0,588.0,599.0,181333,0.0,0.0
2017-11-13 00:00:00+09:00,595.0,607.0,585.0,599.0,171536,0.0,0.0
2017-11-14 00:00:00+09:00,603.0,603.0,593.0,602.0,264278,0.0,0.0
2017-11-15 00:00:00+09:00,609.0,609.0,593.0,595.0,297064,0.0,0.0
2017-11-16 00:00:00+09:00,599.0,606.0,587.0,591.0,366689,0.0,0.0
2017-11-17 00:00:00+09:00,592.0,597.0,585.0,590.0,152625,0.0,0.0
2017-11-20 00:00:00+09:00,585.0,596.0,575.0,579.0,430901,0.0,0.0
2017-11-21 00:00:00+09:00,580.0,580.0,560.0,560.0,317310,0.0,0.0
2017-11-22 00:00:00+09:00,560.0,575.0,550.0,566.0,263242,0.0,0.0
2017-11-23 00:00:00+09:00,575.0,596.0,567.0,596.0,271354,0.0,0.0
2017-11-24 00:00:00+09:00,597.0,605.0,580.0,596.0,148558,0.0,0.0
2017-11-27 00:00:00+09:00,586.0,598.0,585.0,595.0,104680,0.0,0.0
2017-11-28 00:00:00+09:00,595.0,596.0,580.0,591.0,259901,0.0,0.0
2017-11-29 00:00:00+09:00,600.0,605.0,591.0,604.0,763234,0.0,0.0
2017-11-30 00:00:00+09:00,609.0,619.0,595.0,596.0,272121,0.0,0.0
2017-12-01 00:00:00+09:00,605.0,620.0,597.0,615.0,618385,0.0,0.0
2017-12-04 00:00:00+09:00,605.0,621.0,604.0,612.0,294919,0.0,0.0
2017-12-05 00:00:00+09:00,600.0,618.0,600.0,600.0,144024,0.0,0.0
2017-12-06 00:00:00+09:00,600.0,615.0,598.0,607.0,267619,0.0,0.0
2017-12-07 00:00:00+09:00,619.0,619.0,590.0,605.0,355691,0.0,0.0
2017-12-08 00:00:00+09:00,600.0,610.0,590.0,609.0,349894,0.0,0.0
2017-12-11 00:00:00+09:00,615.0,758.0,600.0,625.0,3437228,0.0,0.0
2017-12-12 00:00:00+09:00,620.0,634.0,610.0,632.0,438368,0.0,0.0
2017-12-13 00:00:00+09:00,619.0,655.0,619.0,636.0,564092,0.0,0.0
2017-12-14 00:00:00+09:00,637.0,649.0,623.0,635.0,358684,0.0,0.0
2017-12-15 00:00:00+09:00,647.0,647.0,617.0,624.0,559437,0.0,0.0
2017-12-18 00:00:00+09:00,617.0,645.0,601.0,610.0,761312,0.0,0.0
2017-12-19 00:00:00+09:00,605.0,617.0,595.0,599.0,530535,0.0,0.0
2017-12-21 00:00:00+09:00,617.0,629.0,597.0,611.0,1339981,0.0,0.0
2017-12-22 00:00:00+09:00,610.0,735.0,597.0,643.0,30103550,0.0,0.0
2017-12-26 00:00:00+09:00,646.0,674.0,627.0,627.0,4083325,0.0,0.0
2017-12-27 00:00:00+09:00,637.0,643.0,620.0,631.0,2667048,0.0,0.0
2017-12-28 00:00:00+09:00,640.0,655.0,609.0,615.0,2720366,0.0,0.0
2018-01-02 00:00:00+09:00,615.0,625.0,598.0,622.0,2458938,0.0,0.0
2018-01-03 00:00:00+09:00,627.0,629.0,608.0,618.0,1805963,0.0,0.0
2018-01-04 00:00:00+09:00,619.0,657.0,618.0,626.0,5509838,0.0,0.0
2018-01-05 00:00:00+09:00,633.0,653.0,623.0,645.0,3439962,0.0,0.0
2018-01-08 00:00:00+09:00,645.0,650.0,630.0,635.0,1379385,0.0,0.0
2018-01-09 00:00:00+09:00,635.0,651.0,629.0,630.0,1440012,0.0,0.0
2018-01-10 00:00:00+09:00,632.0,634.0,615.0,615.0,985193,0.0,0.0
2018-01-11 00:00:00+09:00,623.0,623.0,575.0,602.0,1385274,0.0,0.0
2018-01-12 00:00:00+09:00,603.0,607.0,580.0,587.0,934969,0.0,0.0
2018-01-15 00:00:00+09:00,587.0,600.0,576.0,579.0,530047,0.0,0.0
2018-01-16 00:00:00+09:00,585.0,696.0,574.0,621.0,16371110,0.0,0.0
2018-01-17 00:00:00+09:00,650.0,745.0,647.0,681.0,46300970,0.0,0.0
2018-01-18 00:00:00+09:00,690.0,690.0,644.0,655.0,7496393,0.0,0.0
2018-01-19 00:00:00+09:00,653.0,666.0,630.0,640.0,4558236,0.0,0.0
2018-01-22 00:00:00+09:00,640.0,640.0,615.0,620.0,2770405,0.0,0.0
2018-01-23 00:00:00+09:00,621.0,636.0,620.0,634.0,2167674,0.0,0.0
2018-01-24 00:00:00+09:00,627.0,634.0,618.0,624.0,1275071,0.0,0.0
2018-01-25 00:00:00+09:00,628.0,633.0,620.0,624.0,1384998,0.0,0.0
2018-01-26 00:00:00+09:00,623.0,670.0,620.0,637.0,6456499,0.0,0.0
2018-01-29 00:00:00+09:00,647.0,690.0,634.0,642.0,3958999,0.0,0.0
2018-01-30 00:00:00+09:00,648.0,662.0,637.0,648.0,2453918,0.0,0.0
2018-01-31 00:00:00+09:00,651.0,658.0,640.0,645.0,1805675,0.0,0.0
2018-02-01 00:00:00+09:00,650.0,683.0,636.0,661.0,6623527,0.0,0.0
2018-02-02 00:00:00+09:00,666.0,712.0,655.0,680.0,9645710,0.0,0.0
2018-02-05 00:00:00+09:00,665.0,678.0,641.0,644.0,2539785,0.0,0.0
2018-02-07 00:00:00+09:00,648.0,648.0,613.0,618.0,1296869,0.0,0.0
2018-02-08 00:00:00+09:00,615.0,633.0,615.0,620.0,656329,0.0,0.0
2018-02-09 00:00:00+09:00,599.0,615.0,599.0,612.0,898712,0.0,0.0
2018-02-12 00:00:00+09:00,630.0,646.0,620.0,623.0,1413704,0.0,0.0
2018-02-13 00:00:00+09:00,635.0,637.0,619.0,623.0,531434,0.0,0.0
2018-02-14 00:00:00+09:00,623.0,628.0,610.0,615.0,491810,0.0,0.0
2018-02-19 00:00:00+09:00,615.0,630.0,615.0,618.0,768242,0.0,0.0
2018-02-20 00:00:00+09:00,625.0,625.0,613.0,615.0,819966,0.0,0.0
2018-02-21 00:00:00+09:00,619.0,619.0,605.0,609.0,983708,0.0,0.0
2018-02-22 00:00:00+09:00,609.0,612.0,599.0,605.0,700647,0.0,0.0
2018-02-23 00:00:00+09:00,601.0,609.0,598.0,602.0,697161,0.0,0.0
2018-02-26 00:00:00+09:00,602.0,617.0,602.0,603.0,737268,0.0,0.0
2018-02-27 00:00:00+09:00,603.0,605.0,597.0,598.0,583538,0.0,0.0
2018-02-28 00:00:00+09:00,598.0,604.0,575.0,590.0,713164,0.0,0.0
2018-03-07 00:00:00+09:00,560.0,567.0,537.0,555.0,827062,0.0,0.0
2018-03-08 00:00:00+09:00,560.0,560.0,526.0,541.0,769713,0.0,0.0
2018-03-09 00:00:00+09:00,541.0,566.0,535.0,547.0,889581,0.0,0.0
2018-03-12 00:00:00+09:00,551.0,580.0,551.0,570.0,1138309,0.0,0.0
2018-03-13 00:00:00+09:00,570.0,576.0,563.0,565.0,626414,0.0,0.0
2018-03-14 00:00:00+09:00,570.0,570.0,547.0,551.0,542430,0.0,0.0
2018-03-15 00:00:00+09:00,550.0,563.0,545.0,553.0,712301,0.0,0.0
2018-03-16 00:00:00+09:00,553.0,565.0,543.0,555.0,498415,0.0,0.0
2018-03-19 00:00:00+09:00,555.0,560.0,545.0,545.0,546012,0.0,0.0
2018-03-20 00:00:00+09:00,549.0,560.0,541.0,556.0,605456,0.0,0.0
2018-03-21 00:00:00+09:00,556.0,563.0,545.0,545.0,466444,0.0,0.0
2018-03-22 00:00:00+09:00,546.0,550.0,529.0,537.0,570940,0.0,0.0
2018-03-23 00:00:00+09:00,521.0,531.0,499.0,520.0,707097,0.0,0.0
2018-03-26 00:00:00+09:00,529.0,537.0,508.0,514.0,402179,0.0,0.0
2018-03-27 00:00:00+09:00,515.0,528.0,505.0,517.0,306677,0.0,0.0
2018-03-28 00:00:00+09:00,517.0,525.0,504.0,521.0,157393,0.0,0.0
2018-03-29 00:00:00+09:00,526.0,535.0,518.0,530.0,308196,0.0,0.0
2018-03-30 00:00:00+09:00,541.0,541.0,507.0,523.0,354423,0.0,0.0
2018-04-02 00:00:00+09:00,523.0,536.0,514.0,515.0,263560,0.0,0.0
2018-04-03 00:00:00+09:00,516.0,529.0,505.0,522.0,287558,0.0,0.0
2018-04-04 00:00:00+09:00,521.0,521.0,487.0,507.0,868824,0.0,0.0
2018-04-05 00:00:00+09:00,508.0,510.0,496.0,505.0,481200,0.0,0.0
2018-04-06 00:00:00+09:00,505.0,506.0,497.0,499.0,276014,0.0,0.0
2018-04-09 00:00:00+09:00,504.0,504.0,494.0,501.0,318700,0.0,0.0
2018-04-10 00:00:00+09:00,502.0,502.0,482.0,482.0,762857,0.0,0.0
2018-04-11 00:00:00+09:00,482.0,500.0,482.0,490.0,394566,0.0,0.0
2018-04-12 00:00:00+09:00,500.0,500.0,486.0,489.0,372270,0.0,0.0
2018-04-13 00:00:00+09:00,496.0,500.0,490.0,499.0,341302,0.0,0.0
2018-04-16 00:00:00+09:00,506.0,531.0,498.0,512.0,1475700,0.0,0.0
2018-04-17 00:00:00+09:00,521.0,521.0,505.0,512.0,554800,0.0,0.0
2018-04-18 00:00:00+09:00,508.0,523.0,508.0,522.0,593514,0.0,0.0
2018-04-19 00:00:00+09:00,524.0,525.0,510.0,516.0,393249,0.0,0.0
2018-04-20 00:00:00+09:00,516.0,526.0,513.0,520.0,389030,0.0,0.0
2018-04-23 00:00:00+09:00,535.0,535.0,510.0,515.0,540486,0.0,0.0
2018-04-24 00:00:00+09:00,513.0,540.0,509.0,524.0,927050,0.0,0.0
2018-04-25 00:00:00+09:00,524.0,532.0,515.0,523.0,293646,0.0,0.0
2018-04-26 00:00:00+09:00,526.0,532.0,521.0,527.0,328212,0.0,0.0
2018-04-27 00:00:00+09:00,527.0,543.0,527.0,539.0,608529,0.0,0.0
2018-04-30 00:00:00+09:00,531.0,538.0,519.0,524.0,544544,0.0,0.0
2018-05-02 00:00:00+09:00,520.0,537.0,516.0,536.0,610977,0.0,0.0
2018-05-03 00:00:00+09:00,538.0,538.0,528.0,533.0,292439,0.0,0.0
2018-05-04 00:00:00+09:00,533.0,537.0,520.0,525.0,461088,0.0,0.0
2018-05-08 00:00:00+09:00,543.0,543.0,520.0,525.0,167259,0.0,0.0
2018-05-09 00:00:00+09:00,529.0,529.0,511.0,520.0,442024,0.0,0.0
2018-05-10 00:00:00+09:00,529.0,536.0,518.0,525.0,478076,0.0,0.0
2018-05-11 00:00:00+09:00,534.0,540.0,525.0,528.0,274915,0.0,0.0
2018-05-14 00:00:00+09:00,528.0,528.0,514.0,520.0,395450,0.0,0.0
2018-05-15 00:00:00+09:00,520.0,526.0,513.0,520.0,122330,0.0,0.0
2018-05-16 00:00:00+09:00,520.0,522.0,505.0,512.0,449104,0.0,0.0
2018-05-17 00:00:00+09:00,507.0,519.0,506.0,512.0,261934,0.0,0.0
2018-05-18 00:00:00+09:00,522.0,522.0,502.0,504.0,278498,0.0,0.0
2018-05-21 00:00:00+09:00,504.0,520.0,503.0,510.0,193847,0.0,0.0
2018-05-23 00:00:00+09:00,518.0,518.0,500.0,503.0,351606,0.0,0.0
2018-05-24 00:00:00+09:00,503.0,505.0,497.0,501.0,274139,0.0,0.0
2018-05-25 00:00:00+09:00,498.0,502.0,485.0,498.0,313337,0.0,0.0
2018-05-28 00:00:00+09:00,489.0,498.0,485.0,495.0,210627,0.0,0.0
2018-05-29 00:00:00+09:00,500.0,519.0,488.0,490.0,216925,0.0,0.0
2018-05-30 00:00:00+09:00,490.0,500.0,481.0,483.0,208497,0.0,0.0
2018-05-31 00:00:00+09:00,489.0,499.0,480.0,492.0,393055,0.0,0.0
2018-06-01 00:00:00+09:00,500.0,500.0,480.0,492.0,583841,0.0,0.0
2018-06-04 00:00:00+09:00,492.0,494.0,480.0,484.0,378689,0.0,0.0
2018-06-05 00:00:00+09:00,484.0,490.0,467.0,470.0,824865,0.0,0.0
2018-06-07 00:00:00+09:00,470.0,483.0,469.0,483.0,192559,0.0,0.0
2018-06-08 00:00:00+09:00,483.0,497.0,472.0,480.0,585317,0.0,0.0
2018-06-11 00:00:00+09:00,478.0,480.0,473.0,475.0,226132,0.0,0.0
2018-06-12 00:00:00+09:00,475.0,475.0,460.0,461.0,666805,0.0,0.0
2018-06-14 00:00:00+09:00,461.0,463.0,431.0,450.0,706913,0.0,0.0
2018-06-15 00:00:00+09:00,450.0,477.0,449.0,476.0,295758,0.0,0.0
2018-06-18 00:00:00+09:00,476.0,477.0,450.0,471.0,399456,0.0,0.0
2018-06-19 00:00:00+09:00,471.0,471.0,447.0,451.0,623936,0.0,0.0
2018-06-20 00:00:00+09:00,451.0,464.0,450.0,464.0,213155,0.0,0.0
2018-06-21 00:00:00+09:00,465.0,520.0,464.0,477.0,1961385,0.0,0.0
2018-06-22 00:00:00+09:00,477.0,484.0,463.0,479.0,242030,0.0,0.0
2018-06-25 00:00:00+09:00,479.0,483.0,470.0,480.0,217860,0.0,0.0
2018-06-26 00:00:00+09:00,484.0,484.0,466.0,480.0,274175,0.0,0.0
2018-06-27 00:00:00+09:00,480.0,483.0,464.0,468.0,385951,0.0,0.0
2018-06-28 00:00:00+09:00,464.0,471.0,451.0,465.0,195888,0.0,0.0
2018-06-29 00:00:00+09:00,465.0,473.0,458.0,470.0,190005,0.0,0.0
2018-07-02 00:00:00+09:00,470.0,482.0,463.0,473.0,394556,0.0,0.0
2018-07-03 00:00:00+09:00,473.0,478.0,462.0,469.0,257490,0.0,0.0
2018-07-04 00:00:00+09:00,469.0,474.0,449.0,458.0,500234,0.0,0.0
2018-07-05 00:00:00+09:00,458.0,475.0,458.0,465.0,670629,0.0,0.0
2018-07-06 00:00:00+09:00,470.0,515.0,470.0,491.0,4882473,0.0,0.0
2018-07-09 00:00:00+09:00,487.0,500.0,484.0,491.0,580890,0.0,0.0
2018-07-10 00:00:00+09:00,497.0,497.0,484.0,495.0,805252,0.0,0.0
2018-07-11 00:00:00+09:00,495.0,511.0,492.0,504.0,1628041,0.0,0.0
2018-07-12 00:00:00+09:00,500.0,509.0,487.0,490.0,857493,0.0,0.0
2018-07-13 00:00:00+09:00,490.0,500.0,480.0,500.0,504767,0.0,0.0
2018-07-16 00:00:00+09:00,499.0,500.0,489.0,500.0,354255,0.0,0.0
2018-07-17 00:00:00+09:00,498.0,505.0,485.0,505.0,673580,0.0,0.0
2018-07-18 00:00:00+09:00,500.0,524.0,500.0,504.0,2090110,0.0,0.0
2018-07-19 00:00:00+09:00,499.0,512.0,493.0,500.0,444486,0.0,0.0
2018-07-20 00:00:00+09:00,501.0,516.0,501.0,505.0,726866,0.0,0.0
2018-07-23 00:00:00+09:00,512.0,512.0,491.0,497.0,462366,0.0,0.0
2018-07-24 00:00:00+09:00,489.0,513.0,489.0,504.0,224952,0.0,0.0
2018-07-25 00:00:00+09:00,504.0,513.0,501.0,504.0,349870,0.0,0.0
2018-07-26 00:00:00+09:00,498.0,506.0,494.0,499.0,329445,0.0,0.0
2018-07-27 00:00:00+09:00,499.0,513.0,497.0,502.0,653994,0.0,0.0
2018-07-30 00:00:00+09:00,502.0,521.0,502.0,519.0,673065,0.0,0.0
2018-07-31 00:00:00+09:00,519.0,520.0,500.0,507.0,779055,0.0,0.0
2018-08-01 00:00:00+09:00,505.0,516.0,503.0,510.0,494042,0.0,0.0
2018-08-02 00:00:00+09:00,511.0,523.0,508.0,513.0,820379,0.0,0.0
2018-08-03 00:00:00+09:00,509.0,520.0,509.0,509.0,587103,0.0,0.0
2018-08-06 00:00:00+09:00,509.0,512.0,503.0,506.0,458986,0.0,0.0
2018-08-07 00:00:00+09:00,505.0,513.0,505.0,510.0,239776,0.0,0.0
2018-08-08 00:00:00+09:00,510.0,514.0,507.0,512.0,174008,0.0,0.0
2018-08-09 00:00:00+09:00,513.0,513.0,506.0,509.0,180283,0.0,0.0
2018-08-10 00:00:00+09:00,509.0,518.0,501.0,517.0,503182,0.0,0.0
2018-08-13 00:00:00+09:00,510.0,511.0,490.0,497.0,884147,0.0,0.0
2018-08-14 00:00:00+09:00,503.0,503.0,486.0,493.0,475233,0.0,0.0
2018-08-16 00:00:00+09:00,497.0,497.0,480.0,484.0,241517,0.0,0.0
2018-08-17 00:00:00+09:00,489.0,500.0,482.0,494.0,206586,0.0,0.0
2018-08-20 00:00:00+09:00,511.0,511.0,493.0,504.0,128784,0.0,0.0
2018-08-21 00:00:00+09:00,500.0,504.0,496.0,497.0,69221,0.0,0.0
2018-08-22 00:00:00+09:00,497.0,501.0,490.0,492.0,156842,0.0,0.0
2018-08-23 00:00:00+09:00,498.0,498.0,460.0,486.0,472740,0.0,0.0
2018-08-24 00:00:00+09:00,484.0,484.0,475.0,480.0,219930,0.0,0.0
2018-08-27 00:00:00+09:00,480.0,492.0,461.0,479.0,289808,0.0,0.0
2018-08-28 00:00:00+09:00,474.0,480.0,473.0,479.0,51554,0.0,0.0
2018-08-29 00:00:00+09:00,486.0,487.0,460.0,469.0,381661,0.0,0.0
2018-08-30 00:00:00+09:00,473.0,480.0,452.0,469.0,462441,0.0,0.0
2018-08-31 00:00:00+09:00,473.0,473.0,465.0,470.0,80712,0.0,0.0
2018-09-03 00:00:00+09:00,467.0,471.0,460.0,467.0,220505,0.0,0.0
2018-09-04 00:00:00+09:00,468.0,469.0,457.0,465.0,212622,0.0,0.0
2018-09-05 00:00:00+09:00,467.0,467.0,460.0,465.0,56140,0.0,0.0
2018-09-06 00:00:00+09:00,465.0,468.0,452.0,459.0,341420,0.0,0.0
2018-09-07 00:00:00+09:00,460.0,460.0,451.0,457.0,284944,0.0,0.0
2018-09-10 00:00:00+09:00,472.0,472.0,450.0,461.0,289469,0.0,0.0
2018-09-11 00:00:00+09:00,459.0,464.0,450.0,459.0,250828,0.0,0.0
2018-09-12 00:00:00+09:00,462.0,486.0,458.0,482.0,679167,0.0,0.0
2018-09-13 00:00:00+09:00,482.0,511.0,479.0,509.0,1376898,0.0,0.0
2018-09-14 00:00:00+09:00,517.0,537.0,506.0,525.0,1803847,0.0,0.0
2018-09-17 00:00:00+09:00,513.0,535.0,508.0,531.0,858639,0.0,0.0
2018-09-18 00:00:00+09:00,531.0,531.0,511.0,520.0,734570,0.0,0.0
2018-09-19 00:00:00+09:00,525.0,525.0,490.0,501.0,346331,0.0,0.0
2018-09-20 00:00:00+09:00,495.0,514.0,495.0,499.0,198389,0.0,0.0
2018-09-21 00:00:00+09:00,510.0,510.0,495.0,506.0,354355,0.0,0.0
2018-09-27 00:00:00+09:00,513.0,516.0,500.0,508.0,628489,0.0,0.0
2018-09-28 00:00:00+09:00,509.0,517.0,504.0,517.0,314143,0.0,0.0
2018-10-01 00:00:00+09:00,518.0,524.0,500.0,505.0,646595,0.0,0.0
2018-10-02 00:00:00+09:00,510.0,510.0,495.0,500.0,203185,0.0,0.0
2018-10-04 00:00:00+09:00,505.0,507.0,485.0,497.0,161011,0.0,0.0
2018-10-05 00:00:00+09:00,493.0,500.0,487.0,494.0,119349,0.0,0.0
2018-10-08 00:00:00+09:00,494.0,506.0,481.0,496.0,307515,0.0,0.0
2018-10-10 00:00:00+09:00,485.0,496.0,480.0,480.0,99247,0.0,0.0
2018-10-11 00:00:00+09:00,456.0,478.0,433.0,444.0,703387,0.0,0.0
2018-10-12 00:00:00+09:00,444.0,465.0,436.0,464.0,246927,0.0,0.0
2018-10-15 00:00:00+09:00,464.0,477.0,439.0,445.0,532756,0.0,0.0
2018-10-16 00:00:00+09:00,448.0,448.0,437.0,445.0,230877,0.0,0.0
2018-10-17 00:00:00+09:00,443.0,468.0,443.0,449.0,161263,0.0,0.0
2018-10-18 00:00:00+09:00,446.0,461.0,444.0,461.0,127846,0.0,0.0
2018-10-19 00:00:00+09:00,461.0,477.0,423.0,450.0,674449,0.0,0.0
2018-10-22 00:00:00+09:00,450.0,450.0,434.0,440.0,335660,0.0,0.0
2018-10-23 00:00:00+09:00,440.0,450.0,403.0,418.0,919994,0.0,0.0
2018-10-24 00:00:00+09:00,420.0,449.0,400.0,425.0,800405,0.0,0.0
2018-10-25 00:00:00+09:00,420.0,439.0,417.0,431.0,616551,0.0,0.0
2018-10-26 00:00:00+09:00,427.0,459.0,416.0,454.0,1066858,0.0,0.0
2018-10-29 00:00:00+09:00,430.0,466.0,401.0,420.0,761119,0.0,0.0
2018-10-30 00:00:00+09:00,411.0,450.0,409.0,448.0,498088,0.0,0.0
2018-10-31 00:00:00+09:00,465.0,465.0,430.0,448.0,392361,0.0,0.0
2018-11-01 00:00:00+09:00,442.0,457.0,442.0,448.0,175108,0.0,0.0
2018-11-02 00:00:00+09:00,448.0,460.0,443.0,445.0,507202,0.0,0.0
2018-11-05 00:00:00+09:00,460.0,460.0,430.0,431.0,445776,0.0,0.0
2018-11-06 00:00:00+09:00,432.0,456.0,432.0,447.0,258684,0.0,0.0
2018-11-07 00:00:00+09:00,447.0,447.0,426.0,438.0,583761,0.0,0.0
2018-11-08 00:00:00+09:00,438.0,445.0,431.0,439.0,234509,0.0,0.0
2018-11-09 00:00:00+09:00,447.0,454.0,425.0,443.0,495315,0.0,0.0
2018-11-12 00:00:00+09:00,443.0,481.0,443.0,470.0,6640742,0.0,0.0
2018-11-13 00:00:00+09:00,470.0,498.0,450.0,471.0,4813466,0.0,0.0
2018-11-14 00:00:00+09:00,473.0,475.0,443.0,445.0,1282874,0.0,0.0
2018-11-15 00:00:00+09:00,445.0,448.0,425.0,428.0,838259,0.0,0.0
2018-11-16 00:00:00+09:00,428.0,432.0,401.0,414.0,1052205,0.0,0.0
2018-11-19 00:00:00+09:00,430.0,430.0,412.0,415.0,576754,0.0,0.0
2018-11-20 00:00:00+09:00,415.0,415.0,406.0,408.0,379100,0.0,0.0
2018-11-21 00:00:00+09:00,408.0,408.0,391.0,400.0,521898,0.0,0.0
2018-11-22 00:00:00+09:00,397.0,403.0,393.0,401.0,319831,0.0,0.0
2018-11-23 00:00:00+09:00,397.0,401.0,394.0,399.0,176485,0.0,0.0
2018-11-26 00:00:00+09:00,399.0,400.0,395.0,398.0,246183,0.0,0.0
2018-11-27 00:00:00+09:00,390.0,393.0,372.0,375.0,2471507,0.0,0.0
2018-11-28 00:00:00+09:00,379.0,381.0,369.0,377.0,706492,0.0,0.0
2018-11-29 00:00:00+09:00,373.0,381.0,373.0,373.0,515970,0.0,0.0
2018-11-30 00:00:00+09:00,373.0,376.0,369.0,372.0,315113,0.0,0.0
2018-12-03 00:00:00+09:00,376.0,378.0,369.0,375.0,314342,0.0,0.0
2018-12-04 00:00:00+09:00,375.0,380.0,369.0,376.0,542350,0.0,0.0
2018-12-05 00:00:00+09:00,373.0,376.0,365.0,369.0,328041,0.0,0.0
2018-12-06 00:00:00+09:00,370.0,371.0,363.0,365.0,432915,0.0,0.0
2018-12-07 00:00:00+09:00,377.0,377.0,363.0,366.0,115224,0.0,0.0
2018-12-10 00:00:00+09:00,366.0,369.0,364.0,367.0,218437,0.0,0.0
2018-12-11 00:00:00+09:00,370.0,370.0,348.0,350.0,324896,0.0,0.0
2018-12-12 00:00:00+09:00,350.0,355.0,340.0,350.0,506554,0.0,0.0
2018-12-13 00:00:00+09:00,352.0,355.0,345.0,351.0,87492,0.0,0.0
2018-12-14 00:00:00+09:00,350.0,356.0,345.0,345.0,185309,0.0,0.0
2018-12-17 00:00:00+09:00,334.0,348.0,334.0,346.0,165401,0.0,0.0
2018-12-18 00:00:00+09:00,341.0,368.0,341.0,349.0,340608,0.0,0.0
2018-12-19 00:00:00+09:00,358.0,359.0,341.0,359.0,217493,0.0,0.0
2018-12-20 00:00:00+09:00,360.0,386.0,356.0,379.0,415955,0.0,0.0
2018-12-21 00:00:00+09:00,379.0,387.0,379.0,384.0,334692,0.0,0.0
2018-12-24 00:00:00+09:00,384.0,384.0,373.0,377.0,68865,0.0,0.0
2018-12-26 00:00:00+09:00,374.0,378.0,368.0,373.0,100175,0.0,0.0
2018-12-27 00:00:00+09:00,374.0,378.0,372.0,376.0,35391,0.0,0.0
2018-12-28 00:00:00+09:00,374.0,382.0,374.0,379.0,75223,0.0,0.0
2019-01-02 00:00:00+09:00,383.0,384.0,365.0,367.0,148102,0.0,0.0
2019-01-03 00:00:00+09:00,372.0,372.0,363.0,371.0,86181,0.0,0.0
2019-01-04 00:00:00+09:00,373.0,373.0,363.0,373.0,111850,0.0,0.0
2019-01-07 00:00:00+09:00,373.0,378.0,357.0,375.0,195986,0.0,0.0
2019-01-08 00:00:00+09:00,376.0,379.0,369.0,378.0,125272,0.0,0.0
2019-01-09 00:00:00+09:00,378.0,385.0,370.0,384.0,200246,0.0,0.0
2019-01-10 00:00:00+09:00,387.0,387.0,381.0,385.0,52850,0.0,0.0
2019-01-11 00:00:00+09:00,387.0,394.0,380.0,385.0,263963,0.0,0.0
2019-01-14 00:00:00+09:00,391.0,423.0,384.0,407.0,1169478,0.0,0.0
2019-01-15 00:00:00+09:00,407.0,409.0,394.0,397.0,405102,0.0,0.0
2019-01-16 00:00:00+09:00,395.0,405.0,395.0,402.0,227554,0.0,0.0
2019-01-17 00:00:00+09:00,395.0,405.0,395.0,404.0,96145,0.0,0.0
2019-01-18 00:00:00+09:00,410.0,410.0,394.0,400.0,354761,0.0,0.0
2019-01-21 00:00:00+09:00,400.0,405.0,398.0,402.0,134204,0.0,0.0
2019-01-22 00:00:00+09:00,408.0,415.0,402.0,411.0,160244,0.0,0.0
2019-01-23 00:00:00+09:00,405.0,410.0,403.0,405.0,122936,0.0,0.0
2019-01-24 00:00:00+09:00,405.0,409.0,399.0,402.0,117830,0.0,0.0
2019-01-25 00:00:00+09:00,406.0,406.0,400.0,400.0,147790,0.0,0.0
2019-01-28 00:00:00+09:00,400.0,405.0,400.0,405.0,141710,0.0,0.0
2019-01-29 00:00:00+09:00,400.0,410.0,399.0,403.0,165638,0.0,0.0
2019-01-30 00:00:00+09:00,406.0,407.0,395.0,404.0,207439,0.0,0.0
2019-01-31 00:00:00+09:00,404.0,409.0,400.0,408.0,326769,0.0,0.0
2019-02-01 00:00:00+09:00,406.0,412.0,401.0,406.0,134815,0.0,0.0
2019-02-07 00:00:00+09:00,407.0,420.0,407.0,415.0,214161,0.0,0.0
2019-02-08 00:00:00+09:00,417.0,428.0,415.0,422.0,183384,0.0,0.0
2019-02-11 00:00:00+09:00,422.0,428.0,410.0,423.0,268330,0.0,0.0
2019-02-12 00:00:00+09:00,420.0,430.0,413.0,414.0,132592,0.0,0.0
2019-02-13 00:00:00+09:00,413.0,423.0,408.0,416.0,105833,0.0,0.0
2019-02-14 00:00:00+09:00,414.0,420.0,405.0,413.0,165695,0.0,0.0
2019-02-15 00:00:00+09:00,408.0,417.0,407.0,411.0,118388,0.0,0.0
2019-02-18 00:00:00+09:00,413.0,418.0,410.0,413.0,234814,0.0,0.0
2019-02-19 00:00:00+09:00,412.0,417.0,405.0,409.0,159575,0.0,0.0
2019-02-20 00:00:00+09:00,413.0,413.0,400.0,404.0,319703,0.0,0.0
2019-02-21 00:00:00+09:00,404.0,409.0,400.0,406.0,375776,0.0,0.0
2019-02-22 00:00:00+09:00,406.0,412.0,404.0,412.0,264963,0.0,0.0
2019-02-25 00:00:00+09:00,412.0,417.0,409.0,414.0,250850,0.0,0.0
2019-02-26 00:00:00+09:00,414.0,524.0,414.0,435.0,4905875,0.0,0.0
2019-02-27 00:00:00+09:00,435.0,503.0,435.0,475.0,7457670,0.0,0.0
2019-02-28 00:00:00+09:00,470.0,491.0,463.0,472.0,2275560,0.0,0.0
2019-03-04 00:00:00+09:00,477.0,515.0,477.0,505.0,3325000,0.0,0.0
2019-03-05 00:00:00+09:00,499.0,517.0,495.0,516.0,1600502,0.0,0.0
2019-03-06 00:00:00+09:00,518.0,529.0,509.0,520.0,1955199,0.0,0.0
2019-03-07 00:00:00+09:00,520.0,540.0,508.0,517.0,1663544,0.0,0.0
2019-03-08 00:00:00+09:00,520.0,521.0,501.0,507.0,678267,0.0,0.0
2019-03-11 00:00:00+09:00,507.0,532.0,507.0,528.0,1717948,0.0,0.0
2019-03-12 00:00:00+09:00,524.0,545.0,524.0,541.0,1095137,0.0,0.0
2019-03-13 00:00:00+09:00,542.0,553.0,539.0,553.0,1089738,0.0,0.0
2019-03-14 00:00:00+09:00,553.0,574.0,540.0,549.0,2246937,0.0,0.0
2019-03-15 00:00:00+09:00,550.0,567.0,527.0,563.0,1802980,0.0,0.0
2019-03-18 00:00:00+09:00,569.0,572.0,547.0,564.0,759137,0.0,0.0
2019-03-19 00:00:00+09:00,556.0,563.0,511.0,527.0,1476497,0.0,0.0
2019-03-20 00:00:00+09:00,530.0,535.0,470.0,485.0,2271062,0.0,0.0
2019-03-21 00:00:00+09:00,490.0,494.0,465.0,475.0,566309,0.0,0.0
2019-03-22 00:00:00+09:00,471.0,481.0,444.0,475.0,1367712,0.0,0.0
2019-03-25 00:00:00+09:00,478.0,480.0,459.0,474.0,266897,0.0,0.0
2019-03-26 00:00:00+09:00,470.0,474.0,450.0,470.0,999024,0.0,0.0
2019-03-27 00:00:00+09:00,470.0,503.0,459.0,490.0,974108,0.0,0.0
2019-03-28 00:00:00+09:00,502.0,502.0,481.0,486.0,288018,0.0,0.0
2019-03-29 00:00:00+09:00,490.0,500.0,445.0,448.0,906080,0.0,0.0
2019-04-01 00:00:00+09:00,461.0,463.0,445.0,460.0,457343,0.0,0.0
2019-04-02 00:00:00+09:00,469.0,479.0,456.0,470.0,321002,0.0,0.0
2019-04-03 00:00:00+09:00,474.0,475.0,454.0,460.0,901531,0.0,0.0
2019-04-04 00:00:00+09:00,467.0,467.0,446.0,462.0,762723,0.0,0.0
2019-04-05 00:00:00+09:00,462.0,468.0,453.0,461.0,390718,0.0,0.0
2019-04-08 00:00:00+09:00,461.0,478.0,449.0,464.0,637455,0.0,0.0
2019-04-09 00:00:00+09:00,473.0,477.0,451.0,462.0,889939,0.0,0.0
2019-04-10 00:00:00+09:00,462.0,469.0,449.0,462.0,532689,0.0,0.0
2019-04-11 00:00:00+09:00,461.0,493.0,460.0,473.0,709682,0.0,0.0
2019-04-12 00:00:00+09:00,473.0,492.0,469.0,488.0,471115,0.0,0.0
2019-04-15 00:00:00+09:00,488.0,488.0,460.0,463.0,785138,0.0,0.0
2019-04-16 00:00:00+09:00,464.0,471.0,459.0,465.0,184159,0.0,0.0
2019-04-17 00:00:00+09:00,465.0,485.0,460.0,460.0,772064,0.0,0.0
2019-04-18 00:00:00+09:00,458.0,465.0,455.0,460.0,400003,0.0,0.0
2019-04-19 00:00:00+09:00,462.0,469.0,456.0,464.0,421462,0.0,0.0
2019-04-22 00:00:00+09:00,466.0,466.0,453.0,456.0,484403,0.0,0.0
2019-04-23 00:00:00+09:00,456.0,457.0,444.0,451.0,401036,0.0,0.0
2019-04-24 00:00:00+09:00,488.0,488.0,448.0,451.0,926519,0.0,0.0
2019-04-25 00:00:00+09:00,456.0,456.0,433.0,442.0,788490,0.0,0.0
2019-04-26 00:00:00+09:00,436.0,443.0,420.0,424.0,768378,0.0,0.0
2019-04-29 00:00:00+09:00,422.0,433.0,414.0,429.0,475337,0.0,0.0
2019-04-30 00:00:00+09:00,429.0,446.0,420.0,422.0,266210,0.0,0.0
2019-05-02 00:00:00+09:00,428.0,428.0,412.0,421.0,300041,0.0,0.0
2019-05-03 00:00:00+09:00,424.0,425.0,417.0,422.0,162443,0.0,0.0
2019-05-07 00:00:00+09:00,422.0,422.0,411.0,411.0,163479,0.0,0.0
2019-05-08 00:00:00+09:00,413.0,413.0,399.0,401.0,387116,0.0,0.0
2019-05-09 00:00:00+09:00,409.0,409.0,384.0,384.0,753248,0.0,0.0
2019-05-10 00:00:00+09:00,390.0,394.0,375.0,394.0,280474,0.0,0.0
2019-05-13 00:00:00+09:00,400.0,400.0,386.0,399.0,396767,0.0,0.0
2019-05-14 00:00:00+09:00,405.0,405.0,382.0,390.0,146723,0.0,0.0
2019-05-15 00:00:00+09:00,380.0,392.0,375.0,390.0,398144,0.0,0.0
2019-05-16 00:00:00+09:00,395.0,396.0,376.0,393.0,424424,0.0,0.0
2019-05-17 00:00:00+09:00,390.0,394.0,386.0,386.0,218560,0.0,0.0
2019-05-20 00:00:00+09:00,382.0,389.0,380.0,384.0,106967,0.0,0.0
2019-05-21 00:00:00+09:00,384.0,388.0,374.0,381.0,105208,0.0,0.0
2019-05-22 00:00:00+09:00,385.0,394.0,381.0,387.0,56896,0.0,0.0
2019-05-23 00:00:00+09:00,381.0,389.0,365.0,369.0,294519,0.0,0.0
2019-05-24 00:00:00+09:00,370.0,370.0,356.0,360.0,309311,0.0,0.0
2019-05-27 00:00:00+09:00,370.0,376.0,355.0,355.0,204630,0.0,0.0
2019-05-28 00:00:00+09:00,362.0,383.0,350.0,356.0,172845,0.0,0.0
2019-05-29 00:00:00+09:00,361.0,375.0,353.0,368.0,146939,0.0,0.0
2019-05-30 00:00:00+09:00,370.0,377.0,358.0,377.0,175363,0.0,0.0
2019-05-31 00:00:00+09:00,376.0,377.0,365.0,372.0,126674,0.0,0.0
2019-06-03 00:00:00+09:00,372.0,374.0,362.0,372.0,133848,0.0,0.0
2019-06-04 00:00:00+09:00,373.0,375.0,363.0,373.0,99950,0.0,0.0
2019-06-05 00:00:00+09:00,372.0,376.0,368.0,375.0,152523,0.0,0.0
2019-06-07 00:00:00+09:00,376.0,385.0,373.0,380.0,82234,0.0,0.0
2019-06-10 00:00:00+09:00,380.0,390.0,379.0,382.0,150491,0.0,0.0
2019-06-11 00:00:00+09:00,388.0,390.0,371.0,377.0,189790,0.0,0.0
2019-06-12 00:00:00+09:00,377.0,382.0,374.0,382.0,52308,0.0,0.0
2019-06-13 00:00:00+09:00,385.0,385.0,365.0,376.0,254623,0.0,0.0
2019-06-14 00:00:00+09:00,376.0,383.0,370.0,376.0,50843,0.0,0.0
2019-06-17 00:00:00+09:00,376.0,377.0,370.0,376.0,85214,0.0,0.0
2019-06-18 00:00:00+09:00,376.0,386.0,369.0,384.0,183247,0.0,0.0
2019-06-19 00:00:00+09:00,384.0,385.0,379.0,384.0,271592,0.0,0.0
2019-06-20 00:00:00+09:00,447.0,450.0,390.0,390.0,2418132,0.0,0.0
2019-06-21 00:00:00+09:00,391.0,397.0,381.0,392.0,446177,0.0,0.0
2019-06-24 00:00:00+09:00,393.0,396.0,385.0,390.0,433638,0.0,0.0
2019-06-25 00:00:00+09:00,390.0,392.0,376.0,386.0,220378,0.0,0.0
2019-06-26 00:00:00+09:00,387.0,387.0,375.0,376.0,111824,0.0,0.0
2019-06-27 00:00:00+09:00,375.0,382.0,375.0,379.0,125725,0.0,0.0
2019-06-28 00:00:00+09:00,379.0,382.0,375.0,377.0,112714,0.0,0.0
2019-07-01 00:00:00+09:00,375.0,380.0,373.0,380.0,228629,0.0,0.0
2019-07-02 00:00:00+09:00,380.0,380.0,371.0,378.0,81964,0.0,0.0
2019-07-03 00:00:00+09:00,375.0,376.0,368.0,371.0,190159,0.0,0.0
2019-07-04 00:00:00+09:00,371.0,373.0,363.0,367.0,187679,0.0,0.0
2019-07-05 00:00:00+09:00,367.0,367.0,350.0,365.0,533163,0.0,0.0
2019-07-08 00:00:00+09:00,365.0,365.0,329.0,333.0,1128886,0.0,0.0
2019-07-09 00:00:00+09:00,332.0,336.0,324.0,328.0,579075,0.0,0.0
2019-07-10 00:00:00+09:00,325.0,335.0,325.0,329.0,208396,0.0,0.0
2019-07-11 00:00:00+09:00,335.0,335.0,329.0,330.0,137216,0.0,0.0
2019-07-12 00:00:00+09:00,333.0,336.0,326.0,331.0,163883,0.0,0.0
2019-07-15 00:00:00+09:00,333.0,337.0,325.0,334.0,95407,0.0,0.0
2019-07-16 00:00:00+09:00,331.0,334.0,314.0,318.0,771291,0.0,0.0
2019-07-17 00:00:00+09:00,322.0,330.0,310.0,316.0,224800,0.0,0.0
2019-07-18 00:00:00+09:00,322.0,322.0,311.0,315.0,94791,0.0,0.0
2019-07-19 00:00:00+09:00,315.0,320.0,306.0,317.0,193812,0.0,0.0
2019-07-22 00:00:00+09:00,320.0,320.0,312.0,317.0,63625,0.0,0.0
2019-07-23 00:00:00+09:00,320.0,340.0,314.0,324.0,245840,0.0,0.0
2019-07-24 00:00:00+09:00,327.0,327.0,320.0,324.0,116349,0.0,0.0
2019-07-25 00:00:00+09:00,315.0,321.0,312.0,316.0,82256,0.0,0.0
2019-07-26 00:00:00+09:00,316.0,317.0,300.0,310.0,256905,0.0,0.0
2019-07-29 00:00:00+09:00,306.0,308.0,295.0,307.0,211469,0.0,0.0
2019-07-30 00:00:00+09:00,307.0,314.0,300.0,306.0,68668,0.0,0.0
2019-07-31 00:00:00+09:00,306.0,309.0,299.0,305.0,90458,0.0,0.0
2019-08-01 00:00:00+09:00,305.0,311.0,300.0,307.0,113860,0.0,0.0
2019-08-02 00:00:00+09:00,307.0,309.0,300.0,306.0,69937,0.0,0.0
2019-08-05 00:00:00+09:00,295.0,305.0,278.0,282.0,601498,0.0,0.0
2019-08-06 00:00:00+09:00,280.0,284.0,270.0,280.0,815686,0.0,0.0
2019-08-07 00:00:00+09:00,280.0,286.0,280.0,284.0,133546,0.0,0.0
2019-08-08 00:00:00+09:00,282.0,290.0,281.0,285.0,320706,0.0,0.0
2019-08-09 00:00:00+09:00,286.0,286.0,282.0,283.0,103589,0.0,0.0
2019-08-12 00:00:00+09:00,287.0,288.0,277.0,281.0,344278,0.0,0.0
2019-08-13 00:00:00+09:00,281.0,285.0,278.0,283.0,212401,0.0,0.0
2019-08-14 00:00:00+09:00,283.0,296.0,282.0,289.0,113344,0.0,0.0
2019-08-16 00:00:00+09:00,287.0,291.0,282.0,291.0,79672,0.0,0.0
2019-08-19 00:00:00+09:00,291.0,293.0,283.0,283.0,128946,0.0,0.0
2019-08-20 00:00:00+09:00,283.0,291.0,281.0,284.0,74186,0.0,0.0
2019-08-21 00:00:00+09:00,284.0,289.0,282.0,289.0,190421,0.0,0.0
2019-08-22 00:00:00+09:00,289.0,295.0,287.0,293.0,70322,0.0,0.0
2019-08-23 00:00:00+09:00,293.0,295.0,280.0,291.0,132884,0.0,0.0
2019-08-26 00:00:00+09:00,282.0,282.0,276.0,276.0,99452,0.0,0.0
2019-08-27 00:00:00+09:00,276.0,284.0,274.0,276.0,126741,0.0,0.0
2019-08-28 00:00:00+09:00,276.0,281.0,276.0,279.0,62869,0.0,0.0
2019-08-29 00:00:00+09:00,278.0,281.0,276.0,280.0,134899,0.0,0.0
2019-08-30 00:00:00+09:00,279.0,284.0,279.0,284.0,212239,0.0,0.0
2019-09-02 00:00:00+09:00,284.0,287.0,280.0,282.0,151705,0.0,0.0
2019-09-03 00:00:00+09:00,282.0,286.0,280.0,285.0,92973,0.0,0.0
2019-09-04 00:00:00+09:00,283.0,293.0,283.0,293.0,62344,0.0,0.0
2019-09-05 00:00:00+09:00,294.0,295.0,285.0,294.0,111607,0.0,0.0
2019-09-06 00:00:00+09:00,296.0,296.0,288.0,290.0,67585,0.0,0.0
2019-09-09 00:00:00+09:00,291.0,291.0,283.0,284.0,257926,0.0,0.0
2019-09-10 00:00:00+09:00,287.0,287.0,282.0,285.0,123613,0.0,0.0
2019-09-11 00:00:00+09:00,287.0,369.0,284.0,337.0,15343000,0.0,0.0
2019-09-16 00:00:00+09:00,362.0,363.0,321.0,328.0,2878218,0.0,0.0
2019-09-17 00:00:00+09:00,326.0,327.0,308.0,310.0,1339724,0.0,0.0
2019-09-18 00:00:00+09:00,310.0,327.0,307.0,313.0,685729,0.0,0.0
2019-09-19 00:00:00+09:00,313.0,315.0,307.0,307.0,329696,0.0,0.0
2019-09-20 00:00:00+09:00,307.0,312.0,304.0,307.0,291670,0.0,0.0
2019-09-23 00:00:00+09:00,308.0,308.0,296.0,299.0,376108,0.0,0.0
2019-09-24 00:00:00+09:00,297.0,301.0,295.0,299.0,248944,0.0,0.0
2019-09-25 00:00:00+09:00,300.0,304.0,251.0,266.0,1520888,0.0,0.0
2019-09-26 00:00:00+09:00,270.0,272.0,257.0,267.0,461340,0.0,0.0
2019-09-27 00:00:00+09:00,273.0,276.0,264.0,274.0,199381,0.0,0.0
2019-09-30 00:00:00+09:00,275.0,278.0,264.0,268.0,171967,0.0,0.0
2019-10-01 00:00:00+09:00,265.0,271.0,263.0,269.0,209736,0.0,0.0
2019-10-02 00:00:00+09:00,270.0,274.0,263.0,269.0,202830,0.0,0.0
2019-10-04 00:00:00+09:00,269.0,269.0,264.0,268.0,86338,0.0,0.0
2019-10-07 00:00:00+09:00,268.0,279.0,265.0,278.0,308552,0.0,0.0
2019-10-08 00:00:00+09:00,276.0,289.0,275.0,282.0,313471,0.0,0.0
2019-10-10 00:00:00+09:00,282.0,290.0,276.0,288.0,120092,0.0,0.0
2019-10-11 00:00:00+09:00,288.0,296.0,282.0,288.0,275551,0.0,0.0
2019-10-14 00:00:00+09:00,289.0,298.0,278.0,278.0,283023,0.0,0.0
2019-10-15 00:00:00+09:00,278.0,284.0,277.0,278.0,357200,0.0,0.0
2019-10-16 00:00:00+09:00,283.0,283.0,267.0,273.0,578148,0.0,0.0
2019-10-17 00:00:00+09:00,275.0,275.0,259.0,267.0,489531,0.0,0.0
2019-10-18 00:00:00+09:00,269.0,269.0,264.0,268.0,97599,0.0,0.0
2019-10-21 00:00:00+09:00,268.0,272.0,265.0,269.0,153450,0.0,0.0
2019-10-22 00:00:00+09:00,270.0,278.0,268.0,273.0,120909,0.0,0.0
2019-10-23 00:00:00+09:00,274.0,276.0,260.0,271.0,257897,0.0,0.0
2019-10-24 00:00:00+09:00,271.0,280.0,267.0,271.0,71483,0.0,0.0
2019-10-25 00:00:00+09:00,271.0,285.0,265.0,282.0,219651,0.0,0.0
2019-10-28 00:00:00+09:00,278.0,284.0,265.0,276.0,89626,0.0,0.0
2019-10-29 00:00:00+09:00,284.0,284.0,271.0,273.0,130767,0.0,0.0
2019-10-30 00:00:00+09:00,312.0,316.0,284.0,289.0,2085422,0.0,0.0
2019-10-31 00:00:00+09:00,289.0,289.0,275.0,276.0,514407,0.0,0.0
2019-11-01 00:00:00+09:00,276.0,287.0,276.0,287.0,182606,0.0,0.0
2019-11-04 00:00:00+09:00,287.0,295.0,281.0,290.0,346812,0.0,0.0
2019-11-05 00:00:00+09:00,290.0,300.0,285.0,294.0,558247,0.0,0.0
2019-11-06 00:00:00+09:00,294.0,364.0,294.0,315.0,7848699,0.0,0.0
2019-11-07 00:00:00+09:00,313.0,360.0,302.0,327.0,3460412,0.0,0.0
2019-11-08 00:00:00+09:00,327.0,342.0,323.0,334.0,830335,0.0,0.0
2019-11-11 00:00:00+09:00,334.0,354.0,329.0,349.0,661458,0.0,0.0
2019-11-12 00:00:00+09:00,346.0,361.0,340.0,349.0,687014,0.0,0.0
2019-11-13 00:00:00+09:00,349.0,350.0,339.0,342.0,237204,0.0,0.0
2019-11-14 00:00:00+09:00,342.0,342.0,310.0,317.0,726096,0.0,0.0
2019-11-15 00:00:00+09:00,317.0,320.0,309.0,314.0,355435,0.0,0.0
2019-11-18 00:00:00+09:00,324.0,337.0,314.0,328.0,207569,0.0,0.0
2019-11-19 00:00:00+09:00,328.0,332.0,313.0,327.0,268970,0.0,0.0
2019-11-20 00:00:00+09:00,325.0,327.0,315.0,317.0,114733,0.0,0.0
2019-11-21 00:00:00+09:00,317.0,317.0,311.0,315.0,76862,0.0,0.0
2019-11-22 00:00:00+09:00,315.0,315.0,303.0,305.0,143508,0.0,0.0
2019-11-25 00:00:00+09:00,305.0,310.0,301.0,308.0,74047,0.0,0.0
2019-11-26 00:00:00+09:00,308.0,313.0,301.0,309.0,83809,0.0,0.0
2019-11-27 00:00:00+09:00,309.0,312.0,302.0,304.0,176367,0.0,0.0
2019-11-28 00:00:00+09:00,304.0,309.0,304.0,309.0,174499,0.0,0.0
2019-11-29 00:00:00+09:00,312.0,312.0,302.0,308.0,62857,0.0,0.0
2019-12-02 00:00:00+09:00,308.0,310.0,302.0,310.0,181880,0.0,0.0
2019-12-03 00:00:00+09:00,360.0,403.0,360.0,403.0,13495800,0.0,0.0
2019-12-04 00:00:00+09:00,433.0,460.0,352.0,389.0,71198050,0.0,0.0
2019-12-05 00:00:00+09:00,388.0,405.0,332.0,346.0,11868700,0.0,0.0
2019-12-06 00:00:00+09:00,343.0,359.0,317.0,333.0,3689288,0.0,0.0
2019-12-09 00:00:00+09:00,337.0,355.0,310.0,314.0,4385097,0.0,0.0
2019-12-10 00:00:00+09:00,316.0,323.0,305.0,314.0,1388926,0.0,0.0
2019-12-11 00:00:00+09:00,314.0,320.0,306.0,318.0,894870,0.0,0.0
2019-12-12 00:00:00+09:00,316.0,324.0,309.0,318.0,964388,0.0,0.0
2019-12-13 00:00:00+09:00,318.0,324.0,310.0,320.0,1088282,0.0,0.0
2019-12-16 00:00:00+09:00,320.0,334.0,316.0,322.0,1010332,0.0,0.0
2019-12-17 00:00:00+09:00,322.0,331.0,317.0,321.0,1286043,0.0,0.0
2019-12-18 00:00:00+09:00,321.0,397.0,317.0,339.0,10843990,0.0,0.0
2019-12-19 00:00:00+09:00,337.0,389.0,330.0,347.0,22792380,0.0,0.0
2019-12-20 00:00:00+09:00,346.0,348.0,316.0,320.0,3040057,0.0,0.0
2019-12-23 00:00:00+09:00,320.0,334.0,308.0,315.0,2289293,0.0,0.0
2019-12-24 00:00:00+09:00,316.0,316.0,307.0,308.0,1099936,0.0,0.0
2019-12-26 00:00:00+09:00,306.0,314.0,304.0,307.0,463365,0.0,0.0
2019-12-27 00:00:00+09:00,309.0,312.0,304.0,310.0,462452,0.0,0.0
2019-12-30 00:00:00+09:00,310.0,313.0,306.0,307.0,321124,0.0,0.0
2020-01-02 00:00:00+09:00,308.0,314.0,303.0,309.0,287155,0.0,0.0
2020-01-03 00:00:00+09:00,309.0,313.0,306.0,313.0,389215,0.0,0.0
2020-01-06 00:00:00+09:00,313.0,316.0,303.0,306.0,296379,0.0,0.0
2020-01-07 00:00:00+09:00,303.0,309.0,303.0,308.0,455631,0.0,0.0
2020-01-08 00:00:00+09:00,306.0,308.0,285.0,295.0,619791,0.0,0.0
2020-01-09 00:00:00+09:00,296.0,304.0,296.0,300.0,411843,0.0,0.0
2020-01-10 00:00:00+09:00,301.0,312.0,300.0,312.0,212597,0.0,0.0
2020-01-13 00:00:00+09:00,312.0,312.0,305.0,308.0,159448,0.0,0.0
2020-01-14 00:00:00+09:00,308.0,312.0,307.0,308.0,209692,0.0,0.0
2020-01-15 00:00:00+09:00,311.0,318.0,308.0,313.0,356333,0.0,0.0
2020-01-16 00:00:00+09:00,314.0,331.0,313.0,315.0,1190063,0.0,0.0
2020-01-17 00:00:00+09:00,315.0,324.0,312.0,312.0,405535,0.0,0.0
2020-01-20 00:00:00+09:00,315.0,315.0,307.0,313.0,334417,0.0,0.0
2020-01-21 00:00:00+09:00,313.0,313.0,307.0,308.0,139702,0.0,0.0
2020-01-22 00:00:00+09:00,308.0,316.0,308.0,308.0,126000,0.0,0.0
2020-01-23 00:00:00+09:00,309.0,317.0,308.0,312.0,218622,0.0,0.0
2020-01-28 00:00:00+09:00,312.0,315.0,298.0,301.0,289027,0.0,0.0
2020-01-29 00:00:00+09:00,301.0,304.0,295.0,303.0,201049,0.0,0.0
2020-01-30 00:00:00+09:00,303.0,379.0,297.0,318.0,20881810,0.0,0.0
2020-01-31 00:00:00+09:00,323.0,329.0,292.0,294.0,3672244,0.0,0.0
2020-02-03 00:00:00+09:00,294.0,295.0,270.0,284.0,1353155,0.0,0.0
2020-02-04 00:00:00+09:00,283.0,309.0,272.0,288.0,1208747,0.0,0.0
2020-02-05 00:00:00+09:00,290.0,312.0,285.0,295.0,1586828,0.0,0.0
2020-02-06 00:00:00+09:00,293.0,318.0,293.0,304.0,723421,0.0,0.0
2020-02-07 00:00:00+09:00,305.0,347.0,301.0,309.0,4335810,0.0,0.0
2020-02-10 00:00:00+09:00,310.0,313.0,304.0,308.0,310315,0.0,0.0
2020-02-11 00:00:00+09:00,310.0,313.0,298.0,305.0,778983,0.0,0.0
2020-02-12 00:00:00+09:00,307.0,312.0,302.0,309.0,250050,0.0,0.0
2020-02-13 00:00:00+09:00,306.0,313.0,306.0,309.0,258900,0.0,0.0
2020-02-14 00:00:00+09:00,310.0,316.0,309.0,313.0,166152,0.0,0.0
2020-02-17 00:00:00+09:00,306.0,312.0,306.0,311.0,184678,0.0,0.0
2020-02-18 00:00:00+09:00,311.0,314.0,305.0,310.0,239489,0.0,0.0
2020-02-19 00:00:00+09:00,310.0,324.0,295.0,301.0,3180321,0.0,0.0
2020-02-20 00:00:00+09:00,303.0,307.0,300.0,301.0,626148,0.0,0.0
2020-02-21 00:00:00+09:00,301.0,301.0,294.0,296.0,253430,0.0,0.0
2020-02-24 00:00:00+09:00,296.0,296.0,283.0,284.0,627888,0.0,0.0
2020-02-25 00:00:00+09:00,284.0,297.0,284.0,297.0,708663,0.0,0.0
2020-02-26 00:00:00+09:00,295.0,310.0,294.0,307.0,425801,0.0,0.0
2020-02-27 00:00:00+09:00,307.0,311.0,299.0,303.0,291044,0.0,0.0
2020-02-28 00:00:00+09:00,301.0,301.0,282.0,290.0,592236,0.0,0.0
2020-03-02 00:00:00+09:00,288.0,295.0,285.0,291.0,213703,0.0,0.0
2020-03-03 00:00:00+09:00,291.0,306.0,291.0,297.0,272927,0.0,0.0
2020-03-04 00:00:00+09:00,297.0,310.0,296.0,306.0,141077,0.0,0.0
2020-03-05 00:00:00+09:00,306.0,317.0,306.0,314.0,353755,0.0,0.0
2020-03-06 00:00:00+09:00,311.0,328.0,302.0,320.0,585723,0.0,0.0
2020-03-09 00:00:00+09:00,314.0,314.0,294.0,300.0,418826,0.0,0.0
2020-03-10 00:00:00+09:00,300.0,301.0,287.0,291.0,420533,0.0,0.0
2020-03-11 00:00:00+09:00,291.0,304.0,260.0,270.0,978732,0.0,0.0
2020-03-12 00:00:00+09:00,270.0,270.0,236.0,250.0,822592,0.0,0.0
2020-03-13 00:00:00+09:00,235.0,236.0,195.0,224.0,735578,0.0,0.0
2020-03-16 00:00:00+09:00,226.0,245.0,223.0,227.0,471826,0.0,0.0
2020-03-17 00:00:00+09:00,200.0,238.0,200.0,236.0,251853,0.0,0.0
2020-03-18 00:00:00+09:00,237.0,250.0,230.0,237.0,301289,0.0,0.0
2020-03-19 00:00:00+09:00,231.0,246.0,196.0,222.0,608006,0.0,0.0
2020-03-20 00:00:00+09:00,227.0,250.0,221.0,242.0,310290,0.0,0.0
2020-03-23 00:00:00+09:00,241.0,250.0,221.0,226.0,299856,0.0,0.0
2020-03-24 00:00:00+09:00,227.0,255.0,225.0,250.0,436576,0.0,0.0
2020-03-25 00:00:00+09:00,250.0,282.0,250.0,269.0,528542,0.0,0.0
2020-03-26 00:00:00+09:00,265.0,280.0,265.0,275.0,202831,0.0,0.0
2020-03-27 00:00:00+09:00,276.0,295.0,263.0,274.0,648382,0.0,0.0
2020-03-30 00:00:00+09:00,270.0,274.0,251.0,269.0,232164,0.0,0.0
2020-03-31 00:00:00+09:00,269.0,283.0,255.0,259.0,398426,0.0,0.0
2020-04-01 00:00:00+09:00,259.0,269.0,252.0,252.0,173253,0.0,0.0
2020-04-02 00:00:00+09:00,255.0,266.0,230.0,263.0,281405,0.0,0.0
2020-04-03 00:00:00+09:00,263.0,265.0,255.0,255.0,87901,0.0,0.0
2020-04-06 00:00:00+09:00,253.0,265.0,250.0,264.0,193352,0.0,0.0
2020-04-07 00:00:00+09:00,266.0,270.0,254.0,267.0,233724,0.0,0.0
2020-04-08 00:00:00+09:00,268.0,277.0,265.0,271.0,191495,0.0,0.0
2020-04-09 00:00:00+09:00,271.0,285.0,268.0,275.0,178905,0.0,0.0
2020-04-10 00:00:00+09:00,275.0,283.0,262.0,271.0,210736,0.0,0.0
2020-04-13 00:00:00+09:00,277.0,286.0,260.0,270.0,369096,0.0,0.0
2020-04-14 00:00:00+09:00,270.0,278.0,266.0,266.0,247060,0.0,0.0
2020-04-16 00:00:00+09:00,270.0,271.0,263.0,265.0,206739,0.0,0.0
2020-04-17 00:00:00+09:00,265.0,344.0,263.0,344.0,7444193,0.0,0.0
2020-04-20 00:00:00+09:00,430.0,430.0,335.0,336.0,21461950,0.0,0.0
2020-04-21 00:00:00+09:00,323.0,323.0,293.0,315.0,4006149,0.0,0.0
2020-04-22 00:00:00+09:00,319.0,365.0,307.0,336.0,9360298,0.0,0.0
2020-04-23 00:00:00+09:00,331.0,342.0,324.0,331.0,2172170,0.0,0.0
2020-04-24 00:00:00+09:00,330.0,330.0,313.0,319.0,1491364,0.0,0.0
2020-04-27 00:00:00+09:00,315.0,398.0,311.0,347.0,24035180,0.0,0.0
2020-04-28 00:00:00+09:00,349.0,351.0,315.0,319.0,5428573,0.0,0.0
2020-04-29 00:00:00+09:00,320.0,325.0,315.0,317.0,1498339,0.0,0.0
2020-05-04 00:00:00+09:00,317.0,319.0,311.0,312.0,1239081,0.0,0.0
2020-05-06 00:00:00+09:00,368.0,405.0,344.0,405.0,23174130,0.0,0.0
2020-05-07 00:00:00+09:00,445.0,509.0,373.0,475.0,141084900,0.0,0.0
2020-05-08 00:00:00+09:00,456.0,510.0,434.0,439.0,45848980,0.0,0.0
2020-05-11 00:00:00+09:00,442.0,473.0,421.0,425.0,32571960,0.0,0.0
2020-05-12 00:00:00+09:00,423.0,445.0,410.0,419.0,12340260,0.0,0.0
2020-05-13 00:00:00+09:00,418.0,430.0,408.0,419.0,12194040,0.0,0.0
2020-05-14 00:00:00+09:00,416.0,419.0,391.0,391.0,9089038,0.0,0.0
2020-05-15 00:00:00+09:00,345.0,373.0,320.0,323.0,15763420,0.0,0.0
2020-05-18 00:00:00+09:00,322.0,334.0,299.0,307.0,7268453,0.0,0.0
2020-05-19 00:00:00+09:00,314.0,384.0,307.0,331.0,41928690,0.0,0.0
2020-05-20 00:00:00+09:00,331.0,339.0,315.0,318.0,5976887,0.0,0.0
2020-05-21 00:00:00+09:00,318.0,375.0,313.0,331.0,28999430,0.0,0.0
2020-05-22 00:00:00+09:00,322.0,382.0,313.0,323.0,16178820,0.0,0.0
2020-05-25 00:00:00+09:00,369.0,419.0,362.0,419.0,92002320,0.0,0.0
2020-05-26 00:00:00+09:00,441.0,458.0,396.0,400.0,66859680,0.0,0.0
2020-05-27 00:00:00+09:00,408.0,418.0,393.0,398.0,13545180,0.0,0.0
2020-05-28 00:00:00+09:00,398.0,426.0,377.0,380.0,15924180,0.0,0.0
2020-05-29 00:00:00+09:00,375.0,394.0,343.0,347.0,8675655,0.0,0.0
2020-06-01 00:00:00+09:00,351.0,409.0,339.0,381.0,28321870,0.0,0.0
2020-06-02 00:00:00+09:00,374.0,388.0,362.0,363.0,10073720,0.0,0.0
2020-06-03 00:00:00+09:00,370.0,370.0,355.0,355.0,4693467,0.0,0.0
2020-06-04 00:00:00+09:00,383.0,389.0,355.0,362.0,10654110,0.0,0.0
2020-06-05 00:00:00+09:00,362.0,370.0,355.0,356.0,3214410,0.0,0.0
2020-06-08 00:00:00+09:00,358.0,364.0,351.0,362.0,2853505,0.0,0.0
2020-06-09 00:00:00+09:00,363.0,363.0,345.0,350.0,4246913,0.0,0.0
2020-06-10 00:00:00+09:00,351.0,360.0,340.0,340.0,3064155,0.0,0.0
2020-06-11 00:00:00+09:00,340.0,346.0,331.0,334.0,2393683,0.0,0.0
2020-06-12 00:00:00+09:00,319.0,332.0,318.0,330.0,2346030,0.0,0.0
2020-06-15 00:00:00+09:00,327.0,341.0,323.0,323.0,2878102,0.0,0.0
2020-06-16 00:00:00+09:00,323.0,344.0,323.0,332.0,1842762,0.0,0.0
2020-06-17 00:00:00+09:00,331.0,338.0,320.0,328.0,1510281,0.0,0.0
2020-06-18 00:00:00+09:00,327.0,335.0,324.0,329.0,2000412,0.0,0.0
2020-06-19 00:00:00+09:00,317.0,348.0,317.0,331.0,5870755,0.0,0.0
2020-06-22 00:00:00+09:00,331.0,331.0,321.0,323.0,1037194,0.0,0.0
2020-06-23 00:00:00+09:00,323.0,331.0,318.0,324.0,990205,0.0,0.0
2020-06-24 00:00:00+09:00,320.0,328.0,319.0,325.0,965844,0.0,0.0
2020-06-25 00:00:00+09:00,325.0,329.0,318.0,329.0,1295173,0.0,0.0
2020-06-26 00:00:00+09:00,330.0,336.0,298.0,303.0,3189903,0.0,0.0
2020-06-29 00:00:00+09:00,299.0,300.0,281.0,297.0,1691645,0.0,0.0
2020-06-30 00:00:00+09:00,295.0,317.0,295.0,314.0,2070348,0.0,0.0
2020-07-01 00:00:00+09:00,317.0,319.0,310.0,316.0,555493,0.0,0.0
2020-07-02 00:00:00+09:00,316.0,331.0,311.0,329.0,1240461,0.0,0.0
2020-07-06 00:00:00+09:00,328.0,328.0,309.0,316.0,891242,0.0,0.0
2020-07-07 00:00:00+09:00,316.0,319.0,307.0,308.0,674428,0.0,0.0
2020-07-08 00:00:00+09:00,315.0,315.0,308.0,312.0,265062,0.0,0.0
2020-07-09 00:00:00+09:00,312.0,322.0,308.0,316.0,550356,0.0,0.0
2020-07-10 00:00:00+09:00,316.0,322.0,300.0,312.0,333542,0.0,0.0
2020-07-13 00:00:00+09:00,312.0,316.0,308.0,314.0,571333,0.0,0.0
2020-07-14 00:00:00+09:00,314.0,316.0,308.0,310.0,508823,0.0,0.0
2020-07-15 00:00:00+09:00,311.0,313.0,299.0,308.0,531287,0.0,0.0
2020-07-16 00:00:00+09:00,308.0,309.0,303.0,305.0,575593,0.0,0.0
2020-07-17 00:00:00+09:00,304.0,312.0,304.0,310.0,617365,0.0,0.0
2020-07-20 00:00:00+09:00,314.0,314.0,304.0,307.0,334704,0.0,0.0
2020-07-21 00:00:00+09:00,304.0,306.0,297.0,301.0,438225,0.0,0.0
2020-07-22 00:00:00+09:00,298.0,299.0,289.0,294.0,925203,0.0,0.0
2020-07-23 00:00:00+09:00,291.0,294.0,280.0,286.0,861233,0.0,0.0
2020-07-24 00:00:00+09:00,284.0,289.0,282.0,282.0,512769,0.0,0.0
2020-07-27 00:00:00+09:00,282.0,292.0,281.0,282.0,372121,0.0,0.0
2020-07-28 00:00:00+09:00,290.0,290.0,275.0,276.0,352929,0.0,0.0
2020-07-29 00:00:00+09:00,273.0,276.0,267.0,273.0,430137,0.0,0.0
2020-07-30 00:00:00+09:00,273.0,275.0,267.0,267.0,467238,0.0,0.0
2020-07-31 00:00:00+09:00,272.0,272.0,265.0,267.0,413480,0.0,0.0
2020-08-03 00:00:00+09:00,267.0,270.0,252.0,255.0,697753,0.0,0.0
2020-08-04 00:00:00+09:00,255.0,310.0,255.0,272.0,2240020,0.0,0.0
2020-08-05 00:00:00+09:00,270.0,281.0,270.0,271.0,317834,0.0,0.0
2020-08-06 00:00:00+09:00,276.0,291.0,268.0,291.0,550267,0.0,0.0
2020-08-07 00:00:00+09:00,297.0,297.0,277.0,287.0,510247,0.0,0.0
2020-08-10 00:00:00+09:00,286.0,289.0,275.0,276.0,722890,0.0,0.0
2020-08-11 00:00:00+09:00,276.0,279.0,263.0,268.0,729241,0.0,0.0
2020-08-12 00:00:00+09:00,268.0,271.0,259.0,271.0,326954,0.0,0.0
2020-08-13 00:00:00+09:00,271.0,272.0,266.0,271.0,155630,0.0,0.0
2020-08-14 00:00:00+09:00,271.0,272.0,262.0,264.0,239009,0.0,0.0
2020-08-18 00:00:00+09:00,264.0,264.0,245.0,250.0,942296,0.0,0.0
2020-08-19 00:00:00+09:00,249.0,255.0,243.0,252.0,256271,0.0,0.0
2020-08-20 00:00:00+09:00,253.0,253.0,237.0,238.0,499851,0.0,0.0
2020-08-21 00:00:00+09:00,240.0,246.0,238.0,246.0,138514,0.0,0.0
2020-08-24 00:00:00+09:00,247.0,252.0,238.0,252.0,75318,0.0,0.0
2020-08-25 00:00:00+09:00,252.0,258.0,248.0,256.0,213499,0.0,0.0
2020-08-26 00:00:00+09:00,257.0,257.0,243.0,245.0,552964,0.0,0.0
2020-08-27 00:00:00+09:00,246.0,250.0,240.0,240.0,219819,0.0,0.0
2020-08-28 00:00:00+09:00,239.0,251.0,239.0,244.0,166423,0.0,0.0
2020-08-31 00:00:00+09:00,246.0,257.0,245.0,254.0,254216,0.0,0.0
2020-09-01 00:00:00+09:00,258.0,262.0,251.0,257.0,172656,0.0,0.0
2020-09-02 00:00:00+09:00,257.0,262.0,253.0,256.0,140836,0.0,0.0
2020-09-03 00:00:00+09:00,256.0,263.0,256.0,262.0,282979,0.0,0.0
2020-09-04 00:00:00+09:00,255.0,261.0,251.0,259.0,174090,0.0,0.0
2020-09-07 00:00:00+09:00,253.0,261.0,251.0,260.0,244791,0.0,0.0
2020-09-08 00:00:00+09:00,263.0,263.0,253.0,258.0,324013,0.0,0.0
2020-09-09 00:00:00+09:00,258.0,312.0,255.0,278.0,8492197,0.0,0.0
2020-09-10 00:00:00+09:00,275.0,296.0,274.0,296.0,943769,0.0,0.0
2020-09-11 00:00:00+09:00,298.0,298.0,286.0,291.0,480581,0.0,0.0
2020-09-14 00:00:00+09:00,290.0,294.0,288.0,290.0,292770,0.0,0.0
2020-09-15 00:00:00+09:00,292.0,299.0,286.0,299.0,465150,0.0,0.0
2020-09-16 00:00:00+09:00,299.0,317.0,295.0,306.0,1418668,0.0,0.0
2020-09-17 00:00:00+09:00,313.0,340.0,307.0,315.0,2655544,0.0,0.0
2020-09-18 00:00:00+09:00,321.0,388.0,321.0,342.0,13146520,0.0,0.0
2020-09-21 00:00:00+09:00,340.0,351.0,330.0,337.0,1250332,0.0,0.0
2020-09-22 00:00:00+09:00,342.0,376.0,333.0,343.0,3394142,0.0,0.0
2020-09-23 00:00:00+09:00,367.0,367.0,327.0,330.0,1724594,0.0,0.0
2020-09-24 00:00:00+09:00,329.0,329.0,308.0,314.0,1078363,0.0,0.0
2020-09-25 00:00:00+09:00,316.0,339.0,316.0,327.0,1351426,0.0,0.0
2020-09-28 00:00:00+09:00,329.0,340.0,326.0,338.0,719326,0.0,0.0
2020-09-29 00:00:00+09:00,376.0,376.0,339.0,347.0,2144921,0.0,0.0
2020-10-05 00:00:00+09:00,343.0,345.0,330.0,340.0,718617,0.0,0.0
2020-10-06 00:00:00+09:00,341.0,356.0,341.0,342.0,881619,0.0,0.0
2020-10-07 00:00:00+09:00,346.0,348.0,337.0,339.0,407688,0.0,0.0
2020-10-08 00:00:00+09:00,347.0,363.0,345.0,351.0,1461537,0.0,0.0
2020-10-12 00:00:00+09:00,356.0,360.0,350.0,355.0,712082,0.0,0.0
2020-10-13 00:00:00+09:00,354.0,359.0,350.0,355.0,369681,0.0,0.0
2020-10-14 00:00:00+09:00,359.0,373.0,356.0,369.0,810177,0.0,0.0
2020-10-15 00:00:00+09:00,375.0,390.0,364.0,388.0,2421606,0.0,0.0
2020-10-16 00:00:00+09:00,398.0,440.0,394.0,419.0,7022547,0.0,0.0
2020-10-19 00:00:00+09:00,420.0,438.0,410.0,422.0,2273536,0.0,0.0
2020-10-20 00:00:00+09:00,422.0,422.0,398.0,411.0,1177798,0.0,0.0
2020-10-21 00:00:00+09:00,411.0,423.0,407.0,418.0,724039,0.0,0.0
2020-10-22 00:00:00+09:00,424.0,424.0,413.0,417.0,552629,0.0,0.0
2020-10-23 00:00:00+09:00,424.0,425.0,413.0,417.0,372822,0.0,0.0
2020-10-26 00:00:00+09:00,413.0,416.0,389.0,389.0,791844,0.0,0.0
2020-10-27 00:00:00+09:00,399.0,400.0,389.0,396.0,418862,0.0,0.0
2020-10-28 00:00:00+09:00,399.0,406.0,389.0,405.0,349451,0.0,0.0
2020-10-29 00:00:00+09:00,393.0,405.0,392.0,401.0,363711,0.0,0.0
2020-10-30 00:00:00+09:00,407.0,407.0,398.0,404.0,259772,0.0,0.0
2020-11-02 00:00:00+09:00,406.0,408.0,394.0,402.0,327128,0.0,0.0
2020-11-03 00:00:00+09:00,400.0,412.0,400.0,410.0,437059,0.0,0.0
2020-11-04 00:00:00+09:00,411.0,444.0,410.0,434.0,1519098,0.0,0.0
2020-11-05 00:00:00+09:00,429.0,437.0,425.0,437.0,638388,0.0,0.0
2020-11-06 00:00:00+09:00,437.0,446.0,435.0,443.0,898589,0.0,0.0
2020-11-09 00:00:00+09:00,441.0,488.0,441.0,480.0,2380481,0.0,0.0
2020-11-10 00:00:00+09:00,460.0,478.0,456.0,470.0,1314485,0.0,0.0
2020-11-11 00:00:00+09:00,460.0,503.0,458.0,480.0,826131,0.0,0.0
2020-11-12 00:00:00+09:00,480.0,489.0,475.0,485.0,705374,0.0,0.0
2020-11-13 00:00:00+09:00,483.0,490.0,478.0,484.0,533853,0.0,0.0
2020-11-16 00:00:00+09:00,495.0,505.0,458.0,466.0,1624805,0.0,0.0
2020-11-17 00:00:00+09:00,461.0,467.0,445.0,450.0,1288328,0.0,0.0
2020-11-18 00:00:00+09:00,463.0,473.0,453.0,473.0,830071,0.0,0.0
2020-11-19 00:00:00+09:00,473.0,477.0,463.0,473.0,365892,0.0,0.0
2020-11-20 00:00:00+09:00,484.0,487.0,461.0,468.0,728706,0.0,0.0
2020-11-23 00:00:00+09:00,468.0,469.0,446.0,451.0,866970,0.0,0.0
2020-11-24 00:00:00+09:00,452.0,462.0,441.0,457.0,470556,0.0,0.0
2020-11-25 00:00:00+09:00,467.0,467.0,432.0,449.0,480570,0.0,0.0
2020-11-26 00:00:00+09:00,449.0,463.0,431.0,442.0,445840,0.0,0.0
2020-11-27 00:00:00+09:00,455.0,459.0,438.0,455.0,456824,0.0,0.0
2020-11-30 00:00:00+09:00,467.0,468.0,449.0,457.0,540193,0.0,0.0
2020-12-01 00:00:00+09:00,469.0,470.0,452.0,456.0,349379,0.0,0.0
2020-12-02 00:00:00+09:00,461.0,470.0,450.0,455.0,469802,0.0,0.0
2020-12-03 00:00:00+09:00,451.0,461.0,447.0,450.0,636315,0.0,0.0
2020-12-04 00:00:00+09:00,446.0,449.0,435.0,435.0,354779,0.0,0.0
2020-12-07 00:00:00+09:00,448.0,448.0,421.0,430.0,431736,0.0,0.0
2020-12-08 00:00:00+09:00,438.0,438.0,419.0,427.0,564709,0.0,0.0
2020-12-09 00:00:00+09:00,430.0,437.0,423.0,430.0,282316,0.0,0.0
2020-12-10 00:00:00+09:00,434.0,440.0,420.0,420.0,223330,0.0,0.0
2020-12-11 00:00:00+09:00,429.0,429.0,415.0,416.0,255681,0.0,0.0
2020-12-14 00:00:00+09:00,416.0,420.0,385.0,390.0,994688,0.0,0.0
2020-12-15 00:00:00+09:00,390.0,393.0,373.0,378.0,874101,0.0,0.0
2020-12-16 00:00:00+09:00,380.0,395.0,379.0,392.0,653157,0.0,0.0
2020-12-17 00:00:00+09:00,389.0,400.0,387.0,390.0,304034,0.0,0.0
2020-12-18 00:00:00+09:00,391.0,393.0,384.0,390.0,271853,0.0,0.0
2020-12-21 00:00:00+09:00,394.0,394.0,381.0,390.0,224978,0.0,0.0
2020-12-22 00:00:00+09:00,393.0,393.0,375.0,380.0,300573,0.0,0.0
2020-12-23 00:00:00+09:00,380.0,387.0,373.0,378.0,283962,0.0,0.0
2020-12-24 00:00:00+09:00,381.0,386.0,370.0,383.0,422047,0.0,0.0
2020-12-28 00:00:00+09:00,383.0,384.0,374.0,374.0,550851,0.0,0.0
2020-12-29 00:00:00+09:00,377.0,449.0,376.0,390.0,1522206,0.0,0.0
2020-12-30 00:00:00+09:00,390.0,449.0,390.0,428.0,3040778,0.0,0.0
2021-01-04 00:00:00+09:00,429.0,451.0,428.0,445.0,1084196,0.0,0.0
2021-01-05 00:00:00+09:00,445.0,459.0,445.0,450.0,1050309,0.0,0.0
2021-01-06 00:00:00+09:00,460.0,460.0,434.0,441.0,794210,0.0,0.0
2021-01-07 00:00:00+09:00,443.0,457.0,434.0,441.0,505277,0.0,0.0
2021-01-08 00:00:00+09:00,441.0,458.0,429.0,436.0,338124,0.0,0.0
2021-01-11 00:00:00+09:00,447.0,450.0,423.0,432.0,897263,0.0,0.0
2021-01-12 00:00:00+09:00,432.0,442.0,422.0,427.0,153998,0.0,0.0
2021-01-13 00:00:00+09:00,432.0,440.0,413.0,434.0,284792,0.0,0.0
2021-01-14 00:00:00+09:00,444.0,444.0,430.0,434.0,167157,0.0,0.0
2021-01-15 00:00:00+09:00,433.0,438.0,420.0,428.0,444416,0.0,0.0
2021-01-18 00:00:00+09:00,444.0,444.0,414.0,435.0,813977,0.0,0.0
2021-01-19 00:00:00+09:00,436.0,449.0,432.0,446.0,685385,0.0,0.0
2021-01-20 00:00:00+09:00,458.0,458.0,442.0,449.0,411668,0.0,0.0
2021-01-21 00:00:00+09:00,445.0,488.0,444.0,480.0,2993003,0.0,0.0
2021-01-22 00:00:00+09:00,477.0,500.0,470.0,470.0,1290154,0.0,0.0
2021-01-25 00:00:00+09:00,474.0,474.0,448.0,452.0,963708,0.0,0.0
2021-01-26 00:00:00+09:00,465.0,465.0,449.0,458.0,920894,0.0,0.0
2021-01-27 00:00:00+09:00,460.0,478.0,455.0,469.0,612986,0.0,0.0
2021-01-28 00:00:00+09:00,472.0,477.0,456.0,461.0,423416,0.0,0.0
2021-01-29 00:00:00+09:00,458.0,461.0,429.0,438.0,1022112,0.0,0.0
2021-02-01 00:00:00+09:00,446.0,451.0,426.0,439.0,419838,0.0,0.0
2021-02-02 00:00:00+09:00,436.0,446.0,436.0,441.0,315527,0.0,0.0
2021-02-03 00:00:00+09:00,444.0,457.0,425.0,435.0,596354,0.0,0.0
2021-02-04 00:00:00+09:00,435.0,437.0,418.0,431.0,592557,0.0,0.0
2021-02-05 00:00:00+09:00,437.0,437.0,422.0,428.0,237143,0.0,0.0
2021-02-08 00:00:00+09:00,428.0,438.0,420.0,430.0,408808,0.0,0.0
2021-02-09 00:00:00+09:00,433.0,437.0,428.0,432.0,365119,0.0,0.0
2021-02-10 00:00:00+09:00,435.0,439.0,422.0,437.0,758115,0.0,0.0
2021-02-15 00:00:00+09:00,437.0,451.0,426.0,448.0,451528,0.0,0.0
2021-02-16 00:00:00+09:00,448.0,450.0,438.0,448.0,377492,0.0,0.0
2021-02-17 00:00:00+09:00,448.0,448.0,428.0,428.0,626734,0.0,0.0
2021-02-18 00:00:00+09:00,435.0,443.0,420.0,437.0,576309,0.0,0.0
2021-02-19 00:00:00+09:00,436.0,437.0,427.0,428.0,350655,0.0,0.0
2021-02-22 00:00:00+09:00,425.0,435.0,421.0,425.0,628602,0.0,0.0
2021-02-23 00:00:00+09:00,425.0,436.0,417.0,419.0,525556,0.0,0.0
2021-02-24 00:00:00+09:00,420.0,425.0,410.0,417.0,543152,0.0,0.0
2021-02-25 00:00:00+09:00,417.0,480.0,417.0,469.0,3311215,0.0,0.0
2021-02-26 00:00:00+09:00,469.0,469.0,450.0,466.0,804577,0.0,0.0
2021-03-02 00:00:00+09:00,479.0,499.0,469.0,492.0,1632460,0.0,0.0
2021-03-03 00:00:00+09:00,498.0,498.0,469.0,475.0,781030,0.0,0.0
2021-03-04 00:00:00+09:00,482.0,493.0,474.0,490.0,824734,0.0,0.0
2021-03-05 00:00:00+09:00,498.0,515.0,492.0,503.0,3740473,0.0,0.0
2021-03-08 00:00:00+09:00,514.0,569.0,503.0,540.0,4028338,0.0,0.0
2021-03-09 00:00:00+09:00,528.0,580.0,520.0,560.0,3047245,0.0,0.0
2021-03-10 00:00:00+09:00,563.0,687.0,495.0,527.0,18892390,0.0,0.0
2021-03-11 00:00:00+09:00,530.0,580.0,521.0,537.0,5815251,0.0,0.0
2021-03-12 00:00:00+09:00,538.0,559.0,523.0,545.0,2974668,0.0,0.0
2021-03-15 00:00:00+09:00,590.0,592.0,562.0,579.0,3647674,0.0,0.0
2021-03-16 00:00:00+09:00,579.0,589.0,548.0,551.0,2016729,0.0,0.0
2021-03-17 00:00:00+09:00,549.0,566.0,546.0,561.0,1067877,0.0,0.0
2021-03-18 00:00:00+09:00,562.0,581.0,561.0,573.0,992361,0.0,0.0
2021-03-19 00:00:00+09:00,573.0,577.0,517.0,552.0,2240300,0.0,0.0
2021-03-22 00:00:00+09:00,555.0,559.0,540.0,540.0,1163205,0.0,0.0
2021-03-23 00:00:00+09:00,540.0,552.0,530.0,552.0,833013,0.0,0.0
2021-03-24 00:00:00+09:00,551.0,551.0,538.0,546.0,722250,0.0,0.0
2021-03-25 00:00:00+09:00,546.0,600.0,532.0,556.0,2986743,0.0,0.0
2021-03-26 00:00:00+09:00,556.0,570.0,556.0,564.0,634438,0.0,0.0
2021-03-29 00:00:00+09:00,559.0,585.0,558.0,575.0,1697715,0.0,0.0
2021-03-30 00:00:00+09:00,579.0,591.0,573.0,585.0,970742,0.0,0.0
2021-03-31 00:00:00+09:00,590.0,648.0,586.0,639.0,5401568,0.0,0.0
2021-04-01 00:00:00+09:00,639.0,699.0,639.0,682.0,4791300,0.0,0.0
2021-04-02 00:00:00+09:00,682.0,770.0,680.0,755.0,7676713,0.0,0.0
2021-04-05 00:00:00+09:00,768.0,795.0,692.0,716.0,4717115,0.0,0.0
2021-04-06 00:00:00+09:00,716.0,739.0,700.0,730.0,1558557,0.0,0.0
2021-04-07 00:00:00+09:00,730.0,768.0,730.0,750.0,1507640,0.0,0.0
2021-04-08 00:00:00+09:00,759.0,770.0,733.0,733.0,1209545,0.0,0.0
2021-04-09 00:00:00+09:00,729.0,750.0,715.0,748.0,1107716,0.0,0.0
2021-04-12 00:00:00+09:00,756.0,768.0,743.0,748.0,1083633,0.0,0.0
2021-04-13 00:00:00+09:00,749.0,783.0,730.0,773.0,2535214,0.0,0.0
2021-04-14 00:00:00+09:00,750.0,758.0,665.0,704.0,6622280,0.0,0.0
2021-04-15 00:00:00+09:00,714.0,714.0,644.0,670.0,2153876,0.0,0.0
2021-04-16 00:00:00+09:00,690.0,705.0,673.0,702.0,1280664,0.0,0.0
2021-04-19 00:00:00+09:00,702.0,722.0,687.0,691.0,1049593,0.0,0.0
2021-04-20 00:00:00+09:00,691.0,714.0,685.0,710.0,640958,0.0,0.0
2021-04-21 00:00:00+09:00,710.0,715.0,701.0,710.0,711694,0.0,0.0
2021-04-22 00:00:00+09:00,710.0,716.0,670.0,670.0,2102033,0.0,0.0
2021-04-23 00:00:00+09:00,669.0,673.0,618.0,627.0,2593803,0.0,0.0
2021-04-26 00:00:00+09:00,641.0,674.0,633.0,660.0,1069653,0.0,0.0
2021-04-27 00:00:00+09:00,660.0,666.0,630.0,642.0,825446,0.0,0.0
2021-04-28 00:00:00+09:00,650.0,672.0,649.0,656.0,579318,0.0,0.0
2021-04-29 00:00:00+09:00,668.0,673.0,626.0,634.0,743045,0.0,0.0
2021-04-30 00:00:00+09:00,640.0,640.0,624.0,639.0,612431,0.0,0.0
2021-05-03 00:00:00+09:00,639.0,644.0,622.0,638.0,377265,0.0,0.0
2021-05-04 00:00:00+09:00,646.0,646.0,619.0,635.0,364553,0.0,0.0
2021-05-06 00:00:00+09:00,635.0,643.0,623.0,630.0,254180,0.0,0.0
2021-05-07 00:00:00+09:00,642.0,653.0,630.0,649.0,428934,0.0,0.0
2021-05-10 00:00:00+09:00,649.0,650.0,634.0,642.0,437544,0.0,0.0
2021-05-11 00:00:00+09:00,657.0,662.0,631.0,658.0,552024,0.0,0.0
2021-05-12 00:00:00+09:00,659.0,662.0,636.0,657.0,332096,0.0,0.0
2021-05-13 00:00:00+09:00,651.0,655.0,639.0,644.0,445151,0.0,0.0
2021-05-14 00:00:00+09:00,640.0,660.0,638.0,652.0,805459,0.0,0.0
2021-05-17 00:00:00+09:00,651.0,669.0,646.0,662.0,584570,0.0,0.0
2021-05-18 00:00:00+09:00,662.0,689.0,650.0,677.0,924494,0.0,0.0
2021-05-20 00:00:00+09:00,677.0,690.0,661.0,686.0,697275,0.0,0.0
2021-05-21 00:00:00+09:00,684.0,689.0,676.0,679.0,391547,0.0,0.0
2021-05-24 00:00:00+09:00,678.0,681.0,665.0,673.0,241940,0.0,0.0
2021-05-25 00:00:00+09:00,684.0,688.0,669.0,677.0,377037,0.0,0.0
2021-05-26 00:00:00+09:00,677.0,687.0,672.0,678.0,441859,0.0,0.0
2021-05-27 00:00:00+09:00,678.0,684.0,673.0,673.0,307250,0.0,0.0
2021-05-28 00:00:00+09:00,678.0,678.0,661.0,663.0,308421,0.0,0.0
2021-05-31 00:00:00+09:00,663.0,670.0,653.0,667.0,454177,0.0,0.0
2021-06-01 00:00:00+09:00,702.0,710.0,673.0,681.0,1123038,0.0,0.0
2021-06-02 00:00:00+09:00,682.0,684.0,671.0,676.0,467079,0.0,0.0
2021-06-03 00:00:00+09:00,672.0,679.0,670.0,672.0,285589,0.0,0.0
2021-06-04 00:00:00+09:00,672.0,675.0,662.0,668.0,400695,0.0,0.0
2021-06-07 00:00:00+09:00,668.0,668.0,653.0,660.0,360099,0.0,0.0
2021-06-08 00:00:00+09:00,658.0,660.0,645.0,656.0,390540,0.0,0.0
2021-06-09 00:00:00+09:00,656.0,661.0,646.0,656.0,319466,0.0,0.0
2021-06-10 00:00:00+09:00,660.0,662.0,649.0,651.0,758433,0.0,0.0
2021-06-11 00:00:00+09:00,651.0,692.0,649.0,677.0,1174013,0.0,0.0
2021-06-14 00:00:00+09:00,686.0,686.0,674.0,680.0,382183,0.0,0.0
2021-06-15 00:00:00+09:00,674.0,703.0,673.0,702.0,731810,0.0,0.0
2021-06-16 00:00:00+09:00,702.0,747.0,701.0,745.0,2155730,0.0,0.0
2021-06-17 00:00:00+09:00,780.0,780.0,705.0,728.0,3071078,0.0,0.0
2021-06-18 00:00:00+09:00,729.0,763.0,729.0,758.0,1775726,0.0,0.0
2021-06-21 00:00:00+09:00,758.0,771.0,743.0,760.0,778596,0.0,0.0
2021-06-22 00:00:00+09:00,760.0,760.0,733.0,750.0,637580,0.0,0.0
2021-06-23 00:00:00+09:00,748.0,757.0,729.0,732.0,516026,0.0,0.0
2021-06-24 00:00:00+09:00,732.0,742.0,718.0,722.0,485478,0.0,0.0
2021-06-25 00:00:00+09:00,770.0,770.0,728.0,744.0,1737045,0.0,0.0
2021-06-28 00:00:00+09:00,743.0,743.0,699.0,702.0,1752330,0.0,0.0
2021-06-29 00:00:00+09:00,702.0,705.0,672.0,698.0,1504588,0.0,0.0
2021-06-30 00:00:00+09:00,695.0,698.0,676.0,680.0,608194,0.0,0.0
2021-07-01 00:00:00+09:00,680.0,685.0,665.0,665.0,704899,0.0,0.0
2021-07-02 00:00:00+09:00,668.0,679.0,659.0,672.0,476013,0.0,0.0
2021-07-05 00:00:00+09:00,674.0,674.0,656.0,659.0,675227,0.0,0.0
2021-07-06 00:00:00+09:00,659.0,664.0,652.0,662.0,275230,0.0,0.0
2021-07-07 00:00:00+09:00,662.0,668.0,658.0,662.0,267482,0.0,0.0
2021-07-08 00:00:00+09:00,660.0,662.0,647.0,650.0,601112,0.0,0.0
2021-07-09 00:00:00+09:00,650.0,650.0,625.0,637.0,728379,0.0,0.0
2021-07-12 00:00:00+09:00,637.0,644.0,630.0,633.0,341387,0.0,0.0
2021-07-13 00:00:00+09:00,640.0,640.0,622.0,622.0,318999,0.0,0.0
2021-07-14 00:00:00+09:00,624.0,624.0,613.0,618.0,291641,0.0,0.0
2021-07-15 00:00:00+09:00,639.0,639.0,605.0,615.0,668726,0.0,0.0
2021-07-16 00:00:00+09:00,615.0,618.0,607.0,613.0,415737,0.0,0.0
2021-07-19 00:00:00+09:00,614.0,796.0,614.0,638.0,30393330,0.0,0.0
2021-07-20 00:00:00+09:00,623.0,624.0,592.0,606.0,3324225,0.0,0.0
2021-07-21 00:00:00+09:00,610.0,613.0,599.0,599.0,914670,0.0,0.0
2021-07-22 00:00:00+09:00,598.0,606.0,595.0,600.0,745438,0.0,0.0
2021-07-23 00:00:00+09:00,601.0,609.0,597.0,600.0,683191,0.0,0.0
2021-07-26 00:00:00+09:00,609.0,609.0,592.0,597.0,630390,0.0,0.0
2021-07-27 00:00:00+09:00,597.0,601.0,587.0,597.0,685090,0.0,0.0
2021-07-28 00:00:00+09:00,600.0,600.0,589.0,589.0,405261,0.0,0.0
2021-07-29 00:00:00+09:00,599.0,599.0,584.0,590.0,260362,0.0,0.0
2021-07-30 00:00:00+09:00,588.0,590.0,582.0,582.0,231615,0.0,0.0
2021-08-02 00:00:00+09:00,581.0,589.0,577.0,579.0,213257,0.0,0.0
2021-08-03 00:00:00+09:00,579.0,587.0,572.0,581.0,180779,0.0,0.0
2021-08-04 00:00:00+09:00,588.0,597.0,580.0,589.0,258678,0.0,0.0
2021-08-05 00:00:00+09:00,588.0,613.0,584.0,604.0,413807,0.0,0.0
2021-08-06 00:00:00+09:00,604.0,607.0,596.0,603.0,218032,0.0,0.0
2021-08-09 00:00:00+09:00,603.0,603.0,587.0,588.0,242044,0.0,0.0
2021-08-10 00:00:00+09:00,588.0,597.0,581.0,588.0,263648,0.0,0.0
2021-08-11 00:00:00+09:00,588.0,597.0,575.0,595.0,433046,0.0,0.0
2021-08-12 00:00:00+09:00,590.0,597.0,582.0,585.0,220884,0.0,0.0
2021-08-13 00:00:00+09:00,584.0,590.0,566.0,579.0,462725,0.0,0.0
2021-08-17 00:00:00+09:00,573.0,577.0,554.0,557.0,442914,0.0,0.0
2021-08-18 00:00:00+09:00,552.0,567.0,543.0,567.0,378544,0.0,0.0
2021-08-19 00:00:00+09:00,564.0,578.0,550.0,552.0,205346,0.0,0.0
2021-08-20 00:00:00+09:00,558.0,558.0,538.0,541.0,523764,0.0,0.0
2021-08-23 00:00:00+09:00,538.0,547.0,532.0,539.0,182213,0.0,0.0
2021-08-24 00:00:00+09:00,548.0,551.0,536.0,546.0,241166,0.0,0.0
2021-08-25 00:00:00+09:00,550.0,581.0,550.0,581.0,367610,0.0,0.0
2021-08-26 00:00:00+09:00,580.0,582.0,563.0,574.0,297701,0.0,0.0
2021-08-27 00:00:00+09:00,574.0,579.0,566.0,578.0,181943,0.0,0.0
2021-08-30 00:00:00+09:00,578.0,578.0,559.0,564.0,367327,0.0,0.0
2021-08-31 00:00:00+09:00,570.0,570.0,557.0,567.0,190769,0.0,0.0
2021-09-01 00:00:00+09:00,560.0,570.0,557.0,568.0,151642,0.0,0.0
2021-09-02 00:00:00+09:00,568.0,570.0,560.0,560.0,171026,0.0,0.0
2021-09-03 00:00:00+09:00,560.0,566.0,559.0,561.0,174627,0.0,0.0
2021-09-06 00:00:00+09:00,559.0,567.0,543.0,551.0,276892,0.0,0.0
2021-09-07 00:00:00+09:00,546.0,557.0,543.0,551.0,146891,0.0,0.0
2021-09-08 00:00:00+09:00,545.0,551.0,541.0,543.0,186264,0.0,0.0
2021-09-09 00:00:00+09:00,539.0,554.0,538.0,540.0,143382,0.0,0.0
2021-09-10 00:00:00+09:00,540.0,550.0,531.0,541.0,217078,0.0,0.0
2021-09-13 00:00:00+09:00,541.0,541.0,529.0,533.0,265116,0.0,0.0
2021-09-14 00:00:00+09:00,533.0,539.0,528.0,529.0,135650,0.0,0.0
2021-09-15 00:00:00+09:00,538.0,538.0,518.0,520.0,372624,0.0,0.0
2021-09-16 00:00:00+09:00,518.0,523.0,513.0,514.0,198862,0.0,0.0
2021-09-17 00:00:00+09:00,518.0,525.0,508.0,514.0,221524,0.0,0.0
2021-09-23 00:00:00+09:00,514.0,516.0,501.0,505.0,208846,0.0,0.0
2021-09-24 00:00:00+09:00,502.0,511.0,494.0,497.0,358769,0.0,0.0
2021-09-27 00:00:00+09:00,497.0,500.0,475.0,495.0,165837,0.0,0.0
2021-09-28 00:00:00+09:00,495.0,500.0,488.0,493.0,209720,0.0,0.0
2021-09-29 00:00:00+09:00,475.0,495.0,475.0,477.0,228776,0.0,0.0
2021-09-30 00:00:00+09:00,475.0,485.0,469.0,475.0,246201,0.0,0.0
2021-10-01 00:00:00+09:00,484.0,484.0,460.0,469.0,142672,0.0,0.0
2021-10-05 00:00:00+09:00,467.0,467.0,453.0,463.0,159823,0.0,0.0
2021-10-06 00:00:00+09:00,452.0,468.0,437.0,437.0,213187,0.0,0.0
2021-10-07 00:00:00+09:00,437.0,457.0,437.0,453.0,127620,0.0,0.0
2021-10-08 00:00:00+09:00,475.0,475.0,453.0,457.0,61701,0.0,0.0
2021-10-12 00:00:00+09:00,457.0,472.0,449.0,469.0,218495,0.0,0.0
2021-10-13 00:00:00+09:00,469.0,579.0,469.0,493.0,5575666,0.0,0.0
2021-10-14 00:00:00+09:00,495.0,518.0,490.0,515.0,720939,0.0,0.0
2021-10-15 00:00:00+09:00,520.0,549.0,519.0,543.0,567719,0.0,0.0
2021-10-18 00:00:00+09:00,555.0,555.0,518.0,530.0,697292,0.0,0.0
2021-10-19 00:00:00+09:00,524.0,530.0,489.0,518.0,562068,0.0,0.0
2021-10-20 00:00:00+09:00,514.0,521.0,505.0,518.0,249672,0.0,0.0
2021-10-21 00:00:00+09:00,515.0,548.0,514.0,529.0,534158,0.0,0.0
2021-10-22 00:00:00+09:00,534.0,536.0,519.0,536.0,201907,0.0,0.0
2021-10-25 00:00:00+09:00,536.0,544.0,529.0,529.0,226109,0.0,0.0
2021-10-26 00:00:00+09:00,532.0,537.0,525.0,535.0,155250,0.0,0.0
2021-10-27 00:00:00+09:00,532.0,549.0,527.0,546.0,206458,0.0,0.0
2021-10-28 00:00:00+09:00,540.0,550.0,539.0,547.0,154137,0.0,0.0
2021-10-29 00:00:00+09:00,547.0,548.0,537.0,548.0,138666,0.0,0.0
2021-11-01 00:00:00+09:00,544.0,544.0,530.0,530.0,213208,0.0,0.0
2021-11-02 00:00:00+09:00,582.0,630.0,540.0,546.0,2273354,0.0,0.0
2021-11-03 00:00:00+09:00,557.0,559.0,540.0,547.0,348383,0.0,0.0
2021-11-04 00:00:00+09:00,547.0,550.0,533.0,540.0,201745,0.0,0.0
2021-11-05 00:00:00+09:00,540.0,548.0,525.0,535.0,354552,0.0,0.0
2021-11-08 00:00:00+09:00,535.0,536.0,528.0,535.0,177088,0.0,0.0
2021-11-09 00:00:00+09:00,535.0,544.0,530.0,534.0,101510,0.0,0.0
2021-11-10 00:00:00+09:00,534.0,536.0,525.0,528.0,122795,0.0,0.0
2021-11-11 00:00:00+09:00,529.0,534.0,519.0,523.0,148253,0.0,0.0
2021-11-12 00:00:00+09:00,523.0,525.0,512.0,518.0,268712,0.0,0.0
2021-11-15 00:00:00+09:00,518.0,522.0,514.0,516.0,185740,0.0,0.0
2021-11-16 00:00:00+09:00,516.0,520.0,497.0,499.0,310064,0.0,0.0
2021-11-17 00:00:00+09:00,516.0,516.0,495.0,503.0,166163,0.0,0.0
2021-11-18 00:00:00+09:00,503.0,513.0,494.0,510.0,230858,0.0,0.0
2021-11-19 00:00:00+09:00,507.0,516.0,505.0,515.0,51013,0.0,0.0
2021-11-22 00:00:00+09:00,515.0,530.0,508.0,520.0,236536,0.0,0.0
2021-11-23 00:00:00+09:00,519.0,540.0,510.0,532.0,289115,0.0,0.0
2021-11-24 00:00:00+09:00,527.0,532.0,521.0,526.0,56908,0.0,0.0
2021-11-25 00:00:00+09:00,526.0,540.0,524.0,530.0,153298,0.0,0.0
2021-11-26 00:00:00+09:00,530.0,537.0,511.0,521.0,158438,0.0,0.0
2021-11-29 00:00:00+09:00,515.0,517.0,500.0,515.0,141177,0.0,0.0
2021-11-30 00:00:00+09:00,512.0,517.0,500.0,515.0,103496,0.0,0.0
2021-12-01 00:00:00+09:00,518.0,518.0,506.0,512.0,38433,0.0,0.0
2021-12-02 00:00:00+09:00,514.0,515.0,502.0,513.0,35452,0.0,0.0
2021-12-03 00:00:00+09:00,512.0,517.0,508.0,515.0,48478,0.0,0.0
2021-12-06 00:00:00+09:00,513.0,521.0,500.0,514.0,170072,0.0,0.0
2021-12-07 00:00:00+09:00,514.0,520.0,506.0,515.0,93262,0.0,0.0
2021-12-08 00:00:00+09:00,515.0,521.0,502.0,504.0,229213,0.0,0.0
2021-12-09 00:00:00+09:00,510.0,510.0,506.0,507.0,26243,0.0,0.0
2021-12-10 00:00:00+09:00,507.0,508.0,501.0,506.0,82193,0.0,0.0
2021-12-13 00:00:00+09:00,503.0,510.0,503.0,507.0,74041,0.0,0.0
2021-12-14 00:00:00+09:00,510.0,510.0,503.0,505.0,49760,0.0,0.0
2021-12-15 00:00:00+09:00,503.0,515.0,503.0,511.0,68777,0.0,0.0
2021-12-16 00:00:00+09:00,517.0,517.0,507.0,507.0,26028,0.0,0.0
2021-12-17 00:00:00+09:00,510.0,514.0,506.0,509.0,54002,0.0,0.0
2021-12-20 00:00:00+09:00,520.0,632.0,509.0,540.0,10446410,0.0,0.0
2021-12-21 00:00:00+09:00,536.0,539.0,511.0,515.0,1064694,0.0,0.0
2021-12-22 00:00:00+09:00,521.0,600.0,515.0,548.0,5453750,0.0,0.0
2021-12-23 00:00:00+09:00,553.0,584.0,540.0,550.0,870397,0.0,0.0
2021-12-24 00:00:00+09:00,550.0,554.0,538.0,542.0,201971,0.0,0.0
2021-12-27 00:00:00+09:00,541.0,546.0,528.0,532.0,273865,0.0,0.0
2021-12-28 00:00:00+09:00,531.0,534.0,518.0,524.0,349339,0.0,0.0
2021-12-29 00:00:00+09:00,523.0,539.0,521.0,535.0,240861,0.0,0.0
2021-12-30 00:00:00+09:00,535.0,538.0,529.0,536.0,175436,0.0,0.0
2022-01-04 00:00:00+09:00,537.0,540.0,530.0,540.0,232579,0.0,0.0
2022-01-05 00:00:00+09:00,543.0,559.0,534.0,539.0,110530,0.0,0.0
2022-01-06 00:00:00+09:00,535.0,537.0,527.0,532.0,152295,0.0,0.0
2022-01-07 00:00:00+09:00,529.0,537.0,528.0,530.0,105749,0.0,0.0
2022-01-10 00:00:00+09:00,535.0,535.0,522.0,532.0,225410,0.0,0.0
2022-01-11 00:00:00+09:00,527.0,535.0,524.0,534.0,162780,0.0,0.0
2022-01-12 00:00:00+09:00,534.0,543.0,530.0,534.0,129420,0.0,0.0
2022-01-13 00:00:00+09:00,534.0,539.0,531.0,533.0,53379,0.0,0.0
2022-01-14 00:00:00+09:00,533.0,537.0,523.0,537.0,221748,0.0,0.0
2022-01-17 00:00:00+09:00,538.0,538.0,528.0,528.0,75428,0.0,0.0
2022-01-18 00:00:00+09:00,528.0,533.0,522.0,528.0,185303,0.0,0.0
2022-01-19 00:00:00+09:00,519.0,527.0,507.0,508.0,343691,0.0,0.0
2022-01-20 00:00:00+09:00,508.0,524.0,498.0,515.0,264016,0.0,0.0
2022-01-21 00:00:00+09:00,521.0,521.0,508.0,514.0,108846,0.0,0.0
2022-01-24 00:00:00+09:00,507.0,514.0,500.0,501.0,184372,0.0,0.0
2022-01-25 00:00:00+09:00,501.0,507.0,495.0,498.0,272823,0.0,0.0
2022-01-26 00:00:00+09:00,503.0,507.0,495.0,499.0,103305,0.0,0.0
2022-01-27 00:00:00+09:00,503.0,504.0,484.0,495.0,220599,0.0,0.0
2022-01-28 00:00:00+09:00,495.0,504.0,484.0,504.0,43311,0.0,0.0
2022-02-03 00:00:00+09:00,504.0,525.0,502.0,506.0,88048,0.0,0.0
2022-02-04 00:00:00+09:00,501.0,510.0,499.0,506.0,44793,0.0,0.0
2022-02-07 00:00:00+09:00,505.0,505.0,500.0,504.0,41775,0.0,0.0
2022-02-08 00:00:00+09:00,504.0,510.0,495.0,498.0,147064,0.0,0.0
2022-02-09 00:00:00+09:00,501.0,507.0,498.0,502.0,39139,0.0,0.0
2022-02-10 00:00:00+09:00,501.0,507.0,495.0,495.0,110812,0.0,0.0
2022-02-11 00:00:00+09:00,498.0,504.0,481.0,499.0,50707,0.0,0.0
2022-02-14 00:00:00+09:00,494.0,499.0,483.0,493.0,112615,0.0,0.0
2022-02-15 00:00:00+09:00,492.0,498.0,480.0,481.0,132424,0.0,0.0
2022-02-16 00:00:00+09:00,484.0,492.0,483.0,486.0,69995,0.0,0.0
2022-02-17 00:00:00+09:00,487.0,514.0,486.0,487.0,113486,0.0,0.0
2022-02-18 00:00:00+09:00,489.0,580.0,470.0,503.0,1395568,0.0,0.0
2022-02-21 00:00:00+09:00,508.0,525.0,501.0,510.0,483709,0.0,0.0
2022-02-22 00:00:00+09:00,509.0,509.0,494.0,502.0,101489,0.0,0.0
2022-02-23 00:00:00+09:00,500.0,505.0,498.0,500.0,115021,0.0,0.0
2022-02-24 00:00:00+09:00,500.0,500.0,486.0,490.0,199386,0.0,0.0
2022-02-25 00:00:00+09:00,489.0,500.0,489.0,499.0,123977,0.0,0.0
2022-02-28 00:00:00+09:00,503.0,503.0,490.0,498.0,33739,0.0,0.0
2022-03-02 00:00:00+09:00,497.0,503.0,495.0,500.0,77277,0.0,0.0
2022-03-03 00:00:00+09:00,500.0,505.0,499.0,501.0,72944,0.0,0.0
2022-03-04 00:00:00+09:00,500.0,505.0,495.0,498.0,75974,0.0,0.0
2022-03-07 00:00:00+09:00,500.0,506.0,488.0,494.0,206093,0.0,0.0
2022-03-08 00:00:00+09:00,491.0,493.0,485.0,493.0,128367,0.0,0.0
2022-03-10 00:00:00+09:00,492.0,500.0,491.0,496.0,27448,0.0,0.0
2022-03-11 00:00:00+09:00,505.0,505.0,493.0,499.0,28025,0.0,0.0
2022-03-14 00:00:00+09:00,501.0,501.0,492.0,493.0,80163,0.0,0.0
2022-03-15 00:00:00+09:00,491.0,509.0,490.0,493.0,163704,0.0,0.0
2022-03-16 00:00:00+09:00,504.0,504.0,493.0,498.0,38890,0.0,0.0
2022-03-17 00:00:00+09:00,500.0,502.0,494.0,495.0,86271,0.0,0.0
2022-03-18 00:00:00+09:00,495.0,499.0,495.0,497.0,54059,0.0,0.0
2022-03-21 00:00:00+09:00,500.0,503.0,497.0,500.0,164023,0.0,0.0
2022-03-22 00:00:00+09:00,500.0,512.0,498.0,501.0,60385,0.0,0.0
2022-03-23 00:00:00+09:00,496.0,505.0,495.0,500.0,44832,0.0,0.0
2022-03-24 00:00:00+09:00,500.0,507.0,492.0,501.0,130149,0.0,0.0
2022-03-25 00:00:00+09:00,499.0,504.0,494.0,501.0,75437,0.0,0.0
2022-03-28 00:00:00+09:00,503.0,504.0,498.0,499.0,96738,0.0,0.0
2022-03-29 00:00:00+09:00,511.0,511.0,499.0,503.0,111046,0.0,0.0
2022-03-30 00:00:00+09:00,506.0,525.0,503.0,509.0,318646,0.0,0.0
2022-03-31 00:00:00+09:00,509.0,516.0,508.0,509.0,87070,0.0,0.0
2022-04-01 00:00:00+09:00,510.0,517.0,509.0,512.0,84030,0.0,0.0
2022-04-04 00:00:00+09:00,514.0,523.0,511.0,517.0,203484,0.0,0.0
2022-04-05 00:00:00+09:00,520.0,521.0,513.0,519.0,114888,0.0,0.0
2022-04-06 00:00:00+09:00,518.0,520.0,513.0,519.0,487217,0.0,0.0
2022-04-07 00:00:00+09:00,645.0,660.0,559.0,600.0,54179940,0.0,0.0
2022-04-08 00:00:00+09:00,580.0,600.0,525.0,531.0,6392360,0.0,0.0
2022-04-11 00:00:00+09:00,538.0,600.0,536.0,547.0,10836410,0.0,0.0
2022-04-12 00:00:00+09:00,523.0,711.0,521.0,711.0,85291100,0.0,0.0
2022-04-13 00:00:00+09:00,780.0,900.0,772.0,786.0,135508500,0.0,0.0
2022-04-14 00:00:00+09:00,732.0,775.0,686.0,707.0,38375210,0.0,0.0
2022-04-15 00:00:00+09:00,717.0,770.0,667.0,712.0,46057080,0.0,0.0
2022-04-18 00:00:00+09:00,708.0,724.0,671.0,680.0,9265556,0.0,0.0
2022-04-19 00:00:00+09:00,692.0,736.0,671.0,700.0,19897440,0.0,0.0
2022-04-20 00:00:00+09:00,692.0,910.0,683.0,910.0,52908620,0.0,0.0
2022-04-21 00:00:00+09:00,910.0,1025.0,881.0,911.0,131747800,0.0,0.0
2022-04-22 00:00:00+09:00,861.0,895.0,830.0,836.0,23417680,0.0,0.0
2022-04-25 00:00:00+09:00,818.0,846.0,791.0,812.0,14961470,0.0,0.0
2022-04-26 00:00:00+09:00,812.0,845.0,780.0,828.0,15398790,0.0,0.0
2022-04-27 00:00:00+09:00,803.0,867.0,797.0,808.0,13563640,0.0,0.0
2022-04-28 00:00:00+09:00,819.0,835.0,763.0,764.0,9131482,0.0,0.0
2022-04-29 00:00:00+09:00,790.0,904.0,755.0,818.0,65193320,0.0,0.0
2022-05-03 00:00:00+09:00,814.0,818.0,760.0,803.0,7820233,0.0,0.0
2022-05-04 00:00:00+09:00,790.0,798.0,769.0,783.0,3402197,0.0,0.0
2022-05-06 00:00:00+09:00,783.0,841.0,779.0,799.0,9370180,0.0,0.0
2022-05-10 00:00:00+09:00,842.0,960.0,834.0,857.0,49255680,0.0,0.0
2022-05-11 00:00:00+09:00,843.0,893.0,782.0,874.0,27917190,0.0,0.0
2022-05-12 00:00:00+09:00,878.0,1110.0,863.0,999.0,140344000,0.0,0.0
2022-05-13 00:00:00+09:00,965.0,1065.0,741.0,766.0,81944000,0.0,0.0
2022-05-16 00:00:00+09:00,772.0,790.0,695.0,707.0,18219140,0.0,0.0
2022-05-17 00:00:00+09:00,700.0,726.0,674.0,677.0,13044370,0.0,0.0
2022-05-18 00:00:00+09:00,680.0,693.0,663.0,668.0,8259271,0.0,0.0
2022-05-19 00:00:00+09:00,681.0,711.0,647.0,660.0,11896360,0.0,0.0
2022-05-20 00:00:00+09:00,660.0,660.0,627.0,638.0,6923670,0.0,0.0
2022-05-23 00:00:00+09:00,634.0,634.0,606.0,624.0,6340375,0.0,0.0
2022-05-24 00:00:00+09:00,617.0,632.0,607.0,613.0,4979918,0.0,0.0
2022-05-25 00:00:00+09:00,614.0,631.0,604.0,629.0,3724425,0.0,0.0
2022-05-26 00:00:00+09:00,625.0,695.0,618.0,653.0,18447840,0.0,0.0
2022-05-27 00:00:00+09:00,654.0,680.0,640.0,650.0,6802736,0.0,0.0
2022-05-30 00:00:00+09:00,649.0,651.0,629.0,632.0,3335947,0.0,0.0
2022-05-31 00:00:00+09:00,631.0,647.0,624.0,634.0,3090292,0.0,0.0
2022-06-02 00:00:00+09:00,631.0,681.0,628.0,668.0,6929754,0.0,0.0
2022-06-03 00:00:00+09:00,666.0,685.0,652.0,679.0,4799880,0.0,0.0
2022-06-07 00:00:00+09:00,693.0,795.0,680.0,733.0,32784790,0.0,0.0
2022-06-08 00:00:00+09:00,750.0,773.0,705.0,720.0,10082490,0.0,0.0
2022-06-09 00:00:00+09:00,695.0,825.0,691.0,773.0,43009730,0.0,0.0
2022-06-10 00:00:00+09:00,776.0,802.0,721.0,725.0,17091360,0.0,0.0
2022-06-13 00:00:00+09:00,706.0,733.0,695.0,711.0,4602012,0.0,0.0
2022-06-14 00:00:00+09:00,692.0,754.0,687.0,724.0,7169142,0.0,0.0
2022-06-15 00:00:00+09:00,719.0,765.0,715.0,751.0,7301217,0.0,0.0
2022-06-16 00:00:00+09:00,734.0,768.0,730.0,731.0,5024900,0.0,0.0
2022-06-17 00:00:00+09:00,716.0,754.0,710.0,747.0,4187895,0.0,0.0
2022-06-20 00:00:00+09:00,759.0,780.0,715.0,721.0,7597447,0.0,0.0
2022-06-21 00:00:00+09:00,740.0,740.0,671.0,690.0,6793158,0.0,0.0
2022-06-22 00:00:00+09:00,693.0,708.0,635.0,641.0,5624864,0.0,0.0
2022-06-23 00:00:00+09:00,641.0,697.0,620.0,641.0,8861051,0.0,0.0
2022-06-24 00:00:00+09:00,642.0,763.0,637.0,712.0,23388120,0.0,0.0
2022-06-27 00:00:00+09:00,724.0,780.0,720.0,780.0,10615110,0.0,0.0
2022-06-28 00:00:00+09:00,800.0,800.0,700.0,714.0,15442620,0.0,0.0
2022-06-29 00:00:00+09:00,707.0,720.0,637.0,637.0,10996530,0.0,0.0
2022-06-30 00:00:00+09:00,637.0,654.0,603.0,608.0,3969926,0.0,0.0
2022-07-01 00:00:00+09:00,607.0,614.0,556.0,567.0,3572506,0.0,0.0
2022-07-04 00:00:00+09:00,578.0,581.0,531.0,554.0,2491539,0.0,0.0
2022-07-05 00:00:00+09:00,548.0,570.0,545.0,559.0,2314384,0.0,0.0
2022-07-06 00:00:00+09:00,556.0,556.0,530.0,533.0,2205796,0.0,0.0
2022-07-07 00:00:00+09:00,533.0,545.0,525.0,532.0,1508982,0.0,0.0
2022-07-08 00:00:00+09:00,536.0,615.0,532.0,566.0,10860130,0.0,0.0
2022-07-11 00:00:00+09:00,557.0,573.0,539.0,542.0,3541537,0.0,0.0
2022-07-12 00:00:00+09:00,543.0,543.0,516.0,519.0,2037445,0.0,0.0
2022-07-13 00:00:00+09:00,519.0,520.0,501.0,506.0,1739175,0.0,0.0
2022-07-14 00:00:00+09:00,501.0,513.0,500.0,507.0,1098711,0.0,0.0
2022-07-15 00:00:00+09:00,501.0,508.0,490.0,496.0,1300191,0.0,0.0
2022-07-18 00:00:00+09:00,500.0,510.0,496.0,507.0,1366862,0.0,0.0
2022-07-19 00:00:00+09:00,503.0,512.0,502.0,507.0,761823,0.0,0.0
2022-07-20 00:00:00+09:00,511.0,517.0,503.0,505.0,1060766,0.0,0.0
2022-07-21 00:00:00+09:00,505.0,507.0,495.0,502.0,987417,0.0,0.0
2022-07-22 00:00:00+09:00,503.0,503.0,497.0,499.0,883631,0.0,0.0
2022-07-25 00:00:00+09:00,498.0,504.0,492.0,493.0,816708,0.0,0.0
2022-07-26 00:00:00+09:00,493.0,494.0,483.0,489.0,993857,0.0,0.0
2022-07-27 00:00:00+09:00,488.0,496.0,483.0,490.0,868902,0.0,0.0
2022-07-28 00:00:00+09:00,491.0,516.0,487.0,492.0,2956357,0.0,0.0
2022-07-29 00:00:00+09:00,493.0,499.0,490.0,493.0,639164,0.0,0.0
2022-08-01 00:00:00+09:00,496.0,496.0,489.0,490.0,584562,0.0,0.0
2022-08-02 00:00:00+09:00,488.0,493.0,479.0,483.0,1223978,0.0,0.0
2022-08-03 00:00:00+09:00,489.0,490.0,479.0,481.0,779222,0.0,0.0
2022-08-04 00:00:00+09:00,483.0,485.0,474.0,476.0,999770,0.0,0.0
2022-08-05 00:00:00+09:00,478.0,480.0,474.0,479.0,544592,0.0,0.0
2022-08-08 00:00:00+09:00,480.0,480.0,469.0,474.0,847796,0.0,0.0
2022-08-09 00:00:00+09:00,476.0,485.0,473.0,479.0,1084958,0.0,0.0
2022-08-10 00:00:00+09:00,476.0,484.0,465.0,471.0,1035918,0.0,0.0
2022-08-11 00:00:00+09:00,474.0,478.0,472.0,477.0,852022,0.0,0.0
2022-08-12 00:00:00+09:00,483.0,485.0,473.0,475.0,759325,0.0,0.0
2022-08-16 00:00:00+09:00,476.0,479.0,470.0,473.0,922510,0.0,0.0
2022-08-17 00:00:00+09:00,475.0,476.0,468.0,469.0,760089,0.0,0.0
2022-08-18 00:00:00+09:00,470.0,473.0,464.0,469.0,551819,0.0,0.0
2022-08-19 00:00:00+09:00,469.0,471.0,463.0,469.0,688596,0.0,0.0
2022-08-22 00:00:00+09:00,466.0,475.0,459.0,459.0,813597,0.0,0.0
2022-08-23 00:00:00+09:00,459.0,470.0,446.0,446.0,1772101,0.0,0.0
2022-08-24 00:00:00+09:00,447.0,480.0,445.0,465.0,2132315,0.0,0.0
2022-08-25 00:00:00+09:00,467.0,479.0,465.0,474.0,806712,0.0,0.0
2022-08-26 00:00:00+09:00,478.0,525.0,475.0,506.0,5780093,0.0,0.0
2022-08-29 00:00:00+09:00,501.0,501.0,468.0,469.0,2190368,0.0,0.0
2022-08-30 00:00:00+09:00,466.0,471.0,448.0,448.0,1536426,0.0,0.0
2022-08-31 00:00:00+09:00,451.0,457.0,447.0,455.0,651158,0.0,0.0
2022-09-01 00:00:00+09:00,447.0,459.0,431.0,434.0,1562304,0.0,0.0
2022-09-02 00:00:00+09:00,435.0,441.0,429.0,429.0,646716,0.0,0.0
2022-09-05 00:00:00+09:00,425.0,431.0,414.0,423.0,783674,0.0,0.0
2022-09-06 00:00:00+09:00,420.0,427.0,418.0,420.0,375011,0.0,0.0
2022-09-07 00:00:00+09:00,415.0,422.0,397.0,397.0,1146264,0.0,0.0
2022-09-08 00:00:00+09:00,401.0,410.0,396.0,405.0,638984,0.0,0.0
2022-09-13 00:00:00+09:00,406.0,424.0,406.0,419.0,534445,0.0,0.0
2022-09-14 00:00:00+09:00,405.0,422.0,400.0,422.0,525513,0.0,0.0
2022-09-15 00:00:00+09:00,422.0,422.0,409.0,412.0,451155,0.0,0.0
2022-09-16 00:00:00+09:00,410.0,411.0,401.0,407.0,349169,0.0,0.0
2022-09-19 00:00:00+09:00,407.0,408.0,393.0,395.0,603083,0.0,0.0
2022-09-20 00:00:00+09:00,394.0,407.0,394.0,402.0,320464,0.0,0.0
2022-09-21 00:00:00+09:00,402.0,405.0,396.0,400.0,313047,0.0,0.0
2022-09-22 00:00:00+09:00,395.0,396.0,387.0,392.0,724177,0.0,0.0
2022-09-23 00:00:00+09:00,392.0,394.0,375.0,381.0,437556,0.0,0.0
2022-09-26 00:00:00+09:00,379.0,415.0,350.0,367.0,2716623,0.0,0.0
2022-09-27 00:00:00+09:00,358.0,393.0,358.0,389.0,1042719,0.0,0.0
2022-09-28 00:00:00+09:00,391.0,399.0,360.0,360.0,1614074,0.0,0.0
2022-09-29 00:00:00+09:00,365.0,428.0,360.0,412.0,8864503,0.0,0.0
2022-09-30 00:00:00+09:00,397.0,400.0,373.0,375.0,3485106,0.0,0.0
2022-10-04 00:00:00+09:00,378.0,385.0,369.0,373.0,1374096,0.0,0.0
2022-10-05 00:00:00+09:00,379.0,379.0,361.0,361.0,972116,0.0,0.0
2022-10-06 00:00:00+09:00,360.0,443.0,357.0,393.0,13327960,0.0,0.0
2022-10-07 00:00:00+09:00,389.0,470.0,389.0,440.0,29017100,0.0,0.0
2022-10-11 00:00:00+09:00,455.0,483.0,402.0,410.0,10229140,0.0,0.0
2022-10-12 00:00:00+09:00,412.0,444.0,389.0,391.0,5123806,0.0,0.0
2022-10-13 00:00:00+09:00,391.0,395.0,356.0,360.0,2818783,0.0,0.0
2022-10-14 00:00:00+09:00,367.0,374.0,362.0,364.0,1464852,0.0,0.0
2022-10-17 00:00:00+09:00,366.0,367.0,354.0,364.0,996037,0.0,0.0
2022-10-18 00:00:00+09:00,373.0,386.0,372.0,377.0,1595258,0.0,0.0
2022-10-19 00:00:00+09:00,377.0,431.0,376.0,389.0,6160247,0.0,0.0
2022-10-20 00:00:00+09:00,393.0,447.0,390.0,408.0,13771240,0.0,0.0
2022-10-21 00:00:00+09:00,409.0,426.0,377.0,379.0,3787565,0.0,0.0
2022-10-24 00:00:00+09:00,383.0,388.0,375.0,375.0,1270451,0.0,0.0
2022-10-25 00:00:00+09:00,373.0,379.0,368.0,368.0,911466,0.0,0.0
2022-10-26 00:00:00+09:00,369.0,372.0,359.0,359.0,910217,0.0,0.0
2022-10-27 00:00:00+09:00,364.0,371.0,359.0,369.0,677988,0.0,0.0
2022-10-28 00:00:00+09:00,372.0,372.0,364.0,365.0,515588,0.0,0.0
2022-10-31 00:00:00+09:00,372.0,387.0,359.0,366.0,1408676,0.0,0.0
2022-11-01 00:00:00+09:00,369.0,376.0,362.0,367.0,606349,0.0,0.0
2022-11-02 00:00:00+09:00,368.0,417.0,363.0,377.0,7948169,0.0,0.0
2022-11-03 00:00:00+09:00,379.0,407.0,379.0,381.0,3677293,0.0,0.0
2022-11-04 00:00:00+09:00,380.0,399.0,379.0,386.0,2043245,0.0,0.0
2022-11-07 00:00:00+09:00,386.0,387.0,377.0,386.0,819429,0.0,0.0
2022-11-08 00:00:00+09:00,383.0,392.0,383.0,387.0,766204,0.0,0.0
2022-11-09 00:00:00+09:00,387.0,405.0,385.0,405.0,1196642,0.0,0.0
2022-11-10 00:00:00+09:00,399.0,404.0,394.0,394.0,863066,0.0,0.0
2022-11-11 00:00:00+09:00,402.0,406.0,396.0,403.0,1032679,0.0,0.0
2022-11-14 00:00:00+09:00,403.0,403.0,393.0,401.0,786438,0.0,0.0
2022-11-15 00:00:00+09:00,403.0,403.0,395.0,397.0,598462,0.0,0.0
2022-11-16 00:00:00+09:00,399.0,403.0,387.0,395.0,634375,0.0,0.0
2022-11-17 00:00:00+09:00,384.0,393.0,380.0,380.0,646956,0.0,0.0
2022-11-18 00:00:00+09:00,384.0,386.0,377.0,379.0,370312,0.0,0.0
2022-11-21 00:00:00+09:00,375.0,378.0,367.0,370.0,390104,0.0,0.0
2022-11-22 00:00:00+09:00,367.0,378.0,364.0,372.0,589085,0.0,0.0
2022-11-23 00:00:00+09:00,379.0,379.0,369.0,372.0,206444,0.0,0.0
2022-11-24 00:00:00+09:00,374.0,381.0,372.0,379.0,326519,0.0,0.0
2022-11-25 00:00:00+09:00,376.0,382.0,376.0,378.0,232868,0.0,0.0
2022-11-28 00:00:00+09:00,373.0,374.0,365.0,367.0,566612,0.0,0.0
2022-11-29 00:00:00+09:00,367.0,372.0,365.0,371.0,280321,0.0,0.0
2022-11-30 00:00:00+09:00,371.0,388.0,368.0,388.0,983232,0.0,0.0
2022-12-01 00:00:00+09:00,389.0,413.0,384.0,392.0,3297119,0.0,0.0
2022-12-02 00:00:00+09:00,391.0,391.0,377.0,381.0,851915,0.0,0.0
2022-12-05 00:00:00+09:00,381.0,382.0,373.0,382.0,459128,0.0,0.0
2022-12-06 00:00:00+09:00,375.0,379.0,368.0,375.0,370973,0.0,0.0
2022-12-07 00:00:00+09:00,374.0,379.0,370.0,376.0,353144,0.0,0.0
2022-12-08 00:00:00+09:00,375.0,376.0,367.0,367.0,459880,0.0,0.0
2022-12-09 00:00:00+09:00,367.0,374.0,367.0,370.0,253940,0.0,0.0
2022-12-12 00:00:00+09:00,367.0,370.0,365.0,369.0,387968,0.0,0.0
2022-12-13 00:00:00+09:00,366.0,373.0,363.0,366.0,439739,0.0,0.0
2022-12-14 00:00:00+09:00,369.0,369.0,364.0,366.0,457750,0.0,0.0
2022-12-15 00:00:00+09:00,363.0,368.0,359.0,359.0,771665,0.0,0.0
2022-12-16 00:00:00+09:00,360.0,360.0,354.0,357.0,381673,0.0,0.0
2022-12-19 00:00:00+09:00,357.0,358.0,351.0,357.0,296400,0.0,0.0
2022-12-20 00:00:00+09:00,356.0,412.0,352.0,368.0,13250270,0.0,0.0
2022-12-21 00:00:00+09:00,370.0,395.0,363.0,375.0,3043946,0.0,0.0
2022-12-22 00:00:00+09:00,387.0,389.0,362.0,367.0,1618842,0.0,0.0
2022-12-23 00:00:00+09:00,365.0,367.0,355.0,356.0,788360,0.0,0.0
2022-12-26 00:00:00+09:00,352.0,371.0,350.0,353.0,794315,0.0,0.0
2022-12-27 00:00:00+09:00,353.0,358.0,351.0,352.0,321847,0.0,0.0
2022-12-28 00:00:00+09:00,353.0,356.0,347.0,349.0,443265,0.0,0.0
2022-12-29 00:00:00+09:00,349.0,353.0,335.0,336.0,851932,0.0,0.0
2023-01-02 00:00:00+09:00,336.0,340.0,329.0,332.0,498887,0.0,0.0
2023-01-03 00:00:00+09:00,336.0,336.0,320.0,327.0,660130,0.0,0.0
2023-01-04 00:00:00+09:00,328.0,338.0,325.0,333.0,560291,0.0,0.0
2023-01-05 00:00:00+09:00,332.0,347.0,332.0,343.0,503232,0.0,0.0
2023-01-06 00:00:00+09:00,344.0,363.0,342.0,343.0,713838,0.0,0.0
2023-01-09 00:00:00+09:00,345.0,360.0,345.0,358.0,576536,0.0,0.0
2023-01-10 00:00:00+09:00,358.0,360.0,350.0,356.0,460949,0.0,0.0
2023-01-11 00:00:00+09:00,356.0,360.0,352.0,357.0,296783,0.0,0.0
2023-01-12 00:00:00+09:00,356.0,360.0,349.0,349.0,252009,0.0,0.0
2023-01-13 00:00:00+09:00,352.0,353.0,346.0,349.0,316690,0.0,0.0
2023-01-16 00:00:00+09:00,349.0,351.0,345.0,349.0,285241,0.0,0.0
2023-01-17 00:00:00+09:00,349.0,350.0,345.0,345.0,146975,0.0,0.0
2023-01-18 00:00:00+09:00,350.0,353.0,344.0,349.0,211285,0.0,0.0
2023-01-19 00:00:00+09:00,347.0,348.0,344.0,344.0,197177,0.0,0.0
2023-01-20 00:00:00+09:00,345.0,347.0,340.0,340.0,118922,0.0,0.0
2023-01-25 00:00:00+09:00,341.0,352.0,340.0,350.0,1286823,0.0,0.0
2023-01-26 00:00:00+09:00,353.0,353.0,345.0,347.0,220828,0.0,0.0
2023-01-27 00:00:00+09:00,347.0,350.0,346.0,348.0,278083,0.0,0.0
2023-01-30 00:00:00+09:00,347.0,350.0,343.0,345.0,206047,0.0,0.0
2023-01-31 00:00:00+09:00,344.0,346.0,340.0,342.0,246801,0.0,0.0
2023-02-01 00:00:00+09:00,345.0,345.0,341.0,342.0,451537,0.0,0.0
2023-02-02 00:00:00+09:00,344.0,350.0,342.0,343.0,281688,0.0,0.0
2023-02-03 00:00:00+09:00,344.0,346.0,340.0,340.0,461118,0.0,0.0
2023-02-06 00:00:00+09:00,340.0,350.0,338.0,342.0,702113,0.0,0.0
2023-02-07 00:00:00+09:00,340.0,346.0,338.0,340.0,362736,0.0,0.0
2023-02-08 00:00:00+09:00,340.0,344.0,335.0,335.0,338649,0.0,0.0
2023-02-09 00:00:00+09:00,336.0,340.0,334.0,335.0,307972,0.0,0.0
2023-02-10 00:00:00+09:00,329.0,334.0,327.0,331.0,474446,0.0,0.0
2023-02-13 00:00:00+09:00,331.0,331.0,325.0,331.0,599271,0.0,0.0
2023-02-14 00:00:00+09:00,329.0,336.0,329.0,334.0,304075,0.0,0.0
2023-02-15 00:00:00+09:00,334.0,336.0,314.0,325.0,1227181,0.0,0.0
2023-02-16 00:00:00+09:00,325.0,332.0,319.0,326.0,176409,0.0,0.0
2023-02-17 00:00:00+09:00,321.0,329.0,320.0,323.0,233369,0.0,0.0
2023-02-20 00:00:00+09:00,325.0,325.0,320.0,324.0,259139,0.0,0.0
2023-02-21 00:00:00+09:00,327.0,327.0,320.0,321.0,302079,0.0,0.0
2023-02-22 00:00:00+09:00,321.0,322.0,315.0,322.0,468335,0.0,0.0
2023-02-23 00:00:00+09:00,319.0,322.0,317.0,319.0,249161,0.0,0.0
2023-02-24 00:00:00+09:00,322.0,322.0,315.0,318.0,377534,0.0,0.0
2023-02-27 00:00:00+09:00,318.0,318.0,312.0,315.0,287153,0.0,0.0
2023-02-28 00:00:00+09:00,318.0,318.0,314.0,317.0,133407,0.0,0.0
2023-03-02 00:00:00+09:00,320.0,320.0,313.0,315.0,204333,0.0,0.0
2023-03-03 00:00:00+09:00,315.0,315.0,297.0,310.0,437646,0.0,0.0
2023-03-06 00:00:00+09:00,310.0,314.0,304.0,309.0,348569,0.0,0.0
2023-03-07 00:00:00+09:00,310.0,371.0,301.0,340.0,8258218,0.0,0.0
2023-03-08 00:00:00+09:00,340.0,345.0,330.0,331.0,860984,0.0,0.0
2023-03-09 00:00:00+09:00,331.0,346.0,326.0,329.0,499613,0.0,0.0
2023-03-10 00:00:00+09:00,324.0,329.0,320.0,327.0,280380,0.0,0.0
2023-03-13 00:00:00+09:00,324.0,325.0,307.0,320.0,588757,0.0,0.0
2023-03-14 00:00:00+09:00,317.0,338.0,314.0,323.0,461640,0.0,0.0
2023-03-15 00:00:00+09:00,323.0,332.0,323.0,329.0,209124,0.0,0.0
2023-03-16 00:00:00+09:00,329.0,330.0,318.0,322.0,285401,0.0,0.0
2023-03-17 00:00:00+09:00,322.0,326.0,308.0,313.0,801121,0.0,0.0
2023-03-20 00:00:00+09:00,316.0,320.0,310.0,316.0,239048,0.0,0.0
2023-03-21 00:00:00+09:00,314.0,319.0,312.0,315.0,164670,0.0,0.0
2023-03-22 00:00:00+09:00,315.0,320.0,311.0,314.0,311595,0.0,0.0
2023-03-23 00:00:00+09:00,311.0,315.0,307.0,309.0,397678,0.0,0.0
2023-03-24 00:00:00+09:00,310.0,313.0,307.0,312.0,227841,0.0,0.0
2023-03-27 00:00:00+09:00,311.0,318.0,306.0,313.0,393641,0.0,0.0
2023-03-28 00:00:00+09:00,310.0,326.0,309.0,319.0,450057,0.0,0.0
2023-03-29 00:00:00+09:00,318.0,321.0,309.0,316.0,284408,0.0,0.0
2023-03-30 00:00:00+09:00,324.0,340.0,312.0,333.0,732874,0.0,0.0
2023-03-31 00:00:00+09:00,332.0,349.0,331.0,337.0,479571,0.0,0.0
2023-04-03 00:00:00+09:00,338.0,358.0,338.0,343.0,708618,0.0,0.0
2023-04-04 00:00:00+09:00,341.0,349.0,337.0,349.0,434053,0.0,0.0
2023-04-05 00:00:00+09:00,343.0,365.0,331.0,361.0,943431,0.0,0.0
2023-04-06 00:00:00+09:00,359.0,359.0,342.0,345.0,702610,0.0,0.0
2023-04-07 00:00:00+09:00,341.0,359.0,340.0,352.0,505521,0.0,0.0
2023-04-10 00:00:00+09:00,349.0,362.0,343.0,345.0,437146,0.0,0.0
2023-04-11 00:00:00+09:00,346.0,358.0,346.0,352.0,628640,0.0,0.0
2023-04-12 00:00:00+09:00,348.0,356.0,348.0,349.0,301947,0.0,0.0
2023-04-13 00:00:00+09:00,349.0,356.0,341.0,354.0,407160,0.0,0.0
2023-04-14 00:00:00+09:00,348.0,364.0,348.0,362.0,732761,0.0,0.0
2023-04-17 00:00:00+09:00,363.0,388.0,355.0,378.0,1556407,0.0,0.0
2023-04-18 00:00:00+09:00,380.0,389.0,371.0,375.0,456777,0.0,0.0
2023-04-19 00:00:00+09:00,375.0,420.0,372.0,412.0,4042052,0.0,0.0
2023-04-20 00:00:00+09:00,413.0,424.0,395.0,395.0,1521089,0.0,0.0
2023-04-21 00:00:00+09:00,395.0,403.0,373.0,395.0,906699,0.0,0.0
2023-04-24 00:00:00+09:00,392.0,392.0,376.0,377.0,580612,0.0,0.0
2023-04-25 00:00:00+09:00,381.0,408.0,376.0,393.0,1101749,0.0,0.0
2023-04-26 00:00:00+09:00,395.0,395.0,383.0,389.0,515853,0.0,0.0
2023-04-27 00:00:00+09:00,393.0,418.0,370.0,384.0,1554540,0.0,0.0
2023-04-28 00:00:00+09:00,384.0,399.0,335.0,336.0,2186941,0.0,0.0
2023-05-02 00:00:00+09:00,336.0,351.0,336.0,347.0,528546,0.0,0.0
2023-05-03 00:00:00+09:00,348.0,348.0,334.0,334.0,490761,0.0,0.0
2023-05-04 00:00:00+09:00,331.0,333.0,324.0,325.0,834318,0.0,0.0
2023-05-08 00:00:00+09:00,325.0,329.0,315.0,319.0,825463,0.0,0.0
2023-05-09 00:00:00+09:00,316.0,320.0,314.0,319.0,386921,0.0,0.0
2023-05-10 00:00:00+09:00,317.0,324.0,316.0,320.0,195613,0.0,0.0
2023-05-11 00:00:00+09:00,317.0,322.0,316.0,319.0,254639,0.0,0.0
2023-05-12 00:00:00+09:00,323.0,324.0,312.0,317.0,436885,0.0,0.0
2023-05-15 00:00:00+09:00,320.0,320.0,310.0,316.0,218951,0.0,0.0
2023-05-16 00:00:00+09:00,319.0,410.0,318.0,359.0,32205890,0.0,0.0
2023-05-17 00:00:00+09:00,369.0,466.0,361.0,465.0,61807140,0.0,0.0
2023-05-18 00:00:00+09:00,429.0,448.0,381.0,387.0,14834680,0.0,0.0
2023-05-19 00:00:00+09:00,377.0,493.0,377.0,445.0,59269510,0.0,0.0
2023-05-22 00:00:00+09:00,444.0,513.0,433.0,438.0,24576710,0.0,0.0
2023-05-23 00:00:00+09:00,431.0,435.0,409.0,414.0,5654811,0.0,0.0
2023-05-24 00:00:00+09:00,417.0,423.0,398.0,407.0,2884784,0.0,0.0
2023-05-25 00:00:00+09:00,409.0,431.0,392.0,400.0,4432887,0.0,0.0
2023-05-26 00:00:00+09:00,395.0,450.0,393.0,427.0,12992600,0.0,0.0
2023-05-30 00:00:00+09:00,411.0,428.0,396.0,398.0,3722959,0.0,0.0
2023-05-31 00:00:00+09:00,402.0,408.0,394.0,400.0,1423405,0.0,0.0
2023-06-01 00:00:00+09:00,404.0,406.0,390.0,402.0,1232082,0.0,0.0
2023-06-02 00:00:00+09:00,402.0,406.0,393.0,394.0,843346,0.0,0.0
2023-06-05 00:00:00+09:00,400.0,422.0,371.0,391.0,2269418,0.0,0.0
2023-06-07 00:00:00+09:00,388.0,415.0,388.0,404.0,2686429,0.0,0.0
2023-06-08 00:00:00+09:00,402.0,404.0,394.0,402.0,909169,0.0,0.0
2023-06-09 00:00:00+09:00,400.0,408.0,395.0,399.0,928107,0.0,0.0
2023-06-12 00:00:00+09:00,396.0,414.0,394.0,399.0,1915678,0.0,0.0
2023-06-13 00:00:00+09:00,398.0,403.0,390.0,391.0,1202562,0.0,0.0
2023-06-14 00:00:00+09:00,391.0,394.0,370.0,378.0,1404561,0.0,0.0
2023-06-15 00:00:00+09:00,380.0,385.0,377.0,383.0,528292,0.0,0.0
2023-06-16 00:00:00+09:00,383.0,387.0,367.0,374.0,1091371,0.0,0.0
2023-06-19 00:00:00+09:00,377.0,385.0,369.0,384.0,607152,0.0,0.0
2023-06-20 00:00:00+09:00,381.0,385.0,378.0,385.0,341781,0.0,0.0
2023-06-21 00:00:00+09:00,385.0,392.0,377.0,378.0,543743,0.0,0.0
2023-06-22 00:00:00+09:00,370.0,383.0,368.0,380.0,579079,0.0,0.0
2023-06-23 00:00:00+09:00,378.0,382.0,368.0,369.0,493801,0.0,0.0
2023-06-26 00:00:00+09:00,369.0,372.0,361.0,363.0,424905,0.0,0.0
2023-06-27 00:00:00+09:00,363.0,367.0,360.0,362.0,350446,0.0,0.0
2023-06-28 00:00:00+09:00,362.0,372.0,358.0,366.0,496415,0.0,0.0
2023-06-29 00:00:00+09:00,365.0,370.0,359.0,360.0,366416,0.0,0.0
2023-06-30 00:00:00+09:00,361.0,443.0,360.0,403.0,23617200,0.0,0.0
2023-07-03 00:00:00+09:00,405.0,417.0,394.0,402.0,3289828,0.0,0.0
2023-07-04 00:00:00+09:00,402.0,491.0,402.0,412.0,15713500,0.0,0.0
2023-07-05 00:00:00+09:00,415.0,415.0,380.0,382.0,2857111,0.0,0.0
2023-07-06 00:00:00+09:00,381.0,390.0,368.0,368.0,1489302,0.0,0.0
2023-07-07 00:00:00+09:00,368.0,375.0,366.0,370.0,745677,0.0,0.0
2023-07-10 00:00:00+09:00,370.0,373.0,365.0,368.0,540991,0.0,0.0
2023-07-12 00:00:00+09:00,364.0,369.0,355.0,355.0,1428671,0.0,0.0
2023-07-13 00:00:00+09:00,360.0,368.0,354.0,363.0,630403,0.0,0.0
2023-07-14 00:00:00+09:00,359.0,370.0,357.0,362.0,745622,0.0,0.0
2023-07-17 00:00:00+09:00,360.0,363.0,356.0,360.0,397252,0.0,0.0
2023-07-18 00:00:00+09:00,362.0,364.0,351.0,354.0,538399,0.0,0.0
2023-07-19 00:00:00+09:00,354.0,357.0,348.0,351.0,339186,0.0,0.0
2023-07-20 00:00:00+09:00,353.0,353.0,344.0,349.0,286418,0.0,0.0
2023-07-21 00:00:00+09:00,349.0,355.0,345.0,345.0,399678,0.0,0.0
2023-07-24 00:00:00+09:00,344.0,349.0,339.0,339.0,527431,0.0,0.0
2023-07-25 00:00:00+09:00,333.0,341.0,315.0,329.0,740745,0.0,0.0
2023-07-26 00:00:00+09:00,327.0,327.0,313.0,319.0,788971,0.0,0.0
2023-07-27 00:00:00+09:00,315.0,339.0,315.0,331.0,358808,0.0,0.0
2023-07-28 00:00:00+09:00,326.0,338.0,326.0,335.0,177728,0.0,0.0
2023-07-31 00:00:00+09:00,335.0,338.0,333.0,335.0,227309,0.0,0.0
2023-08-01 00:00:00+09:00,335.0,339.0,331.0,331.0,538553,0.0,0.0
2023-08-02 00:00:00+09:00,334.0,334.0,324.0,325.0,398144,0.0,0.0
2023-08-03 00:00:00+09:00,325.0,327.0,317.0,323.0,421086,0.0,0.0
2023-08-04 00:00:00+09:00,325.0,325.0,316.0,322.0,212747,0.0,0.0
2023-08-07 00:00:00+09:00,321.0,325.0,315.0,319.0,157602,0.0,0.0
2023-08-08 00:00:00+09:00,330.0,330.0,315.0,315.0,389336,0.0,0.0
2023-08-09 00:00:00+09:00,316.0,319.0,313.0,318.0,246582,0.0,0.0
2023-08-10 00:00:00+09:00,320.0,326.0,317.0,325.0,243866,0.0,0.0
2023-08-11 00:00:00+09:00,325.0,326.0,320.0,326.0,285156,0.0,0.0
2023-08-14 00:00:00+09:00,326.0,326.0,320.0,322.0,214604,0.0,0.0
2023-08-16 00:00:00+09:00,321.0,322.0,314.0,315.0,493704,0.0,0.0
2023-08-17 00:00:00+09:00,315.0,316.0,308.0,313.0,383547,0.0,0.0
2023-08-18 00:00:00+09:00,311.0,314.0,307.0,309.0,429755,0.0,0.0
2023-08-21 00:00:00+09:00,308.0,312.0,307.0,310.0,140977,0.0,0.0
2023-08-22 00:00:00+09:00,310.0,311.0,307.0,310.0,283509,0.0,0.0
2023-08-23 00:00:00+09:00,308.0,311.0,307.0,309.0,236319,0.0,0.0
2023-08-24 00:00:00+09:00,307.0,313.0,307.0,310.0,425058,0.0,0.0
2023-08-25 00:00:00+09:00,311.0,311.0,304.0,309.0,441007,0.0,0.0
2023-08-28 00:00:00+09:00,309.0,310.0,307.0,309.0,164312,0.0,0.0
2023-08-29 00:00:00+09:00,308.0,318.0,308.0,313.0,525021,0.0,0.0
2023-08-30 00:00:00+09:00,314.0,315.0,311.0,315.0,107606,0.0,0.0
2023-08-31 00:00:00+09:00,315.0,319.0,313.0,317.0,166086,0.0,0.0
2023-09-01 00:00:00+09:00,317.0,318.0,312.0,315.0,143734,0.0,0.0
2023-09-04 00:00:00+09:00,315.0,315.0,305.0,308.0,172862,0.0,0.0
2023-09-05 00:00:00+09:00,308.0,314.0,299.0,306.0,363539,0.0,0.0
2023-09-06 00:00:00+09:00,303.0,307.0,300.0,303.0,195720,0.0,0.0
2023-09-07 00:00:00+09:00,303.0,306.0,297.0,300.0,221936,0.0,0.0
2023-09-08 00:00:00+09:00,298.0,302.0,298.0,301.0,70381,0.0,0.0
2023-09-11 00:00:00+09:00,301.0,304.0,297.0,301.0,106137,0.0,0.0
2023-09-12 00:00:00+09:00,301.0,304.0,299.0,300.0,149999,0.0,0.0
2023-09-13 00:00:00+09:00,300.0,303.0,292.0,301.0,344662,0.0,0.0
2023-09-14 00:00:00+09:00,301.0,302.0,298.0,300.0,119335,0.0,0.0
2023-09-15 00:00:00+09:00,303.0,305.0,300.0,302.0,143808,0.0,0.0
2023-09-18 00:00:00+09:00,309.0,309.0,298.0,299.0,190098,0.0,0.0
2023-09-19 00:00:00+09:00,302.0,302.0,297.0,300.0,95405,0.0,0.0
2023-09-20 00:00:00+09:00,304.0,304.0,297.0,302.0,109440,0.0,0.0
2023-09-21 00:00:00+09:00,309.0,309.0,295.0,297.0,187581,0.0,0.0
2023-09-22 00:00:00+09:00,298.0,299.0,296.0,296.0,85101,0.0,0.0
2023-09-25 00:00:00+09:00,296.0,299.0,292.0,293.0,162145,0.0,0.0
2023-09-26 00:00:00+09:00,293.0,320.0,288.0,288.0,1082229,0.0,0.0
2023-09-27 00:00:00+09:00,286.0,301.0,286.0,295.0,225350,0.0,0.0
2023-10-04 00:00:00+09:00,295.0,295.0,286.0,290.0,158343,0.0,0.0
2023-10-05 00:00:00+09:00,288.0,294.0,285.0,290.0,186542,0.0,0.0
2023-10-06 00:00:00+09:00,290.0,310.0,290.0,299.0,253190,0.0,0.0
2023-10-10 00:00:00+09:00,301.0,302.0,295.0,296.0,174618,0.0,0.0
2023-10-11 00:00:00+09:00,293.0,301.0,293.0,300.0,157922,0.0,0.0
2023-10-12 00:00:00+09:00,300.0,310.0,298.0,300.0,166819,0.0,0.0
2023-10-13 00:00:00+09:00,300.0,308.0,299.0,299.0,224701,0.0,0.0
2023-10-16 00:00:00+09:00,301.0,305.0,300.0,304.0,106501,0.0,0.0
2023-10-17 00:00:00+09:00,300.0,325.0,300.0,317.0,636059,0.0,0.0
2023-10-18 00:00:00+09:00,317.0,320.0,311.0,314.0,133735,0.0,0.0
2023-10-19 00:00:00+09:00,314.0,343.0,298.0,304.0,1628719,0.0,0.0
2023-10-20 00:00:00+09:00,302.0,321.0,301.0,313.0,433921,0.0,0.0
2023-10-23 00:00:00+09:00,305.0,313.0,304.0,306.0,162058,0.0,0.0
2023-10-24 00:00:00+09:00,310.0,312.0,301.0,308.0,155383,0.0,0.0
2023-10-25 00:00:00+09:00,310.0,314.0,305.0,306.0,95430,0.0,0.0
2023-10-26 00:00:00+09:00,304.0,307.0,297.0,303.0,216664,0.0,0.0
2023-10-27 00:00:00+09:00,303.0,308.0,296.0,306.0,84043,0.0,0.0
2023-10-30 00:00:00+09:00,306.0,315.0,303.0,309.0,103073,0.0,0.0
2023-10-31 00:00:00+09:00,311.0,315.0,302.0,306.0,155057,0.0,0.0
2023-11-01 00:00:00+09:00,302.0,311.0,302.0,305.0,80805,0.0,0.0
2023-11-02 00:00:00+09:00,305.0,310.0,303.0,308.0,111157,0.0,0.0
2023-11-03 00:00:00+09:00,308.0,313.0,305.0,309.0,174907,0.0,0.0
2023-11-06 00:00:00+09:00,311.0,311.0,303.0,304.0,381349,0.0,0.0
2023-11-07 00:00:00+09:00,304.0,306.0,297.0,302.0,316287,0.0,0.0
2023-11-08 00:00:00+09:00,298.0,304.0,298.0,301.0,93580,0.0,0.0
2023-11-09 00:00:00+09:00,300.0,306.0,300.0,302.0,50164,0.0,0.0
2023-11-10 00:00:00+09:00,300.0,304.0,298.0,298.0,75740,0.0,0.0
2023-11-13 00:00:00+09:00,298.0,300.0,290.0,291.0,220954,0.0,0.0
2023-11-14 00:00:00+09:00,291.0,298.0,287.0,297.0,93036,0.0,0.0
2023-11-15 00:00:00+09:00,297.0,301.0,296.0,299.0,145017,0.0,0.0
2023-11-16 00:00:00+09:00,299.0,303.0,298.0,300.0,178291,0.0,0.0
2023-11-17 00:00:00+09:00,301.0,302.0,296.0,299.0,40027,0.0,0.0
2023-11-20 00:00:00+09:00,300.0,300.0,295.0,298.0,101001,0.0,0.0
2023-11-21 00:00:00+09:00,298.0,302.0,298.0,299.0,61247,0.0,0.0
2023-11-22 00:00:00+09:00,302.0,302.0,295.0,296.0,116497,0.0,0.0
2023-11-23 00:00:00+09:00,296.0,300.0,295.0,299.0,66533,0.0,0.0
2023-11-24 00:00:00+09:00,297.0,301.0,295.0,298.0,141508,0.0,0.0
2023-11-27 00:00:00+09:00,298.0,298.0,292.0,294.0,174303,0.0,0.0
2023-11-28 00:00:00+09:00,293.0,296.0,292.0,295.0,48152,0.0,0.0
2023-11-29 00:00:00+09:00,293.0,297.0,290.0,293.0,144792,0.0,0.0
2023-11-30 00:00:00+09:00,293.0,301.0,292.0,298.0,150905,0.0,0.0
2023-12-01 00:00:00+09:00,298.0,299.0,295.0,296.0,38208,0.0,0.0
2023-12-04 00:00:00+09:00,296.0,297.0,292.0,294.0,107821,0.0,0.0
2023-12-05 00:00:00+09:00,294.0,295.0,291.0,294.0,132744,0.0,0.0
2023-12-06 00:00:00+09:00,292.0,298.0,292.0,295.0,91611,0.0,0.0
2023-12-07 00:00:00+09:00,292.0,299.0,292.0,296.0,194354,0.0,0.0
2023-12-08 00:00:00+09:00,384.0,384.0,312.0,318.0,22572930,0.0,0.0
2023-12-11 00:00:00+09:00,311.0,342.0,311.0,321.0,2705228,0.0,0.0
2023-12-12 00:00:00+09:00,319.0,325.0,314.0,321.0,859370,0.0,0.0
2023-12-13 00:00:00+09:00,317.0,319.0,309.0,311.0,696235,0.0,0.0
2023-12-14 00:00:00+09:00,316.0,318.0,308.0,313.0,482431,0.0,0.0
2023-12-15 00:00:00+09:00,310.0,385.0,310.0,336.0,16772620,0.0,0.0
2023-12-18 00:00:00+09:00,336.0,380.0,330.0,355.0,7018674,0.0,0.0
2023-12-19 00:00:00+09:00,355.0,397.0,350.0,369.0,5691971,0.0,0.0
2023-12-20 00:00:00+09:00,372.0,388.0,369.0,369.0,2129646,0.0,0.0
2023-12-21 00:00:00+09:00,369.0,387.0,364.0,385.0,1787951,0.0,0.0
2023-12-22 00:00:00+09:00,403.0,420.0,380.0,420.0,4953028,0.0,0.0
2023-12-26 00:00:00+09:00,483.0,546.0,428.0,546.0,42746370,0.0,0.0
2023-12-27 00:00:00+09:00,627.0,699.0,472.0,482.0,68011670,0.0,0.0
2023-12-28 00:00:00+09:00,503.0,540.0,417.0,427.0,25849190,0.0,0.0
2024-01-02 00:00:00+09:00,449.0,498.0,436.0,498.0,20554930,0.0,0.0
2024-01-03 00:00:00+09:00,478.0,484.0,436.0,453.0,13999870,0.0,0.0
2024-01-04 00:00:00+09:00,446.0,446.0,396.0,396.0,10115400,0.0,0.0
2024-01-05 00:00:00+09:00,392.0,420.0,377.0,377.0,9734480,0.0,0.0
2024-01-08 00:00:00+09:00,377.0,380.0,363.0,367.0,3591431,0.0,0.0
2024-01-09 00:00:00+09:00,367.0,372.0,363.0,368.0,1777335,0.0,0.0
2024-01-10 00:00:00+09:00,367.0,372.0,348.0,352.0,2469059,0.0,0.0
2024-01-11 00:00:00+09:00,352.0,372.0,350.0,357.0,2133493,0.0,0.0
2024-01-12 00:00:00+09:00,353.0,365.0,347.0,350.0,1124560,0.0,0.0
2024-01-15 00:00:00+09:00,347.0,358.0,347.0,349.0,518359,0.0,0.0
2024-01-16 00:00:00+09:00,350.0,353.0,338.0,344.0,968939,0.0,0.0
2024-01-17 00:00:00+09:00,341.0,360.0,335.0,346.0,1858414,0.0,0.0
2024-01-18 00:00:00+09:00,341.0,352.0,339.0,346.0,494224,0.0,0.0
2024-01-19 00:00:00+09:00,347.0,361.0,345.0,348.0,1202022,0.0,0.0
2024-01-22 00:00:00+09:00,348.0,352.0,344.0,348.0,558644,0.0,0.0
2024-01-23 00:00:00+09:00,346.0,348.0,333.0,334.0,837763,0.0,0.0
2024-01-24 00:00:00+09:00,337.0,337.0,323.0,328.0,1018088,0.0,0.0
2024-01-25 00:00:00+09:00,328.0,332.0,322.0,330.0,479592,0.0,0.0
2024-01-26 00:00:00+09:00,330.0,361.0,329.0,343.0,1912680,0.0,0.0
2024-01-29 00:00:00+09:00,341.0,343.0,331.0,333.0,713469,0.0,0.0
2024-01-30 00:00:00+09:00,333.0,342.0,331.0,336.0,413625,0.0,0.0
2024-01-31 00:00:00+09:00,333.0,337.0,322.0,327.0,751266,0.0,0.0
2024-02-01 00:00:00+09:00,324.0,327.0,321.0,327.0,253109,0.0,0.0
2024-02-02 00:00:00+09:00,327.0,375.0,326.0,347.0,3890710,0.0,0.0
2024-02-05 00:00:00+09:00,347.0,357.0,342.0,348.0,846475,0.0,0.0
2024-02-06 00:00:00+09:00,348.0,362.0,335.0,353.0,1236279,0.0,0.0
2024-02-07 00:00:00+09:00,353.0,360.0,335.0,341.0,770056,0.0,0.0
2024-02-08 00:00:00+09:00,342.0,355.0,337.0,353.0,443209,0.0,0.0
2024-02-13 00:00:00+09:00,353.0,361.0,349.0,355.0,813046,0.0,0.0
2024-02-14 00:00:00+09:00,355.0,358.0,343.0,348.0,1213405,0.0,0.0
2024-02-15 00:00:00+09:00,349.0,350.0,343.0,348.0,375790,0.0,0.0
2024-02-16 00:00:00+09:00,346.0,349.0,344.0,347.0,390673,0.0,0.0
2024-02-19 00:00:00+09:00,347.0,354.0,345.0,349.0,607806,0.0,0.0
2024-02-20 00:00:00+09:00,350.0,352.0,345.0,350.0,487248,0.0,0.0
2024-02-21 00:00:00+09:00,346.0,352.0,345.0,348.0,484774,0.0,0.0
2024-02-22 00:00:00+09:00,348.0,349.0,345.0,347.0,346562,0.0,0.0
2024-02-23 00:00:00+09:00,347.0,348.0,335.0,337.0,595619,0.0,0.0
2024-02-26 00:00:00+09:00,338.0,340.0,332.0,337.0,246224,0.0,0.0
2024-02-27 00:00:00+09:00,337.0,341.0,329.0,332.0,350850,0.0,0.0
2024-02-28 00:00:00+09:00,332.0,335.0,328.0,335.0,328719,0.0,0.0
2024-02-29 00:00:00+09:00,335.0,336.0,330.0,334.0,265588,0.0,0.0
2024-03-04 00:00:00+09:00,334.0,340.0,332.0,335.0,297393,0.0,0.0
2024-03-05 00:00:00+09:00,328.0,339.0,323.0,324.0,424309,0.0,0.0
2024-03-06 00:00:00+09:00,324.0,326.0,313.0,322.0,618331,0.0,0.0
2024-03-07 00:00:00+09:00,322.0,326.0,319.0,324.0,314238,0.0,0.0
2024-03-08 00:00:00+09:00,320.0,326.0,318.0,319.0,368558,0.0,0.0
2024-03-11 00:00:00+09:00,320.0,323.0,317.0,318.0,265566,0.0,0.0
2024-03-12 00:00:00+09:00,319.0,327.0,317.0,317.0,272984,0.0,0.0
2024-03-13 00:00:00+09:00,320.0,320.0,313.0,316.0,337126,0.0,0.0
2024-03-14 00:00:00+09:00,317.0,319.0,312.0,316.0,334809,0.0,0.0
2024-03-15 00:00:00+09:00,316.0,316.0,307.0,309.0,576105,0.0,0.0
2024-03-18 00:00:00+09:00,309.0,313.0,307.0,311.0,241986,0.0,0.0
2024-03-19 00:00:00+09:00,312.0,329.0,311.0,312.0,748261,0.0,0.0
2024-03-20 00:00:00+09:00,313.0,317.0,313.0,316.0,488896,0.0,0.0
2024-03-21 00:00:00+09:00,316.0,320.0,313.0,314.0,586769,0.0,0.0
2024-03-22 00:00:00+09:00,313.0,320.0,313.0,318.0,375219,0.0,0.0
2024-03-25 00:00:00+09:00,330.0,362.0,320.0,321.0,3549860,0.0,0.0
2024-03-26 00:00:00+09:00,320.0,330.0,317.0,327.0,889076,0.0,0.0
2024-03-27 00:00:00+09:00,327.0,330.0,320.0,320.0,338443,0.0,0.0
2024-03-28 00:00:00+09:00,322.0,322.0,316.0,320.0,221103,0.0,0.0
2024-03-29 00:00:00+09:00,320.0,322.0,315.0,321.0,180303,0.0,0.0
2024-04-01 00:00:00+09:00,321.0,328.0,318.0,327.0,579467,0.0,0.0
2024-04-02 00:00:00+09:00,333.0,333.0,319.0,321.0,499903,0.0,0.0
2024-04-03 00:00:00+09:00,325.0,331.0,321.0,331.0,440307,0.0,0.0
2024-04-04 00:00:00+09:00,331.0,335.0,326.0,327.0,258296,0.0,0.0
2024-04-05 00:00:00+09:00,325.0,357.0,324.0,336.0,4082128,0.0,0.0
2024-04-08 00:00:00+09:00,337.0,356.0,333.0,354.0,1514502,0.0,0.0
2024-04-09 00:00:00+09:00,355.0,356.0,347.0,349.0,470864,0.0,0.0
2024-04-11 00:00:00+09:00,352.0,353.0,341.0,342.0,327703,0.0,0.0
2024-04-12 00:00:00+09:00,342.0,354.0,340.0,349.0,484286,0.0,0.0
2024-04-15 00:00:00+09:00,342.0,351.0,335.0,346.0,469911,0.0,0.0
2024-04-16 00:00:00+09:00,346.0,347.0,337.0,340.0,324755,0.0,0.0
2024-04-17 00:00:00+09:00,342.0,344.0,335.0,337.0,187585,0.0,0.0
2024-04-18 00:00:00+09:00,339.0,339.0,331.0,331.0,380994,0.0,0.0
2024-04-19 00:00:00+09:00,334.0,338.0,323.0,324.0,485686,0.0,0.0
2024-04-22 00:00:00+09:00,324.0,336.0,324.0,333.0,280340,0.0,0.0
2024-04-23 00:00:00+09:00,335.0,345.0,333.0,335.0,356806,0.0,0.0
2024-04-24 00:00:00+09:00,336.0,339.0,334.0,336.0,184965,0.0,0.0
2024-04-25 00:00:00+09:00,339.0,339.0,332.0,334.0,148791,0.0,0.0
2024-04-26 00:00:00+09:00,334.0,340.0,331.0,332.0,181996,0.0,0.0
2024-04-29 00:00:00+09:00,331.0,337.0,330.0,335.0,124106,0.0,0.0
2024-04-30 00:00:00+09:00,338.0,360.0,332.0,343.0,633837,0.0,0.0
2024-05-02 00:00:00+09:00,343.0,352.0,336.0,340.0,493961,0.0,0.0
2024-05-03 00:00:00+09:00,340.0,342.0,337.0,340.0,241761,0.0,0.0
2024-05-07 00:00:00+09:00,340.0,344.0,339.0,342.0,263100,0.0,0.0
2024-05-08 00:00:00+09:00,340.0,345.0,340.0,343.0,171449,0.0,0.0
2024-05-09 00:00:00+09:00,345.0,360.0,343.0,350.0,910020,0.0,0.0
2024-05-10 00:00:00+09:00,350.0,358.0,350.0,356.0,343318,0.0,0.0
2024-05-13 00:00:00+09:00,353.0,358.0,348.0,350.0,205805,0.0,0.0
2024-05-14 00:00:00+09:00,348.0,375.0,345.0,367.0,1227975,0.0,0.0
2024-05-16 00:00:00+09:00,364.0,380.0,363.0,369.0,453413,0.0,0.0
2024-05-17 00:00:00+09:00,369.0,374.0,361.0,370.0,332880,0.0,0.0
2024-05-20 00:00:00+09:00,370.0,371.0,357.0,359.0,407554,0.0,0.0
2024-05-21 00:00:00+09:00,357.0,359.0,348.0,350.0,515452,0.0,0.0
2024-05-22 00:00:00+09:00,350.0,359.0,349.0,354.0,419938,0.0,0.0
2024-05-23 00:00:00+09:00,354.0,359.0,351.0,352.0,170911,0.0,0.0
2024-05-24 00:00:00+09:00,352.0,356.0,349.0,349.0,181938,0.0,0.0
2024-05-27 00:00:00+09:00,352.0,353.0,349.0,353.0,140651,0.0,0.0
2024-05-28 00:00:00+09:00,353.0,364.0,352.0,362.0,685885,0.0,0.0
2024-05-29 00:00:00+09:00,404.0,420.0,364.0,368.0,6250851,0.0,0.0
2024-05-30 00:00:00+09:00,378.0,392.0,369.0,379.0,1528893,0.0,0.0
2024-05-31 00:00:00+09:00,389.0,389.0,378.0,381.0,527444,0.0,0.0
2024-06-03 00:00:00+09:00,377.0,381.0,369.0,373.0,773676,0.0,0.0
2024-06-04 00:00:00+09:00,371.0,384.0,363.0,370.0,665528,0.0,0.0
2024-06-05 00:00:00+09:00,373.0,373.0,364.0,370.0,170469,0.0,0.0
2024-06-07 00:00:00+09:00,373.0,373.0,365.0,367.0,199718,0.0,0.0
2024-06-10 00:00:00+09:00,366.0,376.0,358.0,367.0,542782,0.0,0.0
2024-06-11 00:00:00+09:00,367.0,373.0,361.0,361.0,249029,0.0,0.0
2024-06-12 00:00:00+09:00,357.0,365.0,357.0,360.0,429793,0.0,0.0
2024-06-13 00:00:00+09:00,361.0,362.0,350.0,351.0,314639,0.0,0.0
2024-06-14 00:00:00+09:00,352.0,360.0,348.0,355.0,227254,0.0,0.0
2024-06-17 00:00:00+09:00,353.0,355.0,348.0,351.0,173789,0.0,0.0
2024-06-18 00:00:00+09:00,351.0,360.0,348.0,349.0,277463,0.0,0.0
2024-06-19 00:00:00+09:00,350.0,353.0,342.0,344.0,315349,0.0,0.0
2024-06-20 00:00:00+09:00,345.0,352.0,345.0,350.0,137918,0.0,0.0
2024-06-21 00:00:00+09:00,350.0,363.0,330.0,347.0,387419,0.0,0.0
2024-06-24 00:00:00+09:00,355.0,355.0,346.0,350.0,137790,0.0,0.0
2024-06-25 00:00:00+09:00,350.0,355.0,347.0,350.0,103774,0.0,0.0
2024-06-26 00:00:00+09:00,350.0,354.0,348.0,351.0,55902,0.0,0.0
2024-06-27 00:00:00+09:00,351.0,353.0,346.0,347.0,96589,0.0,0.0
2024-06-28 00:00:00+09:00,345.0,350.0,340.0,349.0,197785,0.0,0.0
