Date,Open,High,Low,Close,Volume,Dividends,Stock Splits
2017-04-05 00:00:00+09:00,2933.333251953125,2933.333251953125,2933.333251953125,2933.333251953125,0,0.0,0.0
2017-04-06 00:00:00+09:00,2933.333251953125,2933.333251953125,2933.333251953125,2933.333251953125,5,0.0,0.0
2017-04-07 00:00:00+09:00,2493.333251953125,2983.333251953125,2493.333251953125,2983.333251953125,15,0.0,0.0
2017-04-10 00:00:00+09:00,2600.0,2966.666748046875,2560.0,2600.0,2265,0.0,0.0
2017-04-11 00:00:00+09:00,2600.0,2600.0,2566.666748046875,2600.0,1782,0.0,0.0
2017-04-12 00:00:00+09:00,2600.0,2990.0,2600.0,2990.0,150,0.0,0.0
2017-04-13 00:00:00+09:00,2570.0,2863.333251953125,2560.0,2856.666748046875,1532,0.0,0.0
2017-04-14 00:00:00+09:00,2790.0,2790.0,2600.0,2786.666748046875,2846,0.0,0.0
2017-04-17 00:00:00+09:00,2783.333251953125,2783.333251953125,2500.0,2783.333251953125,2133,0.0,0.0
2017-04-18 00:00:00+09:00,2996.666748046875,2996.666748046875,2566.666748046875,2990.0,4218,0.0,0.0
2017-04-19 00:00:00+09:00,2996.666748046875,2996.666748046875,2543.333251953125,2960.0,1721,0.0,0.0
2017-04-20 00:00:00+09:00,3066.666748046875,3066.666748046875,2566.666748046875,2846.666748046875,536,0.0,0.0
2017-04-21 00:00:00+09:00,3266.666748046875,3266.666748046875,2566.666748046875,3130.0,1479,0.0,0.0
2017-04-24 00:00:00+09:00,3053.333251953125,3053.333251953125,2663.333251953125,2666.666748046875,1517,0.0,0.0
2017-04-25 00:00:00+09:00,2600.0,2996.666748046875,2600.0,2796.666748046875,3372,0.0,0.0
2017-04-26 00:00:00+09:00,2566.666748046875,3210.0,2566.666748046875,3096.666748046875,1004,0.0,0.0
2017-04-27 00:00:00+09:00,2633.333251953125,3050.0,2633.333251953125,3050.0,1481,0.0,0.0
2017-04-28 00:00:00+09:00,3320.0,3320.0,2666.666748046875,2963.333251953125,2447,0.0,0.0
2017-05-02 00:00:00+09:00,2570.0,2933.333251953125,2523.333251953125,2523.333251953125,3644,0.0,0.0
2017-05-04 00:00:00+09:00,2900.0,2900.0,2540.0,2826.666748046875,3179,0.0,0.0
2017-05-08 00:00:00+09:00,2573.333251953125,2900.0,2573.333251953125,2900.0,4946,0.0,0.0
2017-05-10 00:00:00+09:00,2666.666748046875,3323.333251953125,2660.0,2660.0,3176,0.0,0.0
2017-05-11 00:00:00+09:00,2660.0,2863.333251953125,2613.333251953125,2863.333251953125,2058,0.0,0.0
2017-05-12 00:00:00+09:00,2940.0,2940.0,2610.0,2860.0,282,0.0,0.0
2017-05-15 00:00:00+09:00,3280.0,3280.0,2613.333251953125,2616.666748046875,6401,0.0,0.0
2017-05-16 00:00:00+09:00,3003.333251953125,3003.333251953125,2580.0,2656.666748046875,4445,0.0,0.0
2017-05-17 00:00:00+09:00,2586.666748046875,3046.666748046875,2586.666748046875,2663.333251953125,3342,0.0,0.0
2017-05-18 00:00:00+09:00,3060.0,3060.0,2416.666748046875,2796.666748046875,450,0.0,0.0
2017-05-19 00:00:00+09:00,2666.666748046875,3000.0,2633.333251953125,2663.333251953125,4970,0.0,0.0
2017-05-22 00:00:00+09:00,2633.333251953125,2663.333251953125,2533.333251953125,2533.333251953125,4352,0.0,0.0
2017-05-23 00:00:00+09:00,2653.333251953125,2653.333251953125,2653.333251953125,2653.333251953125,0,0.0,0.0
2017-05-24 00:00:00+09:00,2273.333251953125,2533.333251953125,2256.666748046875,2530.0,4749,0.0,0.0
2017-05-25 00:00:00+09:00,2520.0,2526.666748046875,2520.0,2526.666748046875,437,0.0,0.0
2017-05-26 00:00:00+09:00,2526.666748046875,2590.0,2526.666748046875,2590.0,77,0.0,0.0
2017-05-29 00:00:00+09:00,2973.333251953125,2973.333251953125,2533.333251953125,2650.0,1229,0.0,0.0
2017-05-30 00:00:00+09:00,2533.333251953125,2600.0,2533.333251953125,2600.0,2330,0.0,0.0
2017-05-31 00:00:00+09:00,2533.333251953125,2600.0,2533.333251953125,2566.666748046875,3794,0.0,0.0
2017-06-01 00:00:00+09:00,2596.666748046875,2596.666748046875,2596.666748046875,2596.666748046875,38,0.0,0.0
2017-06-02 00:00:00+09:00,2596.666748046875,2656.666748046875,2213.333251953125,2213.333251953125,3660,0.0,0.0
2017-06-05 00:00:00+09:00,2543.333251953125,2543.333251953125,2400.0,2543.333251953125,5186,0.0,0.0
2017-06-07 00:00:00+09:00,2666.666748046875,2666.666748046875,2403.333251953125,2596.666748046875,2969,0.0,0.0
2017-06-08 00:00:00+09:00,2723.333251953125,2723.333251953125,2450.0,2533.333251953125,7950,0.0,0.0
2017-06-09 00:00:00+09:00,2666.666748046875,2666.666748046875,2466.666748046875,2466.666748046875,3450,0.0,0.0
2017-06-12 00:00:00+09:00,2266.666748046875,2723.333251953125,2266.666748046875,2533.333251953125,8217,0.0,0.0
2017-06-13 00:00:00+09:00,2466.666748046875,2533.333251953125,2466.666748046875,2466.666748046875,6951,0.0,0.0
2017-06-14 00:00:00+09:00,2836.666748046875,2836.666748046875,2476.666748046875,2596.666748046875,7418,0.0,0.0
2017-06-15 00:00:00+09:00,2533.333251953125,2653.333251953125,2533.333251953125,2643.333251953125,1737,0.0,0.0
2017-06-16 00:00:00+09:00,2533.333251953125,2600.0,2533.333251953125,2600.0,4575,0.0,0.0
2017-06-19 00:00:00+09:00,2436.666748046875,2723.333251953125,2436.666748046875,2723.333251953125,2,0.0,0.0
2017-06-20 00:00:00+09:00,2473.333251953125,2503.333251953125,2466.666748046875,2503.333251953125,884,0.0,0.0
2017-06-21 00:00:00+09:00,2533.333251953125,2796.666748046875,2486.666748046875,2750.0,806,0.0,0.0
2017-06-22 00:00:00+09:00,2600.0,2600.0,2600.0,2600.0,4211,0.0,0.0
2017-06-23 00:00:00+09:00,2530.0,2720.0,2500.0,2720.0,2685,0.0,0.0
2017-06-26 00:00:00+09:00,2490.0,2763.333251953125,2490.0,2763.333251953125,2,0.0,0.0
2017-06-27 00:00:00+09:00,2443.333251953125,2663.333251953125,2443.333251953125,2660.0,3828,0.0,0.0
2017-06-28 00:00:00+09:00,2643.333251953125,2643.333251953125,2643.333251953125,2643.333251953125,0,0.0,0.0
2017-06-29 00:00:00+09:00,2506.666748046875,2643.333251953125,2506.666748046875,2643.333251953125,150,0.0,0.0
2017-06-30 00:00:00+09:00,2633.333251953125,2633.333251953125,2633.333251953125,2633.333251953125,0,0.0,0.0
2017-07-03 00:00:00+09:00,2623.333251953125,2623.333251953125,2623.333251953125,2623.333251953125,0,0.0,0.0
2017-07-04 00:00:00+09:00,2623.333251953125,2656.666748046875,2400.0,2656.666748046875,4748,0.0,0.0
2017-07-05 00:00:00+09:00,2633.333251953125,2650.0,2633.333251953125,2640.0,2100,0.0,0.0
2017-07-06 00:00:00+09:00,2533.333251953125,2653.333251953125,2533.333251953125,2653.333251953125,1350,0.0,0.0
2017-07-07 00:00:00+09:00,2656.666748046875,2666.666748046875,2656.666748046875,2666.666748046875,12780,0.0,0.0
2017-07-10 00:00:00+09:00,2666.666748046875,2700.0,2600.0,2666.666748046875,4424,0.0,0.0
2017-07-11 00:00:00+09:00,2666.666748046875,2666.666748046875,2510.0,2623.333251953125,10742,0.0,0.0
2017-07-12 00:00:00+09:00,2600.0,2666.666748046875,2600.0,2666.666748046875,987,0.0,0.0
2017-07-13 00:00:00+09:00,2666.666748046875,2726.666748046875,2666.666748046875,2666.666748046875,3752,0.0,0.0
2017-07-14 00:00:00+09:00,2666.666748046875,2733.333251953125,2600.0,2666.666748046875,4236,0.0,0.0
2017-07-17 00:00:00+09:00,2666.666748046875,2666.666748046875,2666.666748046875,2666.666748046875,0,0.0,0.0
2017-07-18 00:00:00+09:00,2533.333251953125,2653.333251953125,2533.333251953125,2653.333251953125,450,0.0,0.0
2017-07-19 00:00:00+09:00,2653.333251953125,2653.333251953125,2653.333251953125,2653.333251953125,1574,0.0,0.0
2017-07-20 00:00:00+09:00,2653.333251953125,2653.333251953125,2653.333251953125,2653.333251953125,0,0.0,0.0
2017-07-21 00:00:00+09:00,2653.333251953125,2666.666748046875,2566.666748046875,2656.666748046875,2472,0.0,0.0
2017-07-24 00:00:00+09:00,2800.0,2800.0,2600.0,2600.0,1650,0.0,0.0
2017-07-25 00:00:00+09:00,2600.0,2663.333251953125,2590.0,2590.0,1071,0.0,0.0
2017-07-26 00:00:00+09:00,2866.666748046875,2866.666748046875,2600.0,2846.666748046875,1731,0.0,0.0
2017-07-27 00:00:00+09:00,2570.0,2863.333251953125,2570.0,2666.666748046875,2090,0.0,0.0
2017-07-28 00:00:00+09:00,2580.0,2733.333251953125,2580.0,2730.0,161,0.0,0.0
2017-07-31 00:00:00+09:00,2720.0,2733.333251953125,2700.0,2700.0,1827,0.0,0.0
2017-08-01 00:00:00+09:00,2620.0,2766.666748046875,2620.0,2730.0,1596,0.0,0.0
2017-08-02 00:00:00+09:00,2606.666748046875,2800.0,2606.666748046875,2733.333251953125,339,0.0,0.0
2017-08-03 00:00:00+09:00,3066.666748046875,3066.666748046875,2603.333251953125,2800.0,156,0.0,0.0
2017-08-04 00:00:00+09:00,2660.0,2926.666748046875,2660.0,2733.333251953125,753,0.0,0.0
2017-08-07 00:00:00+09:00,2603.333251953125,2733.333251953125,2603.333251953125,2733.333251953125,960,0.0,0.0
2017-08-08 00:00:00+09:00,2800.0,2813.333251953125,2473.333251953125,2800.0,1748,0.0,0.0
2017-08-09 00:00:00+09:00,2733.333251953125,2816.666748046875,2733.333251953125,2816.666748046875,765,0.0,0.0
2017-08-10 00:00:00+09:00,3236.666748046875,3236.666748046875,2683.333251953125,2996.666748046875,279,0.0,0.0
2017-08-11 00:00:00+09:00,2963.333251953125,2966.666748046875,2730.0,2966.666748046875,464,0.0,0.0
2017-08-14 00:00:00+09:00,2726.666748046875,3406.666748046875,2523.333251953125,3000.0,843,0.0,0.0
2017-08-16 00:00:00+09:00,3440.0,3440.0,2800.0,3113.333251953125,4505,0.0,0.0
2017-08-17 00:00:00+09:00,2800.0,3266.666748046875,2800.0,3266.666748046875,4952,0.0,0.0
2017-08-18 00:00:00+09:00,3300.0,3300.0,2866.666748046875,3066.666748046875,1067,0.0,0.0
2017-08-21 00:00:00+09:00,3200.0,3333.333251953125,3000.0,3000.0,1833,0.0,0.0
2017-08-22 00:00:00+09:00,3266.666748046875,3266.666748046875,3200.0,3200.0,1566,0.0,0.0
2017-08-23 00:00:00+09:00,3333.333251953125,3333.333251953125,3033.333251953125,3300.0,2127,0.0,0.0
2017-08-24 00:00:00+09:00,3300.0,3366.666748046875,3200.0,3366.666748046875,7400,0.0,0.0
2017-08-25 00:00:00+09:00,3333.333251953125,3666.666748046875,3300.0,3500.0,27518,0.0,0.0
2017-08-28 00:00:00+09:00,3466.666748046875,3466.666748046875,3333.333251953125,3433.333251953125,11550,0.0,0.0
2017-08-29 00:00:00+09:00,3433.333251953125,3433.333251953125,3433.333251953125,3433.333251953125,449,0.0,0.0
2017-08-30 00:00:00+09:00,3500.0,3500.0,3433.333251953125,3440.0,2298,0.0,0.0
2017-08-31 00:00:00+09:00,3366.666748046875,3933.333251953125,3366.666748046875,3800.0,18305,0.0,0.0
2017-09-01 00:00:00+09:00,3933.333251953125,4000.0,3866.666748046875,4000.0,6734,0.0,0.0
2017-09-04 00:00:00+09:00,3866.666748046875,4000.0,3800.0,3800.0,9393,0.0,0.0
2017-09-05 00:00:00+09:00,3993.333251953125,3993.333251953125,3333.333251953125,3926.666748046875,10784,0.0,0.0
2017-09-06 00:00:00+09:00,4066.666748046875,4066.666748046875,3720.0,3966.666748046875,4203,0.0,0.0
2017-09-07 00:00:00+09:00,4000.0,4000.0,3866.666748046875,3920.0,8370,0.0,0.0
2017-09-08 00:00:00+09:00,4200.0,4200.0,3966.666748046875,4000.0,237,0.0,0.0
2017-09-11 00:00:00+09:00,4593.33349609375,4593.33349609375,3880.0,4000.0,4346,0.0,0.0
2017-09-12 00:00:00+09:00,4466.66650390625,4466.66650390625,3900.0,4000.0,422,0.0,0.0
2017-09-13 00:00:00+09:00,4000.0,4300.0,4000.0,4000.0,9798,0.0,0.0
2017-09-14 00:00:00+09:00,4293.33349609375,4293.33349609375,3986.666748046875,3986.666748046875,5579,0.0,0.0
2017-09-15 00:00:00+09:00,4286.66650390625,4286.66650390625,3986.666748046875,4133.33349609375,2790,0.0,0.0
2017-09-18 00:00:00+09:00,4300.0,4300.0,4066.666748046875,4066.666748046875,7107,0.0,0.0
2017-09-19 00:00:00+09:00,4260.0,4266.66650390625,3993.333251953125,4126.66650390625,16820,0.0,0.0
2017-09-20 00:00:00+09:00,4000.0,4120.0,4000.0,4120.0,28908,0.0,0.0
2017-09-21 00:00:00+09:00,4120.0,4733.33349609375,4113.33349609375,4200.0,19013,0.0,0.0
2017-09-25 00:00:00+09:00,4840.0,4840.0,4073.333251953125,4326.66650390625,4872,0.0,0.0
2017-09-26 00:00:00+09:00,4333.33349609375,4366.66650390625,4200.0,4240.0,6119,0.0,0.0
2017-09-27 00:00:00+09:00,4366.66650390625,4366.66650390625,4213.33349609375,4333.33349609375,6719,0.0,0.0
2017-09-28 00:00:00+09:00,4466.66650390625,4466.66650390625,4140.0,4293.33349609375,17933,0.0,0.0
2017-09-29 00:00:00+09:00,4286.66650390625,4300.0,4200.0,4300.0,11142,0.0,0.0
2017-10-10 00:00:00+09:00,4860.0,4860.0,4000.0,4400.0,7320,0.0,0.0
2017-10-11 00:00:00+09:00,4400.0,4400.0,4233.33349609375,4393.33349609375,17547,0.0,0.0
2017-10-12 00:00:00+09:00,4533.33349609375,4666.66650390625,4333.33349609375,4633.33349609375,28565,0.0,0.0
2017-10-13 00:00:00+09:00,5326.66650390625,5326.66650390625,4653.33349609375,4666.66650390625,64628,0.0,0.0
2017-10-16 00:00:00+09:00,4800.0,4933.33349609375,4600.0,4800.0,18044,0.0,0.0
2017-10-17 00:00:00+09:00,4800.0,4833.33349609375,4700.0,4800.0,9033,0.0,0.0
2017-10-18 00:00:00+09:00,5326.66650390625,5326.66650390625,4666.66650390625,4666.66650390625,9626,0.0,0.0
2017-10-19 00:00:00+09:00,5000.0,5000.0,4800.0,4800.0,1064,0.0,0.0
2017-10-20 00:00:00+09:00,4933.33349609375,4933.33349609375,4673.33349609375,4800.0,6065,0.0,0.0
2017-10-23 00:00:00+09:00,4993.33349609375,5000.0,4600.0,4600.0,3786,0.0,0.0
2017-10-24 00:00:00+09:00,4800.0,4800.0,4533.33349609375,4666.66650390625,6315,0.0,0.0
2017-10-25 00:00:00+09:00,4666.66650390625,4666.66650390625,4633.33349609375,4633.33349609375,1922,0.0,0.0
2017-10-26 00:00:00+09:00,4666.66650390625,5000.0,4660.0,5000.0,9129,0.0,0.0
2017-10-27 00:00:00+09:00,5000.0,5066.66650390625,4900.0,5033.33349609375,6714,0.0,0.0
2017-10-30 00:00:00+09:00,5766.66650390625,5766.66650390625,5040.0,5333.33349609375,8232,0.0,0.0
2017-10-31 00:00:00+09:00,6000.0,6000.0,5266.66650390625,5366.66650390625,2184,0.0,0.0
2017-11-01 00:00:00+09:00,5666.66650390625,5666.66650390625,5366.66650390625,5580.0,6437,0.0,0.0
2017-11-02 00:00:00+09:00,5733.33349609375,5933.33349609375,5653.33349609375,5653.33349609375,1542,0.0,0.0
2017-11-03 00:00:00+09:00,5666.66650390625,5733.33349609375,5560.0,5653.33349609375,8564,0.0,0.0
2017-11-06 00:00:00+09:00,5533.33349609375,5633.33349609375,5400.0,5400.0,8232,0.0,0.0
2017-11-07 00:00:00+09:00,5973.33349609375,5973.33349609375,5000.0,5266.66650390625,5481,0.0,0.0
2017-11-08 00:00:00+09:00,5580.0,5580.0,5260.0,5433.33349609375,3015,0.0,0.0
2017-11-09 00:00:00+09:00,5860.0,5860.0,5066.66650390625,5333.33349609375,1211,0.0,0.0
2017-11-10 00:00:00+09:00,5586.66650390625,5586.66650390625,4680.0,5066.66650390625,5040,0.0,0.0
2017-11-13 00:00:00+09:00,5533.33349609375,5533.33349609375,4986.66650390625,5066.66650390625,10521,0.0,0.0
2017-11-14 00:00:00+09:00,5826.66650390625,5826.66650390625,4706.66650390625,5180.0,870,0.0,0.0
2017-11-15 00:00:00+09:00,5800.0,5800.0,5000.0,5460.0,1826,0.0,0.0
2017-11-16 00:00:00+09:00,5173.33349609375,5466.66650390625,5173.33349609375,5426.66650390625,1527,0.0,0.0
2017-11-17 00:00:00+09:00,5793.33349609375,5793.33349609375,5273.33349609375,5460.0,426,0.0,0.0
2017-11-20 00:00:00+09:00,5666.66650390625,5666.66650390625,4646.66650390625,5520.0,3474,0.0,0.0
2017-11-21 00:00:00+09:00,5513.33349609375,5520.0,5073.33349609375,5380.0,11321,0.0,0.0
2017-11-22 00:00:00+09:00,5000.0,5600.0,4866.66650390625,5066.66650390625,12395,0.0,0.0
2017-11-23 00:00:00+09:00,5066.66650390625,5260.0,4373.33349609375,4866.66650390625,10457,0.0,0.0
2017-11-24 00:00:00+09:00,5586.66650390625,5586.66650390625,4740.0,4993.33349609375,3992,0.0,0.0
2017-11-27 00:00:00+09:00,4966.66650390625,5713.33349609375,4966.66650390625,5153.33349609375,5240,0.0,0.0
2017-11-28 00:00:00+09:00,5633.33349609375,5633.33349609375,5133.33349609375,5333.33349609375,5754,0.0,0.0
2017-11-29 00:00:00+09:00,5333.33349609375,5593.33349609375,5333.33349609375,5340.0,4457,0.0,0.0
2017-11-30 00:00:00+09:00,5393.33349609375,5400.0,5133.33349609375,5153.33349609375,3500,0.0,0.0
2017-12-01 00:00:00+09:00,5660.0,5660.0,5066.66650390625,5200.0,2144,0.0,0.0
2017-12-04 00:00:00+09:00,5660.0,5660.0,5086.66650390625,5133.33349609375,2430,0.0,0.0
2017-12-05 00:00:00+09:00,5466.66650390625,5466.66650390625,4973.33349609375,5180.0,4973,0.0,0.0
2017-12-06 00:00:00+09:00,5660.0,5660.0,5106.66650390625,5200.0,3158,0.0,0.0
2017-12-07 00:00:00+09:00,5633.33349609375,5633.33349609375,5193.33349609375,5260.0,9261,0.0,0.0
2017-12-08 00:00:00+09:00,5333.33349609375,5333.33349609375,5160.0,5200.0,5064,0.0,0.0
2017-12-11 00:00:00+09:00,5533.33349609375,5533.33349609375,5000.0,5133.33349609375,12821,0.0,0.0
2017-12-12 00:00:00+09:00,4966.66650390625,5333.33349609375,4966.66650390625,5133.33349609375,2459,0.0,0.0
2017-12-13 00:00:00+09:00,5313.33349609375,5313.33349609375,5000.0,5160.0,1559,0.0,0.0
2017-12-14 00:00:00+09:00,4826.66650390625,5320.0,4826.66650390625,5093.33349609375,2487,0.0,0.0
2017-12-15 00:00:00+09:00,5000.0,5466.66650390625,5000.0,5020.0,3845,0.0,0.0
2017-12-18 00:00:00+09:00,5593.33349609375,5593.33349609375,5066.66650390625,5133.33349609375,1997,0.0,0.0
2017-12-19 00:00:00+09:00,5306.66650390625,5333.33349609375,5200.0,5253.33349609375,16593,0.0,0.0
2017-12-21 00:00:00+09:00,5460.0,5466.66650390625,5073.33349609375,5200.0,19878,0.0,0.0
2017-12-22 00:00:00+09:00,5033.33349609375,5446.66650390625,5000.0,5053.33349609375,5781,0.0,0.0
2017-12-26 00:00:00+09:00,5320.0,5320.0,4973.33349609375,5066.66650390625,4056,0.0,0.0
2017-12-27 00:00:00+09:00,5066.66650390625,5413.33349609375,5066.66650390625,5160.0,6537,0.0,0.0
2017-12-28 00:00:00+09:00,5660.0,5913.33349609375,5340.0,5500.0,27627,0.0,0.0
2018-01-02 00:00:00+09:00,5653.33349609375,5653.33349609375,5500.0,5533.33349609375,25824,0.0,0.0
2018-01-03 00:00:00+09:00,5533.33349609375,5666.66650390625,5500.0,5666.66650390625,10388,0.0,0.0
2018-01-04 00:00:00+09:00,5600.0,6000.0,5600.0,6000.0,7887,0.0,0.0
2018-01-05 00:00:00+09:00,6133.33349609375,6166.66650390625,5880.0,6100.0,12348,0.0,0.0
2018-01-08 00:00:00+09:00,7000.0,7000.0,6020.0,6493.33349609375,11000,0.0,0.0
2018-01-09 00:00:00+09:00,6633.33349609375,6660.0,6400.0,6660.0,8064,0.0,0.0
2018-01-10 00:00:00+09:00,6733.33349609375,6733.33349609375,6486.66650390625,6666.66650390625,16902,0.0,0.0
2018-01-11 00:00:00+09:00,6660.0,6766.66650390625,6546.66650390625,6766.66650390625,5717,0.0,0.0
2018-01-12 00:00:00+09:00,6666.66650390625,6766.66650390625,6666.66650390625,6733.33349609375,18810,0.0,0.0
2018-01-15 00:00:00+09:00,6666.66650390625,6933.33349609375,6666.66650390625,6733.33349609375,17222,0.0,0.0
2018-01-16 00:00:00+09:00,6400.0,6400.0,5733.33349609375,5866.66650390625,109701,0.0,0.0
2018-01-17 00:00:00+09:00,5993.33349609375,6666.66650390625,5860.0,6166.66650390625,27981,0.0,0.0
2018-01-18 00:00:00+09:00,6260.0,6266.66650390625,5966.66650390625,6113.33349609375,12851,0.0,0.0
2018-01-19 00:00:00+09:00,5966.66650390625,6126.66650390625,5866.66650390625,6000.0,5435,0.0,0.0
2018-01-22 00:00:00+09:00,6266.66650390625,6426.66650390625,6046.66650390625,6200.0,8738,0.0,0.0
2018-01-23 00:00:00+09:00,6133.33349609375,6400.0,6066.66650390625,6313.33349609375,10686,0.0,0.0
2018-01-24 00:00:00+09:00,6313.33349609375,6466.66650390625,6040.0,6340.0,14388,0.0,0.0
2018-01-25 00:00:00+09:00,6533.33349609375,6533.33349609375,6200.0,6393.33349609375,41282,0.0,0.0
2018-01-26 00:00:00+09:00,6400.0,6520.0,6333.33349609375,6433.33349609375,5489,0.0,0.0
2018-01-29 00:00:00+09:00,6653.33349609375,6653.33349609375,6333.33349609375,6560.0,17790,0.0,0.0
2018-01-30 00:00:00+09:00,6600.0,7133.33349609375,6333.33349609375,6966.66650390625,31241,0.0,0.0
2018-01-31 00:00:00+09:00,6966.66650390625,7333.33349609375,6933.33349609375,7133.33349609375,17660,0.0,0.0
2018-02-01 00:00:00+09:00,7633.33349609375,7633.33349609375,6900.0,7266.66650390625,11748,0.0,0.0
2018-02-02 00:00:00+09:00,7266.66650390625,7466.66650390625,7133.33349609375,7400.0,14625,0.0,0.0
2018-02-05 00:00:00+09:00,7533.33349609375,7566.66650390625,7266.66650390625,7500.0,13623,0.0,0.0
2018-02-06 00:00:00+09:00,7333.33349609375,7333.33349609375,6400.0,7066.66650390625,31650,0.0,0.0
2018-02-07 00:00:00+09:00,7100.0,7533.33349609375,7066.66650390625,7200.0,25826,0.0,0.0
2018-02-08 00:00:00+09:00,7200.0,7400.0,7200.0,7300.0,27423,0.0,0.0
2018-02-09 00:00:00+09:00,7266.66650390625,7266.66650390625,6266.66650390625,7266.66650390625,10724,0.0,0.0
2018-02-12 00:00:00+09:00,7200.0,7566.66650390625,7200.0,7266.66650390625,18446,0.0,0.0
2018-02-13 00:00:00+09:00,7566.66650390625,8300.0,7333.33349609375,8133.33349609375,46133,0.0,0.0
2018-02-14 00:00:00+09:00,8333.3330078125,9333.3330078125,8333.3330078125,9333.3330078125,117719,0.0,0.0
2018-02-19 00:00:00+09:00,9466.6669921875,10266.6669921875,9333.3330078125,9400.0,41753,0.0,0.0
2018-02-20 00:00:00+09:00,9866.6669921875,9866.6669921875,8733.3330078125,9000.0,59602,0.0,0.0
2018-02-21 00:00:00+09:00,8666.6669921875,9300.0,7933.33349609375,8933.3330078125,65986,0.0,0.0
2018-02-22 00:00:00+09:00,10266.6669921875,12333.3330078125,8733.3330078125,8733.3330078125,8679866,0.0,0.0
2018-02-23 00:00:00+09:00,8733.3330078125,8800.0,7700.0,7900.0,1978978,0.0,0.0
2018-02-26 00:00:00+09:00,7800.0,8333.3330078125,7566.66650390625,7666.66650390625,1272317,0.0,0.0
2018-02-27 00:00:00+09:00,7800.0,8300.0,7633.33349609375,7900.0,1610108,0.0,0.0
2018-02-28 00:00:00+09:00,7800.0,7800.0,7233.33349609375,7300.0,1029339,0.0,0.0
2018-03-02 00:00:00+09:00,7133.33349609375,7133.33349609375,6666.66650390625,6766.66650390625,760942,0.0,0.0
2018-03-05 00:00:00+09:00,6733.33349609375,6833.33349609375,6253.33349609375,6273.33349609375,569413,0.0,0.0
2018-03-06 00:00:00+09:00,6220.0,6466.66650390625,5893.33349609375,6353.33349609375,894872,0.0,0.0
2018-03-07 00:00:00+09:00,6406.66650390625,6900.0,6133.33349609375,6200.0,1162486,0.0,0.0
2018-03-08 00:00:00+09:00,6200.0,6253.33349609375,6000.0,6033.33349609375,369859,0.0,0.0
2018-03-09 00:00:00+09:00,6066.66650390625,6126.66650390625,5800.0,5966.66650390625,565850,0.0,0.0
2018-03-12 00:00:00+09:00,6020.0,6046.66650390625,5913.33349609375,5960.0,224481,0.0,0.0
2018-03-13 00:00:00+09:00,6033.33349609375,6300.0,5953.33349609375,6126.66650390625,416081,0.0,0.0
2018-03-14 00:00:00+09:00,6140.0,6200.0,5986.66650390625,6033.33349609375,194425,0.0,0.0
2018-03-15 00:00:00+09:00,6106.66650390625,6113.33349609375,5933.33349609375,6113.33349609375,196720,0.0,0.0
2018-03-16 00:00:00+09:00,6173.33349609375,6573.33349609375,6133.33349609375,6300.0,1050559,0.0,0.0
2018-03-19 00:00:00+09:00,6446.66650390625,6653.33349609375,6333.33349609375,6446.66650390625,468683,0.0,0.0
2018-03-20 00:00:00+09:00,6340.0,6486.66650390625,6300.0,6420.0,178111,0.0,0.0
2018-03-21 00:00:00+09:00,6400.0,6460.0,6020.0,6066.66650390625,474083,0.0,0.0
2018-03-22 00:00:00+09:00,6046.66650390625,6053.33349609375,5733.33349609375,5746.66650390625,441930,0.0,0.0
2018-03-23 00:00:00+09:00,5680.0,5680.0,5300.0,5346.66650390625,383536,0.0,0.0
2018-03-26 00:00:00+09:00,5253.33349609375,5486.66650390625,5200.0,5433.33349609375,151948,0.0,0.0
2018-03-27 00:00:00+09:00,5520.0,6020.0,5453.33349609375,5893.33349609375,373651,0.0,0.0
2018-03-28 00:00:00+09:00,5800.0,5840.0,5586.66650390625,5593.33349609375,189328,0.0,0.0
2018-03-29 00:00:00+09:00,5580.0,5660.0,5426.66650390625,5480.0,112176,0.0,0.0
2018-03-30 00:00:00+09:00,5593.33349609375,5593.33349609375,5440.0,5486.66650390625,117188,0.0,0.0
2018-04-02 00:00:00+09:00,5486.66650390625,5773.33349609375,5333.33349609375,5666.66650390625,227387,0.0,0.0
2018-04-03 00:00:00+09:00,5540.0,5586.66650390625,5466.66650390625,5513.33349609375,146619,0.0,0.0
2018-04-04 00:00:00+09:00,5520.0,5566.66650390625,5360.0,5366.66650390625,141306,0.0,0.0
2018-04-05 00:00:00+09:00,5373.33349609375,5373.33349609375,5240.0,5286.66650390625,224216,0.0,0.0
2018-04-06 00:00:00+09:00,5313.33349609375,5406.66650390625,5266.66650390625,5333.33349609375,95398,0.0,0.0
2018-04-09 00:00:00+09:00,5260.0,5313.33349609375,5200.0,5253.33349609375,88351,0.0,0.0
2018-04-10 00:00:00+09:00,5220.0,5226.66650390625,5040.0,5186.66650390625,119399,0.0,0.0
2018-04-11 00:00:00+09:00,5160.0,5466.66650390625,5160.0,5300.0,221586,0.0,0.0
2018-04-12 00:00:00+09:00,5360.0,5440.0,5266.66650390625,5273.33349609375,291934,0.0,0.0
2018-04-13 00:00:00+09:00,5300.0,5380.0,5240.0,5306.66650390625,153457,0.0,0.0
2018-04-16 00:00:00+09:00,5333.33349609375,5640.0,5273.33349609375,5553.33349609375,322881,0.0,0.0
2018-04-17 00:00:00+09:00,5646.66650390625,5733.33349609375,5513.33349609375,5653.33349609375,215493,0.0,0.0
2018-04-18 00:00:00+09:00,5713.33349609375,5773.33349609375,5613.33349609375,5700.0,245832,0.0,0.0
2018-04-19 00:00:00+09:00,5766.66650390625,5766.66650390625,5526.66650390625,5660.0,174179,0.0,0.0
2018-04-20 00:00:00+09:00,5673.33349609375,5673.33349609375,5266.66650390625,5433.33349609375,138021,0.0,0.0
2018-04-23 00:00:00+09:00,5426.66650390625,5513.33349609375,5213.33349609375,5220.0,106721,0.0,0.0
2018-04-24 00:00:00+09:00,5173.33349609375,5280.0,5166.66650390625,5186.66650390625,77360,0.0,0.0
2018-04-25 00:00:00+09:00,5220.0,5300.0,5113.33349609375,5133.33349609375,122804,0.0,0.0
2018-04-26 00:00:00+09:00,5133.33349609375,5253.33349609375,5086.66650390625,5133.33349609375,97774,0.0,0.0
2018-04-27 00:00:00+09:00,5200.0,5226.66650390625,5086.66650390625,5126.66650390625,47142,0.0,0.0
2018-04-30 00:00:00+09:00,5193.33349609375,5193.33349609375,4933.33349609375,4980.0,153650,0.0,0.0
2018-05-02 00:00:00+09:00,4886.66650390625,4986.66650390625,4746.66650390625,4813.33349609375,166753,0.0,0.0
2018-05-03 00:00:00+09:00,4766.66650390625,4866.66650390625,4740.0,4860.0,78125,0.0,0.0
2018-05-04 00:00:00+09:00,4860.0,4860.0,4600.0,4633.33349609375,177665,0.0,0.0
2018-05-08 00:00:00+09:00,4560.0,4633.33349609375,4533.33349609375,4540.0,71339,0.0,0.0
2018-05-09 00:00:00+09:00,4540.0,4540.0,4366.66650390625,4500.0,182212,0.0,0.0
2018-05-10 00:00:00+09:00,4426.66650390625,4526.66650390625,4360.0,4500.0,126320,0.0,0.0
2018-05-11 00:00:00+09:00,4466.66650390625,4566.66650390625,4426.66650390625,4480.0,73849,0.0,0.0
2018-05-14 00:00:00+09:00,4533.33349609375,4553.33349609375,4393.33349609375,4440.0,101562,0.0,0.0
2018-05-15 00:00:00+09:00,4453.33349609375,4460.0,4406.66650390625,4406.66650390625,47294,0.0,0.0
2018-05-16 00:00:00+09:00,4326.66650390625,4326.66650390625,4013.333251953125,4060.0,170659,0.0,0.0
2018-05-17 00:00:00+09:00,4193.33349609375,4193.33349609375,4060.0,4133.33349609375,61024,0.0,0.0
2018-05-18 00:00:00+09:00,4160.0,4160.0,4086.666748046875,4133.33349609375,46592,0.0,0.0
2018-05-21 00:00:00+09:00,4233.33349609375,4233.33349609375,4106.66650390625,4140.0,89758,0.0,0.0
2018-05-23 00:00:00+09:00,4166.66650390625,4260.0,4093.333251953125,4173.33349609375,77261,0.0,0.0
2018-05-24 00:00:00+09:00,4200.0,4226.66650390625,4126.66650390625,4173.33349609375,60746,0.0,0.0
2018-05-25 00:00:00+09:00,4080.0,4180.0,4073.333251953125,4106.66650390625,56914,0.0,0.0
2018-05-28 00:00:00+09:00,4080.0,4220.0,4026.666748046875,4106.66650390625,42390,0.0,0.0
2018-05-29 00:00:00+09:00,4073.333251953125,4386.66650390625,4073.333251953125,4220.0,116954,0.0,0.0
2018-05-30 00:00:00+09:00,4266.66650390625,4266.66650390625,4066.666748046875,4120.0,93805,0.0,0.0
2018-05-31 00:00:00+09:00,4113.33349609375,4160.0,4033.333251953125,4060.0,60937,0.0,0.0
2018-06-01 00:00:00+09:00,4060.0,4120.0,4033.333251953125,4033.333251953125,39588,0.0,0.0
2018-06-04 00:00:00+09:00,4000.0,4066.666748046875,3986.666748046875,4020.0,52574,0.0,0.0
2018-06-05 00:00:00+09:00,4006.666748046875,4133.33349609375,4000.0,4133.33349609375,57109,0.0,0.0
2018-06-07 00:00:00+09:00,4146.66650390625,4160.0,4080.0,4153.33349609375,32063,0.0,0.0
2018-06-08 00:00:00+09:00,4193.33349609375,5046.66650390625,4126.66650390625,4460.0,1570088,0.0,0.0
2018-06-11 00:00:00+09:00,4460.0,4480.0,4253.33349609375,4366.66650390625,222039,0.0,0.0
2018-06-12 00:00:00+09:00,4366.66650390625,4366.66650390625,4193.33349609375,4280.0,141390,0.0,0.0
2018-06-14 00:00:00+09:00,4206.66650390625,4366.66650390625,4173.33349609375,4300.0,111636,0.0,0.0
2018-06-15 00:00:00+09:00,4340.0,4766.66650390625,4340.0,4666.66650390625,717641,0.0,0.0
2018-06-18 00:00:00+09:00,4600.0,4766.66650390625,4500.0,4700.0,240875,0.0,0.0
2018-06-19 00:00:00+09:00,4713.33349609375,4720.0,4233.33349609375,4233.33349609375,252070,0.0,0.0
2018-06-20 00:00:00+09:00,4153.33349609375,4520.0,4153.33349609375,4453.33349609375,111450,0.0,0.0
2018-06-21 00:00:00+09:00,4453.33349609375,4546.66650390625,4300.0,4300.0,84691,0.0,0.0
2018-06-22 00:00:00+09:00,4266.66650390625,4300.0,4120.0,4220.0,87992,0.0,0.0
2018-06-25 00:00:00+09:00,4220.0,4426.66650390625,4173.33349609375,4320.0,40346,0.0,0.0
2018-06-26 00:00:00+09:00,4300.0,4466.66650390625,4200.0,4466.66650390625,56632,0.0,0.0
2018-06-27 00:00:00+09:00,4513.33349609375,4646.66650390625,4400.0,4546.66650390625,144462,0.0,0.0
2018-06-28 00:00:00+09:00,4500.0,4853.33349609375,4500.0,4586.66650390625,295993,0.0,0.0
2018-06-29 00:00:00+09:00,4693.33349609375,4813.33349609375,4540.0,4620.0,202113,0.0,0.0
2018-07-02 00:00:00+09:00,4600.0,4760.0,4513.33349609375,4513.33349609375,132566,0.0,0.0
2018-07-03 00:00:00+09:00,4473.33349609375,4566.66650390625,4306.66650390625,4333.33349609375,118920,0.0,0.0
2018-07-04 00:00:00+09:00,4333.33349609375,4433.33349609375,4246.66650390625,4353.33349609375,87869,0.0,0.0
2018-07-05 00:00:00+09:00,4340.0,4466.66650390625,4286.66650390625,4360.0,66965,0.0,0.0
2018-07-06 00:00:00+09:00,4366.66650390625,4440.0,4320.0,4366.66650390625,50198,0.0,0.0
2018-07-09 00:00:00+09:00,4366.66650390625,4486.66650390625,4220.0,4266.66650390625,66566,0.0,0.0
2018-07-10 00:00:00+09:00,4333.33349609375,4333.33349609375,4173.33349609375,4233.33349609375,54832,0.0,0.0
2018-07-11 00:00:00+09:00,4226.66650390625,4233.33349609375,4040.0,4186.66650390625,47528,0.0,0.0
2018-07-12 00:00:00+09:00,4173.33349609375,4246.66650390625,4133.33349609375,4193.33349609375,21402,0.0,0.0
2018-07-13 00:00:00+09:00,4260.0,4293.33349609375,4200.0,4233.33349609375,19683,0.0,0.0
2018-07-16 00:00:00+09:00,4226.66650390625,4246.66650390625,4140.0,4200.0,18678,0.0,0.0
2018-07-17 00:00:00+09:00,4180.0,4220.0,4140.0,4180.0,27704,0.0,0.0
2018-07-18 00:00:00+09:00,4233.33349609375,4233.33349609375,4060.0,4066.666748046875,51593,0.0,0.0
2018-07-19 00:00:00+09:00,4033.333251953125,4133.33349609375,4000.0,4060.0,31977,0.0,0.0
2018-07-20 00:00:00+09:00,4153.33349609375,4153.33349609375,3966.666748046875,3966.666748046875,34440,0.0,0.0
2018-07-23 00:00:00+09:00,3780.0,3873.333251953125,3613.333251953125,3626.666748046875,144956,0.0,0.0
2018-07-24 00:00:00+09:00,3593.333251953125,3786.666748046875,3473.333251953125,3680.0,56032,0.0,0.0
2018-07-25 00:00:00+09:00,3786.666748046875,3786.666748046875,3526.666748046875,3533.333251953125,31701,0.0,0.0
2018-07-26 00:00:00+09:00,3533.333251953125,3606.666748046875,3520.0,3560.0,14394,0.0,0.0
2018-07-27 00:00:00+09:00,3506.666748046875,3693.333251953125,3506.666748046875,3640.0,30647,0.0,0.0
2018-07-30 00:00:00+09:00,3620.0,3706.666748046875,3620.0,3646.666748046875,11180,0.0,0.0
2018-07-31 00:00:00+09:00,3613.333251953125,3760.0,3613.333251953125,3680.0,19514,0.0,0.0
2018-08-01 00:00:00+09:00,3766.666748046875,3793.333251953125,3680.0,3793.333251953125,15930,0.0,0.0
2018-08-02 00:00:00+09:00,3813.333251953125,3846.666748046875,3740.0,3813.333251953125,30350,0.0,0.0
2018-08-03 00:00:00+09:00,3813.333251953125,3900.0,3813.333251953125,3840.0,14996,0.0,0.0
2018-08-06 00:00:00+09:00,3866.666748046875,3980.0,3826.666748046875,3860.0,15440,0.0,0.0
2018-08-07 00:00:00+09:00,3973.333251953125,3973.333251953125,3813.333251953125,3926.666748046875,11871,0.0,0.0
2018-08-08 00:00:00+09:00,3980.0,3980.0,3826.666748046875,3880.0,19646,0.0,0.0
2018-08-09 00:00:00+09:00,3946.666748046875,3946.666748046875,3693.333251953125,3840.0,30222,0.0,0.0
2018-08-10 00:00:00+09:00,3846.666748046875,3886.666748046875,3720.0,3773.333251953125,15657,0.0,0.0
2018-08-13 00:00:00+09:00,3733.333251953125,3733.333251953125,3580.0,3633.333251953125,33197,0.0,0.0
2018-08-14 00:00:00+09:00,3633.333251953125,3726.666748046875,3473.333251953125,3533.333251953125,9503,0.0,0.0
2018-08-16 00:00:00+09:00,3600.0,3600.0,3466.666748046875,3540.0,17298,0.0,0.0
2018-08-17 00:00:00+09:00,3540.0,3586.666748046875,3480.0,3546.666748046875,22886,0.0,0.0
2018-08-20 00:00:00+09:00,3546.666748046875,3633.333251953125,3520.0,3633.333251953125,12552,0.0,0.0
2018-08-21 00:00:00+09:00,3720.0,3800.0,3613.333251953125,3793.333251953125,22925,0.0,0.0
2018-08-22 00:00:00+09:00,3846.666748046875,3913.333251953125,3793.333251953125,3833.333251953125,20654,0.0,0.0
2018-08-23 00:00:00+09:00,3840.0,3893.333251953125,3800.0,3840.0,11694,0.0,0.0
2018-08-24 00:00:00+09:00,3873.333251953125,3873.333251953125,3753.333251953125,3806.666748046875,9948,0.0,0.0
2018-08-27 00:00:00+09:00,3800.0,3800.0,3746.666748046875,3780.0,7896,0.0,0.0
2018-08-28 00:00:00+09:00,3780.0,3793.333251953125,3653.333251953125,3653.333251953125,31856,0.0,0.0
2018-08-29 00:00:00+09:00,3653.333251953125,3800.0,3653.333251953125,3706.666748046875,16236,0.0,0.0
2018-08-30 00:00:00+09:00,3693.333251953125,3726.666748046875,3633.333251953125,3680.0,19335,0.0,0.0
2018-08-31 00:00:00+09:00,3653.333251953125,3693.333251953125,3586.666748046875,3653.333251953125,40140,0.0,0.0
2018-09-03 00:00:00+09:00,3633.333251953125,3740.0,3626.666748046875,3633.333251953125,28604,0.0,0.0
2018-09-04 00:00:00+09:00,3633.333251953125,3666.666748046875,3593.333251953125,3646.666748046875,15975,0.0,0.0
2018-09-05 00:00:00+09:00,3613.333251953125,3660.0,3566.666748046875,3600.0,29511,0.0,0.0
2018-09-06 00:00:00+09:00,3586.666748046875,3606.666748046875,3526.666748046875,3553.333251953125,45741,0.0,0.0
2018-09-07 00:00:00+09:00,3553.333251953125,4033.333251953125,3500.0,3746.666748046875,130730,0.0,0.0
2018-09-10 00:00:00+09:00,3746.666748046875,3920.0,3746.666748046875,3840.0,48080,0.0,0.0
2018-09-11 00:00:00+09:00,3800.0,3926.666748046875,3800.0,3880.0,50881,0.0,0.0
2018-09-12 00:00:00+09:00,3926.666748046875,3960.0,3833.333251953125,3880.0,38493,0.0,0.0
2018-09-13 00:00:00+09:00,3820.0,3953.333251953125,3820.0,3880.0,17690,0.0,0.0
2018-09-14 00:00:00+09:00,3940.0,4733.33349609375,3813.333251953125,4306.66650390625,881807,0.0,0.0
2018-09-17 00:00:00+09:00,4360.0,4766.66650390625,4166.66650390625,4566.66650390625,565756,0.0,0.0
2018-09-18 00:00:00+09:00,4653.33349609375,4866.66650390625,4500.0,4620.0,282545,0.0,0.0
2018-09-19 00:00:00+09:00,4646.66650390625,4660.0,4360.0,4433.33349609375,193709,0.0,0.0
2018-09-20 00:00:00+09:00,4400.0,4860.0,4400.0,4613.33349609375,435680,0.0,0.0
2018-09-21 00:00:00+09:00,4533.33349609375,4680.0,4486.66650390625,4586.66650390625,75052,0.0,0.0
2018-09-27 00:00:00+09:00,4586.66650390625,4680.0,4533.33349609375,4640.0,57908,0.0,0.0
2018-09-28 00:00:00+09:00,4666.66650390625,4686.66650390625,4560.0,4640.0,70544,0.0,0.0
2018-10-01 00:00:00+09:00,4693.33349609375,4693.33349609375,4540.0,4646.66650390625,59896,0.0,0.0
2018-10-02 00:00:00+09:00,4693.33349609375,4966.66650390625,4653.33349609375,4780.0,502143,0.0,0.0
2018-10-04 00:00:00+09:00,4780.0,4873.33349609375,4453.33349609375,4586.66650390625,202355,0.0,0.0
2018-10-05 00:00:00+09:00,4906.66650390625,5000.0,4420.0,4460.0,409436,0.0,0.0
2018-10-08 00:00:00+09:00,4586.66650390625,4586.66650390625,4220.0,4246.66650390625,92443,0.0,0.0
2018-10-10 00:00:00+09:00,4153.33349609375,4460.0,4026.666748046875,4233.33349609375,134511,0.0,0.0
2018-10-11 00:00:00+09:00,4313.33349609375,5000.0,4313.33349609375,4806.66650390625,2902710,0.0,0.0
2018-10-12 00:00:00+09:00,4886.66650390625,4886.66650390625,4546.66650390625,4546.66650390625,653321,0.0,0.0
2018-10-15 00:00:00+09:00,4540.0,4540.0,4100.0,4180.0,355688,0.0,0.0
2018-10-16 00:00:00+09:00,4180.0,4266.66650390625,4120.0,4266.66650390625,145650,0.0,0.0
2018-10-17 00:00:00+09:00,4266.66650390625,4360.0,4006.666748046875,4060.0,171256,0.0,0.0
2018-10-18 00:00:00+09:00,4193.33349609375,4193.33349609375,3960.0,4046.666748046875,100325,0.0,0.0
2018-10-19 00:00:00+09:00,3953.333251953125,4013.333251953125,3820.0,3860.0,139523,0.0,0.0
2018-10-22 00:00:00+09:00,3920.0,3966.666748046875,3793.333251953125,3833.333251953125,47642,0.0,0.0
2018-10-23 00:00:00+09:00,3866.666748046875,3866.666748046875,3573.333251953125,3653.333251953125,137897,0.0,0.0
2018-10-24 00:00:00+09:00,3660.0,3726.666748046875,3433.333251953125,3460.0,104876,0.0,0.0
2018-10-25 00:00:00+09:00,3440.0,3440.0,3216.666748046875,3280.0,121124,0.0,0.0
2018-10-26 00:00:00+09:00,3286.666748046875,3426.666748046875,3070.0,3143.333251953125,66425,0.0,0.0
2018-10-29 00:00:00+09:00,3100.0,3260.0,2673.333251953125,2706.666748046875,104126,0.0,0.0
2018-10-30 00:00:00+09:00,2666.666748046875,2896.666748046875,2636.666748046875,2833.333251953125,99308,0.0,0.0
2018-10-31 00:00:00+09:00,2833.333251953125,2946.666748046875,2833.333251953125,2923.333251953125,22172,0.0,0.0
2018-11-01 00:00:00+09:00,3000.0,3166.666748046875,2923.333251953125,3153.333251953125,65894,0.0,0.0
2018-11-02 00:00:00+09:00,3153.333251953125,3400.0,3100.0,3353.333251953125,57043,0.0,0.0
2018-11-05 00:00:00+09:00,3353.333251953125,3500.0,3136.666748046875,3453.333251953125,37355,0.0,0.0
2018-11-06 00:00:00+09:00,3340.0,3486.666748046875,3323.333251953125,3453.333251953125,35198,0.0,0.0
2018-11-07 00:00:00+09:00,3493.333251953125,3513.333251953125,3266.666748046875,3340.0,64438,0.0,0.0
2018-11-08 00:00:00+09:00,3566.666748046875,3873.333251953125,3426.666748046875,3433.333251953125,118269,0.0,0.0
2018-11-09 00:00:00+09:00,3566.666748046875,3566.666748046875,3346.666748046875,3520.0,30839,0.0,0.0
2018-11-12 00:00:00+09:00,3593.333251953125,3593.333251953125,3273.333251953125,3283.333251953125,51523,0.0,0.0
2018-11-13 00:00:00+09:00,3116.666748046875,3280.0,3116.666748046875,3180.0,36269,0.0,0.0
2018-11-14 00:00:00+09:00,3326.666748046875,3326.666748046875,3146.666748046875,3146.666748046875,24608,0.0,0.0
2018-11-15 00:00:00+09:00,3093.333251953125,3193.333251953125,3060.0,3193.333251953125,44190,0.0,0.0
2018-11-16 00:00:00+09:00,3200.0,3300.0,3066.666748046875,3090.0,79099,0.0,0.0
2018-11-19 00:00:00+09:00,3106.666748046875,3373.333251953125,3103.333251953125,3220.0,85402,0.0,0.0
2018-11-20 00:00:00+09:00,3170.0,3330.0,3046.666748046875,3080.0,159595,0.0,0.0
2018-11-21 00:00:00+09:00,3166.666748046875,3166.666748046875,2930.0,2993.333251953125,78568,0.0,0.0
2018-11-22 00:00:00+09:00,2993.333251953125,3060.0,2963.333251953125,2996.666748046875,20471,0.0,0.0
2018-11-23 00:00:00+09:00,2996.666748046875,3056.666748046875,2933.333251953125,2950.0,26567,0.0,0.0
2018-11-26 00:00:00+09:00,2903.333251953125,3013.333251953125,2900.0,2953.333251953125,16124,0.0,0.0
2018-11-27 00:00:00+09:00,3086.666748046875,3190.0,2953.333251953125,3026.666748046875,43734,0.0,0.0
2018-11-28 00:00:00+09:00,3026.666748046875,3466.666748046875,3026.666748046875,3093.333251953125,254425,0.0,0.0
2018-11-29 00:00:00+09:00,3106.666748046875,3143.333251953125,3023.333251953125,3040.0,41717,0.0,0.0
2018-11-30 00:00:00+09:00,3126.666748046875,3126.666748046875,3000.0,3000.0,19356,0.0,0.0
2018-12-03 00:00:00+09:00,3100.0,3100.0,2970.0,3016.666748046875,38841,0.0,0.0
2018-12-04 00:00:00+09:00,3020.0,3020.0,2943.333251953125,2950.0,34428,0.0,0.0
2018-12-05 00:00:00+09:00,2933.333251953125,3000.0,2906.666748046875,2990.0,45713,0.0,0.0
2018-12-06 00:00:00+09:00,3013.333251953125,3013.333251953125,2916.666748046875,2953.333251953125,31146,0.0,0.0
2018-12-07 00:00:00+09:00,2943.333251953125,2986.666748046875,2893.333251953125,2926.666748046875,21830,0.0,0.0
2018-12-10 00:00:00+09:00,2966.666748046875,2966.666748046875,2820.0,2863.333251953125,15279,0.0,0.0
2018-12-11 00:00:00+09:00,2826.666748046875,2846.666748046875,2733.333251953125,2733.333251953125,22008,0.0,0.0
2018-12-12 00:00:00+09:00,2733.333251953125,2800.0,2733.333251953125,2796.666748046875,9899,0.0,0.0
2018-12-13 00:00:00+09:00,2800.0,2920.0,2793.333251953125,2863.333251953125,16643,0.0,0.0
2018-12-14 00:00:00+09:00,2863.333251953125,2956.666748046875,2733.333251953125,2750.0,21557,0.0,0.0
2018-12-17 00:00:00+09:00,2750.0,2840.0,2720.0,2793.333251953125,10164,0.0,0.0
2018-12-18 00:00:00+09:00,2806.666748046875,2806.666748046875,2736.666748046875,2766.666748046875,7196,0.0,0.0
2018-12-19 00:00:00+09:00,2766.666748046875,2803.333251953125,2733.333251953125,2760.0,21896,0.0,0.0
2018-12-20 00:00:00+09:00,2750.0,2796.666748046875,2700.0,2716.666748046875,34572,0.0,0.0
2018-12-21 00:00:00+09:00,2716.666748046875,2986.666748046875,2703.333251953125,2846.666748046875,44421,0.0,0.0
2018-12-24 00:00:00+09:00,2873.333251953125,2873.333251953125,2780.0,2780.0,9033,0.0,0.0
2018-12-26 00:00:00+09:00,2680.0,2763.333251953125,2656.666748046875,2676.666748046875,29075,0.0,0.0
2018-12-27 00:00:00+09:00,2700.0,2820.0,2683.333251953125,2690.0,12392,0.0,0.0
2018-12-28 00:00:00+09:00,2683.333251953125,2833.333251953125,2683.333251953125,2713.333251953125,23750,0.0,0.0
2019-01-02 00:00:00+09:00,2826.666748046875,2826.666748046875,2713.333251953125,2720.0,22257,0.0,0.0
2019-01-03 00:00:00+09:00,2720.0,2810.0,2680.0,2730.0,20967,0.0,0.0
2019-01-04 00:00:00+09:00,2683.333251953125,2793.333251953125,2680.0,2743.333251953125,4629,0.0,0.0
2019-01-07 00:00:00+09:00,2813.333251953125,2866.666748046875,2743.333251953125,2836.666748046875,49784,0.0,0.0
2019-01-08 00:00:00+09:00,2813.333251953125,2863.333251953125,2800.0,2860.0,21105,0.0,0.0
2019-01-09 00:00:00+09:00,2840.0,2863.333251953125,2773.333251953125,2863.333251953125,14717,0.0,0.0
2019-01-10 00:00:00+09:00,2866.666748046875,2866.666748046875,2760.0,2820.0,11517,0.0,0.0
2019-01-11 00:00:00+09:00,2820.0,2863.333251953125,2776.666748046875,2853.333251953125,19622,0.0,0.0
2019-01-14 00:00:00+09:00,2853.333251953125,2906.666748046875,2783.333251953125,2856.666748046875,19254,0.0,0.0
2019-01-15 00:00:00+09:00,2813.333251953125,2896.666748046875,2813.333251953125,2820.0,20492,0.0,0.0
2019-01-16 00:00:00+09:00,2843.333251953125,2866.666748046875,2803.333251953125,2850.0,32562,0.0,0.0
2019-01-17 00:00:00+09:00,2853.333251953125,3213.333251953125,2850.0,2943.333251953125,296095,0.0,0.0
2019-01-18 00:00:00+09:00,2943.333251953125,2966.666748046875,2900.0,2966.666748046875,38439,0.0,0.0
2019-01-21 00:00:00+09:00,2936.666748046875,3066.666748046875,2920.0,3066.666748046875,64870,0.0,0.0
2019-01-22 00:00:00+09:00,3140.0,3453.333251953125,3140.0,3216.666748046875,595753,0.0,0.0
2019-01-23 00:00:00+09:00,3213.333251953125,3236.666748046875,3113.333251953125,3163.333251953125,56362,0.0,0.0
2019-01-24 00:00:00+09:00,3133.333251953125,3193.333251953125,3080.0,3100.0,37188,0.0,0.0
2019-01-25 00:00:00+09:00,3206.666748046875,3206.666748046875,3103.333251953125,3120.0,29412,0.0,0.0
2019-01-28 00:00:00+09:00,3120.0,3180.0,3080.0,3133.333251953125,22010,0.0,0.0
2019-01-29 00:00:00+09:00,3130.0,3133.333251953125,3050.0,3096.666748046875,35448,0.0,0.0
2019-01-30 00:00:00+09:00,3130.0,3130.0,3036.666748046875,3050.0,15662,0.0,0.0
2019-01-31 00:00:00+09:00,3116.666748046875,3116.666748046875,2996.666748046875,3003.333251953125,43439,0.0,0.0
2019-02-01 00:00:00+09:00,3066.666748046875,3066.666748046875,3000.0,3026.666748046875,22469,0.0,0.0
2019-02-07 00:00:00+09:00,3066.666748046875,3066.666748046875,2980.0,3020.0,19955,0.0,0.0
2019-02-08 00:00:00+09:00,3046.666748046875,3046.666748046875,2986.666748046875,3000.0,29817,0.0,0.0
2019-02-11 00:00:00+09:00,3000.0,3053.333251953125,3000.0,3053.333251953125,15060,0.0,0.0
2019-02-12 00:00:00+09:00,3066.666748046875,3066.666748046875,2970.0,3043.333251953125,12234,0.0,0.0
2019-02-13 00:00:00+09:00,3043.333251953125,3043.333251953125,2980.0,3026.666748046875,41481,0.0,0.0
2019-02-14 00:00:00+09:00,3066.666748046875,3113.333251953125,2940.0,3000.0,30767,0.0,0.0
2019-02-15 00:00:00+09:00,3000.0,3000.0,2940.0,2953.333251953125,22935,0.0,0.0
2019-02-18 00:00:00+09:00,2953.333251953125,2986.666748046875,2920.0,2973.333251953125,29391,0.0,0.0
2019-02-19 00:00:00+09:00,2946.666748046875,2996.666748046875,2936.666748046875,2990.0,27998,0.0,0.0
2019-02-20 00:00:00+09:00,2993.333251953125,3000.0,2933.333251953125,2956.666748046875,19892,0.0,0.0
2019-02-21 00:00:00+09:00,2940.0,3000.0,2936.666748046875,2970.0,16250,0.0,0.0
2019-02-22 00:00:00+09:00,2966.666748046875,3333.333251953125,2966.666748046875,3120.0,635438,0.0,0.0
2019-02-25 00:00:00+09:00,3190.0,3220.0,3090.0,3090.0,84026,0.0,0.0
2019-02-26 00:00:00+09:00,3093.333251953125,3170.0,3093.333251953125,3103.333251953125,63320,0.0,0.0
2019-02-27 00:00:00+09:00,3213.333251953125,3213.333251953125,3033.333251953125,3110.0,72197,0.0,0.0
2019-02-28 00:00:00+09:00,3076.666748046875,3130.0,2940.0,2986.666748046875,58348,0.0,0.0
2019-03-04 00:00:00+09:00,2983.333251953125,3080.0,2983.333251953125,3013.333251953125,44588,0.0,0.0
2019-03-05 00:00:00+09:00,3030.0,3130.0,3016.666748046875,3120.0,46352,0.0,0.0
2019-03-06 00:00:00+09:00,3156.666748046875,3156.666748046875,3063.333251953125,3116.666748046875,33845,0.0,0.0
2019-03-07 00:00:00+09:00,3113.333251953125,3116.666748046875,3043.333251953125,3056.666748046875,43811,0.0,0.0
2019-03-08 00:00:00+09:00,3070.0,3070.0,2980.0,3000.0,50941,0.0,0.0
2019-03-11 00:00:00+09:00,3003.333251953125,3166.666748046875,3003.333251953125,3120.0,67900,0.0,0.0
2019-03-12 00:00:00+09:00,3140.0,3233.333251953125,3053.333251953125,3173.333251953125,110148,0.0,0.0
2019-03-13 00:00:00+09:00,3173.333251953125,3280.0,3173.333251953125,3260.0,96749,0.0,0.0
2019-03-14 00:00:00+09:00,3313.333251953125,3313.333251953125,3176.666748046875,3273.333251953125,58993,0.0,0.0
2019-03-15 00:00:00+09:00,3270.0,3273.333251953125,3133.333251953125,3186.666748046875,54469,0.0,0.0
2019-03-18 00:00:00+09:00,3186.666748046875,3300.0,3186.666748046875,3240.0,83729,0.0,0.0
2019-03-19 00:00:00+09:00,3240.0,3323.333251953125,3206.666748046875,3206.666748046875,60703,0.0,0.0
2019-03-20 00:00:00+09:00,3230.0,3880.0,3130.0,3460.0,1269863,0.0,0.0
2019-03-21 00:00:00+09:00,3413.333251953125,3466.666748046875,3340.0,3380.0,155110,0.0,0.0
2019-03-22 00:00:00+09:00,3373.333251953125,3500.0,3373.333251953125,3433.333251953125,117678,0.0,0.0
2019-03-25 00:00:00+09:00,3386.666748046875,3433.333251953125,3173.333251953125,3176.666748046875,85168,0.0,0.0
2019-03-26 00:00:00+09:00,3176.666748046875,3203.333251953125,3050.0,3183.333251953125,67691,0.0,0.0
2019-03-27 00:00:00+09:00,3260.0,3260.0,3100.0,3160.0,70568,0.0,0.0
2019-03-28 00:00:00+09:00,3160.0,3206.666748046875,3070.0,3113.333251953125,54013,0.0,0.0
2019-03-29 00:00:00+09:00,3163.333251953125,3163.333251953125,3086.666748046875,3133.333251953125,35798,0.0,0.0
2019-04-01 00:00:00+09:00,3133.333251953125,3220.0,3130.0,3210.0,42365,0.0,0.0
2019-04-02 00:00:00+09:00,3233.333251953125,3360.0,3223.333251953125,3290.0,45519,0.0,0.0
2019-04-03 00:00:00+09:00,3340.0,3340.0,3186.666748046875,3280.0,23669,0.0,0.0
2019-04-04 00:00:00+09:00,3313.333251953125,3313.333251953125,3253.333251953125,3253.333251953125,20189,0.0,0.0
2019-04-05 00:00:00+09:00,3323.333251953125,3323.333251953125,3200.0,3226.666748046875,23847,0.0,0.0
2019-04-08 00:00:00+09:00,3226.666748046875,3300.0,3196.666748046875,3290.0,24576,0.0,0.0
2019-04-09 00:00:00+09:00,3316.666748046875,3316.666748046875,3230.0,3266.666748046875,22008,0.0,0.0
2019-04-10 00:00:00+09:00,3286.666748046875,3286.666748046875,3203.333251953125,3240.0,11604,0.0,0.0
2019-04-11 00:00:00+09:00,3273.333251953125,3353.333251953125,3243.333251953125,3280.0,60929,0.0,0.0
2019-04-12 00:00:00+09:00,3313.333251953125,3500.0,3283.333251953125,3360.0,177631,0.0,0.0
2019-04-15 00:00:00+09:00,3366.666748046875,3386.666748046875,3316.666748046875,3340.0,32120,0.0,0.0
2019-04-16 00:00:00+09:00,3340.0,3366.666748046875,3166.666748046875,3233.333251953125,64594,0.0,0.0
2019-04-17 00:00:00+09:00,3233.333251953125,3243.333251953125,3200.0,3233.333251953125,25856,0.0,0.0
2019-04-18 00:00:00+09:00,3250.0,3300.0,3183.333251953125,3223.333251953125,46310,0.0,0.0
2019-04-19 00:00:00+09:00,3220.0,3300.0,3200.0,3213.333251953125,37497,0.0,0.0
2019-04-22 00:00:00+09:00,3213.333251953125,3296.666748046875,3183.333251953125,3200.0,37037,0.0,0.0
2019-04-23 00:00:00+09:00,3250.0,3250.0,3163.333251953125,3176.666748046875,25677,0.0,0.0
2019-04-24 00:00:00+09:00,3176.666748046875,3216.666748046875,3136.666748046875,3136.666748046875,25745,0.0,0.0
2019-04-25 00:00:00+09:00,3136.666748046875,3136.666748046875,3026.666748046875,3026.666748046875,57350,0.0,0.0
2019-04-26 00:00:00+09:00,3026.666748046875,3070.0,2900.0,2906.666748046875,62336,0.0,0.0
2019-04-29 00:00:00+09:00,2906.666748046875,3020.0,2800.0,2916.666748046875,31107,0.0,0.0
2019-04-30 00:00:00+09:00,2920.0,2986.666748046875,2920.0,2940.0,29235,0.0,0.0
2019-05-02 00:00:00+09:00,2940.0,3030.0,2940.0,3003.333251953125,13278,0.0,0.0
2019-05-03 00:00:00+09:00,3020.0,3036.666748046875,2933.333251953125,3006.666748046875,22662,0.0,0.0
2019-05-07 00:00:00+09:00,3006.666748046875,3020.0,2946.666748046875,3000.0,15974,0.0,0.0
2019-05-08 00:00:00+09:00,2933.333251953125,3066.666748046875,2933.333251953125,3006.666748046875,26381,0.0,0.0
2019-05-09 00:00:00+09:00,2990.0,3046.666748046875,2900.0,2953.333251953125,23090,0.0,0.0
2019-05-10 00:00:00+09:00,2990.0,2990.0,2873.333251953125,2950.0,35085,0.0,0.0
2019-05-13 00:00:00+09:00,2950.0,3000.0,2906.666748046875,2906.666748046875,7554,0.0,0.0
2019-05-14 00:00:00+09:00,2810.0,2946.666748046875,2803.333251953125,2913.333251953125,24920,0.0,0.0
2019-05-15 00:00:00+09:00,2913.333251953125,2996.666748046875,2913.333251953125,2983.333251953125,11081,0.0,0.0
2019-05-16 00:00:00+09:00,3053.333251953125,3053.333251953125,2866.666748046875,2983.333251953125,6237,0.0,0.0
2019-05-17 00:00:00+09:00,2983.333251953125,3050.0,2940.0,2970.0,6270,0.0,0.0
2019-05-20 00:00:00+09:00,2916.666748046875,2993.333251953125,2873.333251953125,2960.0,12782,0.0,0.0
2019-05-21 00:00:00+09:00,2860.0,2960.0,2860.0,2863.333251953125,14885,0.0,0.0
2019-05-22 00:00:00+09:00,2866.666748046875,2980.0,2833.333251953125,2946.666748046875,22923,0.0,0.0
2019-05-23 00:00:00+09:00,2946.666748046875,2970.0,2736.666748046875,2753.333251953125,78524,0.0,0.0
2019-05-24 00:00:00+09:00,2706.666748046875,2776.666748046875,2706.666748046875,2760.0,22854,0.0,0.0
2019-05-27 00:00:00+09:00,2733.333251953125,2926.666748046875,2710.0,2743.333251953125,28793,0.0,0.0
2019-05-28 00:00:00+09:00,2710.0,2783.333251953125,2693.333251953125,2753.333251953125,14955,0.0,0.0
2019-05-29 00:00:00+09:00,2820.0,2820.0,2723.333251953125,2723.333251953125,17427,0.0,0.0
2019-05-30 00:00:00+09:00,2726.666748046875,2776.666748046875,2683.333251953125,2700.0,4269,0.0,0.0
2019-05-31 00:00:00+09:00,2703.333251953125,2773.333251953125,2570.0,2760.0,42581,0.0,0.0
2019-06-03 00:00:00+09:00,2760.0,2800.0,2703.333251953125,2780.0,8516,0.0,0.0
2019-06-04 00:00:00+09:00,2773.333251953125,2776.666748046875,2680.0,2716.666748046875,12816,0.0,0.0
2019-06-05 00:00:00+09:00,2716.666748046875,2760.0,2686.666748046875,2733.333251953125,20769,0.0,0.0
2019-06-07 00:00:00+09:00,2726.666748046875,2786.666748046875,2720.0,2736.666748046875,12512,0.0,0.0
2019-06-10 00:00:00+09:00,2730.0,2736.666748046875,2700.0,2716.666748046875,6993,0.0,0.0
2019-06-11 00:00:00+09:00,2730.0,2856.666748046875,2726.666748046875,2856.666748046875,40436,0.0,0.0
2019-06-12 00:00:00+09:00,2893.333251953125,2973.333251953125,2853.333251953125,2886.666748046875,56572,0.0,0.0
2019-06-13 00:00:00+09:00,2890.0,2930.0,2800.0,2856.666748046875,33302,0.0,0.0
2019-06-14 00:00:00+09:00,2853.333251953125,2900.0,2833.333251953125,2900.0,23840,0.0,0.0
2019-06-17 00:00:00+09:00,2900.0,2916.666748046875,2866.666748046875,2890.0,7811,0.0,0.0
2019-06-18 00:00:00+09:00,2880.0,2933.333251953125,2813.333251953125,2840.0,18918,0.0,0.0
2019-06-19 00:00:00+09:00,2840.0,2886.666748046875,2770.0,2810.0,15519,0.0,0.0
2019-06-20 00:00:00+09:00,2810.0,2833.333251953125,2790.0,2826.666748046875,11922,0.0,0.0
2019-06-21 00:00:00+09:00,2836.666748046875,2883.333251953125,2820.0,2866.666748046875,48078,0.0,0.0
2019-06-24 00:00:00+09:00,2890.0,2890.0,2700.0,2780.0,27231,0.0,0.0
2019-06-25 00:00:00+09:00,2766.666748046875,2780.0,2666.666748046875,2666.666748046875,65984,0.0,0.0
2019-06-26 00:00:00+09:00,2666.666748046875,2720.0,2650.0,2676.666748046875,21164,0.0,0.0
2019-06-27 00:00:00+09:00,2676.666748046875,2723.333251953125,2633.333251953125,2683.333251953125,6654,0.0,0.0
2019-06-28 00:00:00+09:00,2653.333251953125,2690.0,2643.333251953125,2683.333251953125,21557,0.0,0.0
2019-07-01 00:00:00+09:00,2633.333251953125,2670.0,2620.0,2633.333251953125,22698,0.0,0.0
2019-07-02 00:00:00+09:00,2633.333251953125,2670.0,2623.333251953125,2663.333251953125,13260,0.0,0.0
2019-07-03 00:00:00+09:00,2700.0,2700.0,2513.333251953125,2513.333251953125,65782,0.0,0.0
2019-07-04 00:00:00+09:00,2530.0,2593.333251953125,2430.0,2470.0,96986,0.0,0.0
2019-07-05 00:00:00+09:00,2473.333251953125,2490.0,2400.0,2486.666748046875,73829,0.0,0.0
2019-07-08 00:00:00+09:00,2486.666748046875,2493.333251953125,2393.333251953125,2436.666748046875,27083,0.0,0.0
2019-07-09 00:00:00+09:00,2436.666748046875,2436.666748046875,2343.333251953125,2390.0,38804,0.0,0.0
2019-07-10 00:00:00+09:00,2343.333251953125,2436.666748046875,2343.333251953125,2406.666748046875,29870,0.0,0.0
2019-07-11 00:00:00+09:00,2426.666748046875,2456.666748046875,2416.666748046875,2453.333251953125,18783,0.0,0.0
2019-07-12 00:00:00+09:00,2433.333251953125,2466.666748046875,2416.666748046875,2456.666748046875,15140,0.0,0.0
2019-07-15 00:00:00+09:00,2456.666748046875,2456.666748046875,2396.666748046875,2396.666748046875,17550,0.0,0.0
2019-07-16 00:00:00+09:00,2370.0,2396.666748046875,2353.333251953125,2380.0,13121,0.0,0.0
2019-07-17 00:00:00+09:00,2356.666748046875,2376.666748046875,2286.666748046875,2320.0,56581,0.0,0.0
2019-07-18 00:00:00+09:00,2320.0,2356.666748046875,2293.333251953125,2310.0,7878,0.0,0.0
2019-07-19 00:00:00+09:00,2346.666748046875,2470.0,2273.333251953125,2366.666748046875,33200,0.0,0.0
2019-07-22 00:00:00+09:00,2333.333251953125,2506.666748046875,2333.333251953125,2466.666748046875,34320,0.0,0.0
2019-07-23 00:00:00+09:00,2426.666748046875,2486.666748046875,2396.666748046875,2436.666748046875,28451,0.0,0.0
2019-07-24 00:00:00+09:00,2436.666748046875,2466.666748046875,2426.666748046875,2443.333251953125,21393,0.0,0.0
2019-07-25 00:00:00+09:00,2410.0,2436.666748046875,2346.666748046875,2416.666748046875,10991,0.0,0.0
2019-07-26 00:00:00+09:00,2416.666748046875,2463.333251953125,2273.333251953125,2356.666748046875,33273,0.0,0.0
2019-07-29 00:00:00+09:00,2400.0,2400.0,2003.3333740234375,2070.0,73327,0.0,0.0
2019-07-30 00:00:00+09:00,2070.0,2166.666748046875,2056.666748046875,2063.333251953125,68239,0.0,0.0
2019-07-31 00:00:00+09:00,2060.0,2153.333251953125,1946.6666259765625,2063.333251953125,56873,0.0,0.0
2019-08-01 00:00:00+09:00,2056.666748046875,2066.666748046875,2033.3333740234375,2060.0,15236,0.0,0.0
2019-08-02 00:00:00+09:00,2060.0,2060.0,1993.3333740234375,2046.6666259765625,12441,0.0,0.0
2019-08-05 00:00:00+09:00,2046.6666259765625,2046.6666259765625,1823.3333740234375,1830.0,55465,0.0,0.0
2019-08-06 00:00:00+09:00,1800.0,1830.0,1690.0,1753.3333740234375,62344,0.0,0.0
2019-08-07 00:00:00+09:00,1753.3333740234375,1770.0,1673.3333740234375,1753.3333740234375,75881,0.0,0.0
2019-08-08 00:00:00+09:00,1800.0,1813.3333740234375,1716.6666259765625,1806.6666259765625,37403,0.0,0.0
2019-08-09 00:00:00+09:00,1826.6666259765625,1890.0,1806.6666259765625,1886.6666259765625,34419,0.0,0.0
2019-08-12 00:00:00+09:00,1886.6666259765625,1953.3333740234375,1883.3333740234375,1950.0,22169,0.0,0.0
2019-08-13 00:00:00+09:00,1950.0,2006.6666259765625,1850.0,2000.0,22289,0.0,0.0
2019-08-14 00:00:00+09:00,2000.0,2026.6666259765625,1946.6666259765625,1993.3333740234375,14606,0.0,0.0
2019-08-16 00:00:00+09:00,1973.3333740234375,1976.6666259765625,1910.0,1953.3333740234375,7926,0.0,0.0
2019-08-19 00:00:00+09:00,1953.3333740234375,1953.3333740234375,1870.0,1906.6666259765625,11486,0.0,0.0
2019-08-20 00:00:00+09:00,1886.6666259765625,1920.0,1886.6666259765625,1900.0,18386,0.0,0.0
2019-08-21 00:00:00+09:00,1906.6666259765625,2030.0,1900.0,2023.3333740234375,77032,0.0,0.0
2019-08-22 00:00:00+09:00,2000.0,2103.333251953125,1960.0,2103.333251953125,47133,0.0,0.0
2019-08-23 00:00:00+09:00,2096.666748046875,2316.666748046875,2040.0,2086.666748046875,139130,0.0,0.0
2019-08-26 00:00:00+09:00,2060.0,2116.666748046875,2006.6666259765625,2086.666748046875,26757,0.0,0.0
2019-08-27 00:00:00+09:00,2110.0,2110.0,1993.3333740234375,2010.0,19377,0.0,0.0
2019-08-28 00:00:00+09:00,2026.6666259765625,2026.6666259765625,1973.3333740234375,2023.3333740234375,13887,0.0,0.0
2019-08-29 00:00:00+09:00,2023.3333740234375,2043.3333740234375,1993.3333740234375,2020.0,13239,0.0,0.0
2019-08-30 00:00:00+09:00,2040.0,2060.0,1996.6666259765625,2050.0,13179,0.0,0.0
2019-09-02 00:00:00+09:00,2050.0,2086.666748046875,2040.0,2066.666748046875,6267,0.0,0.0
2019-09-03 00:00:00+09:00,2060.0,2106.666748046875,2053.333251953125,2066.666748046875,9186,0.0,0.0
2019-09-04 00:00:00+09:00,2090.0,2093.333251953125,1966.6666259765625,2090.0,10563,0.0,0.0
2019-09-05 00:00:00+09:00,2123.333251953125,2123.333251953125,2006.6666259765625,2073.333251953125,12351,0.0,0.0
2019-09-06 00:00:00+09:00,2073.333251953125,2123.333251953125,2026.6666259765625,2046.6666259765625,26567,0.0,0.0
2019-09-09 00:00:00+09:00,2046.6666259765625,2053.333251953125,2023.3333740234375,2033.3333740234375,6468,0.0,0.0
2019-09-10 00:00:00+09:00,2033.3333740234375,2050.0,2000.0,2023.3333740234375,4125,0.0,0.0
2019-09-11 00:00:00+09:00,1990.0,2066.666748046875,1990.0,2066.666748046875,11880,0.0,0.0
2019-09-16 00:00:00+09:00,2066.666748046875,2066.666748046875,2033.3333740234375,2056.666748046875,18203,0.0,0.0
2019-09-17 00:00:00+09:00,2056.666748046875,2063.333251953125,2046.6666259765625,2060.0,10272,0.0,0.0
2019-09-18 00:00:00+09:00,2050.0,2083.333251953125,2036.6666259765625,2070.0,12995,0.0,0.0
2019-09-19 00:00:00+09:00,2070.0,2113.333251953125,2056.666748046875,2100.0,13889,0.0,0.0
2019-09-20 00:00:00+09:00,2103.333251953125,2123.333251953125,2050.0,2083.333251953125,13004,0.0,0.0
2019-09-23 00:00:00+09:00,2083.333251953125,2106.666748046875,2036.6666259765625,2076.666748046875,19502,0.0,0.0
2019-09-24 00:00:00+09:00,2096.666748046875,2173.333251953125,2060.0,2173.333251953125,56939,0.0,0.0
2019-09-25 00:00:00+09:00,2226.666748046875,2823.333251953125,2226.666748046875,2386.666748046875,4981867,0.0,0.0
2019-09-26 00:00:00+09:00,2383.333251953125,2463.333251953125,2273.333251953125,2386.666748046875,583724,0.0,0.0
2019-09-27 00:00:00+09:00,2340.0,2350.0,2236.666748046875,2236.666748046875,150221,0.0,0.0
2019-09-30 00:00:00+09:00,2216.666748046875,2216.666748046875,2103.333251953125,2106.666748046875,164794,0.0,0.0
2019-10-01 00:00:00+09:00,2093.333251953125,2166.666748046875,2086.666748046875,2093.333251953125,96122,0.0,0.0
2019-10-02 00:00:00+09:00,2093.333251953125,2143.333251953125,2076.666748046875,2106.666748046875,47157,0.0,0.0
2019-10-04 00:00:00+09:00,2083.333251953125,2140.0,2083.333251953125,2086.666748046875,38231,0.0,0.0
2019-10-07 00:00:00+09:00,2086.666748046875,2160.0,2036.6666259765625,2050.0,49934,0.0,0.0
2019-10-08 00:00:00+09:00,2043.3333740234375,2100.0,2033.3333740234375,2056.666748046875,29615,0.0,0.0
2019-10-10 00:00:00+09:00,2053.333251953125,2116.666748046875,2036.6666259765625,2096.666748046875,30594,0.0,0.0
2019-10-11 00:00:00+09:00,2100.0,2230.0,2073.333251953125,2166.666748046875,82427,0.0,0.0
2019-10-14 00:00:00+09:00,2220.0,2240.0,2166.666748046875,2203.333251953125,25551,0.0,0.0
2019-10-15 00:00:00+09:00,2200.0,2203.333251953125,2153.333251953125,2200.0,30704,0.0,0.0
2019-10-16 00:00:00+09:00,2176.666748046875,2256.666748046875,2176.666748046875,2250.0,29090,0.0,0.0
2019-10-17 00:00:00+09:00,2246.666748046875,2260.0,2200.0,2246.666748046875,15870,0.0,0.0
2019-10-18 00:00:00+09:00,2246.666748046875,2246.666748046875,2166.666748046875,2213.333251953125,16343,0.0,0.0
2019-10-21 00:00:00+09:00,2213.333251953125,2213.333251953125,2133.333251953125,2153.333251953125,7127,0.0,0.0
2019-10-22 00:00:00+09:00,2153.333251953125,2230.0,2120.0,2196.666748046875,14811,0.0,0.0
2019-10-23 00:00:00+09:00,2250.0,2260.0,2110.0,2110.0,27977,0.0,0.0
2019-10-24 00:00:00+09:00,2120.0,2166.666748046875,2033.3333740234375,2050.0,73327,0.0,0.0
2019-10-25 00:00:00+09:00,2050.0,2110.0,2040.0,2073.333251953125,18969,0.0,0.0
2019-10-28 00:00:00+09:00,2066.666748046875,2106.666748046875,2033.3333740234375,2036.6666259765625,34947,0.0,0.0
2019-10-29 00:00:00+09:00,2036.6666259765625,2093.333251953125,2036.6666259765625,2080.0,8495,0.0,0.0
2019-10-30 00:00:00+09:00,2040.0,2060.0,2033.3333740234375,2043.3333740234375,12059,0.0,0.0
2019-10-31 00:00:00+09:00,2043.3333740234375,2116.666748046875,2026.6666259765625,2043.3333740234375,21224,0.0,0.0
2019-11-01 00:00:00+09:00,2023.3333740234375,2060.0,2023.3333740234375,2030.0,7752,0.0,0.0
2019-11-04 00:00:00+09:00,2060.0,2060.0,2006.6666259765625,2030.0,25997,0.0,0.0
2019-11-05 00:00:00+09:00,2030.0,2090.0,2020.0,2053.333251953125,28305,0.0,0.0
2019-11-06 00:00:00+09:00,2063.333251953125,2150.0,2056.666748046875,2100.0,42242,0.0,0.0
2019-11-07 00:00:00+09:00,2073.333251953125,2116.666748046875,2066.666748046875,2113.333251953125,22010,0.0,0.0
2019-11-08 00:00:00+09:00,2130.0,2153.333251953125,2090.0,2140.0,35742,0.0,0.0
2019-11-11 00:00:00+09:00,2140.0,2156.666748046875,2056.666748046875,2070.0,32712,0.0,0.0
2019-11-12 00:00:00+09:00,2070.0,2090.0,2046.6666259765625,2060.0,25589,0.0,0.0
2019-11-13 00:00:00+09:00,2086.666748046875,2123.333251953125,2026.6666259765625,2046.6666259765625,42207,0.0,0.0
2019-11-14 00:00:00+09:00,2050.0,2070.0,2046.6666259765625,2070.0,12899,0.0,0.0
2019-11-15 00:00:00+09:00,2053.333251953125,2096.666748046875,2046.6666259765625,2050.0,21977,0.0,0.0
2019-11-18 00:00:00+09:00,2076.666748046875,2100.0,2073.333251953125,2086.666748046875,34274,0.0,0.0
2019-11-19 00:00:00+09:00,2130.0,2130.0,2106.666748046875,2120.0,22515,0.0,0.0
2019-11-20 00:00:00+09:00,2106.666748046875,2213.333251953125,2100.0,2186.666748046875,89417,0.0,0.0
2019-11-21 00:00:00+09:00,2183.333251953125,2370.0,2130.0,2370.0,246455,0.0,0.0
2019-11-22 00:00:00+09:00,2370.0,2443.333251953125,2290.0,2406.666748046875,124277,0.0,0.0
2019-11-25 00:00:00+09:00,2433.333251953125,2433.333251953125,2383.333251953125,2393.333251953125,51686,0.0,0.0
2019-11-26 00:00:00+09:00,2350.0,2433.333251953125,2280.0,2306.666748046875,46655,0.0,0.0
2019-11-27 00:00:00+09:00,2320.0,2330.0,2263.333251953125,2263.333251953125,18642,0.0,0.0
2019-11-28 00:00:00+09:00,2210.0,2283.333251953125,2210.0,2240.0,31362,0.0,0.0
2019-11-29 00:00:00+09:00,2240.0,2320.0,2213.333251953125,2253.333251953125,18992,0.0,0.0
2019-12-02 00:00:00+09:00,2250.0,2300.0,2153.333251953125,2153.333251953125,42641,0.0,0.0
2019-12-03 00:00:00+09:00,2160.0,2160.0,2080.0,2090.0,24735,0.0,0.0
2019-12-04 00:00:00+09:00,2090.0,2090.0,1996.6666259765625,2023.3333740234375,47792,0.0,0.0
2019-12-05 00:00:00+09:00,2023.3333740234375,2090.0,1933.3333740234375,2003.3333740234375,46017,0.0,0.0
2019-12-06 00:00:00+09:00,2003.3333740234375,2043.3333740234375,2003.3333740234375,2033.3333740234375,7025,0.0,0.0
2019-12-09 00:00:00+09:00,2033.3333740234375,2100.0,2030.0,2060.0,6419,0.0,0.0
2019-12-10 00:00:00+09:00,2060.0,2140.0,2060.0,2116.666748046875,3165,0.0,0.0
2019-12-11 00:00:00+09:00,2086.666748046875,2210.0,2083.333251953125,2166.666748046875,24011,0.0,0.0
2019-12-12 00:00:00+09:00,2166.666748046875,2226.666748046875,2070.0,2133.333251953125,17585,0.0,0.0
2019-12-13 00:00:00+09:00,2136.666748046875,2190.0,2110.0,2170.0,11009,0.0,0.0
2019-12-16 00:00:00+09:00,2200.0,2200.0,2116.666748046875,2146.666748046875,10230,0.0,0.0
2019-12-17 00:00:00+09:00,2123.333251953125,2356.666748046875,2100.0,2150.0,227061,0.0,0.0
2019-12-18 00:00:00+09:00,2150.0,2213.333251953125,2126.666748046875,2180.0,26493,0.0,0.0
2019-12-19 00:00:00+09:00,2160.0,2280.0,2160.0,2210.0,39204,0.0,0.0
2019-12-20 00:00:00+09:00,2220.0,2270.0,2210.0,2233.333251953125,27992,0.0,0.0
2019-12-23 00:00:00+09:00,2233.333251953125,2323.333251953125,2176.666748046875,2233.333251953125,26150,0.0,0.0
2019-12-24 00:00:00+09:00,2183.333251953125,2233.333251953125,2156.666748046875,2156.666748046875,7931,0.0,0.0
2019-12-26 00:00:00+09:00,2113.333251953125,2220.0,2113.333251953125,2120.0,8192,0.0,0.0
2019-12-27 00:00:00+09:00,2100.0,2140.0,2096.666748046875,2120.0,21087,0.0,0.0
2019-12-30 00:00:00+09:00,2120.0,2193.333251953125,2120.0,2123.333251953125,13335,0.0,0.0
2020-01-02 00:00:00+09:00,2123.333251953125,2190.0,2120.0,2186.666748046875,18090,0.0,0.0
2020-01-03 00:00:00+09:00,2220.0,2220.0,2173.333251953125,2183.333251953125,15419,0.0,0.0
2020-01-06 00:00:00+09:00,2146.666748046875,2250.0,2146.666748046875,2200.0,10008,0.0,0.0
2020-01-07 00:00:00+09:00,2200.0,2200.0,2170.0,2196.666748046875,22191,0.0,0.0
2020-01-08 00:00:00+09:00,2190.0,2190.0,2060.0,2073.333251953125,59794,0.0,0.0
2020-01-09 00:00:00+09:00,2073.333251953125,2146.666748046875,2066.666748046875,2130.0,20168,0.0,0.0
2020-01-10 00:00:00+09:00,2186.666748046875,2186.666748046875,2123.333251953125,2133.333251953125,13977,0.0,0.0
2020-01-13 00:00:00+09:00,2133.333251953125,2163.333251953125,2120.0,2153.333251953125,19985,0.0,0.0
2020-01-14 00:00:00+09:00,2163.333251953125,2163.333251953125,2103.333251953125,2126.666748046875,19931,0.0,0.0
2020-01-15 00:00:00+09:00,2146.666748046875,2183.333251953125,2116.666748046875,2166.666748046875,13128,0.0,0.0
2020-01-16 00:00:00+09:00,2166.666748046875,2200.0,2133.333251953125,2196.666748046875,18968,0.0,0.0
2020-01-17 00:00:00+09:00,2183.333251953125,2363.333251953125,2166.666748046875,2216.666748046875,135776,0.0,0.0
2020-01-20 00:00:00+09:00,2240.0,2263.333251953125,2166.666748046875,2263.333251953125,68186,0.0,0.0
2020-01-21 00:00:00+09:00,2216.666748046875,2256.666748046875,2206.666748046875,2223.333251953125,32381,0.0,0.0
2020-01-22 00:00:00+09:00,2223.333251953125,2230.0,2140.0,2166.666748046875,14700,0.0,0.0
2020-01-23 00:00:00+09:00,2170.0,2200.0,2170.0,2176.666748046875,24884,0.0,0.0
2020-01-28 00:00:00+09:00,2176.666748046875,2253.333251953125,2153.333251953125,2216.666748046875,55861,0.0,0.0
2020-01-29 00:00:00+09:00,2216.666748046875,2370.0,2176.666748046875,2356.666748046875,113103,0.0,0.0
2020-01-30 00:00:00+09:00,2366.666748046875,2460.0,2256.666748046875,2300.0,129851,0.0,0.0
2020-01-31 00:00:00+09:00,2286.666748046875,2396.666748046875,2223.333251953125,2223.333251953125,46677,0.0,0.0
2020-02-03 00:00:00+09:00,2173.333251953125,2380.0,2146.666748046875,2250.0,60436,0.0,0.0
2020-02-04 00:00:00+09:00,2253.333251953125,2313.333251953125,2233.333251953125,2300.0,27377,0.0,0.0
2020-02-05 00:00:00+09:00,2290.0,2330.0,2236.666748046875,2270.0,42107,0.0,0.0
2020-02-06 00:00:00+09:00,2270.0,2366.666748046875,2260.0,2346.666748046875,54442,0.0,0.0
2020-02-07 00:00:00+09:00,2346.666748046875,2373.333251953125,2310.0,2326.666748046875,27720,0.0,0.0
2020-02-10 00:00:00+09:00,2296.666748046875,2333.333251953125,2276.666748046875,2293.333251953125,26033,0.0,0.0
2020-02-11 00:00:00+09:00,2293.333251953125,2446.666748046875,2273.333251953125,2396.666748046875,75871,0.0,0.0
2020-02-12 00:00:00+09:00,2396.666748046875,2620.0,2396.666748046875,2573.333251953125,334782,0.0,0.0
2020-02-13 00:00:00+09:00,2600.0,2650.0,2410.0,2546.666748046875,158726,0.0,0.0
2020-02-14 00:00:00+09:00,2530.0,2570.0,2470.0,2533.333251953125,66554,0.0,0.0
2020-02-17 00:00:00+09:00,2533.333251953125,2683.333251953125,2473.333251953125,2676.666748046875,133373,0.0,0.0
2020-02-18 00:00:00+09:00,2676.666748046875,2753.333251953125,2620.0,2683.333251953125,87812,0.0,0.0
2020-02-19 00:00:00+09:00,2666.666748046875,2673.333251953125,2596.666748046875,2616.666748046875,44180,0.0,0.0
2020-02-20 00:00:00+09:00,2633.333251953125,2796.666748046875,2633.333251953125,2683.333251953125,134868,0.0,0.0
2020-02-21 00:00:00+09:00,2546.666748046875,2683.333251953125,2503.333251953125,2510.0,94097,0.0,0.0
2020-02-24 00:00:00+09:00,2483.333251953125,2506.666748046875,2366.666748046875,2393.333251953125,50432,0.0,0.0
2020-02-25 00:00:00+09:00,2270.0,2416.666748046875,2270.0,2383.333251953125,82577,0.0,0.0
2020-02-26 00:00:00+09:00,2366.666748046875,2390.0,2343.333251953125,2380.0,28017,0.0,0.0
2020-02-27 00:00:00+09:00,2370.0,2440.0,2270.0,2346.666748046875,27219,0.0,0.0
2020-02-28 00:00:00+09:00,2273.333251953125,2343.333251953125,2226.666748046875,2310.0,52483,0.0,0.0
2020-03-02 00:00:00+09:00,2310.0,2310.0,2200.0,2293.333251953125,29783,0.0,0.0
2020-03-03 00:00:00+09:00,2300.0,2400.0,2273.333251953125,2276.666748046875,31475,0.0,0.0
2020-03-04 00:00:00+09:00,2276.666748046875,2366.666748046875,2273.333251953125,2366.666748046875,28791,0.0,0.0
2020-03-05 00:00:00+09:00,2400.0,2423.333251953125,2340.0,2366.666748046875,13323,0.0,0.0
2020-03-06 00:00:00+09:00,2370.0,2383.333251953125,2300.0,2366.666748046875,20604,0.0,0.0
2020-03-09 00:00:00+09:00,2256.666748046875,2340.0,2226.666748046875,2250.0,22968,0.0,0.0
2020-03-10 00:00:00+09:00,2166.666748046875,2236.666748046875,2140.0,2190.0,31470,0.0,0.0
2020-03-11 00:00:00+09:00,2183.333251953125,2196.666748046875,2066.666748046875,2096.666748046875,31715,0.0,0.0
2020-03-12 00:00:00+09:00,2070.0,2090.0,1946.6666259765625,1976.6666259765625,33594,0.0,0.0
2020-03-13 00:00:00+09:00,1633.3333740234375,1836.6666259765625,1633.3333740234375,1803.3333740234375,45531,0.0,0.0
2020-03-16 00:00:00+09:00,1900.0,1946.6666259765625,1720.0,1720.0,38703,0.0,0.0
2020-03-17 00:00:00+09:00,1656.6666259765625,1800.0,1470.0,1700.0,17466,0.0,0.0
2020-03-18 00:00:00+09:00,1700.0,1793.3333740234375,1606.6666259765625,1640.0,30030,0.0,0.0
2020-03-19 00:00:00+09:00,1646.6666259765625,1683.3333740234375,1286.6666259765625,1440.0,133926,0.0,0.0
2020-03-20 00:00:00+09:00,1463.3333740234375,1530.0,1340.0,1460.0,55088,0.0,0.0
2020-03-23 00:00:00+09:00,1313.3333740234375,1393.3333740234375,1160.0,1200.0,135780,0.0,0.0
2020-03-24 00:00:00+09:00,1216.6666259765625,1296.6666259765625,1213.3333740234375,1230.0,71485,0.0,0.0
2020-03-25 00:00:00+09:00,1296.6666259765625,1400.0,1290.0,1356.6666259765625,58144,0.0,0.0
2020-03-26 00:00:00+09:00,1426.6666259765625,1570.0,1373.3333740234375,1473.3333740234375,105281,0.0,0.0
2020-03-27 00:00:00+09:00,1546.6666259765625,1613.3333740234375,1460.0,1493.3333740234375,118478,0.0,0.0
2020-03-30 00:00:00+09:00,1566.6666259765625,1653.3333740234375,1410.0,1653.3333740234375,50596,0.0,0.0
2020-03-31 00:00:00+09:00,1733.3333740234375,1820.0,1616.6666259765625,1766.6666259765625,53294,0.0,0.0
2020-04-01 00:00:00+09:00,1853.3333740234375,1926.6666259765625,1813.3333740234375,1863.3333740234375,56299,0.0,0.0
2020-04-02 00:00:00+09:00,1953.3333740234375,1956.6666259765625,1783.3333740234375,1900.0,42642,0.0,0.0
2020-04-03 00:00:00+09:00,1986.6666259765625,1986.6666259765625,1816.6666259765625,1950.0,36698,0.0,0.0
2020-04-06 00:00:00+09:00,1940.0,2033.3333740234375,1886.6666259765625,1970.0,16340,0.0,0.0
2020-04-07 00:00:00+09:00,2066.666748046875,2083.333251953125,1953.3333740234375,2040.0,23991,0.0,0.0
2020-04-08 00:00:00+09:00,2043.3333740234375,2080.0,2030.0,2056.666748046875,11124,0.0,0.0
2020-04-09 00:00:00+09:00,2063.333251953125,2063.333251953125,1946.6666259765625,2016.6666259765625,42179,0.0,0.0
2020-04-10 00:00:00+09:00,2016.6666259765625,2066.666748046875,1940.0,2020.0,30512,0.0,0.0
2020-04-13 00:00:00+09:00,2033.3333740234375,2080.0,1970.0,2000.0,23501,0.0,0.0
2020-04-14 00:00:00+09:00,1983.3333740234375,2016.6666259765625,1950.0,1990.0,8816,0.0,0.0
2020-04-16 00:00:00+09:00,1990.0,2060.0,1986.6666259765625,2040.0,11910,0.0,0.0
2020-04-17 00:00:00+09:00,2040.0,2080.0,2026.6666259765625,2053.333251953125,31863,0.0,0.0
2020-04-20 00:00:00+09:00,2080.0,2113.333251953125,2036.6666259765625,2040.0,16179,0.0,0.0
2020-04-21 00:00:00+09:00,2103.333251953125,2103.333251953125,1920.0,2040.0,51668,0.0,0.0
2020-04-22 00:00:00+09:00,2040.0,2040.0,2000.0,2036.6666259765625,10625,0.0,0.0
2020-04-23 00:00:00+09:00,2036.6666259765625,2100.0,1943.3333740234375,2026.6666259765625,17937,0.0,0.0
2020-04-24 00:00:00+09:00,2026.6666259765625,2033.3333740234375,1963.3333740234375,1963.3333740234375,17228,0.0,0.0
2020-04-27 00:00:00+09:00,1963.3333740234375,2020.0,1963.3333740234375,1996.6666259765625,16496,0.0,0.0
2020-04-28 00:00:00+09:00,1996.6666259765625,2016.6666259765625,1933.3333740234375,2000.0,21732,0.0,0.0
2020-04-29 00:00:00+09:00,2000.0,2040.0,1980.0,2010.0,24423,0.0,0.0
2020-05-04 00:00:00+09:00,2010.0,2050.0,1970.0,2020.0,18605,0.0,0.0
2020-05-06 00:00:00+09:00,2020.0,2100.0,2020.0,2063.333251953125,18051,0.0,0.0
2020-05-07 00:00:00+09:00,2073.333251953125,2073.333251953125,2023.3333740234375,2036.6666259765625,20481,0.0,0.0
2020-05-08 00:00:00+09:00,2056.666748046875,2110.0,2030.0,2040.0,39519,0.0,0.0
2020-05-11 00:00:00+09:00,2046.6666259765625,2300.0,2033.3333740234375,2230.0,270136,0.0,0.0
2020-05-12 00:00:00+09:00,2266.666748046875,2360.0,2200.0,2200.0,179926,0.0,0.0
2020-05-13 00:00:00+09:00,2190.0,2233.333251953125,2080.0,2220.0,50507,0.0,0.0
2020-05-14 00:00:00+09:00,2220.0,2290.0,2130.0,2170.0,46845,0.0,0.0
2020-05-15 00:00:00+09:00,2170.0,2220.0,2090.0,2216.666748046875,74120,0.0,0.0
2020-05-18 00:00:00+09:00,2216.666748046875,2233.333251953125,2186.666748046875,2206.666748046875,60293,0.0,0.0
2020-05-19 00:00:00+09:00,2206.666748046875,2246.666748046875,2183.333251953125,2233.333251953125,69281,0.0,0.0
2020-05-20 00:00:00+09:00,2213.333251953125,2266.666748046875,2213.333251953125,2256.666748046875,57064,0.0,0.0
2020-05-21 00:00:00+09:00,2256.666748046875,2413.333251953125,2256.666748046875,2340.0,154658,0.0,0.0
2020-05-22 00:00:00+09:00,2340.0,2410.0,2310.0,2353.333251953125,52633,0.0,0.0
2020-05-25 00:00:00+09:00,2353.333251953125,2426.666748046875,2340.0,2380.0,31010,0.0,0.0
2020-05-26 00:00:00+09:00,2380.0,2380.0,2300.0,2336.666748046875,56266,0.0,0.0
2020-05-27 00:00:00+09:00,2336.666748046875,2353.333251953125,2310.0,2350.0,20139,0.0,0.0
2020-05-28 00:00:00+09:00,2350.0,2433.333251953125,2216.666748046875,2356.666748046875,51023,0.0,0.0
2020-05-29 00:00:00+09:00,2303.333251953125,2350.0,2283.333251953125,2306.666748046875,20904,0.0,0.0
2020-06-01 00:00:00+09:00,2306.666748046875,2386.666748046875,2270.0,2320.0,23424,0.0,0.0
2020-06-02 00:00:00+09:00,2320.0,2320.0,2263.333251953125,2313.333251953125,22950,0.0,0.0
2020-06-03 00:00:00+09:00,2313.333251953125,3006.666748046875,2310.0,3006.666748046875,2055590,0.0,0.0
2020-06-04 00:00:00+09:00,3240.0,3433.333251953125,2793.333251953125,2926.666748046875,4604180,0.0,0.0
2020-06-05 00:00:00+09:00,2900.0,2900.0,2796.666748046875,2840.0,417422,0.0,0.0
2020-06-08 00:00:00+09:00,2806.666748046875,2923.333251953125,2800.0,2800.0,497138,0.0,0.0
2020-06-09 00:00:00+09:00,2840.0,3640.0,2806.666748046875,3640.0,3955849,0.0,0.0
2020-06-10 00:00:00+09:00,3706.666748046875,4453.33349609375,3573.333251953125,4233.33349609375,7604342,0.0,0.0
2020-06-11 00:00:00+09:00,4146.66650390625,4146.66650390625,3933.333251953125,4020.0,831939,0.0,0.0
2020-06-12 00:00:00+09:00,3820.0,3920.0,3786.666748046875,3920.0,443477,0.0,0.0
2020-06-15 00:00:00+09:00,3920.0,4053.333251953125,3533.333251953125,3533.333251953125,660121,0.0,0.0
2020-06-16 00:00:00+09:00,3673.333251953125,3853.333251953125,3480.0,3580.0,859649,0.0,0.0
2020-06-17 00:00:00+09:00,3526.666748046875,3920.0,3466.666748046875,3660.0,1335005,0.0,0.0
2020-06-18 00:00:00+09:00,3660.0,3680.0,3460.0,3520.0,361087,0.0,0.0
2020-06-19 00:00:00+09:00,3520.0,3740.0,3413.333251953125,3740.0,481885,0.0,0.0
2020-06-22 00:00:00+09:00,3826.666748046875,3900.0,3653.333251953125,3666.666748046875,452254,0.0,0.0
2020-06-23 00:00:00+09:00,3666.666748046875,4020.0,3620.0,3933.333251953125,957906,0.0,0.0
2020-06-24 00:00:00+09:00,4390.0,4550.0,3700.0,3700.0,659775,0.0,0.0
2020-06-25 00:00:00+09:00,3605.0,3770.0,3505.0,3550.0,169387,0.0,0.0
2020-06-26 00:00:00+09:00,3615.0,3630.0,3335.0,3340.0,186374,0.0,0.0
2020-06-29 00:00:00+09:00,3365.0,3375.0,3235.0,3260.0,109054,0.0,0.0
2020-06-30 00:00:00+09:00,3240.0,3470.0,3240.0,3455.0,110401,0.0,0.0
2020-07-01 00:00:00+09:00,3455.0,3460.0,3290.0,3290.0,49119,0.0,0.0
2020-07-02 00:00:00+09:00,3280.0,3465.0,3170.0,3220.0,133165,0.0,0.0
2020-07-03 00:00:00+09:00,3245.0,3295.0,3220.0,3280.0,32648,0.0,0.0
2020-07-06 00:00:00+09:00,3295.0,3400.0,3250.0,3400.0,91626,0.0,0.0
2020-07-07 00:00:00+09:00,3400.0,3600.0,3345.0,3590.0,105163,0.0,0.0
2020-07-08 00:00:00+09:00,3590.0,3600.0,3380.0,3400.0,125583,0.0,0.0
2020-07-09 00:00:00+09:00,3390.0,3465.0,3320.0,3365.0,47646,0.0,0.0
2020-07-10 00:00:00+09:00,3370.0,3390.0,3250.0,3360.0,64138,0.0,0.0
2020-07-13 00:00:00+09:00,3360.0,3360.0,3240.0,3255.0,86806,0.0,0.0
2020-07-14 00:00:00+09:00,3260.0,3285.0,3140.0,3195.0,121012,0.0,0.0
2020-07-15 00:00:00+09:00,3040.0,3060.0,2950.0,3045.0,472010,0.0,0.0
2020-07-16 00:00:00+09:00,3050.0,3130.0,3005.0,3060.0,140261,0.0,0.0
2020-07-17 00:00:00+09:00,3095.0,3095.0,2990.0,3010.0,82765,0.0,0.0
2020-07-20 00:00:00+09:00,3000.0,3050.0,2940.0,2950.0,123142,0.0,0.0
2020-07-21 00:00:00+09:00,3005.0,3090.0,2985.0,3080.0,149859,0.0,0.0
2020-07-22 00:00:00+09:00,3185.0,3680.0,3150.0,3300.0,1027532,0.0,0.0
2020-07-23 00:00:00+09:00,3330.0,3350.0,3155.0,3195.0,242358,0.0,0.0
2020-07-24 00:00:00+09:00,3195.0,3270.0,3155.0,3200.0,137298,0.0,0.0
2020-07-27 00:00:00+09:00,3195.0,3240.0,3150.0,3175.0,121786,0.0,0.0
2020-07-28 00:00:00+09:00,3175.0,3195.0,3135.0,3195.0,119289,0.0,0.0
2020-07-29 00:00:00+09:00,3200.0,3345.0,3175.0,3305.0,124414,0.0,0.0
2020-07-30 00:00:00+09:00,3310.0,3400.0,3280.0,3395.0,151064,0.0,0.0
2020-07-31 00:00:00+09:00,3400.0,3405.0,3250.0,3305.0,146225,0.0,0.0
2020-08-03 00:00:00+09:00,3305.0,3380.0,3220.0,3315.0,95876,0.0,0.0
2020-08-04 00:00:00+09:00,3315.0,3465.0,3315.0,3455.0,178696,0.0,0.0
2020-08-05 00:00:00+09:00,3470.0,3530.0,3390.0,3415.0,167421,0.0,0.0
2020-08-06 00:00:00+09:00,3375.0,3480.0,3335.0,3455.0,112236,0.0,0.0
2020-08-07 00:00:00+09:00,3570.0,3570.0,3305.0,3305.0,86679,0.0,0.0
2020-08-10 00:00:00+09:00,3305.0,3320.0,3150.0,3240.0,111401,0.0,0.0
2020-08-11 00:00:00+09:00,3240.0,3340.0,3200.0,3255.0,75545,0.0,0.0
2020-08-12 00:00:00+09:00,3255.0,3280.0,3100.0,3140.0,99797,0.0,0.0
2020-08-13 00:00:00+09:00,3140.0,3255.0,3130.0,3205.0,44132,0.0,0.0
2020-08-14 00:00:00+09:00,3205.0,3275.0,3030.0,3125.0,81696,0.0,0.0
2020-08-18 00:00:00+09:00,3000.0,3150.0,2915.0,2935.0,129552,0.0,0.0
2020-08-19 00:00:00+09:00,2935.0,3050.0,2835.0,2920.0,105968,0.0,0.0
2020-08-20 00:00:00+09:00,3035.0,3035.0,2735.0,2875.0,111016,0.0,0.0
2020-08-21 00:00:00+09:00,2875.0,2935.0,2830.0,2890.0,36927,0.0,0.0
2020-08-24 00:00:00+09:00,2885.0,2980.0,2875.0,2970.0,39649,0.0,0.0
2020-08-25 00:00:00+09:00,3005.0,3050.0,2965.0,3025.0,46567,0.0,0.0
2020-08-26 00:00:00+09:00,3025.0,3090.0,2965.0,3050.0,51697,0.0,0.0
2020-08-27 00:00:00+09:00,3150.0,3150.0,2970.0,3030.0,68828,0.0,0.0
2020-08-28 00:00:00+09:00,3030.0,3100.0,2990.0,3000.0,28167,0.0,0.0
2020-08-31 00:00:00+09:00,3000.0,3100.0,2950.0,2970.0,41296,0.0,0.0
2020-09-01 00:00:00+09:00,2990.0,3030.0,2960.0,2985.0,31189,0.0,0.0
2020-09-02 00:00:00+09:00,3050.0,3050.0,2910.0,2950.0,57612,0.0,0.0
2020-09-03 00:00:00+09:00,2970.0,3070.0,2945.0,2960.0,27771,0.0,0.0
2020-09-04 00:00:00+09:00,2865.0,3200.0,2865.0,3080.0,251949,0.0,0.0
2020-09-07 00:00:00+09:00,3110.0,3160.0,3080.0,3145.0,88532,0.0,0.0
2020-09-08 00:00:00+09:00,3180.0,3180.0,3085.0,3125.0,57983,0.0,0.0
2020-09-09 00:00:00+09:00,3095.0,3125.0,3005.0,3090.0,53049,0.0,0.0
2020-09-10 00:00:00+09:00,3090.0,3125.0,3025.0,3080.0,41416,0.0,0.0
2020-09-11 00:00:00+09:00,3080.0,3110.0,3000.0,3005.0,86076,0.0,0.0
2020-09-14 00:00:00+09:00,3070.0,3070.0,2990.0,3015.0,63388,0.0,0.0
2020-09-15 00:00:00+09:00,3045.0,3045.0,2995.0,3010.0,51868,0.0,0.0
2020-09-16 00:00:00+09:00,3005.0,3070.0,3005.0,3040.0,51722,0.0,0.0
2020-09-17 00:00:00+09:00,3040.0,3075.0,2985.0,3000.0,82629,0.0,0.0
2020-09-18 00:00:00+09:00,3185.0,3185.0,2990.0,3005.0,70771,0.0,0.0
2020-09-21 00:00:00+09:00,3005.0,3050.0,2950.0,2980.0,58253,0.0,0.0
2020-09-22 00:00:00+09:00,2980.0,3010.0,2900.0,2900.0,85031,0.0,0.0
2020-09-23 00:00:00+09:00,2900.0,2995.0,2840.0,2930.0,78962,0.0,0.0
2020-09-24 00:00:00+09:00,2980.0,2980.0,2800.0,2870.0,36417,0.0,0.0
2020-09-25 00:00:00+09:00,2830.0,2900.0,2800.0,2815.0,26412,0.0,0.0
2020-09-28 00:00:00+09:00,2780.0,2880.0,2780.0,2815.0,26629,0.0,0.0
2020-09-29 00:00:00+09:00,2850.0,2870.0,2765.0,2795.0,42113,0.0,0.0
2020-10-05 00:00:00+09:00,2810.0,3075.0,2810.0,2995.0,118784,0.0,0.0
2020-10-06 00:00:00+09:00,3015.0,3085.0,2995.0,3085.0,64004,0.0,0.0
2020-10-07 00:00:00+09:00,3080.0,3175.0,3030.0,3160.0,136451,0.0,0.0
2020-10-08 00:00:00+09:00,3165.0,3325.0,3165.0,3300.0,219233,0.0,0.0
2020-10-12 00:00:00+09:00,3250.0,3495.0,3250.0,3495.0,261376,0.0,0.0
2020-10-13 00:00:00+09:00,3545.0,3660.0,3390.0,3640.0,392567,0.0,0.0
2020-10-14 00:00:00+09:00,3510.0,3565.0,3145.0,3170.0,818510,0.0,0.0
2020-10-15 00:00:00+09:00,3115.0,3165.0,2940.0,3000.0,375057,0.0,0.0
2020-10-16 00:00:00+09:00,3030.0,3050.0,2835.0,2860.0,167163,0.0,0.0
2020-10-19 00:00:00+09:00,2925.0,3000.0,2855.0,2860.0,108162,0.0,0.0
2020-10-20 00:00:00+09:00,2805.0,2890.0,2765.0,2870.0,73683,0.0,0.0
2020-10-21 00:00:00+09:00,2870.0,2905.0,2780.0,2810.0,53387,0.0,0.0
2020-10-22 00:00:00+09:00,2845.0,2860.0,2650.0,2655.0,151960,0.0,0.0
2020-10-23 00:00:00+09:00,2655.0,2715.0,2580.0,2685.0,81147,0.0,0.0
2020-10-26 00:00:00+09:00,2660.0,2685.0,2550.0,2580.0,73080,0.0,0.0
2020-10-27 00:00:00+09:00,2470.0,2665.0,2470.0,2555.0,59364,0.0,0.0
2020-10-28 00:00:00+09:00,2530.0,2670.0,2530.0,2670.0,44747,0.0,0.0
2020-10-29 00:00:00+09:00,2635.0,2660.0,2530.0,2660.0,41376,0.0,0.0
2020-10-30 00:00:00+09:00,2660.0,2740.0,2620.0,2635.0,85004,0.0,0.0
2020-11-02 00:00:00+09:00,2635.0,2650.0,2535.0,2610.0,19746,0.0,0.0
2020-11-03 00:00:00+09:00,2615.0,2760.0,2615.0,2745.0,36546,0.0,0.0
2020-11-04 00:00:00+09:00,2745.0,2760.0,2700.0,2745.0,41895,0.0,0.0
2020-11-05 00:00:00+09:00,2745.0,2845.0,2745.0,2780.0,46761,0.0,0.0
2020-11-06 00:00:00+09:00,2790.0,2810.0,2745.0,2755.0,14165,0.0,0.0
2020-11-09 00:00:00+09:00,2860.0,2985.0,2755.0,2970.0,136489,0.0,0.0
2020-11-10 00:00:00+09:00,2950.0,2995.0,2910.0,2925.0,48523,0.0,0.0
2020-11-11 00:00:00+09:00,2925.0,2980.0,2820.0,2940.0,41551,0.0,0.0
2020-11-12 00:00:00+09:00,2940.0,2975.0,2905.0,2955.0,54382,0.0,0.0
2020-11-13 00:00:00+09:00,2955.0,2975.0,2885.0,2885.0,49871,0.0,0.0
2020-11-16 00:00:00+09:00,2885.0,2975.0,2885.0,2930.0,31852,0.0,0.0
2020-11-17 00:00:00+09:00,2980.0,2980.0,2840.0,2905.0,23906,0.0,0.0
2020-11-18 00:00:00+09:00,2910.0,3020.0,2910.0,3000.0,73138,0.0,0.0
2020-11-19 00:00:00+09:00,3000.0,3015.0,2910.0,2980.0,33278,0.0,0.0
2020-11-20 00:00:00+09:00,2960.0,3000.0,2920.0,2980.0,46846,0.0,0.0
2020-11-23 00:00:00+09:00,3010.0,3020.0,2865.0,2945.0,45330,0.0,0.0
2020-11-24 00:00:00+09:00,2935.0,2980.0,2905.0,2960.0,26439,0.0,0.0
2020-11-25 00:00:00+09:00,2955.0,2990.0,2910.0,2935.0,41002,0.0,0.0
2020-11-26 00:00:00+09:00,2935.0,3080.0,2915.0,3050.0,122825,0.0,0.0
2020-11-27 00:00:00+09:00,3060.0,3090.0,2985.0,3055.0,44336,0.0,0.0
2020-11-30 00:00:00+09:00,3030.0,3270.0,3025.0,3180.0,185868,0.0,0.0
2020-12-01 00:00:00+09:00,3255.0,3420.0,2930.0,3135.0,369458,0.0,0.0
2020-12-02 00:00:00+09:00,3105.0,3155.0,3085.0,3135.0,51230,0.0,0.0
2020-12-03 00:00:00+09:00,3125.0,3140.0,3090.0,3125.0,46174,0.0,0.0
2020-12-04 00:00:00+09:00,3180.0,3180.0,3015.0,3080.0,67613,0.0,0.0
2020-12-07 00:00:00+09:00,3055.0,3055.0,2965.0,2970.0,39003,0.0,0.0
2020-12-08 00:00:00+09:00,2970.0,3015.0,2925.0,2925.0,64903,0.0,0.0
2020-12-09 00:00:00+09:00,2955.0,3020.0,2900.0,2945.0,36059,0.0,0.0
2020-12-10 00:00:00+09:00,2945.0,2960.0,2865.0,2945.0,16199,0.0,0.0
2020-12-11 00:00:00+09:00,2945.0,3190.0,2945.0,3080.0,132740,0.0,0.0
2020-12-14 00:00:00+09:00,3080.0,3090.0,3005.0,3065.0,32553,0.0,0.0
2020-12-15 00:00:00+09:00,3065.0,3185.0,3050.0,3165.0,79768,0.0,0.0
2020-12-16 00:00:00+09:00,3215.0,3215.0,3095.0,3105.0,41475,0.0,0.0
2020-12-17 00:00:00+09:00,3105.0,3160.0,3055.0,3145.0,39665,0.0,0.0
2020-12-18 00:00:00+09:00,3145.0,3155.0,3080.0,3135.0,169599,0.0,0.0
2020-12-21 00:00:00+09:00,3610.0,3810.0,3300.0,3300.0,3316269,0.0,0.0
2020-12-22 00:00:00+09:00,3300.0,3400.0,3105.0,3155.0,458510,0.0,0.0
2020-12-23 00:00:00+09:00,3120.0,3190.0,3005.0,3050.0,255102,0.0,0.0
2020-12-24 00:00:00+09:00,3000.0,3100.0,2995.0,3000.0,133171,0.0,0.0
2020-12-28 00:00:00+09:00,2995.0,3030.0,2960.0,2970.0,134420,0.0,0.0
2020-12-29 00:00:00+09:00,3000.0,3075.0,2975.0,3020.0,74160,0.0,0.0
2020-12-30 00:00:00+09:00,3070.0,3070.0,2950.0,3010.0,127700,0.0,0.0
2021-01-04 00:00:00+09:00,3010.0,3130.0,3005.0,3060.0,113164,0.0,0.0
2021-01-05 00:00:00+09:00,3020.0,3130.0,3005.0,3100.0,119793,0.0,0.0
2021-01-06 00:00:00+09:00,3090.0,3500.0,3090.0,3260.0,575685,0.0,0.0
2021-01-07 00:00:00+09:00,3255.0,3760.0,3255.0,3650.0,2204068,0.0,0.0
2021-01-08 00:00:00+09:00,3590.0,3660.0,3270.0,3560.0,1292591,0.0,0.0
2021-01-11 00:00:00+09:00,3495.0,3890.0,3360.0,3690.0,1286072,0.0,0.0
2021-01-12 00:00:00+09:00,3690.0,3945.0,3515.0,3755.0,1241167,0.0,0.0
2021-01-13 00:00:00+09:00,3760.0,3815.0,3685.0,3715.0,363289,0.0,0.0
2021-01-14 00:00:00+09:00,3840.0,4825.0,3805.0,4825.0,7948326,0.0,0.0
2021-01-15 00:00:00+09:00,4805.0,6100.0,4775.0,5320.0,7130089,0.0,0.0
2021-01-18 00:00:00+09:00,5260.0,5450.0,4925.0,5030.0,1663298,0.0,0.0
2021-01-19 00:00:00+09:00,5090.0,5500.0,4730.0,5500.0,2642622,0.0,0.0
2021-01-20 00:00:00+09:00,5440.0,6190.0,5410.0,5500.0,1763052,0.0,0.0
2021-01-21 00:00:00+09:00,5540.0,5590.0,5230.0,5500.0,866013,0.0,0.0
2021-01-22 00:00:00+09:00,5410.0,5420.0,5090.0,5190.0,658876,0.0,0.0
2021-01-25 00:00:00+09:00,4990.0,5050.0,4800.0,4820.0,864612,0.0,0.0
2021-01-26 00:00:00+09:00,4820.0,4985.0,4730.0,4885.0,445973,0.0,0.0
2021-01-27 00:00:00+09:00,4900.0,5270.0,4810.0,5220.0,871315,0.0,0.0
2021-01-28 00:00:00+09:00,5210.0,5250.0,4725.0,4800.0,1329731,0.0,0.0
2021-01-29 00:00:00+09:00,4910.0,4950.0,4160.0,4285.0,1256939,0.0,0.0
2021-02-01 00:00:00+09:00,4255.0,4335.0,4130.0,4285.0,345481,0.0,0.0
2021-02-02 00:00:00+09:00,4345.0,4485.0,4280.0,4340.0,436799,0.0,0.0
2021-02-03 00:00:00+09:00,4345.0,4465.0,4110.0,4130.0,560643,0.0,0.0
2021-02-04 00:00:00+09:00,4135.0,4195.0,4000.0,4095.0,420345,0.0,0.0
2021-02-05 00:00:00+09:00,4190.0,4190.0,3950.0,4135.0,446423,0.0,0.0
2021-02-08 00:00:00+09:00,4135.0,4165.0,3990.0,4015.0,277900,0.0,0.0
2021-02-09 00:00:00+09:00,4020.0,4280.0,4020.0,4120.0,428695,0.0,0.0
2021-02-10 00:00:00+09:00,4120.0,4140.0,4000.0,4095.0,292860,0.0,0.0
2021-02-15 00:00:00+09:00,4105.0,4285.0,4105.0,4180.0,354583,0.0,0.0
2021-02-16 00:00:00+09:00,4205.0,4205.0,4050.0,4095.0,319304,0.0,0.0
2021-02-17 00:00:00+09:00,4095.0,4095.0,3900.0,4025.0,317853,0.0,0.0
2021-02-18 00:00:00+09:00,4080.0,4080.0,3955.0,4005.0,309542,0.0,0.0
2021-02-19 00:00:00+09:00,4005.0,4005.0,3840.0,3930.0,204425,0.0,0.0
2021-02-22 00:00:00+09:00,3920.0,4045.0,3910.0,3910.0,126125,0.0,0.0
2021-02-23 00:00:00+09:00,3990.0,3990.0,3850.0,3880.0,102078,0.0,0.0
2021-02-24 00:00:00+09:00,3880.0,3990.0,3760.0,3760.0,168447,0.0,0.0
2021-02-25 00:00:00+09:00,3770.0,3960.0,3770.0,3920.0,144454,0.0,0.0
2021-02-26 00:00:00+09:00,3750.0,3880.0,3655.0,3745.0,224610,0.0,0.0
2021-03-02 00:00:00+09:00,3885.0,4035.0,3810.0,3925.0,328036,0.0,0.0
2021-03-03 00:00:00+09:00,3920.0,4060.0,3880.0,4010.0,174844,0.0,0.0
2021-03-04 00:00:00+09:00,4010.0,4015.0,3905.0,4015.0,179194,0.0,0.0
2021-03-05 00:00:00+09:00,4080.0,4080.0,3895.0,4000.0,152720,0.0,0.0
2021-03-08 00:00:00+09:00,4005.0,4065.0,3885.0,3885.0,208437,0.0,0.0
2021-03-09 00:00:00+09:00,3895.0,3945.0,3660.0,3780.0,140224,0.0,0.0
2021-03-10 00:00:00+09:00,3880.0,3880.0,3605.0,3605.0,109200,0.0,0.0
2021-03-11 00:00:00+09:00,3720.0,3850.0,3580.0,3815.0,150460,0.0,0.0
2021-03-12 00:00:00+09:00,3850.0,3970.0,3800.0,3970.0,123798,0.0,0.0
2021-03-15 00:00:00+09:00,3970.0,3970.0,3890.0,3935.0,55485,0.0,0.0
2021-03-16 00:00:00+09:00,3935.0,3960.0,3900.0,3920.0,96390,0.0,0.0
2021-03-17 00:00:00+09:00,3925.0,3995.0,3905.0,3970.0,92723,0.0,0.0
2021-03-18 00:00:00+09:00,3970.0,3970.0,3910.0,3920.0,105670,0.0,0.0
2021-03-19 00:00:00+09:00,3920.0,3980.0,3860.0,3935.0,71486,0.0,0.0
2021-03-22 00:00:00+09:00,4005.0,4005.0,3870.0,3875.0,108670,0.0,0.0
2021-03-23 00:00:00+09:00,3880.0,4150.0,3870.0,4070.0,527330,0.0,0.0
2021-03-24 00:00:00+09:00,4070.0,4080.0,3955.0,4080.0,295167,0.0,0.0
2021-03-25 00:00:00+09:00,4195.0,4195.0,3910.0,3940.0,413474,0.0,0.0
2021-03-26 00:00:00+09:00,3985.0,4000.0,3890.0,3910.0,67515,0.0,0.0
2021-03-29 00:00:00+09:00,3910.0,3935.0,3850.0,3875.0,88792,0.0,0.0
2021-03-30 00:00:00+09:00,3875.0,4045.0,3805.0,4000.0,134646,0.0,0.0
2021-03-31 00:00:00+09:00,4005.0,4020.0,3940.0,3940.0,87695,0.0,0.0
2021-04-01 00:00:00+09:00,3940.0,4010.0,3925.0,3945.0,74016,0.0,0.0
2021-04-02 00:00:00+09:00,3950.0,3995.0,3915.0,3990.0,56125,0.0,0.0
2021-04-05 00:00:00+09:00,3990.0,3990.0,3880.0,3940.0,155404,0.0,0.0
2021-04-06 00:00:00+09:00,3950.0,3950.0,3890.0,3920.0,79416,0.0,0.0
2021-04-07 00:00:00+09:00,3920.0,3935.0,3850.0,3920.0,49795,0.0,0.0
2021-04-08 00:00:00+09:00,3920.0,4010.0,3895.0,4000.0,141300,0.0,0.0
2021-04-09 00:00:00+09:00,4000.0,4050.0,3980.0,4010.0,147815,0.0,0.0
2021-04-12 00:00:00+09:00,4035.0,4190.0,4000.0,4085.0,337804,0.0,0.0
2021-04-13 00:00:00+09:00,4105.0,4105.0,4035.0,4075.0,131803,0.0,0.0
2021-04-14 00:00:00+09:00,4100.0,4210.0,4055.0,4185.0,402576,0.0,0.0
2021-04-15 00:00:00+09:00,4215.0,5040.0,4205.0,4630.0,4528511,0.0,0.0
2021-04-16 00:00:00+09:00,4705.0,4835.0,4610.0,4640.0,792659,0.0,0.0
2021-04-19 00:00:00+09:00,4675.0,4950.0,4645.0,4690.0,659830,0.0,0.0
2021-04-20 00:00:00+09:00,4675.0,4880.0,4620.0,4830.0,414655,0.0,0.0
2021-04-21 00:00:00+09:00,4790.0,4900.0,4720.0,4790.0,261623,0.0,0.0
2021-04-22 00:00:00+09:00,4730.0,4805.0,4640.0,4790.0,288745,0.0,0.0
2021-04-23 00:00:00+09:00,4785.0,4880.0,4665.0,4805.0,379692,0.0,0.0
2021-04-26 00:00:00+09:00,4890.0,5180.0,4780.0,5060.0,832470,0.0,0.0
2021-04-27 00:00:00+09:00,5190.0,5190.0,4990.0,5060.0,295188,0.0,0.0
2021-04-28 00:00:00+09:00,5050.0,5050.0,4800.0,4885.0,325520,0.0,0.0
2021-04-29 00:00:00+09:00,4885.0,4980.0,4735.0,4875.0,177514,0.0,0.0
2021-04-30 00:00:00+09:00,4950.0,4995.0,4810.0,4810.0,226104,0.0,0.0
2021-05-03 00:00:00+09:00,4700.0,4950.0,4540.0,4815.0,165061,0.0,0.0
2021-05-04 00:00:00+09:00,4815.0,4895.0,4595.0,4750.0,178947,0.0,0.0
2021-05-06 00:00:00+09:00,4625.0,4845.0,4540.0,4670.0,284167,0.0,0.0
2021-05-07 00:00:00+09:00,4700.0,4705.0,4575.0,4670.0,100266,0.0,0.0
2021-05-10 00:00:00+09:00,4700.0,4700.0,4580.0,4630.0,109649,0.0,0.0
2021-05-11 00:00:00+09:00,4630.0,4640.0,4335.0,4405.0,272535,0.0,0.0
2021-05-12 00:00:00+09:00,4405.0,4440.0,4235.0,4435.0,154386,0.0,0.0
2021-05-13 00:00:00+09:00,4305.0,4460.0,4240.0,4395.0,98790,0.0,0.0
2021-05-14 00:00:00+09:00,4400.0,4495.0,4310.0,4320.0,57569,0.0,0.0
2021-05-17 00:00:00+09:00,4320.0,4495.0,4180.0,4185.0,131360,0.0,0.0
2021-05-18 00:00:00+09:00,4155.0,4230.0,4135.0,4190.0,84363,0.0,0.0
2021-05-20 00:00:00+09:00,4190.0,4280.0,3965.0,4050.0,153153,0.0,0.0
2021-05-21 00:00:00+09:00,4095.0,4110.0,3985.0,4000.0,92985,0.0,0.0
2021-05-24 00:00:00+09:00,4000.0,4030.0,3860.0,3890.0,58366,0.0,0.0
2021-05-25 00:00:00+09:00,3930.0,4020.0,3815.0,3975.0,83569,0.0,0.0
2021-05-26 00:00:00+09:00,4030.0,4030.0,3930.0,3995.0,53152,0.0,0.0
2021-05-27 00:00:00+09:00,3995.0,4030.0,3950.0,4015.0,48335,0.0,0.0
2021-05-28 00:00:00+09:00,4025.0,4175.0,4025.0,4055.0,42121,0.0,0.0
2021-05-31 00:00:00+09:00,4155.0,4290.0,4055.0,4095.0,69442,0.0,0.0
2021-06-01 00:00:00+09:00,4090.0,4115.0,4035.0,4075.0,60614,0.0,0.0
2021-06-02 00:00:00+09:00,4075.0,4110.0,3990.0,4000.0,75970,0.0,0.0
2021-06-03 00:00:00+09:00,3980.0,4050.0,3980.0,4040.0,38651,0.0,0.0
2021-06-04 00:00:00+09:00,4025.0,4070.0,3990.0,4020.0,37211,0.0,0.0
2021-06-07 00:00:00+09:00,4020.0,5190.0,3960.0,4250.0,1196888,0.0,0.0
2021-06-08 00:00:00+09:00,4325.0,4520.0,4100.0,4215.0,576534,0.0,0.0
2021-06-09 00:00:00+09:00,4250.0,4265.0,4120.0,4220.0,405241,0.0,0.0
2021-06-10 00:00:00+09:00,4930.0,5000.0,4345.0,4350.0,6161674,0.0,0.0
2021-06-11 00:00:00+09:00,4440.0,4450.0,4210.0,4260.0,722112,0.0,0.0
2021-06-14 00:00:00+09:00,4260.0,4275.0,4120.0,4140.0,313531,0.0,0.0
2021-06-15 00:00:00+09:00,4140.0,4265.0,4085.0,4240.0,234875,0.0,0.0
2021-06-16 00:00:00+09:00,4200.0,4240.0,4190.0,4195.0,123383,0.0,0.0
2021-06-17 00:00:00+09:00,4240.0,4240.0,4125.0,4150.0,151876,0.0,0.0
2021-06-18 00:00:00+09:00,4120.0,4500.0,4055.0,4225.0,745258,0.0,0.0
2021-06-21 00:00:00+09:00,4225.0,4250.0,4105.0,4135.0,208623,0.0,0.0
2021-06-22 00:00:00+09:00,4165.0,4200.0,4100.0,4135.0,115609,0.0,0.0
2021-06-23 00:00:00+09:00,4130.0,4170.0,4075.0,4105.0,162369,0.0,0.0
2021-06-24 00:00:00+09:00,4105.0,4115.0,4000.0,4050.0,150338,0.0,0.0
2021-06-25 00:00:00+09:00,4085.0,4845.0,4040.0,4235.0,2605193,0.0,0.0
2021-06-28 00:00:00+09:00,4235.0,4320.0,4190.0,4230.0,269908,0.0,0.0
2021-06-29 00:00:00+09:00,4200.0,4565.0,4200.0,4475.0,1166142,0.0,0.0
2021-06-30 00:00:00+09:00,4500.0,4565.0,4450.0,4515.0,355598,0.0,0.0
2021-07-01 00:00:00+09:00,4560.0,4560.0,4400.0,4490.0,315015,0.0,0.0
2021-07-02 00:00:00+09:00,4515.0,4830.0,4490.0,4605.0,1073361,0.0,0.0
2021-07-05 00:00:00+09:00,4610.0,4715.0,4480.0,4700.0,418617,0.0,0.0
2021-07-06 00:00:00+09:00,4720.0,4770.0,4610.0,4665.0,268432,0.0,0.0
2021-07-07 00:00:00+09:00,4660.0,4700.0,4500.0,4545.0,197444,0.0,0.0
2021-07-08 00:00:00+09:00,4545.0,4570.0,4340.0,4390.0,271025,0.0,0.0
2021-07-09 00:00:00+09:00,4390.0,4400.0,4190.0,4400.0,247405,0.0,0.0
2021-07-12 00:00:00+09:00,4400.0,4525.0,4400.0,4430.0,120433,0.0,0.0
2021-07-13 00:00:00+09:00,4480.0,4680.0,4430.0,4625.0,262204,0.0,0.0
2021-07-14 00:00:00+09:00,4550.0,4740.0,4520.0,4730.0,291001,0.0,0.0
2021-07-15 00:00:00+09:00,4700.0,4740.0,4615.0,4725.0,243077,0.0,0.0
2021-07-16 00:00:00+09:00,4730.0,4800.0,4605.0,4690.0,221627,0.0,0.0
2021-07-19 00:00:00+09:00,4580.0,4800.0,4555.0,4780.0,298718,0.0,0.0
2021-07-20 00:00:00+09:00,4680.0,4740.0,4610.0,4740.0,219205,0.0,0.0
2021-07-21 00:00:00+09:00,4820.0,4820.0,4580.0,4625.0,217060,0.0,0.0
2021-07-22 00:00:00+09:00,4600.0,4840.0,4585.0,4840.0,386522,0.0,0.0
2021-07-23 00:00:00+09:00,4860.0,5340.0,4720.0,4720.0,2345545,0.0,0.0
2021-07-26 00:00:00+09:00,4730.0,4780.0,4600.0,4655.0,248534,0.0,0.0
2021-07-27 00:00:00+09:00,4645.0,4660.0,4500.0,4500.0,188988,0.0,0.0
2021-07-28 00:00:00+09:00,4500.0,4655.0,4420.0,4440.0,160791,0.0,0.0
2021-07-29 00:00:00+09:00,4505.0,4540.0,4335.0,4355.0,254761,0.0,0.0
2021-07-30 00:00:00+09:00,4370.0,4430.0,4265.0,4330.0,150503,0.0,0.0
2021-08-02 00:00:00+09:00,4245.0,4345.0,4245.0,4315.0,88969,0.0,0.0
2021-08-03 00:00:00+09:00,4305.0,4430.0,4275.0,4370.0,93520,0.0,0.0
2021-08-04 00:00:00+09:00,4380.0,4520.0,4350.0,4500.0,118580,0.0,0.0
2021-08-05 00:00:00+09:00,4465.0,4500.0,4395.0,4445.0,41073,0.0,0.0
2021-08-06 00:00:00+09:00,4505.0,4505.0,4375.0,4405.0,73068,0.0,0.0
2021-08-09 00:00:00+09:00,4395.0,4475.0,4345.0,4405.0,83933,0.0,0.0
2021-08-10 00:00:00+09:00,4345.0,4430.0,4225.0,4310.0,155803,0.0,0.0
2021-08-11 00:00:00+09:00,4315.0,4420.0,4260.0,4275.0,96016,0.0,0.0
2021-08-12 00:00:00+09:00,4275.0,4385.0,4250.0,4260.0,53659,0.0,0.0
2021-08-13 00:00:00+09:00,4285.0,4285.0,4125.0,4190.0,106823,0.0,0.0
2021-08-17 00:00:00+09:00,4105.0,4160.0,4000.0,4005.0,144507,0.0,0.0
2021-08-18 00:00:00+09:00,4000.0,4115.0,3995.0,4010.0,78339,0.0,0.0
2021-08-19 00:00:00+09:00,3995.0,4080.0,3790.0,3790.0,218135,0.0,0.0
2021-08-20 00:00:00+09:00,3780.0,3935.0,3755.0,3825.0,108912,0.0,0.0
2021-08-23 00:00:00+09:00,3805.0,4090.0,3790.0,4000.0,79943,0.0,0.0
2021-08-24 00:00:00+09:00,3980.0,4130.0,3980.0,4085.0,51849,0.0,0.0
2021-08-25 00:00:00+09:00,4020.0,4185.0,4020.0,4110.0,52913,0.0,0.0
2021-08-26 00:00:00+09:00,4110.0,4185.0,4045.0,4070.0,36330,0.0,0.0
2021-08-27 00:00:00+09:00,4010.0,4135.0,4000.0,4120.0,75291,0.0,0.0
2021-08-30 00:00:00+09:00,4250.0,4670.0,4120.0,4255.0,318495,0.0,0.0
2021-08-31 00:00:00+09:00,4195.0,4230.0,4125.0,4155.0,163948,0.0,0.0
2021-09-01 00:00:00+09:00,4205.0,4280.0,4110.0,4220.0,104035,0.0,0.0
2021-09-02 00:00:00+09:00,4220.0,4305.0,4140.0,4225.0,71010,0.0,0.0
2021-09-03 00:00:00+09:00,4225.0,4400.0,4220.0,4380.0,70580,0.0,0.0
2021-09-06 00:00:00+09:00,4380.0,4380.0,4280.0,4340.0,50876,0.0,0.0
2021-09-07 00:00:00+09:00,4320.0,4320.0,4205.0,4265.0,70102,0.0,0.0
2021-09-08 00:00:00+09:00,4265.0,4265.0,4085.0,4090.0,126806,0.0,0.0
2021-09-09 00:00:00+09:00,4025.0,4150.0,4025.0,4090.0,65269,0.0,0.0
2021-09-10 00:00:00+09:00,4025.0,4110.0,3995.0,4035.0,110520,0.0,0.0
2021-09-13 00:00:00+09:00,4060.0,4070.0,3875.0,3980.0,132219,0.0,0.0
2021-09-14 00:00:00+09:00,4000.0,4100.0,3915.0,4000.0,59462,0.0,0.0
2021-09-15 00:00:00+09:00,4040.0,4040.0,3900.0,3995.0,61283,0.0,0.0
2021-09-16 00:00:00+09:00,4040.0,4040.0,3900.0,3910.0,50595,0.0,0.0
2021-09-17 00:00:00+09:00,3910.0,3980.0,3895.0,3905.0,39536,0.0,0.0
2021-09-23 00:00:00+09:00,3850.0,3935.0,3850.0,3850.0,54563,0.0,0.0
2021-09-24 00:00:00+09:00,3850.0,3955.0,3850.0,3910.0,28500,0.0,0.0
2021-09-27 00:00:00+09:00,3860.0,3935.0,3860.0,3880.0,33468,0.0,0.0
2021-09-28 00:00:00+09:00,3940.0,3940.0,3775.0,3805.0,72155,0.0,0.0
2021-09-29 00:00:00+09:00,3805.0,3805.0,3520.0,3570.0,310737,0.0,0.0
2021-09-30 00:00:00+09:00,3550.0,3840.0,3525.0,3750.0,99183,0.0,0.0
2021-10-01 00:00:00+09:00,3620.0,3735.0,3605.0,3675.0,54526,0.0,0.0
2021-10-05 00:00:00+09:00,3675.0,3680.0,3500.0,3585.0,49050,0.0,0.0
2021-10-06 00:00:00+09:00,3620.0,3660.0,3350.0,3380.0,101188,0.0,0.0
2021-10-07 00:00:00+09:00,3380.0,3650.0,3380.0,3625.0,91051,0.0,0.0
2021-10-08 00:00:00+09:00,3675.0,3740.0,3625.0,3700.0,26138,0.0,0.0
2021-10-12 00:00:00+09:00,3710.0,3740.0,3600.0,3640.0,16948,0.0,0.0
2021-10-13 00:00:00+09:00,3585.0,3900.0,3550.0,3880.0,60863,0.0,0.0
2021-10-14 00:00:00+09:00,3880.0,3910.0,3820.0,3895.0,37184,0.0,0.0
2021-10-15 00:00:00+09:00,3895.0,3950.0,3860.0,3890.0,21889,0.0,0.0
2021-10-18 00:00:00+09:00,3860.0,3950.0,3820.0,3865.0,21089,0.0,0.0
2021-10-19 00:00:00+09:00,3870.0,3940.0,3800.0,3890.0,14389,0.0,0.0
2021-10-20 00:00:00+09:00,3895.0,3915.0,3820.0,3830.0,16873,0.0,0.0
2021-10-21 00:00:00+09:00,3880.0,3880.0,3705.0,3730.0,33181,0.0,0.0
2021-10-22 00:00:00+09:00,3840.0,3840.0,3655.0,3790.0,36587,0.0,0.0
2021-10-25 00:00:00+09:00,3790.0,3790.0,3695.0,3750.0,19519,0.0,0.0
2021-10-26 00:00:00+09:00,3700.0,3865.0,3700.0,3775.0,11460,0.0,0.0
2021-10-27 00:00:00+09:00,3750.0,3775.0,3570.0,3695.0,33848,0.0,0.0
2021-10-28 00:00:00+09:00,3610.0,3700.0,3610.0,3670.0,31843,0.0,0.0
2021-10-29 00:00:00+09:00,3630.0,3685.0,3630.0,3680.0,18698,0.0,0.0
2021-11-01 00:00:00+09:00,3595.0,3740.0,3555.0,3610.0,21876,0.0,0.0
2021-11-02 00:00:00+09:00,3595.0,3750.0,3595.0,3715.0,31328,0.0,0.0
2021-11-03 00:00:00+09:00,3715.0,3785.0,3655.0,3680.0,16171,0.0,0.0
2021-11-04 00:00:00+09:00,3605.0,3710.0,3540.0,3590.0,24999,0.0,0.0
2021-11-05 00:00:00+09:00,3530.0,3645.0,3520.0,3600.0,28397,0.0,0.0
2021-11-08 00:00:00+09:00,3600.0,3700.0,3380.0,3610.0,50068,0.0,0.0
2021-11-09 00:00:00+09:00,3640.0,3640.0,3505.0,3595.0,22748,0.0,0.0
2021-11-10 00:00:00+09:00,3600.0,3600.0,3460.0,3535.0,21938,0.0,0.0
2021-11-11 00:00:00+09:00,3390.0,3520.0,3390.0,3475.0,17996,0.0,0.0
2021-11-12 00:00:00+09:00,3465.0,3580.0,3460.0,3575.0,21930,0.0,0.0
2021-11-15 00:00:00+09:00,3580.0,3640.0,3450.0,3495.0,53960,0.0,0.0
2021-11-16 00:00:00+09:00,3500.0,3670.0,3500.0,3645.0,86566,0.0,0.0
2021-11-17 00:00:00+09:00,3650.0,3790.0,3645.0,3670.0,61160,0.0,0.0
2021-11-18 00:00:00+09:00,3670.0,3790.0,3670.0,3770.0,37501,0.0,0.0
2021-11-19 00:00:00+09:00,3770.0,3790.0,3695.0,3700.0,19360,0.0,0.0
2021-11-22 00:00:00+09:00,3700.0,3845.0,3585.0,3585.0,39271,0.0,0.0
2021-11-23 00:00:00+09:00,3590.0,3650.0,3475.0,3485.0,30399,0.0,0.0
2021-11-24 00:00:00+09:00,3485.0,3565.0,3450.0,3485.0,25487,0.0,0.0
2021-11-25 00:00:00+09:00,3500.0,3530.0,3445.0,3480.0,22404,0.0,0.0
2021-11-26 00:00:00+09:00,3465.0,3525.0,3350.0,3425.0,42265,0.0,0.0
2021-11-29 00:00:00+09:00,3300.0,3410.0,3300.0,3375.0,30082,0.0,0.0
2021-11-30 00:00:00+09:00,3450.0,3450.0,3200.0,3245.0,57234,0.0,0.0
2021-12-01 00:00:00+09:00,3245.0,3380.0,3245.0,3350.0,46425,0.0,0.0
2021-12-02 00:00:00+09:00,3420.0,3485.0,3355.0,3460.0,29464,0.0,0.0
2021-12-03 00:00:00+09:00,3530.0,3690.0,3480.0,3620.0,49694,0.0,0.0
2021-12-06 00:00:00+09:00,3660.0,3790.0,3620.0,3755.0,61850,0.0,0.0
2021-12-07 00:00:00+09:00,3800.0,3800.0,3725.0,3775.0,21315,0.0,0.0
2021-12-08 00:00:00+09:00,3770.0,3840.0,3740.0,3825.0,45728,0.0,0.0
2021-12-09 00:00:00+09:00,3790.0,4090.0,3790.0,4080.0,228037,0.0,0.0
2021-12-10 00:00:00+09:00,4090.0,4095.0,3995.0,4030.0,51405,0.0,0.0
2021-12-13 00:00:00+09:00,4005.0,4025.0,3755.0,3970.0,75417,0.0,0.0
2021-12-14 00:00:00+09:00,3900.0,4100.0,3900.0,4090.0,112914,0.0,0.0
2021-12-15 00:00:00+09:00,4100.0,4105.0,3810.0,3940.0,35132,0.0,0.0
2021-12-16 00:00:00+09:00,3955.0,3955.0,3700.0,3765.0,96683,0.0,0.0
2021-12-17 00:00:00+09:00,3775.0,3775.0,3585.0,3610.0,60386,0.0,0.0
2021-12-20 00:00:00+09:00,3610.0,3610.0,3400.0,3445.0,96967,0.0,0.0
2021-12-21 00:00:00+09:00,3485.0,3520.0,3395.0,3490.0,28375,0.0,0.0
2021-12-22 00:00:00+09:00,3495.0,3540.0,3480.0,3525.0,37175,0.0,0.0
2021-12-23 00:00:00+09:00,3545.0,3570.0,3500.0,3545.0,54270,0.0,0.0
2021-12-24 00:00:00+09:00,3580.0,3645.0,3500.0,3560.0,41654,0.0,0.0
2021-12-27 00:00:00+09:00,3675.0,3675.0,3455.0,3560.0,43478,0.0,0.0
2021-12-28 00:00:00+09:00,3585.0,3585.0,3470.0,3495.0,39299,0.0,0.0
2021-12-29 00:00:00+09:00,3315.0,3645.0,3315.0,3545.0,56887,0.0,0.0
2021-12-30 00:00:00+09:00,3545.0,3640.0,3535.0,3565.0,25831,0.0,0.0
2022-01-04 00:00:00+09:00,3610.0,3610.0,3510.0,3605.0,26698,0.0,0.0
2022-01-05 00:00:00+09:00,3630.0,3750.0,3550.0,3715.0,79056,0.0,0.0
2022-01-06 00:00:00+09:00,3675.0,3750.0,3600.0,3695.0,49454,0.0,0.0
2022-01-07 00:00:00+09:00,3650.0,3740.0,3620.0,3735.0,36345,0.0,0.0
2022-01-10 00:00:00+09:00,3730.0,3740.0,3560.0,3625.0,34987,0.0,0.0
2022-01-11 00:00:00+09:00,3590.0,3645.0,3530.0,3535.0,30201,0.0,0.0
2022-01-12 00:00:00+09:00,3570.0,3675.0,3510.0,3610.0,34764,0.0,0.0
2022-01-13 00:00:00+09:00,3610.0,3610.0,3480.0,3570.0,75198,0.0,0.0
2022-01-14 00:00:00+09:00,3570.0,3605.0,3485.0,3545.0,58762,0.0,0.0
2022-01-17 00:00:00+09:00,3545.0,3545.0,3385.0,3410.0,55136,0.0,0.0
2022-01-18 00:00:00+09:00,3375.0,3410.0,3285.0,3285.0,53968,0.0,0.0
2022-01-19 00:00:00+09:00,3280.0,3420.0,3235.0,3380.0,62709,0.0,0.0
2022-01-20 00:00:00+09:00,3385.0,3465.0,3310.0,3460.0,62877,0.0,0.0
2022-01-21 00:00:00+09:00,3465.0,3650.0,3395.0,3480.0,58002,0.0,0.0
2022-01-24 00:00:00+09:00,3450.0,3505.0,3350.0,3400.0,49032,0.0,0.0
2022-01-25 00:00:00+09:00,3400.0,3430.0,3245.0,3250.0,70460,0.0,0.0
2022-01-26 00:00:00+09:00,3180.0,3400.0,3180.0,3325.0,43005,0.0,0.0
2022-01-27 00:00:00+09:00,3325.0,3450.0,3110.0,3110.0,72358,0.0,0.0
2022-01-28 00:00:00+09:00,3120.0,3295.0,3090.0,3255.0,42981,0.0,0.0
2022-02-03 00:00:00+09:00,3350.0,3450.0,3290.0,3430.0,47272,0.0,0.0
2022-02-04 00:00:00+09:00,3495.0,3530.0,3430.0,3480.0,23167,0.0,0.0
2022-02-07 00:00:00+09:00,3470.0,3540.0,3375.0,3450.0,27520,0.0,0.0
2022-02-08 00:00:00+09:00,3460.0,3495.0,3250.0,3250.0,50231,0.0,0.0
2022-02-09 00:00:00+09:00,3300.0,3380.0,3250.0,3380.0,49786,0.0,0.0
2022-02-10 00:00:00+09:00,3405.0,3630.0,3405.0,3525.0,132557,0.0,0.0
2022-02-11 00:00:00+09:00,3525.0,3525.0,3400.0,3470.0,46353,0.0,0.0
2022-02-15 00:00:00+09:00,3350.0,3380.0,3200.0,3200.0,59502,0.0,0.0
2022-02-16 00:00:00+09:00,3205.0,3360.0,3205.0,3240.0,48781,0.0,0.0
2022-02-17 00:00:00+09:00,3270.0,3345.0,3240.0,3290.0,46899,0.0,0.0
2022-02-18 00:00:00+09:00,3275.0,3350.0,3275.0,3295.0,18068,0.0,0.0
2022-02-21 00:00:00+09:00,3260.0,3400.0,3240.0,3300.0,41750,0.0,0.0
2022-02-22 00:00:00+09:00,3270.0,3350.0,3150.0,3155.0,49879,0.0,0.0
2022-02-23 00:00:00+09:00,3140.0,3290.0,3140.0,3255.0,33428,0.0,0.0
2022-02-24 00:00:00+09:00,3255.0,3300.0,3115.0,3215.0,49101,0.0,0.0
2022-02-25 00:00:00+09:00,3215.0,3300.0,3160.0,3215.0,26013,0.0,0.0
2022-02-28 00:00:00+09:00,3215.0,3300.0,3180.0,3285.0,27292,0.0,0.0
2022-03-02 00:00:00+09:00,3285.0,3315.0,3140.0,3220.0,28792,0.0,0.0
2022-03-03 00:00:00+09:00,3220.0,3270.0,3205.0,3235.0,14959,0.0,0.0
2022-03-04 00:00:00+09:00,3185.0,3230.0,3130.0,3165.0,59706,0.0,0.0
2022-03-07 00:00:00+09:00,3165.0,3165.0,3075.0,3110.0,36770,0.0,0.0
2022-03-08 00:00:00+09:00,3050.0,3095.0,2980.0,2980.0,44335,0.0,0.0
2022-03-10 00:00:00+09:00,3005.0,3120.0,3000.0,3100.0,16242,0.0,0.0
2022-03-11 00:00:00+09:00,3070.0,3180.0,3070.0,3115.0,21497,0.0,0.0
2022-03-14 00:00:00+09:00,3120.0,3165.0,3025.0,3095.0,15278,0.0,0.0
2022-03-15 00:00:00+09:00,3050.0,3095.0,2980.0,3040.0,34785,0.0,0.0
2022-03-16 00:00:00+09:00,3040.0,3060.0,2985.0,3025.0,24714,0.0,0.0
2022-03-17 00:00:00+09:00,3055.0,3145.0,3025.0,3135.0,42649,0.0,0.0
2022-03-18 00:00:00+09:00,3150.0,3175.0,3135.0,3155.0,22948,0.0,0.0
2022-03-21 00:00:00+09:00,3200.0,3200.0,3120.0,3170.0,22341,0.0,0.0
2022-03-22 00:00:00+09:00,3165.0,3210.0,3090.0,3140.0,20126,0.0,0.0
2022-03-23 00:00:00+09:00,3160.0,3195.0,3090.0,3125.0,25458,0.0,0.0
2022-03-24 00:00:00+09:00,3135.0,3185.0,3120.0,3185.0,29990,0.0,0.0
2022-03-25 00:00:00+09:00,3215.0,3235.0,3100.0,3130.0,32603,0.0,0.0
2022-03-28 00:00:00+09:00,3135.0,3180.0,3100.0,3135.0,52671,0.0,0.0
2022-03-29 00:00:00+09:00,3135.0,3170.0,3005.0,3150.0,15186,0.0,0.0
2022-03-30 00:00:00+09:00,3155.0,3195.0,3115.0,3145.0,26747,0.0,0.0
2022-03-31 00:00:00+09:00,3145.0,3160.0,3070.0,3115.0,43008,0.0,0.0
2022-04-01 00:00:00+09:00,3155.0,3240.0,3110.0,3215.0,64443,0.0,0.0
2022-04-04 00:00:00+09:00,3215.0,3320.0,3195.0,3320.0,58504,0.0,0.0
2022-04-05 00:00:00+09:00,3320.0,3400.0,3285.0,3395.0,42941,0.0,0.0
2022-04-06 00:00:00+09:00,3365.0,3400.0,3320.0,3400.0,39908,0.0,0.0
2022-04-07 00:00:00+09:00,3360.0,3420.0,3305.0,3355.0,91212,0.0,0.0
2022-04-08 00:00:00+09:00,3335.0,3425.0,3315.0,3370.0,30960,0.0,0.0
2022-04-11 00:00:00+09:00,3355.0,3370.0,3250.0,3300.0,31292,0.0,0.0
2022-04-12 00:00:00+09:00,3250.0,3285.0,3190.0,3265.0,32537,0.0,0.0
2022-04-13 00:00:00+09:00,3250.0,3365.0,3240.0,3365.0,26155,0.0,0.0
2022-04-14 00:00:00+09:00,3360.0,3400.0,3275.0,3325.0,47176,0.0,0.0
2022-04-15 00:00:00+09:00,3320.0,3350.0,3275.0,3350.0,36148,0.0,0.0
2022-04-18 00:00:00+09:00,3315.0,3370.0,3200.0,3215.0,35528,0.0,0.0
2022-04-19 00:00:00+09:00,3185.0,3240.0,3170.0,3185.0,32869,0.0,0.0
2022-04-20 00:00:00+09:00,3290.0,4075.0,3215.0,3650.0,5995908,0.0,0.0
2022-04-21 00:00:00+09:00,3610.0,3650.0,3475.0,3525.0,392795,0.0,0.0
2022-04-22 00:00:00+09:00,3490.0,3550.0,3420.0,3505.0,277593,0.0,0.0
2022-04-25 00:00:00+09:00,3460.0,3590.0,3380.0,3570.0,413647,0.0,0.0
2022-04-26 00:00:00+09:00,3570.0,3580.0,3460.0,3570.0,221929,0.0,0.0
2022-04-27 00:00:00+09:00,3500.0,3520.0,3390.0,3520.0,110856,0.0,0.0
2022-04-28 00:00:00+09:00,3520.0,3590.0,3480.0,3520.0,84782,0.0,0.0
2022-04-29 00:00:00+09:00,3520.0,3605.0,3495.0,3530.0,127230,0.0,0.0
2022-05-03 00:00:00+09:00,3630.0,3645.0,3545.0,3605.0,100725,0.0,0.0
2022-05-04 00:00:00+09:00,3610.0,3645.0,3470.0,3540.0,106253,0.0,0.0
2022-05-06 00:00:00+09:00,3500.0,3590.0,3440.0,3530.0,98680,0.0,0.0
2022-05-10 00:00:00+09:00,3300.0,3380.0,3165.0,3350.0,147606,0.0,0.0
2022-05-11 00:00:00+09:00,3305.0,3380.0,3305.0,3375.0,35765,0.0,0.0
2022-05-12 00:00:00+09:00,3375.0,3385.0,3170.0,3215.0,70772,0.0,0.0
2022-05-13 00:00:00+09:00,3215.0,3285.0,3200.0,3275.0,50990,0.0,0.0
2022-05-16 00:00:00+09:00,3190.0,3495.0,3190.0,3365.0,65602,0.0,0.0
2022-05-17 00:00:00+09:00,3370.0,3460.0,3365.0,3440.0,58398,0.0,0.0
2022-05-18 00:00:00+09:00,3465.0,3475.0,3260.0,3335.0,150848,0.0,0.0
2022-05-19 00:00:00+09:00,3325.0,3325.0,3210.0,3270.0,38182,0.0,0.0
2022-05-20 00:00:00+09:00,3270.0,3365.0,3240.0,3290.0,31563,0.0,0.0
2022-05-23 00:00:00+09:00,3270.0,3325.0,3225.0,3260.0,60844,0.0,0.0
2022-05-24 00:00:00+09:00,3220.0,3300.0,3185.0,3200.0,57241,0.0,0.0
2022-05-25 00:00:00+09:00,3200.0,3250.0,3195.0,3235.0,30916,0.0,0.0
2022-05-26 00:00:00+09:00,3245.0,3300.0,3240.0,3280.0,20685,0.0,0.0
2022-05-27 00:00:00+09:00,3280.0,3330.0,3230.0,3295.0,29902,0.0,0.0
2022-05-30 00:00:00+09:00,3295.0,3320.0,3225.0,3290.0,52869,0.0,0.0
2022-05-31 00:00:00+09:00,3270.0,3310.0,3235.0,3295.0,39303,0.0,0.0
2022-06-02 00:00:00+09:00,3280.0,3295.0,3150.0,3210.0,112193,0.0,0.0
2022-06-03 00:00:00+09:00,3210.0,3290.0,3165.0,3220.0,45733,0.0,0.0
2022-06-07 00:00:00+09:00,3215.0,3215.0,3040.0,3090.0,180205,0.0,0.0
2022-06-08 00:00:00+09:00,3090.0,3145.0,3020.0,3140.0,43862,0.0,0.0
2022-06-09 00:00:00+09:00,3120.0,3120.0,3030.0,3085.0,36497,0.0,0.0
2022-06-10 00:00:00+09:00,3080.0,3080.0,3000.0,3025.0,51247,0.0,0.0
2022-06-13 00:00:00+09:00,2910.0,2965.0,2800.0,2825.0,132041,0.0,0.0
2022-06-14 00:00:00+09:00,2700.0,2825.0,2690.0,2815.0,68777,0.0,0.0
2022-06-15 00:00:00+09:00,2855.0,2930.0,2700.0,2910.0,81333,0.0,0.0
2022-06-16 00:00:00+09:00,2915.0,3000.0,2900.0,3000.0,48125,0.0,0.0
2022-06-17 00:00:00+09:00,2995.0,3040.0,2915.0,3000.0,46580,0.0,0.0
2022-06-20 00:00:00+09:00,3000.0,3050.0,2880.0,3000.0,41008,0.0,0.0
2022-06-21 00:00:00+09:00,2975.0,3020.0,2925.0,3000.0,35842,0.0,0.0
2022-06-22 00:00:00+09:00,2935.0,3050.0,2810.0,2870.0,83024,0.0,0.0
2022-06-23 00:00:00+09:00,2870.0,2900.0,2610.0,2755.0,68417,0.0,0.0
2022-06-24 00:00:00+09:00,2755.0,2900.0,2710.0,2865.0,88934,0.0,0.0
2022-06-27 00:00:00+09:00,2865.0,2945.0,2835.0,2885.0,36390,0.0,0.0
2022-06-28 00:00:00+09:00,2910.0,2910.0,2815.0,2845.0,22776,0.0,0.0
2022-06-29 00:00:00+09:00,2860.0,3060.0,2790.0,2965.0,63101,0.0,0.0
2022-06-30 00:00:00+09:00,2965.0,2980.0,2875.0,2935.0,30266,0.0,0.0
2022-07-01 00:00:00+09:00,2935.0,3000.0,2700.0,2945.0,38184,0.0,0.0
2022-07-04 00:00:00+09:00,2845.0,2945.0,2795.0,2910.0,64121,0.0,0.0
2022-07-05 00:00:00+09:00,2930.0,2975.0,2875.0,2915.0,24138,0.0,0.0
2022-07-06 00:00:00+09:00,2945.0,2945.0,2875.0,2925.0,15019,0.0,0.0
2022-07-07 00:00:00+09:00,2920.0,2935.0,2890.0,2930.0,9115,0.0,0.0
2022-07-08 00:00:00+09:00,2900.0,3025.0,2900.0,3025.0,59320,0.0,0.0
2022-07-11 00:00:00+09:00,3025.0,3045.0,2930.0,3010.0,18352,0.0,0.0
2022-07-12 00:00:00+09:00,2965.0,3070.0,2900.0,2910.0,23508,0.0,0.0
2022-07-13 00:00:00+09:00,2820.0,2980.0,2820.0,2910.0,17165,0.0,0.0
2022-07-14 00:00:00+09:00,2850.0,2950.0,2850.0,2870.0,11473,0.0,0.0
2022-07-15 00:00:00+09:00,2830.0,2950.0,2830.0,2930.0,22798,0.0,0.0
2022-07-18 00:00:00+09:00,2960.0,2985.0,2900.0,2980.0,17535,0.0,0.0
2022-07-19 00:00:00+09:00,2980.0,3015.0,2920.0,3010.0,26885,0.0,0.0
2022-07-20 00:00:00+09:00,3010.0,3040.0,2960.0,2970.0,27573,0.0,0.0
2022-07-21 00:00:00+09:00,2950.0,3010.0,2930.0,2930.0,27265,0.0,0.0
2022-07-22 00:00:00+09:00,2960.0,2985.0,2940.0,2970.0,8636,0.0,0.0
2022-07-25 00:00:00+09:00,2990.0,3000.0,2950.0,2975.0,8515,0.0,0.0
2022-07-26 00:00:00+09:00,2965.0,3000.0,2850.0,2965.0,43519,0.0,0.0
2022-07-27 00:00:00+09:00,2965.0,2990.0,2875.0,2895.0,12145,0.0,0.0
2022-07-28 00:00:00+09:00,2830.0,3040.0,2830.0,2975.0,34153,0.0,0.0
2022-07-29 00:00:00+09:00,2975.0,2985.0,2940.0,2950.0,26425,0.0,0.0
2022-08-01 00:00:00+09:00,2980.0,2980.0,2910.0,2955.0,16922,0.0,0.0
2022-08-02 00:00:00+09:00,2955.0,2955.0,2890.0,2890.0,11084,0.0,0.0
2022-08-03 00:00:00+09:00,2890.0,2955.0,2875.0,2955.0,19415,0.0,0.0
2022-08-04 00:00:00+09:00,2980.0,3225.0,2900.0,2950.0,316268,0.0,0.0
2022-08-05 00:00:00+09:00,3000.0,3000.0,2925.0,2945.0,16679,0.0,0.0
2022-08-08 00:00:00+09:00,2945.0,2990.0,2915.0,2915.0,19121,0.0,0.0
2022-08-09 00:00:00+09:00,2915.0,2950.0,2885.0,2925.0,18880,0.0,0.0
2022-08-10 00:00:00+09:00,2925.0,2980.0,2885.0,2930.0,12002,0.0,0.0
2022-08-11 00:00:00+09:00,2930.0,2970.0,2915.0,2945.0,15211,0.0,0.0
2022-08-12 00:00:00+09:00,2940.0,2975.0,2875.0,2920.0,24622,0.0,0.0
2022-08-16 00:00:00+09:00,2920.0,2925.0,2890.0,2925.0,8854,0.0,0.0
2022-08-17 00:00:00+09:00,2915.0,2925.0,2840.0,2870.0,25460,0.0,0.0
2022-08-18 00:00:00+09:00,2840.0,2880.0,2830.0,2880.0,18270,0.0,0.0
2022-08-19 00:00:00+09:00,2855.0,2920.0,2800.0,2880.0,29317,0.0,0.0
2022-08-22 00:00:00+09:00,2880.0,2880.0,2775.0,2780.0,22085,0.0,0.0
2022-08-23 00:00:00+09:00,2705.0,2765.0,2640.0,2680.0,80654,0.0,0.0
2022-08-24 00:00:00+09:00,2610.0,2730.0,2610.0,2680.0,28281,0.0,0.0
2022-08-25 00:00:00+09:00,2730.0,2745.0,2675.0,2700.0,23748,0.0,0.0
2022-08-26 00:00:00+09:00,2705.0,2735.0,2690.0,2695.0,11908,0.0,0.0
2022-08-29 00:00:00+09:00,2665.0,2665.0,2540.0,2650.0,47623,0.0,0.0
2022-08-30 00:00:00+09:00,2605.0,2745.0,2605.0,2710.0,28267,0.0,0.0
2022-08-31 00:00:00+09:00,2710.0,2760.0,2680.0,2740.0,12493,0.0,0.0
2022-09-01 00:00:00+09:00,2730.0,2770.0,2625.0,2675.0,19855,0.0,0.0
2022-09-02 00:00:00+09:00,2675.0,2690.0,2640.0,2665.0,6530,0.0,0.0
2022-09-05 00:00:00+09:00,2620.0,2680.0,2580.0,2585.0,17765,0.0,0.0
2022-09-06 00:00:00+09:00,2530.0,2660.0,2505.0,2600.0,27749,0.0,0.0
2022-09-07 00:00:00+09:00,2600.0,2680.0,2575.0,2675.0,23567,0.0,0.0
2022-09-08 00:00:00+09:00,2630.0,2675.0,2605.0,2675.0,18179,0.0,0.0
2022-09-13 00:00:00+09:00,2700.0,2715.0,2610.0,2710.0,33470,0.0,0.0
2022-09-14 00:00:00+09:00,2680.0,2760.0,2630.0,2735.0,14710,0.0,0.0
2022-09-15 00:00:00+09:00,2740.0,2795.0,2680.0,2705.0,22725,0.0,0.0
2022-09-16 00:00:00+09:00,2660.0,2715.0,2660.0,2715.0,14341,0.0,0.0
2022-09-19 00:00:00+09:00,2690.0,2800.0,2625.0,2650.0,13179,0.0,0.0
2022-09-20 00:00:00+09:00,2695.0,3095.0,2635.0,2730.0,1222309,0.0,0.0
2022-09-21 00:00:00+09:00,2750.0,2755.0,2650.0,2655.0,66108,0.0,0.0
2022-09-22 00:00:00+09:00,2655.0,2715.0,2630.0,2715.0,43926,0.0,0.0
2022-09-23 00:00:00+09:00,2700.0,2700.0,2520.0,2530.0,65722,0.0,0.0
2022-09-26 00:00:00+09:00,2465.0,2515.0,2325.0,2355.0,119037,0.0,0.0
2022-09-27 00:00:00+09:00,2360.0,2690.0,2360.0,2495.0,192309,0.0,0.0
2022-09-28 00:00:00+09:00,2520.0,2520.0,2350.0,2350.0,39373,0.0,0.0
2022-09-29 00:00:00+09:00,2350.0,2430.0,2310.0,2340.0,25201,0.0,0.0
2022-09-30 00:00:00+09:00,2290.0,2710.0,2290.0,2380.0,249326,0.0,0.0
2022-10-04 00:00:00+09:00,2475.0,2565.0,2410.0,2445.0,93598,0.0,0.0
2022-10-05 00:00:00+09:00,2475.0,2560.0,2465.0,2500.0,51472,0.0,0.0
2022-10-06 00:00:00+09:00,2480.0,2620.0,2480.0,2590.0,62460,0.0,0.0
2022-10-07 00:00:00+09:00,2590.0,2700.0,2545.0,2625.0,62521,0.0,0.0
2022-10-11 00:00:00+09:00,2645.0,2665.0,2430.0,2485.0,48303,0.0,0.0
2022-10-12 00:00:00+09:00,2445.0,2630.0,2410.0,2600.0,108090,0.0,0.0
2022-10-13 00:00:00+09:00,2570.0,2600.0,2420.0,2515.0,66717,0.0,0.0
2022-10-14 00:00:00+09:00,2515.0,2600.0,2430.0,2500.0,45409,0.0,0.0
2022-10-17 00:00:00+09:00,2510.0,2510.0,2400.0,2485.0,72674,0.0,0.0
2022-10-18 00:00:00+09:00,2485.0,2550.0,2460.0,2500.0,13526,0.0,0.0
2022-10-19 00:00:00+09:00,2565.0,2565.0,2410.0,2485.0,26430,0.0,0.0
2022-10-20 00:00:00+09:00,2485.0,2485.0,2385.0,2420.0,23950,0.0,0.0
2022-10-21 00:00:00+09:00,2420.0,2420.0,2355.0,2355.0,23454,0.0,0.0
2022-10-24 00:00:00+09:00,2355.0,2595.0,2350.0,2485.0,105119,0.0,0.0
2022-10-25 00:00:00+09:00,2560.0,2590.0,2460.0,2520.0,32513,0.0,0.0
2022-10-26 00:00:00+09:00,2520.0,2530.0,2470.0,2490.0,7416,0.0,0.0
2022-10-27 00:00:00+09:00,2490.0,2575.0,2470.0,2565.0,24193,0.0,0.0
2022-10-28 00:00:00+09:00,2540.0,2565.0,2495.0,2525.0,11846,0.0,0.0
2022-10-31 00:00:00+09:00,2500.0,2520.0,2420.0,2495.0,15213,0.0,0.0
2022-11-01 00:00:00+09:00,2570.0,2570.0,2430.0,2435.0,24337,0.0,0.0
2022-11-02 00:00:00+09:00,2450.0,2450.0,2395.0,2405.0,23896,0.0,0.0
2022-11-03 00:00:00+09:00,2405.0,2555.0,2380.0,2515.0,49796,0.0,0.0
2022-11-04 00:00:00+09:00,2485.0,2595.0,2485.0,2590.0,76876,0.0,0.0
2022-11-07 00:00:00+09:00,2575.0,2600.0,2500.0,2600.0,16707,0.0,0.0
2022-11-08 00:00:00+09:00,2575.0,2610.0,2535.0,2595.0,27436,0.0,0.0
2022-11-09 00:00:00+09:00,2595.0,2610.0,2525.0,2570.0,10251,0.0,0.0
2022-11-10 00:00:00+09:00,2515.0,2685.0,2515.0,2580.0,90822,0.0,0.0
2022-11-11 00:00:00+09:00,2605.0,2680.0,2605.0,2660.0,65434,0.0,0.0
2022-11-14 00:00:00+09:00,2680.0,2680.0,2605.0,2655.0,21774,0.0,0.0
2022-11-15 00:00:00+09:00,2660.0,2665.0,2595.0,2650.0,16596,0.0,0.0
2022-11-16 00:00:00+09:00,2645.0,2645.0,2580.0,2635.0,18008,0.0,0.0
2022-11-17 00:00:00+09:00,2630.0,2680.0,2585.0,2660.0,14789,0.0,0.0
2022-11-18 00:00:00+09:00,2645.0,2665.0,2600.0,2600.0,10912,0.0,0.0
2022-11-21 00:00:00+09:00,2580.0,2625.0,2545.0,2565.0,11764,0.0,0.0
2022-11-22 00:00:00+09:00,2535.0,2565.0,2500.0,2565.0,18532,0.0,0.0
2022-11-23 00:00:00+09:00,2545.0,2590.0,2540.0,2550.0,6553,0.0,0.0
2022-11-24 00:00:00+09:00,2585.0,2585.0,2500.0,2520.0,24240,0.0,0.0
2022-11-25 00:00:00+09:00,2545.0,2560.0,2500.0,2510.0,10871,0.0,0.0
2022-11-28 00:00:00+09:00,2510.0,2510.0,2480.0,2480.0,17466,0.0,0.0
2022-11-29 00:00:00+09:00,2410.0,2625.0,2410.0,2585.0,72691,0.0,0.0
2022-11-30 00:00:00+09:00,2600.0,2620.0,2580.0,2610.0,18670,0.0,0.0
2022-12-01 00:00:00+09:00,2615.0,2650.0,2580.0,2620.0,29626,0.0,0.0
2022-12-02 00:00:00+09:00,2620.0,2900.0,2580.0,2720.0,536462,0.0,0.0
2022-12-05 00:00:00+09:00,2770.0,2990.0,2725.0,2895.0,424166,0.0,0.0
2022-12-06 00:00:00+09:00,2890.0,2920.0,2795.0,2890.0,73298,0.0,0.0
2022-12-07 00:00:00+09:00,2830.0,3000.0,2720.0,2805.0,393852,0.0,0.0
2022-12-08 00:00:00+09:00,2805.0,3335.0,2700.0,2885.0,2728022,0.0,0.0
2022-12-09 00:00:00+09:00,2880.0,2915.0,2810.0,2830.0,141110,0.0,0.0
2022-12-12 00:00:00+09:00,2925.0,2925.0,2715.0,2845.0,232521,0.0,0.0
2022-12-13 00:00:00+09:00,2830.0,3065.0,2800.0,3020.0,447364,0.0,0.0
2022-12-14 00:00:00+09:00,2980.0,3140.0,2960.0,3055.0,273934,0.0,0.0
2022-12-15 00:00:00+09:00,3080.0,3250.0,3040.0,3145.0,252722,0.0,0.0
2022-12-16 00:00:00+09:00,3050.0,3310.0,3050.0,3310.0,358068,0.0,0.0
2022-12-19 00:00:00+09:00,3310.0,3375.0,3175.0,3225.0,222607,0.0,0.0
2022-12-20 00:00:00+09:00,3200.0,3200.0,3050.0,3065.0,101804,0.0,0.0
2022-12-21 00:00:00+09:00,3130.0,3440.0,3065.0,3130.0,556384,0.0,0.0
2022-12-22 00:00:00+09:00,3150.0,3320.0,3115.0,3240.0,194744,0.0,0.0
2022-12-23 00:00:00+09:00,3240.0,3245.0,3130.0,3195.0,50021,0.0,0.0
2022-12-26 00:00:00+09:00,3190.0,3375.0,3095.0,3355.0,203514,0.0,0.0
2022-12-27 00:00:00+09:00,3355.0,3355.0,3220.0,3250.0,108424,0.0,0.0
2022-12-28 00:00:00+09:00,3270.0,3275.0,3185.0,3270.0,81872,0.0,0.0
2022-12-29 00:00:00+09:00,3270.0,3270.0,3080.0,3165.0,58530,0.0,0.0
2023-01-02 00:00:00+09:00,3165.0,3165.0,3030.0,3080.0,76646,0.0,0.0
2023-01-03 00:00:00+09:00,3080.0,3175.0,3010.0,3155.0,57515,0.0,0.0
2023-01-04 00:00:00+09:00,3200.0,3220.0,3090.0,3175.0,51517,0.0,0.0
2023-01-05 00:00:00+09:00,3195.0,3255.0,3105.0,3185.0,43600,0.0,0.0
2023-01-06 00:00:00+09:00,3185.0,3290.0,3180.0,3270.0,39437,0.0,0.0
2023-01-09 00:00:00+09:00,3270.0,3450.0,3265.0,3270.0,82537,0.0,0.0
2023-01-10 00:00:00+09:00,3270.0,3340.0,3225.0,3260.0,32062,0.0,0.0
2023-01-11 00:00:00+09:00,3260.0,3345.0,3165.0,3245.0,89373,0.0,0.0
2023-01-12 00:00:00+09:00,3245.0,3245.0,3175.0,3195.0,32143,0.0,0.0
2023-01-13 00:00:00+09:00,3195.0,3195.0,3140.0,3165.0,26265,0.0,0.0
2023-01-16 00:00:00+09:00,3165.0,3165.0,3085.0,3160.0,39278,0.0,0.0
2023-01-17 00:00:00+09:00,3130.0,3210.0,3080.0,3200.0,40645,0.0,0.0
2023-01-18 00:00:00+09:00,3165.0,3405.0,3165.0,3330.0,157742,0.0,0.0
2023-01-19 00:00:00+09:00,3290.0,3390.0,3235.0,3380.0,36789,0.0,0.0
2023-01-20 00:00:00+09:00,3460.0,3460.0,3380.0,3400.0,179180,0.0,0.0
2023-01-25 00:00:00+09:00,3400.0,3455.0,3325.0,3415.0,213291,0.0,0.0
2023-01-26 00:00:00+09:00,3415.0,3450.0,3365.0,3400.0,52461,0.0,0.0
2023-01-27 00:00:00+09:00,3355.0,3430.0,3355.0,3395.0,25676,0.0,0.0
2023-01-30 00:00:00+09:00,3395.0,3400.0,3300.0,3310.0,36399,0.0,0.0
2023-01-31 00:00:00+09:00,3330.0,3340.0,3260.0,3310.0,28144,0.0,0.0
2023-02-01 00:00:00+09:00,3330.0,3330.0,3240.0,3240.0,19552,0.0,0.0
2023-02-02 00:00:00+09:00,3250.0,3360.0,3235.0,3360.0,32311,0.0,0.0
2023-02-03 00:00:00+09:00,3360.0,3410.0,3300.0,3355.0,30115,0.0,0.0
2023-02-06 00:00:00+09:00,3355.0,3355.0,3135.0,3195.0,71807,0.0,0.0
2023-02-07 00:00:00+09:00,3155.0,3185.0,3125.0,3135.0,40809,0.0,0.0
2023-02-08 00:00:00+09:00,3150.0,3220.0,3105.0,3210.0,36206,0.0,0.0
2023-02-09 00:00:00+09:00,3190.0,3280.0,3190.0,3230.0,42637,0.0,0.0
2023-02-10 00:00:00+09:00,3195.0,3260.0,3160.0,3205.0,31619,0.0,0.0
2023-02-13 00:00:00+09:00,3205.0,3370.0,3155.0,3340.0,99635,0.0,0.0
2023-02-14 00:00:00+09:00,3390.0,3525.0,3355.0,3370.0,250522,0.0,0.0
2023-02-15 00:00:00+09:00,3370.0,3515.0,3365.0,3440.0,130813,0.0,0.0
2023-02-16 00:00:00+09:00,3405.0,3560.0,3390.0,3555.0,173822,0.0,0.0
2023-02-17 00:00:00+09:00,3520.0,3540.0,3415.0,3525.0,68042,0.0,0.0
2023-02-20 00:00:00+09:00,3495.0,3550.0,3410.0,3515.0,27233,0.0,0.0
2023-02-21 00:00:00+09:00,3495.0,3555.0,3435.0,3515.0,51732,0.0,0.0
2023-02-22 00:00:00+09:00,3460.0,3490.0,3355.0,3440.0,75151,0.0,0.0
2023-02-23 00:00:00+09:00,3430.0,3430.0,3340.0,3430.0,52814,0.0,0.0
2023-02-24 00:00:00+09:00,3460.0,3460.0,3265.0,3290.0,70809,0.0,0.0
2023-02-27 00:00:00+09:00,3210.0,3290.0,3200.0,3270.0,36048,0.0,0.0
2023-02-28 00:00:00+09:00,3240.0,3340.0,3240.0,3325.0,38718,0.0,0.0
2023-03-02 00:00:00+09:00,3325.0,3390.0,3215.0,3280.0,73567,0.0,0.0
2023-03-03 00:00:00+09:00,3250.0,3450.0,3250.0,3385.0,85474,0.0,0.0
2023-03-06 00:00:00+09:00,3385.0,3385.0,3345.0,3375.0,25310,0.0,0.0
2023-03-07 00:00:00+09:00,3325.0,3385.0,3260.0,3265.0,44533,0.0,0.0
2023-03-08 00:00:00+09:00,3250.0,3295.0,3205.0,3255.0,42066,0.0,0.0
2023-03-09 00:00:00+09:00,3255.0,3255.0,3135.0,3140.0,109015,0.0,0.0
2023-03-10 00:00:00+09:00,3135.0,3170.0,3050.0,3070.0,45959,0.0,0.0
2023-03-13 00:00:00+09:00,3010.0,3070.0,2900.0,3000.0,132573,0.0,0.0
2023-03-14 00:00:00+09:00,2915.0,3000.0,2860.0,2930.0,84539,0.0,0.0
2023-03-15 00:00:00+09:00,2955.0,3590.0,2955.0,3370.0,937485,0.0,0.0
2023-03-16 00:00:00+09:00,3550.0,3550.0,3300.0,3455.0,188402,0.0,0.0
2023-03-17 00:00:00+09:00,3450.0,3690.0,3420.0,3690.0,583768,0.0,0.0
2023-03-20 00:00:00+09:00,3700.0,3985.0,3585.0,3770.0,1105591,0.0,0.0
2023-03-21 00:00:00+09:00,3680.0,3890.0,3615.0,3845.0,390468,0.0,0.0
2023-03-22 00:00:00+09:00,3920.0,3935.0,3600.0,3695.0,223962,0.0,0.0
2023-03-23 00:00:00+09:00,3695.0,3720.0,3475.0,3650.0,222371,0.0,0.0
2023-03-24 00:00:00+09:00,3575.0,3715.0,3500.0,3620.0,148940,0.0,0.0
2023-03-27 00:00:00+09:00,3600.0,3610.0,3465.0,3580.0,92746,0.0,0.0
2023-03-28 00:00:00+09:00,3550.0,3785.0,3505.0,3750.0,149915,0.0,0.0
2023-03-29 00:00:00+09:00,3710.0,4060.0,3710.0,3990.0,638330,0.0,0.0
2023-03-30 00:00:00+09:00,4060.0,4365.0,3950.0,4295.0,784109,0.0,0.0
2023-03-31 00:00:00+09:00,4195.0,4200.0,3885.0,3970.0,600109,0.0,0.0
2023-04-03 00:00:00+09:00,3970.0,4190.0,3860.0,4150.0,274416,0.0,0.0
2023-04-04 00:00:00+09:00,4085.0,4260.0,4010.0,4115.0,168574,0.0,0.0
2023-04-05 00:00:00+09:00,4080.0,4085.0,3875.0,3985.0,522417,0.0,0.0
2023-04-06 00:00:00+09:00,3935.0,4195.0,3910.0,4080.0,293165,0.0,0.0
2023-04-07 00:00:00+09:00,4140.0,4460.0,4050.0,4370.0,664842,0.0,0.0
2023-04-10 00:00:00+09:00,4375.0,4390.0,4240.0,4375.0,233567,0.0,0.0
2023-04-11 00:00:00+09:00,4365.0,4650.0,4330.0,4430.0,490737,0.0,0.0
2023-04-12 00:00:00+09:00,4465.0,4565.0,4250.0,4420.0,237351,0.0,0.0
2023-04-13 00:00:00+09:00,4320.0,4545.0,4250.0,4520.0,178570,0.0,0.0
2023-04-14 00:00:00+09:00,4550.0,4595.0,4340.0,4425.0,164434,0.0,0.0
2023-04-17 00:00:00+09:00,4505.0,4505.0,4200.0,4365.0,156331,0.0,0.0
2023-04-18 00:00:00+09:00,4445.0,4470.0,4170.0,4390.0,231945,0.0,0.0
2023-04-19 00:00:00+09:00,4320.0,4375.0,3960.0,4080.0,684641,0.0,0.0
2023-04-20 00:00:00+09:00,4060.0,4090.0,3930.0,3950.0,175627,0.0,0.0
2023-04-21 00:00:00+09:00,3930.0,3990.0,3790.0,3885.0,160893,0.0,0.0
2023-04-24 00:00:00+09:00,3775.0,4015.0,3775.0,4015.0,232310,0.0,0.0
2023-04-25 00:00:00+09:00,4015.0,4015.0,3655.0,3830.0,365250,0.0,0.0
2023-04-26 00:00:00+09:00,3830.0,3830.0,3510.0,3610.0,386500,0.0,0.0
2023-04-27 00:00:00+09:00,3610.0,4045.0,3560.0,3950.0,616833,0.0,0.0
2023-04-28 00:00:00+09:00,3950.0,4075.0,3820.0,3870.0,249696,0.0,0.0
2023-05-02 00:00:00+09:00,3810.0,4170.0,3810.0,4105.0,360407,0.0,0.0
2023-05-03 00:00:00+09:00,4050.0,4180.0,3980.0,4140.0,303248,0.0,0.0
2023-05-04 00:00:00+09:00,4145.0,4445.0,4145.0,4290.0,644603,0.0,0.0
2023-05-08 00:00:00+09:00,4300.0,4470.0,4200.0,4300.0,430574,0.0,0.0
2023-05-09 00:00:00+09:00,4220.0,4310.0,4095.0,4285.0,161966,0.0,0.0
2023-05-10 00:00:00+09:00,4350.0,4465.0,4200.0,4360.0,509880,0.0,0.0
2023-05-11 00:00:00+09:00,4410.0,4555.0,4265.0,4360.0,554794,0.0,0.0
2023-05-12 00:00:00+09:00,4350.0,4430.0,4230.0,4250.0,195243,0.0,0.0
2023-05-15 00:00:00+09:00,4295.0,4295.0,4105.0,4260.0,167004,0.0,0.0
2023-05-16 00:00:00+09:00,4200.0,4260.0,3995.0,4240.0,443547,0.0,0.0
2023-05-17 00:00:00+09:00,4220.0,4230.0,4080.0,4190.0,450022,0.0,0.0
2023-05-18 00:00:00+09:00,4225.0,4380.0,4140.0,4235.0,285175,0.0,0.0
2023-05-19 00:00:00+09:00,4300.0,4335.0,4145.0,4250.0,153598,0.0,0.0
2023-05-22 00:00:00+09:00,4370.0,4465.0,4205.0,4320.0,337233,0.0,0.0
2023-05-23 00:00:00+09:00,4320.0,4475.0,4235.0,4425.0,291974,0.0,0.0
2023-05-24 00:00:00+09:00,4415.0,4460.0,4200.0,4290.0,206391,0.0,0.0
2023-05-25 00:00:00+09:00,4290.0,4390.0,4200.0,4370.0,155495,0.0,0.0
2023-05-26 00:00:00+09:00,4450.0,4460.0,4270.0,4335.0,108864,0.0,0.0
2023-05-30 00:00:00+09:00,4265.0,4310.0,3860.0,4020.0,1180575,0.0,0.0
2023-05-31 00:00:00+09:00,4060.0,4140.0,4020.0,4105.0,137849,0.0,0.0
2023-06-01 00:00:00+09:00,4155.0,4175.0,4030.0,4100.0,108334,0.0,0.0
2023-06-02 00:00:00+09:00,4125.0,4290.0,4100.0,4280.0,210103,0.0,0.0
2023-06-05 00:00:00+09:00,4330.0,4355.0,4150.0,4230.0,293676,0.0,0.0
2023-06-07 00:00:00+09:00,4195.0,4235.0,4100.0,4190.0,200654,0.0,0.0
2023-06-08 00:00:00+09:00,4195.0,4310.0,4105.0,4280.0,376398,0.0,0.0
2023-06-09 00:00:00+09:00,4235.0,4790.0,4235.0,4290.0,2744860,0.0,0.0
2023-06-12 00:00:00+09:00,4360.0,5500.0,4350.0,5040.0,8377085,0.0,0.0
2023-06-13 00:00:00+09:00,4995.0,5200.0,4810.0,5180.0,2023188,0.0,0.0
2023-06-14 00:00:00+09:00,5150.0,5580.0,5060.0,5530.0,2606131,0.0,0.0
2023-06-15 00:00:00+09:00,5640.0,5830.0,5250.0,5550.0,1636863,0.0,0.0
2023-06-16 00:00:00+09:00,5430.0,6080.0,5220.0,5980.0,1857217,0.0,0.0
2023-06-19 00:00:00+09:00,5980.0,6710.0,5920.0,6620.0,1745546,0.0,0.0
2023-06-20 00:00:00+09:00,6650.0,6800.0,6350.0,6470.0,1005405,0.0,0.0
2023-06-21 00:00:00+09:00,6530.0,6750.0,6360.0,6430.0,564832,0.0,0.0
2023-06-22 00:00:00+09:00,6340.0,6980.0,6200.0,6850.0,816006,0.0,0.0
2023-06-23 00:00:00+09:00,6850.0,6920.0,6600.0,6700.0,569031,0.0,0.0
2023-06-26 00:00:00+09:00,6700.0,6770.0,6390.0,6590.0,567368,0.0,0.0
2023-06-27 00:00:00+09:00,6520.0,6680.0,6280.0,6420.0,690938,0.0,0.0
2023-06-28 00:00:00+09:00,6610.0,6620.0,6070.0,6180.0,884336,0.0,0.0
2023-06-29 00:00:00+09:00,6250.0,6380.0,5900.0,6000.0,589668,0.0,0.0
2023-06-30 00:00:00+09:00,6000.0,6310.0,5910.0,6160.0,515022,0.0,0.0
2023-07-03 00:00:00+09:00,6200.0,6490.0,5940.0,6430.0,829797,0.0,0.0
2023-07-04 00:00:00+09:00,6480.0,6480.0,6100.0,6280.0,508012,0.0,0.0
2023-07-05 00:00:00+09:00,6280.0,6760.0,6240.0,6570.0,893870,0.0,0.0
2023-07-06 00:00:00+09:00,6580.0,6610.0,6200.0,6300.0,727616,0.0,0.0
2023-07-07 00:00:00+09:00,6200.0,6450.0,6130.0,6230.0,405910,0.0,0.0
2023-07-10 00:00:00+09:00,6300.0,6300.0,5270.0,5850.0,1399991,0.0,0.0
2023-07-12 00:00:00+09:00,6010.0,6020.0,5500.0,5760.0,752108,0.0,0.0
2023-07-13 00:00:00+09:00,5760.0,5920.0,5690.0,5690.0,477618,0.0,0.0
2023-07-14 00:00:00+09:00,5610.0,5760.0,5470.0,5610.0,498278,0.0,0.0
2023-07-17 00:00:00+09:00,5620.0,6040.0,5600.0,5690.0,834756,0.0,0.0
2023-07-18 00:00:00+09:00,5710.0,6380.0,5710.0,6120.0,3656928,0.0,0.0
2023-07-19 00:00:00+09:00,6120.0,6450.0,5950.0,6330.0,1464038,0.0,0.0
2023-07-20 00:00:00+09:00,6340.0,6740.0,6140.0,6530.0,1181135,0.0,0.0
2023-07-21 00:00:00+09:00,6380.0,6820.0,6220.0,6750.0,795816,0.0,0.0
2023-07-24 00:00:00+09:00,6930.0,7080.0,6330.0,6500.0,1419659,0.0,0.0
2023-07-25 00:00:00+09:00,6510.0,6550.0,6090.0,6240.0,1031834,0.0,0.0
2023-07-26 00:00:00+09:00,6210.0,6510.0,5950.0,6110.0,1232228,0.0,0.0
2023-07-27 00:00:00+09:00,6240.0,6800.0,6100.0,6240.0,1883018,0.0,0.0
2023-07-28 00:00:00+09:00,6220.0,6220.0,5750.0,6090.0,792399,0.0,0.0
2023-07-31 00:00:00+09:00,6030.0,6390.0,6030.0,6320.0,397653,0.0,0.0
2023-08-01 00:00:00+09:00,6440.0,6450.0,6080.0,6190.0,493618,0.0,0.0
2023-08-02 00:00:00+09:00,6190.0,6200.0,5700.0,5770.0,572380,0.0,0.0
2023-08-03 00:00:00+09:00,5770.0,6030.0,5530.0,5910.0,556221,0.0,0.0
2023-08-04 00:00:00+09:00,5830.0,6110.0,5800.0,5950.0,365706,0.0,0.0
2023-08-07 00:00:00+09:00,5900.0,6320.0,5840.0,5960.0,840987,0.0,0.0
2023-08-08 00:00:00+09:00,6080.0,6250.0,5680.0,5780.0,432470,0.0,0.0
2023-08-09 00:00:00+09:00,5830.0,6150.0,5600.0,6100.0,633787,0.0,0.0
2023-08-10 00:00:00+09:00,6090.0,6560.0,6060.0,6470.0,1689706,0.0,0.0
2023-08-11 00:00:00+09:00,6550.0,6550.0,6270.0,6380.0,534027,0.0,0.0
2023-08-14 00:00:00+09:00,6380.0,6990.0,6240.0,6800.0,2317784,0.0,0.0
2023-08-16 00:00:00+09:00,6810.0,6820.0,6420.0,6520.0,975588,0.0,0.0
2023-08-17 00:00:00+09:00,6390.0,6440.0,6010.0,6130.0,846526,0.0,0.0
2023-08-18 00:00:00+09:00,6010.0,6450.0,5950.0,6320.0,679505,0.0,0.0
2023-08-21 00:00:00+09:00,6290.0,6360.0,6140.0,6230.0,302314,0.0,0.0
2023-08-22 00:00:00+09:00,6200.0,6660.0,6170.0,6180.0,909866,0.0,0.0
2023-08-23 00:00:00+09:00,6190.0,6330.0,5940.0,6030.0,508723,0.0,0.0
2023-08-24 00:00:00+09:00,6040.0,6320.0,5950.0,6200.0,511988,0.0,0.0
2023-08-25 00:00:00+09:00,6180.0,6620.0,6110.0,6390.0,950411,0.0,0.0
2023-08-28 00:00:00+09:00,6400.0,6490.0,6160.0,6300.0,544348,0.0,0.0
2023-08-29 00:00:00+09:00,6200.0,6640.0,6040.0,6520.0,1209979,0.0,0.0
2023-08-30 00:00:00+09:00,6570.0,6730.0,6280.0,6510.0,947484,0.0,0.0
2023-08-31 00:00:00+09:00,6720.0,6790.0,6220.0,6280.0,2448954,0.0,0.0
2023-09-01 00:00:00+09:00,6280.0,6410.0,5870.0,5900.0,963687,0.0,0.0
2023-09-04 00:00:00+09:00,5900.0,5930.0,5330.0,5570.0,1223766,0.0,0.0
2023-09-05 00:00:00+09:00,5510.0,5640.0,5300.0,5560.0,640109,0.0,0.0
2023-09-06 00:00:00+09:00,5600.0,5740.0,5400.0,5580.0,668362,0.0,0.0
2023-09-07 00:00:00+09:00,5610.0,5870.0,5570.0,5580.0,641349,0.0,0.0
2023-09-08 00:00:00+09:00,5580.0,5740.0,5550.0,5650.0,178889,0.0,0.0
2023-09-11 00:00:00+09:00,5570.0,5670.0,5490.0,5590.0,265804,0.0,0.0
2023-09-12 00:00:00+09:00,5590.0,5700.0,5400.0,5420.0,260179,0.0,0.0
2023-09-13 00:00:00+09:00,5400.0,5640.0,5120.0,5200.0,544340,0.0,0.0
2023-09-14 00:00:00+09:00,5200.0,5250.0,4995.0,5250.0,392475,0.0,0.0
2023-09-15 00:00:00+09:00,5270.0,5270.0,5120.0,5200.0,146993,0.0,0.0
2023-09-18 00:00:00+09:00,5150.0,5200.0,4850.0,5040.0,815079,0.0,0.0
2023-09-19 00:00:00+09:00,5000.0,5070.0,4880.0,4975.0,277499,0.0,0.0
2023-09-20 00:00:00+09:00,4945.0,4970.0,4710.0,4895.0,435497,0.0,0.0
2023-09-21 00:00:00+09:00,4805.0,4955.0,4725.0,4785.0,288507,0.0,0.0
2023-09-22 00:00:00+09:00,4655.0,4805.0,4580.0,4715.0,211274,0.0,0.0
2023-09-25 00:00:00+09:00,4715.0,4725.0,4520.0,4610.0,437342,0.0,0.0
2023-09-26 00:00:00+09:00,4615.0,4750.0,4580.0,4635.0,232681,0.0,0.0
2023-09-27 00:00:00+09:00,4635.0,4735.0,4585.0,4725.0,103571,0.0,0.0
2023-10-04 00:00:00+09:00,4730.0,4730.0,4310.0,4485.0,550305,0.0,0.0
2023-10-05 00:00:00+09:00,4485.0,4520.0,4320.0,4360.0,253699,0.0,0.0
2023-10-06 00:00:00+09:00,4290.0,4545.0,4290.0,4525.0,175365,0.0,0.0
2023-10-10 00:00:00+09:00,4530.0,4575.0,4285.0,4340.0,201991,0.0,0.0
2023-10-11 00:00:00+09:00,4360.0,4495.0,4360.0,4435.0,98636,0.0,0.0
2023-10-12 00:00:00+09:00,4440.0,4585.0,4440.0,4575.0,278302,0.0,0.0
2023-10-13 00:00:00+09:00,4570.0,4580.0,4410.0,4580.0,249718,0.0,0.0
2023-10-16 00:00:00+09:00,4565.0,4845.0,4400.0,4755.0,702830,0.0,0.0
2023-10-17 00:00:00+09:00,4800.0,4855.0,4670.0,4705.0,337462,0.0,0.0
2023-10-18 00:00:00+09:00,4715.0,4735.0,4505.0,4590.0,247466,0.0,0.0
2023-10-19 00:00:00+09:00,4485.0,4485.0,4245.0,4260.0,268186,0.0,0.0
2023-10-20 00:00:00+09:00,4200.0,4245.0,3980.0,4105.0,380205,0.0,0.0
2023-10-23 00:00:00+09:00,4020.0,4240.0,4020.0,4145.0,162039,0.0,0.0
2023-10-24 00:00:00+09:00,4145.0,4290.0,3920.0,4290.0,225181,0.0,0.0
2023-10-25 00:00:00+09:00,4290.0,4355.0,4225.0,4260.0,109659,0.0,0.0
2023-10-26 00:00:00+09:00,4175.0,4175.0,4000.0,4030.0,153804,0.0,0.0
2023-10-27 00:00:00+09:00,4005.0,4205.0,3960.0,4135.0,154815,0.0,0.0
2023-10-30 00:00:00+09:00,4065.0,4160.0,4010.0,4090.0,73452,0.0,0.0
2023-10-31 00:00:00+09:00,4170.0,4170.0,3920.0,3940.0,108888,0.0,0.0
2023-11-01 00:00:00+09:00,4000.0,4050.0,3920.0,3995.0,107867,0.0,0.0
2023-11-02 00:00:00+09:00,4020.0,4200.0,4020.0,4150.0,141539,0.0,0.0
2023-11-03 00:00:00+09:00,4165.0,4350.0,4110.0,4350.0,181157,0.0,0.0
2023-11-06 00:00:00+09:00,4475.0,4540.0,4310.0,4500.0,410396,0.0,0.0
2023-11-07 00:00:00+09:00,4495.0,4510.0,4250.0,4375.0,229246,0.0,0.0
2023-11-08 00:00:00+09:00,4475.0,4675.0,4425.0,4485.0,369442,0.0,0.0
2023-11-09 00:00:00+09:00,4495.0,4515.0,4220.0,4220.0,302194,0.0,0.0
2023-11-10 00:00:00+09:00,4200.0,4295.0,4110.0,4165.0,158172,0.0,0.0
2023-11-13 00:00:00+09:00,4185.0,4255.0,4095.0,4115.0,168077,0.0,0.0
2023-11-14 00:00:00+09:00,4215.0,4480.0,4110.0,4295.0,292101,0.0,0.0
2023-11-15 00:00:00+09:00,4300.0,4390.0,4245.0,4300.0,118274,0.0,0.0
2023-11-16 00:00:00+09:00,4275.0,4860.0,4275.0,4820.0,766524,0.0,0.0
2023-11-17 00:00:00+09:00,4775.0,4775.0,4535.0,4635.0,412214,0.0,0.0
2023-11-20 00:00:00+09:00,4530.0,4695.0,4530.0,4610.0,154987,0.0,0.0
2023-11-21 00:00:00+09:00,4610.0,4725.0,4590.0,4720.0,206843,0.0,0.0
2023-11-22 00:00:00+09:00,4635.0,4680.0,4550.0,4580.0,183550,0.0,0.0
2023-11-23 00:00:00+09:00,4595.0,4765.0,4505.0,4735.0,258752,0.0,0.0
2023-11-24 00:00:00+09:00,4725.0,4735.0,4635.0,4650.0,106591,0.0,0.0
2023-11-27 00:00:00+09:00,4635.0,4720.0,4500.0,4670.0,188678,0.0,0.0
2023-11-28 00:00:00+09:00,4715.0,5130.0,4625.0,5040.0,1570897,0.0,0.0
2023-11-29 00:00:00+09:00,5000.0,5290.0,4955.0,5060.0,774076,0.0,0.0
2023-11-30 00:00:00+09:00,5020.0,5410.0,5020.0,5250.0,636584,0.0,0.0
2023-12-01 00:00:00+09:00,5310.0,5430.0,5060.0,5270.0,499557,0.0,0.0
2023-12-04 00:00:00+09:00,5230.0,5340.0,5090.0,5110.0,406347,0.0,0.0
2023-12-05 00:00:00+09:00,5000.0,5220.0,4900.0,4970.0,301451,0.0,0.0
2023-12-06 00:00:00+09:00,4970.0,5060.0,4830.0,4960.0,185027,0.0,0.0
2023-12-07 00:00:00+09:00,4960.0,5000.0,4770.0,4820.0,242437,0.0,0.0
2023-12-08 00:00:00+09:00,4825.0,5070.0,4825.0,4950.0,156481,0.0,0.0
2023-12-11 00:00:00+09:00,4950.0,5050.0,4845.0,4860.0,126808,0.0,0.0
2023-12-12 00:00:00+09:00,4820.0,4860.0,4700.0,4730.0,201208,0.0,0.0
2023-12-13 00:00:00+09:00,4740.0,4920.0,4620.0,4715.0,123082,0.0,0.0
2023-12-14 00:00:00+09:00,4790.0,4790.0,4610.0,4665.0,142890,0.0,0.0
2023-12-15 00:00:00+09:00,4630.0,4780.0,4630.0,4650.0,167159,0.0,0.0
2023-12-18 00:00:00+09:00,4605.0,4795.0,4605.0,4725.0,66990,0.0,0.0
2023-12-19 00:00:00+09:00,4730.0,4810.0,4655.0,4810.0,102819,0.0,0.0
2023-12-20 00:00:00+09:00,4805.0,4880.0,4610.0,4745.0,222967,0.0,0.0
2023-12-21 00:00:00+09:00,4670.0,4790.0,4670.0,4755.0,99434,0.0,0.0
2023-12-22 00:00:00+09:00,4755.0,4755.0,4630.0,4650.0,93090,0.0,0.0
2023-12-26 00:00:00+09:00,4610.0,4670.0,4580.0,4650.0,157871,0.0,0.0
2023-12-27 00:00:00+09:00,4650.0,4790.0,4600.0,4695.0,69189,0.0,0.0
2023-12-28 00:00:00+09:00,4760.0,4850.0,4665.0,4820.0,147746,0.0,0.0
2024-01-02 00:00:00+09:00,4920.0,5280.0,4885.0,5160.0,622739,0.0,0.0
2024-01-03 00:00:00+09:00,5080.0,5320.0,5010.0,5130.0,352006,0.0,0.0
2024-01-04 00:00:00+09:00,5070.0,5460.0,5050.0,5120.0,478487,0.0,0.0
2024-01-05 00:00:00+09:00,5200.0,5430.0,5140.0,5250.0,616918,0.0,0.0
2024-01-08 00:00:00+09:00,5350.0,5780.0,5220.0,5660.0,1081715,0.0,0.0
2024-01-09 00:00:00+09:00,5700.0,6050.0,5690.0,5910.0,1177338,0.0,0.0
2024-01-10 00:00:00+09:00,6050.0,6050.0,5580.0,5730.0,516283,0.0,0.0
2024-01-11 00:00:00+09:00,5730.0,5770.0,5360.0,5410.0,789626,0.0,0.0
2024-01-12 00:00:00+09:00,5410.0,5490.0,5250.0,5440.0,238380,0.0,0.0
2024-01-15 00:00:00+09:00,5400.0,5550.0,5200.0,5230.0,355769,0.0,0.0
2024-01-16 00:00:00+09:00,5290.0,5290.0,4980.0,5010.0,406120,0.0,0.0
2024-01-17 00:00:00+09:00,5010.0,5060.0,4880.0,4940.0,151035,0.0,0.0
2024-01-18 00:00:00+09:00,4940.0,5100.0,4865.0,5060.0,165948,0.0,0.0
2024-01-19 00:00:00+09:00,5100.0,5420.0,5060.0,5350.0,408096,0.0,0.0
2024-01-22 00:00:00+09:00,5290.0,5300.0,5080.0,5240.0,315040,0.0,0.0
2024-01-23 00:00:00+09:00,5230.0,5250.0,4990.0,4990.0,301516,0.0,0.0
2024-01-24 00:00:00+09:00,5040.0,5040.0,4840.0,4940.0,226056,0.0,0.0
2024-01-25 00:00:00+09:00,4940.0,5040.0,4845.0,4900.0,131794,0.0,0.0
2024-01-26 00:00:00+09:00,4900.0,5060.0,4900.0,4995.0,118305,0.0,0.0
2024-01-29 00:00:00+09:00,4985.0,5060.0,4845.0,4850.0,273438,0.0,0.0
2024-01-30 00:00:00+09:00,4860.0,4880.0,4645.0,4765.0,240932,0.0,0.0
2024-01-31 00:00:00+09:00,4720.0,4820.0,4600.0,4735.0,161144,0.0,0.0
2024-02-01 00:00:00+09:00,4700.0,4795.0,4555.0,4780.0,198847,0.0,0.0
2024-02-02 00:00:00+09:00,4805.0,4945.0,4695.0,4830.0,368954,0.0,0.0
2024-02-05 00:00:00+09:00,4830.0,4900.0,4780.0,4865.0,138108,0.0,0.0
2024-02-06 00:00:00+09:00,4915.0,4975.0,4780.0,4975.0,342281,0.0,0.0
2024-02-07 00:00:00+09:00,4980.0,5230.0,4930.0,5200.0,538683,0.0,0.0
2024-02-08 00:00:00+09:00,5230.0,5340.0,5060.0,5260.0,325380,0.0,0.0
2024-02-13 00:00:00+09:00,5260.0,5430.0,5200.0,5320.0,425206,0.0,0.0
2024-02-14 00:00:00+09:00,5170.0,5350.0,5120.0,5270.0,202453,0.0,0.0
2024-02-15 00:00:00+09:00,5200.0,5460.0,5110.0,5390.0,329467,0.0,0.0
2024-02-16 00:00:00+09:00,5350.0,5500.0,5250.0,5460.0,257496,0.0,0.0
2024-02-19 00:00:00+09:00,5420.0,5450.0,5180.0,5290.0,182280,0.0,0.0
2024-02-20 00:00:00+09:00,5280.0,5300.0,5070.0,5180.0,167309,0.0,0.0
2024-02-21 00:00:00+09:00,5180.0,5440.0,5130.0,5350.0,473260,0.0,0.0
2024-02-22 00:00:00+09:00,5350.0,5440.0,5290.0,5400.0,185585,0.0,0.0
2024-02-23 00:00:00+09:00,5350.0,5450.0,5210.0,5430.0,238879,0.0,0.0
2024-02-26 00:00:00+09:00,5450.0,5870.0,5400.0,5800.0,871051,0.0,0.0
2024-02-27 00:00:00+09:00,5990.0,6000.0,5690.0,5740.0,733399,0.0,0.0
2024-02-28 00:00:00+09:00,5650.0,5870.0,5650.0,5810.0,315482,0.0,0.0
2024-02-29 00:00:00+09:00,5800.0,5800.0,5390.0,5500.0,355473,0.0,0.0
2024-03-04 00:00:00+09:00,5460.0,5510.0,5090.0,5160.0,500167,0.0,0.0
2024-03-05 00:00:00+09:00,5170.0,5680.0,5130.0,5460.0,697750,0.0,0.0
2024-03-06 00:00:00+09:00,5390.0,5470.0,5180.0,5380.0,166709,0.0,0.0
2024-03-07 00:00:00+09:00,5410.0,5600.0,5320.0,5440.0,257217,0.0,0.0
2024-03-08 00:00:00+09:00,5450.0,5460.0,5210.0,5320.0,867917,0.0,0.0
2024-03-11 00:00:00+09:00,5260.0,5350.0,5210.0,5280.0,160915,0.0,0.0
2024-03-12 00:00:00+09:00,5270.0,5430.0,5140.0,5330.0,231647,0.0,0.0
2024-03-13 00:00:00+09:00,5350.0,5430.0,5020.0,5060.0,415231,0.0,0.0
2024-03-14 00:00:00+09:00,5090.0,5140.0,4995.0,5030.0,132587,0.0,0.0
2024-03-15 00:00:00+09:00,5010.0,5060.0,4940.0,4980.0,122743,0.0,0.0
2024-03-18 00:00:00+09:00,4970.0,4980.0,4860.0,4930.0,236033,0.0,0.0
2024-03-19 00:00:00+09:00,5080.0,5250.0,5060.0,5150.0,494594,0.0,0.0
2024-03-20 00:00:00+09:00,5140.0,5140.0,4935.0,4965.0,228550,0.0,0.0
2024-03-21 00:00:00+09:00,5010.0,5050.0,4895.0,4950.0,213886,0.0,0.0
2024-03-22 00:00:00+09:00,4950.0,5230.0,4895.0,5140.0,332818,0.0,0.0
2024-03-25 00:00:00+09:00,5140.0,5230.0,5070.0,5130.0,237266,0.0,0.0
2024-03-26 00:00:00+09:00,5130.0,5180.0,5020.0,5070.0,141705,0.0,0.0
2024-03-27 00:00:00+09:00,5120.0,5190.0,5010.0,5130.0,135234,0.0,0.0
2024-03-28 00:00:00+09:00,5120.0,5260.0,5030.0,5090.0,174548,0.0,0.0
2024-03-29 00:00:00+09:00,5070.0,5160.0,4995.0,5030.0,146642,0.0,0.0
2024-04-01 00:00:00+09:00,5010.0,5020.0,4855.0,4890.0,420259,0.0,0.0
2024-04-02 00:00:00+09:00,4890.0,4910.0,4590.0,4735.0,454470,0.0,0.0
2024-04-03 00:00:00+09:00,4710.0,4735.0,4560.0,4735.0,201915,0.0,0.0
2024-04-04 00:00:00+09:00,4735.0,4785.0,4360.0,4395.0,868099,0.0,0.0
2024-04-05 00:00:00+09:00,4365.0,4385.0,4150.0,4350.0,429859,0.0,0.0
2024-04-08 00:00:00+09:00,4340.0,4380.0,4260.0,4325.0,132384,0.0,0.0
2024-04-09 00:00:00+09:00,4370.0,4410.0,4285.0,4335.0,110348,0.0,0.0
2024-04-11 00:00:00+09:00,4225.0,4320.0,4155.0,4280.0,169045,0.0,0.0
2024-04-12 00:00:00+09:00,4250.0,4980.0,4250.0,4415.0,4361871,0.0,0.0
2024-04-15 00:00:00+09:00,4340.0,4440.0,4200.0,4385.0,333742,0.0,0.0
2024-04-16 00:00:00+09:00,4315.0,4560.0,4315.0,4490.0,220498,0.0,0.0
2024-04-17 00:00:00+09:00,4550.0,4550.0,4325.0,4360.0,190345,0.0,0.0
2024-04-18 00:00:00+09:00,4315.0,4470.0,4300.0,4460.0,89753,0.0,0.0
2024-04-19 00:00:00+09:00,4460.0,4490.0,4300.0,4370.0,75506,0.0,0.0
2024-04-22 00:00:00+09:00,4370.0,4420.0,4345.0,4395.0,98929,0.0,0.0
2024-04-23 00:00:00+09:00,4405.0,4480.0,4365.0,4400.0,59854,0.0,0.0
2024-04-24 00:00:00+09:00,4400.0,4525.0,4370.0,4490.0,117222,0.0,0.0
2024-04-25 00:00:00+09:00,4485.0,4525.0,4350.0,4365.0,79186,0.0,0.0
2024-04-26 00:00:00+09:00,4355.0,4550.0,4355.0,4500.0,82750,0.0,0.0
2024-04-29 00:00:00+09:00,4500.0,4560.0,4470.0,4550.0,87051,0.0,0.0
2024-04-30 00:00:00+09:00,4560.0,4665.0,4505.0,4560.0,142688,0.0,0.0
2024-05-02 00:00:00+09:00,4560.0,4630.0,4545.0,4600.0,47105,0.0,0.0
2024-05-03 00:00:00+09:00,4610.0,4670.0,4535.0,4635.0,83145,0.0,0.0
2024-05-07 00:00:00+09:00,4635.0,4700.0,4615.0,4660.0,60263,0.0,0.0
2024-05-08 00:00:00+09:00,4720.0,4720.0,4565.0,4620.0,120028,0.0,0.0
2024-05-09 00:00:00+09:00,4640.0,4680.0,4570.0,4595.0,67436,0.0,0.0
2024-05-10 00:00:00+09:00,4615.0,4635.0,4510.0,4635.0,144421,0.0,0.0
2024-05-13 00:00:00+09:00,4635.0,4830.0,4590.0,4765.0,334445,0.0,0.0
2024-05-14 00:00:00+09:00,4795.0,4800.0,4635.0,4750.0,153008,0.0,0.0
2024-05-16 00:00:00+09:00,4750.0,4765.0,4600.0,4615.0,138207,0.0,0.0
2024-05-17 00:00:00+09:00,4615.0,4640.0,4510.0,4580.0,107103,0.0,0.0
2024-05-20 00:00:00+09:00,4555.0,4590.0,4470.0,4540.0,100547,0.0,0.0
2024-05-21 00:00:00+09:00,4495.0,4560.0,4430.0,4555.0,140568,0.0,0.0
2024-05-22 00:00:00+09:00,4525.0,4555.0,4460.0,4500.0,74482,0.0,0.0
2024-05-23 00:00:00+09:00,4500.0,4510.0,4415.0,4425.0,72689,0.0,0.0
2024-05-24 00:00:00+09:00,4400.0,4435.0,4295.0,4420.0,95364,0.0,0.0
2024-05-27 00:00:00+09:00,4420.0,4420.0,4280.0,4355.0,108673,0.0,0.0
2024-05-28 00:00:00+09:00,4300.0,4525.0,4295.0,4490.0,127997,0.0,0.0
2024-05-29 00:00:00+09:00,4490.0,4490.0,4355.0,4385.0,65662,0.0,0.0
2024-05-30 00:00:00+09:00,4380.0,4385.0,4200.0,4270.0,112481,0.0,0.0
2024-05-31 00:00:00+09:00,4265.0,4370.0,4245.0,4350.0,59051,0.0,0.0
2024-06-03 00:00:00+09:00,4315.0,4400.0,4280.0,4390.0,70879,0.0,0.0
2024-06-04 00:00:00+09:00,4350.0,4385.0,4265.0,4275.0,93883,0.0,0.0
2024-06-05 00:00:00+09:00,4280.0,4290.0,4210.0,4255.0,48708,0.0,0.0
2024-06-07 00:00:00+09:00,4255.0,4275.0,4140.0,4180.0,129458,0.0,0.0
2024-06-10 00:00:00+09:00,4130.0,4205.0,4060.0,4205.0,88157,0.0,0.0
2024-06-11 00:00:00+09:00,4210.0,4685.0,4185.0,4645.0,600863,0.0,0.0
2024-06-12 00:00:00+09:00,4675.0,4800.0,4520.0,4800.0,275894,0.0,0.0
2024-06-13 00:00:00+09:00,5240.0,5300.0,4600.0,4895.0,1776393,0.0,0.0
2024-06-14 00:00:00+09:00,4845.0,4860.0,4700.0,4700.0,296689,0.0,0.0
2024-06-17 00:00:00+09:00,4705.0,4755.0,4595.0,4710.0,215866,0.0,0.0
2024-06-18 00:00:00+09:00,4615.0,4815.0,4580.0,4730.0,360126,0.0,0.0
2024-06-19 00:00:00+09:00,4665.0,4730.0,4575.0,4575.0,116853,0.0,0.0
2024-06-20 00:00:00+09:00,4550.0,4645.0,4490.0,4520.0,74211,0.0,0.0
2024-06-21 00:00:00+09:00,4475.0,4595.0,4465.0,4550.0,94319,0.0,0.0
2024-06-24 00:00:00+09:00,4585.0,4785.0,4555.0,4640.0,141454,0.0,0.0
2024-06-25 00:00:00+09:00,4640.0,4700.0,4540.0,4640.0,95929,0.0,0.0
2024-06-26 00:00:00+09:00,4635.0,4670.0,4575.0,4640.0,68796,0.0,0.0
2024-06-27 00:00:00+09:00,4625.0,4690.0,4555.0,4645.0,58495,0.0,0.0
2024-06-28 00:00:00+09:00,4665.0,4700.0,4530.0,4575.0,102402,0.0,0.0
