Date,Open,High,Low,Close,Volume,Dividends,Stock Splits
2007-12-31 00:00:00+08:00,5.900346877278138,6.187701793728782,5.862032995768416,6.1110734939575195,257071,0.0,0.0
2008-01-02 00:00:00+08:00,5.957816822523177,6.245171146977885,5.957816822523177,6.168542861938477,170401,0.0,0.0
2008-01-03 00:00:00+08:00,6.168543177185355,6.436741383402132,6.168543177185355,6.3217997550964355,829975,0.0,0.0
2008-01-04 00:00:00+08:00,6.360113443656659,6.37927065113533,6.206857930834375,6.264328479766846,302610,0.0,0.0
2008-01-07 00:00:00+08:00,6.206858802407555,6.206858802407555,5.976974964141845,5.976974964141846,168932,0.0,0.0
2008-01-08 00:00:00+08:00,6.015289047864081,6.206859008917932,5.9961323738098145,5.9961323738098145,160119,0.0,0.0
2008-01-09 00:00:00+08:00,5.996131205806465,6.111072837997852,5.9578173284093365,6.01528787612915,88138,0.0,0.0
2008-01-10 00:00:00+08:00,6.053602894448055,6.1302312004362,6.053602894448055,6.072760105133057,69042,0.0,0.0
2008-01-11 00:00:00+08:00,6.0152878761291495,6.111072837997852,6.0152878761291495,6.01528787612915,39662,0.0,0.0
2008-01-14 00:00:00+08:00,6.0344462586702114,6.16854458730567,5.976975163003683,5.9961323738098145,33786,0.0,0.0
2008-01-15 00:00:00+08:00,5.996131205806465,6.1685433857176655,5.996131205806465,6.01528787612915,224754,0.0,0.0
2008-01-16 00:00:00+08:00,6.0344460578962344,6.072759941481879,5.976974964141845,5.976974964141846,111642,0.0,0.0
2008-01-17 00:00:00+08:00,6.015287924298422,6.015287924298422,5.823717999026962,5.862032413482666,164526,0.0,0.0
2008-01-18 00:00:00+08:00,5.881188869476318,5.976973283125253,5.881188869476318,5.881188869476318,58759,0.0,0.0
2008-01-21 00:00:00+08:00,5.881188869476318,5.881188869476318,5.785403919075688,5.881188869476318,196843,0.0,0.0
2008-01-22 00:00:00+08:00,5.785405317361956,5.862033081502101,5.478893187297727,5.555521488189697,443632,0.0,0.0
2008-01-23 00:00:00+08:00,5.517206688931965,5.670462191734858,5.363950649377334,5.440578937530518,368714,0.0,0.0
2008-01-24 00:00:00+08:00,5.6129927282185115,5.6129927282185115,5.363951683044434,5.363951683044434,261478,0.0,0.0
2008-01-25 00:00:00+08:00,5.536364661296814,5.536364661296814,5.402265809411414,5.421422481536865,101359,0.0,0.0
2008-01-28 00:00:00+08:00,5.421422776046427,5.440579985964371,5.325637799960385,5.363951683044434,136615,0.0,0.0
2008-01-29 00:00:00+08:00,5.440579199962792,5.4788925407598645,5.363950908113359,5.459735870361328,63166,0.0,0.0
2008-01-30 00:00:00+08:00,5.478892276479504,5.536363895158194,5.440578937530518,5.440578937530518,94014,0.0,0.0
2008-01-31 00:00:00+08:00,5.402265061829794,5.478892276479504,5.383107855603564,5.440578937530518,168932,0.0,0.0
2008-02-01 00:00:00+08:00,5.440579199962792,5.459735870361328,5.402265322413957,5.459735870361328,152774,0.0,0.0
2008-02-12 00:00:00+08:00,5.402265061829794,5.478892276479504,5.402265061829794,5.440578937530518,108704,0.0,0.0
2008-02-13 00:00:00+08:00,5.402265322413957,5.536364162210761,5.402265322413957,5.459735870361328,96952,0.0,0.0
2008-02-14 00:00:00+08:00,5.44057984197948,5.57467816084882,5.44057984197948,5.555521488189697,193905,0.0,0.0
2008-02-15 00:00:00+08:00,5.536365032196046,5.536365032196046,5.478893401714048,5.536365032196045,91076,0.0,0.0
2008-02-18 00:00:00+08:00,5.555520715281517,5.670462345500556,5.555520715281517,5.651305675506592,189498,0.0,0.0
2008-02-19 00:00:00+08:00,5.651305384370093,5.804560883433596,5.632148178611294,5.7470903396606445,138084,0.0,0.0
2008-02-20 00:00:00+08:00,5.74709092853267,5.785404807224353,5.555520998322478,5.59383487701416,218878,0.0,0.0
2008-02-21 00:00:00+08:00,5.670462053377169,5.766247008667721,5.6129915096042176,5.7470903396606445,69042,0.0,0.0
2008-02-22 00:00:00+08:00,5.766247008667721,5.842875294951195,5.670462053377169,5.7470903396606445,171870,0.0,0.0
2008-02-25 00:00:00+08:00,5.804562219630524,5.976974964141845,5.804562219630524,5.976974964141846,398094,0.0,0.0
2008-02-26 00:00:00+08:00,5.996132335896773,6.206858969672483,5.996132335896773,6.072760105133057,686014,0.0,0.0
2008-02-27 00:00:00+08:00,6.149386435927668,6.1877008483353055,6.034444808959962,6.034444808959961,257071,0.0,0.0
2008-02-29 00:00:00+08:00,6.053602894448055,6.1110739897511985,6.034446220514915,6.072760105133057,149836,0.0,0.0
2008-03-03 00:00:00+08:00,5.862033360719625,6.187702178955077,5.862033360719625,6.187702178955078,114580,0.0,0.0
2008-03-04 00:00:00+08:00,6.16854378411824,6.226015409053427,6.09191656112671,6.091916561126709,186560,0.0,0.0
2008-03-05 00:00:00+08:00,6.111073874413185,6.187702178955077,6.091917200841601,6.187702178955078,91076,0.0,0.0
2008-03-06 00:00:00+08:00,6.1493877583082055,6.206858852526662,6.1302310847366215,6.187702178955078,171870,0.0,0.0
2008-03-07 00:00:00+08:00,6.187702178955077,6.245172736421683,6.1302310847366215,6.187702178955078,221816,0.0,0.0
2008-03-10 00:00:00+08:00,6.187701117548397,6.187701117548397,6.0536017417907715,6.0536017417907715,117518,0.0,0.0
2008-03-11 00:00:00+08:00,6.0536017417907715,6.111072826150931,5.996131194182371,6.0536017417907715,30848,0.0,0.0
2008-03-12 00:00:00+08:00,6.16854378411824,6.16854378411824,6.07275935281498,6.091916561126709,180684,0.0,0.0
2008-03-13 00:00:00+08:00,6.168544548302481,6.168544548302481,6.053602894448055,6.072760105133057,232099,0.0,0.0
2008-03-14 00:00:00+08:00,6.072759612447798,6.13023070308829,6.015288521807305,6.1110734939575195,94014,0.0,0.0
2008-03-17 00:00:00+08:00,6.053601983225281,6.053601983225281,5.9386603466725285,5.957817554473877,114580,0.0,0.0
2008-03-18 00:00:00+08:00,5.957817554473878,6.015288104374364,5.9386603466725285,5.957817554473877,54352,0.0,0.0
2008-03-19 00:00:00+08:00,5.976974964141845,6.0344460578962344,5.957818290724947,5.976974964141846,49945,0.0,0.0
2008-03-20 00:00:00+08:00,5.976974964141845,5.976974964141845,5.823718893047422,5.976974964141846,88138,0.0,0.0
2008-03-21 00:00:00+08:00,6.015288104374364,6.015288104374364,5.9386603466725285,5.957817554473877,126332,0.0,0.0
2008-03-24 00:00:00+08:00,6.091917151650624,6.168544382070064,5.976974964141845,5.976974964141846,267354,0.0,0.0
2008-03-25 00:00:00+08:00,6.053602144503252,6.130230440998372,6.053602144503252,6.091916561126709,254133,0.0,0.0
2008-03-26 00:00:00+08:00,6.09191656112671,6.16854378411824,6.053602144503252,6.091916561126709,95483,0.0,0.0
2008-03-27 00:00:00+08:00,6.072760143530609,6.072760143530609,5.9961323738098145,5.9961323738098145,215940,0.0,0.0
2008-03-28 00:00:00+08:00,5.9578173284093365,6.091916167675167,5.9578173284093365,6.01528787612915,164526,0.0,0.0
2008-03-31 00:00:00+08:00,5.976974964141845,6.015288847727489,5.785405546213625,5.976974964141846,323176,0.0,0.0
2008-04-01 00:00:00+08:00,5.976974225523446,6.015288104374364,5.957817554473878,5.957817554473877,248258,0.0,0.0
2008-04-02 00:00:00+08:00,6.015289047864081,6.0344462586702114,5.976975163003683,5.9961323738098145,168932,0.0,0.0
2008-04-03 00:00:00+08:00,5.996131205806465,6.0152878761291495,5.996131205806465,6.01528787612915,102828,0.0,0.0
2008-04-07 00:00:00+08:00,6.0152878761291495,6.053601753526278,5.996131205806465,6.01528787612915,160119,0.0,0.0
2008-04-08 00:00:00+08:00,6.0152878761291495,6.0152878761291495,5.976973998732021,6.01528787612915,130739,0.0,0.0
2008-04-09 00:00:00+08:00,5.9769739871450644,6.0536017417907715,5.957817316859517,6.0536017417907715,232099,0.0,0.0
2008-04-10 00:00:00+08:00,6.053602894448055,6.072760105133057,6.034446220514915,6.072760105133057,133677,0.0,0.0
2008-04-11 00:00:00+08:00,6.072760143530609,6.072760143530609,5.9961323738098145,5.9961323738098145,136615,0.0,0.0
2008-04-14 00:00:00+08:00,5.938659463252352,5.976973336403794,5.90034559010091,5.919502258300781,143960,0.0,0.0
2008-04-15 00:00:00+08:00,5.900345537505427,5.976973283125253,5.785403919075688,5.881188869476318,345210,0.0,0.0
2008-04-16 00:00:00+08:00,5.881188869476318,5.919502205534536,5.823717255133905,5.881188869476318,254133,0.0,0.0
2008-04-17 00:00:00+08:00,5.900346232499357,6.111072826150931,5.900346232499357,6.0536017417907715,656635,0.0,0.0
2008-04-18 00:00:00+08:00,6.07275935281498,6.1110732326866435,6.034445472943318,6.091916561126709,483295,0.0,0.0
2008-04-21 00:00:00+08:00,6.1110739897511985,6.1110739897511985,6.072760105133057,6.072760105133057,188029,0.0,0.0
2008-04-22 00:00:00+08:00,6.053601310768035,6.494211673736572,6.015287436173169,6.494211673736572,1969905,0.0,0.0
2008-04-23 00:00:00+08:00,6.6474699077838055,6.704940470310926,6.39842883540932,6.436743259429932,1899394,0.0,0.0
2008-04-24 00:00:00+08:00,6.3792708704794165,6.475055837662689,6.226015352387614,6.245172023773193,694828,0.0,0.0
2008-04-25 00:00:00+08:00,6.2643293032054235,6.5516842326473235,6.245172629960401,6.417585372924805,1004783,0.0,0.0
2008-04-28 00:00:00+08:00,6.417585372924805,6.45589925616669,6.30264372319915,6.417585372924805,399563,0.0,0.0
2008-04-29 00:00:00+08:00,6.302642894724189,6.340956772929759,6.245171809039946,6.264328479766846,437756,0.0,0.0
2008-04-30 00:00:00+08:00,6.264327746643868,6.264327746643868,6.187700535952287,6.206857204437256,211533,0.0,0.0
2008-05-02 00:00:00+08:00,6.206857272834037,6.26432781567395,6.130229524546344,6.168542861938477,390749,0.0,0.0
2008-05-05 00:00:00+08:00,6.168544382070064,6.2260160125763,5.976974964141845,5.976974964141846,502391,0.0,0.0
2008-05-06 00:00:00+08:00,6.0152878761291495,6.072758960600723,6.0152878761291495,6.01528787612915,173339,0.0,0.0
2008-05-07 00:00:00+08:00,6.091916821578567,6.168544047846194,6.072759612447798,6.1110734939575195,348148,0.0,0.0
2008-05-08 00:00:00+08:00,6.0536024033170275,6.168544047846194,6.0536024033170275,6.1110734939575195,193905,0.0,0.0
2008-05-09 00:00:00+08:00,6.111073218521008,6.149387098303858,6.0919165470054795,6.13023042678833,158650,0.0,0.0
2008-05-12 00:00:00+08:00,6.149387373557984,6.551683934412889,6.130230701184979,6.475056171417236,975404,0.0,0.0
2008-05-13 00:00:00+08:00,6.4750564661635535,6.4750564661635535,6.340957606441035,6.417585372924805,433349,0.0,0.0
2008-05-14 00:00:00+08:00,6.4367432594299325,6.494213821957053,6.39842883540932,6.436743259429932,242382,0.0,0.0
2008-05-15 00:00:00+08:00,6.4558984486164706,6.647468377614793,6.4558984486164706,6.589997291564941,690421,0.0,0.0
2008-05-16 00:00:00+08:00,6.6666267907823755,6.858196217671598,6.5325279235839835,6.532527923583984,835850,0.0,0.0
2008-05-19 00:00:00+08:00,6.570841694015684,6.839038886968923,6.570841694015684,6.762411117553711,578779,0.0,0.0
2008-05-20 00:00:00+08:00,6.762411235851051,6.896510103049442,6.5325279235839835,6.532527923583984,760932,0.0,0.0
2008-05-21 00:00:00+08:00,6.589997951922885,6.666626253251901,6.570841279154502,6.6474690437316895,188029,0.0,0.0
2008-05-22 00:00:00+08:00,6.475055867940125,6.704939146152767,6.475055867940125,6.570840835571289,202719,0.0,0.0
2008-05-23 00:00:00+08:00,6.570842133246378,6.704940470310926,6.4367432594299325,6.436743259429932,418659,0.0,0.0
2008-05-26 00:00:00+08:00,6.436741383402132,6.436741383402132,6.2643281358159735,6.3217997550964355,282044,0.0,0.0
2008-05-27 00:00:00+08:00,6.321799755096435,6.436741383402132,6.245171466140895,6.3217997550964355,151305,0.0,0.0
2008-05-28 00:00:00+08:00,6.321799650683344,6.321799650683344,6.130229736586144,6.149386405944824,326114,0.0,0.0
2008-05-29 00:00:00+08:00,6.187701514838502,6.20685818635403,6.13023042678833,6.13023042678833,126332,0.0,0.0
2008-05-30 00:00:00+08:00,6.168543769819387,6.168543769819387,6.072759338738157,6.13023042678833,312893,0.0,0.0
2008-06-02 00:00:00+08:00,6.130229736586144,6.2260146936347445,6.130229736586144,6.149386405944824,74918,0.0,0.0
2008-06-03 00:00:00+08:00,6.149387708653166,6.149387708653166,5.976974964141845,5.976974964141846,381935,0.0,0.0
2008-06-04 00:00:00+08:00,6.053602130470836,6.13023042678833,5.996131579172457,6.13023042678833,314362,0.0,0.0
2008-06-05 00:00:00+08:00,6.149387375467242,6.149387375467242,6.091916821578567,6.1110734939575195,167463,0.0,0.0
2008-06-06 00:00:00+08:00,6.187702178955077,6.245172736421683,6.1493877583082055,6.187702178955078,174808,0.0,0.0
2008-06-09 00:00:00+08:00,6.053602130470836,6.20685818635403,6.053602130470836,6.13023042678833,182153,0.0,0.0
2008-06-10 00:00:00+08:00,6.091916821578567,6.149387375467242,6.072759612447798,6.1110734939575195,127801,0.0,0.0
2008-06-11 00:00:00+08:00,6.130230440998372,6.130230440998372,6.07275935281498,6.091916561126709,161588,0.0,0.0
2008-06-12 00:00:00+08:00,6.053601028745079,6.053601028745079,5.862031664695514,5.881188869476318,503860,0.0,0.0
2008-06-13 00:00:00+08:00,5.9769740223544625,5.9769740223544625,5.91950293765575,5.938660144805908,242382,0.0,0.0
2008-06-16 00:00:00+08:00,5.938660144805908,5.938660144805908,5.91950293765575,5.938660144805908,108704,0.0,0.0
2008-06-17 00:00:00+08:00,5.9386610805562015,6.015288847727489,5.900347196970557,5.976974964141846,82263,0.0,0.0
2008-06-18 00:00:00+08:00,5.9769740223544625,5.9769740223544625,5.938660144805908,5.938660144805908,85200,0.0,0.0
2008-06-19 00:00:00+08:00,5.938659463252352,5.938659463252352,5.862031716949469,5.919502258300781,177746,0.0,0.0
2008-06-20 00:00:00+08:00,5.919503870387456,6.206858802407555,5.919503870387456,5.976974964141846,130739,0.0,0.0
2008-06-23 00:00:00+08:00,5.938659463252352,5.938659463252352,5.862031716949469,5.919502258300781,190967,0.0,0.0
2008-06-24 00:00:00+08:00,5.919502258300781,5.919502258300781,5.90034559010091,5.919502258300781,61697,0.0,0.0
2008-06-25 00:00:00+08:00,5.90034559010091,5.919502258300781,5.842875048749598,5.919502258300781,246789,0.0,0.0
2008-06-26 00:00:00+08:00,5.91950293765575,5.938660144805908,5.91950293765575,5.938660144805908,39662,0.0,0.0
2008-06-27 00:00:00+08:00,5.842876031336651,5.842876031336651,5.747091063974192,5.804561614990234,317300,0.0,0.0
2008-06-30 00:00:00+08:00,5.747090602607902,5.90034610868332,5.747090602607902,5.766247272491455,173339,0.0,0.0
2008-07-01 00:00:00+08:00,5.76624730572563,5.785404512471344,5.593834592021197,5.651305675506592,104297,0.0,0.0
2008-07-02 00:00:00+08:00,5.6129925151381475,5.7087769508361825,5.593835305947449,5.708776950836182,86669,0.0,0.0
2008-07-03 00:00:00+08:00,5.689620003885972,5.727933883666992,5.517207276495489,5.727933883666992,270292,0.0,0.0
2008-07-04 00:00:00+08:00,5.7087766754005855,5.727933883666992,5.632148915838546,5.727933883666992,57290,0.0,0.0
2008-07-07 00:00:00+08:00,5.632149187577027,5.727934160026881,5.593835305947449,5.708776950836182,149836,0.0,0.0
2008-07-08 00:00:00+08:00,5.65130646174079,5.65130646174079,5.536364815530574,5.555521488189697,61697,0.0,0.0
2008-07-09 00:00:00+08:00,5.6321492523298415,5.6321492523298415,5.555521488189697,5.555521488189697,63166,0.0,0.0
2008-07-10 00:00:00+08:00,5.517207606119625,5.6321492523298415,5.36395154108751,5.555521488189697,210064,0.0,0.0
2008-07-11 00:00:00+08:00,5.517207822035379,5.555521705604865,5.44058005489641,5.536365032196045,77856,0.0,0.0
2008-07-14 00:00:00+08:00,5.517207452419552,5.517207452419552,5.421422481536865,5.421422481536865,101359,0.0,0.0
2008-07-15 00:00:00+08:00,5.325637852990694,5.325637852990694,5.21069620259401,5.24901008605957,236506,0.0,0.0
2008-07-16 00:00:00+08:00,5.210695715931285,5.24900959581845,4.885026931762695,4.885026931762695,167463,0.0,0.0
2008-07-17 00:00:00+08:00,4.789243009385157,4.942499099148598,4.693458557128906,4.693458557128906,329052,0.0,0.0
2008-07-18 00:00:00+08:00,4.482731903362097,4.693458557128906,4.463574959235657,4.693458557128906,492109,0.0,0.0
2008-07-21 00:00:00+08:00,4.731771207022363,4.770085085248058,4.559358486630845,4.7126145362854,133677,0.0,0.0
2008-07-22 00:00:00+08:00,4.635986243082237,4.7126145362854,4.635986243082237,4.7126145362854,52883,0.0,0.0
2008-07-23 00:00:00+08:00,4.71261478280881,4.789242006516906,4.71261478280881,4.770085334777832,154243,0.0,0.0
2008-07-24 00:00:00+08:00,4.789242224002184,4.808399970114833,4.712614996814352,4.75092887878418,107235,0.0,0.0
2008-07-25 00:00:00+08:00,4.750928414511097,4.770085085248058,4.635986243082237,4.7126145362854,64635,0.0,0.0
2008-07-28 00:00:00+08:00,4.7126145362854,4.7126145362854,4.7126145362854,4.7126145362854,0,0.0,0.0
2008-07-29 00:00:00+08:00,4.7126145362854,4.7126145362854,4.7126145362854,4.7126145362854,0,0.0,0.0
2008-07-30 00:00:00+08:00,4.7126145362854,4.7126145362854,4.7126145362854,4.7126145362854,0,0.0,0.0
2008-07-31 00:00:00+08:00,4.7126145362854,4.7126145362854,4.7126145362854,4.7126145362854,0,0.0,0.0
2008-08-01 00:00:00+08:00,4.7126145362854,4.7126145362854,4.7126145362854,4.7126145362854,0,0.0,0.0
2008-08-04 00:00:00+08:00,4.7126145362854,4.7126145362854,4.7126145362854,4.7126145362854,0,0.0,0.0
2008-08-05 00:00:00+08:00,4.7126145362854,4.7126145362854,4.7126145362854,4.7126145362854,0,0.0,0.0
2008-08-06 00:00:00+08:00,4.7126145362854,4.7126145362854,4.7126145362854,4.7126145362854,0,0.0,0.0
2008-08-07 00:00:00+08:00,4.7126145362854,4.7126145362854,4.7126145362854,4.7126145362854,0,0.0,0.0
2008-08-08 00:00:00+08:00,4.7126145362854,4.7126145362854,4.7126145362854,4.7126145362854,0,0.0,0.0
2008-08-11 00:00:00+08:00,4.7126145362854,4.7126145362854,4.7126145362854,4.7126145362854,0,0.0,0.0
2008-08-12 00:00:00+08:00,4.7126145362854,4.7126145362854,4.7126145362854,4.7126145362854,0,0.0,0.0
2008-08-13 00:00:00+08:00,4.7126145362854,4.7126145362854,4.7126145362854,4.7126145362854,0,0.0,0.0
2008-08-14 00:00:00+08:00,4.7126145362854,4.7126145362854,4.7126145362854,4.7126145362854,0,0.0,0.0
2008-08-15 00:00:00+08:00,4.7126145362854,4.7126145362854,4.7126145362854,4.7126145362854,0,0.0,0.0
2008-08-18 00:00:00+08:00,4.808399708740161,4.885026931762695,4.808399708740161,4.885026931762695,36724,0.0,0.0
2008-08-19 00:00:00+08:00,4.674299820069089,4.846713066101074,4.674299820069089,4.846713066101074,29379,0.0,0.0
2008-08-20 00:00:00+08:00,4.846713588627326,4.942498019969339,4.770085292101202,4.885026931762695,143960,0.0,0.0
2008-08-21 00:00:00+08:00,4.789241457393363,4.923340827950351,4.789241457393363,4.808399200439453,83731,0.0,0.0
2008-08-22 00:00:00+08:00,4.789241538633509,4.846713158491459,4.731770992279053,4.731770992279053,51414,0.0,0.0
2008-08-25 00:00:00+08:00,4.731770912013783,4.865869745819033,4.712614242471169,4.808399200439453,45538,0.0,0.0
2008-08-26 00:00:00+08:00,4.942498255240325,4.942498255240325,4.750928846685486,4.827556610107422,35255,0.0,0.0
2008-08-27 00:00:00+08:00,4.90418392741388,4.90418392741388,4.7126145362854,4.7126145362854,132208,0.0,0.0
2008-08-28 00:00:00+08:00,4.71261478280881,4.770085334777832,4.71261478280881,4.770085334777832,57290,0.0,0.0
2008-08-29 00:00:00+08:00,4.770084868765939,4.808399282004573,4.731770992279053,4.731770992279053,73449,0.0,0.0
2008-09-01 00:00:00+08:00,4.6934574148936825,4.808399588431047,4.559358570267945,4.635986328125,66104,0.0,0.0
2008-09-02 00:00:00+08:00,4.635986529122237,4.655143737792969,4.616829857203309,4.655143737792969,52883,0.0,0.0
2008-09-03 00:00:00+08:00,4.559358745134635,4.635986505930622,4.329474925994873,4.329474925994873,114580,0.0,0.0
2008-09-04 00:00:00+08:00,4.2911603276089,4.559357982272384,4.04211987831497,4.233689785003662,381935,0.0,0.0
2008-09-05 00:00:00+08:00,3.9463350724071686,4.1570619239623925,3.9463350724071686,3.965492010116577,431880,0.0,0.0
2008-09-08 00:00:00+08:00,4.157062997528835,4.214533557123034,4.003807456275144,4.176219940185547,161588,0.0,0.0
2008-09-09 00:00:00+08:00,4.137905409743094,4.137905409743094,4.003806832053041,4.080434322357178,39662,0.0,0.0
2008-09-10 00:00:00+08:00,4.022963475027477,4.195375919342041,4.022963475027477,4.195375919342041,80794,0.0,0.0
2008-09-11 00:00:00+08:00,4.137905590012989,4.195376411526756,4.0804345001233155,4.157062530517578,85200,0.0,0.0
2008-09-12 00:00:00+08:00,4.0995919812872454,4.118749192694217,3.946336168663058,4.0229644775390625,60228,0.0,0.0
2008-09-15 00:00:00+08:00,3.946336100392685,4.003807465243423,3.8697080612182617,3.8697080612182617,132208,0.0,0.0
2008-09-16 00:00:00+08:00,3.6015098094940186,3.831393608499591,3.6015098094940186,3.6015098094940186,373121,0.0,0.0
2008-09-17 00:00:00+08:00,3.639824628829956,3.7356096146088245,3.6206676853493716,3.639824628829956,374590,0.0,0.0
2008-09-18 00:00:00+08:00,3.4966848015185876,3.668451692807357,3.3944424201644714,3.5130438804626465,95483,0.408446,0.0
2008-09-19 00:00:00+08:00,3.4394284086150373,3.680720329284668,3.3944416676634526,3.680720329284668,151305,0.0,0.0
2008-09-22 00:00:00+08:00,3.836129071549869,3.836129071549869,3.476236226212887,3.5989270210266113,120456,0.0,0.0
2008-09-23 00:00:00+08:00,3.578477970596276,3.680720329284668,3.537580855239765,3.680720329284668,54352,0.0,0.0
2008-09-24 00:00:00+08:00,3.6807214085115234,3.7625148038014724,3.6807214085115234,3.7420663833618164,82263,0.0,0.0
2008-09-25 00:00:00+08:00,3.721618256433749,3.823860645294189,3.721618256433749,3.8238606452941895,54352,0.0,0.0
2008-09-26 00:00:00+08:00,3.8238612933345526,3.832040548324585,3.7216188871468088,3.832040548324585,220347,0.0,0.0
2008-09-29 00:00:00+08:00,3.832040548324585,3.832040548324585,3.832040548324585,3.832040548324585,0,0.0,0.0
2008-09-30 00:00:00+08:00,3.7625141580295516,3.7625141580295516,3.6398236564493662,3.6602723598480225,73449,0.0,0.0
2008-10-01 00:00:00+08:00,3.6889001112882736,3.844307899475098,3.6889001112882736,3.8443078994750977,82263,0.0,0.0
2008-10-02 00:00:00+08:00,3.844307899475098,3.844307899475098,3.7829629385484482,3.8443078994750977,45538,0.0,0.0
2008-10-03 00:00:00+08:00,3.8402189760850756,4.0078959465026855,3.8402189760850756,4.0078959465026855,110173,0.0,0.0
2008-10-06 00:00:00+08:00,3.844308628020628,4.073331157540507,3.844308628020628,3.9792683124542236,236506,0.0,0.0
2008-10-07 00:00:00+08:00,3.92610203305789,4.003805781887409,3.92610203305789,3.96699857711792,95483,0.0,0.0
2008-10-08 00:00:00+08:00,3.8852051068187166,3.8852051068187166,3.8034117221832275,3.8034117221832275,29379,0.0,0.0
2008-10-09 00:00:00+08:00,3.7625146348495573,3.8402192592620854,3.7420662153281175,3.840219259262085,57290,0.0,0.0
2008-10-13 00:00:00+08:00,3.7093489170074463,3.721617795895017,3.7093489170074463,3.7093489170074463,107235,0.0,0.0
2008-10-14 00:00:00+08:00,3.8402192849243137,3.926102876663208,3.8034120722460254,3.926102876663208,38193,0.0,0.0
2008-10-15 00:00:00+08:00,3.803411354346868,3.844307899475098,3.791141903811763,3.8443078994750977,38193,0.0,0.0
2008-10-16 00:00:00+08:00,3.721618528402224,3.7625150858788943,3.713438987731933,3.7134389877319336,235037,0.0,0.0
2008-10-17 00:00:00+08:00,3.603016625667773,3.7420662224402355,3.603016625667773,3.6848108768463135,104297,0.0,0.0
2008-10-20 00:00:00+08:00,3.6193758607238817,3.7420663833618164,3.5784790198445706,3.7420663833618164,110173,0.0,0.0
2008-10-21 00:00:00+08:00,3.705257731419491,3.705257731419491,3.6807199801763995,3.688899517059326,83731,0.0,0.0
2008-10-22 00:00:00+08:00,3.6970791719623435,3.6970791719623435,3.6316440105438232,3.6316440105438232,126332,0.0,0.0
2008-10-23 00:00:00+08:00,3.5621199232401146,3.5907475948333736,3.504864293584946,3.590747594833374,16158,0.0,0.0
2008-10-24 00:00:00+08:00,3.4680574524157692,3.59483817752066,3.4680574524157692,3.4844162464141846,277637,0.0,0.0
2008-10-27 00:00:00+08:00,3.4762361267425885,3.558030369569435,3.4353395782664307,3.5457606315612793,54352,0.0,0.0
2008-10-28 00:00:00+08:00,3.3535456814050457,3.4762361884161277,3.3003793939774844,3.357635021209717,283513,0.0,0.0
2008-10-29 00:00:00+08:00,3.472146534008577,3.472146534008577,3.373993507062119,3.3780837059020996,57290,0.0,0.0
2008-10-30 00:00:00+08:00,3.4557882917774556,3.5375816822051998,3.398532660656243,3.5375816822052,277637,0.0,0.0
2008-10-31 00:00:00+08:00,3.5375814803854286,3.639823857141639,3.4353396765665005,3.5989270210266113,148367,0.0,0.0
2008-11-03 00:00:00+08:00,3.443518607147292,3.680720329284668,3.443518607147292,3.680720329284668,164526,0.0,0.0
2008-11-04 00:00:00+08:00,3.6807210819803187,3.6807210819803187,3.51713316003825,3.6520934104919434,61697,0.0,0.0
2008-11-05 00:00:00+08:00,3.558030366897583,3.631644211393114,3.4844156629961542,3.558030366897583,116049,0.0,0.0
2008-11-06 00:00:00+08:00,3.5539400577545166,3.558030256762856,3.488504894742553,3.5539400577545166,406908,0.0,0.0
2008-11-07 00:00:00+08:00,3.308558658972875,3.476235900508979,3.308558658972875,3.447608232498169,240913,0.0,0.0
2008-11-10 00:00:00+08:00,3.3944426676943795,3.4966850565042265,3.3944426676943795,3.3985328674316406,48476,0.0,0.0
2008-11-11 00:00:00+08:00,3.3330975004733547,3.4598776427687796,3.2962902884601903,3.4230704307556152,60228,0.0,0.0
2008-11-12 00:00:00+08:00,3.4680578040453565,3.4925961407652846,3.3739946574001474,3.4762370586395264,621379,0.0,0.0
2008-11-13 00:00:00+08:00,3.435339458391422,3.435339458391422,3.3739936351776123,3.3739936351776123,267354,0.0,0.0
2008-11-14 00:00:00+08:00,3.4148914578074057,3.4557888761081634,3.3944430351257324,3.3944430351257324,262947,0.0,0.0
2008-11-17 00:00:00+08:00,3.394442986792081,3.435340404510498,3.394442986792081,3.435340404510498,105766,0.0,0.0
2008-11-18 00:00:00+08:00,3.3944424449500565,3.4353398561401747,3.3944424449500565,3.4026219844818115,186560,0.0,0.0
2008-11-19 00:00:00+08:00,3.3944426676943795,3.398532867431641,3.3944426676943795,3.3985328674316406,29379,0.0,0.0
2008-11-20 00:00:00+08:00,3.316739205417825,3.3249187469482426,3.316739205417825,3.324918746948242,32317,0.0,0.0
2008-11-21 00:00:00+08:00,3.312649630867746,3.3944430351257324,3.312649630867746,3.3944430351257324,195374,0.0,0.0
2008-11-24 00:00:00+08:00,3.3944424449500565,3.4148908640764595,3.3944424449500565,3.4026219844818115,135146,0.0,0.0
2008-11-25 00:00:00+08:00,3.51713388198296,3.51713388198296,3.4148914813995366,3.414891481399536,19096,0.0,0.0
2008-11-26 00:00:00+08:00,3.435340404510498,3.455788826901005,3.402622527629505,3.435340404510498,223285,0.0,0.0
2008-11-27 00:00:00+08:00,3.435339831055964,3.513043880462646,3.435339831055964,3.5130438804626465,199781,0.0,0.0
2008-11-28 00:00:00+08:00,3.455788497206636,3.7584254634759504,3.3944426629503197,3.7420663833618164,966590,0.0,0.0
2008-12-01 00:00:00+08:00,3.7379765386951855,3.7379765386951855,3.484415701104907,3.5171329975128174,486233,0.0,0.0
2008-12-02 00:00:00+08:00,3.4762359250377766,3.4762359250377766,3.3535454273223877,3.3535454273223877,71980,0.0,0.0
2008-12-03 00:00:00+08:00,3.312649976369229,3.3862638473510738,3.312649976369229,3.386263847351074,42600,0.0,0.0
2008-12-04 00:00:00+08:00,3.300379252756824,3.3126487039890247,3.2308547496795654,3.2308547496795654,143960,0.0,0.0
2008-12-05 00:00:00+08:00,3.1490610724089247,3.1490610724089247,3.00592185462616,3.0877161026000977,210064,0.0,0.0
2008-12-08 00:00:00+08:00,3.0877160052744985,3.112253763249672,3.0877160052744985,3.099984884262085,116049,0.0,0.0
2008-12-09 00:00:00+08:00,3.0999848842620854,3.1040747970599227,3.0672675871598787,3.099984884262085,113111,0.0,0.0
2008-12-10 00:00:00+08:00,3.1081643104553223,3.13270292920646,3.1081643104553223,3.1081643104553223,60228,0.0,0.0
2008-12-11 00:00:00+08:00,3.1081642227110287,3.1081642227110287,3.071357011795044,3.071357011795044,51414,0.0,0.0
2008-12-12 00:00:00+08:00,3.108164520007362,3.108164520007362,3.0345500911341627,3.046818971633911,64635,0.0,0.0
2008-12-15 00:00:00+08:00,3.087716231441686,3.087716231441686,3.0836260318756104,3.0836260318756104,51414,0.0,0.0
2008-12-16 00:00:00+08:00,3.083626550742396,3.095896005630493,3.083626550742396,3.095896005630493,55821,0.0,0.0
2008-12-17 00:00:00+08:00,3.1081645337878547,3.1449720348563224,2.9854740094343413,3.1040751934051514,201250,0.0,0.0
2008-12-18 00:00:00+08:00,3.1040751934051514,3.1040751934051514,3.1040751934051514,3.1040751934051514,30848,0.0,0.0
2008-12-19 00:00:00+08:00,3.0263711251221914,3.0958962268202033,3.0263711251221914,3.034550666809082,14689,0.0,0.0
2008-12-22 00:00:00+08:00,2.965025289807966,3.046818677996132,2.965025289807966,3.0059218406677246,129270,0.0,0.0
2008-12-23 00:00:00+08:00,2.965025745490092,3.001832962036133,2.924128328939036,3.001832962036133,51414,0.0,0.0
2008-12-24 00:00:00+08:00,2.903679610814062,2.9977424468339726,2.8423343577059383,2.993652820587158,142491,0.0,0.0
2008-12-25 00:00:00+08:00,2.8832318448443686,2.9404874846478877,2.8668727632219912,2.9282186031341553,118987,0.0,0.0
2008-12-26 00:00:00+08:00,2.9036803956486774,2.924128532409668,2.8750524312458636,2.924128532409668,110173,0.0,0.0
2008-12-29 00:00:00+08:00,2.924128532409668,2.924128532409668,2.924128532409668,2.924128532409668,2937,0.0,0.0
2008-12-30 00:00:00+08:00,2.8627827739146334,2.903679609298706,2.8627827739146334,2.903679609298706,160119,0.0,0.0
2008-12-31 00:00:00+08:00,2.9445766497261916,2.9445766497261916,2.9036795290043953,2.9077694416046143,92545,0.0,0.0
2009-01-02 00:00:00+08:00,2.9077694416046143,2.9077694416046143,2.9077694416046143,2.9077694416046143,0,0.0,0.0
2009-01-05 00:00:00+08:00,2.9445773982878323,2.9691151613152966,2.9282186031341553,2.9282186031341553,142491,0.0,0.0
2009-01-06 00:00:00+08:00,2.9241275627940966,2.9282177617274465,2.8750514779035,2.9200382232666016,98421,0.0,0.0
2009-01-07 00:00:00+08:00,2.924128532409668,2.9323080735827776,2.924128532409668,2.924128532409668,213002,0.0,0.0
2009-01-08 00:00:00+08:00,2.92412840302551,2.9282186031341553,2.90368026716929,2.9282186031341553,168932,0.0,0.0
2009-01-09 00:00:00+08:00,2.9282183797936843,2.932307720184326,2.924128179997006,2.932307720184326,76387,0.0,0.0
2009-01-12 00:00:00+08:00,2.9036792582947664,3.0059213343956728,2.9036792582947664,2.936396837234497,94014,0.0,0.0
2009-01-13 00:00:00+08:00,2.9363972377571224,2.9445767768420392,2.9159491062164307,2.9159491062164307,83731,0.0,0.0
2009-01-14 00:00:00+08:00,2.9241275627940966,2.9363970137196733,2.90367943281353,2.9200382232666016,49945,0.0,0.0
2009-01-15 00:00:00+08:00,2.9445765521805183,2.9445765521805183,2.8627825999151604,2.9200382232666016,11751,0.0,0.0
2009-01-16 00:00:00+08:00,2.9241276596623513,2.9282178587311987,2.9077694416046143,2.9077694416046143,54352,0.0,0.0
2009-01-19 00:00:00+08:00,2.9200388025296298,2.9200388025296298,2.7400923583175647,2.842334747314453,64635,0.0,0.0
2009-01-20 00:00:00+08:00,2.8627832517966154,2.8995904670802055,2.8218864095856673,2.8791420459747314,23503,0.0,0.0
2009-01-21 00:00:00+08:00,2.8955001831054688,2.8955001831054688,2.8955001831054688,2.8955001831054688,1468,0.0,0.0
2009-02-02 00:00:00+08:00,2.895500494810571,2.895500494810571,2.862783193588257,2.862783193588257,14689,0.0,0.0
2009-02-03 00:00:00+08:00,2.862782902244062,2.887321233749389,2.862782902244062,2.8873212337493896,13220,0.0,0.0
2009-02-04 00:00:00+08:00,2.821886255166554,2.875051975250244,2.821886255166554,2.875051975250244,4406,0.0,0.0
2009-02-05 00:00:00+08:00,2.862783095139547,2.8995903084089747,2.821886255166554,2.875051975250244,63166,0.0,0.0
2009-02-06 00:00:00+08:00,2.8750521325786895,2.8791420459747314,2.8627832517966154,2.8791420459747314,290858,0.0,0.0
2009-02-09 00:00:00+08:00,2.8750514779035,3.0631771384108957,2.8750514779035,2.9200382232666016,69042,0.0,0.0
2009-02-10 00:00:00+08:00,2.944577528576799,2.944577528576799,2.9036803956486774,2.924128532409668,24972,0.0,0.0
2009-02-11 00:00:00+08:00,2.9854735757755413,3.1081640823074874,2.903679618285607,2.9445767402648926,66104,0.0,0.0
2009-02-12 00:00:00+08:00,2.944576871143762,3.0672676695976353,2.944576871143762,3.0059218406677246,143960,0.0,0.0
2009-02-13 00:00:00+08:00,3.0631773643485425,3.1449716091156006,3.059088024519421,3.1449716091156006,86669,0.0,0.0
2009-02-16 00:00:00+08:00,3.1367916699071094,3.2267651557922363,3.1367916699071094,3.2267651557922363,58759,0.0,0.0
2009-02-17 00:00:00+08:00,3.25948259781981,3.3535454273223877,3.2308546431383824,3.3535454273223877,113111,0.0,0.0
2009-02-18 00:00:00+08:00,3.2104072309906746,3.4312502532464855,3.2104072309906746,3.3944430351257324,130739,0.0,0.0
2009-02-19 00:00:00+08:00,3.423070142164002,3.508953438641645,3.3330972194671626,3.333097219467163,79325,0.0,0.0
2009-02-20 00:00:00+08:00,3.4557888851227823,3.4557888851227823,3.337187403028547,3.410802125930786,27910,0.0,0.0
2009-02-23 00:00:00+08:00,3.4353404771598948,3.4353404771598948,3.3780848359619124,3.414891481399536,26441,0.0,0.0
2009-02-24 00:00:00+08:00,3.353546825998019,3.4312506111177314,3.292200978617363,3.386263847351074,23503,0.0,0.0
2009-02-25 00:00:00+08:00,3.447609286063581,3.447609286063581,3.435340404510498,3.435340404510498,2937,0.0,0.0
2009-02-26 00:00:00+08:00,3.4353393845422993,3.4680566787719727,3.4353393845422993,3.4680566787719727,16158,0.0,0.0
2009-02-27 00:00:00+08:00,3.435339802465479,3.4680571006753462,3.3126490031553595,3.4271602630615234,52883,0.0,0.0
2009-03-02 00:00:00+08:00,3.4230700072800375,3.4230700072800375,3.333097088128526,3.3739936351776123,26441,0.0,0.0
2009-03-03 00:00:00+08:00,3.312649495358962,3.382174015045166,3.271752365199867,3.382174015045166,26441,0.0,0.0
2009-03-04 00:00:00+08:00,3.373994218467219,3.4435195922851567,3.373994218467219,3.4435195922851562,99890,0.0,0.0
2009-03-05 00:00:00+08:00,3.4557881230665326,3.4557881230665326,3.353545745468827,3.4394290447235107,154243,0.0,0.0
2009-03-06 00:00:00+08:00,3.42716054241662,3.4516983032226567,3.42716054241662,3.4516983032226562,32317,0.0,0.0
2009-03-09 00:00:00+08:00,3.435339817953669,3.435339817953669,3.3535458558886053,3.4312496185302734,22034,0.0,0.0
2009-03-10 00:00:00+08:00,3.431249505552,3.4516979237778123,3.3699045373432055,3.4394290447235107,20565,0.0,0.0
2009-03-11 00:00:00+08:00,3.5294022141984214,3.5294022141984214,3.4353393845422993,3.4680566787719727,38193,0.0,0.0
2009-03-12 00:00:00+08:00,3.4312491558225426,3.46805664863978,3.4189802780187444,3.447608232498169,63166,0.0,0.0
2009-03-13 00:00:00+08:00,3.4680576485390873,3.59892772145861,3.4680576485390873,3.5948383808135986,14689,0.0,0.0
2009-03-16 00:00:00+08:00,3.578478387118315,3.5948374643399292,3.476236016529278,3.5539400577545166,27910,0.0,0.0
2009-03-17 00:00:00+08:00,3.5171328501774433,3.5948374643399292,3.476236016529278,3.5539400577545166,52883,0.0,0.0
2009-03-18 00:00:00+08:00,3.4762370586395264,3.5457615820960977,3.4598782629824774,3.4762370586395264,52883,0.0,0.0
2009-03-19 00:00:00+08:00,3.4762361621514524,3.5171329975128174,3.4762361621514524,3.5171329975128174,39662,0.0,0.0
2009-03-20 00:00:00+08:00,3.5171329975128174,3.5171329975128174,3.4762361621514524,3.5171329975128174,60228,0.0,0.0
2009-03-23 00:00:00+08:00,3.5580295189750886,3.5580295189750886,3.48850417137146,3.48850417137146,4406,0.0,0.0
2009-03-24 00:00:00+08:00,3.5171338076038245,3.5580312253222415,3.435340404510498,3.435340404510498,80794,0.0,0.0
2009-03-25 00:00:00+08:00,3.5089542667664007,3.5089542667664007,3.394442986792081,3.435340404510498,52883,0.0,0.0
2009-03-26 00:00:00+08:00,3.435339524874798,3.5171329070245236,3.435339524874798,3.480325698852539,57290,0.0,0.0
2009-03-27 00:00:00+08:00,3.5580303593596847,3.7216176986694336,3.5539401602334033,3.7216176986694336,232099,0.0,0.0
2009-03-30 00:00:00+08:00,3.721617591355517,3.721617591355517,3.4966844333533604,3.5539400577545166,121925,0.0,0.0
2009-03-31 00:00:00+08:00,3.517132961687379,3.594837578313473,3.484415665612726,3.5457606315612793,17627,0.0,0.0
2009-04-02 00:00:00+08:00,3.5212229102238624,3.594837614930409,3.5007747790118153,3.5171329975128174,89607,0.0,0.0
2009-04-03 00:00:00+08:00,3.5907477199683573,3.5907477199683573,3.504864415726958,3.533492088317871,123394,0.0,0.0
2009-04-06 00:00:00+08:00,3.5294027481976378,3.5580307072572106,3.5294027481976378,3.533492088317871,32317,0.0,0.0
2009-04-07 00:00:00+08:00,3.5580307072572106,3.5580307072572106,3.533492088317871,3.533492088317871,33786,0.0,0.0
2009-04-08 00:00:00+08:00,3.5334921538727446,3.598927326383659,3.496684940952522,3.525312900543213,111642,0.0,0.0
2009-04-09 00:00:00+08:00,3.7625142776410825,3.7625142776410825,3.5784785194202495,3.6275548934936523,96952,0.0,0.0
2009-04-10 00:00:00+08:00,3.63982437750272,3.8811163753082787,3.63982437750272,3.729797601699829,807940,0.0,0.0
2009-04-13 00:00:00+08:00,3.496684555705172,3.721617721577921,3.496684555705172,3.676630973815918,111642,0.0,0.0
2009-04-14 00:00:00+08:00,3.6684513536361583,3.6684513536361583,3.5621196420800376,3.566209554672241,45538,0.0,0.0
2009-04-15 00:00:00+08:00,3.553940272125168,3.648003109777188,3.553940272125168,3.5989270210266113,57290,0.0,0.0
2009-04-16 00:00:00+08:00,3.639823983787649,3.692989987174528,3.6030164862410547,3.6071066856384277,405439,0.0,0.0
2009-04-17 00:00:00+08:00,3.61937533280007,3.6357341240594283,3.4966845415891985,3.558030366897583,399563,0.0,0.0
2009-04-20 00:00:00+08:00,3.4966844621628708,3.5907472949160932,3.4148905077240084,3.5743885040283203,70511,0.0,0.0
2009-04-21 00:00:00+08:00,3.3535463705430923,3.594838380813599,3.3535463705430923,3.5948383808135986,38193,0.0,0.0
2009-04-22 00:00:00+08:00,3.4435196300139257,3.7134387235575312,3.4435196300139257,3.692990303039551,421597,0.0,0.0
2009-04-23 00:00:00+08:00,3.59892671630318,3.6970791719623435,3.59892671630318,3.6316440105438232,124863,0.0,0.0
2009-04-24 00:00:00+08:00,3.639824184791383,3.68072131105653,3.6030166852121512,3.6357345581054688,431880,0.0,0.0
2009-04-27 00:00:00+08:00,3.635734070283491,3.656182487438079,3.4803256988525386,3.480325698852539,157181,0.0,0.0
2009-04-28 00:00:00+08:00,3.476236680697744,3.5294029756543646,3.373994290574315,3.463967800140381,249727,0.0,0.0
2009-04-29 00:00:00+08:00,3.423070998761298,3.4762370123211306,3.3944430351257324,3.3944430351257324,73449,0.0,0.0
2009-04-30 00:00:00+08:00,3.4353388824597646,3.545759913389516,3.41488989619192,3.4966838359832764,196843,0.0,0.0
2009-05-04 00:00:00+08:00,3.4966838359832764,3.5539394506029387,3.4885042987698536,3.4966838359832764,330521,0.0,0.0
2009-05-05 00:00:00+08:00,3.451698103172155,3.5334920667951084,3.312649081184781,3.4230704307556152,85200,0.0,0.0
2009-05-06 00:00:00+08:00,3.3944419789665115,3.476235930712237,3.3535454327965732,3.4680566787719727,124863,0.0,0.0
2009-05-07 00:00:00+08:00,3.4680574269928353,3.4680574269928353,3.3044697746765554,3.463967800140381,118987,0.0,0.0
2009-05-08 00:00:00+08:00,3.3535454273223877,3.3535454273223877,3.3535454273223877,3.3535454273223877,13220,0.0,0.0
2009-05-11 00:00:00+08:00,3.3535460484287034,3.4476088953525506,3.3535460484287034,3.406712055206299,92545,0.0,0.0
2009-05-12 00:00:00+08:00,3.435340462387768,3.435340462387768,3.337187403028547,3.410802125930786,17627,0.0,0.0
2009-05-13 00:00:00+08:00,3.386263003232815,3.390353202819824,3.3330975703182966,3.390353202819824,71980,0.0,0.0
2009-05-14 00:00:00+08:00,3.38626349417184,3.3944430351257324,3.353546476231092,3.3944430351257324,51414,0.0,0.0
2009-05-15 00:00:00+08:00,3.3617246792493005,3.3903526339307275,3.271751475710179,3.3535454273223877,95483,0.0,0.0
2009-05-18 00:00:00+08:00,3.3126484080976124,3.3494556126320303,3.30037895796134,3.304468870162964,33786,0.0,0.0
2009-05-19 00:00:00+08:00,3.312649150601227,3.390353202819824,3.275841937816769,3.390353202819824,127801,0.0,0.0
2009-05-20 00:00:00+08:00,3.2144964481690437,3.4885054490301335,3.2144964481690437,3.406712055206299,121925,0.0,0.0
2009-05-21 00:00:00+08:00,3.353546825998019,3.390354047957677,3.353546825998019,3.386263847351074,24972,0.0,0.0
2009-05-22 00:00:00+08:00,3.3862638473510738,3.394443389158073,3.3208295181762284,3.386263847351074,79325,0.0,0.0
2009-05-25 00:00:00+08:00,3.3862625133517517,3.3944420519364673,3.349455878829334,3.3739936351776123,23503,0.0,0.0
2009-05-26 00:00:00+08:00,3.3739935571396695,3.4067114242531695,3.3535454273223877,3.3535454273223877,45538,0.0,0.0
2009-05-27 00:00:00+08:00,3.3535456814050457,3.390352890802098,3.3330972635698655,3.357635021209717,143960,0.0,0.0
2009-06-01 00:00:00+08:00,3.4557885717684678,3.5539407628216004,3.4435196911211667,3.4844162464141846,517081,0.0,0.0
2009-06-02 00:00:00+08:00,3.484416246414185,3.5171335479423353,3.4557885717684678,3.4844162464141846,198312,0.0,0.0
2009-06-03 00:00:00+08:00,3.3126485713760885,3.4966843166505903,3.3126485713760885,3.447608232498169,117518,0.0,0.0
2009-06-04 00:00:00+08:00,3.4680574573519642,3.4844162513736636,3.353546185668748,3.4189810752868652,307017,0.0,0.0
2009-06-05 00:00:00+08:00,3.4762364354933704,3.4762364354933704,3.4230704307556157,3.4230704307556152,104297,0.0,0.0
2009-06-08 00:00:00+08:00,3.4435188662206637,3.4435188662206637,3.3780837059021,3.3780837059020996,164526,0.0,0.0
2009-06-09 00:00:00+08:00,3.3658146858215328,3.378084138036573,3.3208285086678266,3.365814685821533,130739,0.0,0.0
2009-06-10 00:00:00+08:00,3.3167384381875937,3.361725190026708,3.3167384381875937,3.349456310272217,29379,0.0,0.0
2009-06-11 00:00:00+08:00,3.349456063124036,3.349456063124036,3.2962900620382505,3.308558940887451,41131,0.0,0.0
2009-06-12 00:00:00+08:00,3.312648801902551,3.3330972194671626,3.284021131899548,3.333097219467163,17627,0.0,0.0
2009-06-15 00:00:00+08:00,3.333097180675687,3.333097180675687,3.2635721034153433,3.271751642227173,89607,0.0,0.0
2009-06-16 00:00:00+08:00,3.2921997730851698,3.296289972194031,3.234944147276886,3.271751642227173,67573,0.0,0.0
2009-06-17 00:00:00+08:00,3.271751642227173,3.271751642227173,3.2390343463857465,3.271751642227173,82263,0.0,0.0
2009-06-18 00:00:00+08:00,3.271751642227173,3.3208283021608884,3.271751642227173,3.271751642227173,35255,0.0,0.0
2009-06-19 00:00:00+08:00,3.271751731402572,3.308558940887451,3.2390344346693976,3.308558940887451,13220,0.0,0.0
2009-06-22 00:00:00+08:00,3.308558860540975,3.3126487731933594,3.308558860540975,3.3126487731933594,24972,0.0,0.0
2009-06-23 00:00:00+08:00,3.3126496613238166,3.3126496613238166,3.279931783676148,3.2799317836761475,16158,0.0,0.0
2009-06-24 00:00:00+08:00,3.243123846459635,3.50895357131958,3.243123846459635,3.50895357131958,1006252,0.0,0.0
2009-06-25 00:00:00+08:00,3.754335641860962,3.754335641860962,3.754335641860962,3.754335641860962,1141399,0.0,0.0
2009-06-26 00:00:00+08:00,4.016075773640359,4.016075773640359,3.6111964088204953,3.754335641860962,4784475,0.0,0.0
2009-06-29 00:00:00+08:00,3.492595550673996,3.7543353775584127,3.492595550673996,3.6030166149139404,785905,0.0,0.0
2009-06-30 00:00:00+08:00,3.6193756942757513,3.6807212392422293,3.558030722246596,3.6030166149139404,710987,0.0,0.0
2009-07-01 00:00:00+08:00,3.603016071833414,3.676630771991019,3.603016071833414,3.623465061187744,312893,0.0,0.0
2009-07-02 00:00:00+08:00,3.639824184791383,3.639824184791383,3.55803079166709,3.6357345581054688,330521,0.0,0.0
2009-07-03 00:00:00+08:00,3.59892671630318,3.75433479496924,3.578478299977047,3.6316440105438232,734491,0.0,0.0
2009-07-06 00:00:00+08:00,3.631644644950887,3.68072131105653,3.631644644950887,3.6357345581054688,352555,0.0,0.0
2009-07-07 00:00:00+08:00,3.7134378492464455,3.7134378492464455,3.615285396575928,3.6152853965759277,282044,0.0,0.0
2009-07-08 00:00:00+08:00,3.5580300617810168,3.615285396575928,3.5580300617810168,3.6152853965759277,142491,0.0,0.0
2009-07-09 00:00:00+08:00,3.598926812011904,3.623465141430722,3.598926812011904,3.619375228881836,91076,0.0,0.0
2009-07-10 00:00:00+08:00,3.6398243904113774,3.6398243904113774,3.5989275483045637,3.639824390411377,118987,0.0,0.0
2009-07-13 00:00:00+08:00,3.4762367908985605,3.676631664177041,3.4762367908985605,3.6561832427978516,354024,0.0,0.0
2009-07-14 00:00:00+08:00,3.6602730571856843,3.672541937799936,3.6030168486424445,3.668452024459839,98421,0.0,0.0
2009-07-15 00:00:00+08:00,3.6684519656265744,3.803412228437018,3.6234657842937765,3.75842547416687,652228,0.0,0.0
2009-07-16 00:00:00+08:00,3.7543348048283964,3.7584247172792566,3.697079181671142,3.6970791816711426,54352,0.0,0.0
2009-07-17 00:00:00+08:00,3.6807208638419966,3.7216176986694336,3.6807208638419966,3.7216176986694336,70511,0.0,0.0
2009-07-20 00:00:00+08:00,3.6807212953426958,3.815680980682373,3.660272875531755,3.815680980682373,490640,0.0,0.0
2009-07-21 00:00:00+08:00,3.827949933423041,3.827949933423041,3.6848109920266547,3.782963752746582,180684,0.0,0.0
2009-07-22 00:00:00+08:00,3.7420658296145204,3.795232115946274,3.7216176986694336,3.7216176986694336,135146,0.0,0.0
2009-07-23 00:00:00+08:00,3.721618065452067,3.975178924721582,3.713438525799269,3.848398208618164,1552714,0.0,0.0
2009-07-24 00:00:00+08:00,3.8647570622544722,3.8688472618482073,3.7543354237195254,3.7993218898773193,251195,0.0,0.0
2009-07-27 00:00:00+08:00,3.766605003533017,3.803412217618132,3.7011698289511794,3.7420663833618164,236506,0.0,0.0
2009-07-28 00:00:00+08:00,3.8361295293523274,3.8361295293523274,3.750245934086536,3.75842547416687,321707,0.0,0.0
2009-07-29 00:00:00+08:00,3.713438709333768,3.7911427642981947,3.7052591692767014,3.7420663833618164,116049,0.0,0.0
2009-07-30 00:00:00+08:00,3.705258796751524,3.819770054288152,3.705258796751524,3.7952322959899902,129270,0.0,0.0
2009-07-31 00:00:00+08:00,3.7788739098620785,3.80341224373309,3.7338871554110087,3.76251482963562,189498,0.0,0.0
2009-08-03 00:00:00+08:00,3.803412100677008,3.815680980682373,3.7625146881177947,3.815680980682373,296734,0.0,0.0
2009-08-04 00:00:00+08:00,3.8156814914469157,3.9465515676363174,3.770694732666016,3.7706947326660156,799126,0.0,0.0
2009-08-05 00:00:00+08:00,3.680720329284668,3.795231564758282,3.680720329284668,3.680720329284668,399563,0.0,0.0
2009-08-06 00:00:00+08:00,3.7420666639062112,3.7625150858788943,3.607107250767721,3.7134389877319336,171870,0.0,0.0
2009-08-10 00:00:00+08:00,3.60301572416672,3.7134376205138504,3.60301572416672,3.680720329284668,88138,0.0,0.0
2009-08-11 00:00:00+08:00,3.680720329284668,3.680720329284668,3.680720329284668,3.680720329284668,60228,0.0,0.0
2009-08-12 00:00:00+08:00,3.803412228437018,3.803412228437018,3.6234657842937765,3.75842547416687,130739,0.0,0.0
2009-08-13 00:00:00+08:00,3.7584255552236723,3.7584255552236723,3.6970800059385116,3.754335641860962,47007,0.0,0.0
2009-08-14 00:00:00+08:00,3.76251482963562,3.8238606643131483,3.7134387348309503,3.76251482963562,966590,0.0,0.0
2009-08-17 00:00:00+08:00,3.750245368461187,3.799321455666659,3.7216176986694336,3.7216176986694336,257071,0.0,0.0
2009-08-18 00:00:00+08:00,3.7379770687019613,3.8279500046667487,3.7216182749441793,3.76251482963562,669855,0.0,0.0
2009-08-19 00:00:00+08:00,3.8034118536068795,4.024254830512787,3.7625144437043674,3.8647568225860596,2876267,0.0,0.0
2009-08-20 00:00:00+08:00,3.84430922634365,3.84430922634365,3.607107406624007,3.7870535850524902,671324,0.0,0.0
2009-08-21 00:00:00+08:00,3.721617764610465,3.8729362280342796,3.6807209290584018,3.8034117221832275,440694,0.0,0.0
2009-08-24 00:00:00+08:00,3.82386025360847,3.8565772646726857,3.778873503989237,3.7952322959899902,195374,0.0,0.0
2009-08-25 00:00:00+08:00,3.8034117221832275,3.8852051068187166,3.782963304407196,3.8034117221832275,108704,0.0,0.0
2009-08-26 00:00:00+08:00,3.782964270481291,3.9342827725480523,3.778874356706714,3.8770265579223633,314362,0.0,0.0
2009-08-27 00:00:00+08:00,3.8361289880530673,3.9179229449714446,3.8361289880530673,3.897474527359009,293796,0.0,0.0
2009-08-28 00:00:00+08:00,3.885205877607116,3.8933854182214547,3.8279502391815186,3.8279502391815186,130739,0.0,0.0
2009-08-31 00:00:00+08:00,3.8279488559874646,3.8279488559874646,3.680720329284668,3.680720329284668,163057,0.0,0.0
2009-09-01 00:00:00+08:00,3.6807214085115234,3.7420663833618164,3.6807214085115234,3.7420663833618164,204188,0.0,0.0
2009-09-02 00:00:00+08:00,3.7420663394102722,3.7829637527465816,3.717528578933297,3.782963752746582,36724,0.0,0.0
2009-09-03 00:00:00+08:00,3.7216182460142377,3.844308768540856,3.7216182460142377,3.8075015544891357,124863,0.0,0.0
2009-09-04 00:00:00+08:00,3.8075016508893835,3.8402195254476594,3.7461566745415853,3.754335641860962,120456,0.0,0.0
2009-09-07 00:00:00+08:00,3.762515552327751,3.799322773735407,3.7338878726044253,3.778874635696411,96952,0.0,0.0
2009-09-08 00:00:00+08:00,3.8075017415658494,3.8075017415658494,3.725707769393921,3.725707769393921,174808,0.0,0.0
2009-09-09 00:00:00+08:00,3.746156593749382,3.762514814504024,3.7175286331712267,3.75842547416687,195374,0.0,0.0
2009-09-10 00:00:00+08:00,3.762514903388038,3.79932211844737,3.7257076883287064,3.729797601699829,118987,0.0,0.0
2009-09-11 00:00:00+08:00,3.7297975940281063,3.754335641860962,3.701169919301222,3.754335641860962,71980,0.0,0.0
2009-09-14 00:00:00+08:00,3.7543355759910675,3.80341224373309,3.7543355759910675,3.76251482963562,270292,0.0,0.0
2009-09-15 00:00:00+08:00,3.7706942168138133,3.7993218898773193,3.7666048766260722,3.7993218898773193,145429,0.0,0.0
2009-09-16 00:00:00+08:00,3.7993226689582857,3.8402200897833407,3.7870537864732374,3.832040548324585,283513,0.0,0.0
2009-09-17 00:00:00+08:00,3.8361296495519897,3.8974751994363057,3.8361296495519897,3.8852057456970215,349617,0.0,0.0
2009-09-18 00:00:00+08:00,3.639823359951662,4.007895407646552,3.639823359951662,3.96699857711792,437756,0.0,0.0
2009-09-21 00:00:00+08:00,4.011986950264774,4.212381558585112,3.999717495064083,4.130587577819824,681607,0.0,0.0
2009-09-22 00:00:00+08:00,4.181540114006218,4.413848128231813,4.181540114006218,4.329372406005859,1551245,0.218269,0.0
2009-09-23 00:00:00+08:00,4.329372143580149,4.434966715996697,4.223777571163601,4.308253288269043,951900,0.0,0.0
2009-09-24 00:00:00+08:00,4.2871346928234,4.350490966736054,4.24489638791887,4.329372406005859,195374,0.0,0.0
2009-09-25 00:00:00+08:00,4.329372830338309,4.625037147455342,4.329372830338309,4.519442558288574,923989,0.0,0.0
2009-09-28 00:00:00+08:00,4.51944203524901,4.51944203524901,4.350490889651706,4.477204322814941,356962,0.0,0.0
2009-09-29 00:00:00+08:00,4.392728602085774,4.603917755978176,4.392728602085774,4.477204322814941,267354,0.0,0.0
2009-09-30 00:00:00+08:00,4.456085122905622,4.498322832081948,4.434966564178467,4.434966564178467,215940,0.0,0.0
2009-10-01 00:00:00+08:00,4.434966564178467,4.456085122905622,4.4138477095903035,4.434966564178467,174808,0.0,0.0
2009-10-02 00:00:00+08:00,4.434966564178467,4.498322832081948,4.4138477095903035,4.434966564178467,220347,0.0,0.0
2009-10-05 00:00:00+08:00,4.477203977493786,4.477203977493786,4.434966564178467,4.434966564178467,173339,0.0,0.0
2009-10-06 00:00:00+08:00,4.498323179031975,4.51944203524901,4.456085466597907,4.477204322814941,139553,0.0,0.0
2009-10-07 00:00:00+08:00,4.51944203524901,4.51944203524901,4.434966906241903,4.477204322814941,77856,0.0,0.0
2009-10-08 00:00:00+08:00,4.477204583106933,4.519442297996583,4.456085725662109,4.498323440551758,64635,0.0,0.0
2009-10-09 00:00:00+08:00,4.51944203524901,4.51944203524901,4.456085466597907,4.477204322814941,151305,0.0,0.0
2009-10-12 00:00:00+08:00,4.477204583106933,4.540561451302455,4.477204583106933,4.498323440551758,64635,0.0,0.0
2009-10-13 00:00:00+08:00,4.519442047054999,4.540561199188232,4.477204334510594,4.540561199188232,52883,0.0,0.0
2009-10-14 00:00:00+08:00,4.625036898739341,4.857344627380371,4.625036898739341,4.857344627380371,837319,0.0,0.0
2009-10-15 00:00:00+08:00,4.857344354487146,4.8995820671650705,4.709512360114409,4.772868633270264,600813,0.0,0.0
2009-10-16 00:00:00+08:00,4.815106672787067,4.815106672787067,4.730630660356252,4.751749515533447,127801,0.0,0.0
2009-10-19 00:00:00+08:00,4.75174992215337,4.793988227844238,4.709512504045626,4.793988227844238,44069,0.0,0.0
2009-10-20 00:00:00+08:00,4.772868779137763,4.9840579407037735,4.730631065168978,4.793988227844238,207126,0.0,0.0
2009-10-21 00:00:00+08:00,4.878463401210634,5.026295697213633,4.793988268419131,5.005176544189453,289389,0.0,0.0
2009-10-22 00:00:00+08:00,5.047414079776597,5.343078626650958,5.047414079776597,5.258602619171143,1082640,0.0,0.0
2009-10-23 00:00:00+08:00,5.153009065232534,5.3008419594137175,5.153009065232534,5.279722213745117,202719,0.0,0.0
2009-10-26 00:00:00+08:00,5.490910497300018,5.638742775823881,5.279721358916778,5.512029647827148,456853,0.0,0.0
2009-10-27 00:00:00+08:00,5.469792366027832,5.596505503928787,5.385316349038465,5.469792366027832,124863,0.0,0.0
2009-10-28 00:00:00+08:00,5.490911386321536,5.490911386321536,5.279722213745117,5.279722213745117,176277,0.0,0.0
2009-10-29 00:00:00+08:00,5.153009250897774,5.237485278005319,4.920701803587895,4.984058380126953,396625,0.0,0.0
2009-10-30 00:00:00+08:00,5.068533420562744,5.27972199257006,5.026295706161281,5.068533420562744,196843,0.0,0.0
2009-11-02 00:00:00+08:00,5.026295706161281,5.068533420562744,4.984057991759817,5.068533420562744,86669,0.0,0.0
2009-11-03 00:00:00+08:00,5.047414867986441,5.131890296936035,5.047414867986441,5.131890296936035,7344,0.0,0.0
2009-11-04 00:00:00+08:00,5.195246744052191,5.237484455108643,5.1530084412736965,5.237484455108643,61697,0.0,0.0
2009-11-05 00:00:00+08:00,5.237484441010508,5.237484441010508,4.920701017217786,5.174127578735352,123394,0.0,0.0
2009-11-06 00:00:00+08:00,5.21636528967811,5.21636528967811,4.984057583631922,5.174127578735352,110173,0.0,0.0
2009-11-09 00:00:00+08:00,5.026295152092202,5.1318897223167825,5.026295152092202,5.047414302825928,11751,0.0,0.0
2009-11-10 00:00:00+08:00,5.0051765530995045,5.068533420562744,5.0051765530995045,5.068533420562744,146898,0.0,0.0
2009-11-11 00:00:00+08:00,4.984057442346774,5.06853286183763,4.96293858747406,5.047414302825928,23503,0.0,0.0
2009-11-12 00:00:00+08:00,5.068533375956011,5.068533375956011,4.920701376851917,5.0262956619262695,55821,0.0,0.0
2009-11-13 00:00:00+08:00,4.941819138910269,5.36419677734375,4.920700286574692,5.36419677734375,2741121,0.0,0.0
2009-11-16 00:00:00+08:00,5.427554385672432,5.723218951245989,5.427554385672432,5.702099800109863,9811333,0.0,0.0
2009-11-17 00:00:00+08:00,5.321959495544434,5.617624043457346,5.321959495544434,5.321959495544434,1367622,0.0,0.0
2009-11-18 00:00:00+08:00,5.279721125875548,5.3641971325333735,5.068532588535962,5.216364860534668,309955,0.0,0.0
2009-11-19 00:00:00+08:00,5.216364860534668,5.321959425065456,5.153008003471796,5.216364860534668,177746,0.0,0.0
2009-11-20 00:00:00+08:00,5.216365725885629,5.216365725885629,4.899582275602563,5.131890296936035,236506,0.0,0.0
2009-11-23 00:00:00+08:00,5.068532910525807,5.131889771613564,5.068532910525807,5.089652061462402,86669,0.0,0.0
2009-11-24 00:00:00+08:00,4.941820277358354,5.1107711349642075,4.941820277358354,5.068533420562744,114580,0.0,0.0
2009-11-25 00:00:00+08:00,5.068533375956011,5.110771089985752,5.0262956619262695,5.0262956619262695,45538,0.0,0.0
2009-11-26 00:00:00+08:00,4.9418199298373775,5.026295352699783,4.9418199298373775,4.9629387855529785,79325,0.0,0.0
2009-11-27 00:00:00+08:00,4.941820353343231,4.962939210868684,4.751750043892058,4.857344627380371,168932,0.0,0.0
2009-11-30 00:00:00+08:00,4.857344123532128,5.195246696472168,4.857344123532128,5.195246696472168,251195,0.0,0.0
2009-12-01 00:00:00+08:00,4.962938635147903,5.174127481764726,4.962938635147903,5.089652061462402,141022,0.0,0.0
2009-12-02 00:00:00+08:00,5.047414814802182,5.153008804015493,5.005176509050358,5.0262956619262695,73449,0.0,0.0
2009-12-03 00:00:00+08:00,5.047414859223057,5.068533420562744,4.984057991759817,5.068533420562744,143960,0.0,0.0
2009-12-04 00:00:00+08:00,5.0051765530995045,5.153008849365671,5.0051765530995045,5.068533420562744,35255,0.0,0.0
2009-12-07 00:00:00+08:00,5.068533937328539,5.110771656036377,5.068533937328539,5.110771656036377,110173,0.0,0.0
2009-12-08 00:00:00+08:00,5.089652582461238,5.131890296936035,5.068533429362795,5.131890296936035,138084,0.0,0.0
2009-12-09 00:00:00+08:00,5.131890288025983,5.131890288025983,5.068533420562744,5.068533420562744,217409,0.0,0.0
2009-12-10 00:00:00+08:00,5.131890242861664,5.131890242861664,4.984057947896529,5.0262956619262695,173339,0.0,0.0
2009-12-11 00:00:00+08:00,5.0896525736245195,5.0896525736245195,5.047414859223057,5.068533420562744,76387,0.0,0.0
2009-12-14 00:00:00+08:00,5.068533815512363,5.089652970219783,4.941820662434248,4.984058380126953,123394,0.0,0.0
2009-12-15 00:00:00+08:00,4.984057947896529,5.110771089985752,4.984057947896529,5.0262956619262695,182153,0.0,0.0
2009-12-16 00:00:00+08:00,4.984057442346774,5.089652012571356,4.984057442346774,5.047414302825928,182153,0.0,0.0
2009-12-17 00:00:00+08:00,5.068533937328539,5.3853171234984005,5.068533937328539,5.110771656036377,1103205,0.0,0.0
2009-12-18 00:00:00+08:00,5.026295706161281,5.1107711349642075,5.026295706161281,5.068533420562744,71980,0.0,0.0
2009-12-21 00:00:00+08:00,5.068533937328539,5.13189081125137,5.068533937328539,5.110771656036377,76387,0.0,0.0
2009-12-22 00:00:00+08:00,5.258603431230373,5.258603431230373,5.068533420562744,5.068533420562744,41131,0.0,0.0
2009-12-23 00:00:00+08:00,5.068533420562744,5.131890288025983,5.026295706161281,5.068533420562744,96952,0.0,0.0
2009-12-24 00:00:00+08:00,5.068532910525807,5.195246632701322,5.068532910525807,5.089652061462402,154243,0.0,0.0
2009-12-25 00:00:00+08:00,5.195246696472168,5.195246696472168,5.089652123937092,5.195246696472168,133677,0.0,0.0
2009-12-28 00:00:00+08:00,5.195246696472168,5.195246696472168,5.131889834606715,5.195246696472168,61697,0.0,0.0
2009-12-29 00:00:00+08:00,5.19524676393871,5.2163653236867535,5.131889901250492,5.153008460998535,185091,0.0,0.0
2009-12-30 00:00:00+08:00,5.174127592662943,5.300841317554341,5.131889881606491,5.237484455108643,204188,0.0,0.0
2009-12-31 00:00:00+08:00,5.19524676393871,5.237484475156841,5.153008460998535,5.153008460998535,233568,0.0,0.0
2010-01-04 00:00:00+08:00,5.195247373125508,5.4064359539798135,5.153009065232534,5.279722213745117,731553,0.0,0.0
2010-01-05 00:00:00+08:00,5.279720692855535,5.617623508329518,5.195245876569953,5.343078136444092,568496,0.0,0.0
2010-01-06 00:00:00+08:00,5.343079770404231,5.490911483764648,5.30084205348381,5.490911483764648,415722,0.0,0.0
2010-01-07 00:00:00+08:00,5.490909915137177,5.490909915137177,5.34307824400889,5.427553653717041,179215,0.0,0.0
2010-01-08 00:00:00+08:00,5.427553630211456,5.427553630211456,5.321959072672597,5.36419677734375,154243,0.0,0.0
2010-01-11 00:00:00+08:00,5.406434505429026,5.469791358571117,5.38531535714101,5.427553653717041,195374,0.0,0.0
2010-01-12 00:00:00+08:00,5.448673766844226,5.490911483764648,5.343079770404231,5.490911483764648,230630,0.0,0.0
2010-01-13 00:00:00+08:00,5.42755465339418,5.490910926483626,5.385316349038465,5.469792366027832,179215,0.0,0.0
2010-01-14 00:00:00+08:00,5.469792019649441,5.638742859485118,5.469792019649441,5.533148288726807,337865,0.0,0.0
2010-01-15 00:00:00+08:00,5.533148288726807,5.617624300366672,5.533148288726807,5.533148288726807,268823,0.0,0.0
2010-01-18 00:00:00+08:00,5.554268191043118,5.9132890701293945,5.554268191043118,5.9132890701293945,3512336,0.0,0.0
2010-01-19 00:00:00+08:00,5.91328835286095,5.91328835286095,5.702099800109863,5.702099800109863,1473389,0.0,0.0
2010-01-20 00:00:00+08:00,5.7020997668338005,5.849932048757865,5.596505195213464,5.72321891784668,1701081,0.0,0.0
2010-01-21 00:00:00+08:00,5.723218999155462,5.786575269650131,5.702099847842546,5.744337558746338,596406,0.0,0.0
2010-01-22 00:00:00+08:00,5.744337606130607,5.8921698913743485,5.596505320886866,5.7865753173828125,327583,0.0,0.0
2010-01-25 00:00:00+08:00,5.7865743335488675,5.997763445625545,5.723218073303419,5.8076934814453125,1186937,0.0,0.0
2010-01-26 00:00:00+08:00,5.828812145691735,5.8499312939797505,5.406434505429026,5.427553653717041,1636446,0.0,0.0
2010-01-27 00:00:00+08:00,5.321959095720875,5.427553653717041,5.216364537724709,5.427553653717041,311424,0.0,0.0
2010-01-28 00:00:00+08:00,5.42755465339418,5.5542677912951355,5.364197788582671,5.469792366027832,267354,0.0,0.0
2010-01-29 00:00:00+08:00,5.3641966925850015,5.469791248455379,5.30084043244033,5.343078136444092,246789,0.0,0.0
2010-02-01 00:00:00+08:00,5.46979235433056,5.46979235433056,5.32196006456789,5.406435489654541,77856,0.0,0.0
2010-02-02 00:00:00+08:00,5.490909891357209,5.512029039553761,5.36419677734375,5.36419677734375,235037,0.0,0.0
2010-02-03 00:00:00+08:00,5.4486732138499745,5.469792366027832,5.364197788582671,5.469792366027832,107235,0.0,0.0
2010-02-04 00:00:00+08:00,5.385316349038465,5.490910926483626,5.385316349038465,5.469792366027832,94014,0.0,0.0
2010-02-05 00:00:00+08:00,5.406435489654541,5.427554641787235,5.237484639481239,5.406435489654541,146898,0.0,0.0
2010-02-08 00:00:00+08:00,5.448672210283101,5.575385916567282,5.427553653717041,5.427553653717041,117518,0.0,0.0
2010-02-09 00:00:00+08:00,5.469792921165499,5.490911483764648,5.38531689560253,5.490911483764648,82263,0.0,0.0
2010-02-10 00:00:00+08:00,5.4486732138499745,5.490910926483626,5.364197788582671,5.469792366027832,165995,0.0,0.0
2010-02-22 00:00:00+08:00,5.469792921165499,5.490911483764648,5.321960616082959,5.490911483764648,86669,0.0,0.0
2010-02-23 00:00:00+08:00,5.469792366027832,5.469792366027832,5.469792366027832,5.469792366027832,13220,0.0,0.0
2010-02-24 00:00:00+08:00,5.448672771453857,5.46979192191698,5.364197353045398,5.448672771453857,30848,0.0,0.0
2010-02-25 00:00:00+08:00,5.448673202197867,5.448673202197867,5.068533197585874,5.406435489654541,426004,0.0,0.0
2010-02-26 00:00:00+08:00,5.110770683410886,5.385316098624455,5.110770683410886,5.195246696472168,343741,0.0,0.0
2010-03-01 00:00:00+08:00,5.321959072672597,5.38531533381835,5.237483663330291,5.36419677734375,133677,0.0,0.0
2010-03-02 00:00:00+08:00,5.258603651520743,5.321960521638092,5.216365935349882,5.279722213745117,111642,0.0,0.0
2010-03-03 00:00:00+08:00,5.321960521638092,5.321960521638092,5.237485089296369,5.279722213745117,29379,0.0,0.0
2010-03-04 00:00:00+08:00,5.237483663330291,5.36419677734375,5.174126810462586,5.36419677734375,73449,0.0,0.0
2010-03-05 00:00:00+08:00,5.364197777111215,5.406435489654541,5.279721760302502,5.406435489654541,107235,0.0,0.0
2010-03-08 00:00:00+08:00,5.406435078635528,5.554267357159393,5.343078810498171,5.512029647827148,724208,0.0,0.0
2010-03-09 00:00:00+08:00,5.892169952392578,5.892169952392578,5.892169952392578,5.892169952392578,5585071,0.0,0.0
2010-03-10 00:00:00+08:00,6.2723098843662415,6.2723098843662415,5.765456165895688,5.7865753173828125,4718371,0.0,0.0
2010-03-11 00:00:00+08:00,5.659861564636231,5.871050711601842,5.617624445309558,5.6598615646362305,1376436,0.0,0.0
2010-03-12 00:00:00+08:00,5.6176243790094285,5.786575221210298,5.6176243790094285,5.702099800109863,436287,0.0,0.0
2010-03-15 00:00:00+08:00,5.744337412318265,5.744337412318265,5.617624282836914,5.617624282836914,668386,0.0,0.0
2010-03-16 00:00:00+08:00,5.78657535125675,5.997764500476099,5.70209992825783,5.765456199645996,2122679,0.0,0.0
2010-03-17 00:00:00+08:00,5.6176245052589096,5.78657535125675,5.6176245052589096,5.765456199645996,427473,0.0,0.0
2010-03-18 00:00:00+08:00,5.680982274484941,5.84993314743042,5.680982274484941,5.84993314743042,646352,0.0,0.0
2010-03-19 00:00:00+08:00,5.8499320828966415,5.8499320828966415,5.702099800109863,5.702099800109863,696297,0.0,0.0
2010-03-22 00:00:00+08:00,5.702099800109863,5.702099800109863,5.702099800109863,5.702099800109863,0,0.0,0.0
2010-03-23 00:00:00+08:00,5.702099702491148,5.702099702491148,5.617624282836914,5.617624282836914,1332367,0.0,0.0
2010-03-24 00:00:00+08:00,5.638742841889461,5.702099702491148,5.617624282836914,5.617624282836914,408377,0.0,0.0
2010-03-25 00:00:00+08:00,5.63874293842352,5.786575221210298,5.63874293842352,5.702099800109863,302610,0.0,0.0
2010-03-26 00:00:00+08:00,5.702098761101862,5.702098761101862,5.638741910960087,5.680980205535889,221816,0.0,0.0
2010-03-29 00:00:00+08:00,5.702099867406987,5.702099867406987,5.659861564636231,5.6598615646362305,286451,0.0,0.0
2010-03-30 00:00:00+08:00,5.680980205535889,5.807693314097509,5.6598604665260615,5.680980205535889,612565,0.0,0.0
2010-03-31 00:00:00+08:00,5.68098130774365,5.765456138119037,5.638743004972895,5.6598615646362305,151305,0.0,0.0
2010-04-01 00:00:00+08:00,5.638743004972895,5.723219018792364,5.638743004972895,5.6598615646362305,236506,0.0,0.0
2010-04-02 00:00:00+08:00,5.659861004472619,5.723218452358186,5.617623889326208,5.638742446899414,506798,0.0,0.0
2010-04-06 00:00:00+08:00,5.638741910960087,5.680980205535889,5.638741910960087,5.680980205535889,133677,0.0,0.0
2010-04-07 00:00:00+08:00,5.68098130774365,5.702099867406987,5.638743004972895,5.6598615646362305,146898,0.0,0.0
2010-04-08 00:00:00+08:00,5.638742446899413,5.680980745489791,5.638742446899413,5.638742446899414,430411,0.0,0.0
2010-04-09 00:00:00+08:00,5.702099635615752,6.018882751464844,5.702099635615752,6.018882751464844,4102867,0.0,0.0
2010-04-12 00:00:00+08:00,6.0611211236046785,6.124477392484342,5.617624282836914,5.617624282836914,5003354,0.0,0.0
2010-04-13 00:00:00+08:00,5.617624472373991,5.828813028635018,5.617624472373991,5.7865753173828125,2253418,0.0,0.0
2010-04-14 00:00:00+08:00,5.828812980553923,5.871050691457715,5.723218999155462,5.744337558746338,752118,0.0,0.0
2010-04-15 00:00:00+08:00,5.786575221210298,5.8499320828966415,5.702099800109863,5.702099800109863,931334,0.0,0.0
2010-04-16 00:00:00+08:00,5.786575187441257,5.828812897744985,5.680981207542952,5.72321891784668,605220,0.0,0.0
2010-04-19 00:00:00+08:00,5.786575140202349,5.786575140202349,5.533148288726807,5.533148288726807,982749,0.0,0.0
2010-04-20 00:00:00+08:00,5.596505293924181,5.723219018792364,5.512029871826753,5.6598615646362305,474481,0.0,0.0
2010-04-21 00:00:00+08:00,5.659861564636231,5.765456138119037,5.659861564636231,5.6598615646362305,706580,0.0,0.0
2010-04-22 00:00:00+08:00,5.638742446899413,5.680980745489791,5.575386182457813,5.638742446899414,675731,0.0,0.0
2010-04-23 00:00:00+08:00,5.638743004972895,5.786575289504414,5.638743004972895,5.6598615646362305,2761686,0.0,0.0
2010-04-26 00:00:00+08:00,5.723219018792364,5.723219018792364,5.638743004972895,5.6598615646362305,731553,0.0,0.0
2010-04-27 00:00:00+08:00,5.659861545216715,5.744337558746338,5.659861545216715,5.744337558746338,270292,0.0,0.0
2010-04-28 00:00:00+08:00,5.65986103163638,6.145595550537109,5.638742473961818,6.145595550537109,6018420,0.0,0.0
2010-04-29 00:00:00+08:00,6.335667410309164,6.335667410309164,5.8921705081536695,5.9132890701293945,2675016,0.0,0.0
2010-04-30 00:00:00+08:00,5.955526655133202,6.01888292509751,5.702099800109863,5.702099800109863,1558590,0.0,0.0
2010-05-03 00:00:00+08:00,5.617624315999341,5.723218887051499,5.5753866059228825,5.596505165100098,981280,0.0,0.0
2010-05-04 00:00:00+08:00,5.596505132062344,5.6809811434386015,5.575386573009798,5.617624282836914,618441,0.0,0.0
2010-05-05 00:00:00+08:00,5.469791904948986,5.5542673230953925,5.237484209185363,5.385315895080566,1191344,0.0,0.0
2010-05-06 00:00:00+08:00,5.385315911786505,5.490910480658087,5.343078794304291,5.448672771453857,490640,0.0,0.0
2010-05-07 00:00:00+08:00,5.364197644540101,5.765456199645996,5.195246798542261,5.765456199645996,951900,0.0,0.0
2010-05-10 00:00:00+08:00,5.765456199645996,5.849932214366964,5.638743065147616,5.765456199645996,465667,0.0,0.0
2010-05-11 00:00:00+08:00,5.807694468869937,5.828813028635018,5.723219046365527,5.7865753173828125,496516,0.0,0.0
2010-05-12 00:00:00+08:00,5.7865753173828125,5.849932180122143,5.702099894878402,5.7865753173828125,321707,0.0,0.0
2010-05-13 00:00:00+08:00,5.7865753173828125,5.8921698913743485,5.7865753173828125,5.7865753173828125,370183,0.0,0.0
2010-05-14 00:00:00+08:00,5.828813992451164,5.871051710687533,5.80769542919405,5.84993314743042,440694,0.0,0.0
2010-05-17 00:00:00+08:00,5.786576274214794,5.871051710687533,5.744338555978424,5.84993314743042,558213,0.0,0.0
2010-05-18 00:00:00+08:00,5.84993314743042,5.871051710687533,5.786576274214794,5.84993314743042,249727,0.0,0.0
2010-05-19 00:00:00+08:00,5.84993314743042,5.976646302139529,5.828813992451164,5.84993314743042,428942,0.0,0.0
2010-05-20 00:00:00+08:00,5.892169457253479,5.892169457253479,5.744337182901663,5.828812599182129,415722,0.0,0.0
2010-05-21 00:00:00+08:00,5.680980916552315,5.871050307322362,5.554267200409615,5.828812599182129,825568,0.0,0.0
2010-05-24 00:00:00+08:00,5.828813028635018,5.828813028635018,5.765456165895688,5.7865753173828125,148367,0.0,0.0
2010-05-25 00:00:00+08:00,5.786575269650131,5.786575269650131,5.68098128825167,5.744337558746338,280575,0.0,0.0
2010-05-26 00:00:00+08:00,5.744336463955736,5.78657416680961,5.680980205535889,5.680980205535889,218878,0.0,0.0
2010-05-27 00:00:00+08:00,5.702099894878402,5.7865753173828125,5.659861591904152,5.7865753173828125,258540,0.0,0.0
2010-05-28 00:00:00+08:00,5.82881306275621,5.892169925866424,5.765456199645996,5.765456199645996,265885,0.0,0.0
2010-05-31 00:00:00+08:00,5.744337477137528,5.807694338454136,5.72321891784668,5.72321891784668,223285,0.0,0.0
2010-06-01 00:00:00+08:00,5.723219079868584,5.765456199645996,5.70209992825783,5.765456199645996,120456,0.0,0.0
2010-06-02 00:00:00+08:00,5.702099800109863,5.74433751066008,5.596505227873302,5.702099800109863,480357,0.0,0.0
2010-06-03 00:00:00+08:00,5.702099847842546,5.744337558746338,5.6387429856258375,5.744337558746338,237975,0.0,0.0
2010-06-04 00:00:00+08:00,5.723219018792364,5.723219018792364,5.659861564636231,5.6598615646362305,139553,0.0,0.0
2010-06-07 00:00:00+08:00,5.512030638085921,5.512030638085921,5.427555204245077,5.490911483764648,223285,0.0,0.0
2010-06-08 00:00:00+08:00,5.490910561633539,5.638742841889461,5.427554292753876,5.617624282836914,85200,0.0,0.0
2010-06-09 00:00:00+08:00,5.617624749161789,5.659861870773028,5.448673304106461,5.554267883300781,252664,0.0,0.0
2010-06-10 00:00:00+08:00,5.533147883867436,5.680980745489791,5.533147883867436,5.638742446899414,60228,0.0,0.0
2010-06-11 00:00:00+08:00,5.617624233657788,5.659861351393119,5.5753865242004395,5.5753865242004395,101359,0.0,0.0
2010-06-14 00:00:00+08:00,5.5753865242004395,5.638742792525454,5.490910513563721,5.5753865242004395,114580,0.0,0.0
2010-06-15 00:00:00+08:00,5.554267373610755,5.5753865242004395,5.490910513563721,5.5753865242004395,88138,0.0,0.0
2010-06-17 00:00:00+08:00,5.5753865242004395,5.5753865242004395,5.512029664153405,5.5753865242004395,183622,0.0,0.0
2010-06-18 00:00:00+08:00,5.490910578767887,5.533148288726807,5.448672868808968,5.533148288726807,47007,0.0,0.0
2010-06-21 00:00:00+08:00,5.5331483041243965,5.617624315999341,5.44867288397148,5.596505165100098,143960,0.0,0.0
2010-06-22 00:00:00+08:00,5.5331483041243965,5.617624315999341,5.512029744947181,5.596505165100098,88138,0.0,0.0
2010-06-23 00:00:00+08:00,5.533148271460656,5.617624282836914,5.533148271460656,5.617624282836914,54352,0.0,0.0
2010-06-24 00:00:00+08:00,5.575386573009798,5.617624282836914,5.554267422235227,5.617624282836914,120456,0.0,0.0
2010-06-25 00:00:00+08:00,5.575386573009798,5.617624282836914,5.533148271460656,5.617624282836914,91076,0.0,0.0
2010-06-28 00:00:00+08:00,5.617624282836914,5.617624282836914,5.617624282836914,5.617624282836914,0,0.0,0.0
2010-06-29 00:00:00+08:00,5.51202932629423,5.638742446899413,5.490910176999042,5.638742446899414,142491,0.0,0.0
2010-06-30 00:00:00+08:00,5.512029664153405,5.5753865242004395,5.490910513563721,5.5753865242004395,52883,0.0,0.0
2010-07-01 00:00:00+08:00,5.490910497300018,5.575386507686524,5.490910497300018,5.512029647827148,47007,0.0,0.0
2010-07-02 00:00:00+08:00,5.575386590407753,5.575386590407753,5.5120297296083605,5.533148288726807,42600,0.0,0.0
2010-07-05 00:00:00+08:00,5.638742758733899,5.638742758733899,5.364197353045398,5.448672771453857,186560,0.0,0.0
2010-07-06 00:00:00+08:00,5.490911483764648,5.512030638085921,5.427555204245077,5.490911483764648,135146,0.0,0.0
2010-07-07 00:00:00+08:00,5.575386507686524,5.575386507686524,5.490910497300018,5.512029647827148,32317,0.0,0.0
2010-07-08 00:00:00+08:00,5.533148288726807,5.533148288726807,5.490910578767887,5.533148288726807,74918,0.0,0.0
2010-07-09 00:00:00+08:00,5.554267357159393,5.6176242170187685,5.364197369303285,5.512029647827148,176277,0.0,0.0
2010-07-12 00:00:00+08:00,5.427554195875783,5.469791904948986,5.364197336404972,5.385315895080566,243851,0.0,0.0
2010-07-13 00:00:00+08:00,5.34307864541907,5.364197203571707,5.237484079489887,5.321959495544434,333459,0.0,0.0
2010-07-14 00:00:00+08:00,5.3641966925850015,5.3641966925850015,5.30084043244033,5.343078136444092,142491,0.0,0.0
2010-07-15 00:00:00+08:00,5.364197203571707,5.364197203571707,5.300840937391797,5.321959495544434,71980,0.0,0.0
2010-07-16 00:00:00+08:00,5.279722213745117,5.321960521638092,5.279722213745117,5.279722213745117,54352,0.0,0.0
2010-07-19 00:00:00+08:00,5.27972063844049,5.406434340867754,5.27972063844049,5.300840377807617,57290,0.0,0.0
2010-07-20 00:00:00+08:00,5.300840918772049,5.3219594768505045,5.237484061092687,5.258602619171143,47007,0.0,0.0
2010-07-21 00:00:00+08:00,5.321959425065456,5.321959425065456,5.216364860534668,5.216364860534668,86669,0.0,0.0
2010-07-22 00:00:00+08:00,5.237484010129622,5.258602568002585,5.153008003471796,5.216364860534668,186560,0.0,0.0
2010-07-23 00:00:00+08:00,5.258602219804891,5.490909891357209,5.258602219804891,5.36419677734375,502391,0.0,0.0
2010-07-26 00:00:00+08:00,5.38531533381835,5.448672186686056,5.36419677734375,5.36419677734375,145429,0.0,0.0
2010-07-27 00:00:00+08:00,5.385315761724344,5.385315761724344,5.321959495544434,5.321959495544434,64635,0.0,0.0
2010-07-28 00:00:00+08:00,5.321959495544434,5.321959495544434,5.321959495544434,5.321959495544434,47007,0.0,0.0
2010-07-29 00:00:00+08:00,5.3641966925850015,5.3641966925850015,5.279720692855535,5.343078136444092,79325,0.0,0.0
2010-07-30 00:00:00+08:00,5.321959495544434,5.364197203571707,5.321959495544434,5.321959495544434,35255,0.0,0.0
2010-08-02 00:00:00+08:00,5.321959095720875,5.427553653717041,5.237483686012724,5.427553653717041,249727,0.0,0.0
2010-08-03 00:00:00+08:00,5.427553630211456,5.427553630211456,5.34307822086915,5.36419677734375,149836,0.0,0.0
2010-08-04 00:00:00+08:00,5.448673202197867,5.448673202197867,5.343079216700584,5.406435489654541,146898,0.0,0.0
2010-08-05 00:00:00+08:00,5.3641966925850015,5.4064343965887645,5.343078136444092,5.343078136444092,229161,0.0,0.0
2010-08-06 00:00:00+08:00,5.343078136444092,5.385315248725911,5.3219589885812395,5.343078136444092,96952,0.0,0.0
2010-08-09 00:00:00+08:00,5.279720776279492,5.406434482014903,5.279720776279492,5.36419677734375,117518,0.0,0.0
2010-08-10 00:00:00+08:00,5.3641966925850015,5.4064343965887645,5.30084043244033,5.343078136444092,154243,0.0,0.0
2010-08-11 00:00:00+08:00,5.3641966925850015,5.385315248725911,5.3219589885812395,5.343078136444092,80794,0.0,0.0
2010-08-12 00:00:00+08:00,5.364197336404972,5.385315895080566,5.364197336404972,5.385315895080566,98421,0.0,0.0
2010-08-13 00:00:00+08:00,5.385315895080566,5.469791904948986,5.364197336404972,5.385315895080566,252664,0.0,0.0
2010-08-16 00:00:00+08:00,5.36419677734375,5.36419677734375,5.321959072672597,5.36419677734375,220347,0.0,0.0
2010-08-17 00:00:00+08:00,5.364197777111215,5.406435489654541,5.364197777111215,5.406435489654541,133677,0.0,0.0
2010-08-18 00:00:00+08:00,5.406434482014903,5.406434482014903,5.34307822086915,5.36419677734375,54352,0.0,0.0
2010-08-19 00:00:00+08:00,5.343078136444092,5.3641966925850015,5.3219589885812395,5.343078136444092,23503,0.0,0.0
2010-08-20 00:00:00+08:00,5.3219589885812395,5.343078136444092,5.30084043244033,5.343078136444092,52883,0.0,0.0
2010-08-23 00:00:00+08:00,5.3219589885812395,5.3641966925850015,5.3219589885812395,5.343078136444092,92545,0.0,0.0
2010-08-24 00:00:00+08:00,5.343078081376059,5.364196637299312,5.300840377807617,5.300840377807617,116049,0.0,0.0
2010-08-25 00:00:00+08:00,5.279721177249598,5.300840918772049,5.258602619171143,5.258602619171143,39662,0.0,0.0
2010-08-26 00:00:00+08:00,5.300841068656174,5.490910463624581,5.300841068656174,5.385315895080566,496516,0.0,0.0
2010-08-27 00:00:00+08:00,5.448673202197867,5.448673202197867,5.385316337521847,5.406435489654541,104297,0.0,0.0
2010-08-30 00:00:00+08:00,5.448672186686056,5.448672186686056,5.279720776279492,5.36419677734375,260009,0.0,0.0
2010-08-31 00:00:00+08:00,5.216364911292233,5.279721177249598,5.195246353213777,5.258602619171143,409846,0.0,0.0
2010-09-01 00:00:00+08:00,5.258602136714625,5.343078136444092,5.258602136714625,5.343078136444092,24972,0.0,0.0
2010-09-02 00:00:00+08:00,5.36419677734375,5.36419677734375,5.258602219804891,5.36419677734375,57290,0.0,0.0
2010-09-03 00:00:00+08:00,5.279720776279492,5.36419677734375,5.279720776279492,5.36419677734375,51414,0.0,0.0
2010-09-06 00:00:00+08:00,5.448672186686056,5.448672186686056,5.279720776279492,5.36419677734375,94014,0.0,0.0
2010-09-07 00:00:00+08:00,5.364197588277999,5.364197588277999,5.216365303719395,5.237484455108643,41131,0.0,0.0
2010-09-08 00:00:00+08:00,5.237485089296369,5.279722213745117,5.237485089296369,5.279722213745117,35255,0.0,0.0
2010-09-09 00:00:00+08:00,5.279722213745117,5.3008419594137175,5.237485089296369,5.279722213745117,42600,0.0,0.0
2010-09-10 00:00:00+08:00,5.279721125875548,5.279721125875548,5.216364860534668,5.216364860534668,17627,0.0,0.0
2010-09-13 00:00:00+08:00,5.216364911292233,5.279721177249598,5.195246353213777,5.258602619171143,76387,0.0,0.0
2010-09-14 00:00:00+08:00,5.237484061092687,5.258602619171143,5.216364911292233,5.258602619171143,39662,0.0,0.0
2010-09-15 00:00:00+08:00,5.258603440360425,5.258603440360425,4.984058000413201,5.131890296936035,420128,0.0,0.0
2010-09-16 00:00:00+08:00,4.899581865885387,5.174127578735352,4.899581865885387,5.174127578735352,186560,0.0,0.0
2010-09-17 00:00:00+08:00,5.174128011410832,5.174128011410832,5.089652582461238,5.131890296936035,35255,0.0,0.0
2010-09-20 00:00:00+08:00,5.110771143837591,5.131890296936035,5.005176561789555,5.131890296936035,29379,0.0,0.0
2010-09-21 00:00:00+08:00,5.131890296936035,5.131890296936035,5.026295714887998,5.131890296936035,99890,0.0,0.0
2010-09-23 00:00:00+08:00,5.13189081125137,5.195247685174203,5.110771656036377,5.110771656036377,66104,0.0,0.0
2010-09-24 00:00:00+08:00,5.068533429362795,5.131890296936035,5.068533429362795,5.131890296936035,4406,0.0,0.0
2010-09-27 00:00:00+08:00,5.068533420562744,5.153008849365671,5.068533420562744,5.068533420562744,36724,0.0,0.0
2010-09-28 00:00:00+08:00,5.068533420562744,5.1107711349642075,5.068533420562744,5.068533420562744,35255,0.0,0.0
2010-09-29 00:00:00+08:00,5.153008330828131,5.153008330828131,5.068532910525807,5.089652061462402,45538,0.0,0.0
2010-09-30 00:00:00+08:00,5.068532910525807,5.131889771613564,5.026295200374645,5.089652061462402,91076,0.0,0.0
2010-10-01 00:00:00+08:00,5.110770716460196,5.427554436113938,5.110770716460196,5.174127578735352,160119,0.0,0.0
2010-10-04 00:00:00+08:00,5.19524676393871,5.258603034904884,5.153008460998535,5.153008460998535,229161,0.0,0.0
2010-10-05 00:00:00+08:00,5.1107707497804045,5.153008460998535,4.9840576161260115,5.153008460998535,80794,0.0,0.0
2010-10-06 00:00:00+08:00,5.153008003471796,5.216364860534668,5.1318894455988335,5.216364860534668,152774,0.0,0.0
2010-10-07 00:00:00+08:00,5.195247373125508,5.3008419594137175,5.195247373125508,5.279722213745117,167463,0.0,0.0
2010-10-08 00:00:00+08:00,5.27972063844049,5.32195893373087,5.27972063844049,5.300840377807617,276168,0.0,0.0
2010-10-11 00:00:00+08:00,5.343078081376059,5.343078081376059,5.27972063844049,5.300840377807617,171870,0.0,0.0
2010-10-12 00:00:00+08:00,5.34307864541907,5.34307864541907,5.279721195795161,5.321959495544434,327583,0.0,0.0
2010-10-13 00:00:00+08:00,5.321959877221547,5.321959877221547,5.237484455108643,5.237484455108643,88138,0.0,0.0
2010-10-14 00:00:00+08:00,5.279722213745117,5.321960521638092,5.237485089296369,5.279722213745117,42600,0.0,0.0
2010-10-15 00:00:00+08:00,5.279721574443053,5.279721574443053,5.237484455108643,5.237484455108643,22034,0.0,0.0
2010-10-18 00:00:00+08:00,5.19524676393871,5.19524676393871,5.089652190032361,5.153008460998535,201250,0.0,0.0
2010-10-19 00:00:00+08:00,5.110771656036377,5.110771656036377,5.110771656036377,5.110771656036377,27910,0.0,0.0
2010-10-20 00:00:00+08:00,5.068533005517438,5.174127578735352,5.068533005517438,5.174127578735352,47007,0.0,0.0
2010-10-21 00:00:00+08:00,5.1107707497804045,5.153008460998535,5.1107707497804045,5.153008460998535,7344,0.0,0.0
2010-10-22 00:00:00+08:00,5.153008460998535,5.153008460998535,5.153008460998535,5.153008460998535,7,0.0,0.0
2010-10-25 00:00:00+08:00,5.005176509050358,5.068533375956011,5.005176509050358,5.0262956619262695,19096,0.0,0.0
2010-10-26 00:00:00+08:00,5.026295697213633,5.026295697213633,5.005176544189453,5.005176544189453,7344,0.0,0.0
2010-10-27 00:00:00+08:00,5.06853286183763,5.06853286183763,4.815106603365063,5.047414302825928,77856,0.0,0.0
2010-10-28 00:00:00+08:00,5.068533420562744,5.068533420562744,5.047414859223057,5.068533420562744,52883,0.0,0.0
2010-10-29 00:00:00+08:00,5.279721461281617,5.279721461281617,5.089652061462402,5.089652061462402,17627,0.0,0.0
2010-11-01 00:00:00+08:00,5.089651945848152,5.089651945848152,4.941819667816162,4.941819667816162,47007,0.0,0.0
2010-11-02 00:00:00+08:00,4.941819112953463,4.941819112953463,4.688392590396687,4.836224555969238,83731,0.0,0.0
2010-11-03 00:00:00+08:00,4.688393377961896,4.772868505189813,4.688393377961896,4.709512233734131,26441,0.0,0.0
2010-11-04 00:00:00+08:00,4.646154943786453,4.751749515533447,4.646154943786453,4.751749515533447,91076,0.0,0.0
2010-11-05 00:00:00+08:00,4.772868505189813,4.772868505189813,4.646155074695376,4.709512233734131,60228,0.0,0.0
2010-11-08 00:00:00+08:00,4.709511553575086,4.772867815880703,4.646154403686523,4.646154403686523,36,0.0,0.0
2010-11-09 00:00:00+08:00,4.646155341370365,4.941820226734988,4.646155341370365,4.793988227844238,126332,0.0,0.0
2010-11-10 00:00:00+08:00,4.836225645951982,4.96293908371938,4.793988227844238,4.793988227844238,60228,0.0,0.0
2010-11-11 00:00:00+08:00,4.709512624702201,4.920701495817778,4.709512624702201,4.857344627380371,42600,0.0,0.0
2010-11-12 00:00:00+08:00,4.857344627380371,4.899582342431277,4.857344627380371,4.857344627380371,36724,0.0,0.0
2010-11-15 00:00:00+08:00,4.793987537961471,4.920700661633071,4.793987537961471,4.815106391906738,32317,0.0,0.0
2010-11-16 00:00:00+08:00,4.793988227844238,4.793988227844238,4.793988227844238,4.793988227844238,13220,0.0,0.0
2010-11-17 00:00:00+08:00,4.772868370710643,4.772868370710643,4.751749515533447,4.751749515533447,33786,0.0,0.0
2010-11-18 00:00:00+08:00,4.857344354487146,4.857344354487146,4.772868633270264,4.772868633270264,4406,0.0,0.0
2010-11-19 00:00:00+08:00,4.962938369523604,4.962938369523604,4.772868092294208,4.815106391906738,66104,0.0,0.0
2010-11-22 00:00:00+08:00,4.815106391906738,4.815106391906738,4.815106391906738,4.815106391906738,66,0.0,0.0
2010-11-23 00:00:00+08:00,4.730630920592339,4.857344354487146,4.730630920592339,4.772868633270264,10282,0.0,0.0
2010-11-24 00:00:00+08:00,4.730630397796631,4.730630397796631,4.730630397796631,4.730630397796631,7344,0.0,0.0
2010-11-25 00:00:00+08:00,4.772868092294208,4.857343803936272,4.730630384403675,4.815106391906738,63166,0.0,0.0
2010-11-26 00:00:00+08:00,4.646154943786453,4.815106672787067,4.646154943786453,4.751749515533447,16158,0.0,0.0
2010-11-29 00:00:00+08:00,4.730630397796631,4.730630397796631,4.730630397796631,4.730630397796631,19096,0.0,0.0
2010-11-30 00:00:00+08:00,4.646155074695376,4.730630793645343,4.646155074695376,4.709512233734131,63166,0.0,0.0
2010-12-01 00:00:00+08:00,4.730630793645343,4.730630793645343,4.709512233734131,4.709512233734131,13220,0.0,0.0
2010-12-02 00:00:00+08:00,4.772868505189813,4.772868505189813,4.709512233734131,4.709512233734131,14689,0.0,0.0
2010-12-03 00:00:00+08:00,4.709511839652574,4.730630397796631,4.709511839652574,4.730630397796631,23503,0.0,0.0
2010-12-06 00:00:00+08:00,4.730631491586643,4.730631491586643,4.688394069671631,4.688394069671631,16158,0.0,0.0
2010-12-07 00:00:00+08:00,4.772868633270264,4.772868633270264,4.730630920592339,4.772868633270264,64635,0.0,0.0
2010-12-08 00:00:00+08:00,4.8151070848286315,4.8151070848286315,4.730631065168978,4.793988227844238,29379,0.0,0.0
2010-12-09 00:00:00+08:00,4.815106391906738,4.815106391906738,4.751749238348941,4.815106391906738,17627,0.0,0.0
2010-12-10 00:00:00+08:00,4.772868633270264,4.772868633270264,4.603917782558565,4.772868633270264,135146,0.0,0.0
2010-12-13 00:00:00+08:00,4.730630660356252,4.772868370710643,4.730630660356252,4.751749515533447,35255,0.0,0.0
2010-12-14 00:00:00+08:00,4.751749251801687,4.751749251801687,4.709511839652574,4.730630397796631,67573,0.0,0.0
2010-12-15 00:00:00+08:00,4.751749515533447,4.878462942457639,4.751749515533447,4.751749515533447,411315,0.0,0.0
2010-12-16 00:00:00+08:00,4.836225769854918,4.857344627380371,4.793988350665061,4.857344627380371,141022,0.0,0.0
2010-12-17 00:00:00+08:00,4.899582386016846,4.899582386016846,4.815107251024611,4.899582386016846,108704,0.0,0.0
2010-12-20 00:00:00+08:00,4.857343462146487,4.920700315385144,4.857343462146487,4.878462314605713,17627,0.0,0.0
2010-12-21 00:00:00+08:00,4.899581662763445,4.984057377007871,4.857343953571736,4.941819667816162,79325,0.0,0.0
2010-12-22 00:00:00+08:00,4.941820353343231,4.962939210868684,4.857344627380371,4.857344627380371,41,0.0,0.0
2010-12-23 00:00:00+08:00,4.878463484905824,4.899582342431277,4.857344627380371,4.857344627380371,52883,0.0,0.0
2010-12-24 00:00:00+08:00,4.857343803936272,4.941819515578337,4.815106391906738,4.815106391906738,279106,0.0,0.0
2010-12-27 00:00:00+08:00,4.836224555969238,4.857343408193889,4.815105999605563,4.836224555969238,240913,0.0,0.0
2010-12-28 00:00:00+08:00,4.815106937670253,4.815106937670253,4.751749776931302,4.772868633270264,11751,0.0,0.0
2010-12-29 00:00:00+08:00,4.772868092294208,4.815106391906738,4.772868092294208,4.815106391906738,14689,0.0,0.0
2010-12-30 00:00:00+08:00,4.8151070848286315,4.8151070848286315,4.793988227844238,4.793988227844238,49945,0.0,0.0
2010-12-31 00:00:00+08:00,4.836224555969238,4.836224555969238,4.793987147380912,4.836224555969238,91076,0.0,0.0
2011-01-03 00:00:00+08:00,4.8362249499910055,4.8362249499910055,4.793987537961471,4.815106391906738,52883,0.0,0.0
2011-01-04 00:00:00+08:00,4.7939875515337995,4.7939875515337995,4.730630397796631,4.730630397796631,79325,0.0,0.0
2011-01-05 00:00:00+08:00,4.772868105806744,4.7939875515337995,4.730630397796631,4.730630397796631,41131,0.0,0.0
2011-01-06 00:00:00+08:00,4.7939875515337995,4.815106405538856,4.730630397796631,4.730630397796631,123394,0.0,0.0
2011-01-07 00:00:00+08:00,4.793988227844238,4.793988227844238,4.793988227844238,4.793988227844238,35255,0.0,0.0
2011-01-10 00:00:00+08:00,4.793988081331291,4.793988081331291,4.772868633270264,4.772868633270264,48476,0.0,0.0
2011-01-11 00:00:00+08:00,4.751749515533447,4.793987817609871,4.751749515533447,4.751749515533447,29379,0.0,0.0
2011-01-12 00:00:00+08:00,4.793988081331291,4.793988081331291,4.751749776931302,4.772868633270264,61697,0.0,0.0
2011-01-13 00:00:00+08:00,4.772868370710643,4.772868370710643,4.751749515533447,4.751749515533447,49945,0.0,0.0
2011-01-14 00:00:00+08:00,4.772868370710643,4.772868370710643,4.751749515533447,4.751749515533447,60228,0.0,0.0
2011-01-17 00:00:00+08:00,4.730630660356252,4.751749515533447,4.730630660356252,4.751749515533447,4406,0.0,0.0
2011-01-18 00:00:00+08:00,4.751749515533447,4.751749515533447,4.751749515533447,4.751749515533447,10282,0.0,0.0
2011-01-19 00:00:00+08:00,4.730630397796631,4.751749251801687,4.730630397796631,4.730630397796631,30848,0.0,0.0
2011-01-20 00:00:00+08:00,4.709512233734131,4.709512233734131,4.688393377961896,4.709512233734131,61697,0.0,0.0
2011-01-21 00:00:00+08:00,4.730630397796631,4.730630397796631,4.730630397796631,4.730630397796631,26441,0.0,0.0
2011-01-24 00:00:00+08:00,4.751749515533447,4.751749515533447,4.709512101040072,4.751749515533447,85200,0.0,0.0
2011-01-25 00:00:00+08:00,4.751749515533447,4.793987817609871,4.751749515533447,4.751749515533447,79325,0.0,0.0
2011-01-26 00:00:00+08:00,4.751749515533447,4.751749515533447,4.730630660356252,4.751749515533447,11751,0.0,0.0
2011-01-27 00:00:00+08:00,4.730631065168978,4.793988227844238,4.730631065168978,4.793988227844238,11751,0.0,0.0
2011-01-28 00:00:00+08:00,4.772867756448604,4.920700315385144,4.772867756448604,4.878462314605713,267354,0.0,0.0
2011-02-08 00:00:00+08:00,4.984057442346774,5.17412743206221,4.941819732601346,5.047414302825928,756525,0.0,0.0
2011-02-09 00:00:00+08:00,5.089651430919932,5.089651430919932,4.857343462146487,4.878462314605713,151305,0.0,0.0
2011-02-10 00:00:00+08:00,4.815107134153965,5.068533420562744,4.7939882769532325,5.068533420562744,146898,0.0,0.0
2011-02-11 00:00:00+08:00,5.0262956619262695,5.0262956619262695,4.857344509946264,5.0262956619262695,120456,0.0,0.0
2011-02-14 00:00:00+08:00,4.98405764126858,5.005176201123159,4.9629387855529785,4.9629387855529785,117518,0.0,0.0
2011-02-15 00:00:00+08:00,4.899582648880475,4.984058380126953,4.899582648880475,4.984058380126953,26441,0.0,0.0
2011-02-16 00:00:00+08:00,4.941819403545842,4.984057110478833,4.899581400751858,4.920700550079346,32317,0.0,0.0
2011-02-17 00:00:00+08:00,4.984058112731183,4.984058112731183,4.857344670590203,4.899582386016846,39662,0.0,0.0
2011-02-18 00:00:00+08:00,4.857344670590203,4.920701539591218,4.836225812876881,4.899582386016846,61697,0.0,0.0
2011-02-21 00:00:00+08:00,4.857343693818866,4.920700550079346,4.857343693818866,4.920700550079346,49945,0.0,0.0
2011-02-22 00:00:00+08:00,4.836225812876881,4.899582386016846,4.815107251024611,4.899582386016846,38193,0.0,0.0
2011-02-23 00:00:00+08:00,4.899581511826805,4.899581511826805,4.815106391906738,4.815106391906738,44069,0.0,0.0
2011-02-24 00:00:00+08:00,4.920701495817778,4.920701495817778,4.836225769854918,4.857344627380371,16158,0.0,0.0
2011-02-25 00:00:00+08:00,4.857344627380371,4.857344627380371,4.815107208190514,4.857344627380371,51414,0.0,0.0
2011-03-01 00:00:00+08:00,4.857343693818866,4.920700550079346,4.857343693818866,4.920700550079346,38193,0.0,0.0
2011-03-02 00:00:00+08:00,4.857343693818866,4.920700550079346,4.857343693818866,4.920700550079346,8813,0.0,0.0
2011-03-03 00:00:00+08:00,4.8362248403523695,4.962938257012337,4.8362248403523695,4.920700550079346,39662,0.0,0.0
2011-03-04 00:00:00+08:00,4.857344627380371,4.899582342431277,4.836225769854918,4.857344627380371,29379,0.0,0.0
2011-03-07 00:00:00+08:00,4.857344670590203,4.899582386016846,4.836225812876881,4.899582386016846,108704,0.0,0.0
2011-03-08 00:00:00+08:00,4.857344670590203,4.94182039730454,4.857344670590203,4.899582386016846,151305,0.0,0.0
2011-03-09 00:00:00+08:00,4.899581400751858,4.920700550079346,4.899581400751858,4.920700550079346,60228,0.0,0.0
2011-03-10 00:00:00+08:00,4.878462260418539,4.878462260418539,4.836224555969238,4.836224555969238,45538,0.0,0.0
2011-03-11 00:00:00+08:00,4.83622460968726,4.878462314605713,4.815106053089012,4.878462314605713,54352,0.0,0.0
2011-03-14 00:00:00+08:00,4.646154672761609,4.815106391906738,4.646154672761609,4.815106391906738,214471,0.0,0.0
2011-03-15 00:00:00+08:00,4.815106745403281,4.815106745403281,4.498323025384908,4.603917598724365,364307,0.0,0.0
2011-03-16 00:00:00+08:00,4.329371483211793,4.582798004150391,4.329371483211793,4.582798004150391,39662,0.0,0.0
2011-03-17 00:00:00+08:00,4.540560711751123,4.730630397796631,4.540560711751123,4.730630397796631,7344,0.0,0.0
2011-03-18 00:00:00+08:00,4.646155460403745,4.857344627380371,4.6039180412138885,4.857344627380371,44069,0.0,0.0
2011-03-21 00:00:00+08:00,5.068532653599533,5.068532653599533,4.709511839652574,4.730630397796631,42600,0.0,0.0
2011-03-22 00:00:00+08:00,4.730630660356252,4.793987817609871,4.730630660356252,4.751749515533447,95483,0.0,0.0
2011-03-23 00:00:00+08:00,4.7939886599729,4.7939886599729,4.688394069671631,4.688394069671631,22034,0.0,0.0
2011-03-24 00:00:00+08:00,4.646155199375458,4.793988081331291,4.646155199375458,4.772868633270264,73449,0.0,0.0
2011-03-25 00:00:00+08:00,4.709512233734131,4.751749649417578,4.709512233734131,4.709512233734131,17627,0.0,0.0
2011-03-28 00:00:00+08:00,4.709512360114409,4.772868633270264,4.688393503775447,4.772868633270264,24972,0.0,0.0
2011-03-29 00:00:00+08:00,4.709512101040072,4.751749515533447,4.709512101040072,4.751749515533447,24972,0.0,0.0
2011-03-30 00:00:00+08:00,4.730630110436304,4.730630110436304,4.646154403686523,4.646154403686523,149836,0.0,0.0
2011-03-31 00:00:00+08:00,4.688392372667228,4.688392372667228,4.64615407845753,4.66727352142334,79325,0.0,0.0
2011-04-01 00:00:00+08:00,4.646155199375458,4.772868633270264,4.646155199375458,4.772868633270264,42600,0.0,0.0
2011-04-06 00:00:00+08:00,4.688394069671631,4.730631491586643,4.667275210783591,4.688394069671631,108704,0.0,0.0
2011-04-07 00:00:00+08:00,4.688394069671631,4.730631491586643,4.688394069671631,4.688394069671631,61697,0.0,0.0
2011-04-08 00:00:00+08:00,4.709512928559671,4.709512928559671,4.688394069671631,4.688394069671631,17627,0.0,0.0
2011-04-11 00:00:00+08:00,4.730630397796631,4.8784626716930255,4.709511839652574,4.730630397796631,45538,0.0,0.0
2011-04-12 00:00:00+08:00,4.667274131642461,4.730630397796631,4.667274131642461,4.730630397796631,44069,0.0,0.0
2011-04-13 00:00:00+08:00,4.730630660356252,4.751749515533447,4.66727439068568,4.751749515533447,26441,0.0,0.0
2011-04-14 00:00:00+08:00,4.66727439068568,4.751749515533447,4.66727439068568,4.751749515533447,26441,0.0,0.0
2011-04-15 00:00:00+08:00,4.751748903989378,4.878462314605713,4.709511494931903,4.878462314605713,55821,0.0,0.0
2011-04-18 00:00:00+08:00,4.8151070848286315,4.899582216905161,4.793988227844238,4.793988227844238,42600,0.0,0.0
2011-04-19 00:00:00+08:00,4.836225769854918,4.899582342431277,4.772868901417511,4.857344627380371,104297,0.0,0.0
2011-04-20 00:00:00+08:00,4.941819667816162,4.941819667816162,4.857343953571736,4.941819667816162,113111,0.0,0.0
2011-04-21 00:00:00+08:00,4.920701074121776,4.98405764126858,4.899581922545151,4.9629387855529785,63166,0.0,0.0
2011-04-22 00:00:00+08:00,4.899581922545151,4.98405764126858,4.878463066829549,4.9629387855529785,26441,0.0,0.0
2011-04-25 00:00:00+08:00,5.0262960978196585,5.068533815512363,4.815107509356133,4.984058380126953,158650,0.0,0.0
2011-04-26 00:00:00+08:00,4.984058380126953,4.984058380126953,4.899582648880475,4.984058380126953,22034,0.0,0.0
2011-04-27 00:00:00+08:00,4.920701803587895,5.005176943112239,4.899582648880475,4.984058380126953,42600,0.0,0.0
2011-04-28 00:00:00+08:00,4.899582648880475,4.984058380126953,4.899582648880475,4.984058380126953,70511,0.0,0.0
2011-04-29 00:00:00+08:00,4.984058380126953,4.984058380126953,4.941820662434248,4.984058380126953,54352,0.0,0.0
2011-05-03 00:00:00+08:00,4.984058112731183,5.026295828157825,4.899582386016846,4.899582386016846,108704,0.0,0.0
2011-05-04 00:00:00+08:00,4.899581662763445,4.941819667816162,4.8784628081675905,4.941819667816162,30848,0.0,0.0
2011-05-05 00:00:00+08:00,4.857343693818866,4.962938257012337,4.857343693818866,4.920700550079346,80794,0.0,0.0
2011-05-06 00:00:00+08:00,4.920700550079346,4.941819403545842,4.920700550079346,4.920700550079346,33786,0.0,0.0
2011-05-09 00:00:00+08:00,4.941819667816162,4.962938522412017,4.8784628081675905,4.941819667816162,26441,0.0,0.0
2011-05-10 00:00:00+08:00,4.899581662763445,4.941819667816162,4.899581662763445,4.941819667816162,29379,0.0,0.0
2011-05-11 00:00:00+08:00,4.941819667816162,4.984057377007871,4.941819667816162,4.941819667816162,45538,0.0,0.0
2011-05-12 00:00:00+08:00,4.941819667816162,4.962938522412017,4.899581662763445,4.941819667816162,161588,0.0,0.0
2011-05-13 00:00:00+08:00,4.920700813220308,5.02629508619958,4.8362250989758815,4.941819667816162,82263,0.0,0.0
2011-05-16 00:00:00+08:00,4.941819667816162,4.984057377007871,4.8784628081675905,4.941819667816162,113111,0.0,0.0
2011-05-17 00:00:00+08:00,4.941820662434248,5.068533815512363,4.878463790034123,4.984058380126953,235037,0.0,0.0
2011-05-18 00:00:00+08:00,4.920700813220308,4.984057377007871,4.857343953571736,4.941819667816162,110173,0.0,0.0
2011-05-19 00:00:00+08:00,5.047413966739313,5.047413966739313,4.920700550079346,4.920700550079346,47007,0.0,0.0
2011-05-20 00:00:00+08:00,4.984057377007871,4.984057377007871,4.899581662763445,4.941819667816162,20565,0.0,0.0
2011-05-23 00:00:00+08:00,4.899582386016846,4.899582386016846,4.899582386016846,4.899582386016846,4406,0.0,0.0
2011-05-24 00:00:00+08:00,4.878462314605713,4.920700315385144,4.857343462146487,4.878462314605713,92545,0.0,0.0
2011-05-25 00:00:00+08:00,4.8784635283035245,4.899582386016846,4.8784635283035245,4.899582386016846,20565,0.0,0.0
2011-05-26 00:00:00+08:00,4.920701539591218,4.94182039730454,4.8784635283035245,4.899582386016846,47007,0.0,0.0
2011-05-27 00:00:00+08:00,4.920701539591218,4.920701539591218,4.899582386016846,4.899582386016846,30848,0.0,0.0
2011-05-30 00:00:00+08:00,4.920700260728814,4.941819112953463,4.730629998985013,4.836224555969238,718332,0.0,0.0
2011-05-31 00:00:00+08:00,4.793988081331291,4.836225498148183,4.751749776931302,4.772868633270264,417191,0.0,0.0
2011-06-01 00:00:00+08:00,4.815106937670253,4.815106937670253,4.772868633270264,4.772868633270264,89607,0.0,0.0
2011-06-02 00:00:00+08:00,4.815106391906738,4.815106391906738,4.815106391906738,4.815106391906738,2937,0.0,0.0
2011-06-03 00:00:00+08:00,4.836225645951982,4.836225645951982,4.772868779137763,4.793988227844238,38193,0.0,0.0
2011-06-07 00:00:00+08:00,4.772868092294208,4.8362249499910055,4.730630384403675,4.815106391906738,198312,0.0,0.0
2011-06-08 00:00:00+08:00,4.815106053089012,4.920700315385144,4.793987200629786,4.878462314605713,446570,0.0,0.0
2011-06-09 00:00:00+08:00,4.920701074121776,4.98405764126858,4.857344211113947,4.9629387855529785,392218,0.0,0.0
2011-06-10 00:00:00+08:00,4.9629395212806005,5.005176943112239,4.941820662434248,4.984058380126953,164526,0.0,0.0
2011-06-13 00:00:00+08:00,4.9418199298373775,4.98405764126858,4.9418199298373775,4.9629387855529785,85200,0.0,0.0
2011-06-14 00:00:00+08:00,4.9629395212806005,5.005176943112239,4.9629395212806005,4.984058380126953,142491,0.0,0.0
2011-06-15 00:00:00+08:00,4.984057442346774,5.06853286183763,4.96293858747406,5.047414302825928,233568,0.0,0.0
2011-06-16 00:00:00+08:00,4.984057442346774,5.06853286183763,4.984057442346774,5.047414302825928,262947,0.0,0.0
2011-06-17 00:00:00+08:00,5.047414814802182,5.068533375956011,5.005176509050358,5.0262956619262695,182153,0.0,0.0
2011-06-20 00:00:00+08:00,5.005176201123159,5.005176201123159,4.857344211113947,4.9629387855529785,49945,0.0,0.0
2011-06-21 00:00:00+08:00,4.962938369523604,4.962938369523604,4.815106391906738,4.815106391906738,236506,0.0,0.0
2011-06-22 00:00:00+08:00,4.962938257012337,4.984057110478833,4.899581400751858,4.920700550079346,86669,0.0,0.0
2011-06-23 00:00:00+08:00,4.857343953571736,4.941819667816162,4.857343953571736,4.941819667816162,22034,0.0,0.0
2011-06-24 00:00:00+08:00,4.857344670590203,4.899582386016846,4.79398839331129,4.899582386016846,164526,0.0,0.0
2011-06-27 00:00:00+08:00,4.857343693818866,4.941819403545842,4.815106282746866,4.920700550079346,224754,0.0,0.0
2011-06-28 00:00:00+08:00,4.8784628081675905,4.941819667816162,4.8784628081675905,4.941819667816162,7344,0.0,0.0
2011-06-29 00:00:00+08:00,4.94182039730454,4.94182039730454,4.8784635283035245,4.899582386016846,8813,0.0,0.0
2011-06-30 00:00:00+08:00,4.9629392550178615,4.984058112731183,4.857344670590203,4.899582386016846,76387,0.0,0.0
2011-07-01 00:00:00+08:00,4.94182039730454,4.94182039730454,4.8784635283035245,4.899582386016846,38193,0.0,0.0
2011-07-04 00:00:00+08:00,4.8784635283035245,4.899582386016846,4.857344670590203,4.899582386016846,19096,0.0,0.0
2011-07-05 00:00:00+08:00,4.857343462146487,4.878462314605713,4.83622460968726,4.878462314605713,74918,0.0,0.0
2011-07-06 00:00:00+08:00,4.899582386016846,4.899582386016846,4.899582386016846,4.899582386016846,23503,0.0,0.0
2011-07-07 00:00:00+08:00,4.899582386016846,4.899582386016846,4.8784635283035245,4.899582386016846,80794,0.0,0.0
2011-07-08 00:00:00+08:00,4.899582386016846,4.899582386016846,4.899582386016846,4.899582386016846,61697,0.0,0.0
2011-07-11 00:00:00+08:00,4.899582386016846,4.899582386016846,4.899582386016846,4.899582386016846,19096,0.0,0.0
2011-07-12 00:00:00+08:00,4.8995811126431885,4.8995811126431885,4.836224555969238,4.836224555969238,73449,0.0,0.0
2011-07-13 00:00:00+08:00,4.857344627380371,4.857344627380371,4.836225769854918,4.857344627380371,47007,0.0,0.0
2011-07-14 00:00:00+08:00,4.8362249499910055,4.8362249499910055,4.815106391906738,4.815106391906738,148367,0.0,0.0
2011-07-15 00:00:00+08:00,4.857343462146487,4.878462314605713,4.83622460968726,4.878462314605713,17627,0.0,0.0
2011-07-18 00:00:00+08:00,4.878462314605713,4.878462314605713,4.815106053089012,4.878462314605713,16158,0.0,0.0
2011-07-19 00:00:00+08:00,4.83622460968726,4.878462314605713,4.772867756448604,4.878462314605713,39662,0.0,0.0
2011-07-20 00:00:00+08:00,4.8362249499910055,4.878462657881539,4.815106391906738,4.815106391906738,39662,0.0,0.0
2011-07-21 00:00:00+08:00,4.751749515533447,4.751749515533447,4.751749515533447,4.751749515533447,2937,0.0,0.0
2011-07-22 00:00:00+08:00,4.772868633270264,4.772868633270264,4.709512360114409,4.772868633270264,146898,0.0,0.0
2011-07-25 00:00:00+08:00,4.772868779137763,4.793988227844238,4.75174992215337,4.793988227844238,38193,0.0,0.0
2011-07-26 00:00:00+08:00,4.793988227844238,4.793988227844238,4.793988227844238,4.793988227844238,0,0.0,0.0
2011-07-27 00:00:00+08:00,4.751749776931302,4.793988081331291,4.730630920592339,4.772868633270264,36724,0.0,0.0
2011-07-28 00:00:00+08:00,4.730631065168978,4.8151070848286315,4.730631065168978,4.793988227844238,16158,0.0,0.0
2011-07-29 00:00:00+08:00,4.793988081331291,4.793988081331291,4.772868633270264,4.772868633270264,29379,0.0,0.0
2011-08-01 00:00:00+08:00,4.730630397796631,4.730630397796631,4.730630397796631,4.730630397796631,29379,0.0,0.0
2011-08-02 00:00:00+08:00,4.751749251801687,4.751749251801687,4.688392985647518,4.730630397796631,32317,0.0,0.0
2011-08-03 00:00:00+08:00,4.688393503775447,4.772868633270264,4.688393503775447,4.772868633270264,17627,0.0,0.0
2011-08-04 00:00:00+08:00,4.709512233734131,4.772868505189813,4.709512233734131,4.709512233734131,66104,0.0,0.0
2011-08-05 00:00:00+08:00,4.434965861879608,4.772867481781821,4.434965861879608,4.66727352142334,188029,0.0,0.0
2011-08-08 00:00:00+08:00,4.772868442689866,4.772868442689866,4.603917598724365,4.603917598724365,249727,0.0,0.0
2011-08-09 00:00:00+08:00,4.350490987728369,4.625036716461182,4.350490987728369,4.625036716461182,217409,0.0,0.0
2011-08-10 00:00:00+08:00,4.6461546859154055,4.857343817687969,4.6461546859154055,4.730630397796631,85200,0.0,0.0
2011-08-11 00:00:00+08:00,4.625036514784165,4.709512233734131,4.6039176590119295,4.709512233734131,20565,0.0,0.0
2011-08-12 00:00:00+08:00,4.625036514784165,4.772868505189813,4.582798803239694,4.709512233734131,14689,0.0,0.0
2011-08-15 00:00:00+08:00,4.625035523074603,4.688392372667228,4.54056011809905,4.66727352142334,29379,0.0,0.0
2011-08-16 00:00:00+08:00,4.66727452218966,4.709512233734131,4.6039176590119295,4.709512233734131,165995,0.0,0.0
2011-08-17 00:00:00+08:00,4.625036716461182,4.646155277293278,4.603917859768048,4.625036716461182,66104,0.0,0.0
2011-08-18 00:00:00+08:00,4.625035846825305,4.646154403686523,4.561679288658706,4.646154403686523,48476,0.0,0.0
2011-08-19 00:00:00+08:00,4.815106808456333,4.815106808456333,4.561679947467458,4.709512233734131,86669,0.0,0.0
2011-08-22 00:00:00+08:00,4.6039169941031055,4.709511553575086,4.582798141380906,4.646154403686523,98421,0.0,0.0
2011-08-23 00:00:00+08:00,4.625036454220053,4.688393316568136,4.603917598724365,4.603917598724365,94014,0.0,0.0
2011-08-24 00:00:00+08:00,4.561679887732991,4.625036454220053,4.519441880880596,4.603917598724365,79325,0.0,0.0
2011-08-25 00:00:00+08:00,4.561679887732991,4.603917598724365,4.561679887732991,4.603917598724365,11751,0.0,0.0
2011-08-26 00:00:00+08:00,4.603917598724365,4.603917598724365,4.603917598724365,4.603917598724365,0,0.0,0.0
2011-08-29 00:00:00+08:00,4.603917069385798,4.62503592245333,4.561679363250732,4.561679363250732,24972,0.0,0.0
2011-08-30 00:00:00+08:00,4.625036454220053,4.625036454220053,4.582798743228678,4.603917598724365,35255,0.0,0.0
2011-08-31 00:00:00+08:00,4.561679363250732,4.561679363250732,4.561679363250732,4.561679363250732,26441,0.0,0.0
2011-09-01 00:00:00+08:00,4.561679363250732,4.603917069385798,4.5405605101832,4.561679363250732,368714,0.0,0.0
2011-09-02 00:00:00+08:00,4.434966917827221,4.603917768004839,4.434966917827221,4.540561199188232,342272,0.0,0.0
2011-09-05 00:00:00+08:00,4.561680055460434,4.561680055460434,4.434966917827221,4.540561199188232,11751,0.0,0.0
2011-09-06 00:00:00+08:00,4.477203700495947,4.477203700495947,4.266014575958252,4.266014575958252,27910,0.0,0.0
2011-09-07 00:00:00+08:00,4.456085139257673,4.456085139257673,4.287134301932385,4.350490570068359,16158,0.0,0.0
2011-09-08 00:00:00+08:00,4.4349666302322674,4.4349666302322674,4.329372059857732,4.392728328704834,26441,0.0,0.0
2011-09-09 00:00:00+08:00,4.45608518927396,4.45608518927396,4.392728328704834,4.392728328704834,2937,0.0,0.0
2011-09-13 00:00:00+08:00,4.434966984823043,4.434966984823043,4.329372406005859,4.329372406005859,5875,0.0,0.0
2011-09-14 00:00:00+08:00,4.456085275446785,4.456085275446785,4.244896130613689,4.308253288269043,135146,0.0,0.0
2011-09-15 00:00:00+08:00,4.308253503736703,4.308253503736703,4.287134647369385,4.287134647369385,91076,0.0,0.0
2011-09-16 00:00:00+08:00,4.2871346928234,4.329372406005859,4.2871346928234,4.329372406005859,10282,0.0,0.0
2011-09-19 00:00:00+08:00,4.350491306402241,4.371610164642334,4.350491306402241,4.371610164642334,13220,0.0,0.0
2011-09-20 00:00:00+08:00,4.287134301932385,4.41384772578736,4.287134301932385,4.350490570068359,27910,0.0,0.0
2011-09-21 00:00:00+08:00,4.350490570068359,4.350490570068359,4.287134301932385,4.350490570068359,64635,0.0,0.0
2011-09-22 00:00:00+08:00,4.287134647369385,4.287134647369385,4.266015199280001,4.287134647369385,48476,0.0,0.0
2011-09-23 00:00:00+08:00,4.350490920610307,4.350490920610307,4.206882342279303,4.287134647369385,69042,0.0,0.0
2011-09-26 00:00:00+08:00,4.206882470281699,4.266015329081627,4.177316188812256,4.177316188812256,66104,0.0,0.0
2011-09-27 00:00:00+08:00,4.2448959975097,4.2448959975097,4.181539729424014,4.206881999969482,107235,0.0,0.0
2011-09-28 00:00:00+08:00,4.219553777674858,4.413847775329563,4.215329770005508,4.392728328704834,139553,0.0,0.0
2011-09-29 00:00:00+08:00,4.348357640953205,4.432662487030029,4.21524439578772,4.432662487030029,100286,0.070797,1.04
2011-09-30 00:00:00+08:00,4.43266252424432,4.43266252424432,4.348357677459717,4.348357677459717,8474,0.0,0.0
2011-10-03 00:00:00+08:00,4.303985702906628,4.308422720849255,4.228555202484131,4.228555202484131,26837,0.0,0.0
2011-10-04 00:00:00+08:00,4.2285562232320695,4.414914608001709,4.2285562232320695,4.414914608001709,15537,0.0,0.0
2011-10-05 00:00:00+08:00,4.428224593083463,4.432661909872532,4.348357074772671,4.392727851867676,25424,0.0,0.0
2011-10-06 00:00:00+08:00,4.437099555004215,4.437099555004215,4.392728768648839,4.428225517272949,64974,0.0,0.0
2011-10-07 00:00:00+08:00,4.43709862896268,4.43709862896268,4.352793793862819,4.392727851867676,93223,0.0,0.0
2011-10-11 00:00:00+08:00,4.432662834988105,4.432662834988105,4.392728768648839,4.428225517272949,19774,0.0,0.0
2011-10-12 00:00:00+08:00,4.348357982293463,4.437099555004215,4.348357982293463,4.428225517272949,69211,0.0,0.0
2011-10-13 00:00:00+08:00,4.428225517272949,4.428225517272949,4.379417413202417,4.428225517272949,26837,0.0,0.0
2011-10-14 00:00:00+08:00,4.392727818325921,4.392727818325921,4.379416465759277,4.379416465759277,52261,0.0,0.0
2011-10-17 00:00:00+08:00,4.215244211558021,4.481470391403922,4.215244211558021,4.352794170379639,32487,0.0,0.0
2011-10-18 00:00:00+08:00,4.286238129746821,4.406039421230785,4.259615421295166,4.259615421295166,70624,0.0,0.0
2011-10-19 00:00:00+08:00,4.268489595170359,4.41491388840201,4.2596152597398875,4.388290882110596,163848,0.0,0.0
2011-10-20 00:00:00+08:00,4.303986183581347,4.383854308565167,4.259615401500772,4.3749799728393555,38137,0.0,0.0
2011-10-21 00:00:00+08:00,4.259615961695207,4.428225673014529,4.237429970038187,4.3661065101623535,60736,0.0,0.0
2011-10-24 00:00:00+08:00,4.379417605798857,4.4282257120158555,4.3039867875182125,4.3306097984313965,134185,0.0,0.0
2011-10-25 00:00:00+08:00,4.392727954078429,4.614583040113456,4.392727954078429,4.481470108032227,45199,0.0,0.0
2011-10-26 00:00:00+08:00,4.4814700037566055,4.4814700037566055,4.392727851867676,4.392727851867676,135598,0.0,0.0
2011-10-27 00:00:00+08:00,4.401602485445813,4.432661909872532,4.37941649919939,4.392727851867676,26837,0.0,0.0
2011-10-28 00:00:00+08:00,4.548027316768683,4.548027316768683,4.414914362950021,4.437099456787109,103111,0.0,0.0
2011-10-31 00:00:00+08:00,4.525841122727625,4.570211903174339,4.481470342280911,4.503655433654785,114411,0.0,0.0
2011-11-01 00:00:00+08:00,4.503655433654785,4.503655433654785,4.437098964135231,4.503655433654785,46611,0.0,0.0
2011-11-02 00:00:00+08:00,4.437099456787109,4.481470839859352,4.437099456787109,4.437099456787109,31074,0.0,0.0
2011-11-03 00:00:00+08:00,4.437099456787109,4.481470839859352,4.437099456787109,4.437099456787109,120061,0.0,0.0
2011-11-04 00:00:00+08:00,4.503655433654785,4.525841122727625,4.503655433654785,4.503655433654785,40962,0.0,0.0
2011-11-07 00:00:00+08:00,4.525841348395156,4.548027038574219,4.481470565736025,4.548027038574219,66386,0.0,0.0
2011-11-08 00:00:00+08:00,4.548026574072841,4.548026574072841,4.481470108032227,4.481470108032227,28249,0.0,0.0
2011-11-09 00:00:00+08:00,4.525840886159658,4.525840886159658,4.481470108032227,4.481470108032227,40962,0.0,0.0
2011-11-10 00:00:00+08:00,4.43709862896268,4.459284316359643,4.392727851867676,4.392727851867676,43786,0.0,0.0
2011-11-11 00:00:00+08:00,4.459285247031426,4.459285247031426,4.428225517272949,4.428225517272949,14124,0.0,0.0
2011-11-14 00:00:00+08:00,4.437099555004215,4.503656033386802,4.428225517272949,4.428225517272949,62149,0.0,0.0
2011-11-15 00:00:00+08:00,4.45928430557251,4.45928430557251,4.45928430557251,4.45928430557251,1412,0.0,0.0
2011-11-16 00:00:00+08:00,4.437098996161159,4.437098996161159,4.419350624084473,4.419350624084473,144073,0.0,0.0
2011-11-17 00:00:00+08:00,4.352794360621039,4.432662487030029,4.352794360621039,4.432662487030029,24012,0.0,0.0
2011-11-18 00:00:00+08:00,4.370543101349589,4.370543101349589,4.361669063568115,4.361669063568115,24012,0.0,0.0
2011-11-21 00:00:00+08:00,4.370542042379629,4.370542042379629,4.148687266553738,4.157561302185059,144073,0.0,0.0
2011-11-22 00:00:00+08:00,4.343920850464927,4.343920850464927,4.126502732851753,4.170874118804932,101698,0.0,0.0
2011-11-23 00:00:00+08:00,4.170873284549637,4.170873284549637,3.949018192256267,4.122064590454102,186447,0.0,0.0
2011-11-24 00:00:00+08:00,3.9623291792307946,4.166436195373535,3.9623291792307946,4.166436195373535,14124,0.0,0.0
2011-11-25 00:00:00+08:00,4.170874079505419,4.414914608001709,4.170874079505419,4.414914608001709,38137,0.0,0.0
2011-11-28 00:00:00+08:00,4.414914504505171,4.419351224565327,4.161999645060907,4.343920707702637,305096,0.0,0.0
2011-11-29 00:00:00+08:00,4.295112003571665,4.335046064732784,4.232992850959064,4.290674686431885,117236,0.0,0.0
2011-11-30 00:00:00+08:00,4.193058653703597,4.2951121702880455,4.153125188691414,4.161999225616455,196335,0.0,0.0
2011-12-01 00:00:00+08:00,4.219681529533307,4.237429303980838,4.10875368063106,4.206369876861572,242947,0.0,0.0
2011-12-02 00:00:00+08:00,4.148687366810147,4.197495460510254,4.148687366810147,4.197495460510254,2824,0.0,0.0
2011-12-05 00:00:00+08:00,4.113190982126316,4.193058507056403,4.113190982126316,4.12650203704834,57911,0.0,0.0
2011-12-06 00:00:00+08:00,4.126501679496807,4.197495460510254,4.126501679496807,4.197495460510254,2824,0.0,0.0
2011-12-07 00:00:00+08:00,4.0821321864623,4.255178928375244,4.020013019456109,4.255178928375244,35312,0.0,0.0
2011-12-08 00:00:00+08:00,4.033322826815026,4.232992519276218,4.033322826815026,4.228555202484131,175147,0.0,0.0
2011-12-09 00:00:00+08:00,4.215245156810582,4.255178928375244,4.210808137492187,4.255178928375244,60736,0.0,0.0
2011-12-12 00:00:00+08:00,4.215244340158905,4.281801111288044,4.215244340158905,4.259615421295166,192097,0.0,0.0
2011-12-13 00:00:00+08:00,4.215244422412269,4.25074146732364,4.215244422412269,4.219681739807129,8474,0.0,0.0
2011-12-14 00:00:00+08:00,4.193059077794566,4.246304500128105,4.193059077794566,4.215244770050049,43786,0.0,0.0
2011-12-15 00:00:00+08:00,4.193058967590332,4.2507417061686334,4.193058967590332,4.193058967590332,21187,0.0,0.0
2011-12-16 00:00:00+08:00,4.215244659262718,4.414914390066607,4.1841852288505095,4.193058967590332,86161,0.0,0.0
2011-12-19 00:00:00+08:00,4.117628799738836,4.188621997833252,4.117628799738836,4.188621997833252,19774,0.0,0.0
2011-12-20 00:00:00+08:00,4.108753792120051,4.184184898776079,4.108753792120051,4.179747581481934,46611,0.0,0.0
2011-12-21 00:00:00+08:00,4.17974839561333,4.388291889325942,4.17974839561333,4.224119186401367,137010,0.0,0.0
2011-12-22 00:00:00+08:00,4.215244525565754,4.343920457326054,4.215244525565754,4.237429618835449,121473,0.0,0.0
2011-12-23 00:00:00+08:00,4.2729264445890385,4.2729264445890385,4.215244308509541,4.246304035186768,46611,0.0,0.0
2011-12-26 00:00:00+08:00,4.215244917979805,4.2729270623994,4.201933860778809,4.201933860778809,69211,0.0,0.0
2011-12-27 00:00:00+08:00,4.201932810702305,4.2374289543676955,4.201932810702305,4.210806846618652,39549,0.0,0.0
2011-12-28 00:00:00+08:00,4.193058726726156,4.31729793548584,4.193058726726156,4.31729793548584,8474,0.0,0.0
2011-12-29 00:00:00+08:00,4.215244770050049,4.29511260470083,4.215244770050049,4.215244770050049,151135,0.0,0.0
2011-12-30 00:00:00+08:00,4.193058834597042,4.237429618835449,4.170873741327347,4.237429618835449,22599,0.0,0.0
2012-01-02 00:00:00+08:00,4.22855588037708,4.303986392892077,4.215244525565754,4.237429618835449,179385,0.0,0.0
2012-01-03 00:00:00+08:00,4.2995493208081905,4.348357418551001,4.2995493208081905,4.33948278427124,32487,0.0,0.0
2012-01-04 00:00:00+08:00,4.303986730887767,4.388291586180682,4.264052962167266,4.383854866027832,19774,0.0,0.0
2012-01-05 00:00:00+08:00,4.3838537005752505,4.5480263485132095,4.259614810741356,4.370542049407959,108761,0.0,0.0
2012-01-06 00:00:00+08:00,4.370542266165246,4.614583040113456,4.370542266165246,4.481470108032227,135598,0.0,0.0
2012-01-09 00:00:00+08:00,4.459284420119044,4.592397352200273,4.43709873220586,4.481470108032227,120061,0.0,0.0
2012-01-10 00:00:00+08:00,4.503655433654785,4.503655433654785,4.459284653208071,4.503655433654785,141248,0.0,0.0
2012-01-11 00:00:00+08:00,4.525840886159658,4.525840886159658,4.481470108032227,4.481470108032227,80511,0.0,0.0
2012-01-12 00:00:00+08:00,4.525840886159658,4.525840886159658,4.481470108032227,4.481470108032227,94636,0.0,0.0
2012-01-13 00:00:00+08:00,4.548027316768683,4.548027316768683,4.437099456787109,4.437099456787109,84748,0.0,0.0
2012-01-16 00:00:00+08:00,4.3261721945045695,4.6589545790512235,4.3261721945045695,4.437099456787109,16949,0.0,0.0
2012-01-17 00:00:00+08:00,4.392728183688517,4.525841122727625,4.392728183688517,4.503655433654785,46611,0.0,0.0
2012-01-18 00:00:00+08:00,4.525841107066445,4.614583265351757,4.459284637777202,4.570211887359619,60736,0.0,0.0
2012-01-30 00:00:00+08:00,4.525841107066445,4.592397576355689,4.525841107066445,4.570211887359619,26837,0.0,0.0
2012-01-31 00:00:00+08:00,4.570212949342282,4.614584337645022,4.525842158738645,4.592398643493652,40962,0.0,0.0
2012-02-01 00:00:00+08:00,4.614583877240695,4.769882226558164,4.614583877240695,4.7033257484436035,72036,0.0,0.0
2012-02-02 00:00:00+08:00,4.703326030872067,4.880809783935547,4.703326030872067,4.880809783935547,52261,0.0,0.0
2012-02-03 00:00:00+08:00,4.703326030872067,5.080479230269115,4.703326030872067,4.880809783935547,60736,0.0,0.0
2012-02-06 00:00:00+08:00,4.902995477205636,4.969551959316826,4.880809783935547,4.880809783935547,142660,0.0,0.0
2012-02-07 00:00:00+08:00,4.880809783935547,4.947366266046736,4.836438995094446,4.880809783935547,131360,0.0,0.0
2012-02-08 00:00:00+08:00,4.902994727081159,4.991736888885498,4.880809037205328,4.991736888885498,62149,0.0,0.0
2012-02-09 00:00:00+08:00,4.925180192798923,4.9473652839660645,4.925180192798923,4.9473652839660645,45199,0.0,0.0
2012-02-10 00:00:00+08:00,4.902994503932821,4.9473652839660645,4.902994503932821,4.9473652839660645,79099,0.0,0.0
2012-02-13 00:00:00+08:00,4.925180352710799,5.0361076052449985,4.925180352710799,5.013922214508057,115823,0.0,0.0
2012-02-14 00:00:00+08:00,5.013921204133452,5.013921204133452,4.969550132751465,4.969550132751465,32487,0.0,0.0
2012-02-15 00:00:00+08:00,5.013921839820355,5.102663993835449,4.991736450741316,5.102663993835449,127123,0.0,0.0
2012-02-16 00:00:00+08:00,5.058294564978487,5.169221539963479,5.058294564978487,5.124850749969482,100286,0.0,0.0
2012-02-17 00:00:00+08:00,5.169220161072568,5.169220161072568,5.102663993835449,5.102663993835449,114411,0.0,0.0
2012-02-20 00:00:00+08:00,5.169220161072568,5.169220161072568,5.102663993835449,5.102663993835449,40962,0.0,0.0
2012-02-21 00:00:00+08:00,5.1470344159303405,5.1470344159303405,5.058292865753174,5.058292865753174,46611,0.0,0.0
2012-02-22 00:00:00+08:00,5.102663993835449,5.124849382914489,5.05829321567737,5.102663993835449,74861,0.0,0.0
2012-02-23 00:00:00+08:00,5.080478007057474,5.147034771993528,5.080478007057474,5.102663993835449,31074,0.0,0.0
2012-02-24 00:00:00+08:00,5.102664747312409,5.169220924377441,5.102664747312409,5.169220924377441,98873,0.0,0.0
2012-02-29 00:00:00+08:00,5.169220319269415,5.2135910987854,5.147034929511422,5.2135910987854,79099,0.0,0.0
2012-03-01 00:00:00+08:00,5.169220319269415,5.2135910987854,5.169220319269415,5.2135910987854,19774,0.0,0.0
2012-03-02 00:00:00+08:00,5.191406914431475,5.191406914431475,5.102664747312409,5.169220924377441,39549,0.0,0.0
2012-03-05 00:00:00+08:00,5.191406500791353,5.213591293679704,5.147035121917725,5.147035121917725,42374,0.0,0.0
2012-03-06 00:00:00+08:00,5.191406500791353,5.191406500791353,5.124849731330398,5.147035121917725,165260,0.0,0.0
2012-03-07 00:00:00+08:00,5.1470361449664805,5.169221539963479,5.124850749969482,5.124850749969482,70624,0.0,0.0
2012-03-08 00:00:00+08:00,5.147034873269906,5.19140625,5.147034873269906,5.19140625,76274,0.0,0.0
2012-03-09 00:00:00+08:00,5.213591389388692,5.257962769076872,5.213591389388692,5.235777378082275,168085,0.0,0.0
2012-03-12 00:00:00+08:00,5.257962226867676,5.257962226867676,5.21359085175514,5.257962226867676,79099,0.0,0.0
2012-03-13 00:00:00+08:00,5.2801481600714695,5.2801481600714695,5.235777378082275,5.235777378082275,49436,0.0,0.0
2012-03-14 00:00:00+08:00,5.257962769076872,5.302333551066066,5.235777378082275,5.235777378082275,151135,0.0,0.0
2012-03-15 00:00:00+08:00,5.235777378082275,5.257962769076872,5.235777378082275,5.235777378082275,72036,0.0,0.0
2012-03-16 00:00:00+08:00,5.213591041816627,5.235777029031147,5.19140625,5.19140625,148310,0.0,0.0
2012-03-19 00:00:00+08:00,5.235777655279641,5.302333831787109,5.235777655279641,5.302333831787109,118648,0.0,0.0
2012-03-20 00:00:00+08:00,5.346704975652619,5.524189320338443,5.3245201796907144,5.457632541656494,519793,0.0,0.0
2012-03-21 00:00:00+08:00,5.457631810069832,5.834785842545558,5.457631810069832,5.746043682098389,413857,0.0,0.0
2012-03-22 00:00:00+08:00,5.746042911374548,5.834785059918624,5.7238569259643555,5.7238569259643555,225997,0.0,0.0
2012-03-23 00:00:00+08:00,5.72385707395413,5.990083526469616,5.701672283368148,5.923526763916016,587592,0.0,0.0
2012-03-26 00:00:00+08:00,5.945712749899825,5.945712749899825,5.879155987346225,5.923526763916016,398320,0.0,0.0
2012-03-27 00:00:00+08:00,5.923528886019334,6.012271068649703,5.9013440874856515,5.967900276184082,498606,0.0,0.0
2012-03-28 00:00:00+08:00,5.967899389825018,5.967899389825018,5.901343211011585,5.945713996887207,227409,0.0,0.0
2012-03-29 00:00:00+08:00,5.9235277040367755,5.9235277040367755,5.612931023355735,5.768229961395264,274021,0.0,0.0
2012-03-30 00:00:00+08:00,6.16756772994995,6.16756772994995,6.101010962006016,6.167567729949951,2679480,0.0,0.0
2012-04-02 00:00:00+08:00,6.589092500109143,6.589092500109143,6.300680637359619,6.300680637359619,2776941,0.0,0.0
2012-04-03 00:00:00+08:00,6.300680700276006,6.367237468559419,5.967898651955836,6.034454822540283,964725,0.0,0.0
2012-04-05 00:00:00+08:00,5.8126000984050314,5.8126000984050314,5.61293039896519,5.701672554016113,762740,0.0,0.0
2012-04-06 00:00:00+08:00,5.679486700283767,6.034454731120056,5.679486700283767,5.901342391967773,628554,0.0,0.0
2012-04-09 00:00:00+08:00,5.768229830038949,5.945713558143673,5.746043841039238,5.812600612640381,190685,0.0,0.0
2012-04-10 00:00:00+08:00,5.856971395241813,5.87915678654253,5.79041462364067,5.812600612640381,209047,0.0,0.0
2012-04-11 00:00:00+08:00,5.746043971890325,5.768229961395264,5.679487198773526,5.768229961395264,159610,0.0,0.0
2012-04-12 00:00:00+08:00,5.856971528618985,5.901342909929854,5.746043971890325,5.768229961395264,200572,0.0,0.0
2012-04-13 00:00:00+08:00,5.901342226838511,5.923527018377502,5.834785461425781,5.834785461425781,193510,0.0,0.0
2012-04-16 00:00:00+08:00,5.79041462364067,5.901342775542241,5.79041462364067,5.812600612640381,124298,0.0,0.0
2012-04-17 00:00:00+08:00,5.768229830038949,5.901342775542241,5.746043841039238,5.812600612640381,108761,0.0,0.0
2012-04-18 00:00:00+08:00,5.812599672207329,5.812599672207329,5.679486150541767,5.7238569259643555,214697,0.0,0.0
2012-04-19 00:00:00+08:00,5.6794867515563965,5.790414299550341,5.635115971438403,5.6794867515563965,209047,0.0,0.0
2012-04-20 00:00:00+08:00,5.679487136173608,5.679487136173608,5.590744972229004,5.590744972229004,231647,0.0,0.0
2012-04-23 00:00:00+08:00,5.457631552085703,5.546373708338,5.346704006195068,5.346704006195068,213284,0.0,0.0
2012-04-24 00:00:00+08:00,5.302333515258634,5.435447055725253,5.302333515258634,5.368890285491943,384195,0.0,0.0
2012-04-25 00:00:00+08:00,5.368889683188046,5.52418799937846,5.368889683188046,5.413260459899902,88986,0.0,0.0
2012-04-26 00:00:00+08:00,5.368890417023408,5.413261199799991,5.324519634246826,5.324519634246826,138423,0.0,0.0
2012-04-27 00:00:00+08:00,5.324519214255682,5.346704006195068,5.257962447641722,5.346704006195068,80511,0.0,0.0
2012-04-30 00:00:00+08:00,5.213591389388692,5.302333551066066,5.213591389388692,5.235777378082275,80511,0.0,0.0
2012-05-02 00:00:00+08:00,5.2357774709946625,5.324519634246826,5.2357774709946625,5.324519634246826,120061,0.0,0.0
2012-05-03 00:00:00+08:00,5.235777655279641,5.302333831787109,5.235777655279641,5.302333831787109,8474,0.0,0.0
2012-05-04 00:00:00+08:00,5.257962862382954,5.324519634246826,5.257962862382954,5.324519634246826,60736,0.0,0.0
2012-05-07 00:00:00+08:00,5.257962769076872,5.324519539759649,5.235777378082275,5.235777378082275,53674,0.0,0.0
2012-05-08 00:00:00+08:00,5.3023338986133135,5.3023338986133135,5.280148506164551,5.280148506164551,11299,0.0,0.0
2012-05-09 00:00:00+08:00,5.280148439617953,5.302333831787109,5.280148439617953,5.302333831787109,50849,0.0,0.0
2012-05-10 00:00:00+08:00,5.324519888761102,5.324519888761102,5.191406936369501,5.280148506164551,40962,0.0,0.0
2012-05-11 00:00:00+08:00,5.257962769076872,5.2801481600714695,5.124849825410305,5.235777378082275,60736,0.0,0.0
2012-05-14 00:00:00+08:00,5.16922026278548,5.235777029031147,5.102664094238759,5.19140625,86161,0.0,0.0
2012-05-15 00:00:00+08:00,5.058293315207611,5.213591041816627,5.058293315207611,5.19140625,26837,0.0,0.0
2012-05-16 00:00:00+08:00,5.080478757258375,5.213591709087463,5.080478757258375,5.169220924377441,22599,0.0,0.0
2012-05-17 00:00:00+08:00,5.235777281966006,5.2801480631406585,5.08047835245677,5.147035121917725,90398,0.0,0.0
2012-05-18 00:00:00+08:00,5.05829321567737,5.147034771993528,4.969550762812808,5.102663993835449,49436,0.0,0.0
2012-05-21 00:00:00+08:00,5.05829359368092,5.05829359368092,4.836438192064052,5.013922214508057,139835,0.0,0.0
2012-05-22 00:00:00+08:00,4.969551540466188,5.036108016967773,4.969551540466188,5.036108016967773,118648,0.0,0.0
2012-05-23 00:00:00+08:00,4.969551217397516,5.013922298463863,4.925180435180664,4.925180435180664,55086,0.0,0.0
2012-05-24 00:00:00+08:00,4.969551959316826,4.991737652586915,4.858624688364536,4.880809783935547,153960,0.0,0.0
2012-05-25 00:00:00+08:00,4.880809783935547,4.880809783935547,4.836438995094446,4.880809783935547,59324,0.0,0.0
2012-05-28 00:00:00+08:00,4.880809441582082,4.902995133296006,4.8364386558532715,4.8364386558532715,12712,0.0,0.0
2012-05-29 00:00:00+08:00,4.836438192064052,5.05829359368092,4.836438192064052,5.013922214508057,80511,0.0,0.0
2012-05-30 00:00:00+08:00,5.013922214508057,5.124849765891746,4.947365444598251,5.013922214508057,26837,0.0,0.0
2012-05-31 00:00:00+08:00,5.013921492965697,5.058292865753174,5.013921492965697,5.058292865753174,24012,0.0,0.0
2012-06-01 00:00:00+08:00,4.969551103368547,4.991736792817405,4.880808943272089,4.902994632720947,21187,0.0,0.0
2012-06-04 00:00:00+08:00,4.880809783935547,4.880809783935547,4.792068206253346,4.880809783935547,32487,0.0,0.0
2012-06-05 00:00:00+08:00,4.947365919024816,4.947365919024816,4.8364386558532715,4.8364386558532715,9887,0.0,0.0
2012-06-06 00:00:00+08:00,4.902994745222744,4.925180435180664,4.902994745222744,4.925180435180664,14124,0.0,0.0
2012-06-07 00:00:00+08:00,4.925180352710799,5.013922214508057,4.925180352710799,5.013922214508057,97461,0.0,0.0
2012-06-08 00:00:00+08:00,5.0139220217239755,5.080478191375732,5.0139220217239755,5.080478191375732,127123,0.0,0.0
2012-06-11 00:00:00+08:00,5.058292865753174,5.102663640841757,5.058292865753174,5.058292865753174,124298,0.0,0.0
2012-06-12 00:00:00+08:00,5.0804793622763915,5.124850749969482,5.0804793622763915,5.124850749969482,55086,0.0,0.0
2012-06-13 00:00:00+08:00,5.1470353077425,5.324519634246826,5.1470353077425,5.324519634246826,122886,0.0,0.0
2012-06-14 00:00:00+08:00,5.324519503802392,5.368890285491943,5.324519503802392,5.368890285491943,120061,0.0,0.0
2012-06-15 00:00:00+08:00,5.4354472160339355,5.4354472160339355,5.346704454639561,5.4354472160339355,118648,0.0,0.0
2012-06-18 00:00:00+08:00,5.457632541656494,5.479818533016516,5.413261754334568,5.457632541656494,103111,0.0,0.0
2012-06-19 00:00:00+08:00,5.457631660489701,5.479817648267665,5.39107608795166,5.39107608795166,124298,0.0,0.0
2012-06-20 00:00:00+08:00,5.368889683188046,5.435446445954747,5.324518906476189,5.413260459899902,52261,0.0,0.0
2012-06-21 00:00:00+08:00,5.546373387734389,5.546373387734389,5.413260459899902,5.413260459899902,77686,0.0,0.0
2012-06-22 00:00:00+08:00,5.324519950926619,5.679487429649232,5.324519950926619,5.612931251525879,285321,0.0,0.0
2012-06-25 00:00:00+08:00,5.568558925972298,5.679485858831327,5.502002168558013,5.6573004722595215,46611,0.0,0.0
2012-06-26 00:00:00+08:00,5.568558925972298,5.657300472259521,5.502002168558013,5.6573004722595215,21187,0.0,0.0
2012-06-27 00:00:00+08:00,5.6573000547342644,5.6573000547342644,5.524187147428683,5.635114669799805,38137,0.0,0.0
2012-06-28 00:00:00+08:00,5.635116002571969,5.6573013927535385,5.5463738441467285,5.5463738441467285,98873,0.0,0.0
2012-06-29 00:00:00+08:00,5.546372532363143,5.768228174804209,5.546372532363143,5.635114669799805,81924,0.0,0.0
2012-07-02 00:00:00+08:00,5.635114669799805,5.635114669799805,5.502001762494223,5.635114669799805,48024,0.0,0.0
2012-07-03 00:00:00+08:00,5.590743302232061,5.635114669799805,5.568558514996425,5.635114669799805,21187,0.0,0.0
2012-07-04 00:00:00+08:00,5.635116002571969,5.635116002571969,5.5463738441467285,5.5463738441467285,7062,0.0,0.0
2012-07-05 00:00:00+08:00,5.235777186206831,5.6129306123904,5.235777186206831,5.5463738441467285,33899,0.0,0.0
2012-07-06 00:00:00+08:00,5.435446893238883,5.590744624509866,5.435446893238883,5.5463738441467285,14124,0.0,0.0
2012-07-09 00:00:00+08:00,5.368890967012641,5.457632541656494,5.368890967012641,5.457632541656494,8474,0.0,0.0
2012-07-10 00:00:00+08:00,5.479817837414804,5.479817837414804,5.368890285491943,5.368890285491943,4237,0.0,0.0
2012-07-11 00:00:00+08:00,5.413260459899902,5.413260459899902,5.391075669242889,5.413260459899902,26837,0.0,0.0
2012-07-12 00:00:00+08:00,5.413260880331699,5.413260880331699,5.39107608795166,5.39107608795166,28249,0.0,0.0
2012-07-13 00:00:00+08:00,5.368890100173696,5.457631660489701,5.368890100173696,5.39107608795166,14124,0.0,0.0
2012-07-16 00:00:00+08:00,5.39107608795166,5.39107608795166,5.39107608795166,5.39107608795166,0,0.0,0.0
2012-07-17 00:00:00+08:00,5.235777342724307,5.368890285491943,5.235777342724307,5.368890285491943,2824,0.0,0.0
2012-07-18 00:00:00+08:00,5.324518906476189,5.413260459899902,5.324518906476189,5.413260459899902,2824,0.0,0.0
2012-07-19 00:00:00+08:00,5.302332920421344,5.413260459899902,5.302332920421344,5.413260459899902,9887,0.0,0.0
2012-07-20 00:00:00+08:00,5.4354472160339355,5.4354472160339355,5.4354472160339355,5.4354472160339355,2824,0.0,0.0
2012-07-23 00:00:00+08:00,5.457632541656494,5.457632541656494,5.457632541656494,5.457632541656494,2824,0.0,0.0
2012-07-24 00:00:00+08:00,5.28014828014228,5.4354472160339355,5.28014828014228,5.4354472160339355,4237,0.0,0.0
2012-07-25 00:00:00+08:00,5.324518906476189,5.413260459899902,5.324518906476189,5.413260459899902,18362,0.0,0.0
2012-07-26 00:00:00+08:00,5.413260459899902,5.413260459899902,5.413260459899902,5.413260459899902,2824,0.0,0.0
2012-07-27 00:00:00+08:00,5.391076958372663,5.50200392667748,5.391076958372663,5.457632541656494,81924,0.0,0.0
2012-07-30 00:00:00+08:00,5.50200392667748,5.50200392667748,5.457632541656494,5.457632541656494,11299,0.0,0.0
2012-07-31 00:00:00+08:00,5.502003228259579,5.502003228259579,5.368890285491943,5.368890285491943,24012,0.0,0.0
2012-08-01 00:00:00+08:00,5.479817867279053,5.479817867279053,5.479817867279053,5.479817867279053,1412,0.0,0.0
2012-08-02 00:00:00+08:00,5.479817867279053,5.479817867279053,5.479817867279053,5.479817867279053,0,0.0,0.0
2012-08-03 00:00:00+08:00,5.5020030383466665,5.5020030383466665,5.346704112395733,5.39107608795166,29662,0.0,0.0
2012-08-06 00:00:00+08:00,5.39107608795166,5.39107608795166,5.39107608795166,5.39107608795166,26837,0.0,0.0
2012-08-07 00:00:00+08:00,5.391076274035702,5.391076274035702,5.368890285491943,5.368890285491943,8474,0.0,0.0
2012-08-08 00:00:00+08:00,5.435447055725253,5.435447055725253,5.368890285491943,5.368890285491943,5649,0.0,0.0
2012-08-09 00:00:00+08:00,5.3245193200156935,5.435446868109662,5.3245193200156935,5.39107608795166,26837,0.0,0.0
2012-08-10 00:00:00+08:00,5.368890100173696,5.39107608795166,5.346704112395733,5.39107608795166,38137,0.0,0.0
2012-08-13 00:00:00+08:00,5.368890285491943,5.368890285491943,5.368890285491943,5.368890285491943,14124,0.0,0.0
2012-08-14 00:00:00+08:00,5.346703697133202,5.413260459899902,5.346703697133202,5.413260459899902,16949,0.0,0.0
2012-08-15 00:00:00+08:00,5.391075980869643,5.391075980869643,5.346704006195068,5.346704006195068,39549,0.0,0.0
2012-08-16 00:00:00+08:00,5.368890285491943,5.391076274035702,5.346704296948185,5.368890285491943,59324,0.0,0.0
2012-08-17 00:00:00+08:00,5.346704427936119,5.413261199799991,5.324519634246826,5.324519634246826,97461,0.0,0.0
2012-08-20 00:00:00+08:00,5.391076406110697,5.391076406110697,5.324519634246826,5.324519634246826,22599,0.0,0.0
2012-08-21 00:00:00+08:00,5.391075669242889,5.413260459899902,5.368889683188046,5.413260459899902,19774,0.0,0.0
2012-08-22 00:00:00+08:00,5.4132610671814945,5.4132610671814945,5.368890285491943,5.368890285491943,19774,0.0,0.0
2012-08-23 00:00:00+08:00,5.4132610671814945,5.4132610671814945,5.346704296948185,5.368890285491943,24012,0.0,0.0
2012-08-24 00:00:00+08:00,5.7238569259643555,5.7238569259643555,5.657300762830473,5.7238569259643555,2298109,0.0,0.0
2012-08-27 00:00:00+08:00,5.923528247771159,5.99008502699736,5.746044499333064,5.790415287017822,2614506,0.0,0.0
2012-08-28 00:00:00+08:00,5.790414331541918,5.834785709604021,5.5463738441467285,5.5463738441467285,913876,0.0,0.0
2012-08-29 00:00:00+08:00,5.590744972229004,5.70167312543401,5.568560178366606,5.590744972229004,402557,0.0,0.0
2012-08-30 00:00:00+08:00,5.590744624509866,5.6573013927535385,5.5463738441467285,5.5463738441467285,343233,0.0,0.0
2012-08-31 00:00:00+08:00,5.568560466110311,5.657302036941447,5.568560466110311,5.612931251525879,262721,0.0,0.0
2012-09-03 00:00:00+08:00,5.6351150856877155,5.746042616245612,5.612929699115909,5.6573004722595215,754265,0.0,0.0
2012-09-04 00:00:00+08:00,5.6794867515563965,5.746043519432348,5.6794867515563965,5.6794867515563965,487306,0.0,0.0
2012-09-05 00:00:00+08:00,5.6794867515563965,5.701672739314355,5.6573013614974,5.6794867515563965,271196,0.0,0.0
2012-09-06 00:00:00+08:00,5.679487404449801,5.856971740722656,5.657302011840451,5.856971740722656,985913,0.0,0.0
2012-09-07 00:00:00+08:00,5.945713908859084,6.034455479296481,5.790414965195578,5.856971740722656,937888,0.0,0.0
2012-09-10 00:00:00+08:00,5.8569708506637115,5.901342226838511,5.790414085250982,5.834785461425781,593242,0.0,0.0
2012-09-11 00:00:00+08:00,5.8347861368130545,5.856971528618985,5.746043971890325,5.768229961395264,463294,0.0,0.0
2012-09-12 00:00:00+08:00,5.790414755502185,5.812600745007124,5.768229961395264,5.768229961395264,567818,0.0,0.0
2012-09-13 00:00:00+08:00,5.768229961395264,5.812600745007124,5.768229961395264,5.768229961395264,377132,0.0,0.0
2012-09-14 00:00:00+08:00,5.790414299550341,5.8126002873083,5.6573013614974,5.6794867515563965,735903,0.0,0.0
2012-09-17 00:00:00+08:00,5.701671843102,5.746042616245612,5.657300472259521,5.6573004722595215,988738,0.0,0.0
2012-09-18 00:00:00+08:00,5.638368378101953,5.828692890469584,5.638368378101953,5.709739685058594,608454,0.272298,1.04
2012-09-19 00:00:00+08:00,5.709739916415973,5.709739916415973,5.638368606567383,5.638368606567383,301510,0.0,0.0
2012-09-20 00:00:00+08:00,5.638368442943598,5.638368442943598,5.543205261230469,5.543205261230469,301510,0.0,0.0
2012-09-21 00:00:00+08:00,5.543205261230469,5.614577185297845,5.543205261230469,5.543205261230469,165695,0.0,0.0
2012-09-24 00:00:00+08:00,5.590787410736084,5.614577436867865,5.566996768314315,5.590787410736084,78773,0.0,0.0
2012-09-25 00:00:00+08:00,5.614577185297845,5.614577185297845,5.543205261230469,5.543205261230469,137173,0.0,0.0
2012-09-26 00:00:00+08:00,5.543204366920137,5.614576279472759,5.543204366920137,5.566995620727539,44819,0.0,0.0
2012-09-27 00:00:00+08:00,5.519414345692458,5.638367533280161,5.519414345692458,5.566995620727539,118159,0.0,0.0
2012-09-28 00:00:00+08:00,5.566997143457614,5.566997143457614,5.519415855407715,5.519415855407715,137173,0.0,0.0
2012-10-01 00:00:00+08:00,5.519415236164638,5.543205261230469,5.495624594808845,5.543205261230469,84205,0.0,0.0
2012-10-02 00:00:00+08:00,5.590787322475004,5.685949274369784,5.5432054220926466,5.638368606567383,162978,0.0,0.0
2012-10-03 00:00:00+08:00,5.685949701736168,5.685949701736168,5.590787742688842,5.614577770233154,76056,0.0,0.0
2012-10-04 00:00:00+08:00,5.614577185297845,5.614577185297845,5.543205261230469,5.543205261230469,36670,0.0,0.0
2012-10-05 00:00:00+08:00,5.590787410736084,5.590787410736084,5.543205509602557,5.590787410736084,62475,0.0,0.0
2012-10-08 00:00:00+08:00,5.543204366920137,5.614576279472759,5.495623708174918,5.566995620727539,126308,0.0,0.0
2012-10-09 00:00:00+08:00,5.543205261230469,5.566996518876222,5.471833953453054,5.543205261230469,145322,0.0,0.0
2012-10-11 00:00:00+08:00,5.471833310353039,5.471833310353039,5.424252033233643,5.424252033233643,127666,0.0,0.0
2012-10-12 00:00:00+08:00,5.471834076242716,5.471834076242716,5.4004621505737305,5.4004621505737305,119517,0.0,0.0
2012-10-15 00:00:00+08:00,5.424252792463392,5.448043434353054,5.4004621505737305,5.4004621505737305,21730,0.0,0.0
2012-10-16 00:00:00+08:00,5.400462434215849,5.424253077355039,5.352881764227477,5.37667179107666,77414,0.0,0.0
2012-10-17 00:00:00+08:00,5.448043720494228,5.448043720494228,5.37667179107666,5.37667179107666,38028,0.0,0.0
2012-10-18 00:00:00+08:00,5.4004621505737305,5.448043434353054,5.4004621505737305,5.4004621505737305,44819,0.0,0.0
2012-10-19 00:00:00+08:00,5.400462098611123,5.424252740271874,5.35288143157959,5.35288143157959,149397,0.0,0.0
2012-10-22 00:00:00+08:00,5.352880757071132,5.352880757071132,5.329090118408203,5.329090118408203,71982,0.0,0.0
2012-10-23 00:00:00+08:00,5.32909053890406,5.4004618442345595,5.305299282073975,5.305299282073975,44819,0.0,0.0
2012-10-24 00:00:00+08:00,5.2815088410823465,5.329090118408203,5.2815088410823465,5.329090118408203,61117,0.0,0.0
2012-10-25 00:00:00+08:00,5.352880757071132,5.376670779444169,5.329090118408203,5.329090118408203,196932,0.0,0.0
2012-10-26 00:00:00+08:00,5.329090456459731,5.329090456459731,5.138765335083008,5.138765335083008,294720,0.0,0.0
2012-10-29 00:00:00+08:00,5.257718933666708,5.257718933666708,5.13876572380797,5.186347007751465,118159,0.0,0.0
2012-10-30 00:00:00+08:00,5.543205261230469,5.543205261230469,5.543205261230469,5.543205261230469,169769,0.0,0.0
2012-10-31 00:00:00+08:00,5.923854547576077,5.923854547576077,5.6383681011904185,5.733530044555664,1158507,0.0,0.0
2012-11-01 00:00:00+08:00,5.70973901015731,5.757320286697514,5.6145764570768995,5.685948371887207,418312,0.0,0.0
2012-11-02 00:00:00+08:00,5.70973901015731,5.757320286697514,5.685948371887207,5.685948371887207,267556,0.0,0.0
2012-11-05 00:00:00+08:00,5.685949609512918,5.757321539858315,5.638368938906002,5.662158966064453,150755,0.0,0.0
2012-11-06 00:00:00+08:00,5.685948371887207,5.70973901015731,5.6621577336171045,5.685948371887207,152113,0.0,0.0
2012-11-07 00:00:00+08:00,5.685949274369784,5.685949274369784,5.638368606567383,5.638368606567383,80131,0.0,0.0
2012-11-08 00:00:00+08:00,5.638367711636883,5.70973901015731,5.6145764570768995,5.685948371887207,80131,0.0,0.0
2012-11-09 00:00:00+08:00,5.638368938906002,5.757321539858315,5.638368938906002,5.662158966064453,181993,0.0,0.0
2012-11-12 00:00:00+08:00,5.709740252961383,5.709740252961383,5.662158966064452,5.662158966064453,120875,0.0,0.0
2012-11-13 00:00:00+08:00,5.685948371887207,5.685948371887207,5.638367711636883,5.685948371887207,171127,0.0,0.0
2012-11-14 00:00:00+08:00,5.709740252961383,5.709740252961383,5.638368938906002,5.662158966064453,191500,0.0,0.0
2012-11-15 00:00:00+08:00,5.614577679167522,5.662158966064452,5.614577679167522,5.662158966064453,12223,0.0,0.0
2012-11-16 00:00:00+08:00,5.662158966064452,5.662158966064452,5.614577679167522,5.662158966064453,107294,0.0,0.0
2012-11-19 00:00:00+08:00,5.662158721711404,5.662158721711404,5.590787410736084,5.590787410736084,84205,0.0,0.0
2012-11-20 00:00:00+08:00,5.614577436867865,5.709740006554943,5.566996768314315,5.590787410736084,380283,0.0,0.0
2012-11-21 00:00:00+08:00,5.614576279472759,5.638367533280161,5.543204366920137,5.566995620727539,240393,0.0,0.0
2012-11-22 00:00:00+08:00,5.614576279472759,5.614576279472759,5.543204366920137,5.566995620727539,105936,0.0,0.0
2012-11-23 00:00:00+08:00,5.614577348231215,5.638368606567383,5.614577348231215,5.638368606567383,76056,0.0,0.0
2012-11-26 00:00:00+08:00,5.6621577336171045,5.685948371887207,5.6145764570768995,5.685948371887207,177918,0.0,0.0
2012-11-27 00:00:00+08:00,5.685949609512918,5.709740252961383,5.662158966064452,5.662158966064453,135815,0.0,0.0
2012-11-28 00:00:00+08:00,5.6621577336171045,5.70973901015731,5.6621577336171045,5.685948371887207,101861,0.0,0.0
2012-11-29 00:00:00+08:00,5.709739685058594,5.709739685058594,5.638368378101953,5.709739685058594,118159,0.0,0.0
2012-11-30 00:00:00+08:00,5.709741101714274,6.090390220893176,5.685950454729329,5.947647571563721,836624,0.0,0.0
2012-12-03 00:00:00+08:00,5.947646369023314,5.947646369023314,5.852483184034246,5.900064468383789,138531,0.0,0.0
2012-12-04 00:00:00+08:00,5.900063687038158,6.019016265869141,5.900063687038158,6.019016265869141,302868,0.0,0.0
2012-12-05 00:00:00+08:00,6.019018279938342,6.019018279938342,5.923856308288669,5.947647571563721,226812,0.0,0.0
2012-12-06 00:00:00+08:00,5.923856308288669,5.995228249243503,5.876275630608887,5.947647571563721,130383,0.0,0.0
2012-12-07 00:00:00+08:00,5.947645548730336,5.971435571334031,5.8762736320495605,5.8762736320495605,58400,0.0,0.0
2012-12-10 00:00:00+08:00,5.876274162091778,5.923854827880859,5.876274162091778,5.923854827880859,63833,0.0,0.0
2012-12-11 00:00:00+08:00,6.019016809870591,6.019016809870591,5.82869291305542,5.82869291305542,183351,0.0,0.0
2012-12-12 00:00:00+08:00,5.8524829379398495,5.876274195404191,5.804902271881034,5.82869291305542,44819,0.0,0.0
2012-12-13 00:00:00+08:00,5.804901715368785,5.8762736320495605,5.804901715368785,5.8762736320495605,82847,0.0,0.0
2012-12-14 00:00:00+08:00,5.852484226226807,5.852484226226807,5.828694196105561,5.852484226226807,88280,0.0,0.0
2012-12-17 00:00:00+08:00,5.804902076721191,5.876273997844835,5.804902076721191,5.804902076721191,92354,0.0,0.0
2012-12-18 00:00:00+08:00,5.804902076721191,5.876273997844835,5.804902076721191,5.804902076721191,153471,0.0,0.0
2012-12-19 00:00:00+08:00,5.900063654653255,5.923854293546847,5.828692354262377,5.8762736320495605,176560,0.0,0.0
2012-12-20 00:00:00+08:00,5.8762736320495605,5.900063654653255,5.804901715368785,5.8762736320495605,252617,0.0,0.0
2012-12-21 00:00:00+08:00,5.900065519049481,5.900065519049481,5.804903549694224,5.852484226226807,74698,0.0,0.0
2012-12-24 00:00:00+08:00,5.852482741180352,5.876273997844835,5.804902076721191,5.804902076721191,111368,0.0,0.0
2012-12-25 00:00:00+08:00,5.757321357727051,5.7811113841329105,5.733530715031195,5.757321357727051,494369,0.0,0.0
2012-12-26 00:00:00+08:00,5.781111240386963,5.80490249878125,5.757321214572637,5.781111240386963,101861,0.0,0.0
2012-12-27 00:00:00+08:00,5.781110708093325,5.781110708093325,5.733530044555664,5.733530044555664,122234,0.0,0.0
2012-12-28 00:00:00+08:00,5.757321357727051,5.7811113841329105,5.733530715031195,5.757321357727051,133099,0.0,0.0
2013-01-02 00:00:00+08:00,5.781110820056708,5.804902076721191,5.757320795972095,5.804902076721191,221379,0.0,0.0
2013-01-03 00:00:00+08:00,5.8524829379398495,5.876274195404191,5.804902271881034,5.82869291305542,205081,0.0,0.0
2013-01-04 00:00:00+08:00,5.828693140885557,5.876274425094169,5.781111240386963,5.781111240386963,187425,0.0,0.0
2013-01-07 00:00:00+08:00,5.757320989532264,5.8524829379398495,5.757320989532264,5.82869291305542,129024,0.0,0.0
2013-01-08 00:00:00+08:00,5.828692717095739,5.828692717095739,5.804902076721191,5.804902076721191,122234,0.0,0.0
2013-01-09 00:00:00+08:00,5.781111014416694,5.82869291305542,5.781111014416694,5.82869291305542,123592,0.0,0.0
2013-01-10 00:00:00+08:00,5.828694196105561,5.947647428162249,5.828694196105561,5.852484226226807,605737,0.0,0.0
2013-01-11 00:00:00+08:00,5.852484226226807,5.876275488928236,5.828694196105561,5.852484226226807,127666,0.0,0.0
2013-01-14 00:00:00+08:00,5.900065519049481,5.900065519049481,5.804903549694224,5.852484226226807,78773,0.0,0.0
2013-01-15 00:00:00+08:00,5.852484226226807,5.876275488928236,5.828694196105561,5.852484226226807,202365,0.0,0.0
2013-01-16 00:00:00+08:00,5.828692717095739,5.852482741180352,5.804902076721191,5.804902076721191,63833,0.0,0.0
2013-01-17 00:00:00+08:00,5.828692717095739,5.852482741180352,5.757320795972095,5.804902076721191,699450,0.0,0.0
2013-01-18 00:00:00+08:00,5.828692717095739,5.828692717095739,5.781110820056708,5.804902076721191,55684,0.0,0.0
2013-01-21 00:00:00+08:00,5.852482904762308,5.923854827880859,5.828692880012744,5.923854827880859,418312,0.0,0.0
2013-01-22 00:00:00+08:00,5.947646299027942,6.137970201606307,5.947646299027942,6.066598892211914,1037631,0.0,0.0
2013-01-23 00:00:00+08:00,6.090389824403214,6.16176176071167,5.995227858948674,6.16176176071167,980589,0.0,0.0
2013-01-24 00:00:00+08:00,6.161760274310409,6.185551530297464,6.114179611206054,6.114179611206055,454982,0.0,0.0
2013-01-25 00:00:00+08:00,6.090389728546143,6.13797101866956,6.090389728546143,6.090389728546143,146680,0.0,0.0
2013-01-28 00:00:00+08:00,6.114181086923861,6.494830181371617,6.114181086923861,6.280714988708496,749702,0.0,0.0
2013-01-29 00:00:00+08:00,6.233133268355925,6.304505199755999,6.185552597045898,6.185552597045898,225454,0.0,0.0
2013-01-30 00:00:00+08:00,6.280713444804821,6.280713444804821,6.137969607258168,6.209341526031494,176560,0.0,0.0
2013-01-31 00:00:00+08:00,6.233133268355925,6.233133268355925,6.137970693155824,6.185552597045898,255333,0.0,0.0
2013-02-01 00:00:00+08:00,6.185551224774362,6.3520850781387885,6.185551224774362,6.2331318855285645,370776,0.0,0.0
2013-02-04 00:00:00+08:00,6.256922023480105,6.328293940366236,6.185551339173772,6.304503917694092,328673,0.0,0.0
2013-02-05 00:00:00+08:00,6.256923726979186,6.280714988708495,6.18555302324159,6.280714988708496,156188,0.0,0.0
2013-02-06 00:00:00+08:00,6.256923295865925,6.280714555955974,6.114180665645824,6.185552597045898,321883,0.0,0.0
2013-02-18 00:00:00+08:00,6.233132165622603,6.233132165622603,6.209341526031495,6.209341526031494,148039,0.0,0.0
2013-02-19 00:00:00+08:00,6.185551530297464,6.233132193401819,6.114179611206054,6.114179611206055,158904,0.0,0.0
2013-02-20 00:00:00+08:00,6.137970693155824,6.185552597045898,6.090389405555775,6.185552597045898,161620,0.0,0.0
2013-02-21 00:00:00+08:00,6.185551868992704,6.185551868992704,6.137969970703125,6.137969970703125,116801,0.0,0.0
2013-02-22 00:00:00+08:00,6.114179611206054,6.137969634613273,6.019016436127591,6.114179611206055,202365,0.0,0.0
2013-02-25 00:00:00+08:00,6.16176176071167,6.16176176071167,6.137971115275518,6.16176176071167,81489,0.0,0.0
2013-02-26 00:00:00+08:00,6.066598304774757,6.209341526031495,6.066598304774757,6.209341526031494,354478,0.0,0.0
2013-02-27 00:00:00+08:00,6.185552597045898,6.185552597045898,6.161761336955849,6.185552597045898,118159,0.0,0.0
2013-03-01 00:00:00+08:00,6.185552597045898,6.2093426245559,6.161761336955849,6.185552597045898,194216,0.0,0.0
2013-03-04 00:00:00+08:00,6.1855530224378885,6.1855530224378885,6.16176176071167,6.16176176071167,95070,0.0,0.0
2013-03-05 00:00:00+08:00,6.2093426245559,6.2093426245559,6.161761336955849,6.185552597045898,70624,0.0,0.0
2013-03-06 00:00:00+08:00,6.185552597045898,6.280714555955974,6.185552597045898,6.185552597045898,135815,0.0,0.0
2013-03-07 00:00:00+08:00,6.233133268355925,6.233133268355925,6.185552597045898,6.185552597045898,96429,0.0,0.0
2013-03-08 00:00:00+08:00,6.233133646583525,6.280714937070816,6.185552972386296,6.256923675537109,120875,0.0,0.0
2013-03-11 00:00:00+08:00,6.233133697830009,6.280714988708495,6.233133697830009,6.280714988708496,90996,0.0,0.0
2013-03-12 00:00:00+08:00,6.256923675537109,6.280714937070816,6.233133646583525,6.256923675537109,57913,0.0,0.0
2013-03-13 00:00:00+08:00,6.280713278732048,6.328293940366236,6.280713278732048,6.304503917694092,127666,0.0,0.0
2013-03-14 00:00:00+08:00,6.328293823326856,6.328293823326856,6.2331318855285645,6.2331318855285645,92896,0.0,0.0
2013-03-15 00:00:00+08:00,6.2807131625726536,6.2807131625726536,6.2331318855285645,6.2331318855285645,129024,0.0,0.0
2013-03-18 00:00:00+08:00,6.256923675537109,6.256923675537109,6.20934300133988,6.256923675537109,51612,0.0,0.0
2013-03-19 00:00:00+08:00,6.304505212073298,6.4948297465553155,6.304505212073298,6.447248458862305,330068,0.0,0.0
2013-03-20 00:00:00+08:00,6.494829177856445,6.566200486856537,6.471038536093091,6.494829177856445,353632,0.0,0.0
2013-03-21 00:00:00+08:00,6.566199920271171,6.566199920271171,6.399666058587566,6.542409896850586,262124,0.0,0.0
2013-03-22 00:00:00+08:00,6.518619340027378,6.708943843841553,6.494828700014366,6.708943843841553,340905,0.0,0.0
2013-03-25 00:00:00+08:00,6.732734483854565,6.851687067629702,6.708943843841553,6.708943843841553,542496,0.0,0.0
2013-03-26 00:00:00+08:00,6.756525441140298,6.804106107110689,6.471038363868179,6.589991569519043,276111,0.0,0.0
2013-03-27 00:00:00+08:00,6.589992470695537,6.613782498789024,6.518620537544961,6.566201210021973,203460,0.0,0.0
2013-03-28 00:00:00+08:00,6.566199730186109,6.851686782157662,6.566199730186109,6.732734203338623,321390,0.0,0.0
2013-03-29 00:00:00+08:00,7.06580448141417,7.1847570930287485,6.851688671185802,6.9468512535095215,2537247,0.0,0.0
2013-04-01 00:00:00+08:00,7.042011843987071,7.042011843987071,6.8516867331734455,6.899268627166748,823378,0.0,0.0
2013-04-02 00:00:00+08:00,6.994429537075987,6.994429537075987,6.851685724970057,6.875476360321045,250562,0.0,0.0
2013-04-03 00:00:00+08:00,6.9468496266733775,6.9468496266733775,6.851687066635141,6.923058986663818,317808,0.0,0.0
2013-04-08 00:00:00+08:00,6.780316210215015,6.899269418110526,6.5899916938721645,6.80410623550415,360184,0.0,0.0
2013-04-09 00:00:00+08:00,6.80410714340143,6.899270338705784,6.66136450746007,6.756526470184326,131741,0.0,0.0
2013-04-10 00:00:00+08:00,6.756526470184326,6.851688432908583,6.756526470184326,6.756526470184326,105470,0.0,0.0
2013-04-11 00:00:00+08:00,6.780317114937903,6.899270338705784,6.756526470184326,6.756526470184326,175646,0.0,0.0
2013-04-12 00:00:00+08:00,6.756526422950768,7.042013541707849,6.756526422950768,6.851688385009766,383662,0.0,0.0
2013-04-15 00:00:00+08:00,6.851687518662355,6.923059443399661,6.80410623550415,6.80410623550415,230606,0.0,0.0
2013-04-16 00:00:00+08:00,6.708944285477709,6.80410623550415,6.5899916938721645,6.80410623550415,256266,0.0,0.0
2013-04-17 00:00:00+08:00,6.7089439547877605,6.82789715681996,6.7089439547877605,6.78031587600708,171561,0.0,0.0
2013-04-18 00:00:00+08:00,6.780317067538029,6.89927029047433,6.780317067538029,6.851688385009766,156389,0.0,0.0
2013-04-19 00:00:00+08:00,6.899270578637732,6.946851253509521,6.851688671185802,6.9468512535095215,239459,0.0,0.0
2013-04-22 00:00:00+08:00,6.970641756628048,6.994432401722757,6.8278985023498535,6.8278985023498535,318400,0.0,0.0
2013-04-23 00:00:00+08:00,6.875479029597026,6.875479029597026,6.851688385009765,6.851688385009766,48952,0.0,0.0
2013-04-24 00:00:00+08:00,6.9230603187715465,6.9230603187715465,6.851688385009765,6.851688385009766,214698,0.0,0.0
2013-04-25 00:00:00+08:00,6.851685724970057,6.923057631023022,6.851685724970057,6.875476360321045,150504,0.0,0.0
2013-04-26 00:00:00+08:00,6.875479077662159,6.946851011922887,6.756526470184326,6.756526470184326,568279,0.0,0.0
2013-04-29 00:00:00+08:00,6.80410714340143,6.8278984044450555,6.756526470184326,6.756526470184326,175206,0.0,0.0
2013-04-30 00:00:00+08:00,6.756526470184326,6.8278984044450555,6.7089451806771745,6.756526470184326,161031,0.0,0.0
2013-05-02 00:00:00+08:00,6.732734203338623,6.780315481382199,6.732734203338623,6.732734203338623,176287,0.0,0.0
2013-05-03 00:00:00+08:00,6.756524842360411,6.780315481382199,6.708943564316836,6.732734203338623,169847,0.0,0.0
2013-05-06 00:00:00+08:00,6.661364403846114,6.7089450763231255,6.542411181928486,6.566201210021973,780327,0.0,0.0
2013-05-07 00:00:00+08:00,6.566201210021973,6.661364403846114,6.518620537544961,6.566201210021973,187462,0.0,0.0
2013-05-08 00:00:00+08:00,6.5662013079722445,6.661364503215967,6.5662013079722445,6.6375732421875,247515,0.0,0.0
2013-05-09 00:00:00+08:00,6.756526465879594,6.756526465879594,6.6375732421875,6.6375732421875,169984,0.0,0.0
2013-05-10 00:00:00+08:00,6.518619340027378,6.708943843841553,6.518619340027378,6.708943843841553,145492,0.0,0.0
2013-05-13 00:00:00+08:00,6.6851541054533685,6.732735391896669,6.6613640785217285,6.6613640785217285,59920,0.0,0.0
2013-05-14 00:00:00+08:00,7.11338472366333,7.11338472366333,7.04201340755128,7.11338472366333,6695272,0.0,0.0
2013-05-15 00:00:00+08:00,7.5891947746276855,7.5891947746276855,7.375079656215628,7.5891947746276855,5172139,0.0,0.0
2013-05-16 00:00:00+08:00,8.112588882446289,8.112588882446289,8.088798855862342,8.112588882446289,3120190,0.0,0.0
2013-05-17 00:00:00+08:00,8.659772872924805,8.659772872924805,8.659772872924805,8.659772872924805,1561070,0.0,0.0
2013-05-20 00:00:00+08:00,9.254535675048828,9.254535675048828,9.135582481247093,9.254535675048828,3552286,0.0,0.0
2013-05-21 00:00:00+08:00,9.754139323866465,9.873092535563734,8.945259333195006,9.349699020385742,10663801,0.0,0.0
2013-05-22 00:00:00+08:00,9.706558402756617,9.754139069906723,9.230746184645827,9.611395835876465,5186518,0.0,0.0
2013-05-23 00:00:00+08:00,9.516232248005467,9.540022887173022,8.945258140563965,8.945258140563965,4969123,0.0,0.0
2013-05-24 00:00:00+08:00,8.945258933166379,9.088002780819648,8.421866057684309,8.826306343078613,3530603,0.0,0.0
2013-05-27 00:00:00+08:00,8.635981664361006,8.850097447034825,8.635981664361006,8.707353591918945,1824338,0.0,0.0
2013-05-28 00:00:00+08:00,8.850097331981035,9.302118301391602,8.850097331981035,9.302118301391602,4015173,0.0,0.0
2013-05-29 00:00:00+08:00,9.492442953688501,9.587604907550972,9.159375190734863,9.159375190734863,3872754,0.0,0.0
2013-05-30 00:00:00+08:00,9.064211336401739,9.278326472619826,8.945258140563965,8.945258140563965,1543842,0.0,0.0
2013-05-31 00:00:00+08:00,9.08800352094862,9.135584191084732,8.826307061894969,8.89767837524414,1492823,0.0,0.0
2013-06-03 00:00:00+08:00,8.850098419001442,9.373491379328252,8.731145193340776,9.20695686340332,2527529,0.0,0.0
2013-06-04 00:00:00+08:00,9.302118749534317,9.325909392890493,8.921469688415527,8.921469688415527,1791027,0.0,0.0
2013-06-05 00:00:00+08:00,8.96904946345344,9.06421202737802,8.73114366993194,8.754934310913086,1291139,0.0,0.0
2013-06-06 00:00:00+08:00,8.68356387114378,9.088003575618746,8.68356387114378,8.921469688415527,1473816,0.0,0.0
2013-06-07 00:00:00+08:00,9.040422561824922,9.040422561824922,8.612192201066067,8.659772872924805,1135147,0.0,0.0
2013-06-10 00:00:00+08:00,8.707354240529765,8.826307461987158,8.231542587280273,8.231542587280273,1821743,0.0,0.0
2013-06-11 00:00:00+08:00,8.326704359065218,8.683563372631005,8.279122458794474,8.350494384765625,1672790,0.0,0.0
2013-06-13 00:00:00+08:00,8.350494145849538,8.897677663392946,8.350494145849538,8.612191200256348,2367623,0.0,0.0
2013-06-14 00:00:00+08:00,8.802515374097306,8.802515374097306,8.398075103759766,8.398075103759766,938995,0.0,0.0
2013-06-17 00:00:00+08:00,8.398074441588472,8.659770848952666,8.398074441588472,8.588398933410645,744344,0.0,0.0
2013-06-18 00:00:00+08:00,8.707354301645722,8.707354301645722,8.517029762268066,8.517029762268066,731922,0.0,0.0
2013-06-19 00:00:00+08:00,8.564610574825922,9.111793518066406,8.540819931690683,9.111793518066406,2113968,0.0,0.0
2013-06-20 00:00:00+08:00,9.49244303173489,9.51623367446861,8.897678195971853,8.992840766906738,7185563,0.0,0.0
2013-06-21 00:00:00+08:00,8.46944696668294,8.683562728719078,8.37428502206792,8.56460952758789,2120105,0.0,0.0
2013-06-24 00:00:00+08:00,8.564609698731848,8.683562902240043,8.469447135925293,8.469447135925293,869220,0.0,0.0
2013-06-25 00:00:00+08:00,8.51702884447548,8.635981437659451,8.088798522949219,8.088798522949219,1174805,0.0,0.0
2013-06-26 00:00:00+08:00,8.42186620271146,8.469447486081915,8.231541685519613,8.279122352600098,1539368,0.0,0.0
2013-06-27 00:00:00+08:00,8.421866416931152,8.540819628382998,8.350494490060045,8.421866416931152,700037,0.0,0.0
2013-06-28 00:00:00+08:00,8.517028769452368,8.517028769452368,8.279122352600098,8.279122352600098,738234,0.0,0.0
2013-07-01 00:00:00+08:00,8.3504939324171,8.469447135925293,8.255331985900488,8.469447135925293,465874,0.0,0.0
2013-07-02 00:00:00+08:00,8.517029269395913,9.016631541532043,8.46944798323247,8.85009765625,2419067,0.0,0.0
2013-07-03 00:00:00+08:00,8.826307581870473,8.826307581870473,8.659773069568171,8.80251693725586,768784,0.0,0.0
2013-07-04 00:00:00+08:00,9.040421978044284,9.254537144597334,8.921469381643698,9.159375190734863,3812946,0.0,0.0
2013-07-05 00:00:00+08:00,9.278325875660949,9.682766099198163,9.278325875660949,9.373488426208496,5566500,0.0,0.0
2013-07-08 00:00:00+08:00,9.611394767261455,9.706557323561235,9.32590771465202,9.540022850036621,6380392,0.0,0.0
2013-07-09 00:00:00+08:00,9.754138605166226,10.206159543730257,9.54002345617747,9.944463729858398,10220620,0.0,0.0
2013-07-10 00:00:00+08:00,10.182370575325171,10.32511381735655,9.77793025970459,9.77793025970459,6122368,0.0,0.0
2013-07-11 00:00:00+08:00,9.801720405957003,10.087207491839825,9.563814603769647,9.658976554870605,3178691,0.0,0.0
2013-07-12 00:00:00+08:00,9.801719390310923,10.063415807229246,9.706557449070568,10.03962516784668,4509080,0.0,0.0
2013-07-15 00:00:00+08:00,10.681970988407882,10.729552268981934,10.372693280966466,10.729552268981934,6507001,0.0,0.0
2013-07-16 00:00:00+08:00,11.157784800635696,11.419481280018498,10.777135712237106,10.896089553833008,7050611,0.0,0.0
2013-07-17 00:00:00+08:00,10.896088390960477,11.038831013513335,10.634390706926947,10.753344535827637,3593669,0.0,0.0
2013-07-18 00:00:00+08:00,10.943667990613239,11.181574405990885,10.681971549987793,10.681971549987793,6230767,0.0,0.0
2013-07-19 00:00:00+08:00,10.65818109858423,10.65818109858423,9.944463729858398,9.944463729858398,4509467,0.0,0.0
2013-07-22 00:00:00+08:00,9.944464758249005,10.372694484221253,9.849302186061836,10.229951858520508,2874670,0.0,0.0
2013-07-23 00:00:00+08:00,10.467857161099097,10.610601020807454,10.277532631111297,10.301323890686035,2845164,0.0,0.0
2013-07-24 00:00:00+08:00,10.30132459756874,10.396486560947702,10.13478946685791,10.13478946685791,1103067,0.0,0.0
2013-07-25 00:00:00+08:00,10.22995080060672,10.396484668422431,9.944463729858398,9.944463729858398,1791650,0.0,0.0
2013-07-26 00:00:00+08:00,9.99204432501252,10.08720626453518,9.611394718052187,9.706557273864746,2028135,0.0,0.0
2013-07-29 00:00:00+08:00,9.516234176798926,9.873093220352148,9.516234176798926,9.825511932373047,1004365,0.0,0.0
2013-07-30 00:00:00+08:00,9.89688230393698,9.944464203667026,9.611395835876465,9.611395835876465,1384563,0.0,0.0
2013-07-31 00:00:00+08:00,9.682767761036578,9.801720353346798,9.587604577866456,9.611395835876465,1134643,0.0,0.0
2013-08-01 00:00:00+08:00,9.658976754508652,9.706558655477545,9.230746424978461,9.349699020385742,1792245,0.0,0.0
2013-08-02 00:00:00+08:00,9.46865223208301,9.46865223208301,9.206955782639008,9.349699020385742,1643517,0.0,0.0
2013-08-05 00:00:00+08:00,9.349699668872075,9.849302576362598,9.349699668872075,9.825511932373047,1575309,0.0,0.0
2013-08-06 00:00:00+08:00,9.89688230393698,9.89688230393698,9.587604577866456,9.611395835876465,1234578,0.0,0.0
2013-08-07 00:00:00+08:00,9.61139544471162,9.801719954436122,9.516232881704397,9.563814163208008,855909,0.0,0.0
2013-08-08 00:00:00+08:00,9.658976968492356,9.682768227648863,9.468652441850288,9.492443084716797,679227,0.0,0.0
2013-08-09 00:00:00+08:00,9.516234298604854,9.587605615197013,9.421071721428591,9.444862365722656,787041,0.0,0.0
2013-08-12 00:00:00+08:00,9.563813986240111,10.087206840515137,9.51623270561694,10.087206840515137,3064061,0.0,0.0
2013-08-13 00:00:00+08:00,10.325114349509455,10.681972781125268,10.11099916728196,10.396486282348633,4396780,0.0,0.0
2013-08-14 00:00:00+08:00,10.372694895262612,10.372694895262612,9.754140000404398,9.825511932373047,3146459,0.0,0.0
2013-08-15 00:00:00+08:00,9.325908154380071,9.635185860647278,9.325908154380071,9.421070098876953,2377156,0.0,0.0
2013-08-16 00:00:00+08:00,9.25453708954646,9.373490301529442,8.945259354680694,9.135583877563477,2272682,0.0,0.0
2013-08-19 00:00:00+08:00,9.135584007019068,9.18316529248651,8.969050124173016,8.992840766906738,923682,0.0,0.0
2013-08-20 00:00:00+08:00,9.04042197089934,9.04042197089934,8.707353591918945,8.707353591918945,1781980,0.0,0.0
2013-08-22 00:00:00+08:00,8.659772306880319,8.754934876957572,8.58840037932238,8.707353591918945,560920,0.0,0.0
2013-08-23 00:00:00+08:00,8.754935083923117,9.088003470777204,8.754935083923117,8.85009765625,1515874,0.0,0.0
2013-08-26 00:00:00+08:00,9.0404222345225,9.0404222345225,8.850097705108029,8.89767837524414,422454,0.0,0.0
2013-08-27 00:00:00+08:00,8.897678697378616,9.088003849973692,8.659772872924805,8.659772872924805,646603,0.0,0.0
2013-08-28 00:00:00+08:00,8.540819734267304,8.61219166202324,8.350494593584807,8.49323844909668,1735928,0.0,0.0
2013-08-29 00:00:00+08:00,8.564611107399758,8.873888254809657,8.517029818170528,8.80251693725586,733784,0.0,0.0
2013-08-30 00:00:00+08:00,8.87388815488054,8.87388815488054,8.65977297205021,8.731144905090332,574307,0.0,0.0
2013-09-02 00:00:00+08:00,8.778725727004838,8.897678326123437,8.731144440841396,8.85009765625,1181671,0.0,0.0
2013-09-03 00:00:00+08:00,8.75493554943704,8.897678799227247,8.707354260743625,8.731144905090332,688683,0.0,0.0
2013-09-04 00:00:00+08:00,8.754934310913086,8.82630623385652,8.707353028950795,8.754934310913086,383517,0.0,0.0
2013-09-05 00:00:00+08:00,8.873886201886299,8.897676840997084,8.754933622622277,8.302912712097168,1067148,0.0,0.0
2013-09-06 00:00:00+08:00,8.913579823475011,9.040193110523818,8.88825716606525,8.964225769042969,954362,0.294517,1.04
2013-09-09 00:00:00+08:00,9.116161373209167,9.141484029673672,8.83761215209961,8.83761215209961,377772,0.0,0.0
2013-09-10 00:00:00+08:00,8.888255361805555,8.888255361805555,8.609706186841905,8.635028839111328,475191,0.0,0.0
2013-09-11 00:00:00+08:00,8.609707520109884,8.609707520109884,8.128577052484736,8.204545021057129,1064324,0.0,0.0
2013-09-12 00:00:00+08:00,8.204544585934231,8.305835205325534,8.204544585934231,8.255189895629883,317338,0.0,0.0
2013-09-13 00:00:00+08:00,8.28051471710205,8.407128024469976,8.229868763406344,8.28051471710205,287414,0.0,0.0
2013-09-16 00:00:00+08:00,8.280513143391689,8.457771740018813,8.204545173408636,8.407126426696777,501363,0.0,0.0
2013-09-17 00:00:00+08:00,8.50841547290863,8.736319340524807,8.457770168993925,8.685674667358398,1392381,0.0,0.0
2013-09-18 00:00:00+08:00,8.736320856318626,8.736320856318626,8.508416949160022,8.58438491821289,352598,0.0,0.0
2013-09-23 00:00:00+08:00,8.609708016593261,8.609708016593261,8.533740043640137,8.533740043640137,134313,0.0,0.0
2013-09-24 00:00:00+08:00,8.53373925316218,8.76164315091088,8.483093942551358,8.736320495605469,534685,0.0,0.0
2013-09-25 00:00:00+08:00,8.736320038098746,8.736320038098746,8.609706768202221,8.66035270690918,373102,0.0,0.0
2013-09-26 00:00:00+08:00,8.60970687866211,8.660352818018842,8.508416261445362,8.60970687866211,255115,0.0,0.0
2013-09-27 00:00:00+08:00,8.635032453895015,8.761645768244795,8.533741802415191,8.711000442504883,562653,0.0,0.0
2013-09-30 00:00:00+08:00,8.660353518014166,8.660353518014166,8.559062261861934,8.58438491821289,113813,0.0,0.0
2013-10-01 00:00:00+08:00,8.58438491821289,8.660353518014166,8.559062261861934,8.58438491821289,389164,0.0,0.0
2013-10-02 00:00:00+08:00,8.660353257191007,8.710997937619249,8.559062004089355,8.559062004089355,587011,0.0,0.0
2013-10-03 00:00:00+08:00,8.609706768202221,8.685675360888485,8.55906146024361,8.66035270690918,351292,0.0,0.0
2013-10-04 00:00:00+08:00,8.685674667358398,8.761641992482158,8.609706080738041,8.685674667358398,560351,0.0,0.0
2013-10-07 00:00:00+08:00,8.710997966480408,9.217451710673084,8.710997966480408,9.090838432312012,1871041,0.0,0.0
2013-10-08 00:00:00+08:00,9.090838546795561,9.090838546795561,8.964225266840012,9.040192604064941,398436,0.0,0.0
2013-10-09 00:00:00+08:00,9.014870194218599,9.065516138332068,8.862934254123434,8.938902854919434,301945,0.0,0.0
2013-10-11 00:00:00+08:00,9.09083864979949,9.09083864979949,8.862934112548828,8.862934112548828,403854,0.0,0.0
2013-10-14 00:00:00+08:00,8.862934786187186,8.888257444389893,8.457772254943848,8.457772254943848,483523,0.0,0.0
2013-10-15 00:00:00+08:00,8.483093498305694,8.736320038098746,8.356480228409168,8.66035270690918,1866892,0.0,0.0
2013-10-16 00:00:00+08:00,8.660352122129057,8.660352122129057,8.457770273225368,8.635028839111328,327232,0.0,0.0
2013-10-17 00:00:00+08:00,8.635030674244303,8.635030674244303,8.508417385989095,8.533740043640137,178890,0.0,0.0
2013-10-18 00:00:00+08:00,8.533738124865984,8.710996688567453,8.533738124865984,8.685674667358398,251061,0.0,0.0
2013-10-21 00:00:00+08:00,8.711000442504883,8.711000442504883,8.635032453895015,8.711000442504883,142541,0.0,0.0
2013-10-22 00:00:00+08:00,8.711000442504883,8.711000442504883,8.635032453895015,8.711000442504883,173803,0.0,0.0
2013-10-23 00:00:00+08:00,8.711000442504883,8.812291724733278,8.660355747513542,8.711000442504883,489584,0.0,0.0
2013-10-24 00:00:00+08:00,8.786965976805707,8.786965976805707,8.635029422181526,8.66035270690918,231409,0.0,0.0
2013-10-25 00:00:00+08:00,8.685675722566131,8.913578987121582,8.635029781750239,8.913578987121582,692615,0.0,0.0
2013-10-28 00:00:00+08:00,9.014870828618314,9.040193487082862,8.786967533185843,8.81229019165039,217532,0.0,0.0
2013-10-29 00:00:00+08:00,8.711000442504883,8.786969061863322,8.711000442504883,8.711000442504883,182380,0.0,0.0
2013-10-30 00:00:00+08:00,8.711000442504883,8.888259082594576,8.685678410383497,8.711000442504883,324972,0.0,0.0
2013-10-31 00:00:00+08:00,8.761642692078052,8.786965976805707,8.66035270690918,8.66035270690918,169023,0.0,0.0
2013-11-01 00:00:00+08:00,8.761643962499512,8.761643962499512,8.533740043640137,8.533740043640137,276135,0.0,0.0
2013-11-04 00:00:00+08:00,8.584383343710124,8.584383343710124,8.43244743347168,8.43244743347168,319640,0.0,0.0
2013-11-05 00:00:00+08:00,8.483096008890731,8.508418670364316,8.204546732681296,8.28051471710205,677720,0.0,0.0
2013-11-06 00:00:00+08:00,8.305837378575635,8.331160040049221,8.204546732681296,8.28051471710205,235013,0.0,0.0
2013-11-07 00:00:00+08:00,8.28051255047771,8.356480515021188,8.204544585934231,8.255189895629883,230677,0.0,0.0
2013-11-08 00:00:00+08:00,8.255189895629883,8.255189895629883,8.15389927623858,8.255189895629883,401230,0.0,0.0
2013-11-11 00:00:00+08:00,8.280513434236632,8.280513434236632,8.103254831383472,8.153900146484375,219786,0.0,0.0
2013-11-12 00:00:00+08:00,8.103252674202942,8.229865297501,8.05260737258441,8.128575325012207,308980,0.0,0.0
2013-11-13 00:00:00+08:00,8.00196468978654,8.103255326173214,7.925996081748059,7.951318740844727,224385,0.0,0.0
2013-11-14 00:00:00+08:00,8.00196557795661,8.1539015494006,8.00196557795661,8.103256225585938,163256,0.0,0.0
2013-11-15 00:00:00+08:00,8.128575848379889,8.229865827390354,8.103253195940196,8.179221153259277,194888,0.0,0.0
2013-11-18 00:00:00+08:00,8.280513883779536,8.280513883779536,8.128577930228339,8.229867935180664,201581,0.0,0.0
2013-11-19 00:00:00+08:00,8.229867046499521,8.255190333438723,8.10325439629394,8.204545021057129,252512,0.0,0.0
2013-11-20 00:00:00+08:00,8.128575325012207,8.255188579058537,8.128575325012207,8.128575325012207,237582,0.0,0.0
2013-11-21 00:00:00+08:00,8.103253798636471,8.12857645295959,8.027285835667115,8.052608489990234,165590,0.0,0.0
2013-11-22 00:00:00+08:00,8.204544415928947,8.204544415928947,8.052608489990234,8.052608489990234,95786,0.0,0.0
2013-11-25 00:00:00+08:00,8.10325439629394,8.204545021057129,8.10325439629394,8.204545021057129,160067,0.0,0.0
2013-11-26 00:00:00+08:00,8.15389927623858,8.483093789260318,8.128576621390753,8.255189895629883,915506,0.0,0.0
2013-11-27 00:00:00+08:00,8.229866610033687,8.356480515021188,8.229866610033687,8.255189895629883,140923,0.0,0.0
2013-11-28 00:00:00+08:00,8.28051471710205,8.331160040049221,8.255192055628466,8.28051471710205,203671,0.0,0.0
2013-11-29 00:00:00+08:00,8.280511946890943,8.457770517904914,8.280511946890943,8.381802558898926,430267,0.0,0.0
2013-12-02 00:00:00+08:00,8.381802558898926,8.508415823908907,8.381802558898926,8.381802558898926,268647,0.0,0.0
2013-12-03 00:00:00+08:00,8.356481295212529,8.432449266848652,8.305835980788448,8.331158638000488,98727,0.0,0.0
2013-12-04 00:00:00+08:00,8.305834599892938,8.381802558898926,8.255189293888947,8.381802558898926,172485,0.0,0.0
2013-12-05 00:00:00+08:00,8.356481295212529,8.381803952424569,8.331158638000488,8.331158638000488,300883,0.0,0.0
2013-12-06 00:00:00+08:00,8.356481036734502,8.407126349592051,8.255190411019404,8.305835723876953,452109,0.0,0.0
2013-12-09 00:00:00+08:00,8.356481295212529,8.407126609636611,8.331158638000488,8.331158638000488,153431,0.0,0.0
2013-12-10 00:00:00+08:00,8.331158380305729,8.356481036734502,8.305835723876953,8.305835723876953,167036,0.0,0.0
2013-12-11 00:00:00+08:00,8.356479905896931,8.508415823908907,8.255189293888947,8.381802558898926,351436,0.0,0.0
2013-12-12 00:00:00+08:00,8.331157252894934,8.407125211900922,8.305834599892938,8.381802558898926,54587,0.0,0.0
2013-12-13 00:00:00+08:00,8.356479478352458,8.43244743347168,8.331156826646051,8.43244743347168,180843,0.0,0.0
2013-12-16 00:00:00+08:00,8.457771218852265,8.483093873952905,8.356480598449707,8.356480598449707,125228,0.0,0.0
2013-12-17 00:00:00+08:00,8.381803952424569,8.381803952424569,8.331158638000488,8.331158638000488,104026,0.0,0.0
2013-12-18 00:00:00+08:00,8.432449266848652,8.432449266848652,8.331158638000488,8.331158638000488,179172,0.0,0.0
2013-12-19 00:00:00+08:00,8.356479905896931,8.407125211900922,8.331157252894934,8.381802558898926,205604,0.0,0.0
2013-12-20 00:00:00+08:00,8.381803952424569,8.407126609636611,8.305835980788448,8.331158638000488,323625,0.0,0.0
2013-12-23 00:00:00+08:00,8.331158638000488,8.381803952424569,8.331158638000488,8.331158638000488,79986,0.0,0.0
2013-12-24 00:00:00+08:00,8.356480576378898,8.913578987121582,8.356480576378898,8.913578987121582,3180744,0.0,0.0
2013-12-25 00:00:00+08:00,9.116160652422444,9.344064542583334,9.065515343497802,9.141483306884766,4832434,0.0,0.0
2013-12-26 00:00:00+08:00,9.116159439086914,9.166804110522529,8.93890088144329,9.116159439086914,1030266,0.0,0.0
2013-12-27 00:00:00+08:00,9.141483662171147,9.141483662171147,8.989547729492188,8.989547729492188,580844,0.0,0.0
2013-12-30 00:00:00+08:00,9.014870050216999,9.065515993521462,8.862934112548828,8.862934112548828,867392,0.0,0.0
2013-12-31 00:00:00+08:00,8.862933418702436,8.938902012337627,8.837611395155182,8.888256072998047,522161,0.0,0.0
2014-01-02 00:00:00+08:00,8.964225368409348,8.989548024687377,8.837612087019206,8.862934112548828,557800,0.0,0.0
2014-01-03 00:00:00+08:00,8.862934877831025,8.888257536295573,8.710998927043738,8.81229019165039,661419,0.0,0.0
2014-01-06 00:00:00+08:00,8.862934877831025,8.91358019476012,8.761644243972833,8.81229019165039,439102,0.0,0.0
2014-01-07 00:00:00+08:00,8.761643627393326,8.938902854919434,8.761643627393326,8.938902854919434,281526,0.0,0.0
2014-01-08 00:00:00+08:00,8.93890224343706,9.217451447890177,8.913578957738402,9.065515518188477,870492,0.0,0.0
2014-01-09 00:00:00+08:00,9.116161422845831,9.394710645472065,9.090838766243447,9.217452049255371,2059301,0.0,0.0
2014-01-10 00:00:00+08:00,9.217451847609805,9.571969032287598,9.141483879464564,9.571969032287598,1811741,0.0,0.0
2014-01-13 00:00:00+08:00,9.850519211827883,9.875841870351893,9.268098065775636,9.318742752075195,936086,0.0,0.0
2014-01-14 00:00:00+08:00,9.318742044916496,9.394710645472065,9.166806105302188,9.217452049255371,492995,0.0,0.0
2014-01-15 00:00:00+08:00,9.217451206657454,9.369387132382794,9.116160589507228,9.166805267333984,460847,0.0,0.0
2014-01-16 00:00:00+08:00,9.268095345638592,9.318740017074209,9.090836787994968,9.116159439086914,544699,0.0,0.0
2014-01-17 00:00:00+08:00,9.116161006724655,9.116161006724655,8.837611796813228,8.989547729492188,495361,0.0,0.0
2014-01-20 00:00:00+08:00,9.014869403824799,9.242773924734049,9.014869403824799,9.141483306884766,418691,0.0,0.0
2014-01-21 00:00:00+08:00,9.166804110522529,9.192126761614476,9.06551413690302,9.116159439086914,164242,0.0,0.0
2014-01-22 00:00:00+08:00,9.217451826751109,9.217451826751109,9.014869948073832,9.040192604064941,159062,0.0,0.0
2014-01-23 00:00:00+08:00,9.014870194218599,9.090838795014596,8.938902854919434,8.938902854919434,220546,0.0,0.0
2014-01-24 00:00:00+08:00,8.913578727293658,9.065515283815683,8.888256072998047,8.888256072998047,209208,0.0,0.0
2014-01-27 00:00:00+08:00,8.888259082594576,8.888259082594576,8.660355747513542,8.711000442504883,250852,0.0,0.0
2014-02-05 00:00:00+08:00,8.609707219078413,8.786966436964672,8.584384563773002,8.736320495605469,187007,0.0,0.0
2014-02-06 00:00:00+08:00,8.812288997734925,8.913578987121582,8.736320401885273,8.913578987121582,273459,0.0,0.0
2014-02-07 00:00:00+08:00,8.964224927937474,8.964224927937474,8.862933677054064,8.913578987121582,130804,0.0,0.0
2014-02-10 00:00:00+08:00,8.964225368409348,8.964225368409348,8.837612087019206,8.862934112548828,148353,0.0,0.0
2014-02-11 00:00:00+08:00,8.91357921185812,9.090838432312012,8.888256556185908,9.090838432312012,267687,0.0,0.0
2014-02-12 00:00:00+08:00,9.166805330598725,9.242773924734049,9.04019205828712,9.141483306884766,351302,0.0,0.0
2014-02-13 00:00:00+08:00,9.116161202786671,9.116161202786671,8.989547922831122,9.040192604064941,153619,0.0,0.0
2014-02-14 00:00:00+08:00,8.989547553337626,9.192128162191521,8.989547553337626,9.065515518188477,219450,0.0,0.0
2014-02-17 00:00:00+08:00,9.116161202786671,9.16680588402049,8.989547922831122,9.040192604064941,228697,0.0,0.0
2014-02-18 00:00:00+08:00,9.014869754190295,9.065515695831667,8.964225074045695,8.989547729492188,244593,0.0,0.0
2014-02-19 00:00:00+08:00,9.065515280932114,9.242773860945011,9.014869341608645,9.166805267333984,897204,0.0,0.0
2014-02-20 00:00:00+08:00,9.166805414870872,9.64793648482646,9.166805414870872,9.24277400970459,2078264,0.0,0.0
2014-02-21 00:00:00+08:00,9.293419319094824,9.394709937875291,9.24277400970459,9.24277400970459,582650,0.0,0.0
2014-02-24 00:00:00+08:00,9.242773860945011,9.268096515232568,9.166805267333984,9.166805267333984,270459,0.0,0.0
2014-02-25 00:00:00+08:00,9.166806477501277,9.217452423510835,9.1161617929886,9.192129135131836,432421,0.0,0.0
2014-02-26 00:00:00+08:00,9.192129135131836,9.192129135131836,9.090839135358042,9.192129135131836,497131,0.0,0.0
2014-02-27 00:00:00+08:00,9.166805414870872,9.293419319094824,9.141483390924122,9.24277400970459,657145,0.0,0.0
2014-03-03 00:00:00+08:00,9.24277293933356,9.875839233398438,9.116159680520585,9.875839233398438,2479490,0.0,0.0
2014-03-04 00:00:00+08:00,10.129067162126285,10.331649035197453,9.901163895261535,10.103744506835938,6033021,0.0,0.0
2014-03-05 00:00:00+08:00,10.255679974695942,10.255679974695942,9.951808124956413,10.027776718139648,2619777,0.0,0.0
2014-03-06 00:00:00+08:00,10.027778489722095,10.078423806959398,9.875841907261723,9.951809883117676,1460006,0.0,0.0
2014-03-07 00:00:00+08:00,9.977131343490338,10.053099940970986,9.622614796154856,9.647936820983887,1880130,0.0,0.0
2014-03-10 00:00:00+08:00,9.749227523803711,9.749227523803711,9.521323005721289,9.749227523803711,463724,0.0,0.0
2014-03-11 00:00:00+08:00,9.951809218506247,9.951809218506247,9.698582649230957,9.698582649230957,466191,0.0,0.0
2014-03-12 00:00:00+08:00,9.673259992303429,9.799873276941073,9.622615309196794,9.698582649230957,581695,0.0,0.0
2014-03-13 00:00:00+08:00,9.698581435190818,9.7745500272123,9.647936127675392,9.673258781433105,621610,0.0,0.0
2014-03-14 00:00:00+08:00,9.622615382947933,10.027777896893705,9.597292095077895,9.799873352050781,1440378,0.0,0.0
2014-03-17 00:00:00+08:00,9.850518590796131,9.850518590796131,9.698582649230957,9.698582649230957,671827,0.0,0.0
2014-03-18 00:00:00+08:00,9.723904238907128,9.850517509648277,9.673258930610668,9.749227523803711,841666,0.0,0.0
2014-03-19 00:00:00+08:00,9.977131244456386,9.977131244456386,9.74922797727019,9.8251953125,694813,0.0,0.0
2014-03-20 00:00:00+08:00,9.825195410025822,9.825195410025822,9.622614796154856,9.647936820983887,534816,0.0,0.0
2014-03-21 00:00:00+08:00,9.571970174475847,9.698583469826218,9.420034220055403,9.496002197265625,485018,0.0,0.0
2014-03-24 00:00:00+08:00,9.192128797927422,9.47067928314209,9.116161458570975,9.47067928314209,351873,0.0,0.0
2014-03-25 00:00:00+08:00,9.318741667729046,9.749228074041953,9.318741667729046,9.647936820983887,395798,0.0,0.0
2014-03-26 00:00:00+08:00,9.72390496857808,9.749228255374893,9.571969032287598,9.571969032287598,411902,0.0,0.0
2014-03-27 00:00:00+08:00,9.597290992736816,9.723904263802119,9.571968338523755,9.597290992736816,303013,0.0,0.0
2014-03-28 00:00:00+08:00,9.67326010098709,9.69858275819913,9.521324157714844,9.521324157714844,366660,0.0,0.0
2014-03-31 00:00:00+08:00,9.622614277698233,9.622614277698233,9.521323030097635,9.597290992736816,240028,0.0,0.0
2014-04-01 00:00:00+08:00,9.87584054036288,10.027777101793964,9.647936644338822,9.723904609680176,742573,0.0,0.0
2014-04-02 00:00:00+08:00,9.647935929349194,9.698581235823537,9.59729062287485,9.622613906860352,404905,0.0,0.0
2014-04-03 00:00:00+08:00,9.622614975132825,9.647937000432838,9.470679038842343,9.571969032287598,383056,0.0,0.0
2014-04-07 00:00:00+08:00,9.47067914048041,9.521323822372349,9.344065228131138,9.394710540771484,493389,0.0,0.0
2014-04-08 00:00:00+08:00,9.36938788445131,9.44535585341183,9.344065228131138,9.394710540771484,505652,0.0,0.0
2014-04-09 00:00:00+08:00,9.394710105052779,9.445355415344238,9.34406479476132,9.445355415344238,373886,0.0,0.0
2014-04-10 00:00:00+08:00,9.470678617887115,9.470678617887115,9.318741426853176,9.344064712524414,373656,0.0,0.0
2014-04-11 00:00:00+08:00,9.318740907039334,9.344064191298001,9.268096230767014,9.293418884277344,192378,0.0,0.0
2014-04-14 00:00:00+08:00,9.192128312321572,9.723904705711115,9.166805656957708,9.546646118164062,1865105,0.0,0.0
2014-04-15 00:00:00+08:00,9.622614632112725,9.647936656510076,9.42003276019851,9.445355415344238,547287,0.0,0.0
2014-04-16 00:00:00+08:00,9.420033095997114,9.59729168833601,9.369387783900287,9.571969032287598,549635,0.0,0.0
2014-04-17 00:00:00+08:00,9.62261471500404,9.673259394983386,9.546646118164062,9.546646118164062,438880,0.0,0.0
2014-04-18 00:00:00+08:00,9.546646118164062,9.64793673961952,9.521323462800197,9.546646118164062,431243,0.0,0.0
2014-04-21 00:00:00+08:00,9.546646118164062,9.69858205034725,9.546646118164062,9.546646118164062,520304,0.0,0.0
2014-04-22 00:00:00+08:00,9.571969032287598,9.622614975132825,9.52132372019077,9.571969032287598,486035,0.0,0.0
2014-04-23 00:00:00+08:00,9.622615417311437,9.774551360583683,9.521324157714844,9.521324157714844,624567,0.0,0.0
2014-04-24 00:00:00+08:00,9.521323560388396,9.57196887163521,9.36938762664795,9.36938762664795,345094,0.0,0.0
2014-04-25 00:00:00+08:00,9.318742342031191,9.369388287599149,8.761643879016443,8.964225769042969,1073611,0.0,0.0
2014-04-28 00:00:00+08:00,8.40712848806541,8.812291724733278,8.40712848806541,8.711000442504883,453839,0.0,0.0
2014-04-29 00:00:00+08:00,8.50841698731263,8.964225434422136,8.50841698731263,8.83761215209961,225925,0.0,0.0
2014-04-30 00:00:00+08:00,8.812289495635104,8.88825683428021,8.710998239028672,8.83761215209961,202939,0.0,0.0
2014-05-02 00:00:00+08:00,8.837612228189323,8.938902854919434,8.837612228189323,8.938902854919434,173847,0.0,0.0
2014-05-05 00:00:00+08:00,8.91357837583763,8.964224313180276,8.710997149460374,8.761642456054688,179136,0.0,0.0
2014-05-06 00:00:00+08:00,8.88825683428021,8.989548090886641,8.7869668391706,8.83761215209961,170880,0.0,0.0
2014-05-07 00:00:00+08:00,8.786965740100177,8.812288393397333,8.761642456054688,8.761642456054688,171516,0.0,0.0
2014-05-08 00:00:00+08:00,8.736320895493177,8.862934177815704,8.736320895493177,8.83761215209961,128241,0.0,0.0
2014-05-09 00:00:00+08:00,8.837612087019206,8.913579425104885,8.78696677446315,8.862934112548828,297749,0.0,0.0
2014-05-12 00:00:00+08:00,8.761643487436714,8.913579425104885,8.736320831158686,8.862934112548828,212870,0.0,0.0
2014-05-13 00:00:00+08:00,8.862934877831025,8.91358019476012,8.761644243972833,8.81229019165039,100871,0.0,0.0
2014-05-14 00:00:00+08:00,8.812289092270083,8.862933772132523,8.736320495605469,8.736320495605469,123409,0.0,0.0
2014-05-15 00:00:00+08:00,8.66035270690918,8.837611284764318,8.609706768202221,8.66035270690918,165158,0.0,0.0
2014-05-16 00:00:00+08:00,8.635032453895015,8.711000442504883,8.584387128155102,8.711000442504883,291093,0.0,0.0
2014-05-19 00:00:00+08:00,8.812288022409323,8.812288022409323,8.635028826043316,8.786965370178223,99413,0.0,0.0
2014-05-20 00:00:00+08:00,8.710996795919597,8.736319448189018,8.609706186841905,8.635028839111328,349986,0.0,0.0
2014-05-21 00:00:00+08:00,8.609706080738041,8.685674667358398,8.559060776823337,8.685674667358398,333009,0.0,0.0
2014-05-22 00:00:00+08:00,8.609706768202221,8.66035270690918,8.609706768202221,8.66035270690918,217064,0.0,0.0
2014-05-23 00:00:00+08:00,8.66035270690918,8.685675360888485,8.584384114222916,8.66035270690918,274504,0.0,0.0
2014-05-26 00:00:00+08:00,8.635032453895015,8.711000442504883,8.635032453895015,8.711000442504883,73776,0.0,0.0
2014-05-27 00:00:00+08:00,8.812289092270083,8.812289092270083,8.635029874383825,8.736320495605469,90812,0.0,0.0
2014-05-28 00:00:00+08:00,8.736319448189018,8.736319448189018,8.635028839111328,8.635028839111328,129800,0.0,0.0
2014-05-29 00:00:00+08:00,8.660355747513542,8.73632310537484,8.635032453895015,8.711000442504883,169665,0.0,0.0
2014-05-30 00:00:00+08:00,8.711000442504883,8.711000442504883,8.559064465285147,8.711000442504883,219916,0.0,0.0
2014-06-03 00:00:00+08:00,8.736319448189018,8.736319448189018,8.635028839111328,8.635028839111328,66600,0.0,0.0
2014-06-04 00:00:00+08:00,8.63503020604657,9.014870050216999,8.533739580934457,8.862934112548828,1293525,0.0,0.0
2014-06-05 00:00:00+08:00,8.888255722540473,8.888255722540473,8.73631980275753,8.761642456054688,148404,0.0,0.0
2014-06-06 00:00:00+08:00,8.812288035745594,8.837610688015017,8.635028839111328,8.635028839111328,290175,0.0,0.0
2014-06-09 00:00:00+08:00,8.635032453895015,8.862936419724619,8.635032453895015,8.711000442504883,100076,0.0,0.0
2014-06-10 00:00:00+08:00,8.837612850114938,8.837612850114938,8.710998927043738,8.81229019165039,51923,0.0,0.0
2014-06-11 00:00:00+08:00,8.786967533185843,8.888257536295573,8.761644243972833,8.81229019165039,123281,0.0,0.0
2014-06-12 00:00:00+08:00,8.837614387603235,8.837614387603235,8.711000442504883,8.711000442504883,169543,0.0,0.0
2014-06-13 00:00:00+08:00,8.710996782736617,8.786965370178223,8.660352109022721,8.786965370178223,69054,0.0,0.0
2014-06-16 00:00:00+08:00,8.812291724733278,8.812291724733278,8.660355747513542,8.711000442504883,194686,0.0,0.0
2014-06-17 00:00:00+08:00,8.685675815743028,8.736320495605469,8.685675815743028,8.736320495605469,218419,0.0,0.0
2014-06-18 00:00:00+08:00,8.710997384119441,8.736320038098746,8.635029422181526,8.66035270690918,357874,0.0,0.0
2014-06-19 00:00:00+08:00,8.660352122129057,8.68567477439848,8.609706186841905,8.635028839111328,282725,0.0,0.0
2014-06-20 00:00:00+08:00,8.584383534572483,8.660352122129057,8.584383534572483,8.635028839111328,224287,0.0,0.0
2014-06-23 00:00:00+08:00,8.609707315265986,8.660353257191007,8.559062004089355,8.559062004089355,129181,0.0,0.0
2014-06-24 00:00:00+08:00,8.559062004089355,8.635029970854301,8.559062004089355,8.559062004089355,161113,0.0,0.0
2014-06-25 00:00:00+08:00,8.609707315265986,8.609707315265986,8.48309403732441,8.559062004089355,126979,0.0,0.0
2014-06-26 00:00:00+08:00,8.60970687866211,8.710997495878857,8.559061570053736,8.60970687866211,666149,0.0,0.0
2014-06-27 00:00:00+08:00,8.609707574563846,8.609707574563846,8.533739605510979,8.58438491821289,141771,0.0,0.0
2014-06-30 00:00:00+08:00,8.533739643777135,8.83761215209961,8.533739643777135,8.83761215209961,541956,0.0,0.0
2014-07-01 00:00:00+08:00,9.014870453114057,9.344065630189387,8.862934508655488,8.964225769042969,3221395,0.0,0.0
2014-07-02 00:00:00+08:00,8.964226142437678,8.964226142437678,8.786967533185843,8.81229019165039,236737,0.0,0.0
2014-07-03 00:00:00+08:00,8.837610674640423,8.913578000585419,8.786965370178223,8.786965370178223,108259,0.0,0.0
2014-07-04 00:00:00+08:00,8.812289495635104,8.83761215209961,8.7869668391706,8.83761215209961,91633,0.0,0.0
2014-07-07 00:00:00+08:00,8.837610674640423,8.837610674640423,8.685674761253821,8.786965370178223,81877,0.0,0.0
2014-07-08 00:00:00+08:00,8.78696677446315,8.862934112548828,8.710998174880658,8.862934112548828,129773,0.0,0.0
2014-07-09 00:00:00+08:00,8.786967533185843,8.81229019165039,8.68567689932765,8.81229019165039,71320,0.0,0.0
2014-07-10 00:00:00+08:00,8.660352122129057,8.710996795919597,8.635028839111328,8.635028839111328,289030,0.0,0.0
2014-07-11 00:00:00+08:00,8.635029874383825,8.736320495605469,8.483093942551358,8.736320495605469,591448,0.0,0.0
2014-07-14 00:00:00+08:00,8.660353518014166,8.685676174365122,8.58438491821289,8.58438491821289,217800,0.0,0.0
2014-07-15 00:00:00+08:00,8.609708016593261,8.609708016593261,8.533740043640137,8.533740043640137,141513,0.0,0.0
2014-07-16 00:00:00+08:00,8.533740043640137,8.685676620294828,8.533740043640137,8.533740043640137,215261,0.0,0.0
2014-07-17 00:00:00+08:00,8.660353962643786,8.660353962643786,8.533740043640137,8.533740043640137,179058,0.0,0.0
2014-07-18 00:00:00+08:00,8.559062887754681,8.58438554595739,8.457772254943848,8.457772254943848,121450,0.0,0.0
2014-07-21 00:00:00+08:00,8.559062183752657,8.559062183752657,8.457771559273203,8.483094215393066,114973,0.0,0.0
2014-07-22 00:00:00+08:00,8.508416949160022,8.58438491821289,8.483094292809067,8.58438491821289,128189,0.0,0.0
2014-07-23 00:00:00+08:00,8.58438491821289,8.58438491821289,8.58438491821289,8.58438491821289,0,0.0,0.0
2014-07-24 00:00:00+08:00,8.60970679203995,8.60970679203995,8.508416175842285,8.508416175842285,99723,0.0,0.0
2014-07-25 00:00:00+08:00,8.508416692912725,8.559062004089355,8.48309403732441,8.559062004089355,152820,0.0,0.0
2014-07-28 00:00:00+08:00,8.559062701291179,8.559062701291179,8.483094728338052,8.533740043640137,110010,0.0,0.0
2014-07-29 00:00:00+08:00,8.508417385989095,8.533740043640137,8.508417385989095,8.533740043640137,86190,0.0,0.0
2014-07-30 00:00:00+08:00,8.53373934850104,8.559062004089355,8.48309403732441,8.559062004089355,137171,0.0,0.0
2014-07-31 00:00:00+08:00,8.584384114222916,8.710997384119441,8.533738806264305,8.66035270690918,297403,0.0,0.0
2014-08-01 00:00:00+08:00,8.60970979102506,8.711000442504883,8.559064465285147,8.711000442504883,229254,0.0,0.0
2014-08-04 00:00:00+08:00,8.660352473614392,8.761642456054688,8.660352473614392,8.761642456054688,148874,0.0,0.0
2014-08-05 00:00:00+08:00,8.660352015401047,8.685674667358398,8.635028732695394,8.685674667358398,86215,0.0,0.0
2014-08-06 00:00:00+08:00,8.68567477439848,8.710996795919597,8.533738230033636,8.635028839111328,184134,0.0,0.0
2014-08-07 00:00:00+08:00,8.635029422181526,8.66035270690918,8.584384114222916,8.66035270690918,45816,0.0,0.0
2014-08-08 00:00:00+08:00,8.559062004089355,8.559062004089355,8.559062004089355,8.559062004089355,131897,0.0,0.0
2014-08-11 00:00:00+08:00,8.635028732695394,8.685674667358398,8.635028732695394,8.685674667358398,92720,0.0,0.0
2014-08-12 00:00:00+08:00,8.660355747513542,8.761645768244795,8.660355747513542,8.711000442504883,181653,0.0,0.0
2014-08-13 00:00:00+08:00,8.685674667358398,8.710996688567453,8.685674667358398,8.685674667358398,245669,0.0,0.0
2014-08-14 00:00:00+08:00,8.761642692078052,8.761642692078052,8.609706768202221,8.66035270690918,112309,0.0,0.0
2014-08-15 00:00:00+08:00,8.710997966480408,9.166805768580263,8.710997966480408,9.090838432312012,2926172,0.0,0.0
2014-08-18 00:00:00+08:00,9.141483662171147,9.293419594850107,8.964225074045695,8.989547729492188,1284734,0.0,0.0
2014-08-19 00:00:00+08:00,9.065515518188477,9.116160828089043,8.913578957738402,9.065515518188477,645124,0.0,0.0
2014-08-20 00:00:00+08:00,9.11616021136858,9.673258582586366,8.913578354722873,9.622613906860352,2475817,0.0,0.0
2014-08-21 00:00:00+08:00,9.546647309539754,9.571969968063765,9.318742752075195,9.318742752075195,903696,0.0,0.0
2014-08-22 00:00:00+08:00,9.344065557230557,9.72390541541117,9.344065557230557,9.521324157714844,1060042,0.0,0.0
2014-08-25 00:00:00+08:00,9.521323380781428,9.698581966801536,9.394710105052779,9.445355415344238,647132,0.0,0.0
2014-08-26 00:00:00+08:00,9.496001309095295,9.546646622498537,9.369388025587188,9.47067928314209,530464,0.0,0.0
2014-08-27 00:00:00+08:00,9.44535585341183,9.546646478692523,9.394710540771484,9.394710540771484,568583,0.0,0.0
2014-08-28 00:00:00+08:00,9.4200340169197,9.546647309539754,9.318742752075195,9.318742752075195,1014843,0.0,0.0
2014-08-29 00:00:00+08:00,9.318740309254434,9.4453541994323,9.293418288116817,9.420031547546387,413131,0.0,0.0
2014-09-01 00:00:00+08:00,9.47067914048041,9.496001166052176,9.29341991549079,9.394710540771484,768639,0.0,0.0
2014-09-02 00:00:00+08:00,9.36938684480833,9.36938684480833,9.293418884277344,9.293418884277344,342887,0.0,0.0
2014-09-03 00:00:00+08:00,9.318741684652744,9.36938762664795,9.318741684652744,9.36938762664795,906875,0.0,0.0
2014-09-04 00:00:00+08:00,9.602327163425796,9.602327163425796,9.382845878601074,9.382845878601074,484422,0.306297,1.06
2014-09-05 00:00:00+08:00,9.382847453317966,9.410282135009766,9.300540829492084,9.410282135009766,328436,0.0,0.0
2014-09-09 00:00:00+08:00,9.465152454169885,9.465152454169885,9.273105820970235,9.437716484069824,279664,0.0,0.0
2014-09-10 00:00:00+08:00,9.30053835568852,9.327974319458008,9.273103681293932,9.327974319458008,110880,0.0,0.0
2014-09-11 00:00:00+08:00,9.273104667663574,9.327975311664177,9.245669345663272,9.273104667663574,157843,0.0,0.0
2014-09-12 00:00:00+08:00,9.2731052912403,9.30053997039795,9.16336399585946,9.30053997039795,170693,0.0,0.0
2014-09-15 00:00:00+08:00,9.300539344976357,9.300539344976357,9.218234023662971,9.273104667663574,91955,0.0,0.0
2014-09-16 00:00:00+08:00,9.273105665775756,9.273105665775756,9.163364365962526,9.21823501586914,65401,0.0,0.0
2014-09-17 00:00:00+08:00,9.21823501586914,9.32797631568237,9.21823501586914,9.21823501586914,297261,0.0,0.0
2014-09-18 00:00:00+08:00,9.30053997039795,9.32797593893072,9.2731052912403,9.30053997039795,165902,0.0,0.0
2014-09-19 00:00:00+08:00,9.382844957622082,9.382844957622082,9.273103681293932,9.327974319458008,41986,0.0,0.0
2014-09-22 00:00:00+08:00,9.327975311664177,9.327975311664177,9.218234023662971,9.273104667663574,107390,0.0,0.0
2014-09-23 00:00:00+08:00,9.27310468698667,9.27310468698667,9.218234042871728,9.2456693649292,98560,0.0,0.0
2014-09-24 00:00:00+08:00,9.21823501586914,9.273105665775756,9.19080033560342,9.21823501586914,113533,0.0,0.0
2014-09-25 00:00:00+08:00,9.218235490271788,9.218235490271788,8.971318197672382,9.026188850402832,138181,0.0,0.0
2014-09-26 00:00:00+08:00,8.97131757850913,8.998753547668457,8.9164475742532,8.998753547668457,112724,0.0,0.0
2014-09-29 00:00:00+08:00,8.998752231830322,9.135928189443021,8.998752231830322,9.08105754852295,55441,0.0,0.0
2014-09-30 00:00:00+08:00,9.053624176768057,9.108494184810887,8.998754168725227,9.026188850402832,190292,0.0,0.0
2014-10-01 00:00:00+08:00,9.053622228062913,9.163362865215577,9.053622228062913,9.08105754852295,138295,0.0,0.0
2014-10-02 00:00:00+08:00,9.273105776662751,9.712069691789587,9.108493824974492,9.492587089538574,810882,0.0,0.0
2014-10-03 00:00:00+08:00,9.574892564979375,9.60232724229216,9.273104667663574,9.273104667663574,544973,0.0,0.0
2014-10-06 00:00:00+08:00,9.30053835568852,9.465150270180747,9.30053835568852,9.327974319458008,97137,0.0,0.0
2014-10-07 00:00:00+08:00,9.300538032262118,9.43771397821456,9.300538032262118,9.355408668518066,136850,0.0,0.0
2014-10-08 00:00:00+08:00,9.327974319458008,9.355408993852596,9.245668362211894,9.327974319458008,53444,0.0,0.0
2014-10-09 00:00:00+08:00,9.355408668518066,9.355408668518066,9.218232722565622,9.355408668518066,118273,0.0,0.0
2014-10-13 00:00:00+08:00,9.21823501586914,9.21823501586914,9.10849371605591,9.21823501586914,149070,0.0,0.0
2014-10-14 00:00:00+08:00,9.163363398756786,9.2456693649292,9.108492754641844,9.2456693649292,94998,0.0,0.0
2014-10-15 00:00:00+08:00,9.245669423419171,9.245669423419171,9.108492812264009,9.163363456726074,113491,0.0,0.0
2014-10-16 00:00:00+08:00,9.10849380493164,9.10849380493164,8.916447817759783,9.10849380493164,150483,0.0,0.0
2014-10-17 00:00:00+08:00,9.108492296282286,9.163362937636016,8.97131633758545,8.97131633758545,101122,0.0,0.0
2014-10-20 00:00:00+08:00,9.05362379917722,9.10849380493164,9.026188473956214,9.10849380493164,102379,0.0,0.0
2014-10-21 00:00:00+08:00,9.10849380493164,9.163364455373653,9.026188473956214,9.10849380493164,91476,0.0,0.0
2014-10-22 00:00:00+08:00,9.190798830363093,9.190798830363093,9.08105754852295,9.08105754852295,111003,0.0,0.0
2014-10-23 00:00:00+08:00,9.081059124398227,9.13592977484024,9.05362379917722,9.10849380493164,75255,0.0,0.0
2014-10-24 00:00:00+08:00,9.163362865215577,9.163362865215577,9.053622228062913,9.08105754852295,90280,0.0,0.0
2014-10-27 00:00:00+08:00,9.163364272141825,9.163364272141825,8.916447639465332,8.916447639465332,73387,0.0,0.0
2014-10-28 00:00:00+08:00,8.916446270450212,9.08105754852295,8.916446270450212,9.08105754852295,63919,0.0,0.0
2014-10-29 00:00:00+08:00,9.08105846123107,9.135929107666016,9.053623138013597,9.135929107666016,52368,0.0,0.0
2014-10-30 00:00:00+08:00,9.13592977484024,9.13592977484024,9.026188473956214,9.10849380493164,41683,0.0,0.0
2014-10-31 00:00:00+08:00,9.163363398756786,9.2456693649292,9.135928721386835,9.2456693649292,158270,0.0,0.0
2014-11-03 00:00:00+08:00,9.300539344976357,9.355409988976962,9.163363379662368,9.273104667663574,205110,0.0,0.0
2014-11-04 00:00:00+08:00,9.32797593893072,9.32797593893072,9.2731052912403,9.30053997039795,84136,0.0,0.0
2014-11-05 00:00:00+08:00,9.327975311664177,9.327975311664177,9.163363379662368,9.273104667663574,119520,0.0,0.0
2014-11-06 00:00:00+08:00,9.2731052912403,9.32797593893072,9.19079996439223,9.30053997039795,132144,0.0,0.0
2014-11-07 00:00:00+08:00,9.300539344976357,9.300539344976357,9.218234023662971,9.273104667663574,63849,0.0,0.0
2014-11-10 00:00:00+08:00,9.273104667663574,9.300539344976357,9.245669345663272,9.273104667663574,98513,0.0,0.0
2014-11-11 00:00:00+08:00,9.602328300476074,9.712069600570857,9.465152320045185,9.602328300476074,689439,0.0,0.0
2014-11-12 00:00:00+08:00,9.437714867728614,9.574892115985003,9.35540955027476,9.465150833129883,266851,0.0,0.0
2014-11-13 00:00:00+08:00,9.52002301454312,9.547457695007324,9.437716394400143,9.547457695007324,216664,0.0,0.0
2014-11-14 00:00:00+08:00,9.547458173155055,9.73950481414795,9.547458173155055,9.73950481414795,630647,0.0,0.0
2014-11-17 00:00:00+08:00,9.465152454169885,9.492587134894753,9.13592983859551,9.437716484069824,578058,0.0,0.0
2014-11-18 00:00:00+08:00,9.327976800559124,9.410282135009766,9.273106147800284,9.410282135009766,272147,0.0,0.0
2014-11-19 00:00:00+08:00,9.382844957622082,9.43771430641126,9.30053835568852,9.327974319458008,70741,0.0,0.0
2014-11-20 00:00:00+08:00,9.327975311664177,9.327975311664177,9.218234023662971,9.273104667663574,243759,0.0,0.0
2014-11-21 00:00:00+08:00,9.32797399507752,9.382844631333466,9.300538032262118,9.355408668518066,69506,0.0,0.0
2014-11-24 00:00:00+08:00,9.327974319458008,9.382844957622082,9.327974319458008,9.327974319458008,46553,0.0,0.0
2014-11-25 00:00:00+08:00,9.32797593893072,9.32797593893072,9.30053997039795,9.30053997039795,76614,0.0,0.0
2014-11-26 00:00:00+08:00,9.300540829492084,9.492587469460407,9.300540829492084,9.410282135009766,332031,0.0,0.0
2014-11-27 00:00:00+08:00,9.41028126577879,9.41028126577879,9.2731052912403,9.30053997039795,127791,0.0,0.0
2014-11-28 00:00:00+08:00,9.32797399507752,9.355408668518066,9.27310335882157,9.355408668518066,94268,0.0,0.0
2014-12-01 00:00:00+08:00,9.27310468698667,9.327975331101612,9.2456693649292,9.2456693649292,120283,0.0,0.0
2014-12-02 00:00:00+08:00,9.355408668518066,9.355408668518066,9.355408668518066,9.355408668518066,254925,0.0,0.0
2014-12-03 00:00:00+08:00,9.410282135009766,9.410282135009766,9.410282135009766,9.410282135009766,307260,0.0,0.0
2014-12-04 00:00:00+08:00,9.382845878601074,9.382845878601074,9.382845878601074,9.382845878601074,427048,0.0,0.0
2014-12-05 00:00:00+08:00,9.382845878601074,9.41028055568853,9.327975235051136,9.382845878601074,147166,0.0,0.0
2014-12-08 00:00:00+08:00,9.38284595566478,9.410280632977566,9.218234023662971,9.273104667663574,470747,0.0,0.0
2014-12-09 00:00:00+08:00,9.27310468698667,9.327975331101612,9.218234042871728,9.2456693649292,248798,0.0,0.0
2014-12-10 00:00:00+08:00,9.19080033560342,9.21823501586914,9.10849371605591,9.21823501586914,254214,0.0,0.0
2014-12-11 00:00:00+08:00,9.163364365962526,9.21823501586914,9.10849371605591,9.21823501586914,108979,0.0,0.0
2014-12-12 00:00:00+08:00,9.21823464354988,9.30053997039795,9.16336399585946,9.30053997039795,81435,0.0,0.0
2014-12-15 00:00:00+08:00,9.163363379662368,9.300539344976357,9.163363379662368,9.273104667663574,80050,0.0,0.0
2014-12-16 00:00:00+08:00,9.273105665775756,9.273105665775756,9.135929685696805,9.21823501586914,98781,0.0,0.0
2014-12-17 00:00:00+08:00,9.218234432630888,9.218234432630888,9.135929107666016,9.135929107666016,60970,0.0,0.0
2014-12-18 00:00:00+08:00,9.135929107666016,9.218234432630888,9.135929107666016,9.135929107666016,188443,0.0,0.0
2014-12-19 00:00:00+08:00,9.218233506135649,9.218233506135649,9.08105754852295,9.08105754852295,117930,0.0,0.0
2014-12-22 00:00:00+08:00,9.135928779182564,9.163363456726074,9.0810581347205,9.163363456726074,164694,0.0,0.0
2014-12-23 00:00:00+08:00,9.190799423644629,9.190799423644629,9.0810581347205,9.163363456726074,104525,0.0,0.0
2014-12-24 00:00:00+08:00,9.163364455373653,9.163364455373653,9.081059124398227,9.10849380493164,112103,0.0,0.0
2014-12-25 00:00:00+08:00,9.108493139760997,9.163363786195942,9.108493139760997,9.135929107666016,69389,0.0,0.0
2014-12-26 00:00:00+08:00,9.108492812264009,9.163363456726074,9.0810581347205,9.163363456726074,59283,0.0,0.0
2014-12-29 00:00:00+08:00,9.135928779182564,9.273104745650203,9.135928779182564,9.163363456726074,172206,0.0,0.0
2014-12-30 00:00:00+08:00,9.190799365501777,9.2456693649292,9.163363398756786,9.2456693649292,90029,0.0,0.0
2014-12-31 00:00:00+08:00,9.21823501586914,9.273105665775756,9.163364365962526,9.21823501586914,109502,0.0,0.0
2015-01-05 00:00:00+08:00,9.218234101188138,9.218234101188138,9.163363456726074,9.163363456726074,41161,0.0,0.0
2015-01-06 00:00:00+08:00,9.135928779182564,9.163363456726074,9.108492812264009,9.163363456726074,205448,0.0,0.0
2015-01-07 00:00:00+08:00,9.163364365962526,9.21823501586914,9.135929685696805,9.21823501586914,75237,0.0,0.0
2015-01-08 00:00:00+08:00,9.218234391542406,9.327975683923148,9.108493099161667,9.190799713134766,263204,0.0,0.0
2015-01-09 00:00:00+08:00,9.190799713134766,9.190799713134766,9.163363745352036,9.190799713134766,78275,0.0,0.0
2015-01-12 00:00:00+08:00,9.190799713134766,9.190799713134766,9.108493099161667,9.190799713134766,35688,0.0,0.0
2015-01-13 00:00:00+08:00,9.13592977484024,9.13592977484024,9.081059124398227,9.10849380493164,156464,0.0,0.0
2015-01-14 00:00:00+08:00,9.108492812264009,9.163363456726074,9.0810581347205,9.163363456726074,108074,0.0,0.0
2015-01-15 00:00:00+08:00,9.108493139760997,9.135929107666016,9.08105846123107,9.135929107666016,96354,0.0,0.0
2015-01-16 00:00:00+08:00,9.08105846123107,9.135929107666016,8.943882489831253,9.135929107666016,333320,0.0,0.0
2015-01-19 00:00:00+08:00,9.13592916967394,9.13592916967394,9.05362319946289,9.05362319946289,100283,0.0,0.0
2015-01-20 00:00:00+08:00,9.026187876059206,9.05362319946289,8.998753197343074,9.05362319946289,89560,0.0,0.0
2015-01-21 00:00:00+08:00,9.053623551924387,9.053623551924387,8.998753547668457,8.998753547668457,45873,0.0,0.0
2015-01-22 00:00:00+08:00,8.94388159091025,9.163362865215577,8.94388159091025,9.08105754852295,45851,0.0,0.0
2015-01-23 00:00:00+08:00,9.081059124398227,9.10849380493164,9.026188473956214,9.10849380493164,67212,0.0,0.0
2015-01-26 00:00:00+08:00,9.108493139760997,9.135929107666016,9.026187814796124,9.135929107666016,70895,0.0,0.0
2015-01-27 00:00:00+08:00,9.108493556180315,9.108493556180315,8.998753547668457,8.998753547668457,131113,0.0,0.0
2015-01-28 00:00:00+08:00,8.998753547668457,9.053623551924387,8.998753547668457,8.998753547668457,59722,0.0,0.0
2015-01-29 00:00:00+08:00,9.026188473956214,9.10849380493164,8.971317823514202,9.10849380493164,59209,0.0,0.0
2015-01-30 00:00:00+08:00,9.108493201582705,9.108493201582705,8.998753197343074,9.05362319946289,38658,0.0,0.0
2015-02-02 00:00:00+08:00,9.05362319946289,9.05362319946289,8.998753197343074,9.05362319946289,71747,0.0,0.0
2015-02-03 00:00:00+08:00,9.026186907602876,9.08105754852295,8.998752231830322,9.08105754852295,72688,0.0,0.0
2015-02-04 00:00:00+08:00,9.13592977484024,9.190800425282253,9.026188473956214,9.10849380493164,54208,0.0,0.0
2015-02-05 00:00:00+08:00,9.108492735661763,9.465151276978169,9.108492735661763,9.273104667663574,547832,0.0,0.0
2015-02-06 00:00:00+08:00,9.273104667663574,9.327975311664177,9.135928702349583,9.273104667663574,209614,0.0,0.0
2015-02-09 00:00:00+08:00,9.410281645854704,9.410281645854704,9.21823501586914,9.21823501586914,147204,0.0,0.0
2015-02-10 00:00:00+08:00,9.218234042871728,9.2456693649292,9.163363398756786,9.2456693649292,124582,0.0,0.0
2015-02-11 00:00:00+08:00,9.245670340822448,9.245670340822448,9.10849371605591,9.21823501586914,108157,0.0,0.0
2015-02-12 00:00:00+08:00,9.245669423419171,9.245669423419171,9.163363456726074,9.163363456726074,39192,0.0,0.0
2015-02-13 00:00:00+08:00,9.190799423644629,9.218234101188138,9.108492812264009,9.163363456726074,104340,0.0,0.0
2015-02-24 00:00:00+08:00,9.135928189443021,9.245668826595685,9.053622228062913,9.08105754852295,121230,0.0,0.0
2015-02-25 00:00:00+08:00,9.053623138013597,9.190799754100961,9.053623138013597,9.135929107666016,86056,0.0,0.0
2015-02-26 00:00:00+08:00,9.163363745352036,9.190799713134766,9.05362309765884,9.190799713134766,62795,0.0,0.0
2015-03-02 00:00:00+08:00,9.190799365501777,9.2456693649292,9.163363398756786,9.2456693649292,123425,0.0,0.0
2015-03-03 00:00:00+08:00,9.21823501586914,9.273105665775756,9.163364365962526,9.21823501586914,50881,0.0,0.0
2015-03-04 00:00:00+08:00,9.218234023662971,9.300539344976357,9.218234023662971,9.273104667663574,91166,0.0,0.0
2015-03-05 00:00:00+08:00,9.21823501586914,9.273105665775756,9.19080033560342,9.21823501586914,64862,0.0,0.0
2015-03-06 00:00:00+08:00,9.273104667663574,9.273104667663574,9.163363379662368,9.273104667663574,60799,0.0,0.0
2015-03-09 00:00:00+08:00,9.27310468698667,9.27310468698667,9.218234042871728,9.2456693649292,39872,0.0,0.0
2015-03-10 00:00:00+08:00,9.245670431036672,9.245670431036672,9.10849380493164,9.10849380493164,74365,0.0,0.0
2015-03-11 00:00:00+08:00,9.081058420754024,9.190799713134766,9.081058420754024,9.190799713134766,145755,0.0,0.0
2015-03-12 00:00:00+08:00,9.190800425282253,9.190800425282253,9.10849380493164,9.10849380493164,67613,0.0,0.0
2015-03-13 00:00:00+08:00,9.163363745352036,9.190799713134766,9.108493099161667,9.190799713134766,69477,0.0,0.0
2015-03-16 00:00:00+08:00,9.190799713134766,9.190799713134766,9.190799713134766,9.190799713134766,0,0.0,0.0
2015-03-17 00:00:00+08:00,9.437716438975821,9.547457740101327,9.355411107819286,9.492587089538574,542910,0.0,0.0
2015-03-18 00:00:00+08:00,9.437717668368286,9.520024299621582,9.437717668368286,9.520024299621582,207072,0.0,0.0
2015-03-19 00:00:00+08:00,9.437716816701567,9.52002344052745,9.410282135009766,9.410282135009766,183752,0.0,0.0
2015-03-20 00:00:00+08:00,9.43771397821456,9.465149941029962,9.355408668518066,9.355408668518066,329747,0.0,0.0
2015-03-23 00:00:00+08:00,9.355409912138592,9.437715232775986,9.355409912138592,9.382845878601074,160163,0.0,0.0
2015-03-24 00:00:00+08:00,9.382847122620092,9.437716484069824,9.382847122620092,9.437716484069824,128523,0.0,0.0
2015-03-25 00:00:00+08:00,9.437715232775986,9.437715232775986,9.355409912138592,9.382845878601074,181701,0.0,0.0
2015-03-26 00:00:00+08:00,9.382845878601074,9.41028055568853,9.355409912138592,9.382845878601074,148638,0.0,0.0
2015-03-27 00:00:00+08:00,9.38284595566478,9.410280632977566,9.218234023662971,9.273104667663574,118668,0.0,0.0
2015-03-30 00:00:00+08:00,9.27310335882157,9.355408668518066,9.27310335882157,9.355408668518066,114924,0.0,0.0
2015-03-31 00:00:00+08:00,9.38284595566478,9.38284595566478,9.273104667663574,9.273104667663574,95162,0.0,0.0
2015-04-01 00:00:00+08:00,9.327975094932924,9.712068304637883,9.218233809481506,9.629761695861816,564790,0.0,0.0
2015-04-02 00:00:00+08:00,9.629761395707842,9.712068001918459,9.52002140305196,9.574892044067383,704704,0.0,0.0
2015-04-07 00:00:00+08:00,9.57489513428001,9.76694115044018,9.57489513428001,9.684635162353516,381908,0.0,0.0
2015-04-08 00:00:00+08:00,9.684634255668263,10.041292859298713,9.602328919974797,10.013856887817383,1405560,0.0,0.0
2015-04-09 00:00:00+08:00,10.151032490358284,10.151032490358284,9.931550542997481,10.096161842346191,1154513,0.0,0.0
2015-04-10 00:00:00+08:00,10.151033860321652,10.397950520324319,9.986422538757324,9.986422538757324,1540349,0.0,0.0
2015-04-13 00:00:00+08:00,10.013855429910839,10.013855429910839,9.739503491291721,9.821808815002441,494505,0.0,0.0
2015-04-14 00:00:00+08:00,9.766939717484899,9.904116344170156,9.65719906082429,9.876680374145508,469844,0.0,0.0
2015-04-15 00:00:00+08:00,9.849244782489396,9.849244782489396,9.712068813179839,9.821808815002441,235084,0.0,0.0
2015-04-16 00:00:00+08:00,9.82180914497596,9.82180914497596,9.73950381850011,9.794374465942383,153144,0.0,0.0
2015-04-17 00:00:00+08:00,9.766940116882324,9.849246096259199,9.68463413750545,9.766940116882324,287307,0.0,0.0
2015-04-20 00:00:00+08:00,9.629763071257862,9.629763071257862,9.382847077788258,9.492587089538574,459534,0.0,0.0
2015-04-21 00:00:00+08:00,9.4377156869288,9.602327625499912,9.190799713134766,9.190799713134766,534059,0.0,0.0
2015-04-22 00:00:00+08:00,9.492584944575334,9.492584944575334,9.218233043129857,9.327974319458008,125417,0.0,0.0
2015-04-23 00:00:00+08:00,9.574893208850051,9.574893208850051,9.2731052912403,9.30053997039795,108477,0.0,0.0
2015-04-24 00:00:00+08:00,9.327974319458008,9.355408993852596,9.30053835568852,9.327974319458008,121645,0.0,0.0
2015-04-27 00:00:00+08:00,9.355408993852596,9.54745558273941,9.327974319458008,9.327974319458008,164942,0.0,0.0
2015-04-28 00:00:00+08:00,9.327976800559124,9.410282135009766,9.327976800559124,9.410282135009766,49506,0.0,0.0
2015-04-29 00:00:00+08:00,9.35540955027476,9.492585509156175,9.35540955027476,9.465150833129883,108194,0.0,0.0
2015-04-30 00:00:00+08:00,9.492587089538574,9.574893710070299,9.465152408944792,9.492587089538574,131968,0.0,0.0
2015-05-04 00:00:00+08:00,9.492587089538574,9.60232839066408,9.492587089538574,9.492587089538574,88088,0.0,0.0
2015-05-05 00:00:00+08:00,9.492587134894753,9.547457785719681,9.410281803344958,9.437716484069824,105950,0.0,0.0
2015-05-06 00:00:00+08:00,9.410282135009766,9.492587469460407,9.382847453317966,9.410282135009766,115192,0.0,0.0
2015-05-07 00:00:00+08:00,9.382844957622082,9.410279632016671,9.327974319458008,9.327974319458008,45613,0.0,0.0
2015-05-08 00:00:00+08:00,9.355409988976962,9.355409988976962,9.218234023662971,9.273104667663574,165400,0.0,0.0
2015-05-11 00:00:00+08:00,9.327975331101612,9.327975331101612,9.218234042871728,9.2456693649292,250983,0.0,0.0
2015-05-12 00:00:00+08:00,9.245669423419171,9.245669423419171,9.053622812489467,9.163363456726074,213593,0.0,0.0
2015-05-13 00:00:00+08:00,9.163363456726074,9.218234101188138,9.108492812264009,9.163363456726074,49280,0.0,0.0
2015-05-14 00:00:00+08:00,9.135929066944394,9.190799713134766,9.108493099161667,9.190799713134766,33576,0.0,0.0
2015-05-15 00:00:00+08:00,9.190799713134766,9.190799713134766,9.163363745352036,9.190799713134766,13478,0.0,0.0
2015-05-18 00:00:00+08:00,9.19080033560342,9.245670340822448,9.163364365962526,9.21823501586914,36013,0.0,0.0
2015-05-19 00:00:00+08:00,9.300539344976357,9.300539344976357,9.218234023662971,9.273104667663574,25408,0.0,0.0
2015-05-20 00:00:00+08:00,9.245669345663272,9.273104667663574,9.163363379662368,9.273104667663574,24296,0.0,0.0
2015-05-21 00:00:00+08:00,9.2456693649292,9.2456693649292,9.190799365501777,9.2456693649292,27104,0.0,0.0
2015-05-22 00:00:00+08:00,9.190799423644629,9.190799423644629,9.163363456726074,9.163363456726074,36964,0.0,0.0
2015-05-25 00:00:00+08:00,9.135929525339645,9.135929525339645,8.943882898724953,8.998753547668457,141820,0.0,0.0
2015-05-26 00:00:00+08:00,8.998753197343074,9.108493201582705,8.998753197343074,9.05362319946289,65342,0.0,0.0
2015-05-27 00:00:00+08:00,9.026187814796124,9.135929107666016,8.97131716836118,9.135929107666016,83177,0.0,0.0
2015-05-28 00:00:00+08:00,9.053623710836884,9.21823501586914,9.053623710836884,9.21823501586914,120166,0.0,0.0
2015-05-29 00:00:00+08:00,9.190800425282253,9.190800425282253,9.081059124398227,9.10849380493164,133447,0.0,0.0
2015-06-01 00:00:00+08:00,9.108493556180315,9.108493556180315,8.97131757850913,8.998753547668457,54557,0.0,0.0
2015-06-02 00:00:00+08:00,8.998752231830322,9.108492224295503,8.998752231830322,9.08105754852295,70222,0.0,0.0
2015-06-03 00:00:00+08:00,9.081059124398227,9.10849380493164,8.998753793422802,9.10849380493164,272398,0.0,0.0
2015-06-04 00:00:00+08:00,9.08105754852295,9.108492224295503,9.053622228062913,9.08105754852295,51029,0.0,0.0
2015-06-05 00:00:00+08:00,9.081058522866574,9.081058522866574,8.998753197343074,9.05362319946289,18043,0.0,0.0
2015-06-08 00:00:00+08:00,8.312872492665795,8.834141731262207,8.312872492665795,8.834141731262207,136853,0.0,0.0
2015-06-09 00:00:00+08:00,8.779270426753442,8.806706394271659,8.395177841186523,8.395177841186523,160925,0.0,0.0
2015-06-10 00:00:00+08:00,8.42261464263223,8.587225963826784,8.395179314985196,8.532355308532715,205055,0.0,0.0
2015-06-11 00:00:00+08:00,8.587225963826784,8.669531302080236,8.504919980885681,8.532355308532715,44584,0.0,0.0
2015-06-12 00:00:00+08:00,8.50491896557423,8.642094942745775,8.450048961518156,8.614660263061523,33411,0.0,0.0
2015-06-15 00:00:00+08:00,8.504918640198035,8.642094612121582,8.450048638241146,8.642094612121582,36106,0.0,0.0
2015-06-16 00:00:00+08:00,8.477484604050076,8.587225914001465,8.42261459376203,8.587225914001465,41886,0.0,0.0
2015-06-17 00:00:00+08:00,8.587224938689701,8.614660263061523,8.559789614317877,8.614660263061523,92493,0.0,0.0
2015-06-18 00:00:00+08:00,8.504919486938169,8.751836776733398,8.504919486938169,8.751836776733398,34599,0.0,0.0
2015-06-22 00:00:00+08:00,8.724401076442598,8.9438830307694,8.724401076442598,8.834141731262207,22176,0.0,0.0
2015-06-23 00:00:00+08:00,8.724400915861246,8.86157689303279,8.614660263061523,8.614660263061523,59134,0.0,0.0
2015-06-24 00:00:00+08:00,8.751836776733398,8.751836776733398,8.751836776733398,8.751836776733398,7300,0.0,0.0
2015-06-25 00:00:00+08:00,8.834141775823834,8.889012425854212,8.779271125793457,8.779271125793457,21521,0.0,0.0
2015-06-26 00:00:00+08:00,8.806707095496234,8.806707095496234,8.66953047042029,8.779271125793457,19056,0.0,0.0
2015-06-29 00:00:00+08:00,8.559789614317877,8.614660263061523,8.450048961518156,8.614660263061523,71948,0.0,0.0
2015-06-30 00:00:00+08:00,8.614660465077499,8.779271125793457,8.504919165016744,8.779271125793457,18728,0.0,0.0
2015-07-01 00:00:00+08:00,8.779270114755217,8.861576080322266,8.724400115731367,8.861576080322266,52974,0.0,0.0
2015-07-02 00:00:00+08:00,8.834141775823834,8.861577100839023,8.696965795435478,8.779271125793457,33399,0.0,0.0
2015-07-03 00:00:00+08:00,8.642095924289514,8.642095924289514,8.587225914001465,8.587225914001465,46569,0.0,0.0
2015-07-06 00:00:00+08:00,8.696964246521384,8.889010842736957,8.614658930821838,8.72439956665039,24812,0.0,0.0
2015-07-07 00:00:00+08:00,8.724400540782659,8.724400540782659,8.614659892700898,8.696965217590332,31811,0.0,0.0
2015-07-08 00:00:00+08:00,8.61466126640146,8.61466126640146,8.42261461811881,8.55979061126709,77432,0.0,0.0
2015-07-09 00:00:00+08:00,8.395179266274182,8.587225914001465,8.340308611298488,8.587225914001465,90009,0.0,0.0
2015-07-10 00:00:00+08:00,8.587225914001465,8.587225914001465,8.587225914001465,8.587225914001465,0,0.0,0.0
2015-07-13 00:00:00+08:00,8.587224589772301,8.751835884627159,8.450048618174511,8.669529914855957,80511,0.0,0.0
2015-07-14 00:00:00+08:00,8.532355283699903,8.587225938834274,8.504919956132719,8.55979061126709,29948,0.0,0.0
2015-07-15 00:00:00+08:00,8.504919956132719,8.55979061126709,8.450049945685995,8.55979061126709,94595,0.0,0.0
2015-07-16 00:00:00+08:00,8.477483727473006,8.504919052124023,8.340307748905499,8.504919052124023,78106,0.0,0.0
2015-07-17 00:00:00+08:00,8.450048527569349,8.450048527569349,8.340307235717773,8.340307235717773,56899,0.0,0.0
2015-07-20 00:00:00+08:00,8.312871343343703,8.422612627678271,8.17569538261299,8.230566024780273,124432,0.0,0.0
2015-07-21 00:00:00+08:00,8.23056539083991,8.23056539083991,7.928778171539307,7.928778171539307,89936,0.0,0.0
2015-07-22 00:00:00+08:00,7.956213891584199,8.038519859313965,7.791603245499731,8.038519859313965,76231,0.0,0.0
2015-07-23 00:00:00+08:00,7.983650124494347,8.011085450199241,7.43494554445928,7.681862831115723,134041,0.0,0.0
2015-07-24 00:00:00+08:00,7.681862457223426,7.928779731861888,7.544686480063202,7.764167785644531,28016,0.0,0.0
2015-07-27 00:00:00+08:00,7.517250243489214,7.5446862115699815,7.160592973440046,7.462380886077881,67760,0.0,0.0
2015-07-28 00:00:00+08:00,7.29776920542474,7.764167785644531,7.29776920542474,7.764167785644531,87472,0.0,0.0
2015-07-29 00:00:00+08:00,7.462381151642097,7.764167785644531,7.462381151642097,7.764167785644531,9856,0.0,0.0
2015-07-30 00:00:00+08:00,7.681862740527765,7.791604042053223,7.54468675830854,7.791604042053223,46323,0.0,0.0
2015-07-31 00:00:00+08:00,7.791603019319411,7.791603019319411,7.29776851665127,7.407509803771973,63571,0.0,0.0
2015-08-03 00:00:00+08:00,7.297768937417909,7.297768937417909,6.776499727602344,6.8039350509643555,296059,0.0,0.0
2015-08-04 00:00:00+08:00,6.803935071675505,7.023417014552147,6.721629101338932,6.7764997482299805,97820,0.0,0.0
2015-08-05 00:00:00+08:00,6.776500746001166,6.941112066224112,6.776500746001166,6.913676738739014,46963,0.0,0.0
2015-08-06 00:00:00+08:00,6.749063635014339,7.0508508682250985,6.749063635014339,7.050850868225098,37253,0.0,0.0
2015-08-07 00:00:00+08:00,6.831372178053984,7.078289508819579,6.80393684744806,7.07828950881958,46816,0.0,0.0
2015-08-10 00:00:00+08:00,6.968548186395884,7.078289508819579,6.968548186395884,7.07828950881958,6160,0.0,0.0
2015-08-11 00:00:00+08:00,7.133157198958307,7.1880271975873065,6.721628663459507,6.968545913696289,56980,0.0,0.0
2015-08-12 00:00:00+08:00,6.913677197430168,7.105723857879639,6.858806538819551,7.105723857879639,20944,0.0,0.0
2015-08-13 00:00:00+08:00,6.995981091112163,7.160593032836914,6.995981091112163,7.160593032836914,14907,0.0,0.0
2015-08-14 00:00:00+08:00,7.160592306248016,7.325202941894531,7.160592306248016,7.325202941894531,25872,0.0,0.0
2015-08-17 00:00:00+08:00,7.32520427382879,7.352640244341851,7.242898941040039,7.242898941040039,19960,0.0,0.0
2015-08-18 00:00:00+08:00,7.078289508819579,7.078289508819579,6.968548186395884,7.07828950881958,54208,0.0,0.0
2015-08-19 00:00:00+08:00,7.050851697533908,7.215463638305663,6.913675724911664,7.215463638305664,40656,0.0,0.0
2015-08-20 00:00:00+08:00,7.46238088059611,7.46238088059611,7.023416996002197,7.023416996002197,51867,0.0,0.0
2015-08-21 00:00:00+08:00,7.133158269502994,7.133158269502994,6.666759020690466,6.8588056564331055,120134,0.0,0.0
2015-08-24 00:00:00+08:00,6.1729244444126685,6.611888321484813,6.1729244444126685,6.502147674560547,255962,0.0,0.0
2015-08-25 00:00:00+08:00,5.926008229737441,6.44727746619872,5.926008229737441,6.337536811828613,144212,0.0,0.0
2015-08-26 00:00:00+08:00,6.1180545050408845,6.639323711395264,6.090619181861042,6.639323711395264,128992,0.0,0.0
2015-08-27 00:00:00+08:00,6.69419435775495,6.69419435775495,6.584453065035579,6.639323711395264,55440,0.0,0.0
2015-08-28 00:00:00+08:00,6.694194316864014,6.694194316864014,6.584453024814987,6.694194316864014,52175,0.0,0.0
2015-08-31 00:00:00+08:00,6.6941943819904335,6.858805032290352,6.666758414023716,6.8313703536987305,43120,0.0,0.0
2015-09-01 00:00:00+08:00,6.776500135943753,6.886241436004639,6.749064810928531,6.886241436004639,18603,0.0,0.0
2015-09-02 00:00:00+08:00,6.776499727602344,6.8039350509643555,6.584453108755815,6.8039350509643555,43120,0.0,0.0
2015-09-03 00:00:00+08:00,6.913675678848691,6.913675678848691,6.749064383861223,6.8313703536987305,45584,0.0,0.0
2015-09-04 00:00:00+08:00,6.749064383861223,6.8313703536987305,6.749064383861223,6.8313703536987305,53079,0.0,0.0
2015-09-07 00:00:00+08:00,6.803935649569214,6.913676307984605,6.803935649569214,6.8588056564331055,30800,0.0,0.0
2015-09-08 00:00:00+08:00,6.968546959536104,6.968546959536104,6.721629672241965,6.8588056564331055,88704,0.0,0.0
2015-09-09 00:00:00+08:00,6.858804627063271,6.968545913696289,6.858804627063271,6.968545913696289,63258,0.0,0.0
2015-09-10 00:00:00+08:00,6.9136762391337,6.9411115646362305,6.831370907313708,6.9411115646362305,54208,0.0,0.0
2015-09-11 00:00:00+08:00,6.694193986488762,6.968545913696289,6.694193986488762,6.968545913696289,44413,0.0,0.0
2015-09-14 00:00:00+08:00,6.968545913696289,6.968545913696289,6.9136752703797795,6.968545913696289,18553,0.0,0.0
2015-09-15 00:00:00+08:00,6.968545913696289,6.968545913696289,6.941110592038035,6.968545913696289,6161,0.0,0.0
2015-09-16 00:00:00+08:00,7.105721191186674,7.654425637307498,7.105721191186674,7.62699031829834,385677,0.0,0.0
2015-09-17 00:00:00+08:00,7.736732192318638,7.873908153279519,7.517249623281233,7.709296226501465,113356,0.0,0.0
2015-09-18 00:00:00+08:00,7.681861838589866,7.791603127230448,7.599556516796949,7.736732482910156,44377,0.0,0.0
2015-09-21 00:00:00+08:00,7.654426516429719,7.764167160382781,7.517249905628991,7.736732482910156,120023,0.0,0.0
2015-09-22 00:00:00+08:00,7.70929651606249,7.764167160382781,7.654426516429719,7.736732482910156,151287,0.0,0.0
2015-09-23 00:00:00+08:00,7.764167160382781,7.764167160382781,7.654426516429719,7.736732482910156,139733,0.0,0.0
2015-09-24 00:00:00+08:00,7.681861550059287,7.7641668687608165,7.626990907799936,7.709296226501465,183752,0.0,0.0
2015-09-25 00:00:00+08:00,7.681862844557271,8.17569677404665,7.572121541545672,8.065956115722656,313385,0.0,0.0
2015-09-29 00:00:00+08:00,8.065956115722656,8.065956115722656,8.065956115722656,8.065956115722656,0,0.0,0.0
2015-09-30 00:00:00+08:00,8.065955664385308,8.395178265622967,7.8464737153310145,7.819038391113281,520325,0.0,0.0
2015-10-01 00:00:00+08:00,8.138776525447765,8.313178840534027,8.0515757094213,8.196910858154297,276486,0.649351,0.0
2015-10-02 00:00:00+08:00,8.196909837670583,8.255044163139614,8.02250686126349,8.05157470703125,124783,0.0,0.0
2015-10-05 00:00:00+08:00,8.022508728869258,8.022508728869258,7.906241416931152,7.906241416931152,134184,0.0,0.0
2015-10-06 00:00:00+08:00,7.8771735643965215,7.964374389866803,7.8771735643965215,7.906241416931152,93644,0.0,0.0
2015-10-07 00:00:00+08:00,8.255046009404362,8.255046009404362,8.022508655520593,8.16784381866455,32044,0.0,0.0
2015-10-08 00:00:00+08:00,8.022506349693446,8.109707832336426,8.022506349693446,8.109707832336426,18480,0.0,0.0
2015-10-12 00:00:00+08:00,8.08064180225977,8.225976943969727,7.964373142465169,8.225976943969727,15138,0.0,0.0
2015-10-13 00:00:00+08:00,8.138776779174805,8.138776779174805,8.138776779174805,8.138776779174805,11287,0.0,0.0
2015-10-14 00:00:00+08:00,8.0515757094213,8.196910858154297,7.964373527328175,8.196910858154297,29555,0.0,0.0
2015-10-15 00:00:00+08:00,8.196909837670583,8.225976317371854,7.99344038156222,8.05157470703125,50019,0.0,0.0
2015-10-16 00:00:00+08:00,8.109709611915369,8.138776779174805,8.022508110137059,8.138776779174805,22286,0.0,0.0
2015-10-19 00:00:00+08:00,8.022508110137059,8.138776779174805,7.9353072913921,8.138776779174805,15625,0.0,0.0
2015-10-20 00:00:00+08:00,8.02250686126349,8.05157470703125,8.02250686126349,8.05157470703125,16016,0.0,0.0
2015-10-21 00:00:00+08:00,8.225977597919764,8.225977597919764,8.022508110137059,8.138776779174805,21423,0.0,0.0
2015-10-22 00:00:00+08:00,8.138777332462476,8.16784381866455,8.109710163227005,8.16784381866455,24801,0.0,0.0
2015-10-23 00:00:00+08:00,8.138776525447765,8.255045190860827,8.138776525447765,8.196910858154297,26954,0.0,0.0
2015-10-26 00:00:00+08:00,8.255045190860827,8.284111674180762,8.196910858154297,8.196910858154297,19044,0.0,0.0
2015-10-27 00:00:00+08:00,8.196910858154297,8.196910858154297,8.138776525447765,8.196910858154297,57853,0.0,0.0
2015-10-28 00:00:00+08:00,8.196910858154297,8.196910858154297,8.167843008767703,8.196910858154297,12668,0.0,0.0
2015-10-29 00:00:00+08:00,8.138776525447765,8.196910858154297,8.138776525447765,8.196910858154297,57904,0.0,0.0
2015-10-30 00:00:00+08:00,8.138776525447765,8.196910858154297,8.138776525447765,8.196910858154297,31095,0.0,0.0
2015-11-02 00:00:00+08:00,8.196910272259576,8.691050015845219,8.16784242495068,8.42944622039795,51132,0.0,0.0
2015-11-03 00:00:00+08:00,8.603849871276758,8.603849871276758,8.342246055603027,8.342246055603027,73427,0.0,0.0
2015-11-04 00:00:00+08:00,8.429446471702834,8.429446471702834,8.342245659309569,8.371312141418457,47825,0.0,0.0
2015-11-05 00:00:00+08:00,8.313178062438965,8.400379553336894,8.255044418206944,8.313178062438965,130914,0.0,0.0
2015-11-06 00:00:00+08:00,8.31317888908002,8.342246055603027,8.25504523906734,8.342246055603027,92643,0.0,0.0
2015-11-09 00:00:00+08:00,8.981719965644267,8.981719965644267,8.661982536315918,8.661982536315918,177059,0.0,0.0
2015-11-10 00:00:00+08:00,8.545714688956512,8.691049824094788,8.545714688956512,8.632915496826172,42702,0.0,0.0
2015-11-11 00:00:00+08:00,8.574781046662775,8.661982536315918,8.487580240042886,8.661982536315918,58426,0.0,0.0
2015-11-12 00:00:00+08:00,8.720117568969727,8.807318382651768,8.516648093000546,8.720117568969727,42908,0.0,0.0
2015-11-13 00:00:00+08:00,8.545714566478315,8.77825050615352,8.545714566478315,8.661982536315918,45847,0.0,0.0
2015-11-16 00:00:00+08:00,8.603848892913744,8.720116862751347,8.545714566478315,8.661982536315918,43496,0.0,0.0
2015-11-17 00:00:00+08:00,8.603848892913744,8.691049699533632,8.545714566478315,8.661982536315918,38192,0.0,0.0
2015-11-18 00:00:00+08:00,8.632915892945494,8.632915892945494,8.545715081074645,8.603849411010742,49280,0.0,0.0
2015-11-19 00:00:00+08:00,8.632915892945494,8.632915892945494,8.487580751138548,8.603849411010742,100537,0.0,0.0
2015-11-20 00:00:00+08:00,8.632915496826172,8.691049824094788,8.632915496826172,8.632915496826172,78848,0.0,0.0
2015-11-23 00:00:00+08:00,8.661982660460481,9.03985442163996,8.661982660460481,8.632915496826172,129360,0.0,0.0
2015-11-24 00:00:00+08:00,8.894519805908203,8.923586971239926,8.83638547524476,8.894519805908203,140386,0.0,0.0
2015-11-25 00:00:00+08:00,8.894518975361647,8.894518975361647,8.77825032489162,8.86545181274414,40704,0.0,0.0
2015-11-26 00:00:00+08:00,8.77825032489162,8.894518975361647,8.77825032489162,8.86545181274414,23437,0.0,0.0
2015-11-27 00:00:00+08:00,8.836384773254395,8.836384773254395,8.778250447209327,8.836384773254395,30800,0.0,0.0
2015-11-30 00:00:00+08:00,8.778250447209327,8.86545193627693,8.72011680419751,8.836384773254395,24784,0.0,0.0
2015-12-01 00:00:00+08:00,8.72011680419751,8.836384773254395,8.72011680419751,8.836384773254395,25270,0.0,0.0
2015-12-02 00:00:00+08:00,8.894519805908203,8.894519805908203,8.778251144581317,8.894519805908203,46471,0.0,0.0
2015-12-03 00:00:00+08:00,8.95265496710052,8.981721452095405,8.894520631044012,8.923587799072266,22445,0.0,0.0
2015-12-04 00:00:00+08:00,8.836384773254395,8.952653425344533,8.72011680419751,8.836384773254395,54208,0.0,0.0
2015-12-07 00:00:00+08:00,8.836385854016651,8.952654520327398,8.807318687438965,8.807318687438965,23772,0.0,0.0
2015-12-08 00:00:00+08:00,8.778251144581317,8.894519805908203,8.7491846622829,8.894519805908203,36313,0.0,0.0
2015-12-09 00:00:00+08:00,8.836386294987504,8.981721452095405,8.720118305907857,8.923587799072266,110756,0.0,0.0
2015-12-10 00:00:00+08:00,8.923586971239926,8.923586971239926,8.661983166287735,8.894519805908203,81018,0.0,0.0
2015-12-11 00:00:00+08:00,8.778251647949219,8.836385981946236,8.661983662988526,8.778251647949219,65672,0.0,0.0
2015-12-14 00:00:00+08:00,8.720116862751347,8.720116862751347,8.487580240042886,8.661982536315918,60368,0.0,0.0
2015-12-15 00:00:00+08:00,8.691050829987034,8.778251647949219,8.691050829987034,8.778251647949219,15019,0.0,0.0
2015-12-16 00:00:00+08:00,8.720117996985545,8.807318814947728,8.661983662988526,8.778251647949219,73918,0.0,0.0
2015-12-17 00:00:00+08:00,8.836385981946236,8.836385981946236,8.720117996985545,8.778251647949219,54583,0.0,0.0
2015-12-18 00:00:00+08:00,8.778251647949219,8.778251647949219,8.661983662988526,8.778251647949219,26241,0.0,0.0
2015-12-21 00:00:00+08:00,8.691050829987034,8.778251647949219,8.691050829987034,8.778251647949219,10102,0.0,0.0
2015-12-22 00:00:00+08:00,8.749185163984054,8.778251647949219,8.661983662988526,8.778251647949219,105459,0.0,0.0
2015-12-23 00:00:00+08:00,8.691052172828835,8.749186515808105,8.632917829849564,8.749186515808105,40781,0.0,0.0
2015-12-24 00:00:00+08:00,8.691050829987034,8.807318814947728,8.691050829987034,8.778251647949219,13570,0.0,0.0
2015-12-25 00:00:00+08:00,8.661983237826158,8.778251217079985,8.661983237826158,8.720117568969727,21387,0.0,0.0
2015-12-28 00:00:00+08:00,8.720116862751347,8.720116862751347,8.574781046662775,8.661982536315918,70224,0.0,0.0
2015-12-29 00:00:00+08:00,8.603849714532906,8.69105052947998,8.603849714532906,8.69105052947998,24038,0.0,0.0
2015-12-30 00:00:00+08:00,8.691050403397941,8.720117568969727,8.691050403397941,8.720117568969727,16475,0.0,0.0
2015-12-31 00:00:00+08:00,8.720117568969727,8.720117568969727,8.574781741110804,8.720117568969727,24657,0.0,0.0
2016-01-04 00:00:00+08:00,8.661983057913544,8.661983057913544,8.603849411010742,8.603849411010742,16835,0.0,0.0
2016-01-05 00:00:00+08:00,8.545715678027834,8.778251647949219,8.516648511029326,8.778251647949219,60774,0.0,0.0
2016-01-06 00:00:00+08:00,8.661983237826158,8.720117568969727,8.632916072254373,8.720117568969727,25980,0.0,0.0
2016-01-07 00:00:00+08:00,8.6038495897159,8.720117568969727,8.545715258572331,8.720117568969727,99792,0.0,0.0
2016-01-08 00:00:00+08:00,8.720117996985545,8.778251647949219,8.661983662988526,8.778251647949219,14536,0.0,0.0
2016-01-11 00:00:00+08:00,8.778251217079985,8.778251217079985,8.661983237826158,8.720117568969727,33264,0.0,0.0
2016-01-12 00:00:00+08:00,8.545715081074645,8.691050222881591,8.545715081074645,8.603849411010742,19333,0.0,0.0
2016-01-13 00:00:00+08:00,8.603849714532906,8.69105052947998,8.603849714532906,8.69105052947998,11193,0.0,0.0
2016-01-14 00:00:00+08:00,8.487580240042886,8.661982536315918,8.458513076825172,8.661982536315918,16016,0.0,0.0
2016-01-15 00:00:00+08:00,8.691052172828835,8.77825300426429,8.516649826924471,8.749186515808105,67070,0.0,0.0
2016-01-18 00:00:00+08:00,8.4585154839452,8.749186515808105,8.4585154839452,8.749186515808105,12320,0.0,0.0
2016-01-19 00:00:00+08:00,8.574781169557555,8.720116987729098,8.487580361687895,8.632915496826172,94371,0.0,0.0
2016-01-20 00:00:00+08:00,8.632916072254373,8.720117568969727,8.6038495897159,8.720117568969727,49823,0.0,0.0
2016-01-21 00:00:00+08:00,8.720117695473446,8.720117695473446,8.545715382545977,8.69105052947998,87470,0.0,0.0
2016-01-22 00:00:00+08:00,8.691050403397941,8.720117568969727,8.691050403397941,8.720117568969727,28336,0.0,0.0
2016-01-25 00:00:00+08:00,8.720117996985545,8.778251647949219,8.720117996985545,8.778251647949219,6158,0.0,0.0
2016-01-26 00:00:00+08:00,8.720117996985545,8.778251647949219,8.720117996985545,8.778251647949219,31271,0.0,0.0
2016-01-27 00:00:00+08:00,8.807318814947728,8.836385981946236,8.749185163984054,8.778251647949219,59748,0.0,0.0
2016-01-28 00:00:00+08:00,8.720117996985545,8.836385981946236,8.720117996985545,8.778251647949219,74141,0.0,0.0
2016-01-29 00:00:00+08:00,8.86545193627693,8.86545193627693,8.749183967220043,8.836384773254395,12875,0.0,0.0
2016-02-01 00:00:00+08:00,8.749185037316927,8.86545302059434,8.72011787073924,8.807318687438965,29715,0.0,0.0
2016-02-02 00:00:00+08:00,8.66198247815244,8.836384773254395,8.66198247815244,8.836384773254395,32620,0.0,0.0
2016-02-03 00:00:00+08:00,8.807318687438965,8.807318687438965,8.63291637100618,8.807318687438965,23947,0.0,0.0
2016-02-15 00:00:00+08:00,8.807318687438965,8.807318687438965,8.807318687438965,8.807318687438965,3696,0.0,0.0
2016-02-16 00:00:00+08:00,8.691049641174974,8.836384773254395,8.632915315129905,8.836384773254395,60589,0.0,0.0
2016-02-17 00:00:00+08:00,8.749185348318933,8.952654838562012,8.749185348318933,8.952654838562012,144464,0.0,0.0
2016-02-18 00:00:00+08:00,9.03985417302778,9.03985417302778,8.86545187905157,9.010787010192871,47052,0.0,0.0
2016-02-19 00:00:00+08:00,9.010787010192871,9.010787010192871,9.010787010192871,9.010787010192871,0,0.0,0.0
2016-02-22 00:00:00+08:00,8.923586971239926,8.923586971239926,8.778251144581317,8.894519805908203,25225,0.0,0.0
2016-02-23 00:00:00+08:00,8.894519805908203,8.894519805908203,8.83638547524476,8.894519805908203,29887,0.0,0.0
2016-02-24 00:00:00+08:00,8.894519805908203,8.923586971239926,8.7491846622829,8.894519805908203,45972,0.0,0.0
2016-02-25 00:00:00+08:00,8.865452640576482,8.894519805908203,8.865452640576482,8.894519805908203,14784,0.0,0.0
2016-02-26 00:00:00+08:00,8.894520631044012,8.923587799072266,8.894520631044012,8.923587799072266,9856,0.0,0.0
2016-03-01 00:00:00+08:00,8.923586204721389,9.010787010192871,8.86545187905157,9.010787010192871,47192,0.0,0.0
2016-03-02 00:00:00+08:00,9.01078713866352,9.301457405090332,9.01078713866352,9.301457405090332,232999,0.0,0.0
2016-03-03 00:00:00+08:00,9.301458886181628,9.301458886181628,9.127057244981797,9.243325233459473,38339,0.0,0.0
2016-03-04 00:00:00+08:00,9.127057240179544,9.970001693024242,9.127057240179544,9.70839786529541,450316,0.0,0.0
2016-03-07 00:00:00+08:00,9.737464814453618,9.970000769752634,9.737464814453618,9.853732109069824,253252,0.0,0.0
2016-03-08 00:00:00+08:00,9.882799851494209,9.940934181213379,9.82466552177504,9.940934181213379,171246,0.0,0.0
2016-03-09 00:00:00+08:00,9.824666278471582,9.882800612668262,9.73746546020991,9.766531944274902,121801,0.0,0.0
2016-03-10 00:00:00+08:00,9.766531817044969,9.882800483923683,9.679330999919273,9.795598983764648,173879,0.0,0.0
2016-03-11 00:00:00+08:00,9.882800483923683,9.882800483923683,9.708397483605614,9.795598983764648,134629,0.0,0.0
2016-03-14 00:00:00+08:00,9.795598983764648,9.795598983764648,9.73746533335863,9.795598983764648,73875,0.0,0.0
2016-03-15 00:00:00+08:00,9.766532672550005,10.17347167620488,9.737466186317569,9.970002174377441,345638,0.0,0.0
2016-03-16 00:00:00+08:00,9.999066998316737,9.999066998316737,9.79559821334833,9.911866188049316,62356,0.0,0.0
2016-03-17 00:00:00+08:00,9.911866636685728,10.086269631181061,9.853732305187284,10.028135299682617,209735,0.0,0.0
2016-03-18 00:00:00+08:00,10.08626993456167,10.115336418151855,9.970001268067586,10.115336418151855,213909,0.0,0.0
2016-03-21 00:00:00+08:00,9.99906775165777,10.115336418151855,9.970001268067586,10.115336418151855,112555,0.0,0.0
2016-03-22 00:00:00+08:00,10.05720043182373,10.115334755515354,9.969999629319517,10.05720043182373,49304,0.0,0.0
2016-03-23 00:00:00+08:00,9.940935688145005,10.057202999141545,9.882801349613338,9.970002174377441,49363,0.0,0.0
2016-03-24 00:00:00+08:00,9.882799851494209,9.970000663039668,9.882799851494209,9.940934181213379,46092,0.0,0.0
2016-03-25 00:00:00+08:00,9.940934035516168,9.940934035516168,9.853731859182181,9.911866188049316,21690,0.0,0.0
2016-03-28 00:00:00+08:00,9.882798194885254,9.999065468767645,9.795596714923692,9.882798194885254,99445,0.0,0.0
2016-03-29 00:00:00+08:00,9.824666680287546,9.882801016861844,9.650263670564652,9.737465858459473,121475,0.0,0.0
2016-03-30 00:00:00+08:00,9.650262088449729,9.824665069580078,9.650262088449729,9.824665069580078,114171,0.0,0.0
2016-03-31 00:00:00+08:00,9.679329935004716,9.853731550068542,9.679329935004716,9.824665069580078,38192,0.0,0.0
2016-04-01 00:00:00+08:00,9.679330681438191,9.73746501296474,9.650262832641602,9.650262832641602,66528,0.0,0.0
2016-04-06 00:00:00+08:00,9.679329872131348,9.737464198797177,9.679329872131348,9.679329872131348,16067,0.0,0.0
2016-04-07 00:00:00+08:00,9.679331521885175,9.737465858459473,9.592130017023727,9.737465858459473,83774,0.0,0.0
2016-04-08 00:00:00+08:00,9.73746546020991,9.766531944274902,9.73746546020991,9.766531944274902,25945,0.0,0.0
2016-04-11 00:00:00+08:00,9.650263275881542,9.795599111373242,9.650263275881542,9.766531944274902,25009,0.0,0.0
2016-04-12 00:00:00+08:00,9.766530742536629,9.824665069580078,9.621195607961267,9.824665069580078,88955,0.0,0.0
2016-04-13 00:00:00+08:00,9.824665069580078,9.824665069580078,9.824665069580078,9.824665069580078,2464,0.0,0.0
2016-04-14 00:00:00+08:00,9.824663874910879,9.882798194885254,9.67932875800812,9.882798194885254,129729,0.0,0.0
2016-04-15 00:00:00+08:00,9.853730351864886,9.882798194885254,9.853730351864886,9.882798194885254,4005,0.0,0.0
2016-04-18 00:00:00+08:00,9.882798194885254,9.882798194885254,9.853730351864886,9.882798194885254,4930,0.0,0.0
2016-04-19 00:00:00+08:00,9.882799957273829,9.882799957273829,9.766531296591019,9.853732109069824,14796,0.0,0.0
2016-04-20 00:00:00+08:00,9.824666278471582,9.882800612668262,9.67933112601323,9.766531944274902,78404,0.0,0.0
2016-04-21 00:00:00+08:00,9.766531296591019,9.853732109069824,9.766531296591019,9.853732109069824,26310,0.0,0.0
2016-04-22 00:00:00+08:00,9.824665377781898,9.911866188049316,9.76653104891476,9.911866188049316,87561,0.0,0.0
2016-04-25 00:00:00+08:00,9.911866188049316,9.940934035516168,9.853731859182181,9.911866188049316,65296,0.0,0.0
2016-04-26 00:00:00+08:00,9.882798194885254,9.882798194885254,9.824663874910879,9.882798194885254,37329,0.0,0.0
2016-04-27 00:00:00+08:00,9.882798194885254,9.882798194885254,9.853730351864886,9.882798194885254,25872,0.0,0.0
2016-04-28 00:00:00+08:00,9.882799851494209,9.940934181213379,9.85373200360133,9.940934181213379,145819,0.0,0.0
2016-04-29 00:00:00+08:00,9.940934035516168,9.940934035516168,9.882799706649033,9.911866188049316,28064,0.0,0.0
2016-05-03 00:00:00+08:00,9.882801349613338,9.970002174377441,9.882801349613338,9.970002174377441,196046,0.0,0.0
2016-05-04 00:00:00+08:00,9.99906714486596,9.99906714486596,9.940934181213379,9.940934181213379,94223,0.0,0.0
2016-05-05 00:00:00+08:00,9.940935290055958,10.057202596396523,9.940935290055958,9.999068260192871,278926,0.0,0.0
2016-05-06 00:00:00+08:00,10.028133311788011,10.028133311788011,9.882798194885254,9.882798194885254,35949,0.0,0.0
2016-05-09 00:00:00+08:00,9.882799706649033,9.911866188049316,9.853731859182181,9.911866188049316,26091,0.0,0.0
2016-05-10 00:00:00+08:00,9.882799851494209,9.940934181213379,9.882799851494209,9.940934181213379,44499,0.0,0.0
2016-05-11 00:00:00+08:00,9.882799851494209,9.940934181213379,9.76653119205587,9.940934181213379,29568,0.0,0.0
2016-05-12 00:00:00+08:00,9.882798194885254,9.940932514859629,9.824663874910879,9.882798194885254,19861,0.0,0.0
2016-05-13 00:00:00+08:00,9.882799396623529,9.882799396623529,9.766530742536629,9.824665069580078,91291,0.0,0.0
2016-05-16 00:00:00+08:00,9.795596714923692,9.882798194885254,9.708395234962127,9.882798194885254,49286,0.0,0.0
2016-05-17 00:00:00+08:00,9.824663874910879,9.882798194885254,9.766529554936502,9.882798194885254,55122,0.0,0.0
2016-05-18 00:00:00+08:00,9.824665626932424,9.853732109069824,9.766531296591019,9.853732109069824,62830,0.0,0.0
2016-05-19 00:00:00+08:00,9.795596714923692,9.882798194885254,9.737463077982495,9.882798194885254,50881,0.0,0.0
2016-05-20 00:00:00+08:00,9.853730351864886,9.882798194885254,9.795596714923692,9.882798194885254,14909,0.0,0.0
2016-05-23 00:00:00+08:00,9.79559846176172,9.853732109069824,9.79559846176172,9.853732109069824,48049,0.0,0.0
2016-05-24 00:00:00+08:00,9.853731550068542,9.853731550068542,9.766530742536629,9.824665069580078,36961,0.0,0.0
2016-05-25 00:00:00+08:00,9.824665626932424,9.853732109069824,9.679330484112214,9.853732109069824,59031,0.0,0.0
2016-05-26 00:00:00+08:00,9.853732109069824,9.853732109069824,9.708396966249614,9.853732109069824,50510,0.0,0.0
2016-05-27 00:00:00+08:00,9.853731550068542,9.853731550068542,9.766530742536629,9.824665069580078,20493,0.0,0.0
2016-05-30 00:00:00+08:00,9.824665069580078,9.824665069580078,9.766530742536629,9.824665069580078,19889,0.0,0.0
2016-05-31 00:00:00+08:00,9.824666150484326,9.824666150484326,9.766531817044969,9.795598983764648,9856,0.0,0.0
2016-06-01 00:00:00+08:00,9.824666150484326,9.824666150484326,9.795598983764648,9.795598983764648,19785,0.0,0.0
2016-06-02 00:00:00+08:00,9.795597906058354,9.824665069580078,9.737464262048167,9.824665069580078,14719,0.0,0.0
2016-06-03 00:00:00+08:00,9.795598983764648,9.795598983764648,9.766531817044969,9.795598983764648,18531,0.0,0.0
2016-06-06 00:00:00+08:00,9.795599111373242,9.795599111373242,9.73746546020991,9.766531944274902,16648,0.0,0.0
2016-06-07 00:00:00+08:00,9.766531944274902,9.766531944274902,9.766531944274902,9.766531944274902,0,0.0,0.0
2016-06-08 00:00:00+08:00,9.824666150484326,9.824666150484326,9.795598983764648,9.795598983764648,23408,0.0,0.0
2016-06-13 00:00:00+08:00,9.766531944274902,9.766531944274902,9.62119679181655,9.766531944274902,38438,0.0,0.0
2016-06-14 00:00:00+08:00,9.766532343713248,9.766532343713248,9.70839800713895,9.737465858459473,16311,0.0,0.0
2016-06-15 00:00:00+08:00,9.70839800713895,9.766532343713248,9.650263670564652,9.737465858459473,33750,0.0,0.0
2016-06-16 00:00:00+08:00,9.824666150484326,9.824666150484326,9.795598983764648,9.795598983764648,28336,0.0,0.0
2016-06-17 00:00:00+08:00,9.795598983764648,9.795598983764648,9.766531817044969,9.795598983764648,34994,0.0,0.0
2016-06-20 00:00:00+08:00,9.795596714923692,9.882798194885254,9.708395234962127,9.882798194885254,44882,0.0,0.0
2016-06-21 00:00:00+08:00,9.882798194885254,9.882798194885254,9.882798194885254,9.882798194885254,61203,0.0,0.0
2016-06-22 00:00:00+08:00,9.882798194885254,9.882798194885254,9.766529554936502,9.882798194885254,28582,0.0,0.0
2016-06-23 00:00:00+08:00,9.882798194885254,9.882798194885254,9.708395234962127,9.882798194885254,35235,0.0,0.0
2016-06-24 00:00:00+08:00,9.853731550068542,9.853731550068542,9.70839641549318,9.824665069580078,42054,0.0,0.0
2016-06-27 00:00:00+08:00,9.650263150166257,9.795598983764648,9.621196666479916,9.795598983764648,17248,0.0,0.0
2016-06-28 00:00:00+08:00,9.795597906058354,9.824665069580078,9.795597906058354,9.824665069580078,6211,0.0,0.0
2016-06-29 00:00:00+08:00,9.679330484112214,9.853732109069824,9.679330484112214,9.853732109069824,9856,0.0,0.0
2016-06-30 00:00:00+08:00,9.824665069580078,9.824665069580078,9.824665069580078,9.824665069580078,11197,0.0,0.0
2016-07-01 00:00:00+08:00,9.824665069580078,9.824665069580078,9.766530742536629,9.824665069580078,23555,0.0,0.0
2016-07-04 00:00:00+08:00,9.795597906058354,9.824665069580078,9.766530742536629,9.824665069580078,16944,0.0,0.0
2016-07-05 00:00:00+08:00,9.824666278471582,9.824666278471582,9.766531944274902,9.766531944274902,17691,0.0,0.0
2016-07-06 00:00:00+08:00,9.766530742536629,9.824665069580078,9.766530742536629,9.824665069580078,24691,0.0,0.0
2016-07-07 00:00:00+08:00,9.766531817044969,9.824666150484326,9.73746533335863,9.795598983764648,158979,0.0,0.0
2016-07-08 00:00:00+08:00,9.795598983764648,9.795598983764648,9.795598983764648,9.795598983764648,0,0.0,0.0
2016-07-11 00:00:00+08:00,9.766530742536629,9.824665069580078,9.70839641549318,9.824665069580078,17241,0.0,0.0
2016-07-12 00:00:00+08:00,9.824663874910879,9.882798194885254,9.824663874910879,9.882798194885254,100725,0.0,0.0
2016-07-13 00:00:00+08:00,9.766529554936502,9.882798194885254,9.766529554936502,9.882798194885254,62689,0.0,0.0
2016-07-14 00:00:00+08:00,9.882799396623529,9.882799396623529,9.795597906058354,9.824665069580078,21322,0.0,0.0
2016-07-15 00:00:00+08:00,9.824665005762665,9.824665005762665,9.650262025765175,9.679329872131348,174054,0.0,0.0
2016-07-18 00:00:00+08:00,9.650262088449729,9.824665069580078,9.650262088449729,9.824665069580078,13552,0.0,0.0
2016-07-19 00:00:00+08:00,9.853732109069824,9.853732109069824,9.853732109069824,9.853732109069824,5031,0.0,0.0
2016-07-20 00:00:00+08:00,9.824665626932424,9.853732109069824,9.824665626932424,9.853732109069824,4190,0.0,0.0
2016-07-21 00:00:00+08:00,9.853732109069824,9.882799957273829,9.853732109069824,9.853732109069824,46963,0.0,0.0
2016-07-22 00:00:00+08:00,9.824665069580078,9.824665069580078,9.824665069580078,9.824665069580078,7392,0.0,0.0
2016-07-25 00:00:00+08:00,9.79559846176172,9.853732109069824,9.79559846176172,9.853732109069824,38329,0.0,0.0
2016-07-26 00:00:00+08:00,9.824663874910879,9.882798194885254,9.824663874910879,9.882798194885254,75150,0.0,0.0
2016-07-27 00:00:00+08:00,9.882798194885254,9.882798194885254,9.824663874910879,9.882798194885254,25503,0.0,0.0
2016-07-28 00:00:00+08:00,9.824663874910879,9.882798194885254,9.824663874910879,9.882798194885254,19726,0.0,0.0
2016-07-29 00:00:00+08:00,9.824663874910879,9.882798194885254,9.766529554936502,9.882798194885254,23408,0.0,0.0
2016-08-01 00:00:00+08:00,9.882799396623529,9.882799396623529,9.824665069580078,9.824665069580078,48353,0.0,0.0
2016-08-02 00:00:00+08:00,9.824665069580078,9.824665069580078,9.824665069580078,9.824665069580078,3799,0.0,0.0
2016-08-03 00:00:00+08:00,9.76653104891476,9.911866188049316,9.76653104891476,9.911866188049316,106984,0.0,0.0
2016-08-04 00:00:00+08:00,9.911864671839261,9.911864671839261,9.882798194885254,9.882798194885254,105143,0.0,0.0
2016-08-05 00:00:00+08:00,9.882798194885254,9.882798194885254,9.853730351864886,9.882798194885254,41318,0.0,0.0
2016-08-08 00:00:00+08:00,9.882799396623529,9.882799396623529,9.795597906058354,9.824665069580078,29619,0.0,0.0
2016-08-09 00:00:00+08:00,9.853732109069824,9.853732109069824,9.853732109069824,9.853732109069824,2464,0.0,0.0
2016-08-10 00:00:00+08:00,9.882798194885254,9.882798194885254,9.708395234962127,9.882798194885254,35728,0.0,0.0
2016-08-11 00:00:00+08:00,9.882800612668262,9.882800612668262,9.766531944274902,9.766531944274902,34496,0.0,0.0
2016-08-12 00:00:00+08:00,9.76653104891476,9.911866188049316,9.737464567514477,9.911866188049316,143434,0.0,0.0
2016-08-15 00:00:00+08:00,9.882798194885254,9.882798194885254,9.824663874910879,9.882798194885254,47583,0.0,0.0
2016-08-16 00:00:00+08:00,9.882798194885254,9.882798194885254,9.824663874910879,9.882798194885254,16832,0.0,0.0
2016-08-17 00:00:00+08:00,9.882799396623529,9.882799396623529,9.824665069580078,9.824665069580078,23555,0.0,0.0
2016-08-18 00:00:00+08:00,9.824663874910879,9.882798194885254,9.824663874910879,9.882798194885254,13552,0.0,0.0
2016-08-19 00:00:00+08:00,9.882799957273829,9.882799957273829,9.853732109069824,9.853732109069824,18323,0.0,0.0
2016-08-22 00:00:00+08:00,9.824663874910879,9.882798194885254,9.795596714923692,9.882798194885254,35126,0.0,0.0
2016-08-23 00:00:00+08:00,9.882798194885254,9.882798194885254,9.824663874910879,9.882798194885254,40558,0.0,0.0
2016-08-24 00:00:00+08:00,9.882799396623529,9.882799396623529,9.824665069580078,9.824665069580078,33411,0.0,0.0
2016-08-25 00:00:00+08:00,9.882798194885254,9.882798194885254,9.824663874910879,9.882798194885254,20944,0.0,0.0
2016-08-26 00:00:00+08:00,9.882798194885254,9.882798194885254,9.853730351864886,9.882798194885254,18603,0.0,0.0
2016-08-29 00:00:00+08:00,9.882798194885254,9.882798194885254,9.853730351864886,9.882798194885254,42263,0.0,0.0
2016-08-30 00:00:00+08:00,9.882798194885254,9.882798194885254,9.853730351864886,9.882798194885254,105631,0.0,0.0
2016-08-31 00:00:00+08:00,9.882800518823304,9.882800518823304,9.85373266896764,9.475861549377441,105177,0.0,0.0
2016-09-01 00:00:00+08:00,10.022546377863625,10.144031524658203,10.022546377863625,10.144031524658203,294290,0.568182,0.0
2016-09-02 00:00:00+08:00,10.144028341062308,10.235142707824707,10.144028341062308,10.235142707824707,81312,0.0,0.0
2016-09-05 00:00:00+08:00,10.265516245343402,10.295886993408203,10.235144783596354,10.295886993408203,59292,0.0,0.0
2016-09-06 00:00:00+08:00,10.295886993408203,10.295886993408203,10.265516245343402,10.295886993408203,66943,0.0,0.0
2016-09-07 00:00:00+08:00,10.295886993408203,10.295886993408203,10.265516245343402,10.295886993408203,18849,0.0,0.0
2016-09-08 00:00:00+08:00,10.295886993408203,10.295886993408203,10.265516245343402,10.295886993408203,22550,0.0,0.0
2016-09-09 00:00:00+08:00,10.295886993408203,10.295886993408203,10.265516245343402,10.295886993408203,38192,0.0,0.0
2016-09-12 00:00:00+08:00,10.3262591688375,10.3262591688375,10.295886993408203,10.295886993408203,20342,0.0,0.0
2016-09-13 00:00:00+08:00,10.295885534562675,10.326257705688477,10.295885534562675,10.326257705688477,67760,0.0,0.0
2016-09-14 00:00:00+08:00,10.3262591688375,10.3262591688375,10.144030398355207,10.295886993408203,188643,0.0,0.0
2016-09-19 00:00:00+08:00,10.295884905317537,10.295884905317537,10.174400510331878,10.235142707824707,28756,0.0,0.0
2016-09-20 00:00:00+08:00,10.3262591688375,10.3262591688375,10.265516245343402,10.295886993408203,110403,0.0,0.0
2016-09-21 00:00:00+08:00,10.295885503266083,10.35662841796875,10.204771844894228,10.35662841796875,189479,0.0,0.0
2016-09-22 00:00:00+08:00,10.3262591688375,10.3262591688375,10.265516245343402,10.295886993408203,87871,0.0,0.0
2016-09-23 00:00:00+08:00,10.295885534562675,10.326257705688477,10.235143333357515,10.326257705688477,38375,0.0,0.0
2016-09-26 00:00:00+08:00,10.326257705688477,10.326257705688477,10.265514790801168,10.326257705688477,47050,0.0,0.0
2016-09-27 00:00:00+08:00,10.326257705688477,10.326257705688477,10.326257705688477,10.326257705688477,0,0.0,0.0
2016-09-28 00:00:00+08:00,10.326257705688477,10.326257705688477,10.326257705688477,10.326257705688477,0,0.0,0.0
2016-09-29 00:00:00+08:00,10.3262591688375,10.3262591688375,10.265516245343402,10.295886993408203,83635,0.0,0.0
2016-09-30 00:00:00+08:00,10.295886993408203,10.3262591688375,10.204773321849304,10.295886993408203,98749,0.0,0.0
2016-10-03 00:00:00+08:00,10.326257705688477,10.326257705688477,10.204771875913861,10.326257705688477,160171,0.0,0.0
2016-10-04 00:00:00+08:00,10.326257172174362,10.38700008392334,10.295885002617764,10.38700008392334,111987,0.0,0.0
2016-10-05 00:00:00+08:00,10.32625767429956,10.387000589002227,10.32625767429956,10.35662841796875,91377,0.0,0.0
2016-10-06 00:00:00+08:00,10.356630048540772,10.629972494056299,10.326259300089943,10.599601745605469,127079,0.0,0.0
2016-10-07 00:00:00+08:00,10.690715041596137,11.055171146985726,10.690715041596137,10.933685302734375,453526,0.0,0.0
2016-10-11 00:00:00+08:00,11.055170764955824,11.055170764955824,10.660342498465115,10.842571258544922,139341,0.0,0.0
2016-10-12 00:00:00+08:00,10.933685849663695,10.933685849663695,10.872942924499512,10.872942924499512,116882,0.0,0.0
2016-10-13 00:00:00+08:00,11.024798883778075,11.024798883778075,10.569228428346472,10.781827926635742,102873,0.0,0.0
2016-10-14 00:00:00+08:00,10.569228585601529,10.660342249834184,10.508485666991632,10.629971504211426,33463,0.0,0.0
2016-10-17 00:00:00+08:00,10.6299713460526,10.781827926635742,10.478114765469458,10.781827926635742,26106,0.0,0.0
2016-10-18 00:00:00+08:00,10.812200891324059,10.812200891324059,10.508486974176796,10.721086502075195,43118,0.0,0.0
2016-10-19 00:00:00+08:00,10.721086502075195,10.721086502075195,10.629972826508613,10.721086502075195,40113,0.0,0.0
2016-10-20 00:00:00+08:00,10.72108599270756,10.781828915987521,10.72108599270756,10.751458168029785,27207,0.0,0.0
2016-10-21 00:00:00+08:00,10.781827926635742,10.812199385488805,10.751457181464858,10.781827926635742,38561,0.0,0.0
2016-10-24 00:00:00+08:00,10.629972321469861,10.751458168029785,10.629972321469861,10.751458168029785,28561,0.0,0.0
2016-10-25 00:00:00+08:00,10.781828915987521,10.781828915987521,10.629972321469861,10.751458168029785,68276,0.0,0.0
2016-10-26 00:00:00+08:00,10.629972826508613,10.721086502075195,10.629972826508613,10.721086502075195,51119,0.0,0.0
2016-10-27 00:00:00+08:00,10.690715752674521,10.721086502075195,10.690715752674521,10.721086502075195,6406,0.0,0.0
2016-10-28 00:00:00+08:00,10.629970018651024,10.690712928771973,10.59959927727264,10.690712928771973,16920,0.0,0.0
2016-10-31 00:00:00+08:00,10.59959927727264,10.690712928771973,10.59959927727264,10.690712928771973,5253,0.0,0.0
2016-11-01 00:00:00+08:00,10.629972826508613,10.721086502075195,10.629972826508613,10.721086502075195,15701,0.0,0.0
2016-11-02 00:00:00+08:00,10.629972494056299,10.629972494056299,10.50848664552395,10.599601745605469,23860,0.0,0.0
2016-11-03 00:00:00+08:00,10.599601745605469,10.751458342588645,10.599601745605469,10.599601745605469,43267,0.0,0.0
2016-11-04 00:00:00+08:00,10.599601745605469,10.629972494056299,10.50848664552395,10.599601745605469,41099,0.0,0.0
2016-11-07 00:00:00+08:00,10.599600758588668,10.72108516844408,10.538857839978771,10.629971504211426,82118,0.0,0.0
2016-11-08 00:00:00+08:00,10.569229569790124,10.599601745605469,10.569229569790124,10.599601745605469,13581,0.0,0.0
2016-11-09 00:00:00+08:00,10.478114543602036,10.538857460021973,10.083286300554619,10.538857460021973,43120,0.0,0.0
2016-11-10 00:00:00+08:00,10.538859150942029,10.721086502075195,10.538859150942029,10.721086502075195,2935,0.0,0.0
2016-11-11 00:00:00+08:00,10.538858821339295,10.599601745605469,10.50848664552395,10.599601745605469,24640,0.0,0.0
2016-11-14 00:00:00+08:00,10.50848715245446,10.629973006847298,10.44774422525804,10.569230079650879,28508,0.0,0.0
2016-11-15 00:00:00+08:00,10.508486373914263,10.508486373914263,10.174402440132045,10.417372703552246,70256,0.0,0.0
2016-11-16 00:00:00+08:00,10.265515049814425,10.538857460021973,10.265515049814425,10.538857460021973,25726,0.0,0.0
2016-11-17 00:00:00+08:00,10.356627066587903,10.4781128801412,10.26551342010498,10.26551342010498,16016,0.0,0.0
2016-11-18 00:00:00+08:00,10.326257705688477,10.326257705688477,10.235143333357515,10.326257705688477,40654,0.0,0.0
2016-11-21 00:00:00+08:00,10.32625767429956,10.35662841796875,10.265514759596895,10.35662841796875,17248,0.0,0.0
2016-11-22 00:00:00+08:00,10.326259033190231,10.447743451218093,10.20477318779789,10.417372703552246,70768,0.0,0.0
2016-11-23 00:00:00+08:00,10.326259033190231,10.417372703552246,10.326259033190231,10.417372703552246,63069,0.0,0.0
2016-11-24 00:00:00+08:00,10.417373475342123,10.629973006847298,10.417373475342123,10.569230079650879,45261,0.0,0.0
2016-11-25 00:00:00+08:00,10.38700286883636,10.447744369506836,10.38700286883636,10.447744369506836,13773,0.0,0.0
2016-11-28 00:00:00+08:00,10.3870019558864,10.417372703552246,10.356629780856077,10.417372703552246,12320,0.0,0.0
2016-11-29 00:00:00+08:00,10.356629780856077,10.417372703552246,10.356629780856077,10.417372703552246,11139,0.0,0.0
2016-11-30 00:00:00+08:00,10.356629780856077,10.417372703552246,10.26551611049406,10.417372703552246,37970,0.0,0.0
2016-12-01 00:00:00+08:00,10.326258496619658,10.47811508178711,10.326258496619658,10.47811508178711,39793,0.0,0.0
2016-12-02 00:00:00+08:00,10.356628449449984,10.508485022986104,10.326257705688477,10.326257705688477,18605,0.0,0.0
2016-12-05 00:00:00+08:00,10.326259940801283,10.447744369506836,10.326259940801283,10.447744369506836,21017,0.0,0.0
2016-12-06 00:00:00+08:00,10.47811508178711,10.47811508178711,10.47811508178711,10.47811508178711,2180,0.0,0.0
2016-12-07 00:00:00+08:00,10.47811508178711,10.47811508178711,10.47811508178711,10.47811508178711,0,0.0,0.0
2016-12-08 00:00:00+08:00,10.356628449449984,10.356628449449984,10.326257705688477,10.326257705688477,40729,0.0,0.0
2016-12-09 00:00:00+08:00,10.326259940801283,10.447744369506836,10.326259940801283,10.447744369506836,17246,0.0,0.0
2016-12-12 00:00:00+08:00,10.629973006847298,10.812201074754263,10.44774422525804,10.569230079650879,25597,0.0,0.0
2016-12-13 00:00:00+08:00,10.5084867477417,10.5084867477417,10.5084867477417,10.5084867477417,4928,0.0,0.0
2016-12-14 00:00:00+08:00,10.417372162247249,10.47811508178711,10.356629242707388,10.47811508178711,25872,0.0,0.0
2016-12-15 00:00:00+08:00,10.47811508178711,10.47811508178711,10.47811508178711,10.47811508178711,9,0.0,0.0
2016-12-16 00:00:00+08:00,10.447742908334977,10.47811508178711,10.326258496619658,10.47811508178711,46983,0.0,0.0
2016-12-19 00:00:00+08:00,10.356628449449984,10.356628449449984,10.326257705688477,10.326257705688477,23408,0.0,0.0
2016-12-20 00:00:00+08:00,10.35662791436674,10.38700008392334,10.326257172174362,10.38700008392334,44563,0.0,0.0
2016-12-21 00:00:00+08:00,10.38700008392334,10.38700008392334,10.38700008392334,10.38700008392334,1232,0.0,0.0
2016-12-22 00:00:00+08:00,10.326259940801283,10.447744369506836,10.326259940801283,10.447744369506836,16016,0.0,0.0
2016-12-23 00:00:00+08:00,10.387002325392167,10.5084867477417,10.326259400535138,10.5084867477417,35936,0.0,0.0
2016-12-26 00:00:00+08:00,10.38700141615952,10.47811508178711,10.38700141615952,10.47811508178711,25061,0.0,0.0
2016-12-27 00:00:00+08:00,10.387002325392167,10.5084867477417,10.387002325392167,10.5084867477417,11213,0.0,0.0
2016-12-28 00:00:00+08:00,10.5084867477417,10.5084867477417,10.5084867477417,10.5084867477417,2045,0.0,0.0
2016-12-29 00:00:00+08:00,10.5084867477417,10.5084867477417,10.5084867477417,10.5084867477417,19712,0.0,0.0
2016-12-30 00:00:00+08:00,10.356629242707388,10.47811508178711,10.356629242707388,10.47811508178711,4658,0.0,0.0
2017-01-03 00:00:00+08:00,10.38700286883636,10.447744369506836,10.326259940801283,10.447744369506836,81145,0.0,0.0
2017-01-04 00:00:00+08:00,10.387000589002227,10.387000589002227,10.35662841796875,10.35662841796875,56351,0.0,0.0
2017-01-05 00:00:00+08:00,10.356629242707388,10.751457506034281,10.356629242707388,10.47811508178711,86735,0.0,0.0
2017-01-06 00:00:00+08:00,10.47811508178711,10.47811508178711,10.144029738000077,10.47811508178711,139177,0.0,0.0
2017-01-09 00:00:00+08:00,10.387000589002227,10.387000589002227,10.265514759596895,10.35662841796875,78930,0.0,0.0
2017-01-10 00:00:00+08:00,10.35662841796875,10.387000589002227,10.32625767429956,10.35662841796875,32797,0.0,0.0
2017-01-11 00:00:00+08:00,10.326258407910236,10.326258407910236,10.022544526502237,10.113658905029297,137982,0.0,0.0
2017-01-12 00:00:00+08:00,10.174403703459756,10.174403703459756,10.113660773221305,10.144031524658203,39424,0.0,0.0
2017-01-13 00:00:00+08:00,10.144031524658203,10.144031524658203,10.144031524658203,10.144031524658203,19712,0.0,0.0
2017-01-16 00:00:00+08:00,10.144030062514718,10.295886652540167,10.083287141031647,10.174402236938477,49280,0.0,0.0
2017-01-17 00:00:00+08:00,10.174402236938477,10.174402236938477,10.144030062514718,10.174402236938477,68992,0.0,0.0
2017-01-18 00:00:00+08:00,10.174402236938477,10.174402236938477,10.144030062514718,10.174402236938477,67168,0.0,0.0
2017-01-19 00:00:00+08:00,10.174402236938477,10.174402236938477,10.113659315455406,10.174402236938477,89115,0.0,0.0
2017-01-20 00:00:00+08:00,10.174402236938477,10.174402236938477,10.083287141031647,10.174402236938477,17420,0.0,0.0
2017-01-23 00:00:00+08:00,10.174402236938477,10.174402236938477,10.113659315455406,10.174402236938477,46060,0.0,0.0
2017-01-24 00:00:00+08:00,10.174401824047335,10.174401824047335,10.083286731838081,10.113658905029297,46816,0.0,0.0
2017-02-02 00:00:00+08:00,10.113658489643337,10.113658489643337,9.961801912017455,10.052915573120117,53197,0.0,0.0
2017-02-03 00:00:00+08:00,10.022545998251962,10.022545998251962,9.779575000183193,9.870689392089844,69702,0.0,0.0
2017-02-06 00:00:00+08:00,9.658089701365592,10.204773902893066,9.658089701365592,10.204773902893066,197352,0.0,0.0
2017-02-07 00:00:00+08:00,10.26551342010498,10.26551342010498,10.26551342010498,10.26551342010498,13276,0.0,0.0
2017-02-08 00:00:00+08:00,10.052916393972337,10.265515905480855,10.022544933230803,10.174402236938477,31528,0.0,0.0
2017-02-09 00:00:00+08:00,10.022544933230803,10.174402236938477,9.992173472489268,10.174402236938477,35728,0.0,0.0
2017-02-10 00:00:00+08:00,10.022544933230803,10.174402236938477,9.992173472489268,10.174402236938477,48048,0.0,0.0
2017-02-13 00:00:00+08:00,10.052915573120117,10.204772150745999,10.022544114858508,10.052915573120117,64064,0.0,0.0
2017-02-14 00:00:00+08:00,10.052917842982852,10.144031524658203,9.961804161307501,10.144031524658203,47372,0.0,0.0
2017-02-15 00:00:00+08:00,10.022544526502237,10.113658905029297,10.022544526502237,10.113658905029297,30511,0.0,0.0
2017-02-16 00:00:00+08:00,10.144029201729037,10.174401373575522,10.02254408275391,10.08328628540039,49334,0.0,0.0
2017-02-17 00:00:00+08:00,9.992173400317675,10.022544860839844,9.961802653477728,10.022544860839844,9339,0.0,0.0
2017-02-20 00:00:00+08:00,9.961803399445376,9.99217414855957,9.961803399445376,9.99217414855957,19712,0.0,0.0
2017-02-21 00:00:00+08:00,9.961802653477728,10.144029989246294,9.870688271911225,10.022544860839844,30800,0.0,0.0
2017-02-22 00:00:00+08:00,9.99217414855957,9.99217414855957,9.99217414855957,9.99217414855957,1232,0.0,0.0
2017-02-23 00:00:00+08:00,9.961802653477728,10.022544860839844,9.961802653477728,10.022544860839844,15505,0.0,0.0
2017-02-24 00:00:00+08:00,9.961802653477728,10.022544860839844,9.931430479273342,10.022544860839844,22533,0.0,0.0
2017-03-01 00:00:00+08:00,10.022544860839844,10.022544860839844,10.022544860839844,10.022544860839844,0,0.0,0.0
2017-03-02 00:00:00+08:00,9.779573646740717,9.840316566271978,9.749202900657288,9.809945106506348,59700,0.0,0.0
2017-03-03 00:00:00+08:00,9.718830969300388,10.022544860839844,9.718830969300388,10.022544860839844,33389,0.0,0.0
2017-03-06 00:00:00+08:00,9.840317145670918,9.93143081665039,9.809945684117013,9.93143081665039,16016,0.0,0.0
2017-03-07 00:00:00+08:00,10.022546354608103,10.265517361315814,9.749204596533962,9.77957534790039,68047,0.0,0.0
2017-03-08 00:00:00+08:00,10.0832878232667,10.0832878232667,9.99217414855957,9.99217414855957,6160,0.0,0.0
2017-03-09 00:00:00+08:00,9.840317548259506,9.99217414855957,9.840317548259506,9.99217414855957,12928,0.0,0.0
2017-03-10 00:00:00+08:00,9.87068959345596,9.901061058044434,9.718832270513591,9.901061058044434,67341,0.0,0.0
2017-03-13 00:00:00+08:00,9.8403182779979,9.90106120809541,9.77957534790039,9.77957534790039,19712,0.0,0.0
2017-03-14 00:00:00+08:00,9.749204596533962,9.77957534790039,9.718832417802881,9.77957534790039,52405,0.0,0.0
2017-03-15 00:00:00+08:00,9.718832072245426,10.022545998251962,9.718832072245426,9.870689392089844,93632,0.0,0.0
2017-03-16 00:00:00+08:00,9.779573646740717,9.931430231886669,9.718830727209456,9.809945106506348,173713,0.0,0.0
2017-03-17 00:00:00+08:00,9.749203873552377,9.99217414855957,9.688460947959442,9.99217414855957,153894,0.0,0.0
2017-03-20 00:00:00+08:00,9.809946262789785,9.840317726135254,9.749204049781133,9.840317726135254,41740,0.0,0.0
2017-03-21 00:00:00+08:00,9.749204635620117,9.749204635620117,9.749204635620117,9.749204635620117,1232,0.0,0.0
2017-03-22 00:00:00+08:00,9.749204635620117,9.749204635620117,9.749204635620117,9.749204635620117,6652,0.0,0.0
2017-03-23 00:00:00+08:00,9.718832270513591,9.901061058044434,9.718832270513591,9.901061058044434,14144,0.0,0.0
2017-03-24 00:00:00+08:00,9.901060068778728,10.022545201312106,9.718831299455296,9.93143081665039,183075,0.0,0.0
2017-03-27 00:00:00+08:00,9.779574019120675,9.779574019120675,9.688460350036621,9.688460350036621,37590,0.0,0.0
2017-03-28 00:00:00+08:00,9.59734673305379,9.840317726135254,9.566975269708323,9.840317726135254,83959,0.0,0.0
2017-03-29 00:00:00+08:00,9.931430231886669,10.022544611183559,9.779573646740717,9.809945106506348,36431,0.0,0.0
2017-03-30 00:00:00+08:00,9.718832270513591,9.931431808950594,9.658090055018958,9.901061058044434,55469,0.0,0.0
2017-03-31 00:00:00+08:00,9.779574799444315,9.840317726135254,9.749204049781133,9.840317726135254,18481,0.0,0.0
2017-04-05 00:00:00+08:00,9.840316811389059,10.022544860839844,9.840316811389059,10.022544860839844,26053,0.0,0.0
2017-04-06 00:00:00+08:00,9.840317548259506,9.99217414855957,9.749203873552377,9.99217414855957,48526,0.0,0.0
2017-04-07 00:00:00+08:00,9.77957534790039,9.931431959461838,9.718832417802881,9.77957534790039,97749,0.0,0.0
2017-04-10 00:00:00+08:00,9.779573646740717,9.840316566271978,9.718830727209456,9.809945106506348,161417,0.0,0.0
2017-04-11 00:00:00+08:00,9.779574799444315,9.840317726135254,9.658089659744727,9.840317726135254,49280,0.0,0.0
2017-04-12 00:00:00+08:00,9.87068959345596,9.901061058044434,9.74920444878438,9.901061058044434,29641,0.0,0.0
2017-04-13 00:00:00+08:00,9.779574799444315,9.840317726135254,9.749204049781133,9.840317726135254,27692,0.0,0.0
2017-04-14 00:00:00+08:00,9.688459981126028,9.809945106506348,9.688459981126028,9.809945106506348,11088,0.0,0.0
2017-04-17 00:00:00+08:00,9.718832417802881,9.77957534790039,9.718832417802881,9.77957534790039,14784,0.0,0.0
2017-04-18 00:00:00+08:00,9.90106065282619,9.90106065282619,9.688461123090196,9.840317726135254,158941,0.0,0.0
2017-04-19 00:00:00+08:00,9.718831872753379,9.840317726135254,9.688461123090196,9.840317726135254,33276,0.0,0.0
2017-04-20 00:00:00+08:00,9.749203271880809,9.749203271880809,9.688460350036621,9.688460350036621,14824,0.0,0.0
2017-04-21 00:00:00+08:00,9.718831850626708,9.718831850626708,9.658089637756348,9.658089637756348,32044,0.0,0.0
2017-04-24 00:00:00+08:00,9.840316940964863,9.840316940964863,9.688460350036621,9.688460350036621,86869,0.0,0.0
2017-04-25 00:00:00+08:00,9.840318317449345,9.840318317449345,9.68846170527908,9.749204635620117,99843,0.0,0.0
2017-04-26 00:00:00+08:00,9.809945106506348,9.809945106506348,9.809945106506348,9.809945106506348,1232,0.0,0.0
2017-04-27 00:00:00+08:00,9.688459981126028,9.809945106506348,9.688459981126028,9.809945106506348,6750,0.0,0.0
2017-04-28 00:00:00+08:00,9.718831646030358,9.718831646030358,9.627717971801758,9.627717971801758,33264,0.0,0.0
2017-05-02 00:00:00+08:00,9.658089434438713,9.77957457130427,9.597346509164801,9.627717971801758,18480,0.0,0.0
2017-05-03 00:00:00+08:00,9.597346305847168,9.71883144013909,9.597346305847168,9.597346305847168,29774,0.0,0.0
2017-05-04 00:00:00+08:00,9.566975844597005,9.749204635620117,9.566975844597005,9.749204635620117,12528,0.0,0.0
2017-05-05 00:00:00+08:00,9.779573646740717,10.022544611183559,9.779573646740717,9.809945106506348,44429,0.0,0.0
2017-05-08 00:00:00+08:00,9.688461519607431,9.901061058044434,9.688461519607431,9.901061058044434,19712,0.0,0.0
2017-05-09 00:00:00+08:00,9.749204249896609,9.870689392089844,9.718832072245426,9.870689392089844,40797,0.0,0.0
2017-05-10 00:00:00+08:00,9.87068959345596,9.901061058044434,9.718832270513591,9.901061058044434,51630,0.0,0.0
2017-05-11 00:00:00+08:00,9.74920444878438,9.901061058044434,9.718832270513591,9.901061058044434,12320,0.0,0.0
2017-05-12 00:00:00+08:00,9.779574799444315,9.870689189480721,9.749204049781133,9.840317726135254,75152,0.0,0.0
2017-05-15 00:00:00+08:00,9.840318317449345,9.840318317449345,9.71883245676727,9.749204635620117,34496,0.0,0.0
2017-05-16 00:00:00+08:00,9.688461666436453,9.77957534790039,9.688461666436453,9.77957534790039,23463,0.0,0.0
2017-05-17 00:00:00+08:00,9.779573646740717,9.809945106506348,9.718830727209456,9.809945106506348,16121,0.0,0.0
2017-05-18 00:00:00+08:00,9.749203236811965,9.749203236811965,9.688460315186274,9.718831062316895,33264,0.0,0.0
2017-05-19 00:00:00+08:00,9.718832417802881,9.77957534790039,9.658090201387697,9.77957534790039,18480,0.0,0.0
2017-05-22 00:00:00+08:00,9.77957534790039,9.77957534790039,9.77957534790039,9.77957534790039,1256,0.0,0.0
2017-05-23 00:00:00+08:00,9.658089434438713,9.77957457130427,9.627717971801758,9.627717971801758,28360,0.0,0.0
2017-05-24 00:00:00+08:00,9.749204027585314,9.749204027585314,9.597346711203702,9.658089637756348,17617,0.0,0.0
2017-05-25 00:00:00+08:00,9.597346305847168,9.71883144013909,9.566974843853624,9.597346305847168,20944,0.0,0.0
2017-05-26 00:00:00+08:00,9.658088093941988,9.658088093941988,9.536602973937988,9.536602973937988,8624,0.0,0.0
2017-05-31 00:00:00+08:00,9.688460350036621,9.688460350036621,9.688460350036621,9.688460350036621,1673,0.0,0.0
2017-06-01 00:00:00+08:00,9.566974639892578,9.566974639892578,9.47586096953668,9.566974639892578,38339,0.0,0.0
2017-06-02 00:00:00+08:00,9.475861549377441,9.536604475786476,9.475861549377441,9.475861549377441,16454,0.0,0.0
2017-06-05 00:00:00+08:00,9.566974639892578,9.627717562584671,9.506232430882724,9.566974639892578,44352,0.0,0.0
2017-06-06 00:00:00+08:00,9.506233012581959,9.506233012581959,9.38474715976389,9.475861549377441,40625,0.0,0.0
2017-06-07 00:00:00+08:00,9.415117140251818,9.536602973937988,9.415117140251818,9.536602973937988,30272,0.0,0.0
2017-06-08 00:00:00+08:00,9.415117881552895,9.718831062316895,9.415117881552895,9.718831062316895,19769,0.0,0.0
2017-06-09 00:00:00+08:00,9.53660406505405,9.53660406505405,9.415118217468262,9.415118217468262,44352,0.0,0.0
2017-06-12 00:00:00+08:00,9.536603724804277,9.718831062316895,9.475860803178586,9.718831062316895,99342,0.0,0.0
2017-06-13 00:00:00+08:00,9.749203873552377,10.0832878232667,9.749203873552377,9.99217414855957,230260,0.0,0.0
2017-06-14 00:00:00+08:00,10.204773902893066,10.447744183339307,10.174403153099002,10.204773902893066,408634,0.0,0.0
2017-06-15 00:00:00+08:00,10.204773902893066,10.326259756798475,10.052917299193593,10.204773902893066,99148,0.0,0.0
2017-06-16 00:00:00+08:00,10.05291632136201,10.204772910290629,10.022544860839844,10.022544860839844,34865,0.0,0.0
2017-06-19 00:00:00+08:00,10.02254408275391,10.113658457246878,10.02254408275391,10.08328628540039,92398,0.0,0.0
2017-06-20 00:00:00+08:00,10.113658457246878,10.113658457246878,10.02254408275391,10.08328628540039,80490,0.0,0.0
2017-06-21 00:00:00+08:00,10.083287141031647,10.174402236938477,10.083287141031647,10.174402236938477,109648,0.0,0.0
2017-06-22 00:00:00+08:00,10.022546377863625,10.144031524658203,10.022546377863625,10.144031524658203,20804,0.0,0.0
2017-06-23 00:00:00+08:00,10.08328859441975,10.174403703459756,9.870689765949821,10.144031524658203,47298,0.0,0.0
2017-06-26 00:00:00+08:00,10.052915573120117,10.052915573120117,10.052915573120117,10.052915573120117,19712,0.0,0.0
2017-06-27 00:00:00+08:00,10.052915573120117,10.052915573120117,9.992172656596898,10.052915573120117,32327,0.0,0.0
2017-06-28 00:00:00+08:00,10.052915986011257,10.14402965085612,9.99217306699322,10.113658905029297,41518,0.0,0.0
2017-06-29 00:00:00+08:00,9.961803987221382,9.961803987221382,9.901061058044434,9.901061058044434,16601,0.0,0.0
2017-06-30 00:00:00+08:00,9.901058728841617,10.326257705688477,9.901058728841617,10.326257705688477,4928,0.0,0.0
2017-07-03 00:00:00+08:00,10.204774454896656,10.204774454896656,10.022546377863625,10.144031524658203,12117,0.0,0.0
2017-07-04 00:00:00+08:00,10.08328628540039,10.08328628540039,10.08328628540039,10.08328628540039,1232,0.0,0.0
2017-07-05 00:00:00+08:00,10.02254408275391,10.08328628540039,10.02254408275391,10.08328628540039,25872,0.0,0.0
2017-07-06 00:00:00+08:00,10.022544933230803,10.174402236938477,10.022544933230803,10.174402236938477,7444,0.0,0.0
2017-07-07 00:00:00+08:00,10.174402236938477,10.174402236938477,10.174402236938477,10.174402236938477,0,0.0,0.0
2017-07-10 00:00:00+08:00,10.08328628540039,10.08328628540039,10.08328628540039,10.08328628540039,5014,0.0,0.0
2017-07-11 00:00:00+08:00,10.144030062514718,10.174402236938477,10.144030062514718,10.174402236938477,24644,0.0,0.0
2017-07-12 00:00:00+08:00,10.144031524658203,10.144031524658203,10.144031524658203,10.144031524658203,3618,0.0,0.0
2017-07-13 00:00:00+08:00,10.083286731838081,10.14402965085612,10.022544526502237,10.113658905029297,19763,0.0,0.0
2017-07-14 00:00:00+08:00,10.083287141031647,10.174402236938477,10.083287141031647,10.174402236938477,39424,0.0,0.0
2017-07-17 00:00:00+08:00,10.174400510331878,10.265514163412174,10.174400510331878,10.235142707824707,85008,0.0,0.0
2017-07-18 00:00:00+08:00,10.235143302245563,10.35662841796875,10.235143302245563,10.35662841796875,169372,0.0,0.0
2017-07-19 00:00:00+08:00,10.326259798229785,10.59960225693138,10.326259798229785,10.569230079650879,190114,0.0,0.0
2017-07-20 00:00:00+08:00,10.569228832107418,10.933684924902618,10.569228832107418,10.842571258544922,211793,0.0,0.0
2017-07-21 00:00:00+08:00,10.84257084434187,10.903313762047999,10.660342091223484,10.781827926635742,107182,0.0,0.0
2017-07-24 00:00:00+08:00,10.721085418491716,10.872942004876016,10.690714672160622,10.842571258544922,105950,0.0,0.0
2017-07-25 00:00:00+08:00,10.751457592187226,10.842571258544922,10.690714672160622,10.842571258544922,54994,0.0,0.0
2017-07-26 00:00:00+08:00,10.751457592187226,10.842571258544922,10.751457592187226,10.842571258544922,28703,0.0,0.0
2017-07-27 00:00:00+08:00,10.781829084150967,10.812200546264648,10.781829084150967,10.812200546264648,29592,0.0,0.0
2017-07-28 00:00:00+08:00,11.176655758898653,11.176655758898653,10.812199670421762,10.964056968688965,331125,0.0,0.0
2017-07-31 00:00:00+08:00,10.964056968688965,11.055170633967089,10.933684795353326,10.964056968688965,105368,0.0,0.0
2017-08-01 00:00:00+08:00,11.115913519210723,11.115913519210723,10.933684761848495,10.994427680969238,46814,0.0,0.0
2017-08-02 00:00:00+08:00,10.93368496653697,11.024799346923828,10.903314220090229,11.024799346923828,141678,0.0,0.0
2017-08-03 00:00:00+08:00,11.11591355327397,11.11591355327397,10.75145746479708,10.964056968688965,177241,0.0,0.0
2017-08-04 00:00:00+08:00,10.903314555353768,10.964057477479445,10.903314555353768,10.933685302734375,70079,0.0,0.0
2017-08-07 00:00:00+08:00,10.933685681037122,10.933685681037122,10.690715411492175,10.812200546264648,72638,0.0,0.0
2017-08-08 00:00:00+08:00,10.812199385488805,10.84257084434187,10.660342091223484,10.781827926635742,63215,0.0,0.0
2017-08-09 00:00:00+08:00,10.872942869519353,10.872942869519353,10.62997259745576,10.5084867477417,132751,0.0,0.0
2017-08-10 00:00:00+08:00,10.8837890625,11.259092057594199,10.821238318343386,10.8837890625,86344,0.405844,0.0
2017-08-11 00:00:00+08:00,10.883786782522415,11.13398897181281,10.821236051469171,11.008888244628906,49353,0.0,0.0
2017-08-14 00:00:00+08:00,11.259089698996714,11.259089698996714,10.946337513575662,11.008888244628906,34653,0.0,0.0
2017-08-15 00:00:00+08:00,10.977614796220891,11.165267034714832,10.915065519901768,11.071441650390625,57811,0.0,0.0
2017-08-16 00:00:00+08:00,10.946337513575662,11.008888244628906,10.915062882971624,11.008888244628906,26154,0.0,0.0
2017-08-17 00:00:00+08:00,11.13398897181281,11.13398897181281,10.915062882971624,11.008888244628906,13921,0.0,0.0
2017-08-18 00:00:00+08:00,10.977614402770996,10.977614402770996,10.977614402770996,10.977614402770996,2690,0.0,0.0
2017-08-21 00:00:00+08:00,10.97761444381218,10.97761444381218,10.758687574186775,10.8837890625,51744,0.0,0.0
2017-08-22 00:00:00+08:00,10.946340212448762,10.946340212448762,10.633587949917125,10.758687973022461,43708,0.0,0.0
2017-08-23 00:00:00+08:00,10.758687973022461,10.758687973022461,10.571037203441692,10.758687973022461,49589,0.0,0.0
2017-08-24 00:00:00+08:00,10.946339447836932,10.946339447836932,10.633587207151326,10.915064811706543,14992,0.0,0.0
2017-08-25 00:00:00+08:00,10.758687574186775,10.8837890625,10.727412937031207,10.8837890625,8624,0.0,0.0
2017-08-28 00:00:00+08:00,10.821238318343386,10.8837890625,10.758687574186775,10.8837890625,20944,0.0,0.0
2017-08-29 00:00:00+08:00,10.821237963624517,10.946339447836932,10.821237963624517,10.915064811706543,36116,0.0,0.0
2017-08-30 00:00:00+08:00,10.821237963624517,10.915064811706543,10.821237963624517,10.915064811706543,20234,0.0,0.0
2017-08-31 00:00:00+08:00,11.040164826073527,11.040164826073527,10.883788705730725,10.915064811706543,4362,0.0,0.0
2017-09-01 00:00:00+08:00,10.946338684991403,10.946338684991403,10.758686471750183,10.852513313293457,23911,0.0,0.0
2017-09-04 00:00:00+08:00,10.946338684991403,10.946338684991403,10.852513313293457,10.852513313293457,8727,0.0,0.0
2017-09-05 00:00:00+08:00,10.852513507420655,10.852513507420655,10.696137395178415,10.789962768554688,40060,0.0,0.0
2017-09-06 00:00:00+08:00,10.789963880029322,10.915065370647966,10.72741313472,10.82123851776123,15153,0.0,0.0
2017-09-07 00:00:00+08:00,10.789962768554688,10.789962768554688,10.758686664199027,10.789962768554688,38192,0.0,0.0
2017-09-08 00:00:00+08:00,10.821237664465006,11.2590913772583,10.789963029199223,11.2590913772583,29566,0.0,0.0
2017-09-11 00:00:00+08:00,11.259091611521885,11.259091611521885,10.946339372975185,11.102715492248535,23437,0.0,0.0
2017-09-12 00:00:00+08:00,11.19654110946163,11.19654110946163,10.915064970652956,10.94633960723877,34621,0.0,0.0
2017-09-13 00:00:00+08:00,10.94633960723877,10.94633960723877,10.7899634846188,10.94633960723877,49973,0.0,0.0
2017-09-14 00:00:00+08:00,10.852514227635877,10.94633960723877,10.852514227635877,10.94633960723877,19712,0.0,0.0
2017-09-15 00:00:00+08:00,10.946339568241138,11.102715690303999,10.946339568241138,11.040164947509766,21313,0.0,0.0
2017-09-18 00:00:00+08:00,10.946339806656614,10.946339806656614,10.8837890625,10.8837890625,24713,0.0,0.0
2017-09-19 00:00:00+08:00,10.915064931766745,11.040164947509766,10.915064931766745,11.040164947509766,70811,0.0,0.0
2017-09-20 00:00:00+08:00,10.94633974496554,11.133991241455078,10.94633974496554,11.133991241455078,26707,0.0,0.0
2017-09-21 00:00:00+08:00,10.946339372975185,11.102715492248535,10.946339372975185,11.102715492248535,10033,0.0,0.0
2017-09-22 00:00:00+08:00,10.94634015806133,11.071441650390625,10.94634015806133,11.071441650390625,7897,0.0,0.0
2017-09-25 00:00:00+08:00,10.946339568241138,11.040164947509766,10.946339568241138,11.040164947509766,16016,0.0,0.0
2017-09-26 00:00:00+08:00,11.008890350255847,11.040164986841662,10.94633960723877,10.94633960723877,25105,0.0,0.0
2017-09-27 00:00:00+08:00,11.071441053829606,11.071441053829606,10.946339568241138,11.040164947509766,27104,0.0,0.0
2017-09-28 00:00:00+08:00,10.977614204715533,11.071441053829606,10.946339568241138,11.040164947509766,18465,0.0,0.0
2017-09-29 00:00:00+08:00,10.946339568241138,11.040164947509766,10.946339568241138,11.040164947509766,21017,0.0,0.0
2017-10-02 00:00:00+08:00,11.071441650390625,11.071441650390625,11.071441650390625,11.071441650390625,1232,0.0,0.0
2017-10-03 00:00:00+08:00,11.071441650390625,11.071441650390625,11.071441650390625,11.071441650390625,0,0.0,0.0
2017-10-05 00:00:00+08:00,10.977614008891686,11.102715492248535,10.977614008891686,11.102715492248535,6544,0.0,0.0
2017-10-06 00:00:00+08:00,11.008888244628906,11.008888244628906,10.946337513575662,11.008888244628906,30862,0.0,0.0
2017-10-11 00:00:00+08:00,11.008890350255847,11.008890350255847,10.94633960723877,10.94633960723877,14503,0.0,0.0
2017-10-12 00:00:00+08:00,10.946339447836932,10.946339447836932,10.883788705730725,10.915064811706543,17271,0.0,0.0
2017-10-13 00:00:00+08:00,10.94633960723877,11.008890350255847,10.94633960723877,10.94633960723877,44218,0.0,0.0
2017-10-16 00:00:00+08:00,11.196541672874394,11.196541672874394,10.94634015806133,11.071441650390625,7718,0.0,0.0
2017-10-17 00:00:00+08:00,11.00889048876963,11.165266613357124,10.94633974496554,11.133991241455078,26653,0.0,0.0
2017-10-18 00:00:00+08:00,10.977614204715533,11.040164947509766,10.977614204715533,11.040164947509766,13182,0.0,0.0
2017-10-19 00:00:00+08:00,10.946337513575662,11.008888244628906,10.946337513575662,11.008888244628906,16508,0.0,0.0
2017-10-20 00:00:00+08:00,11.008890509655112,11.008890509655112,10.977614402770996,10.977614402770996,3696,0.0,0.0
2017-10-23 00:00:00+08:00,10.946339765732352,10.977614402770996,10.946339765732352,10.977614402770996,12320,0.0,0.0
2017-10-24 00:00:00+08:00,11.102715690303999,11.102715690303999,11.040164947509766,11.040164947509766,4579,0.0,0.0
2017-10-25 00:00:00+08:00,10.977614204715533,11.071441053829606,10.977614204715533,11.040164947509766,6804,0.0,0.0
2017-10-26 00:00:00+08:00,10.946339568241138,11.040164947509766,10.946339568241138,11.040164947509766,26115,0.0,0.0
2017-10-27 00:00:00+08:00,10.946339372975185,11.196540869843462,10.946339372975185,11.102715492248535,39424,0.0,0.0
2017-10-30 00:00:00+08:00,10.977614008891686,11.102715492248535,10.977614008891686,11.102715492248535,11796,0.0,0.0
2017-10-31 00:00:00+08:00,11.008890509655112,11.07144125357787,10.946339765732352,10.977614402770996,18824,0.0,0.0
2017-11-01 00:00:00+08:00,10.977612144179698,11.008888244628906,10.977612144179698,11.008888244628906,8624,0.0,0.0
2017-11-02 00:00:00+08:00,11.008888244628906,11.008888244628906,10.946337513575662,11.008888244628906,4164,0.0,0.0
2017-11-03 00:00:00+08:00,11.008890114653608,11.102715492248535,10.946339372975185,11.102715492248535,16686,0.0,0.0
2017-11-06 00:00:00+08:00,11.102715492248535,11.102715492248535,11.102715492248535,11.102715492248535,0,0.0,0.0
2017-11-07 00:00:00+08:00,11.040162875232943,11.19653896794347,11.008888244628906,11.008888244628906,28193,0.0,0.0
2017-11-08 00:00:00+08:00,11.071440856332034,11.102715492248535,11.071440856332034,11.102715492248535,4928,0.0,0.0
2017-11-09 00:00:00+08:00,11.102715492248535,11.133990863087748,11.008890114653608,11.102715492248535,14784,0.0,0.0
2017-11-10 00:00:00+08:00,11.165266036987305,11.165266036987305,11.165266036987305,11.165266036987305,28336,0.0,0.0
2017-11-13 00:00:00+08:00,11.00889066353339,11.25909217287618,11.00889066353339,11.22781753540039,22176,0.0,0.0
2017-11-14 00:00:00+08:00,11.603119513906735,11.603119513906735,11.259091182700994,11.32164192199707,90156,0.0,0.0
2017-11-15 00:00:00+08:00,11.321642117635255,11.321642117635255,11.040164520861653,11.2590913772583,32648,0.0,0.0
2017-11-16 00:00:00+08:00,11.196541428079108,11.22781753540039,11.040165301009178,11.22781753540039,29013,0.0,0.0
2017-11-17 00:00:00+08:00,11.227816938177194,11.509293804946374,11.13399082597233,11.196540832519531,92671,0.0,0.0
2017-11-20 00:00:00+08:00,11.196541428079108,11.38419366247032,11.16526679060332,11.22781753540039,50512,0.0,0.0
2017-11-21 00:00:00+08:00,11.13399082597233,11.196540832519531,11.071440819425128,11.196540832519531,19710,0.0,0.0
2017-11-22 00:00:00+08:00,11.259091573989442,11.259091573989442,11.13399082597233,11.196540832519531,34025,0.0,0.0
2017-11-23 00:00:00+08:00,11.290367518137538,11.290367518137538,11.165266036987305,11.165266036987305,63467,0.0,0.0
2017-11-24 00:00:00+08:00,11.102715455237375,11.196540832519531,11.102715455237375,11.196540832519531,8622,0.0,0.0
2017-11-27 00:00:00+08:00,11.259092090023188,11.540569704615931,11.259092090023188,11.415468215942383,197415,0.0,0.0
2017-11-28 00:00:00+08:00,11.446744673131064,11.69694618828507,11.415468565083358,11.603120803833008,146780,0.0,0.0
2017-11-29 00:00:00+08:00,12.322451973924544,12.322451973924544,11.446745163523646,11.82204818725586,111754,0.0,0.0
2017-11-30 00:00:00+08:00,11.540570057583125,11.634395442035187,11.35291855375624,11.603120803833008,55442,0.0,0.0
2017-12-01 00:00:00+08:00,11.352918510874618,11.696946144104004,11.352918510874618,11.696946144104004,67152,0.0,0.0
2017-12-04 00:00:00+08:00,11.509293844385882,11.884596824645996,11.509293844385882,11.884596824645996,7443,0.0,0.0
2017-12-05 00:00:00+08:00,11.884598201262698,11.884598201262698,11.634395940466957,11.82204818725586,39422,0.0,0.0
2017-12-06 00:00:00+08:00,11.822047636131243,11.822047636131243,11.509294640985905,11.696946144104004,35728,0.0,0.0
2017-12-07 00:00:00+08:00,11.321643333732048,11.634395599365234,11.321643333732048,11.634395599365234,40917,0.0,0.0
2017-12-08 00:00:00+08:00,11.35291887503596,11.728221893310547,11.071441978791414,11.728221893310547,79063,0.0,0.0
2017-12-11 00:00:00+08:00,11.696946144104004,11.696946144104004,11.696946144104004,11.696946144104004,73,0.0,0.0
2017-12-12 00:00:00+08:00,11.478019311333242,11.603120803833008,11.259092434381415,11.603120803833008,85311,0.0,0.0
2017-12-13 00:00:00+08:00,11.509294509887695,11.509294509887695,11.509294509887695,11.509294509887695,5823,0.0,0.0
2017-12-14 00:00:00+08:00,11.509293361890162,11.603119470483142,11.415467253297182,11.571844100952148,34666,0.0,0.0
2017-12-15 00:00:00+08:00,11.571844100952148,11.571844100952148,11.571844100952148,11.571844100952148,2637,0.0,0.0
2017-12-18 00:00:00+08:00,11.571844875554717,11.571844875554717,11.478018760681152,11.478018760681152,7392,0.0,0.0
2017-12-19 00:00:00+08:00,11.478017992359169,11.571844100952148,11.321641879626881,11.571844100952148,48917,0.0,0.0
2017-12-20 00:00:00+08:00,11.446743357750854,11.571844100952148,11.446743357750854,11.571844100952148,20111,0.0,0.0
2017-12-21 00:00:00+08:00,11.571845255188823,11.571845255188823,11.446744499509322,11.509294509887695,17248,0.0,0.0
2017-12-22 00:00:00+08:00,11.446743357750854,11.571844100952148,11.352917249157874,11.571844100952148,21222,0.0,0.0
2017-12-25 00:00:00+08:00,11.571845230817692,11.665671348571777,11.5092944856483,11.665671348571777,35853,0.0,0.0
2017-12-26 00:00:00+08:00,11.634395442035187,11.634395442035187,11.571845430708066,11.603120803833008,24640,0.0,0.0
2017-12-27 00:00:00+08:00,11.571844586070137,11.884596824645996,11.54056921522801,11.884596824645996,27648,0.0,0.0
2017-12-28 00:00:00+08:00,11.884596824645996,11.884596824645996,11.69694533451594,11.884596824645996,23701,0.0,0.0
2017-12-29 00:00:00+08:00,11.759496624321377,12.009698867797852,11.759496624321377,12.009698867797852,34976,0.0,0.0
2018-01-02 00:00:00+08:00,11.884596824645996,12.009698308014508,11.790771447042323,11.884596824645996,32032,0.0,0.0
2018-01-03 00:00:00+08:00,11.822048510377655,11.947149276733398,11.822048510377655,11.947149276733398,5445,0.0,0.0
2018-01-04 00:00:00+08:00,11.947148123198046,12.009698867797852,11.947148123198046,12.009698867797852,28714,0.0,0.0
2018-01-05 00:00:00+08:00,12.009698308014508,12.009698308014508,11.884596824645996,11.884596824645996,18605,0.0,0.0
2018-01-08 00:00:00+08:00,11.884596824645996,11.884596824645996,11.82204681788445,11.884596824645996,12320,0.0,0.0
2018-01-09 00:00:00+08:00,11.759497438326225,11.884598201262698,11.696946689396592,11.82204818725586,19167,0.0,0.0
2018-01-10 00:00:00+08:00,11.728222218205282,11.853322982788086,11.571846078746077,11.853322982788086,41132,0.0,0.0
2018-01-11 00:00:00+08:00,11.884596824645996,11.884596824645996,11.884596824645996,11.884596824645996,2340,0.0,0.0
2018-01-12 00:00:00+08:00,11.884596824645996,11.884596824645996,11.69694533451594,11.884596824645996,10335,0.0,0.0
2018-01-15 00:00:00+08:00,11.728222639722729,11.790773391723633,11.728222639722729,11.790773391723633,5272,0.0,0.0
2018-01-16 00:00:00+08:00,11.790772263124433,11.790772263124433,11.665671506019955,11.696946144104004,18237,0.0,0.0
2018-01-17 00:00:00+08:00,11.665671880213306,11.728221893310547,11.60312113219328,11.728221893310547,24642,0.0,0.0
2018-01-18 00:00:00+08:00,11.603120760006336,11.696946144104004,11.540570013992715,11.696946144104004,42982,0.0,0.0
2018-01-19 00:00:00+08:00,11.571845758183267,11.75949726732056,11.571845758183267,11.728221893310547,18180,0.0,0.0
2018-01-22 00:00:00+08:00,11.634395599365234,11.634395599365234,11.57184558719226,11.634395599365234,17654,0.0,0.0
2018-01-23 00:00:00+08:00,11.571846078746077,11.853322982788086,11.571846078746077,11.853322982788086,22962,0.0,0.0
2018-01-24 00:00:00+08:00,11.66567204985457,11.82204818725586,11.66567204985457,11.82204818725586,16651,0.0,0.0
2018-01-25 00:00:00+08:00,11.822047476572502,11.822047476572502,11.603120603402386,11.665671348571777,48225,0.0,0.0
2018-01-26 00:00:00+08:00,11.603120803833008,11.603120803833008,11.603120803833008,11.603120803833008,2938,0.0,0.0
2018-01-29 00:00:00+08:00,11.57184612739262,11.75949764251709,11.54057075238474,11.75949764251709,32032,0.0,0.0
2018-01-30 00:00:00+08:00,11.571845386999525,11.696946144104004,11.571845386999525,11.696946144104004,34496,0.0,0.0
2018-01-31 00:00:00+08:00,11.57184612739262,11.75949764251709,11.50929537737686,11.75949764251709,33264,0.0,0.0
2018-02-01 00:00:00+08:00,11.571845430708066,11.665671550082891,11.571845430708066,11.603120803833008,27365,0.0,0.0
2018-02-02 00:00:00+08:00,11.571844100952148,11.665670209545128,11.571844100952148,11.571844100952148,8624,0.0,0.0
2018-02-05 00:00:00+08:00,11.571845386999525,11.822047636131243,11.571845386999525,11.696946144104004,16089,0.0,0.0
2018-02-06 00:00:00+08:00,11.415468565083358,11.603120803833008,10.946340172977527,11.603120803833008,61600,0.0,0.0
2018-02-07 00:00:00+08:00,11.696946519300534,11.790772641330573,11.696946519300534,11.728221893310547,14782,0.0,0.0
2018-02-08 00:00:00+08:00,11.603120603402386,11.665671348571777,11.415468367894215,11.665671348571777,35799,0.0,0.0
2018-02-09 00:00:00+08:00,11.665671348571777,11.665671348571777,11.665671348571777,11.665671348571777,0,0.0,0.0
2018-02-12 00:00:00+08:00,11.509294332447544,11.540569704615931,11.415468215942383,11.415468215942383,73920,0.0,0.0
2018-02-21 00:00:00+08:00,11.759496731403111,11.822047476572502,11.63439524106433,11.665671348571777,203910,0.0,0.0
2018-02-22 00:00:00+08:00,11.665671506019955,11.696946144104004,11.665671506019955,11.696946144104004,49280,0.0,0.0
2018-02-23 00:00:00+08:00,11.728221517110814,11.728221517110814,11.696946144104004,11.696946144104004,69238,0.0,0.0
2018-02-26 00:00:00+08:00,11.696946144104004,11.728221517110814,11.509294640985905,11.696946144104004,102640,0.0,0.0
2018-02-27 00:00:00+08:00,11.75949726732056,11.822048015340586,11.728221893310547,11.728221893310547,78064,0.0,0.0
2018-03-01 00:00:00+08:00,11.728222063861407,11.82204818725586,11.728222063861407,11.82204818725586,80080,0.0,0.0
2018-03-02 00:00:00+08:00,11.790773391723633,11.790773391723633,11.728222639722729,11.790773391723633,52976,0.0,0.0
2018-03-05 00:00:00+08:00,11.915874160802613,11.915874160802613,11.790773391723633,11.790773391723633,41888,0.0,0.0
2018-03-06 00:00:00+08:00,11.82204839253285,11.82204839253285,11.72822226750921,11.75949764251709,43128,0.0,0.0
2018-03-07 00:00:00+08:00,11.75949764251709,11.75949764251709,11.75949764251709,11.75949764251709,27262,0.0,0.0
2018-03-08 00:00:00+08:00,11.75949764251709,11.75949764251709,11.66567225241626,11.75949764251709,22482,0.0,0.0
2018-03-09 00:00:00+08:00,11.790771447042323,11.884596824645996,11.759496076200195,11.884596824645996,46717,0.0,0.0
2018-03-12 00:00:00+08:00,11.853323408801709,11.853323408801709,11.603121870643749,11.790773391723633,121100,0.0,0.0
2018-03-13 00:00:00+08:00,11.696946689396592,11.82204818725586,11.66567204985457,11.82204818725586,43366,0.0,0.0
2018-03-14 00:00:00+08:00,11.82204818725586,11.82204818725586,11.634395940466957,11.82204818725586,56056,0.0,0.0
2018-03-15 00:00:00+08:00,11.790772812791042,11.82204818725586,11.696946689396592,11.82204818725586,76384,0.0,0.0
2018-03-16 00:00:00+08:00,11.79077301752497,11.79077301752497,11.69694689250133,11.75949764251709,41888,0.0,0.0
2018-03-19 00:00:00+08:00,11.79077199662128,12.009698867797852,11.79077199662128,12.009698867797852,150183,0.0,0.0
2018-03-20 00:00:00+08:00,11.947148822491087,12.197351080612453,11.947148822491087,12.166075706481934,260296,0.0,0.0
2018-03-21 00:00:00+08:00,12.166074178138244,12.25989955382035,12.103523437735042,12.197349548339844,136924,0.0,0.0
2018-03-22 00:00:00+08:00,12.197350877610702,12.259900889907927,12.134800130390703,12.228626251220703,117101,0.0,0.0
2018-03-23 00:00:00+08:00,12.040975147353127,12.19735128571242,11.915873648727453,12.103525161743164,93693,0.0,0.0
2018-03-26 00:00:00+08:00,12.040973432254535,12.197349548339844,11.915871951448134,12.197349548339844,187264,0.0,0.0
2018-03-27 00:00:00+08:00,12.228625633822778,12.353726387023926,12.228625633822778,12.353726387023926,202521,0.0,0.0
2018-03-28 00:00:00+08:00,12.322451214823314,12.416277332437785,12.228625832131593,12.291175842285156,45473,0.0,0.0
2018-03-29 00:00:00+08:00,12.32245176364369,12.447553259368117,12.291176389712582,12.416277885437012,109234,0.0,0.0
2018-03-30 00:00:00+08:00,12.416277509213907,12.416277509213907,12.259900644296716,12.385002136230469,32373,0.0,0.0
2018-04-02 00:00:00+08:00,12.385001759054898,12.385001759054898,12.197350261791808,12.353726387023926,60602,0.0,0.0
2018-04-03 00:00:00+08:00,12.228625633822778,12.353726387023926,12.134799517729865,12.353726387023926,221984,0.0,0.0
2018-04-09 00:00:00+08:00,12.19734988844542,12.322450637817383,12.16607451737175,12.322450637817383,92404,0.0,0.0
2018-04-10 00:00:00+08:00,12.197350459593435,12.291175842285156,12.16607508705528,12.291175842285156,65482,0.0,0.0
2018-04-11 00:00:00+08:00,12.197351033655481,12.291176420763046,12.197351033655481,12.25990104675293,103741,0.0,0.0
2018-04-12 00:00:00+08:00,12.228625832131593,12.291175842285156,12.197350459593435,12.291175842285156,45845,0.0,0.0
2018-04-13 00:00:00+08:00,12.197351033655481,12.25990104675293,12.197351033655481,12.25990104675293,50637,0.0,0.0
2018-04-16 00:00:00+08:00,12.19734988844542,12.353726008891051,12.19734988844542,12.322450637817383,97512,0.0,0.0
2018-04-17 00:00:00+08:00,12.322450637817383,12.322450637817383,12.19734988844542,12.322450637817383,32096,0.0,0.0
2018-04-18 00:00:00+08:00,12.259900469747,12.291175842285156,12.259900469747,12.291175842285156,8685,0.0,0.0
2018-04-19 00:00:00+08:00,12.25990104675293,12.25990104675293,12.197351033655481,12.25990104675293,28459,0.0,0.0
2018-04-20 00:00:00+08:00,12.19734988844542,12.322450637817383,12.19734988844542,12.322450637817383,96076,0.0,0.0
2018-04-23 00:00:00+08:00,12.322450637817383,12.322450637817383,12.259899895670044,12.322450637817383,39424,0.0,0.0
2018-04-24 00:00:00+08:00,12.291175842285156,12.291175842285156,12.228625832131593,12.291175842285156,44598,0.0,0.0
2018-04-25 00:00:00+08:00,12.25990104675293,12.25990104675293,12.197351033655481,12.25990104675293,41348,0.0,0.0
2018-04-26 00:00:00+08:00,12.197350459593435,12.291175842285156,12.16607508705528,12.291175842285156,71929,0.0,0.0
2018-04-27 00:00:00+08:00,12.259899895670044,12.322450637817383,12.19734988844542,12.322450637817383,35729,0.0,0.0
2018-04-30 00:00:00+08:00,12.259900270931013,12.353726387023926,12.259900270931013,12.353726387023926,47419,0.0,0.0
2018-05-02 00:00:00+08:00,12.322451014992955,12.385001759054898,12.259900270931013,12.353726387023926,50913,0.0,0.0
2018-05-03 00:00:00+08:00,12.259900270931013,12.353726387023926,12.259900270931013,12.353726387023926,50635,0.0,0.0
2018-05-04 00:00:00+08:00,12.322451214823314,12.322451214823314,12.291175842285156,12.291175842285156,4762,0.0,0.0
2018-05-07 00:00:00+08:00,12.291177291757844,12.57265567779541,12.291177291757844,12.57265567779541,76762,0.0,0.0
2018-05-08 00:00:00+08:00,12.572653909238369,12.635203183046873,12.5101031655844,12.541377067565918,133052,0.0,0.0
2018-05-09 00:00:00+08:00,12.541378191297593,12.666479689814865,12.478827442038956,12.635204315185547,105950,0.0,0.0
2018-05-10 00:00:00+08:00,12.541378191297593,12.697755064444184,12.51010428651387,12.635204315185547,76382,0.0,0.0
2018-05-11 00:00:00+08:00,12.572655035772508,12.79158118833214,12.572655035772508,12.635204315185547,161751,0.0,0.0
2018-05-14 00:00:00+08:00,12.603926658630371,12.603926658630371,12.25989906983925,12.603926658630371,160708,0.0,0.0
2018-05-15 00:00:00+08:00,12.572655035772508,12.635204315185547,12.478827442038956,12.635204315185547,230120,0.0,0.0
2018-05-16 00:00:00+08:00,12.57265567779541,12.635204960402529,12.510104925342619,12.57265567779541,184800,0.0,0.0
2018-05-17 00:00:00+08:00,12.572652759508752,12.603926658630371,12.447551283640951,12.603926658630371,199071,0.0,0.0
2018-05-18 00:00:00+08:00,12.510104925342619,12.57265567779541,12.510104925342619,12.57265567779541,262085,0.0,0.0
2018-05-21 00:00:00+08:00,12.5101031655844,12.541377067565918,12.353726306449476,12.541377067565918,138087,0.0,0.0
2018-05-22 00:00:00+08:00,12.510104179382324,12.510104179382324,12.385002681936369,12.510104179382324,16176,0.0,0.0
2018-05-23 00:00:00+08:00,12.510104179382324,12.510104179382324,12.510104179382324,12.510104179382324,3771,0.0,0.0
2018-05-24 00:00:00+08:00,12.353726387023926,12.353726387023926,12.353726387023926,12.353726387023926,2842,0.0,0.0
2018-05-25 00:00:00+08:00,12.291176664108642,12.635204315185547,12.259901289479323,12.635204315185547,54219,0.0,0.0
2018-05-28 00:00:00+08:00,12.510104179382324,12.510104179382324,12.385002681936369,12.510104179382324,20942,0.0,0.0
2018-05-29 00:00:00+08:00,12.322451933213392,12.510104179382324,12.322451933213392,12.510104179382324,20872,0.0,0.0
2018-05-30 00:00:00+08:00,12.510104925342619,12.57265567779541,12.510104925342619,12.57265567779541,20944,0.0,0.0
2018-05-31 00:00:00+08:00,12.510104179382324,12.510104179382324,12.385002681936369,12.510104179382324,24903,0.0,0.0
2018-06-01 00:00:00+08:00,12.353726563535723,12.47882658360158,12.228625808547118,12.447552680969238,51799,0.0,0.0
2018-06-04 00:00:00+08:00,12.447552207941001,12.76030445098877,12.385001465362361,12.76030445098877,63356,0.0,0.0
2018-06-05 00:00:00+08:00,12.63520344599077,12.63520344599077,12.447552680969238,12.447552680969238,34911,0.0,0.0
2018-06-06 00:00:00+08:00,12.510104925342619,12.57265567779541,12.447554172889825,12.57265567779541,59752,0.0,0.0
2018-06-07 00:00:00+08:00,12.51010428651387,12.635204315185547,12.478827442038956,12.635204315185547,104234,0.0,0.0
2018-06-08 00:00:00+08:00,12.54137883172334,12.57265567779541,12.47882807927055,12.57265567779541,159240,0.0,0.0
2018-06-11 00:00:00+08:00,12.541378083898227,12.603928832621204,12.47882733517525,12.510104179382324,107184,0.0,0.0
2018-06-12 00:00:00+08:00,12.510104179382324,12.510104179382324,12.47882733517525,12.510104179382324,149421,0.0,0.0
2018-06-13 00:00:00+08:00,12.51010428651387,12.666479689814865,12.51010428651387,12.635204315185547,52214,0.0,0.0
2018-06-14 00:00:00+08:00,12.541378191297593,12.635204315185547,12.51010428651387,12.635204315185547,113969,0.0,0.0
2018-06-15 00:00:00+08:00,12.57265540757512,12.66648006439209,12.57265540757512,12.66648006439209,55969,0.0,0.0
2018-06-19 00:00:00+08:00,12.635204315185547,12.635204315185547,12.635204315185547,12.635204315185547,2464,0.0,0.0
2018-06-20 00:00:00+08:00,12.572653909238369,12.572653909238369,12.5101031655844,12.541377067565918,105223,0.0,0.0
2018-06-21 00:00:00+08:00,12.510104179382324,12.603928832621204,12.510104179382324,12.510104179382324,99792,0.0,0.0
2018-06-22 00:00:00+08:00,12.51010182709114,12.94795551597618,12.47882498876509,12.822854042053223,47486,0.0,0.0
2018-06-25 00:00:00+08:00,12.666478554873857,12.697753926700841,12.5101031655844,12.541377067565918,87479,0.0,0.0
2018-06-26 00:00:00+08:00,12.510104179382324,12.510104179382324,12.447553430659346,12.510104179382324,91190,0.0,0.0
2018-06-27 00:00:00+08:00,12.385003420437034,12.57265567779541,12.385003420437034,12.57265567779541,18701,0.0,0.0
2018-06-28 00:00:00+08:00,12.416278056297857,12.510104179382324,12.416278056297857,12.510104179382324,20944,0.0,0.0
2018-06-29 00:00:00+08:00,12.51010428651387,12.635204315185547,12.51010428651387,12.635204315185547,25231,0.0,0.0
2018-07-02 00:00:00+08:00,12.572653909238369,12.572653909238369,12.541377067565918,12.541377067565918,13552,0.0,0.0
2018-07-03 00:00:00+08:00,12.541377067565918,12.572653909238369,12.541377067565918,12.541377067565918,12922,0.0,0.0
2018-07-04 00:00:00+08:00,12.47882658360158,12.47882658360158,12.447552680969238,12.447552680969238,6160,0.0,0.0
2018-07-05 00:00:00+08:00,12.447553430659346,12.510104179382324,12.322451933213392,12.510104179382324,12933,0.0,0.0
2018-07-06 00:00:00+08:00,12.447553430659346,12.510104179382324,12.385002681936369,12.510104179382324,7392,0.0,0.0
2018-07-09 00:00:00+08:00,12.510104179382324,12.510104179382324,12.510104179382324,12.510104179382324,0,0.0,0.0
2018-07-10 00:00:00+08:00,12.35372730757488,12.510104179382324,12.35372730757488,12.510104179382324,16208,0.0,0.0
2018-07-11 00:00:00+08:00,12.385003420437034,12.57265567779541,12.385003420437034,12.57265567779541,30584,0.0,0.0
2018-07-12 00:00:00+08:00,12.510104179382324,12.510104179382324,12.510104179382324,12.510104179382324,15109,0.0,0.0
2018-07-13 00:00:00+08:00,12.510104179382324,12.510104179382324,12.416278056297857,12.510104179382324,28805,0.0,0.0
2018-07-16 00:00:00+08:00,12.44755242193043,12.603927811219886,12.44755242193043,12.541377067565918,33559,0.0,0.0
2018-07-17 00:00:00+08:00,12.5101031655844,12.541377067565918,12.47882632391195,12.541377067565918,112851,0.0,0.0
2018-07-18 00:00:00+08:00,12.510102021574852,12.603926658630371,12.510102021574852,12.603926658630371,124520,0.0,0.0
2018-07-19 00:00:00+08:00,12.510104925342619,12.57265567779541,12.510104925342619,12.57265567779541,8624,0.0,0.0
2018-07-20 00:00:00+08:00,12.572652759508752,12.603926658630371,12.510102021574852,12.603926658630371,65296,0.0,0.0
2018-07-23 00:00:00+08:00,12.510104925342619,12.57265567779541,12.447554172889825,12.57265567779541,108414,0.0,0.0
2018-07-24 00:00:00+08:00,12.5101031655844,12.541377067565918,12.5101031655844,12.541377067565918,113845,0.0,0.0
2018-07-25 00:00:00+08:00,12.54137883172334,12.57265567779541,12.510104925342619,12.57265567779541,100066,0.0,0.0
2018-07-26 00:00:00+08:00,12.510104925342619,12.57265567779541,12.510104925342619,12.57265567779541,33262,0.0,0.0
2018-07-27 00:00:00+08:00,12.447553430659346,12.510104179382324,12.291176558851904,12.510104179382324,31253,0.0,0.0
2018-07-30 00:00:00+08:00,12.385002681936369,12.510104179382324,12.385002681936369,12.510104179382324,27104,0.0,0.0
2018-07-31 00:00:00+08:00,12.510104179382324,12.510104179382324,12.510104179382324,12.510104179382324,14784,0.0,0.0
2018-08-01 00:00:00+08:00,12.541376409925867,12.916679382324219,12.510102509584279,12.916679382324219,14559,0.0,0.0
2018-08-02 00:00:00+08:00,12.947956222356586,12.947956222356586,12.603927150299825,12.916679382324219,25872,0.0,0.0
2018-08-03 00:00:00+08:00,12.854131121496943,12.885406494140625,12.760305003565898,12.885406494140625,23408,0.0,0.0
2018-08-06 00:00:00+08:00,12.76030474648768,12.979230880737305,12.69775400246051,12.979230880737305,34569,0.0,0.0
2018-08-07 00:00:00+08:00,12.979230880737305,13.01050625275089,12.76030474648768,12.979230880737305,37598,0.0,0.0
2018-08-08 00:00:00+08:00,12.979231142226164,12.979231142226164,12.79158037620958,12.885406494140625,86240,0.0,0.0
2018-08-09 00:00:00+08:00,12.947956222356586,12.947956222356586,12.791579371421694,12.916679382324219,63466,0.0,0.0
2018-08-10 00:00:00+08:00,12.854130922401605,12.947957038879395,12.822855550242343,12.947957038879395,22177,0.0,0.0
2018-08-13 00:00:00+08:00,12.947956222356586,12.947956222356586,12.69775326086076,12.916679382324219,65685,0.0,0.0
2018-08-14 00:00:00+08:00,12.947956978569193,12.979230880737305,12.885406234542023,12.979230880737305,38538,0.0,0.0
2018-08-15 00:00:00+08:00,12.979231257023544,13.04178200286415,12.822855862267549,13.010506629943848,33276,0.0,0.0
2018-08-16 00:00:00+08:00,13.01050737891549,13.104333503077656,13.01050737891549,13.073058128356934,35974,0.0,0.0
2018-08-17 00:00:00+08:00,13.510912630414376,13.510912630414376,13.135609583449849,13.291986465454102,72139,0.0,0.0
2018-08-20 00:00:00+08:00,13.260707984557568,13.448358729185633,13.260707984557568,13.385807991027832,154369,0.0,0.0
2018-08-21 00:00:00+08:00,13.354535102844238,13.4170858526222,13.323261197800866,13.354535102844238,85290,0.0,0.0
2018-08-22 00:00:00+08:00,13.354535153613682,13.448361278637321,13.135608998404141,11.75949764251709,194306,0.0,0.0
2018-08-23 00:00:00+08:00,13.325280913366301,13.715116500854492,12.829126804588999,13.715116500854492,229040,0.446429,1.1
2018-08-24 00:00:00+08:00,13.467041015625,13.537921047504692,13.396162497887662,13.467041015625,25536,0.0,0.0
2018-08-27 00:00:00+08:00,13.46703944646584,13.927753543432713,13.46703944646584,13.715116500854492,41600,0.0,0.0
2018-08-28 00:00:00+08:00,13.82143497467041,13.82143497467041,13.679676442057776,13.82143497467041,11253,0.0,0.0
2018-08-29 00:00:00+08:00,13.679676442057776,13.82143497467041,13.573357921133843,13.82143497467041,52829,0.0,0.0
2018-08-30 00:00:00+08:00,13.644237944511246,13.82143497467041,13.608797932822544,13.82143497467041,5600,0.0,0.0
2018-08-31 00:00:00+08:00,13.64423799137581,13.785996524475351,13.64423799137581,13.715116500854492,25988,0.0,0.0
2018-09-03 00:00:00+08:00,13.715116367699062,13.892314910888672,13.715116367699062,13.892314910888672,33832,0.0,0.0
2018-09-04 00:00:00+08:00,13.715116500854492,13.715116500854492,13.60879797956538,13.715116500854492,77280,0.0,0.0
2018-09-05 00:00:00+08:00,13.679676442057776,13.82143497467041,13.679676442057776,13.82143497467041,20882,0.0,0.0
2018-09-06 00:00:00+08:00,13.82143497467041,13.82143497467041,13.644237944511246,13.82143497467041,34893,0.0,0.0
2018-09-07 00:00:00+08:00,13.715116500854492,13.715116500854492,13.60879797956538,13.715116500854492,43363,0.0,0.0
2018-09-10 00:00:00+08:00,13.537921047504692,13.537921047504692,13.431600999685154,13.467041015625,155123,0.0,0.0
2018-09-11 00:00:00+08:00,13.467039971783224,13.537919998168945,13.396161459539739,13.537919998168945,52640,0.0,0.0
2018-09-12 00:00:00+08:00,13.467039971783224,13.537919998168945,13.431599958590363,13.537919998168945,82267,0.0,0.0
2018-09-13 00:00:00+08:00,13.467039971783224,13.537919998168945,13.396161459539739,13.537919998168945,29120,0.0,0.0
2018-09-14 00:00:00+08:00,13.537918568605331,13.608797073364258,13.537918568605331,13.608797073364258,8960,0.0,0.0
2018-09-17 00:00:00+08:00,13.608797073364258,13.608797073364258,13.608797073364258,13.608797073364258,3360,0.0,0.0
2018-09-18 00:00:00+08:00,13.467041015625,13.467041015625,13.467041015625,13.467041015625,1120,0.0,0.0
2018-09-19 00:00:00+08:00,13.821435119332813,13.821435119332813,13.467039541163022,13.502479553222656,21280,0.0,0.0
2018-09-20 00:00:00+08:00,13.396160429864633,13.750555992126463,13.396160429864633,13.750555992126465,11200,0.0,0.0
2018-09-21 00:00:00+08:00,13.750555992126463,13.750555992126463,13.750555992126463,13.750555992126465,1594,0.0,0.0
2018-09-25 00:00:00+08:00,13.821434498921981,13.821434498921981,13.750555992126463,13.750555992126465,3360,0.0,0.0
2018-09-26 00:00:00+08:00,13.750555992126463,13.750555992126463,13.750555992126463,13.750555992126465,0,0.0,0.0
2018-09-27 00:00:00+08:00,13.537919985231026,13.67967700958252,13.537919985231026,13.67967700958252,5918,0.0,0.0
2018-09-28 00:00:00+08:00,13.502479972072035,13.67967700958252,13.467039958913043,13.67967700958252,29088,0.0,0.0
2018-10-01 00:00:00+08:00,13.608798075259376,13.679676585236459,13.467039541163022,13.502479553222656,48639,0.0,0.0
2018-10-02 00:00:00+08:00,13.502478559154829,13.608797073364258,13.431598540253825,13.608797073364258,16026,0.0,0.0
2018-10-03 00:00:00+08:00,13.467038549704327,13.608797073364258,13.431598540253825,13.608797073364258,19152,0.0,0.0
2018-10-04 00:00:00+08:00,13.467041015625,13.467041015625,13.431600999685154,13.467041015625,26544,0.0,0.0
2018-10-05 00:00:00+08:00,13.467041015625,13.467041015625,12.545611957256652,13.467041015625,95760,0.0,0.0
2018-10-08 00:00:00+08:00,12.900007012532438,13.28984260559082,12.900007012532438,13.28984260559082,50736,0.0,0.0
2018-10-09 00:00:00+08:00,12.970885798592205,13.041765824731694,12.935445785522461,12.935445785522461,76536,0.0,0.0
2018-10-11 00:00:00+08:00,12.758248851245895,12.758248851245895,12.722808837890625,12.722808837890625,9632,0.0,0.0
2018-10-12 00:00:00+08:00,12.545610235863714,12.61648950094683,12.403852462768555,12.403852462768555,52865,0.0,0.0
2018-10-15 00:00:00+08:00,12.722808837890625,12.758248851245895,12.722808837890625,12.722808837890625,10081,0.0,0.0
2018-10-16 00:00:00+08:00,12.722809268282765,13.148084900505657,12.722809268282765,12.758249282836914,10080,0.0,0.0
2018-10-17 00:00:00+08:00,12.793688774108887,12.793688774108887,12.51017169755659,12.793688774108887,25931,0.0,0.0
2018-10-18 00:00:00+08:00,13.431598663330078,13.431598663330078,13.431598663330078,13.431598663330078,10640,0.0,0.0
2018-10-19 00:00:00+08:00,13.360719680786133,13.360719680786133,13.360719680786133,13.360719680786133,6230,0.0,0.0
2018-10-22 00:00:00+08:00,13.467039589638956,13.467039589638956,13.396161079406738,13.396161079406738,11984,0.0,0.0
2018-10-23 00:00:00+08:00,13.325282096862793,13.325282096862793,13.325282096862793,13.325282096862793,1120,0.0,0.0
2018-10-24 00:00:00+08:00,12.93544508848848,13.254402160644531,12.93544508848848,13.254402160644531,10304,0.0,0.0
2018-10-25 00:00:00+08:00,12.758249119800132,13.077204704284668,12.758249119800132,13.077204704284668,8652,0.0,0.0
2018-10-26 00:00:00+08:00,12.82912853496059,13.041767120361328,12.793690032512451,13.041767120361328,6254,0.0,0.0
2018-10-29 00:00:00+08:00,12.758249595736435,13.006326675415039,12.758249595736435,13.006326675415039,16800,0.0,0.0
2018-10-30 00:00:00+08:00,12.722809580313111,13.006326675415039,12.722809580313111,13.006326675415039,4480,0.0,0.0
2018-10-31 00:00:00+08:00,12.7582487484582,12.935445785522461,12.7582487484582,12.935445785522461,5936,0.0,0.0
2018-11-01 00:00:00+08:00,12.758248710213005,12.900007247924805,12.758248710213005,12.900007247924805,25424,0.0,0.0
2018-11-02 00:00:00+08:00,12.900007247924805,12.900007247924805,12.900007247924805,12.900007247924805,3024,0.0,0.0
2018-11-05 00:00:00+08:00,12.758249282836914,12.829127797802915,12.758249282836914,12.758249282836914,21280,0.0,0.0
2018-11-06 00:00:00+08:00,12.758249868328797,12.79368988450933,12.616491317749023,12.616491317749023,12372,0.0,0.0
2018-11-07 00:00:00+08:00,12.82912722199779,13.148084310384897,12.82912722199779,12.900007247924805,11009,0.0,0.0
2018-11-08 00:00:00+08:00,12.900007286594947,13.112644336728952,12.900007286594947,12.935445785522461,18088,0.0,0.0
2018-11-09 00:00:00+08:00,12.93544513327432,13.148083686828613,12.93544513327432,13.148083686828613,6724,0.0,0.0
2018-11-12 00:00:00+08:00,13.006325155839804,13.148083686828613,13.006325155839804,13.148083686828613,8960,0.0,0.0
2018-11-13 00:00:00+08:00,13.112643675545872,13.148083686828613,12.900006636133734,13.148083686828613,10080,0.0,0.0
2018-11-14 00:00:00+08:00,12.970886659991715,13.006326675415039,12.970886659991715,13.006326675415039,2240,0.0,0.0
2018-11-15 00:00:00+08:00,12.970885798592205,12.970885798592205,12.935445785522461,12.935445785522461,4704,0.0,0.0
2018-11-16 00:00:00+08:00,12.864567812357063,12.864567812357063,12.758249282836914,12.758249282836914,12673,0.0,0.0
2018-11-19 00:00:00+08:00,12.758248710213005,12.900007247924805,12.616490172501205,12.900007247924805,20384,0.0,0.0
2018-11-20 00:00:00+08:00,12.687369346618652,12.687369346618652,12.616490078292019,12.687369346618652,31360,0.0,0.0
2018-11-21 00:00:00+08:00,12.75824876100429,12.793688774108887,12.75824876100429,12.793688774108887,3526,0.0,0.0
2018-11-22 00:00:00+08:00,12.687370506873682,13.467041015625,12.687370506873682,13.467041015625,11633,0.0,0.0
2018-11-23 00:00:00+08:00,12.829126987898805,13.28984260559082,12.829126987898805,13.28984260559082,26884,0.0,0.0
2018-11-26 00:00:00+08:00,13.289842171804569,13.927753287832372,13.254402160644531,13.254402160644531,29120,0.0,0.0
2018-11-27 00:00:00+08:00,13.396162126778922,13.396162126778922,13.183523551172843,13.325282096862793,20160,0.0,0.0
2018-11-28 00:00:00+08:00,13.25440152128547,13.608797073364258,13.183521502384465,13.608797073364258,22512,0.0,0.0
2018-11-29 00:00:00+08:00,13.325281103765438,13.39616112839907,13.183522568640372,13.28984260559082,45024,0.0,0.0
2018-11-30 00:00:00+08:00,13.28984165251328,13.431598663330078,13.183521623187543,13.431598663330078,16800,0.0,0.0
2018-12-03 00:00:00+08:00,13.431598663330078,13.431598663330078,13.431598663330078,13.431598663330078,1120,0.0,0.0
2018-12-04 00:00:00+08:00,13.43159957745175,13.43159957745175,13.25440254480011,13.396161079406738,12318,0.0,0.0
2018-12-05 00:00:00+08:00,13.396161079406738,13.396161079406738,13.396161079406738,13.396161079406738,3360,0.0,0.0
2018-12-06 00:00:00+08:00,13.183523916390937,13.467041015625,13.1126453986536,13.467041015625,22400,0.0,0.0
2018-12-07 00:00:00+08:00,13.467041015625,13.467041015625,13.467041015625,13.467041015625,1792,0.0,0.0
2018-12-10 00:00:00+08:00,13.25440254480011,13.396161079406738,13.25440254480011,13.396161079406738,8264,0.0,0.0
2018-12-11 00:00:00+08:00,13.254403581088974,13.325282096862793,13.21896356613091,13.325282096862793,19040,0.0,0.0
2018-12-12 00:00:00+08:00,13.254403581088974,13.325282096862793,13.112645035399026,13.325282096862793,18144,0.0,0.0
2018-12-13 00:00:00+08:00,13.1835226568187,13.218962669372559,13.1835226568187,13.218962669372559,19120,0.0,0.0
2018-12-14 00:00:00+08:00,13.218962580957188,13.28984260559082,13.218962580957188,13.28984260559082,17920,0.0,0.0
2018-12-17 00:00:00+08:00,13.289842171804569,13.289842171804569,13.254402160644531,13.254402160644531,4585,0.0,0.0
2018-12-18 00:00:00+08:00,13.254402160644531,13.254402160644531,13.148083641306563,13.254402160644531,14537,0.0,0.0
2018-12-19 00:00:00+08:00,13.21896356613091,13.325282096862793,13.21896356613091,13.325282096862793,20258,0.0,0.0
2018-12-20 00:00:00+08:00,13.254402160644531,13.325280668822458,13.183522138324452,13.254402160644531,32480,0.0,0.0
2018-12-21 00:00:00+08:00,13.254402681926416,13.254402681926416,13.218962669372559,13.218962669372559,17360,0.0,0.0
2018-12-24 00:00:00+08:00,13.289843596047039,13.325282096862793,13.289843596047039,13.325282096862793,6742,0.0,0.0
2018-12-25 00:00:00+08:00,13.183522568640372,13.28984260559082,13.112644058148938,13.28984260559082,29587,0.0,0.0
2018-12-26 00:00:00+08:00,13.148083727176932,13.18352222442627,12.970885184361599,13.18352222442627,45918,0.0,0.0
2018-12-27 00:00:00+08:00,13.04176620432568,13.112644718385932,13.006326190224419,13.077204704284668,23988,0.0,0.0
2018-12-28 00:00:00+08:00,12.900006675720762,13.18352222442627,12.616489612873096,13.18352222442627,44069,0.0,0.0
2019-01-02 00:00:00+08:00,12.900007973935258,13.325282096862793,12.900007973935258,13.325282096862793,11329,0.0,0.0
2019-01-03 00:00:00+08:00,13.112643675545872,13.183522183969199,13.112643675545872,13.148083686828613,10081,0.0,0.0
2019-01-04 00:00:00+08:00,12.793688489724188,13.28984260559082,12.793688489724188,13.28984260559082,20328,0.0,0.0
2019-01-07 00:00:00+08:00,13.112645149230957,13.183523665620077,13.041766632841837,13.112645149230957,22400,0.0,0.0
2019-01-08 00:00:00+08:00,13.07720366426313,13.148083686828613,13.006325155839804,13.148083686828613,15028,0.0,0.0
2019-01-09 00:00:00+08:00,12.970885184361599,13.18352222442627,12.970885184361599,13.18352222442627,23520,0.0,0.0
2019-01-10 00:00:00+08:00,13.041766632841837,13.112645149230957,13.041766632841837,13.112645149230957,7948,0.0,0.0
2019-01-11 00:00:00+08:00,13.041765634887687,13.218962669372559,13.00632562233383,13.218962669372559,11202,0.0,0.0
2019-01-14 00:00:00+08:00,13.218962235817768,13.218962235817768,13.18352222442627,13.18352222442627,3024,0.0,0.0
2019-01-15 00:00:00+08:00,13.28984260559082,13.28984260559082,13.28984260559082,13.28984260559082,1120,0.0,0.0
2019-01-16 00:00:00+08:00,13.325282096862793,13.325282096862793,13.325282096862793,13.325282096862793,12041,0.0,0.0
2019-01-17 00:00:00+08:00,13.254402160644531,13.254402160644531,13.254402160644531,13.254402160644531,6720,0.0,0.0
2019-01-18 00:00:00+08:00,13.254402160644531,13.254402160644531,13.183522138324452,13.254402160644531,6793,0.0,0.0
2019-01-21 00:00:00+08:00,13.112644145853194,13.254402681926416,13.112644145853194,13.218962669372559,11424,0.0,0.0
2019-01-22 00:00:00+08:00,13.254402160644531,13.254402160644531,13.254402160644531,13.254402160644531,1120,0.0,0.0
2019-01-23 00:00:00+08:00,13.254402160644531,13.254402160644531,13.254402160644531,13.254402160644531,1120,0.0,0.0
2019-01-24 00:00:00+08:00,13.254402160644531,13.254402160644531,13.254402160644531,13.254402160644531,2002,0.0,0.0
2019-01-25 00:00:00+08:00,13.112643715785433,13.18352222442627,13.112643715785433,13.18352222442627,11200,0.0,0.0
2019-01-28 00:00:00+08:00,13.18352222442627,13.18352222442627,13.18352222442627,13.18352222442627,5600,0.0,0.0
2019-01-29 00:00:00+08:00,13.148083686828613,13.148083686828613,13.148083686828613,13.148083686828613,1120,0.0,0.0
2019-01-30 00:00:00+08:00,13.254402160644531,13.254402160644531,13.077203618986486,13.254402160644531,17926,0.0,0.0
2019-02-11 00:00:00+08:00,13.608797073364258,13.608797073364258,13.608797073364258,13.608797073364258,9406,0.0,0.0
2019-02-12 00:00:00+08:00,13.431598663330078,13.431598663330078,13.431598663330078,13.431598663330078,1392,0.0,0.0
2019-02-13 00:00:00+08:00,13.254402593274005,13.28984260559082,13.183522568640372,13.28984260559082,22322,0.0,0.0
2019-02-14 00:00:00+08:00,13.148083727176932,13.18352222442627,13.148083727176932,13.18352222442627,11569,0.0,0.0
2019-02-15 00:00:00+08:00,13.289842258600764,13.289842258600764,13.112643715785433,13.18352222442627,10159,0.0,0.0
2019-02-18 00:00:00+08:00,13.041766632841837,13.112645149230957,13.041766632841837,13.112645149230957,5040,0.0,0.0
2019-02-19 00:00:00+08:00,13.006327103770808,13.041767120361328,12.864568551551109,13.041767120361328,22889,0.0,0.0
2019-02-20 00:00:00+08:00,13.006325110808557,13.325280668822458,13.006325110808557,13.254402160644531,16448,0.0,0.0
2019-02-21 00:00:00+08:00,13.289843964210476,13.467041015625,13.183523916390937,13.467041015625,47040,0.0,0.0
2019-02-22 00:00:00+08:00,13.396162497887662,13.467041015625,13.396162497887662,13.467041015625,30464,0.0,0.0
2019-02-25 00:00:00+08:00,13.32528246600797,13.467041015625,13.218963932330784,13.467041015625,4896,0.0,0.0
2019-02-26 00:00:00+08:00,13.254401642738033,13.431598663330078,13.254401642738033,13.431598663330078,8960,0.0,0.0
2019-02-27 00:00:00+08:00,13.28984165251328,13.431598663330078,13.28984165251328,13.431598663330078,14922,0.0,0.0
2019-03-04 00:00:00+08:00,13.396160167696925,13.431598663330078,13.396160167696925,13.431598663330078,3360,0.0,0.0
2019-03-05 00:00:00+08:00,13.254401169399316,13.360719680786133,13.183521152380079,13.360719680786133,18032,0.0,0.0
2019-03-06 00:00:00+08:00,13.360722481947816,13.467041015625,13.360722481947816,13.467041015625,12072,0.0,0.0
2019-03-07 00:00:00+08:00,13.467041015625,13.467041015625,13.467041015625,13.467041015625,2406,0.0,0.0
2019-03-08 00:00:00+08:00,13.431598663330078,13.431598663330078,13.431598663330078,13.431598663330078,3360,0.0,0.0
2019-03-11 00:00:00+08:00,13.396161079406738,13.396161079406738,13.396161079406738,13.396161079406738,1120,0.0,0.0
2019-03-12 00:00:00+08:00,13.289842556987315,13.396161079406738,13.289842556987315,13.396161079406738,8960,0.0,0.0
2019-03-13 00:00:00+08:00,13.25440254480011,13.396161079406738,13.25440254480011,13.396161079406738,22003,0.0,0.0
2019-03-14 00:00:00+08:00,13.396160167696925,13.467038673105325,13.148083127554388,13.431598663330078,116793,0.0,0.0
2019-03-15 00:00:00+08:00,13.396161031185938,13.502479553222656,13.396161031185938,13.502479553222656,69680,0.0,0.0
2019-03-18 00:00:00+08:00,13.502479972072035,13.715117022741511,13.502479972072035,13.67967700958252,72352,0.0,0.0
2019-03-19 00:00:00+08:00,13.679674416310664,14.104949951171875,13.644235924012024,14.104949951171875,131215,0.0,0.0
2019-03-20 00:00:00+08:00,14.140393627492088,14.28215217590332,14.0695135962153,14.28215217590332,63838,0.0,0.0
2019-03-21 00:00:00+08:00,14.601106593318628,14.84918365443881,14.388469544970535,14.707425117492676,258774,0.0,0.0
2019-03-22 00:00:00+08:00,14.70742280604896,14.70742280604896,14.175828754582739,14.565664291381836,115495,0.0,0.0
2019-03-25 00:00:00+08:00,14.565664291381836,14.565664291381836,14.388467283654416,14.565664291381836,38080,0.0,0.0
2019-03-26 00:00:00+08:00,14.388469121147496,14.671984672546387,14.353029109419321,14.671984672546387,59987,0.0,0.0
2019-03-27 00:00:00+08:00,14.742863138378462,14.778303146362305,14.56566461260127,14.778303146362305,97664,0.0,0.0
2019-03-28 00:00:00+08:00,14.778305576249947,14.778305576249947,14.56566700752632,14.742865562438965,33445,0.0,0.0
2019-03-29 00:00:00+08:00,14.671985104720587,14.707425117492676,14.671985104720587,14.707425117492676,14920,0.0,0.0
2019-04-01 00:00:00+08:00,14.884621656171815,14.955500157997484,14.353027592982247,14.778303146362305,75326,0.0,0.0
2019-04-02 00:00:00+08:00,14.636547035148283,14.778305576249947,14.636547035148283,14.742865562438965,35331,0.0,0.0
2019-04-03 00:00:00+08:00,14.742865562438965,14.742865562438965,14.636547035148283,14.742865562438965,37353,0.0,0.0
2019-04-08 00:00:00+08:00,14.707426128836023,14.707426128836023,14.565667582141984,14.601107597351074,32760,0.0,0.0
2019-04-09 00:00:00+08:00,14.459345783916989,14.565664291381836,14.423905776714712,14.565664291381836,46032,0.0,0.0
2019-04-10 00:00:00+08:00,14.636546174960385,14.671984672546387,14.636546174960385,14.671984672546387,6048,0.0,0.0
2019-04-11 00:00:00+08:00,14.49478760256572,14.63654613494873,14.49478760256572,14.63654613494873,11200,0.0,0.0
2019-04-12 00:00:00+08:00,14.636546174960385,14.671984672546387,14.530227653918029,14.671984672546387,22825,0.0,0.0
2019-04-15 00:00:00+08:00,14.671984632437855,14.671984632437855,14.63654613494873,14.63654613494873,4480,0.0,0.0
2019-04-16 00:00:00+08:00,14.565666111686141,14.63654613494873,14.530227614197015,14.63654613494873,18975,0.0,0.0
2019-04-17 00:00:00+08:00,14.530227614197015,14.63654613494873,14.530227614197015,14.63654613494873,34716,0.0,0.0
2019-04-18 00:00:00+08:00,14.601107597351074,14.601107597351074,14.601107597351074,14.601107597351074,2296,0.0,0.0
2019-04-19 00:00:00+08:00,14.565664291381836,14.601104298584113,14.494785791119265,14.565664291381836,25093,0.0,0.0
2019-04-22 00:00:00+08:00,14.565667582141984,14.601107597351074,14.530229081075216,14.601107597351074,21160,0.0,0.0
2019-04-23 00:00:00+08:00,14.601104298584113,14.601104298584113,14.565664291381836,14.565664291381836,4701,0.0,0.0
2019-04-24 00:00:00+08:00,14.601107597351074,14.601107597351074,14.530229081075216,14.601107597351074,25083,0.0,0.0
2019-04-25 00:00:00+08:00,14.530229081075216,14.601107597351074,14.530229081075216,14.601107597351074,16742,0.0,0.0
2019-04-26 00:00:00+08:00,14.494788600735292,14.530228614807129,14.494788600735292,14.530228614807129,3944,0.0,0.0
2019-04-29 00:00:00+08:00,14.353032536876732,14.388472557067871,14.353032536876732,14.388472557067871,21501,0.0,0.0
2019-04-30 00:00:00+08:00,14.423905776714712,14.565664291381836,14.388467283654416,14.565664291381836,21676,0.0,0.0
2019-05-02 00:00:00+08:00,14.565667582141984,14.601107597351074,14.565667582141984,14.601107597351074,6065,0.0,0.0
2019-05-03 00:00:00+08:00,14.636547612560165,14.671986113626932,14.530229081075216,14.601107597351074,11314,0.0,0.0
2019-05-06 00:00:00+08:00,14.530229081075216,14.601107597351074,14.530229081075216,14.601107597351074,2530,0.0,0.0
2019-05-07 00:00:00+08:00,14.565664291381836,14.565664291381836,14.565664291381836,14.565664291381836,1120,0.0,0.0
2019-05-08 00:00:00+08:00,14.388469644948046,14.49478816986084,14.317589618911363,14.49478816986084,20496,0.0,0.0
2019-05-09 00:00:00+08:00,14.282154010636992,14.388472557067871,14.175833950063579,14.388472557067871,71120,0.0,0.0
2019-05-10 00:00:00+08:00,14.246711247234613,14.31758975982666,14.17583122050032,14.31758975982666,20496,0.0,0.0
2019-05-13 00:00:00+08:00,14.246713990445855,14.388472557067871,14.246713990445855,14.388472557067871,11424,0.0,0.0
2019-05-14 00:00:00+08:00,14.24671167561688,14.35303020477295,14.175831646751307,14.35303020477295,64960,0.0,0.0
2019-05-15 00:00:00+08:00,14.317590190340164,14.35303020477295,14.282151690049666,14.35303020477295,44824,0.0,0.0
2019-05-16 00:00:00+08:00,14.24671167561688,14.35303020477295,14.175831646751307,14.35303020477295,38080,0.0,0.0
2019-05-17 00:00:00+08:00,14.601106258611093,14.601106258611093,14.317589191218008,14.45934772491455,23632,0.0,0.0
2019-05-20 00:00:00+08:00,14.423908233642578,14.423908233642578,14.423908233642578,14.423908233642578,1,0.0,0.0
2019-05-21 00:00:00+08:00,14.423911063116472,14.423911063116472,14.353032536876732,14.388472557067871,8960,0.0,0.0
2019-05-22 00:00:00+08:00,14.317592516685595,14.388472557067871,14.175833950063579,14.388472557067871,29680,0.0,0.0
2019-05-23 00:00:00+08:00,14.246711530516981,14.530228614807129,14.246711530516981,14.530228614807129,31731,0.0,0.0
2019-05-24 00:00:00+08:00,14.459351083307611,14.459351083307611,14.388472557067871,14.388472557067871,9072,0.0,0.0
2019-05-27 00:00:00+08:00,14.246711195731914,14.423908233642578,14.246711195731914,14.423908233642578,11674,0.0,0.0
2019-05-28 00:00:00+08:00,14.28215217590332,14.28215217590332,14.175832128988139,14.28215217590332,21395,0.0,0.0
2019-05-29 00:00:00+08:00,14.246711730957031,14.246711730957031,14.175831701816131,14.246711730957031,11200,0.0,0.0
2019-05-30 00:00:00+08:00,14.211272144626532,14.28215217590332,14.104953611853693,14.28215217590332,29507,0.0,0.0
2019-05-31 00:00:00+08:00,14.246711730957031,14.28215174552748,14.175831701816131,14.246711730957031,19152,0.0,0.0
2019-06-03 00:00:00+08:00,14.317589708067732,14.423908233642578,14.211271182492885,14.423908233642578,86352,0.0,0.0
2019-06-04 00:00:00+08:00,14.353030519172089,14.636547612560165,14.353030519172089,14.601107597351074,31951,0.0,0.0
2019-06-05 00:00:00+08:00,14.423909035447947,14.601107597351074,14.423909035447947,14.601107597351074,12320,0.0,0.0
2019-06-06 00:00:00+08:00,14.459347630461677,14.671984672546387,14.317589097691144,14.671984672546387,35840,0.0,0.0
2019-06-10 00:00:00+08:00,14.671984672546387,14.671984672546387,14.459347630461677,14.671984672546387,42968,0.0,0.0
2019-06-11 00:00:00+08:00,14.494785791119265,14.565664291381836,14.459345783916989,14.565664291381836,44966,0.0,0.0
2019-06-12 00:00:00+08:00,14.459349356802255,14.8491849899292,14.459349356802255,14.8491849899292,47679,0.0,0.0
2019-06-13 00:00:00+08:00,14.56566700752632,14.742865562438965,14.56566700752632,14.742865562438965,3360,0.0,0.0
2019-06-14 00:00:00+08:00,14.530229081075216,14.601107597351074,14.459349050657035,14.601107597351074,36960,0.0,0.0
2019-06-17 00:00:00+08:00,14.423908572591618,14.565667114736693,14.423908572591618,14.530228614807129,24640,0.0,0.0
2019-06-18 00:00:00+08:00,14.565667582141984,14.601107597351074,14.423909035447947,14.601107597351074,26880,0.0,0.0
2019-06-19 00:00:00+08:00,14.494789065866126,14.601107597351074,14.494789065866126,14.601107597351074,7264,0.0,0.0
2019-06-20 00:00:00+08:00,14.494789065866126,14.636547612560165,14.494789065866126,14.601107597351074,33600,0.0,0.0
2019-06-21 00:00:00+08:00,14.530228614807129,14.530228614807129,14.530228614807129,14.530228614807129,10892,0.0,0.0
2019-06-24 00:00:00+08:00,14.459345783916989,14.565664291381836,14.459345783916989,14.565664291381836,6980,0.0,0.0
2019-06-25 00:00:00+08:00,14.45934873392902,14.45934873392902,14.35303020477295,14.35303020477295,34795,0.0,0.0
2019-06-26 00:00:00+08:00,14.353030058590218,14.530228614807129,14.353030058590218,14.530228614807129,10457,0.0,0.0
2019-06-27 00:00:00+08:00,14.530227748833914,14.530227748833914,14.388469215137372,14.45934772491455,11254,0.0,0.0
2019-06-28 00:00:00+08:00,14.459348156842498,14.49478816986084,14.423908143824157,14.49478816986084,5768,0.0,0.0
2019-07-01 00:00:00+08:00,14.459348156842498,14.49478816986084,14.423908143824157,14.49478816986084,45410,0.0,0.0
2019-07-02 00:00:00+08:00,14.388472557067871,14.459351083307611,14.388472557067871,14.388472557067871,49280,0.0,0.0
2019-07-03 00:00:00+08:00,14.388469215137372,14.45934772491455,14.388469215137372,14.45934772491455,8960,0.0,0.0
2019-07-04 00:00:00+08:00,14.459348246881605,14.459348246881605,14.388469734545788,14.423908233642578,30240,0.0,0.0
2019-07-05 00:00:00+08:00,14.423908233642578,14.423908233642578,14.423908233642578,14.423908233642578,5600,0.0,0.0
2019-07-08 00:00:00+08:00,14.423908233642578,14.423908233642578,14.388469734545788,14.423908233642578,10080,0.0,0.0
2019-07-09 00:00:00+08:00,14.353029631929704,14.49478816986084,14.353029631929704,14.49478816986084,23520,0.0,0.0
2019-07-10 00:00:00+08:00,14.388469786560952,14.388469786560952,14.31758975982666,14.31758975982666,31360,0.0,0.0
2019-07-11 00:00:00+08:00,14.317592516685595,14.388472557067871,14.175833950063579,14.388472557067871,38866,0.0,0.0
2019-07-12 00:00:00+08:00,14.459351083307611,14.459351083307611,14.246713990445855,14.388472557067871,36090,0.0,0.0
2019-07-15 00:00:00+08:00,14.317590245955635,14.317590245955635,14.246711730957031,14.246711730957031,6720,0.0,0.0
2019-07-16 00:00:00+08:00,14.246711247234613,14.31758975982666,14.104952707908273,14.31758975982666,50621,0.0,0.0
2019-07-17 00:00:00+08:00,14.28215174552748,14.317590245955635,14.175831701816131,14.246711730957031,39592,0.0,0.0
2019-07-18 00:00:00+08:00,14.353032536876732,14.388472557067871,14.353032536876732,14.388472557067871,4480,0.0,0.0
2019-07-19 00:00:00+08:00,14.42390877552469,14.42390877552469,14.246711730957031,14.246711730957031,52640,0.0,0.0
2019-07-22 00:00:00+08:00,14.246711530516981,14.530228614807129,14.211271516445143,14.530228614807129,44800,0.0,0.0
2019-07-23 00:00:00+08:00,14.45934873392902,14.45934873392902,14.35303020477295,14.35303020477295,10400,0.0,0.0
2019-07-24 00:00:00+08:00,14.35303020477295,14.494788748361806,14.35303020477295,14.35303020477295,6944,0.0,0.0
2019-07-25 00:00:00+08:00,14.317592516685595,14.388472557067871,14.317592516685595,14.388472557067871,26992,0.0,0.0
2019-07-26 00:00:00+08:00,14.317592516685595,14.388472557067871,14.317592516685595,14.388472557067871,11704,0.0,0.0
2019-07-29 00:00:00+08:00,14.459348790095142,14.459348790095142,14.21127171638658,14.246711730957031,469448,0.0,0.0
2019-07-30 00:00:00+08:00,14.317590677399371,14.317590677399371,14.28215217590332,14.28215217590332,4592,0.0,0.0
2019-07-31 00:00:00+08:00,14.31758975982666,14.31758975982666,14.31758975982666,14.31758975982666,37072,0.0,0.0
2019-08-01 00:00:00+08:00,14.353032536876732,14.388472557067871,14.317592516685595,14.388472557067871,7840,0.0,0.0
2019-08-02 00:00:00+08:00,14.423908285785854,14.459348299153,14.17583122050032,14.31758975982666,41982,0.0,0.0
2019-08-05 00:00:00+08:00,14.317590339807502,14.317590339807502,14.17583179473877,14.17583179473877,6830,0.0,0.0
2019-08-06 00:00:00+08:00,14.17583179473877,14.211271809541529,14.17583179473877,14.17583179473877,23675,0.0,0.0
2019-08-07 00:00:00+08:00,14.175832128988139,14.28215217590332,14.140393627492088,14.28215217590332,74067,0.0,0.0
2019-08-08 00:00:00+08:00,14.28215217590332,14.28215217590332,14.28215217590332,14.28215217590332,41552,0.0,0.0
2019-08-12 00:00:00+08:00,14.353029773193807,14.353029773193807,14.17583122050032,14.31758975982666,51755,0.0,0.0
2019-08-13 00:00:00+08:00,14.211271286010742,14.211271286010742,14.175831272513562,14.211271286010742,19152,0.0,0.0
2019-08-14 00:00:00+08:00,14.494787642189852,14.74286469600274,14.459347630461677,14.671984672546387,198225,0.0,0.0
2019-08-15 00:00:00+08:00,14.671987888489051,14.813746452331543,14.353032255450325,14.813746452331543,78025,0.0,0.0
2019-08-16 00:00:00+08:00,14.813746452331543,14.813746452331543,14.565669344142808,14.813746452331543,16800,0.0,0.0
2019-08-19 00:00:00+08:00,14.742865232704773,14.742865232704773,14.459348156842498,14.49478816986084,79520,0.0,0.0
2019-08-20 00:00:00+08:00,14.494787642189852,14.671984672546387,14.494787642189852,14.671984672546387,105717,0.0,0.0
2019-08-21 00:00:00+08:00,14.742864655700446,14.742864655700446,14.565666111686141,14.63654613494873,81760,0.0,0.0
2019-08-22 00:00:00+08:00,14.601107277517876,14.601107277517876,14.35303020477295,14.35303020477295,106449,0.0,0.0
2019-08-23 00:00:00+08:00,14.317589097691144,14.671984672546387,14.317589097691144,14.671984672546387,59503,0.0,0.0
2019-08-26 00:00:00+08:00,14.388467283654416,14.565664291381836,14.388467283654416,14.565664291381836,43332,0.0,0.0
2019-08-27 00:00:00+08:00,14.53022579832154,14.636544305786389,14.53022579832154,14.565664291381836,235256,0.0,0.0
2019-08-28 00:00:00+08:00,14.601106123317436,14.63654613494873,14.530227614197015,14.63654613494873,106624,0.0,0.0
2019-08-29 00:00:00+08:00,14.636547612560165,14.707426128836023,14.494789065866126,14.601107597351074,215193,0.0,0.0
2019-08-30 00:00:00+08:00,14.707425869289134,15.735174179077148,14.671985854705467,15.735174179077148,468245,0.0,0.0
2019-09-02 00:00:00+08:00,16.231328845846512,16.514845943299704,16.05413028140268,16.443965911865234,812954,0.0,0.0
2019-09-03 00:00:00+08:00,16.692041933456533,16.692041933456533,16.12500928870586,16.51484489440918,403155,0.0,0.0
2019-09-04 00:00:00+08:00,16.514842670096687,16.55028116464775,16.16044561144969,16.302204132080078,205240,0.0,0.0
2019-09-05 00:00:00+08:00,16.337644140773186,16.337644140773186,16.16044561144969,16.302204132080078,184181,0.0,0.0
2019-09-06 00:00:00+08:00,16.302204088939707,16.302204088939707,16.018688562571235,16.266765594482422,342184,0.0,0.0
2019-09-10 00:00:00+08:00,16.192286446491032,16.192286446491032,15.619832788981437,15.660721778869629,352282,0.6,1.12
2019-09-11 00:00:00+08:00,15.660723824837564,15.742503375112877,15.660723824837564,15.701614379882812,61172,0.0,0.0
2019-09-12 00:00:00+08:00,15.783392023534539,15.90606212615967,15.66072348072456,15.906062126159668,53000,0.0,0.0
2019-09-16 00:00:00+08:00,15.946951259266248,15.946951259266248,15.660723617008692,15.74250316619873,44000,0.0,0.0
2019-09-17 00:00:00+08:00,15.74250316619873,15.74250316619873,15.660723617008692,15.74250316619873,42669,0.0,0.0
2019-09-18 00:00:00+08:00,15.742501055959636,15.865169583393733,15.701612066753254,15.783390045166016,15180,0.0,0.0
2019-09-19 00:00:00+08:00,15.78339216088617,15.78339216088617,15.660723617008692,15.74250316619873,31100,0.0,0.0
2019-09-20 00:00:00+08:00,15.701614379882812,15.701614379882812,15.53805527933219,15.701614379882812,88093,0.0,0.0
2019-09-23 00:00:00+08:00,15.538055563502843,15.619835115273794,15.374496459960938,15.374496459960938,99051,0.0,0.0
2019-09-24 00:00:00+08:00,15.415388978769721,15.49716854095459,15.374498417769582,15.49716854095459,28176,0.0,0.0
2019-09-25 00:00:00+08:00,15.456275729056879,15.701614379882812,15.29271818832144,15.701614379882812,41300,0.0,0.0
2019-09-26 00:00:00+08:00,15.701614171511293,15.74250316619873,15.619834622321255,15.74250316619873,38000,0.0,0.0
2019-09-27 00:00:00+08:00,15.578941979504203,15.783390045166017,15.578941979504203,15.783390045166016,57276,0.0,0.0
2019-10-01 00:00:00+08:00,15.742504994838331,15.824284553527832,15.660725436148828,15.824284553527832,31633,0.0,0.0
2019-10-02 00:00:00+08:00,15.61983643671175,15.824284553527832,15.61983643671175,15.824284553527832,28200,0.0,0.0
2019-10-03 00:00:00+08:00,15.701612066753254,15.824280594187352,15.701612066753254,15.783390045166016,53000,0.0,0.0
2019-10-04 00:00:00+08:00,15.660723343004676,15.865171432495117,15.660723343004676,15.865171432495117,29100,0.0,0.0
2019-10-07 00:00:00+08:00,15.865171432495117,15.906061986282285,15.701613896791846,15.865171432495117,33001,0.0,0.0
2019-10-08 00:00:00+08:00,15.94695112049128,15.94695112049128,15.783392023534539,15.906062126159668,24380,0.0,0.0
2019-10-09 00:00:00+08:00,15.742502890763879,15.865171432495117,15.742502890763879,15.865171432495117,12014,0.0,0.0
2019-10-14 00:00:00+08:00,15.783391817652348,15.946950912475586,15.742502823854103,15.946950912475586,48963,0.0,0.0
2019-10-15 00:00:00+08:00,15.783392023534539,15.90606212615967,15.70161403487132,15.906062126159668,51937,0.0,0.0
2019-10-16 00:00:00+08:00,16.028730459887203,16.028730459887203,15.783391817652348,15.946950912475586,39997,0.0,0.0
2019-10-17 00:00:00+08:00,15.865173552964912,15.906064112217335,15.824284553527832,15.824284553527832,36034,0.0,0.0
2019-10-18 00:00:00+08:00,15.824282438523083,15.906061986282285,15.783391884735913,15.865171432495117,38978,0.0,0.0
2019-10-21 00:00:00+08:00,15.865171432495117,15.906061986282285,15.824282438523083,15.865171432495117,39242,0.0,0.0
2019-10-22 00:00:00+08:00,15.783391817652348,15.946950912475586,15.783391817652348,15.946950912475586,56173,0.0,0.0
2019-10-23 00:00:00+08:00,15.824282371265722,15.946950912475586,15.824282371265722,15.946950912475586,74583,0.0,0.0
2019-10-24 00:00:00+08:00,15.82428405374219,16.069621162246758,15.82428405374219,15.987841606140137,46220,0.0,0.0
2019-10-25 00:00:00+08:00,16.028730459887203,16.028730459887203,15.865171365063967,15.946950912475586,51393,0.0,0.0
2019-10-28 00:00:00+08:00,16.192287994895313,16.192287994895313,15.783391817652348,15.946950912475586,48880,0.0,0.0
2019-10-29 00:00:00+08:00,15.94695112049128,15.94695112049128,15.783392023534539,15.906062126159668,37184,0.0,0.0
2019-10-30 00:00:00+08:00,15.906063609848811,15.987841606140137,15.906063609848811,15.987841606140137,67060,0.0,0.0
2019-10-31 00:00:00+08:00,15.906061851762246,16.028730392456055,15.865171298320893,16.028730392456055,21123,0.0,0.0
2019-11-01 00:00:00+08:00,16.02873032570949,16.110509872436523,15.946950778982453,16.110509872436523,28376,0.0,0.0
2019-11-04 00:00:00+08:00,16.110510007298824,16.15139900109707,15.946950912475586,15.946950912475586,36000,0.0,0.0
2019-11-05 00:00:00+08:00,15.946953478843815,16.110512599988876,15.946953478843815,16.069622039794922,65000,0.0,0.0
2019-11-06 00:00:00+08:00,15.98783990627383,16.069619453685448,15.946950912475586,15.946950912475586,50000,0.0,0.0
2019-11-07 00:00:00+08:00,15.906061851762246,16.069619386082284,15.865171298320893,16.028730392456055,42000,0.0,0.0
2019-11-08 00:00:00+08:00,16.028732164101093,16.028732164101093,15.906063609848811,15.987841606140137,38331,0.0,0.0
2019-11-11 00:00:00+08:00,16.069621162246758,16.110511720207715,15.82428405374219,15.987841606140137,44000,0.0,0.0
2019-11-12 00:00:00+08:00,15.98783990627383,16.028730459887203,15.946950912475586,15.946950912475586,47000,0.0,0.0
2019-11-13 00:00:00+08:00,15.865171365063967,15.946950912475586,15.824282371265722,15.946950912475586,52000,0.0,0.0
2019-11-14 00:00:00+08:00,15.946951470893563,15.946951470893563,15.619834829607502,15.701614379882812,56000,0.0,0.0
2019-11-15 00:00:00+08:00,15.619834829607502,15.701614379882812,15.456275729056879,15.701614379882812,116360,0.0,0.0
2019-11-18 00:00:00+08:00,15.701613896791846,15.94695098025432,15.701613896791846,15.865171432495117,9000,0.0,0.0
2019-11-19 00:00:00+08:00,15.824282925388188,15.824282925388188,15.660723824837564,15.701614379882812,14000,0.0,0.0
2019-11-20 00:00:00+08:00,15.660721778869629,15.660721778869629,15.538053249390073,15.660721778869629,29000,0.0,0.0
2019-11-21 00:00:00+08:00,15.660723824837564,15.824282925388188,15.578944274562254,15.701614379882812,12000,0.0,0.0
2019-11-22 00:00:00+08:00,15.660723824837564,15.824282925388188,15.578944274562254,15.701614379882812,12791,0.0,0.0
2019-11-25 00:00:00+08:00,15.578946543324045,15.578946543324045,15.49716854095459,15.49716854095459,48000,0.0,0.0
2019-11-26 00:00:00+08:00,15.49716458314992,15.619833115191327,15.456274032592773,15.456274032592773,21000,0.0,0.0
2019-11-27 00:00:00+08:00,15.660723617008692,15.74250316619873,15.578944067818654,15.74250316619873,7000,0.0,0.0
2019-11-28 00:00:00+08:00,15.660723617008692,15.74250316619873,15.578944067818654,15.74250316619873,7000,0.0,0.0
2019-11-29 00:00:00+08:00,15.578942239278264,15.660721778869629,15.578942239278264,15.660721778869629,6129,0.0,0.0
2019-12-02 00:00:00+08:00,15.7425015851071,15.824281126083644,15.538053512573242,15.538053512573242,33000,0.0,0.0
2019-12-03 00:00:00+08:00,15.660721778869629,15.660721778869629,15.538053249390073,15.660721778869629,14000,0.0,0.0
2019-12-04 00:00:00+08:00,15.660723824837564,15.701614379882812,15.53805527933219,15.701614379882812,45000,0.0,0.0
2019-12-05 00:00:00+08:00,15.578946247028533,15.619836807250977,15.578946247028533,15.619836807250977,14000,0.0,0.0
2019-12-06 00:00:00+08:00,15.619836807250977,15.742505368287542,15.619836807250977,15.619836807250977,10000,0.0,0.0
2019-12-09 00:00:00+08:00,15.701614379882812,15.742503375112877,15.701614379882812,15.701614379882812,13000,0.0,0.0
2019-12-10 00:00:00+08:00,15.538057542139317,15.538057542139317,15.374498417769582,15.49716854095459,135000,0.0,0.0
2019-12-11 00:00:00+08:00,15.415384981015928,15.538053512573242,15.415384981015928,15.538053512573242,14000,0.0,0.0
2019-12-12 00:00:00+08:00,15.53805724662147,15.619836807250977,15.53805724662147,15.619836807250977,39000,0.0,0.0
2019-12-13 00:00:00+08:00,15.660725807658038,15.660725807658038,15.619836807250977,15.619836807250977,8630,0.0,0.0
2019-12-16 00:00:00+08:00,15.53805724662147,15.619836807250977,15.456277685991965,15.619836807250977,9000,0.0,0.0
2019-12-17 00:00:00+08:00,15.619833053549787,15.619833053549787,15.497164521992472,15.538053512573242,3000,0.0,0.0
2019-12-18 00:00:00+08:00,15.415384981015928,15.538053512573242,15.415384981015928,15.538053512573242,8000,0.0,0.0
2019-12-19 00:00:00+08:00,15.415384981015928,15.538053512573242,15.415384981015928,15.538053512573242,8000,0.0,0.0
2019-12-20 00:00:00+08:00,15.415384981015928,15.538053512573242,15.292716449458613,15.538053512573242,82050,0.0,0.0
2019-12-23 00:00:00+08:00,15.578944559480712,15.578944559480712,15.374496459960938,15.374496459960938,24000,0.0,0.0
2019-12-24 00:00:00+08:00,15.374494491293497,15.456274032592773,15.374494491293497,15.456274032592773,24000,0.0,0.0
2019-12-25 00:00:00+08:00,15.374494430620151,15.538053512573242,15.374494430620151,15.538053512573242,13000,0.0,0.0
2019-12-26 00:00:00+08:00,15.538055211187055,15.578944206237793,15.456275661270404,15.578944206237793,24000,0.0,0.0
2019-12-27 00:00:00+08:00,15.538055211187055,15.578944206237793,15.456275661270404,15.578944206237793,24006,0.0,0.0
2019-12-30 00:00:00+08:00,15.578944698814999,15.619835254973797,15.33360760112312,15.415387153625488,51000,0.0,0.0
2019-12-31 00:00:00+08:00,15.374494491293497,15.53805357389205,15.374494491293497,15.456274032592773,29200,0.0,0.0
2020-01-02 00:00:00+08:00,15.538057542139317,15.578946543324045,15.333609416584853,15.49716854095459,92000,0.0,0.0
2020-01-03 00:00:00+08:00,15.49716854095459,15.49716854095459,15.415388978769721,15.49716854095459,32946,0.0,0.0
2020-01-06 00:00:00+08:00,15.333609416584853,15.49716854095459,15.333609416584853,15.49716854095459,4000,0.0,0.0
2020-01-07 00:00:00+08:00,15.497164851729565,15.497164851729565,15.292716774845614,15.333605766296387,21000,0.0,0.0
2020-01-08 00:00:00+08:00,15.292718468005198,15.374496459960938,15.251827912212116,15.374496459960938,27000,0.0,0.0
2020-01-09 00:00:00+08:00,15.292718468005198,15.374496459960938,15.292718468005198,15.374496459960938,19000,0.0,0.0
2020-01-10 00:00:00+08:00,15.333605500551366,15.456274032592773,15.333605500551366,15.456274032592773,25000,0.0,0.0
2020-01-13 00:00:00+08:00,15.374494491293497,15.49716458314992,15.374494491293497,15.456274032592773,38000,0.0,0.0
2020-01-14 00:00:00+08:00,15.49716854095459,15.49716854095459,15.45627797995445,15.49716854095459,18000,0.0,0.0
2020-01-15 00:00:00+08:00,15.497164521992472,15.538053512573242,15.497164521992472,15.538053512573242,11000,0.0,0.0
2020-01-16 00:00:00+08:00,15.538053512573242,15.538053512573242,15.415384981015928,15.538053512573242,7000,0.0,0.0
2020-01-17 00:00:00+08:00,15.456274032592773,15.456274032592773,15.456274032592773,15.456274032592773,2000,0.0,0.0
2020-01-20 00:00:00+08:00,15.456275661270404,15.578944206237793,15.456275661270404,15.578944206237793,17000,0.0,0.0
2020-01-30 00:00:00+08:00,15.333605971979726,15.333605971979726,14.883820820727676,15.292716979980469,68000,0.0,0.0
2020-01-31 00:00:00+08:00,15.006492242083974,15.21094036102295,14.96560168240696,15.21094036102295,36000,0.0,0.0
2020-02-03 00:00:00+08:00,14.883820946323624,15.129158020019531,14.597593320468347,15.129158020019531,60000,0.0,0.0
2020-02-04 00:00:00+08:00,14.842931125688464,15.170047760009764,14.842931125688464,15.170047760009766,13000,0.0,0.0
2020-02-05 00:00:00+08:00,15.006490816714471,15.374496459960938,15.006490816714471,15.374496459960938,41000,0.0,0.0
2020-02-06 00:00:00+08:00,15.129158697648009,15.45627533049899,15.129158697648009,15.251827239990234,40000,0.0,0.0
2020-02-07 00:00:00+08:00,15.251827239990234,15.251827239990234,15.251827239990234,15.251827239990234,0,0.0,0.0
2020-02-10 00:00:00+08:00,15.33360760112312,15.415387153625488,15.33360760112312,15.415387153625488,40714,0.0,0.0
2020-02-11 00:00:00+08:00,15.374496459960938,15.374496459960938,15.251827912212116,15.374496459960938,7000,0.0,0.0
2020-02-12 00:00:00+08:00,15.374496459960938,15.374496459960938,15.292718468005198,15.374496459960938,15000,0.0,0.0
2020-02-13 00:00:00+08:00,15.374496459960938,15.374496459960938,15.251827912212116,15.374496459960938,7000,0.0,0.0
2020-02-14 00:00:00+08:00,15.210938916234246,15.374496459960938,15.210938916234246,15.374496459960938,25080,0.0,0.0
2020-02-17 00:00:00+08:00,15.374496459960938,15.374496459960938,15.374496459960938,15.374496459960938,0,0.0,0.0
2020-02-18 00:00:00+08:00,15.210937232129025,15.333605766296387,15.210937232129025,15.333605766296387,11000,0.0,0.0
2020-02-19 00:00:00+08:00,15.292716509809233,15.456274032592773,15.25182595925209,15.456274032592773,11000,0.0,0.0
2020-02-20 00:00:00+08:00,15.374494757747161,15.374494757747161,15.292716774845614,15.333605766296387,7000,0.0,0.0
2020-02-21 00:00:00+08:00,15.251827566386364,15.578944206237793,15.210938571335626,15.578944206237793,13120,0.0,0.0
2020-02-24 00:00:00+08:00,15.456274032592773,15.456274032592773,15.415385041850643,15.456274032592773,7000,0.0,0.0
2020-02-25 00:00:00+08:00,14.720263297078194,15.415387153625488,14.720263297078194,15.415387153625488,14000,0.0,0.0
2020-02-26 00:00:00+08:00,15.210938245814539,15.29271779398107,15.170047691823703,15.251827239990234,15000,0.0,0.0
2020-02-27 00:00:00+08:00,15.251827239990234,15.251827239990234,15.047379149481477,15.251827239990234,10000,0.0,0.0
2020-03-02 00:00:00+08:00,14.720262988733515,15.088270187377931,14.720262988733515,15.08827018737793,11000,0.0,0.0
2020-03-03 00:00:00+08:00,15.006490950928871,15.415387153625488,15.006490950928871,15.415387153625488,42000,0.0,0.0
2020-03-04 00:00:00+08:00,15.170047691823703,15.251827239990234,15.088269703472314,15.251827239990234,25000,0.0,0.0
2020-03-05 00:00:00+08:00,15.251827239990234,15.251827239990234,15.088269703472314,15.251827239990234,54000,0.0,0.0
2020-03-06 00:00:00+08:00,15.210938314184396,15.210938314184396,14.965599668582058,15.170047760009766,82000,0.0,0.0
2020-03-09 00:00:00+08:00,15.170047760009764,15.170047760009764,15.170047760009764,15.170047760009766,0,0.0,0.0
2020-03-10 00:00:00+08:00,14.720262735934766,15.129158923044065,14.638483186549871,14.679373741149902,167000,0.0,0.0
2020-03-11 00:00:00+08:00,14.802043993637602,14.802043993637602,14.720264434814453,14.720264434814453,30000,0.0,0.0
2020-03-12 00:00:00+08:00,14.720263629881767,14.720263629881767,14.311367417940607,14.5567045211792,32000,0.0,0.0
2020-03-13 00:00:00+08:00,13.902471754924953,13.902471754924953,13.125568297635372,13.86158275604248,177000,0.0,0.0
2020-03-16 00:00:00+08:00,13.493575096130371,13.534464093707687,13.166458436066023,13.493575096130371,29000,0.0,0.0
2020-03-17 00:00:00+08:00,13.575355529785156,13.575355529785156,13.084679728021284,13.575355529785156,43000,0.0,0.0
2020-03-18 00:00:00+08:00,13.575355529785156,13.575355529785156,13.575355529785156,13.575355529785156,0,0.0,0.0
2020-03-19 00:00:00+08:00,13.657134042006495,13.657134042006495,12.553113962713592,13.002899169921875,70000,0.0,0.0
2020-03-20 00:00:00+08:00,13.043789823833947,13.248238722547512,12.921121264513488,13.08467960357666,24000,0.0,0.0
2020-03-23 00:00:00+08:00,12.675782513787192,13.08467872390936,12.675782513787192,13.002899169921875,3000,0.0,0.0
2020-03-24 00:00:00+08:00,13.534463191709133,13.534463191709133,12.921119689941406,12.921119689941406,33000,0.0,0.0
2020-03-25 00:00:00+08:00,13.166458057246302,13.411795155282011,13.002898952012345,13.248237609863281,15000,0.0,0.0
2020-03-26 00:00:00+08:00,13.084679298752897,13.86158275604248,13.084679298752897,13.86158275604248,38000,0.0,0.0
2020-03-27 00:00:00+08:00,13.493574351460913,13.493574351460913,13.330015250547433,13.452685356140137,17000,0.0,0.0
2020-03-30 00:00:00+08:00,13.452686841353398,13.452686841353398,13.043789823833947,13.08467960357666,62000,0.0,0.0
2020-03-31 00:00:00+08:00,13.125567573441124,13.166458129882812,12.962010027120083,13.166458129882812,20000,0.0,0.0
2020-04-01 00:00:00+08:00,13.370906829833984,13.370906829833984,13.370906829833984,13.370906829833984,4000,0.0,0.0
2020-04-06 00:00:00+08:00,13.002898952012345,13.248237609863281,13.002898952012345,13.248237609863281,15000,0.0,0.0
2020-04-07 00:00:00+08:00,13.248238722547512,13.248238722547512,13.08467960357666,13.08467960357666,18000,0.0,0.0
2020-04-08 00:00:00+08:00,13.084678023842557,13.452685217189197,13.084678023842557,13.411794662475586,145000,0.0,0.0
2020-04-09 00:00:00+08:00,13.452685356140137,13.493574351460913,13.370905805683396,13.452685356140137,191000,0.0,0.0
2020-04-10 00:00:00+08:00,13.24823740042473,13.2891263961792,13.166457849100585,13.2891263961792,74000,0.0,0.0
2020-04-13 00:00:00+08:00,13.125567293530912,13.2891263961792,13.125567293530912,13.2891263961792,209000,0.0,0.0
2020-04-14 00:00:00+08:00,13.289126988613244,13.493575096130371,13.166458436066023,13.493575096130371,470000,0.0,0.0
2020-04-15 00:00:00+08:00,13.575355084419195,13.86158275604248,13.534464525721399,13.86158275604248,331000,0.0,0.0
2020-04-16 00:00:00+08:00,13.698023796545648,14.147809028625488,13.657134797198514,14.147809028625488,317000,0.0,0.0
2020-04-17 00:00:00+08:00,14.229587411387747,14.515815062613594,14.106918863666731,14.393146514892578,459000,0.0,0.0
2020-04-20 00:00:00+08:00,14.597594902241626,14.63848389901659,14.270478248596191,14.270478248596191,431000,0.0,0.0
2020-04-21 00:00:00+08:00,14.22958755493164,14.22958755493164,13.698022802901495,14.22958755493164,236000,0.0,0.0
2020-04-22 00:00:00+08:00,14.188697145155283,14.720261844234054,14.147806593032257,14.597593307495117,224000,0.0,0.0
2020-04-23 00:00:00+08:00,14.352254867553711,14.352254867553711,14.311365874694905,14.352254867553711,2000,0.0,0.0
2020-04-24 00:00:00+08:00,14.352257566712426,14.556705689086195,14.352257566712426,14.515816688537598,257000,0.0,0.0
2020-04-27 00:00:00+08:00,14.556704447223863,14.638484001159668,14.352256342291982,14.638484001159668,379000,0.0,0.0
2020-04-28 00:00:00+08:00,14.679373326521882,14.761151313781737,14.434034685296943,14.761151313781738,166000,0.0,0.0
2020-04-29 00:00:00+08:00,14.556702755372092,14.597593307495117,14.515813763064136,14.597593307495117,7000,0.0,0.0
2020-04-30 00:00:00+08:00,14.761153434318354,14.761153434318354,14.556705317168152,14.720264434814453,502000,0.0,0.0
2020-05-04 00:00:00+08:00,14.679373741149902,14.679373741149902,14.311366548825466,14.679373741149902,269000,0.0,0.0
2020-05-05 00:00:00+08:00,14.679373741149902,14.679373741149902,14.638483186549871,14.679373741149902,202000,0.0,0.0
2020-05-06 00:00:00+08:00,14.474927687988998,14.63848524999878,14.434037127625013,14.515816688537598,267000,0.0,0.0
2020-05-07 00:00:00+08:00,14.35225575064392,14.47492585639838,14.35225575064392,14.434035301208496,412000,0.0,0.0
2020-05-08 00:00:00+08:00,14.434035896227785,14.638484001159668,14.434035896227785,14.638484001159668,315000,0.0,0.0
2020-05-11 00:00:00+08:00,14.434034685296943,14.761151313781737,14.434034685296943,14.761151313781738,107000,0.0,0.0
2020-05-12 00:00:00+08:00,14.720264434814453,14.720264434814453,14.720264434814453,14.720264434814453,107000,0.0,0.0
2020-05-13 00:00:00+08:00,14.474926066644992,14.515815062613594,14.393146514892578,14.393146514892578,118000,0.0,0.0
2020-05-14 00:00:00+08:00,14.229587018319288,14.229587018319288,13.943359375000002,13.943359375,247000,0.0,0.0
2020-05-15 00:00:00+08:00,14.106918543686156,14.229587088624738,13.738911349055229,14.06602954864502,150000,0.0,0.0
2020-05-18 00:00:00+08:00,13.738910480802465,14.066028659719493,13.657132495888286,13.984249114990234,32000,0.0,0.0
2020-05-19 00:00:00+08:00,14.229587088624738,14.229587088624738,13.984249998747572,14.06602954864502,5000,0.0,0.0
2020-05-20 00:00:00+08:00,13.902469570260978,13.984249114990234,13.902469570260978,13.984249114990234,119000,0.0,0.0
2020-05-21 00:00:00+08:00,13.86158057780389,13.984249114990234,13.86158057780389,13.984249114990234,111000,0.0,0.0
2020-05-22 00:00:00+08:00,14.106919141865852,14.270478248596191,13.943360035135514,14.270478248596191,13000,0.0,0.0
2020-05-25 00:00:00+08:00,14.270479146297573,14.270479146297573,13.984251471421612,14.147809028625488,7000,0.0,0.0
2020-05-26 00:00:00+08:00,14.147807468825896,14.188698023480177,13.943359375000002,13.943359375,21000,0.0,0.0
2020-05-27 00:00:00+08:00,13.98424992965428,13.98424992965428,13.779801835828385,13.943359375,62000,0.0,0.0
2020-05-28 00:00:00+08:00,13.902471754924953,13.943360753807427,13.86158275604248,13.86158275604248,22000,0.0,0.0
2020-05-29 00:00:00+08:00,13.861581593231676,13.984250139404086,13.861581593231676,13.902470588684082,6000,0.0,0.0
2020-06-01 00:00:00+08:00,13.738911145775026,14.106918334960938,13.738911145775026,14.106918334960938,27000,0.0,0.0
2020-06-02 00:00:00+08:00,13.984251471421612,14.147809028625488,13.943360912259136,14.147809028625488,19000,0.0,0.0
2020-06-03 00:00:00+08:00,14.229586878084524,14.229586878084524,13.943359237586053,14.106918334960938,27000,0.0,0.0
2020-06-04 00:00:00+08:00,14.066030009592103,14.22958755493164,14.066030009592103,14.22958755493164,65000,0.0,0.0
2020-06-05 00:00:00+08:00,13.98425059172572,14.270478248596191,13.98425059172572,14.270478248596191,31000,0.0,0.0
2020-06-08 00:00:00+08:00,14.106920029278355,14.147809028625488,14.06603102993122,14.147809028625488,13000,0.0,0.0
2020-06-09 00:00:00+08:00,14.106918863666731,14.393146514892578,14.06602986769813,14.393146514892578,24000,0.0,0.0
2020-06-10 00:00:00+08:00,14.39314689916751,14.638484001159668,14.311367345231707,14.638484001159668,49000,0.0,0.0
2020-06-11 00:00:00+08:00,14.72026340800199,14.802042961120605,14.72026340800199,14.802042961120605,48000,0.0,0.0
2020-06-12 00:00:00+08:00,14.720261307819067,14.88382039072084,14.515813234099358,14.84292984008789,47000,0.0,0.0
2020-06-15 00:00:00+08:00,14.720261449278885,14.883820533752441,14.720261449278885,14.883820533752441,14000,0.0,0.0
2020-06-16 00:00:00+08:00,14.883822971590966,15.047380523038772,14.720263860327876,14.965600967407227,29000,0.0,0.0
2020-06-17 00:00:00+08:00,15.006490498602286,15.129159043750743,15.006490498602286,15.047379493713379,24000,0.0,0.0
2020-06-18 00:00:00+08:00,14.802041401819963,15.170047012363826,14.802041401819963,15.129158020019531,29000,0.0,0.0
2020-06-19 00:00:00+08:00,14.92471268254531,15.21094036102295,14.92471268254531,15.21094036102295,31000,0.0,0.0
2020-06-22 00:00:00+08:00,15.210939772095058,15.251828770373594,14.88382310642087,15.006491661071777,45000,0.0,0.0
2020-06-23 00:00:00+08:00,15.088268464440551,15.088268464440551,14.84292984008789,14.84292984008789,26000,0.0,0.0
2020-06-24 00:00:00+08:00,14.802043550048499,15.006491661071777,14.802043550048499,15.006491661071777,21000,0.0,0.0
2020-06-29 00:00:00+08:00,15.006489067200093,15.006489067200093,14.720261449278885,14.883820533752441,20000,0.0,0.0
2020-06-30 00:00:00+08:00,14.802043415959421,15.047380523038772,14.802043415959421,14.965600967407227,4000,0.0,0.0
2020-07-01 00:00:00+08:00,14.842932548327035,15.006491661071777,14.842932548327035,15.006491661071777,2000,0.0,0.0
2020-07-02 00:00:00+08:00,15.047380523038772,15.129160078670317,14.883822971590966,14.965600967407227,9000,0.0,0.0
2020-07-03 00:00:00+08:00,14.965600967407227,15.006491525130642,14.802043415959421,14.965600967407227,5000,0.0,0.0
2020-07-06 00:00:00+08:00,14.965599824274278,14.965599824274278,14.679373741149902,14.679373741149902,29000,0.0,0.0
2020-07-07 00:00:00+08:00,14.679373741149902,14.965599824274278,14.638483186549871,14.679373741149902,17000,0.0,0.0
2020-07-08 00:00:00+08:00,14.883820533752441,14.883820533752441,14.883820533752441,14.883820533752441,2000,0.0,0.0
2020-07-09 00:00:00+08:00,14.67937543531055,14.720264434814453,14.67937543531055,14.720264434814453,5000,0.0,0.0
2020-07-10 00:00:00+08:00,14.638484875991303,14.720264434814453,14.066031083859949,14.720264434814453,23000,0.0,0.0
2020-07-13 00:00:00+08:00,14.965601551468554,14.965601551468554,14.515816317664251,14.720264434814453,10000,0.0,0.0
2020-07-14 00:00:00+08:00,14.393146098210359,14.679373741149902,14.393146098210359,14.679373741149902,6000,0.0,0.0
2020-07-15 00:00:00+08:00,14.597595004099393,14.638484001159668,14.597595004099393,14.638484001159668,3000,0.0,0.0
2020-07-16 00:00:00+08:00,14.39314719761698,14.965600967407227,14.39314719761698,14.965600967407227,26000,0.0,0.0
2020-07-17 00:00:00+08:00,14.556705689086195,14.556705689086195,14.229589005251244,14.515816688537598,36000,0.0,0.0
2020-07-20 00:00:00+08:00,14.188698866321312,14.5567045211792,14.188698866321312,14.5567045211792,3000,0.0,0.0
2020-07-21 00:00:00+08:00,14.597594191765008,14.679373741149902,14.474925647595253,14.679373741149902,7000,0.0,0.0
2020-07-22 00:00:00+08:00,14.72026340800199,14.842931957772294,14.638483854883377,14.802042961120605,7000,0.0,0.0
2020-07-23 00:00:00+08:00,14.434036758841103,14.720264434814453,14.434036758841103,14.720264434814453,9000,0.0,0.0
2020-07-24 00:00:00+08:00,14.638484875991303,14.720264434814453,14.638484875991303,14.720264434814453,3000,0.0,0.0
2020-07-27 00:00:00+08:00,14.679373741149902,14.679373741149902,14.679373741149902,14.679373741149902,1000,0.0,0.0
2020-07-28 00:00:00+08:00,14.39314542022761,14.39314542022761,14.188697336303395,14.352254867553711,23000,0.0,0.0
2020-07-29 00:00:00+08:00,14.147806987811885,14.311366081237793,14.147806987811885,14.311366081237793,16000,0.0,0.0
2020-07-30 00:00:00+08:00,14.434035510861179,14.434035510861179,14.188698415419147,14.393146514892578,8000,0.0,0.0
2020-07-31 00:00:00+08:00,14.229586534524838,14.311366081237793,14.229586534524838,14.311366081237793,12000,0.0,0.0
2020-08-03 00:00:00+08:00,14.229586329162201,14.352254867553711,14.188697336303395,14.352254867553711,8000,0.0,0.0
2020-08-04 00:00:00+08:00,14.18869754107592,14.311366081237793,14.18869754107592,14.311366081237793,14000,0.0,0.0
2020-08-05 00:00:00+08:00,14.18869754107592,14.311366081237793,14.18869754107592,14.311366081237793,12000,0.0,0.0
2020-08-06 00:00:00+08:00,14.311366963140163,14.474926066644992,14.270477967171562,14.393146514892578,5000,0.0,0.0
2020-08-07 00:00:00+08:00,14.393146514892578,14.393146514892578,14.393146514892578,14.393146514892578,1000,0.0,0.0
2020-08-10 00:00:00+08:00,14.352254867553711,14.352254867553711,14.352254867553711,14.352254867553711,10000,0.0,0.0
2020-08-11 00:00:00+08:00,14.229586534524838,14.311366081237793,14.147806987811885,14.311366081237793,10000,0.0,0.0
2020-08-12 00:00:00+08:00,13.902469907488141,14.311366081237793,13.902469907488141,14.311366081237793,25000,0.0,0.0
2020-08-13 00:00:00+08:00,14.311367107509025,14.311367107509025,13.779802355478877,14.22958755493164,89000,0.0,0.0
2020-08-14 00:00:00+08:00,14.270478111127947,14.270478111127947,14.025139453395798,14.22958755493164,8000,0.0,0.0
2020-08-17 00:00:00+08:00,14.311366963140163,14.393146514892578,14.311366963140163,14.393146514892578,10000,0.0,0.0
2020-08-18 00:00:00+08:00,14.229587765602165,14.311367319390303,14.106919214827585,14.188698768615723,34000,0.0,0.0
2020-08-19 00:00:00+08:00,14.147808002354259,14.22958755493164,13.98425045701472,14.22958755493164,31000,0.0,0.0
2020-08-20 00:00:00+08:00,13.984251471421612,14.147809028625488,13.943360912259136,14.147809028625488,14000,0.0,0.0
2020-08-21 00:00:00+08:00,14.025140470768745,14.188699587787964,13.820692354402391,14.147809028625488,50000,0.0,0.0
2020-08-24 00:00:00+08:00,14.147807329397082,14.147807329397082,13.984249791837351,14.106918334960938,13000,0.0,0.0
2020-08-25 00:00:00+08:00,13.984251471421612,14.147809028625488,13.943360912259136,14.147809028625488,29000,0.0,0.0
2020-08-26 00:00:00+08:00,13.984250760350731,14.5567045211792,13.984250760350731,14.5567045211792,19000,0.0,0.0
2020-08-27 00:00:00+08:00,14.188698558550563,14.311367107509025,14.10691900597318,14.22958755493164,25000,0.0,0.0
2020-08-28 00:00:00+08:00,14.229587692005985,14.270478248596191,14.229587692005985,14.270478248596191,8000,0.0,0.0
2020-08-31 00:00:00+08:00,14.106917994362966,14.229586534524838,14.106917994362966,14.311366081237793,15000,0.0,0.0
2020-09-01 00:00:00+08:00,14.106919141865852,14.311367245371155,14.106919141865852,14.270478248596191,19000,0.0,0.0
2020-09-02 00:00:00+08:00,14.22958720470465,14.434035301208496,14.22958720470465,14.434035301208496,13000,0.0,0.0
2020-09-03 00:00:00+08:00,14.270478248596191,14.270478248596191,14.066030145090888,14.270478248596191,77000,0.0,0.0
2020-09-04 00:00:00+08:00,14.06602954864502,14.106918543686156,14.025138993788708,14.06602954864502,33000,0.0,0.0
2020-09-07 00:00:00+08:00,14.025138786273496,14.106918334960938,13.943359237586053,14.106918334960938,47000,0.0,0.0
2020-09-08 00:00:00+08:00,14.025138245237988,14.352254867553711,14.025138245237988,14.352254867553711,39000,0.0,0.0
2020-09-09 00:00:00+08:00,14.147808002354259,14.22958755493164,14.147808002354259,14.22958755493164,7000,0.0,0.0
2020-09-10 00:00:00+08:00,14.0660322787964,14.18870084754438,14.025141716003418,14.025141716003418,28000,0.0,0.0
2020-09-11 00:00:00+08:00,13.94335944389126,14.06602954864502,13.94335944389126,14.06602954864502,19000,0.0,0.0
2020-09-14 00:00:00+08:00,13.943360912259136,14.188699587787964,13.943360912259136,14.147809028625488,21000,0.0,0.0
2020-09-15 00:00:00+08:00,14.025138786273496,14.106918334960938,13.943359237586053,14.106918334960938,20000,0.0,0.0
2020-09-16 00:00:00+08:00,14.025138924493392,14.066029479147673,13.943359375000002,13.943359375,44000,0.0,0.0
2020-09-17 00:00:00+08:00,13.861581385321777,13.943359375000002,13.861581385321777,13.943359375,7000,0.0,0.0
2020-09-18 00:00:00+08:00,13.94335944389126,14.06602954864502,13.902470448850124,14.06602954864502,20000,0.0,0.0
2020-09-21 00:00:00+08:00,13.94335944389126,14.06602954864502,13.94335944389126,14.06602954864502,9000,0.0,0.0
2020-09-22 00:00:00+08:00,13.902470448850124,14.06602954864502,13.86158145380899,14.06602954864502,11000,0.0,0.0
2020-09-23 00:00:00+08:00,13.902473147255437,14.025141716003418,13.902473147255437,14.025141716003418,14000,0.0,0.0
2020-09-24 00:00:00+08:00,13.820693581484957,14.025141716003418,13.738914015714474,14.025141716003418,30000,0.0,0.0
2020-09-25 00:00:00+08:00,13.902470904437337,14.22958755493164,13.86158190805626,14.22958755493164,30000,0.0,0.0
2020-09-28 00:00:00+08:00,14.188698768615723,14.188698768615723,14.06603021784114,14.188698768615723,5000,0.0,0.0
2020-09-29 00:00:00+08:00,14.025141716003418,14.025141716003418,13.984252713025917,14.025141716003418,8000,0.0,0.0
2020-09-30 00:00:00+08:00,13.902473147255437,14.025141716003418,13.902473147255437,14.025141716003418,16000,0.0,0.0
2020-10-05 00:00:00+08:00,13.943362150232938,14.025141716003418,13.943362150232938,14.025141716003418,6000,0.0,0.0
2020-10-06 00:00:00+08:00,13.779801835828385,13.98424992965428,13.779801835828385,13.943359375,15000,0.0,0.0
2020-10-07 00:00:00+08:00,13.861581593231676,13.902470588684082,13.861581593231676,13.902470588684082,2000,0.0,0.0
2020-10-08 00:00:00+08:00,13.902470659842196,13.902470659842196,13.820691108703613,13.820691108703613,7000,0.0,0.0
2020-10-12 00:00:00+08:00,13.820692197344684,13.86158275604248,13.77980319846221,13.86158275604248,16000,0.0,0.0
2020-10-13 00:00:00+08:00,13.77980314092452,13.77980314092452,13.738912582397461,13.738912582397461,26000,0.0,0.0
2020-10-14 00:00:00+08:00,13.698023796545648,14.147809028625488,13.698023796545648,14.147809028625488,29000,0.0,0.0
2020-10-15 00:00:00+08:00,13.820691037964078,13.902470588684082,13.820691037964078,13.902470588684082,8000,0.0,0.0
2020-10-16 00:00:00+08:00,13.861581593231676,13.902470588684082,13.861581593231676,13.902470588684082,4000,0.0,0.0
2020-10-19 00:00:00+08:00,13.902470588684082,13.902470588684082,13.779802042511673,13.902470588684082,5000,0.0,0.0
2020-10-20 00:00:00+08:00,13.820691037964078,13.902470588684082,13.738911487244074,13.902470588684082,8000,0.0,0.0
2020-10-21 00:00:00+08:00,13.902470588684082,13.902470588684082,13.902470588684082,13.902470588684082,1000,0.0,0.0
2020-10-22 00:00:00+08:00,13.902469570260978,13.984249114990234,13.902469570260978,13.984249114990234,11000,0.0,0.0
2020-10-23 00:00:00+08:00,13.984249114990234,13.984249114990234,13.902469570260978,13.984249114990234,15000,0.0,0.0
2020-10-26 00:00:00+08:00,13.984249114990234,13.984249114990234,13.902469570260978,13.984249114990234,16000,0.0,0.0
2020-10-27 00:00:00+08:00,13.984249114990234,13.984249114990234,13.984249114990234,13.984249114990234,315000,0.0,0.0
2020-10-28 00:00:00+08:00,13.984251471421612,14.147809028625488,13.984251471421612,14.147809028625488,250000,0.0,0.0
2020-10-29 00:00:00+08:00,14.106918473986784,14.106918473986784,13.902470380160889,13.943359375,119000,0.0,0.0
2020-10-30 00:00:00+08:00,13.943360753807427,13.943360753807427,13.820692197344684,13.86158275604248,621000,0.0,0.0
2020-11-02 00:00:00+08:00,13.861581664180505,13.861581664180505,13.657133566241649,13.820691108703613,31000,0.0,0.0
2020-11-03 00:00:00+08:00,13.820691318670582,13.820691318670582,13.779802322387695,13.779802322387695,149000,0.0,0.0
2020-11-04 00:00:00+08:00,13.738912795892782,14.147809028625488,13.738912795892782,14.147809028625488,159000,0.0,0.0
2020-11-05 00:00:00+08:00,13.984249998747572,14.06602954864502,13.86158145380899,14.06602954864502,49000,0.0,0.0
2020-11-06 00:00:00+08:00,14.06602954864502,14.106918543686156,14.025138993788708,14.06602954864502,30000,0.0,0.0
2020-11-09 00:00:00+08:00,14.14780809598693,15.415387269787354,14.106919099335242,14.802042961120605,481000,0.0,0.0
2020-11-10 00:00:00+08:00,14.716971423932362,14.75950699883906,14.41923051241685,14.546833992004395,86000,0.7,0.0
2020-11-11 00:00:00+08:00,14.334160985169728,14.546833992004395,14.334160985169728,14.546833992004395,21000,0.0,0.0
2020-11-12 00:00:00+08:00,14.46176528930664,14.46176528930664,14.41923133454111,14.46176528930664,7000,0.0,0.0
2020-11-13 00:00:00+08:00,14.46176528930664,14.46176528930664,14.37669575720921,14.46176528930664,5000,0.0,0.0
2020-11-16 00:00:00+08:00,14.249092102050781,14.291626056313946,14.249092102050781,14.249092102050781,20000,0.0,0.0
2020-11-17 00:00:00+08:00,14.334162712097168,14.376696669561927,14.291627132065939,14.334162712097168,7000,0.0,0.0
2020-11-18 00:00:00+08:00,14.291626853414831,14.334162432616722,13.993885911833786,14.036419868469238,88000,0.0,0.0
2020-11-19 00:00:00+08:00,14.121489679640433,14.376696669561927,14.121489679640433,14.334162712097168,37000,0.0,0.0
2020-11-20 00:00:00+08:00,14.2916259765625,14.2916259765625,14.2916259765625,14.2916259765625,1000,0.0,0.0
2020-11-23 00:00:00+08:00,14.164022570958105,14.249092102050781,14.164022570958105,14.249092102050781,9000,0.0,0.0
2020-11-24 00:00:00+08:00,14.206558068510875,14.2916259765625,14.206558068510875,14.2916259765625,14000,0.0,0.0
2020-11-25 00:00:00+08:00,14.206558068510875,14.2916259765625,14.206558068510875,14.2916259765625,10000,0.0,0.0
2020-11-26 00:00:00+08:00,14.2916259765625,14.2916259765625,14.2916259765625,14.2916259765625,1000,0.0,0.0
2020-11-27 00:00:00+08:00,14.12148853789291,14.2916259765625,14.12148853789291,14.2916259765625,17000,0.0,0.0
2020-11-30 00:00:00+08:00,14.206558068510875,14.2916259765625,14.164022491918722,14.2916259765625,8000,0.0,0.0
2020-12-01 00:00:00+08:00,14.206559181213379,14.206559181213379,14.206559181213379,14.206559181213379,1000,0.0,0.0
2020-12-02 00:00:00+08:00,14.249092102050781,14.249092102050781,14.249092102050781,14.249092102050781,1000,0.0,0.0
2020-12-03 00:00:00+08:00,14.206559181213379,14.206559181213379,14.03642010665162,14.206559181213379,10000,0.0,0.0
2020-12-04 00:00:00+08:00,14.206558857275862,14.206558857275862,14.03641978659361,14.078953742980957,87000,0.0,0.0
2020-12-07 00:00:00+08:00,14.036419251385858,14.46176528930664,14.036419251385858,14.46176528930664,94000,0.0,0.0
2020-12-08 00:00:00+08:00,14.206558068510875,14.2916259765625,14.206558068510875,14.2916259765625,35000,0.0,0.0
2020-12-09 00:00:00+08:00,14.206558068510875,14.2916259765625,14.036419007274946,14.2916259765625,41000,0.0,0.0
2020-12-10 00:00:00+08:00,14.121489679640433,14.334162712097168,14.121489679640433,14.334162712097168,12000,0.0,0.0
2020-12-11 00:00:00+08:00,14.291627350895793,14.802042961120605,14.291627350895793,14.802042961120605,28000,0.0,0.0
2020-12-14 00:00:00+08:00,14.75950905307254,14.75950905307254,14.461766477550839,14.631905555725098,4000,0.0,0.0
2020-12-15 00:00:00+08:00,14.376696586608887,14.504300080833366,14.376696586608887,14.376696586608887,21000,0.0,0.0
2020-12-16 00:00:00+08:00,14.206559181213379,14.206559181213379,14.121489643932499,14.206559181213379,72000,0.0,0.0
2020-12-17 00:00:00+08:00,14.078953039865427,14.249092102050781,14.078953039865427,14.249092102050781,12000,0.0,0.0
2020-12-18 00:00:00+08:00,14.12148853789291,14.2916259765625,13.866279946039016,14.2916259765625,11000,0.0,0.0
2020-12-21 00:00:00+08:00,14.206559217136421,14.334162712097168,14.206559217136421,14.334162712097168,17000,0.0,0.0
2020-12-22 00:00:00+08:00,14.291627049603747,14.419232166394687,14.291627049603747,14.376696586608887,14000,0.0,0.0
2020-12-23 00:00:00+08:00,14.376696586608887,14.376696586608887,14.376696586608887,14.376696586608887,1000,0.0,0.0
2020-12-24 00:00:00+08:00,14.249092022536686,14.2916259765625,14.036419007274946,14.2916259765625,12000,0.0,0.0
2020-12-25 00:00:00+08:00,14.29162709592779,14.29162709592779,14.164023601289706,14.206559181213379,15000,0.0,0.0
2020-12-28 00:00:00+08:00,14.078953039865427,14.249092102050781,14.078953039865427,14.249092102050781,24000,0.0,0.0
2020-12-29 00:00:00+08:00,14.2916259765625,14.2916259765625,14.2916259765625,14.2916259765625,6000,0.0,0.0
2020-12-30 00:00:00+08:00,14.164023555379268,14.376696586608887,14.164023555379268,14.376696586608887,17000,0.0,0.0
2020-12-31 00:00:00+08:00,14.37669575720921,14.46176528930664,14.37669575720921,14.46176528930664,8000,0.0,0.0
2021-01-04 00:00:00+08:00,14.461766123614026,14.461766123614026,14.291627049603747,14.376696586608887,10000,0.0,0.0
2021-01-05 00:00:00+08:00,14.291627132065939,14.334162712097168,14.206559217136421,14.334162712097168,8000,0.0,0.0
2021-01-06 00:00:00+08:00,14.206558147787618,14.249092102050781,14.206558147787618,14.249092102050781,13000,0.0,0.0
2021-01-07 00:00:00+08:00,14.121489643932499,14.206559181213379,14.121489643932499,14.206559181213379,15000,0.0,0.0
2021-01-08 00:00:00+08:00,14.078954215679941,14.419232368469238,13.993886300049102,14.419232368469238,31000,0.0,0.0
2021-01-11 00:00:00+08:00,14.291627049603747,14.376696586608887,14.291627049603747,14.376696586608887,4000,0.0,0.0
2021-01-12 00:00:00+08:00,14.334162712097168,14.334162712097168,14.334162712097168,14.334162712097168,3000,0.0,0.0
2021-01-13 00:00:00+08:00,14.334162712097168,14.334162712097168,14.334162712097168,14.334162712097168,1000,0.0,0.0
2021-01-14 00:00:00+08:00,14.206558147787618,14.249092102050781,14.12148861669494,14.249092102050781,13000,0.0,0.0
2021-01-15 00:00:00+08:00,14.078954064008826,14.206559181213379,13.993886149294415,14.206559181213379,10000,0.0,0.0
2021-01-18 00:00:00+08:00,14.03641896145151,14.164022445678711,14.03641896145151,14.164022445678711,7000,0.0,0.0
2021-01-19 00:00:00+08:00,14.03641978659361,14.078953742980957,14.03641978659361,14.078953742980957,8000,0.0,0.0
2021-01-20 00:00:00+08:00,14.07895390772765,14.07895390772765,13.951350414506006,13.99388599395752,5000,0.0,0.0
2021-01-21 00:00:00+08:00,13.993885911833786,14.036419868469238,13.951350332631895,14.036419868469238,9000,0.0,0.0
2021-01-22 00:00:00+08:00,13.653607650522074,13.951350212097168,13.653607650522074,13.951350212097168,13000,0.0,0.0
2021-01-25 00:00:00+08:00,13.908816255829194,13.951350212097168,13.82374672072682,13.951350212097168,30000,0.0,0.0
2021-01-26 00:00:00+08:00,13.866280676994794,13.951350212097168,13.781212764458846,13.951350212097168,10000,0.0,0.0
2021-01-27 00:00:00+08:00,13.82374672072682,13.951350212097168,13.82374672072682,13.951350212097168,9000,0.0,0.0
2021-01-28 00:00:00+08:00,13.781212845465046,13.90881633758545,13.653607730778209,13.90881633758545,26000,0.0,0.0
2021-01-29 00:00:00+08:00,13.73867722773688,13.866280719498363,13.73867722773688,13.78121280670166,27000,0.0,0.0
2021-02-01 00:00:00+08:00,13.65360843850369,13.866281477250267,13.65360843850369,13.738677978515625,22000,0.0,0.0
2021-02-02 00:00:00+08:00,13.611072976751462,14.2916259765625,13.526003446133497,14.2916259765625,28000,0.0,0.0
2021-02-03 00:00:00+08:00,14.07895269194403,14.07895269194403,13.69614224533658,13.823745727539062,24000,0.0,0.0
2021-02-04 00:00:00+08:00,13.696143271338528,13.908816298463144,13.653607692373747,13.78121280670166,25000,0.0,0.0
2021-02-05 00:00:00+08:00,13.696143987442838,13.738677946065081,13.611074447631836,13.611074447631836,20000,0.0,0.0
2021-02-17 00:00:00+08:00,13.568538646407406,13.696142946424947,13.568538646407406,13.653607368469238,18000,0.0,0.0
2021-02-18 00:00:00+08:00,13.5685396194458,13.5685396194458,13.526004849722998,13.5685396194458,19000,0.0,0.0
2021-02-19 00:00:00+08:00,13.611074447631836,13.611074447631836,13.270797910954343,13.611074447631836,53000,0.0,0.0
2021-02-22 00:00:00+08:00,13.568539677726335,13.611074447631836,13.526004907820834,13.611074447631836,11000,0.0,0.0
2021-02-23 00:00:00+08:00,13.611074447631836,13.611074447631836,13.48347094919859,13.611074447631836,20000,0.0,0.0
2021-02-24 00:00:00+08:00,13.526004907820834,13.611074447631836,13.44093617929309,13.611074447631836,47000,0.0,0.0
2021-02-25 00:00:00+08:00,13.696143987442838,13.696143987442838,13.526004907820834,13.611074447631836,32000,0.0,0.0
2021-02-26 00:00:00+08:00,13.611074447631836,13.611074447631836,13.48347094919859,13.611074447631836,29000,0.0,0.0
2021-03-02 00:00:00+08:00,13.48347085818039,13.526004816515513,13.398401318943636,13.440936088562012,24000,0.0,0.0
2021-03-03 00:00:00+08:00,13.440935010931907,13.440935010931907,13.228261991174387,13.355865478515625,66000,0.0,0.0
2021-03-04 00:00:00+08:00,13.270796818770158,13.39840030670166,13.185727285960363,13.39840030670166,31000,0.0,0.0
2021-03-05 00:00:00+08:00,13.27079782137176,13.440936088562012,13.27079782137176,13.440936088562012,33000,0.0,0.0
2021-03-08 00:00:00+08:00,13.31333089589499,13.48346996307373,13.31333089589499,13.48346996307373,16000,0.0,0.0
2021-03-09 00:00:00+08:00,13.526004816515513,13.526004816515513,13.313331779706884,13.440936088562012,19000,0.0,0.0
2021-03-10 00:00:00+08:00,13.39840026333637,13.39840026333637,13.185727243283413,13.270796775817871,99000,0.0,0.0
2021-03-11 00:00:00+08:00,13.270796757382529,13.355865478515625,13.228261991174387,13.355865478515625,29000,0.0,0.0
2021-03-12 00:00:00+08:00,13.313330712307483,13.355865478515625,13.313330712307483,13.355865478515625,30000,0.0,0.0
2021-03-15 00:00:00+08:00,13.56853958613389,13.65360831408739,13.35586654932526,13.440936088562012,25000,0.0,0.0
2021-03-16 00:00:00+08:00,13.35586654932526,13.440936088562012,13.313331779706884,13.440936088562012,35000,0.0,0.0
2021-03-17 00:00:00+08:00,13.355865416339718,13.355865416339718,13.31333065032959,13.31333065032959,19000,0.0,0.0
2021-03-18 00:00:00+08:00,13.738677853324141,13.738677853324141,13.35586654932526,13.440936088562012,15000,0.0,0.0
2021-03-19 00:00:00+08:00,13.39840030670166,13.39840030670166,13.270796818770158,13.39840030670166,41000,0.0,0.0
2021-03-22 00:00:00+08:00,13.483469839511454,13.483469839511454,13.313330773891865,13.39840030670166,51000,0.0,0.0
2021-03-23 00:00:00+08:00,13.313331508660486,13.398401046165306,13.058124518712498,13.143193244934082,171000,0.0,0.0
2021-03-24 00:00:00+08:00,13.015589773407292,13.100658499782126,12.973055004578256,13.058124542236328,42000,0.0,0.0
2021-03-25 00:00:00+08:00,13.058124459471836,13.270797490985819,13.015589690912392,13.100658416748047,13000,0.0,0.0
2021-03-26 00:00:00+08:00,13.1857271194458,13.1857271194458,13.100657587710296,13.1857271194458,10000,0.0,0.0
2021-03-29 00:00:00+08:00,13.1857271194458,13.1857271194458,12.93051933552247,13.1857271194458,61000,0.0,0.0
2021-03-30 00:00:00+08:00,13.100657692549962,13.355865478515625,13.015588971416866,13.355865478515625,21000,0.0,0.0
2021-03-31 00:00:00+08:00,14.206559181213379,14.674439202408513,14.03642010665162,14.206559181213379,1444000,0.0,0.0
2021-04-01 00:00:00+08:00,14.206559181213379,14.461766170489549,13.823747074732657,14.206559181213379,230000,0.0,0.0
2021-04-07 00:00:00+08:00,14.078953945276353,14.121489524841309,14.03641998827785,14.121489524841309,30000,0.0,0.0
2021-04-08 00:00:00+08:00,14.03641978659361,14.164023278322084,14.03641978659361,14.078953742980957,46000,0.0,0.0
2021-04-09 00:00:00+08:00,14.121489524841309,14.206559061404768,14.03641998827785,14.121489524841309,81000,0.0,0.0
2021-04-12 00:00:00+08:00,14.121489404306583,14.121489404306583,13.993885911833786,14.036419868469238,59000,0.0,0.0
2021-04-13 00:00:00+08:00,14.164023360942036,14.164023360942036,13.951350332631895,14.036419868469238,66000,0.0,0.0
2021-04-14 00:00:00+08:00,14.164023360942036,14.291626853414831,13.908816375996443,14.036419868469238,135000,0.0,0.0
2021-04-15 00:00:00+08:00,14.03641896145151,14.334161506359202,13.951349431111264,14.164022445678711,90000,0.0,0.0
2021-04-16 00:00:00+08:00,14.12148861669494,14.249092102050781,13.993885131339098,14.249092102050781,155000,0.0,0.0
2021-04-19 00:00:00+08:00,14.291627132065939,14.461766207057913,14.164023637105192,14.334162712097168,121000,0.0,0.0
2021-04-20 00:00:00+08:00,14.2916259765625,14.2916259765625,14.12148853789291,14.2916259765625,69000,0.0,0.0
2021-04-21 00:00:00+08:00,14.334161553154651,14.334161553154651,14.206558068510875,14.2916259765625,32000,0.0,0.0
2021-04-22 00:00:00+08:00,14.33416163314346,14.376695587406623,14.164022570958105,14.249092102050781,117000,0.0,0.0
2021-04-23 00:00:00+08:00,14.121489321934735,14.291626770050557,14.03641978659361,14.078953742980957,90000,0.0,0.0
2021-04-26 00:00:00+08:00,14.121489524841309,14.249093018403272,14.121489524841309,14.121489524841309,58000,0.0,0.0
2021-04-27 00:00:00+08:00,14.164023481839813,14.164023481839813,13.86628091515093,14.121489524841309,46000,0.0,0.0
2021-04-28 00:00:00+08:00,14.078954064008826,14.206559181213379,14.078954064008826,14.206559181213379,49000,0.0,0.0
2021-04-29 00:00:00+08:00,14.29162709592779,14.29162709592779,14.078954064008826,14.206559181213379,51000,0.0,0.0
2021-05-03 00:00:00+08:00,14.206558940143927,14.206558940143927,14.036419868469238,14.036419868469238,45000,0.0,0.0
2021-05-04 00:00:00+08:00,14.036419950842586,14.036419950842586,13.611073891726143,13.99388599395752,47000,0.0,0.0
2021-05-05 00:00:00+08:00,13.993885873187862,13.993885873187862,13.781212845465046,13.90881633758545,8000,0.0,0.0
2021-05-06 00:00:00+08:00,13.866281509399414,13.951351049608585,13.398401472098765,13.866281509399414,68000,0.0,0.0
2021-05-07 00:00:00+08:00,13.78121280670166,13.866280719498363,13.696143271338528,13.78121280670166,24000,0.0,0.0
2021-05-10 00:00:00+08:00,13.823745727539062,13.823745727539062,13.69614224533658,13.823745727539062,15000,0.0,0.0
2021-05-11 00:00:00+08:00,13.696143309862633,13.90881633758545,13.44093551433861,13.90881633758545,32000,0.0,0.0
2021-05-12 00:00:00+08:00,13.568539741233844,13.866281509399414,13.015590163724024,13.866281509399414,69000,0.0,0.0
2021-05-13 00:00:00+08:00,13.015589422283115,13.78121280670166,13.015589422283115,13.78121280670166,84000,0.0,0.0
2021-05-14 00:00:00+08:00,13.611072667967218,13.696142196655273,13.270796175781298,13.696142196655273,13000,0.0,0.0
2021-05-17 00:00:00+08:00,12.802915557305054,13.355865067129429,12.802915557305054,12.887984275817871,50000,0.0,0.0
2021-05-18 00:00:00+08:00,12.973054101390224,13.1857271194458,12.973054101390224,13.1857271194458,5000,0.0,0.0
2021-05-19 00:00:00+08:00,13.185727285960363,13.440935073106557,13.185727285960363,13.39840030670166,10000,0.0,0.0
2021-05-20 00:00:00+08:00,13.39840026333637,13.39840026333637,13.015588989497683,13.270796775817871,18000,0.0,0.0
2021-05-21 00:00:00+08:00,13.228263051753384,13.526004816515513,13.185728282135006,13.440936088562012,63000,0.0,0.0
2021-05-24 00:00:00+08:00,13.44093490336913,13.44093490336913,13.1857271194458,13.1857271194458,26000,0.0,0.0
2021-05-25 00:00:00+08:00,13.185727406794133,13.568538685379904,13.185727406794133,13.48346996307373,12000,0.0,0.0
2021-05-26 00:00:00+08:00,13.483469777140048,13.483469777140048,13.228261991174387,13.355865478515625,19000,0.0,0.0
2021-05-27 00:00:00+08:00,13.228262009550642,13.313330730801912,13.228262009550642,13.270796775817871,15000,0.0,0.0
2021-05-28 00:00:00+08:00,13.270796860912029,13.568538604125418,13.270796860912029,13.52600383758545,58000,0.0,0.0
2021-05-31 00:00:00+08:00,13.355865497069141,13.355865497069141,13.228262009550642,13.270796775817871,25000,0.0,0.0
2021-06-01 00:00:00+08:00,13.270796757382529,13.398400244723765,13.270796757382529,13.355865478515625,25000,0.0,0.0
2021-06-02 00:00:00+08:00,13.313330712307483,13.355865478515625,13.313330712307483,13.355865478515625,6000,0.0,0.0
2021-06-03 00:00:00+08:00,13.270796940383503,13.69614298576396,13.270796940383503,13.48346996307373,33000,0.0,0.0
2021-06-04 00:00:00+08:00,13.440936088562012,13.440936088562012,13.398401318943636,13.440936088562012,6000,0.0,0.0
2021-06-07 00:00:00+08:00,13.440935073106557,13.440935073106557,13.228262052365261,13.39840030670166,36000,0.0,0.0
2021-06-08 00:00:00+08:00,13.39840030670166,13.39840030670166,13.270796818770158,13.39840030670166,27000,0.0,0.0
2021-06-09 00:00:00+08:00,13.39840030670166,13.866280303305958,13.39840030670166,13.39840030670166,30000,0.0,0.0
2021-06-10 00:00:00+08:00,13.313330712307483,13.355865478515625,13.270796757382529,13.355865478515625,21000,0.0,0.0
2021-06-11 00:00:00+08:00,13.355865416339718,13.483469714370102,13.228261929592517,13.31333065032959,30000,0.0,0.0
2021-06-15 00:00:00+08:00,13.398400182349846,13.398400182349846,13.185727163582388,13.31333065032959,75000,0.0,0.0
2021-06-16 00:00:00+08:00,13.27079671369997,13.27079671369997,13.228261947631836,13.228261947631836,25000,0.0,0.0
2021-06-17 00:00:00+08:00,13.185727327832092,13.52600383758545,13.143192561292125,13.52600383758545,74000,0.0,0.0
2021-06-18 00:00:00+08:00,13.313330712307483,13.440935010931907,13.313330712307483,13.355865478515625,21000,0.0,0.0
2021-06-21 00:00:00+08:00,13.270796757382529,13.355865478515625,13.270796757382529,13.355865478515625,24000,0.0,0.0
2021-06-22 00:00:00+08:00,13.355865497069141,13.39840026333637,13.270796775817871,13.270796775817871,30000,0.0,0.0
2021-06-23 00:00:00+08:00,13.270796757382529,13.355865478515625,13.270796757382529,13.355865478515625,7000,0.0,0.0
2021-06-24 00:00:00+08:00,13.270796757382529,13.355865478515625,13.270796757382529,13.355865478515625,9000,0.0,0.0
2021-06-25 00:00:00+08:00,13.270796757382529,13.355865478515625,13.228261991174387,13.355865478515625,14000,0.0,0.0
2021-06-28 00:00:00+08:00,13.440934948359974,13.440934948359974,13.31333065032959,13.31333065032959,49000,0.0,0.0
2021-06-29 00:00:00+08:00,13.313330668484918,13.313330668484918,13.185727181563704,13.228261947631836,74000,0.0,0.0
2021-06-30 00:00:00+08:00,13.185727181563704,13.228261947631836,13.185727181563704,13.228261947631836,76000,0.0,0.0
2021-07-01 00:00:00+08:00,13.228262009550642,13.39840026333637,13.228262009550642,13.270796775817871,82000,0.0,0.0
2021-07-02 00:00:00+08:00,13.228263051753384,13.440936088562012,13.228263051753384,13.440936088562012,63000,0.0,0.0
2021-07-05 00:00:00+08:00,13.440935010931907,13.568538498273144,13.355865478515625,13.355865478515625,50000,0.0,0.0
2021-07-06 00:00:00+08:00,13.355865497069141,13.355865497069141,13.270796775817871,13.270796775817871,30000,0.0,0.0
2021-07-07 00:00:00+08:00,13.398400182349846,13.398400182349846,13.228261929592517,13.31333065032959,29000,0.0,0.0
2021-07-08 00:00:00+08:00,13.355865416339718,13.355865416339718,13.270796695602645,13.31333065032959,38000,0.0,0.0
2021-07-09 00:00:00+08:00,13.313330773891865,13.39840030670166,13.313330773891865,13.39840030670166,48000,0.0,0.0
2021-07-12 00:00:00+08:00,13.440935073106557,13.440935073106557,13.355865540296762,13.39840030670166,21000,0.0,0.0
2021-07-13 00:00:00+08:00,13.398400244723765,13.440935010931907,13.355865478515625,13.355865478515625,203000,0.0,0.0
2021-07-14 00:00:00+08:00,13.355865478515625,13.398400244723765,13.355865478515625,13.355865478515625,33000,0.0,0.0
2021-07-15 00:00:00+08:00,13.355865478515625,13.398400244723765,13.355865478515625,13.355865478515625,58000,0.0,0.0
2021-07-16 00:00:00+08:00,13.355865540296762,13.39840030670166,13.355865540296762,13.39840030670166,83000,0.0,0.0
2021-07-19 00:00:00+08:00,13.355865478515625,13.398400244723765,13.313330712307483,13.355865478515625,70000,0.0,0.0
2021-07-20 00:00:00+08:00,13.313330730801912,13.313330730801912,13.270796775817871,13.270796775817871,34000,0.0,0.0
2021-07-21 00:00:00+08:00,13.270796775817871,13.355865497069141,13.270796775817871,13.270796775817871,71000,0.0,0.0
2021-07-22 00:00:00+08:00,13.27079671369997,13.27079671369997,13.185727181563704,13.228261947631836,89000,0.0,0.0
2021-07-23 00:00:00+08:00,13.228261947631836,13.228261947631836,13.185727181563704,13.228261947631836,113000,0.0,0.0
2021-07-26 00:00:00+08:00,13.228262782438902,13.228262782438902,13.100658476181673,13.143193244934082,47000,0.0,0.0
2021-07-27 00:00:00+08:00,13.1857271194458,13.1857271194458,13.100657587710296,13.1857271194458,63000,0.0,0.0
2021-07-28 00:00:00+08:00,13.18572797730729,13.18572797730729,13.015589714050293,13.015589714050293,89000,0.0,0.0
2021-07-29 00:00:00+08:00,13.015589714050293,13.05812448268535,12.973054945415237,13.015589714050293,36000,0.0,0.0
2021-07-30 00:00:00+08:00,13.058125382671815,13.058125382671815,12.973055839538574,12.973055839538574,21000,0.0,0.0
2021-08-02 00:00:00+08:00,13.015589773407292,13.058124542236328,12.973055004578256,13.058124542236328,31000,0.0,0.0
2021-08-03 00:00:00+08:00,13.058124542236328,13.100658499782126,13.015589773407292,13.058124542236328,73000,0.0,0.0
2021-08-04 00:00:00+08:00,13.058124518712498,13.143193244934082,13.058124518712498,13.143193244934082,30000,0.0,0.0
2021-08-05 00:00:00+08:00,13.143193087611362,13.143193087611362,12.930520057678223,12.930520057678223,95000,0.0,0.0
2021-08-06 00:00:00+08:00,12.93052017678018,13.015589714050293,12.93052017678018,13.015589714050293,35000,0.0,0.0
2021-08-09 00:00:00+08:00,13.01558959416477,13.01558959416477,12.88798528943495,12.930520057678223,42000,0.0,0.0
2021-08-10 00:00:00+08:00,12.930520057678223,12.930520057678223,12.88798528943495,12.930520057678223,37000,0.0,0.0
2021-08-11 00:00:00+08:00,12.973054848650627,12.973054848650627,12.845451354980469,12.845451354980469,49000,0.0,0.0
2021-08-12 00:00:00+08:00,12.845451332474902,12.930520057678223,12.80291656423163,12.930520057678223,54000,0.0,0.0
2021-08-13 00:00:00+08:00,12.802915573120117,12.802915573120117,12.802915573120117,12.802915573120117,5000,0.0,0.0
2021-08-16 00:00:00+08:00,12.760381577264711,12.760381577264711,12.675312042236328,12.675312042236328,51000,0.0,0.0
2021-08-17 00:00:00+08:00,12.675312042236328,12.675312042236328,12.675312042236328,12.675312042236328,0,0.0,0.0
2021-08-18 00:00:00+08:00,12.505173029749562,12.887984291738016,12.505173029749562,12.802915573120117,15000,0.0,0.0
2021-08-19 00:00:00+08:00,12.675312002208942,12.675312002208942,12.547708511352539,12.547708511352539,7000,0.0,0.0
2021-08-20 00:00:00+08:00,12.63277804611228,12.63277804611228,12.249965950976653,12.547708511352539,46000,0.0,0.0
2021-08-23 00:00:00+08:00,12.462638875066238,12.462638875066238,12.335035385249354,12.377570152282715,39000,0.0,0.0
2021-08-24 00:00:00+08:00,12.292499542236328,12.420103832167033,12.249964778926094,12.292499542236328,52000,0.0,0.0
2021-08-25 00:00:00+08:00,12.292501737596568,12.71784782409668,12.292501737596568,12.71784782409668,17000,0.0,0.0
2021-08-26 00:00:00+08:00,12.462638976592798,12.547708511352539,12.420105020496136,12.547708511352539,7000,0.0,0.0
2021-08-27 00:00:00+08:00,12.505173864356586,12.63277816772461,12.505173864356586,12.63277816772461,9000,0.0,0.0
2021-08-30 00:00:00+08:00,12.590243217512597,12.590243217512597,12.505173683166504,12.505173683166504,6000,0.0,0.0
2021-08-31 00:00:00+08:00,12.50517274346483,12.50517274346483,12.420104026794434,12.420104026794434,5000,0.0,0.0
2021-09-01 00:00:00+08:00,12.462638915993457,12.505173683166504,12.420104960103616,12.505173683166504,8000,0.0,0.0
2021-09-02 00:00:00+08:00,12.50517274346483,12.590242271418369,12.420104026794434,12.420104026794434,5000,0.0,0.0
2021-09-03 00:00:00+08:00,12.547708511352539,12.547708511352539,12.547708511352539,12.547708511352539,3000,0.0,0.0
2021-09-06 00:00:00+08:00,12.547707507441599,12.547707507441599,12.420104026794434,12.420104026794434,5000,0.0,0.0
2021-09-07 00:00:00+08:00,12.420105020496136,12.547708511352539,12.335035485736395,12.547708511352539,9000,0.0,0.0
2021-09-08 00:00:00+08:00,12.377571015604406,12.377571015604406,12.122363206886977,12.207432746887207,24000,0.0,0.0
2021-09-09 00:00:00+08:00,12.164897286252023,12.590243339538574,12.122362518666725,12.590243339538574,39000,0.0,0.0
2021-09-10 00:00:00+08:00,12.505174578874469,12.505174578874469,12.292501539059312,12.462639808654785,27000,0.0,0.0
2021-09-13 00:00:00+08:00,12.462638813280952,12.462638813280952,12.33503532409668,12.33503532409668,3000,0.0,0.0
2021-09-14 00:00:00+08:00,12.377570152282715,12.377570152282715,12.377570152282715,12.377570152282715,8000,0.0,0.0
2021-09-15 00:00:00+08:00,12.547708550976965,12.973054603552455,12.547708550976965,12.675312042236328,14000,0.0,0.0
2021-09-16 00:00:00+08:00,12.675313053190013,12.71784782409668,12.54770955175329,12.71784782409668,41000,0.0,0.0
2021-09-17 00:00:00+08:00,12.632778107123873,12.632778107123873,12.590243339538574,12.590243339538574,74000,0.0,0.0
2021-09-22 00:00:00+08:00,12.505173683166504,12.505173683166504,12.249965891411431,12.505173683166504,8000,0.0,0.0
2021-09-23 00:00:00+08:00,12.505173683166504,12.505173683166504,12.505173683166504,12.505173683166504,0,0.0,0.0
2021-09-24 00:00:00+08:00,12.420106050316567,12.71784782409668,12.420106050316567,12.71784782409668,14000,0.0,0.0
2021-09-27 00:00:00+08:00,12.547709349094152,12.632778889533519,12.420105849718365,12.462639808654785,117000,0.0,0.0
2021-09-28 00:00:00+08:00,12.54770845033955,12.54770845033955,12.462638915993457,12.505173683166504,40000,0.0,0.0
2021-09-29 00:00:00+08:00,12.505173804367978,12.590243339538574,12.505173804367978,12.590243339538574,22000,0.0,0.0
2021-09-30 00:00:00+08:00,12.590243399935268,12.675312124230734,12.590243399935268,12.63277816772461,13000,0.0,0.0
2021-10-01 00:00:00+08:00,12.58936682559061,12.893248424998818,12.58936682559061,12.676190376281738,19000,0.3,0.0
2021-10-04 00:00:00+08:00,12.67618994158147,12.67618994158147,12.63277816772461,12.63277816772461,14000,0.0,0.0
2021-10-05 00:00:00+08:00,12.58936595916748,12.58936595916748,12.58936595916748,12.58936595916748,9000,0.0,0.0
2021-10-06 00:00:00+08:00,12.589365521458895,12.589365521458895,12.459131036923928,12.545953750610352,16000,0.0,0.0
2021-10-07 00:00:00+08:00,12.502543274899478,12.676190376281738,12.502543274899478,12.676190376281738,19000,0.0,0.0
2021-10-08 00:00:00+08:00,12.676190682780096,12.71960163116455,12.589367129989654,12.71960163116455,8000,0.0,0.0
2021-10-12 00:00:00+08:00,12.58936682559061,12.676190376281738,12.58936682559061,12.676190376281738,23000,0.0,0.0
2021-10-13 00:00:00+08:00,12.676190376281738,12.763013098962123,12.58936682559061,12.676190376281738,95000,0.0,0.0
2021-10-14 00:00:00+08:00,12.58936595916748,12.58936595916748,12.58936595916748,12.58936595916748,2000,0.0,0.0
2021-10-15 00:00:00+08:00,12.545953750610352,12.545953750610352,12.545953750610352,12.545953750610352,9000,0.0,0.0
2021-10-18 00:00:00+08:00,12.502542414451705,12.58936595916748,12.502542414451705,12.58936595916748,11000,0.0,0.0
2021-10-19 00:00:00+08:00,12.67618994158147,12.67618994158147,12.63277816772461,12.63277816772461,6000,0.0,0.0
2021-10-20 00:00:00+08:00,12.676189503883256,12.676189503883256,12.58936595916748,12.58936595916748,7000,0.0,0.0
2021-10-21 00:00:00+08:00,12.676190080172082,12.98007084447104,12.676190080172082,12.849836349487305,24000,0.0,0.0
2021-10-22 00:00:00+08:00,12.71960163116455,12.71960163116455,12.71960163116455,12.71960163116455,16000,0.0,0.0
2021-10-25 00:00:00+08:00,12.632778390194007,12.763012886047363,12.632778390194007,12.763012886047363,3000,0.0,0.0
2021-10-26 00:00:00+08:00,12.763012886047363,12.763012886047363,12.763012886047363,12.763012886047363,1000,0.0,0.0
2021-10-27 00:00:00+08:00,12.806425094604492,12.806425094604492,12.806425094604492,12.806425094604492,1000,0.0,0.0
2021-10-28 00:00:00+08:00,12.936659070139553,12.936659070139553,12.763012800824331,12.849836349487305,5000,0.0,0.0
2021-10-29 00:00:00+08:00,12.980070114135742,12.980070114135742,12.980070114135742,12.980070114135742,2000,0.0,0.0
2021-11-01 00:00:00+08:00,12.763012886047363,12.763012886047363,12.763012886047363,12.763012886047363,7000,0.0,0.0
2021-11-02 00:00:00+08:00,12.936659505827212,12.936659505827212,12.893248558044434,12.893248558044434,3000,0.0,0.0
2021-11-03 00:00:00+08:00,12.893248558044434,12.893248558044434,12.893248558044434,12.893248558044434,1000,0.0,0.0
2021-11-04 00:00:00+08:00,12.80642500645737,12.893248558044434,12.459132456130625,12.893248558044434,22000,0.0,0.0
2021-11-05 00:00:00+08:00,12.632778906384875,12.71960163116455,12.632778906384875,12.71960163116455,11000,0.0,0.0
2021-11-08 00:00:00+08:00,12.589366245269776,13.023482322692871,12.589366245269776,13.023482322692871,98000,0.0,0.0
2021-11-09 00:00:00+08:00,13.023482546752389,13.197128815106943,13.023482546752389,13.153717041015625,82000,0.0,0.0
2021-11-10 00:00:00+08:00,13.28395236328958,13.28395236328958,12.93665899856975,13.153717041015625,25000,0.0,0.0
2021-11-11 00:00:00+08:00,13.153717041015625,13.153717041015625,13.153717041015625,13.153717041015625,3000,0.0,0.0
2021-11-12 00:00:00+08:00,12.936659812927246,12.936659812927246,12.936659812927246,12.936659812927246,1000,0.0,0.0
2021-11-15 00:00:00+08:00,12.936659812927246,12.936659812927246,12.936659812927246,12.936659812927246,0,0.0,0.0
2021-11-16 00:00:00+08:00,12.719601026492844,12.893248123818791,12.719601026492844,12.849836349487305,11000,0.0,0.0
2021-11-17 00:00:00+08:00,12.763012800824331,12.849836349487305,12.719601026492844,12.849836349487305,5000,0.0,0.0
2021-11-18 00:00:00+08:00,12.893248558044434,12.893248558044434,12.893248558044434,12.893248558044434,1000,0.0,0.0
2021-11-19 00:00:00+08:00,13.023483366575391,13.023483366575391,12.763013533641729,12.936659812927246,17000,0.0,0.0
2021-11-22 00:00:00+08:00,12.936659505827212,12.936659505827212,12.893248558044434,12.893248558044434,2000,0.0,0.0
2021-11-23 00:00:00+08:00,12.67618994158147,12.719600887427612,12.415720126451028,12.63277816772461,103000,0.0,0.0
2021-11-24 00:00:00+08:00,12.58936595916748,12.58936595916748,12.502542414451705,12.58936595916748,10000,0.0,0.0
2021-11-25 00:00:00+08:00,12.589365521458895,12.589365521458895,12.545953750610352,12.545953750610352,4000,0.0,0.0
2021-11-26 00:00:00+08:00,12.545955353594433,12.71960163116455,12.545955353594433,12.71960163116455,15000,0.0,0.0
2021-11-29 00:00:00+08:00,12.719601111426002,12.763012886047363,12.719601111426002,12.763012886047363,21000,0.0,0.0
2021-11-30 00:00:00+08:00,12.893247537662004,12.893247537662004,12.58936595916748,12.58936595916748,17000,0.0,0.0
2021-12-01 00:00:00+08:00,12.502542495727539,12.502542495727539,12.459131551098135,12.502542495727539,4000,0.0,0.0
2021-12-02 00:00:00+08:00,12.50254306632992,12.763012886047363,12.459132119719289,12.763012886047363,10000,0.0,0.0
2021-12-03 00:00:00+08:00,12.763012886047363,12.763012886047363,12.763012886047363,12.763012886047363,0,0.0,0.0
2021-12-06 00:00:00+08:00,12.632777731525367,12.632777731525367,12.58936595916748,12.58936595916748,4000,0.0,0.0
2021-12-07 00:00:00+08:00,12.589367129989654,12.71960163116455,12.459132628814757,12.71960163116455,17000,0.0,0.0
2021-12-08 00:00:00+08:00,12.71960163116455,12.71960163116455,12.71960163116455,12.71960163116455,9000,0.0,0.0
2021-12-09 00:00:00+08:00,12.58936682559061,12.719601323616558,12.58936682559061,12.676190376281738,23000,0.0,0.0
2021-12-10 00:00:00+08:00,12.676190376281738,12.676190376281738,12.676190376281738,12.676190376281738,0,0.0,0.0
2021-12-13 00:00:00+08:00,12.676190376281738,12.676190376281738,12.676190376281738,12.676190376281738,2000,0.0,0.0
2021-12-14 00:00:00+08:00,12.632778906384875,12.806425183954993,12.632778906384875,12.71960163116455,18000,0.0,0.0
2021-12-15 00:00:00+08:00,12.763012886047363,12.763012886047363,12.763012886047363,12.763012886047363,6000,0.0,0.0
2021-12-16 00:00:00+08:00,12.763013318512156,12.936659594870743,12.763013318512156,12.806425094604492,14000,0.0,0.0
2021-12-17 00:00:00+08:00,12.806425094604492,12.806425094604492,12.806425094604492,12.806425094604492,0,0.0,0.0
2021-12-20 00:00:00+08:00,12.763013407559772,12.763013407559772,12.632778906384875,12.71960163116455,4000,0.0,0.0
2021-12-21 00:00:00+08:00,12.632778390194007,12.763012886047363,12.632778390194007,12.763012886047363,7000,0.0,0.0
2021-12-22 00:00:00+08:00,12.763013407559772,12.763013407559772,12.676190682780096,12.71960163116455,7000,0.0,0.0
2021-12-23 00:00:00+08:00,12.71960163116455,12.71960163116455,12.71960163116455,12.71960163116455,0,0.0,0.0
2021-12-24 00:00:00+08:00,12.71960154241982,12.806425094604492,12.71960154241982,12.806425094604492,29000,0.0,0.0
2021-12-27 00:00:00+08:00,12.763012800824331,12.849836349487305,12.763012800824331,12.849836349487305,19000,0.0,0.0
2021-12-28 00:00:00+08:00,12.849836782250902,12.980071281620743,12.849836782250902,12.893248558044434,45000,0.0,0.0
2021-12-29 00:00:00+08:00,12.936659505827212,12.936659505827212,12.893248558044434,12.893248558044434,12000,0.0,0.0
2021-12-30 00:00:00+08:00,12.936659812927246,13.023483366575391,12.893248864113946,12.936659812927246,7000,0.0,0.0
2022-01-03 00:00:00+08:00,12.936659812927246,12.936659812927246,12.849837087289874,12.936659812927246,7000,0.0,0.0
2022-01-04 00:00:00+08:00,12.936659812927246,13.023483366575391,12.893248864113946,12.936659812927246,12000,0.0,0.0
2022-01-05 00:00:00+08:00,12.936659812927246,12.936659812927246,12.936659812927246,12.936659812927246,0,0.0,0.0
2022-01-06 00:00:00+08:00,12.936659070139553,12.936659070139553,12.849836349487305,12.849836349487305,9000,0.0,0.0
2022-01-07 00:00:00+08:00,12.849836782250902,12.893248558044434,12.763013230663839,12.893248558044434,11000,0.0,0.0
2022-01-10 00:00:00+08:00,12.893247398368652,12.980070114135742,12.893247398368652,12.980070114135742,10000,0.0,0.0
2022-01-11 00:00:00+08:00,12.893248558044434,12.893248558044434,12.893248558044434,12.893248558044434,3000,0.0,0.0
2022-01-12 00:00:00+08:00,12.936659812927246,12.980071589751319,12.936659812927246,12.936659812927246,4000,0.0,0.0
2022-01-13 00:00:00+08:00,12.936659812927246,12.936659812927246,12.936659812927246,12.936659812927246,1000,0.0,0.0
2022-01-14 00:00:00+08:00,12.936659812927246,12.936659812927246,12.676190808004357,12.936659812927246,13000,0.0,0.0
2022-01-17 00:00:00+08:00,12.763012886047363,12.763012886047363,12.763012886047363,12.763012886047363,4000,0.0,0.0
2022-01-18 00:00:00+08:00,12.936659812927246,12.936659812927246,12.936659812927246,12.936659812927246,1000,0.0,0.0
2022-01-19 00:00:00+08:00,12.806425310465801,12.936659812927246,12.806425310465801,12.936659812927246,3000,0.0,0.0
2022-01-20 00:00:00+08:00,12.893248558044434,12.893248558044434,12.849836782250902,12.893248558044434,3000,0.0,0.0
2022-01-21 00:00:00+08:00,12.763012886047363,12.763012886047363,12.632778390194007,12.763012886047363,29000,0.0,0.0
2022-01-24 00:00:00+08:00,12.676190376281738,12.936659372333638,12.676190376281738,12.676190376281738,27000,0.0,0.0
2022-01-25 00:00:00+08:00,12.63277816772461,12.67618994158147,12.63277816772461,12.63277816772461,5000,0.0,0.0
2022-01-26 00:00:00+08:00,12.849836435290088,12.849836435290088,12.50254306632992,12.763012886047363,39000,0.0,0.0
2022-02-07 00:00:00+08:00,12.632778305840596,12.849836349487305,12.589366531509109,12.849836349487305,13000,0.0,0.0
2022-02-08 00:00:00+08:00,12.849836349487305,12.849836349487305,12.849836349487305,12.849836349487305,2000,0.0,0.0
2022-02-09 00:00:00+08:00,12.719601026492844,12.719601026492844,12.676190080172082,12.849836349487305,10000,0.0,0.0
2022-02-10 00:00:00+08:00,12.676190376281738,12.893248424998818,12.632778600936174,12.676190376281738,15000,0.0,0.0
2022-02-11 00:00:00+08:00,12.632778818245905,12.806425094604492,12.589367042153569,12.806425094604492,24000,0.0,0.0
2022-02-14 00:00:00+08:00,12.719600448230455,12.719600448230455,12.502542414451705,12.58936595916748,29000,0.0,0.0
2022-02-15 00:00:00+08:00,12.58936639386775,12.63277816772461,12.50254284615403,12.63277816772461,27000,0.0,0.0
2022-02-16 00:00:00+08:00,12.676190376281738,12.719601323616558,12.632778600936174,12.676190376281738,17000,0.0,0.0
2022-02-17 00:00:00+08:00,12.71960163116455,12.763013407559772,12.632778906384875,12.71960163116455,14000,0.0,0.0
2022-02-18 00:00:00+08:00,12.589366615572645,12.763012886047363,12.589366615572645,12.763012886047363,9000,0.0,0.0
2022-02-21 00:00:00+08:00,12.58936595916748,12.676189503883256,12.58936595916748,12.58936595916748,31000,0.0,0.0
2022-02-22 00:00:00+08:00,12.502542495727539,12.58936604100773,12.459131551098135,12.502542495727539,20000,0.0,0.0
2022-02-23 00:00:00+08:00,12.545953750610352,12.545953750610352,12.50254197976181,12.545953750610352,17000,0.0,0.0
2022-02-24 00:00:00+08:00,12.415720765794982,12.806425094604492,12.415720765794982,12.806425094604492,38000,0.0,0.0
2022-02-25 00:00:00+08:00,12.459131036923928,12.545953750610352,12.459131036923928,12.545953750610352,9000,0.0,0.0
2022-03-01 00:00:00+08:00,12.763012303557424,12.763012303557424,12.502542495727539,12.502542495727539,45000,0.0,0.0
2022-03-02 00:00:00+08:00,12.459131036923928,12.545953750610352,12.459131036923928,12.545953750610352,8000,0.0,0.0
2022-03-03 00:00:00+08:00,12.632778906384875,12.763013407559772,12.589367129989654,12.71960163116455,17000,0.0,0.0
2022-03-04 00:00:00+08:00,12.719600530917328,12.719600530917328,12.502542495727539,12.502542495727539,13000,0.0,0.0
2022-03-07 00:00:00+08:00,12.459131036923928,12.545953750610352,12.372307495226844,12.545953750610352,27000,0.0,0.0
2022-03-08 00:00:00+08:00,12.415720069839807,12.415720069839807,12.24207380321485,12.328896522521973,50000,0.0,0.0
2022-03-09 00:00:00+08:00,12.242073289899531,12.328896005566142,12.242073289899531,12.372307777404785,11000,0.0,0.0
2022-03-10 00:00:00+08:00,12.37230829618089,12.37230829618089,12.328896522521973,12.328896522521973,12000,0.0,0.0
2022-03-11 00:00:00+08:00,12.285484748863055,12.328896522521973,12.285484748863055,12.328896522521973,8000,0.0,0.0
2022-03-14 00:00:00+08:00,12.285485094991085,12.459132194519043,12.198662373237841,12.459132194519043,30000,0.0,0.0
2022-03-15 00:00:00+08:00,12.285485482364384,12.285485482364384,12.15525098162273,12.198662757873535,60000,0.0,0.0
2022-03-16 00:00:00+08:00,12.285484233727498,12.372307777404785,12.198661518060888,12.372307777404785,35000,0.0,0.0
2022-03-17 00:00:00+08:00,12.28548446053775,12.58936604100773,12.28548446053775,12.502542495727539,99000,0.0,0.0
2022-03-18 00:00:00+08:00,12.806424660668725,13.023482705764806,12.719601111426002,12.763012886047363,240000,0.0,0.0
2022-03-21 00:00:00+08:00,12.589366615572645,12.849836435290088,12.589366615572645,12.763012886047363,27000,0.0,0.0
2022-03-22 00:00:00+08:00,12.763012886047363,12.763012886047363,12.589366615572645,12.763012886047363,16000,0.0,0.0
2022-03-23 00:00:00+08:00,12.763013318512156,12.84983687069683,12.632778818245905,12.806425094604492,26000,0.0,0.0
2022-03-24 00:00:00+08:00,12.806425094604492,12.806425094604492,12.806425094604492,12.806425094604492,8000,0.0,0.0
2022-03-25 00:00:00+08:00,12.763013407559772,12.763013407559772,12.632778906384875,12.71960163116455,8000,0.0,0.0
2022-03-28 00:00:00+08:00,12.719601323616558,12.763013098962123,12.632778600936174,12.676190376281738,19000,0.0,0.0
2022-03-29 00:00:00+08:00,12.806424660668725,12.89324820991145,12.763012886047363,12.763012886047363,19000,0.0,0.0
2022-03-30 00:00:00+08:00,12.763012886047363,12.763012886047363,12.763012886047363,12.763012886047363,2000,0.0,0.0
2022-03-31 00:00:00+08:00,12.849836435290088,12.849836435290088,12.67619016481537,12.763012886047363,18000,0.0,0.0
2022-04-01 00:00:00+08:00,12.763013230663839,12.936659505827212,12.763013230663839,12.893248558044434,30000,0.0,0.0
2022-04-06 00:00:00+08:00,12.849837087289874,12.936659812927246,12.806425310465801,12.936659812927246,60000,0.0,0.0
2022-04-07 00:00:00+08:00,12.849836349487305,13.023482618802527,12.849836349487305,12.849836349487305,31000,0.0,0.0
2022-04-08 00:00:00+08:00,12.936659505827212,12.936659505827212,12.893248558044434,12.893248558044434,7000,0.0,0.0
2022-04-11 00:00:00+08:00,12.893248123818791,12.893248123818791,12.849836349487305,12.849836349487305,37000,0.0,0.0
2022-04-12 00:00:00+08:00,12.893248646789166,12.936659594870743,12.806425094604492,12.806425094604492,11000,0.0,0.0
2022-04-13 00:00:00+08:00,12.936659070139553,12.936659070139553,12.849836349487305,12.849836349487305,8000,0.0,0.0
2022-04-14 00:00:00+08:00,12.806424575155818,12.849836349487305,12.806424575155818,12.849836349487305,23000,0.0,0.0
2022-04-15 00:00:00+08:00,12.893248558044434,12.893248558044434,12.80642500645737,12.893248558044434,7000,0.0,0.0
2022-04-18 00:00:00+08:00,12.936658342246858,13.110305429802395,12.893247398368652,12.980070114135742,214000,0.0,0.0
2022-04-19 00:00:00+08:00,13.023482322692871,13.023482322692871,12.93665877600397,13.023482322692871,12000,0.0,0.0
2022-04-20 00:00:00+08:00,13.023483057414275,13.023483057414275,12.893248558044434,12.893248558044434,23000,0.0,0.0
2022-04-21 00:00:00+08:00,12.849835626479768,13.023481886024626,12.849835626479768,12.980070114135742,83000,0.0,0.0
2022-04-22 00:00:00+08:00,12.98007054934842,13.023482322692871,12.98007054934842,13.023482322692871,23000,0.0,0.0
2022-04-25 00:00:00+08:00,12.893248736745434,12.893248736745434,12.71960163116455,12.71960163116455,37000,0.0,0.0
2022-04-26 00:00:00+08:00,12.98007084447104,12.98007084447104,12.719601026492844,12.849836349487305,13000,0.0,0.0
2022-04-27 00:00:00+08:00,12.502543489968897,12.806425094604492,12.45913254188732,12.806425094604492,11000,0.0,0.0
2022-04-28 00:00:00+08:00,12.849836649653252,12.893248424998818,12.58936682559061,12.676190376281738,22000,0.0,0.0
2022-04-29 00:00:00+08:00,12.676190080172082,12.849836349487305,12.632778305840596,12.849836349487305,251000,0.0,0.0
2022-05-03 00:00:00+08:00,12.849836349487305,12.849836349487305,12.589366531509109,12.849836349487305,11000,0.0,0.0
2022-05-04 00:00:00+08:00,12.936659070139553,12.936659070139553,12.849836349487305,12.849836349487305,4000,0.0,0.0
2022-05-05 00:00:00+08:00,12.71960163116455,12.71960163116455,12.71960163116455,12.71960163116455,5000,0.0,0.0
2022-05-06 00:00:00+08:00,12.67619016481537,12.763012886047363,12.67619016481537,12.763012886047363,4000,0.0,0.0
2022-05-09 00:00:00+08:00,12.67618979814503,12.67618979814503,12.372308212596277,12.415719985961914,66000,0.0,0.0
2022-05-10 00:00:00+08:00,12.37230792538873,12.763012220588342,12.242073436325756,12.58936595916748,14000,0.0,0.0
2022-05-11 00:00:00+08:00,12.545953750610352,12.545953750610352,12.545953750610352,12.545953750610352,1000,0.0,0.0
2022-05-12 00:00:00+08:00,12.80642407619752,12.80642407619752,12.502542495727539,12.502542495727539,10000,0.0,0.0
2022-05-13 00:00:00+08:00,12.763012220588342,12.763012220588342,12.502542414451705,12.58936595916748,11000,0.0,0.0
2022-05-16 00:00:00+08:00,12.58936639386775,12.719600887427612,12.58936639386775,12.63277816772461,7000,0.0,0.0
2022-05-17 00:00:00+08:00,12.676190376281738,12.719601323616558,12.676190376281738,12.676190376281738,3000,0.0,0.0
2022-05-18 00:00:00+08:00,12.545955353594433,12.71960163116455,12.545955353594433,12.71960163116455,16000,0.0,0.0
2022-05-19 00:00:00+08:00,12.58936639386775,12.67618994158147,12.58936639386775,12.63277816772461,7000,0.0,0.0
2022-05-20 00:00:00+08:00,12.84983687069683,12.893248646789166,12.676190594338243,12.806425094604492,20000,0.0,0.0
2022-05-23 00:00:00+08:00,12.936659594870743,12.936659594870743,12.806425094604492,12.806425094604492,7000,0.0,0.0
2022-05-24 00:00:00+08:00,12.893248558044434,12.936659505827212,12.849836782250902,12.893248558044434,44000,0.0,0.0
2022-05-25 00:00:00+08:00,12.936659812927246,12.980071589751319,12.936659812927246,12.936659812927246,34000,0.0,0.0
2022-05-26 00:00:00+08:00,12.936659505827212,12.936659505827212,12.763013230663839,12.893248558044434,7000,0.0,0.0
2022-05-27 00:00:00+08:00,12.936659505827212,12.980071281620743,12.80642500645737,12.893248558044434,38000,0.0,0.0
2022-05-30 00:00:00+08:00,12.936658342246858,13.023481886024626,12.936658342246858,12.980070114135742,30000,0.0,0.0
2022-05-31 00:00:00+08:00,12.93665877600397,13.023482322692871,12.93665877600397,13.023482322692871,25000,0.0,0.0
2022-06-01 00:00:00+08:00,13.023483057414275,13.023483057414275,12.893248558044434,12.893248558044434,21000,0.0,0.0
2022-06-02 00:00:00+08:00,12.893248864113946,12.980071589751319,12.893248864113946,12.936659812927246,13000,0.0,0.0
2022-06-06 00:00:00+08:00,12.980070981669309,13.110306306040345,12.936659206878963,13.06689453125,53000,0.0,0.0
2022-06-07 00:00:00+08:00,12.98007054934842,13.023482322692871,12.98007054934842,13.023482322692871,42000,0.0,0.0
2022-06-08 00:00:00+08:00,13.023483366575391,13.023483366575391,12.936659812927246,12.936659812927246,21000,0.0,0.0
2022-06-09 00:00:00+08:00,12.98007054934842,13.197128588059968,12.98007054934842,13.023482322692871,94000,0.0,0.0
2022-06-10 00:00:00+08:00,12.980070114135742,13.023481886024626,12.936658342246858,12.980070114135742,22000,0.0,0.0
2022-06-13 00:00:00+08:00,12.93665877600397,13.023482322692871,12.93665877600397,13.023482322692871,18000,0.0,0.0
2022-06-14 00:00:00+08:00,12.980070114135742,13.023481886024626,12.893247398368652,12.980070114135742,30000,0.0,0.0
2022-06-15 00:00:00+08:00,12.980070981669309,13.06689453125,12.980070981669309,13.06689453125,67000,0.0,0.0
2022-06-16 00:00:00+08:00,13.023482756459654,13.283952577190993,13.023482756459654,13.06689453125,160000,0.0,0.0
2022-06-17 00:00:00+08:00,12.893248864113946,12.980071589751319,12.893248864113946,12.936659812927246,13000,0.0,0.0
2022-06-20 00:00:00+08:00,12.893248424998818,12.893248424998818,12.58936682559061,12.676190376281738,38000,0.0,0.0
2022-06-21 00:00:00+08:00,12.676190594338243,12.806425094604492,12.676190594338243,12.806425094604492,6000,0.0,0.0
2022-06-22 00:00:00+08:00,12.936659685129891,12.936659685129891,12.71960163116455,12.71960163116455,10000,0.0,0.0
2022-06-23 00:00:00+08:00,12.763013230663839,12.936659505827212,12.763013230663839,12.893248558044434,4000,0.0,0.0
2022-06-24 00:00:00+08:00,12.936659812927246,12.936659812927246,12.849837087289874,12.936659812927246,14000,0.0,0.0
2022-06-27 00:00:00+08:00,12.936658342246858,12.980070114135742,12.893247398368652,12.980070114135742,10000,0.0,0.0
2022-06-28 00:00:00+08:00,12.936659812927246,12.936659812927246,12.936659812927246,12.936659812927246,2000,0.0,0.0
2022-06-29 00:00:00+08:00,12.893248558044434,12.893248558044434,12.893248558044434,12.893248558044434,3000,0.0,0.0
2022-06-30 00:00:00+08:00,12.936659685129891,12.936659685129891,12.71960163116455,12.71960163116455,9000,0.0,0.0
2022-07-01 00:00:00+08:00,12.763012661284472,12.80642443514133,12.63277816772461,12.63277816772461,12000,0.0,0.0
2022-07-04 00:00:00+08:00,12.67619050708753,12.67619050708753,12.632778731293998,12.893248558044434,13000,0.0,0.0
2022-07-05 00:00:00+08:00,12.632778906384875,12.71960163116455,12.632778906384875,12.71960163116455,23000,0.0,0.0
2022-07-06 00:00:00+08:00,12.763013407559772,12.763013407559772,12.589367129989654,12.71960163116455,10000,0.0,0.0
2022-07-07 00:00:00+08:00,12.676190682780096,12.71960163116455,12.632778906384875,12.71960163116455,31000,0.0,0.0
2022-07-08 00:00:00+08:00,12.676190682780096,12.71960163116455,12.589367129989654,12.71960163116455,23000,0.0,0.0
2022-07-11 00:00:00+08:00,12.632777731525367,12.676189503883256,12.58936595916748,12.58936595916748,21000,0.0,0.0
2022-07-12 00:00:00+08:00,12.676189063155977,12.806423547690944,12.545953750610352,12.545953750610352,11000,0.0,0.0
2022-07-13 00:00:00+08:00,12.632777292307436,12.806423547690944,12.545953750610352,12.545953750610352,18000,0.0,0.0
2022-07-14 00:00:00+08:00,12.545955050245043,12.676190376281738,12.502543274899478,12.676190376281738,34000,0.0,0.0
2022-07-15 00:00:00+08:00,12.58936595916748,12.632777731525367,12.459131470104506,12.58936595916748,16000,0.0,0.0
2022-07-18 00:00:00+08:00,12.45913254188732,12.806425094604492,12.45913254188732,12.806425094604492,22000,0.0,0.0
2022-07-19 00:00:00+08:00,12.58936595916748,12.58936595916748,12.58936595916748,12.58936595916748,8000,0.0,0.0
2022-07-20 00:00:00+08:00,12.58936595916748,12.58936595916748,12.58936595916748,12.58936595916748,6000,0.0,0.0
2022-07-21 00:00:00+08:00,12.58936639386775,12.719600887427612,12.58936639386775,12.63277816772461,4000,0.0,0.0
2022-07-22 00:00:00+08:00,12.545954757177622,12.849836349487305,12.545954757177622,12.849836349487305,5000,0.0,0.0
2022-07-25 00:00:00+08:00,12.763012886047363,12.763012886047363,12.763012886047363,12.763012886047363,2000,0.0,0.0
2022-07-26 00:00:00+08:00,12.806424874307687,12.806424874307687,12.676190376281738,12.676190376281738,5000,0.0,0.0
2022-07-27 00:00:00+08:00,12.676190376281738,12.676190376281738,12.676190376281738,12.676190376281738,5000,0.0,0.0
2022-07-28 00:00:00+08:00,12.71960163116455,12.763013407559772,12.676190682780096,12.71960163116455,17000,0.0,0.0
2022-07-29 00:00:00+08:00,12.719601454870308,12.893248558044434,12.719601454870308,12.893248558044434,12000,0.0,0.0
2022-08-01 00:00:00+08:00,12.849836435290088,12.849836435290088,12.719601111426002,12.763012886047363,60000,0.0,0.0
2022-08-02 00:00:00+08:00,12.763013407559772,12.763013407559772,12.71960163116455,12.71960163116455,5000,0.0,0.0
2022-08-03 00:00:00+08:00,12.632777731525367,12.632777731525367,12.58936595916748,12.58936595916748,40000,0.0,0.0
2022-08-04 00:00:00+08:00,12.589367129989654,12.893248736745434,12.589367129989654,12.71960163116455,71000,0.0,0.0
2022-08-05 00:00:00+08:00,12.719601111426002,12.806424660668725,12.67619016481537,12.763012886047363,52000,0.0,0.0
2022-08-08 00:00:00+08:00,12.763012661284472,12.893247982855051,12.63277816772461,12.63277816772461,40000,0.0,0.0
2022-08-09 00:00:00+08:00,12.632778390194007,12.806424660668725,12.632778390194007,12.763012886047363,18000,0.0,0.0
2022-08-10 00:00:00+08:00,12.763013533641729,12.980071589751319,12.763013533641729,12.936659812927246,38000,0.0,0.0
2022-08-11 00:00:00+08:00,12.849836435290088,12.849836435290088,12.763012886047363,12.763012886047363,43000,0.0,0.0
2022-08-12 00:00:00+08:00,12.936659156522081,12.936659156522081,12.763012886047363,12.763012886047363,20000,0.0,0.0
2022-08-15 00:00:00+08:00,12.806425094604492,12.936659594870743,12.806425094604492,12.806425094604492,89000,0.0,0.0
2022-08-16 00:00:00+08:00,12.84983687069683,12.893248646789166,12.806425094604492,12.806425094604492,43000,0.0,0.0
2022-08-17 00:00:00+08:00,12.806424575155818,12.849836349487305,12.763012800824331,12.849836349487305,55000,0.0,0.0
2022-08-18 00:00:00+08:00,12.893248558044434,12.936659505827212,12.849836782250902,12.893248558044434,67000,0.0,0.0
2022-08-19 00:00:00+08:00,12.893248864113946,12.980071589751319,12.893248864113946,12.936659812927246,72000,0.0,0.0
2022-08-22 00:00:00+08:00,12.936659070139553,12.936659070139553,12.849836349487305,12.849836349487305,17000,0.0,0.0
2022-08-23 00:00:00+08:00,12.893248558044434,12.893248558044434,12.893248558044434,12.893248558044434,64000,0.0,0.0
2022-08-24 00:00:00+08:00,12.893248123818791,12.893248123818791,12.849836349487305,12.849836349487305,53000,0.0,0.0
2022-08-25 00:00:00+08:00,12.893247398368652,13.370774405114345,12.893247398368652,12.980070114135742,596000,0.0,0.0
2022-08-26 00:00:00+08:00,13.153717041015625,13.197128815106943,13.023482546752389,13.153717041015625,167000,0.0,0.0
2022-08-29 00:00:00+08:00,12.93665877600397,13.066894096037322,12.893247830670225,13.023482322692871,51000,0.0,0.0
2022-08-30 00:00:00+08:00,13.023483187353799,13.153717688023033,13.023483187353799,13.110306739807129,52000,0.0,0.0
2022-08-31 00:00:00+08:00,13.066894963580465,13.197129464249697,13.066894963580465,13.110306739807129,100000,0.0,0.0
2022-09-01 00:00:00+08:00,13.110306306040345,13.153717252819957,13.06689453125,13.06689453125,106000,0.0,0.0
2022-09-02 00:00:00+08:00,13.06689365791351,13.110305429802395,12.980070114135742,12.980070114135742,53000,0.0,0.0
2022-09-05 00:00:00+08:00,12.980070114135742,13.110305429802395,12.980070114135742,12.980070114135742,15000,0.0,0.0
2022-09-06 00:00:00+08:00,12.980071589751319,12.980071589751319,12.893248864113946,12.936659812927246,96000,0.0,0.0
2022-09-07 00:00:00+08:00,12.893248864113946,12.936659812927246,12.893248864113946,12.936659812927246,21000,0.0,0.0
2022-09-08 00:00:00+08:00,13.023482322692871,13.110305869381774,12.93665877600397,13.023482322692871,199000,0.0,0.0
2022-09-12 00:00:00+08:00,13.023482322692871,13.110305869381774,13.023482322692871,13.023482322692871,131000,0.0,0.0
2022-09-13 00:00:00+08:00,13.023482756459654,13.06689453125,12.980070981669309,13.06689453125,98000,0.0,0.0
2022-09-14 00:00:00+08:00,13.023482756459654,13.06689453125,12.980070981669309,13.06689453125,68000,0.0,0.0
2022-09-15 00:00:00+08:00,13.06689453125,13.110306306040345,13.023482756459654,13.06689453125,91000,0.0,0.0
2022-09-16 00:00:00+08:00,13.066894096037322,13.066894096037322,13.023482322692871,13.023482322692871,96000,0.0,0.0
2022-09-19 00:00:00+08:00,13.023482322692871,13.066894096037322,12.98007054934842,13.023482322692871,63000,0.0,0.0
2022-09-20 00:00:00+08:00,13.023482322692871,13.066894096037322,12.98007054934842,13.023482322692871,79000,0.0,0.0
2022-09-21 00:00:00+08:00,13.023482322692871,13.066894096037322,13.023482322692871,13.023482322692871,106000,0.0,0.0
2022-09-22 00:00:00+08:00,12.885910908853878,13.023482559708217,12.840053400349356,12.931768417358398,99000,0.8,0.0
2022-09-23 00:00:00+08:00,12.93176825990153,13.11519741702696,12.748338228116884,12.977624893188477,69000,0.0,0.0
2022-09-26 00:00:00+08:00,12.840053166672252,13.252768986383447,12.794195659002295,13.023482322692871,596000,0.0,0.0
2022-09-27 00:00:00+08:00,13.023481294473497,13.206910436012167,13.023481294473497,13.06933879852295,117000,0.0,0.0
2022-09-28 00:00:00+08:00,13.06934014833742,13.115197657123081,12.610766809799264,12.885910987854004,215000,0.0,0.0
2022-09-29 00:00:00+08:00,12.977625051203695,12.977625051203695,12.840053400349356,12.931768417358398,47000,0.0,0.0
2022-09-30 00:00:00+08:00,12.93176825990153,12.977624893188477,12.885910751955368,12.977624893188477,37000,0.0,0.0
2022-10-03 00:00:00+08:00,13.023482401134638,13.023482401134638,12.93176825990153,12.977624893188477,20000,0.0,0.0
2022-10-04 00:00:00+08:00,12.977624815022914,13.023482322692871,12.977624815022914,13.023482322692871,20000,0.0,0.0
2022-10-05 00:00:00+08:00,13.06933879852295,13.06933879852295,13.023481294473497,13.06933879852295,34000,0.0,0.0
2022-10-06 00:00:00+08:00,13.069339830362829,13.069339830362829,13.023482322692871,13.023482322692871,33000,0.0,0.0
2022-10-07 00:00:00+08:00,13.023482322692871,13.023482322692871,13.023482322692871,13.023482322692871,26000,0.0,0.0
2022-10-11 00:00:00+08:00,13.023482639551759,13.023482639551759,12.840053479068342,12.885910987854004,33000,0.0,0.0
2022-10-12 00:00:00+08:00,13.023482559708217,13.023482559708217,12.885910908853878,12.931768417358398,23000,0.0,0.0
2022-10-13 00:00:00+08:00,12.931767616000927,12.931767616000927,12.794195099012475,12.840052604675293,39000,0.0,0.0
2022-10-14 00:00:00+08:00,12.93176825990153,12.977624893188477,12.840053244009207,12.977624893188477,26000,0.0,0.0
2022-10-17 00:00:00+08:00,12.931768496639664,12.977625130766096,12.840053479068342,12.885910987854004,8000,0.0,0.0
2022-10-18 00:00:00+08:00,12.931768417358398,12.931768417358398,12.931768417358398,12.931768417358398,6000,0.0,0.0
2022-10-19 00:00:00+08:00,12.977624815022914,13.069339830362829,12.840053166672252,13.023482322692871,57000,0.0,0.0
2022-10-20 00:00:00+08:00,12.977625051203695,12.977625051203695,12.931768417358398,12.931768417358398,9000,0.0,0.0
2022-10-21 00:00:00+08:00,12.931768417358398,12.977625051203695,12.885910908853878,12.931768417358398,11000,0.0,0.0
2022-10-24 00:00:00+08:00,12.977624247004574,12.977624247004574,12.840052604675293,12.840052604675293,14000,0.0,0.0
2022-10-25 00:00:00+08:00,12.931767616000927,12.931767616000927,12.794195099012475,12.840052604675293,16000,0.0,0.0
2022-10-26 00:00:00+08:00,12.840052604675293,12.931767616000927,12.794195099012475,12.840052604675293,12000,0.0,0.0
2022-10-27 00:00:00+08:00,12.885910908853878,12.931768417358398,12.840053400349356,12.931768417358398,17000,0.0,0.0
2022-10-28 00:00:00+08:00,12.931767692978262,12.931767692978262,12.794195175170898,12.794195175170898,20000,0.0,0.0
2022-10-31 00:00:00+08:00,12.931767616000927,12.931767616000927,12.840052604675293,12.840052604675293,11000,0.0,0.0
2022-11-01 00:00:00+08:00,12.931768417358398,12.931768417358398,12.931768417358398,12.931768417358398,18000,0.0,0.0
2022-11-02 00:00:00+08:00,12.977624893188477,12.977624893188477,12.93176825990153,12.977624893188477,24000,0.0,0.0
2022-11-03 00:00:00+08:00,12.977624893188477,13.023482401134638,12.977624893188477,12.977624893188477,10000,0.0,0.0
2022-11-04 00:00:00+08:00,13.115197104353163,13.161054611206055,13.06933959750027,13.161054611206055,220000,0.0,0.0
2022-11-07 00:00:00+08:00,13.161055247172044,13.390341917856858,13.161055247172044,13.298626899719238,121000,0.0,0.0
2022-11-08 00:00:00+08:00,13.206911881581618,13.298626899719238,13.161055247172044,13.298626899719238,24000,0.0,0.0
2022-11-09 00:00:00+08:00,13.298626022584724,13.298626022584724,13.20691101049633,13.252768516540527,39000,0.0,0.0
2022-11-10 00:00:00+08:00,13.206911087036133,13.206911087036133,12.885910292184773,13.206911087036133,93000,0.0,0.0
2022-11-11 00:00:00+08:00,13.390341112275976,13.390341112275976,13.115196949075393,13.206911087036133,21000,0.0,0.0
2022-11-14 00:00:00+08:00,13.206911087036133,13.206911087036133,13.161054455385354,13.206911087036133,17000,0.0,0.0
2022-11-15 00:00:00+08:00,13.206911881581618,13.298626899719238,13.206911881581618,13.298626899719238,20000,0.0,0.0
2022-11-16 00:00:00+08:00,13.298626257105537,13.298626257105537,13.115197104353163,13.161054611206055,152000,0.0,0.0
2022-11-17 00:00:00+08:00,13.11519718170166,13.161054688825002,13.069339674578318,13.11519718170166,33000,0.0,0.0
2022-11-18 00:00:00+08:00,13.11519718170166,13.11519718170166,13.023482167454976,13.11519718170166,35000,0.0,0.0
2022-11-21 00:00:00+08:00,13.115196302572402,13.115196302572402,13.023481294473497,13.06933879852295,34000,0.0,0.0
2022-11-22 00:00:00+08:00,13.023482322692871,13.023482322692871,12.977624815022914,13.023482322692871,13000,0.0,0.0
2022-11-23 00:00:00+08:00,13.023482322692871,13.069339830362829,12.931768182012165,13.023482322692871,24000,0.0,0.0
2022-11-24 00:00:00+08:00,13.069339830362829,13.069339830362829,12.88591067434221,13.023482322692871,56000,0.0,0.0
2022-11-25 00:00:00+08:00,13.023482167454976,13.11519718170166,13.023482167454976,13.11519718170166,55000,0.0,0.0
2022-11-28 00:00:00+08:00,13.11519718170166,13.161054688825002,13.11519718170166,13.11519718170166,53000,0.0,0.0
2022-11-29 00:00:00+08:00,13.11519718170166,13.206911321289146,13.069339674578318,13.11519718170166,140000,0.0,0.0
2022-11-30 00:00:00+08:00,13.115197104353163,13.161054611206055,13.06933959750027,13.161054611206055,80000,0.0,0.0
2022-12-01 00:00:00+08:00,13.161054455385354,13.206911087036133,13.115196949075393,13.206911087036133,153000,0.0,0.0
2022-12-02 00:00:00+08:00,13.206911087036133,13.206911087036133,13.161054455385354,13.206911087036133,33000,0.0,0.0
2022-12-05 00:00:00+08:00,13.206911243399754,13.252768750252645,13.115197104353163,13.161054611206055,80000,0.0,0.0
2022-12-06 00:00:00+08:00,13.161054688825002,13.206911321289146,13.11519718170166,13.11519718170166,37000,0.0,0.0
2022-12-07 00:00:00+08:00,13.069339674578318,13.11519718170166,13.069339674578318,13.11519718170166,43000,0.0,0.0
2022-12-08 00:00:00+08:00,13.11519718170166,13.161054688825002,13.069339674578318,13.11519718170166,35000,0.0,0.0
2022-12-09 00:00:00+08:00,13.069339674578318,13.11519718170166,13.069339674578318,13.11519718170166,28000,0.0,0.0
2022-12-12 00:00:00+08:00,13.11519718170166,13.161054688825002,13.069339674578318,13.11519718170166,55000,0.0,0.0
2022-12-13 00:00:00+08:00,13.115197104353163,13.161054611206055,13.06933959750027,13.161054611206055,35000,0.0,0.0
2022-12-14 00:00:00+08:00,13.161054455385354,13.206911087036133,13.115196949075393,13.206911087036133,25000,0.0,0.0
2022-12-15 00:00:00+08:00,13.115196873067115,13.252768516540527,13.115196873067115,13.252768516540527,47000,0.0,0.0
2022-12-16 00:00:00+08:00,13.161054688825002,13.206911321289146,13.11519718170166,13.11519718170166,49000,0.0,0.0
2022-12-19 00:00:00+08:00,13.11519718170166,13.11519718170166,13.069339674578318,13.11519718170166,18000,0.0,0.0
2022-12-20 00:00:00+08:00,13.06933879852295,13.06933879852295,13.023481294473497,13.06933879852295,46000,0.0,0.0
2022-12-21 00:00:00+08:00,13.06933879852295,13.06933879852295,13.023481294473497,13.06933879852295,41000,0.0,0.0
2022-12-22 00:00:00+08:00,13.115197338032784,13.115197338032784,13.023482322692871,13.023482322692871,47000,0.0,0.0
2022-12-23 00:00:00+08:00,12.977624815022914,13.023482322692871,12.977624815022914,13.023482322692871,42000,0.0,0.0
2022-12-26 00:00:00+08:00,12.977625051203695,12.977625051203695,12.931768417358398,12.931768417358398,23000,0.0,0.0
2022-12-27 00:00:00+08:00,12.977624815022914,13.023482322692871,12.977624815022914,13.023482322692871,14000,0.0,0.0
2022-12-28 00:00:00+08:00,12.977624893188477,13.0693399090808,12.93176825990153,12.977624893188477,17000,0.0,0.0
2022-12-29 00:00:00+08:00,12.977624893188477,12.977624893188477,12.93176825990153,12.977624893188477,10000,0.0,0.0
2022-12-30 00:00:00+08:00,12.93176825990153,12.977624893188477,12.93176825990153,12.977624893188477,8000,0.0,0.0
2023-01-03 00:00:00+08:00,12.977624893188477,12.977624893188477,12.93176825990153,12.977624893188477,5000,0.0,0.0
2023-01-04 00:00:00+08:00,12.931768182012165,13.023482322692871,12.931768182012165,13.023482322692871,8000,0.0,0.0
2023-01-05 00:00:00+08:00,13.023482322692871,13.023482322692871,13.023482322692871,13.023482322692871,3000,0.0,0.0
2023-01-06 00:00:00+08:00,12.977624893188477,13.023482401134638,12.977624893188477,12.977624893188477,25000,0.0,0.0
2023-01-09 00:00:00+08:00,13.023481294473497,13.06933879852295,13.023481294473497,13.06933879852295,9000,0.0,0.0
2023-01-10 00:00:00+08:00,13.06933879852295,13.06933879852295,13.06933879852295,13.06933879852295,10000,0.0,0.0
2023-01-11 00:00:00+08:00,13.06933879852295,13.06933879852295,13.06933879852295,13.06933879852295,6000,0.0,0.0
2023-01-12 00:00:00+08:00,13.06933879852295,13.115196302572402,13.06933879852295,13.06933879852295,7000,0.0,0.0
2023-01-13 00:00:00+08:00,13.06933879852295,13.06933879852295,13.023481294473497,13.06933879852295,5000,0.0,0.0
2023-01-16 00:00:00+08:00,13.023481294473497,13.06933879852295,13.023481294473497,13.06933879852295,7000,0.0,0.0
2023-01-17 00:00:00+08:00,13.069339830362829,13.069339830362829,13.023482322692871,13.023482322692871,11000,0.0,0.0
2023-01-30 00:00:00+08:00,13.023482322692871,13.069339830362829,12.88591067434221,13.023482322692871,22000,0.0,0.0
2023-01-31 00:00:00+08:00,13.06933879852295,13.115196302572402,13.023481294473497,13.06933879852295,10000,0.0,0.0
2023-02-01 00:00:00+08:00,13.069339674578318,13.11519718170166,13.069339674578318,13.11519718170166,34000,0.0,0.0
2023-02-02 00:00:00+08:00,13.161054611206055,13.206911243399754,13.161054611206055,13.161054611206055,40000,0.0,0.0
2023-02-03 00:00:00+08:00,13.161054611206055,13.206911243399754,13.115197104353163,13.161054611206055,29000,0.0,0.0
2023-02-06 00:00:00+08:00,13.161054611206055,13.161054611206055,13.161054611206055,13.161054611206055,24000,0.0,0.0
2023-02-07 00:00:00+08:00,13.161054688825002,13.206911321289146,13.069339674578318,13.11519718170166,65000,0.0,0.0
2023-02-08 00:00:00+08:00,13.115197104353163,13.206911243399754,13.115197104353163,13.161054611206055,92000,0.0,0.0
2023-02-09 00:00:00+08:00,13.161054611206055,13.206911243399754,13.161054611206055,13.161054611206055,34000,0.0,0.0
2023-02-10 00:00:00+08:00,13.161054611206055,13.161054611206055,13.161054611206055,13.161054611206055,38000,0.0,0.0
2023-02-13 00:00:00+08:00,13.161054611206055,13.206911243399754,13.115197104353163,13.161054611206055,22000,0.0,0.0
2023-02-14 00:00:00+08:00,13.161055247172044,13.390341917856858,13.161055247172044,13.298626899719238,109000,0.0,0.0
2023-02-15 00:00:00+08:00,13.298626022584724,13.298626022584724,13.161054379111311,13.252768516540527,62000,0.0,0.0
2023-02-16 00:00:00+08:00,13.252769390650428,13.298626899719238,13.252769390650428,13.298626899719238,24000,0.0,0.0
2023-02-17 00:00:00+08:00,13.206911881581618,13.298626899719238,13.206911881581618,13.298626899719238,43000,0.0,0.0
2023-02-20 00:00:00+08:00,13.298626022584724,13.298626022584724,13.252768516540527,13.252768516540527,78000,0.0,0.0
2023-02-21 00:00:00+08:00,13.252768516540527,13.298626022584724,13.252768516540527,13.252768516540527,39000,0.0,0.0
2023-02-22 00:00:00+08:00,13.252768516540527,13.298626022584724,13.20691101049633,13.252768516540527,29000,0.0,0.0
2023-02-23 00:00:00+08:00,13.252769233156489,13.527913409640341,13.252769233156489,13.390341758728027,184000,0.0,0.0
2023-02-24 00:00:00+08:00,13.390341601232844,13.482055742542583,13.344484093248367,13.436198234558105,84000,0.0,0.0
2023-03-01 00:00:00+08:00,13.43619720591445,13.527912214861917,13.43619720591445,13.482054710388184,107000,0.0,0.0
2023-03-02 00:00:00+08:00,13.482055742542583,13.482055742542583,13.390341601232844,13.436198234558105,58000,0.0,0.0
2023-03-03 00:00:00+08:00,13.390341601232844,13.482055742542583,13.390341601232844,13.436198234558105,35000,0.0,0.0
2023-03-06 00:00:00+08:00,13.482054710388184,13.619627223809387,13.482054710388184,13.482054710388184,81000,0.0,0.0
2023-03-07 00:00:00+08:00,13.482054710388184,13.619627223809387,13.482054710388184,13.482054710388184,226000,0.0,0.0
2023-03-08 00:00:00+08:00,13.527913093566895,13.573770601019302,13.48205558611449,13.527913093566895,107000,0.0,0.0
2023-03-09 00:00:00+08:00,13.527912214861917,13.527912214861917,13.390340576099863,13.482054710388184,243000,0.0,0.0
2023-03-10 00:00:00+08:00,13.482055980950577,13.482055980950577,13.344484329223633,13.344484329223633,169000,0.0,0.0
2023-03-13 00:00:00+08:00,13.298626899719238,13.344484408788048,13.206911881581618,13.298626899719238,53000,0.0,0.0
2023-03-14 00:00:00+08:00,13.298626099656055,13.298626099656055,13.206911087036133,13.206911087036133,39000,0.0,0.0
2023-03-15 00:00:00+08:00,13.252768593346094,13.344483605966015,13.206911087036133,13.206911087036133,60000,0.0,0.0
2023-03-16 00:00:00+08:00,13.206911321289146,13.206911321289146,13.11519718170166,13.11519718170166,87000,0.0,0.0
2023-03-17 00:00:00+08:00,13.11519718170166,13.11519718170166,13.023482167454976,13.11519718170166,237000,0.0,0.0
2023-03-20 00:00:00+08:00,13.02348264231512,13.344484329223633,12.977625133519728,13.344484329223633,161000,0.0,0.0
2023-03-21 00:00:00+08:00,13.25276794006162,13.298625444111071,13.023481294473497,13.06933879852295,104000,0.0,0.0
2023-03-22 00:00:00+08:00,13.115197104353163,13.298626257105537,13.115197104353163,13.161054611206055,82000,0.0,0.0
2023-03-23 00:00:00+08:00,13.161054611206055,13.252768750252645,13.161054611206055,13.161054611206055,141000,0.0,0.0
2023-03-24 00:00:00+08:00,13.11519718170166,13.11519718170166,13.069339674578318,13.11519718170166,43000,0.0,0.0
2023-03-27 00:00:00+08:00,13.11519718170166,13.11519718170166,13.069339674578318,13.11519718170166,18000,0.0,0.0
2023-03-28 00:00:00+08:00,13.11519718170166,13.11519718170166,13.069339674578318,13.11519718170166,30000,0.0,0.0
2023-03-29 00:00:00+08:00,13.11519718170166,13.11519718170166,13.069339674578318,13.11519718170166,28000,0.0,0.0
2023-03-30 00:00:00+08:00,13.11519718170166,13.11519718170166,13.023482167454976,13.11519718170166,35000,0.0,0.0
2023-03-31 00:00:00+08:00,13.06933879852295,13.115196302572402,13.023481294473497,13.06933879852295,26000,0.0,0.0
2023-04-06 00:00:00+08:00,13.11519718170166,13.11519718170166,13.069339674578318,13.11519718170166,23000,0.0,0.0
2023-04-07 00:00:00+08:00,13.11519718170166,13.11519718170166,13.069339674578318,13.11519718170166,42000,0.0,0.0
2023-04-10 00:00:00+08:00,13.11519718170166,13.206911321289146,13.023482167454976,13.11519718170166,341000,0.0,0.0
2023-04-11 00:00:00+08:00,13.11519718170166,13.161054688825002,13.069339674578318,13.11519718170166,93000,0.0,0.0
2023-04-12 00:00:00+08:00,13.115197338032784,13.115197338032784,13.023482322692871,13.023482322692871,86000,0.0,0.0
2023-04-13 00:00:00+08:00,13.069339674578318,13.11519718170166,13.069339674578318,13.11519718170166,36000,0.0,0.0
2023-04-14 00:00:00+08:00,13.069339674578318,13.11519718170166,12.977624660331633,13.11519718170166,206000,0.0,0.0
2023-04-17 00:00:00+08:00,13.115196302572402,13.161053806621855,13.06933879852295,13.06933879852295,108000,0.0,0.0
2023-04-18 00:00:00+08:00,13.11519718170166,13.11519718170166,13.069339674578318,13.11519718170166,34000,0.0,0.0
2023-04-19 00:00:00+08:00,13.11519718170166,13.11519718170166,13.069339674578318,13.11519718170166,54000,0.0,0.0
2023-04-20 00:00:00+08:00,13.115196302572402,13.161053806621855,13.06933879852295,13.06933879852295,96000,0.0,0.0
2023-04-21 00:00:00+08:00,13.06933879852295,13.115196302572402,12.977623790424046,13.06933879852295,173000,0.0,0.0
2023-04-24 00:00:00+08:00,13.115196302572402,13.115196302572402,13.06933879852295,13.06933879852295,47000,0.0,0.0
2023-04-25 00:00:00+08:00,13.11519718170166,13.11519718170166,13.069339674578318,13.11519718170166,33000,0.0,0.0
2023-04-26 00:00:00+08:00,13.069339674578318,13.11519718170166,13.069339674578318,13.11519718170166,164000,0.0,0.0
2023-04-27 00:00:00+08:00,13.069339674578318,13.11519718170166,13.069339674578318,13.11519718170166,21000,0.0,0.0
2023-04-28 00:00:00+08:00,13.11519718170166,13.11519718170166,13.069339674578318,13.11519718170166,33000,0.0,0.0
2023-05-02 00:00:00+08:00,13.11519718170166,13.11519718170166,13.069339674578318,13.11519718170166,30000,0.0,0.0
2023-05-03 00:00:00+08:00,13.11519718170166,13.11519718170166,13.069339674578318,13.11519718170166,114000,0.0,0.0
2023-05-04 00:00:00+08:00,13.11519718170166,13.11519718170166,13.069339674578318,13.11519718170166,23000,0.0,0.0
2023-05-05 00:00:00+08:00,13.069339674578318,13.11519718170166,13.069339674578318,13.11519718170166,35000,0.0,0.0
2023-05-08 00:00:00+08:00,13.069339674578318,13.11519718170166,13.069339674578318,13.11519718170166,29000,0.0,0.0
2023-05-09 00:00:00+08:00,13.115196302572402,13.115196302572402,13.06933879852295,13.06933879852295,36000,0.0,0.0
2023-05-10 00:00:00+08:00,13.06933879852295,13.06933879852295,13.023481294473497,13.06933879852295,27000,0.0,0.0
2023-05-11 00:00:00+08:00,13.069339830362829,13.069339830362829,13.023482322692871,13.023482322692871,22000,0.0,0.0
2023-05-12 00:00:00+08:00,13.023482322692871,13.023482322692871,13.023482322692871,13.023482322692871,32000,0.0,0.0
2023-05-15 00:00:00+08:00,13.023482322692871,13.023482322692871,13.023482322692871,13.023482322692871,9000,0.0,0.0
2023-05-16 00:00:00+08:00,13.023481294473497,13.06933879852295,13.023481294473497,13.06933879852295,23000,0.0,0.0
2023-05-17 00:00:00+08:00,13.023481294473497,13.06933879852295,12.931767161033733,13.06933879852295,81000,0.0,0.0
2023-05-18 00:00:00+08:00,13.069339830362829,13.069339830362829,13.023482322692871,13.023482322692871,24000,0.0,0.0
2023-05-19 00:00:00+08:00,13.023482322692871,13.023482322692871,13.023482322692871,13.023482322692871,59000,0.0,0.0
2023-05-22 00:00:00+08:00,13.06933879852295,13.06933879852295,13.023481294473497,13.06933879852295,22000,0.0,0.0
2023-05-23 00:00:00+08:00,13.069339830362829,13.069339830362829,13.023482322692871,13.023482322692871,49000,0.0,0.0
2023-05-24 00:00:00+08:00,13.069339830362829,13.069339830362829,13.023482322692871,13.023482322692871,50000,0.0,0.0
2023-05-25 00:00:00+08:00,13.023481294473497,13.06933879852295,13.023481294473497,13.06933879852295,52000,0.0,0.0
2023-05-26 00:00:00+08:00,13.069339830362829,13.069339830362829,13.023482322692871,13.023482322692871,89000,0.0,0.0
2023-05-29 00:00:00+08:00,13.023482322692871,13.161054845702742,13.023482322692871,13.023482322692871,1385000,0.0,0.0
2023-05-30 00:00:00+08:00,13.06933959750027,13.206911243399754,13.06933959750027,13.161054611206055,164000,0.0,0.0
2023-05-31 00:00:00+08:00,13.161054611206055,13.206911243399754,13.115197104353163,13.161054611206055,58000,0.0,0.0
2023-06-01 00:00:00+08:00,13.161054379111311,13.34448352862892,13.161054379111311,13.252768516540527,121000,0.0,0.0
2023-06-02 00:00:00+08:00,13.298626022584724,13.298626022584724,13.20691101049633,13.252768516540527,53000,0.0,0.0
2023-06-05 00:00:00+08:00,13.252769390650428,13.298626899719238,13.252769390650428,13.298626899719238,86000,0.0,0.0
2023-06-06 00:00:00+08:00,13.20691101049633,13.298626022584724,13.20691101049633,13.252768516540527,64000,0.0,0.0
2023-06-07 00:00:00+08:00,13.298626899719238,13.344484408788048,13.252769390650428,13.298626899719238,58000,0.0,0.0
2023-06-08 00:00:00+08:00,13.298626899719238,13.344484408788048,13.252769390650428,13.298626899719238,60000,0.0,0.0
2023-06-09 00:00:00+08:00,13.298626022584724,13.298626022584724,13.252768516540527,13.252768516540527,117000,0.0,0.0
2023-06-12 00:00:00+08:00,13.252768516540527,13.298626022584724,13.252768516540527,13.252768516540527,65000,0.0,0.0
2023-06-13 00:00:00+08:00,13.252768516540527,13.298626022584724,13.252768516540527,13.252768516540527,24000,0.0,0.0
2023-06-14 00:00:00+08:00,13.298626899719238,13.344484408788048,13.252769390650428,13.298626899719238,111000,0.0,0.0
2023-06-15 00:00:00+08:00,13.298626022584724,13.34448352862892,13.252768516540527,13.252768516540527,70000,0.0,0.0
2023-06-16 00:00:00+08:00,13.298626022584724,13.298626022584724,13.252768516540527,13.252768516540527,74000,0.0,0.0
2023-06-19 00:00:00+08:00,13.298626022584724,13.298626022584724,13.20691101049633,13.252768516540527,15000,0.0,0.0
2023-06-20 00:00:00+08:00,13.298626099656055,13.298626099656055,13.206911087036133,13.206911087036133,24000,0.0,0.0
2023-06-21 00:00:00+08:00,13.252768516540527,13.252768516540527,13.252768516540527,13.252768516540527,8000,0.0,0.0
2023-06-26 00:00:00+08:00,13.298626022584724,13.298626022584724,13.252768516540527,13.252768516540527,27000,0.0,0.0
2023-06-27 00:00:00+08:00,13.298626022584724,13.298626022584724,13.252768516540527,13.252768516540527,113000,0.0,0.0
2023-06-28 00:00:00+08:00,13.252768516540527,13.298626022584724,13.252768516540527,13.252768516540527,33000,0.0,0.0
2023-06-29 00:00:00+08:00,13.252768593346094,13.298626099656055,13.206911087036133,13.206911087036133,64000,0.0,0.0
2023-06-30 00:00:00+08:00,13.252768516540527,13.252768516540527,13.252768516540527,13.252768516540527,46000,0.0,0.0
2023-07-03 00:00:00+08:00,13.252768516540527,13.298626022584724,13.20691101049633,13.252768516540527,63000,0.0,0.0
2023-07-04 00:00:00+08:00,13.252768516540527,13.298626022584724,13.252768516540527,13.252768516540527,59000,0.0,0.0
2023-07-05 00:00:00+08:00,13.252768516540527,13.252768516540527,13.20691101049633,13.252768516540527,73000,0.0,0.0
2023-07-06 00:00:00+08:00,13.252768516540527,13.298626022584724,13.20691101049633,13.252768516540527,11000,0.0,0.0
2023-07-07 00:00:00+08:00,13.206911087036133,13.206911087036133,13.206911087036133,13.206911087036133,13000,0.0,0.0
2023-07-10 00:00:00+08:00,13.252768516540527,13.298626022584724,13.252768516540527,13.252768516540527,136000,0.0,0.0
2023-07-11 00:00:00+08:00,13.252768593346094,13.252768593346094,13.206911087036133,13.206911087036133,56000,0.0,0.0
2023-07-12 00:00:00+08:00,13.206911243399754,13.206911243399754,13.161054611206055,13.161054611206055,20000,0.0,0.0
2023-07-13 00:00:00+08:00,13.161054611206055,13.206911243399754,13.161054611206055,13.161054611206055,21000,0.0,0.0
2023-07-14 00:00:00+08:00,13.161054611206055,13.252768750252645,13.161054611206055,13.161054611206055,40000,0.0,0.0
2023-07-17 00:00:00+08:00,13.161054611206055,13.206911243399754,13.161054611206055,13.161054611206055,15000,0.0,0.0
2023-07-18 00:00:00+08:00,13.115197104353163,13.161054611206055,13.115197104353163,13.161054611206055,45000,0.0,0.0
2023-07-19 00:00:00+08:00,13.161054611206055,13.206911243399754,13.161054611206055,13.161054611206055,15000,0.0,0.0
2023-07-20 00:00:00+08:00,13.161054611206055,13.206911243399754,13.161054611206055,13.161054611206055,13000,0.0,0.0
2023-07-21 00:00:00+08:00,13.161054379111311,13.252768516540527,12.977624354934525,13.252768516540527,97000,0.0,0.0
2023-07-24 00:00:00+08:00,13.252768750252645,13.252768750252645,13.161054611206055,13.161054611206055,16000,0.0,0.0
2023-07-25 00:00:00+08:00,13.115197104353163,13.206911243399754,13.115197104353163,13.161054611206055,15000,0.0,0.0
2023-07-26 00:00:00+08:00,13.206911321289146,13.206911321289146,13.11519718170166,13.11519718170166,15000,0.0,0.0
2023-07-27 00:00:00+08:00,13.161054688825002,13.161054688825002,13.11519718170166,13.11519718170166,25000,0.0,0.0
2023-07-28 00:00:00+08:00,13.206911243399754,13.206911243399754,13.161054611206055,13.161054611206055,6000,0.0,0.0
2023-07-31 00:00:00+08:00,13.161054688825002,13.161054688825002,13.069339674578318,13.11519718170166,33000,0.0,0.0
2023-08-01 00:00:00+08:00,13.11519718170166,13.11519718170166,13.069339674578318,13.11519718170166,7000,0.0,0.0
2023-08-02 00:00:00+08:00,13.115197104353163,13.161054611206055,13.06933959750027,13.161054611206055,20000,0.0,0.0
2023-08-04 00:00:00+08:00,13.11519718170166,13.11519718170166,13.11519718170166,13.11519718170166,24000,0.0,0.0
2023-08-07 00:00:00+08:00,13.161054611206055,13.161054611206055,13.115197104353163,13.161054611206055,14000,0.0,0.0
2023-08-08 00:00:00+08:00,13.20691101049633,13.298626022584724,13.20691101049633,13.252768516540527,69000,0.0,0.0
2023-08-09 00:00:00+08:00,13.252768516540527,13.252768516540527,13.161054379111311,13.252768516540527,35000,0.0,0.0
2023-08-10 00:00:00+08:00,13.161054611206055,13.206911243399754,13.115197104353163,13.161054611206055,28000,0.0,0.0
2023-08-11 00:00:00+08:00,13.161054455385354,13.206911087036133,13.115196949075393,13.206911087036133,24000,0.0,0.0
2023-08-14 00:00:00+08:00,13.11519718170166,13.11519718170166,13.023482167454976,13.11519718170166,42000,0.0,0.0
2023-08-15 00:00:00+08:00,13.06933879852295,13.06933879852295,13.06933879852295,13.06933879852295,6000,0.0,0.0
2023-08-16 00:00:00+08:00,13.06933879852295,13.06933879852295,13.023481294473497,13.06933879852295,11000,0.0,0.0
2023-08-17 00:00:00+08:00,12.977623790424046,13.06933879852295,12.977623790424046,13.06933879852295,11000,0.0,0.0
2023-08-18 00:00:00+08:00,13.06933959750027,13.206911243399754,13.06933959750027,13.161054611206055,9000,0.0,0.0
2023-08-21 00:00:00+08:00,13.11519718170166,13.11519718170166,13.11519718170166,13.11519718170166,6000,0.0,0.0
2023-08-22 00:00:00+08:00,13.115196302572402,13.115196302572402,13.06933879852295,13.06933879852295,2000,0.0,0.0
2023-08-23 00:00:00+08:00,13.11519718170166,13.11519718170166,13.069339674578318,13.11519718170166,19000,0.0,0.0
2023-08-24 00:00:00+08:00,13.115197104353163,13.161054611206055,13.115197104353163,13.161054611206055,22000,0.0,0.0
2023-08-25 00:00:00+08:00,13.161054688825002,13.161054688825002,13.069339674578318,13.11519718170166,21000,0.0,0.0
2023-08-28 00:00:00+08:00,13.06933879852295,13.161053806621855,13.06933879852295,13.06933879852295,6000,0.0,0.0
2023-08-29 00:00:00+08:00,13.115196302572402,13.115196302572402,13.023481294473497,13.06933879852295,5000,0.0,0.0
2023-08-30 00:00:00+08:00,13.06933879852295,13.06933879852295,13.06933879852295,13.06933879852295,2000,0.0,0.0
2023-08-31 00:00:00+08:00,13.161054688825002,13.161054688825002,13.11519718170166,13.11519718170166,13000,0.0,0.0
2023-09-01 00:00:00+08:00,13.115197104353163,13.161054611206055,12.977624583794485,13.161054611206055,19000,0.0,0.0
2023-09-04 00:00:00+08:00,13.252768750252645,13.252768750252645,13.161054611206055,13.161054611206055,13000,0.0,0.0
2023-09-05 00:00:00+08:00,13.069339674578318,13.11519718170166,13.069339674578318,13.11519718170166,15000,0.0,0.0
2023-09-06 00:00:00+08:00,13.11519718170166,13.11519718170166,13.11519718170166,13.11519718170166,4000,0.0,0.0
2023-09-07 00:00:00+08:00,13.115196873067115,13.252768516540527,13.115196873067115,13.252768516540527,40000,0.0,0.0
2023-09-08 00:00:00+08:00,13.252769390650428,13.298626899719238,13.161055247172044,13.298626899719238,45000,0.0,0.0
2023-09-11 00:00:00+08:00,13.298626022584724,13.298626022584724,13.20691101049633,13.252768516540527,92000,0.0,0.0
2023-09-12 00:00:00+08:00,13.252768516540527,13.298626022584724,13.252768516540527,13.252768516540527,50000,0.0,0.0
2023-09-13 00:00:00+08:00,13.252769390650428,13.298626899719238,13.252769390650428,13.298626899719238,31000,0.0,0.0
2023-09-14 00:00:00+08:00,13.20691101049633,13.298626022584724,13.20691101049633,13.252768516540527,30000,0.0,0.0
2023-09-15 00:00:00+08:00,13.252768593346094,13.252768593346094,13.206911087036133,13.206911087036133,8000,0.0,0.0
2023-09-18 00:00:00+08:00,13.206911087036133,13.206911087036133,13.206911087036133,13.206911087036133,7000,0.0,0.0
2023-09-19 00:00:00+08:00,13.252768516540527,13.252768516540527,13.252768516540527,13.252768516540527,2000,0.0,0.0
2023-09-20 00:00:00+08:00,13.252768516540527,13.298626022584724,13.20691101049633,13.252768516540527,19000,0.0,0.0
2023-09-21 00:00:00+08:00,13.252768593346094,13.252768593346094,13.206911087036133,13.206911087036133,5000,0.0,0.0
2023-09-22 00:00:00+08:00,13.161054379111311,13.252768516540527,13.161054379111311,13.252768516540527,10000,0.0,0.0
2023-09-25 00:00:00+08:00,13.206911881581618,13.298626899719238,13.206911881581618,13.298626899719238,23000,0.0,0.0
2023-09-26 00:00:00+08:00,13.298626022584724,13.298626022584724,13.252768516540527,13.252768516540527,53000,0.0,0.0
2023-09-27 00:00:00+08:00,13.252768516540527,13.298626022584724,13.252768516540527,13.252768516540527,24000,0.0,0.0
2023-09-28 00:00:00+08:00,13.252768593346094,13.252768593346094,13.206911087036133,13.206911087036133,7000,0.0,0.0
2023-10-02 00:00:00+08:00,13.252768593346094,13.252768593346094,13.206911087036133,13.206911087036133,7000,0.0,0.0
2023-10-03 00:00:00+08:00,13.298626022584724,13.298626022584724,13.20691101049633,13.252768516540527,21000,0.0,0.0
2023-10-04 00:00:00+08:00,13.252768516540527,13.252768516540527,13.20691101049633,13.252768516540527,26000,0.0,0.0
2023-10-05 00:00:00+08:00,13.252768516540527,13.298626022584724,13.20691101049633,13.252768516540527,12000,0.0,0.0
2023-10-06 00:00:00+08:00,13.252769390650428,13.298626899719238,13.252769390650428,13.298626899719238,11000,0.0,0.0
2023-10-11 00:00:00+08:00,13.298626899719238,13.298626899719238,13.206911881581618,13.298626899719238,21000,0.0,0.0
2023-10-12 00:00:00+08:00,13.345452308654785,13.392278635733785,13.298625981575784,13.345452308654785,16000,0.3,0.0
2023-10-13 00:00:00+08:00,13.34545323003115,13.34545323003115,13.298626899719238,13.298626899719238,10000,0.0,0.0
2023-10-16 00:00:00+08:00,13.298626899719238,13.34545323003115,13.251800569407326,13.298626899719238,9000,0.0,0.0
2023-10-17 00:00:00+08:00,13.34545323003115,13.34545323003115,13.251800569407326,13.298626899719238,7000,0.0,0.0
2023-10-18 00:00:00+08:00,13.29862686730716,13.29862686730716,13.251800537109375,13.251800537109375,5000,0.0,0.0
2023-10-19 00:00:00+08:00,13.251800537109375,13.251800537109375,13.251800537109375,13.251800537109375,4000,0.0,0.0
2023-10-20 00:00:00+08:00,13.251799536124054,13.251799536124054,13.111321449279785,13.111321449279785,61000,0.0,0.0
2023-10-23 00:00:00+08:00,13.111322370294308,13.111322370294308,13.064496040344238,13.064496040344238,49000,0.0,0.0
2023-10-24 00:00:00+08:00,13.111322337399553,13.111322337399553,13.017669677734375,13.017669677734375,55000,0.0,0.0
2023-10-25 00:00:00+08:00,13.111322370294308,13.111322370294308,13.064496040344238,13.064496040344238,15000,0.0,0.0
2023-10-26 00:00:00+08:00,13.111321449279785,13.111321449279785,13.064495122619064,13.111321449279785,37000,0.0,0.0
2023-10-27 00:00:00+08:00,13.111321449279785,13.111321449279785,13.017668795958343,13.111321449279785,37000,0.0,0.0
2023-10-30 00:00:00+08:00,13.111322370294308,13.111322370294308,13.064496040344238,13.064496040344238,9000,0.0,0.0
2023-10-31 00:00:00+08:00,13.064496040344238,13.064496040344238,13.017669710394166,13.064496040344238,22000,0.0,0.0
2023-11-01 00:00:00+08:00,13.017669710394166,13.064496040344238,13.017669710394166,13.064496040344238,26000,0.0,0.0
2023-11-02 00:00:00+08:00,13.064495122619064,13.111321449279785,13.064495122619064,13.111321449279785,5000,0.0,0.0
2023-11-03 00:00:00+08:00,13.111321449279785,13.111321449279785,13.064495122619064,13.111321449279785,28000,0.0,0.0
2023-11-06 00:00:00+08:00,13.111321449279785,13.111321449279785,13.111321449279785,13.111321449279785,7000,0.0,0.0
2023-11-07 00:00:00+08:00,13.111321449279785,13.158147775940506,13.064495122619064,13.111321449279785,125000,0.0,0.0
2023-11-08 00:00:00+08:00,13.111321449279785,13.111321449279785,13.111321449279785,13.111321449279785,48000,0.0,0.0
2023-11-09 00:00:00+08:00,13.11132247160955,13.11132247160955,13.11132247160955,13.298626899719238,85000,0.0,0.0
2023-11-10 00:00:00+08:00,13.111322370294308,13.20497503019445,13.017669710394166,13.064496040344238,334000,0.0,0.0
2023-11-13 00:00:00+08:00,13.111322370294308,13.111322370294308,13.064496040344238,13.064496040344238,46000,0.0,0.0
2023-11-14 00:00:00+08:00,13.111321449279785,13.111321449279785,13.064495122619064,13.111321449279785,251000,0.0,0.0
2023-11-15 00:00:00+08:00,13.111321449279785,13.111321449279785,13.111321449279785,13.111321449279785,50000,0.0,0.0
2023-11-16 00:00:00+08:00,13.111322439653982,13.251800537109375,13.064496109456197,13.251800537109375,542000,0.0,0.0
2023-11-17 00:00:00+08:00,13.298625981575784,13.392278635733785,13.298625981575784,13.345452308654785,175000,0.0,0.0
2023-11-20 00:00:00+08:00,13.345452379221305,13.48593046806321,13.345452379221305,13.439105033874512,503000,0.0,0.0
2023-11-21 00:00:00+08:00,13.392278635733785,13.392278635733785,13.345452308654785,13.345452308654785,566000,0.0,0.0
2023-11-22 00:00:00+08:00,13.39227870654791,13.48593046806321,13.345452379221305,13.439105033874512,128000,0.0,0.0
2023-11-23 00:00:00+08:00,13.485930442810059,13.485930442810059,13.439105008709046,13.485930442810059,81000,0.0,0.0
2023-11-24 00:00:00+08:00,13.439105008709046,13.485930442810059,13.439105008709046,13.485930442810059,35000,0.0,0.0
2023-11-27 00:00:00+08:00,13.485930442810059,13.485930442810059,13.439105008709046,13.485930442810059,59000,0.0,0.0
2023-11-28 00:00:00+08:00,13.485930442810059,13.532756770048977,13.345452354231208,13.485930442810059,96000,0.0,0.0
2023-11-29 00:00:00+08:00,13.532756723832884,13.532756723832884,13.345452308654785,13.345452308654785,81000,0.0,0.0
2023-11-30 00:00:00+08:00,13.392278671264648,13.439104998467883,13.392278671264648,13.392278671264648,35000,0.0,0.0
2023-12-01 00:00:00+08:00,13.439104998467883,13.439104998467883,13.392278671264648,13.392278671264648,35000,0.0,0.0
2023-12-04 00:00:00+08:00,13.48593046806321,13.48593046806321,13.439105033874512,13.439105033874512,84000,0.0,0.0
2023-12-05 00:00:00+08:00,13.485931428433004,13.579584089755471,13.485931428433004,13.532757759094238,92000,0.0,0.0
2023-12-06 00:00:00+08:00,13.53275691007915,13.81371398328196,13.439105147770157,13.673235893249512,180000,0.0,0.0
2023-12-07 00:00:00+08:00,13.673236428083534,15.031193733215332,13.673236428083534,15.031193733215332,2808000,0.0,0.0
2023-12-08 00:00:00+08:00,15.68676080125751,16.20184775484813,15.265324721937237,15.452630043029785,3921000,0.0,0.0
2023-12-11 00:00:00+08:00,15.452629461017246,16.576457772692482,15.03119339757007,16.295499801635742,2600000,0.0,0.0
2023-12-12 00:00:00+08:00,16.38915331391401,16.716936737447483,15.358977605498513,15.874066352844238,1564000,0.0,0.0
2023-12-13 00:00:00+08:00,15.874064347386525,16.248673161408696,15.686759047237578,15.827237129211426,826000,0.0,0.0
2023-12-14 00:00:00+08:00,16.108195959444338,16.155021393901837,15.358976504193539,15.546281814575195,395000,0.0,0.0
2023-12-15 00:00:00+08:00,16.108195790584094,17.091544194089902,15.171672821044922,15.171672821044922,5990000,0.0,0.0
2023-12-18 00:00:00+08:00,15.124846651941134,15.733586267192301,15.03119399122343,15.405804634094238,663000,0.0,0.0
2023-12-19 00:00:00+08:00,15.40580379390743,15.639934539794922,15.312151138297265,15.639934539794922,263000,0.0,0.0
2023-12-20 00:00:00+08:00,15.639933615338203,16.248673161408696,15.639933615338203,15.827237129211426,605000,0.0,0.0
2023-12-21 00:00:00+08:00,15.733585338681026,15.967716083520184,15.546281814575195,15.546281814575195,231000,0.0,0.0
2023-12-22 00:00:00+08:00,15.546280707504835,15.733584218272545,15.358975410461426,15.358975410461426,260000,0.0,0.0
2023-12-25 00:00:00+08:00,15.452628997396351,15.452628997396351,15.171672821044922,15.171672821044922,80000,0.0,0.0
2023-12-26 00:00:00+08:00,15.171673811527683,15.686760763891359,15.171673811527683,15.312151908874512,89000,0.0,0.0
2023-12-27 00:00:00+08:00,15.358977280402568,15.40580450350244,15.171673746830828,15.218499183654785,186000,0.0,0.0
2023-12-28 00:00:00+08:00,15.312151843578611,15.546282600250224,15.218499183654785,15.218499183654785,144000,0.0,0.0
2023-12-29 00:00:00+08:00,15.312151973376537,15.452630071315125,15.26532474987972,15.405804634094238,176000,0.0,0.0
2024-01-02 00:00:00+08:00,15.45262805898313,15.593106138627837,15.312149979338423,15.358975410461426,203000,0.0,0.0
2024-01-03 00:00:00+08:00,15.546281789129882,16.06136871242263,15.4994545684732,15.593107223510742,600000,0.0,0.0
2024-01-04 00:00:00+08:00,15.780413433092983,15.780413433092983,15.358977354539467,15.499455451965332,155000,0.0,0.0
2024-01-05 00:00:00+08:00,15.49945550853601,15.780413490689115,15.26532474987972,15.405804634094238,102000,0.0,0.0
2024-01-08 00:00:00+08:00,15.405804634094238,15.827238927910003,15.312151973376537,15.405804634094238,169000,0.0,0.0
2024-01-09 00:00:00+08:00,15.45262980607314,15.45262980607314,14.890715637688029,15.031193733215332,242000,0.0,0.0
2024-01-10 00:00:00+08:00,15.031193721928302,15.265324476389964,14.843890190124512,14.843890190124512,126000,0.0,0.0
2024-01-11 00:00:00+08:00,14.890715593207116,14.937541922622321,14.562933073576563,14.797063827514648,142000,0.0,0.0
2024-01-12 00:00:00+08:00,14.750237357231878,14.750237357231878,14.516106605529785,14.516106605529785,103000,0.0,0.0
2024-01-15 00:00:00+08:00,14.51610663906347,14.656584733154068,14.51610663906347,14.562932968139648,43000,0.0,0.0
2024-01-16 00:00:00+08:00,14.70341109597889,14.70341109597889,14.469280343198532,14.609759330749512,145000,0.0,0.0
2024-01-17 00:00:00+08:00,14.984367370605469,16.06136841811258,14.60975854359549,14.984367370605469,4674000,0.0,0.0
2024-01-18 00:00:00+08:00,14.89071530317528,15.265324144924648,14.188323055041767,14.235149383544922,1351000,0.0,0.0
2024-01-19 00:00:00+08:00,14.328802108764648,14.703410952297371,14.281975780038575,14.328802108764648,367000,0.0,0.0
2024-01-22 00:00:00+08:00,14.375628471374512,14.562932893582355,14.328802142538066,14.375628471374512,242000,0.0,0.0
2024-01-23 00:00:00+08:00,14.516106537809161,14.609759195308266,14.422453880310059,14.422453880310059,125000,0.0,0.0
2024-01-24 00:00:00+08:00,14.562933040803424,14.843890123524437,14.562933040803424,14.750237464904785,125000,0.0,0.0
2024-01-25 00:00:00+08:00,14.890715525972078,14.984368184379628,14.703411102294922,14.703411102294922,192000,0.0,0.0
2024-01-26 00:00:00+08:00,14.750237357231878,14.84389001516789,14.516106605529785,14.516106605529785,150000,0.0,0.0
2024-01-29 00:00:00+08:00,14.609759330749512,14.70341109597889,14.469280343198532,14.609759330749512,82000,0.0,0.0
2024-01-30 00:00:00+08:00,14.797063686199884,14.89071545099796,14.516106605529785,14.516106605529785,65000,0.0,0.0
2024-01-31 00:00:00+08:00,14.516106672382193,14.609759330749512,14.516106672382193,14.609759330749512,56000,0.0,0.0
2024-02-01 00:00:00+08:00,14.75023742516255,14.75023742516255,14.375628577969154,14.609759330749512,75000,0.0,0.0
2024-02-02 00:00:00+08:00,14.79706375434621,14.79706375434621,14.516106672382193,14.609759330749512,73000,0.0,0.0
2024-02-05 00:00:00+08:00,14.656584845029945,15.31215167082462,14.656584845029945,14.890715599060059,392000,0.0,0.0
2024-02-15 00:00:00+08:00,15.358977242298048,15.405804465281744,14.98436838980803,15.078021049499512,369000,0.0,0.0
2024-02-16 00:00:00+08:00,15.26532462047874,15.593108037074181,15.124846523730957,15.218499183654785,400000,0.0,0.0
2024-02-19 00:00:00+08:00,15.452630071315125,15.639935392750528,15.358977410597422,15.405804634094238,310000,0.0,0.0
2024-02-20 00:00:00+08:00,15.49945550853601,15.593108169253712,15.26532474987972,15.405804634094238,198000,0.0,0.0
2024-02-21 00:00:00+08:00,15.593107249032697,15.686759904223525,15.358976504193539,15.546281814575195,305000,0.0,0.0
2024-02-22 00:00:00+08:00,15.546282675291234,15.780413433092983,15.499455451965332,15.499455451965332,157000,0.0,0.0
2024-02-23 00:00:00+08:00,15.546282666544531,15.546282666544531,15.265324685574953,15.312151908874512,243000,0.0,0.0
2024-02-26 00:00:00+08:00,15.358976504193539,15.920890649062681,15.358976504193539,15.546281814575195,303000,0.0,0.0
2024-02-27 00:00:00+08:00,15.546282703576061,15.827238898938958,15.358977382483511,15.452630043029785,148000,0.0,0.0
2024-02-29 00:00:00+08:00,15.452629159384367,15.686759904223525,15.452629159384367,15.546281814575195,90000,0.0,0.0
2024-03-01 00:00:00+08:00,15.546282732032827,15.593108169253712,15.312151973376537,15.405804634094238,134000,0.0,0.0
2024-03-04 00:00:00+08:00,15.405804569197704,15.452630006221339,15.312151908874512,15.312151908874512,108000,0.0,0.0
2024-03-05 00:00:00+08:00,15.405802627860126,15.546280707504835,15.218497330816719,15.358975410461426,90000,0.0,0.0
2024-03-06 00:00:00+08:00,15.546282675291234,15.546282675291234,15.405804577865371,15.499455451965332,99000,0.0,0.0
2024-03-07 00:00:00+08:00,15.358977141232543,15.45262980030777,14.469280452569686,14.937541961669922,478000,0.0,0.0
2024-03-08 00:00:00+08:00,15.218498902573726,15.218498902573726,14.562932974628907,14.656584739685059,142000,0.0,0.0
2024-03-11 00:00:00+08:00,14.516106678617765,14.843890089906246,14.516106678617765,14.703411102294922,52000,0.0,0.0
2024-03-12 00:00:00+08:00,14.656584699295864,14.656584699295864,14.375628511763704,14.516106605529785,168000,0.0,0.0
2024-03-13 00:00:00+08:00,15.078020766869983,15.078020766869983,14.422453947593771,14.516106605529785,78000,0.0,0.0
2024-03-14 00:00:00+08:00,14.469280235909466,14.469280235909466,14.328802142538066,14.375628471374512,115000,0.0,0.0
2024-03-15 00:00:00+08:00,14.562932824706728,14.562932824706728,14.235149417539807,14.281975746154785,93000,0.0,0.0
2024-03-18 00:00:00+08:00,14.281975746154785,14.281975746154785,14.281975746154785,14.281975746154785,0,0.0,0.0
2024-03-19 00:00:00+08:00,14.328801998073404,14.328801998073404,14.04784492102531,14.094671249389648,181000,0.0,0.0
2024-03-20 00:00:00+08:00,14.047844886779785,14.141497543280153,14.047844886779785,14.047844886779785,117000,0.0,0.0
2024-03-21 00:00:00+08:00,14.141497611999512,14.141497611999512,14.047844955044045,14.141497611999512,66000,0.0,0.0
2024-03-22 00:00:00+08:00,14.047844886779785,14.047844886779785,13.954192230279416,14.047844886779785,78000,0.0,0.0
2024-03-25 00:00:00+08:00,14.047844886779785,14.047844886779785,14.047844886779785,14.047844886779785,0,0.0,0.0
2024-03-26 00:00:00+08:00,14.094671145618804,14.094671145618804,13.907366726678397,13.954192161560059,79000,0.0,0.0
2024-03-27 00:00:00+08:00,14.001018524169922,14.141497508575727,13.954192196034652,14.001018524169922,53000,0.0,0.0
2024-03-28 00:00:00+08:00,14.141498437824561,14.188323875898844,13.766888681264438,13.860541343688965,221000,0.0,0.0
2024-03-29 00:00:00+08:00,13.860540320304663,13.860540320304663,13.766887664794922,13.766887664794922,50000,0.0,0.0
2024-04-01 00:00:00+08:00,13.766887664794922,13.860540320304663,13.579583246913355,13.766887664794922,97000,0.0,0.0
2024-04-02 00:00:00+08:00,13.766887655558506,13.766887655558506,13.673235893249512,13.673235893249512,83000,0.0,0.0
2024-04-03 00:00:00+08:00,13.673235979718411,13.766887742619653,13.673235979718411,13.954192161560059,34000,0.0,0.0
2024-04-08 00:00:00+08:00,13.766887664794922,14.001018410431358,13.626409574668225,13.766887664794922,342000,0.0,0.0
2024-04-09 00:00:00+08:00,14.001018489579641,14.001018489579641,13.860540398658816,13.954192161560059,56000,0.0,0.0
2024-04-10 00:00:00+08:00,14.001018515700475,14.047844843807418,13.907366752624512,13.907366752624512,53000,0.0,0.0
2024-04-11 00:00:00+08:00,13.907366683150833,14.001018445758962,13.813714027404785,13.813714027404785,60000,0.0,0.0
2024-04-12 00:00:00+08:00,13.860540500705893,14.094671249389648,13.813714172341557,14.094671249389648,45000,0.0,0.0
2024-04-15 00:00:00+08:00,14.094671215029969,14.141497543280153,14.001018558529601,14.047844886779785,40000,0.0,0.0
2024-04-16 00:00:00+08:00,14.001018445758962,14.001018445758962,13.766887699531763,13.813714027404785,35000,0.0,0.0
2024-04-17 00:00:00+08:00,13.907366638728869,13.954192073314408,13.673235893249512,13.673235893249512,80000,0.0,0.0
2024-04-18 00:00:00+08:00,13.813714027404785,13.86054035527781,13.720061371658739,13.813714027404785,12000,0.0,0.0
2024-04-19 00:00:00+08:00,13.720061302185059,13.76688762982097,13.62640954005115,13.720061302185059,59000,0.0,0.0
2024-04-22 00:00:00+08:00,13.766887742619653,14.047844817599222,13.766887742619653,13.954192161560059,55000,0.0,0.0
2024-04-23 00:00:00+08:00,14.001018489579641,14.001018489579641,13.860540398658816,13.954192161560059,27000,0.0,0.0
2024-04-24 00:00:00+08:00,14.001018489579641,14.001018489579641,13.813714070639236,13.954192161560059,37000,0.0,0.0
2024-04-25 00:00:00+08:00,13.86054042451757,13.907366752624512,13.813714096410628,13.907366752624512,40000,0.0,0.0
2024-04-26 00:00:00+08:00,13.860541343688965,13.95419311297551,13.860541343688965,13.860541343688965,39000,0.0,0.0
2024-04-29 00:00:00+08:00,13.954192187593533,13.954192187593533,13.86054042451757,13.907366752624512,18000,0.0,0.0
2024-04-30 00:00:00+08:00,13.907366761037308,14.141497508575727,13.860540432902038,14.001018524169922,55000,0.0,0.0
2024-05-02 00:00:00+08:00,14.001018592660975,14.281975669709066,13.907366829070229,14.094671249389648,75000,0.0,0.0
2024-05-03 00:00:00+08:00,14.188323047339315,14.235149375817047,14.141497611999512,14.141497611999512,74000,0.0,0.0
2024-05-06 00:00:00+08:00,14.235149692641423,14.98436828554633,14.235149692641423,14.843890190124512,391000,0.0,0.0
2024-05-07 00:00:00+08:00,15.733585024625427,15.780412244424042,14.937541043944748,14.984367370605469,720000,0.0,0.0
2024-05-08 00:00:00+08:00,15.031193688314788,15.218499005975614,14.609759402991768,14.797063827514648,271000,0.0,0.0
2024-05-09 00:00:00+08:00,14.79706379421461,14.937541889006145,14.656584806285132,14.750237464904785,87000,0.0,0.0
2024-05-10 00:00:00+08:00,14.890715559696318,14.890715559696318,14.703411135594958,14.750237464904785,62000,0.0,0.0
2024-05-13 00:00:00+08:00,14.79706295710048,15.031192804128295,14.79706295710048,14.984367370605469,141000,0.0,0.0
2024-05-14 00:00:00+08:00,15.078020950282761,15.124846386682425,14.843890195732644,14.937541961669922,245000,0.0,0.0
2024-05-15 00:00:00+08:00,14.984367512626765,15.218498255011559,14.937541185522226,15.171672821044922,344000,0.0,0.0
2024-05-16 00:00:00+08:00,15.171672821044922,15.312150909220636,15.078020166835843,15.171672821044922,275000,0.0,0.0
2024-05-17 00:00:00+08:00,15.218499117954575,15.218499117954575,15.124846458435059,15.124846458435059,113000,0.0,0.0
2024-05-20 00:00:00+08:00,15.218499248551318,15.452630006221339,15.171673811527683,15.312151908874512,338000,0.0,0.0
2024-05-21 00:00:00+08:00,15.49945341223176,15.49945341223176,15.2653226852417,15.2653226852417,189000,0.0,0.0
2024-05-22 00:00:00+08:00,15.49945548016496,15.49945548016496,15.171673847666888,15.452630043029785,139000,0.0,0.0
2024-05-23 00:00:00+08:00,15.265324448253061,15.265324448253061,14.890715599060059,14.890715599060059,158000,0.0,0.0
2024-05-24 00:00:00+08:00,14.797063833330782,15.078020916794507,14.797063833330782,14.890715599060059,189000,0.0,0.0
2024-05-27 00:00:00+08:00,14.937540278389456,15.124844682295015,14.890713954128604,15.358975410461426,120000,0.0,0.0
2024-05-28 00:00:00+08:00,15.171673709190994,15.312151805590261,15.031193826515816,15.078021049499512,108000,0.0,0.0
2024-05-29 00:00:00+08:00,15.171672677248353,15.21849811077118,14.984367370605469,14.984367370605469,109000,0.0,0.0
2024-05-30 00:00:00+08:00,15.1248463923255,15.265324487852803,14.984368296798197,15.031193733215332,73000,0.0,0.0
2024-05-31 00:00:00+08:00,15.265324487852803,15.265324487852803,15.031193733215332,15.031193733215332,128000,0.0,0.0
2024-06-03 00:00:00+08:00,15.265324685574953,15.499455443244974,15.031193927904933,15.312151908874512,340000,0.0,0.0
2024-06-04 00:00:00+08:00,15.312151908874512,15.452630006221339,15.171673811527683,15.312151908874512,87000,0.0,0.0
2024-06-05 00:00:00+08:00,15.312151069736037,15.593107249032697,15.265323849002712,15.546281814575195,168000,0.0,0.0
2024-06-06 00:00:00+08:00,15.639935392750528,15.639935392750528,15.26532474987972,15.405804634094238,102000,0.0,0.0
2024-06-07 00:00:00+08:00,15.499455377150353,15.499455377150353,14.984368426983172,15.218499183654785,214000,0.0,0.0
2024-06-11 00:00:00+08:00,15.265324554576381,15.265324554576381,15.078021021813253,15.124846458435059,60000,0.0,0.0
2024-06-12 00:00:00+08:00,15.21849914589878,15.21849914589878,14.98436838980803,15.078021049499512,65000,0.0,0.0
2024-06-13 00:00:00+08:00,15.07802002392691,15.07802002392691,14.937541043944748,14.984367370605469,150000,0.0,0.0
2024-06-14 00:00:00+08:00,14.984368257927283,15.171673575661732,14.890715599060059,14.890715599060059,70000,0.0,0.0
2024-06-17 00:00:00+08:00,14.937541967243112,15.171673615018534,14.937541967243112,15.031193733215332,78000,0.0,0.0
2024-06-18 00:00:00+08:00,14.984368296798197,15.1248463923255,14.984368296798197,15.031193733215332,73000,0.0,0.0
2024-06-19 00:00:00+08:00,15.124846486207298,15.265324582606565,14.98436838980803,15.078021049499512,84000,0.0,0.0
2024-06-20 00:00:00+08:00,15.35897515379779,16.57645599168324,15.07801899920343,16.482803344726562,5760000,0.0,0.0
2024-06-21 00:00:00+08:00,15.967717164409322,16.29550058662767,15.452630205406162,15.780413627624512,2308000,0.0,0.0
2024-06-24 00:00:00+08:00,15.827238898938958,16.108196880577783,15.452630043029785,15.452630043029785,848000,0.0,0.0
2024-06-25 00:00:00+08:00,15.593108367125856,16.201847990101758,15.499455705219727,15.874066352844238,911000,0.0,0.0
2024-06-26 00:00:00+08:00,15.967716083520184,16.06136873871101,15.546281814575195,15.546281814575195,606000,0.0,0.0
2024-06-27 00:00:00+08:00,15.593108112341215,15.780413433092983,15.452630014915352,15.499455451965332,285000,0.0,0.0
2024-06-28 00:00:00+08:00,15.593107249032697,15.87406521460518,15.499454593841868,15.546281814575195,439000,0.0,0.0
2024-07-01 00:00:00+08:00,15.73358640372135,15.87406628915489,15.593108304563756,15.780413627624512,370000,0.0,0.0
2024-07-02 00:00:00+08:00,15.920890720349583,15.920890720349583,15.593107318851924,15.639934539794922,338000,0.0,0.0
2024-07-03 00:00:00+08:00,15.686759904223525,15.827237993871854,15.452629159384367,15.546281814575195,520000,0.0,0.0
2024-07-04 00:00:00+08:00,15.593108103568166,15.593108103568166,15.171673811527683,15.312151908874512,812000,0.0,0.0
2024-07-05 00:00:00+08:00,15.358977382483511,15.546282703576061,15.265324721937237,15.452630043029785,280000,0.0,0.0
2024-07-08 00:00:00+08:00,15.49945466324176,15.967716155016749,15.452629228574594,15.639934539794922,644000,0.0,0.0
2024-07-09 00:00:00+08:00,15.874065285682416,15.874065285682416,15.171673048019935,15.639934539794922,417000,0.0,0.0
2024-07-10 00:00:00+08:00,15.780413627624512,15.827239065251728,15.54628286693654,15.780413627624512,422000,0.0,0.0
2024-07-11 00:00:00+08:00,15.827238038777367,15.967716128824264,15.686759948730469,15.686759948730469,547000,0.0,0.0
2024-07-12 00:00:00+08:00,15.686759923152012,15.827238012969849,15.639934488638009,15.733585357666016,256000,0.0,0.0
2024-07-15 00:00:00+08:00,15.827238064739419,15.874065285682416,15.639934539794922,15.639934539794922,324000,0.0,0.0
2024-07-16 00:00:00+08:00,15.733585312929144,15.780412533585826,15.546281789129882,15.593107223510742,161000,0.0,0.0
2024-07-17 00:00:00+08:00,15.593107223510742,15.686759878548283,15.546281789129882,15.593107223510742,151000,0.0,0.0
2024-07-18 00:00:00+08:00,15.639935335667118,15.686760772717099,15.312151917489487,15.499455451965332,682000,0.0,0.0
2024-07-19 00:00:00+08:00,15.40580450350244,15.546282600250224,15.171673746830828,15.218499183654785,405000,0.0,0.0
2024-07-22 00:00:00+08:00,15.265324685574953,15.405804569197704,15.171673811527683,15.312151908874512,370000,0.0,0.0
2024-07-23 00:00:00+08:00,15.358975410461426,15.546280707504835,15.312149979338423,15.358975410461426,353000,0.0,0.0
2024-07-26 00:00:00+08:00,15.312149902405125,15.49945341223176,15.218497254353963,15.2653226852417,503000,0.0,0.0
2024-07-29 00:00:00+08:00,15.358977345898147,15.452630006221339,15.171673811527683,15.312151908874512,390000,0.0,0.0
2024-07-30 00:00:00+08:00,15.312149979338423,15.45262805898313,15.218497330816719,15.358975410461426,366000,0.0,0.0
2024-07-31 00:00:00+08:00,15.452630014915352,15.686760772717099,15.405804577865371,15.499455451965332,383000,0.0,0.0
2024-08-01 00:00:00+08:00,15.639934693479312,16.061368968452488,15.405803945291154,16.014543533325195,503000,0.0,0.0
2024-08-02 00:00:00+08:00,15.967716353926875,16.15502166748047,15.686760169872338,16.15502166748047,662000,0.0,0.0
2024-08-05 00:00:00+08:00,16.155022210341233,16.34232753018889,15.218499183654785,15.218499183654785,923000,0.0,0.0
2024-08-06 00:00:00+08:00,15.452630071315125,15.639935392750528,14.516107036689965,15.405804634094238,440000,0.0,0.0
2024-08-07 00:00:00+08:00,15.546282259537628,16.810588675110953,15.546282259537628,16.670108795166016,1602000,0.0,0.0
2024-08-08 00:00:00+08:00,16.62328323510946,17.18519739186129,15.92089098573864,16.248674392700195,2229000,0.0,0.0
2024-08-09 00:00:00+08:00,16.34232695449097,16.62328313808918,16.10819620606718,16.201847076416016,794000,0.0,0.0
2024-08-12 00:00:00+08:00,16.389151243382543,16.389151243382543,15.827237129211426,15.827237129211426,533000,0.0,0.0
2024-08-13 00:00:00+08:00,16.1550216412416,16.248674297866284,16.014543549442493,16.201847076416016,333000,0.0,0.0
2024-08-14 00:00:00+08:00,16.248675155417423,16.248675155417423,15.920891733069622,15.967717170715332,356000,0.0,0.0
2024-08-15 00:00:00+08:00,15.967717170715332,16.201847931495767,15.967717170715332,15.967717170715332,178000,0.0,0.0
2024-08-16 00:00:00+08:00,16.10819618985563,16.155021624982922,15.920890876794761,16.014543533325195,203000,0.0,0.0
2024-08-19 00:00:00+08:00,15.967716128824264,15.967716128824264,15.593107293273926,15.686759948730469,397000,0.0,0.0
2024-08-20 00:00:00+08:00,15.827237129211426,15.967715211185274,15.733584479136951,15.827237129211426,142000,0.0,0.0
2024-08-21 00:00:00+08:00,15.78041177179426,16.201846019704938,15.78041177179426,15.920889854431152,486000,0.0,0.0
2024-08-22 00:00:00+08:00,16.108196273873777,16.389152458654657,16.06136905222639,16.295499801635742,565000,0.0,0.0
2024-08-23 00:00:00+08:00,16.295500015423706,17.887589846804982,16.295500015423706,16.763761520385742,6158000,0.0,0.0
2024-08-26 00:00:00+08:00,16.951065419744026,18.402675249259023,16.81058733725479,17.70028305053711,5757000,0.0,0.0
2024-08-27 00:00:00+08:00,17.325676137595835,18.543155367889497,17.325676137595835,17.840763092041016,3480000,0.0,0.0
2024-08-28 00:00:00+08:00,17.793935671967056,17.981240972498053,17.32567420691529,17.51297950744629,1343000,0.0,0.0
2024-08-29 00:00:00+08:00,17.51298154985117,18.028068506968463,17.372501664931963,17.887590408325195,788000,0.0,0.0
2024-08-30 00:00:00+08:00,18.02806840531188,18.02806840531188,17.559806888290794,17.653459548950195,642000,0.0,0.0
2024-09-02 00:00:00+08:00,17.700286569280053,17.700286569280053,16.4359800029866,16.90424156188965,928000,0.0,0.0
2024-09-03 00:00:00+08:00,17.091544958770818,17.232023053231565,16.52963079465194,16.716936111450195,419000,0.0,0.0
2024-09-04 00:00:00+08:00,16.248674297866284,16.529630481464494,15.82723823619312,16.201847076416016,518000,0.0,0.0
2024-09-05 00:00:00+08:00,16.535416770194765,17.440813119648425,16.535416770194765,16.821331024169922,825000,0.3,0.0
2024-09-06 00:00:00+08:00,17.154896530112723,17.154896530112723,16.77367697078098,16.868982315063477,204000,0.0,0.0
2024-09-09 00:00:00+08:00,16.44011001283234,16.773677825927734,16.44011001283234,16.773677825927734,160000,0.0,0.0
2024-09-10 00:00:00+08:00,17.059591862832537,17.107245445764022,16.344804479045155,16.583066940307617,396000,0.0,0.0
2024-09-11 00:00:00+08:00,16.773677928657257,16.91663504434558,16.201847648105623,16.344804763793945,397000,0.0,0.0
2024-09-12 00:00:00+08:00,16.583067229207263,16.630720812968935,16.201847648105623,16.344804763793945,549000,0.0,0.0
2024-09-13 00:00:00+08:00,16.392459562821372,16.678373815394455,16.392459562821372,16.630722045898438,146000,0.0,0.0
2024-09-16 00:00:00+08:00,16.868982315063477,17.0119394225881,16.821328734023105,16.868982315063477,279000,0.0,0.0
2024-09-18 00:00:00+08:00,16.916634078305602,17.107244766870597,16.868982315063477,16.868982315063477,172000,0.0,0.0
2024-09-19 00:00:00+08:00,17.05959148702477,17.345507524920233,16.916634376976173,17.250202178955078,190000,0.0,0.0
2024-09-20 00:00:00+08:00,17.393159968908073,17.393159968908073,16.96428680419922,16.96428680419922,320000,0.0,0.0
2024-09-23 00:00:00+08:00,17.011940289881824,17.011940289881824,16.773677825927734,16.773677825927734,189000,0.0,0.0
2024-09-24 00:00:00+08:00,16.82132997902189,16.96428709712721,16.678372860916568,16.726024627685547,224000,0.0,0.0
2024-09-25 00:00:00+08:00,16.868983175069037,16.916634940740522,16.773677825927734,16.773677825927734,89000,0.0,0.0
2024-09-26 00:00:00+08:00,17.01194104555102,17.536117762414577,17.01194104555102,17.10724639892578,429000,0.0,0.0
2024-09-27 00:00:00+08:00,17.29785432880348,17.345507911747937,17.059591867476165,17.20254898071289,293000,0.0,0.0
2024-09-30 00:00:00+08:00,17.202550023330378,17.297855377197266,17.10724648726192,17.297855377197266,135000,0.0,0.0
2024-10-01 00:00:00+08:00,17.488466084931037,17.488466084931037,17.202550023330378,17.297855377197266,142000,0.0,0.0
2024-10-04 00:00:00+08:00,17.2978546192174,17.2978546192174,16.91663503825306,16.96428680419922,232000,0.0,0.0
2024-10-07 00:00:00+08:00,17.25020198310113,17.345507327984215,17.01193952979255,17.05959129333496,273000,0.0,0.0
2024-10-08 00:00:00+08:00,17.34550721867772,17.34550721867772,16.868982315063477,16.868982315063477,254000,0.0,0.0
2024-10-09 00:00:00+08:00,17.05959342475806,17.107247012052564,16.392459562821372,16.630722045898438,369000,0.0,0.0
2024-10-11 00:00:00+08:00,16.678373640862063,16.868984352448447,16.44011116027832,16.44011116027832,252000,0.0,0.0
2024-10-14 00:00:00+08:00,16.53541546324394,16.53541546324394,16.297152997830622,16.344804763793945,128000,0.0,0.0
2024-10-15 00:00:00+08:00,16.487761879482264,16.630720812968935,16.344804763793945,16.344804763793945,123000,0.0,0.0
2024-10-16 00:00:00+08:00,16.344804379395182,16.48776149172142,16.344804379395182,16.392457962036133,39000,0.0,0.0
2024-10-17 00:00:00+08:00,16.440108781720145,16.630719465728937,16.440108781720145,16.487760543823242,79000,0.0,0.0
2024-10-18 00:00:00+08:00,16.53541536197364,16.964286706412004,16.53541536197364,16.773677825927734,220000,0.0,0.0
2024-10-21 00:00:00+08:00,16.77367754251309,17.25020246236972,16.77367754251309,17.011940002441406,273000,0.0,0.0
2024-10-22 00:00:00+08:00,17.01194104555102,17.345508873463476,17.01194104555102,17.10724639892578,361000,0.0,0.0
2024-10-23 00:00:00+08:00,17.154897402410636,17.53611698112676,17.154897402410636,17.393159866333008,572000,0.0,0.0
2024-10-24 00:00:00+08:00,17.44081249909838,17.631423206832153,17.250203609163037,17.297855377197266,298000,0.0,0.0
2024-10-25 00:00:00+08:00,17.297854807008157,17.48846550845883,17.059592339094,17.154897689819336,329000,0.0,0.0
2024-10-28 00:00:00+08:00,17.202548879705073,17.34550780990071,16.96428641977676,17.011940002441406,121000,0.0,0.0
2024-10-29 00:00:00+08:00,17.154897503580568,17.25020285327124,16.821329688562386,16.96428680419922,231000,0.0,0.0
2024-10-30 00:00:00+08:00,16.964287280589982,17.15489798532405,16.868983746021346,16.916635513305664,190000,0.0,0.0
2024-11-01 00:00:00+08:00,16.916635513305664,16.916635513305664,16.72602480857159,16.916635513305664,88000,0.0,0.0
2024-11-04 00:00:00+08:00,16.91663612144581,17.15489860202955,16.39245939128096,16.44011116027832,518000,0.0,0.0
2024-11-05 00:00:00+08:00,16.487762929275682,16.6307218718647,16.39245939128096,16.44011116027832,88000,0.0,0.0
2024-11-06 00:00:00+08:00,16.44011116027832,16.678373640862063,16.39245939128096,16.44011116027832,124000,0.0,0.0
2024-11-07 00:00:00+08:00,16.48776159224297,16.678372288372266,16.440109827109804,16.583066940307617,66000,0.0,0.0
2024-11-08 00:00:00+08:00,16.583065885827637,16.821328331939522,16.487760543823242,16.487760543823242,161000,0.0,0.0
2024-11-11 00:00:00+08:00,16.20184688122372,16.29715222643763,15.963584427088076,16.0112361907959,298000,0.0,0.0
2024-11-12 00:00:00+08:00,16.011237347431493,16.011237347431493,15.391755285487715,15.582365989685059,438000,0.0,0.0
2024-11-13 00:00:00+08:00,15.630017847270857,15.82062855257108,15.630017847270857,15.677671432495117,65000,0.0,0.0
2024-11-14 00:00:00+08:00,15.772974783697954,16.011237253649877,15.248798076923077,15.487060546875,261000,0.0,0.0
2024-11-15 00:00:00+08:00,15.53471231374603,15.725323016826923,15.487060546875,15.487060546875,116000,0.0,0.0
2024-11-18 00:00:00+08:00,15.487059876322746,15.582365223736701,15.248797416687012,15.248797416687012,146000,0.0,0.0
2024-11-19 00:00:00+08:00,15.248797894952501,15.344103245355628,15.201145219750938,15.296449661254883,131000,0.0,0.0
2024-11-20 00:00:00+08:00,15.34410285949707,15.439408207503549,15.15349216348411,15.34410285949707,132859,0.0,0.0
2024-11-21 00:00:00+08:00,15.34410285949707,15.39175462460115,15.24879751149059,15.34410285949707,23000,0.0,0.0
2024-11-22 00:00:00+08:00,15.630016425732196,15.915932457678673,15.344102211583959,15.725321769714355,146000,0.0,0.0
2024-11-25 00:00:00+08:00,15.820627013663394,15.820627013663394,15.630016326904297,15.630016326904297,9000,0.0,0.0
2024-11-26 00:00:00+08:00,16.011237347431493,16.011237347431493,15.487060637586387,15.582365989685059,70000,0.0,0.0
2024-11-27 00:00:00+08:00,15.868278664107036,15.868278664107036,15.39175376838131,15.439407348632812,75000,0.0,0.0
2024-11-28 00:00:00+08:00,15.39175462460115,15.39175462460115,15.15349216348411,15.34410285949707,74000,0.0,0.0
2024-11-29 00:00:00+08:00,15.15349216348411,15.34410285949707,15.05818772437679,15.34410285949707,89000,0.0,0.0
2024-12-02 00:00:00+08:00,15.296449181494836,15.391754528908791,15.105840304465232,15.248797416687012,101000,0.0,0.0
2024-12-03 00:00:00+08:00,15.248797894952501,15.439408595758753,15.201145219750938,15.296449661254883,44000,0.0,0.0
2024-12-04 00:00:00+08:00,15.487059876322746,15.487059876322746,15.201144742980034,15.248797416687012,59000,0.0,0.0
2024-12-05 00:00:00+08:00,15.248797894952501,15.344103245355628,15.201145219750938,15.296449661254883,32000,0.0,0.0
2024-12-06 00:00:00+08:00,15.344103245355628,15.391755011658008,15.153492544549374,15.296449661254883,87000,0.0,0.0
2024-12-09 00:00:00+08:00,15.296449470009687,15.296449470009687,14.915229890961777,15.01053524017334,112000,0.0,0.0
2024-12-10 00:00:00+08:00,15.01053524017334,15.201145029697296,15.01053524017334,15.01053524017334,61000,0.0,0.0
2024-12-11 00:00:00+08:00,15.01053524017334,15.296449470009687,15.01053524017334,15.01053524017334,32000,0.0,0.0
2024-12-12 00:00:00+08:00,15.058187914779122,15.105840589384902,15.01053524017334,15.01053524017334,17000,0.0,0.0
2024-12-13 00:00:00+08:00,14.96288227422907,15.010534947907017,14.629315376281738,14.629315376281738,97000,0.0,0.0
2024-12-16 00:00:00+08:00,14.629315266157507,14.676967030577597,13.86687521974717,13.914527893066406,492000,0.0,0.0
2024-12-17 00:00:00+08:00,14.009832905171466,14.105138255717204,13.819223112979177,14.057485580444336,44000,0.0,0.0
2024-12-18 00:00:00+08:00,14.057485055696203,14.057485055696203,13.962179708708094,14.009832382202148,40000,0.0,0.0
2024-12-19 00:00:00+08:00,13.962179708708094,14.057485055696203,13.81922259712508,14.009832382202148,41000,0.0,0.0
2024-12-20 00:00:00+08:00,14.009832812592249,14.105138162508192,13.962180137634277,13.962180137634277,20000,0.0,0.0
2024-12-23 00:00:00+08:00,14.10513839406851,14.29574818813041,14.10513839406851,14.248095512390137,89000,0.0,0.0
2024-12-24 00:00:00+08:00,14.248095603112805,14.343400955200195,14.10513848388092,14.343400955200195,75000,0.0,0.0
2024-12-25 00:00:00+08:00,14.391053199768066,14.438704965483858,14.295747850538143,14.391053199768066,32000,0.0,0.0
2024-12-26 00:00:00+08:00,14.391053677039801,14.534010796726612,14.391053677039801,14.438705444335938,70000,0.0,0.0
2024-12-27 00:00:00+08:00,14.486357688903809,14.534010363679315,14.391053248251973,14.486357688903809,22000,0.0,0.0
2024-12-30 00:00:00+08:00,14.486358074432081,14.486358074432081,14.2957482791565,14.343400955200195,63000,0.0,0.0
2024-12-31 00:00:00+08:00,14.2957482791565,14.343400955200195,14.10513848388092,14.343400955200195,50000,0.0,0.0
2025-01-02 00:00:00+08:00,14.200442697363757,14.248095372636625,13.962180229898598,14.057485580444336,121000,0.0,0.0
2025-01-03 00:00:00+08:00,14.15279040268431,14.15279040268431,13.866875270619134,14.009832382202148,95000,0.0,0.0
2025-01-06 00:00:00+08:00,14.20044278993873,14.295748141105777,14.057485672087347,14.152791023254395,46000,0.0,0.0
2025-01-07 00:00:00+08:00,14.391053492272825,14.391053492272825,14.057485672087347,14.152791023254395,41000,0.0,0.0
2025-01-08 00:00:00+08:00,14.105137825012207,14.152790498829985,14.00983247737665,14.105137825012207,36000,0.0,0.0
2025-01-09 00:00:00+08:00,14.105138162508192,14.105138162508192,13.962180137634277,13.962180137634277,49000,0.0,0.0
2025-01-10 00:00:00+08:00,14.391053303356845,14.391053303356845,13.914528371575482,13.962180137634277,29000,0.0,0.0
2025-01-13 00:00:00+08:00,13.914528371575482,14.009832812592249,13.86687569661751,13.962180137634277,32000,0.0,0.0
2025-01-14 00:00:00+08:00,14.152790837466164,14.152790837466164,13.962180137634277,13.962180137634277,29000,0.0,0.0
2025-01-15 00:00:00+08:00,14.105137825012207,14.248094937566385,13.962179803558872,14.105137825012207,29000,0.0,0.0
2025-01-16 00:00:00+08:00,14.200442836649863,14.343400863870682,14.10513839406851,14.248095512390137,35000,0.0,0.0
2025-01-17 00:00:00+08:00,14.20044231414795,14.295747662121759,14.20044231414795,14.20044231414795,39000,0.0,0.0
2025-01-20 00:00:00+08:00,14.438705398388386,14.438705398388386,14.2957482791565,14.343400955200195,40000,0.0,0.0
2025-01-21 00:00:00+08:00,14.343401000844464,14.486358120531275,14.343401000844464,14.438705444335938,44000,0.0,0.0
2025-01-22 00:00:00+08:00,14.534010456633593,14.676967572975235,14.48635778155332,14.581663131713867,161000,0.0,0.0
2025-02-03 00:00:00+08:00,14.58166347292195,14.58166347292195,14.343401000844464,14.438705444335938,71900,0.0,0.0
2025-02-04 00:00:00+08:00,14.629316149117287,14.629316149117287,14.438705444335938,14.438705444335938,28082,0.0,0.0
2025-02-05 00:00:00+08:00,14.62931594595812,14.819925739193247,14.62931594595812,14.772273063659668,53050,0.0,0.0
2025-02-06 00:00:00+08:00,14.772272634079707,14.91522974762404,14.772272634079707,14.819925308227539,36000,0.0,0.0
2025-02-07 00:00:00+08:00,14.91523003070484,15.20114517211914,14.91523003070484,15.20114517211914,63074,0.0,0.0
2025-02-10 00:00:00+08:00,15.05818805586158,15.296449613324455,15.05818805586158,15.20114517211914,33068,0.0,0.0
2025-02-11 00:00:00+08:00,15.153492497066894,15.248797847171387,15.05818805586158,15.20114517211914,51000,0.0,0.0
2025-02-12 00:00:00+08:00,15.248797416687012,15.296449181494836,15.153492069273057,15.248797416687012,41000,0.0,0.0
2025-02-13 00:00:00+08:00,15.248797416687012,15.344102764100967,15.105840304465232,15.248797416687012,88011,0.0,0.0
2025-02-14 00:00:00+08:00,15.248797894952501,15.344103245355628,15.201145219750938,15.296449661254883,36000,0.0,0.0
2025-02-17 00:00:00+08:00,15.344103245355628,15.344103245355628,15.105840778246995,15.296449661254883,28000,0.0,0.0
2025-02-18 00:00:00+08:00,15.248798280363221,15.296450047869993,15.15349292755127,15.15349292755127,36001,0.0,0.0
2025-02-19 00:00:00+08:00,15.201145558304919,15.201145558304919,15.058188438415527,15.058188438415527,52000,0.0,0.0
2025-02-20 00:00:00+08:00,15.105840682983398,15.201145123886313,15.105840682983398,15.105840682983398,34125,0.0,0.0
2025-02-21 00:00:00+08:00,15.153492448985268,15.201145123886313,15.058188008082352,15.105840682983398,31000,0.0,0.0
2025-02-24 00:00:00+08:00,15.058188347556136,15.153492790607608,14.915230319630135,14.962882995605469,132000,0.0,0.0
2025-02-25 00:00:00+08:00,14.91523027339816,14.962882949225788,14.534010684575529,14.867578506469727,123000,0.0,0.0
2025-02-26 00:00:00+08:00,14.915229797363281,15.201144934304576,14.819925357648959,14.915229797363281,123000,0.0,0.0
2025-02-27 00:00:00+08:00,15.05818782028351,15.105840494590254,14.867578031955702,14.915229797363281,61001,0.0,0.0
2025-03-03 00:00:00+08:00,15.153492069273057,15.248797416687012,14.81992517112252,15.248797416687012,60260,0.0,0.0
2025-03-04 00:00:00+08:00,15.058188103045431,15.296449661254883,14.867578311138361,15.296449661254883,54044,0.0,0.0
2025-03-05 00:00:00+08:00,15.248797416687012,15.344102764100967,15.201144742980034,15.248797416687012,47000,0.0,0.0
2025-03-06 00:00:00+08:00,15.34410319727588,15.34410319727588,15.20114517211914,15.20114517211914,60021,0.0,0.0
2025-03-07 00:00:00+08:00,15.20114483748735,15.39175462460115,15.20114483748735,15.34410285949707,82509,0.0,0.0
2025-03-10 00:00:00+08:00,15.344102764100967,15.344102764100967,15.248797416687012,15.248797416687012,24150,0.0,0.0
2025-03-11 00:00:00+08:00,15.105841114678393,15.153492882042055,15.010535762152664,15.058188438415527,153890,0.0,0.0
2025-03-12 00:00:00+08:00,15.058188008082352,15.201145123886313,15.058188008082352,15.105840682983398,39007,0.0,0.0
2025-03-13 00:00:00+08:00,15.153492355091513,15.248797704303076,15.01053524017334,15.01053524017334,41021,0.0,0.0
2025-03-14 00:00:00+08:00,15.058187914779122,15.058187914779122,15.01053524017334,15.01053524017334,9010,0.0,0.0
2025-03-17 00:00:00+08:00,15.105840589384902,15.105840589384902,15.01053524017334,15.01053524017334,57000,0.0,0.0
2025-03-18 00:00:00+08:00,15.058188347556136,15.153492790607608,14.962882995605469,14.962882995605469,36111,0.0,0.0
2025-03-19 00:00:00+08:00,15.010535095919703,15.010535095919703,14.819925308227539,14.819925308227539,68175,0.0,0.0
2025-03-20 00:00:00+08:00,14.962882995605469,14.962882995605469,14.867578552553997,14.962882995605469,34000,0.0,0.0
2025-03-21 00:00:00+08:00,14.962882949225788,15.058188300881042,14.819925830642099,14.867578506469727,72072,0.0,0.0
2025-03-24 00:00:00+08:00,14.962882471670024,15.05818782028351,14.915229797363281,14.915229797363281,11029,0.0,0.0
2025-03-25 00:00:00+08:00,14.915229797363281,14.962882471670024,14.867578031955702,14.915229797363281,16124,0.0,0.0
2025-03-26 00:00:00+08:00,14.962882658280261,15.105840682983398,14.962882658280261,15.105840682983398,15100,0.0,0.0
2025-03-27 00:00:00+08:00,15.153492743637104,15.153492743637104,14.867578506469727,14.867578506469727,29025,0.0,0.0
2025-03-28 00:00:00+08:00,14.86757773812741,14.915229502593245,14.53400993347168,14.53400993347168,87000,0.0,0.0
2025-03-31 00:00:00+08:00,14.2957482791565,14.343400955200195,14.009833131793531,14.343400955200195,130280,0.0,0.0
2025-04-01 00:00:00+08:00,14.391053631243889,14.486358074432081,14.343400955200195,14.343400955200195,28180,0.0,0.0
2025-04-02 00:00:00+08:00,14.53401031471378,14.53401031471378,14.343400525153106,14.391053199768066,14000,0.0,0.0
2025-04-07 00:00:00+08:00,12.961477858232948,13.104434967041016,12.961477858232948,13.104434967041016,789361,0.0,0.0
2025-04-08 00:00:00+08:00,12.58025738657955,13.247392075849083,12.58025738657955,13.104434967041016,111100,0.0,0.0
2025-04-09 00:00:00+08:00,12.961478650107782,13.628613380135569,12.627910830644296,13.533308029174805,142967,0.0,0.0
2025-04-10 00:00:00+08:00,13.914528554235966,14.772273079142636,13.914528554235966,14.152791023254395,150665,0.0,0.0
2025-04-11 00:00:00+08:00,13.866875788252045,14.105138255717204,13.866875788252045,14.057485580444336,40155,0.0,0.0
2025-04-14 00:00:00+08:00,14.391053303356845,14.391053303356845,13.962180137634277,13.962180137634277,21000,0.0,0.0
2025-04-15 00:00:00+08:00,14.152790506011447,14.72461986541748,13.819222698016894,14.72461986541748,151494,0.0,0.0
2025-04-16 00:00:00+08:00,14.724620153882158,14.724620153882158,14.343400573476469,14.486357688903809,10000,0.0,0.0
2025-04-17 00:00:00+08:00,14.391053492272825,14.43870525895716,13.9621803209203,14.152791023254395,63035,0.0,0.0
2025-04-18 00:00:00+08:00,14.295747756958008,14.295747756958008,14.05748529434204,14.295747756958008,8067,0.0,0.0
2025-04-21 00:00:00+08:00,14.438704625850338,14.438704625850338,14.009832382202148,14.009832382202148,26000,0.0,0.0
2025-04-22 00:00:00+08:00,14.152790788355045,14.152790788355045,13.866875648498535,13.866875648498535,12000,0.0,0.0
2025-04-23 00:00:00+08:00,13.962179657486496,14.105137677444205,13.914527893066406,13.914527893066406,29158,0.0,0.0
2025-04-24 00:00:00+08:00,14.009832382202148,14.200442167279217,14.009832382202148,14.009832382202148,8000,0.0,0.0
2025-04-25 00:00:00+08:00,14.438704625850338,14.438704625850338,13.914527944113189,14.009832382202148,27166,0.0,0.0
2025-04-28 00:00:00+08:00,14.009832996503825,14.248095465522253,14.009832996503825,14.152791023254395,18010,0.0,0.0
2025-04-29 00:00:00+08:00,14.248095512390137,14.391053539610956,14.248095512390137,14.248095512390137,24205,0.0,0.0
2025-04-30 00:00:00+08:00,14.391053058695379,14.86757798237537,14.391053058695379,14.819925308227539,97100,0.0,0.0
2025-05-02 00:00:00+08:00,14.819925308227539,15.105840444215366,14.676967285784045,14.819925308227539,63231,0.0,0.0
2025-05-05 00:00:00+08:00,14.772272634079707,14.91522974762404,14.724619959931875,14.819925308227539,72000,0.0,0.0
2025-05-06 00:00:00+08:00,14.72462038812609,15.058188207961951,14.62931594595812,14.772273063659668,29000,0.0,0.0
2025-05-07 00:00:00+08:00,14.581662606836662,14.724619718032463,14.53400993347168,14.53400993347168,35550,0.0,0.0
2025-05-08 00:00:00+08:00,14.534010456633593,14.724620248055508,14.534010456633593,14.581663131713867,11000,0.0,0.0
2025-05-09 00:00:00+08:00,14.72462059260876,14.72462059260876,14.438705444335938,14.438705444335938,31617,0.0,0.0
2025-05-12 00:00:00+08:00,14.39105310556406,14.39105310556406,14.24809508265498,14.295747756958008,48500,0.0,0.0
2025-05-13 00:00:00+08:00,14.62931600941313,14.67696777625421,14.248095512390137,14.248095512390137,58153,0.0,0.0
2025-05-14 00:00:00+08:00,14.676967916413423,14.676967916413423,14.295748324649127,14.438705444335938,29083,0.0,0.0
2025-05-15 00:00:00+08:00,14.486357640098818,14.676967429659493,14.343400525153106,14.391053199768066,33097,0.0,0.0
2025-05-16 00:00:00+08:00,14.39105310556406,14.486357545270948,14.105137968645067,14.295747756958008,30000,0.0,0.0
2025-05-19 00:00:00+08:00,14.438705306452038,14.438705306452038,14.248095512390137,14.248095512390137,26050,0.0,0.0
2025-05-20 00:00:00+08:00,14.2957482791565,14.486358074432081,14.2957482791565,14.343400955200195,30000,0.0,0.0
2025-05-21 00:00:00+08:00,14.295748324649127,14.58166347292195,14.152791204962316,14.438705444335938,75000,0.0,0.0
2025-05-22 00:00:00+08:00,14.343400525153106,14.53401031471378,14.295747850538143,14.391053199768066,20467,0.0,0.0
2025-05-23 00:00:00+08:00,14.39105282227588,14.629315280201645,14.39105282227588,14.53400993347168,5100,0.0,0.0
2025-05-26 00:00:00+08:00,14.391053677039801,14.676967916413423,14.295748324649127,14.438705444335938,37000,0.0,0.0
2025-05-27 00:00:00+08:00,14.438704965483858,14.724620104274454,14.391053199768066,14.391053199768066,31320,0.0,0.0
2025-05-28 00:00:00+08:00,14.534010750475774,14.534010750475774,14.343400955200195,14.343400955200195,7106,0.0,0.0
2025-05-29 00:00:00+08:00,14.391053631243889,14.391053631243889,14.343400955200195,14.343400955200195,7000,0.0,0.0
2025-06-02 00:00:00+08:00,14.343400955200195,14.343400955200195,14.248095603112805,14.343400955200195,8002,0.0,0.0
2025-06-03 00:00:00+08:00,14.438704870967921,14.438704870967921,14.295747756958008,14.295747756958008,12000,0.0,0.0
2025-06-04 00:00:00+08:00,14.486358120531275,14.486358120531275,14.295748324649127,14.438705444335938,29000,0.0,0.0
2025-06-05 00:00:00+08:00,14.438705153570238,14.67696762084961,14.295748036762289,14.67696762084961,31110,0.0,0.0
2025-06-06 00:00:00+08:00,14.581662606836662,14.676967044667482,14.53400993347168,14.53400993347168,10000,0.0,0.0
2025-06-09 00:00:00+08:00,14.438705444335938,14.438705444335938,14.438705444335938,14.438705444335938,7269,0.0,0.0
2025-06-10 00:00:00+08:00,14.676967916413423,14.676967916413423,14.438705444335938,14.438705444335938,33000,0.0,0.0
2025-06-11 00:00:00+08:00,14.486357260106699,14.53400993347168,14.343400148910897,14.53400993347168,5000,0.0,0.0
2025-06-12 00:00:00+08:00,14.39105310556406,14.39105310556406,14.295747756958008,14.295747756958008,27326,0.0,0.0
2025-06-13 00:00:00+08:00,14.48635782880595,14.67696762084961,14.248095361526579,14.67696762084961,10000,0.0,0.0
2025-06-16 00:00:00+08:00,14.676967572975235,14.676967572975235,14.581663131713867,14.581663131713867,31414,0.0,0.0
2025-06-17 00:00:00+08:00,14.676967916413423,14.676967916413423,14.438705444335938,14.438705444335938,4166,0.0,0.0
2025-06-18 00:00:00+08:00,14.486358074432081,14.486358074432081,14.343400955200195,14.343400955200195,33059,0.0,0.0
2025-06-19 00:00:00+08:00,14.343400573476469,14.486357688903809,14.343400573476469,14.486357688903809,11001,0.0,0.0
2025-06-20 00:00:00+08:00,14.295747569435255,14.629315376281738,14.248094895757307,14.629315376281738,50210,0.0,0.0
2025-06-23 00:00:00+08:00,14.295748126122259,14.772273063659668,14.24809545058868,14.772273063659668,24232,0.0,0.0
2025-06-24 00:00:00+08:00,14.772273268804097,14.772273268804097,14.295748324649127,14.438705444335938,23075,0.0,0.0
2025-06-25 00:00:00+08:00,14.343400955200195,14.486358074432081,14.2957482791565,14.343400955200195,32179,0.0,0.0
2025-06-26 00:00:00+08:00,14.486358074432081,14.486358074432081,14.343400955200195,14.343400955200195,4605,0.0,0.0
2025-06-27 00:00:00+08:00,14.343400955200195,14.486358074432081,14.343400955200195,14.343400955200195,10039,0.0,0.0
2025-06-30 00:00:00+08:00,14.29574818813041,14.391053539610956,14.248095512390137,14.248095512390137,34084,0.0,0.0
2025-07-01 00:00:00+08:00,14.248095512390137,14.438705306452038,14.248095512390137,14.248095512390137,15081,0.0,0.0
2025-07-02 00:00:00+08:00,14.24809564845379,14.438705444335938,14.24809564845379,14.438705444335938,15014,0.0,0.0
2025-07-03 00:00:00+08:00,14.438705398388386,14.438705398388386,14.343400955200195,14.343400955200195,15209,0.0,0.0
2025-07-04 00:00:00+08:00,14.534010750475774,14.58166342651947,14.343400955200195,14.343400955200195,6100,0.0,0.0
2025-07-07 00:00:00+08:00,14.343400431261033,14.438704870967921,14.105137968645067,14.295747756958008,57000,0.0,0.0
2025-07-08 00:00:00+08:00,14.20044231414795,14.295747662121759,14.20044231414795,14.20044231414795,12178,0.0,0.0
2025-07-09 00:00:00+08:00,14.200442408351954,14.486357545270948,14.200442408351954,14.295747756958008,15000,0.0,0.0
2025-07-10 00:00:00+08:00,14.200442549149955,14.486357688903809,14.200442549149955,14.486357688903809,5003,0.0,0.0
2025-07-11 00:00:00+08:00,14.24809508265498,14.39105310556406,14.24809508265498,14.295747756958008,28747,0.0,0.0
2025-07-14 00:00:00+08:00,14.2957482791565,14.391053631243889,14.2957482791565,14.343400955200195,15700,0.0,0.0
2025-07-15 00:00:00+08:00,14.200442501308222,14.391053199768066,14.200442501308222,14.391053199768066,2000,0.0,0.0
2025-07-16 00:00:00+08:00,14.152791159924615,14.486358074432081,14.10513848388092,14.343400955200195,122000,0.0,0.0
2025-07-17 00:00:00+08:00,14.343400431261033,14.343400431261033,14.295747756958008,14.295747756958008,22000,0.0,0.0
2025-07-18 00:00:00+08:00,14.295747850538143,14.391053199768066,14.248095175923183,14.391053199768066,60000,0.0,0.0
2025-07-21 00:00:00+08:00,14.29574818813041,14.391053539610956,14.248095512390137,14.248095512390137,5000,0.0,0.0
2025-07-22 00:00:00+08:00,14.20044278993873,14.20044278993873,14.152791023254395,14.152791023254395,4945,0.0,0.0
2025-07-23 00:00:00+08:00,14.438704965483858,14.438704965483858,14.248095175923183,14.391053199768066,10004,0.0,0.0
2025-07-24 00:00:00+08:00,14.24809508265498,14.39105310556406,14.24809508265498,14.295747756958008,189100,0.0,0.0
2025-07-25 00:00:00+08:00,14.200442836649863,14.391053539610956,14.200442836649863,14.248095512390137,20000,0.0,0.0
2025-07-28 00:00:00+08:00,14.20044231414795,14.343400336108662,14.152790549060205,14.20044231414795,20250,0.0,0.0
2025-07-29 00:00:00+08:00,14.20044231414795,14.20044231414795,14.1051378750733,14.20044231414795,25000,0.0,0.0
2025-07-30 00:00:00+08:00,14.20044231414795,14.295747662121759,14.152790549060205,14.20044231414795,24000,0.0,0.0
2025-07-31 00:00:00+08:00,14.438705306452038,14.438705306452038,14.152791069808783,14.248095512390137,11000,0.0,0.0
2025-08-04 00:00:00+08:00,14.152791023254395,14.343400816689302,14.152791023254395,14.152791023254395,17167,0.0,0.0
2025-08-05 00:00:00+08:00,14.20044278993873,14.248095465522253,14.152791023254395,14.152791023254395,19014,0.0,0.0
2025-08-06 00:00:00+08:00,13.819222450256348,13.962179560320035,13.676265340192662,13.819222450256348,283496,0.0,0.0
2025-08-07 00:00:00+08:00,13.819222546427934,14.009832330805732,13.819222546427934,13.914527893066406,20023,0.0,0.0
2025-08-08 00:00:00+08:00,13.86687521974717,13.962179657486496,13.819222546427934,13.914527893066406,102232,0.0,0.0
2025-08-11 00:00:00+08:00,13.866875270619134,14.009832382202148,13.866875270619134,14.009832382202148,10260,0.0,0.0
2025-08-12 00:00:00+08:00,14.00983247737665,14.105137825012207,14.00983247737665,14.105137825012207,24000,0.0,0.0
2025-08-13 00:00:00+08:00,14.105137677444205,14.15279035076344,13.7715698731087,13.914527893066406,91100,0.0,0.0
2025-08-14 00:00:00+08:00,13.866875123243958,13.866875123243958,13.676265340192662,13.819222450256348,110013,0.0,0.0
2025-08-15 00:00:00+08:00,13.819222546427934,13.914527893066406,13.7715698731087,13.914527893066406,85844,0.0,0.0
2025-08-18 00:00:00+08:00,13.819222973705921,13.962180089184589,13.819222973705921,13.866875648498535,49000,0.0,0.0
2025-08-19 00:00:00+08:00,13.86687521974717,14.009832330805732,13.86687521974717,13.914527893066406,55000,0.0,0.0
2025-08-20 00:00:00+08:00,13.866875123243958,13.962179560320035,13.819222450256348,13.819222450256348,78009,0.0,0.0
2025-08-21 00:00:00+08:00,13.866875878652442,14.20044278993873,13.866875878652442,14.152791023254395,40075,0.0,0.0
2025-08-22 00:00:00+08:00,13.962179853112588,14.20044231414795,13.914528088024841,14.20044231414795,60200,0.0,0.0
2025-08-25 00:00:00+08:00,14.200442408351954,14.295747756958008,14.105137968645067,14.295747756958008,24121,0.0,0.0
2025-08-26 00:00:00+08:00,14.295747662121759,14.295747662121759,14.152790549060205,14.20044231414795,49002,0.0,0.0
2025-08-27 00:00:00+08:00,14.1051378750733,14.295747662121759,14.1051378750733,14.20044231414795,33045,0.0,0.0
2025-08-28 00:00:00+08:00,14.200442408351954,14.295747756958008,14.152790642948093,14.295747756958008,57210,0.0,0.0
2025-08-29 00:00:00+08:00,14.200442836649863,14.29574818813041,14.200442836649863,14.248095512390137,56105,0.0,0.0
2025-09-01 00:00:00+08:00,14.295747662121759,14.295747662121759,14.057485201086395,14.20044231414795,136235,0.0,0.0
2025-09-02 00:00:00+08:00,14.498354862006861,14.498354862006861,14.150791190787626,14.25009536743164,55192,0.6,0.0
2025-09-03 00:00:00+08:00,14.150791179539725,14.299746497352533,14.101139091257185,14.200443267822266,23000,0.0,0.0
2025-09-04 00:00:00+08:00,14.150791190787626,14.399050685362848,14.150791190787626,14.25009536743164,21040,0.0,0.0
2025-09-05 00:00:00+08:00,14.250095344698485,14.399050662392064,14.15079116821289,14.15079116821289,67105,0.0,0.0
2025-09-08 00:00:00+08:00,14.15079116821289,14.250095344698485,14.15079116821289,14.15079116821289,94043,0.0,0.0
2025-09-09 00:00:00+08:00,14.200443256455687,14.200443256455687,14.15079116821289,14.15079116821289,60000,0.0,0.0
2025-09-10 00:00:00+08:00,14.150791190787626,14.399050685362848,14.101139102465618,14.25009536743164,18000,0.0,0.0
2025-09-11 00:00:00+08:00,14.150791195387077,14.2997465133667,14.150791195387077,14.2997465133667,48000,0.0,0.0
2025-09-12 00:00:00+08:00,14.299746524598929,14.349398612976074,14.250095383256598,14.349398612976074,11000,0.0,0.0
2025-09-15 00:00:00+08:00,14.2997465133667,14.448702778381136,14.2997465133667,14.2997465133667,46000,0.0,0.0
2025-09-16 00:00:00+08:00,14.299746524598929,14.399050701353222,14.250095383256598,14.349398612976074,29170,0.0,0.0
2025-09-17 00:00:00+08:00,14.34939859704084,14.399050685362848,14.25009536743164,14.25009536743164,44000,0.0,0.0
2025-09-18 00:00:00+08:00,14.20044329487945,14.448702789730369,14.20044329487945,14.349398612976074,53472,0.0,0.0
2025-09-19 00:00:00+08:00,14.349398601704845,14.349398601704845,14.2997465133667,14.2997465133667,12053,0.0,0.0
2025-09-22 00:00:00+08:00,14.299746508718833,14.299746508718833,14.25009536743164,14.25009536743164,18169,0.0,0.0
2025-09-23 00:00:00+08:00,14.200443267822266,14.250095356104806,14.200443267822266,14.200443267822266,30000,0.0,0.0
2025-09-24 00:00:00+08:00,14.101139068603516,14.200443245009064,14.051486980400743,14.101139068603516,124985,0.0,0.0
2025-09-25 00:00:00+08:00,14.15079115680629,14.200443245009064,14.101139068603516,14.101139068603516,51000,0.0,0.0
2025-09-26 00:00:00+08:00,14.101139057156608,14.200443233481543,14.05148696899414,14.05148696899414,40001,0.0,0.0
2025-09-30 00:00:00+08:00,14.299746497352533,14.299746497352533,14.101139091257185,14.200443267822266,26630,0.0,0.0
2025-10-01 00:00:00+08:00,14.250095488753505,14.9452218900753,14.250095488753505,14.895569801330566,232480,0.0,0.0
2025-10-02 00:00:00+08:00,14.696962414684032,15.640348314061745,14.696962414684032,14.994874000549316,304172,0.0,0.0
2025-10-03 00:00:00+08:00,14.994874095878194,15.98791209038576,14.994874095878194,15.541044235229492,437424,0.0,0.0
2025-10-07 00:00:00+08:00,15.59069628852251,15.59069628852251,15.292784701448102,15.342436790466309,104100,0.0,0.0
2025-10-08 00:00:00+08:00,15.441740932074742,15.441740932074742,15.143829345703125,15.143829345703125,98433,0.0,0.0
2025-10-09 00:00:00+08:00,15.143829324145159,15.29278464360151,14.994874004688809,15.044525146484375,488100,0.0,0.0
2025-10-13 00:00:00+08:00,15.392088794708252,15.392088794708252,14.845917712585834,14.895569801330566,500000,0.0,0.0
2025-10-14 00:00:00+08:00,14.945221841421745,15.04452507155311,14.647310256958008,14.647310256958008,85291,0.0,0.0
2025-10-15 00:00:00+08:00,14.64731049929055,15.98791217803955,14.64731049929055,15.98791217803955,578300,0.0,0.0
2025-10-16 00:00:00+08:00,16.037563278948213,16.037563278948213,15.441741048738322,15.78930377960205,201315,0.0,0.0
2025-10-17 00:00:00+08:00,15.789303765486405,15.987912122413647,15.690000534057617,15.690000534057617,139108,0.0,0.0
2025-10-20 00:00:00+08:00,16.03756320665202,16.03756320665202,15.392088890075684,15.392088890075684,134041,0.0,0.0
2025-10-21 00:00:00+08:00,15.541044199504304,15.541044199504304,15.342436790466309,15.342436790466309,48051,0.0,0.0
2025-10-22 00:00:00+08:00,15.342436765085878,15.491393031894084,15.1934814453125,15.1934814453125,38011,0.0,0.0
2025-10-23 00:00:00+08:00,15.392088890075684,15.392088890075684,15.143829391848655,15.392088890075684,59000,0.0,0.0
2025-10-27 00:00:00+08:00,15.34243670596352,15.34243670596352,14.895569801330566,14.895569801330566,139167,0.0,0.0
2025-10-28 00:00:00+08:00,14.9452218900753,15.243133475508877,14.895569801330566,14.895569801330566,38101,0.0,0.0
2025-10-29 00:00:00+08:00,14.796265553243577,14.895569730259233,14.548006057739258,14.548006057739258,81115,0.0,0.0
2025-10-30 00:00:00+08:00,14.548006152250107,15.044525146484375,14.548006152250107,15.044525146484375,48085,0.0,0.0
2025-10-31 00:00:00+08:00,14.994873989720771,15.143829309028431,14.796265634597457,14.945221900939941,100020,0.0,0.0
2025-11-03 00:00:00+08:00,14.945221868127264,14.994873956799081,14.796265602111816,14.796265602111816,20010,0.0,0.0
2025-11-04 00:00:00+08:00,14.746614503500718,15.094177231147862,14.746614503500718,14.994874000549316,51050,0.0,0.0
2025-11-05 00:00:00+08:00,15.09417653420623,16.23617073612152,15.09417653420623,16.087215423583984,776007,0.0,0.0
2025-11-06 00:00:00+08:00,16.385127110267753,17.179556757986195,16.1865187513033,16.633386611938477,1332118,0.0,0.0
2025-11-07 00:00:00+08:00,16.831994950810792,16.881646093457793,16.136867589334656,16.534082412719727,272000,0.0,0.0
2025-11-10 00:00:00+08:00,16.534082392744693,16.534082392744693,16.037563390595786,16.434778213500977,137100,0.0,0.0
2025-11-11 00:00:00+08:00,16.136867432367232,16.136867432367232,15.392088935488745,15.640348434448242,234167,0.0,0.0
2025-11-12 00:00:00+08:00,15.838955808305933,15.838955808305933,15.441740989685059,15.441740989685059,83465,0.0,0.0
2025-11-13 00:00:00+08:00,15.342436811512425,15.590696309909179,15.342436811512425,15.441740989685059,45000,0.0,0.0
2025-11-14 00:00:00+08:00,15.491393068180425,15.64034838830271,15.193481480901028,15.392088890075684,55000,0.0,0.0
2025-11-17 00:00:00+08:00,15.541044188741202,15.590696277725021,15.292784690856934,15.292784690856934,35002,0.0,0.0
2025-11-18 00:00:00+08:00,15.1934814453125,15.541044173795326,15.1934814453125,15.1934814453125,20000,0.0,0.0
2025-11-19 00:00:00+08:00,15.193481459924124,15.292784690856934,15.143829370940304,15.292784690856934,19200,0.0,0.0
2025-11-20 00:00:00+08:00,15.193481455951039,15.292784686857882,15.094177278009369,15.243133544921875,26008,0.0,0.0
2025-11-21 00:00:00+08:00,15.044525146484375,15.143829324145159,14.994874004688809,15.044525146484375,23076,0.0,0.0
2025-11-24 00:00:00+08:00,15.094177220247603,15.094177220247603,14.945221900939941,14.945221900939941,10006,0.0,0.0
2025-11-25 00:00:00+08:00,15.044525131466775,15.094177220247603,14.945221900939941,14.945221900939941,97131,0.0,0.0
2025-11-26 00:00:00+08:00,15.0445251572279,15.193481423825448,14.945221926531028,15.09417724609375,91535,0.0,0.0
2025-11-27 00:00:00+08:00,15.1934814346042,15.1934814346042,15.094177256802052,15.143829345703125,22219,0.0,0.0
2025-11-28 00:00:00+08:00,15.590696334838867,16.136867421592026,15.292784746879434,15.590696334838867,141524,0.0,0.0
2025-12-01 00:00:00+08:00,15.640348409619737,15.640348409619737,15.491393089294434,15.491393089294434,42000,0.0,0.0
2025-12-02 00:00:00+08:00,15.739651911853878,17.030600491320808,15.739651911853878,16.78234100341797,505353,0.0,0.0
2025-12-03 00:00:00+08:00,16.73269083066087,17.179556798274316,16.683037793768474,16.831995010375977,406181,0.0,0.0
2025-12-04 00:00:00+08:00,16.8816461136092,17.030601435797696,16.633386611938477,16.633386611938477,90106,0.0,0.0
2025-12-05 00:00:00+08:00,16.583735429401393,16.583735429401393,16.434778213500977,16.434778213500977,39000,0.0,0.0
2025-12-08 00:00:00+08:00,16.236171749083223,16.434778213500977,16.236171749083223,16.434778213500977,48165,0.0,0.0
2025-12-09 00:00:00+08:00,16.434778186503614,16.434778186503614,16.186518685836976,16.23617172241211,51000,0.0,0.0
2025-12-10 00:00:00+08:00,16.23617165717144,16.285822799477387,15.8886079788208,15.8886079788208,52008,0.0,0.0
2025-12-11 00:00:00+08:00,15.987912157502365,16.285822799477387,15.789303800139237,15.8886079788208,59006,0.0,0.0
2025-12-12 00:00:00+08:00,15.938259204818813,16.385127064197526,15.888608062252146,16.33547592163086,30122,0.0,0.0
2025-12-15 00:00:00+08:00,16.33547490916973,16.58373439475547,16.087215423583984,16.087215423583984,137000,0.0,0.0
2025-12-16 00:00:00+08:00,16.335474948350832,16.335474948350832,16.03756242849165,16.28582191467285,20000,0.0,0.0
2025-12-17 00:00:00+08:00,16.236170749052533,16.3851260617087,16.1865177154541,16.1865177154541,210000,0.0,0.0
2025-12-18 00:00:00+08:00,16.534081374364863,16.534081374364863,16.1865177154541,16.1865177154541,32000,0.0,0.0
2025-12-19 00:00:00+08:00,16.13686752319336,16.186518665636854,16.037563344236695,16.13686752319336,40000,0.0,0.0
2025-12-22 00:00:00+08:00,16.1865177154541,16.2858218885814,15.987911263269067,16.1865177154541,21607,0.0,0.0
2025-12-23 00:00:00+08:00,15.987912136706846,15.987912136706846,15.78930377960205,15.78930377960205,52121,0.0,0.0
2025-12-24 00:00:00+08:00,15.789303789902835,15.938259110793776,15.789303789902835,15.838955879211426,12000,0.0,0.0
2025-12-26 00:00:00+08:00,16.087216325754387,16.087216325754387,15.838955879211426,15.838955879211426,18005,0.0,0.0
2025-12-29 00:00:00+08:00,15.838955909825865,16.087216356848675,15.838955909825865,15.98791217803955,84001,0.0,0.0
2025-12-30 00:00:00+08:00,15.838955909825865,15.98791217803955,15.838955909825865,15.98791217803955,35090,0.0,0.0
2025-12-31 00:00:00+08:00,15.987912157502365,16.037563299808312,15.8886079788208,15.8886079788208,39000,0.0,0.0
2026-01-02 00:00:00+08:00,15.888608002762645,16.186518645186574,15.888608002762645,16.03756332397461,87051,0.0,0.0
2026-01-05 00:00:00+08:00,15.987912132954895,16.03756327518461,15.59069636587335,15.739652633666992,107100,0.0,0.0
2026-01-06 00:00:00+08:00,15.739651777485602,16.2858218885814,15.739651777485602,16.1865177154541,164600,0.0,0.0
2026-01-07 00:00:00+08:00,16.18651864158813,16.434778141576103,15.98791217803955,15.98791217803955,97013,0.0,0.0
2026-01-08 00:00:00+08:00,16.037563253969502,16.186518574531267,15.640348434448242,15.640348434448242,185022,0.0,0.0
2026-01-09 00:00:00+08:00,15.640348409619737,15.640348409619737,15.143829412488952,15.491393089294434,164000,0.0,0.0
2026-01-12 00:00:00+08:00,15.491393103542277,15.69000051317029,15.491393103542277,15.590696334838867,54201,0.0,0.0
2026-01-13 00:00:00+08:00,15.590696334838867,15.739652602336001,15.590696334838867,15.590696334838867,32000,0.0,0.0
2026-01-14 00:00:00+08:00,15.590696355593996,15.789303765486405,15.590696355593996,15.690000534057617,62564,0.0,0.0
2026-01-15 00:00:00+08:00,15.69000051317029,15.739652602336001,15.590696334838867,15.590696334838867,34000,0.0,0.0
2026-01-16 00:00:00+08:00,15.590696320499692,15.739652587859826,15.491393089294434,15.491393089294434,71273,0.0,0.0
2026-01-19 00:00:00+08:00,15.491393103542277,15.640348424004578,15.392088925210855,15.590696334838867,43053,0.0,0.0
2026-01-20 00:00:00+08:00,15.590696369532086,15.888607958154449,15.590696369532086,15.78930377960205,136000,0.0,0.0
2026-01-21 00:00:00+08:00,15.590696389810944,16.037563299808312,15.590696389810944,15.8886079788208,135000,0.0,0.0
2026-01-22 00:00:00+08:00,15.888607922798302,15.987912101129725,15.541044245673158,15.590696334838867,51107,0.0,0.0
2026-01-23 00:00:00+08:00,15.640348482713003,16.087216339846957,15.640348482713003,15.93825912475586,96333,0.0,0.0
2026-01-26 00:00:00+08:00,15.938259121126748,16.037563299808312,15.8886079788208,15.8886079788208,68120,0.0,0.0
2026-01-27 00:00:00+08:00,15.888607958154449,15.938259100395815,15.78930377960205,15.78930377960205,30150,0.0,0.0
2026-01-28 00:00:00+08:00,15.78930374446688,15.888607922798302,15.541044245673158,15.590696334838867,40136,0.0,0.0
2026-01-29 00:00:00+08:00,15.59069628852251,15.59069628852251,15.292784701448102,15.342436790466309,25080,0.0,0.0
2026-01-30 00:00:00+08:00,15.243133559464724,15.392088879484515,15.243133559464724,15.342436790466309,32000,0.0,0.0
2026-02-02 00:00:00+08:00,15.094177235314767,15.342436732431901,15.044525146484375,15.044525146484375,34077,0.0,0.0
2026-02-03 00:00:00+08:00,15.09417724609375,15.243133512691296,15.09417724609375,15.09417724609375,49206,0.0,0.0
2026-02-04 00:00:00+08:00,15.094177267440363,15.24313353424857,15.094177267440363,15.1934814453125,26000,0.0,0.0
2026-02-05 00:00:00+08:00,15.094177267440363,15.24313353424857,15.094177267440363,15.1934814453125,142000,0.0,0.0
2026-02-06 00:00:00+08:00,15.19348141297555,15.29278464360151,14.945221915858417,15.044525146484375,44000,0.0,0.0
2026-02-09 00:00:00+08:00,15.044525146484375,15.094177235314767,15.044525146484375,15.044525146484375,26467,0.0,0.0
2026-02-10 00:00:00+08:00,15.094177281956487,15.342436779840753,15.094177281956487,15.292784690856934,41137,0.0,0.0
2026-02-11 00:00:00+08:00,15.292784690856934,15.392088868824573,15.292784690856934,15.292784690856934,26010,0.0,0.0
2026-02-23 00:00:00+08:00,15.292784701448102,15.342436790466309,15.19348147044652,15.342436790466309,37163,0.0,0.0
2026-02-24 00:00:00+08:00,15.094177256802052,15.1934814346042,15.094177256802052,15.143829345703125,50005,0.0,0.0
2026-02-25 00:00:00+08:00,15.143829356376433,15.24313353424857,15.143829356376433,15.1934814453125,41115,0.0,0.0
2026-02-26 00:00:00+08:00,15.193481459924124,15.392088868824573,15.193481459924124,15.292784690856934,249249,0.0,0.0
2026-03-02 00:00:00+08:00,15.292784690856934,15.441740957808392,15.292784690856934,15.292784690856934,63006,0.0,0.0
2026-03-03 00:00:00+08:00,15.1934814346042,15.1934814346042,15.143829345703125,15.143829345703125,14000,0.0,0.0
2026-03-04 00:00:00+08:00,15.044525131466775,15.044525131466775,14.895569812159113,14.945221900939941,19112,0.0,0.0
2026-03-05 00:00:00+08:00,14.895569822915947,14.994874000549316,14.895569822915947,14.994874000549316,12000,0.0,0.0
2026-03-06 00:00:00+08:00,14.994874004688809,15.094177235314767,14.994874004688809,15.044525146484375,4000,0.0,0.0
2026-03-09 00:00:00+08:00,14.746614460474824,15.044525098436074,14.746614460474824,14.796265602111816,38045,0.0,0.0
2026-03-10 00:00:00+08:00,15.044525189038534,15.491393042741223,15.044525189038534,15.243133544921875,19000,0.0,0.0
2026-03-11 00:00:00+08:00,15.243133523505273,15.29278466537152,14.895569848232583,15.143829345703125,124071,0.0,0.0
2026-03-12 00:00:00+08:00,15.143829370940304,15.292784690856934,15.143829370940304,15.292784690856934,82050,0.0,0.0
2026-03-13 00:00:00+08:00,15.243133559464724,15.342436790466309,15.19348147044652,15.342436790466309,59010,0.0,0.0
2026-03-16 00:00:00+08:00,15.193481459924124,15.292784690856934,15.193481459924124,15.292784690856934,12000,0.0,0.0
2026-03-17 00:00:00+08:00,15.243133580374622,15.491393078771376,15.243133580374622,15.441740989685059,18000,0.0,0.0
2026-03-18 00:00:00+08:00,15.342436790466309,15.392088879484515,15.292784701448102,15.342436790466309,131050,0.0,0.0
2026-03-19 00:00:00+08:00,15.292784690856934,15.392088868824573,15.243133548907943,15.292784690856934,53382,0.0,0.0
2026-03-20 00:00:00+08:00,15.441740957808392,15.441740957808392,15.292784690856934,15.292784690856934,35535,0.0,0.0
2026-03-23 00:00:00+08:00,15.292784639379777,15.292784639379777,14.994874000549316,14.994874000549316,13006,0.0,0.0
2026-03-24 00:00:00+08:00,14.994874000549316,15.392088817013146,14.994874000549316,14.994874000549316,27000,0.0,0.0
2026-03-25 00:00:00+08:00,15.044525146484375,15.29278464360151,15.044525146484375,15.044525146484375,7000,0.0,0.0
2026-03-26 00:00:00+08:00,15.044525178504294,15.1934814453125,14.895569858730916,15.1934814453125,22791,0.0,0.0
2026-03-27 00:00:00+08:00,14.994874004688809,15.094177235314767,14.994874004688809,15.044525146484375,27260,0.0,0.0
2026-03-30 00:00:00+08:00,14.994873989720771,14.994873989720771,14.845917723378285,14.945221900939941,20321,0.0,0.0
2026-03-31 00:00:00+08:00,14.895569801330566,15.193481386764143,14.845917712585834,14.895569801330566,49373,0.0,0.0
2026-04-01 00:00:00+08:00,14.9452218900753,15.14382929801941,14.895569801330566,14.895569801330566,48004,0.0,0.0
2026-04-02 00:00:00+08:00,14.895569801330566,14.9452218900753,14.845917712585834,14.895569801330566,37000,0.0,0.0
2026-04-07 00:00:00+08:00,14.895569801330566,15.044525120529944,14.895569801330566,14.895569801330566,33000,0.0,0.0
2026-04-08 00:00:00+08:00,14.9452218900753,14.994873978820033,14.895569801330566,14.895569801330566,40000,0.0,0.0
2026-04-09 00:00:00+08:00,14.895569812159113,14.994873989720771,14.895569812159113,14.945221900939941,54206,0.0,0.0
2026-04-10 00:00:00+08:00,15.094177337251422,15.888607922798302,15.094177337251422,15.590696334838867,145400,0.0,0.0
2026-04-13 00:00:00+08:00,15.78930377960205,15.78930377960205,15.342436870185923,15.78930377960205,155400,0.0,0.0
2026-04-14 00:00:00+08:00,15.640348398995496,15.640348398995496,15.441740989685059,15.441740989685059,91006,0.0,0.0
2026-04-15 00:00:00+08:00,15.392088911054344,15.491393089294434,15.143829412488952,15.491393089294434,96524,0.0,0.0
2026-04-16 00:00:00+08:00,15.640347604358302,16.78234086014833,15.541043431231005,16.1865177154541,452240,0.0,0.0
2026-04-17 00:00:00+08:00,16.18651862448146,16.18651862448146,15.73965266141718,15.93825912475586,176665,0.0,0.0
2026-04-20 00:00:00+08:00,16.186518890819123,17.52712059020996,16.186518890819123,17.52712059020996,1642172,0.0,0.0
2026-04-21 00:00:00+08:00,17.527120777486545,18.81807134753691,17.527120777486545,18.718767166137695,2041523,0.0,0.0
2026-04-22 00:00:00+08:00,18.669113204645996,19.364240545975534,18.669113204645996,18.867721557617188,1305470,0.0,0.0
2026-04-23 00:00:00+08:00,18.768418041065477,19.3145900839059,16.980950377752457,17.129905700683594,2658329,0.0,0.0
2026-04-24 00:00:00+08:00,17.12990463937599,17.229208813200778,16.484430350619213,16.68303680419922,439200,0.0,0.0
2026-04-27 00:00:00+08:00,16.881646024263823,16.881646024263823,16.087216380749865,16.13686752319336,348140,0.0,0.0
2026-04-28 00:00:00+08:00,16.186518563722906,16.186518563722906,15.491393103542277,15.590696334838867,184272,0.0,0.0
2026-04-29 00:00:00+08:00,15.590696369532086,15.78930377960205,15.541044280255887,15.78930377960205,65000,0.0,0.0
2026-04-30 00:00:00+08:00,16.136867453713705,16.136867453713705,15.59069636587335,15.739652633666992,101232,0.0,0.0
2026-05-04 00:00:00+08:00,15.690000498739781,15.88860790818513,15.491393089294434,15.491393089294434,128623,0.0,0.0
2026-05-05 00:00:00+08:00,15.73965257716813,15.73965257716813,15.392088900598742,15.441740989685059,64157,0.0,0.0
2026-05-06 00:00:00+08:00,15.491393020975817,15.640348340644211,14.994874026034731,15.143829345703125,161053,0.0,0.0
2026-05-07 00:00:00+08:00,14.994874071726372,15.392088890075684,14.994874071726372,15.392088890075684,81001,0.0,0.0
2026-05-08 00:00:00+08:00,15.392088854021948,15.392088854021948,15.143829356376433,15.1934814453125,16002,0.0,0.0
2026-05-11 00:00:00+08:00,15.2927847773209,15.838955865161253,15.094177367297544,15.739652633666992,48215,0.0,0.0
2026-05-12 00:00:00+08:00,16.087216400826062,16.285822864917566,15.98791222174547,16.23617172241211,146029,0.0,0.0
2026-05-13 00:00:00+08:00,16.186518037364962,17.825032191377584,16.136866896848655,17.676074981689453,609476,0.0,0.0
2026-05-14 00:00:00+08:00,18.073291557088545,18.073291557088545,17.08025360107422,17.08025360107422,204560,0.0,0.0
2026-05-15 00:00:00+08:00,17.08025361253196,17.92433436045469,16.93129640377422,17.179555892944336,157399,0.0,0.0
2026-05-18 00:00:00+08:00,16.534081452874982,16.88164511343611,16.38512613951152,16.48443031311035,101043,0.0,0.0
2026-05-19 00:00:00+08:00,16.28582280318564,16.53408230291124,15.93825912475586,15.93825912475586,92264,0.0,0.0
2026-05-20 00:00:00+08:00,16.08721546216963,16.28582191467285,15.888607115596844,16.28582191467285,70000,0.0,0.0
2026-05-21 00:00:00+08:00,15.987912241455158,16.385127064197526,15.987912241455158,16.33547592163086,54233,0.0,0.0
2026-05-22 00:00:00+08:00,16.385127090709034,17.08025445218517,16.385127090709034,16.534082412719727,37001,0.0,0.0
2026-05-25 00:00:00+08:00,16.732689773909275,16.732689773909275,15.888607140743371,16.3851261138916,1193091,0.0,0.0
2026-05-26 00:00:00+08:00,16.5837345123291,16.782340965764018,16.38512616482461,16.5837345123291,116050,0.0,0.0
2026-05-27 00:00:00+08:00,16.831994990756584,17.030601455885613,16.63338663155787,16.732690811157227,102031,0.0,0.0
2026-05-28 00:00:00+08:00,16.881645227585167,17.179555856326484,16.63338573894421,16.98094940185547,288185,0.0,0.0
2026-05-29 00:00:00+08:00,17.030601455885613,17.179556778249804,16.683037774322706,16.732690811157227,176021,0.0,0.0
2026-06-01 00:00:00+08:00,16.831994011971194,17.0306004655512,16.68303680419922,16.68303680419922,166022,0.0,0.0
2026-06-02 00:00:00+08:00,16.683036792011773,16.683036792011773,16.285821991072364,16.5837345123291,100061,0.0,0.0
2026-06-03 00:00:00+08:00,16.683037793768474,16.881646153198684,16.385127148692842,16.831995010375977,111006,0.0,0.0
2026-06-04 00:00:00+08:00,16.8816451518488,16.8816451518488,16.583734524444004,16.68303680419922,31011,0.0,0.0
2026-06-05 00:00:00+08:00,16.881645139516266,16.881645139516266,16.285821991072364,16.5837345123291,334003,0.0,0.0
2026-06-08 00:00:00+08:00,16.08721646589076,16.7326907914207,15.541044425773356,16.633386611938477,181078,0.0,0.0
2026-06-09 00:00:00+08:00,16.68303771457543,16.68303771457543,16.434778213500977,16.434778213500977,27058,0.0,0.0
2026-06-10 00:00:00+08:00,16.534081427022155,16.534081427022155,16.236170800761045,16.3851261138916,343001,0.0,0.0
2026-06-11 00:00:00+08:00,16.3851261138916,16.3851261138916,16.037562453873928,16.3851261138916,76002,0.0,0.0
2026-06-12 00:00:00+08:00,16.732689773909275,16.732689773909275,16.236170800761045,16.3851261138916,273364,0.0,0.0
2026-06-15 00:00:00+08:00,16.33547592163086,16.385127064197526,16.285822884994513,16.33547592163086,65105,0.0,0.0
2026-06-16 00:00:00+08:00,16.335474948350832,16.335474948350832,16.18651774138646,16.28582191467285,32001,0.0,0.0
2026-06-17 00:00:00+08:00,16.33547592163086,16.385127064197526,16.285822884994513,16.33547592163086,31705,0.0,0.0
2026-06-18 00:00:00+08:00,16.33547592163086,16.385127064197526,16.33547592163086,16.33547592163086,35261,0.0,0.0
2026-06-22 00:00:00+08:00,16.385126087959247,16.43477722756766,16.236170775064437,16.28582191467285,209020,0.0,0.0
2026-06-23 00:00:00+08:00,16.1865177154541,16.1865177154541,16.037562402797935,16.1865177154541,67142,0.0,0.0
2026-06-24 00:00:00+08:00,16.186518685836976,16.285822864917566,15.98791222174547,16.23617172241211,14000,0.0,0.0
2026-06-25 00:00:00+08:00,16.236170749052533,16.236170749052533,16.1865177154541,16.1865177154541,14001,0.0,0.0
2026-06-26 00:00:00+08:00,16.037562390025098,16.087215423583984,15.689999678425927,16.087215423583984,47065,0.0,0.0
2026-06-29 00:00:00+08:00,16.037562390025098,16.23617073612152,15.888607077487565,16.087215423583984,181120,0.0,0.0
2026-06-30 00:00:00+08:00,16.087216360425046,16.58373536051138,16.03756332397461,16.03756332397461,49260,0.0,0.0
2026-07-01 00:00:00+08:00,16.037563409970968,16.931297236104797,15.789303908596588,16.534082412719727,364259,0.0,0.0
2026-07-02 00:00:00+08:00,16.3851260617087,16.484430234835997,16.1865177154541,16.1865177154541,44711,0.0,0.0
2026-07-03 00:00:00+08:00,16.683036740152712,16.683036740152712,16.335474974204605,16.3851261138916,13140,0.0,0.0
2026-07-06 00:00:00+08:00,16.335476125858996,18.023639617137107,16.335476125858996,17.62642478942871,921989,0.0,0.0
2026-07-07 00:00:00+08:00,17.9243344724102,18.47050648843761,17.427815490968705,17.676074981689453,848121,0.0,0.0
2026-07-08 00:00:00+08:00,18.17259387564108,18.321551084612075,16.881645287736156,17.278860092163086,575002,0.0,0.0
2026-07-09 00:00:00+08:00,17.378165116950647,17.378165116950647,16.583735469232206,16.633386611938477,222041,0.0,0.0
2026-07-10 00:00:00+08:00,16.633386611938477,16.633386611938477,16.633386611938477,16.633386611938477,0,0.0,0.0
2026-07-13 00:00:00+08:00,16.633386544664795,16.732690723745385,16.087216400826062,16.23617172241211,169003,0.0,0.0
2026-07-14 00:00:00+08:00,16.43477727927615,16.88164511343611,16.03756247895039,16.48443031311035,153096,0.0,0.0
2026-07-15 00:00:00+08:00,16.484430338576857,16.732689825922684,16.18651781732012,16.5837345123291,66055,0.0,0.0
2026-07-16 00:00:00+08:00,16.583735402159338,16.583735402159338,16.23617172241211,16.23617172241211,66006,0.0,0.0
2026-07-17 00:00:00+08:00,16.23617073612152,16.385126048659053,15.888607077487565,16.087215423583984,103010,0.0,0.0
2026-07-20 00:00:00+08:00,15.938259121126748,16.08721633618393,15.39208897948265,15.8886079788208,174009,0.0,0.0
2026-07-21 00:00:00+08:00,15.888607954425801,16.136867453713705,15.739652633666992,15.739652633666992,54394,0.0,0.0
2026-07-22 00:00:00+08:00,15.888607958154449,16.13686745750061,15.78930377960205,15.78930377960205,49000,0.0,0.0
2026-07-23 00:00:00+08:00,16.087216300877266,16.186518585271223,15.690000534057617,15.690000534057617,36354,0.0,0.0
2026-07-24 00:00:00+08:00,15.690000523647107,15.789303755010007,15.590696345249375,15.640348434448242,31042,0.0,0.0
2026-07-27 00:00:00+08:00,15.64034838830271,15.64034838830271,15.392088890075684,15.392088890075684,58464,0.0,0.0
2026-07-28 00:00:00+08:00,15.143829356376433,15.392088854021948,15.143829356376433,15.1934814453125,49020,0.0,0.0
2026-07-29 00:00:00+08:00,15.193481408781231,15.243133497597915,14.796265645282578,14.994874000549316,146005,0.0,0.0
2026-07-30 00:00:00+08:00,14.696962382630826,14.895569790429589,14.696962382630826,14.845917701721191,58078,0.0,0.0
2026-07-31 00:00:00+08:00,14.895569957274189,15.739652633666992,14.74661463651538,15.739652633666992,86007,0.0,0.0
2026-08-03 00:00:00+08:00,15.19348147044652,15.59069628852251,15.19348147044652,15.342436790466309,18196,0.0,0.0
2026-08-04 00:00:00+08:00,15.640348444825808,15.739652623289427,15.491393124165208,15.690000534057617,20047,0.0,0.0
2026-08-05 00:00:00+08:00,15.649999618530273,15.649999618530273,15.5,15.5,13020,0.11,0.0
2026-08-06 00:00:00+08:00,15.300000190734863,15.449999809265137,15.100000381469727,15.399999618530273,11004,0.0,0.0
2026-08-07 00:00:00+08:00,15.300000190734863,15.449999809265137,15.149999618530273,15.149999618530273,45604,0.0,0.0
2026-08-10 00:00:00+08:00,16.649999618530273,16.649999618530273,16.649999618530273,16.649999618530273,234000,0.0,0.0
2026-08-11 00:00:00+08:00,16.549999237060547,18.25,16.450000762939453,17.950000762939453,929480,0.0,0.0
2026-08-12 00:00:00+08:00,18.0,18.5,17.700000762939453,18.200000762939453,774500,0.0,0.0
2026-08-13 00:00:00+08:00,18.5,18.5,17.799999237060547,17.799999237060547,516189,0.0,0.0
2026-08-14 00:00:00+08:00,17.799999237060547,17.950000762939453,17.5,17.700000762939453,89621,0.0,0.0
2026-08-17 00:00:00+08:00,17.799999237060547,18.100000381469727,17.549999237060547,17.549999237060547,109111,0.0,0.0
2026-08-18 00:00:00+08:00,17.399999618530273,17.399999618530273,17.100000381469727,17.25,88000,0.0,0.0
2026-08-19 00:00:00+08:00,17.25,17.399999618530273,17.149999618530273,17.25,42002,0.0,0.0
2026-08-20 00:00:00+08:00,17.100000381469727,17.299999237060547,17.100000381469727,17.299999237060547,60080,0.0,0.0
2026-08-21 00:00:00+08:00,17.350000381469727,17.75,17.299999237060547,17.399999618530273,46516,0.0,0.0
2026-08-24 00:00:00+08:00,17.399999618530273,17.75,17.350000381469727,17.649999618530273,106471,0.0,0.0
2026-08-25 00:00:00+08:00,17.450000762939453,17.700000762939453,17.200000762939453,17.700000762939453,80000,0.0,0.0
2026-08-26 00:00:00+08:00,17.5,17.75,17.450000762939453,17.5,111001,0.0,0.0
2026-08-27 00:00:00+08:00,17.5,17.5,17.350000381469727,17.399999618530273,51100,0.0,0.0
2026-08-28 00:00:00+08:00,17.600000381469727,17.600000381469727,17.25,17.25,55000,0.0,0.0
2026-08-31 00:00:00+08:00,17.149999618530273,17.299999237060547,17.149999618530273,17.200000762939453,33136,0.0,0.0
2026-09-01 00:00:00+08:00,17.200000762939453,17.350000381469727,17.100000381469727,17.299999237060547,55155,0.0,0.0
2026-09-02 00:00:00+08:00,17.200000762939453,17.850000381469727,17.100000381469727,17.700000762939453,303309,0.0,0.0
2026-09-03 00:00:00+08:00,17.799999237060547,18.0,17.450000762939453,17.700000762939453,252500,0.0,0.0
2026-09-04 00:00:00+08:00,17.799999237060547,18.0,17.5,17.850000381469727,52156,0.0,0.0
2026-09-07 00:00:00+08:00,18.0,18.0,17.450000762939453,17.450000762939453,47160,0.0,0.0
2026-09-08 00:00:00+08:00,17.450000762939453,17.450000762939453,17.299999237060547,17.299999237060547,43000,0.0,0.0
2026-09-09 00:00:00+08:00,17.200000762939453,17.350000381469727,16.799999237060547,17.350000381469727,65006,0.0,0.0
2026-09-10 00:00:00+08:00,17.299999237060547,17.450000762939453,17.100000381469727,17.25,106000,0.0,0.0
2026-09-11 00:00:00+08:00,17.149999618530273,17.25,16.899999618530273,17.25,56000,0.0,0.0
