Date,Open,High,Low,Close,Volume,Dividends,Stock Splits
2017-11-03 00:00:00-04:00,45.29999923706055,51.0,36.33000183105469,37.97999954223633,158933,0.0,0.0
2017-11-06 00:00:00-05:00,36.0,36.900001525878906,32.58000183105469,32.939998626708984,82333,0.0,0.0
2017-11-07 00:00:00-05:00,33.41999816894531,35.849998474121094,33.0,33.2400016784668,56967,0.0,0.0
2017-11-08 00:00:00-05:00,33.540000915527344,34.5,32.70000076293945,32.849998474121094,72100,0.0,0.0
2017-11-09 00:00:00-05:00,33.0,33.869998931884766,32.81999969482422,33.150001525878906,69967,0.0,0.0
2017-11-10 00:00:00-05:00,33.720001220703125,36.29999923706055,33.435001373291016,35.25,76600,0.0,0.0
2017-11-13 00:00:00-05:00,36.0,37.95000076293945,35.130001068115234,37.95000076293945,52367,0.0,0.0
2017-11-14 00:00:00-05:00,37.619998931884766,39.45000076293945,35.15999984741211,37.560001373291016,47000,0.0,0.0
2017-11-15 00:00:00-05:00,37.5,41.220001220703125,37.2599983215332,40.86000061035156,63333,0.0,0.0
2017-11-16 00:00:00-05:00,42.0,42.0,39.75,41.970001220703125,57833,0.0,0.0
2017-11-17 00:00:00-05:00,42.0,42.0,39.167999267578125,41.25,41833,0.0,0.0
2017-11-20 00:00:00-05:00,40.79999923706055,40.79999923706055,38.189998626708984,38.52000045776367,43300,0.0,0.0
2017-11-21 00:00:00-05:00,35.400001525878906,39.70800018310547,34.83000183105469,39.18000030517578,54333,0.0,0.0
2017-11-22 00:00:00-05:00,39.5099983215332,40.13999938964844,36.119998931884766,39.720001220703125,45800,0.0,0.0
2017-11-24 00:00:00-05:00,40.20000076293945,40.20000076293945,38.54999923706055,39.93000030517578,10967,0.0,0.0
2017-11-27 00:00:00-05:00,39.209999084472656,40.349998474121094,38.56800079345703,39.45000076293945,16600,0.0,0.0
2017-11-28 00:00:00-05:00,39.18000030517578,40.5,38.89500045776367,38.939998626708984,17633,0.0,0.0
2017-11-29 00:00:00-05:00,38.939998626708984,39.45000076293945,37.013999938964844,37.22999954223633,11567,0.0,0.0
2017-11-30 00:00:00-05:00,37.86000061035156,38.939998626708984,36.84000015258789,37.08000183105469,12433,0.0,0.0
2017-12-01 00:00:00-05:00,35.400001525878906,38.222999572753906,34.59000015258789,34.91999816894531,40000,0.0,0.0
2017-12-04 00:00:00-05:00,34.79999923706055,35.099998474121094,33.33000183105469,34.529998779296875,26567,0.0,0.0
2017-12-05 00:00:00-05:00,36.060001373291016,38.06100082397461,34.2599983215332,34.83000183105469,50667,0.0,0.0
2017-12-06 00:00:00-05:00,34.5,34.5,33.540000915527344,33.75,9067,0.0,0.0
2017-12-07 00:00:00-05:00,33.75,34.349998474121094,33.0,33.0,56167,0.0,0.0
2017-12-08 00:00:00-05:00,33.36000061035156,34.650001525878906,33.18000030517578,33.810001373291016,25800,0.0,0.0
2017-12-11 00:00:00-05:00,34.290000915527344,35.189998626708984,33.9900016784668,34.380001068115234,11800,0.0,0.0
2017-12-12 00:00:00-05:00,34.380001068115234,34.50299835205078,33.38999938964844,33.38999938964844,31567,0.0,0.0
2017-12-13 00:00:00-05:00,33.32699966430664,34.709999084472656,33.32699966430664,33.5099983215332,11233,0.0,0.0
2017-12-14 00:00:00-05:00,34.439998626708984,35.43000030517578,33.630001068115234,33.65999984741211,11100,0.0,0.0
2017-12-15 00:00:00-05:00,34.7400016784668,34.7400016784668,33.47999954223633,33.5099983215332,4200,0.0,0.0
2017-12-18 00:00:00-05:00,33.900001525878906,34.31700134277344,33.15299987792969,33.33000183105469,11633,0.0,0.0
2017-12-19 00:00:00-05:00,33.34199905395508,33.34199905395508,33.0,33.0,18400,0.0,0.0
2017-12-20 00:00:00-05:00,33.0,33.47999954223633,33.0,33.0,18533,0.0,0.0
2017-12-21 00:00:00-05:00,33.029998779296875,33.29999923706055,33.0,33.0,5367,0.0,0.0
2017-12-22 00:00:00-05:00,33.09000015258789,33.25199890136719,33.0,33.0,19933,0.0,0.0
2017-12-26 00:00:00-05:00,33.45000076293945,33.75,32.400001525878906,32.400001525878906,17467,0.0,0.0
2017-12-27 00:00:00-05:00,32.70000076293945,34.08000183105469,32.459999084472656,33.900001525878906,18067,0.0,0.0
2017-12-28 00:00:00-05:00,33.900001525878906,33.917999267578125,33.0,33.18000030517578,3600,0.0,0.0
2017-12-29 00:00:00-05:00,33.029998779296875,33.540000915527344,33.029998779296875,33.150001525878906,600,0.0,0.0
2018-01-02 00:00:00-05:00,33.0,34.29899978637695,32.70000076293945,33.779998779296875,44967,0.0,0.0
2018-01-03 00:00:00-05:00,33.900001525878906,37.59299850463867,33.810001373291016,34.13999938964844,155400,0.0,0.0
2018-01-04 00:00:00-05:00,35.279998779296875,36.599998474121094,34.374000549316406,34.99800109863281,67100,0.0,0.0
2018-01-05 00:00:00-05:00,34.7400016784668,35.51100158691406,34.650001525878906,34.91999816894531,32767,0.0,0.0
2018-01-08 00:00:00-05:00,34.619998931884766,35.099998474121094,33.900001525878906,33.959999084472656,23267,0.0,0.0
2018-01-09 00:00:00-05:00,34.439998626708984,35.25,34.04999923706055,34.20000076293945,21767,0.0,0.0
2018-01-10 00:00:00-05:00,34.34400177001953,34.34400177001953,32.54999923706055,32.54999923706055,19500,0.0,0.0
2018-01-11 00:00:00-05:00,32.4900016784668,33.0,32.400001525878906,32.400001525878906,36933,0.0,0.0
2018-01-12 00:00:00-05:00,32.43000030517578,32.970001220703125,32.400001525878906,32.400001525878906,13500,0.0,0.0
2018-01-16 00:00:00-05:00,32.400001525878906,33.05099868774414,32.400001525878906,32.58000183105469,13467,0.0,0.0
2018-01-17 00:00:00-05:00,32.58000183105469,32.58000183105469,31.5,31.6200008392334,46900,0.0,0.0
2018-01-18 00:00:00-05:00,31.5,32.25899887084961,31.5,31.68000030517578,9867,0.0,0.0
2018-01-19 00:00:00-05:00,31.68000030517578,32.270999908447266,31.68000030517578,32.189998626708984,6433,0.0,0.0
2018-01-22 00:00:00-05:00,32.189998626708984,32.72999954223633,31.889999389648438,31.889999389648438,4833,0.0,0.0
2018-01-23 00:00:00-05:00,31.799999237060547,31.799999237060547,30.959999084472656,31.079999923706055,43867,0.0,0.0
2018-01-24 00:00:00-05:00,31.200000762939453,31.5,31.020000457763672,31.170000076293945,22033,0.0,0.0
2018-01-25 00:00:00-05:00,31.5,32.130001068115234,31.200000762939453,31.40999984741211,30900,0.0,0.0
2018-01-26 00:00:00-05:00,32.0099983215332,32.54999923706055,31.350000381469727,31.440000534057617,46100,0.0,0.0
2018-01-29 00:00:00-05:00,32.099998474121094,32.400001525878906,31.5,31.530000686645508,17400,0.0,0.0
2018-01-30 00:00:00-05:00,31.649999618530273,31.709999084472656,31.5,31.530000686645508,9933,0.0,0.0
2018-01-31 00:00:00-05:00,32.400001525878906,32.400001525878906,31.200000762939453,31.649999618530273,10133,0.0,0.0
2018-02-01 00:00:00-05:00,31.950000762939453,31.950000762939453,31.454999923706055,31.530000686645508,3633,0.0,0.0
2018-02-02 00:00:00-05:00,31.290000915527344,31.290000915527344,30.6299991607666,30.899999618530273,20833,0.0,0.0
2018-02-05 00:00:00-05:00,31.5,35.231998443603516,30.6299991607666,35.099998474121094,55067,0.0,0.0
2018-02-06 00:00:00-05:00,33.29999923706055,33.87300109863281,31.860000610351562,32.25,29533,0.0,0.0
2018-02-07 00:00:00-05:00,32.130001068115234,32.880001068115234,32.06999969482422,32.189998626708984,15233,0.0,0.0
2018-02-08 00:00:00-05:00,31.559999465942383,31.68000030517578,30.600000381469727,31.139999389648438,13367,0.0,0.0
2018-02-09 00:00:00-05:00,30.93000030517578,31.3799991607666,30.8700008392334,30.899999618530273,6133,0.0,0.0
2018-02-12 00:00:00-05:00,31.020000457763672,31.68000030517578,30.753000259399414,31.020000457763672,15067,0.0,0.0
2018-02-13 00:00:00-05:00,31.5,32.70000076293945,30.600000381469727,31.170000076293945,23700,0.0,0.0
2018-02-14 00:00:00-05:00,31.200000762939453,31.5,30.785999298095703,31.139999389648438,11933,0.0,0.0
2018-02-15 00:00:00-05:00,31.290000915527344,32.60100173950195,31.290000915527344,32.400001525878906,25533,0.0,0.0
2018-02-16 00:00:00-05:00,32.400001525878906,32.58000183105469,31.799999237060547,31.889999389648438,12267,0.0,0.0
2018-02-20 00:00:00-05:00,32.400001525878906,32.400001525878906,31.889999389648438,32.25,3200,0.0,0.0
2018-02-21 00:00:00-05:00,32.400001525878906,32.58000183105469,32.132999420166016,32.400001525878906,12800,0.0,0.0
2018-02-22 00:00:00-05:00,32.130001068115234,32.369998931884766,31.559999465942383,31.829999923706055,6433,0.0,0.0
2018-02-23 00:00:00-05:00,32.58000183105469,32.66999816894531,32.0099983215332,32.099998474121094,20367,0.0,0.0
2018-02-26 00:00:00-05:00,32.7599983215332,33.0,32.34000015258789,33.0,17600,0.0,0.0
2018-02-27 00:00:00-05:00,33.0,33.27000045776367,32.81999969482422,33.0,23367,0.0,0.0
2018-02-28 00:00:00-05:00,32.25,32.25,31.559999465942383,32.25,23500,0.0,0.0
2018-03-01 00:00:00-05:00,31.799999237060547,31.799999237060547,31.139999389648438,31.440000534057617,9700,0.0,0.0
2018-03-02 00:00:00-05:00,31.17300033569336,31.40999984741211,31.17300033569336,31.200000762939453,2100,0.0,0.0
2018-03-05 00:00:00-05:00,31.5,32.82600021362305,31.350000381469727,32.70000076293945,15900,0.0,0.0
2018-03-06 00:00:00-05:00,33.209999084472656,34.439998626708984,32.400001525878906,33.959999084472656,63067,0.0,0.0
2018-03-07 00:00:00-05:00,34.16999816894531,35.400001525878906,34.08000183105469,34.79999923706055,11033,0.0,0.0
2018-03-08 00:00:00-05:00,35.15999984741211,35.939998626708984,34.349998474121094,35.70000076293945,45833,0.0,0.0
2018-03-09 00:00:00-05:00,35.220001220703125,35.220001220703125,33.45000076293945,34.650001525878906,28200,0.0,0.0
2018-03-12 00:00:00-04:00,35.54999923706055,35.849998474121094,34.84199905395508,35.77199935913086,22133,0.0,0.0
2018-03-13 00:00:00-04:00,36.060001373291016,37.04999923706055,35.81999969482422,36.9900016784668,19033,0.0,0.0
2018-03-14 00:00:00-04:00,36.599998474121094,36.75,36.0,36.29999923706055,28400,0.0,0.0
2018-03-15 00:00:00-04:00,36.060001373291016,36.119998931884766,35.099998474121094,35.25,8733,0.0,0.0
2018-03-16 00:00:00-04:00,34.79999923706055,34.79999923706055,34.40999984741211,34.7400016784668,9767,0.0,0.0
2018-03-19 00:00:00-04:00,34.77000045776367,35.849998474121094,34.529998779296875,35.70000076293945,14900,0.0,0.0
2018-03-20 00:00:00-04:00,35.939998626708984,36.75,35.939998626708984,36.65999984741211,11000,0.0,0.0
2018-03-21 00:00:00-04:00,36.29999923706055,36.29999923706055,35.70000076293945,36.29999923706055,4867,0.0,0.0
2018-03-22 00:00:00-04:00,35.54999923706055,35.54999923706055,32.891998291015625,34.79999923706055,24567,0.0,0.0
2018-03-23 00:00:00-04:00,33.779998779296875,33.900001525878906,32.775001525878906,33.779998779296875,5233,0.0,0.0
2018-03-26 00:00:00-04:00,33.779998779296875,34.74599838256836,33.779998779296875,34.529998779296875,7267,0.0,0.0
2018-03-27 00:00:00-04:00,34.97999954223633,35.54999923706055,34.97999954223633,35.43000030517578,2133,0.0,0.0
2018-03-28 00:00:00-04:00,34.529998779296875,34.650001525878906,33.5099983215332,34.529998779296875,6933,0.0,0.0
2018-03-29 00:00:00-04:00,33.584999084472656,34.04999923706055,33.56999969482422,33.93000030517578,2367,0.0,0.0
2018-04-02 00:00:00-04:00,34.470001220703125,34.470001220703125,33.18000030517578,34.290000915527344,11133,0.0,0.0
2018-04-03 00:00:00-04:00,34.560001373291016,34.560001373291016,33.78900146484375,34.560001373291016,11767,0.0,0.0
2018-04-04 00:00:00-04:00,34.290000915527344,34.470001220703125,33.36000061035156,34.20000076293945,13167,0.0,0.0
2018-04-05 00:00:00-04:00,33.38999938964844,33.38999938964844,32.400001525878906,33.209999084472656,16367,0.0,0.0
2018-04-06 00:00:00-04:00,33.2400016784668,33.2400016784668,31.986000061035156,32.66999816894531,11500,0.0,0.0
2018-04-09 00:00:00-04:00,32.54999923706055,33.45000076293945,32.34000015258789,32.459999084472656,11633,0.0,0.0
2018-04-10 00:00:00-04:00,33.2400016784668,33.47700119018555,32.4900016784668,32.81999969482422,10733,0.0,0.0
2018-04-11 00:00:00-04:00,33.18000030517578,33.599998474121094,32.58000183105469,33.0,15367,0.0,0.0
2018-04-12 00:00:00-04:00,32.970001220703125,33.779998779296875,32.310001373291016,33.0,9533,0.0,0.0
2018-04-13 00:00:00-04:00,33.29999923706055,35.25,33.2400016784668,33.75,52567,0.0,0.0
2018-04-16 00:00:00-04:00,33.84000015258789,34.7400016784668,33.84000015258789,34.59000015258789,7800,0.0,0.0
2018-04-17 00:00:00-04:00,35.0099983215332,35.099998474121094,34.380001068115234,34.79999923706055,7867,0.0,0.0
2018-04-18 00:00:00-04:00,34.97999954223633,35.400001525878906,34.650001525878906,35.400001525878906,30300,0.0,0.0
2018-04-19 00:00:00-04:00,35.54999923706055,35.849998474121094,35.54999923706055,35.81999969482422,5633,0.0,0.0
2018-04-20 00:00:00-04:00,36.27000045776367,36.27000045776367,34.650001525878906,35.040000915527344,10133,0.0,0.0
2018-04-23 00:00:00-04:00,34.95000076293945,35.369998931884766,33.689998626708984,33.9900016784668,13300,0.0,0.0
2018-04-24 00:00:00-04:00,34.20000076293945,34.5,32.459999084472656,33.029998779296875,13467,0.0,0.0
2018-04-25 00:00:00-04:00,33.33000183105469,33.45000076293945,32.63999938964844,33.029998779296875,7933,0.0,0.0
2018-04-26 00:00:00-04:00,33.630001068115234,33.75,33.0,33.060001373291016,3633,0.0,0.0
2018-04-27 00:00:00-04:00,32.70000076293945,33.689998626708984,32.70000076293945,33.0,4400,0.0,0.0
2018-04-30 00:00:00-04:00,33.599998474121094,34.31999969482422,33.060001373291016,34.31999969482422,3800,0.0,0.0
2018-05-01 00:00:00-04:00,34.02000045776367,34.02000045776367,32.7599983215332,33.119998931884766,9033,0.0,0.0
2018-05-02 00:00:00-04:00,33.45000076293945,33.810001373291016,33.029998779296875,33.119998931884766,5367,0.0,0.0
2018-05-03 00:00:00-04:00,33.75,33.900001525878906,33.29999923706055,33.630001068115234,4600,0.0,0.0
2018-05-04 00:00:00-04:00,34.529998779296875,35.040000915527344,34.22999954223633,34.79999923706055,11367,0.0,0.0
2018-05-07 00:00:00-04:00,35.06999969482422,35.06999969482422,34.83000183105469,34.95000076293945,2900,0.0,0.0
2018-05-08 00:00:00-04:00,34.95000076293945,35.63999938964844,34.650001525878906,34.97999954223633,10733,0.0,0.0
2018-05-09 00:00:00-04:00,34.97999954223633,35.15999984741211,34.007999420166016,34.83000183105469,6367,0.0,0.0
2018-05-10 00:00:00-04:00,35.70000076293945,35.70000076293945,34.650001525878906,35.369998931884766,5700,0.0,0.0
2018-05-11 00:00:00-04:00,36.0,36.2400016784668,35.099998474121094,35.63999938964844,10900,0.0,0.0
2018-05-14 00:00:00-04:00,35.970001220703125,35.970001220703125,34.96500015258789,35.54999923706055,8833,0.0,0.0
2018-05-15 00:00:00-04:00,36.0,36.150001525878906,35.26499938964844,35.970001220703125,22533,0.0,0.0
2018-05-16 00:00:00-04:00,36.29999923706055,37.13999938964844,35.849998474121094,37.13999938964844,31067,0.0,0.0
2018-05-17 00:00:00-04:00,36.869998931884766,36.869998931884766,36.19499969482422,36.209999084472656,15400,0.0,0.0
2018-05-18 00:00:00-04:00,36.869998931884766,36.869998931884766,36.19499969482422,36.209999084472656,700,0.0,0.0
2018-05-21 00:00:00-04:00,36.599998474121094,36.599998474121094,35.43000030517578,36.060001373291016,13767,0.0,0.0
2018-05-22 00:00:00-04:00,36.75,37.439998626708984,36.38999938964844,37.13999938964844,23667,0.0,0.0
2018-05-23 00:00:00-04:00,37.83000183105469,40.560001373291016,36.630001068115234,36.810001373291016,46833,0.0,0.0
2018-05-24 00:00:00-04:00,38.369998931884766,38.369998931884766,36.029998779296875,37.349998474121094,20100,0.0,0.0
2018-05-25 00:00:00-04:00,36.41999816894531,36.810001373291016,35.790000915527344,36.599998474121094,11667,0.0,0.0
2018-05-29 00:00:00-04:00,36.599998474121094,36.599998474121094,35.70000076293945,36.0,11567,0.0,0.0
2018-05-30 00:00:00-04:00,36.45000076293945,36.45000076293945,35.849998474121094,36.09000015258789,13667,0.0,0.0
2018-05-31 00:00:00-04:00,36.209999084472656,36.224998474121094,35.15999984741211,35.459999084472656,9733,0.0,0.0
2018-06-01 00:00:00-04:00,34.349998474121094,35.040000915527344,33.65999984741211,34.59000015258789,16600,0.0,0.0
2018-06-04 00:00:00-04:00,34.875,36.29999923706055,34.79999923706055,36.29999923706055,20300,0.0,0.0
2018-06-05 00:00:00-04:00,36.540000915527344,36.56999969482422,35.400001525878906,35.7599983215332,6467,0.0,0.0
2018-06-06 00:00:00-04:00,35.70000076293945,36.029998779296875,35.61600112915039,36.0,20933,0.0,0.0
2018-06-07 00:00:00-04:00,35.4900016784668,36.29999923706055,35.4900016784668,36.0,20900,0.0,0.0
2018-06-08 00:00:00-04:00,36.029998779296875,36.810001373291016,35.7599983215332,36.75,41433,0.0,0.0
2018-06-11 00:00:00-04:00,36.9900016784668,36.9900016784668,34.69499969482422,35.58000183105469,23900,0.0,0.0
2018-06-12 00:00:00-04:00,35.90999984741211,37.02000045776367,35.63999938964844,37.02000045776367,25500,0.0,0.0
2018-06-13 00:00:00-04:00,36.599998474121094,36.599998474121094,35.099998474121094,35.400001525878906,15633,0.0,0.0
2018-06-14 00:00:00-04:00,35.54999923706055,35.70000076293945,32.66999816894531,34.391998291015625,41767,0.0,0.0
2018-06-15 00:00:00-04:00,35.58000183105469,36.900001525878906,34.83000183105469,34.97999954223633,53100,0.0,0.0
2018-06-18 00:00:00-04:00,32.25,33.689998626708984,24.18000030517578,27.690000534057617,246600,0.0,0.0
2018-06-19 00:00:00-04:00,28.260000228881836,30.809999465942383,27.75,29.114999771118164,40267,0.0,0.0
2018-06-20 00:00:00-04:00,29.34000015258789,30.059999465942383,27.923999786376953,28.3799991607666,79533,0.0,0.0
2018-06-21 00:00:00-04:00,29.100000381469727,29.1299991607666,26.700000762939453,26.969999313354492,73233,0.0,0.0
2018-06-22 00:00:00-04:00,27.149999618530273,27.329999923706055,25.649999618530273,26.90999984741211,47200,0.0,0.0
2018-06-25 00:00:00-04:00,27.329999923706055,31.469999313354492,27.2549991607666,30.540000915527344,69267,0.0,0.0
2018-06-26 00:00:00-04:00,31.559999465942383,31.739999771118164,29.969999313354492,30.690000534057617,25033,0.0,0.0
2018-06-27 00:00:00-04:00,30.75,31.739999771118164,28.950000762939453,29.760000228881836,34300,0.0,0.0
2018-06-28 00:00:00-04:00,30.0,30.93000030517578,28.31999969482422,30.719999313354492,31900,0.0,0.0
2018-06-29 00:00:00-04:00,31.5,31.5,29.43000030517578,30.18000030517578,18933,0.0,0.0
2018-07-02 00:00:00-04:00,30.1200008392334,30.1200008392334,29.010000228881836,29.670000076293945,10167,0.0,0.0
2018-07-03 00:00:00-04:00,30.09000015258789,30.111000061035156,28.652999877929688,29.190000534057617,10000,0.0,0.0
2018-07-05 00:00:00-04:00,29.8799991607666,29.940000534057617,28.559999465942383,28.979999542236328,15400,0.0,0.0
2018-07-06 00:00:00-04:00,29.520000457763672,29.520000457763672,28.649999618530273,29.010000228881836,10600,0.0,0.0
2018-07-09 00:00:00-04:00,29.81999969482422,29.8799991607666,28.829999923706055,29.790000915527344,8200,0.0,0.0
2018-07-10 00:00:00-04:00,29.940000534057617,29.940000534057617,28.889999389648438,29.3700008392334,10233,0.0,0.0
2018-07-11 00:00:00-04:00,28.559999465942383,28.982999801635742,27.56999969482422,28.274999618530273,18467,0.0,0.0
2018-07-12 00:00:00-04:00,29.280000686645508,29.43000030517578,28.530000686645508,29.06999969482422,12167,0.0,0.0
2018-07-13 00:00:00-04:00,29.1299991607666,29.277000427246094,27.329999923706055,27.8700008392334,11667,0.0,0.0
2018-07-16 00:00:00-04:00,28.739999771118164,28.799999237060547,27.389999389648438,28.290000915527344,11600,0.0,0.0
2018-07-17 00:00:00-04:00,29.520000457763672,29.520000457763672,27.030000686645508,27.899999618530273,26367,0.0,0.0
2018-07-18 00:00:00-04:00,28.559999465942383,28.559999465942383,27.059999465942383,27.690000534057617,15100,0.0,0.0
2018-07-19 00:00:00-04:00,28.049999237060547,28.065000534057617,26.520000457763672,26.940000534057617,32100,0.0,0.0
2018-07-20 00:00:00-04:00,27.600000381469727,27.600000381469727,25.94099998474121,26.399999618530273,15600,0.0,0.0
2018-07-23 00:00:00-04:00,25.649999618530273,27.0,25.649999618530273,26.43000030517578,20133,0.0,0.0
2018-07-24 00:00:00-04:00,27.0,27.420000076293945,26.700000762939453,26.8799991607666,12367,0.0,0.0
2018-07-25 00:00:00-04:00,27.1200008392334,28.5,27.1200008392334,28.5,11567,0.0,0.0
2018-07-26 00:00:00-04:00,29.010000228881836,29.010000228881836,27.360000610351562,28.350000381469727,18567,0.0,0.0
2018-07-27 00:00:00-04:00,28.440000534057617,28.889999389648438,27.92099952697754,27.93000030517578,9100,0.0,0.0
2018-07-30 00:00:00-04:00,28.229999542236328,28.68000030517578,26.8799991607666,28.5,12133,0.0,0.0
2018-07-31 00:00:00-04:00,28.829999923706055,28.950000762939453,27.56999969482422,27.780000686645508,10800,0.0,0.0
2018-08-01 00:00:00-04:00,27.26099967956543,28.40999984741211,26.850000381469727,26.850000381469727,30700,0.0,0.0
2018-08-02 00:00:00-04:00,27.600000381469727,28.200000762939453,25.979999542236328,28.170000076293945,30267,0.0,0.0
2018-08-03 00:00:00-04:00,27.8700008392334,27.899999618530273,26.520000457763672,27.420000076293945,16233,0.0,0.0
2018-08-06 00:00:00-04:00,27.719999313354492,27.719999313354492,25.829999923706055,26.3700008392334,13567,0.0,0.0
2018-08-07 00:00:00-04:00,26.520000457763672,26.790000915527344,25.739999771118164,25.889999389648438,25067,0.0,0.0
2018-08-08 00:00:00-04:00,25.829999923706055,26.190000534057617,25.649999618530273,25.979999542236328,2967,0.0,0.0
2018-08-09 00:00:00-04:00,25.709999084472656,25.829999923706055,24.780000686645508,25.200000762939453,7900,0.0,0.0
2018-08-10 00:00:00-04:00,24.809999465942383,25.3799991607666,24.360000610351562,24.65999984741211,9167,0.0,0.0
2018-08-13 00:00:00-04:00,25.170000076293945,25.170000076293945,22.007999420166016,22.979999542236328,23600,0.0,0.0
2018-08-14 00:00:00-04:00,22.799999237060547,23.43000030517578,21.93899917602539,22.260000228881836,17667,0.0,0.0
2018-08-15 00:00:00-04:00,21.909000396728516,22.170000076293945,21.0,22.110000610351562,31367,0.0,0.0
2018-08-16 00:00:00-04:00,22.770000457763672,24.299999237060547,21.809999465942383,23.940000534057617,24400,0.0,0.0
2018-08-17 00:00:00-04:00,23.969999313354492,26.694000244140625,23.700000762939453,25.739999771118164,25167,0.0,0.0
2018-08-20 00:00:00-04:00,26.969999313354492,27.18000030517578,24.21299934387207,24.690000534057617,24300,0.0,0.0
2018-08-21 00:00:00-04:00,25.5,26.850000381469727,24.149999618530273,24.389999389648438,25967,0.0,0.0
2018-08-22 00:00:00-04:00,25.260000228881836,25.739999771118164,24.719999313354492,25.59000015258789,37500,0.0,0.0
2018-08-23 00:00:00-04:00,25.950000762939453,25.950000762939453,24.899999618530273,25.350000381469727,46800,0.0,0.0
2018-08-24 00:00:00-04:00,25.350000381469727,26.04599952697754,24.420000076293945,24.923999786376953,20767,0.0,0.0
2018-08-27 00:00:00-04:00,24.239999771118164,25.649999618530273,24.077999114990234,24.600000381469727,33800,0.0,0.0
2018-08-28 00:00:00-04:00,23.8799991607666,25.799999237060547,23.8799991607666,25.469999313354492,45567,0.0,0.0
2018-08-29 00:00:00-04:00,24.56999969482422,26.4689998626709,24.56999969482422,25.950000762939453,47300,0.0,0.0
2018-08-30 00:00:00-04:00,26.010000228881836,26.15999984741211,25.530000686645508,25.799999237060547,31467,0.0,0.0
2018-08-31 00:00:00-04:00,25.770000457763672,26.100000381469727,25.350000381469727,25.6200008392334,22033,0.0,0.0
2018-09-04 00:00:00-04:00,25.3799991607666,26.309999465942383,25.020000457763672,26.010000228881836,46900,0.0,0.0
2018-09-05 00:00:00-04:00,24.66900062561035,26.100000381469727,24.66900062561035,25.440000534057617,26533,0.0,0.0
2018-09-06 00:00:00-04:00,24.93000030517578,25.649999618530273,24.479999542236328,25.020000457763672,39367,0.0,0.0
2018-09-07 00:00:00-04:00,24.93000030517578,25.31999969482422,24.8700008392334,25.020000457763672,33500,0.0,0.0
2018-09-10 00:00:00-04:00,24.84000015258789,25.260000228881836,23.670000076293945,23.940000534057617,39567,0.0,0.0
2018-09-11 00:00:00-04:00,23.670000076293945,24.239999771118164,22.799999237060547,23.639999389648438,39533,0.0,0.0
2018-09-12 00:00:00-04:00,23.700000762939453,24.18000030517578,23.010000228881836,23.90999984741211,35967,0.0,0.0
2018-09-13 00:00:00-04:00,24.329999923706055,24.600000381469727,23.100000381469727,23.3700008392334,46100,0.0,0.0
2018-09-14 00:00:00-04:00,23.219999313354492,24.239999771118164,21.93000030517578,22.68000030517578,105167,0.0,0.0
2018-09-17 00:00:00-04:00,22.469999313354492,23.850000381469727,22.469999313354492,23.639999389648438,37100,0.0,0.0
2018-09-18 00:00:00-04:00,23.520000457763672,24.030000686645508,23.06999969482422,23.729999542236328,39367,0.0,0.0
2018-09-19 00:00:00-04:00,23.729999542236328,24.899999618530273,23.3700008392334,24.329999923706055,32033,0.0,0.0
2018-09-20 00:00:00-04:00,24.299999237060547,25.229999542236328,23.700000762939453,24.93000030517578,28800,0.0,0.0
2018-09-21 00:00:00-04:00,24.959999084472656,25.260000228881836,24.1200008392334,24.93000030517578,38467,0.0,0.0
2018-09-24 00:00:00-04:00,24.899999618530273,25.6200008392334,24.75,24.75,34067,0.0,0.0
2018-09-25 00:00:00-04:00,25.170000076293945,25.7189998626709,23.549999237060547,23.969999313354492,89267,0.0,0.0
2018-09-26 00:00:00-04:00,23.90999984741211,24.101999282836914,23.010000228881836,23.34000015258789,52967,0.0,0.0
2018-09-27 00:00:00-04:00,23.489999771118164,23.85300064086914,22.799999237060547,23.34000015258789,25733,0.0,0.0
2018-09-28 00:00:00-04:00,23.459999084472656,23.969999313354492,23.43000030517578,23.639999389648438,19767,0.0,0.0
2018-10-01 00:00:00-04:00,23.8799991607666,23.90999984741211,23.579999923706055,23.639999389648438,29033,0.0,0.0
2018-10-02 00:00:00-04:00,23.459999084472656,24.0,23.309999465942383,23.489999771118164,31600,0.0,0.0
2018-10-03 00:00:00-04:00,23.639999389648438,24.0,23.43000030517578,23.850000381469727,59933,0.0,0.0
2018-10-04 00:00:00-04:00,23.850000381469727,24.149999618530273,23.700000762939453,24.149999618530273,67367,0.0,0.0
2018-10-05 00:00:00-04:00,24.149999618530273,24.209999084472656,23.399999618530273,23.399999618530273,43067,0.0,0.0
2018-10-08 00:00:00-04:00,23.06999969482422,24.030000686645508,23.06999969482422,23.81999969482422,31500,0.0,0.0
2018-10-09 00:00:00-04:00,24.09000015258789,24.1200008392334,23.43000030517578,23.81999969482422,24500,0.0,0.0
2018-10-10 00:00:00-04:00,23.639999389648438,23.969999313354492,22.799999237060547,22.799999237060547,31233,0.0,0.0
2018-10-11 00:00:00-04:00,22.6200008392334,23.138999938964844,22.229999542236328,22.31999969482422,34133,0.0,0.0
2018-10-12 00:00:00-04:00,22.739999771118164,22.950000762939453,22.200000762939453,22.31999969482422,27733,0.0,0.0
2018-10-15 00:00:00-04:00,22.170000076293945,23.43000030517578,22.170000076293945,23.399999618530273,48567,0.0,0.0
2018-10-16 00:00:00-04:00,23.700000762939453,24.09000015258789,23.219999313354492,23.610000610351562,47833,0.0,0.0
2018-10-17 00:00:00-04:00,23.1299991607666,23.91900062561035,23.1299991607666,23.639999389648438,31433,0.0,0.0
2018-10-18 00:00:00-04:00,23.280000686645508,23.700000762939453,22.889999389648438,22.979999542236328,58633,0.0,0.0
2018-10-19 00:00:00-04:00,22.829999923706055,23.670000076293945,22.829999923706055,23.3700008392334,41200,0.0,0.0
2018-10-22 00:00:00-04:00,23.55900001525879,23.90999984741211,23.15999984741211,23.15999984741211,37733,0.0,0.0
2018-10-23 00:00:00-04:00,22.950000762939453,23.43000030517578,22.631999969482422,22.979999542236328,33300,0.0,0.0
2018-10-24 00:00:00-04:00,23.100000381469727,23.190000534057617,22.770000457763672,22.889999389648438,26000,0.0,0.0
2018-10-25 00:00:00-04:00,22.950000762939453,23.790000915527344,22.950000762939453,23.610000610351562,40533,0.0,0.0
2018-10-26 00:00:00-04:00,23.520000457763672,23.8799991607666,23.25,23.670000076293945,38867,0.0,0.0
2018-10-29 00:00:00-04:00,23.399999618530273,24.09000015258789,23.309999465942383,23.309999465942383,56833,0.0,0.0
2018-10-30 00:00:00-04:00,23.219999313354492,23.729999542236328,23.040000915527344,23.489999771118164,38000,0.0,0.0
2018-10-31 00:00:00-04:00,23.610000610351562,24.09000015258789,23.25,23.25,50700,0.0,0.0
2018-11-01 00:00:00-04:00,23.940000534057617,24.059999465942383,23.399999618530273,23.760000228881836,52267,0.0,0.0
2018-11-02 00:00:00-04:00,24.059999465942383,24.1200008392334,23.280000686645508,23.280000686645508,55100,0.0,0.0
2018-11-05 00:00:00-05:00,23.219999313354492,23.969999313354492,23.219999313354492,23.610000610351562,39867,0.0,0.0
2018-11-06 00:00:00-05:00,23.547000885009766,23.729999542236328,23.309999465942383,23.3700008392334,47567,0.0,0.0
2018-11-07 00:00:00-05:00,24.270000457763672,24.299999237060547,22.440000534057617,22.5,70767,0.0,0.0
2018-11-08 00:00:00-05:00,22.110000610351562,23.25,21.18000030517578,21.270000457763672,71667,0.0,0.0
2018-11-09 00:00:00-05:00,20.8799991607666,21.75,20.1299991607666,20.549999237060547,81100,0.0,0.0
2018-11-12 00:00:00-05:00,20.1299991607666,20.610000610351562,19.40999984741211,19.530000686645508,34933,0.0,0.0
2018-11-13 00:00:00-05:00,19.6200008392334,20.25,18.65999984741211,18.899999618530273,47633,0.0,0.0
2018-11-14 00:00:00-05:00,18.65999984741211,19.170000076293945,18.0,18.149999618530273,63533,0.0,0.0
2018-11-15 00:00:00-05:00,17.8799991607666,18.239999771118164,15.510000228881836,16.079999923706055,124767,0.0,0.0
2018-11-16 00:00:00-05:00,15.6899995803833,16.59000015258789,15.300000190734863,15.300000190734863,75200,0.0,0.0
2018-11-19 00:00:00-05:00,14.970000267028809,16.139999389648438,14.579999923706055,15.779999732971191,94433,0.0,0.0
2018-11-20 00:00:00-05:00,15.569999694824219,16.709999084472656,15.539999961853027,16.260000228881836,81867,0.0,0.0
2018-11-21 00:00:00-05:00,16.3799991607666,17.100000381469727,14.819999694824219,14.850000381469727,84600,0.0,0.0
2018-11-23 00:00:00-05:00,14.699999809265137,15.270000457763672,14.699999809265137,14.850000381469727,16067,0.0,0.0
2018-11-26 00:00:00-05:00,14.90999984741211,15.194999694824219,13.710000038146973,13.739999771118164,58200,0.0,0.0
2018-11-27 00:00:00-05:00,13.649999618530273,13.829999923706055,12.899999618530273,13.109999656677246,95333,0.0,0.0
2018-11-28 00:00:00-05:00,13.020000457763672,13.40999984741211,12.449999809265137,13.109999656677246,79467,0.0,0.0
2018-11-29 00:00:00-05:00,12.930000305175781,13.920000076293945,12.84000015258789,13.050000190734863,79667,0.0,0.0
2018-11-30 00:00:00-05:00,13.140000343322754,13.350000381469727,12.800999641418457,13.199999809265137,44100,0.0,0.0
2018-12-03 00:00:00-05:00,12.0,12.0,9.449999809265137,9.539999961853027,228667,0.0,0.0
2018-12-04 00:00:00-05:00,9.539999961853027,9.899999618530273,8.729999542236328,9.0,176000,0.0,0.0
2018-12-06 00:00:00-05:00,7.920000076293945,8.63700008392334,6.449999809265137,6.71999979019165,321800,0.0,0.0
2018-12-07 00:00:00-05:00,6.71999979019165,6.960000038146973,5.610000133514404,5.670000076293945,260467,0.0,0.0
2018-12-10 00:00:00-05:00,6.900000095367432,8.550000190734863,6.360000133514404,6.690000057220459,2485500,0.0,0.0
2018-12-11 00:00:00-05:00,6.809999942779541,7.199999809265137,5.760000228881836,6.0,553367,0.0,0.0
2018-12-12 00:00:00-05:00,6.269999980926514,6.449999809265137,6.059999942779541,6.179999828338623,208900,0.0,0.0
2018-12-13 00:00:00-05:00,6.300000190734863,6.78000020980835,6.300000190734863,6.449999809265137,249800,0.0,0.0
2018-12-14 00:00:00-05:00,6.300000190734863,6.659999847412109,5.699999809265137,5.849999904632568,259233,0.0,0.0
2018-12-17 00:00:00-05:00,5.940000057220459,6.510000228881836,5.849999904632568,5.880000114440918,170800,0.0,0.0
2018-12-18 00:00:00-05:00,5.96999979019165,6.269999980926514,5.880000114440918,5.909999847412109,86833,0.0,0.0
2018-12-19 00:00:00-05:00,5.849999904632568,6.03000020980835,5.789999961853027,6.0,119767,0.0,0.0
2018-12-20 00:00:00-05:00,5.96999979019165,6.059999942779541,5.699999809265137,5.849999904632568,108000,0.0,0.0
2018-12-21 00:00:00-05:00,6.0,6.0,5.60699987411499,5.699999809265137,159200,0.0,0.0
2018-12-24 00:00:00-05:00,5.760000228881836,5.849999904632568,5.61299991607666,5.849999904632568,56833,0.0,0.0
2018-12-26 00:00:00-05:00,5.849999904632568,6.630000114440918,5.769000053405762,6.510000228881836,202033,0.0,0.0
2018-12-27 00:00:00-05:00,6.420000076293945,7.289999961853027,6.300000190734863,7.199999809265137,338267,0.0,0.0
2018-12-28 00:00:00-05:00,7.110000133514404,8.178000450134277,7.110000133514404,7.860000133514404,260067,0.0,0.0
2018-12-31 00:00:00-05:00,8.100000381469727,8.100000381469727,7.215000152587891,7.5,234467,0.0,0.0
2019-01-02 00:00:00-05:00,7.230000019073486,7.230000019073486,6.500999927520752,6.900000095367432,223300,0.0,0.0
2019-01-03 00:00:00-05:00,6.960000038146973,7.170000076293945,6.78000020980835,7.079999923706055,90200,0.0,0.0
2019-01-04 00:00:00-05:00,7.139999866485596,7.650000095367432,6.960000038146973,7.559999942779541,99733,0.0,0.0
2019-01-07 00:00:00-05:00,7.739999771118164,8.15999984741211,7.5,8.100000381469727,159033,0.0,0.0
2019-01-08 00:00:00-05:00,8.430000305175781,9.449999809265137,8.390999794006348,9.149999618530273,408467,0.0,0.0
2019-01-09 00:00:00-05:00,9.359999656677246,9.449999809265137,8.489999771118164,8.9399995803833,277633,0.0,0.0
2019-01-10 00:00:00-05:00,8.819999694824219,8.850000381469727,8.220000267028809,8.699999809265137,263233,0.0,0.0
2019-01-11 00:00:00-05:00,8.520000457763672,8.850000381469727,8.3100004196167,8.399999618530273,156100,0.0,0.0
2019-01-14 00:00:00-05:00,8.1899995803833,8.460000038146973,7.980000019073486,7.980000019073486,130567,0.0,0.0
2019-01-15 00:00:00-05:00,7.920000076293945,8.579999923706055,7.110000133514404,8.460000038146973,268400,0.0,0.0
2019-01-16 00:00:00-05:00,7.800000190734863,8.460000038146973,7.650000095367432,8.369999885559082,144833,0.0,0.0
2019-01-17 00:00:00-05:00,8.15999984741211,8.460000038146973,7.889999866485596,8.1899995803833,51500,0.0,0.0
2019-01-18 00:00:00-05:00,8.25,8.970000267028809,8.25,8.819999694824219,97700,0.0,0.0
2019-01-22 00:00:00-05:00,8.609999656677246,8.609999656677246,8.039999961853027,8.130000114440918,60633,0.0,0.0
2019-01-23 00:00:00-05:00,7.920000076293945,8.366999626159668,7.829999923706055,8.010000228881836,53767,0.0,0.0
2019-01-24 00:00:00-05:00,8.100000381469727,8.100000381469727,7.050000190734863,7.409999847412109,122133,0.0,0.0
2019-01-25 00:00:00-05:00,7.5,7.679999828338623,7.440000057220459,7.53000020980835,64800,0.0,0.0
2019-01-28 00:00:00-05:00,7.5,7.5,7.110000133514404,7.349999904632568,68000,0.0,0.0
2019-01-29 00:00:00-05:00,7.230000019073486,7.619999885559082,7.230000019073486,7.5,45300,0.0,0.0
2019-01-30 00:00:00-05:00,7.590000152587891,7.829999923706055,7.5,7.829999923706055,55533,0.0,0.0
2019-01-31 00:00:00-05:00,7.739999771118164,8.25,7.710000038146973,8.15999984741211,58133,0.0,0.0
2019-02-01 00:00:00-05:00,8.100000381469727,8.369999885559082,7.710000038146973,7.949999809265137,54733,0.0,0.0
2019-02-04 00:00:00-05:00,7.710000038146973,8.15999984741211,7.710000038146973,7.980000019073486,58000,0.0,0.0
2019-02-05 00:00:00-05:00,7.949999809265137,8.399999618530273,7.920000076293945,8.3100004196167,59867,0.0,0.0
2019-02-06 00:00:00-05:00,8.3100004196167,8.729999542236328,8.3100004196167,8.489999771118164,61067,0.0,0.0
2019-02-07 00:00:00-05:00,8.640000343322754,8.760000228881836,8.114999771118164,8.130000114440918,63000,0.0,0.0
2019-02-08 00:00:00-05:00,8.006999969482422,8.34000015258789,7.889999866485596,8.25,44300,0.0,0.0
2019-02-11 00:00:00-05:00,8.399999618530273,8.699999809265137,8.3100004196167,8.609999656677246,62333,0.0,0.0
2019-02-12 00:00:00-05:00,8.699999809265137,8.9399995803833,8.520000457763672,8.520000457763672,58733,0.0,0.0
2019-02-13 00:00:00-05:00,8.670000076293945,8.789999961853027,8.550000190734863,8.729999542236328,58733,0.0,0.0
2019-02-14 00:00:00-05:00,8.699999809265137,8.850000381469727,8.520000457763672,8.789999961853027,59233,0.0,0.0
2019-02-15 00:00:00-05:00,8.699999809265137,8.970000267028809,8.699999809265137,8.760000228881836,60600,0.0,0.0
2019-02-19 00:00:00-05:00,8.699999809265137,9.029999732971191,8.609999656677246,8.850000381469727,62800,0.0,0.0
2019-02-20 00:00:00-05:00,8.819999694824219,9.270000457763672,8.769000053405762,9.180000305175781,78567,0.0,0.0
2019-02-21 00:00:00-05:00,9.180000305175781,9.630000114440918,9.180000305175781,9.479999542236328,70933,0.0,0.0
2019-02-22 00:00:00-05:00,9.569999694824219,10.4399995803833,9.539999961853027,10.229999542236328,121467,0.0,0.0
2019-02-25 00:00:00-05:00,11.039999961853027,12.300000190734863,10.949999809265137,11.90999984741211,315767,0.0,0.0
2019-02-26 00:00:00-05:00,11.760000228881836,11.970000267028809,10.890000343322754,11.34000015258789,174000,0.0,0.0
2019-02-27 00:00:00-05:00,11.220000267028809,11.640000343322754,10.710000038146973,10.800000190734863,149033,0.0,0.0
2019-02-28 00:00:00-05:00,10.949999809265137,11.130000114440918,10.050000190734863,11.039999961853027,135600,0.0,0.0
2019-03-01 00:00:00-05:00,10.949999809265137,11.850000381469727,10.949999809265137,11.640000343322754,84567,0.0,0.0
2019-03-04 00:00:00-05:00,11.520000457763672,11.579999923706055,10.829999923706055,10.829999923706055,188033,0.0,0.0
2019-03-05 00:00:00-05:00,10.649999618530273,10.829999923706055,9.539999961853027,9.75,153933,0.0,0.0
2019-03-06 00:00:00-05:00,9.630000114440918,9.899999618530273,9.149999618530273,9.449999809265137,83467,0.0,0.0
2019-03-07 00:00:00-05:00,9.329999923706055,9.479999542236328,8.819999694824219,9.0,71067,0.0,0.0
2019-03-08 00:00:00-05:00,8.430000305175781,8.789999961853027,8.34000015258789,8.609999656677246,60967,0.0,0.0
2019-03-11 00:00:00-04:00,8.729999542236328,8.880000114440918,8.670000076293945,8.729999542236328,68667,0.0,0.0
2019-03-12 00:00:00-04:00,8.699999809265137,8.90999984741211,8.640000343322754,8.819999694824219,73700,0.0,0.0
2019-03-13 00:00:00-04:00,8.880000114440918,9.09000015258789,8.781000137329102,9.09000015258789,62833,0.0,0.0
2019-03-14 00:00:00-04:00,9.180000305175781,9.210000038146973,8.25,8.430000305175781,107933,0.0,0.0
2019-03-15 00:00:00-04:00,8.460000038146973,8.520000457763672,8.25,8.25,80000,0.0,0.0
2019-03-18 00:00:00-04:00,8.399999618530273,8.520000457763672,8.010000228881836,8.15999984741211,63233,0.0,0.0
2019-03-19 00:00:00-04:00,8.130000114440918,8.279999732971191,7.739999771118164,7.860000133514404,68200,0.0,0.0
2019-03-20 00:00:00-04:00,7.739999771118164,8.25,7.739999771118164,7.800000190734863,36400,0.0,0.0
2019-03-21 00:00:00-04:00,7.829999923706055,8.010000228881836,7.800000190734863,7.980000019073486,38567,0.0,0.0
2019-03-22 00:00:00-04:00,7.949999809265137,8.010000228881836,7.619999885559082,7.679999828338623,46633,0.0,0.0
2019-03-25 00:00:00-04:00,7.650000095367432,7.650000095367432,7.260000228881836,7.380000114440918,63167,0.0,0.0
2019-03-26 00:00:00-04:00,7.5,8.15999984741211,7.199999809265137,8.039999961853027,93767,0.0,0.0
2019-03-27 00:00:00-04:00,8.100000381469727,9.029999732971191,8.100000381469727,8.760000228881836,104233,0.0,0.0
2019-03-28 00:00:00-04:00,8.3100004196167,9.029999732971191,8.279999732971191,8.850000381469727,66367,0.0,0.0
2019-03-29 00:00:00-04:00,9.149999618530273,10.322999954223633,9.149999618530273,10.020000457763672,249933,0.0,0.0
2019-04-01 00:00:00-04:00,10.020000457763672,10.59000015258789,10.020000457763672,10.020000457763672,108200,0.0,0.0
2019-04-02 00:00:00-04:00,9.8100004196167,10.40999984741211,9.119999885559082,10.079999923706055,84300,0.0,0.0
2019-04-03 00:00:00-04:00,10.199999809265137,10.649999618530273,9.8100004196167,10.260000228881836,106533,0.0,0.0
2019-04-04 00:00:00-04:00,10.350000381469727,10.920000076293945,10.350000381469727,10.680000305175781,85133,0.0,0.0
2019-04-05 00:00:00-04:00,10.710000038146973,11.279999732971191,10.710000038146973,10.920000076293945,96000,0.0,0.0
2019-04-08 00:00:00-04:00,10.890000343322754,11.010000228881836,10.59000015258789,10.649999618530273,95933,0.0,0.0
2019-04-09 00:00:00-04:00,10.494000434875488,11.010000228881836,10.350000381469727,10.829999923706055,89433,0.0,0.0
2019-04-10 00:00:00-04:00,10.859999656677246,11.399999618530273,10.859999656677246,11.039999961853027,144200,0.0,0.0
2019-04-11 00:00:00-04:00,10.800000190734863,11.25,10.770000457763672,10.800000190734863,97000,0.0,0.0
2019-04-12 00:00:00-04:00,10.920000076293945,11.25,10.59000015258789,10.859999656677246,96567,0.0,0.0
2019-04-15 00:00:00-04:00,10.680000305175781,10.859999656677246,9.65999984741211,9.869999885559082,126067,0.0,0.0
2019-04-16 00:00:00-04:00,9.84000015258789,10.289999961853027,9.65999984741211,9.6899995803833,101900,0.0,0.0
2019-04-17 00:00:00-04:00,9.779999732971191,9.84000015258789,8.100000381469727,8.3100004196167,190567,0.0,0.0
2019-04-18 00:00:00-04:00,8.399999618530273,8.670000076293945,8.34000015258789,8.369999885559082,75800,0.0,0.0
2019-04-22 00:00:00-04:00,8.3100004196167,8.670000076293945,8.220000267028809,8.640000343322754,67633,0.0,0.0
2019-04-23 00:00:00-04:00,8.550000190734863,9.029999732971191,8.550000190734863,8.699999809265137,83367,0.0,0.0
2019-04-24 00:00:00-04:00,8.550000190734863,8.850000381469727,8.550000190734863,8.819999694824219,59133,0.0,0.0
2019-04-25 00:00:00-04:00,8.819999694824219,8.906999588012695,8.399999618530273,8.550000190734863,63900,0.0,0.0
2019-04-26 00:00:00-04:00,8.550000190734863,8.850000381469727,8.520000457763672,8.760000228881836,52433,0.0,0.0
2019-04-29 00:00:00-04:00,8.760000228881836,9.0,8.25,8.729999542236328,51267,0.0,0.0
2019-04-30 00:00:00-04:00,8.670000076293945,8.96399974822998,8.520000457763672,8.550000190734863,35667,0.0,0.0
2019-05-01 00:00:00-04:00,8.550000190734863,8.850000381469727,8.520000457763672,8.579999923706055,35067,0.0,0.0
2019-05-02 00:00:00-04:00,8.550000190734863,8.640000343322754,8.25,8.550000190734863,40200,0.0,0.0
2019-05-03 00:00:00-04:00,8.670000076293945,8.819999694824219,8.579999923706055,8.760000228881836,45100,0.0,0.0
2019-05-06 00:00:00-04:00,8.460000038146973,8.699999809265137,8.25,8.460000038146973,61500,0.0,0.0
2019-05-07 00:00:00-04:00,8.489999771118164,8.819999694824219,8.25,8.640000343322754,70267,0.0,0.0
2019-05-08 00:00:00-04:00,8.699999809265137,8.90999984741211,8.640000343322754,8.789999961853027,58000,0.0,0.0
2019-05-09 00:00:00-04:00,8.550000190734863,8.789999961853027,8.399999618530273,8.699999809265137,39867,0.0,0.0
2019-05-10 00:00:00-04:00,8.699999809265137,9.210000038146973,8.699999809265137,9.210000038146973,72267,0.0,0.0
2019-05-13 00:00:00-04:00,8.880000114440918,9.210000038146973,8.670000076293945,8.760000228881836,45500,0.0,0.0
2019-05-14 00:00:00-04:00,8.850000381469727,8.90999984741211,8.279999732971191,8.430000305175781,72967,0.0,0.0
2019-05-15 00:00:00-04:00,8.550000190734863,8.579999923706055,8.25,8.399999618530273,43633,0.0,0.0
2019-05-16 00:00:00-04:00,8.399999618530273,8.550000190734863,8.3100004196167,8.399999618530273,56633,0.0,0.0
2019-05-17 00:00:00-04:00,8.25,8.520000457763672,8.25,8.430000305175781,39567,0.0,0.0
2019-05-20 00:00:00-04:00,8.279999732971191,8.460000038146973,8.1899995803833,8.220000267028809,50633,0.0,0.0
2019-05-21 00:00:00-04:00,8.25,8.399999618530273,8.010000228881836,8.100000381469727,66133,0.0,0.0
2019-05-22 00:00:00-04:00,8.039999961853027,8.25,7.889999866485596,7.949999809265137,64033,0.0,0.0
2019-05-23 00:00:00-04:00,7.889999866485596,8.100000381469727,7.739999771118164,7.800000190734863,78100,0.0,0.0
2019-05-24 00:00:00-04:00,7.710000038146973,8.069999694824219,7.710000038146973,8.010000228881836,63467,0.0,0.0
2019-05-28 00:00:00-04:00,8.010000228881836,8.279999732971191,8.010000228881836,8.220000267028809,67700,0.0,0.0
2019-05-29 00:00:00-04:00,8.15999984741211,8.34000015258789,8.15999984741211,8.220000267028809,71733,0.0,0.0
2019-05-30 00:00:00-04:00,8.25,8.520000457763672,8.25,8.430000305175781,73200,0.0,0.0
2019-05-31 00:00:00-04:00,8.430000305175781,8.489999771118164,7.860000133514404,7.949999809265137,74800,0.0,0.0
2019-06-03 00:00:00-04:00,7.860000133514404,8.039999961853027,7.559999942779541,7.619999885559082,71667,0.0,0.0
2019-06-04 00:00:00-04:00,7.590000152587891,7.749000072479248,6.809999942779541,6.869999885559082,110467,0.0,0.0
2019-06-05 00:00:00-04:00,7.050000190734863,7.079999923706055,6.420000076293945,6.539999961853027,53733,0.0,0.0
2019-06-06 00:00:00-04:00,6.570000171661377,6.630000114440918,6.059999942779541,6.210000038146973,36967,0.0,0.0
2019-06-07 00:00:00-04:00,6.179999828338623,6.539999961853027,6.179999828338623,6.300000190734863,40300,0.0,0.0
2019-06-10 00:00:00-04:00,6.300000190734863,6.659999847412109,6.300000190734863,6.510000228881836,39367,0.0,0.0
2019-06-11 00:00:00-04:00,6.510000228881836,6.75,6.510000228881836,6.630000114440918,36533,0.0,0.0
2019-06-12 00:00:00-04:00,6.690000057220459,6.840000152587891,6.630000114440918,6.809999942779541,52200,0.0,0.0
2019-06-13 00:00:00-04:00,6.900000095367432,7.380000114440918,6.900000095367432,7.380000114440918,69300,0.0,0.0
2019-06-14 00:00:00-04:00,7.409999847412109,7.5,7.079999923706055,7.230000019073486,45400,0.0,0.0
2019-06-17 00:00:00-04:00,7.230000019073486,7.590000152587891,7.230000019073486,7.409999847412109,81467,0.0,0.0
2019-06-18 00:00:00-04:00,7.110000133514404,7.440000057220459,6.78000020980835,7.079999923706055,76167,0.0,0.0
2019-06-19 00:00:00-04:00,7.110000133514404,7.199999809265137,7.019999980926514,7.110000133514404,47500,0.0,0.0
2019-06-20 00:00:00-04:00,7.019999980926514,7.079999923706055,6.71999979019165,6.75,92700,0.0,0.0
2019-06-21 00:00:00-04:00,6.75,6.809999942779541,6.690000057220459,6.75,44833,0.0,0.0
2019-06-24 00:00:00-04:00,6.78000020980835,6.809999942779541,6.630000114440918,6.71999979019165,52667,0.0,0.0
2019-06-25 00:00:00-04:00,6.570000171661377,6.690000057220459,6.480000019073486,6.510000228881836,74667,0.0,0.0
2019-06-26 00:00:00-04:00,6.570000171661377,6.960000038146973,6.570000171661377,6.78000020980835,39333,0.0,0.0
2019-06-27 00:00:00-04:00,6.71999979019165,7.019999980926514,6.71999979019165,6.929999828338623,58867,0.0,0.0
2019-06-28 00:00:00-04:00,6.840000152587891,7.139999866485596,6.809999942779541,7.139999866485596,66633,0.0,0.0
2019-07-01 00:00:00-04:00,7.199999809265137,7.380000114440918,7.050000190734863,7.349999904632568,46000,0.0,0.0
2019-07-02 00:00:00-04:00,7.320000171661377,7.5,7.230000019073486,7.46999979019165,43567,0.0,0.0
2019-07-03 00:00:00-04:00,7.46999979019165,7.619999885559082,7.304999828338623,7.590000152587891,82467,0.0,0.0
2019-07-05 00:00:00-04:00,7.46999979019165,7.590000152587891,7.199999809265137,7.409999847412109,55400,0.0,0.0
2019-07-08 00:00:00-04:00,7.349999904632568,7.679999828338623,7.349999904632568,7.650000095367432,58167,0.0,0.0
2019-07-09 00:00:00-04:00,7.559999942779541,7.800000190734863,7.5,7.619999885559082,64667,0.0,0.0
2019-07-10 00:00:00-04:00,7.559999942779541,7.619999885559082,7.199999809265137,7.230000019073486,33700,0.0,0.0
2019-07-11 00:00:00-04:00,7.110000133514404,7.349999904632568,6.929999828338623,6.989999771118164,40600,0.0,0.0
2019-07-12 00:00:00-04:00,6.960000038146973,7.170000076293945,6.960000038146973,7.110000133514404,47800,0.0,0.0
2019-07-15 00:00:00-04:00,6.960000038146973,7.320000171661377,6.929999828338623,7.019999980926514,46700,0.0,0.0
2019-07-16 00:00:00-04:00,7.050000190734863,7.349999904632568,7.050000190734863,7.289999961853027,68200,0.0,0.0
2019-07-17 00:00:00-04:00,7.289999961853027,7.46999979019165,6.300000190734863,6.630000114440918,129767,0.0,0.0
2019-07-18 00:00:00-04:00,6.599999904632568,6.75,6.360000133514404,6.510000228881836,72367,0.0,0.0
2019-07-19 00:00:00-04:00,6.599999904632568,6.869999885559082,6.420000076293945,6.690000057220459,86567,0.0,0.0
2019-07-22 00:00:00-04:00,6.630000114440918,6.929999828338623,6.539999961853027,6.78000020980835,64167,0.0,0.0
2019-07-23 00:00:00-04:00,6.75,6.929999828338623,6.570000171661377,6.704999923706055,70167,0.0,0.0
2019-07-24 00:00:00-04:00,6.599999904632568,6.869999885559082,6.599999904632568,6.659999847412109,70900,0.0,0.0
2019-07-25 00:00:00-04:00,6.630000114440918,6.869999885559082,6.630000114440918,6.704999923706055,74300,0.0,0.0
2019-07-26 00:00:00-04:00,6.71999979019165,6.900000095367432,6.539999961853027,6.630000114440918,60433,0.0,0.0
2019-07-29 00:00:00-04:00,6.659999847412109,6.840000152587891,6.510000228881836,6.71999979019165,70133,0.0,0.0
2019-07-30 00:00:00-04:00,6.630000114440918,6.869999885559082,6.585000038146973,6.630000114440918,51800,0.0,0.0
2019-07-31 00:00:00-04:00,6.570000171661377,6.840000152587891,6.570000171661377,6.78000020980835,46633,0.0,0.0
2019-08-01 00:00:00-04:00,6.869999885559082,6.900000095367432,6.659999847412109,6.900000095367432,66467,0.0,0.0
2019-08-02 00:00:00-04:00,6.809999942779541,6.989999771118164,6.570000171661377,6.929999828338623,68167,0.0,0.0
2019-08-05 00:00:00-04:00,6.900000095367432,6.900000095367432,6.570000171661377,6.78000020980835,54100,0.0,0.0
2019-08-06 00:00:00-04:00,6.690000057220459,6.869999885559082,6.690000057220459,6.840000152587891,67733,0.0,0.0
2019-08-07 00:00:00-04:00,6.75,6.869999885559082,6.599999904632568,6.690000057220459,61533,0.0,0.0
2019-08-08 00:00:00-04:00,6.75,6.840000152587891,6.599999904632568,6.78000020980835,65767,0.0,0.0
2019-08-09 00:00:00-04:00,6.659999847412109,6.809999942779541,6.599999904632568,6.78000020980835,70133,0.0,0.0
2019-08-12 00:00:00-04:00,6.630000114440918,6.840000152587891,6.599999904632568,6.78000020980835,71900,0.0,0.0
2019-08-13 00:00:00-04:00,6.690000057220459,7.302000045776367,6.690000057220459,7.050000190734863,93933,0.0,0.0
2019-08-14 00:00:00-04:00,6.900000095367432,7.199999809265137,6.900000095367432,7.139999866485596,71167,0.0,0.0
2019-08-15 00:00:00-04:00,7.170000076293945,7.440000057220459,7.050000190734863,7.380000114440918,78033,0.0,0.0
2019-08-16 00:00:00-04:00,7.380000114440918,7.5,6.989999771118164,7.260000228881836,79367,0.0,0.0
2019-08-19 00:00:00-04:00,7.349999904632568,7.46999979019165,7.260000228881836,7.409999847412109,67133,0.0,0.0
2019-08-20 00:00:00-04:00,7.260000228881836,7.46999979019165,6.900000095367432,7.110000133514404,56600,0.0,0.0
2019-08-21 00:00:00-04:00,7.139999866485596,7.349999904632568,7.110000133514404,7.320000171661377,62767,0.0,0.0
2019-08-22 00:00:00-04:00,7.230000019073486,7.289999961853027,7.052999973297119,7.289999961853027,56433,0.0,0.0
2019-08-23 00:00:00-04:00,7.199999809265137,7.349999904632568,6.989999771118164,7.199999809265137,71833,0.0,0.0
2019-08-26 00:00:00-04:00,7.199999809265137,7.349999904632568,6.809999942779541,6.869999885559082,67233,0.0,0.0
2019-08-27 00:00:00-04:00,6.78000020980835,6.900000095367432,6.38100004196167,6.449999809265137,52867,0.0,0.0
2019-08-28 00:00:00-04:00,6.389999866485596,6.554999828338623,6.269999980926514,6.269999980926514,50367,0.0,0.0
2019-08-29 00:00:00-04:00,6.239999771118164,6.480000019073486,6.210000038146973,6.239999771118164,35900,0.0,0.0
2019-08-30 00:00:00-04:00,6.179999828338623,6.389999866485596,5.639999866485596,5.699999809265137,76767,0.0,0.0
2019-09-03 00:00:00-04:00,5.639999866485596,5.670000076293945,4.199999809265137,4.53000020980835,235600,0.0,0.0
2019-09-04 00:00:00-04:00,4.650000095367432,4.800000190734863,4.650000095367432,4.710000038146973,28767,0.0,0.0
2019-09-05 00:00:00-04:00,4.710000038146973,4.755000114440918,4.5,4.679999828338623,48033,0.0,0.0
2019-09-06 00:00:00-04:00,4.650000095367432,4.769999980926514,4.619999885559082,4.650000095367432,49500,0.0,0.0
2019-09-09 00:00:00-04:00,4.559999942779541,4.679999828338623,4.53000020980835,4.679999828338623,35233,0.0,0.0
2019-09-10 00:00:00-04:00,4.53000020980835,4.920000076293945,4.53000020980835,4.889999866485596,64467,0.0,0.0
2019-09-11 00:00:00-04:00,4.889999866485596,5.046000003814697,4.590000152587891,4.800000190734863,63933,0.0,0.0
2019-09-12 00:00:00-04:00,4.739999771118164,4.829999923706055,4.7220001220703125,4.829999923706055,35933,0.0,0.0
2019-09-13 00:00:00-04:00,4.829999923706055,5.039999961853027,4.829999923706055,5.039999961853027,65833,0.0,0.0
2019-09-16 00:00:00-04:00,5.039999961853027,5.25,4.980000019073486,5.25,59800,0.0,0.0
2019-09-17 00:00:00-04:00,5.25,5.460000038146973,4.53000020980835,4.739999771118164,86900,0.0,0.0
2019-09-18 00:00:00-04:00,4.53000020980835,5.070000171661377,4.382999897003174,5.039999961853027,61433,0.0,0.0
2019-09-19 00:00:00-04:00,5.039999961853027,5.070000171661377,4.829999923706055,4.889999866485596,26233,0.0,0.0
2019-09-20 00:00:00-04:00,4.860000133514404,4.920000076293945,4.739999771118164,4.829999923706055,26467,0.0,0.0
2019-09-23 00:00:00-04:00,4.800000190734863,4.920000076293945,4.769999980926514,4.800000190734863,24033,0.0,0.0
2019-09-24 00:00:00-04:00,4.710000038146973,4.769999980926514,4.53000020980835,4.650000095367432,33000,0.0,0.0
2019-09-25 00:00:00-04:00,4.650000095367432,4.829999923706055,4.619999885559082,4.769999980926514,18800,0.0,0.0
2019-09-26 00:00:00-04:00,4.769999980926514,4.800000190734863,4.559999942779541,4.710000038146973,18600,0.0,0.0
2019-09-27 00:00:00-04:00,4.710000038146973,4.800000190734863,4.553999900817871,4.619999885559082,20600,0.0,0.0
2019-09-30 00:00:00-04:00,4.590000152587891,4.710000038146973,4.485000133514404,4.590000152587891,18467,0.0,0.0
2019-10-01 00:00:00-04:00,4.409999847412109,4.590000152587891,4.409999847412109,4.5,35467,0.0,0.0
2019-10-02 00:00:00-04:00,4.46999979019165,4.590000152587891,4.409999847412109,4.440000057220459,40300,0.0,0.0
2019-10-03 00:00:00-04:00,4.409999847412109,4.650000095367432,4.320000171661377,4.53000020980835,37467,0.0,0.0
2019-10-04 00:00:00-04:00,4.46999979019165,4.5,4.349999904632568,4.425000190734863,34100,0.0,0.0
2019-10-07 00:00:00-04:00,4.349999904632568,4.5,4.320000171661377,4.440000057220459,42300,0.0,0.0
2019-10-08 00:00:00-04:00,4.380000114440918,4.5,4.289999961853027,4.349999904632568,39633,0.0,0.0
2019-10-09 00:00:00-04:00,4.349999904632568,4.590000152587891,4.349999904632568,4.53000020980835,42033,0.0,0.0
2019-10-10 00:00:00-04:00,4.5,4.5,4.364999771118164,4.380000114440918,34433,0.0,0.0
2019-10-11 00:00:00-04:00,4.380000114440918,4.5,4.320000171661377,4.380000114440918,51067,0.0,0.0
2019-10-14 00:00:00-04:00,4.349999904632568,4.380000114440918,4.260000228881836,4.320000171661377,26867,0.0,0.0
2019-10-15 00:00:00-04:00,4.289999961853027,4.380000114440918,4.289999961853027,4.380000114440918,35433,0.0,0.0
2019-10-16 00:00:00-04:00,4.349999904632568,4.380000114440918,4.230000019073486,4.244999885559082,42600,0.0,0.0
2019-10-17 00:00:00-04:00,4.260000228881836,4.380000114440918,3.3299999237060547,3.509999990463257,184333,0.0,0.0
2019-10-18 00:00:00-04:00,3.509999990463257,3.509999990463257,3.240000009536743,3.359999895095825,55867,0.0,0.0
2019-10-21 00:00:00-04:00,3.359999895095825,3.390000104904175,3.2100000381469727,3.240000009536743,63767,0.0,0.0
2019-10-22 00:00:00-04:00,3.119999885559082,3.299999952316284,3.059999942779541,3.240000009536743,19500,0.0,0.0
2019-10-23 00:00:00-04:00,3.2100000381469727,3.450000047683716,3.2100000381469727,3.2699999809265137,29567,0.0,0.0
2019-10-24 00:00:00-04:00,3.299999952316284,3.5399999618530273,3.2699999809265137,3.3299999237060547,30833,0.0,0.0
2019-10-25 00:00:00-04:00,3.299999952316284,3.3299999237060547,3.2100000381469727,3.2100000381469727,17000,0.0,0.0
2019-10-28 00:00:00-04:00,3.180000066757202,3.359999895095825,3.180000066757202,3.180000066757202,22667,0.0,0.0
2019-10-29 00:00:00-04:00,3.180000066757202,3.2699999809265137,3.119999885559082,3.1500000953674316,20300,0.0,0.0
2019-10-30 00:00:00-04:00,3.119999885559082,3.299999952316284,3.119999885559082,3.1500000953674316,24833,0.0,0.0
2019-10-31 00:00:00-04:00,3.119999885559082,3.240000009536743,2.9159998893737793,2.9820001125335693,75900,0.0,0.0
2019-11-01 00:00:00-04:00,3.0299999713897705,3.059999942779541,1.8509999513626099,2.006999969482422,213500,0.0,0.0
2019-11-04 00:00:00-05:00,2.055000066757202,2.072999954223633,1.8600000143051147,1.8630000352859497,71367,0.0,0.0
2019-11-05 00:00:00-05:00,1.9229999780654907,1.9500000476837158,1.5870000123977661,1.7699999809265137,77100,0.0,0.0
2019-11-06 00:00:00-05:00,1.7699999809265137,1.8300000429153442,1.7400000095367432,1.7489999532699585,34867,0.0,0.0
2019-11-07 00:00:00-05:00,1.7699999809265137,1.8839999437332153,1.7699999809265137,1.7699999809265137,60633,0.0,0.0
2019-11-08 00:00:00-05:00,1.7999999523162842,1.944000005722046,1.7009999752044678,1.7640000581741333,32800,0.0,0.0
2019-11-11 00:00:00-05:00,1.7699999809265137,1.8869999647140503,1.7640000581741333,1.8630000352859497,17533,0.0,0.0
2019-11-12 00:00:00-05:00,1.8899999856948853,2.0850000381469727,1.8300000429153442,2.069999933242798,29600,0.0,0.0
2019-11-13 00:00:00-05:00,2.069999933242798,2.0850000381469727,1.9500000476837158,2.006999969482422,17200,0.0,0.0
2019-11-14 00:00:00-05:00,1.8899999856948853,2.0850000381469727,1.8899999856948853,1.9500000476837158,16833,0.0,0.0
2019-11-15 00:00:00-05:00,2.009999990463257,2.0850000381469727,1.8300000429153442,2.069999933242798,24367,0.0,0.0
2019-11-18 00:00:00-05:00,2.009999990463257,2.009999990463257,1.590000033378601,1.652999997138977,71333,0.0,0.0
2019-11-19 00:00:00-05:00,1.649999976158142,1.649999976158142,1.3799999952316284,1.6169999837875366,75900,0.0,0.0
2019-11-20 00:00:00-05:00,1.6169999837875366,1.649999976158142,1.3650000095367432,1.5449999570846558,23833,0.0,0.0
2019-11-21 00:00:00-05:00,1.4700000286102295,1.49399995803833,1.4129999876022339,1.434000015258789,23267,0.0,0.0
2019-11-22 00:00:00-05:00,1.3919999599456787,1.409999966621399,1.2330000400543213,1.2599999904632568,58067,0.0,0.0
2019-11-25 00:00:00-05:00,1.2599999904632568,1.3980000019073486,1.2000000476837158,1.3320000171661377,61233,0.0,0.0
2019-11-26 00:00:00-05:00,1.3799999952316284,1.4579999446868896,1.2630000114440918,1.3949999809265137,17133,0.0,0.0
2019-11-27 00:00:00-05:00,1.4700000286102295,1.4700000286102295,1.3799999952316284,1.4160000085830688,17600,0.0,0.0
2019-11-29 00:00:00-05:00,1.440000057220459,1.590000033378601,1.440000057220459,1.5750000476837158,17700,0.0,0.0
2019-12-02 00:00:00-05:00,1.649999976158142,2.700000047683716,1.649999976158142,1.9800000190734863,225133,0.0,0.0
2019-12-03 00:00:00-05:00,2.190000057220459,2.4000000953674316,1.944000005722046,1.944000005722046,99400,0.0,0.0
2019-12-04 00:00:00-05:00,1.9500000476837158,2.003999948501587,1.8300000429153442,1.8899999856948853,42867,0.0,0.0
2019-12-05 00:00:00-05:00,1.8420000076293945,1.9800000190734863,1.8300000429153442,1.8300000429153442,12867,0.0,0.0
2019-12-06 00:00:00-05:00,1.7999999523162842,1.8600000143051147,1.7999999523162842,1.8450000286102295,18867,0.0,0.0
2019-12-09 00:00:00-05:00,1.9800000190734863,2.0999999046325684,1.746000051498413,1.8509999513626099,72633,0.0,0.0
2019-12-10 00:00:00-05:00,1.944000005722046,1.9709999561309814,1.746000051498413,1.746000051498413,39700,0.0,0.0
2019-12-11 00:00:00-05:00,1.7640000581741333,1.9500000476837158,1.7640000581741333,1.809000015258789,18100,0.0,0.0
2019-12-12 00:00:00-05:00,1.7999999523162842,2.009999990463257,1.7999999523162842,1.8450000286102295,33767,0.0,0.0
2019-12-13 00:00:00-05:00,1.7999999523162842,2.003999948501587,1.7999999523162842,1.8600000143051147,28100,0.0,0.0
2019-12-16 00:00:00-05:00,1.9199999570846558,1.9199999570846558,1.8300000429153442,1.8600000143051147,36767,0.0,0.0
2019-12-17 00:00:00-05:00,1.9500000476837158,1.9800000190734863,1.8300000429153442,1.8569999933242798,37033,0.0,0.0
2019-12-18 00:00:00-05:00,1.8899999856948853,1.8899999856948853,1.7999999523162842,1.8300000429153442,20933,0.0,0.0
2019-12-19 00:00:00-05:00,1.8029999732971191,2.0369999408721924,1.8029999732971191,1.9229999780654907,79867,0.0,0.0
2019-12-20 00:00:00-05:00,2.0399999618530273,2.0999999046325684,1.9589999914169312,2.009999990463257,63100,0.0,0.0
2019-12-23 00:00:00-05:00,2.0999999046325684,2.9700000286102295,2.0999999046325684,2.759999990463257,426300,0.0,0.0
2019-12-24 00:00:00-05:00,2.8499999046325684,2.9700000286102295,2.700000047683716,2.759999990463257,48867,0.0,0.0
2019-12-26 00:00:00-05:00,2.7690000534057617,2.8949999809265137,2.700000047683716,2.7929999828338623,23533,0.0,0.0
2019-12-27 00:00:00-05:00,2.759999990463257,2.9700000286102295,2.759999990463257,2.9130001068115234,79333,0.0,0.0
2019-12-30 00:00:00-05:00,2.940000057220459,2.9700000286102295,2.7929999828338623,2.924999952316284,59267,0.0,0.0
2019-12-31 00:00:00-05:00,2.880000114440918,2.880000114440918,2.5199999809265137,2.805000066757202,64233,0.0,0.0
2020-01-02 00:00:00-05:00,2.805000066757202,2.805000066757202,2.609999895095825,2.6549999713897705,28633,0.0,0.0
2020-01-03 00:00:00-05:00,2.7300000190734863,2.7300000190734863,2.565000057220459,2.565000057220459,26167,0.0,0.0
2020-01-06 00:00:00-05:00,2.5799999237060547,2.6040000915527344,2.3399999141693115,2.5169999599456787,26967,0.0,0.0
2020-01-07 00:00:00-05:00,2.5199999809265137,2.5199999809265137,2.4600000381469727,2.490000009536743,5167,0.0,0.0
2020-01-08 00:00:00-05:00,2.4600000381469727,2.609999895095825,2.25,2.367000102996826,24767,0.0,0.0
2020-01-09 00:00:00-05:00,2.4000000953674316,2.4000000953674316,2.1630001068115234,2.319000005722046,24867,0.0,0.0
2020-01-10 00:00:00-05:00,2.319000005722046,2.3399999141693115,2.23799991607666,2.25,7200,0.0,0.0
2020-01-13 00:00:00-05:00,2.1689999103546143,2.25,1.5959999561309814,1.8569999933242798,117600,0.0,0.0
2020-01-14 00:00:00-05:00,1.8600000143051147,1.9500000476837158,1.8539999723434448,1.944000005722046,23633,0.0,0.0
2020-01-15 00:00:00-05:00,1.9500000476837158,2.0399999618530273,1.8569999933242798,1.9620000123977661,11300,0.0,0.0
2020-01-16 00:00:00-05:00,1.9500000476837158,2.009999990463257,1.8600000143051147,1.9199999570846558,16033,0.0,0.0
2020-01-17 00:00:00-05:00,1.934999942779541,1.934999942779541,1.7999999523162842,1.7999999523162842,16333,0.0,0.0
2020-01-21 00:00:00-05:00,1.8899999856948853,1.8899999856948853,1.7549999952316284,1.7999999523162842,6633,0.0,0.0
2020-01-22 00:00:00-05:00,1.8300000429153442,1.8600000143051147,1.7699999809265137,1.8600000143051147,11367,0.0,0.0
2020-01-23 00:00:00-05:00,1.9500000476837158,1.9500000476837158,1.7999999523162842,1.9079999923706055,8467,0.0,0.0
2020-01-24 00:00:00-05:00,1.8630000352859497,1.8899999856948853,1.7669999599456787,1.8600000143051147,9233,0.0,0.0
2020-01-27 00:00:00-05:00,1.7610000371932983,1.7610000371932983,1.562999963760376,1.7400000095367432,20200,0.0,0.0
2020-01-28 00:00:00-05:00,1.7549999952316284,1.7549999952316284,1.649999976158142,1.7400000095367432,12433,0.0,0.0
2020-01-29 00:00:00-05:00,1.6890000104904175,1.815000057220459,1.590000033378601,1.815000057220459,10400,0.0,0.0
2020-01-30 00:00:00-05:00,1.7280000448226929,1.815000057220459,1.7100000381469727,1.7130000591278076,7667,0.0,0.0
2020-01-31 00:00:00-05:00,1.7100000381469727,1.7100000381469727,1.590000033378601,1.6410000324249268,19333,0.0,0.0
2020-02-03 00:00:00-05:00,1.6410000324249268,1.649999976158142,1.5299999713897705,1.590000033378601,14800,0.0,0.0
2020-02-04 00:00:00-05:00,1.6200000047683716,1.7519999742507935,1.5299999713897705,1.5570000410079956,31800,0.0,0.0
2020-02-05 00:00:00-05:00,1.503000020980835,1.6230000257492065,1.2059999704360962,1.2300000190734863,130900,0.0,0.0
2020-02-06 00:00:00-05:00,1.350000023841858,1.4550000429153442,1.2899999618530273,1.3890000581741333,58233,0.0,0.0
2020-02-07 00:00:00-05:00,1.3200000524520874,1.440000057220459,1.2660000324249268,1.274999976158142,9567,0.0,0.0
2020-02-10 00:00:00-05:00,1.2719999551773071,1.3680000305175781,1.2719999551773071,1.347000002861023,15333,0.0,0.0
2020-02-11 00:00:00-05:00,1.3799999952316284,1.3799999952316284,1.2899999618530273,1.2899999618530273,11167,0.0,0.0
2020-02-12 00:00:00-05:00,1.2990000247955322,1.3739999532699585,1.274999976158142,1.340999960899353,23967,0.0,0.0
2020-02-13 00:00:00-05:00,1.340999960899353,1.350000023841858,1.2599999904632568,1.2660000324249268,7867,0.0,0.0
2020-02-14 00:00:00-05:00,1.3229999542236328,1.3949999809265137,1.277999997138977,1.3949999809265137,23933,0.0,0.0
2020-02-18 00:00:00-05:00,1.3949999809265137,1.3949999809265137,1.3200000524520874,1.3799999952316284,11000,0.0,0.0
2020-02-19 00:00:00-05:00,1.3559999465942383,1.3799999952316284,1.3200000524520874,1.350000023841858,13667,0.0,0.0
2020-02-20 00:00:00-05:00,1.350000023841858,1.5360000133514404,1.340999960899353,1.4850000143051147,47933,0.0,0.0
2020-02-21 00:00:00-05:00,1.559999942779541,1.5750000476837158,1.503000020980835,1.5119999647140503,13033,0.0,0.0
2020-02-24 00:00:00-05:00,1.5119999647140503,1.5299999713897705,1.3020000457763672,1.3739999532699585,9333,0.0,0.0
2020-02-25 00:00:00-05:00,1.4670000076293945,1.4670000076293945,1.2929999828338623,1.3350000381469727,15833,0.0,0.0
2020-02-26 00:00:00-05:00,1.2899999618530273,1.6050000190734863,1.2899999618530273,1.3380000591278076,10967,0.0,0.0
2020-02-27 00:00:00-05:00,1.440000057220459,1.440000057220459,1.2599999904632568,1.3200000524520874,13433,0.0,0.0
2020-02-28 00:00:00-05:00,1.2599999904632568,1.3949999809265137,1.215000033378601,1.3769999742507935,12867,0.0,0.0
2020-03-02 00:00:00-05:00,1.3320000171661377,1.4639999866485596,1.2450000047683716,1.4010000228881836,7433,0.0,0.0
2020-03-03 00:00:00-05:00,1.4639999866485596,1.4639999866485596,1.350000023841858,1.3769999742507935,43233,0.0,0.0
2020-03-04 00:00:00-05:00,1.3200000524520874,1.4700000286102295,1.3200000524520874,1.406999945640564,16467,0.0,0.0
2020-03-05 00:00:00-05:00,1.3830000162124634,1.3830000162124634,1.3200000524520874,1.347000002861023,15767,0.0,0.0
2020-03-06 00:00:00-05:00,1.347000002861023,1.3650000095367432,1.2300000190734863,1.2389999628067017,32233,0.0,0.0
2020-03-09 00:00:00-04:00,1.2389999628067017,1.2389999628067017,1.1579999923706055,1.2059999704360962,15033,0.0,0.0
2020-03-10 00:00:00-04:00,1.2059999704360962,1.2389999628067017,1.2000000476837158,1.2120000123977661,6100,0.0,0.0
2020-03-11 00:00:00-04:00,1.215000033378601,1.215000033378601,1.0800000429153442,1.0980000495910645,28933,0.0,0.0
2020-03-12 00:00:00-04:00,1.0499999523162842,1.1519999504089355,1.0499999523162842,1.1100000143051147,13600,0.0,0.0
2020-03-13 00:00:00-04:00,1.2000000476837158,1.2000000476837158,0.9570000171661377,1.0770000219345093,12200,0.0,0.0
2020-03-16 00:00:00-04:00,0.8999999761581421,0.9900000095367432,0.7649999856948853,0.9300000071525574,8100,0.0,0.0
2020-03-17 00:00:00-04:00,0.8700000047683716,0.9359999895095825,0.8100000023841858,0.8999999761581421,25167,0.0,0.0
2020-03-18 00:00:00-04:00,0.8999999761581421,1.0080000162124634,0.7950000166893005,1.0049999952316284,12600,0.0,0.0
2020-03-19 00:00:00-04:00,1.0049999952316284,1.0049999952316284,0.7799999713897705,0.8999999761581421,8567,0.0,0.0
2020-03-20 00:00:00-04:00,0.8730000257492065,1.1100000143051147,0.8730000257492065,1.0770000219345093,32733,0.0,0.0
2020-03-23 00:00:00-04:00,1.0199999809265137,1.1699999570846558,0.9300000071525574,1.0920000076293945,41967,0.0,0.0
2020-03-24 00:00:00-04:00,1.1490000486373901,1.218000054359436,1.0800000429153442,1.1130000352859497,17500,0.0,0.0
2020-03-25 00:00:00-04:00,1.1399999856948853,1.2269999980926514,1.1100000143051147,1.2269999980926514,20900,0.0,0.0
2020-03-26 00:00:00-04:00,1.2269999980926514,1.3200000524520874,1.2269999980926514,1.3049999475479126,8033,0.0,0.0
2020-03-27 00:00:00-04:00,1.1339999437332153,1.3049999475479126,0.7649999856948853,1.0920000076293945,42533,0.0,0.0
2020-03-30 00:00:00-04:00,1.0920000076293945,1.2599999904632568,1.0920000076293945,1.1430000066757202,5733,0.0,0.0
2020-03-31 00:00:00-04:00,1.1399999856948853,1.559999942779541,0.9330000281333923,1.2599999904632568,147767,0.0,0.0
2020-04-01 00:00:00-04:00,1.2000000476837158,1.2000000476837158,1.0829999446868896,1.2000000476837158,5100,0.0,0.0
2020-04-02 00:00:00-04:00,1.1130000352859497,1.2000000476837158,1.0859999656677246,1.0859999656677246,16133,0.0,0.0
2020-04-03 00:00:00-04:00,1.0410000085830688,1.2599999904632568,0.9900000095367432,1.1399999856948853,12433,0.0,0.0
2020-04-06 00:00:00-04:00,1.1490000486373901,1.1970000267028809,1.0499999523162842,1.0800000429153442,9133,0.0,0.0
2020-04-07 00:00:00-04:00,1.1339999437332153,1.2000000476837158,1.1039999723434448,1.128000020980835,12567,0.0,0.0
2020-04-08 00:00:00-04:00,1.125,1.2000000476837158,1.0859999656677246,1.13100004196167,15133,0.0,0.0
2020-04-09 00:00:00-04:00,1.0709999799728394,1.1970000267028809,1.0709999799728394,1.1699999570846558,6967,0.0,0.0
2020-04-13 00:00:00-04:00,1.184999942779541,1.184999942779541,1.1519999504089355,1.1699999570846558,13267,0.0,0.0
2020-04-14 00:00:00-04:00,1.125,1.184999942779541,1.125,1.125,9967,0.0,0.0
2020-04-15 00:00:00-04:00,1.1790000200271606,1.1790000200271606,1.0950000286102295,1.0950000286102295,7267,0.0,0.0
2020-04-16 00:00:00-04:00,1.1100000143051147,1.1790000200271606,1.0950000286102295,1.1699999570846558,4400,0.0,0.0
2020-04-17 00:00:00-04:00,1.1699999570846558,1.1699999570846558,1.1490000486373901,1.1699999570846558,3367,0.0,0.0
2020-04-20 00:00:00-04:00,1.1399999856948853,1.350000023841858,1.1160000562667847,1.2929999828338623,46000,0.0,0.0
2020-04-21 00:00:00-04:00,1.3200000524520874,1.3200000524520874,1.0950000286102295,1.121999979019165,27600,0.0,0.0
2020-04-22 00:00:00-04:00,1.1100000143051147,1.184999942779541,1.1100000143051147,1.1100000143051147,13133,0.0,0.0
2020-04-23 00:00:00-04:00,1.1100000143051147,1.1699999570846558,1.1100000143051147,1.1100000143051147,7333,0.0,0.0
2020-04-24 00:00:00-04:00,1.1549999713897705,1.1670000553131104,1.1100000143051147,1.1670000553131104,6133,0.0,0.0
2020-04-27 00:00:00-04:00,1.1670000553131104,1.1670000553131104,1.1009999513626099,1.1460000276565552,8267,0.0,0.0
2020-04-28 00:00:00-04:00,1.1699999570846558,1.343999981880188,1.1100000143051147,1.2300000190734863,61433,0.0,0.0
2020-04-29 00:00:00-04:00,1.2300000190734863,1.2599999904632568,1.2000000476837158,1.2239999771118164,13700,0.0,0.0
2020-04-30 00:00:00-04:00,1.2000000476837158,1.2300000190734863,1.1519999504089355,1.1610000133514404,7700,0.0,0.0
2020-05-01 00:00:00-04:00,1.1399999856948853,1.2000000476837158,1.0950000286102295,1.125,9400,0.0,0.0
2020-05-04 00:00:00-04:00,1.1100000143051147,1.125,1.034999966621399,1.0770000219345093,9900,0.0,0.0
2020-05-05 00:00:00-04:00,1.13100004196167,1.13100004196167,0.9900000095367432,1.0800000429153442,13900,0.0,0.0
2020-05-06 00:00:00-04:00,1.1339999437332153,1.2300000190734863,1.0110000371932983,1.1069999933242798,85167,0.0,0.0
2020-05-07 00:00:00-04:00,1.1069999933242798,1.1399999856948853,1.0800000429153442,1.13100004196167,11967,0.0,0.0
2020-05-08 00:00:00-04:00,1.1130000352859497,1.1699999570846558,1.0800000429153442,1.1399999856948853,14467,0.0,0.0
2020-05-11 00:00:00-04:00,1.1399999856948853,1.1549999713897705,1.0800000429153442,1.1549999713897705,16667,0.0,0.0
2020-05-12 00:00:00-04:00,1.1100000143051147,1.1399999856948853,1.065000057220459,1.0859999656677246,18967,0.0,0.0
2020-05-13 00:00:00-04:00,1.0859999656677246,1.1399999856948853,0.972000002861023,1.0410000085830688,13267,0.0,0.0
2020-05-14 00:00:00-04:00,1.062000036239624,1.062000036239624,0.972000002861023,0.9929999709129333,10700,0.0,0.0
2020-05-15 00:00:00-04:00,0.9779999852180481,1.0499999523162842,0.9779999852180481,1.0049999952316284,5433,0.0,0.0
2020-05-18 00:00:00-04:00,1.0169999599456787,1.0470000505447388,0.984000027179718,1.0379999876022339,8600,0.0,0.0
2020-05-19 00:00:00-04:00,1.0440000295639038,1.0499999523162842,1.0049999952316284,1.0049999952316284,9733,0.0,0.0
2020-05-20 00:00:00-04:00,0.9900000095367432,1.1100000143051147,0.9810000061988831,1.0499999523162842,39133,0.0,0.0
2020-05-21 00:00:00-04:00,1.1069999933242798,1.1399999856948853,1.0080000162124634,1.1009999513626099,23400,0.0,0.0
2020-05-22 00:00:00-04:00,1.1009999513626099,1.7580000162124634,1.0889999866485596,1.2599999904632568,490267,0.0,0.0
2020-05-26 00:00:00-04:00,1.2569999694824219,1.3049999475479126,1.2330000400543213,1.2990000247955322,55200,0.0,0.0
2020-05-27 00:00:00-04:00,1.2899999618530273,1.5299999713897705,1.2899999618530273,1.440000057220459,61433,0.0,0.0
2020-05-28 00:00:00-04:00,3.9000000953674316,5.070000171661377,3.4800000190734863,3.9000000953674316,41238100,0.0,0.0
2020-05-29 00:00:00-04:00,3.450000047683716,3.809999942779541,3.0,3.390000104904175,1990133,0.0,0.0
2020-06-01 00:00:00-04:00,3.180000066757202,3.3299999237060547,3.0,3.2699999809265137,437933,0.0,0.0
2020-06-02 00:00:00-04:00,3.180000066757202,3.2100000381469727,3.0299999713897705,3.0899999141693115,188133,0.0,0.0
2020-06-03 00:00:00-04:00,3.0299999713897705,3.4800000190734863,3.0299999713897705,3.390000104904175,486033,0.0,0.0
2020-06-04 00:00:00-04:00,3.2100000381469727,3.240000009536743,3.059999942779541,3.0899999141693115,235033,0.0,0.0
2020-06-05 00:00:00-04:00,3.0299999713897705,3.194999933242798,2.759999990463257,3.0299999713897705,249367,0.0,0.0
2020-06-08 00:00:00-04:00,3.059999942779541,3.240000009536743,3.0299999713897705,3.1500000953674316,200533,0.0,0.0
2020-06-09 00:00:00-04:00,3.1500000953674316,3.1500000953674316,2.8499999046325684,3.0,120700,0.0,0.0
2020-06-10 00:00:00-04:00,2.990999937057495,3.0899999141693115,2.700000047683716,2.759999990463257,427300,0.0,0.0
2020-06-11 00:00:00-04:00,2.640000104904175,2.640000104904175,1.8899999856948853,2.069999933242798,257367,0.0,0.0
2020-06-12 00:00:00-04:00,2.26200008392334,2.369999885559082,2.130000114440918,2.2049999237060547,67967,0.0,0.0
2020-06-15 00:00:00-04:00,2.0999999046325684,2.5199999809265137,1.8899999856948853,2.130000114440918,194667,0.0,0.0
2020-06-16 00:00:00-04:00,2.25,2.430000066757202,2.135999917984009,2.2200000286102295,80700,0.0,0.0
2020-06-17 00:00:00-04:00,2.174999952316284,2.924999952316284,2.0999999046325684,2.486999988555908,412200,0.0,0.0
2020-06-18 00:00:00-04:00,2.678999900817871,3.690000057220459,2.678999900817871,2.9100000858306885,1551500,0.0,0.0
2020-06-19 00:00:00-04:00,2.756999969482422,3.299999952316284,2.5799999237060547,2.9700000286102295,835167,0.0,0.0
2020-06-22 00:00:00-04:00,2.9100000858306885,2.9100000858306885,2.5829999446868896,2.7690000534057617,120267,0.0,0.0
2020-06-23 00:00:00-04:00,2.640000104904175,2.819999933242798,2.549999952316284,2.678999900817871,149300,0.0,0.0
2020-06-24 00:00:00-04:00,2.552999973297119,2.819999933242798,2.549999952316284,2.609999895095825,100200,0.0,0.0
2020-06-25 00:00:00-04:00,2.430000066757202,2.700000047683716,2.2799999713897705,2.552999973297119,85100,0.0,0.0
2020-06-26 00:00:00-04:00,2.3429999351501465,2.700000047683716,2.3429999351501465,2.3910000324249268,47767,0.0,0.0
2020-06-29 00:00:00-04:00,2.4000000953674316,2.5199999809265137,2.25,2.322000026702881,34167,0.0,0.0
2020-06-30 00:00:00-04:00,2.3970000743865967,2.4779999256134033,2.2769999504089355,2.4240000247955322,22433,0.0,0.0
2020-07-01 00:00:00-04:00,2.369999885559082,2.4600000381469727,2.3399999141693115,2.4000000953674316,18300,0.0,0.0
2020-07-02 00:00:00-04:00,2.325000047683716,2.4600000381469727,2.2920000553131104,2.4030001163482666,32267,0.0,0.0
2020-07-06 00:00:00-04:00,2.6700000762939453,2.6700000762939453,2.309999942779541,2.609999895095825,101367,0.0,0.0
2020-07-07 00:00:00-04:00,2.5199999809265137,2.8499999046325684,2.430000066757202,2.819999933242798,37800,0.0,0.0
2020-07-08 00:00:00-04:00,2.8499999046325684,2.8499999046325684,2.640000104904175,2.7300000190734863,75100,0.0,0.0
2020-07-09 00:00:00-04:00,2.7330000400543213,3.5999999046325684,2.640000104904175,3.5999999046325684,1149067,0.0,0.0
2020-07-10 00:00:00-04:00,3.1500000953674316,3.2699999809265137,2.8529999256134033,2.9700000286102295,281633,0.0,0.0
2020-07-13 00:00:00-04:00,2.7899999618530273,2.940000057220459,2.6700000762939453,2.697000026702881,90967,0.0,0.0
2020-07-14 00:00:00-04:00,2.700000047683716,2.7690000534057617,2.3429999351501465,2.4539999961853027,78367,0.0,0.0
2020-07-15 00:00:00-04:00,2.5199999809265137,2.684999942779541,2.4630000591278076,2.4779999256134033,75500,0.0,0.0
2020-07-16 00:00:00-04:00,2.433000087738037,2.493000030517578,2.4000000953674316,2.486999988555908,26867,0.0,0.0
2020-07-17 00:00:00-04:00,2.430000066757202,2.5439999103546143,2.4000000953674316,2.5260000228881836,46000,0.0,0.0
2020-07-20 00:00:00-04:00,2.5409998893737793,2.6700000762939453,2.505000114440918,2.5439999103546143,36067,0.0,0.0
2020-07-21 00:00:00-04:00,2.6670000553131104,2.6700000762939453,2.5199999809265137,2.549999952316284,20200,0.0,0.0
2020-07-22 00:00:00-04:00,2.552999973297119,2.628000020980835,2.4690001010894775,2.609999895095825,18433,0.0,0.0
2020-07-23 00:00:00-04:00,2.568000078201294,2.609999895095825,2.4630000591278076,2.5439999103546143,13200,0.0,0.0
2020-07-24 00:00:00-04:00,2.4600000381469727,2.549999952316284,2.25,2.4539999961853027,39033,0.0,0.0
2020-07-27 00:00:00-04:00,2.2920000553131104,2.4570000171661377,2.25,2.430000066757202,17100,0.0,0.0
2020-07-28 00:00:00-04:00,2.369999885559082,2.430000066757202,2.2920000553131104,2.375999927520752,21233,0.0,0.0
2020-07-29 00:00:00-04:00,2.309999942779541,2.375999927520752,2.253000020980835,2.309999942779541,24533,0.0,0.0
2020-07-30 00:00:00-04:00,2.2799999713897705,2.3369998931884766,2.1600000858306885,2.2799999713897705,28233,0.0,0.0
2020-07-31 00:00:00-04:00,2.309999942779541,2.3399999141693115,2.193000078201294,2.25,20300,0.0,0.0
2020-08-03 00:00:00-04:00,2.190000057220459,2.25,2.1600000858306885,2.2230000495910645,22433,0.0,0.0
2020-08-04 00:00:00-04:00,2.2230000495910645,2.2829999923706055,2.2200000286102295,2.2200000286102295,9333,0.0,0.0
2020-08-05 00:00:00-04:00,2.2200000286102295,2.303999900817871,2.1659998893737793,2.25,32533,0.0,0.0
2020-08-06 00:00:00-04:00,2.190000057220459,2.246999979019165,2.069999933242798,2.1570000648498535,37500,0.0,0.0
2020-08-07 00:00:00-04:00,2.190000057220459,2.190000057220459,2.0850000381469727,2.1510000228881836,22033,0.0,0.0
2020-08-10 00:00:00-04:00,2.0850000381469727,2.130000114440918,2.0399999618530273,2.0759999752044678,19867,0.0,0.0
2020-08-11 00:00:00-04:00,2.069999933242798,2.069999933242798,1.649999976158142,1.8600000143051147,49133,0.0,0.0
2020-08-12 00:00:00-04:00,1.8389999866485596,1.9199999570846558,1.8389999866485596,1.875,21867,0.0,0.0
2020-08-13 00:00:00-04:00,2.306999921798706,7.440000057220459,2.306999921798706,7.440000057220459,26073800,0.0,0.0
2020-08-14 00:00:00-04:00,4.260000228881836,4.800000190734863,3.0299999713897705,3.180000066757202,4729533,0.0,0.0
2020-08-17 00:00:00-04:00,2.940000057220459,3.119999885559082,2.739000082015991,2.880000114440918,653433,0.0,0.0
2020-08-18 00:00:00-04:00,2.7899999618530273,2.8499999046325684,2.759999990463257,2.7899999618530273,202867,0.0,0.0
2020-08-19 00:00:00-04:00,2.7869999408721924,2.7869999408721924,2.4030001163482666,2.430000066757202,435600,0.0,0.0
2020-08-20 00:00:00-04:00,2.430000066757202,2.940000057220459,2.309999942779541,2.694000005722046,634500,0.0,0.0
2020-08-21 00:00:00-04:00,2.5199999809265137,2.6519999504089355,2.430000066757202,2.5799999237060547,180900,0.0,0.0
2020-08-24 00:00:00-04:00,1.899999976158142,2.309999942779541,1.809999942779541,1.909999966621399,448200,0.0,0.0
2020-08-25 00:00:00-04:00,1.9500000476837158,2.200000047683716,1.9199999570846558,1.9500000476837158,230700,0.0,0.0
2020-08-26 00:00:00-04:00,1.9199999570846558,1.9299999475479126,1.809999942779541,1.850000023841858,152700,0.0,0.0
2020-08-27 00:00:00-04:00,1.809999942779541,1.9500000476837158,1.6299999952316284,1.8300000429153442,122900,0.0,0.0
2020-08-28 00:00:00-04:00,1.649999976158142,1.8300000429153442,1.649999976158142,1.75,67100,0.0,0.0
2020-08-31 00:00:00-04:00,1.7799999713897705,1.8200000524520874,1.7300000190734863,1.7699999809265137,65800,0.0,0.0
2020-09-01 00:00:00-04:00,1.75,1.7899999618530273,1.6699999570846558,1.7100000381469727,69600,0.0,0.0
2020-09-02 00:00:00-04:00,1.659999966621399,1.7300000190734863,1.600000023841858,1.6299999952316284,135000,0.0,0.0
2020-09-03 00:00:00-04:00,1.6200000047683716,1.7000000476837158,1.600000023841858,1.649999976158142,49700,0.0,0.0
2020-09-04 00:00:00-04:00,1.7599999904632568,1.7990000247955322,1.5700000524520874,1.6799999475479126,100100,0.0,0.0
2020-09-08 00:00:00-04:00,1.7300000190734863,1.840000033378601,1.6299999952316284,1.7599999904632568,261700,0.0,0.0
2020-09-09 00:00:00-04:00,1.7890000343322754,1.7910000085830688,1.7200000286102295,1.7799999713897705,74000,0.0,0.0
2020-09-10 00:00:00-04:00,1.7400000095367432,1.7799999713897705,1.7100000381469727,1.7369999885559082,35600,0.0,0.0
2020-09-11 00:00:00-04:00,1.7699999809265137,1.7999999523162842,1.7200000286102295,1.75,46500,0.0,0.0
2020-09-14 00:00:00-04:00,1.7100000381469727,1.7999999523162842,1.4600000381469727,1.5700000524520874,211300,0.0,0.0
2020-09-15 00:00:00-04:00,1.600000023841858,1.7400000095367432,1.590000033378601,1.6579999923706055,105600,0.0,0.0
2020-09-16 00:00:00-04:00,1.659999966621399,1.684999942779541,1.559999942779541,1.6299999952316284,30600,0.0,0.0
2020-09-17 00:00:00-04:00,1.6299999952316284,1.7100000381469727,1.6200000047683716,1.649999976158142,23900,0.0,0.0
2020-09-18 00:00:00-04:00,1.590000033378601,1.7200000286102295,1.590000033378601,1.659999966621399,55800,0.0,0.0
2020-09-21 00:00:00-04:00,1.649999976158142,1.6749999523162842,1.5700000524520874,1.6349999904632568,36000,0.0,0.0
2020-09-22 00:00:00-04:00,1.7000000476837158,1.7100000381469727,1.4900000095367432,1.559999942779541,131200,0.0,0.0
2020-09-23 00:00:00-04:00,1.600000023841858,1.6369999647140503,1.4869999885559082,1.4900000095367432,21600,0.0,0.0
2020-09-24 00:00:00-04:00,1.4600000381469727,1.559999942779541,1.399999976158142,1.5099999904632568,31700,0.0,0.0
2020-09-25 00:00:00-04:00,1.5199999809265137,1.7799999713897705,1.4299999475479126,1.4500000476837158,334400,0.0,0.0
2020-09-28 00:00:00-04:00,1.5299999713897705,1.6050000190734863,1.4600000381469727,1.5199999809265137,25300,0.0,0.0
2020-09-29 00:00:00-04:00,1.5399999618530273,1.590000033378601,1.4500000476837158,1.5520000457763672,50400,0.0,0.0
2020-09-30 00:00:00-04:00,1.5499999523162842,1.5839999914169312,1.4600000381469727,1.4800000190734863,57100,0.0,0.0
2020-10-01 00:00:00-04:00,1.4900000095367432,1.5399999618530273,1.4199999570846558,1.5099999904632568,20000,0.0,0.0
2020-10-02 00:00:00-04:00,1.4700000286102295,1.5299999713897705,1.4299999475479126,1.4900000095367432,25000,0.0,0.0
2020-10-05 00:00:00-04:00,1.5399999618530273,1.5499999523162842,1.4700000286102295,1.5399999618530273,15700,0.0,0.0
2020-10-06 00:00:00-04:00,1.5199999809265137,1.6100000143051147,1.4900000095367432,1.5299999713897705,25700,0.0,0.0
2020-10-07 00:00:00-04:00,1.5,1.7999999523162842,1.5,1.690000057220459,325800,0.0,0.0
2020-10-08 00:00:00-04:00,1.7000000476837158,1.75,1.5199999809265137,1.6399999856948853,102300,0.0,0.0
2020-10-09 00:00:00-04:00,1.6399999856948853,1.6979999542236328,1.5499999523162842,1.6399999856948853,99900,0.0,0.0
2020-10-12 00:00:00-04:00,1.6699999570846558,2.6500000953674316,1.6649999618530273,2.5999999046325684,3372100,0.0,0.0
2020-10-13 00:00:00-04:00,2.0899999141693115,2.25,1.909999966621399,2.0799999237060547,692300,0.0,0.0
2020-10-14 00:00:00-04:00,2.0799999237060547,2.0799999237060547,1.7799999713897705,1.7799999713897705,160500,0.0,0.0
2020-10-15 00:00:00-04:00,1.840000033378601,2.25,1.7000000476837158,1.909999966621399,633300,0.0,0.0
2020-10-16 00:00:00-04:00,1.9900000095367432,2.1700000762939453,1.7899999618530273,1.8200000524520874,464600,0.0,0.0
2020-10-19 00:00:00-04:00,1.7699999809265137,2.5999999046325684,1.7200000286102295,2.2100000381469727,3622500,0.0,0.0
2020-10-20 00:00:00-04:00,2.200000047683716,2.7699999809265137,1.899999976158142,2.5899999141693115,2516500,0.0,0.0
2020-10-21 00:00:00-04:00,2.200000047683716,2.7200000286102295,2.1600000858306885,2.2699999809265137,1452900,0.0,0.0
2020-10-22 00:00:00-04:00,2.549999952316284,3.259999990463257,2.369999885559082,2.680000066757202,5272800,0.0,0.0
2020-10-23 00:00:00-04:00,2.630000114440918,2.7899999618530273,2.1700000762939453,2.299999952316284,826000,0.0,0.0
2020-10-26 00:00:00-04:00,2.299999952316284,2.5299999713897705,2.200000047683716,2.2300000190734863,210200,0.0,0.0
2020-10-27 00:00:00-04:00,2.2200000286102295,2.3499999046325684,2.059999942779541,2.130000114440918,268500,0.0,0.0
2020-10-28 00:00:00-04:00,2.059999942779541,2.200000047683716,1.899999976158142,2.0899999141693115,586100,0.0,0.0
2020-10-29 00:00:00-04:00,2.0999999046325684,2.2899999618530273,2.0999999046325684,2.200000047683716,249600,0.0,0.0
2020-10-30 00:00:00-04:00,2.240000009536743,2.240000009536743,2.0799999237060547,2.0899999141693115,67800,0.0,0.0
2020-11-02 00:00:00-05:00,2.0799999237060547,2.140000104904175,2.0,2.0399999618530273,164000,0.0,0.0
2020-11-03 00:00:00-05:00,2.0299999713897705,2.119999885559082,1.9500000476837158,2.009999990463257,88800,0.0,0.0
2020-11-04 00:00:00-05:00,1.9199999570846558,2.0199999809265137,1.899999976158142,1.9299999475479126,44500,0.0,0.0
2020-11-05 00:00:00-05:00,1.9299999475479126,2.1500000953674316,1.9299999475479126,2.0899999141693115,234000,0.0,0.0
2020-11-06 00:00:00-05:00,2.109999895095825,2.1700000762939453,2.0,2.0199999809265137,82100,0.0,0.0
2020-11-09 00:00:00-05:00,2.0,2.0899999141693115,2.0,2.059999942779541,94900,0.0,0.0
2020-11-10 00:00:00-05:00,2.0799999237060547,2.180000066757202,2.0399999618530273,2.128999948501587,109700,0.0,0.0
2020-11-11 00:00:00-05:00,2.109999895095825,2.1540000438690186,2.059999942779541,2.0999999046325684,38000,0.0,0.0
2020-11-12 00:00:00-05:00,2.0399999618530273,2.1500000953674316,2.0199999809265137,2.049999952316284,57400,0.0,0.0
2020-11-13 00:00:00-05:00,2.0299999713897705,2.2899999618530273,2.009999990463257,2.049999952316284,569700,0.0,0.0
2020-11-16 00:00:00-05:00,2.049999952316284,2.1500000953674316,2.0399999618530273,2.119999885559082,90700,0.0,0.0
2020-11-17 00:00:00-05:00,2.0999999046325684,2.240000009536743,2.0999999046325684,2.1600000858306885,90400,0.0,0.0
2020-11-18 00:00:00-05:00,2.1600000858306885,2.190000057220459,2.1500000953674316,2.1600000858306885,49700,0.0,0.0
2020-11-19 00:00:00-05:00,2.180000066757202,2.359999895095825,2.130000114440918,2.2799999713897705,242000,0.0,0.0
2020-11-20 00:00:00-05:00,2.299999952316284,2.5,2.130000114440918,2.2200000286102295,262100,0.0,0.0
2020-11-23 00:00:00-05:00,2.2899999618530273,2.369999885559082,2.2100000381469727,2.2200000286102295,199200,0.0,0.0
2020-11-24 00:00:00-05:00,2.2699999809265137,2.4000000953674316,2.240000009536743,2.3299999237060547,186600,0.0,0.0
2020-11-25 00:00:00-05:00,2.359999895095825,2.619999885559082,2.309999942779541,2.359999895095825,205100,0.0,0.0
2020-11-27 00:00:00-05:00,2.322999954223633,2.440000057220459,2.25,2.259000062942505,71100,0.0,0.0
2020-11-30 00:00:00-05:00,2.309999942779541,2.440000057220459,2.2699999809265137,2.380000114440918,126700,0.0,0.0
2020-12-01 00:00:00-05:00,2.450000047683716,2.5,2.2730000019073486,2.299999952316284,193200,0.0,0.0
2020-12-02 00:00:00-05:00,2.309999942779541,2.359999895095825,2.299999952316284,2.3299999237060547,27700,0.0,0.0
2020-12-03 00:00:00-05:00,2.4100000858306885,2.625,2.359999895095825,2.4200000762939453,156300,0.0,0.0
2020-12-04 00:00:00-05:00,2.9000000953674316,3.4000000953674316,2.559999942779541,2.5899999141693115,23161100,0.0,0.0
2020-12-07 00:00:00-05:00,2.4100000858306885,2.7100000381469727,2.4000000953674316,2.630000114440918,669700,0.0,0.0
2020-12-08 00:00:00-05:00,2.6500000953674316,2.700000047683716,2.365999937057495,2.430000066757202,580800,0.0,0.0
2020-12-09 00:00:00-05:00,2.390000104904175,2.7100000381469727,2.384999990463257,2.440000057220459,575500,0.0,0.0
2020-12-10 00:00:00-05:00,2.4200000762939453,2.5,2.3499999046325684,2.440000057220459,258500,0.0,0.0
2020-12-11 00:00:00-05:00,2.390000104904175,2.5899999141693115,2.359999895095825,2.509999990463257,318300,0.0,0.0
2020-12-14 00:00:00-05:00,2.450000047683716,2.619999885559082,2.4000000953674316,2.569999933242798,225400,0.0,0.0
2020-12-15 00:00:00-05:00,2.549999952316284,2.630000114440918,2.4600000381469727,2.619999885559082,59700,0.0,0.0
2020-12-16 00:00:00-05:00,2.690000057220459,2.75,2.5199999809265137,2.619999885559082,130900,0.0,0.0
2020-12-17 00:00:00-05:00,2.6500000953674316,2.740000009536743,2.5,2.630000114440918,102200,0.0,0.0
2020-12-18 00:00:00-05:00,2.630000114440918,2.680000066757202,2.5,2.5299999713897705,106500,0.0,0.0
2020-12-21 00:00:00-05:00,2.509999990463257,2.6010000705718994,2.4600000381469727,2.509999990463257,174600,0.0,0.0
2020-12-22 00:00:00-05:00,2.4630000591278076,2.640000104904175,2.390000104904175,2.4000000953674316,572000,0.0,0.0
2020-12-23 00:00:00-05:00,2.4000000953674316,2.559999942779541,2.4000000953674316,2.4200000762939453,146400,0.0,0.0
2020-12-24 00:00:00-05:00,2.430000066757202,2.4700000286102295,2.299999952316284,2.309999942779541,47800,0.0,0.0
2020-12-28 00:00:00-05:00,2.299999952316284,2.6500000953674316,2.299999952316284,2.3399999141693115,264900,0.0,0.0
2020-12-29 00:00:00-05:00,2.380000114440918,2.440000057220459,2.309999942779541,2.390000104904175,104900,0.0,0.0
2020-12-30 00:00:00-05:00,2.4000000953674316,2.5299999713897705,2.4000000953674316,2.4700000286102295,113400,0.0,0.0
2020-12-31 00:00:00-05:00,2.5,2.505000114440918,2.4200000762939453,2.4700000286102295,16600,0.0,0.0
2021-01-04 00:00:00-05:00,2.450000047683716,2.450000047683716,2.2200000286102295,2.25,126100,0.0,0.0
2021-01-05 00:00:00-05:00,2.200000047683716,2.359999895095825,2.1500000953674316,2.240000009536743,78000,0.0,0.0
2021-01-06 00:00:00-05:00,2.25,2.4100000858306885,2.2100000381469727,2.2100000381469727,56100,0.0,0.0
2021-01-07 00:00:00-05:00,2.259999990463257,2.4700000286102295,2.2200000286102295,2.3299999237060547,162400,0.0,0.0
2021-01-08 00:00:00-05:00,2.309999942779541,2.809999942779541,2.299999952316284,2.549999952316284,668300,0.0,0.0
2021-01-11 00:00:00-05:00,2.380000114440918,2.450000047683716,2.2300000190734863,2.2699999809265137,193400,0.0,0.0
2021-01-12 00:00:00-05:00,2.3499999046325684,2.440000057220459,2.309999942779541,2.390000104904175,46000,0.0,0.0
2021-01-13 00:00:00-05:00,2.4800000190734863,2.4800000190734863,2.3399999141693115,2.380000114440918,65300,0.0,0.0
2021-01-14 00:00:00-05:00,2.4100000858306885,2.5409998893737793,2.3499999046325684,2.430000066757202,85200,0.0,0.0
2021-01-15 00:00:00-05:00,2.490000009536743,2.490000009536743,2.390000104904175,2.4000000953674316,106600,0.0,0.0
2021-01-19 00:00:00-05:00,2.4600000381469727,2.640000104904175,2.4200000762939453,2.509999990463257,90000,0.0,0.0
2021-01-20 00:00:00-05:00,2.569999933242798,2.700000047683716,2.450000047683716,2.549999952316284,143100,0.0,0.0
2021-01-21 00:00:00-05:00,2.6500000953674316,2.6500000953674316,2.549999952316284,2.5799999237060547,59900,0.0,0.0
2021-01-22 00:00:00-05:00,2.609999895095825,2.739000082015991,2.559999942779541,2.6700000762939453,153700,0.0,0.0
2021-01-25 00:00:00-05:00,2.690000057220459,2.75,2.569999933242798,2.619999885559082,98500,0.0,0.0
2021-01-26 00:00:00-05:00,2.690000057220459,2.75,2.549999952316284,2.680000066757202,139400,0.0,0.0
2021-01-27 00:00:00-05:00,2.5799999237060547,2.678999900817871,2.3299999237060547,2.3299999237060547,134800,0.0,0.0
2021-01-28 00:00:00-05:00,2.380000114440918,2.4600000381469727,2.240000009536743,2.2899999618530273,98100,0.0,0.0
2021-01-29 00:00:00-05:00,2.319999933242798,2.450000047683716,2.240000009536743,2.240000009536743,24100,0.0,0.0
2021-02-01 00:00:00-05:00,2.319999933242798,2.4200000762939453,2.190000057220459,2.3299999237060547,151600,0.0,0.0
2021-02-02 00:00:00-05:00,2.3299999237060547,2.490000009536743,2.2799999713897705,2.309999942779541,31500,0.0,0.0
2021-02-03 00:00:00-05:00,2.2799999713897705,2.375999927520752,2.259999990463257,2.2799999713897705,39000,0.0,0.0
2021-02-04 00:00:00-05:00,2.2799999713897705,2.690000057220459,2.259999990463257,2.565000057220459,575500,0.0,0.0
2021-02-05 00:00:00-05:00,2.640000104904175,2.940000057220459,2.4200000762939453,2.5799999237060547,1665700,0.0,0.0
2021-02-08 00:00:00-05:00,2.569999933242798,2.619999885559082,2.4200000762939453,2.509999990463257,261700,0.0,0.0
2021-02-09 00:00:00-05:00,2.619999885559082,2.700000047683716,2.549999952316284,2.630000114440918,262200,0.0,0.0
2021-02-10 00:00:00-05:00,2.640000104904175,2.7300000190734863,2.5299999713897705,2.6500000953674316,568100,0.0,0.0
2021-02-11 00:00:00-05:00,2.5899999141693115,2.819000005722046,2.549999952316284,2.7799999713897705,1994600,0.0,0.0
2021-02-12 00:00:00-05:00,3.2799999713897705,3.299999952316284,2.7200000286102295,2.8499999046325684,1317500,0.0,0.0
2021-02-16 00:00:00-05:00,2.700000047683716,3.0399999618530273,2.700000047683716,2.9200000762939453,422400,0.0,0.0
2021-02-17 00:00:00-05:00,2.8499999046325684,3.2100000381469727,2.7950000762939453,3.2100000381469727,2912100,0.0,0.0
2021-02-18 00:00:00-05:00,2.799999952316284,3.069999933242798,2.609999895095825,2.680000066757202,1114500,0.0,0.0
2021-02-19 00:00:00-05:00,2.75,3.0199999809265137,2.75,2.8399999141693115,1159100,0.0,0.0
2021-02-22 00:00:00-05:00,2.7100000381469727,2.930000066757202,2.6610000133514404,2.690000057220459,378600,0.0,0.0
2021-02-23 00:00:00-05:00,2.630000114440918,2.630000114440918,2.061000108718872,2.109999895095825,790800,0.0,0.0
2021-02-24 00:00:00-05:00,2.109999895095825,2.240000009536743,2.109999895095825,2.119999885559082,447400,0.0,0.0
2021-02-25 00:00:00-05:00,2.1600000858306885,2.3329999446868896,1.8799999952316284,1.940000057220459,396400,0.0,0.0
2021-02-26 00:00:00-05:00,1.9299999475479126,2.0299999713897705,1.7200000286102295,1.7400000095367432,308200,0.0,0.0
2021-03-01 00:00:00-05:00,1.899999976158142,1.9600000381469727,1.7999999523162842,1.9299999475479126,240700,0.0,0.0
2021-03-02 00:00:00-05:00,1.940000057220459,1.9500000476837158,1.8600000143051147,1.8799999952316284,159500,0.0,0.0
2021-03-03 00:00:00-05:00,1.899999976158142,2.059999942779541,1.8799999952316284,1.9600000381469727,389400,0.0,0.0
2021-03-04 00:00:00-05:00,2.0199999809265137,2.0899999141693115,1.600000023841858,1.7000000476837158,232100,0.0,0.0
2021-03-05 00:00:00-05:00,1.7300000190734863,1.7799999713897705,1.5399999618530273,1.6799999475479126,134700,0.0,0.0
2021-03-08 00:00:00-05:00,1.6299999952316284,1.8300000429153442,1.6299999952316284,1.7400000095367432,182100,0.0,0.0
2021-03-09 00:00:00-05:00,1.8200000524520874,1.8799999952316284,1.7599999904632568,1.8200000524520874,111300,0.0,0.0
2021-03-10 00:00:00-05:00,1.8799999952316284,1.9529999494552612,1.8200000524520874,1.8899999856948853,85300,0.0,0.0
2021-03-11 00:00:00-05:00,1.9600000381469727,2.2200000286102295,1.909999966621399,2.0399999618530273,383500,0.0,0.0
2021-03-12 00:00:00-05:00,2.0199999809265137,2.0999999046325684,1.9299999475479126,2.0299999713897705,96400,0.0,0.0
2021-03-15 00:00:00-04:00,2.049999952316284,2.0969998836517334,1.9299999475479126,2.009999990463257,122600,0.0,0.0
2021-03-16 00:00:00-04:00,2.0199999809265137,2.0899999141693115,1.899999976158142,1.9900000095367432,288800,0.0,0.0
2021-03-17 00:00:00-04:00,1.9500000476837158,2.2899999618530273,1.8600000143051147,2.190000057220459,592400,0.0,0.0
2021-03-18 00:00:00-04:00,2.190000057220459,2.440000057220459,1.9800000190734863,2.0799999237060547,1220100,0.0,0.0
2021-03-19 00:00:00-04:00,2.0299999713897705,2.0739998817443848,2.0,2.009999990463257,71700,0.0,0.0
2021-03-22 00:00:00-04:00,2.0,2.0799999237060547,1.9500000476837158,2.049999952316284,587500,0.0,0.0
2021-03-23 00:00:00-04:00,2.0,2.0799999237060547,1.899999976158142,1.9600000381469727,119600,0.0,0.0
2021-03-24 00:00:00-04:00,1.9900000095367432,2.130000114440918,1.9199999570846558,1.9700000286102295,406400,0.0,0.0
2021-03-25 00:00:00-04:00,1.940000057220459,1.9700000286102295,1.7200000286102295,1.8899999856948853,269200,0.0,0.0
2021-03-26 00:00:00-04:00,1.899999976158142,1.9509999752044678,1.7699999809265137,1.8250000476837158,60700,0.0,0.0
2021-03-29 00:00:00-04:00,1.9500000476837158,1.9500000476837158,1.7699999809265137,1.809999942779541,59900,0.0,0.0
2021-03-30 00:00:00-04:00,1.8600000143051147,1.8700000047683716,1.7480000257492065,1.7999999523162842,106900,0.0,0.0
2021-03-31 00:00:00-04:00,1.7300000190734863,1.8289999961853027,1.7300000190734863,1.7599999904632568,51300,0.0,0.0
2021-04-01 00:00:00-04:00,1.7699999809265137,1.9299999475479126,1.7699999809265137,1.850000023841858,102900,0.0,0.0
2021-04-05 00:00:00-04:00,1.850000023841858,2.059999942779541,1.7999999523162842,1.909999966621399,383200,0.0,0.0
2021-04-06 00:00:00-04:00,1.940000057220459,1.9500000476837158,1.8300000429153442,1.909999966621399,55700,0.0,0.0
2021-04-07 00:00:00-04:00,1.8700000047683716,2.049999952316284,1.809999942779541,1.840000033378601,191300,0.0,0.0
2021-04-08 00:00:00-04:00,1.7899999618530273,1.9500000476837158,1.75,1.8899999856948853,200200,0.0,0.0
2021-04-09 00:00:00-04:00,1.8600000143051147,2.0,1.8200000524520874,1.8899999856948853,297000,0.0,0.0
2021-04-12 00:00:00-04:00,1.840000033378601,1.8519999980926514,1.6799999475479126,1.7000000476837158,142900,0.0,0.0
2021-04-13 00:00:00-04:00,1.6699999570846558,1.7799999713897705,1.5809999704360962,1.7200000286102295,172100,0.0,0.0
2021-04-14 00:00:00-04:00,1.6299999952316284,1.809000015258789,1.6200000047683716,1.6699999570846558,139600,0.0,0.0
2021-04-15 00:00:00-04:00,1.600000023841858,1.75,1.559999942779541,1.559999942779541,163600,0.0,0.0
2021-04-16 00:00:00-04:00,1.5199999809265137,1.5199999809265137,1.440999984741211,1.4800000190734863,84600,0.0,0.0
2021-04-19 00:00:00-04:00,1.4500000476837158,1.4900000095367432,1.399999976158142,1.399999976158142,42000,0.0,0.0
2021-04-20 00:00:00-04:00,1.399999976158142,1.4299999475479126,1.3200000524520874,1.3300000429153442,48300,0.0,0.0
2021-04-21 00:00:00-04:00,1.3200000524520874,1.4600000381469727,1.309999942779541,1.4299999475479126,36800,0.0,0.0
2021-04-22 00:00:00-04:00,1.4500000476837158,1.690000057220459,1.4450000524520874,1.5199999809265137,180800,0.0,0.0
2021-04-23 00:00:00-04:00,1.5099999904632568,1.5800000429153442,1.440000057220459,1.559999942779541,67400,0.0,0.0
2021-04-26 00:00:00-04:00,1.600000023841858,1.7300000190734863,1.559999942779541,1.6299999952316284,185100,0.0,0.0
2021-04-27 00:00:00-04:00,1.6100000143051147,1.649999976158142,1.5700000524520874,1.600000023841858,52000,0.0,0.0
2021-04-28 00:00:00-04:00,1.6200000047683716,1.6299999952316284,1.5299999713897705,1.6100000143051147,52200,0.0,0.0
2021-04-29 00:00:00-04:00,1.600000023841858,1.7100000381469727,1.5499999523162842,1.5700000524520874,97700,0.0,0.0
2021-04-30 00:00:00-04:00,1.5700000524520874,1.6100000143051147,1.5299999713897705,1.590000033378601,30800,0.0,0.0
2021-05-03 00:00:00-04:00,1.590000033378601,1.6200000047683716,1.4500000476837158,1.4700000286102295,70400,0.0,0.0
2021-05-04 00:00:00-04:00,1.4700000286102295,1.4700000286102295,1.350000023841858,1.3799999952316284,104600,0.0,0.0
2021-05-05 00:00:00-04:00,1.3799999952316284,1.5099999904632568,1.3669999837875366,1.4800000190734863,119600,0.0,0.0
2021-05-06 00:00:00-04:00,1.4600000381469727,1.4600000381469727,1.350000023841858,1.3899999856948853,38900,0.0,0.0
2021-05-07 00:00:00-04:00,1.3700000047683716,1.559999942779541,1.3700000047683716,1.440000057220459,117800,0.0,0.0
2021-05-10 00:00:00-04:00,1.399999976158142,1.5499999523162842,1.3899999856948853,1.4299999475479126,352500,0.0,0.0
2021-05-11 00:00:00-04:00,1.2899999618530273,1.3700000047683716,1.2640000581741333,1.3600000143051147,90000,0.0,0.0
2021-05-12 00:00:00-04:00,1.3300000429153442,1.3700000047683716,1.2899999618530273,1.3200000524520874,69800,0.0,0.0
2021-05-13 00:00:00-04:00,1.3200000524520874,1.3700000047683716,1.2799999713897705,1.2799999713897705,43900,0.0,0.0
2021-05-14 00:00:00-04:00,1.2799999713897705,1.340000033378601,1.2799999713897705,1.2899999618530273,29000,0.0,0.0
2021-05-17 00:00:00-04:00,1.3040000200271606,1.4700000286102295,1.2999999523162842,1.4199999570846558,171900,0.0,0.0
2021-05-18 00:00:00-04:00,1.440000057220459,1.4600000381469727,1.3899999856948853,1.3899999856948853,44200,0.0,0.0
2021-05-19 00:00:00-04:00,1.3899999856948853,1.4199999570846558,1.350000023841858,1.3899999856948853,24900,0.0,0.0
2021-05-20 00:00:00-04:00,1.409999966621399,1.5199999809265137,1.340000033378601,1.3899999856948853,242200,0.0,0.0
2021-05-21 00:00:00-04:00,1.399999976158142,1.406999945640564,1.3300000429153442,1.3700000047683716,46800,0.0,0.0
2021-05-24 00:00:00-04:00,1.3799999952316284,1.4600000381469727,1.3799999952316284,1.3899999856948853,81700,0.0,0.0
2021-05-25 00:00:00-04:00,1.399999976158142,1.4299999475479126,1.350000023841858,1.3700000047683716,52600,0.0,0.0
2021-05-26 00:00:00-04:00,1.399999976158142,1.4299999475479126,1.3600000143051147,1.3899999856948853,43800,0.0,0.0
2021-05-27 00:00:00-04:00,1.4800000190734863,1.5099999904632568,1.3799999952316284,1.4500000476837158,166800,0.0,0.0
2021-05-28 00:00:00-04:00,1.440000057220459,1.4700000286102295,1.399999976158142,1.4299999475479126,31200,0.0,0.0
2021-06-01 00:00:00-04:00,1.4900000095367432,1.5,1.4160000085830688,1.4700000286102295,25400,0.0,0.0
2021-06-02 00:00:00-04:00,1.5099999904632568,1.590000033378601,1.4700000286102295,1.5700000524520874,245100,0.0,0.0
2021-06-03 00:00:00-04:00,1.5499999523162842,1.6360000371932983,1.5499999523162842,1.600000023841858,67400,0.0,0.0
2021-06-04 00:00:00-04:00,1.5980000495910645,1.659999966621399,1.5700000524520874,1.6399999856948853,30700,0.0,0.0
2021-06-07 00:00:00-04:00,1.659999966621399,1.6699999570846558,1.5700000524520874,1.6549999713897705,29600,0.0,0.0
2021-06-08 00:00:00-04:00,1.659999966621399,1.6610000133514404,1.5700000524520874,1.6100000143051147,35000,0.0,0.0
2021-06-09 00:00:00-04:00,1.6200000047683716,1.690000057220459,1.6100000143051147,1.649999976158142,34900,0.0,0.0
2021-06-10 00:00:00-04:00,1.649999976158142,1.649999976158142,1.600000023841858,1.6100000143051147,75100,0.0,0.0
2021-06-11 00:00:00-04:00,1.600000023841858,1.8220000267028809,1.590000033378601,1.7400000095367432,422900,0.0,0.0
2021-06-14 00:00:00-04:00,1.7200000286102295,1.809999942779541,1.6299999952316284,1.7799999713897705,189000,0.0,0.0
2021-06-15 00:00:00-04:00,1.7599999904632568,1.7790000438690186,1.6100000143051147,1.6200000047683716,68400,0.0,0.0
2021-06-16 00:00:00-04:00,1.6100000143051147,1.6729999780654907,1.5,1.5499999523162842,66500,0.0,0.0
2021-06-17 00:00:00-04:00,1.559999942779541,1.590000033378601,1.5299999713897705,1.559999942779541,19700,0.0,0.0
2021-06-18 00:00:00-04:00,1.5499999523162842,1.5499999523162842,1.4500000476837158,1.5399999618530273,64000,0.0,0.0
2021-06-21 00:00:00-04:00,1.5299999713897705,1.5299999713897705,1.4500000476837158,1.4500000476837158,24600,0.0,0.0
2021-06-22 00:00:00-04:00,1.440000057220459,1.4500000476837158,1.399999976158142,1.4500000476837158,14100,0.0,0.0
2021-06-23 00:00:00-04:00,1.4900000095367432,1.5700000524520874,1.4800000190734863,1.5399999618530273,18000,0.0,0.0
2021-06-24 00:00:00-04:00,1.590000033378601,1.590000033378601,1.534000039100647,1.5800000429153442,25700,0.0,0.0
2021-06-25 00:00:00-04:00,1.6200000047683716,1.649999976158142,1.5199999809265137,1.5499999523162842,35100,0.0,0.0
2021-06-28 00:00:00-04:00,1.5149999856948853,1.6100000143051147,1.5149999856948853,1.5800000429153442,106400,0.0,0.0
2021-06-29 00:00:00-04:00,1.5579999685287476,1.5579999685287476,1.5,1.5,40900,0.0,0.0
2021-06-30 00:00:00-04:00,1.50600004196167,1.75,1.50600004196167,1.6150000095367432,224900,0.0,0.0
2021-07-01 00:00:00-04:00,1.6399999856948853,1.649999976158142,1.5800000429153442,1.6299999952316284,49900,0.0,0.0
2021-07-02 00:00:00-04:00,1.6100000143051147,1.6200000047683716,1.590000033378601,1.590000033378601,10300,0.0,0.0
2021-07-06 00:00:00-04:00,1.659999966621399,1.659999966621399,1.5099999904632568,1.5199999809265137,39600,0.0,0.0
2021-07-07 00:00:00-04:00,1.5230000019073486,1.6699999570846558,1.440000057220459,1.5199999809265137,462900,0.0,0.0
2021-07-08 00:00:00-04:00,1.4700000286102295,1.6399999856948853,1.4199999570846558,1.4199999570846558,109300,0.0,0.0
2021-07-09 00:00:00-04:00,1.4500000476837158,1.590000033378601,1.434999942779541,1.5299999713897705,211500,0.0,0.0
2021-07-12 00:00:00-04:00,1.559999942779541,1.600000023841858,1.5099999904632568,1.590000033378601,60400,0.0,0.0
2021-07-13 00:00:00-04:00,1.590000033378601,1.590000033378601,1.5099999904632568,1.5499999523162842,14400,0.0,0.0
2021-07-14 00:00:00-04:00,1.590000033378601,1.590000033378601,1.5499999523162842,1.5700000524520874,57000,0.0,0.0
2021-07-15 00:00:00-04:00,1.559999942779541,1.559999942779541,1.4500000476837158,1.4800000190734863,36400,0.0,0.0
2021-07-16 00:00:00-04:00,1.4700000286102295,1.5399999618530273,1.4500000476837158,1.4700000286102295,46200,0.0,0.0
2021-07-19 00:00:00-04:00,1.4500000476837158,1.5199999809265137,1.3899999856948853,1.409999966621399,25600,0.0,0.0
2021-07-20 00:00:00-04:00,1.406000018119812,1.4700000286102295,1.3600000143051147,1.3799999952316284,32400,0.0,0.0
2021-07-21 00:00:00-04:00,1.340000033378601,1.440000057220459,1.340000033378601,1.440000057220459,27800,0.0,0.0
2021-07-22 00:00:00-04:00,1.440000057220459,1.5499999523162842,1.4010000228881836,1.4600000381469727,104900,0.0,0.0
2021-07-23 00:00:00-04:00,1.434999942779541,1.434999942779541,1.3300000429153442,1.340000033378601,41400,0.0,0.0
2021-07-26 00:00:00-04:00,1.3300000429153442,1.399999976158142,1.2799999713897705,1.3700000047683716,48500,0.0,0.0
2021-07-27 00:00:00-04:00,1.3600000143051147,1.4199999570846558,1.2300000190734863,1.399999976158142,33000,0.0,0.0
2021-07-28 00:00:00-04:00,1.3700000047683716,1.5499999523162842,1.3700000047683716,1.440000057220459,130700,0.0,0.0
2021-07-29 00:00:00-04:00,1.5299999713897705,1.5299999713897705,1.440000057220459,1.440000057220459,59000,0.0,0.0
2021-07-30 00:00:00-04:00,1.409999966621399,1.899999976158142,1.3899999856948853,1.5499999523162842,1460000,0.0,0.0
2021-08-02 00:00:00-04:00,1.5399999618530273,1.649999976158142,1.5099999904632568,1.6299999952316284,824200,0.0,0.0
2021-08-03 00:00:00-04:00,1.559999942779541,1.6200000047683716,1.5199999809265137,1.6100000143051147,138800,0.0,0.0
2021-08-04 00:00:00-04:00,1.6200000047683716,1.649999976158142,1.5199999809265137,1.6299999952316284,89700,0.0,0.0
2021-08-05 00:00:00-04:00,1.5750000476837158,1.649999976158142,1.5499999523162842,1.6100000143051147,135900,0.0,0.0
2021-08-06 00:00:00-04:00,1.6299999952316284,1.7400000095367432,1.6299999952316284,1.6699999570846558,77900,0.0,0.0
2021-08-09 00:00:00-04:00,1.6399999856948853,1.7400000095367432,1.6399999856948853,1.690000057220459,27900,0.0,0.0
2021-08-10 00:00:00-04:00,1.7200000286102295,1.7200000286102295,1.6200000047683716,1.6799999475479126,25100,0.0,0.0
2021-08-11 00:00:00-04:00,1.659999966621399,1.7000000476837158,1.5800000429153442,1.649999976158142,26200,0.0,0.0
2021-08-12 00:00:00-04:00,1.6799999475479126,1.6799999475479126,1.649999976158142,1.659999966621399,17600,0.0,0.0
2021-08-13 00:00:00-04:00,1.6699999570846558,1.6699999570846558,1.5700000524520874,1.6549999713897705,51600,0.0,0.0
2021-08-16 00:00:00-04:00,1.6699999570846558,1.6699999570846558,1.6200000047683716,1.649999976158142,24000,0.0,0.0
2021-08-17 00:00:00-04:00,1.6399999856948853,1.659999966621399,1.5800000429153442,1.590000033378601,53500,0.0,0.0
2021-08-18 00:00:00-04:00,1.600000023841858,1.7000000476837158,1.600000023841858,1.6200000047683716,44400,0.0,0.0
2021-08-19 00:00:00-04:00,1.6200000047683716,1.7100000381469727,1.6160000562667847,1.690000057220459,53800,0.0,0.0
2021-08-20 00:00:00-04:00,1.7100000381469727,1.7699999809265137,1.7000000476837158,1.7699999809265137,51100,0.0,0.0
2021-08-23 00:00:00-04:00,1.7999999523162842,1.940000057220459,1.6200000047683716,1.7899999618530273,328300,0.0,0.0
2021-08-24 00:00:00-04:00,1.7999999523162842,1.8600000143051147,1.7599999904632568,1.850000023841858,111900,0.0,0.0
2021-08-25 00:00:00-04:00,1.8799999952316284,1.8899999856948853,1.7899999618530273,1.8799999952316284,118100,0.0,0.0
2021-08-26 00:00:00-04:00,1.9299999475479126,1.940000057220459,1.7999999523162842,1.8899999856948853,130900,0.0,0.0
2021-08-27 00:00:00-04:00,1.899999976158142,1.899999976158142,1.7799999713897705,1.8799999952316284,54700,0.0,0.0
2021-08-30 00:00:00-04:00,1.8600000143051147,1.8799999952316284,1.7699999809265137,1.7899999618530273,42400,0.0,0.0
2021-08-31 00:00:00-04:00,1.7999999523162842,1.840000033378601,1.75,1.809000015258789,31700,0.0,0.0
2021-09-01 00:00:00-04:00,1.7999999523162842,1.840000033378601,1.7680000066757202,1.8200000524520874,3500,0.0,0.0
2021-09-02 00:00:00-04:00,1.7740000486373901,1.840000033378601,1.7599999904632568,1.7899999618530273,31900,0.0,0.0
2021-09-03 00:00:00-04:00,1.7899999618530273,1.840000033378601,1.7599999904632568,1.7899999618530273,14900,0.0,0.0
2021-09-07 00:00:00-04:00,1.7699999809265137,1.840000033378601,1.7200000286102295,1.7799999713897705,41400,0.0,0.0
2021-09-08 00:00:00-04:00,1.7510000467300415,1.850000023841858,1.7000000476837158,1.8300000429153442,32900,0.0,0.0
2021-09-09 00:00:00-04:00,1.8389999866485596,1.8389999866485596,1.7699999809265137,1.7799999713897705,19000,0.0,0.0
2021-09-10 00:00:00-04:00,1.7599999904632568,1.7599999904632568,1.6699999570846558,1.690000057220459,64000,0.0,0.0
2021-09-13 00:00:00-04:00,1.690000057220459,1.7599999904632568,1.6399999856948853,1.7100000381469727,49200,0.0,0.0
2021-09-14 00:00:00-04:00,1.690000057220459,1.8300000429153442,1.649999976158142,1.690000057220459,52800,0.0,0.0
2021-09-15 00:00:00-04:00,1.7200000286102295,1.7699999809265137,1.6100000143051147,1.690000057220459,62500,0.0,0.0
2021-09-16 00:00:00-04:00,1.6399999856948853,1.690000057220459,1.6319999694824219,1.690000057220459,17500,0.0,0.0
2021-09-17 00:00:00-04:00,1.6799999475479126,1.75,1.6699999570846558,1.7100000381469727,7000,0.0,0.0
2021-09-20 00:00:00-04:00,1.659999966621399,1.75,1.6299999952316284,1.6399999856948853,81400,0.0,0.0
2021-09-21 00:00:00-04:00,1.6200000047683716,1.7100000381469727,1.6200000047683716,1.690000057220459,24800,0.0,0.0
2021-09-22 00:00:00-04:00,1.6799999475479126,1.7599999904632568,1.6699999570846558,1.7400000095367432,13000,0.0,0.0
2021-09-23 00:00:00-04:00,1.7400000095367432,1.7999999523162842,1.694000005722046,1.7999999523162842,43800,0.0,0.0
2021-09-24 00:00:00-04:00,1.7999999523162842,1.899999976158142,1.7100000381469727,1.850000023841858,113700,0.0,0.0
2021-09-27 00:00:00-04:00,1.850000023841858,1.9500000476837158,1.850000023841858,1.8799999952316284,128800,0.0,0.0
2021-09-28 00:00:00-04:00,1.9600000381469727,1.9600000381469727,1.8200000524520874,1.8700000047683716,151500,0.0,0.0
2021-09-29 00:00:00-04:00,1.899999976158142,2.049999952316284,1.8899999856948853,2.049999952316284,140200,0.0,0.0
2021-09-30 00:00:00-04:00,2.009999990463257,2.369999885559082,1.99399995803833,2.240000009536743,288900,0.0,0.0
2021-10-01 00:00:00-04:00,2.1700000762939453,2.319999933242798,2.059999942779541,2.200000047683716,99100,0.0,0.0
2021-10-04 00:00:00-04:00,2.200000047683716,2.2699999809265137,2.0399999618530273,2.1700000762939453,50000,0.0,0.0
2021-10-05 00:00:00-04:00,2.130000114440918,2.5999999046325684,2.069999933242798,2.4200000762939453,587700,0.0,0.0
2021-10-06 00:00:00-04:00,2.5,3.0,2.5,2.609999895095825,1312000,0.0,0.0
2021-10-07 00:00:00-04:00,2.7300000190734863,3.1700000762939453,2.6500000953674316,3.0399999618530273,1057300,0.0,0.0
2021-10-08 00:00:00-04:00,3.0399999618530273,3.0399999618530273,2.759999990463257,2.8499999046325684,312400,0.0,0.0
2021-10-11 00:00:00-04:00,2.809999942779541,3.5,2.805000066757202,3.2899999618530273,629200,0.0,0.0
2021-10-12 00:00:00-04:00,3.299999952316284,4.40500020980835,3.299999952316284,3.819999933242798,2006900,0.0,0.0
2021-10-13 00:00:00-04:00,4.510000228881836,4.71999979019165,3.940000057220459,4.380000114440918,3622900,0.0,0.0
2021-10-14 00:00:00-04:00,4.25,4.650000095367432,3.9800000190734863,4.5,714700,0.0,0.0
2021-10-15 00:00:00-04:00,4.650000095367432,6.539999961853027,4.440000057220459,5.900000095367432,4678300,0.0,0.0
2021-10-18 00:00:00-04:00,6.300000190734863,7.079999923706055,5.5,6.670000076293945,6586800,0.0,0.0
2021-10-19 00:00:00-04:00,6.349999904632568,9.899999618530273,6.130000114440918,9.510000228881836,15725200,0.0,0.0
2021-10-20 00:00:00-04:00,10.140999794006348,19.489999771118164,8.569999694824219,18.8700008392334,58662300,0.0,0.0
2021-10-21 00:00:00-04:00,21.979999542236328,22.389999389648438,8.989999771118164,9.140000343322754,36799000,0.0,0.0
2021-10-22 00:00:00-04:00,8.982999801635742,8.989999771118164,5.139999866485596,5.619999885559082,14667500,0.0,0.0
2021-10-25 00:00:00-04:00,5.619999885559082,6.820000171661377,4.949999809265137,6.480000019073486,11554400,0.0,0.0
2021-10-26 00:00:00-04:00,6.099999904632568,6.300000190734863,5.079999923706055,5.099999904632568,3388100,0.0,0.0
2021-10-27 00:00:00-04:00,4.820000171661377,5.360000133514404,4.5,4.639999866485596,3243400,0.0,0.0
2021-10-28 00:00:00-04:00,4.610000133514404,4.875999927520752,4.25,4.510000228881836,1659500,0.0,0.0
2021-10-29 00:00:00-04:00,4.619999885559082,5.25,4.210000038146973,4.230000019073486,2401600,0.0,0.0
2021-11-01 00:00:00-04:00,4.210000038146973,4.71999979019165,4.210000038146973,4.619999885559082,979300,0.0,0.0
2021-11-02 00:00:00-04:00,4.690000057220459,4.690000057220459,4.21999979019165,4.380000114440918,759400,0.0,0.0
2021-11-03 00:00:00-04:00,4.590000152587891,4.860000133514404,4.28000020980835,4.369999885559082,1320500,0.0,0.0
2021-11-04 00:00:00-04:00,4.480000019073486,4.505000114440918,4.190000057220459,4.210000038146973,433000,0.0,0.0
2021-11-05 00:00:00-04:00,4.300000190734863,4.639999866485596,4.179999828338623,4.329999923706055,756500,0.0,0.0
2021-11-08 00:00:00-05:00,4.364999771118164,4.889999866485596,4.28000020980835,4.590000152587891,866100,0.0,0.0
2021-11-09 00:00:00-05:00,4.46999979019165,4.7170000076293945,3.950000047683716,4.039999961853027,753500,0.0,0.0
2021-11-10 00:00:00-05:00,3.990000009536743,4.28000020980835,3.6600000858306885,3.7100000381469727,1061100,0.0,0.0
2021-11-11 00:00:00-05:00,3.690000057220459,3.880000114440918,3.5899999141693115,3.5999999046325684,348300,0.0,0.0
2021-11-12 00:00:00-05:00,3.619999885559082,3.700000047683716,3.5899999141693115,3.6500000953674316,222100,0.0,0.0
2021-11-15 00:00:00-05:00,3.7699999809265137,3.8399999141693115,3.440000057220459,3.5799999237060547,702900,0.0,0.0
2021-11-16 00:00:00-05:00,3.700000047683716,3.7699999809265137,3.5199999809265137,3.549999952316284,206500,0.0,0.0
2021-11-17 00:00:00-05:00,3.4800000190734863,3.5,3.119999885559082,3.1700000762939453,478800,0.0,0.0
2021-11-18 00:00:00-05:00,3.2200000286102295,3.3499999046325684,2.9509999752044678,3.140000104904175,815000,0.0,0.0
2021-11-19 00:00:00-05:00,3.0999999046325684,3.180000066757202,2.9100000858306885,2.930000066757202,98900,0.0,0.0
2021-11-22 00:00:00-05:00,2.990000009536743,3.0399999618530273,2.690000057220459,2.8499999046325684,791100,0.0,0.0
2021-11-23 00:00:00-05:00,2.7799999713897705,2.9200000762939453,2.7300000190734863,2.890000104904175,229200,0.0,0.0
2021-11-24 00:00:00-05:00,2.7799999713897705,3.059999942779541,2.75,2.9600000381469727,277100,0.0,0.0
2021-11-26 00:00:00-05:00,2.8399999141693115,3.0299999713897705,2.8299999237060547,2.9700000286102295,153600,0.0,0.0
2021-11-29 00:00:00-05:00,3.009999990463257,3.3299999237060547,2.869999885559082,3.1600000858306885,384000,0.0,0.0
2021-11-30 00:00:00-05:00,3.119999885559082,3.2200000286102295,2.809999942779541,2.950000047683716,352100,0.0,0.0
2021-12-01 00:00:00-05:00,3.0299999713897705,3.0999999046325684,2.6600000858306885,2.6600000858306885,266900,0.0,0.0
2021-12-02 00:00:00-05:00,2.630000114440918,2.6600000858306885,2.5199999809265137,2.5399999618530273,150800,0.0,0.0
2021-12-03 00:00:00-05:00,2.5999999046325684,2.5999999046325684,2.2799999713897705,2.2799999713897705,310200,0.0,0.0
2021-12-06 00:00:00-05:00,2.240000009536743,2.880000114440918,2.1700000762939453,2.690000057220459,899400,0.0,0.0
2021-12-07 00:00:00-05:00,2.6500000953674316,2.8499999046325684,2.4700000286102295,2.5899999141693115,464100,0.0,0.0
2021-12-08 00:00:00-05:00,2.640000104904175,2.9000000953674316,2.430000066757202,2.8299999237060547,427500,0.0,0.0
2021-12-09 00:00:00-05:00,2.759999990463257,2.799999952316284,2.6500000953674316,2.700000047683716,153700,0.0,0.0
2021-12-10 00:00:00-05:00,2.690000057220459,2.8399999141693115,2.5199999809265137,2.569999933242798,103600,0.0,0.0
2021-12-13 00:00:00-05:00,2.5999999046325684,2.640000104904175,2.369999885559082,2.440000057220459,167000,0.0,0.0
2021-12-14 00:00:00-05:00,2.3299999237060547,2.5399999618530273,2.309999942779541,2.3399999141693115,159200,0.0,0.0
2021-12-15 00:00:00-05:00,2.3499999046325684,2.369999885559082,2.119999885559082,2.240000009536743,224800,0.0,0.0
2021-12-16 00:00:00-05:00,2.200000047683716,2.240000009536743,2.0,2.0199999809265137,89600,0.0,0.0
2021-12-17 00:00:00-05:00,1.9780000448226929,2.200000047683716,1.909999966621399,2.0899999141693115,150300,0.0,0.0
2021-12-20 00:00:00-05:00,2.0199999809265137,2.0999999046325684,1.940000057220459,1.940000057220459,92800,0.0,0.0
2021-12-21 00:00:00-05:00,1.899999976158142,2.190000057220459,1.899999976158142,2.180000066757202,105400,0.0,0.0
2021-12-22 00:00:00-05:00,2.109999895095825,2.190000057220459,2.0399999618530273,2.059999942779541,67700,0.0,0.0
2021-12-23 00:00:00-05:00,2.115000009536743,2.2899999618530273,2.0889999866485596,2.2100000381469727,192600,0.0,0.0
2021-12-27 00:00:00-05:00,2.2100000381469727,2.2100000381469727,2.0,2.0,163300,0.0,0.0
2021-12-28 00:00:00-05:00,2.009999990463257,2.130000114440918,1.909999966621399,1.909999966621399,170000,0.0,0.0
2021-12-29 00:00:00-05:00,2.1500000953674316,2.1500000953674316,1.9199999570846558,2.0,133000,0.0,0.0
2021-12-30 00:00:00-05:00,1.9500000476837158,2.069999933242798,1.850000023841858,1.850000023841858,215100,0.0,0.0
2021-12-31 00:00:00-05:00,1.8600000143051147,1.8700000047683716,1.6399999856948853,1.6399999856948853,288900,0.0,0.0
2022-01-03 00:00:00-05:00,1.7599999904632568,1.8200000524520874,1.6799999475479126,1.7300000190734863,191900,0.0,0.0
2022-01-04 00:00:00-05:00,1.7000000476837158,1.7890000343322754,1.7000000476837158,1.7599999904632568,24900,0.0,0.0
2022-01-05 00:00:00-05:00,1.7549999952316284,1.8200000524520874,1.6200000047683716,1.6200000047683716,58400,0.0,0.0
2022-01-06 00:00:00-05:00,1.621000051498413,1.690000057220459,1.5399999618530273,1.649999976158142,77600,0.0,0.0
2022-01-07 00:00:00-05:00,1.6200000047683716,1.659999966621399,1.4800000190734863,1.4800000190734863,89000,0.0,0.0
2022-01-10 00:00:00-05:00,1.5199999809265137,1.7359999418258667,1.4950000047683716,1.6299999952316284,143200,0.0,0.0
2022-01-11 00:00:00-05:00,1.600000023841858,1.690000057220459,1.590000033378601,1.590000033378601,83000,0.0,0.0
2022-01-12 00:00:00-05:00,1.7400000095367432,1.7400000095367432,1.5800000429153442,1.5800000429153442,101600,0.0,0.0
2022-01-13 00:00:00-05:00,1.6390000581741333,1.649999976158142,1.5700000524520874,1.5700000524520874,45000,0.0,0.0
2022-01-14 00:00:00-05:00,1.5700000524520874,1.6399999856948853,1.4500000476837158,1.4600000381469727,56400,0.0,0.0
2022-01-18 00:00:00-05:00,1.409999966621399,1.5299999713897705,1.409999966621399,1.5199999809265137,55400,0.0,0.0
2022-01-19 00:00:00-05:00,1.4600000381469727,1.5499999523162842,1.3880000114440918,1.399999976158142,74000,0.0,0.0
2022-01-20 00:00:00-05:00,1.4700000286102295,1.559999942779541,1.3700000047683716,1.5,123300,0.0,0.0
2022-01-21 00:00:00-05:00,1.5,1.600000023841858,1.3799999952316284,1.4500000476837158,121600,0.0,0.0
2022-01-24 00:00:00-05:00,1.3899999856948853,1.5,1.3300000429153442,1.4500000476837158,93800,0.0,0.0
2022-01-25 00:00:00-05:00,1.350000023841858,1.694000005722046,1.350000023841858,1.6200000047683716,296600,0.0,0.0
2022-01-26 00:00:00-05:00,1.6510000228881836,1.659000039100647,1.4700000286102295,1.4800000190734863,76200,0.0,0.0
2022-01-27 00:00:00-05:00,1.5,1.5499999523162842,1.4500000476837158,1.5299999713897705,47800,0.0,0.0
2022-01-28 00:00:00-05:00,1.4600000381469727,1.600000023841858,1.440000057220459,1.5800000429153442,91600,0.0,0.0
2022-01-31 00:00:00-05:00,1.5199999809265137,1.8450000286102295,1.5199999809265137,1.75,126800,0.0,0.0
2022-02-01 00:00:00-05:00,1.7070000171661377,1.899999976158142,1.6200000047683716,1.809999942779541,51600,0.0,0.0
2022-02-02 00:00:00-05:00,1.809999942779541,1.809999942779541,1.7000000476837158,1.7300000190734863,66400,0.0,0.0
2022-02-03 00:00:00-05:00,1.850000023841858,1.8799999952316284,1.75,1.850000023841858,75400,0.0,0.0
2022-02-04 00:00:00-05:00,1.899999976158142,1.940000057220459,1.7999999523162842,1.809999942779541,92700,0.0,0.0
2022-02-07 00:00:00-05:00,1.8200000524520874,1.8899999856948853,1.75,1.75,27500,0.0,0.0
2022-02-08 00:00:00-05:00,1.8700000047683716,1.8700000047683716,1.7100000381469727,1.7100000381469727,40200,0.0,0.0
2022-02-09 00:00:00-05:00,1.75,1.840000033378601,1.7200000286102295,1.809999942779541,24400,0.0,0.0
2022-02-10 00:00:00-05:00,1.809999942779541,1.8899999856948853,1.7970000505447388,1.7999999523162842,22000,0.0,0.0
2022-02-11 00:00:00-05:00,1.8200000524520874,1.850000023841858,1.7400000095367432,1.7899999618530273,24900,0.0,0.0
2022-02-14 00:00:00-05:00,1.8300000429153442,1.8300000429153442,1.6100000143051147,1.6299999952316284,69300,0.0,0.0
2022-02-15 00:00:00-05:00,1.7300000190734863,1.7899999618530273,1.600000023841858,1.6399999856948853,67500,0.0,0.0
2022-02-16 00:00:00-05:00,1.649999976158142,1.8040000200271606,1.409999966621399,1.4700000286102295,182100,0.0,0.0
2022-02-17 00:00:00-05:00,1.5,1.5759999752044678,1.4700000286102295,1.5099999904632568,54700,0.0,0.0
2022-02-18 00:00:00-05:00,1.5,1.5399999618530273,1.4500000476837158,1.4900000095367432,29600,0.0,0.0
2022-02-22 00:00:00-05:00,1.4600000381469727,1.5499999523162842,1.4500000476837158,1.4500000476837158,36200,0.0,0.0
2022-02-23 00:00:00-05:00,1.5,1.559999942779541,1.409999966621399,1.409999966621399,65600,0.0,0.0
2022-02-24 00:00:00-05:00,1.3899999856948853,1.399999976158142,1.2599999904632568,1.2799999713897705,78800,0.0,0.0
2022-02-25 00:00:00-05:00,1.2999999523162842,1.4800000190734863,1.2999999523162842,1.4800000190734863,28600,0.0,0.0
2022-02-28 00:00:00-05:00,1.3600000143051147,1.5499999523162842,1.3600000143051147,1.409999966621399,31000,0.0,0.0
2022-03-01 00:00:00-05:00,1.399999976158142,1.5099999904632568,1.399999976158142,1.4600000381469727,36800,0.0,0.0
2022-03-02 00:00:00-05:00,1.4800000190734863,1.4800000190734863,1.4299999475479126,1.4600000381469727,46300,0.0,0.0
2022-03-03 00:00:00-05:00,1.409999966621399,1.6100000143051147,1.409999966621399,1.5099999904632568,160300,0.0,0.0
2022-03-04 00:00:00-05:00,1.409999966621399,1.4700000286102295,1.399999976158142,1.399999976158142,56700,0.0,0.0
2022-03-07 00:00:00-05:00,1.3700000047683716,1.4700000286102295,1.3600000143051147,1.409999966621399,190700,0.0,0.0
2022-03-08 00:00:00-05:00,1.4500000476837158,1.4830000400543213,1.309999942779541,1.3300000429153442,154500,0.0,0.0
2022-03-09 00:00:00-05:00,1.4299999475479126,1.6399999856948853,1.340000033378601,1.5,165700,0.0,0.0
2022-03-10 00:00:00-05:00,1.4600000381469727,1.5299999713897705,1.3600000143051147,1.3600000143051147,146000,0.0,0.0
2022-03-11 00:00:00-05:00,1.350000023841858,1.4299999475479126,1.3300000429153442,1.350000023841858,56000,0.0,0.0
2022-03-14 00:00:00-04:00,1.309999942779541,1.3899999856948853,1.25,1.2599999904632568,59700,0.0,0.0
2022-03-15 00:00:00-04:00,1.25,1.4500000476837158,1.25,1.340000033378601,74100,0.0,0.0
2022-03-16 00:00:00-04:00,1.5,1.6399999856948853,1.399999976158142,1.5399999618530273,215300,0.0,0.0
2022-03-17 00:00:00-04:00,1.5800000429153442,1.6699999570846558,1.5299999713897705,1.5499999523162842,67300,0.0,0.0
2022-03-18 00:00:00-04:00,1.600000023841858,2.3399999141693115,1.5299999713897705,1.9900000095367432,1198300,0.0,0.0
2022-03-21 00:00:00-04:00,1.9900000095367432,1.9900000095367432,1.649999976158142,1.75,260800,0.0,0.0
2022-03-22 00:00:00-04:00,1.7699999809265137,1.8799999952316284,1.7200000286102295,1.8200000524520874,80100,0.0,0.0
2022-03-23 00:00:00-04:00,1.7350000143051147,2.0899999141693115,1.7100000381469727,1.840000033378601,606700,0.0,0.0
2022-03-24 00:00:00-04:00,1.8300000429153442,1.8300000429153442,1.75,1.7699999809265137,51600,0.0,0.0
2022-03-25 00:00:00-04:00,1.75,1.8200000524520874,1.7300000190734863,1.7300000190734863,22500,0.0,0.0
2022-03-28 00:00:00-04:00,1.7100000381469727,1.7799999713897705,1.7000000476837158,1.75,51600,0.0,0.0
2022-03-29 00:00:00-04:00,1.75600004196167,1.840000033378601,1.75,1.7699999809265137,20800,0.0,0.0
2022-03-30 00:00:00-04:00,1.659999966621399,1.7799999713897705,1.659999966621399,1.7300000190734863,13100,0.0,0.0
2022-03-31 00:00:00-04:00,1.75,1.7699999809265137,1.6649999618530273,1.690000057220459,22500,0.0,0.0
2022-04-01 00:00:00-04:00,1.850000023841858,1.850000023841858,1.6200000047683716,1.6200000047683716,54200,0.0,0.0
2022-04-04 00:00:00-04:00,1.590000033378601,1.6699999570846558,1.5399999618530273,1.590000033378601,129500,0.0,0.0
2022-04-05 00:00:00-04:00,1.590000033378601,1.6799999475479126,1.5820000171661377,1.649999976158142,38100,0.0,0.0
2022-04-06 00:00:00-04:00,1.6009999513626099,1.7300000190734863,1.5099999904632568,1.5099999904632568,48800,0.0,0.0
2022-04-07 00:00:00-04:00,1.7999999523162842,1.7999999523162842,1.6399999856948853,1.690000057220459,55400,0.0,0.0
2022-04-08 00:00:00-04:00,1.690000057220459,1.7699999809265137,1.600000023841858,1.659999966621399,38800,0.0,0.0
2022-04-11 00:00:00-04:00,1.7100000381469727,1.7400000095367432,1.5099999904632568,1.5499999523162842,65900,0.0,0.0
2022-04-12 00:00:00-04:00,1.5499999523162842,1.600000023841858,1.4299999475479126,1.4600000381469727,74300,0.0,0.0
2022-04-13 00:00:00-04:00,1.5299999713897705,1.5299999713897705,1.4199999570846558,1.4199999570846558,18600,0.0,0.0
2022-04-14 00:00:00-04:00,1.600000023841858,1.600000023841858,1.3700000047683716,1.4199999570846558,16400,0.0,0.0
2022-04-18 00:00:00-04:00,1.3600000143051147,1.4500000476837158,1.309999942779541,1.3600000143051147,33700,0.0,0.0
2022-04-19 00:00:00-04:00,1.3350000381469727,1.399999976158142,1.2999999523162842,1.3600000143051147,20700,0.0,0.0
2022-04-20 00:00:00-04:00,1.309999942779541,1.350000023841858,1.2699999809265137,1.2699999809265137,21700,0.0,0.0
2022-04-21 00:00:00-04:00,1.2599999904632568,1.4199999570846558,1.25,1.309999942779541,67900,0.0,0.0
2022-04-22 00:00:00-04:00,1.25,1.2899999618530273,1.059999942779541,1.1299999952316284,112000,0.0,0.0
2022-04-25 00:00:00-04:00,1.1799999475479126,1.1799999475479126,0.9300000071525574,1.0149999856948853,38400,0.0,0.0
2022-04-26 00:00:00-04:00,1.0099999904632568,1.0199999809265137,0.9700000286102295,0.9710000157356262,11800,0.0,0.0
2022-04-27 00:00:00-04:00,0.9549999833106995,1.0,0.8799999952316284,0.9100000262260437,21400,0.0,0.0
2022-04-28 00:00:00-04:00,1.0099999904632568,1.0099999904632568,0.8799999952316284,0.9449999928474426,72400,0.0,0.0
2022-04-29 00:00:00-04:00,1.0,1.090000033378601,0.9409999847412109,0.9509999752044678,23800,0.0,0.0
2022-05-02 00:00:00-04:00,0.9980000257492065,0.9980000257492065,0.8410000205039978,0.8899999856948853,32400,0.0,0.0
2022-05-03 00:00:00-04:00,0.8399999737739563,1.0,0.8399999737739563,0.9279999732971191,43000,0.0,0.0
2022-05-04 00:00:00-04:00,0.9399999976158142,0.9700000286102295,0.8799999952316284,0.8799999952316284,16800,0.0,0.0
2022-05-05 00:00:00-04:00,0.9200000166893005,0.949999988079071,0.8799999952316284,0.9490000009536743,27100,0.0,0.0
2022-05-06 00:00:00-04:00,0.8999999761581421,1.0,0.8799999952316284,0.9750000238418579,78700,0.0,0.0
2022-05-09 00:00:00-04:00,1.0,1.0,0.8600000143051147,0.8799999952316284,31900,0.0,0.0
2022-05-10 00:00:00-04:00,0.8539999723434448,0.9900000095367432,0.8539999723434448,0.8989999890327454,35100,0.0,0.0
2022-05-11 00:00:00-04:00,0.8299999833106995,0.9599999785423279,0.8299999833106995,0.9200000166893005,5100,0.0,0.0
2022-05-12 00:00:00-04:00,0.8999999761581421,0.9760000109672546,0.8899999856948853,0.8899999856948853,10100,0.0,0.0
2022-05-13 00:00:00-04:00,0.9100000262260437,0.9559999704360962,0.9100000262260437,0.9160000085830688,900,0.0,0.0
2022-05-16 00:00:00-04:00,0.8999999761581421,0.9599999785423279,0.8700000047683716,0.9200000166893005,9800,0.0,0.0
2022-05-17 00:00:00-04:00,0.9200000166893005,0.949999988079071,0.8999999761581421,0.949999988079071,6500,0.0,0.0
2022-05-18 00:00:00-04:00,0.8999999761581421,0.9100000262260437,0.8899999856948853,0.9100000262260437,4200,0.0,0.0
2022-05-19 00:00:00-04:00,0.8899999856948853,0.8999999761581421,0.8700000047683716,0.878000020980835,16900,0.0,0.0
2022-05-20 00:00:00-04:00,0.8999999761581421,0.925000011920929,0.878000020980835,0.8889999985694885,21000,0.0,0.0
2022-05-23 00:00:00-04:00,0.8799999952316284,0.8999999761581421,0.8600000143051147,0.8600000143051147,15500,0.0,0.0
2022-05-24 00:00:00-04:00,0.8600000143051147,0.8600000143051147,0.75,0.8100000023841858,29600,0.0,0.0
2022-05-25 00:00:00-04:00,0.8100000023841858,1.0800000429153442,0.8100000023841858,1.0,36800,0.0,0.0
2022-05-26 00:00:00-04:00,0.8999999761581421,1.0800000429153442,0.8999999761581421,1.0800000429153442,28800,0.0,0.0
2022-05-27 00:00:00-04:00,1.059999942779541,1.1699999570846558,1.0099999904632568,1.0679999589920044,27300,0.0,0.0
2022-05-31 00:00:00-04:00,1.090000033378601,1.090000033378601,0.9810000061988831,1.0889999866485596,3800,0.0,0.0
2022-06-01 00:00:00-04:00,1.159999966621399,1.159999966621399,1.0299999713897705,1.1200000047683716,9500,0.0,0.0
2022-06-02 00:00:00-04:00,0.9810000061988831,1.1399999856948853,0.9810000061988831,1.090000033378601,7400,0.0,0.0
2022-06-03 00:00:00-04:00,1.1230000257492065,1.1230000257492065,1.034000039100647,1.090000033378601,2000,0.0,0.0
2022-06-06 00:00:00-04:00,1.1399999856948853,1.2300000190734863,1.055999994277954,1.2000000476837158,32800,0.0,0.0
2022-06-07 00:00:00-04:00,1.2100000381469727,1.2100000381469727,1.1230000257492065,1.1799999475479126,5500,0.0,0.0
2022-06-08 00:00:00-04:00,1.0,1.2899999618530273,1.0,1.2100000381469727,61200,0.0,0.0
2022-06-09 00:00:00-04:00,1.25,1.3899999856948853,1.2200000286102295,1.2899999618530273,77700,0.0,0.0
2022-06-10 00:00:00-04:00,1.2400000095367432,1.3799999952316284,1.1799999475479126,1.2699999809265137,34800,0.0,0.0
2022-06-13 00:00:00-04:00,1.3200000524520874,1.3200000524520874,1.149999976158142,1.2000000476837158,25500,0.0,0.0
2022-06-14 00:00:00-04:00,1.215000033378601,1.215000033378601,1.0399999618530273,1.0399999618530273,21200,0.0,0.0
2022-06-15 00:00:00-04:00,1.0700000524520874,1.149999976158142,1.0700000524520874,1.1050000190734863,3900,0.0,0.0
2022-06-16 00:00:00-04:00,1.0399999618530273,1.0700000524520874,1.0199999809265137,1.0299999713897705,13800,0.0,0.0
2022-06-17 00:00:00-04:00,1.059999942779541,1.340000033378601,1.0,1.1299999952316284,51900,0.0,0.0
2022-06-21 00:00:00-04:00,1.159999966621399,1.1699999570846558,1.090000033378601,1.1050000190734863,6400,0.0,0.0
2022-06-22 00:00:00-04:00,1.0399999618530273,1.1100000143051147,1.0399999618530273,1.0800000429153442,1700,0.0,0.0
2022-06-23 00:00:00-04:00,1.100000023841858,1.190000057220459,1.0809999704360962,1.0809999704360962,16600,0.0,0.0
2022-06-24 00:00:00-04:00,1.1030000448226929,1.2050000429153442,1.100000023841858,1.100000023841858,11700,0.0,0.0
2022-06-27 00:00:00-04:00,1.1100000143051147,1.149999976158142,1.1100000143051147,1.1299999952316284,4000,0.0,0.0
2022-06-28 00:00:00-04:00,1.1100000143051147,1.1399999856948853,1.1100000143051147,1.1399999856948853,1600,0.0,0.0
2022-06-29 00:00:00-04:00,1.1100000143051147,1.1799999475479126,1.0299999713897705,1.0299999713897705,6200,0.0,0.0
2022-06-30 00:00:00-04:00,1.0,1.0499999523162842,0.9559999704360962,1.0199999809265137,23100,0.0,0.0
2022-07-01 00:00:00-04:00,1.0,1.090000033378601,1.0,1.090000033378601,9000,0.0,0.0
2022-07-05 00:00:00-04:00,1.0,1.25,0.8999999761581421,1.090000033378601,22000,0.0,0.0
2022-07-06 00:00:00-04:00,0.9300000071525574,1.100000023841858,0.9300000071525574,1.0199999809265137,5600,0.0,0.0
2022-07-07 00:00:00-04:00,1.0199999809265137,1.100000023841858,0.9399999976158142,1.0700000524520874,5900,0.0,0.0
2022-07-08 00:00:00-04:00,1.024999976158142,1.090000033378601,0.9800000190734863,1.0299999713897705,18900,0.0,0.0
2022-07-11 00:00:00-04:00,1.0299999713897705,1.090000033378601,1.0199999809265137,1.0199999809265137,2500,0.0,0.0
2022-07-12 00:00:00-04:00,0.9800000190734863,1.1299999952316284,0.9800000190734863,1.0299999713897705,7900,0.0,0.0
2022-07-13 00:00:00-04:00,1.0199999809265137,1.0399999618530273,1.0199999809265137,1.0199999809265137,1800,0.0,0.0
2022-07-14 00:00:00-04:00,1.0199999809265137,1.0779999494552612,1.0199999809265137,1.0199999809265137,8200,0.0,0.0
2022-07-15 00:00:00-04:00,0.9800000190734863,1.100000023841858,0.9800000190734863,1.0549999475479126,6100,0.0,0.0
2022-07-18 00:00:00-04:00,0.9800000190734863,1.059999942779541,0.9800000190734863,1.0299999713897705,3700,0.0,0.0
2022-07-19 00:00:00-04:00,1.0199999809265137,1.090000033378601,0.949999988079071,1.0499999523162842,28500,0.0,0.0
2022-07-20 00:00:00-04:00,1.0,1.059999942779541,1.0,1.0199999809265137,3300,0.0,0.0
2022-07-21 00:00:00-04:00,1.0,1.1990000009536743,1.0,1.1150000095367432,67100,0.0,0.0
2022-07-22 00:00:00-04:00,1.0950000286102295,1.0950000286102295,1.0,1.0140000581741333,6700,0.0,0.0
2022-07-25 00:00:00-04:00,1.0099999904632568,1.125,1.0099999904632568,1.0499999523162842,29100,0.0,0.0
2022-07-26 00:00:00-04:00,1.0099999904632568,1.0800000429153442,0.9700000286102295,1.0800000429153442,14100,0.0,0.0
2022-07-27 00:00:00-04:00,1.0099999904632568,1.0399999618530273,0.9599999785423279,0.9800000190734863,29100,0.0,0.0
2022-07-28 00:00:00-04:00,0.949999988079071,1.0499999523162842,0.949999988079071,1.0499999523162842,11600,0.0,0.0
2022-07-29 00:00:00-04:00,0.9700000286102295,1.0579999685287476,0.8899999856948853,0.8899999856948853,29300,0.0,0.0
2022-08-01 00:00:00-04:00,0.9900000095367432,0.9900000095367432,0.8799999952316284,0.8899999856948853,14900,0.0,0.0
2022-08-02 00:00:00-04:00,0.8899999856948853,0.9459999799728394,0.8700000047683716,0.8799999952316284,19500,0.0,0.0
2022-08-03 00:00:00-04:00,1.0399999618530273,1.340000033378601,1.0099999904632568,1.2999999523162842,528900,0.0,0.0
2022-08-04 00:00:00-04:00,1.350000023841858,1.350000023841858,1.1799999475479126,1.2599999904632568,72500,0.0,0.0
2022-08-05 00:00:00-04:00,1.1799999475479126,1.4600000381469727,1.1699999570846558,1.440000057220459,248500,0.0,0.0
2022-08-08 00:00:00-04:00,1.3600000143051147,1.4700000286102295,1.350000023841858,1.440000057220459,43900,0.0,0.0
2022-08-09 00:00:00-04:00,1.3300000429153442,1.4299999475479126,1.2999999523162842,1.4299999475479126,26800,0.0,0.0
2022-08-10 00:00:00-04:00,1.3200000524520874,1.4299999475479126,1.2300000190734863,1.350000023841858,61300,0.0,0.0
2022-08-11 00:00:00-04:00,1.2999999523162842,1.4479999542236328,1.2999999523162842,1.3700000047683716,49100,0.0,0.0
2022-08-12 00:00:00-04:00,1.2200000286102295,1.3799999952316284,1.1200000047683716,1.2899999618530273,94600,0.0,0.0
2022-08-15 00:00:00-04:00,1.340000033378601,1.340000033378601,1.2000000476837158,1.215000033378601,20900,0.0,0.0
2022-08-16 00:00:00-04:00,1.2000000476837158,1.25,1.159999966621399,1.25,12000,0.0,0.0
2022-08-17 00:00:00-04:00,1.1699999570846558,1.215999960899353,1.1610000133514404,1.1699999570846558,7400,0.0,0.0
2022-08-18 00:00:00-04:00,1.1699999570846558,1.1799999475479126,1.1200000047683716,1.1399999856948853,9400,0.0,0.0
2022-08-19 00:00:00-04:00,1.128999948501587,1.149999976158142,1.1039999723434448,1.149999976158142,9800,0.0,0.0
2022-08-22 00:00:00-04:00,1.2200000286102295,1.2200000286102295,1.149999976158142,1.149999976158142,2500,0.0,0.0
2022-08-23 00:00:00-04:00,1.1399999856948853,1.1950000524520874,1.100000023841858,1.1799999475479126,6100,0.0,0.0
2022-08-24 00:00:00-04:00,1.1200000047683716,1.159999966621399,1.065999984741211,1.1399999856948853,21100,0.0,0.0
2022-08-25 00:00:00-04:00,1.2999999523162842,1.2999999523162842,1.149999976158142,1.2200000286102295,36300,0.0,0.0
2022-08-26 00:00:00-04:00,1.149999976158142,1.2330000400543213,1.0399999618530273,1.059999942779541,73800,0.0,0.0
2022-08-29 00:00:00-04:00,1.0399999618530273,1.090000033378601,1.0399999618530273,1.059999942779541,32600,0.0,0.0
2022-08-30 00:00:00-04:00,1.0850000381469727,1.0850000381469727,1.0199999809265137,1.0399999618530273,6700,0.0,0.0
2022-08-31 00:00:00-04:00,1.0499999523162842,1.0800000429153442,1.0399999618530273,1.0499999523162842,21900,0.0,0.0
2022-09-01 00:00:00-04:00,1.0499999523162842,1.0499999523162842,0.949999988079071,0.9900000095367432,7900,0.0,0.0
2022-09-02 00:00:00-04:00,1.0,1.0499999523162842,0.9700000286102295,1.0099999904632568,10700,0.0,0.0
2022-09-06 00:00:00-04:00,1.0099999904632568,1.0099999904632568,0.949999988079071,0.9800000190734863,5600,0.0,0.0
2022-09-07 00:00:00-04:00,0.949999988079071,0.9990000128746033,0.9399999976158142,0.9700000286102295,7100,0.0,0.0
2022-09-08 00:00:00-04:00,0.9399999976158142,0.949999988079071,0.8799999952316284,0.9150000214576721,36900,0.0,0.0
2022-09-09 00:00:00-04:00,0.9599999785423279,1.0,0.9200000166893005,0.9610000252723694,1500,0.0,0.0
2022-09-12 00:00:00-04:00,0.9419999718666077,1.0099999904632568,0.9100000262260437,1.0,9200,0.0,0.0
2022-09-13 00:00:00-04:00,0.9900000095367432,1.0800000429153442,0.949999988079071,1.0199999809265137,13700,0.0,0.0
2022-09-14 00:00:00-04:00,0.9800000190734863,1.0199999809265137,0.9800000190734863,1.0199999809265137,5300,0.0,0.0
2022-09-15 00:00:00-04:00,0.949999988079071,0.9810000061988831,0.949999988079071,0.949999988079071,6400,0.0,0.0
2022-09-16 00:00:00-04:00,1.0,1.0,1.0,1.0,800,0.0,0.0
2022-09-19 00:00:00-04:00,0.949999988079071,1.0,0.949999988079071,1.0,1000,0.0,0.0
2022-09-20 00:00:00-04:00,0.949999988079071,0.9800000190734863,0.949999988079071,0.9760000109672546,4200,0.0,0.0
2022-09-21 00:00:00-04:00,0.9509999752044678,0.9869999885559082,0.9100000262260437,0.972000002861023,17800,0.0,0.0
2022-09-22 00:00:00-04:00,0.8799999952316284,0.9900000095367432,0.8799999952316284,0.9300000071525574,12300,0.0,0.0
2022-09-23 00:00:00-04:00,0.9290000200271606,0.9300000071525574,0.800000011920929,0.8830000162124634,8300,0.0,0.0
2022-09-26 00:00:00-04:00,0.8100000023841858,0.9200000166893005,0.800000011920929,0.800000011920929,17900,0.0,0.0
2022-09-27 00:00:00-04:00,0.8100000023841858,0.8100000023841858,0.7440000176429749,0.8100000023841858,25300,0.0,0.0
2022-09-28 00:00:00-04:00,0.8009999990463257,0.9390000104904175,0.8009999990463257,0.8500000238418579,23700,0.0,0.0
2022-09-29 00:00:00-04:00,0.8999999761581421,0.8999999761581421,0.800000011920929,0.800000011920929,7800,0.0,0.0
2022-09-30 00:00:00-04:00,0.7799999713897705,0.9179999828338623,0.7699999809265137,0.9079999923706055,4400,0.0,0.0
2022-10-03 00:00:00-04:00,0.9079999923706055,0.9079999923706055,0.8460000157356262,0.8640000224113464,2000,0.0,0.0
2022-10-04 00:00:00-04:00,0.7929999828338623,0.8999999761581421,0.75,0.8500000238418579,17600,0.0,0.0
2022-10-05 00:00:00-04:00,0.800000011920929,0.9300000071525574,0.800000011920929,0.9300000071525574,4200,0.0,0.0
2022-10-06 00:00:00-04:00,0.8259999752044678,0.9100000262260437,0.800000011920929,0.8899999856948853,51000,0.0,0.0
2022-10-07 00:00:00-04:00,0.9100000262260437,0.9100000262260437,0.7170000076293945,0.8700000047683716,9200,0.0,0.0
2022-10-10 00:00:00-04:00,0.8510000109672546,0.8510000109672546,0.8100000023841858,0.8500000238418579,1500,0.0,0.0
2022-10-11 00:00:00-04:00,0.6980000138282776,0.8059999942779541,0.6980000138282776,0.8050000071525574,2300,0.0,0.0
2022-10-12 00:00:00-04:00,0.8100000023841858,0.8100000023841858,0.5899999737739563,0.6899999976158142,70800,0.0,0.0
2022-10-13 00:00:00-04:00,0.6800000071525574,0.800000011920929,0.6769999861717224,0.800000011920929,26000,0.0,0.0
2022-10-14 00:00:00-04:00,0.800000011920929,0.800000011920929,0.6809999942779541,0.6809999942779541,10800,0.0,0.0
2022-10-17 00:00:00-04:00,0.7480000257492065,0.7480000257492065,0.6930000185966492,0.6930000185966492,2100,0.0,0.0
2022-10-18 00:00:00-04:00,0.7300000190734863,0.7300000190734863,0.5559999942779541,0.6299999952316284,56600,0.0,0.0
2022-10-19 00:00:00-04:00,0.6399999856948853,0.6399999856948853,0.550000011920929,0.6000000238418579,14200,0.0,0.0
2022-10-20 00:00:00-04:00,0.6159999966621399,0.6200000047683716,0.6129999756813049,0.6200000047683716,1900,0.0,0.0
2022-10-21 00:00:00-04:00,0.550000011920929,0.6449999809265137,0.550000011920929,0.6399999856948853,3500,0.0,0.0
2022-10-24 00:00:00-04:00,0.5350000262260437,0.6200000047683716,0.5350000262260437,0.6079999804496765,13900,0.0,0.0
2022-10-25 00:00:00-04:00,0.5600000023841858,0.6029999852180481,0.5600000023841858,0.5699999928474426,6700,0.0,0.0
2022-10-26 00:00:00-04:00,0.550000011920929,0.5929999947547913,0.550000011920929,0.5929999947547913,21000,0.0,0.0
2022-10-27 00:00:00-04:00,0.6029999852180481,0.6119999885559082,0.550000011920929,0.550000011920929,12500,0.0,0.0
2022-10-28 00:00:00-04:00,0.5400000214576721,0.5609999895095825,0.5,0.5600000023841858,11000,0.0,0.0
2022-10-31 00:00:00-04:00,0.5600000023841858,0.5600000023841858,0.33000001311302185,0.5199999809265137,165100,0.0,0.0
2022-11-01 00:00:00-04:00,0.5299999713897705,0.5690000057220459,0.5,0.5299999713897705,2700,0.0,0.0
2022-11-02 00:00:00-04:00,0.6110000014305115,0.9409999847412109,0.4050000011920929,0.4399999976158142,13019600,0.0,0.0
2022-11-03 00:00:00-04:00,0.3700000047683716,0.4699999988079071,0.3499999940395355,0.4099999964237213,784200,0.0,0.0
2022-11-04 00:00:00-04:00,0.4000000059604645,0.5299999713897705,0.3959999978542328,0.45500001311302185,461600,0.0,0.0
2022-11-07 00:00:00-05:00,0.44999998807907104,0.4650000035762787,0.3919999897480011,0.4000000059604645,68700,0.0,0.0
2022-11-08 00:00:00-05:00,0.4259999990463257,0.4259999990463257,0.3619999885559082,0.4000000059604645,106400,0.0,0.0
2022-11-09 00:00:00-05:00,0.4000000059604645,0.4339999854564667,0.4000000059604645,0.41499999165534973,39300,0.0,0.0
2022-11-10 00:00:00-05:00,0.4099999964237213,0.4690000116825104,0.4099999964237213,0.46399998664855957,96100,0.0,0.0
2022-11-11 00:00:00-05:00,0.4399999976158142,0.46000000834465027,0.4000000059604645,0.4569999873638153,152900,0.0,0.0
2022-11-14 00:00:00-05:00,0.4699999988079071,0.4699999988079071,0.4099999964237213,0.43700000643730164,14900,0.0,0.0
2022-11-15 00:00:00-05:00,0.43700000643730164,0.45100000500679016,0.4050000011920929,0.4189999997615814,44900,0.0,0.0
2022-11-16 00:00:00-05:00,0.4699999988079071,0.4699999988079071,0.41100001335144043,0.41100001335144043,40400,0.0,0.0
2022-11-17 00:00:00-05:00,0.41100001335144043,0.4480000138282776,0.41100001335144043,0.44600000977516174,8300,0.0,0.0
2022-11-18 00:00:00-05:00,0.42899999022483826,0.46000000834465027,0.41999998688697815,0.42100000381469727,33700,0.0,0.0
2022-11-21 00:00:00-05:00,0.42100000381469727,0.42100000381469727,0.34599998593330383,0.42100000381469727,42200,0.0,0.0
2022-11-22 00:00:00-05:00,0.4000000059604645,0.43299999833106995,0.4000000059604645,0.4000000059604645,31600,0.0,0.0
2022-11-23 00:00:00-05:00,0.4009999930858612,0.41999998688697815,0.37700000405311584,0.41999998688697815,10100,0.0,0.0
2022-11-25 00:00:00-05:00,0.3959999978542328,0.40400001406669617,0.38999998569488525,0.38999998569488525,2000,0.0,0.0
2022-11-28 00:00:00-05:00,0.38499999046325684,0.40400001406669617,0.38499999046325684,0.38999998569488525,11500,0.0,0.0
2022-11-29 00:00:00-05:00,0.38999998569488525,0.4099999964237213,0.3709999918937683,0.38499999046325684,26500,0.0,0.0
2022-11-30 00:00:00-05:00,0.38600000739097595,0.4099999964237213,0.3700000047683716,0.38499999046325684,10300,0.0,0.0
2022-12-01 00:00:00-05:00,0.4490000009536743,0.47999998927116394,0.38499999046325684,0.41999998688697815,16000,0.0,0.0
2022-12-02 00:00:00-05:00,0.4699999988079071,0.4699999988079071,0.4230000078678131,0.4699999988079071,5800,0.0,0.0
2022-12-05 00:00:00-05:00,0.4300000071525574,0.46799999475479126,0.4300000071525574,0.460999995470047,4400,0.0,0.0
2022-12-06 00:00:00-05:00,0.46000000834465027,0.46000000834465027,0.41999998688697815,0.41999998688697815,5200,0.0,0.0
2022-12-07 00:00:00-05:00,0.41999998688697815,0.4699999988079071,0.41999998688697815,0.41999998688697815,10000,0.0,0.0
2022-12-08 00:00:00-05:00,0.41999998688697815,0.41999998688697815,0.4000000059604645,0.4000000059604645,22500,0.0,0.0
2022-12-09 00:00:00-05:00,0.42100000381469727,0.4300000071525574,0.41999998688697815,0.4300000071525574,3800,0.0,0.0
2022-12-12 00:00:00-05:00,0.4300000071525574,0.4300000071525574,0.3799999952316284,0.40299999713897705,4200,0.0,0.0
2022-12-13 00:00:00-05:00,0.4300000071525574,0.4300000071525574,0.38999998569488525,0.4000000059604645,15900,0.0,0.0
2022-12-14 00:00:00-05:00,0.39100000262260437,0.4000000059604645,0.39100000262260437,0.3970000147819519,1400,0.0,0.0
2022-12-15 00:00:00-05:00,0.38999998569488525,0.4180000126361847,0.3799999952316284,0.4180000126361847,5000,0.0,0.0
2022-12-16 00:00:00-05:00,0.4300000071525574,0.4300000071525574,0.38999998569488525,0.4300000071525574,9200,0.0,0.0
2022-12-19 00:00:00-05:00,0.41999998688697815,0.42500001192092896,0.39500001072883606,0.4000000059604645,18700,0.0,0.0
2022-12-20 00:00:00-05:00,0.4000000059604645,0.40299999713897705,0.38499999046325684,0.38999998569488525,7200,0.0,0.0
2022-12-21 00:00:00-05:00,0.41999998688697815,0.41999998688697815,0.3799999952316284,0.39500001072883606,13100,0.0,0.0
2022-12-22 00:00:00-05:00,0.3799999952316284,0.41999998688697815,0.20000000298023224,0.39500001072883606,39400,0.0,0.0
2022-12-23 00:00:00-05:00,0.38999998569488525,0.4569999873638153,0.3700000047683716,0.4009999930858612,72900,0.0,0.0
2022-12-27 00:00:00-05:00,0.3700000047683716,0.421999990940094,0.2709999978542328,0.3499999940395355,29800,0.0,0.0
2022-12-28 00:00:00-05:00,0.4099999964237213,0.4099999964237213,0.29899999499320984,0.3199999928474426,6600,0.0,0.0
2022-12-29 00:00:00-05:00,0.3050000071525574,0.375,0.3050000071525574,0.3529999852180481,14800,0.0,0.0
2022-12-30 00:00:00-05:00,0.3100000023841858,0.3799999952316284,0.3100000023841858,0.37599998712539673,9400,0.0,0.0
2023-01-03 00:00:00-05:00,0.39800000190734863,0.39800000190734863,0.30000001192092896,0.3479999899864197,2400,0.0,0.0
2023-01-04 00:00:00-05:00,0.38999998569488525,0.38999998569488525,0.30000001192092896,0.36000001430511475,10600,0.0,0.0
2023-01-05 00:00:00-05:00,0.36000001430511475,0.4099999964237213,0.3100000023841858,0.4020000100135803,9700,0.0,0.0
2023-01-06 00:00:00-05:00,0.4000000059604645,0.4180000126361847,0.3700000047683716,0.40700000524520874,11000,0.0,0.0
2023-01-09 00:00:00-05:00,0.39500001072883606,0.41999998688697815,0.3499999940395355,0.3790000081062317,18900,0.0,0.0
2023-01-10 00:00:00-05:00,0.44999998807907104,0.45399999618530273,0.3799999952316284,0.4000000059604645,19500,0.0,0.0
2023-01-11 00:00:00-05:00,0.41999998688697815,0.4429999887943268,0.4099999964237213,0.4099999964237213,34800,0.0,0.0
2023-01-12 00:00:00-05:00,0.4300000071525574,0.4300000071525574,0.4000000059604645,0.4000000059604645,2600,0.0,0.0
2023-01-13 00:00:00-05:00,0.42800000309944153,0.44999998807907104,0.4050000011920929,0.4099999964237213,21000,0.0,0.0
2023-01-17 00:00:00-05:00,0.41100001335144043,0.44999998807907104,0.41100001335144043,0.44600000977516174,5400,0.0,0.0
2023-01-18 00:00:00-05:00,0.4399999976158142,0.46000000834465027,0.41999998688697815,0.41999998688697815,35100,0.0,0.0
2023-01-19 00:00:00-05:00,0.4320000112056732,0.44999998807907104,0.41999998688697815,0.4399999976158142,84600,0.0,0.0
2023-01-20 00:00:00-05:00,0.44600000977516174,0.46000000834465027,0.43299999833106995,0.43299999833106995,17700,0.0,0.0
2023-01-23 00:00:00-05:00,0.43299999833106995,0.46000000834465027,0.41999998688697815,0.46000000834465027,12200,0.0,0.0
2023-01-24 00:00:00-05:00,0.44999998807907104,0.44999998807907104,0.42500001192092896,0.42500001192092896,4600,0.0,0.0
2023-01-25 00:00:00-05:00,0.42500001192092896,0.44999998807907104,0.42500001192092896,0.42500001192092896,500,0.0,0.0
2023-01-26 00:00:00-05:00,0.42500001192092896,0.44600000977516174,0.42500001192092896,0.42500001192092896,7500,0.0,0.0
2023-01-27 00:00:00-05:00,0.44600000977516174,0.45100000500679016,0.41999998688697815,0.43299999833106995,9600,0.0,0.0
2023-01-30 00:00:00-05:00,0.46000000834465027,0.46000000834465027,0.41999998688697815,0.42500001192092896,2500,0.0,0.0
2023-01-31 00:00:00-05:00,0.42500001192092896,0.4440000057220459,0.41999998688697815,0.41999998688697815,6200,0.0,0.0
2023-02-01 00:00:00-05:00,0.4699999988079071,0.4699999988079071,0.41999998688697815,0.4449999928474426,22200,0.0,0.0
2023-02-02 00:00:00-05:00,0.4300000071525574,0.47999998927116394,0.4300000071525574,0.4399999976158142,6700,0.0,0.0
2023-02-03 00:00:00-05:00,0.41999998688697815,0.46700000762939453,0.41999998688697815,0.46299999952316284,39400,0.0,0.0
2023-02-06 00:00:00-05:00,0.47999998927116394,0.47999998927116394,0.4259999990463257,0.44600000977516174,20300,0.0,0.0
2023-02-07 00:00:00-05:00,0.4699999988079071,0.4699999988079071,0.41999998688697815,0.4300000071525574,3700,0.0,0.0
2023-02-08 00:00:00-05:00,0.4519999921321869,0.4519999921321869,0.41999998688697815,0.4300000071525574,12100,0.0,0.0
2023-02-09 00:00:00-05:00,0.4399999976158142,0.4399999976158142,0.41499999165534973,0.4300000071525574,3900,0.0,0.0
2023-02-10 00:00:00-05:00,0.4309999942779541,0.4309999942779541,0.4099999964237213,0.4099999964237213,1400,0.0,0.0
2023-02-13 00:00:00-05:00,0.4620000123977661,0.4659999907016754,0.4099999964237213,0.4099999964237213,7700,0.0,0.0
2023-02-14 00:00:00-05:00,0.41499999165534973,0.4230000078678131,0.4099999964237213,0.41600000858306885,17800,0.0,0.0
2023-02-15 00:00:00-05:00,0.41999998688697815,0.4399999976158142,0.4099999964237213,0.41499999165534973,7500,0.0,0.0
2023-02-16 00:00:00-05:00,0.42899999022483826,0.4399999976158142,0.42500001192092896,0.42500001192092896,13200,0.0,0.0
2023-02-17 00:00:00-05:00,0.43700000643730164,0.4519999921321869,0.42500001192092896,0.42500001192092896,13100,0.0,0.0
2023-02-21 00:00:00-05:00,0.42500001192092896,0.46000000834465027,0.42500001192092896,0.43700000643730164,2200,0.0,0.0
2023-02-22 00:00:00-05:00,0.44600000977516174,0.46000000834465027,0.4350000023841858,0.4350000023841858,2800,0.0,0.0
2023-02-23 00:00:00-05:00,0.42399999499320984,0.46000000834465027,0.42399999499320984,0.46000000834465027,29400,0.0,0.0
2023-02-24 00:00:00-05:00,0.46000000834465027,0.46000000834465027,0.4300000071525574,0.4309999942779541,11100,0.0,0.0
2023-02-27 00:00:00-05:00,0.4309999942779541,0.49900001287460327,0.4309999942779541,0.4830000102519989,54200,0.0,0.0
2023-02-28 00:00:00-05:00,0.4050000011920929,0.49000000953674316,0.4050000011920929,0.47999998927116394,23200,0.0,0.0
2023-03-01 00:00:00-05:00,0.47999998927116394,0.47999998927116394,0.44999998807907104,0.47999998927116394,8200,0.0,0.0
2023-03-02 00:00:00-05:00,0.44999998807907104,0.4699999988079071,0.4300000071525574,0.4650000035762787,24400,0.0,0.0
2023-03-03 00:00:00-05:00,0.4699999988079071,0.4699999988079071,0.44999998807907104,0.44999998807907104,6600,0.0,0.0
2023-03-06 00:00:00-05:00,0.4399999976158142,0.4399999976158142,0.4000000059604645,0.4339999854564667,12300,0.0,0.0
2023-03-07 00:00:00-05:00,0.4000000059604645,0.4359999895095825,0.4000000059604645,0.4000000059604645,7400,0.0,0.0
2023-03-08 00:00:00-05:00,0.4000000059604645,0.41999998688697815,0.4000000059604645,0.4000000059604645,2400,0.0,0.0
2023-03-09 00:00:00-05:00,0.4000000059604645,0.40299999713897705,0.4000000059604645,0.4009999930858612,4400,0.0,0.0
2023-03-10 00:00:00-05:00,0.4000000059604645,0.4000000059604645,0.3499999940395355,0.36000001430511475,39100,0.0,0.0
2023-03-13 00:00:00-04:00,0.36000001430511475,0.38100001215934753,0.36000001430511475,0.36000001430511475,10200,0.0,0.0
2023-03-14 00:00:00-04:00,0.36000001430511475,0.4009999930858612,0.36000001430511475,0.38600000739097595,10500,0.0,0.0
2023-03-15 00:00:00-04:00,0.4050000011920929,0.4050000011920929,0.3499999940395355,0.3700000047683716,33900,0.0,0.0
2023-03-16 00:00:00-04:00,0.4000000059604645,0.4000000059604645,0.3700000047683716,0.3700000047683716,5700,0.0,0.0
2023-03-17 00:00:00-04:00,0.3499999940395355,0.36500000953674316,0.3499999940395355,0.36500000953674316,600,0.0,0.0
2023-03-20 00:00:00-04:00,0.3499999940395355,0.3499999940395355,0.3499999940395355,0.3499999940395355,500,0.0,0.0
2023-03-21 00:00:00-04:00,0.3499999940395355,0.4000000059604645,0.33000001311302185,0.4000000059604645,7200,0.0,0.0
2023-03-22 00:00:00-04:00,0.4000000059604645,0.4000000059604645,0.3400000035762787,0.3400000035762787,500,0.0,0.0
2023-03-23 00:00:00-04:00,0.3400000035762787,0.3569999933242798,0.3400000035762787,0.3569999933242798,33300,0.0,0.0
2023-03-24 00:00:00-04:00,0.3580000102519989,0.36000001430511475,0.3580000102519989,0.36000001430511475,700,0.0,0.0
2023-03-27 00:00:00-04:00,0.33000001311302185,0.35899999737739563,0.33000001311302185,0.3540000021457672,3100,0.0,0.0
2023-03-28 00:00:00-04:00,0.4000000059604645,0.4000000059604645,0.33000001311302185,0.3400000035762787,11400,0.0,0.0
2023-03-29 00:00:00-04:00,0.3400000035762787,0.38999998569488525,0.3400000035762787,0.36000001430511475,10600,0.0,0.0
2023-03-30 00:00:00-04:00,0.3569999933242798,0.367000013589859,0.3499999940395355,0.367000013589859,2500,0.0,0.0
2023-03-31 00:00:00-04:00,0.367000013589859,0.38600000739097595,0.3400000035762787,0.35499998927116394,1200,0.0,0.0
2023-04-03 00:00:00-04:00,0.35899999737739563,0.3700000047683716,0.33000001311302185,0.3569999933242798,9800,0.0,0.0
2023-04-04 00:00:00-04:00,0.33000001311302185,0.3569999933242798,0.33000001311302185,0.335999995470047,900,0.0,0.0
2023-04-05 00:00:00-04:00,0.335999995470047,0.36399999260902405,0.33000001311302185,0.3400000035762787,11000,0.0,0.0
2023-04-06 00:00:00-04:00,0.3230000138282776,0.3400000035762787,0.3230000138282776,0.33000001311302185,4400,0.0,0.0
2023-04-10 00:00:00-04:00,0.3310000002384186,0.3310000002384186,0.30000001192092896,0.30000001192092896,28500,0.0,0.0
2023-04-11 00:00:00-04:00,0.3050000071525574,0.3400000035762787,0.30000001192092896,0.3009999990463257,31700,0.0,0.0
2023-04-12 00:00:00-04:00,0.2809999883174896,0.3400000035762787,0.2540000081062317,0.28999999165534973,69800,0.0,0.0
2023-04-13 00:00:00-04:00,0.2750000059604645,0.3400000035762787,0.2750000059604645,0.2800000011920929,22400,0.0,0.0
2023-04-14 00:00:00-04:00,0.2709999978542328,0.3400000035762787,0.2709999978542328,0.29600000381469727,55800,0.0,0.0
2023-04-17 00:00:00-04:00,0.3100000023841858,0.3100000023841858,0.25099998712539673,0.29499998688697815,17900,0.0,0.0
2023-04-18 00:00:00-04:00,0.289000004529953,0.3400000035762787,0.2800000011920929,0.3100000023841858,11600,0.0,0.0
2023-04-19 00:00:00-04:00,0.30000001192092896,0.30000001192092896,0.2800000011920929,0.28999999165534973,2600,0.0,0.0
2023-04-20 00:00:00-04:00,0.2800000011920929,0.32600000500679016,0.2800000011920929,0.3240000009536743,16800,0.0,0.0
2023-04-21 00:00:00-04:00,0.2800000011920929,0.32100000977516174,0.2800000011920929,0.28200000524520874,28600,0.0,0.0
2023-04-24 00:00:00-04:00,0.2800000011920929,0.2939999997615814,0.2800000011920929,0.2939999997615814,3100,0.0,0.0
2023-04-25 00:00:00-04:00,0.2849999964237213,0.29899999499320984,0.2849999964237213,0.29899999499320984,1600,0.0,0.0
2023-04-26 00:00:00-04:00,0.3230000138282776,0.3230000138282776,0.3140000104904175,0.3140000104904175,600,0.0,0.0
2023-04-27 00:00:00-04:00,0.3100000023841858,0.3100000023841858,0.3100000023841858,0.3100000023841858,1400,0.0,0.0
2023-04-28 00:00:00-04:00,0.3400000035762787,0.3799999952316284,0.3100000023841858,0.3799999952316284,43900,0.0,0.0
2023-05-01 00:00:00-04:00,0.36000001430511475,0.5,0.36000001430511475,0.39399999380111694,217500,0.0,0.0
2023-05-02 00:00:00-04:00,0.40799999237060547,0.4090000092983246,0.2669999897480011,0.3100000023841858,98500,0.0,0.0
2023-05-03 00:00:00-04:00,0.3319999873638153,0.3319999873638153,0.3100000023841858,0.3199999928474426,1100,0.0,0.0
2023-05-04 00:00:00-04:00,0.3100000023841858,0.3100000023841858,0.30000001192092896,0.30000001192092896,7600,0.0,0.0
2023-05-05 00:00:00-04:00,0.3100000023841858,0.36000001430511475,0.3100000023841858,0.36000001430511475,2700,0.0,0.0
2023-05-08 00:00:00-04:00,0.30000001192092896,0.36000001430511475,0.30000001192092896,0.31299999356269836,6300,0.0,0.0
2023-05-09 00:00:00-04:00,0.3199999928474426,0.3400000035762787,0.3199999928474426,0.32499998807907104,2600,0.0,0.0
2023-05-10 00:00:00-04:00,0.3199999928474426,0.335999995470047,0.3199999928474426,0.3199999928474426,3800,0.0,0.0
2023-05-11 00:00:00-04:00,0.30000001192092896,0.36000001430511475,0.30000001192092896,0.34299999475479126,9300,0.0,0.0
2023-05-12 00:00:00-04:00,0.3199999928474426,0.35499998927116394,0.3199999928474426,0.35499998927116394,500,0.0,0.0
2023-05-15 00:00:00-04:00,0.33000001311302185,0.35499998927116394,0.33000001311302185,0.33000001311302185,18100,0.0,0.0
2023-05-16 00:00:00-04:00,0.3199999928474426,0.35499998927116394,0.3199999928474426,0.35499998927116394,9000,0.0,0.0
2023-05-17 00:00:00-04:00,0.3319999873638153,0.35499998927116394,0.33000001311302185,0.35499998927116394,15700,0.0,0.0
2023-05-18 00:00:00-04:00,0.35499998927116394,0.35499998927116394,0.33899998664855957,0.33899998664855957,2800,0.0,0.0
2023-05-19 00:00:00-04:00,0.33000001311302185,0.33500000834465027,0.3100000023841858,0.3199999928474426,30100,0.0,0.0
2023-05-22 00:00:00-04:00,0.32499998807907104,0.3499999940395355,0.32499998807907104,0.3499999940395355,6500,0.0,0.0
2023-05-23 00:00:00-04:00,0.3700000047683716,0.3700000047683716,0.3100000023841858,0.3700000047683716,3900,0.0,0.0
2023-05-24 00:00:00-04:00,0.3199999928474426,0.3700000047683716,0.3199999928474426,0.36000001430511475,3900,0.0,0.0
2023-05-25 00:00:00-04:00,0.3400000035762787,0.3400000035762787,0.3400000035762787,0.3400000035762787,1800,0.0,0.0
2023-05-26 00:00:00-04:00,0.3199999928474426,0.36000001430511475,0.3100000023841858,0.36000001430511475,1200,0.0,0.0
2023-05-30 00:00:00-04:00,0.3100000023841858,0.3400000035762787,0.3100000023841858,0.3199999928474426,1100,0.0,0.0
2023-05-31 00:00:00-04:00,0.35199999809265137,0.35199999809265137,0.3199999928474426,0.3400000035762787,4000,0.0,0.0
2023-06-01 00:00:00-04:00,0.3199999928474426,0.3400000035762787,0.3199999928474426,0.33500000834465027,13500,0.0,0.0
2023-06-02 00:00:00-04:00,0.3199999928474426,0.33500000834465027,0.3100000023841858,0.3199999928474426,13500,0.0,0.0
2023-06-05 00:00:00-04:00,0.3199999928474426,0.35899999737739563,0.3199999928474426,0.32199999690055847,64700,0.0,0.0
2023-06-06 00:00:00-04:00,0.3100000023841858,0.39899998903274536,0.3100000023841858,0.3499999940395355,81100,0.0,0.0
2023-06-07 00:00:00-04:00,0.3400000035762787,0.3499999940395355,0.3400000035762787,0.3400000035762787,2300,0.0,0.0
2023-06-08 00:00:00-04:00,0.3400000035762787,0.3400000035762787,0.3199999928474426,0.3199999928474426,174700,0.0,0.0
2023-06-09 00:00:00-04:00,0.3499999940395355,0.4399999976158142,0.3199999928474426,0.3449999988079071,584800,0.0,0.0
2023-06-12 00:00:00-04:00,0.36500000953674316,0.36899998784065247,0.3199999928474426,0.34700000286102295,83400,0.0,0.0
2023-06-13 00:00:00-04:00,0.32499998807907104,0.335999995470047,0.3199999928474426,0.33000001311302185,25700,0.0,0.0
2023-06-14 00:00:00-04:00,0.33399999141693115,0.3490000069141388,0.32100000977516174,0.32100000977516174,8300,0.0,0.0
2023-06-15 00:00:00-04:00,0.32100000977516174,0.3400000035762787,0.32100000977516174,0.3400000035762787,8900,0.0,0.0
2023-06-16 00:00:00-04:00,0.3400000035762787,0.3400000035762787,0.3199999928474426,0.3400000035762787,14200,0.0,0.0
2023-06-20 00:00:00-04:00,0.33000001311302185,0.33000001311302185,0.3199999928474426,0.32100000977516174,134700,0.0,0.0
2023-06-21 00:00:00-04:00,0.3100000023841858,0.33000001311302185,0.3100000023841858,0.31700000166893005,42700,0.0,0.0
2023-06-22 00:00:00-04:00,0.3199999928474426,0.3199999928474426,0.3199999928474426,0.3199999928474426,800,0.0,0.0
2023-06-23 00:00:00-04:00,0.31700000166893005,0.3240000009536743,0.31299999356269836,0.3149999976158142,17900,0.0,0.0
2023-06-26 00:00:00-04:00,0.3149999976158142,0.3330000042915344,0.3149999976158142,0.3330000042915344,6200,0.0,0.0
2023-06-27 00:00:00-04:00,0.3269999921321869,0.3269999921321869,0.3149999976158142,0.3149999976158142,6300,0.0,0.0
2023-06-28 00:00:00-04:00,0.3149999976158142,0.3580000102519989,0.3100000023841858,0.33000001311302185,63100,0.0,0.0
2023-06-29 00:00:00-04:00,0.33000001311302185,0.3700000047683716,0.32100000977516174,0.3499999940395355,178000,0.0,0.0
2023-06-30 00:00:00-04:00,0.3499999940395355,0.36000001430511475,0.3199999928474426,0.3499999940395355,31500,0.0,0.0
2023-07-03 00:00:00-04:00,0.3400000035762787,0.3499999940395355,0.32499998807907104,0.32600000500679016,13200,0.0,0.0
2023-07-05 00:00:00-04:00,0.32499998807907104,0.36000001430511475,0.32499998807907104,0.36000001430511475,16400,0.0,0.0
2023-07-06 00:00:00-04:00,0.33000001311302185,0.3440000116825104,0.33000001311302185,0.3400000035762787,3200,0.0,0.0
2023-07-07 00:00:00-04:00,0.33000001311302185,0.35899999737739563,0.33000001311302185,0.3400000035762787,52300,0.0,0.0
2023-07-10 00:00:00-04:00,0.3499999940395355,0.3499999940395355,0.33000001311302185,0.33000001311302185,12100,0.0,0.0
2023-07-11 00:00:00-04:00,0.33000001311302185,0.3479999899864197,0.3199999928474426,0.33899998664855957,19600,0.0,0.0
2023-07-12 00:00:00-04:00,0.335999995470047,0.34599998593330383,0.32100000977516174,0.34299999475479126,6100,0.0,0.0
2023-07-13 00:00:00-04:00,0.335999995470047,0.335999995470047,0.32600000500679016,0.32600000500679016,5300,0.0,0.0
2023-07-14 00:00:00-04:00,0.33000001311302185,0.3499999940395355,0.33000001311302185,0.33000001311302185,16100,0.0,0.0
2023-07-17 00:00:00-04:00,0.3400000035762787,0.3400000035762787,0.33000001311302185,0.33000001311302185,7800,0.0,0.0
2023-07-18 00:00:00-04:00,0.3499999940395355,0.3499999940395355,0.33000001311302185,0.3400000035762787,6600,0.0,0.0
2023-07-19 00:00:00-04:00,0.3310000002384186,0.3400000035762787,0.3310000002384186,0.3400000035762787,3100,0.0,0.0
2023-07-20 00:00:00-04:00,0.3400000035762787,0.3400000035762787,0.33000001311302185,0.33000001311302185,11900,0.0,0.0
2023-07-21 00:00:00-04:00,0.33000001311302185,0.3400000035762787,0.33000001311302185,0.33000001311302185,4200,0.0,0.0
2023-07-24 00:00:00-04:00,0.3310000002384186,0.3319999873638153,0.3199999928474426,0.3240000009536743,26900,0.0,0.0
2023-07-25 00:00:00-04:00,0.3199999928474426,0.3400000035762787,0.2930000126361847,0.3070000112056732,17700,0.0,0.0
2023-07-26 00:00:00-04:00,0.3070000112056732,0.3070000112056732,0.2800000011920929,0.2849999964237213,29700,0.0,0.0
2023-07-27 00:00:00-04:00,0.27000001072883606,0.28999999165534973,0.25099998712539673,0.25099998712539673,51700,0.0,0.0
2023-07-28 00:00:00-04:00,0.2630000114440918,0.28999999165534973,0.2630000114440918,0.27000001072883606,25600,0.0,0.0
2023-07-31 00:00:00-04:00,0.28999999165534973,0.28999999165534973,0.25699999928474426,0.27000001072883606,11400,0.0,0.0
2023-08-01 00:00:00-04:00,0.25600001215934753,0.289000004529953,0.25600001215934753,0.289000004529953,7300,0.0,0.0
2023-08-02 00:00:00-04:00,0.28999999165534973,0.28999999165534973,0.2619999945163727,0.2800000011920929,12200,0.0,0.0
2023-08-03 00:00:00-04:00,0.27000001072883606,0.28999999165534973,0.27000001072883606,0.28999999165534973,43200,0.0,0.0
2023-08-04 00:00:00-04:00,0.3050000071525574,0.3199999928474426,0.2939999997615814,0.3199999928474426,102500,0.0,0.0
2023-08-07 00:00:00-04:00,0.33000001311302185,0.33000001311302185,0.28700000047683716,0.31700000166893005,22800,0.0,0.0
2023-08-08 00:00:00-04:00,0.3140000104904175,0.33000001311302185,0.2669999897480011,0.32899999618530273,8000,0.0,0.0
2023-08-09 00:00:00-04:00,0.33000001311302185,0.4620000123977661,0.289000004529953,0.36899998784065247,701100,0.0,0.0
2023-08-10 00:00:00-04:00,0.36000001430511475,0.36000001430511475,0.28999999165534973,0.33000001311302185,228900,0.0,0.0
2023-08-11 00:00:00-04:00,0.3319999873638153,0.3319999873638153,0.28999999165534973,0.30000001192092896,22500,0.0,0.0
2023-08-14 00:00:00-04:00,0.28299999237060547,0.33000001311302185,0.28299999237060547,0.3149999976158142,9300,0.0,0.0
2023-08-15 00:00:00-04:00,0.28999999165534973,0.3199999928474426,0.28999999165534973,0.3160000145435333,5200,0.0,0.0
2023-08-16 00:00:00-04:00,0.28999999165534973,0.3199999928474426,0.28999999165534973,0.30399999022483826,8400,0.0,0.0
2023-08-17 00:00:00-04:00,0.31299999356269836,0.31299999356269836,0.28999999165534973,0.31299999356269836,38700,0.0,0.0
2023-08-18 00:00:00-04:00,0.28999999165534973,0.30799999833106995,0.28999999165534973,0.28999999165534973,5000,0.0,0.0
2023-08-21 00:00:00-04:00,0.29499998688697815,0.31299999356269836,0.28999999165534973,0.30399999022483826,11900,0.0,0.0
2023-08-22 00:00:00-04:00,0.28999999165534973,0.3070000112056732,0.28999999165534973,0.30000001192092896,1300,0.0,0.0
2023-08-23 00:00:00-04:00,0.28999999165534973,0.30000001192092896,0.28999999165534973,0.30000001192092896,5900,0.0,0.0
2023-08-24 00:00:00-04:00,0.30000001192092896,0.3540000021457672,0.30000001192092896,0.35100001096725464,113500,0.0,0.0
2023-08-25 00:00:00-04:00,0.3499999940395355,0.6499999761581421,0.32100000977516174,0.4690000116825104,1382700,0.0,0.0
2023-08-28 00:00:00-04:00,0.4699999988079071,0.5899999737739563,0.4519999921321869,0.5109999775886536,299600,0.0,0.0
2023-08-29 00:00:00-04:00,0.6399999856948853,0.734000027179718,0.6029999852180481,0.7300000190734863,1542300,0.0,0.0
2023-08-30 00:00:00-04:00,0.7860000133514404,0.8999999761581421,0.699999988079071,0.8790000081062317,1180100,0.0,0.0
2023-08-31 00:00:00-04:00,0.8349999785423279,0.9739999771118164,0.7799999713897705,0.9200000166893005,368600,0.0,0.0
2023-09-01 00:00:00-04:00,0.8809999823570251,0.8899999856948853,0.6679999828338623,0.8299999833106995,726300,0.0,0.0
2023-09-05 00:00:00-04:00,0.8209999799728394,1.100000023841858,0.7649999856948853,1.090000033378601,621400,0.0,0.0
2023-09-06 00:00:00-04:00,1.0499999523162842,1.1699999570846558,1.0099999904632568,1.0149999856948853,313800,0.0,0.0
2023-09-07 00:00:00-04:00,1.0099999904632568,1.059999942779541,0.9300000071525574,1.0499999523162842,224700,0.0,0.0
2023-09-08 00:00:00-04:00,1.0499999523162842,1.059999942779541,0.9700000286102295,1.0399999618530273,83900,0.0,0.0
2023-09-11 00:00:00-04:00,0.9890000224113464,1.0399999618530273,0.9100000262260437,1.0199999809265137,81300,0.0,0.0
2023-09-12 00:00:00-04:00,1.0299999713897705,1.0399999618530273,0.9100000262260437,1.0199999809265137,208400,0.0,0.0
2023-09-13 00:00:00-04:00,0.9490000009536743,1.090000033378601,0.9110000133514404,1.0199999809265137,93800,0.0,0.0
2023-09-14 00:00:00-04:00,1.0099999904632568,1.0299999713897705,0.9549999833106995,0.9900000095367432,122500,0.0,0.0
2023-09-15 00:00:00-04:00,0.9919999837875366,1.2000000476837158,0.9909999966621399,1.1699999570846558,313300,0.0,0.0
2023-09-18 00:00:00-04:00,1.1699999570846558,1.1699999570846558,1.0199999809265137,1.0199999809265137,105900,0.0,0.0
2023-09-19 00:00:00-04:00,1.149999976158142,1.1799999475479126,1.0099999904632568,1.090000033378601,144200,0.0,0.0
2023-09-20 00:00:00-04:00,1.0099999904632568,1.059999942779541,0.9259999990463257,1.0099999904632568,322100,0.0,0.0
2023-09-21 00:00:00-04:00,1.0099999904632568,1.0800000429153442,0.9620000123977661,1.0499999523162842,64500,0.0,0.0
2023-09-22 00:00:00-04:00,1.0399999618530273,1.059999942779541,0.9200000166893005,1.0299999713897705,74300,0.0,0.0
2023-09-25 00:00:00-04:00,1.0299999713897705,1.0449999570846558,0.9300000071525574,1.0099999904632568,31200,0.0,0.0
2023-09-26 00:00:00-04:00,1.0099999904632568,1.0800000429153442,1.0099999904632568,1.0199999809265137,29800,0.0,0.0
2023-09-27 00:00:00-04:00,0.949999988079071,1.0700000524520874,0.949999988079071,1.0199999809265137,55300,0.0,0.0
2023-09-28 00:00:00-04:00,1.0049999952316284,1.059999942779541,1.0049999952316284,1.0399999618530273,69400,0.0,0.0
2023-09-29 00:00:00-04:00,1.0700000524520874,1.0700000524520874,1.0099999904632568,1.0360000133514404,28900,0.0,0.0
2023-10-02 00:00:00-04:00,1.0199999809265137,1.100000023841858,1.0199999809265137,1.0499999523162842,45100,0.0,0.0
2023-10-03 00:00:00-04:00,1.0800000429153442,1.100000023841858,1.0399999618530273,1.0700000524520874,24800,0.0,0.0
2023-10-04 00:00:00-04:00,1.0499999523162842,1.100000023841858,1.0499999523162842,1.0700000524520874,13600,0.0,0.0
2023-10-05 00:00:00-04:00,1.100000023841858,1.149999976158142,1.055999994277954,1.149999976158142,44500,0.0,0.0
2023-10-06 00:00:00-04:00,1.1799999475479126,1.5,1.1799999475479126,1.4900000095367432,609200,0.0,0.0
2023-10-09 00:00:00-04:00,1.4900000095367432,1.75,1.4500000476837158,1.6699999570846558,272000,0.0,0.0
2023-10-10 00:00:00-04:00,1.7799999713897705,1.9500000476837158,1.5099999904632568,1.6100000143051147,296200,0.0,0.0
2023-10-11 00:00:00-04:00,1.5800000429153442,1.7599999904632568,1.4600000381469727,1.75,196100,0.0,0.0
2023-10-12 00:00:00-04:00,1.850000023841858,1.850000023841858,1.659999966621399,1.7000000476837158,60100,0.0,0.0
2023-10-13 00:00:00-04:00,1.7000000476837158,1.8300000429153442,1.5499999523162842,1.75,70700,0.0,0.0
2023-10-16 00:00:00-04:00,1.9199999570846558,1.9299999475479126,1.7100000381469727,1.850000023841858,104100,0.0,0.0
2023-10-17 00:00:00-04:00,2.0399999618530273,2.109999895095825,1.8300000429153442,1.8799999952316284,227500,0.0,0.0
2023-10-18 00:00:00-04:00,1.7799999713897705,1.840000033378601,1.5499999523162842,1.5800000429153442,165700,0.0,0.0
2023-10-19 00:00:00-04:00,1.4900000095367432,1.600000023841858,1.2200000286102295,1.25,182400,0.0,0.0
2023-10-20 00:00:00-04:00,1.2799999713897705,1.2999999523162842,0.9200000166893005,0.949999988079071,170800,0.0,0.0
2023-10-23 00:00:00-04:00,0.9800000190734863,1.149999976158142,0.9800000190734863,1.1299999952316284,87800,0.0,0.0
2023-10-24 00:00:00-04:00,1.159999966621399,1.2799999713897705,1.159999966621399,1.2599999904632568,34200,0.0,0.0
2023-10-25 00:00:00-04:00,1.2599999904632568,1.4299999475479126,1.159999966621399,1.3200000524520874,104000,0.0,0.0
2023-10-26 00:00:00-04:00,1.4199999570846558,1.4199999570846558,1.2899999618530273,1.3300000429153442,18400,0.0,0.0
2023-10-27 00:00:00-04:00,1.3799999952316284,1.4199999570846558,1.2799999713897705,1.3799999952316284,24000,0.0,0.0
2023-10-30 00:00:00-04:00,1.3700000047683716,1.38100004196167,1.2999999523162842,1.3200000524520874,14100,0.0,0.0
2023-10-31 00:00:00-04:00,1.305999994277954,1.3700000047683716,1.2100000381469727,1.2100000381469727,13700,0.0,0.0
2023-11-01 00:00:00-04:00,1.1200000047683716,1.1979999542236328,1.1100000143051147,1.1399999856948853,11100,0.0,0.0
2023-11-02 00:00:00-04:00,1.2100000381469727,1.2300000190734863,1.1510000228881836,1.1699999570846558,15800,0.0,0.0
2023-11-03 00:00:00-04:00,1.1399999856948853,1.1950000524520874,1.1399999856948853,1.149999976158142,13100,0.0,0.0
2023-11-06 00:00:00-05:00,1.149999976158142,1.1970000267028809,1.100000023841858,1.100000023841858,22000,0.0,0.0
2023-11-07 00:00:00-05:00,1.059999942779541,1.159999966621399,1.0199999809265137,1.0700000524520874,9600,0.0,0.0
2023-11-08 00:00:00-05:00,1.0850000381469727,1.0850000381469727,1.0199999809265137,1.0199999809265137,17200,0.0,0.0
2023-11-09 00:00:00-05:00,1.0099999904632568,1.0640000104904175,1.0099999904632568,1.0299999713897705,66500,0.0,0.0
2023-11-10 00:00:00-05:00,1.0,1.0700000524520874,1.0,1.059999942779541,14500,0.0,0.0
2023-11-13 00:00:00-05:00,1.1399999856948853,1.1399999856948853,1.0520000457763672,1.0700000524520874,3600,0.0,0.0
2023-11-14 00:00:00-05:00,1.0709999799728394,1.1100000143051147,1.0399999618530273,1.0399999618530273,18100,0.0,0.0
2023-11-15 00:00:00-05:00,1.062000036239624,1.1349999904632568,1.0199999809265137,1.0199999809265137,7100,0.0,0.0
2023-11-16 00:00:00-05:00,1.0700000524520874,1.100000023841858,1.0099999904632568,1.0099999904632568,6700,0.0,0.0
2023-11-17 00:00:00-05:00,0.9599999785423279,1.059999942779541,0.9599999785423279,1.0149999856948853,22600,0.0,0.0
2023-11-20 00:00:00-05:00,1.1200000047683716,1.1299999952316284,0.9599999785423279,1.11899995803833,24900,0.0,0.0
2023-11-21 00:00:00-05:00,1.0,1.0800000429153442,1.0,1.0549999475479126,6800,0.0,0.0
2023-11-22 00:00:00-05:00,1.0700000524520874,1.0700000524520874,1.0099999904632568,1.0099999904632568,3100,0.0,0.0
2023-11-24 00:00:00-05:00,1.059999942779541,1.0800000429153442,0.9100000262260437,1.0800000429153442,3400,0.0,0.0
2023-11-27 00:00:00-05:00,1.0399999618530273,1.090000033378601,1.0,1.0800000429153442,95000,0.0,0.0
2023-11-28 00:00:00-05:00,1.0299999713897705,1.0449999570846558,0.9200000166893005,0.9660000205039978,12600,0.0,0.0
2023-11-29 00:00:00-05:00,0.9200000166893005,1.0,0.9100000262260437,0.9589999914169312,15700,0.0,0.0
2023-11-30 00:00:00-05:00,0.949999988079071,0.9520000219345093,0.75,0.8500000238418579,98600,0.0,0.0
2023-12-01 00:00:00-05:00,0.8500000238418579,1.0700000524520874,0.8349999785423279,1.0499999523162842,30300,0.0,0.0
2023-12-04 00:00:00-05:00,0.9700000286102295,0.9700000286102295,0.9100000262260437,0.9100000262260437,13000,0.0,0.0
2023-12-05 00:00:00-05:00,0.8899999856948853,0.9399999976158142,0.7799999713897705,0.7799999713897705,24500,0.0,0.0
2023-12-06 00:00:00-05:00,0.9700000286102295,0.9700000286102295,0.800000011920929,0.800000011920929,6500,0.0,0.0
2023-12-07 00:00:00-05:00,0.8119999766349792,0.875,0.800000011920929,0.8309999704360962,6900,0.0,0.0
2023-12-08 00:00:00-05:00,0.800000011920929,0.824999988079071,0.7599999904632568,0.7799999713897705,16000,0.0,0.0
2023-12-11 00:00:00-05:00,0.7450000047683716,0.7799999713897705,0.6100000143051147,0.6600000262260437,37600,0.0,0.0
2023-12-12 00:00:00-05:00,0.621999979019165,0.6600000262260437,0.6019999980926514,0.6019999980926514,26600,0.0,0.0
2023-12-13 00:00:00-05:00,0.6299999952316284,0.6299999952316284,0.5299999713897705,0.5699999928474426,19200,0.0,0.0
2023-12-14 00:00:00-05:00,0.6299999952316284,0.6700000166893005,0.6000000238418579,0.6399999856948853,24100,0.0,0.0
2023-12-15 00:00:00-05:00,0.625,0.6489999890327454,0.5849999785423279,0.6000000238418579,3000,0.0,0.0
2023-12-18 00:00:00-05:00,0.6890000104904175,0.9200000166893005,0.6309999823570251,0.7450000047683716,116300,0.0,0.0
2023-12-19 00:00:00-05:00,0.7300000190734863,0.7799999713897705,0.7099999785423279,0.7400000095367432,52600,0.0,0.0
2023-12-20 00:00:00-05:00,0.7770000100135803,0.7879999876022339,0.7099999785423279,0.7099999785423279,13000,0.0,0.0
2023-12-21 00:00:00-05:00,0.7049999833106995,0.7799999713897705,0.7049999833106995,0.7300000190734863,3600,0.0,0.0
2023-12-22 00:00:00-05:00,0.7200000286102295,0.7360000014305115,0.7200000286102295,0.7360000014305115,5300,0.0,0.0
2023-12-26 00:00:00-05:00,0.8399999737739563,0.9120000004768372,0.75,0.796999990940094,25200,0.0,0.0
2023-12-27 00:00:00-05:00,0.949999988079071,0.949999988079071,0.7319999933242798,0.7670000195503235,6400,0.0,0.0
2023-12-28 00:00:00-05:00,0.7609999775886536,0.8299999833106995,0.7200000286102295,0.7200000286102295,13000,0.0,0.0
2023-12-29 00:00:00-05:00,0.7200000286102295,0.8069999814033508,0.699999988079071,0.7400000095367432,6400,0.0,0.0
2024-01-02 00:00:00-05:00,0.8399999737739563,1.350000023841858,0.8399999737739563,1.1299999952316284,3950100,0.0,0.0
2024-01-03 00:00:00-05:00,1.0199999809265137,1.159999966621399,0.9200000166893005,1.149999976158142,198400,0.0,0.0
2024-01-04 00:00:00-05:00,1.090000033378601,1.2690000534057617,1.0399999618530273,1.2400000095367432,78000,0.0,0.0
2024-01-05 00:00:00-05:00,1.2100000381469727,1.2100000381469727,1.1100000143051147,1.2000000476837158,26000,0.0,0.0
2024-01-08 00:00:00-05:00,1.1699999570846558,1.2400000095367432,1.1030000448226929,1.149999976158142,44200,0.0,0.0
2024-01-09 00:00:00-05:00,1.184999942779541,1.184999942779541,1.1299999952316284,1.149999976158142,10300,0.0,0.0
2024-01-10 00:00:00-05:00,1.149999976158142,1.149999976158142,0.8740000128746033,0.8999999761581421,49800,0.0,0.0
2024-01-11 00:00:00-05:00,0.8700000047683716,1.0,0.8700000047683716,0.8899999856948853,18400,0.0,0.0
2024-01-12 00:00:00-05:00,1.059999942779541,1.340000033378601,1.0,1.0700000524520874,1252200,0.0,0.0
2024-01-16 00:00:00-05:00,1.2000000476837158,1.4450000524520874,1.1200000047683716,1.409999966621399,372500,0.0,0.0
2024-01-17 00:00:00-05:00,1.399999976158142,1.440000057220459,1.2899999618530273,1.3700000047683716,89100,0.0,0.0
2024-01-18 00:00:00-05:00,1.3700000047683716,1.3799999952316284,1.2000000476837158,1.2100000381469727,34200,0.0,0.0
2024-01-19 00:00:00-05:00,1.2400000095367432,1.340000033378601,1.2100000381469727,1.2599999904632568,13700,0.0,0.0
2024-01-22 00:00:00-05:00,1.2200000286102295,1.309999942779541,1.2000000476837158,1.2699999809265137,13100,0.0,0.0
2024-01-23 00:00:00-05:00,1.2000000476837158,1.2330000400543213,1.149999976158142,1.149999976158142,13400,0.0,0.0
2024-01-24 00:00:00-05:00,1.1299999952316284,1.6399999856948853,1.100000023841858,1.5169999599456787,216900,0.0,0.0
2024-01-25 00:00:00-05:00,1.440000057220459,1.5700000524520874,1.4299999475479126,1.5199999809265137,36800,0.0,0.0
2024-01-26 00:00:00-05:00,1.4900000095367432,1.5299999713897705,1.399999976158142,1.399999976158142,10700,0.0,0.0
2024-01-29 00:00:00-05:00,1.440000057220459,1.4800000190734863,1.3300000429153442,1.340999960899353,104800,0.0,0.0
2024-01-30 00:00:00-05:00,1.2799999713897705,1.590000033378601,1.2799999713897705,1.559999942779541,309200,0.0,0.0
2024-01-31 00:00:00-05:00,1.6100000143051147,1.7599999904632568,1.5700000524520874,1.6399999856948853,144300,0.0,0.0
2024-02-01 00:00:00-05:00,1.6399999856948853,2.382999897003174,1.5700000524520874,2.2249999046325684,871300,0.0,0.0
2024-02-02 00:00:00-05:00,2.380000114440918,2.9000000953674316,2.0299999713897705,2.5999999046325684,1311500,0.0,0.0
2024-02-05 00:00:00-05:00,2.430000066757202,2.430000066757202,2.0899999141693115,2.240000009536743,295400,0.0,0.0
2024-02-06 00:00:00-05:00,1.9800000190734863,1.9800000190734863,1.340000033378601,1.7100000381469727,311400,0.0,0.0
2024-02-07 00:00:00-05:00,1.6799999475479126,1.7000000476837158,1.600000023841858,1.600000023841858,44400,0.0,0.0
2024-02-08 00:00:00-05:00,1.659999966621399,1.7300000190734863,1.600000023841858,1.6399999856948853,30300,0.0,0.0
2024-02-09 00:00:00-05:00,1.6699999570846558,1.9600000381469727,1.600000023841858,1.899999976158142,53800,0.0,0.0
2024-02-12 00:00:00-05:00,1.8799999952316284,2.0,1.600000023841858,1.7799999713897705,66900,0.0,0.0
2024-02-13 00:00:00-05:00,1.7999999523162842,1.9500000476837158,1.649999976158142,1.7300000190734863,23400,0.0,0.0
2024-02-14 00:00:00-05:00,1.7300000190734863,1.7300000190734863,1.6399999856948853,1.6399999856948853,29600,0.0,0.0
2024-02-15 00:00:00-05:00,1.7000000476837158,1.7000000476837158,1.4600000381469727,1.5399999618530273,37500,0.0,0.0
2024-02-16 00:00:00-05:00,1.4800000190734863,1.4800000190734863,1.3799999952316284,1.4800000190734863,38200,0.0,0.0
2024-02-20 00:00:00-05:00,1.409999966621399,1.409999966621399,1.2899999618530273,1.3300000429153442,50900,0.0,0.0
2024-02-21 00:00:00-05:00,1.2999999523162842,1.340000033378601,1.159999966621399,1.190000057220459,28400,0.0,0.0
2024-02-22 00:00:00-05:00,1.1399999856948853,1.2400000095367432,1.0829999446868896,1.1699999570846558,37000,0.0,0.0
2024-02-23 00:00:00-05:00,1.190000057220459,1.3459999561309814,1.190000057220459,1.309999942779541,27900,0.0,0.0
2024-02-26 00:00:00-05:00,1.2799999713897705,1.468999981880188,1.2339999675750732,1.399999976158142,33700,0.0,0.0
2024-02-27 00:00:00-05:00,1.3700000047683716,1.475000023841858,1.25,1.399999976158142,25600,0.0,0.0
2024-02-28 00:00:00-05:00,1.409999966621399,1.409999966621399,1.2599999904632568,1.3899999856948853,6600,0.0,0.0
2024-02-29 00:00:00-05:00,1.3899999856948853,1.3899999856948853,1.2899999618530273,1.3600000143051147,10600,0.0,0.0
2024-03-01 00:00:00-05:00,1.3600000143051147,1.4500000476837158,1.3200000524520874,1.3899999856948853,14400,0.0,0.0
2024-03-04 00:00:00-05:00,1.3700000047683716,1.3799999952316284,1.2999999523162842,1.2999999523162842,15700,0.0,0.0
2024-03-05 00:00:00-05:00,1.2300000190734863,1.3600000143051147,1.2230000495910645,1.2300000190734863,19600,0.0,0.0
2024-03-06 00:00:00-05:00,1.2300000190734863,1.5299999713897705,1.2300000190734863,1.3200000524520874,58800,0.0,0.0
2024-03-07 00:00:00-05:00,1.4199999570846558,1.4390000104904175,1.350000023841858,1.350000023841858,11600,0.0,0.0
2024-03-08 00:00:00-05:00,1.2999999523162842,1.399999976158142,1.2200000286102295,1.2899999618530273,33500,0.0,0.0
2024-03-11 00:00:00-04:00,1.2899999618530273,1.3899999856948853,1.2899999618530273,1.3899999856948853,20800,0.0,0.0
2024-03-12 00:00:00-04:00,1.4199999570846558,1.5499999523162842,1.2699999809265137,1.3899999856948853,23600,0.0,0.0
2024-03-13 00:00:00-04:00,1.350000023841858,1.409999966621399,1.2699999809265137,1.2699999809265137,13400,0.0,0.0
2024-03-14 00:00:00-04:00,1.309999942779541,1.409999966621399,1.2599999904632568,1.2899999618530273,5800,0.0,0.0
2024-03-15 00:00:00-04:00,1.3350000381469727,1.3350000381469727,1.0,1.0,20300,0.0,0.0
2024-03-18 00:00:00-04:00,1.0399999618530273,1.3899999856948853,1.0399999618530273,1.2699999809265137,78300,0.0,0.0
2024-03-19 00:00:00-04:00,1.2899999618530273,1.2999999523162842,1.215000033378601,1.25,10400,0.0,0.0
2024-03-20 00:00:00-04:00,1.2300000190734863,1.309999942779541,1.1710000038146973,1.2549999952316284,7700,0.0,0.0
2024-03-21 00:00:00-04:00,1.2799999713897705,1.2999999523162842,1.1799999475479126,1.2000000476837158,12400,0.0,0.0
2024-03-22 00:00:00-04:00,1.149999976158142,1.2999999523162842,1.149999976158142,1.2000000476837158,6500,0.0,0.0
2024-03-25 00:00:00-04:00,1.2400000095367432,1.2400000095367432,1.0299999713897705,1.0299999713897705,3500,0.0,0.0
2024-03-26 00:00:00-04:00,1.1100000143051147,1.25,1.1100000143051147,1.2200000286102295,4600,0.0,0.0
2024-03-27 00:00:00-04:00,1.031000018119812,1.25,1.031000018119812,1.1100000143051147,3100,0.0,0.0
2024-03-28 00:00:00-04:00,1.1490000486373901,1.2410000562667847,1.1490000486373901,1.159999966621399,1000,0.0,0.0
2024-04-01 00:00:00-04:00,1.2400000095367432,1.2400000095367432,1.1130000352859497,1.1399999856948853,3900,0.0,0.0
2024-04-02 00:00:00-04:00,1.1100000143051147,1.1360000371932983,1.100000023841858,1.100000023841858,6200,0.0,0.0
2024-04-03 00:00:00-04:00,1.1100000143051147,1.3899999856948853,1.1100000143051147,1.3300000429153442,16300,0.0,0.0
2024-04-04 00:00:00-04:00,1.350000023841858,1.350000023841858,1.1299999952316284,1.340000033378601,16200,0.0,0.0
2024-04-05 00:00:00-04:00,1.2510000467300415,1.3200000524520874,1.1119999885559082,1.2599999904632568,26900,0.0,0.0
2024-04-08 00:00:00-04:00,1.1399999856948853,1.2000000476837158,1.1299999952316284,1.1299999952316284,3300,0.0,0.0
2024-04-09 00:00:00-04:00,1.1399999856948853,1.2000000476837158,1.1299999952316284,1.1299999952316284,2000,0.0,0.0
2024-04-10 00:00:00-04:00,1.1299999952316284,1.159999966621399,1.1100000143051147,1.1399999856948853,3300,0.0,0.0
2024-04-11 00:00:00-04:00,1.100000023841858,1.1200000047683716,1.0,1.0049999952316284,29600,0.0,0.0
2024-04-12 00:00:00-04:00,1.0,1.0800000429153442,0.9300000071525574,0.9300000071525574,16800,0.0,0.0
2024-04-15 00:00:00-04:00,0.9110000133514404,0.9110000133514404,0.7099999785423279,0.8100000023841858,22500,0.0,0.0
2024-04-16 00:00:00-04:00,0.75,0.8289999961853027,0.75,0.8180000185966492,4000,0.0,0.0
2024-04-17 00:00:00-04:00,0.8289999961853027,0.9800000190734863,0.75,0.8999999761581421,17600,0.0,0.0
2024-04-18 00:00:00-04:00,0.8610000014305115,0.9900000095367432,0.8610000014305115,0.9900000095367432,12400,0.0,0.0
2024-04-19 00:00:00-04:00,0.9800000190734863,1.0700000524520874,0.9660000205039978,0.9900000095367432,26200,0.0,0.0
2024-04-22 00:00:00-04:00,0.8809999823570251,0.9010000228881836,0.699999988079071,0.8159999847412109,21400,0.0,0.0
2024-04-23 00:00:00-04:00,0.800000011920929,0.8399999737739563,0.800000011920929,0.8399999737739563,2300,0.0,0.0
2024-04-24 00:00:00-04:00,0.7609999775886536,0.8389999866485596,0.7609999775886536,0.7699999809265137,5100,0.0,0.0
2024-04-25 00:00:00-04:00,0.7699999809265137,0.8299999833106995,0.7699999809265137,0.7699999809265137,2000,0.0,0.0
2024-04-26 00:00:00-04:00,0.800000011920929,0.875,0.7799999713897705,0.7990000247955322,9800,0.0,0.0
2024-04-29 00:00:00-04:00,0.800000011920929,0.8050000071525574,0.7699999809265137,0.7829999923706055,9000,0.0,0.0
2024-04-30 00:00:00-04:00,0.8220000267028809,0.8220000267028809,0.75,0.75,1700,0.0,0.0
2024-05-01 00:00:00-04:00,0.8389999866485596,0.8679999709129333,0.7609999775886536,0.8500000238418579,7500,0.0,0.0
2024-05-02 00:00:00-04:00,0.8999999761581421,0.8999999761581421,0.8029999732971191,0.8029999732971191,1600,0.0,0.0
2024-05-03 00:00:00-04:00,0.7799999713897705,0.8109999895095825,0.7799999713897705,0.7799999713897705,2800,0.0,0.0
2024-05-06 00:00:00-04:00,0.8100000023841858,0.8690000176429749,0.7900000214576721,0.8679999709129333,9500,0.0,0.0
2024-05-07 00:00:00-04:00,0.7699999809265137,0.8230000138282776,0.7699999809265137,0.800000011920929,2400,0.0,0.0
2024-05-08 00:00:00-04:00,0.800000011920929,0.8339999914169312,0.7799999713897705,0.7799999713897705,2500,0.0,0.0
2024-05-09 00:00:00-04:00,0.7609999775886536,0.7799999713897705,0.75,0.75,1300,0.0,0.0
2024-05-10 00:00:00-04:00,0.6800000071525574,0.75,0.671999990940094,0.6800000071525574,51300,0.0,0.0
2024-05-13 00:00:00-04:00,0.7250000238418579,0.7279999852180481,0.699999988079071,0.7099999785423279,1100,0.0,0.0
2024-05-14 00:00:00-04:00,0.6610000133514404,0.6679999828338623,0.6110000014305115,0.6629999876022339,19900,0.0,0.0
2024-05-15 00:00:00-04:00,0.6600000262260437,0.6700000166893005,0.6320000290870667,0.6600000262260437,4100,0.0,0.0
2024-05-16 00:00:00-04:00,0.6029999852180481,0.6890000104904175,0.6029999852180481,0.640999972820282,13400,0.0,0.0
2024-05-17 00:00:00-04:00,0.6510000228881836,0.9399999976158142,0.6100000143051147,0.703000009059906,138500,0.0,0.0
2024-05-20 00:00:00-04:00,0.7099999785423279,0.9100000262260437,0.7099999785423279,0.7599999904632568,33200,0.0,0.0
2024-05-21 00:00:00-04:00,0.8849999904632568,0.8849999904632568,0.7210000157356262,0.8600000143051147,58500,0.0,0.0
2024-05-22 00:00:00-04:00,0.8999999761581421,1.4550000429153442,0.8999999761581421,1.0800000429153442,763200,0.0,0.0
2024-05-23 00:00:00-04:00,0.9399999976158142,1.25,0.9399999976158142,1.25,97700,0.0,0.0
2024-05-24 00:00:00-04:00,1.2400000095367432,1.2400000095367432,1.1200000047683716,1.1749999523162842,19900,0.0,0.0
2024-05-28 00:00:00-04:00,1.149999976158142,1.25,1.0700000524520874,1.1799999475479126,12700,0.0,0.0
2024-05-29 00:00:00-04:00,1.1399999856948853,1.1699999570846558,1.1100000143051147,1.1200000047683716,4700,0.0,0.0
2024-05-30 00:00:00-04:00,1.1990000009536743,1.1990000009536743,1.100000023841858,1.1699999570846558,4500,0.0,0.0
2024-05-31 00:00:00-04:00,1.100000023841858,1.2059999704360962,1.0800000429153442,1.100000023841858,1900,0.0,0.0
2024-06-03 00:00:00-04:00,1.059999942779541,1.2300000190734863,1.059999942779541,1.1469999551773071,12800,0.0,0.0
2024-06-04 00:00:00-04:00,1.1100000143051147,1.2000000476837158,1.0099999904632568,1.0700000524520874,13900,0.0,0.0
2024-06-05 00:00:00-04:00,1.0199999809265137,1.0870000123977661,1.0099999904632568,1.0399999618530273,12400,0.0,0.0
2024-06-06 00:00:00-04:00,0.9599999785423279,1.0199999809265137,0.8690000176429749,0.8799999952316284,24900,0.0,0.0
2024-06-07 00:00:00-04:00,0.8500000238418579,1.0499999523162842,0.8199999928474426,0.8199999928474426,7200,0.0,0.0
2024-06-10 00:00:00-04:00,0.8029999732971191,0.906000018119812,0.8029999732971191,0.8500000238418579,5100,0.0,0.0
2024-06-11 00:00:00-04:00,0.8930000066757202,0.8930000066757202,0.8299999833106995,0.8399999737739563,600,0.0,0.0
2024-06-12 00:00:00-04:00,0.8109999895095825,0.8109999895095825,0.75,0.7910000085830688,6200,0.0,0.0
2024-06-13 00:00:00-04:00,0.7599999904632568,0.7799999713897705,0.7599999904632568,0.7599999904632568,2600,0.0,0.0
2024-06-14 00:00:00-04:00,0.7639999985694885,0.7749999761581421,0.7319999933242798,0.7419999837875366,5200,0.0,0.0
