Date,Open,High,Low,Close,Volume,Dividends,Stock Splits
2020-10-05 00:00:00-04:00,12.0,12.079999923706055,11.604999542236328,11.779999732971191,34600,0.0,0.0
2020-10-06 00:00:00-04:00,12.0600004196167,12.0600004196167,11.359999656677246,11.779999732971191,33800,0.0,0.0
2020-10-07 00:00:00-04:00,11.880000114440918,13.59000015258789,11.600000381469727,11.600000381469727,40100,0.0,0.0
2020-10-08 00:00:00-04:00,11.619999885559082,11.850000381469727,11.359999656677246,11.369999885559082,26300,0.0,0.0
2020-10-09 00:00:00-04:00,11.630000114440918,11.630000114440918,11.149999618530273,11.399999618530273,21300,0.0,0.0
2020-10-12 00:00:00-04:00,11.6899995803833,11.6899995803833,11.350000381469727,11.460000038146973,37600,0.0,0.0
2020-10-13 00:00:00-04:00,11.5,11.852999687194824,11.5,11.800000190734863,35300,0.0,0.0
2020-10-14 00:00:00-04:00,12.5,12.5,11.529999732971191,11.779999732971191,22600,0.0,0.0
2020-10-15 00:00:00-04:00,12.199999809265137,12.199999809265137,11.5,12.130000114440918,55900,0.0,0.0
2020-10-16 00:00:00-04:00,12.050000190734863,12.050000190734863,11.449999809265137,11.619999885559082,42900,0.0,0.0
2020-10-19 00:00:00-04:00,11.739999771118164,11.824999809265137,11.369999885559082,11.479999542236328,56400,0.0,0.0
2020-10-20 00:00:00-04:00,11.369999885559082,11.550000190734863,11.300000190734863,11.510000228881836,15900,0.0,0.0
2020-10-21 00:00:00-04:00,11.9399995803833,11.9399995803833,11.434000015258789,11.470000267028809,37300,0.0,0.0
2020-10-22 00:00:00-04:00,11.40999984741211,11.515000343322754,11.199999809265137,11.430000305175781,28000,0.0,0.0
2020-10-23 00:00:00-04:00,11.300000190734863,11.40999984741211,11.300000190734863,11.390000343322754,16400,0.0,0.0
2020-10-26 00:00:00-04:00,11.100000381469727,11.5,11.100000381469727,11.279999732971191,37300,0.0,0.0
2020-10-27 00:00:00-04:00,11.390000343322754,11.5,11.300000190734863,11.399999618530273,43700,0.0,0.0
2020-10-28 00:00:00-04:00,11.390000343322754,11.479999542236328,10.913000106811523,11.300000190734863,89500,0.0,0.0
2020-10-29 00:00:00-04:00,11.149999618530273,11.4399995803833,10.970000267028809,11.4399995803833,37100,0.0,0.0
2020-10-30 00:00:00-04:00,11.210000038146973,11.5,10.899999618530273,11.270000457763672,192100,0.0,0.0
2020-11-02 00:00:00-05:00,11.359999656677246,11.430000305175781,11.295000076293945,11.350000381469727,132300,0.0,0.0
2020-11-03 00:00:00-05:00,11.329999923706055,11.5,11.329999923706055,11.5,9400,0.0,0.0
2020-11-04 00:00:00-05:00,11.470000267028809,11.600000381469727,11.109999656677246,11.5,147400,0.0,0.0
2020-11-05 00:00:00-05:00,11.449999809265137,11.510000228881836,11.449999809265137,11.449999809265137,54800,0.0,0.0
2020-11-06 00:00:00-05:00,11.569999694824219,11.6899995803833,11.300000190734863,11.420000076293945,84800,0.0,0.0
2020-11-09 00:00:00-05:00,11.770000457763672,11.770000457763672,11.449999809265137,11.5,19500,0.0,0.0
2020-11-10 00:00:00-05:00,11.529999732971191,11.529999732971191,11.449999809265137,11.5,18200,0.0,0.0
2020-11-11 00:00:00-05:00,11.449999809265137,11.944999694824219,11.449999809265137,11.6899995803833,29900,0.0,0.0
2020-11-12 00:00:00-05:00,11.649999618530273,11.769000053405762,11.649999618530273,11.649999618530273,17000,0.0,0.0
2020-11-13 00:00:00-05:00,11.739999771118164,11.739999771118164,11.300000190734863,11.539999961853027,62800,0.0,0.0
2020-11-16 00:00:00-05:00,11.699999809265137,11.699999809265137,11.420000076293945,11.430000305175781,169800,0.0,0.0
2020-11-17 00:00:00-05:00,11.600000381469727,11.600000381469727,11.420000076293945,11.460000038146973,18000,0.0,0.0
2020-11-18 00:00:00-05:00,11.420000076293945,11.460000038146973,11.390000343322754,11.404999732971191,48700,0.0,0.0
2020-11-19 00:00:00-05:00,11.5,11.630000114440918,11.454999923706055,11.5,107300,0.0,0.0
2020-11-20 00:00:00-05:00,11.4399995803833,11.5,11.220000267028809,11.5,23400,0.0,0.0
2020-11-23 00:00:00-05:00,11.449999809265137,11.5,11.449999809265137,11.479999542236328,54400,0.0,0.0
2020-11-24 00:00:00-05:00,11.649999618530273,11.680000305175781,11.404999732971191,11.569999694824219,158400,0.0,0.0
2020-11-25 00:00:00-05:00,11.949999809265137,12.380000114440918,11.640000343322754,12.25,358800,0.0,0.0
2020-11-27 00:00:00-05:00,12.989999771118164,12.989999771118164,11.75,12.199999809265137,52400,0.0,0.0
2020-11-30 00:00:00-05:00,12.8100004196167,13.4399995803833,12.0649995803833,12.800000190734863,262500,0.0,0.0
2020-12-01 00:00:00-05:00,12.789999961853027,13.149999618530273,12.600000381469727,12.800000190734863,150600,0.0,0.0
2020-12-02 00:00:00-05:00,12.65999984741211,13.053999900817871,12.149999618530273,12.399999618530273,100400,0.0,0.0
2020-12-03 00:00:00-05:00,12.300000190734863,12.430000305175781,12.180000305175781,12.399999618530273,65600,0.0,0.0
2020-12-04 00:00:00-05:00,12.34000015258789,12.859999656677246,12.199999809265137,12.529999732971191,135300,0.0,0.0
2020-12-07 00:00:00-05:00,13.050000190734863,13.24899959564209,12.5,12.869999885559082,204300,0.0,0.0
2020-12-08 00:00:00-05:00,12.630000114440918,12.949999809265137,12.550000190734863,12.699999809265137,94100,0.0,0.0
2020-12-09 00:00:00-05:00,13.010000228881836,13.800000190734863,12.704999923706055,13.489999771118164,101200,0.0,0.0
2020-12-10 00:00:00-05:00,13.989999771118164,13.989999771118164,12.90999984741211,13.199999809265137,233800,0.0,0.0
2020-12-11 00:00:00-05:00,14.0,14.269000053405762,12.8100004196167,13.100000381469727,560800,0.0,0.0
2020-12-14 00:00:00-05:00,13.180000305175781,13.470000267028809,12.850000381469727,12.989999771118164,251700,0.0,0.0
2020-12-15 00:00:00-05:00,12.819999694824219,13.289999961853027,12.8100004196167,13.289999961853027,508000,0.0,0.0
2020-12-16 00:00:00-05:00,13.130000114440918,13.402000427246094,12.90999984741211,13.199999809265137,173900,0.0,0.0
2020-12-17 00:00:00-05:00,13.329999923706055,13.869999885559082,13.199999809265137,13.850000381469727,140100,0.0,0.0
2020-12-18 00:00:00-05:00,14.350000381469727,14.73799991607666,13.800000190734863,13.920000076293945,199200,0.0,0.0
2020-12-21 00:00:00-05:00,13.899999618530273,14.130000114440918,13.5,13.5,143100,0.0,0.0
2020-12-22 00:00:00-05:00,14.479999542236328,14.479999542236328,13.239999771118164,13.300000190734863,191700,0.0,0.0
2020-12-23 00:00:00-05:00,13.720000267028809,13.739999771118164,13.0,13.569999694824219,190900,0.0,0.0
2020-12-24 00:00:00-05:00,13.800000190734863,14.0,13.59000015258789,14.0,167900,0.0,0.0
2020-12-28 00:00:00-05:00,14.449999809265137,14.6899995803833,13.5600004196167,13.989999771118164,273400,0.0,0.0
2020-12-29 00:00:00-05:00,14.199999809265137,14.25,13.319999694824219,13.739999771118164,131600,0.0,0.0
2020-12-30 00:00:00-05:00,13.5,13.670000076293945,13.300000190734863,13.300000190734863,53500,0.0,0.0
2020-12-31 00:00:00-05:00,13.229999542236328,13.449999809265137,12.800000190734863,13.270000457763672,174400,0.0,0.0
2021-01-04 00:00:00-05:00,13.25,13.380000114440918,12.800000190734863,13.279999732971191,90700,0.0,0.0
2021-01-05 00:00:00-05:00,13.5,13.5,13.25,13.3100004196167,79800,0.0,0.0
2021-01-06 00:00:00-05:00,13.5,13.65999984741211,13.289999961853027,13.300000190734863,86400,0.0,0.0
2021-01-07 00:00:00-05:00,13.859999656677246,13.890000343322754,13.3100004196167,13.8100004196167,274400,0.0,0.0
2021-01-08 00:00:00-05:00,14.739999771118164,14.739999771118164,13.390000343322754,13.569999694824219,129900,0.0,0.0
2021-01-11 00:00:00-05:00,13.4399995803833,13.869999885559082,13.359999656677246,13.430000305175781,96100,0.0,0.0
2021-01-12 00:00:00-05:00,13.479999542236328,14.055000305175781,13.430000305175781,13.949999809265137,433100,0.0,0.0
2021-01-13 00:00:00-05:00,14.5600004196167,14.600000381469727,14.0,14.270000457763672,439400,0.0,0.0
2021-01-14 00:00:00-05:00,14.239999771118164,14.50100040435791,14.239999771118164,14.390000343322754,233300,0.0,0.0
2021-01-15 00:00:00-05:00,14.25,14.640000343322754,14.029999732971191,14.3100004196167,102700,0.0,0.0
2021-01-19 00:00:00-05:00,14.390000343322754,14.75,14.149999618530273,14.239999771118164,243300,0.0,0.0
2021-01-20 00:00:00-05:00,14.079999923706055,14.699999809265137,14.079999923706055,14.199999809265137,37600,0.0,0.0
2021-01-21 00:00:00-05:00,14.100000381469727,14.829999923706055,14.100000381469727,14.550000190734863,162100,0.0,0.0
2021-01-22 00:00:00-05:00,14.5,15.130000114440918,14.3100004196167,14.5,169000,0.0,0.0
2021-01-25 00:00:00-05:00,14.329999923706055,15.479999542236328,14.100000381469727,14.699999809265137,271300,0.0,0.0
2021-01-26 00:00:00-05:00,14.529999732971191,15.430000305175781,13.90999984741211,14.25,210800,0.0,0.0
2021-01-27 00:00:00-05:00,13.789999961853027,14.350000381469727,12.75,13.15999984741211,328000,0.0,0.0
2021-01-28 00:00:00-05:00,13.279999732971191,13.989999771118164,13.100000381469727,13.789999961853027,159100,0.0,0.0
2021-01-29 00:00:00-05:00,13.869999885559082,13.989999771118164,13.15999984741211,13.470000267028809,197800,0.0,0.0
2021-02-01 00:00:00-05:00,13.65999984741211,14.0600004196167,13.5,13.789999961853027,123000,0.0,0.0
2021-02-02 00:00:00-05:00,13.609999656677246,14.229999542236328,13.609999656677246,13.850000381469727,149100,0.0,0.0
2021-02-03 00:00:00-05:00,16.100000381469727,16.110000610351562,12.760000228881836,13.100000381469727,9179500,0.0,0.0
2021-02-04 00:00:00-05:00,13.25,13.279999732971191,12.045000076293945,13.279999732971191,3137700,0.0,0.0
2021-02-05 00:00:00-05:00,12.84000015258789,12.84000015258789,12.369999885559082,12.380000114440918,1330700,0.0,0.0
2021-02-08 00:00:00-05:00,12.6899995803833,12.779999732971191,12.119999885559082,12.140000343322754,773000,0.0,0.0
2021-02-09 00:00:00-05:00,12.09000015258789,12.229999542236328,11.5,11.710000038146973,2147900,0.0,0.0
2021-02-10 00:00:00-05:00,11.899999618530273,12.399999618530273,11.609999656677246,11.9399995803833,1124000,0.0,0.0
2021-02-11 00:00:00-05:00,11.8100004196167,12.300000190734863,11.739999771118164,12.0600004196167,490400,0.0,0.0
2021-02-12 00:00:00-05:00,11.930000305175781,12.180000305175781,11.800000190734863,12.069999694824219,900800,0.0,0.0
2021-02-16 00:00:00-05:00,12.0,12.4399995803833,11.770000457763672,11.8100004196167,2251100,0.0,0.0
2021-02-17 00:00:00-05:00,11.510000228881836,12.149999618530273,11.3100004196167,12.0,1696300,0.0,0.0
2021-02-18 00:00:00-05:00,11.65999984741211,11.949999809265137,11.5649995803833,11.850000381469727,2307600,0.0,0.0
2021-02-19 00:00:00-05:00,12.0,12.079999923706055,11.489999771118164,11.880000114440918,1605400,0.0,0.0
2021-02-22 00:00:00-05:00,11.760000228881836,11.84000015258789,11.59000015258789,11.779999732971191,335800,0.0,0.0
2021-02-23 00:00:00-05:00,11.789999961853027,11.789999961853027,10.850000381469727,11.300000190734863,1078400,0.0,0.0
2021-02-24 00:00:00-05:00,11.380000114440918,11.4399995803833,10.930000305175781,11.15999984741211,553900,0.0,0.0
2021-02-25 00:00:00-05:00,11.15999984741211,11.170000076293945,10.649999618530273,11.109999656677246,575700,0.0,0.0
2021-02-26 00:00:00-05:00,10.84000015258789,11.0,10.350000381469727,10.5600004196167,1013900,0.0,0.0
2021-03-01 00:00:00-05:00,10.75,11.130000114440918,10.699999809265137,10.949999809265137,585000,0.0,0.0
2021-03-02 00:00:00-05:00,10.800000190734863,11.09000015258789,10.555000305175781,10.789999961853027,276200,0.0,0.0
2021-03-03 00:00:00-05:00,10.789999961853027,10.789999961853027,10.15999984741211,10.390000343322754,752200,0.0,0.0
2021-03-04 00:00:00-05:00,10.199999809265137,10.520000457763672,10.0649995803833,10.420000076293945,4951700,0.0,0.0
2021-03-05 00:00:00-05:00,10.550000190734863,10.800000190734863,10.25,10.760000228881836,784700,0.0,0.0
2021-03-08 00:00:00-05:00,10.800000190734863,10.800999641418457,10.640000343322754,10.800000190734863,362400,0.0,0.0
2021-03-09 00:00:00-05:00,10.8100004196167,11.180000305175781,10.760000228881836,11.0,612500,0.0,0.0
2021-03-10 00:00:00-05:00,10.930000305175781,11.420000076293945,10.859999656677246,11.319999694824219,469300,0.0,0.0
2021-03-11 00:00:00-05:00,11.270000457763672,11.430000305175781,10.949999809265137,11.199999809265137,763500,0.0,0.0
2021-03-12 00:00:00-05:00,11.050000190734863,11.260000228881836,10.960000038146973,11.229999542236328,369000,0.0,0.0
2021-03-15 00:00:00-04:00,11.119999885559082,11.227999687194824,11.039999961853027,11.170000076293945,195900,0.0,0.0
2021-03-16 00:00:00-04:00,11.09000015258789,11.229999542236328,11.0,11.050000190734863,517500,0.0,0.0
2021-03-17 00:00:00-04:00,10.930000305175781,11.11400032043457,10.550000190734863,11.069999694824219,300000,0.0,0.0
2021-03-18 00:00:00-04:00,11.0,11.069999694824219,10.710000038146973,10.789999961853027,131300,0.0,0.0
2021-03-19 00:00:00-04:00,10.779999732971191,10.8149995803833,10.609999656677246,10.640000343322754,123500,0.0,0.0
2021-03-22 00:00:00-04:00,10.609999656677246,10.704999923706055,10.5600004196167,10.579999923706055,132700,0.0,0.0
2021-03-23 00:00:00-04:00,10.5600004196167,10.680000305175781,10.40999984741211,10.520000457763672,207800,0.0,0.0
2021-03-24 00:00:00-04:00,10.430000305175781,10.550000190734863,10.09000015258789,10.180000305175781,425200,0.0,0.0
2021-03-25 00:00:00-04:00,10.010000228881836,10.170000076293945,10.010000228881836,10.15999984741211,363200,0.0,0.0
2021-03-26 00:00:00-04:00,10.149999618530273,10.369999885559082,10.119999885559082,10.270000457763672,149400,0.0,0.0
2021-03-29 00:00:00-04:00,10.210000038146973,10.319999694824219,10.109999656677246,10.109999656677246,183800,0.0,0.0
2021-03-30 00:00:00-04:00,10.109999656677246,10.220000267028809,10.010000228881836,10.100000381469727,307900,0.0,0.0
2021-03-31 00:00:00-04:00,10.100000381469727,10.1899995803833,10.069999694824219,10.149999618530273,330700,0.0,0.0
2021-04-01 00:00:00-04:00,10.149999618530273,10.300000190734863,10.149999618530273,10.239999771118164,162400,0.0,0.0
2021-04-05 00:00:00-04:00,10.319999694824219,10.319999694824219,10.119999885559082,10.170000076293945,93700,0.0,0.0
2021-04-06 00:00:00-04:00,10.199999809265137,10.25,10.15999984741211,10.239999771118164,117300,0.0,0.0
2021-04-07 00:00:00-04:00,10.279999732971191,10.350000381469727,10.239999771118164,10.270000457763672,37300,0.0,0.0
2021-04-08 00:00:00-04:00,10.289999961853027,10.350000381469727,10.210000038146973,10.229999542236328,118500,0.0,0.0
2021-04-09 00:00:00-04:00,10.229999542236328,10.324999809265137,10.170000076293945,10.220000267028809,222600,0.0,0.0
2021-04-12 00:00:00-04:00,10.210000038146973,10.270000457763672,10.100000381469727,10.100000381469727,735100,0.0,0.0
2021-04-13 00:00:00-04:00,10.119999885559082,10.15999984741211,10.079999923706055,10.149999618530273,283200,0.0,0.0
2021-04-14 00:00:00-04:00,10.109999656677246,10.229999542236328,10.100000381469727,10.109999656677246,265500,0.0,0.0
2021-04-15 00:00:00-04:00,10.140000343322754,10.170000076293945,10.0600004196167,10.140000343322754,462200,0.0,0.0
2021-04-16 00:00:00-04:00,10.109999656677246,10.239999771118164,10.09000015258789,10.109999656677246,828100,0.0,0.0
2021-04-19 00:00:00-04:00,10.100000381469727,10.199999809265137,10.100000381469727,10.15999984741211,554100,0.0,0.0
2021-04-20 00:00:00-04:00,10.149999618530273,10.180000305175781,10.0600004196167,10.140000343322754,580400,0.0,0.0
2021-04-21 00:00:00-04:00,10.15999984741211,10.1899995803833,10.119999885559082,10.15999984741211,222200,0.0,0.0
2021-04-22 00:00:00-04:00,10.1899995803833,10.229999542236328,10.140000343322754,10.1899995803833,101300,0.0,0.0
2021-04-23 00:00:00-04:00,10.15999984741211,10.260000228881836,10.119999885559082,10.210000038146973,275100,0.0,0.0
2021-04-26 00:00:00-04:00,10.220000267028809,10.399999618530273,10.1899995803833,10.369999885559082,166000,0.0,0.0
2021-04-27 00:00:00-04:00,10.279999732971191,10.40999984741211,10.279999732971191,10.369999885559082,606800,0.0,0.0
2021-04-28 00:00:00-04:00,10.40999984741211,10.40999984741211,10.210000038146973,10.260000228881836,564900,0.0,0.0
2021-04-29 00:00:00-04:00,10.350000381469727,10.350000381469727,10.25,10.289999961853027,192000,0.0,0.0
2021-04-30 00:00:00-04:00,10.34000015258789,10.369999885559082,10.260000228881836,10.260000228881836,293500,0.0,0.0
2021-05-03 00:00:00-04:00,10.270000457763672,10.329999923706055,10.15999984741211,10.239999771118164,1808800,0.0,0.0
2021-05-04 00:00:00-04:00,10.25,10.359999656677246,10.199999809265137,10.289999961853027,336800,0.0,0.0
2021-05-05 00:00:00-04:00,10.348999977111816,10.390000343322754,10.279999732971191,10.359999656677246,211100,0.0,0.0
2021-05-06 00:00:00-04:00,10.329999923706055,10.5,10.300000190734863,10.4399995803833,214700,0.0,0.0
2021-05-07 00:00:00-04:00,10.4399995803833,10.520000457763672,10.390000343322754,10.399999618530273,70700,0.0,0.0
2021-05-10 00:00:00-04:00,10.319999694824219,10.479999542236328,10.270000457763672,10.369999885559082,324100,0.0,0.0
2021-05-11 00:00:00-04:00,10.100000381469727,10.199999809265137,9.949999809265137,10.0,365600,0.0,0.0
2021-05-12 00:00:00-04:00,10.0,10.036999702453613,9.899999618530273,9.949999809265137,958600,0.0,0.0
2021-05-13 00:00:00-04:00,9.949999809265137,10.020000457763672,9.920000076293945,9.960000038146973,4286200,0.0,0.0
2021-05-14 00:00:00-04:00,9.970000267028809,10.0,9.930000305175781,9.949999809265137,2160500,0.0,0.0
2021-05-17 00:00:00-04:00,9.9399995803833,10.0,9.880000114440918,9.90999984741211,1447100,0.0,0.0
2021-05-18 00:00:00-04:00,9.979999542236328,10.0,9.84000015258789,9.90999984741211,165600,0.0,0.0
2021-05-19 00:00:00-04:00,9.899999618530273,9.989999771118164,9.869999885559082,9.9399995803833,2859700,0.0,0.0
2021-05-20 00:00:00-04:00,9.979000091552734,10.0,9.899999618530273,9.920000076293945,316500,0.0,0.0
2021-05-21 00:00:00-04:00,9.899999618530273,9.979999542236328,9.899999618530273,9.960000038146973,115100,0.0,0.0
2021-05-24 00:00:00-04:00,9.949999809265137,9.989999771118164,9.90999984741211,9.949999809265137,131800,0.0,0.0
2021-05-25 00:00:00-04:00,9.949999809265137,10.0,9.9399995803833,10.0,1263600,0.0,0.0
2021-05-26 00:00:00-04:00,9.970000267028809,10.043000221252441,9.960000038146973,9.989999771118164,25400,0.0,0.0
2021-05-27 00:00:00-04:00,9.979999542236328,9.989999771118164,9.960000038146973,9.979999542236328,42100,0.0,0.0
2021-05-28 00:00:00-04:00,9.949999809265137,9.989999771118164,9.90999984741211,9.9399995803833,147600,0.0,0.0
2021-06-01 00:00:00-04:00,9.949999809265137,9.979999542236328,9.9399995803833,9.979999542236328,126100,0.0,0.0
2021-06-02 00:00:00-04:00,10.0,10.0,9.904999732971191,9.920000076293945,717500,0.0,0.0
2021-06-03 00:00:00-04:00,9.930000305175781,9.989999771118164,9.930000305175781,9.979999542236328,66600,0.0,0.0
2021-06-04 00:00:00-04:00,9.979999542236328,9.979999542236328,9.949999809265137,9.970000267028809,84700,0.0,0.0
2021-06-07 00:00:00-04:00,9.9399995803833,9.989999771118164,9.920000076293945,9.979999542236328,51600,0.0,0.0
2021-06-08 00:00:00-04:00,10.029999732971191,10.043999671936035,9.970000267028809,9.989999771118164,501000,0.0,0.0
2021-06-09 00:00:00-04:00,10.010000228881836,10.0600004196167,10.010000228881836,10.050000190734863,502800,0.0,0.0
2021-06-10 00:00:00-04:00,10.069999694824219,10.109999656677246,10.020000457763672,10.09000015258789,413100,0.0,0.0
2021-06-11 00:00:00-04:00,10.0600004196167,10.119999885559082,10.050000190734863,10.09000015258789,566900,0.0,0.0
2021-06-14 00:00:00-04:00,10.130000114440918,10.130000114440918,10.020000457763672,10.039999961853027,62000,0.0,0.0
2021-06-15 00:00:00-04:00,10.020000457763672,10.050000190734863,9.899999618530273,10.0,141300,0.0,0.0
2021-06-16 00:00:00-04:00,10.010000228881836,10.010000228881836,9.9399995803833,9.979999542236328,32700,0.0,0.0
2021-06-17 00:00:00-04:00,10.0,10.029999732971191,9.989999771118164,9.989999771118164,120200,0.0,0.0
2021-06-18 00:00:00-04:00,9.979999542236328,10.015000343322754,9.9399995803833,10.0,523100,0.0,0.0
2021-06-21 00:00:00-04:00,10.0,10.100000381469727,9.96500015258789,10.0,119900,0.0,0.0
2021-06-22 00:00:00-04:00,10.0,10.0,9.949999809265137,9.979999542236328,64100,0.0,0.0
2021-06-23 00:00:00-04:00,9.949999809265137,10.020000457763672,9.949999809265137,9.979999542236328,111200,0.0,0.0
2021-06-24 00:00:00-04:00,10.050000190734863,10.050000190734863,9.949999809265137,9.949999809265137,63000,0.0,0.0
2021-06-25 00:00:00-04:00,9.965999603271484,10.0,9.942000389099121,9.970000267028809,116900,0.0,0.0
2021-06-28 00:00:00-04:00,9.960000038146973,10.0,9.949999809265137,9.989999771118164,21100,0.0,0.0
2021-06-29 00:00:00-04:00,9.970000267028809,10.005000114440918,9.949999809265137,9.970000267028809,155300,0.0,0.0
2021-06-30 00:00:00-04:00,9.989999771118164,10.010000228881836,9.949999809265137,9.960000038146973,391000,0.0,0.0
2021-07-01 00:00:00-04:00,9.960000038146973,10.0,9.960000038146973,9.960000038146973,127100,0.0,0.0
2021-07-02 00:00:00-04:00,9.960000038146973,10.0,9.949999809265137,9.989999771118164,47400,0.0,0.0
2021-07-06 00:00:00-04:00,10.0,10.0,9.949999809265137,9.989999771118164,222500,0.0,0.0
2021-07-07 00:00:00-04:00,9.979999542236328,9.989999771118164,9.979999542236328,9.979999542236328,41100,0.0,0.0
2021-07-08 00:00:00-04:00,9.960000038146973,9.979999542236328,9.960000038146973,9.970000267028809,148200,0.0,0.0
2021-07-09 00:00:00-04:00,9.989999771118164,9.989999771118164,9.960000038146973,9.989999771118164,183800,0.0,0.0
2021-07-12 00:00:00-04:00,9.960000038146973,10.010000228881836,9.960000038146973,9.979999542236328,1411700,0.0,0.0
2021-07-13 00:00:00-04:00,10.0,10.0,9.970000267028809,9.979999542236328,649200,0.0,0.0
2021-07-14 00:00:00-04:00,9.989999771118164,10.005000114440918,9.970000267028809,9.979999542236328,1056000,0.0,0.0
2021-07-15 00:00:00-04:00,9.970000267028809,9.979999542236328,9.960000038146973,9.970000267028809,2300000,0.0,0.0
2021-07-16 00:00:00-04:00,9.960000038146973,9.970000267028809,9.960000038146973,9.970000267028809,23500,0.0,0.0
2021-07-19 00:00:00-04:00,9.960000038146973,9.979999542236328,9.949999809265137,9.970000267028809,4225500,0.0,0.0
2021-07-20 00:00:00-04:00,9.960000038146973,9.979999542236328,9.960000038146973,9.970000267028809,684100,0.0,0.0
2021-07-21 00:00:00-04:00,9.979999542236328,9.979999542236328,9.960000038146973,9.979999542236328,1324400,0.0,0.0
2021-07-22 00:00:00-04:00,9.975000381469727,9.989999771118164,9.970000267028809,9.979999542236328,1905600,0.0,0.0
2021-07-23 00:00:00-04:00,9.960000038146973,9.979999542236328,9.960000038146973,9.979999542236328,3522100,0.0,0.0
2021-07-26 00:00:00-04:00,9.920000076293945,9.937999725341797,9.5600004196167,9.59000015258789,880600,0.0,0.0
2021-07-27 00:00:00-04:00,9.579999923706055,9.579999923706055,8.760000228881836,9.100000381469727,509400,0.0,0.0
2021-07-28 00:00:00-04:00,9.100000381469727,9.449999809265137,8.9399995803833,9.359999656677246,219000,0.0,0.0
2021-07-29 00:00:00-04:00,9.380000114440918,9.392000198364258,8.899999618530273,9.15999984741211,172100,0.0,0.0
2021-07-30 00:00:00-04:00,9.130000114440918,9.260000228881836,9.079999923706055,9.260000228881836,96500,0.0,0.0
2021-08-02 00:00:00-04:00,9.770000457763672,10.75,9.75,10.0600004196167,548900,0.0,0.0
2021-08-03 00:00:00-04:00,10.0,10.059000015258789,9.40999984741211,9.539999961853027,448300,0.0,0.0
2021-08-04 00:00:00-04:00,9.619999885559082,9.654999732971191,8.930000305175781,9.100000381469727,2029400,0.0,0.0
2021-08-05 00:00:00-04:00,9.069999694824219,9.199999809265137,8.710000038146973,8.899999618530273,1015000,0.0,0.0
2021-08-06 00:00:00-04:00,8.920000076293945,8.920000076293945,8.579999923706055,8.84000015258789,1006600,0.0,0.0
2021-08-09 00:00:00-04:00,8.75,9.149999618530273,8.65999984741211,9.050000190734863,727200,0.0,0.0
2021-08-10 00:00:00-04:00,9.0600004196167,9.0600004196167,8.789999961853027,8.899999618530273,570600,0.0,0.0
2021-08-11 00:00:00-04:00,8.920000076293945,9.020000457763672,8.913999557495117,8.949999809265137,178000,0.0,0.0
2021-08-12 00:00:00-04:00,8.949999809265137,9.529999732971191,8.899999618530273,9.289999961853027,1583900,0.0,0.0
2021-08-13 00:00:00-04:00,9.40999984741211,10.359999656677246,9.34000015258789,10.069999694824219,2656600,0.0,0.0
2021-08-16 00:00:00-04:00,10.109999656677246,10.119999885559082,9.319999694824219,9.619999885559082,793200,0.0,0.0
2021-08-17 00:00:00-04:00,9.5600004196167,9.619999885559082,9.270000457763672,9.569999694824219,413500,0.0,0.0
2021-08-18 00:00:00-04:00,9.569999694824219,9.569999694824219,9.194999694824219,9.5,468500,0.0,0.0
2021-08-19 00:00:00-04:00,9.569999694824219,9.65999984741211,9.3100004196167,9.520000457763672,340800,0.0,0.0
2021-08-20 00:00:00-04:00,9.59000015258789,10.029999732971191,9.449999809265137,9.989999771118164,706300,0.0,0.0
2021-08-23 00:00:00-04:00,10.010000228881836,10.539999961853027,9.850000381469727,10.5,954300,0.0,0.0
2021-08-24 00:00:00-04:00,10.539999961853027,10.979999542236328,10.420000076293945,10.739999771118164,710800,0.0,0.0
2021-08-25 00:00:00-04:00,10.800000190734863,10.899999618530273,10.640000343322754,10.729999542236328,334200,0.0,0.0
2021-08-26 00:00:00-04:00,10.729999542236328,11.079999923706055,10.569999694824219,10.84000015258789,542800,0.0,0.0
2021-08-27 00:00:00-04:00,10.960000038146973,11.789999961853027,10.739999771118164,11.600000381469727,963600,0.0,0.0
2021-08-30 00:00:00-04:00,11.710000038146973,11.710000038146973,10.75,10.850000381469727,483900,0.0,0.0
2021-08-31 00:00:00-04:00,10.850000381469727,11.600000381469727,10.770000457763672,11.600000381469727,480200,0.0,0.0
2021-09-01 00:00:00-04:00,11.600000381469727,11.670000076293945,11.460000038146973,11.550000190734863,513300,0.0,0.0
2021-09-02 00:00:00-04:00,11.430000305175781,11.984999656677246,11.319999694824219,11.779999732971191,536800,0.0,0.0
2021-09-03 00:00:00-04:00,11.680000305175781,12.069999694824219,11.510000228881836,11.869999885559082,882400,0.0,0.0
2021-09-07 00:00:00-04:00,11.829999923706055,11.84000015258789,10.8100004196167,10.869999885559082,1197100,0.0,0.0
2021-09-08 00:00:00-04:00,10.800000190734863,11.050000190734863,10.70199966430664,10.989999771118164,530300,0.0,0.0
2021-09-09 00:00:00-04:00,10.819999694824219,11.4399995803833,10.770000457763672,11.300000190734863,589100,0.0,0.0
2021-09-10 00:00:00-04:00,11.3100004196167,11.920000076293945,11.210000038146973,11.8100004196167,1351400,0.0,0.0
2021-09-13 00:00:00-04:00,11.619999885559082,11.869999885559082,11.020000457763672,11.359999656677246,1119600,0.0,0.0
2021-09-14 00:00:00-04:00,11.180000305175781,11.569999694824219,11.100000381469727,11.289999961853027,1187600,0.0,0.0
2021-09-15 00:00:00-04:00,11.15999984741211,11.619999885559082,11.0600004196167,11.359999656677246,995500,0.0,0.0
2021-09-16 00:00:00-04:00,11.300000190734863,11.649999618530273,11.239999771118164,11.520000457763672,835500,0.0,0.0
2021-09-17 00:00:00-04:00,11.5,11.550000190734863,11.239999771118164,11.430000305175781,4775600,0.0,0.0
2021-09-20 00:00:00-04:00,11.109999656677246,11.470000267028809,11.100000381469727,11.329999923706055,1432300,0.0,0.0
2021-09-21 00:00:00-04:00,11.289999961853027,11.600000381469727,11.289999961853027,11.5,3112700,0.0,0.0
2021-09-22 00:00:00-04:00,11.4399995803833,11.819999694824219,11.319999694824219,11.75,1287200,0.0,0.0
2021-09-23 00:00:00-04:00,11.789999961853027,11.899999618530273,11.4399995803833,11.470000267028809,637400,0.0,0.0
2021-09-24 00:00:00-04:00,11.369999885559082,11.510000228881836,11.140000343322754,11.460000038146973,1059500,0.0,0.0
2021-09-27 00:00:00-04:00,11.34000015258789,11.489999771118164,11.220000267028809,11.34000015258789,710800,0.0,0.0
2021-09-28 00:00:00-04:00,11.15999984741211,11.300000190734863,10.84000015258789,10.899999618530273,346300,0.0,0.0
2021-09-29 00:00:00-04:00,10.869999885559082,11.0,10.170000076293945,10.260000228881836,514000,0.0,0.0
2021-09-30 00:00:00-04:00,10.239999771118164,10.609999656677246,10.239999771118164,10.510000228881836,568200,0.0,0.0
2021-10-01 00:00:00-04:00,10.510000228881836,10.800000190734863,10.329999923706055,10.569999694824219,682700,0.0,0.0
2021-10-04 00:00:00-04:00,10.539999961853027,10.630000114440918,10.130000114440918,10.449999809265137,737900,0.0,0.0
2021-10-05 00:00:00-04:00,10.359999656677246,10.760000228881836,10.270000457763672,10.550000190734863,1293000,0.0,0.0
2021-10-06 00:00:00-04:00,10.390000343322754,10.550000190734863,10.09000015258789,10.270000457763672,903900,0.0,0.0
2021-10-07 00:00:00-04:00,10.354999542236328,10.430000305175781,9.899999618530273,10.140000343322754,514400,0.0,0.0
2021-10-08 00:00:00-04:00,10.130000114440918,10.300000190734863,9.9399995803833,10.109999656677246,415600,0.0,0.0
2021-10-11 00:00:00-04:00,10.109999656677246,10.319999694824219,9.9399995803833,10.09000015258789,451900,0.0,0.0
2021-10-12 00:00:00-04:00,10.15999984741211,10.350000381469727,9.920000076293945,10.199999809265137,426200,0.0,0.0
2021-10-13 00:00:00-04:00,10.199999809265137,10.380000114440918,10.119999885559082,10.3100004196167,334100,0.0,0.0
2021-10-14 00:00:00-04:00,10.369999885559082,10.510000228881836,10.229999542236328,10.510000228881836,310300,0.0,0.0
2021-10-15 00:00:00-04:00,10.579999923706055,10.649999618530273,10.350000381469727,10.350000381469727,543200,0.0,0.0
2021-10-18 00:00:00-04:00,10.319999694824219,10.390000343322754,10.149999618530273,10.239999771118164,414100,0.0,0.0
2021-10-19 00:00:00-04:00,10.289999961853027,10.569999694824219,10.220000267028809,10.569999694824219,878600,0.0,0.0
2021-10-20 00:00:00-04:00,10.59000015258789,11.463000297546387,10.574999809265137,11.399999618530273,1336500,0.0,0.0
2021-10-21 00:00:00-04:00,11.300000190734863,11.649999618530273,11.300000190734863,11.609999656677246,571800,0.0,0.0
2021-10-22 00:00:00-04:00,11.619999885559082,11.850000381469727,11.600000381469727,11.800000190734863,515900,0.0,0.0
2021-10-25 00:00:00-04:00,11.84000015258789,12.239999771118164,11.619999885559082,11.75,749200,0.0,0.0
2021-10-26 00:00:00-04:00,11.819999694824219,11.930000305175781,11.6850004196167,11.8100004196167,266100,0.0,0.0
2021-10-27 00:00:00-04:00,11.859999656677246,11.982999801635742,11.569999694824219,11.859999656677246,1059200,0.0,0.0
2021-10-28 00:00:00-04:00,11.890000343322754,12.220000267028809,11.890000343322754,12.130000114440918,404600,0.0,0.0
2021-10-29 00:00:00-04:00,12.069999694824219,12.279999732971191,11.829999923706055,11.979999542236328,649000,0.0,0.0
2021-11-01 00:00:00-04:00,11.989999771118164,12.170000076293945,11.829999923706055,12.149999618530273,1214300,0.0,0.0
2021-11-02 00:00:00-04:00,12.239999771118164,12.550000190734863,12.149999618530273,12.199999809265137,376300,0.0,0.0
2021-11-03 00:00:00-04:00,12.180000305175781,12.279999732971191,12.010000228881836,12.09000015258789,268400,0.0,0.0
2021-11-04 00:00:00-04:00,12.100000381469727,12.260000228881836,11.970000267028809,12.109999656677246,998700,0.0,0.0
2021-11-05 00:00:00-04:00,12.210000038146973,12.420000076293945,12.130000114440918,12.25,454200,0.0,0.0
2021-11-08 00:00:00-05:00,12.175000190734863,12.510000228881836,12.175000190734863,12.300000190734863,337700,0.0,0.0
2021-11-09 00:00:00-05:00,12.270000457763672,12.270000457763672,11.890000343322754,12.0,313700,0.0,0.0
2021-11-10 00:00:00-05:00,11.930000305175781,12.0600004196167,11.600000381469727,11.640000343322754,284400,0.0,0.0
2021-11-11 00:00:00-05:00,11.5,12.489999771118164,11.3100004196167,12.470000267028809,488700,0.0,0.0
2021-11-12 00:00:00-05:00,12.369999885559082,12.680000305175781,12.350000381469727,12.520000457763672,361800,0.0,0.0
2021-11-15 00:00:00-05:00,12.680000305175781,12.979999542236328,12.470000267028809,12.880000114440918,898800,0.0,0.0
2021-11-16 00:00:00-05:00,12.770000457763672,13.390000343322754,12.770000457763672,13.180000305175781,468400,0.0,0.0
2021-11-17 00:00:00-05:00,13.239999771118164,13.329999923706055,12.960000038146973,13.09000015258789,404000,0.0,0.0
2021-11-18 00:00:00-05:00,13.010000228881836,13.140000343322754,12.859999656677246,13.039999961853027,264200,0.0,0.0
2021-11-19 00:00:00-05:00,13.100000381469727,13.175000190734863,12.9399995803833,12.989999771118164,310200,0.0,0.0
2021-11-22 00:00:00-05:00,12.960000038146973,13.0,12.619999885559082,12.699999809265137,446500,0.0,0.0
2021-11-23 00:00:00-05:00,12.680000305175781,12.920000076293945,12.100000381469727,12.25,387200,0.0,0.0
2021-11-24 00:00:00-05:00,12.170000076293945,12.710000038146973,12.010000228881836,12.649999618530273,478400,0.0,0.0
2021-11-26 00:00:00-05:00,12.460000038146973,12.710000038146973,12.350000381469727,12.449999809265137,799400,0.0,0.0
2021-11-29 00:00:00-05:00,12.5600004196167,12.979999542236328,12.470000267028809,12.899999618530273,527100,0.0,0.0
2021-11-30 00:00:00-05:00,13.0600004196167,13.460000038146973,12.770000457763672,12.850000381469727,1059200,0.0,0.0
2021-12-01 00:00:00-05:00,12.930000305175781,13.239999771118164,12.289999961853027,12.289999961853027,937900,0.0,0.0
2021-12-02 00:00:00-05:00,12.199999809265137,12.739999771118164,12.15999984741211,12.65999984741211,792600,0.0,0.0
2021-12-03 00:00:00-05:00,12.640000343322754,12.640000343322754,11.579999923706055,11.729999542236328,1121200,0.0,0.0
2021-12-06 00:00:00-05:00,11.760000228881836,11.760000228881836,11.15999984741211,11.550000190734863,1231100,0.0,0.0
2021-12-07 00:00:00-05:00,11.8100004196167,12.609999656677246,11.8100004196167,12.180000305175781,1001400,0.0,0.0
2021-12-08 00:00:00-05:00,12.210000038146973,12.21399974822998,11.760000228881836,12.100000381469727,960800,0.0,0.0
2021-12-09 00:00:00-05:00,12.09000015258789,12.270000457763672,11.65999984741211,11.819999694824219,535800,0.0,0.0
2021-12-10 00:00:00-05:00,11.9399995803833,12.0600004196167,11.569999694824219,11.779999732971191,335200,0.0,0.0
2021-12-13 00:00:00-05:00,11.770000457763672,11.970000267028809,11.449999809265137,11.619999885559082,609600,0.0,0.0
2021-12-14 00:00:00-05:00,10.944999694824219,11.220000267028809,10.800000190734863,11.149999618530273,897600,0.0,0.0
2021-12-15 00:00:00-05:00,11.149999618530273,11.520000457763672,10.899999618530273,11.229999542236328,1272700,0.0,0.0
2021-12-16 00:00:00-05:00,11.319999694824219,11.359999656677246,10.725000381469727,11.0,1487200,0.0,0.0
2021-12-17 00:00:00-05:00,10.869999885559082,11.350000381469727,10.579999923706055,11.199999809265137,1253200,0.0,0.0
2021-12-20 00:00:00-05:00,11.069999694824219,11.1899995803833,10.84000015258789,11.0600004196167,986300,0.0,0.0
2021-12-21 00:00:00-05:00,11.119999885559082,11.420000076293945,11.069999694824219,11.319999694824219,1005400,0.0,0.0
2021-12-22 00:00:00-05:00,11.289999961853027,11.539999961853027,11.109999656677246,11.329999923706055,894100,0.0,0.0
2021-12-23 00:00:00-05:00,11.300000190734863,11.5600004196167,11.140000343322754,11.550000190734863,382500,0.0,0.0
2021-12-27 00:00:00-05:00,11.529999732971191,11.529999732971191,11.329999923706055,11.5,300000,0.0,0.0
2021-12-28 00:00:00-05:00,11.5,11.5,11.260000228881836,11.399999618530273,326400,0.0,0.0
2021-12-29 00:00:00-05:00,11.399999618530273,11.510000228881836,11.260000228881836,11.399999618530273,180600,0.0,0.0
2021-12-30 00:00:00-05:00,11.40999984741211,11.850000381469727,11.350000381469727,11.670000076293945,240200,0.0,0.0
2021-12-31 00:00:00-05:00,11.649999618530273,11.779999732971191,11.369999885559082,11.390000343322754,246000,0.0,0.0
2022-01-03 00:00:00-05:00,11.359999656677246,11.425000190734863,11.130000114440918,11.369999885559082,848400,0.0,0.0
2022-01-04 00:00:00-05:00,11.3100004196167,11.329999923706055,10.930000305175781,11.239999771118164,685200,0.0,0.0
2022-01-05 00:00:00-05:00,11.180000305175781,11.180000305175781,10.574999809265137,10.609999656677246,481700,0.0,0.0
2022-01-06 00:00:00-05:00,10.489999771118164,10.59000015258789,9.949999809265137,10.460000038146973,598700,0.0,0.0
2022-01-07 00:00:00-05:00,10.460000038146973,10.550000190734863,10.0600004196167,10.220000267028809,349700,0.0,0.0
2022-01-10 00:00:00-05:00,10.039999961853027,10.399999618530273,9.630000114440918,10.34000015258789,734600,0.0,0.0
2022-01-11 00:00:00-05:00,10.279999732971191,10.65999984741211,10.25,10.5,245100,0.0,0.0
2022-01-12 00:00:00-05:00,10.640000343322754,10.760000228881836,10.369999885559082,10.520000457763672,396800,0.0,0.0
2022-01-13 00:00:00-05:00,10.569999694824219,10.579999923706055,10.289999961853027,10.430000305175781,908200,0.0,0.0
2022-01-14 00:00:00-05:00,10.300000190734863,10.6899995803833,10.220000267028809,10.640000343322754,1643300,0.0,0.0
2022-01-18 00:00:00-05:00,10.479999542236328,10.5,10.180000305175781,10.300000190734863,818100,0.0,0.0
2022-01-19 00:00:00-05:00,10.369999885559082,10.510000228881836,10.119999885559082,10.239999771118164,607000,0.0,0.0
2022-01-20 00:00:00-05:00,10.390000343322754,10.680000305175781,10.319999694824219,10.359999656677246,403100,0.0,0.0
2022-01-21 00:00:00-05:00,10.3100004196167,10.359999656677246,10.104999542236328,10.170000076293945,977000,0.0,0.0
2022-01-24 00:00:00-05:00,9.979999542236328,10.699999809265137,9.84000015258789,10.649999618530273,662400,0.0,0.0
2022-01-25 00:00:00-05:00,10.539999961853027,10.699999809265137,10.21500015258789,10.239999771118164,940000,0.0,0.0
2022-01-26 00:00:00-05:00,10.4399995803833,10.5600004196167,9.949999809265137,10.149999618530273,1135800,0.0,0.0
2022-01-27 00:00:00-05:00,10.029999732971191,10.420000076293945,9.9399995803833,10.050000190734863,2340900,0.0,0.0
2022-01-28 00:00:00-05:00,10.149999618530273,10.15999984741211,9.65999984741211,9.970000267028809,1408800,0.0,0.0
2022-01-31 00:00:00-05:00,9.989999771118164,10.710000038146973,9.869999885559082,10.65999984741211,876900,0.0,0.0
2022-02-01 00:00:00-05:00,10.619999885559082,10.829999923706055,10.34000015258789,10.350000381469727,1028100,0.0,0.0
2022-02-02 00:00:00-05:00,10.260000228881836,10.359999656677246,9.880000114440918,9.920000076293945,691600,0.0,0.0
2022-02-03 00:00:00-05:00,9.75,10.100000381469727,9.710000038146973,9.90999984741211,1122800,0.0,0.0
2022-02-04 00:00:00-05:00,9.880000114440918,10.180000305175781,9.699999809265137,10.029999732971191,1066200,0.0,0.0
2022-02-07 00:00:00-05:00,10.109999656677246,10.350000381469727,9.970000267028809,10.210000038146973,492600,0.0,0.0
2022-02-08 00:00:00-05:00,10.140000343322754,10.1899995803833,9.970000267028809,10.109999656677246,596400,0.0,0.0
2022-02-09 00:00:00-05:00,10.289999961853027,10.550000190734863,10.140000343322754,10.470000267028809,823300,0.0,0.0
2022-02-10 00:00:00-05:00,10.279999732971191,10.729999542236328,10.199999809265137,10.520000457763672,1037700,0.0,0.0
2022-02-11 00:00:00-05:00,10.460000038146973,10.489999771118164,10.020000457763672,10.09000015258789,480300,0.0,0.0
2022-02-14 00:00:00-05:00,10.020000457763672,10.460000038146973,9.970000267028809,10.220000267028809,724400,0.0,0.0
2022-02-15 00:00:00-05:00,10.380000114440918,10.569999694824219,10.220000267028809,10.5600004196167,758700,0.0,0.0
2022-02-16 00:00:00-05:00,10.5,10.550000190734863,10.390000343322754,10.4399995803833,685200,0.0,0.0
2022-02-17 00:00:00-05:00,10.399999618530273,10.399999618530273,10.109999656677246,10.1899995803833,609500,0.0,0.0
2022-02-18 00:00:00-05:00,10.149999618530273,10.3100004196167,10.069999694824219,10.09000015258789,623100,0.0,0.0
2022-02-22 00:00:00-05:00,9.920000076293945,10.279999732971191,9.920000076293945,10.149999618530273,733000,0.0,0.0
2022-02-23 00:00:00-05:00,10.239999771118164,10.329999923706055,9.930000305175781,9.930000305175781,625600,0.0,0.0
2022-02-24 00:00:00-05:00,9.699999809265137,10.479999542236328,9.680000305175781,10.460000038146973,1043800,0.0,0.0
2022-02-25 00:00:00-05:00,10.479999542236328,10.59000015258789,10.279999732971191,10.460000038146973,468600,0.0,0.0
2022-02-28 00:00:00-05:00,10.369999885559082,10.869999885559082,10.369999885559082,10.859999656677246,1315300,0.0,0.0
2022-03-01 00:00:00-05:00,10.819999694824219,11.0600004196167,10.470000267028809,10.510000228881836,1069300,0.0,0.0
2022-03-02 00:00:00-05:00,10.6899995803833,11.125,10.600000381469727,11.0,1759500,0.0,0.0
2022-03-03 00:00:00-05:00,11.0,11.170000076293945,10.619999885559082,10.760000228881836,1240400,0.0,0.0
2022-03-04 00:00:00-05:00,10.770000457763672,10.8100004196167,10.420000076293945,10.6899995803833,975600,0.0,0.0
2022-03-07 00:00:00-05:00,10.739999771118164,11.520000457763672,10.739999771118164,10.770000457763672,2936200,0.0,0.0
2022-03-08 00:00:00-05:00,10.699999809265137,11.0600004196167,10.600000381469727,10.850000381469727,1476300,0.0,0.0
2022-03-09 00:00:00-05:00,11.0,11.420000076293945,11.0,11.140000343322754,1376400,0.0,0.0
2022-03-10 00:00:00-05:00,11.029999732971191,11.3100004196167,10.9399995803833,11.239999771118164,1006100,0.0,0.0
2022-03-11 00:00:00-05:00,11.260000228881836,11.489999771118164,10.670000076293945,10.760000228881836,1370700,0.0,0.0
2022-03-14 00:00:00-04:00,10.710000038146973,11.194999694824219,10.149999618530273,10.180000305175781,2427900,0.0,0.0
2022-03-15 00:00:00-04:00,10.15999984741211,10.220000267028809,9.779999732971191,9.960000038146973,1487200,0.0,0.0
2022-03-16 00:00:00-04:00,10.029999732971191,10.4399995803833,9.880000114440918,10.270000457763672,2303500,0.0,0.0
2022-03-17 00:00:00-04:00,10.220000267028809,10.369999885559082,10.180000305175781,10.34000015258789,2141700,0.0,0.0
2022-03-18 00:00:00-04:00,10.319999694824219,10.850000381469727,10.220000267028809,10.739999771118164,3422800,0.0,0.0
2022-03-21 00:00:00-04:00,10.699999809265137,10.859999656677246,10.279999732971191,10.300000190734863,2760200,0.0,0.0
2022-03-22 00:00:00-04:00,10.25,10.789999961853027,10.229999542236328,10.710000038146973,3276400,0.0,0.0
2022-03-23 00:00:00-04:00,10.600000381469727,10.84000015258789,10.449999809265137,10.579999923706055,727300,0.0,0.0
2022-03-24 00:00:00-04:00,10.5600004196167,10.739999771118164,10.510000228881836,10.729999542236328,479000,0.0,0.0
2022-03-25 00:00:00-04:00,10.699999809265137,10.800000190734863,10.520000457763672,10.739999771118164,695700,0.0,0.0
2022-03-28 00:00:00-04:00,10.720000267028809,10.949999809265137,10.640000343322754,10.920000076293945,685300,0.0,0.0
2022-03-29 00:00:00-04:00,10.930000305175781,11.149999618530273,10.914999961853027,11.079999923706055,875800,0.0,0.0
2022-03-30 00:00:00-04:00,11.050000190734863,11.180000305175781,10.960000038146973,11.050000190734863,552400,0.0,0.0
2022-03-31 00:00:00-04:00,11.069999694824219,11.220000267028809,11.0,11.039999961853027,439200,0.0,0.0
2022-04-01 00:00:00-04:00,11.010000228881836,11.414999961853027,11.010000228881836,11.270000457763672,546100,0.0,0.0
2022-04-04 00:00:00-04:00,11.34000015258789,11.539999961853027,11.0,11.029999732971191,529800,0.0,0.0
2022-04-05 00:00:00-04:00,11.0,11.09000015258789,10.710000038146973,10.739999771118164,372500,0.0,0.0
2022-04-06 00:00:00-04:00,10.630000114440918,10.819999694824219,10.414999961853027,10.6899995803833,695700,0.0,0.0
2022-04-07 00:00:00-04:00,9.760000228881836,9.899999618530273,9.569999694824219,9.6899995803833,12026600,0.0,0.0
2022-04-08 00:00:00-04:00,9.569999694824219,9.760000228881836,9.569999694824219,9.710000038146973,2311400,0.0,0.0
2022-04-11 00:00:00-04:00,9.640000343322754,9.807999610900879,9.569999694824219,9.640000343322754,1757700,0.0,0.0
2022-04-12 00:00:00-04:00,9.699999809265137,9.819999694824219,9.635000228881836,9.649999618530273,1160000,0.0,0.0
2022-04-13 00:00:00-04:00,9.649999618530273,9.829999923706055,9.640000343322754,9.760000228881836,1034900,0.0,0.0
2022-04-14 00:00:00-04:00,9.680000305175781,9.739999771118164,9.345000267028809,9.390000343322754,1164700,0.0,0.0
2022-04-18 00:00:00-04:00,9.399999618530273,9.53499984741211,9.180000305175781,9.420000076293945,898800,0.0,0.0
2022-04-19 00:00:00-04:00,9.420000076293945,9.710000038146973,9.350000381469727,9.670000076293945,589300,0.0,0.0
2022-04-20 00:00:00-04:00,9.729999542236328,9.8100004196167,9.59000015258789,9.609999656677246,572600,0.0,0.0
2022-04-21 00:00:00-04:00,9.729999542236328,9.770000457763672,9.34000015258789,9.34000015258789,796000,0.0,0.0
2022-04-22 00:00:00-04:00,9.34000015258789,9.470000267028809,9.229999542236328,9.270000457763672,627000,0.0,0.0
2022-04-25 00:00:00-04:00,9.170000076293945,9.699999809265137,9.170000076293945,9.699999809265137,972800,0.0,0.0
2022-04-26 00:00:00-04:00,9.680000305175781,9.710000038146973,9.364999771118164,9.40999984741211,629900,0.0,0.0
2022-04-27 00:00:00-04:00,9.449999809265137,9.640000343322754,9.1899995803833,9.199999809265137,816300,0.0,0.0
2022-04-28 00:00:00-04:00,9.180000305175781,9.579999923706055,9.180000305175781,9.550000190734863,852500,0.0,0.0
2022-04-29 00:00:00-04:00,9.529999732971191,9.710000038146973,9.220000267028809,9.229999542236328,1234800,0.0,0.0
2022-05-02 00:00:00-04:00,9.260000228881836,9.369999885559082,9.109999656677246,9.34000015258789,740100,0.0,0.0
2022-05-03 00:00:00-04:00,9.380000114440918,9.420000076293945,9.050000190734863,9.15999984741211,767400,0.0,0.0
2022-05-04 00:00:00-04:00,9.130000114440918,9.319999694824219,8.8100004196167,9.300000190734863,1588500,0.0,0.0
2022-05-05 00:00:00-04:00,9.199999809265137,9.201000213623047,8.619999885559082,8.789999961853027,1182000,0.0,0.0
2022-05-06 00:00:00-04:00,8.829999923706055,9.289999961853027,8.619999885559082,9.170000076293945,1238700,0.0,0.0
2022-05-09 00:00:00-04:00,9.050000190734863,9.074999809265137,8.430000305175781,8.449999809265137,1086000,0.0,0.0
2022-05-10 00:00:00-04:00,8.579999923706055,8.649999618530273,7.78000020980835,7.829999923706055,1728300,0.0,0.0
2022-05-11 00:00:00-04:00,7.75,7.929999828338623,7.510000228881836,7.550000190734863,1182400,0.0,0.0
2022-05-12 00:00:00-04:00,7.449999809265137,7.800000190734863,7.409999847412109,7.650000095367432,804100,0.0,0.0
2022-05-13 00:00:00-04:00,7.800000190734863,8.420000076293945,7.800000190734863,8.380000114440918,1420200,0.0,0.0
2022-05-16 00:00:00-04:00,8.3100004196167,8.600000381469727,8.229999542236328,8.300000190734863,984800,0.0,0.0
2022-05-17 00:00:00-04:00,8.479999542236328,8.569999694824219,8.1850004196167,8.510000228881836,728000,0.0,0.0
2022-05-18 00:00:00-04:00,8.380000114440918,8.510000228881836,8.220000267028809,8.3100004196167,701600,0.0,0.0
2022-05-19 00:00:00-04:00,8.369999885559082,8.71500015258789,8.369999885559082,8.5600004196167,812100,0.0,0.0
2022-05-20 00:00:00-04:00,8.680000305175781,8.755000114440918,8.390000343322754,8.720000267028809,1090900,0.0,0.0
2022-05-23 00:00:00-04:00,8.720000267028809,8.755000114440918,8.4399995803833,8.609999656677246,1248900,0.0,0.0
2022-05-24 00:00:00-04:00,8.529999732971191,8.609999656677246,8.279999732971191,8.40999984741211,2217800,0.0,0.0
2022-05-25 00:00:00-04:00,8.399999618530273,8.699999809265137,8.399999618530273,8.649999618530273,777500,0.0,0.0
2022-05-26 00:00:00-04:00,8.569999694824219,8.875,8.569999694824219,8.779999732971191,577400,0.0,0.0
2022-05-27 00:00:00-04:00,8.869999885559082,9.149999618530273,8.84000015258789,9.079999923706055,527500,0.0,0.0
2022-05-31 00:00:00-04:00,9.069999694824219,9.069999694824219,8.779999732971191,8.949999809265137,2545300,0.0,0.0
2022-06-01 00:00:00-04:00,8.970000267028809,9.220000267028809,8.911999702453613,9.119999885559082,998500,0.0,0.0
2022-06-02 00:00:00-04:00,9.109999656677246,9.5,9.109999656677246,9.470000267028809,719300,0.0,0.0
2022-06-03 00:00:00-04:00,9.479999542236328,9.6899995803833,9.390000343322754,9.680000305175781,792200,0.0,0.0
2022-06-06 00:00:00-04:00,9.859999656677246,9.930000305175781,9.3100004196167,9.449999809265137,987000,0.0,0.0
2022-06-07 00:00:00-04:00,9.380000114440918,9.770000457763672,9.324999809265137,9.770000457763672,803900,0.0,0.0
2022-06-08 00:00:00-04:00,9.739999771118164,10.0,9.6850004196167,9.9399995803833,958500,0.0,0.0
2022-06-09 00:00:00-04:00,9.850000381469727,9.920000076293945,9.4399995803833,9.4399995803833,1026600,0.0,0.0
2022-06-10 00:00:00-04:00,9.319999694824219,9.40999984741211,8.779999732971191,8.84000015258789,1002000,0.0,0.0
2022-06-13 00:00:00-04:00,8.59000015258789,8.65999984741211,8.289999961853027,8.319999694824219,734700,0.0,0.0
2022-06-14 00:00:00-04:00,8.380000114440918,8.59000015258789,8.239999771118164,8.5600004196167,1006500,0.0,0.0
2022-06-15 00:00:00-04:00,8.5600004196167,8.970000267028809,8.5600004196167,8.84000015258789,1365100,0.0,0.0
2022-06-16 00:00:00-04:00,8.630000114440918,8.770000457763672,8.270000457763672,8.279999732971191,894500,0.0,0.0
2022-06-17 00:00:00-04:00,8.329999923706055,8.895000457763672,8.3100004196167,8.850000381469727,1141500,0.0,0.0
2022-06-21 00:00:00-04:00,8.930000305175781,9.4399995803833,8.930000305175781,9.239999771118164,1553100,0.0,0.0
2022-06-22 00:00:00-04:00,9.100000381469727,9.579999923706055,9.100000381469727,9.289999961853027,1789200,0.0,0.0
2022-06-23 00:00:00-04:00,9.329999923706055,9.649999618530273,9.3100004196167,9.5,1496700,0.0,0.0
2022-06-24 00:00:00-04:00,9.529999732971191,9.8100004196167,9.414999961853027,9.5,11537800,0.0,0.0
2022-06-27 00:00:00-04:00,9.399999618530273,9.65999984741211,9.319999694824219,9.600000381469727,1210200,0.0,0.0
2022-06-28 00:00:00-04:00,9.640000343322754,9.710000038146973,9.1899995803833,9.220000267028809,924300,0.0,0.0
2022-06-29 00:00:00-04:00,9.1899995803833,9.1899995803833,8.805000305175781,9.010000228881836,834300,0.0,0.0
2022-06-30 00:00:00-04:00,8.869999885559082,9.220000267028809,8.779999732971191,9.199999809265137,892300,0.0,0.0
2022-07-01 00:00:00-04:00,9.199999809265137,9.479999542236328,9.119999885559082,9.220000267028809,1037800,0.0,0.0
2022-07-05 00:00:00-04:00,9.09000015258789,9.460000038146973,8.90999984741211,9.460000038146973,1137100,0.0,0.0
2022-07-06 00:00:00-04:00,9.359999656677246,9.520000457763672,9.260000228881836,9.279999732971191,644900,0.0,0.0
2022-07-07 00:00:00-04:00,9.319999694824219,9.609999656677246,9.319999694824219,9.579999923706055,830800,0.0,0.0
2022-07-08 00:00:00-04:00,9.579999923706055,9.8100004196167,9.460000038146973,9.75,1077100,0.0,0.0
2022-07-11 00:00:00-04:00,9.739999771118164,9.75,9.375,9.5,712300,0.0,0.0
2022-07-12 00:00:00-04:00,9.539999961853027,9.539999961853027,9.039999961853027,9.109999656677246,627400,0.0,0.0
2022-07-13 00:00:00-04:00,9.199999809265137,9.265000343322754,8.949999809265137,9.220000267028809,1030600,0.0,0.0
2022-07-14 00:00:00-04:00,9.09000015258789,9.180000305175781,8.930000305175781,9.050000190734863,773300,0.0,0.0
2022-07-15 00:00:00-04:00,9.149999618530273,9.25,8.989999771118164,9.199999809265137,871700,0.0,0.0
2022-07-18 00:00:00-04:00,9.229999542236328,9.524999618530273,9.220000267028809,9.3100004196167,681200,0.0,0.0
2022-07-19 00:00:00-04:00,9.40999984741211,9.5,9.295000076293945,9.460000038146973,373000,0.0,0.0
2022-07-20 00:00:00-04:00,9.510000228881836,9.880000114440918,9.444999694824219,9.779999732971191,1105300,0.0,0.0
2022-07-21 00:00:00-04:00,9.800000190734863,9.970000267028809,9.739999771118164,9.960000038146973,849900,0.0,0.0
2022-07-22 00:00:00-04:00,9.960000038146973,9.970000267028809,9.744999885559082,9.800000190734863,472000,0.0,0.0
2022-07-25 00:00:00-04:00,9.819999694824219,9.869999885559082,9.640000343322754,9.760000228881836,429600,0.0,0.0
2022-07-26 00:00:00-04:00,9.720000267028809,9.805000305175781,9.619999885559082,9.649999618530273,632000,0.0,0.0
2022-07-27 00:00:00-04:00,9.75,9.920000076293945,9.694999694824219,9.880000114440918,694400,0.0,0.0
2022-07-28 00:00:00-04:00,9.90999984741211,9.984999656677246,9.779999732971191,9.920000076293945,814600,0.0,0.0
2022-07-29 00:00:00-04:00,9.859999656677246,10.039999961853027,9.800000190734863,9.989999771118164,2289900,0.0,0.0
2022-08-01 00:00:00-04:00,9.859999656677246,10.010000228881836,9.729999542236328,9.930000305175781,1307800,0.0,0.0
2022-08-02 00:00:00-04:00,9.829999923706055,9.979999542236328,9.779999732971191,9.800000190734863,1163200,0.0,0.0
2022-08-03 00:00:00-04:00,9.819999694824219,9.854999542236328,9.710000038146973,9.800000190734863,1548000,0.0,0.0
2022-08-04 00:00:00-04:00,9.8100004196167,9.949999809265137,9.800000190734863,9.90999984741211,1793200,0.0,0.0
2022-08-05 00:00:00-04:00,9.84000015258789,10.1899995803833,9.239999771118164,9.989999771118164,2329000,0.0,0.0
2022-08-08 00:00:00-04:00,9.970000267028809,10.079000473022461,9.65999984741211,9.6899995803833,1852500,0.0,0.0
2022-08-09 00:00:00-04:00,9.649999618530273,9.6899995803833,9.539999961853027,9.670000076293945,795700,0.0,0.0
2022-08-10 00:00:00-04:00,9.890000343322754,10.069999694824219,9.699999809265137,9.84000015258789,1500400,0.0,0.0
2022-08-11 00:00:00-04:00,9.819999694824219,9.949999809265137,9.680000305175781,9.699999809265137,1021000,0.0,0.0
2022-08-12 00:00:00-04:00,9.699999809265137,9.805000305175781,9.5600004196167,9.800000190734863,1081400,0.0,0.0
2022-08-15 00:00:00-04:00,9.800000190734863,9.930000305175781,9.680000305175781,9.869999885559082,1113000,0.0,0.0
2022-08-16 00:00:00-04:00,9.859999656677246,9.960000038146973,9.739999771118164,9.880000114440918,1006500,0.0,0.0
2022-08-17 00:00:00-04:00,9.760000228881836,9.845000267028809,9.654999732971191,9.739999771118164,1052700,0.0,0.0
2022-08-18 00:00:00-04:00,9.619999885559082,9.925000190734863,9.619999885559082,9.789999961853027,1294400,0.0,0.0
2022-08-19 00:00:00-04:00,9.6899995803833,9.729999542236328,9.425000190734863,9.550000190734863,941600,0.0,0.0
2022-08-22 00:00:00-04:00,9.390000343322754,9.430000305175781,9.260000228881836,9.359999656677246,1075300,0.0,0.0
2022-08-23 00:00:00-04:00,9.359999656677246,9.520000457763672,9.319999694824219,9.420000076293945,810300,0.0,0.0
2022-08-24 00:00:00-04:00,9.470000267028809,9.720000267028809,9.430000305175781,9.640000343322754,692800,0.0,0.0
2022-08-25 00:00:00-04:00,9.720000267028809,9.770000457763672,9.555000305175781,9.670000076293945,541100,0.0,0.0
2022-08-26 00:00:00-04:00,9.710000038146973,9.75,9.329999923706055,9.329999923706055,678900,0.0,0.0
2022-08-29 00:00:00-04:00,9.229999542236328,9.524999618530273,9.229999542236328,9.380000114440918,1636900,0.0,0.0
2022-08-30 00:00:00-04:00,9.470000267028809,9.550000190734863,9.34000015258789,9.369999885559082,1045900,0.0,0.0
2022-08-31 00:00:00-04:00,9.420000076293945,9.59000015258789,9.420000076293945,9.5600004196167,1579400,0.0,0.0
2022-09-01 00:00:00-04:00,9.470000267028809,9.470000267028809,9.175000190734863,9.289999961853027,1153700,0.0,0.0
2022-09-02 00:00:00-04:00,9.430000305175781,9.510000228881836,9.25,9.319999694824219,530100,0.0,0.0
2022-09-06 00:00:00-04:00,9.319999694824219,9.515000343322754,9.244999885559082,9.510000228881836,969600,0.0,0.0
2022-09-07 00:00:00-04:00,9.5,9.5600004196167,9.430000305175781,9.5,1536400,0.0,0.0
2022-09-08 00:00:00-04:00,9.4399995803833,9.600000381469727,9.404999732971191,9.539999961853027,928900,0.0,0.0
2022-09-09 00:00:00-04:00,9.600000381469727,9.725000381469727,9.569999694824219,9.65999984741211,1921500,0.0,0.0
2022-09-12 00:00:00-04:00,9.680000305175781,9.78499984741211,9.579999923706055,9.600000381469727,1370100,0.0,0.0
2022-09-13 00:00:00-04:00,9.300000190734863,9.479999542236328,9.239999771118164,9.359999656677246,704900,0.0,0.0
2022-09-14 00:00:00-04:00,9.420000076293945,9.520000457763672,9.289999961853027,9.489999771118164,800800,0.0,0.0
2022-09-15 00:00:00-04:00,9.380000114440918,9.524999618530273,9.149999618530273,9.270000457763672,1179300,0.0,0.0
2022-09-16 00:00:00-04:00,9.140000343322754,9.194999694824219,9.050000190734863,9.100000381469727,4506300,0.0,0.0
2022-09-19 00:00:00-04:00,8.960000038146973,9.09000015258789,8.819999694824219,8.890000343322754,1447300,0.0,0.0
2022-09-20 00:00:00-04:00,8.819999694824219,8.880000114440918,8.649999618530273,8.789999961853027,1110900,0.0,0.0
2022-09-21 00:00:00-04:00,8.90999984741211,9.029999732971191,8.819999694824219,8.880000114440918,742700,0.0,0.0
2022-09-22 00:00:00-04:00,8.880000114440918,8.899999618530273,8.574999809265137,8.640000343322754,692900,0.0,0.0
2022-09-23 00:00:00-04:00,8.529999732971191,8.59000015258789,8.449999809265137,8.479999542236328,2806400,0.0,0.0
2022-09-26 00:00:00-04:00,8.510000228881836,8.680000305175781,8.40999984741211,8.449999809265137,1644000,0.0,0.0
2022-09-27 00:00:00-04:00,8.550000190734863,8.71500015258789,8.539999961853027,8.649999618530273,811900,0.0,0.0
2022-09-28 00:00:00-04:00,8.699999809265137,9.265000343322754,8.699999809265137,9.220000267028809,855900,0.0,0.0
2022-09-29 00:00:00-04:00,9.130000114440918,9.270000457763672,9.024999618530273,9.140000343322754,1040300,0.0,0.0
2022-09-30 00:00:00-04:00,9.149999618530273,9.305000305175781,9.100000381469727,9.100000381469727,788300,0.0,0.0
2022-10-03 00:00:00-04:00,9.140000343322754,9.289999961853027,9.050000190734863,9.239999771118164,1143800,0.0,0.0
2022-10-04 00:00:00-04:00,9.399999618530273,9.515000343322754,9.354999542236328,9.420000076293945,1386700,0.0,0.0
2022-10-05 00:00:00-04:00,9.329999923706055,9.520000457763672,9.319999694824219,9.489999771118164,795100,0.0,0.0
2022-10-06 00:00:00-04:00,9.420000076293945,9.520000457763672,9.375,9.40999984741211,401100,0.0,0.0
2022-10-07 00:00:00-04:00,9.300000190734863,9.300000190734863,9.164999961853027,9.229999542236328,570800,0.0,0.0
2022-10-10 00:00:00-04:00,9.229999542236328,9.229999542236328,8.729999542236328,8.869999885559082,749000,0.0,0.0
2022-10-11 00:00:00-04:00,8.829999923706055,8.829999923706055,8.430000305175781,8.59000015258789,2437100,0.0,0.0
2022-10-12 00:00:00-04:00,8.5600004196167,8.640000343322754,8.475000381469727,8.550000190734863,726200,0.0,0.0
2022-10-13 00:00:00-04:00,8.260000228881836,8.609999656677246,8.194999694824219,8.489999771118164,1892900,0.0,0.0
2022-10-14 00:00:00-04:00,8.619999885559082,8.65999984741211,8.319999694824219,8.329999923706055,1219600,0.0,0.0
2022-10-17 00:00:00-04:00,8.479999542236328,8.744999885559082,8.479999542236328,8.640000343322754,1386400,0.0,0.0
2022-10-18 00:00:00-04:00,8.8100004196167,8.9350004196167,8.734999656677246,8.789999961853027,1177100,0.0,0.0
2022-10-19 00:00:00-04:00,8.710000038146973,8.75,8.529999732971191,8.600000381469727,669800,0.0,0.0
2022-10-20 00:00:00-04:00,8.670000076293945,8.755000114440918,8.489999771118164,8.550000190734863,754500,0.0,0.0
2022-10-21 00:00:00-04:00,8.5,8.550000190734863,8.354999542236328,8.510000228881836,855800,0.0,0.0
2022-10-24 00:00:00-04:00,8.550000190734863,8.630000114440918,8.329999923706055,8.5,889800,0.0,0.0
2022-10-25 00:00:00-04:00,8.569999694824219,9.0,8.569999694824219,8.960000038146973,1340500,0.0,0.0
2022-10-26 00:00:00-04:00,8.90999984741211,9.005000114440918,8.770000457763672,8.84000015258789,784500,0.0,0.0
2022-10-27 00:00:00-04:00,8.899999618530273,9.0600004196167,8.829999923706055,8.960000038146973,933200,0.0,0.0
2022-10-28 00:00:00-04:00,8.880000114440918,9.085000038146973,8.880000114440918,9.079999923706055,731500,0.0,0.0
2022-10-31 00:00:00-04:00,9.050000190734863,9.414999961853027,9.03499984741211,9.329999923706055,1174000,0.0,0.0
2022-11-01 00:00:00-04:00,9.369999885559082,9.4399995803833,9.050000190734863,9.149999618530273,1010700,0.0,0.0
2022-11-02 00:00:00-04:00,9.149999618530273,9.149999618530273,8.864999771118164,8.890000343322754,983200,0.0,0.0
2022-11-03 00:00:00-04:00,8.850000381469727,9.130000114440918,8.84000015258789,8.930000305175781,1102200,0.0,0.0
2022-11-04 00:00:00-04:00,9.149999618530273,9.479999542236328,8.850000381469727,9.100000381469727,2048700,0.0,0.0
2022-11-07 00:00:00-05:00,9.0600004196167,9.324999809265137,8.869999885559082,9.140000343322754,1434200,0.0,0.0
2022-11-08 00:00:00-05:00,9.140000343322754,9.354999542236328,8.954999923706055,9.220000267028809,1320900,0.0,0.0
2022-11-09 00:00:00-05:00,9.199999809265137,9.199999809265137,9.010000228881836,9.039999961853027,993600,0.0,0.0
2022-11-10 00:00:00-05:00,9.4399995803833,9.649999618530273,9.199999809265137,9.25,1327000,0.0,0.0
2022-11-11 00:00:00-05:00,9.270000457763672,9.5,9.15999984741211,9.359999656677246,1100800,0.0,0.0
2022-11-14 00:00:00-05:00,9.319999694824219,9.46500015258789,9.119999885559082,9.350000381469727,975800,0.0,0.0
2022-11-15 00:00:00-05:00,9.539999961853027,9.59000015258789,9.095000267028809,9.140000343322754,1006100,0.0,0.0
2022-11-16 00:00:00-05:00,9.119999885559082,9.119999885559082,8.96500015258789,8.979999542236328,753300,0.0,0.0
2022-11-17 00:00:00-05:00,8.819999694824219,8.9350004196167,8.670000076293945,8.739999771118164,775100,0.0,0.0
2022-11-18 00:00:00-05:00,8.850000381469727,8.850000381469727,8.720000267028809,8.75,578900,0.0,0.0
2022-11-21 00:00:00-05:00,8.729999542236328,8.8100004196167,8.600000381469727,8.729999542236328,660700,0.0,0.0
2022-11-22 00:00:00-05:00,8.800000190734863,8.90999984741211,8.630000114440918,8.890000343322754,368300,0.0,0.0
2022-11-23 00:00:00-05:00,8.899999618530273,9.140000343322754,8.880000114440918,9.029999732971191,442400,0.0,0.0
2022-11-25 00:00:00-05:00,9.029999732971191,9.109999656677246,8.949999809265137,9.039999961853027,225000,0.0,0.0
2022-11-28 00:00:00-05:00,8.989999771118164,9.119999885559082,8.850000381469727,8.859999656677246,710000,0.0,0.0
2022-11-29 00:00:00-05:00,8.869999885559082,9.0,8.835000038146973,8.880000114440918,592000,0.0,0.0
2022-11-30 00:00:00-05:00,8.880000114440918,9.199999809265137,8.805000305175781,9.199999809265137,673600,0.0,0.0
2022-12-01 00:00:00-05:00,9.220000267028809,9.350000381469727,9.180000305175781,9.220000267028809,825200,0.0,0.0
2022-12-02 00:00:00-05:00,9.029999732971191,9.15999984741211,8.984999656677246,9.149999618530273,517500,0.0,0.0
2022-12-05 00:00:00-05:00,9.130000114440918,9.130000114440918,8.680000305175781,8.739999771118164,687100,0.0,0.0
2022-12-06 00:00:00-05:00,8.729999542236328,8.739999771118164,8.404999732971191,8.539999961853027,795600,0.0,0.0
2022-12-07 00:00:00-05:00,8.510000228881836,8.729999542236328,8.479999542236328,8.6899995803833,955600,0.0,0.0
2022-12-08 00:00:00-05:00,8.699999809265137,9.0,8.670000076293945,8.9399995803833,790200,0.0,0.0
2022-12-09 00:00:00-05:00,8.899999618530273,9.010000228881836,8.895000457763672,8.930000305175781,572200,0.0,0.0
2022-12-12 00:00:00-05:00,8.949999809265137,9.029999732971191,8.869999885559082,8.899999618530273,1515300,0.0,0.0
2022-12-13 00:00:00-05:00,9.149999618530273,9.1899995803833,8.829999923706055,8.989999771118164,1578300,0.0,0.0
2022-12-14 00:00:00-05:00,8.989999771118164,9.154999732971191,8.899999618530273,8.899999618530273,917200,0.0,0.0
2022-12-15 00:00:00-05:00,8.8100004196167,8.869999885559082,8.760000228881836,8.789999961853027,1157000,0.0,0.0
2022-12-16 00:00:00-05:00,8.710000038146973,8.845000267028809,8.65999984741211,8.789999961853027,1003400,0.0,0.0
2022-12-19 00:00:00-05:00,8.770000457763672,8.859999656677246,8.40999984741211,8.729999542236328,1563000,0.0,0.0
2022-12-20 00:00:00-05:00,8.8100004196167,8.84000015258789,8.539999961853027,8.789999961853027,1183900,0.0,0.0
2022-12-21 00:00:00-05:00,8.800000190734863,9.050000190734863,8.59000015258789,8.920000076293945,1146800,0.0,0.0
2022-12-22 00:00:00-05:00,8.84000015258789,9.178999900817871,8.6850004196167,8.829999923706055,569800,0.0,0.0
2022-12-23 00:00:00-05:00,8.819999694824219,8.895000457763672,8.734999656677246,8.819999694824219,366800,0.0,0.0
2022-12-27 00:00:00-05:00,8.829999923706055,8.890000343322754,8.5,8.6899995803833,721000,0.0,0.0
2022-12-28 00:00:00-05:00,8.670000076293945,8.739999771118164,8.239999771118164,8.5600004196167,582900,0.0,0.0
2022-12-29 00:00:00-05:00,8.579999923706055,8.890000343322754,8.470000267028809,8.84000015258789,594900,0.0,0.0
2022-12-30 00:00:00-05:00,8.739999771118164,8.859999656677246,8.65999984741211,8.699999809265137,488200,0.0,0.0
2023-01-03 00:00:00-05:00,8.84000015258789,8.920000076293945,8.470000267028809,8.739999771118164,541800,0.0,0.0
2023-01-04 00:00:00-05:00,8.8100004196167,8.875,8.680000305175781,8.770000457763672,773400,0.0,0.0
2023-01-05 00:00:00-05:00,8.729999542236328,8.729999542236328,8.510000228881836,8.529999732971191,522700,0.0,0.0
2023-01-06 00:00:00-05:00,8.550000190734863,8.609999656677246,8.350000381469727,8.399999618530273,1411300,0.0,0.0
2023-01-09 00:00:00-05:00,8.470000267028809,8.699999809265137,8.40999984741211,8.529999732971191,901200,0.0,0.0
2023-01-10 00:00:00-05:00,8.510000228881836,8.545000076293945,8.3149995803833,8.350000381469727,961900,0.0,0.0
2023-01-11 00:00:00-05:00,8.350000381469727,8.579999923706055,8.300000190734863,8.579999923706055,657000,0.0,0.0
2023-01-12 00:00:00-05:00,8.579999923706055,8.664999961853027,8.470000267028809,8.640000343322754,329200,0.0,0.0
2023-01-13 00:00:00-05:00,8.600000381469727,8.6899995803833,8.569999694824219,8.6899995803833,274900,0.0,0.0
2023-01-17 00:00:00-05:00,8.649999618530273,8.770000457763672,8.630000114440918,8.739999771118164,776000,0.0,0.0
2023-01-18 00:00:00-05:00,8.739999771118164,8.895000457763672,8.600000381469727,8.609999656677246,681400,0.0,0.0
2023-01-19 00:00:00-05:00,8.569999694824219,8.6899995803833,8.510000228881836,8.510000228881836,347000,0.0,0.0
2023-01-20 00:00:00-05:00,8.600000381469727,8.734999656677246,8.520000457763672,8.65999984741211,862300,0.0,0.0
2023-01-23 00:00:00-05:00,8.710000038146973,8.850000381469727,8.649999618530273,8.800000190734863,511400,0.0,0.0
2023-01-24 00:00:00-05:00,8.789999961853027,8.920000076293945,8.75,8.869999885559082,637100,0.0,0.0
2023-01-25 00:00:00-05:00,8.770000457763672,8.895000457763672,8.625,8.869999885559082,564900,0.0,0.0
2023-01-26 00:00:00-05:00,8.899999618530273,9.1850004196167,8.899999618530273,9.149999618530273,663700,0.0,0.0
2023-01-27 00:00:00-05:00,9.180000305175781,9.34000015258789,9.097999572753906,9.279999732971191,467300,0.0,0.0
2023-01-30 00:00:00-05:00,9.15999984741211,9.239999771118164,9.119999885559082,9.170000076293945,353900,0.0,0.0
2023-01-31 00:00:00-05:00,9.180000305175781,9.289999961853027,9.180000305175781,9.25,371200,0.0,0.0
2023-02-01 00:00:00-05:00,9.229999542236328,9.4350004196167,9.15999984741211,9.40999984741211,383600,0.0,0.0
2023-02-02 00:00:00-05:00,9.449999809265137,9.640000343322754,9.444999694824219,9.579999923706055,595600,0.0,0.0
2023-02-03 00:00:00-05:00,9.420000076293945,9.454999923706055,9.305000305175781,9.350000381469727,383200,0.0,0.0
2023-02-06 00:00:00-05:00,9.229999542236328,9.3100004196167,9.180000305175781,9.239999771118164,323300,0.0,0.0
2023-02-07 00:00:00-05:00,9.15999984741211,9.338000297546387,9.109999656677246,9.329999923706055,349600,0.0,0.0
2023-02-08 00:00:00-05:00,9.25,9.40999984741211,9.25,9.390000343322754,521400,0.0,0.0
2023-02-09 00:00:00-05:00,9.449999809265137,9.5,9.15999984741211,9.239999771118164,573200,0.0,0.0
2023-02-10 00:00:00-05:00,9.210000038146973,9.380000114440918,9.140000343322754,9.3100004196167,992500,0.0,0.0
2023-02-13 00:00:00-05:00,9.319999694824219,9.5,9.279999732971191,9.359999656677246,982800,0.0,0.0
2023-02-14 00:00:00-05:00,9.270000457763672,9.489999771118164,9.229999542236328,9.449999809265137,931500,0.0,0.0
2023-02-15 00:00:00-05:00,9.380000114440918,9.510000228881836,9.28499984741211,9.460000038146973,290200,0.0,0.0
2023-02-16 00:00:00-05:00,9.329999923706055,9.390000343322754,9.15999984741211,9.239999771118164,290600,0.0,0.0
2023-02-17 00:00:00-05:00,9.140000343322754,9.220000267028809,9.09000015258789,9.15999984741211,350700,0.0,0.0
2023-02-21 00:00:00-05:00,9.0600004196167,9.289999961853027,8.979999542236328,9.039999961853027,421300,0.0,0.0
2023-02-22 00:00:00-05:00,9.0600004196167,9.170000076293945,8.960000038146973,9.0600004196167,679200,0.0,0.0
2023-02-23 00:00:00-05:00,9.170000076293945,9.170000076293945,8.989999771118164,9.109999656677246,320300,0.0,0.0
2023-02-24 00:00:00-05:00,8.970000267028809,9.020000457763672,8.859999656677246,9.0,496100,0.0,0.0
2023-02-27 00:00:00-05:00,9.020000457763672,9.09000015258789,8.899999618530273,9.039999961853027,388100,0.0,0.0
2023-02-28 00:00:00-05:00,8.989999771118164,9.114999771118164,8.880000114440918,8.960000038146973,960600,0.0,0.0
2023-03-01 00:00:00-05:00,8.960000038146973,8.96500015258789,8.864999771118164,8.920000076293945,1134800,0.0,0.0
2023-03-02 00:00:00-05:00,8.960000038146973,9.1899995803833,8.6899995803833,8.720000267028809,1219100,0.0,0.0
2023-03-03 00:00:00-05:00,8.75,9.0,8.739999771118164,8.789999961853027,1367100,0.0,0.0
2023-03-06 00:00:00-05:00,8.75,9.0,8.75,8.880000114440918,2084600,0.0,0.0
2023-03-07 00:00:00-05:00,8.899999618530273,8.90999984741211,8.734999656677246,8.84000015258789,1533200,0.0,0.0
2023-03-08 00:00:00-05:00,8.84000015258789,8.880000114440918,8.694999694824219,8.729999542236328,1652700,0.0,0.0
2023-03-09 00:00:00-05:00,8.729999542236328,8.8149995803833,8.595000267028809,8.649999618530273,1235800,0.0,0.0
2023-03-10 00:00:00-05:00,8.630000114440918,8.670000076293945,8.420000076293945,8.449999809265137,1340900,0.0,0.0
2023-03-13 00:00:00-04:00,8.329999923706055,8.774999618530273,8.329999923706055,8.600000381469727,1008100,0.0,0.0
2023-03-14 00:00:00-04:00,8.710000038146973,9.0,8.5,8.609999656677246,1110100,0.0,0.0
2023-03-15 00:00:00-04:00,8.460000038146973,8.789999961853027,8.460000038146973,8.779999732971191,1097400,0.0,0.0
2023-03-16 00:00:00-04:00,8.760000228881836,9.010000228881836,8.760000228881836,8.9399995803833,2115900,0.0,0.0
2023-03-17 00:00:00-04:00,8.9399995803833,9.020000457763672,8.520000457763672,8.880000114440918,1633100,0.0,0.0
2023-03-20 00:00:00-04:00,8.899999618530273,8.90999984741211,8.779999732971191,8.859999656677246,863700,0.0,0.0
2023-03-21 00:00:00-04:00,8.899999618530273,8.949999809265137,8.779999732971191,8.859999656677246,796200,0.0,0.0
2023-03-22 00:00:00-04:00,8.869999885559082,8.930000305175781,8.6899995803833,8.710000038146973,1770700,0.0,0.0
2023-03-23 00:00:00-04:00,8.789999961853027,8.920000076293945,8.65999984741211,8.699999809265137,878000,0.0,0.0
2023-03-24 00:00:00-04:00,8.65999984741211,8.739999771118164,8.600000381469727,8.739999771118164,830900,0.0,0.0
2023-03-27 00:00:00-04:00,8.770000457763672,8.875,8.510000228881836,8.520000457763672,943500,0.0,0.0
2023-03-28 00:00:00-04:00,8.5,8.529999732971191,8.359999656677246,8.399999618530273,699300,0.0,0.0
2023-03-29 00:00:00-04:00,8.449999809265137,8.65999984741211,8.4350004196167,8.649999618530273,660900,0.0,0.0
2023-03-30 00:00:00-04:00,8.6899995803833,8.760000228881836,8.619999885559082,8.680000305175781,505200,0.0,0.0
2023-03-31 00:00:00-04:00,8.729999542236328,9.029999732971191,8.680000305175781,8.970000267028809,755200,0.0,0.0
2023-04-03 00:00:00-04:00,8.970000267028809,8.970000267028809,8.829999923706055,8.9399995803833,656400,0.0,0.0
2023-04-04 00:00:00-04:00,8.9399995803833,9.0600004196167,8.760000228881836,8.8100004196167,493200,0.0,0.0
2023-04-05 00:00:00-04:00,8.819999694824219,8.819999694824219,8.600000381469727,8.699999809265137,551400,0.0,0.0
2023-04-06 00:00:00-04:00,8.640000343322754,8.71500015258789,8.579999923706055,8.680000305175781,375800,0.0,0.0
2023-04-10 00:00:00-04:00,8.640000343322754,8.739999771118164,8.539999961853027,8.6899995803833,839900,0.0,0.0
2023-04-11 00:00:00-04:00,8.630000114440918,8.699999809265137,8.569999694824219,8.640000343322754,583000,0.0,0.0
2023-04-12 00:00:00-04:00,8.680000305175781,8.744999885559082,8.574999809265137,8.579999923706055,412700,0.0,0.0
2023-04-13 00:00:00-04:00,8.760000228881836,8.949999809265137,8.710000038146973,8.90999984741211,762700,0.0,0.0
2023-04-14 00:00:00-04:00,8.899999618530273,8.960000038146973,8.760000228881836,8.829999923706055,390300,0.0,0.0
2023-04-17 00:00:00-04:00,8.829999923706055,8.930000305175781,8.800000190734863,8.899999618530273,382300,0.0,0.0
2023-04-18 00:00:00-04:00,8.949999809265137,8.949999809265137,8.829999923706055,8.859999656677246,325600,0.0,0.0
2023-04-19 00:00:00-04:00,8.829999923706055,8.960000038146973,8.8100004196167,8.899999618530273,440200,0.0,0.0
2023-04-20 00:00:00-04:00,8.890000343322754,8.9350004196167,8.8100004196167,8.899999618530273,479400,0.0,0.0
2023-04-21 00:00:00-04:00,8.899999618530273,9.079999923706055,8.899999618530273,9.050000190734863,534300,0.0,0.0
2023-04-24 00:00:00-04:00,9.020000457763672,9.0600004196167,8.854999542236328,8.880000114440918,411100,0.0,0.0
2023-04-25 00:00:00-04:00,8.84000015258789,8.84000015258789,8.675000190734863,8.699999809265137,505400,0.0,0.0
2023-04-26 00:00:00-04:00,8.739999771118164,8.930000305175781,8.579999923706055,8.59000015258789,513200,0.0,0.0
2023-04-27 00:00:00-04:00,8.65999984741211,8.774999618530273,8.59000015258789,8.739999771118164,550600,0.0,0.0
2023-04-28 00:00:00-04:00,8.710000038146973,8.71500015258789,8.600000381469727,8.680000305175781,581700,0.0,0.0
2023-05-01 00:00:00-04:00,8.680000305175781,8.777999877929688,8.604999542236328,8.699999809265137,525600,0.0,0.0
2023-05-02 00:00:00-04:00,8.699999809265137,8.739999771118164,8.569999694824219,8.600000381469727,657000,0.0,0.0
2023-05-03 00:00:00-04:00,8.739999771118164,9.640000343322754,8.420000076293945,9.170000076293945,2399000,0.0,0.0
2023-05-04 00:00:00-04:00,9.1899995803833,9.489999771118164,8.890000343322754,9.350000381469727,2035600,0.0,0.0
2023-05-05 00:00:00-04:00,9.40999984741211,9.425000190734863,8.739999771118164,8.930000305175781,2277100,0.0,0.0
2023-05-08 00:00:00-04:00,8.8100004196167,9.154999732971191,8.8100004196167,9.079999923706055,841000,0.0,0.0
2023-05-09 00:00:00-04:00,9.069999694824219,9.25,9.0,9.15999984741211,819500,0.0,0.0
2023-05-10 00:00:00-04:00,9.199999809265137,9.350000381469727,9.09000015258789,9.239999771118164,826900,0.0,0.0
2023-05-11 00:00:00-04:00,9.300000190734863,9.300000190734863,9.095000267028809,9.25,1721900,0.0,0.0
2023-05-12 00:00:00-04:00,9.300000190734863,9.5,9.15999984741211,9.399999618530273,1375900,0.0,0.0
2023-05-15 00:00:00-04:00,9.40999984741211,9.460000038146973,9.300000190734863,9.40999984741211,879900,0.0,0.0
2023-05-16 00:00:00-04:00,9.380000114440918,9.640000343322754,9.260000228881836,9.640000343322754,1066700,0.0,0.0
2023-05-17 00:00:00-04:00,9.649999618530273,9.670000076293945,9.380000114440918,9.510000228881836,1011300,0.0,0.0
2023-05-18 00:00:00-04:00,9.520000457763672,9.600000381469727,9.484999656677246,9.59000015258789,613100,0.0,0.0
2023-05-19 00:00:00-04:00,9.680000305175781,9.904999732971191,9.319999694824219,9.859999656677246,1939700,0.0,0.0
2023-05-22 00:00:00-04:00,9.899999618530273,10.010000228881836,9.84000015258789,9.920000076293945,1345000,0.0,0.0
2023-05-23 00:00:00-04:00,10.229999542236328,10.5649995803833,9.979999542236328,10.0,2030800,0.0,0.0
2023-05-24 00:00:00-04:00,9.979999542236328,10.300000190734863,9.960000038146973,10.140000343322754,1413800,0.0,0.0
2023-05-25 00:00:00-04:00,10.050000190734863,10.460000038146973,10.0,10.369999885559082,1993200,0.0,0.0
2023-05-26 00:00:00-04:00,10.369999885559082,10.529999732971191,10.260000228881836,10.479999542236328,1105900,0.0,0.0
2023-05-30 00:00:00-04:00,10.5,10.899999618530273,10.430000305175781,10.880000114440918,1666500,0.0,0.0
2023-05-31 00:00:00-04:00,10.819999694824219,11.024999618530273,10.635000228881836,10.9399995803833,3375800,0.0,0.0
2023-06-01 00:00:00-04:00,10.920000076293945,11.199999809265137,10.779999732971191,11.149999618530273,1670300,0.0,0.0
2023-06-02 00:00:00-04:00,11.140000343322754,11.1899995803833,10.930000305175781,11.100000381469727,1915400,0.0,0.0
2023-06-05 00:00:00-04:00,11.050000190734863,11.335000038146973,11.050000190734863,11.260000228881836,1361200,0.0,0.0
2023-06-06 00:00:00-04:00,11.300000190734863,11.399999618530273,11.170000076293945,11.260000228881836,1135600,0.0,0.0
2023-06-07 00:00:00-04:00,11.300000190734863,11.359999656677246,10.90999984741211,10.930000305175781,1209300,0.0,0.0
2023-06-08 00:00:00-04:00,10.970000267028809,11.15999984741211,10.960000038146973,11.0600004196167,1270100,0.0,0.0
2023-06-09 00:00:00-04:00,11.069999694824219,11.1899995803833,10.979999542236328,11.0,1070600,0.0,0.0
2023-06-12 00:00:00-04:00,11.020000457763672,11.15999984741211,10.960000038146973,11.119999885559082,1612600,0.0,0.0
2023-06-13 00:00:00-04:00,11.199999809265137,11.25,11.039999961853027,11.050000190734863,945200,0.0,0.0
2023-06-14 00:00:00-04:00,11.010000228881836,11.069999694824219,10.930000305175781,11.0,1870600,0.0,0.0
2023-06-15 00:00:00-04:00,10.550000190734863,10.895000457763672,10.539999961853027,10.829999923706055,2648100,0.0,0.0
2023-06-16 00:00:00-04:00,10.979999542236328,11.024999618530273,10.8100004196167,10.899999618530273,2812100,0.0,0.0
2023-06-20 00:00:00-04:00,10.8100004196167,11.010000228881836,10.760000228881836,10.800000190734863,1479200,0.0,0.0
2023-06-21 00:00:00-04:00,10.760000228881836,10.850000381469727,10.65999984741211,10.720000267028809,1546800,0.0,0.0
2023-06-22 00:00:00-04:00,10.680000305175781,10.71500015258789,10.614999771118164,10.630000114440918,604700,0.0,0.0
2023-06-23 00:00:00-04:00,10.59000015258789,10.970000267028809,10.539999961853027,10.859999656677246,5700500,0.0,0.0
2023-06-26 00:00:00-04:00,10.829999923706055,10.890000343322754,10.739999771118164,10.850000381469727,1028900,0.0,0.0
2023-06-27 00:00:00-04:00,10.920000076293945,11.114999771118164,10.899999618530273,10.989999771118164,1593500,0.0,0.0
2023-06-28 00:00:00-04:00,10.930000305175781,11.045000076293945,10.899999618530273,10.989999771118164,679100,0.0,0.0
2023-06-29 00:00:00-04:00,10.989999771118164,11.079999923706055,10.960000038146973,11.069999694824219,761000,0.0,0.0
2023-06-30 00:00:00-04:00,11.079999923706055,11.260000228881836,11.0,11.210000038146973,3473600,0.0,0.0
2023-07-03 00:00:00-04:00,11.109999656677246,11.210000038146973,11.0,11.100000381469727,647400,0.0,0.0
2023-07-05 00:00:00-04:00,11.09000015258789,11.109999656677246,10.930000305175781,10.970000267028809,1046900,0.0,0.0
2023-07-06 00:00:00-04:00,10.899999618530273,10.920000076293945,10.739999771118164,10.760000228881836,1024700,0.0,0.0
2023-07-07 00:00:00-04:00,10.779999732971191,10.859999656677246,10.600000381469727,10.619999885559082,853100,0.0,0.0
2023-07-10 00:00:00-04:00,10.640000343322754,10.779999732971191,10.59000015258789,10.729999542236328,1976900,0.0,0.0
2023-07-11 00:00:00-04:00,10.720000267028809,10.829999923706055,10.609999656677246,10.649999618530273,1038300,0.0,0.0
2023-07-12 00:00:00-04:00,10.699999809265137,10.699999809265137,10.520000457763672,10.579999923706055,1567400,0.0,0.0
2023-07-13 00:00:00-04:00,10.640000343322754,10.90999984741211,10.640000343322754,10.789999961853027,1060400,0.0,0.0
2023-07-14 00:00:00-04:00,10.800000190734863,10.8100004196167,10.5649995803833,10.619999885559082,996200,0.0,0.0
2023-07-17 00:00:00-04:00,10.65999984741211,11.109999656677246,10.619999885559082,11.09000015258789,1905200,0.0,0.0
2023-07-18 00:00:00-04:00,10.569999694824219,10.774999618530273,10.369999885559082,10.760000228881836,6728400,0.0,0.0
2023-07-19 00:00:00-04:00,10.84000015258789,10.90999984741211,10.649999618530273,10.770000457763672,2052000,0.0,0.0
2023-07-20 00:00:00-04:00,10.760000228881836,10.829999923706055,10.649999618530273,10.680000305175781,1161100,0.0,0.0
2023-07-21 00:00:00-04:00,10.720000267028809,10.9399995803833,10.680000305175781,10.869999885559082,1703100,0.0,0.0
2023-07-24 00:00:00-04:00,10.859999656677246,10.890000343322754,10.614999771118164,10.760000228881836,1429100,0.0,0.0
2023-07-25 00:00:00-04:00,10.789999961853027,10.960000038146973,10.75100040435791,10.90999984741211,1213600,0.0,0.0
2023-07-26 00:00:00-04:00,10.890000343322754,10.90999984741211,10.800000190734863,10.859999656677246,940500,0.0,0.0
2023-07-27 00:00:00-04:00,10.869999885559082,10.970000267028809,10.6899995803833,10.75,954400,0.0,0.0
2023-07-28 00:00:00-04:00,10.800000190734863,10.914999961853027,10.800000190734863,10.869999885559082,601400,0.0,0.0
2023-07-31 00:00:00-04:00,10.880000114440918,11.029999732971191,10.880000114440918,11.020000457763672,775500,0.0,0.0
2023-08-01 00:00:00-04:00,11.0,11.0,10.805000305175781,10.989999771118164,1225300,0.0,0.0
2023-08-02 00:00:00-04:00,11.0,11.239999771118164,10.699999809265137,10.770000457763672,2782600,0.0,0.0
2023-08-03 00:00:00-04:00,10.760000228881836,10.960000038146973,10.729999542236328,10.75,1474200,0.0,0.0
2023-08-04 00:00:00-04:00,10.789999961853027,10.970000267028809,10.600000381469727,10.670000076293945,3015900,0.0,0.0
2023-08-07 00:00:00-04:00,10.720000267028809,10.75,10.479999542236328,10.619999885559082,979000,0.0,0.0
2023-08-08 00:00:00-04:00,10.5600004196167,10.569999694824219,10.380000114440918,10.5600004196167,977000,0.0,0.0
2023-08-09 00:00:00-04:00,10.529999732971191,10.630000114440918,10.420000076293945,10.470000267028809,933400,0.0,0.0
2023-08-10 00:00:00-04:00,10.550000190734863,10.609999656677246,10.475000381469727,10.510000228881836,810900,0.0,0.0
2023-08-11 00:00:00-04:00,10.430000305175781,10.550000190734863,10.40999984741211,10.529999732971191,849600,0.0,0.0
2023-08-14 00:00:00-04:00,10.539999961853027,10.710000038146973,10.475000381469727,10.640000343322754,1332100,0.0,0.0
2023-08-15 00:00:00-04:00,10.699999809265137,10.765000343322754,10.579999923706055,10.729999542236328,1089200,0.0,0.0
2023-08-16 00:00:00-04:00,10.699999809265137,10.965999603271484,10.699999809265137,10.890000343322754,1107900,0.0,0.0
2023-08-17 00:00:00-04:00,10.90999984741211,10.920000076293945,10.649999618530273,10.6899995803833,3006000,0.0,0.0
2023-08-18 00:00:00-04:00,10.640000343322754,10.670000076293945,10.460000038146973,10.609999656677246,1382000,0.0,0.0
2023-08-21 00:00:00-04:00,10.630000114440918,10.770000457763672,10.619999885559082,10.6899995803833,969200,0.0,0.0
2023-08-22 00:00:00-04:00,10.739999771118164,10.779999732971191,10.680000305175781,10.699999809265137,740200,0.0,0.0
2023-08-23 00:00:00-04:00,10.760000228881836,10.8100004196167,10.6850004196167,10.75,874700,0.0,0.0
2023-08-24 00:00:00-04:00,10.770000457763672,10.770000457763672,10.4399995803833,10.460000038146973,1078700,0.0,0.0
2023-08-25 00:00:00-04:00,10.449999809265137,10.569000244140625,10.430000305175781,10.470000267028809,890200,0.0,0.0
2023-08-28 00:00:00-04:00,10.479999542236328,10.595000267028809,10.475000381469727,10.520000457763672,900300,0.0,0.0
2023-08-29 00:00:00-04:00,10.510000228881836,10.550000190734863,10.449999809265137,10.510000228881836,842300,0.0,0.0
2023-08-30 00:00:00-04:00,10.5,10.6899995803833,10.479999542236328,10.65999984741211,827400,0.0,0.0
2023-08-31 00:00:00-04:00,10.65999984741211,10.760000228881836,10.649999618530273,10.699999809265137,1053900,0.0,0.0
2023-09-01 00:00:00-04:00,10.739999771118164,10.800000190734863,10.319999694824219,10.729999542236328,864800,0.0,0.0
2023-09-05 00:00:00-04:00,10.729999542236328,10.979999542236328,10.6899995803833,10.84000015258789,1278400,0.0,0.0
2023-09-06 00:00:00-04:00,10.84000015258789,10.970000267028809,10.835000038146973,10.949999809265137,948700,0.0,0.0
2023-09-07 00:00:00-04:00,10.899999618530273,10.944999694824219,10.795000076293945,10.899999618530273,1282500,0.0,0.0
2023-09-08 00:00:00-04:00,10.890000343322754,11.020000457763672,10.850000381469727,10.869999885559082,1341300,0.0,0.0
2023-09-11 00:00:00-04:00,10.90999984741211,11.079999923706055,10.90999984741211,10.989999771118164,1475400,0.0,0.0
2023-09-12 00:00:00-04:00,10.930000305175781,11.09000015258789,10.829999923706055,10.970000267028809,1388100,0.0,0.0
2023-09-13 00:00:00-04:00,10.970000267028809,11.149999618530273,10.78499984741211,11.130000114440918,2172700,0.0,0.0
2023-09-14 00:00:00-04:00,11.149999618530273,11.279999732971191,11.109999656677246,11.260000228881836,2075900,0.0,0.0
2023-09-15 00:00:00-04:00,11.239999771118164,11.5649995803833,11.170000076293945,11.510000228881836,12905400,0.0,0.0
2023-09-18 00:00:00-04:00,12.010000228881836,12.649999618530273,11.9399995803833,11.960000038146973,10322400,0.0,0.0
2023-09-19 00:00:00-04:00,11.90999984741211,11.949999809265137,11.699999809265137,11.8100004196167,3279200,0.0,0.0
2023-09-20 00:00:00-04:00,11.920000076293945,12.09000015258789,11.760000228881836,11.779999732971191,1793200,0.0,0.0
2023-09-21 00:00:00-04:00,11.65999984741211,11.779999732971191,11.5600004196167,11.609999656677246,1871900,0.0,0.0
2023-09-22 00:00:00-04:00,11.710000038146973,11.800000190734863,11.550000190734863,11.75,1245700,0.0,0.0
2023-09-25 00:00:00-04:00,11.710000038146973,11.739999771118164,11.489999771118164,11.65999984741211,2252600,0.0,0.0
2023-09-26 00:00:00-04:00,11.649999618530273,11.770000457763672,11.539999961853027,11.619999885559082,2317500,0.0,0.0
2023-09-27 00:00:00-04:00,11.630000114440918,12.1899995803833,11.630000114440918,12.15999984741211,2577100,0.0,0.0
2023-09-28 00:00:00-04:00,12.15999984741211,12.430000305175781,12.050000190734863,12.40999984741211,3084500,0.0,0.0
2023-09-29 00:00:00-04:00,12.630000114440918,13.40999984741211,12.59000015258789,13.350000381469727,7236900,0.0,0.0
2023-10-02 00:00:00-04:00,13.350000381469727,13.350000381469727,12.895000457763672,12.9399995803833,6781700,0.0,0.0
2023-10-03 00:00:00-04:00,12.869999885559082,12.989999771118164,12.619999885559082,12.640000343322754,2796400,0.0,0.0
2023-10-04 00:00:00-04:00,12.640000343322754,12.819999694824219,12.640000343322754,12.75,1943700,0.0,0.0
2023-10-05 00:00:00-04:00,12.710000038146973,12.895000457763672,12.640000343322754,12.699999809265137,2810300,0.0,0.0
2023-10-06 00:00:00-04:00,12.609999656677246,12.890000343322754,12.529999732971191,12.760000228881836,3108500,0.0,0.0
2023-10-09 00:00:00-04:00,12.729999542236328,12.75,12.569999694824219,12.75,1899200,0.0,0.0
2023-10-10 00:00:00-04:00,12.75,13.010000228881836,12.6899995803833,12.819999694824219,1866900,0.0,0.0
2023-10-11 00:00:00-04:00,12.84000015258789,12.920000076293945,12.654999732971191,12.739999771118164,1614200,0.0,0.0
2023-10-12 00:00:00-04:00,12.770000457763672,12.770000457763672,12.510000228881836,12.520000457763672,1499200,0.0,0.0
2023-10-13 00:00:00-04:00,12.539999961853027,12.569999694824219,12.289999961853027,12.300000190734863,3910600,0.0,0.0
2023-10-16 00:00:00-04:00,12.329999923706055,12.460000038146973,12.225000381469727,12.4399995803833,2564000,0.0,0.0
2023-10-17 00:00:00-04:00,12.3100004196167,12.760000228881836,12.3100004196167,12.699999809265137,2735700,0.0,0.0
2023-10-18 00:00:00-04:00,12.640000343322754,12.829999923706055,12.510000228881836,12.510000228881836,1559000,0.0,0.0
2023-10-19 00:00:00-04:00,12.5,12.729999542236328,12.430000305175781,12.470000267028809,894800,0.0,0.0
2023-10-20 00:00:00-04:00,12.399999618530273,12.479999542236328,12.074999809265137,12.329999923706055,1641900,0.0,0.0
2023-10-23 00:00:00-04:00,12.300000190734863,12.420000076293945,12.1850004196167,12.239999771118164,2411500,0.0,0.0
2023-10-24 00:00:00-04:00,12.319999694824219,12.484999656677246,11.119999885559082,11.460000038146973,7956500,0.0,0.0
2023-10-25 00:00:00-04:00,11.430000305175781,11.4399995803833,11.079999923706055,11.09000015258789,2148000,0.0,0.0
2023-10-26 00:00:00-04:00,11.079999923706055,11.140000343322754,10.880000114440918,10.930000305175781,2030200,0.0,0.0
2023-10-27 00:00:00-04:00,10.9399995803833,10.975000381469727,10.744999885559082,10.770000457763672,1674900,0.0,0.0
2023-10-30 00:00:00-04:00,10.819999694824219,10.880000114440918,10.569999694824219,10.6899995803833,1737100,0.0,0.0
2023-10-31 00:00:00-04:00,10.720000267028809,10.8100004196167,10.630000114440918,10.770000457763672,1555200,0.0,0.0
2023-11-01 00:00:00-04:00,10.880000114440918,10.880000114440918,10.649999618530273,10.739999771118164,1565300,0.0,0.0
2023-11-02 00:00:00-04:00,10.850000381469727,10.904999732971191,10.729999542236328,10.779999732971191,1416300,0.0,0.0
2023-11-03 00:00:00-04:00,10.819999694824219,10.9399995803833,10.75,10.930000305175781,1596100,0.0,0.0
2023-11-06 00:00:00-05:00,11.050000190734863,11.050000190734863,10.824999809265137,10.899999618530273,1642000,0.0,0.0
2023-11-07 00:00:00-05:00,11.34000015258789,11.989999771118164,11.1899995803833,11.65999984741211,4220800,0.0,0.0
2023-11-08 00:00:00-05:00,11.680000305175781,11.755000114440918,11.5,11.6899995803833,1511300,0.0,0.0
2023-11-09 00:00:00-05:00,10.829999923706055,11.300000190734863,10.710000038146973,10.989999771118164,19373800,0.0,0.0
2023-11-10 00:00:00-05:00,11.069999694824219,11.520000457763672,10.979999542236328,11.460000038146973,6984700,0.0,0.0
2023-11-13 00:00:00-05:00,11.460000038146973,11.470000267028809,11.180000305175781,11.279999732971191,2542700,0.0,0.0
2023-11-14 00:00:00-05:00,11.270000457763672,11.520000457763672,11.265000343322754,11.470000267028809,2406900,0.0,0.0
2023-11-15 00:00:00-05:00,11.460000038146973,11.645000457763672,11.274999618530273,11.329999923706055,1892200,0.0,0.0
2023-11-16 00:00:00-05:00,11.289999961853027,11.335000038146973,11.095000267028809,11.319999694824219,2172000,0.0,0.0
2023-11-17 00:00:00-05:00,11.380000114440918,11.505000114440918,11.279999732971191,11.319999694824219,2187300,0.0,0.0
2023-11-20 00:00:00-05:00,11.430000305175781,11.600000381469727,11.350000381469727,11.520000457763672,2028700,0.0,0.0
2023-11-21 00:00:00-05:00,11.5600004196167,11.5649995803833,11.380000114440918,11.4399995803833,1994900,0.0,0.0
2023-11-22 00:00:00-05:00,11.609999656677246,11.640000343322754,11.449999809265137,11.550000190734863,1295500,0.0,0.0
2023-11-24 00:00:00-05:00,11.569999694824219,11.569999694824219,11.5,11.510000228881836,694500,0.0,0.0
2023-11-27 00:00:00-05:00,11.59000015258789,11.625,11.484999656677246,11.569999694824219,1535500,0.0,0.0
2023-11-28 00:00:00-05:00,11.59000015258789,11.614999771118164,11.489999771118164,11.550000190734863,1078800,0.0,0.0
2023-11-29 00:00:00-05:00,11.649999618530273,11.760000228881836,11.579999923706055,11.619999885559082,1070100,0.0,0.0
2023-11-30 00:00:00-05:00,11.739999771118164,11.75,11.5600004196167,11.680000305175781,2215500,0.0,0.0
2023-12-01 00:00:00-05:00,11.720000267028809,11.864999771118164,11.489999771118164,11.8100004196167,2039800,0.0,0.0
2023-12-04 00:00:00-05:00,11.869999885559082,11.90999984741211,11.5600004196167,11.6899995803833,2269800,0.0,0.0
2023-12-05 00:00:00-05:00,11.720000267028809,11.795000076293945,11.609999656677246,11.770000457763672,988200,0.0,0.0
2023-12-06 00:00:00-05:00,11.65999984741211,11.899999618530273,11.630000114440918,11.640000343322754,1311300,0.0,0.0
2023-12-07 00:00:00-05:00,11.449999809265137,11.619999885559082,11.4399995803833,11.520000457763672,1142600,0.0,0.0
2023-12-08 00:00:00-05:00,11.470000267028809,11.600000381469727,11.470000267028809,11.529999732971191,1528000,0.0,0.0
2023-12-11 00:00:00-05:00,11.569999694824219,11.609999656677246,11.4399995803833,11.470000267028809,1773500,0.0,0.0
2023-12-12 00:00:00-05:00,11.460000038146973,11.539999961853027,11.347999572753906,11.470000267028809,1632400,0.0,0.0
2023-12-13 00:00:00-05:00,11.470000267028809,11.569999694824219,11.354999542236328,11.5600004196167,2464400,0.0,0.0
2023-12-14 00:00:00-05:00,11.619999885559082,11.699999809265137,11.345000267028809,11.510000228881836,2999200,0.0,0.0
2023-12-15 00:00:00-05:00,11.569999694824219,11.619999885559082,11.319999694824219,11.329999923706055,8925300,0.0,0.0
2023-12-18 00:00:00-05:00,11.359999656677246,11.380000114440918,11.239999771118164,11.329999923706055,2467800,0.0,0.0
2023-12-19 00:00:00-05:00,11.350000381469727,11.359999656677246,11.1899995803833,11.25,2414100,0.0,0.0
2023-12-20 00:00:00-05:00,11.229999542236328,11.460000038146973,11.204999923706055,11.260000228881836,2726800,0.0,0.0
2023-12-21 00:00:00-05:00,11.3100004196167,11.380000114440918,11.170000076293945,11.300000190734863,1763100,0.0,0.0
2023-12-22 00:00:00-05:00,11.270000457763672,11.4399995803833,11.210000038146973,11.430000305175781,983000,0.0,0.0
2023-12-26 00:00:00-05:00,11.430000305175781,11.5600004196167,11.420000076293945,11.5,1194700,0.0,0.0
2023-12-27 00:00:00-05:00,11.520000457763672,11.550000190734863,11.414999961853027,11.479999542236328,877700,0.0,0.0
2023-12-28 00:00:00-05:00,11.479999542236328,11.529999732971191,11.364999771118164,11.470000267028809,1163300,0.0,0.0
2023-12-29 00:00:00-05:00,11.449999809265137,11.454999923706055,11.3100004196167,11.390000343322754,980600,0.0,0.0
2024-01-02 00:00:00-05:00,11.34000015258789,11.350000381469727,11.039999961853027,11.100000381469727,1306300,0.0,0.0
2024-01-03 00:00:00-05:00,11.0,11.09000015258789,10.899999618530273,10.90999984741211,1333000,0.0,0.0
2024-01-04 00:00:00-05:00,10.600000381469727,10.880000114440918,10.600000381469727,10.670000076293945,10171400,0.0,0.0
2024-01-05 00:00:00-05:00,10.699999809265137,10.8149995803833,10.619999885559082,10.729999542236328,3300500,0.0,0.0
2024-01-08 00:00:00-05:00,10.84000015258789,10.925000190734863,10.694999694824219,10.920000076293945,3781900,0.0,0.0
2024-01-09 00:00:00-05:00,10.859999656677246,10.920000076293945,10.770000457763672,10.859999656677246,1591400,0.0,0.0
2024-01-10 00:00:00-05:00,10.859999656677246,11.020000457763672,10.8149995803833,10.970000267028809,2084300,0.0,0.0
2024-01-11 00:00:00-05:00,10.949999809265137,11.100000381469727,10.829999923706055,11.020000457763672,2307300,0.0,0.0
2024-01-12 00:00:00-05:00,11.0600004196167,11.109999656677246,10.885000228881836,10.930000305175781,2011700,0.0,0.0
2024-01-16 00:00:00-05:00,10.9399995803833,10.984999656677246,10.824999809265137,10.90999984741211,1479400,0.0,0.0
2024-01-17 00:00:00-05:00,10.829999923706055,10.9399995803833,10.800000190734863,10.880000114440918,1279700,0.0,0.0
2024-01-18 00:00:00-05:00,10.90999984741211,10.960000038146973,10.84000015258789,10.890000343322754,1301800,0.0,0.0
2024-01-19 00:00:00-05:00,10.930000305175781,11.03499984741211,10.819999694824219,10.9399995803833,1047200,0.0,0.0
2024-01-22 00:00:00-05:00,10.960000038146973,11.079999923706055,10.944999694824219,11.020000457763672,1539400,0.0,0.0
2024-01-23 00:00:00-05:00,11.069999694824219,11.100000381469727,10.960000038146973,11.029999732971191,1030800,0.0,0.0
2024-01-24 00:00:00-05:00,11.050000190734863,11.079999923706055,10.9399995803833,11.010000228881836,1848600,0.0,0.0
2024-01-25 00:00:00-05:00,11.109999656677246,11.109999656677246,10.90999984741211,10.970000267028809,958500,0.0,0.0
2024-01-26 00:00:00-05:00,10.979999542236328,11.074999809265137,10.949999809265137,11.050000190734863,1370200,0.0,0.0
2024-01-29 00:00:00-05:00,11.109999656677246,11.1899995803833,11.055000305175781,11.180000305175781,1323100,0.0,0.0
2024-01-30 00:00:00-05:00,11.180000305175781,11.265000343322754,11.03499984741211,11.109999656677246,1889600,0.0,0.0
2024-01-31 00:00:00-05:00,11.079999923706055,11.140000343322754,10.899999618530273,10.989999771118164,1386900,0.0,0.0
2024-02-01 00:00:00-05:00,11.010000228881836,11.100000381469727,10.949999809265137,11.050000190734863,2596800,0.0,0.0
2024-02-02 00:00:00-05:00,11.020000457763672,11.0649995803833,10.930000305175781,11.0,1413400,0.0,0.0
2024-02-05 00:00:00-05:00,10.979999542236328,11.020000457763672,10.845000267028809,10.869999885559082,1434500,0.0,0.0
2024-02-06 00:00:00-05:00,10.920000076293945,11.010000228881836,10.760000228881836,10.859999656677246,1187700,0.0,0.0
2024-02-07 00:00:00-05:00,10.930000305175781,11.024999618530273,10.864999771118164,11.010000228881836,1456200,0.0,0.0
2024-02-08 00:00:00-05:00,11.069999694824219,11.3100004196167,11.0649995803833,11.210000038146973,1777400,0.0,0.0
2024-02-09 00:00:00-05:00,11.270000457763672,11.319999694824219,11.170000076293945,11.25,1703700,0.0,0.0
2024-02-12 00:00:00-05:00,11.220000267028809,11.420000076293945,11.149999618530273,11.239999771118164,2344700,0.0,0.0
2024-02-13 00:00:00-05:00,11.029999732971191,11.170000076293945,10.920000076293945,11.079999923706055,1988000,0.0,0.0
2024-02-14 00:00:00-05:00,11.140000343322754,11.350000381469727,11.140000343322754,11.3100004196167,2374600,0.0,0.0
2024-02-15 00:00:00-05:00,11.34000015258789,11.619999885559082,11.279999732971191,11.59000015258789,4012900,0.0,0.0
2024-02-16 00:00:00-05:00,11.569999694824219,11.635000228881836,11.454999923706055,11.479999542236328,1428300,0.0,0.0
2024-02-20 00:00:00-05:00,11.40999984741211,11.430000305175781,11.289999961853027,11.319999694824219,1484100,0.0,0.0
2024-02-21 00:00:00-05:00,11.229999542236328,11.274999618530273,11.09000015258789,11.199999809265137,1964500,0.0,0.0
2024-02-22 00:00:00-05:00,11.359999656677246,11.430000305175781,11.220000267028809,11.270000457763672,1496900,0.0,0.0
2024-02-23 00:00:00-05:00,11.270000457763672,11.399999618530273,11.210000038146973,11.359999656677246,1569100,0.0,0.0
2024-02-26 00:00:00-05:00,11.359999656677246,11.649999618530273,11.350000381469727,11.579999923706055,3046000,0.0,0.0
2024-02-27 00:00:00-05:00,11.510000228881836,11.609999656677246,11.4399995803833,11.539999961853027,2102300,0.0,0.0
2024-02-28 00:00:00-05:00,11.59000015258789,11.649999618530273,11.5,11.600000381469727,3206000,0.0,0.0
2024-02-29 00:00:00-05:00,11.949999809265137,12.220000267028809,11.5,11.710000038146973,7321800,0.0,0.0
2024-03-01 00:00:00-05:00,11.470000267028809,11.710000038146973,11.430000305175781,11.65999984741211,16783100,0.0,0.0
2024-03-04 00:00:00-05:00,11.520000457763672,11.90999984741211,11.520000457763672,11.859999656677246,11432600,0.0,0.0
2024-03-05 00:00:00-05:00,11.75,11.75,11.364999771118164,11.520000457763672,9084200,0.0,0.0
2024-03-06 00:00:00-05:00,11.670000076293945,11.890000343322754,11.609999656677246,11.850000381469727,3494700,0.0,0.0
2024-03-07 00:00:00-05:00,11.8100004196167,12.180000305175781,11.795000076293945,12.170000076293945,5661100,0.0,0.0
2024-03-08 00:00:00-05:00,12.25,12.680000305175781,12.220000267028809,12.630000114440918,4777100,0.0,0.0
2024-03-11 00:00:00-04:00,12.579999923706055,12.609999656677246,12.380000114440918,12.399999618530273,3364100,0.0,0.0
2024-03-12 00:00:00-04:00,12.430000305175781,12.510000228881836,12.331000328063965,12.390000343322754,1690800,0.0,0.0
2024-03-13 00:00:00-04:00,12.25,12.390000343322754,12.029999732971191,12.260000228881836,4796400,0.0,0.0
2024-03-14 00:00:00-04:00,12.279999732971191,12.279999732971191,12.050000190734863,12.119999885559082,3908000,0.0,0.0
2024-03-15 00:00:00-04:00,12.079999923706055,12.079999923706055,11.71500015258789,11.800000190734863,12229600,0.0,0.0
2024-03-18 00:00:00-04:00,11.880000114440918,11.979999542236328,11.770000457763672,11.789999961853027,3270700,0.0,0.0
2024-03-19 00:00:00-04:00,11.6899995803833,11.9399995803833,11.680000305175781,11.890000343322754,2519600,0.0,0.0
2024-03-20 00:00:00-04:00,11.854999542236328,12.0,11.75,11.9399995803833,3434500,0.0,0.0
2024-03-21 00:00:00-04:00,11.930000305175781,12.069999694824219,11.90999984741211,12.0600004196167,2818300,0.0,0.0
2024-03-22 00:00:00-04:00,12.0600004196167,12.0600004196167,11.895000457763672,12.010000228881836,2070500,0.0,0.0
2024-03-25 00:00:00-04:00,11.960000038146973,12.039999961853027,11.859999656677246,11.949999809265137,2569600,0.0,0.0
2024-03-26 00:00:00-04:00,11.880000114440918,12.020000457763672,11.880000114440918,11.9399995803833,1772100,0.0,0.0
2024-03-27 00:00:00-04:00,11.979999542236328,12.0,11.845000267028809,11.899999618530273,1943100,0.0,0.0
2024-03-28 00:00:00-04:00,11.920000076293945,12.010000228881836,11.869999885559082,11.960000038146973,2754200,0.0,0.0
2024-04-01 00:00:00-04:00,11.970000267028809,12.050000190734863,11.770000457763672,11.800000190734863,3693600,0.0,0.0
2024-04-02 00:00:00-04:00,11.699999809265137,11.760000228881836,11.619999885559082,11.680000305175781,2574700,0.0,0.0
2024-04-03 00:00:00-04:00,11.65999984741211,11.944999694824219,11.65999984741211,11.779999732971191,2538300,0.0,0.0
2024-04-04 00:00:00-04:00,11.90999984741211,11.9399995803833,11.760000228881836,11.779999732971191,1816900,0.0,0.0
2024-04-05 00:00:00-04:00,11.569999694824219,11.774999618530273,11.449999809265137,11.65999984741211,13679400,0.0,0.0
2024-04-08 00:00:00-04:00,11.680000305175781,11.800000190734863,11.614999771118164,11.779999732971191,4895400,0.0,0.0
2024-04-09 00:00:00-04:00,11.84000015258789,11.954999923706055,11.760000228881836,11.890000343322754,2966800,0.0,0.0
2024-04-10 00:00:00-04:00,11.720000267028809,11.819999694824219,11.6899995803833,11.800000190734863,2604000,0.0,0.0
2024-04-11 00:00:00-04:00,11.819999694824219,11.890000343322754,11.729999542236328,11.8100004196167,2602300,0.0,0.0
2024-04-12 00:00:00-04:00,11.760000228881836,11.829999923706055,11.59000015258789,11.710000038146973,2187200,0.0,0.0
2024-04-15 00:00:00-04:00,11.829999923706055,11.829999923706055,11.449999809265137,11.479999542236328,2753300,0.0,0.0
2024-04-16 00:00:00-04:00,11.4399995803833,11.600000381469727,11.390000343322754,11.539999961853027,2581400,0.0,0.0
2024-04-17 00:00:00-04:00,11.59000015258789,11.649999618530273,11.420000076293945,11.420000076293945,3470100,0.0,0.0
2024-04-18 00:00:00-04:00,11.470000267028809,11.725000381469727,11.399999618530273,11.420000076293945,2172000,0.0,0.0
2024-04-19 00:00:00-04:00,11.460000038146973,11.505000114440918,11.399999618530273,11.4399995803833,3602400,0.0,0.0
2024-04-22 00:00:00-04:00,11.510000228881836,11.529999732971191,11.34000015258789,11.399999618530273,2638100,0.0,0.0
2024-04-23 00:00:00-04:00,11.510000228881836,11.585000038146973,11.329999923706055,11.489999771118164,4474500,0.0,0.0
2024-04-24 00:00:00-04:00,11.529999732971191,11.574999809265137,11.40999984741211,11.529999732971191,2265300,0.0,0.0
2024-04-25 00:00:00-04:00,11.399999618530273,11.520000457763672,11.34000015258789,11.5,2024000,0.0,0.0
2024-04-26 00:00:00-04:00,11.539999961853027,11.609999656677246,11.470000267028809,11.5,1850800,0.0,0.0
2024-04-29 00:00:00-04:00,11.5,11.5600004196167,11.40999984741211,11.460000038146973,2543800,0.0,0.0
2024-04-30 00:00:00-04:00,11.489999771118164,11.515000343322754,11.194999694824219,11.220000267028809,3055400,0.0,0.0
2024-05-01 00:00:00-04:00,11.039999961853027,11.375,10.454999923706055,10.550000190734863,6995700,0.0,0.0
2024-05-02 00:00:00-04:00,10.739999771118164,10.824999809265137,10.59000015258789,10.680000305175781,3662000,0.0,0.0
2024-05-03 00:00:00-04:00,10.829999923706055,10.975000381469727,10.680000305175781,10.8100004196167,2326200,0.0,0.0
2024-05-06 00:00:00-04:00,10.84000015258789,10.949999809265137,10.8100004196167,10.90999984741211,1565800,0.0,0.0
2024-05-07 00:00:00-04:00,10.920000076293945,11.0,10.819999694824219,10.859999656677246,1987600,0.0,0.0
2024-05-08 00:00:00-04:00,10.880000114440918,10.9399995803833,10.789999961853027,10.899999618530273,2202000,0.0,0.0
2024-05-09 00:00:00-04:00,10.869999885559082,10.930000305175781,10.645000457763672,10.670000076293945,2299100,0.0,0.0
2024-05-10 00:00:00-04:00,10.680000305175781,10.694999694824219,10.59000015258789,10.619999885559082,1453500,0.0,0.0
2024-05-13 00:00:00-04:00,10.699999809265137,10.779999732971191,10.5,10.569999694824219,2212600,0.0,0.0
2024-05-14 00:00:00-04:00,10.600000381469727,10.680000305175781,10.550000190734863,10.609999656677246,1766500,0.0,0.0
2024-05-15 00:00:00-04:00,10.710000038146973,10.835000038146973,10.59000015258789,10.779999732971191,2507900,0.0,0.0
2024-05-16 00:00:00-04:00,10.819999694824219,11.0,10.8100004196167,10.979999542236328,5649300,0.0,0.0
2024-05-17 00:00:00-04:00,11.119999885559082,11.229999542236328,11.010000228881836,11.210000038146973,2469700,0.0,0.0
2024-05-20 00:00:00-04:00,11.199999809265137,11.555000305175781,11.180000305175781,11.449999809265137,4476500,0.0,0.0
2024-05-21 00:00:00-04:00,11.390000343322754,11.479999542236328,11.270000457763672,11.470000267028809,2298800,0.0,0.0
2024-05-22 00:00:00-04:00,11.430000305175781,11.890000343322754,11.430000305175781,11.779999732971191,6900300,0.0,0.0
2024-05-23 00:00:00-04:00,11.84000015258789,11.84000015258789,11.600000381469727,11.670000076293945,6050600,0.0,0.0
2024-05-24 00:00:00-04:00,11.640000343322754,12.0600004196167,11.625,11.979999542236328,4087700,0.0,0.0
2024-05-28 00:00:00-04:00,11.920000076293945,12.050000190734863,11.829999923706055,11.890000343322754,2843100,0.0,0.0
2024-05-29 00:00:00-04:00,11.460000038146973,11.654999732971191,11.369999885559082,11.449999809265137,19013900,0.0,0.0
2024-05-30 00:00:00-04:00,11.399999618530273,11.449999809265137,11.234999656677246,11.279999732971191,10214100,0.0,0.0
2024-05-31 00:00:00-04:00,11.279999732971191,11.430000305175781,11.050000190734863,11.180000305175781,16472300,0.0,0.0
2024-06-03 00:00:00-04:00,11.25,11.319999694824219,10.989999771118164,11.180000305175781,4337100,0.0,0.0
2024-06-04 00:00:00-04:00,11.130000114440918,11.399999618530273,11.130000114440918,11.390000343322754,4592200,0.0,0.0
2024-06-05 00:00:00-04:00,11.430000305175781,11.574999809265137,11.399999618530273,11.449999809265137,3442800,0.0,0.0
2024-06-06 00:00:00-04:00,11.390000343322754,11.470000267028809,11.289999961853027,11.449999809265137,2984900,0.0,0.0
2024-06-07 00:00:00-04:00,11.369999885559082,11.545000076293945,11.369999885559082,11.479999542236328,2206800,0.0,0.0
2024-06-10 00:00:00-04:00,11.40999984741211,11.680000305175781,11.359999656677246,11.640000343322754,2965900,0.0,0.0
2024-06-11 00:00:00-04:00,11.579999923706055,11.720000267028809,11.449999809265137,11.65999984741211,1820700,0.0,0.0
2024-06-12 00:00:00-04:00,11.770000457763672,11.800000190734863,11.5,11.569999694824219,4686700,0.0,0.0
2024-06-13 00:00:00-04:00,11.609999656677246,11.640000343322754,11.5,11.5600004196167,2262100,0.0,0.0
2024-06-14 00:00:00-04:00,11.619999885559082,11.680000305175781,11.522000312805176,11.609999656677246,3372800,0.0,0.0
