Date,Open,High,Low,Close,Volume,Dividends,Stock Splits,Capital Gains
2009-06-19 00:00:00-04:00,16.516637338200134,16.516637338200134,16.14005820850828,16.19951820373535,8200,0.0,0.0,0.0
2009-06-22 00:00:00-04:00,16.060777592137605,16.060777592137605,15.664378048999668,15.79651165008545,4400,0.0,0.0,0.0
2009-06-23 00:00:00-04:00,15.657778748635693,15.789911142307101,15.657778748635693,15.743664741516113,10500,0.0,0.0,0.0
2009-06-24 00:00:00-04:00,15.948469006698224,16.17309543722522,15.948469006698224,16.080602645874023,8900,0.0,0.0,0.0
2009-06-25 00:00:00-04:00,15.98810813498675,16.166486890533573,15.974894520466352,16.153274536132812,22900,0.0,0.0,0.0
2009-06-26 00:00:00-04:00,16.29201502035036,16.443967819213867,16.29201502035036,16.443967819213867,5900,0.0,0.0,0.0
2009-06-29 00:00:00-04:00,16.410935534722594,16.457181930541992,16.364689138903195,16.457181930541992,3000,0.0,0.0,0.0
2009-06-30 00:00:00-04:00,16.787514165175782,16.952680578654583,16.424148559570312,16.424148559570312,5500,0.0,0.0,0.0
2009-07-01 00:00:00-04:00,16.523249429100677,16.714841828240086,16.516642620837963,16.628955841064453,17000,0.0,0.0,0.0
2009-07-02 00:00:00-04:00,16.609129335645072,16.609129335645072,16.146664267642773,16.179697036743164,9000,0.0,0.0,0.0
2009-07-06 00:00:00-04:00,16.120237909317105,16.120237909317105,16.021138336578648,16.067384719848633,1500,0.0,0.0,0.0
2009-07-07 00:00:00-04:00,16.093811918802423,16.093811918802423,15.855971936516458,15.889004707336426,2000,0.0,0.0,0.0
2009-07-08 00:00:00-04:00,15.855975735572077,15.855975735572077,15.267983705282926,15.36047649383545,4200,0.0,0.0,0.0
2009-07-09 00:00:00-04:00,17.27640907691986,17.27640907691986,15.644565131232577,15.743664741516113,1300,0.0,0.0,0.0
2009-07-10 00:00:00-04:00,15.20191565349984,15.68420124053955,15.20191565349984,15.68420124053955,1500,0.0,0.0,0.0
2009-07-13 00:00:00-04:00,15.571888593979079,15.869188629550885,15.525642201805613,15.809728622436523,1700,0.0,0.0,0.0
2009-07-14 00:00:00-04:00,15.9286463310133,16.00131868242965,15.9286463310133,15.994711875915527,2300,0.0,0.0,0.0
2009-07-15 00:00:00-04:00,17.27640114859273,17.27640114859273,16.34486297120459,16.675195693969727,2500,0.0,0.0,0.0
2009-07-16 00:00:00-04:00,16.787513659428402,16.959286875485816,16.780906851873922,16.853580474853516,2700,0.0,0.0,0.0
2009-07-17 00:00:00-04:00,17.26979565917618,17.26979565917618,16.880002915794915,16.946069717407227,3200,0.0,0.0,0.0
2009-07-20 00:00:00-04:00,15.862584473211736,17.487821578979492,15.862584473211736,17.487821578979492,5100,0.0,0.0,0.0
2009-07-21 00:00:00-04:00,17.613342871812424,17.613342871812424,17.32925649321553,17.408536911010742,6100,0.0,0.0,0.0
2009-07-22 00:00:00-04:00,17.4085399073685,17.494425886319803,17.382112676848276,17.45478630065918,5000,0.0,0.0,0.0
2009-07-23 00:00:00-04:00,17.177308536605715,18.293833944318642,17.177308536605715,18.27401351928711,19000,0.0,0.0,0.0
2009-07-24 00:00:00-04:00,18.009742135332385,18.009742135332385,17.672802570622075,17.705835342407227,8300,0.0,0.0,0.0
2009-07-27 00:00:00-04:00,18.19473039526966,18.19473039526966,17.89082357793088,18.04938316345215,3100,0.0,0.0,0.0
2009-07-28 00:00:00-04:00,18.12866156886775,18.12866156886775,17.9040351993464,18.02956199645996,8200,0.0,0.0,0.0
2009-07-29 00:00:00-04:00,17.851186638949663,17.851186638949663,17.62656021118164,17.62656021118164,900,0.0,0.0,0.0
2009-07-30 00:00:00-04:00,17.798329208831046,17.9767079390066,17.672802408980537,17.75208282470703,10600,0.0,0.0,0.0
2009-07-31 00:00:00-04:00,18.260794288279808,18.260794288279808,17.904035568237305,17.904035568237305,6900,0.0,0.0,0.0
2009-08-03 00:00:00-04:00,18.782716761225316,18.994129479024956,18.366496870452973,18.934669494628906,42100,0.0,0.0,0.0
2009-08-04 00:00:00-04:00,20.183333956963523,20.183333956963523,18.82236314810526,18.828969955444336,7400,0.0,0.0,0.0
2009-08-05 00:00:00-04:00,19.020563838682392,19.020563838682392,18.677017413239117,18.8355770111084,5100,0.0,0.0,0.0
2009-08-06 00:00:00-04:00,20.137084286174694,20.137084286174694,18.690227737783488,18.848787307739258,5900,0.0,0.0,0.0
2009-08-07 00:00:00-04:00,19.81335906242059,19.81335906242059,18.53166758339668,18.663801193237305,5000,0.0,0.0,0.0
2009-08-10 00:00:00-04:00,18.87521347864822,18.87521347864822,18.498634338378906,18.498634338378906,6700,0.0,0.0,0.0
2009-08-11 00:00:00-04:00,18.525065209882413,18.525065209882413,18.287225175481158,18.42596435546875,2700,0.0,0.0,0.0
2009-08-12 00:00:00-04:00,17.84457720179893,18.47220873739899,17.84457720179893,18.406143188476562,8300,0.0,0.0,0.0
2009-08-13 00:00:00-04:00,18.73647908245521,18.73647908245521,18.148485770548973,18.300439834594727,28100,0.0,0.0,0.0
2009-08-14 00:00:00-04:00,18.287223705320763,18.287223705320763,18.1154505009647,18.148483276367188,7300,0.0,0.0,0.0
2009-08-17 00:00:00-04:00,17.837966218912783,17.837966218912783,17.329253546537384,17.44817352294922,5500,0.0,0.0,0.0
2009-08-18 00:00:00-04:00,19.11305823168181,19.11305823168181,17.547280023193558,17.633167266845703,7000,0.0,0.0,0.0
2009-08-19 00:00:00-04:00,16.8469749083209,17.69923424383463,16.8469749083209,17.501033782958984,9900,0.0,0.0,0.0
2009-08-20 00:00:00-04:00,17.81154400161675,17.851184844970703,17.81154400161675,17.851184844970703,1300,0.0,0.0,0.0
2009-08-21 00:00:00-04:00,18.28721980614692,18.28721980614692,17.897427090934503,18.21454620361328,6200,0.0,0.0,0.0
2009-08-24 00:00:00-04:00,18.650591838413728,18.650591838413728,18.24097982260286,18.300439834594727,16800,0.0,0.0,0.0
2009-08-25 00:00:00-04:00,19.066809040735606,19.066809040735606,18.08241747781721,18.141876220703125,8200,0.0,0.0,0.0
2009-08-26 00:00:00-04:00,18.14187454746319,18.181515385890478,17.90403581749682,17.910642623901367,8500,0.0,0.0,0.0
2009-08-27 00:00:00-04:00,17.719049080074523,17.897429073258504,17.646375469491534,17.844575881958008,1100,0.0,0.0,0.0
2009-08-28 00:00:00-04:00,18.0956321516836,18.0956321516836,17.692626953125,17.692626953125,2600,0.0,0.0,0.0
2009-08-31 00:00:00-04:00,17.507637623867506,17.507637623867506,17.302831649780273,17.302831649780273,3000,0.0,0.0,0.0
2009-09-01 00:00:00-04:00,17.547273699713166,17.567094116517882,17.012135047179004,17.17730140686035,6800,0.0,0.0,0.0
2009-09-02 00:00:00-04:00,17.124451745953593,17.170698134561636,17.08481216430664,17.08481216430664,1900,0.0,0.0,0.0
2009-09-03 00:00:00-04:00,17.725657108143498,17.725657108143498,17.368898357307422,17.520851135253906,9000,0.0,0.0,0.0
2009-09-04 00:00:00-04:00,17.659588775150095,17.904035568237305,17.633162810019275,17.904035568237305,2400,0.0,0.0,0.0
2009-09-08 00:00:00-04:00,18.22776345176423,18.293830261783633,18.08241747781721,18.141876220703125,2200,0.0,0.0,0.0
2009-09-09 00:00:00-04:00,18.24097890840154,18.313651272656244,18.082419304409854,18.207944869995117,13200,0.0,0.0,0.0
2009-09-10 00:00:00-04:00,18.293831983116718,18.42596435546875,18.207944743974174,18.42596435546875,8800,0.0,0.0,0.0
2009-09-11 00:00:00-04:00,18.5448838002807,18.5448838002807,18.472210178652347,18.478816986083984,2000,0.0,0.0,0.0
2009-09-14 00:00:00-04:00,22.21818062422588,22.21818062422588,18.320253314628786,18.386320114135742,17300,0.0,0.0,0.0
2009-09-15 00:00:00-04:00,19.060196444105106,19.060196444105106,18.18151154007424,18.366497039794922,20700,0.0,0.0,0.0
2009-09-16 00:00:00-04:00,18.472207710530125,18.71004770581198,18.472207710530125,18.531667709350586,17600,0.0,0.0,0.0
2009-09-17 00:00:00-04:00,18.776117051537526,18.881823450382466,18.630771068155656,18.683624267578125,5100,0.0,0.0,0.0
2009-09-18 00:00:00-04:00,18.862004222924007,18.862004222924007,18.591131401209648,18.749691009521484,28000,0.0,0.0,0.0
2009-09-21 00:00:00-04:00,18.55148566438076,18.584518432617188,18.432565682538684,18.584518432617188,10400,0.0,0.0,0.0
2009-09-22 00:00:00-04:00,18.881819715066058,18.881819715066058,18.55148696899414,18.55148696899414,6100,0.0,0.0,0.0
2009-09-23 00:00:00-04:00,18.73647287975497,18.815752029418945,18.64397885832118,18.815752029418945,8900,0.0,0.0,0.0
2009-09-24 00:00:00-04:00,18.59773863443427,18.59773863443427,18.128666606631537,18.300439834594727,4700,0.0,0.0,0.0
2009-09-25 00:00:00-04:00,18.346682506225967,18.445782086055488,18.30043611964683,18.320255279541016,7800,0.0,0.0,0.0
2009-09-28 00:00:00-04:00,18.320255645325652,18.525062875864663,18.30704203171935,18.46560287475586,8600,0.0,0.0,0.0
2009-09-29 00:00:00-04:00,18.531667709350586,18.64398090044263,18.333468553362042,18.531667709350586,106200,0.0,0.0,0.0
2009-09-30 00:00:00-04:00,18.83557451000179,19.040380472539223,18.207941749172228,18.531667709350586,75600,0.0,0.0,0.0
2009-10-01 00:00:00-04:00,18.6439823668737,18.6439823668737,18.03616997788368,18.128664016723633,69800,0.0,0.0,0.0
2009-10-02 00:00:00-04:00,17.705837038742484,18.214549837736428,17.50763786880386,18.141876220703125,65900,0.0,0.0,0.0
2009-10-05 00:00:00-04:00,18.33347230836526,18.445785522460938,18.174912699074852,18.445785522460938,11900,0.0,0.0,0.0
2009-10-06 00:00:00-04:00,18.610948527777396,18.723261721283112,18.525062561035156,18.525062561035156,9700,0.0,0.0,0.0
2009-10-07 00:00:00-04:00,18.584521087113526,18.610948313572838,18.511848734589453,18.604341506958008,10600,0.0,0.0,0.0
2009-10-08 00:00:00-04:00,18.74968925255812,18.76950967428471,18.55809688301296,18.73647689819336,59400,0.0,0.0,0.0
2009-10-09 00:00:00-04:00,18.769505297007104,18.815751676797625,18.729865722917992,18.789325714111328,8400,0.0,0.0,0.0
2009-10-12 00:00:00-04:00,18.82236687707713,18.987533312916824,18.76951366801322,18.89504051208496,17500,0.0,0.0,0.0
2009-10-13 00:00:00-04:00,19.00073869947463,19.00073869947463,18.72986596284375,18.947885513305664,16800,0.0,0.0,0.0
2009-10-14 00:00:00-04:00,19.159298020825613,19.51605796813965,19.13947760371283,19.51605796813965,26300,0.0,0.0,0.0
2009-10-15 00:00:00-04:00,19.449995040893555,19.509455043942435,19.238582256772904,19.449995040893555,17000,0.0,0.0,0.0
2009-10-16 00:00:00-04:00,19.238578095323906,19.364103621168685,19.159297688367815,19.304643630981445,12300,0.0,0.0,0.0
2009-10-19 00:00:00-04:00,19.52266446632525,19.582124460445584,19.390532126150713,19.575517654418945,8000,0.0,0.0,0.0
2009-10-20 00:00:00-04:00,19.562307773608307,19.562307773608307,19.284828186035156,19.284828186035156,10300,0.0,0.0,0.0
2009-10-21 00:00:00-04:00,19.483027598321346,19.701047187026322,19.456601630661133,19.529273986816406,14200,0.0,0.0,0.0
2009-10-22 00:00:00-04:00,19.56891441345215,19.5953403805519,19.350894829371114,19.56891441345215,16400,0.0,0.0,0.0
2009-10-23 00:00:00-04:00,19.853000188078695,19.853000188078695,19.42356781281868,19.449995040893555,20600,0.0,0.0,0.0
2009-10-26 00:00:00-04:00,19.674624356468122,19.694443520343537,19.18573190566468,19.271617889404297,12700,0.0,0.0,0.0
2009-10-27 00:00:00-04:00,19.317861130026525,19.317861130026525,19.000741958618164,19.000741958618164,10500,0.0,0.0,0.0
2009-10-28 00:00:00-04:00,18.809145417452868,18.828965835132827,18.2806135471811,18.31364631652832,16200,0.0,0.0,0.0
2009-10-29 00:00:00-04:00,18.61755799258082,18.908251227884996,18.498637975405487,18.868610382080078,17500,0.0,0.0,0.0
2009-10-30 00:00:00-04:00,18.94788999750451,18.94788999750451,18.168304371926343,18.234371185302734,27800,0.0,0.0,0.0
2009-11-02 00:00:00-05:00,18.31364784985545,18.637373805016086,18.27400827129605,18.43917465209961,9200,0.0,0.0,0.0
2009-11-03 00:00:00-05:00,18.32686140094797,18.52506181331557,18.267401403249636,18.50524139404297,6200,0.0,0.0,0.0
2009-11-04 00:00:00-05:00,18.710045305813765,19.046984835869566,18.696831694410946,18.789325714111328,34100,0.0,0.0,0.0
2009-11-05 00:00:00-05:00,18.82236102215918,19.179121017456055,18.82236102215918,19.179121017456055,9300,0.0,0.0,0.0
2009-11-06 00:00:00-05:00,19.07341204420203,19.126265229653853,18.9412784505128,19.093231201171875,4500,0.0,0.0,0.0
2009-11-09 00:00:00-05:00,19.65479957795864,19.866212346589833,19.608553192335506,19.852998733520508,11900,0.0,0.0,0.0
2009-11-10 00:00:00-05:00,19.89264227722715,19.89264227722715,19.601949050778398,19.720869064331055,20200,0.0,0.0,0.0
2009-11-11 00:00:00-05:00,20.02477220303481,20.02477220303481,19.67462027263865,19.707653045654297,143200,0.0,0.0,0.0
2009-11-12 00:00:00-05:00,19.720864338779183,19.77371752545784,19.17251205444336,19.17251205444336,16800,0.0,0.0,0.0
2009-11-13 00:00:00-05:00,19.436784017939022,19.6944432254192,19.251797177113392,19.62177085876465,109100,0.0,0.0,0.0
2009-11-16 00:00:00-05:00,19.919067104076287,19.985133914495233,19.826574325561523,19.826574325561523,7800,0.0,0.0,0.0
2009-11-17 00:00:00-05:00,19.852997823900314,19.879425048828125,19.628371452491677,19.879425048828125,38300,0.0,0.0,0.0
2009-11-18 00:00:00-05:00,19.819965923992797,19.819965923992797,19.628372315203507,19.767112731933594,25400,0.0,0.0,0.0
2009-11-19 00:00:00-05:00,19.621763437141176,19.621763437141176,19.19232990694101,19.35749626159668,35500,0.0,0.0,0.0
2009-11-20 00:00:00-05:00,19.16590818277244,19.304647346499234,19.16590818277244,19.284828186035156,16800,0.0,0.0,0.0
2009-11-23 00:00:00-05:00,19.674620366259305,19.674620366259305,19.469813140205247,19.489633560180664,6900,0.0,0.0,0.0
2009-11-24 00:00:00-05:00,19.436784230684747,19.436784230684747,19.159304596469024,19.337684631347656,18200,0.0,0.0,0.0
2009-11-25 00:00:00-05:00,19.423570006843907,19.648196430375087,19.403750843668632,19.628376007080078,22900,0.0,0.0,0.0
2009-11-27 00:00:00-05:00,19.099838756252833,19.205545131303882,18.710046025707314,19.113052368164062,7500,0.0,0.0,0.0
2009-11-30 00:00:00-05:00,19.34428850496921,19.34428850496921,19.146088076240428,19.22536849975586,108700,0.0,0.0,0.0
2009-12-01 00:00:00-05:00,19.469812555165916,19.694438934326172,19.469812555165916,19.694438934326172,9100,0.0,0.0,0.0
2009-12-02 00:00:00-05:00,19.819965798175037,19.899246215820312,19.694438995286472,19.899246215820312,4700,0.0,0.0,0.0
2009-12-03 00:00:00-05:00,20.15029475314558,20.15029475314558,19.91906161051186,19.98512840270996,25700,0.0,0.0,0.0
2009-12-04 00:00:00-05:00,20.308857311595055,20.308857311595055,19.793537768134513,19.945491790771484,18200,0.0,0.0,0.0
2009-12-07 00:00:00-05:00,19.958708553424657,20.004956207128124,19.846396603361104,19.97852897644043,7600,0.0,0.0,0.0
2009-12-08 00:00:00-05:00,19.687831418203178,19.694438224424978,19.370712280273438,19.370712280273438,7900,0.0,0.0,0.0
2009-12-09 00:00:00-05:00,19.443386365994513,19.535879135131836,19.443386365994513,19.535879135131836,5600,0.0,0.0,0.0
2009-12-10 00:00:00-05:00,19.621770459434806,19.641589622610084,19.555703641904508,19.628376007080078,5400,0.0,0.0,0.0
2009-12-11 00:00:00-05:00,19.734079111536317,19.767111882609203,19.621765925721288,19.72747230529785,5000,0.0,0.0,0.0
2009-12-14 00:00:00-05:00,20.381537184015542,20.381537184015542,19.720871481195715,19.819971084594727,18300,0.0,0.0,0.0
2009-12-15 00:00:00-05:00,19.71426066578084,19.747293440159574,19.628373436204825,19.661407470703125,30200,0.0,0.0,0.0
2009-12-16 00:00:00-05:00,19.833180874353616,19.833180874353616,19.463207244873047,19.463207244873047,71400,0.0,0.0,0.0
2009-12-17 00:00:00-05:00,19.278221548630373,19.278221548630373,19.000741958618164,19.000741958618164,8300,0.0,0.0,0.0
2009-12-18 00:00:00-05:00,19.179120393026405,19.179120393026405,19.01395401394112,19.02716636657715,4600,0.0,0.0,0.0
2009-12-21 00:00:00-05:00,19.250022928370893,19.25663593528357,19.11115230580887,19.157442092895508,4700,0.027,0.0,0.0
2009-12-22 00:00:00-05:00,19.164050828179512,19.23679262670286,19.104535040533467,19.170663833618164,9100,0.0,0.0,0.0
2009-12-23 00:00:00-05:00,19.428566424329453,19.428566424329453,19.21695527714604,19.342599868774414,4600,0.0,0.0,0.0
2009-12-24 00:00:00-05:00,19.540985534291544,19.62034034729004,19.474857994978418,19.62034034729004,3300,0.0,0.0,0.0
2009-12-28 00:00:00-05:00,19.884855068922327,19.884855068922327,19.660017894787426,19.726146697998047,7100,0.0,0.0,0.0
2009-12-29 00:00:00-05:00,19.686473324523003,19.6930863321177,19.574054718017578,19.574054718017578,9500,0.0,0.0,0.0
2009-12-30 00:00:00-05:00,19.699698642760726,19.699698642760726,19.56744101815032,19.66663360595703,29800,0.0,0.0,0.0
2009-12-31 00:00:00-05:00,19.87163255465109,19.87163255465109,19.607118556539863,19.69969940185547,12500,0.0,0.0,0.0
2010-01-04 00:00:00-05:00,19.944370559472436,20.228723526000977,19.831951974130963,20.228723526000977,20400,0.0,0.0,0.0
2010-01-05 00:00:00-05:00,20.321302060765905,20.632107036916643,20.321302060765905,20.532913208007812,22000,0.0,0.0,0.0
2010-01-06 00:00:00-05:00,20.724687922689473,20.777590712880112,20.618882342308197,20.75113868713379,31700,0.0,0.0,0.0
2010-01-07 00:00:00-05:00,21.58436388185532,21.58436388185532,20.499855785834374,20.605661392211914,39300,0.0,0.0,0.0
2010-01-08 00:00:00-05:00,20.84371882736099,20.84371882736099,20.63210767358912,20.770977020263672,12800,0.0,0.0,0.0
2010-01-11 00:00:00-05:00,21.174361178450592,21.200813202833352,21.068555603523453,21.07516860961914,12200,0.0,0.0,0.0
2010-01-12 00:00:00-05:00,21.352910995765626,21.352910995765626,20.896623613510457,20.969364166259766,51900,0.0,0.0,0.0
2010-01-13 00:00:00-05:00,21.022269675849575,21.022269675849575,20.770980443356112,20.90985107421875,56600,0.0,0.0,0.0
2010-01-14 00:00:00-05:00,21.081785320384956,21.081785320384956,20.93630293591616,21.0421085357666,9800,0.0,0.0,0.0
2010-01-15 00:00:00-05:00,20.923076335338433,20.923076335338433,20.71146514155685,20.804044723510742,32200,0.0,0.0,0.0
2010-01-19 00:00:00-05:00,21.08839523979306,21.31984668986206,20.969363642067083,21.313232421875,36800,0.0,0.0,0.0
2010-01-20 00:00:00-05:00,21.028877246832597,21.028877246832597,20.81065309420459,20.95613670349121,16700,0.0,0.0,0.0
2010-01-21 00:00:00-05:00,20.850329021341505,20.850329021341505,20.301462192287186,20.374202728271484,24800,0.0,0.0,0.0
2010-01-22 00:00:00-05:00,20.301462738108192,20.34775251533414,20.08323860168457,20.08323860168457,7900,0.0,0.0,0.0
2010-01-25 00:00:00-05:00,20.506463718034574,20.506463718034574,20.129531180952,20.222110748291016,8900,0.0,0.0,0.0
2010-01-26 00:00:00-05:00,20.0567957850429,20.0567957850429,19.759216707295007,19.838571548461914,13200,0.0,0.0,0.0
2010-01-27 00:00:00-05:00,19.838571548461914,19.865023582618356,19.62034731188093,19.838571548461914,6900,0.0,0.0,0.0
2010-01-28 00:00:00-05:00,19.83857319063483,19.865025226980883,19.52776933138379,19.719541549682617,12500,0.0,0.0,0.0
2010-01-29 00:00:00-05:00,19.739374590626547,19.785664378891425,19.435182571411133,19.435182571411133,6100,0.0,0.0,0.0
2010-02-01 00:00:00-05:00,19.507922171065072,19.93775749206543,19.507922171065072,19.93775749206543,15000,0.0,0.0,0.0
2010-02-02 00:00:00-05:00,19.851791360260737,20.09646629321518,19.84517835378872,20.089853286743164,9700,0.0,0.0,0.0
2010-02-03 00:00:00-05:00,20.076632466248217,20.195664083447674,19.997277634347824,20.050180435180664,11600,0.0,0.0,0.0
2010-02-04 00:00:00-05:00,19.79227514783483,19.79227514783483,19.09131287344215,19.150827407836914,25700,0.0,0.0,0.0
2010-02-05 00:00:00-05:00,18.98551370879261,18.98551370879261,16.274243081182117,18.91277313232422,204900,0.0,0.0,0.0
2010-02-08 00:00:00-05:00,19.04502439014315,19.04502439014315,18.740833625722857,18.767284393310547,15100,0.0,0.0,0.0
2010-02-09 00:00:00-05:00,19.137608591451393,19.48147619830419,19.11776956629931,19.362445831298828,25900,0.0,0.0,0.0
2010-02-10 00:00:00-05:00,19.362437965481124,19.574049102595367,19.30292217550501,19.534372329711914,4000,0.0,0.0,0.0
2010-02-11 00:00:00-05:00,19.567435756952857,19.772433884808116,19.395501395709086,19.745983123779297,8100,0.0,0.0,0.0
2010-02-12 00:00:00-05:00,19.613730513601443,19.613730513601443,19.3293775078741,19.47486114501953,11500,0.0,0.0,0.0
2010-02-16 00:00:00-05:00,19.64679808473496,19.858410574079244,19.64679808473496,19.838571548461914,2800,0.0,0.0,0.0
2010-02-17 00:00:00-05:00,20.116306457748784,20.116306457748784,19.91792129750338,19.98404884338379,4900,0.0,0.0,0.0
2010-02-18 00:00:00-05:00,19.898084063945994,20.010502667861594,19.82534224338231,19.950986862182617,6400,0.0,0.0,0.0
2010-02-19 00:00:00-05:00,19.745985267824356,19.891467622534133,19.68646947241991,19.81211280822754,12400,0.0,0.0,0.0
2010-02-22 00:00:00-05:00,19.805502968834414,19.805502968834414,19.68647136657277,19.7393741607666,6800,0.0,0.0,0.0
2010-02-23 00:00:00-05:00,19.600499864083712,19.785660239709607,19.43517850555048,19.534372329711914,13900,0.0,0.0,0.0
2010-02-24 00:00:00-05:00,19.521151918562218,19.699699339712403,19.521151918562218,19.574054718017578,19700,0.0,0.0,0.0
2010-02-25 00:00:00-05:00,19.34921329208392,19.660017013549805,19.243407716210346,19.660017013549805,17300,0.0,0.0,0.0
2010-02-26 00:00:00-05:00,19.593890644883974,19.772438049316406,19.56082687130854,19.772438049316406,9100,0.0,0.0,0.0
2010-03-01 00:00:00-05:00,19.81872809651292,20.056791305541992,19.81872809651292,20.056791305541992,5100,0.0,0.0,0.0
2010-03-02 00:00:00-05:00,20.17582465261945,20.360985082445506,20.17582465261945,20.261791229248047,5500,0.0,0.0,0.0
2010-03-03 00:00:00-05:00,20.268403430976928,20.486627628990366,20.26179042360656,20.321306228637695,16900,0.0,0.0,0.0
2010-03-04 00:00:00-05:00,20.347760641617242,20.347760641617242,20.149374181174114,20.235342025756836,47100,0.0,0.0,0.0
2010-03-05 00:00:00-05:00,20.420500950400058,20.632113424457458,20.41388920364099,20.605661392211914,8800,0.0,0.0,0.0
2010-03-08 00:00:00-05:00,20.770982512052957,20.797434543919266,20.65195089125916,20.77759552001953,7700,0.0,0.0,0.0
2010-03-09 00:00:00-05:00,20.704848986833593,20.995814964705893,20.63210843834203,20.87678337097168,9400,0.0,0.0,0.0
2010-03-10 00:00:00-05:00,20.989200592041016,21.101619171994592,20.909847042251393,20.989200592041016,7600,0.0,0.0,0.0
2010-03-11 00:00:00-05:00,20.956137728273674,20.956137728273674,20.790816354219483,20.8900089263916,8600,0.0,0.0,0.0
2010-03-12 00:00:00-05:00,21.121459564903343,21.121459564903343,20.804041561178103,20.87678337097168,13200,0.0,0.0,0.0
2010-03-15 00:00:00-04:00,20.82388014858072,20.82388014858072,20.585816966050864,20.724687576293945,10700,0.0,0.0,0.0
2010-03-16 00:00:00-04:00,20.665170988978765,20.837105362963303,20.665170988978765,20.784202575683594,8800,0.0,0.0,0.0
2010-03-17 00:00:00-04:00,21.028877231030066,21.161134828227254,20.94952368175329,21.121458053588867,21500,0.0,0.0,0.0
2010-03-18 00:00:00-04:00,21.035492085499943,21.035492085499943,20.830493927001953,20.830493927001953,11100,0.0,0.0,0.0
2010-03-19 00:00:00-04:00,20.53952980041504,21.015656226147364,20.53952980041504,20.53952980041504,6100,0.0,0.0,0.0
2010-03-22 00:00:00-04:00,20.526305232173307,20.625497817993164,20.387434602983774,20.625497817993164,13500,0.0,0.0,0.0
2010-03-23 00:00:00-04:00,20.605655985029017,20.724687576293945,20.5395271830705,20.724687576293945,5700,0.0,0.0,0.0
2010-03-24 00:00:00-04:00,20.49984606117395,20.52629808087126,20.41387951976114,20.446943283081055,4300,0.0,0.0,0.0
2010-03-25 00:00:00-04:00,20.67839850274239,20.67839850274239,20.466787338256836,20.466787338256836,19900,0.0,0.0,0.0
2010-03-26 00:00:00-04:00,20.499851684863643,20.592431256597976,20.427109872042625,20.48662567138672,7300,0.0,0.0,0.0
2010-03-29 00:00:00-04:00,20.638721201255425,20.81726860066141,20.638721201255425,20.81065559387207,4900,0.0,0.0,0.0
2010-03-30 00:00:00-04:00,20.942910139781585,20.942910139781585,20.757749760704623,20.843717575073242,51000,0.0,0.0,0.0
2010-03-31 00:00:00-04:00,20.757756793716837,20.757756793716837,20.605661392211914,20.605661392211914,6500,0.0,0.0,0.0
2010-04-01 00:00:00-04:00,20.817267574104573,20.956138187228493,20.817267574104573,20.87678337097168,7900,0.0,0.0,0.0
2010-04-05 00:00:00-04:00,21.12146057048327,21.12146057048327,20.975976943969727,20.975976943969727,4500,0.0,0.0,0.0
2010-04-06 00:00:00-04:00,21.286781235562096,21.286781235562096,20.962752724318225,21.088396072387695,46800,0.0,0.0,0.0
2010-04-07 00:00:00-04:00,21.11484552378436,21.11484552378436,20.870169341842157,20.94291114807129,16600,0.0,0.0,0.0
2010-04-08 00:00:00-04:00,20.890009578080058,20.982589146821898,20.737914211917886,20.962751388549805,13200,0.0,0.0,0.0
2010-04-09 00:00:00-04:00,21.00904197786011,21.00904197786011,20.916461144269107,20.975976943969727,75000,0.0,0.0,0.0
2010-04-12 00:00:00-04:00,21.015657130353286,21.015657130353286,20.856948735381412,20.896625518798828,26300,0.0,0.0,0.0
2010-04-13 00:00:00-04:00,21.04210474864653,21.04210474864653,20.79742981601688,20.87678337097168,64700,0.0,0.0,0.0
2010-04-14 00:00:00-04:00,21.174363098558793,21.174363098558793,21.01565472177628,21.147911071777344,11600,0.0,0.0,0.0
2010-04-15 00:00:00-04:00,21.0883943937488,21.121459425847288,20.995814826477037,21.0817813873291,18500,0.0,0.0,0.0
2010-04-16 00:00:00-04:00,21.081783729192885,21.081783729192885,20.63872234027182,20.704851150512695,19100,0.0,0.0,0.0
2010-04-19 00:00:00-04:00,20.618885735085566,20.651949511407008,20.36759649435461,20.52630615234375,24600,0.0,0.0,0.0
2010-04-20 00:00:00-04:00,20.70484698697166,20.71145999279615,20.625493439681545,20.678396224975586,28000,0.0,0.0,0.0
2010-04-21 00:00:00-04:00,20.73130230100103,20.74452831474941,20.519691126235298,20.638721466064453,18900,0.0,0.0,0.0
2010-04-22 00:00:00-04:00,20.665169214180832,20.817264556884766,20.4403320722264,20.817264556884766,8500,0.0,0.0,0.0
2010-04-23 00:00:00-04:00,20.84372059231441,20.975976943969727,20.79081779939187,20.975976943969727,14000,0.0,0.0,0.0
2010-04-26 00:00:00-04:00,21.121458959440528,21.121458959440528,21.022266387939453,21.022266387939453,14300,0.0,0.0,0.0
2010-04-27 00:00:00-04:00,20.823881363376962,20.823881363376962,20.23533764034667,20.288240432739258,17000,0.0,0.0,0.0
2010-04-28 00:00:00-04:00,20.374202380652648,20.539523727080894,20.23533305507777,20.513072967529297,22000,0.0,0.0,0.0
2010-04-29 00:00:00-04:00,20.632107219917177,20.790815581756302,20.585816177408233,20.784202575683594,11500,0.0,0.0,0.0
2010-04-30 00:00:00-04:00,20.856942365435607,20.856942365435607,20.486621628965832,20.493234634399414,18000,0.0,0.0,0.0
2010-05-03 00:00:00-04:00,20.625493667285266,20.678396453163092,20.453559297856852,20.671783447265625,16500,0.0,0.0,0.0
2010-05-04 00:00:00-04:00,20.235334776585866,20.235334776585866,19.72614468355542,19.76582145690918,54200,0.0,0.0,0.0
2010-05-05 00:00:00-04:00,19.41533897099882,19.574047309294237,19.263242376493345,19.40211296081543,23400,0.0,0.0,0.0
2010-05-06 00:00:00-04:00,19.183891356354533,19.183891356354533,17.920836227974068,18.522605895996094,35500,0.0,0.0,0.0
2010-05-07 00:00:00-04:00,18.522607609896895,18.734218774983713,18.020030462164684,18.4366397857666,24400,0.0,0.0,0.0
2010-05-10 00:00:00-04:00,20.08985334326674,20.15598214687092,19.051635288977753,19.75921058654785,43300,0.0,0.0,0.0
2010-05-11 00:00:00-04:00,19.613726094146134,19.911305047344317,19.600500082603574,19.69308090209961,20500,0.0,0.0,0.0
2010-05-12 00:00:00-04:00,19.891466797914973,19.977433353656473,19.825337998951237,19.964208602905273,25300,0.0,0.0,0.0
2010-05-13 00:00:00-04:00,19.739370118196632,19.931142234886558,19.322759595601607,19.745983123779297,18800,0.0,0.0,0.0
2010-05-14 00:00:00-04:00,19.375668329851255,19.739376180793165,19.203735177103134,19.408733367919922,8300,0.0,0.0,0.0
2010-05-17 00:00:00-04:00,19.34921680740368,19.34921680740368,18.859865614758743,19.302927017211914,11400,0.0,0.0,0.0
2010-05-18 00:00:00-04:00,19.468248280950444,19.468248280950444,18.985508837738383,19.051637649536133,20300,0.0,0.0,0.0
2010-05-19 00:00:00-04:00,18.859865760808244,18.91276855876596,18.47632016028924,18.879703521728516,22700,0.0,0.0,0.0
2010-05-20 00:00:00-04:00,18.0663195366789,18.211803152933665,17.603420446573523,18.00019073486328,104500,0.0,0.0,0.0
2010-05-21 00:00:00-04:00,17.616647274562325,18.449867248535156,17.616647274562325,18.449867248535156,29400,0.0,0.0,0.0
2010-05-24 00:00:00-04:00,18.357291421605087,18.529225857192813,18.32422637939453,18.32422637939453,8800,0.0,0.0,0.0
2010-05-25 00:00:00-04:00,17.616646952051894,17.986967774572836,17.418261788153046,17.96712875366211,25200,0.0,0.0,0.0
2010-05-26 00:00:00-04:00,18.105996968474827,18.449865741318536,17.986966634461574,18.072933197021484,6200,0.0,0.0,0.0
2010-05-27 00:00:00-04:00,18.82018732677495,19.018573760986328,18.56889935700314,19.018573760986328,12300,0.0,0.0,0.0
2010-05-28 00:00:00-04:00,18.886312731045237,18.93260251228646,18.70776661215794,18.714378356933594,6100,0.0,0.0,0.0
2010-06-01 00:00:00-04:00,18.51599571340944,18.773896678658108,18.45647991199788,18.496156692504883,6600,0.0,0.0,0.0
2010-06-02 00:00:00-04:00,18.562279779961038,18.826793670654297,18.515990006752432,18.826793670654297,11900,0.0,0.0,0.0
2010-06-03 00:00:00-04:00,18.71438304005689,18.7805118560791,18.7077712936267,18.7805118560791,1800,0.0,0.0,0.0
2010-06-04 00:00:00-04:00,18.44986378172113,18.568895364393832,18.238252639770508,18.238252639770508,16600,0.0,0.0,0.0
2010-06-07 00:00:00-04:00,18.37712472681546,18.390349478280914,18.07293273967395,18.086158752441406,8500,0.0,0.0,0.0
2010-06-08 00:00:00-04:00,18.27792628915199,18.383731842041016,18.145669978691547,18.383731842041016,6900,0.0,0.0,0.0
2010-06-09 00:00:00-04:00,18.575508357914412,18.694539940508115,18.403573989868164,18.403573989868164,16900,0.0,0.0,0.0
2010-06-10 00:00:00-04:00,18.681319605461923,19.025188446044922,18.681319605461923,19.025188446044922,18700,0.0,0.0,0.0
2010-06-11 00:00:00-04:00,18.78050589248991,19.12437461757102,18.78050589248991,19.117761611938477,11600,0.0,0.0,0.0
2010-06-14 00:00:00-04:00,19.236795340029914,19.369052944854086,19.11115074157715,19.11115074157715,11200,0.0,0.0,0.0
2010-06-15 00:00:00-04:00,19.21695647074211,19.600502014160156,19.21695647074211,19.600502014160156,7000,0.0,0.0,0.0
2010-06-16 00:00:00-04:00,19.540984987603625,19.540984987603625,19.362438870630534,19.50792121887207,5700,0.0,0.0,0.0
2010-06-17 00:00:00-04:00,19.514534131934333,19.514534131934333,19.3425997604849,19.38227653503418,5900,0.0,0.0,0.0
2010-06-18 00:00:00-04:00,19.5079209906527,19.580662794573442,19.5079209906527,19.51453399658203,4400,0.0,0.0,0.0
2010-06-21 00:00:00-04:00,20.105190590212487,20.105190590212487,19.65915957435596,19.692949295043945,21600,0.634,0.0,0.0
2010-06-22 00:00:00-04:00,19.747009442229164,19.814590158297374,19.530752182006836,19.530752182006836,4800,0.0,0.0,0.0
2010-06-23 00:00:00-04:00,19.53075258655847,19.69294553508481,19.49696287232193,19.645639419555664,8800,0.0,0.0,0.0
2010-06-24 00:00:00-04:00,19.645647083099462,19.760533960912724,19.34153566935528,19.571308135986328,27100,0.0,0.0,0.0
2010-06-25 00:00:00-04:00,19.571301475536742,19.672673201281743,19.415866719920466,19.659156799316406,16000,0.0,0.0,0.0
2010-06-28 00:00:00-04:00,19.834867491264827,19.834867491264827,19.692947839078407,19.760528564453125,2300,0.0,0.0,0.0
2010-06-29 00:00:00-04:00,19.361802843674507,19.361802843674507,18.82115964265198,19.030658721923828,12800,0.0,0.0,0.0
2010-06-30 00:00:00-04:00,19.199613261672887,19.44290338943914,19.03742027282715,19.03742027282715,29400,0.0,0.0,0.0
2010-07-01 00:00:00-04:00,19.159062244219257,19.25367448352562,18.773853796763248,19.240158081054688,84000,0.0,0.0,0.0
2010-07-02 00:00:00-04:00,19.219884766343373,19.294222401943337,19.13202943927739,19.240158081054688,4600,0.0,0.0,0.0
2010-07-06 00:00:00-04:00,19.523995548148477,19.692946707378546,19.321254672670413,19.368560791015625,9800,0.0,0.0,0.0
2010-07-07 00:00:00-04:00,19.4902065517097,19.719980239868164,19.41586762642458,19.719980239868164,56000,0.0,0.0,0.0
2010-07-08 00:00:00-04:00,19.841628119144303,19.841628119144303,19.564548271319342,19.780805587768555,49700,0.0,0.0,0.0
2010-07-09 00:00:00-04:00,19.794324053201084,20.037612915039062,19.794324053201084,20.037612915039062,4900,0.0,0.0,0.0
2010-07-12 00:00:00-04:00,19.915961457519092,19.970025774935355,19.72673699105967,19.787559509277344,3900,0.0,0.0,0.0
2010-07-13 00:00:00-04:00,20.064641563576885,20.064641563576885,19.88217398831311,19.94975471496582,9800,0.0,0.0,0.0
2010-07-14 00:00:00-04:00,19.855138883420523,19.875413485767687,19.76728485123948,19.83486557006836,12900,0.0,0.0,0.0
2010-07-15 00:00:00-04:00,19.780804484940322,19.983545385559335,19.652401227084166,19.861900329589844,10200,0.0,0.0,0.0
2010-07-16 00:00:00-04:00,19.665917003088644,19.665917003088644,19.429385100586813,19.46317481994629,66700,0.0,0.0,0.0
2010-07-19 00:00:00-04:00,19.65915957435596,19.692949295043945,19.496966594862247,19.692949295043945,5500,0.0,0.0,0.0
2010-07-20 00:00:00-04:00,19.523993357195007,19.90244483947754,19.523993357195007,19.90244483947754,9800,0.0,0.0,0.0
2010-07-21 00:00:00-04:00,19.94975433770331,20.037608378393855,19.760528564453125,19.760528564453125,5800,0.0,0.0,0.0
2010-07-22 00:00:00-04:00,20.071398074612752,20.375509385443227,20.071398074612752,20.206558227539062,7500,0.0,0.0,0.0
2010-07-23 00:00:00-04:00,20.26062006601399,20.45660400390625,20.18628244215389,20.45660400390625,15900,0.0,0.0,0.0
2010-07-26 00:00:00-04:00,20.490396034906762,20.51742883863908,20.30117156476065,20.497154235839844,26100,0.0,0.0,0.0
2010-07-27 00:00:00-04:00,20.659347191248667,20.659347191248667,20.402542000766786,20.497154235839844,7800,0.0,0.0,0.0
2010-07-28 00:00:00-04:00,20.382266539020993,20.449847256508782,20.314685821533203,20.314685821533203,8300,0.0,0.0,0.0
2010-07-29 00:00:00-04:00,20.612043053384017,20.612043053384017,20.294415312993074,20.44985008239746,25700,0.0,0.0,0.0
2010-07-30 00:00:00-04:00,20.52418921377696,20.71341370396834,20.45660848628211,20.706655502319336,19300,0.0,0.0,0.0
2010-08-02 00:00:00-04:00,21.08510625462204,21.098621368408203,20.902638684060122,21.098621368408203,12300,0.0,0.0,0.0
2010-08-03 00:00:00-04:00,20.990493899609007,20.990493899609007,20.80802760782415,20.89588165283203,18000,0.0,0.0,0.0
2010-08-04 00:00:00-04:00,20.9229083702456,20.95669937133789,20.84857074583235,20.95669937133789,4600,0.0,0.0,0.0
2010-08-05 00:00:00-04:00,20.85533230415341,20.868847417771626,20.814783096313477,20.814783096313477,2000,0.0,0.0,0.0
2010-08-06 00:00:00-04:00,20.632319085002408,20.929672241210938,20.632319085002408,20.929672241210938,7100,0.0,0.0,0.0
2010-08-09 00:00:00-04:00,20.84181583008973,20.976977277769283,20.84181583008973,20.93642807006836,5700,0.0,0.0,0.0
2010-08-10 00:00:00-04:00,20.64583065987502,20.808024903261455,20.598524542635232,20.74044418334961,15400,0.0,0.0,0.0
2010-08-11 00:00:00-04:00,20.368754306034564,20.368754306034564,20.003820419311523,20.003820419311523,18700,0.0,0.0,0.0
2010-08-12 00:00:00-04:00,19.82810857694723,20.044365859175123,19.760527854002245,20.03084945678711,11200,0.0,0.0,0.0
2010-08-13 00:00:00-04:00,20.030849445653303,20.145736287897396,20.030849445653303,20.105188369750977,5600,0.0,0.0,0.0
2010-08-16 00:00:00-04:00,20.24710745497025,20.38226890563965,20.24710745497025,20.38226890563965,32700,0.0,0.0,0.0
2010-08-17 00:00:00-04:00,20.456606319236396,20.57825135804177,20.436331716437156,20.497154235839844,5600,0.0,0.0,0.0
2010-08-18 00:00:00-04:00,20.46336394574548,20.639073298088153,20.44308934351537,20.59852409362793,8500,0.0,0.0,0.0
2010-08-19 00:00:00-04:00,20.49715615846642,20.49715615846642,20.32144678470996,20.42281723022461,6000,0.0,0.0,0.0
2010-08-20 00:00:00-04:00,20.328204986276955,20.42281723022461,20.26062425960214,20.42281723022461,6800,0.0,0.0,0.0
2010-08-23 00:00:00-04:00,20.510672826142123,20.510672826142123,20.15925407409668,20.15925407409668,3500,0.0,0.0,0.0
2010-08-24 00:00:00-04:00,19.990299581299652,20.105186412358645,19.990299581299652,20.078153610229492,5900,0.0,0.0,0.0
2010-08-25 00:00:00-04:00,19.942992595633267,20.1254601350516,19.828105769591527,20.118701934814453,73900,0.0,0.0,0.0
2010-08-26 00:00:00-04:00,20.206559350427945,20.206559350427945,19.93623774055838,19.97678565979004,7600,0.0,0.0,0.0
2010-08-27 00:00:00-04:00,20.2335927423293,20.42281723022461,20.2335927423293,20.42281723022461,58000,0.0,0.0,0.0
2010-08-30 00:00:00-04:00,20.30117625750603,20.30117625750603,20.057886123657227,20.057886123657227,5800,0.0,0.0,0.0
2010-08-31 00:00:00-04:00,20.10518789554575,20.220074735080097,20.07815509142235,20.1862850189209,4500,0.0,0.0,0.0
2010-09-01 00:00:00-04:00,20.280901633978154,20.632320429482828,20.280901633978154,20.557981491088867,6900,0.0,0.0,0.0
2010-09-02 00:00:00-04:00,20.61204049511467,20.61204049511467,20.53094337518921,20.59852409362793,11000,0.0,0.0,0.0
2010-09-03 00:00:00-04:00,20.902641990026577,20.902641990026577,20.659351857465197,20.67962646484375,7900,0.0,0.0,0.0
2010-09-07 00:00:00-04:00,20.63907626673184,20.63907626673184,20.45660868740038,20.490398406982422,56900,0.0,0.0,0.0
2010-09-08 00:00:00-04:00,20.62556460921143,20.62556460921143,20.517435934874438,20.551225662231445,61200,0.0,0.0,0.0
2010-09-09 00:00:00-04:00,20.74044697691905,20.74044697691905,20.632318326094055,20.69989776611328,8600,0.0,0.0,0.0
2010-09-10 00:00:00-04:00,20.652590579644368,20.916155280337087,20.652590579644368,20.88236427307129,11000,0.0,0.0,0.0
2010-09-13 00:00:00-04:00,21.260816172364986,21.260816172364986,21.09186498998194,21.22026824951172,17000,0.0,0.0,0.0
2010-09-14 00:00:00-04:00,21.267570952484448,21.39597419135473,21.213506634380384,21.33515167236328,24000,0.0,0.0,0.0
2010-09-15 00:00:00-04:00,21.06483150578027,21.34191131591797,21.06483150578027,21.34191131591797,16900,0.0,0.0,0.0
2010-09-16 00:00:00-04:00,21.36218302819111,21.40273094177246,21.328392026044213,21.40273094177246,8900,0.0,0.0,0.0
2010-09-17 00:00:00-04:00,21.537898642540924,21.537898642540924,21.321640032827773,21.423011779785156,13000,0.0,0.0,0.0
2010-09-20 00:00:00-04:00,21.53789757584143,21.53789757584143,21.429767631842516,21.531139373779297,42700,0.0,0.0,0.0
2010-09-21 00:00:00-04:00,21.598719174589814,21.60547737676402,21.395978265344606,21.544654846191406,19100,0.0,0.0,0.0
2010-09-22 00:00:00-04:00,21.59871771216735,21.6527833259003,21.52438007127489,21.612234115600586,8900,0.0,0.0,0.0
2010-09-23 00:00:00-04:00,21.537897617591486,21.564929136897184,21.355430028545868,21.382461547851562,21500,0.0,0.0,0.0
2010-09-24 00:00:00-04:00,21.63250468999428,21.686570296874816,21.605473175549026,21.679813385009766,6900,0.0,0.0,0.0
2010-09-27 00:00:00-04:00,21.639266051227242,21.646022963676636,21.517621003216117,21.57844352722168,18900,0.0,0.0,0.0
2010-09-28 00:00:00-04:00,21.490593712549067,21.646028518676758,21.45680398565016,21.646028518676758,10500,0.0,0.0,0.0
2010-09-29 00:00:00-04:00,21.666301684427896,21.727124216370715,21.571688140852796,21.63926887512207,16700,0.0,0.0,0.0
2010-09-30 00:00:00-04:00,21.88256267343043,21.88256267343043,21.639272504850155,21.808223724365234,22100,0.0,0.0,0.0
2010-10-01 00:00:00-04:00,22.037988558166177,22.098811075671296,21.916343523155934,22.05826187133789,18400,0.0,0.0,0.0
2010-10-04 00:00:00-04:00,22.315074148586902,22.315074148586902,22.03799429186148,22.159639358520508,79000,0.0,0.0,0.0
2010-10-05 00:00:00-04:00,22.43671200457909,22.63945285785746,22.328583377631304,22.59890365600586,25000,0.0,0.0,0.0
2010-10-06 00:00:00-04:00,22.666489560166646,22.666489560166646,22.463748671995027,22.477262496948242,63800,0.0,0.0,0.0
2010-10-07 00:00:00-04:00,22.625942688035604,22.625942688035604,22.220460869816144,22.2947998046875,21900,0.0,0.0,0.0
2010-10-08 00:00:00-04:00,22.37589649633233,22.46375183885533,22.173155579579017,22.402929306030273,11800,0.0,0.0,0.0
2010-10-11 00:00:00-04:00,22.538088063926423,22.54484755530585,22.47726553146464,22.497541427612305,67400,0.0,0.0,0.0
2010-10-12 00:00:00-04:00,22.4231995092837,22.54484455803492,22.220458620695098,22.504295349121094,44800,0.0,0.0,0.0
2010-10-13 00:00:00-04:00,22.673251142855054,22.794896216412397,22.673251142855054,22.761106491088867,21900,0.0,0.0,0.0
2010-10-14 00:00:00-04:00,22.73407389148456,22.74083338340673,22.511059639878436,22.61918830871582,32700,0.0,0.0,0.0
2010-10-15 00:00:00-04:00,22.882743899141268,22.882743899141268,22.558358004318187,22.68675994873047,39600,0.0,0.0,0.0
2010-10-18 00:00:00-04:00,22.5921553455122,22.62594507092402,22.551606128223536,22.612428665161133,34800,0.0,0.0,0.0
2010-10-19 00:00:00-04:00,22.362373359039566,22.362373359039566,22.071777187250497,22.13935661315918,38000,0.0,0.0,0.0
2010-10-20 00:00:00-04:00,22.247490107999486,22.355621337890625,22.11908813948938,22.355621337890625,16600,0.0,0.0,0.0
2010-10-21 00:00:00-04:00,22.484022293305113,22.484022293305113,22.0582646177592,22.240732192993164,21800,0.0,0.0,0.0
2010-10-22 00:00:00-04:00,22.382646827030715,22.382646827030715,22.1258429443981,22.146116256713867,10100,0.0,0.0,0.0
2010-10-25 00:00:00-04:00,22.17990775697011,22.396165032395345,22.152874953044435,22.3150691986084,34700,0.0,0.0,0.0
2010-10-26 00:00:00-04:00,22.29479872069902,22.32858844090934,22.146120858185125,22.301555633544922,28300,0.0,0.0,0.0
2010-10-27 00:00:00-04:00,22.071781204140944,22.13260372972392,21.94337924035036,22.098814010620117,73800,0.0,0.0,0.0
2010-10-28 00:00:00-04:00,22.152876041027145,22.261004684050228,22.152876041027145,22.23397445678711,14600,0.0,0.0,0.0
2010-10-29 00:00:00-04:00,22.416443157696,22.416443157696,22.254251455310108,22.328590393066406,22500,0.0,0.0,0.0
2010-11-01 00:00:00-04:00,22.632701915864377,22.65297523314231,22.409685113845153,22.484024047851562,20600,0.0,0.0,0.0
2010-11-02 00:00:00-04:00,22.761100875018528,22.761100875018528,22.605666114489605,22.740827560424805,10300,0.0,0.0,0.0
2010-11-03 00:00:00-04:00,23.159821379170964,23.159821379170964,22.842192427490843,23.092239379882812,45700,0.0,0.0,0.0
2010-11-04 00:00:00-04:00,23.545036145677837,23.61261558532715,23.477456706028526,23.61261558532715,23400,0.0,0.0,0.0
2010-11-05 00:00:00-04:00,23.585583521559183,23.585583521559183,23.349050345205566,23.490968704223633,33400,0.0,0.0,0.0
2010-11-08 00:00:00-05:00,23.605863604141998,23.605863604141998,23.382846766325375,23.531524658203125,40700,0.0,0.0,0.0
2010-11-09 00:00:00-05:00,23.713985669961605,23.713985669961605,23.1868588590639,23.27471160888672,35900,0.0,0.0,0.0
2010-11-10 00:00:00-05:00,23.477453959480354,23.497727273405367,23.159824958708118,23.430145263671875,51300,0.0,0.0,0.0
2010-11-11 00:00:00-05:00,23.34904972678747,23.34904972678747,23.0922432425159,23.11927604675293,28800,0.0,0.0,0.0
2010-11-12 00:00:00-05:00,22.990874559711322,22.990874559711322,22.639455831475864,22.740827560424805,48700,0.0,0.0,0.0
2010-11-15 00:00:00-05:00,22.788136501024887,22.9232953857029,22.57863610498921,22.62594223022461,24800,0.0,0.0,0.0
2010-11-16 00:00:00-05:00,22.484025300692817,22.531331428970947,22.044751163263705,22.132606506347656,35500,0.0,0.0,0.0
2010-11-17 00:00:00-05:00,22.159638361131694,22.267767017962857,22.159638361131694,22.220460891723633,38100,0.0,0.0,0.0
2010-11-18 00:00:00-05:00,22.558357032144077,22.659726169788353,22.517807830292472,22.59890365600586,20200,0.0,0.0,0.0
2010-11-19 00:00:00-05:00,22.443472902170278,22.673246597494103,22.375893465071034,22.632699966430664,30400,0.0,0.0,0.0
2010-11-22 00:00:00-05:00,22.59890763829872,22.652973250294757,22.301554506291332,22.531328201293945,77800,0.0,0.0,0.0
2010-11-23 00:00:00-05:00,22.200182151675797,22.200182151675797,21.84200650518907,21.983924865722656,16700,0.0,0.0,0.0
2010-11-24 00:00:00-05:00,22.281281341234187,22.382650497425807,22.261005447603633,22.28803825378418,12700,0.0,0.0,0.0
2010-11-26 00:00:00-05:00,22.254251777662365,22.254251777662365,21.99068832397461,21.99068832397461,3700,0.0,0.0,0.0
2010-11-29 00:00:00-05:00,22.065026967777982,22.25425148010254,21.97041213362507,22.25425148010254,19900,0.0,0.0,0.0
2010-11-30 00:00:00-05:00,21.767671223653856,22.247491996059477,21.767671223653856,22.078540802001953,21700,0.0,0.0,0.0
2010-12-01 00:00:00-05:00,22.369134912445126,22.619184511774858,22.36237799964801,22.544845581054688,37700,0.0,0.0,0.0
2010-12-02 00:00:00-05:00,22.666491337888107,22.82192611694336,22.625942125877422,22.82192611694336,74400,0.0,0.0,0.0
2010-12-03 00:00:00-05:00,22.747586949028555,22.943570938070767,22.740830036091776,22.936811447143555,19000,0.0,0.0,0.0
2010-12-06 00:00:00-05:00,22.95032813235316,22.95032813235316,22.7543441409084,22.84895896911621,89700,0.0,0.0,0.0
2010-12-07 00:00:00-05:00,23.112521323295454,23.112521323295454,22.774618972305724,22.781375885009766,35200,0.0,0.0,0.0
2010-12-08 00:00:00-05:00,22.835443653597086,22.835443653597086,22.571880207430922,22.666492462158203,22400,0.0,0.0,0.0
2010-12-09 00:00:00-05:00,22.788133713806968,22.788133713806968,22.456988299671114,22.517810821533203,17000,0.0,0.0,0.0
2010-12-10 00:00:00-05:00,22.456994904628935,22.598913304717538,22.456994904628935,22.57863998413086,81000,0.0,0.0,0.0
2010-12-13 00:00:00-05:00,22.801649965193963,22.882745801142892,22.747584355901246,22.835439682006836,69200,0.0,0.0,0.0
2010-12-14 00:00:00-05:00,22.821919517761597,22.8692256290998,22.73406420613791,22.788129806518555,51300,0.0,0.0,0.0
2010-12-15 00:00:00-05:00,22.67325152748104,22.67325152748104,22.41644497028235,22.450237274169922,75400,0.0,0.0,0.0
2010-12-16 00:00:00-05:00,22.51105210155259,22.578631530198926,22.436713183247647,22.571874618530273,108900,0.0,0.0,0.0
2010-12-17 00:00:00-05:00,22.592153396933487,22.592153396933487,22.443475524356018,22.58539390563965,18400,0.0,0.0,0.0
2010-12-20 00:00:00-05:00,22.701513963236163,22.701513963236163,22.490999442143,22.55211639404297,19100,0.161,0.0,0.0
2010-12-21 00:00:00-05:00,22.90523831380988,22.90523831380988,22.789796611306212,22.878074645996094,53400,0.0,0.0,0.0
2010-12-22 00:00:00-05:00,22.905236227504563,22.925607681274414,22.76263087017621,22.925607681274414,24900,0.0,0.0,0.0
2010-12-23 00:00:00-05:00,23.400963226625485,23.400963226625485,22.749050752157046,22.823749542236328,29800,0.0,0.0,0.0
2010-12-27 00:00:00-05:00,22.952773474541818,22.952773474541818,22.742261524817817,22.837331771850586,66800,0.0,0.0,0.0
2010-12-28 00:00:00-05:00,22.79658504325421,22.79658504325421,22.674351134941602,22.68793296813965,9800,0.0,0.0,0.0
2010-12-29 00:00:00-05:00,22.965204526108412,23.10826806975091,22.95839309017949,23.067394256591797,51700,0.107,0.0,0.0
2010-12-30 00:00:00-05:00,23.244517650565903,23.299019527243587,23.162767434341898,23.230892181396484,89100,0.0,0.0,0.0
2010-12-31 00:00:00-05:00,23.462521859807453,23.462521859807453,23.305832849858405,23.38077163696289,17700,0.0,0.0,0.0
2011-01-03 00:00:00-05:00,23.551085481519237,23.741836862605567,23.551085481519237,23.694149017333984,36200,0.0,0.0,0.0
2011-01-04 00:00:00-05:00,23.850839933441836,24.055219399596186,23.63283759508387,23.803152084350586,56000,0.0,0.0,0.0
2011-01-05 00:00:00-05:00,23.735027635547386,23.91215356320982,23.714590728184426,23.864465713500977,28400,0.0,0.0,0.0
2011-01-06 00:00:00-05:00,23.918971144935483,23.918971144935483,23.544279727894917,23.62602996826172,30700,0.0,0.0,0.0
2011-01-07 00:00:00-05:00,23.660086601020204,23.687337540783275,23.333083120241284,23.557899475097656,27300,0.0,0.0,0.0
2011-01-10 00:00:00-05:00,23.428464918535184,23.428464918535184,23.196837067747847,23.3194637298584,53900,0.0,0.0,0.0
2011-01-11 00:00:00-05:00,23.585151995485305,23.585151995485305,23.373963671879398,23.537464141845703,14100,0.0,0.0,0.0
2011-01-12 00:00:00-05:00,23.925778675563123,23.925778675563123,23.782715128582144,23.884904861450195,10300,0.0,0.0,0.0
2011-01-13 00:00:00-05:00,23.82359125616624,23.83040269217253,23.721401524522058,23.78271484375,12900,0.0,0.0,0.0
2011-01-14 00:00:00-05:00,23.74183558722991,23.84402530663249,23.735024152039582,23.816774368286133,115200,0.0,0.0,0.0
2011-01-18 00:00:00-05:00,23.953025515538936,23.953025515538936,23.803147959343793,23.8508358001709,27000,0.0,0.0,0.0
2011-01-19 00:00:00-05:00,24.109717366858472,24.109717366858472,23.782713877196805,23.85765266418457,20900,0.0,0.0,0.0
2011-01-20 00:00:00-05:00,23.71458848054635,23.71458848054635,23.408021905193408,23.557899475097656,17200,0.0,0.0,0.0
2011-01-21 00:00:00-05:00,23.78952822808683,23.78952822808683,23.387588500976562,23.387588500976562,24500,0.0,0.0,0.0
2011-01-24 00:00:00-05:00,23.29220894775978,23.3671477399096,23.17639634083216,23.360336303710938,25400,0.0,0.0,0.0
2011-01-25 00:00:00-05:00,23.169585494779575,23.264963806238562,23.081023818043263,23.237712860107422,40200,0.0,0.0,0.0
2011-01-26 00:00:00-05:00,23.305829076868235,23.469332094880514,23.305829076868235,23.44889259338379,35500,0.0,0.0,0.0
2011-01-27 00:00:00-05:00,23.619209266379688,23.653274239145773,23.54427308315493,23.551084518432617,11800,0.0,0.0,0.0
2011-01-28 00:00:00-05:00,23.428461446281855,23.428461446281855,22.863018675946318,22.94476890563965,22800,0.0,0.0,0.0
2011-01-31 00:00:00-05:00,22.869830074084824,23.10145789015677,22.869830074084824,23.094646453857422,24700,0.0,0.0,0.0
2011-02-01 00:00:00-05:00,23.101457903255234,23.367148098560445,23.101457903255234,23.33989715576172,25200,0.0,0.0,0.0
2011-02-02 00:00:00-05:00,23.380777060913672,23.414839445101418,23.271775872236887,23.3194637298584,22900,0.0,0.0,0.0
2011-02-03 00:00:00-05:00,23.373959573474824,23.373959573474824,23.121892278385307,23.25814437866211,17700,0.0,0.0,0.0
2011-02-04 00:00:00-05:00,23.373961500149615,23.373961500149615,23.006081578716348,23.149145126342773,13700,0.0,0.0,0.0
2011-02-07 00:00:00-05:00,22.92432692727322,22.999263105287724,22.685885128452043,22.917512893676758,30400,0.0,0.0,0.0
2011-02-08 00:00:00-05:00,22.631388647890592,22.92432975769043,22.631388647890592,22.92432975769043,19000,0.0,0.0,0.0
2011-02-09 00:00:00-05:00,22.481510497751604,22.65182497121942,22.413385747881527,22.5019474029541,32500,0.0,0.0,0.0
2011-02-10 00:00:00-05:00,22.209003738446423,22.420194596746892,22.140878996435855,22.352069854736328,22800,0.0,0.0,0.0
2011-02-11 00:00:00-05:00,22.34525583436761,22.529195756454822,22.188566848617537,22.461071014404297,26500,0.0,0.0,0.0
2011-02-14 00:00:00-05:00,22.556447672041543,22.658634789553613,22.50875983077742,22.604135513305664,16500,0.0,0.0,0.0
2011-02-15 00:00:00-05:00,22.40657265015082,22.617763541643445,22.40657265015082,22.576887130737305,10200,0.0,0.0,0.0
2011-02-16 00:00:00-05:00,22.80851648411261,22.91751765517149,22.794891012881134,22.883455276489258,13100,0.0,0.0,0.0
2011-02-17 00:00:00-05:00,22.97882841037639,23.149142883562213,22.931140565787768,23.128705978393555,73700,0.0,0.0,0.0
2011-02-18 00:00:00-05:00,23.210452723880564,23.210452723880564,23.012887340844998,23.10826301574707,19600,0.0,0.0,0.0
2011-02-22 00:00:00-05:00,22.597324992135935,22.67907781740446,22.365699783586976,22.43382453918457,24400,0.0,0.0,0.0
2011-02-23 00:00:00-05:00,22.47469969004024,22.638200133812333,22.379321399248372,22.515573501586914,51200,0.0,0.0,0.0
2011-02-24 00:00:00-05:00,22.372509338683905,22.536012376681764,22.358883868951366,22.5019474029541,16100,0.0,0.0,0.0
2011-02-25 00:00:00-05:00,22.583697991239504,22.706324607930526,22.583697991239504,22.69951057434082,6400,0.0,0.0,0.0
2011-02-28 00:00:00-05:00,22.651825910140506,22.856202767014807,22.651825910140506,22.794889450073242,21100,0.0,0.0,0.0
2011-03-01 00:00:00-05:00,22.937951361985988,23.04695511662799,22.665449771758617,22.679075241088867,19300,0.0,0.0,0.0
2011-03-02 00:00:00-05:00,22.828950233182212,22.91070304926057,22.77445095458919,22.856201171875,9800,0.0,0.0,0.0
2011-03-03 00:00:00-05:00,23.012890475631107,23.339893947893152,23.012890475631107,23.2853946685791,11900,0.0,0.0,0.0
2011-03-04 00:00:00-05:00,23.38076811501189,23.394393583232304,23.23770459688603,23.37395668029785,10600,0.0,0.0,0.0
2011-03-07 00:00:00-05:00,23.373957951204655,23.496584573063608,23.162767080493687,23.251331329345703,11500,0.0,0.0,0.0
2011-03-08 00:00:00-05:00,23.394398378061297,23.5715243036451,23.319459586886005,23.47614860534668,3600,0.0,0.0,0.0
2011-03-09 00:00:00-05:00,23.496583031014612,23.55789633792018,23.44208115874642,23.44889259338379,12300,0.0,0.0,0.0
2011-03-10 00:00:00-05:00,23.176395416259766,23.319458959860633,23.135519004319747,23.176395416259766,21500,0.0,0.0,0.0
2011-03-11 00:00:00-05:00,22.985639931789184,23.373956680297848,22.985639931789184,23.37395668029785,11900,0.0,0.0,0.0
2011-03-14 00:00:00-04:00,23.17639634083216,23.380773211099832,23.149145398451697,23.360336303710938,4600,0.0,0.0,0.0
2011-03-15 00:00:00-04:00,22.536012687445037,23.053767550458087,22.522387217524606,22.999265670776367,92100,0.0,0.0,0.0
2011-03-16 00:00:00-04:00,22.90389124186982,22.94476765388294,22.379322315602447,22.522388458251953,58100,0.0,0.0,0.0
2011-03-17 00:00:00-04:00,22.822142003689034,22.822142003689034,22.54282633983441,22.624576568603516,12300,0.0,0.0,0.0
2011-03-18 00:00:00-04:00,22.910708157209065,22.99926982951664,22.78126746895577,22.842580795288086,24400,0.0,0.0,0.0
2011-03-21 00:00:00-04:00,23.278580949175034,23.42164708174309,23.210456199413198,23.346708297729492,23700,0.0,0.0,0.0
2011-03-22 00:00:00-04:00,23.428456275848372,23.469332681070483,23.373957001011263,23.435270309448242,60500,0.0,0.0,0.0
2011-03-23 00:00:00-04:00,23.476142900146872,23.666896849179334,23.455705997990343,23.58514404296875,14800,0.0,0.0,0.0
2011-03-24 00:00:00-04:00,23.707776386168085,23.803152084350586,23.63283759508387,23.803152084350586,19400,0.0,0.0,0.0
2011-03-25 00:00:00-04:00,23.728215867738303,23.97346654904499,23.728215867738303,23.84402847290039,4000,0.0,0.0,0.0
2011-03-28 00:00:00-04:00,23.891715380334063,23.891715380334063,23.71458946212789,23.769088745117188,32300,0.0,0.0,0.0
2011-03-29 00:00:00-04:00,23.837209761199702,24.041586565971706,23.728208625401827,24.01433563232422,16800,0.0,0.0,0.0
2011-03-30 00:00:00-04:00,24.252779011919536,24.38221966980329,24.225530672337317,24.361780166625977,24000,0.0,0.0,0.0
2011-03-31 00:00:00-04:00,24.457162243133688,24.60022579359496,24.436722736787132,24.511661529541016,18100,0.0,0.0,0.0
2011-04-01 00:00:00-04:00,24.484405864354944,24.90678759680854,24.484405864354944,24.872722625732422,23300,0.0,0.0,0.0
2011-04-04 00:00:00-04:00,25.17248217454745,25.17248217454745,24.954479834966918,25.077106475830078,20100,0.0,0.0,0.0
2011-04-05 00:00:00-04:00,25.02941260851607,25.186101589991452,24.981722171830967,25.124788284301758,19000,0.0,0.0,0.0
2011-04-06 00:00:00-04:00,25.152040461041754,25.267855655600243,25.08391571044922,25.08391571044922,9700,0.0,0.0,0.0
2011-04-07 00:00:00-04:00,25.077104590076488,25.13160387147693,24.95447795843463,25.03622817993164,53300,0.0,0.0,0.0
2011-04-08 00:00:00-04:00,25.267855971232073,25.267855971232073,25.022602707967145,25.14522933959961,18900,0.0,0.0,0.0
2011-04-11 00:00:00-04:00,25.049857570748046,25.049857570748046,24.559350967407227,24.559350967407227,10100,0.0,0.0,0.0
2011-04-12 00:00:00-04:00,24.668355019244093,24.668355019244093,24.36860239273018,24.525291442871094,18300,0.0,0.0,0.0
2011-04-13 00:00:00-04:00,24.756910948471916,24.80459879117711,24.504846265774095,24.661535263061523,21400,0.0,0.0,0.0
2011-04-14 00:00:00-04:00,24.477596925049816,24.886350631713867,24.477596925049816,24.886350631713867,29000,0.0,0.0,0.0
2011-04-15 00:00:00-04:00,25.05666411770853,25.05666411770853,24.831850367577783,24.893163681030273,80000,0.0,0.0,0.0
2011-04-18 00:00:00-04:00,24.67516711327668,24.67516711327668,24.41628832965015,24.63429069519043,11300,0.0,0.0,0.0
2011-04-19 00:00:00-04:00,24.71603295131935,24.770534824501382,24.607031803747635,24.72284698486328,12800,0.0,0.0,0.0
2011-04-20 00:00:00-04:00,25.117979366770438,25.165667214375837,24.97491582395424,25.07029151916504,8500,0.0,0.0,0.0
2011-04-21 00:00:00-04:00,25.32235971126947,25.383673037881465,25.288297329550176,25.33598518371582,11700,0.0,0.0,0.0
2011-04-25 00:00:00-04:00,25.4722340890802,25.4722340890802,25.16566749477766,25.281482696533203,13700,0.0,0.0,0.0
2011-04-26 00:00:00-04:00,25.37005203964051,25.37005203964051,25.220174430444533,25.308738708496094,21400,0.0,0.0,0.0
2011-04-27 00:00:00-04:00,25.370051474593232,25.370051474593232,24.954483639291524,25.213359832763672,64900,0.0,0.0,0.0
2011-04-28 00:00:00-04:00,25.090730707675505,25.117979049682617,24.934039097472645,25.117979049682617,15300,0.0,0.0,0.0
2011-04-29 00:00:00-04:00,25.104356112114793,25.15204396392951,25.015794443769177,25.131607055664062,19000,0.0,0.0,0.0
2011-05-02 00:00:00-04:00,25.417739054510868,25.417739054510868,25.03623360684105,25.043045043945312,19100,0.0,0.0,0.0
2011-05-03 00:00:00-04:00,24.899977661012382,24.940854073755546,24.681975323967883,24.79779052734375,16000,0.0,0.0,0.0
2011-05-04 00:00:00-04:00,24.74328517227174,24.74328517227174,24.45034408569336,24.45034408569336,18000,0.0,0.0,0.0
2011-05-05 00:00:00-04:00,24.15740076396343,24.545717498839913,24.15740076396343,24.320903778076172,23000,0.0,0.0,0.0
2011-05-06 00:00:00-04:00,24.716042218944914,24.865919827601857,24.579792682485866,24.62066650390625,12000,0.0,0.0,0.0
2011-05-09 00:00:00-04:00,24.532101195012505,24.852293309577913,24.532101195012505,24.845481872558594,6600,0.0,0.0,0.0
2011-05-10 00:00:00-04:00,24.84547679684106,25.03622817993164,24.838662762420576,25.03622817993164,19600,0.0,0.0,0.0
2011-05-11 00:00:00-04:00,25.022600119147643,25.022600119147643,24.51165673980509,24.627471923828125,12800,0.0,0.0,0.0
2011-05-12 00:00:00-04:00,24.68196838408698,24.74328168656571,24.36177640461005,24.729656219482422,18800,0.0,0.0,0.0
2011-05-13 00:00:00-04:00,24.763729500065242,24.763729500065242,24.23234904362202,24.3890380859375,27300,0.0,0.0,0.0
2011-05-16 00:00:00-04:00,24.436720838732406,24.579786976874335,24.361782051799185,24.402658462524414,7500,0.0,0.0,0.0
2011-05-17 00:00:00-04:00,24.470785115640826,24.52528700084108,24.286847750072294,24.511661529541016,8600,0.0,0.0,0.0
2011-05-18 00:00:00-04:00,24.44353262684553,24.83866083237217,24.44353262684553,24.750099182128906,11500,0.0,0.0,0.0
2011-05-19 00:00:00-04:00,24.845472010674733,24.845472010674733,24.68196900038482,24.78415870666504,13400,0.0,0.0,0.0
2011-05-20 00:00:00-04:00,24.681977590156446,24.681977590156446,24.47078666978211,24.60022735595703,27200,0.0,0.0,0.0
2011-05-23 00:00:00-04:00,24.218714699336257,24.218714699336257,24.04158881166663,24.18465232849121,11700,0.0,0.0,0.0
2011-05-24 00:00:00-04:00,24.273214984704225,24.293651886116596,24.164213845851343,24.24596405029297,14000,0.0,0.0,0.0
2011-05-25 00:00:00-04:00,24.171033537655184,24.280034713746353,24.102908777145593,24.218721389770508,22000,0.0,0.0,0.0
2011-05-26 00:00:00-04:00,24.31409706131958,24.436723709106445,24.280034681110568,24.436723709106445,15000,0.0,0.0,0.0
2011-05-27 00:00:00-04:00,24.525289204311658,24.607039440663947,24.42991349543513,24.504852294921875,27500,0.0,0.0,0.0
2011-05-31 00:00:00-04:00,24.743288643686203,24.85910384706207,24.60703653333518,24.79779052734375,23700,0.0,0.0,0.0
2011-06-01 00:00:00-04:00,24.736476945044462,24.736476945044462,24.36859703063965,24.36859703063965,17000,0.0,0.0,0.0
2011-06-02 00:00:00-04:00,24.443535158075317,24.613849639892578,24.402658746873783,24.613849639892578,8800,0.0,0.0,0.0
2011-06-03 00:00:00-04:00,24.327723110234864,24.681977590156446,24.327723110234864,24.60022735595703,8400,0.0,0.0,0.0
2011-06-06 00:00:00-04:00,24.62747387088136,24.62747387088136,24.239157079784004,24.32771873474121,8300,0.0,0.0,0.0
2011-06-07 00:00:00-04:00,24.38903299228267,24.504848189941114,24.38903299228267,24.402658462524414,8500,0.0,0.0,0.0
2011-06-08 00:00:00-04:00,24.382224118572235,24.389035555012473,24.177847241056217,24.198284149169922,7700,0.0,0.0,0.0
2011-06-09 00:00:00-04:00,24.157405836375872,24.17103130697894,24.07565561155025,24.08928108215332,7100,0.0,0.0,0.0
2011-06-10 00:00:00-04:00,23.89171151710947,23.898525550626797,23.646458286332503,23.700960159301758,19800,0.0,0.0,0.0
2011-06-13 00:00:00-04:00,23.769089666898836,23.884904870780723,23.666902532783727,23.775903701782227,18200,0.0,0.0,0.0
2011-06-14 00:00:00-04:00,23.89172014836537,24.000721334889914,23.89172014836537,23.91215705871582,40500,0.0,0.0,0.0
2011-06-15 00:00:00-04:00,23.68052418283552,23.728214628179412,23.387585667789534,23.48977279663086,27900,0.0,0.0,0.0
2011-06-16 00:00:00-04:00,23.401210168794123,23.401210168794123,23.135519976995706,23.278583526611328,16500,0.0,0.0,0.0
2011-06-17 00:00:00-04:00,23.51021223908617,23.51702627435304,23.380774155738713,23.503400802612305,10400,0.0,0.0,0.0
2011-06-20 00:00:00-04:00,23.46933589062114,23.50339826690158,23.37396019751881,23.48977279663086,11400,0.0,0.0,0.0
2011-06-21 00:00:00-04:00,23.710430604978107,23.883904645624433,23.627163806628932,23.863088607788086,11200,0.628,0.0,0.0
2011-06-22 00:00:00-04:00,23.79370073582178,23.87696753656985,23.68961524963379,23.68961524963379,6500,0.0,0.0,0.0
2011-06-23 00:00:00-04:00,23.384302231965748,23.627164840698242,23.33572971021925,23.627164840698242,6800,0.0,0.0,0.0
2011-06-24 00:00:00-04:00,23.64798390633913,23.717372467947698,23.571654900367342,23.585533142089844,10700,0.0,0.0,0.0
2011-06-27 00:00:00-04:00,23.613284759891545,23.779820997910342,23.613284759891545,23.77288055419922,4300,0.0,0.0,0.0
2011-06-28 00:00:00-04:00,23.82839591986238,23.994932174682617,23.69655659309084,23.994932174682617,7500,0.0,0.0,0.0
2011-06-29 00:00:00-04:00,23.967174608484264,24.182280729447918,23.9463559231946,24.16146469116211,13800,0.0,0.0,0.0
2011-06-30 00:00:00-04:00,24.286372393543765,24.362701416015625,24.27943459468474,24.362701416015625,16000,0.0,0.0,0.0
2011-07-01 00:00:00-04:00,24.480655341191298,24.591678619384766,24.334937784875574,24.591678619384766,11700,0.0,0.0,0.0
2011-07-05 00:00:00-04:00,24.668005655271923,24.668005655271923,24.445959116565394,24.494531631469727,13600,0.0,0.0,0.0
2011-07-06 00:00:00-04:00,24.43902619784536,24.43902619784536,24.14758840325056,24.30718421936035,11200,0.0,0.0,0.0
2011-07-07 00:00:00-04:00,24.626379699452364,24.626379699452364,24.425149146586588,24.432086944580078,7800,0.0,0.0,0.0
2011-07-08 00:00:00-04:00,24.16146353165224,24.210036049990705,24.043502457688465,24.105953216552734,57100,0.0,0.0,0.0
2011-07-11 00:00:00-04:00,23.918603776419268,23.918603776419268,23.606349945068356,23.60634994506836,9300,0.0,0.0,0.0
2011-07-12 00:00:00-04:00,23.481447983452135,23.627165553085188,23.47451018599513,23.50226402282715,49200,0.0,0.0,0.0
2011-07-13 00:00:00-04:00,23.571653080119535,23.946354989676117,23.571653080119535,23.779821395874023,5800,0.0,0.0,0.0
2011-07-14 00:00:00-04:00,23.828394580176116,23.828394580176116,23.557775497436523,23.557775497436523,8800,0.0,0.0,0.0
2011-07-15 00:00:00-04:00,23.634106461686045,23.703495025634762,23.634106461686045,23.703495025634766,10400,0.0,0.0,0.0
2011-07-18 00:00:00-04:00,23.474509366329258,23.474509366329258,23.32185135756561,23.335729598999023,3600,0.0,0.0,0.0
2011-07-19 00:00:00-04:00,23.4398132815615,23.578593053878834,23.412059444701228,23.523082733154297,12000,0.0,0.0,0.0
2011-07-20 00:00:00-04:00,23.509198314222264,23.62022157350417,23.418991088867188,23.418991088867188,71600,0.0,0.0,0.0
2011-07-21 00:00:00-04:00,23.56471412032488,23.710431685829487,23.56471412032488,23.696556091308594,5800,0.0,0.0,0.0
2011-07-22 00:00:00-04:00,23.75900643673445,23.75900643673445,23.571654149951048,23.641042709350586,12200,0.0,0.0,0.0
2011-07-25 00:00:00-04:00,23.5161403981502,23.759005641931832,23.509202601243878,23.599407196044922,31600,0.0,0.0,0.0
2011-07-26 00:00:00-04:00,23.7381851403646,23.772879416248372,23.585529797075296,23.765941619873047,17200,0.0,0.0,0.0
2011-07-27 00:00:00-04:00,23.66186092713922,23.66186092713922,23.252462036165063,23.287158966064453,11200,0.0,0.0,0.0
2011-07-28 00:00:00-04:00,23.307968566220296,23.49532081849279,23.301030770359855,23.3912353515625,12500,0.0,0.0,0.0
2011-07-29 00:00:00-04:00,23.14837847019682,23.523083066664995,23.14837847019682,23.4398136138916,27400,0.0,0.0,0.0
2011-08-01 00:00:00-04:00,23.759004401970245,23.759004401970245,23.203885386299838,23.398178100585938,15800,0.0,0.0,0.0
2011-08-02 00:00:00-04:00,23.28716191054392,23.28716191054392,22.829190436208638,22.83612823486328,12800,0.0,0.0,0.0
2011-08-03 00:00:00-04:00,22.808366697758405,22.808366697758405,22.225493800618974,22.614076614379883,129300,0.0,0.0,0.0
2011-08-04 00:00:00-04:00,22.142228873037,22.142228873037,21.476089119105804,21.53853988647461,105500,0.0,0.0,0.0
2011-08-05 00:00:00-04:00,21.531599130298588,21.531599130298588,20.629533294302828,21.309551239013672,42300,0.0,0.0,0.0
2011-08-08 00:00:00-04:00,20.469936102805345,20.5809593791777,19.387458496423953,19.547054290771484,61500,0.0,0.0,0.0
2011-08-09 00:00:00-04:00,19.769098104616386,20.393604278564453,19.373577571899332,20.393604278564453,27300,0.0,0.0,0.0
2011-08-10 00:00:00-04:00,19.845433000292697,20.164624639779976,19.567874765194617,19.720531463623047,30900,0.0,0.0,0.0
2011-08-11 00:00:00-04:00,19.75522418053068,20.546266742225047,19.75522418053068,20.53932762145996,14600,0.0,0.0,0.0
2011-08-12 00:00:00-04:00,20.60177490348852,20.643408297541733,20.289521139335093,20.47687339782715,21000,0.0,0.0,0.0
2011-08-15 00:00:00-04:00,20.70586292104351,20.990360260009766,20.70586292104351,20.990360260009766,13000,0.0,0.0,0.0
2011-08-16 00:00:00-04:00,20.74749686051713,21.00423904607977,20.74749686051713,20.920970916748047,29800,0.0,0.0,0.0
2011-08-17 00:00:00-04:00,21.06668630782851,21.28179373119186,20.99729643217852,21.177709579467773,17900,0.0,0.0,0.0
2011-08-18 00:00:00-04:00,20.546266285984675,20.719740330753876,20.31034147921841,20.386669158935547,26800,0.0,0.0,0.0
2011-08-19 00:00:00-04:00,20.393608446835525,20.754434780555783,20.26176912465084,20.331157684326172,65800,0.0,0.0,0.0
2011-08-22 00:00:00-04:00,20.643410698527227,20.643410698527227,20.261768341064453,20.261768341064453,13000,0.0,0.0,0.0
2011-08-23 00:00:00-04:00,20.393603780696075,20.78218650817871,20.393603780696075,20.78218650817871,5500,0.0,0.0,0.0
2011-08-24 00:00:00-04:00,20.601775961567057,20.761371749885765,20.504629605784615,20.65728759765625,6000,0.0,0.0,0.0
2011-08-25 00:00:00-04:00,20.53933024140348,20.546269363053703,20.240954627954547,20.365856170654297,9000,0.0,0.0,0.0
2011-08-26 00:00:00-04:00,20.13686844725988,20.594839842604696,20.046661198281722,20.56708335876465,7100,0.0,0.0,0.0
2011-08-29 00:00:00-04:00,20.754435093239117,21.122200553168,20.754435093239117,21.052810668945312,2600,0.0,0.0,0.0
2011-08-30 00:00:00-04:00,20.893213381193487,21.20546585281647,20.893213381193487,21.136075973510742,4800,0.0,0.0,0.0
2011-08-31 00:00:00-04:00,21.27485357527164,21.37199860234995,21.191586787347866,21.365060806274414,6800,0.0,0.0,0.0
2011-09-01 00:00:00-04:00,21.30261441550642,21.53160011443653,21.30261441550642,21.344247817993164,12500,0.0,0.0,0.0
2011-09-02 00:00:00-04:00,21.004236362159176,21.16383215585799,20.823823207911968,20.9001522064209,13500,0.0,0.0,0.0
2011-09-06 00:00:00-04:00,20.122990355309497,20.4699384648838,19.949516300522347,20.46299934387207,8800,0.0,0.0,0.0
2011-09-07 00:00:00-04:00,20.76137094917708,20.969539245607635,20.75443182949583,20.934844970703125,11600,0.0,0.0,0.0
2011-09-08 00:00:00-04:00,20.775253654015707,20.86545958225753,20.622595635219035,20.71280288696289,2100,0.0,0.0,0.0
2011-09-09 00:00:00-04:00,20.268706551565067,20.268706551565067,19.887064186314507,19.92869758605957,1800,0.0,0.0,0.0
2011-09-12 00:00:00-04:00,19.56093473479993,19.831553836005988,19.42215496194954,19.80379867553711,17700,0.0,0.0,0.0
2011-09-13 00:00:00-04:00,19.803797905293766,19.845431306128805,19.60950649556034,19.81073570251465,10600,0.0,0.0,0.0
2011-09-14 00:00:00-04:00,19.706651334202068,19.859309341516497,19.4637874054307,19.769102096557617,3700,0.0,0.0,0.0
2011-09-15 00:00:00-04:00,19.789920838568946,19.887065887451172,19.789920838568946,19.887065887451172,4400,0.0,0.0,0.0
2011-09-16 00:00:00-04:00,20.032784579712747,20.032784579712747,19.84543228149414,19.84543228149414,900,0.0,0.0,0.0
2011-09-19 00:00:00-04:00,19.26949866992218,19.37358283996582,19.0821463697424,19.37358283996582,9100,0.0,0.0,0.0
2011-09-20 00:00:00-04:00,19.172348181524203,19.436029434095556,19.10989875170651,19.116836547851562,17100,0.0,0.0,0.0
2011-09-21 00:00:00-04:00,19.075204025015434,19.234799813678464,18.5894775390625,18.5894775390625,32300,0.0,0.0,0.0
2011-09-22 00:00:00-04:00,17.978851517860292,17.978851517860292,17.30577263982361,17.45842933654785,18000,0.0,0.0,0.0
2011-09-23 00:00:00-04:00,17.541693137007005,17.971907959514507,17.541693137007005,17.895580291748047,10200,0.0,0.0,0.0
2011-09-26 00:00:00-04:00,17.99967195650494,18.145389556884766,17.66660069770398,18.145389556884766,8700,0.0,0.0,0.0
2011-09-27 00:00:00-04:00,18.58253608339737,18.894788501511528,18.53396224975586,18.53396224975586,47300,0.0,0.0,0.0
2011-09-28 00:00:00-04:00,18.61029536300306,18.85315929105793,18.32579803466797,18.32579803466797,14800,0.0,0.0,0.0
2011-09-29 00:00:00-04:00,18.672744518163856,18.76988955162455,18.36742985421362,18.582538604736328,12500,0.0,0.0,0.0
2011-09-30 00:00:00-04:00,18.284163881269443,18.402126280122864,17.92333756436463,17.93721580505371,20100,0.0,0.0,0.0
2011-10-03 00:00:00-04:00,17.680470688951683,17.881701174778463,17.437606811523438,17.437606811523438,18600,0.0,0.0,0.0
2011-10-04 00:00:00-04:00,17.208626711733743,17.65966033935547,17.000458363217625,17.65966033935547,93300,0.0,0.0,0.0
2011-10-05 00:00:00-04:00,17.569452631816002,18.020484924316406,17.555574389338563,18.020484924316406,18600,0.0,0.0,0.0
2011-10-06 00:00:00-04:00,18.117627013444377,18.554780960083008,18.069054499762498,18.554780960083008,9100,0.0,0.0,0.0
2011-10-07 00:00:00-04:00,18.742132136687463,18.790704647565136,18.298039096089703,18.374366760253906,6000,0.0,0.0,0.0
2011-10-10 00:00:00-04:00,18.728259353740775,19.075207473647424,18.728259353740775,18.950305938720703,13700,0.0,0.0,0.0
2011-10-11 00:00:00-04:00,18.749074666495712,19.15153438862359,18.749074666495712,19.005815505981445,26400,0.0,0.0,0.0
2011-10-12 00:00:00-04:00,19.297247042682866,19.713584899902344,19.297247042682866,19.713584899902344,13500,0.0,0.0,0.0
2011-10-13 00:00:00-04:00,19.658085435371497,19.671963681348327,19.415221424786477,19.63726806640625,6800,0.0,0.0,0.0
2011-10-14 00:00:00-04:00,19.782982261064422,19.873188191290744,19.66501984553642,19.817676544189453,10400,0.0,0.0,0.0
2011-10-17 00:00:00-04:00,19.581752565009978,19.66502070103541,19.380523331826883,19.491546630859375,2400,0.0,0.0,0.0
2011-10-18 00:00:00-04:00,19.38052436357145,19.86625099182129,19.359706997581323,19.86625099182129,6400,0.0,0.0,0.0
2011-10-19 00:00:00-04:00,19.810734639966338,19.810734639966338,19.498482165198283,19.581748962402344,13900,0.0,0.0,0.0
2011-10-20 00:00:00-04:00,19.505421034729842,19.54011531253509,19.186228120213737,19.442970275878906,16900,0.0,0.0,0.0
2011-10-21 00:00:00-04:00,19.67195580407263,19.93563575453469,19.67195580407263,19.914819717407227,23100,0.0,0.0,0.0
2011-10-24 00:00:00-04:00,19.98420451456548,20.691978760846332,19.98420451456548,20.580955505371094,23400,0.0,0.0,0.0
2011-10-25 00:00:00-04:00,20.178498826270886,20.393606249794765,20.129926310330184,20.1438045501709,16100,0.0,0.0,0.0
2011-10-26 00:00:00-04:00,20.594838372049296,20.75443417222779,20.289523689119466,20.671167373657227,14600,0.0,0.0,0.0
2011-10-27 00:00:00-04:00,21.483025033915794,21.809157084591472,21.240162430436364,21.58711051940918,138200,0.0,0.0,0.0
2011-10-28 00:00:00-04:00,21.351185222220398,21.753644943237305,21.351185222220398,21.753644943237305,5600,0.0,0.0,0.0
2011-10-31 00:00:00-04:00,21.163832576165117,21.247100696510525,20.98341941833496,20.98341941833496,22400,0.0,0.0,0.0
2011-11-01 00:00:00-04:00,20.14380260308623,20.532384016553653,20.14380260308623,20.393604278564453,15500,0.0,0.0,0.0
2011-11-02 00:00:00-04:00,20.636471647916867,20.88627468913839,20.629532527493836,20.823823928833008,26900,0.0,0.0,0.0
2011-11-03 00:00:00-04:00,20.851578432034405,21.045869827270508,20.830762394921077,21.045869827270508,7500,0.0,0.0,0.0
2011-11-04 00:00:00-04:00,20.601778458093253,20.830764150147424,20.49769429325081,20.733617782592773,124500,0.0,0.0,0.0
2011-11-07 00:00:00-05:00,20.934849361660348,20.962604522705078,20.789130464793907,20.962604522705078,8100,0.0,0.0,0.0
2011-11-08 00:00:00-05:00,20.95566753756298,21.14301852150947,20.8238268778582,21.10138511657715,7500,0.0,0.0,0.0
2011-11-09 00:00:00-05:00,20.497693496987857,20.63647193688608,20.150745411989433,20.199317932128906,23500,0.0,0.0,0.0
2011-11-10 00:00:00-05:00,20.379730575260577,20.47687561306135,20.317279815673828,20.317279815673828,4400,0.0,0.0,0.0
2011-11-11 00:00:00-05:00,20.594839337303497,20.823825029357664,20.594839337303497,20.733617782592773,8200,0.0,0.0,0.0
2011-11-14 00:00:00-05:00,20.678106801227578,20.678106801227578,20.37973253873536,20.46299934387207,11600,0.0,0.0,0.0
2011-11-15 00:00:00-05:00,20.4699389399244,20.761375411670183,20.4699389399244,20.71280288696289,20600,0.0,0.0,0.0
2011-11-16 00:00:00-05:00,20.345035492547325,20.532387776086935,20.199317932128906,20.199317932128906,9000,0.0,0.0,0.0
2011-11-17 00:00:00-05:00,20.34503867082723,20.421367684971532,19.90788459777832,19.90788459777832,8000,0.0,0.0,0.0
2011-11-18 00:00:00-05:00,20.13686879803839,20.13686879803839,19.95645562044132,19.99114990234375,20800,0.0,0.0,0.0
2011-11-21 00:00:00-05:00,19.72746933506656,19.72746933506656,19.318070467921867,19.44991111755371,15100,0.0,0.0,0.0
2011-11-22 00:00:00-05:00,19.484604067911494,19.595627347335338,19.34582430688074,19.477664947509766,15300,0.0,0.0,0.0
2011-11-23 00:00:00-05:00,19.276439006296545,19.29031592594238,18.971124274552245,18.985002517700195,18300,0.0,0.0,0.0
2011-11-25 00:00:00-05:00,18.92255212057331,19.040514542655256,18.92255212057331,18.97112464904785,2000,0.0,0.0,0.0
2011-11-28 00:00:00-05:00,19.671954796635628,19.671954796635628,19.456847375156165,19.46378517150879,12400,0.0,0.0,0.0
2011-11-29 00:00:00-05:00,19.65114039958704,19.82461445159399,19.574811393183346,19.644201278686523,4300,0.0,0.0,0.0
2011-11-30 00:00:00-05:00,20.43524263234164,20.8238241149919,20.407486150401382,20.816884994506836,90000,0.0,0.0,0.0
2011-12-01 00:00:00-05:00,20.823824408785907,20.823824408785907,20.587899602972787,20.60871696472168,37000,0.0,0.0,0.0
2011-12-02 00:00:00-05:00,20.698922402085472,20.71280064292742,20.38666860065114,20.407485961914062,19700,0.0,0.0,0.0
2011-12-05 00:00:00-05:00,20.685046215738133,20.823825990937795,20.62259544924849,20.719741821289062,23700,0.0,0.0,0.0
2011-12-06 00:00:00-05:00,20.622588557932485,20.65728415188941,20.414420288197253,20.64340591430664,17500,0.0,0.0,0.0
2011-12-07 00:00:00-05:00,20.393608603137995,20.691984176635742,20.393608603137995,20.691984176635742,22800,0.0,0.0,0.0
2011-12-08 00:00:00-05:00,20.421358199121165,20.421358199121165,20.046653747558594,20.046653747558594,20200,0.0,0.0,0.0
2011-12-09 00:00:00-05:00,20.129925698315585,20.44911726393677,20.129925698315585,20.4144229888916,16300,0.0,0.0,0.0
2011-12-12 00:00:00-05:00,19.99114964833253,19.99114964833253,19.727469668119195,19.80379867553711,17200,0.0,0.0,0.0
2011-12-13 00:00:00-05:00,20.074412826294765,20.109107099200582,19.623380661010742,19.623380661010742,21300,0.0,0.0,0.0
2011-12-14 00:00:00-05:00,19.74828448912621,19.74828448912621,19.58174956608215,19.63032341003418,10000,0.0,0.0,0.0
2011-12-15 00:00:00-05:00,20.02584351271131,20.02584351271131,19.748283991135157,19.796857833862305,19900,0.0,0.0,0.0
2011-12-16 00:00:00-05:00,19.94951817947877,19.991151585968392,19.79686147334874,19.852373123168945,22600,0.0,0.0,0.0
2011-12-19 00:00:00-05:00,19.908586838104352,19.908586838104352,19.395587921142578,19.395587921142578,15800,0.36,0.0,0.0
2011-12-20 00:00:00-05:00,19.83128627068451,20.112382832039184,19.83128627068451,20.056163787841797,43000,0.0,0.0,0.0
2011-12-21 00:00:00-05:00,20.013998962939066,20.126437053937888,19.866424471141027,20.063190460205078,39400,0.0,0.0,0.0
2011-12-22 00:00:00-05:00,20.084274498202902,20.323205793242618,20.06319185204015,20.30915069580078,41300,0.0,0.0,0.0
2011-12-23 00:00:00-05:00,20.330230927422846,20.442669012867963,20.266984336814005,20.40050506591797,38000,0.0,0.0,0.0
2011-12-27 00:00:00-05:00,20.27401444568295,20.477807998657227,20.26698689690896,20.477807998657227,68900,0.0,0.0,0.0
2011-12-28 00:00:00-05:00,20.35131563915365,20.35131563915365,20.04211152257791,20.105358123779297,10200,0.0,0.0,0.0
2011-12-29 00:00:00-05:00,20.063185178478285,20.316171486809697,20.063185178478285,20.30211639404297,16400,0.0,0.0,0.0
2011-12-30 00:00:00-05:00,20.18265380338715,20.421585054669926,20.18265380338715,20.266983032226562,35900,0.0,0.0,0.0
2012-01-03 00:00:00-05:00,20.765928151856624,20.822147194520774,20.646462518649336,20.65349006652832,6900,0.0,0.0,0.0
2012-01-04 00:00:00-05:00,20.50591991849712,20.871344443273166,20.50591991849712,20.80809783935547,28300,0.0,0.0,0.0
2012-01-05 00:00:00-05:00,20.653487886254155,20.850255184990903,20.653487886254155,20.81511878967285,10000,0.0,0.0,0.0
2012-01-06 00:00:00-05:00,20.801069005689513,20.801069005689513,20.56916525243216,20.674575805664062,6900,0.0,0.0,0.0
2012-01-09 00:00:00-05:00,20.695655124052532,20.89944864880981,20.695655124052532,20.871339797973633,5900,0.0,0.0,0.0
2012-01-10 00:00:00-05:00,21.15243627868789,21.278929465967682,21.096217233271066,21.10324478149414,11700,0.0,0.0,0.0
2012-01-11 00:00:00-05:00,21.004861985912324,21.187574231997548,21.004861985912324,21.173519134521484,9800,0.0,0.0,0.0
2012-01-12 00:00:00-05:00,21.292982159780415,21.41947534074971,21.285955952275636,21.349201202392578,6000,0.0,0.0,0.0
2012-01-13 00:00:00-05:00,21.243792558083115,21.243792558083115,21.01188881909695,21.19460105895996,9400,0.0,0.0,0.0
2012-01-17 00:00:00-05:00,21.27190280995802,21.503806549575188,21.27190280995802,21.40542221069336,10600,0.0,0.0,0.0
2012-01-18 00:00:00-05:00,21.560024848184483,21.8762564782916,21.510833350636783,21.869230270385742,28800,0.0,0.0,0.0
2012-01-19 00:00:00-05:00,21.869230889774006,21.96058633918317,21.869230889774006,21.89031219482422,10400,0.0,0.0,0.0
2012-01-20 00:00:00-05:00,21.876257305745966,22.002750498720445,21.876257305745966,21.960586547851562,9900,0.0,0.0,0.0
2012-01-23 00:00:00-05:00,21.953559976492247,22.18546372714517,21.953559976492247,22.065998077392578,40000,0.0,0.0,0.0
2012-01-24 00:00:00-05:00,21.841120903416538,22.030860692878253,21.841120903416538,21.960586547851562,35100,0.0,0.0,0.0
2012-01-25 00:00:00-05:00,21.96761823441844,22.227630877517445,21.9324804851023,22.199522018432617,20500,0.0,0.0,0.0
2012-01-26 00:00:00-05:00,22.185462846191434,22.354119990844794,22.07302474975586,22.07302474975586,8100,0.0,0.0,0.0
2012-01-27 00:00:00-05:00,22.262761532259397,22.45250129699707,22.262761532259397,22.45250129699707,7000,0.0,0.0,0.0
2012-01-30 00:00:00-05:00,22.150325829439865,22.30492787265953,22.023832639365683,22.206544876098633,15900,0.0,0.0,0.0
2012-01-31 00:00:00-05:00,22.26979532216844,22.438452491310006,22.26979532216844,22.417369842529297,16300,0.0,0.0,0.0
2012-02-01 00:00:00-05:00,22.80386980497457,23.035772166268472,22.80386980497457,23.021717071533203,18600,0.0,0.0,0.0
2012-02-02 00:00:00-05:00,23.077939987182617,23.211459380741193,23.05685868313008,23.077939987182617,15300,0.0,0.0,0.0
2012-02-03 00:00:00-05:00,23.211459138665727,23.387143819232644,23.211459138665727,23.260650634765625,15200,0.0,0.0,0.0
2012-02-06 00:00:00-05:00,23.204434274667015,23.45039176940918,23.204434274667015,23.45039176940918,21700,0.0,0.0,0.0
2012-02-07 00:00:00-05:00,23.309838912119726,23.464442267505518,23.21145593350517,23.415250778198242,14400,0.0,0.0,0.0
2012-02-08 00:00:00-05:00,23.548775183875474,23.633105767052257,23.471476170400287,23.590940475463867,23900,0.0,0.0,0.0
2012-02-09 00:00:00-05:00,23.5487737463121,23.63310432434082,23.485527153158323,23.63310432434082,8600,0.0,0.0,0.0
2012-02-10 00:00:00-05:00,23.316872465908386,23.316872465908386,23.148213982576745,23.253625869750977,25800,0.0,0.0,0.0
2012-02-13 00:00:00-05:00,23.506615301623643,23.64013471938202,23.44336869726736,23.52769660949707,7700,0.0,0.0,0.0
2012-02-14 00:00:00-05:00,23.380118657296368,23.47147544588337,23.323898270247255,23.457420349121094,7500,0.0,0.0,0.0
2012-02-15 00:00:00-05:00,23.5558056699555,23.65418867626322,23.51364037550825,23.56283187866211,10300,0.0,0.0,0.0
2012-02-16 00:00:00-05:00,23.443366639060457,23.857982635498047,23.443366639060457,23.857982635498047,6500,0.0,0.0,0.0
2012-02-17 00:00:00-05:00,23.921230412514934,24.089886230474196,23.857983810596235,24.033668518066406,13400,0.0,0.0,0.0
2012-02-21 00:00:00-05:00,24.03366172128536,24.03366172128536,23.738510102222445,23.83689308166504,12700,0.0,0.0,0.0
2012-02-22 00:00:00-05:00,23.808788063463393,24.005554042924402,23.808788063463393,23.991498947143555,6000,0.0,0.0,0.0
2012-02-23 00:00:00-05:00,23.83689705364607,23.94933782687109,23.759598043157236,23.886091232299805,15600,0.0,0.0,0.0
2012-02-24 00:00:00-05:00,23.977446376146457,24.139075973542376,23.970420167883894,24.012582778930664,13700,0.0,0.0,0.0
2012-02-27 00:00:00-05:00,23.97744478262987,24.04772026426355,23.815815195975688,24.040691375732422,9300,0.0,0.0,0.0
2012-02-28 00:00:00-05:00,24.089878058214417,24.195289919230916,24.03366036487794,24.188261032104492,14900,0.0,0.0,0.0
2012-02-29 00:00:00-05:00,24.335842051626937,24.455306344463125,24.089881896972656,24.089881896972656,16600,0.0,0.0,0.0
2012-03-01 00:00:00-05:00,24.25854911509263,24.413152543454025,24.244494014265562,24.399097442626953,12900,0.0,0.0,0.0
2012-03-02 00:00:00-05:00,24.427200741174037,24.427200741174037,24.15313302426117,24.258544921875,6400,0.0,0.0,0.0
2012-03-05 00:00:00-05:00,24.307734048582272,24.307734048582272,24.047721455496422,24.21637725830078,29100,0.0,0.0,0.0
2012-03-06 00:00:00-05:00,23.6822922063914,23.6822922063914,23.330922893776496,23.415250778198242,18300,0.0,0.0,0.0
2012-03-07 00:00:00-05:00,23.64013057614052,23.64013057614052,23.415254395783116,23.53472137451172,31500,0.0,0.0,0.0
2012-03-08 00:00:00-05:00,23.73852050547708,23.921234130859375,23.696357884801404,23.921234130859375,6100,0.0,0.0,0.0
2012-03-09 00:00:00-05:00,23.914201580389882,24.01258458789152,23.914201580389882,23.935285568237305,88800,0.0,0.0,0.0
2012-03-12 00:00:00-04:00,23.801758004548198,23.801758004548198,23.576881844585724,23.717430114746094,11600,0.0,0.0,0.0
2012-03-13 00:00:00-04:00,23.93528351321184,24.230432510375973,23.731488626178127,24.230432510375977,7500,0.0,0.0,0.0
2012-03-14 00:00:00-04:00,24.23746718960849,24.272603600416993,23.900150139785225,23.921234130859375,26500,0.0,0.0,0.0
2012-03-15 00:00:00-04:00,23.97744385136271,23.991498947143555,23.808788063463393,23.991498947143555,8600,0.0,0.0,0.0
2012-03-16 00:00:00-04:00,24.110962872984594,24.117989079619107,23.98446970768272,24.02663230895996,70700,0.0,0.0,0.0
2012-03-19 00:00:00-04:00,23.808786202607095,23.97744197732455,23.72445563451316,23.89311408996582,10100,0.0,0.0,0.0
2012-03-20 00:00:00-04:00,23.57688424717025,23.640130841150746,23.54174784623343,23.626075744628906,14000,0.0,0.0,0.0
2012-03-21 00:00:00-04:00,23.633107312996,23.682298816032443,23.4222862027347,23.66121482849121,8500,0.0,0.0,0.0
2012-03-22 00:00:00-04:00,23.316867986139073,23.3379492872294,23.19740102491191,23.330923080444336,6300,0.0,0.0,0.0
2012-03-23 00:00:00-04:00,23.225511527258647,23.3660597914747,23.225511527258647,23.359033584594727,3000,0.0,0.0,0.0
2012-03-26 00:00:00-04:00,23.52066271518838,23.738509973995924,23.49957873346804,23.724454879760742,20400,0.0,0.0,0.0
2012-03-27 00:00:00-04:00,23.80879056643856,23.81581677469993,23.703378677368164,23.703378677368164,10100,0.0,0.0,0.0
2012-03-28 00:00:00-04:00,23.745543130908782,23.745543130908782,23.36606356053409,23.457420349121094,12500,0.0,0.0,0.0
2012-03-29 00:00:00-04:00,23.302813206614235,23.359033584594727,23.148209847903058,23.359033584594727,3000,0.0,0.0,0.0
2012-03-30 00:00:00-04:00,23.44336736972342,23.541750375209546,23.337955474853516,23.337955474853516,4700,0.0,0.0,0.0
2012-04-02 00:00:00-04:00,23.225520129921268,23.759603195618,23.21146503022018,23.73149299621582,5700,0.0,0.0,0.0
2012-04-03 00:00:00-04:00,23.73148649691815,23.836895694703855,23.604993314986963,23.69635009765625,8000,0.0,0.0,0.0
2012-04-04 00:00:00-04:00,23.41525856080362,23.464450066460834,23.366067055146402,23.42931365966797,11300,0.0,0.0,0.0
2012-04-05 00:00:00-04:00,23.4293128306996,23.4925594329834,23.401202633965493,23.4925594329834,2500,0.0,0.0,0.0
2012-04-09 00:00:00-04:00,23.106052653333325,23.38012035829831,23.070916249239108,23.232545852661133,4600,0.0,0.0,0.0
2012-04-10 00:00:00-04:00,23.162265688602883,23.162265688602883,22.902253133904377,22.951444625854492,10100,0.0,0.0,0.0
2012-04-11 00:00:00-04:00,23.197399001398974,23.316865952205017,23.070908525155662,23.0849609375,23600,0.0,0.0,0.0
2012-04-12 00:00:00-04:00,23.337954341136168,23.47147642558322,23.337954341136168,23.40822982788086,9300,0.0,0.0,0.0
2012-04-13 00:00:00-04:00,23.415255826412867,23.415255826412867,23.16226943786989,23.183353424072266,10000,0.0,0.0,0.0
2012-04-16 00:00:00-04:00,23.162275077302397,23.162275077302397,22.951453929098825,23.070920944213867,5000,0.0,0.0,0.0
2012-04-17 00:00:00-04:00,23.183354604861147,23.323900222778324,23.14821551964603,23.32390022277832,5200,0.0,0.0,0.0
2012-04-18 00:00:00-04:00,23.14118915691275,23.34498405456543,23.14118915691275,23.34498405456543,2800,0.0,0.0,0.0
2012-04-19 00:00:00-04:00,23.47147439603431,23.47147439603431,23.218488027100275,23.260650634765625,23900,0.0,0.0,0.0
2012-04-20 00:00:00-04:00,23.534721218707755,23.63310421187087,23.520666122436523,23.520666122436523,12400,0.0,0.0,0.0
2012-04-23 00:00:00-04:00,23.197407230828304,23.27470892981992,23.10605311450717,23.239572525024414,14400,0.0,0.0,0.0
2012-04-24 00:00:00-04:00,23.20443575684855,23.38714666736543,23.20443575684855,23.34498405456543,7200,0.0,0.0,0.0
2012-04-25 00:00:00-04:00,23.59093934369209,23.668241034194423,23.52769274971159,23.626075744628906,7800,0.0,0.0,0.0
2012-04-26 00:00:00-04:00,23.457422510318803,23.548776626586914,23.415257216147165,23.548776626586914,1600,0.0,0.0,0.0
2012-04-27 00:00:00-04:00,23.619052214880465,23.717435220953348,23.49958522126635,23.66121482849121,6000,0.0,0.0,0.0
2012-04-30 00:00:00-04:00,23.583916327619594,23.654189139003876,23.541751032347474,23.604997634887695,3300,0.0,0.0,0.0
2012-05-01 00:00:00-04:00,23.75959963307824,23.98447583310516,23.59094114269017,23.857982635498047,3000,0.0,0.0,0.0
2012-05-02 00:00:00-04:00,23.619048718505148,23.710405502364466,23.58391231878555,23.689321517944336,10000,0.0,0.0,0.0
2012-05-03 00:00:00-04:00,23.640128812482008,23.710404289060538,23.513635635375977,23.513635635375977,27600,0.0,0.0,0.0
2012-05-04 00:00:00-04:00,23.239573972970692,23.323901885881135,23.19740867614746,23.19740867614746,6500,0.0,0.0,0.0
2012-05-07 00:00:00-04:00,23.056856155395508,23.070911250134834,22.93738919047884,23.056856155395508,8100,0.0,0.0,0.0
2012-05-08 00:00:00-04:00,22.909282578318003,22.923337675252053,22.600078487975797,22.83198356628418,14600,0.0,0.0,0.0
2012-05-09 00:00:00-04:00,22.48764099990725,22.58602400036413,22.410339305052354,22.543861389160156,6800,0.0,0.0,0.0
2012-05-10 00:00:00-04:00,22.656297215202034,22.684404726274465,22.614131927490234,22.614131927490234,18000,0.0,0.0,0.0
2012-05-11 00:00:00-04:00,22.55088202300493,22.76170306911821,22.52277183532715,22.52277183532715,7100,0.0,0.0,0.0
2012-05-14 00:00:00-04:00,22.108161824218296,22.108161824218296,21.946532223225503,21.995723724365234,13000,0.0,0.0,0.0
2012-05-15 00:00:00-04:00,21.791924357680248,21.932471274819527,21.560020671051287,21.630294799804688,11100,0.0,0.0,0.0
2012-05-16 00:00:00-04:00,21.609217306118417,21.637327500462288,21.398396210010738,21.475696563720703,11000,0.0,0.0,0.0
2012-05-17 00:00:00-04:00,21.51786377716651,21.67949338797667,21.321096420288086,21.321096420288086,9200,0.0,0.0,0.0
2012-05-18 00:00:00-04:00,21.278931807029505,21.292985564654046,20.948643706046298,21.054054260253906,23000,0.0,0.0,0.0
2012-05-21 00:00:00-04:00,21.110274687448538,21.45461654663086,21.110274687448538,21.45461654663086,17200,0.0,0.0,0.0
2012-05-22 00:00:00-04:00,21.370282158196638,21.524884178077777,21.075131872701668,21.166488647460938,13600,0.0,0.0,0.0
2012-05-23 00:00:00-04:00,20.871338575468116,20.948638916015625,20.618352230922344,20.948638916015625,15100,0.0,0.0,0.0
2012-05-24 00:00:00-04:00,21.039994936590528,21.039994936590528,20.81511878967285,20.81511878967285,3500,0.0,0.0,0.0
2012-05-25 00:00:00-04:00,20.90647908750398,21.004862089586275,20.90647908750398,20.97675323486328,2500,0.0,0.0,0.0
2012-05-29 00:00:00-04:00,21.440561349647982,21.440561349647982,21.229738901486193,21.342178344726562,6100,0.0,0.0,0.0
2012-05-30 00:00:00-04:00,21.06108308508632,21.194603843367258,21.054055535664375,21.187576293945312,2600,0.0,0.0,0.0
2012-05-31 00:00:00-04:00,21.2719034246334,21.468669427347177,21.22973813230799,21.46164321899414,9100,0.0,0.0,0.0
2012-06-01 00:00:00-04:00,21.0329671886773,21.285953521728516,21.0329671886773,21.285953521728516,7600,0.0,0.0,0.0
2012-06-04 00:00:00-04:00,21.159461503580722,21.243789392262784,21.07513227453104,21.11729621887207,26700,0.0,0.0,0.0
2012-06-05 00:00:00-04:00,21.025944837874267,21.15946558446769,21.025944837874267,21.089191436767578,3700,0.0,0.0,0.0
2012-06-06 00:00:00-04:00,21.51786201221048,21.64435386657715,21.48272426902431,21.64435386657715,3600,0.0,0.0,0.0
2012-06-07 00:00:00-04:00,22.023830232506647,22.023830232506647,21.805981618057327,21.855173110961914,20600,0.0,0.0,0.0
2012-06-08 00:00:00-04:00,21.66543682198991,21.679491919465164,21.489752124652863,21.67246437072754,7900,0.0,0.0,0.0
2012-06-11 00:00:00-04:00,21.862204743082074,21.862204743082074,21.482725143432617,21.482725143432617,3100,0.0,0.0,0.0
2012-06-12 00:00:00-04:00,21.602190223719145,21.714628322785426,21.581107577506266,21.67246437072754,3200,0.0,0.0,0.0
2012-06-13 00:00:00-04:00,21.813010801611817,21.918421342936956,21.714626468056302,21.728681564331055,120400,0.0,0.0,0.0
2012-06-14 00:00:00-04:00,21.672461802185033,21.841118930795815,21.630297855124265,21.74976348876953,6700,0.0,0.0,0.0
2012-06-15 00:00:00-04:00,21.728682754941726,21.904367446899414,21.728682754941726,21.904367446899414,15700,0.0,0.0,0.0
2012-06-18 00:00:00-04:00,21.89734092604208,22.129244676695002,21.89734092604208,22.065998077392578,9000,0.0,0.0,0.0
2012-06-19 00:00:00-04:00,22.31195752725004,22.600080336120527,22.31195752725004,22.58602523803711,52800,0.0,0.0,0.0
2012-06-20 00:00:00-04:00,22.573182741956145,22.573182741956145,22.252136389336872,22.35915184020996,8300,0.482,0.0,0.0
2012-06-21 00:00:00-04:00,22.25213060497822,22.25213060497822,21.766992568969727,21.766992568969727,4400,0.0,0.0,0.0
2012-06-22 00:00:00-04:00,21.774128171724797,21.838337700837865,21.759859085083008,21.759859085083008,3700,0.0,0.0,0.0
2012-06-25 00:00:00-04:00,21.64571436647276,21.64571436647276,21.431683458004933,21.581504821777344,19700,0.0,0.0,0.0
2012-06-26 00:00:00-04:00,21.774134050209213,21.938224508565238,21.70992450376114,21.866880416870117,16300,0.0,0.0,0.0
2012-06-27 00:00:00-04:00,22.04523899666917,22.10944854029476,21.973894908110147,22.102313995361328,3200,0.0,0.0,0.0
2012-06-28 00:00:00-04:00,21.923950407423373,21.973890851963624,21.795531343876984,21.90968132019043,7900,0.0,0.0,0.0
2012-06-29 00:00:00-04:00,22.68019803612884,22.73727303016076,22.623121681321724,22.658794403076172,19500,0.0,0.0,0.0
2012-07-02 00:00:00-04:00,22.851421727890926,23.008378982543945,22.83001945554748,23.008378982543945,24100,0.0,0.0,0.0
2012-07-03 00:00:00-04:00,23.30088840189961,23.30088840189961,23.101126603383204,23.250947952270508,4100,0.0,0.0,0.0
2012-07-05 00:00:00-04:00,23.122528970959664,23.129662154557348,22.879959905382456,23.008378982543945,7600,0.0,0.0,0.0
2012-07-06 00:00:00-04:00,22.794348909702737,22.84428936132385,22.73013936882553,22.808616638183594,14900,0.0,0.0,0.0
2012-07-09 00:00:00-04:00,22.89423037311298,22.89423037311298,22.715870835373412,22.744407653808594,5500,0.0,0.0,0.0
2012-07-10 00:00:00-04:00,22.937036830136595,22.937036830136595,22.587450951057406,22.680198669433594,5300,0.0,0.0,0.0
2012-07-11 00:00:00-04:00,22.80861642418344,22.90136278192742,22.737273700122795,22.822885513305664,3500,0.0,0.0,0.0
2012-07-12 00:00:00-04:00,22.537509196421695,22.794347342269283,22.473299659959796,22.75867462158203,18900,0.0,0.0,0.0
2012-07-13 00:00:00-04:00,22.75867768472097,23.00124813571689,22.75867768472097,22.979843139648438,8000,0.0,0.0,0.0
2012-07-16 00:00:00-04:00,22.87282684819114,22.98697683723771,22.83001958171727,22.972707748413086,11500,0.0,0.0,0.0
2012-07-17 00:00:00-04:00,23.05118636561414,23.24381498233269,23.00124591552604,23.236679077148438,14600,0.0,0.0,0.0
2012-07-18 00:00:00-04:00,23.25094896035277,23.372232137124616,23.25094896035277,23.36509895324707,5200,0.0,0.0,0.0
2012-07-19 00:00:00-04:00,23.472114949810805,23.507786311064844,23.436440867006358,23.50065040588379,8000,0.0,0.0,0.0
2012-07-20 00:00:00-04:00,23.222406297370565,23.26521355702106,23.201004028320312,23.201004028320312,2300,0.0,0.0,0.0
2012-07-23 00:00:00-04:00,22.830022249824985,22.89423179626465,22.68733406645343,22.89423179626465,21400,0.0,0.0,0.0
2012-07-24 00:00:00-04:00,22.958444180861182,22.958444180861182,22.71587505560801,22.78008460998535,13800,0.0,0.0,0.0
2012-07-25 00:00:00-04:00,23.001246405782982,23.001246405782982,22.737273700122795,22.822885513305664,16100,0.0,0.0,0.0
2012-07-26 00:00:00-04:00,22.97271233569456,23.165340990966197,22.965576429082116,23.101131439208984,11000,0.0,0.0,0.0
2012-07-27 00:00:00-04:00,23.19386800965044,23.686141967773438,23.19386800965044,23.686141967773438,12700,0.0,0.0,0.0
2012-07-30 00:00:00-04:00,23.47211405990525,23.61479949951172,23.47211405990525,23.61479949951172,6600,0.0,0.0,0.0
2012-07-31 00:00:00-04:00,23.607666443902154,23.607666443902154,23.315156936645508,23.315156936645508,13800,0.0,0.0,0.0
2012-08-01 00:00:00-04:00,23.514917622222622,23.579127155987102,23.379365371631028,23.443574905395508,19100,0.0,0.0,0.0
2012-08-02 00:00:00-04:00,23.607666443902154,23.607666443902154,23.243814216456208,23.315156936645508,23700,0.0,0.0,0.0
2012-08-03 00:00:00-04:00,23.82883207703668,23.893041610717773,23.736084368041723,23.893041610717773,19800,0.0,0.0,0.0
2012-08-06 00:00:00-04:00,23.97865435831792,23.97865435831792,23.721816213490726,23.85736846923828,13500,0.0,0.0,0.0
2012-08-07 00:00:00-04:00,23.850238706578594,23.850238706578594,23.621938705444336,23.621938705444336,26400,0.0,0.0,0.0
2012-08-08 00:00:00-04:00,23.593404496377154,23.743225887050095,23.57913540371052,23.66474723815918,17800,0.0,0.0,0.0
2012-08-09 00:00:00-04:00,23.71468391965391,24.428122028022496,23.657607564640234,23.74321937561035,13600,0.0,0.0,0.0
2012-08-10 00:00:00-04:00,23.778891631012517,23.942982056741936,23.657605746703695,23.893041610717773,22300,0.0,0.0,0.0
2012-08-13 00:00:00-04:00,23.828835521473824,23.850237795277806,23.643340076670707,23.736087799072266,6300,0.0,0.0,0.0
2012-08-14 00:00:00-04:00,23.885909114441223,23.907311388205457,23.793161392211914,23.793161392211914,6300,0.0,0.0,0.0
2012-08-15 00:00:00-04:00,23.828829444520913,23.843095809051558,23.75748401411822,23.786022186279297,57300,0.0,0.0,0.0
2012-08-16 00:00:00-04:00,23.850236395209087,23.850236395209087,23.664740961295017,23.72895050048828,8600,0.0,0.0,0.0
2012-08-17 00:00:00-04:00,23.61479826477947,23.61479826477947,23.493515103145366,23.514917373657227,6000,0.0,0.0,0.0
2012-08-20 00:00:00-04:00,23.279490370410045,23.63620948791504,23.279490370410045,23.63620948791504,24700,0.0,0.0,0.0
2012-08-21 00:00:00-04:00,23.650476095460746,23.721818822849077,23.45784746565154,23.493518829345703,13900,0.0,0.0,0.0
2012-08-22 00:00:00-04:00,23.286620195109762,23.586265625782755,23.286620195109762,23.40077018737793,20300,0.0,0.0,0.0
2012-08-23 00:00:00-04:00,23.564861409658064,23.564861409658064,23.32229232788086,23.32229232788086,66900,0.0,0.0,0.0
2012-08-24 00:00:00-04:00,23.243816477661287,23.514921017994478,23.243816477661287,23.472116470336914,16800,0.0,0.0,0.0
2012-08-27 00:00:00-04:00,23.343695200630105,23.472114274691297,23.322290207253015,23.336559295654297,19200,0.0,0.0,0.0
2012-08-28 00:00:00-04:00,23.35082984075999,23.35082984075999,23.151068033780902,23.158201217651367,42800,0.0,0.0,0.0
2012-08-29 00:00:00-04:00,23.008379109699437,23.015512293336542,22.965571843225568,22.972707748413086,14200,0.0,0.0,0.0
2012-08-30 00:00:00-04:00,22.80861939127836,22.815753936767578,22.673067109309414,22.815753936767578,8200,0.0,0.0,0.0
2012-08-31 00:00:00-04:00,22.83002004856366,22.94417003994446,22.77294505287326,22.887096405029297,15300,0.0,0.0,0.0
2012-09-04 00:00:00-04:00,22.90849579814321,22.90849579814321,22.65879221309678,22.85141944885254,6200,0.0,0.0,0.0
2012-09-05 00:00:00-04:00,22.75867504171574,22.851421395664417,22.71586913687598,22.794347763061523,9600,0.0,0.0,0.0
2012-09-06 00:00:00-04:00,23.036917488785136,23.308022014172288,23.036917488785136,23.222410202026367,30500,0.0,0.0,0.0
2012-09-07 00:00:00-04:00,23.34369627909871,23.671877162838985,23.34369627909871,23.600534439086914,39000,0.0,0.0,0.0
2012-09-10 00:00:00-04:00,23.457848804213366,23.50778926054504,23.350831985473633,23.350831985473633,11100,0.0,0.0,0.0
2012-09-11 00:00:00-04:00,23.415033973073996,23.5149148534917,23.37222671508789,23.37222671508789,15000,0.0,0.0,0.0
2012-09-12 00:00:00-04:00,23.001245464541526,23.008378648035503,22.794347763061523,22.794347763061523,36000,0.0,0.0,0.0
2012-09-13 00:00:00-04:00,22.894225024655825,23.36509398542374,22.787209599167657,23.2866153717041,14100,0.0,0.0,0.0
2012-09-14 00:00:00-04:00,23.357963950069095,23.714682990273538,23.357963950069095,23.386499404907227,25500,0.0,0.0,0.0
2012-09-17 00:00:00-04:00,23.429303059069362,23.43643624129211,23.30801718888367,23.37222671508789,18500,0.0,0.0,0.0
2012-09-18 00:00:00-04:00,23.45071051065809,23.45071051065809,23.293755973116728,23.43644142150879,3700,0.0,0.0,0.0
2012-09-19 00:00:00-04:00,23.400773436786373,23.564863903360397,23.35796888471107,23.464982986450195,28100,0.0,0.0,0.0
2012-09-20 00:00:00-04:00,23.25807719916061,23.308017640336757,23.2152726618953,23.2866153717041,4400,0.0,0.0,0.0
2012-09-21 00:00:00-04:00,23.30088840189961,23.365097940215655,23.201007502641406,23.250947952270508,10100,0.0,0.0,0.0
2012-09-24 00:00:00-04:00,23.086857514696263,23.265217040957452,23.086857514696263,23.250947952270508,16200,0.0,0.0,0.0
2012-09-25 00:00:00-04:00,23.258084602658357,23.258084602658357,23.07259186517959,23.093994140625,5200,0.0,0.0,0.0
2012-09-26 00:00:00-04:00,23.008379990106032,23.136799072891133,22.986977716825358,23.122529983520508,10000,0.0,0.0,0.0
2012-09-27 00:00:00-04:00,23.415039148560076,23.43644142150879,23.22954643272011,23.43644142150879,12200,0.0,0.0,0.0
2012-09-28 00:00:00-04:00,23.386501699494218,23.386501699494218,23.236680341080568,23.27948760986328,3900,0.0,0.0,0.0
2012-10-01 00:00:00-04:00,23.536326313896613,23.550592682264234,23.479249954223633,23.479249954223633,5200,0.0,0.0,0.0
2012-10-02 00:00:00-04:00,23.614799965892665,23.614799965892665,23.45784543491571,23.52918815612793,4600,0.0,0.0,0.0
2012-10-03 00:00:00-04:00,23.571998241149057,23.571998241149057,23.40790778549438,23.415040969848633,5100,0.0,0.0,0.0
2012-10-04 00:00:00-04:00,23.522057795141933,23.70755052548201,23.522057795141933,23.621938705444336,4000,0.0,0.0,0.0
2012-10-05 00:00:00-04:00,23.850236806608194,23.97865588720986,23.821698628352163,23.828834533691406,12800,0.0,0.0,0.0
2012-10-08 00:00:00-04:00,23.586265308599792,23.721817572110833,23.586265308599792,23.657608032226562,2000,0.0,0.0,0.0
2012-10-09 00:00:00-04:00,23.493511647572678,23.493511647572678,23.37222578222789,23.407899856567383,4500,0.0,0.0,0.0
2012-10-10 00:00:00-04:00,23.500645372402964,23.522050361811093,23.343690872192383,23.343690872192383,3700,0.0,0.0,0.0
2012-10-11 00:00:00-04:00,23.479241695497855,23.57198938656752,23.457839428923958,23.522048950195312,4400,0.0,0.0,0.0
2012-10-12 00:00:00-04:00,23.429309201128763,23.500651928258428,23.379368747827883,23.472116470336914,5100,0.0,0.0,0.0
2012-10-15 00:00:00-04:00,23.41503842174706,23.51491932114135,23.41503842174706,23.45784568786621,4200,0.0,0.0,0.0
2012-10-16 00:00:00-04:00,23.671876480294618,23.78602646793686,23.671876480294618,23.700414657592773,11700,0.0,0.0,0.0
2012-10-17 00:00:00-04:00,23.90731300731325,24.00006073582384,23.87877754754525,23.99292755126953,4000,0.0,0.0,0.0
2012-10-18 00:00:00-04:00,23.77889485337551,23.814566216576694,23.68614713181198,23.750356674194336,23400,0.0,0.0,0.0
2012-10-19 00:00:00-04:00,23.893042207665538,23.893042207665538,23.571994531238957,23.64333724975586,3400,0.0,0.0,0.0
2012-10-22 00:00:00-04:00,23.657601470358333,23.821691866426793,23.657601470358333,23.714677810668945,6700,0.0,0.0,0.0
2012-10-23 00:00:00-04:00,23.29375633570347,23.643339499876245,23.29375633570347,23.593399047851562,20800,0.0,0.0,0.0
2012-10-24 00:00:00-04:00,23.593400871127212,23.793162694663344,23.571998596191406,23.571998596191406,10300,0.0,0.0,0.0
2012-10-25 00:00:00-04:00,23.61480443992257,23.72895444841905,23.58626897896161,23.693283081054688,8500,0.0,0.0,0.0
2012-10-26 00:00:00-04:00,23.621936756436185,23.67901039123535,23.621936756436185,23.67901039123535,2800,0.0,0.0,0.0
2012-10-31 00:00:00-04:00,23.95725955549846,23.95725955549846,23.600540403486043,23.66474723815918,25800,0.0,0.0,0.0
2012-11-01 00:00:00-04:00,23.928712385927437,24.078533720348688,23.850233766501987,24.014324188232422,20700,0.0,0.0,0.0
2012-11-02 00:00:00-04:00,23.964387791483343,23.964387791483343,23.679011440194206,23.736087799072266,6800,0.0,0.0,0.0
2012-11-05 00:00:00-05:00,23.800291272359836,23.800291272359836,23.700410391345958,23.786022186279297,5300,0.0,0.0,0.0
2012-11-06 00:00:00-05:00,23.700411265865473,23.75748489074369,23.571992207951993,23.671873092651367,39600,0.0,0.0,0.0
2012-11-07 00:00:00-05:00,23.571998156110258,23.571998156110258,23.293757700936517,23.393638610839844,10900,0.0,0.0,0.0
2012-11-08 00:00:00-05:00,23.472111229673466,23.472111229673466,23.151063586169727,23.201004028320312,13500,0.0,0.0,0.0
2012-11-09 00:00:00-05:00,23.22954537988121,23.329426277848917,23.06545494442707,23.24381446838379,5600,0.0,0.0,0.0
2012-11-12 00:00:00-05:00,23.336558489178895,23.336558489178895,23.208139419555664,23.208139419555664,1600,0.0,0.0,0.0
2012-11-13 00:00:00-05:00,22.972705965451414,23.029779594769884,22.937034606933594,22.937034606933594,3500,0.0,0.0,0.0
2012-11-14 00:00:00-05:00,23.0155127378621,23.0155127378621,22.673064124883485,22.680198669433594,2800,0.0,0.0,0.0
2012-11-15 00:00:00-05:00,22.908497668833764,22.908497668833764,22.64452497490886,22.7087345123291,16500,0.0,0.0,0.0
2012-11-16 00:00:00-05:00,23.05831490366666,23.05831490366666,22.730134091620812,22.844284057617188,23600,0.0,0.0,0.0
2012-11-19 00:00:00-05:00,23.029780151602747,23.265216022303278,23.029780151602747,23.136796951293945,10100,0.0,0.0,0.0
2012-11-20 00:00:00-05:00,23.115396799610455,23.151068162261755,23.02978226338671,23.122529983520508,7100,0.0,0.0,0.0
2012-11-21 00:00:00-05:00,22.92276851597604,23.09399214786621,22.92276851597604,23.072589874267578,25100,0.0,0.0,0.0
2012-11-23 00:00:00-05:00,22.965574703871503,23.422177438483708,22.965574703871503,23.350831985473633,5500,0.0,0.0,0.0
2012-11-26 00:00:00-05:00,23.55059021468641,23.57199520809632,23.34369523642641,23.54345703125,6300,0.0,0.0,0.0
2012-11-27 00:00:00-05:00,23.329425520029638,23.47924686211449,23.143930097071976,23.193870544433594,3700,0.0,0.0,0.0
2012-11-28 00:00:00-05:00,23.293754413970284,23.386499404907227,23.11539489386806,23.386499404907227,46300,0.0,0.0,0.0
2012-11-29 00:00:00-05:00,23.293756699457518,23.293756699457518,23.158201709087546,23.27948760986328,5100,0.0,0.0,0.0
2012-11-30 00:00:00-05:00,23.24381446838379,23.272349923838597,23.208140386352163,23.24381446838379,5400,0.0,0.0,0.0
2012-12-03 00:00:00-05:00,23.258079866459116,23.300887130183607,23.193870331647503,23.208139419555664,5900,0.0,0.0,0.0
2012-12-04 00:00:00-05:00,23.27948833934324,23.35083106799944,23.25808334350586,23.25808334350586,11500,0.0,0.0,0.0
2012-12-05 00:00:00-05:00,23.393636575980942,23.51491974987087,23.27235068054057,23.42930793762207,7300,0.0,0.0,0.0
2012-12-06 00:00:00-05:00,23.472115359092815,23.600534439086914,23.450710364726824,23.600534439086914,11400,0.0,0.0,0.0
2012-12-07 00:00:00-05:00,23.557727171905395,23.650474890023457,23.543458082844886,23.600534439086914,3400,0.0,0.0,0.0
2012-12-10 00:00:00-05:00,23.764626551335947,23.87877655029297,23.764626551335947,23.87877655029297,15500,0.0,0.0,0.0
2012-12-11 00:00:00-05:00,23.80029933781698,23.978658891941446,23.80029933781698,23.96438980102539,8800,0.0,0.0,0.0
2012-12-12 00:00:00-05:00,23.800294914192648,24.08566851482055,23.800294914192648,24.007192611694336,4700,0.0,0.0,0.0
2012-12-13 00:00:00-05:00,23.84310083341484,23.92157946262035,23.66474130214794,23.67901039123535,14000,0.0,0.0,0.0
2012-12-14 00:00:00-05:00,23.728952465401974,23.91444791467629,23.728952465401974,23.87877655029297,10000,0.0,0.0,0.0
2012-12-17 00:00:00-05:00,23.996408762708402,24.01805877685547,23.837634650820068,24.01805877685547,10800,0.383,0.0,0.0
2012-12-18 00:00:00-05:00,23.960321614303687,24.176829988967352,23.960321614303687,24.155179977416992,17300,0.0,0.0,0.0
2012-12-19 00:00:00-05:00,24.20570543173549,24.292308255767637,24.20570543173549,24.277873992919922,9900,0.0,0.0,0.0
2012-12-20 00:00:00-05:00,24.3572536001979,24.523243442514335,24.3572536001979,24.47272491455078,12600,0.0,0.0,0.0
2012-12-21 00:00:00-05:00,24.227353939421224,24.429428100585938,24.227353939421224,24.429428100585938,9600,0.0,0.0,0.0
2012-12-24 00:00:00-05:00,24.249000248070086,24.263434507811088,24.133528923195602,24.22735023498535,7100,0.0,0.0,0.0
2012-12-26 00:00:00-05:00,24.537682328625536,24.58098511206954,24.328389671560227,24.44386100769043,37100,0.0,0.0,0.0
2012-12-27 00:00:00-05:00,24.720223713153974,24.720223713153974,24.372049131905833,24.480854034423828,11700,0.171,0.0,0.0
2012-12-28 00:00:00-05:00,24.502618987375502,24.734733578307928,24.502618987375502,24.676706314086914,40300,0.0,0.0,0.0
2012-12-31 00:00:00-05:00,24.778254609700294,24.87980439124031,24.567899909639397,24.836284637451172,12500,0.0,0.0,0.0
2013-01-02 00:00:00-05:00,25.162693447711778,25.32227325439453,25.162693447711778,25.32227325439453,5600,0.0,0.0,0.0
2013-01-03 00:00:00-05:00,25.365794491128618,25.44558439043307,25.17719968058649,25.220722198486328,38700,0.0,0.0,0.0
2013-01-04 00:00:00-05:00,25.32952520722516,25.423822615714702,25.21346792255493,25.40931510925293,10800,0.0,0.0,0.0
2013-01-07 00:00:00-05:00,25.220719645414924,25.220719645414924,25.068394998720937,25.169944763183594,7000,0.0,0.0,0.0
2013-01-08 00:00:00-05:00,25.10466318419146,25.10466318419146,24.821773754936842,24.865293502807617,3900,0.0,0.0,0.0
2013-01-09 00:00:00-05:00,24.923324399724955,25.242481219110974,24.923324399724955,25.1844539642334,15300,0.0,0.0,0.0
2013-01-10 00:00:00-05:00,25.34403186676527,25.467344284057617,25.271497103904245,25.467344284057617,18900,0.0,0.0,0.0
2013-01-11 00:00:00-05:00,25.387550791514347,25.45283317565918,25.27874589559848,25.45283317565918,14800,0.0,0.0,0.0
2013-01-14 00:00:00-05:00,25.481846483476794,25.489098851443067,25.409308968697765,25.438323974609375,11000,0.0,0.0,0.0
2013-01-15 00:00:00-05:00,25.50360976618033,25.5616397857666,25.402059998927985,25.5616397857666,16400,0.0,0.0,0.0
2013-01-16 00:00:00-05:00,25.503608508525105,25.62692091055323,25.481848635765108,25.61241340637207,11200,0.0,0.0,0.0
2013-01-17 00:00:00-05:00,25.79375265341682,25.801005021881867,25.69945526123047,25.69945526123047,12100,0.0,0.0,0.0
2013-01-18 00:00:00-05:00,25.735723089683766,25.85903549194336,25.590650814623338,25.85903549194336,47700,0.0,0.0,0.0
2013-01-22 00:00:00-05:00,26.083900024933325,26.156437560256258,25.982350242505262,26.1129150390625,25200,0.0,0.0,0.0
2013-01-23 00:00:00-05:00,26.076639568929593,26.076639568929593,25.924314942521132,25.98959732055664,44700,0.0,0.0,0.0
2013-01-24 00:00:00-05:00,25.938824541165104,26.091151963155628,25.84452990734205,25.917064666748047,16700,0.0,0.0,0.0
2013-01-25 00:00:00-05:00,25.975094687891808,25.975094687891808,25.837274771187225,25.917064666748047,5200,0.0,0.0,0.0
2013-01-28 00:00:00-05:00,26.098404972557585,26.098404972557585,25.837275405051788,25.87354278564453,25300,0.0,0.0,0.0
2013-01-29 00:00:00-05:00,26.02586876636963,26.250728173774316,26.01136126153326,26.18544578552246,17100,0.0,0.0,0.0
2013-01-30 00:00:00-05:00,26.2362236382733,26.250731144751587,26.1056616140166,26.243478775024414,31800,0.0,0.0,0.0
2013-01-31 00:00:00-05:00,26.345026205114493,26.345026205114493,26.14192666656941,26.178194046020508,16100,0.0,0.0,0.0
2013-02-01 00:00:00-05:00,26.33051326563341,26.548120264452244,26.33051326563341,26.504600524902344,10000,0.0,0.0,0.0
2013-02-04 00:00:00-05:00,26.511864798225083,26.511864798225083,26.17094802822118,26.228975296020508,27300,0.0,0.0,0.0
2013-02-05 00:00:00-05:00,26.308756732321353,26.490096382171632,26.308756732321353,26.34502410888672,8600,0.0,0.0,0.0
2013-02-06 00:00:00-05:00,26.359529958363648,26.482839584350586,26.330514952123206,26.482839584350586,4000,0.0,0.0,0.0
2013-02-07 00:00:00-05:00,26.41030251849616,26.548119635511053,26.323260274435334,26.511852264404297,18800,0.0,0.0,0.0
2013-02-08 00:00:00-05:00,26.613413488093627,26.613413488093627,26.504611327849375,26.60616111755371,3500,0.0,0.0,0.0
2013-02-11 00:00:00-05:00,26.635174016075844,26.635174016075844,26.359536918061877,26.432071685791016,4800,0.0,0.0,0.0
2013-02-12 00:00:00-05:00,26.591645527370616,26.591645527370616,26.36678337063674,26.44657325744629,8000,0.0,0.0,0.0
2013-02-13 00:00:00-05:00,26.598902595115284,26.80200491570217,26.598902595115284,26.765737533569336,4500,0.0,0.0,0.0
2013-02-14 00:00:00-05:00,26.736719987027136,26.77298736572266,26.54812519057261,26.772987365722656,8000,0.0,0.0,0.0
2013-02-15 00:00:00-05:00,26.6786903416594,26.6786903416594,26.424815920206566,26.43932342529297,16500,0.0,0.0,0.0
2013-02-19 00:00:00-05:00,26.34502245553089,26.60615197765113,26.34502245553089,26.51910972595215,7000,0.0,0.0,0.0
2013-02-20 00:00:00-05:00,26.562630711635034,26.562630711635034,26.352278824101603,26.374038696289062,7700,0.0,0.0,0.0
2013-02-21 00:00:00-05:00,26.33777209599949,26.33777209599949,25.9170627744951,26.01136016845703,18600,0.0,0.0,0.0
2013-02-22 00:00:00-05:00,26.199954768806542,26.199954768806542,26.018615098654458,26.12016487121582,112100,0.0,0.0,0.0
2013-02-25 00:00:00-05:00,26.279750004324182,26.352287547333063,25.99686050415039,25.99686050415039,21100,0.0,0.0,0.0
2013-02-26 00:00:00-05:00,25.960593330878748,26.062143124906765,25.87354827854814,25.98235321044922,6700,0.0,0.0,0.0
2013-02-27 00:00:00-05:00,26.069391472800167,26.30150604248047,26.069391472800167,26.30150604248047,15800,0.0,0.0,0.0
2013-02-28 00:00:00-05:00,26.316014181550848,26.316014181550848,26.199956893920902,26.1999568939209,3400,0.0,0.0,0.0
2013-03-01 00:00:00-05:00,26.06938999071485,26.214462280273438,26.06938999071485,26.214462280273438,2900,0.0,0.0,0.0
2013-03-04 00:00:00-05:00,26.214461223412535,26.286998748779297,26.076644075751187,26.286998748779297,22200,0.0,0.0,0.0
2013-03-05 00:00:00-05:00,26.345023498606277,26.56988565534016,26.2797411154915,26.44657325744629,12300,0.0,0.0,0.0
2013-03-06 00:00:00-05:00,26.359529310781078,26.497346436502443,26.301499299725837,26.468334197998047,12900,0.0,0.0,0.0
2013-03-07 00:00:00-05:00,26.533621270767583,26.562633514404293,26.482843618599976,26.562633514404297,9200,0.0,0.0,0.0
2013-03-08 00:00:00-05:00,26.656934529424184,26.69320191415464,26.533624867935824,26.577144622802734,92900,0.0,0.0,0.0
2013-03-11 00:00:00-04:00,26.68594353605275,26.68594353605275,26.308756732321353,26.34502410888672,83600,0.0,0.0,0.0
2013-03-12 00:00:00-04:00,26.236220005228244,26.236220005228244,26.0331204767042,26.076642990112305,20200,0.0,0.0,0.0
2013-03-13 00:00:00-04:00,26.0911530245113,26.0911530245113,25.859038464541527,25.88079833984375,16500,0.0,0.0,0.0
2013-03-14 00:00:00-04:00,26.033117061231522,26.040372196026127,25.88804480259448,25.98959732055664,9900,0.0,0.0,0.0
2013-03-15 00:00:00-04:00,25.902555629097744,25.902555629097744,25.59065120146118,25.677696228027344,18000,0.0,0.0,0.0
2013-03-18 00:00:00-04:00,25.612413827809476,25.68494858288531,25.402059164256606,25.583398818969727,25700,0.0,0.0,0.0
2013-03-19 00:00:00-04:00,25.699453306760816,25.764735686075277,25.423816286652748,25.547128677368164,28000,0.0,0.0,0.0
2013-03-20 00:00:00-04:00,25.5833964703504,25.5833964703504,25.45283170958124,25.51811408996582,13700,0.0,0.0,0.0
2013-03-21 00:00:00-04:00,25.49636056777789,25.51086530745453,25.315020884556212,25.32227325439453,20800,0.0,0.0,0.0
2013-03-22 00:00:00-04:00,25.460083845531454,25.489098851443067,25.358534091864072,25.438323974609375,4900,0.0,0.0,0.0
2013-03-25 00:00:00-04:00,25.35128381664738,25.525368332441214,25.315016439775622,25.36579132080078,11400,0.0,0.0,0.0
2013-03-26 00:00:00-04:00,25.4093111148593,25.634173279132064,25.4093111148593,25.61241340637207,11500,0.0,0.0,0.0
2013-03-27 00:00:00-04:00,25.561641502935824,25.73572603934196,25.503611479451237,25.692203521728516,30100,0.0,0.0,0.0
2013-03-28 00:00:00-04:00,25.75023418836316,25.924321496141197,25.721219175896174,25.837276458740234,7900,0.0,0.0,0.0
2013-04-01 00:00:00-04:00,25.92432106650019,25.9823483234486,25.7574861310919,25.77199363708496,19200,0.0,0.0,0.0
2013-04-02 00:00:00-04:00,25.97509002685547,26.098399649123415,25.95332738931985,25.97509002685547,8500,0.0,0.0,0.0
2013-04-03 00:00:00-04:00,25.946080313853795,25.946080313853795,25.808263160791856,25.87354278564453,4400,0.0,0.0,0.0
2013-04-04 00:00:00-04:00,25.801008441037176,25.938825596324286,25.78650093516109,25.88079833984375,5200,0.0,0.0,0.0
2013-04-05 00:00:00-04:00,25.47460107690447,25.822772979736328,25.387558792952582,25.822772979736328,45100,0.0,0.0,0.0
2013-04-08 00:00:00-04:00,25.859043134488573,25.873547875960288,25.692208170296343,25.822772979736328,5200,0.0,0.0,0.0
2013-04-09 00:00:00-04:00,25.924325728165847,26.134677685330757,25.895310710962296,25.99686050415039,7700,0.0,0.0,0.0
2013-04-10 00:00:00-04:00,26.221711303502012,26.40305093141828,26.221711303502012,26.3377685546875,8100,0.0,0.0,0.0
2013-04-11 00:00:00-04:00,26.279750625600595,26.279750625600595,26.120170794232788,26.14193344116211,6300,0.0,0.0,0.0
2013-04-12 00:00:00-04:00,26.076647018869267,26.09840689542337,25.917067212075217,25.96784210205078,2900,0.0,0.0,0.0
2013-04-15 00:00:00-04:00,25.996857312514358,25.996857312514358,25.496360778808594,25.496360778808594,7100,0.0,0.0,0.0
2013-04-16 00:00:00-04:00,25.764740209417948,25.84453010559082,25.663190438661097,25.84453010559082,6100,0.0,0.0,0.0
2013-04-17 00:00:00-04:00,25.72121336468944,25.757480738567324,25.40205660073149,25.438323974609375,9600,0.0,0.0,0.0
2013-04-18 00:00:00-04:00,25.692202234807905,25.713964876036446,25.496357832916793,25.590652465820312,7900,0.0,0.0,0.0
2013-04-19 00:00:00-04:00,25.779247077104507,25.85903697130359,25.75023206702781,25.757484436035156,6600,0.0,0.0,0.0
2013-04-22 00:00:00-04:00,25.75023014155617,25.77199001397477,25.59065036509057,25.69945526123047,7800,0.0,0.0,0.0
2013-04-23 00:00:00-04:00,25.7139657576317,25.909812933261048,25.69945825198985,25.87354278564453,3900,0.0,0.0,0.0
2013-04-24 00:00:00-04:00,25.938819886637173,26.018609767880292,25.89530014561235,25.97509002685547,3800,0.0,0.0,0.0
2013-04-25 00:00:00-04:00,26.03312640748968,26.04038154488898,25.873546588995215,25.90981674194336,14600,0.0,0.0,0.0
2013-04-26 00:00:00-04:00,25.866291248504428,25.8953062607216,25.757486336201953,25.79375648498535,7800,0.0,0.0,0.0
2013-04-29 00:00:00-04:00,25.83727624632718,25.909813776898304,25.808264001122595,25.851783752441406,6700,0.0,0.0,0.0
2013-04-30 00:00:00-04:00,25.85178523483554,26.127422332763672,25.85178523483554,26.127422332763672,16800,0.0,0.0,0.0
2013-05-01 00:00:00-04:00,26.02586892594887,26.069388673701205,25.77199174029116,25.866289138793945,65900,0.0,0.0,0.0
2013-05-02 00:00:00-04:00,26.018613393301667,26.098403285662673,25.975093646212823,26.04762840270996,5800,0.0,0.0,0.0
2013-05-03 00:00:00-04:00,26.149181357379874,26.37404355717959,26.04037920936628,26.091154098510742,81100,0.0,0.0,0.0
2013-05-06 00:00:00-04:00,26.040379421567764,26.207211596833925,26.040379421567764,26.170944213867188,5700,0.0,0.0,0.0
2013-05-07 00:00:00-04:00,26.381290455840166,26.49009534831327,26.35953058415489,26.475587844848633,8800,0.0,0.0,0.0
2013-05-08 00:00:00-04:00,26.6134030868369,26.6351657239997,26.504600969115533,26.569883346557617,12200,0.0,0.0,0.0
2013-05-09 00:00:00-04:00,26.59164977947067,26.59164977947067,26.359535217285156,26.359535217285156,13400,0.0,0.0,0.0
2013-05-10 00:00:00-04:00,26.410309461937285,26.410309461937285,26.091152638457167,26.308759689331055,11200,0.0,0.0,0.0
2013-05-13 00:00:00-04:00,26.28700533084419,26.301510072525755,26.199960278608664,26.228975296020508,8800,0.0,0.0,0.0
2013-05-14 00:00:00-04:00,26.221721228956145,26.30876350853675,26.15643882751465,26.15643882751465,6700,0.0,0.0,0.0
2013-05-15 00:00:00-04:00,26.156433304479258,26.156433304479258,26.01136102446139,26.04762840270996,3700,0.0,0.0,0.0
2013-05-16 00:00:00-04:00,25.88805197831579,26.033124277164372,25.88805197831579,25.9243221282959,8300,0.0,0.0,0.0
2013-05-17 00:00:00-04:00,26.112909948622587,26.141924957095586,26.01861255459709,26.069387435913086,4400,0.0,0.0,0.0
2013-05-20 00:00:00-04:00,26.185448535696086,26.185448535696086,26.12016614058783,26.16368865966797,7000,0.0,0.0,0.0
2013-05-21 00:00:00-04:00,25.982350667570763,26.120167836402928,25.982350667570763,26.083900451660156,8300,0.0,0.0,0.0
2013-05-22 00:00:00-04:00,25.953333300857018,26.112913099691653,25.648683976198726,25.713966369628906,13200,0.0,0.0,0.0
2013-05-23 00:00:00-04:00,25.467339880686662,25.663187026977543,25.351282619961328,25.66318702697754,96000,0.0,0.0,0.0
2013-05-24 00:00:00-04:00,25.43107032775879,25.525364941694722,25.256983068066923,25.43107032775879,67900,0.0,0.0,0.0
2013-05-28 00:00:00-04:00,25.58339605098214,25.808258194625996,25.547128677368164,25.547128677368164,34500,0.0,0.0,0.0
2013-05-29 00:00:00-04:00,25.36579214853091,25.36579214853091,25.198959995858008,25.24973487854004,21400,0.0,0.0,0.0
2013-05-30 00:00:00-04:00,25.206213640139293,25.32227091600287,25.184453765609785,25.256988525390625,14500,0.0,0.0,0.0
2013-05-31 00:00:00-04:00,25.249736543022465,25.249736543022465,24.669447387791415,24.923324584960938,11700,0.0,0.0,0.0
2013-06-03 00:00:00-04:00,24.95233747566377,24.95233747566377,24.59691053664032,24.937829971313477,7500,0.0,0.0,0.0
2013-06-04 00:00:00-04:00,25.04663464221078,25.04663464221078,24.575153154641168,24.741985321044922,6500,0.0,0.0,0.0
2013-06-05 00:00:00-04:00,24.87254318738667,24.87254318738667,24.40105906395028,24.473596572875977,19800,0.0,0.0,0.0
2013-06-06 00:00:00-04:00,24.52437761114476,24.53888511657715,24.306767796682685,24.53888511657715,2200,0.0,0.0,0.0
2013-06-07 00:00:00-04:00,24.4445840811208,24.480851455798803,24.241481802282017,24.335779190063477,3300,0.0,0.0,0.0
2013-06-10 00:00:00-04:00,24.16169865338354,24.16169865338354,23.915076591232555,24.110923767089844,7700,0.0,0.0,0.0
2013-06-11 00:00:00-04:00,23.71923002521672,23.86430231851025,23.407325563093984,23.82077980041504,92200,0.0,0.0,0.0
2013-06-12 00:00:00-04:00,23.682963473357344,23.80627312841137,23.356551493767366,23.36380386352539,5900,0.0,0.0,0.0
2013-06-13 00:00:00-04:00,23.27675614333944,23.537885665893555,23.247741137050472,23.537885665893555,10500,0.0,0.0,0.0
2013-06-14 00:00:00-04:00,23.624930239176944,23.624930239176944,23.37105582676044,23.45084571838379,10700,0.0,0.0,0.0
2013-06-17 00:00:00-04:00,23.41457917837705,23.55239910949938,23.298521890972136,23.429086685180664,19500,0.0,0.0,0.0
2013-06-18 00:00:00-04:00,23.429080775821575,23.56690067218252,23.42182840776098,23.537885665893555,4600,0.0,0.0,0.0
2013-06-19 00:00:00-04:00,23.537893227432956,23.537893227432956,22.73999828381433,22.805280685424805,14800,0.0,0.0,0.0
2013-06-20 00:00:00-04:00,22.30477595257585,22.348297079246386,21.673713390050516,21.789772033691406,36700,0.0,0.0,0.0
2013-06-21 00:00:00-04:00,21.9928774262775,22.05090607185427,21.63745179918076,22.029146194458008,23500,0.0,0.0,0.0
2013-06-24 00:00:00-04:00,21.70273324940464,21.70273324940464,20.977374519656507,21.56491470336914,297400,0.0,0.0,0.0
2013-06-25 00:00:00-04:00,21.70374629126124,21.78497886657715,21.48220469670689,21.78497886657715,22400,0.528,0.0,0.0
2013-06-26 00:00:00-04:00,22.043446176331326,22.41268312599005,22.043446176331326,22.353605270385742,7600,0.0,0.0,0.0
2013-06-27 00:00:00-04:00,22.65637463286731,23.003456784582713,22.65637463286731,22.966533660888672,19500,0.0,0.0,0.0
2013-06-28 00:00:00-04:00,22.951765474565466,23.165923551043324,22.796686653827965,23.114229202270508,6600,0.0,0.0,0.0
2013-07-01 00:00:00-04:00,23.31361744216875,23.31361744216875,23.018228206388773,23.062536239624023,15800,0.0,0.0,0.0
2013-07-02 00:00:00-04:00,22.863150283637438,23.151156050037137,22.641608686585784,22.722841262817383,9500,0.0,0.0,0.0
2013-07-03 00:00:00-04:00,22.63422151105437,22.72283898611232,22.4274497501308,22.663761138916016,4200,0.0,0.0,0.0
2013-07-05 00:00:00-04:00,22.663761245214214,22.663761245214214,22.316677658846924,22.471757888793945,15500,0.0,0.0,0.0
2013-07-08 00:00:00-04:00,22.471759349748027,22.82622645763331,22.471759349748027,22.708070755004883,33400,0.0,0.0,0.0
2013-07-09 00:00:00-04:00,22.74499615425431,22.900076409763454,22.693303205260335,22.76715087890625,15300,0.0,0.0,0.0
2013-07-10 00:00:00-04:00,22.78930071755881,22.83360874883588,22.69329833984375,22.69329833984375,5300,0.0,0.0,0.0
2013-07-11 00:00:00-04:00,23.09946260097197,23.402236767653612,23.09946260097197,23.357927322387695,10000,0.0,0.0,0.0
2013-07-12 00:00:00-04:00,23.158536357178328,23.158536357178328,22.90007027294562,23.05514907836914,6000,0.0,0.0,0.0
2013-07-15 00:00:00-04:00,23.047771660954933,23.335777463721417,23.047771660954933,23.298852920532227,3000,0.0,0.0,0.0
2013-07-16 00:00:00-04:00,23.32100518125633,23.365313219872395,23.225004196166992,23.225004196166992,6100,0.0,0.0,0.0
2013-07-17 00:00:00-04:00,23.468701293338608,23.5499324653856,23.387468712764417,23.498239517211914,11500,0.0,0.0,0.0
2013-07-18 00:00:00-04:00,23.424390318631406,23.690242767333984,23.424390318631406,23.690242767333984,202000,0.0,0.0,0.0
2013-07-19 00:00:00-04:00,23.609012268772208,23.690246264573233,23.476088137588842,23.6533203125,106000,0.0,0.0,0.0
2013-07-22 00:00:00-04:00,23.535163610721035,23.801013254640438,23.535163610721035,23.786243438720703,4200,0.0,0.0,0.0
2013-07-23 00:00:00-04:00,24.21455689009513,24.236710202923298,23.92655255511286,24.044708251953125,259400,0.0,0.0,0.0
2013-07-24 00:00:00-04:00,23.985625589966777,24.066858148210176,23.808393478393555,23.808393478393555,6700,0.0,0.0,0.0
2013-07-25 00:00:00-04:00,23.690244795419922,24.162867655279413,23.690244795419922,24.155481338500977,41400,0.0,0.0,0.0
2013-07-26 00:00:00-04:00,23.8453203303399,23.978245843340165,23.786241072537976,23.97085952758789,6000,0.0,0.0,0.0
2013-07-29 00:00:00-04:00,23.889627397737932,23.941320340742045,23.697625440444664,23.734548568725586,9000,0.0,0.0,0.0
2013-07-30 00:00:00-04:00,23.808396532071605,23.808396532071605,23.505620978473893,23.557313919067383,13600,0.0,0.0,0.0
2013-07-31 00:00:00-04:00,23.417004496847554,23.57208473373818,23.321003518602538,23.476083755493164,9200,0.0,0.0,0.0
2013-08-01 00:00:00-04:00,23.705006566308732,23.897011321435635,23.705006566308732,23.86747169494629,7400,0.0,0.0,0.0
2013-08-02 00:00:00-04:00,23.719780721543763,23.96347845910984,23.719780721543763,23.941322326660156,3700,0.0,0.0,0.0
2013-08-05 00:00:00-04:00,23.882247880709574,23.882247880709574,23.660706257033038,23.67547607421875,8600,0.0,0.0,0.0
2013-08-06 00:00:00-04:00,23.77885775925558,23.77885775925558,23.476083603295,23.48346710205078,2200,0.0,0.0,0.0
2013-08-07 00:00:00-04:00,23.261927851577305,23.321005707240225,23.195465087890625,23.195465087890625,6200,0.0,0.0,0.0
2013-08-08 00:00:00-04:00,23.409621911920517,23.705009765517765,23.409621911920517,23.690242767333984,5000,0.0,0.0,0.0
2013-08-09 00:00:00-04:00,23.62377609756772,23.88224220275879,23.62377609756772,23.88224220275879,19600,0.0,0.0,0.0
2013-08-12 00:00:00-04:00,24.0373224163224,24.11855498771989,23.882243589320325,23.91178321838379,7900,0.0,0.0,0.0
2013-08-13 00:00:00-04:00,23.874858210523517,23.96347427368164,23.845318583786188,23.96347427368164,5700,0.0,0.0,0.0
2013-08-14 00:00:00-04:00,23.91178617461062,24.022555571711976,23.852706909179688,23.852706909179688,4200,0.0,0.0,0.0
2013-08-15 00:00:00-04:00,23.719778561782444,23.719778561782444,23.439159126951157,23.638545989990234,8200,0.0,0.0,0.0
2013-08-16 00:00:00-04:00,23.557317859216266,23.557317859216266,23.269313480008943,23.313621520996094,5200,0.0,0.0,0.0
2013-08-19 00:00:00-04:00,23.136385428392117,23.188078372001016,22.951766967773438,22.951766967773438,23400,0.0,0.0,0.0
2013-08-20 00:00:00-04:00,23.010844663010584,23.188078214981118,22.996074848214604,23.04038429260254,17200,0.0,0.0,0.0
2013-08-21 00:00:00-04:00,22.885304799616865,22.885304799616865,22.56776081379705,22.575145721435547,31500,0.0,0.0,0.0
2013-08-22 00:00:00-04:00,22.70068504243919,22.885303497314453,22.52345149478218,22.885303497314453,14800,0.0,0.0,0.0
2013-08-23 00:00:00-04:00,22.959147341691303,23.23238182067871,22.959147341691303,23.23238182067871,22800,0.0,0.0,0.0
2013-08-26 00:00:00-04:00,23.37269845412757,23.37269845412757,23.033001139115296,23.04776954650879,4100,0.0,0.0,0.0
2013-08-27 00:00:00-04:00,22.996074576521835,22.996074576521835,22.641607476768705,22.73760986328125,11900,0.0,0.0,0.0
2013-08-28 00:00:00-04:00,22.685913433209752,22.870531873478953,22.685913433209752,22.69329833984375,15800,0.0,0.0,0.0
2013-08-29 00:00:00-04:00,22.826222536839744,23.06253390150609,22.826222536839744,22.900070190429688,9500,0.0,0.0,0.0
2013-08-30 00:00:00-04:00,23.12161408678002,23.151153714621508,23.0108432994284,23.062536239624023,5000,0.0,0.0,0.0
2013-09-03 00:00:00-04:00,23.254538697500465,23.328386355727044,23.032997131347656,23.032997131347656,8100,0.0,0.0,0.0
2013-09-04 00:00:00-04:00,23.173312967981648,23.306238510292868,23.173312967981648,23.261930465698242,15000,0.0,0.0,0.0
2013-09-05 00:00:00-04:00,23.217618204202243,23.62377825769338,23.217618204202243,23.60162353515625,8600,0.0,0.0,0.0
2013-09-06 00:00:00-04:00,23.74932223432251,23.948710539834583,23.660706148668666,23.889631271362305,18200,0.0,0.0,0.0
2013-09-09 00:00:00-04:00,23.956097522234405,24.458260109027115,23.956097522234405,24.37702751159668,21500,0.0,0.0,0.0
2013-09-10 00:00:00-04:00,24.53948263482919,24.561635946107035,24.458250070738668,24.50994300842285,33500,0.0,0.0,0.0
2013-09-11 00:00:00-04:00,24.36963917647079,24.57641097105616,24.36963917647079,24.539487838745117,4200,0.0,0.0,0.0
2013-09-12 00:00:00-04:00,24.436099273726796,24.546871475621174,24.317943572998047,24.317943572998047,9200,0.0,0.0,0.0
2013-09-13 00:00:00-04:00,24.41395257414648,24.628107903009393,24.40656625625697,24.532108306884766,179000,0.0,0.0,0.0
2013-09-16 00:00:00-04:00,24.797950343317478,24.871796592884063,24.59117577383412,24.605945587158203,11600,0.0,0.0,0.0
2013-09-17 00:00:00-04:00,24.49517736146103,24.72410527946644,24.49517736146103,24.650259017944336,6600,0.0,0.0,0.0
2013-09-18 00:00:00-04:00,24.502566877427903,25.543815076361433,24.49518056007859,25.52166175842285,20600,0.0,0.0,0.0
2013-09-19 00:00:00-04:00,25.595510313972774,25.595510313972774,25.285352566932506,25.44781494140625,14400,0.0,0.0,0.0
2013-09-20 00:00:00-04:00,25.17457874437282,25.17457874437282,24.908727653943014,24.960420608520508,6600,0.0,0.0,0.0
2013-09-23 00:00:00-04:00,24.849645862814654,25.10811058020095,24.849645862814654,25.100727081298828,13300,0.0,0.0,0.0
2013-09-24 00:00:00-04:00,25.004721774257693,25.100724151103012,24.97518214798931,25.049028396606445,2800,0.0,0.0,0.0
2013-09-25 00:00:00-04:00,24.975186052411495,25.034265314184232,24.79056758495307,24.88656997680664,2800,0.0,0.0,0.0
2013-09-26 00:00:00-04:00,24.938262905136913,24.967802536002917,24.753644437805775,24.834877014160156,11600,0.0,0.0,0.0
2013-09-27 00:00:00-04:00,24.679793249817802,24.716719193769215,24.613333311634886,24.687179565429688,3800,0.0,0.0,0.0
2013-09-30 00:00:00-04:00,24.583801263891836,24.665033858347197,24.517338488160622,24.532108306884766,9700,0.0,0.0,0.0
2013-10-01 00:00:00-04:00,24.628102415152387,24.84226051334953,24.569025970474634,24.834877014160156,12500,0.0,0.0,0.0
2013-10-02 00:00:00-04:00,24.864412860618895,25.10811058020095,24.864412860618895,25.100727081298828,2100,0.0,0.0,0.0
2013-10-03 00:00:00-04:00,25.15980335145679,25.167189667362493,24.930875448300153,25.05641746520996,23000,0.0,0.0,0.0
2013-10-04 00:00:00-04:00,25.049030152632213,25.263188232510473,25.034263155516616,25.218881607055664,8800,0.0,0.0,0.0
2013-10-07 00:00:00-04:00,24.857033150558237,25.204116809999153,24.857033150558237,25.152423858642578,5500,0.0,0.0,0.0
2013-10-08 00:00:00-04:00,25.100726737056014,25.21149612139351,25.012107849121094,25.012107849121094,3400,0.0,0.0,0.0
2013-10-09 00:00:00-04:00,25.049028082080824,25.174570083618164,25.049028082080824,25.174570083618164,4900,0.0,0.0,0.0
2013-10-10 00:00:00-04:00,25.44780618893579,25.669347763061523,25.44780618893579,25.669347763061523,11000,0.0,0.0,0.0
2013-10-11 00:00:00-04:00,25.706277694288058,25.728431010021243,25.543812533432988,25.713661193847656,12300,0.0,0.0,0.0
2013-10-14 00:00:00-04:00,25.617662087601538,25.905669314396803,25.617662087601538,25.846590042114258,2900,0.0,0.0,0.0
2013-10-15 00:00:00-04:00,25.639814345341186,25.639814345341186,25.47734918819099,25.536428451538086,1900,0.0,0.0,0.0
2013-10-16 00:00:00-04:00,25.70627437957295,25.765350819595252,25.632425308227536,25.63242530822754,3400,0.0,0.0,0.0
2013-10-17 00:00:00-04:00,25.536428162368388,25.610274423661714,25.521658346698864,25.602888107299805,4500,0.0,0.0,0.0
2013-10-18 00:00:00-04:00,25.809664130631333,25.809664130631333,25.7062782323068,25.735815048217773,6700,0.0,0.0,0.0
2013-10-21 00:00:00-04:00,25.61766087118519,25.839205314670266,25.61766087118519,25.80966567993164,9100,0.0,0.0,0.0
2013-10-22 00:00:00-04:00,25.994280454778075,26.23797536389145,25.853968618358838,26.171512603759766,17500,0.0,0.0,0.0
2013-10-23 00:00:00-04:00,25.9425915943057,25.9425915943057,25.75797310010181,25.78750991821289,32100,0.0,0.0,0.0
2013-10-24 00:00:00-04:00,25.77273678737952,25.77273678737952,25.669348088891475,25.706274032592773,18300,0.0,0.0,0.0
2013-10-25 00:00:00-04:00,25.876126354702723,25.876126354702723,25.669351745326892,25.713661193847656,3100,0.0,0.0,0.0
2013-10-28 00:00:00-04:00,25.698893458189104,25.883511949723587,25.698893458189104,25.80966567993164,12000,0.0,0.0,0.0
2013-10-29 00:00:00-04:00,25.986891440656912,25.986891440656912,25.846582435858807,25.89827537536621,18200,0.0,0.0,0.0
2013-10-30 00:00:00-04:00,26.001661254381016,26.031200881829225,25.846582435858807,25.89827537536621,23200,0.0,0.0,0.0
2013-10-31 00:00:00-04:00,25.890894741341093,25.890894741341093,25.580734252929688,25.580734252929688,18300,0.0,0.0,0.0
2013-11-01 00:00:00-04:00,25.721046632655998,25.728430131963613,25.462579084020767,25.602888107299805,5400,0.0,0.0,0.0
2013-11-04 00:00:00-05:00,25.55857838452563,25.67673407852962,25.55857838452563,25.669347763061523,2800,0.0,0.0,0.0
2013-11-05 00:00:00-05:00,25.35919063774144,25.455193021398852,25.211495312973277,25.27057456970215,9100,0.0,0.0,0.0
2013-11-06 00:00:00-05:00,25.617653512059746,25.617653512059746,25.433035073560188,25.477344512939453,42800,0.0,0.0,0.0
2013-11-07 00:00:00-05:00,25.55119554371049,25.55119554371049,25.108112335205078,25.108112335205078,6000,0.0,0.0,0.0
2013-11-08 00:00:00-05:00,24.916108179396257,24.916108179396257,24.58379439360987,24.753643035888672,78200,0.0,0.0,0.0
2013-11-11 00:00:00-05:00,24.901342072953643,24.94564870628697,24.797956172436532,24.864416122436523,4300,0.0,0.0,0.0
2013-11-12 00:00:00-05:00,24.797953696710355,24.827490510298905,24.69456498946064,24.738874435424805,11000,0.0,0.0,0.0
2013-11-13 00:00:00-05:00,24.709336201053492,24.864415045109894,24.709336201053492,24.82010841369629,2800,0.0,0.0,0.0
2013-11-14 00:00:00-05:00,24.827488275088974,25.24103461569372,24.78318165016795,25.2336483001709,53000,0.0,0.0,0.0
2013-11-15 00:00:00-05:00,25.300114126922015,25.839202543393064,25.300114126922015,25.75058364868164,11500,0.0,0.0,0.0
2013-11-18 00:00:00-05:00,25.765353127280893,25.99428104337466,25.765353127280893,25.87612533569336,3800,0.0,0.0,0.0
2013-11-19 00:00:00-05:00,25.97212731791105,25.97212731791105,25.669353112858232,25.691509246826172,22200,0.0,0.0,0.0
2013-11-20 00:00:00-05:00,25.676734665269283,25.676734665269283,25.403500144838986,25.4256534576416,3800,0.0,0.0,0.0
2013-11-21 00:00:00-05:00,25.37396418446305,25.48473358154297,25.37396418446305,25.48473358154297,21300,0.0,0.0,0.0
2013-11-22 00:00:00-05:00,25.373960772391992,25.691504738685165,25.373960772391992,25.676734924316406,7600,0.0,0.0,0.0
2013-11-25 00:00:00-05:00,25.49950423044526,25.65458589870758,25.440427780151367,25.440427780151367,4300,0.0,0.0,0.0
2013-11-26 00:00:00-05:00,25.38134851280296,25.462581096879763,25.285348928943566,25.440427780151367,13900,0.0,0.0,0.0
2013-11-27 00:00:00-05:00,25.53642814604753,25.588121092330677,25.447809252087023,25.55119514465332,9100,0.0,0.0,0.0
2013-11-29 00:00:00-05:00,25.57335147751991,25.698890686035156,25.56596516110471,25.698890686035156,3100,0.0,0.0,0.0
2013-12-02 00:00:00-05:00,25.455187072308387,25.50688000133807,25.211489420836994,25.226259231567383,3500,0.0,0.0,0.0
2013-12-03 00:00:00-05:00,25.145034773057688,25.218883850475173,24.93826299039725,25.093341827392578,17800,0.0,0.0,0.0
2013-12-04 00:00:00-05:00,25.11549583462329,25.174575098186324,24.975186809242587,25.108112335205078,11700,0.0,0.0,0.0
2013-12-05 00:00:00-05:00,25.18195929115333,25.23365223966752,25.122882843017578,25.122882843017578,11800,0.0,0.0,0.0
2013-12-06 00:00:00-05:00,25.447802104713002,25.48472522496569,25.233644063372523,25.418262481689453,30100,0.0,0.0,0.0
2013-12-09 00:00:00-05:00,25.425652982769858,25.63242474387644,25.425652982769858,25.558578491210938,14400,0.0,0.0,0.0
2013-12-10 00:00:00-05:00,25.425652292110815,25.580731108728216,25.425652292110815,25.543807983398438,3200,0.0,0.0,0.0
2013-12-11 00:00:00-05:00,25.32226972463372,25.32226972463372,25.01210923379913,25.041648864746094,7500,0.0,0.0,0.0
2013-12-12 00:00:00-05:00,24.989954535664417,25.063800791889413,24.923491778240276,25.012107849121094,12600,0.0,0.0,0.0
2013-12-13 00:00:00-05:00,25.108109170146864,25.108109170146864,24.98995347496951,25.019493103027344,6600,0.0,0.0,0.0
2013-12-16 00:00:00-05:00,25.226267349689792,25.248420664387908,25.093341827392578,25.093341827392578,13400,0.0,0.0,0.0
2013-12-17 00:00:00-05:00,25.139746523423728,25.192136358987998,25.057418823242188,25.057418823242188,14000,0.452,0.0,0.0
2013-12-18 00:00:00-05:00,25.087356926256813,25.506478469785662,24.960122427940295,25.349306106567383,3400,0.0,0.0,0.0
2013-12-19 00:00:00-05:00,25.169681783830445,25.169681783830445,24.94515353249581,25.109806060791016,10000,0.0,0.0,0.0
2013-12-20 00:00:00-05:00,25.027474691823855,25.027474691823855,24.915212010167178,24.952632904052734,18400,0.0,0.0,0.0
2013-12-23 00:00:00-05:00,25.15471533493224,25.15471533493224,25.04244977067256,25.087356567382812,8600,0.0,0.0,0.0
2013-12-24 00:00:00-05:00,25.266978000505368,25.32685372934892,25.17716726227193,25.214588165283203,12700,0.0,0.0,0.0
2013-12-26 00:00:00-05:00,25.03496691251551,25.064904777204795,24.997546009169863,25.042449951171875,4800,0.0,0.0,0.0
2013-12-27 00:00:00-05:00,25.34182542799595,25.469057083129883,25.29691862646104,25.469057083129883,10100,0.0,0.0,0.0
2013-12-30 00:00:00-05:00,25.54389634778722,25.551379385610346,25.46156865657485,25.5064754486084,14000,0.0,0.0,0.0
2013-12-31 00:00:00-05:00,25.40917820366986,25.566347689385985,25.40917820366986,25.543895721435547,7400,0.0,0.0,0.0
2014-01-02 00:00:00-05:00,25.2969136825015,25.2969136825015,24.88527807482649,24.922698974609375,22700,0.0,0.0,0.0
2014-01-03 00:00:00-05:00,25.005029395971572,25.01999832852463,24.79547005029271,24.840373992919922,7600,0.0,0.0,0.0
2014-01-06 00:00:00-05:00,24.758042851593462,24.795463745945707,24.578418561658957,24.62332534790039,15500,0.0,0.0,0.0
2014-01-07 00:00:00-05:00,24.720619881513645,24.73558881073268,24.62332612413692,24.668230056762695,18900,0.0,0.0,0.0
2014-01-08 00:00:00-05:00,24.81791886612105,24.81791886612105,24.638294553354758,24.675718307495117,6700,0.0,0.0,0.0
2014-01-09 00:00:00-05:00,24.630811808799642,24.66074967045573,24.496094286378874,24.600873947143555,19400,0.0,0.0,0.0
2014-01-10 00:00:00-05:00,24.660749143924246,24.975088119506836,24.660749143924246,24.975088119506836,12500,0.0,0.0,0.0
2014-01-13 00:00:00-05:00,24.78050063634415,24.915218171672617,24.593393265613713,24.608362197875977,15900,0.0,0.0,0.0
2014-01-14 00:00:00-05:00,24.79546785115102,24.91521644592285,24.70565426379837,24.91521644592285,6600,0.0,0.0,0.0
2014-01-15 00:00:00-05:00,24.840371491741372,24.855340422787208,24.750560760498047,24.750560760498047,19200,0.0,0.0,0.0
2014-01-16 00:00:00-05:00,24.698170275954055,24.825401903930167,24.668232414654405,24.675718307495117,7800,0.0,0.0,0.0
2014-01-17 00:00:00-05:00,24.76553269387706,24.870312368868692,24.76553269387706,24.8328914642334,11000,0.0,0.0,0.0
2014-01-21 00:00:00-05:00,24.967605978115117,24.967605978115117,24.698170929353466,24.750560760498047,10500,0.0,0.0,0.0
2014-01-22 00:00:00-05:00,24.900242901444052,25.154708975068374,24.900242901444052,25.124771118164062,15900,0.0,0.0,0.0
2014-01-23 00:00:00-05:00,24.967602143991023,25.005023038343268,24.555966596053853,24.62332534790039,30200,0.0,0.0,0.0
2014-01-24 00:00:00-05:00,24.286539502447567,24.398802222085163,24.054525313811745,24.069494247436523,15800,0.0,0.0,0.0
2014-01-27 00:00:00-05:00,23.979675532373612,24.114393035198393,23.74017695650978,23.79256820678711,185700,0.0,0.0,0.0
2014-01-28 00:00:00-05:00,23.66533910947886,23.76263430688038,23.66533910947886,23.755149841308594,51000,0.0,0.0,0.0
2014-01-29 00:00:00-05:00,23.62043010152443,23.62043010152443,23.403386330354895,23.470745086669922,24700,0.0,0.0,0.0
2014-01-30 00:00:00-05:00,23.642888961696904,23.867417249641065,23.62792002849635,23.65785789489746,30900,0.0,0.0,0.0
2014-01-31 00:00:00-05:00,23.403384221077626,23.725209043907487,23.403384221077626,23.650365829467773,16200,0.0,0.0,0.0
2014-02-03 00:00:00-05:00,23.627914387129533,23.627914387129533,23.1489200592041,23.1489200592041,14100,0.0,0.0,0.0
2014-02-04 00:00:00-05:00,23.246218519251862,23.553074482216463,23.246218519251862,23.52313804626465,18700,0.0,0.0,0.0
2014-02-05 00:00:00-05:00,23.268672445459025,23.268672445459025,23.059111678972005,23.156408309936523,11600,0.0,0.0,0.0
2014-02-06 00:00:00-05:00,23.18633970710104,23.627913114695637,23.18633970710104,23.597976684570312,14900,0.0,0.0,0.0
2014-02-07 00:00:00-05:00,23.829994112067936,23.979680575020698,23.800056248471023,23.852447509765625,6700,0.0,0.0,0.0
2014-02-10 00:00:00-05:00,23.86741538588978,23.86741538588978,23.612949251415184,23.642887115478516,10000,0.0,0.0,0.0
2014-02-11 00:00:00-05:00,23.57552785442725,24.03955331754993,23.57552785442725,24.002132415771484,33700,0.0,0.0,0.0
2014-02-12 00:00:00-05:00,24.0021328656402,24.11439842811151,23.934774099163782,24.009618759155273,6600,0.0,0.0,0.0
2014-02-13 00:00:00-05:00,23.732696792528692,24.054521679254368,23.732696792528692,24.02458381652832,5500,0.0,0.0,0.0
2014-02-14 00:00:00-05:00,24.24911317239322,24.368861759576557,24.24911317239322,24.346406936645508,8800,0.0,0.0,0.0
2014-02-18 00:00:00-05:00,24.234146334552165,24.234146334552165,24.062007904052734,24.062007904052734,6400,0.0,0.0,0.0
2014-02-19 00:00:00-05:00,24.017102701190616,24.017102701190616,23.844964259281905,23.90483856201172,5400,0.0,0.0,0.0
2014-02-20 00:00:00-05:00,23.87489935120251,24.129366907856358,23.859930419484773,24.002132415771484,19300,0.0,0.0,0.0
2014-02-21 00:00:00-05:00,23.972197098003864,24.13685250935235,23.972197098003864,24.076976776123047,5600,0.0,0.0,0.0
2014-02-24 00:00:00-05:00,23.94974379571643,24.1143991979222,23.94974379571643,24.054523468017578,12600,0.0,0.0,0.0
2014-02-25 00:00:00-05:00,23.85992693342938,23.912318186786838,23.792569605572606,23.800052642822266,4900,0.0,0.0,0.0
2014-02-26 00:00:00-05:00,24.002133511468283,24.15930301913162,23.994650472783714,24.084461212158203,8800,0.0,0.0,0.0
2014-02-27 00:00:00-05:00,24.174271905080854,24.56345558166504,24.166788866410663,24.56345558166504,7100,0.0,0.0,0.0
2014-02-28 00:00:00-05:00,24.443700916754462,24.48860770273647,24.279045556518316,24.286531448364258,10100,0.0,0.0,0.0
2014-03-03 00:00:00-05:00,23.957225286671232,24.21917730553252,23.957225286671232,24.204208374023438,7800,0.0,0.0,0.0
2014-03-04 00:00:00-05:00,24.368862837973797,24.368862837973797,24.28653514532359,24.31647300720215,4100,0.0,0.0,0.0
2014-03-05 00:00:00-05:00,24.25660145650655,24.25660145650655,24.13685284342264,24.22666358947754,3600,0.0,0.0,0.0
2014-03-06 00:00:00-05:00,24.398796869764368,24.69816976652271,24.398796869764368,24.68320083618164,6000,0.0,0.0,0.0
2014-03-07 00:00:00-05:00,24.548486573630072,24.548486573630072,24.047040188347026,24.114398956298828,4300,0.0,0.0,0.0
2014-03-10 00:00:00-04:00,24.076970701561798,24.076970701561798,23.7326938874498,23.800052642822266,11000,0.0,0.0,0.0
2014-03-11 00:00:00-04:00,23.904839582642452,23.972196927012867,23.65785789489746,23.65785789489746,52500,0.0,0.0,0.0
2014-03-12 00:00:00-04:00,23.56804369304045,23.807540893554688,23.56804369304045,23.807540893554688,15900,0.0,0.0,0.0
2014-03-13 00:00:00-04:00,23.807538311289452,23.807538311289452,23.373449325561523,23.373449325561523,9600,0.0,0.0,0.0
2014-03-14 00:00:00-04:00,23.336028369271663,23.538104645102983,23.313574973896262,23.388418197631836,7500,0.0,0.0,0.0
2014-03-17 00:00:00-04:00,23.47823566908786,23.672826096350118,23.47823566908786,23.60546875,8400,0.0,0.0,0.0
2014-03-18 00:00:00-04:00,23.627912777890323,23.94973760536491,23.627912777890323,23.934768676757812,429000,0.0,0.0,0.0
2014-03-19 00:00:00-04:00,23.904836115870896,24.196724560886764,23.87489825381149,23.919803619384766,31500,0.0,0.0,0.0
2014-03-20 00:00:00-04:00,23.84496170186503,23.994648156393396,23.800054908997026,23.94974136352539,47700,0.0,0.0,0.0
2014-03-21 00:00:00-04:00,24.07697210243927,24.279048380314137,24.07697210243927,24.17426872253418,14400,0.0,0.0,0.0
2014-03-24 00:00:00-04:00,24.099429044420884,24.099429044420884,23.88986828292025,24.002132415771484,7800,0.0,0.0,0.0
2014-03-25 00:00:00-04:00,24.166786552841014,24.338924976095242,24.166786552841014,24.31647300720215,12900,0.0,0.0,0.0
2014-03-26 00:00:00-04:00,24.39131480686689,24.54848429918184,24.31647300720215,24.31647300720215,5700,0.0,0.0,0.0
2014-03-27 00:00:00-04:00,24.60087487044339,24.7580472225209,24.593391832264338,24.72810935974121,10300,0.0,0.0,0.0
2014-03-28 00:00:00-04:00,24.832891174390415,25.21458896526657,24.832891174390415,25.01999855041504,27900,0.0,0.0,0.0
2014-03-31 00:00:00-04:00,25.10981190718653,25.147232815283193,25.00503222250296,25.07987403869629,10100,0.0,0.0,0.0
2014-04-01 00:00:00-04:00,25.184647777713124,25.25200653076172,25.154709919684578,25.25200653076172,3100,0.0,0.0,0.0
2014-04-02 00:00:00-04:00,25.25949195661553,25.409178405883267,25.222071058056486,25.37175750732422,3700,0.0,0.0,0.0
2014-04-03 00:00:00-04:00,25.274465161249,25.38672787591106,25.019999010970157,25.139747619628906,26600,0.0,0.0,0.0
2014-04-04 00:00:00-04:00,25.266978165499264,25.54389913066116,25.057418823242188,25.057418823242188,15000,0.0,0.0,0.0
2014-04-07 00:00:00-04:00,25.124777814938376,25.25201231317929,25.124777814938376,25.237043380737305,5300,0.0,0.0,0.0
2014-04-08 00:00:00-04:00,25.416663413932167,25.491508071883914,25.3044007095522,25.35679054260254,89600,0.0,0.0,0.0
2014-04-09 00:00:00-04:00,25.558871463034606,25.626230239868164,25.43912284366742,25.626230239868164,2400,0.0,0.0,0.0
2014-04-10 00:00:00-04:00,25.828301095166996,25.992956500730408,25.678617477416992,25.678617477416992,7300,0.0,0.0,0.0
2014-04-11 00:00:00-04:00,25.64867297615588,25.918107986450195,25.633704047247164,25.918107986450195,8600,0.0,0.0,0.0
2014-04-14 00:00:00-04:00,26.007924688710204,26.007924688710204,25.82081731684898,25.858238220214844,64700,0.0,0.0,0.0
2014-04-15 00:00:00-04:00,25.75345566721391,25.75345566721391,25.296913274150114,25.5064754486084,15600,0.0,0.0,0.0
2014-04-16 00:00:00-04:00,25.476538769602683,25.745973824245073,25.476538769602683,25.686098098754883,6800,0.0,0.0,0.0
2014-04-17 00:00:00-04:00,25.686098510558054,25.903143736392096,25.686098510558054,25.820816040039062,2200,0.0,0.0,0.0
2014-04-21 00:00:00-04:00,25.63370188312273,25.805840268493263,25.63370188312273,25.738481521606445,14800,0.0,0.0,0.0
2014-04-22 00:00:00-04:00,25.58880319223329,25.82830040022776,25.58880319223329,25.731006622314453,15800,0.0,0.0,0.0
2014-04-23 00:00:00-04:00,25.858242797940285,25.858242797940285,25.6337144829646,25.790884017944336,13500,0.0,0.0,0.0
2014-04-24 00:00:00-04:00,25.626227191507226,25.760941874117105,25.611258258987917,25.671131134033203,54000,0.0,0.0,0.0
2014-04-25 00:00:00-04:00,25.536416370137214,25.581323172572883,25.41666775200769,25.46157455444336,3200,0.0,0.0,0.0
2014-04-28 00:00:00-04:00,25.431629747727577,25.446598677788877,25.26697437208475,25.409177780151367,15100,0.0,0.0,0.0
2014-04-29 00:00:00-04:00,25.45408929510905,25.566354876483892,25.45408929510905,25.53641700744629,1800,0.0,0.0,0.0
2014-04-30 00:00:00-04:00,25.334335777203584,25.379242572080106,25.064903573039796,25.341821670532227,2600,0.0,0.0,0.0
2014-05-01 00:00:00-04:00,25.446601927578453,25.521443732411534,25.341822258799404,25.43163299560547,1100,0.0,0.0,0.0
2014-05-02 00:00:00-04:00,25.633712525826375,25.820819916525835,25.633712525826375,25.805850982666016,4800,0.0,0.0,0.0
2014-05-05 00:00:00-04:00,25.686091818522982,25.686091818522982,25.461563612895223,25.58131217956543,11000,0.0,0.0,0.0
2014-05-06 00:00:00-04:00,25.68609294098675,25.77590365615631,25.66364097595215,25.66364097595215,14400,0.0,0.0,0.0
2014-05-07 00:00:00-04:00,25.58132015355993,25.775910564418464,25.46157154956269,25.731006622314453,23300,0.0,0.0,0.0
2014-05-08 00:00:00-04:00,25.686095765204346,25.686095765204346,25.55137825012207,25.55137825012207,3000,0.0,0.0,0.0
2014-05-09 00:00:00-04:00,25.401693676336333,25.48402136995508,25.401693676336333,25.439117431640625,2300,0.0,0.0,0.0
2014-05-12 00:00:00-04:00,25.581316708775148,25.671127435921164,25.581316708775148,25.641189575195312,14900,0.0,0.0,0.0
2014-05-13 00:00:00-04:00,25.73100201084333,25.835781663683473,25.723516118479658,25.813329696655273,11700,0.0,0.0,0.0
2014-05-14 00:00:00-04:00,25.88069282215884,26.14264199848357,25.88069282215884,26.030376434326172,5200,0.0,0.0,0.0
2014-05-15 00:00:00-04:00,25.775903758137925,25.813327506718537,25.760934829711914,25.760934829711914,4800,0.0,0.0,0.0
2014-05-16 00:00:00-04:00,25.948049182819922,26.03786277770996,25.948049182819922,26.03786277770996,3400,0.0,0.0,0.0
2014-05-19 00:00:00-04:00,25.933080046770208,26.02289077603584,25.933080046770208,25.970500946044922,1400,0.0,0.0,0.0
2014-05-20 00:00:00-04:00,26.0079233046782,26.01540634294039,25.95553347174758,25.963016510009766,1700,0.0,0.0,0.0
2014-05-21 00:00:00-04:00,25.940566955721856,25.955535888671875,25.940566955721856,25.955535888671875,1000,0.0,0.0,0.0
2014-05-22 00:00:00-04:00,26.19503276401238,26.292329399401957,26.19503276401238,26.269874572753906,10000,0.0,0.0,0.0
2014-05-23 00:00:00-04:00,26.397102526872814,26.44949235100501,26.352195739746094,26.352195739746094,2200,0.0,0.0,0.0
2014-05-27 00:00:00-04:00,26.314781714376256,26.314781714376256,25.87320818496278,25.955535888671875,5300,0.0,0.0,0.0
2014-05-28 00:00:00-04:00,26.067802375097695,26.19503402709961,26.01540968041393,26.19503402709961,25700,0.0,0.0,0.0
2014-05-29 00:00:00-04:00,26.090250133235035,26.090250133235035,26.037860302046344,26.060312271118164,5000,0.0,0.0,0.0
2014-05-30 00:00:00-04:00,26.00043841482212,26.00043841482212,25.90314179415194,25.94804573059082,9400,0.0,0.0,0.0
2014-06-02 00:00:00-04:00,26.180063536276613,26.180063536276613,25.873207555842644,25.992956161499023,1800,0.0,0.0,0.0
2014-06-03 00:00:00-04:00,25.88817476202318,26.202513760271856,25.88817476202318,26.18754768371582,14600,0.0,0.0,0.0
2014-06-04 00:00:00-04:00,26.060315453942,26.14264315730249,26.037863482128053,26.097736358642578,5400,0.0,0.0,0.0
2014-06-05 00:00:00-04:00,26.15012457454706,26.292328000635447,26.15012457454706,26.26239013671875,48400,0.0,0.0,0.0
2014-06-06 00:00:00-04:00,26.37465271933048,26.56924310274233,26.37465271933048,26.531822204589844,12300,0.0,0.0,0.0
2014-06-09 00:00:00-04:00,26.5692488399998,26.696480492198457,26.53182793376679,26.64409065246582,17600,0.0,0.0,0.0
2014-06-10 00:00:00-04:00,26.60666974623281,26.696480492198457,26.5692488399998,26.64409065246582,3900,0.0,0.0,0.0
2014-06-11 00:00:00-04:00,26.569246472400543,26.569246472400543,26.427045899373823,26.52433967590332,10100,0.0,0.0,0.0
2014-06-12 00:00:00-04:00,26.636598996282984,26.636598996282984,26.38961595598638,26.404584884643555,3900,0.0,0.0,0.0
2014-06-13 00:00:00-04:00,26.509370743737577,26.606667375298958,26.486918773004906,26.52433967590332,5100,0.0,0.0,0.0
2014-06-16 00:00:00-04:00,26.629114485550993,26.629114485550993,26.471942170865713,26.5393009185791,15900,0.0,0.0,0.0
2014-06-17 00:00:00-04:00,26.38962131722378,26.509369915777757,26.329748445462688,26.494403839111328,4900,0.0,0.0,0.0
2014-06-18 00:00:00-04:00,26.54679695393763,26.906042794005245,26.456983352646617,26.853652954101562,12900,0.0,0.0,0.0
2014-06-19 00:00:00-04:00,26.943457136147163,26.943457136147163,26.688991037882293,26.696474075317383,4000,0.0,0.0,0.0
2014-06-20 00:00:00-04:00,26.763831355927163,26.83119010925293,26.741379389829007,26.83119010925293,17400,0.0,0.0,0.0
2014-06-23 00:00:00-04:00,26.86113776557369,26.86113776557369,26.524343876092146,26.659061431884766,2600,0.0,0.0,0.0
2014-06-24 00:00:00-04:00,26.903152635682435,27.016858218327453,26.71364043954745,26.80460548400879,5600,0.452,0.0,0.0
2014-06-25 00:00:00-04:00,26.956212223008848,26.956212223008848,26.85008297828169,26.895566940307617,3900,0.0,0.0,0.0
2014-06-26 00:00:00-04:00,26.85008390916136,27.03959608658365,26.797020730821224,26.857666015625,6000,0.0,0.0,0.0
2014-06-27 00:00:00-04:00,26.93347011671914,26.93347011671914,26.721217400310252,26.887989044189453,2900,0.0,0.0,0.0
2014-06-30 00:00:00-04:00,26.941051997587184,26.941051997587184,26.743957712521805,26.759119033813477,2800,0.0,0.0,0.0
2014-07-01 00:00:00-04:00,26.99411677635717,26.99411677635717,26.77428194218646,26.918310165405273,11200,0.0,0.0,0.0
2014-07-02 00:00:00-04:00,26.98652990914949,27.01685254818153,26.857663030852336,26.994112014770508,8500,0.0,0.0,0.0
2014-07-03 00:00:00-04:00,26.857668365289104,27.077503204345703,26.857668365289104,27.077503204345703,2400,0.0,0.0,0.0
2014-07-07 00:00:00-04:00,27.213950146301894,27.213950146301894,27.08508036048067,27.13814353942871,4400,0.0,0.0,0.0
2014-07-08 00:00:00-04:00,27.115399775376982,27.20636480106983,27.115399775376982,27.183624267578125,3500,0.0,0.0,0.0
2014-07-09 00:00:00-04:00,27.274588753867164,27.297329286909136,27.160883196931344,27.251848220825195,55200,0.0,0.0,0.0
2014-07-10 00:00:00-04:00,26.978952574330744,27.35797691345215,26.925889398191842,27.35797691345215,20000,0.0,0.0,0.0
2014-07-11 00:00:00-04:00,27.335239410400387,27.41862234520566,27.320078088146737,27.33523941040039,10400,0.0,0.0,0.0
2014-07-14 00:00:00-04:00,27.37313335402203,27.547484171927977,27.327649400414767,27.494421005249023,28800,0.0,0.0,0.0
2014-07-15 00:00:00-04:00,27.471684479892268,27.517165548405316,27.441361839732817,27.509586334228516,4800,0.0,0.0,0.0
2014-07-16 00:00:00-04:00,27.72942502070242,27.843130599633177,27.57023258343691,27.58539390563965,9800,0.0,0.0,0.0
2014-07-17 00:00:00-04:00,27.502010636311226,27.502010636311226,27.153308868408203,27.153308868408203,16500,0.0,0.0,0.0
2014-07-18 00:00:00-04:00,27.38071256709372,27.547484171927977,27.38071256709372,27.494421005249023,17500,0.0,0.0,0.0
2014-07-21 00:00:00-04:00,27.585392223664588,27.79006572333215,27.494427187721122,27.714262008666992,28700,0.0,0.0,0.0
2014-07-22 00:00:00-04:00,27.8582845847996,27.918929857638414,27.76731956726714,27.90376853942871,46000,0.0,0.0,0.0
2014-07-23 00:00:00-04:00,28.002318705996657,28.002318705996657,27.83554995379063,27.918935775756836,14100,0.0,0.0,0.0
2014-07-24 00:00:00-04:00,27.7597383321318,27.8582854577199,27.676352525228474,27.752159118652344,10100,0.0,0.0,0.0
2014-07-25 00:00:00-04:00,27.608127003723137,27.714256230544464,27.57022515429268,27.600547790527344,14400,0.0,0.0,0.0
2014-07-28 00:00:00-04:00,27.737000829907984,27.78248479093089,27.653615013895738,27.729421615600586,18600,0.0,0.0,0.0
2014-07-29 00:00:00-04:00,27.75973683864379,27.75973683864379,27.486838900451627,27.494421005249023,14300,0.0,0.0,0.0
2014-07-30 00:00:00-04:00,27.49442914951372,27.517169687190588,27.221531130485047,27.350400924682617,13200,0.0,0.0,0.0
2014-07-31 00:00:00-04:00,27.077497435070516,27.077497435070516,26.872823962150076,26.963788986206055,12000,0.0,0.0,0.0
2014-08-01 00:00:00-04:00,27.168468645537473,27.191209183798122,26.963795126011735,27.069921493530273,7900,0.0,0.0,0.0
2014-08-04 00:00:00-04:00,27.06991946375322,27.244270324707028,26.971375210861776,27.24427032470703,9400,0.0,0.0,0.0
2014-08-05 00:00:00-04:00,26.986531583671248,27.01685422458482,26.8273420564643,26.865243911743164,10600,0.0,0.0,0.0
2014-08-06 00:00:00-04:00,26.933472636911883,27.03201978949133,26.903152882963834,27.009279251098633,22400,0.0,0.0,0.0
2014-08-07 00:00:00-04:00,27.03959347134346,27.168463243224167,26.96378976439673,27.02443504333496,3100,0.0,0.0,0.0
2014-08-08 00:00:00-04:00,27.20636923443659,27.327656919033288,27.13814473111804,27.304916381835938,18500,0.0,0.0,0.0
2014-08-11 00:00:00-04:00,27.494422717128504,27.55506510065491,27.426198228332616,27.47926139831543,12200,0.0,0.0,0.0
2014-08-12 00:00:00-04:00,27.65361595153809,27.714261234958247,27.5399103827147,27.653615951538086,10400,0.0,0.0,0.0
2014-08-13 00:00:00-04:00,27.78248573294279,27.850710230927326,27.63845463068305,27.653615951538086,9600,0.0,0.0,0.0
2014-08-14 00:00:00-04:00,27.59297394542743,27.774904014777643,27.59297394542743,27.68393898010254,1900,0.0,0.0,0.0
2014-08-15 00:00:00-04:00,27.6308761874995,27.835549687167063,27.577813008888615,27.714262008666992,25500,0.0,0.0,0.0
2014-08-18 00:00:00-04:00,27.82038864238739,27.881031036376953,27.797645214380715,27.881031036376953,11500,0.0,0.0,0.0
2014-08-19 00:00:00-04:00,27.82796336906314,28.04779815673828,27.82796336906314,28.04779815673828,6500,0.0,0.0,0.0
2014-08-20 00:00:00-04:00,27.88103470779702,28.16909406942714,27.88103470779702,28.05538558959961,6100,0.0,0.0,0.0
2014-08-21 00:00:00-04:00,28.100861617003503,28.100861617003503,27.888608932495117,27.888608932495117,3400,0.0,0.0,0.0
2014-08-22 00:00:00-04:00,28.025062531366952,28.025062531366952,27.80522770519832,27.911354064941406,5800,0.0,0.0,0.0
2014-08-25 00:00:00-04:00,28.176665618145552,28.176665618145552,28.040219527898227,28.09328269958496,13400,0.0,0.0,0.0
2014-08-26 00:00:00-04:00,28.06296426697163,28.100866125039047,27.979578444187457,28.085704803466797,39400,0.0,0.0,0.0
2014-08-27 00:00:00-04:00,28.184254131756514,28.426829512256305,28.184254131756514,28.404088973999023,5400,0.0,0.0,0.0
2014-08-28 00:00:00-04:00,28.176662521173025,28.184244625852603,28.009893810655853,28.04021644592285,3900,0.0,0.0,0.0
2014-08-29 00:00:00-04:00,28.138766348021676,28.290376663208008,28.138766348021676,28.290376663208008,5500,0.0,0.0,0.0
2014-09-02 00:00:00-04:00,28.358596717240335,28.54810885859899,28.358596717240335,28.532947540283203,15100,0.0,0.0,0.0
2014-09-03 00:00:00-04:00,28.783109212807492,29.010523237734212,28.783109212807492,29.002941131591797,4100,0.0,0.0,0.0
2014-09-04 00:00:00-04:00,28.99535720301331,28.99535720301331,28.79068374633789,28.79068374633789,7200,0.0,0.0,0.0
2014-09-05 00:00:00-04:00,28.91197047149593,28.965033637257825,28.78310360942437,28.86648941040039,7200,0.0,0.0,0.0
2014-09-08 00:00:00-04:00,28.866495918345038,28.866495918345038,28.411664962768555,28.411664962768555,2500,0.0,0.0,0.0
2014-09-09 00:00:00-04:00,28.24489779482765,28.29796387268013,28.05538558959961,28.05538558959961,5600,0.0,0.0,0.0
2014-09-10 00:00:00-04:00,27.896195223191526,28.02506502271172,27.86587257721893,27.95684051513672,4600,0.0,0.0,0.0
2014-09-11 00:00:00-04:00,27.86586273900044,28.047795658876773,27.86586273900044,28.04021644592285,2400,0.0,0.0,0.0
2014-09-12 00:00:00-04:00,27.850709990852103,27.850709990852103,27.471685647922154,27.562650680541992,24000,0.0,0.0,0.0
2014-09-15 00:00:00-04:00,27.486852032609022,27.486852032609022,27.206374747343943,27.28976058959961,8200,0.0,0.0,0.0
2014-09-16 00:00:00-04:00,27.32007506814217,27.85828893588234,27.32007506814217,27.835548400878906,54000,0.0,0.0,0.0
2014-09-17 00:00:00-04:00,27.790068144951235,27.790068144951235,27.418622970581055,27.418622970581055,35500,0.0,0.0,0.0
2014-09-18 00:00:00-04:00,27.297328307496123,27.403457538578056,27.16088222241394,27.176040649414062,10800,0.0,0.0,0.0
2014-09-19 00:00:00-04:00,27.032016914437097,27.092662199336427,26.903150021615545,26.933469772338867,144300,0.0,0.0,0.0
2014-09-22 00:00:00-04:00,26.675730044410514,26.804599814221238,26.440736821614625,26.51654052734375,20600,0.0,0.0,0.0
2014-09-23 00:00:00-04:00,26.531704256254667,26.531704256254667,26.2891289058213,26.372514724731445,12800,0.0,0.0,0.0
2014-09-24 00:00:00-04:00,26.349772792551676,26.86524616440014,26.349772792551676,26.819765090942383,9400,0.0,0.0,0.0
2014-09-25 00:00:00-04:00,26.728796035688763,26.728796035688763,26.334613254254062,26.4028377532959,7000,0.0,0.0,0.0
2014-09-26 00:00:00-04:00,26.387675354468655,26.599928057607087,26.311868752114787,26.501380920410156,19200,0.0,0.0,0.0
2014-09-29 00:00:00-04:00,25.97074140834386,26.038965891825587,25.773650062577556,25.910099029541016,80300,0.0,0.0,0.0
2014-09-30 00:00:00-04:00,26.08445245594446,26.145097732543945,26.008648751921058,26.145097732543945,4800,0.0,0.0,0.0
2014-10-01 00:00:00-04:00,25.940425149991913,25.940425149991913,25.591720581054688,25.591720581054688,11300,0.0,0.0,0.0
2014-10-02 00:00:00-04:00,25.447698624637827,25.6523721527923,25.31124960586818,25.523502349853516,11500,0.0,0.0,0.0
2014-10-03 00:00:00-04:00,25.773653619862987,25.811555473311692,25.508337753996,25.781232833862305,14200,0.0,0.0,0.0
2014-10-06 00:00:00-04:00,26.471056568870665,26.52412263295227,26.402834968750064,26.51654052734375,28300,0.0,0.0,0.0
2014-10-07 00:00:00-04:00,26.531703866643014,26.62266889878816,26.334612481707495,26.342191696166992,98000,0.0,0.0,0.0
2014-10-08 00:00:00-04:00,26.42557540506567,26.70605258530448,26.15267743868153,26.69089126586914,25900,0.0,0.0,0.0
2014-10-09 00:00:00-04:00,26.508962894551757,26.508962894551757,26.198163055763505,26.236064910888672,38400,0.0,0.0,0.0
2014-10-10 00:00:00-04:00,26.160255760314296,26.160255760314296,25.7130069732666,25.7130069732666,4700,0.0,0.0,0.0
2014-10-13 00:00:00-04:00,26.08445100085416,26.40283290178899,26.08445100085416,26.251222610473633,5200,0.0,0.0,0.0
2014-10-14 00:00:00-04:00,26.198159726439062,26.228479471650378,26.008647583170703,26.054128646850586,5300,0.0,0.0,0.0
2014-10-15 00:00:00-04:00,25.796398870798907,25.796398870798907,25.220283074540472,25.667531967163086,20100,0.0,0.0,0.0
2014-10-16 00:00:00-04:00,25.25060300379875,25.682690527452635,25.205119041199186,25.41737174987793,5800,0.0,0.0,0.0
2014-10-17 00:00:00-04:00,25.6447890214184,25.872203054069796,25.637206915018442,25.81155776977539,5900,0.0,0.0,0.0
2014-10-20 00:00:00-04:00,25.773654348490926,25.811556203011126,25.70542985366411,25.766075134277344,8100,0.0,0.0,0.0
2014-10-21 00:00:00-04:00,25.720589858435712,25.819136988529326,25.690267219679832,25.773653030395508,5400,0.0,0.0,0.0
2014-10-22 00:00:00-04:00,25.917687173414173,25.917687173414173,25.75849762101057,25.788820266723633,12800,0.0,0.0,0.0
2014-10-23 00:00:00-04:00,25.66753286569092,25.66753286569092,25.37189429596389,25.40221405029297,9600,0.0,0.0,0.0
2014-10-24 00:00:00-04:00,25.5159243141043,25.948011929616143,25.5159243141043,25.803983688354492,7600,0.0,0.0,0.0
2014-10-27 00:00:00-04:00,25.341565547728635,25.485593744221912,25.121730754349954,25.4097900390625,14600,0.0,0.0,0.0
2014-10-28 00:00:00-04:00,25.682687235706197,26.122353917578188,25.682687235706197,26.114774703979492,11500,0.0,0.0,0.0
2014-10-29 00:00:00-04:00,26.152679554859233,26.27396722843011,25.948006063509705,25.978328704833984,3800,0.0,0.0,0.0
2014-10-30 00:00:00-04:00,26.122353683128814,26.425574275421525,26.122353683128814,26.387672424316406,4600,0.0,0.0,0.0
2014-10-31 00:00:00-04:00,26.52412341687975,26.59992712484927,26.45589892301674,26.539281845092773,7900,0.0,0.0,0.0
2014-11-03 00:00:00-05:00,26.342191261929607,26.342191261929607,26.145099880243038,26.236064910888672,5000,0.0,0.0,0.0
2014-11-04 00:00:00-05:00,26.228484207861346,26.44831902776353,26.228484207861346,26.380094528198242,12500,0.0,0.0,0.0
2014-11-05 00:00:00-05:00,26.296707697017112,26.296707697017112,26.092034206185506,26.228483200073242,11300,0.0,0.0,0.0
2014-11-06 00:00:00-05:00,25.826717133534274,25.902520841431073,25.73575210571289,25.73575210571289,10700,0.0,0.0,0.0
2014-11-07 00:00:00-05:00,25.910108548342517,25.910108548342517,25.74333688484658,25.79640007019043,32900,0.0,0.0,0.0
2014-11-10 00:00:00-05:00,25.94043271343475,25.993495901885193,25.796401580446208,25.803983688354492,16500,0.0,0.0,0.0
2014-11-11 00:00:00-05:00,25.894939422607422,25.894939422607422,25.690265958640875,25.894939422607422,9000,0.0,0.0,0.0
2014-11-12 00:00:00-05:00,25.857043836019674,26.02381548966697,25.82672119140625,25.82672119140625,5700,0.0,0.0,0.0
2014-11-13 00:00:00-05:00,25.91010334505957,25.96316651974724,25.622044045522124,25.72817039489746,12500,0.0,0.0,0.0
2014-11-14 00:00:00-05:00,25.599303511149163,25.735752500839208,25.58414219099181,25.72817039489746,8300,0.0,0.0,0.0
2014-11-17 00:00:00-05:00,25.515916382976073,25.546239021730234,25.4097900390625,25.4097900390625,8700,0.0,0.0,0.0
2014-11-18 00:00:00-05:00,25.40979032980881,25.614463806152344,25.40979032980881,25.614463806152344,12800,0.0,0.0,0.0
2014-11-19 00:00:00-05:00,25.690273699502733,25.811561393392488,25.65995105309861,25.79640007019043,5600,0.0,0.0,0.0
2014-11-20 00:00:00-05:00,25.77365839190886,25.97074980136964,25.77365839190886,25.857044219970703,4700,0.0,0.0,0.0
2014-11-21 00:00:00-05:00,26.364933355409075,26.774280355105148,26.364933355409075,26.759119033813477,48200,0.0,0.0,0.0
2014-11-24 00:00:00-05:00,26.59234835846465,26.59234835846465,26.31945037841797,26.31945037841797,9800,0.0,0.0,0.0
2014-11-25 00:00:00-05:00,26.44831804895737,26.531703866643014,26.342191696166992,26.342191696166992,49800,0.0,0.0,0.0
2014-11-26 00:00:00-05:00,26.53170422220033,26.781861678609683,26.53170422220033,26.736377716064453,5100,0.0,0.0,0.0
2014-11-28 00:00:00-05:00,26.44831608287066,26.44831608287066,26.198161540135676,26.266386032104492,3100,0.0,0.0,0.0
2014-12-01 00:00:00-05:00,25.887364101998276,25.887364101998276,25.53865950443735,25.606884002685547,37600,0.0,0.0,0.0
2014-12-02 00:00:00-05:00,25.62962817047926,25.75091584956659,25.54624234890803,25.553821563720703,13200,0.0,0.0,0.0
2014-12-03 00:00:00-05:00,25.644786645759567,25.644786645759567,25.568980047414062,25.591720581054688,2600,0.0,0.0,0.0
2014-12-04 00:00:00-05:00,25.62962872054291,25.62962872054291,25.417373108789878,25.485597610473633,5100,0.0,0.0,0.0
2014-12-05 00:00:00-05:00,25.44769042957807,25.553816767394288,25.44011121618798,25.515914916992188,9300,0.0,0.0,0.0
2014-12-08 00:00:00-05:00,25.288507594248532,25.387054744672515,25.11415672302246,25.11415672302246,17800,0.0,0.0,0.0
2014-12-09 00:00:00-05:00,24.97770688223735,24.97770688223735,24.79577390994039,24.863998413085938,8100,0.0,0.0,0.0
2014-12-10 00:00:00-05:00,25.015605489727715,25.152054478282498,24.88673860705159,24.90947914123535,37900,0.0,0.0,0.0
2014-12-11 00:00:00-05:00,24.90189709859055,24.90189709859055,24.613840692444416,24.62141990661621,5100,0.0,0.0,0.0
2014-12-12 00:00:00-05:00,24.644162857673233,24.644162857673233,24.39400828130604,24.477394104003906,9100,0.0,0.0,0.0
2014-12-15 00:00:00-05:00,24.507717279203415,24.507717279203415,23.825472252978116,24.07562828063965,32300,0.0,0.0,0.0
2014-12-16 00:00:00-05:00,23.825470945962515,23.992241139967124,23.491929112090133,23.863372802734375,4400,0.0,0.0,0.0
2014-12-17 00:00:00-05:00,23.954338553004103,24.553196257751072,23.954338553004103,24.394006729125977,20700,0.0,0.0,0.0
2014-12-18 00:00:00-05:00,24.606259323097117,24.6365819641442,24.454649009587907,24.568357467651367,7000,0.0,0.0,0.0
2014-12-19 00:00:00-05:00,24.894580352775144,24.894580352775144,24.51669027676553,24.740341186523438,35500,0.553,0.0,0.0
2014-12-22 00:00:00-05:00,24.89457817618371,25.079669278195738,24.89457817618371,25.033395767211914,6400,0.0,0.0,0.0
2014-12-23 00:00:00-05:00,24.994835429309934,24.994835429309934,24.786609047347138,24.840593338012695,7000,0.0,0.0,0.0
2014-12-24 00:00:00-05:00,25.017972722334104,25.017972722334104,24.871444341892907,25.002548217773438,9500,0.0,0.0,0.0
2014-12-26 00:00:00-05:00,25.195350870341226,25.403577275293244,25.195350870341226,25.21077537536621,45000,0.0,0.0,0.0
2014-12-29 00:00:00-05:00,25.295607150255666,25.295607150255666,25.13365427018573,25.14136505126953,25900,0.0,0.0,0.0
2014-12-30 00:00:00-05:00,25.14136640695741,25.14136640695741,24.886869430541992,24.886869430541992,19100,0.0,0.0,0.0
2014-12-31 00:00:00-05:00,25.00254568043845,25.125941704401185,24.832882031335952,24.994834899902344,24600,0.0,0.0,0.0
2015-01-02 00:00:00-05:00,24.70949045190515,24.77889924864344,24.678641444038508,24.717201232910156,10800,0.0,0.0,0.0
2015-01-05 00:00:00-05:00,24.616945252210723,24.616945252210723,24.21591696996458,24.23905372619629,18600,0.0,0.0,0.0
2015-01-06 00:00:00-05:00,24.40872062561112,24.424145130881953,24.161934425124972,24.354736328125,8800,0.0,0.0,0.0
2015-01-07 00:00:00-05:00,24.655505804156125,24.856019951480498,24.601521508907588,24.79432487487793,8400,0.0,0.0,0.0
2015-01-08 00:00:00-05:00,25.25704889044117,25.280184177016885,25.149080297189794,25.21077537536621,3600,0.0,0.0,0.0
2015-01-09 00:00:00-05:00,25.141365409400102,25.141365409400102,25.002547812527503,25.01026153564453,3500,0.0,0.0,0.0
2015-01-12 00:00:00-05:00,24.971701204283622,24.971701204283622,24.817459106445312,24.817459106445312,1900,0.0,0.0,0.0
2015-01-13 00:00:00-05:00,25.05653466724037,25.249336555304346,24.979412146860778,25.079669952392578,4300,0.0,0.0,0.0
2015-01-14 00:00:00-05:00,24.83288421469948,25.110519409179688,24.83288421469948,25.110519409179688,7900,0.0,0.0,0.0
2015-01-15 00:00:00-05:00,25.264757411822437,25.264757411822437,24.933140880183792,24.97170066833496,3700,0.0,0.0,0.0
2015-01-16 00:00:00-05:00,25.249333657062742,25.249333657062742,25.164500365344438,25.203060150146484,1800,0.0,0.0,0.0
2015-01-20 00:00:00-05:00,25.372729897691077,25.511547493828104,25.34959167038599,25.503833770751953,7200,0.0,0.0,0.0
2015-01-21 00:00:00-05:00,25.557819970121386,25.974272789582198,25.557819970121386,25.912574768066406,5900,0.0,0.0,0.0
2015-01-22 00:00:00-05:00,26.267324712817278,26.344444274902344,25.989689582234686,26.344444274902344,47300,0.0,0.0,0.0
2015-01-23 00:00:00-05:00,26.359871657616594,26.359871657616594,26.066811994192367,26.221054077148438,35000,0.0,0.0,0.0
2015-01-26 00:00:00-05:00,25.981982618945757,26.15936001141654,25.981982618945757,26.07452964782715,4300,0.0,0.0,0.0
2015-01-27 00:00:00-05:00,25.989692314793036,26.151645177353043,25.735192437693282,26.059101104736328,6500,0.0,0.0,0.0
2015-01-28 00:00:00-05:00,26.113086977830772,26.113086977830772,25.83545180119972,25.881725311279297,10600,0.0,0.0,0.0
2015-01-29 00:00:00-05:00,25.820029359411727,26.051391044436023,25.7043499878613,25.796894073486328,4300,0.0,0.0,0.0
2015-01-30 00:00:00-05:00,25.480696172857584,25.526966739421706,25.2261962890625,25.2261962890625,5500,0.0,0.0,0.0
2015-02-02 00:00:00-05:00,25.53468071906082,25.604089511529402,25.372727850608502,25.588665008544922,21800,0.0,0.0,0.0
2015-02-03 00:00:00-05:00,25.75061689868213,25.773752181318326,25.596374816620436,25.71205711364746,15900,0.0,0.0,0.0
2015-02-04 00:00:00-05:00,25.889438706429594,25.889438706429594,25.611803501761692,25.64265251159668,22800,0.0,0.0,0.0
2015-02-05 00:00:00-05:00,25.380440835761302,25.565531945729475,25.303321256063207,25.41900062561035,6200,0.0,0.0,0.0
2015-02-06 00:00:00-05:00,25.187636473440502,25.32645405681643,25.110516901308586,25.164501190185547,4500,0.0,0.0,0.0
2015-02-09 00:00:00-05:00,25.187635195387717,25.2261949794971,25.133650909249987,25.172210693359375,3200,0.0,0.0,0.0
2015-02-10 00:00:00-05:00,25.349590201234225,25.349590201234225,25.00254623100481,25.187637329101562,6800,0.0,0.0,0.0
2015-02-11 00:00:00-05:00,24.994836489286204,24.994836489286204,24.686352293609588,24.817459106445312,4300,0.0,0.0,0.0
2015-02-12 00:00:00-05:00,24.987127247748592,25.33416831186228,24.987127247748592,25.295608520507812,9500,0.0,0.0,0.0
2015-02-13 00:00:00-05:00,25.38815085853109,25.565531181999855,25.38815085853109,25.557817459106445,9400,0.0,0.0,0.0
2015-02-17 00:00:00-05:00,25.550106202149657,25.550106202149657,25.287895525201378,25.465272903442383,5100,0.0,0.0,0.0
2015-02-18 00:00:00-05:00,25.480698844327115,25.480698844327115,25.35730575068073,25.372730255126953,2500,0.0,0.0,0.0
2015-02-19 00:00:00-05:00,25.249337947651856,25.3110330254343,25.17992914644442,25.295608520507812,3700,0.0,0.0,0.0
2015-02-20 00:00:00-05:00,25.203061005780437,25.303318803207873,25.133652214011153,25.2261962890625,5100,0.0,0.0,0.0
2015-02-23 00:00:00-05:00,25.318746503325443,25.318746503325443,25.087381873595355,25.218488693237305,12500,0.0,0.0,0.0
2015-02-24 00:00:00-05:00,25.218486507296667,25.526967750325145,25.218486507296667,25.449848175048828,4900,0.0,0.0,0.0
2015-02-25 00:00:00-05:00,25.480699476073873,25.5038347623551,25.372730884196834,25.380441665649414,2000,0.0,0.0,0.0
2015-02-26 00:00:00-05:00,25.33416716615706,25.611802358431117,25.33416716615706,25.503833770751953,5500,0.0,0.0,0.0
2015-02-27 00:00:00-05:00,25.519259476170134,25.881727987802996,25.519259476170134,25.742910385131836,14100,0.0,0.0,0.0
2015-03-02 00:00:00-05:00,25.835451780660556,25.835451780660556,25.526967597555032,25.53468132019043,7400,0.0,0.0,0.0
2015-03-03 00:00:00-05:00,25.5038326197795,25.5038326197795,25.29560623497109,25.365015029907227,7700,0.0,0.0,0.0
2015-03-04 00:00:00-05:00,24.933143392528443,24.994838471402254,24.794325787657918,24.9177188873291,9500,0.0,0.0,0.0
2015-03-05 00:00:00-05:00,24.86373178909872,24.92542686102235,24.74033870332824,24.85601806640625,5500,0.0,0.0,0.0
2015-03-06 00:00:00-05:00,24.802034595948463,24.802034595948463,24.454990611384336,24.470415115356445,2900,0.0,0.0,0.0
2015-03-09 00:00:00-04:00,24.3007558318584,24.439573459086702,24.24677152592784,24.32389259338379,8700,0.0,0.0,0.0
2015-03-10 00:00:00-04:00,24.100237266318388,24.11566177119965,23.938284377950367,23.999980926513672,6100,0.0,0.0,0.0
2015-03-11 00:00:00-04:00,24.038540033286637,24.038540033286637,23.86116264508796,23.92285919189453,14600,0.0,0.0,0.0
2015-03-12 00:00:00-04:00,24.053959278186216,24.22362437706557,23.999974995404667,24.015398025512695,4700,0.0,0.0,0.0
2015-03-13 00:00:00-04:00,23.76090806751561,23.77633257405467,23.629802703857422,23.629802703857422,7500,0.0,0.0,0.0
2015-03-16 00:00:00-04:00,23.876584994313795,23.884297246313814,23.80717766823697,23.84573745727539,13800,0.0,0.0,0.0
2015-03-17 00:00:00-04:00,24.01540555324795,24.32388978748635,24.007693300295806,24.23134422302246,20700,0.0,0.0,0.0
2015-03-18 00:00:00-04:00,24.35473487851306,24.886868510989448,24.161932986988745,24.76347541809082,29200,0.0,0.0,0.0
2015-03-19 00:00:00-04:00,24.493554157891364,24.493554157891364,24.36244880381253,24.370161056518555,9100,0.0,0.0,0.0
2015-03-20 00:00:00-04:00,24.454991656831755,24.863733674757974,24.454991656831755,24.79432487487793,8700,0.0,0.0,0.0
2015-03-23 00:00:00-04:00,24.840596583698147,24.933143615722656,24.840596583698147,24.933143615722656,1800,0.0,0.0,0.0
2015-03-24 00:00:00-04:00,25.071955330186256,25.102804337231692,24.9948357544959,25.01797103881836,8900,0.0,0.0,0.0
2015-03-25 00:00:00-04:00,25.010262464936464,25.133655562083245,24.77118705212305,24.786611557006836,4200,0.0,0.0,0.0
2015-03-26 00:00:00-04:00,24.802039042520786,24.871447851877395,24.786614535783333,24.82517433166504,13100,0.0,0.0,0.0
2015-03-27 00:00:00-04:00,24.871445087041167,24.871445087041167,24.80203628540039,24.80203628540039,2400,0.0,0.0,0.0
2015-03-30 00:00:00-04:00,25.287897578601022,25.380441665649414,25.287897578601022,25.380441665649414,11200,0.0,0.0,0.0
2015-03-31 00:00:00-04:00,25.20306170830318,25.349590076379144,25.20306170830318,25.334165573120117,14700,0.0,0.0,0.0
2015-04-01 00:00:00-04:00,25.588664291584127,25.866299453679485,25.588664291584127,25.78917694091797,4600,0.0,0.0,0.0
2015-04-02 00:00:00-04:00,26.105376345166217,26.105376345166217,26.05139204797843,26.08224105834961,2600,0.0,0.0,0.0
2015-04-06 00:00:00-04:00,26.221060465637205,26.490981970131617,26.15936244065348,26.267333984375,95100,0.0,0.0,0.0
2015-04-07 00:00:00-04:00,26.537253110266693,26.537253110266693,26.236482620239258,26.236482620239258,16500,0.0,0.0,0.0
2015-04-08 00:00:00-04:00,27.146506657776687,27.2621860264411,27.100233145156903,27.200490951538086,11000,0.0,0.0,0.0
2015-04-09 00:00:00-04:00,27.239048157477182,27.447274531630953,27.223623654733597,27.439563751220703,42700,0.0,0.0,0.0
2015-04-10 00:00:00-04:00,27.285327483325897,27.316173553466797,27.161934376991145,27.316173553466797,2100,0.0,0.0,0.0
2015-04-13 00:00:00-04:00,27.23905074109289,27.347019328615687,27.13108215357009,27.200490951538086,10900,0.0,0.0,0.0
2015-04-14 00:00:00-04:00,27.015399842982312,27.200490951538086,27.015399842982312,27.200490951538086,3500,0.0,0.0,0.0
2015-04-15 00:00:00-04:00,27.084811664794408,27.339311599731445,27.069387158865766,27.339311599731445,9900,0.0,0.0,0.0
2015-04-16 00:00:00-04:00,27.647792467726845,27.87144338737022,27.51668858223334,27.75576400756836,14500,0.0,0.0,0.0
2015-04-17 00:00:00-04:00,27.385582342898697,27.385582342898697,27.17735886639919,27.254478454589844,19800,0.0,0.0,0.0
2015-04-20 00:00:00-04:00,27.19277554674241,27.246762779088346,27.185064766077666,27.215913772583008,7300,0.0,0.0,0.0
2015-04-21 00:00:00-04:00,27.331595990330904,27.547536116511523,27.331595990330904,27.401004791259766,12600,0.0,0.0,0.0
2015-04-22 00:00:00-04:00,27.88686298600785,28.11822464682415,27.88686298600785,28.08737564086914,8000,0.0,0.0,0.0
2015-04-23 00:00:00-04:00,28.17220896492017,28.519252927458943,28.14907368139196,28.434419631958008,6700,0.0,0.0,0.0
2015-04-24 00:00:00-04:00,28.519251096141808,28.565524602149978,28.449842308091025,28.53467559814453,8100,0.0,0.0,0.0
2015-04-27 00:00:00-04:00,28.750610704791928,28.97426155509695,28.750610704791928,28.927988052368164,47700,0.0,0.0,0.0
2015-04-28 00:00:00-04:00,28.84316576231805,28.966558862119392,28.835452038748464,28.958845138549805,11700,0.0,0.0,0.0
2015-04-29 00:00:00-04:00,28.6734944877874,28.6734944877874,28.480692616805463,28.588661193847656,7300,0.0,0.0,0.0
2015-04-30 00:00:00-04:00,28.403574221759598,28.403574221759598,28.010256741186907,28.133649826049805,16900,0.0,0.0,0.0
2015-05-01 00:00:00-04:00,28.149074277651295,28.38814966622507,28.095089986993216,28.380435943603516,4700,0.0,0.0,0.0
2015-05-04 00:00:00-04:00,28.226194299542357,28.411285400390625,28.226194299542357,28.411285400390625,17500,0.0,0.0,0.0
2015-05-05 00:00:00-04:00,28.079660552909054,28.14906933469892,27.994827270507812,27.994827270507812,40400,0.0,0.0,0.0
2015-05-06 00:00:00-04:00,28.041103312333146,28.041103312333146,27.647785865922604,27.694059371948242,9700,0.0,0.0,0.0
2015-05-07 00:00:00-04:00,27.64008196027423,27.64008196027423,27.323886945265215,27.48583984375,9000,0.0,0.0,0.0
2015-05-08 00:00:00-04:00,27.90228320876222,27.994827270507812,27.90228320876222,27.994827270507812,1500,0.0,0.0,0.0
2015-05-11 00:00:00-04:00,28.11052250760559,28.11052250760559,27.87144705084604,27.90229606628418,3600,0.0,0.0,0.0
2015-05-12 00:00:00-04:00,27.694069405813966,27.88687133789062,27.694069405813966,27.886871337890625,8700,0.0,0.0,0.0
2015-05-13 00:00:00-04:00,27.89457383096233,27.89457383096233,27.532108306884766,27.532108306884766,20700,0.0,0.0,0.0
2015-05-14 00:00:00-04:00,27.616939740922884,27.879150390625,27.616939740922884,27.879150390625,5700,0.0,0.0,0.0
2015-05-15 00:00:00-04:00,27.963985571797675,28.164501190185543,27.925425781161067,28.164501190185547,2100,0.0,0.0,0.0
2015-05-18 00:00:00-04:00,28.303311398890024,28.303311398890024,27.93313220998498,27.994827270507812,18300,0.0,0.0,0.0
2015-05-19 00:00:00-04:00,27.90228904099763,27.90999982195371,27.848304748535156,27.848304748535156,3300,0.0,0.0,0.0
2015-05-20 00:00:00-04:00,27.848306136041703,28.06424331665039,27.848306136041703,28.06424331665039,11600,0.0,0.0,0.0
2015-05-21 00:00:00-04:00,27.894582341462627,27.90229606628418,27.840598035407897,27.90229606628418,3500,0.0,0.0,0.0
2015-05-22 00:00:00-04:00,27.96399093395168,27.96399093395168,27.817462524666066,27.886871337890625,27400,0.0,0.0,0.0
2015-05-26 00:00:00-04:00,27.740337400407608,27.740337400407608,27.362444394398715,27.454988479614258,3400,0.0,0.0,0.0
2015-05-27 00:00:00-04:00,27.431853481303,27.61694459559744,27.37015840448716,27.57067108154297,9800,0.0,0.0,0.0
2015-05-28 00:00:00-04:00,27.192780152226895,27.192780152226895,26.999978241799546,27.138795852661133,18000,0.0,0.0,0.0
2015-05-29 00:00:00-04:00,27.28532309934185,27.33159366808068,27.053961429877965,27.06167221069336,7100,0.0,0.0,0.0
2015-06-01 00:00:00-04:00,26.46013093947898,27.19277572631836,26.46013093947898,27.19277572631836,19000,0.0,0.0,0.0
2015-06-02 00:00:00-04:00,27.01539675828231,27.323880923343815,27.01539675828231,27.308456420898438,6100,0.0,0.0,0.0
2015-06-03 00:00:00-04:00,27.208204714402385,27.25447823209324,27.208204714402385,27.23905372619629,1300,0.0,0.0,0.0
2015-06-04 00:00:00-04:00,27.077100679521465,27.10794969114716,26.89972327555922,26.91514778137207,3800,0.0,0.0,0.0
2015-06-05 00:00:00-04:00,26.822597928033048,26.830311651090767,26.737764625938325,26.791751861572266,1900,0.0,0.0,0.0
2015-06-08 00:00:00-04:00,26.81488609313965,26.81488609313965,26.81488609313965,26.81488609313965,200,0.0,0.0,0.0
2015-06-09 00:00:00-04:00,26.575810432096013,26.575810432096013,26.34444876448973,26.390722274780273,4800,0.0,0.0,0.0
2015-06-10 00:00:00-04:00,26.53724633764005,26.645214902205424,26.529535558137983,26.60665512084961,4300,0.0,0.0,0.0
2015-06-11 00:00:00-04:00,26.60665512084961,26.60665512084961,26.529535558137983,26.60665512084961,3000,0.0,0.0,0.0
2015-06-12 00:00:00-04:00,26.629792536712188,26.629792536712188,26.622081756591797,26.622081756591797,900,0.0,0.0,0.0
2015-06-15 00:00:00-04:00,26.35987434478013,26.44470764615015,26.298176328538904,26.429283142089844,11000,0.0,0.0,0.0
2015-06-16 00:00:00-04:00,26.359874949321295,26.406148462563458,26.290466150419753,26.37529945373535,3100,0.0,0.0,0.0
2015-06-17 00:00:00-04:00,26.298172934885653,26.42927973151789,26.182493582246227,26.421566009521484,2200,0.0,0.0,0.0
2015-06-18 00:00:00-04:00,26.452418202557897,26.506402495348812,26.383009405837676,26.41385841369629,17100,0.0,0.0,0.0
2015-06-19 00:00:00-04:00,26.32131004333496,26.32131004333496,26.25190125792398,26.32131004333496,3300,0.0,0.0,0.0
2015-06-22 00:00:00-04:00,26.467839676877183,26.622081756591797,26.467839676877183,26.622081756591797,3200,0.0,0.0,0.0
2015-06-23 00:00:00-04:00,26.67606544494629,26.730049730347268,26.629791939492776,26.67606544494629,5200,0.0,0.0,0.0
2015-06-24 00:00:00-04:00,26.76495478411137,26.76495478411137,26.53106117248535,26.53106117248535,2100,0.374,0.0,0.0
2015-06-25 00:00:00-04:00,26.27377622393025,26.31275749206543,26.18801564958477,26.31275749206543,7100,0.0,0.0,0.0
2015-06-26 00:00:00-04:00,26.055477400928364,26.125644877598454,26.02429416891523,26.032089233398438,42400,0.0,0.0,0.0
2015-06-29 00:00:00-04:00,25.67345406788364,25.938530843457393,25.431765457364047,25.46295166015625,413200,0.0,0.0,0.0
2015-06-30 00:00:00-04:00,25.852773407427446,25.985313298324574,25.852773407427446,25.876161575317383,3700,0.0,0.0,0.0
2015-07-01 00:00:00-04:00,25.876157868614037,26.00089970295862,25.712434768676758,25.712434768676758,7600,0.0,0.0,0.0
2015-07-02 00:00:00-04:00,25.876160520162067,25.9619210977019,25.876160520162067,25.907346725463867,6200,0.0,0.0,0.0
2015-07-06 00:00:00-04:00,25.190084608267863,25.190084608267863,25.02635849953285,25.057544708251953,7200,0.0,0.0,0.0
2015-07-07 00:00:00-04:00,24.511801296459115,24.511801296459115,24.08299981631986,24.49620819091797,9100,0.0,0.0,0.0
2015-07-08 00:00:00-04:00,24.153160677409733,24.153160677409733,23.786731719970703,23.786731719970703,12300,0.0,0.0,0.0
2015-07-09 00:00:00-04:00,24.46501904434123,24.77687516958384,24.46501904434123,24.71450424194336,17100,0.0,0.0,0.0
2015-07-10 00:00:00-04:00,25.057544418101,25.35380744934082,25.057544418101,25.35380744934082,4500,0.0,0.0,0.0
2015-07-13 00:00:00-04:00,25.470749225153305,25.55650980421394,25.470749225153305,25.517528533935547,900,0.0,0.0,0.0
2015-07-14 00:00:00-04:00,25.52532532938136,25.720234645361703,25.52532532938136,25.642269134521484,2800,0.0,0.0,0.0
2015-07-15 00:00:00-04:00,25.54091875132769,25.54091875132769,25.35380744934082,25.35380744934082,6800,0.0,0.0,0.0
2015-07-16 00:00:00-04:00,25.759216443562657,25.774809546051422,25.55650908528889,25.626676559448242,11200,0.0,0.0,0.0
2015-07-17 00:00:00-04:00,25.73582457217516,25.73582457217516,25.57989949987445,25.704641342163086,9200,0.0,0.0,0.0
2015-07-20 00:00:00-04:00,25.626677474931036,25.626677474931036,25.37719377435866,25.423973083496094,5900,0.0,0.0,0.0
2015-07-21 00:00:00-04:00,25.400583149679573,25.689048100767252,25.400583149679573,25.564306259155273,1900,0.0,0.0,0.0
2015-07-22 00:00:00-04:00,25.283638528706643,25.338212903187078,25.24465725751781,25.26804542541504,8900,0.0,0.0,0.0
2015-07-23 00:00:00-04:00,25.205678360367237,25.260252739987852,25.05754535218503,25.182287216186523,3800,0.0,0.0,0.0
2015-07-24 00:00:00-04:00,24.83145273851189,24.83145273851189,24.589765548706055,24.589765548706055,2200,0.0,0.0,0.0
2015-07-27 00:00:00-04:00,24.277904731455934,24.277904731455934,24.036217587959932,24.06740379333496,8400,0.0,0.0,0.0
2015-07-28 00:00:00-04:00,24.090790718715816,24.215532559706652,24.05960600198813,24.1921443939209,9300,0.0,0.0,0.0
2015-07-29 00:00:00-04:00,24.379261502259833,24.550781192444397,24.379261502259833,24.480613708496094,4600,0.0,0.0,0.0
2015-07-30 00:00:00-04:00,24.26231191187532,24.410441918935913,24.238922259004678,24.379257202148438,3100,0.0,0.0,0.0
2015-07-31 00:00:00-04:00,24.706710867190143,24.73009903866272,24.558579337355415,24.589765548706055,3900,0.0,0.0,0.0
2015-08-03 00:00:00-04:00,24.43383071513211,24.542979450621484,24.332477043286268,24.34807014465332,6700,0.0,0.0,0.0
2015-08-04 00:00:00-04:00,24.43383460470378,24.55077990949296,24.28570309221603,24.418241500854492,3500,0.0,0.0,0.0
2015-08-05 00:00:00-04:00,24.504003467516814,24.519596572245874,24.270111357701882,24.433835983276367,10600,0.0,0.0,0.0
2015-08-06 00:00:00-04:00,24.192142257785505,24.192142257785505,23.958250211300026,23.981639862060547,2600,0.0,0.0,0.0
2015-08-07 00:00:00-04:00,23.880289535165023,24.06740379333496,23.880289535165023,24.06740379333496,7500,0.0,0.0,0.0
2015-08-10 00:00:00-04:00,24.02062965984662,24.48841243196197,24.02062965984662,24.45722770690918,13700,0.0,0.0,0.0
2015-08-11 00:00:00-04:00,23.903682708740234,23.966053641633582,23.8491083283386,23.903682708740234,9700,0.0,0.0,0.0
2015-08-12 00:00:00-04:00,23.638604084038246,23.87249617997575,23.576233155862955,23.856903076171875,8100,0.0,0.0,0.0
2015-08-13 00:00:00-04:00,23.81012440246927,23.825716018676758,23.669789447320703,23.825716018676758,3800,0.0,0.0,0.0
2015-08-14 00:00:00-04:00,23.77893813198139,23.825715954558305,23.75554847717285,23.75554847717285,11700,0.0,0.0,0.0
2015-08-17 00:00:00-04:00,23.591823647077973,23.693175836498863,23.591823647077973,23.661991119384766,4400,0.0,0.0,0.0
2015-08-18 00:00:00-04:00,23.37352318615037,23.459283755056337,23.37352318615037,23.389116287231445,6200,0.0,0.0,0.0
2015-08-19 00:00:00-04:00,23.24098468718453,23.24098468718453,22.796591717830587,23.014890670776367,16200,0.0,0.0,0.0
2015-08-20 00:00:00-04:00,22.586093336329363,22.936930736193734,22.586093336329363,22.718631744384766,45600,0.0,0.0,0.0
2015-08-21 00:00:00-04:00,22.313219956720108,22.515924344093698,21.954586029052734,21.954586029052734,21600,0.0,0.0,0.0
2015-08-24 00:00:00-04:00,19.92753081328367,21.54137993550534,19.75601112676668,21.050209045410156,17400,0.0,0.0,0.0
2015-08-25 00:00:00-04:00,21.90000676353587,22.048138232326693,21.2451114654541,21.2451114654541,103400,0.0,0.0,0.0
2015-08-26 00:00:00-04:00,21.533582988251094,21.533582988251094,21.20613526112791,21.4244327545166,40500,0.0,0.0,0.0
2015-08-27 00:00:00-04:00,22.071528167624898,22.74201661883043,22.071528167624898,22.703035354614258,5800,0.0,0.0,0.0
2015-08-28 00:00:00-04:00,22.492537701344016,22.53931552567418,22.36779584510343,22.414573669433594,20400,0.0,0.0,0.0
2015-08-31 00:00:00-04:00,22.11831034455261,22.406775306149044,22.094920690758265,22.367794036865234,36800,0.0,0.0,0.0
2015-09-01 00:00:00-04:00,21.9311945090881,21.9311945090881,21.611543365449517,21.720693588256836,66000,0.0,0.0,0.0
2015-09-02 00:00:00-04:00,21.876621177448072,21.876621177448072,21.541376916523006,21.806453704833984,13000,0.0,0.0,0.0
2015-09-03 00:00:00-04:00,21.783068762006103,22.024755932862696,21.751882553100586,21.751882553100586,10600,0.0,0.0,0.0
2015-09-04 00:00:00-04:00,21.642729995824542,21.642729995824542,21.330875396728516,21.330875396728516,3300,0.0,0.0,0.0
2015-09-08 00:00:00-04:00,21.86103032055966,21.907808141578116,21.81425101250109,21.884418487548828,4400,0.0,0.0,0.0
2015-09-09 00:00:00-04:00,22.172884803549472,22.172884803549472,21.744083404541016,21.744083404541016,2300,0.0,0.0,0.0
2015-09-10 00:00:00-04:00,21.814251078532465,21.96238258041943,21.814251078532465,21.954586029052734,5900,0.0,0.0,0.0
2015-09-11 00:00:00-04:00,21.845435549358935,21.97797393798828,21.82984244786372,21.97797393798828,4200,0.0,0.0,0.0
2015-09-14 00:00:00-04:00,21.915605608568473,22.024754357851872,21.915605608568473,21.98577308654785,3300,0.0,0.0,0.0
2015-09-15 00:00:00-04:00,22.0481440419895,22.219663717810057,22.0481440419895,22.17288589477539,1400,0.0,0.0,0.0
2015-09-16 00:00:00-04:00,22.29762410658897,22.710830868829767,22.29762410658897,22.61727523803711,2800,0.0,0.0,0.0
2015-09-17 00:00:00-04:00,22.445760098485973,22.734225086248525,22.383387682710026,22.50813102722168,3200,0.0,0.0,0.0
2015-09-18 00:00:00-04:00,22.196273113845827,22.321014961298804,22.1884765625,22.1884765625,8900,0.0,0.0,0.0
2015-09-21 00:00:00-04:00,22.087125752873042,22.087125752873042,21.900012969970703,21.900012969970703,8000,0.0,0.0,0.0
2015-09-22 00:00:00-04:00,21.822047022855106,21.822047022855106,21.5959529876709,21.5959529876709,1300,0.0,0.0,0.0
2015-09-23 00:00:00-04:00,21.588157162581567,21.588157162581567,21.213930130004883,21.213930130004883,4300,0.0,0.0,0.0
2015-09-24 00:00:00-04:00,20.93325931325531,21.229520797729492,20.92546276273757,21.229520797729492,5000,0.0,0.0,0.0
2015-09-25 00:00:00-04:00,21.42442919440893,21.494596659064147,21.40104103088379,21.40104103088379,700,0.0,0.0,0.0
2015-09-28 00:00:00-04:00,20.855300112775552,20.8942813873291,20.855300112775552,20.8942813873291,700,0.0,0.0,0.0
2015-09-29 00:00:00-04:00,20.714960860958147,20.94885292102804,20.652589942347507,20.792924880981445,8500,0.0,0.0,0.0
2015-09-30 00:00:00-04:00,21.21392923884399,21.37765383753852,21.21392923884399,21.268505096435547,6400,0.0,0.0,0.0
2015-10-01 00:00:00-04:00,21.479007127863778,21.479007127863778,21.268506185958984,21.4244327545166,18400,0.0,0.0,0.0
2015-10-02 00:00:00-04:00,21.307488890298547,22.001365661621094,21.307488890298547,22.001365661621094,7300,0.0,0.0,0.0
2015-10-05 00:00:00-04:00,22.165086038573545,22.28982787276207,22.165086038573545,22.274234771728516,13300,0.0,0.0,0.0
2015-10-06 00:00:00-04:00,22.27423486276067,22.27423486276067,22.126103376416413,22.22745704650879,8100,0.0,0.0,0.0
2015-10-07 00:00:00-04:00,22.648463933754872,22.710834860926816,22.601686110135965,22.640668869018555,1800,0.0,0.0,0.0
2015-10-08 00:00:00-04:00,22.71083296398222,22.944725036621094,22.703037899896994,22.944725036621094,700,0.0,0.0,0.0
2015-10-09 00:00:00-04:00,22.874559893244975,23.147433262261696,22.874559893244975,22.97591209411621,2400,0.0,0.0,0.0
2015-10-12 00:00:00-04:00,22.913539521033467,23.163023216383795,22.913539521033467,22.95252227783203,11300,0.0,0.0,0.0
2015-10-13 00:00:00-04:00,22.77320687065819,23.046080247646977,22.77320687065819,22.79659652709961,6100,0.0,0.0,0.0
2015-10-14 00:00:00-04:00,22.835578620688395,23.10845050266489,22.835578620688395,22.97591209411621,2900,0.0,0.0,0.0
2015-10-15 00:00:00-04:00,23.22539589600245,23.545047070248756,23.22539589600245,23.537250518798828,4300,0.0,0.0,0.0
2015-10-16 00:00:00-04:00,23.4592869207288,23.568435668945312,23.38911944343528,23.568435668945312,2500,0.0,0.0,0.0
2015-10-19 00:00:00-04:00,23.428098172566322,23.428098172566322,23.31894943619172,23.326745986938477,4000,0.0,0.0,0.0
2015-10-20 00:00:00-04:00,23.482678620024668,23.482678620024668,23.404714584350586,23.404714584350586,2500,0.0,0.0,0.0
2015-10-21 00:00:00-04:00,23.404709935085492,23.404709935085492,23.209800628138492,23.25657844543457,4400,0.0,0.0,0.0
2015-10-22 00:00:00-04:00,23.615215694751495,23.82571664597639,23.615215694751495,23.76334571838379,3500,0.0,0.0,0.0
2015-10-23 00:00:00-04:00,24.020628499858816,24.020628499858816,23.771144763322646,23.817922592163086,14000,0.0,0.0,0.0
2015-10-26 00:00:00-04:00,23.661988443850994,23.661988443850994,23.552838228693453,23.58402442932129,5400,0.0,0.0,0.0
2015-10-27 00:00:00-04:00,23.225398227220587,23.264379501342773,23.147434191935922,23.264379501342773,10700,0.0,0.0,0.0
2015-10-28 00:00:00-04:00,23.178616688771992,23.545047173321983,22.827780794230264,22.91353988647461,8700,0.0,0.0,0.0
2015-10-29 00:00:00-04:00,22.796592548477456,22.804389099263886,22.773202896118164,22.773202896118164,6400,0.0,0.0,0.0
2015-10-30 00:00:00-04:00,22.866760204958613,22.866760204958613,22.67964744567871,22.67964744567871,5600,0.0,0.0,0.0
2015-11-02 00:00:00-05:00,22.77320687065819,22.84337435294217,22.617280288836223,22.79659652709961,9900,0.0,0.0,0.0
2015-11-03 00:00:00-05:00,22.71083358883158,23.186412811279297,22.71083358883158,23.186412811279297,8000,0.0,0.0,0.0
2015-11-04 00:00:00-05:00,23.30335437269129,23.30335437269129,23.014889454548335,23.022686004638672,4700,0.0,0.0,0.0
2015-11-05 00:00:00-05:00,23.170819113506425,23.23319003558294,23.10844819142991,23.131837844848633,20600,0.0,0.0,0.0
2015-11-06 00:00:00-05:00,23.007096324464364,23.007096324464364,22.656258953446738,22.905742645263672,13000,0.0,0.0,0.0
2015-11-09 00:00:00-05:00,22.851169592299534,22.851169592299534,22.54711151123047,22.54711151123047,3500,0.0,0.0,0.0
2015-11-10 00:00:00-05:00,22.43016421906926,22.617276982123343,22.414571117054738,22.593887329101562,148800,0.0,0.0,0.0
2015-11-11 00:00:00-05:00,22.765408522323717,22.87455726256169,22.749815420278278,22.7810001373291,37900,0.0,0.0,0.0
2015-11-12 00:00:00-05:00,22.695243019435477,22.726427739192214,22.54711151123047,22.54711151123047,6500,0.0,0.0,0.0
2015-11-13 00:00:00-05:00,22.508129353448567,22.508129353448567,22.235256002881453,22.328811645507812,11000,0.0,0.0,0.0
2015-11-16 00:00:00-05:00,22.414570072977448,22.67185029607263,22.34440260422058,22.625072479248047,9100,0.0,0.0,0.0
2015-11-17 00:00:00-05:00,22.734225579047454,22.734225579047454,22.570502445207364,22.60948371887207,8900,0.0,0.0,0.0
2015-11-18 00:00:00-05:00,22.710832921728766,22.80439004801827,22.656258550993254,22.757612228393555,3400,0.0,0.0,0.0
2015-11-19 00:00:00-05:00,22.773203363063416,23.08505945275492,22.773203363063416,22.960317611694336,7200,0.0,0.0,0.0
2015-11-20 00:00:00-05:00,23.279968097602612,23.39691338436281,23.24098534398921,23.25657844543457,15900,0.0,0.0,0.0
2015-11-23 00:00:00-05:00,23.194207401598913,23.194207401598913,22.999298095703125,22.999298095703125,1500,0.0,0.0,0.0
2015-11-24 00:00:00-05:00,22.81998437179856,23.08506117559502,22.81998437179856,23.053874969482422,6600,0.0,0.0,0.0
2015-11-25 00:00:00-05:00,22.983703728458504,22.983703728458504,22.703035354614258,22.703035354614258,6000,0.0,0.0,0.0
2015-11-27 00:00:00-05:00,22.554905434943073,22.554905434943073,22.235254287719727,22.235254287719727,3400,0.0,0.0,0.0
2015-11-30 00:00:00-05:00,22.126108745165304,22.165091507367414,21.985775262358697,21.99357032775879,5300,0.0,0.0,0.0
2015-12-01 00:00:00-05:00,22.071529440951103,22.32101311522333,22.071529440951103,22.258642196655273,25100,0.0,0.0,0.0
2015-12-02 00:00:00-05:00,22.204069791409598,22.204069791409598,21.970179197865754,22.02475357055664,4100,0.0,0.0,0.0
2015-12-03 00:00:00-05:00,22.1183099384375,22.204069026695272,21.938992236720168,21.946788787841797,4100,0.0,0.0,0.0
2015-12-04 00:00:00-05:00,22.024752854237445,22.14169814720591,22.024752854237445,22.133901596069336,1400,0.0,0.0,0.0
2015-12-07 00:00:00-05:00,22.0169582108374,22.0169582108374,21.75188139738566,21.829845428466797,12700,0.0,0.0,0.0
2015-12-08 00:00:00-05:00,21.58815617941867,21.681711818022052,21.502395604832184,21.619340896606445,5800,0.0,0.0,0.0
2015-12-09 00:00:00-05:00,21.681711289841843,21.83763933310239,21.634933471679688,21.634933471679688,4100,0.0,0.0,0.0
2015-12-10 00:00:00-05:00,21.580358358931367,21.580358358931367,21.38544905509281,21.44002342224121,10300,0.0,0.0,0.0
2015-12-11 00:00:00-05:00,21.198339242982968,21.198339242982968,20.785130926180898,20.800724029541016,4400,0.0,0.0,0.0
2015-12-14 00:00:00-05:00,20.956648820194463,21.0112246773146,20.87088973308579,20.941057205200195,11400,0.0,0.0,0.0
2015-12-15 00:00:00-05:00,21.346468595957806,21.39324790457467,21.268506055676635,21.28409767150879,31800,0.0,0.0,0.0
2015-12-16 00:00:00-05:00,21.362061275393753,21.57256369887668,21.260709082813143,21.556970596313477,13200,0.0,0.0,0.0
2015-12-17 00:00:00-05:00,21.580359559230473,21.611544276318348,21.440024614734888,21.54917335510254,33500,0.0,0.0,0.0
2015-12-18 00:00:00-05:00,21.276301985008338,21.432228548051626,21.276301985008338,21.346467971801758,15600,0.0,0.0,0.0
2015-12-21 00:00:00-05:00,21.4720803449481,21.4720803449481,21.063835684883077,21.330764770507812,18800,0.19,0.0,0.0
2015-12-22 00:00:00-05:00,21.275813049116124,21.51133805253797,21.275813049116124,21.495635986328125,10100,0.0,0.0,0.0
2015-12-23 00:00:00-05:00,21.82537267120432,21.903881507633702,21.746865332206443,21.864627838134766,23700,0.0,0.0,0.0
2015-12-24 00:00:00-05:00,21.770411291933144,21.91957789274109,21.76256026058208,21.793964385986328,2700,0.0,0.0,0.0
2015-12-28 00:00:00-05:00,21.542737332913354,21.825366973876953,21.464228516978032,21.825366973876953,8600,0.0,0.0,0.0
2015-12-29 00:00:00-05:00,21.880327354138647,21.943134116473956,21.739011764526367,21.739011764526367,8300,0.0,0.0,0.0
2015-12-30 00:00:00-05:00,21.464233104856213,21.464233104856213,21.362171173095703,21.362171173095703,12200,0.0,0.0,0.0
2015-12-31 00:00:00-05:00,21.48778618094634,21.48778618094634,21.362171150275724,21.401426315307617,13500,0.0,0.0,0.0
2016-01-04 00:00:00-05:00,21.03243588715524,21.03243588715524,20.608489106763336,20.72625160217285,3700,0.0,0.0,0.0
2016-01-05 00:00:00-05:00,20.679148349717405,20.80476188659668,20.679148349717405,20.80476188659668,4000,0.0,0.0,0.0
2016-01-06 00:00:00-05:00,20.686996214343896,20.686996214343896,20.5142765045166,20.5142765045166,4400,0.0,0.0,0.0
2016-01-07 00:00:00-05:00,20.137437702257632,20.239499630106792,19.86265754699707,19.86265754699707,6100,0.0,0.0,0.0
2016-01-08 00:00:00-05:00,19.901907922522767,19.901907922522767,19.64282989501953,19.64282989501953,8800,0.0,0.0,0.0
2016-01-11 00:00:00-05:00,19.705642455486448,19.705642455486448,19.399458152737434,19.57217788696289,21000,0.0,0.0,0.0
2016-01-12 00:00:00-05:00,19.62713234962088,19.760596909495558,19.611430284357656,19.697790145874023,22600,0.0,0.0,0.0
2016-01-13 00:00:00-05:00,19.86265747321635,19.86265747321635,19.556474685668945,19.556474685668945,3800,0.0,0.0,0.0
2016-01-14 00:00:00-05:00,19.430860601945284,19.78414957549864,19.430860601945284,19.737043380737305,2200,0.0,0.0,0.0
2016-01-15 00:00:00-05:00,18.897000649076247,19.203183399918185,18.897000649076247,19.187482833862305,5100,0.0,0.0,0.0
2016-01-19 00:00:00-05:00,19.258138669141083,19.391603200384072,19.13252516884545,19.218883514404297,7500,0.0,0.0,0.0
2016-01-20 00:00:00-05:00,18.716431683271278,18.89700092370321,18.630071830268523,18.873449325561523,7500,0.0,0.0,0.0
2016-01-21 00:00:00-05:00,18.52015889821959,18.928403537585293,18.52015889821959,18.82634162902832,12200,0.0,0.0,0.0
2016-01-22 00:00:00-05:00,19.156083829509825,19.423012990446104,19.156083829509825,19.368057250976562,9200,0.0,0.0,0.0
2016-01-25 00:00:00-05:00,19.18748164131297,19.32094617779555,19.18748164131297,19.2424373626709,4500,0.0,0.0,0.0
2016-01-26 00:00:00-05:00,19.093272536520956,19.391605762209167,19.093272536520956,19.38375473022461,25300,0.0,0.0,0.0
2016-01-27 00:00:00-05:00,19.1796339828237,19.446563102728717,19.1796339828237,19.281694412231445,17000,0.0,0.0,0.0
2016-01-28 00:00:00-05:00,19.627132030240286,19.66638569532823,19.517220570048966,19.63498306274414,16400,0.0,0.0,0.0
2016-01-29 00:00:00-05:00,19.8862102077558,20.31800651550293,19.8862102077558,20.31800651550293,7700,0.0,0.0,0.0
2016-02-01 00:00:00-05:00,20.090331140544734,20.24734878540039,20.090331140544734,20.24734878540039,1700,0.0,0.0,0.0
2016-02-02 00:00:00-05:00,19.815551540507297,19.831253604898887,19.650684356689453,19.650684356689453,3600,0.0,0.0,0.0
2016-02-03 00:00:00-05:00,19.752745996588093,19.972570419311523,19.752745996588093,19.972570419311523,1400,0.0,0.0,0.0
2016-02-04 00:00:00-05:00,20.066781296900466,20.129588065535856,19.980422925921484,20.011825561523438,5000,0.0,0.0,0.0
2016-02-05 00:00:00-05:00,19.9490151664481,20.003970891834978,19.7919975246874,19.799848556518555,2000,0.0,0.0,0.0
2016-02-08 00:00:00-05:00,19.509370120895813,19.525072186373038,19.415159225463867,19.415159225463867,3100,0.0,0.0,0.0
2016-02-09 00:00:00-05:00,19.328803193263216,19.38375893163548,19.226741252773387,19.37590789794922,1500,0.0,0.0,0.0
2016-02-10 00:00:00-05:00,19.580024280942485,19.658533096313477,19.580024280942485,19.658533096313477,900,0.0,0.0,0.0
2016-02-11 00:00:00-05:00,19.226738681209476,19.391607371706748,19.187485015459888,19.281694412231445,6200,0.0,0.0,0.0
2016-02-12 00:00:00-05:00,19.344497561053995,19.55647091032636,19.31309493380869,19.525068283081055,3400,0.0,0.0,0.0
2016-02-16 00:00:00-05:00,19.941162440622257,20.121731665105923,19.941162440622257,20.003969192504883,2200,0.0,0.0,0.0
2016-02-17 00:00:00-05:00,20.56138338654848,20.608488082885742,20.56138338654848,20.608488082885742,3000,0.0,0.0,0.0
2016-02-18 00:00:00-05:00,20.59278678894043,20.59278678894043,20.59278678894043,20.59278678894043,2200,0.0,0.0,0.0
2016-02-19 00:00:00-05:00,20.420066007314894,20.569232612956576,20.420066007314894,20.506425857543945,1700,0.0,0.0,0.0
2016-02-22 00:00:00-05:00,20.914670174081042,21.040283691843655,20.914670174081042,20.93037223815918,2200,0.0,0.0,0.0
2016-02-23 00:00:00-05:00,20.80475857757751,20.80475857757751,20.65559196472168,20.65559196472168,1200,0.0,0.0,0.0
2016-02-24 00:00:00-05:00,20.396511740533008,20.522125244140625,20.231644578584667,20.522125244140625,2700,0.0,0.0,0.0
2016-02-25 00:00:00-05:00,20.561381851122732,20.718397992998817,20.52212669258032,20.639890670776367,91000,0.0,0.0,0.0
2016-02-26 00:00:00-05:00,20.804762152028136,20.84401582126691,20.561386108398438,20.561386108398438,1000,0.0,0.0,0.0
2016-02-29 00:00:00-05:00,20.75765128509319,20.75765128509319,20.569231033325195,20.569231033325195,1700,0.0,0.0,0.0
2016-03-01 00:00:00-05:00,20.74195365374433,21.244407765787418,20.72625158838514,21.14234733581543,4300,0.0,0.0,0.0
2016-03-02 00:00:00-05:00,21.220857048455223,21.479935147939962,21.220857048455223,21.401426315307617,1800,0.0,0.0,0.0
2016-03-03 00:00:00-05:00,21.550586528782514,21.79396248976563,21.550586528782514,21.75470733642578,1200,0.0,0.0,0.0
2016-03-04 00:00:00-05:00,22.005938940084008,22.296419628756688,22.005938940084008,22.186508178710938,3300,0.0,0.0,0.0
2016-03-07 00:00:00-05:00,21.95098304748535,21.95098304748535,21.80181792693817,21.95098304748535,1600,0.0,0.0,0.0
2016-03-08 00:00:00-05:00,21.80181628580639,21.80181628580639,21.60554498650478,21.67620277404785,900,0.0,0.0,0.0
2016-03-09 00:00:00-05:00,21.864623980755358,21.943132803334137,21.762562062173576,21.896026611328125,1900,0.0,0.0,0.0
2016-03-10 00:00:00-05:00,21.911727963453114,21.911727963453114,21.770412386888683,21.8410701751709,2200,0.0,0.0,0.0
2016-03-11 00:00:00-05:00,22.170809042342277,22.335677736609547,22.170809042342277,22.30427360534668,600,0.0,0.0,0.0
2016-03-14 00:00:00-04:00,22.178658925361976,22.32782554626465,22.178658925361976,22.32782554626465,3000,0.0,0.0,0.0
2016-03-15 00:00:00-04:00,22.084446826259,22.084446826259,21.950982277471887,21.966684341430664,900,0.0,0.0,0.0
2016-03-16 00:00:00-04:00,21.5505901112227,22.005939483642578,21.5505901112227,22.005939483642578,1900,0.0,0.0,0.0
2016-03-17 00:00:00-04:00,22.665415052021686,22.798879623413086,22.665415052021686,22.798879623413086,4800,0.0,0.0,0.0
2016-03-18 00:00:00-04:00,22.838130521439982,22.877384185791016,22.838130521439982,22.877384185791016,900,0.0,0.0,0.0
2016-03-21 00:00:00-04:00,22.987295938218484,23.018698568569466,22.93233871459961,22.93233871459961,2900,0.0,0.0,0.0
2016-03-22 00:00:00-04:00,22.893086636284668,22.93234030129718,22.58690385637933,22.86953353881836,1700,0.0,0.0,0.0
2016-03-23 00:00:00-04:00,22.76747320583167,22.76747320583167,22.39063262939453,22.39063262939453,1800,0.0,0.0,0.0
2016-03-24 00:00:00-04:00,22.31212380161229,22.39063262939453,22.24146600635141,22.39063262939453,900,0.0,0.0,0.0
2016-03-28 00:00:00-04:00,22.555498123168945,22.555498123168945,22.555498123168945,22.555498123168945,200,0.0,0.0,0.0
2016-03-29 00:00:00-04:00,22.429883132826824,22.51624298095703,22.429883132826824,22.51624298095703,500,0.0,0.0,0.0
2016-03-30 00:00:00-04:00,23.08150508817705,23.22282066687419,23.08150508817705,23.214969635009766,12900,0.0,0.0,0.0
2016-03-31 00:00:00-04:00,23.262075100632615,23.37983908507528,23.199268341064453,23.199268341064453,1000,0.0,0.0,0.0
2016-04-01 00:00:00-04:00,22.995144829512657,23.254222869873047,22.853829262510427,23.254222869873047,2800,0.0,0.0,0.0
2016-04-04 00:00:00-04:00,23.018696803770602,23.018696803770602,22.759618759155273,22.759618759155273,2100,0.0,0.0,0.0
2016-04-05 00:00:00-04:00,22.594755259630062,22.65756202313949,22.48484230041504,22.48484230041504,4400,0.0,0.0,0.0
2016-04-06 00:00:00-04:00,22.48484102081383,22.704665429302416,22.4377363252203,22.649709701538086,4200,0.0,0.0,0.0
2016-04-07 00:00:00-04:00,22.445587928999288,22.484841593421663,22.382781167464696,22.429885864257812,1200,0.0,0.0,0.0
2016-04-08 00:00:00-04:00,23.034399417151448,23.034399417151448,22.963741630800644,23.026548385620117,2500,0.0,0.0,0.0
2016-04-11 00:00:00-04:00,23.21497229233571,23.238525390625,23.183569658714706,23.238525390625,700,0.0,0.0,0.0
2016-04-12 00:00:00-04:00,23.552555084228516,23.552555084228516,23.552555084228516,23.552555084228516,800,0.0,0.0,0.0
2016-04-13 00:00:00-04:00,23.905847549438477,23.905847549438477,23.82733872137925,23.905847549438477,2400,0.0,0.0,0.0
2016-04-14 00:00:00-04:00,23.788080543583394,23.850887298583984,23.73312482013677,23.850887298583984,1500,0.0,0.0,0.0
2016-04-15 00:00:00-04:00,23.788082227372982,23.788082227372982,23.631066077473022,23.68602180480957,6100,0.0,0.0,0.0
2016-04-18 00:00:00-04:00,23.60751565166186,23.67032241821289,23.60751565166186,23.67032241821289,800,0.0,0.0,0.0
2016-04-19 00:00:00-04:00,23.94510035526008,24.00005608369954,23.94510035526008,23.98435401916504,5300,0.0,0.0,0.0
2016-04-20 00:00:00-04:00,23.874441307261108,23.874441307261108,23.701723098754883,23.701723098754883,400,0.0,0.0,0.0
2016-04-21 00:00:00-04:00,23.583965400028436,23.583965400028436,23.45835036230483,23.47405242919922,4000,0.0,0.0,0.0
2016-04-22 00:00:00-04:00,23.53685651367267,23.56040961132673,23.450498150470477,23.4897518157959,2600,0.0,0.0,0.0
2016-04-25 00:00:00-04:00,23.324882487855163,23.442646475466763,23.324882487855163,23.364137649536133,1200,0.0,0.0,0.0
2016-04-26 00:00:00-04:00,23.426945118266644,23.46619878370173,23.403392020546782,23.41909408569336,1900,0.0,0.0,0.0
2016-04-27 00:00:00-04:00,23.59181104007725,23.59181104007725,23.544706344604492,23.544706344604492,600,0.0,0.0,0.0
2016-04-28 00:00:00-04:00,23.544709024096118,23.646770956238665,23.529006958007812,23.529006958007812,31600,0.0,0.0,0.0
2016-04-29 00:00:00-04:00,23.41909408569336,23.41909408569336,23.41909408569336,23.41909408569336,400,0.0,0.0,0.0
2016-05-02 00:00:00-04:00,23.709572717095824,23.709572717095824,23.489748330567817,23.552555084228516,1800,0.0,0.0,0.0
2016-05-03 00:00:00-04:00,23.411243619118974,23.411243619118974,23.136463462136124,23.238525390625,2100,0.0,0.0,0.0
2016-05-04 00:00:00-04:00,23.16786542884994,23.16786542884994,23.089356605984637,23.105058670043945,2200,0.0,0.0,0.0
2016-05-05 00:00:00-04:00,23.238522730603027,23.285627424358335,23.214969635009766,23.214969635009766,800,0.0,0.0,0.0
2016-05-06 00:00:00-04:00,23.136465672192557,23.301334381103516,23.136465672192557,23.301334381103516,1800,0.0,0.0,0.0
2016-05-09 00:00:00-04:00,23.293477525036113,23.293477525036113,22.806724050919147,22.955890655517578,19700,0.0,0.0,0.0
2016-05-10 00:00:00-04:00,23.16001385046361,23.285627365112305,23.105058124983707,23.285627365112305,5700,0.0,0.0,0.0
2016-05-11 00:00:00-04:00,23.52900561298991,23.52900561298991,23.222822828927857,23.34843635559082,4500,0.0,0.0,0.0
2016-05-12 00:00:00-04:00,23.47404975069319,23.4897518157959,23.47404975069319,23.4897518157959,500,0.0,0.0,0.0
2016-05-13 00:00:00-04:00,23.073653504337138,23.160013355348617,22.955891024050413,22.987295150756836,2400,0.0,0.0,0.0
2016-05-16 00:00:00-04:00,23.136460430336328,23.246373377185318,23.136460430336328,23.222820281982422,1600,0.0,0.0,0.0
2016-05-17 00:00:00-04:00,23.199267303522042,23.199267303522042,23.018698065018093,23.081504821777344,4500,0.0,0.0,0.0
2016-05-18 00:00:00-04:00,22.987298647860804,23.065805981707978,22.92449188232422,22.92449188232422,1600,0.0,0.0,0.0
2016-05-19 00:00:00-04:00,22.571198991833768,22.61045265197754,22.492690174115072,22.61045265197754,2600,0.0,0.0,0.0
2016-05-20 00:00:00-04:00,22.89308366865578,22.89308366865578,22.79102325439453,22.79102325439453,3500,0.0,0.0,0.0
2016-05-23 00:00:00-04:00,22.681112332790015,22.681112332790015,22.555498812919758,22.649709701538086,2800,0.0,0.0,0.0
2016-05-24 00:00:00-04:00,22.853830394422552,22.853830394422552,22.7674705442148,22.783172607421875,1500,0.0,0.0,0.0
2016-05-25 00:00:00-04:00,22.86168335913825,22.87738392624175,22.743919372558594,22.743919372558594,6500,0.0,0.0,0.0
2016-05-26 00:00:00-04:00,22.783173702153004,22.91663825096379,22.783173702153004,22.830278396606445,2400,0.0,0.0,0.0
2016-05-27 00:00:00-04:00,22.775323115934576,22.861682971982166,22.736067955262364,22.75177001953125,1300,0.0,0.0,0.0
2016-05-31 00:00:00-04:00,22.900936511828466,22.932339142765763,22.80672562415406,22.893085479736328,1400,0.0,0.0,0.0
2016-06-01 00:00:00-04:00,22.751769024087782,22.751769024087782,22.602603912353516,22.602603912353516,2500,0.0,0.0,0.0
2016-06-02 00:00:00-04:00,22.618305572854887,22.696814397131615,22.610454540684085,22.649709701538086,3000,0.0,0.0,0.0
2016-06-03 00:00:00-04:00,22.7360643631703,22.99514389038086,22.7360643631703,22.99514389038086,1200,0.0,0.0,0.0
2016-06-06 00:00:00-04:00,22.91664062261737,23.128612518310547,22.91664062261737,23.128612518310547,1300,0.0,0.0,0.0
2016-06-07 00:00:00-04:00,23.37198572954952,23.37198572954952,23.24637222290039,23.24637222290039,8100,0.0,0.0,0.0
2016-06-08 00:00:00-04:00,23.419093145831265,23.631066524509,23.419093145831265,23.607513427734375,4100,0.0,0.0,0.0
2016-06-09 00:00:00-04:00,23.47405242919922,23.47405242919922,23.47405242919922,23.47405242919922,1600,0.0,0.0,0.0
2016-06-10 00:00:00-04:00,22.99514591117394,23.01084647691076,22.853830337524414,22.853830337524414,9300,0.0,0.0,0.0
2016-06-13 00:00:00-04:00,22.759621113555347,22.759621113555347,22.602604962733345,22.68111228942871,1400,0.0,0.0,0.0
2016-06-14 00:00:00-04:00,22.374928273865574,22.406332400736215,22.33567461270846,22.398481369018555,3600,0.0,0.0,0.0
2016-06-15 00:00:00-04:00,22.484839142600087,22.68111043818125,22.484839142600087,22.61045265197754,2700,0.0,0.0,0.0
2016-06-16 00:00:00-04:00,22.16295923590862,22.594757080078125,22.16295923590862,22.594757080078125,2000,0.0,0.0,0.0
2016-06-17 00:00:00-04:00,22.68111417494696,22.72822037179772,22.68111417494696,22.720369338989258,1800,0.0,0.0,0.0
2016-06-20 00:00:00-04:00,23.002997350193134,23.262075424194336,23.002997350193134,23.262075424194336,3100,0.0,0.0,0.0
2016-06-21 00:00:00-04:00,23.367711873953965,23.367711873953965,23.151640204844117,23.32769775390625,1400,0.562,0.0,0.0
2016-06-22 00:00:00-04:00,23.3356990814209,23.3356990814209,23.3356990814209,23.3356990814209,200,0.0,0.0,0.0
2016-06-23 00:00:00-04:00,23.50375642757626,23.73583221435547,23.47174513208529,23.73583221435547,12600,0.0,0.0,0.0
2016-06-24 00:00:00-04:00,22.455410727959755,23.007593396871826,22.455410727959755,22.759511947631836,8300,0.0,0.0,0.0
2016-06-27 00:00:00-04:00,22.81552858983304,22.81552858983304,22.383385263707456,22.4314022064209,2200,0.0,0.0,0.0
2016-06-28 00:00:00-04:00,22.99158849940966,23.095623692942993,22.95157590274774,23.07161521911621,7300,0.0,0.0,0.0
2016-06-29 00:00:00-04:00,23.5357666015625,23.5357666015625,23.5357666015625,23.5357666015625,300,0.0,0.0,0.0
2016-06-30 00:00:00-04:00,23.67981660033428,23.919895237617173,23.67981660033428,23.831867218017578,1000,0.0,0.0,0.0
2016-07-01 00:00:00-04:00,24.560108675796656,24.560108675796656,23.943904876708984,23.943904876708984,400,0.0,0.0,0.0
2016-07-05 00:00:00-04:00,23.687813066503672,23.687813066503672,23.359704971313477,23.359704971313477,12400,0.0,0.0,0.0
2016-07-06 00:00:00-04:00,23.119630863245018,23.23967170715332,23.119630863245018,23.23967170715332,2500,0.0,0.0,0.0
2016-07-07 00:00:00-04:00,23.319696582666495,23.319696582666495,23.151641845703125,23.151641845703125,4100,0.0,0.0,0.0
2016-07-08 00:00:00-04:00,23.45574236845729,23.591787338256836,23.45574236845729,23.591787338256836,2600,0.0,0.0,0.0
2016-07-11 00:00:00-04:00,23.775848530010773,23.81586265563965,23.759844406142044,23.81586265563965,2500,0.0,0.0,0.0
2016-07-12 00:00:00-04:00,23.951908380974523,23.975915330721715,23.919897079467773,23.919897079467773,2300,0.0,0.0,0.0
2016-07-13 00:00:00-04:00,23.815860072758674,23.839868545532227,23.751839005078516,23.839868545532227,1500,0.0,0.0,0.0
2016-07-14 00:00:00-04:00,23.951905466690267,24.127963024407443,23.951905466690267,24.063941955566406,3100,0.0,0.0,0.0
2016-07-15 00:00:00-04:00,24.01592621559798,24.01592621559798,23.97591209411621,23.97591209411621,1400,0.0,0.0,0.0
2016-07-18 00:00:00-04:00,24.095953480236517,24.231998443603516,24.087950655758142,24.231998443603516,2600,0.0,0.0,0.0
2016-07-19 00:00:00-04:00,24.03993559170722,24.24000162748488,24.03993559170722,24.11996078491211,12000,0.0,0.0,0.0
2016-07-20 00:00:00-04:00,24.320023405787747,24.336029052734375,24.29601646175031,24.336029052734375,1200,0.0,0.0,0.0
2016-07-21 00:00:00-04:00,24.416054595516666,24.52809106602968,24.416054595516666,24.43206024169922,2900,0.0,0.0,0.0
2016-07-22 00:00:00-04:00,24.432062095232006,24.520090103149414,24.432062095232006,24.520090103149414,700,0.0,0.0,0.0
2016-07-25 00:00:00-04:00,24.35203693263288,24.35203693263288,24.159973730809682,24.215991973876953,3500,0.0,0.0,0.0
2016-07-26 00:00:00-04:00,24.472076005281746,24.472076005281746,24.43206341101737,24.464073181152344,1300,0.0,0.0,0.0
2016-07-27 00:00:00-04:00,24.496082305908203,24.496082305908203,24.496082305908203,24.496082305908203,500,0.0,0.0,0.0
2016-07-28 00:00:00-04:00,24.368043162072997,24.480079650878906,24.368043162072997,24.480079650878906,8800,0.0,0.0,0.0
2016-07-29 00:00:00-04:00,24.480075710710345,24.648130416870117,24.480075710710345,24.648130416870117,1600,0.0,0.0,0.0
2016-08-01 00:00:00-04:00,24.73616090297493,24.73616090297493,24.488079482488313,24.496082305908203,2000,0.0,0.0,0.0
2016-08-02 00:00:00-04:00,24.36804184504681,24.36804184504681,24.2239940664345,24.328027725219727,3900,0.0,0.0,0.0
2016-08-03 00:00:00-04:00,24.26400715706522,24.496084477669946,24.26400715706522,24.464073181152344,600,0.0,0.0,0.0
2016-08-04 00:00:00-04:00,24.584108505467828,24.640128265293338,24.584108505467828,24.624122619628906,1400,0.0,0.0,0.0
2016-08-05 00:00:00-04:00,24.73616318300024,24.80018424987793,24.64813364364993,24.80018424987793,2200,0.0,0.0,0.0
2016-08-08 00:00:00-04:00,24.840197198765427,24.976240623877512,24.840197198765427,24.896215438842773,2000,0.0,0.0,0.0
2016-08-09 00:00:00-04:00,24.92822291314072,25.120286087034863,24.92822291314072,25.09627914428711,2100,0.0,0.0,0.0
2016-08-10 00:00:00-04:00,25.11228285177751,25.160299789249674,25.088275909423828,25.088275909423828,1300,0.0,0.0,0.0
2016-08-11 00:00:00-04:00,25.08827876894674,25.448396682739258,25.08827876894674,25.448396682739258,7700,0.0,0.0,0.0
2016-08-12 00:00:00-04:00,25.528425224211652,25.528425224211652,25.256335300219344,25.320356369018555,8000,0.0,0.0,0.0
2016-08-15 00:00:00-04:00,25.56043815612793,25.60045075429232,25.54443250630906,25.56043815612793,2800,0.0,0.0,0.0
2016-08-16 00:00:00-04:00,25.496415445475993,25.528425216674805,25.496415445475993,25.528425216674805,2600,0.0,0.0,0.0
2016-08-17 00:00:00-04:00,25.376373613940554,25.48040880063089,25.24033018368532,25.46440315246582,3800,0.0,0.0,0.0
2016-08-18 00:00:00-04:00,25.6564657920189,25.696478382796254,25.608448851427074,25.624454498291016,7100,0.0,0.0,0.0
2016-08-19 00:00:00-04:00,25.4483934330596,25.496410369873047,25.3603654349997,25.496410369873047,3200,0.0,0.0,0.0
2016-08-22 00:00:00-04:00,25.240329183192472,25.28034177563648,25.11228552933001,25.192312240600586,18800,0.0,0.0,0.0
2016-08-23 00:00:00-04:00,25.312353194445656,25.320356018732678,25.208319531479663,25.22432518005371,7400,0.0,0.0,0.0
2016-08-24 00:00:00-04:00,24.99225082276375,25.21632535026179,24.99225082276375,25.208322525024414,3800,0.0,0.0,0.0
2016-08-25 00:00:00-04:00,25.280343188097746,25.29634883652264,25.248331891247958,25.26433753967285,9700,0.0,0.0,0.0
2016-08-26 00:00:00-04:00,25.600443598785873,25.600443598785873,24.99224281311035,24.99224281311035,1300,0.0,0.0,0.0
2016-08-29 00:00:00-04:00,24.984245843412165,25.24833294794495,24.968241720700107,25.240331649780273,3600,0.0,0.0,0.0
2016-08-30 00:00:00-04:00,25.136296815750452,25.14429964041204,25.088281394163673,25.128293991088867,2800,0.0,0.0,0.0
2016-08-31 00:00:00-04:00,24.976240306657107,25.12028808010221,24.928224890969588,25.016254425048828,15700,0.0,0.0,0.0
2016-09-01 00:00:00-04:00,24.768171823036464,24.904216766357422,24.768171823036464,24.904216766357422,1300,0.0,0.0,0.0
2016-09-02 00:00:00-04:00,25.0722759170217,25.184312410287834,25.0722759170217,25.17630958557129,1400,0.0,0.0,0.0
2016-09-06 00:00:00-04:00,25.312355568931686,25.56844139099121,25.312355568931686,25.56844139099121,2600,0.0,0.0,0.0
2016-09-07 00:00:00-04:00,25.472401901466323,25.536422957501877,25.432389313837493,25.496410369873047,2200,0.0,0.0,0.0
2016-09-08 00:00:00-04:00,25.55243386419,25.664470353724226,25.51241974194014,25.576440811157227,11700,0.0,0.0,0.0
2016-09-09 00:00:00-04:00,25.128291222932134,25.128291222932134,24.896215438842773,24.896215438842773,7200,0.0,0.0,0.0
2016-09-12 00:00:00-04:00,24.73615930229589,24.944228118601398,24.5921115428242,24.880207061767578,3600,0.0,0.0,0.0
2016-09-13 00:00:00-04:00,24.752167818892122,24.752167818892122,24.199985185668503,24.320024490356445,4100,0.0,0.0,0.0
2016-09-14 00:00:00-04:00,24.48007823636344,24.48007823636344,24.19998550415039,24.19998550415039,4600,0.0,0.0,0.0
2016-09-15 00:00:00-04:00,24.36003703097076,24.46407068125688,24.36003703097076,24.408052444458008,2700,0.0,0.0,0.0
2016-09-16 00:00:00-04:00,24.175976946328202,24.344033195611143,24.175976946328202,24.280012130737305,7800,0.0,0.0,0.0
2016-09-19 00:00:00-04:00,24.41605526776963,24.45606785794526,24.408052444458008,24.408052444458008,1100,0.0,0.0,0.0
2016-09-20 00:00:00-04:00,24.60812196352739,24.60812196352739,24.432064404668214,24.528095245361328,3500,0.0,0.0,0.0
2016-09-21 00:00:00-04:00,24.608118260895832,24.86420249938965,24.608118260895832,24.86420249938965,1400,0.0,0.0,0.0
2016-09-22 00:00:00-04:00,25.30434754890137,25.30434754890137,25.000246383773927,25.088275909423828,12500,0.0,0.0,0.0
2016-09-23 00:00:00-04:00,24.91221682699329,24.91221682699329,24.880207061767578,24.880207061767578,400,0.0,0.0,0.0
2016-09-26 00:00:00-04:00,24.72015676621722,24.72015676621722,24.488080978393555,24.488080978393555,3700,0.0,0.0,0.0
2016-09-27 00:00:00-04:00,24.456069946289062,24.456069946289062,24.456069946289062,24.456069946289062,600,0.0,0.0,0.0
2016-09-28 00:00:00-04:00,24.680144355172327,24.768173892435666,24.45606986322137,24.744165420532227,5600,0.0,0.0,0.0
2016-09-29 00:00:00-04:00,24.91221996087968,24.91221996087968,24.40805426568855,24.488080978393555,32500,0.0,0.0,0.0
2016-09-30 00:00:00-04:00,24.528093075130027,24.60011696246858,24.528093075130027,24.560104370117188,1600,0.0,0.0,0.0
2016-10-03 00:00:00-04:00,24.680142533350814,24.680142533350814,24.536094765328603,24.66413688659668,2200,0.0,0.0,0.0
2016-10-04 00:00:00-04:00,24.68814809198805,24.696150916251767,24.42406099681597,24.472076416015625,7600,0.0,0.0,0.0
2016-10-05 00:00:00-04:00,24.68014561289435,24.808187750139293,24.68014561289435,24.77617645263672,1000,0.0,0.0,0.0
2016-10-06 00:00:00-04:00,24.78417743230552,24.92022238380017,24.688146599710805,24.896215438842773,15800,0.0,0.0,0.0
2016-10-07 00:00:00-04:00,24.69615100220114,24.792181840934663,24.60011863708496,24.60011863708496,1900,0.0,0.0,0.0
2016-10-10 00:00:00-04:00,24.640129703014676,24.91221806327412,24.640129703014676,24.904216766357422,2800,0.0,0.0,0.0
2016-10-11 00:00:00-04:00,24.664138438783787,24.664138438783787,24.56010478109976,24.56810760498047,2700,0.0,0.0,0.0
2016-10-12 00:00:00-04:00,24.272009073757783,24.320024490356445,24.272009073757783,24.320024490356445,1700,0.0,0.0,0.0
2016-10-13 00:00:00-04:00,24.15197122614525,24.36804290344858,24.095952982336833,24.30402183532715,1100,0.0,0.0,0.0
2016-10-14 00:00:00-04:00,24.44806671142578,24.44806671142578,24.44806671142578,24.44806671142578,100,0.0,0.0,0.0
2016-10-17 00:00:00-04:00,24.472074687341504,24.520090103149414,24.472074687341504,24.520090103149414,700,0.0,0.0,0.0
2016-10-18 00:00:00-04:00,24.72815927675765,24.88821270013938,24.576108677183267,24.81618881225586,7500,0.0,0.0,0.0
2016-10-19 00:00:00-04:00,24.81618600493376,24.880207061767578,24.81618600493376,24.880207061767578,1200,0.0,0.0,0.0
2016-10-20 00:00:00-04:00,24.928227701794963,24.95223617553711,24.928227701794963,24.95223617553711,300,0.0,0.0,0.0
2016-10-21 00:00:00-04:00,24.752168158043002,24.856201816495986,24.752168158043002,24.82419204711914,3200,0.0,0.0,0.0
2016-10-24 00:00:00-04:00,24.928225385650887,24.952233857162348,24.928225385650887,24.944231033325195,2200,0.0,0.0,0.0
2016-10-25 00:00:00-04:00,24.880208638785618,24.976239466932007,24.792179107666016,24.792179107666016,6100,0.0,0.0,0.0
2016-10-26 00:00:00-04:00,24.632127448552154,24.792179339084278,24.632127448552154,24.752166748046875,3600,0.0,0.0,0.0
2016-10-27 00:00:00-04:00,24.576111725904237,24.576111725904237,24.50408935546875,24.50408935546875,1100,0.0,0.0,0.0
2016-10-28 00:00:00-04:00,24.512091697404486,24.512091697404486,24.111959598661212,24.151973724365234,12300,0.0,0.0,0.0
2016-10-31 00:00:00-04:00,24.167977732494304,24.175979030708618,24.11996078491211,24.11996078491211,1200,0.0,0.0,0.0
2016-11-01 00:00:00-04:00,24.007922536060107,24.039933832105174,23.71982697718495,23.74383544921875,2700,0.0,0.0,0.0
2016-11-02 00:00:00-04:00,23.607790668256147,23.607790668256147,23.495754184035672,23.583782196044922,2800,0.0,0.0,0.0
2016-11-03 00:00:00-04:00,23.495752776173426,23.639800548044207,23.487749952582544,23.511756896972656,3700,0.0,0.0,0.0
2016-11-04 00:00:00-04:00,23.43973576365725,23.52776377499701,23.295687984250684,23.32769775390625,2200,0.0,0.0,0.0
2016-11-07 00:00:00-05:00,23.727827021264584,24.031928192534043,23.727827021264584,24.01592254638672,1200,0.0,0.0,0.0
2016-11-08 00:00:00-05:00,23.84786920156086,24.288015365600586,23.84786920156086,24.288015365600586,1100,0.0,0.0,0.0
2016-11-09 00:00:00-05:00,23.37570849543075,23.71181940468185,23.37570849543075,23.599782943725586,5300,0.0,0.0,0.0
2016-11-10 00:00:00-05:00,23.119633630957622,23.119633630957622,22.50343132019043,22.50343132019043,6900,0.0,0.0,0.0
2016-11-11 00:00:00-05:00,22.2393386668839,22.2393386668839,21.783186876535964,21.927234649658203,17600,0.0,0.0,0.0
2016-11-14 00:00:00-05:00,21.711162989974845,21.927234649658203,21.70316169269698,21.927234649658203,8500,0.0,0.0,0.0
2016-11-15 00:00:00-05:00,22.31936562900317,22.527434481603862,22.231337614490204,22.511428833007812,8500,0.0,0.0,0.0
2016-11-16 00:00:00-05:00,22.311358659184087,22.42339665215678,22.271346071511083,22.415393829345703,16000,0.0,0.0,0.0
2016-11-17 00:00:00-05:00,22.53543686495443,22.623466404127598,22.495424270629883,22.495424270629883,1800,0.0,0.0,0.0
2016-11-18 00:00:00-05:00,22.591458527285102,22.591458527285102,22.439409424729675,22.487424850463867,5400,0.0,0.0,0.0
2016-11-21 00:00:00-05:00,22.511424942131683,22.679481170578057,22.511424942131683,22.59145164489746,17100,0.0,0.0,0.0
2016-11-22 00:00:00-05:00,22.783518804008647,22.85554269646754,22.759511857444124,22.83953857421875,4100,0.0,0.0,0.0
2016-11-23 00:00:00-05:00,22.679482822452034,22.679482822452034,22.575447643364335,22.623464584350586,2900,0.0,0.0,0.0
2016-11-25 00:00:00-05:00,22.59145469785355,22.69548988342285,22.59145469785355,22.69548988342285,1400,0.0,0.0,0.0
2016-11-28 00:00:00-05:00,22.759510451325184,22.783517396406516,22.703492210958643,22.767513275146484,1600,0.0,0.0,0.0
2016-11-29 00:00:00-05:00,22.823530177495506,22.823530177495506,22.54343746570052,22.615461349487305,5400,0.0,0.0,0.0
2016-11-30 00:00:00-05:00,23.079617735557655,23.079617735557655,22.67148284424825,22.775516510009766,5600,0.0,0.0,0.0
2016-12-01 00:00:00-05:00,22.591459832917618,22.591459832917618,22.279357258033652,22.31136703491211,6000,0.0,0.0,0.0
2016-12-02 00:00:00-05:00,22.311363962090923,22.41539915697935,22.19932746887207,22.19932746887207,5700,0.0,0.0,0.0
2016-12-05 00:00:00-05:00,22.359379490070502,22.37538361209749,22.319365369046423,22.335371017456055,3900,0.0,0.0,0.0
2016-12-06 00:00:00-05:00,22.183323692140352,22.4794221259929,22.183323692140352,22.407398223876953,6100,0.0,0.0,0.0
2016-12-07 00:00:00-05:00,22.399390121125393,22.855540376134133,22.399390121125393,22.831533432006836,6300,0.0,0.0,0.0
2016-12-08 00:00:00-05:00,22.67948566875032,22.79952498351598,22.663480019746178,22.775516510009766,4000,0.0,0.0,0.0
2016-12-09 00:00:00-05:00,22.671480275144187,22.84753781509102,22.655474627953787,22.799522399902344,19200,0.0,0.0,0.0
2016-12-12 00:00:00-05:00,22.655474847608154,22.74350438162632,22.511427074262993,22.551441192626953,8700,0.0,0.0,0.0
2016-12-13 00:00:00-05:00,22.663476733187412,22.911558151245117,22.663476733187412,22.911558151245117,9000,0.0,0.0,0.0
2016-12-14 00:00:00-05:00,22.96758427609264,22.96758427609264,22.51143237757708,22.54344367980957,16500,0.0,0.0,0.0
2016-12-15 00:00:00-05:00,22.48741980184518,22.48741980184518,22.327366383487412,22.463411331176758,4900,0.0,0.0,0.0
2016-12-16 00:00:00-05:00,22.30336083680252,22.455409914749513,22.30336083680252,22.327367782592773,5800,0.0,0.0,0.0
2016-12-19 00:00:00-05:00,22.231336360396753,22.423399553566906,22.231336360396753,22.27134895324707,3300,0.0,0.0,0.0
2016-12-20 00:00:00-05:00,22.375383524884896,22.375383524884896,22.175317499692223,22.20732879638672,6900,0.0,0.0,0.0
2016-12-21 00:00:00-05:00,22.215333118298403,22.36738373508309,22.167317696402144,22.19932746887207,3200,0.0,0.0,0.0
2016-12-22 00:00:00-05:00,22.315927091643758,22.315927091643758,22.153983696641436,22.259246826171875,3400,0.324,0.0,0.0
2016-12-23 00:00:00-05:00,21.97584194065036,22.226856728197713,21.97584194065036,22.137786865234375,9800,0.0,0.0,0.0
2016-12-27 00:00:00-05:00,22.089203644605035,22.267341823198983,22.089203644605035,22.24304962158203,3000,0.0,0.0,0.0
2016-12-28 00:00:00-05:00,22.340220122384316,22.43738585409618,22.26734505138969,22.372608184814453,11700,0.0,0.0,0.0
2016-12-29 00:00:00-05:00,22.477870003920952,22.834147911869703,22.477870003920952,22.712688446044922,5500,0.0,0.0,0.0
2016-12-30 00:00:00-05:00,22.631720214212038,22.850343880918274,22.575038402702994,22.664108276367188,9200,0.0,0.0,0.0
2017-01-03 00:00:00-05:00,22.793658286987682,22.842241141077395,22.66410297980107,22.720783233642578,8400,0.0,0.0,0.0
2017-01-04 00:00:00-05:00,22.85034241741373,22.987995147705078,22.817954357332955,22.987995147705078,7900,0.0,0.0,0.0
2017-01-05 00:00:00-05:00,23.044673501325995,23.14993816281271,23.044673501325995,23.093257904052734,9500,0.0,0.0,0.0
2017-01-06 00:00:00-05:00,22.99609333607647,23.020385540284682,22.82605253988319,22.93941307067871,6000,0.0,0.0,0.0
2017-01-09 00:00:00-05:00,22.971802180805994,23.020385043753123,22.793662442630907,22.9232177734375,13000,0.0,0.0,0.0
2017-01-10 00:00:00-05:00,23.133743361903797,23.133743361903797,22.98799324256602,23.093257904052734,6900,0.0,0.0,0.0
2017-01-11 00:00:00-05:00,22.89082970514602,23.03657983835911,22.89082970514602,23.02848243713379,1800,0.0,0.0,0.0
2017-01-12 00:00:00-05:00,23.036581368514906,23.19852477051402,22.963706297067787,23.133747100830078,4900,0.0,0.0,0.0
2017-01-13 00:00:00-05:00,23.101354310099815,23.149937166314064,23.052769909464413,23.060867309570312,6100,0.0,0.0,0.0
2017-01-17 00:00:00-05:00,23.182326007261917,23.182326007261917,23.012285232543945,23.012285232543945,4100,0.0,0.0,0.0
2017-01-18 00:00:00-05:00,23.036578140111203,23.05277139694672,22.9798963357125,23.004188537597656,1500,0.0,0.0,0.0
2017-01-19 00:00:00-05:00,22.979898533270998,23.00419073747921,22.93941307067871,22.93941307067871,2000,0.0,0.0,0.0
2017-01-20 00:00:00-05:00,22.93131199671821,23.085159509888012,22.90702134082166,23.060867309570312,19200,0.0,0.0,0.0
2017-01-23 00:00:00-05:00,23.052772845241936,23.3604679107666,23.052772845241936,23.3604679107666,5100,0.0,0.0,0.0
2017-01-24 00:00:00-05:00,23.425246779513323,23.43334418106664,23.33617690684825,23.368566513061523,2500,0.0,0.0,0.0
2017-01-25 00:00:00-05:00,23.441442620114696,23.51431769289851,23.433345218202994,23.4576358795166,1000,0.0,0.0,0.0
2017-01-26 00:00:00-05:00,23.417142938173452,23.45762839038499,23.34426788865588,23.376657485961914,27800,0.0,0.0,0.0
2017-01-27 00:00:00-05:00,23.37666101397332,23.38475687010065,23.33617401123047,23.33617401123047,2800,0.0,0.0,0.0
2017-01-30 00:00:00-05:00,23.23091258141559,23.3604679107666,23.23091258141559,23.3604679107666,2100,0.0,0.0,0.0
2017-01-31 00:00:00-05:00,23.52241009160576,23.52241009160576,23.24710464477539,23.24710464477539,6500,0.0,0.0,0.0
2017-02-01 00:00:00-05:00,23.239010765472468,23.336176493548557,23.198523758422933,23.311885833740234,8300,0.0,0.0,0.0
2017-02-02 00:00:00-05:00,23.279491714227824,23.52240753173828,23.279491714227824,23.52240753173828,8800,0.0,0.0,0.0
2017-02-03 00:00:00-05:00,23.579093561489852,23.70864889333144,23.579093561489852,23.684356689453125,1600,0.0,0.0,0.0
2017-02-06 00:00:00-05:00,23.587188303330425,23.587188303330425,23.530508041381836,23.530508041381836,1300,0.0,0.0,0.0
2017-02-07 00:00:00-05:00,23.4981199821632,23.53860544229182,23.441439720214607,23.530508041381836,4400,0.0,0.0,0.0
2017-02-08 00:00:00-05:00,23.6924513301375,23.878686904907227,23.6924513301375,23.878686904907227,3600,0.0,0.0,0.0
2017-02-09 00:00:00-05:00,23.862492315784387,23.959659576416016,23.846299059363457,23.959659576416016,2700,0.0,0.0,0.0
2017-02-10 00:00:00-05:00,24.024439189402,24.25116178636891,24.024439189402,24.226869583129883,2700,0.0,0.0,0.0
2017-02-13 00:00:00-05:00,24.18638025243733,24.396906469140273,24.18638025243733,24.372615814208984,6700,0.0,0.0,0.0
2017-02-14 00:00:00-05:00,24.186381859593077,24.41310289092961,24.145894857982128,24.332130432128906,12400,0.0,0.0,0.0
2017-02-15 00:00:00-05:00,24.453592432402527,24.518370097286954,24.356425162865207,24.469785690307617,4200,0.0,0.0,0.0
2017-02-16 00:00:00-05:00,24.364521444815086,24.57504923212397,24.364521444815086,24.421201705932617,3700,0.0,0.0,0.0
2017-02-17 00:00:00-05:00,24.29974386010399,24.429299184333154,24.218771396355443,24.38071632385254,2000,0.0,0.0,0.0
2017-02-21 00:00:00-05:00,24.656021615702866,24.656021615702866,24.429299027546293,24.566951751708984,7400,0.0,0.0,0.0
2017-02-22 00:00:00-05:00,24.65602125118729,24.81796463082957,24.583146189800825,24.67221450805664,14800,0.0,0.0,0.0
2017-02-23 00:00:00-05:00,24.87464547162279,24.87464547162279,24.542659759521484,24.542659759521484,3500,0.0,0.0,0.0
2017-02-24 00:00:00-05:00,24.437395666649753,24.453590467675024,24.275450745239496,24.30784034729004,6100,0.0,0.0,0.0
2017-02-27 00:00:00-05:00,24.34023173003758,24.34023173003758,24.26735665988963,24.291648864746094,2600,0.0,0.0,0.0
2017-02-28 00:00:00-05:00,24.356421285009137,24.356421285009137,24.202573776245117,24.202573776245117,3300,0.0,0.0,0.0
2017-03-01 00:00:00-05:00,24.57505056550822,24.59934122477867,24.453592635891884,24.550758361816406,7800,0.0,0.0,0.0
2017-03-02 00:00:00-05:00,24.518367702571403,24.518367702571403,24.234964867224054,24.25115966796875,1700,0.0,0.0,0.0
2017-03-03 00:00:00-05:00,24.55075835396984,24.664118882319343,24.48598068856707,24.656023025512695,4400,0.0,0.0,0.0
2017-03-06 00:00:00-05:00,24.599340517330038,24.65602232431417,24.558855056762695,24.558855056762695,2300,0.0,0.0,0.0
2017-03-07 00:00:00-05:00,24.49407689893676,24.558854561190156,24.49407689893676,24.542659759521484,3100,0.0,0.0,0.0
2017-03-08 00:00:00-05:00,24.656025247164894,24.656025247164894,24.38071975829115,24.48598289489746,1700,0.0,0.0,0.0
2017-03-09 00:00:00-05:00,24.145898313554927,24.234968185424805,24.145898313554927,24.234968185424805,6200,0.0,0.0,0.0
2017-03-10 00:00:00-05:00,24.3564239669022,24.461687088012695,24.348326566136578,24.461687088012695,2700,0.0,0.0,0.0
2017-03-13 00:00:00-04:00,24.591245360109927,24.680313684775378,24.591245360109927,24.656023025512695,1000,0.0,0.0,0.0
2017-03-14 00:00:00-04:00,24.485979290309555,24.566951753544473,24.461687088012695,24.461687088012695,3500,0.0,0.0,0.0
2017-03-15 00:00:00-04:00,24.50217496272762,24.947521209716797,24.50217496272762,24.947521209716797,2700,0.0,0.0,0.0
2017-03-16 00:00:00-04:00,25.174239187431898,25.198531386135485,25.06897453747074,25.101364135742188,2200,0.0,0.0,0.0
2017-03-17 00:00:00-04:00,25.10136660127389,25.295699576727404,25.10136660127389,25.279504776000977,1700,0.0,0.0,0.0
2017-03-20 00:00:00-04:00,25.425257930090655,25.50623039897167,25.384772467860845,25.4333553314209,2600,0.0,0.0,0.0
2017-03-21 00:00:00-04:00,25.36857755116983,25.498132883028553,25.206632614135742,25.206632614135742,11500,0.0,0.0,0.0
2017-03-22 00:00:00-04:00,25.263312225342045,25.376672744750977,25.263312225342045,25.376672744750977,900,0.0,0.0,0.0
2017-03-23 00:00:00-04:00,25.239022412423434,25.498133078123416,25.239022412423434,25.39286994934082,2900,0.0,0.0,0.0
2017-03-24 00:00:00-04:00,25.45764646068511,25.546714782714844,25.45764646068511,25.546714782714844,1500,0.0,0.0,0.0
2017-03-27 00:00:00-04:00,25.506229605780618,25.587202072143555,25.40096648060374,25.587202072143555,1700,0.0,0.0,0.0
2017-03-28 00:00:00-04:00,25.546716477674057,25.63578635003467,25.546716477674057,25.571008682250977,1200,0.0,0.0,0.0
2017-03-29 00:00:00-04:00,25.64387915196496,25.724851608276367,25.57910149580006,25.724851608276367,10800,0.0,0.0,0.0
2017-03-30 00:00:00-04:00,25.643882831138416,25.708660496597084,25.587202566914755,25.603397369384766,5200,0.0,0.0,0.0
2017-03-31 00:00:00-04:00,25.55480830671747,25.692461013793945,25.538615051618716,25.692461013793945,2200,0.0,0.0,0.0
2017-04-03 00:00:00-04:00,25.635783783885397,25.846311569213867,25.635783783885397,25.846311569213867,1800,0.0,0.0,0.0
2017-04-04 00:00:00-04:00,25.749140929263636,25.911085833491384,25.749140929263636,25.90298843383789,2800,0.0,0.0,0.0
2017-04-05 00:00:00-04:00,25.91109134531933,26.032550821537633,25.91109134531933,25.92728614807129,1300,0.0,0.0,0.0
2017-04-06 00:00:00-04:00,25.830115219201126,25.862504820119636,25.69246250413981,25.741046905517578,3600,0.0,0.0,0.0
2017-04-07 00:00:00-04:00,25.80582165105672,25.80582165105672,25.708654403686523,25.708654403686523,1900,0.0,0.0,0.0
2017-04-10 00:00:00-04:00,25.57100310623731,25.692461013793945,25.57100310623731,25.692461013793945,5200,0.0,0.0,0.0
2017-04-11 00:00:00-04:00,25.781534353491725,25.781534353491725,25.400965779832926,25.595298767089844,3700,0.0,0.0,0.0
2017-04-12 00:00:00-04:00,25.63578513907977,25.668174743652344,25.627687737936625,25.668174743652344,1200,0.0,0.0,0.0
2017-04-13 00:00:00-04:00,25.603394892188778,25.838213327599124,25.603394892188778,25.73295021057129,4500,0.0,0.0,0.0
2017-04-17 00:00:00-04:00,25.84631317776941,26.016355514526367,25.84631317776941,26.016355514526367,3600,0.0,0.0,0.0
2017-04-18 00:00:00-04:00,25.643882256330635,25.781534985397485,25.52242432937079,25.627687454223633,7600,0.0,0.0,0.0
2017-04-19 00:00:00-04:00,25.627687454223633,25.627687454223633,25.627687454223633,25.627687454223633,0,0.0,0.0,0.0
2017-04-20 00:00:00-04:00,25.441452732751138,25.47384079365071,25.384772467860845,25.4333553314209,1900,0.0,0.0,0.0
2017-04-21 00:00:00-04:00,25.32808967665652,25.400964736938477,25.32808967665652,25.400964736938477,1200,0.0,0.0,0.0
2017-04-24 00:00:00-04:00,25.56290676231126,25.651976618928185,25.55480936221689,25.5791015625,1800,0.0,0.0,0.0
2017-04-25 00:00:00-04:00,25.668171345006026,25.741046401223798,25.619586944580078,25.619586944580078,2300,0.0,0.0,0.0
2017-04-26 00:00:00-04:00,25.538619500216807,25.57100756047711,25.417160027081934,25.522424697875977,3000,0.0,0.0,0.0
2017-04-27 00:00:00-04:00,25.67626805464212,25.67626805464212,25.425254821777344,25.425254821777344,1800,0.0,0.0,0.0
2017-04-28 00:00:00-04:00,25.530522099046394,25.530522099046394,25.441452230593182,25.522424697875977,3000,0.0,0.0,0.0
2017-05-01 00:00:00-04:00,25.546714988109958,25.627687454223633,25.498132126210287,25.627687454223633,3000,0.0,0.0,0.0
2017-05-02 00:00:00-04:00,25.62768441861041,25.894892444039673,25.62768441861041,25.886795043945312,1800,0.0,0.0,0.0
2017-05-03 00:00:00-04:00,25.91109206421495,25.91109206421495,25.749147121045034,25.81392478942871,1200,0.0,0.0,0.0
2017-05-04 00:00:00-04:00,25.805826637959225,25.805826637959225,25.37667365780818,25.449548721313477,3200,0.0,0.0,0.0
2017-05-05 00:00:00-04:00,25.27950379666404,25.48193416463854,25.27950379666404,25.457643508911133,3400,0.0,0.0,0.0
2017-05-08 00:00:00-04:00,25.34428194183861,25.457644000298842,25.319991285642338,25.368574142456055,2100,0.0,0.0,0.0
2017-05-09 00:00:00-04:00,25.56290626525879,25.68436417547038,25.56290626525879,25.56290626525879,2600,0.0,0.0,0.0
2017-05-10 00:00:00-04:00,25.56290929250031,25.71675682067871,25.55481189160447,25.71675682067871,3600,0.0,0.0,0.0
2017-05-11 00:00:00-04:00,25.854411383337393,25.93538230920405,25.668175782769815,25.757244110107422,1600,0.0,0.0,0.0
2017-05-12 00:00:00-04:00,25.684368740056083,25.92728614807129,25.684368740056083,25.92728614807129,3200,0.0,0.0,0.0
2017-05-15 00:00:00-04:00,25.822022215018507,26.081132888793945,25.822022215018507,26.081132888793945,3100,0.0,0.0,0.0
2017-05-16 00:00:00-04:00,26.016351974580754,26.154003143310547,26.00825303004235,26.154003143310547,1800,0.0,0.0,0.0
2017-05-17 00:00:00-04:00,26.008256664835393,26.008256664835393,25.76534080505371,25.76534080505371,37400,0.0,0.0,0.0
2017-05-18 00:00:00-04:00,24.696506709992548,24.915131894151944,24.67221450805664,24.67221450805664,9200,0.0,0.0,0.0
2017-05-19 00:00:00-04:00,24.923228915750567,25.295700073242188,24.923228915750567,25.295700073242188,2800,0.0,0.0,0.0
2017-05-22 00:00:00-04:00,25.319994563652553,25.319994563652553,25.085174560546875,25.085174560546875,1800,0.0,0.0,0.0
2017-05-23 00:00:00-04:00,25.23092206906608,25.263311670712547,25.182339211017585,25.19853401184082,5800,0.0,0.0,0.0
2017-05-24 00:00:00-04:00,25.400967190600877,25.498132917415266,25.38477238799135,25.473840713500977,13500,0.0,0.0,0.0
2017-05-25 00:00:00-04:00,25.52242208143985,25.538616882120465,25.400964165177616,25.425254821777344,6700,0.0,0.0,0.0
2017-05-26 00:00:00-04:00,25.611492730957497,25.63578493419278,25.571007269986698,25.587202072143555,2800,0.0,0.0,0.0
2017-05-30 00:00:00-04:00,25.57100826827012,25.587203071059214,25.514328002929688,25.514328002929688,5200,0.0,0.0,0.0
2017-05-31 00:00:00-04:00,25.5871994546247,25.5871994546247,25.384769081636247,25.490032196044922,5000,0.0,0.0,0.0
2017-06-01 00:00:00-04:00,25.57910459232396,25.72485472244431,25.57910459232396,25.627687454223633,3000,0.0,0.0,0.0
2017-06-02 00:00:00-04:00,25.749141693115234,25.78153129269005,25.708656238067825,25.749141693115234,4300,0.0,0.0,0.0
2017-06-05 00:00:00-04:00,25.57910570045179,25.797730905103506,25.57910570045179,25.781536102294922,6500,0.0,0.0,0.0
2017-06-06 00:00:00-04:00,25.77343932584695,25.81392478942871,25.749147121045034,25.81392478942871,2300,0.0,0.0,0.0
2017-06-07 00:00:00-04:00,25.83011684493033,25.85440904714815,25.700561521944525,25.80582618713379,5400,0.0,0.0,0.0
2017-06-08 00:00:00-04:00,25.765339810262482,25.846312275203847,25.765339810262482,25.838214874267578,6700,0.0,0.0,0.0
2017-06-09 00:00:00-04:00,25.757239872639307,25.797726873333303,25.700559616088867,25.700559616088867,2000,0.0,0.0,0.0
2017-06-12 00:00:00-04:00,25.473839014435622,25.579103679955168,25.473839014435622,25.554811477661133,4500,0.0,0.0,0.0
2017-06-13 00:00:00-04:00,25.72485472244431,25.72485472244431,25.465744066417617,25.627687454223633,12300,0.0,0.0,0.0
2017-06-14 00:00:00-04:00,25.611493972473177,25.8220217774536,25.611493972473177,25.757244110107422,6600,0.0,0.0,0.0
2017-06-15 00:00:00-04:00,25.465743364993976,25.635784149169922,25.465743364993976,25.635784149169922,3700,0.0,0.0,0.0
2017-06-16 00:00:00-04:00,25.635781183445594,25.773433892796348,25.635781183445594,25.749141693115234,2500,0.0,0.0,0.0
2017-06-19 00:00:00-04:00,25.822019994386327,25.878700256347656,25.79772933607222,25.878700256347656,10800,0.0,0.0,0.0
2017-06-20 00:00:00-04:00,25.77598810039167,25.77598810039167,25.34394221077792,25.441762924194336,7500,0.214,0.0,0.0
2017-06-21 00:00:00-04:00,25.637409804245582,25.637409804245582,25.335792541503906,25.335792541503906,2500,0.0,0.0,0.0
2017-06-22 00:00:00-04:00,25.449914471149405,25.71077333037578,25.449914471149405,25.661861419677734,4200,0.0,0.0,0.0
2017-06-23 00:00:00-04:00,25.816747710223012,25.841203667166326,25.694471035171013,25.833051681518555,4100,0.0,0.0,0.0
2017-06-26 00:00:00-04:00,26.012388489478518,26.012388489478518,25.97163011953757,25.979782104492188,2900,0.0,0.0,0.0
2017-06-27 00:00:00-04:00,25.82489960615034,25.963480252016424,25.751533290407572,25.800443649291992,4800,0.0,0.0,0.0
2017-06-28 00:00:00-04:00,26.044997974757006,26.102060317993164,26.044997974757006,26.102060317993164,1900,0.0,0.0,0.0
2017-06-29 00:00:00-04:00,25.922718523093618,26.004236818792837,25.79228987190773,25.841201782226562,1600,0.0,0.0,0.0
2017-06-30 00:00:00-04:00,26.077602173771577,26.15097003656111,26.077602173771577,26.12651252746582,1300,0.0,0.0,0.0
2017-07-03 00:00:00-04:00,26.085758099489585,26.17542839050293,26.085758099489585,26.17542839050293,1100,0.0,0.0,0.0
2017-07-05 00:00:00-04:00,25.930869884707715,26.175424765925705,25.930869884707715,26.118362426757812,20900,0.0,0.0,0.0
2017-07-06 00:00:00-04:00,26.175428478500052,26.175428478500052,26.069454215158498,26.077606201171875,2000,0.0,0.0,0.0
2017-07-07 00:00:00-04:00,26.167272567749023,26.167272567749023,26.1509717068633,26.167272567749023,1500,0.0,0.0,0.0
2017-07-10 00:00:00-04:00,26.419981002807617,26.419981002807617,26.419981002807617,26.419981002807617,1700,0.0,0.0,0.0
2017-07-11 00:00:00-04:00,26.525955289368444,26.66453438284862,26.517801748772783,26.558563232421875,2300,0.0,0.0,0.0
2017-07-12 00:00:00-04:00,26.949847878599098,27.096580505371094,26.8764815652131,27.096580505371094,8900,0.0,0.0,0.0
2017-07-13 00:00:00-04:00,27.11288292536046,27.24331158891669,27.11288292536046,27.22701072692871,8200,0.0,0.0,0.0
2017-07-14 00:00:00-04:00,27.36558884220991,27.51232147216797,27.36558884220991,27.51232147216797,2900,0.0,0.0,0.0
2017-07-17 00:00:00-04:00,27.4308030688033,27.4308030688033,27.27591690783839,27.34928321838379,31800,0.0,0.0,0.0
2017-07-18 00:00:00-04:00,27.349286877879944,27.422653198242188,27.2351621816864,27.422653198242188,5100,0.0,0.0,0.0
2017-07-19 00:00:00-04:00,27.577537220750788,27.585687651413014,27.4552589931659,27.463409423828125,11500,0.0,0.0,0.0
2017-07-20 00:00:00-04:00,27.60199135594507,27.74872398376465,27.60199135594507,27.74872398376465,5700,0.0,0.0,0.0
2017-07-21 00:00:00-04:00,27.78948771232754,27.78948771232754,27.740575790405273,27.740575790405273,900,0.0,0.0,0.0
2017-07-24 00:00:00-04:00,27.84654273842371,27.84654273842371,27.699810120935528,27.732418060302734,14100,0.0,0.0,0.0
2017-07-25 00:00:00-04:00,27.6753580278573,27.6753580278573,27.496017456054688,27.496017456054688,3000,0.0,0.0,0.0
2017-07-26 00:00:00-04:00,27.504169464111328,27.520470324581137,27.308524932165888,27.504169464111328,3400,0.0,0.0,0.0
2017-07-27 00:00:00-04:00,27.650898975989982,27.66720294612413,27.43080315333983,27.504169464111328,3400,0.0,0.0,0.0
2017-07-28 00:00:00-04:00,27.39819507542082,27.455257415771484,27.324828765017923,27.455257415771484,2000,0.0,0.0,0.0
2017-07-31 00:00:00-04:00,27.44710350036621,27.44710350036621,27.357436330802276,27.44710350036621,2100,0.0,0.0,0.0
2017-08-01 00:00:00-04:00,27.54492769622662,27.54492769622662,27.430803015525292,27.455257415771484,3100,0.0,0.0,0.0
2017-08-02 00:00:00-04:00,27.528625457997023,27.528625457997023,27.390043258666992,27.390043258666992,1300,0.0,0.0,0.0
2017-08-03 00:00:00-04:00,27.332980914726544,27.455259142978658,27.332980914726544,27.390043258666992,4000,0.0,0.0,0.0
2017-08-04 00:00:00-04:00,27.504170906132757,27.504170906132757,27.40634708019904,27.463409423828125,4000,0.0,0.0,0.0
2017-08-07 00:00:00-04:00,27.51232148691911,27.51232148691911,27.390043258666992,27.390043258666992,700,0.0,0.0,0.0
2017-08-08 00:00:00-04:00,27.471565246582028,27.544931567295574,27.471565246582028,27.47156524658203,700,0.0,0.0,0.0
2017-08-09 00:00:00-04:00,27.20255165052296,27.20255165052296,27.047668593225612,27.096580505371094,5200,0.0,0.0,0.0
2017-08-10 00:00:00-04:00,26.909086946979517,26.909086946979517,26.67268714093899,26.78681182861328,1700,0.0,0.0,0.0
2017-08-11 00:00:00-04:00,26.574861802445064,26.74605193387969,26.574861802445064,26.672685623168945,2500,0.0,0.0,0.0
2017-08-14 00:00:00-04:00,26.86832984862668,26.941696166992188,26.794963530261175,26.941696166992188,1600,0.0,0.0,0.0
2017-08-15 00:00:00-04:00,26.83571690526267,26.892782350839322,26.713441803877487,26.819416046142578,3300,0.0,0.0,0.0
2017-08-16 00:00:00-04:00,27.063974094690785,27.104732468951774,27.023215720429796,27.088428497314453,2900,0.0,0.0,0.0
2017-08-17 00:00:00-04:00,26.87648363093754,26.900938034057617,26.819421283880896,26.900938034057617,1300,0.0,0.0,0.0
2017-08-18 00:00:00-04:00,26.900935966453616,27.10473093589645,26.900935966453616,27.096580505371094,2100,0.0,0.0,0.0
2017-08-21 00:00:00-04:00,27.006910668102485,27.006910668102485,26.876482009887695,26.876482009887695,10900,0.0,0.0,0.0
2017-08-22 00:00:00-04:00,27.09658017565292,27.11288103650528,27.06397223461938,27.1047306060791,15300,0.0,0.0,0.0
2017-08-23 00:00:00-04:00,27.145486409465494,27.24330711364746,27.039512165964293,27.24330711364746,7000,0.0,0.0,0.0
2017-08-24 00:00:00-04:00,27.300372936650792,27.308523366418385,27.235157059853382,27.251461029052734,2900,0.0,0.0,0.0
2017-08-25 00:00:00-04:00,27.243305302744194,27.33297557131053,27.210700476626908,27.27591323852539,21600,0.0,0.0,0.0
2017-08-28 00:00:00-04:00,27.235157484674428,27.251461454128094,27.153640747070312,27.153640747070312,9800,0.0,0.0,0.0
2017-08-29 00:00:00-04:00,27.08842828293669,27.26776885986328,27.047669908998262,27.26776885986328,10800,0.0,0.0,0.0
2017-08-30 00:00:00-04:00,27.22700630141978,27.25961112976074,27.153639995740406,27.259611129760742,3300,0.0,0.0,0.0
2017-08-31 00:00:00-04:00,27.463409558960443,27.57753735644467,27.455259128258113,27.51232147216797,2900,0.0,0.0,0.0
2017-09-01 00:00:00-04:00,27.78947858327581,27.78947858327581,27.732416247944435,27.765024185180664,2600,0.0,0.0,0.0
2017-09-05 00:00:00-04:00,27.520466537556548,27.520466537556548,27.227004444517508,27.27591323852539,3000,0.0,0.0,0.0
2017-09-06 00:00:00-04:00,27.430803015525292,27.46340784596544,27.430803015525292,27.455257415771484,1200,0.0,0.0,0.0
2017-09-07 00:00:00-04:00,27.748725693566875,27.822092011997302,27.748725693566875,27.805788040161133,1600,0.0,0.0,0.0
2017-09-08 00:00:00-04:00,27.773176193237305,27.773176193237305,27.773176193237305,27.773176193237305,1400,0.0,0.0,0.0
2017-09-11 00:00:00-04:00,27.805785509989665,27.968822103851263,27.805785509989665,27.960668563842773,27300,0.0,0.0,0.0
2017-09-12 00:00:00-04:00,27.928061191219985,27.936214731394326,27.88730281934162,27.911760330200195,3700,0.0,0.0,0.0
2017-09-13 00:00:00-04:00,27.756877899169922,27.756877899169922,27.756877899169922,27.756877899169922,400,0.0,0.0,0.0
2017-09-14 00:00:00-04:00,27.830241915930937,27.871000289916992,27.797633972876252,27.871000289916992,13100,0.0,0.0,0.0
2017-09-15 00:00:00-04:00,28.001430244776955,28.164466857910156,27.879155117175618,28.164466857910156,28400,0.0,0.0,0.0
2017-09-18 00:00:00-04:00,28.53129333212464,28.53129333212464,28.017729181440426,28.025882720947266,23100,0.0,0.0,0.0
2017-09-19 00:00:00-04:00,28.327496224464806,28.327496224464806,28.074789383271135,28.18891716003418,6000,0.0,0.0,0.0
2017-09-20 00:00:00-04:00,28.131855965633495,28.131855965633495,27.879152195937397,27.968822479248047,1700,0.0,0.0,0.0
2017-09-21 00:00:00-04:00,28.034034820589255,28.107401132199797,27.993276449619927,28.06664276123047,5600,0.0,0.0,0.0
2017-09-22 00:00:00-04:00,27.88729914628825,27.91990708336191,27.838390350341797,27.838390350341797,2500,0.0,0.0,0.0
2017-09-25 00:00:00-04:00,27.80578254442296,27.80578254442296,27.52046775817871,27.52046775817871,7000,0.0,0.0,0.0
2017-09-26 00:00:00-04:00,27.748720400228038,27.748720400228038,27.585683822631836,27.585683822631836,1400,0.0,0.0,0.0
2017-09-27 00:00:00-04:00,27.438956068276653,27.438956068276653,27.072124481201172,27.072124481201172,1800,0.0,0.0,0.0
2017-09-28 00:00:00-04:00,27.26776885986328,27.26776885986328,27.26776885986328,27.26776885986328,500,0.0,0.0,0.0
2017-09-29 00:00:00-04:00,27.49601535829101,27.577535207283915,27.422649049029534,27.553077697753906,3200,0.0,0.0,0.0
2017-10-02 00:00:00-04:00,27.487870593874238,27.536779403686523,27.487870593874238,27.536779403686523,2000,0.0,0.0,0.0
2017-10-03 00:00:00-04:00,27.66720568228196,27.879154205322266,27.66720568228196,27.879154205322266,5100,0.0,0.0,0.0
2017-10-04 00:00:00-04:00,27.781333307248754,27.854696515143097,27.74872536396374,27.81393814086914,4300,0.0,0.0,0.0
2017-10-05 00:00:00-04:00,28.082949142939768,28.082949142939768,27.862850189208984,27.862850189208984,1900,0.0,0.0,0.0
2017-10-06 00:00:00-04:00,27.716113997705122,27.781329876220912,27.66720208881828,27.699810028076172,8700,0.0,0.0,0.0
2017-10-09 00:00:00-04:00,27.610147973085798,27.610147973085798,27.52863121032715,27.52863121032715,600,0.0,0.0,0.0
2017-10-10 00:00:00-04:00,27.716114617481498,27.716114617481498,27.5449275970459,27.5449275970459,3100,0.0,0.0,0.0
2017-10-11 00:00:00-04:00,27.45525874094903,27.626445770263672,27.332980514487446,27.626445770263672,12200,0.0,0.0,0.0
2017-10-12 00:00:00-04:00,27.61014232429062,27.61014232429062,27.55307998010099,27.561233520507812,5700,0.0,0.0,0.0
2017-10-13 00:00:00-04:00,27.92805900013819,27.96882047848308,27.919908570267733,27.93621253967285,6100,0.0,0.0,0.0
2017-10-16 00:00:00-04:00,28.066646557953188,28.066646557953188,27.911763483452145,27.928064346313477,29200,0.0,0.0,0.0
2017-10-17 00:00:00-04:00,27.830238293371696,27.93621253967285,27.830238293371696,27.93621253967285,2400,0.0,0.0,0.0
2017-10-18 00:00:00-04:00,27.968820054687143,28.058487220560302,27.968820054687143,28.034032821655273,16700,0.0,0.0,0.0
2017-10-19 00:00:00-04:00,27.805785701669386,27.903606414794922,27.765027330339112,27.903606414794922,2000,0.0,0.0,0.0
2017-10-20 00:00:00-04:00,27.895458132650134,27.936216507119248,27.862850189208984,27.862850189208984,3300,0.0,0.0,0.0
2017-10-23 00:00:00-04:00,27.87100117113681,27.87100117113681,27.634601350677404,27.67535972595215,3900,0.0,0.0,0.0
2017-10-24 00:00:00-04:00,27.683506485832723,27.683506485832723,27.577535346104916,27.60198974609375,13300,0.0,0.0,0.0
2017-10-25 00:00:00-04:00,27.797635095546276,27.797635095546276,27.455261008638335,27.634601593017578,1800,0.0,0.0,0.0
2017-10-26 00:00:00-04:00,27.716116885587333,27.716116885587333,27.414501190185547,27.414501190185547,1800,0.0,0.0,0.0
2017-10-27 00:00:00-04:00,27.683509806222204,27.805788040161133,27.683509806222204,27.805788040161133,6000,0.0,0.0,0.0
2017-10-30 00:00:00-04:00,27.553078218761218,27.610140559303115,27.463407938005563,27.487865447998047,2400,0.0,0.0,0.0
2017-10-31 00:00:00-04:00,27.5856876233695,27.76502819440115,27.5856876233695,27.707965850830078,12800,0.0,0.0,0.0
2017-11-01 00:00:00-04:00,27.650898890775157,27.650898890775157,27.34928321838379,27.34928321838379,12900,0.0,0.0,0.0
2017-11-02 00:00:00-04:00,27.39004310921009,27.463409423828125,27.39004310921009,27.463409423828125,2800,0.0,0.0,0.0
2017-11-03 00:00:00-04:00,27.46340785305775,27.46340785305775,27.088425870752463,27.332979202270508,23200,0.0,0.0,0.0
2017-11-06 00:00:00-05:00,27.4389510247741,27.528621297317603,27.300371956053443,27.52046775817871,2600,0.0,0.0,0.0
2017-11-07 00:00:00-05:00,27.438957684078357,27.5204744372667,27.21885871887207,27.21885871887207,4200,0.0,0.0,0.0
2017-11-08 00:00:00-05:00,27.40634545960847,27.447103829838476,27.33297914932873,27.438953399658203,10900,0.0,0.0,0.0
2017-11-09 00:00:00-05:00,27.381891543441405,27.381891543441405,27.137338208074,27.235158920288086,2700,0.0,0.0,0.0
2017-11-10 00:00:00-05:00,27.14549163897845,27.14549163897845,26.835722388117784,26.860179901123047,4400,0.0,0.0,0.0
2017-11-13 00:00:00-05:00,26.69713997745479,26.69713997745479,26.607469696778114,26.656381607055664,5100,0.0,0.0,0.0
2017-11-14 00:00:00-05:00,26.664534220836366,26.664534220836366,26.371068954467773,26.371068954467773,4200,0.0,0.0,0.0
2017-11-15 00:00:00-05:00,26.338462591155416,26.379220962524414,26.281400249305932,26.379220962524414,1300,0.0,0.0,0.0
2017-11-16 00:00:00-05:00,26.558563232421875,26.558563232421875,26.558563232421875,26.558563232421875,900,0.0,0.0,0.0
2017-11-17 00:00:00-05:00,26.4118299419517,26.57486343383789,26.4118299419517,26.57486343383789,6800,0.0,0.0,0.0
2017-11-20 00:00:00-05:00,26.39552806352977,26.517803192138672,26.3547696873268,26.517803192138672,3900,0.0,0.0,0.0
2017-11-21 00:00:00-05:00,26.5911670613355,26.794962033224234,26.5911670613355,26.705291748046875,3100,0.0,0.0,0.0
2017-11-22 00:00:00-05:00,26.82756777149512,26.91723804930718,26.778655862780113,26.852022171020508,2600,0.0,0.0,0.0
2017-11-24 00:00:00-05:00,26.811267984777242,26.860179901123047,26.811267984777242,26.860179901123047,600,0.0,0.0,0.0
2017-11-27 00:00:00-05:00,26.819416043679638,26.819416043679638,26.680833863858922,26.6971378326416,2200,0.0,0.0,0.0
2017-11-28 00:00:00-05:00,26.876481919521318,26.89278589045141,26.762357232675157,26.843873977661133,2400,0.0,0.0,0.0
2017-11-29 00:00:00-05:00,26.794956815554276,26.794956815554276,26.713440086537993,26.762351989746094,8000,0.0,0.0,0.0
2017-11-30 00:00:00-05:00,26.558564634213177,26.56671506557442,26.477044772276887,26.50149917602539,8400,0.0,0.0,0.0
2017-12-01 00:00:00-05:00,26.525955093566996,26.615625381469727,26.525955093566996,26.615625381469727,2700,0.0,0.0,0.0
2017-12-04 00:00:00-05:00,26.909090532684925,26.909090532684925,26.79496582980322,26.827573776245117,2400,0.0,0.0,0.0
2017-12-05 00:00:00-05:00,26.998756750876435,26.998756750876435,26.81126575166407,26.868328094482422,2200,0.0,0.0,0.0
2017-12-06 00:00:00-05:00,26.72159443148708,26.72159443148708,26.517799469417373,26.55040740966797,1500,0.0,0.0,0.0
2017-12-07 00:00:00-05:00,26.371068803456883,26.52595497630036,26.102061050602504,26.444435119628906,2500,0.0,0.0,0.0
2017-12-08 00:00:00-05:00,26.40367712033809,26.45258903503418,26.37922271782235,26.45258903503418,1600,0.0,0.0,0.0
2017-12-11 00:00:00-05:00,26.338462116490163,26.52595310914018,26.338462116490163,26.460737228393555,2600,0.0,0.0,0.0
2017-12-12 00:00:00-05:00,26.248793666472167,26.566713333129883,26.248793666472167,26.566713333129883,2800,0.0,0.0,0.0
2017-12-13 00:00:00-05:00,26.721596184054523,26.835720872752265,26.58301709339713,26.74605369567871,4400,0.0,0.0,0.0
2017-12-14 00:00:00-05:00,26.640077690524933,26.648228120755412,26.54225697943749,26.55040740966797,4200,0.0,0.0,0.0
2017-12-15 00:00:00-05:00,26.574863523711127,26.84387438362926,26.574863523711127,26.607471466064453,32700,0.0,0.0,0.0
2017-12-18 00:00:00-05:00,26.70529011788434,27.129184006697017,26.70529011788434,26.80311393737793,6300,0.0,0.0,0.0
2017-12-19 00:00:00-05:00,26.8520230288372,26.8520230288372,26.62377366687063,26.656381607055664,8100,0.0,0.0,0.0
2017-12-20 00:00:00-05:00,26.876482024005536,26.876482024005536,26.623775138103415,26.75420379638672,104100,0.0,0.0,0.0
2017-12-21 00:00:00-05:00,26.84065438956825,26.873904644089595,26.624530906098308,26.832340240478516,2700,0.634,0.0,0.0
2017-12-22 00:00:00-05:00,26.81571275253568,26.81571275253568,26.740901271907973,26.757526397705078,1200,0.0,0.0,0.0
2017-12-26 00:00:00-05:00,26.898837507547675,27.13158291930793,26.898837507547675,27.123271942138672,4800,0.0,0.0,0.0
2017-12-27 00:00:00-05:00,27.131584843232712,27.18977120029882,27.073398486166603,27.114959716796875,4600,0.0,0.0,0.0
2017-12-28 00:00:00-05:00,27.297837016193288,27.297837016193288,27.023527145385742,27.023527145385742,4700,0.0,0.0,0.0
2017-12-29 00:00:00-05:00,27.28952644270164,27.439146263370077,27.28121229265835,27.35602378845215,3300,0.0,0.0,0.0
2018-01-02 00:00:00-05:00,27.655271719221698,27.82151985168457,27.4807126070494,27.82151985168457,2800,0.0,0.0,0.0
2018-01-03 00:00:00-05:00,27.82151985168457,27.82151985168457,27.82151985168457,27.82151985168457,0,0.0,0.0,0.0
2018-01-04 00:00:00-05:00,28.170632068635346,28.18725719542826,28.162321090698242,28.162321090698242,2400,0.0,0.0,0.0
2018-01-05 00:00:00-05:00,28.1789493560791,28.187260334941886,28.087512733993165,28.1789493560791,10300,0.0,0.0,0.0
2018-01-08 00:00:00-05:00,28.12907061231559,28.25375747680664,28.12907061231559,28.25375747680664,2400,0.0,0.0,0.0
2018-01-09 00:00:00-05:00,28.178948019483133,28.178948019483133,27.954513549804688,27.954513549804688,4000,0.0,0.0,0.0
2018-01-10 00:00:00-05:00,27.904635151084097,27.93788540320346,27.888010025024414,27.888010025024414,3400,0.0,0.0,0.0
2018-01-11 00:00:00-05:00,27.62201699908558,27.87138757206036,27.62201699908558,27.8381404876709,7000,0.0,0.0,0.0
2018-01-12 00:00:00-05:00,27.85475889575521,28.10413260787906,27.85475889575521,27.987756729125977,2200,0.0,0.0,0.0
2018-01-16 00:00:00-05:00,28.154009534131614,28.154009534131614,27.89632797241211,27.89632797241211,4100,0.0,0.0,0.0
2018-01-17 00:00:00-05:00,28.045946825074672,28.378439829813065,28.045946825074672,28.2786922454834,5100,0.0,0.0,0.0
2018-01-18 00:00:00-05:00,28.170633869044977,28.20388412475586,28.170633869044977,28.20388412475586,700,0.0,0.0,0.0
2018-01-19 00:00:00-05:00,28.22882124363258,28.303632736206055,28.22882124363258,28.303632736206055,4300,0.0,0.0,0.0
2018-01-22 00:00:00-05:00,28.27037943254801,28.295318707997428,28.25375747680664,28.25375747680664,3400,0.0,0.0,0.0
2018-01-23 00:00:00-05:00,28.237137973877033,28.3535107127556,28.17895160443775,28.287010192871094,6700,0.0,0.0,0.0
2018-01-24 00:00:00-05:00,28.61950356572376,28.90212440490723,28.61950356572376,28.902124404907227,5900,0.0,0.0,0.0
2018-01-25 00:00:00-05:00,29.101613983101785,29.326048415372707,29.101613983101785,29.109928131103516,2300,0.0,0.0,0.0
2018-01-26 00:00:00-05:00,29.251244492560538,29.251244492560538,29.01018804386616,29.15149688720703,4500,0.0,0.0,0.0
2018-01-29 00:00:00-05:00,28.843930158262108,28.843930158262108,28.68599306807984,28.744182586669922,4200,0.0,0.0,0.0
2018-01-30 00:00:00-05:00,28.444942490702005,28.444942490702005,28.22881900885768,28.436628341674805,24500,0.0,0.0,0.0
2018-01-31 00:00:00-05:00,28.62781468654363,28.62781468654363,28.30363261047171,28.35350799560547,4400,0.0,0.0,0.0
2018-02-01 00:00:00-05:00,28.403375052164286,28.69430998956966,28.37843894958496,28.37843894958496,17500,0.0,0.0,0.0
2018-02-02 00:00:00-05:00,28.27869324537643,28.27869324537643,27.87138557434082,27.87138557434082,11700,0.0,0.0,0.0
2018-02-05 00:00:00-05:00,28.012697626347027,28.129070340925946,27.07339859008789,27.07339859008789,4200,0.0,0.0,0.0
2018-02-06 00:00:00-05:00,27.23133584858975,28.154009870607478,27.23133584858975,28.0127010345459,18300,0.0,0.0,0.0
2018-02-07 00:00:00-05:00,27.580456011374828,27.954513459632317,27.4890193939209,27.4890193939209,4500,0.0,0.0,0.0
2018-02-08 00:00:00-05:00,27.489016866943555,27.489016866943555,26.574655532836914,26.574655532836914,5000,0.0,0.0,0.0
2018-02-09 00:00:00-05:00,26.6910308470242,26.940401408788855,26.258787060203392,26.807403564453125,12200,0.0,0.0,0.0
2018-02-12 00:00:00-05:00,26.93209200613897,27.06508985825417,26.80740513250394,26.94040298461914,5300,0.0,0.0,0.0
2018-02-13 00:00:00-05:00,27.05677535317644,27.081714630126953,26.898841396777946,27.081714630126953,2300,0.0,0.0,0.0
2018-02-14 00:00:00-05:00,27.015212562105415,27.33108362761188,27.006901584213605,27.19808578491211,2500,0.0,0.0,0.0
2018-02-15 00:00:00-05:00,27.497333543281567,27.746704118480256,27.447458159874266,27.4890193939209,5800,0.0,0.0,0.0
2018-02-16 00:00:00-05:00,27.52226586430466,27.863073010085035,27.52226586430466,27.738386154174805,22300,0.0,0.0,0.0
2018-02-20 00:00:00-05:00,27.397578857972736,27.605388169403206,27.397578857972736,27.538890838623047,1100,0.0,0.0,0.0
2018-02-21 00:00:00-05:00,27.62201329482786,27.888008959785385,27.538890838623047,27.538890838623047,7900,0.0,0.0,0.0
2018-02-22 00:00:00-05:00,27.638644273618485,27.638644273618485,27.43914589719096,27.49733543395996,1800,0.0,0.0,0.0
2018-02-23 00:00:00-05:00,27.746704455356447,27.85476303100586,27.705143220805216,27.85476303100586,800,0.0,0.0,0.0
2018-02-26 00:00:00-05:00,27.688514034588657,27.74670038861599,27.572138155615512,27.70513916015625,4400,0.0,0.0,0.0
2018-02-27 00:00:00-05:00,27.696827253288383,27.721763358198494,27.289522742135787,27.3144588470459,2200,0.0,0.0,0.0
2018-02-28 00:00:00-05:00,27.05677514006086,27.198087138604453,27.05677514006086,27.164836883544922,5500,0.0,0.0,0.0
2018-03-01 00:00:00-05:00,27.198088824112816,27.256275188613476,27.00690460205078,27.00690460205078,2600,0.0,0.0,0.0
2018-03-02 00:00:00-05:00,26.674406393403256,26.807404241095973,26.47490962186418,26.79077911376953,2100,0.0,0.0,0.0
2018-03-05 00:00:00-05:00,26.649465870932595,27.05677032470703,26.474905233855836,27.05677032470703,10900,0.0,0.0,0.0
2018-03-06 00:00:00-05:00,26.873903067446182,26.998586758208063,26.873903067446182,26.9570255279541,2300,0.0,0.0,0.0
2018-03-07 00:00:00-05:00,26.691028696721087,26.715964799613012,26.60790306888388,26.64946746826172,2400,0.0,0.0,0.0
2018-03-08 00:00:00-05:00,26.732591056950568,26.732591056950568,26.61621834397011,26.70765495300293,1300,0.0,0.0,0.0
2018-03-09 00:00:00-05:00,27.09833864006788,27.09833864006788,26.981965908544357,27.023527145385742,4000,0.0,0.0,0.0
2018-03-12 00:00:00-04:00,27.006901479395506,27.106649068303525,26.965337077341708,26.981962203979492,5200,0.0,0.0,0.0
2018-03-13 00:00:00-04:00,26.973649489530644,26.973649489530644,26.64115332001876,26.64946746826172,10700,0.0,0.0,0.0
2018-03-14 00:00:00-04:00,26.9819608395882,26.9819608395882,26.757526397705078,26.757526397705078,6100,0.0,0.0,0.0
2018-03-15 00:00:00-04:00,26.857282789518294,26.857282789518294,26.508161416339647,26.55803680419922,4100,0.0,0.0,0.0
2018-03-16 00:00:00-04:00,26.499844061316036,26.6993408203125,26.499844061316036,26.6993408203125,3200,0.0,0.0,0.0
2018-03-19 00:00:00-04:00,26.632842358241952,26.67440358672558,26.533093190238308,26.64115333557129,2900,0.0,0.0,0.0
2018-03-20 00:00:00-04:00,27.040150008670928,27.322770834798924,26.79909358682084,26.91546630859375,2200,0.0,0.0,0.0
2018-03-21 00:00:00-04:00,26.82402969265251,26.91546630859375,26.82402969265251,26.91546630859375,600,0.0,0.0,0.0
2018-03-22 00:00:00-04:00,26.682717361164702,26.682717361164702,26.408410687682807,26.416723251342773,1900,0.0,0.0,0.0
2018-03-23 00:00:00-04:00,26.541408309032366,26.64115590118272,26.125789642333984,26.125789642333984,1600,0.0,0.0,0.0
2018-03-26 00:00:00-04:00,26.591281880193964,26.724281311035156,26.258787266739432,26.724281311035156,3200,0.0,0.0,0.0
2018-03-27 00:00:00-04:00,26.483225307869454,26.60790902113961,26.483225307869454,26.55803680419922,2000,0.0,0.0,0.0
2018-03-28 00:00:00-04:00,26.39178534446909,26.42503559883696,26.350224111968643,26.375160217285156,1700,0.0,0.0,0.0
2018-03-29 00:00:00-04:00,26.474906304042083,26.86558723449707,26.41671995115083,26.86558723449707,12700,0.0,0.0,0.0
2018-04-02 00:00:00-04:00,26.56634385537278,26.599594109029557,26.23384924610178,26.47490882873535,1900,0.0,0.0,0.0
2018-04-03 00:00:00-04:00,26.873905212430152,26.873905212430152,26.607906341552734,26.607906341552734,2900,0.0,0.0,0.0
2018-04-04 00:00:00-04:00,26.192286289257513,27.065086364746094,26.192286289257513,27.065086364746094,4800,0.0,0.0,0.0
2018-04-05 00:00:00-04:00,27.123273865474115,27.181460222540224,26.873903310773837,27.114959716796875,4400,0.0,0.0,0.0
2018-04-06 00:00:00-04:00,26.691030266009133,26.691030266009133,26.400096893310547,26.400096893310547,6200,0.0,0.0,0.0
2018-04-09 00:00:00-04:00,26.541407524438362,26.566343629009115,26.30866050720215,26.30866050720215,800,0.0,0.0,0.0
2018-04-10 00:00:00-04:00,26.54972301042542,26.54972301042542,26.34191366034326,26.541410446166992,2500,0.0,0.0,0.0
2018-04-11 00:00:00-04:00,26.749217987060547,26.749217987060547,26.749217987060547,26.749217987060547,300,0.0,0.0,0.0
2018-04-12 00:00:00-04:00,26.832341240270758,26.832341240270758,26.674407281787833,26.69103240966797,4500,0.0,0.0,0.0
2018-04-13 00:00:00-04:00,26.69102869562822,26.69102869562822,26.516468048095703,26.516468048095703,7700,0.0,0.0,0.0
2018-04-16 00:00:00-04:00,26.54971873979886,26.54971873979886,26.416720903976262,26.466594696044922,1700,0.0,0.0,0.0
2018-04-17 00:00:00-04:00,26.458282797045676,26.458282797045676,26.325284957885742,26.325284957885742,9100,0.0,0.0,0.0
2018-04-18 00:00:00-04:00,26.42503380405289,26.474907596757888,26.42503380405289,26.458282470703125,1800,0.0,0.0,0.0
2018-04-19 00:00:00-04:00,26.341908075217386,26.408406989725908,26.341908075217386,26.366844177246094,2000,0.0,0.0,0.0
2018-04-20 00:00:00-04:00,26.375159420185753,26.43334577811165,26.183975219726562,26.183975219726562,3000,0.0,0.0,0.0
2018-04-23 00:00:00-04:00,26.38346972178955,26.38346972178955,26.192285537719727,26.192285537719727,900,0.0,0.0,0.0
2018-04-24 00:00:00-04:00,26.41672029498279,26.41672029498279,26.059288024902344,26.059288024902344,4500,0.0,0.0,0.0
2018-04-25 00:00:00-04:00,26.134101408447897,26.134101408447897,25.86810572355122,25.93460464477539,3600,0.0,0.0,0.0
2018-04-26 00:00:00-04:00,26.150724303076267,26.325284957885742,26.100850509756118,26.325284957885742,7200,0.0,0.0,0.0
2018-04-27 00:00:00-04:00,26.37515833674626,26.624528884887695,26.37515833674626,26.624528884887695,700,0.0,0.0,0.0
2018-04-30 00:00:00-04:00,26.49153247489113,26.616217748216386,26.167348861694336,26.167348861694336,5600,0.0,0.0,0.0
2018-05-01 00:00:00-04:00,26.01772644542526,26.050976697921264,25.89304116948385,25.942914962768555,2400,0.0,0.0,0.0
2018-05-02 00:00:00-04:00,26.175660252647056,26.175660252647056,25.859790802001953,25.859790802001953,3900,0.0,0.0,0.0
2018-05-03 00:00:00-04:00,25.951227265575376,25.951227265575376,25.60210754516587,25.660295486450195,2200,0.0,0.0,0.0
2018-05-04 00:00:00-04:00,25.60210745570023,25.826541900634766,25.60210745570023,25.826541900634766,400,0.0,0.0,0.0
2018-05-07 00:00:00-04:00,25.66029357220445,25.66029357220445,25.527294158935547,25.527294158935547,1100,0.0,0.0,0.0
2018-05-08 00:00:00-04:00,25.55223588022475,25.56886100769043,25.311177873810067,25.56886100769043,3400,0.0,0.0,0.0
2018-05-09 00:00:00-04:00,25.46079610228806,25.50235891578999,25.21973812581376,25.3028621673584,2600,0.0,0.0,0.0
2018-05-10 00:00:00-04:00,25.552233752381454,25.67691902707214,25.552233752381454,25.660295486450195,3900,0.0,0.0,0.0
2018-05-11 00:00:00-04:00,25.893042961241303,25.893042961241303,25.735107421875,25.735107421875,4100,0.0,0.0,0.0
2018-05-14 00:00:00-04:00,25.884727478027344,25.884727478027344,25.884727478027344,25.884727478027344,2900,0.0,0.0,0.0
2018-05-15 00:00:00-04:00,25.651984720178596,25.651984720178596,25.577173233032227,25.577173233032227,600,0.0,0.0,0.0
2018-05-16 00:00:00-04:00,25.79329367489127,25.818229778892892,25.726794755121436,25.776668548583984,4000,0.0,0.0,0.0
2018-05-17 00:00:00-04:00,25.51898765563965,25.627047815131604,25.47742483625086,25.51898765563965,4700,0.0,0.0,0.0
2018-05-18 00:00:00-04:00,25.244678497314453,25.244678497314453,25.244678497314453,25.244678497314453,200,0.0,0.0,0.0
2018-05-21 00:00:00-04:00,25.81822922117559,25.926290954379322,25.743417739868164,25.743417739868164,5700,0.0,0.0,0.0
2018-05-22 00:00:00-04:00,25.793295922224534,25.826544592276708,25.751733102835008,25.76835823059082,5100,0.0,0.0,0.0
2018-05-23 00:00:00-04:00,25.54392008114333,25.784979642485247,25.54392008114333,25.72679328918457,10200,0.0,0.0,0.0
2018-05-24 00:00:00-04:00,25.55223645034402,25.55223645034402,25.31948941700972,25.34442710876465,6000,0.0,0.0,0.0
2018-05-25 00:00:00-04:00,25.385987017289374,25.494047164916992,25.327799076533747,25.494047164916992,1600,0.0,0.0,0.0
2018-05-29 00:00:00-04:00,25.095056317610005,25.136617551385292,24.704373744100785,24.804122924804688,7200,0.0,0.0,0.0
2018-05-30 00:00:00-04:00,24.970369338989258,24.970369338989258,24.970369338989258,24.970369338989258,400,0.0,0.0,0.0
2018-05-31 00:00:00-04:00,25.128304192598193,25.319488398651448,25.003618909757346,25.244678497314453,3500,0.0,0.0,0.0
2018-06-01 00:00:00-04:00,25.327800300148375,25.435862038455852,25.252988815307617,25.252988815307617,1200,0.0,0.0,0.0
2018-06-04 00:00:00-04:00,25.39430033782251,25.477424389683648,25.311177871420796,25.444175720214844,1700,0.0,0.0,0.0
2018-06-05 00:00:00-04:00,25.23636718165655,25.25299072418714,25.128305435180664,25.128305435180664,1100,0.0,0.0,0.0
2018-06-06 00:00:00-04:00,25.219740018393058,25.219740018393058,25.178178787231445,25.178178787231445,900,0.0,0.0,0.0
2018-06-07 00:00:00-04:00,25.178176396373633,25.178176396373633,24.845680236816406,24.845680236816406,1400,0.0,0.0,0.0
2018-06-08 00:00:00-04:00,24.878933185960836,24.945432107994616,24.86230805908755,24.912181854248047,2300,0.0,0.0,0.0
2018-06-11 00:00:00-04:00,25.095054185131474,25.169865667937355,25.095054185131474,25.144927978515625,11400,0.0,0.0,0.0
2018-06-12 00:00:00-04:00,25.078431067735934,25.169867684147416,24.98699445132445,25.103368759155273,6100,0.0,0.0,0.0
2018-06-13 00:00:00-04:00,25.12830160299921,25.12830160299921,25.003616333007812,25.003616333007812,1500,0.0,0.0,0.0
2018-06-14 00:00:00-04:00,25.028556833209723,25.028556833209723,24.770872116088867,24.770872116088867,4000,0.0,0.0,0.0
2018-06-15 00:00:00-04:00,24.571370954024665,24.571370954024665,24.338625554935454,24.48824691772461,5300,0.0,0.0,0.0
2018-06-18 00:00:00-04:00,24.396817948128383,24.396817948128383,24.288756198532223,24.355255126953125,5100,0.0,0.0,0.0
2018-06-19 00:00:00-04:00,23.942879215126517,24.23743003996432,23.707236950074666,24.203767776489258,15000,0.36,0.0,0.0
2018-06-20 00:00:00-04:00,24.17010457390463,24.17010457390463,24.052284240722656,24.052284240722656,2100,0.0,0.0,0.0
2018-06-21 00:00:00-04:00,23.89238232699444,23.89238232699444,23.59783151553458,23.639909744262695,4800,0.0,0.0,0.0
2018-06-22 00:00:00-04:00,24.060699340870357,24.14485740661621,23.94287901193512,24.14485740661621,1300,0.0,0.0,0.0
2018-06-25 00:00:00-04:00,23.86713581964453,23.86713581964453,23.681987762451172,23.681987762451172,1800,0.0,0.0,0.0
2018-06-26 00:00:00-04:00,23.79981319321957,23.79981319321957,23.631497044673356,23.707239151000977,3900,0.0,0.0,0.0
2018-06-27 00:00:00-04:00,23.60624789247447,23.60624789247447,23.084470748901367,23.084470748901367,2700,0.0,0.0,0.0
2018-06-28 00:00:00-04:00,23.27803242620703,23.27803242620703,23.143380160957804,23.19387435913086,4200,0.0,0.0,0.0
2018-06-29 00:00:00-04:00,23.58099999875273,23.656742095947266,23.530504197168668,23.656742095947266,3100,0.0,0.0,0.0
2018-07-02 00:00:00-04:00,23.35377460723956,23.555753005815514,23.336942672729492,23.336942672729492,16500,0.0,0.0,0.0
2018-07-03 00:00:00-04:00,23.62308142425161,23.665161264598083,23.581003189086914,23.581003189086914,7500,0.0,0.0,0.0
2018-07-05 00:00:00-04:00,23.665160098589553,23.665160098589553,23.48001202055107,23.572586059570312,1500,0.0,0.0,0.0
2018-07-06 00:00:00-04:00,23.681992335091955,23.959712869324182,23.681992335091955,23.942882537841797,7700,0.0,0.0,0.0
2018-07-09 00:00:00-04:00,24.14485902525627,24.14485902525627,24.027037083240806,24.043869018554688,3900,0.0,0.0,0.0
2018-07-10 00:00:00-04:00,24.0017924925413,24.0017924925413,23.951296683008223,23.984960556030273,1800,0.0,0.0,0.0
2018-07-11 00:00:00-04:00,23.883968353271484,23.883968353271484,23.883968353271484,23.883968353271484,400,0.0,0.0,0.0
2018-07-12 00:00:00-04:00,23.951296465787877,24.043870510577122,23.951296465787877,24.02703857421875,9700,0.0,0.0,0.0
2018-07-13 00:00:00-04:00,24.027037914235745,24.077533721923828,23.959711775833394,24.077533721923828,1900,0.0,0.0,0.0
2018-07-16 00:00:00-04:00,24.077533721923828,24.077533721923828,24.077533721923828,24.077533721923828,0,0.0,0.0,0.0
2018-07-17 00:00:00-04:00,24.035452797437205,24.21218490600586,24.035452797437205,24.21218490600586,4600,0.0,0.0,0.0
2018-07-18 00:00:00-04:00,23.95971041770839,24.01020622253418,23.95971041770839,24.01020622253418,1200,0.0,0.0,0.0
2018-07-19 00:00:00-04:00,23.892386644002116,23.900802612304688,23.799814203037464,23.900802612304688,900,0.0,0.0,0.0
2018-07-20 00:00:00-04:00,24.27109199637923,24.30475425720215,24.25426006337703,24.30475425720215,1100,0.0,0.0,0.0
2018-07-23 00:00:00-04:00,24.304757123975303,24.330005026456618,24.18693678942583,24.254262924194336,2200,0.0,0.0,0.0
2018-07-24 00:00:00-04:00,24.725547592037678,24.725547592037678,24.624559185432393,24.666637420654297,4400,0.0,0.0,0.0
2018-07-25 00:00:00-04:00,24.86019958353292,25.213660584924106,24.86019958353292,25.036930084228516,28100,0.0,0.0,0.0
2018-07-26 00:00:00-04:00,24.8602022905801,24.868616653754717,24.792874543728512,24.80129051208496,1900,0.0,0.0,0.0
2018-07-27 00:00:00-04:00,24.826533972846963,24.851781873396572,24.725543975830078,24.725543975830078,28000,0.0,0.0,0.0
2018-07-30 00:00:00-04:00,24.8097053356971,24.8097053356971,24.658221122634323,24.691884994506836,3000,0.0,0.0,0.0
2018-07-31 00:00:00-04:00,24.58248050210718,24.6750545501709,24.58248050210718,24.6750545501709,1100,0.0,0.0,0.0
2018-08-01 00:00:00-04:00,24.506741264360763,24.506741264360763,24.355257034301758,24.355257034301758,600,0.0,0.0,0.0
2018-08-02 00:00:00-04:00,24.128028388070586,24.355254711488023,24.128028388070586,24.338422775268555,1600,0.0,0.0,0.0
2018-08-03 00:00:00-04:00,24.52356612758596,24.55722999572754,24.48148789759057,24.55722999572754,2300,0.0,0.0,0.0
2018-08-06 00:00:00-04:00,24.355252928937936,24.355252928937936,24.1953527569196,24.254262924194336,2200,0.0,0.0,0.0
2018-08-07 00:00:00-04:00,24.531985093464936,24.590895264732424,24.42258071899414,24.42258071899414,2700,0.0,0.0,0.0
2018-08-08 00:00:00-04:00,24.54039764404297,24.54039764404297,24.54039764404297,24.54039764404297,600,0.0,0.0,0.0
2018-08-09 00:00:00-04:00,24.439412022833338,24.447826385498047,24.439412022833338,24.447826385498047,500,0.0,0.0,0.0
2018-08-10 00:00:00-04:00,24.128027435532545,24.128027435532545,23.917633056640625,23.917633056640625,4100,0.0,0.0,0.0
2018-08-13 00:00:00-04:00,23.65674624200895,23.65674624200895,23.55575622632296,23.631498336791992,4800,0.0,0.0,0.0
2018-08-14 00:00:00-04:00,23.909219578767786,24.0943660736084,23.909219578767786,24.0943660736084,900,0.0,0.0,0.0
2018-08-15 00:00:00-04:00,23.23595386719731,23.252784196229626,23.076053702528338,23.2191219329834,3000,0.0,0.0,0.0
2018-08-16 00:00:00-04:00,23.404270301140045,23.412686268932866,23.320112228393555,23.320112228393555,2100,0.0,0.0,0.0
2018-08-17 00:00:00-04:00,23.19387674836459,23.353776931762695,23.084472373522804,23.353776931762695,2700,0.0,0.0,0.0
2018-08-20 00:00:00-04:00,23.336943215111877,23.40426934953528,23.261201113237842,23.269617080688477,4900,0.0,0.0,0.0
2018-08-21 00:00:00-04:00,23.52209348091879,23.60624995290517,23.47159767150879,23.47159767150879,7600,0.0,0.0,0.0
2018-08-22 00:00:00-04:00,23.496843902739556,23.79981231689453,23.496843902739556,23.79981231689453,3300,0.0,0.0,0.0
2018-08-23 00:00:00-04:00,23.597834857388055,23.597834857388055,23.379024505615234,23.379024505615234,4000,0.0,0.0,0.0
2018-08-24 00:00:00-04:00,23.48842927724483,23.496845245361328,23.362192965860945,23.496845245361328,1600,0.0,0.0,0.0
2018-08-27 00:00:00-04:00,23.631499413087745,23.99337804510335,23.631499413087745,23.867141723632812,3000,0.0,0.0,0.0
2018-08-28 00:00:00-04:00,23.83347270238413,23.83347270238413,23.656742211521188,23.673572540283203,1900,0.0,0.0,0.0
2018-08-29 00:00:00-04:00,23.883967574526707,24.02703580673035,23.87555321249851,24.01862144470215,1100,0.0,0.0,0.0
2018-08-30 00:00:00-04:00,23.766151371675868,23.766151371675868,23.623083114624023,23.623083114624023,2300,0.0,0.0,0.0
2018-08-31 00:00:00-04:00,23.581004131539917,23.72407238407233,23.581004131539917,23.631498336791992,1900,0.0,0.0,0.0
2018-09-04 00:00:00-04:00,23.370606755346948,23.43793288882093,23.294864654541016,23.294864654541016,7400,0.0,0.0,0.0
2018-09-05 00:00:00-04:00,23.219122260808195,23.328526624380082,23.17704402986092,23.19387435913086,2000,0.0,0.0,0.0
2018-09-06 00:00:00-04:00,23.320111368526426,23.320111368526426,23.278033136295566,23.311697006225586,1000,0.0,0.0,0.0
2018-09-07 00:00:00-04:00,23.14338037363926,23.294864574732145,23.14338037363926,23.151796340942383,1000,0.0,0.0,0.0
2018-09-10 00:00:00-04:00,23.076051289101905,23.076051289101905,22.907735174929446,22.95823097229004,2200,0.0,0.0,0.0
2018-09-11 00:00:00-04:00,22.369129611763977,22.93298659406382,22.369129611763977,22.85724449157715,15700,0.0,0.0,0.0
2018-09-12 00:00:00-04:00,22.96665088800506,23.345359802246094,22.96665088800506,23.345359802246094,9900,0.0,0.0,0.0
2018-09-13 00:00:00-04:00,23.53050792839447,23.66516181545577,23.43793548784096,23.5136775970459,3700,0.0,0.0,0.0
2018-09-14 00:00:00-04:00,23.336944648591306,23.480012893676758,23.336944648591306,23.480012893676758,400,0.0,0.0,0.0
2018-09-17 00:00:00-04:00,23.23595394989162,23.454764279906414,23.23595394989162,23.36219024658203,1500,0.0,0.0,0.0
2018-09-18 00:00:00-04:00,23.572583494609518,23.875551876483083,23.572583494609518,23.825056076049805,1900,0.0,0.0,0.0
2018-09-19 00:00:00-04:00,23.91763106563754,23.934462999791347,23.77456283569336,23.77456283569336,4800,0.0,0.0,0.0
2018-09-20 00:00:00-04:00,23.909215304730072,23.909215304730072,23.732484810135922,23.833473205566406,2600,0.0,0.0,0.0
2018-09-21 00:00:00-04:00,23.84189224243164,23.84189224243164,23.84189224243164,23.84189224243164,200,0.0,0.0,0.0
2018-09-24 00:00:00-04:00,23.639909744262695,23.656741677826552,23.639909744262695,23.639909744262695,1200,0.0,0.0,0.0
2018-09-25 00:00:00-04:00,23.64832624454939,23.673572540283203,23.64832624454939,23.673572540283203,400,0.0,0.0,0.0
2018-09-26 00:00:00-04:00,23.75773247871651,23.79981231689453,23.749316511080906,23.79981231689453,2100,0.0,0.0,0.0
2018-09-27 00:00:00-04:00,23.825059430497475,24.069117684742576,23.825059430497475,23.934465408325195,3200,0.0,0.0,0.0
2018-09-28 00:00:00-04:00,23.95971129034632,24.018623064788706,23.900801121085657,23.917633056640625,3300,0.0,0.0,0.0
2018-10-01 00:00:00-04:00,23.99337428759225,24.03545251976541,23.99337428759225,24.01020622253418,1900,0.0,0.0,0.0
2018-10-02 00:00:00-04:00,23.766149606179546,23.850307681460947,23.421102942189393,23.808229446411133,2800,0.0,0.0,0.0
2018-10-03 00:00:00-04:00,23.05922180458756,24.111193616887917,23.05922180458756,23.690404891967773,4400,0.0,0.0,0.0
2018-10-04 00:00:00-04:00,23.656744273629002,23.656744273629002,23.387439727783203,23.387439727783203,700,0.0,0.0,0.0
2018-10-05 00:00:00-04:00,23.47159469151469,23.538920823665038,23.429516460863823,23.505258560180664,1000,0.0,0.0,0.0
2018-10-08 00:00:00-04:00,23.673572540283203,23.673572540283203,23.673572540283203,23.673572540283203,200,0.0,0.0,0.0
2018-10-09 00:00:00-04:00,23.715653414662906,23.77456358086608,23.67357357795947,23.76614761352539,2100,0.0,0.0,0.0
2018-10-10 00:00:00-04:00,23.555750030719445,23.555750030719445,22.91615104675293,22.91615104675293,2500,0.0,0.0,0.0
2018-10-11 00:00:00-04:00,23.160210453586313,23.160210453586313,22.59635353088379,22.59635353088379,800,0.0,0.0,0.0
2018-10-12 00:00:00-04:00,23.067639774767137,23.067639774767137,22.96665137091875,23.033977508544922,1400,0.0,0.0,0.0
2018-10-15 00:00:00-04:00,22.907735080560833,23.008725069684566,22.907735080560833,22.91615104675293,1100,0.0,0.0,0.0
2018-10-16 00:00:00-04:00,23.32011189922401,23.353775769920123,23.32011189922401,23.345359802246094,1100,0.0,0.0,0.0
2018-10-17 00:00:00-04:00,23.24437141418457,23.24437141418457,23.24437141418457,23.24437141418457,500,0.0,0.0,0.0
2018-10-18 00:00:00-04:00,23.24437141418457,23.24437141418457,23.24437141418457,23.24437141418457,0,0.0,0.0,0.0
2018-10-19 00:00:00-04:00,23.042391367477574,23.042391367477574,22.958234901170936,22.975065231323242,600,0.0,0.0,0.0
2018-10-22 00:00:00-04:00,23.379024505615234,23.379024505615234,23.379024505615234,23.379024505615234,500,0.0,0.0,0.0
2018-10-23 00:00:00-04:00,22.75625312919041,22.991893768310547,22.60476894393805,22.991893768310547,8200,0.0,0.0,0.0
2018-10-24 00:00:00-04:00,22.764669133998638,22.764669133998638,22.461702346801758,22.461702346801758,3200,0.0,0.0,0.0
2018-10-25 00:00:00-04:00,22.79833818080153,23.000316619873047,22.79833818080153,23.000316619873047,2700,0.0,0.0,0.0
2018-10-26 00:00:00-04:00,22.55427701478098,22.907739639282227,22.55427701478098,22.907739639282227,3300,0.0,0.0,0.0
2018-10-29 00:00:00-04:00,22.722594883182836,22.92457331174486,22.722594883182836,22.74784278869629,5100,0.0,0.0,0.0
2018-10-30 00:00:00-04:00,22.478530028428885,22.6131838798804,22.47011566757072,22.571104049682617,1500,0.0,0.0,0.0
2018-10-31 00:00:00-04:00,22.991893137300377,23.109713453626878,22.91615104675293,22.91615104675293,9100,0.0,0.0,0.0
2018-11-01 00:00:00-04:00,23.134965372619696,23.581002027224944,23.134965372619696,23.572586059570312,7900,0.0,0.0,0.0
2018-11-02 00:00:00-04:00,23.43793073469117,23.564167022705078,23.429514768132712,23.564167022705078,1800,0.0,0.0,0.0
2018-11-05 00:00:00-05:00,23.421098801574253,23.564167022705078,23.421098801574253,23.564167022705078,1400,0.0,0.0,0.0
2018-11-06 00:00:00-05:00,23.404271614780182,23.5136775970459,23.404271614780182,23.5136775970459,1300,0.0,0.0,0.0
2018-11-07 00:00:00-05:00,23.707240447261025,23.707240447261025,23.547340257917305,23.631498336791992,3700,0.0,0.0,0.0
2018-11-08 00:00:00-05:00,23.572583769562463,23.61466199856614,23.227537155151367,23.227537155151367,2000,0.0,0.0,0.0
2018-11-09 00:00:00-05:00,23.059223390173084,23.185459695292998,22.882492884041547,23.01714515686035,3100,0.0,0.0,0.0
2018-11-12 00:00:00-05:00,22.96665176288632,22.983482093693794,22.74784141057144,22.781503677368164,8600,0.0,0.0,0.0
2018-11-13 00:00:00-05:00,22.916158898154645,22.97506907650136,22.874080657958984,22.874080657958984,1400,0.0,0.0,0.0
2018-11-14 00:00:00-05:00,22.840410116265588,23.00872623829341,22.823579788208008,22.823579788208008,2100,0.0,0.0,0.0
2018-11-15 00:00:00-05:00,22.966649875818657,23.151796340942383,22.966649875818657,23.151796340942383,600,0.0,0.0,0.0
2018-11-16 00:00:00-05:00,23.084471311115824,23.387439727783203,23.084471311115824,23.387439727783203,3500,0.0,0.0,0.0
2018-11-19 00:00:00-05:00,23.09288534175646,23.16862743956995,22.95823308012839,23.118131637573242,1800,0.0,0.0,0.0
2018-11-20 00:00:00-05:00,22.815165515460517,22.958233748251565,22.815165515460517,22.865659713745117,3900,0.0,0.0,0.0
2018-11-21 00:00:00-05:00,23.177044786224393,23.177044786224393,23.000312679078768,23.084470748901367,1400,0.0,0.0,0.0
2018-11-23 00:00:00-05:00,23.0760555267334,23.0760555267334,23.0760555267334,23.0760555267334,200,0.0,0.0,0.0
2018-11-26 00:00:00-05:00,23.278030394980213,23.412682648479763,23.17704200744629,23.17704200744629,1200,0.0,0.0,0.0
2018-11-27 00:00:00-05:00,23.29486763951059,23.29486763951059,23.177047292129206,23.26120376586914,1700,0.0,0.0,0.0
2018-11-28 00:00:00-05:00,23.547336872612227,23.648326873779297,23.547336872612227,23.648326873779297,1900,0.0,0.0,0.0
2018-11-29 00:00:00-05:00,23.53050386900676,23.782978057861328,23.53050386900676,23.782978057861328,6900,0.0,0.0,0.0
2018-11-30 00:00:00-05:00,23.56417009191568,23.63991219562566,23.54733815660642,23.572586059570312,14200,0.0,0.0,0.0
2018-12-03 00:00:00-05:00,23.78298038162332,23.82505861461965,23.766148446352116,23.79981231689453,1700,0.0,0.0,0.0
2018-12-04 00:00:00-05:00,23.87555317251899,23.87555317251899,23.648326873779297,23.648326873779297,2600,0.0,0.0,0.0
2018-12-06 00:00:00-05:00,23.41268387050231,23.656742095947266,23.336941773307778,23.656742095947266,2300,0.0,0.0,0.0
2018-12-07 00:00:00-05:00,23.614661874421085,23.614661874421085,23.412683486938477,23.412683486938477,4700,0.0,0.0,0.0
2018-12-10 00:00:00-05:00,23.252785977547564,23.446350025472654,23.01714530122754,23.303281784057617,8500,0.0,0.0,0.0
2018-12-11 00:00:00-05:00,23.429516911916597,23.463179176049014,23.22753851157717,23.39585304260254,4700,0.0,0.0,0.0
2018-12-12 00:00:00-05:00,23.808227994231526,23.816642356582836,23.698822021484375,23.698822021484375,3200,0.0,0.0,0.0
2018-12-13 00:00:00-05:00,23.698822853539642,23.732486724853516,23.614664780436698,23.732486724853516,16000,0.0,0.0,0.0
2018-12-14 00:00:00-05:00,23.547338069280045,23.62308017270913,23.488427901097797,23.530506134033203,26300,0.0,0.0,0.0
2018-12-17 00:00:00-05:00,23.421100944588083,23.513674980020102,23.37902271312715,23.39585304260254,4000,0.0,0.0,0.0
2018-12-18 00:00:00-05:00,23.531464761234528,23.531464761234528,23.335298538208008,23.335298538208008,5900,0.369,0.0,0.0
2018-12-19 00:00:00-05:00,23.55705243670669,23.57410916684683,23.08795738220215,23.08795738220215,45200,0.0,0.0,0.0
2018-12-20 00:00:00-05:00,23.497349491584778,23.51440784944609,23.403531776896642,23.437646865844727,4000,0.0,0.0,0.0
2018-12-21 00:00:00-05:00,23.352354049682617,23.437644202522748,23.352354049682617,23.352354049682617,1700,0.0,0.0,0.0
2018-12-24 00:00:00-05:00,23.215891369188355,23.437645124586997,23.215891369188355,23.22442054748535,11200,0.0,0.0,0.0
2018-12-26 00:00:00-05:00,23.036783684577404,23.69351577758789,23.036783684577404,23.69351577758789,14100,0.0,0.0,0.0
2018-12-27 00:00:00-05:00,23.267067643686918,23.33529944682136,23.241480107471066,23.28412437438965,7900,0.0,0.0,0.0
2018-12-28 00:00:00-05:00,23.812917430544807,23.812917430544807,23.710568932391066,23.736156463623047,1200,0.0,0.0,0.0
2018-12-31 00:00:00-05:00,23.881153990010674,23.881153990010674,23.54852415143194,23.608226776123047,20200,0.0,0.0,0.0
2019-01-02 00:00:00-05:00,23.684985739477096,23.966442108154297,23.684985739477096,23.966442108154297,3100,0.0,0.0,0.0
2019-01-03 00:00:00-05:00,23.87262293715207,23.87262293715207,23.753217697143555,23.753217697143555,2300,0.0,0.0,0.0
2019-01-04 00:00:00-05:00,23.847038597466735,24.21378517150879,23.761750058477556,24.21378517150879,2200,0.0,0.0,0.0
2019-01-07 00:00:00-05:00,24.068791655537677,24.213784444953095,24.017618208324752,24.051734924316406,3300,0.0,0.0,0.0
2019-01-08 00:00:00-05:00,24.239367987852383,24.264955520629883,24.239367987852383,24.264955520629883,1300,0.0,0.0,0.0
2019-01-09 00:00:00-05:00,24.418479011044884,24.469654083251953,24.418479011044884,24.469654083251953,600,0.0,0.0,0.0
2019-01-10 00:00:00-05:00,24.529357256321894,24.844928741455078,24.529357256321894,24.844928741455078,6900,0.0,0.0,0.0
2019-01-11 00:00:00-05:00,24.844927584744827,24.930217742919922,24.844927584744827,24.930217742919922,4300,0.0,0.0,0.0
2019-01-14 00:00:00-05:00,24.827872080075636,25.024038314819336,24.827872080075636,25.024038314819336,2100,0.0,0.0,0.0
2019-01-15 00:00:00-05:00,25.041092339152783,25.041092339152783,24.90462875366211,24.90462875366211,3000,0.0,0.0,0.0
2019-01-16 00:00:00-05:00,25.109324466596213,25.203142166137695,25.109324466596213,25.203142166137695,4200,0.0,0.0,0.0
2019-01-17 00:00:00-05:00,25.288433379582656,25.399311065673828,25.288433379582656,25.399311065673828,300,0.0,0.0,0.0
2019-01-18 00:00:00-05:00,25.484599557751295,25.484599557751295,25.314020880043937,25.36519432067871,1700,0.0,0.0,0.0
2019-01-22 00:00:00-05:00,25.220203526342985,25.41636975312794,24.78522517992343,24.86198616027832,3400,0.0,0.0,0.0
2019-01-23 00:00:00-05:00,25.1434383392334,25.1434383392334,25.1434383392334,25.1434383392334,300,0.0,0.0,0.0
2019-01-24 00:00:00-05:00,25.365194838381765,25.407840728759766,25.365194838381765,25.407840728759766,3100,0.0,0.0,0.0
2019-01-25 00:00:00-05:00,25.450484530376773,25.51018714904785,25.450484530376773,25.51018714904785,2200,0.0,0.0,0.0
2019-01-28 00:00:00-05:00,25.10079840266978,25.220203649683803,25.015508243327847,25.18608856201172,2000,0.0,0.0,0.0
2019-01-29 00:00:00-05:00,25.467541853782677,25.467541853782677,25.348134994506836,25.348134994506836,1100,0.0,0.0,0.0
2019-01-30 00:00:00-05:00,25.33108047136405,25.459014892578125,25.228731958328133,25.459014892578125,32900,0.0,0.0,0.0
2019-01-31 00:00:00-05:00,25.535776138305664,25.689298096081412,25.535776138305664,25.535776138305664,1000,0.0,0.0,0.0
2019-02-01 00:00:00-05:00,25.731943116112493,25.783116561280615,25.62106704711914,25.62106704711914,1500,0.0,0.0,0.0
2019-02-04 00:00:00-05:00,25.493129030553348,25.552831649780273,25.493129030553348,25.552831649780273,900,0.0,0.0,0.0
2019-02-05 00:00:00-05:00,25.663712332473704,25.962227090225294,25.663712332473704,25.89399528503418,15000,0.0,0.0,0.0
2019-02-06 00:00:00-05:00,25.748999443638766,25.748999443638766,25.331079483032227,25.331079483032227,2000,0.0,0.0,0.0
2019-02-07 00:00:00-05:00,25.45048557982869,25.45048557982869,25.126383312572248,25.134912490844727,6700,0.0,0.0,0.0
2019-02-08 00:00:00-05:00,25.339607193924927,25.339607193924927,25.075209181828995,25.117855072021484,1500,0.0,0.0,0.0
2019-02-11 00:00:00-05:00,25.262848116014265,25.262848116014265,25.177557961489118,25.194616317749023,2600,0.0,0.0,0.0
2019-02-12 00:00:00-05:00,25.348136179104372,25.365194535051582,25.245789296969846,25.29696273803711,9300,0.0,0.0,0.0
2019-02-13 00:00:00-05:00,25.407841885158394,25.407841885158394,25.28843501343975,25.322551727294922,2300,0.0,0.0,0.0
2019-02-14 00:00:00-05:00,25.2628497914068,25.36519668220495,25.16903045252975,25.339609146118164,1800,0.0,0.0,0.0
2019-02-15 00:00:00-05:00,25.3651955072376,25.3651955072376,25.314022064208984,25.314022064208984,300,0.0,0.0,0.0
2019-02-19 00:00:00-05:00,25.2884343841523,25.63812255859375,25.2884343841523,25.63812255859375,2700,0.0,0.0,0.0
2019-02-20 00:00:00-05:00,25.902522339029648,25.987810868440693,25.85134726925371,25.96222496032715,5300,0.0,0.0,0.0
2019-02-21 00:00:00-05:00,25.66371029187553,25.66371029187553,25.373724736177266,25.459014892578125,12100,0.0,0.0,0.0
2019-02-22 00:00:00-05:00,25.714883371999292,25.902522038787247,25.714883371999292,25.851346969604492,3700,0.0,0.0,0.0
2019-02-25 00:00:00-05:00,25.86840845561994,25.936640262677386,25.834293365478516,25.834293365478516,4700,0.0,0.0,0.0
2019-02-26 00:00:00-05:00,25.800173043107463,25.85987566259274,25.731941245585098,25.842817306518555,4900,0.0,0.0,0.0
2019-02-27 00:00:00-05:00,25.638124454488768,25.638124454488768,25.52724838256836,25.52724838256836,7500,0.0,0.0,0.0
2019-02-28 00:00:00-05:00,25.296963136368138,25.331079848799764,25.12638282775879,25.12638282775879,8200,0.0,0.0,0.0
2019-03-01 00:00:00-05:00,25.211676345583285,25.211676345583285,24.921690758324697,25.04109764099121,6600,0.0,0.0,0.0
2019-03-04 00:00:00-05:00,24.998448604014012,24.998448604014012,24.947275161743164,24.947275161743164,400,0.0,0.0,0.0
2019-03-05 00:00:00-05:00,25.06668355195399,25.08374191044558,25.015510103253828,25.04109764099121,2900,0.0,0.0,0.0
2019-03-06 00:00:00-05:00,25.092268692799614,25.092268692799614,25.00697853526346,25.03256607055664,900,0.0,0.0,0.0
2019-03-07 00:00:00-05:00,24.853458553885876,24.853458553885876,24.495241165161133,24.495241165161133,700,0.0,0.0,0.0
2019-03-08 00:00:00-05:00,24.444067717278905,24.520828702489535,24.435538538169435,24.495241165161133,1600,0.0,0.0,0.0
2019-03-11 00:00:00-04:00,24.785222583212516,24.98139041621973,24.785222583212516,24.92168617248535,2700,0.0,0.0,0.0
2019-03-12 00:00:00-04:00,24.955806510266115,25.024038314819336,24.947277331350143,25.024038314819336,60600,0.0,0.0,0.0
2019-03-13 00:00:00-04:00,24.955803854673956,24.955803854673956,24.921687142640497,24.938745498657227,1400,0.0,0.0,0.0
2019-03-14 00:00:00-04:00,24.896101719472316,24.947275161743164,24.896101719472316,24.947275161743164,500,0.0,0.0,0.0
2019-03-15 00:00:00-04:00,25.015507514542925,25.211673736572266,25.015507514542925,25.211673736572266,4100,0.0,0.0,0.0
2019-03-18 00:00:00-04:00,25.15197304649033,25.245792388916016,25.15197304649033,25.245792388916016,2000,0.0,0.0,0.0
2019-03-19 00:00:00-04:00,25.24579306931946,25.27990815953716,25.151973724365234,25.151973724365234,1600,0.0,0.0,0.0
2019-03-20 00:00:00-04:00,24.989921529070863,24.989921529070863,24.844928741455078,24.844928741455078,1500,0.0,0.0,0.0
2019-03-21 00:00:00-04:00,24.84492735011546,24.92168832907069,24.810812263232272,24.8875732421875,1200,0.0,0.0,0.0
2019-03-22 00:00:00-04:00,24.375831575783803,24.452592547342014,24.264955520629883,24.264955520629883,1900,0.0,0.0,0.0
2019-03-25 00:00:00-04:00,24.28201627006936,24.341720523103703,24.264959538834106,24.273487091064453,5200,0.0,0.0,0.0
2019-03-26 00:00:00-04:00,24.546413771198367,24.546413771198367,24.2308406829834,24.2308406829834,2100,0.0,0.0,0.0
2019-03-27 00:00:00-04:00,24.060263157086368,24.171140860420874,23.957916259765625,23.957916259765625,2700,0.0,0.0,0.0
2019-03-28 00:00:00-04:00,24.188196853381186,24.188196853381186,24.094377517700195,24.094377517700195,500,0.0,0.0,0.0
2019-03-29 00:00:00-04:00,24.34171914350479,24.495239476568464,24.34171914350479,24.4270076751709,3100,0.0,0.0,0.0
2019-04-01 00:00:00-04:00,24.47818255884495,24.529356002807617,24.47818255884495,24.529356002807617,500,0.0,0.0,0.0
2019-04-02 00:00:00-04:00,24.435537851988105,24.47818374633789,24.435537851988105,24.47818374633789,1100,0.0,0.0,0.0
2019-04-03 00:00:00-04:00,24.563471277966027,24.580529635009036,24.4270076751709,24.4270076751709,1100,0.0,0.0,0.0
2019-04-04 00:00:00-04:00,24.46965431684589,24.512298583984375,24.46965431684589,24.512298583984375,700,0.0,0.0,0.0
2019-04-05 00:00:00-04:00,24.68287991765754,24.691409096789688,24.640234021996797,24.67435073852539,1100,0.0,0.0,0.0
2019-04-08 00:00:00-04:00,24.6317012145475,24.6317012145475,24.571998596191406,24.571998596191406,1000,0.0,0.0,0.0
2019-04-09 00:00:00-04:00,24.46112607549784,24.5037703442706,24.46112607549784,24.495241165161133,3000,0.0,0.0,0.0
2019-04-10 00:00:00-04:00,24.631703875961495,24.674349769948197,24.631703875961495,24.657291412353516,1500,0.0,0.0,0.0
2019-04-11 00:00:00-04:00,24.520824404438404,24.520824404438404,24.409948348999023,24.409948348999023,1200,0.0,0.0,0.0
2019-04-12 00:00:00-04:00,24.409948348999023,24.409948348999023,24.409948348999023,24.409948348999023,200,0.0,0.0,0.0
2019-04-15 00:00:00-04:00,24.418472492016466,24.418472492016466,24.299067275626726,24.35024070739746,1500,0.0,0.0,0.0
2019-04-16 00:00:00-04:00,24.35024070739746,24.35024070739746,24.35024070739746,24.35024070739746,100,0.0,0.0,0.0
2019-04-17 00:00:00-04:00,24.22231101989746,24.22231101989746,24.22231101989746,24.22231101989746,400,0.0,0.0,0.0
2019-04-18 00:00:00-04:00,24.213779970435006,24.256425857543945,24.154077355256742,24.256425857543945,9600,0.0,0.0,0.0
2019-04-22 00:00:00-04:00,24.085845736813816,24.154077529907227,24.085845736813816,24.154077529907227,4000,0.0,0.0,0.0
2019-04-23 00:00:00-04:00,24.35024410569781,24.409948348999023,24.35024410569781,24.409948348999023,600,0.0,0.0,0.0
2019-04-24 00:00:00-04:00,24.051734924316406,24.051734924316406,24.051734924316406,24.051734924316406,900,0.0,0.0,0.0
2019-04-25 00:00:00-04:00,24.017614603541872,24.162607371195453,24.017614603541872,24.060258865356445,11700,0.0,0.0,0.0
2019-04-26 00:00:00-04:00,24.12849590852307,24.12849590852307,24.051734924316406,24.051734924316406,1100,0.0,0.0,0.0
2019-04-29 00:00:00-04:00,24.03467392799444,24.07731819152832,23.992028037686183,24.07731819152832,2700,0.0,0.0,0.0
2019-04-30 00:00:00-04:00,24.111433269264197,24.154077529907227,24.111433269264197,24.154077529907227,200,0.0,0.0,0.0
2019-05-01 00:00:00-04:00,24.154077529907227,24.154077529907227,24.154077529907227,24.154077529907227,100,0.0,0.0,0.0
2019-05-02 00:00:00-04:00,24.00908851623535,24.00908851623535,24.00908851623535,24.00908851623535,200,0.0,0.0,0.0
2019-05-03 00:00:00-04:00,24.2479021418312,24.26496050051708,24.179670333862305,24.179670333862305,1500,0.0,0.0,0.0
2019-05-06 00:00:00-04:00,23.778804109163968,23.872623443603516,23.778804109163968,23.872623443603516,4000,0.0,0.0,0.0
2019-05-07 00:00:00-04:00,23.5741064619245,23.642338254979414,23.53999137878418,23.53999137878418,3200,0.0,0.0,0.0
2019-05-08 00:00:00-04:00,23.71910190425829,23.812921240344746,23.59969665962059,23.62528419494629,3600,0.0,0.0,0.0
2019-05-09 00:00:00-04:00,23.343826318225446,23.454702377319336,23.343826318225446,23.454702377319336,500,0.0,0.0,0.0
2019-05-10 00:00:00-04:00,23.454699703616118,23.454699703616118,23.369409561157227,23.369409561157227,1000,0.0,0.0,0.0
2019-05-13 00:00:00-04:00,22.960022476770284,23.07942771911621,22.951493298492085,23.07942771911621,3700,0.0,0.0,0.0
2019-05-14 00:00:00-04:00,23.18177537077672,23.352354049682617,23.18177537077672,23.352354049682617,1300,0.0,0.0,0.0
2019-05-15 00:00:00-04:00,23.181777015791422,23.198835372924805,23.181777015791422,23.198835372924805,300,0.0,0.0,0.0
2019-05-16 00:00:00-04:00,23.198834045859254,23.198834045859254,22.925905227661133,22.925905227661133,1300,0.0,0.0,0.0
2019-05-17 00:00:00-04:00,22.823557289892886,22.823557289892886,22.652976989746094,22.652976989746094,400,0.0,0.0,0.0
2019-05-20 00:00:00-04:00,22.712682300030213,22.789443281521137,22.704154748108554,22.77238655090332,2200,0.0,0.0,0.0
2019-05-21 00:00:00-04:00,22.738266126684955,23.02825164794922,22.738266126684955,23.02825164794922,2000,0.0,0.0,0.0
2019-05-22 00:00:00-04:00,23.019726504826657,23.019726504826657,22.960023880004883,22.960023880004883,1100,0.0,0.0,0.0
2019-05-23 00:00:00-04:00,22.89178918037924,23.002665237196563,22.83208656311035,22.83208656311035,4000,0.0,0.0,0.0
2019-05-24 00:00:00-04:00,22.94296337915758,22.94296337915758,22.8747315819103,22.917377471923828,1100,0.0,0.0,0.0
2019-05-28 00:00:00-04:00,23.079431077165086,23.105018615722656,23.0282576268246,23.105018615722656,2800,0.0,0.0,0.0
2019-05-29 00:00:00-04:00,23.105018615722656,23.105018615722656,23.105018615722656,23.105018615722656,400,0.0,0.0,0.0
2019-05-30 00:00:00-04:00,23.488820513646687,23.505877243698105,23.44617462158203,23.44617462158203,23900,0.0,0.0,0.0
2019-05-31 00:00:00-04:00,23.267068167555227,23.463234402636697,23.267068167555227,23.437646865844727,2500,0.0,0.0,0.0
2019-06-03 00:00:00-04:00,23.727632289454466,23.727632289454466,23.684988021850586,23.684988021850586,500,0.0,0.0,0.0
2019-06-04 00:00:00-04:00,23.684988021850586,23.684988021850586,23.684988021850586,23.684988021850586,100,0.0,0.0,0.0
2019-06-05 00:00:00-04:00,23.821453293726194,23.821453293726194,23.719104766845703,23.719104766845703,500,0.0,0.0,0.0
2019-06-06 00:00:00-04:00,23.778804779052734,23.778804779052734,23.778804779052734,23.778804779052734,1000,0.0,0.0,0.0
2019-06-07 00:00:00-04:00,24.162611975176425,24.179670333862305,24.162611975176425,24.179670333862305,1900,0.0,0.0,0.0
2019-06-10 00:00:00-04:00,24.12849590852307,24.13702346074643,24.051734924316406,24.051734924316406,1200,0.0,0.0,0.0
2019-06-11 00:00:00-04:00,24.307602429418775,24.4270076751709,24.307602429418775,24.4270076751709,1800,0.0,0.0,0.0
2019-06-12 00:00:00-04:00,24.469650902527015,24.469650902527015,24.264955520629883,24.264955520629883,1300,0.0,0.0,0.0
2019-06-13 00:00:00-04:00,24.350243831534062,24.40141889664463,24.333187103271484,24.333187103271484,2800,0.0,0.0,0.0
2019-06-14 00:00:00-04:00,24.188197308936005,24.205254039292882,24.068790435791016,24.068790435791016,1700,0.0,0.0,0.0
2019-06-17 00:00:00-04:00,24.427146911621094,24.427146911621094,24.427146911621094,24.427146911621094,100,0.414,0.0,0.0
2019-06-18 00:00:00-04:00,24.461772918701172,24.522364448258855,24.461772918701172,24.461772918701172,2500,0.0,0.0,0.0
2019-06-19 00:00:00-04:00,24.63489031638089,24.747418853171265,24.63489031638089,24.678171157836914,4800,0.0,0.0,0.0
2019-06-20 00:00:00-04:00,25.14559212718677,25.344680691448996,25.14559212718677,25.292743682861328,1800,0.0,0.0,0.0
2019-06-21 00:00:00-04:00,25.275432490944883,25.292743175798485,25.223495483398438,25.223495483398438,1100,0.0,0.0,0.0
2019-06-24 00:00:00-04:00,25.327367670371725,25.543766913982903,25.327367670371725,25.405271530151367,1200,0.0,0.0,0.0
2019-06-25 00:00:00-04:00,25.387960878771068,25.387960878771068,25.206186294555664,25.206186294555664,1300,0.0,0.0,0.0
2019-06-26 00:00:00-04:00,25.37930466364541,25.37930466364541,25.180217742919922,25.180217742919922,200,0.0,0.0,0.0
2019-06-27 00:00:00-04:00,25.223496428701075,25.249464933447523,25.01575334371534,25.11096954345703,6800,0.0,0.0,0.0
2019-06-28 00:00:00-04:00,25.275434687484864,25.275434687484864,25.05037925487766,25.093658447265625,700,0.0,0.0,0.0
2019-07-01 00:00:00-04:00,25.49183464050293,25.49183464050293,25.49183464050293,25.49183464050293,100,0.0,0.0,0.0
2019-07-02 00:00:00-04:00,25.14558658778591,25.37929812195961,25.14558658778591,25.240802764892578,1900,0.0,0.0,0.0
2019-07-03 00:00:00-04:00,25.292743797542215,25.292743797542215,25.214839935302734,25.214839935302734,1400,0.0,0.0,0.0
2019-07-05 00:00:00-04:00,25.301401804313244,25.318714141845703,25.301401804313244,25.318714141845703,500,0.0,0.0,0.0
2019-07-08 00:00:00-04:00,25.517797739163665,25.517797739163665,25.387958526611328,25.387958526611328,2200,0.0,0.0,0.0
2019-07-09 00:00:00-04:00,25.457205132098263,25.457205132098263,25.31870975781036,25.353334426879883,2300,0.0,0.0,0.0
2019-07-10 00:00:00-04:00,25.526456142046975,25.63898468017578,25.526456142046975,25.63898468017578,500,0.0,0.0,0.0
2019-07-11 00:00:00-04:00,25.72554268865424,25.72554268865424,25.716886520385742,25.716886520385742,1100,0.0,0.0,0.0
2019-07-12 00:00:00-04:00,25.79478494884682,25.79478494884682,25.595698073604854,25.61301040649414,1500,0.0,0.0,0.0
2019-07-15 00:00:00-04:00,25.8207571333651,25.8207571333651,25.664949417114258,25.664949417114258,700,0.0,0.0,0.0
2019-07-16 00:00:00-04:00,25.72553975590973,25.72553975590973,25.52645286141633,25.578388214111328,900,0.0,0.0,0.0
2019-07-17 00:00:00-04:00,25.63032920543155,25.63032920543155,25.50048832700045,25.526456832885742,2700,0.0,0.0,0.0
2019-07-18 00:00:00-04:00,25.621675618284044,25.621675618284044,25.543771743774414,25.543771743774414,1200,0.0,0.0,0.0
2019-07-19 00:00:00-04:00,25.68226359898991,25.68226359898991,25.413928985595703,25.413928985595703,600,0.0,0.0,0.0
2019-07-22 00:00:00-04:00,25.457208870005733,25.457208870005733,25.284088801228915,25.301401138305664,6300,0.0,0.0,0.0
2019-07-23 00:00:00-04:00,25.552424376444023,25.552424376444023,25.29274428035696,25.413928985595703,6300,0.0,0.0,0.0
2019-07-24 00:00:00-04:00,25.387958526611328,25.387958526611328,25.387958526611328,25.387958526611328,900,0.0,0.0,0.0
2019-07-25 00:00:00-04:00,25.22349693403579,25.22349693403579,25.119626214959585,25.180217742919922,600,0.0,0.0,0.0
2019-07-26 00:00:00-04:00,25.15424919128418,25.15424919128418,25.15424919128418,25.15424919128418,300,0.0,0.0,0.0
2019-07-29 00:00:00-04:00,25.197528839111328,25.197528839111328,25.197528839111328,25.197528839111328,200,0.0,0.0,0.0
2019-07-30 00:00:00-04:00,25.180217742919922,25.180217742919922,25.180217742919922,25.180217742919922,300,0.0,0.0,0.0
2019-07-31 00:00:00-04:00,25.28408547036832,25.370645493353532,25.015750885009766,25.015750885009766,900,0.0,0.0,0.0
2019-08-01 00:00:00-04:00,25.292743682861328,25.387959880943466,25.292743682861328,25.292743682861328,700,0.0,0.0,0.0
2019-08-02 00:00:00-04:00,24.825324590449295,24.825324590449295,24.62623765771167,24.652204513549805,2900,0.0,0.0,0.0
2019-08-05 00:00:00-04:00,24.349241443117773,24.349241443117773,23.968379974365234,23.968379974365234,25400,0.0,0.0,0.0
2019-08-06 00:00:00-04:00,24.21074676513672,24.21074676513672,24.080907549253375,24.21074676513672,3600,0.0,0.0,0.0
2019-08-07 00:00:00-04:00,24.115532819031245,24.331932067871094,24.115532819031245,24.331932067871094,1300,0.0,0.0,0.0
2019-08-08 00:00:00-04:00,24.565645217895508,24.565645217895508,24.42714981258637,24.565645217895508,4800,0.0,0.0,0.0
2019-08-09 00:00:00-04:00,24.513705650122724,24.513705650122724,24.357897933118483,24.418489456176758,2000,0.0,0.0,0.0
2019-08-12 00:00:00-04:00,24.08956610859178,24.08956610859178,24.003006072411274,24.054943084716797,700,0.0,0.0,0.0
2019-08-13 00:00:00-04:00,23.916443709362934,24.31461917665599,23.75198147271567,24.23671531677246,9200,0.0,0.0,0.0
2019-08-14 00:00:00-04:00,23.829885474759717,23.84719615961861,23.474990844726562,23.474990844726562,3400,0.0,0.0,0.0
2019-08-15 00:00:00-04:00,23.50961201210804,23.50961201210804,23.310525118466035,23.371116638183594,3300,0.0,0.0,0.0
2019-08-16 00:00:00-04:00,23.717355728149414,23.717355728149414,23.578860350399253,23.717355728149414,2500,0.0,0.0,0.0
2019-08-19 00:00:00-04:00,23.899132152304155,23.899132152304155,23.691389083862305,23.691389083862305,1400,0.0,0.0,0.0
2019-08-20 00:00:00-04:00,23.760636456926342,23.795259475708008,23.656764098591093,23.795259475708008,4600,0.0,0.0,0.0
2019-08-21 00:00:00-04:00,24.01166264984909,24.072254180908203,24.01166264984909,24.072254180908203,1500,0.0,0.0,0.0
2019-08-22 00:00:00-04:00,23.959725046228975,24.011660403564623,23.864508848617593,23.951068878173828,3800,0.0,0.0,0.0
2019-08-23 00:00:00-04:00,23.803915751992047,23.803915751992047,23.717355728149414,23.717355728149414,2900,0.0,0.0,0.0
2019-08-26 00:00:00-04:00,23.80391347214344,23.80391347214344,23.58751425876032,23.59617042541504,3000,0.0,0.0,0.0
2019-08-27 00:00:00-04:00,23.72601341114659,23.838541944628382,23.535582667325023,23.570205688476562,9200,0.0,0.0,0.0
2019-08-28 00:00:00-04:00,23.604827880859375,23.682731734010336,23.587515546604703,23.604827880859375,2700,0.0,0.0,0.0
2019-08-29 00:00:00-04:00,24.01165873649305,24.15015411376953,24.01165873649305,24.15015411376953,800,0.0,0.0,0.0
2019-08-30 00:00:00-04:00,24.27999450515433,24.349242197162443,24.21940298102163,24.23671531677246,1100,0.0,0.0,0.0
2019-09-03 00:00:00-04:00,24.054939573763907,24.167466448677875,24.054939573763907,24.15015411376953,900,0.0,0.0,0.0
2019-09-04 00:00:00-04:00,24.331932067871094,24.331932067871094,24.331932067871094,24.331932067871094,400,0.0,0.0,0.0
2019-09-05 00:00:00-04:00,24.45311518727041,24.60026674293273,24.43580285107596,24.58295440673828,2300,0.0,0.0,0.0
2019-09-06 00:00:00-04:00,24.548328862442403,24.59160804748535,24.548328862442403,24.59160804748535,300,0.0,0.0,0.0
2019-09-09 00:00:00-04:00,24.608922451400318,24.608922451400318,24.539674758911133,24.539674758911133,400,0.0,0.0,0.0
2019-09-10 00:00:00-04:00,24.539677619261923,24.652204513549805,24.539677619261923,24.652204513549805,4000,0.0,0.0,0.0
2019-09-11 00:00:00-04:00,24.660858154296875,24.660858154296875,24.660858154296875,24.660858154296875,700,0.0,0.0,0.0
2019-09-12 00:00:00-04:00,24.764731251745385,24.9291934967041,24.764731251745385,24.9291934967041,700,0.0,0.0,0.0
2019-09-13 00:00:00-04:00,24.790694883756114,24.799351050943987,24.695480346679688,24.695480346679688,33500,0.0,0.0,0.0
2019-09-16 00:00:00-04:00,24.67817232482979,24.782043047245562,24.67817232482979,24.764732360839844,1700,0.0,0.0,0.0
2019-09-17 00:00:00-04:00,24.782041321033688,24.937849044799805,24.67817060585311,24.937849044799805,4300,0.0,0.0,0.0
2019-09-18 00:00:00-04:00,24.894568951994977,24.894568951994977,24.72144889831543,24.72144889831543,1800,0.0,0.0,0.0
2019-09-19 00:00:00-04:00,24.920535371839303,24.920535371839303,24.903223037719727,24.903223037719727,600,0.0,0.0,0.0
2019-09-20 00:00:00-04:00,24.782040857125672,24.782040857125672,24.539674758911133,24.539674758911133,1300,0.0,0.0,0.0
2019-09-23 00:00:00-04:00,24.539674758911133,24.539674758911133,24.539674758911133,24.539674758911133,200,0.0,0.0,0.0
2019-09-24 00:00:00-04:00,24.539674758911133,24.539674758911133,24.539674758911133,24.539674758911133,100,0.0,0.0,0.0
2019-09-25 00:00:00-04:00,24.21074793636489,24.331932641247665,24.21074793636489,24.29730796813965,1800,0.0,0.0,0.0
2019-09-26 00:00:00-04:00,24.297306792724015,24.297306792724015,24.21074676513672,24.21074676513672,400,0.0,0.0,0.0
2019-09-27 00:00:00-04:00,24.32327629274111,24.39252398744875,24.124189376831055,24.124189376831055,3000,0.0,0.0,0.0
2019-09-30 00:00:00-04:00,24.124189376831055,24.124189376831055,24.124189376831055,24.124189376831055,300,0.0,0.0,0.0
2019-10-01 00:00:00-04:00,24.27134132385254,24.27134132385254,24.27134132385254,24.27134132385254,200,0.0,0.0,0.0
2019-10-02 00:00:00-04:00,24.323274612426758,24.323274612426758,24.323274612426758,24.323274612426758,200,0.0,0.0,0.0
2019-10-03 00:00:00-04:00,24.331931954131882,24.409835815429688,24.331931954131882,24.409835815429688,1200,0.0,0.0,0.0
2019-10-04 00:00:00-04:00,24.57429638125351,24.60892105102539,24.57429638125351,24.60892105102539,600,0.0,0.0,0.0
2019-10-07 00:00:00-04:00,24.660857808018402,24.660857808018402,24.539674758911133,24.539674758911133,1500,0.0,0.0,0.0
2019-10-08 00:00:00-04:00,24.49639472179748,24.49639472179748,24.3492431640625,24.3492431640625,1900,0.0,0.0,0.0
2019-10-09 00:00:00-04:00,24.3492431640625,24.3492431640625,24.3492431640625,24.3492431640625,100,0.0,0.0,0.0
2019-10-10 00:00:00-04:00,24.85994749264506,24.85994749264506,24.7301082611084,24.7301082611084,500,0.0,0.0,0.0
2019-10-11 00:00:00-04:00,25.249463064659736,25.249463064659736,25.13693618774414,25.13693618774414,1500,0.0,0.0,0.0
2019-10-14 00:00:00-04:00,25.128283953762917,25.318714717967055,25.128283953762917,25.284090042114258,2800,0.0,0.0,0.0
2019-10-15 00:00:00-04:00,25.23215103149414,25.310054889904883,25.23215103149414,25.23215103149414,800,0.0,0.0,0.0
2019-10-16 00:00:00-04:00,25.17155955684116,25.439894152440537,25.17155955684116,25.258119583129883,1800,0.0,0.0,0.0
2019-10-17 00:00:00-04:00,25.59570194855293,25.62167045181824,25.474518901971837,25.50914192199707,1800,0.0,0.0,0.0
2019-10-18 00:00:00-04:00,25.413925988744655,25.578388214111328,25.413925988744655,25.578388214111328,300,0.0,0.0,0.0
2019-10-21 00:00:00-04:00,25.57839235918552,25.57839235918552,25.47452163696289,25.47452163696289,1900,0.0,0.0,0.0
2019-10-22 00:00:00-04:00,25.465862007022814,25.708229744259217,25.465862007022814,25.595701217651367,4600,0.0,0.0,0.0
2019-10-23 00:00:00-04:00,25.595704247634135,25.656295776367188,25.595704247634135,25.656295776367188,300,0.0,0.0,0.0
2019-10-24 00:00:00-04:00,25.803442206492768,25.829410706924875,25.708227673565048,25.777475357055664,3100,0.0,0.0,0.0
2019-10-25 00:00:00-04:00,25.77747823259258,25.933284299580734,25.77747823259258,25.890005111694336,3300,0.0,0.0,0.0
2019-10-28 00:00:00-04:00,25.985220623886345,26.17565135697921,25.985220623886345,26.002532958984375,10900,0.0,0.0,0.0
2019-10-29 00:00:00-04:00,26.011187936002525,26.045812606811523,26.011187936002525,26.045812606811523,3200,0.0,0.0,0.0
2019-10-30 00:00:00-04:00,25.915974122423474,25.959253311157227,25.8813494506403,25.959253311157227,4500,0.0,0.0,0.0
2019-10-31 00:00:00-04:00,26.037155978185282,26.141028337778298,26.002532958984375,26.002532958984375,3500,0.0,0.0,0.0
2019-11-01 00:00:00-04:00,26.097750831866676,26.227590059687834,26.097750831866676,26.158342361450195,1700,0.0,0.0,0.0
2019-11-04 00:00:00-05:00,26.47861227978345,26.53920380543589,26.47861227978345,26.487268447875977,1200,0.0,0.0,0.0
2019-11-05 00:00:00-05:00,26.418020040119682,26.45264306055877,26.418020040119682,26.443986892700195,2600,0.0,0.0,0.0
2019-11-06 00:00:00-05:00,26.443989010421742,26.53054904494428,26.41802215576172,26.41802215576172,1600,0.0,0.0,0.0
2019-11-07 00:00:00-05:00,26.824851369548863,26.842163706134727,26.755603674200696,26.833507537841797,1300,0.0,0.0,0.0
2019-11-08 00:00:00-05:00,26.798883767287744,26.798883767287744,26.669044540511205,26.69501304626465,30600,0.0,0.0,0.0
2019-11-11 00:00:00-05:00,26.478614807128906,26.495927144966398,26.383398600018108,26.478614807128906,12300,0.0,0.0,0.0
2019-11-12 00:00:00-05:00,26.36608420601701,26.383396542504396,26.12371809917472,26.1756534576416,8600,0.0,0.0,0.0
2019-11-13 00:00:00-05:00,26.037157517234824,26.08043670654297,26.028501349174146,26.08043670654297,15200,0.0,0.0,0.0
2019-11-14 00:00:00-05:00,26.218932339431536,26.218932339431536,26.089091476474863,26.149682998657227,1200,0.0,0.0,0.0
2019-11-15 00:00:00-05:00,26.192966507379165,26.227589530301465,26.192966507379165,26.218935012817383,1100,0.0,0.0,0.0
2019-11-18 00:00:00-05:00,26.20162000423796,26.20162000423796,26.149682998657227,26.149682998657227,1400,0.0,0.0,0.0
2019-11-19 00:00:00-05:00,26.218931610594307,26.340114651590376,26.218931610594307,26.236242294311523,3400,0.0,0.0,0.0
2019-11-20 00:00:00-05:00,26.2708710690045,26.2708710690045,26.08909482810967,26.106407165527344,2200,0.0,0.0,0.0
2019-11-21 00:00:00-05:00,26.00253470447063,26.05447006225586,26.00253470447063,26.05447006225586,900,0.0,0.0,0.0
2019-11-22 00:00:00-05:00,26.106407165527344,26.106407165527344,26.106407165527344,26.106407165527344,1400,0.0,0.0,0.0
2019-11-25 00:00:00-05:00,26.07178274070784,26.1756534576416,26.04581423597676,26.1756534576416,800,0.0,0.0,0.0
2019-11-26 00:00:00-05:00,25.81209837330347,25.81209837330347,25.777475357055664,25.777475357055664,900,0.0,0.0,0.0
2019-11-27 00:00:00-05:00,25.890008305643107,25.933287498868694,25.872695967954716,25.898664474487305,1000,0.0,0.0,0.0
2019-11-29 00:00:00-05:00,25.517797361075207,25.595701217651367,25.48317434203866,25.595701217651367,800,0.0,0.0,0.0
2019-12-02 00:00:00-05:00,25.448547878556035,25.51779556274414,25.448547878556035,25.51779556274414,2200,0.0,0.0,0.0
2019-12-03 00:00:00-05:00,25.38795651526275,25.46586036682129,25.370644181361957,25.46586036682129,500,0.0,0.0,0.0
2019-12-04 00:00:00-05:00,25.613017204298753,25.647640228271484,25.56108184284197,25.647640228271484,20400,0.0,0.0,0.0
2019-12-05 00:00:00-05:00,25.56973369782474,25.578388214111328,25.535109028698013,25.578388214111328,900,0.0,0.0,0.0
2019-12-06 00:00:00-05:00,25.578388214111328,25.578388214111328,25.578388214111328,25.578388214111328,0,0.0,0.0,0.0
2019-12-09 00:00:00-05:00,25.535111141177268,25.621671170159964,25.535111141177268,25.55242347717285,2100,0.0,0.0,0.0
2019-12-10 00:00:00-05:00,25.500490896271554,25.621675618284044,25.457211699764212,25.543771743774414,12300,0.0,0.0,0.0
2019-12-11 00:00:00-05:00,25.77747840378162,26.192964553833008,25.768822235947816,26.192964553833008,3400,0.0,0.0,0.0
2019-12-12 00:00:00-05:00,26.08908977309448,26.530544385736796,26.08908977309448,26.452640533447266,2900,0.0,0.0,0.0
2019-12-13 00:00:00-05:00,26.625761494269618,26.68635301459449,26.53054530461905,26.66904067993164,2500,0.0,0.0,0.0
2019-12-16 00:00:00-05:00,26.86705587097009,26.928118760685116,26.779826498964447,26.884502410888672,1300,0.237,0.0,0.0
2019-12-17 00:00:00-05:00,27.085131305370016,27.085131305370016,26.91067090608809,26.98045539855957,1400,0.0,0.0,0.0
2019-12-18 00:00:00-05:00,27.111307765376967,27.25087678456137,27.111307765376967,27.1723690032959,700,0.0,0.0,0.0
2019-12-19 00:00:00-05:00,27.120026895837505,27.259595893709804,27.05896566724259,27.242149353027344,2300,0.0,0.0,0.0
2019-12-20 00:00:00-05:00,27.250873565673828,27.250873565673828,27.250873565673828,27.250873565673828,500,0.0,0.0,0.0
2019-12-23 00:00:00-05:00,27.215979984329213,27.215979984329213,27.085132598876953,27.085132598876953,700,0.0,0.0,0.0
2019-12-24 00:00:00-05:00,27.163644036094574,27.407890636318626,27.154920764965805,27.355552673339844,2900,0.0,0.0,0.0
2019-12-26 00:00:00-05:00,27.503841112839382,27.54745579859671,27.503841112839382,27.538732528686523,900,0.0,0.0,0.0
2019-12-27 00:00:00-05:00,27.54745641951903,27.54745641951903,27.434057235717773,27.434057235717773,3300,0.0,0.0,0.0
2019-12-30 00:00:00-05:00,27.434057235717773,27.434057235717773,27.434057235717773,27.434057235717773,0,0.0,0.0,0.0
2019-12-31 00:00:00-05:00,27.38171922918983,27.468950271606445,27.32938126925736,27.468950271606445,1600,0.0,0.0,0.0
2020-01-02 00:00:00-05:00,27.625967931464817,27.817874908447266,27.625967931464817,27.817874908447266,4500,0.0,0.0,0.0
2020-01-03 00:00:00-05:00,27.564902648483336,27.573625918491647,27.48639488220215,27.48639488220215,600,0.0,0.0,0.0
2020-01-06 00:00:00-05:00,27.338105166175055,27.39916639812743,27.303212082891534,27.364274978637695,2000,0.0,0.0,0.0
2020-01-07 00:00:00-05:00,27.198534537160793,27.60851825850771,27.198534537160793,27.51256561279297,47600,0.0,0.0,0.0
2020-01-08 00:00:00-05:00,27.4689492016689,27.730642318725586,27.40788797349378,27.730642318725586,5900,0.0,0.0,0.0
2020-01-09 00:00:00-05:00,27.72191974283232,27.72191974283232,27.4951197012197,27.573627471923828,2200,0.0,0.0,0.0
2020-01-10 00:00:00-05:00,27.809151305039617,27.809151305039617,27.625967601534164,27.721921920776367,5300,0.0,0.0,0.0
2020-01-13 00:00:00-05:00,27.58235074638635,27.78298097652851,27.58235074638635,27.739364624023438,1000,0.0,0.0,0.0
2020-01-14 00:00:00-05:00,28.088289330279167,28.088289330279167,27.782981512033874,27.87021255493164,9000,0.0,0.0,0.0
2020-01-15 00:00:00-05:00,27.739365158688116,27.91382724448364,27.739365158688116,27.87021255493164,400,0.0,0.0,0.0
2020-01-16 00:00:00-05:00,27.852764760626087,28.00105536394949,27.852764760626087,27.91382598876953,4000,0.0,0.0,0.0
2020-01-17 00:00:00-05:00,28.009782832738086,28.140626907348633,27.957443206341267,28.140626907348633,1000,0.0,0.0,0.0
2020-01-21 00:00:00-05:00,27.76553352783533,27.80042660869869,27.460225725455626,27.530010223388672,3600,0.0,0.0,0.0
2020-01-22 00:00:00-05:00,27.78298027661945,27.835318234513316,27.730642318725586,27.730642318725586,1700,0.0,0.0,0.0
2020-01-23 00:00:00-05:00,27.24214922486807,27.547457030200054,27.215981077761178,27.51256561279297,2300,0.0,0.0,0.0
2020-01-24 00:00:00-05:00,27.51256538258427,27.51256538258427,27.32938003540039,27.32938003540039,3900,0.0,0.0,0.0
2020-01-27 00:00:00-05:00,26.291336059570312,26.483244690763186,26.291336059570312,26.291336059570312,5600,0.0,0.0,0.0
2020-01-28 00:00:00-05:00,26.535581904047138,26.64898109436035,26.535581904047138,26.64898109436035,2600,0.0,0.0,0.0
2020-01-29 00:00:00-05:00,26.72748726421425,26.72748726421425,26.474519086925387,26.596641540527344,2200,0.0,0.0,0.0
2020-01-30 00:00:00-05:00,26.090704260403726,26.22154998779297,26.029643031874993,26.22154998779297,700,0.0,0.0,0.0
2020-01-31 00:00:00-05:00,25.863903734269137,25.881350274602905,25.619658824771015,25.70688819885254,1700,0.0,0.0,0.0
2020-02-03 00:00:00-05:00,25.916239992642335,25.96857961021273,25.837733893873846,25.90751838684082,7500,0.0,0.0,0.0
2020-02-04 00:00:00-05:00,26.448351559602138,26.45707483044005,26.23899805087368,26.326229095458984,4600,0.0,0.0,0.0
2020-02-05 00:00:00-05:00,26.648979497243378,26.648979497243378,26.596641540527344,26.596641540527344,1700,0.0,0.0,0.0
2020-02-06 00:00:00-05:00,26.42218309561248,26.42218309561248,26.37856674194336,26.37856674194336,600,0.0,0.0,0.0
2020-02-07 00:00:00-05:00,26.02963957061515,26.02963957061515,25.724331804775723,25.767948150634766,3400,0.0,0.0,0.0
2020-02-10 00:00:00-05:00,25.767948150634766,25.767948150634766,25.767948150634766,25.767948150634766,0,0.0,0.0,0.0
2020-02-11 00:00:00-05:00,26.116869617842035,26.116869617842035,25.9773006439209,25.9773006439209,1300,0.0,0.0,0.0
2020-02-12 00:00:00-05:00,26.29133314397678,26.39601071881859,26.29133314397678,26.334949493408203,1100,0.0,0.0,0.0
2020-02-13 00:00:00-05:00,26.125596433736344,26.125596433736344,26.012195587158203,26.012195587158203,600,0.0,0.0,0.0
2020-02-14 00:00:00-05:00,25.933690059296534,25.942413330078125,25.933690059296534,25.942413330078125,700,0.0,0.0,0.0
2020-02-18 00:00:00-05:00,25.92496422750894,25.92496422750894,25.785395236378378,25.89879608154297,3200,0.0,0.0,0.0
2020-02-19 00:00:00-05:00,25.84645870202087,25.855181972696737,25.794120741759414,25.82901382446289,1600,0.0,0.0,0.0
2020-02-20 00:00:00-05:00,25.48881405666039,25.48881405666039,25.32307689783052,25.36669158935547,1400,0.0,0.0,0.0
2020-02-21 00:00:00-05:00,25.436478575978906,25.558601055199652,25.419032032149087,25.462648391723633,2900,0.0,0.0,0.0
2020-02-24 00:00:00-05:00,24.232691083718887,24.476935999298796,24.232691083718887,24.380983352661133,6000,0.0,0.0,0.0
2020-02-25 00:00:00-05:00,24.546717746829017,24.546717746829017,23.840149562862248,23.90121078491211,2800,0.0,0.0,0.0
2020-02-26 00:00:00-05:00,23.9361070972066,24.023338139263252,23.587184592773742,23.639522552490234,16100,0.0,0.0,0.0
2020-02-27 00:00:00-05:00,23.264427822075525,23.342935585400124,23.072520880500704,23.142305374145508,3700,0.0,0.0,0.0
2020-02-28 00:00:00-05:00,22.31361314411238,22.775936456199723,22.017028629006322,22.706151962280273,6200,0.0,0.0,0.0
2020-03-02 00:00:00-05:00,22.802107056269993,23.168476104736328,22.802107056269993,23.168476104736328,2100,0.0,0.0,0.0
2020-03-03 00:00:00-05:00,23.19464775188773,23.848878128498793,23.081246888217233,23.22081756591797,10700,0.0,0.0,0.0
2020-03-04 00:00:00-05:00,23.604629516601562,23.604629516601562,23.604629516601562,23.604629516601562,100,0.0,0.0,0.0
2020-03-05 00:00:00-05:00,23.273148608844952,23.351656363793904,22.697426181748234,22.81082534790039,2300,0.0,0.0,0.0
2020-03-06 00:00:00-05:00,22.287445068359375,22.287445068359375,22.287445068359375,22.287445068359375,400,0.0,0.0,0.0
2020-03-09 00:00:00-04:00,20.28113894910936,20.978983924851573,20.28113894910936,20.769630432128906,54300,0.0,0.0,0.0
2020-03-10 00:00:00-04:00,20.856861250466174,21.641937255859375,20.856861250466174,21.641937255859375,3600,0.0,0.0,0.0
2020-03-11 00:00:00-04:00,20.77835245348578,20.77835245348578,20.115398934478474,20.446876525878906,12100,0.0,0.0,0.0
2020-03-12 00:00:00-04:00,18.702265326050497,18.702265326050497,17.6118814139593,18.161434173583984,4600,0.0,0.0,0.0
2020-03-13 00:00:00-04:00,19.42627531437786,19.42627531437786,18.53652186552237,19.17330551147461,7400,0.0,0.0,0.0
2020-03-16 00:00:00-04:00,16.739574715866965,17.568265512145338,16.739574715866965,16.870420455932617,2000,0.0,0.0,0.0
2020-03-17 00:00:00-04:00,17.00998742006021,17.489755630493164,17.00998742006021,17.489755630493164,6600,0.0,0.0,0.0
2020-03-18 00:00:00-04:00,16.251078021990118,16.504047840400432,15.387494326502093,15.579402923583984,6300,0.0,0.0,0.0
2020-03-19 00:00:00-04:00,15.09091112460835,15.605572411247925,15.09091112460835,15.46600341796875,8300,0.0,0.0,0.0
2020-03-20 00:00:00-04:00,16.42554439463391,16.42554439463391,15.71025276184082,15.71025276184082,6300,0.0,0.0,0.0
2020-03-23 00:00:00-04:00,15.483450635634606,15.605573094149568,14.88155828590826,15.15197467803955,23100,0.0,0.0,0.0
2020-03-24 00:00:00-04:00,16.251079162566313,16.442987773117242,16.251079162566313,16.37320327758789,4700,0.0,0.0,0.0
2020-03-25 00:00:00-04:00,16.600002518780695,17.35018539428711,16.43426372581578,17.35018539428711,8800,0.0,0.0,0.0
2020-03-26 00:00:00-04:00,17.385081411431365,17.960803985595703,17.14955808642037,17.960803985595703,2700,0.0,0.0,0.0
2020-03-27 00:00:00-04:00,17.036159174622842,17.149558371628586,17.036159174622842,17.10594367980957,1700,0.0,0.0,0.0
2020-03-30 00:00:00-04:00,17.07977099912628,17.11466407775879,17.009986505654823,17.11466407775879,2000,0.0,0.0,0.0
2020-03-31 00:00:00-04:00,17.289124808348625,17.611879136663298,17.228063583374023,17.228063583374023,43100,0.0,0.0,0.0
2020-04-01 00:00:00-04:00,16.556388517852245,16.687234251351363,16.32086519927757,16.46043586730957,1600,0.0,0.0,0.0
2020-04-02 00:00:00-04:00,16.79190984446231,16.79190984446231,16.678510665893555,16.678510665893555,700,0.0,0.0,0.0
2020-04-03 00:00:00-04:00,16.678510665893555,16.678510665893555,16.678510665893555,16.678510665893555,0,0.0,0.0,0.0
2020-04-06 00:00:00-04:00,17.585708011409714,17.585708011409714,17.306570053100586,17.306570053100586,4200,0.0,0.0,0.0
2020-04-07 00:00:00-04:00,18.109095654917972,18.109095654917972,17.882295608520508,17.882295608520508,1000,0.0,0.0,0.0
2020-04-08 00:00:00-04:00,17.84739928593887,18.19632339477539,17.760169922523197,18.19632339477539,4900,0.0,0.0,0.0
2020-04-09 00:00:00-04:00,18.39695838834136,18.51908085999243,18.318450609767417,18.37078857421875,3900,0.0,0.0,0.0
2020-04-13 00:00:00-04:00,18.07419964208611,18.414400488427564,17.98697027697683,18.29227638244629,17500,0.0,0.0,0.0
2020-04-14 00:00:00-04:00,18.466742784535192,18.606311798095703,18.466742784535192,18.606311798095703,600,0.0,0.0,0.0
2020-04-15 00:00:00-04:00,18.20505082108042,18.248665512747866,18.039311997915217,18.126543045043945,3700,0.0,0.0,0.0
2020-04-16 00:00:00-04:00,17.891017302183442,18.056756102978877,17.812509536743164,17.812509536743164,3600,0.0,0.0,0.0
2020-04-17 00:00:00-04:00,18.606310883671057,18.606310883671057,18.309726328482427,18.414403915405273,2500,0.0,0.0,0.0
2020-04-20 00:00:00-04:00,18.239941825131798,18.484188418755902,18.231218554238744,18.414403915405273,1500,0.0,0.0,0.0
2020-04-21 00:00:00-04:00,17.908464476770302,18.004417121647716,17.873571395874023,17.873571395874023,2800,0.0,0.0,0.0
2020-04-22 00:00:00-04:00,18.196326942260313,18.21377182006836,18.178880400658485,18.21377182006836,1100,0.0,0.0,0.0
2020-04-23 00:00:00-04:00,18.21377182006836,18.21377182006836,18.21377182006836,18.21377182006836,0,0.0,0.0,0.0
2020-04-24 00:00:00-04:00,17.899739317097374,17.899739317097374,17.777615210645177,17.856122970581055,2300,0.0,0.0,0.0
2020-04-27 00:00:00-04:00,18.17887720952813,18.309722920985543,18.170153940258505,18.29227638244629,8300,0.0,0.0,0.0
2020-04-28 00:00:00-04:00,18.702265751619233,18.789496799330227,18.623757975058723,18.69354248046875,5100,0.0,0.0,0.0
2020-04-29 00:00:00-04:00,19.00757215513427,19.19075584411621,19.00757215513427,19.19075584411621,3200,0.0,0.0,0.0
2020-04-30 00:00:00-04:00,18.885447825673168,18.955232325064816,18.588863287310232,18.824386596679688,4600,0.0,0.0,0.0
2020-05-01 00:00:00-04:00,18.344618603799482,18.344618603799482,17.93463320885871,17.969526290893555,1000,0.0,0.0,0.0
2020-05-04 00:00:00-04:00,18.196326469682585,18.553972244262695,18.1701566579595,18.553972244262695,3200,0.0,0.0,0.0
2020-05-05 00:00:00-04:00,18.76332737923076,18.789497193230833,18.571420401278537,18.588865280151367,5700,0.0,0.0,0.0
2020-05-06 00:00:00-04:00,18.53652384042095,18.580138525116276,18.431846267841166,18.51907730102539,2200,0.0,0.0,0.0
2020-05-07 00:00:00-04:00,18.466741876969795,18.466741876969795,18.414403915405273,18.414403915405273,1000,0.0,0.0,0.0
2020-05-08 00:00:00-04:00,18.61503472818524,18.676095962524414,18.61503472818524,18.676095962524414,400,0.0,0.0,0.0
2020-05-11 00:00:00-04:00,18.37078599027597,18.37078599027597,18.292278222744535,18.34461784362793,1500,0.0,0.0,0.0
2020-05-12 00:00:00-04:00,18.510356692694405,18.510356692694405,18.143987631680012,18.161434173583984,900,0.0,0.0,0.0
2020-05-13 00:00:00-04:00,18.082922353347534,18.082922353347534,17.716553374296215,17.77761459350586,1300,0.0,0.0,0.0
2020-05-14 00:00:00-04:00,17.568264709393944,18.24866485595703,17.568264709393944,18.24866485595703,3900,0.0,0.0,0.0
2020-05-15 00:00:00-04:00,17.891018248606603,17.891018248606603,17.77761739750799,17.82123374938965,2600,0.0,0.0,0.0
2020-05-18 00:00:00-04:00,18.37078498009184,18.580138460732385,18.37078498009184,18.5714168548584,4000,0.0,0.0,0.0
2020-05-19 00:00:00-04:00,18.5714168548584,18.5714168548584,18.5714168548584,18.5714168548584,0,0.0,0.0,0.0
2020-05-20 00:00:00-04:00,18.5714168548584,18.5714168548584,18.5714168548584,18.5714168548584,0,0.0,0.0,0.0
2020-05-21 00:00:00-04:00,18.5714168548584,18.5714168548584,18.5714168548584,18.5714168548584,0,0.0,0.0,0.0
2020-05-22 00:00:00-04:00,18.51908020509657,18.51908020509657,18.266111999366018,18.327173233032227,1600,0.0,0.0,0.0
2020-05-26 00:00:00-04:00,19.059910202853644,19.260540433754674,18.94650934970525,18.955232620239258,24600,0.0,0.0,0.0
2020-05-27 00:00:00-04:00,19.11224838572383,19.138418197631836,19.06863369633757,19.138418197631836,1500,0.0,0.0,0.0
2020-05-28 00:00:00-04:00,19.147138944275408,19.199476897398434,19.059907913208008,19.059907913208008,2300,0.0,0.0,0.0
2020-05-29 00:00:00-04:00,19.08607857519687,19.304155349731445,18.99884919641804,19.304155349731445,2700,0.0,0.0,0.0
2020-06-01 00:00:00-04:00,19.382661819458008,19.382661819458008,19.382661819458008,19.382661819458008,200,0.0,0.0,0.0
2020-06-02 00:00:00-04:00,19.984556357701805,20.368371963500977,19.932218395390866,20.368371963500977,3400,0.0,0.0,0.0
2020-06-03 00:00:00-04:00,20.813247345632053,20.996431032793797,20.813247345632053,20.883031845092773,600,0.0,0.0,0.0
2020-06-04 00:00:00-04:00,20.717291516540048,20.717291516540048,20.595169067382812,20.595169067382812,400,0.0,0.0,0.0
2020-06-05 00:00:00-04:00,21.031320605304444,21.249397337706878,21.031320605304444,21.197057723999023,1600,0.0,0.0,0.0
2020-06-08 00:00:00-04:00,21.205785751342773,21.205785751342773,21.205785751342773,21.205785751342773,600,0.0,0.0,0.0
2020-06-09 00:00:00-04:00,21.223230969525183,21.301738739013672,21.223230969525183,21.301738739013672,300,0.0,0.0,0.0
2020-06-10 00:00:00-04:00,21.1708918442992,21.1708918442992,20.874307323420837,20.926645278930664,700,0.0,0.0,0.0
2020-06-11 00:00:00-04:00,20.324754164380025,20.324754164380025,19.8624324798584,19.8624324798584,2800,0.0,0.0,0.0
2020-06-12 00:00:00-04:00,20.063062713559088,20.063062713559088,19.99327821415063,20.028169631958008,1200,0.0,0.0,0.0
2020-06-15 00:00:00-04:00,19.595944918367394,19.958341598510742,19.595944918367394,19.958341598510742,1200,0.301,0.0,0.0
2020-06-16 00:00:00-04:00,20.409127954597608,20.409127954597608,19.878790818291847,19.896469116210938,18200,0.0,0.0,0.0
2020-06-17 00:00:00-04:00,20.108606300147937,20.205835265701147,19.967183269831725,20.011377334594727,1500,0.0,0.0,0.0
2020-06-18 00:00:00-04:00,19.931824598063237,19.931824598063237,19.78156243323001,19.85227394104004,1400,0.0,0.0,0.0
2020-06-19 00:00:00-04:00,20.2058333876686,20.24118829901384,19.97602056329085,20.108604431152344,1200,0.0,0.0,0.0
2020-06-22 00:00:00-04:00,19.993702819026225,19.993702819026225,19.914152145385742,19.914152145385742,600,0.0,0.0,0.0
2020-06-23 00:00:00-04:00,20.082087478531577,20.09976577758789,20.082087478531577,20.09976577758789,1800,0.0,0.0,0.0
2020-06-24 00:00:00-04:00,19.834594958966175,19.834594958966175,19.578264720092772,19.702011108398438,2000,0.0,0.0,0.0
2020-06-25 00:00:00-04:00,19.595947421030175,19.887632632199953,19.53407505591772,19.755048751831055,49300,0.0,0.0,0.0
2020-06-26 00:00:00-04:00,19.56942929727752,19.56942929727752,19.242389182679663,19.25122833251953,1200,0.0,0.0,0.0
2020-06-29 00:00:00-04:00,19.127479732304582,19.28658103942871,19.127479732304582,19.28658103942871,2300,0.0,0.0,0.0
2020-06-30 00:00:00-04:00,19.21586985248541,19.21586985248541,19.09212513862917,19.118640899658203,2300,0.0,0.0,0.0
2020-07-01 00:00:00-04:00,19.357293166389503,19.498716180402397,19.339614868164062,19.339614868164062,1500,0.0,0.0,0.0
2020-07-02 00:00:00-04:00,19.684335586243446,19.719690497959764,19.62246322631836,19.62246322631836,1500,0.0,0.0,0.0
2020-07-06 00:00:00-04:00,20.391451003350163,20.577069771968503,20.294222044269347,20.453323364257812,6300,0.0,0.0,0.0
2020-07-07 00:00:00-04:00,19.843435593188236,20.064409255981445,19.843435593188236,20.064409255981445,4700,0.0,0.0,0.0
2020-07-08 00:00:00-04:00,20.01137778779217,20.13512420654297,20.01137778779217,20.13512420654297,1300,0.0,0.0,0.0
2020-07-09 00:00:00-04:00,19.958341598510742,19.958341598510742,19.958341598510742,19.958341598510742,300,0.0,0.0,0.0
2020-07-10 00:00:00-04:00,19.472200592690694,19.54291210032803,19.472200592690694,19.498716354370117,1100,0.0,0.0,0.0
2020-07-13 00:00:00-04:00,19.693172838347248,19.693172838347248,19.48987579345703,19.48987579345703,2400,0.0,0.0,0.0
2020-07-14 00:00:00-04:00,19.330775455141936,19.631298065185547,19.23354651060436,19.631298065185547,2500,0.0,0.0,0.0
2020-07-15 00:00:00-04:00,19.560588836669922,19.63130034475499,19.560588836669922,19.560588836669922,1000,0.0,0.0,0.0
2020-07-16 00:00:00-04:00,19.560588836669922,19.560588836669922,19.560588836669922,19.560588836669922,0,0.0,0.0,0.0
2020-07-17 00:00:00-04:00,19.560588836669922,19.560588836669922,19.560588836669922,19.560588836669922,0,0.0,0.0,0.0
2020-07-20 00:00:00-04:00,19.260069615613396,19.374975204467773,19.260069615613396,19.374975204467773,400,0.0,0.0,0.0
2020-07-21 00:00:00-04:00,19.374975204467773,19.374975204467773,19.374975204467773,19.374975204467773,0,0.0,0.0,0.0
2020-07-22 00:00:00-04:00,19.542915042302788,19.648981476778285,19.542915042302788,19.578269958496094,700,0.0,0.0,0.0
2020-07-23 00:00:00-04:00,19.445683646422797,19.445683646422797,19.233549118041992,19.233549118041992,700,0.0,0.0,0.0
2020-07-24 00:00:00-04:00,19.22471088299993,19.25122833251953,19.18935428364046,19.25122833251953,2500,0.0,0.0,0.0
2020-07-27 00:00:00-04:00,19.26890407586422,19.339615585493444,19.26890407586422,19.330778121948242,1000,0.0,0.0,0.0
2020-07-28 00:00:00-04:00,19.330778121948242,19.330778121948242,19.330778121948242,19.330778121948242,0,0.0,0.0,0.0
2020-07-29 00:00:00-04:00,19.189354660773375,19.189354660773375,19.171678046641688,19.180517196655273,1300,0.0,0.0,0.0
2020-07-30 00:00:00-04:00,19.03025278170105,19.118640899658203,19.03025278170105,19.118640899658203,500,0.0,0.0,0.0
2020-07-31 00:00:00-04:00,18.756244956556,18.756244956556,18.720890045166016,18.720890045166016,1900,0.0,0.0,0.0
2020-08-03 00:00:00-04:00,18.82695770263672,18.82695770263672,18.82695770263672,18.82695770263672,300,0.0,0.0,0.0
2020-08-04 00:00:00-04:00,18.791600190798803,18.80927848815918,18.791600190798803,18.80927848815918,2100,0.0,0.0,0.0
2020-08-05 00:00:00-04:00,18.853475152343584,18.87115345214816,18.623662312570463,18.82695770263672,95900,0.0,0.0,0.0
2020-08-06 00:00:00-04:00,18.6943742788936,18.95070457458496,18.6943742788936,18.95070457458496,5600,0.0,0.0,0.0
2020-08-07 00:00:00-04:00,18.74740568370645,18.756244832969543,18.623660965813844,18.65901756286621,3500,0.0,0.0,0.0
2020-08-10 00:00:00-04:00,18.70321273803711,18.70321273803711,18.70321273803711,18.70321273803711,500,0.0,0.0,0.0
2020-08-11 00:00:00-04:00,19.233551175267745,19.233551175267745,19.039094924926758,19.039094924926758,2400,0.0,0.0,0.0
2020-08-12 00:00:00-04:00,19.28658083905038,19.28658083905038,19.171675277263024,19.26006507873535,1100,0.0,0.0,0.0
2020-08-13 00:00:00-04:00,19.339614549352003,19.70201291341816,19.339614549352003,19.50755500793457,2400,0.0,0.0,0.0
2020-08-14 00:00:00-04:00,19.50755500793457,19.50755500793457,19.50755500793457,19.50755500793457,0,0.0,0.0,0.0
2020-08-17 00:00:00-04:00,19.445684691445557,19.507557054811425,19.313100814819336,19.313100814819336,2000,0.0,0.0,0.0
2020-08-18 00:00:00-04:00,19.348453892414376,19.357293041470054,19.277742385864258,19.277742385864258,1300,0.0,0.0,0.0
2020-08-19 00:00:00-04:00,19.22471046447754,19.23354961412498,19.19819301553522,19.22471046447754,600,0.0,0.0,0.0
2020-08-20 00:00:00-04:00,19.22471046447754,19.22471046447754,19.22471046447754,19.22471046447754,0,0.0,0.0,0.0
2020-08-21 00:00:00-04:00,18.96838031604561,19.083287576376584,18.96838031604561,19.030254364013672,1000,0.0,0.0,0.0
2020-08-24 00:00:00-04:00,19.030254364013672,19.030254364013672,19.030254364013672,19.030254364013672,0,0.0,0.0,0.0
2020-08-25 00:00:00-04:00,19.268903779749277,19.366132736206055,19.21587056981619,19.366132736206055,400,0.0,0.0,0.0
2020-08-26 00:00:00-04:00,19.021416624196974,19.039094924926758,19.021416624196974,19.039094924926758,500,0.0,0.0,0.0
2020-08-27 00:00:00-04:00,19.0390938078856,19.0390938078856,18.66785794381861,18.765085220336914,5800,0.0,0.0,0.0
2020-08-28 00:00:00-04:00,19.083288192749023,19.083288192749023,19.083288192749023,19.083288192749023,300,0.0,0.0,0.0
2020-08-31 00:00:00-04:00,18.80044169983083,18.80044169983083,18.65901867498293,18.70321273803711,2200,0.0,0.0,0.0
2020-09-01 00:00:00-04:00,18.844636002441295,18.924186665666433,18.791602788923026,18.82695770263672,2300,0.0,0.0,0.0
2020-09-02 00:00:00-04:00,18.977219800706816,18.977219800706816,18.756246111749793,18.862314224243164,1700,0.0,0.0,0.0
2020-09-03 00:00:00-04:00,19.030254699901228,19.030254699901228,18.747406961884057,18.862314224243164,1800,0.0,0.0,0.0
2020-09-04 00:00:00-04:00,19.047931854075216,19.047931854075216,18.6943742788936,18.95070457458496,800,0.0,0.0,0.0
2020-09-08 00:00:00-04:00,18.835795289922565,18.888830184936523,18.835795289922565,18.888830184936523,1500,0.0,0.0,0.0
2020-09-09 00:00:00-04:00,19.10096500413603,19.14515906477245,19.092125854829675,19.109804153442383,2100,0.0,0.0,0.0
2020-09-10 00:00:00-04:00,19.092126846313477,19.100965996078862,19.092126846313477,19.092126846313477,800,0.0,0.0,0.0
2020-09-11 00:00:00-04:00,18.915346021864067,18.915346021864067,18.853473663330078,18.853473663330078,700,0.0,0.0,0.0
2020-09-14 00:00:00-04:00,19.18051731437572,19.242389678955078,18.994898534742152,19.242389678955078,2200,0.0,0.0,0.0
2020-09-15 00:00:00-04:00,19.268905443263094,19.27774459333093,19.242389678955078,19.242389678955078,300,0.0,0.0,0.0
2020-09-16 00:00:00-04:00,19.153998535058527,19.268904106176002,19.153998535058527,19.198192596435547,1400,0.0,0.0,0.0
2020-09-17 00:00:00-04:00,19.26006797909075,19.26006797909075,19.16283901424005,19.242389678955078,1500,0.0,0.0,0.0
2020-09-18 00:00:00-04:00,19.251227370415943,19.251227370415943,19.136320114135742,19.136320114135742,100,0.0,0.0,0.0
2020-09-21 00:00:00-04:00,19.145158084190243,19.145158084190243,18.579466044720142,18.738567352294922,5500,0.0,0.0,0.0
2020-09-22 00:00:00-04:00,18.561788483748558,18.597145080566406,18.561788483748558,18.597145080566406,1300,0.0,0.0,0.0
2020-09-23 00:00:00-04:00,18.561787501945968,18.561787501945968,18.225908279418945,18.225908279418945,3500,0.0,0.0,0.0
2020-09-24 00:00:00-04:00,18.2170702921783,18.411526519103244,18.2170702921783,18.367332458496094,500,0.0,0.0,0.0
2020-09-25 00:00:00-04:00,18.24358472396779,18.35849197060056,18.093322568606244,18.323135375976562,3900,0.0,0.0,0.0
2020-09-28 00:00:00-04:00,18.411527137633996,18.420366287231445,18.411527137633996,18.420366287231445,300,0.0,0.0,0.0
2020-09-29 00:00:00-04:00,18.402687821514046,18.402687821514046,18.217070739333455,18.26126480102539,5900,0.0,0.0,0.0
2020-09-30 00:00:00-04:00,18.429207230044895,18.429207230044895,18.296623344973177,18.358495712280273,1500,0.0,0.0,0.0
2020-10-01 00:00:00-04:00,18.32313451712524,18.402685165405273,18.30545622064187,18.402685165405273,2400,0.0,0.0,0.0
2020-10-02 00:00:00-04:00,18.2966190643616,18.2966190643616,18.208229266361293,18.234745025634766,600,0.0,0.0,0.0
2020-10-05 00:00:00-04:00,18.36733221073184,18.53527098748989,18.36733221073184,18.499916076660156,70800,0.0,0.0,0.0
2020-10-06 00:00:00-04:00,18.65017861709826,18.65017861709826,18.38500919399821,18.4292049407959,700,0.0,0.0,0.0
2020-10-07 00:00:00-04:00,18.57062758421495,18.57062758421495,18.446882867467895,18.499916076660156,2000,0.0,0.0,0.0
2020-10-08 00:00:00-04:00,18.57946850594446,18.694374084472656,18.57946850594446,18.694374084472656,500,0.0,0.0,0.0
2020-10-09 00:00:00-04:00,18.791600559521427,18.87115121330882,18.738567352294922,18.738567352294922,2000,0.0,0.0,0.0
2020-10-12 00:00:00-04:00,18.80927848815918,18.853472545664896,18.738566984612895,18.80927848815918,1200,0.0,0.0,0.0
2020-10-13 00:00:00-04:00,18.561788978681502,18.62366133886718,18.552949829241353,18.588306427001953,3200,0.0,0.0,0.0
2020-10-14 00:00:00-04:00,18.720889797638225,18.720889797638225,18.597145080566406,18.597145080566406,1300,0.0,0.0,0.0
2020-10-15 00:00:00-04:00,18.47339813444631,18.52643134221848,18.464558985501736,18.50875473022461,900,0.0,0.0,0.0
2020-10-16 00:00:00-04:00,18.526432411230775,18.526432411230775,18.43804428847541,18.455720901489258,2400,0.0,0.0,0.0
2020-10-19 00:00:00-04:00,18.55295219552441,18.55295219552441,18.393850857100325,18.482240676879883,6900,0.0,0.0,0.0
2020-10-20 00:00:00-04:00,18.77392425046106,18.80044169983083,18.70321273803711,18.70321273803711,600,0.0,0.0,0.0
2020-10-21 00:00:00-04:00,18.871151961738455,18.89766772345569,18.81811875240865,18.853473663330078,3100,0.0,0.0,0.0
2020-10-22 00:00:00-04:00,18.738567352294922,18.738567352294922,18.738567352294922,18.738567352294922,1200,0.0,0.0,0.0
2020-10-23 00:00:00-04:00,18.818117342686133,18.871150548043055,18.818117342686133,18.844633102416992,2000,0.0,0.0,0.0
2020-10-26 00:00:00-04:00,18.69437162952489,18.69437162952489,18.517593709934825,18.605981826782227,2600,0.0,0.0,0.0
2020-10-27 00:00:00-04:00,18.738569312126305,18.738569312126305,18.349655151367188,18.349655151367188,2100,0.0,0.0,0.0
2020-10-28 00:00:00-04:00,17.996095924796123,17.996095924796123,17.695571603725814,17.730926513671875,3900,0.0,0.0,0.0
2020-10-29 00:00:00-04:00,17.739765112985967,17.739765112985967,17.589502957106514,17.642536163330078,2200,0.0,0.0,0.0
2020-10-30 00:00:00-04:00,17.492277464355833,17.580665588378906,17.492277464355833,17.580665588378906,2900,0.0,0.0,0.0
2020-11-02 00:00:00-05:00,17.562988943072927,17.72208857756147,17.562988943072927,17.7132511138916,4000,0.0,0.0,0.0
2020-11-03 00:00:00-05:00,17.828156258811855,17.94306182861328,17.828156258811855,17.94306182861328,1600,0.0,0.0,0.0
2020-11-04 00:00:00-05:00,18.208231916519974,18.61482268624633,18.208231916519974,18.5794677734375,1500,0.0,0.0,0.0
2020-11-05 00:00:00-05:00,18.791600311058684,19.330776582734163,18.791600311058684,19.26006507873535,6100,0.0,0.0,0.0
2020-11-06 00:00:00-05:00,19.339614917477785,19.436843872070312,19.33077745423784,19.436843872070312,3800,0.0,0.0,0.0
2020-11-09 00:00:00-05:00,20.020212962627717,20.161635968063784,19.905307402921615,19.97601890563965,10200,0.0,0.0,0.0
2020-11-10 00:00:00-05:00,20.409129747021957,20.912949480696863,20.409129747021957,20.833398818969727,1400,0.0,0.0,0.0
2020-11-11 00:00:00-05:00,20.859914409835508,21.001337421219183,20.859914409835508,20.930625915527344,7600,0.0,0.0,0.0
2020-11-12 00:00:00-05:00,20.656617446957807,20.656617446957807,20.373769760131836,20.373769760131836,3800,0.0,0.0,0.0
2020-11-13 00:00:00-05:00,20.338416855436055,20.577068824429233,20.338416855436055,20.56822967529297,2700,0.0,0.0,0.0
2020-11-16 00:00:00-05:00,20.939466178918302,20.974821090698242,20.904109581242988,20.974821090698242,3500,0.0,0.0,0.0
2020-11-17 00:00:00-05:00,20.974820840949313,21.18695536678917,20.974820840949313,21.107404708862305,2600,0.0,0.0,0.0
2020-11-18 00:00:00-05:00,21.12508213470608,21.12508213470608,20.886430170785395,20.930625915527344,2900,0.0,0.0,0.0
2020-11-19 00:00:00-05:00,20.957143166399373,20.957143166399373,20.904109954833984,20.904109954833984,500,0.0,0.0,0.0
2020-11-20 00:00:00-05:00,20.895272098170402,20.895272098170402,20.851078033447266,20.851078033447266,700,0.0,0.0,0.0
2020-11-23 00:00:00-05:00,21.107406301230977,21.107406301230977,21.019018173217773,21.019018173217773,1000,0.0,0.0,0.0
2020-11-24 00:00:00-05:00,21.001337229767593,21.195793447173635,21.001337229767593,21.160438537597656,2200,0.0,0.0,0.0
2020-11-25 00:00:00-05:00,21.08089023703928,21.08089023703928,21.019017873952777,21.054372787475586,3300,0.0,0.0,0.0
2020-11-27 00:00:00-05:00,20.96598139716601,20.96598139716601,20.886430740356445,20.886430740356445,2100,0.0,0.0,0.0
2020-11-30 00:00:00-05:00,20.736166409561346,20.736166409561346,20.373769760131836,20.373769760131836,2300,0.0,0.0,0.0
2020-12-01 00:00:00-05:00,20.753848963803105,21.142763137817383,20.753848963803105,21.142763137817383,4000,0.0,0.0,0.0
2020-12-02 00:00:00-05:00,21.142762760205187,21.23115257352462,21.142762760205187,21.21347427368164,1000,0.0,0.0,0.0
2020-12-03 00:00:00-05:00,21.43444578884663,21.43444578884663,21.34605598449707,21.34605598449707,700,0.0,0.0,0.0
2020-12-04 00:00:00-05:00,21.40792987805116,21.41676902770996,21.346057516334966,21.41676902770996,2500,0.0,0.0,0.0
2020-12-07 00:00:00-05:00,21.390253443117384,21.390253443117384,21.222312969989627,21.319541931152344,3200,0.0,0.0,0.0
2020-12-08 00:00:00-05:00,21.381413077081287,21.407928838875158,21.30186241990901,21.337217330932617,1400,0.0,0.0,0.0
2020-12-09 00:00:00-05:00,21.39025055293256,21.39025055293256,21.14275945154744,21.204631805419922,700,0.0,0.0,0.0
2020-12-10 00:00:00-05:00,21.36373688346436,21.593549728393555,21.36373688346436,21.593549728393555,1500,0.0,0.0,0.0
2020-12-11 00:00:00-05:00,21.49631973226282,21.51399803161621,21.49631973226282,21.51399803161621,1200,0.0,0.0,0.0
2020-12-14 00:00:00-05:00,21.712850657886626,21.748681264867855,21.462041534510174,21.488914489746094,9300,0.322,0.0,0.0
2020-12-15 00:00:00-05:00,21.694938438848673,21.694938438848673,21.677024841308594,21.677024841308594,600,0.0,0.0,0.0
2020-12-16 00:00:00-05:00,21.721809808188475,21.73972511291504,21.632234993053146,21.73972511291504,3400,0.0,0.0,0.0
2020-12-17 00:00:00-05:00,22.08010534648344,22.142807198810388,22.035318797249143,22.053234100341797,800,0.0,0.0,0.0
2020-12-18 00:00:00-05:00,22.18759611006212,22.295084514789362,22.08906364864766,22.178638458251953,4000,0.0,0.0,0.0
2020-12-21 00:00:00-05:00,21.623276921174764,21.677022834311728,21.551617412156276,21.632234573364258,4100,0.0,0.0,0.0
2020-12-22 00:00:00-05:00,21.542659016820686,21.560574320581658,21.479957162154683,21.551616668701172,2700,0.0,0.0,0.0
2020-12-23 00:00:00-05:00,21.73076862375782,21.77555517947408,21.73076862375782,21.74868392944336,2600,0.0,0.0,0.0
2020-12-24 00:00:00-05:00,21.766594681219807,21.847211837768555,21.766594681219807,21.847211837768555,4500,0.0,0.0,0.0
2020-12-28 00:00:00-05:00,21.9547020570598,21.990530955425406,21.900957855262714,21.98157501220703,1000,0.0,0.0,0.0
2020-12-29 00:00:00-05:00,21.972619066521105,22.071149826049805,21.972619066521105,22.071149826049805,1400,0.0,0.0,0.0
2020-12-30 00:00:00-05:00,22.205514917733424,22.241343822130542,22.11594009399414,22.11594009399414,5200,0.0,0.0,0.0
2020-12-31 00:00:00-05:00,22.008446258856893,22.008446258856893,21.829298350034136,21.98157501220703,4100,0.0,0.0,0.0
2021-01-04 00:00:00-05:00,22.33091477706104,22.33091477706104,21.847211837768555,21.847211837768555,3800,0.0,0.0,0.0
2021-01-05 00:00:00-05:00,22.053236226211837,22.286128354877125,22.044278573802018,22.25029945373535,4000,0.0,0.0,0.0
2021-01-06 00:00:00-05:00,22.062192902673683,22.429449829680603,22.062192902673683,22.330917358398438,1900,0.0,0.0,0.0
2021-01-07 00:00:00-05:00,22.402576765332423,22.46527862548828,22.384661460002874,22.46527862548828,3200,0.0,0.0,0.0
2021-01-08 00:00:00-05:00,22.492150836735732,22.653385162353516,22.492150836735732,22.653385162353516,5400,0.0,0.0,0.0
2021-01-11 00:00:00-05:00,22.089067890717406,22.089067890717406,22.01740837097168,22.01740837097168,1600,0.0,0.0,0.0
2021-01-12 00:00:00-05:00,22.00844732636964,22.124895095825195,21.999489674219408,22.124895095825195,2300,0.0,0.0,0.0
2021-01-13 00:00:00-05:00,22.03531837463379,22.16072207688257,22.03531837463379,22.03531837463379,2400,0.0,0.0,0.0
2021-01-14 00:00:00-05:00,22.19655598478484,22.40257687155886,22.19655598478484,22.330917358398438,7500,0.0,0.0,0.0
2021-01-15 00:00:00-05:00,22.17864133032573,22.20551428923621,21.87408796333073,21.90096092224121,4500,0.0,0.0,0.0
2021-01-19 00:00:00-05:00,22.21446894880306,22.21446894880306,22.026363372802734,22.026363372802734,3400,0.0,0.0,0.0
2021-01-20 00:00:00-05:00,22.106979594469585,22.214468002319336,22.071148986188046,22.214468002319336,11800,0.0,0.0,0.0
2021-01-21 00:00:00-05:00,21.972620762987233,21.972620762987233,21.865130634250665,21.874088287353516,1000,0.0,0.0,0.0
2021-01-22 00:00:00-05:00,21.62327744385967,21.62327744385967,21.426214216419712,21.515789031982422,3900,0.0,0.0,0.0
2021-01-25 00:00:00-05:00,21.479956930636614,21.479956930636614,21.247063109746378,21.35455322265625,5500,0.0,0.0,0.0
2021-01-26 00:00:00-05:00,21.632235314059002,21.730767783019758,21.632235314059002,21.712852478027344,2300,0.0,0.0,0.0
2021-01-27 00:00:00-05:00,21.435171449089403,21.60536342447616,21.318723678588867,21.318723678588867,2900,0.0,0.0,0.0
2021-01-28 00:00:00-05:00,21.34559557535241,21.48891458693073,21.247063114205794,21.444128036499023,5500,0.0,0.0,0.0
2021-01-29 00:00:00-05:00,21.148533613023712,21.22915077536922,20.870851516723633,20.870851516723633,7300,0.0,0.0,0.0
2021-02-01 00:00:00-05:00,21.300811767578125,21.372471282594045,21.211236946683822,21.300811767578125,8100,0.0,0.0,0.0
2021-02-02 00:00:00-05:00,21.50683244032063,21.614320857499347,21.50683244032063,21.569534301757812,800,0.0,0.0,0.0
2021-02-03 00:00:00-05:00,21.69493769949976,21.69493769949976,21.55161867307761,21.596406936645508,800,0.0,0.0,0.0
2021-02-04 00:00:00-05:00,21.685978029913663,21.685978029913663,21.453085915010625,21.551616668701172,1400,0.0,0.0,0.0
2021-02-05 00:00:00-05:00,21.721810449712958,21.81138526749376,21.721810449712958,21.775554656982422,2700,0.0,0.0,0.0
2021-02-08 00:00:00-05:00,21.80242771224244,21.909916127261443,21.766597101571072,21.820343017578125,6800,0.0,0.0,0.0
2021-02-09 00:00:00-05:00,21.900957855262714,21.99948860714115,21.86512724839974,21.98157501220703,3300,0.0,0.0,0.0
2021-02-10 00:00:00-05:00,21.605364483355633,21.89200253479359,21.605364483355633,21.73076820373535,4300,0.0,0.0,0.0
2021-02-11 00:00:00-05:00,22.03532229979839,22.03532229979839,21.847215004420253,21.90096092224121,5800,0.0,0.0,0.0
2021-02-12 00:00:00-05:00,21.89200210571289,21.93678865968568,21.89200210571289,21.89200210571289,1400,0.0,0.0,0.0
2021-02-16 00:00:00-05:00,22.14281221012995,22.14281221012995,21.963664264151003,21.97262191772461,2700,0.0,0.0,0.0
2021-02-17 00:00:00-05:00,21.927829650361794,22.160723475304046,21.927829650361794,22.151765823364258,5300,0.0,0.0,0.0
2021-02-18 00:00:00-05:00,21.972618847931933,21.972618847931933,21.775553913839975,21.78451156616211,1000,0.0,0.0,0.0
2021-02-19 00:00:00-05:00,21.820341753347215,21.820341753347215,21.721809288207297,21.7665958404541,1200,0.0,0.0,0.0
2021-02-22 00:00:00-05:00,21.426217614782455,21.43517526860923,21.408302307128906,21.408302307128906,2200,0.0,0.0,0.0
2021-02-23 00:00:00-05:00,21.488917021458615,21.79347038269043,21.488917021458615,21.79347038269043,5100,0.0,0.0,0.0
2021-02-24 00:00:00-05:00,21.632234893680817,21.78451156616211,21.632234893680817,21.78451156616211,3900,0.0,0.0,0.0
2021-02-25 00:00:00-05:00,21.83825608029656,21.83825608029656,21.35455480754631,21.381427764892578,3800,0.0,0.0,0.0
2021-02-26 00:00:00-05:00,21.42621389697888,21.42621389697888,21.273937225341797,21.273937225341797,3500,0.0,0.0,0.0
2021-03-01 00:00:00-05:00,21.57849056784251,21.57849056784251,21.453086853027344,21.453086853027344,700,0.0,0.0,0.0
2021-03-02 00:00:00-05:00,21.41725340059233,21.462039947509766,21.211232551176522,21.462039947509766,6600,0.0,0.0,0.0
2021-03-03 00:00:00-05:00,21.497873405890623,21.52474636270708,21.372469691075455,21.453086853027344,9400,0.0,0.0,0.0
2021-03-04 00:00:00-05:00,21.488915004102704,21.488915004102704,21.193319323421743,21.282894134521484,3500,0.0,0.0,0.0
2021-03-05 00:00:00-05:00,21.47995800184676,21.587448120117188,21.30081008272601,21.587448120117188,4600,0.0,0.0,0.0
2021-03-08 00:00:00-05:00,21.5068302091444,21.659106874764646,21.29185168859183,21.327680587768555,9800,0.0,0.0,0.0
2021-03-09 00:00:00-05:00,21.40829625669672,21.470998107265512,21.34559440612793,21.34559440612793,12000,0.0,0.0,0.0
2021-03-10 00:00:00-05:00,21.49787404658301,21.5784912109375,21.40829922968941,21.5784912109375,4500,0.0,0.0,0.0
2021-03-11 00:00:00-05:00,21.838256084016766,22.21446894444105,21.82034248761371,22.20551300048828,2400,0.0,0.0,0.0
2021-03-12 00:00:00-05:00,22.035322923478553,22.11594009399414,22.035322923478553,22.11594009399414,3600,0.0,0.0,0.0
2021-03-15 00:00:00-04:00,22.035319992781833,22.438404083251953,22.035319992781833,22.438404083251953,4800,0.0,0.0,0.0
2021-03-16 00:00:00-04:00,22.40257602556315,22.438404926541562,22.36674541608724,22.384660720825195,1600,0.0,0.0,0.0
2021-03-17 00:00:00-04:00,22.259255856317296,22.644426345825195,22.259255856317296,22.644426345825195,2000,0.0,0.0,0.0
2021-03-18 00:00:00-04:00,22.644426345825195,22.644426345825195,22.644426345825195,22.644426345825195,400,0.0,0.0,0.0
2021-03-19 00:00:00-04:00,22.43840376570755,22.617553386823932,22.43840376570755,22.554851531982422,8600,0.0,0.0,0.0
2021-03-22 00:00:00-04:00,22.44736247778355,22.51902198791504,22.44736247778355,22.51902198791504,700,0.0,0.0,0.0
2021-03-23 00:00:00-04:00,21.945743990283216,22.187595456542024,21.945743990283216,22.053234100341797,4700,0.0,0.0,0.0
2021-03-24 00:00:00-04:00,21.94574749346861,21.94574749346861,21.721811294555664,21.721811294555664,6800,0.0,0.0,0.0
2021-03-25 00:00:00-04:00,21.677023680370215,21.74868319218559,21.5784912109375,21.5784912109375,14900,0.0,0.0,0.0
2021-03-26 00:00:00-04:00,21.865127792364667,22.062191009521484,21.81138358923052,22.062191009521484,2000,0.0,0.0,0.0
2021-03-29 00:00:00-04:00,22.035322073799243,22.259258270263672,22.035322073799243,22.259258270263672,3800,0.0,0.0,0.0
2021-03-30 00:00:00-04:00,22.133853263826307,22.25925869803475,22.124897319273497,22.187599182128906,5200,0.0,0.0,0.0
2021-03-31 00:00:00-04:00,21.954705328310514,22.232385738883448,21.954705328310514,22.187599182128906,1300,0.0,0.0,0.0
2021-04-01 00:00:00-04:00,22.214466180925296,22.214466180925296,22.08010482788086,22.08010482788086,3400,0.0,0.0,0.0
2021-04-05 00:00:00-04:00,22.160725480307647,22.259257952062683,22.160725480307647,22.196556091308594,2300,0.0,0.0,0.0
2021-04-06 00:00:00-04:00,22.205514061491535,22.39361964644281,22.196556408613247,22.259258270263672,5700,0.0,0.0,0.0
2021-04-07 00:00:00-04:00,22.133854122844806,22.17864238983521,22.035323352461294,22.044281005859375,14000,0.0,0.0,0.0
2021-04-08 00:00:00-04:00,22.295085067729588,22.44736173528428,22.295085067729588,22.438404083251953,500,0.0,0.0,0.0
2021-04-09 00:00:00-04:00,22.1696816480789,22.205512256679825,22.124895095825195,22.124895095825195,1000,0.0,0.0,0.0
2021-04-12 00:00:00-04:00,22.089065231469508,22.089065231469508,21.963661514135957,22.026363372802734,1100,0.0,0.0,0.0
2021-04-13 00:00:00-04:00,22.250298610600876,22.295085162455365,22.14280849425369,22.214468002319336,1000,0.0,0.0,0.0
2021-04-14 00:00:00-04:00,22.21446767844536,22.34883074904477,22.151765823364258,22.151765823364258,3200,0.0,0.0,0.0
2021-04-15 00:00:00-04:00,22.17863962203826,22.348831598367212,22.17863962203826,22.277172088623047,1800,0.0,0.0,0.0
2021-04-16 00:00:00-04:00,22.268216239682644,22.32196044921875,22.133853153095952,22.32196044921875,1500,0.0,0.0,0.0
2021-04-19 00:00:00-04:00,22.25029796423591,22.25029796423591,22.133850199201113,22.178638458251953,1200,0.0,0.0,0.0
2021-04-20 00:00:00-04:00,22.151766566424836,22.196554827626155,22.14280891418457,22.14280891418457,3800,0.0,0.0,0.0
2021-04-21 00:00:00-04:00,22.124894154384556,22.160723052963466,22.124894154384556,22.13385009765625,1800,0.0,0.0,0.0
2021-04-22 00:00:00-04:00,22.053236653415095,22.053236653415095,21.92783122574584,21.99949073791504,6600,0.0,0.0,0.0
2021-04-23 00:00:00-04:00,22.017404142663704,22.214467356995236,22.017404142663704,22.178638458251953,1700,0.0,0.0,0.0
2021-04-26 00:00:00-04:00,21.990530955425406,22.02636156228838,21.92782910191257,21.98157501220703,5500,0.0,0.0,0.0
2021-04-27 00:00:00-04:00,21.793468470959034,21.90095858664019,21.61431884765625,21.61431884765625,3800,0.0,0.0,0.0
2021-04-28 00:00:00-04:00,21.6411917106015,21.838254928588867,21.6411917106015,21.838254928588867,15400,0.0,0.0,0.0
2021-04-29 00:00:00-04:00,21.945746955293398,21.945746955293398,21.847214483468775,21.927831649780273,1400,0.0,0.0,0.0
2021-04-30 00:00:00-04:00,21.712851311322524,21.712851311322524,21.560574644064385,21.61431884765625,5000,0.0,0.0,0.0
2021-05-03 00:00:00-04:00,21.632234993053146,21.73972511291504,21.632234993053146,21.73972511291504,1900,0.0,0.0,0.0
2021-05-04 00:00:00-04:00,21.49787394621751,21.62327766418457,21.49787394621751,21.62327766418457,1000,0.0,0.0,0.0
2021-05-05 00:00:00-04:00,21.76659445834868,21.83825396249191,21.76659445834868,21.82929801940918,1300,0.0,0.0,0.0
2021-05-06 00:00:00-04:00,22.124898504839127,22.124898504839127,21.95470650475638,22.01740837097168,1600,0.0,0.0,0.0
2021-05-07 00:00:00-04:00,22.286128032405774,22.321958641526596,22.22342617494181,22.277172088623047,2800,0.0,0.0,0.0
2021-05-10 00:00:00-04:00,22.142810073252534,22.357788612779544,22.142810073252534,22.241342544555664,2900,0.0,0.0,0.0
2021-05-11 00:00:00-04:00,21.784511050819702,22.259256361677096,21.784511050819702,22.169681549072266,2300,0.0,0.0,0.0
2021-05-12 00:00:00-04:00,21.909915486862342,21.909915486862342,21.515789031982422,21.515789031982422,3700,0.0,0.0,0.0
2021-05-13 00:00:00-04:00,21.73076820373535,21.829300674603733,21.66806634354549,21.73076820373535,5000,0.0,0.0,0.0
2021-05-14 00:00:00-04:00,21.95470376169861,22.080107478461052,21.95470376169861,22.071149826049805,2300,0.0,0.0,0.0
2021-05-17 00:00:00-04:00,21.98157501220703,22.02636156228838,21.98157501220703,21.98157501220703,1500,0.0,0.0,0.0
2021-05-18 00:00:00-04:00,22.286128997802734,22.286128997802734,22.286128997802734,22.286128997802734,400,0.0,0.0,0.0
2021-05-19 00:00:00-04:00,22.02636358846582,22.24134212392715,22.02636358846582,22.223426818847656,2700,0.0,0.0,0.0
2021-05-20 00:00:00-04:00,22.080109377105316,22.16072654724121,22.062194070742308,22.16072654724121,500,0.0,0.0,0.0
2021-05-21 00:00:00-04:00,22.053235908498575,22.053235908498575,21.963661094188357,22.008447647094727,600,0.0,0.0,0.0
2021-05-24 00:00:00-04:00,21.98157755079562,22.20551374405883,21.98157755079562,22.196556091308594,2300,0.0,0.0,0.0
2021-05-25 00:00:00-04:00,22.20551057476079,22.23238182067871,22.20551057476079,22.23238182067871,500,0.0,0.0,0.0
2021-05-26 00:00:00-04:00,22.23238182067871,22.23238182067871,22.23238182067871,22.23238182067871,400,0.0,0.0,0.0
2021-05-27 00:00:00-04:00,22.250299773418323,22.366745839424016,22.250299773418323,22.31300163269043,900,0.0,0.0,0.0
2021-05-28 00:00:00-04:00,22.232384790290872,22.321959608475677,22.232384790290872,22.286128997802734,2700,0.0,0.0,0.0
2021-06-01 00:00:00-04:00,22.572767480948535,22.680255889892578,22.572767480948535,22.680255889892578,7500,0.0,0.0,0.0
2021-06-02 00:00:00-04:00,22.72504530920977,22.868364334106445,22.72504530920977,22.868364334106445,6700,0.0,0.0,0.0
2021-06-03 00:00:00-04:00,22.868364334106445,22.868364334106445,22.868364334106445,22.868364334106445,0,0.0,0.0,0.0
2021-06-04 00:00:00-04:00,22.841490534978746,22.841490534978746,22.734000416016425,22.83253288269043,1300,0.0,0.0,0.0
2021-06-07 00:00:00-04:00,22.886276245117188,22.886276245117188,22.886276245117188,22.886276245117188,400,0.0,0.0,0.0
2021-06-08 00:00:00-04:00,22.85940668148821,22.868364334106445,22.85940668148821,22.868364334106445,300,0.0,0.0,0.0
2021-06-09 00:00:00-04:00,22.922106852950964,22.922106852950964,22.841489693822385,22.886276245117188,300,0.0,0.0,0.0
2021-06-10 00:00:00-04:00,23.25437316745901,23.309586857431217,23.24517059326172,23.24517059326172,900,0.68,0.0,0.0
2021-06-11 00:00:00-04:00,23.3095871027258,23.346397399902344,23.29118195413753,23.346397399902344,900,0.0,0.0,0.0
2021-06-14 00:00:00-04:00,23.530444096981007,23.548849245942247,23.456825256347656,23.456825256347656,1600,0.0,0.0,0.0
2021-06-15 00:00:00-04:00,23.199156716916413,23.199156716916413,23.079526767958995,23.171550750732422,2600,0.0,0.0,0.0
2021-06-16 00:00:00-04:00,23.374001220612993,23.374001220612993,23.00590705871582,23.00590705871582,5000,0.0,0.0,0.0
2021-06-17 00:00:00-04:00,23.36480131664812,23.36480131664812,23.26357650756836,23.26357650756836,1000,0.0,0.0,0.0
2021-06-18 00:00:00-04:00,23.107133771928464,23.107133771928464,22.72063446044922,22.72063446044922,1500,0.0,0.0,0.0
2021-06-21 00:00:00-04:00,22.637815335759594,22.729839324951172,22.637815335759594,22.729839324951172,2900,0.0,0.0,0.0
2021-06-22 00:00:00-04:00,22.729839324951172,22.729839324951172,22.729839324951172,22.729839324951172,0,0.0,0.0,0.0
2021-06-23 00:00:00-04:00,22.729839324951172,22.729839324951172,22.729839324951172,22.729839324951172,0,0.0,0.0,0.0
2021-06-24 00:00:00-04:00,22.923084135335525,23.015108108520508,22.923084135335525,23.015108108520508,700,0.0,0.0,0.0
2021-06-25 00:00:00-04:00,22.987504339463868,22.987504339463868,22.913885499309753,22.92308807373047,1800,0.0,0.0,0.0
2021-06-28 00:00:00-04:00,22.821860365808348,22.895479202270508,22.794254399142233,22.895479202270508,2100,0.0,0.0,0.0
2021-06-29 00:00:00-04:00,22.610208745378273,22.665422439575195,22.610208745378273,22.665422439575195,200,0.0,0.0,0.0
2021-06-30 00:00:00-04:00,22.665422439575195,22.665422439575195,22.665422439575195,22.665422439575195,0,0.0,0.0,0.0
2021-07-01 00:00:00-04:00,22.610205871109915,22.610205871109915,22.315730532545214,22.39855194091797,2700,0.0,0.0,0.0
2021-07-02 00:00:00-04:00,22.36174138335158,22.582599639892578,22.36174138335158,22.582599639892578,1300,0.0,0.0,0.0
2021-07-06 00:00:00-04:00,22.370946699947982,22.370946699947982,22.07647132873535,22.07647132873535,1400,0.0,0.0,0.0
2021-07-07 00:00:00-04:00,22.113282859362815,22.251317977905273,22.039664012459387,22.251317977905273,1600,0.0,0.0,0.0
2021-07-08 00:00:00-04:00,21.83720780274222,21.966042083153265,21.772791540142457,21.883220672607422,3800,0.0,0.0,0.0
2021-07-09 00:00:00-04:00,21.966043180524128,22.131684254679335,21.966043180524128,22.05806541442871,1000,0.0,0.0,0.0
2021-07-12 00:00:00-04:00,22.067269604153932,22.242115020751953,22.067269604153932,22.242115020751953,1700,0.0,0.0,0.0
2021-07-13 00:00:00-04:00,22.2237073431149,22.2237073431149,22.177696228027344,22.177696228027344,1500,0.0,0.0,0.0
2021-07-14 00:00:00-04:00,22.297328570054916,22.380149990257966,22.297328570054916,22.334138870239258,4000,0.0,0.0,0.0
2021-07-15 00:00:00-04:00,22.499780796931972,22.499780796931972,22.343340537924977,22.407756805419922,800,0.0,0.0,0.0
2021-07-16 00:00:00-04:00,22.407756805419922,22.407756805419922,22.407756805419922,22.407756805419922,100,0.0,0.0,0.0
2021-07-19 00:00:00-04:00,22.03966003588489,22.03966003588489,21.71757698059082,21.71757698059082,1700,0.0,0.0,0.0
2021-07-20 00:00:00-04:00,21.54273121191509,21.726779170320302,21.54273121191509,21.7083740234375,3000,0.0,0.0,0.0
2021-07-21 00:00:00-04:00,21.763587681194156,21.901622772216797,21.763587681194156,21.901622772216797,1900,0.0,0.0,0.0
2021-07-22 00:00:00-04:00,21.864816901767835,21.92003059387207,21.864816901767835,21.92003059387207,500,0.0,0.0,0.0
2021-07-23 00:00:00-04:00,21.73598479749959,21.73598479749959,21.689971923828125,21.689971923828125,1100,0.0,0.0,0.0
2021-07-26 00:00:00-04:00,21.625555184840376,21.625555184840376,21.542733769247462,21.579544067382812,2800,0.0,0.0,0.0
2021-07-27 00:00:00-04:00,21.551933914685247,21.616350173950195,21.432303969651972,21.616350173950195,1300,0.0,0.0,0.0
2021-07-28 00:00:00-04:00,21.855613434359892,22.039661407470703,21.855613434359892,22.039661407470703,3400,0.0,0.0,0.0
2021-07-29 00:00:00-04:00,21.947635009617215,21.947635009617215,21.83720588684082,21.83720588684082,1000,0.0,0.0,0.0
2021-07-30 00:00:00-04:00,21.93843487520509,21.93843487520509,21.73598350868975,21.75438690185547,1000,0.0,0.0,0.0
2021-08-02 00:00:00-04:00,22.07647147652163,22.07647147652163,22.0120552080391,22.030460357666016,1400,0.0,0.0,0.0
2021-08-03 00:00:00-04:00,21.874017582593503,21.993647530997745,21.85561243508163,21.966041564941406,1300,0.0,0.0,0.0
2021-08-04 00:00:00-04:00,21.901625062326797,21.9200302111107,21.85561394557864,21.91082763671875,2000,0.0,0.0,0.0
2021-08-05 00:00:00-04:00,21.781994487638382,21.846410751342773,21.781994487638382,21.846410751342773,1500,0.0,0.0,0.0
2021-08-06 00:00:00-04:00,21.441506198231718,21.47831649463938,21.43230537934134,21.459911346435547,2500,0.0,0.0,0.0
2021-08-09 00:00:00-04:00,21.689969259778834,21.71757698059082,21.634755573366306,21.71757698059082,1500,0.0,0.0,0.0
2021-08-10 00:00:00-04:00,21.60714722852375,21.66236266855306,21.60714722852375,21.653160095214844,1600,0.0,0.0,0.0
2021-08-11 00:00:00-04:00,21.78199296844679,21.85561180114746,21.78199296844679,21.85561180114746,1100,0.0,0.0,0.0
2021-08-12 00:00:00-04:00,21.68076618941558,21.68076618941558,21.542731098941253,21.56113624572754,9500,0.0,0.0,0.0
2021-08-13 00:00:00-04:00,21.533531194713625,21.579544067382812,21.533531194713625,21.579544067382812,1000,0.0,0.0,0.0
2021-08-16 00:00:00-04:00,21.662363558432325,21.662363558432325,21.50592331567891,21.53352928161621,1300,0.0,0.0,0.0
2021-08-17 00:00:00-04:00,21.303471515440965,21.303471515440965,21.193044134472707,21.2298526763916,800,0.0,0.0,0.0
2021-08-18 00:00:00-04:00,21.349485156243443,21.395496274103095,21.248258590698242,21.248258590698242,5100,0.0,0.0,0.0
2021-08-19 00:00:00-04:00,21.036603920691853,21.036603920691853,20.990591049194336,20.990591049194336,1500,0.0,0.0,0.0
2021-08-20 00:00:00-04:00,21.156230926513672,21.156230926513672,21.156230926513672,21.156230926513672,400,0.0,0.0,0.0
2021-08-23 00:00:00-04:00,21.634755955291105,21.72677993774414,21.616350807758202,21.72677993774414,800,0.0,0.0,0.0
2021-08-24 00:00:00-04:00,21.88321977423755,21.966041181383336,21.88321977423755,21.956838607788086,1800,0.0,0.0,0.0
2021-08-25 00:00:00-04:00,21.90162455003182,22.039661407470703,21.90162455003182,22.039661407470703,1800,0.0,0.0,0.0
2021-08-26 00:00:00-04:00,21.910824857268256,21.910824857268256,21.791194915771484,21.791194915771484,1300,0.0,0.0,0.0
2021-08-27 00:00:00-04:00,22.039661263169364,22.08567237854004,22.039661263169364,22.08567237854004,200,0.0,0.0,0.0
2021-08-30 00:00:00-04:00,22.29732742974453,22.352542877197266,22.29732742974453,22.352542877197266,400,0.0,0.0,0.0
2021-08-31 00:00:00-04:00,22.42616295266978,22.499781798112938,22.42616295266978,22.48137664794922,600,0.0,0.0,0.0
2021-09-01 00:00:00-04:00,22.51818452286268,22.656221389770508,22.51818452286268,22.656221389770508,2300,0.0,0.0,0.0
2021-09-02 00:00:00-04:00,22.720636750510852,22.729839324951172,22.720636750510852,22.729839324951172,800,0.0,0.0,0.0
2021-09-03 00:00:00-04:00,22.729839324951172,22.729839324951172,22.729839324951172,22.729839324951172,100,0.0,0.0,0.0
2021-09-07 00:00:00-04:00,22.877076301416896,23.097932815551758,22.877076301416896,23.097932815551758,1200,0.0,0.0,0.0
2021-09-08 00:00:00-04:00,23.2451697571941,23.2451697571941,22.858670430866916,22.88627815246582,2600,0.0,0.0,0.0
2021-09-09 00:00:00-04:00,22.895479202270508,22.895479202270508,22.895479202270508,22.895479202270508,100,0.0,0.0,0.0
2021-09-10 00:00:00-04:00,23.005910456414878,23.005910456414878,22.61941109053864,22.656221389770508,1500,0.0,0.0,0.0
2021-09-13 00:00:00-04:00,22.91388283708707,23.02431196209396,22.91388283708707,22.950693130493164,1800,0.0,0.0,0.0
2021-09-14 00:00:00-04:00,22.75744514725779,22.831063987097068,22.75744514725779,22.775850296020508,900,0.0,0.0,0.0
2021-09-15 00:00:00-04:00,22.656218823529702,22.785051345825195,22.656218823529702,22.785051345825195,500,0.0,0.0,0.0
2021-09-16 00:00:00-04:00,22.536586005653962,22.573396298896597,22.444562027758767,22.564193725585938,6100,0.0,0.0,0.0
2021-09-17 00:00:00-04:00,22.453766252306536,22.462968826293945,22.453766252306536,22.462968826293945,300,0.0,0.0,0.0
2021-09-20 00:00:00-04:00,21.84640909806753,21.947635650634766,21.82800395119868,21.947635650634766,1700,0.0,0.0,0.0
2021-09-21 00:00:00-04:00,22.42615966211271,22.490575923022305,22.315730532545214,22.39855194091797,1700,0.0,0.0,0.0
2021-09-22 00:00:00-04:00,22.803457635773736,22.895479867616988,22.711433648718923,22.766647338867188,7300,0.0,0.0,0.0
2021-09-23 00:00:00-04:00,23.18995918724987,23.254375457763672,23.18995918724987,23.254375457763672,5900,0.0,0.0,0.0
2021-09-24 00:00:00-04:00,23.033517832450322,23.033517832450322,22.89548096763034,22.987504959106445,1200,0.0,0.0,0.0
2021-09-27 00:00:00-04:00,22.84026680474364,22.93229079432576,22.84026680474364,22.877077102661133,2700,0.0,0.0,0.0
2021-09-28 00:00:00-04:00,23.079526794054527,23.079526794054527,22.932289123535156,22.932289123535156,3900,0.0,0.0,0.0
2021-09-29 00:00:00-04:00,22.77585135185073,22.77585135185073,22.656221389770508,22.656221389770508,600,0.0,0.0,0.0
2021-09-30 00:00:00-04:00,23.00590705871582,23.00590705871582,23.00590705871582,23.00590705871582,800,0.0,0.0,0.0
2021-10-01 00:00:00-04:00,22.941492080688477,22.941492080688477,22.941492080688477,22.941492080688477,300,0.0,0.0,0.0
2021-10-04 00:00:00-04:00,22.89547937808394,22.950694822263195,22.46296892994895,22.610206604003906,13600,0.0,0.0,0.0
2021-10-05 00:00:00-04:00,22.886278630631338,22.996706008911133,22.867873482514195,22.996706008911133,1700,0.0,0.0,0.0
2021-10-06 00:00:00-04:00,22.821861510314214,22.987504339463868,22.785052967842958,22.92308807373047,5100,0.0,0.0,0.0
2021-10-07 00:00:00-04:00,22.886279385962368,22.996706767886675,22.886279385962368,22.969099044799805,2500,0.0,0.0,0.0
2021-10-08 00:00:00-04:00,22.84026541736894,22.84026541736894,22.71143289290655,22.794254302978516,3200,0.0,0.0,0.0
2021-10-11 00:00:00-04:00,22.610205737787478,22.82185966673139,22.435360348341373,22.490575790405273,16600,0.0,0.0,0.0
2021-10-12 00:00:00-04:00,22.693026870711172,22.693026870711172,22.6194080373961,22.628610610961914,400,0.0,0.0,0.0
2021-10-13 00:00:00-04:00,22.785051345825195,22.886277902035353,22.785051345825195,22.785051345825195,6200,0.0,0.0,0.0
2021-10-14 00:00:00-04:00,22.86787300473322,22.88627815246582,22.86787300473322,22.88627815246582,600,0.0,0.0,0.0
2021-10-15 00:00:00-04:00,22.941491554809083,22.978300094604492,22.932288981057365,22.978300094604492,1300,0.0,0.0,0.0
2021-10-18 00:00:00-04:00,22.84026500833378,23.02431297302246,22.8310624345782,23.02431297302246,12100,0.0,0.0,0.0
2021-10-19 00:00:00-04:00,23.15314472347469,23.15314472347469,23.00590705871582,23.00590705871582,300,0.0,0.0,0.0
2021-10-20 00:00:00-04:00,23.08872999428532,23.08872999428532,22.932289745712662,22.996706008911133,700,0.0,0.0,0.0
2021-10-21 00:00:00-04:00,22.74824333190918,22.74824333190918,22.74824333190918,22.74824333190918,800,0.0,0.0,0.0
2021-10-22 00:00:00-04:00,22.499781176530394,22.508981996146346,22.251316921819456,22.370946884155273,3200,0.0,0.0,0.0
2021-10-25 00:00:00-04:00,22.60100274917575,22.729837023081444,22.60100274917575,22.67462158203125,400,0.0,0.0,0.0
2021-10-26 00:00:00-04:00,22.545791915082177,22.545791915082177,22.36174393205807,22.407756805419922,900,0.0,0.0,0.0
2021-10-27 00:00:00-04:00,22.407755417446893,22.42616056565159,22.324934005737305,22.324934005737305,1100,0.0,0.0,0.0
2021-10-28 00:00:00-04:00,22.35254249446183,22.35254249446183,22.269721079912483,22.343339920043945,800,0.0,0.0,0.0
2021-10-29 00:00:00-04:00,22.39855697766434,22.39855697766434,22.18690299987793,22.18690299987793,2300,0.0,0.0,0.0
2021-11-01 00:00:00-04:00,22.113281431750732,22.361743927001953,22.113281431750732,22.361743927001953,2000,0.0,0.0,0.0
2021-11-02 00:00:00-04:00,22.002847175008043,22.08566857257209,21.84640695241054,21.892419815063477,5100,0.0,0.0,0.0
2021-11-03 00:00:00-04:00,21.883223741322556,22.205305099487305,21.883223741322556,22.205305099487305,2100,0.0,0.0,0.0
2021-11-04 00:00:00-04:00,22.05806541442871,22.05806541442871,22.05806541442871,22.05806541442871,500,0.0,0.0,0.0
2021-11-05 00:00:00-04:00,22.067268753983498,22.07647132873535,21.99364991118034,22.07647132873535,1500,0.0,0.0,0.0
2021-11-08 00:00:00-05:00,22.10407786496253,22.288124084472656,22.10407786496253,22.288124084472656,1900,0.0,0.0,0.0
2021-11-09 00:00:00-05:00,22.43536124810585,22.43536124810585,22.380147559039074,22.41695785522461,7800,0.0,0.0,0.0
2021-11-10 00:00:00-05:00,22.38934952628151,22.38934952628151,22.039660498053962,22.0672664642334,12400,0.0,0.0,0.0
2021-11-11 00:00:00-05:00,22.13168449746814,22.159292221069336,22.13168449746814,22.159292221069336,3100,0.0,0.0,0.0
2021-11-12 00:00:00-05:00,22.159292981506617,22.19610328090476,22.131685256958008,22.131685256958008,1900,0.0,0.0,0.0
2021-11-15 00:00:00-05:00,22.18689932324158,22.18689932324158,21.92923250914888,22.09487533569336,12600,0.0,0.0,0.0
2021-11-16 00:00:00-05:00,21.975240973902793,21.975240973902793,21.83720588684082,21.83720588684082,800,0.0,0.0,0.0
2021-11-17 00:00:00-05:00,21.98444686052895,21.98444686052895,21.883222050873123,21.92003059387207,1800,0.0,0.0,0.0
2021-11-18 00:00:00-05:00,21.763588611356003,21.763588611356003,21.634756088256836,21.634756088256836,1600,0.0,0.0,0.0
2021-11-19 00:00:00-05:00,21.726778646126135,21.745182037353516,21.69917092646801,21.745182037353516,1200,0.0,0.0,0.0
2021-11-22 00:00:00-05:00,21.828005740153007,21.828005740153007,21.579543257906035,21.75438690185547,11800,0.0,0.0,0.0
2021-11-23 00:00:00-05:00,21.57954239123131,21.588743209838867,21.40469699909244,21.588743209838867,2800,0.0,0.0,0.0
2021-11-24 00:00:00-05:00,21.515128406966316,21.735986709594727,21.515128406966316,21.735986709594727,1300,0.0,0.0,0.0
2021-11-26 00:00:00-05:00,21.423103759637975,21.423103759637975,21.008996682661028,21.193044662475586,1100,0.0,0.0,0.0
2021-11-29 00:00:00-05:00,21.432305839512598,21.432305839512598,20.990591049194336,20.990591049194336,11800,0.0,0.0,0.0
2021-11-30 00:00:00-05:00,20.677707547159482,20.769731521606445,20.677707547159482,20.769731521606445,1000,0.0,0.0,0.0
2021-12-01 00:00:00-05:00,21.073413466461478,21.073413466461478,21.036604922721754,21.064210891723633,1700,0.0,0.0,0.0
2021-12-02 00:00:00-05:00,21.16543593511192,21.20224623141365,20.990590538101767,21.11942481994629,3900,0.0,0.0,0.0
2021-12-03 00:00:00-05:00,21.404699036119048,21.55193672081299,21.404699036119048,21.542734146118164,3300,0.0,0.0,0.0
2021-12-06 00:00:00-05:00,21.579543020917434,21.72678069589553,21.441506164815372,21.699172973632812,16900,0.0,0.0,0.0
2021-12-07 00:00:00-05:00,21.689968353248638,21.818800867897142,21.63475466914376,21.745182037353516,2300,0.0,0.0,0.0
2021-12-08 00:00:00-05:00,22.04886283999593,22.05806541442871,22.04886283999593,22.05806541442871,300,0.0,0.0,0.0
2021-12-09 00:00:00-05:00,22.214504144038283,22.214504144038283,22.10407676885047,22.113279342651367,700,0.0,0.0,0.0
2021-12-10 00:00:00-05:00,22.113281485278915,22.186900327607788,22.113281485278915,22.168495178222656,2600,0.0,0.0,0.0
2021-12-13 00:00:00-05:00,22.34171506936829,22.34171506936829,22.02507536094255,22.136831283569336,16800,0.286,0.0,0.0
2021-12-14 00:00:00-05:00,21.85744044456328,22.05301284790039,21.82950279858653,22.05301284790039,7500,0.0,0.0,0.0
2021-12-15 00:00:00-05:00,21.931945080566514,21.99713706970215,21.89469429164623,21.99713706970215,1000,0.0,0.0,0.0
2021-12-16 00:00:00-05:00,22.267209640503406,22.42552947998047,22.267209640503406,22.42552947998047,3200,0.0,0.0,0.0
2021-12-17 00:00:00-05:00,22.239270484333026,22.444156029812383,22.16476713405871,22.38827896118164,4200,0.0,0.0,0.0
2021-12-20 00:00:00-05:00,22.11820305691277,22.11820305691277,21.80156337630981,22.05301284790039,11900,0.0,0.0,0.0
2021-12-21 00:00:00-05:00,22.05301284790039,22.05301284790039,22.05301284790039,22.05301284790039,700,0.0,0.0,0.0
2021-12-22 00:00:00-05:00,22.062327657408368,22.174081802368164,22.062327657408368,22.174081802368164,1500,0.0,0.0,0.0
2021-12-23 00:00:00-05:00,22.50003334612773,22.602476119995117,22.49072020520342,22.602476119995117,5300,0.0,0.0,0.0
2021-12-27 00:00:00-05:00,22.770109824816338,23.012244391313065,22.75148354237811,22.90980339050293,14700,0.0,0.0,0.0
2021-12-28 00:00:00-05:00,22.72354507446289,22.72354507446289,22.57453836129003,22.72354507446289,3900,0.0,0.0,0.0
2021-12-29 00:00:00-05:00,22.583850384095793,22.583850384095793,22.378966607708097,22.490720748901367,1100,0.0,0.0,0.0
2021-12-30 00:00:00-05:00,22.61179183280918,22.84461505349844,22.61179183280918,22.82598876953125,4300,0.0,0.0,0.0
2021-12-31 00:00:00-05:00,22.770110812590858,22.807361602783203,22.751484529344612,22.807361602783203,3900,0.0,0.0,0.0
2022-01-03 00:00:00-05:00,23.021558148559627,23.058810714432916,22.80736122368855,22.965681076049805,17500,0.0,0.0,0.0
2022-01-04 00:00:00-05:00,22.853926804167344,22.853926804167344,22.58385103198553,22.630414962768555,2300,0.0,0.0,0.0
2022-01-05 00:00:00-05:00,22.378968423565784,22.472096290016673,22.239273071289062,22.239273071289062,1900,0.0,0.0,0.0
2022-01-06 00:00:00-05:00,22.1182036744662,22.14614309752301,22.09957739242833,22.108890533447266,1000,0.0,0.0,0.0
2022-01-07 00:00:00-05:00,22.21133433659872,22.21133433659872,22.09026527404785,22.09026527404785,2600,0.0,0.0,0.0
2022-01-10 00:00:00-05:00,22.090264486024374,22.090264486024374,21.866754428096137,21.987823486328125,17900,0.0,0.0,0.0
2022-01-11 00:00:00-05:00,22.043699782119866,22.220645904541016,22.043699782119866,22.220645904541016,2100,0.0,0.0,0.0
2022-01-12 00:00:00-05:00,22.313775934264978,22.518661499023438,22.25789886037638,22.518661499023438,1700,0.0,0.0,0.0
2022-01-13 00:00:00-05:00,22.444157161836177,22.444157161836177,22.248584747314453,22.248584747314453,4100,0.0,0.0,0.0
2022-01-14 00:00:00-05:00,22.29515139801422,22.434844970703125,22.285838256328272,22.434844970703125,1400,0.0,0.0,0.0
2022-01-18 00:00:00-05:00,22.276525747356217,22.574539184570312,22.03438938554471,22.574539184570312,16700,0.0,0.0,0.0
2022-01-19 00:00:00-05:00,22.434842832694162,22.56522325127205,22.388278905002053,22.555910110473633,9100,0.0,0.0,0.0
2022-01-20 00:00:00-05:00,22.45347125407502,22.565225401706083,22.406905545645284,22.434844970703125,4500,0.0,0.0,0.0
2022-01-21 00:00:00-05:00,22.18339388529873,22.323087447982722,22.108890533447266,22.108890533447266,4300,0.0,0.0,0.0
2022-01-24 00:00:00-05:00,21.87606488281107,22.676977157592773,21.466295605446035,22.676977157592773,11800,0.0,0.0,0.0
2022-01-25 00:00:00-05:00,21.652559422006778,21.78293985656194,21.49423956163257,21.615306854248047,4600,0.0,0.0,0.0
2022-01-26 00:00:00-05:00,21.913319619907906,21.978509829904358,21.810876846313477,21.810876846313477,1600,0.0,0.0,0.0
2022-01-27 00:00:00-05:00,21.93194515436029,21.93194515436029,21.792251586914062,21.792251586914062,1000,0.0,0.0,0.0
2022-01-28 00:00:00-05:00,21.61530504938537,21.86675453186035,21.61530504938537,21.86675453186035,2600,0.0,0.0,0.0
2022-01-31 00:00:00-05:00,22.090266295504748,22.52797508239746,22.01576293675921,22.52797508239746,13000,0.0,0.0,0.0
2022-02-01 00:00:00-05:00,22.406906127929688,22.406906127929688,22.406906127929688,22.406906127929688,900,0.0,0.0,0.0
2022-02-02 00:00:00-05:00,22.416218856881418,22.481409072875977,22.351028640886856,22.481409072875977,2500,0.0,0.0,0.0
2022-02-03 00:00:00-05:00,22.2858383673385,22.40690565725857,22.2858383673385,22.31377601623535,1300,0.0,0.0,0.0
2022-02-04 00:00:00-05:00,22.25789836190291,22.41621821462511,22.2392720789238,22.34171485900879,1100,0.0,0.0,0.0
2022-02-07 00:00:00-05:00,22.48140937299388,22.602478441143,22.48140937299388,22.52797508239746,11200,0.0,0.0,0.0
2022-02-08 00:00:00-05:00,22.686294555664062,22.686294555664062,22.686294555664062,22.686294555664062,700,0.0,0.0,0.0
2022-02-09 00:00:00-05:00,23.030870031194137,23.3847622824467,23.030870031194137,23.10537338256836,2600,0.0,0.0,0.0
2022-02-10 00:00:00-05:00,23.39407846850769,23.468581829579676,23.338199615478516,23.338199615478516,1400,0.0,0.0,0.0
2022-02-11 00:00:00-05:00,23.3568237862973,23.3568237862973,23.20781707763672,23.20781707763672,1900,0.0,0.0,0.0
2022-02-14 00:00:00-05:00,22.9098052710834,22.93774292073398,22.649042624443354,22.82598876953125,13400,0.0,0.0,0.0
2022-02-15 00:00:00-05:00,23.058812511284074,23.08675193786621,23.058812511284074,23.08675193786621,1100,0.0,0.0,0.0
2022-02-16 00:00:00-05:00,23.170564651489258,23.170564651489258,23.170564651489258,23.170564651489258,400,0.0,0.0,0.0
2022-02-17 00:00:00-05:00,23.012244597088916,23.040184020996094,23.012244597088916,23.040184020996094,1800,0.0,0.0,0.0
2022-02-18 00:00:00-05:00,22.965681076049805,22.965681076049805,22.965681076049805,22.965681076049805,400,0.0,0.0,0.0
2022-02-22 00:00:00-05:00,22.835301057591664,23.002934054427353,22.574538420702805,22.891178131103516,18700,0.0,0.0,0.0
2022-02-23 00:00:00-05:00,22.816675491259215,22.816675491259215,22.388281620373952,22.406906127929688,6700,0.0,0.0,0.0
2022-02-24 00:00:00-05:00,21.745688678492495,21.77362632751465,21.28004224758816,21.77362632751465,12100,0.0,0.0,0.0
2022-02-25 00:00:00-05:00,22.220643956656634,22.676977157592773,22.155453753137163,22.676977157592773,2800,0.0,0.0,0.0
2022-02-28 00:00:00-05:00,22.61179164229339,22.61179164229339,21.69912327489302,22.239273071289062,17600,0.0,0.0,0.0
2022-03-01 00:00:00-05:00,21.96919651339172,22.043699863692115,21.64324368971499,21.764312744140625,8500,0.0,0.0,0.0
2022-03-02 00:00:00-05:00,21.531490566517054,22.080951690673828,20.851645464668714,22.080951690673828,5900,0.0,0.0,0.0
2022-03-03 00:00:00-05:00,21.587366806693083,21.587366806693083,20.972713717354452,21.18691062927246,7200,0.0,0.0,0.0
2022-03-04 00:00:00-05:00,20.90752521406836,21.17759921716418,20.553632935984005,20.68401336669922,9100,0.0,0.0,0.0
2022-03-07 00:00:00-05:00,20.86095822961215,21.177597921665107,19.864475224274926,20.488441467285156,22400,0.0,0.0,0.0
2022-03-08 00:00:00-05:00,19.97623144156316,20.23699229096385,19.90172808797724,20.16248893737793,4400,0.0,0.0,0.0
2022-03-09 00:00:00-05:00,20.52569233974943,20.74920237872185,20.25561659913699,20.618820190429688,4500,0.0,0.0,0.0
2022-03-10 00:00:00-05:00,20.47912866807697,20.535005739283847,20.087985617028703,20.246305465698242,3900,0.0,0.0,0.0
2022-03-11 00:00:00-05:00,20.46981703141635,20.46981703141635,19.901729583740234,19.901729583740234,2900,0.0,0.0,0.0
2022-03-14 00:00:00-04:00,19.762034938831093,20.2090568862549,19.14738175946115,19.333641052246094,19400,0.0,0.0,0.0
2022-03-15 00:00:00-04:00,19.017000139562008,19.017000139562008,18.62585707003918,18.849367141723633,5200,0.0,0.0,0.0
2022-03-16 00:00:00-04:00,19.966918026130504,19.966918026130504,19.510584769645856,19.86447525024414,7400,0.0,0.0,0.0
2022-03-17 00:00:00-04:00,19.780658790931973,19.948291778564453,19.640965226671586,19.948291778564453,4700,0.0,0.0,0.0
2022-03-18 00:00:00-04:00,19.92966504067595,20.562944412231445,19.92966504067595,20.562944412231445,3200,0.0,0.0,0.0
2022-03-21 00:00:00-04:00,20.59088254574557,20.67469903239771,20.385997011129263,20.618820190429688,17500,0.0,0.0,0.0
2022-03-22 00:00:00-04:00,20.879586318025076,20.94477653503418,20.842333750419765,20.94477653503418,2300,0.0,0.0,0.0
2022-03-23 00:00:00-04:00,20.553632766529002,20.721265762523732,20.544319624940393,20.637449264526367,3000,0.0,0.0,0.0
2022-03-24 00:00:00-04:00,20.860959275868943,21.261415481567383,20.860959275868943,21.261415481567383,3100,0.0,0.0,0.0
2022-03-25 00:00:00-04:00,20.90752387471173,21.047217438143427,20.90752387471173,21.02859115600586,1300,0.0,0.0,0.0
2022-03-28 00:00:00-04:00,21.30797790843916,21.494237173941773,21.05653020920063,21.18691062927246,14400,0.0,0.0,0.0
2022-03-29 00:00:00-04:00,21.41042075523475,21.522176670178084,21.233474630032806,21.354543685913086,6500,0.0,0.0,0.0
2022-03-30 00:00:00-04:00,21.456989263092176,21.512866339713703,21.373172760009766,21.373172760009766,2200,0.0,0.0,0.0
2022-03-31 00:00:00-04:00,21.298667229600177,21.475611583594844,21.298667229600177,21.41042137145996,2000,0.0,0.0,0.0
2022-04-01 00:00:00-04:00,22.816671934582107,22.816671934582107,21.885379202558347,22.164766311645508,3000,0.0,0.0,0.0
2022-04-04 00:00:00-04:00,22.332401103328962,22.341714244562386,22.192707537427754,22.285837173461914,13100,0.0,0.0,0.0
2022-04-05 00:00:00-04:00,22.127518018471527,22.127518018471527,21.801565170288086,21.801565170288086,3300,0.0,0.0,0.0
2022-04-06 00:00:00-04:00,21.782937423614996,21.82018998721297,21.605993075424625,21.810876846313477,9300,0.0,0.0,0.0
2022-04-07 00:00:00-04:00,21.475610658258404,21.475610658258404,21.3079776763916,21.3079776763916,2600,0.0,0.0,0.0
2022-04-08 00:00:00-04:00,21.512864354370745,21.55942828454143,21.512864354370745,21.540802001953125,2600,0.0,0.0,0.0
2022-04-11 00:00:00-04:00,21.624617667884465,21.624617667884465,21.26141405284364,21.354543685913086,13700,0.0,0.0,0.0
2022-04-12 00:00:00-04:00,21.46629868029653,21.46629868029653,21.196224687558825,21.28935432434082,1600,0.0,0.0,0.0
2022-04-13 00:00:00-04:00,21.55942988293001,21.55942988293001,21.531492233276367,21.531492233276367,800,0.0,0.0,0.0
2022-04-14 00:00:00-04:00,21.661870514105264,21.661870514105264,21.5687408798214,21.652557373046875,2100,0.0,0.0,0.0
2022-04-18 00:00:00-04:00,21.484925611443845,21.503551894622504,21.298668108557674,21.429048538208008,6600,0.0,0.0,0.0
2022-04-19 00:00:00-04:00,21.37317193380481,21.531491791695963,21.34523250842396,21.522178649902344,12900,0.0,0.0,0.0
2022-04-20 00:00:00-04:00,21.2893534029289,21.2893534029289,21.112407278331414,21.18691062927246,2300,0.0,0.0,0.0
2022-04-21 00:00:00-04:00,21.02859167046647,21.224164085095513,20.49775505065918,20.49775505065918,2600,0.0,0.0,0.0
2022-04-22 00:00:00-04:00,20.907525072291197,20.97271528720674,20.60950986991994,20.72126579284668,4700,0.0,0.0,0.0
2022-04-25 00:00:00-04:00,20.618821444729353,20.618821444729353,20.143861916907404,20.479127883911133,13800,0.0,0.0,0.0
2022-04-26 00:00:00-04:00,20.00416987568098,20.022796158884997,19.92966651916504,19.92966651916504,2600,0.0,0.0,0.0
2022-04-27 00:00:00-04:00,20.15317720290058,20.441879272460938,20.134552695429097,20.441879272460938,5600,0.0,0.0,0.0
2022-04-28 00:00:00-04:00,20.42325102351032,20.618821655393997,20.367373953872132,20.609508514404297,2800,0.0,0.0,0.0
2022-04-29 00:00:00-04:00,20.870274235725944,20.898213662848438,20.42325405956776,20.59088706970215,1200,0.0,0.0,0.0
2022-05-02 00:00:00-04:00,20.41393890119748,20.41393890119748,19.957605627730715,20.255619049072266,15700,0.0,0.0,0.0
2022-05-03 00:00:00-04:00,20.38599967956543,20.38599967956543,20.38599967956543,20.38599967956543,100,0.0,0.0,0.0
2022-05-04 00:00:00-04:00,20.24630668802378,20.814395904541016,20.24630668802378,20.814395904541016,1200,0.0,0.0,0.0
2022-05-05 00:00:00-04:00,20.255619847497275,20.255619847497275,19.873789914315132,20.022796630859375,3000,0.0,0.0,0.0
2022-05-06 00:00:00-04:00,19.78065806720598,19.78065806720598,19.64096450805664,19.64096450805664,1400,0.0,0.0,0.0
2022-05-09 00:00:00-04:00,19.808600025197567,19.808600025197567,19.184633723245074,19.27776336669922,15100,0.0,0.0,0.0
2022-05-10 00:00:00-04:00,19.510584753011237,19.603712611410305,18.448909759521484,18.448909759521484,73700,0.0,0.0,0.0
2022-05-11 00:00:00-04:00,19.398829151784863,19.575775282962564,19.203258514404297,19.203258514404297,2400,0.0,0.0,0.0
2022-05-12 00:00:00-04:00,19.370889119582827,19.56646152712045,19.342951473006032,19.48264503479004,6100,0.0,0.0,0.0
2022-05-13 00:00:00-04:00,19.491959521671415,20.060048725293033,19.491959521671415,19.92966651916504,3700,0.0,0.0,0.0
2022-05-16 00:00:00-04:00,20.087985617028703,20.292871171954026,20.078672475777545,20.246305465698242,9900,0.0,0.0,0.0
2022-05-17 00:00:00-04:00,20.62813632243961,20.82370874509162,20.600198673703712,20.76782989501953,6700,0.0,0.0,0.0
2022-05-18 00:00:00-04:00,20.805079359611575,20.89820898621223,20.283555937467742,20.451187133789062,6500,0.0,0.0,0.0
2022-05-19 00:00:00-04:00,20.833020556999593,21.112407684326172,20.758517204625836,21.112407684326172,5600,0.0,0.0,0.0
2022-05-20 00:00:00-04:00,20.89821148494439,20.982027981276662,20.711952209472656,20.711952209472656,4500,0.0,0.0,0.0
2022-05-23 00:00:00-04:00,21.345230987027477,21.391794916376515,21.158971717031232,21.36385726928711,12700,0.0,0.0,0.0
2022-05-24 00:00:00-04:00,21.04721761104289,21.07515525817871,21.019278187607018,21.07515525817871,1000,0.0,0.0,0.0
2022-05-25 00:00:00-04:00,21.131033330021072,21.3079776763916,21.131033330021072,21.3079776763916,3300,0.0,0.0,0.0
2022-05-26 00:00:00-04:00,21.429048191292733,21.68049768123348,21.36385797752293,21.671184539794922,1900,0.0,0.0,0.0
2022-05-27 00:00:00-04:00,21.438360656462645,21.559427938744644,21.438360656462645,21.447673797607422,2100,0.0,0.0,0.0
2022-05-31 00:00:00-04:00,22.155457505357404,22.155457505357404,21.838817797808698,21.96919822692871,11900,0.0,0.0,0.0
2022-06-01 00:00:00-04:00,21.81087814052783,21.81087814052783,21.699122219402533,21.755001068115234,1300,0.0,0.0,0.0
2022-06-02 00:00:00-04:00,21.987824099908675,22.090265102463587,21.987824099908675,22.043701171875,1100,0.0,0.0,0.0
2022-06-03 00:00:00-04:00,21.838818376972874,21.941259384155273,21.838818376972874,21.941259384155273,1100,0.0,0.0,0.0
2022-06-06 00:00:00-04:00,21.997135898128768,21.997135898128768,21.596679724838662,21.680496215820312,12300,0.0,0.0,0.0
2022-06-07 00:00:00-04:00,21.512865845511936,21.643246280067096,21.512865845511936,21.615306854248047,300,0.0,0.0,0.0
2022-06-08 00:00:00-04:00,21.633931704314282,21.70843505859375,21.55011520871237,21.70843505859375,1900,0.0,0.0,0.0
2022-06-09 00:00:00-04:00,21.514990531687445,21.52442714734126,21.23189926147461,21.23189926147461,5500,0.305,0.0,0.0
2022-06-10 00:00:00-04:00,20.79782660735187,20.85444450378418,20.79782660735187,20.85444450378418,600,0.0,0.0,0.0
2022-06-13 00:00:00-04:00,20.684587840344328,20.826133473314606,20.35431349684676,20.514732360839844,12500,0.0,0.0,0.0
2022-06-14 00:00:00-04:00,20.5996588132012,20.703459777489126,20.5996588132012,20.65627670288086,1600,0.0,0.0,0.0
2022-06-15 00:00:00-04:00,20.63740509078051,20.83556860283583,20.56191397192369,20.750640869140625,4600,0.0,0.0,0.0
2022-06-16 00:00:00-04:00,20.288256028456352,20.288256028456352,20.09009253117623,20.11840057373047,1200,0.0,0.0,0.0
2022-06-17 00:00:00-04:00,20.108967016977765,20.18445814168365,20.014602661132812,20.014602661132812,2900,0.0,0.0,0.0
2022-06-21 00:00:00-04:00,20.45811558636435,20.514733482678512,20.316569945653715,20.448678970336914,13100,0.0,0.0,0.0
2022-06-22 00:00:00-04:00,20.18445489783132,20.307129080669853,20.1561468555225,20.212764739990234,1800,0.0,0.0,0.0
2022-06-23 00:00:00-04:00,20.14671251148006,20.14671251148006,19.995730269320937,20.024038314819336,5800,0.0,0.0,0.0
2022-06-24 00:00:00-04:00,20.40149693711703,20.40149693711703,20.344877243041992,20.344877243041992,1300,0.0,0.0,0.0
2022-06-27 00:00:00-04:00,20.609096858981236,21.307390213012695,20.47698784060648,21.307390213012695,11300,0.0,0.0,0.0
2022-06-28 00:00:00-04:00,20.939370709621667,20.939370709621667,20.665714263916016,20.665714263916016,7500,0.0,0.0,0.0
2022-06-29 00:00:00-04:00,20.51473218877028,20.72233232872873,20.51473218877028,20.59022331237793,3000,0.0,0.0,0.0
2022-06-30 00:00:00-04:00,20.57135008151343,20.59022331237793,20.543042035067035,20.59022331237793,1100,0.0,0.0,0.0
2022-07-01 00:00:00-04:00,20.429803694433044,20.486421585083008,20.37318580378308,20.486421585083008,3200,0.0,0.0,0.0
2022-07-05 00:00:00-04:00,20.20333107890743,20.59022331237793,20.014602369963125,20.59022331237793,16000,0.0,0.0,0.0
2022-07-06 00:00:00-04:00,19.957983808856007,20.0429115450518,19.929675763357608,20.024038314819336,4700,0.0,0.0,0.0
2022-07-07 00:00:00-04:00,20.429803987195974,20.429803987195974,20.392059326171875,20.392059326171875,1400,0.0,0.0,0.0
2022-07-08 00:00:00-04:00,20.4203691222546,20.52417009870595,20.4203691222546,20.448678970336914,8100,0.0,0.0,0.0
2022-07-11 00:00:00-04:00,20.14671246479464,20.212766970604903,20.01460165332382,20.080657958984375,13400,0.0,0.0,0.0
2022-07-12 00:00:00-04:00,19.957981384851525,21.194149017333984,19.939108156911313,21.194149017333984,3300,0.0,0.0,0.0
2022-07-13 00:00:00-04:00,19.844745515365812,19.948544668805667,19.778689217913083,19.863616943359375,2300,0.0,0.0,0.0
2022-07-14 00:00:00-04:00,19.67489182758528,19.67489182758528,19.391798784112332,19.4955997467041,2300,0.0,0.0,0.0
2022-07-15 00:00:00-04:00,19.486163314295986,19.486163314295986,19.20307206802399,19.401235580444336,4500,0.0,0.0,0.0
2022-07-18 00:00:00-04:00,19.910803060761292,19.99573079920767,19.769257429967443,19.7786922454834,13000,0.0,0.0,0.0
2022-07-19 00:00:00-04:00,19.863616943359375,19.863616943359375,19.863616943359375,19.863616943359375,100,0.0,0.0,0.0
2022-07-20 00:00:00-04:00,19.58052904831547,19.646583557128906,19.58052904831547,19.646583557128906,400,0.0,0.0,0.0
2022-07-21 00:00:00-04:00,19.65601823544352,19.684328079223633,19.637145006256773,19.684328079223633,300,0.0,0.0,0.0
2022-07-22 00:00:00-04:00,19.467289285449915,19.467289285449915,19.335180282592773,19.335180282592773,1000,0.0,0.0,0.0
2022-07-25 00:00:00-04:00,19.6654559800982,19.76925694673994,19.571091628592104,19.599401473999023,14000,0.0,0.0,0.0
2022-07-26 00:00:00-04:00,19.684329429127025,19.72207409023875,19.438982832424685,19.4672908782959,4900,0.0,0.0,0.0
2022-07-27 00:00:00-04:00,19.75982059669139,19.910802841186523,19.58996512167179,19.910802841186523,4300,0.0,0.0,0.0
2022-07-28 00:00:00-04:00,20.03347601642142,20.03347601642142,19.750384746982604,19.995731353759766,1800,0.0,0.0,0.0
2022-07-29 00:00:00-04:00,19.73151034693383,19.759820192140943,19.63714599609375,19.63714599609375,2100,0.0,0.0,0.0
2022-08-01 00:00:00-04:00,19.646583198308473,19.835311905628867,19.627709967606368,19.816438674926758,12500,0.0,0.0,0.0
2022-08-02 00:00:00-04:00,19.486163784298952,20.486421585083008,19.410672663482238,20.486421585083008,2600,0.0,0.0,0.0
2022-08-03 00:00:00-04:00,19.363489948031063,19.44841767761586,19.221944332006455,19.42954444885254,6400,0.0,0.0,0.0
2022-08-04 00:00:00-04:00,19.665454699720296,19.74094581604004,19.665454699720296,19.74094581604004,1500,0.0,0.0,0.0
2022-08-05 00:00:00-04:00,19.68432890251794,19.76925663756018,19.674892287529882,19.712636947631836,1300,0.0,0.0,0.0
2022-08-08 00:00:00-04:00,20.07121930290666,20.14671041613482,19.9391085048698,20.11840057373047,15900,0.0,0.0,0.0
2022-08-09 00:00:00-04:00,20.014599166408324,20.033472394251962,19.863616943359375,19.863616943359375,3800,0.0,0.0,0.0
2022-08-10 00:00:00-04:00,20.099529420344297,20.127839265671085,20.042911529541016,20.042911529541016,1600,0.0,0.0,0.0
2022-08-11 00:00:00-04:00,20.118401853011534,20.118401853011534,19.948546387484946,19.976856231689453,7300,0.0,0.0,0.0
2022-08-12 00:00:00-04:00,20.156147473776294,20.420365475963525,20.156147473776294,20.373184204101562,8600,0.0,0.0,0.0
2022-08-15 00:00:00-04:00,20.392059203071952,20.42036724870656,20.269385005820954,20.410930633544922,12000,0.0,0.0,0.0
2022-08-16 00:00:00-04:00,20.439241425777563,20.439241425777563,20.420368194580078,20.420368194580078,900,0.0,0.0,0.0
2022-08-17 00:00:00-04:00,20.458111580494837,20.561912536621094,20.448674966315163,20.561912536621094,300,0.0,0.0,0.0
2022-08-18 00:00:00-04:00,20.476986892850018,20.533604783840072,20.410930586869604,20.46755027770996,1200,0.0,0.0,0.0
2022-08-19 00:00:00-04:00,20.505294969651754,20.505294969651754,20.4298038482666,20.4298038482666,4000,0.0,0.0,0.0
2022-08-22 00:00:00-04:00,20.524168045416513,20.524168045416513,20.37318580378308,20.486421585083008,12000,0.0,0.0,0.0
2022-08-23 00:00:00-04:00,20.467548866100806,20.675148985313403,20.467548866100806,20.646839141845703,2000,0.0,0.0,0.0
2022-08-24 00:00:00-04:00,20.656275921539777,20.665712536104483,20.51473030276958,20.571348190307617,1200,0.0,0.0,0.0
2022-08-25 00:00:00-04:00,20.84500485476942,20.939369201660156,20.84500485476942,20.939369201660156,7200,0.0,0.0,0.0
2022-08-26 00:00:00-04:00,20.873316343124742,20.873316343124742,20.62796974182129,20.62796974182129,1600,0.0,0.0,0.0
2022-08-29 00:00:00-04:00,20.71289527881964,20.863877509748292,20.618530934526696,20.72233009338379,11500,0.0,0.0,0.0
2022-08-30 00:00:00-04:00,20.590221252560507,20.590221252560507,20.24107551574707,20.24107551574707,700,0.0,0.0,0.0
2022-08-31 00:00:00-04:00,20.307132947290473,20.307132947290473,20.17502212524414,20.17502212524414,400,0.0,0.0,0.0
2022-09-01 00:00:00-04:00,19.901366997330026,19.995731353759766,19.901366997330026,19.995731353759766,1600,0.0,0.0,0.0
2022-09-02 00:00:00-04:00,20.118403566785215,20.118403566785215,20.09009552001953,20.09009552001953,600,0.0,0.0,0.0
2022-09-06 00:00:00-04:00,20.278823048688807,20.448678533856164,20.09953094769544,20.23164176940918,13900,0.0,0.0,0.0
2022-09-07 00:00:00-04:00,20.175020960795973,20.29769515991211,20.165586145341194,20.29769515991211,500,0.0,0.0,0.0
2022-09-08 00:00:00-04:00,20.392059326171875,20.392059326171875,20.392059326171875,20.392059326171875,100,0.0,0.0,0.0
2022-09-09 00:00:00-04:00,20.55247975253493,20.55247975253493,20.524169904720182,20.54304313659668,500,0.0,0.0,0.0
2022-09-12 00:00:00-04:00,20.816698039595654,20.863881119831312,20.684589014636767,20.85444450378418,12100,0.0,0.0,0.0
2022-09-13 00:00:00-04:00,20.382621328840553,20.382621328840553,20.10896490560818,20.127838134765625,5000,0.0,0.0,0.0
2022-09-14 00:00:00-04:00,20.35431211815497,20.35431211815497,20.269384384155273,20.269384384155273,400,0.0,0.0,0.0
2022-09-15 00:00:00-04:00,20.033472542795643,20.033472542795643,19.80699920654297,19.80699920654297,3100,0.0,0.0,0.0
2022-09-16 00:00:00-04:00,19.580527907253103,19.750383377075195,19.580527907253103,19.750383377075195,1000,0.0,0.0,0.0
2022-09-19 00:00:00-04:00,19.750383660565383,20.042911529541016,19.750383660565383,20.042911529541016,1200,0.0,0.0,0.0
2022-09-20 00:00:00-04:00,19.976857193191957,19.976857193191957,19.910802686719077,19.96742057800293,1100,0.0,0.0,0.0
2022-09-21 00:00:00-04:00,19.891929626464844,20.024038640540454,19.844748349966505,19.891929626464844,1200,0.0,0.0,0.0
2022-09-22 00:00:00-04:00,19.712636598354788,19.920238524713106,19.712636598354788,19.882492065429688,2600,0.0,0.0,0.0
2022-09-23 00:00:00-04:00,19.297435152477952,19.297435152477952,19.108706467427503,19.11814308166504,1000,0.0,0.0,0.0
2022-09-26 00:00:00-04:00,18.835053317116884,18.835053317116884,18.4670342973472,18.514217376708984,900,0.0,0.0,0.0
2022-09-27 00:00:00-04:00,18.589707760385824,18.608579191525376,18.391542434692383,18.391542434692383,3600,0.0,0.0,0.0
2022-09-28 00:00:00-04:00,18.212250169798537,18.476470001637246,18.212250169798537,18.46703338623047,7300,0.0,0.0,0.0
2022-09-29 00:00:00-04:00,18.089577074491643,18.089577074491643,17.86310371297762,17.919721603393555,2400,0.0,0.0,0.0
2022-09-30 00:00:00-04:00,17.948030500542174,17.995211773421705,17.9102840423584,17.9102840423584,1600,0.0,0.0,0.0
2022-10-03 00:00:00-04:00,17.900849993487597,18.457597732543945,17.900849993487597,18.457597732543945,900,0.0,0.0,0.0
2022-10-04 00:00:00-04:00,18.74068818760744,18.83505073368728,18.702941729295347,18.778432846069336,6300,0.0,0.0,0.0
2022-10-05 00:00:00-04:00,18.806743775897406,18.806743775897406,18.665198148753156,18.750125885009766,4200,0.0,0.0,0.0
2022-10-06 00:00:00-04:00,18.674635928900283,18.797308333451515,18.627452850341797,18.627452850341797,2000,0.0,0.0,0.0
2022-10-07 00:00:00-04:00,18.467031614943544,18.523649502103282,18.42928695678711,18.42928695678711,2000,0.0,0.0,0.0
2022-10-10 00:00:00-04:00,18.457597100655494,18.457597100655494,18.306614851149753,18.334924697875977,1000,0.0,0.0,0.0
2022-10-11 00:00:00-04:00,18.17450447016637,18.17450447016637,18.070703506469727,18.070703506469727,400,0.0,0.0,0.0
2022-10-12 00:00:00-04:00,17.976339509241356,17.976339509241356,17.900848388671875,17.900848388671875,400,0.0,0.0,0.0
2022-10-13 00:00:00-04:00,17.73099602129978,18.202816009521484,17.73099602129978,18.202816009521484,700,0.0,0.0,0.0
2022-10-14 00:00:00-04:00,18.061268008826183,18.09901447063268,18.004650115966797,18.004650115966797,1900,0.0,0.0,0.0
2022-10-17 00:00:00-04:00,18.183942448370235,18.40097920705344,18.183942448370235,18.334924697875977,600,0.0,0.0,0.0
2022-10-18 00:00:00-04:00,18.627451873100114,18.712379610199456,18.43872496831849,18.65576171875,1700,0.0,0.0,0.0
2022-10-19 00:00:00-04:00,18.58970707393383,18.693506240844727,18.580270458787332,18.693506240844727,400,0.0,0.0,0.0
2022-10-20 00:00:00-04:00,18.863360758815734,18.863360758815734,18.68406867980957,18.68406867980957,3200,0.0,0.0,0.0
2022-10-21 00:00:00-04:00,18.919979502336325,19.193635940551758,18.919979502336325,19.193635940551758,600,0.0,0.0,0.0
2022-10-24 00:00:00-04:00,18.646323238600406,18.67463308141885,18.46703116711719,18.599140167236328,5700,0.0,0.0,0.0
2022-10-25 00:00:00-04:00,18.627452850341797,18.655762697476888,18.570834955922027,18.627452850341797,2400,0.0,0.0,0.0
2022-10-26 00:00:00-04:00,18.589705352813652,18.816178695810805,18.53308566717676,18.599140167236328,4600,0.0,0.0,0.0
2022-10-27 00:00:00-04:00,18.646324142975512,18.75955992004113,18.646324142975512,18.665197372436523,2000,0.0,0.0,0.0
2022-10-28 00:00:00-04:00,18.504778687413655,18.589706420898438,18.504778687413655,18.589706420898438,900,0.0,0.0,0.0
2022-10-31 00:00:00-04:00,18.089577769211136,18.46703338623047,18.042396492027603,18.46703338623047,3300,0.0,0.0,0.0
2022-11-01 00:00:00-04:00,18.85392253142484,18.995468139648438,18.806741261966994,18.995468139648438,1700,0.0,0.0,0.0
2022-11-02 00:00:00-04:00,18.929417160589644,18.995471670047195,18.721817016601562,18.721817016601562,1400,0.0,0.0,0.0
2022-11-03 00:00:00-04:00,19.033218193442906,19.14645578134009,19.033218193442906,19.127582550048828,400,0.0,0.0,0.0
2022-11-04 00:00:00-04:00,19.75982078267078,19.825875290277814,19.580528690701442,19.816438674926758,5100,0.0,0.0,0.0
2022-11-07 00:00:00-05:00,20.00516614504527,20.00516614504527,19.4955997467041,19.4955997467041,1800,0.0,0.0,0.0
2022-11-08 00:00:00-05:00,19.401236340111684,19.589965044916305,19.363491679060953,19.505037307739258,2200,0.0,0.0,0.0
2022-11-09 00:00:00-05:00,19.505037494786727,19.505037494786727,19.354055249435284,19.410673141479492,1000,0.0,0.0,0.0
2022-11-10 00:00:00-05:00,19.41067237872866,19.41067237872866,19.30687141418457,19.30687141418457,700,0.0,0.0,0.0
2022-11-11 00:00:00-05:00,19.656020156335018,19.69376661839729,19.608838878607553,19.665456771850586,4700,0.0,0.0,0.0
2022-11-14 00:00:00-05:00,19.731508094458746,19.873053704635407,19.731508094458746,19.80699920654297,1100,0.0,0.0,0.0
2022-11-15 00:00:00-05:00,20.1089652382767,20.1089652382767,19.957983002219784,19.976856231689453,1200,0.0,0.0,0.0
2022-11-16 00:00:00-05:00,19.87305577202989,19.87305577202989,19.703200302207797,19.750383377075195,5200,0.0,0.0,0.0
2022-11-17 00:00:00-05:00,19.410672437431007,19.750383377075195,19.410672437431007,19.750383377075195,1400,0.0,0.0,0.0
2022-11-18 00:00:00-05:00,19.55221844499215,19.55221844499215,19.542781829833984,19.542781829833984,100,0.0,0.0,0.0
2022-11-21 00:00:00-05:00,19.64658321416703,19.797565460205078,19.58996532186535,19.797565460205078,3100,0.0,0.0,0.0
2022-11-22 00:00:00-05:00,19.70320064079046,19.73151048619738,19.589964858863382,19.599401473999023,2800,0.0,0.0,0.0
2022-11-23 00:00:00-05:00,19.703202013636794,19.844749450683594,19.703202013636794,19.844749450683594,600,0.0,0.0,0.0
2022-11-25 00:00:00-05:00,19.948547518232917,19.948547518232917,19.891929626464844,19.891929626464844,200,0.0,0.0,0.0
2022-11-28 00:00:00-05:00,19.740948493601763,19.967421873278692,19.740948493601763,19.825876235961914,1800,0.0,0.0,0.0
2022-11-29 00:00:00-05:00,20.033475068782476,20.033475068782476,19.98629379272461,19.98629379272461,1800,0.0,0.0,0.0
2022-11-30 00:00:00-05:00,20.288257073106184,20.55247688293457,20.288257073106184,20.55247688293457,700,0.0,0.0,0.0
2022-12-01 00:00:00-05:00,20.30713163613571,20.373186142968766,20.288258405654744,20.335439682006836,7200,0.0,0.0,0.0
2022-12-02 00:00:00-05:00,20.13727569580078,20.146712310823027,20.13727569580078,20.13727569580078,2900,0.0,0.0,0.0
2022-12-05 00:00:00-05:00,19.957983677763426,19.957983677763426,19.67489242553711,19.67489242553711,1600,0.0,0.0,0.0
2022-12-06 00:00:00-05:00,19.910802533125143,20.024038314819336,19.910802533125143,20.024038314819336,500,0.0,0.0,0.0
2022-12-07 00:00:00-05:00,19.92967414855957,20.05234653543049,19.92967414855957,19.92967414855957,2300,0.0,0.0,0.0
2022-12-08 00:00:00-05:00,19.910802841186523,19.910802841186523,19.910802841186523,19.910802841186523,300,0.0,0.0,0.0
2022-12-09 00:00:00-05:00,19.995728649170847,19.995728649170847,19.92967414855957,19.92967414855957,600,0.0,0.0,0.0
2022-12-12 00:00:00-05:00,19.627709167153963,19.78812802187903,19.627709167153963,19.769256591796875,1500,0.0,0.0,0.0
2022-12-13 00:00:00-05:00,20.042564709278597,20.061744636372385,19.90830887781913,19.956256866455078,700,0.335,0.0,0.0
2022-12-14 00:00:00-05:00,19.687745203536146,20.013796647736438,19.687745203536146,19.956256866455078,2200,0.0,0.0,0.0
2022-12-15 00:00:00-05:00,19.774051543082795,19.774051543082795,19.56307601928711,19.56307601928711,1200,0.0,0.0,0.0
2022-12-16 00:00:00-05:00,19.630203556053967,19.630203556053967,19.543895721435547,19.543895721435547,2900,0.0,0.0,0.0
2022-12-19 00:00:00-05:00,19.611026146144926,19.611026146144926,19.476768493652344,19.476768493652344,2100,0.0,0.0,0.0
2022-12-20 00:00:00-05:00,19.59184609403094,19.78363986491625,19.57266616821289,19.57266616821289,24600,0.0,0.0,0.0
2022-12-21 00:00:00-05:00,19.76446156245086,19.985025219767202,19.70692178559569,19.975435256958008,25300,0.0,0.0,0.0
2022-12-22 00:00:00-05:00,19.898717525471472,19.898717525471472,19.68774382945997,19.774051666259766,1400,0.0,0.0,0.0
2022-12-23 00:00:00-05:00,19.8987165205066,20.03297233581543,19.8987165205066,20.03297233581543,1800,0.0,0.0,0.0
2022-12-27 00:00:00-05:00,19.860358768702596,20.00420639069701,19.860358768702596,19.93707847595215,5200,0.0,0.0,0.0
2022-12-28 00:00:00-05:00,20.17682123451018,20.311077058415226,20.17682123451018,20.205589294433594,6400,0.0,0.0,0.0
2022-12-29 00:00:00-05:00,20.282306982680367,20.36861481985292,20.16723108584923,20.195999145507812,6300,0.0,0.0,0.0
2022-12-30 00:00:00-05:00,20.167232110405322,20.167232110405322,19.91789854913976,19.93707847595215,3600,0.0,0.0,0.0
2023-01-03 00:00:00-05:00,20.06174340638722,20.071333369346153,19.889127731323242,19.889127731323242,1500,0.0,0.0,0.0
2023-01-04 00:00:00-05:00,20.138459434200463,20.435740942272105,20.138459434200463,20.406972885131836,2700,0.0,0.0,0.0
2023-01-05 00:00:00-05:00,20.464513832909876,20.598769663536565,20.464513832909876,20.57000160217285,2600,0.0,0.0,0.0
2023-01-06 00:00:00-05:00,20.685075869344182,21.001537322998047,20.685075869344182,21.001537322998047,500,0.0,0.0,0.0
2023-01-09 00:00:00-05:00,20.944001092944422,21.097436850987357,20.944001092944422,20.9919490814209,1300,0.0,0.0,0.0
2023-01-10 00:00:00-05:00,21.068667067599254,21.202924728393555,20.98235922462382,21.202924728393555,700,0.0,0.0,0.0
2023-01-11 00:00:00-05:00,21.107025007900138,21.308408737182617,21.107025007900138,21.308408737182617,1800,0.0,0.0,0.0
2023-01-12 00:00:00-05:00,21.34676939186198,21.49061517949492,21.34676939186198,21.45225715637207,1100,0.0,0.0,0.0
2023-01-13 00:00:00-05:00,21.433076984314294,21.433076984314294,21.33717918395996,21.33717918395996,400,0.0,0.0,0.0
2023-01-17 00:00:00-05:00,21.250869632915816,21.34676742553711,21.193331688982344,21.34676742553711,1500,0.0,0.0,0.0
2023-01-18 00:00:00-05:00,21.624871486643727,21.624871486643727,21.4234877452833,21.48102569580078,2500,0.0,0.0,0.0
2023-01-19 00:00:00-05:00,21.46184539794922,21.46184539794922,21.46184539794922,21.46184539794922,500,0.0,0.0,0.0
2023-01-20 00:00:00-05:00,21.62487054756897,21.739948272705078,21.62487054756897,21.739948272705078,600,0.0,0.0,0.0
2023-01-23 00:00:00-05:00,21.864614486694336,21.864614486694336,21.845436389775507,21.864614486694336,500,0.0,0.0,0.0
2023-01-24 00:00:00-05:00,21.87420345969016,22.018049240112305,21.749537604417196,22.018049240112305,37100,0.0,0.0,0.0
2023-01-25 00:00:00-05:00,21.931744345959203,22.075590133666992,21.864614604537035,22.075590133666992,11600,0.0,0.0,0.0
2023-01-26 00:00:00-05:00,21.85502672412964,21.922154637232175,21.85502672412964,21.8837947845459,3400,0.0,0.0,0.0
2023-01-27 00:00:00-05:00,21.845433439994427,21.845433439994427,21.80707359313965,21.80707359313965,200,0.0,0.0,0.0
2023-01-30 00:00:00-05:00,21.260463159161073,21.260463159161073,21.16456535046361,21.231693267822266,14000,0.0,0.0,0.0
2023-01-31 00:00:00-05:00,21.212512582960667,21.298818588256836,21.212512582960667,21.298818588256836,1200,0.0,0.0,0.0
2023-02-01 00:00:00-05:00,21.471433639526367,21.471433639526367,21.471433639526367,21.471433639526367,100,0.0,0.0,0.0
2023-02-02 00:00:00-05:00,21.241282066416115,21.48102566045941,21.241282066416115,21.270051956176758,13700,0.0,0.0,0.0
2023-02-03 00:00:00-05:00,20.991947376022654,20.991947376022654,20.89605140686035,20.89605140686035,400,0.0,0.0,0.0
2023-02-06 00:00:00-05:00,20.675486833083166,20.819332622262763,20.665896869924733,20.74261474609375,1600,0.0,0.0,0.0
2023-02-07 00:00:00-05:00,20.733025698546722,20.89605140686035,20.646717863021955,20.89605140686035,11100,0.0,0.0,0.0
2023-02-08 00:00:00-05:00,20.905639710071604,21.011127471923828,20.905639710071604,21.011127471923828,900,0.0,0.0,0.0
2023-02-09 00:00:00-05:00,20.87687110900879,20.87687110900879,20.87687110900879,20.87687110900879,100,0.0,0.0,0.0
2023-02-10 00:00:00-05:00,20.943998523379342,20.953588485717773,20.943998523379342,20.953588485717773,300,0.0,0.0,0.0
2023-02-13 00:00:00-05:00,20.886461674504943,21.212513094728592,20.886461674504943,21.116615295410156,1500,0.0,0.0,0.0
2023-02-14 00:00:00-05:00,21.126205444335938,21.126205444335938,21.126205444335938,21.126205444335938,100,0.0,0.0,0.0
2023-02-15 00:00:00-05:00,20.848101717166106,20.848101717166106,20.800153732299805,20.800153732299805,1300,0.0,0.0,0.0
2023-02-16 00:00:00-05:00,20.857691369983325,20.88646125793457,20.857691369983325,20.88646125793457,300,0.0,0.0,0.0
2023-02-17 00:00:00-05:00,20.80974436045405,20.896052199251663,20.80974436045405,20.838512420654297,400,0.0,0.0,0.0
2023-02-21 00:00:00-05:00,20.886462364371795,20.886462364371795,20.74261474609375,20.74261474609375,900,0.0,0.0,0.0
2023-02-22 00:00:00-05:00,20.55082130432129,20.55082130432129,20.55082130432129,20.55082130432129,500,0.0,0.0,0.0
2023-02-23 00:00:00-05:00,20.522048950195312,20.522048950195312,20.522048950195312,20.522048950195312,700,0.0,0.0,0.0
2023-02-24 00:00:00-05:00,20.10010105276992,20.349434597738426,19.985025157614224,20.176820755004883,2600,0.0,0.0,0.0
2023-02-27 00:00:00-05:00,20.36861346092774,20.36861346092774,20.148049815801322,20.224767684936523,400,0.0,0.0,0.0
2023-02-28 00:00:00-05:00,20.215177536010742,20.215177536010742,20.215177536010742,20.215177536010742,100,0.0,0.0,0.0
2023-03-01 00:00:00-05:00,20.378205696321146,20.416565549716786,20.272717928581613,20.349435806274414,4900,0.0,0.0,0.0
2023-03-02 00:00:00-05:00,20.502870064311363,20.579587936401367,20.44533211751845,20.579587936401367,1800,0.0,0.0,0.0
2023-03-03 00:00:00-05:00,20.61794662475586,20.61794662475586,20.61794662475586,20.61794662475586,100,0.0,0.0,0.0
2023-03-06 00:00:00-05:00,20.819332079872552,20.848101968598332,20.60835838317871,20.60835838317871,4000,0.0,0.0,0.0
2023-03-07 00:00:00-05:00,20.272715175505784,20.301485061645508,20.272715175505784,20.301485061645508,100,0.0,0.0,0.0
2023-03-08 00:00:00-05:00,20.44533348083496,20.502871431464566,20.44533348083496,20.44533348083496,1100,0.0,0.0,0.0
2023-03-09 00:00:00-05:00,20.320666834356345,20.320666834356345,20.195999145507812,20.195999145507812,1400,0.0,0.0,0.0
2023-03-10 00:00:00-05:00,20.14805130441639,20.205589253244348,19.99461555480957,19.99461555480957,1400,0.0,0.0,0.0
2023-03-13 00:00:00-04:00,19.975435942043035,20.04256385491126,19.908308029174805,19.908308029174805,2000,0.0,0.0,0.0
2023-03-14 00:00:00-04:00,20.0329729547609,20.0329729547609,19.8603572845459,19.8603572845459,2100,0.0,0.0,0.0
2023-03-15 00:00:00-04:00,19.745281945136064,19.889127731323242,19.716512056259266,19.889127731323242,800,0.0,0.0,0.0
2023-03-16 00:00:00-04:00,19.985024910405162,20.14805061744113,19.985024910405162,20.061742782592773,1100,0.0,0.0,0.0
2023-03-17 00:00:00-04:00,20.100101302469046,20.100101302469046,19.98502540588379,19.98502540588379,3600,0.0,0.0,0.0
2023-03-20 00:00:00-04:00,19.927488327026367,19.927488327026367,19.927488327026367,19.927488327026367,100,0.0,0.0,0.0
2023-03-21 00:00:00-04:00,20.061742222995164,20.080922147781656,19.99461431534075,20.03297233581543,4900,0.0,0.0,0.0
2023-03-22 00:00:00-04:00,20.224768057876044,20.397383723887803,20.224768057876044,20.243947982788086,1100,0.0,0.0,0.0
2023-03-23 00:00:00-04:00,20.19599998350605,20.19599998350605,19.927488327026367,19.927488327026367,400,0.0,0.0,0.0
2023-03-24 00:00:00-04:00,19.841179745626988,19.889127731323242,19.82199981970912,19.889127731323242,1400,0.0,0.0,0.0
2023-03-27 00:00:00-04:00,19.898717075556807,20.061742782592773,19.898717075556807,20.061742782592773,600,0.0,0.0,0.0
2023-03-28 00:00:00-04:00,20.445331759931292,20.51245966819869,20.42615183496966,20.45492172241211,500,0.0,0.0,0.0
2023-03-29 00:00:00-04:00,20.54123041121339,20.5604103369739,20.493282425910525,20.502870559692383,1000,0.0,0.0,0.0
2023-03-30 00:00:00-04:00,20.60835875486716,20.73302644582895,20.570000731639375,20.627538681030273,7100,0.0,0.0,0.0
2023-03-31 00:00:00-04:00,20.493282131932137,20.541230116547187,20.483692169189453,20.483692169189453,1900,0.0,0.0,0.0
2023-04-03 00:00:00-04:00,20.38779468066628,20.48369248045197,20.349434829112642,20.397384643554688,10000,0.0,0.0,0.0
2023-04-04 00:00:00-04:00,20.512460522572635,20.54123041121339,20.44533261150926,20.502870559692383,500,0.0,0.0,0.0
2023-04-05 00:00:00-04:00,20.56999858228691,20.56999858228691,20.368613036813823,20.406972885131836,1500,0.0,0.0,0.0
2023-04-06 00:00:00-04:00,20.39738408465426,20.435742106058466,20.368614196777344,20.368614196777344,900,0.0,0.0,0.0
2023-04-10 00:00:00-04:00,20.378205254411444,20.531641006469727,20.378205254411444,20.531641006469727,1400,0.0,0.0,0.0
2023-04-11 00:00:00-04:00,20.685076192900706,20.886461755156898,20.685076192900706,20.809743881225586,4100,0.0,0.0,0.0
2023-04-12 00:00:00-04:00,20.93441022255147,20.93441022255147,20.79056443425493,20.838512420654297,1200,0.0,0.0,0.0
2023-04-13 00:00:00-04:00,21.145382981822795,21.145382981822795,21.087845034886083,21.097434997558594,1600,0.0,0.0,0.0
2023-04-14 00:00:00-04:00,20.85769290407588,21.001538696215327,20.85769290407588,20.86728286743164,1600,0.0,0.0,0.0
2023-04-17 00:00:00-04:00,20.982358081322563,20.99194804436379,20.934410095214844,20.934410095214844,500,0.0,0.0,0.0
2023-04-18 00:00:00-04:00,20.857692870660518,20.857692870660518,20.656309127807617,20.656309127807617,800,0.0,0.0,0.0
2023-04-19 00:00:00-04:00,20.60835691732218,20.73302459716797,20.60835691732218,20.73302459716797,200,0.0,0.0,0.0
2023-04-20 00:00:00-04:00,20.761793271340185,20.761793271340185,20.512459733342077,20.560409545898438,1800,0.0,0.0,0.0
2023-04-21 00:00:00-04:00,20.41656494140625,20.41656494140625,20.37820508915354,20.41656494140625,300,0.0,0.0,0.0
2023-04-24 00:00:00-04:00,20.406972885131836,20.406972885131836,20.406972885131836,20.406972885131836,500,0.0,0.0,0.0
2023-04-25 00:00:00-04:00,20.349435806274414,20.359025769623322,20.320667745326165,20.349435806274414,700,0.0,0.0,0.0
2023-04-26 00:00:00-04:00,20.59876929179451,20.617949218423192,20.55082130432129,20.55082130432129,900,0.0,0.0,0.0
2023-04-27 00:00:00-04:00,20.60835635981849,20.86727984563379,20.60835635981849,20.704254150390625,3900,0.0,0.0,0.0
2023-04-28 00:00:00-04:00,20.68507582269451,20.876871418639375,20.68507582269451,20.790563583374023,700,0.0,0.0,0.0
2023-05-01 00:00:00-04:00,20.848103257207764,20.848103257207764,20.780975341796875,20.780975341796875,400,0.0,0.0,0.0
2023-05-02 00:00:00-04:00,20.704255933468822,20.800153732299805,20.704255933468822,20.800153732299805,700,0.0,0.0,0.0
2023-05-03 00:00:00-04:00,20.70425618316624,20.70425618316624,20.60835838317871,20.60835838317871,500,0.0,0.0,0.0
2023-05-04 00:00:00-04:00,20.848102029581252,20.972769718659222,20.71384620666504,20.71384620666504,2600,0.0,0.0,0.0
2023-05-05 00:00:00-04:00,21.030307397551212,21.030307397551212,21.011127471923828,21.011127471923828,1100,0.0,0.0,0.0
2023-05-08 00:00:00-04:00,21.183742832512838,21.183742832512838,21.097434997558594,21.097434997558594,400,0.0,0.0,0.0
2023-05-09 00:00:00-04:00,21.231691420660354,21.33717918395996,21.231691420660354,21.33717918395996,700,0.0,0.0,0.0
2023-05-10 00:00:00-04:00,21.44266704857269,21.653640747070312,21.44266704857269,21.653640747070312,12600,0.0,0.0,0.0
2023-05-11 00:00:00-04:00,21.471433639526367,21.61528124544572,21.385125807614074,21.471433639526367,4600,0.0,0.0,0.0
2023-05-12 00:00:00-04:00,21.385125445126672,21.385125445126672,21.34676742553711,21.34676742553711,400,0.0,0.0,0.0
2023-05-15 00:00:00-04:00,21.404305732283092,21.471433639526367,21.404305732283092,21.471433639526367,700,0.0,0.0,0.0
2023-05-16 00:00:00-04:00,21.375537872314453,21.375537872314453,21.375537872314453,21.375537872314453,100,0.0,0.0,0.0
2023-05-17 00:00:00-04:00,21.222101103657607,21.24128102922817,21.212512969970703,21.212512969970703,500,0.0,0.0,0.0
2023-05-18 00:00:00-04:00,21.03989821189892,21.09743616201138,21.03989821189892,21.0590763092041,500,0.0,0.0,0.0
2023-05-19 00:00:00-04:00,21.059074225631377,21.059074225631377,20.943998336791992,20.943998336791992,800,0.0,0.0,0.0
2023-05-22 00:00:00-04:00,21.317998340451435,21.317998340451435,21.059074839369433,21.18374252319336,3600,0.0,0.0,0.0
2023-05-23 00:00:00-04:00,20.905637864403708,20.905637864403708,20.704254150390625,20.704254150390625,1000,0.0,0.0,0.0
2023-05-24 00:00:00-04:00,20.61794662475586,20.61794662475586,20.61794662475586,20.61794662475586,500,0.0,0.0,0.0
2023-05-25 00:00:00-04:00,20.598769178111393,20.598769178111393,20.301487633401447,20.339845657348633,600,0.0,0.0,0.0
2023-05-26 00:00:00-04:00,20.579587936401367,20.579587936401367,20.579587936401367,20.579587936401367,1100,0.0,0.0,0.0
2023-05-30 00:00:00-04:00,20.330257415771484,20.330257415771484,20.330257415771484,20.330257415771484,0,0.0,0.0,0.0
2023-05-31 00:00:00-04:00,20.243947982788086,20.243947982788086,20.243947982788086,20.243947982788086,100,0.0,0.0,0.0
2023-06-01 00:00:00-04:00,20.502870559692383,20.502870559692383,20.502870559692383,20.502870559692383,100,0.0,0.0,0.0
2023-06-02 00:00:00-04:00,20.73302502376757,20.963178634643555,20.73302502376757,20.963178634643555,700,0.0,0.0,0.0
2023-06-05 00:00:00-04:00,20.761794672410616,20.77138463556905,20.733026612033765,20.74261474609375,500,0.0,0.0,0.0
2023-06-06 00:00:00-04:00,20.953589895006377,21.107025644544404,20.953589895006377,21.03030776977539,700,0.0,0.0,0.0
2023-06-07 00:00:00-04:00,20.851058959960938,20.851058959960938,20.851058959960938,20.851058959960938,100,0.225,0.0,0.0
2023-06-08 00:00:00-04:00,21.248313599657422,21.248313599657422,20.94795036315918,20.94795036315918,300,0.0,0.0,0.0
2023-06-09 00:00:00-04:00,21.26769274289742,21.26769274289742,21.112666434223364,21.22893524169922,2800,0.0,0.0,0.0
2023-06-12 00:00:00-04:00,21.08359722697545,21.08359722697545,21.044839727765066,21.07390785217285,500,0.0,0.0,0.0
2023-06-13 00:00:00-04:00,21.17079938611225,21.17079938611225,21.14173126220703,21.14173126220703,1000,0.0,0.0,0.0
2023-06-14 00:00:00-04:00,21.33551615226006,21.33551615226006,21.2967586517334,21.2967586517334,300,0.0,0.0,0.0
2023-06-15 00:00:00-04:00,21.335515566176316,21.46147374330922,21.335515566176316,21.413028717041016,1500,0.0,0.0,0.0
2023-06-16 00:00:00-04:00,21.35489449099169,21.374271392822266,21.35489449099169,21.374271392822266,1300,0.0,0.0,0.0
2023-06-20 00:00:00-04:00,21.22893524169922,21.22893524169922,21.22893524169922,21.22893524169922,100,0.0,0.0,0.0
2023-06-21 00:00:00-04:00,21.22893524169922,21.22893524169922,21.22893524169922,21.22893524169922,200,0.0,0.0,0.0
2023-06-22 00:00:00-04:00,21.01577377319336,21.01577377319336,21.01577377319336,21.01577377319336,100,0.0,0.0,0.0
2023-06-23 00:00:00-04:00,20.754165649414062,20.754165649414062,20.754165649414062,20.754165649414062,100,0.0,0.0,0.0
2023-06-26 00:00:00-04:00,20.860748291015625,20.870437666347875,20.860748291015625,20.860748291015625,1400,0.0,0.0,0.0
2023-06-27 00:00:00-04:00,21.064218389995016,21.093286514282227,21.064218389995016,21.093286514282227,300,0.0,0.0,0.0
2023-06-28 00:00:00-04:00,20.821990642253873,20.880125045776367,20.821990642253873,20.880125045776367,200,0.0,0.0,0.0
2023-06-29 00:00:00-04:00,20.81229910745776,20.93825912475586,20.81229910745776,20.93825912475586,1200,0.0,0.0,0.0
2023-06-30 00:00:00-04:00,21.170800427344076,21.306447982788086,21.170800427344076,21.306447982788086,300,0.0,0.0,0.0
2023-07-03 00:00:00-04:00,21.490541181334187,21.548675580610634,21.490541181334187,21.538986206054688,900,0.0,0.0,0.0
2023-07-05 00:00:00-04:00,21.31613690374947,21.39365005493164,21.31613690374947,21.39365005493164,11000,0.0,0.0,0.0
2023-07-06 00:00:00-04:00,20.89950180053711,20.89950180053711,20.89950180053711,20.89950180053711,100,0.0,0.0,0.0
2023-07-07 00:00:00-04:00,21.07390852428721,21.306447982788086,21.07390852428721,21.306447982788086,1500,0.0,0.0,0.0
2023-07-10 00:00:00-04:00,21.161111550949347,21.209556579589844,21.161111550949347,21.209556579589844,200,0.0,0.0,0.0
2023-07-11 00:00:00-04:00,21.14173126220703,21.14173126220703,21.14173126220703,21.14173126220703,100,0.0,0.0,0.0
2023-07-12 00:00:00-04:00,21.345206516936866,21.47116470336914,21.345206516936866,21.47116470336914,500,0.0,0.0,0.0
2023-07-13 00:00:00-04:00,21.45178332192239,21.606809616088867,21.45178332192239,21.606809616088867,3100,0.0,0.0,0.0
2023-07-14 00:00:00-04:00,21.46147314443383,21.519607543945312,21.46147314443383,21.519607543945312,200,0.0,0.0,0.0
2023-07-17 00:00:00-04:00,21.519607543945312,21.519607543945312,21.519607543945312,21.519607543945312,100,0.0,0.0,0.0
2023-07-18 00:00:00-04:00,21.480852127075195,21.480852127075195,21.480852127075195,21.480852127075195,100,0.0,0.0,0.0
2023-07-19 00:00:00-04:00,21.519607543945312,21.52929691854043,21.393649370327225,21.519607543945312,700,0.0,0.0,0.0
2023-07-20 00:00:00-04:00,21.248312360253838,21.248312360253838,21.18048858642578,21.18048858642578,2200,0.0,0.0,0.0
2023-07-21 00:00:00-04:00,21.248313448547112,21.345205351003745,21.199866573289132,21.33551597595215,900,0.0,0.0,0.0
2023-07-24 00:00:00-04:00,21.40333925467273,21.43240737915039,21.40333925467273,21.43240737915039,700,0.0,0.0,0.0
2023-07-25 00:00:00-04:00,21.345205307006836,21.345205307006836,21.345205307006836,21.345205307006836,100,0.0,0.0,0.0
2023-07-26 00:00:00-04:00,21.451786041259766,21.490543543744085,21.442096665638687,21.451786041259766,1600,0.0,0.0,0.0
2023-07-27 00:00:00-04:00,21.374271027460516,21.442094802856445,21.277379127726643,21.442094802856445,2800,0.0,0.0,0.0
2023-07-28 00:00:00-04:00,21.538985989036522,21.597122235786447,21.5292966145782,21.587432861328125,4800,0.0,0.0,0.0
2023-07-31 00:00:00-04:00,21.79090690612793,21.79090690612793,21.79090690612793,21.79090690612793,200,0.0,0.0,0.0
2023-08-01 00:00:00-04:00,21.568055062918393,21.568055062918393,21.403339385986328,21.403339385986328,400,0.0,0.0,0.0
2023-08-02 00:00:00-04:00,21.170801713108276,21.170801713108276,21.015775398025827,21.064220428466797,1100,0.0,0.0,0.0
2023-08-03 00:00:00-04:00,20.99639593876221,20.99639593876221,20.84136962890625,20.84136962890625,1200,0.0,0.0,0.0
2023-08-04 00:00:00-04:00,20.851058959960938,20.851058959960938,20.851058959960938,20.851058959960938,100,0.0,0.0,0.0
2023-08-07 00:00:00-04:00,20.79292106628418,20.79292106628418,20.79292106628418,20.79292106628418,100,0.0,0.0,0.0
2023-08-08 00:00:00-04:00,20.686342239379883,20.686342239379883,20.686342239379883,20.686342239379883,100,0.0,0.0,0.0
2023-08-09 00:00:00-04:00,20.715408515923716,20.78323413999768,20.637895365041338,20.686342239379883,1100,0.0,0.0,0.0
2023-08-10 00:00:00-04:00,20.851058768044805,20.880125045776367,20.851058768044805,20.880125045776367,1000,0.0,0.0,0.0
2023-08-11 00:00:00-04:00,20.68634260656425,20.68634260656425,20.57976132918692,20.618518829345703,6800,0.0,0.0,0.0
2023-08-14 00:00:00-04:00,20.289088594561008,20.395668029785156,20.289088594561008,20.395668029785156,600,0.0,0.0,0.0
2023-08-15 00:00:00-04:00,20.366600036621094,20.366600036621094,20.366600036621094,20.366600036621094,100,0.0,0.0,0.0
2023-08-16 00:00:00-04:00,20.298775167183678,20.298775167183678,20.211572647094727,20.211572647094727,200,0.0,0.0,0.0
2023-08-17 00:00:00-04:00,20.26001962637458,20.26001962637458,20.201885223388672,20.201885223388672,200,0.0,0.0,0.0
2023-08-18 00:00:00-04:00,20.10499331970593,20.201885223388672,20.085614569357514,20.201885223388672,1500,0.0,0.0,0.0
2023-08-21 00:00:00-04:00,19.9305863958268,19.9305863958268,19.81431760074568,19.824005126953125,1300,0.0,0.0,0.0
2023-08-22 00:00:00-04:00,20.04685954864685,20.075925827026367,20.01779142220792,20.075925827026367,1100,0.0,0.0,0.0
2023-08-23 00:00:00-04:00,20.29877566711137,20.47317886352539,20.29877566711137,20.47317886352539,900,0.0,0.0,0.0
2023-08-24 00:00:00-04:00,20.444113642972006,20.444113642972006,20.27939796447754,20.27939796447754,200,0.0,0.0,0.0
2023-08-25 00:00:00-04:00,20.269708311395828,20.337532087246643,20.269708311395828,20.327842712402344,1300,0.0,0.0,0.0
2023-08-28 00:00:00-04:00,20.36659944039336,20.47317886352539,20.3278419424841,20.47317886352539,2600,0.0,0.0,0.0
2023-08-29 00:00:00-04:00,20.628207925694642,20.666963577270508,20.628207925694642,20.666963577270508,400,0.0,0.0,0.0
2023-08-30 00:00:00-04:00,20.599140167236328,20.599140167236328,20.599140167236328,20.599140167236328,0,0.0,0.0,0.0
2023-08-31 00:00:00-04:00,20.50224800039213,20.50224800039213,20.289087295532227,20.289087295532227,800,0.0,0.0,0.0
2023-09-01 00:00:00-04:00,20.37628967449557,20.37628967449557,20.30846405029297,20.30846405029297,800,0.0,0.0,0.0
2023-09-05 00:00:00-04:00,20.12437270442458,20.172817733763384,20.075925827026367,20.075925827026367,700,0.0,0.0,0.0
2023-09-06 00:00:00-04:00,20.03717041015625,20.03717041015625,20.03717041015625,20.03717041015625,100,0.0,0.0,0.0
2023-09-07 00:00:00-04:00,19.92089716812896,19.92089716812896,19.804628372192383,19.804628372192383,200,0.0,0.0,0.0
2023-09-08 00:00:00-04:00,19.969345224347357,19.969345224347357,19.775561422212736,19.940277099609375,9400,0.0,0.0,0.0
2023-09-11 00:00:00-04:00,20.095302859057178,20.095302859057178,20.046857833862305,20.046857833862305,800,0.0,0.0,0.0
2023-09-12 00:00:00-04:00,20.075925649668946,20.12437252663916,20.008101869970034,20.114683151245117,800,0.0,0.0,0.0
2023-09-13 00:00:00-04:00,20.279398288230272,20.2890876633622,20.221263885498047,20.221263885498047,800,0.0,0.0,0.0
2023-09-14 00:00:00-04:00,20.385980739983907,20.385980739983907,20.35691261291504,20.35691261291504,300,0.0,0.0,0.0
2023-09-15 00:00:00-04:00,20.337532087246643,20.337532087246643,20.327842712402344,20.327842712402344,300,0.0,0.0,0.0
2023-09-18 00:00:00-04:00,20.434425354003906,20.434425354003906,20.434425354003906,20.434425354003906,100,0.0,0.0,0.0
2023-09-19 00:00:00-04:00,20.385980739983907,20.385980739983907,20.35691261291504,20.35691261291504,200,0.0,0.0,0.0
2023-09-20 00:00:00-04:00,20.46349334716797,20.46349334716797,20.4538039717389,20.46349334716797,300,0.0,0.0,0.0
2023-09-21 00:00:00-04:00,20.104991912841797,20.104991912841797,20.104991912841797,20.104991912841797,100,0.0,0.0,0.0
2023-09-22 00:00:00-04:00,20.279396418706316,20.279396418706316,20.172815150140003,20.211572647094727,800,0.0,0.0,0.0
2023-09-25 00:00:00-04:00,20.134061813354492,20.134061813354492,20.134061813354492,20.134061813354492,100,0.0,0.0,0.0
2023-09-26 00:00:00-04:00,19.9984110476739,20.09530294654473,19.9984110476739,20.02747917175293,400,0.0,0.0,0.0
2023-09-27 00:00:00-04:00,20.008101660748114,20.008101660748114,19.794940948486328,19.794940948486328,1700,0.0,0.0,0.0
2023-09-28 00:00:00-04:00,19.833696984213532,20.075925827026367,19.833696984213532,20.075925827026367,3600,0.0,0.0,0.0
2023-09-29 00:00:00-04:00,19.998411222311802,19.998411222311802,19.98872184753418,19.98872184753418,300,0.0,0.0,0.0
2023-10-02 00:00:00-04:00,19.688359992246156,19.736806869506836,19.688359992246156,19.736806869506836,200,0.0,0.0,0.0
2023-10-03 00:00:00-04:00,19.465510471561554,19.465510471561554,19.26203727722168,19.26203727722168,500,0.0,0.0,0.0
2023-10-04 00:00:00-04:00,19.174834562626046,19.29110336303711,19.174834562626046,19.29110336303711,300,0.0,0.0,0.0
2023-10-05 00:00:00-04:00,18.83571433869961,18.83571433869961,18.331877928753524,18.467525482177734,900,0.0,0.0,0.0
2023-10-06 00:00:00-04:00,18.477214988059327,18.8066463470459,18.477214988059327,18.8066463470459,500,0.0,0.0,0.0
2023-10-09 00:00:00-04:00,18.777577856664244,18.874469757080078,18.777577856664244,18.874469757080078,600,0.0,0.0,0.0
2023-10-10 00:00:00-04:00,19.310483843445787,19.329862594604492,19.310483843445787,19.329862594604492,200,0.0,0.0,0.0
2023-10-11 00:00:00-04:00,19.484888253579662,19.494577628833706,19.397685724352613,19.446130752563477,700,0.0,0.0,0.0
2023-10-12 00:00:00-04:00,19.27172589773543,19.27172589773543,19.04887580871582,19.04887580871582,1000,0.0,0.0,0.0
2023-10-13 00:00:00-04:00,19.107008533426608,19.107008533426608,19.01011848449707,19.01011848449707,2100,0.0,0.0,0.0
2023-10-16 00:00:00-04:00,19.010119656601727,19.145767211914062,19.010119656601727,19.145767211914062,900,0.0,0.0,0.0
2023-10-17 00:00:00-04:00,19.213592395027984,19.242660522460938,19.213592395027984,19.242660522460938,500,0.0,0.0,0.0
2023-10-18 00:00:00-04:00,18.758201599121094,18.758201599121094,18.758201599121094,18.758201599121094,100,0.0,0.0,0.0
2023-10-19 00:00:00-04:00,18.690377953021613,18.72913360595703,18.661309827275524,18.72913360595703,700,0.0,0.0,0.0
2023-10-20 00:00:00-04:00,18.48690414428711,18.48690414428711,18.48690414428711,18.48690414428711,300,0.0,0.0,0.0
2023-10-23 00:00:00-04:00,18.45783755246909,18.554729461669922,18.45783755246909,18.554729461669922,600,0.0,0.0,0.0
2023-10-24 00:00:00-04:00,18.700063894851443,18.738821392560432,18.670997619628906,18.670997619628906,900,0.0,0.0,0.0
2023-10-25 00:00:00-04:00,18.603176340300063,18.603176340300063,18.47721630392115,18.554729461669922,1100,0.0,0.0,0.0
2023-10-26 00:00:00-04:00,18.4965931104848,18.57410626008318,18.4965931104848,18.564416885375977,900,0.0,0.0,0.0
2023-10-27 00:00:00-04:00,18.748511396957294,18.748511396957294,18.5450382232666,18.5450382232666,900,0.0,0.0,0.0
2023-10-30 00:00:00-04:00,18.670999660272212,18.700065938671543,18.525662724097344,18.641931533813477,2000,0.0,0.0,0.0
2023-10-31 00:00:00-04:00,18.60317376035698,18.69037628173828,18.60317376035698,18.69037628173828,400,0.0,0.0,0.0
2023-11-01 00:00:00-04:00,18.758200463397618,18.97136116027832,18.758200463397618,18.97136116027832,700,0.0,0.0,0.0
2023-11-02 00:00:00-04:00,19.242658337542377,19.29110336303711,19.242658337542377,19.29110336303711,800,0.0,0.0,0.0
2023-11-03 00:00:00-04:00,19.63022431544432,19.63022431544432,19.6108455657959,19.6108455657959,200,0.0,0.0,0.0
2023-11-06 00:00:00-05:00,19.698047637939453,19.698047637939453,19.698047637939453,19.698047637939453,0,0.0,0.0,0.0
2023-11-07 00:00:00-05:00,19.707738876342773,19.707738876342773,19.707738876342773,19.707738876342773,700,0.0,0.0,0.0
2023-11-08 00:00:00-05:00,19.55271170700721,19.55271170700721,19.50426483154297,19.50426483154297,200,0.0,0.0,0.0
2023-11-09 00:00:00-05:00,19.504266126446627,19.504266126446627,19.26203727722168,19.26203727722168,800,0.0,0.0,0.0
2023-11-10 00:00:00-05:00,19.397685314132225,19.523643493652344,19.378306564033952,19.523643493652344,300,0.0,0.0,0.0
2023-11-13 00:00:00-05:00,19.50426483154297,19.50426483154297,19.50426483154297,19.50426483154297,100,0.0,0.0,0.0
2023-11-14 00:00:00-05:00,19.979035313426724,20.163127899169922,19.979035313426724,20.163127899169922,900,0.0,0.0,0.0
2023-11-15 00:00:00-05:00,20.221262646206586,20.221262646206586,20.085613250732422,20.085613250732422,1000,0.0,0.0,0.0
2023-11-16 00:00:00-05:00,20.153438025215703,20.260019302368164,20.085614248140256,20.260019302368164,3400,0.0,0.0,0.0
2023-11-17 00:00:00-05:00,20.211574231492747,20.26970863342285,20.211574231492747,20.26970863342285,400,0.0,0.0,0.0
2023-11-20 00:00:00-05:00,20.53131697872392,20.53131697872392,20.48287010192871,20.48287010192871,500,0.0,0.0,0.0
2023-11-21 00:00:00-05:00,20.134061533255796,20.182506561279297,20.134061533255796,20.182506561279297,200,0.0,0.0,0.0
2023-11-22 00:00:00-05:00,20.134061813354492,20.134061813354492,20.134061813354492,20.134061813354492,100,0.0,0.0,0.0
2023-11-24 00:00:00-05:00,20.20188554833016,20.20188554833016,20.14375114440918,20.14375114440918,200,0.0,0.0,0.0
2023-11-27 00:00:00-05:00,20.03717078248263,20.07592643752032,19.96934700012207,19.96934700012207,600,0.0,0.0,0.0
2023-11-28 00:00:00-05:00,20.06623495382466,20.06623495382466,19.998411178588867,19.998411178588867,100,0.0,0.0,0.0
2023-11-29 00:00:00-05:00,19.824005126953125,19.824005126953125,19.824005126953125,19.824005126953125,100,0.0,0.0,0.0
2023-11-30 00:00:00-05:00,19.95965576171875,19.95965576171875,19.95965576171875,19.95965576171875,100,0.0,0.0,0.0
2023-12-01 00:00:00-05:00,19.97903451145891,20.066235189171042,19.95965576171875,19.95965576171875,2400,0.0,0.0,0.0
2023-12-04 00:00:00-05:00,19.901521770769477,19.901521770769477,19.882143020629883,19.882143020629883,200,0.0,0.0,0.0
2023-12-05 00:00:00-05:00,19.765871047973633,19.765871047973633,19.765871047973633,19.765871047973633,200,0.0,0.0,0.0
2023-12-06 00:00:00-05:00,19.969346540364167,20.056549072265625,19.969346540364167,20.056549072265625,100,0.0,0.0,0.0
2023-12-07 00:00:00-05:00,19.92089880534618,19.92089880534618,19.85307502746582,19.85307502746582,700,0.0,0.0,0.0
2023-12-08 00:00:00-05:00,19.717427706160496,19.814319610595703,19.688359580412126,19.814319610595703,8600,0.0,0.0,0.0
2023-12-11 00:00:00-05:00,19.84338574053376,19.84338574053376,19.833696365356445,19.833696365356445,200,0.0,0.0,0.0
2023-12-12 00:00:00-05:00,19.61084714655205,19.668981552124023,19.61084714655205,19.668981552124023,600,0.0,0.0,0.0
2023-12-13 00:00:00-05:00,19.76587151316614,20.046857833862305,19.58177709091897,20.046857833862305,1700,0.0,0.0,0.0
2023-12-14 00:00:00-05:00,20.57976132918692,20.676653231524554,20.57976132918692,20.618518829345703,800,0.0,0.0,0.0
2023-12-15 00:00:00-05:00,20.55069247689882,20.754165649414062,20.55069247689882,20.754165649414062,2100,0.0,0.0,0.0
2023-12-18 00:00:00-05:00,20.666962806301996,20.812299728393555,20.666962806301996,20.812299728393555,900,0.0,0.0,0.0
2023-12-19 00:00:00-05:00,20.92856983694476,20.9576361117804,20.80260981912637,20.918880462646484,700,0.0,0.0,0.0
2023-12-20 00:00:00-05:00,20.9001770038855,20.9001770038855,20.594993591308594,20.594993591308594,1000,0.341,0.0,0.0
2023-12-21 00:00:00-05:00,20.93955569381712,21.08722496032715,20.93955569381712,21.08722496032715,500,0.0,0.0,0.0
2023-12-22 00:00:00-05:00,21.08722496032715,21.08722496032715,21.08722496032715,21.08722496032715,300,0.0,0.0,0.0
2023-12-26 00:00:00-05:00,21.215203930157944,21.215203930157944,21.087224403287713,21.146291732788086,1400,0.0,0.0,0.0
2023-12-27 00:00:00-05:00,21.215204927473838,21.244739532470703,21.215204927473838,21.244739532470703,1300,0.0,0.0,0.0
2023-12-28 00:00:00-05:00,21.323496116278513,21.323496116278513,21.19551658630371,21.19551658630371,300,0.0,0.0,0.0
2023-12-29 00:00:00-05:00,21.175827073005397,21.215204668136558,21.047845663966736,21.067535400390625,11200,0.0,0.0,0.0
2024-01-02 00:00:00-05:00,21.28411865234375,21.28411865234375,21.28411865234375,21.28411865234375,400,0.0,0.0,0.0
2024-01-03 00:00:00-05:00,21.28411948779914,21.293962478637695,21.205362417073935,21.293962478637695,40000,0.0,0.0,0.0
2024-01-04 00:00:00-05:00,21.12660268541588,21.175827026367188,21.097069958561708,21.175827026367188,500,0.0,0.0,0.0
2024-01-05 00:00:00-05:00,21.38256332674967,21.412097930908203,21.35303060030772,21.412097930908203,2700,0.0,0.0,0.0
2024-01-08 00:00:00-05:00,21.215204062965892,21.323495732491608,21.215204062965892,21.234893798828125,2000,0.0,0.0,0.0
2024-01-09 00:00:00-05:00,21.057689666748047,21.057689666748047,21.057689666748047,21.057689666748047,300,0.0,0.0,0.0
2024-01-10 00:00:00-05:00,21.11676025390625,21.11676025390625,21.11676025390625,21.11676025390625,100,0.0,0.0,0.0
2024-01-11 00:00:00-05:00,21.00846741044991,21.038002014160156,21.00846741044991,21.038002014160156,600,0.0,0.0,0.0
2024-01-12 00:00:00-05:00,21.254583972530025,21.39240837097168,21.254583972530025,21.39240837097168,900,0.0,0.0,0.0
2024-01-16 00:00:00-05:00,21.09707069703944,21.09707069703944,20.791887283325195,20.791887283325195,2100,0.0,0.0,0.0
2024-01-17 00:00:00-05:00,20.594992373790525,20.624526977539062,20.447323110480955,20.624526977539062,1400,0.0,0.0,0.0
2024-01-18 00:00:00-05:00,20.62452702115291,20.62452702115291,20.5162353515625,20.5162353515625,200,0.0,0.0,0.0
2024-01-19 00:00:00-05:00,20.407944367113057,20.644215572383473,20.407944367113057,20.5457706451416,900,0.0,0.0,0.0
2024-01-22 00:00:00-05:00,20.2012085504319,20.279965621911067,20.053539276123047,20.053539276123047,3400,0.0,0.0,0.0
2024-01-23 00:00:00-05:00,20.17167239656875,20.3193416595459,20.17167239656875,20.3193416595459,2300,0.0,0.0,0.0
2024-01-24 00:00:00-05:00,20.60483741760254,20.66390474788729,20.555613077601436,20.60483741760254,2000,0.0,0.0,0.0
2024-01-25 00:00:00-05:00,20.772197163445618,20.83126449584961,20.663905489274434,20.83126449584961,1000,0.0,0.0,0.0
2024-01-26 00:00:00-05:00,20.801729714436252,20.850954055786133,20.801729714436252,20.850954055786133,700,0.0,0.0,0.0
2024-01-29 00:00:00-05:00,20.752506739849174,20.801729202270508,20.752506739849174,20.801729202270508,400,0.0,0.0,0.0
2024-01-30 00:00:00-05:00,20.545770999016867,20.545770999016867,20.506391525268555,20.506391525268555,900,0.0,0.0,0.0
2024-01-31 00:00:00-05:00,20.535924706294885,20.61468177061259,20.457167641977176,20.555612564086914,700,0.0,0.0,0.0
2024-02-01 00:00:00-05:00,20.526079971742035,20.644214630126953,20.526079971742035,20.644214630126953,400,0.0,0.0,0.0
2024-02-02 00:00:00-05:00,20.398098681902784,20.42763328552246,20.398098681902784,20.42763328552246,300,0.0,0.0,0.0
2024-02-05 00:00:00-05:00,20.467012889594073,20.5162353515625,20.467012889594073,20.5162353515625,100,0.0,0.0,0.0
2024-02-06 00:00:00-05:00,20.959245681762695,20.959245681762695,20.959245681762695,20.959245681762695,100,0.0,0.0,0.0
2024-02-07 00:00:00-05:00,20.96908950805664,20.96908950805664,20.96908950805664,20.96908950805664,100,0.0,0.0,0.0
2024-02-08 00:00:00-05:00,20.762352166394397,20.762352166394397,20.74266242980957,20.74266242980957,300,0.0,0.0,0.0
2024-02-09 00:00:00-05:00,20.71313038939244,20.772197723388672,20.71313038939244,20.772197723388672,600,0.0,0.0,0.0
2024-02-12 00:00:00-05:00,20.988778714301926,21.02815818786621,20.988778714301926,21.02815818786621,700,0.0,0.0,0.0
2024-02-13 00:00:00-05:00,20.535924911499023,20.535924911499023,20.535924911499023,20.535924911499023,100,0.0,0.0,0.0
2024-02-14 00:00:00-05:00,20.614683151245117,20.634371010355707,20.58514854600425,20.614683151245117,1600,0.0,0.0,0.0
2024-02-15 00:00:00-05:00,20.693439659999665,20.693439659999665,20.673749923706055,20.673749923706055,300,0.0,0.0,0.0
2024-02-16 00:00:00-05:00,20.84110931623501,20.939556121826172,20.84110931623501,20.939556121826172,600,0.0,0.0,0.0
2024-02-20 00:00:00-05:00,21.23489350939246,21.47116470336914,21.23489350939246,21.47116470336914,5500,0.0,0.0,0.0
2024-02-21 00:00:00-05:00,21.569611503621893,21.569611503621893,21.362874913035995,21.47116470336914,2100,0.0,0.0,0.0
2024-02-22 00:00:00-05:00,21.608990932678907,21.608990932678907,21.559766593790233,21.579456329345703,1000,0.0,0.0,0.0
2024-02-23 00:00:00-05:00,21.530235467608996,21.530235467608996,21.481011125063553,21.51054573059082,500,0.0,0.0,0.0
2024-02-26 00:00:00-05:00,21.569613241659283,21.569613241659283,21.47116643347388,21.490856170654297,800,0.0,0.0,0.0
2024-02-27 00:00:00-05:00,21.51054517124983,21.569612503051758,21.471165698237463,21.569612503051758,1700,0.0,0.0,0.0
2024-02-28 00:00:00-05:00,21.303805996629375,21.362875204216074,21.234893798828125,21.234893798828125,700,0.0,0.0,0.0
2024-02-29 00:00:00-05:00,21.175827891417335,21.234895225255244,21.175827891417335,21.185672760009766,400,0.0,0.0,0.0
2024-03-01 00:00:00-05:00,21.441633224487305,21.441633224487305,21.441633224487305,21.441633224487305,100,0.0,0.0,0.0
2024-03-04 00:00:00-05:00,21.313651379133542,21.313651379133542,21.26442891600615,21.28411865234375,1000,0.0,0.0,0.0
2024-03-05 00:00:00-05:00,21.116759314197214,21.2152042388916,21.10691444618446,21.2152042388916,900,0.0,0.0,0.0
2024-03-06 00:00:00-05:00,21.42194244710782,21.45147705078125,21.42194244710782,21.45147705078125,100,0.0,0.0,0.0
2024-03-07 00:00:00-05:00,21.39240801895705,21.431787490844727,21.39240801895705,21.431787490844727,500,0.0,0.0,0.0
2024-03-08 00:00:00-05:00,21.549922636651363,21.549922636651363,21.48101043701172,21.48101043701172,500,0.0,0.0,0.0
2024-03-11 00:00:00-04:00,21.43178888774572,21.43178888774572,21.382564544677734,21.382564544677734,400,0.0,0.0,0.0
2024-03-12 00:00:00-04:00,21.441632358816648,21.441632358816648,21.431787490844727,21.431787490844727,300,0.0,0.0,0.0
2024-03-13 00:00:00-04:00,21.599146373573642,21.64836883544922,21.579456637736786,21.64836883544922,600,0.0,0.0,0.0
2024-03-14 00:00:00-04:00,21.668058703356795,21.736970901489258,21.668058703356795,21.736970901489258,400,0.0,0.0,0.0
2024-03-15 00:00:00-04:00,21.64836883544922,21.64836883544922,21.64836883544922,21.64836883544922,100,0.0,0.0,0.0
2024-03-18 00:00:00-04:00,21.736971330143685,21.736971330143685,21.58930206298828,21.58930206298828,1300,0.0,0.0,0.0
2024-03-19 00:00:00-04:00,21.421942798961048,21.45147740311958,21.412097930908203,21.412097930908203,1900,0.0,0.0,0.0
2024-03-20 00:00:00-04:00,21.40225277063822,21.64836883544922,21.40225277063822,21.64836883544922,500,0.0,0.0,0.0
2024-03-21 00:00:00-04:00,21.579457371304848,21.59914710781103,21.569612503051758,21.569612503051758,400,0.0,0.0,0.0
2024-03-22 00:00:00-04:00,21.47116501162135,21.540077209472656,21.451477153461376,21.540077209472656,2100,0.0,0.0,0.0
2024-03-25 00:00:00-04:00,21.638525393182395,21.648370261749452,21.59914779663086,21.59914779663086,300,0.0,0.0,0.0
2024-03-26 00:00:00-04:00,21.402254104614258,21.402254104614258,21.402254104614258,21.402254104614258,100,0.0,0.0,0.0
2024-03-27 00:00:00-04:00,21.549923071340913,21.638525009155273,21.549923071340913,21.638525009155273,700,0.0,0.0,0.0
2024-03-28 00:00:00-04:00,21.569612679782747,21.618835143734888,21.530235084164364,21.549922943115234,2200,0.0,0.0,0.0
2024-04-01 00:00:00-04:00,21.431787490844727,21.431787490844727,21.431787490844727,21.431787490844727,600,0.0,0.0,0.0
2024-04-02 00:00:00-04:00,21.461321514408773,21.59914779663086,21.461321514408773,21.59914779663086,800,0.0,0.0,0.0
2024-04-03 00:00:00-04:00,21.54007815478835,21.746816635131836,21.54007815478835,21.746816635131836,1300,0.0,0.0,0.0
2024-04-04 00:00:00-04:00,21.884640988437347,22.042155126580532,21.8551082611084,21.8551082611084,900,0.0,0.0,0.0
2024-04-05 00:00:00-04:00,21.608990932678907,21.638523658295576,21.5499217260125,21.579456329345703,900,0.0,0.0,0.0
2024-04-08 00:00:00-04:00,22.061844254136133,22.061844254136133,21.99293205531578,22.0224666595459,600,0.0,0.0,0.0
2024-04-09 00:00:00-04:00,22.111066818237305,22.111066818237305,22.111066818237305,22.111066818237305,100,0.0,0.0,0.0
2024-04-10 00:00:00-04:00,21.796038539475298,21.805883407592773,21.796038539475298,21.805883407592773,700,0.0,0.0,0.0
2024-04-11 00:00:00-04:00,21.83541831839035,21.87479591369629,21.83541831839035,21.87479591369629,300,0.0,0.0,0.0
2024-04-12 00:00:00-04:00,21.421943487748525,21.441633224487305,21.421943487748525,21.441633224487305,600,0.0,0.0,0.0
2024-04-15 00:00:00-04:00,21.431787579739037,21.431787579739037,21.2152042388916,21.2152042388916,400,0.0,0.0,0.0
2024-04-16 00:00:00-04:00,21.00846845108407,21.02815818786621,20.95924598684536,21.02815818786621,1300,0.0,0.0,0.0
2024-04-17 00:00:00-04:00,21.038002014160156,21.038002014160156,21.038002014160156,21.038002014160156,100,0.0,0.0,0.0
2024-04-18 00:00:00-04:00,21.01831311328725,21.0478458404541,21.01831311328725,21.0478458404541,200,0.0,0.0,0.0
2024-04-19 00:00:00-04:00,21.08722496032715,21.08722496032715,21.047845487808953,21.08722496032715,600,0.0,0.0,0.0
2024-04-22 00:00:00-04:00,21.225049443330953,21.28411865234375,21.225049443330953,21.28411865234375,400,0.0,0.0,0.0
2024-04-23 00:00:00-04:00,21.58930206298828,21.58930206298828,21.58930206298828,21.58930206298828,100,0.0,0.0,0.0
2024-04-24 00:00:00-04:00,21.58930262337939,21.58930262337939,21.461321211530528,21.530235290527344,5200,0.0,0.0,0.0
2024-04-25 00:00:00-04:00,21.412098795648028,21.727127075195312,21.412098795648028,21.727127075195312,1000,0.0,0.0,0.0
2024-04-26 00:00:00-04:00,21.74681572559666,21.84526252746582,21.74681572559666,21.84526252746582,22000,0.0,0.0,0.0
2024-04-29 00:00:00-04:00,21.933865458742204,21.943710327148438,21.884641116711038,21.943710327148438,22400,0.0,0.0,0.0
2024-04-30 00:00:00-04:00,21.687748131062754,21.687748131062754,21.668058395385742,21.668058395385742,500,0.0,0.0,0.0
2024-05-01 00:00:00-04:00,21.658215050322,21.70743751525879,21.658215050322,21.70743751525879,600,0.0,0.0,0.0
2024-05-02 00:00:00-04:00,21.884639739990234,21.884639739990234,21.884639739990234,21.884639739990234,100,0.0,0.0,0.0
2024-05-03 00:00:00-04:00,22.179980895090388,22.179980895090388,22.091378959710163,22.111066818237305,700,0.0,0.0,0.0
2024-05-06 00:00:00-04:00,22.307961552579343,22.307961552579343,22.219359612721597,22.29811668395996,800,0.0,0.0,0.0
2024-05-07 00:00:00-04:00,22.23904800415039,22.23904800415039,22.23904800415039,22.23904800415039,100,0.0,0.0,0.0
2024-05-08 00:00:00-04:00,22.21935913257305,22.24889373779297,22.21935913257305,22.24889373779297,300,0.0,0.0,0.0
2024-05-09 00:00:00-04:00,22.337494893265788,22.435941696166992,22.18982562777227,22.435941696166992,4900,0.0,0.0,0.0
2024-05-10 00:00:00-04:00,22.62298934957009,22.62298934957009,22.5540771484375,22.5540771484375,300,0.0,0.0,0.0
2024-05-13 00:00:00-04:00,22.770657657022063,22.770657657022063,22.691900590813933,22.760814666748047,1000,0.0,0.0,0.0
2024-05-14 00:00:00-04:00,22.82972752608124,22.82972752608124,22.790348052978516,22.790348052978516,900,0.0,0.0,0.0
2024-05-15 00:00:00-04:00,22.977397534571676,23.016775131225586,22.977397534571676,23.016775131225586,700,0.0,0.0,0.0
2024-05-16 00:00:00-04:00,22.97739601135254,22.97739601135254,22.97739601135254,22.97739601135254,100,0.0,0.0,0.0
2024-05-17 00:00:00-04:00,23.026618224962952,23.105375289916992,23.026618224962952,23.105375289916992,400,0.0,0.0,0.0
2024-05-20 00:00:00-04:00,23.154600496369866,23.154600496369866,23.095531287154422,23.11522102355957,600,0.0,0.0,0.0
2024-05-21 00:00:00-04:00,22.84941464945837,22.869104385375977,22.84941464945837,22.869104385375977,100,0.0,0.0,0.0
2024-05-22 00:00:00-04:00,22.741125843784154,22.76081558055584,22.65252390602822,22.662368774414062,900,0.0,0.0,0.0
2024-05-23 00:00:00-04:00,22.632834475624268,22.632834475624268,22.426097869873047,22.426097869873047,1200,0.0,0.0,0.0
2024-05-24 00:00:00-04:00,22.622989527143094,22.622989527143094,22.504854860764716,22.534387588500977,1700,0.0,0.0,0.0
2024-05-28 00:00:00-04:00,22.485164260150306,22.5245418548584,22.45562965583179,22.5245418548584,400,0.0,0.0,0.0
2024-05-29 00:00:00-04:00,22.25873860619961,22.25873860619961,22.24889373779297,22.24889373779297,100,0.0,0.0,0.0
2024-05-30 00:00:00-04:00,22.229203747375827,22.376873016357422,22.229203747375827,22.376873016357422,200,0.0,0.0,0.0
2024-05-31 00:00:00-04:00,22.130756202180056,22.15044593811035,22.111066466249756,22.15044593811035,21100,0.0,0.0,0.0
2024-06-03 00:00:00-04:00,22.298114934108593,22.298114934108593,21.835417411608123,21.973241806030273,45000,0.0,0.0,0.0
2024-06-04 00:00:00-04:00,22.022466965870514,22.120911892573734,21.99293236122958,22.091379165649414,3300,0.0,0.0,0.0
2024-06-05 00:00:00-04:00,21.953552508825087,22.130756378173828,21.953552508825087,22.130756378173828,200,0.0,0.0,0.0
2024-06-06 00:00:00-04:00,22.189826581633213,22.229204177856445,22.189826581633213,22.229204177856445,400,0.0,0.0,0.0
2024-06-07 00:00:00-04:00,21.99293279146295,21.99293279146295,21.884641116711038,21.943710327148438,1700,0.0,0.0,0.0
2024-06-10 00:00:00-04:00,22.022467318379324,22.052000045776367,21.99293271326564,22.052000045776367,1400,0.0,0.0,0.0
2024-06-11 00:00:00-04:00,21.739999771118164,21.739999771118164,21.610000610351562,21.610000610351562,1900,0.348,0.0,0.0
2024-06-12 00:00:00-04:00,21.760000228881836,21.780000686645508,21.43000030517578,21.510000228881836,521800,0.0,0.0,0.0
2024-06-13 00:00:00-04:00,21.75,21.799999237060547,21.75,21.799999237060547,1000,0.0,0.0,0.0
2024-06-14 00:00:00-04:00,21.68000030517578,21.790000915527344,21.68000030517578,21.790000915527344,7800,0.0,0.0,0.0
