Date,Open,High,Low,Close,Volume,Dividends,Stock Splits
1980-03-17 00:00:00-05:00,0.0,0.5998002141212411,0.5740944743156433,0.5740944743156433,3000,0.0,0.0
1980-03-18 00:00:00-05:00,0.0,0.5912313167869238,0.5655255913734436,0.5655255913734436,4000,0.0,0.0
1980-03-19 00:00:00-05:00,0.0,0.5912313167869238,0.5655255913734436,0.5655255913734436,5000,0.0,0.0
1980-03-20 00:00:00-05:00,0.0,0.5912313167869238,0.5655255913734436,0.5655255913734436,6000,0.0,0.0
1980-03-21 00:00:00-05:00,0.0,0.5912313167869238,0.5655255913734436,0.5655255913734436,7000,0.0,0.0
1980-03-24 00:00:00-05:00,0.0,0.5912313167869238,0.5655255913734436,0.5655255913734436,12000,0.0,0.0
1980-03-25 00:00:00-05:00,0.0,0.5826629178548134,0.5569571852684021,0.5569571852684021,33000,0.0,0.0
1980-03-26 00:00:00-05:00,0.0,0.5740942286942704,0.5483885407447815,0.5483885407447815,2000,0.0,0.0
1980-03-27 00:00:00-05:00,0.0,0.5740942286942704,0.5483885407447815,0.5483885407447815,2000,0.0,0.0
1980-03-28 00:00:00-05:00,0.0,0.5740942286942704,0.5483885407447815,0.5483885407447815,8000,0.0,0.0
1980-03-31 00:00:00-05:00,0.5483885407447815,0.5483885407447815,0.5483885407447815,0.5483885407447815,0,0.0,0.0
1980-04-01 00:00:00-05:00,0.0,0.5740942286942704,0.5483885407447815,0.5483885407447815,3000,0.0,0.0
1980-04-02 00:00:00-05:00,0.5483885407447815,0.5483885407447815,0.5483885407447815,0.5483885407447815,0,0.0,0.0
1980-04-03 00:00:00-05:00,0.5483885407447815,0.5483885407447815,0.5483885407447815,0.5483885407447815,0,0.0,0.0
1980-04-07 00:00:00-05:00,0.5483885407447815,0.5483885407447815,0.5483885407447815,0.5483885407447815,0,0.0,0.0
1980-04-08 00:00:00-05:00,0.0,0.5655258924866937,0.5398201942443848,0.5398201942443848,7000,0.0,0.0
1980-04-09 00:00:00-05:00,0.0,0.5655258924866937,0.5398201942443848,0.5398201942443848,1000,0.0,0.0
1980-04-10 00:00:00-05:00,0.5398201942443848,0.5398201942443848,0.5398201942443848,0.5398201942443848,0,0.0,0.0
1980-04-11 00:00:00-05:00,0.0,0.5569572245138606,0.5312514901161194,0.5312514901161194,14000,0.0,0.0
1980-04-14 00:00:00-05:00,0.0,0.5398203029748458,0.5141145586967468,0.5141145586967468,13000,0.0,0.0
1980-04-15 00:00:00-05:00,0.5141145586967468,0.5141145586967468,0.5141145586967468,0.5141145586967468,0,0.0,0.0
1980-04-16 00:00:00-05:00,0.5141145586967468,0.5141145586967468,0.5141145586967468,0.5141145586967468,0,0.0,0.0
1980-04-17 00:00:00-05:00,0.0,0.5312518015983713,0.5055460929870605,0.5055460929870605,26000,0.0,0.0
1980-04-18 00:00:00-05:00,0.5055460929870605,0.5055460929870605,0.5055460929870605,0.5055460929870605,0,0.0,0.0
1980-04-21 00:00:00-05:00,0.0,0.5312518015983713,0.5055460929870605,0.5055460929870605,3000,0.0,0.0
1980-04-22 00:00:00-05:00,0.0,0.5569572245138606,0.5312514901161194,0.5312514901161194,52000,0.0,0.0
1980-04-23 00:00:00-05:00,0.0,0.5655258924866937,0.5398201942443848,0.5398201942443848,34000,0.0,0.0
1980-04-24 00:00:00-05:00,0.0,0.5912313167869238,0.5655255913734436,0.5655255913734436,43000,0.0,0.0
1980-04-25 00:00:00-05:00,0.0,0.5912313167869238,0.5655255913734436,0.5655255913734436,4000,0.0,0.0
1980-04-28 00:00:00-04:00,0.5655255913734436,0.5655255913734436,0.5655255913734436,0.5655255913734436,0,0.0,0.0
1980-04-29 00:00:00-04:00,0.5655255913734436,0.5655255913734436,0.5655255913734436,0.5655255913734436,0,0.0,0.0
1980-04-30 00:00:00-04:00,0.0,0.6083689439030097,0.5826632380485535,0.5826632380485535,7000,0.0,0.0
1980-05-01 00:00:00-04:00,0.0,0.5998002141212411,0.5740944743156433,0.5740944743156433,15000,0.0,0.0
1980-05-02 00:00:00-04:00,0.0,0.5998002141212411,0.5740944743156433,0.5740944743156433,2000,0.0,0.0
1980-05-05 00:00:00-04:00,0.0,0.5998002141212411,0.5740944743156433,0.5740944743156433,2000,0.0,0.0
1980-05-06 00:00:00-04:00,0.5740944743156433,0.5740944743156433,0.5740944743156433,0.5740944743156433,0,0.0,0.0
1980-05-07 00:00:00-04:00,0.0,0.5998002141212411,0.5740944743156433,0.5740944743156433,1000,0.0,0.0
1980-05-08 00:00:00-04:00,0.5740944743156433,0.5740944743156433,0.5740944743156433,0.5740944743156433,0,0.0,0.0
1980-05-09 00:00:00-04:00,0.0,0.5998002141212411,0.5740944743156433,0.5740944743156433,6000,0.0,0.0
1980-05-12 00:00:00-04:00,0.0,0.5912313167869238,0.5655255913734436,0.5655255913734436,17000,0.0,0.0
1980-05-13 00:00:00-04:00,0.0,0.5912313167869238,0.5655255913734436,0.5655255913734436,10000,0.0,0.0
1980-05-14 00:00:00-04:00,0.5655255913734436,0.5655255913734436,0.5655255913734436,0.5655255913734436,0,0.0,0.0
1980-05-15 00:00:00-04:00,0.5655255913734436,0.5655255913734436,0.5655255913734436,0.5655255913734436,0,0.0,0.0
1980-05-16 00:00:00-04:00,0.0,0.5912313167869238,0.5655255913734436,0.5655255913734436,8000,0.0,0.0
1980-05-19 00:00:00-04:00,0.5655255913734436,0.5655255913734436,0.5655255913734436,0.5655255913734436,0,0.0,0.0
1980-05-20 00:00:00-04:00,0.0,0.5912313167869238,0.5655255913734436,0.5655255913734436,25000,0.0,0.0
1980-05-21 00:00:00-04:00,0.5655255913734436,0.5655255913734436,0.5655255913734436,0.5655255913734436,0,0.0,0.0
1980-05-22 00:00:00-04:00,0.0,0.5912313167869238,0.5655255913734436,0.5655255913734436,44000,0.0,0.0
1980-05-23 00:00:00-04:00,0.0,0.5912313167869238,0.5655255913734436,0.5655255913734436,5000,0.0,0.0
1980-05-27 00:00:00-04:00,0.5655255913734436,0.5655255913734436,0.5655255913734436,0.5655255913734436,0,0.0,0.0
1980-05-28 00:00:00-04:00,0.5655255913734436,0.5655255913734436,0.5655255913734436,0.5655255913734436,0,0.0,0.0
1980-05-29 00:00:00-04:00,0.0,0.5912313167869238,0.5655255913734436,0.5655255913734436,41000,0.0,0.0
1980-05-30 00:00:00-04:00,0.0,0.5912313167869238,0.5655255913734436,0.5655255913734436,22000,0.0,0.0
1980-06-02 00:00:00-04:00,0.0,0.5826629178548134,0.5569571852684021,0.5569571852684021,17000,0.0,0.0
1980-06-03 00:00:00-04:00,0.0,0.5826629178548134,0.5569571852684021,0.5569571852684021,21000,0.0,0.0
1980-06-04 00:00:00-04:00,0.0,0.5826629178548134,0.5569571852684021,0.5569571852684021,6000,0.0,0.0
1980-06-05 00:00:00-04:00,0.0,0.5826629178548134,0.5569571852684021,0.5569571852684021,1000,0.0,0.0
1980-06-06 00:00:00-04:00,0.0,0.5826629178548134,0.5569571852684021,0.5569571852684021,20000,0.0,0.0
1980-06-09 00:00:00-04:00,0.0,0.5569572245138606,0.5312514901161194,0.5312514901161194,36000,0.0,0.0
1980-06-10 00:00:00-04:00,0.0,0.5569572245138606,0.5312514901161194,0.5312514901161194,21000,0.0,0.0
1980-06-11 00:00:00-04:00,0.0,0.5740942286942704,0.5483885407447815,0.5483885407447815,55000,0.0,0.0
1980-06-12 00:00:00-04:00,0.0,0.6255061559963337,0.5998004078865051,0.5998004078865051,59000,0.0,0.0
1980-06-13 00:00:00-04:00,0.0,0.6512119942765657,0.6255062818527222,0.6255062818527222,48000,0.0,0.0
1980-06-16 00:00:00-04:00,0.0,0.6512119942765657,0.6255062818527222,0.6255062818527222,7000,0.0,0.0
1980-06-17 00:00:00-04:00,0.0,0.6512119942765657,0.6255062818527222,0.6255062818527222,29000,0.0,0.0
1980-06-18 00:00:00-04:00,0.0,0.6512119942765657,0.6255062818527222,0.6255062818527222,22000,0.0,0.0
1980-06-19 00:00:00-04:00,0.0,0.634074368845483,0.6083686351776123,0.6083686351776123,38000,0.0,0.0
1980-06-20 00:00:00-04:00,0.0,0.6255061559963337,0.5998004078865051,0.5998004078865051,10000,0.0,0.0
1980-06-23 00:00:00-04:00,0.0,0.6255061559963337,0.5998004078865051,0.5998004078865051,1000,0.0,0.0
1980-06-24 00:00:00-04:00,0.0,0.6255061559963337,0.5998004078865051,0.5998004078865051,26000,0.0,0.0
1980-06-25 00:00:00-04:00,0.0,0.6255061559963337,0.5998004078865051,0.5998004078865051,12000,0.0,0.0
1980-06-26 00:00:00-04:00,0.0,0.6255061559963337,0.5998004078865051,0.5998004078865051,7000,0.0,0.0
1980-06-27 00:00:00-04:00,0.0,0.6255061559963337,0.5998004078865051,0.5998004078865051,4000,0.0,0.0
1980-06-30 00:00:00-04:00,0.0,0.6255061559963337,0.5998004078865051,0.5998004078865051,11000,0.0,0.0
1980-07-01 00:00:00-04:00,0.0,0.6255061559963337,0.5998004078865051,0.5998004078865051,3000,0.0,0.0
1980-07-02 00:00:00-04:00,0.0,0.6255061559963337,0.5998004078865051,0.5998004078865051,11000,0.0,0.0
1980-07-03 00:00:00-04:00,0.5998004078865051,0.5998004078865051,0.5998004078865051,0.5998004078865051,0,0.0,0.0
1980-07-07 00:00:00-04:00,0.0,0.6340746351094607,0.6169374585151672,0.6169374585151672,6000,0.0,0.0
1980-07-08 00:00:00-04:00,0.0,0.6340746351094607,0.6169374585151672,0.6169374585151672,6000,0.0,0.0
1980-07-09 00:00:00-04:00,0.0,0.6854862265590221,0.6683490872383118,0.6683490872383118,26000,0.0,0.0
1980-07-10 00:00:00-04:00,0.0,0.6854862265590221,0.6683490872383118,0.6683490872383118,41000,0.0,0.0
1980-07-11 00:00:00-04:00,0.6683490872383118,0.6683490872383118,0.6683490872383118,0.6683490872383118,0,0.0,0.0
1980-07-14 00:00:00-04:00,0.0,0.676917656898667,0.6683490872383118,0.6683490872383118,3000,0.0,0.0
1980-07-15 00:00:00-04:00,0.0,0.68548606093339,0.6769174933433533,0.6769174933433533,8000,0.0,0.0
1980-07-16 00:00:00-04:00,0.0,0.68548606093339,0.6769174933433533,0.6769174933433533,9000,0.0,0.0
1980-07-17 00:00:00-04:00,0.0,0.6940548076265429,0.6854861974716187,0.6854861974716187,18000,0.0,0.0
1980-07-18 00:00:00-04:00,0.0,0.6940548076265429,0.6854861974716187,0.6854861974716187,16000,0.0,0.0
1980-07-21 00:00:00-04:00,0.0,0.7111917371319225,0.6940546035766602,0.6940546035766602,27000,0.0,0.0
1980-07-22 00:00:00-04:00,0.0,0.7026233360651446,0.6854861974716187,0.6854861974716187,12000,0.0,0.0
1980-07-23 00:00:00-04:00,0.0,0.7111918571824587,0.7026232481002808,0.7026232481002808,27000,0.0,0.0
1980-07-24 00:00:00-04:00,0.0,0.7197603600940009,0.7111918330192566,0.7111918330192566,16000,0.0,0.0
1980-07-25 00:00:00-04:00,0.0,0.7197603600940009,0.7111918330192566,0.7111918330192566,16000,0.0,0.0
1980-07-28 00:00:00-04:00,0.0,0.7283289671036841,0.7197603583335876,0.7197603583335876,33000,0.0,0.0
1980-07-29 00:00:00-04:00,0.0,0.7626032249077315,0.754034698009491,0.754034698009491,50000,0.0,0.0
1980-07-30 00:00:00-04:00,0.0,0.7797406233495658,0.7626034021377563,0.7626034021377563,39000,0.0,0.0
1980-07-31 00:00:00-04:00,0.0,0.77117183352228,0.754034698009491,0.754034698009491,29000,0.0,0.0
1980-08-01 00:00:00-04:00,0.0,0.8140148199703909,0.7968776822090149,0.7968776822090149,44000,0.0,0.0
1980-08-04 00:00:00-04:00,0.0,0.8054462102315436,0.7968776822090149,0.7968776822090149,9000,0.0,0.0
1980-08-05 00:00:00-04:00,0.0,0.8140145762784258,0.8054459691047668,0.8054459691047668,75000,0.0,0.0
1980-08-06 00:00:00-04:00,0.0,0.8140145762784258,0.8054459691047668,0.8054459691047668,57000,0.0,0.0
1980-08-07 00:00:00-04:00,0.0,0.8140148199703909,0.7968776822090149,0.7968776822090149,30000,0.0,0.0
1980-08-08 00:00:00-04:00,0.0,0.8054462102315436,0.7968776822090149,0.7968776822090149,50000,0.0,0.0
1980-08-11 00:00:00-04:00,0.0,0.8054462102315436,0.7968776822090149,0.7968776822090149,39000,0.0,0.0
1980-08-12 00:00:00-04:00,0.0,0.8054459310889935,0.7883087992668152,0.7883087992668152,23000,0.0,0.0
1980-08-13 00:00:00-04:00,0.0,0.8054459310889935,0.7883087992668152,0.7883087992668152,17000,0.0,0.0
1980-08-14 00:00:00-04:00,0.0,0.7968770402811036,0.7797399163246155,0.7797399163246155,14000,0.0,0.0
1980-08-15 00:00:00-04:00,0.0,0.7968770402811036,0.7797399163246155,0.7797399163246155,92000,0.0,0.0
1980-08-18 00:00:00-04:00,0.0,0.7883086994770565,0.7711715698242188,0.7711715698242188,33000,0.0,0.0
1980-08-19 00:00:00-04:00,0.0,0.7797401755087776,0.7711715698242188,0.7711715698242188,43000,0.0,0.0
1980-08-20 00:00:00-04:00,0.0,0.7883086994770565,0.7711715698242188,0.7711715698242188,5000,0.0,0.0
1980-08-21 00:00:00-04:00,0.0,0.7968774060360495,0.7883087992668152,0.7883087992668152,13000,0.0,0.0
1980-08-22 00:00:00-04:00,0.0,0.8482891001354331,0.8311519622802734,0.8311519622802734,30000,0.0,0.0
1980-08-25 00:00:00-04:00,0.0,0.8568572587994701,0.8397201299667358,0.8397201299667358,9000,0.0,0.0
1980-08-26 00:00:00-04:00,0.0,0.8568572587994701,0.8397201299667358,0.8397201299667358,20000,0.0,0.0
1980-08-27 00:00:00-04:00,0.0,0.8482891001354331,0.8311519622802734,0.8311519622802734,37000,0.0,0.0
1980-08-28 00:00:00-04:00,0.0,0.8397205720660128,0.8311519622802734,0.8311519622802734,40000,0.0,0.0
1980-08-29 00:00:00-04:00,0.0,0.8397205720660128,0.8311519622802734,0.8311519622802734,27000,0.0,0.0
1980-09-02 00:00:00-04:00,0.0,0.8482891001354331,0.8311519622802734,0.8311519622802734,11000,0.0,0.0
1980-09-03 00:00:00-04:00,0.0,0.8654259054892464,0.8568572998046875,0.8568572998046875,85000,0.0,0.0
1980-09-04 00:00:00-04:00,0.0,0.8654259054892464,0.8568572998046875,0.8568572998046875,48000,0.0,0.0
1980-09-05 00:00:00-04:00,0.0,0.8568572587994701,0.8397201299667358,0.8397201299667358,50000,0.0,0.0
1980-09-08 00:00:00-04:00,0.0,0.8568581636740237,0.8482895493507385,0.8482895493507385,15000,0.0,0.0
1980-09-09 00:00:00-04:00,0.0,0.8568581636740237,0.8482895493507385,0.8482895493507385,17000,0.0,0.0
1980-09-10 00:00:00-04:00,0.0,0.8568581636740237,0.8482895493507385,0.8482895493507385,1000,0.0,0.0
1980-09-11 00:00:00-04:00,0.0,0.8568581636740237,0.8482895493507385,0.8482895493507385,57000,0.0,0.0
1980-09-12 00:00:00-04:00,0.0,0.8825635610297042,0.8654264211654663,0.8654264211654663,65000,0.0,0.0
1980-09-15 00:00:00-04:00,0.0,0.8739944294575253,0.8568572998046875,0.8568572998046875,59000,0.0,0.0
1980-09-16 00:00:00-04:00,0.0,0.8739949502394209,0.8654264211654663,0.8654264211654663,61000,0.0,0.0
1980-09-17 00:00:00-04:00,0.0,0.8825635610297042,0.8654264211654663,0.8654264211654663,244000,0.0,0.0
1980-09-18 00:00:00-04:00,0.0,0.9082690111687217,0.8997004032135011,0.899700403213501,265000,0.0,0.0
1980-09-19 00:00:00-04:00,0.0,0.9339747079118311,0.9168375730514526,0.9168375730514526,37000,0.0,0.0
1980-09-22 00:00:00-04:00,0.0,0.9254060611627112,0.908268928527832,0.908268928527832,12000,0.0,0.0
1980-09-23 00:00:00-04:00,0.0,0.8997005468267861,0.8911319375038147,0.8911319375038147,75000,0.0,0.0
1980-09-24 00:00:00-04:00,0.0,0.9082690111687217,0.8997004032135011,0.899700403213501,61000,0.0,0.0
1980-09-25 00:00:00-04:00,0.0,0.8825635610297042,0.8654264211654663,0.8654264211654663,28000,0.0,0.0
1980-09-26 00:00:00-04:00,0.0,0.8739944294575253,0.8568572998046875,0.8568572998046875,37000,0.0,0.0
1980-09-29 00:00:00-04:00,0.0,0.8654259054892464,0.8568572998046875,0.8568572998046875,29000,0.0,0.0
1980-09-30 00:00:00-04:00,0.0,0.8654259054892464,0.8568572998046875,0.8568572998046875,39000,0.0,0.0
1980-10-01 00:00:00-04:00,0.0,0.8654259054892464,0.8568572998046875,0.8568572998046875,3000,0.0,0.0
1980-10-02 00:00:00-04:00,0.0,0.8654259054892464,0.8568572998046875,0.8568572998046875,11000,0.0,0.0
1980-10-03 00:00:00-04:00,0.0,0.8654259054892464,0.8568572998046875,0.8568572998046875,6000,0.0,0.0
1980-10-06 00:00:00-04:00,0.0,0.9082684837611121,0.8825627565383911,0.8825627565383911,65000,0.0,0.0
1980-10-07 00:00:00-04:00,0.0,0.8996998807814537,0.8825627565383911,0.8825627565383911,41000,0.0,0.0
1980-10-08 00:00:00-04:00,0.0,0.9339747444826201,0.9254062175750732,0.9254062175750732,71000,0.0,0.0
1980-10-09 00:00:00-04:00,0.0,1.0025234489169526,0.985386312007904,0.985386312007904,69000,0.0,0.0
1980-10-10 00:00:00-04:00,0.0,1.0025233641944826,0.9939548373222352,0.9939548373222351,97000,0.0,0.0
1980-10-13 00:00:00-04:00,0.0,1.0110911897286599,1.002522587776184,1.002522587776184,87000,0.0,0.0
1980-10-14 00:00:00-04:00,0.0,1.0025233641944826,0.9939548373222352,0.9939548373222351,42000,0.0,0.0
1980-10-15 00:00:00-04:00,0.0,1.0025233641944826,0.9939548373222352,0.9939548373222351,23000,0.0,0.0
1980-10-16 00:00:00-04:00,0.0,1.0025233641944826,0.9939548373222352,0.9939548373222351,85000,0.0,0.0
1980-10-17 00:00:00-04:00,0.0,0.9939549461422527,0.9768177270889282,0.9768177270889282,41000,0.0,0.0
1980-10-20 00:00:00-04:00,0.0,0.9939549461422527,0.9768177270889282,0.9768177270889282,12000,0.0,0.0
1980-10-21 00:00:00-04:00,0.0,0.9939549461422527,0.9768177270889282,0.9768177270889282,11000,0.0,0.0
1980-10-22 00:00:00-04:00,0.0,1.0025234489169526,0.985386312007904,0.985386312007904,43000,0.0,0.0
1980-10-23 00:00:00-04:00,0.0,1.0025233641944826,0.9939548373222352,0.9939548373222351,83000,0.0,0.0
1980-10-24 00:00:00-04:00,0.0,1.0025234489169526,0.985386312007904,0.985386312007904,27000,0.0,0.0
1980-10-27 00:00:00-05:00,0.0,1.0025234739525983,0.9768177270889282,0.9768177270889282,29000,0.0,0.0
1980-10-28 00:00:00-05:00,0.0,0.9768176694749149,0.9682491421699524,0.9682491421699524,38000,0.0,0.0
1980-10-29 00:00:00-05:00,0.0,0.9768177546766234,0.9596806168556213,0.9596806168556213,11000,0.0,0.0
1980-10-30 00:00:00-05:00,0.0,0.9682493507688283,0.9511122107505798,0.9511122107505798,13000,0.0,0.0
1980-10-31 00:00:00-05:00,0.0,0.9682493507688283,0.9511122107505798,0.9511122107505798,3000,0.0,0.0
1980-11-03 00:00:00-05:00,0.0,0.9768176694749149,0.9682491421699524,0.9682491421699524,15000,0.0,0.0
1980-11-05 00:00:00-05:00,0.0,0.9768176694749149,0.9682491421699524,0.9682491421699524,123000,0.0,0.0
1980-11-06 00:00:00-05:00,0.0,1.0196604996552852,0.9939548373222352,0.9939548373222351,94000,0.0,0.0
1980-11-07 00:00:00-05:00,0.0,1.0710721896555802,1.0539350509643555,1.0539350509643555,82000,0.0,0.0
1980-11-10 00:00:00-05:00,0.0,1.0796401909749176,1.0625029802322388,1.0625029802322388,51000,0.0,0.0
1980-11-11 00:00:00-05:00,0.0,1.0882087544086971,1.0710716247558594,1.0710716247558594,30000,0.0,0.0
1980-11-12 00:00:00-05:00,0.0,1.096777520650309,1.0796403884887695,1.0796403884887695,70000,0.0,0.0
1980-11-13 00:00:00-05:00,0.0,1.1139142067892223,1.096777081489563,1.096777081489563,45000,0.0,0.0
1980-11-14 00:00:00-05:00,0.0,1.105345603281263,1.096777081489563,1.096777081489563,16000,0.0,0.0
1980-11-17 00:00:00-05:00,0.0,1.1139148110061412,1.1053462028503418,1.1053462028503418,15000,0.0,0.0
1980-11-18 00:00:00-05:00,0.0,1.1053465303124819,1.0882093906402588,1.0882093906402588,74000,0.0,0.0
1980-11-19 00:00:00-05:00,0.0,1.096777520650309,1.0796403884887695,1.0796403884887695,38000,0.0,0.0
1980-11-20 00:00:00-05:00,0.0,1.0882087544086971,1.0710716247558594,1.0710716247558594,37000,0.0,0.0
1980-11-21 00:00:00-05:00,0.0,1.096778001334534,1.0882093906402588,1.0882093906402588,41000,0.0,0.0
1980-11-24 00:00:00-05:00,0.0,1.1053465303124819,1.0882093906402588,1.0882093906402588,12000,0.0,0.0
1980-11-25 00:00:00-05:00,0.0,1.105345603281263,1.096777081489563,1.096777081489563,5000,0.0,0.0
1980-11-26 00:00:00-05:00,0.0,1.1053465303124819,1.0882093906402588,1.0882093906402588,6000,0.0,0.0
1980-11-28 00:00:00-05:00,0.0,1.1053465303124819,1.0882093906402588,1.0882093906402588,1000,0.0,0.0
1980-12-01 00:00:00-05:00,0.0,1.0882089137113933,1.0796403884887695,1.0796403884887695,10000,0.0,0.0
1980-12-02 00:00:00-05:00,0.0,1.0796401909749176,1.0625029802322388,1.0625029802322388,32000,0.0,0.0
1980-12-03 00:00:00-05:00,0.0,1.0796401909749176,1.0625029802322388,1.0625029802322388,2000,0.0,0.0
1980-12-04 00:00:00-05:00,0.0,1.0710715856035782,1.0625029802322388,1.0625029802322388,4000,0.0,0.0
1980-12-05 00:00:00-05:00,0.0,1.0710715856035782,1.0625029802322388,1.0625029802322388,10000,0.0,0.0
1980-12-08 00:00:00-05:00,0.0,1.0710721896555802,1.0539350509643555,1.0539350509643555,5000,0.0,0.0
1980-12-09 00:00:00-05:00,0.0,1.0625028175881095,1.0453656911849976,1.0453656911849976,68000,0.0,0.0
1980-12-10 00:00:00-05:00,0.0,1.0625028175881095,1.0453656911849976,1.0453656911849976,5000,0.0,0.0
1980-12-11 00:00:00-05:00,0.0,1.0539347769434289,1.0367976427078247,1.0367976427078247,25000,0.0,0.0
1980-12-12 00:00:00-05:00,0.0,1.0625033032030802,1.0367976427078247,1.0367976427078247,21000,0.0,0.0
1980-12-15 00:00:00-05:00,0.0,1.045366168967476,1.0367976427078247,1.0367976427078247,20000,0.0,0.0
1980-12-16 00:00:00-05:00,0.0,1.045366168967476,1.0367976427078247,1.0367976427078247,15000,0.0,0.0
1980-12-17 00:00:00-05:00,0.0,1.0625028175881095,1.0453656911849976,1.0453656911849976,99000,0.0,0.0
1980-12-18 00:00:00-05:00,1.0453656911849976,1.0453656911849976,1.0453656911849976,1.0453656911849976,0,0.0,0.0
1980-12-19 00:00:00-05:00,0.0,1.0796402304404182,1.0710716247558594,1.0710716247558594,39000,0.0,0.0
1980-12-22 00:00:00-05:00,0.0,1.0796402304404182,1.0710716247558594,1.0710716247558594,63000,0.0,0.0
1980-12-23 00:00:00-05:00,0.0,1.0796402304404182,1.0710716247558594,1.0710716247558594,37000,0.0,0.0
1980-12-24 00:00:00-05:00,0.0,1.0625028175881095,1.0453656911849976,1.0453656911849976,40000,0.0,0.0
1980-12-26 00:00:00-05:00,0.0,1.0625028175881095,1.0453656911849976,1.0453656911849976,2000,0.0,0.0
1980-12-29 00:00:00-05:00,0.0,1.0625035794518063,1.0539350509643555,1.0539350509643555,4000,0.0,0.0
1980-12-30 00:00:00-05:00,0.0,1.0625035794518063,1.0539350509643555,1.0539350509643555,70000,0.0,0.0
1980-12-31 00:00:00-05:00,0.0,1.0625035794518063,1.0539350509643555,1.0539350509643555,48000,0.0,0.0
1981-01-02 00:00:00-05:00,0.0,1.0710721896555802,1.0539350509643555,1.0539350509643555,14000,0.0,0.0
1981-01-05 00:00:00-05:00,0.0,1.096777520650309,1.0796403884887695,1.0796403884887695,125000,0.0,0.0
1981-01-06 00:00:00-05:00,0.0,1.1053465303124819,1.0882093906402588,1.0882093906402588,42000,0.0,0.0
1981-01-07 00:00:00-05:00,0.0,1.096777520650309,1.0796403884887695,1.0796403884887695,48000,0.0,0.0
1981-01-08 00:00:00-05:00,0.0,1.0796401909749176,1.0625029802322388,1.0625029802322388,26000,0.0,0.0
1981-01-09 00:00:00-05:00,0.0,1.0710721896555802,1.0539350509643555,1.0539350509643555,25000,0.0,0.0
1981-01-12 00:00:00-05:00,0.0,1.0710721896555802,1.0539350509643555,1.0539350509643555,1000,0.0,0.0
1981-01-13 00:00:00-05:00,0.0,1.0710721896555802,1.0539350509643555,1.0539350509643555,5000,0.0,0.0
1981-01-14 00:00:00-05:00,0.0,1.0625028175881095,1.0453656911849976,1.0453656911849976,12000,0.0,0.0
1981-01-15 00:00:00-05:00,0.0,1.0625028175881095,1.0453656911849976,1.0453656911849976,19000,0.0,0.0
1981-01-16 00:00:00-05:00,0.0,1.0625035794518063,1.0539350509643555,1.0539350509643555,22000,0.0,0.0
1981-01-19 00:00:00-05:00,0.0,1.0625035794518063,1.0539350509643555,1.0539350509643555,6000,0.0,0.0
1981-01-20 00:00:00-05:00,0.0,1.0796402304404182,1.0710716247558594,1.0710716247558594,28000,0.0,0.0
1981-01-21 00:00:00-05:00,0.0,1.0625035794518063,1.0539350509643555,1.0539350509643555,59000,0.0,0.0
1981-01-22 00:00:00-05:00,0.0,1.0710721896555802,1.0539350509643555,1.0539350509643555,19000,0.0,0.0
1981-01-23 00:00:00-05:00,0.0,0.9939549461422527,0.9768177270889282,0.9768177270889282,65000,0.0,0.0
1981-01-26 00:00:00-05:00,0.0,0.9939549213205855,0.985386312007904,0.985386312007904,23000,0.0,0.0
1981-01-27 00:00:00-05:00,0.0,1.0196597099648914,1.002522587776184,1.002522587776184,52000,0.0,0.0
1981-01-28 00:00:00-05:00,1.002522587776184,1.002522587776184,1.002522587776184,1.002522587776184,0,0.0,0.0
1981-01-29 00:00:00-05:00,0.0,1.131052739607983,1.1224842071533203,1.1224842071533203,142000,0.0,0.0
1981-01-30 00:00:00-05:00,0.0,1.131052739607983,1.1224842071533203,1.1224842071533203,86000,0.0,0.0
1981-02-02 00:00:00-05:00,0.0,1.131052739607983,1.1224842071533203,1.1224842071533203,25000,0.0,0.0
1981-02-03 00:00:00-05:00,0.0,1.131052739607983,1.1224842071533203,1.1224842071533203,22000,0.0,0.0
1981-02-04 00:00:00-05:00,0.0,1.2424435257565585,1.2338749170303345,1.2338749170303345,114000,0.0,0.0
1981-02-05 00:00:00-05:00,0.0,1.2767181436691106,1.2681496143341064,1.2681496143341064,239000,0.0,0.0
1981-02-06 00:00:00-05:00,0.0,1.3452667032788157,1.3366981744766235,1.3366981744766235,128000,0.0,0.0
1981-02-09 00:00:00-05:00,0.0,1.319561457504885,1.3024243116378784,1.3024243116378784,75000,0.0,0.0
1981-02-10 00:00:00-05:00,0.0,1.3195606485186695,1.3109921216964722,1.3109921216964722,20000,0.0,0.0
1981-02-11 00:00:00-05:00,0.0,1.3109929254295605,1.3024243116378784,1.3024243116378784,40000,0.0,0.0
1981-02-12 00:00:00-05:00,0.0,1.2938553616971395,1.2767181396484375,1.2767181396484375,19000,0.0,0.0
1981-02-13 00:00:00-05:00,0.0,1.3709720004812755,1.362403392791748,1.362403392791748,76000,0.0,0.0
1981-02-17 00:00:00-05:00,0.0,1.3109929254295605,1.3024243116378784,1.3024243116378784,40000,0.0,0.0
1981-02-18 00:00:00-05:00,0.0,1.3281291355561378,1.3195605278015137,1.3195605278015137,35000,0.0,0.0
1981-02-19 00:00:00-05:00,0.0,1.2938553616971395,1.2767181396484375,1.2767181396484375,35000,0.0,0.0
1981-02-20 00:00:00-05:00,0.0,1.2938555154237594,1.2852869033813477,1.2852869033813477,55000,0.0,0.0
1981-02-23 00:00:00-05:00,0.0,1.2938555154237594,1.2852869033813477,1.2852869033813477,20000,0.0,0.0
1981-02-24 00:00:00-05:00,0.0,1.3109920867625708,1.2938549518585205,1.2938549518585205,6000,0.0,0.0
1981-02-25 00:00:00-05:00,0.0,1.3109929254295605,1.3024243116378784,1.3024243116378784,7000,0.0,0.0
1981-02-26 00:00:00-05:00,0.0,1.3109920867625708,1.2938549518585205,1.2938549518585205,14000,0.0,0.0
1981-02-27 00:00:00-05:00,0.0,1.3024240457498308,1.2852869033813477,1.2852869033813477,17000,0.0,0.0
1981-03-02 00:00:00-05:00,0.0,1.2424436483524075,1.225306510925293,1.225306510925293,68000,0.0,0.0
1981-03-03 00:00:00-05:00,0.0,1.233874398895047,1.2167372703552246,1.2167372703552246,21000,0.0,0.0
1981-03-04 00:00:00-05:00,0.0,1.233874398895047,1.2167372703552246,1.2167372703552246,42000,0.0,0.0
1981-03-05 00:00:00-05:00,0.0,1.233874398895047,1.2167372703552246,1.2167372703552246,61000,0.0,0.0
1981-03-06 00:00:00-05:00,0.0,1.233874398895047,1.2167372703552246,1.2167372703552246,22000,0.0,0.0
1981-03-09 00:00:00-05:00,0.0,1.233874398895047,1.2167372703552246,1.2167372703552246,3000,0.0,0.0
1981-03-10 00:00:00-05:00,0.0,1.2338745186976607,1.208168864250183,1.208168864250183,18000,0.0,0.0
1981-03-11 00:00:00-05:00,0.0,1.2338745186976607,1.208168864250183,1.208168864250183,38000,0.0,0.0
1981-03-12 00:00:00-05:00,0.0,1.1996010210764774,1.1910324096679688,1.1910324096679688,37000,0.0,0.0
1981-03-13 00:00:00-05:00,0.0,1.20816942571506,1.1996008157730103,1.1996008157730103,23000,0.0,0.0
1981-03-16 00:00:00-05:00,0.0,1.20816942571506,1.1996008157730103,1.1996008157730103,33000,0.0,0.0
1981-03-17 00:00:00-05:00,0.0,1.20816942571506,1.1996008157730103,1.1996008157730103,29000,0.0,0.0
1981-03-18 00:00:00-05:00,0.0,1.233874398895047,1.2167372703552246,1.2167372703552246,82000,0.0,0.0
1981-03-19 00:00:00-05:00,0.0,1.233874398895047,1.2167372703552246,1.2167372703552246,11000,0.0,0.0
1981-03-20 00:00:00-05:00,0.0,1.2167381621771602,1.1910324096679688,1.1910324096679688,35000,0.0,0.0
1981-03-23 00:00:00-05:00,0.0,1.199599937085139,1.1824628114700317,1.1824628114700317,11000,0.0,0.0
1981-03-24 00:00:00-05:00,0.0,1.2081685407508227,1.1824628114700317,1.1824628114700317,76000,0.0,0.0
1981-03-25 00:00:00-05:00,0.0,1.208169632484986,1.1910324096679688,1.1910324096679688,24000,0.0,0.0
1981-03-26 00:00:00-05:00,0.0,1.20816942571506,1.1996008157730103,1.1996008157730103,46000,0.0,0.0
1981-03-27 00:00:00-05:00,0.0,1.225305994453929,1.208168864250183,1.208168864250183,30000,0.0,0.0
1981-03-30 00:00:00-05:00,0.0,1.233874398895047,1.2167372703552246,1.2167372703552246,73000,0.0,0.0
1981-03-31 00:00:00-05:00,0.0,1.233874398895047,1.2167372703552246,1.2167372703552246,39000,0.0,0.0
1981-04-01 00:00:00-05:00,0.0,1.26814970532134,1.2510125637054443,1.2510125637054443,92000,0.0,0.0
1981-04-02 00:00:00-05:00,0.0,1.2938553657717815,1.2681496143341064,1.2681496143341064,34000,0.0,0.0
1981-04-03 00:00:00-05:00,0.0,1.3024240457498308,1.2852869033813477,1.2852869033813477,46000,0.0,0.0
1981-04-06 00:00:00-05:00,0.0,1.3024240457498308,1.2852869033813477,1.2852869033813477,2000,0.0,0.0
1981-04-07 00:00:00-05:00,0.0,1.3281300712965671,1.3024243116378784,1.3024243116378784,54000,0.0,0.0
1981-04-08 00:00:00-05:00,0.0,1.3452665480874657,1.3281294107437134,1.3281294107437134,50000,0.0,0.0
1981-04-09 00:00:00-05:00,0.0,1.3538351576175003,1.3281294107437134,1.3281294107437134,8000,0.0,0.0
1981-04-10 00:00:00-05:00,0.0,1.3538351576175003,1.3281294107437134,1.3281294107437134,17000,0.0,0.0
1981-04-13 00:00:00-05:00,0.0,1.319561457504885,1.3024243116378784,1.3024243116378784,59000,0.0,0.0
1981-04-14 00:00:00-05:00,0.0,1.319561457504885,1.3024243116378784,1.3024243116378784,13000,0.0,0.0
1981-04-15 00:00:00-05:00,0.0,1.3109926577922426,1.2852869033813477,1.2852869033813477,18000,0.0,0.0
1981-04-16 00:00:00-05:00,0.0,1.3109926577922426,1.2852869033813477,1.2852869033813477,66000,0.0,0.0
1981-04-20 00:00:00-05:00,0.0,1.3109926577922426,1.2852869033813477,1.2852869033813477,17000,0.0,0.0
1981-04-21 00:00:00-05:00,0.0,1.3109926577922426,1.2852869033813477,1.2852869033813477,21000,0.0,0.0
1981-04-22 00:00:00-05:00,0.0,1.2938553616971395,1.2767181396484375,1.2767181396484375,19000,0.0,0.0
1981-04-23 00:00:00-05:00,0.0,1.2424430040230954,1.2167372703552246,1.2167372703552246,45000,0.0,0.0
1981-04-24 00:00:00-05:00,0.0,1.2595803352231887,1.2424432039260864,1.2424432039260864,59000,0.0,0.0
1981-04-27 00:00:00-04:00,0.0,1.26814970532134,1.2510125637054443,1.2510125637054443,20000,0.0,0.0
1981-04-28 00:00:00-04:00,0.0,1.26814970532134,1.2510125637054443,1.2510125637054443,13000,0.0,0.0
1981-04-29 00:00:00-04:00,0.0,1.2681489417298837,1.2424432039260864,1.2424432039260864,19000,0.0,0.0
1981-04-30 00:00:00-04:00,1.2424432039260864,1.2424432039260864,1.2424432039260864,1.2424432039260864,0,0.0,0.0
1981-05-01 00:00:00-04:00,1.2424432039260864,1.2424432039260864,1.2424432039260864,1.2424432039260864,0,0.0,0.0
1981-05-04 00:00:00-04:00,0.0,1.2510121344827825,1.2338749170303345,1.2338749170303345,21000,0.0,0.0
1981-05-05 00:00:00-04:00,0.0,1.1824632506315955,1.1738946437835693,1.1738946437835693,11000,0.0,0.0
1981-05-06 00:00:00-04:00,0.0,1.199599937085139,1.1824628114700317,1.1824628114700317,27000,0.0,0.0
1981-05-07 00:00:00-04:00,0.0,1.2681489417298837,1.2424432039260864,1.2424432039260864,42000,0.0,0.0
1981-05-08 00:00:00-04:00,0.0,1.2167379539407892,1.1996008157730103,1.1996008157730103,32000,0.0,0.0
1981-05-11 00:00:00-04:00,0.0,1.2081685407508227,1.1824628114700317,1.1824628114700317,9000,0.0,0.0
1981-05-12 00:00:00-04:00,0.0,1.199599937085139,1.1824628114700317,1.1824628114700317,15000,0.0,0.0
1981-05-13 00:00:00-04:00,0.0,1.208169632484986,1.1910324096679688,1.1910324096679688,10000,0.0,0.0
1981-05-14 00:00:00-04:00,0.0,1.208169632484986,1.1910324096679688,1.1910324096679688,6000,0.0,0.0
1981-05-15 00:00:00-04:00,0.0,1.225305994453929,1.208168864250183,1.208168864250183,37000,0.0,0.0
1981-05-18 00:00:00-04:00,0.0,1.2424436483524075,1.225306510925293,1.225306510925293,113000,0.0,0.0
1981-05-19 00:00:00-04:00,0.0,1.2424435257565585,1.2338749170303345,1.2338749170303345,3000,0.0,0.0
1981-05-20 00:00:00-04:00,0.0,1.2510121344827825,1.2338749170303345,1.2338749170303345,1000,0.0,0.0
1981-05-21 00:00:00-04:00,0.0,1.2510121344827825,1.2338749170303345,1.2338749170303345,26000,0.0,0.0
1981-05-22 00:00:00-04:00,0.0,1.2510121344827825,1.2338749170303345,1.2338749170303345,22000,0.0,0.0
1981-05-26 00:00:00-04:00,0.0,1.2510121344827825,1.2338749170303345,1.2338749170303345,11000,0.0,0.0
1981-05-27 00:00:00-04:00,0.0,1.2510121344827825,1.2338749170303345,1.2338749170303345,15000,0.0,0.0
1981-05-28 00:00:00-04:00,0.0,1.2510121344827825,1.2338749170303345,1.2338749170303345,10000,0.0,0.0
1981-05-29 00:00:00-04:00,0.0,1.2510118104327814,1.2424432039260864,1.2424432039260864,10000,0.0,0.0
1981-06-01 00:00:00-04:00,0.0,1.2253065638828389,1.1996008157730103,1.1996008157730103,29000,0.0,0.0
1981-06-02 00:00:00-04:00,0.0,1.2253065638828389,1.1996008157730103,1.1996008157730103,4000,0.0,0.0
1981-06-03 00:00:00-04:00,0.0,1.2167379539407892,1.1996008157730103,1.1996008157730103,22000,0.0,0.0
1981-06-04 00:00:00-04:00,1.1996008157730103,1.1996008157730103,1.1996008157730103,1.1996008157730103,0,0.0,0.0
1981-06-05 00:00:00-04:00,0.0,1.2167379539407892,1.1996008157730103,1.1996008157730103,15000,0.0,0.0
1981-06-08 00:00:00-04:00,0.0,1.2167379539407892,1.1996008157730103,1.1996008157730103,1000,0.0,0.0
1981-06-09 00:00:00-04:00,0.0,1.2167381621771602,1.1910324096679688,1.1910324096679688,13000,0.0,0.0
1981-06-10 00:00:00-04:00,0.0,1.208169632484986,1.1910324096679688,1.1910324096679688,7000,0.0,0.0
1981-06-11 00:00:00-04:00,0.0,1.208169632484986,1.1910324096679688,1.1910324096679688,2000,0.0,0.0
1981-06-12 00:00:00-04:00,0.0,1.208169632484986,1.1910324096679688,1.1910324096679688,4000,0.0,0.0
1981-06-15 00:00:00-04:00,0.0,1.208169632484986,1.1910324096679688,1.1910324096679688,7000,0.0,0.0
1981-06-16 00:00:00-04:00,0.0,1.15675707194311,1.1396199464797974,1.1396199464797974,37000,0.0,0.0
1981-06-17 00:00:00-04:00,0.0,1.1481898862336692,1.1224842071533203,1.1224842071533203,14000,0.0,0.0
1981-06-18 00:00:00-04:00,0.0,1.1481883057837912,1.1310511827468872,1.1310511827468872,17000,0.0,0.0
1981-06-19 00:00:00-04:00,0.0,1.1481883057837912,1.1310511827468872,1.1310511827468872,21000,0.0,0.0
1981-06-22 00:00:00-04:00,0.0,1.2167379539407892,1.1996008157730103,1.1996008157730103,165000,0.0,0.0
1981-06-23 00:00:00-04:00,0.0,1.2852867506727885,1.2767181396484375,1.2767181396484375,80000,0.0,0.0
1981-06-24 00:00:00-04:00,0.0,1.319561457504885,1.3024243116378784,1.3024243116378784,51000,0.0,0.0
1981-06-25 00:00:00-04:00,0.0,1.388109769784976,1.3795411586761475,1.3795411586761475,82000,0.0,0.0
1981-06-26 00:00:00-04:00,0.0,1.3538354302558444,1.3452668190002441,1.3452668190002441,30000,0.0,0.0
1981-06-29 00:00:00-04:00,0.0,1.3024238910051595,1.2767181396484375,1.2767181396484375,41000,0.0,0.0
1981-06-30 00:00:00-04:00,0.0,1.3024240457498308,1.2852869033813477,1.2852869033813477,14000,0.0,0.0
1981-07-01 00:00:00-04:00,0.0,1.3281291355561378,1.3195605278015137,1.3195605278015137,49000,0.0,0.0
1981-07-02 00:00:00-04:00,0.0,1.353835313797334,1.3366981744766235,1.3366981744766235,41000,0.0,0.0
1981-07-06 00:00:00-04:00,0.0,1.3195606133564435,1.2938549518585205,1.2938549518585205,29000,0.0,0.0
1981-07-07 00:00:00-04:00,0.0,1.319561457504885,1.3024243116378784,1.3024243116378784,5000,0.0,0.0
1981-07-08 00:00:00-04:00,0.0,1.3109926577922426,1.2852869033813477,1.2852869033813477,10000,0.0,0.0
1981-07-09 00:00:00-04:00,0.0,1.319561457504885,1.3024243116378784,1.3024243116378784,15000,0.0,0.0
1981-07-10 00:00:00-04:00,0.0,1.3281300712965671,1.3024243116378784,1.3024243116378784,5000,0.0,0.0
1981-07-13 00:00:00-04:00,0.0,1.336697865595679,1.3109921216964722,1.3109921216964722,19000,0.0,0.0
1981-07-14 00:00:00-04:00,0.0,1.3109926577922426,1.2852869033813477,1.2852869033813477,57000,0.0,0.0
1981-07-15 00:00:00-04:00,0.0,1.3109926577922426,1.2852869033813477,1.2852869033813477,20000,0.0,0.0
1981-07-16 00:00:00-04:00,0.0,1.3109926577922426,1.2852869033813477,1.2852869033813477,26000,0.0,0.0
1981-07-17 00:00:00-04:00,0.0,1.3281291355561378,1.3195605278015137,1.3195605278015137,152000,0.0,0.0
1981-07-20 00:00:00-04:00,0.0,1.3281291355561378,1.3195605278015137,1.3195605278015137,67000,0.0,0.0
1981-07-21 00:00:00-04:00,0.0,1.37097212186678,1.3538349866867065,1.3538349866867065,84000,0.0,0.0
1981-07-22 00:00:00-04:00,0.0,1.3624038425995262,1.3366981744766235,1.3366981744766235,40000,0.0,0.0
1981-07-23 00:00:00-04:00,0.0,1.37097212186678,1.3538349866867065,1.3538349866867065,66000,0.0,0.0
1981-07-24 00:00:00-04:00,0.0,1.3795410050981616,1.3709723949432373,1.3709723949432373,46000,0.0,0.0
1981-07-27 00:00:00-04:00,0.0,1.3795410050981616,1.3709723949432373,1.3709723949432373,17000,0.0,0.0
1981-07-28 00:00:00-04:00,0.0,1.336697865595679,1.3109921216964722,1.3109921216964722,27000,0.0,0.0
1981-07-29 00:00:00-04:00,0.0,1.336697865595679,1.3109921216964722,1.3109921216964722,2000,0.0,0.0
1981-07-30 00:00:00-04:00,0.0,1.3195606485186695,1.3109921216964722,1.3109921216964722,46000,0.0,0.0
1981-07-31 00:00:00-04:00,0.0,1.3366977433107619,1.3195605278015137,1.3195605278015137,16000,0.0,0.0
1981-08-03 00:00:00-04:00,0.0,1.3366986850882492,1.3024243116378784,1.3024243116378784,5000,0.0,0.0
1981-08-04 00:00:00-04:00,0.0,1.2852868469372358,1.2510125637054443,1.2510125637054443,29000,0.0,0.0
1981-08-05 00:00:00-04:00,0.0,1.2852863556386513,1.2595806121826172,1.2595806121826172,20000,0.0,0.0
1981-08-06 00:00:00-04:00,0.0,1.2767177472478715,1.2595806121826172,1.2595806121826172,3000,0.0,0.0
1981-08-07 00:00:00-04:00,0.0,1.2681489417298837,1.2424432039260864,1.2424432039260864,26000,0.0,0.0
1981-08-10 00:00:00-04:00,1.2424432039260864,1.2424432039260864,1.2424432039260864,1.2424432039260864,0,0.0,0.0
1981-08-11 00:00:00-04:00,0.0,1.2167370627002458,1.1824628114700317,1.1824628114700317,20000,0.0,0.0
1981-08-12 00:00:00-04:00,0.0,1.2167370627002458,1.1824628114700317,1.1824628114700317,3000,0.0,0.0
1981-08-13 00:00:00-04:00,0.0,1.1653255105369436,1.1310511827468872,1.1310511827468872,10000,0.0,0.0
1981-08-14 00:00:00-04:00,0.0,1.0967773200013193,1.0625029802322388,1.0625029802322388,10000,0.0,0.0
1981-08-17 00:00:00-04:00,0.0,1.1139146528118482,1.0796403884887695,1.0796403884887695,8000,0.0,0.0
1981-08-18 00:00:00-04:00,0.0,1.0967773200013193,1.0625029802322388,1.0625029802322388,3000,0.0,0.0
1981-08-19 00:00:00-04:00,0.0,1.0967771521105976,1.0453656911849976,1.0453656911849976,3000,0.0,0.0
1981-08-20 00:00:00-04:00,0.0,1.1996007505697153,1.165326476097107,1.165326476097107,12000,0.0,0.0
1981-08-21 00:00:00-04:00,0.0,1.182463613333411,1.165326476097107,1.165326476097107,9000,0.0,0.0
1981-08-24 00:00:00-04:00,0.0,1.0967773200013193,1.0625029802322388,1.0625029802322388,27000,0.0,0.0
1981-08-25 00:00:00-04:00,1.0625029802322388,1.0625029802322388,1.0625029802322388,1.0625029802322388,0,0.0,0.0
1981-08-26 00:00:00-04:00,0.0,1.0453662530067902,1.0282291173934937,1.0282291173934937,12000,0.0,0.0
1981-08-27 00:00:00-04:00,0.0,1.0625033032030802,1.0367976427078247,1.0367976427078247,25000,0.0,0.0
1981-08-28 00:00:00-04:00,0.0,1.0625033886200868,1.0282291173934937,1.0282291173934937,10000,0.0,0.0
1981-08-31 00:00:00-04:00,0.0,1.0539348616715927,1.0282291173934937,1.0282291173934937,6000,0.0,0.0
1981-09-01 00:00:00-04:00,1.0282291173934937,1.0282291173934937,1.0282291173934937,1.0282291173934937,0,0.0,0.0
1981-09-02 00:00:00-04:00,0.0,1.0625028175881095,1.0453656911849976,1.0453656911849976,3000,0.0,0.0
1981-09-03 00:00:00-04:00,0.0,1.0196605858260008,0.985386312007904,0.985386312007904,10000,0.0,0.0
1981-09-04 00:00:00-04:00,0.0,1.0282291082438402,0.9939548373222352,0.9939548373222351,1000,0.0,0.0
1981-09-08 00:00:00-04:00,0.0,0.9596804886378764,0.9254062175750732,0.9254062175750732,17000,0.0,0.0
1981-09-09 00:00:00-04:00,0.9254062175750732,0.9254062175750732,0.9254062175750732,0.9254062175750732,0,0.0,0.0
1981-09-10 00:00:00-04:00,0.0,0.9596804870008105,0.9339747428894042,0.9339747428894043,3000,0.0,0.0
1981-09-11 00:00:00-04:00,0.0,0.9768178799197879,0.9511122107505798,0.9511122107505798,8000,0.0,0.0
1981-09-14 00:00:00-04:00,0.0,1.0282291082438402,0.9939548373222352,0.9939548373222351,17000,0.0,0.0
1981-09-15 00:00:00-04:00,0.0,1.0625033886200868,1.0282291173934937,1.0282291173934937,8000,0.0,0.0
1981-09-16 00:00:00-04:00,0.0,1.0625028175881095,1.0453656911849976,1.0453656911849976,1000,0.0,0.0
1981-09-17 00:00:00-04:00,0.0,1.0625028175881095,1.0453656911849976,1.0453656911849976,5000,0.0,0.0
1981-09-18 00:00:00-04:00,0.0,1.0282291082438402,0.9939548373222352,0.9939548373222351,13000,0.0,0.0
1981-09-21 00:00:00-04:00,0.0,0.9939549213205855,0.985386312007904,0.985386312007904,15000,0.0,0.0
1981-09-22 00:00:00-04:00,0.0,0.9596804886378764,0.9254062175750732,0.9254062175750732,9000,0.0,0.0
1981-09-23 00:00:00-04:00,0.0,0.9254062930793858,0.8911319375038147,0.8911319375038147,11000,0.0,0.0
1981-09-24 00:00:00-04:00,0.0,0.9168375374076407,0.8997004032135011,0.899700403213501,1000,0.0,0.0
1981-09-25 00:00:00-04:00,0.0,0.8397206357249066,0.8225834965705872,0.8225834965705872,50000,0.0,0.0
1981-09-28 00:00:00-04:00,0.0,0.8568572587994701,0.8397201299667358,0.8397201299667358,43000,0.0,0.0
1981-09-29 00:00:00-04:00,0.0,0.8997007008939422,0.8654264211654663,0.8654264211654663,21000,0.0,0.0
1981-09-30 00:00:00-04:00,0.0,0.8997006356660177,0.8739948868751526,0.8739948868751526,12000,0.0,0.0
1981-10-01 00:00:00-04:00,0.0,0.8739949502394209,0.8654264211654663,0.8654264211654663,14000,0.0,0.0
1981-10-02 00:00:00-04:00,0.0,0.8739943876322043,0.8397201299667358,0.8397201299667358,5000,0.0,0.0
1981-10-05 00:00:00-04:00,0.0,0.8739953106042317,0.8482895493507385,0.8482895493507385,3000,0.0,0.0
1981-10-06 00:00:00-04:00,0.0,0.8739943876322043,0.8397201299667358,0.8397201299667358,10000,0.0,0.0
1981-10-07 00:00:00-04:00,0.0,0.8739943876322043,0.8397201299667358,0.8397201299667358,1000,0.0,0.0
1981-10-08 00:00:00-04:00,0.0,0.8825635610297042,0.8654264211654663,0.8654264211654663,22000,0.0,0.0
1981-10-09 00:00:00-04:00,0.0,0.8911320901036588,0.8654264211654663,0.8654264211654663,5000,0.0,0.0
1981-10-12 00:00:00-04:00,0.0,0.8911320901036588,0.8654264211654663,0.8654264211654663,2000,0.0,0.0
1981-10-13 00:00:00-04:00,0.0,0.8996998807814537,0.8825627565383911,0.8825627565383911,20000,0.0,0.0
1981-10-14 00:00:00-04:00,0.8825627565383911,0.8825627565383911,0.8825627565383911,0.8825627565383911,0,0.0,0.0
1981-10-15 00:00:00-04:00,0.0,0.8996998807814537,0.8825627565383911,0.8825627565383911,5000,0.0,0.0
1981-10-16 00:00:00-04:00,0.0,0.8997006356660177,0.8739948868751526,0.8739948868751526,2000,0.0,0.0
1981-10-19 00:00:00-04:00,0.0,0.8739944294575253,0.8568572998046875,0.8568572998046875,7000,0.0,0.0
1981-10-20 00:00:00-04:00,0.8568572998046875,0.8568572998046875,0.8568572998046875,0.8568572998046875,0,0.0,0.0
1981-10-21 00:00:00-04:00,0.0,0.8739944294575253,0.8568572998046875,0.8568572998046875,13000,0.0,0.0
1981-10-22 00:00:00-04:00,0.0,0.8739944294575253,0.8568572998046875,0.8568572998046875,2000,0.0,0.0
1981-10-23 00:00:00-04:00,0.0,0.8739943876322043,0.8397201299667358,0.8397201299667358,18000,0.0,0.0
1981-10-26 00:00:00-05:00,0.0,0.8739953106042317,0.8482895493507385,0.8482895493507385,25000,0.0,0.0
1981-10-27 00:00:00-05:00,0.0,0.9339745866220036,0.908268928527832,0.908268928527832,31000,0.0,0.0
1981-10-28 00:00:00-05:00,0.0,0.9425433162001728,0.9168375730514526,0.9168375730514526,22000,0.0,0.0
1981-10-29 00:00:00-05:00,0.0,0.9339747079118311,0.9168375730514526,0.9168375730514526,5000,0.0,0.0
1981-10-30 00:00:00-05:00,0.0,1.0367976895968065,1.019660472869873,1.019660472869873,80000,0.0,0.0
1981-11-02 00:00:00-05:00,0.0,1.0367976895968065,1.019660472869873,1.019660472869873,64000,0.0,0.0
1981-11-03 00:00:00-05:00,0.0,1.0453662530067902,1.0282291173934937,1.0282291173934937,14000,0.0,0.0
1981-11-04 00:00:00-05:00,0.0,1.0625035794518063,1.0539350509643555,1.0539350509643555,12000,0.0,0.0
1981-11-05 00:00:00-05:00,0.0,1.045366168967476,1.0367976427078247,1.0367976427078247,33000,0.0,0.0
1981-11-06 00:00:00-05:00,0.0,1.0196607146530623,1.011092185974121,1.011092185974121,62000,0.0,0.0
1981-11-09 00:00:00-05:00,0.0,1.0367977260582961,1.0282291173934937,1.0282291173934937,20000,0.0,0.0
1981-11-10 00:00:00-05:00,0.0,1.0367976895968065,1.019660472869873,1.019660472869873,65000,0.0,0.0
1981-11-11 00:00:00-05:00,0.0,1.0282290812333397,1.019660472869873,1.019660472869873,21000,0.0,0.0
1981-11-12 00:00:00-05:00,0.0,1.0367976895968065,1.019660472869873,1.019660472869873,24000,0.0,0.0
1981-11-13 00:00:00-05:00,0.0,1.0539342952446857,1.0453656911849976,1.0453656911849976,18000,0.0,0.0
1981-11-16 00:00:00-05:00,0.0,1.0196607146530623,1.011092185974121,1.011092185974121,28000,0.0,0.0
1981-11-17 00:00:00-05:00,0.0,0.985386278496189,0.9682491421699524,0.9682491421699524,56000,0.0,0.0
1981-11-18 00:00:00-05:00,0.0,0.9682492266242818,0.9596806168556213,0.9596806168556213,36000,0.0,0.0
1981-11-19 00:00:00-05:00,0.0,0.9682493507688283,0.9511122107505798,0.9511122107505798,49000,0.0,0.0
1981-11-20 00:00:00-05:00,0.0,1.0282290812333397,1.019660472869873,1.019660472869873,70000,0.0,0.0
1981-11-23 00:00:00-05:00,0.0,1.045366168967476,1.0367976427078247,1.0367976427078247,13000,0.0,0.0
1981-11-24 00:00:00-05:00,0.0,1.0539348616715927,1.0282291173934937,1.0282291173934937,32000,0.0,0.0
1981-11-25 00:00:00-05:00,0.0,1.0625035794518063,1.0539350509643555,1.0539350509643555,25000,0.0,0.0
1981-11-27 00:00:00-05:00,0.0,1.0539347769434289,1.0367976427078247,1.0367976427078247,14000,0.0,0.0
1981-11-30 00:00:00-05:00,0.0,1.0282293250483283,1.011092185974121,1.011092185974121,36000,0.0,0.0
1981-12-01 00:00:00-05:00,0.0,1.0196597099648914,1.002522587776184,1.002522587776184,12000,0.0,0.0
1981-12-02 00:00:00-05:00,0.0,1.0196607146530623,1.011092185974121,1.011092185974121,20000,0.0,0.0
1981-12-03 00:00:00-05:00,0.0,1.0110919727830376,0.9939548373222352,0.9939548373222351,3000,0.0,0.0
1981-12-04 00:00:00-05:00,0.0,0.9939549461422527,0.9768177270889282,0.9768177270889282,27000,0.0,0.0
1981-12-07 00:00:00-05:00,0.0,0.9939549461422527,0.9768177270889282,0.9768177270889282,3000,0.0,0.0
1981-12-08 00:00:00-05:00,0.0,0.9939549461422527,0.9768177270889282,0.9768177270889282,10000,0.0,0.0
1981-12-09 00:00:00-05:00,0.0,0.9939549461422527,0.9768177270889282,0.9768177270889282,27000,0.0,0.0
1981-12-10 00:00:00-05:00,0.0,0.9939549213205855,0.985386312007904,0.985386312007904,33000,0.0,0.0
1981-12-11 00:00:00-05:00,0.0,0.9939549213205855,0.985386312007904,0.985386312007904,25000,0.0,0.0
1981-12-14 00:00:00-05:00,0.0,1.0110919727830376,0.9939548373222352,0.9939548373222351,35000,0.0,0.0
1981-12-15 00:00:00-05:00,0.0,1.0110920582296339,0.985386312007904,0.985386312007904,24000,0.0,0.0
1981-12-16 00:00:00-05:00,0.0,1.0025234489169526,0.985386312007904,0.985386312007904,16000,0.0,0.0
1981-12-17 00:00:00-05:00,0.0,1.0025234489169526,0.985386312007904,0.985386312007904,18000,0.0,0.0
1981-12-18 00:00:00-05:00,0.0,1.0025234489169526,0.985386312007904,0.985386312007904,19000,0.0,0.0
1981-12-21 00:00:00-05:00,0.0,1.0110920582296339,0.985386312007904,0.985386312007904,28000,0.0,0.0
1981-12-22 00:00:00-05:00,0.0,1.0025234489169526,0.985386312007904,0.985386312007904,11000,0.0,0.0
1981-12-23 00:00:00-05:00,0.0,1.0025234489169526,0.985386312007904,0.985386312007904,66000,0.0,0.0
1981-12-24 00:00:00-05:00,0.0,1.0025234739525983,0.9768177270889282,0.9768177270889282,8000,0.0,0.0
1981-12-28 00:00:00-05:00,0.0,0.9682485814318718,0.9425428509712219,0.9425428509712219,30000,0.0,0.0
1981-12-29 00:00:00-05:00,0.0,0.9596804870008105,0.9339747428894042,0.9339747428894043,11000,0.0,0.0
1981-12-30 00:00:00-05:00,0.0,0.9682493507688283,0.9511122107505798,0.9511122107505798,55000,0.0,0.0
1981-12-31 00:00:00-05:00,0.0,0.9768178799197879,0.9511122107505798,0.9511122107505798,19000,0.0,0.0
1982-01-04 00:00:00-05:00,0.0,0.9768178799197879,0.9511122107505798,0.9511122107505798,3000,0.0,0.0
1982-01-05 00:00:00-05:00,0.0,0.9768178799197879,0.9511122107505798,0.9511122107505798,56000,0.0,0.0
1982-01-06 00:00:00-05:00,0.0,0.9682493507688283,0.9511122107505798,0.9511122107505798,14000,0.0,0.0
1982-01-07 00:00:00-05:00,0.0,0.9682492266242818,0.9596806168556213,0.9596806168556213,25000,0.0,0.0
1982-01-08 00:00:00-05:00,0.0,0.9682492266242818,0.9596806168556213,0.9596806168556213,11000,0.0,0.0
1982-01-11 00:00:00-05:00,0.0,0.9425433531064749,0.9254062175750732,0.9254062175750732,14000,0.0,0.0
1982-01-12 00:00:00-05:00,0.0,0.9339747444826201,0.9254062175750732,0.9254062175750732,27000,0.0,0.0
1982-01-13 00:00:00-05:00,0.0,0.9339747079118311,0.9168375730514526,0.9168375730514526,6000,0.0,0.0
1982-01-14 00:00:00-05:00,0.0,0.9339747444826201,0.9254062175750732,0.9254062175750732,20000,0.0,0.0
1982-01-15 00:00:00-05:00,0.0,0.9425433531064749,0.9254062175750732,0.9254062175750732,9000,0.0,0.0
1982-01-18 00:00:00-05:00,0.0,0.9425433531064749,0.9254062175750732,0.9254062175750732,3000,0.0,0.0
1982-01-19 00:00:00-05:00,0.0,0.9425433531064749,0.9254062175750732,0.9254062175750732,8000,0.0,0.0
1982-01-20 00:00:00-05:00,0.9254062175750732,0.9254062175750732,0.9254062175750732,0.9254062175750732,0,0.0,0.0
1982-01-21 00:00:00-05:00,0.0,0.9339747079118311,0.9168375730514526,0.9168375730514526,7000,0.0,0.0
1982-01-22 00:00:00-05:00,0.0,0.9168375374076407,0.8997004032135011,0.899700403213501,59000,0.0,0.0
1982-01-25 00:00:00-05:00,0.0,0.9425433531064749,0.9254062175750732,0.9254062175750732,26000,0.0,0.0
1982-01-26 00:00:00-05:00,0.0,0.9425433162001728,0.9168375730514526,0.9168375730514526,8000,0.0,0.0
1982-01-27 00:00:00-05:00,0.0,0.9168374539871245,0.908268928527832,0.908268928527832,5000,0.0,0.0
1982-01-28 00:00:00-05:00,0.0,0.9339747444826201,0.9254062175750732,0.9254062175750732,15000,0.0,0.0
1982-01-29 00:00:00-05:00,0.0,0.9425433531064749,0.9254062175750732,0.9254062175750732,56000,0.0,0.0
1982-02-01 00:00:00-05:00,0.0,0.9425433162001728,0.9168375730514526,0.9168375730514526,8000,0.0,0.0
1982-02-02 00:00:00-05:00,0.0,0.9425431937975903,0.908268928527832,0.908268928527832,4000,0.0,0.0
1982-02-03 00:00:00-05:00,0.0,0.9339745866220036,0.908268928527832,0.908268928527832,10000,0.0,0.0
1982-02-04 00:00:00-05:00,0.0,0.9339745866220036,0.908268928527832,0.908268928527832,29000,0.0,0.0
1982-02-05 00:00:00-05:00,0.0,0.9339745866220036,0.908268928527832,0.908268928527832,15000,0.0,0.0
1982-02-08 00:00:00-05:00,0.0,0.9339745866220036,0.908268928527832,0.908268928527832,12000,0.0,0.0
1982-02-09 00:00:00-05:00,0.0,0.9168375374076407,0.8997004032135011,0.899700403213501,16000,0.0,0.0
1982-02-10 00:00:00-05:00,0.0,0.9168375374076407,0.8997004032135011,0.899700403213501,6000,0.0,0.0
1982-02-11 00:00:00-05:00,0.0,0.8997005468267861,0.8911319375038147,0.8911319375038147,36000,0.0,0.0
1982-02-12 00:00:00-05:00,0.0,0.8997005468267861,0.8911319375038147,0.8911319375038147,23000,0.0,0.0
1982-02-16 00:00:00-05:00,0.0,0.8996998807814537,0.8825627565383911,0.8825627565383911,30000,0.0,0.0
1982-02-17 00:00:00-05:00,0.0,0.8825634970442152,0.8739948868751526,0.8739948868751526,32000,0.0,0.0
1982-02-18 00:00:00-05:00,0.0,0.8825634970442152,0.8739948868751526,0.8739948868751526,67000,0.0,0.0
1982-02-19 00:00:00-05:00,0.0,0.8825630351420841,0.8568572998046875,0.8568572998046875,8000,0.0,0.0
1982-02-22 00:00:00-05:00,0.0,0.8825635610297042,0.8654264211654663,0.8654264211654663,23000,0.0,0.0
1982-02-23 00:00:00-05:00,0.0,0.8825635610297042,0.8654264211654663,0.8654264211654663,23000,0.0,0.0
1982-02-24 00:00:00-05:00,0.0,0.8825634970442152,0.8739948868751526,0.8739948868751526,31000,0.0,0.0
1982-02-25 00:00:00-05:00,0.8739948868751526,0.8739948868751526,0.8739948868751526,0.8739948868751526,0,0.0,0.0
1982-02-26 00:00:00-05:00,0.0,0.8825635610297042,0.8654264211654663,0.8654264211654663,25000,0.0,0.0
1982-03-01 00:00:00-05:00,0.0,0.8825630351420841,0.8568572998046875,0.8568572998046875,17000,0.0,0.0
1982-03-02 00:00:00-05:00,0.0,0.8739944294575253,0.8568572998046875,0.8568572998046875,4000,0.0,0.0
1982-03-03 00:00:00-05:00,0.0,0.8739953106042317,0.8482895493507385,0.8482895493507385,3000,0.0,0.0
1982-03-04 00:00:00-05:00,0.0,0.8739953106042317,0.8482895493507385,0.8482895493507385,23000,0.0,0.0
1982-03-05 00:00:00-05:00,0.0,0.8739953106042317,0.8482895493507385,0.8482895493507385,4000,0.0,0.0
1982-03-08 00:00:00-05:00,0.0,0.8739953106042317,0.8482895493507385,0.8482895493507385,23000,0.0,0.0
1982-03-09 00:00:00-05:00,0.0,0.848288653524965,0.8397201299667358,0.8397201299667358,26000,0.0,0.0
1982-03-10 00:00:00-05:00,0.8397201299667358,0.8397201299667358,0.8397201299667358,0.8397201299667358,0,0.0,0.0
1982-03-11 00:00:00-05:00,0.0,0.8482891001354331,0.8311519622802734,0.8311519622802734,20000,0.0,0.0
1982-03-12 00:00:00-05:00,0.0,0.8397205720660128,0.8311519622802734,0.8311519622802734,22000,0.0,0.0
1982-03-15 00:00:00-05:00,0.0,0.8397206357249066,0.8225834965705872,0.8225834965705872,20000,0.0,0.0
1982-03-16 00:00:00-05:00,0.0,0.8482891644439037,0.8225834965705872,0.8225834965705872,17000,0.0,0.0
1982-03-17 00:00:00-05:00,0.0,0.8397206357249066,0.8225834965705872,0.8225834965705872,7000,0.0,0.0
1982-03-18 00:00:00-05:00,0.0,0.8397206357249066,0.8225834965705872,0.8225834965705872,20000,0.0,0.0
1982-03-19 00:00:00-05:00,0.0,0.8397208465077268,0.8140150904655457,0.8140150904655457,20000,0.0,0.0
1982-03-22 00:00:00-05:00,0.0,0.8397208465077268,0.8140150904655457,0.8140150904655457,20000,0.0,0.0
1982-03-23 00:00:00-05:00,0.0,0.8397208465077268,0.8140150904655457,0.8140150904655457,4000,0.0,0.0
1982-03-24 00:00:00-05:00,0.0,0.8397208465077268,0.8140150904655457,0.8140150904655457,2000,0.0,0.0
1982-03-25 00:00:00-05:00,0.0,0.8568572587994701,0.8397201299667358,0.8397201299667358,12000,0.0,0.0
1982-03-26 00:00:00-05:00,0.0,0.8825630351420841,0.8568572998046875,0.8568572998046875,6000,0.0,0.0
1982-03-29 00:00:00-05:00,0.0,0.8825630351420841,0.8568572998046875,0.8568572998046875,3000,0.0,0.0
1982-03-30 00:00:00-05:00,0.0,0.8825630351420841,0.8568572998046875,0.8568572998046875,14000,0.0,0.0
1982-03-31 00:00:00-05:00,0.0,0.9168376837564144,0.8911319375038147,0.8911319375038147,6000,0.0,0.0
1982-04-01 00:00:00-05:00,0.0,0.9939548875174632,0.9682491421699524,0.9682491421699524,14000,0.0,0.0
1982-04-02 00:00:00-05:00,0.0,0.9853863644452838,0.9596806168556213,0.9596806168556213,16000,0.0,0.0
1982-04-05 00:00:00-05:00,0.0,0.9682493507688283,0.9511122107505798,0.9511122107505798,6000,0.0,0.0
1982-04-06 00:00:00-05:00,0.0,1.0367979354435943,1.011092185974121,1.011092185974121,24000,0.0,0.0
1982-04-07 00:00:00-05:00,0.0,1.1396201031232156,1.1139143705368042,1.1139143705368042,40000,0.0,0.0
1982-04-08 00:00:00-05:00,0.0,1.1738941974064225,1.1396199464797974,1.1396199464797974,26000,0.0,0.0
1982-04-12 00:00:00-05:00,0.0,1.1653256755328962,1.1396199464797974,1.1396199464797974,17000,0.0,0.0
1982-04-13 00:00:00-05:00,0.0,1.1567585004046927,1.1224842071533203,1.1224842071533203,5000,0.0,0.0
1982-04-14 00:00:00-05:00,1.1224842071533203,1.1224842071533203,1.1224842071533203,1.1224842071533203,0,0.0,0.0
1982-04-15 00:00:00-05:00,0.0,1.1481886261745051,1.1139143705368042,1.1139143705368042,20000,0.0,0.0
1982-04-16 00:00:00-05:00,0.0,1.1567569081603672,1.1310511827468872,1.1310511827468872,16000,0.0,0.0
1982-04-19 00:00:00-05:00,0.0,1.15675707194311,1.1396199464797974,1.1396199464797974,15000,0.0,0.0
1982-04-20 00:00:00-05:00,0.0,1.1653256755328962,1.1396199464797974,1.1396199464797974,5000,0.0,0.0
1982-04-21 00:00:00-05:00,0.0,1.2253065638828389,1.1996008157730103,1.1996008157730103,26000,0.0,0.0
1982-04-22 00:00:00-05:00,0.0,1.1996007505697153,1.165326476097107,1.165326476097107,16000,0.0,0.0
1982-04-23 00:00:00-05:00,0.0,1.182463333790498,1.1567575931549072,1.1567575931549072,24000,0.0,0.0
1982-04-26 00:00:00-04:00,0.0,1.1910318595248304,1.1567575931549072,1.1567575931549072,3000,0.0,0.0
1982-04-27 00:00:00-04:00,0.0,1.1910318595248304,1.1567575931549072,1.1567575931549072,7000,0.0,0.0
1982-04-28 00:00:00-04:00,0.0,1.1738946884368844,1.1481889486312866,1.1481889486312866,7000,0.0,0.0
1982-04-29 00:00:00-04:00,0.0,1.1738941974064225,1.1396199464797974,1.1396199464797974,1000,0.0,0.0
1982-04-30 00:00:00-04:00,0.0,1.1653256755328962,1.1396199464797974,1.1396199464797974,15000,0.0,0.0
1982-05-03 00:00:00-04:00,0.0,1.1396213537790065,1.1224842071533203,1.1224842071533203,20000,0.0,0.0
1982-05-04 00:00:00-04:00,0.0,1.1224832597507637,1.0796403884887695,1.0796403884887695,19000,0.0,0.0
1982-05-05 00:00:00-04:00,0.0,1.1224832597507637,1.0796403884887695,1.0796403884887695,16000,0.0,0.0
1982-05-06 00:00:00-04:00,0.0,1.1224832597507637,1.0796403884887695,1.0796403884887695,5000,0.0,0.0
1982-05-07 00:00:00-04:00,0.0,1.1224832597507637,1.0796403884887695,1.0796403884887695,1000,0.0,0.0
1982-05-10 00:00:00-04:00,0.0,1.0710719972848892,1.0282291173934937,1.0282291173934937,44000,0.0,0.0
1982-05-11 00:00:00-04:00,0.0,1.0710719972848892,1.0282291173934937,1.0282291173934937,23000,0.0,0.0
1982-05-12 00:00:00-04:00,0.0,1.0710719972848892,1.0282291173934937,1.0282291173934937,13000,0.0,0.0
1982-05-13 00:00:00-04:00,0.0,1.0796406059496917,1.0282291173934937,1.0282291173934937,4000,0.0,0.0
1982-05-14 00:00:00-04:00,1.0282291173934937,1.0282291173934937,1.0282291173934937,1.0282291173934937,0,0.0,0.0
1982-05-17 00:00:00-04:00,1.0282291173934937,1.0282291173934937,1.0282291173934937,1.0282291173934937,0,0.0,0.0
1982-05-18 00:00:00-04:00,0.0,1.0796406059496917,1.0282291173934937,1.0282291173934937,2000,0.0,0.0
1982-05-19 00:00:00-04:00,0.0,1.0796406059496917,1.0282291173934937,1.0282291173934937,23000,0.0,0.0
1982-05-20 00:00:00-04:00,1.0282291173934937,1.0282291173934937,1.0282291173934937,1.0282291173934937,0,0.0,0.0
1982-05-21 00:00:00-04:00,1.0282291173934937,1.0282291173934937,1.0282291173934937,1.0282291173934937,0,0.0,0.0
1982-05-24 00:00:00-04:00,1.0282291173934937,1.0282291173934937,1.0282291173934937,1.0282291173934937,0,0.0,0.0
1982-05-25 00:00:00-04:00,0.0,1.0710719596180622,1.019660472869873,1.019660472869873,10000,0.0,0.0
1982-05-26 00:00:00-04:00,0.0,1.0710719596180622,1.019660472869873,1.019660472869873,3000,0.0,0.0
1982-05-27 00:00:00-04:00,1.019660472869873,1.019660472869873,1.019660472869873,1.019660472869873,0,0.0,0.0
1982-05-28 00:00:00-04:00,0.0,1.1053456744540213,1.0453656911849976,1.0453656911849976,23000,0.0,0.0
1982-06-01 00:00:00-04:00,0.0,1.0967776533905902,1.0367976427078247,1.0367976427078247,5000,0.0,0.0
1982-06-02 00:00:00-04:00,1.0367976427078247,1.0367976427078247,1.0367976427078247,1.0367976427078247,0,0.0,0.0
1982-06-03 00:00:00-04:00,1.0367976427078247,1.0367976427078247,1.0367976427078247,1.0367976427078247,0,0.0,0.0
1982-06-04 00:00:00-04:00,1.0367976427078247,1.0367976427078247,1.0367976427078247,1.0367976427078247,0,0.0,0.0
1982-06-07 00:00:00-04:00,0.0,1.0967777415629882,1.0282291173934937,1.0282291173934937,2000,0.0,0.0
1982-06-08 00:00:00-04:00,0.0,1.079640567981529,1.019660472869873,1.019660472869873,12000,0.0,0.0
1982-06-09 00:00:00-04:00,1.019660472869873,1.019660472869873,1.019660472869873,1.019660472869873,0,0.0,0.0
1982-06-10 00:00:00-04:00,0.0,1.079640567981529,1.019660472869873,1.019660472869873,6000,0.0,0.0
1982-06-11 00:00:00-04:00,0.0,1.0967776533905902,1.0367976427078247,1.0367976427078247,11000,0.0,0.0
1982-06-14 00:00:00-04:00,1.0367976427078247,1.0367976427078247,1.0367976427078247,1.0367976427078247,0,0.0,0.0
1982-06-15 00:00:00-04:00,0.0,1.0967777415629882,1.0282291173934937,1.0282291173934937,4000,0.0,0.0
1982-06-16 00:00:00-04:00,0.0,1.0967777415629882,1.0282291173934937,1.0282291173934937,5000,0.0,0.0
1982-06-17 00:00:00-04:00,0.0,1.0967777415629882,1.0282291173934937,1.0282291173934937,2000,0.0,0.0
1982-06-18 00:00:00-04:00,0.0,1.0796408239872748,1.011092185974121,1.011092185974121,16000,0.0,0.0
1982-06-21 00:00:00-04:00,1.011092185974121,1.011092185974121,1.011092185974121,1.011092185974121,0,0.0,0.0
1982-06-22 00:00:00-04:00,0.0,1.062503379165445,0.9939548373222352,0.9939548373222351,8000,0.0,0.0
1982-06-23 00:00:00-04:00,0.0,1.0539348522931977,0.9939548373222352,0.9939548373222351,18000,0.0,0.0
1982-06-24 00:00:00-04:00,0.0,1.0539348522931977,0.9939548373222352,0.9939548373222351,2000,0.0,0.0
1982-06-25 00:00:00-04:00,0.0,1.062503379165445,0.9939548373222352,0.9939548373222351,2000,0.0,0.0
1982-06-28 00:00:00-04:00,0.0,1.0539348522931977,0.9939548373222352,0.9939548373222351,2000,0.0,0.0
1982-06-29 00:00:00-04:00,0.0,1.0539348522931977,0.9939548373222352,0.9939548373222351,14000,0.0,0.0
1982-06-30 00:00:00-04:00,0.0,1.0539348522931977,0.9939548373222352,0.9939548373222351,1000,0.0,0.0
1982-07-01 00:00:00-04:00,0.0,1.0539348522931977,0.9939548373222352,0.9939548373222351,9000,0.0,0.0
1982-07-02 00:00:00-04:00,0.9939548373222352,0.9939548373222352,0.9939548373222352,0.9939548373222351,0,0.0,0.0
1982-07-06 00:00:00-04:00,0.0,1.0282291951386824,0.985386312007904,0.985386312007904,11000,0.0,0.0
1982-07-07 00:00:00-04:00,0.0,1.0282291951386824,0.985386312007904,0.985386312007904,5000,0.0,0.0
1982-07-08 00:00:00-04:00,0.0,1.0282291601699365,0.9682491421699524,0.9682491421699524,2000,0.0,0.0
1982-07-09 00:00:00-04:00,0.0,1.0282291601699365,0.9682491421699524,0.9682491421699524,20000,0.0,0.0
1982-07-12 00:00:00-04:00,0.0,1.0196605511486623,0.9682491421699524,0.9682491421699524,1000,0.0,0.0
1982-07-13 00:00:00-04:00,0.0,1.0196605511486623,0.9682491421699524,0.9682491421699524,1000,0.0,0.0
1982-07-14 00:00:00-04:00,0.9682491421699524,0.9682491421699524,0.9682491421699524,0.9682491421699524,0,0.0,0.0
1982-07-15 00:00:00-04:00,0.0,1.0196605511486623,0.9682491421699524,0.9682491421699524,3000,0.0,0.0
1982-07-16 00:00:00-04:00,0.0,0.9853863644452838,0.9596806168556213,0.9596806168556213,11000,0.0,0.0
1982-07-19 00:00:00-04:00,0.0,0.9853857078335502,0.9425428509712219,0.9425428509712219,3000,0.0,0.0
1982-07-20 00:00:00-04:00,0.9425428509712219,0.9425428509712219,0.9425428509712219,0.9425428509712219,0,0.0,0.0
1982-07-21 00:00:00-04:00,0.0,0.9853857078335502,0.9425428509712219,0.9425428509712219,1000,0.0,0.0
1982-07-22 00:00:00-04:00,0.0,0.9853857078335502,0.9425428509712219,0.9425428509712219,1000,0.0,0.0
1982-07-23 00:00:00-04:00,0.0,0.9853857078335502,0.9425428509712219,0.9425428509712219,5000,0.0,0.0
1982-07-26 00:00:00-04:00,0.9425428509712219,0.9425428509712219,0.9425428509712219,0.9425428509712219,0,0.0,0.0
1982-07-27 00:00:00-04:00,0.9425428509712219,0.9425428509712219,0.9425428509712219,0.9425428509712219,0,0.0,0.0
1982-07-28 00:00:00-04:00,0.0,0.9853857078335502,0.9425428509712219,0.9425428509712219,1000,0.0,0.0
1982-07-29 00:00:00-04:00,0.0,0.9853857078335502,0.9425428509712219,0.9425428509712219,1000,0.0,0.0
1982-07-30 00:00:00-04:00,0.0,0.9853857078335502,0.9425428509712219,0.9425428509712219,3000,0.0,0.0
1982-08-02 00:00:00-04:00,0.9425428509712219,0.9425428509712219,0.9425428509712219,0.9425428509712219,0,0.0,0.0
1982-08-03 00:00:00-04:00,0.9425428509712219,0.9425428509712219,0.9425428509712219,0.9425428509712219,0,0.0,0.0
1982-08-04 00:00:00-04:00,0.9425428509712219,0.9425428509712219,0.9425428509712219,0.9425428509712219,0,0.0,0.0
1982-08-05 00:00:00-04:00,0.0,0.9853862311122169,0.9339747428894042,0.9339747428894043,2000,0.0,0.0
1982-08-06 00:00:00-04:00,0.0,0.9853862311122169,0.9339747428894042,0.9339747428894043,13000,0.0,0.0
1982-08-09 00:00:00-04:00,0.0,0.9596804510605513,0.9168375730514526,0.9168375730514526,7000,0.0,0.0
1982-08-10 00:00:00-04:00,0.9168375730514526,0.9168375730514526,0.9168375730514526,0.9168375730514526,0,0.0,0.0
1982-08-11 00:00:00-04:00,0.0,0.9596804886378764,0.9254062175750732,0.9254062175750732,4000,0.0,0.0
1982-08-12 00:00:00-04:00,0.0,0.9511119244885144,0.9168375730514526,0.9168375730514526,10000,0.0,0.0
1982-08-13 00:00:00-04:00,0.0,0.9682490972617311,0.9254062175750732,0.9254062175750732,13000,0.0,0.0
1982-08-16 00:00:00-04:00,0.9254062175750732,0.9254062175750732,0.9254062175750732,0.9254062175750732,0,0.0,0.0
1982-08-17 00:00:00-04:00,0.0,0.951111800973177,0.908268928527832,0.908268928527832,7000,0.0,0.0
1982-08-18 00:00:00-04:00,0.0,0.951111800973177,0.908268928527832,0.908268928527832,11000,0.0,0.0
1982-08-19 00:00:00-04:00,0.0,0.9339746716017805,0.8997004032135011,0.899700403213501,6000,0.0,0.0
1982-08-20 00:00:00-04:00,0.0,0.9339746716017805,0.8997004032135011,0.899700403213501,4000,0.0,0.0
1982-08-23 00:00:00-04:00,0.0,0.9339746716017805,0.8997004032135011,0.899700403213501,4000,0.0,0.0
1982-08-24 00:00:00-04:00,0.0,0.9339746716017805,0.8997004032135011,0.899700403213501,1000,0.0,0.0
1982-08-25 00:00:00-04:00,0.0,0.9339748206860427,0.8911319375038147,0.8911319375038147,10000,0.0,0.0
1982-08-26 00:00:00-04:00,0.0,0.9339748206860427,0.8911319375038147,0.8911319375038147,5000,0.0,0.0
1982-08-27 00:00:00-04:00,0.0,0.9425431937975903,0.908268928527832,0.908268928527832,17000,0.0,0.0
1982-08-30 00:00:00-04:00,0.0,0.951111800973177,0.908268928527832,0.908268928527832,18000,0.0,0.0
1982-08-31 00:00:00-04:00,0.908268928527832,0.908268928527832,0.908268928527832,0.908268928527832,0,0.0,0.0
1982-09-01 00:00:00-04:00,0.908268928527832,0.908268928527832,0.908268928527832,0.908268928527832,0,0.0,0.0
1982-09-02 00:00:00-04:00,0.0,0.9511119244885144,0.9168375730514526,0.9168375730514526,5000,0.0,0.0
1982-09-03 00:00:00-04:00,0.0,0.9425431937975903,0.908268928527832,0.908268928527832,17000,0.0,0.0
1982-09-07 00:00:00-04:00,0.0,0.9425431937975903,0.908268928527832,0.908268928527832,17000,0.0,0.0
1982-09-08 00:00:00-04:00,0.0,0.9425431937975903,0.908268928527832,0.908268928527832,2000,0.0,0.0
1982-09-09 00:00:00-04:00,0.0,0.9511119244885144,0.9168375730514526,0.9168375730514526,19000,0.0,0.0
1982-09-10 00:00:00-04:00,0.0,0.9511119244885144,0.9168375730514526,0.9168375730514526,5000,0.0,0.0
1982-09-13 00:00:00-04:00,0.9168375730514526,0.9168375730514526,0.9168375730514526,0.9168375730514526,0,0.0,0.0
1982-09-14 00:00:00-04:00,0.9168375730514526,0.9168375730514526,0.9168375730514526,0.9168375730514526,0,0.0,0.0
1982-09-15 00:00:00-04:00,0.0,0.9339745866220036,0.908268928527832,0.908268928527832,16000,0.0,0.0
1982-09-16 00:00:00-04:00,0.0,0.9339745866220036,0.908268928527832,0.908268928527832,12000,0.0,0.0
1982-09-17 00:00:00-04:00,0.0,0.9339746716017805,0.8997004032135011,0.899700403213501,6000,0.0,0.0
1982-09-20 00:00:00-04:00,0.0,0.9339746716017805,0.8997004032135011,0.899700403213501,1000,0.0,0.0
1982-09-21 00:00:00-04:00,0.0,0.9511119244885144,0.9168375730514526,0.9168375730514526,4000,0.0,0.0
1982-09-22 00:00:00-04:00,0.0,0.9511119244885144,0.9168375730514526,0.9168375730514526,12000,0.0,0.0
1982-09-23 00:00:00-04:00,0.0,0.9511119617303296,0.9254062175750732,0.9254062175750732,11000,0.0,0.0
1982-09-24 00:00:00-04:00,0.0,0.9511119617303296,0.9254062175750732,0.9254062175750732,4000,0.0,0.0
1982-09-27 00:00:00-04:00,0.0,0.9511119617303296,0.9254062175750732,0.9254062175750732,2000,0.0,0.0
1982-09-28 00:00:00-04:00,0.0,0.9339745866220036,0.908268928527832,0.908268928527832,19000,0.0,0.0
1982-09-29 00:00:00-04:00,0.0,0.9339746716017805,0.8997004032135011,0.899700403213501,6000,0.0,0.0
1982-09-30 00:00:00-04:00,0.0,0.9339746716017805,0.8997004032135011,0.899700403213501,2000,0.0,0.0
1982-10-01 00:00:00-04:00,0.0,0.9339745866220036,0.908268928527832,0.908268928527832,2000,0.0,0.0
1982-10-04 00:00:00-04:00,0.908268928527832,0.908268928527832,0.908268928527832,0.908268928527832,0,0.0,0.0
1982-10-05 00:00:00-04:00,0.0,0.9339745866220036,0.908268928527832,0.908268928527832,1000,0.0,0.0
1982-10-06 00:00:00-04:00,0.0,0.9254061453628614,0.8997004032135011,0.899700403213501,7000,0.0,0.0
1982-10-07 00:00:00-04:00,0.0,0.9168376837564144,0.8911319375038147,0.8911319375038147,4000,0.0,0.0
1982-10-08 00:00:00-04:00,0.0,0.9168370050245163,0.8825627565383911,0.8825627565383911,3000,0.0,0.0
1982-10-11 00:00:00-04:00,0.8825627565383911,0.8825627565383911,0.8825627565383911,0.8825627565383911,0,0.0,0.0
1982-10-12 00:00:00-04:00,0.0,0.9082684837611121,0.8825627565383911,0.8825627565383911,5000,0.0,0.0
1982-10-13 00:00:00-04:00,0.0,0.9082684837611121,0.8825627565383911,0.8825627565383911,10000,0.0,0.0
1982-10-14 00:00:00-04:00,0.0,0.9082684837611121,0.8825627565383911,0.8825627565383911,2000,0.0,0.0
1982-10-15 00:00:00-04:00,0.0,0.9082684837611121,0.8825627565383911,0.8825627565383911,10000,0.0,0.0
1982-10-18 00:00:00-04:00,0.8825627565383911,0.8825627565383911,0.8825627565383911,0.8825627565383911,0,0.0,0.0
1982-10-19 00:00:00-04:00,0.0,0.9082684837611121,0.8825627565383911,0.8825627565383911,18000,0.0,0.0
1982-10-20 00:00:00-04:00,0.0,0.9168370050245163,0.8825627565383911,0.8825627565383911,5000,0.0,0.0
1982-10-21 00:00:00-04:00,0.0,0.9168370050245163,0.8825627565383911,0.8825627565383911,10000,0.0,0.0
1982-10-22 00:00:00-04:00,0.0,0.9168370050245163,0.8825627565383911,0.8825627565383911,3000,0.0,0.0
1982-10-25 00:00:00-04:00,0.0,0.9082684837611121,0.8825627565383911,0.8825627565383911,3000,0.0,0.0
1982-10-26 00:00:00-04:00,0.8825627565383911,0.8825627565383911,0.8825627565383911,0.8825627565383911,0,0.0,0.0
1982-10-27 00:00:00-04:00,0.0,0.9168370050245163,0.8825627565383911,0.8825627565383911,20000,0.0,0.0
1982-10-28 00:00:00-04:00,0.0,0.9168370050245163,0.8825627565383911,0.8825627565383911,5000,0.0,0.0
1982-10-29 00:00:00-04:00,0.8825627565383911,0.8825627565383911,0.8825627565383911,0.8825627565383911,0,0.0,0.0
1982-11-01 00:00:00-05:00,0.0,0.9168370050245163,0.8825627565383911,0.8825627565383911,12000,0.0,0.0
1982-11-02 00:00:00-05:00,0.0,0.9168370050245163,0.8825627565383911,0.8825627565383911,4000,0.0,0.0
1982-11-03 00:00:00-05:00,0.0,0.9168370050245163,0.8825627565383911,0.8825627565383911,23000,0.0,0.0
1982-11-04 00:00:00-05:00,0.0,0.9596804870008105,0.9339747428894042,0.9339747428894043,34000,0.0,0.0
1982-11-05 00:00:00-05:00,0.0,1.0796400257074859,1.0453656911849976,1.0453656911849976,66000,0.0,0.0
1982-11-08 00:00:00-05:00,0.0,1.0625033886200868,1.0282291173934937,1.0282291173934937,13000,0.0,0.0
1982-11-09 00:00:00-05:00,0.0,1.0625033886200868,1.0282291173934937,1.0282291173934937,2000,0.0,0.0
1982-11-10 00:00:00-05:00,0.0,1.0625033886200868,1.0282291173934937,1.0282291173934937,2000,0.0,0.0
1982-11-11 00:00:00-05:00,0.0,1.0625028175881095,1.0453656911849976,1.0453656911849976,10000,0.0,0.0
1982-11-12 00:00:00-05:00,0.0,1.0625028175881095,1.0453656911849976,1.0453656911849976,23000,0.0,0.0
1982-11-15 00:00:00-05:00,0.0,1.0625028175881095,1.0453656911849976,1.0453656911849976,5000,0.0,0.0
1982-11-16 00:00:00-05:00,0.0,1.0796400257074859,1.0453656911849976,1.0453656911849976,12000,0.0,0.0
1982-11-17 00:00:00-05:00,0.0,1.0967779385505787,1.0539350509643555,1.0539350509643555,50000,0.0,0.0
1982-11-18 00:00:00-05:00,0.0,1.0882085480509094,1.0453656911849976,1.0453656911849976,8000,0.0,0.0
1982-11-19 00:00:00-05:00,0.0,1.0882085480509094,1.0453656911849976,1.0453656911849976,15000,0.0,0.0
1982-11-22 00:00:00-05:00,0.0,1.0882085480509094,1.0453656911849976,1.0453656911849976,10000,0.0,0.0
1982-11-23 00:00:00-05:00,0.0,1.0882085480509094,1.0453656911849976,1.0453656911849976,4000,0.0,0.0
1982-11-24 00:00:00-05:00,0.0,1.0882085480509094,1.0453656911849976,1.0453656911849976,28000,0.0,0.0
1982-11-26 00:00:00-05:00,1.0453656911849976,1.0453656911849976,1.0453656911849976,1.0453656911849976,0,0.0,0.0
1982-11-29 00:00:00-05:00,0.0,1.0882085480509094,1.0453656911849976,1.0453656911849976,20000,0.0,0.0
1982-11-30 00:00:00-05:00,0.0,1.0882085480509094,1.0453656911849976,1.0453656911849976,8000,0.0,0.0
1982-12-01 00:00:00-05:00,0.0,1.0882085480509094,1.0453656911849976,1.0453656911849976,1000,0.0,0.0
1982-12-02 00:00:00-05:00,0.0,1.0882085480509094,1.0453656911849976,1.0453656911849976,14000,0.0,0.0
1982-12-03 00:00:00-05:00,0.0,1.0882085480509094,1.0453656911849976,1.0453656911849976,4000,0.0,0.0
1982-12-06 00:00:00-05:00,0.0,1.0882085480509094,1.0453656911849976,1.0453656911849976,2000,0.0,0.0
1982-12-07 00:00:00-05:00,0.0,1.0882085480509094,1.0453656911849976,1.0453656911849976,34000,0.0,0.0
1982-12-08 00:00:00-05:00,0.0,1.0882085480509094,1.0453656911849976,1.0453656911849976,3000,0.0,0.0
1982-12-09 00:00:00-05:00,1.0453656911849976,1.0453656911849976,1.0453656911849976,1.0453656911849976,0,0.0,0.0
1982-12-10 00:00:00-05:00,0.0,1.0882085480509094,1.0453656911849976,1.0453656911849976,1000,0.0,0.0
1982-12-13 00:00:00-05:00,0.0,1.0882085480509094,1.0453656911849976,1.0453656911849976,1000,0.0,0.0
1982-12-14 00:00:00-05:00,0.0,1.0882085480509094,1.0453656911849976,1.0453656911849976,20000,0.0,0.0
1982-12-15 00:00:00-05:00,1.0453656911849976,1.0453656911849976,1.0453656911849976,1.0453656911849976,0,0.0,0.0
1982-12-16 00:00:00-05:00,0.0,1.0882085480509094,1.0453656911849976,1.0453656911849976,2000,0.0,0.0
1982-12-17 00:00:00-05:00,0.0,1.0882085480509094,1.0453656911849976,1.0453656911849976,20000,0.0,0.0
1982-12-20 00:00:00-05:00,1.0453656911849976,1.0453656911849976,1.0453656911849976,1.0453656911849976,0,0.0,0.0
1982-12-21 00:00:00-05:00,1.0453656911849976,1.0453656911849976,1.0453656911849976,1.0453656911849976,0,0.0,0.0
1982-12-22 00:00:00-05:00,0.0,1.0882085480509094,1.0453656911849976,1.0453656911849976,21000,0.0,0.0
1982-12-23 00:00:00-05:00,0.0,1.0882085480509094,1.0453656911849976,1.0453656911849976,4000,0.0,0.0
1982-12-27 00:00:00-05:00,0.0,1.0882085480509094,1.0453656911849976,1.0453656911849976,20000,0.0,0.0
1982-12-28 00:00:00-05:00,0.0,1.0967773200013193,1.0625029802322388,1.0625029802322388,2000,0.0,0.0
1982-12-29 00:00:00-05:00,0.0,1.0967779385505787,1.0539350509643555,1.0539350509643555,1000,0.0,0.0
1982-12-30 00:00:00-05:00,0.0,1.0882093283468048,1.0539350509643555,1.0539350509643555,3000,0.0,0.0
1982-12-31 00:00:00-05:00,0.0,1.1053458436563819,1.0625029802322388,1.0625029802322388,2000,0.0,0.0
1983-01-03 00:00:00-05:00,0.0,1.1053458436563819,1.0625029802322388,1.0625029802322388,122000,0.0,0.0
1983-01-04 00:00:00-05:00,0.0,1.1053458436563819,1.0625029802322388,1.0625029802322388,2000,0.0,0.0
1983-01-05 00:00:00-05:00,1.0625029802322388,1.0625029802322388,1.0625029802322388,1.0625029802322388,0,0.0,0.0
1983-01-06 00:00:00-05:00,1.0625029802322388,1.0625029802322388,1.0625029802322388,1.0625029802322388,0,0.0,0.0
1983-01-07 00:00:00-05:00,0.0,1.1053458436563819,1.0625029802322388,1.0625029802322388,1000,0.0,0.0
1983-01-10 00:00:00-05:00,0.0,1.1053458436563819,1.0625029802322388,1.0625029802322388,4000,0.0,0.0
1983-01-11 00:00:00-05:00,1.0625029802322388,1.0625029802322388,1.0625029802322388,1.0625029802322388,0,0.0,0.0
1983-01-12 00:00:00-05:00,0.0,1.1053458436563819,1.0625029802322388,1.0625029802322388,1000,0.0,0.0
1983-01-13 00:00:00-05:00,0.0,1.1053458436563819,1.0625029802322388,1.0625029802322388,5000,0.0,0.0
1983-01-14 00:00:00-05:00,0.0,1.1053458436563819,1.0625029802322388,1.0625029802322388,6000,0.0,0.0
1983-01-17 00:00:00-05:00,0.0,1.1053458436563819,1.0625029802322388,1.0625029802322388,20000,0.0,0.0
1983-01-18 00:00:00-05:00,0.0,1.1139144897460938,1.0710716247558594,1.0710716247558594,50000,0.0,0.0
1983-01-19 00:00:00-05:00,0.0,1.1139144897460938,1.0710716247558594,1.0710716247558594,23000,0.0,0.0
1983-01-20 00:00:00-05:00,0.0,1.1139146528118482,1.0796403884887695,1.0796403884887695,1000,0.0,0.0
1983-01-21 00:00:00-05:00,0.0,1.1139146528118482,1.0796403884887695,1.0796403884887695,11000,0.0,0.0
1983-01-24 00:00:00-05:00,0.0,1.1139146528118482,1.0796403884887695,1.0796403884887695,57000,0.0,0.0
1983-01-25 00:00:00-05:00,0.0,1.1139146528118482,1.0796403884887695,1.0796403884887695,20000,0.0,0.0
1983-01-26 00:00:00-05:00,1.0796403884887695,1.0796403884887695,1.0796403884887695,1.0796403884887695,0,0.0,0.0
1983-01-27 00:00:00-05:00,0.0,1.1224837517010327,1.0882093906402588,1.0882093906402588,6000,0.0,0.0
1983-01-28 00:00:00-05:00,0.0,1.1310513320888815,1.096777081489563,1.096777081489563,5000,0.0,0.0
1983-01-31 00:00:00-05:00,0.0,1.1310513320888815,1.096777081489563,1.096777081489563,15000,0.0,0.0
1983-02-01 00:00:00-05:00,0.0,1.1310519456014365,1.1053462028503418,1.1053462028503418,40000,0.0,0.0
1983-02-02 00:00:00-05:00,0.0,1.1481886261745051,1.1139143705368042,1.1139143705368042,15000,0.0,0.0
1983-02-03 00:00:00-05:00,1.1139143705368042,1.1139143705368042,1.1139143705368042,1.1139143705368042,0,0.0,0.0
1983-02-04 00:00:00-05:00,0.0,1.1653255105369436,1.1310511827468872,1.1310511827468872,10000,0.0,0.0
1983-02-07 00:00:00-05:00,0.0,1.1653255105369436,1.1310511827468872,1.1310511827468872,1000,0.0,0.0
1983-02-08 00:00:00-05:00,0.0,1.1653255105369436,1.1310511827468872,1.1310511827468872,1000,0.0,0.0
1983-02-09 00:00:00-05:00,1.1310511827468872,1.1310511827468872,1.1310511827468872,1.1310511827468872,0,0.0,0.0
1983-02-10 00:00:00-05:00,0.0,1.1653255105369436,1.1310511827468872,1.1310511827468872,5000,0.0,0.0
1983-02-11 00:00:00-05:00,0.0,1.1653255105369436,1.1310511827468872,1.1310511827468872,30000,0.0,0.0
1983-02-14 00:00:00-05:00,0.0,1.1653255105369436,1.1310511827468872,1.1310511827468872,145000,0.0,0.0
1983-02-15 00:00:00-05:00,1.1310511827468872,1.1310511827468872,1.1310511827468872,1.1310511827468872,0,0.0,0.0
1983-02-16 00:00:00-05:00,0.0,1.1653255105369436,1.1310511827468872,1.1310511827468872,14000,0.0,0.0
1983-02-17 00:00:00-05:00,0.0,1.1653255105369436,1.1310511827468872,1.1310511827468872,51000,0.0,0.0
1983-02-18 00:00:00-05:00,0.0,1.1653256755328962,1.1396199464797974,1.1396199464797974,75000,0.0,0.0
1983-02-22 00:00:00-05:00,0.0,1.1653255105369436,1.1310511827468872,1.1310511827468872,8000,0.0,0.0
1983-02-23 00:00:00-05:00,1.1310511827468872,1.1310511827468872,1.1310511827468872,1.1310511827468872,0,0.0,0.0
1983-02-24 00:00:00-05:00,0.0,1.1653256755328962,1.1396199464797974,1.1396199464797974,250000,0.0,0.0
1983-02-25 00:00:00-05:00,0.0,1.1738946884368844,1.1481889486312866,1.1481889486312866,32000,0.0,0.0
1983-02-28 00:00:00-05:00,0.0,1.1738946884368844,1.1481889486312866,1.1481889486312866,1000,0.0,0.0
1983-03-01 00:00:00-05:00,0.0,1.1738941974064225,1.1396199464797974,1.1396199464797974,0,0.0,0.0
1983-03-02 00:00:00-05:00,0.0,1.1738941974064225,1.1396199464797974,1.1396199464797974,1000,0.0,0.0
1983-03-03 00:00:00-05:00,0.0,1.1738941974064225,1.1396199464797974,1.1396199464797974,20000,0.0,0.0
1983-03-04 00:00:00-05:00,0.0,1.1738941974064225,1.1396199464797974,1.1396199464797974,11000,0.0,0.0
1983-03-07 00:00:00-05:00,0.0,1.1738941974064225,1.1396199464797974,1.1396199464797974,13000,0.0,0.0
1983-03-08 00:00:00-05:00,0.0,1.1738941974064225,1.1396199464797974,1.1396199464797974,40000,0.0,0.0
1983-03-09 00:00:00-05:00,0.0,1.1738941974064225,1.1396199464797974,1.1396199464797974,12000,0.0,0.0
1983-03-10 00:00:00-05:00,1.1396199464797974,1.1396199464797974,1.1396199464797974,1.1396199464797974,0,0.0,0.0
1983-03-11 00:00:00-05:00,1.1396199464797974,1.1396199464797974,1.1396199464797974,1.1396199464797974,0,0.0,0.0
1983-03-14 00:00:00-05:00,0.0,1.1738946884368844,1.1481889486312866,1.1481889486312866,8000,0.0,0.0
1983-03-15 00:00:00-05:00,1.1481889486312866,1.1481889486312866,1.1481889486312866,1.1481889486312866,0,0.0,0.0
1983-03-16 00:00:00-05:00,0.0,1.1738946884368844,1.1481889486312866,1.1481889486312866,4000,0.0,0.0
1983-03-17 00:00:00-05:00,0.0,1.1824632956108483,1.1481889486312866,1.1481889486312866,8000,0.0,0.0
1983-03-18 00:00:00-05:00,0.0,1.1824632956108483,1.1481889486312866,1.1481889486312866,20000,0.0,0.0
1983-03-21 00:00:00-05:00,0.0,1.1996007505697153,1.165326476097107,1.165326476097107,1000,0.0,0.0
1983-03-22 00:00:00-05:00,0.0,1.2081689894593828,1.1738946437835693,1.1738946437835693,20000,0.0,0.0
1983-03-23 00:00:00-05:00,0.0,1.2167370627002458,1.1824628114700317,1.1824628114700317,10000,0.0,0.0
1983-03-24 00:00:00-05:00,0.0,1.2253067735856689,1.1910324096679688,1.1910324096679688,2000,0.0,0.0
1983-03-25 00:00:00-05:00,0.0,1.2253067735856689,1.1910324096679688,1.1910324096679688,4000,0.0,0.0
1983-03-28 00:00:00-05:00,0.0,1.2253067735856689,1.1910324096679688,1.1910324096679688,1000,0.0,0.0
1983-03-29 00:00:00-05:00,0.0,1.2253067735856689,1.1910324096679688,1.1910324096679688,2000,0.0,0.0
1983-03-30 00:00:00-05:00,0.0,1.2253067735856689,1.1910324096679688,1.1910324096679688,7000,0.0,0.0
1983-03-31 00:00:00-05:00,1.1910324096679688,1.1910324096679688,1.1910324096679688,1.1910324096679688,0,0.0,0.0
1983-04-04 00:00:00-05:00,0.0,1.2253067735856689,1.1910324096679688,1.1910324096679688,1000,0.0,0.0
1983-04-05 00:00:00-05:00,0.0,1.2253067735856689,1.1910324096679688,1.1910324096679688,22000,0.0,0.0
1983-04-06 00:00:00-05:00,0.0,1.2253067735856689,1.1910324096679688,1.1910324096679688,32000,0.0,0.0
1983-04-07 00:00:00-05:00,0.0,1.2338745186976607,1.208168864250183,1.208168864250183,18000,0.0,0.0
1983-04-08 00:00:00-05:00,0.0,1.276717466520291,1.2424432039260864,1.2424432039260864,17000,0.0,0.0
1983-04-11 00:00:00-05:00,0.0,1.302423895106786,1.2681496143341064,1.2681496143341064,20000,0.0,0.0
1983-04-12 00:00:00-05:00,0.0,1.3109925020295106,1.2767181396484375,1.2767181396484375,20000,0.0,0.0
1983-04-13 00:00:00-05:00,0.0,1.319561188118314,1.2852869033813477,1.2852869033813477,6000,0.0,0.0
1983-04-14 00:00:00-05:00,0.0,1.319561188118314,1.2852869033813477,1.2852869033813477,12000,0.0,0.0
1983-04-15 00:00:00-05:00,0.0,1.3366986850882492,1.3024243116378784,1.3024243116378784,6000,0.0,0.0
1983-04-18 00:00:00-05:00,0.0,1.35383487710371,1.3195605278015137,1.3195605278015137,12000,0.0,0.0
1983-04-19 00:00:00-05:00,0.0,1.35383487710371,1.3195605278015137,1.3195605278015137,6000,0.0,0.0
1983-04-20 00:00:00-05:00,0.0,1.35383487710371,1.3195605278015137,1.3195605278015137,30000,0.0,0.0
1983-04-21 00:00:00-05:00,0.0,1.35383487710371,1.3195605278015137,1.3195605278015137,11000,0.0,0.0
1983-04-22 00:00:00-05:00,0.0,1.35383487710371,1.3195605278015137,1.3195605278015137,49000,0.0,0.0
1983-04-25 00:00:00-04:00,0.0,1.3366986850882492,1.3024243116378784,1.3024243116378784,37000,0.0,0.0
1983-04-26 00:00:00-04:00,0.0,1.3366984122031378,1.2852869033813477,1.2852869033813477,42000,0.0,0.0
1983-04-27 00:00:00-04:00,0.0,1.3366984122031378,1.2852869033813477,1.2852869033813477,12000,0.0,0.0
1983-04-28 00:00:00-04:00,0.0,1.2852864059550604,1.2338749170303345,1.2338749170303345,15000,0.0,0.0
1983-04-29 00:00:00-04:00,0.0,1.2681492702189214,1.2338749170303345,1.2338749170303345,4000,0.0,0.0
1983-05-02 00:00:00-04:00,0.0,1.2510123119926675,1.1996008157730103,1.1996008157730103,3000,0.0,0.0
1983-05-03 00:00:00-04:00,0.0,1.2510123119926675,1.1996008157730103,1.1996008157730103,10000,0.0,0.0
1983-05-04 00:00:00-04:00,0.0,1.2510123119926675,1.1996008157730103,1.1996008157730103,6000,0.0,0.0
1983-05-05 00:00:00-04:00,0.0,1.268148737690966,1.2167372703552246,1.2167372703552246,21000,0.0,0.0
1983-05-06 00:00:00-04:00,0.0,1.2852864059550604,1.2338749170303345,1.2338749170303345,6000,0.0,0.0
1983-05-09 00:00:00-04:00,0.0,1.2852858662307882,1.2167372703552246,1.2167372703552246,11000,0.0,0.0
1983-05-10 00:00:00-04:00,0.0,1.2852858662307882,1.2167372703552246,1.2167372703552246,5000,0.0,0.0
1983-05-11 00:00:00-04:00,0.0,1.2852858662307882,1.2167372703552246,1.2167372703552246,7000,0.0,0.0
1983-05-12 00:00:00-04:00,0.0,1.2767172611027398,1.2167372703552246,1.2167372703552246,11000,0.0,0.0
1983-05-13 00:00:00-04:00,1.2167372703552246,1.2167372703552246,1.2167372703552246,1.2167372703552246,0,0.0,0.0
1983-05-16 00:00:00-04:00,0.0,1.2852864059550604,1.2338749170303345,1.2338749170303345,20000,0.0,0.0
1983-05-17 00:00:00-04:00,1.2338749170303345,1.2338749170303345,1.2338749170303345,1.2338749170303345,0,0.0,0.0
1983-05-18 00:00:00-04:00,0.0,1.2852864059550604,1.2338749170303345,1.2338749170303345,2000,0.0,0.0
1983-05-19 00:00:00-04:00,0.0,1.2852864059550604,1.2338749170303345,1.2338749170303345,25000,0.0,0.0
1983-05-20 00:00:00-04:00,0.0,1.2767172611027398,1.2167372703552246,1.2167372703552246,60000,0.0,0.0
1983-05-23 00:00:00-04:00,0.0,1.268148737690966,1.2167372703552246,1.2167372703552246,3000,0.0,0.0
1983-05-24 00:00:00-04:00,0.0,1.2510123119926675,1.1996008157730103,1.1996008157730103,12000,0.0,0.0
1983-05-25 00:00:00-04:00,0.0,1.2338750921085682,1.1996008157730103,1.1996008157730103,2000,0.0,0.0
1983-05-26 00:00:00-04:00,0.0,1.1996004282424821,1.1481889486312866,1.1481889486312866,46000,0.0,0.0
1983-05-27 00:00:00-04:00,0.0,1.1996004282424821,1.1481889486312866,1.1481889486312866,4000,0.0,0.0
1983-05-31 00:00:00-04:00,1.1481889486312866,1.1481889486312866,1.1481889486312866,1.1481889486312866,0,0.0,0.0
1983-06-01 00:00:00-04:00,0.0,1.1995999264595216,1.1396199464797974,1.1396199464797974,21000,0.0,0.0
1983-06-02 00:00:00-04:00,0.0,1.1824628009962088,1.1396199464797974,1.1396199464797974,5000,0.0,0.0
1983-06-03 00:00:00-04:00,0.0,1.1995999264595216,1.1396199464797974,1.1396199464797974,1000,0.0,0.0
1983-06-06 00:00:00-04:00,0.0,1.1824628009962088,1.1396199464797974,1.1396199464797974,2000,0.0,0.0
1983-06-07 00:00:00-04:00,0.0,1.1995999264595216,1.1396199464797974,1.1396199464797974,13000,0.0,0.0
1983-06-08 00:00:00-04:00,0.0,1.1995999264595216,1.1396199464797974,1.1396199464797974,20000,0.0,0.0
1983-06-09 00:00:00-04:00,0.0,1.1995999264595216,1.1396199464797974,1.1396199464797974,3000,0.0,0.0
1983-06-10 00:00:00-04:00,0.0,1.1995999264595216,1.1396199464797974,1.1396199464797974,2000,0.0,0.0
1983-06-13 00:00:00-04:00,1.1396199464797974,1.1396199464797974,1.1396199464797974,1.1396199464797974,0,0.0,0.0
1983-06-14 00:00:00-04:00,0.0,1.2081693600460253,1.165326476097107,1.165326476097107,13000,0.0,0.0
1983-06-15 00:00:00-04:00,0.0,1.1996007505697153,1.165326476097107,1.165326476097107,17000,0.0,0.0
1983-06-16 00:00:00-04:00,0.0,1.1996007505697153,1.165326476097107,1.165326476097107,2000,0.0,0.0
1983-06-17 00:00:00-04:00,1.165326476097107,1.165326476097107,1.165326476097107,1.165326476097107,0,0.0,0.0
1983-06-20 00:00:00-04:00,0.0,1.1996007505697153,1.165326476097107,1.165326476097107,2000,0.0,0.0
1983-06-21 00:00:00-04:00,0.0,1.1996007505697153,1.165326476097107,1.165326476097107,1000,0.0,0.0
1983-06-22 00:00:00-04:00,0.0,1.1996007505697153,1.165326476097107,1.165326476097107,2000,0.0,0.0
1983-06-23 00:00:00-04:00,0.0,1.1996007505697153,1.165326476097107,1.165326476097107,3000,0.0,0.0
1983-06-24 00:00:00-04:00,1.165326476097107,1.165326476097107,1.165326476097107,1.165326476097107,0,0.0,0.0
1983-06-27 00:00:00-04:00,0.0,1.1996007505697153,1.165326476097107,1.165326476097107,14000,0.0,0.0
1983-06-28 00:00:00-04:00,0.0,1.1824626335738475,1.1310511827468872,1.1310511827468872,41000,0.0,0.0
1983-06-29 00:00:00-04:00,0.0,1.1653258357096268,1.1139143705368042,1.1139143705368042,10000,0.0,0.0
1983-06-30 00:00:00-04:00,0.0,1.1653261629792147,1.1481889486312866,1.1481889486312866,70000,0.0,0.0
1983-07-01 00:00:00-04:00,0.0,1.1824632956108483,1.1481889486312866,1.1481889486312866,55000,0.0,0.0
1983-07-05 00:00:00-04:00,1.1481889486312866,1.1481889486312866,1.1481889486312866,1.1481889486312866,0,0.0,0.0
1983-07-06 00:00:00-04:00,0.0,1.1824632956108483,1.1481889486312866,1.1481889486312866,36000,0.0,0.0
1983-07-07 00:00:00-04:00,0.0,1.1824632956108483,1.1481889486312866,1.1481889486312866,104000,0.0,0.0
1983-07-08 00:00:00-04:00,0.0,1.1824632956108483,1.1481889486312866,1.1481889486312866,28000,0.0,0.0
1983-07-11 00:00:00-04:00,0.0,1.1824632956108483,1.1481889486312866,1.1481889486312866,3000,0.0,0.0
1983-07-12 00:00:00-04:00,0.0,1.1824632956108483,1.1481889486312866,1.1481889486312866,4000,0.0,0.0
1983-07-13 00:00:00-04:00,1.1481889486312866,1.1481889486312866,1.1481889486312866,1.1481889486312866,0,0.0,0.0
1983-07-14 00:00:00-04:00,0.0,1.1653256755328962,1.1396199464797974,1.1396199464797974,5000,0.0,0.0
1983-07-15 00:00:00-04:00,0.0,1.1653256755328962,1.1396199464797974,1.1396199464797974,4000,0.0,0.0
1983-07-18 00:00:00-04:00,0.0,1.1653256755328962,1.1396199464797974,1.1396199464797974,2000,0.0,0.0
1983-07-19 00:00:00-04:00,0.0,1.1653256755328962,1.1396199464797974,1.1396199464797974,10000,0.0,0.0
1983-07-20 00:00:00-04:00,1.1396199464797974,1.1396199464797974,1.1396199464797974,1.1396199464797974,0,0.0,0.0
1983-07-21 00:00:00-04:00,0.0,1.1824628009962088,1.1396199464797974,1.1396199464797974,34000,0.0,0.0
1983-07-22 00:00:00-04:00,0.0,1.1653255105369436,1.1310511827468872,1.1310511827468872,33000,0.0,0.0
1983-07-25 00:00:00-04:00,0.0,1.1653271145757162,1.1224842071533203,1.1224842071533203,7000,0.0,0.0
1983-07-26 00:00:00-04:00,0.0,1.1567585004046927,1.1224842071533203,1.1224842071533203,3000,0.0,0.0
1983-07-27 00:00:00-04:00,0.0,1.1567585004046927,1.1224842071533203,1.1224842071533203,3000,0.0,0.0
1983-07-28 00:00:00-04:00,1.1224842071533203,1.1224842071533203,1.1224842071533203,1.1224842071533203,0,0.0,0.0
1983-07-29 00:00:00-04:00,0.0,1.1567585004046927,1.1224842071533203,1.1224842071533203,9000,0.0,0.0
1983-08-01 00:00:00-04:00,0.0,1.1567585004046927,1.1224842071533203,1.1224842071533203,13000,0.0,0.0
1983-08-02 00:00:00-04:00,0.0,1.1481890801967318,1.1053462028503418,1.1053462028503418,20000,0.0,0.0
1983-08-03 00:00:00-04:00,0.0,1.1481884573885408,1.096777081489563,1.096777081489563,5000,0.0,0.0
1983-08-04 00:00:00-04:00,0.0,1.1481884573885408,1.096777081489563,1.096777081489563,1000,0.0,0.0
1983-08-05 00:00:00-04:00,0.0,1.1481884573885408,1.096777081489563,1.096777081489563,2000,0.0,0.0
1983-08-08 00:00:00-04:00,1.096777081489563,1.096777081489563,1.096777081489563,1.096777081489563,0,0.0,0.0
1983-08-09 00:00:00-04:00,0.0,1.1310517849733874,1.0796403884887695,1.0796403884887695,26000,0.0,0.0
1983-08-10 00:00:00-04:00,0.0,1.1139144490277213,1.0625029802322388,1.0625029802322388,10000,0.0,0.0
1983-08-11 00:00:00-04:00,0.0,1.1139144490277213,1.0625029802322388,1.0625029802322388,29000,0.0,0.0
1983-08-12 00:00:00-04:00,0.0,1.1139144490277213,1.0625029802322388,1.0625029802322388,2000,0.0,0.0
1983-08-15 00:00:00-04:00,0.0,1.1139144490277213,1.0625029802322388,1.0625029802322388,2000,0.0,0.0
1983-08-16 00:00:00-04:00,0.0,1.1139144490277213,1.0625029802322388,1.0625029802322388,16000,0.0,0.0
1983-08-17 00:00:00-04:00,0.0,1.1139144490277213,1.0625029802322388,1.0625029802322388,3000,0.0,0.0
1983-08-18 00:00:00-04:00,0.0,1.1139144490277213,1.0625029802322388,1.0625029802322388,2000,0.0,0.0
1983-08-19 00:00:00-04:00,0.0,1.1139144490277213,1.0625029802322388,1.0625029802322388,15000,0.0,0.0
1983-08-22 00:00:00-04:00,0.0,1.1224830954306526,1.0710716247558594,1.0710716247558594,41000,0.0,0.0
1983-08-23 00:00:00-04:00,0.0,1.1224830954306526,1.0710716247558594,1.0710716247558594,1000,0.0,0.0
1983-08-24 00:00:00-04:00,0.0,1.1224830954306526,1.0710716247558594,1.0710716247558594,3000,0.0,0.0
1983-08-25 00:00:00-04:00,1.0710716247558594,1.0710716247558594,1.0710716247558594,1.0710716247558594,0,0.0,0.0
1983-08-26 00:00:00-04:00,1.0710716247558594,1.0710716247558594,1.0710716247558594,1.0710716247558594,0,0.0,0.0
1983-08-29 00:00:00-04:00,0.0,1.1224830954306526,1.0710716247558594,1.0710716247558594,27000,0.0,0.0
1983-08-30 00:00:00-04:00,0.0,1.1224830954306526,1.0710716247558594,1.0710716247558594,25000,0.0,0.0
1983-08-31 00:00:00-04:00,0.0,1.1481890801967318,1.1053462028503418,1.1053462028503418,82000,0.0,0.0
1983-09-01 00:00:00-04:00,0.0,1.1481890801967318,1.1053462028503418,1.1053462028503418,2000,0.0,0.0
1983-09-02 00:00:00-04:00,0.0,1.1653271145757162,1.1224842071533203,1.1224842071533203,21000,0.0,0.0
1983-09-06 00:00:00-04:00,0.0,1.1824626335738475,1.1310511827468872,1.1310511827468872,1000,0.0,0.0
1983-09-07 00:00:00-04:00,0.0,1.1824626335738475,1.1310511827468872,1.1310511827468872,3000,0.0,0.0
1983-09-08 00:00:00-04:00,1.1310511827468872,1.1310511827468872,1.1310511827468872,1.1310511827468872,0,0.0,0.0
1983-09-09 00:00:00-04:00,0.0,1.1824626335738475,1.1310511827468872,1.1310511827468872,3000,0.0,0.0
1983-09-12 00:00:00-04:00,0.0,1.1824626335738475,1.1310511827468872,1.1310511827468872,5000,0.0,0.0
1983-09-13 00:00:00-04:00,0.0,1.1824626335738475,1.1310511827468872,1.1310511827468872,3000,0.0,0.0
1983-09-14 00:00:00-04:00,0.0,1.1824626335738475,1.1310511827468872,1.1310511827468872,2000,0.0,0.0
1983-09-15 00:00:00-04:00,0.0,1.1653255105369436,1.1310511827468872,1.1310511827468872,8000,0.0,0.0
1983-09-16 00:00:00-04:00,0.0,1.1653255105369436,1.1310511827468872,1.1310511827468872,3000,0.0,0.0
1983-09-19 00:00:00-04:00,0.0,1.1653255105369436,1.1310511827468872,1.1310511827468872,31000,0.0,0.0
1983-09-20 00:00:00-04:00,0.0,1.1824626335738475,1.1310511827468872,1.1310511827468872,4000,0.0,0.0
1983-09-21 00:00:00-04:00,0.0,1.1824626335738475,1.1310511827468872,1.1310511827468872,1000,0.0,0.0
1983-09-22 00:00:00-04:00,0.0,1.1824626335738475,1.1310511827468872,1.1310511827468872,9000,0.0,0.0
1983-09-23 00:00:00-04:00,0.0,1.1824626335738475,1.1310511827468872,1.1310511827468872,3000,0.0,0.0
1983-09-26 00:00:00-04:00,0.0,1.1824626335738475,1.1310511827468872,1.1310511827468872,19000,0.0,0.0
1983-09-27 00:00:00-04:00,0.0,1.1824626335738475,1.1310511827468872,1.1310511827468872,2000,0.0,0.0
1983-09-28 00:00:00-04:00,1.1310511827468872,1.1310511827468872,1.1310511827468872,1.1310511827468872,0,0.0,0.0
1983-09-29 00:00:00-04:00,0.0,1.1824626335738475,1.1310511827468872,1.1310511827468872,1000,0.0,0.0
1983-09-30 00:00:00-04:00,0.0,1.1824628009962088,1.1396199464797974,1.1396199464797974,3000,0.0,0.0
1983-10-03 00:00:00-04:00,1.1396199464797974,1.1396199464797974,1.1396199464797974,1.1396199464797974,0,0.0,0.0
1983-10-04 00:00:00-04:00,0.0,1.1653271145757162,1.1224842071533203,1.1224842071533203,4000,0.0,0.0
1983-10-05 00:00:00-04:00,0.0,1.1653271145757162,1.1224842071533203,1.1224842071533203,12000,0.0,0.0
1983-10-06 00:00:00-04:00,1.1224842071533203,1.1224842071533203,1.1224842071533203,1.1224842071533203,0,0.0,0.0
1983-10-07 00:00:00-04:00,1.1224842071533203,1.1224842071533203,1.1224842071533203,1.1224842071533203,0,0.0,0.0
1983-10-10 00:00:00-04:00,1.1224842071533203,1.1224842071533203,1.1224842071533203,1.1224842071533203,0,0.0,0.0
1983-10-11 00:00:00-04:00,0.0,1.1653271145757162,1.1224842071533203,1.1224842071533203,1000,0.0,0.0
1983-10-12 00:00:00-04:00,0.0,1.1653271145757162,1.1224842071533203,1.1224842071533203,10000,0.0,0.0
1983-10-13 00:00:00-04:00,0.0,1.1653271145757162,1.1224842071533203,1.1224842071533203,1000,0.0,0.0
1983-10-14 00:00:00-04:00,0.0,1.1653271145757162,1.1224842071533203,1.1224842071533203,30000,0.0,0.0
1983-10-17 00:00:00-04:00,1.1224842071533203,1.1224842071533203,1.1224842071533203,1.1224842071533203,0,0.0,0.0
1983-10-18 00:00:00-04:00,0.0,1.1481884573885408,1.096777081489563,1.096777081489563,3000,0.0,0.0
1983-10-19 00:00:00-04:00,0.0,1.1139144490277213,1.0625029802322388,1.0625029802322388,11000,0.0,0.0
1983-10-20 00:00:00-04:00,1.0625029802322388,1.0625029802322388,1.0625029802322388,1.0625029802322388,0,0.0,0.0
1983-10-21 00:00:00-04:00,0.0,1.0967776533905902,1.0367976427078247,1.0367976427078247,16000,0.0,0.0
1983-10-24 00:00:00-04:00,0.0,1.0967776533905902,1.0367976427078247,1.0367976427078247,60000,0.0,0.0
1983-10-25 00:00:00-04:00,1.0367976427078247,1.0367976427078247,1.0367976427078247,1.0367976427078247,0,0.0,0.0
1983-10-26 00:00:00-04:00,1.0367976427078247,1.0367976427078247,1.0367976427078247,1.0367976427078247,0,0.0,0.0
1983-10-27 00:00:00-04:00,1.0367976427078247,1.0367976427078247,1.0367976427078247,1.0367976427078247,0,0.0,0.0
1983-10-28 00:00:00-04:00,1.0367976427078247,1.0367976427078247,1.0367976427078247,1.0367976427078247,0,0.0,0.0
1983-10-31 00:00:00-05:00,1.0367976427078247,1.0367976427078247,1.0367976427078247,1.0367976427078247,0,0.0,0.0
1983-11-01 00:00:00-05:00,1.0367976427078247,1.0367976427078247,1.0367976427078247,1.0367976427078247,0,0.0,0.0
1983-11-02 00:00:00-05:00,0.0,1.0967776533905902,1.0367976427078247,1.0367976427078247,3000,0.0,0.0
1983-11-03 00:00:00-05:00,0.0,1.0967776533905902,1.0367976427078247,1.0367976427078247,20000,0.0,0.0
1983-11-04 00:00:00-05:00,1.0367976427078247,1.0367976427078247,1.0367976427078247,1.0367976427078247,0,0.0,0.0
1983-11-07 00:00:00-05:00,0.0,1.0967776533905902,1.0367976427078247,1.0367976427078247,2000,0.0,0.0
1983-11-08 00:00:00-05:00,0.0,1.0967776533905902,1.0367976427078247,1.0367976427078247,15000,0.0,0.0
1983-11-09 00:00:00-05:00,0.0,1.079640519154986,1.0367976427078247,1.0367976427078247,3000,0.0,0.0
1983-11-10 00:00:00-05:00,0.0,1.079640567981529,1.019660472869873,1.019660472869873,4000,0.0,0.0
1983-11-11 00:00:00-05:00,0.0,1.079640567981529,1.019660472869873,1.019660472869873,16000,0.0,0.0
1983-11-14 00:00:00-05:00,0.0,1.079640567981529,1.019660472869873,1.019660472869873,10000,0.0,0.0
1983-11-15 00:00:00-05:00,0.0,1.079640567981529,1.019660472869873,1.019660472869873,6000,0.0,0.0
1983-11-16 00:00:00-05:00,0.0,1.079640567981529,1.019660472869873,1.019660472869873,3000,0.0,0.0
1983-11-17 00:00:00-05:00,0.0,1.079640567981529,1.019660472869873,1.019660472869873,8000,0.0,0.0
1983-11-18 00:00:00-05:00,0.0,1.0882091328981858,1.0282291173934937,1.0282291173934937,8000,0.0,0.0
1983-11-21 00:00:00-05:00,0.0,1.0967776533905902,1.0367976427078247,1.0367976427078247,1000,0.0,0.0
1983-11-22 00:00:00-05:00,0.0,1.1053461796502415,1.0367976427078247,1.0367976427078247,15000,0.0,0.0
1983-11-23 00:00:00-05:00,0.0,1.0967776533905902,1.0367976427078247,1.0367976427078247,8000,0.0,0.0
1983-11-25 00:00:00-05:00,0.0,1.0967776533905902,1.0367976427078247,1.0367976427078247,3000,0.0,0.0
1983-11-28 00:00:00-05:00,0.0,1.0967776533905902,1.0367976427078247,1.0367976427078247,4000,0.0,0.0
1983-11-29 00:00:00-05:00,0.0,1.1139142785137095,1.0453656911849976,1.0453656911849976,5000,0.0,0.0
1983-11-30 00:00:00-05:00,0.0,1.1139144490277213,1.0625029802322388,1.0625029802322388,5000,0.0,0.0
1983-12-01 00:00:00-05:00,0.0,1.1139144490277213,1.0625029802322388,1.0625029802322388,2000,0.0,0.0
1983-12-02 00:00:00-05:00,0.0,1.1139144490277213,1.0625029802322388,1.0625029802322388,3000,0.0,0.0
1983-12-05 00:00:00-05:00,0.0,1.1139144490277213,1.0625029802322388,1.0625029802322388,1000,0.0,0.0
1983-12-06 00:00:00-05:00,0.0,1.1224830543990607,1.0625029802322388,1.0625029802322388,118000,0.0,0.0
1983-12-07 00:00:00-05:00,1.0625029802322388,1.0625029802322388,1.0625029802322388,1.0625029802322388,0,0.0,0.0
1983-12-08 00:00:00-05:00,0.0,1.1224830543990607,1.0625029802322388,1.0625029802322388,10000,0.0,0.0
1983-12-09 00:00:00-05:00,0.0,1.1224830543990607,1.0625029802322388,1.0625029802322388,2000,0.0,0.0
1983-12-12 00:00:00-05:00,0.0,1.1396203919123031,1.0796403884887695,1.0796403884887695,106000,0.0,0.0
1983-12-13 00:00:00-05:00,0.0,1.1567570608964999,1.096777081489563,1.096777081489563,1198000,0.0,0.0
1983-12-14 00:00:00-05:00,0.0,1.1653256644044592,1.096777081489563,1.096777081489563,254000,0.0,0.0
1983-12-15 00:00:00-05:00,0.0,1.1653262965083309,1.1053462028503418,1.1053462028503418,114000,0.0,0.0
1983-12-16 00:00:00-05:00,0.0,1.1653262965083309,1.1053462028503418,1.1053462028503418,60000,0.0,0.0
1983-12-19 00:00:00-05:00,0.0,1.1653256644044592,1.096777081489563,1.096777081489563,12000,0.0,0.0
1983-12-20 00:00:00-05:00,0.0,1.1481884573885408,1.096777081489563,1.096777081489563,9000,0.0,0.0
1983-12-21 00:00:00-05:00,0.0,1.1481884573885408,1.096777081489563,1.096777081489563,1000,0.0,0.0
1983-12-22 00:00:00-05:00,0.0,1.1310522806789802,1.0882093906402588,1.0882093906402588,16000,0.0,0.0
1983-12-23 00:00:00-05:00,0.0,1.1310522806789802,1.0882093906402588,1.0882093906402588,4000,0.0,0.0
1983-12-27 00:00:00-05:00,0.0,1.1396208913732555,1.0882093906402588,1.0882093906402588,3000,0.0,0.0
1983-12-28 00:00:00-05:00,0.0,1.1396208913732555,1.0882093906402588,1.0882093906402588,2000,0.0,0.0
1983-12-29 00:00:00-05:00,0.0,1.1396208913732555,1.0882093906402588,1.0882093906402588,4000,0.0,0.0
1983-12-30 00:00:00-05:00,0.0,1.1481884573885408,1.096777081489563,1.096777081489563,10000,0.0,0.0
1984-01-03 00:00:00-05:00,0.0,1.1481884573885408,1.096777081489563,1.096777081489563,2000,0.0,0.0
1984-01-04 00:00:00-05:00,0.0,1.1481884573885408,1.096777081489563,1.096777081489563,5000,0.0,0.0
1984-01-05 00:00:00-05:00,0.0,1.1567570608964999,1.096777081489563,1.096777081489563,7000,0.0,0.0
1984-01-06 00:00:00-05:00,0.0,1.1567570608964999,1.096777081489563,1.096777081489563,51000,0.0,0.0
1984-01-09 00:00:00-05:00,0.0,1.1567570608964999,1.096777081489563,1.096777081489563,70000,0.0,0.0
1984-01-10 00:00:00-05:00,0.0,1.1567570608964999,1.096777081489563,1.096777081489563,161000,0.0,0.0
1984-01-11 00:00:00-05:00,0.0,1.1567570608964999,1.096777081489563,1.096777081489563,114000,0.0,0.0
1984-01-12 00:00:00-05:00,0.0,1.1481884573885408,1.096777081489563,1.096777081489563,38000,0.0,0.0
1984-01-13 00:00:00-05:00,0.0,1.1481884573885408,1.096777081489563,1.096777081489563,127000,0.0,0.0
1984-01-16 00:00:00-05:00,1.096777081489563,1.096777081489563,1.096777081489563,1.096777081489563,0,0.0,0.0
1984-01-17 00:00:00-05:00,0.0,1.1481884573885408,1.096777081489563,1.096777081489563,1000,0.0,0.0
1984-01-18 00:00:00-05:00,1.096777081489563,1.096777081489563,1.096777081489563,1.096777081489563,0,0.0,0.0
1984-01-19 00:00:00-05:00,1.096777081489563,1.096777081489563,1.096777081489563,1.096777081489563,0,0.0,0.0
1984-01-20 00:00:00-05:00,0.0,1.1481884573885408,1.096777081489563,1.096777081489563,4000,0.0,0.0
1984-01-23 00:00:00-05:00,0.0,1.1310516193989315,1.0710716247558594,1.0710716247558594,8000,0.0,0.0
1984-01-24 00:00:00-05:00,0.0,1.1139144490277213,1.0625029802322388,1.0625029802322388,4000,0.0,0.0
1984-01-25 00:00:00-05:00,1.0625029802322388,1.0625029802322388,1.0625029802322388,1.0625029802322388,0,0.0,0.0
1984-01-26 00:00:00-05:00,0.0,1.1139144490277213,1.0625029802322388,1.0625029802322388,3000,0.0,0.0
1984-01-27 00:00:00-05:00,0.0,1.0967777415629882,1.0282291173934937,1.0282291173934937,3000,0.0,0.0
1984-01-30 00:00:00-05:00,1.0282291173934937,1.0282291173934937,1.0282291173934937,1.0282291173934937,0,0.0,0.0
1984-01-31 00:00:00-05:00,0.0,1.0967777415629882,1.0282291173934937,1.0282291173934937,2000,0.0,0.0
1984-02-01 00:00:00-05:00,0.0,1.0967777415629882,1.0282291173934937,1.0282291173934937,2000,0.0,0.0
1984-02-02 00:00:00-05:00,0.0,1.0967777415629882,1.0282291173934937,1.0282291173934937,7000,0.0,0.0
1984-02-03 00:00:00-05:00,0.0,1.0967777415629882,1.0282291173934937,1.0282291173934937,4000,0.0,0.0
1984-02-06 00:00:00-05:00,0.0,1.0967777415629882,1.0282291173934937,1.0282291173934937,4000,0.0,0.0
1984-02-07 00:00:00-05:00,0.0,1.0967777415629882,1.0282291173934937,1.0282291173934937,3000,0.0,0.0
1984-02-08 00:00:00-05:00,1.0282291173934937,1.0282291173934937,1.0282291173934937,1.0282291173934937,0,0.0,0.0
1984-02-09 00:00:00-05:00,0.0,1.0967777415629882,1.0282291173934937,1.0282291173934937,8000,0.0,0.0
1984-02-10 00:00:00-05:00,0.0,1.0967779630614818,1.011092185974121,1.011092185974121,516000,0.0,0.0
1984-02-13 00:00:00-05:00,0.0,1.1139148771762848,1.0282291173934937,1.0282291173934937,3000,0.0,0.0
1984-02-14 00:00:00-05:00,1.0282291173934937,1.0282291173934937,1.0282291173934937,1.0282291173934937,0,0.0,0.0
1984-02-15 00:00:00-05:00,0.0,1.1139148771762848,1.0282291173934937,1.0282291173934937,1000,0.0,0.0
1984-02-16 00:00:00-05:00,1.0282291173934937,1.0282291173934937,1.0282291173934937,1.0282291173934937,0,0.0,0.0
1984-02-17 00:00:00-05:00,0.0,1.1139148771762848,1.0282291173934937,1.0282291173934937,2000,0.0,0.0
1984-02-21 00:00:00-05:00,0.0,1.1139148771762848,1.0282291173934937,1.0282291173934937,3000,0.0,0.0
1984-02-22 00:00:00-05:00,0.0,1.1139148771762848,1.0282291173934937,1.0282291173934937,35000,0.0,0.0
1984-02-23 00:00:00-05:00,0.0,1.1139148771762848,1.0282291173934937,1.0282291173934937,40000,0.0,0.0
1984-02-24 00:00:00-05:00,0.0,1.1139148771762848,1.0282291173934937,1.0282291173934937,2000,0.0,0.0
1984-02-27 00:00:00-05:00,0.0,1.1139148771762848,1.0282291173934937,1.0282291173934937,30000,0.0,0.0
1984-02-28 00:00:00-05:00,1.0282291173934937,1.0282291173934937,1.0282291173934937,1.0282291173934937,0,0.0,0.0
1984-02-29 00:00:00-05:00,0.0,1.1139148771762848,1.0282291173934937,1.0282291173934937,30000,0.0,0.0
1984-03-01 00:00:00-05:00,0.0,1.1053462685114823,1.0282291173934937,1.0282291173934937,70000,0.0,0.0
1984-03-02 00:00:00-05:00,0.0,1.0967777029921568,1.019660472869873,1.019660472869873,32000,0.0,0.0
1984-03-05 00:00:00-05:00,1.019660472869873,1.019660472869873,1.019660472869873,1.019660472869873,0,0.0,0.0
1984-03-06 00:00:00-05:00,0.0,1.1053462296393182,1.019660472869873,1.019660472869873,2000,0.0,0.0
1984-03-07 00:00:00-05:00,1.019660472869873,1.019660472869873,1.019660472869873,1.019660472869873,0,0.0,0.0
1984-03-08 00:00:00-05:00,0.0,1.0796397601997334,1.002522587776184,1.002522587776184,9000,0.0,0.0
1984-03-09 00:00:00-05:00,0.0,1.0796397601997334,1.002522587776184,1.002522587776184,41000,0.0,0.0
1984-03-12 00:00:00-05:00,0.0,1.0796397601997334,1.002522587776184,1.002522587776184,1000,0.0,0.0
1984-03-13 00:00:00-05:00,1.002522587776184,1.002522587776184,1.002522587776184,1.002522587776184,0,0.0,0.0
1984-03-14 00:00:00-05:00,0.0,1.0796397601997334,1.002522587776184,1.002522587776184,2000,0.0,0.0
1984-03-15 00:00:00-05:00,1.002522587776184,1.002522587776184,1.002522587776184,1.002522587776184,0,0.0,0.0
1984-03-16 00:00:00-05:00,0.0,1.0796397601997334,1.002522587776184,1.002522587776184,6000,0.0,0.0
1984-03-19 00:00:00-05:00,0.0,1.0539349676799383,0.9768177270889282,0.9768177270889282,11000,0.0,0.0
1984-03-20 00:00:00-05:00,0.0,1.0539349676799383,0.9768177270889282,0.9768177270889282,2000,0.0,0.0
1984-03-21 00:00:00-05:00,0.0,1.0539349676799383,0.9768177270889282,0.9768177270889282,5000,0.0,0.0
1984-03-22 00:00:00-05:00,0.9768177270889282,0.9768177270889282,0.9768177270889282,0.9768177270889282,0,0.0,0.0
1984-03-23 00:00:00-05:00,0.9768177270889282,0.9768177270889282,0.9768177270889282,0.9768177270889282,0,0.0,0.0
1984-03-26 00:00:00-05:00,0.9768177270889282,0.9768177270889282,0.9768177270889282,0.9768177270889282,0,0.0,0.0
1984-03-27 00:00:00-05:00,0.0,1.0453663581532762,0.9768177270889282,0.9768177270889282,5000,0.0,0.0
1984-03-28 00:00:00-05:00,0.9768177270889282,0.9768177270889282,0.9768177270889282,0.9768177270889282,0,0.0,0.0
1984-03-29 00:00:00-05:00,0.9768177270889282,0.9768177270889282,0.9768177270889282,0.9768177270889282,0,0.0,0.0
1984-03-30 00:00:00-05:00,0.0,1.0453662437046425,0.9939548373222352,0.9939548373222351,43000,0.0,0.0
1984-04-02 00:00:00-05:00,0.0,1.0453662437046425,0.9939548373222352,0.9939548373222351,12000,0.0,0.0
1984-04-03 00:00:00-05:00,0.9939548373222352,0.9939548373222352,0.9939548373222352,0.9939548373222351,0,0.0,0.0
1984-04-04 00:00:00-05:00,0.9939548373222352,0.9939548373222352,0.9939548373222352,0.9939548373222351,0,0.0,0.0
1984-04-05 00:00:00-05:00,0.0,1.0282292208162684,0.9768177270889282,0.9768177270889282,5000,0.0,0.0
1984-04-06 00:00:00-05:00,0.9768177270889282,0.9768177270889282,0.9768177270889282,0.9768177270889282,0,0.0,0.0
1984-04-09 00:00:00-05:00,0.0,1.0282291082438402,0.9939548373222352,0.9939548373222351,10000,0.0,0.0
1984-04-10 00:00:00-05:00,0.9939548373222352,0.9939548373222352,0.9939548373222352,0.9939548373222351,0,0.0,0.0
1984-04-11 00:00:00-05:00,0.0,1.0282291082438402,0.9939548373222352,0.9939548373222351,10000,0.0,0.0
1984-04-12 00:00:00-05:00,0.9939548373222352,0.9939548373222352,0.9939548373222352,0.9939548373222351,0,0.0,0.0
1984-04-13 00:00:00-05:00,0.0,1.0453654341060745,1.002522587776184,1.002522587776184,2000,0.0,0.0
1984-04-16 00:00:00-05:00,1.002522587776184,1.002522587776184,1.002522587776184,1.002522587776184,0,0.0,0.0
1984-04-17 00:00:00-05:00,0.0,1.0453654341060745,1.002522587776184,1.002522587776184,7000,0.0,0.0
1984-04-18 00:00:00-05:00,0.0,1.0453654341060745,1.002522587776184,1.002522587776184,7000,0.0,0.0
1984-04-19 00:00:00-05:00,0.0,1.0453654341060745,1.002522587776184,1.002522587776184,0,0.0,0.0
1984-04-23 00:00:00-05:00,0.0,1.0453654341060745,1.002522587776184,1.002522587776184,15000,0.0,0.0
1984-04-24 00:00:00-05:00,0.0,1.0453654341060745,1.002522587776184,1.002522587776184,2000,0.0,0.0
1984-04-25 00:00:00-05:00,0.0,1.0453654341060745,1.002522587776184,1.002522587776184,5000,0.0,0.0
1984-04-26 00:00:00-05:00,1.002522587776184,1.002522587776184,1.002522587776184,1.002522587776184,0,0.0,0.0
1984-04-27 00:00:00-05:00,0.0,1.0453654341060745,1.002522587776184,1.002522587776184,11000,0.0,0.0
1984-04-30 00:00:00-04:00,0.0,1.0796406059496917,1.0282291173934937,1.0282291173934937,27000,0.0,0.0
1984-05-01 00:00:00-04:00,0.0,1.0796400257074859,1.0453656911849976,1.0453656911849976,1000,0.0,0.0
1984-05-02 00:00:00-04:00,0.0,1.0796400257074859,1.0453656911849976,1.0453656911849976,20000,0.0,0.0
1984-05-03 00:00:00-04:00,0.0,1.1310517849733874,1.0796403884887695,1.0796403884887695,46000,0.0,0.0
1984-05-04 00:00:00-04:00,0.0,1.1310517849733874,1.0796403884887695,1.0796403884887695,5000,0.0,0.0
1984-05-07 00:00:00-04:00,0.0,1.1310517849733874,1.0796403884887695,1.0796403884887695,3000,0.0,0.0
1984-05-08 00:00:00-04:00,0.0,1.1139142785137095,1.0453656911849976,1.0453656911849976,1000,0.0,0.0
1984-05-09 00:00:00-04:00,1.0453656911849976,1.0453656911849976,1.0453656911849976,1.0453656911849976,0,0.0,0.0
1984-05-10 00:00:00-04:00,0.0,1.1139148771762848,1.0282291173934937,1.0282291173934937,1000,0.0,0.0
1984-05-11 00:00:00-04:00,0.0,1.1139148771762848,1.0282291173934937,1.0282291173934937,60000,0.0,0.0
1984-05-14 00:00:00-04:00,1.0282291173934937,1.0282291173934937,1.0282291173934937,1.0282291173934937,0,0.0,0.0
1984-05-15 00:00:00-04:00,0.0,1.1139148771762848,1.0282291173934937,1.0282291173934937,1000,0.0,0.0
1984-05-16 00:00:00-04:00,0.0,1.1139148771762848,1.0282291173934937,1.0282291173934937,1000,0.0,0.0
1984-05-17 00:00:00-04:00,1.0282291173934937,1.0282291173934937,1.0282291173934937,1.0282291173934937,0,0.0,0.0
1984-05-18 00:00:00-04:00,0.0,1.1139148771762848,1.0282291173934937,1.0282291173934937,5000,0.0,0.0
1984-05-21 00:00:00-04:00,0.0,1.0796408239872748,1.011092185974121,1.011092185974121,3000,0.0,0.0
1984-05-22 00:00:00-04:00,0.0,1.0453663581532762,0.9768177270889282,0.9768177270889282,19000,0.0,0.0
1984-05-23 00:00:00-04:00,0.9768177270889282,0.9768177270889282,0.9768177270889282,0.9768177270889282,0,0.0,0.0
1984-05-24 00:00:00-04:00,0.0,1.0453663581532762,0.9768177270889282,0.9768177270889282,1000,0.0,0.0
1984-05-25 00:00:00-04:00,0.0,1.0453663320477309,0.985386312007904,0.985386312007904,10000,0.0,0.0
1984-05-29 00:00:00-04:00,0.985386312007904,0.985386312007904,0.985386312007904,0.985386312007904,0,0.0,0.0
1984-05-30 00:00:00-04:00,0.0,1.0453663581532762,0.9768177270889282,0.9768177270889282,0,0.0,0.0
1984-05-31 00:00:00-04:00,0.0,1.0453663581532762,0.9768177270889282,0.9768177270889282,2000,0.0,0.0
1984-06-01 00:00:00-04:00,0.0,1.0453663581532762,0.9768177270889282,0.9768177270889282,1000,0.0,0.0
1984-06-04 00:00:00-04:00,0.0,1.062503379165445,0.9939548373222352,0.9939548373222351,3000,0.0,0.0
1984-06-05 00:00:00-04:00,0.9939548373222352,0.9939548373222352,0.9939548373222352,0.9939548373222351,0,0.0,0.0
1984-06-06 00:00:00-04:00,0.9939548373222352,0.9939548373222352,0.9939548373222352,0.9939548373222351,0,0.0,0.0
1984-06-07 00:00:00-04:00,0.0,1.0453662437046425,0.9939548373222352,0.9939548373222351,1000,0.0,0.0
1984-06-08 00:00:00-04:00,0.0,1.0025233641944826,0.9939548373222352,0.9939548373222351,45000,0.0,0.0
1984-06-11 00:00:00-04:00,0.0,1.0025233641944826,0.9939548373222352,0.9939548373222351,1000,0.0,0.0
1984-06-12 00:00:00-04:00,0.0,1.0453662437046425,0.9939548373222352,0.9939548373222351,16000,0.0,0.0
1984-06-13 00:00:00-04:00,0.0,1.0453662437046425,0.9939548373222352,0.9939548373222351,10000,0.0,0.0
1984-06-14 00:00:00-04:00,0.0,1.0453662437046425,0.9939548373222352,0.9939548373222351,3000,0.0,0.0
1984-06-15 00:00:00-04:00,0.9939548373222352,0.9939548373222352,0.9939548373222352,0.9939548373222351,0,0.0,0.0
1984-06-18 00:00:00-04:00,0.0,1.0282292208162684,0.9768177270889282,0.9768177270889282,14000,0.0,0.0
1984-06-19 00:00:00-04:00,0.9768177270889282,0.9768177270889282,0.9768177270889282,0.9768177270889282,0,0.0,0.0
1984-06-20 00:00:00-04:00,0.0,1.0282291601699365,0.9682491421699524,0.9682491421699524,25000,0.0,0.0
1984-06-21 00:00:00-04:00,0.9682491421699524,0.9682491421699524,0.9682491421699524,0.9682491421699524,0,0.0,0.0
1984-06-22 00:00:00-04:00,0.0,1.0282291601699365,0.9682491421699524,0.9682491421699524,9000,0.0,0.0
1984-06-25 00:00:00-04:00,0.9682491421699524,0.9682491421699524,0.9682491421699524,0.9682491421699524,0,0.0,0.0
1984-06-26 00:00:00-04:00,0.9682491421699524,0.9682491421699524,0.9682491421699524,0.9682491421699524,0,0.0,0.0
1984-06-27 00:00:00-04:00,0.0,1.0110920238436998,0.9682491421699524,0.9682491421699524,13000,0.0,0.0
1984-06-28 00:00:00-04:00,0.0,1.0110921120349463,0.9596806168556213,0.9596806168556213,41000,0.0,0.0
1984-06-29 00:00:00-04:00,0.0,1.0110925678925469,0.9639653563499451,0.9639653563499451,11000,0.0,0.0
1984-07-02 00:00:00-04:00,0.0,1.0282291601699365,0.9682491421699524,0.9682491421699524,6000,0.0,0.0
1984-07-03 00:00:00-04:00,0.0,1.0282292208162684,0.9768177270889282,0.9768177270889282,2000,0.0,0.0
1984-07-05 00:00:00-04:00,0.0,1.0282292208162684,0.9768177270889282,0.9768177270889282,1000,0.0,0.0
1984-07-06 00:00:00-04:00,0.0,1.0282292208162684,0.9768177270889282,0.9768177270889282,1000,0.0,0.0
1984-07-09 00:00:00-04:00,0.0,1.0282292208162684,0.9768177270889282,0.9768177270889282,3000,0.0,0.0
1984-07-10 00:00:00-04:00,0.0,1.0453663581532762,0.9768177270889282,0.9768177270889282,0,0.0,0.0
1984-07-11 00:00:00-04:00,0.9768177270889282,0.9768177270889282,0.9768177270889282,0.9768177270889282,0,0.0,0.0
1984-07-12 00:00:00-04:00,0.0,1.0453663320477309,0.985386312007904,0.985386312007904,60000,0.0,0.0
1984-07-13 00:00:00-04:00,0.0,1.062503379165445,0.9939548373222352,0.9939548373222351,15000,0.0,0.0
1984-07-16 00:00:00-04:00,0.0,1.0796408239872748,1.011092185974121,1.011092185974121,6000,0.0,0.0
1984-07-17 00:00:00-04:00,0.0,1.131051578054123,1.0625029802322388,1.0625029802322388,12000,0.0,0.0
1984-07-18 00:00:00-04:00,0.0,1.1481889171349267,1.0796403884887695,1.0796403884887695,12000,0.0,0.0
1984-07-19 00:00:00-04:00,0.0,1.1481889171349267,1.0796403884887695,1.0796403884887695,1000,0.0,0.0
1984-07-20 00:00:00-04:00,0.0,1.0967771521105976,1.0453656911849976,1.0453656911849976,8000,0.0,0.0
1984-07-23 00:00:00-04:00,0.0,1.0796400257074859,1.0453656911849976,1.0453656911849976,7000,0.0,0.0
1984-07-24 00:00:00-04:00,0.0,1.0796400257074859,1.0453656911849976,1.0453656911849976,1000,0.0,0.0
1984-07-25 00:00:00-04:00,0.0,1.0796406059496917,1.0282291173934937,1.0282291173934937,3000,0.0,0.0
1984-07-26 00:00:00-04:00,0.0,1.0796406059496917,1.0282291173934937,1.0282291173934937,2000,0.0,0.0
1984-07-27 00:00:00-04:00,0.0,1.0625033886200868,1.0282291173934937,1.0282291173934937,1000,0.0,0.0
1984-07-30 00:00:00-04:00,1.0282291173934937,1.0282291173934937,1.0282291173934937,1.0282291173934937,0,0.0,0.0
1984-07-31 00:00:00-04:00,0.0,1.0625033886200868,1.0282291173934937,1.0282291173934937,4000,0.0,0.0
1984-08-01 00:00:00-04:00,0.0,1.0625033886200868,1.0282291173934937,1.0282291173934937,5000,0.0,0.0
1984-08-02 00:00:00-04:00,0.0,1.0967777415629882,1.0282291173934937,1.0282291173934937,5000,0.0,0.0
1984-08-03 00:00:00-04:00,0.0,1.0967777415629882,1.0282291173934937,1.0282291173934937,3000,0.0,0.0
1984-08-06 00:00:00-04:00,0.0,1.1139148771762848,1.0282291173934937,1.0282291173934937,2000,0.0,0.0
1984-08-07 00:00:00-04:00,0.0,1.0796406059496917,1.0282291173934937,1.0282291173934937,15000,0.0,0.0
1984-08-08 00:00:00-04:00,0.0,1.0967777415629882,1.0282291173934937,1.0282291173934937,15000,0.0,0.0
1984-08-09 00:00:00-04:00,1.0282291173934937,1.0282291173934937,1.0282291173934937,1.0282291173934937,0,0.0,0.0
1984-08-10 00:00:00-04:00,0.0,1.0967776533905902,1.0367976427078247,1.0367976427078247,9000,0.0,0.0
1984-08-13 00:00:00-04:00,0.0,1.1139146528118482,1.0796403884887695,1.0796403884887695,39000,0.0,0.0
1984-08-14 00:00:00-04:00,0.0,1.1653262965083309,1.1053462028503418,1.1053462028503418,11000,0.0,0.0
1984-08-15 00:00:00-04:00,0.0,1.1653262965083309,1.1053462028503418,1.1053462028503418,2000,0.0,0.0
1984-08-16 00:00:00-04:00,0.0,1.1481890801967318,1.1053462028503418,1.1053462028503418,5000,0.0,0.0
1984-08-17 00:00:00-04:00,0.0,1.1653258357096268,1.1139143705368042,1.1139143705368042,24000,0.0,0.0
1984-08-20 00:00:00-04:00,0.0,1.1824626335738475,1.1310511827468872,1.1310511827468872,0,0.0,0.0
1984-08-21 00:00:00-04:00,0.0,1.1824626335738475,1.1310511827468872,1.1310511827468872,3000,0.0,0.0
1984-08-22 00:00:00-04:00,1.1310511827468872,1.1310511827468872,1.1310511827468872,1.1310511827468872,0,0.0,0.0
1984-08-23 00:00:00-04:00,0.0,1.1824626335738475,1.1310511827468872,1.1310511827468872,4000,0.0,0.0
1984-08-24 00:00:00-04:00,1.1310511827468872,1.1310511827468872,1.1310511827468872,1.1310511827468872,0,0.0,0.0
1984-08-27 00:00:00-04:00,0.0,1.1824626335738475,1.1310511827468872,1.1310511827468872,4000,0.0,0.0
1984-08-28 00:00:00-04:00,0.0,1.1824628009962088,1.1396199464797974,1.1396199464797974,1000,0.0,0.0
1984-08-29 00:00:00-04:00,0.0,1.1824628009962088,1.1396199464797974,1.1396199464797974,2000,0.0,0.0
1984-08-30 00:00:00-04:00,0.0,1.1824628009962088,1.1396199464797974,1.1396199464797974,26000,0.0,0.0
1984-08-31 00:00:00-04:00,1.1396199464797974,1.1396199464797974,1.1396199464797974,1.1396199464797974,0,0.0,0.0
1984-09-04 00:00:00-04:00,0.0,1.216737560874116,1.1481889486312866,1.1481889486312866,1000,0.0,0.0
1984-09-05 00:00:00-04:00,1.1481889486312866,1.1481889486312866,1.1481889486312866,1.1481889486312866,0,0.0,0.0
1984-09-06 00:00:00-04:00,0.0,1.1996004282424821,1.1481889486312866,1.1481889486312866,16000,0.0,0.0
1984-09-07 00:00:00-04:00,0.0,1.1996004282424821,1.1481889486312866,1.1481889486312866,4000,0.0,0.0
1984-09-10 00:00:00-04:00,0.0,1.1996004282424821,1.1481889486312866,1.1481889486312866,10000,0.0,0.0
1984-09-11 00:00:00-04:00,1.1481889486312866,1.1481889486312866,1.1481889486312866,1.1481889486312866,0,0.0,0.0
1984-09-12 00:00:00-04:00,0.0,1.1996004669754594,1.1567575931549072,1.1567575931549072,24000,0.0,0.0
1984-09-13 00:00:00-04:00,1.1567575931549072,1.1567575931549072,1.1567575931549072,1.1567575931549072,0,0.0,0.0
1984-09-14 00:00:00-04:00,0.0,1.1996004669754594,1.1567575931549072,1.1567575931549072,6000,0.0,0.0
1984-09-17 00:00:00-04:00,0.0,1.1996004669754594,1.1567575931549072,1.1567575931549072,3000,0.0,0.0
1984-09-18 00:00:00-04:00,1.1567575931549072,1.1567575931549072,1.1567575931549072,1.1567575931549072,0,0.0,0.0
1984-09-19 00:00:00-04:00,0.0,1.1996004669754594,1.1567575931549072,1.1567575931549072,1000,0.0,0.0
1984-09-20 00:00:00-04:00,0.0,1.2167378878060193,1.165326476097107,1.165326476097107,4000,0.0,0.0
1984-09-21 00:00:00-04:00,0.0,1.2167378878060193,1.165326476097107,1.165326476097107,4000,0.0,0.0
1984-09-24 00:00:00-04:00,0.0,1.2167378878060193,1.165326476097107,1.165326476097107,1000,0.0,0.0
1984-09-25 00:00:00-04:00,0.0,1.2167378878060193,1.165326476097107,1.165326476097107,1000,0.0,0.0
1984-09-26 00:00:00-04:00,0.0,1.2167378878060193,1.165326476097107,1.165326476097107,2000,0.0,0.0
1984-09-27 00:00:00-04:00,0.0,1.2167378878060193,1.165326476097107,1.165326476097107,4000,0.0,0.0
1984-09-28 00:00:00-04:00,0.0,1.2167378878060193,1.165326476097107,1.165326476097107,7000,0.0,0.0
1984-10-01 00:00:00-04:00,0.0,1.2167375145911177,1.1738946437835693,1.1738946437835693,6000,0.0,0.0
1984-10-02 00:00:00-04:00,0.0,1.2167375145911177,1.1738946437835693,1.1738946437835693,1000,0.0,0.0
1984-10-03 00:00:00-04:00,0.0,1.1996003826113566,1.1738946437835693,1.1738946437835693,55000,0.0,0.0
1984-10-04 00:00:00-04:00,1.1738946437835693,1.1738946437835693,1.1738946437835693,1.1738946437835693,0,0.0,0.0
1984-10-05 00:00:00-04:00,0.0,1.199599937085139,1.1824628114700317,1.1824628114700317,2000,0.0,0.0
1984-10-08 00:00:00-04:00,0.0,1.2167370627002458,1.1824628114700317,1.1824628114700317,40000,0.0,0.0
1984-10-09 00:00:00-04:00,0.0,1.2081685407508227,1.1824628114700317,1.1824628114700317,6000,0.0,0.0
1984-10-10 00:00:00-04:00,1.1824628114700317,1.1824628114700317,1.1824628114700317,1.1824628114700317,0,0.0,0.0
1984-10-11 00:00:00-04:00,0.0,1.2167381621771602,1.1910324096679688,1.1910324096679688,8000,0.0,0.0
1984-10-12 00:00:00-04:00,0.0,1.233875303277843,1.1910324096679688,1.1910324096679688,9000,0.0,0.0
1984-10-15 00:00:00-04:00,0.0,1.268148860821435,1.208168864250183,1.208168864250183,6000,0.0,0.0
1984-10-16 00:00:00-04:00,0.0,1.268148737690966,1.2167372703552246,1.2167372703552246,6000,0.0,0.0
1984-10-17 00:00:00-04:00,0.0,1.268148737690966,1.2167372703552246,1.2167372703552246,21000,0.0,0.0
1984-10-18 00:00:00-04:00,1.2167372703552246,1.2167372703552246,1.2167372703552246,1.2167372703552246,0,0.0,0.0
1984-10-19 00:00:00-04:00,0.0,1.2595801325629175,1.2167372703552246,1.2167372703552246,24000,0.0,0.0
1984-10-22 00:00:00-04:00,0.0,1.2595801325629175,1.2167372703552246,1.2167372703552246,0,0.0,0.0
1984-10-23 00:00:00-04:00,0.0,1.2595801325629175,1.2167372703552246,1.2167372703552246,2000,0.0,0.0
1984-10-24 00:00:00-04:00,1.2167372703552246,1.2167372703552246,1.2167372703552246,1.2167372703552246,0,0.0,0.0
1984-10-25 00:00:00-04:00,0.0,1.2595801325629175,1.2167372703552246,1.2167372703552246,10000,0.0,0.0
1984-10-26 00:00:00-04:00,0.0,1.2595801325629175,1.2167372703552246,1.2167372703552246,5000,0.0,0.0
1984-10-29 00:00:00-05:00,0.0,1.2424437020506178,1.1996008157730103,1.1996008157730103,3000,0.0,0.0
1984-10-30 00:00:00-05:00,0.0,1.2424437020506178,1.1996008157730103,1.1996008157730103,1000,0.0,0.0
1984-10-31 00:00:00-05:00,1.1996008157730103,1.1996008157730103,1.1996008157730103,1.1996008157730103,0,0.0,0.0
1984-11-01 00:00:00-05:00,0.0,1.2253065638828389,1.1996008157730103,1.1996008157730103,10000,0.0,0.0
1984-11-02 00:00:00-05:00,0.0,1.2167381621771602,1.1910324096679688,1.1910324096679688,1000,0.0,0.0
1984-11-05 00:00:00-05:00,0.0,1.216737560874116,1.1481889486312866,1.1481889486312866,15000,0.0,0.0
1984-11-06 00:00:00-05:00,0.0,1.1996004669754594,1.1567575931549072,1.1567575931549072,15000,0.0,0.0
1984-11-07 00:00:00-05:00,0.0,1.1996004669754594,1.1567575931549072,1.1567575931549072,10000,0.0,0.0
1984-11-08 00:00:00-05:00,1.1567575931549072,1.1567575931549072,1.1567575931549072,1.1567575931549072,0,0.0,0.0
1984-11-09 00:00:00-05:00,0.0,1.1996004669754594,1.1567575931549072,1.1567575931549072,1000,0.0,0.0
1984-11-12 00:00:00-05:00,0.0,1.1996004669754594,1.1567575931549072,1.1567575931549072,3000,0.0,0.0
1984-11-13 00:00:00-05:00,0.0,1.1996004669754594,1.1567575931549072,1.1567575931549072,1000,0.0,0.0
1984-11-14 00:00:00-05:00,0.0,1.1996004669754594,1.1567575931549072,1.1567575931549072,2000,0.0,0.0
1984-11-15 00:00:00-05:00,1.1567575931549072,1.1567575931549072,1.1567575931549072,1.1567575931549072,0,0.0,0.0
1984-11-16 00:00:00-05:00,0.0,1.1996004669754594,1.1567575931549072,1.1567575931549072,5000,0.0,0.0
1984-11-19 00:00:00-05:00,0.0,1.1996004669754594,1.1567575931549072,1.1567575931549072,7000,0.0,0.0
1984-11-20 00:00:00-05:00,0.0,1.1996004669754594,1.1567575931549072,1.1567575931549072,2000,0.0,0.0
1984-11-21 00:00:00-05:00,0.0,1.1996004669754594,1.1567575931549072,1.1567575931549072,0,0.0,0.0
1984-11-23 00:00:00-05:00,0.0,1.1996004669754594,1.1567575931549072,1.1567575931549072,4000,0.0,0.0
1984-11-26 00:00:00-05:00,0.0,1.1996004669754594,1.1567575931549072,1.1567575931549072,10000,0.0,0.0
1984-11-27 00:00:00-05:00,0.0,1.1910318595248304,1.1567575931549072,1.1567575931549072,21000,0.0,0.0
1984-11-28 00:00:00-05:00,1.1567575931549072,1.1567575931549072,1.1567575931549072,1.1567575931549072,0,0.0,0.0
1984-11-29 00:00:00-05:00,1.1567575931549072,1.1567575931549072,1.1567575931549072,1.1567575931549072,0,0.0,0.0
1984-11-30 00:00:00-05:00,0.0,1.191032141093405,1.165326476097107,1.165326476097107,2000,0.0,0.0
1984-12-03 00:00:00-05:00,0.0,1.191032141093405,1.165326476097107,1.165326476097107,13000,0.0,0.0
1984-12-04 00:00:00-05:00,0.0,1.1996007505697153,1.165326476097107,1.165326476097107,5000,0.0,0.0
1984-12-05 00:00:00-05:00,0.0,1.1996007505697153,1.165326476097107,1.165326476097107,1000,0.0,0.0
1984-12-06 00:00:00-05:00,0.0,1.1996007505697153,1.165326476097107,1.165326476097107,1000,0.0,0.0
1984-12-07 00:00:00-05:00,1.165326476097107,1.165326476097107,1.165326476097107,1.165326476097107,0,0.0,0.0
1984-12-10 00:00:00-05:00,0.0,1.1996007505697153,1.165326476097107,1.165326476097107,1000,0.0,0.0
1984-12-11 00:00:00-05:00,0.0,1.1996007505697153,1.165326476097107,1.165326476097107,2000,0.0,0.0
1984-12-12 00:00:00-05:00,1.165326476097107,1.165326476097107,1.165326476097107,1.165326476097107,0,0.0,0.0
1984-12-13 00:00:00-05:00,1.165326476097107,1.165326476097107,1.165326476097107,1.165326476097107,0,0.0,0.0
1984-12-14 00:00:00-05:00,1.165326476097107,1.165326476097107,1.165326476097107,1.165326476097107,0,0.0,0.0
1984-12-17 00:00:00-05:00,0.0,1.1996007505697153,1.165326476097107,1.165326476097107,7000,0.0,0.0
1984-12-18 00:00:00-05:00,0.0,1.1996007505697153,1.165326476097107,1.165326476097107,0,0.0,0.0
1984-12-19 00:00:00-05:00,0.0,1.1996007505697153,1.165326476097107,1.165326476097107,5000,0.0,0.0
1984-12-20 00:00:00-05:00,0.0,1.1996007505697153,1.165326476097107,1.165326476097107,3000,0.0,0.0
1984-12-21 00:00:00-05:00,0.0,1.1996007505697153,1.165326476097107,1.165326476097107,9000,0.0,0.0
1984-12-24 00:00:00-05:00,0.0,1.1996007505697153,1.165326476097107,1.165326476097107,0,0.0,0.0
1984-12-26 00:00:00-05:00,0.0,1.1996007505697153,1.165326476097107,1.165326476097107,1000,0.0,0.0
1984-12-27 00:00:00-05:00,0.0,1.1996007505697153,1.165326476097107,1.165326476097107,23000,0.0,0.0
1984-12-28 00:00:00-05:00,0.0,1.1996007505697153,1.165326476097107,1.165326476097107,4000,0.0,0.0
1984-12-31 00:00:00-05:00,0.0,1.1996007505697153,1.165326476097107,1.165326476097107,26000,0.0,0.0
1985-01-02 00:00:00-05:00,0.0,1.1996007505697153,1.165326476097107,1.165326476097107,14000,0.0,0.0
1985-01-03 00:00:00-05:00,0.0,1.1996007505697153,1.165326476097107,1.165326476097107,2000,0.0,0.0
1985-01-04 00:00:00-05:00,0.0,1.1996007505697153,1.165326476097107,1.165326476097107,150000,0.0,0.0
1985-01-07 00:00:00-05:00,0.0,1.191032141093405,1.165326476097107,1.165326476097107,5000,0.0,0.0
1985-01-08 00:00:00-05:00,0.0,1.1653258357096268,1.1139143705368042,1.1139143705368042,51000,0.0,0.0
1985-01-09 00:00:00-05:00,0.0,1.1910314865797669,1.1139143705368042,1.1139143705368042,18000,0.0,0.0
1985-01-10 00:00:00-05:00,0.0,1.1910314865797669,1.1139143705368042,1.1139143705368042,7000,0.0,0.0
1985-01-11 00:00:00-05:00,1.1139143705368042,1.1139143705368042,1.1139143705368042,1.1139143705368042,0,0.0,0.0
1985-01-14 00:00:00-05:00,0.0,1.2600025410118438,1.1960893869400024,1.1960893869400024,3000,0.2,0.0
1985-01-15 00:00:00-05:00,0.0,1.2782626264494494,1.205219030380249,1.205219030380249,7000,0.0,0.0
1985-01-16 00:00:00-05:00,0.0,1.2782626264494494,1.205219030380249,1.205219030380249,100000,0.0,0.0
1985-01-17 00:00:00-05:00,0.0,1.2782626264494494,1.205219030380249,1.205219030380249,2000,0.0,0.0
1985-01-18 00:00:00-05:00,0.0,1.2782626264494494,1.205219030380249,1.205219030380249,2000,0.0,0.0
1985-01-21 00:00:00-05:00,1.205219030380249,1.205219030380249,1.205219030380249,1.205219030380249,0,0.0,0.0
1985-01-22 00:00:00-05:00,0.0,1.2691321442877752,1.205219030380249,1.205219030380249,7000,0.0,0.0
1985-01-23 00:00:00-05:00,0.0,1.2600017492008322,1.205219030380249,1.205219030380249,10000,0.0,0.0
1985-01-24 00:00:00-05:00,0.0,1.2600017492008322,1.205219030380249,1.205219030380249,37000,0.0,0.0
1985-01-25 00:00:00-05:00,0.0,1.2600017492008322,1.205219030380249,1.205219030380249,5000,0.0,0.0
1985-01-28 00:00:00-05:00,0.0,1.2691321442877752,1.205219030380249,1.205219030380249,3000,0.0,0.0
1985-01-29 00:00:00-05:00,1.205219030380249,1.205219030380249,1.205219030380249,1.205219030380249,0,0.0,0.0
1985-01-30 00:00:00-05:00,0.0,1.2965240082579592,1.2143499851226807,1.2143499851226807,3000,0.0,0.0
1985-01-31 00:00:00-05:00,0.0,1.2965240082579592,1.2143499851226807,1.2143499851226807,3000,0.0,0.0
1985-02-01 00:00:00-05:00,1.2143499851226807,1.2143499851226807,1.2143499851226807,1.2143499851226807,0,0.0,0.0
1985-02-04 00:00:00-05:00,0.0,1.2873936096177978,1.2143499851226807,1.2143499851226807,1000,0.0,0.0
1985-02-05 00:00:00-05:00,0.0,1.2873936096177978,1.2143499851226807,1.2143499851226807,8000,0.0,0.0
1985-02-06 00:00:00-05:00,0.0,1.2873933167136868,1.2234801054000854,1.2234801054000854,15000,0.0,0.0
1985-02-07 00:00:00-05:00,0.0,1.2873933167136868,1.2234801054000854,1.2234801054000854,1000,0.0,0.0
1985-02-08 00:00:00-05:00,0.0,1.2873933167136868,1.2234801054000854,1.2234801054000854,3000,0.0,0.0
1985-02-11 00:00:00-05:00,1.2234801054000854,1.2234801054000854,1.2234801054000854,1.2234801054000854,0,0.0,0.0
1985-02-12 00:00:00-05:00,1.2234801054000854,1.2234801054000854,1.2234801054000854,1.2234801054000854,0,0.0,0.0
1985-02-13 00:00:00-05:00,0.0,1.2873933167136868,1.2234801054000854,1.2234801054000854,2000,0.0,0.0
1985-02-14 00:00:00-05:00,0.0,1.2873933167136868,1.2234801054000854,1.2234801054000854,2000,0.0,0.0
1985-02-15 00:00:00-05:00,0.0,1.2873936756035227,1.241741418838501,1.241741418838501,17000,0.0,0.0
1985-02-19 00:00:00-05:00,0.0,1.2873936756035227,1.241741418838501,1.241741418838501,2000,0.0,0.0
1985-02-20 00:00:00-05:00,0.0,1.2873936756035227,1.241741418838501,1.241741418838501,1000,0.0,0.0
1985-02-21 00:00:00-05:00,0.0,1.2873936756035227,1.241741418838501,1.241741418838501,3000,0.0,0.0
1985-02-22 00:00:00-05:00,1.241741418838501,1.241741418838501,1.241741418838501,1.241741418838501,0,0.0,0.0
1985-02-25 00:00:00-05:00,0.0,1.2873928978722986,1.2508710622787476,1.2508710622787476,3000,0.0,0.0
1985-02-26 00:00:00-05:00,0.0,1.323914768745384,1.2600016593933105,1.2600016593933105,1000,0.0,0.0
1985-02-27 00:00:00-05:00,0.0,1.323914768745384,1.2600016593933105,1.2600016593933105,0,0.0,0.0
1985-02-28 00:00:00-05:00,1.2600016593933105,1.2600016593933105,1.2600016593933105,1.2600016593933105,0,0.0,0.0
1985-03-01 00:00:00-05:00,0.0,1.3421756446924444,1.2600016593933105,1.2600016593933105,9000,0.0,0.0
1985-03-04 00:00:00-05:00,0.0,1.3421756446924444,1.2600016593933105,1.2600016593933105,12000,0.0,0.0
1985-03-05 00:00:00-05:00,0.0,1.351306126203337,1.2600016593933105,1.2600016593933105,2000,0.0,0.0
1985-03-06 00:00:00-05:00,0.0,1.351306126203337,1.2600016593933105,1.2600016593933105,0,0.0,0.0
1985-03-07 00:00:00-05:00,0.0,1.351306126203337,1.2600016593933105,1.2600016593933105,13000,0.0,0.0
1985-03-08 00:00:00-05:00,0.0,1.351306126203337,1.2600016593933105,1.2600016593933105,6000,0.0,0.0
1985-03-11 00:00:00-05:00,0.0,1.351306126203337,1.2600016593933105,1.2600016593933105,2000,0.0,0.0
1985-03-12 00:00:00-05:00,0.0,1.351306126203337,1.2600016593933105,1.2600016593933105,1000,0.0,0.0
1985-03-13 00:00:00-05:00,1.2600016593933105,1.2600016593933105,1.2600016593933105,1.2600016593933105,0,0.0,0.0
1985-03-14 00:00:00-05:00,0.0,1.351306126203337,1.2600016593933105,1.2600016593933105,1000,0.0,0.0
1985-03-15 00:00:00-05:00,0.0,1.351306126203337,1.2600016593933105,1.2600016593933105,8000,0.0,0.0
1985-03-18 00:00:00-05:00,1.2600016593933105,1.2600016593933105,1.2600016593933105,1.2600016593933105,0,0.0,0.0
1985-03-19 00:00:00-05:00,0.0,1.351306126203337,1.2600016593933105,1.2600016593933105,2000,0.0,0.0
1985-03-20 00:00:00-05:00,0.0,1.351306126203337,1.2600016593933105,1.2600016593933105,5000,0.0,0.0
1985-03-21 00:00:00-05:00,1.2600016593933105,1.2600016593933105,1.2600016593933105,1.2600016593933105,0,0.0,0.0
1985-03-22 00:00:00-05:00,1.2600016593933105,1.2600016593933105,1.2600016593933105,1.2600016593933105,0,0.0,0.0
1985-03-25 00:00:00-05:00,1.2600016593933105,1.2600016593933105,1.2600016593933105,1.2600016593933105,0,0.0,0.0
1985-03-26 00:00:00-05:00,0.0,1.351306126203337,1.2600016593933105,1.2600016593933105,4000,0.0,0.0
1985-03-27 00:00:00-05:00,0.0,1.351306126203337,1.2600016593933105,1.2600016593933105,15000,0.0,0.0
1985-03-28 00:00:00-05:00,1.2600016593933105,1.2600016593933105,1.2600016593933105,1.2600016593933105,0,0.0,0.0
1985-03-29 00:00:00-05:00,0.0,1.351306126203337,1.2600016593933105,1.2600016593933105,10000,0.0,0.0
1985-04-01 00:00:00-05:00,0.0,1.351306126203337,1.2600016593933105,1.2600016593933105,2000,0.0,0.0
1985-04-02 00:00:00-05:00,1.2600016593933105,1.2600016593933105,1.2600016593933105,1.2600016593933105,0,0.0,0.0
1985-04-03 00:00:00-05:00,0.0,1.3330455313630911,1.3056541681289673,1.3056541681289673,3000,0.0,0.0
1985-04-04 00:00:00-05:00,0.0,1.2600016593933105,1.2600016593933105,1.2600016593933105,4000,0.0,0.0
1985-04-08 00:00:00-05:00,1.2600016593933105,1.2600016593933105,1.2600016593933105,1.2600016593933105,0,0.0,0.0
1985-04-09 00:00:00-05:00,1.2600016593933105,1.2600016593933105,1.2600016593933105,1.2600016593933105,0,0.0,0.0
1985-04-10 00:00:00-05:00,1.2600016593933105,1.2600016593933105,1.2600016593933105,1.2600016593933105,0,0.0,0.0
1985-04-11 00:00:00-05:00,1.2600016593933105,1.2600016593933105,1.2600016593933105,1.2600016593933105,0,0.0,0.0
1985-04-12 00:00:00-05:00,1.2600016593933105,1.2600016593933105,1.2600016593933105,1.2600016593933105,0,0.0,0.0
1985-04-15 00:00:00-05:00,1.3375405073165894,1.3375405073165894,1.3375405073165894,1.3375405073165894,0,0.2,0.0
1985-04-16 00:00:00-05:00,1.3375405073165894,1.3375405073165894,1.3375405073165894,1.3375405073165894,0,0.0,0.0
1985-04-17 00:00:00-05:00,1.3375405073165894,1.3375405073165894,1.3375405073165894,1.3375405073165894,0,0.0,0.0
1985-04-18 00:00:00-05:00,1.3375405073165894,1.3375405073165894,1.3375405073165894,1.3375405073165894,0,0.0,0.0
1985-04-19 00:00:00-05:00,0.0,1.3569256067276,1.3375409736895645,1.3569256067276,7000,0.0,0.0
1985-04-22 00:00:00-05:00,0.0,1.4344639778137207,1.4344639778137207,1.4344639778137207,2000,0.0,0.0
1985-04-23 00:00:00-05:00,1.4344639778137207,1.4344639778137207,1.4344639778137207,1.4344639778137207,0,0.0,0.0
1985-04-24 00:00:00-05:00,0.0,1.3569256067276,1.3569256067276,1.3569256067276,1000,0.0,0.0
1985-04-25 00:00:00-05:00,1.3569256067276,1.3569256067276,1.3569256067276,1.3569256067276,0,0.0,0.0
1985-04-26 00:00:00-05:00,1.3569256067276,1.3569256067276,1.3569256067276,1.3569256067276,0,0.0,0.0
1985-04-29 00:00:00-04:00,0.0,1.4344639778137207,1.4344639778137207,1.4344639778137207,4000,0.0,0.0
1985-04-30 00:00:00-04:00,0.0,1.376309871673584,1.3569252438199386,1.376309871673584,28000,0.0,0.0
1985-05-01 00:00:00-04:00,0.0,1.3569256067276,1.3569256067276,1.3569256067276,2000,0.0,0.0
1985-05-02 00:00:00-04:00,1.3569256067276,1.3569256067276,1.3569256067276,1.3569256067276,0,0.0,0.0
1985-05-03 00:00:00-04:00,1.3569256067276,1.3569256067276,1.3569256067276,1.3569256067276,0,0.0,0.0
1985-05-06 00:00:00-04:00,0.0,1.4344642313129645,1.3569256067276,1.3569256067276,3000,0.0,0.0
1985-05-07 00:00:00-04:00,1.3569256067276,1.3569256067276,1.3569256067276,1.3569256067276,0,0.0,0.0
1985-05-08 00:00:00-04:00,0.0,1.3666177988052368,1.3666177988052368,1.3666177988052368,2000,0.0,0.0
1985-05-09 00:00:00-04:00,0.0,1.3569256067276,1.3569256067276,1.3569256067276,2000,0.0,0.0
1985-05-10 00:00:00-04:00,0.0,1.3569256067276,1.3569256067276,1.3569256067276,3000,0.0,0.0
1985-05-13 00:00:00-04:00,1.3569256067276,1.3569256067276,1.3569256067276,1.3569256067276,0,0.0,0.0
1985-05-14 00:00:00-04:00,0.0,1.376309871673584,1.376309871673584,1.376309871673584,8000,0.0,0.0
1985-05-15 00:00:00-04:00,0.0,1.3666177988052368,1.3569254372799533,1.3666177988052368,10000,0.0,0.0
1985-05-16 00:00:00-04:00,0.0,1.3956948728036715,1.3569256067276,1.3569256067276,7000,0.0,0.0
1985-05-17 00:00:00-04:00,1.3569256067276,1.3569256067276,1.3569256067276,1.3569256067276,0,0.0,0.0
1985-05-20 00:00:00-04:00,0.0,1.3569256067276,1.3569256067276,1.3569256067276,1000,0.0,0.0
1985-05-21 00:00:00-04:00,0.0,1.4344639778137207,1.3569253669310213,1.4344639778137207,7000,0.0,0.0
1985-05-22 00:00:00-04:00,1.4344639778137207,1.4344639778137207,1.4344639778137207,1.4344639778137207,0,0.0,0.0
1985-05-23 00:00:00-04:00,1.4344639778137207,1.4344639778137207,1.4344639778137207,1.4344639778137207,0,0.0,0.0
1985-05-24 00:00:00-04:00,0.0,1.3569256067276,1.3569256067276,1.3569256067276,8000,0.0,0.0
1985-05-28 00:00:00-04:00,0.0,1.458695411682129,1.458695411682129,1.458695411682129,1000,0.0,0.0
1985-05-29 00:00:00-04:00,1.458695411682129,1.458695411682129,1.458695411682129,1.458695411682129,0,0.0,0.0
1985-05-30 00:00:00-04:00,1.458695411682129,1.458695411682129,1.458695411682129,1.458695411682129,0,0.0,0.0
1985-05-31 00:00:00-04:00,1.458695411682129,1.458695411682129,1.458695411682129,1.458695411682129,0,0.0,0.0
1985-06-03 00:00:00-04:00,0.0,1.376309871673584,1.376309871673584,1.376309871673584,5000,0.0,0.0
1985-06-04 00:00:00-04:00,0.0,1.4344639778137207,1.4344639778137207,1.4344639778137207,1000,0.0,0.0
1985-06-05 00:00:00-04:00,1.4344639778137207,1.4344639778137207,1.4344639778137207,1.4344639778137207,0,0.0,0.0
1985-06-06 00:00:00-04:00,0.0,1.4538486074260941,1.4344639778137207,1.4344639778137207,4000,0.0,0.0
1985-06-07 00:00:00-04:00,1.4344639778137207,1.4344639778137207,1.4344639778137207,1.4344639778137207,0,0.0,0.0
1985-06-10 00:00:00-04:00,0.0,1.4926178666508414,1.4344639778137207,1.4344639778137207,25000,0.0,0.0
1985-06-11 00:00:00-04:00,1.4344639778137207,1.4344639778137207,1.4344639778137207,1.4344639778137207,0,0.0,0.0
1985-06-12 00:00:00-04:00,0.0,1.4344639778137207,1.4344639778137207,1.4344639778137207,1000,0.0,0.0
1985-06-13 00:00:00-04:00,1.4344639778137207,1.4344639778137207,1.4344639778137207,1.4344639778137207,0,0.0,0.0
1985-06-14 00:00:00-04:00,0.0,1.4344639778137207,1.4344639778137207,1.4344639778137207,2000,0.0,0.0
1985-06-17 00:00:00-04:00,1.4344639778137207,1.4344639778137207,1.4344639778137207,1.4344639778137207,0,0.0,0.0
1985-06-18 00:00:00-04:00,0.0,1.453848958015442,1.453848958015442,1.453848958015442,2000,0.0,0.0
1985-06-19 00:00:00-04:00,1.453848958015442,1.453848958015442,1.453848958015442,1.453848958015442,0,0.0,0.0
1985-06-20 00:00:00-04:00,1.453848958015442,1.453848958015442,1.453848958015442,1.453848958015442,0,0.0,0.0
1985-06-21 00:00:00-04:00,0.0,1.4344639778137207,1.4344639778137207,1.4344639778137207,4000,0.0,0.0
1985-06-24 00:00:00-04:00,1.4344639778137207,1.4344639778137207,1.4344639778137207,1.4344639778137207,0,0.0,0.0
1985-06-25 00:00:00-04:00,1.4344639778137207,1.4344639778137207,1.4344639778137207,1.4344639778137207,0,0.0,0.0
1985-06-26 00:00:00-04:00,1.4344639778137207,1.4344639778137207,1.4344639778137207,1.4344639778137207,0,0.0,0.0
1985-06-27 00:00:00-04:00,0.0,1.4732335923023356,1.453848958015442,1.453848958015442,6000,0.0,0.0
1985-06-28 00:00:00-04:00,0.0,1.473233699798584,1.473233699798584,1.473233699798584,2000,0.0,0.0
1985-07-01 00:00:00-04:00,1.473233699798584,1.473233699798584,1.473233699798584,1.473233699798584,0,0.0,0.0
1985-07-02 00:00:00-04:00,0.0,1.4926177263259888,1.4538484707460397,1.4926177263259888,12000,0.0,0.0
1985-07-03 00:00:00-04:00,0.0,1.5120023488998413,1.5120023488998413,1.5120023488998413,1000,0.0,0.0
1985-07-05 00:00:00-04:00,1.5120023488998413,1.5120023488998413,1.5120023488998413,1.5120023488998413,0,0.0,0.0
1985-07-08 00:00:00-04:00,1.5120023488998413,1.5120023488998413,1.5120023488998413,1.5120023488998413,0,0.0,0.0
1985-07-09 00:00:00-04:00,1.5120023488998413,1.5120023488998413,1.5120023488998413,1.5120023488998413,0,0.0,0.0
1985-07-10 00:00:00-04:00,0.0,1.473233699798584,1.473233699798584,1.473233699798584,1000,0.0,0.0
1985-07-11 00:00:00-04:00,0.0,1.473233699798584,1.473233699798584,1.473233699798584,1000,0.0,0.0
1985-07-12 00:00:00-04:00,1.473233699798584,1.473233699798584,1.473233699798584,1.473233699798584,0,0.0,0.0
1985-07-15 00:00:00-04:00,1.5550795793533325,1.5550795793533325,1.5550795793533325,1.5550795793533325,0,0.2,0.0
1985-07-16 00:00:00-04:00,0.0,1.6164644956588745,1.6164644956588745,1.6164644956588745,3000,0.0,0.0
1985-07-17 00:00:00-04:00,0.0,1.6164644956588745,1.6164644956588745,1.6164644956588745,3000,0.0,0.0
1985-07-18 00:00:00-04:00,0.0,1.5653101205825806,1.5653101205825806,1.5653101205825806,1000,0.0,0.0
1985-07-19 00:00:00-04:00,0.0,1.5653101205825806,1.5653101205825806,1.5653101205825806,2000,0.0,0.0
1985-07-22 00:00:00-04:00,0.0,1.636925926283667,1.5653104365224344,1.5960028171539307,26000,0.0,0.0
1985-07-23 00:00:00-04:00,0.0,1.636925220489502,1.636925220489502,1.636925220489502,2000,0.0,0.0
1985-07-24 00:00:00-04:00,0.0,1.636925926283667,1.5960028171539307,1.5960028171539307,9000,0.0,0.0
1985-07-25 00:00:00-04:00,0.0,1.6573867797851562,1.5960020481011352,1.6573867797851562,24000,0.0,0.0
1985-07-26 00:00:00-04:00,1.6573867797851562,1.6573867797851562,1.6573867797851562,1.6573867797851562,0,0.0,0.0
1985-07-29 00:00:00-04:00,1.6573867797851562,1.6573867797851562,1.6573867797851562,1.6573867797851562,0,0.0,0.0
1985-07-30 00:00:00-04:00,1.6573867797851562,1.6573867797851562,1.6573867797851562,1.6573867797851562,0,0.0,0.0
1985-07-31 00:00:00-04:00,0.0,1.6266943216323853,1.6266943216323853,1.6266943216323853,1000,0.0,0.0
1985-08-01 00:00:00-04:00,1.6266943216323853,1.6266943216323853,1.6266943216323853,1.6266943216323853,0,0.0,0.0
1985-08-02 00:00:00-04:00,0.0,1.6266943216323853,1.6266943216323853,1.6266943216323853,4000,0.0,0.0
1985-08-05 00:00:00-04:00,0.0,1.6573867851419373,1.6266943216323853,1.6266943216323853,26000,0.0,0.0
1985-08-06 00:00:00-04:00,1.6266943216323853,1.6266943216323853,1.6266943216323853,1.6266943216323853,0,0.0,0.0
1985-08-07 00:00:00-04:00,0.0,1.6573867797851562,1.6573867797851562,1.6573867797851562,11000,0.0,0.0
1985-08-08 00:00:00-04:00,1.6573867797851562,1.6573867797851562,1.6573867797851562,1.6573867797851562,0,0.0,0.0
1985-08-09 00:00:00-04:00,1.6573867797851562,1.6573867797851562,1.6573867797851562,1.6573867797851562,0,0.0,0.0
1985-08-12 00:00:00-04:00,1.6573867797851562,1.6573867797851562,1.6573867797851562,1.6573867797851562,0,0.0,0.0
1985-08-13 00:00:00-04:00,0.0,1.6266943216323853,1.6266943216323853,1.6266943216323853,2000,0.0,0.0
1985-08-14 00:00:00-04:00,0.0,1.6573867797851562,1.6573867797851562,1.6573867797851562,1000,0.0,0.0
1985-08-15 00:00:00-04:00,1.6573867797851562,1.6573867797851562,1.6573867797851562,1.6573867797851562,0,0.0,0.0
1985-08-16 00:00:00-04:00,1.6573867797851562,1.6573867797851562,1.6573867797851562,1.6573867797851562,0,0.0,0.0
1985-08-19 00:00:00-04:00,0.0,1.6266943216323853,1.6266943216323853,1.6266943216323853,1000,0.0,0.0
1985-08-20 00:00:00-04:00,0.0,1.6676174057852575,1.6369251375115883,1.6573867797851562,66000,0.0,0.0
1985-08-21 00:00:00-04:00,1.6573867797851562,1.6573867797851562,1.6573867797851562,1.6573867797851562,0,0.0,0.0
1985-08-22 00:00:00-04:00,1.6573867797851562,1.6573867797851562,1.6573867797851562,1.6573867797851562,0,0.0,0.0
1985-08-23 00:00:00-04:00,1.6573867797851562,1.6573867797851562,1.6573867797851562,1.6573867797851562,0,0.0,0.0
1985-08-26 00:00:00-04:00,1.6573867797851562,1.6573867797851562,1.6573867797851562,1.6573867797851562,0,0.0,0.0
1985-08-27 00:00:00-04:00,1.6573867797851562,1.6573867797851562,1.6573867797851562,1.6573867797851562,0,0.0,0.0
1985-08-28 00:00:00-04:00,1.6573867797851562,1.6573867797851562,1.6573867797851562,1.6573867797851562,0,0.0,0.0
1985-08-29 00:00:00-04:00,1.6573867797851562,1.6573867797851562,1.6573867797851562,1.6573867797851562,0,0.0,0.0
1985-08-30 00:00:00-04:00,1.6573867797851562,1.6573867797851562,1.6573867797851562,1.6573867797851562,0,0.0,0.0
1985-09-03 00:00:00-04:00,0.0,1.636925220489502,1.636925220489502,1.636925220489502,3000,0.0,0.0
1985-09-04 00:00:00-04:00,0.0,1.6471569538116455,1.6369261264936998,1.6471569538116455,3000,0.0,0.0
1985-09-05 00:00:00-04:00,1.6471569538116455,1.6471569538116455,1.6471569538116455,1.6471569538116455,0,0.0,0.0
1985-09-06 00:00:00-04:00,0.0,1.636925220489502,1.636925220489502,1.636925220489502,4000,0.0,0.0
1985-09-09 00:00:00-04:00,1.636925220489502,1.636925220489502,1.636925220489502,1.636925220489502,0,0.0,0.0
1985-09-10 00:00:00-04:00,0.0,1.662503097220164,1.6471569538116455,1.6471569538116455,190000,0.0,0.0
1985-09-11 00:00:00-04:00,0.0,1.677847981452942,1.6625018495612458,1.677847981452942,90000,0.0,0.0
1985-09-12 00:00:00-04:00,0.0,1.677847981452942,1.6522710299212304,1.677847981452942,90000,0.0,0.0
1985-09-13 00:00:00-04:00,1.677847981452942,1.677847981452942,1.677847981452942,1.677847981452942,0,0.0,0.0
1985-09-16 00:00:00-04:00,1.677847981452942,1.677847981452942,1.677847981452942,1.677847981452942,0,0.0,0.0
1985-09-17 00:00:00-04:00,0.0,1.636925220489502,1.636925220489502,1.636925220489502,2000,0.0,0.0
1985-09-18 00:00:00-04:00,1.636925220489502,1.636925220489502,1.636925220489502,1.636925220489502,0,0.0,0.0
1985-09-19 00:00:00-04:00,0.0,1.667617678642273,1.636925405346708,1.667617678642273,14000,0.0,0.0
1985-09-20 00:00:00-04:00,0.0,1.636925220489502,1.636925220489502,1.636925220489502,2000,0.0,0.0
1985-09-23 00:00:00-04:00,0.0,1.636925220489502,1.636925220489502,1.636925220489502,1000,0.0,0.0
1985-09-24 00:00:00-04:00,0.0,1.636925220489502,1.636925220489502,1.636925220489502,6000,0.0,0.0
1985-09-25 00:00:00-04:00,0.0,1.636925220489502,1.636925220489502,1.636925220489502,1000,0.0,0.0
1985-09-26 00:00:00-04:00,0.0,1.636925220489502,1.636925220489502,1.636925220489502,2000,0.0,0.0
1985-09-30 00:00:00-04:00,0.0,1.677848311974401,1.636925220489502,1.636925220489502,28000,0.0,0.0
1985-10-01 00:00:00-04:00,1.636925220489502,1.636925220489502,1.636925220489502,1.636925220489502,0,0.0,0.0
1985-10-02 00:00:00-04:00,1.636925220489502,1.636925220489502,1.636925220489502,1.636925220489502,0,0.0,0.0
1985-10-03 00:00:00-04:00,0.0,1.636925220489502,1.636925220489502,1.636925220489502,1000,0.0,0.0
1985-10-04 00:00:00-04:00,0.0,1.677847981452942,1.6369248980295343,1.677847981452942,21000,0.0,0.0
1985-10-07 00:00:00-04:00,0.0,1.636925220489502,1.636925220489502,1.636925220489502,11000,0.0,0.0
1985-10-08 00:00:00-04:00,0.0,1.636925220489502,1.636925220489502,1.636925220489502,1000,0.0,0.0
1985-10-09 00:00:00-04:00,0.0,1.636925220489502,1.636925220489502,1.636925220489502,9000,0.0,0.0
1985-10-10 00:00:00-04:00,1.636925220489502,1.636925220489502,1.636925220489502,1.636925220489502,0,0.0,0.0
1985-10-11 00:00:00-04:00,0.0,1.7230788469314575,1.7230788469314575,1.7230788469314575,2000,0.2,0.0
1985-10-14 00:00:00-04:00,0.0,1.7661569118499756,1.7661569118499756,1.7661569118499756,20000,0.0,0.0
1985-10-15 00:00:00-04:00,0.0,1.7661569118499756,1.7230799540794175,1.7661569118499756,21000,0.0,0.0
1985-10-16 00:00:00-04:00,1.7661569118499756,1.7661569118499756,1.7661569118499756,1.7661569118499756,0,0.0,0.0
1985-10-17 00:00:00-04:00,0.0,1.8092338696205335,1.7661569118499756,1.7661569118499756,29000,0.0,0.0
1985-10-18 00:00:00-04:00,0.0,1.7661569118499756,1.7661569118499756,1.7661569118499756,1000,0.0,0.0
1985-10-21 00:00:00-04:00,1.7661569118499756,1.7661569118499756,1.7661569118499756,1.7661569118499756,0,0.0,0.0
1985-10-22 00:00:00-04:00,1.7661569118499756,1.7661569118499756,1.7661569118499756,1.7661569118499756,0,0.0,0.0
1985-10-23 00:00:00-04:00,1.7661569118499756,1.7661569118499756,1.7661569118499756,1.7661569118499756,0,0.0,0.0
1985-10-24 00:00:00-04:00,1.7661569118499756,1.7661569118499756,1.7661569118499756,1.7661569118499756,0,0.0,0.0
1985-10-25 00:00:00-04:00,0.0,1.7769252061843872,1.7769252061843872,1.7769252061843872,1000,0.0,0.0
1985-10-28 00:00:00-05:00,0.0,1.7769252061843872,1.7769252061843872,1.7769252061843872,3000,0.0,0.0
1985-10-29 00:00:00-05:00,1.7769252061843872,1.7769252061843872,1.7769252061843872,1.7769252061843872,0,0.0,0.0
1985-10-30 00:00:00-05:00,0.0,1.8200037479400635,1.7876960705345157,1.8200037479400635,48000,0.0,0.0
1985-10-31 00:00:00-05:00,0.0,1.8307723999023438,1.8307723999023438,1.8307723999023438,10000,0.0,0.0
1985-11-01 00:00:00-05:00,0.0,1.8307723999023438,1.8307723999023438,1.8307723999023438,1000,0.0,0.0
1985-11-04 00:00:00-05:00,0.0,1.8738491975344869,1.7876952917149918,1.8092336654663086,106000,0.0,0.0
1985-11-05 00:00:00-05:00,0.0,1.8846179246902466,1.8092331255398157,1.8846179246902466,3000,0.0,0.0
1985-11-06 00:00:00-05:00,0.0,1.8523109808875768,1.8307723999023438,1.8307723999023438,6000,0.0,0.0
1985-11-07 00:00:00-05:00,0.0,1.8846173993531772,1.8630788326263428,1.8630788326263428,30000,0.0,0.0
1985-11-08 00:00:00-05:00,0.0,1.8846179246902466,1.8846179246902466,1.8846179246902466,1000,0.0,0.0
1985-11-11 00:00:00-05:00,1.8846179246902466,1.8846179246902466,1.8846179246902466,1.8846179246902466,0,0.0,0.0
1985-11-12 00:00:00-05:00,0.0,1.8092336654663086,1.8092336654663086,1.8092336654663086,3000,0.0,0.0
1985-11-13 00:00:00-05:00,1.8092336654663086,1.8092336654663086,1.8092336654663086,1.8092336654663086,0,0.0,0.0
1985-11-14 00:00:00-05:00,1.8092336654663086,1.8092336654663086,1.8092336654663086,1.8092336654663086,0,0.0,0.0
1985-11-15 00:00:00-05:00,0.0,1.873848795890808,1.809233277672421,1.873848795890808,16000,0.0,0.0
1985-11-18 00:00:00-05:00,0.0,1.8523108959197998,1.8523108959197998,1.8523108959197998,9000,0.0,0.0
1985-11-19 00:00:00-05:00,0.0,1.9815422296524048,1.8738497149386093,1.9815422296524048,58000,0.0,0.0
1985-11-20 00:00:00-05:00,0.0,2.0246188640594482,2.0030804878758337,2.0246188640594482,27000,0.0,0.0
1985-11-21 00:00:00-05:00,0.0,2.1323118209838867,2.0676964730930636,2.1323118209838867,59000,0.0,0.0
1985-11-22 00:00:00-05:00,0.0,2.1753879391231297,2.1538493633270264,2.1538493633270264,6000,0.0,0.0
1985-11-25 00:00:00-05:00,2.1538493633270264,2.1538493633270264,2.1538493633270264,2.1538493633270264,0,0.0,0.0
1985-11-26 00:00:00-05:00,0.0,2.0676956176757812,2.0676956176757812,2.0676956176757812,10000,0.0,0.0
1985-11-27 00:00:00-05:00,0.0,2.175388813018799,2.067696301590287,2.175388813018799,19000,0.0,0.0
1985-11-29 00:00:00-05:00,2.175388813018799,2.175388813018799,2.175388813018799,2.175388813018799,0,0.0,0.0
1985-12-02 00:00:00-05:00,0.0,2.1753879391231297,2.1538493633270264,2.1538493633270264,46000,0.0,0.0
1985-12-03 00:00:00-05:00,0.0,2.2400028705596924,2.1538489930024145,2.2400028705596924,51000,0.0,0.0
1985-12-04 00:00:00-05:00,0.0,2.2830797116322796,2.196925640106201,2.196925640106201,27000,0.0,0.0
1985-12-05 00:00:00-05:00,0.0,2.153849803110049,2.1107728481292725,2.1107728481292725,30000,0.0,0.0
1985-12-06 00:00:00-05:00,0.0,2.175388093483747,2.0676956176757812,2.0676956176757812,13000,0.0,0.0
1985-12-09 00:00:00-05:00,2.0676956176757812,2.0676956176757812,2.0676956176757812,2.0676956176757812,0,0.0,0.0
1985-12-10 00:00:00-05:00,0.0,2.1538493633270264,2.1538493633270264,2.1538493633270264,1000,0.0,0.0
1985-12-11 00:00:00-05:00,2.1538493633270264,2.1538493633270264,2.1538493633270264,2.1538493633270264,0,0.0,0.0
1985-12-12 00:00:00-05:00,0.0,2.1538493633270264,2.1538493633270264,2.1538493633270264,4000,0.0,0.0
1985-12-13 00:00:00-05:00,0.0,2.1753883833039986,2.1107728481292725,2.1107728481292725,10000,0.0,0.0
1985-12-16 00:00:00-05:00,2.1107728481292725,2.1107728481292725,2.1107728481292725,2.1107728481292725,0,0.0,0.0
1985-12-17 00:00:00-05:00,2.1107728481292725,2.1107728481292725,2.1107728481292725,2.1107728481292725,0,0.0,0.0
1985-12-18 00:00:00-05:00,2.1107728481292725,2.1107728481292725,2.1107728481292725,2.1107728481292725,0,0.0,0.0
1985-12-19 00:00:00-05:00,2.1107728481292725,2.1107728481292725,2.1107728481292725,2.1107728481292725,0,0.0,0.0
1985-12-20 00:00:00-05:00,0.0,2.1753879391231297,2.1107724171419022,2.1538493633270264,934000,0.0,0.0
1985-12-23 00:00:00-05:00,0.0,2.0676956176757812,2.0676956176757812,2.0676956176757812,3000,0.0,0.0
1985-12-24 00:00:00-05:00,0.0,2.1107725669175483,2.0676956176757812,2.0676956176757812,14000,0.0,0.0
1985-12-26 00:00:00-05:00,0.0,2.1053879261016846,2.1053879261016846,2.1053879261016846,8000,0.0,0.0
1985-12-27 00:00:00-05:00,0.0,2.1538493633270264,2.1538493633270264,2.1538493633270264,5000,0.0,0.0
1985-12-30 00:00:00-05:00,2.1538493633270264,2.1538493633270264,2.1538493633270264,2.1538493633270264,0,0.0,0.0
1985-12-31 00:00:00-05:00,0.0,2.0461575984954834,2.0461575984954834,2.0461575984954834,1000,0.0,0.0
1986-01-02 00:00:00-05:00,0.0,2.1538501036794564,2.0461575984954834,2.0461575984954834,10000,0.0,0.0
1986-01-03 00:00:00-05:00,2.0461575984954834,2.0461575984954834,2.0461575984954834,2.0461575984954834,0,0.0,0.0
1986-01-06 00:00:00-05:00,0.0,2.1538493633270264,2.1538493633270264,2.1538493633270264,5000,0.0,0.0
1986-01-07 00:00:00-05:00,0.0,2.0461575984954834,2.0461575984954834,2.0461575984954834,1000,0.0,0.0
1986-01-08 00:00:00-05:00,0.0,2.153849563355503,2.0246185073913323,2.0784647464752197,59000,0.0,0.0
1986-01-09 00:00:00-05:00,0.0,2.0461575984954834,2.024619015295828,2.0461575984954834,10000,0.0,0.0
1986-01-10 00:00:00-05:00,2.0461575984954834,2.0461575984954834,2.0461575984954834,2.0461575984954834,0,0.0,0.0
1986-01-13 00:00:00-05:00,0.0,2.137098550796509,2.137098550796509,2.137098550796509,1000,0.25,0.0
1986-01-14 00:00:00-05:00,0.0,2.216670036315918,2.216670036315918,2.216670036315918,2000,0.0,0.0
1986-01-15 00:00:00-05:00,2.216670036315918,2.216670036315918,2.216670036315918,2.216670036315918,0,0.0,0.0
1986-01-16 00:00:00-05:00,2.216670036315918,2.216670036315918,2.216670036315918,2.216670036315918,0,0.0,0.0
1986-01-17 00:00:00-05:00,0.0,2.137098550796509,2.137098550796509,2.137098550796509,3000,0.0,0.0
1986-01-20 00:00:00-05:00,0.0,2.159832000732422,2.1370968403130783,2.159832000732422,10000,0.0,0.0
1986-01-21 00:00:00-05:00,2.159832000732422,2.159832000732422,2.159832000732422,2.159832000732422,0,0.0,0.0
1986-01-22 00:00:00-05:00,0.0,2.205302615530785,2.114362386427527,2.1484649181365967,16000,0.0,0.0
1986-01-23 00:00:00-05:00,2.1484649181365967,2.1484649181365967,2.1484649181365967,2.1484649181365967,0,0.0,0.0
1986-01-24 00:00:00-05:00,0.0,2.1143627166748047,2.1143627166748047,2.1143627166748047,1000,0.0,0.0
1986-01-27 00:00:00-05:00,2.1143627166748047,2.1143627166748047,2.1143627166748047,2.1143627166748047,0,0.0,0.0
1986-01-28 00:00:00-05:00,2.1143627166748047,2.1143627166748047,2.1143627166748047,2.1143627166748047,0,0.0,0.0
1986-01-29 00:00:00-05:00,2.1143627166748047,2.1143627166748047,2.1143627166748047,2.1143627166748047,0,0.0,0.0
1986-01-30 00:00:00-05:00,2.1143627166748047,2.1143627166748047,2.1143627166748047,2.1143627166748047,0,0.0,0.0
1986-01-31 00:00:00-05:00,0.0,2.1825673580169678,2.1825673580169678,2.1825673580169678,2000,0.0,0.0
1986-02-03 00:00:00-05:00,0.0,2.1143627166748047,2.1143627166748047,2.1143627166748047,4000,0.0,0.0
1986-02-04 00:00:00-05:00,0.0,2.1143627166748047,2.1143627166748047,2.1143627166748047,5000,0.0,0.0
1986-02-05 00:00:00-05:00,2.1143627166748047,2.1143627166748047,2.1143627166748047,2.1143627166748047,0,0.0,0.0
1986-02-06 00:00:00-05:00,2.1143627166748047,2.1143627166748047,2.1143627166748047,2.1143627166748047,0,0.0,0.0
1986-02-07 00:00:00-05:00,0.0,2.1825673580169678,2.1825673580169678,2.1825673580169678,1000,0.0,0.0
1986-02-10 00:00:00-05:00,0.0,2.182568007564697,2.1143627166748047,2.1143627166748047,4000,0.0,0.0
1986-02-11 00:00:00-05:00,0.0,2.159832000732422,2.114361896712293,2.159832000732422,6000,0.0,0.0
1986-02-12 00:00:00-05:00,2.159832000732422,2.159832000732422,2.159832000732422,2.159832000732422,0,0.0,0.0
1986-02-13 00:00:00-05:00,2.159832000732422,2.159832000732422,2.159832000732422,2.159832000732422,0,0.0,0.0
1986-02-14 00:00:00-05:00,2.159832000732422,2.159832000732422,2.159832000732422,2.159832000732422,0,0.0,0.0
1986-02-18 00:00:00-05:00,0.0,2.1143627166748047,2.1143627166748047,2.1143627166748047,1000,0.0,0.0
1986-02-19 00:00:00-05:00,0.0,2.1143627166748047,2.1143627166748047,2.1143627166748047,1000,0.0,0.0
1986-02-20 00:00:00-05:00,2.1143627166748047,2.1143627166748047,2.1143627166748047,2.1143627166748047,0,0.0,0.0
1986-02-21 00:00:00-05:00,0.0,2.1825673580169678,2.1825673580169678,2.1825673580169678,1000,0.0,0.0
1986-02-24 00:00:00-05:00,0.0,2.1825673580169678,2.1825673580169678,2.1825673580169678,5000,0.0,0.0
1986-02-25 00:00:00-05:00,2.1825673580169678,2.1825673580169678,2.1825673580169678,2.1825673580169678,0,0.0,0.0
1986-02-26 00:00:00-05:00,0.0,2.2053024768829346,2.182567529445776,2.2053024768829346,18000,0.0,0.0
1986-02-27 00:00:00-05:00,0.0,2.159832000732422,2.159832000732422,2.159832000732422,3000,0.0,0.0
1986-02-28 00:00:00-05:00,2.159832000732422,2.159832000732422,2.159832000732422,2.159832000732422,0,0.0,0.0
1986-03-03 00:00:00-05:00,0.0,2.2280375957489014,2.2280375957489014,2.2280375957489014,1000,0.0,0.0
1986-03-04 00:00:00-05:00,0.0,2.273508310317993,2.228038187475363,2.273508310317993,44000,0.0,0.0
1986-03-05 00:00:00-05:00,2.273508310317993,2.273508310317993,2.273508310317993,2.273508310317993,0,0.0,0.0
1986-03-06 00:00:00-05:00,0.0,2.273508310317993,2.273508310317993,2.273508310317993,1000,0.0,0.0
1986-03-07 00:00:00-05:00,0.0,2.239405047373466,2.1825673580169678,2.1825673580169678,6000,0.0,0.0
1986-03-10 00:00:00-05:00,0.0,2.1825673580169678,2.1825673580169678,2.1825673580169678,1000,0.0,0.0
1986-03-11 00:00:00-05:00,0.0,2.2507729530334473,2.205302833977761,2.2507729530334473,60000,0.0,0.0
1986-03-12 00:00:00-05:00,0.0,2.2507729530334473,2.2507729530334473,2.2507729530334473,3000,0.0,0.0
1986-03-13 00:00:00-05:00,2.2507729530334473,2.2507729530334473,2.2507729530334473,2.2507729530334473,0,0.0,0.0
1986-03-14 00:00:00-05:00,0.0,2.2507729530334473,2.2507729530334473,2.2507729530334473,2000,0.0,0.0
1986-03-17 00:00:00-05:00,0.0,2.1825673580169678,2.1825673580169678,2.1825673580169678,1000,0.0,0.0
1986-03-18 00:00:00-05:00,0.0,2.2507729530334473,2.2507729530334473,2.2507729530334473,2000,0.0,0.0
1986-03-19 00:00:00-05:00,0.0,2.273508310317993,2.2053030176447237,2.273508310317993,61000,0.0,0.0
1986-03-20 00:00:00-05:00,2.273508310317993,2.273508310317993,2.273508310317993,2.273508310317993,0,0.0,0.0
1986-03-21 00:00:00-05:00,0.0,2.216670036315918,2.2053024543044253,2.216670036315918,5000,0.0,0.0
1986-03-24 00:00:00-05:00,2.216670036315918,2.216670036315918,2.216670036315918,2.216670036315918,0,0.0,0.0
1986-03-25 00:00:00-05:00,2.216670036315918,2.216670036315918,2.216670036315918,2.216670036315918,0,0.0,0.0
1986-03-26 00:00:00-05:00,0.0,2.2507729530334473,2.205302833977761,2.2507729530334473,20000,0.0,0.0
1986-03-27 00:00:00-05:00,0.0,2.2053024768829346,2.2053024768829346,2.2053024768829346,8000,0.0,0.0
1986-03-31 00:00:00-05:00,0.0,2.273508333918126,2.2053030405368523,2.267824649810791,92000,0.0,0.0
1986-04-01 00:00:00-05:00,0.0,2.273508310317993,2.273508310317993,2.273508310317993,29000,0.0,0.0
1986-04-02 00:00:00-05:00,2.273508310317993,2.273508310317993,2.273508310317993,2.273508310317993,0,0.0,0.0
1986-04-03 00:00:00-05:00,0.0,2.2280375957489014,2.2280375957489014,2.2280375957489014,7000,0.0,0.0
1986-04-04 00:00:00-05:00,0.0,2.239405177645197,2.2280375957489014,2.2280375957489014,9000,0.0,0.0
1986-04-07 00:00:00-05:00,0.0,2.2280375957489014,2.2280375957489014,2.2280375957489014,1000,0.0,0.0
1986-04-08 00:00:00-05:00,0.0,2.2280375957489014,2.2280375957489014,2.2280375957489014,1000,0.0,0.0
1986-04-09 00:00:00-05:00,2.2280375957489014,2.2280375957489014,2.2280375957489014,2.2280375957489014,0,0.0,0.0
1986-04-10 00:00:00-05:00,0.0,2.2280375957489014,2.2280375957489014,2.2280375957489014,3000,0.0,0.0
1986-04-11 00:00:00-05:00,0.0,2.239405393600464,2.2280378106079444,2.239405393600464,4000,0.0,0.0
1986-04-14 00:00:00-05:00,2.359158992767334,2.359158992767334,2.359158992767334,2.359158992767334,0,0.25,0.0
1986-04-15 00:00:00-05:00,2.359158992767334,2.359158992767334,2.359158992767334,2.359158992767334,0,0.0,0.0
1986-04-16 00:00:00-05:00,2.359158992767334,2.359158992767334,2.359158992767334,2.359158992767334,0,0.0,0.0
1986-04-17 00:00:00-05:00,0.0,2.3711345195770264,2.3591592749795547,2.3711345195770264,42000,0.0,0.0
1986-04-18 00:00:00-05:00,0.0,2.4190361499786377,2.4190361499786377,2.4190361499786377,9000,0.0,0.0
1986-04-21 00:00:00-05:00,2.4190361499786377,2.4190361499786377,2.4190361499786377,2.4190361499786377,0,0.0,0.0
1986-04-22 00:00:00-05:00,2.4190361499786377,2.4190361499786377,2.4190361499786377,2.4190361499786377,0,0.0,0.0
1986-04-23 00:00:00-05:00,0.0,2.3950862884521484,2.383110811327242,2.3950862884521484,20000,0.0,0.0
1986-04-24 00:00:00-05:00,0.0,2.347184181213379,2.347184181213379,2.347184181213379,1000,0.0,0.0
1986-04-25 00:00:00-05:00,0.0,2.466937303543091,2.3950847163693934,2.466937303543091,42000,0.0,0.0
1986-04-28 00:00:00-04:00,0.0,2.383111000061035,2.371135521987714,2.383111000061035,6000,0.0,0.0
1986-04-29 00:00:00-04:00,0.0,2.431012683941073,2.371135521987714,2.383111000061035,14000,0.0,0.0
1986-04-30 00:00:00-04:00,2.383111000061035,2.383111000061035,2.383111000061035,2.383111000061035,0,0.0,0.0
1986-05-01 00:00:00-04:00,0.0,2.4429875350107815,2.3711349134253963,2.4070613384246826,13000,0.0,0.0
1986-05-02 00:00:00-04:00,0.0,2.419037242701961,2.3950862884521484,2.3950862884521484,2000,0.0,0.0
1986-05-05 00:00:00-04:00,0.0,2.3950862884521484,2.383110811327242,2.3950862884521484,4000,0.0,0.0
1986-05-06 00:00:00-04:00,0.0,2.466937303543091,2.3950847163693934,2.466937303543091,14000,0.0,0.0
1986-05-07 00:00:00-04:00,2.466937303543091,2.466937303543091,2.466937303543091,2.466937303543091,0,0.0,0.0
1986-05-08 00:00:00-04:00,2.466937303543091,2.466937303543091,2.466937303543091,2.466937303543091,0,0.0,0.0
1986-05-09 00:00:00-04:00,0.0,2.4429875350107815,2.395085863424921,2.4070613384246826,6000,0.0,0.0
1986-05-12 00:00:00-04:00,0.0,2.4070613384246826,2.395085863424921,2.4070613384246826,9000,0.0,0.0
1986-05-13 00:00:00-04:00,2.4070613384246826,2.4070613384246826,2.4070613384246826,2.4070613384246826,0,0.0,0.0
1986-05-14 00:00:00-04:00,2.4070613384246826,2.4070613384246826,2.4070613384246826,2.4070613384246826,0,0.0,0.0
1986-05-15 00:00:00-04:00,0.0,2.442988157272339,2.4310126792222633,2.442988157272339,22000,0.0,0.0
1986-05-16 00:00:00-04:00,2.442988157272339,2.442988157272339,2.442988157272339,2.442988157272339,0,0.0,0.0
1986-05-19 00:00:00-04:00,2.442988157272339,2.442988157272339,2.442988157272339,2.442988157272339,0,0.0,0.0
1986-05-20 00:00:00-04:00,0.0,2.4968771934509277,2.4669386185376387,2.4968771934509277,80000,0.0,0.0
1986-05-21 00:00:00-04:00,0.0,2.4190361499786377,2.4190361499786377,2.4190361499786377,1000,0.0,0.0
1986-05-22 00:00:00-04:00,2.4190361499786377,2.4190361499786377,2.4190361499786377,2.4190361499786377,0,0.0,0.0
1986-05-23 00:00:00-04:00,0.0,2.442988157272339,2.442988157272339,2.442988157272339,2000,0.0,0.0
1986-05-27 00:00:00-04:00,0.0,2.466937303543091,2.466937303543091,2.466937303543091,4000,0.0,0.0
1986-05-28 00:00:00-04:00,0.0,2.490889549255371,2.490889549255371,2.490889549255371,1000,0.0,0.0
1986-05-29 00:00:00-04:00,0.0,2.490889549255371,2.490889549255371,2.490889549255371,2000,0.0,0.0
1986-05-30 00:00:00-04:00,2.490889549255371,2.490889549255371,2.490889549255371,2.490889549255371,0,0.0,0.0
1986-06-02 00:00:00-04:00,2.490889549255371,2.490889549255371,2.490889549255371,2.490889549255371,0,0.0,0.0
1986-06-03 00:00:00-04:00,0.0,2.5148394107818604,2.442986810505469,2.5148394107818604,50000,0.0,0.0
1986-06-04 00:00:00-04:00,0.0,2.538790702819824,2.538790702819824,2.538790702819824,36000,0.0,0.0
1986-06-05 00:00:00-04:00,2.538790702819824,2.538790702819824,2.538790702819824,2.538790702819824,0,0.0,0.0
1986-06-06 00:00:00-04:00,2.538790702819824,2.538790702819824,2.538790702819824,2.538790702819824,0,0.0,0.0
1986-06-09 00:00:00-04:00,2.538790702819824,2.538790702819824,2.538790702819824,2.538790702819824,0,0.0,0.0
1986-06-10 00:00:00-04:00,0.0,2.5627410411834717,2.5387903269522196,2.5627410411834717,8000,0.0,0.0
1986-06-11 00:00:00-04:00,0.0,2.466937303543091,2.466937303543091,2.466937303543091,1000,0.0,0.0
1986-06-12 00:00:00-04:00,0.0,2.490889549255371,2.490889549255371,2.490889549255371,4000,0.0,0.0
1986-06-13 00:00:00-04:00,0.0,2.574716806411743,2.5387906167573018,2.574716806411743,82000,0.0,0.0
1986-06-16 00:00:00-04:00,2.574716806411743,2.574716806411743,2.574716806411743,2.574716806411743,0,0.0,0.0
1986-06-17 00:00:00-04:00,0.0,2.5866923332214355,2.5866923332214355,2.5866923332214355,1000,0.0,0.0
1986-06-18 00:00:00-04:00,2.5866923332214355,2.5866923332214355,2.5866923332214355,2.5866923332214355,0,0.0,0.0
1986-06-19 00:00:00-04:00,2.5866923332214355,2.5866923332214355,2.5866923332214355,2.5866923332214355,0,0.0,0.0
1986-06-20 00:00:00-04:00,0.0,2.5148394107818604,2.5148394107818604,2.5148394107818604,1000,0.0,0.0
1986-06-23 00:00:00-04:00,2.5148394107818604,2.5148394107818604,2.5148394107818604,2.5148394107818604,0,0.0,0.0
1986-06-24 00:00:00-04:00,0.0,2.5866923332214355,2.5866923332214355,2.5866923332214355,4000,0.0,0.0
1986-06-25 00:00:00-04:00,2.5866923332214355,2.5866923332214355,2.5866923332214355,2.5866923332214355,0,0.0,0.0
1986-06-26 00:00:00-04:00,0.0,2.5866923332214355,2.5866923332214355,2.5866923332214355,1000,0.0,0.0
1986-06-27 00:00:00-04:00,2.5866923332214355,2.5866923332214355,2.5866923332214355,2.5866923332214355,0,0.0,0.0
1986-06-30 00:00:00-04:00,2.5866923332214355,2.5866923332214355,2.5866923332214355,2.5866923332214355,0,0.0,0.0
1986-07-01 00:00:00-04:00,2.5866923332214355,2.5866923332214355,2.5866923332214355,2.5866923332214355,0,0.0,0.0
1986-07-02 00:00:00-04:00,0.0,2.598667806161189,2.5148397239960616,2.5866923332214355,52000,0.0,0.0
1986-07-03 00:00:00-04:00,2.5866923332214355,2.5866923332214355,2.5866923332214355,2.5866923332214355,0,0.0,0.0
1986-07-07 00:00:00-04:00,0.0,2.538790702819824,2.538790702819824,2.538790702819824,3000,0.0,0.0
1986-07-08 00:00:00-04:00,2.538790702819824,2.538790702819824,2.538790702819824,2.538790702819824,0,0.0,0.0
1986-07-09 00:00:00-04:00,0.0,2.568730354309082,2.5148408168680394,2.568730354309082,66000,0.0,0.0
1986-07-10 00:00:00-04:00,0.0,2.5627410411834717,2.466937727432229,2.5627410411834717,18000,0.0,0.0
1986-07-11 00:00:00-04:00,2.5627410411834717,2.5627410411834717,2.5627410411834717,2.5627410411834717,0,0.0,0.0
1986-07-14 00:00:00-04:00,2.688367128372193,2.688367128372193,2.688367128372193,2.6883671283721924,0,0.25,0.0
1986-07-15 00:00:00-04:00,2.688367128372193,2.688367128372193,2.688367128372193,2.6883671283721924,0,0.0,0.0
1986-07-16 00:00:00-04:00,0.0,2.5124919414520264,2.5124919414520264,2.5124919414520264,5000,0.0,0.0
1986-07-17 00:00:00-04:00,0.0,2.5627410411834717,2.5627410411834717,2.5627410411834717,3000,0.0,0.0
1986-07-18 00:00:00-04:00,0.0,2.5627410411834717,2.5627410411834717,2.5627410411834717,1000,0.0,0.0
1986-07-21 00:00:00-04:00,0.0,2.5124919414520264,2.5124919414520264,2.5124919414520264,1000,0.0,0.0
1986-07-22 00:00:00-04:00,2.5124919414520264,2.5124919414520264,2.5124919414520264,2.5124919414520264,0,0.0,0.0
1986-07-23 00:00:00-04:00,2.5124919414520264,2.5124919414520264,2.5124919414520264,2.5124919414520264,0,0.0,0.0
1986-07-24 00:00:00-04:00,2.5124919414520264,2.5124919414520264,2.5124919414520264,2.5124919414520264,0,0.0,0.0
1986-07-25 00:00:00-04:00,0.0,2.5376174449920654,2.5376174449920654,2.5376174449920654,1000,0.0,0.0
1986-07-28 00:00:00-04:00,2.5376174449920654,2.5376174449920654,2.5376174449920654,2.5376174449920654,0,0.0,0.0
1986-07-29 00:00:00-04:00,2.5376174449920654,2.5376174449920654,2.5376174449920654,2.5376174449920654,0,0.0,0.0
1986-07-30 00:00:00-04:00,0.0,2.5124919414520264,2.4622421505449665,2.5124919414520264,10000,0.0,0.0
1986-07-31 00:00:00-04:00,0.0,2.512493615680025,2.4371187592876113,2.487368583679199,21000,0.0,0.0
1986-08-01 00:00:00-04:00,0.0,2.4622418737776988,2.411992088518945,2.437116861343384,42000,0.0,0.0
1986-08-04 00:00:00-04:00,0.0,2.386867046356201,2.3114922496019252,2.386867046356201,25000,0.0,0.0
1986-08-05 00:00:00-04:00,0.0,2.361741208553667,2.2612416744232178,2.2612416744232178,11000,0.0,0.0
1986-08-06 00:00:00-04:00,0.0,2.2612416744232178,2.2612416744232178,2.2612416744232178,1000,0.0,0.0
1986-08-07 00:00:00-04:00,2.2612416744232178,2.2612416744232178,2.2612416744232178,2.2612416744232178,0,0.0,0.0
1986-08-08 00:00:00-04:00,0.0,2.361743450164795,2.324056148998023,2.361743450164795,35000,0.0,0.0
1986-08-11 00:00:00-04:00,0.0,2.361743450164795,2.361743450164795,2.361743450164795,1000,0.0,0.0
1986-08-12 00:00:00-04:00,0.0,2.3617424640818854,2.286367893218994,2.286367893218994,5000,0.0,0.0
1986-08-13 00:00:00-04:00,0.0,2.286367893218994,2.286367893218994,2.286367893218994,6000,0.0,0.0
1986-08-14 00:00:00-04:00,0.0,2.361743450164795,2.361743450164795,2.361743450164795,2000,0.0,0.0
1986-08-15 00:00:00-04:00,2.361743450164795,2.361743450164795,2.361743450164795,2.361743450164795,0,0.0,0.0
1986-08-18 00:00:00-04:00,2.361743450164795,2.361743450164795,2.361743450164795,2.361743450164795,0,0.0,0.0
1986-08-19 00:00:00-04:00,0.0,2.3052117824554443,2.286368137724571,2.3052117824554443,20000,0.0,0.0
1986-08-20 00:00:00-04:00,2.3052117824554443,2.3052117824554443,2.3052117824554443,2.3052117824554443,0,0.0,0.0
1986-08-21 00:00:00-04:00,2.3052117824554443,2.3052117824554443,2.3052117824554443,2.3052117824554443,0,0.0,0.0
1986-08-22 00:00:00-04:00,0.0,2.286367893218994,2.286367893218994,2.286367893218994,4000,0.0,0.0
1986-08-25 00:00:00-04:00,0.0,2.361743450164795,2.361743450164795,2.361743450164795,1000,0.0,0.0
1986-08-26 00:00:00-04:00,0.0,2.33661699295044,2.33661699295044,2.3366169929504395,3000,0.0,0.0
1986-08-27 00:00:00-04:00,0.0,2.286367893218994,2.286367893218994,2.286367893218994,1000,0.0,0.0
1986-08-28 00:00:00-04:00,2.286367893218994,2.286367893218994,2.286367893218994,2.286367893218994,0,0.0,0.0
1986-08-29 00:00:00-04:00,0.0,2.386867046356201,2.386867046356201,2.386867046356201,10000,0.0,0.0
1986-09-02 00:00:00-04:00,0.0,2.286367893218994,2.286367893218994,2.286367893218994,1000,0.0,0.0
1986-09-03 00:00:00-04:00,2.286367893218994,2.286367893218994,2.286367893218994,2.286367893218994,0,0.0,0.0
1986-09-04 00:00:00-04:00,0.0,2.286367893218994,2.286367893218994,2.286367893218994,3000,0.0,0.0
1986-09-05 00:00:00-04:00,2.286367893218994,2.286367893218994,2.286367893218994,2.286367893218994,0,0.0,0.0
1986-09-08 00:00:00-04:00,2.286367893218994,2.286367893218994,2.286367893218994,2.286367893218994,0,0.0,0.0
1986-09-09 00:00:00-04:00,2.286367893218994,2.286367893218994,2.286367893218994,2.286367893218994,0,0.0,0.0
1986-09-10 00:00:00-04:00,2.286367893218994,2.286367893218994,2.286367893218994,2.286367893218994,0,0.0,0.0
1986-09-11 00:00:00-04:00,2.286367893218994,2.286367893218994,2.286367893218994,2.286367893218994,0,0.0,0.0
1986-09-12 00:00:00-04:00,0.0,2.2989301681518555,2.2989301681518555,2.2989301681518555,9000,0.0,0.0
1986-09-15 00:00:00-04:00,0.0,2.33661699295044,2.298929479103428,2.3366169929504395,8000,0.0,0.0
1986-09-16 00:00:00-04:00,2.33661699295044,2.33661699295044,2.33661699295044,2.3366169929504395,0,0.0,0.0
1986-09-17 00:00:00-04:00,0.0,2.3868674974183777,2.3240551948547363,2.3240551948547363,5000,0.0,0.0
1986-09-18 00:00:00-04:00,0.0,2.33661699295044,2.3114919837190984,2.3366169929504395,30000,0.0,0.0
1986-09-19 00:00:00-04:00,2.33661699295044,2.33661699295044,2.33661699295044,2.3366169929504395,0,0.0,0.0
1986-09-22 00:00:00-04:00,0.0,2.2612416744232178,2.2612416744232178,2.2612416744232178,3000,0.0,0.0
1986-09-23 00:00:00-04:00,0.0,2.361743450164795,2.361743450164795,2.361743450164795,6000,0.0,0.0
1986-09-24 00:00:00-04:00,0.0,2.2612416744232178,2.2612416744232178,2.2612416744232178,3000,0.0,0.0
1986-09-25 00:00:00-04:00,2.2612416744232178,2.2612416744232178,2.2612416744232178,2.2612416744232178,0,0.0,0.0
1986-09-26 00:00:00-04:00,2.2612416744232178,2.2612416744232178,2.2612416744232178,2.2612416744232178,0,0.0,0.0
1986-09-29 00:00:00-04:00,2.2612416744232178,2.2612416744232178,2.2612416744232178,2.2612416744232178,0,0.0,0.0
1986-09-30 00:00:00-04:00,2.2612416744232178,2.2612416744232178,2.2612416744232178,2.2612416744232178,0,0.0,0.0
1986-10-01 00:00:00-04:00,0.0,2.22355580329895,2.22355580329895,2.22355580329895,1000,0.0,0.0
1986-10-02 00:00:00-04:00,2.22355580329895,2.22355580329895,2.22355580329895,2.22355580329895,0,0.0,0.0
1986-10-03 00:00:00-04:00,0.0,2.22355580329895,2.22355580329895,2.22355580329895,1000,0.0,0.0
1986-10-06 00:00:00-04:00,0.0,2.311492890901262,2.22355580329895,2.22355580329895,8000,0.0,0.0
1986-10-07 00:00:00-04:00,2.22355580329895,2.22355580329895,2.22355580329895,2.22355580329895,0,0.0,0.0
1986-10-08 00:00:00-04:00,0.0,2.2612416744232178,2.185866904020486,2.2612416744232178,45000,0.0,0.0
1986-10-09 00:00:00-04:00,0.0,2.236117362976074,2.236117362976074,2.236117362976074,7000,0.0,0.0
1986-10-10 00:00:00-04:00,2.3692185878753667,2.3692185878753667,2.3692185878753667,2.369218587875366,0,0.25,0.0
1986-10-13 00:00:00-04:00,2.3692185878753667,2.3692185878753667,2.3692185878753667,2.369218587875366,0,0.0,0.0
1986-10-14 00:00:00-04:00,2.3692185878753667,2.3692185878753667,2.3692185878753667,2.369218587875366,0,0.0,0.0
1986-10-15 00:00:00-04:00,0.0,2.2361180782318115,2.2361180782318115,2.2361180782318115,3000,0.0,0.0
1986-10-16 00:00:00-04:00,0.0,2.2361180782318115,2.2361180782318115,2.2361180782318115,1000,0.0,0.0
1986-10-17 00:00:00-04:00,2.2361180782318115,2.2361180782318115,2.2361180782318115,2.2361180782318115,0,0.0,0.0
1986-10-20 00:00:00-04:00,2.2361180782318115,2.2361180782318115,2.2361180782318115,2.2361180782318115,0,0.0,0.0
1986-10-21 00:00:00-04:00,0.0,2.2760486602783203,2.236117830595158,2.2760486602783203,62000,0.0,0.0
1986-10-22 00:00:00-04:00,0.0,2.3425993810033905,2.2361174409422935,2.262737989425659,27000,0.0,0.0
1986-10-23 00:00:00-04:00,0.0,2.342599072041514,2.2361171460241582,2.315978527069092,7000,0.0,0.0
1986-10-24 00:00:00-04:00,0.0,2.3425991535186768,2.3425991535186768,2.3425991535186768,2000,0.0,0.0
1986-10-27 00:00:00-05:00,0.0,2.3425991535186768,2.3425991535186768,2.3425991535186768,4000,0.0,0.0
1986-10-28 00:00:00-05:00,0.0,2.3425991535186768,2.3425991535186768,2.3425991535186768,14000,0.0,0.0
1986-10-29 00:00:00-05:00,0.0,2.3425991535186768,2.3425991535186768,2.3425991535186768,12000,0.0,0.0
1986-10-30 00:00:00-05:00,0.0,2.475701332092285,2.3425991126665964,2.475701332092285,78000,0.0,0.0
1986-10-31 00:00:00-05:00,0.0,2.688665390014649,2.502322048112192,2.6886653900146484,18000,0.0,0.0
1986-11-03 00:00:00-05:00,0.0,2.715285679289961,2.6088039875030518,2.6088039875030518,15000,0.0,0.0
1986-11-04 00:00:00-05:00,0.0,2.821767568588257,2.821767568588257,2.821767568588257,2000,0.0,0.0
1986-11-05 00:00:00-05:00,0.0,2.6088039875030518,2.6088039875030518,2.6088039875030518,43000,0.0,0.0
1986-11-06 00:00:00-05:00,0.0,2.7152862601253154,2.5555636882781987,2.5555636882781982,21000,0.0,0.0
1986-11-07 00:00:00-05:00,2.5555636882781987,2.5555636882781987,2.5555636882781987,2.5555636882781982,0,0.0,0.0
1986-11-10 00:00:00-05:00,2.5555636882781987,2.5555636882781987,2.5555636882781987,2.5555636882781982,0,0.0,0.0
1986-11-11 00:00:00-05:00,0.0,2.6620445251464844,2.6620445251464844,2.6620445251464844,1000,0.0,0.0
1986-11-12 00:00:00-05:00,2.6620445251464844,2.6620445251464844,2.6620445251464844,2.6620445251464844,0,0.0,0.0
1986-11-13 00:00:00-05:00,0.0,2.6620445251464844,2.6620445251464844,2.6620445251464844,1000,0.0,0.0
1986-11-14 00:00:00-05:00,0.0,2.715285539627075,2.5555630101621682,2.715285539627075,9000,0.0,0.0
1986-11-17 00:00:00-05:00,2.715285539627075,2.715285539627075,2.715285539627075,2.715285539627075,0,0.0,0.0
1986-11-18 00:00:00-05:00,0.0,2.5555636882781987,2.5555636882781987,2.5555636882781982,1000,0.0,0.0
1986-11-19 00:00:00-05:00,2.5555636882781987,2.5555636882781987,2.5555636882781987,2.5555636882781982,0,0.0,0.0
1986-11-20 00:00:00-05:00,0.0,2.5555636882781987,2.5555636882781987,2.5555636882781982,3000,0.0,0.0
1986-11-21 00:00:00-05:00,2.5555636882781987,2.5555636882781987,2.5555636882781987,2.5555636882781982,0,0.0,0.0
1986-11-24 00:00:00-05:00,0.0,2.715285539627075,2.5555630101621682,2.715285539627075,15000,0.0,0.0
1986-11-25 00:00:00-05:00,2.715285539627075,2.715285539627075,2.715285539627075,2.715285539627075,0,0.0,0.0
1986-11-26 00:00:00-05:00,2.715285539627075,2.715285539627075,2.715285539627075,2.715285539627075,0,0.0,0.0
1986-11-28 00:00:00-05:00,2.715285539627075,2.715285539627075,2.715285539627075,2.715285539627075,0,0.0,0.0
1986-12-01 00:00:00-05:00,0.0,2.7685271174076873,2.5555636882781987,2.5555636882781982,2000,0.0,0.0
1986-12-02 00:00:00-05:00,0.0,2.5555636882781987,2.5555636882781987,2.5555636882781982,1000,0.0,0.0
1986-12-03 00:00:00-05:00,0.0,2.715285539627075,2.715285539627075,2.715285539627075,2000,0.0,0.0
1986-12-04 00:00:00-05:00,2.715285539627075,2.715285539627075,2.715285539627075,2.715285539627075,0,0.0,0.0
1986-12-05 00:00:00-05:00,0.0,2.715285539627075,2.5555630101621682,2.715285539627075,5000,0.0,0.0
1986-12-08 00:00:00-05:00,0.0,2.715285539627075,2.662044696472106,2.715285539627075,7000,0.0,0.0
1986-12-09 00:00:00-05:00,0.0,2.715285539627075,2.715285539627075,2.715285539627075,1000,0.0,0.0
1986-12-10 00:00:00-05:00,0.0,2.5555636882781987,2.5555636882781987,2.5555636882781982,4000,0.0,0.0
1986-12-11 00:00:00-05:00,2.5555636882781987,2.5555636882781987,2.5555636882781987,2.5555636882781982,0,0.0,0.0
1986-12-12 00:00:00-05:00,0.0,2.5555636882781987,2.5555636882781987,2.5555636882781982,5000,0.0,0.0
1986-12-15 00:00:00-05:00,0.0,2.5555636882781987,2.5555636882781987,2.5555636882781982,7000,0.0,0.0
1986-12-16 00:00:00-05:00,0.0,2.5555636882781987,2.5555636882781987,2.5555636882781982,4000,0.0,0.0
1986-12-17 00:00:00-05:00,0.0,2.715285539627075,2.715285539627075,2.715285539627075,1000,0.0,0.0
1986-12-18 00:00:00-05:00,0.0,2.5555636882781987,2.5555636882781987,2.5555636882781982,2000,0.0,0.0
1986-12-19 00:00:00-05:00,0.0,2.5555636882781987,2.5555636882781987,2.5555636882781982,1000,0.0,0.0
1986-12-22 00:00:00-05:00,2.5555636882781987,2.5555636882781987,2.5555636882781987,2.5555636882781982,0,0.0,0.0
1986-12-23 00:00:00-05:00,0.0,2.7152853648749438,2.5555628456895647,2.6620445251464844,24000,0.0,0.0
1986-12-24 00:00:00-05:00,0.0,2.5555636882781987,2.5555636882781987,2.5555636882781982,2000,0.0,0.0
1986-12-26 00:00:00-05:00,0.0,2.715285539627075,2.715285539627075,2.715285539627075,2000,0.0,0.0
1986-12-29 00:00:00-05:00,0.0,2.715285679289961,2.5555631416095976,2.6088039875030518,51000,0.0,0.0
1986-12-30 00:00:00-05:00,2.6088039875030518,2.6088039875030518,2.6088039875030518,2.6088039875030518,0,0.0,0.0
1986-12-31 00:00:00-05:00,0.0,2.715285539627075,2.5023219131348338,2.715285539627075,8000,0.0,0.0
1987-01-02 00:00:00-05:00,0.0,2.715285539627075,2.715285539627075,2.715285539627075,2000,0.0,0.0
1987-01-05 00:00:00-05:00,0.0,2.502322912216187,2.502322912216187,2.5023229122161865,1000,0.0,0.0
1987-01-06 00:00:00-05:00,0.0,2.715285539627075,2.715285539627075,2.715285539627075,1000,0.0,0.0
1987-01-07 00:00:00-05:00,2.715285539627075,2.715285539627075,2.715285539627075,2.715285539627075,0,0.0,0.0
1987-01-08 00:00:00-05:00,2.715285539627075,2.715285539627075,2.715285539627075,2.715285539627075,0,0.0,0.0
1987-01-09 00:00:00-05:00,0.0,2.715285539627075,2.715285539627075,2.715285539627075,2000,0.0,0.0
1987-01-12 00:00:00-05:00,0.0,2.8356677792678227,2.7286612987518306,2.728661298751831,24000,0.025,0.0
1987-01-13 00:00:00-05:00,2.7286612987518306,2.7286612987518306,2.7286612987518306,2.728661298751831,0,0.0,0.0
1987-01-14 00:00:00-05:00,0.0,2.8089153766632085,2.8089153766632085,2.808915376663208,1000,0.0,0.0
1987-01-15 00:00:00-05:00,0.0,2.8356677792678227,2.6216550733588044,2.728661298751831,5000,0.0,0.0
1987-01-16 00:00:00-05:00,2.7286612987518306,2.7286612987518306,2.7286612987518306,2.728661298751831,0,0.0,0.0
1987-01-19 00:00:00-05:00,2.7286612987518306,2.7286612987518306,2.7286612987518306,2.728661298751831,0,0.0,0.0
1987-01-20 00:00:00-05:00,0.0,2.621654987335205,2.621654987335205,2.621654987335205,3000,0.0,0.0
1987-01-21 00:00:00-05:00,2.621654987335205,2.621654987335205,2.621654987335205,2.621654987335205,0,0.0,0.0
1987-01-22 00:00:00-05:00,2.621654987335205,2.621654987335205,2.621654987335205,2.621654987335205,0,0.0,0.0
1987-01-23 00:00:00-05:00,2.621654987335205,2.621654987335205,2.621654987335205,2.621654987335205,0,0.0,0.0
1987-01-26 00:00:00-05:00,2.621654987335205,2.621654987335205,2.621654987335205,2.621654987335205,0,0.0,0.0
1987-01-27 00:00:00-05:00,0.0,2.621654987335205,2.621654987335205,2.621654987335205,10000,0.0,0.0
1987-01-28 00:00:00-05:00,0.0,2.7821633815765376,2.7821633815765376,2.782163381576538,11000,0.0,0.0
1987-01-29 00:00:00-05:00,0.0,2.7821649866043567,2.675158739089966,2.675158739089966,6000,0.0,0.0
1987-01-30 00:00:00-05:00,0.0,2.8891701527353084,2.728660600591108,2.808915376663208,74000,0.0,0.0
1987-02-02 00:00:00-05:00,0.0,2.9426747261563984,2.7821650935895654,2.889171600341797,18000,0.0,0.0
1987-02-03 00:00:00-05:00,0.0,3.156686305999756,2.996176733358625,3.156686305999756,62000,0.0,0.0
1987-02-04 00:00:00-05:00,0.0,3.10318374633789,3.10318374633789,3.1031837463378906,1000,0.0,0.0
1987-02-05 00:00:00-05:00,0.0,3.0496809482574463,3.0496809482574463,3.0496809482574463,10000,0.0,0.0
1987-02-06 00:00:00-05:00,3.0496809482574463,3.0496809482574463,3.0496809482574463,3.0496809482574463,0,0.0,0.0
1987-02-09 00:00:00-05:00,3.0496809482574463,3.0496809482574463,3.0496809482574463,3.0496809482574463,0,0.0,0.0
1987-02-10 00:00:00-05:00,3.0496809482574463,3.0496809482574463,3.0496809482574463,3.0496809482574463,0,0.0,0.0
1987-02-11 00:00:00-05:00,3.0496809482574463,3.0496809482574463,3.0496809482574463,3.0496809482574463,0,0.0,0.0
1987-02-12 00:00:00-05:00,0.0,2.942674160003662,2.942674160003662,2.942674160003662,1000,0.0,0.0
1987-02-13 00:00:00-05:00,0.0,3.1566868615941344,3.0496803759586686,3.1031837463378906,33000,0.0,0.0
1987-02-17 00:00:00-05:00,0.0,3.156686305999756,3.156686305999756,3.156686305999756,7000,0.0,0.0
1987-02-18 00:00:00-05:00,0.0,3.156686305999756,3.156686305999756,3.156686305999756,17000,0.0,0.0
1987-02-19 00:00:00-05:00,0.0,3.210191488265991,3.1031852073730306,3.210191488265991,85000,0.0,0.0
1987-02-20 00:00:00-05:00,0.0,3.2904463264972605,3.0496818118034525,3.210191488265991,45000,0.0,0.0
1987-02-23 00:00:00-05:00,0.0,3.290444850921631,3.290444850921631,3.290444850921631,16000,0.0,0.0
1987-02-24 00:00:00-05:00,0.0,3.450955867767334,3.2101915998293737,3.450955867767334,21000,0.0,0.0
1987-02-25 00:00:00-05:00,0.0,3.477706050872803,3.3439481258392334,3.3439481258392334,10000,0.0,0.0
1987-02-26 00:00:00-05:00,0.0,3.4777050018310547,3.2904440142955047,3.4777050018310547,27000,0.0,0.0
1987-02-27 00:00:00-05:00,0.0,3.477705553506232,3.4242024421691895,3.4242024421691895,98000,0.0,0.0
1987-03-02 00:00:00-05:00,0.0,3.477705553506232,3.4242024421691895,3.4242024421691895,48000,0.0,0.0
1987-03-03 00:00:00-05:00,0.0,3.5044581890106197,3.3707002467601845,3.50445818901062,19000,0.0,0.0
1987-03-04 00:00:00-05:00,0.0,3.531208753585816,3.5044573248064856,3.5312087535858154,12000,0.0,0.0
1987-03-05 00:00:00-05:00,0.0,3.6114628865168643,3.4777050018310547,3.4777050018310547,65000,0.0,0.0
1987-03-06 00:00:00-05:00,0.0,3.584711776180317,3.4242024421691895,3.4242024421691895,80000,0.0,0.0
1987-03-09 00:00:00-05:00,0.0,3.6382152340720317,3.4777056409041904,3.5312087535858154,34000,0.0,0.0
1987-03-10 00:00:00-05:00,0.0,3.6382152340720317,3.4710178474900992,3.5312087535858154,39000,0.0,0.0
1987-03-11 00:00:00-05:00,0.0,3.691718578338623,3.691718578338623,3.691718578338623,12000,0.0,0.0
1987-03-12 00:00:00-05:00,0.0,3.691718578338623,3.691718578338623,3.691718578338623,3000,0.0,0.0
1987-03-13 00:00:00-05:00,3.691718578338623,3.691718578338623,3.691718578338623,3.691718578338623,0,0.0,0.0
1987-03-16 00:00:00-05:00,0.0,3.691718578338623,3.691718578338623,3.691718578338623,2000,0.0,0.0
1987-03-17 00:00:00-05:00,3.691718578338623,3.691718578338623,3.691718578338623,3.691718578338623,0,0.0,0.0
1987-03-18 00:00:00-05:00,0.0,3.691718578338623,3.691718578338623,3.691718578338623,1000,0.0,0.0
1987-03-19 00:00:00-05:00,0.0,3.691718578338623,3.58471209113979,3.691718578338623,16000,0.0,0.0
1987-03-20 00:00:00-05:00,0.0,3.691718268296944,3.584711790084839,3.584711790084839,20000,0.0,0.0
1987-03-23 00:00:00-05:00,0.0,3.691718268296944,3.50445725032946,3.584711790084839,32000,0.0,0.0
1987-03-24 00:00:00-05:00,0.0,3.691718578338623,3.5579606606823178,3.691718578338623,40000,0.0,0.0
1987-03-25 00:00:00-05:00,0.0,3.6917196267461394,3.6382164955139165,3.638216495513916,30000,0.0,0.0
1987-03-26 00:00:00-05:00,0.0,3.6917183467536567,3.531208753585816,3.5312087535858154,35000,0.0,0.0
1987-03-27 00:00:00-05:00,0.0,3.7452218532562256,3.7452218532562256,3.7452218532562256,1000,0.0,0.0
1987-03-30 00:00:00-05:00,0.0,3.7452218532562256,3.691718734948592,3.7452218532562256,8000,0.0,0.0
1987-03-31 00:00:00-05:00,0.0,3.7452218532562256,3.5847122432103333,3.7452218532562256,13000,0.0,0.0
1987-04-01 00:00:00-05:00,0.0,3.7452218532562256,3.691718734948592,3.7452218532562256,80000,0.0,0.0
1987-04-02 00:00:00-05:00,0.0,3.6382164955139165,3.6382164955139165,3.638216495513916,1000,0.0,0.0
1987-04-03 00:00:00-05:00,0.0,3.7452218532562256,3.7184701665409126,3.7452218532562256,40000,0.0,0.0
1987-04-06 00:00:00-04:00,0.0,3.745220281196246,3.5579593181610107,3.5579593181610107,15000,0.0,0.0
1987-04-07 00:00:00-04:00,0.0,3.745221459435282,3.531208753585816,3.5312087535858154,6000,0.0,0.0
1987-04-08 00:00:00-04:00,3.531208753585816,3.531208753585816,3.531208753585816,3.5312087535858154,0,0.0,0.0
1987-04-09 00:00:00-04:00,3.531208753585816,3.531208753585816,3.531208753585816,3.5312087535858154,0,0.0,0.0
1987-04-10 00:00:00-04:00,0.0,3.7057549953460693,3.5446351127294164,3.7057549953460693,5000,0.025,0.0
1987-04-13 00:00:00-04:00,0.0,3.759462594985962,3.544636109768151,3.759462594985962,4000,0.0,0.0
1987-04-14 00:00:00-04:00,0.0,3.7057549953460693,3.5446351127294164,3.7057549953460693,9000,0.0,0.0
1987-04-15 00:00:00-04:00,0.0,3.7057552908406683,3.571488796651463,3.598341941833496,10000,0.0,0.0
1987-04-16 00:00:00-04:00,0.0,3.7057549953460693,3.57148851186319,3.7057549953460693,74000,0.0,0.0
1987-04-20 00:00:00-04:00,3.7057549953460693,3.7057549953460693,3.7057549953460693,3.7057549953460693,0,0.0,0.0
1987-04-21 00:00:00-04:00,0.0,3.7057549953460693,3.5446351127294164,3.7057549953460693,21000,0.0,0.0
1987-04-22 00:00:00-04:00,0.0,3.7057549953460693,3.6520484531715165,3.7057549953460693,59000,0.0,0.0
1987-04-23 00:00:00-04:00,0.0,3.7057549953460693,3.7057549953460693,3.7057549953460693,7000,0.0,0.0
1987-04-24 00:00:00-04:00,0.0,3.7057561838322326,3.5446362495422363,3.5446362495422363,16000,0.0,0.0
1987-04-27 00:00:00-04:00,3.5446362495422363,3.5446362495422363,3.5446362495422363,3.5446362495422363,0,0.0,0.0
1987-04-28 00:00:00-04:00,0.0,3.544635825129471,3.437222719192505,3.437222719192505,39000,0.0,0.0
1987-04-29 00:00:00-04:00,3.437222719192505,3.437222719192505,3.437222719192505,3.437222719192505,0,0.0,0.0
1987-04-30 00:00:00-04:00,0.0,3.5983419418334956,3.4909288489193373,3.598341941833496,20000,0.0,0.0
1987-05-01 00:00:00-04:00,0.0,3.7057561838322326,3.5446362495422363,3.5446362495422363,40000,0.0,0.0
1987-05-04 00:00:00-04:00,0.0,3.7057549953460693,3.5446351127294164,3.7057549953460693,32000,0.0,0.0
1987-05-05 00:00:00-04:00,0.0,3.7057549953460693,3.5446351127294164,3.7057549953460693,83000,0.0,0.0
1987-05-06 00:00:00-04:00,0.0,3.7057561838322326,3.5446362495422363,3.5446362495422363,18000,0.0,0.0
1987-05-07 00:00:00-04:00,0.0,3.8937280210035015,3.5983416549039697,3.7057549953460693,42000,0.0,0.0
1987-05-08 00:00:00-04:00,0.0,3.866876840591431,3.866876840591431,3.8668768405914307,1000,0.0,0.0
1987-05-11 00:00:00-04:00,0.0,3.866875203112733,3.6789021492004395,3.6789021492004395,8000,0.0,0.0
1987-05-12 00:00:00-04:00,3.6789021492004395,3.6789021492004395,3.6789021492004395,3.6789021492004395,0,0.0,0.0
1987-05-13 00:00:00-04:00,0.0,3.866875203112733,3.6789021492004395,3.6789021492004395,2000,0.0,0.0
1987-05-14 00:00:00-04:00,0.0,3.866876840591431,3.678903707079498,3.8668768405914307,28000,0.0,0.0
1987-05-15 00:00:00-04:00,0.0,3.866876840591431,3.678903707079498,3.8668768405914307,7000,0.0,0.0
1987-05-18 00:00:00-04:00,0.0,3.866876840591431,3.866876840591431,3.8668768405914307,1000,0.0,0.0
1987-05-19 00:00:00-04:00,0.0,3.866876840591431,3.678903707079498,3.8668768405914307,15000,0.0,0.0
1987-05-20 00:00:00-04:00,0.0,3.866876840591431,3.866876840591431,3.8668768405914307,3000,0.0,0.0
1987-05-21 00:00:00-04:00,0.0,3.866873793876553,3.678900808468779,3.8400206565856934,66000,0.0,0.0
1987-05-22 00:00:00-04:00,0.0,3.8937287330627446,3.8937287330627446,3.893728733062744,15000,0.0,0.0
1987-05-26 00:00:00-04:00,0.0,3.8937287330627446,3.678902268985502,3.893728733062744,5000,0.0,0.0
1987-05-27 00:00:00-04:00,0.0,3.8937287330627446,3.8937287330627446,3.893728733062744,2000,0.0,0.0
1987-05-28 00:00:00-04:00,0.0,3.8937287330627446,3.8668753290181987,3.893728733062744,16000,0.0,0.0
1987-05-29 00:00:00-04:00,0.0,3.893730255133053,3.759463694611224,3.8668768405914307,38000,0.0,0.0
1987-06-01 00:00:00-04:00,0.0,3.8937287330627446,3.678902268985502,3.893728733062744,65000,0.0,0.0
1987-06-02 00:00:00-04:00,0.0,3.9205836696746754,3.70575712162112,3.8668768405914307,12000,0.0,0.0
1987-06-03 00:00:00-04:00,0.0,3.8668746218697283,3.7057549953460693,3.7057549953460693,21000,0.0,0.0
1987-06-04 00:00:00-04:00,0.0,3.92058213710729,3.8937287330627446,3.893728733062744,26000,0.0,0.0
1987-06-05 00:00:00-04:00,0.0,3.9205827713012695,3.9205827713012695,3.9205827713012695,1000,0.0,0.0
1987-06-08 00:00:00-04:00,0.0,3.9205827713012695,3.9205827713012695,3.9205827713012695,5000,0.0,0.0
1987-06-09 00:00:00-04:00,0.0,3.947434902191162,3.947434902191162,3.947434902191162,4000,0.0,0.0
1987-06-10 00:00:00-04:00,0.0,3.947434902191162,3.7326084589502586,3.947434902191162,26000,0.0,0.0
1987-06-11 00:00:00-04:00,0.0,3.947434902191162,3.947434902191162,3.947434902191162,2000,0.0,0.0
1987-06-12 00:00:00-04:00,3.947434902191162,3.947434902191162,3.947434902191162,3.947434902191162,0,0.0,0.0
1987-06-15 00:00:00-04:00,0.0,3.947434902191162,3.947434902191162,3.947434902191162,10000,0.0,0.0
1987-06-16 00:00:00-04:00,3.947434902191162,3.947434902191162,3.947434902191162,3.947434902191162,0,0.0,0.0
1987-06-17 00:00:00-04:00,3.947434902191162,3.947434902191162,3.947434902191162,3.947434902191162,0,0.0,0.0
1987-06-18 00:00:00-04:00,0.0,3.947434902191162,3.947434902191162,3.947434902191162,1000,0.0,0.0
1987-06-19 00:00:00-04:00,3.947434902191162,3.947434902191162,3.947434902191162,3.947434902191162,0,0.0,0.0
1987-06-22 00:00:00-04:00,3.947434902191162,3.947434902191162,3.947434902191162,3.947434902191162,0,0.0,0.0
1987-06-23 00:00:00-04:00,3.947434902191162,3.947434902191162,3.947434902191162,3.947434902191162,0,0.0,0.0
1987-06-24 00:00:00-04:00,3.947434902191162,3.947434902191162,3.947434902191162,3.947434902191162,0,0.0,0.0
1987-06-25 00:00:00-04:00,0.0,3.947434902191162,3.947434902191162,3.947434902191162,1000,0.0,0.0
1987-06-26 00:00:00-04:00,0.0,3.947434902191162,3.947434902191162,3.947434902191162,2000,0.0,0.0
1987-06-29 00:00:00-04:00,0.0,3.947434902191162,3.947434902191162,3.947434902191162,4000,0.0,0.0
1987-06-30 00:00:00-04:00,0.0,3.947434902191162,3.947434902191162,3.947434902191162,3000,0.0,0.0
1987-07-01 00:00:00-04:00,0.0,3.9205827713012695,3.732609424768939,3.9205827713012695,12000,0.0,0.0
1987-07-02 00:00:00-04:00,0.0,3.947436828123157,3.866876840591431,3.8668768405914307,44000,0.0,0.0
1987-07-06 00:00:00-04:00,0.0,3.9474352577574714,3.7326087951660156,3.7326087951660156,17000,0.0,0.0
1987-07-07 00:00:00-04:00,0.0,3.920581388432106,3.8131680488586426,3.8131680488586426,6000,0.0,0.0
1987-07-08 00:00:00-04:00,0.0,3.9205827713012695,3.8937293629129135,3.9205827713012695,7000,0.0,0.0
1987-07-09 00:00:00-04:00,0.0,3.947434902191162,3.89372835540419,3.947434902191162,23000,0.0,0.0
1987-07-10 00:00:00-04:00,0.0,3.974290242664779,3.866876840591431,3.8668768405914307,7000,0.0,0.0
1987-07-13 00:00:00-04:00,0.0,3.772562265396118,3.772562265396118,3.772562265396118,16000,0.025,0.0
1987-07-14 00:00:00-04:00,0.0,3.8533995151519775,3.7725589155642782,3.8533995151519775,4000,0.0,0.0
1987-07-15 00:00:00-04:00,0.0,3.93424360813583,3.772562265396118,3.772562265396118,51000,0.0,0.0
1987-07-16 00:00:00-04:00,0.0,3.880350112915039,3.799509689009449,3.880350112915039,2000,0.0,0.0
1987-07-17 00:00:00-04:00,0.0,3.880350112915039,3.718669008118419,3.880350112915039,66000,0.0,0.0
1987-07-20 00:00:00-04:00,3.880350112915039,3.880350112915039,3.880350112915039,3.880350112915039,0,0.0,0.0
1987-07-21 00:00:00-04:00,0.0,3.772562265396118,3.772562265396118,3.772562265396118,1000,0.0,0.0
1987-07-22 00:00:00-04:00,0.0,3.93424360813583,3.772562265396118,3.772562265396118,3000,0.0,0.0
1987-07-23 00:00:00-04:00,0.0,3.9342434406280513,3.9342434406280513,3.9342434406280518,1000,0.0,0.0
1987-07-24 00:00:00-04:00,0.0,3.988134932378159,3.8264536857604976,3.826453685760498,33000,0.0,0.0
1987-07-27 00:00:00-04:00,0.0,3.880347348971299,3.8264536857604976,3.826453685760498,30000,0.0,0.0
1987-07-28 00:00:00-04:00,0.0,3.9881377220153804,3.9881377220153804,3.988137722015381,1000,0.0,0.0
1987-07-29 00:00:00-04:00,0.0,3.9881377220153804,3.826456362304248,3.988137722015381,4000,0.0,0.0
1987-07-30 00:00:00-04:00,0.0,3.988134932378159,3.8264536857604976,3.826453685760498,6000,0.0,0.0
1987-07-31 00:00:00-04:00,0.0,3.9881377220153804,3.826456362304248,3.988137722015381,2000,0.0,0.0
1987-08-03 00:00:00-04:00,3.9881377220153804,3.9881377220153804,3.9881377220153804,3.988137722015381,0,0.0,0.0
1987-08-04 00:00:00-04:00,0.0,3.8264536857604976,3.8264536857604976,3.826453685760498,5000,0.0,0.0
1987-08-05 00:00:00-04:00,3.8264536857604976,3.8264536857604976,3.8264536857604976,3.826453685760498,0,0.0,0.0
1987-08-06 00:00:00-04:00,0.0,3.8264536857604976,3.8264536857604976,3.826453685760498,2000,0.0,0.0
1987-08-07 00:00:00-04:00,0.0,3.93424360813583,3.772562265396118,3.772562265396118,11000,0.0,0.0
1987-08-10 00:00:00-04:00,0.0,3.772562265396118,3.772562265396118,3.772562265396118,1000,0.0,0.0
1987-08-11 00:00:00-04:00,0.0,3.8264536857604976,3.718666359338895,3.826453685760498,24000,0.0,0.0
1987-08-12 00:00:00-04:00,0.0,3.8264536857604976,3.8264536857604976,3.826453685760498,11000,0.0,0.0
1987-08-13 00:00:00-04:00,0.0,3.772562265396118,3.718668570144684,3.772562265396118,15000,0.0,0.0
1987-08-14 00:00:00-04:00,0.0,3.7186684608459473,3.7186684608459473,3.7186684608459473,4000,0.0,0.0
1987-08-17 00:00:00-04:00,0.0,3.772562265396118,3.718668570144684,3.772562265396118,11000,0.0,0.0
1987-08-18 00:00:00-04:00,0.0,3.6917209120914336,3.5569865703582764,3.5569865703582764,24000,0.0,0.0
1987-08-19 00:00:00-04:00,0.0,3.5569865703582764,3.5569865703582764,3.5569865703582764,12000,0.0,0.0
1987-08-20 00:00:00-04:00,0.0,3.6647717952728276,3.556984238361748,3.664771795272827,14000,0.0,0.0
1987-08-21 00:00:00-04:00,0.0,3.664772576642883,3.503091335296631,3.503091335296631,11000,0.0,0.0
1987-08-24 00:00:00-04:00,0.0,3.6108782291412354,3.5839315301089685,3.6108782291412354,5000,0.0,0.0
1987-08-25 00:00:00-04:00,0.0,3.6647717952728276,3.503090588398805,3.664771795272827,82000,0.0,0.0
1987-08-26 00:00:00-04:00,0.0,3.503091335296631,3.503091335296631,3.503091335296631,2000,0.0,0.0
1987-08-27 00:00:00-04:00,0.0,3.503091335296631,3.503091335296631,3.503091335296631,2000,0.0,0.0
1987-08-28 00:00:00-04:00,0.0,3.6647717952728276,3.503090588398805,3.664771795272827,12000,0.0,0.0
1987-08-31 00:00:00-04:00,0.0,3.664772576642883,3.503091335296631,3.503091335296631,12000,0.0,0.0
1987-09-01 00:00:00-04:00,3.503091335296631,3.503091335296631,3.503091335296631,3.503091335296631,0,0.0,0.0
1987-09-02 00:00:00-04:00,3.503091335296631,3.503091335296631,3.503091335296631,3.503091335296631,0,0.0,0.0
1987-09-03 00:00:00-04:00,0.0,3.5704596042633057,3.556986120397321,3.5704596042633057,272000,0.0,0.0
1987-09-04 00:00:00-04:00,0.0,3.503091335296631,3.503091335296631,3.503091335296631,2000,0.0,0.0
1987-09-08 00:00:00-04:00,0.0,3.6108782291412354,3.503090919041731,3.6108782291412354,6000,0.0,0.0
1987-09-09 00:00:00-04:00,0.0,3.5569865703582764,3.503092885062086,3.5569865703582764,22000,0.0,0.0
1987-09-10 00:00:00-04:00,0.0,3.6108782291412354,3.556984574091483,3.6108782291412354,4000,0.0,0.0
1987-09-11 00:00:00-04:00,3.6108782291412354,3.6108782291412354,3.6108782291412354,3.6108782291412354,0,0.0,0.0
1987-09-14 00:00:00-04:00,3.6108782291412354,3.6108782291412354,3.6108782291412354,3.6108782291412354,0,0.0,0.0
1987-09-15 00:00:00-04:00,0.0,3.449199914932251,3.449199914932251,3.449199914932251,3000,0.0,0.0
1987-09-16 00:00:00-04:00,0.0,3.6108782291412354,3.6108782291412354,3.6108782291412354,3000,0.0,0.0
1987-09-17 00:00:00-04:00,0.0,3.6108782291412354,3.6108782291412354,3.6108782291412354,3000,0.0,0.0
1987-09-18 00:00:00-04:00,0.0,3.5435135364532475,3.530040306150889,3.543513536453247,44000,0.0,0.0
1987-09-21 00:00:00-04:00,0.0,3.6108782291412354,3.6108782291412354,3.6108782291412354,1000,0.0,0.0
1987-09-22 00:00:00-04:00,0.0,3.6108804290445207,3.5300400257110596,3.5300400257110596,12000,0.0,0.0
1987-09-23 00:00:00-04:00,0.0,3.6108782291412354,3.449197263991979,3.6108782291412354,4000,0.0,0.0
1987-09-24 00:00:00-04:00,0.0,3.664774373913995,3.5300400257110596,3.5300400257110596,11000,0.0,0.0
1987-09-25 00:00:00-04:00,0.0,3.6647717952728276,3.6647717952728276,3.664771795272827,5000,0.0,0.0
1987-09-28 00:00:00-04:00,0.0,3.8264536857604976,3.5569851127212337,3.826453685760498,32000,0.0,0.0
1987-09-29 00:00:00-04:00,0.0,3.9342434406280513,3.718668411815416,3.9342434406280518,32000,0.0,0.0
1987-09-30 00:00:00-04:00,0.0,3.9342440714993523,3.718669008118419,3.880350112915039,39000,0.0,0.0
1987-10-01 00:00:00-04:00,0.0,3.880349655898986,3.718668570144684,3.772562265396118,9000,0.0,0.0
1987-10-02 00:00:00-04:00,0.0,3.880350112915039,3.718669008118419,3.880350112915039,16000,0.0,0.0
1987-10-05 00:00:00-04:00,0.0,3.9342434406280513,3.718668411815416,3.9342434406280518,14000,0.0,0.0
1987-10-06 00:00:00-04:00,0.0,3.7186684608459473,3.7186684608459473,3.7186684608459473,2000,0.0,0.0
1987-10-07 00:00:00-04:00,0.0,3.7186684608459473,3.7186684608459473,3.7186684608459473,6000,0.0,0.0
1987-10-08 00:00:00-04:00,0.0,3.880350112915039,3.880350112915039,3.880350112915039,1000,0.0,0.0
1987-10-09 00:00:00-04:00,0.0,3.731624603271485,3.731624603271485,3.7316246032714844,5000,0.025,0.0
1987-10-12 00:00:00-04:00,0.0,3.785706996917724,3.6234623081832065,3.7857069969177246,7000,0.0,0.0
1987-10-13 00:00:00-04:00,0.0,3.7857046494117146,3.515297174453735,3.5152971744537354,16000,0.0,0.0
1987-10-14 00:00:00-04:00,3.515297174453735,3.515297174453735,3.515297174453735,3.5152971744537354,0,0.0,0.0
1987-10-15 00:00:00-04:00,0.0,3.46121776706181,3.298973083496094,3.2989730834960938,22000,0.0,0.0
1987-10-16 00:00:00-04:00,0.0,3.2448902252182683,3.1908087730407715,3.1908087730407715,14000,0.0,0.0
1987-10-19 00:00:00-04:00,0.0,3.1908087730407715,2.9744827064500794,3.1908087730407715,9000,0.0,0.0
1987-10-20 00:00:00-04:00,0.0,3.0826467024228967,2.812239087898755,2.9204022884368896,18000,0.0,0.0
1987-10-21 00:00:00-04:00,0.0,2.9744837597655587,2.704076145241417,2.9204022884368896,18000,0.0,0.0
1987-10-22 00:00:00-04:00,0.0,3.136727895718774,2.839279467409307,2.9744832515716553,27000,0.0,0.0
1987-10-23 00:00:00-04:00,0.0,2.9744832515716553,2.8122386074245362,2.9744832515716553,7000,0.0,0.0
1987-10-26 00:00:00-05:00,0.0,2.7581563670474325,2.3795859813690186,2.3795859813690186,38000,0.0,0.0
1987-10-27 00:00:00-05:00,0.0,2.595912456512451,2.325504919704101,2.595912456512451,31000,0.0,0.0
1987-10-28 00:00:00-05:00,0.0,2.595912161946623,2.352545251706237,2.4066267013549805,42000,0.0,0.0
1987-10-29 00:00:00-05:00,0.0,2.704075574874878,2.43366801738739,2.704075574874878,16000,0.0,0.0
1987-10-30 00:00:00-05:00,0.0,2.758156559260033,2.54183049899086,2.649993658065796,21000,0.0,0.0
1987-11-02 00:00:00-05:00,0.0,2.9204015916341555,2.6499940416287844,2.8663201332092285,19000,0.0,0.0
1987-11-03 00:00:00-05:00,0.0,2.974482945033482,2.7040754045758932,2.8392791748046875,31000,0.0,0.0
1987-11-04 00:00:00-05:00,0.0,2.9744825966121184,2.7581565380096436,2.7581565380096436,6000,0.0,0.0
1987-11-05 00:00:00-05:00,2.7581565380096436,2.7581565380096436,2.7581565380096436,2.7581565380096436,0,0.0,0.0
1987-11-06 00:00:00-05:00,0.0,2.8122384548187256,2.8122384548187256,2.8122384548187256,9000,0.0,0.0
1987-11-09 00:00:00-05:00,0.0,2.866320133209228,2.8122384169035657,2.8663201332092285,15000,0.0,0.0
1987-11-10 00:00:00-05:00,0.0,2.8122384548187256,2.8122384548187256,2.8122384548187256,5000,0.0,0.0
1987-11-11 00:00:00-05:00,2.8122384548187256,2.8122384548187256,2.8122384548187256,2.8122384548187256,0,0.0,0.0
1987-11-12 00:00:00-05:00,0.0,3.082645496973008,2.7581565380096436,2.7581565380096436,11000,0.0,0.0
1987-11-13 00:00:00-05:00,0.0,3.0826468467712402,3.0826468467712402,3.0826468467712402,10000,0.0,0.0
1987-11-16 00:00:00-05:00,3.0826468467712402,3.0826468467712402,3.0826468467712402,3.0826468467712402,0,0.0,0.0
1987-11-17 00:00:00-05:00,0.0,3.0826468467712402,2.8122392195849626,3.0826468467712402,3000,0.0,0.0
1987-11-18 00:00:00-05:00,0.0,2.8122384548187256,2.8122384548187256,2.8122384548187256,5000,0.0,0.0
1987-11-19 00:00:00-05:00,0.0,2.8122384548187256,2.8122384548187256,2.8122384548187256,2000,0.0,0.0
1987-11-20 00:00:00-05:00,0.0,3.0826468467712402,3.0826468467712402,3.0826468467712402,1000,0.0,0.0
1987-11-23 00:00:00-05:00,0.0,3.028565406799316,2.8122392510534766,3.0285654067993164,21000,0.0,0.0
1987-11-24 00:00:00-05:00,0.0,2.866320133209228,2.866320133209228,2.8663201332092285,2000,0.0,0.0
1987-11-25 00:00:00-05:00,0.0,2.866320133209228,2.866320133209228,2.8663201332092285,5000,0.0,0.0
1987-11-27 00:00:00-05:00,2.866320133209228,2.866320133209228,2.866320133209228,2.8663201332092285,0,0.0,0.0
1987-11-30 00:00:00-05:00,0.0,3.028565406799316,2.8663209834005454,3.0285654067993164,28000,0.0,0.0
1987-12-01 00:00:00-05:00,3.028565406799316,3.028565406799316,3.028565406799316,3.0285654067993164,0,0.0,0.0
1987-12-02 00:00:00-05:00,0.0,2.893360853195191,2.8122385332609667,2.8933608531951904,6000,0.0,0.0
1987-12-03 00:00:00-05:00,0.0,2.9204022884368896,2.8933614238321566,2.9204022884368896,6000,0.0,0.0
1987-12-04 00:00:00-05:00,0.0,2.920401043681311,2.8122378892452997,2.9068806171417236,18000,0.0,0.0
1987-12-07 00:00:00-05:00,2.9068806171417236,2.9068806171417236,2.9068806171417236,2.9068806171417236,0,0.0,0.0
1987-12-08 00:00:00-05:00,0.0,2.947442313857758,2.893360853195191,2.8933608531951904,90000,0.0,0.0
1987-12-09 00:00:00-05:00,0.0,2.8122384548187256,2.8122384548187256,2.8122384548187256,3000,0.0,0.0
1987-12-10 00:00:00-05:00,0.0,3.028565406799316,3.028565406799316,3.0285654067993164,1000,0.0,0.0
1987-12-11 00:00:00-05:00,3.028565406799316,3.028565406799316,3.028565406799316,3.0285654067993164,0,0.0,0.0
1987-12-14 00:00:00-05:00,3.028565406799316,3.028565406799316,3.028565406799316,3.0285654067993164,0,0.0,0.0
1987-12-15 00:00:00-05:00,0.0,3.0015247397105282,2.947443008422852,2.9474430084228516,8000,0.0,0.0
1987-12-16 00:00:00-05:00,0.0,3.136727809906006,2.8663202489789623,3.136727809906006,21000,0.0,0.0
1987-12-17 00:00:00-05:00,3.136727809906006,3.136727809906006,3.136727809906006,3.136727809906006,0,0.0,0.0
1987-12-18 00:00:00-05:00,0.0,3.1908099029610315,2.9204022884368896,2.9204022884368896,29000,0.0,0.0
1987-12-21 00:00:00-05:00,0.0,2.9204022884368896,2.9204022884368896,2.9204022884368896,16000,0.0,0.0
1987-12-22 00:00:00-05:00,0.0,2.9880034923553467,2.9880034923553467,2.9880034923553467,9000,0.0,0.0
1987-12-23 00:00:00-05:00,0.0,3.0826468208804285,2.9204024006598206,2.9474430084228516,25000,0.0,0.0
1987-12-24 00:00:00-05:00,0.0,3.0826468467712402,3.0826468467712402,3.0826468467712402,2000,0.0,0.0
1987-12-28 00:00:00-05:00,0.0,3.0015251636505127,2.974484294187381,3.0015251636505127,20000,0.0,0.0
1987-12-29 00:00:00-05:00,3.0015251636505127,3.0015251636505127,3.0015251636505127,3.0015251636505127,0,0.0,0.0
1987-12-30 00:00:00-05:00,3.0015251636505127,3.0015251636505127,3.0015251636505127,3.0015251636505127,0,0.0,0.0
1987-12-31 00:00:00-05:00,0.0,3.1908093578075625,2.9204017894828667,2.9744832515716553,7000,0.0,0.0
1988-01-04 00:00:00-05:00,0.0,3.109687035734003,2.9744832515716553,2.9744832515716553,54000,0.0,0.0
1988-01-05 00:00:00-05:00,0.0,3.244890819896351,2.9744832515716553,2.9744832515716553,9000,0.0,0.0
1988-01-06 00:00:00-05:00,0.0,2.9744832515716553,2.9744832515716553,2.9744832515716553,1000,0.0,0.0
1988-01-07 00:00:00-05:00,0.0,3.0691254138946533,2.9744826800146336,3.0691254138946533,20000,0.0,0.0
1988-01-08 00:00:00-05:00,0.0,3.0691254138946533,2.9744826800146336,3.0691254138946533,16000,0.0,0.0
1988-01-11 00:00:00-05:00,0.0,3.096286535263062,3.096286535263062,3.0962865352630615,1000,0.025,0.0
1988-01-12 00:00:00-05:00,3.096286535263062,3.096286535263062,3.096286535263062,3.0962865352630615,0,0.0,0.0
1988-01-13 00:00:00-05:00,0.0,2.8790037631988525,2.8790037631988525,2.8790037631988525,3000,0.0,0.0
1988-01-14 00:00:00-05:00,2.8790037631988525,2.8790037631988525,2.8790037631988525,2.8790037631988525,0,0.0,0.0
1988-01-15 00:00:00-05:00,2.8790037631988525,2.8790037631988525,2.8790037631988525,2.8790037631988525,0,0.0,0.0
1988-01-18 00:00:00-05:00,2.8790037631988525,2.8790037631988525,2.8790037631988525,2.8790037631988525,0,0.0,0.0
1988-01-19 00:00:00-05:00,0.0,3.1506083011627193,3.1506083011627193,3.1506083011627197,3000,0.0,0.0
1988-01-20 00:00:00-05:00,3.1506083011627193,3.1506083011627193,3.1506083011627193,3.1506083011627197,0,0.0,0.0
1988-01-21 00:00:00-05:00,3.1506083011627193,3.1506083011627193,3.1506083011627193,3.1506083011627197,0,0.0,0.0
1988-01-22 00:00:00-05:00,0.0,3.0419637401224646,2.9061617851257324,2.9061617851257324,9000,0.0,0.0
1988-01-25 00:00:00-05:00,2.9061617851257324,2.9061617851257324,2.9061617851257324,2.9061617851257324,0,0.0,0.0
1988-01-26 00:00:00-05:00,0.0,3.096284470316823,2.9061617851257324,2.9061617851257324,12000,0.0,0.0
1988-01-27 00:00:00-05:00,0.0,2.9061617851257324,2.9061617851257324,2.9061617851257324,1000,0.0,0.0
1988-01-28 00:00:00-05:00,2.9061617851257324,2.9061617851257324,2.9061617851257324,2.9061617851257324,0,0.0,0.0
1988-01-29 00:00:00-05:00,2.9061617851257324,2.9061617851257324,2.9061617851257324,2.9061617851257324,0,0.0,0.0
1988-02-01 00:00:00-05:00,0.0,3.1506083011627193,3.1506083011627193,3.1506083011627197,1000,0.0,0.0
1988-02-02 00:00:00-05:00,3.1506083011627193,3.1506083011627193,3.1506083011627193,3.1506083011627197,0,0.0,0.0
1988-02-03 00:00:00-05:00,3.1506083011627193,3.1506083011627193,3.1506083011627193,3.1506083011627197,0,0.0,0.0
1988-02-04 00:00:00-05:00,0.0,2.9197420324297405,2.9061617851257324,2.9061617851257324,2000,0.0,0.0
1988-02-05 00:00:00-05:00,2.9061617851257324,2.9061617851257324,2.9061617851257324,2.9061617851257324,0,0.0,0.0
1988-02-08 00:00:00-05:00,0.0,2.9333238601684566,2.9333238601684566,2.933323860168457,3000,0.0,0.0
1988-02-09 00:00:00-05:00,2.9333238601684566,2.9333238601684566,2.9333238601684566,2.933323860168457,0,0.0,0.0
1988-02-10 00:00:00-05:00,2.9333238601684566,2.9333238601684566,2.9333238601684566,2.933323860168457,0,0.0,0.0
1988-02-11 00:00:00-05:00,0.0,2.9333238601684566,2.9333238601684566,2.933323860168457,3000,0.0,0.0
1988-02-12 00:00:00-05:00,2.9333238601684566,2.9333238601684566,2.9333238601684566,2.933323860168457,0,0.0,0.0
1988-02-16 00:00:00-05:00,2.9333238601684566,2.9333238601684566,2.9333238601684566,2.933323860168457,0,0.0,0.0
1988-02-17 00:00:00-05:00,0.0,3.2049286365509033,3.2049286365509033,3.2049286365509033,1000,0.0,0.0
1988-02-18 00:00:00-05:00,3.2049286365509033,3.2049286365509033,3.2049286365509033,3.2049286365509033,0,0.0,0.0
1988-02-19 00:00:00-05:00,0.0,2.9333238601684566,2.9333238601684566,2.933323860168457,1000,0.0,0.0
1988-02-22 00:00:00-05:00,2.9333238601684566,2.9333238601684566,2.9333238601684566,2.933323860168457,0,0.0,0.0
1988-02-23 00:00:00-05:00,0.0,3.069126716445053,3.041966199874878,3.041966199874878,2000,0.0,0.0
1988-02-24 00:00:00-05:00,3.041966199874878,3.041966199874878,3.041966199874878,3.041966199874878,0,0.0,0.0
1988-02-25 00:00:00-05:00,0.0,3.2592480182647705,3.014804520503617,3.2592480182647705,2000,0.0,0.0
1988-02-26 00:00:00-05:00,0.0,3.041966199874878,3.0148059423265856,3.041966199874878,25000,0.0,0.0
1988-02-29 00:00:00-05:00,0.0,3.096286535263062,3.014805515141807,3.0962865352630615,6000,0.0,0.0
1988-03-01 00:00:00-05:00,3.096286535263062,3.096286535263062,3.096286535263062,3.0962865352630615,0,0.0,0.0
1988-03-02 00:00:00-05:00,3.096286535263062,3.096286535263062,3.096286535263062,3.0962865352630615,0,0.0,0.0
1988-03-03 00:00:00-05:00,3.096286535263062,3.096286535263062,3.096286535263062,3.0962865352630615,0,0.0,0.0
1988-03-04 00:00:00-05:00,0.0,3.014805555343628,3.014805555343628,3.014805555343628,1000,0.0,0.0
1988-03-07 00:00:00-05:00,3.014805555343628,3.014805555343628,3.014805555343628,3.014805555343628,0,0.0,0.0
1988-03-08 00:00:00-05:00,0.0,3.014805555343628,3.014805555343628,3.014805555343628,1000,0.0,0.0
1988-03-09 00:00:00-05:00,0.0,3.1506083011627193,3.0148062236819455,3.1506083011627197,6000,0.0,0.0
1988-03-10 00:00:00-05:00,0.0,3.0419658094056072,3.014805555343628,3.014805555343628,19000,0.0,0.0
1988-03-11 00:00:00-05:00,0.0,3.041966199874878,3.0148059423265856,3.041966199874878,8000,0.0,0.0
1988-03-14 00:00:00-05:00,0.0,3.123447089635244,3.014805555343628,3.014805555343628,16000,0.0,0.0
1988-03-15 00:00:00-05:00,3.014805555343628,3.014805555343628,3.014805555343628,3.014805555343628,0,0.0,0.0
1988-03-16 00:00:00-05:00,3.014805555343628,3.014805555343628,3.014805555343628,3.014805555343628,0,0.0,0.0
1988-03-17 00:00:00-05:00,3.014805555343628,3.014805555343628,3.014805555343628,3.014805555343628,0,0.0,0.0
1988-03-18 00:00:00-05:00,0.0,3.123447895050049,3.123447895050049,3.123447895050049,1000,0.0,0.0
1988-03-21 00:00:00-05:00,3.123447895050049,3.123447895050049,3.123447895050049,3.123447895050049,0,0.0,0.0
1988-03-22 00:00:00-05:00,0.0,3.123447895050049,3.123447895050049,3.123447895050049,23000,0.0,0.0
1988-03-23 00:00:00-05:00,0.0,3.096286535263062,3.096286535263062,3.0962865352630615,1000,0.0,0.0
1988-03-24 00:00:00-05:00,3.096286535263062,3.096286535263062,3.096286535263062,3.0962865352630615,0,0.0,0.0
1988-03-25 00:00:00-05:00,3.096286535263062,3.096286535263062,3.096286535263062,3.0962865352630615,0,0.0,0.0
1988-03-28 00:00:00-05:00,3.096286535263062,3.096286535263062,3.096286535263062,3.0962865352630615,0,0.0,0.0
1988-03-29 00:00:00-05:00,3.096286535263062,3.096286535263062,3.096286535263062,3.0962865352630615,0,0.0,0.0
1988-03-30 00:00:00-05:00,3.096286535263062,3.096286535263062,3.096286535263062,3.0962865352630615,0,0.0,0.0
1988-03-31 00:00:00-05:00,0.0,3.476531271286774,3.2592480182647705,3.2592480182647705,24000,0.0,0.0
1988-04-04 00:00:00-04:00,0.0,3.3135687667648313,3.2592480182647705,3.2592480182647705,13000,0.0,0.0
1988-04-05 00:00:00-04:00,0.0,3.2592480182647705,3.2592480182647705,3.2592480182647705,1000,0.0,0.0
1988-04-06 00:00:00-04:00,0.0,3.5308532714843746,3.5308532714843746,3.530853271484375,4000,0.0,0.0
1988-04-07 00:00:00-04:00,0.0,3.5308532714843746,3.5308532714843746,3.530853271484375,1000,0.0,0.0
1988-04-08 00:00:00-04:00,0.0,3.53085205078125,3.395050048828125,3.395050048828125,2000,0.0,0.0
1988-04-11 00:00:00-04:00,0.0,3.272339105606079,3.272339105606079,3.272339105606079,2000,0.025,0.0
1988-04-12 00:00:00-04:00,3.272339105606079,3.272339105606079,3.272339105606079,3.272339105606079,0,0.0,0.0
1988-04-13 00:00:00-04:00,3.272339105606079,3.272339105606079,3.272339105606079,3.272339105606079,0,0.0,0.0
1988-04-14 00:00:00-04:00,3.272339105606079,3.272339105606079,3.272339105606079,3.272339105606079,0,0.0,0.0
1988-04-15 00:00:00-04:00,0.0,3.299607038497925,3.27233745567582,3.299607038497925,20000,0.0,0.0
1988-04-18 00:00:00-04:00,0.0,3.5450313091278076,3.5450313091278076,3.5450313091278076,3000,0.0,0.0
1988-04-19 00:00:00-04:00,0.0,3.4086854457855225,3.4086854457855225,3.4086854457855225,3000,0.0,0.0
1988-04-20 00:00:00-04:00,0.0,3.272339105606079,3.272339105606079,3.272339105606079,4000,0.0,0.0
1988-04-21 00:00:00-04:00,3.272339105606079,3.272339105606079,3.272339105606079,3.272339105606079,0,0.0,0.0
1988-04-22 00:00:00-04:00,3.272339105606079,3.272339105606079,3.272339105606079,3.272339105606079,0,0.0,0.0
1988-04-25 00:00:00-04:00,3.272339105606079,3.272339105606079,3.272339105606079,3.272339105606079,0,0.0,0.0
1988-04-26 00:00:00-04:00,0.0,3.2450687885284424,3.2450687885284424,3.2450687885284424,1000,0.0,0.0
1988-04-27 00:00:00-04:00,3.2450687885284424,3.2450687885284424,3.2450687885284424,3.2450687885284424,0,0.0,0.0
1988-04-28 00:00:00-04:00,3.2450687885284424,3.2450687885284424,3.2450687885284424,3.2450687885284424,0,0.0,0.0
1988-04-29 00:00:00-04:00,0.0,3.2450687885284424,3.2450687885284424,3.2450687885284424,1000,0.0,0.0
1988-05-02 00:00:00-04:00,0.0,3.2450687885284424,3.2450687885284424,3.2450687885284424,2000,0.0,0.0
1988-05-03 00:00:00-04:00,3.2450687885284424,3.2450687885284424,3.2450687885284424,3.2450687885284424,0,0.0,0.0
1988-05-04 00:00:00-04:00,3.2450687885284424,3.2450687885284424,3.2450687885284424,3.2450687885284424,0,0.0,0.0
1988-05-05 00:00:00-04:00,0.0,3.2450687885284424,3.2450687885284424,3.2450687885284424,1000,0.0,0.0
1988-05-06 00:00:00-04:00,0.0,3.258703947067261,3.258703947067261,3.2587039470672607,4000,0.0,0.0
1988-05-09 00:00:00-04:00,0.0,3.258703947067261,3.245069150288814,3.2587039470672607,21000,0.0,0.0
1988-05-10 00:00:00-04:00,0.0,3.490495204925537,3.2450696084490414,3.490495204925537,38000,0.0,0.0
1988-05-11 00:00:00-04:00,3.490495204925537,3.490495204925537,3.490495204925537,3.490495204925537,0,0.0,0.0
1988-05-12 00:00:00-04:00,0.0,3.217798709869385,3.217798709869385,3.2177987098693848,6000,0.0,0.0
1988-05-13 00:00:00-04:00,3.217798709869385,3.217798709869385,3.217798709869385,3.2177987098693848,0,0.0,0.0
1988-05-16 00:00:00-04:00,3.217798709869385,3.217798709869385,3.217798709869385,3.2177987098693848,0,0.0,0.0
1988-05-17 00:00:00-04:00,3.217798709869385,3.217798709869385,3.217798709869385,3.2177987098693848,0,0.0,0.0
1988-05-18 00:00:00-04:00,0.0,3.217798709869385,3.217798709869385,3.2177987098693848,1000,0.0,0.0
1988-05-19 00:00:00-04:00,0.0,3.4359544935821518,3.217798607312139,3.3541460037231445,12000,0.0,0.0
1988-05-20 00:00:00-04:00,3.3541460037231445,3.3541460037231445,3.3541460037231445,3.3541460037231445,0,0.0,0.0
1988-05-23 00:00:00-04:00,0.0,3.3268765264498947,3.217798709869385,3.2177987098693848,4000,0.0,0.0
1988-05-24 00:00:00-04:00,0.0,3.435956001281738,3.435956001281738,3.4359560012817383,2000,0.0,0.0
1988-05-25 00:00:00-04:00,3.435956001281738,3.435956001281738,3.435956001281738,3.4359560012817383,0,0.0,0.0
1988-05-26 00:00:00-04:00,0.0,3.3268756866455083,3.272336792122525,3.326875686645508,35000,0.0,0.0
1988-05-27 00:00:00-04:00,0.0,3.2450687885284424,3.2450687885284424,3.2450687885284424,1000,0.0,0.0
1988-05-31 00:00:00-04:00,0.0,3.245068033983498,3.217798709869385,3.2177987098693848,17000,0.0,0.0
1988-06-01 00:00:00-04:00,0.0,3.272339105606079,3.2178001725250738,3.272339105606079,176000,0.0,0.0
1988-06-02 00:00:00-04:00,0.0,3.245070317376822,3.231435775756836,3.231435775756836,208000,0.0,0.0
1988-06-03 00:00:00-04:00,0.0,3.2450687885284424,3.2450687885284424,3.2450687885284424,3000,0.0,0.0
1988-06-06 00:00:00-04:00,0.0,3.3268756866455083,3.2177978975995423,3.326875686645508,23000,0.0,0.0
1988-06-07 00:00:00-04:00,3.3268756866455083,3.3268756866455083,3.3268756866455083,3.326875686645508,0,0.0,0.0
1988-06-08 00:00:00-04:00,0.0,3.4086854457855225,3.3268769430742577,3.4086854457855225,24000,0.0,0.0
1988-06-09 00:00:00-04:00,0.0,3.3268756866455083,3.3268756866455083,3.326875686645508,1000,0.0,0.0
1988-06-10 00:00:00-04:00,3.3268756866455083,3.3268756866455083,3.3268756866455083,3.326875686645508,0,0.0,0.0
1988-06-13 00:00:00-04:00,0.0,3.2450687885284424,3.2450687885284424,3.2450687885284424,4000,0.0,0.0
1988-06-14 00:00:00-04:00,0.0,3.2450687885284424,3.2450687885284424,3.2450687885284424,1000,0.0,0.0
1988-06-15 00:00:00-04:00,0.0,3.490493441587913,3.381415367126465,3.381415367126465,19000,0.0,0.0
1988-06-16 00:00:00-04:00,0.0,3.5450313091278076,3.2723365930410533,3.5450313091278076,3000,0.0,0.0
1988-06-17 00:00:00-04:00,3.5450313091278076,3.5450313091278076,3.5450313091278076,3.5450313091278076,0,0.0,0.0
1988-06-20 00:00:00-04:00,3.5450313091278076,3.5450313091278076,3.5450313091278076,3.5450313091278076,0,0.0,0.0
1988-06-21 00:00:00-04:00,3.5450313091278076,3.5450313091278076,3.5450313091278076,3.5450313091278076,0,0.0,0.0
1988-06-22 00:00:00-04:00,0.0,3.5450328636169433,3.3268769430742577,3.4086854457855225,9000,0.0,0.0
1988-06-23 00:00:00-04:00,0.0,3.490495204925537,3.490495204925537,3.490495204925537,2000,0.0,0.0
1988-06-24 00:00:00-04:00,0.0,3.5450313091278076,3.3268754842460146,3.5450313091278076,15000,0.0,0.0
1988-06-27 00:00:00-04:00,0.0,3.4632263183593754,3.381417769409017,3.463226318359375,3000,0.0,0.0
1988-06-28 00:00:00-04:00,0.0,3.5450313091278076,3.5450313091278076,3.5450313091278076,1000,0.0,0.0
1988-06-29 00:00:00-04:00,3.5450313091278076,3.5450313091278076,3.5450313091278076,3.5450313091278076,0,0.0,0.0
1988-06-30 00:00:00-04:00,0.0,3.490495204925537,3.38141707535971,3.490495204925537,9000,0.0,0.0
1988-07-01 00:00:00-04:00,0.0,3.490494931765452,3.435956001281738,3.4359560012817383,2000,0.0,0.0
1988-07-05 00:00:00-04:00,0.0,3.4086849507573325,3.381415367126465,3.381415367126465,24000,0.0,0.0
1988-07-06 00:00:00-04:00,3.381415367126465,3.381415367126465,3.381415367126465,3.381415367126465,0,0.0,0.0
1988-07-07 00:00:00-04:00,0.0,3.6541092395782475,3.47685777096557,3.654109239578247,30000,0.0,0.0
1988-07-08 00:00:00-04:00,0.0,3.5450313091278076,3.5450313091278076,3.5450313091278076,5000,0.0,0.0
1988-07-11 00:00:00-04:00,0.0,3.6134688735562928,3.558719396591187,3.5587193965911865,4000,0.025,0.0
1988-07-12 00:00:00-04:00,0.0,3.613471508026123,3.449222957382289,3.613471508026123,10000,0.0,0.0
1988-07-13 00:00:00-04:00,3.613471508026123,3.613471508026123,3.613471508026123,3.613471508026123,0,0.0,0.0
1988-07-14 00:00:00-04:00,0.0,3.613471508026123,3.613471508026123,3.613471508026123,2000,0.0,0.0
1988-07-15 00:00:00-04:00,0.0,3.449219703674316,3.449219703674316,3.4492197036743164,1000,0.0,0.0
1988-07-18 00:00:00-04:00,3.449219703674316,3.449219703674316,3.449219703674316,3.4492197036743164,0,0.0,0.0
1988-07-19 00:00:00-04:00,0.0,3.6134681237125794,3.503969192504883,3.503969192504883,10000,0.0,0.0
1988-07-20 00:00:00-04:00,3.503969192504883,3.503969192504883,3.503969192504883,3.503969192504883,0,0.0,0.0
1988-07-21 00:00:00-04:00,3.503969192504883,3.503969192504883,3.503969192504883,3.503969192504883,0,0.0,0.0
1988-07-22 00:00:00-04:00,3.503969192504883,3.503969192504883,3.503969192504883,3.503969192504883,0,0.0,0.0
1988-07-25 00:00:00-04:00,3.503969192504883,3.503969192504883,3.503969192504883,3.503969192504883,0,0.0,0.0
1988-07-26 00:00:00-04:00,3.503969192504883,3.503969192504883,3.503969192504883,3.503969192504883,0,0.0,0.0
1988-07-27 00:00:00-04:00,0.0,3.449219703674316,3.449219703674316,3.4492197036743164,1000,0.0,0.0
1988-07-28 00:00:00-04:00,3.449219703674316,3.449219703674316,3.449219703674316,3.4492197036743164,0,0.0,0.0
1988-07-29 00:00:00-04:00,0.0,3.613471508026123,3.613471508026123,3.613471508026123,1000,0.0,0.0
1988-08-01 00:00:00-04:00,0.0,3.722968088552604,3.558719396591187,3.5587193965911865,27000,0.0,0.0
1988-08-02 00:00:00-04:00,0.0,3.6271555553800527,3.503969192504883,3.503969192504883,14000,0.0,0.0
1988-08-03 00:00:00-04:00,0.0,3.517656624172356,3.503969192504883,3.503969192504883,92000,0.0,0.0
1988-08-04 00:00:00-04:00,0.0,3.668218612670898,3.668218612670898,3.6682186126708984,1000,0.0,0.0
1988-08-05 00:00:00-04:00,0.0,3.777717835492579,3.503970170037553,3.6682186126708984,14000,0.0,0.0
1988-08-08 00:00:00-04:00,0.0,3.668218612670898,3.668218612670898,3.6682186126708984,3000,0.0,0.0
1988-08-09 00:00:00-04:00,0.0,3.8324692249298096,3.8324692249298096,3.8324692249298096,2000,0.0,0.0
1988-08-10 00:00:00-04:00,0.0,3.695594310760498,3.6682194336617275,3.695594310760498,23000,0.0,0.0
1988-08-11 00:00:00-04:00,0.0,3.668218612670898,3.668218612670898,3.6682186126708984,14000,0.0,0.0
1988-08-12 00:00:00-04:00,0.0,3.7229688167572017,3.6134695803430783,3.722968816757202,4000,0.0,0.0
1988-08-15 00:00:00-04:00,3.7229688167572017,3.7229688167572017,3.7229688167572017,3.722968816757202,0,0.0,0.0
1988-08-16 00:00:00-04:00,0.0,3.805092334747315,3.6134690267143763,3.8050923347473145,3000,0.0,0.0
1988-08-17 00:00:00-04:00,0.0,3.832469836617525,3.613471508026123,3.613471508026123,6000,0.0,0.0
1988-08-18 00:00:00-04:00,0.0,3.613471508026123,3.613471508026123,3.613471508026123,9000,0.0,0.0
1988-08-19 00:00:00-04:00,0.0,3.558719396591187,3.558719396591187,3.5587193965911865,2000,0.0,0.0
1988-08-22 00:00:00-04:00,0.0,3.503969192504883,3.503969192504883,3.503969192504883,1000,0.0,0.0
1988-08-23 00:00:00-04:00,0.0,3.503969192504883,3.503969192504883,3.503969192504883,1000,0.0,0.0
1988-08-24 00:00:00-04:00,3.503969192504883,3.503969192504883,3.503969192504883,3.503969192504883,0,0.0,0.0
1988-08-25 00:00:00-04:00,0.0,3.558719396591187,3.5039699196260807,3.5587193965911865,10000,0.0,0.0
1988-08-26 00:00:00-04:00,3.558719396591187,3.558719396591187,3.558719396591187,3.5587193965911865,0,0.0,0.0
1988-08-29 00:00:00-04:00,0.0,3.449219703674316,3.449219703674316,3.4492197036743164,5000,0.0,0.0
1988-08-30 00:00:00-04:00,0.0,3.558719396591187,3.3944707046297693,3.5587193965911865,6000,0.0,0.0
1988-08-31 00:00:00-04:00,0.0,3.558719624202285,3.339721441268921,3.339721441268921,14000,0.0,0.0
1988-09-01 00:00:00-04:00,0.0,3.4765957034687354,3.3397218548198393,3.408158779144287,13000,0.0,0.0
1988-09-02 00:00:00-04:00,3.408158779144287,3.408158779144287,3.408158779144287,3.408158779144287,0,0.0,0.0
1988-09-06 00:00:00-04:00,3.408158779144287,3.408158779144287,3.408158779144287,3.408158779144287,0,0.0,0.0
1988-09-07 00:00:00-04:00,0.0,3.558719396591187,3.558719396591187,3.5587193965911865,3000,0.0,0.0
1988-09-08 00:00:00-04:00,3.558719396591187,3.558719396591187,3.558719396591187,3.5587193965911865,0,0.0,0.0
1988-09-09 00:00:00-04:00,0.0,3.558719396591187,3.558719396591187,3.5587193965911865,2000,0.0,0.0
1988-09-12 00:00:00-04:00,3.558719396591187,3.558719396591187,3.558719396591187,3.5587193965911865,0,0.0,0.0
1988-09-13 00:00:00-04:00,3.558719396591187,3.558719396591187,3.558719396591187,3.5587193965911865,0,0.0,0.0
1988-09-14 00:00:00-04:00,3.558719396591187,3.558719396591187,3.558719396591187,3.5587193965911865,0,0.0,0.0
1988-09-15 00:00:00-04:00,3.558719396591187,3.558719396591187,3.558719396591187,3.5587193965911865,0,0.0,0.0
1988-09-16 00:00:00-04:00,0.0,3.394471168518067,3.394471168518067,3.3944711685180664,3000,0.0,0.0
1988-09-19 00:00:00-04:00,0.0,3.558719396591187,3.558719396591187,3.5587193965911865,2000,0.0,0.0
1988-09-20 00:00:00-04:00,0.0,3.668218612670898,3.668218612670898,3.6682186126708984,2000,0.0,0.0
1988-09-21 00:00:00-04:00,0.0,3.394471168518067,3.394471168518067,3.3944711685180664,1000,0.0,0.0
1988-09-22 00:00:00-04:00,0.0,3.558719396591187,3.4492204426609745,3.5587193965911865,7000,0.0,0.0
1988-09-23 00:00:00-04:00,3.558719396591187,3.558719396591187,3.558719396591187,3.5587193965911865,0,0.0,0.0
1988-09-26 00:00:00-04:00,0.0,3.6134688735562928,3.4492204426609745,3.5587193965911865,20000,0.0,0.0
1988-09-27 00:00:00-04:00,3.558719396591187,3.558719396591187,3.558719396591187,3.5587193965911865,0,0.0,0.0
1988-09-28 00:00:00-04:00,3.558719396591187,3.558719396591187,3.558719396591187,3.5587193965911865,0,0.0,0.0
1988-09-29 00:00:00-04:00,3.558719396591187,3.558719396591187,3.558719396591187,3.5587193965911865,0,0.0,0.0
1988-09-30 00:00:00-04:00,0.0,3.503969192504883,3.503969192504883,3.503969192504883,3000,0.0,0.0
1988-10-03 00:00:00-04:00,3.503969192504883,3.503969192504883,3.503969192504883,3.503969192504883,0,0.0,0.0
1988-10-04 00:00:00-04:00,3.503969192504883,3.503969192504883,3.503969192504883,3.503969192504883,0,0.0,0.0
1988-10-05 00:00:00-04:00,0.0,3.695594310760498,3.695594310760498,3.695594310760498,1000,0.0,0.0
1988-10-06 00:00:00-04:00,0.0,3.640846396999907,3.5860968801186286,3.613471508026123,51000,0.0,0.0
1988-10-07 00:00:00-04:00,3.613471508026123,3.613471508026123,3.613471508026123,3.613471508026123,0,0.0,0.0
1988-10-10 00:00:00-04:00,0.0,3.7777185440063477,3.7777185440063477,3.7777185440063477,2000,0.0,0.0
1988-10-11 00:00:00-04:00,0.0,3.7503445609029353,3.5860960483551025,3.5860960483551025,3000,0.0,0.0
1988-10-12 00:00:00-04:00,0.0,3.640843868255615,3.5860943894005297,3.6408438682556152,28000,0.0,0.0
1988-10-13 00:00:00-04:00,0.0,3.5860960483551025,3.5860960483551025,3.5860960483551025,3000,0.0,0.0
1988-10-14 00:00:00-04:00,0.0,3.6271581112255036,3.5860960483551025,3.5860960483551025,17000,0.0,0.0
1988-10-17 00:00:00-04:00,3.728401899337769,3.728401899337769,3.728401899337769,3.7284018993377686,0,0.25,0.0
1988-10-18 00:00:00-04:00,0.0,3.8991660658851583,3.7568607330322266,3.7568607330322266,37000,0.0,0.0
1988-10-19 00:00:00-04:00,0.0,3.8991660658851583,3.7568607330322266,3.7568607330322266,11000,0.0,0.0
1988-10-20 00:00:00-04:00,0.0,3.7853219081731657,3.7568607330322266,3.7568607330322266,42000,0.0,0.0
1988-10-21 00:00:00-04:00,0.0,3.813784776638397,3.785323858261109,3.7853238582611084,49000,0.0,0.0
1988-10-24 00:00:00-04:00,0.0,3.8422465324401855,3.813785338444278,3.8422465324401855,14000,0.0,0.0
1988-10-25 00:00:00-04:00,0.0,3.7568607330322266,3.7568607330322266,3.7568607330322266,7000,0.0,0.0
1988-10-26 00:00:00-04:00,0.0,3.778207778930664,3.756862025941842,3.778207778930664,15000,0.0,0.0
1988-10-27 00:00:00-04:00,0.0,3.8422459664417072,3.7568626684577984,3.7853238582611084,7000,0.0,0.0
1988-10-28 00:00:00-04:00,0.0,3.778207778930664,3.756862025941842,3.778207778930664,14000,0.0,0.0
1988-10-31 00:00:00-05:00,0.0,3.813785552978516,3.77109403100922,3.8137855529785156,8000,0.0,0.0
1988-11-01 00:00:00-05:00,0.0,3.842243987029162,3.7568607330322266,3.7568607330322266,4000,0.0,0.0
1988-11-02 00:00:00-05:00,3.7568607330322266,3.7568607330322266,3.7568607330322266,3.7568607330322266,0,0.0,0.0
1988-11-03 00:00:00-05:00,3.7568607330322266,3.7568607330322266,3.7568607330322266,3.7568607330322266,0,0.0,0.0
1988-11-04 00:00:00-05:00,0.0,3.7568607330322266,3.7568607330322266,3.7568607330322266,4000,0.0,0.0
1988-11-07 00:00:00-05:00,0.0,3.7639780044555664,3.7639780044555664,3.7639780044555664,5000,0.0,0.0
1988-11-08 00:00:00-05:00,3.7639780044555664,3.7639780044555664,3.7639780044555664,3.7639780044555664,0,0.0,0.0
1988-11-09 00:00:00-05:00,0.0,3.7568607330322266,3.7568607330322266,3.7568607330322266,1000,0.0,0.0
1988-11-10 00:00:00-05:00,0.0,3.813785552978516,3.756863433210762,3.8137855529785156,4000,0.0,0.0
1988-11-11 00:00:00-05:00,0.0,3.7710931660097073,3.756862571475411,3.7639780044555664,107000,0.0,0.0
1988-11-14 00:00:00-05:00,3.7639780044555664,3.7639780044555664,3.7639780044555664,3.7639780044555664,0,0.0,0.0
1988-11-15 00:00:00-05:00,3.7639780044555664,3.7639780044555664,3.7639780044555664,3.7639780044555664,0,0.0,0.0
1988-11-16 00:00:00-05:00,0.0,3.75686158106966,3.699939489364624,3.699939489364624,4000,0.0,0.0
1988-11-17 00:00:00-05:00,3.699939489364624,3.699939489364624,3.699939489364624,3.699939489364624,0,0.0,0.0
1988-11-18 00:00:00-05:00,3.699939489364624,3.699939489364624,3.699939489364624,3.699939489364624,0,0.0,0.0
1988-11-21 00:00:00-05:00,0.0,3.870706558227539,3.870706558227539,3.870706558227539,1000,0.0,0.0
1988-11-22 00:00:00-05:00,0.0,3.699939489364624,3.699939489364624,3.699939489364624,2000,0.0,0.0
1988-11-23 00:00:00-05:00,3.699939489364624,3.699939489364624,3.699939489364624,3.699939489364624,0,0.0,0.0
1988-11-25 00:00:00-05:00,0.0,3.8137836727746963,3.699939489364624,3.699939489364624,7000,0.0,0.0
1988-11-28 00:00:00-05:00,0.0,3.7568607330322266,3.69993865417623,3.7568607330322266,55000,0.0,0.0
1988-11-29 00:00:00-05:00,0.0,3.7568607330322266,3.69993865417623,3.7568607330322266,5000,0.0,0.0
1988-11-30 00:00:00-05:00,3.7568607330322266,3.7568607330322266,3.7568607330322266,3.7568607330322266,0,0.0,0.0
1988-12-01 00:00:00-05:00,0.0,3.7568607330322266,3.69993865417623,3.7568607330322266,46000,0.0,0.0
1988-12-02 00:00:00-05:00,0.0,3.699939489364624,3.699939489364624,3.699939489364624,1000,0.0,0.0
1988-12-05 00:00:00-05:00,0.0,3.728401899337769,3.699940708395086,3.7284018993377686,12000,0.0,0.0
1988-12-06 00:00:00-05:00,3.728401899337769,3.728401899337769,3.728401899337769,3.7284018993377686,0,0.0,0.0
1988-12-07 00:00:00-05:00,0.0,3.6857080459594727,3.6430165549130913,3.6857080459594727,43000,0.0,0.0
1988-12-08 00:00:00-05:00,0.0,3.6714789867401123,3.6714789867401123,3.6714789867401123,7000,0.0,0.0
1988-12-09 00:00:00-05:00,0.0,3.7568622757999743,3.6430180713374876,3.6714789867401123,217000,0.0,0.0
1988-12-12 00:00:00-05:00,0.0,3.6785945892333984,3.643018239765814,3.6785945892333984,10000,0.0,0.0
1988-12-13 00:00:00-05:00,3.6785945892333984,3.6785945892333984,3.6785945892333984,3.6785945892333984,0,0.0,0.0
1988-12-14 00:00:00-05:00,0.0,3.6999401735687307,3.6430180713374876,3.6714789867401123,27000,0.0,0.0
1988-12-15 00:00:00-05:00,3.6714789867401123,3.6714789867401123,3.6714789867401123,3.6714789867401123,0,0.0,0.0
1988-12-16 00:00:00-05:00,0.0,3.728401899337769,3.6430185979357526,3.7284018993377686,9000,0.0,0.0
1988-12-19 00:00:00-05:00,0.0,3.6999401735687307,3.6714789867401123,3.6714789867401123,21000,0.0,0.0
1988-12-20 00:00:00-05:00,3.6714789867401123,3.6714789867401123,3.6714789867401123,3.6714789867401123,0,0.0,0.0
1988-12-21 00:00:00-05:00,0.0,3.699939489364624,3.6430173976595874,3.699939489364624,34000,0.0,0.0
1988-12-22 00:00:00-05:00,0.0,3.870706558227539,3.870706558227539,3.870706558227539,2000,0.0,0.0
1988-12-23 00:00:00-05:00,3.870706558227539,3.870706558227539,3.870706558227539,3.870706558227539,0,0.0,0.0
1988-12-27 00:00:00-05:00,0.0,3.6430180072784424,3.6430180072784424,3.6430180072784424,1000,0.0,0.0
1988-12-28 00:00:00-05:00,0.0,3.728401899337769,3.6430185979357526,3.7284018993377686,3000,0.0,0.0
1988-12-29 00:00:00-05:00,0.0,3.6430180072784424,3.6430180072784424,3.6430180072784424,2000,0.0,0.0
1988-12-30 00:00:00-05:00,0.0,3.6430180072784424,3.6430180072784424,3.6430180072784424,1000,0.0,0.0
1989-01-03 00:00:00-05:00,0.0,3.6430180072784424,3.6430180072784424,3.6430180072784424,1000,0.0,0.0
1989-01-04 00:00:00-05:00,0.0,3.7568607330322266,3.69993865417623,3.7568607330322266,99000,0.0,0.0
1989-01-05 00:00:00-05:00,3.7568607330322266,3.7568607330322266,3.7568607330322266,3.7568607330322266,0,0.0,0.0
1989-01-06 00:00:00-05:00,0.0,3.8991675376892085,3.7568621511208,3.899167537689209,21000,0.0,0.0
1989-01-09 00:00:00-05:00,0.0,3.8991675376892085,3.8991675376892085,3.899167537689209,2000,0.0,0.0
1989-01-10 00:00:00-05:00,3.8991675376892085,3.8991675376892085,3.8991675376892085,3.899167537689209,0,0.0,0.0
1989-01-11 00:00:00-05:00,3.8991675376892085,3.8991675376892085,3.8991675376892085,3.899167537689209,0,0.0,0.0
1989-01-12 00:00:00-05:00,0.0,3.785323858261109,3.72840175008051,3.7853238582611084,7000,0.0,0.0
1989-01-13 00:00:00-05:00,3.933186531066895,3.933186531066895,3.933186531066895,3.9331865310668945,0,0.25,0.0
1989-01-16 00:00:00-05:00,0.0,3.962761878967285,3.8148976255427045,3.962761878967285,11000,0.0,0.0
1989-01-17 00:00:00-05:00,3.962761878967285,3.962761878967285,3.962761878967285,3.962761878967285,0,0.0,0.0
1989-01-18 00:00:00-05:00,0.0,4.051478862762451,3.84446904738585,4.051478862762451,2000,0.0,0.0
1989-01-19 00:00:00-05:00,4.051478862762451,4.051478862762451,4.051478862762451,4.051478862762451,0,0.0,0.0
1989-01-20 00:00:00-05:00,0.0,3.962761878967285,3.8444705890390933,3.962761878967285,7000,0.0,0.0
1989-01-23 00:00:00-05:00,3.962761878967285,3.962761878967285,3.962761878967285,3.962761878967285,0,0.0,0.0
1989-01-24 00:00:00-05:00,0.0,3.8740420341491695,3.8740420341491695,3.87404203414917,1000,0.0,0.0
1989-01-25 00:00:00-05:00,0.0,3.8740420341491695,3.8740420341491695,3.87404203414917,2000,0.0,0.0
1989-01-26 00:00:00-05:00,0.0,3.918400764465332,3.874041623339405,3.918400764465332,5000,0.0,0.0
1989-01-27 00:00:00-05:00,3.918400764465332,3.918400764465332,3.918400764465332,3.918400764465332,0,0.0,0.0
1989-01-30 00:00:00-05:00,3.918400764465332,3.918400764465332,3.918400764465332,3.918400764465332,0,0.0,0.0
1989-01-31 00:00:00-05:00,0.0,4.0514777408017,3.933186531066895,3.9331865310668945,11000,0.0,0.0
1989-02-01 00:00:00-05:00,3.933186531066895,3.933186531066895,3.933186531066895,3.9331865310668945,0,0.0,0.0
1989-02-02 00:00:00-05:00,0.0,4.044086456298828,3.8740426604238545,4.044086456298828,2000,0.0,0.0
1989-02-03 00:00:00-05:00,0.0,3.8740420341491695,3.8740420341491695,3.87404203414917,1000,0.0,0.0
1989-02-06 00:00:00-05:00,0.0,3.8740420341491695,3.8740420341491695,3.87404203414917,14000,0.0,0.0
1989-02-07 00:00:00-05:00,0.0,3.992332869473779,3.903614304857542,3.9479737281799316,22000,0.0,0.0
1989-02-08 00:00:00-05:00,3.9479737281799316,3.9479737281799316,3.9479737281799316,3.9479737281799316,0,0.0,0.0
1989-02-09 00:00:00-05:00,0.0,3.8740420341491695,3.8740420341491695,3.87404203414917,2000,0.0,0.0
1989-02-10 00:00:00-05:00,0.0,3.8740420341491695,3.8740420341491695,3.87404203414917,32000,0.0,0.0
1989-02-13 00:00:00-05:00,0.0,3.918401179979013,3.8740420341491695,3.87404203414917,14000,0.0,0.0
1989-02-14 00:00:00-05:00,0.0,3.8740420341491695,3.8740420341491695,3.87404203414917,3000,0.0,0.0
1989-02-15 00:00:00-05:00,0.0,3.9479741318846227,3.8740420341491695,3.87404203414917,16000,0.0,0.0
1989-02-16 00:00:00-05:00,0.0,3.918400764465332,3.874041623339405,3.918400764465332,44000,0.0,0.0
1989-02-17 00:00:00-05:00,0.0,3.8740420341491695,3.8740420341491695,3.87404203414917,1000,0.0,0.0
1989-02-21 00:00:00-05:00,3.8740420341491695,3.8740420341491695,3.8740420341491695,3.87404203414917,0,0.0,0.0
1989-02-22 00:00:00-05:00,0.0,3.8740420341491695,3.8740420341491695,3.87404203414917,4000,0.0,0.0
1989-02-23 00:00:00-05:00,0.0,3.918400764465332,3.874041623339405,3.918400764465332,39000,0.0,0.0
1989-02-24 00:00:00-05:00,0.0,3.962761878967285,3.874043552535482,3.962761878967285,11000,0.0,0.0
1989-02-27 00:00:00-05:00,0.0,3.903614704026208,3.8740420341491695,3.87404203414917,33000,0.0,0.0
1989-02-28 00:00:00-05:00,0.0,3.9036135673522945,3.9036135673522945,3.903613567352295,5000,0.0,0.0
1989-03-01 00:00:00-05:00,0.0,3.9036135673522945,3.874040906086373,3.903613567352295,26000,0.0,0.0
1989-03-02 00:00:00-05:00,3.9036135673522945,3.9036135673522945,3.9036135673522945,3.903613567352295,0,0.0,0.0
1989-03-03 00:00:00-05:00,3.9036135673522945,3.9036135673522945,3.9036135673522945,3.903613567352295,0,0.0,0.0
1989-03-06 00:00:00-05:00,0.0,3.8740420341491695,3.8740420341491695,3.87404203414917,2000,0.0,0.0
1989-03-07 00:00:00-05:00,0.0,3.903614704026208,3.8740420341491695,3.87404203414917,10000,0.0,0.0
1989-03-08 00:00:00-05:00,0.0,3.8740420341491695,3.8740420341491695,3.87404203414917,3000,0.0,0.0
1989-03-09 00:00:00-05:00,0.0,4.021906229620075,3.8740420341491695,3.87404203414917,5000,0.0,0.0
1989-03-10 00:00:00-05:00,0.0,3.9036135673522945,3.874040906086373,3.903613567352295,7000,0.0,0.0
1989-03-13 00:00:00-05:00,0.0,3.8740420341491695,3.8740420341491695,3.87404203414917,10000,0.0,0.0
1989-03-14 00:00:00-05:00,0.0,3.8740420341491695,3.8740420341491695,3.87404203414917,73000,0.0,0.0
1989-03-15 00:00:00-05:00,0.0,3.9036135673522945,3.9036135673522945,3.903613567352295,10000,0.0,0.0
1989-03-16 00:00:00-05:00,3.9036135673522945,3.9036135673522945,3.9036135673522945,3.903613567352295,0,0.0,0.0
1989-03-17 00:00:00-05:00,0.0,3.9036135673522945,3.874040906086373,3.903613567352295,7000,0.0,0.0
1989-03-20 00:00:00-05:00,3.9036135673522945,3.9036135673522945,3.9036135673522945,3.903613567352295,0,0.0,0.0
1989-03-21 00:00:00-05:00,3.9036135673522945,3.9036135673522945,3.9036135673522945,3.903613567352295,0,0.0,0.0
1989-03-22 00:00:00-05:00,0.0,3.8740420341491695,3.8740420341491695,3.87404203414917,10000,0.0,0.0
1989-03-23 00:00:00-05:00,0.0,3.9036135673522945,3.9036135673522945,3.903613567352295,10000,0.0,0.0
1989-03-27 00:00:00-05:00,3.9036135673522945,3.9036135673522945,3.9036135673522945,3.903613567352295,0,0.0,0.0
1989-03-28 00:00:00-05:00,0.0,4.021904945373535,3.8740407971175745,4.021904945373535,4000,0.0,0.0
1989-03-29 00:00:00-05:00,0.0,3.8740420341491695,3.8740420341491695,3.87404203414917,3000,0.0,0.0
1989-03-30 00:00:00-05:00,0.0,3.918400764465332,3.918400764465332,3.918400764465332,3000,0.0,0.0
1989-03-31 00:00:00-05:00,3.918400764465332,3.918400764465332,3.918400764465332,3.918400764465332,0,0.0,0.0
1989-04-03 00:00:00-04:00,0.0,4.021904945373535,3.8740407971175745,4.021904945373535,27000,0.0,0.0
1989-04-04 00:00:00-04:00,0.0,3.8740420341491695,3.8740420341491695,3.87404203414917,1000,0.0,0.0
1989-04-05 00:00:00-04:00,0.0,4.021904945373535,4.021904945373535,4.021904945373535,1000,0.0,0.0
1989-04-06 00:00:00-04:00,0.0,4.021907805960063,3.9036162340031892,3.962761878967285,4000,0.0,0.0
1989-04-07 00:00:00-04:00,3.962761878967285,3.962761878967285,3.962761878967285,3.962761878967285,0,0.0,0.0
1989-04-10 00:00:00-04:00,4.148515224456787,4.148515224456787,4.148515224456787,4.148515224456787,0,0.3,0.0
1989-04-11 00:00:00-04:00,0.0,4.117555141448975,4.117555141448975,4.117555141448975,1000,0.0,0.0
1989-04-12 00:00:00-04:00,4.117555141448975,4.117555141448975,4.117555141448975,4.117555141448975,0,0.0,0.0
1989-04-13 00:00:00-04:00,0.0,4.117555141448975,4.117555141448975,4.117555141448975,4000,0.0,0.0
1989-04-14 00:00:00-04:00,0.0,4.148515224456787,4.148515224456787,4.148515224456787,2000,0.0,0.0
1989-04-17 00:00:00-04:00,0.0,4.396187600622593,4.210433369616632,4.3342695236206055,11000,0.0,0.0
1989-04-18 00:00:00-04:00,0.0,4.643859386444092,4.3342687606811525,4.643859386444092,43000,0.0,0.0
1989-04-19 00:00:00-04:00,0.0,4.550980567932129,4.489062523213374,4.550980567932129,32000,0.0,0.0
1989-04-20 00:00:00-04:00,0.0,4.489060878753662,4.489060878753662,4.489060878753662,2000,0.0,0.0
1989-04-21 00:00:00-04:00,0.0,4.489060878753662,4.489060878753662,4.489060878753662,8000,0.0,0.0
1989-04-24 00:00:00-04:00,4.489060878753662,4.489060878753662,4.489060878753662,4.489060878753662,0,0.0,0.0
1989-04-25 00:00:00-04:00,0.0,4.581941604614258,4.520023534669872,4.581941604614258,33000,0.0,0.0
1989-04-26 00:00:00-04:00,4.581941604614258,4.581941604614258,4.581941604614258,4.581941604614258,0,0.0,0.0
1989-04-27 00:00:00-04:00,0.0,4.674818567119837,4.643859386444092,4.643859386444092,2000,0.0,0.0
1989-04-28 00:00:00-04:00,0.0,4.674818992614746,4.581941737382593,4.674818992614746,50000,0.0,0.0
1989-05-01 00:00:00-04:00,0.0,4.581941604614258,4.581941604614258,4.581941604614258,2000,0.0,0.0
1989-05-02 00:00:00-04:00,0.0,4.520022869110107,4.520022869110107,4.520022869110107,1000,0.0,0.0
1989-05-03 00:00:00-04:00,0.0,4.520022869110107,4.520022869110107,4.520022869110107,3000,0.0,0.0
1989-05-04 00:00:00-04:00,0.0,4.581941604614258,4.581941604614258,4.581941604614258,5000,0.0,0.0
1989-05-05 00:00:00-04:00,0.0,4.705776691436768,4.705776691436768,4.705776691436768,3000,0.0,0.0
1989-05-08 00:00:00-04:00,4.705776691436768,4.705776691436768,4.705776691436768,4.705776691436768,0,0.0,0.0
1989-05-09 00:00:00-04:00,4.705776691436768,4.705776691436768,4.705776691436768,4.705776691436768,0,0.0,0.0
1989-05-10 00:00:00-04:00,4.705776691436768,4.705776691436768,4.705776691436768,4.705776691436768,0,0.0,0.0
1989-05-11 00:00:00-04:00,4.705776691436768,4.705776691436768,4.705776691436768,4.705776691436768,0,0.0,0.0
1989-05-12 00:00:00-04:00,4.705776691436768,4.705776691436768,4.705776691436768,4.705776691436768,0,0.0,0.0
1989-05-15 00:00:00-04:00,4.705776691436768,4.705776691436768,4.705776691436768,4.705776691436768,0,0.0,0.0
1989-05-16 00:00:00-04:00,0.0,4.550981751899374,4.520022869110107,4.520022869110107,13000,0.0,0.0
1989-05-17 00:00:00-04:00,4.520022869110107,4.520022869110107,4.520022869110107,4.520022869110107,0,0.0,0.0
1989-05-18 00:00:00-04:00,4.520022869110107,4.520022869110107,4.520022869110107,4.520022869110107,0,0.0,0.0
1989-05-19 00:00:00-04:00,4.520022869110107,4.520022869110107,4.520022869110107,4.520022869110107,0,0.0,0.0
1989-05-22 00:00:00-04:00,0.0,4.674818992614746,4.581941737382593,4.674818992614746,15000,0.0,0.0
1989-05-23 00:00:00-04:00,0.0,4.736736633222699,4.643859386444092,4.643859386444092,3000,0.0,0.0
1989-05-24 00:00:00-04:00,0.0,4.643859386444092,4.643859386444092,4.643859386444092,1000,0.0,0.0
1989-05-25 00:00:00-04:00,0.0,4.705777452546954,4.643859386444092,4.643859386444092,29000,0.0,0.0
1989-05-26 00:00:00-04:00,4.643859386444092,4.643859386444092,4.643859386444092,4.643859386444092,0,0.0,0.0
1989-05-30 00:00:00-04:00,0.0,4.814133511027665,4.643858635348503,4.705776691436768,42000,0.0,0.0
1989-05-31 00:00:00-04:00,0.0,4.705776691436768,4.643858635348503,4.705776691436768,41000,0.0,0.0
1989-06-01 00:00:00-04:00,0.0,4.8915311549501395,4.643858635348503,4.705776691436768,22000,0.0,0.0
1989-06-02 00:00:00-04:00,0.0,4.705776691436768,4.705776691436768,4.705776691436768,1000,0.0,0.0
1989-06-05 00:00:00-04:00,4.705776691436768,4.705776691436768,4.705776691436768,4.705776691436768,0,0.0,0.0
1989-06-06 00:00:00-04:00,4.705776691436768,4.705776691436768,4.705776691436768,4.705776691436768,0,0.0,0.0
1989-06-07 00:00:00-04:00,4.705776691436768,4.705776691436768,4.705776691436768,4.705776691436768,0,0.0,0.0
1989-06-08 00:00:00-04:00,0.0,4.705776691436768,4.705776691436768,4.705776691436768,2000,0.0,0.0
1989-06-09 00:00:00-04:00,0.0,4.705776691436768,4.705776691436768,4.705776691436768,1000,0.0,0.0
1989-06-12 00:00:00-04:00,0.0,4.883790016174316,4.76769357875101,4.883790016174316,78000,0.0,0.0
1989-06-13 00:00:00-04:00,0.0,4.883790016174316,4.76769357875101,4.883790016174316,34000,0.0,0.0
1989-06-14 00:00:00-04:00,4.883790016174316,4.883790016174316,4.883790016174316,4.883790016174316,0,0.0,0.0
1989-06-15 00:00:00-04:00,0.0,4.891532897949219,4.891532897949219,4.891532897949219,4000,0.0,0.0
1989-06-16 00:00:00-04:00,0.0,4.767694473266602,4.767694473266602,4.767694473266602,6000,0.0,0.0
1989-06-19 00:00:00-04:00,0.0,4.860572814941406,4.8296139291989215,4.860572814941406,7000,0.0,0.0
1989-06-20 00:00:00-04:00,0.0,4.82961368560791,4.82961368560791,4.82961368560791,1000,0.0,0.0
1989-06-21 00:00:00-04:00,4.82961368560791,4.82961368560791,4.82961368560791,4.82961368560791,0,0.0,0.0
1989-06-22 00:00:00-04:00,0.0,4.82961368560791,4.82961368560791,4.82961368560791,2000,0.0,0.0
1989-06-23 00:00:00-04:00,0.0,5.201122283935547,4.829613886795727,5.201122283935547,2000,0.0,0.0
1989-06-26 00:00:00-04:00,0.0,4.82961368560791,4.82961368560791,4.82961368560791,1000,0.0,0.0
1989-06-27 00:00:00-04:00,4.82961368560791,4.82961368560791,4.82961368560791,4.82961368560791,0,0.0,0.0
1989-06-28 00:00:00-04:00,0.0,4.8373541831970215,4.829614534603373,4.8373541831970215,6000,0.0,0.0
1989-06-29 00:00:00-04:00,0.0,4.860572814941406,4.860572814941406,4.860572814941406,5000,0.0,0.0
1989-06-30 00:00:00-04:00,0.0,5.015369349500949,4.829614819797697,4.891532897949219,33000,0.0,0.0
1989-07-03 00:00:00-04:00,0.0,4.82961368560791,4.82961368560791,4.82961368560791,1000,0.0,0.0
1989-07-05 00:00:00-04:00,4.82961368560791,4.82961368560791,4.82961368560791,4.82961368560791,0,0.0,0.0
1989-07-06 00:00:00-04:00,4.82961368560791,4.82961368560791,4.82961368560791,4.82961368560791,0,0.0,0.0
1989-07-07 00:00:00-04:00,0.0,5.0153679847717285,4.891531566917063,5.0153679847717285,5000,0.0,0.0
1989-07-10 00:00:00-04:00,5.0153679847717285,5.0153679847717285,5.0153679847717285,5.0153679847717285,0,0.0,0.0
1989-07-11 00:00:00-04:00,5.0153679847717285,5.0153679847717285,5.0153679847717285,5.0153679847717285,0,0.0,0.0
1989-07-12 00:00:00-04:00,0.0,5.139204025268555,5.139204025268555,5.139204025268555,1000,0.0,0.0
1989-07-13 00:00:00-04:00,5.139204025268555,5.139204025268555,5.139204025268555,5.139204025268555,0,0.0,0.0
1989-07-14 00:00:00-04:00,5.139204025268555,5.139204025268555,5.139204025268555,5.139204025268555,0,0.0,0.0
1989-07-17 00:00:00-04:00,5.157846450805664,5.157846450805664,5.157846450805664,5.157846450805664,0,0.03,0.0
1989-07-18 00:00:00-04:00,5.157846450805664,5.157846450805664,5.157846450805664,5.157846450805664,0,0.0,0.0
1989-07-19 00:00:00-04:00,5.157846450805664,5.157846450805664,5.157846450805664,5.157846450805664,0,0.0,0.0
1989-07-20 00:00:00-04:00,5.157846450805664,5.157846450805664,5.157846450805664,5.157846450805664,0,0.0,0.0
1989-07-21 00:00:00-04:00,5.157846450805664,5.157846450805664,5.157846450805664,5.157846450805664,0,0.0,0.0
1989-07-24 00:00:00-04:00,5.157846450805664,5.157846450805664,5.157846450805664,5.157846450805664,0,0.0,0.0
1989-07-25 00:00:00-04:00,5.157846450805664,5.157846450805664,5.157846450805664,5.157846450805664,0,0.0,0.0
1989-07-26 00:00:00-04:00,0.0,5.2199907302856445,4.909277278549329,5.2199907302856445,6000,0.0,0.0
1989-07-27 00:00:00-04:00,0.0,5.2199907302856445,5.2199907302856445,5.2199907302856445,1000,0.0,0.0
1989-07-28 00:00:00-04:00,0.0,5.219990901016276,4.909277439117432,4.909277439117432,7000,0.0,0.0
1989-07-31 00:00:00-04:00,0.0,5.219989250017975,4.9714185591177955,5.002490043640137,5000,0.0,0.0
1989-08-01 00:00:00-04:00,0.0,5.219990405305545,5.095705032348633,5.095705032348633,32000,0.0,0.0
1989-08-02 00:00:00-04:00,0.0,5.2199914129961265,5.0024921164943414,5.033563613891602,10000,0.0,0.0
1989-08-03 00:00:00-04:00,0.0,5.2199907302856445,5.2199907302856445,5.2199907302856445,1000,0.0,0.0
1989-08-04 00:00:00-04:00,0.0,5.2199907302856445,5.2199907302856445,5.2199907302856445,1000,0.0,0.0
1989-08-07 00:00:00-04:00,5.2199907302856445,5.2199907302856445,5.2199907302856445,5.2199907302856445,0,0.0,0.0
1989-08-08 00:00:00-04:00,5.2199907302856445,5.2199907302856445,5.2199907302856445,5.2199907302856445,0,0.0,0.0
1989-08-09 00:00:00-04:00,0.0,5.1733832359313965,5.1733832359313965,5.1733832359313965,23000,0.0,0.0
1989-08-10 00:00:00-04:00,5.1733832359313965,5.1733832359313965,5.1733832359313965,5.1733832359313965,0,0.0,0.0
1989-08-11 00:00:00-04:00,0.0,5.157848015146792,5.095705032348633,5.095705032348633,9000,0.0,0.0
1989-08-14 00:00:00-04:00,5.095705032348633,5.095705032348633,5.095705032348633,5.095705032348633,0,0.0,0.0
1989-08-15 00:00:00-04:00,0.0,5.157846450805664,5.126774968830362,5.157846450805664,7000,0.0,0.0
1989-08-16 00:00:00-04:00,5.157846450805664,5.157846450805664,5.157846450805664,5.157846450805664,0,0.0,0.0
1989-08-17 00:00:00-04:00,0.0,5.2199907302856445,5.2199907302856445,5.2199907302856445,1000,0.0,0.0
1989-08-18 00:00:00-04:00,0.0,5.17338075055732,5.126773834228516,5.126773834228516,17000,0.0,0.0
1989-08-21 00:00:00-04:00,0.0,5.157846450805664,5.126774968830362,5.157846450805664,15000,0.0,0.0
1989-08-22 00:00:00-04:00,5.157846450805664,5.157846450805664,5.157846450805664,5.157846450805664,0,0.0,0.0
1989-08-23 00:00:00-04:00,0.0,5.2199907302856445,5.2199907302856445,5.2199907302856445,1000,0.0,0.0
1989-08-24 00:00:00-04:00,0.0,5.2199907302856445,5.2199907302856445,5.2199907302856445,1000,0.0,0.0
1989-08-25 00:00:00-04:00,0.0,5.157846450805664,5.157846450805664,5.157846450805664,1000,0.0,0.0
1989-08-28 00:00:00-04:00,5.157846450805664,5.157846450805664,5.157846450805664,5.157846450805664,0,0.0,0.0
1989-08-29 00:00:00-04:00,0.0,5.1733832359313965,5.157847787238021,5.1733832359313965,10000,0.0,0.0
1989-08-30 00:00:00-04:00,5.1733832359313965,5.1733832359313965,5.1733832359313965,5.1733832359313965,0,0.0,0.0
1989-08-31 00:00:00-04:00,0.0,5.157846450805664,5.095703486855061,5.157846450805664,9000,0.0,0.0
1989-09-01 00:00:00-04:00,0.0,5.157848015146792,5.095705032348633,5.095705032348633,5000,0.0,0.0
1989-09-05 00:00:00-04:00,5.095705032348633,5.095705032348633,5.095705032348633,5.095705032348633,0,0.0,0.0
1989-09-06 00:00:00-04:00,0.0,5.095705032348633,5.095705032348633,5.095705032348633,1000,0.0,0.0
1989-09-07 00:00:00-04:00,0.0,5.157848092116808,5.095705108391296,5.142312049865723,14000,0.0,0.0
1989-09-08 00:00:00-04:00,5.142312049865723,5.142312049865723,5.142312049865723,5.142312049865723,0,0.0,0.0
1989-09-11 00:00:00-04:00,5.142312049865723,5.142312049865723,5.142312049865723,5.142312049865723,0,0.0,0.0
1989-09-12 00:00:00-04:00,0.0,5.095705032348633,5.095705032348633,5.095705032348633,5000,0.0,0.0
1989-09-13 00:00:00-04:00,0.0,5.095705032348633,5.095705032348633,5.095705032348633,19000,0.0,0.0
1989-09-14 00:00:00-04:00,0.0,5.126776523747712,5.095705032348633,5.095705032348633,9000,0.0,0.0
1989-09-15 00:00:00-04:00,0.0,5.095705032348633,5.095705032348633,5.095705032348633,7000,0.0,0.0
1989-09-18 00:00:00-04:00,0.0,5.095705032348633,5.095705032348633,5.095705032348633,4000,0.0,0.0
1989-09-19 00:00:00-04:00,0.0,5.095705516256738,4.909277439117432,4.909277439117432,12000,0.0,0.0
1989-09-20 00:00:00-04:00,0.0,5.157846450805664,5.095703486855061,5.157846450805664,87000,0.0,0.0
1989-09-21 00:00:00-04:00,0.0,5.064632415771484,5.064632415771484,5.064632415771484,1000,0.0,0.0
1989-09-22 00:00:00-04:00,5.064632415771484,5.064632415771484,5.064632415771484,5.064632415771484,0,0.0,0.0
1989-09-25 00:00:00-04:00,5.064632415771484,5.064632415771484,5.064632415771484,5.064632415771484,0,0.0,0.0
1989-09-26 00:00:00-04:00,0.0,5.2199907302856445,5.095705349591118,5.2199907302856445,15000,0.0,0.0
1989-09-27 00:00:00-04:00,5.2199907302856445,5.2199907302856445,5.2199907302856445,5.2199907302856445,0,0.0,0.0
1989-09-28 00:00:00-04:00,5.2199907302856445,5.2199907302856445,5.2199907302856445,5.2199907302856445,0,0.0,0.0
1989-09-29 00:00:00-04:00,0.0,5.157846450805664,5.033561115543682,5.157846450805664,3000,0.0,0.0
1989-10-02 00:00:00-04:00,5.157846450805664,5.157846450805664,5.157846450805664,5.157846450805664,0,0.0,0.0
1989-10-03 00:00:00-04:00,5.157846450805664,5.157846450805664,5.157846450805664,5.157846450805664,0,0.0,0.0
1989-10-04 00:00:00-04:00,0.0,5.033563613891602,5.033563613891602,5.033563613891602,1000,0.0,0.0
1989-10-05 00:00:00-04:00,5.033563613891602,5.033563613891602,5.033563613891602,5.033563613891602,0,0.0,0.0
1989-10-06 00:00:00-04:00,0.0,5.157846450805664,5.157846450805664,5.157846450805664,1000,0.0,0.0
1989-10-09 00:00:00-04:00,5.157846450805664,5.157846450805664,5.157846450805664,5.157846450805664,0,0.0,0.0
1989-10-10 00:00:00-04:00,0.0,5.157846450805664,5.157846450805664,5.157846450805664,1000,0.0,0.0
1989-10-11 00:00:00-04:00,5.157846450805664,5.157846450805664,5.157846450805664,5.157846450805664,0,0.0,0.0
1989-10-12 00:00:00-04:00,5.157846450805664,5.157846450805664,5.157846450805664,5.157846450805664,0,0.0,0.0
1989-10-13 00:00:00-04:00,0.0,5.2199907302856445,5.2199907302856445,5.2199907302856445,2000,0.0,0.0
1989-10-16 00:00:00-04:00,0.0,4.989239008261876,4.864508152008057,4.864508152008057,2000,0.03,0.0
1989-10-17 00:00:00-04:00,0.0,5.176334562308693,4.98923801769252,5.113968849182129,130000,0.0,0.0
1989-10-18 00:00:00-04:00,0.0,5.176332950592041,5.176332950592041,5.176332950592041,1000,0.0,0.0
1989-10-19 00:00:00-04:00,5.176332950592041,5.176332950592041,5.176332950592041,5.176332950592041,0,0.0,0.0
1989-10-20 00:00:00-04:00,0.0,4.989235877990723,4.989235877990723,4.989235877990723,1000,0.0,0.0
1989-10-23 00:00:00-04:00,4.989235877990723,4.989235877990723,4.989235877990723,4.989235877990723,0,0.0,0.0
1989-10-24 00:00:00-04:00,4.989235877990723,4.989235877990723,4.989235877990723,4.989235877990723,0,0.0,0.0
1989-10-25 00:00:00-04:00,0.0,5.238699680671738,4.98923801769252,5.113968849182129,9000,0.0,0.0
1989-10-26 00:00:00-04:00,5.113968849182129,5.113968849182129,5.113968849182129,5.113968849182129,0,0.0,0.0
1989-10-27 00:00:00-04:00,5.113968849182129,5.113968849182129,5.113968849182129,5.113968849182129,0,0.0,0.0
1989-10-30 00:00:00-05:00,5.113968849182129,5.113968849182129,5.113968849182129,5.113968849182129,0,0.0,0.0
1989-10-31 00:00:00-05:00,0.0,5.051604270935059,5.051604270935059,5.051604270935059,5000,0.0,0.0
1989-11-01 00:00:00-05:00,0.0,5.1763351157608515,5.051604270935059,5.051604270935059,4000,0.0,0.0
1989-11-02 00:00:00-05:00,5.051604270935059,5.051604270935059,5.051604270935059,5.051604270935059,0,0.0,0.0
1989-11-03 00:00:00-05:00,0.0,5.176334562308693,5.113968849182129,5.113968849182129,5000,0.0,0.0
1989-11-06 00:00:00-05:00,0.0,5.176332950592041,5.176332950592041,5.176332950592041,1000,0.0,0.0
1989-11-07 00:00:00-05:00,0.0,5.207517623901367,5.113969050528344,5.207517623901367,6000,0.0,0.0
1989-11-08 00:00:00-05:00,0.0,5.082785129547119,5.082785129547119,5.082785129547119,1000,0.0,0.0
1989-11-09 00:00:00-05:00,0.0,5.207516534620492,5.082785129547119,5.082785129547119,1000,0.0,0.0
1989-11-10 00:00:00-05:00,0.0,5.207516534620492,5.082785129547119,5.082785129547119,5000,0.0,0.0
1989-11-13 00:00:00-05:00,0.0,5.113968849182129,5.082785992618847,5.113968849182129,5000,0.0,0.0
1989-11-14 00:00:00-05:00,5.113968849182129,5.113968849182129,5.113968849182129,5.113968849182129,0,0.0,0.0
1989-11-15 00:00:00-05:00,0.0,5.113968849182129,5.082785992618847,5.113968849182129,5000,0.0,0.0
1989-11-16 00:00:00-05:00,0.0,5.113969313773818,5.082786454377649,5.0983781814575195,48000,0.0,0.0
1989-11-17 00:00:00-05:00,0.0,5.207517623901367,5.207517623901367,5.207517623901367,3000,0.0,0.0
1989-11-20 00:00:00-05:00,0.0,5.207517623901367,5.207517623901367,5.207517623901367,1000,0.0,0.0
1989-11-21 00:00:00-05:00,5.207517623901367,5.207517623901367,5.207517623901367,5.207517623901367,0,0.0,0.0
1989-11-22 00:00:00-05:00,5.207517623901367,5.207517623901367,5.207517623901367,5.207517623901367,0,0.0,0.0
1989-11-24 00:00:00-05:00,5.207517623901367,5.207517623901367,5.207517623901367,5.207517623901367,0,0.0,0.0
1989-11-27 00:00:00-05:00,0.0,5.082785129547119,5.082785129547119,5.082785129547119,3000,0.0,0.0
1989-11-28 00:00:00-05:00,0.0,5.090582847595215,5.090582847595215,5.090582847595215,5000,0.0,0.0
1989-11-29 00:00:00-05:00,5.090582847595215,5.090582847595215,5.090582847595215,5.090582847595215,0,0.0,0.0
1989-11-30 00:00:00-05:00,0.0,5.238700866699219,5.238700866699219,5.238700866699219,5000,0.0,0.0
1989-12-01 00:00:00-05:00,0.0,5.488163180919539,5.238700866699219,5.238700866699219,2000,0.0,0.0
1989-12-04 00:00:00-05:00,5.238700866699219,5.238700866699219,5.238700866699219,5.238700866699219,0,0.0,0.0
1989-12-05 00:00:00-05:00,5.238700866699219,5.238700866699219,5.238700866699219,5.238700866699219,0,0.0,0.0
1989-12-06 00:00:00-05:00,5.238700866699219,5.238700866699219,5.238700866699219,5.238700866699219,0,0.0,0.0
1989-12-07 00:00:00-05:00,5.238700866699219,5.238700866699219,5.238700866699219,5.238700866699219,0,0.0,0.0
1989-12-08 00:00:00-05:00,5.238700866699219,5.238700866699219,5.238700866699219,5.238700866699219,0,0.0,0.0
1989-12-11 00:00:00-05:00,5.238700866699219,5.238700866699219,5.238700866699219,5.238700866699219,0,0.0,0.0
1989-12-12 00:00:00-05:00,5.238700866699219,5.238700866699219,5.238700866699219,5.238700866699219,0,0.0,0.0
1989-12-13 00:00:00-05:00,0.0,5.301064968109131,5.301064968109131,5.301064968109131,18000,0.0,0.0
1989-12-14 00:00:00-05:00,5.301064968109131,5.301064968109131,5.301064968109131,5.301064968109131,0,0.0,0.0
1989-12-15 00:00:00-05:00,0.0,5.456979919833697,5.269883346486677,5.363431930541992,17000,0.0,0.0
1989-12-18 00:00:00-05:00,0.0,5.612893581390381,5.612893581390381,5.612893581390381,2000,0.0,0.0
1989-12-19 00:00:00-05:00,5.612893581390381,5.612893581390381,5.612893581390381,5.612893581390381,0,0.0,0.0
1989-12-20 00:00:00-05:00,5.612893581390381,5.612893581390381,5.612893581390381,5.612893581390381,0,0.0,0.0
1989-12-21 00:00:00-05:00,5.612893581390381,5.612893581390381,5.612893581390381,5.612893581390381,0,0.0,0.0
1989-12-22 00:00:00-05:00,5.612893581390381,5.612893581390381,5.612893581390381,5.612893581390381,0,0.0,0.0
1989-12-26 00:00:00-05:00,0.0,5.768807888031006,5.768807888031006,5.768807888031006,2000,0.0,0.0
1989-12-27 00:00:00-05:00,0.0,5.425793170928955,5.425793170928955,5.425793170928955,2000,0.0,0.0
1989-12-28 00:00:00-05:00,5.425793170928955,5.425793170928955,5.425793170928955,5.425793170928955,0,0.0,0.0
1989-12-29 00:00:00-05:00,0.0,5.799987316131591,5.799987316131591,5.799987316131592,1000,0.0,0.0
1990-01-02 00:00:00-05:00,0.0,5.831171989440918,5.79998913384899,5.831171989440918,4000,0.0,0.0
1990-01-03 00:00:00-05:00,5.831171989440918,5.831171989440918,5.831171989440918,5.831171989440918,0,0.0,0.0
1990-01-04 00:00:00-05:00,5.831171989440918,5.831171989440918,5.831171989440918,5.831171989440918,0,0.0,0.0
1990-01-05 00:00:00-05:00,0.0,5.706438120000956,5.659664154052734,5.659664154052734,16000,0.0,0.0
1990-01-08 00:00:00-05:00,5.659664154052734,5.659664154052734,5.659664154052734,5.659664154052734,0,0.0,0.0
1990-01-09 00:00:00-05:00,0.0,5.550528526306152,5.550528526306152,5.550528526306152,1000,0.0,0.0
1990-01-10 00:00:00-05:00,0.0,5.558324337005615,5.550528175221211,5.558324337005615,19000,0.0,0.0
1990-01-11 00:00:00-05:00,5.558324337005615,5.558324337005615,5.558324337005615,5.558324337005615,0,0.0,0.0
1990-01-12 00:00:00-05:00,5.5770955085754395,5.5770955085754395,5.5770955085754395,5.5770955085754395,0,0.03,0.0
1990-01-15 00:00:00-05:00,5.5770955085754395,5.5770955085754395,5.5770955085754395,5.5770955085754395,0,0.0,0.0
1990-01-16 00:00:00-05:00,0.0,5.569272994995117,5.444120906850596,5.569272994995117,18000,0.0,0.0
1990-01-17 00:00:00-05:00,5.569272994995117,5.569272994995117,5.569272994995117,5.569272994995117,0,0.0,0.0
1990-01-18 00:00:00-05:00,0.0,5.444120407104492,5.444120407104492,5.444120407104492,1000,0.0,0.0
1990-01-19 00:00:00-05:00,0.0,5.631850719451904,5.444122242782365,5.631850719451904,7000,0.0,0.0
1990-01-22 00:00:00-05:00,0.0,5.451942300000717,5.444120407104492,5.444120407104492,26000,0.0,0.0
1990-01-23 00:00:00-05:00,0.0,5.381545543670654,5.381545543670654,5.381545543670654,4000,0.0,0.0
1990-01-24 00:00:00-05:00,0.0,5.3189685309111185,5.225104619074507,5.240748405456543,13000,0.0,0.0
1990-01-25 00:00:00-05:00,5.240748405456543,5.240748405456543,5.240748405456543,5.240748405456543,0,0.0,0.0
1990-01-26 00:00:00-05:00,0.0,5.444120407104492,5.444120407104492,5.444120407104492,1000,0.0,0.0
1990-01-29 00:00:00-05:00,0.0,5.3189697265625,5.193817617056672,5.3189697265625,9000,0.0,0.0
1990-01-30 00:00:00-05:00,5.3189697265625,5.3189697265625,5.3189697265625,5.3189697265625,0,0.0,0.0
1990-01-31 00:00:00-05:00,0.0,5.193816661834717,5.193816661834717,5.193816661834717,1000,0.0,0.0
1990-02-01 00:00:00-05:00,0.0,5.3189697265625,5.193817617056672,5.3189697265625,11000,0.0,0.0
1990-02-02 00:00:00-05:00,0.0,5.444120407104492,5.444120407104492,5.444120407104492,1000,0.0,0.0
1990-02-05 00:00:00-05:00,0.0,5.444120407104492,5.444120407104492,5.444120407104492,2000,0.0,0.0
1990-02-06 00:00:00-05:00,5.444120407104492,5.444120407104492,5.444120407104492,5.444120407104492,0,0.0,0.0
1990-02-07 00:00:00-05:00,5.444120407104492,5.444120407104492,5.444120407104492,5.444120407104492,0,0.0,0.0
1990-02-08 00:00:00-05:00,5.444120407104492,5.444120407104492,5.444120407104492,5.444120407104492,0,0.0,0.0
1990-02-09 00:00:00-05:00,5.444120407104492,5.444120407104492,5.444120407104492,5.444120407104492,0,0.0,0.0
1990-02-12 00:00:00-05:00,5.444120407104492,5.444120407104492,5.444120407104492,5.444120407104492,0,0.0,0.0
1990-02-13 00:00:00-05:00,0.0,5.201638698577881,5.19381680485176,5.201638698577881,23000,0.0,0.0
1990-02-14 00:00:00-05:00,0.0,5.193816661834717,5.193816661834717,5.193816661834717,4000,0.0,0.0
1990-02-15 00:00:00-05:00,5.193816661834717,5.193816661834717,5.193816661834717,5.193816661834717,0,0.0,0.0
1990-02-16 00:00:00-05:00,5.193816661834717,5.193816661834717,5.193816661834717,5.193816661834717,0,0.0,0.0
1990-02-20 00:00:00-05:00,5.193816661834717,5.193816661834717,5.193816661834717,5.193816661834717,0,0.0,0.0
1990-02-21 00:00:00-05:00,0.0,5.3189697265625,5.193817617056672,5.3189697265625,24000,0.0,0.0
1990-02-22 00:00:00-05:00,5.3189697265625,5.3189697265625,5.3189697265625,5.3189697265625,0,0.0,0.0
1990-02-23 00:00:00-05:00,0.0,5.3189697265625,5.25639337342342,5.3189697265625,8000,0.0,0.0
1990-02-26 00:00:00-05:00,5.3189697265625,5.3189697265625,5.3189697265625,5.3189697265625,0,0.0,0.0
1990-02-27 00:00:00-05:00,5.3189697265625,5.3189697265625,5.3189697265625,5.3189697265625,0,0.0,0.0
1990-02-28 00:00:00-05:00,5.3189697265625,5.3189697265625,5.3189697265625,5.3189697265625,0,0.0,0.0
1990-03-01 00:00:00-05:00,5.3189697265625,5.3189697265625,5.3189697265625,5.3189697265625,0,0.0,0.0
1990-03-02 00:00:00-05:00,5.3189697265625,5.3189697265625,5.3189697265625,5.3189697265625,0,0.0,0.0
1990-03-05 00:00:00-05:00,5.3189697265625,5.3189697265625,5.3189697265625,5.3189697265625,0,0.0,0.0
1990-03-06 00:00:00-05:00,5.3189697265625,5.3189697265625,5.3189697265625,5.3189697265625,0,0.0,0.0
1990-03-07 00:00:00-05:00,5.3189697265625,5.3189697265625,5.3189697265625,5.3189697265625,0,0.0,0.0
1990-03-08 00:00:00-05:00,0.0,5.193816661834717,5.193816661834717,5.193816661834717,1000,0.0,0.0
1990-03-09 00:00:00-05:00,5.193816661834717,5.193816661834717,5.193816661834717,5.193816661834717,0,0.0,0.0
1990-03-12 00:00:00-05:00,5.193816661834717,5.193816661834717,5.193816661834717,5.193816661834717,0,0.0,0.0
1990-03-13 00:00:00-05:00,0.0,5.193816661834717,5.193816661834717,5.193816661834717,1000,0.0,0.0
1990-03-14 00:00:00-05:00,0.0,5.193816661834717,5.193816661834717,5.193816661834717,1000,0.0,0.0
1990-03-15 00:00:00-05:00,5.193816661834717,5.193816661834717,5.193816661834717,5.193816661834717,0,0.0,0.0
1990-03-16 00:00:00-05:00,5.193816661834717,5.193816661834717,5.193816661834717,5.193816661834717,0,0.0,0.0
1990-03-19 00:00:00-05:00,0.0,5.193816661834717,5.193816661834717,5.193816661834717,3000,0.0,0.0
1990-03-20 00:00:00-05:00,5.193816661834717,5.193816661834717,5.193816661834717,5.193816661834717,0,0.0,0.0
1990-03-21 00:00:00-05:00,5.193816661834717,5.193816661834717,5.193816661834717,5.193816661834717,0,0.0,0.0
1990-03-22 00:00:00-05:00,5.193816661834717,5.193816661834717,5.193816661834717,5.193816661834717,0,0.0,0.0
1990-03-23 00:00:00-05:00,5.193816661834717,5.193816661834717,5.193816661834717,5.193816661834717,0,0.0,0.0
1990-03-26 00:00:00-05:00,5.1938180600804795,5.225106239318848,5.1938180600804795,5.225106239318848,4000,0.0,0.0
1990-03-27 00:00:00-05:00,5.225106239318848,5.225106239318848,5.225106239318848,5.225106239318848,0,0.0,0.0
1990-03-28 00:00:00-05:00,5.225106239318848,5.225106239318848,5.225106239318848,5.225106239318848,0,0.0,0.0
1990-03-29 00:00:00-05:00,5.225106239318848,5.225106239318848,5.225106239318848,5.225106239318848,0,0.0,0.0
1990-03-30 00:00:00-05:00,5.131240367889404,5.131240367889404,5.115596580722552,5.131240367889404,14000,0.0,0.0
1990-04-02 00:00:00-04:00,5.131240367889404,5.131240367889404,5.131240367889404,5.131240367889404,0,0.0,0.0
1990-04-03 00:00:00-04:00,5.131240367889404,5.131240367889404,5.131240367889404,5.131240367889404,0,0.0,0.0
1990-04-04 00:00:00-04:00,5.068664575346263,5.193816661834717,5.068664575346263,5.193816661834717,3000,0.0,0.0
1990-04-05 00:00:00-04:00,5.193816661834717,5.193816661834717,5.193816661834717,5.193816661834717,0,0.0,0.0
1990-04-06 00:00:00-04:00,5.193816661834717,5.193816661834717,5.193816661834717,5.193816661834717,0,0.0,0.0
1990-04-09 00:00:00-04:00,5.193816661834717,5.193816661834717,5.193816661834717,5.193816661834717,0,0.0,0.0
1990-04-10 00:00:00-04:00,5.006086869673296,5.162527084350586,5.006086869673296,5.162527084350586,3000,0.0,0.0
1990-04-11 00:00:00-04:00,5.162527084350586,5.162527084350586,5.162527084350586,5.162527084350586,0,0.0,0.0
1990-04-12 00:00:00-04:00,5.162527084350586,5.162527084350586,5.162527084350586,5.162527084350586,0,0.0,0.0
1990-04-16 00:00:00-04:00,5.181370258331299,5.181370258331299,5.181370258331299,5.181370258331299,0,0.03,0.0
1990-04-17 00:00:00-04:00,5.024357318878174,5.024357318878174,5.024357318878174,5.024357318878174,2000,0.0,0.0
1990-04-18 00:00:00-04:00,5.024357318878174,5.024357318878174,5.024357318878174,5.024357318878174,0,0.0,0.0
1990-04-19 00:00:00-04:00,5.024357318878174,5.024357318878174,5.024357318878174,5.024357318878174,0,0.0,0.0
1990-04-20 00:00:00-04:00,5.024357318878174,5.024357318878174,5.024357318878174,5.024357318878174,0,0.0,0.0
1990-04-23 00:00:00-04:00,5.024357318878174,5.024357318878174,5.024357318878174,5.024357318878174,0,0.0,0.0
1990-04-24 00:00:00-04:00,5.024357318878174,5.024357318878174,5.024357318878174,5.024357318878174,0,0.0,0.0
1990-04-25 00:00:00-04:00,5.0243587246949595,5.08716344833374,5.0243587246949595,5.08716344833374,11000,0.0,0.0
1990-04-26 00:00:00-04:00,5.08716344833374,5.08716344833374,5.08716344833374,5.08716344833374,0,0.0,0.0
1990-04-27 00:00:00-04:00,5.024357318878174,5.024357318878174,5.024357318878174,5.024357318878174,1000,0.0,0.0
1990-04-30 00:00:00-04:00,5.024357318878174,5.024357318878174,5.024357318878174,5.024357318878174,0,0.0,0.0
1990-05-01 00:00:00-04:00,5.024360395529602,5.055762767791748,5.024360395529602,5.055762767791748,13000,0.0,0.0
1990-05-02 00:00:00-04:00,5.024357562379598,5.024357562379598,4.992955207824707,4.992955207824707,4000,0.0,0.0
1990-05-03 00:00:00-04:00,5.212771892547607,5.212771892547607,5.212771892547607,5.212771892547607,1000,0.0,0.0
1990-05-04 00:00:00-04:00,5.212771892547607,5.212771892547607,5.212771892547607,5.212771892547607,0,0.0,0.0
1990-05-07 00:00:00-04:00,5.14996862411499,5.14996862411499,5.14996862411499,5.14996862411499,2000,0.0,0.0
1990-05-08 00:00:00-04:00,4.961552737914708,4.9772539138793945,4.961552737914708,4.9772539138793945,8000,0.0,0.0
1990-05-09 00:00:00-04:00,4.9772539138793945,4.9772539138793945,4.9772539138793945,4.9772539138793945,0,0.0,0.0
1990-05-10 00:00:00-04:00,4.9772539138793945,4.9772539138793945,4.9772539138793945,4.9772539138793945,0,0.0,0.0
1990-05-11 00:00:00-04:00,4.9772539138793945,4.9772539138793945,4.9772539138793945,4.9772539138793945,0,0.0,0.0
1990-05-14 00:00:00-04:00,4.9772539138793945,4.9772539138793945,4.9772539138793945,4.9772539138793945,0,0.0,0.0
1990-05-15 00:00:00-04:00,5.338380336761475,5.338380336761475,5.338380336761475,5.338380336761475,1000,0.0,0.0
1990-05-16 00:00:00-04:00,5.338380336761475,5.338380336761475,5.338380336761475,5.338380336761475,0,0.0,0.0
1990-05-17 00:00:00-04:00,5.338380336761475,5.338380336761475,5.338380336761475,5.338380336761475,0,0.0,0.0
1990-05-18 00:00:00-04:00,5.338380336761475,5.338380336761475,5.338380336761475,5.338380336761475,0,0.0,0.0
1990-05-21 00:00:00-04:00,4.961554050445557,4.961554050445557,4.961554050445557,4.961554050445557,8000,0.0,0.0
1990-05-22 00:00:00-04:00,4.961554050445557,4.961554050445557,4.961554050445557,4.961554050445557,0,0.0,0.0
1990-05-23 00:00:00-04:00,4.961554300531296,5.08716344833374,4.961554300531296,5.08716344833374,2000,0.0,0.0
1990-05-24 00:00:00-04:00,5.08716344833374,5.08716344833374,5.08716344833374,5.08716344833374,0,0.0,0.0
1990-05-25 00:00:00-04:00,5.08716344833374,5.08716344833374,5.08716344833374,5.08716344833374,0,0.0,0.0
1990-05-29 00:00:00-04:00,5.024357318878174,5.024357318878174,5.024357318878174,5.024357318878174,2000,0.0,0.0
1990-05-30 00:00:00-04:00,5.024357318878174,5.024357318878174,5.024357318878174,5.024357318878174,0,0.0,0.0
1990-05-31 00:00:00-04:00,5.024357964010799,5.338380336761475,5.024357964010799,5.338380336761475,4000,0.0,0.0
1990-06-01 00:00:00-04:00,5.338380336761475,5.338380336761475,5.338380336761475,5.338380336761475,2000,0.0,0.0
1990-06-04 00:00:00-04:00,5.338380336761475,5.338380336761475,5.338380336761475,5.338380336761475,0,0.0,0.0
1990-06-05 00:00:00-04:00,5.275577545166016,5.338382282183614,5.212773407098778,5.275577545166016,121000,0.0,0.0
1990-06-06 00:00:00-04:00,5.275577545166016,5.275577545166016,5.275577545166016,5.275577545166016,0,0.0,0.0
1990-06-07 00:00:00-04:00,5.275577545166016,5.275577545166016,5.275577545166016,5.275577545166016,0,0.0,0.0
1990-06-08 00:00:00-04:00,5.275577545166016,5.275577545166016,5.275577545166016,5.275577545166016,0,0.0,0.0
1990-06-11 00:00:00-04:00,5.275577545166016,5.275577545166016,5.275577545166016,5.275577545166016,0,0.0,0.0
1990-06-12 00:00:00-04:00,5.212771892547607,5.212771892547607,5.212771892547607,5.212771892547607,1000,0.0,0.0
1990-06-13 00:00:00-04:00,5.212771892547607,5.212771892547607,5.212771892547607,5.212771892547607,5000,0.0,0.0
1990-06-14 00:00:00-04:00,5.306979179382324,5.306979179382324,5.306979179382324,5.306979179382324,10000,0.0,0.0
1990-06-15 00:00:00-04:00,5.306979179382324,5.306979179382324,5.306979179382324,5.306979179382324,0,0.0,0.0
1990-06-18 00:00:00-04:00,5.306979179382324,5.306979179382324,5.306979179382324,5.306979179382324,0,0.0,0.0
1990-06-19 00:00:00-04:00,5.306979179382324,5.306979179382324,5.306979179382324,5.306979179382324,0,0.0,0.0
1990-06-20 00:00:00-04:00,5.306979179382324,5.306979179382324,5.306979179382324,5.306979179382324,0,0.0,0.0
1990-06-21 00:00:00-04:00,5.306979179382324,5.306979179382324,5.306979179382324,5.306979179382324,0,0.0,0.0
1990-06-22 00:00:00-04:00,5.306979179382324,5.306979179382324,5.306979179382324,5.306979179382324,0,0.0,0.0
1990-06-25 00:00:00-04:00,5.275577545166016,5.275577545166016,5.275577545166016,5.275577545166016,3000,0.0,0.0
1990-06-26 00:00:00-04:00,5.275577545166016,5.275577545166016,5.275577545166016,5.275577545166016,5000,0.0,0.0
1990-06-27 00:00:00-04:00,5.338380336761475,5.338380336761475,5.338380336761475,5.338380336761475,8000,0.0,0.0
1990-06-28 00:00:00-04:00,5.401186466217041,5.401186466217041,5.401186466217041,5.401186466217041,2000,0.0,0.0
1990-06-29 00:00:00-04:00,5.401186466217041,5.401186466217041,5.401186466217041,5.401186466217041,0,0.0,0.0
1990-07-02 00:00:00-04:00,5.401186466217041,5.401186466217041,5.401186466217041,5.401186466217041,0,0.0,0.0
1990-07-03 00:00:00-04:00,5.401186466217041,5.401186466217041,5.401186466217041,5.401186466217041,0,0.0,0.0
1990-07-05 00:00:00-04:00,5.401186466217041,5.401186466217041,5.401186466217041,5.401186466217041,0,0.0,0.0
1990-07-06 00:00:00-04:00,5.275577545166016,5.275577545166016,5.275577545166016,5.275577545166016,5000,0.0,0.0
1990-07-09 00:00:00-04:00,5.275577545166016,5.275577545166016,5.275577545166016,5.275577545166016,0,0.0,0.0
1990-07-10 00:00:00-04:00,5.338380336761475,5.338380336761475,5.338380336761475,5.338380336761475,2000,0.0,0.0
1990-07-11 00:00:00-04:00,5.338380336761475,5.338380336761475,5.338380336761475,5.338380336761475,1000,0.0,0.0
1990-07-12 00:00:00-04:00,5.338380336761475,5.338380336761475,5.338380336761475,5.338380336761475,0,0.0,0.0
1990-07-13 00:00:00-04:00,5.369783401489258,5.369783401489258,5.369783401489258,5.369783401489258,2000,0.0,0.0
1990-07-16 00:00:00-04:00,5.297260284423828,5.297260284423828,5.297260284423828,5.297260284423828,2000,0.035,0.0
1990-07-17 00:00:00-04:00,5.297260559965092,5.360323429107666,5.297260559965092,5.360323429107666,6000,0.0,0.0
1990-07-18 00:00:00-04:00,5.265729726805897,5.360323429107666,5.265729726805897,5.360323429107666,11000,0.0,0.0
1990-07-19 00:00:00-04:00,5.2657294529047345,5.297260284423828,5.2657294529047345,5.297260284423828,23000,0.0,0.0
1990-07-20 00:00:00-04:00,5.23419713973999,5.23419713973999,5.23419713973999,5.23419713973999,1000,0.0,0.0
1990-07-23 00:00:00-04:00,5.23419713973999,5.23419713973999,5.23419713973999,5.23419713973999,1000,0.0,0.0
1990-07-24 00:00:00-04:00,5.42338752746582,5.42338752746582,5.41550421597717,5.42338752746582,3000,0.0,0.0
1990-07-25 00:00:00-04:00,5.42338752746582,5.42338752746582,5.42338752746582,5.42338752746582,0,0.0,0.0
1990-07-26 00:00:00-04:00,5.23419801997358,5.297260284423828,5.23419801997358,5.297260284423828,10000,0.0,0.0
1990-07-27 00:00:00-04:00,5.313027858734131,5.313027858734131,5.313027858734131,5.313027858734131,3000,0.0,0.0
1990-07-30 00:00:00-04:00,5.313027858734131,5.313027858734131,5.313027858734131,5.313027858734131,0,0.0,0.0
1990-07-31 00:00:00-04:00,5.23419801997358,5.5495111464610005,5.23419801997358,5.297260284423828,18000,0.0,0.0
1990-08-01 00:00:00-04:00,5.23419713973999,5.23419713973999,5.23419713973999,5.23419713973999,1000,0.0,0.0
1990-08-02 00:00:00-04:00,5.171135902404785,5.171135902404785,5.0450107538411855,5.171135902404785,14000,0.0,0.0
1990-08-03 00:00:00-04:00,4.98194694519043,4.98194694519043,4.98194694519043,4.98194694519043,2000,0.0,0.0
1990-08-06 00:00:00-04:00,5.23419713973999,5.23419713973999,5.23419713973999,5.23419713973999,2000,0.0,0.0
1990-08-07 00:00:00-04:00,5.23419713973999,5.23419713973999,5.23419713973999,5.23419713973999,0,0.0,0.0
1990-08-08 00:00:00-04:00,5.23419713973999,5.23419713973999,5.23419713973999,5.23419713973999,0,0.0,0.0
1990-08-09 00:00:00-04:00,5.23419713973999,5.23419713973999,5.23419713973999,5.23419713973999,0,0.0,0.0
1990-08-10 00:00:00-04:00,5.045009136199951,5.045009136199951,5.045009136199951,5.045009136199951,1000,0.0,0.0
1990-08-13 00:00:00-04:00,5.045009136199951,5.045009136199951,5.045009136199951,5.045009136199951,0,0.0,0.0
1990-08-14 00:00:00-04:00,4.98194694519043,4.98194694519043,4.98194694519043,4.98194694519043,1000,0.0,0.0
1990-08-15 00:00:00-04:00,5.171135902404785,5.171135902404785,5.171135902404785,5.171135902404785,17000,0.0,0.0
1990-08-16 00:00:00-04:00,5.045009136199951,5.045009136199951,5.045009136199951,5.045009136199951,1000,0.0,0.0
1990-08-17 00:00:00-04:00,5.0450095038473215,5.076540933528767,4.98194694519043,4.98194694519043,13000,0.0,0.0
1990-08-20 00:00:00-04:00,4.98194694519043,4.98194694519043,4.98194694519043,4.98194694519043,4000,0.0,0.0
1990-08-21 00:00:00-04:00,4.981948096525749,5.171135816217976,4.981948096525749,5.013479232788086,14000,0.0,0.0
1990-08-22 00:00:00-04:00,5.171135902404785,5.171135902404785,5.171135902404785,5.171135902404785,7000,0.0,0.0
1990-08-23 00:00:00-04:00,4.981946620829754,5.23419713973999,4.981946620829754,5.23419713973999,2000,0.0,0.0
1990-08-24 00:00:00-04:00,5.23419713973999,5.23419713973999,5.23419713973999,5.23419713973999,0,0.0,0.0
1990-08-27 00:00:00-04:00,5.23419713973999,5.23419713973999,5.23419713973999,5.23419713973999,0,0.0,0.0
1990-08-28 00:00:00-04:00,5.23419713973999,5.23419713973999,5.23419713973999,5.23419713973999,0,0.0,0.0
1990-08-29 00:00:00-04:00,5.23419713973999,5.23419713973999,5.23419713973999,5.23419713973999,0,0.0,0.0
1990-08-30 00:00:00-04:00,5.23419713973999,5.23419713973999,5.23419713973999,5.23419713973999,0,0.0,0.0
1990-08-31 00:00:00-04:00,4.981948096525749,5.013479232788086,4.981948096525749,5.013479232788086,8000,0.0,0.0
1990-09-04 00:00:00-04:00,5.013479232788086,5.013479232788086,5.013479232788086,5.013479232788086,0,0.0,0.0
1990-09-05 00:00:00-04:00,5.013479232788086,5.013479232788086,5.013479232788086,5.013479232788086,0,0.0,0.0
1990-09-06 00:00:00-04:00,5.013479232788086,5.013479232788086,5.013479232788086,5.013479232788086,0,0.0,0.0
1990-09-07 00:00:00-04:00,5.013479232788086,5.013479232788086,5.013479232788086,5.013479232788086,0,0.0,0.0
1990-09-10 00:00:00-04:00,5.013479232788086,5.013479232788086,5.013479232788086,5.013479232788086,0,0.0,0.0
1990-09-11 00:00:00-04:00,5.013479232788086,5.013479232788086,5.013479232788086,5.013479232788086,0,0.0,0.0
1990-09-12 00:00:00-04:00,5.013479232788086,5.013479232788086,5.013479232788086,5.013479232788086,0,0.0,0.0
1990-09-13 00:00:00-04:00,5.013479232788086,5.013479232788086,5.013479232788086,5.013479232788086,0,0.0,0.0
1990-09-14 00:00:00-04:00,5.23419877739266,5.23419877739266,4.981948179559385,5.171135902404785,9000,0.0,0.0
1990-09-17 00:00:00-04:00,5.045011886572705,5.07654333114624,5.045011886572705,5.07654333114624,8000,0.0,0.0
1990-09-18 00:00:00-04:00,5.108074188232422,5.108074188232422,5.108074188232422,5.108074188232422,1000,0.0,0.0
1990-09-19 00:00:00-04:00,5.108074188232422,5.108074188232422,5.108074188232422,5.108074188232422,0,0.0,0.0
1990-09-20 00:00:00-04:00,5.13960599899292,5.13960599899292,5.13960599899292,5.13960599899292,8000,0.0,0.0
1990-09-21 00:00:00-04:00,5.13960599899292,5.13960599899292,5.13960599899292,5.13960599899292,0,0.0,0.0
1990-09-24 00:00:00-04:00,5.13960599899292,5.13960599899292,5.13960599899292,5.13960599899292,0,0.0,0.0
1990-09-25 00:00:00-04:00,5.076540933528767,5.076540933528767,4.98194694519043,4.98194694519043,4000,0.0,0.0
1990-09-26 00:00:00-04:00,5.0607760875346255,5.0607760875346255,5.013479232788086,5.013479232788086,6000,0.0,0.0
1990-09-27 00:00:00-04:00,5.013479232788086,5.013479232788086,5.013479232788086,5.013479232788086,0,0.0,0.0
1990-09-28 00:00:00-04:00,5.013479232788086,5.013479232788086,5.013479232788086,5.013479232788086,0,0.0,0.0
1990-10-01 00:00:00-04:00,4.98194694519043,4.98194694519043,4.98194694519043,4.98194694519043,3000,0.0,0.0
1990-10-02 00:00:00-04:00,4.98194694519043,4.98194694519043,4.98194694519043,4.98194694519043,0,0.0,0.0
1990-10-03 00:00:00-04:00,4.98194694519043,4.98194694519043,4.98194694519043,4.98194694519043,0,0.0,0.0
1990-10-04 00:00:00-04:00,4.98194694519043,4.98194694519043,4.98194694519043,4.98194694519043,0,0.0,0.0
1990-10-05 00:00:00-04:00,4.98194694519043,4.98194694519043,4.98194694519043,4.98194694519043,0,0.0,0.0
1990-10-08 00:00:00-04:00,5.013479232788086,5.013479232788086,5.013479232788086,5.013479232788086,4000,0.0,0.0
1990-10-09 00:00:00-04:00,5.013479232788086,5.013479232788086,5.013479232788086,5.013479232788086,0,0.0,0.0
1990-10-10 00:00:00-04:00,5.013479232788086,5.013479232788086,5.013479232788086,5.013479232788086,0,0.0,0.0
1990-10-11 00:00:00-04:00,5.013479232788086,5.013479232788086,5.013479232788086,5.013479232788086,0,0.0,0.0
1990-10-12 00:00:00-04:00,5.297261631090337,5.297261631090337,4.9819487251503,5.108074188232422,7000,0.0,0.0
1990-10-15 00:00:00-04:00,5.130241870880127,5.130241870880127,5.130241870880127,5.130241870880127,0,0.035,0.0
1990-10-16 00:00:00-04:00,5.130241870880127,5.130241870880127,5.130241870880127,5.130241870880127,0,0.0,0.0
1990-10-17 00:00:00-04:00,5.00356912612915,5.00356912612915,5.00356912612915,5.00356912612915,1000,0.0,0.0
1990-10-18 00:00:00-04:00,5.00356912612915,5.00356912612915,5.00356912612915,5.00356912612915,0,0.0,0.0
1990-10-19 00:00:00-04:00,5.00356912612915,5.00356912612915,5.00356912612915,5.00356912612915,0,0.0,0.0
1990-10-22 00:00:00-04:00,5.00356912612915,5.00356912612915,5.00356912612915,5.00356912612915,5000,0.0,0.0
1990-10-23 00:00:00-04:00,5.051069725240883,5.193576335906982,5.051069725240883,5.193576335906982,3000,0.0,0.0
1990-10-24 00:00:00-04:00,5.193576335906982,5.193576335906982,5.193576335906982,5.193576335906982,0,0.0,0.0
1990-10-25 00:00:00-04:00,5.193576335906982,5.193576335906982,5.193576335906982,5.193576335906982,0,0.0,0.0
1990-10-26 00:00:00-04:00,5.00356905685196,5.130241870880127,5.00356905685196,5.130241870880127,9000,0.0,0.0
1990-10-29 00:00:00-05:00,5.00356905685196,5.130241870880127,5.00356905685196,5.130241870880127,6000,0.0,0.0
1990-10-30 00:00:00-05:00,5.00356912612915,5.00356912612915,5.00356912612915,5.00356912612915,2000,0.0,0.0
1990-10-31 00:00:00-05:00,5.066903114318848,5.066903114318848,5.066903114318848,5.066903114318848,20000,0.0,0.0
1990-11-01 00:00:00-05:00,5.066903114318848,5.066903114318848,5.066903114318848,5.066903114318848,0,0.0,0.0
1990-11-02 00:00:00-05:00,5.066903114318848,5.066903114318848,5.066903114318848,5.066903114318848,0,0.0,0.0
1990-11-05 00:00:00-05:00,5.066903114318848,5.066903114318848,5.066903114318848,5.066903114318848,0,0.0,0.0
1990-11-06 00:00:00-05:00,5.00356912612915,5.00356912612915,5.00356912612915,5.00356912612915,1000,0.0,0.0
1990-11-07 00:00:00-05:00,5.003568859728621,5.130241668766318,5.003568859728621,5.035236835479736,29000,0.0,0.0
1990-11-08 00:00:00-05:00,5.003566885792054,5.066903114318848,5.003566885792054,5.066903114318848,7000,0.0,0.0
1990-11-09 00:00:00-05:00,5.003569278369766,5.2569146156311035,5.003569278369766,5.2569146156311035,158000,0.0,0.0
1990-11-12 00:00:00-05:00,5.383585351469118,5.383585351469118,5.193576335906982,5.193576335906982,2000,0.0,0.0
1990-11-13 00:00:00-05:00,5.193576335906982,5.193576335906982,5.193576335906982,5.193576335906982,0,0.0,0.0
1990-11-14 00:00:00-05:00,5.00356912612915,5.00356912612915,5.00356912612915,5.00356912612915,1000,0.0,0.0
1990-11-15 00:00:00-05:00,5.00356912612915,5.00356912612915,5.00356912612915,5.00356912612915,0,0.0,0.0
1990-11-16 00:00:00-05:00,5.00356912612915,5.00356912612915,5.00356912612915,5.00356912612915,0,0.0,0.0
1990-11-19 00:00:00-05:00,5.00356912612915,5.00356912612915,5.00356912612915,5.00356912612915,0,0.0,0.0
1990-11-20 00:00:00-05:00,5.003566885792054,5.066903114318848,5.003566885792054,5.066903114318848,3000,0.0,0.0
1990-11-21 00:00:00-05:00,5.383585453033447,5.383585453033447,5.383585453033447,5.383585453033447,2000,0.0,0.0
1990-11-23 00:00:00-05:00,5.383586894914279,5.383586894914279,5.130241870880127,5.130241870880127,4000,0.0,0.0
1990-11-26 00:00:00-05:00,5.383586894914279,5.383586894914279,5.130241870880127,5.130241870880127,4000,0.0,0.0
1990-11-27 00:00:00-05:00,5.383586894914279,5.383586894914279,5.130241870880127,5.130241870880127,2000,0.0,0.0
1990-11-28 00:00:00-05:00,5.130241870880127,5.130241870880127,5.130241870880127,5.130241870880127,0,0.0,0.0
1990-11-29 00:00:00-05:00,5.00356912612915,5.00356912612915,5.00356912612915,5.00356912612915,3000,0.0,0.0
1990-11-30 00:00:00-05:00,5.00356912612915,5.00356912612915,5.00356912612915,5.00356912612915,0,0.0,0.0
1990-12-03 00:00:00-05:00,5.003566885792054,5.066903114318848,5.003566885792054,5.066903114318848,8000,0.0,0.0
1990-12-04 00:00:00-05:00,5.003566885792054,5.066903114318848,5.003566885792054,5.066903114318848,2000,0.0,0.0
1990-12-05 00:00:00-05:00,5.066905537182325,5.2569146156311035,5.066905537182325,5.2569146156311035,7000,0.0,0.0
1990-12-06 00:00:00-05:00,5.225244605837673,5.225244605837673,5.193576335906982,5.193576335906982,6000,0.0,0.0
1990-12-07 00:00:00-05:00,5.193576335906982,5.193576335906982,5.193576335906982,5.193576335906982,0,0.0,0.0
1990-12-10 00:00:00-05:00,5.066903860206229,5.193576335906982,5.066903860206229,5.193576335906982,10000,0.0,0.0
1990-12-11 00:00:00-05:00,5.193576335906982,5.193576335906982,5.193576335906982,5.193576335906982,0,0.0,0.0
1990-12-12 00:00:00-05:00,5.193576335906982,5.193576335906982,5.193576335906982,5.193576335906982,2000,0.0,0.0
1990-12-13 00:00:00-05:00,5.193576335906982,5.193576335906982,5.193576335906982,5.193576335906982,0,0.0,0.0
1990-12-14 00:00:00-05:00,5.193575571372435,5.209410006017833,5.066903114318848,5.066903114318848,24000,0.0,0.0
1990-12-17 00:00:00-05:00,5.193575571372435,5.193575571372435,5.066903114318848,5.066903114318848,2000,0.0,0.0
1990-12-18 00:00:00-05:00,5.256913750972066,5.256913750972066,5.193577200566021,5.225245475769043,32000,0.0,0.0
1990-12-19 00:00:00-05:00,5.225245475769043,5.225245475769043,5.225245475769043,5.225245475769043,0,0.0,0.0
1990-12-20 00:00:00-05:00,5.446923694079882,5.446923694079882,5.2569146156311035,5.2569146156311035,3000,0.0,0.0
1990-12-21 00:00:00-05:00,5.2569146156311035,5.2569146156311035,5.2569146156311035,5.2569146156311035,0,0.0,0.0
1990-12-24 00:00:00-05:00,5.2569146156311035,5.2569146156311035,5.2569146156311035,5.2569146156311035,0,0.0,0.0
1990-12-26 00:00:00-05:00,5.2569146156311035,5.2569146156311035,5.2569146156311035,5.2569146156311035,0,0.0,0.0
1990-12-27 00:00:00-05:00,5.446922779083252,5.446922779083252,5.446922779083252,5.446922779083252,1000,0.0,0.0
1990-12-28 00:00:00-05:00,5.446922779083252,5.446922779083252,5.446922779083252,5.446922779083252,0,0.0,0.0
1990-12-31 00:00:00-05:00,5.446922779083252,5.446922779083252,5.446922779083252,5.446922779083252,0,0.0,0.0
1991-01-02 00:00:00-05:00,5.2569146156311035,5.2569146156311035,5.2569146156311035,5.2569146156311035,1000,0.0,0.0
1991-01-03 00:00:00-05:00,5.2569146156311035,5.2569146156311035,5.2569146156311035,5.2569146156311035,0,0.0,0.0
1991-01-04 00:00:00-05:00,5.320248811607737,5.320248811607737,5.130240400067611,5.193576335906982,7000,0.0,0.0
1991-01-07 00:00:00-05:00,5.1302419050322685,5.161909580230713,5.1302419050322685,5.161909580230713,20000,0.0,0.0
1991-01-08 00:00:00-05:00,5.161909580230713,5.161909580230713,5.161909580230713,5.161909580230713,0,0.0,0.0
1991-01-09 00:00:00-05:00,5.066903114318848,5.066903114318848,5.066903114318848,5.066903114318848,1000,0.0,0.0
1991-01-10 00:00:00-05:00,5.066903114318848,5.066903114318848,5.066903114318848,5.066903114318848,1000,0.0,0.0
1991-01-11 00:00:00-05:00,5.066905312860498,5.2094122663935725,5.066905312860498,5.130241870880127,15000,0.0,0.0
1991-01-14 00:00:00-05:00,5.088893980384451,5.152505397796631,5.088893980384451,5.152505397796631,11000,0.035,0.0
1991-01-15 00:00:00-05:00,5.152505397796631,5.152505397796631,5.152505397796631,5.152505397796631,0,0.0,0.0
1991-01-16 00:00:00-05:00,5.152505397796631,5.152505397796631,5.152505397796631,5.152505397796631,0,0.0,0.0
1991-01-17 00:00:00-05:00,5.088894844055176,5.088894844055176,5.088894844055176,5.088894844055176,1000,0.0,0.0
1991-01-18 00:00:00-05:00,5.088894844055176,5.088894844055176,5.088894844055176,5.088894844055176,1000,0.0,0.0
1991-01-21 00:00:00-05:00,5.13660192489624,5.13660192489624,5.13660192489624,5.13660192489624,3000,0.0,0.0
1991-01-22 00:00:00-05:00,5.3433380126953125,5.3433380126953125,5.3433380126953125,5.3433380126953125,1000,0.0,0.0
1991-01-23 00:00:00-05:00,5.534170627593994,5.534170627593994,5.534170627593994,5.534170627593994,1000,0.0,0.0
1991-01-24 00:00:00-05:00,5.279727935791016,5.279727935791016,5.279727935791016,5.279727935791016,1000,0.0,0.0
1991-01-25 00:00:00-05:00,5.279727935791016,5.279727935791016,5.279727935791016,5.279727935791016,0,0.0,0.0
1991-01-28 00:00:00-05:00,5.279727935791016,5.279727935791016,5.279727935791016,5.279727935791016,0,0.0,0.0
1991-01-29 00:00:00-05:00,5.279727935791016,5.279727935791016,5.279727935791016,5.279727935791016,0,0.0,0.0
1991-01-30 00:00:00-05:00,5.279727935791016,5.279727935791016,5.279727935791016,5.279727935791016,0,0.0,0.0
1991-01-31 00:00:00-05:00,5.152505700144714,5.279727935791016,5.152505700144714,5.279727935791016,17000,0.0,0.0
1991-02-01 00:00:00-05:00,5.279727935791016,5.279727935791016,5.279727935791016,5.279727935791016,0,0.0,0.0
1991-02-04 00:00:00-05:00,5.534172821464909,5.534172821464909,5.216116905212402,5.216116905212402,7000,0.0,0.0
1991-02-05 00:00:00-05:00,5.597784713811498,5.661395538376298,5.47056245803833,5.47056245803833,9000,0.0,0.0
1991-02-06 00:00:00-05:00,5.47056245803833,5.47056245803833,5.47056245803833,5.47056245803833,0,0.0,0.0
1991-02-07 00:00:00-05:00,5.661396503448486,5.661396503448486,5.661396503448486,5.661396503448486,2000,0.0,0.0
1991-02-08 00:00:00-05:00,5.661396503448486,5.661396503448486,5.661396503448486,5.661396503448486,0,0.0,0.0
1991-02-11 00:00:00-05:00,5.661396503448486,5.661396503448486,5.661396503448486,5.661396503448486,0,0.0,0.0
1991-02-12 00:00:00-05:00,5.661396503448486,5.661396503448486,5.661396503448486,5.661396503448486,0,0.0,0.0
1991-02-13 00:00:00-05:00,5.534170627593994,5.534170627593994,5.534170627593994,5.534170627593994,4000,0.0,0.0
1991-02-14 00:00:00-05:00,5.534170627593994,5.534170627593994,5.534170627593994,5.534170627593994,0,0.0,0.0
1991-02-15 00:00:00-05:00,5.279726615743978,5.915838241577148,5.279726615743978,5.915838241577148,336000,0.0,0.0
1991-02-19 00:00:00-05:00,5.915838241577148,5.915838241577148,5.915838241577148,5.915838241577148,0,0.0,0.0
1991-02-20 00:00:00-05:00,5.534172445403075,5.915839761628174,5.534172445403075,5.725006103515625,22000,0.0,0.0
1991-02-21 00:00:00-05:00,5.97945057657004,5.97945057657004,5.725006103515625,5.725006103515625,5000,0.0,0.0
1991-02-22 00:00:00-05:00,5.597783088684082,5.597783088684082,5.597783088684082,5.597783088684082,1000,0.0,0.0
1991-02-25 00:00:00-05:00,5.629588795054553,5.629588795054553,5.597783088684082,5.597783088684082,9000,0.0,0.0
1991-02-26 00:00:00-05:00,5.629588795054553,5.629588795054553,5.597783088684082,5.597783088684082,9000,0.0,0.0
1991-02-27 00:00:00-05:00,5.629587650299072,5.629587650299072,5.597781950396172,5.629587650299072,37000,0.0,0.0
1991-02-28 00:00:00-05:00,5.629587650299072,5.629587650299072,5.629587650299072,5.629587650299072,0,0.0,0.0
1991-03-01 00:00:00-05:00,5.629587650299072,5.629587650299072,5.629587650299072,5.629587650299072,0,0.0,0.0
1991-03-04 00:00:00-05:00,5.629587650299072,5.629587650299072,5.629587650299072,5.629587650299072,0,0.0,0.0
1991-03-05 00:00:00-05:00,5.629587650299072,5.629587650299072,5.629587650299072,5.629587650299072,0,0.0,0.0
1991-03-06 00:00:00-05:00,5.693198443461606,5.693198443461606,5.597781950396172,5.629587650299072,18000,0.0,0.0
1991-03-07 00:00:00-05:00,5.629587650299072,5.629587650299072,5.629587650299072,5.629587650299072,0,0.0,0.0
1991-03-08 00:00:00-05:00,5.725006660000029,6.043062585555586,5.725006660000029,5.788618087768555,12000,0.0,0.0
1991-03-11 00:00:00-05:00,5.97945010738802,6.043061523982044,5.820422172546388,5.820422172546387,23000,0.0,0.0
1991-03-12 00:00:00-05:00,5.820422172546388,5.820422172546388,5.820422172546388,5.820422172546387,0,0.0,0.0
1991-03-13 00:00:00-05:00,6.043062686920166,6.043062686920166,6.043062686920166,6.043062686920166,1000,0.0,0.0
1991-03-14 00:00:00-05:00,5.915841785823432,5.915841785823432,5.852230342472467,5.884036064147949,20000,0.0,0.0
1991-03-15 00:00:00-05:00,5.884036064147949,5.884036064147949,5.884036064147949,5.884036064147949,0,0.0,0.0
1991-03-18 00:00:00-05:00,5.884036064147949,5.884036064147949,5.884036064147949,5.884036064147949,0,0.0,0.0
1991-03-19 00:00:00-05:00,5.884036064147949,5.884036064147949,5.884036064147949,5.884036064147949,0,0.0,0.0
1991-03-20 00:00:00-05:00,5.756811814308295,5.756811814308295,5.725006103515625,5.725006103515625,20000,0.0,0.0
1991-03-21 00:00:00-05:00,5.725006103515625,5.725006103515625,5.725006103515625,5.725006103515625,0,0.0,0.0
1991-03-22 00:00:00-05:00,5.725006103515625,5.725006103515625,5.725006103515625,5.725006103515625,0,0.0,0.0
1991-03-25 00:00:00-05:00,5.725006103515625,5.725006103515625,5.725006103515625,5.725006103515625,3000,0.0,0.0
1991-03-26 00:00:00-05:00,5.725006103515625,5.725006103515625,5.725006103515625,5.725006103515625,0,0.0,0.0
1991-03-27 00:00:00-05:00,5.884036064147949,5.884036064147949,5.884036064147949,5.884036064147949,2000,0.0,0.0
1991-03-28 00:00:00-05:00,5.884036064147949,5.884036064147949,5.884036064147949,5.884036064147949,0,0.0,0.0
1991-04-01 00:00:00-05:00,5.94764518737793,6.233895357506379,5.94764518737793,5.94764518737793,5000,0.0,0.0
1991-04-02 00:00:00-05:00,5.94764518737793,5.94764518737793,5.94764518737793,5.94764518737793,0,0.0,0.0
1991-04-03 00:00:00-05:00,5.915838241577148,5.915838241577148,5.915838241577148,5.915838241577148,3000,0.0,0.0
1991-04-04 00:00:00-05:00,5.915838241577148,5.915838241577148,5.915838241577148,5.915838241577148,0,0.0,0.0
1991-04-05 00:00:00-05:00,5.915838241577148,5.915838241577148,5.915838241577148,5.915838241577148,0,0.0,0.0
1991-04-08 00:00:00-04:00,6.2338948249816895,6.2338948249816895,6.2338948249816895,6.2338948249816895,4000,0.0,0.0
1991-04-09 00:00:00-04:00,6.2338948249816895,6.2338948249816895,6.2338948249816895,6.2338948249816895,0,0.0,0.0
1991-04-10 00:00:00-04:00,6.2338948249816895,6.2338948249816895,6.2338948249816895,6.2338948249816895,0,0.0,0.0
1991-04-11 00:00:00-04:00,6.2338948249816895,6.2338948249816895,6.2338948249816895,6.2338948249816895,0,0.0,0.0
1991-04-12 00:00:00-04:00,6.2338948249816895,6.2338948249816895,6.2338948249816895,6.2338948249816895,0,0.0,0.0
1991-04-15 00:00:00-04:00,6.1285600662231445,6.1285600662231445,6.1285600662231445,6.1285600662231445,1000,0.035,0.0
1991-04-16 00:00:00-04:00,6.1285600662231445,6.1285600662231445,6.1285600662231445,6.1285600662231445,0,0.0,0.0
1991-04-17 00:00:00-04:00,6.1285600662231445,6.1285600662231445,6.1285600662231445,6.1285600662231445,0,0.0,0.0
1991-04-18 00:00:00-04:00,6.256241321563721,6.256241321563721,6.256241321563721,6.256241321563721,1000,0.0,0.0
1991-04-19 00:00:00-04:00,6.256241321563721,6.256241321563721,6.256241321563721,6.256241321563721,0,0.0,0.0
1991-04-22 00:00:00-04:00,6.256241321563721,6.256241321563721,6.256241321563721,6.256241321563721,0,0.0,0.0
1991-04-23 00:00:00-04:00,6.256241321563721,6.256241321563721,6.256241321563721,6.256241321563721,0,0.0,0.0
1991-04-24 00:00:00-04:00,6.256241321563721,6.256241321563721,6.256241321563721,6.256241321563721,0,0.0,0.0
1991-04-25 00:00:00-04:00,6.256241321563721,6.256241321563721,6.256241321563721,6.256241321563721,0,0.0,0.0
1991-04-26 00:00:00-04:00,6.256241321563721,6.256241321563721,6.256241321563721,6.256241321563721,0,0.0,0.0
1991-04-29 00:00:00-04:00,6.256241321563721,6.256241321563721,6.256241321563721,6.256241321563721,0,0.0,0.0
1991-04-30 00:00:00-04:00,6.256241321563721,6.256241321563721,6.256241321563721,6.256241321563721,0,0.0,0.0
1991-05-01 00:00:00-04:00,6.256241321563721,6.256241321563721,6.256241321563721,6.256241321563721,2000,0.0,0.0
1991-05-02 00:00:00-04:00,6.256241321563721,6.256241321563721,6.256241321563721,6.256241321563721,0,0.0,0.0
1991-05-03 00:00:00-04:00,6.256241321563721,6.256241321563721,6.256241321563721,6.256241321563721,0,0.0,0.0
1991-05-06 00:00:00-04:00,6.256241321563721,6.256241321563721,6.256241321563721,6.256241321563721,0,0.0,0.0
1991-05-07 00:00:00-04:00,6.256238434951575,6.256238434951575,6.064720813804721,6.192399024963379,7000,0.0,0.0
1991-05-08 00:00:00-04:00,5.745527744293213,5.745527744293213,5.745527744293213,5.745527744293213,1000,0.0,0.0
1991-05-09 00:00:00-04:00,5.937041759490967,5.937041759490967,5.937041759490967,5.937041759490967,3000,0.0,0.0
1991-05-10 00:00:00-04:00,6.064723612051134,6.256241321563721,6.064723612051134,6.256241321563721,5000,0.0,0.0
1991-05-13 00:00:00-04:00,6.256241321563721,6.256241321563721,6.256241321563721,6.256241321563721,0,0.0,0.0
1991-05-14 00:00:00-04:00,6.064722061157227,6.064722061157227,6.064722061157227,6.064722061157227,3000,0.0,0.0
1991-05-15 00:00:00-04:00,6.064722061157227,6.064722061157227,6.064722061157227,6.064722061157227,0,0.0,0.0
1991-05-16 00:00:00-04:00,5.87320613861084,5.87320613861084,5.87320613861084,5.87320613861084,2000,0.0,0.0
1991-05-17 00:00:00-04:00,6.064723612051134,6.320080152189239,6.064723612051134,6.256241321563721,130000,0.0,0.0
1991-05-20 00:00:00-04:00,6.256241321563721,6.256241321563721,6.256241321563721,6.256241321563721,0,0.0,0.0
1991-05-21 00:00:00-04:00,6.064720813804721,6.51159485726889,6.064720813804721,6.192399024963379,94000,0.0,0.0
1991-05-22 00:00:00-04:00,6.1285600662231445,6.1285600662231445,6.1285600662231445,6.1285600662231445,1000,0.0,0.0
1991-05-23 00:00:00-04:00,6.1285600662231445,6.1285600662231445,6.1285600662231445,6.1285600662231445,5000,0.0,0.0
1991-05-24 00:00:00-04:00,6.1285600662231445,6.1285600662231445,6.1285600662231445,6.1285600662231445,2000,0.0,0.0
1991-05-28 00:00:00-04:00,6.1285600662231445,6.1285600662231445,6.1285600662231445,6.1285600662231445,0,0.0,0.0
1991-05-29 00:00:00-04:00,6.1285600662231445,6.1285600662231445,6.1285600662231445,6.1285600662231445,3000,0.0,0.0
1991-05-30 00:00:00-04:00,6.1285600662231445,6.1285600662231445,6.1285600662231445,6.1285600662231445,0,0.0,0.0
1991-05-31 00:00:00-04:00,6.511594689851017,6.511594689851017,6.1285600662231445,6.1285600662231445,3000,0.0,0.0
1991-06-03 00:00:00-04:00,6.1285600662231445,6.1285600662231445,6.1285600662231445,6.1285600662231445,0,0.0,0.0
1991-06-04 00:00:00-04:00,6.1285600662231445,6.1285600662231445,6.1285600662231445,6.1285600662231445,0,0.0,0.0
1991-06-05 00:00:00-04:00,6.1285600662231445,6.1285600662231445,6.1285600662231445,6.1285600662231445,0,0.0,0.0
1991-06-06 00:00:00-04:00,6.1285600662231445,6.1285600662231445,6.1285600662231445,6.1285600662231445,0,0.0,0.0
1991-06-07 00:00:00-04:00,6.256241321563721,6.383919591632773,6.128563051494668,6.256241321563721,59000,0.0,0.0
1991-06-10 00:00:00-04:00,6.192400138830356,6.5115960285516925,6.192400138830356,6.320078372955322,3000,0.0,0.0
1991-06-11 00:00:00-04:00,6.320078372955322,6.320078372955322,6.320078372955322,6.320078372955322,40000,0.0,0.0
1991-06-12 00:00:00-04:00,6.320078372955322,6.320078372955322,6.320078372955322,6.320078372955322,0,0.0,0.0
1991-06-13 00:00:00-04:00,6.320078372955322,6.320078372955322,6.320078372955322,6.320078372955322,0,0.0,0.0
1991-06-14 00:00:00-04:00,6.320078372955322,6.320078372955322,6.320078372955322,6.320078372955322,0,0.0,0.0
1991-06-17 00:00:00-04:00,6.064722061157227,6.064722061157227,6.064722061157227,6.064722061157227,1000,0.0,0.0
1991-06-18 00:00:00-04:00,6.064722061157227,6.064722061157227,6.064722061157227,6.064722061157227,0,0.0,0.0
1991-06-19 00:00:00-04:00,6.064722061157227,6.064722061157227,6.064722061157227,6.064722061157227,0,0.0,0.0
1991-06-20 00:00:00-04:00,6.064722061157227,6.064722061157227,6.064722061157227,6.064722061157227,0,0.0,0.0
1991-06-21 00:00:00-04:00,6.064722061157227,6.064722061157227,6.064722061157227,6.064722061157227,0,0.0,0.0
1991-06-24 00:00:00-04:00,6.064722061157227,6.064722061157227,6.064722061157227,6.064722061157227,0,0.0,0.0
1991-06-25 00:00:00-04:00,6.064722061157227,6.064722061157227,6.064722061157227,6.064722061157227,0,0.0,0.0
1991-06-26 00:00:00-04:00,6.064722061157227,6.064722061157227,6.064722061157227,6.064722061157227,0,0.0,0.0
1991-06-27 00:00:00-04:00,6.064722061157227,6.064722061157227,6.064722061157227,6.064722061157227,0,0.0,0.0
1991-06-28 00:00:00-04:00,6.064722061157227,6.064722061157227,6.064722061157227,6.064722061157227,0,0.0,0.0
1991-07-01 00:00:00-04:00,6.064722061157227,6.064722061157227,6.064722061157227,6.064722061157227,0,0.0,0.0
1991-07-02 00:00:00-04:00,5.9370438237385414,6.064722061157227,5.9370438237385414,6.064722061157227,2000,0.0,0.0
1991-07-03 00:00:00-04:00,6.064722061157227,6.064722061157227,6.064722061157227,6.064722061157227,1000,0.0,0.0
1991-07-05 00:00:00-04:00,6.064722061157227,6.064722061157227,6.064722061157227,6.064722061157227,0,0.0,0.0
1991-07-08 00:00:00-04:00,6.064722061157227,6.064722061157227,6.064722061157227,6.064722061157227,0,0.0,0.0
1991-07-09 00:00:00-04:00,6.064722061157227,6.064722061157227,6.064722061157227,6.064722061157227,0,0.0,0.0
1991-07-10 00:00:00-04:00,6.064722061157227,6.064722061157227,6.064722061157227,6.064722061157227,0,0.0,0.0
1991-07-11 00:00:00-04:00,6.064722061157227,6.064722061157227,6.064722061157227,6.064722061157227,0,0.0,0.0
1991-07-12 00:00:00-04:00,6.064722061157227,6.064722061157227,6.064722061157227,6.064722061157227,0,0.0,0.0
1991-07-15 00:00:00-04:00,6.127193927764893,6.127193927764893,6.127193927764893,6.127193927764893,1000,0.035,0.0
1991-07-16 00:00:00-04:00,5.926959159098652,6.023071765899658,5.894921419808632,6.023071765899658,7000,0.0,0.0
1991-07-17 00:00:00-04:00,5.894921411471171,6.087147235870361,5.894921411471171,6.087147235870361,57000,0.0,0.0
1991-07-18 00:00:00-04:00,5.894921779632568,5.894921779632568,5.894921779632568,5.894921779632568,1000,0.0,0.0
1991-07-19 00:00:00-04:00,5.894921779632568,5.894921779632568,5.894921779632568,5.894921779632568,0,0.0,0.0
1991-07-22 00:00:00-04:00,5.894921779632568,5.894921779632568,5.894921779632568,5.894921779632568,0,0.0,0.0
1991-07-23 00:00:00-04:00,5.894921779632568,5.894921779632568,5.894921779632568,5.894921779632568,0,0.0,0.0
1991-07-24 00:00:00-04:00,5.894921779632568,5.894921779632568,5.894921779632568,5.894921779632568,1000,0.0,0.0
1991-07-25 00:00:00-04:00,5.958996889960584,6.087147235870361,5.958996889960584,6.087147235870361,2000,0.0,0.0
1991-07-26 00:00:00-04:00,6.087147235870361,6.087147235870361,6.087147235870361,6.087147235870361,0,0.0,0.0
1991-07-29 00:00:00-04:00,6.087147235870361,6.087147235870361,6.087147235870361,6.087147235870361,0,0.0,0.0
1991-07-30 00:00:00-04:00,6.087147235870361,6.087147235870361,6.087147235870361,6.087147235870361,0,0.0,0.0
1991-07-31 00:00:00-04:00,6.215297590570722,6.215297590570722,5.99103463767869,6.023071765899658,125000,0.0,0.0
1991-08-01 00:00:00-04:00,6.055109496625654,6.087147235870361,6.055109496625654,6.087147235870361,326000,0.0,0.0
1991-08-02 00:00:00-04:00,6.407524108886719,6.407524108886719,6.407524108886719,6.407524108886719,10000,0.0,0.0
1991-08-05 00:00:00-04:00,6.407524108886719,6.407524108886719,6.407524108886719,6.407524108886719,0,0.0,0.0
1991-08-06 00:00:00-04:00,6.087147235870361,6.087147235870361,6.087147235870361,6.087147235870361,5000,0.0,0.0
1991-08-07 00:00:00-04:00,6.087147235870361,6.087147235870361,6.087147235870361,6.087147235870361,0,0.0,0.0
1991-08-08 00:00:00-04:00,6.087148275130835,6.247336387634277,6.087148275130835,6.247336387634277,4000,0.0,0.0
1991-08-09 00:00:00-04:00,6.247336387634277,6.247336387634277,6.247336387634277,6.247336387634277,0,0.0,0.0
1991-08-12 00:00:00-04:00,6.247336387634277,6.247336387634277,6.247336387634277,6.247336387634277,0,0.0,0.0
1991-08-13 00:00:00-04:00,6.247336387634277,6.247336387634277,6.247336387634277,6.247336387634277,0,0.0,0.0
1991-08-14 00:00:00-04:00,6.247336387634277,6.247336387634277,6.247336387634277,6.247336387634277,0,0.0,0.0
1991-08-15 00:00:00-04:00,6.471599578857422,6.471599578857422,6.471599578857422,6.471599578857422,1000,0.0,0.0
1991-08-16 00:00:00-04:00,6.087148275130835,6.247336387634277,6.087148275130835,6.247336387634277,2000,0.0,0.0
1991-08-19 00:00:00-04:00,6.407524108886719,6.407524108886719,6.407524108886719,6.407524108886719,1000,0.0,0.0
1991-08-20 00:00:00-04:00,6.407524108886719,6.407524108886719,6.407524108886719,6.407524108886719,0,0.0,0.0
1991-08-21 00:00:00-04:00,6.407524108886719,6.407524108886719,6.407524108886719,6.407524108886719,0,0.0,0.0
1991-08-22 00:00:00-04:00,6.27937221516617,6.27937221516617,6.215296745300293,6.215296745300293,4000,0.0,0.0
1991-08-23 00:00:00-04:00,6.215296745300293,6.215296745300293,6.215296745300293,6.215296745300293,0,0.0,0.0
1991-08-26 00:00:00-04:00,6.215296745300293,6.215296745300293,6.215296745300293,6.215296745300293,0,0.0,0.0
1991-08-27 00:00:00-04:00,6.215296745300293,6.215296745300293,6.215296745300293,6.215296745300293,0,0.0,0.0
1991-08-28 00:00:00-04:00,6.215296745300293,6.215296745300293,6.215296745300293,6.215296745300293,0,0.0,0.0
1991-08-29 00:00:00-04:00,6.407524108886719,6.407524108886719,6.407524108886719,6.407524108886719,1000,0.0,0.0
1991-08-30 00:00:00-04:00,6.407524108886719,6.407524108886719,6.407524108886719,6.407524108886719,0,0.0,0.0
1991-09-03 00:00:00-04:00,6.0871481711805595,6.151223659515381,6.0871481711805595,6.151223659515381,4000,0.0,0.0
1991-09-04 00:00:00-04:00,6.151223388958897,6.407524108886719,6.151223388958897,6.407524108886719,3000,0.0,0.0
1991-09-05 00:00:00-04:00,6.407524108886719,6.407524108886719,6.407524108886719,6.407524108886719,0,0.0,0.0
1991-09-06 00:00:00-04:00,6.215298536781058,6.215298536781058,6.151223659515381,6.151223659515381,3000,0.0,0.0
1991-09-09 00:00:00-04:00,6.151223659515381,6.151223659515381,6.151223659515381,6.151223659515381,0,0.0,0.0
1991-09-10 00:00:00-04:00,6.151223659515381,6.151223659515381,6.151223659515381,6.151223659515381,0,0.0,0.0
1991-09-11 00:00:00-04:00,6.151223659515381,6.151223659515381,6.151223659515381,6.151223659515381,0,0.0,0.0
1991-09-12 00:00:00-04:00,6.151223659515381,6.151223659515381,6.151223659515381,6.151223659515381,0,0.0,0.0
1991-09-13 00:00:00-04:00,6.151223659515381,6.151223659515381,6.151223659515381,6.151223659515381,0,0.0,0.0
1991-09-16 00:00:00-04:00,6.151223659515381,6.151223659515381,6.151223659515381,6.151223659515381,0,0.0,0.0
1991-09-17 00:00:00-04:00,6.151223659515381,6.151223659515381,6.151223659515381,6.151223659515381,0,0.0,0.0
1991-09-18 00:00:00-04:00,6.151224689240854,6.279375076293945,6.151224689240854,6.279375076293945,4000,0.0,0.0
1991-09-19 00:00:00-04:00,6.279375076293945,6.279375076293945,6.279375076293945,6.279375076293945,0,0.0,0.0
1991-09-20 00:00:00-04:00,6.343451499938965,6.4075270145118415,6.343451499938965,6.343451499938965,11000,0.0,0.0
1991-09-23 00:00:00-04:00,6.343451499938965,6.343451499938965,6.343451499938965,6.343451499938965,0,0.0,0.0
1991-09-24 00:00:00-04:00,6.343451499938965,6.343451499938965,6.343451499938965,6.343451499938965,0,0.0,0.0
1991-09-25 00:00:00-04:00,6.151221886503384,6.215296745300293,6.151221886503384,6.215296745300293,2000,0.0,0.0
1991-09-26 00:00:00-04:00,6.215296745300293,6.215296745300293,6.215296745300293,6.215296745300293,0,0.0,0.0
1991-09-27 00:00:00-04:00,6.215296745300293,6.215296745300293,6.215296745300293,6.215296745300293,0,0.0,0.0
1991-09-30 00:00:00-04:00,6.279373837649047,6.279373837649047,6.199279785156251,6.19927978515625,21000,0.0,0.0
1991-10-01 00:00:00-04:00,6.215296745300293,6.215296745300293,6.215296745300293,6.215296745300293,1000,0.0,0.0
1991-10-02 00:00:00-04:00,6.215296745300293,6.215296745300293,6.215296745300293,6.215296745300293,0,0.0,0.0
1991-10-03 00:00:00-04:00,6.215296745300293,6.215296745300293,6.215296745300293,6.215296745300293,0,0.0,0.0
1991-10-04 00:00:00-04:00,6.215296745300293,6.215296745300293,6.215296745300293,6.215296745300293,0,0.0,0.0
1991-10-07 00:00:00-04:00,6.215296745300293,6.215296745300293,6.215296745300293,6.215296745300293,0,0.0,0.0
1991-10-08 00:00:00-04:00,6.215296745300293,6.215296745300293,6.215296745300293,6.215296745300293,0,0.0,0.0
1991-10-09 00:00:00-04:00,6.535674571990967,6.535674571990967,6.535674571990967,6.535674571990967,1000,0.0,0.0
1991-10-10 00:00:00-04:00,6.279372495048378,6.727898970894191,6.279372495048378,6.447569847106934,7000,0.0,0.0
1991-10-11 00:00:00-04:00,6.754752159118652,6.754752159118652,6.754752159118652,6.754752159118652,3000,0.04,0.0
1991-10-14 00:00:00-04:00,6.754752159118652,6.754752159118652,6.754752159118652,6.754752159118652,0,0.0,0.0
1991-10-15 00:00:00-04:00,6.754752159118652,6.754752159118652,6.754752159118652,6.754752159118652,0,0.0,0.0
1991-10-16 00:00:00-04:00,6.754752159118652,6.754752159118652,6.754752159118652,6.754752159118652,0,0.0,0.0
1991-10-17 00:00:00-04:00,6.754752159118652,6.754752159118652,6.754752159118652,6.754752159118652,0,0.0,0.0
1991-10-18 00:00:00-04:00,6.754752159118652,6.754752159118652,6.754752159118652,6.754752159118652,0,0.0,0.0
1991-10-21 00:00:00-04:00,6.819079399108887,6.819079399108887,6.819079399108887,6.819079399108887,1000,0.0,0.0
1991-10-22 00:00:00-04:00,6.819079399108887,6.819079399108887,6.819079399108887,6.819079399108887,0,0.0,0.0
1991-10-23 00:00:00-04:00,6.819079399108887,6.819079399108887,6.819079399108887,6.819079399108887,1000,0.0,0.0
1991-10-24 00:00:00-04:00,6.690422534942628,6.690422534942628,6.690422534942628,6.690422534942627,1000,0.0,0.0
1991-10-25 00:00:00-04:00,6.433093775904872,6.626086711883545,6.433093775904872,6.626086711883545,5000,0.0,0.0
1991-10-28 00:00:00-05:00,6.626086711883545,6.626086711883545,6.626086711883545,6.626086711883545,0,0.0,0.0
1991-10-29 00:00:00-05:00,6.304435353488443,6.561758995056152,6.304435353488443,6.561758995056152,2000,0.0,0.0
1991-10-30 00:00:00-05:00,6.561758995056152,6.561758995056152,6.561758995056152,6.561758995056152,0,0.0,0.0
1991-10-31 00:00:00-05:00,6.561758995056152,6.561758995056152,6.561758995056152,6.561758995056152,0,0.0,0.0
1991-11-01 00:00:00-05:00,6.561758995056152,6.561758995056152,6.561758995056152,6.561758995056152,0,0.0,0.0
1991-11-04 00:00:00-05:00,6.561758995056152,6.561758995056152,6.561758995056152,6.561758995056152,0,0.0,0.0
1991-11-05 00:00:00-05:00,6.690422534942628,6.690422534942628,6.690422534942628,6.690422534942627,1000,0.0,0.0
1991-11-06 00:00:00-05:00,6.690422534942628,6.690422534942628,6.690422534942628,6.690422534942627,0,0.0,0.0
1991-11-07 00:00:00-05:00,6.690420815840008,6.690420815840008,6.304435353488443,6.561758995056152,6000,0.0,0.0
1991-11-08 00:00:00-05:00,6.304435729980469,6.304435729980469,6.304435729980469,6.304435729980469,1000,0.0,0.0
1991-11-11 00:00:00-05:00,6.304435729980469,6.304435729980469,6.304435729980469,6.304435729980469,0,0.0,0.0
1991-11-12 00:00:00-05:00,6.304435729980469,6.304435729980469,6.304435729980469,6.304435729980469,0,0.0,0.0
1991-11-13 00:00:00-05:00,6.304435729980469,6.304435729980469,6.304435729980469,6.304435729980469,0,0.0,0.0
1991-11-14 00:00:00-05:00,6.304435729980469,6.304435729980469,6.304435729980469,6.304435729980469,0,0.0,0.0
1991-11-15 00:00:00-05:00,6.304435729980469,6.304435729980469,6.304435729980469,6.304435729980469,0,0.0,0.0
1991-11-18 00:00:00-05:00,6.304435700650412,6.561759356387984,6.304435700650412,6.3687663078308105,13000,0.0,0.0
1991-11-19 00:00:00-05:00,6.368767087627475,6.433098316192627,6.368767087627475,6.433098316192627,8000,0.0,0.0
1991-11-20 00:00:00-05:00,6.433098316192627,6.433098316192627,6.433098316192627,6.433098316192627,0,0.0,0.0
1991-11-21 00:00:00-05:00,6.433098316192627,6.433098316192627,6.433098316192627,6.433098316192627,0,0.0,0.0
1991-11-22 00:00:00-05:00,6.433098316192627,6.433098316192627,6.433098316192627,6.433098316192627,0,0.0,0.0
1991-11-25 00:00:00-05:00,6.2401020155778175,6.2883501052856445,6.2401020155778175,6.2883501052856445,28000,0.0,0.0
1991-11-26 00:00:00-05:00,6.304435729980469,6.304435729980469,6.304435729980469,6.304435729980469,1000,0.0,0.0
1991-11-27 00:00:00-05:00,6.304435729980469,6.304435729980469,6.304435729980469,6.304435729980469,0,0.0,0.0
1991-11-29 00:00:00-05:00,6.304435729980469,6.304435729980469,6.304435729980469,6.304435729980469,0,0.0,0.0
1991-12-02 00:00:00-05:00,6.240100383758545,6.240100383758545,6.240100383758545,6.240100383758545,2000,0.0,0.0
1991-12-03 00:00:00-05:00,6.240104508992793,6.497428779435501,6.240104508992793,6.304435729980469,7000,0.0,0.0
1991-12-04 00:00:00-05:00,6.561756480832861,6.561756480832861,6.240101745365488,6.2722673416137695,37000,0.0,0.0
1991-12-05 00:00:00-05:00,6.433097755221509,6.561759587624338,6.433097755221509,6.465263366699219,5000,0.0,0.0
1991-12-06 00:00:00-05:00,6.561757576424209,6.561757576424209,6.3044339904890725,6.497426986694336,7000,0.0,0.0
1991-12-09 00:00:00-05:00,6.368765957126392,6.561758995056152,6.368765957126392,6.561758995056152,10000,0.0,0.0
1991-12-10 00:00:00-05:00,6.561758995056152,6.561758995056152,6.561758995056152,6.561758995056152,0,0.0,0.0
1991-12-11 00:00:00-05:00,6.3687663078308105,6.3687663078308105,6.3687663078308105,6.3687663078308105,2000,0.0,0.0
1991-12-12 00:00:00-05:00,6.3687663078308105,6.3687663078308105,6.3687663078308105,6.3687663078308105,0,0.0,0.0
1991-12-13 00:00:00-05:00,6.626091914774938,6.690422534942628,6.626091914774938,6.690422534942627,19000,0.0,0.0
1991-12-16 00:00:00-05:00,6.690422534942628,6.690422534942628,6.690422534942628,6.690422534942627,0,0.0,0.0
1991-12-17 00:00:00-05:00,6.690422534942628,6.690422534942628,6.690422534942628,6.690422534942627,0,0.0,0.0
1991-12-18 00:00:00-05:00,6.626086711883545,6.626086711883545,6.626086711883545,6.626086711883545,4000,0.0,0.0
1991-12-19 00:00:00-05:00,6.433098316192627,6.433098316192627,6.433098316192627,6.433098316192627,1000,0.0,0.0
1991-12-20 00:00:00-05:00,6.433098316192627,6.433098316192627,6.433098316192627,6.433098316192627,1000,0.0,0.0
1991-12-23 00:00:00-05:00,6.433098316192627,6.433098316192627,6.433098316192627,6.433098316192627,0,0.0,0.0
1991-12-24 00:00:00-05:00,6.433098316192627,6.433098316192627,6.433098316192627,6.433098316192627,0,0.0,0.0
1991-12-26 00:00:00-05:00,6.433098316192627,6.433098316192627,6.433098316192627,6.433098316192627,0,0.0,0.0
1991-12-27 00:00:00-05:00,6.433098316192627,6.433098316192627,6.433098316192627,6.433098316192627,0,0.0,0.0
1991-12-30 00:00:00-05:00,6.433098316192627,6.433098316192627,6.433098316192627,6.433098316192627,0,0.0,0.0
1991-12-31 00:00:00-05:00,6.634131584848676,6.754752159118652,6.626090335932271,6.754752159118652,9000,0.0,0.0
1992-01-02 00:00:00-05:00,6.794961929321289,6.794961929321289,6.794961929321289,6.794961929321289,10000,0.0,0.0
1992-01-03 00:00:00-05:00,6.794961929321289,6.794961929321289,6.794961929321289,6.794961929321289,0,0.0,0.0
1992-01-06 00:00:00-05:00,6.94774460674764,6.94774460674764,6.851247787475585,6.851247787475586,10000,0.0,0.0
1992-01-07 00:00:00-05:00,7.205067157745361,7.205067157745361,7.205067157745361,7.205067157745361,1000,0.0,0.0
1992-01-08 00:00:00-05:00,7.205064643478238,7.205064643478238,6.819079399108887,6.819079399108887,8000,0.0,0.0
1992-01-09 00:00:00-05:00,6.819086371401957,7.028162002563476,6.819086371401957,7.028162002563477,7000,0.0,0.0
1992-01-10 00:00:00-05:00,7.0764074325561515,7.0764074325561515,7.0764074325561515,7.076407432556152,2000,0.0,0.0
1992-01-13 00:00:00-05:00,7.102232456207275,7.360495208316025,7.102232456207275,7.102232456207275,10000,0.04,0.0
1992-01-14 00:00:00-05:00,6.908535480499268,6.908535480499268,6.908535480499268,6.908535480499268,4000,0.0,0.0
1992-01-15 00:00:00-05:00,6.908535480499268,6.908535480499268,6.908535480499268,6.908535480499268,1000,0.0,0.0
1992-01-16 00:00:00-05:00,7.263643264770509,7.263643264770509,7.263643264770509,7.263643264770508,2000,0.0,0.0
1992-01-17 00:00:00-05:00,7.263643264770509,7.263643264770509,7.263643264770509,7.263643264770508,0,0.0,0.0
1992-01-20 00:00:00-05:00,7.425063627452145,7.61876106262207,7.425063627452145,7.61876106262207,12000,0.0,0.0
1992-01-21 00:00:00-05:00,7.6833263433886225,7.6833263433886225,7.360497495082425,7.554194927215576,28000,0.0,0.0
1992-01-22 00:00:00-05:00,7.4250584926770715,7.877018451690674,7.4250584926770715,7.877018451690674,5000,0.0,0.0
1992-01-23 00:00:00-05:00,7.877018451690674,7.877018451690674,7.877018451690674,7.877018451690674,0,0.0,0.0
1992-01-24 00:00:00-05:00,7.586472511291504,7.586472511291504,7.586472511291504,7.586472511291504,0,0.0,0.0
1992-01-27 00:00:00-05:00,7.877018451690674,7.877018451690674,7.877018451690674,7.877018451690674,0,0.0,0.0
1992-01-28 00:00:00-05:00,7.877018451690674,7.877018451690674,7.877018451690674,7.877018451690674,0,0.0,0.0
1992-01-29 00:00:00-05:00,7.877018451690674,7.877018451690674,7.877018451690674,7.877018451690674,0,0.0,0.0
1992-01-30 00:00:00-05:00,7.877018451690674,7.877018451690674,7.877018451690674,7.877018451690674,0,0.0,0.0
1992-01-31 00:00:00-05:00,7.554197459101478,8.006157875061035,7.554197459101478,8.006157875061035,3000,0.0,0.0
1992-02-03 00:00:00-05:00,8.006157875061035,8.006157875061035,7.7478949561548225,8.006157875061035,4000,0.0,0.0
1992-02-04 00:00:00-05:00,8.070721725622814,8.070721725622814,7.7478928565979,7.7478928565979,10000,0.0,0.0
1992-02-05 00:00:00-05:00,8.006157875061035,8.006157875061035,8.006157875061035,8.006157875061035,1000,0.0,0.0
1992-02-06 00:00:00-05:00,8.006157875061035,8.006157875061035,8.006157875061035,8.006157875061035,0,0.0,0.0
1992-02-07 00:00:00-05:00,8.006157875061035,8.006157875061035,8.006157875061035,8.006157875061035,0,0.0,0.0
1992-02-10 00:00:00-05:00,8.006157875061035,8.006157875061035,8.006157875061035,8.006157875061035,0,0.0,0.0
1992-02-11 00:00:00-05:00,7.7478928565979,7.7478928565979,7.7478928565979,7.7478928565979,4000,0.0,0.0
1992-02-12 00:00:00-05:00,7.747887122793466,7.877018451690674,7.747887122793466,7.877018451690674,9000,0.0,0.0
1992-02-13 00:00:00-05:00,7.74788774868334,7.844736099243163,7.74788774868334,7.844736099243164,17000,0.0,0.0
1992-02-14 00:00:00-05:00,7.7478918457031245,8.070720672607422,7.7478918457031245,8.070720672607422,2000,0.0,0.0
1992-02-18 00:00:00-05:00,8.070720672607422,8.070720672607422,8.070720672607422,8.070720672607422,0,0.0,0.0
1992-02-19 00:00:00-05:00,8.070720672607422,8.070720672607422,8.070720672607422,8.070720672607422,0,0.0,0.0
1992-02-20 00:00:00-05:00,7.683324337005614,7.941587717657326,7.683324337005614,7.683324337005615,11000,0.0,0.0
1992-02-21 00:00:00-05:00,7.683324337005614,7.683324337005614,7.683324337005614,7.683324337005615,0,0.0,0.0
1992-02-24 00:00:00-05:00,7.683324337005614,7.683324337005614,7.683324337005614,7.683324337005615,0,0.0,0.0
1992-02-25 00:00:00-05:00,8.135285377502441,8.135285377502441,8.135285377502441,8.135285377502441,2000,0.0,0.0
1992-02-26 00:00:00-05:00,8.135285377502441,8.135285377502441,8.135285377502441,8.135285377502441,0,0.0,0.0
1992-02-27 00:00:00-05:00,7.909300804138184,7.909300804138184,7.909300804138184,7.909300804138184,5000,0.0,0.0
1992-02-28 00:00:00-05:00,7.941590309143067,7.941590309143067,7.941590309143067,7.941590309143066,3000,0.0,0.0
1992-03-02 00:00:00-05:00,7.941587025339451,8.00615240306356,7.812455654144287,7.812455654144287,29000,0.0,0.0
1992-03-03 00:00:00-05:00,7.812455654144287,7.812455654144287,7.812455654144287,7.812455654144287,0,0.0,0.0
1992-03-04 00:00:00-05:00,7.812455654144287,7.812455654144287,7.812455654144287,7.812455654144287,0,0.0,0.0
1992-03-05 00:00:00-05:00,7.812455654144287,7.812455654144287,7.812455654144287,7.812455654144287,0,0.0,0.0
1992-03-06 00:00:00-05:00,7.7478928565979,7.7478928565979,7.7478928565979,7.7478928565979,6000,0.0,0.0
1992-03-09 00:00:00-05:00,7.941590309143067,7.941590309143067,7.941590309143067,7.941590309143066,5000,0.0,0.0
1992-03-10 00:00:00-05:00,7.941590309143067,7.941590309143067,7.941590309143067,7.941590309143066,0,0.0,0.0
1992-03-11 00:00:00-05:00,7.941590309143067,7.941590309143067,7.941590309143067,7.941590309143066,0,0.0,0.0
1992-03-12 00:00:00-05:00,7.877024288974319,7.941590309143067,7.877024288974319,7.941590309143066,36000,0.0,0.0
1992-03-13 00:00:00-05:00,7.941590309143067,7.941590309143067,7.941590309143067,7.941590309143066,0,0.0,0.0
1992-03-16 00:00:00-05:00,7.941590309143067,7.941590309143067,7.941590309143067,7.941590309143066,0,0.0,0.0
1992-03-17 00:00:00-05:00,7.941590309143067,7.941590309143067,7.941590309143067,7.941590309143066,0,0.0,0.0
1992-03-18 00:00:00-05:00,8.070720672607422,8.070720672607422,8.070720672607422,8.070720672607422,1000,0.0,0.0
1992-03-19 00:00:00-05:00,7.877018451690674,7.877018451690674,7.877018451690674,7.877018451690674,1000,0.0,0.0
1992-03-20 00:00:00-05:00,7.860877513885498,7.860877513885498,7.860877513885498,7.860877513885498,13000,0.0,0.0
1992-03-23 00:00:00-05:00,7.860877513885498,7.860877513885498,7.860877513885498,7.860877513885498,0,0.0,0.0
1992-03-24 00:00:00-05:00,8.070714793936084,8.070714793936084,7.9738664627075195,7.9738664627075195,2000,0.0,0.0
1992-03-25 00:00:00-05:00,7.9738664627075195,7.9738664627075195,7.9738664627075195,7.9738664627075195,0,0.0,0.0
1992-03-26 00:00:00-05:00,7.9738664627075195,7.9738664627075195,7.9738664627075195,7.9738664627075195,0,0.0,0.0
1992-03-27 00:00:00-05:00,7.9738664627075195,7.9738664627075195,7.9738664627075195,7.9738664627075195,0,0.0,0.0
1992-03-30 00:00:00-05:00,7.909307291110357,7.909307291110357,7.7478928565979,7.7478928565979,2000,0.0,0.0
1992-03-31 00:00:00-05:00,7.7478928565979,7.7478928565979,7.7478928565979,7.7478928565979,0,0.0,0.0
1992-04-01 00:00:00-05:00,7.7478928565979,7.7478928565979,7.7478928565979,7.7478928565979,0,0.0,0.0
1992-04-02 00:00:00-05:00,7.7478928565979,7.7478928565979,7.7478928565979,7.7478928565979,0,0.0,0.0
1992-04-03 00:00:00-05:00,7.7478928565979,7.7478928565979,7.7478928565979,7.7478928565979,0,0.0,0.0
1992-04-06 00:00:00-04:00,7.7478928565979,7.7478928565979,7.7478928565979,7.7478928565979,0,0.0,0.0
1992-04-07 00:00:00-04:00,7.7478928565979,7.7478928565979,7.7478928565979,7.7478928565979,0,0.0,0.0
1992-04-08 00:00:00-04:00,7.7478928565979,7.7478928565979,7.7478928565979,7.7478928565979,0,0.0,0.0
1992-04-09 00:00:00-04:00,7.683324337005614,7.683324337005614,7.683324337005614,7.683324337005615,2000,0.0,0.0
1992-04-10 00:00:00-04:00,7.7092366218566895,7.7092366218566895,7.7092366218566895,7.7092366218566895,0,0.04,0.0
1992-04-13 00:00:00-04:00,7.7092366218566895,7.7092366218566895,7.7092366218566895,7.7092366218566895,0,0.0,0.0
1992-04-14 00:00:00-04:00,7.7092366218566895,7.7092366218566895,7.7092366218566895,7.7092366218566895,0,0.0,0.0
1992-04-15 00:00:00-04:00,7.838801529895284,7.935976505279541,7.774017801090162,7.935976505279541,24000,0.0,0.0
1992-04-16 00:00:00-04:00,7.77402400970459,7.77402400970459,7.77402400970459,7.77402400970459,5000,0.0,0.0
1992-04-20 00:00:00-04:00,7.77402400970459,7.77402400970459,7.77402400970459,7.77402400970459,7000,0.0,0.0
1992-04-21 00:00:00-04:00,7.838805531450672,7.838805531450672,7.77402176957472,7.806413650512695,11000,0.0,0.0
1992-04-22 00:00:00-04:00,7.806413650512695,7.806413650512695,7.806413650512695,7.806413650512695,0,0.0,0.0
1992-04-23 00:00:00-04:00,7.806413650512695,7.806413650512695,7.806413650512695,7.806413650512695,0,0.0,0.0
1992-04-24 00:00:00-04:00,8.097941398620605,8.097941398620605,8.097941398620605,8.097941398620605,1000,0.0,0.0
1992-04-27 00:00:00-04:00,7.935980654492816,7.935980654492816,7.774021865625616,7.919785022735596,12000,0.0,0.0
1992-04-28 00:00:00-04:00,7.935976505279541,7.935976505279541,7.935976505279541,7.935976505279541,1000,0.0,0.0
1992-04-29 00:00:00-04:00,7.935976505279541,7.935976505279541,7.935976505279541,7.935976505279541,0,0.0,0.0
1992-04-30 00:00:00-04:00,7.935976505279541,7.935976505279541,7.935976505279541,7.935976505279541,0,0.0,0.0
1992-05-01 00:00:00-04:00,7.77402400970459,7.838807790248363,7.77402400970459,7.77402400970459,13000,0.0,0.0
1992-05-04 00:00:00-04:00,7.77402400970459,7.77402400970459,7.77402400970459,7.77402400970459,0,0.0,0.0
1992-05-05 00:00:00-04:00,7.77402002085473,7.83880376815796,7.77402002085473,7.838803768157959,6000,0.0,0.0
1992-05-06 00:00:00-04:00,7.903584957122803,7.903584957122803,7.903584957122803,7.903584957122803,1000,0.0,0.0
1992-05-07 00:00:00-04:00,7.90358464087698,7.935976505279541,7.90358464087698,7.935976505279541,80000,0.0,0.0
1992-05-08 00:00:00-04:00,7.77402400970459,7.77402400970459,7.77402400970459,7.77402400970459,5000,0.0,0.0
1992-05-11 00:00:00-04:00,7.83880376815796,7.83880376815796,7.83880376815796,7.838803768157959,1000,0.0,0.0
1992-05-12 00:00:00-04:00,7.83880376815796,7.83880376815796,7.83880376815796,7.838803768157959,0,0.0,0.0
1992-05-13 00:00:00-04:00,7.83880376815796,7.83880376815796,7.83880376815796,7.838803768157959,0,0.0,0.0
1992-05-14 00:00:00-04:00,7.83880376815796,7.83880376815796,7.83880376815796,7.838803768157959,0,0.0,0.0
1992-05-15 00:00:00-04:00,7.968368369682102,7.968368369682102,7.935976505279541,7.935976505279541,2000,0.0,0.0
1992-05-18 00:00:00-04:00,7.644457066440964,7.77402400970459,7.644457066440964,7.77402400970459,2000,0.0,0.0
1992-05-19 00:00:00-04:00,7.77402400970459,7.77402400970459,7.77402400970459,7.77402400970459,0,0.0,0.0
1992-05-20 00:00:00-04:00,7.77402400970459,7.77402400970459,7.77402400970459,7.77402400970459,0,0.0,0.0
1992-05-21 00:00:00-04:00,7.77402400970459,7.77402400970459,7.77402400970459,7.77402400970459,0,0.0,0.0
1992-05-22 00:00:00-04:00,7.77402400970459,7.77402400970459,7.77402400970459,7.77402400970459,0,0.0,0.0
1992-05-26 00:00:00-04:00,7.7092366218566895,7.7092366218566895,7.7092366218566895,7.7092366218566895,2000,0.0,0.0
1992-05-27 00:00:00-04:00,7.7092366218566895,7.7092366218566895,7.7092366218566895,7.7092366218566895,0,0.0,0.0
1992-05-28 00:00:00-04:00,7.7092366218566895,7.7092366218566895,7.7092366218566895,7.7092366218566895,0,0.0,0.0
1992-05-29 00:00:00-04:00,8.03315413736031,8.03315413736031,7.7092366218566895,7.7092366218566895,2000,0.0,0.0
1992-06-01 00:00:00-04:00,7.7092366218566895,7.7092366218566895,7.7092366218566895,7.7092366218566895,0,0.0,0.0
1992-06-02 00:00:00-04:00,7.7092366218566895,7.7092366218566895,7.7092366218566895,7.7092366218566895,2000,0.0,0.0
1992-06-03 00:00:00-04:00,7.7092366218566895,7.7092366218566895,7.7092366218566895,7.7092366218566895,0,0.0,0.0
1992-06-04 00:00:00-04:00,7.7092366218566895,7.7092366218566895,7.7092366218566895,7.7092366218566895,0,0.0,0.0
1992-06-05 00:00:00-04:00,7.7092366218566895,7.7092366218566895,7.7092366218566895,7.7092366218566895,0,0.0,0.0
1992-06-08 00:00:00-04:00,7.77402400970459,7.77402400970459,7.77402400970459,7.77402400970459,1000,0.0,0.0
1992-06-09 00:00:00-04:00,7.579667883822562,7.64445161819458,7.579667883822562,7.64445161819458,13000,0.0,0.0
1992-06-10 00:00:00-04:00,7.64445161819458,7.64445161819458,7.64445161819458,7.64445161819458,3000,0.0,0.0
1992-06-11 00:00:00-04:00,7.579667883822562,7.64445161819458,7.579667883822562,7.64445161819458,3000,0.0,0.0
1992-06-12 00:00:00-04:00,7.64445161819458,7.64445161819458,7.64445161819458,7.64445161819458,0,0.0,0.0
1992-06-15 00:00:00-04:00,7.64445161819458,7.64445161819458,7.64445161819458,7.64445161819458,0,0.0,0.0
1992-06-16 00:00:00-04:00,7.5148844718933105,7.5148844718933105,7.5148844718933105,7.5148844718933105,1000,0.0,0.0
1992-06-17 00:00:00-04:00,7.5148844718933105,7.5148844718933105,7.5148844718933105,7.5148844718933105,1000,0.0,0.0
1992-06-18 00:00:00-04:00,7.5148844718933105,7.5148844718933105,7.5148844718933105,7.5148844718933105,0,0.0,0.0
1992-06-19 00:00:00-04:00,7.741629600524902,7.741629600524902,7.741629600524902,7.741629600524902,2000,0.0,0.0
1992-06-22 00:00:00-04:00,7.5148844718933105,7.5796675858954785,7.5148844718933105,7.5148844718933105,8000,0.0,0.0
1992-06-23 00:00:00-04:00,7.514886606813422,7.7092366218566895,7.514886606813422,7.7092366218566895,10000,0.0,0.0
1992-06-24 00:00:00-04:00,7.7092366218566895,7.7092366218566895,7.7092366218566895,7.7092366218566895,0,0.0,0.0
1992-06-25 00:00:00-04:00,7.7092366218566895,7.7092366218566895,7.7092366218566895,7.7092366218566895,0,0.0,0.0
1992-06-26 00:00:00-04:00,7.741629600524902,7.741629600524902,7.741629600524902,7.741629600524902,5000,0.0,0.0
1992-06-29 00:00:00-04:00,7.741629600524902,7.741629600524902,7.741629600524902,7.741629600524902,0,0.0,0.0
1992-06-30 00:00:00-04:00,7.5148844718933105,7.903585009376683,7.5148844718933105,7.5148844718933105,12000,0.0,0.0
1992-07-01 00:00:00-04:00,7.77402002085473,7.83880376815796,7.644453144071871,7.838803768157959,23000,0.0,0.0
1992-07-02 00:00:00-04:00,7.83880376815796,7.83880376815796,7.83880376815796,7.838803768157959,1000,0.0,0.0
1992-07-06 00:00:00-04:00,7.83880376815796,7.83880376815796,7.83880376815796,7.838803768157959,0,0.0,0.0
1992-07-07 00:00:00-04:00,7.74162629763608,7.74972410965842,7.5148844718933105,7.5148844718933105,22000,0.0,0.0
1992-07-08 00:00:00-04:00,7.5148844718933105,7.5148844718933105,7.5148844718933105,7.5148844718933105,1000,0.0,0.0
1992-07-09 00:00:00-04:00,7.5148844718933105,7.5148844718933105,7.5148844718933105,7.5148844718933105,5000,0.0,0.0
1992-07-10 00:00:00-04:00,7.514884767274023,7.64445161819458,7.514884767274023,7.64445161819458,8000,0.0,0.0
1992-07-13 00:00:00-04:00,7.47544527053833,7.5729508304448245,7.410441150650513,7.47544527053833,49000,0.04,0.0
1992-07-14 00:00:00-04:00,7.47544527053833,7.47544527053833,7.47544527053833,7.47544527053833,0,0.0,0.0
1992-07-15 00:00:00-04:00,7.47544527053833,7.47544527053833,7.47544527053833,7.47544527053833,0,0.0,0.0
1992-07-16 00:00:00-04:00,7.47544527053833,7.47544527053833,7.47544527053833,7.47544527053833,0,0.0,0.0
1992-07-17 00:00:00-04:00,7.410439014434815,7.410439014434815,7.410439014434815,7.4104390144348145,2000,0.0,0.0
1992-07-20 00:00:00-04:00,7.410439014434815,7.410439014434815,7.410439014434815,7.4104390144348145,0,0.0,0.0
1992-07-21 00:00:00-04:00,7.410439014434815,7.410439014434815,7.410439014434815,7.4104390144348145,1000,0.0,0.0
1992-07-22 00:00:00-04:00,7.410439014434815,7.410439014434815,7.410439014434815,7.4104390144348145,1000,0.0,0.0
1992-07-23 00:00:00-04:00,7.410439014434815,7.410439014434815,7.410439014434815,7.4104390144348145,5000,0.0,0.0
1992-07-24 00:00:00-04:00,7.410440087206908,7.442942142486572,7.410440087206908,7.442942142486572,15000,0.0,0.0
1992-07-27 00:00:00-04:00,7.442942142486572,7.442942142486572,7.442942142486572,7.442942142486572,0,0.0,0.0
1992-07-28 00:00:00-04:00,7.442942142486572,7.442942142486572,7.442942142486572,7.442942142486572,0,0.0,0.0
1992-07-29 00:00:00-04:00,7.442942142486572,7.442942142486572,7.442942142486572,7.442942142486572,0,0.0,0.0
1992-07-30 00:00:00-04:00,7.442942142486572,7.442942142486572,7.442942142486572,7.442942142486572,0,0.0,0.0
1992-07-31 00:00:00-04:00,7.442942142486572,7.442942142486572,7.442942142486572,7.442942142486572,0,0.0,0.0
1992-08-03 00:00:00-04:00,7.442942142486572,7.442942142486572,7.442942142486572,7.442942142486572,0,0.0,0.0
1992-08-04 00:00:00-04:00,7.637950897216798,7.637950897216798,7.637950897216798,7.637950897216797,5000,0.0,0.0
1992-08-05 00:00:00-04:00,7.637950897216798,7.637950897216798,7.637950897216798,7.637950897216797,0,0.0,0.0
1992-08-06 00:00:00-04:00,7.637950897216798,7.637950897216798,7.637950897216798,7.637950897216797,0,0.0,0.0
1992-08-07 00:00:00-04:00,7.637950897216798,7.637950897216798,7.637950897216798,7.637950897216797,0,0.0,0.0
1992-08-10 00:00:00-04:00,7.47544527053833,7.47544527053833,7.47544527053833,7.47544527053833,1000,0.0,0.0
1992-08-11 00:00:00-04:00,7.47544527053833,7.47544527053833,7.47544527053833,7.47544527053833,0,0.0,0.0
1992-08-12 00:00:00-04:00,7.3454365730285645,7.3454365730285645,7.3454365730285645,7.3454365730285645,2000,0.0,0.0
1992-08-13 00:00:00-04:00,7.3454365730285645,7.3454365730285645,7.3454365730285645,7.3454365730285645,1000,0.0,0.0
1992-08-14 00:00:00-04:00,7.3454365730285645,7.3454365730285645,7.3454365730285645,7.3454365730285645,0,0.0,0.0
1992-08-17 00:00:00-04:00,7.3454365730285645,7.3454365730285645,7.3454365730285645,7.3454365730285645,0,0.0,0.0
1992-08-18 00:00:00-04:00,7.3454365730285645,7.3454365730285645,7.3454365730285645,7.3454365730285645,0,0.0,0.0
1992-08-19 00:00:00-04:00,7.3454365730285645,7.3454365730285645,7.3454365730285645,7.3454365730285645,1000,0.0,0.0
1992-08-20 00:00:00-04:00,7.735460510239136,7.735460510239136,7.47544527053833,7.47544527053833,2000,0.0,0.0
1992-08-21 00:00:00-04:00,7.7354576736786385,7.7354576736786385,7.605450101501477,7.613575458526611,11000,0.0,0.0
1992-08-24 00:00:00-04:00,7.613575458526611,7.613575458526611,7.613575458526611,7.613575458526611,0,0.0,0.0
1992-08-25 00:00:00-04:00,7.613575458526611,7.613575458526611,7.613575458526611,7.613575458526611,0,0.0,0.0
1992-08-26 00:00:00-04:00,7.613575458526611,7.613575458526611,7.613575458526611,7.613575458526611,0,0.0,0.0
1992-08-27 00:00:00-04:00,7.613575458526611,7.613575458526611,7.613575458526611,7.613575458526611,0,0.0,0.0
1992-08-28 00:00:00-04:00,7.613575458526611,7.613575458526611,7.613575458526611,7.613575458526611,0,0.0,0.0
1992-08-31 00:00:00-04:00,7.613575458526611,7.613575458526611,7.613575458526611,7.613575458526611,0,0.0,0.0
1992-09-01 00:00:00-04:00,7.613575458526611,7.613575458526611,7.613575458526611,7.613575458526611,0,0.0,0.0
1992-09-02 00:00:00-04:00,7.410438433273233,7.613575458526611,7.410438433273233,7.613575458526611,5000,0.0,0.0
1992-09-03 00:00:00-04:00,7.613575458526611,7.613575458526611,7.613575458526611,7.613575458526611,0,0.0,0.0
1992-09-04 00:00:00-04:00,7.637950897216798,7.637950897216798,7.637950897216798,7.637950897216797,1000,0.0,0.0
1992-09-08 00:00:00-04:00,7.637950897216798,7.637950897216798,7.637950897216798,7.637950897216797,0,0.0,0.0
1992-09-09 00:00:00-04:00,7.637950897216798,7.637950897216798,7.637950897216798,7.637950897216797,0,0.0,0.0
1992-09-10 00:00:00-04:00,7.637950897216798,7.637950897216798,7.637950897216798,7.637950897216797,0,0.0,0.0
1992-09-11 00:00:00-04:00,7.410439014434815,7.410439014434815,7.410439014434815,7.4104390144348145,1000,0.0,0.0
1992-09-14 00:00:00-04:00,7.605451942213886,7.605451942213886,7.5729498863220215,7.5729498863220215,4000,0.0,0.0
1992-09-15 00:00:00-04:00,7.540449513351499,7.60545301437378,7.540449513351499,7.605453014373779,6000,0.0,0.0
1992-09-16 00:00:00-04:00,7.475439824714667,7.540443897247315,7.475439824714667,7.5404438972473145,4000,0.0,0.0
1992-09-17 00:00:00-04:00,7.540443897247315,7.540443897247315,7.540443897247315,7.5404438972473145,0,0.0,0.0
1992-09-18 00:00:00-04:00,7.540443897247315,7.540443897247315,7.540443897247315,7.5404438972473145,0,0.0,0.0
1992-09-21 00:00:00-04:00,7.735460636343583,7.735460636343583,7.60545301437378,7.605453014373779,2000,0.0,0.0
1992-09-22 00:00:00-04:00,7.60545301437378,7.60545301437378,7.60545301437378,7.605453014373779,0,0.0,0.0
1992-09-23 00:00:00-04:00,7.507941860980991,7.540443897247315,7.507941860980991,7.5404438972473145,19000,0.0,0.0
1992-09-24 00:00:00-04:00,7.540443897247315,7.540443897247315,7.540443897247315,7.5404438972473145,12000,0.0,0.0
1992-09-25 00:00:00-04:00,7.540443897247315,7.540443897247315,7.540443897247315,7.5404438972473145,19000,0.0,0.0
1992-09-28 00:00:00-04:00,7.410439014434815,7.410439014434815,7.410439014434815,7.4104390144348145,2000,0.0,0.0
1992-09-29 00:00:00-04:00,7.410439014434815,7.410439014434815,7.410439014434815,7.4104390144348145,1000,0.0,0.0
1992-09-30 00:00:00-04:00,7.475443879496015,7.475443879496015,7.41856575012207,7.41856575012207,20000,0.0,0.0
1992-10-01 00:00:00-04:00,7.41856575012207,7.41856575012207,7.41856575012207,7.41856575012207,0,0.0,0.0
1992-10-02 00:00:00-04:00,7.41856575012207,7.41856575012207,7.41856575012207,7.41856575012207,0,0.0,0.0
1992-10-05 00:00:00-04:00,7.41856575012207,7.41856575012207,7.41856575012207,7.41856575012207,0,0.0,0.0
1992-10-06 00:00:00-04:00,7.6704583168029785,7.6704583168029785,7.6704583168029785,7.6704583168029785,1000,0.0,0.0
1992-10-07 00:00:00-04:00,7.6704583168029785,7.6704583168029785,7.6704583168029785,7.6704583168029785,0,0.0,0.0
1992-10-08 00:00:00-04:00,7.6704583168029785,7.6704583168029785,7.6704583168029785,7.6704583168029785,0,0.0,0.0
1992-10-09 00:00:00-04:00,7.471435694005184,7.504062175750732,7.471435694005184,7.504062175750732,20000,0.045,0.0
1992-10-12 00:00:00-04:00,7.504062175750732,7.504062175750732,7.504062175750732,7.504062175750732,0,0.0,0.0
1992-10-13 00:00:00-04:00,7.504062175750732,7.504062175750732,7.504062175750732,7.504062175750732,0,0.0,0.0
1992-10-14 00:00:00-04:00,7.504062175750732,7.504062175750732,7.504062175750732,7.504062175750732,1000,0.0,0.0
1992-10-15 00:00:00-04:00,7.504062175750732,7.504062175750732,7.504062175750732,7.504062175750732,0,0.0,0.0
1992-10-16 00:00:00-04:00,7.504062175750732,7.504062175750732,7.504062175750732,7.504062175750732,0,0.0,0.0
1992-10-19 00:00:00-04:00,7.504062175750732,7.504062175750732,7.504062175750732,7.504062175750732,0,0.0,0.0
1992-10-20 00:00:00-04:00,7.504062175750732,7.504062175750732,7.504062175750732,7.504062175750732,0,0.0,0.0
1992-10-21 00:00:00-04:00,7.438809362661233,7.438809362661233,7.047293440693921,7.177798748016357,28000,0.0,0.0
1992-10-22 00:00:00-04:00,7.177798748016358,7.177798748016358,7.177798748016358,7.177798748016357,0,0.0,0.0
1992-10-23 00:00:00-04:00,7.177798748016358,7.177798748016358,7.177798748016358,7.177798748016357,0,0.0,0.0
1992-10-26 00:00:00-05:00,7.047294616699219,7.047294616699219,7.047294616699219,7.047294616699219,2000,0.0,0.0
1992-10-27 00:00:00-05:00,7.047294616699219,7.047294616699219,7.047294616699219,7.047294616699219,0,0.0,0.0
1992-10-28 00:00:00-05:00,7.047294616699219,7.047294616699219,7.047294616699219,7.047294616699219,0,0.0,0.0
1992-10-29 00:00:00-05:00,7.047294616699219,7.047294616699219,7.047294616699219,7.047294616699219,0,0.0,0.0
1992-10-30 00:00:00-05:00,7.047294616699219,7.047294616699219,7.047294616699219,7.047294616699219,0,0.0,0.0
1992-11-02 00:00:00-05:00,7.373551119150079,7.569309234619141,7.373551119150079,7.569309234619141,5000,0.0,0.0
1992-11-03 00:00:00-05:00,7.569315139241829,7.569315139241829,7.438809212259635,7.504062175750732,15000,0.0,0.0
1992-11-04 00:00:00-05:00,7.308302402496338,7.308302402496338,7.308302402496338,7.308302402496338,4000,0.0,0.0
1992-11-05 00:00:00-05:00,7.504062175750732,7.504062175750732,7.504062175750732,7.504062175750732,3000,0.0,0.0
1992-11-06 00:00:00-05:00,7.504062175750732,7.504062175750732,7.504062175750732,7.504062175750732,0,0.0,0.0
1992-11-09 00:00:00-05:00,7.504062175750732,7.504062175750732,7.504062175750732,7.504062175750732,0,0.0,0.0
1992-11-10 00:00:00-05:00,7.438809871673584,7.438809871673584,7.438809871673584,7.438809871673584,1000,0.0,0.0
1992-11-11 00:00:00-05:00,7.438809871673584,7.438809871673584,7.438809871673584,7.438809871673584,0,0.0,0.0
1992-11-12 00:00:00-05:00,7.308303797950225,7.389869689941406,7.308303797950225,7.389869689941406,12000,0.0,0.0
1992-11-13 00:00:00-05:00,7.389869689941406,7.389869689941406,7.389869689941406,7.389869689941406,0,0.0,0.0
1992-11-16 00:00:00-05:00,7.569309234619141,7.569309234619141,7.569309234619141,7.569309234619141,1000,0.0,0.0
1992-11-17 00:00:00-05:00,7.569309234619141,7.569309234619141,7.569309234619141,7.569309234619141,2000,0.0,0.0
1992-11-18 00:00:00-05:00,7.30830189795462,7.5693130578483405,7.30830189795462,7.471433639526367,7000,0.0,0.0
1992-11-19 00:00:00-05:00,7.308302402496338,7.308302402496338,7.308302402496338,7.308302402496338,2000,0.0,0.0
1992-11-20 00:00:00-05:00,7.308302402496338,7.308302402496338,7.308302402496338,7.308302402496338,0,0.0,0.0
1992-11-23 00:00:00-05:00,7.569309234619141,7.569309234619141,7.569309234619141,7.569309234619141,3000,0.0,0.0
1992-11-24 00:00:00-05:00,7.634567480434547,7.634567480434547,7.504062175750732,7.504062175750732,3000,0.0,0.0
1992-11-25 00:00:00-05:00,7.438809212259635,7.504062175750732,7.438809212259635,7.504062175750732,20000,0.0,0.0
1992-11-27 00:00:00-05:00,7.504062175750732,7.504062175750732,7.504062175750732,7.504062175750732,0,0.0,0.0
1992-11-30 00:00:00-05:00,7.504062175750732,7.504062175750732,7.504062175750732,7.504062175750732,0,0.0,0.0
1992-12-01 00:00:00-05:00,7.634568691253662,7.634568691253662,7.634568691253662,7.634568691253662,5000,0.0,0.0
1992-12-02 00:00:00-05:00,7.308302402496338,7.308302402496338,7.308302402496338,7.308302402496338,1000,0.0,0.0
1992-12-03 00:00:00-05:00,7.699821472167969,7.699821472167969,7.699821472167969,7.699821472167969,1000,0.0,0.0
1992-12-04 00:00:00-05:00,7.699821665093681,7.699821665093681,7.634568691253662,7.634568691253662,127000,0.0,0.0
1992-12-07 00:00:00-05:00,7.634568691253662,7.634568691253662,7.634568691253662,7.634568691253662,0,0.0,0.0
1992-12-08 00:00:00-05:00,7.830325603485107,7.830325603485107,7.830325603485107,7.830325603485107,1000,0.0,0.0
1992-12-09 00:00:00-05:00,7.830325603485107,7.830325603485107,7.830325603485107,7.830325603485107,0,0.0,0.0
1992-12-10 00:00:00-05:00,7.830326990475239,7.830326990475239,7.634568691253662,7.634568691253662,5000,0.0,0.0
1992-12-11 00:00:00-05:00,7.634568499962921,7.699821472167969,7.634568499962921,7.699821472167969,14000,0.0,0.0
1992-12-14 00:00:00-05:00,7.699821472167969,7.699821472167969,7.699821472167969,7.699821472167969,0,0.0,0.0
1992-12-15 00:00:00-05:00,7.634566110788246,7.765071392059325,7.634566110788246,7.765071392059326,4000,0.0,0.0
1992-12-16 00:00:00-05:00,7.797699451446534,7.797699451446534,7.797699451446534,7.797699451446533,20000,0.0,0.0
1992-12-17 00:00:00-05:00,7.797699451446534,7.797699451446534,7.797699451446534,7.797699451446533,0,0.0,0.0
1992-12-18 00:00:00-05:00,7.634568691253662,7.634568691253662,7.634568691253662,7.634568691253662,1000,0.0,0.0
1992-12-21 00:00:00-05:00,7.634565319270818,7.895576477050781,7.634565319270818,7.895576477050781,6000,0.0,0.0
1992-12-22 00:00:00-05:00,7.895576477050781,7.895576477050781,7.895576477050781,7.895576477050781,0,0.0,0.0
1992-12-23 00:00:00-05:00,7.895576477050781,7.895576477050781,7.895576477050781,7.895576477050781,0,0.0,0.0
1992-12-24 00:00:00-05:00,7.895576477050781,7.895576477050781,7.895576477050781,7.895576477050781,0,0.0,0.0
1992-12-28 00:00:00-05:00,7.960833549499512,7.960833549499512,7.960833549499512,7.960833549499512,3000,0.0,0.0
1992-12-29 00:00:00-05:00,7.960833549499512,7.960833549499512,7.960833549499512,7.960833549499512,1000,0.0,0.0
1992-12-30 00:00:00-05:00,7.830324343844,7.830324343844,7.69981906257292,7.765071392059326,20000,0.0,0.0
1992-12-31 00:00:00-05:00,7.699821472167969,7.699821472167969,7.699821472167969,7.699821472167969,1000,0.0,0.0
1993-01-04 00:00:00-05:00,7.960831241737458,7.960831241737458,7.7324471087092,7.797699451446533,20000,0.0,0.0
1993-01-05 00:00:00-05:00,7.634568691253662,7.634568691253662,7.634568691253662,7.634568691253662,5000,0.0,0.0
1993-01-06 00:00:00-05:00,7.634568691253662,7.634568691253662,7.634568691253662,7.634568691253662,0,0.0,0.0
1993-01-07 00:00:00-05:00,7.634568691253662,7.634568691253662,7.634568691253662,7.634568691253662,0,0.0,0.0
1993-01-08 00:00:00-05:00,7.6998201898632175,7.732446670532227,7.6998201898632175,7.732446670532227,6000,0.0,0.0
1993-01-11 00:00:00-05:00,7.761923313140869,7.761923313140869,7.761923313140869,7.761923313140869,0,0.045,0.0
1993-01-12 00:00:00-05:00,7.925673484802246,7.925673484802246,7.925673484802246,7.925673484802246,3000,0.0,0.0
1993-01-13 00:00:00-05:00,7.991174541693718,7.991174541693718,7.925673484802246,7.925673484802246,5000,0.0,0.0
1993-01-14 00:00:00-05:00,7.991174734709947,7.991174734709947,7.9092979431152335,7.909297943115234,6000,0.0,0.0
1993-01-15 00:00:00-05:00,8.089430809020996,8.089430809020996,8.089430809020996,8.089430809020996,2000,0.0,0.0
1993-01-18 00:00:00-05:00,8.089430809020996,8.089430809020996,8.089430809020996,8.089430809020996,0,0.0,0.0
1993-01-19 00:00:00-05:00,7.860172748565674,7.860172748565674,7.860172748565674,7.860172748565674,1000,0.0,0.0
1993-01-20 00:00:00-05:00,7.860172748565674,7.860172748565674,7.860172748565674,7.860172748565674,0,0.0,0.0
1993-01-21 00:00:00-05:00,8.1876802444458,8.1876802444458,8.1876802444458,8.1876802444458,1000,0.0,0.0
1993-01-22 00:00:00-05:00,8.1876802444458,8.1876802444458,8.1876802444458,8.1876802444458,0,0.0,0.0
1993-01-25 00:00:00-05:00,8.1876802444458,8.1876802444458,8.1876802444458,8.1876802444458,0,0.0,0.0
1993-01-26 00:00:00-05:00,8.1876802444458,8.1876802444458,8.1876802444458,8.1876802444458,0,0.0,0.0
1993-01-27 00:00:00-05:00,8.1876802444458,8.1876802444458,8.1876802444458,8.1876802444458,0,0.0,0.0
1993-01-28 00:00:00-05:00,8.449685096740723,8.449685096740723,8.449685096740723,8.449685096740723,2000,0.0,0.0
1993-01-29 00:00:00-05:00,8.449688244712194,8.449688244712194,8.122180938720703,8.122180938720703,3000,0.0,0.0
1993-02-01 00:00:00-05:00,8.122180938720703,8.122180938720703,8.122180938720703,8.122180938720703,0,0.0,0.0
1993-02-02 00:00:00-05:00,8.318686485290527,8.318686485290527,8.253185390721093,8.318686485290527,14000,0.0,0.0
1993-02-03 00:00:00-05:00,8.318683003422848,8.318683003422848,8.1876802444458,8.1876802444458,21000,0.0,0.0
1993-02-04 00:00:00-05:00,8.1876802444458,8.1876802444458,8.1876802444458,8.1876802444458,0,0.0,0.0
1993-02-05 00:00:00-05:00,8.1876802444458,8.1876802444458,8.1876802444458,8.1876802444458,0,0.0,0.0
1993-02-08 00:00:00-05:00,8.1876802444458,8.1876802444458,8.1876802444458,8.1876802444458,0,0.0,0.0
1993-02-09 00:00:00-05:00,8.253186770009881,8.38418960571289,8.253186770009881,8.38418960571289,3000,0.0,0.0
1993-02-10 00:00:00-05:00,8.253183364868164,8.384186146521358,8.253183364868164,8.253183364868164,7000,0.0,0.0
1993-02-11 00:00:00-05:00,8.646189532061051,8.646189532061051,8.253181286090774,8.449685096740723,132000,0.0,0.0
1993-02-12 00:00:00-05:00,8.253183207980145,8.367810249328613,8.253183207980145,8.367810249328613,68000,0.0,0.0
1993-02-16 00:00:00-05:00,8.646191596984863,8.646191596984863,8.646191596984863,8.646191596984863,1000,0.0,0.0
1993-02-17 00:00:00-05:00,8.646191596984863,8.646191596984863,8.646191596984863,8.646191596984863,1000,0.0,0.0
1993-02-18 00:00:00-05:00,8.646191596984863,8.646191596984863,8.646191596984863,8.646191596984863,0,0.0,0.0
1993-02-19 00:00:00-05:00,8.597063064575195,8.597063064575195,8.597063064575195,8.597063064575195,1000,0.0,0.0
1993-02-22 00:00:00-05:00,8.597063064575195,8.597063064575195,8.597063064575195,8.597063064575195,0,0.0,0.0
1993-02-23 00:00:00-05:00,8.597063064575195,8.597063064575195,8.597063064575195,8.597063064575195,0,0.0,0.0
1993-02-24 00:00:00-05:00,8.515187356986251,8.515187356986251,8.318682908429407,8.351433753967285,7000,0.0,0.0
1993-02-25 00:00:00-05:00,8.351433753967285,8.351433753967285,8.351433753967285,8.351433753967285,0,0.0,0.0
1993-02-26 00:00:00-05:00,8.253183364868164,8.253183364868164,8.253183364868164,8.253183364868164,4000,0.0,0.0
1993-03-01 00:00:00-05:00,8.253183364868164,8.253183364868164,8.253183364868164,8.253183364868164,0,0.0,0.0
1993-03-02 00:00:00-05:00,8.318686485290527,8.318686485290527,8.318686485290527,8.318686485290527,4000,0.0,0.0
1993-03-03 00:00:00-05:00,8.318686485290527,8.318686485290527,8.318686485290527,8.318686485290527,0,0.0,0.0
1993-03-04 00:00:00-05:00,8.318686485290527,8.318686485290527,8.318686485290527,8.318686485290527,0,0.0,0.0
1993-03-05 00:00:00-05:00,8.285935625670465,8.318686485290527,8.285935625670465,8.318686485290527,5000,0.0,0.0
1993-03-08 00:00:00-05:00,8.318686485290527,8.318686485290527,8.318686485290527,8.318686485290527,0,0.0,0.0
1993-03-09 00:00:00-05:00,8.5806884765625,8.5806884765625,8.5806884765625,8.5806884765625,1000,0.0,0.0
1993-03-10 00:00:00-05:00,8.318686485290527,8.318686485290527,8.318686485290527,8.318686485290527,2000,0.0,0.0
1993-03-11 00:00:00-05:00,8.318686485290527,8.318686485290527,8.318686485290527,8.318686485290527,0,0.0,0.0
1993-03-12 00:00:00-05:00,8.318686485290527,8.318686485290527,8.318686485290527,8.318686485290527,0,0.0,0.0
1993-03-15 00:00:00-05:00,8.318686485290527,8.318686485290527,8.318686485290527,8.318686485290527,0,0.0,0.0
1993-03-16 00:00:00-05:00,8.711691856384277,8.711691856384277,8.711691856384277,8.711691856384277,3000,0.0,0.0
1993-03-17 00:00:00-05:00,8.711691856384277,8.711691856384277,8.711691856384277,8.711691856384277,0,0.0,0.0
1993-03-18 00:00:00-05:00,8.908194541931152,8.908194541931152,8.908194541931152,8.908194541931152,1000,0.0,0.0
1993-03-19 00:00:00-05:00,8.908194541931152,8.908194541931152,8.908194541931152,8.908194541931152,3000,0.0,0.0
1993-03-22 00:00:00-05:00,8.826319694519043,8.826319694519043,8.826319694519043,8.826319694519043,18000,0.0,0.0
1993-03-23 00:00:00-05:00,8.826319694519043,8.826319694519043,8.826319694519043,8.826319694519043,0,0.0,0.0
1993-03-24 00:00:00-05:00,8.826319694519043,8.826319694519043,8.826319694519043,8.826319694519043,0,0.0,0.0
1993-03-25 00:00:00-05:00,8.777194486753784,9.047388231312787,8.777194486753784,8.842696189880371,19000,0.0,0.0
1993-03-26 00:00:00-05:00,9.301204681396484,9.301204681396484,9.301204681396484,9.301204681396484,1000,0.0,0.0
1993-03-29 00:00:00-05:00,9.301204681396484,9.301204681396484,9.301204681396484,9.301204681396484,0,0.0,0.0
1993-03-30 00:00:00-05:00,9.301204681396484,9.301204681396484,9.301204681396484,9.301204681396484,0,0.0,0.0
1993-03-31 00:00:00-05:00,9.301204681396484,9.301204681396484,9.301204681396484,9.301204681396484,0,0.0,0.0
1993-04-01 00:00:00-05:00,9.432206914767892,9.448582649230957,9.432206914767892,9.448582649230957,10000,0.0,0.0
1993-04-02 00:00:00-05:00,9.448582649230957,9.448582649230957,9.448582649230957,9.448582649230957,0,0.0,0.0
1993-04-05 00:00:00-04:00,9.448582649230957,9.448582649230957,9.448582649230957,9.448582649230957,0,0.0,0.0
1993-04-06 00:00:00-04:00,9.448582649230957,9.448582649230957,9.448582649230957,9.448582649230957,0,0.0,0.0
1993-04-07 00:00:00-04:00,9.448582649230957,9.448582649230957,9.448582649230957,9.448582649230957,0,0.0,0.0
1993-04-08 00:00:00-04:00,9.448582649230957,9.448582649230957,9.448582649230957,9.448582649230957,0,0.0,0.0
1993-04-12 00:00:00-04:00,9.461730003356934,9.461730003356934,9.461730003356934,9.461730003356934,1000,0.045,0.0
1993-04-13 00:00:00-04:00,9.461730003356934,9.461730003356934,9.461730003356934,9.461730003356934,1000,0.0,0.0
1993-04-14 00:00:00-04:00,9.461730003356934,9.461730003356934,9.461730003356934,9.461730003356934,0,0.0,0.0
1993-04-15 00:00:00-04:00,9.855966306621088,9.855966306621088,9.527434096400386,9.658846855163574,6000,0.0,0.0
1993-04-16 00:00:00-04:00,9.5931396484375,9.5931396484375,9.5931396484375,9.5931396484375,1000,0.0,0.0
1993-04-19 00:00:00-04:00,9.5931396484375,9.5931396484375,9.5931396484375,9.5931396484375,0,0.0,0.0
1993-04-20 00:00:00-04:00,9.5931396484375,9.5931396484375,9.5931396484375,9.5931396484375,0,0.0,0.0
1993-04-21 00:00:00-04:00,9.5931396484375,9.5931396484375,9.5931396484375,9.5931396484375,0,0.0,0.0
1993-04-22 00:00:00-04:00,9.921669422301298,9.987375464681463,9.855962753295898,9.855962753295898,7000,0.0,0.0
1993-04-23 00:00:00-04:00,9.855962753295898,9.855962753295898,9.855962753295898,9.855962753295898,4000,0.0,0.0
1993-04-26 00:00:00-04:00,9.855962753295898,9.855962753295898,9.855962753295898,9.855962753295898,2000,0.0,0.0
1993-04-27 00:00:00-04:00,9.823109418793198,9.855962753295898,9.823109418793198,9.855962753295898,10000,0.0,0.0
1993-04-28 00:00:00-04:00,9.79025936126709,9.79025936126709,9.79025936126709,9.79025936126709,1000,0.0,0.0
1993-04-29 00:00:00-04:00,9.79025936126709,9.79025936126709,9.79025936126709,9.79025936126709,0,0.0,0.0
1993-04-30 00:00:00-04:00,9.79025936126709,9.79025936126709,9.79025936126709,9.79025936126709,0,0.0,0.0
1993-05-03 00:00:00-04:00,9.806686347329467,9.855966052265707,9.79025936126709,9.79025936126709,36000,0.0,0.0
1993-05-04 00:00:00-04:00,9.79025936126709,9.79025936126709,9.79025936126709,9.79025936126709,2000,0.0,0.0
1993-05-05 00:00:00-04:00,9.888819475288061,9.987378885933193,9.790259438017479,9.921672821044922,54000,0.0,0.0
1993-05-06 00:00:00-04:00,9.921672821044922,9.921672821044922,9.921672821044922,9.921672821044922,0,0.0,0.0
1993-05-07 00:00:00-04:00,9.921672821044922,9.921672821044922,9.921672821044922,9.921672821044922,0,0.0,0.0
1993-05-10 00:00:00-04:00,9.97095012664795,9.97095012664795,9.97095012664795,9.97095012664795,50000,0.0,0.0
1993-05-11 00:00:00-04:00,9.921672821044922,10.06951193701262,9.921672821044922,9.921672821044922,6000,0.0,0.0
1993-05-12 00:00:00-04:00,9.96273422241211,9.96273422241211,9.96273422241211,9.96273422241211,51000,0.0,0.0
1993-05-13 00:00:00-04:00,9.96273422241211,9.96273422241211,9.96273422241211,9.96273422241211,0,0.0,0.0
1993-05-14 00:00:00-04:00,9.921672821044922,9.921672821044922,9.921672821044922,9.921672821044922,1000,0.0,0.0
1993-05-17 00:00:00-04:00,9.98737621307373,9.98737621307373,9.98737621307373,9.98737621307373,2000,0.0,0.0
1993-05-18 00:00:00-04:00,9.98737621307373,9.98737621307373,9.98737621307373,9.98737621307373,0,0.0,0.0
1993-05-19 00:00:00-04:00,9.98737621307373,9.98737621307373,9.98737621307373,9.98737621307373,0,0.0,0.0
1993-05-20 00:00:00-04:00,10.118789470585888,10.184496147997287,10.020230081094105,10.053083419799805,31000,0.0,0.0
1993-05-21 00:00:00-04:00,10.250200132121964,10.250200132121964,9.987374118160416,10.118786811828613,9000,0.0,0.0
1993-05-24 00:00:00-04:00,10.118786811828613,10.118786811828613,10.118786811828613,10.118786811828613,0,0.0,0.0
1993-05-25 00:00:00-04:00,10.118786811828613,10.118786811828613,10.118786811828613,10.118786811828613,0,0.0,0.0
1993-05-26 00:00:00-04:00,10.118786811828613,10.118786811828613,10.118786811828613,10.118786811828613,0,0.0,0.0
1993-05-27 00:00:00-04:00,10.118786811828613,10.118786811828613,10.118786811828613,10.118786811828613,0,0.0,0.0
1993-05-28 00:00:00-04:00,9.987374118160416,10.118786811828613,9.79025476434554,10.118786811828613,12000,0.0,0.0
1993-06-01 00:00:00-04:00,9.658846855163574,9.658846855163574,9.658846855163574,9.658846855163574,8000,0.0,0.0
1993-06-02 00:00:00-04:00,9.658846855163574,9.658846855163574,9.658846855163574,9.658846855163574,0,0.0,0.0
1993-06-03 00:00:00-04:00,9.7245512008667,9.7245512008667,9.7245512008667,9.7245512008667,12000,0.0,0.0
1993-06-04 00:00:00-04:00,9.7245512008667,9.7245512008667,9.7245512008667,9.7245512008667,2000,0.0,0.0
1993-06-07 00:00:00-04:00,9.7245512008667,9.7245512008667,9.7245512008667,9.7245512008667,1000,0.0,0.0
1993-06-08 00:00:00-04:00,9.7245512008667,9.7245512008667,9.7245512008667,9.7245512008667,1000,0.0,0.0
1993-06-09 00:00:00-04:00,9.7245512008667,9.7245512008667,9.7245512008667,9.7245512008667,0,0.0,0.0
1993-06-10 00:00:00-04:00,9.7245512008667,9.7245512008667,9.7245512008667,9.7245512008667,2000,0.0,0.0
1993-06-11 00:00:00-04:00,9.7245512008667,9.7245512008667,9.7245512008667,9.7245512008667,0,0.0,0.0
1993-06-14 00:00:00-04:00,9.7245512008667,9.7245512008667,9.7245512008667,9.7245512008667,0,0.0,0.0
1993-06-15 00:00:00-04:00,9.7245512008667,9.7245512008667,9.7245512008667,9.7245512008667,0,0.0,0.0
1993-06-16 00:00:00-04:00,9.7245512008667,9.7245512008667,9.7245512008667,9.7245512008667,1000,0.0,0.0
1993-06-17 00:00:00-04:00,9.7245512008667,9.7245512008667,9.7245512008667,9.7245512008667,1000,0.0,0.0
1993-06-18 00:00:00-04:00,9.7245512008667,9.7245512008667,9.7245512008667,9.7245512008667,0,0.0,0.0
1993-06-21 00:00:00-04:00,9.724549088761355,9.757402420043945,9.724549088761355,9.757402420043945,5000,0.0,0.0
1993-06-22 00:00:00-04:00,9.757402420043945,9.757402420043945,9.757402420043945,9.757402420043945,0,0.0,0.0
1993-06-23 00:00:00-04:00,9.855962753295898,9.855962753295898,9.855962753295898,9.855962753295898,2000,0.0,0.0
1993-06-24 00:00:00-04:00,9.921668084638892,10.118786811828613,9.921668084638892,10.118786811828613,6000,0.0,0.0
1993-06-25 00:00:00-04:00,9.73276403335348,9.765617370605469,9.73276403335348,9.765617370605469,23000,0.0,0.0
1993-06-28 00:00:00-04:00,9.765617370605469,9.765617370605469,9.765617370605469,9.765617370605469,0,0.0,0.0
1993-06-29 00:00:00-04:00,9.765617370605469,9.765617370605469,9.765617370605469,9.765617370605469,0,0.0,0.0
1993-06-30 00:00:00-04:00,9.921672821044922,9.921672821044922,9.921672821044922,9.921672821044922,1000,0.0,0.0
1993-07-01 00:00:00-04:00,10.053083419799805,10.053083419799805,10.053083419799805,10.053083419799805,1000,0.0,0.0
1993-07-02 00:00:00-04:00,10.053083419799805,10.053083419799805,10.053083419799805,10.053083419799805,0,0.0,0.0
1993-07-06 00:00:00-04:00,9.773834228515625,9.773834228515625,9.773834228515625,9.773834228515625,5000,0.0,0.0
1993-07-07 00:00:00-04:00,9.732768058776855,9.732768058776855,9.732768058776855,9.732768058776855,1000,0.0,0.0
1993-07-08 00:00:00-04:00,9.732768058776855,9.732768058776855,9.732768058776855,9.732768058776855,0,0.0,0.0
1993-07-09 00:00:00-04:00,9.7245512008667,9.7245512008667,9.7245512008667,9.7245512008667,1000,0.0,0.0
1993-07-12 00:00:00-04:00,9.754209518432617,9.754209518432617,9.754209518432617,9.754209518432617,0,0.045,0.0
1993-07-13 00:00:00-04:00,9.820116996765137,9.820116996765137,9.820116996765137,9.820116996765137,2000,0.0,0.0
1993-07-14 00:00:00-04:00,9.844832420349121,9.844832420349121,9.844832420349121,9.844832420349121,3000,0.0,0.0
1993-07-15 00:00:00-04:00,9.844832420349121,9.844832420349121,9.844832420349121,9.844832420349121,0,0.0,0.0
1993-07-16 00:00:00-04:00,9.844832420349121,9.844832420349121,9.844832420349121,9.844832420349121,0,0.0,0.0
1993-07-19 00:00:00-04:00,9.844832420349121,9.844832420349121,9.844832420349121,9.844832420349121,0,0.0,0.0
1993-07-20 00:00:00-04:00,9.844832420349121,9.844832420349121,9.844832420349121,9.844832420349121,0,0.0,0.0
1993-07-21 00:00:00-04:00,10.08374309539795,10.08374309539795,10.08374309539795,10.08374309539795,2000,0.0,0.0
1993-07-22 00:00:00-04:00,10.08374309539795,10.08374309539795,10.08374309539795,10.08374309539795,1000,0.0,0.0
1993-07-23 00:00:00-04:00,9.886021614074707,9.886021614074707,9.886021614074707,9.886021614074707,1000,0.0,0.0
1993-07-26 00:00:00-04:00,9.886021614074707,9.886021614074707,9.886021614074707,9.886021614074707,0,0.0,0.0
1993-07-27 00:00:00-04:00,9.886021614074707,9.886021614074707,9.886021614074707,9.886021614074707,0,0.0,0.0
1993-07-28 00:00:00-04:00,9.886021614074707,9.886021614074707,9.886021614074707,9.886021614074707,0,0.0,0.0
1993-07-29 00:00:00-04:00,9.82011710846503,9.844832420349121,9.82011710846503,9.844832420349121,22000,0.0,0.0
1993-07-30 00:00:00-04:00,9.951931953430176,9.951931953430176,9.951931953430176,9.951931953430176,1000,0.0,0.0
1993-08-02 00:00:00-04:00,9.951931953430176,9.951931953430176,9.951931953430176,9.951931953430176,0,0.0,0.0
1993-08-03 00:00:00-04:00,9.778924376567204,9.803639686013744,9.55648910569407,9.770686149597168,25000,0.0,0.0
1993-08-04 00:00:00-04:00,9.770686149597168,9.770686149597168,9.770686149597168,9.770686149597168,0,0.0,0.0
1993-08-05 00:00:00-04:00,9.770686149597168,9.770686149597168,9.770686149597168,9.770686149597168,0,0.0,0.0
1993-08-06 00:00:00-04:00,9.770686149597168,9.770686149597168,9.770686149597168,9.770686149597168,0,0.0,0.0
1993-08-09 00:00:00-04:00,9.770686149597168,9.770686149597168,9.770686149597168,9.770686149597168,0,0.0,0.0
1993-08-10 00:00:00-04:00,9.556489944458008,9.556489944458008,9.556489944458008,9.556489944458008,4000,0.0,0.0
1993-08-11 00:00:00-04:00,9.556492293695102,9.754212949616813,9.556492293695102,9.688305854797363,15000,0.0,0.0
1993-08-12 00:00:00-04:00,9.886025602014465,9.902502059936523,9.886025602014465,9.902502059936523,14000,0.0,0.0
1993-08-13 00:00:00-04:00,9.902502059936523,9.902502059936523,9.902502059936523,9.902502059936523,0,0.0,0.0
1993-08-16 00:00:00-04:00,9.902502059936523,9.902502059936523,9.902502059936523,9.902502059936523,0,0.0,0.0
1993-08-17 00:00:00-04:00,9.902502059936523,9.902502059936523,9.902502059936523,9.902502059936523,0,0.0,0.0
1993-08-18 00:00:00-04:00,9.902502059936523,9.902502059936523,9.902502059936523,9.902502059936523,0,0.0,0.0
1993-08-19 00:00:00-04:00,9.556489944458008,9.556489944458008,9.556489944458008,9.556489944458008,1000,0.0,0.0
1993-08-20 00:00:00-04:00,9.556489944458008,9.556489944458008,9.556489944458008,9.556489944458008,0,0.0,0.0
1993-08-23 00:00:00-04:00,9.556487767635913,9.589441299438477,9.556487767635913,9.589441299438477,8000,0.0,0.0
1993-08-24 00:00:00-04:00,9.589441299438477,9.589441299438477,9.589441299438477,9.589441299438477,0,0.0,0.0
1993-08-25 00:00:00-04:00,9.589441299438477,9.589441299438477,9.589441299438477,9.589441299438477,0,0.0,0.0
1993-08-26 00:00:00-04:00,9.589441299438477,9.589441299438477,9.589441299438477,9.589441299438477,0,0.0,0.0
1993-08-27 00:00:00-04:00,9.556489944458008,9.68830347315703,9.556489944458008,9.556489944458008,5000,0.0,0.0
1993-08-30 00:00:00-04:00,9.556489944458008,9.556489944458008,9.556489944458008,9.556489944458008,0,0.0,0.0
1993-08-31 00:00:00-04:00,9.556489944458008,9.622397023075761,9.556489944458008,9.556489944458008,13000,0.0,0.0
1993-09-01 00:00:00-04:00,9.556489944458008,9.556489944458008,9.556489944458008,9.556489944458008,0,0.0,0.0
1993-09-02 00:00:00-04:00,9.622397422790527,9.622397422790527,9.622397422790527,9.622397422790527,1000,0.0,0.0
1993-09-03 00:00:00-04:00,9.556489944458008,9.556489944458008,9.556489944458008,9.556489944458008,2000,0.0,0.0
1993-09-07 00:00:00-04:00,9.556489944458008,9.556489944458008,9.556489944458008,9.556489944458008,0,0.0,0.0
1993-09-08 00:00:00-04:00,9.556489944458008,9.556489944458008,9.556489944458008,9.556489944458008,2000,0.0,0.0
1993-09-09 00:00:00-04:00,9.556489944458008,9.556489944458008,9.556489944458008,9.556489944458008,0,0.0,0.0
1993-09-10 00:00:00-04:00,9.556489944458008,9.556489944458008,9.556489944458008,9.556489944458008,0,0.0,0.0
1993-09-13 00:00:00-04:00,9.886021614074707,9.886021614074707,9.886021614074707,9.886021614074707,2000,0.0,0.0
1993-09-14 00:00:00-04:00,9.886021614074707,9.886021614074707,9.886021614074707,9.886021614074707,0,0.0,0.0
1993-09-15 00:00:00-04:00,9.886021614074707,9.886021614074707,9.886021614074707,9.886021614074707,0,0.0,0.0
1993-09-16 00:00:00-04:00,9.886021614074707,9.886021614074707,9.886021614074707,9.886021614074707,0,0.0,0.0
1993-09-17 00:00:00-04:00,9.556489944458008,9.556489944458008,9.556489944458008,9.556489944458008,1000,0.0,0.0
1993-09-20 00:00:00-04:00,9.556489944458008,9.556489944458008,9.556489944458008,9.556489944458008,0,0.0,0.0
1993-09-21 00:00:00-04:00,9.556489944458008,9.556489944458008,9.556489944458008,9.556489944458008,0,0.0,0.0
1993-09-22 00:00:00-04:00,9.556489944458008,9.556489944458008,9.556489944458008,9.556489944458008,0,0.0,0.0
1993-09-23 00:00:00-04:00,9.951931953430176,9.951931953430176,9.951931953430176,9.951931953430176,1000,0.0,0.0
1993-09-24 00:00:00-04:00,9.951931953430176,9.951931953430176,9.951931953430176,9.951931953430176,0,0.0,0.0
1993-09-27 00:00:00-04:00,9.951931953430176,9.951931953430176,9.951931953430176,9.951931953430176,0,0.0,0.0
1993-09-28 00:00:00-04:00,9.951931953430176,9.951931953430176,9.951931953430176,9.951931953430176,0,0.0,0.0
1993-09-29 00:00:00-04:00,9.951930104803253,9.951930104803253,9.622396003697666,9.754209518432617,5000,0.0,0.0
1993-09-30 00:00:00-04:00,9.754209518432617,9.754209518432617,9.754209518432617,9.754209518432617,0,0.0,0.0
1993-10-01 00:00:00-04:00,9.754209518432617,9.754209518432617,9.754209518432617,9.754209518432617,0,0.0,0.0
1993-10-04 00:00:00-04:00,9.754209518432617,9.754209518432617,9.754209518432617,9.754209518432617,0,0.0,0.0
1993-10-05 00:00:00-04:00,9.82011481975923,9.853068351745605,9.82011481975923,9.853068351745605,8000,0.0,0.0
1993-10-06 00:00:00-04:00,9.853068351745605,9.853068351745605,9.853068351745605,9.853068351745605,0,0.0,0.0
1993-10-07 00:00:00-04:00,9.853068351745605,9.853068351745605,9.853068351745605,9.853068351745605,0,0.0,0.0
1993-10-08 00:00:00-04:00,9.886133193969727,9.886133193969727,9.886133193969727,9.886133193969727,0,0.05,0.0
1993-10-11 00:00:00-04:00,10.051453418754013,10.051453418754013,9.985325813293457,9.985325813293457,51000,0.0,0.0
1993-10-12 00:00:00-04:00,9.985325813293457,9.985325813293457,9.985325813293457,9.985325813293457,0,0.0,0.0
1993-10-13 00:00:00-04:00,9.985325813293457,9.985325813293457,9.985325813293457,9.985325813293457,0,0.0,0.0
1993-10-14 00:00:00-04:00,9.985325813293457,9.985325813293457,9.985325813293457,9.985325813293457,0,0.0,0.0
1993-10-15 00:00:00-04:00,9.985325813293457,9.985325813293457,9.985325813293457,9.985325813293457,0,0.0,0.0
1993-10-18 00:00:00-04:00,9.985325813293457,9.985325813293457,9.985325813293457,9.985325813293457,0,0.0,0.0
1993-10-19 00:00:00-04:00,9.985325813293457,9.985325813293457,9.985325813293457,9.985325813293457,8000,0.0,0.0
1993-10-20 00:00:00-04:00,9.952262878417969,9.952262878417969,9.952262878417969,9.952262878417969,6000,0.0,0.0
1993-10-21 00:00:00-04:00,9.952262878417969,9.952262878417969,9.952262878417969,9.952262878417969,0,0.0,0.0
1993-10-22 00:00:00-04:00,9.952262878417969,9.952262878417969,9.952262878417969,9.952262878417969,5000,0.0,0.0
1993-10-25 00:00:00-04:00,10.117582321166992,10.117582321166992,10.117582321166992,10.117582321166992,1000,0.0,0.0
1993-10-26 00:00:00-04:00,9.853070512466225,9.952262878417969,9.853070512466225,9.952262878417969,8000,0.0,0.0
1993-10-27 00:00:00-04:00,9.952262878417969,9.952262878417969,9.952262878417969,9.952262878417969,0,0.0,0.0
1993-10-28 00:00:00-04:00,9.919195621137058,9.919195621137058,9.853067398071289,9.853067398071289,7000,0.0,0.0
1993-10-29 00:00:00-04:00,9.85306998996816,10.117582321166992,9.85306998996816,10.117582321166992,7000,0.0,0.0
1993-11-01 00:00:00-05:00,10.117582321166992,10.117582321166992,10.117582321166992,10.117582321166992,1000,0.0,0.0
1993-11-02 00:00:00-05:00,9.72081643241782,10.051456451416016,9.72081643241782,10.051456451416016,2000,0.0,0.0
1993-11-03 00:00:00-05:00,9.786940574645996,9.786940574645996,9.786940574645996,9.786940574645996,1000,0.0,0.0
1993-11-04 00:00:00-05:00,9.588556049085753,9.588556049085753,9.390172004699707,9.390172004699707,17000,0.0,0.0
1993-11-05 00:00:00-05:00,9.786939365631042,9.786939365631042,9.257915496826172,9.588555335998535,5000,0.0,0.0
1993-11-08 00:00:00-05:00,9.58855215427095,9.58855215427095,9.340572357177734,9.340572357177734,3000,0.0,0.0
1993-11-09 00:00:00-05:00,9.257918658354404,9.257918658354404,9.125662803649902,9.125662803649902,17000,0.0,0.0
1993-11-10 00:00:00-05:00,9.125662803649902,9.125662803649902,9.125662803649902,9.125662803649902,0,0.0,0.0
1993-11-11 00:00:00-05:00,9.125662803649902,9.125662803649902,9.125662803649902,9.125662803649902,0,0.0,0.0
1993-11-12 00:00:00-05:00,9.324048042297363,9.324048042297363,9.324048042297363,9.324048042297363,1000,0.0,0.0
1993-11-15 00:00:00-05:00,9.324048042297363,9.324048042297363,9.324048042297363,9.324048042297363,0,0.0,0.0
1993-11-16 00:00:00-05:00,9.183521849477973,9.191787719726562,9.183521849477973,9.191787719726562,213000,0.0,0.0
1993-11-17 00:00:00-05:00,9.076068878173828,9.076068878173828,9.076068878173828,9.076068878173828,1000,0.0,0.0
1993-11-18 00:00:00-05:00,8.99340454657311,9.390172004699707,8.99340454657311,9.390172004699707,10000,0.0,0.0
1993-11-19 00:00:00-05:00,9.324048042297363,9.324048042297363,9.324048042297363,9.324048042297363,1000,0.0,0.0
1993-11-22 00:00:00-05:00,8.960342827607858,9.125662803649902,8.960342827607858,9.125662803649902,2000,0.0,0.0
1993-11-23 00:00:00-05:00,9.125662803649902,9.125662803649902,9.125662803649902,9.125662803649902,0,0.0,0.0
1993-11-24 00:00:00-05:00,9.125662803649902,9.125662803649902,9.125662803649902,9.125662803649902,0,0.0,0.0
1993-11-26 00:00:00-05:00,9.125662803649902,9.125662803649902,9.125662803649902,9.125662803649902,0,0.0,0.0
1993-11-29 00:00:00-05:00,9.125662803649902,9.125662803649902,9.125662803649902,9.125662803649902,0,0.0,0.0
1993-11-30 00:00:00-05:00,8.993405799223655,8.993405799223655,8.927277565002441,8.927277565002441,14000,0.0,0.0
1993-12-01 00:00:00-05:00,8.927277565002441,8.927277565002441,8.927277565002441,8.927277565002441,0,0.0,0.0
1993-12-02 00:00:00-05:00,9.324048042297363,9.324048042297363,9.324048042297363,9.324048042297363,1000,0.0,0.0
1993-12-03 00:00:00-05:00,9.324048042297363,9.324048042297363,9.324048042297363,9.324048042297363,0,0.0,0.0
1993-12-06 00:00:00-05:00,9.324048042297363,9.324048042297363,9.324048042297363,9.324048042297363,0,0.0,0.0
1993-12-07 00:00:00-05:00,9.324048042297363,9.324048042297363,9.324048042297363,9.324048042297363,0,0.0,0.0
1993-12-08 00:00:00-05:00,9.125662803649902,9.125662803649902,9.125662803649902,9.125662803649902,5000,0.0,0.0
1993-12-09 00:00:00-05:00,8.927277565002441,8.927277565002441,8.927277565002441,8.927277565002441,1000,0.0,0.0
1993-12-10 00:00:00-05:00,9.125657731121581,9.290977615269997,8.976869583129883,8.976869583129883,56000,0.0,0.0
1993-12-13 00:00:00-05:00,9.125661637020501,9.125661637020501,8.927277565002441,8.927277565002441,3000,0.0,0.0
1993-12-14 00:00:00-05:00,9.12565849043336,9.12565849043336,8.960338592529297,8.960338592529297,22000,0.0,0.0
1993-12-15 00:00:00-05:00,8.960338592529297,8.960338592529297,8.960338592529297,8.960338592529297,0,0.0,0.0
1993-12-16 00:00:00-05:00,9.125662803649902,9.125662803649902,9.125662803649902,9.125662803649902,2000,0.0,0.0
1993-12-17 00:00:00-05:00,9.324046901029485,9.324046901029485,9.125662803649902,9.125662803649902,10000,0.0,0.0
1993-12-20 00:00:00-05:00,8.993404388427734,8.993404388427734,8.993404388427734,8.993404388427734,2000,0.0,0.0
1993-12-21 00:00:00-05:00,9.125661637020501,9.125661637020501,8.927277565002441,8.927277565002441,12000,0.0,0.0
1993-12-22 00:00:00-05:00,9.12566392063547,9.324048042297363,8.861151548204365,9.324048042297363,15000,0.0,0.0
1993-12-23 00:00:00-05:00,8.993404388427734,8.993404388427734,8.993404388427734,8.993404388427734,3000,0.0,0.0
1993-12-27 00:00:00-05:00,9.125656659615945,9.290976524353027,9.125656659615945,9.290976524353027,36000,0.0,0.0
1993-12-28 00:00:00-05:00,8.927276103952781,8.943807844479688,8.8611478805542,8.8611478805542,31000,0.0,0.0
1993-12-29 00:00:00-05:00,9.324048042297363,9.324048042297363,9.324048042297363,9.324048042297363,1000,0.0,0.0
1993-12-30 00:00:00-05:00,9.324048042297363,9.324048042297363,9.324048042297363,9.324048042297363,0,0.0,0.0
1993-12-31 00:00:00-05:00,9.324048042297363,9.324048042297363,9.324048042297363,9.324048042297363,0,0.0,0.0
1994-01-03 00:00:00-05:00,9.324048042297363,9.324048042297363,9.324048042297363,9.324048042297363,0,0.0,0.0
1994-01-04 00:00:00-05:00,9.324048042297363,9.324048042297363,9.324048042297363,9.324048042297363,0,0.0,0.0
1994-01-05 00:00:00-05:00,9.324048042297363,9.324048042297363,9.324048042297363,9.324048042297363,0,0.0,0.0
1994-01-06 00:00:00-05:00,9.324048042297363,9.324048042297363,9.324048042297363,9.324048042297363,0,0.0,0.0
1994-01-07 00:00:00-05:00,9.324048042297363,9.324048042297363,9.324048042297363,9.324048042297363,0,0.0,0.0
1994-01-10 00:00:00-05:00,8.8611478805542,8.8611478805542,8.8611478805542,8.8611478805542,1000,0.0,0.0
1994-01-11 00:00:00-05:00,8.8611478805542,8.8611478805542,8.8611478805542,8.8611478805542,0,0.0,0.0
1994-01-12 00:00:00-05:00,8.8611478805542,8.8611478805542,8.8611478805542,8.8611478805542,0,0.0,0.0
1994-01-13 00:00:00-05:00,8.8611478805542,8.8611478805542,8.8611478805542,8.8611478805542,0,0.0,0.0
1994-01-14 00:00:00-05:00,8.894335746765137,8.894335746765137,8.894335746765137,8.894335746765137,0,0.05,0.0
1994-01-17 00:00:00-05:00,8.894335746765137,8.894335746765137,8.894335746765137,8.894335746765137,0,0.0,0.0
1994-01-18 00:00:00-05:00,8.894335746765137,8.894335746765137,8.894335746765137,8.894335746765137,0,0.0,0.0
1994-01-19 00:00:00-05:00,8.894335746765137,8.894335746765137,8.894335746765137,8.894335746765137,0,0.0,0.0
1994-01-20 00:00:00-05:00,8.894335746765137,8.894335746765137,8.894335746765137,8.894335746765137,0,0.0,0.0
1994-01-21 00:00:00-05:00,8.894335746765137,8.894335746765137,8.894335746765137,8.894335746765137,0,0.0,0.0
1994-01-24 00:00:00-05:00,8.894335746765137,8.894335746765137,8.894335746765137,8.894335746765137,2000,0.0,0.0
1994-01-25 00:00:00-05:00,8.894335746765137,8.894335746765137,8.894335746765137,8.894335746765137,0,0.0,0.0
1994-01-26 00:00:00-05:00,8.960711398800903,8.99389934539795,8.960711398800903,8.99389934539795,4000,0.0,0.0
1994-01-27 00:00:00-05:00,8.894335746765137,8.894335746765137,8.894335746765137,8.894335746765137,1000,0.0,0.0
1994-01-28 00:00:00-05:00,8.695211410522461,8.695211410522461,8.695211410522461,8.695211410522461,1000,0.0,0.0
1994-01-31 00:00:00-05:00,8.894335585397467,8.960711479187012,8.894335585397467,8.960711479187012,10000,0.0,0.0
1994-02-01 00:00:00-05:00,8.628832896300104,8.695208787166914,8.529269693007297,8.5956449508667,8000,0.0,0.0
1994-02-02 00:00:00-05:00,8.662018992349982,8.662018992349982,8.36332881323597,8.562455177307129,11000,0.0,0.0
1994-02-03 00:00:00-05:00,8.429708480834961,8.429708480834961,8.429708480834961,8.429708480834961,1000,0.0,0.0
1994-02-04 00:00:00-05:00,8.429710195574218,8.562461412628982,8.429710195574218,8.496086120605469,39000,0.0,0.0
1994-02-07 00:00:00-05:00,9.02708911895752,9.02708911895752,9.02708911895752,9.02708911895752,1000,0.0,0.0
1994-02-08 00:00:00-05:00,9.02708911895752,9.02708911895752,9.02708911895752,9.02708911895752,0,0.0,0.0
1994-02-09 00:00:00-05:00,8.429709505978561,8.628836631774902,8.429709505978561,8.628836631774902,2000,0.0,0.0
1994-02-10 00:00:00-05:00,8.628836631774902,8.628836631774902,8.628836631774902,8.628836631774902,0,0.0,0.0
1994-02-11 00:00:00-05:00,8.628836631774902,8.628836631774902,8.628836631774902,8.628836631774902,0,0.0,0.0
1994-02-14 00:00:00-05:00,8.628836631774902,8.628836631774902,8.628836631774902,8.628836631774902,0,0.0,0.0
1994-02-15 00:00:00-05:00,8.827963829040527,8.827963829040527,8.827963829040527,8.827963829040527,1000,0.0,0.0
1994-02-16 00:00:00-05:00,8.827963829040527,8.827963829040527,8.827963829040527,8.827963829040527,0,0.0,0.0
1994-02-17 00:00:00-05:00,8.827963829040527,8.827963829040527,8.827963829040527,8.827963829040527,0,0.0,0.0
1994-02-18 00:00:00-05:00,8.827963829040527,8.827963829040527,8.827963829040527,8.827963829040527,0,0.0,0.0
1994-02-22 00:00:00-05:00,8.827963829040527,8.827963829040527,8.827963829040527,8.827963829040527,0,0.0,0.0
1994-02-23 00:00:00-05:00,8.827963829040527,8.827963829040527,8.827963829040527,8.827963829040527,0,0.0,0.0
1994-02-24 00:00:00-05:00,8.827963829040527,8.827963829040527,8.827963829040527,8.827963829040527,0,0.0,0.0
1994-02-25 00:00:00-05:00,8.827963829040527,8.827963829040527,8.827963829040527,8.827963829040527,0,0.0,0.0
1994-02-28 00:00:00-05:00,8.827963829040527,8.827963829040527,8.827963829040527,8.827963829040527,0,0.0,0.0
1994-03-01 00:00:00-05:00,8.827963829040527,8.827963829040527,8.827963829040527,8.827963829040527,0,0.0,0.0
1994-03-02 00:00:00-05:00,8.827963829040527,8.827963829040527,8.827963829040527,8.827963829040527,0,0.0,0.0
1994-03-03 00:00:00-05:00,8.827963829040527,8.827963829040527,8.827963829040527,8.827963829040527,0,0.0,0.0
1994-03-04 00:00:00-05:00,8.827963829040527,8.827963829040527,8.827963829040527,8.827963829040527,0,0.0,0.0
1994-03-07 00:00:00-05:00,8.487788593881655,8.628836631774902,8.487788593881655,8.628836631774902,25000,0.0,0.0
1994-03-08 00:00:00-05:00,8.628836631774902,8.628836631774902,8.628836631774902,8.628836631774902,0,0.0,0.0
1994-03-09 00:00:00-05:00,8.628836631774902,8.628836631774902,8.628836631774902,8.628836631774902,0,0.0,0.0
1994-03-10 00:00:00-05:00,8.628836631774902,8.628836631774902,8.628836631774902,8.628836631774902,0,0.0,0.0
1994-03-11 00:00:00-05:00,8.628836631774902,8.628836631774902,8.628836631774902,8.628836631774902,0,0.0,0.0
1994-03-14 00:00:00-05:00,8.529273986816406,8.529273986816406,8.529273986816406,8.529273986816406,5000,0.0,0.0
1994-03-15 00:00:00-05:00,8.529273986816406,8.529273986816406,8.529273986816406,8.529273986816406,0,0.0,0.0
1994-03-16 00:00:00-05:00,8.695211410522461,8.695211410522461,8.695211410522461,8.695211410522461,24000,0.0,0.0
1994-03-17 00:00:00-05:00,9.226215070728486,9.226215070728486,9.093463897705078,9.093463897705078,12000,0.0,0.0
1994-03-18 00:00:00-05:00,8.960711479187012,8.960711479187012,8.960711479187012,8.960711479187012,1000,0.0,0.0
1994-03-21 00:00:00-05:00,8.960711479187012,8.960711479187012,8.960711479187012,8.960711479187012,0,0.0,0.0
1994-03-22 00:00:00-05:00,9.690845489501953,9.690845489501953,9.690845489501953,9.690845489501953,6000,0.0,0.0
1994-03-23 00:00:00-05:00,9.558094060510845,10.022724151611328,9.558094060510845,10.022724151611328,2000,0.0,0.0
1994-03-24 00:00:00-05:00,10.022724151611328,10.022724151611328,10.022724151611328,10.022724151611328,0,0.0,0.0
1994-03-25 00:00:00-05:00,10.022724151611328,10.022724151611328,10.022724151611328,10.022724151611328,0,0.0,0.0
1994-03-28 00:00:00-05:00,9.425343057488329,9.425343057488329,9.358967781066895,9.358967781066895,10000,0.0,0.0
1994-03-29 00:00:00-05:00,9.358967781066895,9.358967781066895,9.358967781066895,9.358967781066895,0,0.0,0.0
1994-03-30 00:00:00-05:00,9.325779234486774,9.34237289428711,9.325779234486774,9.34237289428711,14000,0.0,0.0
1994-03-31 00:00:00-05:00,9.34237289428711,9.34237289428711,9.34237289428711,9.34237289428711,0,0.0,0.0
1994-04-04 00:00:00-04:00,9.29259204864502,9.29259204864502,9.29259204864502,9.29259204864502,2000,0.0,0.0
1994-04-05 00:00:00-04:00,9.59128189086914,9.59128189086914,9.59128189086914,9.59128189086914,13000,0.0,0.0
1994-04-06 00:00:00-04:00,9.59128189086914,9.59128189086914,9.59128189086914,9.59128189086914,0,0.0,0.0
1994-04-07 00:00:00-04:00,9.59128189086914,9.59128189086914,9.59128189086914,9.59128189086914,0,0.0,0.0
1994-04-08 00:00:00-04:00,9.226213455200195,9.226213455200195,9.226213455200195,9.226213455200195,1000,0.0,0.0
1994-04-11 00:00:00-04:00,9.259519577026367,9.259519577026367,9.259519577026367,9.259519577026367,1000,0.05,0.0
1994-04-12 00:00:00-04:00,9.259519577026367,9.259519577026367,9.259519577026367,9.259519577026367,0,0.0,0.0
1994-04-13 00:00:00-04:00,9.259519577026367,9.259519577026367,9.259519577026367,9.259519577026367,0,0.0,0.0
1994-04-14 00:00:00-04:00,9.259519577026367,9.259519577026367,9.259519577026367,9.259519577026367,0,0.0,0.0
1994-04-15 00:00:00-04:00,9.85905933380127,9.85905933380127,9.85905933380127,9.85905933380127,2000,0.0,0.0
1994-04-18 00:00:00-04:00,9.85905933380127,9.85905933380127,9.85905933380127,9.85905933380127,0,0.0,0.0
1994-04-19 00:00:00-04:00,9.459367752075195,9.459367752075195,9.459367752075195,9.459367752075195,1000,0.0,0.0
1994-04-20 00:00:00-04:00,9.259523489058527,9.392754554748535,9.259523489058527,9.392754554748535,5000,0.0,0.0
1994-04-21 00:00:00-04:00,9.392754554748535,9.392754554748535,9.392754554748535,9.392754554748535,0,0.0,0.0
1994-04-22 00:00:00-04:00,9.392754554748535,9.392754554748535,9.392754554748535,9.392754554748535,0,0.0,0.0
1994-04-25 00:00:00-04:00,9.19290828704834,9.19290828704834,9.19290828704834,9.19290828704834,2000,0.0,0.0
1994-04-26 00:00:00-04:00,9.19290828704834,9.19290828704834,9.19290828704834,9.19290828704834,0,0.0,0.0
1994-04-28 00:00:00-04:00,8.993061065673828,8.993061065673828,8.976407503002621,8.993061065673828,4000,0.0,0.0
1994-04-29 00:00:00-04:00,8.993061065673828,8.993061065673828,8.993061065673828,8.993061065673828,0,0.0,0.0
1994-05-02 00:00:00-04:00,8.993061065673828,8.993061065673828,8.993061065673828,8.993061065673828,0,0.0,0.0
1994-05-03 00:00:00-04:00,8.993061065673828,8.993061065673828,8.993061065673828,8.993061065673828,0,0.0,0.0
1994-05-04 00:00:00-04:00,8.993061065673828,8.993061065673828,8.993061065673828,8.993061065673828,0,0.0,0.0
1994-05-05 00:00:00-04:00,8.826523780822754,8.826523780822754,8.826523780822754,8.826523780822754,1000,0.0,0.0
1994-05-06 00:00:00-04:00,8.826523780822754,8.826523780822754,8.826523780822754,8.826523780822754,0,0.0,0.0
1994-05-09 00:00:00-04:00,8.826523780822754,8.826523780822754,8.826523780822754,8.826523780822754,0,0.0,0.0
1994-05-10 00:00:00-04:00,8.826523780822754,8.826523780822754,8.826523780822754,8.826523780822754,0,0.0,0.0
1994-05-11 00:00:00-04:00,8.593372344970703,8.593372344970703,8.593372344970703,8.593372344970703,3000,0.0,0.0
1994-05-12 00:00:00-04:00,8.593372344970703,8.593372344970703,8.593372344970703,8.593372344970703,0,0.0,0.0
1994-05-13 00:00:00-04:00,8.593372344970703,8.593372344970703,8.593372344970703,8.593372344970703,0,0.0,0.0
1994-05-16 00:00:00-04:00,8.593372344970703,8.593372344970703,8.593372344970703,8.593372344970703,0,0.0,0.0
1994-05-17 00:00:00-04:00,8.626679420471191,8.626679420471191,8.626679420471191,8.626679420471191,6000,0.0,0.0
1994-05-18 00:00:00-04:00,8.626679420471191,8.626679420471191,8.626679420471191,8.626679420471191,0,0.0,0.0
1994-05-19 00:00:00-04:00,8.526757939558593,8.659988403320312,8.526757939558593,8.659988403320312,4000,0.0,0.0
1994-05-20 00:00:00-04:00,8.52675724029541,8.52675724029541,8.52675724029541,8.52675724029541,3000,0.0,0.0
1994-05-23 00:00:00-04:00,8.52675724029541,8.52675724029541,8.52675724029541,8.52675724029541,1000,0.0,0.0
1994-05-24 00:00:00-04:00,8.52675724029541,8.52675724029541,8.52675724029541,8.52675724029541,0,0.0,0.0
1994-05-25 00:00:00-04:00,8.293603471363175,8.52675724029541,8.260295699331012,8.52675724029541,17000,0.0,0.0
1994-05-26 00:00:00-04:00,8.52675724029541,8.52675724029541,8.52675724029541,8.52675724029541,0,0.0,0.0
1994-05-27 00:00:00-04:00,8.52675724029541,8.52675724029541,8.52675724029541,8.52675724029541,0,0.0,0.0
1994-05-31 00:00:00-04:00,8.52675724029541,8.52675724029541,8.52675724029541,8.52675724029541,0,0.0,0.0
1994-06-01 00:00:00-04:00,8.52675724029541,8.52675724029541,8.52675724029541,8.52675724029541,0,0.0,0.0
1994-06-02 00:00:00-04:00,8.52675724029541,8.52675724029541,8.52675724029541,8.52675724029541,0,0.0,0.0
1994-06-03 00:00:00-04:00,8.52675724029541,8.52675724029541,8.52675724029541,8.52675724029541,0,0.0,0.0
1994-06-06 00:00:00-04:00,8.52675724029541,8.52675724029541,8.52675724029541,8.52675724029541,0,0.0,0.0
1994-06-07 00:00:00-04:00,8.52675724029541,8.52675724029541,8.52675724029541,8.52675724029541,0,0.0,0.0
1994-06-08 00:00:00-04:00,8.485119318789552,8.5017728805542,8.460138340849925,8.5017728805542,155000,0.0,0.0
1994-06-09 00:00:00-04:00,8.5017728805542,8.5017728805542,8.5017728805542,8.5017728805542,0,0.0,0.0
1994-06-10 00:00:00-04:00,8.5017728805542,8.5017728805542,8.5017728805542,8.5017728805542,0,0.0,0.0
1994-06-13 00:00:00-04:00,8.793216705322266,8.793216705322266,8.793216705322266,8.793216705322266,1000,0.0,0.0
1994-06-14 00:00:00-04:00,8.793216705322266,8.793216705322266,8.793216705322266,8.793216705322266,0,0.0,0.0
1994-06-15 00:00:00-04:00,8.793216705322266,8.793216705322266,8.793216705322266,8.793216705322266,0,0.0,0.0
1994-06-16 00:00:00-04:00,8.793216705322266,8.793216705322266,8.793216705322266,8.793216705322266,0,0.0,0.0
1994-06-17 00:00:00-04:00,8.793216705322266,8.793216705322266,8.793216705322266,8.793216705322266,1000,0.0,0.0
1994-06-20 00:00:00-04:00,8.793216705322266,8.793216705322266,8.793216705322266,8.793216705322266,0,0.0,0.0
1994-06-21 00:00:00-04:00,8.793216705322266,8.793216705322266,8.793216705322266,8.793216705322266,0,0.0,0.0
1994-06-22 00:00:00-04:00,8.260292053222656,8.260292053222656,8.260292053222656,8.260292053222656,1000,0.0,0.0
1994-06-23 00:00:00-04:00,8.260295699331012,8.52675724029541,8.260295699331012,8.52675724029541,11000,0.0,0.0
1994-06-24 00:00:00-04:00,8.52675724029541,8.52675724029541,8.52675724029541,8.52675724029541,14000,0.0,0.0
1994-06-27 00:00:00-04:00,8.485119318789552,8.5017728805542,8.485119318789552,8.5017728805542,156000,0.0,0.0
1994-06-28 00:00:00-04:00,8.493451118469238,8.493451118469238,8.493451118469238,8.493451118469238,1000,0.0,0.0
1994-06-29 00:00:00-04:00,8.493451118469238,8.493451118469238,8.493451118469238,8.493451118469238,1000,0.0,0.0
1994-06-30 00:00:00-04:00,8.193675994873047,8.193675994873047,8.193675994873047,8.193675994873047,1000,0.0,0.0
1994-07-01 00:00:00-04:00,8.526755843306635,8.793216705322266,8.526755843306635,8.793216705322266,12000,0.0,0.0
1994-07-05 00:00:00-04:00,8.326911926269531,8.326911926269531,8.326911926269531,8.326911926269531,1000,0.0,0.0
1994-07-06 00:00:00-04:00,8.326911926269531,8.326911926269531,8.326911926269531,8.326911926269531,0,0.0,0.0
1994-07-07 00:00:00-04:00,8.326911926269531,8.326911926269531,8.326911926269531,8.326911926269531,1000,0.0,0.0
1994-07-08 00:00:00-04:00,8.393527475796873,8.393527475796873,8.326911926269531,8.326911926269531,3000,0.0,0.0
1994-07-11 00:00:00-04:00,8.761648178100586,8.761648178100586,8.761648178100586,8.761648178100586,2000,0.05,0.0
1994-07-12 00:00:00-04:00,8.761648178100586,8.761648178100586,8.761648178100586,8.761648178100586,3000,0.0,0.0
1994-07-13 00:00:00-04:00,8.761648178100586,8.761648178100586,8.761648178100586,8.761648178100586,0,0.0,0.0
1994-07-14 00:00:00-04:00,8.694766998291016,8.694766998291016,8.694766998291016,8.694766998291016,1000,0.0,0.0
1994-07-15 00:00:00-04:00,8.694766998291016,8.694766998291016,8.694766998291016,8.694766998291016,0,0.0,0.0
1994-07-18 00:00:00-04:00,8.494115829467773,8.494115829467773,8.494115829467773,8.494115829467773,3000,0.0,0.0
1994-07-19 00:00:00-04:00,8.494115829467773,8.494115829467773,8.494115829467773,8.494115829467773,0,0.0,0.0
1994-07-20 00:00:00-04:00,8.494115829467773,8.494115829467773,8.494115829467773,8.494115829467773,0,0.0,0.0
1994-07-21 00:00:00-04:00,8.494115829467773,8.494115829467773,8.494115829467773,8.494115829467773,0,0.0,0.0
1994-07-22 00:00:00-04:00,8.494115829467773,8.494115829467773,8.494115829467773,8.494115829467773,0,0.0,0.0
1994-07-25 00:00:00-04:00,8.494115829467773,8.494115829467773,8.494115829467773,8.494115829467773,0,0.0,0.0
1994-07-26 00:00:00-04:00,8.226584153738866,8.293466567993164,8.226584153738866,8.293466567993164,8000,0.0,0.0
1994-07-27 00:00:00-04:00,8.293466567993164,8.293466567993164,8.293466567993164,8.293466567993164,0,0.0,0.0
1994-07-28 00:00:00-04:00,8.828529843524333,8.828529843524333,8.427233409362929,8.494115829467773,27000,0.0,0.0
1994-07-29 00:00:00-04:00,8.494115829467773,8.494115829467773,8.494115829467773,8.494115829467773,0,0.0,0.0
1994-08-01 00:00:00-04:00,8.494115829467773,8.494115829467773,8.494115829467773,8.494115829467773,0,0.0,0.0
1994-08-02 00:00:00-04:00,8.293466567993164,8.293466567993164,8.293466567993164,8.293466567993164,1000,0.0,0.0
1994-08-03 00:00:00-04:00,8.293467488393413,8.962295532226562,8.293467488393413,8.962295532226562,3000,0.0,0.0
1994-08-04 00:00:00-04:00,8.962295532226562,8.962295532226562,8.962295532226562,8.962295532226562,0,0.0,0.0
1994-08-05 00:00:00-04:00,8.494115829467773,8.494115829467773,8.494115829467773,8.494115829467773,3000,0.0,0.0
1994-08-08 00:00:00-04:00,8.494115829467773,8.494115829467773,8.494115829467773,8.494115829467773,0,0.0,0.0
1994-08-09 00:00:00-04:00,8.494115829467773,8.494115829467773,8.494115829467773,8.494115829467773,0,0.0,0.0
1994-08-10 00:00:00-04:00,8.494115829467773,8.494115829467773,8.494115829467773,8.494115829467773,0,0.0,0.0
1994-08-11 00:00:00-04:00,8.494115829467773,8.494115829467773,8.494115829467773,8.494115829467773,0,0.0,0.0
1994-08-12 00:00:00-04:00,8.494115829467773,8.494115829467773,8.494115829467773,8.494115829467773,0,0.0,0.0
1994-08-15 00:00:00-04:00,8.494115829467773,8.494115829467773,8.494115829467773,8.494115829467773,0,0.0,0.0
1994-08-16 00:00:00-04:00,8.360351071529502,8.761648178100586,8.360351071529502,8.761648178100586,5000,0.0,0.0
1994-08-17 00:00:00-04:00,8.761648178100586,8.761648178100586,8.761648178100586,8.761648178100586,0,0.0,0.0
1994-08-18 00:00:00-04:00,8.761648178100586,8.761648178100586,8.761648178100586,8.761648178100586,0,0.0,0.0
1994-08-19 00:00:00-04:00,8.761648178100586,8.761648178100586,8.761648178100586,8.761648178100586,0,0.0,0.0
1994-08-22 00:00:00-04:00,8.761648178100586,8.761648178100586,8.761648178100586,8.761648178100586,0,0.0,0.0
1994-08-23 00:00:00-04:00,8.761648178100586,8.761648178100586,8.761648178100586,8.761648178100586,0,0.0,0.0
1994-08-24 00:00:00-04:00,8.761648178100586,8.761648178100586,8.761648178100586,8.761648178100586,0,0.0,0.0
1994-08-25 00:00:00-04:00,8.761648178100586,8.761648178100586,8.761648178100586,8.761648178100586,0,0.0,0.0
1994-08-26 00:00:00-04:00,8.761648178100586,8.761648178100586,8.761648178100586,8.761648178100586,0,0.0,0.0
1994-08-29 00:00:00-04:00,8.293466567993164,8.293466567993164,8.293466567993164,8.293466567993164,3000,0.0,0.0
1994-08-30 00:00:00-04:00,8.293466567993164,8.293466567993164,8.293466567993164,8.293466567993164,0,0.0,0.0
1994-08-31 00:00:00-04:00,8.293466567993164,8.293466567993164,8.293466567993164,8.293466567993164,0,0.0,0.0
1994-09-01 00:00:00-04:00,8.293466567993164,8.293466567993164,8.293466567993164,8.293466567993164,0,0.0,0.0
1994-09-02 00:00:00-04:00,8.293466567993164,8.293466567993164,8.293466567993164,8.293466567993164,0,0.0,0.0
1994-09-06 00:00:00-04:00,8.293466567993164,8.293466567993164,8.293466567993164,8.293466567993164,0,0.0,0.0
1994-09-07 00:00:00-04:00,8.293466567993164,8.293466567993164,8.293466567993164,8.293466567993164,0,0.0,0.0
1994-09-08 00:00:00-04:00,8.293466567993164,8.293466567993164,8.293466567993164,8.293466567993164,0,0.0,0.0
1994-09-09 00:00:00-04:00,8.293466567993164,8.293466567993164,8.293466567993164,8.293466567993164,0,0.0,0.0
1994-09-12 00:00:00-04:00,8.293466567993164,8.293466567993164,8.293466567993164,8.293466567993164,0,0.0,0.0
1994-09-13 00:00:00-04:00,8.293466567993164,8.293466567993164,8.293466567993164,8.293466567993164,0,0.0,0.0
1994-09-14 00:00:00-04:00,8.293466567993164,8.293466567993164,8.293466567993164,8.293466567993164,0,0.0,0.0
1994-09-15 00:00:00-04:00,8.293466567993164,8.293466567993164,8.293466567993164,8.293466567993164,0,0.0,0.0
1994-09-16 00:00:00-04:00,8.828529357910156,8.828529357910156,8.828529357910156,8.828529357910156,1000,0.0,0.0
1994-09-19 00:00:00-04:00,8.828529357910156,8.828529357910156,8.828529357910156,8.828529357910156,2000,0.0,0.0
1994-09-20 00:00:00-04:00,8.828529357910156,8.828529357910156,8.828529357910156,8.828529357910156,0,0.0,0.0
1994-09-21 00:00:00-04:00,8.828529357910156,8.828529357910156,8.828529357910156,8.828529357910156,0,0.0,0.0
1994-09-22 00:00:00-04:00,8.828529357910156,8.828529357910156,8.828529357910156,8.828529357910156,0,0.0,0.0
1994-09-23 00:00:00-04:00,8.828529357910156,8.828529357910156,8.828529357910156,8.828529357910156,0,0.0,0.0
1994-09-26 00:00:00-04:00,8.828529357910156,8.828529357910156,8.828529357910156,8.828529357910156,0,0.0,0.0
1994-09-27 00:00:00-04:00,8.828529357910156,8.828529357910156,8.828529357910156,8.828529357910156,0,0.0,0.0
1994-09-28 00:00:00-04:00,8.293467225066067,8.343629837036133,8.293467225066067,8.343629837036133,35000,0.0,0.0
1994-09-29 00:00:00-04:00,8.828528890169757,8.828528890169757,8.56099796295166,8.56099796295166,6000,0.0,0.0
1994-09-30 00:00:00-04:00,8.56099796295166,8.56099796295166,8.56099796295166,8.56099796295166,0,0.0,0.0
1994-10-03 00:00:00-04:00,8.56099796295166,8.56099796295166,8.56099796295166,8.56099796295166,0,0.0,0.0
1994-10-04 00:00:00-04:00,8.56099796295166,8.56099796295166,8.56099796295166,8.56099796295166,0,0.0,0.0
1994-10-05 00:00:00-04:00,8.828531833311203,8.828531833311203,8.527559280395508,8.527559280395508,10000,0.0,0.0
1994-10-06 00:00:00-04:00,8.527559280395508,8.527559280395508,8.527559280395508,8.527559280395508,0,0.0,0.0
1994-10-07 00:00:00-04:00,8.527559280395508,8.527559280395508,8.527559280395508,8.527559280395508,0,0.0,0.0
1994-10-10 00:00:00-04:00,8.527559280395508,8.527559280395508,8.527559280395508,8.527559280395508,0,0.0,0.0
1994-10-11 00:00:00-04:00,8.527559280395508,8.527559280395508,8.527559280395508,8.527559280395508,0,0.0,0.0
1994-10-12 00:00:00-04:00,8.527559280395508,8.527559280395508,8.527559280395508,8.527559280395508,0,0.0,0.0
1994-10-13 00:00:00-04:00,8.527559280395508,8.527559280395508,8.527559280395508,8.527559280395508,0,0.0,0.0
1994-10-14 00:00:00-04:00,8.22658634185791,8.22658634185791,8.22658634185791,8.22658634185791,6000,0.0,0.0
1994-10-17 00:00:00-04:00,8.562366485595703,8.562366485595703,8.562366485595703,8.562366485595703,3000,0.05,0.0
1994-10-18 00:00:00-04:00,8.562366485595703,8.562366485595703,8.562366485595703,8.562366485595703,0,0.0,0.0
1994-10-19 00:00:00-04:00,8.822592735290527,8.822592735290527,8.822592735290527,8.822592735290527,20000,0.0,0.0
1994-10-20 00:00:00-04:00,8.822592735290527,8.822592735290527,8.822592735290527,8.822592735290527,0,0.0,0.0
1994-10-21 00:00:00-04:00,8.822592735290527,8.822592735290527,8.822592735290527,8.822592735290527,0,0.0,0.0
1994-10-24 00:00:00-04:00,8.822592735290527,8.822592735290527,8.822592735290527,8.822592735290527,0,0.0,0.0
1994-10-25 00:00:00-04:00,8.730256080627441,8.730256080627441,8.730256080627441,8.730256080627441,17000,0.0,0.0
1994-10-26 00:00:00-04:00,8.461630821228027,8.461630821228027,8.461630821228027,8.461630821228027,1000,0.0,0.0
1994-10-27 00:00:00-04:00,8.797412152811376,8.797412152811376,8.730256080627441,8.730256080627441,2000,0.0,0.0
1994-10-28 00:00:00-04:00,8.797412152811376,8.797412152811376,8.730256080627441,8.730256080627441,10000,0.0,0.0
1994-10-31 00:00:00-05:00,8.730256080627441,8.730256080627441,8.730256080627441,8.730256080627441,0,0.0,0.0
1994-11-01 00:00:00-05:00,8.528783798217773,8.528783798217773,8.528783798217773,8.528783798217773,6000,0.0,0.0
1994-11-02 00:00:00-05:00,8.528783798217773,8.528783798217773,8.528783798217773,8.528783798217773,0,0.0,0.0
1994-11-03 00:00:00-05:00,8.528783798217773,8.528783798217773,8.528783798217773,8.528783798217773,0,0.0,0.0
1994-11-04 00:00:00-05:00,8.528783798217773,8.528783798217773,8.528783798217773,8.528783798217773,0,0.0,0.0
1994-11-07 00:00:00-05:00,8.528783798217773,8.528783798217773,8.528783798217773,8.528783798217773,0,0.0,0.0
1994-11-08 00:00:00-05:00,8.528783798217773,8.528783798217773,8.528783798217773,8.528783798217773,0,0.0,0.0
1994-11-09 00:00:00-05:00,8.528783798217773,8.528783798217773,8.528783798217773,8.528783798217773,0,0.0,0.0
1994-11-10 00:00:00-05:00,8.528783798217773,8.528783798217773,8.528783798217773,8.528783798217773,0,0.0,0.0
1994-11-11 00:00:00-05:00,8.528783798217773,8.528783798217773,8.528783798217773,8.528783798217773,0,0.0,0.0
1994-11-14 00:00:00-05:00,8.528783798217773,8.528783798217773,8.528783798217773,8.528783798217773,0,0.0,0.0
1994-11-15 00:00:00-05:00,8.528783798217773,8.528783798217773,8.528783798217773,8.528783798217773,0,0.0,0.0
1994-11-16 00:00:00-05:00,8.394474983215332,8.4616310392601,8.394474983215332,8.394474983215332,17000,0.0,0.0
1994-11-17 00:00:00-05:00,8.394474983215332,8.394474983215332,8.394474983215332,8.394474983215332,0,0.0,0.0
1994-11-18 00:00:00-05:00,8.461630821228027,8.461630821228027,8.461630821228027,8.461630821228027,122000,0.0,0.0
1994-11-21 00:00:00-05:00,8.461630821228027,8.461630821228027,8.461630821228027,8.461630821228027,0,0.0,0.0
1994-11-22 00:00:00-05:00,8.461630821228027,8.461630821228027,8.461630821228027,8.461630821228027,0,0.0,0.0
1994-11-23 00:00:00-05:00,8.461630821228027,8.461630821228027,8.461630821228027,8.461630821228027,0,0.0,0.0
1994-11-25 00:00:00-05:00,8.461630821228027,8.461630821228027,8.461630821228027,8.461630821228027,0,0.0,0.0
1994-11-28 00:00:00-05:00,8.461630821228027,8.461630821228027,8.461630821228027,8.461630821228027,0,0.0,0.0
1994-11-29 00:00:00-05:00,8.461630821228027,8.461630821228027,8.461630821228027,8.461630821228027,0,0.0,0.0
1994-11-30 00:00:00-05:00,8.327317237854004,8.327317237854004,8.327317237854004,8.327317237854004,1000,0.0,0.0
1994-12-01 00:00:00-05:00,8.327317237854004,8.327317237854004,8.327317237854004,8.327317237854004,0,0.0,0.0
1994-12-02 00:00:00-05:00,8.193007469177246,8.193007469177246,8.193007469177246,8.193007469177246,2000,0.0,0.0
1994-12-05 00:00:00-05:00,8.495206558646437,8.797408103942871,8.495206558646437,8.797408103942871,3000,0.0,0.0
1994-12-06 00:00:00-05:00,8.310528547472448,8.327317237854004,8.310528547472448,8.327317237854004,69000,0.0,0.0
1994-12-07 00:00:00-05:00,8.327317237854004,8.327317237854004,8.327317237854004,8.327317237854004,0,0.0,0.0
1994-12-08 00:00:00-05:00,8.193007469177246,8.193007469177246,8.193007469177246,8.193007469177246,10000,0.0,0.0
1994-12-09 00:00:00-05:00,8.193007469177246,8.193007469177246,8.193007469177246,8.193007469177246,0,0.0,0.0
1994-12-12 00:00:00-05:00,8.595941543579102,8.595941543579102,8.595941543579102,8.595941543579102,1000,0.0,0.0
1994-12-13 00:00:00-05:00,8.058693885803223,8.260161361037792,8.058693885803223,8.058693885803223,4000,0.0,0.0
1994-12-14 00:00:00-05:00,8.058694349064192,8.595940767091301,8.058694349064192,8.327317237854004,6000,0.0,0.0
1994-12-15 00:00:00-05:00,8.058700341324212,8.595947158835418,8.058700341324212,8.075489044189453,5000,0.0,0.0
1994-12-16 00:00:00-05:00,8.595942525221872,8.595942525221872,8.12585205346822,8.193007469177246,5000,0.0,0.0
1994-12-19 00:00:00-05:00,8.193007469177246,8.193007469177246,8.193007469177246,8.193007469177246,0,0.0,0.0
1994-12-20 00:00:00-05:00,8.595941543579102,8.595941543579102,8.595941543579102,8.595941543579102,2000,0.0,0.0
1994-12-21 00:00:00-05:00,8.327317237854004,8.327317237854004,8.327317237854004,8.327317237854004,2000,0.0,0.0
1994-12-22 00:00:00-05:00,8.327317237854004,8.327317237854004,8.327317237854004,8.327317237854004,0,0.0,0.0
1994-12-23 00:00:00-05:00,8.327317237854004,8.327317237854004,8.327317237854004,8.327317237854004,0,0.0,0.0
1994-12-27 00:00:00-05:00,8.327317237854004,8.327317237854004,8.327317237854004,8.327317237854004,0,0.0,0.0
1994-12-28 00:00:00-05:00,8.058693785945309,8.09227180480957,8.058693785945309,8.09227180480957,2000,0.0,0.0
1994-12-29 00:00:00-05:00,8.058693885803223,8.058693885803223,8.058693885803223,8.058693885803223,1000,0.0,0.0
1994-12-30 00:00:00-05:00,8.058694349064192,8.528784724670105,8.058694349064192,8.327317237854004,3000,0.0,0.0
1995-01-03 00:00:00-05:00,8.058693885803223,8.058693885803223,8.058693885803223,8.058693885803223,1000,0.0,0.0
1995-01-04 00:00:00-05:00,8.058693885803223,8.058693885803223,8.058693885803223,8.058693885803223,0,0.0,0.0
1995-01-05 00:00:00-05:00,8.058693885803223,8.058693885803223,8.058693885803223,8.058693885803223,0,0.0,0.0
1995-01-06 00:00:00-05:00,8.058693885803223,8.058693885803223,8.058693885803223,8.058693885803223,0,0.0,0.0
1995-01-09 00:00:00-05:00,8.058693885803223,8.058693885803223,8.058693885803223,8.058693885803223,0,0.0,0.0
1995-01-10 00:00:00-05:00,8.058693885803223,8.058693885803223,8.058693885803223,8.058693885803223,0,0.0,0.0
1995-01-11 00:00:00-05:00,8.058693885803223,8.058693885803223,8.058693885803223,8.058693885803223,0,0.0,0.0
1995-01-12 00:00:00-05:00,8.058693885803223,8.058693885803223,8.058693885803223,8.058693885803223,0,0.0,0.0
1995-01-13 00:00:00-05:00,8.560258865356445,8.560258865356445,8.560258865356445,8.560258865356445,1000,0.05,0.0
1995-01-16 00:00:00-05:00,8.634843826293945,8.634843826293945,8.634843826293945,8.634843826293945,6000,0.5,0.0
1995-01-17 00:00:00-05:00,8.634843826293945,8.634843826293945,8.634843826293945,8.634843826293945,0,0.0,0.0
1995-01-18 00:00:00-05:00,8.634843826293945,8.634843826293945,8.634843826293945,8.634843826293945,0,0.0,0.0
1995-01-19 00:00:00-05:00,8.634843826293945,8.634843826293945,8.634843826293945,8.634843826293945,0,0.0,0.0
1995-01-20 00:00:00-05:00,8.354040145874023,8.354040145874023,8.354040145874023,8.354040145874023,9000,0.0,0.0
1995-01-23 00:00:00-05:00,8.213637877359584,8.28384017944336,8.213637877359584,8.28384017944336,4000,0.0,0.0
1995-01-24 00:00:00-05:00,8.28384017944336,8.28384017944336,8.28384017944336,8.28384017944336,0,0.0,0.0
1995-01-25 00:00:00-05:00,8.28384017944336,8.28384017944336,8.28384017944336,8.28384017944336,0,0.0,0.0
1995-01-26 00:00:00-05:00,8.28384017944336,8.28384017944336,8.28384017944336,8.28384017944336,0,0.0,0.0
1995-01-27 00:00:00-05:00,8.21363639831543,8.21363639831543,8.21363639831543,8.21363639831543,1000,0.0,0.0
1995-01-30 00:00:00-05:00,8.28384017944336,8.28384017944336,8.28384017944336,8.28384017944336,3000,0.0,0.0
1995-01-31 00:00:00-05:00,8.28384017944336,8.28384017944336,8.28384017944336,8.28384017944336,0,0.0,0.0
1995-02-01 00:00:00-05:00,8.28384017944336,8.28384017944336,8.28384017944336,8.28384017944336,0,0.0,0.0
1995-02-02 00:00:00-05:00,8.28384017944336,8.28384017944336,8.28384017944336,8.28384017944336,0,0.0,0.0
1995-02-03 00:00:00-05:00,8.28384017944336,8.28384017944336,8.28384017944336,8.28384017944336,0,0.0,0.0
1995-02-06 00:00:00-05:00,8.28384017944336,8.28384017944336,8.28384017944336,8.28384017944336,0,0.0,0.0
1995-02-07 00:00:00-05:00,8.28384017944336,8.28384017944336,8.28384017944336,8.28384017944336,1000,0.0,0.0
1995-02-08 00:00:00-05:00,8.424240112304688,8.424240112304688,8.424240112304688,8.424240112304688,3000,0.0,0.0
1995-02-09 00:00:00-05:00,8.424240112304688,8.424240112304688,8.424240112304688,8.424240112304688,0,0.0,0.0
1995-02-10 00:00:00-05:00,8.424240112304688,8.424240112304688,8.424240112304688,8.424240112304688,0,0.0,0.0
1995-02-13 00:00:00-05:00,8.424240112304688,8.424240112304688,8.424240112304688,8.424240112304688,0,0.0,0.0
1995-02-14 00:00:00-05:00,8.424240112304688,8.424240112304688,8.424240112304688,8.424240112304688,0,0.0,0.0
1995-02-15 00:00:00-05:00,8.424240112304688,8.424240112304688,8.424240112304688,8.424240112304688,0,0.0,0.0
1995-02-16 00:00:00-05:00,8.4944429397583,8.4944429397583,8.4944429397583,8.4944429397583,3000,0.0,0.0
1995-02-17 00:00:00-05:00,8.4944429397583,8.4944429397583,8.4944429397583,8.4944429397583,2000,0.0,0.0
1995-02-21 00:00:00-05:00,8.564644813537598,8.564644813537598,8.564644813537598,8.564644813537598,9000,0.0,0.0
1995-02-22 00:00:00-05:00,8.4944429397583,8.4944429397583,8.4944429397583,8.4944429397583,4000,0.0,0.0
1995-02-23 00:00:00-05:00,8.4944429397583,8.4944429397583,8.4944429397583,8.4944429397583,0,0.0,0.0
1995-02-24 00:00:00-05:00,8.4944429397583,8.4944429397583,8.4944429397583,8.4944429397583,0,0.0,0.0
1995-02-27 00:00:00-05:00,8.4944429397583,8.4944429397583,8.4944429397583,8.4944429397583,0,0.0,0.0
1995-02-28 00:00:00-05:00,9.126263618469238,9.126263618469238,9.126263618469238,9.126263618469238,2000,0.0,0.0
1995-03-01 00:00:00-05:00,9.126263618469238,9.126263618469238,9.126263618469238,9.126263618469238,0,0.0,0.0
1995-03-02 00:00:00-05:00,9.126263618469238,9.126263618469238,9.126263618469238,9.126263618469238,0,0.0,0.0
1995-03-03 00:00:00-05:00,9.126263618469238,9.126263618469238,9.126263618469238,9.126263618469238,0,0.0,0.0
1995-03-06 00:00:00-05:00,8.494443207470828,8.564644813537598,8.424240931905542,8.564644813537598,9000,0.0,0.0
1995-03-07 00:00:00-05:00,8.494443207470828,8.564644813537598,8.494443207470828,8.564644813537598,12000,0.0,0.0
1995-03-08 00:00:00-05:00,8.564646558211583,8.705050468444824,8.494444937844289,8.705050468444824,11000,0.0,0.0
1995-03-09 00:00:00-05:00,8.564647234403886,8.582198143005371,8.424243313085535,8.582198143005371,36000,0.0,0.0
1995-03-10 00:00:00-05:00,8.424240666405522,8.4944429397583,8.424240666405522,8.4944429397583,25000,0.0,0.0
1995-03-13 00:00:00-05:00,8.424240666405522,8.4944429397583,8.424240666405522,8.4944429397583,6000,0.0,0.0
1995-03-14 00:00:00-05:00,9.126263618469238,9.126263618469238,9.126263618469238,9.126263618469238,1000,0.0,0.0
1995-03-15 00:00:00-05:00,9.126263618469238,9.126263618469238,9.126263618469238,9.126263618469238,0,0.0,0.0
1995-03-16 00:00:00-05:00,9.126263618469238,9.126263618469238,9.126263618469238,9.126263618469238,0,0.0,0.0
1995-03-17 00:00:00-05:00,8.424239501953124,9.12625946044922,8.424239501953124,8.775249481201172,76000,0.0,0.0
1995-03-20 00:00:00-05:00,8.424240112304688,8.424240112304688,8.424240112304688,8.424240112304688,1000,0.0,0.0
1995-03-21 00:00:00-05:00,8.424240112304688,8.424240112304688,8.424240112304688,8.424240112304688,0,0.0,0.0
1995-03-22 00:00:00-05:00,8.424240112304688,8.424240112304688,8.424240112304688,8.424240112304688,0,0.0,0.0
1995-03-23 00:00:00-05:00,8.424240112304688,8.424240112304688,8.424240112304688,8.424240112304688,0,0.0,0.0
1995-03-24 00:00:00-05:00,8.81035327911377,8.81035327911377,8.81035327911377,8.81035327911377,2000,0.0,0.0
1995-03-27 00:00:00-05:00,8.81035327911377,8.81035327911377,8.81035327911377,8.81035327911377,0,0.0,0.0
1995-03-28 00:00:00-05:00,8.81035327911377,8.81035327911377,8.81035327911377,8.81035327911377,0,0.0,0.0
1995-03-29 00:00:00-05:00,8.81035327911377,8.81035327911377,8.81035327911377,8.81035327911377,0,0.0,0.0
1995-03-30 00:00:00-05:00,8.81035327911377,8.81035327911377,8.81035327911377,8.81035327911377,0,0.0,0.0
1995-03-31 00:00:00-05:00,8.81035327911377,8.81035327911377,8.81035327911377,8.81035327911377,0,0.0,0.0
1995-04-03 00:00:00-04:00,8.564644813537598,8.564644813537598,8.564644813537598,8.564644813537598,2000,0.0,0.0
1995-04-04 00:00:00-04:00,8.494444758774918,8.792802810668945,8.494444758774918,8.792802810668945,14000,0.0,0.0
1995-04-05 00:00:00-04:00,8.792802810668945,8.792802810668945,8.792802810668945,8.792802810668945,0,0.0,0.0
1995-04-06 00:00:00-04:00,8.792802810668945,8.792802810668945,8.792802810668945,8.792802810668945,0,0.0,0.0
1995-04-07 00:00:00-04:00,8.828044891357422,8.828044891357422,8.828044891357422,8.828044891357422,0,0.05,0.0
1995-04-10 00:00:00-04:00,8.883103370666504,8.883103370666504,8.883103370666504,8.883103370666504,1000,0.5,0.0
1995-04-11 00:00:00-04:00,8.956515312194824,8.956515312194824,8.956515312194824,8.956515312194824,1000,0.0,0.0
1995-04-12 00:00:00-04:00,8.883103370666504,8.883103370666504,8.883103370666504,8.883103370666504,1000,0.0,0.0
1995-04-13 00:00:00-04:00,8.883103370666504,8.883103370666504,8.883103370666504,8.883103370666504,0,0.0,0.0
1995-04-17 00:00:00-04:00,8.883103370666504,8.883103370666504,8.883103370666504,8.883103370666504,0,0.0,0.0
1995-04-18 00:00:00-04:00,8.883103370666504,8.883103370666504,8.883103370666504,8.883103370666504,0,0.0,0.0
1995-04-19 00:00:00-04:00,8.883103370666504,8.883103370666504,8.883103370666504,8.883103370666504,0,0.0,0.0
1995-04-20 00:00:00-04:00,8.883103370666504,8.883103370666504,8.883103370666504,8.883103370666504,0,0.0,0.0
1995-04-21 00:00:00-04:00,8.883103370666504,8.883103370666504,8.883103370666504,8.883103370666504,2000,0.0,0.0
1995-04-24 00:00:00-04:00,8.883103370666504,8.883103370666504,8.883103370666504,8.883103370666504,0,0.0,0.0
1995-04-25 00:00:00-04:00,8.883103312067279,8.993224143981934,8.883103312067279,8.993224143981934,10000,0.0,0.0
1995-04-26 00:00:00-04:00,8.883103370666504,8.883103370666504,8.883103370666504,8.883103370666504,2000,0.0,0.0
1995-04-27 00:00:00-04:00,8.883101671189673,8.956515312194824,8.883101671189673,8.956515312194824,9000,0.0,0.0
1995-04-28 00:00:00-04:00,8.883103370666504,8.883103370666504,8.883103370666504,8.883103370666504,1000,0.0,0.0
1995-05-01 00:00:00-04:00,8.883103370666504,8.883103370666504,8.883103370666504,8.883103370666504,0,0.0,0.0
1995-05-02 00:00:00-04:00,8.883103370666504,8.883103370666504,8.883103370666504,8.883103370666504,0,0.0,0.0
1995-05-03 00:00:00-04:00,8.883103370666504,8.883103370666504,8.883103370666504,8.883103370666504,0,0.0,0.0
1995-05-04 00:00:00-04:00,8.956515312194824,8.956515312194824,8.956515312194824,8.956515312194824,1000,0.0,0.0
1995-05-05 00:00:00-04:00,8.956515312194824,8.956515312194824,8.956515312194824,8.956515312194824,0,0.0,0.0
1995-05-08 00:00:00-04:00,8.956515312194824,8.956515312194824,8.956515312194824,8.956515312194824,0,0.0,0.0
1995-05-09 00:00:00-04:00,9.195111048072576,9.286878626197577,9.1767578125,9.1767578125,66000,0.0,0.0
1995-05-10 00:00:00-04:00,9.1767578125,9.1767578125,9.1767578125,9.1767578125,0,0.0,0.0
1995-05-11 00:00:00-04:00,9.1767578125,9.1767578125,9.1767578125,9.1767578125,0,0.0,0.0
1995-05-12 00:00:00-04:00,9.1767578125,9.1767578125,9.1767578125,9.1767578125,0,0.0,0.0
1995-05-15 00:00:00-04:00,8.883101671189673,8.956515312194824,8.883101671189673,8.956515312194824,2000,0.0,0.0
1995-05-16 00:00:00-04:00,8.956515312194824,8.956515312194824,8.956515312194824,8.956515312194824,0,0.0,0.0
1995-05-17 00:00:00-04:00,8.956515312194824,8.956515312194824,8.956515312194824,8.956515312194824,0,0.0,0.0
1995-05-18 00:00:00-04:00,9.094168241992678,9.250173568725586,9.094168241992678,9.250173568725586,2000,0.0,0.0
1995-05-19 00:00:00-04:00,8.883101671189673,8.956515312194824,8.883101671189673,8.956515312194824,2000,0.0,0.0
1995-05-22 00:00:00-04:00,8.956515312194824,8.956515312194824,8.956515312194824,8.956515312194824,0,0.0,0.0
1995-05-23 00:00:00-04:00,8.956515312194824,8.956515312194824,8.956515312194824,8.956515312194824,0,0.0,0.0
1995-05-24 00:00:00-04:00,8.956515312194824,8.956515312194824,8.956515312194824,8.956515312194824,0,0.0,0.0
1995-05-25 00:00:00-04:00,8.956515312194824,8.956515312194824,8.956515312194824,8.956515312194824,0,0.0,0.0
1995-05-26 00:00:00-04:00,8.956515312194824,8.956515312194824,8.956515312194824,8.956515312194824,0,0.0,0.0
1995-05-30 00:00:00-04:00,8.956515312194824,8.956515312194824,8.956515312194824,8.956515312194824,0,0.0,0.0
1995-05-31 00:00:00-04:00,8.956515312194824,8.956515312194824,8.956515312194824,8.956515312194824,0,0.0,0.0
1995-06-01 00:00:00-04:00,8.956515312194824,8.956515312194824,8.956515312194824,8.956515312194824,0,0.0,0.0
1995-06-02 00:00:00-04:00,8.956515312194824,8.956515312194824,8.956515312194824,8.956515312194824,0,0.0,0.0
1995-06-05 00:00:00-04:00,8.956515312194824,8.956515312194824,8.956515312194824,8.956515312194824,2000,0.0,0.0
1995-06-06 00:00:00-04:00,8.956515312194824,8.956515312194824,8.956515312194824,8.956515312194824,0,0.0,0.0
1995-06-07 00:00:00-04:00,8.956515312194824,8.956515312194824,8.956515312194824,8.956515312194824,0,0.0,0.0
1995-06-08 00:00:00-04:00,8.956515312194824,8.956515312194824,8.956515312194824,8.956515312194824,0,0.0,0.0
1995-06-09 00:00:00-04:00,8.956515312194824,8.956515312194824,8.956515312194824,8.956515312194824,1000,0.0,0.0
1995-06-12 00:00:00-04:00,8.956515312194824,8.956515312194824,8.956515312194824,8.956515312194824,0,0.0,0.0
1995-06-13 00:00:00-04:00,9.690657615661621,9.690657615661621,9.690657615661621,9.690657615661621,10000,0.0,0.0
1995-06-14 00:00:00-04:00,8.956515312194824,8.956515312194824,8.956515312194824,8.956515312194824,10000,0.0,0.0
1995-06-15 00:00:00-04:00,8.956515312194824,8.956515312194824,8.956515312194824,8.956515312194824,0,0.0,0.0
1995-06-16 00:00:00-04:00,8.956515312194824,8.956515312194824,8.956515312194824,8.956515312194824,0,0.0,0.0
1995-06-19 00:00:00-04:00,8.956516966633323,8.993224143981934,8.956516966633323,8.993224143981934,26000,0.0,0.0
1995-06-20 00:00:00-04:00,8.993224143981934,8.993224143981934,8.993224143981934,8.993224143981934,0,0.0,0.0
1995-06-21 00:00:00-04:00,8.993224143981934,8.993224143981934,8.993224143981934,8.993224143981934,0,0.0,0.0
1995-06-22 00:00:00-04:00,8.965694427490234,8.965694427490234,8.965694427490234,8.965694427490234,10000,0.0,0.0
1995-06-23 00:00:00-04:00,8.965694427490234,8.965694427490234,8.965694427490234,8.965694427490234,0,0.0,0.0
1995-06-26 00:00:00-04:00,9.1767578125,9.1767578125,9.1767578125,9.1767578125,10000,0.0,0.0
1995-06-27 00:00:00-04:00,9.1767578125,9.1767578125,9.1767578125,9.1767578125,0,0.0,0.0
1995-06-28 00:00:00-04:00,9.1767578125,9.1767578125,9.1767578125,9.1767578125,0,0.0,0.0
1995-06-29 00:00:00-04:00,9.1767578125,9.1767578125,9.1767578125,9.1767578125,0,0.0,0.0
1995-06-30 00:00:00-04:00,9.323587339857076,9.323587339857076,8.956516966633323,8.993224143981934,10000,0.0,0.0
1995-07-03 00:00:00-04:00,8.993224143981934,8.993224143981934,8.993224143981934,8.993224143981934,0,0.0,0.0
1995-07-05 00:00:00-04:00,8.956513878016866,9.029928207397461,8.956513878016866,9.029928207397461,3000,0.0,0.0
1995-07-06 00:00:00-04:00,8.956515312194824,8.956515312194824,8.956515312194824,8.956515312194824,1000,0.0,0.0
1995-07-07 00:00:00-04:00,8.956515312194824,8.956515312194824,8.956515312194824,8.956515312194824,1000,0.0,0.0
1995-07-10 00:00:00-04:00,8.956515312194824,8.956515312194824,8.956515312194824,8.956515312194824,0,0.0,0.0
1995-07-11 00:00:00-04:00,8.956515312194824,8.956515312194824,8.956515312194824,8.956515312194824,2000,0.0,0.0
1995-07-12 00:00:00-04:00,8.956515312194824,8.956515312194824,8.956515312194824,8.956515312194824,0,0.0,0.0
1995-07-13 00:00:00-04:00,8.956515312194824,8.956515312194824,8.956515312194824,8.956515312194824,0,0.0,0.0
1995-07-14 00:00:00-04:00,8.956515312194824,8.956515312194824,8.956515312194824,8.956515312194824,0,0.0,0.0
1995-07-17 00:00:00-04:00,8.956515312194824,8.956515312194824,8.956515312194824,8.956515312194824,5000,0.0,0.0
1995-07-18 00:00:00-04:00,8.956515312194824,8.956515312194824,8.956515312194824,8.956515312194824,0,0.0,0.0
1995-07-19 00:00:00-04:00,8.993374824523926,8.993374824523926,8.993374824523926,8.993374824523926,2000,0.05,0.0
1995-07-20 00:00:00-04:00,8.993374824523926,8.993374824523926,8.993374824523926,8.993374824523926,1000,0.0,0.0
1995-07-21 00:00:00-04:00,8.993374824523926,9.030233059245766,8.993374824523926,8.993374824523926,121000,0.0,0.0
1995-07-24 00:00:00-04:00,8.993374824523926,8.993374824523926,8.993374824523926,8.993374824523926,0,0.0,0.0
1995-07-25 00:00:00-04:00,8.993374824523926,8.993374824523926,8.993374824523926,8.993374824523926,1000,0.0,0.0
1995-07-26 00:00:00-04:00,8.993374824523926,8.993374824523926,8.993374824523926,8.993374824523926,2000,0.0,0.0
1995-07-27 00:00:00-04:00,8.993374824523926,8.993374824523926,8.993374824523926,8.993374824523926,1000,0.0,0.0
1995-07-28 00:00:00-04:00,8.993374824523926,8.993374824523926,8.809084353927073,8.993374824523926,32000,0.0,0.0
1995-07-31 00:00:00-04:00,8.993374824523926,8.993374824523926,8.993374824523926,8.993374824523926,0,0.0,0.0
1995-08-01 00:00:00-04:00,8.993374824523926,8.993374824523926,8.993374824523926,8.993374824523926,0,0.0,0.0
1995-08-02 00:00:00-04:00,8.772231101989746,8.772231101989746,8.772231101989746,8.772231101989746,3000,0.0,0.0
1995-08-03 00:00:00-04:00,8.772231101989746,8.772231101989746,8.772231101989746,8.772231101989746,0,0.0,0.0
1995-08-04 00:00:00-04:00,8.551079872320315,8.993376670742919,8.551079872320315,8.84594440460205,101000,0.0,0.0
1995-08-07 00:00:00-04:00,8.845945063325548,8.938090324401855,8.845945063325548,8.938090324401855,19000,0.0,0.0
1995-08-08 00:00:00-04:00,9.214523315429688,9.214523315429688,9.214523315429688,9.214523315429688,2000,0.0,0.0
1995-08-09 00:00:00-04:00,9.214523315429688,9.214523315429688,9.214523315429688,9.214523315429688,0,0.0,0.0
1995-08-10 00:00:00-04:00,8.84594440460205,8.84594440460205,8.84594440460205,8.84594440460205,2000,0.0,0.0
1995-08-11 00:00:00-04:00,8.919664124621711,8.99337993292494,8.772231101989746,8.772231101989746,32000,0.0,0.0
1995-08-14 00:00:00-04:00,8.772231101989746,8.772231101989746,8.772231101989746,8.772231101989746,0,0.0,0.0
1995-08-15 00:00:00-04:00,9.067089080810547,9.067089080810547,9.067089080810547,9.067089080810547,10000,0.0,0.0
1995-08-16 00:00:00-04:00,9.067089080810547,9.067089080810547,9.067089080810547,9.067089080810547,0,0.0,0.0
1995-08-17 00:00:00-04:00,9.067089080810547,9.067089080810547,9.067089080810547,9.067089080810547,1000,0.0,0.0
1995-08-18 00:00:00-04:00,9.509389877319336,9.509389877319336,9.361957612363318,9.509389877319336,7000,0.0,0.0
1995-08-21 00:00:00-04:00,9.14080810546875,9.14080810546875,9.14080810546875,9.14080810546875,2000,0.0,0.0
1995-08-22 00:00:00-04:00,9.14080810546875,9.14080810546875,9.14080810546875,9.14080810546875,0,0.0,0.0
1995-08-23 00:00:00-04:00,9.14080810546875,9.14080810546875,9.14080810546875,9.14080810546875,0,0.0,0.0
1995-08-24 00:00:00-04:00,9.288239479064941,9.288239479064941,9.288239479064941,9.288239479064941,1000,0.0,0.0
1995-08-25 00:00:00-04:00,9.288239479064941,9.288239479064941,9.288239479064941,9.288239479064941,0,0.0,0.0
1995-08-28 00:00:00-04:00,9.288239479064941,9.288239479064941,9.288239479064941,9.288239479064941,0,0.0,0.0
1995-08-29 00:00:00-04:00,9.288239479064941,9.288239479064941,9.288239479064941,9.288239479064941,0,0.0,0.0
1995-08-30 00:00:00-04:00,9.214523315429688,9.214523315429688,9.214523315429688,9.214523315429688,3000,0.0,0.0
1995-08-31 00:00:00-04:00,9.214523315429688,9.214523315429688,9.214523315429688,9.214523315429688,0,0.0,0.0
1995-09-01 00:00:00-04:00,9.214523315429688,9.214523315429688,9.214523315429688,9.214523315429688,0,0.0,0.0
1995-09-05 00:00:00-04:00,9.214523315429688,9.214523315429688,9.214523315429688,9.214523315429688,0,0.0,0.0
1995-09-06 00:00:00-04:00,9.214523315429688,9.214523315429688,9.214523315429688,9.214523315429688,0,0.0,0.0
1995-09-07 00:00:00-04:00,9.214523315429688,9.214523315429688,9.214523315429688,9.214523315429688,0,0.0,0.0
1995-09-08 00:00:00-04:00,9.214523013750016,9.288239479064941,9.214523013750016,9.288239479064941,45000,0.0,0.0
1995-09-11 00:00:00-04:00,9.288239479064941,9.288239479064941,9.288239479064941,9.288239479064941,0,0.0,0.0
1995-09-12 00:00:00-04:00,9.288239479064941,9.288239479064941,9.288239479064941,9.288239479064941,0,0.0,0.0
1995-09-13 00:00:00-04:00,9.14080810546875,9.14080810546875,9.14080810546875,9.14080810546875,7000,0.0,0.0
1995-09-14 00:00:00-04:00,9.509389877319336,9.509389877319336,9.509389877319336,9.509389877319336,1000,0.0,0.0
1995-09-15 00:00:00-04:00,9.214523315429688,9.214523315429688,9.214523315429688,9.214523315429688,1000,0.0,0.0
1995-09-18 00:00:00-04:00,9.214523315429688,9.214523315429688,9.214523315429688,9.214523315429688,0,0.0,0.0
1995-09-19 00:00:00-04:00,9.214523315429688,9.214523315429688,9.214523315429688,9.214523315429688,0,0.0,0.0
1995-09-20 00:00:00-04:00,9.214523315429688,9.214523315429688,9.214523315429688,9.214523315429688,0,0.0,0.0
1995-09-21 00:00:00-04:00,9.583106361303592,9.583106361303592,9.509389877319336,9.509389877319336,4000,0.0,0.0
1995-09-22 00:00:00-04:00,9.288240823402615,9.361956596374512,9.288240823402615,9.361956596374512,15000,0.0,0.0
1995-09-25 00:00:00-04:00,9.361956596374512,9.361956596374512,9.361956596374512,9.361956596374512,0,0.0,0.0
1995-09-26 00:00:00-04:00,9.435671706682479,9.435671706682479,9.288239479064941,9.288239479064941,18000,0.0,0.0
1995-09-27 00:00:00-04:00,9.288239479064941,9.288239479064941,9.288239479064941,9.288239479064941,0,0.0,0.0
1995-09-28 00:00:00-04:00,9.288239479064941,9.288239479064941,9.288239479064941,9.288239479064941,0,0.0,0.0
1995-09-29 00:00:00-04:00,9.583107948303223,9.583107948303223,9.546249700207227,9.583107948303223,16000,0.0,0.0
1995-10-02 00:00:00-04:00,9.361956596374512,9.361956596374512,9.361956596374512,9.361956596374512,1000,0.0,0.0
1995-10-03 00:00:00-04:00,9.361956596374512,9.361956596374512,9.361956596374512,9.361956596374512,0,0.0,0.0
1995-10-04 00:00:00-04:00,9.361956596374512,9.361956596374512,9.361956596374512,9.361956596374512,0,0.0,0.0
1995-10-05 00:00:00-04:00,9.730537414550781,9.730537414550781,9.730537414550781,9.730537414550781,1000,0.0,0.0
1995-10-06 00:00:00-04:00,9.730537414550781,9.730537414550781,9.730537414550781,9.730537414550781,0,0.0,0.0
1995-10-09 00:00:00-04:00,9.730537414550781,9.730537414550781,9.730537414550781,9.730537414550781,0,0.0,0.0
1995-10-10 00:00:00-04:00,9.730537414550781,9.730537414550781,9.730537414550781,9.730537414550781,0,0.0,0.0
1995-10-11 00:00:00-04:00,9.730537414550781,9.730537414550781,9.730537414550781,9.730537414550781,0,0.0,0.0
1995-10-12 00:00:00-04:00,9.730537414550781,9.730537414550781,9.730537414550781,9.730537414550781,0,0.0,0.0
1995-10-13 00:00:00-04:00,9.730537414550781,9.730537414550781,9.730537414550781,9.730537414550781,0,0.0,0.0
1995-10-16 00:00:00-04:00,9.730537414550781,9.730537414550781,9.730537414550781,9.730537414550781,0,0.0,0.0
1995-10-17 00:00:00-04:00,9.730537414550781,9.730537414550781,9.730537414550781,9.730537414550781,0,0.0,0.0
1995-10-18 00:00:00-04:00,9.767535209655762,9.767535209655762,9.767535209655762,9.767535209655762,0,0.05,0.0
1995-10-19 00:00:00-04:00,9.582543180274323,9.582543180274323,9.323555946350098,9.323555946350098,3000,0.0,0.0
1995-10-20 00:00:00-04:00,9.323555946350098,9.323555946350098,9.323555946350098,9.323555946350098,0,0.0,0.0
1995-10-23 00:00:00-04:00,9.323555946350098,9.323555946350098,9.323555946350098,9.323555946350098,0,0.0,0.0
1995-10-24 00:00:00-04:00,9.323555946350098,9.323555946350098,9.323555946350098,9.323555946350098,0,0.0,0.0
1995-10-25 00:00:00-04:00,9.323555946350098,9.323555946350098,9.323555946350098,9.323555946350098,0,0.0,0.0
1995-10-26 00:00:00-04:00,9.323555946350098,9.323555946350098,9.323555946350098,9.323555946350098,0,0.0,0.0
1995-10-27 00:00:00-04:00,9.323555946350098,9.323555946350098,9.323555946350098,9.323555946350098,0,0.0,0.0
1995-10-30 00:00:00-05:00,9.61954438922715,9.656542778015137,9.61954438922715,9.656542778015137,25000,0.0,0.0
1995-10-31 00:00:00-05:00,9.360553530239022,9.434550285339355,9.360553530239022,9.434550285339355,20000,0.0,0.0
1995-11-01 00:00:00-05:00,9.434550285339355,9.434550285339355,9.434550285339355,9.434550285339355,0,0.0,0.0
1995-11-02 00:00:00-05:00,9.471551895141602,9.471551895141602,9.471551895141602,9.471551895141602,2000,0.0,0.0
1995-11-03 00:00:00-05:00,9.471551895141602,9.471551895141602,9.471551895141602,9.471551895141602,0,0.0,0.0
1995-11-06 00:00:00-05:00,9.471551895141602,9.471551895141602,9.471551895141602,9.471551895141602,0,0.0,0.0
1995-11-07 00:00:00-05:00,9.471551895141602,9.471551895141602,9.471551895141602,9.471551895141602,0,0.0,0.0
1995-11-08 00:00:00-05:00,9.471551895141602,9.471551895141602,9.471551895141602,9.471551895141602,0,0.0,0.0
1995-11-09 00:00:00-05:00,9.841531345360709,9.841531345360709,9.24955940246582,9.24955940246582,9000,0.0,0.0
1995-11-10 00:00:00-05:00,9.397554397583008,9.397554397583008,9.397554397583008,9.397554397583008,1000,0.0,0.0
1995-11-13 00:00:00-05:00,9.397554397583008,9.397554397583008,9.397554397583008,9.397554397583008,0,0.0,0.0
1995-11-14 00:00:00-05:00,9.397554397583008,9.397554397583008,9.397554397583008,9.397554397583008,0,0.0,0.0
1995-11-15 00:00:00-05:00,9.397554397583008,9.397554397583008,9.397554397583008,9.397554397583008,0,0.0,0.0
1995-11-16 00:00:00-05:00,9.397554397583008,9.397554397583008,9.397554397583008,9.397554397583008,0,0.0,0.0
1995-11-17 00:00:00-05:00,9.323558353617804,9.841533660888672,9.323558353617804,9.841533660888672,6000,0.0,0.0
1995-11-20 00:00:00-05:00,10.137518882751465,10.507501328878783,9.619543599310319,10.137518882751465,22000,0.0,0.0
1995-11-21 00:00:00-05:00,10.507499694824219,10.507499694824219,10.507499694824219,10.507499694824219,1000,0.0,0.0
1995-11-22 00:00:00-05:00,10.507499694824219,10.507499694824219,10.507499694824219,10.507499694824219,0,0.0,0.0
1995-11-24 00:00:00-05:00,10.507499694824219,10.507499694824219,10.507499694824219,10.507499694824219,0,0.0,0.0
1995-11-27 00:00:00-05:00,10.507499694824219,10.507499694824219,10.507499694824219,10.507499694824219,0,0.0,0.0
1995-11-28 00:00:00-05:00,10.507499694824219,10.507499694824219,10.507499694824219,10.507499694824219,1000,0.0,0.0
1995-11-29 00:00:00-05:00,9.841533660888672,10.507501812281852,9.841533660888672,9.841533660888672,3000,0.0,0.0
1995-11-30 00:00:00-05:00,10.507499694824219,10.507499694824219,10.507499694824219,10.507499694824219,1000,0.0,0.0
1995-12-01 00:00:00-05:00,10.507499694824219,10.507499694824219,10.507499694824219,10.507499694824219,0,0.0,0.0
1995-12-04 00:00:00-05:00,10.507504215253746,10.581501007080078,10.507504215253746,10.581501007080078,19000,0.0,0.0
1995-12-05 00:00:00-05:00,10.137518882751465,10.137518882751465,10.137518882751465,10.137518882751465,1000,0.0,0.0
1995-12-06 00:00:00-05:00,10.877482141567238,10.877482141567238,10.655492566089253,10.72948932647705,19000,0.0,0.0
1995-12-07 00:00:00-05:00,10.72948932647705,10.72948932647705,10.72948932647705,10.72948932647705,0,0.0,0.0
1995-12-08 00:00:00-05:00,10.72948932647705,10.72948932647705,10.72948932647705,10.72948932647705,0,0.0,0.0
1995-12-11 00:00:00-05:00,10.359505653381348,10.359505653381348,10.359505653381348,10.359505653381348,1000,0.0,0.0
1995-12-12 00:00:00-05:00,10.470505970662945,10.475131034851074,10.470505970662945,10.475131034851074,80000,0.0,0.0
1995-12-13 00:00:00-05:00,10.475131034851074,10.475131034851074,10.475131034851074,10.475131034851074,0,0.0,0.0
1995-12-14 00:00:00-05:00,10.72948932647705,10.72948932647705,10.507499750999065,10.72948932647705,5000,0.0,0.0
1995-12-15 00:00:00-05:00,10.72948932647705,10.72948932647705,10.72948932647705,10.72948932647705,1000,0.0,0.0
1995-12-18 00:00:00-05:00,10.063519477844238,10.063519477844238,10.063519477844238,10.063519477844238,8000,0.0,0.0
1995-12-19 00:00:00-05:00,10.063519477844238,10.063519477844238,10.063519477844238,10.063519477844238,0,0.0,0.0
1995-12-20 00:00:00-05:00,10.063519477844238,10.063519477844238,10.063519477844238,10.063519477844238,0,0.0,0.0
1995-12-21 00:00:00-05:00,10.063519477844238,10.063519477844238,10.063519477844238,10.063519477844238,0,0.0,0.0
1995-12-22 00:00:00-05:00,10.063519477844238,10.063519477844238,10.063519477844238,10.063519477844238,0,0.0,0.0
1995-12-26 00:00:00-05:00,10.063519477844238,10.063519477844238,10.063519477844238,10.063519477844238,0,0.0,0.0
1995-12-27 00:00:00-05:00,10.063519477844238,10.063519477844238,10.063519477844238,10.063519477844238,0,0.0,0.0
1995-12-28 00:00:00-05:00,10.063519477844238,10.063519477844238,10.063519477844238,10.063519477844238,2000,0.0,0.0
1995-12-29 00:00:00-05:00,10.063519477844238,10.063519477844238,10.063519477844238,10.063519477844238,0,0.0,0.0
1996-01-02 00:00:00-05:00,10.063519477844238,10.063519477844238,10.063519477844238,10.063519477844238,0,0.0,0.0
1996-01-03 00:00:00-05:00,10.063519477844238,10.063519477844238,10.063519477844238,10.063519477844238,0,0.0,0.0
1996-01-04 00:00:00-05:00,10.063519477844238,10.063519477844238,10.063519477844238,10.063519477844238,0,0.0,0.0
1996-01-05 00:00:00-05:00,10.433506965637207,10.433506965637207,10.433506965637207,10.433506965637207,1000,0.0,0.0
1996-01-08 00:00:00-05:00,10.433506965637207,10.433506965637207,10.433506965637207,10.433506965637207,0,0.0,0.0
1996-01-09 00:00:00-05:00,10.433506965637207,10.433506965637207,10.433506965637207,10.433506965637207,0,0.0,0.0
1996-01-10 00:00:00-05:00,10.433506965637207,10.433506965637207,10.433506965637207,10.433506965637207,0,0.0,0.0
1996-01-11 00:00:00-05:00,10.433506965637207,10.433506965637207,10.433506965637207,10.433506965637207,0,0.0,0.0
1996-01-12 00:00:00-05:00,10.433506965637207,10.433506965637207,10.433506965637207,10.433506965637207,0,0.0,0.0
1996-01-15 00:00:00-05:00,10.433506965637207,10.433506965637207,10.433506965637207,10.433506965637207,0,0.0,0.0
1996-01-16 00:00:00-05:00,10.433506965637207,10.433506965637207,10.433506965637207,10.433506965637207,0,0.0,0.0
1996-01-17 00:00:00-05:00,10.474364280700684,10.474364280700684,10.474364280700684,10.474364280700684,2000,0.055,0.0
1996-01-18 00:00:00-05:00,9.805787944279398,9.880074501037598,9.805787944279398,9.880074501037598,14000,0.0,0.0
1996-01-19 00:00:00-05:00,9.80578327178955,9.80578327178955,9.80578327178955,9.80578327178955,2000,0.0,0.0
1996-01-22 00:00:00-05:00,9.80578327178955,9.80578327178955,9.80578327178955,9.80578327178955,0,0.0,0.0
1996-01-23 00:00:00-05:00,9.80578327178955,9.80578327178955,9.80578327178955,9.80578327178955,6000,0.0,0.0
1996-01-24 00:00:00-05:00,10.140075685322197,10.177218962428505,9.880074162476218,9.954360008239746,45000,0.0,0.0
1996-01-25 00:00:00-05:00,9.880074162476218,10.177218962428505,9.880074162476218,9.954360008239746,9000,0.0,0.0
1996-01-26 00:00:00-05:00,9.954360008239746,9.954360008239746,9.954360008239746,9.954360008239746,0,0.0,0.0
1996-01-29 00:00:00-05:00,9.954360008239746,9.954360008239746,9.954360008239746,9.954360008239746,0,0.0,0.0
1996-01-30 00:00:00-05:00,9.954360008239746,9.954360008239746,9.954360008239746,9.954360008239746,0,0.0,0.0
1996-01-31 00:00:00-05:00,9.954360008239746,9.954360008239746,9.954360008239746,9.954360008239746,0,0.0,0.0
1996-02-01 00:00:00-05:00,10.40007512834536,10.697219848632812,10.40007512834536,10.697219848632812,22000,0.0,0.0
1996-02-02 00:00:00-05:00,10.40007495880127,10.40007495880127,10.40007495880127,10.40007495880127,1000,0.0,0.0
1996-02-05 00:00:00-05:00,10.40007495880127,10.40007495880127,10.40007495880127,10.40007495880127,0,0.0,0.0
1996-02-06 00:00:00-05:00,10.40007495880127,10.40007495880127,10.40007495880127,10.40007495880127,0,0.0,0.0
1996-02-07 00:00:00-05:00,10.40007495880127,10.40007495880127,10.40007495880127,10.40007495880127,0,0.0,0.0
1996-02-08 00:00:00-05:00,10.40007495880127,10.548647316522938,10.40007495880127,10.40007495880127,38000,0.0,0.0
1996-02-09 00:00:00-05:00,10.40007495880127,10.40007495880127,10.40007495880127,10.40007495880127,0,0.0,0.0
1996-02-12 00:00:00-05:00,10.40007495880127,10.40007495880127,10.40007495880127,10.40007495880127,4000,0.0,0.0
1996-02-13 00:00:00-05:00,10.40007495880127,10.40007495880127,10.40007495880127,10.40007495880127,0,0.0,0.0
1996-02-14 00:00:00-05:00,10.474361491886546,10.474361491886546,10.40007495880127,10.40007495880127,8000,0.0,0.0
1996-02-15 00:00:00-05:00,10.232932575339508,10.325790405273438,10.102932180191221,10.325790405273438,47000,0.0,0.0
1996-02-16 00:00:00-05:00,10.102932180191221,10.325790405273438,10.102932180191221,10.325790405273438,2000,0.0,0.0
1996-02-20 00:00:00-05:00,10.325790405273438,10.325790405273438,10.325790405273438,10.325790405273438,0,0.0,0.0
1996-02-21 00:00:00-05:00,10.325790405273438,10.325790405273438,10.325790405273438,10.325790405273438,0,0.0,0.0
1996-02-22 00:00:00-05:00,10.548647316522938,10.548647316522938,10.40007495880127,10.40007495880127,10000,0.0,0.0
1996-02-23 00:00:00-05:00,10.474364280700684,10.474364280700684,10.474364280700684,10.474364280700684,2000,0.0,0.0
1996-02-26 00:00:00-05:00,10.474361491886546,10.474361491886546,10.40007495880127,10.40007495880127,3000,0.0,0.0
1996-02-27 00:00:00-05:00,10.40007495880127,10.40007495880127,10.40007495880127,10.40007495880127,0,0.0,0.0
1996-02-28 00:00:00-05:00,10.548647316522938,10.548647316522938,10.40007495880127,10.40007495880127,4000,0.0,0.0
1996-02-29 00:00:00-05:00,10.40007495880127,10.40007495880127,10.40007495880127,10.40007495880127,0,0.0,0.0
1996-03-01 00:00:00-05:00,10.40007495880127,10.40007495880127,10.40007495880127,10.40007495880127,0,0.0,0.0
1996-03-04 00:00:00-05:00,10.10293004050886,10.325788218392322,10.10293004050886,10.186501502990723,66000,0.0,0.0
1996-03-05 00:00:00-05:00,10.186501502990723,10.186501502990723,10.186501502990723,10.186501502990723,0,0.0,0.0
1996-03-06 00:00:00-05:00,10.186501502990723,10.186501502990723,10.186501502990723,10.186501502990723,0,0.0,0.0
1996-03-07 00:00:00-05:00,10.325790405273438,10.325790405273438,10.325790405273438,10.325790405273438,1000,0.0,0.0
1996-03-08 00:00:00-05:00,10.102930068969727,10.102930068969727,10.102930068969727,10.102930068969727,8000,0.0,0.0
1996-03-11 00:00:00-05:00,10.028644561767578,10.028644561767578,10.028644561767578,10.028644561767578,4000,0.0,0.0
1996-03-12 00:00:00-05:00,10.06578540802002,10.06578540802002,10.06578540802002,10.06578540802002,1000,0.0,0.0
1996-03-13 00:00:00-05:00,10.065785388102222,10.251500983054482,9.787211995673834,9.80578327178955,279000,0.0,0.0
1996-03-14 00:00:00-05:00,9.80578327178955,9.810426445042866,9.80578327178955,9.80578327178955,28000,0.0,0.0
1996-03-15 00:00:00-05:00,10.065785388102222,10.065785388102222,9.80578327178955,9.80578327178955,11000,0.0,0.0
1996-03-18 00:00:00-05:00,10.251502990722656,10.251502990722656,10.065787359399597,10.251502990722656,24000,0.0,0.0
1996-03-19 00:00:00-05:00,10.065789839558668,10.065789839558668,9.954360008239746,9.954360008239746,10000,0.0,0.0
1996-03-20 00:00:00-05:00,10.400075841833043,10.400075841833043,9.954358022374906,10.028644561767578,3000,0.0,0.0
1996-03-21 00:00:00-05:00,10.028644561767578,10.028644561767578,10.028644561767578,10.028644561767578,0,0.0,0.0
1996-03-22 00:00:00-05:00,10.400075841833043,10.400075841833043,10.028644561767578,10.028644561767578,2000,0.0,0.0
1996-03-25 00:00:00-05:00,10.028644561767578,10.028644561767578,10.028644561767578,10.028644561767578,0,0.0,0.0
1996-03-26 00:00:00-05:00,10.028644561767578,10.028644561767578,10.028644561767578,10.028644561767578,0,0.0,0.0
1996-03-27 00:00:00-05:00,9.80578327178955,9.80578327178955,9.80578327178955,9.80578327178955,20000,0.0,0.0
1996-03-28 00:00:00-05:00,9.80578327178955,9.80578327178955,9.80578327178955,9.80578327178955,0,0.0,0.0
1996-03-29 00:00:00-05:00,9.880074501037598,9.880074501037598,9.880074501037598,9.880074501037598,15000,0.0,0.0
1996-04-01 00:00:00-05:00,9.880074501037598,9.880074501037598,9.880074501037598,9.880074501037598,0,0.0,0.0
1996-04-02 00:00:00-05:00,9.880074501037598,9.880074501037598,9.880074501037598,9.880074501037598,0,0.0,0.0
1996-04-03 00:00:00-05:00,9.842926532469757,9.842926532469757,9.80578327178955,9.80578327178955,77000,0.0,0.0
1996-04-04 00:00:00-05:00,9.80578327178955,9.80578327178955,9.80578327178955,9.80578327178955,0,0.0,0.0
1996-04-08 00:00:00-04:00,9.954360008239746,9.954360008239746,9.954360008239746,9.954360008239746,11000,0.0,0.0
1996-04-09 00:00:00-04:00,9.954360008239746,9.954360008239746,9.954360008239746,9.954360008239746,0,0.0,0.0
1996-04-10 00:00:00-04:00,9.954360008239746,9.954360008239746,9.954360008239746,9.954360008239746,0,0.0,0.0
1996-04-11 00:00:00-04:00,9.657211936996232,9.991499900817871,9.657211936996232,9.991499900817871,7000,0.0,0.0
1996-04-12 00:00:00-04:00,9.991499900817871,9.991499900817871,9.991499900817871,9.991499900817871,0,0.0,0.0
1996-04-15 00:00:00-04:00,10.177215576171875,10.177215576171875,10.177215576171875,10.177215576171875,5000,0.0,0.0
1996-04-16 00:00:00-04:00,10.177215576171875,10.177215576171875,10.177215576171875,10.177215576171875,0,0.0,0.0
1996-04-17 00:00:00-04:00,9.8872652053833,9.8872652053833,9.8872652053833,9.8872652053833,19000,0.055,0.0
1996-04-18 00:00:00-04:00,9.8872652053833,9.8872652053833,9.8872652053833,9.8872652053833,0,0.0,0.0
1996-04-19 00:00:00-04:00,9.845309257507324,9.845309257507324,9.845309257507324,9.845309257507324,3000,0.0,0.0
1996-04-22 00:00:00-04:00,9.845309257507324,9.845309257507324,9.845309257507324,9.845309257507324,1000,0.0,0.0
1996-04-23 00:00:00-04:00,9.845309257507324,9.845309257507324,9.845309257507324,9.845309257507324,0,0.0,0.0
1996-04-24 00:00:00-04:00,9.845311103688747,9.919897079467773,9.845311103688747,9.919897079467773,160000,0.0,0.0
1996-04-25 00:00:00-04:00,9.919897079467773,9.919897079467773,9.919897079467773,9.919897079467773,0,0.0,0.0
1996-04-26 00:00:00-04:00,9.919897079467773,9.919897079467773,9.919897079467773,9.919897079467773,0,0.0,0.0
1996-04-29 00:00:00-04:00,9.919897079467773,9.919897079467773,9.919897079467773,9.919897079467773,0,0.0,0.0
1996-04-30 00:00:00-04:00,9.845309257507324,9.845309257507324,9.845309257507324,9.845309257507324,2000,0.0,0.0
1996-05-01 00:00:00-04:00,10.292825698852539,10.292825698852539,10.292825698852539,10.292825698852539,1000,0.0,0.0
1996-05-02 00:00:00-04:00,10.292825698852539,10.292825698852539,10.292825698852539,10.292825698852539,0,0.0,0.0
1996-05-03 00:00:00-04:00,10.292825698852539,10.292825698852539,10.292825698852539,10.292825698852539,0,0.0,0.0
1996-05-06 00:00:00-04:00,10.292825698852539,10.292825698852539,10.292825698852539,10.292825698852539,5000,0.0,0.0
1996-05-07 00:00:00-04:00,10.069066047668457,10.069066047668457,9.994480088719515,10.069066047668457,132000,0.0,0.0
1996-05-08 00:00:00-04:00,10.069066047668457,10.069066047668457,10.069066047668457,10.069066047668457,10000,0.0,0.0
1996-05-09 00:00:00-04:00,10.069066047668457,10.069066047668457,10.069066047668457,10.069066047668457,0,0.0,0.0
1996-05-10 00:00:00-04:00,10.069066047668457,10.069066047668457,10.069066047668457,10.069066047668457,0,0.0,0.0
1996-05-13 00:00:00-04:00,10.069066047668457,10.069066047668457,10.069066047668457,10.069066047668457,0,0.0,0.0
1996-05-14 00:00:00-04:00,9.845311259696285,10.292825698852539,9.845311259696285,10.292825698852539,2000,0.0,0.0
1996-05-15 00:00:00-04:00,10.292825698852539,10.292825698852539,10.292825698852539,10.292825698852539,1000,0.0,0.0
1996-05-16 00:00:00-04:00,10.292825698852539,10.292825698852539,10.292825698852539,10.292825698852539,0,0.0,0.0
1996-05-17 00:00:00-04:00,10.292825698852539,10.292825698852539,10.292825698852539,10.292825698852539,0,0.0,0.0
1996-05-20 00:00:00-04:00,10.292825698852539,10.292825698852539,10.292825698852539,10.292825698852539,0,0.0,0.0
1996-05-21 00:00:00-04:00,10.292825698852539,10.292825698852539,10.292825698852539,10.292825698852539,0,0.0,0.0
1996-05-22 00:00:00-04:00,10.292825761656735,10.292825761656735,10.218239784240723,10.218239784240723,12000,0.0,0.0
1996-05-23 00:00:00-04:00,10.292823168221721,10.5165803327861,10.143651962280273,10.143651962280273,119000,0.0,0.0
1996-05-24 00:00:00-04:00,10.143650425727277,10.367406845092773,10.143650425727277,10.367406845092773,129000,0.0,0.0
1996-05-28 00:00:00-04:00,10.367406845092773,10.367406845092773,10.367406845092773,10.367406845092773,0,0.0,0.0
1996-05-29 00:00:00-04:00,10.367406845092773,10.367406845092773,10.367406845092773,10.367406845092773,0,0.0,0.0
1996-05-30 00:00:00-04:00,10.367406845092773,10.367406845092773,10.367406845092773,10.367406845092773,0,0.0,0.0
1996-05-31 00:00:00-04:00,10.665755271911621,10.665755271911621,10.665755271911621,10.665755271911621,5000,0.0,0.0
1996-06-03 00:00:00-04:00,10.665755271911621,10.665755271911621,10.665755271911621,10.665755271911621,0,0.0,0.0
1996-06-04 00:00:00-04:00,10.208917057852627,10.236886978149414,10.208917057852627,10.236886978149414,20000,0.0,0.0
1996-06-05 00:00:00-04:00,10.441997528076172,10.441997528076172,10.441997528076172,10.441997528076172,15000,0.0,0.0
1996-06-06 00:00:00-04:00,10.330118179321289,10.330118179321289,10.330118179321289,10.330118179321289,10000,0.0,0.0
1996-06-07 00:00:00-04:00,10.330118179321289,10.330118179321289,10.330118179321289,10.330118179321289,0,0.0,0.0
1996-06-10 00:00:00-04:00,10.330118179321289,10.330118179321289,9.994482010807625,10.330118179321289,53000,0.0,0.0
1996-06-11 00:00:00-04:00,10.330118179321289,10.330118179321289,10.330118179321289,10.330118179321289,0,0.0,0.0
1996-06-12 00:00:00-04:00,10.330118179321289,10.330118179321289,10.330118179321289,10.330118179321289,0,0.0,0.0
1996-06-13 00:00:00-04:00,10.330118179321289,10.330118179321289,10.330118179321289,10.330118179321289,0,0.0,0.0
1996-06-14 00:00:00-04:00,10.591164588928223,10.591164588928223,10.441993396946993,10.591164588928223,7000,0.0,0.0
1996-06-17 00:00:00-04:00,10.591164588928223,10.591164588928223,10.591164588928223,10.591164588928223,0,0.0,0.0
1996-06-18 00:00:00-04:00,10.591164588928223,10.591164588928223,10.591164588928223,10.591164588928223,0,0.0,0.0
1996-06-19 00:00:00-04:00,9.994483947753906,9.994483947753906,9.994483947753906,9.994483947753906,3000,0.0,0.0
1996-06-20 00:00:00-04:00,10.292825698852539,10.292825698852539,10.292825698852539,10.292825698852539,1000,0.0,0.0
1996-06-21 00:00:00-04:00,9.994483947753906,9.994483947753906,9.994483947753906,9.994483947753906,2000,0.0,0.0
1996-06-24 00:00:00-04:00,9.994483947753906,9.994483947753906,9.994483947753906,9.994483947753906,0,0.0,0.0
1996-06-25 00:00:00-04:00,10.441997528076172,10.441997528076172,10.441997528076172,10.441997528076172,2000,0.0,0.0
1996-06-26 00:00:00-04:00,10.441997528076172,10.441997528076172,10.441997528076172,10.441997528076172,100000,0.0,0.0
1996-06-27 00:00:00-04:00,10.441997528076172,10.441997528076172,10.441997528076172,10.441997528076172,0,0.0,0.0
1996-06-28 00:00:00-04:00,9.994482502313506,10.292825698852539,9.994482502313506,10.292825698852539,2000,0.0,0.0
1996-07-01 00:00:00-04:00,10.292825698852539,10.292825698852539,10.292825698852539,10.292825698852539,0,0.0,0.0
1996-07-02 00:00:00-04:00,10.292825698852539,10.292825698852539,10.292825698852539,10.292825698852539,0,0.0,0.0
1996-07-03 00:00:00-04:00,10.292825698852539,10.292825698852539,10.292825698852539,10.292825698852539,0,0.0,0.0
1996-07-05 00:00:00-04:00,10.292825698852539,10.292825698852539,10.292825698852539,10.292825698852539,0,0.0,0.0
1996-07-08 00:00:00-04:00,10.591164588928223,10.591164588928223,10.591164588928223,10.591164588928223,1000,0.0,0.0
1996-07-09 00:00:00-04:00,10.591164588928223,10.591164588928223,10.591164588928223,10.591164588928223,0,0.0,0.0
1996-07-10 00:00:00-04:00,10.432673454284668,10.432673454284668,10.432673454284668,10.432673454284668,1000,0.0,0.0
1996-07-11 00:00:00-04:00,10.432673454284668,10.432673454284668,10.432673454284668,10.432673454284668,0,0.0,0.0
1996-07-12 00:00:00-04:00,10.432673454284668,10.432673454284668,10.432673454284668,10.432673454284668,0,0.0,0.0
1996-07-15 00:00:00-04:00,10.432673454284668,10.432673454284668,10.432673454284668,10.432673454284668,0,0.0,0.0
1996-07-16 00:00:00-04:00,10.432673454284668,10.432673454284668,10.432673454284668,10.432673454284668,0,0.0,0.0
1996-07-17 00:00:00-04:00,10.473859786987305,10.473859786987305,10.473859786987305,10.473859786987305,0,0.055,0.0
1996-07-18 00:00:00-04:00,10.473859786987305,10.473859786987305,10.473859786987305,10.473859786987305,0,0.0,0.0
1996-07-19 00:00:00-04:00,10.473859786987305,10.473859786987305,10.473859786987305,10.473859786987305,0,0.0,0.0
1996-07-22 00:00:00-04:00,10.33345890045166,10.33345890045166,10.33345890045166,10.33345890045166,10000,0.0,0.0
1996-07-23 00:00:00-04:00,10.333456195875117,10.483216285705566,10.333456195875117,10.483216285705566,5000,0.0,0.0
1996-07-24 00:00:00-04:00,10.108816146850586,10.108816146850586,10.108816146850586,10.108816146850586,1000,0.0,0.0
1996-07-25 00:00:00-04:00,10.108816146850586,10.108816146850586,10.108816146850586,10.108816146850586,0,0.0,0.0
1996-07-26 00:00:00-04:00,10.632974624633789,10.632974624633789,10.632974624633789,10.632974624633789,59000,0.0,0.0
1996-07-29 00:00:00-04:00,10.782736465366463,10.782736465366463,10.483216285705566,10.483216285705566,2000,0.0,0.0
1996-07-30 00:00:00-04:00,10.483216285705566,10.483216285705566,10.483216285705566,10.483216285705566,0,0.0,0.0
1996-07-31 00:00:00-04:00,10.483214000162965,10.857614500168786,10.183693885803223,10.183693885803223,52000,0.0,0.0
1996-08-01 00:00:00-04:00,10.258576076831162,10.342816352844238,10.258576076831162,10.342816352844238,3000,0.0,0.0
1996-08-02 00:00:00-04:00,10.342816352844238,10.342816352844238,10.342816352844238,10.342816352844238,0,0.0,0.0
1996-08-05 00:00:00-04:00,10.342816352844238,10.342816352844238,10.342816352844238,10.342816352844238,0,0.0,0.0
1996-08-06 00:00:00-04:00,10.183693885803223,10.333453942983095,10.183693885803223,10.183693885803223,116000,0.0,0.0
1996-08-07 00:00:00-04:00,10.483216285705566,10.483216285705566,10.483216285705566,10.483216285705566,1000,0.0,0.0
1996-08-08 00:00:00-04:00,10.520656683993286,10.558096885681152,10.183696297027387,10.558096885681152,3000,0.0,0.0
1996-08-09 00:00:00-04:00,10.558096885681152,10.558096885681152,10.558096885681152,10.558096885681152,0,0.0,0.0
1996-08-12 00:00:00-04:00,10.558096885681152,10.558096885681152,10.558096885681152,10.558096885681152,0,0.0,0.0
1996-08-13 00:00:00-04:00,10.183696037894455,10.501935958862305,10.183696037894455,10.501935958862305,6000,0.0,0.0
1996-08-14 00:00:00-04:00,10.501935958862305,10.501935958862305,10.501935958862305,10.501935958862305,0,0.0,0.0
1996-08-15 00:00:00-04:00,10.501935958862305,10.501935958862305,10.501935958862305,10.501935958862305,0,0.0,0.0
1996-08-16 00:00:00-04:00,10.501935958862305,10.501935958862305,10.501935958862305,10.501935958862305,0,0.0,0.0
1996-08-19 00:00:00-04:00,10.483216285705566,10.670416576521736,10.483216285705566,10.483216285705566,28000,0.0,0.0
1996-08-20 00:00:00-04:00,10.483216285705566,10.483216285705566,10.483216285705566,10.483216285705566,0,0.0,0.0
1996-08-21 00:00:00-04:00,10.483216285705566,10.483216285705566,10.483216285705566,10.483216285705566,0,0.0,0.0
1996-08-22 00:00:00-04:00,10.483216285705566,10.483216285705566,10.483216285705566,10.483216285705566,0,0.0,0.0
1996-08-23 00:00:00-04:00,10.483216285705566,10.483216285705566,10.483216285705566,10.483216285705566,0,0.0,0.0
1996-08-26 00:00:00-04:00,10.483216285705566,10.483216285705566,10.483216285705566,10.483216285705566,0,0.0,0.0
1996-08-27 00:00:00-04:00,11.232017517089844,11.232017517089844,11.232017517089844,11.232017517089844,1000,0.0,0.0
1996-08-28 00:00:00-04:00,10.558096885681152,10.558096885681152,10.558096885681152,10.558096885681152,3000,0.0,0.0
1996-08-29 00:00:00-04:00,10.558096885681152,10.558096885681152,10.558096885681152,10.558096885681152,0,0.0,0.0
1996-08-30 00:00:00-04:00,10.558096885681152,10.558096885681152,10.558096885681152,10.558096885681152,0,0.0,0.0
1996-09-03 00:00:00-04:00,10.93249797821045,10.93249797821045,10.93249797821045,10.93249797821045,5000,0.0,0.0
1996-09-04 00:00:00-04:00,11.306897163391113,11.306897163391113,11.306897163391113,11.306897163391113,4000,0.0,0.0
1996-09-05 00:00:00-04:00,11.306897163391113,11.306897163391113,11.306897163391113,11.306897163391113,0,0.0,0.0
1996-09-06 00:00:00-04:00,11.531536102294922,11.531536102294922,11.531536102294922,11.531536102294922,2000,0.0,0.0
1996-09-09 00:00:00-04:00,11.531536102294922,11.531536102294922,11.531536102294922,11.531536102294922,0,0.0,0.0
1996-09-10 00:00:00-04:00,11.531536102294922,11.531536102294922,11.531536102294922,11.531536102294922,0,0.0,0.0
1996-09-11 00:00:00-04:00,11.531536102294922,11.531536102294922,11.531536102294922,11.531536102294922,0,0.0,0.0
1996-09-12 00:00:00-04:00,11.531536102294922,11.531536102294922,11.531536102294922,11.531536102294922,0,0.0,0.0
1996-09-13 00:00:00-04:00,11.531536102294922,11.531536102294922,11.531536102294922,11.531536102294922,0,0.0,0.0
1996-09-16 00:00:00-04:00,11.531536102294922,11.531536102294922,11.531536102294922,11.531536102294922,0,0.0,0.0
1996-09-17 00:00:00-04:00,10.782739639282227,10.782739639282227,10.782739639282227,10.782739639282227,1000,0.0,0.0
1996-09-18 00:00:00-04:00,11.082256317138672,11.082256317138672,11.082256317138672,11.082256317138672,21000,0.0,0.0
1996-09-19 00:00:00-04:00,11.082256317138672,11.082256317138672,11.082256317138672,11.082256317138672,4000,0.0,0.0
1996-09-20 00:00:00-04:00,10.857614517211914,10.857614517211914,10.857614517211914,10.857614517211914,2000,0.0,0.0
1996-09-23 00:00:00-04:00,11.531536102294922,11.531536102294922,11.531536102294922,11.531536102294922,6000,0.0,0.0
1996-09-24 00:00:00-04:00,11.531536102294922,11.531536102294922,11.531536102294922,11.531536102294922,0,0.0,0.0
1996-09-25 00:00:00-04:00,11.531536102294922,11.531536102294922,11.531536102294922,11.531536102294922,0,0.0,0.0
1996-09-26 00:00:00-04:00,11.531536102294922,11.531536102294922,11.531536102294922,11.531536102294922,0,0.0,0.0
1996-09-27 00:00:00-04:00,11.531536102294922,11.531536102294922,11.531536102294922,11.531536102294922,0,0.0,0.0
1996-09-30 00:00:00-04:00,11.306897163391113,11.419217045405885,11.306897163391113,11.306897163391113,7000,0.0,0.0
1996-10-01 00:00:00-04:00,11.306897163391113,11.306897163391113,11.306897163391113,11.306897163391113,0,0.0,0.0
1996-10-02 00:00:00-04:00,11.306897163391113,11.306897163391113,11.306897163391113,11.306897163391113,0,0.0,0.0
1996-10-03 00:00:00-04:00,11.306897163391113,11.306897163391113,11.306897163391113,11.306897163391113,0,0.0,0.0
1996-10-04 00:00:00-04:00,11.306897163391113,11.306897163391113,11.306897163391113,11.306897163391113,0,0.0,0.0
1996-10-07 00:00:00-04:00,11.306897163391113,11.306897163391113,11.306897163391113,11.306897163391113,0,0.0,0.0
1996-10-08 00:00:00-04:00,11.306897163391113,11.306897163391113,11.306897163391113,11.306897163391113,0,0.0,0.0
1996-10-09 00:00:00-04:00,11.306897163391113,11.306897163391113,11.306897163391113,11.306897163391113,0,0.0,0.0
1996-10-10 00:00:00-04:00,11.306897163391113,11.306897163391113,11.306897163391113,11.306897163391113,0,0.0,0.0
1996-10-11 00:00:00-04:00,11.540833473205566,11.540833473205566,11.540833473205566,11.540833473205566,1000,0.6,0.0
1996-10-14 00:00:00-04:00,11.540833473205566,11.540833473205566,11.540833473205566,11.540833473205566,0,0.0,0.0
1996-10-15 00:00:00-04:00,11.540833473205566,11.540833473205566,11.540833473205566,11.540833473205566,0,0.0,0.0
1996-10-16 00:00:00-04:00,11.587811470031738,11.587811470031738,11.587811470031738,11.587811470031738,0,0.06,0.0
1996-10-17 00:00:00-04:00,11.587811470031738,11.587811470031738,11.587811470031738,11.587811470031738,0,0.0,0.0
1996-10-18 00:00:00-04:00,11.587811470031738,11.587811470031738,11.587811470031738,11.587811470031738,0,0.0,0.0
1996-10-21 00:00:00-04:00,11.587811470031738,11.587811470031738,11.587811470031738,11.587811470031738,0,0.0,0.0
1996-10-22 00:00:00-04:00,11.666104728117112,12.057584762573242,11.666104728117112,12.057584762573242,38000,0.0,0.0
1996-10-23 00:00:00-04:00,12.057584762573242,12.057584762573242,12.057584762573242,12.057584762573242,0,0.0,0.0
1996-10-24 00:00:00-04:00,12.057584762573242,12.057584762573242,12.057584762573242,12.057584762573242,0,0.0,0.0
1996-10-25 00:00:00-04:00,12.057584762573242,12.057584762573242,12.057584762573242,12.057584762573242,0,0.0,0.0
1996-10-28 00:00:00-05:00,12.057584762573242,12.057584762573242,12.057584762573242,12.057584762573242,0,0.0,0.0
1996-10-29 00:00:00-05:00,12.057584762573242,12.057584762573242,12.057584762573242,12.057584762573242,0,0.0,0.0
1996-10-30 00:00:00-05:00,12.057584762573242,12.057584762573242,12.057584762573242,12.057584762573242,0,0.0,0.0
1996-10-31 00:00:00-05:00,12.057584762573242,12.057584762573242,12.057584762573242,12.057584762573242,0,0.0,0.0
1996-11-01 00:00:00-05:00,12.057584762573242,12.057584762573242,12.057584762573242,12.057584762573242,0,0.0,0.0
1996-11-04 00:00:00-05:00,12.057584762573242,12.057584762573242,12.057584762573242,12.057584762573242,0,0.0,0.0
1996-11-05 00:00:00-05:00,12.057584762573242,12.057584762573242,12.057584762573242,12.057584762573242,0,0.0,0.0
1996-11-06 00:00:00-05:00,12.057584762573242,12.057584762573242,12.057584762573242,12.057584762573242,0,0.0,0.0
1996-11-07 00:00:00-05:00,12.057584762573242,12.057584762573242,12.057584762573242,12.057584762573242,0,0.0,0.0
1996-11-08 00:00:00-05:00,11.861846923828125,11.861846923828125,11.861846923828125,11.861846923828125,4000,0.0,0.0
1996-11-11 00:00:00-05:00,11.509513854980469,11.509513854980469,11.509513854980469,11.509513854980469,1000,0.0,0.0
1996-11-12 00:00:00-05:00,11.509513854980469,11.509513854980469,11.509513854980469,11.509513854980469,3000,0.0,0.0
1996-11-13 00:00:00-05:00,11.509513854980469,11.509513854980469,11.509513854980469,11.509513854980469,0,0.0,0.0
1996-11-14 00:00:00-05:00,11.509513854980469,11.509513854980469,11.509513854980469,11.509513854980469,0,0.0,0.0
1996-11-15 00:00:00-05:00,11.431220054626465,11.431220054626465,11.431220054626465,11.431220054626465,2000,0.0,0.0
1996-11-18 00:00:00-05:00,11.431218659456285,11.73461557277619,11.431218659456285,11.724828720092773,59000,0.0,0.0
1996-11-19 00:00:00-05:00,11.724828720092773,11.724828720092773,11.724828720092773,11.724828720092773,0,0.0,0.0
1996-11-20 00:00:00-05:00,11.509513854980469,11.509513854980469,11.509513854980469,11.509513854980469,1000,0.0,0.0
1996-11-21 00:00:00-05:00,11.509513854980469,11.509513854980469,11.509513854980469,11.509513854980469,0,0.0,0.0
1996-11-22 00:00:00-05:00,11.509516987154607,11.900997161865234,11.509516987154607,11.900997161865234,11000,0.0,0.0
1996-11-25 00:00:00-05:00,11.900997161865234,11.900997161865234,11.900997161865234,11.900997161865234,0,0.0,0.0
1996-11-26 00:00:00-05:00,11.509515148918995,11.587811470031738,11.509515148918995,11.587811470031738,9000,0.0,0.0
1996-11-27 00:00:00-05:00,11.861845766999355,11.861845766999355,11.509513854980469,11.509513854980469,3000,0.0,0.0
1996-11-29 00:00:00-05:00,11.509513854980469,11.509513854980469,11.509513854980469,11.509513854980469,1000,0.0,0.0
1996-12-02 00:00:00-05:00,11.509513854980469,11.509513854980469,11.509513854980469,11.509513854980469,1000,0.0,0.0
1996-12-03 00:00:00-05:00,11.509513854980469,11.509513854980469,11.509513854980469,11.509513854980469,0,0.0,0.0
1996-12-04 00:00:00-05:00,11.509513854980469,11.509513854980469,11.509513854980469,11.509513854980469,0,0.0,0.0
1996-12-05 00:00:00-05:00,11.861846923828125,11.861846923828125,11.861846923828125,11.861846923828125,1000,0.0,0.0
1996-12-06 00:00:00-05:00,11.431219574495307,11.78355152612454,11.431219574495307,11.587811470031738,26000,0.0,0.0
1996-12-09 00:00:00-05:00,11.431219574495307,11.74440336556817,11.431219574495307,11.587811470031738,26000,0.0,0.0
1996-12-10 00:00:00-05:00,11.587811470031738,11.587811470031738,11.587811470031738,11.587811470031738,0,0.0,0.0
1996-12-11 00:00:00-05:00,12.038010597229004,12.038010597229004,12.038010597229004,12.038010597229004,8000,0.0,0.0
1996-12-12 00:00:00-05:00,11.744405143642561,11.744405143642561,11.274628639221191,11.274628639221191,9000,0.0,0.0
1996-12-13 00:00:00-05:00,11.900996581372548,11.900996581372548,11.118036270141602,11.118036270141602,2000,0.0,0.0
1996-12-16 00:00:00-05:00,11.118036270141602,11.118036270141602,11.118036270141602,11.118036270141602,1000,0.0,0.0
1996-12-17 00:00:00-05:00,11.118036270141602,11.118036270141602,11.118036270141602,11.118036270141602,0,0.0,0.0
1996-12-18 00:00:00-05:00,11.822699546813965,11.822699546813965,11.822699546813965,11.822699546813965,2000,0.0,0.0
1996-12-19 00:00:00-05:00,11.822699686680913,11.822699686680913,11.587811470031738,11.587811470031738,3000,0.0,0.0
1996-12-20 00:00:00-05:00,11.822699546813965,11.822699546813965,11.822699546813965,11.822699546813965,1000,0.0,0.0
1996-12-23 00:00:00-05:00,11.822697339250691,12.057584762573242,11.822697339250691,12.057584762573242,24000,0.0,0.0
1996-12-24 00:00:00-05:00,12.057584762573242,12.057584762573242,12.057584762573242,12.057584762573242,0,0.0,0.0
1996-12-26 00:00:00-05:00,12.057584762573242,12.057584762573242,12.057584762573242,12.057584762573242,0,0.0,0.0
1996-12-27 00:00:00-05:00,11.666104728117112,12.057584762573242,11.666104728117112,12.057584762573242,35000,0.0,0.0
1996-12-30 00:00:00-05:00,11.509516987154607,11.900997161865234,11.509516987154607,11.900997161865234,2000,0.0,0.0
1996-12-31 00:00:00-05:00,11.666108907701023,11.97929349548303,11.509516987154607,11.900997161865234,4000,0.0,0.0
1997-01-02 00:00:00-05:00,11.979290235464967,11.979290235464967,11.509513854980469,11.509513854980469,5000,0.0,0.0
1997-01-03 00:00:00-05:00,11.509513854980469,11.509513854980469,11.509513854980469,11.509513854980469,0,0.0,0.0
1997-01-06 00:00:00-05:00,11.509513854980469,11.509513854980469,11.509513854980469,11.509513854980469,0,0.0,0.0
1997-01-07 00:00:00-05:00,11.509513854980469,11.509513854980469,11.509513854980469,11.509513854980469,0,0.0,0.0
1997-01-08 00:00:00-05:00,11.509513854980469,11.509513854980469,11.509513854980469,11.509513854980469,0,0.0,0.0
1997-01-09 00:00:00-05:00,11.509513854980469,11.509513854980469,11.509513854980469,11.509513854980469,0,0.0,0.0
1997-01-10 00:00:00-05:00,11.744402885437012,11.744402885437012,11.744402885437012,11.744402885437012,2000,0.0,0.0
1997-01-13 00:00:00-05:00,11.509513854980469,11.509513854980469,11.509513854980469,11.509513854980469,1000,0.0,0.0
1997-01-14 00:00:00-05:00,11.431220054626465,11.431220054626465,11.431220054626465,11.431220054626465,6000,0.0,0.0
1997-01-15 00:00:00-05:00,11.4783935546875,11.4783935546875,11.4783935546875,11.4783935546875,0,0.06,0.0
1997-01-16 00:00:00-05:00,11.4783935546875,11.4783935546875,11.4783935546875,11.4783935546875,0,0.0,0.0
1997-01-17 00:00:00-05:00,12.028726577758789,12.028726577758789,11.871488473754642,12.028726577758789,7000,0.0,0.0
1997-01-20 00:00:00-05:00,12.028726577758789,12.028726577758789,11.950107150871505,12.028726577758789,5000,0.0,0.0
1997-01-21 00:00:00-05:00,12.028726577758789,12.028726577758789,12.028726577758789,12.028726577758789,0,0.0,0.0
1997-01-22 00:00:00-05:00,11.753559333423715,12.185964681762936,11.753559333423715,12.028726577758789,11000,0.0,0.0
1997-01-23 00:00:00-05:00,12.028726577758789,12.028726577758789,12.028726577758789,12.028726577758789,0,0.0,0.0
1997-01-24 00:00:00-05:00,12.028726577758789,12.028726577758789,12.028726577758789,12.028726577758789,0,0.0,0.0
1997-01-27 00:00:00-05:00,12.028726577758789,12.028726577758789,12.028726577758789,12.028726577758789,0,0.0,0.0
1997-01-28 00:00:00-05:00,12.107340812683105,12.107340812683105,12.107340812683105,12.107340812683105,3000,0.0,0.0
1997-01-29 00:00:00-05:00,12.107340812683105,12.107340812683105,12.107340812683105,12.107340812683105,0,0.0,0.0
1997-01-30 00:00:00-05:00,12.107340812683105,12.107340812683105,12.107340812683105,12.107340812683105,0,0.0,0.0
1997-01-31 00:00:00-05:00,11.950104346442771,11.950104346442771,11.399770736694336,11.399770736694336,20000,0.0,0.0
1997-02-03 00:00:00-05:00,11.399770736694336,11.399770736694336,11.399770736694336,11.399770736694336,0,0.0,0.0
1997-02-04 00:00:00-05:00,11.399770736694336,11.399770736694336,11.399770736694336,11.399770736694336,0,0.0,0.0
1997-02-05 00:00:00-05:00,12.185965599105325,12.185965599105325,11.822352409362793,11.822352409362793,5000,0.0,0.0
1997-02-06 00:00:00-05:00,11.822352409362793,11.822352409362793,11.822352409362793,11.822352409362793,0,0.0,0.0
1997-02-07 00:00:00-05:00,11.714250564575195,11.714250564575195,11.714250564575195,11.714250564575195,2000,0.0,0.0
1997-02-10 00:00:00-05:00,11.714250564575195,11.714250564575195,11.714250564575195,11.714250564575195,0,0.0,0.0
1997-02-11 00:00:00-05:00,11.714250564575195,11.714250564575195,11.714250564575195,11.714250564575195,0,0.0,0.0
1997-02-12 00:00:00-05:00,11.714250564575195,11.714250564575195,11.714250564575195,11.714250564575195,0,0.0,0.0
1997-02-13 00:00:00-05:00,11.576665947676158,12.14665412902832,11.576665947676158,12.14665412902832,2000,0.0,0.0
1997-02-14 00:00:00-05:00,12.14665412902832,12.14665412902832,12.14665412902832,12.14665412902832,0,0.0,0.0
1997-02-18 00:00:00-05:00,12.14665412902832,12.14665412902832,12.14665412902832,12.14665412902832,0,0.0,0.0
1997-02-19 00:00:00-05:00,12.14665412902832,12.14665412902832,12.14665412902832,12.14665412902832,0,0.0,0.0
1997-02-20 00:00:00-05:00,12.14665412902832,12.14665412902832,12.14665412902832,12.14665412902832,0,0.0,0.0
1997-02-21 00:00:00-05:00,12.14665412902832,12.14665412902832,12.14665412902832,12.14665412902832,0,0.0,0.0
1997-02-24 00:00:00-05:00,12.176136016845703,12.176136016845703,12.176136016845703,12.176136016845703,1000,0.0,0.0
1997-02-25 00:00:00-05:00,11.792866911138443,11.792866911138443,11.773212432861328,11.773212432861328,2000,0.0,0.0
1997-02-26 00:00:00-05:00,11.773212432861328,11.773212432861328,11.773212432861328,11.773212432861328,0,0.0,0.0
1997-02-27 00:00:00-05:00,11.773212432861328,11.773212432861328,11.773212432861328,11.773212432861328,0,0.0,0.0
1997-02-28 00:00:00-05:00,11.792869567871094,11.792869567871094,11.792869567871094,11.792869567871094,3000,0.0,0.0
1997-03-03 00:00:00-05:00,11.792869567871094,11.792869567871094,11.792869567871094,11.792869567871094,0,0.0,0.0
1997-03-04 00:00:00-05:00,11.792869567871094,11.792869567871094,11.792869567871094,11.792869567871094,0,0.0,0.0
1997-03-05 00:00:00-05:00,11.792869567871094,11.792869567871094,11.792869567871094,11.792869567871094,0,0.0,0.0
1997-03-06 00:00:00-05:00,12.185961723327637,12.185961723327637,12.185961723327637,12.185961723327637,8000,0.0,0.0
1997-03-07 00:00:00-05:00,12.185961723327637,12.185961723327637,12.185961723327637,12.185961723327637,0,0.0,0.0
1997-03-10 00:00:00-05:00,12.185961723327637,12.185961723327637,12.185961723327637,12.185961723327637,0,0.0,0.0
1997-03-11 00:00:00-05:00,11.635631456920237,12.107345789772808,11.635631456920237,11.792869567871094,27000,0.0,0.0
1997-03-12 00:00:00-05:00,11.635627746582031,11.733901628310308,11.596318043936678,11.635627746582031,114000,0.0,0.0
1997-03-13 00:00:00-05:00,11.635627746582031,11.635627746582031,11.635627746582031,11.635627746582031,0,0.0,0.0
1997-03-14 00:00:00-05:00,11.399770736694336,11.399770736694336,11.399770736694336,11.399770736694336,1000,0.0,0.0
1997-03-17 00:00:00-05:00,11.399770736694336,11.399770736694336,11.399770736694336,11.399770736694336,0,0.0,0.0
1997-03-18 00:00:00-05:00,11.399770736694336,11.399770736694336,11.399770736694336,11.399770736694336,18000,0.0,0.0
1997-03-19 00:00:00-05:00,11.242532124866578,11.321150779724121,11.242532124866578,11.321150779724121,20000,0.0,0.0
1997-03-20 00:00:00-05:00,11.242532730102539,11.242532730102539,11.242532730102539,11.242532730102539,18000,0.0,0.0
1997-03-21 00:00:00-05:00,11.242534098913284,11.242534098913284,11.085296011818972,11.163914680480957,18000,0.0,0.0
1997-03-24 00:00:00-05:00,11.163914680480957,11.163914680480957,11.163914680480957,11.163914680480957,0,0.0,0.0
1997-03-25 00:00:00-05:00,10.770819664001465,10.770819664001465,10.770819664001465,10.770819664001465,5000,0.0,0.0
1997-03-26 00:00:00-05:00,10.78064561618703,10.78064561618703,10.220484733581543,10.220484733581543,33000,0.0,0.0
1997-03-27 00:00:00-05:00,10.417032446529394,10.417032446529394,10.141865251807296,10.37772274017334,15000,0.0,0.0
1997-03-31 00:00:00-05:00,10.220483285409433,10.613578796386719,10.141863883305902,10.613578796386719,30000,0.0,0.0
1997-04-01 00:00:00-05:00,10.652890280587764,10.652890280587764,10.259794703811613,10.475996971130371,51000,0.0,0.0
1997-04-02 00:00:00-05:00,10.475996971130371,10.475996971130371,10.475996971130371,10.475996971130371,0,0.0,0.0
1997-04-03 00:00:00-05:00,10.456342223541329,10.456342223541329,10.220484733581543,10.220484733581543,18000,0.0,0.0
1997-04-04 00:00:00-05:00,10.495652198791504,10.495652198791504,10.495652198791504,10.495652198791504,4000,0.0,0.0
1997-04-07 00:00:00-04:00,10.613578796386719,10.613578796386719,10.613578796386719,10.613578796386719,1000,0.0,0.0
1997-04-08 00:00:00-04:00,10.613578796386719,10.613578796386719,10.613578796386719,10.613578796386719,0,0.0,0.0
1997-04-09 00:00:00-04:00,10.220484733581543,10.220484733581543,10.220484733581543,10.220484733581543,15000,0.0,0.0
1997-04-10 00:00:00-04:00,10.220484733581543,10.220484733581543,10.220484733581543,10.220484733581543,0,0.0,0.0
1997-04-11 00:00:00-04:00,10.220484733581543,10.220484733581543,10.220484733581543,10.220484733581543,0,0.0,0.0
1997-04-14 00:00:00-04:00,9.90600872039795,9.90600872039795,9.90600872039795,9.90600872039795,1000,0.0,0.0
1997-04-15 00:00:00-04:00,9.90600872039795,9.90600872039795,9.90600872039795,9.90600872039795,0,0.0,0.0
1997-04-16 00:00:00-04:00,9.953406367739845,10.427377633172656,9.953406367739845,10.111396789550781,7000,0.06,0.0
1997-04-17 00:00:00-04:00,10.427381629024389,10.427381629024389,10.348386764526367,10.348386764526367,10000,0.0,0.0
1997-04-18 00:00:00-04:00,9.992899585768585,10.190387725830078,9.992899585768585,10.190387725830078,4000,0.0,0.0
1997-04-21 00:00:00-04:00,10.071898460388184,10.071898460388184,10.071898460388184,10.071898460388184,14000,0.0,0.0
1997-04-22 00:00:00-04:00,10.111393695877815,10.348379632765093,10.042272389550366,10.170639991760254,24000,0.0,0.0
1997-04-23 00:00:00-04:00,10.170639991760254,10.170639991760254,10.170639991760254,10.170639991760254,0,0.0,0.0
1997-04-24 00:00:00-04:00,10.170639991760254,10.170639991760254,10.170639991760254,10.170639991760254,0,0.0,0.0
1997-04-25 00:00:00-04:00,10.190391504867273,10.190391504867273,10.032401084899902,10.032401084899902,10000,0.0,0.0
1997-04-28 00:00:00-04:00,10.190391082108487,10.190391082108487,9.992902877002837,10.071898460388184,3000,0.0,0.0
1997-04-29 00:00:00-04:00,10.071898460388184,10.071898460388184,10.071898460388184,10.071898460388184,0,0.0,0.0
1997-04-30 00:00:00-04:00,10.111400664316212,10.348386764526367,9.992907237532114,10.348386764526367,48000,0.0,0.0
1997-05-01 00:00:00-04:00,10.111400954291144,10.229893631115333,9.992907524108887,9.992907524108887,602000,0.0,0.0
1997-05-02 00:00:00-04:00,10.071898460388184,10.071898460388184,10.071898460388184,10.071898460388184,1000,0.0,0.0
1997-05-05 00:00:00-04:00,10.229888662538878,10.229888662538878,10.200265884399414,10.200265884399414,168000,0.0,0.0
1997-05-06 00:00:00-04:00,9.992902670634663,10.229888662538878,9.992902670634663,10.200265884399414,240000,0.0,0.0
1997-05-07 00:00:00-04:00,10.348386764526367,10.348386764526367,10.190395528814234,10.348386764526367,5000,0.0,0.0
1997-05-08 00:00:00-04:00,10.348378840565248,10.348378840565248,10.190387725830078,10.190387725830078,3000,0.0,0.0
1997-05-09 00:00:00-04:00,10.348386764526367,10.348386764526367,10.348386764526367,10.348386764526367,3000,0.0,0.0
1997-05-12 00:00:00-04:00,10.26938533782959,10.26938533782959,10.26938533782959,10.26938533782959,24000,0.0,0.0
1997-05-13 00:00:00-04:00,10.348380911002096,10.348380911002096,10.26938533782959,10.26938533782959,6000,0.0,0.0
1997-05-14 00:00:00-04:00,10.190388505935225,10.190388505935225,10.170639991760254,10.170639991760254,84000,0.0,0.0
1997-05-15 00:00:00-04:00,10.26938533782959,10.26938533782959,10.26938533782959,10.26938533782959,1000,0.0,0.0
1997-05-16 00:00:00-04:00,10.111396789550781,10.111396789550781,10.111396789550781,10.111396789550781,3000,0.0,0.0
1997-05-19 00:00:00-04:00,10.032401084899902,10.032401084899902,10.032401084899902,10.032401084899902,1000,0.0,0.0
1997-05-20 00:00:00-04:00,10.037335637685386,10.170639991760254,10.037335637685386,10.170639991760254,16000,0.0,0.0
1997-05-21 00:00:00-04:00,10.190387725830078,10.269383283197662,10.190387725830078,10.190387725830078,4000,0.0,0.0
1997-05-22 00:00:00-04:00,10.111393695877815,10.703858161417248,10.03239813246288,10.170639991760254,153000,0.0,0.0
1997-05-23 00:00:00-04:00,10.348386764526367,10.348386764526367,10.348386764526367,10.348386764526367,9000,0.0,0.0
1997-05-27 00:00:00-04:00,10.348386764526367,10.348386764526367,10.348386764526367,10.348386764526367,0,0.0,0.0
1997-05-28 00:00:00-04:00,10.348386764526367,10.348386764526367,10.348386764526367,10.348386764526367,0,0.0,0.0
1997-05-29 00:00:00-04:00,10.348382678192392,10.348382678192392,10.032401084899902,10.032401084899902,2000,0.0,0.0
1997-05-30 00:00:00-04:00,10.032401084899902,10.032401084899902,10.032401084899902,10.032401084899902,2000,0.0,0.0
1997-06-02 00:00:00-04:00,10.032401084899902,10.032401084899902,10.032401084899902,10.032401084899902,0,0.0,0.0
1997-06-03 00:00:00-04:00,10.032401084899902,10.032401084899902,10.032401084899902,10.032401084899902,1000,0.0,0.0
1997-06-04 00:00:00-04:00,10.032401084899902,10.032401084899902,10.032401084899902,10.032401084899902,2000,0.0,0.0
1997-06-05 00:00:00-04:00,10.032401084899902,10.032401084899902,10.032401084899902,10.032401084899902,0,0.0,0.0
1997-06-06 00:00:00-04:00,10.032397364452377,10.190387725830078,10.032397364452377,10.190387725830078,6000,0.0,0.0
1997-06-09 00:00:00-04:00,10.032405046460147,10.348386764526367,10.032405046460147,10.348386764526367,20000,0.0,0.0
1997-06-10 00:00:00-04:00,10.190391504867273,10.190391504867273,9.874410664932531,10.032401084899902,55000,0.0,0.0
1997-06-11 00:00:00-04:00,10.032401084899902,10.032401084899902,10.032401084899902,10.032401084899902,0,0.0,0.0
1997-06-12 00:00:00-04:00,9.874409675598145,9.874409675598145,9.874409675598145,9.874409675598145,5000,0.0,0.0
1997-06-13 00:00:00-04:00,10.190391623777373,10.190391623777373,10.032401201966435,10.111396789550781,146000,0.0,0.0
1997-06-16 00:00:00-04:00,10.111396789550781,10.111396789550781,10.111396789550781,10.111396789550781,0,0.0,0.0
1997-06-17 00:00:00-04:00,10.032400079736181,10.032400079736181,9.874409675598145,9.874409675598145,3000,0.0,0.0
1997-06-18 00:00:00-04:00,9.874409675598145,9.874409675598145,9.874409675598145,9.874409675598145,0,0.0,0.0
1997-06-19 00:00:00-04:00,10.190387725830078,10.190387725830078,10.190387725830078,10.190387725830078,3000,0.0,0.0
1997-06-20 00:00:00-04:00,10.190391504867273,10.190391504867273,10.032401084899902,10.032401084899902,12000,0.0,0.0
1997-06-23 00:00:00-04:00,9.953405254345999,9.953405254345999,9.874409675598145,9.874409675598145,16000,0.0,0.0
1997-06-24 00:00:00-04:00,9.874409675598145,9.874409675598145,9.874409675598145,9.874409675598145,0,0.0,0.0
1997-06-25 00:00:00-04:00,9.874409675598145,9.874409675598145,9.874409675598145,9.874409675598145,0,0.0,0.0
1997-06-26 00:00:00-04:00,9.874409675598145,9.874409675598145,9.874409675598145,9.874409675598145,0,0.0,0.0
1997-06-27 00:00:00-04:00,9.874409675598145,9.874409675598145,9.874409675598145,9.874409675598145,0,0.0,0.0
1997-06-30 00:00:00-04:00,10.25951283153645,10.25951283153645,10.032401084899902,10.032401084899902,9000,0.0,0.0
1997-07-01 00:00:00-04:00,10.26938721136172,10.26938721136172,10.111396789550781,10.111396789550781,11000,0.0,0.0
1997-07-02 00:00:00-04:00,10.111396789550781,10.111396789550781,10.111396789550781,10.111396789550781,0,0.0,0.0
1997-07-03 00:00:00-04:00,10.111394944842196,10.26938533782959,10.111394944842196,10.26938533782959,37000,0.0,0.0
1997-07-07 00:00:00-04:00,10.190387725830078,10.190387725830078,10.190387725830078,10.190387725830078,30000,0.0,0.0
1997-07-08 00:00:00-04:00,10.190387725830078,10.190387725830078,10.190387725830078,10.190387725830078,0,0.0,0.0
1997-07-09 00:00:00-04:00,10.26938533782959,10.26938533782959,10.26938533782959,10.26938533782959,1000,0.0,0.0
1997-07-10 00:00:00-04:00,10.190392075860062,10.190392075860062,10.150895033673413,10.185455322265625,59000,0.0,0.0
1997-07-11 00:00:00-04:00,10.185455322265625,10.185455322265625,10.185455322265625,10.185455322265625,0,0.0,0.0
1997-07-14 00:00:00-04:00,10.269383283197662,10.269383283197662,10.150890700503753,10.190387725830078,8000,0.0,0.0
1997-07-15 00:00:00-04:00,10.190387725830078,10.190387725830078,10.190387725830078,10.190387725830078,0,0.0,0.0
1997-07-16 00:00:00-04:00,10.079280937033182,10.198328018188477,10.079280937033182,10.198328018188477,12000,0.06,0.0
1997-07-17 00:00:00-04:00,10.158646583557129,10.158646583557129,10.158646583557129,10.158646583557129,1000,0.0,0.0
1997-07-18 00:00:00-04:00,10.07928170966441,10.23801040649414,10.07928170966441,10.23801040649414,4000,0.0,0.0
1997-07-21 00:00:00-04:00,10.118965148925781,10.118965148925781,10.118965148925781,10.118965148925781,5000,0.0,0.0
1997-07-22 00:00:00-04:00,10.118965148925781,10.118965148925781,10.118965148925781,10.118965148925781,0,0.0,0.0
1997-07-23 00:00:00-04:00,10.079282760620117,10.317376209129517,10.079282760620117,10.079282760620117,15000,0.0,0.0
1997-07-24 00:00:00-04:00,10.079282760620117,10.079282760620117,10.079282760620117,10.079282760620117,0,0.0,0.0
1997-07-25 00:00:00-04:00,10.238012241412811,10.515788078308105,10.198330627751997,10.515788078308105,38000,0.0,0.0
1997-07-28 00:00:00-04:00,10.515788078308105,10.515788078308105,10.515788078308105,10.515788078308105,0,0.0,0.0
1997-07-29 00:00:00-04:00,10.515788078308105,10.515788078308105,10.515788078308105,10.515788078308105,0,0.0,0.0
1997-07-30 00:00:00-04:00,10.515788078308105,10.515788078308105,10.515788078308105,10.515788078308105,0,0.0,0.0
1997-07-31 00:00:00-04:00,10.515788078308105,10.515788078308105,10.515788078308105,10.515788078308105,0,0.0,0.0
1997-08-01 00:00:00-04:00,10.515788078308105,10.515788078308105,10.515788078308105,10.515788078308105,0,0.0,0.0
1997-08-04 00:00:00-04:00,10.515788078308105,10.515788078308105,10.515788078308105,10.515788078308105,0,0.0,0.0
1997-08-05 00:00:00-04:00,10.515788078308105,10.515788078308105,10.515788078308105,10.515788078308105,0,0.0,0.0
1997-08-06 00:00:00-04:00,10.515788078308105,10.515788078308105,10.515788078308105,10.515788078308105,0,0.0,0.0
1997-08-07 00:00:00-04:00,10.515788078308105,10.515788078308105,10.515788078308105,10.515788078308105,0,0.0,0.0
1997-08-08 00:00:00-04:00,10.555466651916504,10.555466651916504,10.555466651916504,10.555466651916504,1000,0.0,0.0
1997-08-11 00:00:00-04:00,10.317381661342772,10.43642807006836,10.317381661342772,10.43642807006836,3000,0.0,0.0
1997-08-12 00:00:00-04:00,10.555466651916504,10.714195320097913,10.476101939386805,10.555466651916504,23000,0.0,0.0
1997-08-13 00:00:00-04:00,10.793562471125913,11.42847728729248,10.793562471125913,11.42847728729248,12000,0.0,0.0
1997-08-14 00:00:00-04:00,11.111018797109237,12.301485096799514,11.111018797109237,12.06339168548584,95000,0.0,0.0
1997-08-15 00:00:00-04:00,12.222121492445225,12.460214925545463,11.984028816223145,11.984028816223145,51000,0.0,0.0
1997-08-18 00:00:00-04:00,11.984027719633342,12.06339168548584,11.984027719633342,12.06339168548584,14000,0.0,0.0
1997-08-19 00:00:00-04:00,11.984028567429327,12.222121238708496,11.984028567429327,12.222121238708496,22000,0.0,0.0
1997-08-20 00:00:00-04:00,11.984029749679122,11.984029749679122,11.507842846387657,11.944347381591797,18000,0.0,0.0
1997-08-21 00:00:00-04:00,12.06339168548584,12.06339168548584,12.06339168548584,12.06339168548584,2000,0.0,0.0
1997-08-22 00:00:00-04:00,11.944347381591797,11.944347381591797,11.944347381591797,11.944347381591797,2000,0.0,0.0
1997-08-25 00:00:00-04:00,11.944347381591797,11.944347381591797,11.944347381591797,11.944347381591797,0,0.0,0.0
1997-08-26 00:00:00-04:00,11.984029749679122,11.984029749679122,11.944347381591797,11.944347381591797,6000,0.0,0.0
1997-08-27 00:00:00-04:00,12.142757415771484,12.142757415771484,12.142757415771484,12.142757415771484,5000,0.0,0.0
1997-08-28 00:00:00-04:00,11.74593734741211,11.74593734741211,11.74593734741211,11.74593734741211,1000,0.0,0.0
1997-08-29 00:00:00-04:00,12.142759549980909,12.142759549980909,11.74593734741211,11.74593734741211,6000,0.0,0.0
1997-09-02 00:00:00-04:00,11.74593734741211,11.74593734741211,11.74593734741211,11.74593734741211,0,0.0,0.0
1997-09-03 00:00:00-04:00,12.222116628030493,12.222116628030493,12.182435035705566,12.182435035705566,6000,0.0,0.0
1997-09-04 00:00:00-04:00,12.222121238708496,12.222121238708496,12.222121238708496,12.222121238708496,2000,0.0,0.0
1997-09-05 00:00:00-04:00,12.222121238708496,12.222121238708496,12.222121238708496,12.222121238708496,0,0.0,0.0
1997-09-08 00:00:00-04:00,11.984028816223145,11.984028816223145,11.984028816223145,11.984028816223145,1000,0.0,0.0
1997-09-09 00:00:00-04:00,11.984028816223145,11.984028816223145,11.984028816223145,11.984028816223145,0,0.0,0.0
1997-09-10 00:00:00-04:00,11.984028816223145,11.984028816223145,11.984028816223145,11.984028816223145,0,0.0,0.0
1997-09-11 00:00:00-04:00,11.984028816223145,11.984028816223145,11.984028816223145,11.984028816223145,0,0.0,0.0
1997-09-12 00:00:00-04:00,11.984028816223145,11.984028816223145,11.984028816223145,11.984028816223145,0,0.0,0.0
1997-09-15 00:00:00-04:00,11.587201358291095,11.592161178588867,11.587201358291095,11.592161178588867,152000,0.0,0.0
1997-09-16 00:00:00-04:00,11.592161178588867,11.592161178588867,11.592161178588867,11.592161178588867,0,0.0,0.0
1997-09-17 00:00:00-04:00,11.592161178588867,11.592161178588867,11.592161178588867,11.592161178588867,0,0.0,0.0
1997-09-18 00:00:00-04:00,11.592161178588867,11.592161178588867,11.592161178588867,11.592161178588867,0,0.0,0.0
1997-09-19 00:00:00-04:00,11.587204933166504,11.587204933166504,11.587204933166504,11.587204933166504,1000,0.0,0.0
1997-09-22 00:00:00-04:00,11.587204933166504,11.587204933166504,11.587204933166504,11.587204933166504,5000,0.0,0.0
1997-09-23 00:00:00-04:00,11.745936278084628,11.904664993286133,11.587207562883123,11.904664993286133,3000,0.0,0.0
1997-09-24 00:00:00-04:00,11.587204933166504,11.587204933166504,11.587204933166504,11.587204933166504,6000,0.0,0.0
1997-09-25 00:00:00-04:00,11.587204933166504,11.587204933166504,11.587204933166504,11.587204933166504,0,0.0,0.0
1997-09-26 00:00:00-04:00,11.74593734741211,11.74593734741211,11.74593734741211,11.74593734741211,1000,0.0,0.0
1997-09-29 00:00:00-04:00,11.74593734741211,11.74593734741211,11.74593734741211,11.74593734741211,0,0.0,0.0
1997-09-30 00:00:00-04:00,11.74593734741211,11.74593734741211,11.74593734741211,11.74593734741211,3000,0.0,0.0
1997-10-01 00:00:00-04:00,11.74593734741211,11.74593734741211,11.74593734741211,11.74593734741211,0,0.0,0.0
1997-10-02 00:00:00-04:00,11.74593734741211,11.74593734741211,11.74593734741211,11.74593734741211,0,0.0,0.0
1997-10-03 00:00:00-04:00,11.74593734741211,11.74593734741211,11.74593734741211,11.74593734741211,0,0.0,0.0
1997-10-06 00:00:00-04:00,11.904664993286133,11.904664993286133,11.904664993286133,11.904664993286133,4000,0.0,0.0
1997-10-07 00:00:00-04:00,11.904664993286133,11.904664993286133,11.904664993286133,11.904664993286133,0,0.0,0.0
1997-10-08 00:00:00-04:00,11.904664993286133,11.904664993286133,11.904664993286133,11.904664993286133,0,0.0,0.0
1997-10-09 00:00:00-04:00,11.74593734741211,11.74593734741211,11.74593734741211,11.74593734741211,3000,0.0,0.0
1997-10-10 00:00:00-04:00,11.825300216674805,11.825300216674805,11.825300216674805,11.825300216674805,10000,0.0,0.0
1997-10-13 00:00:00-04:00,11.745935452253926,11.745935452253926,11.408636483116586,11.42847728729248,68000,0.0,0.0
1997-10-14 00:00:00-04:00,11.42847728729248,11.42847728729248,11.42847728729248,11.42847728729248,0,0.0,0.0
1997-10-15 00:00:00-04:00,11.476295471191406,11.476295471191406,11.476295471191406,11.476295471191406,0,0.06,0.0
1997-10-16 00:00:00-04:00,11.476295471191406,11.476295471191406,11.476295471191406,11.476295471191406,0,0.0,0.0
1997-10-17 00:00:00-04:00,11.476295471191406,11.476295471191406,11.476295471191406,11.476295471191406,0,0.0,0.0
1997-10-20 00:00:00-04:00,11.476295471191406,11.496220051828166,11.476295471191406,11.476295471191406,70000,0.0,0.0
1997-10-21 00:00:00-04:00,11.476295471191406,11.476295471191406,11.476295471191406,11.476295471191406,0,0.0,0.0
1997-10-22 00:00:00-04:00,11.476295471191406,11.476295471191406,11.476295471191406,11.476295471191406,0,0.0,0.0
1997-10-23 00:00:00-04:00,11.476295471191406,11.476295471191406,11.476295471191406,11.476295471191406,0,0.0,0.0
1997-10-24 00:00:00-04:00,11.476295471191406,11.476295471191406,11.476295471191406,11.476295471191406,0,0.0,0.0
1997-10-27 00:00:00-05:00,11.476295471191406,11.476295471191406,11.476295471191406,11.476295471191406,0,0.0,0.0
1997-10-28 00:00:00-05:00,11.476295471191406,11.476295471191406,11.476295471191406,11.476295471191406,0,0.0,0.0
1997-10-29 00:00:00-05:00,11.635687828063965,11.635687828063965,11.635687828063965,11.635687828063965,1000,0.0,0.0
1997-10-30 00:00:00-05:00,11.795081920974246,11.795081920974246,11.476295471191406,11.476295471191406,2000,0.0,0.0
1997-10-31 00:00:00-05:00,11.635687828063965,11.635687828063965,11.476294240246549,11.635687828063965,3000,0.0,0.0
1997-11-03 00:00:00-05:00,11.635687828063965,11.635687828063965,11.635687828063965,11.635687828063965,0,0.0,0.0
1997-11-04 00:00:00-05:00,11.635687828063965,11.635687828063965,11.635687828063965,11.635687828063965,0,0.0,0.0
1997-11-05 00:00:00-05:00,11.79508120979998,11.79508120979998,11.755232810974121,11.755232810974121,19000,0.0,0.0
1997-11-06 00:00:00-05:00,11.755232810974121,11.755232810974121,11.755232810974121,11.755232810974121,0,0.0,0.0
1997-11-07 00:00:00-05:00,11.555990742228705,11.805042266845703,11.555990742228705,11.805042266845703,30000,0.0,0.0
1997-11-10 00:00:00-05:00,11.805042266845703,11.805042266845703,11.805042266845703,11.805042266845703,0,0.0,0.0
1997-11-11 00:00:00-05:00,11.805042266845703,11.805042266845703,11.805042266845703,11.805042266845703,0,0.0,0.0
1997-11-12 00:00:00-05:00,11.605799674987793,11.605799674987793,11.605799674987793,11.605799674987793,1000,0.0,0.0
1997-11-13 00:00:00-05:00,11.775158882141113,11.775158882141113,11.775158882141113,11.775158882141113,1000,0.0,0.0
1997-11-14 00:00:00-05:00,11.635688033037445,11.735308647155762,11.635688033037445,11.735308647155762,11000,0.0,0.0
1997-11-17 00:00:00-05:00,11.954472897667069,12.193562507629395,11.954472897667069,12.193562507629395,12000,0.0,0.0
1997-11-18 00:00:00-05:00,12.193564727312785,12.43265438079834,12.193564727312785,12.43265438079834,8000,0.0,0.0
1997-11-19 00:00:00-05:00,12.352957766996356,12.532275199890137,12.352957766996356,12.532275199890137,4000,0.0,0.0
1997-11-20 00:00:00-05:00,12.67174243927002,12.67174243927002,12.67174243927002,12.67174243927002,1000,0.0,0.0
1997-11-21 00:00:00-05:00,12.67174243927002,12.67174243927002,12.67174243927002,12.67174243927002,0,0.0,0.0
1997-11-24 00:00:00-05:00,12.67174243927002,12.67174243927002,12.67174243927002,12.67174243927002,0,0.0,0.0
1997-11-25 00:00:00-05:00,12.273260771777931,12.671743274238839,12.273260771777931,12.43265438079834,13000,0.0,0.0
1997-11-26 00:00:00-05:00,12.671740466133558,12.711588859558105,12.671740466133558,12.711588859558105,4000,0.0,0.0
1997-11-28 00:00:00-05:00,12.43265438079834,12.43265438079834,12.43265438079834,12.43265438079834,22000,0.0,0.0
1997-12-01 00:00:00-05:00,12.99052619934082,12.99052619934082,12.99052619934082,12.99052619934082,2000,0.0,0.0
1997-12-02 00:00:00-05:00,12.99052619934082,12.99052619934082,12.99052619934082,12.99052619934082,0,0.0,0.0
1997-12-03 00:00:00-05:00,12.831133759705013,13.229616165161133,12.831133759705013,13.229616165161133,3000,0.0,0.0
1997-12-04 00:00:00-05:00,13.229619862282984,13.229619862282984,13.189770698547363,13.189770698547363,15000,0.0,0.0
1997-12-05 00:00:00-05:00,12.75143697459584,13.229616165161133,12.75143697459584,13.229616165161133,21000,0.0,0.0
1997-12-08 00:00:00-05:00,13.389009475708006,13.389009475708006,13.389009475708006,13.389009475708008,12000,0.0,0.0
1997-12-09 00:00:00-05:00,13.389009475708006,13.389009475708006,13.389009475708006,13.389009475708008,0,0.0,0.0
1997-12-10 00:00:00-05:00,13.389009475708006,13.389009475708006,13.389009475708006,13.389009475708008,0,0.0,0.0
1997-12-11 00:00:00-05:00,13.030374962433074,13.229616165161133,13.030374962433074,13.229616165161133,24000,0.0,0.0
1997-12-12 00:00:00-05:00,13.229616165161133,13.229616165161133,13.229616165161133,13.229616165161133,2000,0.0,0.0
1997-12-15 00:00:00-05:00,13.229616165161133,13.229616165161133,13.229616165161133,13.229616165161133,0,0.0,0.0
1997-12-16 00:00:00-05:00,13.229616165161133,13.229616165161133,13.229616165161133,13.229616165161133,0,0.0,0.0
1997-12-17 00:00:00-05:00,13.229616165161133,13.229616165161133,13.229616165161133,13.229616165161133,0,0.0,0.0
1997-12-18 00:00:00-05:00,13.229616165161133,13.229616165161133,13.229616165161133,13.229616165161133,0,0.0,0.0
1997-12-19 00:00:00-05:00,13.299353998707613,13.299353998707613,13.189770698547363,13.189770698547363,2000,0.0,0.0
1997-12-22 00:00:00-05:00,13.229616131305894,13.946884155273438,13.229616131305894,13.946884155273438,30000,0.0,0.0
1997-12-23 00:00:00-05:00,14.026583406119078,14.10628020503538,14.026583406119078,14.066431045532227,15000,0.0,0.0
1997-12-24 00:00:00-05:00,13.787494941044788,14.425067901611328,13.787494941044788,14.425067901611328,6000,0.0,0.0
1997-12-26 00:00:00-05:00,14.66415500640869,14.66415500640869,14.66415500640869,14.664155006408691,1000,0.0,0.0
1997-12-29 00:00:00-05:00,14.66415500640869,14.66415500640869,14.66415500640869,14.664155006408691,0,0.0,0.0
1997-12-30 00:00:00-05:00,14.982939720153809,14.982939720153809,14.982939720153809,14.982939720153809,1000,0.0,0.0
1997-12-31 00:00:00-05:00,14.42506478157889,14.903244018554688,14.42506478157889,14.903244018554688,5000,0.0,0.0
1998-01-02 00:00:00-05:00,14.903244018554688,14.903244018554688,14.903244018554688,14.903244018554688,0,0.0,0.0
1998-01-05 00:00:00-05:00,14.903244018554688,14.903244018554688,14.903244018554688,14.903244018554688,0,0.0,0.0
1998-01-06 00:00:00-05:00,14.504764556884767,14.504764556884767,14.504764556884767,14.504764556884766,2000,0.0,0.0
1998-01-07 00:00:00-05:00,14.504761709035504,14.823547363281248,14.504761709035504,14.82354736328125,12000,0.0,0.0
1998-01-08 00:00:00-05:00,14.823547363281248,14.823547363281248,14.823547363281248,14.82354736328125,0,0.0,0.0
1998-01-09 00:00:00-05:00,15.222028732299805,15.222028732299805,15.222028732299805,15.222028732299805,1000,0.0,0.0
1998-01-12 00:00:00-05:00,15.222028732299805,15.222028732299805,15.222028732299805,15.222028732299805,0,0.0,0.0
1998-01-13 00:00:00-05:00,15.222028732299805,15.222028732299805,15.222028732299805,15.222028732299805,0,0.0,0.0
1998-01-14 00:00:00-05:00,15.194042602259046,15.194042602259046,15.159055709838867,15.159055709838867,3000,0.065,0.0
1998-01-15 00:00:00-05:00,15.159055709838867,15.159055709838867,15.159055709838867,15.159055709838867,0,0.0,0.0
1998-01-16 00:00:00-05:00,14.79419920454613,15.124070167541504,14.634261305735995,15.124070167541504,5000,0.0,0.0
1998-01-20 00:00:00-05:00,15.159055709838867,15.159055709838867,15.159055709838867,15.159055709838867,1000,0.0,0.0
1998-01-21 00:00:00-05:00,15.159055709838867,15.159055709838867,15.159055709838867,15.159055709838867,0,0.0,0.0
1998-01-22 00:00:00-05:00,15.159055709838867,15.159055709838867,15.159055709838867,15.159055709838867,0,0.0,0.0
1998-01-23 00:00:00-05:00,14.914154603969497,14.914154603969497,14.634263992309572,14.63426399230957,4000,0.0,0.0
1998-01-26 00:00:00-05:00,14.914148330688477,14.914148330688477,14.914148330688477,14.914148330688477,3000,0.0,0.0
1998-01-27 00:00:00-05:00,14.914148330688477,14.914148330688477,14.914148330688477,14.914148330688477,0,0.0,0.0
1998-01-28 00:00:00-05:00,14.914148330688477,14.914148330688477,14.914148330688477,14.914148330688477,0,0.0,0.0
1998-01-29 00:00:00-05:00,14.914148330688477,14.914148330688477,14.914148330688477,14.914148330688477,0,0.0,0.0
1998-01-30 00:00:00-05:00,14.914148330688477,14.914148330688477,14.914148330688477,14.914148330688477,0,0.0,0.0
1998-02-02 00:00:00-05:00,14.634258994558726,14.634258994558726,12.685024359035888,13.034886360168457,118000,0.0,0.0
1998-02-03 00:00:00-05:00,13.994511096311289,13.994511096311289,13.194824747950644,13.51469898223877,32000,0.0,0.0
1998-02-04 00:00:00-05:00,13.51469898223877,13.51469898223877,13.51469898223877,13.51469898223877,32000,0.0,0.0
1998-02-05 00:00:00-05:00,13.51469898223877,13.51469898223877,13.51469898223877,13.51469898223877,0,0.0,0.0
1998-02-06 00:00:00-05:00,13.274793227157502,13.754605324578733,13.274793227157502,13.43472957611084,28000,0.0,0.0
1998-02-09 00:00:00-05:00,13.43472957611084,13.43472957611084,13.43472957611084,13.43472957611084,0,0.0,0.0
1998-02-10 00:00:00-05:00,13.43472957611084,13.43472957611084,13.43472957611084,13.43472957611084,0,0.0,0.0
1998-02-11 00:00:00-05:00,13.43472957611084,13.43472957611084,13.43472957611084,13.43472957611084,0,0.0,0.0
1998-02-12 00:00:00-05:00,13.43472957611084,13.43472957611084,13.43472957611084,13.43472957611084,0,0.0,0.0
1998-02-13 00:00:00-05:00,14.11446475982666,14.11446475982666,14.11446475982666,14.11446475982666,1000,0.0,0.0
1998-02-17 00:00:00-05:00,13.674637794494629,13.674637794494629,13.514699903804093,13.674637794494629,11000,0.0,0.0
1998-02-18 00:00:00-05:00,13.51469898223877,13.51469898223877,13.51469898223877,13.51469898223877,1000,0.0,0.0
1998-02-19 00:00:00-05:00,13.799592018127441,13.799592018127441,13.799592018127441,13.799592018127441,1000,0.0,0.0
1998-02-20 00:00:00-05:00,14.634263992309572,14.634263992309572,14.634263992309572,14.63426399230957,1000,0.0,0.0
1998-02-23 00:00:00-05:00,14.634263992309572,14.634263992309572,14.634263992309572,14.63426399230957,0,0.0,0.0
1998-02-24 00:00:00-05:00,14.634263992309572,14.634263992309572,14.634263992309572,14.63426399230957,0,0.0,0.0
1998-02-25 00:00:00-05:00,14.634263992309572,14.634263992309572,14.634263992309572,14.63426399230957,0,0.0,0.0
1998-02-26 00:00:00-05:00,14.634263992309572,14.634263992309572,14.634263992309572,14.63426399230957,0,0.0,0.0
1998-02-27 00:00:00-05:00,14.634263992309572,14.634263992309572,14.634263992309572,14.63426399230957,0,0.0,0.0
1998-03-02 00:00:00-05:00,13.914536476135254,13.914536476135254,13.914536476135254,13.914536476135254,1000,0.0,0.0
1998-03-03 00:00:00-05:00,14.314387321472168,14.314387321472168,14.314387321472168,14.314387321472168,2000,0.0,0.0
1998-03-04 00:00:00-05:00,14.314387321472168,14.314387321472168,14.314387321472168,14.314387321472168,0,0.0,0.0
1998-03-05 00:00:00-05:00,14.314387321472168,14.314387321472168,14.314387321472168,14.314387321472168,0,0.0,0.0
1998-03-06 00:00:00-05:00,14.314387321472168,14.314387321472168,14.314387321472168,14.314387321472168,0,0.0,0.0
1998-03-09 00:00:00-05:00,14.314387321472168,14.314387321472168,14.314387321472168,14.314387321472168,0,0.0,0.0
1998-03-10 00:00:00-05:00,14.314387321472168,14.314387321472168,14.314387321472168,14.314387321472168,0,0.0,0.0
1998-03-11 00:00:00-05:00,14.314387321472168,14.314387321472168,14.314387321472168,14.314387321472168,0,0.0,0.0
1998-03-12 00:00:00-05:00,13.914537009901537,14.234411125879022,13.914537009901537,14.154443740844727,10000,0.0,0.0
1998-03-13 00:00:00-05:00,14.154443740844725,14.154443740844725,14.154443740844725,14.154443740844727,0,0.0,0.0
1998-03-16 00:00:00-05:00,14.154443740844725,14.154443740844725,14.154443740844725,14.154443740844727,0,0.0,0.0
1998-03-17 00:00:00-05:00,14.814186807479668,15.114069137692942,13.914539816839845,13.994508743286133,7000,0.0,0.0
1998-03-18 00:00:00-05:00,13.994508743286133,13.994508743286133,13.994508743286133,13.994508743286133,0,0.0,0.0
1998-03-19 00:00:00-05:00,14.674245834350586,14.674245834350586,14.674245834350586,14.674245834350586,2000,0.0,0.0
1998-03-20 00:00:00-05:00,15.114074228597056,15.433948516845703,15.114074228597056,15.433948516845703,4000,0.0,0.0
1998-03-23 00:00:00-05:00,15.433948516845703,15.433948516845703,15.433948516845703,15.433948516845703,0,0.0,0.0
1998-03-24 00:00:00-05:00,15.114068984985352,15.114068984985352,15.114068984985352,15.114068984985352,2000,0.0,0.0
1998-03-25 00:00:00-05:00,15.114068984985352,15.114068984985352,15.114068984985352,15.114068984985352,0,0.0,0.0
1998-03-26 00:00:00-05:00,14.554293632507324,14.554293632507324,14.554293632507324,14.554293632507324,3000,0.0,0.0
1998-03-27 00:00:00-05:00,14.674245834350586,14.674245834350586,14.674245834350586,14.674245834350586,7000,0.0,0.0
1998-03-30 00:00:00-05:00,14.714229583740234,14.714229583740234,14.714229583740234,14.714229583740234,1000,0.0,0.0
1998-03-31 00:00:00-05:00,14.794196128845215,14.794196128845215,14.794196128845215,14.794196128845215,2000,0.0,0.0
1998-04-01 00:00:00-05:00,14.794196791034427,15.91375732421875,14.794196791034427,15.91375732421875,15000,0.0,0.0
1998-04-02 00:00:00-05:00,15.75382097678133,16.313600480733193,15.75382097678133,15.91375732421875,46000,0.0,0.0
1998-04-03 00:00:00-05:00,15.673852920532227,15.673852920532227,15.673852920532227,15.673852920532227,1000,0.0,0.0
1998-04-06 00:00:00-04:00,15.593884468078613,15.593884468078613,15.593884468078613,15.593884468078613,1000,0.0,0.0
1998-04-07 00:00:00-04:00,15.693840980529785,15.693840980529785,15.693840980529785,15.693840980529785,1000,0.0,0.0
1998-04-08 00:00:00-04:00,15.593881630869568,15.613873481750488,15.513912702065427,15.613873481750488,26000,0.0,0.0
1998-04-09 00:00:00-04:00,15.593881630869568,15.753819488477847,15.593881630869568,15.613873481750488,8000,0.0,0.0
1998-04-13 00:00:00-04:00,15.593881630869568,15.613873481750488,15.593881630869568,15.613873481750488,9000,0.0,0.0
1998-04-14 00:00:00-04:00,15.593884468078613,15.593884468078613,15.593884468078613,15.593884468078613,2000,0.0,0.0
1998-04-15 00:00:00-04:00,15.646030500089507,15.926856994628906,15.646030500089507,15.926856994628906,6000,0.065,0.0
1998-04-16 00:00:00-04:00,15.866684913635254,15.866684913635254,15.866684913635254,15.866684913635254,1000,0.0,0.0
1998-04-17 00:00:00-04:00,15.726275689009805,15.73630428314209,15.726275689009805,15.73630428314209,2000,0.0,0.0
1998-04-20 00:00:00-04:00,15.886742775602062,16.04721554318662,15.726271538399235,16.027156829833984,10000,0.0,0.0
1998-04-21 00:00:00-04:00,16.027156829833984,16.027156829833984,16.027156829833984,16.027156829833984,0,0.0,0.0
1998-04-22 00:00:00-04:00,16.027156829833984,16.067274256539257,16.027156829833984,16.027156829833984,3000,0.0,0.0
1998-04-23 00:00:00-04:00,16.287925927464144,16.328044891357422,16.287925927464144,16.328044891357422,4000,0.0,0.0
1998-04-24 00:00:00-04:00,15.916834831237793,15.916834831237793,15.916834831237793,15.916834831237793,1000,0.0,0.0
1998-04-27 00:00:00-04:00,15.726266709397713,15.766384123784295,15.565793991088867,15.565793991088867,11000,0.0,0.0
1998-04-28 00:00:00-04:00,15.796477317810059,15.796477317810059,15.796477317810059,15.796477317810059,1000,0.0,0.0
1998-04-29 00:00:00-04:00,15.796477317810059,15.796477317810059,15.796477317810059,15.796477317810059,0,0.0,0.0
1998-04-30 00:00:00-04:00,15.796477317810059,15.796477317810059,15.796477317810059,15.796477317810059,0,0.0,0.0
1998-05-01 00:00:00-04:00,15.796477317810059,15.796477317810059,15.796477317810059,15.796477317810059,0,0.0,0.0
1998-05-04 00:00:00-04:00,16.568750381469727,16.568750381469727,16.568750381469727,16.568750381469727,1000,0.0,0.0
1998-05-05 00:00:00-04:00,16.042200088500977,16.042200088500977,16.042200088500977,16.042200088500977,1000,0.0,0.0
1998-05-06 00:00:00-04:00,16.042200088500977,16.042200088500977,16.042200088500977,16.042200088500977,0,0.0,0.0
1998-05-07 00:00:00-04:00,15.997070312499998,15.997070312499998,15.997070312499998,15.9970703125,1000,0.0,0.0
1998-05-08 00:00:00-04:00,15.997070312499998,15.997070312499998,15.997070312499998,15.9970703125,0,0.0,0.0
1998-05-11 00:00:00-04:00,15.997070312499998,15.997070312499998,15.997070312499998,15.9970703125,0,0.0,0.0
1998-05-12 00:00:00-04:00,15.886745757681112,15.886745757681112,15.726274490356444,15.726274490356445,10000,0.0,0.0
1998-05-13 00:00:00-04:00,15.726274490356444,15.726274490356444,15.726274490356444,15.726274490356445,0,0.0,0.0
1998-05-14 00:00:00-04:00,16.027156829833984,16.027156829833984,16.027156829833984,16.027156829833984,1000,0.0,0.0
1998-05-15 00:00:00-04:00,16.027156829833984,16.027156829833984,16.027156829833984,16.027156829833984,0,0.0,0.0
1998-05-18 00:00:00-04:00,15.726274490356444,15.726274490356444,15.726274490356444,15.726274490356445,1000,0.0,0.0
1998-05-19 00:00:00-04:00,15.726274490356444,15.726274490356444,15.726274490356444,15.726274490356445,0,0.0,0.0
1998-05-20 00:00:00-04:00,15.726274490356444,15.726274490356444,15.726274490356444,15.726274490356445,0,0.0,0.0
1998-05-21 00:00:00-04:00,15.726274490356444,15.726274490356444,15.726274490356444,15.726274490356445,0,0.0,0.0
1998-05-22 00:00:00-04:00,15.84663200378418,15.84663200378418,15.84663200378418,15.84663200378418,2000,0.0,0.0
1998-05-26 00:00:00-04:00,15.84663200378418,15.84663200378418,15.84663200378418,15.84663200378418,0,0.0,0.0
1998-05-27 00:00:00-04:00,15.72628001998396,15.7663974683256,15.646043592918126,15.686161041259766,31000,0.0,0.0
1998-05-28 00:00:00-04:00,15.646038055419922,15.646038055419922,15.646038055419922,15.646038055419922,2000,0.0,0.0
1998-05-29 00:00:00-04:00,15.681138039244251,16.04721450805664,15.681138039244251,16.04721450805664,5000,0.0,0.0
1998-06-01 00:00:00-04:00,15.646038055419922,15.646038055419922,15.646038055419922,15.646038055419922,2000,0.0,0.0
1998-06-02 00:00:00-04:00,15.75635814666748,15.75635814666748,15.75635814666748,15.75635814666748,3000,0.0,0.0
1998-06-03 00:00:00-04:00,15.80651459469101,16.007104873657227,15.80651459469101,16.007104873657227,17000,0.0,0.0
1998-06-04 00:00:00-04:00,16.007104873657227,16.007104873657227,16.007104873657227,16.007104873657227,0,0.0,0.0
1998-06-05 00:00:00-04:00,16.007104873657227,16.007104873657227,16.007104873657227,16.007104873657227,0,0.0,0.0
1998-06-08 00:00:00-04:00,15.87671947479248,15.87671947479248,15.87671947479248,15.87671947479248,1000,0.0,0.0
1998-06-09 00:00:00-04:00,15.966980934143066,15.966980934143066,15.966980934143066,15.966980934143066,2000,0.0,0.0
1998-06-10 00:00:00-04:00,15.966980934143066,15.966980934143066,15.966980934143066,15.966980934143066,0,0.0,0.0
1998-06-11 00:00:00-04:00,15.305031092622933,15.362700462341309,15.305031092622933,15.362700462341309,2000,0.0,0.0
1998-06-12 00:00:00-04:00,15.646038055419922,15.646038055419922,15.646038055419922,15.646038055419922,10000,0.0,0.0
1998-06-15 00:00:00-04:00,15.88674545288086,15.88674545288086,15.88674545288086,15.88674545288086,8000,0.0,0.0
1998-06-16 00:00:00-04:00,15.88674545288086,15.88674545288086,15.88674545288086,15.88674545288086,0,0.0,0.0
1998-06-17 00:00:00-04:00,15.966983877471682,16.207693099975586,15.966983877471682,16.207693099975586,75000,0.0,0.0
1998-06-18 00:00:00-04:00,16.68910614232629,17.010051727294922,16.68910614232629,17.010051727294922,4000,0.0,0.0
1998-06-19 00:00:00-04:00,16.608868989823595,18.13335418701172,16.608868989823595,18.13335418701172,9000,0.0,0.0
1998-06-22 00:00:00-04:00,18.13335418701172,18.13335418701172,18.13335418701172,18.13335418701172,0,0.0,0.0
1998-06-23 00:00:00-04:00,18.13335418701172,18.13335418701172,18.13335418701172,18.13335418701172,0,0.0,0.0
1998-06-24 00:00:00-04:00,18.654889979261036,18.855480194091797,18.654889979261036,18.855480194091797,24000,0.0,0.0
1998-06-25 00:00:00-04:00,18.855480194091797,18.855480194091797,18.855480194091797,18.855480194091797,0,0.0,0.0
1998-06-26 00:00:00-04:00,18.69500160217285,18.69500160217285,18.69500160217285,18.69500160217285,2000,0.0,0.0
1998-06-29 00:00:00-04:00,18.855476401974148,18.855476401974148,18.374059677124023,18.374059677124023,4000,0.0,0.0
1998-06-30 00:00:00-04:00,19.176427841186523,19.176427841186523,19.176427841186523,19.176427841186523,2000,0.0,0.0
1998-07-01 00:00:00-04:00,18.73512442516044,18.97583204580112,18.73512442516044,18.77524185180664,8000,0.0,0.0
1998-07-02 00:00:00-04:00,18.414186477661133,18.414186477661133,18.414186477661133,18.414186477661133,5000,0.0,0.0
1998-07-06 00:00:00-04:00,19.096193761753472,19.096193761753472,18.53454190427976,18.57465934753418,264000,0.0,0.0
1998-07-07 00:00:00-04:00,18.494417195243667,19.176424231744644,18.494417195243667,18.855480194091797,77000,0.0,0.0
1998-07-08 00:00:00-04:00,18.69501092890265,19.176427841186523,18.69501092890265,19.176427841186523,2000,0.0,0.0
1998-07-09 00:00:00-04:00,19.176427841186523,19.176427841186523,19.176427841186523,19.176427841186523,0,0.0,0.0
1998-07-10 00:00:00-04:00,17.972885131835938,17.972885131835938,17.972885131835938,17.972885131835938,1000,0.0,0.0
1998-07-13 00:00:00-04:00,17.972885131835938,17.972885131835938,17.972885131835938,17.972885131835938,0,0.0,0.0
1998-07-14 00:00:00-04:00,17.972885131835938,17.972885131835938,17.972885131835938,17.972885131835938,0,0.0,0.0
1998-07-15 00:00:00-04:00,18.668949127197266,18.668949127197266,18.668949127197266,18.668949127197266,3000,0.065,0.0
1998-07-16 00:00:00-04:00,17.864248275756836,17.864248275756836,17.864248275756836,17.864248275756836,1000,0.0,0.0
1998-07-17 00:00:00-04:00,17.341201782226562,17.341201782226562,17.341201782226562,17.341201782226562,10000,0.0,0.0
1998-07-20 00:00:00-04:00,17.703303962311438,19.071287155151367,17.703303962311438,19.071287155151367,9000,0.0,0.0
1998-07-21 00:00:00-04:00,18.91034994850575,18.91034994850575,18.427532196044922,18.427532196044922,14000,0.0,0.0
1998-07-22 00:00:00-04:00,18.427532196044922,18.427532196044922,18.427532196044922,18.427532196044922,0,0.0,0.0
1998-07-23 00:00:00-04:00,18.427532196044922,18.427532196044922,18.427532196044922,18.427532196044922,0,0.0,0.0
1998-07-24 00:00:00-04:00,18.105661392211914,18.105661392211914,18.105661392211914,18.105661392211914,1000,0.0,0.0
1998-07-27 00:00:00-04:00,17.663077734281778,17.703311920166016,17.663077734281778,17.703311920166016,13000,0.0,0.0
1998-07-28 00:00:00-04:00,17.703311920166016,17.703311920166016,17.703311920166016,17.703311920166016,0,0.0,0.0
1998-07-29 00:00:00-04:00,17.703311920166016,17.703311920166016,17.703311920166016,17.703311920166016,0,0.0,0.0
1998-07-30 00:00:00-04:00,17.703311920166016,17.703311920166016,17.703311920166016,17.703311920166016,0,0.0,0.0
1998-07-31 00:00:00-04:00,17.703308917106465,18.91035270690918,17.703308917106465,18.91035270690918,11000,0.0,0.0
1998-08-03 00:00:00-04:00,17.70330886672397,17.72342595619632,17.622838973999023,17.622838973999023,12000,0.0,0.0
1998-08-04 00:00:00-04:00,17.62284156341839,17.62284156341839,17.542371658869566,17.586380004882812,6000,0.0,0.0
1998-08-05 00:00:00-04:00,17.542369081274078,17.622838973999023,17.542369081274078,17.622838973999023,6000,0.0,0.0
1998-08-06 00:00:00-04:00,18.105661392211914,18.105661392211914,18.105661392211914,18.105661392211914,1000,0.0,0.0
1998-08-07 00:00:00-04:00,18.105661392211914,18.105661392211914,18.105661392211914,18.105661392211914,0,0.0,0.0
1998-08-10 00:00:00-04:00,18.105661392211914,18.105661392211914,18.105661392211914,18.105661392211914,0,0.0,0.0
1998-08-11 00:00:00-04:00,17.542361212549878,18.22635269165039,17.542361212549878,18.22635269165039,3000,0.0,0.0
1998-08-12 00:00:00-04:00,17.62283860266874,17.94471663195069,17.542368711639373,17.864248275756836,50000,0.0,0.0
1998-08-13 00:00:00-04:00,17.944721448382982,18.668949127197266,17.944721448382982,18.668949127197266,2000,0.0,0.0
1998-08-14 00:00:00-04:00,18.668949127197266,18.668949127197266,18.668949127197266,18.668949127197266,0,0.0,0.0
1998-08-17 00:00:00-04:00,18.668949127197266,18.668949127197266,18.668949127197266,18.668949127197266,0,0.0,0.0
1998-08-18 00:00:00-04:00,18.347064991067025,18.91035270690918,18.347064991067025,18.91035270690918,27000,0.0,0.0
1998-08-19 00:00:00-04:00,18.91035270690918,18.91035270690918,18.91035270690918,18.91035270690918,0,0.0,0.0
1998-08-20 00:00:00-04:00,18.91035270690918,18.91035270690918,18.91035270690918,18.91035270690918,0,0.0,0.0
1998-08-21 00:00:00-04:00,18.91035270690918,18.91035270690918,18.91035270690918,18.91035270690918,0,0.0,0.0
1998-08-24 00:00:00-04:00,18.105661273638585,18.668949127197266,18.105661273638585,18.668949127197266,10000,0.0,0.0
1998-08-25 00:00:00-04:00,18.668949127197266,18.668949127197266,18.668949127197266,18.668949127197266,0,0.0,0.0
1998-08-26 00:00:00-04:00,18.10566300921446,18.12578010559082,18.10566300921446,18.12578010559082,103000,0.0,0.0
1998-08-27 00:00:00-04:00,18.910347414287216,19.071287155151367,18.910347414287216,19.071287155151367,7000,0.0,0.0
1998-08-28 00:00:00-04:00,17.30095672607422,17.30095672607422,17.30095672607422,17.30095672607422,2000,0.0,0.0
1998-08-31 00:00:00-04:00,16.496274948120117,16.496274948120117,16.496274948120117,16.496274948120117,2000,0.0,0.0
1998-09-01 00:00:00-04:00,17.703309231764983,17.703309231764983,17.00925965422661,17.059553146362305,15000,0.0,0.0
1998-09-02 00:00:00-04:00,16.496263099868212,16.61696715704652,16.335323333740234,16.335323333740234,33000,0.0,0.0
1998-09-03 00:00:00-04:00,16.335324064486848,16.340353720184975,16.093915939331055,16.093915939331055,12000,0.0,0.0
1998-09-04 00:00:00-04:00,16.093915939331055,16.093915939331055,16.093915939331055,16.093915939331055,0,0.0,0.0
1998-09-08 00:00:00-04:00,15.935495376586914,15.935495376586914,15.935495376586914,15.935495376586914,1000,0.0,0.0
1998-09-09 00:00:00-04:00,15.935495376586914,15.935495376586914,15.935495376586914,15.935495376586914,0,0.0,0.0
1998-09-10 00:00:00-04:00,14.082174757640914,16.088884353637695,14.072115447451358,16.088884353637695,3000,0.0,0.0
1998-09-11 00:00:00-04:00,16.088884353637695,16.088884353637695,16.088884353637695,16.088884353637695,0,0.0,0.0
1998-09-14 00:00:00-04:00,15.691574598613538,15.691574598613538,15.289226531982422,15.289226531982422,2000,0.0,0.0
1998-09-15 00:00:00-04:00,15.289226531982422,15.289226531982422,15.289226531982422,15.289226531982422,0,0.0,0.0
1998-09-16 00:00:00-04:00,15.289226531982422,15.289226531982422,15.289226531982422,15.289226531982422,0,0.0,0.0
1998-09-17 00:00:00-04:00,15.490397453308105,15.490397453308105,15.490397453308105,15.490397453308105,1000,0.0,0.0
1998-09-18 00:00:00-04:00,15.570865631103514,15.570865631103514,15.570865631103514,15.570865631103516,5000,0.0,0.0
1998-09-21 00:00:00-04:00,15.734315872192383,15.734315872192383,15.734315872192383,15.734315872192383,1000,0.0,0.0
1998-09-22 00:00:00-04:00,15.751921236348425,16.134150521667625,15.309337615966795,15.309337615966797,3000,0.0,0.0
1998-09-23 00:00:00-04:00,15.30933723032158,16.571704068779944,15.30933723032158,16.093915939331055,15000,0.0,0.0
1998-09-24 00:00:00-04:00,16.67732258358222,16.89861364578611,16.17438765364811,16.637086868286133,7000,0.0,0.0
1998-09-25 00:00:00-04:00,16.093919182067992,16.134153366088867,16.093919182067992,16.134153366088867,3000,0.0,0.0
1998-09-28 00:00:00-04:00,16.134153366088867,16.134153366088867,16.134153366088867,16.134153366088867,0,0.0,0.0
1998-09-29 00:00:00-04:00,16.134153366088867,16.134153366088867,16.134153366088867,16.134153366088867,0,0.0,0.0
1998-09-30 00:00:00-04:00,16.777904852950638,17.30095672607422,16.777904852950638,17.30095672607422,3000,0.0,0.0
1998-10-01 00:00:00-04:00,16.979091123525485,16.979091123525485,16.81815126014492,16.858386993408203,33000,0.0,0.0
1998-10-02 00:00:00-04:00,16.616966247558594,16.616966247558594,16.616966247558594,16.616966247558594,1000,0.0,0.0
1998-10-05 00:00:00-04:00,16.415800094604492,16.415800094604492,16.415800094604492,16.415800094604492,1000,0.0,0.0
1998-10-06 00:00:00-04:00,15.932978630065918,15.932978630065918,15.932978630065918,15.932978630065918,1000,0.0,0.0
1998-10-07 00:00:00-04:00,15.932974137856272,16.295087814331055,15.932974137856272,16.295087814331055,2000,0.0,0.0
1998-10-08 00:00:00-04:00,14.96734619140625,14.96734619140625,14.96734619140625,14.96734619140625,1000,0.0,0.0
1998-10-09 00:00:00-04:00,14.96734619140625,14.96734619140625,14.96734619140625,14.96734619140625,0,0.0,0.0
1998-10-12 00:00:00-04:00,14.96734619140625,14.96734619140625,14.96734619140625,14.96734619140625,0,0.0,0.0
1998-10-13 00:00:00-04:00,14.96734619140625,14.96734619140625,14.96734619140625,14.96734619140625,0,0.0,0.0
1998-10-14 00:00:00-04:00,15.023889541625977,15.023889541625977,15.023889541625977,15.023889541625977,0,0.07,0.0
1998-10-15 00:00:00-04:00,15.044082633006544,15.044082633006544,14.539247645321762,15.023889541625977,22000,0.0,0.0
1998-10-16 00:00:00-04:00,16.154721730759867,16.154721730759867,15.508533477783203,15.508533477783203,3000,0.0,0.0
1998-10-19 00:00:00-04:00,15.508533477783203,15.508533477783203,15.508533477783203,15.508533477783203,6000,0.0,0.0
1998-10-20 00:00:00-04:00,16.174907684326172,16.174907684326172,16.174907684326172,16.174907684326172,1000,0.0,0.0
1998-10-21 00:00:00-04:00,15.508532329703757,15.508532329703757,14.539248481359444,14.579634666442871,16000,0.0,0.0
1998-10-22 00:00:00-04:00,14.539244651794434,14.943112558788723,14.539244651794434,14.539244651794434,4000,0.0,0.0
1998-10-23 00:00:00-04:00,14.943109512329102,15.104657258445513,14.74117560000033,14.943109512329102,29000,0.0,0.0
1998-10-26 00:00:00-05:00,16.19510269165039,16.19510269165039,16.19510269165039,16.19510269165039,7000,0.0,0.0
1998-10-27 00:00:00-05:00,15.831624031066895,15.831624031066895,15.831624031066895,15.831624031066895,3000,0.0,0.0
1998-10-28 00:00:00-05:00,16.114334106445312,16.114334106445312,16.114334106445312,16.114334106445312,2000,0.0,0.0
1998-10-29 00:00:00-05:00,16.114334106445312,16.114334106445312,16.114334106445312,16.114334106445312,0,0.0,0.0
1998-10-30 00:00:00-05:00,15.750847160980133,16.275875091552734,15.427753168368815,16.275875091552734,7000,0.0,0.0
1998-11-02 00:00:00-05:00,16.275875091552734,16.275875091552734,16.275875091552734,16.275875091552734,0,0.0,0.0
1998-11-03 00:00:00-05:00,16.15471649169922,16.15471649169922,16.15471649169922,16.15471649169922,2000,0.0,0.0
1998-11-04 00:00:00-05:00,16.67974090576172,16.67974090576172,16.67974090576172,16.67974090576172,13000,0.0,0.0
1998-11-05 00:00:00-05:00,16.68479909080118,16.68479909080118,16.63936424255371,16.63936424255371,5000,0.0,0.0
1998-11-06 00:00:00-05:00,16.63936424255371,16.63936424255371,16.63936424255371,16.63936424255371,0,0.0,0.0
1998-11-09 00:00:00-05:00,17.447085783970596,17.77017965132257,17.447085783970596,17.7651309967041,5000,0.0,0.0
1998-11-10 00:00:00-05:00,17.7651309967041,17.7651309967041,17.7651309967041,17.7651309967041,0,0.0,0.0
1998-11-11 00:00:00-05:00,17.7651309967041,17.7651309967041,17.7651309967041,17.7651309967041,0,0.0,0.0
1998-11-12 00:00:00-05:00,17.7651309967041,17.7651309967041,17.7651309967041,17.7651309967041,0,0.0,0.0
1998-11-13 00:00:00-05:00,17.7651309967041,17.7651309967041,17.7651309967041,17.7651309967041,0,0.0,0.0
1998-11-16 00:00:00-05:00,16.96245574951172,16.96245574951172,16.96245574951172,16.96245574951172,10000,0.0,0.0
1998-11-17 00:00:00-05:00,16.96245574951172,16.96245574951172,16.96245574951172,16.96245574951172,0,0.0,0.0
1998-11-18 00:00:00-05:00,16.800901412963867,16.800901412963867,16.800901412963867,16.800901412963867,7000,0.0,0.0
1998-11-19 00:00:00-05:00,16.800901412963867,16.800901412963867,16.800901412963867,16.800901412963867,0,0.0,0.0
1998-11-20 00:00:00-05:00,16.558589935302734,16.558589935302734,16.558589935302734,16.558589935302734,4000,0.0,0.0
1998-11-23 00:00:00-05:00,16.63936424255371,16.63936424255371,16.63936424255371,16.63936424255371,2000,0.0,0.0
1998-11-24 00:00:00-05:00,16.195108076566747,16.59897612376925,16.195108076566747,16.558589935302734,7000,0.0,0.0
1998-11-25 00:00:00-05:00,16.558589935302734,16.558589935302734,16.558589935302734,16.558589935302734,0,0.0,0.0
1998-11-27 00:00:00-05:00,16.96245574951172,16.96245574951172,16.96245574951172,16.96245574951172,2000,0.0,0.0
1998-11-30 00:00:00-05:00,16.96245574951172,16.96245574951172,16.96245574951172,16.96245574951172,0,0.0,0.0
1998-12-01 00:00:00-05:00,15.993167123859925,18.01250648498535,15.993167123859925,18.01250648498535,53000,0.0,0.0
1998-12-02 00:00:00-05:00,18.0932869097551,18.174060821533203,18.012512997976998,18.174060821533203,9000,0.0,0.0
1998-12-03 00:00:00-05:00,18.416379911787644,18.416379911787644,16.96245574951172,16.96245574951172,101000,0.0,0.0
1998-12-04 00:00:00-05:00,16.96245574951172,16.96245574951172,16.96245574951172,16.96245574951172,0,0.0,0.0
1998-12-07 00:00:00-05:00,18.174052675836,18.174052675836,16.679741369918332,16.800901412963867,4000,0.0,0.0
1998-12-08 00:00:00-05:00,17.164386950160566,17.28554702050551,17.164386950160566,17.194677352905273,17000,0.0,0.0
1998-12-09 00:00:00-05:00,17.194677352905273,17.194677352905273,17.194677352905273,17.194677352905273,0,0.0,0.0
1998-12-10 00:00:00-05:00,17.194677352905273,17.194677352905273,17.194677352905273,17.194677352905273,0,0.0,0.0
1998-12-11 00:00:00-05:00,16.800903496802114,16.800903496802114,16.790807723999023,16.790807723999023,10000,0.0,0.0
1998-12-14 00:00:00-05:00,16.15471415600636,16.19510032514294,15.912394059919704,16.07394027709961,31000,0.0,0.0
1998-12-15 00:00:00-05:00,16.841295659427747,16.96245574951172,16.841295659427747,16.96245574951172,5000,0.0,0.0
1998-12-16 00:00:00-05:00,17.123996334052727,17.123996334052727,17.083608627319336,17.083608627319336,6000,0.0,0.0
1998-12-17 00:00:00-05:00,16.881674715552837,17.083608627319336,16.881674715552837,17.083608627319336,2000,0.0,0.0
1998-12-18 00:00:00-05:00,16.3970351605976,16.3970351605976,16.29606819152832,16.29606819152832,5000,0.0,0.0
1998-12-21 00:00:00-05:00,17.285547256469727,17.285547256469727,17.285547256469727,17.285547256469727,2000,0.0,0.0
1998-12-22 00:00:00-05:00,17.285547256469727,17.285547256469727,17.285547256469727,17.285547256469727,0,0.0,0.0
1998-12-23 00:00:00-05:00,17.285547256469727,17.285547256469727,17.285547256469727,17.285547256469727,0,0.0,0.0
1998-12-24 00:00:00-05:00,17.275442123413086,17.275442123413086,17.275442123413086,17.275442123413086,50000,0.0,0.0
1998-12-28 00:00:00-05:00,16.003263459881204,16.881675720214844,16.003263459881204,16.881675720214844,54000,0.0,0.0
1998-12-29 00:00:00-05:00,16.881675720214844,16.881675720214844,16.881675720214844,16.881675720214844,0,0.0,0.0
1998-12-30 00:00:00-05:00,16.881675720214844,16.881675720214844,16.881675720214844,16.881675720214844,0,0.0,0.0
1998-12-31 00:00:00-05:00,17.285547256469727,17.285547256469727,17.285547256469727,17.285547256469727,1000,0.0,0.0
1999-01-04 00:00:00-05:00,17.285545185317854,17.68941307067871,17.20477130011894,17.68941307067871,14000,0.0,0.0
1999-01-05 00:00:00-05:00,17.68941307067871,17.68941307067871,17.68941307067871,17.68941307067871,2000,0.0,0.0
1999-01-06 00:00:00-05:00,17.68941307067871,17.68941307067871,17.68941307067871,17.68941307067871,0,0.0,0.0
1999-01-07 00:00:00-05:00,17.68941307067871,17.68941307067871,17.68941307067871,17.68941307067871,0,0.0,0.0
1999-01-08 00:00:00-05:00,17.931737899780273,17.931737899780273,17.931737899780273,17.931737899780273,1000,0.0,0.0
1999-01-11 00:00:00-05:00,17.931740926229065,17.931740926229065,17.770193099975586,17.770193099975586,7000,0.0,0.0
1999-01-12 00:00:00-05:00,17.770193099975586,17.770193099975586,17.770193099975586,17.770193099975586,0,0.0,0.0
1999-01-13 00:00:00-05:00,17.826906204223633,17.826906204223633,17.826906204223633,17.826906204223633,0,0.07,0.0
1999-01-14 00:00:00-05:00,17.826906204223633,17.826906204223633,17.826906204223633,17.826906204223633,0,0.0,0.0
1999-01-15 00:00:00-05:00,17.25968660353101,17.25968660353101,17.21917152404785,17.21917152404785,2000,0.0,0.0
1999-01-19 00:00:00-05:00,17.21917152404785,17.21917152404785,17.21917152404785,17.21917152404785,0,0.0,0.0
1999-01-20 00:00:00-05:00,17.21917152404785,17.21917152404785,17.21917152404785,17.21917152404785,0,0.0,0.0
1999-01-21 00:00:00-05:00,16.692461140739894,16.77349281311035,16.692461140739894,16.77349281311035,6000,0.0,0.0
1999-01-22 00:00:00-05:00,16.77349281311035,16.77349281311035,16.77349281311035,16.77349281311035,0,0.0,0.0
1999-01-25 00:00:00-05:00,17.016593750315216,17.016593750315216,16.854530334472656,16.854530334472656,2000,0.0,0.0
1999-01-26 00:00:00-05:00,17.016592025756836,17.421748978751047,17.016592025756836,17.016592025756836,12000,0.0,0.0
1999-01-27 00:00:00-05:00,17.016592025756836,17.016592025756836,17.016592025756836,17.016592025756836,0,0.0,0.0
1999-01-28 00:00:00-05:00,17.583810806274414,17.583810806274414,17.583810806274414,17.583810806274414,4000,0.0,0.0
1999-01-29 00:00:00-05:00,17.583810806274414,17.583810806274414,17.583810806274414,17.583810806274414,0,0.0,0.0
1999-02-01 00:00:00-05:00,17.583810806274414,17.583810806274414,17.583810806274414,17.583810806274414,0,0.0,0.0
1999-02-02 00:00:00-05:00,17.583810806274414,17.583810806274414,17.583810806274414,17.583810806274414,0,0.0,0.0
1999-02-03 00:00:00-05:00,17.583810806274414,17.583810806274414,17.583810806274414,17.583810806274414,0,0.0,0.0
1999-02-04 00:00:00-05:00,17.583810806274414,17.583810806274414,17.583810806274414,17.583810806274414,0,0.0,0.0
1999-02-05 00:00:00-05:00,16.77349281311035,16.77349281311035,16.77349281311035,16.77349281311035,2000,0.0,0.0
1999-02-08 00:00:00-05:00,17.583810806274414,17.583810806274414,17.583810806274414,17.583810806274414,1000,0.0,0.0
1999-02-09 00:00:00-05:00,17.583810806274414,17.583810806274414,17.583810806274414,17.583810806274414,0,0.0,0.0
1999-02-10 00:00:00-05:00,17.4217472076416,17.4217472076416,17.4217472076416,17.4217472076416,1000,0.0,0.0
1999-02-11 00:00:00-05:00,17.50278566561582,17.50278566561582,15.760610580444336,15.760610580444336,13000,0.0,0.0
1999-02-12 00:00:00-05:00,15.679578625693335,15.679578625693335,15.487128093701507,15.517515182495117,7000,0.0,0.0
1999-02-16 00:00:00-05:00,15.395966617446655,15.395966617446655,14.960422515869142,14.96042251586914,13000,0.0,0.0
1999-02-17 00:00:00-05:00,15.233906933014925,15.233906933014925,14.180499050352308,14.58565616607666,33000,0.0,0.0
1999-02-18 00:00:00-05:00,14.990806446218485,14.990806446218485,13.360049180808087,14.464102745056152,731000,0.0,0.0
1999-02-19 00:00:00-05:00,14.26152714916821,15.193387968811727,14.26152714916821,14.342558860778809,41000,0.0,0.0
1999-02-22 00:00:00-05:00,14.018432158491695,14.119721412658691,14.018432158491695,14.119721412658691,2000,0.0,0.0
1999-02-23 00:00:00-05:00,15.15287382758106,15.15287382758106,14.990810394287108,14.99081039428711,3000,0.0,0.0
1999-02-24 00:00:00-05:00,14.990810394287108,14.990810394287108,14.990810394287108,14.99081039428711,0,0.0,0.0
1999-02-25 00:00:00-05:00,14.099464292025191,15.07184177928958,13.775338978120864,14.692007064819336,48000,0.0,0.0
1999-02-26 00:00:00-05:00,14.692007064819336,14.692007064819336,14.692007064819336,14.692007064819336,0,0.0,0.0
1999-03-01 00:00:00-05:00,14.788234723938835,14.788234723938835,14.58565616607666,14.58565616607666,6000,0.0,0.0
1999-03-02 00:00:00-05:00,14.58565616607666,14.58565616607666,14.58565616607666,14.58565616607666,0,0.0,0.0
1999-03-03 00:00:00-05:00,14.747720718383789,14.747720718383789,14.747720718383789,14.747720718383789,5000,0.0,0.0
1999-03-04 00:00:00-05:00,14.990813373945599,15.35545539855957,14.990813373945599,15.35545539855957,9000,0.0,0.0
1999-03-05 00:00:00-05:00,15.35545539855957,15.35545539855957,15.35545539855957,15.35545539855957,0,0.0,0.0
1999-03-08 00:00:00-05:00,15.801128387451174,15.801128387451174,15.801128387451174,15.801128387451172,1000,0.0,0.0
1999-03-09 00:00:00-05:00,15.43648624420166,15.801128284369371,15.43648624420166,15.43648624420166,5000,0.0,0.0
1999-03-10 00:00:00-05:00,15.43648624420166,15.43648624420166,15.43648624420166,15.43648624420166,0,0.0,0.0
1999-03-11 00:00:00-05:00,15.43648624420166,15.43648624420166,15.43648624420166,15.43648624420166,0,0.0,0.0
1999-03-12 00:00:00-05:00,15.213648486121631,15.213648486121631,15.081972122192383,15.081972122192383,5000,0.0,0.0
1999-03-15 00:00:00-05:00,14.990810394287108,14.990810394287108,14.585653356603673,14.99081039428711,27000,0.0,0.0
1999-03-16 00:00:00-05:00,14.828747968808266,14.869264602661131,14.828747968808266,14.869264602661133,5000,0.0,0.0
1999-03-17 00:00:00-05:00,14.909776963577148,15.395965662014165,14.869261882687091,15.152872085571289,26000,0.0,0.0
1999-03-18 00:00:00-05:00,14.90977954864502,14.90977954864502,14.90977954864502,14.90977954864502,1000,0.0,0.0
1999-03-19 00:00:00-05:00,14.90978262118488,15.152877835422979,14.90978262118488,14.950299263000488,9000,0.0,0.0
1999-03-22 00:00:00-05:00,14.950299263000488,14.950299263000488,14.950299263000488,14.950299263000488,0,0.0,0.0
1999-03-23 00:00:00-05:00,14.99080571492513,15.193384170532227,14.9097740235721,15.193384170532227,15000,0.0,0.0
1999-03-24 00:00:00-05:00,15.193384170532227,15.193384170532227,15.193384170532227,15.193384170532227,0,0.0,0.0
1999-03-25 00:00:00-05:00,15.071843147277832,15.071843147277832,15.071843147277832,15.071843147277832,2000,0.0,0.0
1999-03-26 00:00:00-05:00,15.152877584648266,15.801128387451174,15.152877584648266,15.801128387451172,8000,0.0,0.0
1999-03-29 00:00:00-05:00,15.841636930941075,16.69246749646205,15.841636930941075,16.687402725219727,18000,0.0,0.0
1999-03-30 00:00:00-05:00,17.01659188619474,17.01659188619474,16.611434936523438,16.611434936523438,4000,0.0,0.0
1999-03-31 00:00:00-05:00,16.611434936523438,16.611434936523438,16.611434936523438,16.611434936523438,0,0.0,0.0
1999-04-01 00:00:00-05:00,16.611434936523438,16.611434936523438,16.611434936523438,16.611434936523438,0,0.0,0.0
1999-04-05 00:00:00-04:00,16.611434936523438,16.611434936523438,16.611434936523438,16.611434936523438,0,0.0,0.0
1999-04-06 00:00:00-04:00,16.044218063354492,16.044218063354492,16.044218063354492,16.044218063354492,1000,0.0,0.0
1999-04-07 00:00:00-04:00,16.044213228206775,16.044213228206775,15.720088005065918,15.720088005065918,6000,0.0,0.0
1999-04-08 00:00:00-04:00,15.578288346041303,16.773501911561123,15.55803080334804,15.639060974121094,14000,0.0,0.0
1999-04-09 00:00:00-04:00,15.558032046225522,15.760610580444336,15.477000323427685,15.760610580444336,5000,0.0,0.0
1999-04-12 00:00:00-04:00,15.882156239478814,16.206281561600534,15.395967483520508,15.395967483520508,3000,0.0,0.0
1999-04-13 00:00:00-04:00,14.90977954864502,14.90977954864502,14.90977954864502,14.90977954864502,1000,0.0,0.0
1999-04-14 00:00:00-04:00,15.495430940006205,15.57677209838399,15.495430940006205,15.536102294921875,7000,0.07,0.0
1999-04-15 00:00:00-04:00,16.430847166070105,17.162914276123047,16.430847166070105,17.162914276123047,6000,0.0,0.0
1999-04-16 00:00:00-04:00,16.83755909366686,16.91889871469262,15.698785781860352,15.698785781860352,4000,0.0,0.0
1999-04-19 00:00:00-04:00,15.698785781860352,15.698785781860352,15.698785781860352,15.698785781860352,0,0.0,0.0
1999-04-20 00:00:00-04:00,15.61744552178758,15.61744552178758,14.885376550880538,14.966717720031738,13000,0.0,0.0
1999-04-21 00:00:00-04:00,14.966717720031738,14.966717720031738,14.966717720031738,14.966717720031738,0,0.0,0.0
1999-04-22 00:00:00-04:00,14.966717720031738,14.966717720031738,14.966717720031738,14.966717720031738,0,0.0,0.0
1999-04-23 00:00:00-04:00,14.966717720031738,14.966717720031738,14.966717720031738,14.966717720031738,0,0.0,0.0
1999-04-26 00:00:00-04:00,16.8375542166214,16.918893814086914,16.8375542166214,16.918893814086914,7000,0.0,0.0
1999-04-27 00:00:00-04:00,16.918893814086914,16.918893814086914,16.918893814086914,16.918893814086914,5000,0.0,0.0
1999-04-28 00:00:00-04:00,15.88179874420166,15.88179874420166,15.88179874420166,15.88179874420166,1000,0.0,0.0
1999-04-29 00:00:00-04:00,15.536102294921875,15.536102294921875,15.536102294921875,15.536102294921875,2000,0.0,0.0
1999-04-30 00:00:00-04:00,15.536102294921875,15.536102294921875,15.536102294921875,15.536102294921875,0,0.0,0.0
1999-05-03 00:00:00-04:00,16.268170674641926,16.674874941507973,15.861466407775879,15.861466407775879,6000,0.0,0.0
1999-05-04 00:00:00-04:00,15.861463193540219,16.471519470214844,15.861463193540219,16.471519470214844,6000,0.0,0.0
1999-05-05 00:00:00-04:00,16.471519470214844,16.471519470214844,16.471519470214844,16.471519470214844,3000,0.0,0.0
1999-05-06 00:00:00-04:00,16.26816177368164,16.26816177368164,16.26816177368164,16.26816177368164,2000,0.0,0.0
1999-05-07 00:00:00-04:00,16.674875259399414,16.674875259399414,16.674875259399414,16.674875259399414,2000,0.0,0.0
1999-05-10 00:00:00-04:00,16.67486581802368,16.67486581802368,16.26816177368164,16.26816177368164,3000,0.0,0.0
1999-05-11 00:00:00-04:00,16.674874941507973,16.674874941507973,15.861466407775879,15.861466407775879,13000,0.0,0.0
1999-05-12 00:00:00-04:00,15.94280705290326,16.105487823486328,15.94280705290326,16.105487823486328,2000,0.0,0.0
1999-05-13 00:00:00-04:00,16.105487823486328,16.105487823486328,16.105487823486328,16.105487823486328,0,0.0,0.0
1999-05-14 00:00:00-04:00,16.26816177368164,16.593524698864712,15.942798848498569,16.26816177368164,18000,0.0,0.0
1999-05-17 00:00:00-04:00,16.26816177368164,16.26816177368164,16.26816177368164,16.26816177368164,0,0.0,0.0
1999-05-18 00:00:00-04:00,16.26816177368164,16.26816177368164,16.26816177368164,16.26816177368164,0,0.0,0.0
1999-05-19 00:00:00-04:00,16.26816177368164,16.26816177368164,16.26816177368164,16.26816177368164,0,0.0,0.0
1999-05-20 00:00:00-04:00,16.349515914916992,16.349515914916992,16.349515914916992,16.349515914916992,1000,0.0,0.0
1999-05-21 00:00:00-04:00,16.349515914916992,16.349515914916992,16.349515914916992,16.349515914916992,0,0.0,0.0
1999-05-24 00:00:00-04:00,16.349515914916992,16.349515914916992,16.349515914916992,16.349515914916992,0,0.0,0.0
1999-05-25 00:00:00-04:00,15.942809104919434,15.942809104919434,15.942809104919434,15.942809104919434,5000,0.0,0.0
1999-05-26 00:00:00-04:00,15.942809104919434,15.942809104919434,15.942809104919434,15.942809104919434,0,0.0,0.0
1999-05-27 00:00:00-04:00,15.942809104919434,15.942809104919434,15.942809104919434,15.942809104919434,6000,0.0,0.0
1999-05-28 00:00:00-04:00,16.268170984779918,16.91889720358964,16.105488654350644,16.674875259399414,10000,0.0,0.0
1999-06-01 00:00:00-04:00,16.67487909924561,16.67487909924561,16.273258845865563,16.349515914916992,5000,0.0,0.0
1999-06-02 00:00:00-04:00,16.349515914916992,16.349515914916992,16.349515914916992,16.349515914916992,0,0.0,0.0
1999-06-03 00:00:00-04:00,16.674869886564178,16.756211025569762,16.593528747558594,16.593528747558594,9000,0.0,0.0
1999-06-04 00:00:00-04:00,16.918894532560287,16.918894532560287,16.837554931640625,16.837554931640625,60000,0.0,0.0
1999-06-07 00:00:00-04:00,17.081581500506633,17.081581500506633,16.756218353644897,17.000240325927734,56000,0.0,0.0
1999-06-08 00:00:00-04:00,16.918894532560287,16.918894532560287,16.837554931640625,16.837554931640625,4000,0.0,0.0
1999-06-09 00:00:00-04:00,16.715546990628518,17.000240325927734,16.69521208484726,17.000240325927734,8000,0.0,0.0
1999-06-10 00:00:00-04:00,16.837554931640625,16.837554931640625,16.837554931640625,16.837554931640625,5000,0.0,0.0
1999-06-11 00:00:00-04:00,16.969732558861793,16.969732558861793,16.837554931640625,16.837554931640625,20000,0.0,0.0
1999-06-14 00:00:00-04:00,16.674877363946234,16.79688835144043,16.674877363946234,16.79688835144043,2000,0.0,0.0
1999-06-15 00:00:00-04:00,16.918892972792143,16.918892972792143,16.75621223449707,16.75621223449707,35000,0.0,0.0
1999-06-16 00:00:00-04:00,16.75621223449707,16.75621223449707,16.75621223449707,16.75621223449707,0,0.0,0.0
1999-06-17 00:00:00-04:00,16.563030963297578,16.674875259399414,16.268170984779918,16.674875259399414,18000,0.0,0.0
1999-06-18 00:00:00-04:00,16.552865982055664,16.552865982055664,16.552865982055664,16.552865982055664,5000,0.0,0.0
1999-06-21 00:00:00-04:00,16.552865982055664,16.552865982055664,16.552865982055664,16.552865982055664,0,0.0,0.0
1999-06-22 00:00:00-04:00,16.64437484741211,16.64437484741211,16.64437484741211,16.64437484741211,6000,0.0,0.0
1999-06-23 00:00:00-04:00,16.64437484741211,16.64437484741211,16.64437484741211,16.64437484741211,0,0.0,0.0
1999-06-24 00:00:00-04:00,16.354590994080347,16.593528747558594,16.354590994080347,16.593528747558594,4000,0.0,0.0
1999-06-25 00:00:00-04:00,16.593528747558594,16.593528747558594,16.593528747558594,16.593528747558594,0,0.0,0.0
1999-06-28 00:00:00-04:00,16.674869886564178,16.674869886564178,16.593528747558594,16.593528747558594,6000,0.0,0.0
1999-06-29 00:00:00-04:00,16.593528747558594,16.593528747558594,16.593528747558594,16.593528747558594,0,0.0,0.0
1999-06-30 00:00:00-04:00,16.593528747558594,16.593528747558594,16.593528747558594,16.593528747558594,0,0.0,0.0
1999-07-01 00:00:00-04:00,16.674875259399414,16.674875259399414,16.674875259399414,16.674875259399414,2000,0.0,0.0
1999-07-02 00:00:00-04:00,16.674875259399414,16.674875259399414,16.674875259399414,16.674875259399414,0,0.0,0.0
1999-07-06 00:00:00-04:00,16.26816737798997,16.471519470214844,16.26816737798997,16.471519470214844,4000,0.0,0.0
1999-07-07 00:00:00-04:00,16.26816177368164,16.26816177368164,16.26816177368164,16.26816177368164,2000,0.0,0.0
1999-07-08 00:00:00-04:00,16.67487584598572,16.918897798760113,16.471523701522482,16.715545654296875,33000,0.0,0.0
1999-07-09 00:00:00-04:00,16.837554931640625,16.837554931640625,16.837554931640625,16.837554931640625,1000,0.0,0.0
1999-07-12 00:00:00-04:00,16.837554931640625,16.837554931640625,16.837554931640625,16.837554931640625,1000,0.0,0.0
1999-07-13 00:00:00-04:00,16.837554931640625,16.837554931640625,16.837554931640625,16.837554931640625,0,0.0,0.0
1999-07-14 00:00:00-04:00,16.56822221378935,16.56822221378935,16.3845855213211,16.48660659790039,3000,0.07,0.0
1999-07-15 00:00:00-04:00,16.64983558654785,16.64983558654785,16.64983558654785,16.64983558654785,1000,0.0,0.0
1999-07-16 00:00:00-04:00,16.813068389892578,16.813068389892578,16.813068389892578,16.813068389892578,4000,0.0,0.0
1999-07-19 00:00:00-04:00,16.70594596862793,16.70594596862793,16.70594596862793,16.70594596862793,1000,0.0,0.0
1999-07-20 00:00:00-04:00,16.70594596862793,16.70594596862793,16.70594596862793,16.70594596862793,0,0.0,0.0
1999-07-21 00:00:00-04:00,16.351423694313787,16.69446979736481,16.351423694313787,16.64983558654785,6000,0.0,0.0
1999-07-22 00:00:00-04:00,16.28255844116211,16.30296233761118,16.002000584014198,16.28255844116211,12000,0.0,0.0
1999-07-23 00:00:00-04:00,16.28255844116211,16.28255844116211,16.28255844116211,16.28255844116211,0,0.0,0.0
1999-07-26 00:00:00-04:00,16.323366625973318,16.323366625973318,15.996899604797363,15.996899604797363,14000,0.0,0.0
1999-07-27 00:00:00-04:00,15.996899604797363,15.996899604797363,15.996899604797363,15.996899604797363,1000,0.0,0.0
1999-07-28 00:00:00-04:00,15.507204067782036,16.73145702050167,15.507204067782036,16.221351623535156,37000,0.0,0.0
1999-07-29 00:00:00-04:00,16.098922729492188,16.109123900922974,16.098922729492188,16.098922729492188,7000,0.0,0.0
1999-07-30 00:00:00-04:00,16.098922729492188,16.109123900922974,16.098922729492188,16.098922729492188,3000,0.0,0.0
1999-08-02 00:00:00-04:00,16.195844143399437,16.894689064557696,16.195844143399437,16.60902976989746,33000,0.0,0.0
1999-08-03 00:00:00-04:00,16.404985427856445,16.60902753129566,16.404985427856445,16.404985427856445,8000,0.0,0.0
1999-08-04 00:00:00-04:00,16.343770522912276,16.404983770446695,15.996899604797363,15.996899604797363,13000,0.0,0.0
1999-08-05 00:00:00-04:00,16.037705104432405,16.037705104432405,15.512297439007087,15.792855262756348,6000,0.0,0.0
1999-08-06 00:00:00-04:00,15.792855262756348,15.792855262756348,15.792855262756348,15.792855262756348,0,0.0,0.0
1999-08-09 00:00:00-04:00,15.915290832519531,15.915290832519531,15.915290832519531,15.915290832519531,5000,0.0,0.0
1999-08-10 00:00:00-04:00,15.915290832519531,15.915290832519531,15.915290832519531,15.915290832519531,1000,0.0,0.0
1999-08-11 00:00:00-04:00,15.915290832519531,15.915290832519531,15.915290832519531,15.915290832519531,0,0.0,0.0
1999-08-12 00:00:00-04:00,15.915290832519531,15.915290832519531,15.915290832519531,15.915290832519531,0,0.0,0.0
1999-08-13 00:00:00-04:00,15.915290832519531,15.915290832519531,15.915290832519531,15.915290832519531,0,0.0,0.0
1999-08-16 00:00:00-04:00,16.36163330078125,16.36163330078125,16.36163330078125,16.36163330078125,1000,0.0,0.0
1999-08-17 00:00:00-04:00,16.36163330078125,16.36163330078125,16.36163330078125,16.36163330078125,0,0.0,0.0
1999-08-18 00:00:00-04:00,16.098922729492188,16.098922729492188,16.098922729492188,16.098922729492188,1000,0.0,0.0
1999-08-19 00:00:00-04:00,16.404985427856445,16.404985427856445,16.404985427856445,16.404985427856445,2000,0.0,0.0
1999-08-20 00:00:00-04:00,16.40498589333532,16.40498589333532,16.098922729492188,16.098922729492188,4000,0.0,0.0
1999-08-23 00:00:00-04:00,16.098922729492188,16.098922729492188,16.098922729492188,16.098922729492188,0,0.0,0.0
1999-08-24 00:00:00-04:00,16.098922729492188,16.098922729492188,16.098922729492188,16.098922729492188,0,0.0,0.0
1999-08-25 00:00:00-04:00,16.098922729492188,16.098922729492188,16.098922729492188,16.098922729492188,0,0.0,0.0
1999-08-26 00:00:00-04:00,16.160137176513672,16.160137176513672,16.160137176513672,16.160137176513672,2000,0.0,0.0
1999-08-27 00:00:00-04:00,16.160138172495337,16.160138172495337,16.139734268188477,16.139734268188477,4000,0.0,0.0
1999-08-30 00:00:00-04:00,16.139734268188477,16.139734268188477,16.139734268188477,16.139734268188477,0,0.0,0.0
1999-08-31 00:00:00-04:00,16.139734268188477,16.139734268188477,16.139734268188477,16.139734268188477,0,0.0,0.0
1999-09-01 00:00:00-04:00,16.568218231201172,16.568218231201172,16.568218231201172,16.568218231201172,4000,0.0,0.0
1999-09-02 00:00:00-04:00,16.26215671974678,16.3233699798584,16.180541115221786,16.3233699798584,5000,0.0,0.0
1999-09-03 00:00:00-04:00,16.251955032348633,16.251955032348633,16.251955032348633,16.251955032348633,1000,0.0,0.0
1999-09-07 00:00:00-04:00,16.21625328063965,16.21625328063965,16.21625328063965,16.21625328063965,1000,0.0,0.0
1999-09-08 00:00:00-04:00,16.3233699798584,16.3233699798584,16.3233699798584,16.3233699798584,5000,0.0,0.0
1999-09-09 00:00:00-04:00,16.3233699798584,16.3233699798584,16.3233699798584,16.3233699798584,0,0.0,0.0
1999-09-10 00:00:00-04:00,16.3233699798584,16.3233699798584,16.3233699798584,16.3233699798584,0,0.0,0.0
1999-09-13 00:00:00-04:00,16.241754680897092,16.537616729736328,16.241754680897092,16.537616729736328,25000,0.0,0.0
1999-09-14 00:00:00-04:00,16.537616729736328,16.537616729736328,16.537616729736328,16.537616729736328,0,0.0,0.0
1999-09-15 00:00:00-04:00,16.568227552153942,16.568227552153942,16.364185333251953,16.364185333251953,8000,0.0,0.0
1999-09-16 00:00:00-04:00,16.39223398866616,16.39223398866616,16.251955032348633,16.251955032348633,5000,0.0,0.0
1999-09-17 00:00:00-04:00,16.34887234439202,16.44579202510574,16.315715816347534,16.34377098083496,13000,0.0,0.0
1999-09-20 00:00:00-04:00,16.34377098083496,16.34377098083496,16.34377098083496,16.34377098083496,0,0.0,0.0
1999-09-21 00:00:00-04:00,16.282566898840614,16.282566898840614,16.180545806884766,16.180545806884766,8000,0.0,0.0
1999-09-22 00:00:00-04:00,16.20094168762203,16.20094168762203,15.83366531585061,15.996899604797363,5000,0.0,0.0
1999-09-23 00:00:00-04:00,15.91528368914372,15.91528368914372,15.548007289014874,15.58881664276123,5000,0.0,0.0
1999-09-24 00:00:00-04:00,15.67043379353627,15.67043379353627,15.58881664276123,15.58881664276123,3000,0.0,0.0
1999-09-27 00:00:00-04:00,15.548007325481844,15.588816679323916,15.548007325481844,15.568412780761719,4000,0.0,0.0
1999-09-28 00:00:00-04:00,15.548005318978023,15.629622459411621,15.548005318978023,15.629622459411621,5000,0.0,0.0
1999-09-29 00:00:00-04:00,15.26235063806962,15.26235063806962,15.099116325378418,15.099116325378418,4000,0.0,0.0
1999-09-30 00:00:00-04:00,15.099118988792718,15.099118988792718,13.385164630072637,13.548398971557617,82000,0.0,0.0
1999-10-01 00:00:00-04:00,13.874868000017027,14.262548446655273,13.058699294133673,14.262548446655273,56000,0.0,0.0
1999-10-04 00:00:00-04:00,14.262548446655273,14.262548446655273,14.262548446655273,14.262548446655273,4000,0.0,0.0
1999-10-05 00:00:00-04:00,14.201331900071802,14.201331900071802,14.119714736938477,14.119714736938477,4000,0.0,0.0
1999-10-06 00:00:00-04:00,14.038100055780816,14.038100055780816,13.915673524652686,13.956482887268066,6000,0.0,0.0
1999-10-07 00:00:00-04:00,13.956482887268066,13.956482887268066,13.956482887268066,13.956482887268066,0,0.0,0.0
1999-10-08 00:00:00-04:00,13.548398971557617,13.548398971557617,13.548398971557617,13.548398971557617,3000,0.0,0.0
1999-10-11 00:00:00-04:00,13.548398971557617,13.548398971557617,13.548398971557617,13.548398971557617,0,0.0,0.0
1999-10-12 00:00:00-04:00,13.54840294691107,13.630020141601562,13.466785752220575,13.630020141601562,19000,0.0,0.0
1999-10-13 00:00:00-04:00,13.855472331722302,13.855472331722302,13.199592595350135,13.568524360656738,11000,0.075,0.0
1999-10-14 00:00:00-04:00,13.568524360656738,13.568524360656738,13.568524360656738,13.568524360656738,0,0.0,0.0
1999-10-15 00:00:00-04:00,13.568524358968737,13.568524358968737,13.445547103881836,13.445547103881836,9000,0.0,0.0
1999-10-18 00:00:00-04:00,13.363561560510455,13.589021682739258,13.117607053748909,13.589021682739258,17000,0.0,0.0
1999-10-19 00:00:00-04:00,13.445547103881836,13.445547103881836,13.445547103881836,13.445547103881836,2000,0.0,0.0
1999-10-20 00:00:00-04:00,13.445547103881836,13.445547103881836,13.445547103881836,13.445547103881836,0,0.0,0.0
1999-10-21 00:00:00-04:00,13.609517819824799,13.609517819824799,13.445547103881836,13.445547103881836,2000,0.0,0.0
1999-10-22 00:00:00-04:00,13.36356280228431,13.527533531188965,13.36356280228431,13.527533531188965,3000,0.0,0.0
1999-10-25 00:00:00-04:00,13.486541630833182,13.609518895641294,13.486541630833182,13.527533531188965,9000,0.0,0.0
1999-10-26 00:00:00-04:00,13.527533531188965,13.527533531188965,13.527533531188965,13.527533531188965,2000,0.0,0.0
1999-10-27 00:00:00-04:00,13.527533531188965,13.527533531188965,13.527533531188965,13.527533531188965,0,0.0,0.0
1999-10-28 00:00:00-04:00,13.527533531188965,13.527533531188965,13.527533531188965,13.527533531188965,0,0.0,0.0
1999-10-29 00:00:00-04:00,13.527533639711733,13.609519004821777,13.527533639711733,13.609519004821777,2000,0.0,0.0
1999-11-01 00:00:00-05:00,13.650513648986816,13.650513648986816,13.650513648986816,13.650513648986816,1000,0.0,0.0
1999-11-02 00:00:00-05:00,13.650513648986816,13.650513648986816,13.650513648986816,13.650513648986816,0,0.0,0.0
1999-11-03 00:00:00-05:00,13.773486137390137,13.773486137390137,13.773486137390137,13.773486137390137,2000,0.0,0.0
1999-11-04 00:00:00-05:00,13.527535390497636,13.527535390497636,13.117610075634072,13.19959545135498,25000,0.0,0.0
1999-11-05 00:00:00-05:00,13.19959545135498,13.19959545135498,13.19959545135498,13.19959545135498,5000,0.0,0.0
1999-11-08 00:00:00-05:00,13.466044224944005,13.609519004821777,13.466044224944005,13.609519004821777,3000,0.0,0.0
1999-11-09 00:00:00-05:00,13.609519004821777,13.609519004821777,13.609519004821777,13.609519004821777,0,0.0,0.0
1999-11-10 00:00:00-05:00,13.527533531188965,13.527533531188965,13.527533531188965,13.527533531188965,7000,0.0,0.0
1999-11-11 00:00:00-05:00,13.527532692185947,13.527532692185947,13.486540794372559,13.486540794372559,2000,0.0,0.0
1999-11-12 00:00:00-05:00,13.486540794372559,13.486540794372559,13.486540794372559,13.486540794372559,0,0.0,0.0
1999-11-15 00:00:00-05:00,13.363562283782748,13.363562283782748,13.025374427746824,13.179097175598145,17000,0.0,0.0
1999-11-16 00:00:00-05:00,13.291825144088047,13.445547103881836,13.291825144088047,13.445547103881836,3000,0.0,0.0
1999-11-17 00:00:00-05:00,13.527533531188965,13.527533531188965,13.404556266380855,13.527533531188965,13000,0.0,0.0
1999-11-18 00:00:00-05:00,13.28158063788933,14.083496710920267,13.28158063788933,13.793987274169922,22000,0.0,0.0
1999-11-19 00:00:00-05:00,13.793987274169922,13.793987274169922,13.793987274169922,13.793987274169922,0,0.0,0.0
1999-11-22 00:00:00-05:00,13.855473425257514,13.855473425257514,13.527533531188965,13.527533531188965,5000,0.0,0.0
1999-11-23 00:00:00-05:00,13.281577831154209,13.281577831154209,13.117607116699219,13.117607116699219,12000,0.0,0.0
1999-11-24 00:00:00-05:00,13.035621698078977,13.035621698078977,12.95363712310791,12.95363712310791,55000,0.0,0.0
1999-11-26 00:00:00-05:00,13.076617387773618,13.19959545135498,13.076617387773618,13.19959545135498,14000,0.0,0.0
1999-11-29 00:00:00-05:00,13.19959270530024,13.281578063964844,13.19446832718233,13.281578063964844,5000,0.0,0.0
1999-11-30 00:00:00-05:00,13.32257100880701,13.609519004821777,13.32257100880701,13.609519004821777,10000,0.0,0.0
1999-12-01 00:00:00-05:00,13.609516995123911,13.773486137390137,13.363560936113757,13.773486137390137,20000,0.0,0.0
1999-12-02 00:00:00-05:00,13.855473518371582,13.855473518371582,13.855473518371582,13.855473518371582,4000,0.0,0.0
1999-12-03 00:00:00-05:00,13.804230840233974,13.804230840233974,13.773486137390137,13.773486137390137,8000,0.0,0.0
1999-12-06 00:00:00-05:00,13.855473536411134,13.855473536411134,13.609519004821777,13.609519004821777,3000,0.0,0.0
1999-12-07 00:00:00-05:00,13.609519004821777,13.609519004821777,13.609519004821777,13.609519004821777,0,0.0,0.0
1999-12-08 00:00:00-05:00,13.527532461853317,13.527532461853317,13.363561745910355,13.445547103881836,16000,0.0,0.0
1999-12-09 00:00:00-05:00,13.445547103881836,13.445547103881836,13.445547103881836,13.445547103881836,3000,0.0,0.0
1999-12-10 00:00:00-05:00,13.445547103881836,13.445547103881836,13.445547103881836,13.445547103881836,0,0.0,0.0
1999-12-13 00:00:00-05:00,13.445547103881836,13.445547103881836,13.445547103881836,13.445547103881836,0,0.0,0.0
1999-12-14 00:00:00-05:00,13.36356280228431,13.937458789709844,13.36356280228431,13.527533531188965,6000,0.0,0.0
1999-12-15 00:00:00-05:00,13.36356280228431,13.527533531188965,13.36356280228431,13.527533531188965,5000,0.0,0.0
1999-12-16 00:00:00-05:00,13.650511337128625,13.650511337128625,13.507038116455078,13.507038116455078,11000,0.0,0.0
1999-12-17 00:00:00-05:00,13.896464383736026,13.896464383736026,13.507035145609526,13.548027038574219,24000,0.0,0.0
1999-12-20 00:00:00-05:00,13.363564817489575,13.65051285447367,13.363564817489575,13.619768142700195,24000,0.0,0.0
1999-12-21 00:00:00-05:00,13.650513110068283,13.671009063720703,13.650513110068283,13.671009063720703,10000,0.0,0.0
1999-12-22 00:00:00-05:00,13.36356258392334,13.36356258392334,13.36356258392334,13.36356258392334,1000,0.0,0.0
1999-12-23 00:00:00-05:00,13.650513648986816,13.650513648986816,13.650513648986816,13.650513648986816,1000,0.0,0.0
1999-12-27 00:00:00-05:00,13.650513648986816,13.650513648986816,13.650513648986816,13.650513648986816,0,0.0,0.0
1999-12-28 00:00:00-05:00,13.445546981868574,13.445546981868574,13.117607116699219,13.117607116699219,8000,0.0,0.0
1999-12-29 00:00:00-05:00,13.117607116699219,13.117607116699219,13.117607116699219,13.117607116699219,0,0.0,0.0
1999-12-30 00:00:00-05:00,13.035623550415039,13.035623550415039,13.035623550415039,13.035623550415039,175000,0.0,0.0
1999-12-31 00:00:00-05:00,13.117608918906372,13.527534197622197,13.035623550415039,13.035623550415039,14000,0.0,0.0
2000-01-03 00:00:00-05:00,13.035623550415039,13.035623550415039,13.035623550415039,13.035623550415039,0,0.0,0.0
2000-01-04 00:00:00-05:00,13.404555021994858,13.404555021994858,12.95363712310791,12.95363712310791,3000,0.0,0.0
2000-01-05 00:00:00-05:00,12.892148971557617,12.892148971557617,12.892148971557617,12.892148971557617,4000,0.0,0.0
2000-01-06 00:00:00-05:00,12.871653595302794,13.035623550415039,12.871653595302794,13.035623550415039,2000,0.0,0.0
2000-01-07 00:00:00-05:00,13.035623550415039,13.035623550415039,13.035623550415039,13.035623550415039,0,0.0,0.0
2000-01-10 00:00:00-05:00,13.773487835746028,13.773487835746028,13.36356258392334,13.36356258392334,6000,0.0,0.0
2000-01-11 00:00:00-05:00,13.36356444870146,13.793987274169922,13.36356444870146,13.793987274169922,12000,0.0,0.0
2000-01-12 00:00:00-05:00,13.773486137390137,13.773486137390137,13.773486137390137,13.773486137390137,5000,0.0,0.0
2000-01-13 00:00:00-05:00,13.117607116699219,13.117607116699219,13.117607116699219,13.117607116699219,12000,0.0,0.0
2000-01-14 00:00:00-05:00,13.527533531188965,13.527533531188965,13.527533531188965,13.527533531188965,2000,0.0,0.0
2000-01-18 00:00:00-05:00,13.36356258392334,13.36356258392334,13.36356258392334,13.36356258392334,2000,0.0,0.0
2000-01-19 00:00:00-05:00,13.59006404876709,13.59006404876709,13.59006404876709,13.59006404876709,2000,0.075,0.0
2000-01-20 00:00:00-05:00,13.590063403634465,14.001883506774902,13.13706113308308,14.001883506774902,11000,0.0,0.0
2000-01-21 00:00:00-05:00,13.193689771175238,14.001887587519096,13.085587433885973,13.991591453552246,13000,0.0,0.0
2000-01-24 00:00:00-05:00,14.166612985228994,14.24897575378418,14.001884306180404,14.24897575378418,13000,0.0,0.0
2000-01-25 00:00:00-05:00,13.713611161762708,13.754794120788574,13.631246814680228,13.754794120788574,8000,0.0,0.0
2000-01-26 00:00:00-05:00,13.672431945800781,13.672431945800781,13.672431945800781,13.672431945800781,3000,0.0,0.0
2000-01-27 00:00:00-05:00,13.507703225465908,13.672431945800781,13.507703225465908,13.672431945800781,3000,0.0,0.0
2000-01-28 00:00:00-05:00,13.42533507689268,13.507699413818273,13.178243637084961,13.178243637084961,5000,0.0,0.0
2000-01-31 00:00:00-05:00,13.178240460042828,13.178240460042828,13.01351261138916,13.01351261138916,19000,0.0,0.0
2000-02-01 00:00:00-05:00,12.869377581108939,12.931150436401367,12.869377581108939,12.931150436401367,4000,0.0,0.0
2000-02-02 00:00:00-05:00,13.178244850852273,13.178244850852273,13.01351694731354,13.023812294006348,8000,0.0,0.0
2000-02-03 00:00:00-05:00,12.931153953470284,13.260610580444336,12.869381081376613,13.260610580444336,14000,0.0,0.0
2000-02-04 00:00:00-05:00,13.260610580444336,13.260610580444336,13.260610580444336,13.260610580444336,1000,0.0,0.0
2000-02-07 00:00:00-05:00,12.766424784584652,13.013517034286437,12.68406043952252,12.972334861755371,19000,0.0,0.0
2000-02-08 00:00:00-05:00,12.972334861755371,12.972334861755371,12.972334861755371,12.972334861755371,1000,0.0,0.0
2000-02-09 00:00:00-05:00,12.972334861755371,12.972334861755371,12.972334861755371,12.972334861755371,0,0.0,0.0
2000-02-10 00:00:00-05:00,12.972334861755371,12.972334861755371,12.972334861755371,12.972334861755371,0,0.0,0.0
2000-02-11 00:00:00-05:00,12.766423523426056,13.178243637084961,12.766423523426056,13.178243637084961,2000,0.0,0.0
2000-02-14 00:00:00-05:00,12.76642435927152,12.982629776000977,12.76642435927152,12.982629776000977,22000,0.0,0.0
2000-02-15 00:00:00-05:00,12.684061280452795,13.095881462097168,12.684061280452795,13.095881462097168,15000,0.0,0.0
2000-02-16 00:00:00-05:00,13.13705825805664,13.13705825805664,13.13705825805664,13.13705825805664,3000,0.0,0.0
2000-02-17 00:00:00-05:00,12.684058890399976,12.93115110992403,12.684058890399976,12.766423225402832,19000,0.0,0.0
2000-02-18 00:00:00-05:00,12.766423225402832,12.766423225402832,12.766423225402832,12.766423225402832,3000,0.0,0.0
2000-02-22 00:00:00-05:00,12.797310047400032,12.797310047400032,12.725241057901405,12.766423225402832,5000,0.0,0.0
2000-02-23 00:00:00-05:00,12.766423225402832,12.766423225402832,12.766423225402832,12.766423225402832,0,0.0,0.0
2000-02-24 00:00:00-05:00,12.684062004089355,12.684062004089355,12.684062004089355,12.684062004089355,2000,0.0,0.0
2000-02-25 00:00:00-05:00,12.375194101256284,13.178243637084961,12.375194101256284,13.178243637084961,6000,0.0,0.0
2000-02-28 00:00:00-05:00,13.178243637084961,13.178243637084961,13.178243637084961,13.178243637084961,1000,0.0,0.0
2000-02-29 00:00:00-05:00,13.013515748718305,13.178243637084961,13.013515748718305,13.178243637084961,4000,0.0,0.0
2000-03-01 00:00:00-05:00,13.260611597226427,13.425338745117188,13.260611597226427,13.425338745117188,3000,0.0,0.0
2000-03-02 00:00:00-05:00,13.59006404876709,13.59006404876709,12.93115169536632,13.59006404876709,7000,0.0,0.0
2000-03-03 00:00:00-05:00,13.59006404876709,13.59006404876709,13.59006404876709,13.59006404876709,0,0.0,0.0
2000-03-06 00:00:00-05:00,12.35460215310802,12.807604389152205,12.35460215310802,12.519330024719238,6000,0.0,0.0
2000-03-07 00:00:00-05:00,12.354605651623524,12.60169792175293,12.354605651623524,12.60169792175293,2000,0.0,0.0
2000-03-08 00:00:00-05:00,12.60169792175293,12.60169792175293,12.60169792175293,12.60169792175293,0,0.0,0.0
2000-03-09 00:00:00-05:00,12.766423225402832,12.766423225402832,12.766423225402832,12.766423225402832,1000,0.0,0.0
2000-03-10 00:00:00-05:00,13.754793335017007,13.754793335017007,13.301790237426758,13.301790237426758,7000,0.0,0.0
2000-03-13 00:00:00-05:00,13.301790237426758,13.301790237426758,13.301790237426758,13.301790237426758,0,0.0,0.0
2000-03-14 00:00:00-05:00,13.106176376342773,13.106176376342773,13.106176376342773,13.106176376342773,1000,0.0,0.0
2000-03-15 00:00:00-05:00,13.106176376342773,13.106176376342773,13.106176376342773,13.106176376342773,0,0.0,0.0
2000-03-16 00:00:00-05:00,12.60169792175293,12.60169792175293,12.60169792175293,12.60169792175293,3000,0.0,0.0
2000-03-17 00:00:00-05:00,12.601698434352365,12.931154284269736,12.601698434352365,12.684062004089355,3000,0.0,0.0
2000-03-20 00:00:00-05:00,12.601696705768603,12.601696705768603,12.436968803405762,12.436968803405762,11000,0.0,0.0
2000-03-21 00:00:00-05:00,12.601698434352365,12.684062004089355,12.601698434352365,12.684062004089355,3000,0.0,0.0
2000-03-22 00:00:00-05:00,12.684062004089355,12.684062004089355,12.684062004089355,12.684062004089355,0,0.0,0.0
2000-03-23 00:00:00-05:00,13.178243637084961,13.178243637084961,13.178243637084961,13.178243637084961,1000,0.0,0.0
2000-03-24 00:00:00-05:00,13.178243637084961,13.178243637084961,13.178243637084961,13.178243637084961,0,0.0,0.0
2000-03-27 00:00:00-05:00,13.178243637084961,13.178243637084961,13.178243637084961,13.178243637084961,0,0.0,0.0
2000-03-28 00:00:00-05:00,12.799883294662704,12.799883294662704,12.766423225402832,12.766423225402832,10000,0.0,0.0
2000-03-29 00:00:00-05:00,13.067567199000784,13.919519424438477,13.067567199000784,13.919519424438477,85000,0.0,0.0
2000-03-30 00:00:00-05:00,14.001886463971543,14.424002787229014,13.672430626071966,13.878340721130371,45000,0.0,0.0
2000-03-31 00:00:00-05:00,14.00188886124358,14.743165016174316,14.00188886124358,14.743165016174316,11000,0.0,0.0
2000-04-03 00:00:00-04:00,13.837158224370171,14.351933479309082,13.837158224370171,14.351933479309082,4000,0.0,0.0
2000-04-04 00:00:00-04:00,14.578436253572441,14.578436253572441,13.415043830871582,13.415043830871582,11000,0.0,0.0
2000-04-05 00:00:00-04:00,13.415040963529442,13.415040963529442,13.342972755432129,13.342972755432129,5000,0.0,0.0
2000-04-06 00:00:00-04:00,13.507703104547312,13.507703104547312,13.425338745117188,13.425338745117188,4000,0.0,0.0
2000-04-07 00:00:00-04:00,13.590067185194137,13.590067185194137,13.507702827453613,13.507702827453613,8000,0.0,0.0
2000-04-10 00:00:00-04:00,13.342972755432129,13.342972755432129,13.342972755432129,13.342972755432129,2000,0.0,0.0
2000-04-11 00:00:00-04:00,13.17824191646597,13.219423294067383,13.17824191646597,13.219423294067383,5000,0.0,0.0
2000-04-12 00:00:00-04:00,13.240113258361816,13.240113258361816,13.240113258361816,13.240113258361816,2000,0.075,0.0
2000-04-13 00:00:00-04:00,13.229770565332256,13.250458717346191,13.229770565332256,13.250458717346191,2000,0.0,0.0
2000-04-14 00:00:00-04:00,13.074613215771532,13.224598572048874,13.074613215771532,13.115988731384277,4000,0.0,0.0
2000-04-17 00:00:00-04:00,13.115988731384277,13.115988731384277,13.115988731384277,13.115988731384277,0,0.0,0.0
2000-04-18 00:00:00-04:00,13.115988731384277,13.115988731384277,13.115988731384277,13.115988731384277,0,0.0,0.0
2000-04-19 00:00:00-04:00,13.488367080688477,13.488367080688477,13.488367080688477,13.488367080688477,3000,0.0,0.0
2000-04-20 00:00:00-04:00,13.48836426528726,14.233121871948242,13.48836426528726,14.233121871948242,4000,0.0,0.0
2000-04-24 00:00:00-04:00,14.150373941573775,14.150373941573775,13.984871864318848,13.984871864318848,13000,0.0,0.0
2000-04-25 00:00:00-04:00,14.233120227593453,15.226127624511719,14.233120227593453,15.226127624511719,31000,0.0,0.0
2000-04-26 00:00:00-04:00,15.22613262879895,15.308883666992188,15.224839964428464,15.308883666992188,11000,0.0,0.0
2000-04-27 00:00:00-04:00,15.308883666992188,15.308883666992188,15.308883666992188,15.308883666992188,0,0.0,0.0
2000-04-28 00:00:00-04:00,15.308883666992188,15.308883666992188,15.308883666992188,15.308883666992188,0,0.0,0.0
2000-05-01 00:00:00-04:00,14.895128555836926,14.895128555836926,14.564126014709473,14.564126014709473,10000,0.0,0.0
2000-05-02 00:00:00-04:00,15.72263279832753,15.72263279832753,14.233120848771073,14.31587028503418,5000,0.0,0.0
2000-05-03 00:00:00-04:00,14.233124341276627,14.233124341276627,13.653868675231934,13.653868675231934,7000,0.0,0.0
2000-05-04 00:00:00-04:00,13.571121215820312,13.571121215820312,13.52974647663553,13.571121215820312,15000,0.0,0.0
2000-05-05 00:00:00-04:00,13.571121215820312,13.571121215820312,13.571121215820312,13.571121215820312,0,0.0,0.0
2000-05-08 00:00:00-04:00,13.364240842209586,13.653868675231934,13.364240842209586,13.653868675231934,14000,0.0,0.0
2000-05-09 00:00:00-04:00,13.364241313117923,13.509056023904208,13.364241313117923,13.488367080688477,14000,0.0,0.0
2000-05-10 00:00:00-04:00,13.353897949310934,13.653868675231934,13.353897949310934,13.653868675231934,4000,0.0,0.0
2000-05-11 00:00:00-04:00,13.653868675231934,13.653868675231934,13.653868675231934,13.653868675231934,0,0.0,0.0
2000-05-12 00:00:00-04:00,13.69524097442627,13.69524097442627,13.69524097442627,13.69524097442627,1000,0.0,0.0
2000-05-15 00:00:00-04:00,14.15037136054309,14.15037136054309,13.240113258361816,13.240113258361816,14000,0.0,0.0
2000-05-16 00:00:00-04:00,13.240113258361816,13.240113258361816,13.240113258361816,13.240113258361816,0,0.0,0.0
2000-05-17 00:00:00-04:00,13.240113258361816,13.240113258361816,13.240113258361816,13.240113258361816,0,0.0,0.0
2000-05-18 00:00:00-04:00,13.65386971762014,13.65386971762014,13.343554496765137,13.343554496765137,18000,0.0,0.0
2000-05-19 00:00:00-04:00,13.819369316101074,13.819369316101074,13.819369316101074,13.819369316101074,2000,0.0,0.0
2000-05-22 00:00:00-04:00,13.819370745057478,13.819370745057478,13.653868675231934,13.653868675231934,10000,0.0,0.0
2000-05-23 00:00:00-04:00,13.653872272535006,13.653872272535006,13.571121215820312,13.571121215820312,14000,0.0,0.0
2000-05-24 00:00:00-04:00,13.819373061526367,13.819373061526367,13.322868347167969,13.322868347167969,2000,0.0,0.0
2000-05-25 00:00:00-04:00,13.40561294555664,13.40561294555664,13.40561294555664,13.40561294555664,2000,0.0,0.0
2000-05-26 00:00:00-04:00,13.40561294555664,13.40561294555664,13.40561294555664,13.40561294555664,0,0.0,0.0
2000-05-30 00:00:00-04:00,13.40561294555664,13.40561294555664,13.40561294555664,13.40561294555664,1000,0.0,0.0
2000-05-31 00:00:00-04:00,13.405615762665049,13.819369316101074,13.405615762665049,13.819369316101074,8000,0.0,0.0
2000-06-01 00:00:00-04:00,13.840058350196784,13.984871480057237,13.73661994934082,13.73661994934082,7000,0.0,0.0
2000-06-02 00:00:00-04:00,13.488363779062638,14.067619323730469,13.488363779062638,14.067619323730469,8000,0.0,0.0
2000-06-05 00:00:00-04:00,14.233120848771073,14.31587028503418,14.233120848771073,14.31587028503418,2000,0.0,0.0
2000-06-06 00:00:00-04:00,14.481379063924154,15.515763282775879,14.481379063924154,15.515763282775879,7000,0.0,0.0
2000-06-07 00:00:00-04:00,15.722637635486294,15.722637635486294,14.97788143157959,14.97788143157959,6000,0.0,0.0
2000-06-08 00:00:00-04:00,14.812378883361816,14.812378883361816,14.812378883361816,14.812378883361816,9000,0.0,0.0
2000-06-09 00:00:00-04:00,14.812378883361816,14.812378883361816,14.812378883361816,14.812378883361816,0,0.0,0.0
2000-06-12 00:00:00-04:00,14.812378883361816,14.812378883361816,14.812378883361816,14.812378883361816,0,0.0,0.0
2000-06-13 00:00:00-04:00,14.067622271451082,14.067622271451082,13.653868675231934,13.653868675231934,8000,0.0,0.0
2000-06-14 00:00:00-04:00,14.067619323730469,14.067619323730469,13.984868306157296,14.067619323730469,34000,0.0,0.0
2000-06-15 00:00:00-04:00,14.564126014709473,14.564126014709473,14.564126014709473,14.564126014709473,1000,0.0,0.0
2000-06-16 00:00:00-04:00,14.729622840881348,14.729622840881348,13.90211590423983,14.729622840881348,13000,0.0,0.0
2000-06-19 00:00:00-04:00,14.564129787244669,14.72963031150556,14.564129787244669,14.66756820678711,7000,0.0,0.0
2000-06-20 00:00:00-04:00,14.476199157203729,14.729622840881348,14.476199157203729,14.729622840881348,21000,0.0,0.0
2000-06-21 00:00:00-04:00,14.233121871948242,14.233121871948242,14.233121871948242,14.233121871948242,4000,0.0,0.0
2000-06-22 00:00:00-04:00,14.233121871948242,14.233121871948242,14.233121871948242,14.233121871948242,0,0.0,0.0
2000-06-23 00:00:00-04:00,14.150369644165039,14.150369644165039,14.150369644165039,14.150369644165039,3000,0.0,0.0
2000-06-26 00:00:00-04:00,14.150369644165039,14.150369644165039,14.150369644165039,14.150369644165039,1000,0.0,0.0
2000-06-27 00:00:00-04:00,14.838233947753906,14.838233947753906,14.838233947753906,14.838233947753906,1000,0.0,0.0
2000-06-28 00:00:00-04:00,14.838233947753906,14.838233947753906,14.838233947753906,14.838233947753906,0,0.0,0.0
2000-06-29 00:00:00-04:00,15.205442428588867,15.205442428588867,15.205442428588867,15.205442428588867,4000,0.0,0.0
2000-06-30 00:00:00-04:00,15.226126829280942,15.815725187023885,14.233119484225503,14.48137092590332,99000,0.0,0.0
2000-07-03 00:00:00-04:00,14.233125227672884,14.97788143157959,14.233125227672884,14.97788143157959,3000,0.0,0.0
2000-07-05 00:00:00-04:00,13.902117789723611,14.233121871948242,13.653866306399575,14.233121871948242,16000,0.0,0.0
2000-07-06 00:00:00-04:00,14.398625479111386,14.895130132531389,13.984871864318848,13.984871864318848,18000,0.0,0.0
2000-07-07 00:00:00-04:00,14.481370925903319,14.481370925903319,14.481370925903319,14.48137092590332,2000,0.0,0.0
2000-07-10 00:00:00-04:00,14.481377371018011,14.481377371018011,14.212436874218298,14.398626327514648,3000,0.0,0.0
2000-07-11 00:00:00-04:00,14.48137631190159,14.812378883361816,14.48137631190159,14.812378883361816,3000,0.0,0.0
2000-07-12 00:00:00-04:00,14.812378883361816,14.812378883361816,14.812378883361816,14.812378883361816,2000,0.0,0.0
2000-07-13 00:00:00-04:00,14.895126879708627,14.895126879708627,14.233121871948242,14.233121871948242,6000,0.0,0.0
2000-07-14 00:00:00-04:00,14.233121871948242,14.233121871948242,14.233121871948242,14.233121871948242,0,0.0,0.0
2000-07-17 00:00:00-04:00,14.233121871948242,14.233121871948242,14.233121871948242,14.233121871948242,0,0.0,0.0
2000-07-18 00:00:00-04:00,14.233121871948242,14.233121871948242,14.233121871948242,14.233121871948242,0,0.0,0.0
2000-07-19 00:00:00-04:00,14.233123779296875,14.233123779296875,14.233123779296875,14.233123779296875,0,0.075,0.0
2000-07-20 00:00:00-04:00,14.711020435028392,14.711020435028392,14.378566741943358,14.37856674194336,3000,0.0,0.0
2000-07-21 00:00:00-04:00,14.0461213901891,14.0461213901891,13.734447091951512,13.963007926940918,14000,0.0,0.0
2000-07-24 00:00:00-04:00,13.734442710876465,13.734442710876465,13.734442710876465,13.734442710876465,2000,0.0,0.0
2000-07-25 00:00:00-04:00,13.817556147612743,13.817556147612743,13.734442710876465,13.734442710876465,7000,0.0,0.0
2000-07-26 00:00:00-04:00,13.734442710876465,13.734442710876465,13.734442710876465,13.734442710876465,10000,0.0,0.0
2000-07-27 00:00:00-04:00,14.29545783996582,14.29545783996582,14.29545783996582,14.29545783996582,2000,0.0,0.0
2000-07-28 00:00:00-04:00,14.046114634115021,14.378566741943358,14.046114634115021,14.37856674194336,5000,0.0,0.0
2000-07-31 00:00:00-04:00,14.378570282797565,14.627910614013672,14.378570282797565,14.627910614013672,5000,0.0,0.0
2000-08-01 00:00:00-04:00,14.461685856615906,14.461685856615906,13.881193161010742,13.881193161010742,4000,0.0,0.0
2000-08-02 00:00:00-04:00,14.378566741943358,14.378566741943358,14.378566741943358,14.37856674194336,6000,0.0,0.0
2000-08-03 00:00:00-04:00,14.378566741943358,14.378566741943358,14.378566741943358,14.37856674194336,0,0.0,0.0
2000-08-04 00:00:00-04:00,14.378569695050105,14.378569695050105,14.29545783996582,14.29545783996582,3000,0.0,0.0
2000-08-07 00:00:00-04:00,14.544792175292969,14.544792175292969,14.544792175292969,14.544792175292969,3000,0.0,0.0
2000-08-08 00:00:00-04:00,14.544799003294264,15.708382606506348,14.544799003294264,15.708382606506348,8000,0.0,0.0
2000-08-09 00:00:00-04:00,15.126589547686553,15.708380477823994,15.043476104736328,15.043476104736328,23000,0.0,0.0
2000-08-10 00:00:00-04:00,15.038281217316237,15.043476104736328,14.705829030772406,15.043476104736328,4000,0.0,0.0
2000-08-11 00:00:00-04:00,14.705825508702379,14.887635428062248,14.627906971833864,14.794132232666016,21000,0.0,0.0
2000-08-14 00:00:00-04:00,14.794132232666016,14.794132232666016,14.794132232666016,14.794132232666016,0,0.0,0.0
2000-08-15 00:00:00-04:00,15.375928878784181,15.375928878784181,15.375928878784181,15.37592887878418,1000,0.0,0.0
2000-08-16 00:00:00-04:00,14.378566741943358,14.378566741943358,14.378566741943358,14.37856674194336,2000,0.0,0.0
2000-08-17 00:00:00-04:00,14.96036148071289,14.96036148071289,14.96036148071289,14.96036148071289,8000,0.0,0.0
2000-08-18 00:00:00-04:00,15.87461241379862,16.139535903930664,15.692802393057077,16.139535903930664,41000,0.0,0.0
2000-08-21 00:00:00-04:00,15.677209854125977,15.677209854125977,15.609681085860572,15.677209854125977,10000,0.0,0.0
2000-08-22 00:00:00-04:00,15.848631636349603,15.853826522827148,15.84343674987206,15.853826522827148,6000,0.0,0.0
2000-08-23 00:00:00-04:00,15.853826522827148,15.853826522827148,15.853826522827148,15.853826522827148,0,0.0,0.0
2000-08-24 00:00:00-04:00,15.853826522827148,15.853826522827148,15.853826522827148,15.853826522827148,0,0.0,0.0
2000-08-25 00:00:00-04:00,15.999277868050344,15.999277868050344,15.209702482017713,15.864218711853027,45000,0.0,0.0
2000-08-28 00:00:00-04:00,15.874606897224746,16.009666039892807,15.547348022460938,15.547348022460938,10000,0.0,0.0
2000-08-29 00:00:00-04:00,15.62526885338658,15.999278597562368,15.209703175527817,15.957722663879395,242000,0.0,0.0
2000-08-30 00:00:00-04:00,15.043475644856978,15.833049365604161,14.877248764038084,14.877248764038086,20000,0.0,0.0
2000-08-31 00:00:00-04:00,15.038278233490566,15.214893273930986,14.295455452260228,14.321428298950195,48000,0.0,0.0
2000-09-01 00:00:00-04:00,14.331819462989781,14.840888314993627,14.305846610905617,14.539602279663086,23000,0.0,0.0
2000-09-05 00:00:00-04:00,14.64349365234375,14.64349365234375,14.64349365234375,14.64349365234375,3000,0.0,0.0
2000-09-06 00:00:00-04:00,15.126589691188803,15.126589691188803,14.627910614013672,14.627910614013672,11000,0.0,0.0
2000-09-07 00:00:00-04:00,14.96555630427353,15.126588289358201,14.830497168871648,15.079835891723633,71000,0.0,0.0
2000-09-08 00:00:00-04:00,14.721412658691406,14.721412658691406,14.721412658691406,14.721412658691406,1000,0.0,0.0
2000-09-11 00:00:00-04:00,14.96036148071289,14.96036148071289,14.96036148071289,14.96036148071289,6000,0.0,0.0
2000-09-12 00:00:00-04:00,15.09022619647346,15.126588821411133,14.705828324699029,15.126588821411133,17000,0.0,0.0
2000-09-13 00:00:00-04:00,15.121394198005142,15.121394198005142,14.622715140805486,14.877248764038086,10000,0.0,0.0
2000-09-14 00:00:00-04:00,14.965558052062988,14.965558052062988,14.965558052062988,14.965558052062988,8000,0.0,0.0
2000-09-15 00:00:00-04:00,14.300656059884624,15.791498855692863,14.29546275609867,15.542160034179688,18000,0.0,0.0
2000-09-18 00:00:00-04:00,14.882442931334179,15.131781655243282,14.316235122900252,14.96036148071289,11000,0.0,0.0
2000-09-19 00:00:00-04:00,14.45648756062777,14.96036148071289,14.45648756062777,14.96036148071289,9000,0.0,0.0
2000-09-20 00:00:00-04:00,15.121394660266464,15.121394660266464,14.62271558782218,15.043476104736328,35000,0.0,0.0
2000-09-21 00:00:00-04:00,14.991525394871132,14.991525394871132,14.544792175292969,14.544792175292969,3000,0.0,0.0
2000-09-22 00:00:00-04:00,14.705831323051255,14.711026211281101,14.534409523010254,14.534409523010254,6000,0.0,0.0
2000-09-25 00:00:00-04:00,14.643498596923841,14.799335761669942,14.378575099803944,14.383769989013672,7000,0.0,0.0
2000-09-26 00:00:00-04:00,14.45648756062777,15.37592707739936,14.42532140908184,14.96036148071289,10000,0.0,0.0
2000-09-27 00:00:00-04:00,14.711023468476215,15.292814380828295,14.544796587657322,14.877248764038086,17000,0.0,0.0
2000-09-28 00:00:00-04:00,15.126588618576971,15.625266075134277,15.126588618576971,15.625266075134277,4000,0.0,0.0
2000-09-29 00:00:00-04:00,14.96036148071289,15.54734725192975,14.794134607935526,14.96036148071289,7000,0.0,0.0
2000-10-02 00:00:00-04:00,14.705829712122835,15.744743833992946,14.700634824462055,15.630462646484375,32000,0.0,0.0
2000-10-03 00:00:00-04:00,15.547348022460938,15.791493456716935,15.188922994606596,15.547348022460938,18000,0.0,0.0
2000-10-04 00:00:00-04:00,15.292814114073511,15.625266284655263,15.126588821411133,15.126588821411133,9000,0.0,0.0
2000-10-05 00:00:00-04:00,15.625258911267974,15.635648680706488,15.204500198364258,15.204500198364258,26000,0.0,0.0
2000-10-06 00:00:00-04:00,15.542157637209673,15.568130493164062,15.204510509802608,15.568130493164062,6000,0.0,0.0
2000-10-09 00:00:00-04:00,15.209693497827269,15.625258911267974,15.136969867526394,15.204500198364258,30000,0.0,0.0
2000-10-10 00:00:00-04:00,15.209700675113826,15.547347732866243,15.03828049528078,15.126588821411133,9000,0.0,0.0
2000-10-11 00:00:00-04:00,15.209693497827269,15.625258911267974,14.799322969105823,15.204500198364258,23000,0.0,0.0
2000-10-12 00:00:00-04:00,14.944778404939926,15.542153950176726,14.944778404939926,14.96036148071289,12000,0.0,0.0
2000-10-13 00:00:00-04:00,15.027891307574968,15.459041595458984,15.027891307574968,15.459041595458984,12000,0.0,0.0
2000-10-16 00:00:00-04:00,15.355142343685262,15.58889788874566,15.161644381000686,15.204500198364258,45000,0.0,0.0
2000-10-17 00:00:00-04:00,15.287618637084961,15.287618637084961,15.287618637084961,15.287618637084961,1000,0.0,0.0
2000-10-18 00:00:00-04:00,15.109192344875073,15.657004901082276,15.109192344875073,15.615265846252441,45000,0.08,0.0
2000-10-19 00:00:00-04:00,15.69874243212013,15.703960013019355,15.072670936584473,15.072670936584473,13000,0.0,0.0
2000-10-20 00:00:00-04:00,15.610046464893147,15.610046464893147,14.775284655908099,15.103971481323242,6000,0.0,0.0
2000-10-23 00:00:00-04:00,15.354399131301042,15.610046204788391,15.276140213012695,15.276140213012695,7000,0.0,0.0
2000-10-24 00:00:00-04:00,15.44831371307373,15.44831371307373,15.44831371307373,15.44831371307373,3000,0.0,0.0
2000-10-25 00:00:00-04:00,15.57352868333494,15.57352868333494,14.796156883239746,14.796156883239746,2000,0.0,0.0
2000-10-26 00:00:00-04:00,15.187451909032548,15.364838520888195,15.145712852478027,15.145712852478027,11000,0.0,0.0
2000-10-27 00:00:00-04:00,15.030929592796685,15.32309653371279,15.025712013244629,15.025712013244629,13000,0.0,0.0
2000-10-30 00:00:00-05:00,15.147015812601747,15.463963508605957,15.147015812601747,15.463963508605957,7000,0.0,0.0
2000-10-31 00:00:00-05:00,15.782217852601958,16.2830753326416,15.60483125963722,16.2830753326416,46000,0.0,0.0
2000-11-01 00:00:00-05:00,15.85526255191188,16.465682983398438,15.610052136735495,16.465682983398438,6000,0.0,0.0
2000-11-02 00:00:00-05:00,16.02221561124325,16.465682983398438,15.959607815948393,16.465682983398438,61000,0.0,0.0
2000-11-03 00:00:00-05:00,15.94917306831175,17.32131255229865,15.94917306831175,16.862194061279297,14000,0.0,0.0
2000-11-06 00:00:00-05:00,17.363038507007726,17.363038507007726,16.277849197387695,16.277849197387695,4000,0.0,0.0
2000-11-07 00:00:00-05:00,17.44521683587887,17.44521683587887,17.441303253173828,17.441303253173828,2000,0.0,0.0
2000-11-08 00:00:00-05:00,17.363046282908403,17.613475799560547,17.363046282908403,17.613475799560547,5000,0.0,0.0
2000-11-09 00:00:00-05:00,17.613475799560547,17.613475799560547,17.613475799560547,17.613475799560547,0,0.0,0.0
2000-11-10 00:00:00-05:00,16.695233765707233,16.695233765707233,16.611757278442383,16.611757278442383,6000,0.0,0.0
2000-11-13 00:00:00-05:00,16.611757278442383,16.611757278442383,16.611757278442383,16.611757278442383,0,0.0,0.0
2000-11-14 00:00:00-05:00,16.19959831237793,16.19959831237793,16.19959831237793,16.19959831237793,6000,0.0,0.0
2000-11-15 00:00:00-05:00,16.194377048683716,16.194377048683716,15.860472679138184,15.860472679138184,4000,0.0,0.0
2000-11-16 00:00:00-05:00,15.860472679138184,15.860472679138184,15.860472679138184,15.860472679138184,0,0.0,0.0
2000-11-17 00:00:00-05:00,16.194377899169922,16.194377899169922,16.194377899169922,16.194377899169922,2000,0.0,0.0
2000-11-20 00:00:00-05:00,16.194377899169922,16.194377899169922,16.194377899169922,16.194377899169922,0,0.0,0.0
2000-11-21 00:00:00-05:00,16.194377899169922,16.194377899169922,16.194377899169922,16.194377899169922,0,0.0,0.0
2000-11-22 00:00:00-05:00,15.860472625171724,15.8709077835083,15.860472625171724,15.8709077835083,15000,0.0,0.0
2000-11-24 00:00:00-05:00,15.8709077835083,15.8709077835083,15.8709077835083,15.8709077835083,0,0.0,0.0
2000-11-27 00:00:00-05:00,15.8709077835083,15.8709077835083,15.8709077835083,15.8709077835083,0,0.0,0.0
2000-11-28 00:00:00-05:00,15.8709077835083,15.8709077835083,15.8709077835083,15.8709077835083,0,0.0,0.0
2000-11-29 00:00:00-05:00,15.860468716741876,16.69523022814934,15.69351577758789,15.69351577758789,15000,0.0,0.0
2000-11-30 00:00:00-05:00,15.69351577758789,15.69351577758789,15.69351577758789,15.69351577758789,0,0.0,0.0
2000-12-01 00:00:00-05:00,16.069164276123047,16.069164276123047,16.069164276123047,16.069164276123047,4000,0.0,0.0
2000-12-04 00:00:00-05:00,16.069164276123047,16.069164276123047,16.069164276123047,16.069164276123047,0,0.0,0.0
2000-12-05 00:00:00-05:00,16.069164276123047,16.069164276123047,16.069164276123047,16.069164276123047,0,0.0,0.0
2000-12-06 00:00:00-05:00,15.526567459106445,15.526567459106445,15.526567459106445,15.526567459106445,3000,0.0,0.0
2000-12-07 00:00:00-05:00,15.3648338591111,15.3648338591111,15.35961627960205,15.35961627960205,4000,0.0,0.0
2000-12-08 00:00:00-05:00,15.443087961038142,15.860468716741876,15.443087961038142,15.69351577758789,4000,0.0,0.0
2000-12-11 00:00:00-05:00,15.610048224705679,15.693523141269365,15.443095207214355,15.443095207214355,4000,0.0,0.0
2000-12-12 00:00:00-05:00,15.86048007769526,16.361337661743164,15.777003548323549,16.361337661743164,6000,0.0,0.0
2000-12-13 00:00:00-05:00,15.443095207214355,15.443095207214355,15.443095207214355,15.443095207214355,2000,0.0,0.0
2000-12-14 00:00:00-05:00,15.526570665813606,15.776998582930814,15.213534973326162,15.338748931884766,40000,0.0,0.0
2000-12-15 00:00:00-05:00,15.943944931030273,15.943944931030273,15.025706964748304,15.943944931030273,10000,0.0,0.0
2000-12-18 00:00:00-05:00,15.860468462789875,15.943944931030273,15.860468462789875,15.943944931030273,5000,0.0,0.0
2000-12-19 00:00:00-05:00,15.35961627960205,15.776997165418312,15.35961627960205,15.35961627960205,21000,0.0,0.0
2000-12-20 00:00:00-05:00,15.35961627960205,15.35961627960205,15.35961627960205,15.35961627960205,0,0.0,0.0
2000-12-21 00:00:00-05:00,15.359611245528692,15.943944931030273,15.359611245528692,15.943944931030273,20000,0.0,0.0
2000-12-22 00:00:00-05:00,15.943944916903162,16.277849197387695,15.943944916903162,16.277849197387695,20000,0.0,0.0
2000-12-26 00:00:00-05:00,15.860474558867464,15.865692138671875,15.735260604470662,15.865692138671875,10000,0.0,0.0
2000-12-27 00:00:00-05:00,15.610044660321615,16.00655520000618,15.250052398067643,15.323095321655273,14000,0.0,0.0
2000-12-28 00:00:00-05:00,16.027426384654518,16.528282165527344,16.027426384654518,16.528282165527344,14000,0.0,0.0
2000-12-29 00:00:00-05:00,16.02743145389095,17.321311950683594,16.02743145389095,17.321311950683594,35000,0.0,0.0
2001-01-02 00:00:00-05:00,16.611753758572352,16.611753758572352,15.69351577758789,15.69351577758789,6000,0.0,0.0
2001-01-03 00:00:00-05:00,16.528282813668685,16.528282813668685,16.523066826223896,16.52567481994629,13000,0.0,0.0
2001-01-04 00:00:00-05:00,16.695241078535464,17.347398933165756,16.695241078535464,16.96653938293457,4000,0.0,0.0
2001-01-05 00:00:00-05:00,16.96653938293457,16.96653938293457,16.96653938293457,16.96653938293457,0,0.0,0.0
2001-01-08 00:00:00-05:00,16.945662840815285,16.945662840815285,16.90392539030449,16.940446853637695,9000,0.0,0.0
2001-01-09 00:00:00-05:00,17.27957534790039,17.27957534790039,17.27957534790039,17.27957534790039,1000,0.0,0.0
2001-01-10 00:00:00-05:00,17.27957534790039,17.27957534790039,17.27957534790039,17.27957534790039,0,0.0,0.0
2001-01-11 00:00:00-05:00,17.592609405517578,17.592609405517578,17.592609405517578,17.592609405517578,10000,0.0,0.0
2001-01-12 00:00:00-05:00,18.74040612408384,18.74040612408384,18.020422998052144,18.187376022338867,5000,0.0,0.0
2001-01-16 00:00:00-05:00,18.187376022338867,18.187376022338867,18.187376022338867,18.187376022338867,0,0.0,0.0
2001-01-17 00:00:00-05:00,18.187376022338867,18.187376022338867,18.187376022338867,18.187376022338867,0,0.0,0.0
2001-01-18 00:00:00-05:00,17.425652556054636,18.030855178833008,17.425652556054636,18.030855178833008,30000,0.0,0.0
2001-01-19 00:00:00-05:00,18.343892436810957,18.343892436810957,17.613475799560547,17.613475799560547,11000,0.0,0.0
2001-01-22 00:00:00-05:00,17.613475799560547,17.613475799560547,17.613475799560547,17.613475799560547,0,0.0,0.0
2001-01-23 00:00:00-05:00,18.257807937285683,18.36476116515316,17.613475799560547,17.613475799560547,4000,0.0,0.0
2001-01-24 00:00:00-05:00,17.3453369140625,17.3453369140625,17.3453369140625,17.3453369140625,2000,0.08,0.0
2001-01-25 00:00:00-05:00,18.350858923697956,18.60224151611328,18.350858923697956,18.60224151611328,2000,0.0,0.0
2001-01-26 00:00:00-05:00,18.60224151611328,18.60224151611328,18.60224151611328,18.60224151611328,0,0.0,0.0
2001-01-29 00:00:00-05:00,18.60224151611328,18.60224151611328,18.60224151611328,18.60224151611328,0,0.0,0.0
2001-01-30 00:00:00-05:00,18.60224151611328,18.60224151611328,18.60224151611328,18.60224151611328,0,0.0,0.0
2001-01-31 00:00:00-05:00,18.60224151611328,18.60224151611328,18.60224151611328,18.60224151611328,0,0.0,0.0
2001-02-01 00:00:00-05:00,18.60224151611328,18.60224151611328,18.60224151611328,18.60224151611328,0,0.0,0.0
2001-02-02 00:00:00-05:00,18.60224151611328,18.60224151611328,18.60224151611328,18.60224151611328,0,0.0,0.0
2001-02-05 00:00:00-05:00,18.60224151611328,18.60224151611328,18.60224151611328,18.60224151611328,0,0.0,0.0
2001-02-06 00:00:00-05:00,17.596716592478195,18.01568603515625,17.429128176110343,18.01568603515625,4000,0.0,0.0
2001-02-07 00:00:00-05:00,17.680501074419777,17.680501074419777,17.51291275024414,17.51291275024414,8000,0.0,0.0
2001-02-08 00:00:00-05:00,17.51291275024414,17.51291275024414,17.51291275024414,17.51291275024414,0,0.0,0.0
2001-02-09 00:00:00-05:00,17.3453369140625,17.3453369140625,17.3453369140625,17.3453369140625,1000,0.0,0.0
2001-02-12 00:00:00-05:00,17.3453369140625,17.3453369140625,17.3453369140625,17.3453369140625,0,0.0,0.0
2001-02-13 00:00:00-05:00,17.3453369140625,17.3453369140625,17.3453369140625,17.3453369140625,0,0.0,0.0
2001-02-14 00:00:00-05:00,17.261539459228516,17.261539459228516,17.261539459228516,17.261539459228516,3000,0.0,0.0
2001-02-15 00:00:00-05:00,18.01568603515625,18.01568603515625,18.01568603515625,18.01568603515625,4000,0.0,0.0
2001-02-16 00:00:00-05:00,18.18589210510254,18.18589210510254,18.18589210510254,18.18589210510254,1000,0.0,0.0
2001-02-20 00:00:00-05:00,18.434655469394677,18.76983070373535,18.35086126124911,18.76983070373535,3000,0.0,0.0
2001-02-21 00:00:00-05:00,18.853626873182215,19.27259635925293,18.853626873182215,19.27259635925293,4000,0.0,0.0
2001-02-22 00:00:00-05:00,19.728221921659497,20.110530853271484,19.728221921659497,20.110530853271484,4000,0.0,0.0
2001-02-23 00:00:00-05:00,20.110530853271484,20.110530853271484,20.110530853271484,20.110530853271484,0,0.0,0.0
2001-02-26 00:00:00-05:00,20.864675521850586,21.494440171412645,20.864675521850586,20.864675521850586,5000,0.0,0.0
2001-02-27 00:00:00-05:00,20.864676703732062,20.864676703732062,19.440181641000386,19.69156265258789,10000,0.0,0.0
2001-02-28 00:00:00-05:00,18.853624911880917,18.853624911880917,18.445130344753466,18.76983070373535,9000,0.0,0.0
2001-03-01 00:00:00-05:00,18.356103897094727,18.356103897094727,18.356103897094727,18.356103897094727,1000,0.0,0.0
2001-03-02 00:00:00-05:00,17.680511474609375,17.680511474609375,17.680511474609375,17.680511474609375,1000,0.0,0.0
2001-03-05 00:00:00-05:00,18.790780209664938,18.79339972781411,17.853336334228516,17.853336334228516,7000,0.0,0.0
2001-03-06 00:00:00-05:00,17.853336334228516,17.853336334228516,17.853336334228516,17.853336334228516,0,0.0,0.0
2001-03-07 00:00:00-05:00,17.853336334228516,17.853336334228516,17.853336334228516,17.853336334228516,0,0.0,0.0
2001-03-08 00:00:00-05:00,18.183273315429688,18.183273315429688,18.183273315429688,18.183273315429688,1000,0.0,0.0
2001-03-09 00:00:00-05:00,18.015686204624398,19.775358200073242,17.816676356776934,19.775358200073242,5000,0.0,0.0
2001-03-12 00:00:00-05:00,19.775358200073242,19.775358200073242,19.775358200073242,19.775358200073242,0,0.0,0.0
2001-03-13 00:00:00-05:00,19.775358200073242,19.775358200073242,19.775358200073242,19.775358200073242,0,0.0,0.0
2001-03-14 00:00:00-05:00,17.59671401977539,17.59671401977539,17.59671401977539,17.59671401977539,1000,0.0,0.0
2001-03-15 00:00:00-05:00,19.942941665649414,20.11053005540768,19.942941665649414,19.942941665649414,6000,0.0,0.0
2001-03-16 00:00:00-05:00,19.942944262857115,19.942944262857115,19.5972957611084,19.5972957611084,8000,0.0,0.0
2001-03-19 00:00:00-05:00,19.8172550201416,19.8172550201416,19.8172550201416,19.8172550201416,5000,0.0,0.0
2001-03-20 00:00:00-05:00,20.110530853271484,20.110530853271484,20.110530853271484,20.110530853271484,1000,0.0,0.0
2001-03-21 00:00:00-05:00,20.110530853271484,20.110530853271484,20.110530853271484,20.110530853271484,0,0.0,0.0
2001-03-22 00:00:00-05:00,20.110530853271484,20.110530853271484,20.110530853271484,20.110530853271484,0,0.0,0.0
2001-03-23 00:00:00-05:00,18.97931480407715,18.97931480407715,18.97931480407715,18.97931480407715,3000,0.0,0.0
2001-03-26 00:00:00-05:00,18.686033248901367,18.686033248901367,18.686033248901367,18.686033248901367,1000,0.0,0.0
2001-03-27 00:00:00-05:00,18.68865386766671,19.859149932861328,18.68865386766671,19.859149932861328,6000,0.0,0.0
2001-03-28 00:00:00-05:00,19.691561288522212,19.691561288522212,18.60224151611328,18.60224151611328,4000,0.0,0.0
2001-03-29 00:00:00-05:00,19.69156265258789,19.69156265258789,19.69156265258789,19.69156265258789,2000,0.0,0.0
2001-03-30 00:00:00-05:00,19.85915026930984,20.021499633789062,19.85915026930984,20.021499633789062,13000,0.0,0.0
2001-04-02 00:00:00-04:00,20.021499633789062,20.021499633789062,20.021499633789062,20.021499633789062,0,0.0,0.0
2001-04-03 00:00:00-04:00,18.937421798706055,18.937421798706055,18.937421798706055,18.937421798706055,1000,0.0,0.0
2001-04-04 00:00:00-04:00,18.937421798706055,18.937421798706055,18.937421798706055,18.937421798706055,2000,0.0,0.0
2001-04-05 00:00:00-04:00,18.183274451524106,18.183274451524106,18.01568603515625,18.01568603515625,3000,0.0,0.0
2001-04-06 00:00:00-04:00,17.680511474609375,17.680511474609375,17.680511474609375,17.680511474609375,3000,0.0,0.0
2001-04-09 00:00:00-04:00,18.350864561392676,18.350864561392676,18.099483489990234,18.099483489990234,9000,0.0,0.0
2001-04-10 00:00:00-04:00,18.099474196601335,18.853618621826172,18.099474196601335,18.853618621826172,5000,0.0,0.0
2001-04-11 00:00:00-04:00,18.853621636074106,18.853621636074106,18.644136951228838,18.686033248901367,8000,0.0,0.0
2001-04-12 00:00:00-04:00,18.853618621826172,18.853618621826172,18.853618621826172,18.853618621826172,6000,0.0,0.0
2001-04-16 00:00:00-04:00,18.015680016411675,18.853618621826172,18.015680016411675,18.853618621826172,30000,0.0,0.0
2001-04-17 00:00:00-04:00,17.59671401977539,17.59671401977539,17.59671401977539,17.59671401977539,3000,0.0,0.0
2001-04-18 00:00:00-04:00,18.434654235839844,18.434654235839844,18.434654235839844,18.434654235839844,2000,0.0,0.0
2001-04-19 00:00:00-04:00,18.434654235839844,18.434654235839844,18.434654235839844,18.434654235839844,0,0.0,0.0
2001-04-20 00:00:00-04:00,18.434654235839844,18.434654235839844,18.434654235839844,18.434654235839844,0,0.0,0.0
2001-04-23 00:00:00-04:00,18.434654235839844,18.434654235839844,18.434654235839844,18.434654235839844,0,0.0,0.0
2001-04-24 00:00:00-04:00,18.434654235839844,18.434654235839844,18.434654235839844,18.434654235839844,2000,0.0,0.0
2001-04-25 00:00:00-04:00,18.081435459416088,18.081435459416088,17.24043846130371,17.24043846130371,14000,0.08,0.0
2001-04-26 00:00:00-04:00,18.270658237227146,19.342928979400806,18.081433611179012,18.754230499267578,10000,0.0,0.0
2001-04-27 00:00:00-04:00,18.501931593153213,18.92243003845215,18.501931593153213,18.92243003845215,6000,0.0,0.0
2001-04-30 00:00:00-04:00,18.92243581759711,18.92243581759711,17.82914016754362,18.082279205322266,20000,0.0,0.0
2001-05-01 00:00:00-04:00,18.333736419677734,18.333736419677734,18.083120601789883,18.333736419677734,4000,0.0,0.0
2001-05-02 00:00:00-04:00,18.922435094574674,18.922435094574674,17.997337946913863,17.998178482055664,3000,0.0,0.0
2001-05-03 00:00:00-04:00,18.922433343208972,19.090633392333984,18.922433343208972,19.090633392333984,3000,0.0,0.0
2001-05-04 00:00:00-04:00,18.92243003845215,18.92243003845215,18.92243003845215,18.92243003845215,1000,0.0,0.0
2001-05-07 00:00:00-04:00,18.92243003845215,18.92243003845215,18.92243003845215,18.92243003845215,1000,0.0,0.0
2001-05-08 00:00:00-04:00,18.92243003845215,18.92243003845215,18.92243003845215,18.92243003845215,4000,0.0,0.0
2001-05-09 00:00:00-04:00,18.92243003845215,18.92243003845215,18.92243003845215,18.92243003845215,0,0.0,0.0
2001-05-10 00:00:00-04:00,18.92243003845215,18.92243003845215,18.92243003845215,18.92243003845215,0,0.0,0.0
2001-05-11 00:00:00-04:00,18.249633711101605,18.50193214416504,18.14450909664612,18.50193214416504,12000,0.0,0.0
2001-05-14 00:00:00-04:00,18.50193204214585,18.50193204214585,18.480907440185547,18.480907440185547,6000,0.0,0.0
2001-05-15 00:00:00-04:00,18.48090583076516,19.006528854370117,18.409420265436317,19.006528854370117,47000,0.0,0.0
2001-05-16 00:00:00-04:00,18.9224344618777,19.763431549072266,18.9224344618777,19.763431549072266,7000,0.0,0.0
2001-05-17 00:00:00-04:00,19.763431549072266,19.763431549072266,19.763431549072266,19.763431549072266,0,0.0,0.0
2001-05-18 00:00:00-04:00,19.67932891845703,19.67932891845703,19.67932891845703,19.67932891845703,2000,0.0,0.0
2001-05-21 00:00:00-04:00,19.67932833714667,20.09982681274414,19.67932833714667,20.09982681274414,2000,0.0,0.0
2001-05-22 00:00:00-04:00,20.09982681274414,20.09982681274414,20.09982681274414,20.09982681274414,0,0.0,0.0
2001-05-23 00:00:00-04:00,19.76342904329226,19.76342904329226,19.511971125759477,19.5128116607666,7000,0.0,0.0
2001-05-24 00:00:00-04:00,19.5128116607666,19.5128116607666,19.5128116607666,19.5128116607666,0,0.0,0.0
2001-05-25 00:00:00-04:00,19.5128116607666,19.5128116607666,19.5128116607666,19.5128116607666,0,0.0,0.0
2001-05-29 00:00:00-04:00,19.174728464001802,19.174728464001802,18.92243003845215,18.92243003845215,4000,0.0,0.0
2001-05-30 00:00:00-04:00,18.838333129882812,18.838333129882812,18.838333129882812,18.838333129882812,3000,0.0,0.0
2001-05-31 00:00:00-04:00,18.501935262147658,18.501935262147658,18.417835235595703,18.417835235595703,3000,0.0,0.0
2001-06-01 00:00:00-04:00,18.838333129882812,18.838333129882812,18.838333129882812,18.838333129882812,1000,0.0,0.0
2001-06-04 00:00:00-04:00,18.754230499267578,18.754230499267578,18.754230499267578,18.754230499267578,1000,0.0,0.0
2001-06-05 00:00:00-04:00,18.754233858045787,19.427032470703125,18.754233858045787,19.427032470703125,9000,0.0,0.0
2001-06-06 00:00:00-04:00,19.427032470703125,19.427032470703125,19.427032470703125,19.427032470703125,0,0.0,0.0
2001-06-07 00:00:00-04:00,19.427032470703125,19.427032470703125,19.427032470703125,19.427032470703125,0,0.0,0.0
2001-06-08 00:00:00-04:00,19.427032470703125,19.427032470703125,19.427032470703125,19.427032470703125,0,0.0,0.0
2001-06-11 00:00:00-04:00,19.427032470703125,19.427032470703125,19.427032470703125,19.427032470703125,0,0.0,0.0
2001-06-12 00:00:00-04:00,19.00653053535652,19.00653053535652,18.754230499267578,18.754230499267578,12000,0.0,0.0
2001-06-13 00:00:00-04:00,19.00653375973283,19.174732208251953,19.00653375973283,19.174732208251953,2000,0.0,0.0
2001-06-14 00:00:00-04:00,19.174732208251953,19.174732208251953,19.174732208251953,19.174732208251953,0,0.0,0.0
2001-06-15 00:00:00-04:00,20.099830737853114,20.099830737853114,19.006535129429917,19.342933654785156,17000,0.0,0.0
2001-06-18 00:00:00-04:00,19.342933654785156,19.342933654785156,19.342933654785156,19.342933654785156,0,0.0,0.0
2001-06-19 00:00:00-04:00,19.427032470703125,19.427032470703125,19.342932443611634,19.427032470703125,3000,0.0,0.0
2001-06-20 00:00:00-04:00,19.763431549072266,19.763431549072266,18.67013597734919,19.763431549072266,18000,0.0,0.0
2001-06-21 00:00:00-04:00,19.67932891845703,19.67932891845703,19.67932891845703,19.67932891845703,1000,0.0,0.0
2001-06-22 00:00:00-04:00,19.67932891845703,19.67932891845703,19.67932891845703,19.67932891845703,0,0.0,0.0
2001-06-25 00:00:00-04:00,19.67932891845703,19.67932891845703,19.67932891845703,19.67932891845703,0,0.0,0.0
2001-06-26 00:00:00-04:00,19.67932891845703,19.67932891845703,19.67932891845703,19.67932891845703,0,0.0,0.0
2001-06-27 00:00:00-04:00,18.92243003845215,18.92243003845215,18.92243003845215,18.92243003845215,4000,0.0,0.0
2001-06-28 00:00:00-04:00,18.92243003845215,18.92243003845215,18.83833002857751,18.92243003845215,18000,0.0,0.0
2001-06-29 00:00:00-04:00,19.090631310978164,19.59522819519043,19.090631310978164,19.59522819519043,2000,0.0,0.0
2001-07-02 00:00:00-04:00,19.59522819519043,19.59522819519043,19.59522819519043,19.59522819519043,0,0.0,0.0
2001-07-03 00:00:00-04:00,19.342933005474983,19.763431549072266,19.342933005474983,19.763431549072266,4000,0.0,0.0
2001-07-05 00:00:00-04:00,19.300884440643763,19.342933654785156,19.300884440643763,19.342933654785156,7000,0.0,0.0
2001-07-06 00:00:00-04:00,19.342933654785156,19.342933654785156,19.342933654785156,19.342933654785156,0,0.0,0.0
2001-07-09 00:00:00-04:00,19.931631088256836,19.931631088256836,19.931631088256836,19.931631088256836,2000,0.0,0.0
2001-07-10 00:00:00-04:00,20.14187348340367,20.14187348340367,20.0367488861084,20.0367488861084,7000,0.0,0.0
2001-07-11 00:00:00-04:00,20.015730033600775,20.18393009266955,19.63644177169431,19.763431549072266,24000,0.0,0.0
2001-07-12 00:00:00-04:00,20.09982681274414,20.09982681274414,20.09982681274414,20.09982681274414,5000,0.0,0.0
2001-07-13 00:00:00-04:00,20.09982953886378,20.09982953886378,19.931631088256836,19.931631088256836,5000,0.0,0.0
2001-07-16 00:00:00-04:00,19.72138023376465,19.72138023376465,19.72138023376465,19.72138023376465,1000,0.0,0.0
2001-07-17 00:00:00-04:00,19.763430974994495,19.763430974994495,19.427032470703125,19.427032470703125,4000,0.0,0.0
2001-07-18 00:00:00-04:00,19.42702721817907,19.42702721817907,19.258827209472656,19.258827209472656,2000,0.0,0.0
2001-07-19 00:00:00-04:00,19.34293094324528,20.09982792020955,19.34293094324528,19.72138023376465,7000,0.0,0.0
2001-07-20 00:00:00-04:00,19.721382998356482,20.099830737853114,19.342933654785156,19.342933654785156,6000,0.0,0.0
2001-07-23 00:00:00-04:00,19.174734649626238,20.015731811523438,19.090636216696346,20.015731811523438,6000,0.0,0.0
2001-07-24 00:00:00-04:00,19.09904195112314,19.847530405247433,19.090633392333984,19.090633392333984,7000,0.0,0.0
2001-07-25 00:00:00-04:00,19.833327374531375,20.21311513836827,19.833327374531375,20.170915603637695,7000,0.08,0.0
2001-07-26 00:00:00-04:00,20.21311378479004,20.21311378479004,19.83332604638576,20.21311378479004,28000,0.0,0.0
2001-07-27 00:00:00-04:00,20.21311378479004,20.21311378479004,20.21311378479004,20.21311378479004,5000,0.0,0.0
2001-07-30 00:00:00-04:00,19.791128651519454,20.086517333984375,19.791128651519454,20.086517333984375,4000,0.0,0.0
2001-07-31 00:00:00-04:00,19.58013916015625,19.58013916015625,19.58013916015625,19.58013916015625,2000,0.0,0.0
2001-08-01 00:00:00-04:00,20.128721237182617,20.128721237182617,20.128721237182617,20.128721237182617,1000,0.0,0.0
2001-08-02 00:00:00-04:00,20.128720254359024,20.234216690063477,19.833329912436987,20.234216690063477,5000,0.0,0.0
2001-08-03 00:00:00-04:00,19.875527741263213,21.099287033081055,19.875527741263213,21.099287033081055,52000,0.0,0.0
2001-08-06 00:00:00-04:00,21.183678491549678,21.183678491549678,20.424104695864088,20.84609031677246,9000,0.0,0.0
2001-08-07 00:00:00-04:00,20.424104695864088,20.84609031677246,20.424104695864088,20.84609031677246,8000,0.0,0.0
2001-08-08 00:00:00-04:00,20.550708566362022,21.014892297593263,19.32694911530066,19.66453742980957,53000,0.0,0.0
2001-08-09 00:00:00-04:00,20.255314876419085,20.255314876419085,19.49574089050293,19.49574089050293,5000,0.0,0.0
2001-08-10 00:00:00-04:00,20.25531661826313,20.25531661826313,19.58857834023296,19.921947479248047,18000,0.0,0.0
2001-08-13 00:00:00-04:00,20.255308151245117,20.419038764848665,19.79112465001132,20.255308151245117,31000,0.0,0.0
2001-08-14 00:00:00-04:00,20.002119326760294,21.090841405341052,20.002119326760294,20.677295684814453,10000,0.0,0.0
2001-08-15 00:00:00-04:00,20.761692427247286,21.436868762382417,20.761692427247286,21.268918991088867,22000,0.0,0.0
2001-08-16 00:00:00-04:00,20.508505279786128,21.394676254682917,20.424109423865474,21.183683395385742,42000,0.0,0.0
2001-08-17 00:00:00-04:00,21.352471779398005,21.352471779398005,21.014883604536465,21.268075942993164,6000,0.0,0.0
2001-08-20 00:00:00-04:00,21.436873524118262,21.68922079579401,21.436873524118262,21.645334243774414,4000,0.0,0.0
2001-08-21 00:00:00-04:00,21.626770618511614,21.90106201171875,21.626770618511614,21.90106201171875,2000,0.0,0.0
2001-08-22 00:00:00-04:00,21.603134039492815,21.766864682063332,21.322091434636928,21.323780059814453,18000,0.0,0.0
2001-08-23 00:00:00-04:00,21.41324308542582,21.41324308542582,21.183683395385742,21.183683395385742,2000,0.0,0.0
2001-08-24 00:00:00-04:00,21.352479934692383,21.352479934692383,21.352479934692383,21.352479934692383,1000,0.0,0.0
2001-08-27 00:00:00-04:00,21.014883041381836,21.014883041381836,21.014883041381836,21.014883041381836,1000,0.0,0.0
2001-08-28 00:00:00-04:00,21.014883041381836,21.014883041381836,21.014883041381836,21.014883041381836,0,0.0,0.0
2001-08-29 00:00:00-04:00,20.339706709752058,21.05708256820079,20.339706709752058,21.014883041381836,5000,0.0,0.0
2001-08-30 00:00:00-04:00,19.70672988020352,20.846091439996396,19.70672988020352,19.917722702026367,12000,0.0,0.0
2001-08-31 00:00:00-04:00,20.67730060301115,20.67730060301115,19.419783330936536,19.49574089050293,12000,0.0,0.0
2001-09-04 00:00:00-04:00,19.833328247070312,19.833328247070312,19.833328247070312,19.833328247070312,1000,0.0,0.0
2001-09-05 00:00:00-04:00,19.833328247070312,19.833328247070312,19.833328247070312,19.833328247070312,0,0.0,0.0
2001-09-06 00:00:00-04:00,19.833328247070312,19.833328247070312,19.833328247070312,19.833328247070312,0,0.0,0.0
2001-09-07 00:00:00-04:00,19.74893249186147,20.08652076501978,19.496585197310093,19.58013916015625,6000,0.0,0.0
2001-09-10 00:00:00-04:00,20.255308151245117,20.255308151245117,20.255308151245117,20.255308151245117,1000,0.0,0.0
2001-09-17 00:00:00-04:00,19.49573705838067,19.917722702026367,19.158148865413608,19.917722702026367,4000,0.0,0.0
2001-09-18 00:00:00-04:00,19.07375546252491,19.326946258544922,18.904960525346354,19.326946258544922,20000,0.0,0.0
2001-09-19 00:00:00-04:00,19.329479217529297,19.329479217529297,19.329479217529297,19.329479217529297,1000,0.0,0.0
2001-09-20 00:00:00-04:00,19.158994674682617,19.158994674682617,19.158994674682617,19.158994674682617,1000,0.0,0.0
2001-09-21 00:00:00-04:00,18.73616822216288,18.73616822216288,18.31418246589568,18.567373275756836,9000,0.0,0.0
2001-09-24 00:00:00-04:00,18.482966537954415,18.484655162666176,18.398569107055664,18.398569107055664,6000,0.0,0.0
2001-09-25 00:00:00-04:00,18.314176559448242,18.567367287653653,18.145381667479707,18.314176559448242,26000,0.0,0.0
2001-09-26 00:00:00-04:00,18.145389556884766,18.182524835603207,18.145389556884766,18.145389556884766,6000,0.0,0.0
2001-09-27 00:00:00-04:00,18.736166130110455,19.41134262084961,18.736166130110455,19.41134262084961,9000,0.0,0.0
2001-09-28 00:00:00-04:00,19.03155696375159,19.03155696375159,18.567373275756836,18.567373275756836,12000,0.0,0.0
2001-10-01 00:00:00-04:00,17.976590996666346,17.976590996666346,17.132619558142146,17.301414489746094,25000,0.0,0.0
2001-10-02 00:00:00-04:00,18.145389556884766,18.145389556884766,18.145389556884766,18.145389556884766,1000,0.0,0.0
2001-10-03 00:00:00-04:00,17.807800156282845,17.807800156282845,17.639848709106445,17.639848709106445,2000,0.0,0.0
2001-10-04 00:00:00-04:00,17.73183811522055,17.73183811522055,17.723398208618164,17.723398208618164,10000,0.0,0.0
2001-10-05 00:00:00-04:00,18.187582859424484,18.187582859424484,18.06098747253418,18.06098747253418,2000,0.0,0.0
2001-10-08 00:00:00-04:00,18.14538388025193,18.14538388025193,17.723398208618164,17.723398208618164,16000,0.0,0.0
2001-10-09 00:00:00-04:00,17.63900274320622,17.63900274320622,16.879428770483994,17.301414489746094,18000,0.0,0.0
2001-10-10 00:00:00-04:00,17.048221588134766,17.048221588134766,16.20425025426171,17.048221588134766,18000,0.0,0.0
2001-10-11 00:00:00-04:00,17.554608347286305,18.060991620904726,17.21702003479004,17.21702003479004,15000,0.0,0.0
2001-10-12 00:00:00-04:00,17.21702003479004,17.21702003479004,17.21702003479004,17.21702003479004,0,0.0,0.0
2001-10-15 00:00:00-04:00,17.63900375366211,17.63900375366211,17.63900375366211,17.63900375366211,1000,0.0,0.0
2001-10-16 00:00:00-04:00,17.723398208618164,17.723398208618164,17.723398208618164,17.723398208618164,2000,0.0,0.0
2001-10-17 00:00:00-04:00,18.06099207420545,18.145389556884766,18.06099207420545,18.145389556884766,2000,0.0,0.0
2001-10-18 00:00:00-04:00,18.06098747253418,18.06098747253418,18.06098747253418,18.06098747253418,9000,0.0,0.0
2001-10-19 00:00:00-04:00,17.724244732178306,17.724244732178306,17.63900375366211,17.63900375366211,6000,0.0,0.0
2001-10-22 00:00:00-04:00,17.63900375366211,17.63900375366211,17.63900375366211,17.63900375366211,0,0.0,0.0
2001-10-23 00:00:00-04:00,17.72340417434816,18.103192050554874,17.72340417434816,17.765602111816406,27000,0.0,0.0
2001-10-24 00:00:00-04:00,17.765600204467773,17.765600204467773,17.765600204467773,17.765600204467773,0,0.085,0.0
2001-10-25 00:00:00-04:00,18.388431549072266,18.473169568968,18.388431549072266,18.388431549072266,3000,0.0,0.0
2001-10-26 00:00:00-04:00,18.218957901000977,18.218957901000977,18.218957901000977,18.218957901000977,1000,0.0,0.0
2001-10-29 00:00:00-05:00,18.218952135606248,18.812127967926326,18.091843490473117,18.642648696899414,17000,0.0,0.0
2001-10-30 00:00:00-05:00,18.642648696899414,18.642648696899414,18.642648696899414,18.642648696899414,2000,0.0,0.0
2001-10-31 00:00:00-05:00,18.896865844726562,18.896865844726562,18.896865844726562,18.896865844726562,2000,0.0,0.0
2001-11-01 00:00:00-05:00,18.896865844726562,18.896865844726562,18.896865844726562,18.896865844726562,0,0.0,0.0
2001-11-02 00:00:00-05:00,18.896865844726562,18.896865844726562,18.896865844726562,18.896865844726562,0,0.0,0.0
2001-11-05 00:00:00-05:00,19.165496310909983,19.574787139892578,19.165496310909983,19.574787139892578,8000,0.0,0.0
2001-11-06 00:00:00-05:00,20.083219528198242,20.083219528198242,20.083219528198242,20.083219528198242,1000,0.0,0.0
2001-11-07 00:00:00-05:00,20.083219528198242,20.083219528198242,20.083219528198242,20.083219528198242,0,0.0,0.0
2001-11-08 00:00:00-05:00,20.083219528198242,20.083219528198242,20.083219528198242,20.083219528198242,0,0.0,0.0
2001-11-09 00:00:00-05:00,20.083219528198242,20.083219528198242,20.083219528198242,20.083219528198242,0,0.0,0.0
2001-11-12 00:00:00-05:00,19.2366713627129,19.2366713627129,18.981605529785156,18.981605529785156,5000,0.0,0.0
2001-11-13 00:00:00-05:00,19.201081956782666,19.201081956782666,18.643496455593777,18.68501853942871,6000,0.0,0.0
2001-11-14 00:00:00-05:00,19.150238037109375,19.150238037109375,19.150238037109375,19.150238037109375,1000,0.0,0.0
2001-11-15 00:00:00-05:00,19.150238037109375,19.150238037109375,19.150238037109375,19.150238037109375,0,0.0,0.0
2001-11-16 00:00:00-05:00,19.150238037109375,19.150238037109375,19.150238037109375,19.150238037109375,0,0.0,0.0
2001-11-19 00:00:00-05:00,19.066347122192383,19.066347122192383,19.066347122192383,19.066347122192383,2000,0.0,0.0
2001-11-20 00:00:00-05:00,18.727386474609375,18.727386474609375,18.727386474609375,18.727386474609375,4000,0.0,0.0
2001-11-21 00:00:00-05:00,19.06634798645875,19.193456649780273,19.06634798645875,19.193456649780273,2000,0.0,0.0
2001-11-23 00:00:00-05:00,19.193456649780273,19.193456649780273,19.193456649780273,19.193456649780273,0,0.0,0.0
2001-11-26 00:00:00-05:00,19.151086562394475,19.913740115919524,19.151086562394475,19.82900047302246,6000,0.0,0.0
2001-11-27 00:00:00-05:00,18.897715341874807,19.70189094543457,18.896866797928645,19.70189094543457,6000,0.0,0.0
2001-11-28 00:00:00-05:00,19.871368408203125,19.871368408203125,19.871368408203125,19.871368408203125,1000,0.0,0.0
2001-11-29 00:00:00-05:00,19.786630630493164,19.786630630493164,19.786630630493164,19.786630630493164,1000,0.0,0.0
2001-11-30 00:00:00-05:00,19.320560455322266,19.320560455322266,19.320560455322266,19.320560455322266,3000,0.0,0.0
2001-12-03 00:00:00-05:00,19.320560455322266,19.320560455322266,19.320560455322266,19.320560455322266,0,0.0,0.0
2001-12-04 00:00:00-05:00,19.320560455322266,19.320560455322266,19.320560455322266,19.320560455322266,0,0.0,0.0
2001-12-05 00:00:00-05:00,19.49004131578578,19.49004131578578,19.468856811523438,19.468856811523438,4000,0.0,0.0
2001-12-06 00:00:00-05:00,19.867133313689422,19.867133313689422,19.405303955078125,19.405303955078125,2000,0.0,0.0
2001-12-07 00:00:00-05:00,19.405303874811406,19.82900047302246,19.405303874811406,19.82900047302246,8000,0.0,0.0
2001-12-10 00:00:00-05:00,19.913734450320483,20.676387786865234,19.913734450320483,20.676387786865234,21000,0.0,0.0
2001-12-11 00:00:00-05:00,20.676387786865234,20.676387786865234,20.676387786865234,20.676387786865234,0,0.0,0.0
2001-12-12 00:00:00-05:00,20.676387786865234,20.676387786865234,20.676387786865234,20.676387786865234,0,0.0,0.0
2001-12-13 00:00:00-05:00,20.676387786865234,20.676387786865234,20.676387786865234,20.676387786865234,0,0.0,0.0
2001-12-14 00:00:00-05:00,20.676387786865234,20.676387786865234,20.676387786865234,20.676387786865234,0,0.0,0.0
2001-12-17 00:00:00-05:00,20.50691580764251,21.184829711914062,20.50691580764251,21.184829711914062,3000,0.0,0.0
2001-12-18 00:00:00-05:00,20.761133117675783,21.269569354016568,20.761133117675783,21.184829711914062,6000,0.0,0.0
2001-12-19 00:00:00-05:00,21.184829711914062,21.184829711914062,21.184829711914062,21.184829711914062,0,0.0,0.0
2001-12-20 00:00:00-05:00,21.693265914916992,21.693265914916992,21.693265914916992,21.693265914916992,3000,0.0,0.0
2001-12-21 00:00:00-05:00,21.693265914916992,21.693265914916992,21.184829679357563,21.693265914916992,29000,0.0,0.0
2001-12-24 00:00:00-05:00,21.693265914916992,21.693265914916992,21.693265914916992,21.693265914916992,0,0.0,0.0
2001-12-26 00:00:00-05:00,21.862743377685547,21.862743377685547,21.862743377685547,21.862743377685547,2000,0.0,0.0
2001-12-27 00:00:00-05:00,21.69326002118435,22.116956499659537,21.10008430480957,21.10008430480957,20000,0.0,0.0
2001-12-28 00:00:00-05:00,21.947480633712054,22.688949584960938,21.947480633712054,22.688949584960938,25000,0.0,0.0
2001-12-31 00:00:00-05:00,22.032217061744547,22.455913543701172,22.032217061744547,22.455913543701172,11000,0.0,0.0
2002-01-02 00:00:00-05:00,21.100087997390602,23.81174658069001,21.100087997390602,23.30331039428711,24000,0.0,0.0
2002-01-03 00:00:00-05:00,23.388055634185417,23.810905360547622,23.29907972471275,23.727012634277344,11000,0.0,0.0
2002-01-04 00:00:00-05:00,23.938857000496785,24.320184572678095,23.938857000496785,24.06596565246582,17000,0.0,0.0
2002-01-07 00:00:00-05:00,23.72700696345147,23.81174659729004,23.04909312529106,23.81174659729004,13000,0.0,0.0
2002-01-08 00:00:00-05:00,23.13383463163113,23.811750188300955,23.13383463163113,23.80327606201172,12000,0.0,0.0
2002-01-09 00:00:00-05:00,23.303321828679575,23.303321828679575,23.218582153320312,23.218582153320312,3000,0.0,0.0
2002-01-10 00:00:00-05:00,23.748193740844727,23.748193740844727,23.748193740844727,23.748193740844727,4000,0.0,0.0
2002-01-11 00:00:00-05:00,23.30331424273614,23.30331424273614,22.793184116850668,23.2990779876709,3000,0.0,0.0
2002-01-14 00:00:00-05:00,23.2990779876709,23.2990779876709,23.2990779876709,23.2990779876709,0,0.0,0.0
2002-01-15 00:00:00-05:00,23.506685256958008,23.506685256958008,23.506685256958008,23.506685256958008,1000,0.0,0.0
2002-01-16 00:00:00-05:00,23.55752963335934,23.55752963335934,22.794876098632812,22.794876098632812,2000,0.0,0.0
2002-01-17 00:00:00-05:00,22.794876098632812,22.794876098632812,22.794876098632812,22.794876098632812,0,0.0,0.0
2002-01-18 00:00:00-05:00,23.515165328979492,23.642274007502852,23.515165328979492,23.515165328979492,5000,0.0,0.0
2002-01-22 00:00:00-05:00,23.515165328979492,23.515165328979492,23.515165328979492,23.515165328979492,0,0.0,0.0
2002-01-23 00:00:00-05:00,23.842405319213867,23.842405319213867,23.842405319213867,23.842405319213867,6000,0.085,0.0
2002-01-24 00:00:00-05:00,23.799911499023438,23.799911499023438,23.799911499023438,23.799911499023438,1000,0.0,0.0
2002-01-25 00:00:00-05:00,23.96990875259951,24.428906149845986,23.96990875259951,24.377906799316406,22000,0.0,0.0
2002-01-28 00:00:00-05:00,24.30990982055664,24.30990982055664,24.30990982055664,24.30990982055664,1000,0.0,0.0
2002-01-29 00:00:00-05:00,24.394909828358227,24.394909828358227,24.30990982055664,24.30990982055664,3000,0.0,0.0
2002-01-30 00:00:00-05:00,24.139909744262695,24.139909744262695,24.139909744262695,24.139909744262695,3000,0.0,0.0
2002-01-31 00:00:00-05:00,24.097408294677734,24.097408294677734,24.097408294677734,24.097408294677734,8000,0.0,0.0
2002-02-01 00:00:00-05:00,24.012405850296375,24.012405850296375,23.374908349846027,23.714906692504883,9000,0.0,0.0
2002-02-04 00:00:00-05:00,23.714906692504883,23.714906692504883,23.714906692504883,23.714906692504883,1000,0.0,0.0
2002-02-05 00:00:00-05:00,23.79991036135159,24.13990875655142,23.79991036135159,24.054908752441406,15000,0.0,0.0
2002-02-06 00:00:00-05:00,24.05491198205714,24.05491198205714,23.289915084838867,23.289915084838867,6000,0.0,0.0
2002-02-07 00:00:00-05:00,23.799906777488374,23.884906768798828,23.799906777488374,23.884906768798828,3000,0.0,0.0
2002-02-08 00:00:00-05:00,23.58741112075481,23.588260650634766,23.58741112075481,23.588260650634766,3000,0.0,0.0
2002-02-11 00:00:00-05:00,23.799911438644504,23.799911438644504,23.629911422729492,23.629911422729492,5000,0.0,0.0
2002-02-12 00:00:00-05:00,23.289915084838867,23.289915084838867,23.21766612545135,23.289915084838867,10000,0.0,0.0
2002-02-13 00:00:00-05:00,23.289915084838867,23.289915084838867,23.289915084838867,23.289915084838867,0,0.0,0.0
2002-02-14 00:00:00-05:00,24.18240662845799,24.479904174804688,24.148405982452633,24.479904174804688,7000,0.0,0.0
2002-02-15 00:00:00-05:00,24.479904174804688,24.479904174804688,24.479904174804688,24.479904174804688,0,0.0,0.0
2002-02-19 00:00:00-05:00,24.479904174804688,24.479904174804688,24.479904174804688,24.479904174804688,0,0.0,0.0
2002-02-20 00:00:00-05:00,24.479904174804688,24.479904174804688,24.479904174804688,24.479904174804688,4000,0.0,0.0
2002-02-21 00:00:00-05:00,24.480755325822845,24.81990414989811,24.479904174804688,24.479904174804688,28000,0.0,0.0
2002-02-22 00:00:00-05:00,24.47990600226369,24.73405647277832,24.47990600226369,24.73405647277832,2000,0.0,0.0
2002-02-25 00:00:00-05:00,24.73405647277832,24.73405647277832,24.73405647277832,24.73405647277832,0,0.0,0.0
2002-02-26 00:00:00-05:00,24.649910947794297,24.73491096496582,24.649910947794297,24.73491096496582,6000,0.0,0.0
2002-02-27 00:00:00-05:00,24.229162216186523,24.229162216186523,24.229162216186523,24.229162216186523,1000,0.0,0.0
2002-02-28 00:00:00-05:00,24.229162216186523,24.229162216186523,24.229162216186523,24.229162216186523,0,0.0,0.0
2002-03-01 00:00:00-05:00,24.615903516346044,24.902353933097064,24.479904174804688,24.479904174804688,21000,0.0,0.0
2002-03-04 00:00:00-05:00,24.479904174804688,24.479904174804688,24.479904174804688,24.479904174804688,0,0.0,0.0
2002-03-05 00:00:00-05:00,24.64990234375,24.64990234375,24.64990234375,24.64990234375,2000,0.0,0.0
2002-03-06 00:00:00-05:00,24.90490524362287,25.41490364074707,24.90490524362287,25.41490364074707,9000,0.0,0.0
2002-03-07 00:00:00-05:00,25.163304220600036,25.163304220600036,25.15990447998047,25.15990447998047,3000,0.0,0.0
2002-03-08 00:00:00-05:00,25.49990414122584,25.784652292607547,25.49990414122584,25.572153091430664,23000,0.0,0.0
2002-03-11 00:00:00-05:00,25.49990036908318,25.49990036908318,24.309905342773966,25.28740119934082,19000,0.0,0.0
2002-03-12 00:00:00-05:00,25.499902725219727,25.499902725219727,25.499902725219727,25.499902725219727,1000,0.0,0.0
2002-03-13 00:00:00-05:00,25.499902725219727,25.499902725219727,25.499902725219727,25.499902725219727,0,0.0,0.0
2002-03-14 00:00:00-05:00,25.499902725219727,25.499902725219727,25.499902725219727,25.499902725219727,0,0.0,0.0
2002-03-15 00:00:00-05:00,24.22490402747845,24.819902318754586,23.974154956028634,24.64990234375,13000,0.0,0.0
2002-03-18 00:00:00-05:00,25.075753800775512,25.32990264892578,25.075753800775512,25.32990264892578,11000,0.0,0.0
2002-03-19 00:00:00-05:00,25.41490634585684,25.83990478515625,25.41490634585684,25.83990478515625,13000,0.0,0.0
2002-03-20 00:00:00-05:00,25.24490525586581,25.41490364074707,24.947406055773342,25.41490364074707,19000,0.0,0.0
2002-03-21 00:00:00-05:00,25.15990068233689,25.669898986816406,25.15990068233689,25.669898986816406,6000,0.0,0.0
2002-03-22 00:00:00-05:00,25.66990220864918,25.66990220864918,25.117403030395508,25.117403030395508,13000,0.0,0.0
2002-03-25 00:00:00-05:00,25.15990447998047,25.32990285963997,25.15990447998047,25.15990447998047,22000,0.0,0.0
2002-03-26 00:00:00-05:00,25.07490348815918,25.07490348815918,25.07490348815918,25.07490348815918,9000,0.0,0.0
2002-03-27 00:00:00-05:00,25.07490348815918,25.07490348815918,25.07490348815918,25.07490348815918,0,0.0,0.0
2002-03-28 00:00:00-05:00,25.07490510782941,25.754901885986328,24.73490671875095,25.754901885986328,5000,0.0,0.0
2002-04-01 00:00:00-05:00,25.754901885986328,25.754901885986328,25.754901885986328,25.754901885986328,0,0.0,0.0
2002-04-02 00:00:00-05:00,25.754901885986328,25.754901885986328,25.754901885986328,25.754901885986328,0,0.0,0.0
2002-04-03 00:00:00-05:00,26.009902954101562,26.009902954101562,26.009902954101562,26.009902954101562,2000,0.0,0.0
2002-04-04 00:00:00-05:00,26.009902954101562,26.009902954101562,26.009902954101562,26.009902954101562,0,0.0,0.0
2002-04-05 00:00:00-05:00,26.009902954101562,26.009902954101562,26.009902954101562,26.009902954101562,0,0.0,0.0
2002-04-08 00:00:00-04:00,26.009902954101562,26.009902954101562,26.009902954101562,26.009902954101562,0,0.0,0.0
2002-04-09 00:00:00-04:00,26.009902954101562,26.009902954101562,26.009902954101562,26.009902954101562,0,0.0,0.0
2002-04-10 00:00:00-04:00,26.179896405540475,26.944894694371172,26.179896405540475,26.77489471435547,32000,0.0,0.0
2002-04-11 00:00:00-04:00,26.774900777489957,26.774900777489957,26.09490394592285,26.09490394592285,2000,0.0,0.0
2002-04-12 00:00:00-04:00,27.199894599129763,27.711593627929688,27.199894599129763,27.711593627929688,18000,0.0,0.0
2002-04-15 00:00:00-04:00,27.62404915609333,27.62404915609333,26.861600875854492,26.861600875854492,2000,0.0,0.0
2002-04-16 00:00:00-04:00,27.624893188476562,27.624893188476562,27.19989483173077,27.624893188476562,10000,0.0,0.0
2002-04-17 00:00:00-04:00,27.624893188476562,27.624893188476562,27.624893188476562,27.624893188476562,0,0.0,0.0
2002-04-18 00:00:00-04:00,28.049898147583008,28.049898147583008,28.049898147583008,28.049898147583008,1000,0.0,0.0
2002-04-19 00:00:00-04:00,28.1340372187114,28.13658905029297,28.049888383635313,28.13658905029297,6000,0.0,0.0
2002-04-22 00:00:00-04:00,28.729887100671046,29.337634855833397,28.55988711638116,28.899887084960938,12000,0.0,0.0
2002-04-23 00:00:00-04:00,28.89988338403795,29.069883346557617,28.80213235178327,29.069883346557617,4000,0.0,0.0
2002-04-24 00:00:00-04:00,29.06989288330078,29.06989288330078,29.06989288330078,29.06989288330078,0,0.085,0.0
2002-04-25 00:00:00-04:00,29.312739330774622,29.312739330774622,28.690692901611328,28.690692901611328,3000,0.0,0.0
2002-04-26 00:00:00-04:00,28.690692901611328,28.690692901611328,28.690692901611328,28.690692901611328,0,0.0,0.0
2002-04-29 00:00:00-04:00,28.759721379961263,28.971898398074785,28.759721379961263,28.886688232421875,9000,0.0,0.0
2002-04-30 00:00:00-04:00,29.312746599269154,29.56838035583496,29.312746599269154,29.56838035583496,6000,0.0,0.0
2002-05-01 00:00:00-04:00,29.3979567679379,29.56838035583496,29.3979567679379,29.56838035583496,5000,0.0,0.0
2002-05-02 00:00:00-04:00,29.653594970703125,29.653594970703125,29.653594970703125,29.653594970703125,5000,0.0,0.0
2002-05-03 00:00:00-04:00,29.653589806145476,29.909223556518555,29.653589806145476,29.909223556518555,6000,0.0,0.0
2002-05-06 00:00:00-04:00,29.82401962821365,30.03704833984375,29.82401962821365,30.03704833984375,4000,0.0,0.0
2002-05-07 00:00:00-04:00,29.653584178216878,29.653584178216878,29.312740325927734,29.312740325927734,7000,0.0,0.0
2002-05-08 00:00:00-04:00,29.14231300354004,29.14231300354004,29.14231300354004,29.14231300354004,1000,0.0,0.0
2002-05-09 00:00:00-04:00,29.057104110717773,29.057104110717773,29.057104110717773,29.057104110717773,2000,0.0,0.0
2002-05-10 00:00:00-04:00,29.18663027984631,29.1900401167097,29.18492698669434,29.184926986694336,5000,0.0,0.0
2002-05-13 00:00:00-04:00,29.483159381966864,29.483159381966864,28.460624617713613,28.48448371887207,21000,0.0,0.0
2002-05-14 00:00:00-04:00,29.449082483390693,29.449082483390693,28.97189712524414,28.97189712524414,3000,0.0,0.0
2002-05-15 00:00:00-04:00,29.653594453276245,29.653594453276245,28.971903261931047,29.397960662841797,7000,0.0,0.0
2002-05-16 00:00:00-04:00,29.397960662841797,29.397960662841797,29.397960662841797,29.397960662841797,0,0.0,0.0
2002-05-17 00:00:00-04:00,29.738811492919922,29.738811492919922,29.738811492919922,29.738811492919922,2000,0.0,0.0
2002-05-20 00:00:00-04:00,29.738811492919922,29.738811492919922,29.738811492919922,29.738811492919922,0,0.0,0.0
2002-05-21 00:00:00-04:00,29.766058131256916,31.358659427157058,29.399648696611013,30.676116943359375,23000,0.0,0.0
2002-05-22 00:00:00-04:00,29.824013389914025,29.909223556518555,29.824013389914025,29.909223556518555,6000,0.0,0.0
2002-05-23 00:00:00-04:00,29.827417373657227,29.827417373657227,29.827417373657227,29.827417373657227,1000,0.0,0.0
2002-05-24 00:00:00-04:00,30.67612310978411,30.67612310978411,29.312741160683963,29.645065307617188,12000,0.0,0.0
2002-05-28 00:00:00-04:00,29.90922876559814,29.911786956366324,29.653594970703125,29.653594970703125,4000,0.0,0.0
2002-05-29 00:00:00-04:00,29.900696216219796,29.900696216219796,29.568372100412432,29.610977172851562,6000,0.0,0.0
2002-05-30 00:00:00-04:00,29.610988604299504,29.757553100585938,28.844084002093677,29.757553100585938,18000,0.0,0.0
2002-05-31 00:00:00-04:00,30.01317337046387,30.01317337046387,29.14231300354004,29.14231300354004,3000,0.0,0.0
2002-06-03 00:00:00-04:00,29.14231300354004,29.14231300354004,29.14231300354004,29.14231300354004,0,0.0,0.0
2002-06-04 00:00:00-04:00,29.142324934612763,29.142324934612763,28.034576416015625,28.034576416015625,12000,0.0,0.0
2002-06-05 00:00:00-04:00,28.631050890383477,28.631050890383477,28.119783401489258,28.119783401489258,4000,0.0,0.0
2002-06-06 00:00:00-04:00,28.37882266099623,29.47890281677246,28.37882266099623,29.47890281677246,2000,0.0,0.0
2002-06-07 00:00:00-04:00,28.375415802001953,28.375415802001953,28.375415802001953,28.375415802001953,1000,0.0,0.0
2002-06-10 00:00:00-04:00,28.375415802001953,28.375415802001953,28.375415802001953,28.375415802001953,1000,0.0,0.0
2002-06-11 00:00:00-04:00,28.927585541366554,29.227527618408203,28.375413091629195,29.227527618408203,19000,0.0,0.0
2002-06-12 00:00:00-04:00,28.547542602743835,28.801473041458372,28.545839309692383,28.545839309692383,6000,0.0,0.0
2002-06-13 00:00:00-04:00,28.75887125351064,28.75887125351064,28.119785225654848,28.29020881652832,14000,0.0,0.0
2002-06-14 00:00:00-04:00,28.335358658552273,28.80146598815918,28.332803719600786,28.80146598815918,19000,0.0,0.0
2002-06-17 00:00:00-04:00,28.80146598815918,28.80146598815918,28.80146598815918,28.80146598815918,1000,0.0,0.0
2002-06-18 00:00:00-04:00,28.720526208192936,28.720526208192936,28.716264724731445,28.716264724731445,3000,0.0,0.0
2002-06-19 00:00:00-04:00,28.88668586607196,28.97189602474459,26.416403904363804,27.18245506286621,20000,0.0,0.0
2002-06-20 00:00:00-04:00,27.18245506286621,27.18245506286621,27.18245506286621,27.18245506286621,0,0.0,0.0
2002-06-21 00:00:00-04:00,28.37541898668524,28.541581093882975,27.524155929500736,28.29020881652832,59000,0.0,0.0
2002-06-24 00:00:00-04:00,28.290202267942558,29.650177592512545,28.290202267942558,29.312740325927734,8000,0.0,0.0
2002-06-25 00:00:00-04:00,29.738807883794397,30.207470374684224,29.397960662841797,29.397960662841797,10000,0.0,0.0
2002-06-26 00:00:00-04:00,28.971899918606262,29.82401462209468,28.971899918606262,29.14147186279297,13000,0.0,0.0
2002-06-27 00:00:00-04:00,29.099714572079478,29.780553948004613,29.099714572079478,29.734539031982422,9000,0.0,0.0
2002-06-28 00:00:00-04:00,29.86576546956296,31.612599810057617,29.824012034745635,30.91216278076172,71000,0.0,0.0
2002-07-01 00:00:00-04:00,29.18918726384008,29.18918726384008,28.11978250391343,28.97189712524414,38000,0.0,0.0
2002-07-02 00:00:00-04:00,29.653590524503702,29.653590524503702,29.061371075745082,29.56838035583496,4000,0.0,0.0
2002-07-03 00:00:00-04:00,29.10482549791221,29.10482549791221,28.97189712524414,28.97189712524414,8000,0.0,0.0
2002-07-05 00:00:00-04:00,28.631049976488132,28.97189712524414,28.631049976488132,28.97189712524414,5000,0.0,0.0
2002-07-08 00:00:00-04:00,28.88669239964573,28.971902577591145,28.635316848754883,28.635316848754883,5000,0.0,0.0
2002-07-09 00:00:00-04:00,28.878162384033203,28.878162384033203,28.481928977220722,28.878162384033203,3000,0.0,0.0
2002-07-10 00:00:00-04:00,28.97189712524414,28.97189712524414,28.97189712524414,28.97189712524414,2000,0.0,0.0
2002-07-11 00:00:00-04:00,28.464885734943092,28.464885734943092,27.527561022514895,27.56590461730957,14000,0.0,0.0
2002-07-12 00:00:00-04:00,27.693723678588867,27.693723678588867,27.693723678588867,27.693723678588867,2000,0.0,0.0
2002-07-15 00:00:00-04:00,27.523300113531878,28.545838253314678,27.267666391225962,27.693723678588867,6000,0.0,0.0
2002-07-16 00:00:00-04:00,27.608514478541704,27.764450306926086,27.054638685543104,27.103208541870117,21000,0.0,0.0
2002-07-17 00:00:00-04:00,27.352877551341855,27.5659062028338,27.097243819663376,27.375885009765625,99000,0.0,0.0
2002-07-18 00:00:00-04:00,27.727809147657524,27.727809147657524,27.07594039031144,27.225061416625977,78000,0.0,0.0
2002-07-19 00:00:00-04:00,27.139849983529896,28.034571277108885,27.05463819957767,27.18245506286621,28000,0.0,0.0
2002-07-22 00:00:00-04:00,26.84160989246044,27.014588402082108,26.84160989246044,27.012033462524414,15000,0.0,0.0
2002-07-23 00:00:00-04:00,27.012031841879367,27.94509506225586,26.67118472220127,27.94509506225586,11000,0.0,0.0
2002-07-24 00:00:00-04:00,27.945104598999023,27.945104598999023,27.945104598999023,27.945104598999023,0,0.085,0.0
2002-07-25 00:00:00-04:00,27.321439872919612,27.93655776977539,27.321439872919612,27.93655776977539,4000,0.0,0.0
2002-07-26 00:00:00-04:00,27.893843170142674,28.235572814941406,27.765692516464085,28.235572814941406,17000,0.0,0.0
2002-07-29 00:00:00-04:00,28.235573551794694,28.449155807495117,28.19285775245593,28.449155807495117,17000,0.0,0.0
2002-07-30 00:00:00-04:00,27.979275496755502,28.449155807495117,27.979275496755502,28.449155807495117,2000,0.0,0.0
2002-07-31 00:00:00-04:00,28.53458641940526,28.662733798354008,28.53458641940526,28.620018005371094,8000,0.0,0.0
2002-08-01 00:00:00-04:00,28.620018005371094,28.620018005371094,28.620018005371094,28.620018005371094,1000,0.0,0.0
2002-08-02 00:00:00-04:00,28.62002427265881,28.66188621520996,28.62002427265881,28.66188621520996,11000,0.0,0.0
2002-08-05 00:00:00-04:00,28.2782842063675,28.66102512934449,28.275722627655973,28.45171546936035,18000,0.0,0.0
2002-08-06 00:00:00-04:00,28.44915780430426,28.66188621520996,28.32955225415812,28.66188621520996,3000,0.0,0.0
2002-08-07 00:00:00-04:00,28.662733798354008,28.662733798354008,28.61745642657468,28.620018005371094,4000,0.0,0.0
2002-08-08 00:00:00-04:00,28.83274667256798,28.83274667256798,28.70544989287474,28.7481689453125,11000,0.0,0.0
2002-08-09 00:00:00-04:00,29.218053822710385,29.47435188293457,29.218053822710385,29.47435188293457,5000,0.0,0.0
2002-08-12 00:00:00-04:00,28.620018470628757,28.7054500579834,28.620018470628757,28.7054500579834,2000,0.0,0.0
2002-08-13 00:00:00-04:00,28.7054500579834,28.7054500579834,28.7054500579834,28.7054500579834,0,0.0,0.0
2002-08-14 00:00:00-04:00,28.620026155440303,28.878889083862305,28.32101226040419,28.878889083862305,9000,0.0,0.0
2002-08-15 00:00:00-04:00,28.491871606833886,28.491871606833886,28.449155807495117,28.449155807495117,3000,0.0,0.0
2002-08-16 00:00:00-04:00,29.044621346576207,29.218049359129694,28.7054500579834,28.7054500579834,11000,0.0,0.0
2002-08-19 00:00:00-04:00,29.046333507996074,29.730649948120117,28.449156387778675,29.730649948120117,9000,0.0,0.0
2002-08-20 00:00:00-04:00,29.730649948120117,29.730649948120117,29.730649948120117,29.730649948120117,1000,0.0,0.0
2002-08-21 00:00:00-04:00,29.21804428100586,29.21804428100586,29.21804428100586,29.21804428100586,1000,0.0,0.0
2002-08-22 00:00:00-04:00,29.21804428100586,29.21804428100586,29.21804428100586,29.21804428100586,0,0.0,0.0
2002-08-23 00:00:00-04:00,29.21804428100586,29.21804428100586,29.21804428100586,29.21804428100586,0,0.0,0.0
2002-08-26 00:00:00-04:00,29.64521598815918,29.64521598815918,29.64521598815918,29.64521598815918,1000,0.0,0.0
2002-08-27 00:00:00-04:00,29.726368812259867,29.726368812259867,29.60163688659668,29.60163688659668,2000,0.0,0.0
2002-08-28 00:00:00-04:00,29.60163688659668,29.60163688659668,29.60163688659668,29.60163688659668,0,0.0,0.0
2002-08-29 00:00:00-04:00,28.662732016775443,29.558068930592356,28.662732016775443,29.132612228393555,20000,0.0,0.0
2002-08-30 00:00:00-04:00,29.132612228393555,29.132612228393555,29.132612228393555,29.132612228393555,0,0.0,0.0
2002-09-03 00:00:00-04:00,28.44915698636677,28.94466940444788,28.44915698636677,28.491872787475586,7000,0.0,0.0
2002-09-04 00:00:00-04:00,28.709722148337047,30.414107382702362,27.937409400224944,28.620018005371094,16000,0.0,0.0
2002-09-05 00:00:00-04:00,28.11681365966797,28.11681365966797,28.11681365966797,28.11681365966797,2000,0.0,0.0
2002-09-06 00:00:00-04:00,27.937413547088163,28.19285774230957,26.57817641123653,28.19285774230957,14000,0.0,0.0
2002-09-09 00:00:00-04:00,29.730646607592828,29.730646607592828,25.971599578857422,25.971599578857422,7000,0.0,0.0
2002-09-10 00:00:00-04:00,25.971599578857422,25.971599578857422,25.971599578857422,25.971599578857422,0,0.0,0.0
2002-09-11 00:00:00-04:00,25.971599578857422,25.971599578857422,25.971599578857422,25.971599578857422,0,0.0,0.0
2002-09-12 00:00:00-04:00,27.339372634887695,27.339372634887695,27.339372634887695,27.339372634887695,3000,0.0,0.0
2002-09-13 00:00:00-04:00,28.919032542594387,28.919032542594387,27.50939178466797,27.50939178466797,6000,0.0,0.0
2002-09-16 00:00:00-04:00,27.50939178466797,27.50939178466797,27.50939178466797,27.50939178466797,0,0.0,0.0
2002-09-17 00:00:00-04:00,27.52647816123398,28.42779541015625,27.52647816123398,28.42779541015625,4000,0.0,0.0
2002-09-18 00:00:00-04:00,27.936553960372468,27.936553960372468,27.167656694148874,27.253089904785156,3000,0.0,0.0
2002-09-19 00:00:00-04:00,27.201833647847533,27.201833647847533,26.783212661743164,26.783212661743164,2000,0.0,0.0
2002-09-20 00:00:00-04:00,28.61916717480347,28.61916717480347,26.997650146484375,26.997650146484375,23000,0.0,0.0
2002-09-23 00:00:00-04:00,27.509386934719522,27.509386934719522,27.423952102661133,27.423952102661133,4000,0.0,0.0
2002-09-24 00:00:00-04:00,26.740493774414062,26.740493774414062,26.740493774414062,26.740493774414062,2000,0.0,0.0
2002-09-25 00:00:00-04:00,26.740493774414062,26.740493774414062,26.740493774414062,26.740493774414062,0,0.0,0.0
2002-09-26 00:00:00-04:00,27.470944569411856,27.680257495122245,26.99679340158042,27.552106857299805,13000,0.0,0.0
2002-09-27 00:00:00-04:00,27.936557372271455,27.936557372271455,27.133487701416016,27.133487701416016,4000,0.0,0.0
2002-09-30 00:00:00-04:00,26.612343655915623,28.06470173982178,26.612343655915623,27.765687942504883,16000,0.0,0.0
2002-10-01 00:00:00-04:00,27.234296798706055,27.234296798706055,27.234296798706055,27.234296798706055,7000,0.0,0.0
2002-10-02 00:00:00-04:00,28.61916839383114,28.61916839383114,28.19285774230957,28.19285774230957,4000,0.0,0.0
2002-10-03 00:00:00-04:00,27.38123583582592,27.509386452162744,27.338520050048828,27.338520050048828,13000,0.0,0.0
2002-10-04 00:00:00-04:00,27.091625051373672,27.091625051373672,27.08222770690918,27.08222770690918,9000,0.0,0.0
2002-10-07 00:00:00-04:00,26.911359786987305,26.911359786987305,26.911359786987305,26.911359786987305,7000,0.0,0.0
2002-10-08 00:00:00-04:00,27.33852311542144,27.33852311542144,27.253089904785156,27.253089904785156,6000,0.0,0.0
2002-10-09 00:00:00-04:00,26.868645261192412,27.124943286110327,26.868645261192412,27.00448226928711,16000,0.0,0.0
2002-10-10 00:00:00-04:00,26.057032718241942,26.825928439764848,26.057032718241942,26.65506362915039,8000,0.0,0.0
2002-10-11 00:00:00-04:00,26.227897740772757,27.33852465299965,26.227897740772757,26.740493774414062,3000,0.0,0.0
2002-10-14 00:00:00-04:00,27.210375221632212,27.210375221632212,26.911359786987305,26.911359786987305,2000,0.0,0.0
2002-10-15 00:00:00-04:00,27.00106430053711,27.00106430053711,27.00106430053711,27.00106430053711,2000,0.0,0.0
2002-10-16 00:00:00-04:00,26.185181847394997,27.082228217656766,26.185181847394997,27.053180694580078,14000,0.0,0.0
2002-10-17 00:00:00-04:00,26.569630548722813,26.995941162109375,26.569630548722813,26.995941162109375,2000,0.0,0.0
2002-10-18 00:00:00-04:00,25.716154953947697,27.08222770690918,25.716154953947697,27.08222770690918,7000,0.0,0.0
2002-10-21 00:00:00-04:00,26.398763213038936,26.44148063659668,26.398763213038936,26.44148063659668,3000,0.0,0.0
2002-10-22 00:00:00-04:00,26.44148063659668,26.44148063659668,26.44148063659668,26.44148063659668,0,0.0,0.0
2002-10-23 00:00:00-04:00,26.475753784179688,26.475753784179688,26.475753784179688,26.475753784179688,4000,0.09,0.0
2002-10-24 00:00:00-04:00,26.475753784179688,26.475753784179688,26.475753784179688,26.475753784179688,0,0.0,0.0
2002-10-25 00:00:00-04:00,26.64711436076142,27.00697898864746,26.64711436076142,27.00697898864746,2000,0.0,0.0
2002-10-28 00:00:00-05:00,26.86132063172166,27.332571211438335,26.86132063172166,26.989843368530273,7000,0.0,0.0
2002-10-29 00:00:00-05:00,26.989843368530273,26.989843368530273,26.989843368530273,26.989843368530273,0,0.0,0.0
2002-10-30 00:00:00-05:00,26.133020401000977,26.133020401000977,26.133020401000977,26.133020401000977,1000,0.0,0.0
2002-10-31 00:00:00-05:00,26.390066146850586,26.390066146850586,26.390066146850586,26.390066146850586,1000,0.0,0.0
2002-11-01 00:00:00-05:00,25.87683382027414,26.989843368530273,25.87683382027414,26.989843368530273,15000,0.0,0.0
2002-11-04 00:00:00-05:00,27.011263552289165,27.58961831931083,26.989843368530273,26.989843368530273,31000,0.0,0.0
2002-11-05 00:00:00-05:00,27.24688707773491,27.28972907673366,26.647113800048828,26.647113800048828,29000,0.0,0.0
2002-11-06 00:00:00-05:00,27.161209515161897,27.161209515161897,26.818480020231313,27.074670791625977,30000,0.0,0.0
2002-11-07 00:00:00-05:00,27.418258222328557,27.418258222328557,26.154447555541992,26.154447555541992,11000,0.0,0.0
2002-11-08 00:00:00-05:00,27.161206348247728,27.161206348247728,26.647113800048828,26.647113800048828,15000,0.0,0.0
2002-11-11 00:00:00-05:00,26.647113800048828,26.647113800048828,26.647113800048828,26.647113800048828,0,0.0,0.0
2002-11-12 00:00:00-05:00,26.647113800048828,26.647113800048828,26.646257450345402,26.647113800048828,3000,0.0,0.0
2002-11-13 00:00:00-05:00,26.390066146850586,26.51859050685478,26.34722578301927,26.390066146850586,37000,0.0,0.0
2002-11-14 00:00:00-05:00,26.390065624417574,26.43290762165589,26.218702538229593,26.38578224182129,24000,0.0,0.0
2002-11-15 00:00:00-05:00,26.561430870686095,26.561430870686095,26.390066146850586,26.390066146850586,4000,0.0,0.0
2002-11-18 00:00:00-05:00,26.30524490264276,26.56143403497577,26.219562530517578,26.219562530517578,6000,0.0,0.0
2002-11-19 00:00:00-05:00,26.468043121520203,26.472326505015047,26.218708038330078,26.218708038330078,6000,0.0,0.0
2002-11-20 00:00:00-05:00,26.218704296913756,26.475749760565233,26.218704296913756,26.360078811645508,10000,0.0,0.0
2002-11-21 00:00:00-05:00,26.390927033465438,26.561433792114258,26.390069049430753,26.561433792114258,3000,0.0,0.0
2002-11-22 00:00:00-05:00,26.561433792114258,26.561433792114258,26.561433792114258,26.561433792114258,0,0.0,0.0
2002-11-25 00:00:00-05:00,26.560576123955528,26.561432473692403,26.22812938946385,26.501455307006836,15000,0.0,0.0
2002-11-26 00:00:00-05:00,26.475751203047427,26.51859320549364,26.304388096028443,26.30524444580078,7000,0.0,0.0
2002-11-27 00:00:00-05:00,26.518594167999964,26.989844772225574,26.390069790251754,26.452617645263672,18000,0.0,0.0
2002-11-29 00:00:00-05:00,26.390925187857565,27.075524492425217,26.390925187857565,26.562288284301758,5000,0.0,0.0
2002-12-02 00:00:00-05:00,25.92053279224814,27.161208757251217,25.886259190009316,26.561433792114258,8000,0.0,0.0
2002-12-03 00:00:00-05:00,26.218708038330078,26.218708038330078,26.218708038330078,26.218708038330078,1000,0.0,0.0
2002-12-04 00:00:00-05:00,26.133023236557776,26.47575108330092,26.133023236557776,26.368648529052734,9000,0.0,0.0
2002-12-05 00:00:00-05:00,26.218708038330078,26.218708038330078,26.218708038330078,26.218708038330078,1000,0.0,0.0
2002-12-06 00:00:00-05:00,26.1244520014802,26.133020401000977,26.1244520014802,26.133020401000977,2000,0.0,0.0
2002-12-09 00:00:00-05:00,26.133025660134287,26.218708038330078,26.133025660134287,26.218708038330078,3000,0.0,0.0
2002-12-10 00:00:00-05:00,26.051631258287753,26.518598556518555,26.051631258287753,26.518598556518555,2000,0.0,0.0
2002-12-11 00:00:00-05:00,26.561430571509188,26.561430571509188,26.133020401000977,26.133020401000977,2000,0.0,0.0
2002-12-12 00:00:00-05:00,26.218705139055835,27.332571029663086,26.176721121576147,27.332571029663086,30000,0.0,0.0
2002-12-13 00:00:00-05:00,27.75670369913586,27.75670369913586,26.732803344726562,26.732803344726562,103000,0.0,0.0
2002-12-16 00:00:00-05:00,26.68995475769043,26.68995475769043,26.68995475769043,26.68995475769043,1000,0.0,0.0
2002-12-17 00:00:00-05:00,26.604277822966516,26.83990478515625,26.604277822966516,26.83990478515625,2000,0.0,0.0
2002-12-18 00:00:00-05:00,26.818479082510347,27.099517062416158,26.818479082510347,26.90416145324707,18000,0.0,0.0
2002-12-19 00:00:00-05:00,26.90416145324707,26.90416145324707,26.90416145324707,26.90416145324707,0,0.0,0.0
2002-12-20 00:00:00-05:00,27.1612112228071,27.932347732116785,26.218708321002843,27.595619201660156,46000,0.0,0.0
2002-12-23 00:00:00-05:00,26.990700639197513,27.417398166437334,26.904161917195143,27.276878356933594,12000,0.0,0.0
2002-12-24 00:00:00-05:00,27.276878356933594,27.276878356933594,27.276878356933594,27.276878356933594,0,0.0,0.0
2002-12-26 00:00:00-05:00,27.289735731022407,27.289735731022407,26.754222869873047,26.754222869873047,3000,0.0,0.0
2002-12-27 00:00:00-05:00,26.754222869873047,26.754222869873047,26.754222869873047,26.754222869873047,0,0.0,0.0
2002-12-30 00:00:00-05:00,26.561433792114258,26.561433792114258,26.561433792114258,26.561433792114258,1000,0.0,0.0
2002-12-31 00:00:00-05:00,26.39007140518934,27.363420877191846,26.39007140518934,26.475753784179688,12000,0.0,0.0
2003-01-02 00:00:00-05:00,26.0473435234834,26.989846423866325,26.0473435234834,26.475753784179688,14000,0.0,0.0
2003-01-03 00:00:00-05:00,26.48346347155283,26.989844014567716,26.48346347155283,26.561433792114258,10000,0.0,0.0
2003-01-06 00:00:00-05:00,26.21870302679352,27.417394839798153,26.21870302679352,27.075523376464844,13000,0.0,0.0
2003-01-07 00:00:00-05:00,26.475756184451814,26.732803344726562,26.475756184451814,26.732803344726562,20000,0.0,0.0
2003-01-08 00:00:00-05:00,26.477463994403838,27.075524585968548,26.47574966070374,26.68995475769043,7000,0.0,0.0
2003-01-09 00:00:00-05:00,26.524593233944,26.732800644636864,26.524593233944,26.536588668823242,7000,0.0,0.0
2003-01-10 00:00:00-05:00,26.536588668823242,26.536588668823242,26.536588668823242,26.536588668823242,0,0.0,0.0
2003-01-13 00:00:00-05:00,26.45604793196306,26.475753784179688,26.45604793196306,26.475753784179688,9000,0.0,0.0
2003-01-14 00:00:00-05:00,26.005361158864122,26.486038208007812,26.005361158864122,26.486038208007812,2000,0.0,0.0
2003-01-15 00:00:00-05:00,26.004497694744416,26.464609146118164,26.004497694744416,26.464609146118164,2000,0.0,0.0
2003-01-16 00:00:00-05:00,26.7310848236084,26.7310848236084,26.7310848236084,26.7310848236084,1000,0.0,0.0
2003-01-17 00:00:00-05:00,26.3172393079964,26.454330444335938,26.13302278711728,26.454330444335938,13000,0.0,0.0
2003-01-21 00:00:00-05:00,26.21870801915878,26.62569808959961,26.21870801915878,26.62569808959961,2000,0.0,0.0
2003-01-22 00:00:00-05:00,26.638583467522675,26.703032308932045,26.509687423706055,26.509687423706055,6000,0.09,0.0
2003-01-23 00:00:00-05:00,26.509687423706055,26.509687423706055,26.509687423706055,26.509687423706055,0,0.0,0.0
2003-01-24 00:00:00-05:00,26.514842619896033,26.514842619896033,26.301733016967773,26.301733016967773,5000,0.0,0.0
2003-01-27 00:00:00-05:00,26.466718673706055,26.625692031577145,26.256188869609495,26.466718673706055,41000,0.0,0.0
2003-01-28 00:00:00-05:00,26.208929619295667,26.660066604614258,26.208929619295667,26.660066604614258,3000,0.0,0.0
2003-01-29 00:00:00-05:00,26.621398026133406,26.703033447265625,26.621398026133406,26.703033447265625,3000,0.0,0.0
2003-01-30 00:00:00-05:00,26.4839096188246,26.51828277398314,26.235569637112455,26.415164947509766,22000,0.0,0.0
2003-01-31 00:00:00-05:00,26.260487645130556,26.639442974095978,26.260487645130556,26.63858413696289,47000,0.0,0.0
2003-02-03 00:00:00-05:00,26.724512645069154,26.76747744335464,26.672954559326172,26.672954559326172,4000,0.0,0.0
2003-02-04 00:00:00-05:00,26.809585571289062,26.809585571289062,26.297438381647193,26.809585571289062,7000,0.0,0.0
2003-02-05 00:00:00-05:00,26.767481906327166,26.93934440612793,26.61280598430693,26.93934440612793,27000,0.0,0.0
2003-02-06 00:00:00-05:00,26.552653275255413,26.90583038330078,26.552653275255413,26.90583038330078,21000,0.0,0.0
2003-02-07 00:00:00-05:00,26.587030513112786,26.938488361852205,26.471023559570312,26.471023559570312,22000,0.0,0.0
2003-02-10 00:00:00-05:00,26.78466987737703,26.78466987737703,26.423759920223638,26.488208770751953,10000,0.0,0.0
2003-02-11 00:00:00-05:00,26.34212631993349,26.552656173706055,26.294864047738976,26.552656173706055,39000,0.0,0.0
2003-02-12 00:00:00-05:00,26.373061980003882,26.595623759668523,26.373061980003882,26.380796432495117,26000,0.0,0.0
2003-02-13 00:00:00-05:00,26.3833653279987,26.509684848208483,26.3833653279987,26.398834228515625,25000,0.0,0.0
2003-02-14 00:00:00-05:00,26.63859174911979,26.63859174911979,26.44352912902832,26.44352912902832,5000,0.0,0.0
2003-02-18 00:00:00-05:00,26.44523811340332,26.44523811340332,26.44523811340332,26.44523811340332,1000,0.0,0.0
2003-02-19 00:00:00-05:00,26.466727210558467,26.595624923706055,26.466727210558467,26.595624923706055,9000,0.0,0.0
2003-02-20 00:00:00-05:00,26.595624923706055,26.595624923706055,26.595624923706055,26.595624923706055,0,0.0,0.0
2003-02-21 00:00:00-05:00,26.617101669311523,26.617101669311523,26.617101669311523,26.617101669311523,1000,0.0,0.0
2003-02-24 00:00:00-05:00,26.423753614345177,26.423753614345177,26.339541693539964,26.398834228515625,4000,0.0,0.0
2003-02-25 00:00:00-05:00,26.55265486040904,26.55265486040904,26.262208904691363,26.294862747192383,12000,0.0,0.0
2003-02-26 00:00:00-05:00,26.294862747192383,26.294862747192383,26.294862747192383,26.294862747192383,1000,0.0,0.0
2003-02-27 00:00:00-05:00,26.209791709513517,26.505393981933594,26.2089328722717,26.505393981933594,6000,0.0,0.0
2003-02-28 00:00:00-05:00,26.509690184819007,26.509690184819007,26.337827682495117,26.337827682495117,5000,0.0,0.0
2003-03-03 00:00:00-05:00,26.264787673950195,26.264787673950195,26.264787673950195,26.264787673950195,2000,0.0,0.0
2003-03-04 00:00:00-05:00,26.264787673950195,26.264787673950195,26.264787673950195,26.264787673950195,0,0.0,0.0
2003-03-05 00:00:00-05:00,26.51397942282872,26.51397942282872,26.303449630737305,26.303449630737305,3000,0.0,0.0
2003-03-06 00:00:00-05:00,26.251889909447996,26.303449630737305,26.251889909447996,26.303449630737305,6000,0.0,0.0
2003-03-07 00:00:00-05:00,26.257910359645493,26.260488510131836,26.257910359645493,26.260488510131836,13000,0.0,0.0
2003-03-10 00:00:00-05:00,26.187449093518396,26.303456036166576,26.187449093518396,26.294862747192383,11000,0.0,0.0
2003-03-11 00:00:00-05:00,26.136750481506954,26.14534377069342,26.12729835510254,26.12729835510254,21000,0.0,0.0
2003-03-12 00:00:00-05:00,26.129875988705916,26.337827682495117,26.114407085074976,26.337827682495117,17000,0.0,0.0
2003-03-13 00:00:00-05:00,26.765762329101562,26.765762329101562,26.765762329101562,26.765762329101562,1000,0.0,0.0
2003-03-14 00:00:00-05:00,26.765762329101562,26.765762329101562,26.765762329101562,26.765762329101562,0,0.0,0.0
2003-03-17 00:00:00-05:00,26.466725924775567,26.880054473876953,26.295723884537345,26.880054473876953,8000,0.0,0.0
2003-03-18 00:00:00-05:00,26.8920841217041,26.8920841217041,26.8920841217041,26.8920841217041,4000,0.0,0.0
2003-03-19 00:00:00-05:00,26.896377563476562,26.896377563476562,26.896377563476562,26.896377563476562,1000,0.0,0.0
2003-03-20 00:00:00-05:00,26.466725563753844,26.85341540113109,26.466725563753844,26.68155288696289,7000,0.0,0.0
2003-03-21 00:00:00-05:00,27.195415526432942,27.19627436351657,26.772634942995488,27.162761688232422,8000,0.0,0.0
2003-03-24 00:00:00-05:00,26.528596265534684,26.68155288696289,26.528596265534684,26.68155288696289,6000,0.0,0.0
2003-03-25 00:00:00-05:00,27.064799741917707,27.064799741917707,26.640301491084216,26.859424591064453,4000,0.0,0.0
2003-03-26 00:00:00-05:00,26.61795990383176,26.61795990383176,26.509687423706055,26.509687423706055,11000,0.0,0.0
2003-03-27 00:00:00-05:00,26.552652900859023,26.81044663405313,26.548357076190094,26.569839477539062,6000,0.0,0.0
2003-03-28 00:00:00-05:00,26.767478942871094,26.767478942871094,26.767478942871094,26.767478942871094,1000,0.0,0.0
2003-03-31 00:00:00-05:00,26.380788858217315,26.384225845336914,26.380788858217315,26.384225845336914,2000,0.0,0.0
2003-04-01 00:00:00-05:00,26.767483153766047,26.810449600219727,26.38079496969699,26.810449600219727,4000,0.0,0.0
2003-04-02 00:00:00-05:00,26.810446625705453,26.89637623107457,26.63858413696289,26.63858413696289,4000,0.0,0.0
2003-04-03 00:00:00-05:00,26.488208770751953,26.488208770751953,26.488208770751953,26.488208770751953,2000,0.0,0.0
2003-04-04 00:00:00-05:00,26.72451538133417,26.98230747544585,26.63858413696289,26.63858413696289,4000,0.0,0.0
2003-04-07 00:00:00-04:00,26.982306938372936,26.982306938372936,26.639442443847656,26.639442443847656,2000,0.0,0.0
2003-04-08 00:00:00-04:00,26.7760728947978,26.89637565092137,26.725373642002562,26.809585571289062,7000,0.0,0.0
2003-04-09 00:00:00-04:00,27.15416717529297,27.15416717529297,27.15416717529297,27.15416717529297,1000,0.0,0.0
2003-04-10 00:00:00-04:00,26.209787837409998,27.058786022575017,26.209787837409998,26.27423667907715,9000,0.0,0.0
2003-04-11 00:00:00-04:00,27.036441802978516,27.036441802978516,27.036441802978516,27.036441802978516,1000,0.0,0.0
2003-04-14 00:00:00-04:00,26.14533805847168,26.14533805847168,26.14533805847168,26.14533805847168,1000,0.0,0.0
2003-04-15 00:00:00-04:00,26.744277954101562,26.744277954101562,26.744277954101562,26.744277954101562,2000,0.0,0.0
2003-04-16 00:00:00-04:00,26.744277954101562,26.744277954101562,26.744277954101562,26.744277954101562,0,0.0,0.0
2003-04-17 00:00:00-04:00,26.744281774201756,26.744281774201756,26.552656173706055,26.552656173706055,3000,0.0,0.0
2003-04-21 00:00:00-04:00,26.552656173706055,26.552656173706055,26.552656173706055,26.552656173706055,0,0.0,0.0
2003-04-22 00:00:00-04:00,26.221821809514722,27.154173218321755,26.221821809514722,26.965124130249023,10000,0.0,0.0
2003-04-23 00:00:00-04:00,26.965126037597656,26.965126037597656,26.965126037597656,26.965126037597656,0,0.09,0.0
2003-04-24 00:00:00-04:00,27.027173990884815,27.145238876342773,27.01855598405661,27.145238876342773,5000,0.0,0.0
2003-04-25 00:00:00-04:00,27.145238876342773,27.145238876342773,27.145238876342773,27.145238876342773,0,0.0,0.0
2003-04-28 00:00:00-04:00,26.4566681318404,27.059913635253906,26.4566681318404,27.059913635253906,2000,0.0,0.0
2003-04-29 00:00:00-04:00,26.132641682857074,26.650571823120117,26.132641682857074,26.650571823120117,2000,0.0,0.0
2003-04-30 00:00:00-04:00,27.146096095884772,28.029422760009766,26.801384093251755,28.029422760009766,136000,0.0,0.0
2003-05-01 00:00:00-04:00,28.02941745941733,28.072505835204414,27.66488394862905,28.007871627807617,7000,0.0,0.0
2003-05-02 00:00:00-04:00,27.542515524473913,28.1156005859375,27.404630718231772,28.1156005859375,27000,0.0,0.0
2003-05-05 00:00:00-04:00,27.867408210776826,28.007015626755408,27.664027882594212,27.706254959106445,8000,0.0,0.0
2003-05-06 00:00:00-04:00,27.61145700663256,27.614040928804073,27.490806579589844,27.490806579589844,26000,0.0,0.0
2003-05-07 00:00:00-04:00,27.66316032409668,27.66316032409668,27.66316032409668,27.66316032409668,3000,0.0,0.0
2003-05-08 00:00:00-04:00,27.406352373447834,28.007875317745924,27.236581126042218,27.296905517578125,41000,0.0,0.0
2003-05-09 00:00:00-04:00,27.059918036733226,27.620075253772082,26.973739624023438,26.973739624023438,10000,0.0,0.0
2003-05-12 00:00:00-04:00,26.973739624023438,26.973739624023438,26.973739624023438,26.973739624023438,0,0.0,0.0
2003-05-13 00:00:00-04:00,28.003564962559267,28.115597382187843,27.576984405517578,27.576984405517578,9000,0.0,0.0
2003-05-14 00:00:00-04:00,27.576989523368773,28.524947223261243,27.576989523368773,28.257797241210938,14000,0.0,0.0
2003-05-15 00:00:00-04:00,27.749343835347684,28.266411026794245,27.706255450632643,27.836381912231445,30000,0.0,0.0
2003-05-16 00:00:00-04:00,28.437908483832253,28.626636739474222,26.84447479248047,26.84447479248047,52000,0.0,0.0
2003-05-19 00:00:00-04:00,28.007873244305276,28.007873244305276,27.189180907369845,27.313278198242188,29000,0.0,0.0
2003-05-20 00:00:00-04:00,27.57526072791827,27.57526072791827,27.189182977557643,27.490806579589844,5000,0.0,0.0
2003-05-21 00:00:00-04:00,27.576984499934717,27.576984499934717,27.318450927734375,27.318450927734375,7000,0.0,0.0
2003-05-22 00:00:00-04:00,27.233134359475955,27.361539840698242,27.233134359475955,27.361539840698242,3000,0.0,0.0
2003-05-23 00:00:00-04:00,27.340861460121804,27.340861460121804,27.34000015258789,27.34000015258789,3000,0.0,0.0
2003-05-27 00:00:00-04:00,27.34171757769666,27.38308334350586,27.34085627032624,27.38308334350586,6000,0.0,0.0
2003-05-28 00:00:00-04:00,27.490809075661275,27.576987490311808,27.404630661010742,27.404630661010742,15000,0.0,0.0
2003-05-29 00:00:00-04:00,27.66316032409668,27.66316032409668,27.339994191655634,27.66316032409668,6000,0.0,0.0
2003-05-30 00:00:00-04:00,27.23572378180362,27.749345779418945,27.23572378180362,27.749345779418945,11000,0.0,0.0
2003-06-02 00:00:00-04:00,27.57698160257259,27.62955093383789,27.574396037001947,27.62955093383789,5000,0.0,0.0
2003-06-03 00:00:00-04:00,28.683511849989678,31.54031395486084,28.606812755610978,29.559080123901367,27000,0.0,0.0
2003-06-04 00:00:00-04:00,29.47290853600684,29.47290853600684,28.61112760388637,28.727466583251953,14000,0.0,0.0
2003-06-05 00:00:00-04:00,29.299687398673523,29.300548706127465,28.438767861829596,29.19713592529297,7000,0.0,0.0
2003-06-06 00:00:00-04:00,29.214371273497544,30.162328865733116,28.3534517561967,28.61112403869629,8000,0.0,0.0
2003-06-09 00:00:00-04:00,30.507035340782345,30.507035340782345,29.348800659179688,29.348800659179688,4000,0.0,0.0
2003-06-10 00:00:00-04:00,29.385862739756703,29.385862739756703,27.92169931302002,29.085102081298828,6000,0.0,0.0
2003-06-11 00:00:00-04:00,29.5590816894495,29.73143851222435,28.008738166777874,29.368627548217773,17000,0.0,0.0
2003-06-12 00:00:00-04:00,28.61112403869629,28.61112403869629,28.61112403869629,28.61112403869629,1000,0.0,0.0
2003-06-13 00:00:00-04:00,27.839832305908203,27.839832305908203,27.839832305908203,27.839832305908203,1000,0.0,0.0
2003-06-16 00:00:00-04:00,29.214373686198087,29.30055046081543,28.137147566315168,29.30055046081543,8000,0.0,0.0
2003-06-17 00:00:00-04:00,28.69902211505751,29.542705582978147,28.69902211505751,29.210060119628906,4000,0.0,0.0
2003-06-18 00:00:00-04:00,29.128183407691846,29.148006623098933,28.524936334654402,28.86964988708496,11000,0.0,0.0
2003-06-19 00:00:00-04:00,28.017358793888647,28.783481922735856,28.017358793888647,28.697301864624023,18000,0.0,0.0
2003-06-20 00:00:00-04:00,28.568032998808178,28.69729813804015,28.11645810026896,28.438764572143555,14000,0.0,0.0
2003-06-23 00:00:00-04:00,28.567171225242454,28.8696577955428,28.35000340293429,28.867935180664062,7000,0.0,0.0
2003-06-24 00:00:00-04:00,28.869656156749137,29.604755715058953,28.30949733425701,29.559080123901367,16000,0.0,0.0
2003-06-25 00:00:00-04:00,29.645259105404538,29.645259105404538,28.2672692407494,29.472902297973633,7000,0.0,0.0
2003-06-26 00:00:00-04:00,29.55908552181824,29.98997599090432,29.55908552181824,29.72282600402832,11000,0.0,0.0
2003-06-27 00:00:00-04:00,28.740383852829797,30.24850001605783,28.522354764831032,29.171274185180664,16000,0.0,0.0
2003-06-30 00:00:00-04:00,29.162659812703797,30.076148563025825,29.159211295938626,29.23935890197754,28000,0.0,0.0
2003-07-01 00:00:00-04:00,30.507029994367905,30.57424810843498,28.955822516317774,30.15800666809082,11000,0.0,0.0
2003-07-02 00:00:00-04:00,29.472899653173624,30.164907455444336,29.386719613475346,30.164907455444336,24000,0.0,0.0
2003-07-03 00:00:00-04:00,30.07615674344944,30.33296775817871,30.07615674344944,30.33296775817871,4000,0.0,0.0
2003-07-07 00:00:00-04:00,30.16232353359796,30.164907455444336,29.387584208189846,30.164907455444336,7000,0.0,0.0
2003-07-08 00:00:00-04:00,30.162336349487305,30.423457213945635,30.162336349487305,30.162336349487305,15000,0.0,0.0
2003-07-09 00:00:00-04:00,30.16147504183921,30.164058964783493,30.16147504183921,30.162336349487305,9000,0.0,0.0
2003-07-10 00:00:00-04:00,30.160613734191116,30.1631976571354,30.160613734191116,30.162336349487305,13000,0.0,0.0
2003-07-11 00:00:00-04:00,30.162322459681818,30.164906381436197,29.97703949021791,30.119234085083008,8000,0.0,0.0
2003-07-14 00:00:00-04:00,30.119234085083008,30.119234085083008,30.119234085083008,30.119234085083008,4000,0.0,0.0
2003-07-15 00:00:00-04:00,29.866739323015985,29.94085121154785,29.866739323015985,29.94085121154785,9000,0.0,0.0
2003-07-16 00:00:00-04:00,29.517712563301508,29.808995527787726,29.37810516357422,29.37810516357422,7000,0.0,0.0
2003-07-17 00:00:00-04:00,29.939979553222656,29.939979553222656,29.939979553222656,29.939979553222656,1000,0.0,0.0
2003-07-18 00:00:00-04:00,29.770206711834643,29.939979553222656,29.770206711834643,29.939979553222656,5000,0.0,0.0
2003-07-21 00:00:00-04:00,29.110955656962197,29.110955656962197,29.10837173461914,29.10837173461914,2000,0.0,0.0
2003-07-22 00:00:00-04:00,29.30055046081543,29.30055046081543,29.30055046081543,29.30055046081543,2000,0.0,0.0
2003-07-23 00:00:00-04:00,29.101816177368164,29.101816177368164,29.101816177368164,29.101816177368164,1000,0.09,0.0
2003-07-24 00:00:00-04:00,29.101816177368164,29.101816177368164,29.101816177368164,29.101816177368164,1000,0.0,0.0
2003-07-25 00:00:00-04:00,29.040467237192974,29.37831687927246,29.040467237192974,29.37831687927246,2000,0.0,0.0
2003-07-28 00:00:00-04:00,29.42151131455561,30.112764974825726,29.42151131455561,29.46471405029297,15000,0.0,0.0
2003-07-29 00:00:00-04:00,29.29795329606465,29.895886182030445,29.29795329606465,29.551124572753906,5000,0.0,0.0
2003-07-30 00:00:00-04:00,29.205492685819905,29.205492685819905,29.11908721923828,29.11908721923828,2000,0.0,0.0
2003-07-31 00:00:00-04:00,29.162293314182907,29.162293314182907,28.989479064941406,28.989479064941406,5000,0.0,0.0
2003-08-01 00:00:00-04:00,28.687922313323433,28.77346420288086,28.255024713017665,28.77346420288086,11000,0.0,0.0
2003-08-04 00:00:00-04:00,28.94628056628354,28.94628056628354,28.524616241455078,28.524616241455078,4000,0.0,0.0
2003-08-05 00:00:00-04:00,28.94627642649514,29.551124652847463,28.601514816284176,28.60151481628418,6000,0.0,0.0
2003-08-06 00:00:00-04:00,28.894430663271656,28.897024739303458,28.73025894165039,28.73025894165039,4000,0.0,0.0
2003-08-07 00:00:00-04:00,28.774325487805676,28.774325487805676,28.540163153938582,28.630889892578125,5000,0.0,0.0
2003-08-08 00:00:00-04:00,29.028365816049288,29.028365816049288,28.859872817993164,28.859872817993164,3000,0.0,0.0
2003-08-11 00:00:00-04:00,29.460402849168673,29.637535095214844,29.460402849168673,29.637535095214844,2000,0.0,0.0
2003-08-12 00:00:00-04:00,28.687061506101127,29.637535095214844,28.687061506101127,29.637535095214844,2000,0.0,0.0
2003-08-13 00:00:00-04:00,29.637535095214844,29.637535095214844,29.637535095214844,29.637535095214844,0,0.0,0.0
2003-08-14 00:00:00-04:00,29.637535095214844,29.637535095214844,29.637535095214844,29.637535095214844,0,0.0,0.0
2003-08-15 00:00:00-04:00,30.19917106628418,30.19917106628418,30.19917106628418,30.19917106628418,1000,0.0,0.0
2003-08-18 00:00:00-04:00,30.216455962381264,30.285579681396484,30.216455962381264,30.285579681396484,2000,0.0,0.0
2003-08-19 00:00:00-04:00,29.926995757877012,30.263985069487745,29.51224348530772,30.242382049560547,10000,0.0,0.0
2003-08-20 00:00:00-04:00,29.03700259441303,29.598648071289062,29.03700259441303,29.598648071289062,8000,0.0,0.0
2003-08-21 00:00:00-04:00,29.36968231201172,29.36968231201172,29.36968231201172,29.36968231201172,1000,0.0,0.0
2003-08-22 00:00:00-04:00,28.816665877714566,30.415193621913836,28.816665877714566,29.723939895629883,12000,0.0,0.0
2003-08-25 00:00:00-04:00,29.265982687473745,29.33510971069336,29.265982687473745,29.33510971069336,2000,0.0,0.0
2003-08-26 00:00:00-04:00,29.373995615630573,30.069570734847193,28.90308005957473,29.37831687927246,17000,0.0,0.0
2003-08-27 00:00:00-04:00,29.03268844096057,30.199182417918177,29.03268844096057,30.108455657958984,11000,0.0,0.0
2003-08-28 00:00:00-04:00,29.335114859572073,30.112774230339625,29.335114859572073,29.663461685180664,19000,0.0,0.0
2003-08-29 00:00:00-04:00,30.501597238563935,30.501597238563935,29.03268109983519,30.15424156188965,14000,0.0,0.0
2003-09-02 00:00:00-04:00,29.767141662579995,30.225096623245676,29.767141662579995,30.11017608642578,4000,0.0,0.0
2003-09-03 00:00:00-04:00,29.499291606405283,29.98317104712103,29.499291606405283,29.7498722076416,3000,0.0,0.0
2003-09-04 00:00:00-04:00,29.879480782792985,29.879480782792985,28.967888542331295,28.998130798339844,14000,0.0,0.0
2003-09-05 00:00:00-04:00,28.688785906690573,29.550263140466402,28.688785906690573,28.77346420288086,7000,0.0,0.0
2003-09-08 00:00:00-04:00,28.5444794919273,29.075015747152392,28.5444794919273,28.741487503051758,6000,0.0,0.0
2003-09-09 00:00:00-04:00,29.29190756507309,29.376585862928998,28.712980270385742,28.712980270385742,4000,0.0,0.0
2003-09-10 00:00:00-04:00,29.37831132015579,29.853548049926758,28.302547607974258,29.853548049926758,5000,0.0,0.0
2003-09-11 00:00:00-04:00,29.08798807103078,29.291908183359737,28.546215057373047,28.546215057373047,10000,0.0,0.0
2003-09-12 00:00:00-04:00,28.66891360574638,29.023181362493357,28.51510828502952,28.55744743347168,14000,0.0,0.0
2003-09-15 00:00:00-04:00,28.89789390563965,28.89789390563965,28.89789390563965,28.89789390563965,1000,0.0,0.0
2003-09-16 00:00:00-04:00,29.119090859153886,29.119090859153886,28.64385414123535,28.64385414123535,2000,0.0,0.0
2003-09-17 00:00:00-04:00,29.032686512029077,29.11909529874331,28.838272510198877,29.084531784057617,5000,0.0,0.0
2003-09-18 00:00:00-04:00,28.928998206214203,28.928998206214203,28.655954360961914,28.655954360961914,4000,0.0,0.0
2003-09-19 00:00:00-04:00,29.291911124872147,29.291911124872147,28.773468265647775,28.94196128845215,9000,0.0,0.0
2003-09-22 00:00:00-04:00,28.903075448731837,28.903075448731837,28.604970932006836,28.604970932006836,7000,0.0,0.0
2003-09-23 00:00:00-04:00,29.50792754846043,29.50792754846043,28.51424789428711,28.51424789428711,2000,0.0,0.0
2003-09-24 00:00:00-04:00,29.205501556396484,29.205501556396484,29.205501556396484,29.205501556396484,1000,0.0,0.0
2003-09-25 00:00:00-04:00,28.160849644316855,28.298236846923828,27.86706629024289,28.298236846923828,7000,0.0,0.0
2003-09-26 00:00:00-04:00,28.004443447907516,28.255023956298828,28.004443447907516,28.255023956298828,5000,0.0,0.0
2003-09-29 00:00:00-04:00,27.9767885523794,27.9767885523794,27.952594757080078,27.952594757080078,6000,0.0,0.0
2003-09-30 00:00:00-04:00,27.708064986271893,27.708064986271893,27.43415431678295,27.650171279907227,4000,0.0,0.0
2003-10-01 00:00:00-04:00,28.126279927291268,28.126279927291268,27.657955169677734,27.657955169677734,2000,0.0,0.0
2003-10-02 00:00:00-04:00,27.530071070906178,27.645856857299805,27.529207477538158,27.645856857299805,3000,0.0,0.0
2003-10-03 00:00:00-04:00,28.07702683656674,28.427840232458884,27.779789193386033,28.426973342895508,11000,0.0,0.0
2003-10-06 00:00:00-04:00,28.255023311381354,28.51597023010254,28.255023311381354,28.51597023010254,12000,0.0,0.0
2003-10-07 00:00:00-04:00,28.68706217712051,28.68706217712051,28.51424789428711,28.51424789428711,4000,0.0,0.0
2003-10-08 00:00:00-04:00,27.671778500041878,27.956919220697788,27.671778500041878,27.909395217895508,7000,0.0,0.0
2003-10-09 00:00:00-04:00,27.918905672949307,28.51424789428711,27.918905672949307,28.51424789428711,5000,0.0,0.0
2003-10-10 00:00:00-04:00,27.86618928705604,28.272302247715288,27.86618928705604,27.952594757080078,12000,0.0,0.0
2003-10-13 00:00:00-04:00,28.21873915307375,28.21873915307375,27.993215989184005,28.168621063232422,7000,0.0,0.0
2003-10-14 00:00:00-04:00,28.369944263465825,28.369944263465825,28.306865692138672,28.306865692138672,3000,0.0,0.0
2003-10-15 00:00:00-04:00,28.3915506754352,28.3915506754352,28.096036911010742,28.096036911010742,4000,0.0,0.0
2003-10-16 00:00:00-04:00,28.12541137208889,28.12541137208889,27.69769865582706,28.08220863342285,12000,0.0,0.0
2003-10-17 00:00:00-04:00,27.82298957800747,27.995803833007812,27.82298957800747,27.995803833007812,2000,0.0,0.0
2003-10-20 00:00:00-04:00,28.815802171083654,28.815802171083654,28.50992202758789,28.50992202758789,4000,0.0,0.0
2003-10-21 00:00:00-04:00,28.51424789428711,28.51424789428711,28.51424789428711,28.51424789428711,1000,0.0,0.0
2003-10-22 00:00:00-04:00,28.378196748451554,28.378196748451554,27.816661834716797,27.816661834716797,8000,0.095,0.0
2003-10-23 00:00:00-04:00,27.774198313573322,28.314067795693965,27.77333222694179,28.249074935913086,12000,0.0,0.0
2003-10-24 00:00:00-04:00,27.847862263208153,28.24994468688965,27.847862263208153,28.24994468688965,3000,0.0,0.0
2003-10-27 00:00:00-05:00,27.87299081447145,27.87299081447145,27.556693965673276,27.73000717163086,10000,0.0,0.0
2003-10-28 00:00:00-05:00,27.904184211728044,27.989973068237305,27.904184211728044,27.989973068237305,3000,0.0,0.0
2003-10-29 00:00:00-05:00,27.989973068237305,27.989973068237305,27.989973068237305,27.989973068237305,0,0.0,0.0
2003-10-30 00:00:00-05:00,27.946643829345703,27.946643829345703,27.946643829345703,27.946643829345703,1000,0.0,0.0
2003-10-31 00:00:00-05:00,27.946643829345703,27.946643829345703,27.946643829345703,27.946643829345703,0,0.0,0.0
2003-11-03 00:00:00-05:00,28.076633167597286,28.163288116455078,28.076633167597286,28.163288116455078,2000,0.0,0.0
2003-11-04 00:00:00-05:00,27.370388595769363,27.556699752807617,27.370388595769363,27.556699752807617,7000,0.0,0.0
2003-11-05 00:00:00-05:00,27.556699752807617,27.556699752807617,27.556699752807617,27.556699752807617,0,0.0,0.0
2003-11-06 00:00:00-05:00,28.07662582397461,28.07662582397461,28.07662582397461,28.07662582397461,1000,0.0,0.0
2003-11-07 00:00:00-05:00,28.332263946533203,28.332263946533203,28.332263946533203,28.332263946533203,1000,0.0,0.0
2003-11-10 00:00:00-05:00,27.945789337158203,27.945789337158203,27.945789337158203,27.945789337158203,1000,0.0,0.0
2003-11-11 00:00:00-05:00,27.945789337158203,27.945789337158203,27.945789337158203,27.945789337158203,0,0.0,0.0
2003-11-12 00:00:00-05:00,27.73000717163086,27.73000717163086,27.73000717163086,27.73000717163086,1000,0.0,0.0
2003-11-13 00:00:00-05:00,27.73000717163086,27.73000717163086,27.73000717163086,27.73000717163086,0,0.0,0.0
2003-11-14 00:00:00-05:00,27.73000717163086,27.73000717163086,27.73000717163086,27.73000717163086,0,0.0,0.0
2003-11-17 00:00:00-05:00,27.989981209967862,27.989981209967862,27.435381478891188,27.471776962280273,8000,0.0,0.0
2003-11-18 00:00:00-05:00,27.68928377165913,27.68928377165913,27.556699752807617,27.556699752807617,3000,0.0,0.0
2003-11-19 00:00:00-05:00,27.73000717163086,27.73000717163086,27.73000717163086,27.73000717163086,4000,0.0,0.0
2003-11-20 00:00:00-05:00,27.948382175493595,27.948382175493595,27.42671199692411,27.513368606567383,6000,0.0,0.0
2003-11-21 00:00:00-05:00,27.487369013857688,27.73000717163086,27.487369013857688,27.73000717163086,5000,0.0,0.0
2003-11-24 00:00:00-05:00,28.553241997663953,28.553241997663953,28.163288116455078,28.163288116455078,6000,0.0,0.0
2003-11-25 00:00:00-05:00,27.864319319664293,27.864319319664293,27.474367141723633,27.474367141723633,3000,0.0,0.0
2003-11-26 00:00:00-05:00,27.45443953778249,27.73000717163086,27.4267098876237,27.73000717163086,4000,0.0,0.0
2003-11-28 00:00:00-05:00,28.596569895744324,28.596569895744324,27.73000717163086,27.73000717163086,4000,0.0,0.0
2003-12-01 00:00:00-05:00,27.435378009594157,27.435378009594157,27.383384704589844,27.383384704589844,5000,0.0,0.0
2003-12-02 00:00:00-05:00,28.189286717087494,28.19188828310068,27.296728094357743,27.383384704589844,15000,0.0,0.0
2003-12-03 00:00:00-05:00,27.426708221435547,27.426708221435547,27.426708221435547,27.426708221435547,1000,0.0,0.0
2003-12-04 00:00:00-05:00,27.12341154679179,27.314056396484375,27.12341154679179,27.314056396484375,4000,0.0,0.0
2003-12-05 00:00:00-05:00,27.31145789316007,27.318389892578125,27.31145789316007,27.318389892578125,5000,0.0,0.0
2003-12-08 00:00:00-05:00,27.3123259205753,27.55669627221668,27.3123259205753,27.383384704589844,6000,0.0,0.0
2003-12-09 00:00:00-05:00,27.037625380850454,27.283729553222656,26.963100598596228,27.283729553222656,9000,0.0,0.0
2003-12-10 00:00:00-05:00,27.275062561035156,27.275062561035156,27.275062561035156,27.275062561035156,1000,0.0,0.0
2003-12-11 00:00:00-05:00,27.275062561035156,27.275062561035156,27.275062561035156,27.275062561035156,0,0.0,0.0
2003-12-12 00:00:00-05:00,27.524635314941406,27.524635314941406,27.524635314941406,27.524635314941406,498000,0.0,0.0
2003-12-15 00:00:00-05:00,27.994314945976566,27.994314945976566,27.556699752807617,27.556699752807617,2000,0.0,0.0
2003-12-16 00:00:00-05:00,27.556699752807617,27.556699752807617,27.556699752807617,27.556699752807617,0,0.0,0.0
2003-12-17 00:00:00-05:00,27.296716548657805,27.686670303344727,27.296716548657805,27.686670303344727,7000,0.0,0.0
2003-12-18 00:00:00-05:00,27.526363372802734,27.526363372802734,27.526363372802734,27.526363372802734,1000,0.0,0.0
2003-12-19 00:00:00-05:00,27.06361961364746,27.06361961364746,27.06361961364746,27.06361961364746,2000,0.0,0.0
2003-12-22 00:00:00-05:00,27.383384704589844,27.383384704589844,27.383384704589844,27.383384704589844,1000,0.0,0.0
2003-12-23 00:00:00-05:00,27.148542404174805,27.383380809324162,27.148542404174805,27.148542404174805,3000,0.0,0.0
2003-12-24 00:00:00-05:00,27.383384704589844,27.383384704589844,27.383384704589844,27.383384704589844,1000,0.0,0.0
2003-12-26 00:00:00-05:00,26.876433383921448,27.3833732677075,26.44748590432377,27.210060119628906,15000,0.0,0.0
2003-12-29 00:00:00-05:00,27.730008854313823,27.730008854313823,27.283729553222656,27.283729553222656,31000,0.0,0.0
2003-12-30 00:00:00-05:00,27.283729553222656,27.283729553222656,27.283729553222656,27.283729553222656,0,0.0,0.0
2003-12-31 00:00:00-05:00,26.971755780648344,27.210060119628906,26.95009205034769,27.210060119628906,5000,0.0,0.0
2004-01-02 00:00:00-05:00,27.210060119628906,27.210060119628906,27.210060119628906,27.210060119628906,0,0.0,0.0
2004-01-05 00:00:00-05:00,27.21006853159717,27.21006853159717,26.43016242980957,26.43016242980957,7000,0.0,0.0
2004-01-06 00:00:00-05:00,26.43016242980957,26.43016242980957,26.256849228151353,26.43016242980957,23000,0.0,0.0
2004-01-07 00:00:00-05:00,26.344367929113258,26.604337692260742,26.344367929113258,26.604337692260742,3000,0.0,0.0
2004-01-08 00:00:00-05:00,26.430161956936423,26.430161956936423,26.41456413269043,26.41456413269043,16000,0.0,0.0
2004-01-09 00:00:00-05:00,26.430163124604718,26.430163124604718,26.314043045043945,26.314043045043945,6000,0.0,0.0
2004-01-12 00:00:00-05:00,26.256851196289062,26.43016441093834,26.256851196289062,26.256851196289062,3000,0.0,0.0
2004-01-13 00:00:00-05:00,27.18840683256362,27.18840683256362,26.256851196289062,26.256851196289062,11000,0.0,0.0
2004-01-14 00:00:00-05:00,26.353903907939124,26.353903907939124,26.17019271850586,26.17019271850586,15000,0.0,0.0
2004-01-15 00:00:00-05:00,26.256849228151353,26.43016242980957,26.256849228151353,26.43016242980957,4000,0.0,0.0
2004-01-16 00:00:00-05:00,26.083539282712632,26.862579345703125,26.083539282712632,26.862579345703125,19000,0.0,0.0
2004-01-20 00:00:00-05:00,26.668464184755326,28.024635141992587,26.430159795851935,27.296722412109375,24000,0.0,0.0
2004-01-21 00:00:00-05:00,26.988165313649613,29.986851085316054,26.988165313649613,28.683074951171875,46000,0.095,0.0
2004-01-22 00:00:00-05:00,28.683074152157776,28.856911628335972,26.603116989135742,26.603116989135742,30000,0.0,0.0
2004-01-23 00:00:00-05:00,26.603116989135742,26.603116989135742,26.603116989135742,26.603116989135742,0,0.0,0.0
2004-01-26 00:00:00-05:00,27.98772798575315,28.50923710648881,27.98772798575315,28.335399627685547,3000,0.0,0.0
2004-01-27 00:00:00-05:00,28.335399627685547,28.335399627685547,28.335399627685547,28.335399627685547,0,0.0,0.0
2004-01-28 00:00:00-05:00,28.335399627685547,28.335399627685547,28.335399627685547,28.335399627685547,0,0.0,0.0
2004-01-29 00:00:00-05:00,28.335399627685547,28.335399627685547,28.335399627685547,28.335399627685547,0,0.0,0.0
2004-01-30 00:00:00-05:00,26.857788371987734,27.37929916381836,26.857788371987734,27.37929916381836,3000,0.0,0.0
2004-02-02 00:00:00-05:00,27.267168045043945,27.267168045043945,27.267168045043945,27.267168045043945,2000,0.0,0.0
2004-02-03 00:00:00-05:00,27.267168045043945,27.267168045043945,27.267168045043945,27.267168045043945,0,0.0,0.0
2004-02-04 00:00:00-05:00,26.7708683013916,26.7708683013916,26.7708683013916,26.7708683013916,2000,0.0,0.0
2004-02-05 00:00:00-05:00,28.07898712158203,28.07898712158203,28.07898712158203,28.07898712158203,1000,0.0,0.0
2004-02-06 00:00:00-05:00,28.07898712158203,28.07898712158203,28.07898712158203,28.07898712158203,0,0.0,0.0
2004-02-09 00:00:00-05:00,26.80650310442802,26.80650310442802,26.423192977905273,26.423192977905273,3000,0.0,0.0
2004-02-10 00:00:00-05:00,26.562261416330657,26.562261416330657,26.424060821533203,26.424060821533203,6000,0.0,0.0
2004-02-11 00:00:00-05:00,26.51533213298058,26.51533213298058,26.510116577148438,26.510116577148438,2000,0.0,0.0
2004-02-12 00:00:00-05:00,26.51880374736183,26.51880374736183,26.423192977905273,26.423192977905273,5000,0.0,0.0
2004-02-13 00:00:00-05:00,26.423192977905273,26.423192977905273,26.423192977905273,26.423192977905273,0,0.0,0.0
2004-02-17 00:00:00-05:00,26.753488141180206,26.869089126586914,26.753488141180206,26.869089126586914,3000,0.0,0.0
2004-02-18 00:00:00-05:00,27.35321971370893,28.113757366833852,27.33583729377268,28.076379776000977,31000,0.0,0.0
2004-02-19 00:00:00-05:00,28.076379776000977,28.076379776000977,28.076379776000977,28.076379776000977,0,0.0,0.0
2004-02-20 00:00:00-05:00,27.70523845268055,27.944265365600586,27.70523845268055,27.944265365600586,2000,0.0,0.0
2004-02-23 00:00:00-05:00,27.64004919986177,28.10506248474121,27.64004919986177,28.10506248474121,2000,0.0,0.0
2004-02-24 00:00:00-05:00,28.11810252292785,28.139833450317383,28.11810252292785,28.139833450317383,2000,0.0,0.0
2004-02-25 00:00:00-05:00,28.248482546120982,28.335399627685547,28.248482546120982,28.335399627685547,8000,0.0,0.0
2004-02-26 00:00:00-05:00,27.653087615966797,27.653087615966797,27.653087615966797,27.653087615966797,6000,0.0,0.0
2004-02-27 00:00:00-05:00,28.335401608531672,28.68307659044315,28.247615814208984,28.247615814208984,23000,0.0,0.0
2004-03-01 00:00:00-05:00,28.247615814208984,28.247615814208984,28.247615814208984,28.247615814208984,0,0.0,0.0
2004-03-02 00:00:00-05:00,28.247615814208984,28.247615814208984,28.247615814208984,28.247615814208984,0,0.0,0.0
2004-03-03 00:00:00-05:00,28.247615814208984,28.247615814208984,28.247615814208984,28.247615814208984,0,0.0,0.0
2004-03-04 00:00:00-05:00,28.247615814208984,28.247615814208984,28.247615814208984,28.247615814208984,0,0.0,0.0
2004-03-05 00:00:00-05:00,29.899930254759106,30.247601857546595,29.552255336297865,30.030305862426758,48000,0.0,0.0
2004-03-08 00:00:00-05:00,30.247604768644056,30.31714108529814,30.247604768644056,30.29106330871582,5000,0.0,0.0
2004-03-09 00:00:00-05:00,30.204150205057967,30.204150205057967,29.912974301001302,29.943395614624023,11000,0.0,0.0
2004-03-10 00:00:00-05:00,30.225869045475175,30.312786102294922,29.986842165711103,30.312786102294922,6000,0.0,0.0
2004-03-11 00:00:00-05:00,30.10679665090773,30.10679665090773,29.98598012460971,29.986848831176758,6000,0.0,0.0
2004-03-12 00:00:00-05:00,29.986856726579326,30.247611339327666,29.89993962755481,29.900808334350586,5000,0.0,0.0
2004-03-15 00:00:00-05:00,30.10680344822911,30.204151656499814,30.10680344822911,30.19546127319336,6000,0.0,0.0
2004-03-16 00:00:00-05:00,29.82170233319243,30.159814834594727,29.82170233319243,30.159814834594727,4000,0.0,0.0
2004-03-17 00:00:00-05:00,30.160690928225485,30.630051169034868,30.07377052307129,30.07377052307129,12000,0.0,0.0
2004-03-18 00:00:00-05:00,30.160680361790096,30.204138891304805,30.073759987087417,30.11722183227539,6000,0.0,0.0
2004-03-19 00:00:00-05:00,30.334530658022103,30.68220235723337,30.11288775314045,30.42144775390625,22000,0.0,0.0
2004-03-22 00:00:00-05:00,30.248478953227668,30.595285261349222,30.16069315057913,30.42144775390625,16000,0.0,0.0
2004-03-23 00:00:00-05:00,30.24761199951172,30.24761199951172,30.24761199951172,30.24761199951172,4000,0.0,0.0
2004-03-24 00:00:00-05:00,30.399713799516377,30.50836181640625,30.399713799516377,30.50836181640625,6000,0.0,0.0
2004-03-25 00:00:00-05:00,30.073761677926647,30.76302719116211,30.073761677926647,30.76302719116211,3000,0.0,0.0
2004-03-26 00:00:00-05:00,30.769119285610135,31.29062843322754,30.43013469241709,31.29062843322754,13000,0.0,0.0
2004-03-29 00:00:00-05:00,31.29063114649813,31.29063114649813,30.76912195365966,30.85603904724121,4000,0.0,0.0
2004-03-30 00:00:00-05:00,31.033348366541375,31.464465597010705,31.03074224657007,31.15069007873535,10000,0.0,0.0
2004-03-31 00:00:00-05:00,31.203711347182736,31.46446592099144,30.769987992276178,31.29062843322754,19000,0.0,0.0
2004-04-01 00:00:00-05:00,31.26455397054896,31.29062843322754,31.116790945463638,31.29062843322754,4000,0.0,0.0
2004-04-02 00:00:00-05:00,31.221092287452286,31.455772399902344,31.029874033943372,31.455772399902344,14000,0.0,0.0
2004-04-05 00:00:00-04:00,31.308005804097316,31.620912551879883,31.308005804097316,31.620912551879883,12000,0.0,0.0
2004-04-06 00:00:00-04:00,31.620915425846274,31.620915425846274,31.55051040649414,31.55051040649414,2000,0.0,0.0
2004-04-07 00:00:00-04:00,31.89471273917293,32.159814175331654,30.947301864624023,30.947301864624023,46000,0.0,0.0
2004-04-08 00:00:00-04:00,31.168940213716773,31.29062544884333,30.725654496414062,30.795190811157227,7000,0.0,0.0
2004-04-12 00:00:00-04:00,31.377537636501515,31.377537636501515,31.37666893005371,31.37666893005371,2000,0.0,0.0
2004-04-13 00:00:00-04:00,31.203710415393314,31.22109117954382,30.725656509399414,30.725656509399414,4000,0.0,0.0
2004-04-14 00:00:00-04:00,31.29062843322754,31.29062843322754,31.29062843322754,31.29062843322754,1000,0.0,0.0
2004-04-15 00:00:00-04:00,31.29062843322754,31.29062843322754,31.29062843322754,31.29062843322754,1000,0.0,0.0
2004-04-16 00:00:00-04:00,30.856037308593294,31.029874801635742,29.990331301499552,31.029874801635742,7000,0.0,0.0
2004-04-19 00:00:00-04:00,30.86471978777145,32.29018421316633,30.447511900707173,32.15980529785156,30000,0.0,0.0
2004-04-20 00:00:00-04:00,32.326680484781015,32.88122009515909,32.25105993987828,32.681304931640625,39000,0.0,0.0
2004-04-21 00:00:00-04:00,34.327374562400664,34.327374562400664,33.732215881347656,33.732215881347656,55000,0.095,0.0
2004-04-22 00:00:00-04:00,33.54834819486274,33.54834819486274,33.051658630371094,33.051658630371094,5000,0.0,0.0
2004-04-23 00:00:00-04:00,33.97968345526208,33.97968345526208,32.07570788338872,33.11265563964844,41000,0.0,0.0
2004-04-26 00:00:00-04:00,33.718264236107125,33.718264236107125,32.65953063964844,32.65953063964844,4000,0.0,0.0
2004-04-27 00:00:00-04:00,32.58981895658188,32.67695617675781,32.329274878813884,32.67695617675781,16000,0.0,0.0
2004-04-28 00:00:00-04:00,31.805577917782124,31.805577917782124,31.645244598388672,31.645244598388672,2000,0.0,0.0
2004-04-29 00:00:00-04:00,31.805571266656262,31.805571266656262,31.630422592163086,31.630422592163086,2000,0.0,0.0
2004-04-30 00:00:00-04:00,31.021335348653547,31.805583953857422,31.021335348653547,31.805583953857422,6000,0.0,0.0
2004-05-03 00:00:00-04:00,32.23691778340525,32.23691778340525,31.108474731445312,31.108474731445312,2000,0.0,0.0
2004-05-04 00:00:00-04:00,31.36988067626953,31.36988067626953,31.36988067626953,31.36988067626953,1000,0.0,0.0
2004-05-05 00:00:00-04:00,31.36988067626953,31.36988067626953,31.36988067626953,31.36988067626953,0,0.0,0.0
2004-05-06 00:00:00-04:00,31.718433986843763,31.804700301624873,30.75990792858367,31.618223190307617,7000,0.0,0.0
2004-05-07 00:00:00-04:00,31.678351249363914,31.678351249363914,31.36988067626953,31.36988067626953,8000,0.0,0.0
2004-05-10 00:00:00-04:00,31.195601568065733,31.195601568065733,29.06070633703467,29.20100212097168,16000,0.0,0.0
2004-05-11 00:00:00-04:00,27.936622097101807,30.716340821595878,27.936622097101807,30.603059768676758,26100,0.0,10.0
2004-05-12 00:00:00-04:00,30.95161531611404,31.09974926492679,28.651157982496123,30.03666114807129,20300,0.0,0.0
2004-05-13 00:00:00-04:00,30.67277823547091,30.716346856978316,28.023764829318583,28.433317184448242,17300,0.0,0.0
2004-05-14 00:00:00-04:00,27.849485879278042,28.62501861221301,23.96310649621481,24.64278793334961,59800,0.0,0.0
2004-05-17 00:00:00-04:00,24.416223995165222,25.862723903951768,22.699593363843835,23.80625343322754,24400,0.0,0.0
2004-05-18 00:00:00-04:00,23.745262273460984,24.50336862596477,23.5274158305852,23.6058406829834,11900,0.0,0.0
2004-05-19 00:00:00-04:00,23.579695087879642,24.35522944209946,23.52741241455078,23.52741241455078,9900,0.0,0.0
2004-05-20 00:00:00-04:00,23.658123993624287,23.658123993624287,22.882591168195376,22.99587059020996,11500,0.0,0.0
2004-05-21 00:00:00-04:00,23.14400376640066,23.178859992237992,22.87387466430664,22.87387466430664,11400,0.0,0.0
2004-05-24 00:00:00-04:00,22.760595695618065,23.527414396504433,21.880495920600758,22.76930809020996,31900,0.0,0.0
2004-05-25 00:00:00-04:00,22.91744310960854,25.095907346721,22.656028065969572,24.503366470336914,28700,0.0,0.0
2004-05-26 00:00:00-04:00,24.398792398386988,25.270177841186523,24.398792398386988,25.270177841186523,15800,0.0,0.0
2004-05-27 00:00:00-04:00,24.51207359290482,25.705872469389224,24.51207359290482,24.878055572509766,25900,0.0,0.0
2004-05-28 00:00:00-04:00,25.69716180206897,25.69716180206897,24.69506866883564,25.122047424316406,5700,0.0,0.0
2004-06-01 00:00:00-04:00,25.113335161828545,25.56645611666563,24.947771416400318,25.261470794677734,11000,0.0,0.0
2004-06-02 00:00:00-04:00,24.451082877271276,25.53160097236987,24.451082877271276,25.4444637298584,9200,0.0,0.0
2004-06-03 00:00:00-04:00,25.183048519354976,25.31375605296029,25.15690800985579,25.24404525756836,9100,0.0,0.0
2004-06-04 00:00:00-04:00,25.2963270198358,25.540313947797085,25.139477330697094,25.261470794677734,9700,0.0,0.0
2004-06-07 00:00:00-04:00,25.235321625697342,25.270177841186523,24.965192603799522,25.270177841186523,10700,0.0,0.0
2004-06-08 00:00:00-04:00,25.026196260969673,25.27018485096725,24.660214206991455,25.261470794677734,8700,0.0,0.0
2004-06-09 00:00:00-04:00,25.252753198784895,25.27018130892108,24.398795746544494,24.451078414916992,7100,0.0,0.0
2004-06-10 00:00:00-04:00,24.930344111297696,25.20047319886807,24.180951916449818,24.79963493347168,13300,0.0,0.0
2004-06-14 00:00:00-04:00,24.407508718596464,25.18304130284796,24.407508718596464,24.57307243347168,7000,0.0,0.0
2004-06-15 00:00:00-04:00,24.433653976963527,25.069765090942383,23.980533048360975,25.069765090942383,8600,0.0,0.0
2004-06-16 00:00:00-04:00,24.58178834932088,25.252755697634093,24.58178834932088,24.59921646118164,5400,0.0,0.0
2004-06-17 00:00:00-04:00,24.398798711096834,24.83449154522356,23.884681033864393,23.902109146118164,7500,0.0,0.0
2004-06-18 00:00:00-04:00,23.87596788862138,24.041531637276055,22.786735761749636,22.87387466430664,31700,0.0,0.0
2004-06-21 00:00:00-04:00,22.96101397409975,23.405420889189774,22.368471420646383,22.429468154907227,20700,0.0,0.0
2004-06-22 00:00:00-04:00,22.3074696133538,23.52740900724837,22.176762117942946,22.43817710876465,8600,0.0,0.0
2004-06-23 00:00:00-04:00,23.431558262762557,23.875965118408203,22.70830828091638,23.875965118408203,4500,0.0,0.0
2004-06-24 00:00:00-04:00,23.46641727658338,23.492557784002287,22.281332187193904,22.760595321655273,22600,0.0,0.0
2004-06-25 00:00:00-04:00,22.717026075659756,23.100436268314095,22.32490348815918,22.32490348815918,30100,0.0,0.0
2004-06-28 00:00:00-04:00,22.656029172716877,23.23114362644601,22.656029172716877,22.917444229125977,9600,0.0,0.0
2004-06-29 00:00:00-04:00,22.795453744710045,23.893400117161622,22.65603214141809,23.074296951293945,9100,0.0,0.0
2004-06-30 00:00:00-04:00,23.78882498070011,23.78882498070011,23.370560313294,23.379274368286133,14000,0.0,0.0
2004-07-01 00:00:00-04:00,23.46641613500904,23.614551763976348,23.335708618164062,23.335708618164062,32000,0.0,0.0
2004-07-02 00:00:00-04:00,23.022006798409297,23.527410361924755,23.022006798409297,23.30084991455078,3400,0.0,0.0
2004-07-06 00:00:00-04:00,23.309566424175323,23.597123625730426,22.873873593816903,23.05686378479004,7200,0.0,0.0
2004-07-07 00:00:00-04:00,22.734452144436695,23.14400280886304,22.656027301583695,22.830305099487305,26000,0.0,0.0
2004-07-08 00:00:00-04:00,22.56888927471711,22.900016771121823,22.56888927471711,22.621171951293945,13900,0.0,0.0
2004-07-09 00:00:00-04:00,22.656030654907227,22.743169566756478,22.638602540130076,22.656030654907227,25000,0.0,0.0
2004-07-12 00:00:00-04:00,22.656029366568863,22.91744442521471,22.656029366568863,22.664743423461914,14500,0.0,0.0
2004-07-13 00:00:00-04:00,22.6647447122958,22.778024134274276,22.656030654907227,22.656030654907227,16600,0.0,0.0
2004-07-14 00:00:00-04:00,22.656030654907227,22.778024134274276,22.612462030000852,22.656030654907227,24300,0.0,0.0
2004-07-15 00:00:00-04:00,22.830307529637732,22.839019924627664,22.48175189672884,22.61246109008789,17700,0.0,0.0
2004-07-16 00:00:00-04:00,22.612462030000852,22.769310076885702,22.612462030000852,22.656030654907227,27900,0.0,0.0
2004-07-19 00:00:00-04:00,22.656030654907227,22.743169566756478,22.5253231181516,22.656030654907227,12300,0.0,0.0
2004-07-20 00:00:00-04:00,22.53402864141193,22.743160953425264,22.53402864141193,22.6995906829834,16800,0.0,0.0
2004-07-21 00:00:00-04:00,24.09454659312044,24.09454659312044,21.864380454054793,22.70397186279297,14100,0.095,0.0
2004-07-22 00:00:00-04:00,22.607764056469193,22.75644187301539,22.21420463969413,22.747695922851562,11900,0.0,0.0
2004-07-23 00:00:00-04:00,22.56403364633768,22.782677389686377,21.77691650390625,21.77691650390625,7300,0.0,0.0
2004-07-26 00:00:00-04:00,22.73895835876465,22.73895835876465,21.8643830372737,22.73895835876465,7300,0.0,0.0
2004-07-27 00:00:00-04:00,22.738953394717328,22.756445297677374,22.529055563555836,22.730207443237305,11100,0.0,0.0
2004-07-28 00:00:00-04:00,22.354137427165014,22.773934711729044,22.345391476640817,22.651493072509766,5900,0.0,0.0
2004-07-29 00:00:00-04:00,22.59027443979182,22.826410113727803,22.59027443979182,22.76519012451172,9100,0.0,0.0
2004-07-30 00:00:00-04:00,22.616508279282634,22.82640606282511,22.616508279282634,22.660236358642578,19800,0.0,0.0
2004-08-02 00:00:00-04:00,22.8264102935791,22.8264102935791,22.651494607481027,22.8264102935791,9000,0.0,0.0
2004-08-03 00:00:00-04:00,22.520309224039583,22.78268109144073,22.520309224039583,22.71271514892578,6000,0.0,0.0
2004-08-04 00:00:00-04:00,22.634008586212914,22.782686457591176,22.52031452839191,22.73895835876465,6600,0.0,0.0
2004-08-05 00:00:00-04:00,22.537804711351818,22.8001766204834,22.100517084052573,22.8001766204834,5000,0.0,0.0
2004-08-06 00:00:00-04:00,22.240451638588876,22.826417195641326,22.12675590781087,22.135501861572266,9800,0.0,0.0
2004-08-09 00:00:00-04:00,22.13549880594764,22.78268428187107,22.126752853393555,22.126752853393555,4200,0.0,0.0
2004-08-10 00:00:00-04:00,22.26667959004253,22.782678994133743,22.12674771789435,22.651493072509766,4700,0.0,0.0
2004-08-11 00:00:00-04:00,22.144245179534533,22.94885448048994,22.144245179534533,22.8001766204834,4900,0.0,0.0
2004-08-12 00:00:00-04:00,22.144237883125314,22.520305385589598,21.8643741607666,21.8643741607666,10900,0.0,0.0
2004-08-13 00:00:00-04:00,22.61650916569517,22.61650916569517,21.77691633049966,21.8643741607666,1700,0.0,0.0
2004-08-16 00:00:00-04:00,22.07427628036729,22.642749786376953,22.07427628036729,22.642749786376953,1000,0.0,0.0
2004-08-17 00:00:00-04:00,22.607768230943112,22.607768230943112,21.90810710172097,22.572784423828125,6200,0.0,0.0
2004-08-18 00:00:00-04:00,22.231697481927117,22.546545028686523,21.934341836236456,22.546545028686523,18500,0.0,0.0
2004-08-19 00:00:00-04:00,21.934347523323,21.97807561921308,21.82065347313683,21.908109664916992,12600,0.0,0.0
2004-08-20 00:00:00-04:00,22.292919982546888,22.292919982546888,21.88187026977539,21.88187026977539,15500,0.0,0.0
2004-08-23 00:00:00-04:00,22.056780052858375,22.056780052858375,21.78566228033829,21.8643741607666,15500,0.0,0.0
2004-08-24 00:00:00-04:00,22.33665246202412,22.33665246202412,21.864381031055768,21.873126983642578,28000,0.0,0.0
2004-08-25 00:00:00-04:00,22.371635154703537,22.371635154703537,21.86438156902691,21.908109664916992,14400,0.0,0.0
2004-08-26 00:00:00-04:00,21.995560072107327,21.995560072107327,21.8643741607666,21.8643741607666,9500,0.0,0.0
2004-08-27 00:00:00-04:00,21.95183199103354,21.95183199103354,21.8643741607666,21.8643741607666,10100,0.0,0.0
2004-08-30 00:00:00-04:00,21.951832165832958,21.951832165832958,21.77691650390625,21.77691650390625,6800,0.0,0.0
2004-08-31 00:00:00-04:00,21.986814122268697,21.986814122268697,21.846882261089338,21.8643741607666,7100,0.0,0.0
2004-09-01 00:00:00-04:00,22.074272128310028,22.957593051613085,21.77691650390625,21.77691650390625,40200,0.0,0.0
2004-09-02 00:00:00-04:00,21.427090986423,21.986818543698604,21.427090986423,21.79441261291504,6700,0.0,0.0
2004-09-03 00:00:00-04:00,22.083022343150237,22.10926019794242,21.77692070972025,21.79441261291504,10800,0.0,0.0
2004-09-07 00:00:00-04:00,22.415363250593618,22.415363250593618,21.785669661928818,21.908109664916992,40200,0.0,0.0
2004-09-08 00:00:00-04:00,21.864374334869606,21.951832165832958,21.77691650390625,21.77691650390625,10900,0.0,0.0
2004-09-09 00:00:00-04:00,21.77691633049966,21.908102241840385,21.77691633049966,21.8643741607666,11200,0.0,0.0
2004-09-10 00:00:00-04:00,21.820647406217592,21.934341424792766,21.776917654366013,21.785663604736328,8000,0.0,0.0
2004-09-13 00:00:00-04:00,22.039293271484304,22.039293271484304,21.776919739609713,21.846885681152344,7000,0.0,0.0
2004-09-14 00:00:00-04:00,21.628245315571593,21.873126983642578,21.427093410434654,21.873126983642578,13000,0.0,0.0
2004-09-15 00:00:00-04:00,21.86437774308141,22.205461502075195,21.820649654843102,22.205461502075195,22800,0.0,0.0
2004-09-16 00:00:00-04:00,21.87312110059275,22.2579345703125,21.776917316132955,22.2579345703125,41600,0.0,0.0
2004-09-17 00:00:00-04:00,22.170483093227425,22.581532863395125,21.8906192779541,21.8906192779541,31600,0.0,0.0
2004-09-20 00:00:00-04:00,22.441594700412104,22.511560634728205,21.820647241871647,22.17047691345215,10300,0.0,0.0
2004-09-21 00:00:00-04:00,22.73895403595181,22.73895403595181,21.864378880722892,22.4066162109375,22900,0.0,0.0
2004-09-22 00:00:00-04:00,22.738953060756195,22.738953060756195,22.25793741325729,22.31041145324707,20500,0.0,0.0
2004-09-23 00:00:00-04:00,22.99258098327893,23.254952855200873,22.301665829434302,22.730207443237305,17600,0.0,0.0
2004-09-24 00:00:00-04:00,23.246203023061945,23.246203023061945,22.6165096346968,22.625255584716797,6400,0.0,0.0
2004-09-27 00:00:00-04:00,22.56403371510017,22.913865040019676,22.31040783946485,22.520305633544922,6500,0.0,0.0
2004-09-28 00:00:00-04:00,22.695221714412092,22.85264381178483,22.38912013352395,22.835153579711914,9300,0.0,0.0
2004-09-29 00:00:00-04:00,22.310412423425145,23.613529205322266,22.310412423425145,23.613529205322266,13700,0.0,0.0
2004-09-30 00:00:00-04:00,23.193733738876798,23.832173207952096,23.193733738876798,23.37739372253418,16600,0.0,0.0
2004-10-01 00:00:00-04:00,23.228716351996063,24.094545581448156,23.228716351996063,24.050817489624023,4400,0.0,0.0
2004-10-04 00:00:00-04:00,23.526072047135543,24.269461284984242,23.351158011719235,24.050817489624023,17900,0.0,0.0
2004-10-05 00:00:00-04:00,23.6660050446678,24.2694624150341,23.6660050446678,24.208242416381836,3000,0.0,0.0
2004-10-06 00:00:00-04:00,23.482339264902222,24.2694564373547,23.482339264902222,23.65725326538086,8600,0.0,0.0
2004-10-07 00:00:00-04:00,23.65725768714368,23.65725768714368,23.62227554775724,23.63102149963379,4400,0.0,0.0
2004-10-08 00:00:00-04:00,23.96336121310227,24.173259070271474,23.63102335628101,23.735971450805664,11300,0.0,0.0
2004-10-11 00:00:00-04:00,24.007089397799888,24.059563441612806,23.74471584249576,24.050817489624023,11100,0.0,0.0
2004-10-12 00:00:00-04:00,23.88464773807672,24.138275341392067,23.753461794484544,24.050817489624023,3100,0.0,0.0
2004-10-13 00:00:00-04:00,23.928377190957423,24.269460973544046,23.63102149963379,23.63102149963379,13100,0.0,0.0
2004-10-14 00:00:00-04:00,23.622275763352032,23.631021715308403,23.193734126208483,23.394886016845703,33800,0.0,0.0
2004-10-15 00:00:00-04:00,23.622275157054162,23.622275157054162,23.56105516305063,23.613529205322266,2100,0.0,0.0
2004-10-18 00:00:00-04:00,23.39488314056733,23.61352690823618,23.39488314056733,23.447357177734375,4100,0.0,0.0
2004-10-19 00:00:00-04:00,23.49983404529811,23.526070231119466,23.18498647048467,23.30742645263672,2000,0.0,0.0
2004-10-20 00:00:00-04:00,23.395212797170938,23.395212797170938,22.61390977997691,23.070402145385742,6100,0.1,0.0
2004-10-21 00:00:00-04:00,22.912388754985535,23.702470779418945,22.60513416926066,23.702470779418945,4200,0.0,0.0
2004-10-22 00:00:00-04:00,23.68491278371977,23.702470571184723,23.131855873796013,23.39521598815918,6800,0.0,0.0
2004-10-25 00:00:00-04:00,23.75514246787376,24.01850425895342,23.219643340710412,23.702470779418945,3700,0.0,0.0
2004-10-26 00:00:00-04:00,23.711249673228544,23.728807460847747,23.403995087503667,23.702470779418945,4700,0.0,0.0
2004-10-27 00:00:00-04:00,23.570791065559956,24.67690658569336,23.570791065559956,24.67690658569336,7100,0.0,0.0
2004-10-28 00:00:00-04:00,24.91392658922568,24.931484374680583,23.957050723569658,23.96582794189453,5800,0.0,0.0
2004-10-29 00:00:00-04:00,23.95705669617041,23.95705669617041,23.43911361694336,23.43911361694336,1600,0.0,0.0
2004-11-01 00:00:00-05:00,23.008953760852172,23.54445457458496,23.008953760852172,23.54445457458496,1400,0.0,0.0
2004-11-02 00:00:00-05:00,23.63224364561087,23.878047673433738,23.412776301827115,23.430334091186523,3300,0.0,0.0
2004-11-03 00:00:00-05:00,23.869266203296206,23.869266203296206,23.368880981364526,23.39521598815918,4600,0.0,0.0
2004-11-04 00:00:00-05:00,23.509339259771764,24.053617260393462,23.509339259771764,23.746362686157227,13500,0.0,0.0
2004-11-05 00:00:00-05:00,23.91315651936189,23.92193541218458,23.307426309816968,23.55323028564453,11500,0.0,0.0
2004-11-08 00:00:00-05:00,23.368877311867617,23.895597457885742,23.368877311867617,23.895597457885742,500,0.0,0.0
2004-11-09 00:00:00-05:00,23.500559485753836,23.50933837890625,23.08795987960376,23.50933837890625,3700,0.0,0.0
2004-11-10 00:00:00-05:00,23.553232726538187,23.553232726538187,23.272314824710072,23.39521598815918,8300,0.0,0.0
2004-11-11 00:00:00-05:00,23.55323155056988,23.65857659569713,23.342543134718067,23.570789337158203,8300,0.0,0.0
2004-11-12 00:00:00-05:00,23.474221046269122,23.597122192382812,23.421549365706475,23.597122192382812,18300,0.0,0.0
2004-11-15 00:00:00-05:00,23.333767938187606,23.42155521063465,23.307431254132606,23.40399742126465,3800,0.0,0.0
2004-11-16 00:00:00-05:00,23.48300096136121,23.48300096136121,23.289870341286356,23.30742645263672,5200,0.0,0.0
2004-11-17 00:00:00-05:00,23.439113262198582,23.439113262198582,23.263538715340484,23.35132598876953,6100,0.0,0.0
2004-11-18 00:00:00-05:00,23.263529850759657,23.47421822206467,23.140628719432314,23.333759307861328,22000,0.0,0.0
2004-11-19 00:00:00-05:00,23.07040529207146,23.43033156308908,23.07040529207146,23.39521598815918,29900,0.0,0.0
2004-11-22 00:00:00-05:00,23.131858642398395,23.35132598876953,23.123079747615193,23.35132598876953,5200,0.0,0.0
2004-11-23 00:00:00-05:00,23.48300606171162,23.48300606171162,23.263538715340484,23.35132598876953,5000,0.0,0.0
2004-11-24 00:00:00-05:00,23.395218512467707,23.430334091186523,23.324989029433024,23.430334091186523,6700,0.0,0.0
2004-11-26 00:00:00-05:00,23.3337599419416,23.351317725294724,23.3337599419416,23.342538833618164,1700,0.0,0.0
2004-11-29 00:00:00-05:00,23.316202158588478,23.395210509275152,23.30742326691192,23.342538833618164,3200,0.0,0.0
2004-11-30 00:00:00-05:00,23.307423272017804,23.395210514400272,23.18452213732378,23.31620216369629,9100,0.0,0.0
2004-12-01 00:00:00-05:00,22.82459605494179,23.2635305944599,22.82459605494179,23.09673500061035,9400,0.0,0.0
2004-12-02 00:00:00-05:00,23.04406420181927,23.0967358797336,23.00017141595774,23.05284309387207,14200,0.0,0.0
2004-12-03 00:00:00-05:00,22.82460020969843,23.08796031158772,22.82460020969843,22.850936889648438,14300,0.0,0.0
2004-12-06 00:00:00-05:00,22.631471067683357,22.631471067683357,22.23642921447754,22.23642921447754,7200,0.0,0.0
2004-12-07 00:00:00-05:00,22.034518065703473,22.034518065703473,21.692147926511208,21.823829650878906,17700,0.0,0.0
2004-12-08 00:00:00-05:00,21.90283370100832,22.043292616555114,21.79748867714705,21.929168701171875,16700,0.0,0.0
2004-12-09 00:00:00-05:00,21.90283099634234,21.946723774129744,21.665805977725224,21.83260154724121,19800,0.0,0.0
2004-12-10 00:00:00-05:00,22.174973928479613,22.174973928479613,21.68336769551385,21.920391082763672,7400,0.0,0.0
2004-12-13 00:00:00-05:00,22.034515507139748,22.087187186129185,21.29710530367768,21.788711547851562,25900,0.0,0.0
2004-12-14 00:00:00-05:00,21.507796074939183,21.771156173442677,21.507796074939183,21.68337059020996,12400,0.0,0.0
2004-12-15 00:00:00-05:00,21.683373052209394,21.683373052209394,21.384897347000795,21.499019622802734,121000,0.0,0.0
2004-12-16 00:00:00-05:00,21.384897232055664,21.507798401397594,21.384897232055664,21.384897232055664,11900,0.0,0.0
2004-12-17 00:00:00-05:00,21.384896284432468,21.815052032470703,21.384896284432468,21.815052032470703,10300,0.0,0.0
2004-12-20 00:00:00-05:00,21.428785964908986,21.507794322904513,21.384893176868154,21.41122817993164,17200,0.0,0.0
2004-12-21 00:00:00-05:00,21.595582849783398,21.595582849783398,21.38489444081022,21.428787231445312,10600,0.0,0.0
2004-12-22 00:00:00-05:00,21.586797219542458,21.613133890345424,21.139083862304688,21.139083862304688,9200,0.0,0.0
2004-12-23 00:00:00-05:00,21.507793927707024,21.507793927707024,21.28832664273042,21.376113891601562,6600,0.0,0.0
2004-12-27 00:00:00-05:00,21.095197816554002,21.270770654723645,21.095197816554002,21.1829833984375,7600,0.0,0.0
2004-12-28 00:00:00-05:00,21.16542954261883,21.33222350549732,21.156650648614253,21.297109603881836,7900,0.0,0.0
2004-12-29 00:00:00-05:00,21.20054208177863,21.270771554899113,21.112754821777344,21.112754821777344,4000,0.0,0.0
2004-12-30 00:00:00-05:00,21.481455982112795,21.507792657539547,21.23565370907274,21.332218170166016,15000,0.0,0.0
2004-12-31 00:00:00-05:00,21.42000757935741,21.48145815382991,21.27954864501953,21.27954864501953,21000,0.0,0.0
2005-01-03 00:00:00-05:00,21.244435266529223,21.402450315709466,21.121532440185547,21.121532440185547,7300,0.0,0.0
2005-01-04 00:00:00-05:00,21.077639132806706,21.420007575899696,20.88450851672394,20.945959091186523,16400,0.0,0.0
2005-01-05 00:00:00-05:00,20.945960150342945,20.981074048496033,20.23488487571299,20.296337127685547,32200,0.0,0.0
2005-01-06 00:00:00-05:00,20.20854823399335,20.20854823399335,19.35701408691211,19.80472755432129,26500,0.0,0.0
2005-01-07 00:00:00-05:00,20.0505311274349,20.0505311274349,19.60281766877122,19.743276596069336,16100,0.0,0.0
2005-01-10 00:00:00-05:00,20.29633088305213,22.570009925601997,20.234878649986765,21.83260154724121,227000,0.0,0.0
2005-01-11 00:00:00-05:00,21.946729604777794,24.14140256525557,21.946729604777794,24.13262367248535,318700,0.0,0.0
2005-01-12 00:00:00-05:00,24.299419008041124,25.37041879770442,23.965827784203288,25.317747116088867,141100,0.0,0.0
2005-01-13 00:00:00-05:00,25.45820591813427,26.0288205434878,25.080721907305797,25.897140502929688,102100,0.0,0.0
2005-01-14 00:00:00-05:00,25.21239940130896,25.809350644240634,24.94903934679317,25.194843292236328,189400,0.0,0.0
2005-01-18 00:00:00-05:00,24.896371252250603,24.896371252250603,23.965828687039373,24.141403198242188,44800,0.0,0.0
2005-01-19 00:00:00-05:00,23.94827042398378,24.44865555923493,23.316203579959183,23.83414649963379,47200,0.0,0.0
2005-01-20 00:00:00-05:00,23.29864982652348,24.237969620955415,23.26353425412474,23.728805541992188,42000,0.0,0.0
2005-01-21 00:00:00-05:00,24.08873612253779,24.123850026853656,23.42155519650682,23.430334091186523,12200,0.0,0.0
2005-01-24 00:00:00-05:00,23.8868193265828,23.8868193265828,22.605131141312853,22.631467819213867,40700,0.0,0.0
2005-01-25 00:00:00-05:00,22.60513217288597,22.72803332656078,21.946730264937838,22.341772079467773,44400,0.0,0.0
2005-01-26 00:00:00-05:00,22.69430153042662,22.69430153042662,21.918730023593238,22.473968505859375,14500,0.1,0.0
2005-01-27 00:00:00-05:00,22.570920720098844,22.694306704062463,21.909921495708677,22.288894653320312,18200,0.0,0.0
2005-01-28 00:00:00-05:00,21.857035916028863,22.456342026930955,21.839410551184624,22.4387149810791,36800,0.0,0.0
2005-01-31 00:00:00-05:00,22.782436035892147,23.74308819794192,22.56210300204601,22.773622512817383,34900,0.0,0.0
2005-02-01 00:00:00-05:00,22.614979217225986,23.108524671600644,22.614979217225986,22.949886322021484,13100,0.0,0.0
2005-02-02 00:00:00-05:00,22.720742527555675,23.34648752225849,22.720742527555675,23.1966609954834,12500,0.0,0.0
2005-02-03 00:00:00-05:00,23.49631472750164,23.49631472750164,22.985142153333484,23.21428871154785,12700,0.0,0.0
2005-02-04 00:00:00-05:00,23.27597767932405,23.311231765743827,22.28888679367336,22.39464569091797,17200,0.0,0.0
2005-02-07 00:00:00-05:00,22.34176958670543,23.05564813349502,22.34176958670543,23.038021087646484,6300,0.0,0.0
2005-02-08 00:00:00-05:00,22.87056985875423,23.35530186660138,22.562103271484375,22.562103271484375,19800,0.0,0.0
2005-02-09 00:00:00-05:00,22.47397479061533,22.729561977470894,22.218387603759766,22.218387603759766,10600,0.0,0.0
2005-02-10 00:00:00-05:00,22.15668866799743,22.15668866799743,21.636702589543365,21.663143157958984,26200,0.0,0.0
2005-02-11 00:00:00-05:00,21.72483747912978,21.901104584111607,21.52213148510606,21.69839859008789,67500,0.0,0.0
2005-02-14 00:00:00-05:00,21.610263982940847,22.050930042881692,21.610263982940847,21.94516944885254,10000,0.0,0.0
2005-02-15 00:00:00-05:00,22.03330320939488,22.03330320939488,21.425183570133445,22.00686264038086,38000,0.0,0.0
2005-02-16 00:00:00-05:00,21.671958392186653,22.526849999710937,21.671958392186653,22.421091079711914,35100,0.0,0.0
2005-02-17 00:00:00-05:00,22.25363519208167,22.47396821378545,21.99804808002166,22.19194221496582,21700,0.0,0.0
2005-02-18 00:00:00-05:00,22.52684586547203,22.52684586547203,21.39874196047651,21.927539825439453,32800,0.0,0.0
2005-02-22 00:00:00-05:00,21.610266897682777,21.72483934907731,21.160787254197448,21.47806739807129,22100,0.0,0.0
2005-02-23 00:00:00-05:00,21.39874734562233,21.980426488271164,21.38112029741895,21.86585235595703,16100,0.0,0.0
2005-02-24 00:00:00-05:00,21.62788850059165,21.81296741724838,21.37230140881912,21.760087966918945,7800,0.0,0.0
2005-02-25 00:00:00-05:00,21.83059734614036,22.02448981031123,21.812970300031836,21.953983306884766,8700,0.0,0.0
2005-02-28 00:00:00-05:00,22.0333046759625,22.47397076948175,21.953984644648415,21.989238739013672,12600,0.0,0.0
2005-03-01 00:00:00-05:00,22.368212613819225,22.791253387431826,22.05974765942494,22.447532653808594,18300,0.0,0.0
2005-03-02 00:00:00-05:00,22.25363643296693,22.456342420795686,22.050930445138174,22.17431640625,11700,0.0,0.0
2005-03-03 00:00:00-05:00,22.18313518409475,22.47397479061533,22.15669460858995,22.218387603759766,15600,0.0,0.0
2005-03-04 00:00:00-05:00,22.685488007723023,22.685488007723023,22.209569548781705,22.473968505859375,6100,0.0,0.0
2005-03-07 00:00:00-05:00,22.253633064129275,22.350580122331014,22.00685949825548,22.024486541748047,5500,0.0,0.0
2005-03-08 00:00:00-05:00,21.865851043664676,22.4210912616932,21.821785106808708,22.15669059753418,14900,0.0,0.0
2005-03-09 00:00:00-05:00,22.112622469149134,22.341769016307023,21.874662399291992,21.874662399291992,7600,0.0,0.0
2005-03-10 00:00:00-05:00,22.165503985337374,22.359398140734548,21.82178497314453,21.82178497314453,6200,0.0,0.0
2005-03-11 00:00:00-05:00,22.200762842478614,22.200762842478614,21.84823023113285,22.121442794799805,9200,0.0,0.0
2005-03-14 00:00:00-05:00,21.812974577344924,22.377026715361797,21.812974577344924,22.1302547454834,15600,0.0,0.0
2005-03-15 00:00:00-05:00,22.377020456719144,22.473967521203598,22.033301491376076,22.280075073242188,7200,0.0,0.0
2005-03-16 00:00:00-05:00,22.218381379525038,22.27126251572056,21.77771533060777,21.874662399291992,16300,0.0,0.0
2005-03-17 00:00:00-05:00,21.733652907712912,21.8746659316569,21.15197376369201,21.37230682373047,11000,0.0,0.0
2005-03-18 00:00:00-05:00,21.583823735355224,21.583823735355224,21.046210596305116,21.460437774658203,77000,0.0,0.0
2005-03-21 00:00:00-05:00,21.372308420691173,21.58382797241211,21.151975344189204,21.58382797241211,7100,0.0,0.0
2005-03-22 00:00:00-05:00,21.59263789653778,21.707210337569904,21.1519718170166,21.1519718170166,3600,0.0,0.0
2005-03-23 00:00:00-05:00,21.160787713692645,21.284173691874916,21.063840627402072,21.107908248901367,18200,0.0,0.0
2005-03-24 00:00:00-05:00,21.14315471986067,21.14315471986067,20.940448760986328,20.940448760986328,12400,0.0,0.0
2005-03-28 00:00:00-05:00,20.85232108722909,21.151974189392785,20.85232108722909,21.107908248901367,10900,0.0,0.0
2005-03-29 00:00:00-05:00,21.10791100970328,21.10791100970328,20.878764390959425,20.96689796447754,4300,0.0,0.0
2005-03-30 00:00:00-05:00,20.887575184428528,21.11672009219335,20.887575184428528,21.107908248901367,5600,0.0,0.0
2005-03-31 00:00:00-05:00,21.107908248901367,21.125533616493207,20.931641124919942,21.107908248901367,16700,0.0,0.0
2005-04-01 00:00:00-05:00,20.93163865677854,21.125531125489093,20.376400139421055,20.711305618286133,18800,0.0,0.0
2005-04-04 00:00:00-04:00,20.37640254209185,21.107908248901367,20.37640254209185,21.107908248901367,8000,0.0,0.0
2005-04-05 00:00:00-04:00,20.81706796071497,21.002146921673088,20.297081811821464,20.543853759765625,5800,0.0,0.0
2005-04-06 00:00:00-04:00,20.93164071090613,20.93164071090613,20.332334518432617,20.332334518432617,3200,0.0,0.0
2005-04-07 00:00:00-04:00,20.358772104417774,20.70249108985484,20.332331535919693,20.684864044189453,8800,0.0,0.0
2005-04-08 00:00:00-04:00,20.658426435748485,20.984518395709877,20.288266858895213,20.499786376953125,24700,0.0,0.0
2005-04-11 00:00:00-04:00,20.49978488791042,20.605543798753516,19.918105835250653,20.02386474609375,9700,0.0,0.0
2005-04-12 00:00:00-04:00,19.82997375376112,20.79943947347987,19.6713336947698,20.394025802612305,10800,0.0,0.0
2005-04-13 00:00:00-04:00,20.702495363275048,20.817069502742925,20.015055569491633,20.094375610351562,5100,0.0,0.0
2005-04-14 00:00:00-04:00,19.91810643482375,20.050305917860864,19.82115936279297,19.82115936279297,4000,0.0,0.0
2005-04-15 00:00:00-04:00,20.085561311824286,20.129627248690475,19.583200554107925,19.63608169555664,11400,0.0,0.0
2005-04-18 00:00:00-04:00,19.918108114426506,20.006241670885693,19.42456255166594,19.8652286529541,13800,0.0,0.0
2005-04-19 00:00:00-04:00,19.495069860554644,20.28826853921836,19.495069860554644,20.112001419067383,10000,0.0,0.0
2005-04-20 00:00:00-04:00,19.80217738010014,20.474936477416946,19.59857749938965,19.59857749938965,11500,0.1,0.0
2005-04-21 00:00:00-04:00,19.89069464363856,20.19166658046888,19.633984278934076,19.917251586914062,12400,0.0,0.0
2005-04-22 00:00:00-04:00,19.625137032238364,19.660544610675867,19.31531270097804,19.483503341674805,31900,0.0,0.0
2005-04-25 00:00:00-04:00,19.324160285289665,19.642836855218608,19.324160285289665,19.6074275970459,17400,0.0,0.0
2005-04-26 00:00:00-04:00,19.474648014350855,19.625133998361648,19.474648014350855,19.563169479370117,6300,0.0,0.0
2005-04-27 00:00:00-04:00,19.474648807924453,19.518908698034377,19.474648807924453,19.492353439331055,4600,0.0,0.0
2005-04-28 00:00:00-04:00,19.483496802490077,19.616278131777584,19.341863159462573,19.403827667236328,21200,0.0,0.0
2005-04-29 00:00:00-04:00,19.386123657226562,19.394975971248513,19.253342323709816,19.386123657226562,16200,0.0,0.0
2005-05-02 00:00:00-04:00,19.430389404296875,19.430389404296875,19.25334646261136,19.430389404296875,10200,0.0,0.0
2005-05-03 00:00:00-04:00,19.43038873941681,19.456943997876316,19.306458009115033,19.39497947692871,4900,0.0,0.0
2005-05-04 00:00:00-04:00,19.474646885177528,19.474646885177528,19.315308595062866,19.34186553955078,3600,0.0,0.0
2005-05-05 00:00:00-04:00,19.430391752093573,19.474651648659613,19.37727785012613,19.46579933166504,15500,0.0,0.0
2005-05-06 00:00:00-04:00,19.474646885177528,19.474646885177528,19.34186553955078,19.34186553955078,5400,0.0,0.0
2005-05-09 00:00:00-04:00,19.324163301604244,19.43924003181519,19.315310985679304,19.430389404296875,5300,0.0,0.0
2005-05-10 00:00:00-04:00,19.341867896458417,19.341867896458417,18.58943792834412,18.775331497192383,43100,0.0,0.0
2005-05-11 00:00:00-04:00,18.589435577392578,18.64254777771705,18.412392658435802,18.589435577392578,16500,0.0,0.0
2005-05-12 00:00:00-04:00,18.580585033839615,18.63369723922712,18.545177459716797,18.545177459716797,9300,0.0,0.0
2005-05-13 00:00:00-04:00,18.545176609940533,18.633696385394714,18.41239356994629,18.41239356994629,4600,0.0,0.0
2005-05-16 00:00:00-04:00,18.474360889980332,18.59828993381056,18.394691736544733,18.483211517333984,15600,0.0,0.0
2005-05-17 00:00:00-04:00,18.580583105848888,19.89069529217577,18.54517553540009,19.802175521850586,75600,0.0,0.0
2005-05-18 00:00:00-04:00,19.91725066851275,20.404116120602783,19.91725066851275,20.191665649414062,17400,0.0,0.0
2005-05-19 00:00:00-04:00,20.457235486528322,20.510347696456154,20.200523376464844,20.200523376464844,17200,0.0,0.0
2005-05-20 00:00:00-04:00,20.404119218324528,20.404119218324528,20.31559944152832,20.31559944152832,6000,0.0,0.0
2005-05-23 00:00:00-04:00,20.271337523332207,20.271337523332207,19.80217663595004,19.87299346923828,21200,0.0,0.0
2005-05-24 00:00:00-04:00,19.988070956233344,20.297895246896026,19.988070956233344,20.05003547668457,6300,0.0,0.0
2005-05-25 00:00:00-04:00,19.740210726033297,20.758205041404487,19.740210726033297,20.41297149658203,27800,0.0,0.0
2005-05-26 00:00:00-04:00,20.643124872491487,20.69623707163128,20.289040730882256,20.3598575592041,12700,0.0,0.0
2005-05-27 00:00:00-04:00,20.271337115546537,21.501781890736577,19.81102686422949,20.837873458862305,44500,0.0,0.0
2005-05-31 00:00:00-04:00,20.8290227038245,21.404409716861363,20.581162929534912,21.245071411132812,38700,0.0,0.0
2005-06-01 00:00:00-04:00,21.563746750612605,21.678823471069336,21.413260769457512,21.678823471069336,10300,0.0,0.0
2005-06-02 00:00:00-04:00,21.30703451585718,21.422112923856712,21.298182200749025,21.33359146118164,15200,0.0,0.0
2005-06-03 00:00:00-04:00,21.289333524797915,21.289333524797915,20.935249301977635,21.236221313476562,13900,0.0,0.0
2005-06-06 00:00:00-04:00,21.245070908277658,21.245070908277658,20.820169895329673,20.85557746887207,16500,0.0,0.0
2005-06-07 00:00:00-04:00,21.236220386535592,21.45752322718945,20.890988495405708,21.11229133605957,21000,0.0,0.0
2005-06-08 00:00:00-04:00,21.11229133605957,21.227368070300635,21.0857343873547,21.11229133605957,8100,0.0,0.0
2005-06-09 00:00:00-04:00,20.80246701485969,21.271629644723358,20.793614698627547,21.26277732849121,15400,0.0,0.0
2005-06-10 00:00:00-04:00,21.24506692437633,21.333588374242474,21.200807043646368,21.209657669067383,41800,0.0,0.0
2005-06-13 00:00:00-04:00,21.24507110057034,21.33359256783736,21.085732797171012,21.253923416137695,16200,0.0,0.0
2005-06-14 00:00:00-04:00,21.06802342898476,21.342440084651813,21.06802342898476,21.129989624023438,6400,0.0,0.0
2005-06-15 00:00:00-04:00,21.33359256783736,21.351297198972073,21.112289743873085,21.253923416137695,7200,0.0,0.0
2005-06-16 00:00:00-04:00,21.56374751831194,21.56374751831194,20.829022216728408,21.00606346130371,14500,0.0,0.0
2005-06-17 00:00:00-04:00,21.351297189597837,21.369000132318224,20.651979455742616,20.952951431274414,27600,0.0,0.0
2005-06-20 00:00:00-04:00,20.926393060329087,20.926393060329087,20.802464027688238,20.8909854888916,8000,0.0,0.0
2005-06-21 00:00:00-04:00,20.8201686576102,20.99720989161049,20.8201686576102,20.8909854888916,2600,0.0,0.0
2005-06-22 00:00:00-04:00,20.93524791339973,21.24507222097021,20.510346874197925,20.722797393798828,32500,0.0,0.0
2005-06-23 00:00:00-04:00,20.581164539162163,20.970658018248574,20.103149584591563,20.200523376464844,11900,0.0,0.0
2005-06-24 00:00:00-04:00,20.129699827617962,20.129699827617962,19.040890600593624,19.271045684814453,48000,0.0,0.0
2005-06-27 00:00:00-04:00,18.97007858956586,19.695951591559165,18.97007858956586,19.439239501953125,31900,0.0,0.0
2005-06-28 00:00:00-04:00,19.439237797251852,19.775619010105586,19.03204144195215,19.687097549438477,22100,0.0,0.0
2005-06-29 00:00:00-04:00,19.81102725206431,19.828731882478436,19.518907603857144,19.72250747680664,12300,0.0,0.0
2005-06-30 00:00:00-04:00,19.819885946761758,20.39527480157777,19.695956870786386,19.704809188842773,12800,0.0,0.0
2005-07-01 00:00:00-04:00,19.678242653491335,20.209369659423828,19.474644502545846,20.209369659423828,39500,0.0,0.0
2005-07-05 00:00:00-04:00,20.209376185864258,20.209376185864258,19.53661531954172,20.138559341430664,40800,0.0,0.0
2005-07-06 00:00:00-04:00,20.13855698334971,20.235930766196663,19.695951335364,19.95266342163086,71800,0.0,0.0
2005-07-07 00:00:00-04:00,19.85529070690302,20.06774122675619,19.50120650714774,19.669395446777344,27700,0.0,0.0
2005-07-08 00:00:00-04:00,20.014624385245757,20.625418855264172,19.501201992362972,20.59886360168457,11800,0.0,0.0
2005-07-11 00:00:00-04:00,20.492643108422417,22.1125798662153,20.492643108422417,21.599157333374023,34400,0.0,0.0
2005-07-12 00:00:00-04:00,21.315886956972776,21.687675751680704,20.528049480160977,21.227365493774414,33300,0.0,0.0
2005-07-13 00:00:00-04:00,21.34244710039835,21.572602263837855,21.34244710039835,21.395559310913086,3600,0.0,0.0
2005-07-14 00:00:00-04:00,21.625714076575687,21.625714076575687,20.24478480974578,20.45723533630371,8100,0.0,0.0
2005-07-15 00:00:00-04:00,20.218224886833564,20.536901473999023,20.218224886833564,20.536901473999023,3600,0.0,0.0
2005-07-18 00:00:00-04:00,20.368712757227662,20.430677279730293,19.961514670428556,20.386417388916016,6100,0.0,0.0
2005-07-19 00:00:00-04:00,20.634273576263176,21.09458382727604,20.28904173220675,20.687387466430664,6800,0.0,0.0
2005-07-20 00:00:00-04:00,20.331782283377184,20.954092025756836,20.02062656435623,20.954092025756836,5100,0.1,0.0
2005-07-21 00:00:00-04:00,20.820739409019637,20.89186056866093,20.305110577704706,20.394012451171875,4000,0.0,0.0
2005-07-22 00:00:00-04:00,20.474025758631914,21.558623961949266,20.474025758631914,21.42527198791504,5100,0.0,0.0
2005-07-25 00:00:00-04:00,21.780874312551397,21.780874312551397,20.91853010326832,21.114112854003906,10600,0.0,0.0
2005-07-26 00:00:00-04:00,21.14967298724446,21.14967298724446,20.545142363779565,20.86518669128418,2300,0.0,0.0
2005-07-27 00:00:00-04:00,20.62515752822795,20.634046189859788,20.242880642892498,20.42957305908203,2500,0.0,0.0
2005-07-28 00:00:00-04:00,20.62516005529498,20.891864024146752,20.349564032397332,20.705171585083008,6900,0.0,0.0
2005-07-29 00:00:00-04:00,20.78517770446488,21.211906352289905,20.13619691942611,20.847410202026367,10800,0.0,0.0
2005-08-01 00:00:00-04:00,20.89186323429765,21.211909341349926,20.411794073719232,20.802961349487305,7100,0.0,0.0
2005-08-02 00:00:00-04:00,20.802959007638794,21.336368560791016,20.509584007754405,21.336368560791016,4200,0.0,0.0
2005-08-03 00:00:00-04:00,21.59418598103345,21.59418598103345,20.971874491036058,21.03410530090332,15000,0.0,0.0
2005-08-04 00:00:00-04:00,20.856298505916303,20.92742135905404,20.358450403587163,20.41179084777832,4000,0.0,0.0
2005-08-05 00:00:00-04:00,20.945201014476353,20.945201014476353,20.118416473857437,20.394012451171875,6800,0.0,0.0
2005-08-08 00:00:00-04:00,20.331781455916627,20.331781455916627,19.88727378845215,19.88727378845215,10200,0.0,0.0
2005-08-09 00:00:00-04:00,20.065080312892505,20.065080312892505,19.718364797558692,19.860607147216797,1200,0.0,0.0
2005-08-10 00:00:00-04:00,19.558338209130298,19.97617482406876,19.291634275452516,19.336084365844727,5500,0.0,0.0
2005-08-11 00:00:00-04:00,19.229400634765625,19.318302505940853,19.14939081593629,19.229400634765625,8800,0.0,0.0
2005-08-12 00:00:00-04:00,19.149393652255608,19.2471841989367,18.971589883569685,19.05160140991211,10000,0.0,0.0
2005-08-15 00:00:00-04:00,18.98936767152263,19.193840787019212,18.847125356771777,19.087158203125,24400,0.0,0.0
2005-08-16 00:00:00-04:00,19.327191601156017,19.327191601156017,18.553749272436384,18.767112731933594,20800,0.0,0.0
2005-08-17 00:00:00-04:00,18.891576669404213,19.193842031767662,18.758224702634987,19.042709350585938,39400,0.0,0.0
2005-08-18 00:00:00-04:00,19.024929562879628,19.247183416875096,18.740444901071402,18.856016159057617,8500,0.0,0.0
2005-08-19 00:00:00-04:00,18.784897191931567,19.36275863647461,18.784897191931567,19.36275863647461,3900,0.0,0.0
2005-08-22 00:00:00-04:00,19.193837643020338,19.193837643020338,18.900462704944484,19.1404972076416,3500,0.0,0.0
2005-08-23 00:00:00-04:00,19.362756849229534,19.362756849229534,18.740445364391867,18.918249130249023,5300,0.0,0.0
2005-08-24 00:00:00-04:00,18.740443732437395,19.25607257372633,18.6959936426751,18.980478286743164,6400,0.0,0.0
2005-08-25 00:00:00-04:00,18.92714089121392,18.92714089121392,18.669325581174927,18.784896850585938,9600,0.0,0.0
2005-08-26 00:00:00-04:00,18.553752071082727,18.7226637755412,18.49151956897127,18.580421447753906,5900,0.0,0.0
2005-08-29 00:00:00-04:00,18.447067491006187,18.455957847493355,18.109242422804392,18.215923309326172,25600,0.0,0.0
2005-08-30 00:00:00-04:00,18.002561779160235,18.580421447753906,18.002561779160235,18.580421447753906,15500,0.0,0.0
2005-08-31 00:00:00-04:00,18.31371669854505,18.81156482382133,18.31371669854505,18.615982055664062,23400,0.0,0.0
2005-09-01 00:00:00-04:00,18.891577542436217,18.891577542436217,18.447069835555364,18.491519927978516,8700,0.0,0.0
2005-09-02 00:00:00-04:00,18.438180445583708,18.891578533876228,18.438180445583708,18.67821502685547,7000,0.0,0.0
2005-09-06 00:00:00-04:00,18.56264227235858,18.713774970124568,18.56264227235858,18.66932487487793,11700,0.0,0.0
2005-09-07 00:00:00-04:00,18.553747991171996,18.722659658487327,18.313713479940407,18.518186569213867,6600,0.0,0.0
2005-09-08 00:00:00-04:00,18.50930064321271,18.6426526161445,18.26926607453809,18.491519927978516,8900,0.0,0.0
2005-09-09 00:00:00-04:00,18.224814983583116,18.90046686450274,18.224814983583116,18.829345703125,8200,0.0,0.0
2005-09-12 00:00:00-04:00,18.847128059170206,19.264964706704646,18.527081957259853,19.06049156188965,11700,0.0,0.0
2005-09-13 00:00:00-04:00,19.007148800133812,19.113831395876645,18.491519927978516,18.491519927978516,2900,0.0,0.0
2005-09-14 00:00:00-04:00,18.224811834569163,18.233702190163022,17.353577334314483,17.620281219482422,107500,0.0,0.0
2005-09-15 00:00:00-04:00,17.4247030951629,18.447070519777103,17.4247030951629,18.251487731933594,24900,0.0,0.0
2005-09-16 00:00:00-04:00,18.429286547989797,19.31830183766412,18.135911570223755,18.447067260742188,39800,0.0,0.0
2005-09-19 00:00:00-04:00,18.180364687371977,18.33149736554312,17.691405224741935,17.735857009887695,14400,0.0,0.0
2005-09-20 00:00:00-04:00,17.913657780020145,18.15369231562278,17.42470004808479,17.48693084716797,33400,0.0,0.0
2005-09-21 00:00:00-04:00,17.335800275883336,18.49151961601064,17.335800275883336,17.77141761779785,16400,0.0,0.0
2005-09-22 00:00:00-04:00,17.851429084740847,17.851429084740847,17.335800222861707,17.40692138671875,29000,0.0,0.0
2005-09-23 00:00:00-04:00,17.566945617535648,17.602505354038268,17.344691753491414,17.584726333618164,18400,0.0,0.0
2005-09-26 00:00:00-04:00,17.70029516607698,17.753635611336964,17.41581053047416,17.7447452545166,96600,0.0,0.0
2005-09-27 00:00:00-04:00,17.69140599239936,17.69140599239936,17.50471357367296,17.629175186157227,51900,0.0,0.0
2005-09-28 00:00:00-04:00,17.460259717492452,17.638063453395826,17.33579811975735,17.415809631347656,29100,0.0,0.0
2005-09-29 00:00:00-04:00,17.540273816679917,17.753637313842773,17.335800677189972,17.753637313842773,15000,0.0,0.0
2005-09-30 00:00:00-04:00,17.49582447781733,17.949222564697266,17.49582447781733,17.949222564697266,15400,0.0,0.0
2005-10-03 00:00:00-04:00,17.993668214185572,18.02922963762441,17.86920662347364,17.966997146606445,12100,0.0,0.0
2005-10-04 00:00:00-04:00,18.0381223821835,18.109243542817396,17.842537918693612,18.029232025146484,17900,0.0,0.0
2005-10-05 00:00:00-04:00,17.75363926348051,17.89588161054293,17.735860241844602,17.82476043701172,11700,0.0,0.0
2005-10-06 00:00:00-04:00,17.83364857732441,18.44706968251643,17.83364857732441,18.278156280517578,12700,0.0,0.0
2005-10-07 00:00:00-04:00,18.482631060779866,18.482631060779866,18.144804257730975,18.207035064697266,4900,0.0,0.0
2005-10-10 00:00:00-04:00,18.00256136395196,18.011451721191406,17.878099753924214,18.011451721191406,26700,0.0,0.0
2005-10-11 00:00:00-04:00,18.171475330487187,18.171475330487187,17.86920995750844,17.913660049438477,66000,0.0,0.0
2005-10-12 00:00:00-04:00,17.789194574454946,18.411504204718092,17.789194574454946,18.28704261779785,12500,0.0,0.0
2005-10-13 00:00:00-04:00,18.28704065658889,18.438173294067383,18.24259057907359,18.438173294067383,2300,0.0,0.0
2005-10-14 00:00:00-04:00,18.48262986912635,18.48262986912635,18.11813201702306,18.331497192382812,5900,0.0,0.0
2005-10-17 00:00:00-04:00,18.28704261779785,18.349273411257972,18.08256952623976,18.28704261779785,14700,0.0,0.0
2005-10-18 00:00:00-04:00,18.26926177216145,18.26926177216145,18.047007971061376,18.144800186157227,8300,0.0,0.0
2005-10-19 00:00:00-04:00,18.047007969428726,18.367053985595703,17.878096301484543,18.367053985595703,16000,0.0,0.0
2005-10-20 00:00:00-04:00,18.42928891587358,18.42928891587358,17.913660049438477,17.913660049438477,3900,0.0,0.0
2005-10-21 00:00:00-04:00,17.79808652868087,18.22481346130371,17.79808652868087,18.22481346130371,5600,0.0,0.0
2005-10-24 00:00:00-04:00,18.2248138114483,18.2248138114483,17.92254847111765,18.13591194152832,8400,0.0,0.0
2005-10-25 00:00:00-04:00,18.224814903670964,18.224814903670964,17.86920909834154,18.17147445678711,11600,0.0,0.0
2005-10-26 00:00:00-04:00,18.28317421508486,18.31891926591941,17.961477279663086,17.961477279663086,8400,0.105,0.0
2005-10-27 00:00:00-04:00,17.961480566387003,18.050841505407465,17.738079071044922,17.738079071044922,12100,0.0,0.0
2005-10-28 00:00:00-04:00,17.943610907536165,17.970419704855452,17.702336844917852,17.854249954223633,10100,0.0,0.0
2005-10-31 00:00:00-05:00,17.907863021700027,17.91679758079602,17.586164352868675,17.827438354492188,16600,0.0,0.0
2005-11-01 00:00:00-05:00,17.6487209546977,17.87212248576982,17.6487209546977,17.854249954223633,17000,0.0,0.0
2005-11-02 00:00:00-05:00,17.872116088867188,17.872116088867188,17.747011821658816,17.872116088867188,10500,0.0,0.0
2005-11-03 00:00:00-05:00,17.934668222471373,18.0150928812247,17.69339424621139,17.872116088867188,7700,0.0,0.0
2005-11-04 00:00:00-05:00,17.68445968805463,18.006156618650127,17.648714637756346,17.872116088867188,4300,0.0,0.0
2005-11-07 00:00:00-05:00,17.854243563718047,18.077645014828885,17.79169143011386,17.872116088867188,5200,0.0,0.0
2005-11-08 00:00:00-05:00,17.657657220470796,17.854249954223633,17.595105064477547,17.854249954223633,4000,0.0,0.0
2005-11-09 00:00:00-05:00,17.58616138562285,17.82743534653713,17.434248340352866,17.46999168395996,14800,0.0,0.0
2005-11-10 00:00:00-05:00,17.478928579771015,17.487864842101253,17.309144708749784,17.407440185546875,29200,0.0,0.0
2005-11-11 00:00:00-05:00,17.335952424477174,17.46999295549073,17.335952424477174,17.34488868713379,16000,0.0,0.0
2005-11-14 00:00:00-05:00,17.335954070815887,17.36276286133167,17.24659314018126,17.255529403686523,20400,0.0,0.0
2005-11-15 00:00:00-05:00,17.255523349615363,17.3091409118353,17.246587089245374,17.26445960998535,9300,0.0,0.0
2005-11-16 00:00:00-05:00,17.246587089245374,17.335947988527877,17.237652533292774,17.26445960998535,7400,0.0,0.0
2005-11-17 00:00:00-05:00,17.264466822047023,17.371700286865234,17.255530557943995,17.371700286865234,3600,0.0,0.0
2005-11-18 00:00:00-05:00,17.586163492280907,17.85424456690969,17.416377902659793,17.845308303833008,7400,0.0,0.0
2005-11-21 00:00:00-05:00,17.77382066560737,18.372536682068862,17.77382066560737,18.301048278808594,6500,0.0,0.0
2005-11-22 00:00:00-05:00,18.32785491644077,18.32785491644077,17.889988284850173,18.068708419799805,14600,0.0,0.0
2005-11-23 00:00:00-05:00,17.970413809304453,18.22955861403294,17.943605020780325,18.050838470458984,42600,0.0,0.0
2005-11-25 00:00:00-05:00,18.104453440747786,18.22062144306005,18.104453440747786,18.211685180664062,1800,0.0,0.0
2005-11-28 00:00:00-05:00,18.0597750679399,18.149136002025195,17.747014355268444,17.809566497802734,57500,0.0,0.0
2005-11-29 00:00:00-05:00,18.059772458108384,18.131262558579973,17.934668191118714,18.015092849731445,46800,0.0,0.0
2005-11-30 00:00:00-05:00,17.979353474310972,18.202754974365234,17.979353474310972,18.202754974365234,14200,0.0,0.0
2005-12-01 00:00:00-05:00,18.274239075127593,19.078483944709777,18.274239075127593,18.926570892333984,6900,0.0,0.0
2005-12-02 00:00:00-05:00,18.74784799355253,19.712942123413086,18.74784799355253,19.712942123413086,68800,0.0,0.0
2005-12-05 00:00:00-05:00,19.80230108802473,19.936341594779165,19.435922907501098,19.525283813476562,11000,0.0,0.0
2005-12-06 00:00:00-05:00,19.704012617980805,19.704012617980805,19.284018390261558,19.45380401611328,7200,0.0,0.0
2005-12-07 00:00:00-05:00,19.55209667133661,19.659330131086467,19.346567719935578,19.382312774658203,19100,0.0,0.0
2005-12-08 00:00:00-05:00,19.355500132763854,20.04357695951663,19.346563870861104,19.668262481689453,18600,0.0,0.0
2005-12-09 00:00:00-05:00,19.543161334721216,19.873794555664062,19.46273666921232,19.873794555664062,2500,0.0,0.0
2005-12-12 00:00:00-05:00,19.864857554009106,19.98996353149414,19.74868954393503,19.98996353149414,3400,0.0,0.0
2005-12-13 00:00:00-05:00,19.99889907948583,20.436767465719516,19.963155730163106,20.15081214904785,11200,0.0,0.0
2005-12-14 00:00:00-05:00,19.855918827109758,20.070383999076846,19.846982565225584,19.95421600341797,5400,0.0,0.0
2005-12-15 00:00:00-05:00,19.811241939610504,19.811241939610504,19.275078083938457,19.364439010620117,5900,0.0,0.0
2005-12-16 00:00:00-05:00,19.382309990772587,19.67719983220707,19.096356411735247,19.2125244140625,40300,0.0,0.0
2005-12-19 00:00:00-05:00,18.944441278543184,18.944441278543184,18.265300750732422,18.265300750732422,9700,0.0,0.0
2005-12-20 00:00:00-05:00,18.158068074493986,18.363596982355805,17.818498648653488,17.863178253173828,11500,0.0,0.0
2005-12-21 00:00:00-05:00,18.14019494224951,18.26530089866049,17.621903706882886,17.6397762298584,4900,0.0,0.0
2005-12-22 00:00:00-05:00,17.63977810788035,18.041901395553477,17.54148092546741,17.78275489807129,11000,0.0,0.0
2005-12-23 00:00:00-05:00,17.952543648940846,17.96147991295961,17.568292818224364,17.800630569458008,8800,0.0,0.0
2005-12-27 00:00:00-05:00,17.818500449269134,17.818500449269134,17.246591567993164,17.246591567993164,12600,0.0,0.0
2005-12-28 00:00:00-05:00,17.38957136379623,17.514677358641684,17.07681063772791,17.461061477661133,19300,0.0,0.0
2005-12-29 00:00:00-05:00,17.514677843984067,17.514677843984067,17.175106611388554,17.210851669311523,24600,0.0,0.0
2005-12-30 00:00:00-05:00,17.201912526270423,17.425313987650558,17.175103737314366,17.282337188720703,20500,0.0,0.0
2006-01-03 00:00:00-05:00,17.25552634814052,18.372533522232796,17.25552634814052,18.283172607421875,18700,0.0,0.0
2006-01-04 00:00:00-05:00,18.265300407569182,18.4618930417613,18.25636414632169,18.417213439941406,4300,0.0,0.0
2006-01-05 00:00:00-05:00,18.22955989246973,18.435088838981535,18.09551934928455,18.113391876220703,3800,0.0,0.0
2006-01-06 00:00:00-05:00,18.095519596388392,18.256368932174283,17.425315166892528,17.630844116210938,35100,0.0,0.0
2006-01-09 00:00:00-05:00,17.76488300903538,17.86318019496658,17.630842476486006,17.720203399658203,10900,0.0,0.0
2006-01-10 00:00:00-05:00,17.66658560709961,17.863178253173828,17.63084055994921,17.863178253173828,5400,0.0,0.0
2006-01-11 00:00:00-05:00,17.872118014661236,17.872118014661236,17.568291872058555,17.68446159362793,12700,0.0,0.0
2006-01-12 00:00:00-05:00,17.82743267623259,18.050834079672008,17.58615875145783,17.729135513305664,21700,0.0,0.0
2006-01-13 00:00:00-05:00,17.72913773519515,17.961475428419767,17.72913773519515,17.863178253173828,13400,0.0,0.0
2006-01-17 00:00:00-05:00,17.73807237492832,18.23849105834961,17.711263592017044,18.23849105834961,17200,0.0,0.0
2006-01-18 00:00:00-05:00,18.11339185940713,18.551258542428524,18.11339185940713,18.301048278808594,13200,0.0,0.0
2006-01-19 00:00:00-05:00,18.417216451296586,18.747849649426996,17.755948350617928,17.961477279663086,14800,0.0,0.0
2006-01-20 00:00:00-05:00,18.140198508125636,18.247431962640324,17.80062902692868,17.83637237548828,9300,0.0,0.0
2006-01-23 00:00:00-05:00,17.755952454244035,18.167010407335063,17.747016189470113,17.952545166015625,5200,0.0,0.0
2006-01-24 00:00:00-05:00,18.09551608789985,18.658486949579626,18.08657982604237,18.622743606567383,2800,0.0,0.0
2006-01-25 00:00:00-05:00,18.80686806750618,18.80686806750618,18.205120086669922,18.205120086669922,2700,0.105,0.0
2006-01-26 00:00:00-05:00,18.14224717805757,19.130189923565023,18.14224717805757,19.022415161132812,17700,0.0,0.0
2006-01-27 00:00:00-05:00,19.471478910298465,19.561292346248685,18.95056303744578,19.031394958496094,4300,0.0,0.0
2006-01-30 00:00:00-05:00,19.04037476068897,19.04037476068897,18.76195296298283,18.941579818725586,1000,0.0,0.0
2006-01-31 00:00:00-05:00,18.833806450313165,18.833806450313165,18.483535908544418,18.699087142944336,4500,0.0,0.0
2006-02-01 00:00:00-05:00,18.699088242147504,18.86075210571289,18.600293278179983,18.86075210571289,4000,0.0,0.0
2006-02-02 00:00:00-05:00,18.78889990380663,18.82482425171201,17.962619345396437,18.25002098083496,6800,0.0,0.0
2006-02-03 00:00:00-05:00,17.980583257975454,18.56436807273072,17.980583257975454,18.50149917602539,4900,0.0,0.0
2006-02-06 00:00:00-05:00,18.6182548822476,18.797881764219497,18.097338980187793,18.47455406188965,4700,0.0,0.0
2006-02-07 00:00:00-05:00,18.411686237908754,18.591313130327467,18.016508102416992,18.016508102416992,2200,0.0,0.0
2006-02-08 00:00:00-05:00,17.980580347543732,17.989561861769122,17.71114005992813,17.729103088378906,7400,0.0,0.0
2006-02-09 00:00:00-05:00,17.711146420862875,17.96262377034546,17.55846405029297,17.55846405029297,12900,0.0,0.0
2006-02-10 00:00:00-05:00,18.636219802579596,19.220004658604804,18.35779964903817,19.202041625976562,20700,0.0,0.0
2006-02-13 00:00:00-05:00,18.968525513917758,19.246945615497754,18.89667510986328,18.89667510986328,6400,0.0,0.0
2006-02-14 00:00:00-05:00,18.654178595075624,19.0852810018685,18.555383651125666,18.959543228149414,25100,0.0,0.0
2006-02-15 00:00:00-05:00,19.0762996673584,19.0762996673584,18.815842603193254,19.0762996673584,6300,0.0,0.0
2006-02-16 00:00:00-05:00,19.022414530156613,19.38166658142915,19.022414530156613,19.30083465576172,4100,0.0,0.0
2006-02-17 00:00:00-05:00,19.45350835256079,19.63313515495091,19.309807595867948,19.354713439941406,12300,0.0,0.0
2006-02-21 00:00:00-05:00,19.24694441448555,19.50740147053718,19.175094014914553,19.453514099121094,4500,0.0,0.0
2006-02-22 00:00:00-05:00,19.570274163354025,19.61518002549817,19.121208689717253,19.56129264831543,5900,0.0,0.0
2006-02-23 00:00:00-05:00,19.399626356172657,19.525364124751675,19.228981018066406,19.228981018066406,3500,0.0,0.0
2006-02-24 00:00:00-05:00,19.25592819184533,19.471479415893555,19.25592819184533,19.471479415893555,7800,0.0,0.0
2006-02-27 00:00:00-05:00,19.309819276321804,19.67805290222168,19.30083775946459,19.67805290222168,5700,0.0,0.0
2006-02-28 00:00:00-05:00,19.579251483282484,19.687027937033978,19.39962634442815,19.534345626831055,14500,0.0,0.0
2006-03-01 00:00:00-05:00,19.713969247837728,19.87563133239746,19.615174324177612,19.87563133239746,8300,0.0,0.0
2006-03-02 00:00:00-05:00,19.920543871905373,20.163039628907715,19.624160739918768,19.830730438232422,8000,0.0,0.0
2006-03-03 00:00:00-05:00,19.56128770143508,20.037295886760457,19.48943731234549,19.704988479614258,5200,0.0,0.0
2006-03-06 00:00:00-05:00,19.228981208783793,19.45351391950107,19.219999694789266,19.23796272277832,7200,0.0,0.0
2006-03-07 00:00:00-05:00,19.202037415327617,19.62416002428227,19.184076099687037,19.381664276123047,2700,0.0,0.0
2006-03-08 00:00:00-05:00,19.14815301888906,19.65110590903212,19.14815301888906,19.543331146240234,7000,0.0,0.0
2006-03-09 00:00:00-05:00,19.41759183379557,19.660085887642314,19.39962880371838,19.56129264831543,55100,0.0,0.0
2006-03-10 00:00:00-05:00,19.758886380223384,19.758886380223384,19.22898883570981,19.660091400146484,2400,0.0,0.0
2006-03-13 00:00:00-05:00,19.516385695023054,19.687031060096412,19.22000254150032,19.291852951049805,11800,0.0,0.0
2006-03-14 00:00:00-05:00,19.399629326969173,19.79480743408203,19.049357083211667,19.79480743408203,11400,0.0,0.0
2006-03-15 00:00:00-05:00,19.96544780512115,20.145074655129193,19.95646629131589,20.03729820251465,11600,0.0,0.0
2006-03-16 00:00:00-05:00,20.234891133273585,20.234891133273585,20.127114664397197,20.198965072631836,12800,0.0,0.0
2006-03-17 00:00:00-05:00,20.297757750809314,20.306739264962854,19.69601000691154,19.866655349731445,49400,0.0,0.0
2006-03-20 00:00:00-05:00,20.00137487585143,20.00137487585143,18.779916345097543,19.264907836914062,23000,0.0,0.0
2006-03-21 00:00:00-05:00,18.47455406188965,19.15713381511438,18.285947377563172,18.47455406188965,10000,0.0,0.0
2006-03-22 00:00:00-05:00,18.483533629572896,19.103244422719516,18.3667773677287,18.878711700439453,4500,0.0,0.0
2006-03-23 00:00:00-05:00,18.977505124529085,18.977505124529085,18.770935429082353,18.887693405151367,3300,0.0,0.0
2006-03-24 00:00:00-05:00,18.86075275624815,19.211023330688477,18.663164534547033,19.211023330688477,2200,0.0,0.0
2006-03-27 00:00:00-05:00,19.085281778112996,19.264908644773563,18.89667510986328,18.89667510986328,11700,0.0,0.0
2006-03-28 00:00:00-05:00,19.094267079772173,19.32778136752497,19.094267079772173,19.103248596191406,2000,0.0,0.0
2006-03-29 00:00:00-05:00,19.525368014451175,20.046283933399774,19.228984848722643,19.956470489501953,2800,0.0,0.0
2006-03-30 00:00:00-05:00,20.198962223447722,20.198962223447722,19.74989680706236,19.938505172729492,3300,0.0,0.0
2006-03-31 00:00:00-05:00,19.758885465164713,20.04628716147923,19.615184617007454,20.028324127197266,9600,0.0,0.0
2006-04-03 00:00:00-04:00,19.85767327503692,20.24386980749423,19.462495228679597,19.534345626831055,2000,0.0,0.0
2006-04-04 00:00:00-04:00,19.103247841601586,19.84869654446138,19.06732177734375,19.06732177734375,3700,0.0,0.0
2006-04-05 00:00:00-04:00,19.067316436167662,19.067316436167662,18.645195577677637,18.681119918823242,3400,0.0,0.0
2006-04-06 00:00:00-04:00,18.68112545816838,18.68112545816838,18.384742275376976,18.663164138793945,3000,0.0,0.0
2006-04-07 00:00:00-04:00,18.833801445692924,18.833801445692924,18.06141015593281,18.429643630981445,19700,0.0,0.0
2006-04-10 00:00:00-04:00,18.429645877406582,18.959543228149414,18.429645877406582,18.959543228149414,10200,0.0,0.0
2006-04-11 00:00:00-04:00,18.968526936323205,18.968526936323205,18.45659084186633,18.465572357177734,11100,0.0,0.0
2006-04-12 00:00:00-04:00,18.860745836190738,19.70498922470237,18.57334426896511,19.336755752563477,28900,0.0,0.0
2006-04-13 00:00:00-04:00,19.345745598637915,20.13610024894498,19.30981953073572,20.001380920410156,15500,0.0,0.0
2006-04-17 00:00:00-04:00,20.02832119847332,20.20794808892783,19.354722928842392,19.55231285095215,13100,0.0,0.0
2006-04-18 00:00:00-04:00,19.740917481320945,20.46840476989746,19.740917481320945,20.46840476989746,5400,0.0,0.0
2006-04-19 00:00:00-04:00,20.75262631720525,20.75262631720525,20.148093220864936,20.626306533813477,6400,0.105,0.0
2006-04-20 00:00:00-04:00,20.364638432555708,20.47291374206543,20.0759065685,20.47291374206543,9600,0.0,0.0
2006-04-21 00:00:00-04:00,20.81578681780145,20.9150390625,20.581191698227258,20.9150390625,12800,0.0,0.0
2006-04-24 00:00:00-04:00,20.734576622673274,20.734576622673274,20.148089800932773,20.355615615844727,9300,0.0,0.0
2006-04-25 00:00:00-04:00,20.01275012947849,20.01275012947849,19.426263214648863,19.6337890625,6800,0.0,0.0
2006-04-26 00:00:00-04:00,19.48039817318957,19.69694708795629,19.17362011369227,19.26384925842285,5500,0.0,0.0
2006-04-27 00:00:00-04:00,19.038276694972694,19.714992679005057,19.038276694972694,19.47137451171875,3600,0.0,0.0
2006-04-28 00:00:00-04:00,19.489421435867467,19.669878005981445,19.065344968095104,19.669878005981445,8900,0.0,0.0
2006-05-01 00:00:00-04:00,19.751081335141926,19.80521984757384,19.092411589351784,19.254823684692383,6000,0.0,0.0
2006-05-02 00:00:00-04:00,19.18264221041906,19.272871350493727,19.011207016374968,19.218732833862305,4300,0.0,0.0
2006-05-03 00:00:00-04:00,19.02023423283904,19.46235522213867,18.948051249299876,19.191669464111328,33400,0.0,0.0
2006-05-04 00:00:00-04:00,19.13752913961614,19.3179874420166,18.993163186086942,19.3179874420166,2200,0.0,0.0
2006-05-05 00:00:00-04:00,19.525513801754123,19.525513801754123,19.33603412809997,19.48040008544922,1200,0.0,0.0
2006-05-08 00:00:00-04:00,19.119483257879804,19.471375028197695,18.95707114204761,19.2006893157959,9000,0.0,0.0
2006-05-09 00:00:00-04:00,19.173620223999023,19.534535084019915,19.029254279990667,19.173620223999023,10600,0.0,0.0
2006-05-10 00:00:00-04:00,19.029253005981445,19.299938702630246,18.95707003880992,19.029253005981445,24600,0.0,0.0
2006-05-11 00:00:00-04:00,18.98414607014993,19.092419699048925,18.22622378394374,18.271337509155273,17100,0.0,0.0
2006-05-12 00:00:00-04:00,18.181104555879266,18.406676576972007,18.054784774780273,18.054784774780273,14700,0.0,0.0
2006-05-15 00:00:00-04:00,18.054781627459217,18.5239717625773,18.054781627459217,18.34351348876953,15000,0.0,0.0
2006-05-16 00:00:00-04:00,18.226214093180683,18.532992080246427,18.226214093180683,18.451786041259766,3100,0.0,0.0
2006-05-17 00:00:00-04:00,18.235238740235694,18.433743191715212,18.081851440059992,18.135988235473633,10600,0.0,0.0
2006-05-18 00:00:00-04:00,18.34351348876953,18.44276571146157,18.1450107643631,18.34351348876953,6400,0.0,0.0
2006-05-19 00:00:00-04:00,18.063805807708025,18.64126956531637,18.063805807708025,18.514949798583984,4500,0.0,0.0
2006-05-22 00:00:00-04:00,18.271331630476308,18.56006350928048,18.21719483344496,18.514949798583984,4400,0.0,0.0
2006-05-23 00:00:00-04:00,18.704431142308614,18.767591031393735,18.181104134346036,18.235240936279297,15900,0.0,0.0
2006-05-24 00:00:00-04:00,18.208172648763846,18.316446248188157,18.099897328361703,18.253286361694336,18700,0.0,0.0
2006-05-25 00:00:00-04:00,18.271327882971462,18.442763046216225,18.081848271735726,18.361557006835938,21800,0.0,0.0
2006-05-26 00:00:00-04:00,18.32546534189427,18.334488426709825,18.099893384437745,18.280351638793945,11200,0.0,0.0
2006-05-30 00:00:00-04:00,18.045762460443036,18.244265227955825,17.8201904296875,17.8201904296875,20700,0.0,0.0
2006-05-31 00:00:00-04:00,18.01869355239232,18.397654640370984,18.01869355239232,18.28938102722168,35000,0.0,0.0
2006-06-01 00:00:00-04:00,18.334494523722515,18.812707852108854,18.28035771780381,18.749547958374023,5800,0.0,0.0
2006-06-02 00:00:00-04:00,18.650294665685387,18.939026575669544,18.650294665685387,18.857820510864258,5100,0.0,0.0
2006-06-05 00:00:00-04:00,18.659317502318054,19.254827488904553,17.793120063024478,17.86530303955078,39200,0.0,0.0
2006-06-06 00:00:00-04:00,17.928463516040388,18.52397346496582,17.82018819760949,18.52397346496582,19200,0.0,0.0
2006-06-07 00:00:00-04:00,18.704427424568124,18.975114822387695,18.478855453540593,18.975114822387695,11300,0.0,0.0
2006-06-08 00:00:00-04:00,18.776615033599153,19.363101959228516,18.26231108772451,19.363101959228516,8800,0.0,0.0
2006-06-09 00:00:00-04:00,19.272871851814042,19.317985562536006,18.722475631921775,18.73149871826172,4400,0.0,0.0
2006-06-12 00:00:00-04:00,18.731501782741777,18.8307540277411,18.307426981252178,18.749547958374023,13200,0.0,0.0
2006-06-13 00:00:00-04:00,18.632247231703886,18.848796149555355,18.496904373168945,18.496904373168945,3300,0.0,0.0
2006-06-14 00:00:00-04:00,18.496903046150116,18.60517835779679,18.37960636942911,18.50592613220215,6800,0.0,0.0
2006-06-15 00:00:00-04:00,18.830751537223627,19.31798616800738,18.7495454785967,19.173620223999023,16600,0.0,0.0
2006-06-16 00:00:00-04:00,19.074370835925897,19.227759889425787,18.81270816876612,18.911958694458008,89200,0.0,0.0
2006-06-19 00:00:00-04:00,18.957074963773227,18.957074963773227,18.4608154296875,18.4608154296875,10300,0.0,0.0
2006-06-20 00:00:00-04:00,18.857821619220807,18.92098151311978,18.79466172532183,18.812707901000977,16100,0.0,0.0
2006-06-21 00:00:00-04:00,18.83977411346136,18.94804943891401,18.812706572831633,18.82172966003418,5600,0.0,0.0
2006-06-22 00:00:00-04:00,18.641271462590904,18.975118807047693,18.641271462590904,18.948049545288086,5400,0.0,0.0
2006-06-23 00:00:00-04:00,18.948049662978793,19.173621682776158,18.857820510864258,18.857820510864258,12200,0.0,0.0
2006-06-26 00:00:00-04:00,18.948049637813394,19.290918350219727,18.920980375921605,19.290918350219727,6200,0.0,0.0
2006-06-27 00:00:00-04:00,18.94804647675971,19.218732166608078,18.740520666477455,18.93000030517578,7800,0.0,0.0
2006-06-28 00:00:00-04:00,18.911952808729406,18.993158854190618,18.830748484245717,18.939022064208984,5400,0.0,0.0
2006-06-29 00:00:00-04:00,19.056321517061445,19.23677806742782,18.87586324571745,19.047298431396484,44400,0.0,0.0
2006-06-30 00:00:00-04:00,18.930003121894593,19.56160545349121,18.930003121894593,19.56160545349121,25900,0.0,0.0
2006-07-03 00:00:00-04:00,19.092412228245287,19.381144086967105,19.092412228245287,19.327007293701172,3700,0.0,0.0
2006-07-05 00:00:00-04:00,19.047302398479335,19.426263470447864,18.875867177094577,19.23678207397461,2900,0.0,0.0
2006-07-06 00:00:00-04:00,19.155576107555937,19.399194309594872,19.155576107555937,19.363101959228516,2100,0.0,0.0
2006-07-07 00:00:00-04:00,19.164598595466913,19.27287392219994,18.830752969914453,18.857820510864258,5300,0.0,0.0
2006-07-10 00:00:00-04:00,18.85781844723376,19.263848726827884,18.85781844723376,19.101436614990234,5300,0.0,0.0
2006-07-11 00:00:00-04:00,19.02925000649158,19.092409877688866,18.83074730830334,19.074363708496094,5600,0.0,0.0
2006-07-12 00:00:00-04:00,18.957069977365087,19.209711222135397,18.830750215468775,18.966093063354492,5800,0.0,0.0
2006-07-13 00:00:00-04:00,18.7224775268918,19.083392412130273,18.7224775268918,18.948049545288086,5800,0.0,0.0
2006-07-14 00:00:00-04:00,18.73149805127669,19.227755735458718,18.73149805127669,19.029253005981445,7700,0.0,0.0
2006-07-17 00:00:00-04:00,18.848798336269677,19.173622611219777,18.713455462033142,19.056325912475586,10000,0.0,0.0
2006-07-18 00:00:00-04:00,19.20068827757113,19.317984954342,18.948047030939957,19.308961868286133,4400,0.0,0.0
2006-07-19 00:00:00-04:00,19.30896366209531,19.426262070740936,19.299940575201195,19.399192810058594,8000,0.0,0.0
2006-07-20 00:00:00-04:00,19.471375733089427,19.471375733089427,18.87586576746493,18.902935028076172,3000,0.0,0.0
2006-07-21 00:00:00-04:00,18.749546269352493,19.173621032640025,18.60518031925555,19.002185821533203,15000,0.0,0.0
2006-07-24 00:00:00-04:00,19.173620223999023,19.18264331062177,18.695406958860215,19.173620223999023,7200,0.0,0.0
2006-07-25 00:00:00-04:00,19.390170013297144,19.399193100326272,18.975118335824664,19.065345764160156,11000,0.0,0.0
2006-07-26 00:00:00-04:00,18.942924686451256,19.260302908572967,18.87944938794135,19.07894515991211,4700,0.105,0.0
2006-07-27 00:00:00-04:00,19.29657798301282,19.423528596394174,18.83411281053053,18.90665626525879,11200,0.0,0.0
2006-07-28 00:00:00-04:00,19.088014098421198,19.450733102796455,18.970131632699914,19.06987953186035,5500,0.0,0.0
2006-07-31 00:00:00-04:00,18.806909569404237,19.06081254198027,18.7252979614181,19.024539947509766,5200,0.0,0.0
2006-08-01 00:00:00-04:00,18.852253586139962,19.251241817163844,18.752505663597592,18.92479705810547,15900,0.0,0.0
2006-08-02 00:00:00-04:00,19.1061515554959,19.19683131209966,18.74343425865335,19.024539947509766,8100,0.0,0.0
2006-08-03 00:00:00-04:00,18.806906474420387,19.06080940521254,18.707158585614142,19.042673110961914,3100,0.0,0.0
2006-08-04 00:00:00-04:00,19.042671932430526,19.142419815063477,18.87038060685692,19.142419815063477,5500,0.0,0.0
2006-08-07 00:00:00-04:00,18.897591301719192,19.133358001708984,18.67089275129509,19.133358001708984,8300,0.0,0.0
2006-08-08 00:00:00-04:00,19.22403519299262,19.26030605682469,18.761570004519704,18.843181610107422,10700,0.0,0.0
2006-08-09 00:00:00-04:00,19.12428984983182,19.12428984983182,18.806911533361895,18.834115982055664,6000,0.0,0.0
2006-08-10 00:00:00-04:00,18.679959572487338,19.133356641093474,18.47139733602593,19.097084045410156,6500,0.0,0.0
2006-08-11 00:00:00-04:00,18.99733591502923,19.124286527735425,18.78877197041885,18.797840118408203,5000,0.0,0.0
2006-08-14 00:00:00-04:00,19.06081112593249,19.06081112593249,18.55300521850586,18.55300521850586,15300,0.0,0.0
2006-08-15 00:00:00-04:00,18.77063753402483,19.1333548082494,18.761569385972663,18.98826789855957,7600,0.0,0.0
2006-08-16 00:00:00-04:00,18.997339217369056,19.133358001708984,18.915727600850566,19.133358001708984,7400,0.0,0.0
2006-08-17 00:00:00-04:00,19.106147080951708,19.16055423034314,19.088010787963867,19.088010787963867,4300,0.0,0.0
2006-08-18 00:00:00-04:00,19.13335796785561,19.13335796785561,18.834115951008158,18.970134735107422,5700,0.0,0.0
2006-08-21 00:00:00-04:00,18.906661877201785,19.13336045671362,18.906661877201785,19.01547622680664,2900,0.0,0.0
2006-08-22 00:00:00-04:00,19.13335467572478,19.160557390120463,18.507666301038395,18.797840118408203,10700,0.0,0.0
2006-08-23 00:00:00-04:00,18.897589292137543,19.09708337265026,18.63461817141521,18.725297927856445,8800,0.0,0.0
2006-08-24 00:00:00-04:00,18.480462524214307,18.843181538593086,18.453259808836606,18.46232795715332,9500,0.0,0.0
2006-08-25 00:00:00-04:00,18.58020850809522,18.70715911227925,18.462326051291807,18.598344802856445,1600,0.0,0.0
2006-08-28 00:00:00-04:00,18.797843352809593,18.988271034206704,18.679960867809612,18.970134735107422,7400,0.0,0.0
2006-08-29 00:00:00-04:00,19.12428660458951,19.405392275099633,18.970131547295754,19.314712524414062,14100,0.0,0.0
2006-08-30 00:00:00-04:00,19.260305989584186,19.29657858286207,18.95199586501193,19.169626235961914,4600,0.0,0.0
2006-08-31 00:00:00-04:00,19.269374822312805,19.29657926823747,19.088015308626744,19.187763214111328,9600,0.0,0.0
2006-09-01 00:00:00-04:00,19.07894492928873,19.07894492928873,18.634614385946037,18.861312866210938,15800,0.0,0.0
2006-09-05 00:00:00-04:00,19.03360680863611,19.03360680863611,18.670889536328865,18.879451751708984,18000,0.0,0.0
2006-09-06 00:00:00-04:00,18.716226070995244,18.942924552396143,18.652750772934535,18.698091506958008,6300,0.0,0.0
2006-09-07 00:00:00-04:00,18.670891465971515,18.80691024094777,18.6074161529541,18.6074161529541,2400,0.0,0.0
2006-09-08 00:00:00-04:00,18.625553615161582,18.770640548148965,18.562076568603516,18.562076568603516,1900,0.0,0.0
2006-09-11 00:00:00-04:00,18.46233048123857,18.815979666077492,18.46233048123857,18.752504348754883,3600,0.0,0.0
2006-09-12 00:00:00-04:00,18.870385533329877,19.369123347127502,18.825046518244893,19.178695678710938,5200,0.0,0.0
2006-09-13 00:00:00-04:00,19.115221702577614,19.151494300840355,18.979202918237686,19.133358001708984,1700,0.0,0.0
2006-09-14 00:00:00-04:00,19.088012155687952,19.124284744262695,19.006400560966995,19.124284744262695,9700,0.0,0.0
2006-09-15 00:00:00-04:00,19.16962752977943,19.296579885247994,19.033608754951917,19.178695678710938,34500,0.0,0.0
2006-09-18 00:00:00-04:00,19.187766442991116,19.187766442991116,18.83411723432165,18.979204177856445,4600,0.0,0.0
2006-09-19 00:00:00-04:00,18.97920214421369,18.97920214421369,18.371649984671826,18.707162857055664,6800,0.0,0.0
2006-09-20 00:00:00-04:00,18.915726343819628,19.20590019234756,18.625552495291696,18.770639419555664,7400,0.0,0.0
2006-09-21 00:00:00-04:00,18.897590531023543,19.115220923006397,18.707162857055664,18.707162857055664,6500,0.0,0.0
2006-09-22 00:00:00-04:00,18.68902897685248,18.68902897685248,18.15402026159197,18.20842742919922,7100,0.0,0.0
2006-09-25 00:00:00-04:00,18.181220440696496,18.489530563354492,18.135881428953084,18.489530563354492,2200,0.0,0.0
2006-09-26 00:00:00-04:00,18.553007303587147,18.7978421368723,18.271901604022286,18.770639419555664,6300,0.0,0.0
2006-09-27 00:00:00-04:00,18.63461889254112,18.78877396558499,18.498600117401836,18.689027786254883,3500,0.0,0.0
2006-09-28 00:00:00-04:00,18.689030949248203,18.924797673192096,18.689030949248203,18.915729522705078,8000,0.0,0.0
2006-09-29 00:00:00-04:00,18.997336657996666,19.03360752180022,18.625551223754883,18.625551223754883,3800,0.0,0.0
2006-10-02 00:00:00-04:00,18.462328424517672,18.54394003186161,18.18122100830078,18.18122100830078,4500,0.0,0.0
2006-10-03 00:00:00-04:00,18.244700671493774,18.444194779479098,18.244700671493774,18.36258316040039,5900,0.0,0.0
2006-10-04 00:00:00-04:00,18.498600117186346,18.99733793212133,18.253765284194948,18.471397399902344,14000,0.0,0.0
2006-10-05 00:00:00-04:00,18.407921543248445,19.414463657348946,18.38071882421179,19.4053955078125,9700,0.0,0.0
2006-10-06 00:00:00-04:00,19.260308636483224,19.405395570388837,19.133358001708984,19.133358001708984,4200,0.0,0.0
2006-10-09 00:00:00-04:00,19.024540606720727,19.396326065063477,18.906658129751893,19.396326065063477,5500,0.0,0.0
2006-10-10 00:00:00-04:00,19.4053955078125,19.51421157267715,19.251240424838304,19.4053955078125,4800,0.0,0.0
2006-10-11 00:00:00-04:00,19.40539054531273,19.749973221287497,19.04267330447527,19.586750030517578,6900,0.0,0.0
2006-10-12 00:00:00-04:00,19.650229200359906,20.284985793980532,19.650229200359906,20.185237884521484,15500,0.0,0.0
2006-10-13 00:00:00-04:00,20.076419228386797,20.284983169321833,19.768109120471372,19.81344985961914,9800,0.0,0.0
2006-10-16 00:00:00-04:00,19.92226362556406,20.2940490284712,19.92226362556406,20.25777816772461,7400,0.0,0.0
2006-10-17 00:00:00-04:00,20.067356156671845,20.393802642822266,20.0401534358745,20.393802642822266,5400,0.0,0.0
2006-10-18 00:00:00-04:00,20.448209825737287,20.829063483273984,20.421007104924314,20.475414276123047,17900,0.0,0.0
2006-10-19 00:00:00-04:00,20.366590657040057,20.620493577834992,20.30311535923436,20.557018280029297,7900,0.0,0.0
2006-10-20 00:00:00-04:00,20.611428630990197,20.70210838317871,20.466341719317537,20.70210838317871,10200,0.0,0.0
2006-10-23 00:00:00-04:00,20.62956370478091,20.85626220703125,20.62956370478091,20.85626220703125,3700,0.0,0.0
2006-10-24 00:00:00-04:00,20.674903358471155,20.83812656191563,20.674903358471155,20.792787551879883,4200,0.0,0.0
2006-10-25 00:00:00-04:00,20.865683645020674,20.865683645020674,20.373655319213867,20.373655319213867,4300,0.11,0.0
2006-10-26 00:00:00-04:00,20.683446824432846,20.865678787231445,20.35542685832225,20.865678787231445,11200,0.0,0.0
2006-10-27 00:00:00-04:00,20.719893438595538,20.719893438595538,20.03651963756834,20.08207893371582,10000,0.0,0.0
2006-10-30 00:00:00-05:00,20.036523402173515,20.519441604614258,19.963630252551305,20.519441604614258,5200,0.0,0.0
2006-10-31 00:00:00-05:00,20.637890317544212,20.637890317544212,20.464768452281664,20.555885314941406,5400,0.0,0.0
2006-11-01 00:00:00-05:00,20.647003146254093,20.68345058819176,19.362260362415974,19.37137222290039,8700,0.0,0.0
2006-11-02 00:00:00-05:00,19.252917775378567,19.398705790081596,19.043350219726562,19.043350219726562,8700,0.0,0.0
2006-11-03 00:00:00-05:00,19.170916972499324,19.316703267978355,19.079800103347498,19.14358139038086,3600,0.0,0.0
2006-11-06 00:00:00-05:00,19.271143406827914,19.508046564603863,19.13446897600978,19.480710983276367,8100,0.0,0.0
2006-11-07 00:00:00-05:00,19.38959494530891,19.64472007409495,19.107132498567807,19.13446807861328,18200,0.0,0.0
2006-11-08 00:00:00-05:00,19.234694509616276,19.94540212704249,19.134465799298468,19.79961585998535,10000,0.0,0.0
2006-11-09 00:00:00-05:00,19.799617272457688,19.80872913203746,19.079797744750977,19.079797744750977,7000,0.0,0.0
2006-11-10 00:00:00-05:00,19.098017642516524,19.161800652616552,18.43286760694298,18.533096313476562,14800,0.0,0.0
2006-11-13 00:00:00-05:00,18.542210646007923,19.40781647223048,18.542210646007923,19.362258911132812,17400,0.0,0.0
2006-11-14 00:00:00-05:00,19.453373107038164,19.854286193847656,19.31669870455359,19.854286193847656,15000,0.0,0.0
2006-11-15 00:00:00-05:00,19.908957983318142,20.036520542473276,19.781393686253484,19.990962982177734,9300,0.0,0.0
2006-11-16 00:00:00-05:00,19.72672569859659,20.03652199724602,19.535381845971166,20.000076293945312,9300,0.0,0.0
2006-11-17 00:00:00-05:00,20.000076206984925,20.10941505432129,19.954516905670072,20.10941505432129,6900,0.0,0.0
2006-11-20 00:00:00-05:00,20.02741013694343,20.12763886236226,19.80873070341024,20.000076293945312,19800,0.0,0.0
2006-11-21 00:00:00-05:00,19.936294657577474,20.091192817668993,19.735838930716,19.75406265258789,32400,0.0,0.0
2006-11-22 00:00:00-05:00,19.808731617537788,19.890736626135784,19.781396035368545,19.83606719970703,4600,0.0,0.0
2006-11-24 00:00:00-05:00,19.817842399404267,19.86339996262985,19.781394958496094,19.781394958496094,2800,0.0,0.0
2006-11-27 00:00:00-05:00,19.362257336534327,19.553601163075324,18.259748458862305,18.259748458862305,18400,0.0,0.0
2006-11-28 00:00:00-05:00,18.2597475075423,18.533096313476562,18.20507635602799,18.533096313476562,6600,0.0,0.0
2006-11-29 00:00:00-05:00,18.45109510985719,18.82467269897461,18.387313824580023,18.82467269897461,14400,0.0,0.0
2006-11-30 00:00:00-05:00,18.842896938716645,19.14358139038086,18.596881913379637,19.14358139038086,15600,0.0,0.0
2006-12-01 00:00:00-05:00,19.426040734051774,19.426040734051774,18.724443150943603,19.38959503173828,17400,0.0,0.0
2006-12-04 00:00:00-05:00,19.444265362359523,19.726726085643186,19.389595937381003,19.51715850830078,11700,0.0,0.0
2006-12-05 00:00:00-05:00,19.46248476200599,19.790502976955896,18.223299818235034,19.161800384521484,17500,0.0,0.0
2006-12-06 00:00:00-05:00,19.043348837162053,19.043348837162053,18.05929067129453,18.924898147583008,15200,0.0,0.0
2006-12-07 00:00:00-05:00,18.970458923234556,18.99779450450351,18.26886131185184,18.350866317749023,18900,0.0,0.0
2006-12-08 00:00:00-05:00,18.232415696905665,18.387313849031777,18.223303836438284,18.241527557373047,16700,0.0,0.0
2006-12-11 00:00:00-05:00,17.995506330653974,18.223297550029343,17.949948781942535,18.141292572021484,49500,0.0,0.0
2006-12-12 00:00:00-05:00,18.186850120732924,18.205073835381132,17.949948781942535,18.141292572021484,13800,0.0,0.0
2006-12-13 00:00:00-05:00,18.277976597774416,18.369093481170918,17.959068374841657,17.995515823364258,34100,0.0,0.0
2006-12-14 00:00:00-05:00,18.16863333302082,18.20507903481718,17.77683204572988,18.113962173461914,46500,0.0,0.0
2006-12-15 00:00:00-05:00,18.113961806868012,18.268859946664232,18.050180526583016,18.23241424560547,27200,0.0,0.0
2006-12-18 00:00:00-05:00,18.123074655052523,18.460206532258553,18.123074655052523,18.323532104492188,18500,0.0,0.0
2006-12-19 00:00:00-05:00,18.26886185288297,18.32353301703996,18.223304287328542,18.305309295654297,11300,0.0,0.0
2006-12-20 00:00:00-05:00,18.451093678947526,18.596879959106445,18.423758099701647,18.596879959106445,7200,0.0,0.0
2006-12-21 00:00:00-05:00,18.451096104893722,18.624217987060547,18.359979233336983,18.624217987060547,9500,0.0,0.0
2006-12-22 00:00:00-05:00,18.624218363270742,18.742669082150375,18.46020833873756,18.578659057617188,11400,0.0,0.0
2006-12-26 00:00:00-05:00,18.669777359898507,18.77000610209749,18.669777359898507,18.733558654785156,9600,0.0,0.0
2006-12-27 00:00:00-05:00,18.74266491159123,19.061573028564453,18.74266491159123,19.061573028564453,21800,0.0,0.0
2006-12-28 00:00:00-05:00,19.043350219726562,19.13446707719989,18.92489952154789,19.043350219726562,10000,0.0,0.0
2006-12-29 00:00:00-05:00,19.070689198085486,19.61738870247643,18.997796046694013,19.453378677368164,34000,0.0,0.0
2007-01-03 00:00:00-05:00,19.517159000138758,19.517159000138758,18.82467322729113,18.99779510498047,18600,0.0,0.0
2007-01-04 00:00:00-05:00,18.924901399561328,19.480710983276367,18.815560812161017,19.480710983276367,11300,0.0,0.0
2007-01-05 00:00:00-05:00,19.380486055764123,19.489824916885322,18.87934410557739,18.93401527404785,9000,0.0,0.0
2007-01-08 00:00:00-05:00,18.979566468679785,19.134464584835296,18.788222657027884,18.87022590637207,7100,0.0,0.0
2007-01-09 00:00:00-05:00,18.842897346988465,18.934014218114534,18.469319739490377,18.660663604736328,17000,0.0,0.0
2007-01-10 00:00:00-05:00,18.514874510544427,18.870228342580603,18.49665079148885,18.678884506225586,20300,0.0,0.0
2007-01-11 00:00:00-05:00,18.806449531494998,18.806449531494998,18.57865822713906,18.633329391479492,5200,0.0,0.0
2007-01-12 00:00:00-05:00,18.57865624221714,18.84289496123574,18.560434260626877,18.66977310180664,16300,0.0,0.0
2007-01-16 00:00:00-05:00,18.751783480769134,18.84290036649636,18.268865202951872,18.314424514770508,11300,0.0,0.0
2007-01-17 00:00:00-05:00,18.44198655776405,18.514879716573,18.359981536865234,18.359981536865234,7400,0.0,0.0
2007-01-18 00:00:00-05:00,18.3053053909293,18.45109165509732,18.21418854134695,18.268857955932617,11800,0.0,0.0
2007-01-19 00:00:00-05:00,18.250643216134463,18.369093951042824,18.241531353770736,18.314424514770508,8500,0.0,0.0
2007-01-22 00:00:00-05:00,18.186860122375773,18.37820575559201,18.132190686275436,18.2050838470459,6200,0.0,0.0
2007-01-23 00:00:00-05:00,18.205077304499664,18.43286856728242,18.168631606167317,18.259748458862305,16300,0.0,0.0
2007-01-24 00:00:00-05:00,18.424665233873657,18.61706516989539,18.314721165074317,18.470474243164062,15100,0.11,0.0
2007-01-25 00:00:00-05:00,18.406335626713826,18.461306771520754,18.3513644819069,18.452144622802734,7800,0.0,0.0
2007-01-26 00:00:00-05:00,18.406342023720423,18.507123947143555,18.35137085980862,18.507123947143555,4300,0.0,0.0
2007-01-29 00:00:00-05:00,18.571254448225556,19.01102718786989,18.525443695657483,18.97437858581543,7100,0.0,0.0
2007-01-30 00:00:00-05:00,18.87359863288651,18.87359863288651,18.626225808800978,18.690359115600586,6900,0.0,0.0
2007-01-31 00:00:00-05:00,18.589575106071827,18.589575106071827,18.388011329277788,18.452144622802734,9400,0.0,0.0
2007-02-01 00:00:00-05:00,18.470475313999373,19.19426958576162,18.470475313999373,19.175945281982422,4100,0.0,0.0
2007-02-02 00:00:00-05:00,19.029356878832054,19.029356878832054,18.727012816252,18.754497528076172,5500,0.0,0.0
2007-02-05 00:00:00-05:00,18.772815513822298,19.166779227347106,18.66287320853717,19.056835174560547,14800,0.0,0.0
2007-02-06 00:00:00-05:00,19.04767593205242,19.331695610087635,19.04767593205242,19.285884857177734,5500,0.0,0.0
2007-02-07 00:00:00-05:00,19.203430704389845,19.42331886291504,19.203430704389845,19.42331886291504,20700,0.0,0.0
2007-02-08 00:00:00-05:00,19.331696363766493,19.331696363766493,19.26756305469383,19.295047760009766,20600,0.0,0.0
2007-02-09 00:00:00-05:00,19.18510795497979,19.68901409008238,19.18510795497979,19.661527633666992,29800,0.0,0.0
2007-02-12 00:00:00-05:00,19.66152620204456,19.789794575141546,19.48745056659432,19.76230812072754,29000,0.0,0.0
2007-02-13 00:00:00-05:00,19.808116160223967,19.808116160223967,19.542419046516518,19.798954010009766,19500,0.0,0.0
2007-02-14 00:00:00-05:00,19.762309091629366,19.863091015263656,19.652366763575408,19.725662231445312,8900,0.0,0.0
2007-02-15 00:00:00-05:00,19.661524919454592,19.762306831563215,19.597391610840596,19.69817352294922,8000,0.0,0.0
2007-02-16 00:00:00-05:00,19.698174936028934,19.835603713989258,19.615717319752395,19.835603713989258,24600,0.0,0.0
2007-02-20 00:00:00-05:00,19.689011372075562,19.707335673822875,19.4691249936126,19.69817352294922,5700,0.0,0.0
2007-02-21 00:00:00-05:00,19.560745731701104,20.33034896850586,19.560745731701104,20.33034896850586,58200,0.0,0.0
2007-02-22 00:00:00-05:00,20.266214692940693,20.366994857788086,20.15627062969619,20.366994857788086,13900,0.0,0.0
2007-02-23 00:00:00-05:00,20.266213763577255,20.568557739257812,20.2570516131019,20.568557739257812,14600,0.0,0.0
2007-02-26 00:00:00-05:00,20.49526674951314,20.88922882080078,20.238731722800857,20.88922882080078,17500,0.0,0.0
2007-02-27 00:00:00-05:00,20.75179800965939,20.8892267883654,20.147109985351562,20.147109985351562,31400,0.0,0.0
2007-02-28 00:00:00-05:00,20.128788431416673,20.128788431416673,19.4508048493653,19.48745346069336,14300,0.0,0.0
2007-03-01 00:00:00-05:00,19.350023172393456,19.863091458943124,19.240079094381894,19.469127655029297,9800,0.0,0.0
2007-03-02 00:00:00-05:00,19.34085470627184,19.34085470627184,18.626222801249277,18.937728881835938,17500,0.0,0.0
2007-03-05 00:00:00-05:00,18.79114202182788,19.87225138667001,18.79114202182788,19.560745239257812,116000,0.0,0.0
2007-03-06 00:00:00-05:00,19.67068707032825,19.88141304541915,19.542420453100252,19.69817352294922,13400,0.0,0.0
2007-03-07 00:00:00-05:00,19.496613579466466,19.588231603224273,19.368345200702315,19.414155960083008,10800,0.0,0.0
2007-03-08 00:00:00-05:00,19.414153510851534,19.771468651434184,18.864436700146378,18.882761001586914,21000,0.0,0.0
2007-03-09 00:00:00-05:00,19.066003167930525,19.57907324151154,18.956060828950285,19.48745346069336,12900,0.0,0.0
2007-03-12 00:00:00-04:00,19.011030167065037,19.26756517914295,19.011030167065037,19.24924087524414,6500,0.0,0.0
2007-03-13 00:00:00-04:00,19.148457554529106,19.340859236428358,18.855275703541363,18.873600006103516,26100,0.0,0.0
2007-03-14 00:00:00-04:00,18.88276474351949,19.59739516630064,18.88276474351949,19.551586151123047,6700,0.0,0.0
2007-03-15 00:00:00-04:00,19.45080316177184,19.881415570005835,19.377507692976966,19.87225341796875,12200,0.0,0.0
2007-03-16 00:00:00-04:00,19.86308847301529,20.018841540741946,19.716497556037446,19.789793014526367,43400,0.0,0.0
2007-03-19 00:00:00-04:00,19.780630377853033,19.863087985065143,19.514933255169236,19.689010620117188,11100,0.0,0.0
2007-03-20 00:00:00-04:00,19.689013625166396,20.156272888183594,19.689013625166396,20.156272888183594,8000,0.0,0.0
2007-03-21 00:00:00-04:00,20.147109749893083,20.431129455566406,20.03716742721386,20.431129455566406,15500,0.0,0.0
2007-03-22 00:00:00-04:00,20.559395387142878,20.89838621389862,20.183755958845165,20.852577209472656,18000,0.0,0.0
2007-03-23 00:00:00-04:00,20.72431473270086,20.935038991093258,20.614370653647264,20.880067825317383,8400,0.0,0.0
2007-03-26 00:00:00-04:00,20.84341505908716,20.944196965826087,20.7976060546612,20.852577209472656,14400,0.0,0.0
2007-03-27 00:00:00-04:00,20.779285151152752,21.035818413881884,20.760960847385874,20.87090492248535,8200,0.0,0.0
2007-03-28 00:00:00-04:00,20.72431072640092,20.935034944057364,20.577718066833917,20.68766212463379,8100,0.0,0.0
2007-03-29 00:00:00-04:00,20.751799292068483,20.87090552247543,20.257055308652568,20.44945526123047,6400,0.0,0.0
2007-03-30 00:00:00-04:00,20.70598765949858,20.889225436749804,20.614367897122158,20.797607421875,16400,0.0,0.0
2007-04-02 00:00:00-04:00,20.806764488276634,20.916708534995333,20.348667497367842,20.37615394592285,9700,0.0,0.0
2007-04-03 00:00:00-04:00,20.403639806882186,21.145756421482155,20.403639806882186,21.035812377929688,15600,0.0,0.0
2007-04-04 00:00:00-04:00,20.89838893690237,20.89838893690237,20.733473703478484,20.81593132019043,3500,0.0,0.0
2007-04-05 00:00:00-04:00,20.77012318378016,20.89838981628418,20.77012318378016,20.89838981628418,1200,0.0,0.0
2007-04-09 00:00:00-04:00,20.99000672529915,20.99000672529915,20.403643059547072,20.6235294342041,5100,0.0,0.0
2007-04-10 00:00:00-04:00,20.815930361712727,21.356485047489084,20.815930361712727,21.255704879760742,19600,0.0,0.0
2007-04-11 00:00:00-04:00,21.31067569017794,21.640506136436585,21.14576046704862,21.22821807861328,18200,0.0,0.0
2007-04-12 00:00:00-04:00,21.09079220757684,21.09079220757684,20.880067947946852,20.9533634185791,4800,0.0,0.0
2007-04-13 00:00:00-04:00,20.92587633658032,21.01749610900879,20.660179171287933,21.01749610900879,6500,0.0,0.0
2007-04-16 00:00:00-04:00,21.493911567926204,21.713799677663324,21.200729751612005,21.70463752746582,12700,0.0,0.0
2007-04-17 00:00:00-04:00,21.768769712340546,22.428428765138246,21.768769712340546,22.263513565063477,15700,0.0,0.0
2007-04-18 00:00:00-04:00,22.19022139770506,22.373460924342425,21.72296217753125,21.73212432861328,7300,0.0,0.0
2007-04-19 00:00:00-04:00,21.558047761036214,21.558047761036214,21.21905517578125,21.21905517578125,8300,0.0,0.0
2007-04-20 00:00:00-04:00,21.60385792344186,21.81458215792054,21.338162529425624,21.686315536499023,9400,0.0,0.0
2007-04-23 00:00:00-04:00,21.558048700559585,21.942850308496745,21.558048700559585,21.73212432861328,5600,0.0,0.0
2007-04-24 00:00:00-04:00,21.73212636058569,21.741288512524388,21.09995360433152,21.37481117248535,7200,0.0,0.0
2007-04-25 00:00:00-04:00,21.650968130764646,21.908716622653323,21.650968130764646,21.779842376708984,5200,0.11,0.0
2007-04-26 00:00:00-04:00,21.8258696259174,21.8258696259174,21.080237258841567,21.540504455566406,5500,0.0,0.0
2007-04-27 00:00:00-04:00,21.319575578572653,21.319575578572653,20.960567741008433,21.080236434936523,7200,0.0,0.0
2007-04-30 00:00:00-04:00,20.840895011661292,20.86851167144542,19.653406733419903,19.745460510253906,12200,0.0,0.0
2007-05-01 00:00:00-04:00,19.763873436689884,20.80407831828308,19.763873436689884,20.739641189575195,16100,0.0,0.0
2007-05-02 00:00:00-04:00,20.665999506616956,21.614148884852355,20.665999506616956,21.56812286376953,6000,0.0,0.0
2007-05-03 00:00:00-04:00,21.65097200790559,21.65097200790559,21.466864404347593,21.604944229125977,9200,0.0,0.0
2007-05-04 00:00:00-04:00,21.71540950191098,21.74302616963594,21.59573903088309,21.650972366333008,11500,0.0,0.0
2007-05-07 00:00:00-04:00,21.531302583182377,21.669384170438303,21.466865445545782,21.641767501831055,6000,0.0,0.0
2007-05-08 00:00:00-04:00,21.439247342822398,21.485273361206055,21.02500615424925,21.485273361206055,13500,0.0,0.0
2007-05-09 00:00:00-04:00,21.420836665482458,21.420836665482458,20.93295278418072,21.356399536132812,12700,0.0,0.0
2007-05-10 00:00:00-04:00,21.172291685069567,21.31037149707705,20.0308292136116,20.095266342163086,14300,0.0,0.0
2007-05-11 00:00:00-04:00,20.168913730512863,20.555538347791533,20.0400394433468,20.527921676635742,22200,0.0,0.0
2007-05-14 00:00:00-04:00,20.555535714742597,20.914543614878575,20.058447988075876,20.141294479370117,17700,0.0,0.0
2007-05-15 00:00:00-04:00,19.98479927236974,20.592353539736752,19.938773258617335,19.975595474243164,20900,0.0,0.0
2007-05-16 00:00:00-04:00,19.90195312264298,20.665996551513672,19.90195312264298,20.665996551513672,22800,0.0,0.0
2007-05-17 00:00:00-04:00,20.693615404449442,20.91454347659393,20.28858148340801,20.564741134643555,20900,0.0,0.0
2007-05-18 00:00:00-04:00,20.53712588410994,20.63838524924653,20.389840492518736,20.61997413635254,13500,0.0,0.0
2007-05-21 00:00:00-04:00,20.49109665734073,21.20911414604262,20.435865083065227,21.034212112426758,10300,0.0,0.0
2007-05-22 00:00:00-04:00,21.03421234052803,21.568122246394672,20.619971139519382,21.40242576599121,11600,0.0,0.0
2007-05-23 00:00:00-04:00,21.365604400634766,21.586534220534688,21.310372823549873,21.365604400634766,16900,0.0,0.0
2007-05-24 00:00:00-04:00,21.365603802619393,21.50368537513704,20.905336576307594,20.978981018066406,15600,0.0,0.0
2007-05-25 00:00:00-04:00,21.310370839689536,21.568121101724415,20.61076449054917,20.74884605407715,19200,0.0,0.0
2007-05-29 00:00:00-04:00,20.914541843601945,21.245934803833876,20.712024898893603,20.7580509185791,9900,0.0,0.0
2007-05-30 00:00:00-04:00,20.573942510300043,21.13546725449401,20.56473695635852,20.767253875732422,32400,0.0,0.0
2007-05-31 00:00:00-04:00,20.638380637803287,20.804077105265236,20.481889724731445,20.481889724731445,12100,0.0,0.0
2007-06-01 00:00:00-04:00,20.942155714909756,20.942155714909756,20.25175497705559,20.297780990600586,28900,0.0,0.0
2007-06-04 00:00:00-04:00,20.288576327802055,20.399039457913975,20.02162054443528,20.086057662963867,26400,0.0,0.0
2007-06-05 00:00:00-04:00,19.94798097210409,20.159703467534168,19.487713761631714,19.524534225463867,21400,0.0,0.0
2007-06-06 00:00:00-04:00,19.45089258120447,19.45089258120447,19.018242012326436,19.23917007446289,14600,0.0,0.0
2007-06-07 00:00:00-04:00,19.11029285364691,19.211552191542953,18.788105487797594,18.98141860961914,9900,0.0,0.0
2007-06-08 00:00:00-04:00,18.907779293391854,19.202350049672358,18.85254595975411,19.11029624938965,8600,0.0,0.0
2007-06-11 00:00:00-04:00,19.101085828195647,20.178110978860037,19.101085828195647,19.745460510253906,14600,0.0,0.0
2007-06-12 00:00:00-04:00,19.58897366675637,19.828312833700718,19.229964038449786,19.294401168823242,9600,0.0,0.0
2007-06-13 00:00:00-04:00,19.322016816315013,19.42327616201269,18.990623870962636,19.35883903503418,5400,0.0,0.0
2007-06-14 00:00:00-04:00,19.368044753209688,19.97559732096436,19.12870559685481,19.331222534179688,16800,0.0,0.0
2007-06-15 00:00:00-04:00,19.819107789839165,20.196526782432063,19.46009815227067,19.883544921875,47400,0.0,0.0
2007-06-18 00:00:00-04:00,19.892750766716333,19.892750766716333,19.69023205647973,19.754669189453125,3900,0.0,0.0
2007-06-19 00:00:00-04:00,19.625790507616554,19.837512969970703,19.469299610272227,19.837512969970703,8700,0.0,0.0
2007-06-20 00:00:00-04:00,19.782285337230004,19.791490892524795,19.02744736085853,19.193143844604492,11000,0.0,0.0
2007-06-21 00:00:00-04:00,19.13790904859754,19.524531771247332,19.07347017237606,19.285194396972656,20900,0.0,0.0
2007-06-22 00:00:00-04:00,19.15631820451303,19.487711112859806,18.953801291512132,19.460094451904297,54800,0.0,0.0
2007-06-25 00:00:00-04:00,19.487713108785286,19.855926513671875,19.487713108785286,19.855926513671875,45300,0.0,0.0
2007-06-26 00:00:00-04:00,19.911155641910398,19.911155641910398,19.671818274941234,19.837512969970703,45700,0.0,0.0
2007-06-27 00:00:00-04:00,19.717849389689217,20.721232151916777,19.607384475300204,20.712026596069336,24200,0.0,0.0
2007-06-28 00:00:00-04:00,20.748847697938047,21.301166972688286,20.721231031888475,21.172292709350586,12600,0.0,0.0
2007-06-29 00:00:00-04:00,21.28275707094496,21.28275707094496,20.822489849958764,20.831693649291992,13900,0.0,0.0
2007-07-02 00:00:00-04:00,20.96977517416067,21.07103276862479,20.58315063915012,20.7580509185791,14000,0.0,0.0
2007-07-03 00:00:00-04:00,20.445067649561228,20.95136260986328,20.445067649561228,20.95136260986328,7400,0.0,0.0
2007-07-05 00:00:00-04:00,20.95136295237955,21.043416742646652,20.426658630371094,20.426658630371094,11400,0.0,0.0
2007-07-06 00:00:00-04:00,20.49109485578377,20.49109485578377,19.855925662228632,19.89274787902832,11300,0.0,0.0
2007-07-09 00:00:00-04:00,19.929568969715874,20.095265438989724,19.727052038258943,20.05844497680664,8600,0.0,0.0
2007-07-10 00:00:00-04:00,20.12288011732345,20.12288011732345,19.588970299989462,19.736255645751953,9800,0.0,0.0
2007-07-11 00:00:00-04:00,19.7638749382222,20.086062362019423,19.487715292556132,19.506126403808594,16200,0.0,0.0
2007-07-12 00:00:00-04:00,19.67182135123613,20.37142596617805,19.42327663615462,20.095266342163086,25200,0.0,0.0
2007-07-13 00:00:00-04:00,20.012418126075342,20.012418126075342,19.745464056667778,19.846721649169922,13600,0.0,0.0
2007-07-16 00:00:00-04:00,19.791490509248725,19.800696064365244,19.67182180429419,19.71784782409668,11100,0.0,0.0
2007-07-17 00:00:00-04:00,19.791489186006434,20.675201348746743,19.561355590820312,19.561355590820312,12200,0.0,0.0
2007-07-18 00:00:00-04:00,19.736261048775738,19.76387596130371,19.59818121879497,19.76387596130371,27200,0.0,0.0
2007-07-19 00:00:00-04:00,19.855927181986083,20.168909025619083,19.773078943625578,20.095266342163086,12800,0.0,0.0
2007-07-20 00:00:00-04:00,20.04923942231587,20.1320876569528,19.865131844060485,20.05844497680664,20200,0.0,0.0
2007-07-23 00:00:00-04:00,20.09526638924743,20.610765174647245,20.09526638924743,20.168909072875977,66100,0.0,0.0
2007-07-24 00:00:00-04:00,19.87433618332637,20.095264210256097,19.432480129466914,19.552148818969727,31700,0.0,0.0
2007-07-25 00:00:00-04:00,19.450368790975965,19.737219590513313,19.33007532461078,19.413354873657227,28300,0.11,0.0
2007-07-26 00:00:00-04:00,19.098743445219213,19.302316458595918,18.626826593646907,19.043224334716797,27000,0.0,0.0
2007-07-27 00:00:00-04:00,19.01546055339543,19.01546055339543,18.404745150492715,18.42325210571289,25700,0.0,0.0
2007-07-30 00:00:00-04:00,18.62682430696025,18.700850366849373,18.413999605394082,18.488025665283203,18600,0.0,0.0
2007-07-31 00:00:00-04:00,18.71009967160393,19.330068446734533,18.478768065434604,19.126497268676758,20000,0.0,0.0
2007-08-01 00:00:00-04:00,19.394846143833774,19.63543128967285,19.033969307535436,19.63543128967285,20400,0.0,0.0
2007-08-02 00:00:00-04:00,19.709456370615513,19.792735907907392,19.2282878678319,19.57065773010254,18700,0.0,0.0
2007-08-03 00:00:00-04:00,19.61692124499039,20.218383078344313,19.496627819367532,19.552146911621094,66500,0.0,0.0
2007-08-06 00:00:00-04:00,19.727964450307397,19.987056554963722,19.35783413288448,19.69095230102539,38200,0.0,0.0
2007-08-07 00:00:00-04:00,19.496634422703668,19.86676477128746,19.339328803940468,19.413354873657227,26900,0.0,0.0
2007-08-08 00:00:00-04:00,19.653937646034912,20.366439583294056,19.653937646034912,20.10734748840332,34000,0.0,0.0
2007-08-09 00:00:00-04:00,20.033319352818353,20.320170087684488,19.690949519411753,19.774229049682617,27600,0.0,0.0
2007-08-10 00:00:00-04:00,19.894522785092565,20.329425671069718,19.61692549871064,19.996309280395508,18500,0.0,0.0
2007-08-13 00:00:00-04:00,20.542250983146417,20.607023561993497,19.876014709472656,19.876014709472656,30400,0.0,0.0
2007-08-14 00:00:00-04:00,20.07958943641259,20.153615499384227,19.515139603178515,19.52439308166504,16500,0.0,0.0
2007-08-15 00:00:00-04:00,19.61692804063922,20.579266954392597,19.56140716423213,19.70945930480957,15300,0.0,0.0
2007-08-16 00:00:00-04:00,19.764977631888396,21.31952667236328,19.709456762642503,21.31952667236328,29100,0.0,0.0
2007-08-17 00:00:00-04:00,22.16157443197205,23.438524458826013,21.35653945325154,22.244853973388672,40900,0.0,0.0
2007-08-20 00:00:00-04:00,22.429915506604626,22.513195037841797,22.050531759822096,22.513195037841797,13000,0.0,0.0
2007-08-21 00:00:00-04:00,22.20784032184705,22.402158077501333,21.208487577960756,21.291767120361328,24200,0.0,0.0
2007-08-22 00:00:00-04:00,21.504592946648852,21.58787249336142,20.958650035942327,21.467580795288086,11700,0.0,0.0
2007-08-23 00:00:00-04:00,21.615628254474405,21.615628254474405,20.449716617640224,20.468223571777344,13400,0.0,0.0
2007-08-24 00:00:00-04:00,20.58851674065559,21.301018642452433,20.449718104376824,21.273258209228516,10500,0.0,0.0
2007-08-27 00:00:00-04:00,21.2917656036181,21.2917656036181,20.403451136265613,20.57926368713379,14100,0.0,0.0
2007-08-28 00:00:00-04:00,20.55150365690564,20.55150365690564,19.75572395324707,19.75572395324707,20100,0.0,0.0
2007-08-29 00:00:00-04:00,20.033320285651573,21.051179885864258,19.737216059754154,21.051179885864258,8900,0.0,0.0
2007-08-30 00:00:00-04:00,20.764328485672042,21.78218805392544,20.764328485672042,21.43056297302246,9600,0.0,0.0
2007-08-31 00:00:00-04:00,21.60637540456541,21.60637540456541,20.70880751698496,21.28251075744629,12600,0.0,0.0
2007-09-04 00:00:00-04:00,21.27325860020061,21.745175384157896,21.27325860020061,21.698909759521484,12300,0.0,0.0
2007-09-05 00:00:00-04:00,21.56011171490789,21.754431242468513,20.98641014099121,20.98641014099121,10900,0.0,0.0
2007-09-06 00:00:00-04:00,21.09744614473299,21.09744614473299,20.394199469506287,20.542251586914062,7500,0.0,0.0
2007-09-07 00:00:00-04:00,20.19062890766183,20.264654975250334,19.89452463730781,19.97780418395996,14400,0.0,0.0
2007-09-10 00:00:00-04:00,19.968545177395118,20.347928889383926,19.894519130297795,20.255395889282227,8600,0.0,0.0
2007-09-11 00:00:00-04:00,20.255398596909494,21.162220001220703,20.255398596909494,21.162220001220703,8000,0.0,0.0
2007-09-12 00:00:00-04:00,20.995661319044043,21.069687377402243,20.39419937426863,20.505237579345703,9900,0.0,0.0
2007-09-13 00:00:00-04:00,20.56075563919719,20.718061225846057,20.098092356691147,20.3109188079834,11600,0.0,0.0
2007-09-14 00:00:00-04:00,20.181372662308366,20.394199121758472,19.89452191033704,20.079587936401367,30800,0.0,0.0
2007-09-17 00:00:00-04:00,20.098094010777945,20.42195868817053,19.61692549871064,19.996309280395508,8900,0.0,0.0
2007-09-18 00:00:00-04:00,20.061079219372544,21.606374577089532,19.746468061639483,21.439815521240234,24600,0.0,0.0
2007-09-19 00:00:00-04:00,21.69890888628727,21.83770751953125,21.43056333241792,21.83770751953125,22500,0.0,0.0
2007-09-20 00:00:00-04:00,21.809949921179115,22.161575053673612,21.680404748639354,21.82845687866211,10400,0.0,0.0
2007-09-21 00:00:00-04:00,22.06904198088969,22.170826716973014,21.708163370476043,21.865468978881836,41300,0.0,0.0
2007-09-24 00:00:00-04:00,21.754427122190826,22.15231781595503,21.698908024083355,21.976505279541016,42500,0.0,0.0
2007-09-25 00:00:00-04:00,21.82845692129424,22.15232161819677,21.81920344253467,21.902482986450195,7000,0.0,0.0
2007-09-26 00:00:00-04:00,21.98576547877981,22.291123259113384,21.976511998779298,22.115310668945312,3400,0.0,0.0
2007-09-27 00:00:00-04:00,22.254103331357953,23.08689865737298,22.20783770876617,23.0313777923584,24100,0.0,0.0
2007-09-28 00:00:00-04:00,23.123913651637075,23.21644667314231,22.466932552299017,23.022127151489258,18100,0.0,0.0
2007-10-01 00:00:00-04:00,23.059139635956758,23.54030990600586,22.355891187020493,23.54030990600586,31200,0.0,0.0
2007-10-02 00:00:00-04:00,23.595829010009766,23.595829010009766,23.364497353048886,23.595829010009766,46300,0.0,0.0
2007-10-03 00:00:00-04:00,23.410760043287286,23.66059862506178,23.392254854390114,23.401508331298828,17200,0.0,0.0
2007-10-04 00:00:00-04:00,23.568069273006266,23.568069273006266,22.716768679609782,23.327484130859375,7100,0.0,0.0
2007-10-05 00:00:00-04:00,23.503295267101088,24.188036738730442,23.25345666173188,23.845666885375977,38000,0.0,0.0
2007-10-08 00:00:00-04:00,23.743877588478224,23.984462687630874,23.660598063197682,23.96595573425293,12600,0.0,0.0
2007-10-09 00:00:00-04:00,23.984467438505174,24.002974395549003,23.679109706964276,23.901187896728516,30900,0.0,0.0
2007-10-10 00:00:00-04:00,23.89193737108088,24.058496475219727,23.780899144935503,24.058496475219727,15700,0.0,0.0
2007-10-11 00:00:00-04:00,24.058488795464534,24.16027527437366,23.614332502821423,24.039981842041016,13100,0.0,0.0
2007-10-12 00:00:00-04:00,24.03073227285041,24.197291350904997,23.910440585877932,24.132518768310547,5800,0.0,0.0
2007-10-15 00:00:00-04:00,24.049240153927038,24.17878532409668,23.854922398672574,24.17878532409668,14700,0.0,0.0
2007-10-16 00:00:00-04:00,24.16028132042831,24.474892547677968,23.98446874874864,24.447132110595703,17600,0.0,0.0
2007-10-17 00:00:00-04:00,24.47489100333406,24.928300857543945,24.22505238012028,24.928300857543945,31600,0.0,0.0
2007-10-18 00:00:00-04:00,24.946801379188383,25.215146909051928,24.56741765863113,25.12261390686035,28800,0.0,0.0
2007-10-19 00:00:00-04:00,25.122618633306832,25.205898174455033,23.503296967523806,23.605083465576172,22000,0.0,0.0
2007-10-22 00:00:00-04:00,23.64209605235822,24.437877564771192,22.83706282624236,24.34534454345703,8200,0.0,0.0
2007-10-23 00:00:00-04:00,24.63219628497435,24.63219628497435,24.076999940065164,24.576675415039062,10800,0.0,0.0
2007-10-24 00:00:00-04:00,24.451211077274316,24.451211077274316,22.82484770768854,23.50327491760254,9400,0.115,0.0
2007-10-25 00:00:00-04:00,23.35457608319586,24.060882639559694,22.88060891247089,23.261642456054688,9800,0.0,0.0
2007-10-26 00:00:00-04:00,23.605503068248442,24.16311373984078,23.419634026114633,23.809961318969727,10100,0.0,0.0
2007-10-29 00:00:00-04:00,23.94006901301409,23.94006901301409,23.178001889166303,23.50327491760254,7200,0.0,0.0
2007-10-30 00:00:00-04:00,23.382458164271732,23.456806132496943,22.360172271728516,22.360172271728516,8400,0.0,0.0
2007-10-31 00:00:00-04:00,22.945663638319267,23.605501622257407,22.63897805361929,23.131532669067383,14800,0.0,0.0
2007-11-01 00:00:00-04:00,22.769088113490085,22.778381831553986,21.19848521260016,21.207778930664062,29800,0.0,0.0
2007-11-02 00:00:00-04:00,20.845331127984352,22.183596288416773,20.845331127984352,22.09995460510254,18900,0.0,0.0
2007-11-05 00:00:00-05:00,21.756094778131637,22.267236837396197,21.709627962778633,22.016313552856445,15700,0.0,0.0
2007-11-06 00:00:00-05:00,21.87691070635762,21.988431769042442,20.75239572661445,21.895496368408203,27600,0.0,0.0
2007-11-07 00:00:00-05:00,21.588812506418318,21.635281096733763,20.231961575925865,20.362070083618164,14100,0.0,0.0
2007-11-08 00:00:00-05:00,20.59440582318926,20.86391830444336,19.79516386923054,20.86391830444336,16500,0.0,0.0
2007-11-09 00:00:00-05:00,20.76169142681277,21.06837703737948,20.25984127901515,20.6408748626709,10700,0.0,0.0
2007-11-12 00:00:00-05:00,20.64087627153717,21.08696591311524,20.241256996779324,20.817453384399414,10200,0.0,0.0
2007-11-13 00:00:00-05:00,20.97544235301578,22.025609503373907,20.69663788744216,21.99772834777832,10300,0.0,0.0
2007-11-14 00:00:00-05:00,21.876908033341124,22.257941534049365,21.48658081644547,22.09065818786621,10900,0.0,0.0
2007-11-15 00:00:00-05:00,21.941965714406635,22.07207421624026,20.863919283968425,21.310007095336914,13100,0.0,0.0
2007-11-16 00:00:00-05:00,21.29142325904707,21.811859126948935,20.724518795067368,21.765392303466797,17900,0.0,0.0
2007-11-19 00:00:00-05:00,21.4958743041952,21.4958743041952,20.650165568935602,20.854623794555664,14600,0.0,0.0
2007-11-20 00:00:00-05:00,20.891796889380522,21.2077761720704,20.334186286245725,20.854623794555664,7000,0.0,0.0
2007-11-21 00:00:00-05:00,20.770986206474948,21.83044532028372,20.770986206474948,21.430824279785156,4100,0.0,0.0
2007-11-23 00:00:00-05:00,21.096256452795856,21.700333905917425,21.096256452795856,21.533050537109375,3400,0.0,0.0
2007-11-26 00:00:00-05:00,21.60739778595657,21.756093714934025,20.5665245105191,20.77098274230957,11500,0.0,0.0
2007-11-27 00:00:00-05:00,21.04978818107135,21.523757142266287,20.808156841682045,21.514463424682617,13000,0.0,0.0
2007-11-28 00:00:00-05:00,21.793271865109443,22.21147856360891,21.254248598251163,22.0441951751709,15900,0.0,0.0
2007-11-29 00:00:00-05:00,21.960553003599887,22.11854267006876,21.39365036605496,21.625988006591797,8400,0.0,0.0
2007-11-30 00:00:00-05:00,21.979141601584313,22.099958173700582,21.114845249504903,21.36577033996582,20800,0.0,0.0
2007-12-03 00:00:00-05:00,21.71892446050581,21.71892446050581,20.724517822265625,20.724517822265625,12000,0.0,0.0
2007-12-04 00:00:00-05:00,20.640872942063343,20.994027110822337,20.58511241058389,20.594406127929688,14500,0.0,0.0
2007-12-05 00:00:00-05:00,21.217075492971684,21.37506517604629,20.95685667008536,21.356477737426758,14300,0.0,0.0
2007-12-06 00:00:00-05:00,21.56093062697271,21.923376726466124,21.105547357615254,21.886201858520508,22300,0.0,0.0
2007-12-07 00:00:00-05:00,21.932672986289138,21.932672986289138,21.152018394876123,21.207778930664062,22900,0.0,0.0
2007-12-10 00:00:00-05:00,21.430825535067836,21.55164211246042,20.984737647608345,21.468000411987305,4800,0.0,0.0
2007-12-11 00:00:00-05:00,21.533053222298282,22.109251367534448,21.356476114026552,21.839738845825195,16100,0.0,0.0
2007-12-12 00:00:00-05:00,22.11854202771136,22.11854202771136,20.919680759107774,21.75609588623047,20200,0.0,0.0
2007-12-13 00:00:00-05:00,21.523756842973775,22.062780047163795,21.04049417091504,21.830442428588867,16900,0.0,0.0
2007-12-14 00:00:00-05:00,21.458706288272687,21.94196904354241,20.891801834106445,20.891801834106445,18400,0.0,0.0
2007-12-17 00:00:00-05:00,20.733809465785498,21.01261568347246,20.51076555519319,20.585113525390625,9800,0.0,0.0
2007-12-18 00:00:00-05:00,20.947563608631516,21.718924544336478,20.52006140611066,21.663162231445312,20200,0.0,0.0
2007-12-19 00:00:00-05:00,21.402940174777132,22.09065925243113,21.22636310389719,21.783973693847656,33300,0.0,0.0
2007-12-20 00:00:00-05:00,22.09995222440584,22.09995222440584,21.607395894903885,22.072071075439453,21200,0.0,0.0
2007-12-21 00:00:00-05:00,22.415933728376316,23.67055542308557,22.21147549405397,23.605501174926758,68400,0.0,0.0
2007-12-24 00:00:00-05:00,23.50327415129324,23.605501497254988,22.49028200088586,23.5869140625,7500,0.0,0.0
2007-12-26 00:00:00-05:00,23.23376465555719,23.58691709837961,23.168710398136923,23.280231475830078,20500,0.0,0.0
2007-12-27 00:00:00-05:00,23.047890922036512,23.233761724873638,22.462400906511647,22.49028205871582,14100,0.0,0.0
2007-12-28 00:00:00-05:00,22.87131757804088,23.05718662428293,21.718923109996354,21.73750877380371,13200,0.0,0.0
2007-12-31 00:00:00-05:00,21.58881427395476,21.73751022994739,21.068378427980566,21.36577033996582,21200,0.0,0.0
2008-01-02 00:00:00-05:00,21.291423181769158,21.644577420296123,20.585116477310912,21.077672958374023,19100,0.0,0.0
2008-01-03 00:00:00-05:00,21.012618031076475,21.811858356844017,21.012618031076475,21.45870590209961,30000,0.0,0.0
2008-01-04 00:00:00-05:00,21.467999672959884,21.579520754687838,20.910388946533203,20.910388946533203,10800,0.0,0.0
2008-01-07 00:00:00-05:00,21.049786855304692,21.430820389259885,20.715221906341153,20.836036682128906,19200,0.0,0.0
2008-01-08 00:00:00-05:00,20.891799607141575,21.653866762436568,19.665057184218366,19.813753128051758,22700,0.0,0.0
2008-01-09 00:00:00-05:00,19.60929680168304,20.287722272299444,19.228263221057635,20.20408058166504,15900,0.0,0.0
2008-01-10 00:00:00-05:00,19.934568162680975,21.272831554628915,19.739403643483147,20.8453311920166,15400,0.0,0.0
2008-01-11 00:00:00-05:00,20.640873577338517,21.375061316895046,20.046089829664137,20.510765075683594,27500,0.0,0.0
2008-01-14 00:00:00-05:00,21.152018729590583,21.27283352114216,20.120439051914687,20.343482971191406,14000,0.0,0.0
2008-01-15 00:00:00-05:00,20.0182120050914,20.445712413806962,19.739405772254898,19.9345703125,13700,0.0,0.0
2008-01-16 00:00:00-05:00,19.925275045641047,20.5386462285791,19.516360332817218,20.510765075683594,27500,0.0,0.0
2008-01-17 00:00:00-05:00,20.6873408825207,20.77098256342459,19.91598009287008,20.631580352783203,11900,0.0,0.0
2008-01-18 00:00:00-05:00,20.445712408279487,20.947562563692202,19.813753741135564,20.231962203979492,46600,0.0,0.0
2008-01-22 00:00:00-05:00,19.349076425698197,21.83973595911941,19.349076425698197,21.440114974975586,14400,0.0,0.0
2008-01-23 00:00:00-05:00,21.08986582751749,22.313413793159373,20.847023933772178,22.070571899414062,28400,0.115,0.0
2008-01-24 00:00:00-05:00,22.154627533256587,22.154627533256587,20.744277886780218,21.03382110595703,23600,0.0,0.0
2008-01-25 00:00:00-05:00,21.379406101068362,21.98651169122245,20.921743175096275,21.23930549621582,29000,0.0,0.0
2008-01-28 00:00:00-05:00,21.155244466987675,21.762348266769063,21.04316469733846,21.72498893737793,33100,0.0,0.0
2008-01-29 00:00:00-05:00,21.8650915898028,22.05189359869666,21.155246450072507,21.575550079345703,14100,0.0,0.0
2008-01-30 00:00:00-05:00,21.463467008514236,21.696968612474947,20.94042391445549,21.024484634399414,17300,0.0,0.0
2008-01-31 00:00:00-05:00,21.052506555691807,22.220014635804016,20.940424996151616,21.995851516723633,27200,0.0,0.0
2008-02-01 00:00:00-05:00,22.042554505239664,22.593618501481362,21.75301297921514,22.406816482543945,9800,0.0,0.0
2008-02-04 00:00:00-05:00,22.88315852697632,22.88315852697632,21.874431610107422,21.874431610107422,42800,0.0,0.0
2008-02-05 00:00:00-05:00,21.472805241206295,22.444172676270377,21.183263778686523,21.183263778686523,43500,0.0,0.0
2008-02-06 00:00:00-05:00,21.39808664009015,21.986511674078173,21.117885430603557,21.360727310180664,29100,0.0,0.0
2008-02-07 00:00:00-05:00,21.304683610252656,22.13595044449998,21.11788341557764,21.482145309448242,37000,0.0,0.0
2008-02-08 00:00:00-05:00,21.05250336909395,21.715647003112945,21.05250336909395,21.342044830322266,9200,0.0,0.0
2008-02-11 00:00:00-05:00,21.416768891003134,21.69697012266874,21.108546823580575,21.556869506835938,31500,0.0,0.0
2008-02-12 00:00:00-05:00,21.79037073595523,22.03321263039568,21.51016950931868,21.995851516723633,14400,0.0,0.0
2008-02-13 00:00:00-05:00,22.257373549034586,22.74305732877314,21.958491771188065,22.6870174407959,23200,0.0,0.0
2008-02-14 00:00:00-05:00,22.34143108224057,22.416151516034994,21.743667611885183,21.753007888793945,25000,0.0,0.0
2008-02-15 00:00:00-05:00,21.715648995059414,22.229351807083383,21.136564238008457,21.257986068725586,20400,0.0,0.0
2008-02-19 00:00:00-05:00,21.500827991284144,21.706308760205687,21.05250534192304,21.16458511352539,39000,0.0,0.0
2008-02-20 00:00:00-05:00,21.06184576635171,21.472809123290695,21.03382671162415,21.201948165893555,25100,0.0,0.0
2008-02-21 00:00:00-05:00,21.426109599157304,21.622250108960422,20.9964656829834,20.9964656829834,29000,0.0,0.0
2008-02-22 00:00:00-05:00,21.06184216737233,21.7063070381223,20.2585979296952,20.753620147705078,76500,0.0,0.0
2008-02-25 00:00:00-05:00,20.996463825484437,21.435447981595544,20.79098305508672,21.052505493164062,86800,0.0,0.0
2008-02-26 00:00:00-05:00,21.360727411368742,21.407427019345782,21.01514425532076,21.19260597229004,49300,0.0,0.0
2008-02-27 00:00:00-05:00,20.90306281924129,21.472807303428187,20.90306281924129,21.04316520690918,36900,0.0,0.0
2008-02-28 00:00:00-05:00,20.91240304663836,21.41676736548164,20.884383994353193,21.127225875854492,12500,0.0,0.0
2008-02-29 00:00:00-05:00,20.828342462565157,21.33270678469528,20.64154224736857,20.85636329650879,27200,0.0,0.0
2008-03-03 00:00:00-05:00,20.82834265984348,21.33270698675075,20.267940227469914,20.650882720947266,34300,0.0,0.0
2008-03-04 00:00:00-05:00,20.38936202345187,21.286009198601935,20.38002174458326,20.790985107421875,40600,0.0,0.0
2008-03-05 00:00:00-05:00,20.931082039942844,20.931082039942844,20.18387767685403,20.557479858398438,8200,0.0,0.0
2008-03-06 00:00:00-05:00,20.37068061135149,20.875044960246697,19.46469497680664,19.46469497680664,45000,0.0,0.0
2008-03-07 00:00:00-05:00,19.25921076267336,19.913014106260174,18.792207610907496,18.81088638305664,42700,0.0,0.0
2008-03-10 00:00:00-04:00,18.91363325405152,19.34327542594857,18.91363325405152,18.9603328704834,8600,0.0,0.0
2008-03-11 00:00:00-04:00,19.389975518814193,20.54814338684082,19.259215176424817,20.54814338684082,17000,0.0,0.0
2008-03-12 00:00:00-04:00,20.492101875322998,20.78164337408121,19.436673596226296,20.14651870727539,29100,0.0,0.0
2008-03-13 00:00:00-04:00,19.875657941234177,20.436060387291295,19.389974158607142,19.91301727294922,26900,0.0,0.0
2008-03-14 00:00:00-04:00,20.127836752035687,20.155857584733038,19.06307005019733,19.47403335571289,15100,0.0,0.0
2008-03-17 00:00:00-04:00,18.89495058457643,19.77291717095287,18.801549580668134,19.31525421142578,16800,0.0,0.0
2008-03-18 00:00:00-04:00,19.735553355132236,20.464078948115443,19.59545275918662,20.38001823425293,38100,0.0,0.0
2008-03-19 00:00:00-04:00,20.35200107244119,20.52946101241706,20.230579238272547,20.361339569091797,18300,0.0,0.0
2008-03-20 00:00:00-04:00,20.67889983652647,20.828340708690245,19.91301492131819,20.622859954833984,94800,0.0,0.0
2008-03-24 00:00:00-04:00,20.74427989786661,21.42610587806783,20.650880689310235,20.781641006469727,33100,0.0,0.0
2008-03-25 00:00:00-04:00,20.650884275765712,21.38874848406565,20.650884275765712,20.9964656829834,28400,0.0,0.0
2008-03-26 00:00:00-04:00,21.108545061766733,21.43544765907584,20.84702262762428,21.398086547851562,26300,0.0,0.0
2008-03-27 00:00:00-04:00,21.463466845711302,21.463466845711302,20.856363036313585,21.26732635498047,6800,0.0,0.0
2008-03-28 00:00:00-04:00,21.08052242776425,21.426105551167655,21.08052242776425,21.35138511657715,6400,0.0,0.0
2008-03-31 00:00:00-04:00,21.34204648149241,21.71564868318757,20.69758157014587,21.61290740966797,21700,0.0,0.0
2008-04-01 00:00:00-04:00,21.668946811622067,22.257369995117188,21.61290515111729,22.257369995117188,19000,0.0,0.0
2008-04-02 00:00:00-04:00,22.15463074360285,22.238691460515692,21.73432894051445,22.10793113708496,21700,0.0,0.0
2008-04-03 00:00:00-04:00,21.949146257525182,22.182647813456303,21.668945102998038,22.05188751220703,11200,0.0,0.0
2008-04-04 00:00:00-04:00,22.18265502214188,22.789758908557918,21.790372209438644,22.593618392944336,15200,0.0,0.0
2008-04-07 00:00:00-04:00,21.874429409290414,22.649654630540606,21.874429409290414,22.36945343017578,19700,0.0,0.0
2008-04-08 00:00:00-04:00,21.930472916531127,22.462856354072837,21.472809930197446,22.378795623779297,17400,0.0,0.0
2008-04-09 00:00:00-04:00,22.500215822052546,22.88315832912389,21.939811588309425,22.09859275817871,47200,0.0,0.0
2008-04-10 00:00:00-04:00,22.13595574823116,22.285396652367186,21.622251081471983,22.220016479492188,14000,0.0,0.0
2008-04-11 00:00:00-04:00,21.911789356854563,22.350773506360675,21.351386940297047,21.398086547851562,22300,0.0,0.0
2008-04-14 00:00:00-04:00,21.893110565414617,22.061232002839326,20.76296189243508,21.379405975341797,41100,0.0,0.0
2008-04-15 00:00:00-04:00,21.061841496750674,21.883768044009855,20.83768019699153,21.846406936645508,19500,0.0,0.0
2008-04-16 00:00:00-04:00,21.83706973573417,22.88315773010254,21.388747073065968,22.88315773010254,20100,0.0,0.0
2008-04-17 00:00:00-04:00,22.360116650913366,23.079300319427524,22.29473647936445,22.61229705810547,13000,0.0,0.0
2008-04-18 00:00:00-04:00,23.051281035118272,23.10732092710745,21.96783362212196,22.967220306396484,22100,0.0,0.0
2008-04-21 00:00:00-04:00,22.733714812100136,23.210058266694272,21.977170163733334,23.135337829589844,15100,0.0,0.0
2008-04-22 00:00:00-04:00,22.985897558454706,22.985897558454706,21.51950782838476,22.163970947265625,27200,0.0,0.0
2008-04-23 00:00:00-04:00,22.384533000603568,22.656712969781356,21.746315431288387,22.450231552124023,7500,0.115,0.0
2008-04-24 00:00:00-04:00,22.506541341761995,23.323084720801113,22.056035514089185,23.163530349731445,11000,0.0,0.0
2008-04-25 00:00:00-04:00,23.05090676561581,23.4357141134221,22.178050462979137,22.97582244873047,13100,0.0,0.0
2008-04-28 00:00:00-04:00,22.900737271343505,23.4263274697917,22.384532835922222,23.1353759765625,14000,0.0,0.0
2008-04-29 00:00:00-04:00,23.163533493449016,23.163533493449016,22.83503894488154,23.079063415527344,4800,0.0,0.0
2008-04-30 00:00:00-04:00,23.20107650756836,23.445100996639198,22.62855923527852,23.20107650756836,10200,0.0,0.0
2008-05-01 00:00:00-04:00,23.39817125500269,23.463869804029784,22.581627798155928,23.17291831970215,14800,0.0,0.0
2008-05-02 00:00:00-04:00,23.454484618369815,23.454484618369815,22.440845489501953,22.440845489501953,9100,0.0,0.0
2008-05-05 00:00:00-04:00,22.619171368453657,22.619171368453657,21.32396472304845,22.25313377380371,33100,0.0,0.0
2008-05-06 00:00:00-04:00,22.206207294277963,22.647327423095703,21.502291166715935,22.647327423095703,13300,0.0,0.0
2008-05-07 00:00:00-04:00,22.759952755329113,23.15414582310993,21.0330118669704,21.079938888549805,12000,0.0,0.0
2008-05-08 00:00:00-04:00,21.286424680052267,21.417821788645984,20.66697861075139,21.164411544799805,23900,0.0,0.0
2008-05-09 00:00:00-04:00,20.798376893087287,21.436594525390742,20.798376893087287,21.201955795288086,6100,0.0,0.0
2008-05-12 00:00:00-04:00,21.445976933394988,21.549216741181482,20.91100099890198,21.530447006225586,10100,0.0,0.0
2008-05-13 00:00:00-04:00,21.596145629882812,21.887097109460566,21.47413250640909,21.596145629882812,13600,0.0,0.0
2008-05-14 00:00:00-04:00,21.549216816950164,22.35637449788005,21.41781972104108,21.596145629882812,11800,0.0,0.0
2008-05-15 00:00:00-04:00,21.48352313438751,22.18743937643325,21.48352313438751,21.82140350341797,12800,0.0,0.0
2008-05-16 00:00:00-04:00,22.102967333655947,22.55347504932448,21.53045005795139,21.633689880371094,25200,0.0,0.0
2008-05-19 00:00:00-04:00,21.521063021389967,22.149894843210895,21.41782141492418,21.840171813964844,24100,0.0,0.0
2008-05-20 00:00:00-04:00,21.821401793980975,22.16866790051956,21.23011298464941,22.018497467041016,16000,0.0,0.0
2008-05-21 00:00:00-04:00,22.04665484481294,22.637945446598202,21.56799162103726,21.643075942993164,11600,0.0,0.0
2008-05-22 00:00:00-04:00,21.952794239548755,22.431457359639328,21.690000064703696,22.300060272216797,8400,0.0,0.0
2008-05-23 00:00:00-04:00,22.121739691538153,22.431462750722403,21.95279951559193,22.2249813079834,7800,0.0,0.0
2008-05-27 00:00:00-04:00,22.51593114216735,22.928895786680826,22.12173802471161,22.609786987304688,12200,0.0,0.0
2008-05-28 00:00:00-04:00,22.656712403873012,22.85380984366265,22.243749578873135,22.619171142578125,9200,0.0,0.0
2008-05-29 00:00:00-04:00,22.778726718464064,23.407558541760046,22.69425663845779,22.910123825073242,17000,0.0,0.0
2008-05-30 00:00:00-04:00,22.713027475161738,23.37940054146607,22.102965406949167,22.384532928466797,28500,0.0,0.0
2008-06-02 00:00:00-04:00,22.328219540122983,22.79749693988865,21.427206001694273,21.802627563476562,14500,0.0,0.0
2008-06-03 00:00:00-04:00,21.802629004772268,22.440846597068106,21.126870148892085,21.47413444519043,14000,0.0,0.0
2008-06-04 00:00:00-04:00,21.342736116172535,21.7557007328782,20.94854302526059,21.305194854736328,14900,0.0,0.0
2008-06-05 00:00:00-04:00,21.230112442492835,22.947667823067682,21.230112442492835,22.816268920898438,34300,0.0,0.0
2008-06-06 00:00:00-04:00,22.581624751218087,23.032132351183396,22.149890464350406,22.262516021728516,10400,0.0,0.0
2008-06-09 00:00:00-04:00,22.056035778434605,23.13537334147673,21.736927032470703,21.736927032470703,8700,0.0,0.0
2008-06-10 00:00:00-04:00,21.614920178745873,22.34699186139231,21.614920178745873,22.009113311767578,3300,0.0,0.0
2008-06-11 00:00:00-04:00,21.905870749353145,21.905870749353145,21.164411544799805,21.164411544799805,3700,0.0,0.0
2008-06-12 00:00:00-04:00,21.577376536922383,22.478390155129105,21.577376536922383,21.990341186523438,6400,0.0,0.0
2008-06-13 00:00:00-04:00,22.365760803222656,22.450230878400117,21.605531916776734,22.365760803222656,4700,0.0,0.0
2008-06-16 00:00:00-04:00,22.422077061733482,22.57224570971153,22.346992737744458,22.478391647338867,4900,0.0,0.0
2008-06-17 00:00:00-04:00,22.43146042080867,22.5347020265304,21.962182998657227,21.962182998657227,3700,0.0,0.0
2008-06-18 00:00:00-04:00,21.812013026087048,21.821398788771326,21.530447306163374,21.539833068847656,5900,0.0,0.0
2008-06-19 00:00:00-04:00,21.483518754732852,21.924640655517578,21.286423106412943,21.924640655517578,4900,0.0,0.0
2008-06-20 00:00:00-04:00,21.84017000988739,22.084194465825654,21.342735335457334,21.530447006225586,27400,0.0,0.0
2008-06-23 00:00:00-04:00,21.54921810180511,21.95279696633312,21.136255264282227,21.136255264282227,10400,0.0,0.0
2008-06-24 00:00:00-04:00,20.84529789569736,21.01423801894702,20.704515056372955,20.75144386291504,9000,0.0,0.0
2008-06-25 00:00:00-04:00,20.563736798408172,21.07055728107081,20.178929449787127,20.967315673828125,15000,0.0,0.0
2008-06-26 00:00:00-04:00,20.648208587775873,22.356378284522187,20.648208587775873,21.905872344970703,47600,0.0,0.0
2008-06-27 00:00:00-04:00,21.821398778631245,22.356374720328336,20.967314066421643,20.976699829101562,185500,0.0,0.0
2008-06-30 00:00:00-04:00,20.957934323896524,21.624309344377146,19.850439071655273,19.850439071655273,30600,0.0,0.0
2008-07-01 00:00:00-04:00,19.89736261103023,20.141385285352438,19.653338146556795,19.9912166595459,16000,0.0,0.0
2008-07-02 00:00:00-04:00,19.906747953407347,20.13200269776662,19.59702491760254,19.59702491760254,13500,0.0,0.0
2008-07-03 00:00:00-04:00,19.437470746700257,19.700266758111407,19.24037508075542,19.540712356567383,4100,0.0,0.0
2008-07-07 00:00:00-04:00,19.334229751527804,19.484398380304032,18.968192152503388,19.249759674072266,9600,0.0,0.0
2008-07-08 00:00:00-04:00,19.521940761373855,21.29581069946289,19.484399497103652,21.29581069946289,8900,0.0,0.0
2008-07-09 00:00:00-04:00,20.413569458434335,21.201955732454948,20.357256664618987,20.50742530822754,12300,0.0,0.0
2008-07-10 00:00:00-04:00,20.122615126242646,21.821398788771326,20.07568631282124,21.539833068847656,10900,0.0,0.0
2008-07-11 00:00:00-04:00,21.248880875857783,22.32822036743164,21.16441079755807,22.32822036743164,15300,0.0,0.0
2008-07-14 00:00:00-04:00,22.337608031524216,22.75995849281229,21.29581321059959,21.82140350341797,17800,0.0,0.0
2008-07-15 00:00:00-04:00,21.539835621432044,22.600401868321846,21.23011257675171,22.506546020507812,11700,0.0,0.0
2008-07-16 00:00:00-04:00,22.68486939814204,23.276158129537066,22.515929249128835,23.17291831970215,15600,0.0,0.0
2008-07-17 00:00:00-04:00,23.276159476959407,24.8623176687745,22.713028001184806,24.787233352661133,38200,0.0,0.0
2008-07-18 00:00:00-04:00,24.759072612246786,24.759072612246786,23.003976296390295,23.42632484436035,16700,0.0,0.0
2008-07-21 00:00:00-04:00,24.777852452257864,24.777852452257864,22.947671216498023,23.55773162841797,4500,0.0,0.0
2008-07-22 00:00:00-04:00,23.47325672277158,24.590137481689453,23.219846486771917,24.590137481689453,13100,0.0,0.0
2008-07-23 00:00:00-04:00,24.613702636017678,24.632555120183152,23.953817143056547,24.406309127807617,5800,0.115,0.0
2008-07-24 00:00:00-04:00,24.8305203781154,24.8305203781154,24.274331664104118,24.538286209106445,5700,0.0,0.0
2008-07-25 00:00:00-04:00,24.510008740364533,24.538290166976008,23.435339701737863,24.51943588256836,14200,0.0,0.0
2008-07-28 00:00:00-04:00,24.114076537170448,24.29318863388795,23.312787470848374,23.802988052368164,5200,0.0,0.0
2008-07-29 00:00:00-04:00,23.265653790331722,24.943645477294922,23.237372364872414,24.943645477294922,14800,0.0,0.0
2008-07-30 00:00:00-04:00,24.971925594057534,24.990779876708984,23.859548090229005,24.990779876708984,14600,0.0,0.0
2008-07-31 00:00:00-04:00,24.51000691830248,24.830522537231445,24.14235738990183,24.830522537231445,9000,0.0,0.0
2008-08-01 00:00:00-04:00,25.349003185131025,26.829030264643507,25.019062216865255,25.41499137878418,44500,0.0,0.0
2008-08-04 00:00:00-04:00,25.377287692107565,25.45270303659053,25.009638112508554,25.1793212890625,11500,0.0,0.0
2008-08-05 00:00:00-04:00,25.73550796452924,25.93347435092529,24.151785863578286,24.8870849609375,13200,0.0,0.0
2008-08-06 00:00:00-04:00,25.122755820183265,25.85805664835082,24.217771845247807,25.358428955078125,14700,0.0,0.0
2008-08-07 00:00:00-04:00,25.000207965312974,25.000207965312974,24.076369656907236,24.23662567138672,9000,0.0,0.0
2008-08-08 00:00:00-04:00,24.312041883647012,25.452699013409358,23.65215637519313,24.990779876708984,14600,0.0,0.0
2008-08-11 00:00:00-04:00,25.358428313349968,26.71590603944374,24.20834409146304,26.404817581176758,11900,0.0,0.0
2008-08-12 00:00:00-04:00,26.69705783598517,26.725339265191568,25.933477227849323,26.367115020751953,9100,0.0,0.0
2008-08-13 00:00:00-04:00,26.36711370717027,26.414249420166016,26.27284587726598,26.414249420166016,13500,0.0,0.0
2008-08-14 00:00:00-04:00,25.886338691166827,26.480236053466797,25.66951981834649,26.480236053466797,7600,0.0,0.0
2008-08-15 00:00:00-04:00,26.838460451490203,26.857314736971347,25.792072779897406,25.83920669555664,14400,0.0,0.0
2008-08-18 00:00:00-04:00,25.782645921060407,26.583935082396156,25.283018138570203,26.338834762573242,10500,0.0,0.0
2008-08-19 00:00:00-04:00,25.763788506008613,26.329404421664066,25.443272880405303,26.159719467163086,5800,0.0,0.0
2008-08-20 00:00:00-04:00,26.159718547654784,26.44252559652019,25.509260177612305,25.509260177612305,15700,0.0,0.0
2008-08-21 00:00:00-04:00,24.858807482146794,25.311299550111336,24.858807482146794,25.075626373291016,3500,0.0,0.0
2008-08-22 00:00:00-04:00,24.830520841543116,25.66008945867954,24.69854446560041,25.45269775390625,9000,0.0,0.0
2008-08-25 00:00:00-04:00,24.934222293393212,25.452702552088688,24.651413408432727,24.924795150756836,8400,0.0,0.0
2008-08-26 00:00:00-04:00,25.056771154395193,25.12275935376022,24.55714339084864,24.755109786987305,7500,0.0,0.0
2008-08-27 00:00:00-04:00,24.81166908790504,24.981354044574005,24.773962318669412,24.943645477294922,6000,0.0,0.0
2008-08-28 00:00:00-04:00,24.34974817551071,24.717397689819336,24.34974817551071,24.717397689819336,7100,0.0,0.0
2008-08-29 00:00:00-04:00,24.74568047005971,24.74568047005971,24.34974951061702,24.56656837463379,9800,0.0,0.0
2008-09-02 00:00:00-04:00,25.27358408168132,25.27358408168132,23.934960730726047,24.114072799682617,14300,0.0,0.0
2008-09-03 00:00:00-04:00,24.406313894543047,24.849380622767278,23.774709701538086,23.774709701538086,15000,0.0,0.0
2008-09-04 00:00:00-04:00,23.501323361959344,23.80298466206895,23.105392456054688,23.105392456054688,5000,0.0,0.0
2008-09-05 00:00:00-04:00,23.020553384903224,23.086541579276417,22.624622420620625,22.935710906982422,4600,0.0,0.0
2008-09-08 00:00:00-04:00,23.671010313928843,23.944390216229504,22.068432272706595,22.238117218017578,13600,0.0,0.0
2008-09-09 00:00:00-04:00,22.29468106432075,22.99227341742266,22.29468106432075,22.454938888549805,8300,0.0,0.0
2008-09-10 00:00:00-04:00,23.275081234961675,24.594850540161133,22.992272370819556,24.594850540161133,19500,0.0,0.0
2008-09-11 00:00:00-04:00,24.45344694740688,24.510008000879818,24.330895900498138,24.491153717041016,10300,0.0,0.0
2008-09-12 00:00:00-04:00,24.707972997353068,24.707972997353068,23.180811941919746,23.812416076660156,5800,0.0,0.0
2008-09-15 00:00:00-04:00,23.510751616363024,24.359174512633274,22.662328720092773,22.662328720092773,10300,0.0,0.0
2008-09-16 00:00:00-04:00,23.312785327051504,24.378028869628906,21.927027985462512,24.378028869628906,12100,0.0,0.0
2008-09-17 00:00:00-04:00,23.944393254568116,24.16121213529202,21.38969700367551,21.606515884399414,11900,0.0,0.0
2008-09-18 00:00:00-04:00,22.351241722863843,24.51943588256836,21.446257647818967,24.51943588256836,37400,0.0,0.0
2008-09-19 00:00:00-04:00,25.99003393330892,26.810177262433736,23.586168592912948,25.367856979370117,105300,0.0,0.0
2008-09-22 00:00:00-04:00,25.462126421209543,25.50926033028809,23.520180238870672,23.56731414794922,9400,0.0,0.0
2008-09-23 00:00:00-04:00,23.095967522271746,24.82109482038092,23.095967522271746,24.246051788330078,20500,0.0,0.0
2008-09-24 00:00:00-04:00,24.05751582515783,24.604277466727623,23.944391920882527,24.302616119384766,19400,0.0,0.0
2008-09-25 00:00:00-04:00,24.396883751033165,24.623131557813768,24.13293097319487,24.4251651763916,13100,0.0,0.0
2008-09-26 00:00:00-04:00,23.934964313772035,24.510007369743764,23.671011538999508,24.029233932495117,19700,0.0,0.0
2008-09-29 00:00:00-04:00,23.53903436721082,24.35917774796232,21.22001135619537,22.322961807250977,15900,0.0,0.0
2008-09-30 00:00:00-04:00,22.605769317062297,23.89725903879245,22.143850134294976,23.444766998291016,21300,0.0,0.0
2008-10-01 00:00:00-04:00,23.661584301721952,24.0009524104931,22.21926399580348,23.510753631591797,15900,0.0,0.0
2008-10-02 00:00:00-04:00,23.284506351496294,24.000951096365217,22.7943058013916,22.7943058013916,15600,0.0,0.0
2008-10-03 00:00:00-04:00,23.67101032170666,23.67101032170666,22.78487882814888,22.98284339904785,9100,0.0,0.0
2008-10-06 00:00:00-04:00,22.46436289956773,22.62462070145812,20.569550700055412,21.842185974121094,19800,0.0,0.0
2008-10-07 00:00:00-04:00,22.219266706913352,22.219266706913352,19.419470028202994,19.50431251525879,23400,0.0,0.0
2008-10-08 00:00:00-04:00,19.325199293857125,20.352734424544717,17.618926103559,18.665313720703125,35000,0.0,0.0
2008-10-09 00:00:00-04:00,18.985828497147896,19.29691698500432,17.703767776489258,17.703767776489258,17000,0.0,0.0
2008-10-10 00:00:00-04:00,16.32743503315099,17.986574172973633,16.025773698282038,17.986574172973633,52900,0.0,0.0
2008-10-13 00:00:00-04:00,18.54276487072062,22.643478340383993,18.127979592918063,22.33238983154297,18900,0.0,0.0
2008-10-14 00:00:00-04:00,22.52092694029625,22.52092694029625,20.3527345541959,20.88064193725586,10800,0.0,0.0
2008-10-15 00:00:00-04:00,20.588404372372224,21.568803638748243,19.777688245874998,20.512989044189453,15200,0.0,0.0
2008-10-16 00:00:00-04:00,20.673249892204304,22.615196228027344,20.00393718252002,22.615196228027344,32300,0.0,0.0
2008-10-17 00:00:00-04:00,22.190982356089755,22.85086602854334,21.125738822119995,22.12499237060547,26000,0.0,0.0
2008-10-20 00:00:00-04:00,22.615196305074516,22.615196305074516,20.56012605425997,22.077861785888672,8200,0.0,0.0
2008-10-21 00:00:00-04:00,21.615943060126423,21.795055169630235,20.315026177689255,20.758092880249023,10700,0.0,0.0
2008-10-22 00:00:00-04:00,20.298485757050464,21.84314096858068,19.303462671967687,20.8670711517334,8400,0.115,0.0
2008-10-23 00:00:00-04:00,20.44062817494102,20.601727312558065,19.445605259206978,19.97628402709961,9200,0.0,0.0
2008-10-24 00:00:00-04:00,18.479009007833092,20.58277245956955,18.479009007833092,19.66356086730957,6300,0.0,0.0
2008-10-27 00:00:00-04:00,19.009694011837333,20.516444619223282,18.829643371131226,18.943359375,6200,0.0,0.0
2008-10-28 00:00:00-04:00,19.331890700232286,19.691995565533478,18.668542581623626,19.67304229736328,15300,0.0,0.0
2008-10-29 00:00:00-04:00,19.93838063836603,21.767327454566768,19.417176660628833,19.65408706665039,11800,0.0,0.0
2008-10-30 00:00:00-04:00,20.668066226882075,22.69602081720732,20.184768713614606,22.534921646118164,7100,0.0,0.0
2008-10-31 00:00:00-04:00,22.497013517283754,22.932929634838125,22.042145939605085,22.74340057373047,19600,0.0,0.0
2008-11-03 00:00:00-05:00,22.752877151707526,22.98031093998883,22.12743378206318,22.72444725036621,15900,0.0,0.0
2008-11-04 00:00:00-05:00,22.98030741166001,22.98030741166001,21.39774596297009,22.39276885986328,11000,0.0,0.0
2008-11-05 00:00:00-05:00,22.023189864168877,22.15585910553983,19.19921842009991,20.071048736572266,17100,0.0,0.0
2008-11-06 00:00:00-05:00,19.90995142141136,20.421676976067417,19.445607226590543,19.49298858642578,9500,0.0,0.0
2008-11-07 00:00:00-05:00,19.739377323684757,20.478538529773203,19.199221822401462,19.341367721557617,11300,0.0,0.0
2008-11-10 00:00:00-05:00,20.042620972462394,20.042620972462394,18.706446361463772,19.066551208496094,4000,0.0,0.0
2008-11-11 00:00:00-05:00,18.943359736718502,20.81969010373094,18.68749601190317,19.76780891418457,4900,0.0,0.0
2008-11-12 00:00:00-05:00,19.360321083315753,19.76780732167953,18.687494506428706,18.801212310791016,11200,0.0,0.0
2008-11-13 00:00:00-05:00,18.90545154391605,20.364818737569813,18.033621158070414,19.900474548339844,20900,0.0,0.0
2008-11-14 00:00:00-05:00,19.445608194531605,20.042621672594958,19.42665492666087,19.464561462402344,5400,0.0,0.0
2008-11-17 00:00:00-05:00,18.67801578036604,19.085501973095628,18.469535271113145,18.668540954589844,5400,0.0,0.0
2008-11-18 00:00:00-05:00,18.782259616692972,19.502467579730045,18.071528288266247,19.142364501953125,13300,0.0,0.0
2008-11-19 00:00:00-05:00,19.09497903825283,20.37429563744977,18.156814014170546,18.355819702148438,14700,0.0,0.0
2008-11-20 00:00:00-05:00,18.232623602228813,18.933878147604975,18.128382451063825,18.526391983032227,13000,0.0,0.0
2008-11-21 00:00:00-05:00,18.52639360923891,19.796233569959853,17.05754976880706,19.474035263061523,20200,0.0,0.0
2008-11-24 00:00:00-05:00,19.767804434757675,20.260576695073954,18.801209565032224,19.928903579711914,22800,0.0,0.0
2008-11-25 00:00:00-05:00,20.260580617644692,21.795761108398438,19.85309616738232,21.795761108398438,36700,0.0,0.0
2008-11-26 00:00:00-05:00,21.103979148753588,21.985286137767233,20.781780855834988,21.663087844848633,24300,0.0,0.0
2008-11-28 00:00:00-05:00,21.236652306070166,22.506492445487936,21.037648398354662,22.411727905273438,4400,0.0,0.0
2008-12-01 00:00:00-05:00,21.76732909682406,22.298009747737794,18.583254228757124,18.810688018798828,17400,0.0,0.0
2008-12-02 00:00:00-05:00,19.350842534445558,20.127908397009293,18.384247619190813,19.957332611083984,13500,0.0,0.0
2008-12-03 00:00:00-05:00,19.31293515497652,22.326435754372774,19.31293515497652,22.16533660888672,22200,0.0,0.0
2008-12-04 00:00:00-05:00,21.359846187005452,22.69602092707286,21.189270380616726,21.454608917236328,20200,0.0,0.0
2008-12-05 00:00:00-05:00,21.12293403567482,22.66758918762207,21.12293403567482,22.66758918762207,10900,0.0,0.0
2008-12-08 00:00:00-05:00,22.847640734898224,23.634183231238392,21.56832414730125,22.174814224243164,49900,0.0,0.0
2008-12-09 00:00:00-05:00,22.809735605045265,22.809735605045265,21.70099473522771,21.852617263793945,14100,0.0,0.0
2008-12-10 00:00:00-05:00,21.625181096456654,22.29800757463937,21.094502304744413,22.070573806762695,13500,0.0,0.0
2008-12-11 00:00:00-05:00,21.520942203223598,22.08952758640623,20.620683670043945,20.620683670043945,20300,0.0,0.0
2008-12-12 00:00:00-05:00,20.09000393034145,21.189268112182617,19.08550246858626,21.189268112182617,21100,0.0,0.0
2008-12-15 00:00:00-05:00,21.786282075705714,21.786282075705714,20.307961556291545,20.93340492248535,7000,0.0,0.0
2008-12-16 00:00:00-05:00,21.293507188704755,22.260102103861897,19.701470737689643,22.13690948486328,27700,0.0,0.0
2008-12-17 00:00:00-05:00,21.644138734364557,22.269582174233737,20.848119482261367,21.890525817871094,22100,0.0,0.0
2008-12-18 00:00:00-05:00,21.97580957766831,22.50648837644937,20.73439775951644,21.719945907592773,18300,0.0,0.0
2008-12-19 00:00:00-05:00,22.58230131285515,23.21722131499306,20.4216776173374,20.431154251098633,49400,0.0,0.0
2008-12-22 00:00:00-05:00,20.781779907910742,21.34088857850303,20.06157209820741,21.113454818725586,13400,0.0,0.0
2008-12-23 00:00:00-05:00,21.255603488845345,21.255603488845345,20.38377305793362,21.08502769470215,41500,0.0,0.0
2008-12-24 00:00:00-05:00,20.677540529358556,22.26957879175354,20.52591800984313,21.634658813476562,20200,0.0,0.0
2008-12-26 00:00:00-05:00,20.97131023996718,22.497013970949588,20.97131023996718,21.871570587158203,14100,0.0,0.0
2008-12-29 00:00:00-05:00,21.710469783760065,22.411724379039562,21.539893999708813,22.023191452026367,12200,0.0,0.0
2008-12-30 00:00:00-05:00,22.430681396957343,22.913978930102722,21.805237955824097,22.52544593811035,26200,0.0,0.0
2008-12-31 00:00:00-05:00,22.66758894124543,23.83318776785099,22.004239045665994,23.634183883666992,15100,0.0,0.0
2009-01-02 00:00:00-05:00,23.842665019071283,24.155386707662704,22.620208166389595,24.013240814208984,19100,0.0,0.0
2009-01-05 00:00:00-05:00,23.880568950621594,23.880568950621594,23.046643333656842,23.6152286529541,17200,0.0,0.0
2009-01-06 00:00:00-05:00,23.747900444740797,23.88057151154347,22.72444748324511,23.435178756713867,10300,0.0,0.0
2009-01-07 00:00:00-05:00,23.07507190930471,23.07507190930471,21.606226434708148,22.3548641204834,11500,0.0,0.0
2009-01-08 00:00:00-05:00,22.127432311726185,22.46858206773767,21.653611499087436,22.37381935119629,14400,0.0,0.0
2009-01-09 00:00:00-05:00,22.316960656407076,22.316960656407076,20.21319679490273,20.260578155517578,14800,0.0,0.0
2009-01-12 00:00:00-05:00,19.673043456884045,21.02817148371046,19.663566822240398,19.815189361572266,21000,0.0,0.0
2009-01-13 00:00:00-05:00,19.767808157096812,20.48801612854004,19.492991172638902,20.48801612854004,9200,0.0,0.0
2009-01-14 00:00:00-05:00,20.165813189542504,20.772303213820134,19.511940002441406,19.511940002441406,8900,0.0,0.0
2009-01-15 00:00:00-05:00,19.502464814258346,20.326913833618164,18.867544845263517,20.326913833618164,28700,0.0,0.0
2009-01-16 00:00:00-05:00,19.58775256820997,20.82916259765625,19.58775256820997,20.82916259765625,13500,0.0,0.0
2009-01-20 00:00:00-05:00,20.829166590597147,20.829166590597147,19.094982147216797,19.094982147216797,8700,0.0,0.0
2009-01-21 00:00:00-05:00,19.25223759559515,20.500773239945072,18.708979879732333,20.0909481048584,26900,0.115,0.0
2009-01-22 00:00:00-05:00,19.71924844847794,20.95825315010814,18.947251449384517,19.395200729370117,19500,0.0,0.0
2009-01-23 00:00:00-05:00,18.94725381779262,19.643004488644735,18.632737088503703,19.13787078857422,11100,0.0,0.0
2009-01-26 00:00:00-05:00,19.461915985752306,19.747839586420668,18.77569825343349,19.442853927612305,13300,0.0,0.0
2009-01-27 00:00:00-05:00,19.45238424022137,20.967783267236648,19.147398592646095,20.82482147216797,33600,0.0,0.0
2009-01-28 00:00:00-05:00,20.967782996676593,21.444323519328336,20.32921862360895,20.939189910888672,13600,0.0,0.0
2009-01-29 00:00:00-05:00,20.634202483686266,20.805757347869427,19.69065254853657,19.862207412719727,7100,0.0,0.0
2009-01-30 00:00:00-05:00,19.709719348529674,19.7287814086625,19.357078507504852,19.404733657836914,11000,0.0,0.0
2009-02-02 00:00:00-05:00,19.204583662294272,19.538162408449136,19.071152890975494,19.43332290649414,11600,0.0,0.0
2009-02-03 00:00:00-05:00,19.652530670166016,19.71924604812166,19.17599017864544,19.652530670166016,14200,0.0,0.0
2009-02-04 00:00:00-05:00,19.5953433286515,19.814553323193117,19.223642349243164,19.223642349243164,6500,0.0,0.0
2009-02-05 00:00:00-05:00,19.1473995777219,19.671593459227864,19.1378685485126,19.318954467773438,7700,0.0,0.0
2009-02-06 00:00:00-05:00,19.299895077501382,19.91939751888658,19.299895077501382,19.843151092529297,14700,0.0,0.0
2009-02-09 00:00:00-05:00,19.662063380861447,20.357814003922883,19.13786947400585,19.80502700805664,10000,0.0,0.0
2009-02-10 00:00:00-05:00,19.738308184381236,20.472181048183007,18.651796340942383,18.651796340942383,9700,0.0,0.0
2009-02-11 00:00:00-05:00,18.70898133156845,18.871005192481565,18.070416917129457,18.327749252319336,10500,0.0,0.0
2009-02-12 00:00:00-05:00,18.4611834955594,19.57628856331612,17.889334416581423,19.404733657836914,25600,0.0,0.0
2009-02-13 00:00:00-05:00,19.36660620990398,19.614407495477916,19.118804924330046,19.12833595275879,3700,0.0,0.0
2009-02-17 00:00:00-05:00,18.451650611516243,19.12833731751671,17.917923888573362,18.461181640625,16900,0.0,0.0
2009-02-18 00:00:00-05:00,18.33728122242986,18.57555151141859,17.879802703857422,17.879802703857422,6100,0.0,0.0
2009-02-19 00:00:00-05:00,18.261031806164,18.546955378889262,18.17525437077487,18.42305564880371,3400,0.0,0.0
2009-02-20 00:00:00-05:00,18.12760165288893,19.09974474116929,18.013231129267442,18.0894775390625,12500,0.0,0.0
2009-02-23 00:00:00-05:00,18.213383582493716,18.213383582493716,16.87906835525627,16.898130416870117,9700,0.0,0.0
2009-02-24 00:00:00-05:00,17.39372894410068,18.060886397866845,16.726571490334514,18.041824340820312,20200,0.0,0.0
2009-02-25 00:00:00-05:00,18.013232814314236,18.013232814314236,16.70751269719811,17.26983070373535,15300,0.0,0.0
2009-02-26 00:00:00-05:00,17.479506366651133,17.93698482819442,16.03082275390625,16.03082275390625,32500,0.0,0.0
2009-02-27 00:00:00-05:00,16.002234595227016,16.821883210273658,15.906926109423964,16.383466720581055,18200,0.0,0.0
2009-03-02 00:00:00-05:00,16.17378613832625,16.383465150571283,15.077743201269186,15.249298095703125,22100,0.0,0.0
2009-03-03 00:00:00-05:00,15.468505344314694,15.611467141377135,14.791818656552131,15.258828163146973,9200,0.0,0.0
2009-03-04 00:00:00-05:00,14.972904604075666,15.887862526175013,14.972904604075666,15.249298095703125,10700,0.0,0.0
2009-03-05 00:00:00-05:00,14.915720007403298,15.011028488361333,14.343871848442193,14.439179420471191,13500,0.0,0.0
2009-03-06 00:00:00-05:00,14.648855522526205,14.991964370807903,14.296215645671118,14.477300643920898,16100,0.0,0.0
2009-03-09 00:00:00-04:00,14.258094982155127,14.343872436749676,13.629061527033869,13.714838981628418,16800,0.0,0.0
2009-03-10 00:00:00-04:00,13.981698259407333,14.934779253728601,13.59093519716423,14.877593994140625,15700,0.0,0.0
2009-03-11 00:00:00-04:00,14.92524927554353,14.92524927554353,13.962637185422178,14.353401184082031,17000,0.0,0.0
2009-03-12 00:00:00-04:00,14.239029929302593,15.230234146118164,13.924513267837094,15.230234146118164,16800,0.0,0.0
2009-03-13 00:00:00-04:00,15.249298728403632,15.983171665993993,14.706042752061544,15.859270095825195,18400,0.0,0.0
2009-03-16 00:00:00-04:00,16.16425364077377,16.16425364077377,14.601201309641182,14.982434272766113,12200,0.0,0.0
2009-03-17 00:00:00-04:00,15.716305904425182,17.241235909968175,14.763224878193034,17.12686538696289,15200,0.0,0.0
2009-03-18 00:00:00-04:00,16.993437234850433,18.64226722717285,15.840209888569062,18.64226722717285,14900,0.0,0.0
2009-03-19 00:00:00-04:00,17.574813004826865,18.81381749702084,17.574813004826865,18.02276039123535,5400,0.0,0.0
2009-03-20 00:00:00-04:00,18.270566176459923,18.480243380289963,17.708248138427734,17.708248138427734,18400,0.0,0.0
2009-03-23 00:00:00-04:00,18.251501199999787,19.195051193237305,18.251501199999787,19.195051193237305,18900,0.0,0.0
2009-03-24 00:00:00-04:00,18.86147385388789,19.299890241114326,18.42305564880371,18.42305564880371,6600,0.0,0.0
2009-03-25 00:00:00-04:00,18.632733245066795,19.2998906873274,18.11807043869078,19.195051193237305,7700,0.0,0.0
2009-03-26 00:00:00-04:00,18.72804339750516,19.29989242553711,18.651796981624766,19.29989242553711,16000,0.0,0.0
2009-03-27 00:00:00-04:00,18.890068267252712,19.061623166609486,16.83141311068753,16.90765953063965,11600,0.0,0.0
2009-03-30 00:00:00-04:00,16.68845052047242,17.62246957569324,16.659857432630083,17.307952880859375,11400,0.0,0.0
2009-03-31 00:00:00-04:00,17.012496985528404,17.91792288589825,16.964841842651367,16.964841842651367,9100,0.0,0.0
2009-04-01 00:00:00-04:00,16.70751169119037,17.78449249267578,16.497832693871576,17.78449249267578,13700,0.0,0.0
2009-04-02 00:00:00-04:00,18.108541629581993,19.061622767981042,17.72730953779397,18.99490737915039,27400,0.0,0.0
2009-04-03 00:00:00-04:00,18.890068229580795,19.252240087024614,18.566020490966032,18.79475975036621,23300,0.0,0.0
2009-04-06 00:00:00-04:00,18.46117915449782,18.794756039092633,17.30795023765194,17.717775344848633,12000,0.0,0.0
2009-04-07 00:00:00-04:00,17.412791459767536,18.270564053017722,17.412791459767536,17.78449249267578,16000,0.0,0.0
2009-04-08 00:00:00-04:00,17.670124597311347,18.546957470655332,17.269830459635294,18.327749252319336,16900,0.0,0.0
2009-04-09 00:00:00-04:00,18.680387631178185,19.766899370130634,18.070414565888605,19.652530670166016,15700,0.0,0.0
2009-04-13 00:00:00-04:00,18.64226566431139,19.471447014822306,18.308686918293027,19.442853927612305,13300,0.0,0.0
2009-04-14 00:00:00-04:00,18.661327310485486,19.118805788598774,17.47950699976389,17.698715209960938,16900,0.0,0.0
2009-04-15 00:00:00-04:00,17.660591457169655,18.737572179551716,17.44138144717736,18.4707088470459,23400,0.0,0.0
2009-04-16 00:00:00-04:00,18.604142244271248,19.49050789790649,17.889331467837387,19.071151733398438,14400,0.0,0.0
2009-04-17 00:00:00-04:00,19.20458570654725,19.385671642511422,18.261035542088848,19.357078552246094,20200,0.0,0.0
2009-04-20 00:00:00-04:00,18.842412403518807,19.099744717961123,17.81308496360734,18.118070602416992,20900,0.0,0.0
2009-04-21 00:00:00-04:00,18.127601565337624,19.44285258241455,17.87980028023604,19.17599105834961,13800,0.0,0.0
2009-04-22 00:00:00-04:00,18.921971614337853,19.21912466211063,18.24139498422797,18.548133850097656,22900,0.115,0.0
2009-04-23 00:00:00-04:00,18.5864787390392,18.5864787390392,17.95382925384926,18.10719871520996,12400,0.0,0.0
2009-04-24 00:00:00-04:00,18.241396801199397,18.91238768004778,17.905900447621185,18.691919326782227,14600,0.0,0.0
2009-04-27 00:00:00-04:00,18.37559203329528,18.80694468856588,18.049681544492557,18.174293518066406,10300,0.0,0.0
2009-04-28 00:00:00-04:00,17.99216969903427,18.86445905872695,17.99216969903427,18.557720184326172,10400,0.0,0.0
2009-04-29 00:00:00-04:00,18.624821044595684,19.410839950043457,18.442694133138144,19.209543228149414,22100,0.0,0.0
2009-04-30 00:00:00-04:00,19.28622658740522,19.727163277419624,18.826116431697532,18.93155860900879,19100,0.0,0.0
2009-05-01 00:00:00-04:00,18.931559388580048,18.960316845842208,17.905900514234368,17.934656143188477,19200,0.0,0.0
2009-05-04 00:00:00-04:00,18.16471040636623,18.921971758721813,17.896312982528322,18.912385940551758,14300,0.0,0.0
2009-05-05 00:00:00-04:00,18.22222478933559,18.97948619580909,18.22222478933559,18.57689094543457,14500,0.0,0.0
2009-05-06 00:00:00-04:00,18.720675048270184,19.45876476374141,18.46186344279317,19.199954986572266,25000,0.0,0.0
2009-05-07 00:00:00-04:00,19.41084120482702,19.41084120482702,18.366010593709944,18.835704803466797,15300,0.0,0.0
2009-05-08 00:00:00-04:00,19.075344755374772,20.283130645751953,19.056173115454133,20.283130645751953,21100,0.0,0.0
2009-05-11 00:00:00-04:00,19.928463159937706,21.59635733069411,19.928463159937706,21.452571868896484,26700,0.0,0.0
2009-05-12 00:00:00-04:00,21.519671171373123,21.519671171373123,20.033902182090905,20.66655158996582,16700,0.0,0.0
2009-05-13 00:00:00-04:00,20.398157738864516,20.551527194710193,19.29581226105003,19.650480270385742,34300,0.0,0.0
2009-05-14 00:00:00-04:00,19.80384924567261,21.308788137332158,19.171199798583984,21.088319778442383,15900,0.0,0.0
2009-05-15 00:00:00-04:00,21.423812020901668,21.423812020901668,20.129755917675283,21.01163101196289,20600,0.0,0.0
2009-05-18 00:00:00-04:00,21.17458996026136,21.17458996026136,20.78158051740248,21.117076873779297,28900,0.0,0.0
2009-05-19 00:00:00-04:00,21.232102017301035,21.232102017301035,20.407741723333842,20.628210067749023,27100,0.0,0.0
2009-05-20 00:00:00-04:00,20.733647667409848,20.93494617610914,20.455666276158485,20.829504013061523,27200,0.0,0.0
2009-05-21 00:00:00-04:00,20.618624324763285,21.155417373925157,20.32147125823003,20.66655158996582,14400,0.0,0.0
2009-05-22 00:00:00-04:00,20.733652922187115,20.95412312155468,20.407744189664832,20.67613983154297,10100,0.0,0.0
2009-05-26 00:00:00-04:00,20.532351109161098,21.078729905825902,20.532351109161098,21.01163101196289,13000,0.0,0.0
2009-05-27 00:00:00-04:00,20.92536633320155,21.078735798710294,20.628213222316887,20.724069595336914,8000,0.0,0.0
2009-05-28 00:00:00-04:00,20.96370371748756,21.32795563854438,20.436494728314187,21.155414581298828,16300,0.0,0.0
2009-05-29 00:00:00-04:00,21.232103796436512,21.385473251342773,20.551527068828488,21.385473251342773,16400,0.0,0.0
2009-06-01 00:00:00-04:00,21.56759765121963,22.276931754573905,21.4142282141867,21.80723762512207,32200,0.0,0.0
2009-06-02 00:00:00-04:00,22.018122482195082,22.50698830026845,21.25127521559456,22.4303035736084,13600,0.0,0.0
2009-06-03 00:00:00-04:00,22.181078345471633,22.823313633965036,21.50050160678139,22.62201690673828,18100,0.0,0.0
2009-06-04 00:00:00-04:00,22.68911350929379,22.976680755615234,22.181076090597404,22.976680755615234,15500,0.0,0.0
2009-06-05 00:00:00-04:00,22.890408240719996,22.928751512018252,22.391958511997277,22.650768280029297,5200,0.0,0.0
2009-06-08 00:00:00-04:00,22.708286522685746,23.21632214386037,22.478232346026054,22.96709632873535,10700,0.0,0.0
2009-06-09 00:00:00-04:00,23.03419732989579,23.03419732989579,22.535745693878102,22.574087142944336,9000,0.0,0.0
2009-06-10 00:00:00-04:00,22.880826522652534,22.880826522652534,21.692210590718283,22.43988800048828,12700,0.0,0.0
2009-06-11 00:00:00-04:00,22.545330374016228,22.986267071692087,22.09480602917315,22.804141998291016,13700,0.0,0.0
2009-06-12 00:00:00-04:00,22.5453310295281,22.890411376953125,22.046879404204333,22.890411376953125,5300,0.0,0.0
2009-06-15 00:00:00-04:00,22.698700107174332,22.698700107174332,22.123563766479492,22.123563766479492,4800,0.0,0.0
2009-06-16 00:00:00-04:00,22.420717474433168,22.516573838639,21.289616399082146,21.701797485351562,7000,0.0,0.0
2009-06-17 00:00:00-04:00,21.53884288077788,22.363205078809923,21.490915611346864,21.931852340698242,7200,0.0,0.0
2009-06-18 00:00:00-04:00,21.835994517677978,21.998949768866165,21.701794892500267,21.941434860229492,1500,0.0,0.0
2009-06-19 00:00:00-04:00,22.334446824344404,22.334446824344404,21.251274850349123,21.33754539489746,31100,0.0,0.0
2009-06-22 00:00:00-04:00,21.251273123254087,21.79765197545055,20.618623733520508,20.618623733520508,13500,0.0,0.0
2009-06-23 00:00:00-04:00,20.839092545466045,21.212930331074315,20.30229949951172,20.30229949951172,5500,0.0,0.0
2009-06-24 00:00:00-04:00,20.54194245110448,20.848681378861865,20.216031883285197,20.321474075317383,10700,0.0,0.0
2009-06-25 00:00:00-04:00,20.100998345739605,20.848675647853405,20.091412528343664,20.829504013061523,11300,0.0,0.0
2009-06-26 00:00:00-04:00,20.76240749390125,24.433691874223932,20.4364969784004,23.7627010345459,269000,0.0,0.0
2009-06-29 00:00:00-04:00,23.484718879273426,23.484718879273426,22.554916381835938,22.554916381835938,22700,0.0,0.0
2009-06-30 00:00:00-04:00,22.641188360772592,22.909583994879295,21.58677197851703,21.931852340698242,18600,0.0,0.0
2009-07-01 00:00:00-04:00,22.037292795129407,23.072537456911768,21.77848117260682,22.765798568725586,26000,0.0,0.0
2009-07-02 00:00:00-04:00,22.554920343438102,22.765802912223485,21.28961944580078,21.28961944580078,52900,0.0,0.0
2009-07-06 00:00:00-04:00,21.260860060640297,21.634697857437605,21.01163425333942,21.145832061767578,8800,0.0,0.0
2009-07-07 00:00:00-04:00,21.42381717608913,21.912683013979088,20.743238599623755,20.78158187866211,16500,0.0,0.0
2009-07-08 00:00:00-04:00,20.94453472225113,21.46215613091581,20.033902062380577,20.30229949951172,22400,0.0,0.0
2009-07-09 00:00:00-04:00,20.07224562169616,20.934949200580547,18.89321550796924,19.152027130126953,32400,0.0,0.0
2009-07-10 00:00:00-04:00,19.094513861783575,19.468351649093197,18.845288060807835,19.40125274658203,11800,0.0,0.0
2009-07-13 00:00:00-04:00,19.037000971430764,19.813434010006112,19.037000971430764,19.765506744384766,18800,0.0,0.0
2009-07-14 00:00:00-04:00,19.47794019484844,19.851778034498338,19.372498002820738,19.669652938842773,8100,0.0,0.0
2009-07-15 00:00:00-04:00,19.861361208455673,20.53235389473314,19.564208140330727,20.378984451293945,16500,0.0,0.0
2009-07-16 00:00:00-04:00,20.369395834564855,21.155414581298828,20.062656989820645,21.155414581298828,16200,0.0,0.0
2009-07-17 00:00:00-04:00,21.2033485233478,21.356717980836436,20.637797963242896,21.174591064453125,11500,0.0,0.0
2009-07-20 00:00:00-04:00,21.356716611912358,21.52925586929653,21.088319164356925,21.510086059570312,10000,0.0,0.0
2009-07-21 00:00:00-04:00,21.375888826237816,21.375888826237816,20.580284041398137,21.049978256225586,16600,0.0,0.0
2009-07-22 00:00:00-04:00,21.22824479473616,21.931676864624023,20.74644170501577,21.931676864624023,12500,0.115,0.0
2009-07-23 00:00:00-04:00,21.767864533789055,21.767864533789055,21.488417849360822,21.71004867553711,17400,0.0,0.0
2009-07-24 00:00:00-04:00,21.469146347063937,21.729318618774414,21.064431678040723,21.729318618774414,15700,0.0,0.0
2009-07-27 00:00:00-04:00,21.95095064128943,21.95095064128943,21.43060239345374,21.748592376708984,8000,0.0,0.0
2009-07-28 00:00:00-04:00,21.661866480259366,21.806407039639172,21.430601217665092,21.729318618774414,5400,0.0,0.0
2009-07-29 00:00:00-04:00,21.613686906443743,21.729318618774414,21.39205792619918,21.729318618774414,7100,0.0,0.0
2009-07-30 00:00:00-04:00,22.076217247277967,22.11476237635493,21.478782450048385,21.835315704345703,11600,0.0,0.0
2009-07-31 00:00:00-04:00,21.68113970701156,21.777500695518206,21.58477871850491,21.661867141723633,9000,0.0,0.0
2009-08-03 00:00:00-04:00,21.430600105474788,21.777498900329554,21.18006229118333,21.507688522338867,4600,0.0,0.0
2009-08-04 00:00:00-04:00,21.27642309766446,21.66186517883119,21.237879808514197,21.613685607910156,7100,0.0,0.0
2009-08-05 00:00:00-04:00,21.25715047274904,21.353511452245712,20.650079426405785,20.707895278930664,7000,0.0,0.0
2009-08-06 00:00:00-04:00,20.736808322139854,20.736808322139854,19.4359394304176,19.445575714111328,24900,0.0,0.0
2009-08-07 00:00:00-04:00,19.667202126675637,20.062280516251548,19.27212373709973,19.513025283813477,38100,0.0,0.0
2009-08-10 00:00:00-04:00,19.329941176480467,20.04300959258928,19.329941176480467,19.570842742919922,18300,0.0,0.0
2009-08-11 00:00:00-04:00,19.532296593808677,19.532296593808677,19.23357737176303,19.243213653564453,7400,0.0,0.0
2009-08-12 00:00:00-04:00,19.580475096986167,19.91773758991077,19.445570834989415,19.72501564025879,16100,0.0,0.0
2009-08-13 00:00:00-04:00,19.782835730676513,19.782835730676513,19.22394421432379,19.56120491027832,6300,0.0,0.0
2009-08-14 00:00:00-04:00,19.532296219319843,19.532296219319843,18.144702911376953,18.144702911376953,14200,0.0,0.0
2009-08-17 00:00:00-04:00,18.16397707854602,18.722868596135147,18.16397707854602,18.2025203704834,29000,0.0,0.0
2009-08-18 00:00:00-04:00,18.356695536021384,18.433783950782054,18.01943487015144,18.09652328491211,10100,0.0,0.0
2009-08-19 00:00:00-04:00,17.874893864200192,18.510873794555664,17.874893864200192,18.510873794555664,7200,0.0,0.0
2009-08-20 00:00:00-04:00,18.42415251924122,19.021587371826172,18.221794248703482,19.021587371826172,12100,0.0,0.0
2009-08-21 00:00:00-04:00,19.272124593133025,19.975556699678453,18.6843242049039,19.79247283935547,48400,0.0,0.0
2009-08-24 00:00:00-04:00,19.782836963227183,20.110463235080836,19.541935400860268,19.831016540527344,7700,0.0,0.0
2009-08-25 00:00:00-04:00,19.831013915702002,19.93701117725227,19.46484439806089,19.64792823791504,20200,0.0,0.0
2009-08-26 00:00:00-04:00,19.619022856798452,20.158641815185547,19.339576176068455,20.158641815185547,13000,0.0,0.0
2009-08-27 00:00:00-04:00,20.120096684905697,20.97770745430264,19.541934434171726,20.158641815185547,59400,0.0,0.0
2009-08-28 00:00:00-04:00,20.158640443526604,20.466994113052138,19.570840112285527,20.245365142822266,33200,0.0,0.0
2009-08-31 00:00:00-04:00,19.99482900688465,20.36099856072985,19.725018604412977,19.898468017578125,17000,0.0,0.0
2009-09-01 00:00:00-04:00,19.74429199640824,20.023738693302228,19.4744815826416,19.4744815826416,9700,0.0,0.0
2009-09-02 00:00:00-04:00,19.513025598443324,20.2453665328134,19.513025598443324,19.956283569335938,8700,0.0,0.0
2009-09-03 00:00:00-04:00,19.946649770681457,20.35136446231054,19.773200354564274,20.091190338134766,5300,0.0,0.0
2009-09-04 00:00:00-04:00,20.341726066712965,20.447721491605662,19.821377872405236,19.994827270507812,14100,0.0,0.0
2009-09-08 00:00:00-04:00,20.39954161325272,20.428450458479247,19.840650137736183,20.052642822265625,9700,0.0,0.0
2009-09-09 00:00:00-04:00,19.98519257500586,20.380270974074342,19.77319987046006,20.255002975463867,11400,0.0,0.0
2009-09-10 00:00:00-04:00,20.33209192754656,20.34172821044922,20.023738226393707,20.34172821044922,6700,0.0,0.0
2009-09-11 00:00:00-04:00,20.351361494864634,20.38990478286341,19.869558448316948,19.965917587280273,7000,0.0,0.0
2009-09-14 00:00:00-04:00,19.85028618555075,20.389905091223742,19.74428892556876,20.36099624633789,14900,0.0,0.0
2009-09-15 00:00:00-04:00,20.216454859485687,20.216454859485687,19.61902012674681,20.08155059814453,28100,0.0,0.0
2009-09-16 00:00:00-04:00,20.043006011719456,20.17791211461782,19.599748090870904,20.168275833129883,13400,0.0,0.0
2009-09-17 00:00:00-04:00,20.255001727539938,20.418814846665917,19.908102925171306,20.187549591064453,9800,0.0,0.0
2009-09-18 00:00:00-04:00,20.24536508577455,20.322453502938714,19.965918424846436,19.994827270507812,35900,0.0,0.0
2009-09-21 00:00:00-04:00,19.85992305591535,20.6693523573863,19.85992305591535,20.245365142822266,17300,0.0,0.0
2009-09-22 00:00:00-04:00,20.332091225578928,20.46699550569246,19.95628355708228,20.158641815185547,22200,0.0,0.0
2009-09-23 00:00:00-04:00,20.41881691814905,20.46699649539567,19.985193371197276,20.033374786376953,18400,0.0,0.0
2009-09-24 00:00:00-04:00,20.043006001210593,20.206819110554118,19.831013322385406,19.965917587280273,37200,0.0,0.0
2009-09-25 00:00:00-04:00,19.946647523110347,20.158640208959177,19.85028654302167,20.1008243560791,7800,0.0,0.0
2009-09-28 00:00:00-04:00,20.274273691672146,20.62117064584205,19.917738617796257,20.505538940429688,12600,0.0,0.0
2009-09-29 00:00:00-04:00,20.572992828511186,20.572992828511186,20.052644596003628,20.20682144165039,16000,0.0,0.0
2009-09-30 00:00:00-04:00,20.283910259097194,20.49590480443558,19.850288561504428,19.9466495513916,21600,0.0,0.0
2009-10-01 00:00:00-04:00,19.93701106397893,20.43808484770418,19.55156898498535,19.55156898498535,16000,0.0,0.0
2009-10-02 00:00:00-04:00,19.946649306091278,19.946649306091278,19.349212646484375,19.349212646484375,27800,0.0,0.0
2009-10-05 00:00:00-04:00,19.426300224597085,19.590113346883122,19.127582826757695,19.522661209106445,16800,0.0,0.0
2009-10-06 00:00:00-04:00,19.65756304621276,19.956280406997383,19.387754528574785,19.88882827758789,13600,0.0,0.0
2009-10-07 00:00:00-04:00,19.97555562595083,20.168277596696164,19.223943983496465,19.619022369384766,17500,0.0,0.0
2009-10-08 00:00:00-04:00,19.753928662920583,20.13937080582997,19.590115522442453,19.715383529663086,84100,0.0,0.0
2009-10-09 00:00:00-04:00,19.96591595915946,20.409175681562747,19.426297105650452,20.312814712524414,21100,0.0,0.0
2009-10-12 00:00:00-04:00,20.274275954183793,20.322455530493418,19.56120572685681,19.79247283935547,15400,0.0,0.0
2009-10-13 00:00:00-04:00,19.946650481407964,20.09119105401145,19.57084278711918,20.071918487548828,8400,0.0,0.0
2009-10-14 00:00:00-04:00,20.255003690862697,20.38027169389759,19.937013703846223,20.23573112487793,17700,0.0,0.0
2009-10-15 00:00:00-04:00,19.937012738680362,20.158641722976817,19.647929776702714,19.85992431640625,12900,0.0,0.0
2009-10-16 00:00:00-04:00,19.69611280096745,20.091191227191214,19.69611280096745,19.715383529663086,12600,0.0,0.0
2009-10-19 00:00:00-04:00,19.84065241566509,19.93701340621736,19.522662433395716,19.79247283935547,11500,0.0,0.0
2009-10-20 00:00:00-04:00,19.879195150288705,19.88883143286634,19.223944476406118,19.252851486206055,18400,0.0,0.0
2009-10-21 00:00:00-04:00,19.267385985917997,19.422457198067914,18.899096709565097,19.306154251098633,44200,0.115,0.0
2009-10-22 00:00:00-04:00,19.27707945713824,19.286771524139763,18.947556573377522,19.26738739013672,20000,0.0,0.0
2009-10-23 00:00:00-04:00,19.29646242005246,19.29646242005246,18.860328674316406,18.860328674316406,6800,0.0,0.0
2009-10-26 00:00:00-04:00,18.850640393030893,19.015401841838194,18.656802741996596,18.70526123046875,9400,0.0,0.0
2009-10-27 00:00:00-04:00,18.724645035467773,18.947557036229814,18.676186547849174,18.753721237182617,14100,0.0,0.0
2009-10-28 00:00:00-04:00,18.937869785097174,18.937869785097174,18.521120071411133,18.521120071411133,9200,0.0,0.0
2009-10-29 00:00:00-04:00,18.64711282234314,18.928177263858302,18.346666092350386,18.724647521972656,18900,0.0,0.0
2009-10-30 00:00:00-04:00,18.550192891318726,18.734338485290298,18.24005411109688,18.317588806152344,20000,0.0,0.0
2009-11-02 00:00:00-05:00,18.26913070678711,18.26913070678711,17.687619557112644,18.26913070678711,34200,0.0,0.0
2009-11-03 00:00:00-05:00,18.172211791115775,18.579269409179688,17.93960770201825,18.579269409179688,15800,0.0,0.0
2009-11-04 00:00:00-05:00,18.56957751285254,18.70526277060476,17.949299936187515,17.95899200439453,11900,0.0,0.0
2009-11-05 00:00:00-05:00,18.20128610203568,18.75372098724557,18.20128610203568,18.734336853027344,23300,0.0,0.0
2009-11-06 00:00:00-05:00,18.588963030175012,19.054171247232453,18.443585693416203,18.870025634765625,10800,0.0,0.0
2009-11-09 00:00:00-05:00,18.986326609233036,19.01540281294494,18.80218101620352,18.937868118286133,7900,0.0,0.0
2009-11-10 00:00:00-05:00,18.5695778224268,18.908792821035426,18.443584630781153,18.462966918945312,8300,0.0,0.0
2009-11-11 00:00:00-05:00,18.67618912541059,18.763415894020763,18.172212650901393,18.414508819580078,6000,0.0,0.0
2009-11-12 00:00:00-05:00,18.49204178660109,18.49204178660109,17.29994519207886,17.32901954650879,30100,0.0,0.0
2009-11-13 00:00:00-05:00,17.387169726790223,17.61977377531856,16.854117164745045,17.222408294677734,12600,0.0,0.0
2009-11-16 00:00:00-05:00,17.406554488930837,17.406554488930837,17.144876052443895,17.348403930664062,15200,0.0,0.0
2009-11-17 00:00:00-05:00,16.989806664683886,17.39686426969714,16.7862769378908,17.348403930664062,17200,0.0,0.0
2009-11-18 00:00:00-05:00,17.028572983092335,17.20302650539761,16.543980687165643,16.708742141723633,9500,0.0,0.0
2009-11-19 00:00:00-05:00,16.960730284397023,17.02857290976295,15.807400107457616,16.466445922851562,25400,0.0,0.0
2009-11-20 00:00:00-05:00,16.359833586995528,16.815351486206055,16.359833586995528,16.815351486206055,13300,0.0,0.0
2009-11-23 00:00:00-05:00,16.999499460940793,17.707003803984918,16.83473799831393,17.64885139465332,15400,0.0,0.0
2009-11-24 00:00:00-05:00,17.61008315106882,18.03652486591386,17.43562963824254,17.891145706176758,16400,0.0,0.0
2009-11-25 00:00:00-05:00,17.871764571318504,17.95899133334938,17.338711931288362,17.590700149536133,25600,0.0,0.0
2009-11-27 00:00:00-05:00,16.980114232112747,17.503472942416828,16.854119201906272,16.99949836730957,11600,0.0,0.0
2009-11-30 00:00:00-05:00,16.93165162475475,16.960727823652874,16.660281162662788,16.892885208129883,34800,0.0,0.0
2009-12-01 00:00:00-05:00,16.951040021263747,17.387173871578728,16.825046824824472,16.931655883789062,13400,0.0,0.0
2009-12-02 00:00:00-05:00,16.94134693505729,17.348404554713035,16.795969609874447,17.16425895690918,27300,0.0,0.0
2009-12-03 00:00:00-05:00,17.232101075139763,17.513163618876295,17.0479555025431,17.125490188598633,20500,0.0,0.0
2009-12-04 00:00:00-05:00,17.396864092358843,17.79422962551486,17.348403753819756,17.57131576538086,10300,0.0,0.0
2009-12-07 00:00:00-05:00,17.677926578325767,17.736077135725868,17.513165125214748,17.63916015625,23600,0.0,0.0
2009-12-08 00:00:00-05:00,17.63916023933558,17.813611912357594,17.396864092358843,17.57131576538086,11000,0.0,0.0
2009-12-09 00:00:00-05:00,17.70700390606868,17.852381233089805,17.484091881398093,17.7360782623291,10900,0.0,0.0
2009-12-10 00:00:00-05:00,17.71669442734758,17.842687606811523,17.493780573568536,17.842687606811523,8800,0.0,0.0
2009-12-11 00:00:00-05:00,17.87176576719244,18.0268351659408,17.56162696969572,17.687620162963867,11000,0.0,0.0
2009-12-14 00:00:00-05:00,17.784537735419214,18.026833884815737,17.086723642070567,17.90083885192871,9000,0.0,0.0
2009-12-15 00:00:00-05:00,17.842685934543248,18.114058251473196,17.474396649527225,18.017139434814453,11800,0.0,0.0
2009-12-16 00:00:00-05:00,18.094675227345352,18.210978184177918,17.455013586198202,17.871763229370117,15100,0.0,0.0
2009-12-17 00:00:00-05:00,17.707003510062854,17.75546200179515,17.455015286194396,17.5422420501709,13100,0.0,0.0
2009-12-18 00:00:00-05:00,17.726386271349963,18.501733170369604,17.309636619912098,18.3757381439209,56600,0.0,0.0
2009-12-21 00:00:00-05:00,18.414506047918927,18.647110113011273,17.455013586198202,17.871763229370117,22300,0.0,0.0
2009-12-22 00:00:00-05:00,18.075293125732728,18.210980232057945,17.842689034483342,17.95899200439453,8400,0.0,0.0
2009-12-23 00:00:00-05:00,18.026832419613957,18.608343500615586,17.95898979906877,18.249744415283203,15300,0.0,0.0
2009-12-24 00:00:00-05:00,18.00744893648586,18.986325557697437,18.00744893648586,18.77310562133789,20600,0.0,0.0
2009-12-28 00:00:00-05:00,18.84094976434996,18.9281765291189,18.414508008654373,18.821565628051758,11500,0.0,0.0
2009-12-29 00:00:00-05:00,18.88940742421447,18.918483627380617,18.618035073715802,18.831256866455078,13300,0.0,0.0
2009-12-30 00:00:00-05:00,18.802180381833427,18.976633901073058,18.647110997747728,18.966941833496094,12300,0.0,0.0
2009-12-31 00:00:00-05:00,19.005710071114578,19.160779454933564,18.65680303323543,19.122011184692383,26200,0.0,0.0
2010-01-04 00:00:00-05:00,19.151086565463647,19.88766703127834,19.034783608304362,19.83920669555664,23300,0.0,0.0
2010-01-05 00:00:00-05:00,19.751979684464988,19.751979684464988,19.296463626006954,19.42245864868164,9600,0.0,0.0
2010-01-06 00:00:00-05:00,19.267385985917997,19.645369177138686,19.23831163560515,19.306154251098633,27100,0.0,0.0
2010-01-07 00:00:00-05:00,19.34492219075427,19.664754857957426,19.23831315025933,19.3546142578125,17300,0.0,0.0
2010-01-08 00:00:00-05:00,19.189852625143317,19.5193755075723,19.102625871054894,19.33523178100586,8400,0.0,0.0
2010-01-11 00:00:00-05:00,19.451533801036444,19.684137873339935,19.07355241461487,19.56783676147461,27100,0.0,0.0
2010-01-12 00:00:00-05:00,19.432151299035148,19.52907013278199,19.044477812620784,19.15108871459961,10600,0.0,0.0
2010-01-13 00:00:00-05:00,18.811874772011183,19.596913856941192,18.811874772011183,19.558147430419922,13000,0.0,0.0
2010-01-14 00:00:00-05:00,19.189853447884932,19.56783668133125,18.811872063011446,19.32554054260254,14800,0.0,0.0
2010-01-15 00:00:00-05:00,19.42245959080721,19.596911259893666,18.94755752670226,19.18985366821289,21700,0.0,0.0
2010-01-19 00:00:00-05:00,19.04447834488772,19.31585071724876,18.81187424653814,19.277082443237305,14600,0.0,0.0
2010-01-20 00:00:00-05:00,19.233215413018623,19.437928763568888,18.940769894316258,19.262460708618164,10400,0.115,0.0
2010-01-21 00:00:00-05:00,19.262460777584042,19.301452645866437,18.40461736349209,18.424114227294922,27300,0.0,0.0
2010-01-22 00:00:00-05:00,18.463109406924303,18.511849710941277,17.96595049679282,18.199907302856445,11200,0.0,0.0
2010-01-25 00:00:00-05:00,17.995192243347283,18.37537364435939,17.995192243347283,18.287639617919922,8800,0.0,0.0
2010-01-26 00:00:00-05:00,18.170659000182123,18.26814145141995,17.712493896484375,17.712493896484375,17200,0.0,0.0
2010-01-27 00:00:00-05:00,17.595515008102666,17.946451097305438,17.546774710968126,17.8977108001709,13000,0.0,0.0
2010-01-28 00:00:00-05:00,17.878214546113373,17.878214546113373,17.088610177854314,17.31281852722168,18700,0.0,0.0
2010-01-29 00:00:00-05:00,17.351811109815163,17.54677603167419,16.757171630859375,16.757171630859375,18500,0.0,0.0
2010-02-01 00:00:00-05:00,16.88389499991194,17.683247713036366,16.54270736741851,17.32256507873535,45500,0.0,0.0
2010-02-02 00:00:00-05:00,17.244580906108027,17.351809932463848,16.825407654079072,17.098358154296875,20300,0.0,0.0
2010-02-03 00:00:00-05:00,17.078860392237882,17.303068723830258,16.640190300580564,16.718175888061523,11500,0.0,0.0
2010-02-04 00:00:00-05:00,16.776666100339863,17.10810534133192,16.513465881347656,16.513465881347656,21300,0.0,0.0
2010-02-05 00:00:00-05:00,16.601199770587453,16.85465341509908,16.182026506946038,16.464723587036133,11200,0.0,0.0
2010-02-08 00:00:00-05:00,16.357494189561177,16.679184988946748,16.29900360107422,16.29900360107422,11900,0.0,0.0
2010-02-09 00:00:00-05:00,16.542711175695608,16.571956474124033,16.289257500619605,16.49397087097168,11400,0.0,0.0
2010-02-10 00:00:00-05:00,16.376988901024184,16.66943626027438,16.133283697977255,16.16252899169922,11100,0.0,0.0
2010-02-11 00:00:00-05:00,16.1625293342886,16.367242676035264,15.948069420417834,16.318500518798828,14900,0.0,0.0
2010-02-12 00:00:00-05:00,16.201523864453264,16.922891093458404,16.133284840934316,16.698680877685547,10600,0.0,0.0
2010-02-16 00:00:00-05:00,16.805909663341914,16.805909663341914,16.260010558870118,16.601198196411133,12400,0.0,0.0
2010-02-17 00:00:00-05:00,16.610948294606327,17.420049531487443,16.562206136165763,17.371307373046875,21500,0.0,0.0
2010-02-18 00:00:00-05:00,17.30307015635759,17.683249694387086,17.176344263455498,17.351810455322266,18000,0.0,0.0
2010-02-19 00:00:00-05:00,17.361560385617516,17.37130881811657,16.83515804593209,17.1471004486084,39400,0.0,0.0
2010-02-22 00:00:00-05:00,16.91314102929007,17.65400505065918,16.91314102929007,17.65400505065918,6500,0.0,0.0
2010-02-23 00:00:00-05:00,17.264076844016184,17.702746982518,17.264076844016184,17.53702735900879,13500,0.0,0.0
2010-02-24 00:00:00-05:00,17.654006507053353,18.35587686236238,17.585769343813713,18.316884994506836,11200,0.0,0.0
2010-02-25 00:00:00-05:00,18.014689272485192,18.472856272397948,17.566272563736735,18.365625381469727,16500,0.0,0.0
2010-02-26 00:00:00-05:00,18.404617401344943,18.404617401344943,17.50778211712607,17.5565242767334,15300,0.0,0.0
2010-03-01 00:00:00-05:00,17.60526211749553,18.219400227487558,17.60526211749553,18.141414642333984,11200,0.0,0.0
2010-03-02 00:00:00-05:00,17.975697834815342,18.58008574884413,17.975697834815342,18.560590744018555,15400,0.0,0.0
2010-03-03 00:00:00-05:00,18.57033695998038,18.57033695998038,18.27789144065914,18.414365768432617,7000,0.0,0.0
2010-03-04 00:00:00-05:00,18.394871064246487,18.619079423340807,18.38512263220022,18.541093826293945,5200,0.0,0.0
2010-03-05 00:00:00-05:00,18.589831601843123,19.135730707012826,18.521594446112292,19.106487274169922,6900,0.0,0.0
2010-03-08 00:00:00-05:00,19.00900691847349,19.213718408197273,18.58008521611281,19.194223403930664,6100,0.0,0.0
2010-03-09 00:00:00-05:00,18.755554252332107,18.999259482002728,18.697065517821695,18.77505111694336,7100,0.0,0.0
2010-03-10 00:00:00-05:00,18.75555392106537,19.009007578565036,18.55084242423294,18.61907958984375,9000,0.0,0.0
2010-03-11 00:00:00-05:00,18.521594671197313,19.359941130245417,18.521594671197313,19.203969955444336,35700,0.0,0.0
2010-03-12 00:00:00-05:00,19.194221750930872,19.194221750930872,18.44360930127298,18.482601165771484,12500,0.0,0.0
2010-03-15 00:00:00-04:00,18.4826041090212,18.4826041090212,17.868467735618072,18.05368423461914,10100,0.0,0.0
2010-03-16 00:00:00-04:00,18.063431490636688,18.82379058348678,17.54677575731493,18.404617309570312,35900,0.0,0.0
2010-03-17 00:00:00-04:00,18.38512021508992,18.50209766561942,17.809975815237877,18.3071346282959,10800,0.0,0.0
2010-03-18 00:00:00-04:00,18.443610324578007,18.443610324578007,18.00494020386182,18.08292579650879,7400,0.0,0.0
2010-03-19 00:00:00-04:00,18.238894930950085,18.238894930950085,17.01062244970291,17.205585479736328,43800,0.0,0.0
2010-03-22 00:00:00-04:00,17.566270144722367,18.180406391550626,17.137348499398644,18.102420806884766,10200,0.0,0.0
2010-03-23 00:00:00-04:00,18.141418566171392,18.414367243583914,17.78073399474617,18.199907302856445,8500,0.0,0.0
2010-03-24 00:00:00-04:00,18.3168864457054,18.502101086508986,17.9854471757196,18.112173080444336,9000,0.0,0.0
2010-03-25 00:00:00-04:00,17.99519160155525,18.3948698518158,17.858717280549268,18.004940032958984,8800,0.0,0.0
2010-03-26 00:00:00-04:00,17.692997638334617,18.209653346005318,17.692997638334617,17.99519157409668,4600,0.0,0.0
2010-03-29 00:00:00-04:00,17.770984342762493,18.15116575343859,17.488287252078514,17.6247615814209,11900,0.0,0.0
2010-03-30 00:00:00-04:00,17.956200434861838,18.404617140965662,17.66375491864832,18.326631546020508,9600,0.0,0.0
2010-03-31 00:00:00-04:00,18.19990363723711,18.336377948456253,17.93670158618044,18.26814079284668,12000,0.0,0.0
2010-04-01 00:00:00-04:00,18.043933950472876,18.6873155553766,17.829474035279368,18.073179244995117,6900,0.0,0.0
2010-04-05 00:00:00-04:00,18.22915138532124,18.521596908569336,18.209654521285156,18.521596908569336,13400,0.0,0.0
2010-04-06 00:00:00-04:00,18.365623796012297,18.648320857705013,18.12191859899443,18.5118465423584,6000,0.0,0.0
2010-04-07 00:00:00-04:00,18.43386298637415,18.58983418091857,18.19015776248309,18.560590744018555,10900,0.0,0.0
2010-04-08 00:00:00-04:00,18.180407270882636,18.55084021045445,18.151163837295396,18.49234962463379,7000,0.0,0.0
2010-04-09 00:00:00-04:00,18.589833426758055,18.589833426758055,18.10242299874941,18.2388973236084,10100,0.0,0.0
2010-04-12 00:00:00-04:00,18.219402568831367,18.463107786169793,18.219402568831367,18.346128463745117,7200,0.0,0.0
2010-04-13 00:00:00-04:00,18.08292478558769,18.463106155395508,18.063429783008207,18.463106155395508,4400,0.0,0.0
2010-04-14 00:00:00-04:00,18.42411320734185,18.84328645928111,18.219401726714676,18.823789596557617,7400,0.0,0.0
2010-04-15 00:00:00-04:00,18.745805488931925,18.82379108667618,18.45335996222179,18.61907958984375,10800,0.0,0.0
2010-04-16 00:00:00-04:00,18.658069196451972,18.658069196451972,18.463106155395508,18.463106155395508,10300,0.0,0.0
2010-04-19 00:00:00-04:00,18.199903785205475,18.463105838402022,18.053681042092858,18.33637809753418,5400,0.0,0.0
2010-04-20 00:00:00-04:00,18.37537406120418,18.521596822145938,18.326631901341404,18.472856521606445,5200,0.0,0.0
2010-04-21 00:00:00-04:00,18.389488521375153,18.634681701660156,18.340450633588357,18.634681701660156,5400,0.115,0.0
2010-04-22 00:00:00-04:00,18.38948888178446,18.63468206687492,18.38948888178446,18.624874114990234,6000,0.0,0.0
2010-04-23 00:00:00-04:00,18.487567255764784,18.664106655268814,18.37968165147329,18.60525894165039,7300,0.0,0.0
2010-04-26 00:00:00-04:00,18.585644303080468,18.742567792939333,18.585644303080468,18.722951889038086,5500,0.0,0.0
2010-04-27 00:00:00-04:00,18.55622028864164,18.673913840367725,17.781408927244147,17.967756271362305,15700,0.0,0.0
2010-04-28 00:00:00-04:00,18.134487105769832,18.301218540582934,17.908909832397836,18.08544921875,6500,0.0,0.0
2010-04-29 00:00:00-04:00,18.085451782018154,18.72295375700713,18.006990029260677,18.67391586303711,11900,0.0,0.0
2010-04-30 00:00:00-04:00,18.575835104561822,18.595449136471274,18.173718454948865,18.350255966186523,12000,0.0,0.0
2010-05-03 00:00:00-04:00,18.585644066142763,18.92891302666067,18.311027027052905,18.83083724975586,20800,0.0,0.0
2010-05-04 00:00:00-04:00,18.51698956430933,18.605259265598264,18.212950521356134,18.54641342163086,9700,0.0,0.0
2010-05-05 00:00:00-04:00,18.53660498103509,18.575836789763972,18.14429624712428,18.45814323425293,5600,0.0,0.0
2010-05-06 00:00:00-04:00,18.232566022808168,18.634682710593236,18.09525843303052,18.203142166137695,11000,0.0,0.0
2010-05-07 00:00:00-04:00,18.144295535621097,18.458142510442677,17.663717121591116,17.869678497314453,14800,0.0,0.0
2010-05-10 00:00:00-04:00,18.556220421577112,19.06622269825119,17.781409054628924,19.02699089050293,18500,0.0,0.0
2010-05-11 00:00:00-04:00,18.722951523948634,18.81122121910747,18.301218951673203,18.732759475708008,8400,0.0,0.0
2010-05-12 00:00:00-04:00,18.77199002660258,19.115260866716095,18.43852713856952,18.91910743713379,14500,0.0,0.0
2010-05-13 00:00:00-04:00,18.938721879229348,19.026991579182294,18.497375250140248,18.958337783813477,13500,0.0,0.0
2010-05-14 00:00:00-04:00,18.850452338795822,18.879876195921007,18.566029202621593,18.752376556396484,8500,0.0,0.0
2010-05-17 00:00:00-04:00,18.889681456090177,18.958335242255256,18.536602703612207,18.771987915039062,12800,0.0,0.0
2010-05-18 00:00:00-04:00,18.762181675980216,18.99756877955988,18.74256764291153,18.928913116455078,12000,0.0,0.0
2010-05-19 00:00:00-04:00,18.73275995717333,18.791605798566486,18.487566768913666,18.51698875427246,14400,0.0,0.0
2010-05-20 00:00:00-04:00,18.203139747755362,18.203139747755362,17.447946233634088,17.506792068481445,9300,0.0,0.0
2010-05-21 00:00:00-04:00,17.310639762902834,17.850065932071466,17.310639762902834,17.477371215820312,24200,0.0,0.0
2010-05-24 00:00:00-04:00,17.516601629733152,17.87948649377374,17.241984590740536,17.261600494384766,8700,0.0,0.0
2010-05-25 00:00:00-04:00,17.183139061514858,17.232176950837534,16.388711785623446,16.898714065551758,17600,0.0,0.0
2010-05-26 00:00:00-04:00,16.888907042089343,17.25179380332526,16.65352179318321,17.026216506958008,25300,0.0,0.0
2010-05-27 00:00:00-04:00,17.183138559366032,17.65390901753826,17.006599169882566,17.41852378845215,18100,0.0,0.0
2010-05-28 00:00:00-04:00,17.330254527570087,17.526409825390317,17.0360234515153,17.153715133666992,9700,0.0,0.0
2010-06-01 00:00:00-04:00,16.967367336923484,16.967367336923484,16.427943088265568,16.457366943359375,30400,0.0,0.0
2010-06-02 00:00:00-04:00,16.45736689086155,17.418523706087154,16.437750987528254,17.369483947753906,14900,0.0,0.0
2010-06-03 00:00:00-04:00,17.359677691628782,17.3792917240887,16.830059531025814,17.222368240356445,16400,0.0,0.0
2010-06-04 00:00:00-04:00,16.771215032957713,17.016408229724124,16.42794418334961,16.42794418334961,10800,0.0,0.0
2010-06-07 00:00:00-04:00,16.457367227193753,16.692752459977296,15.986594890951123,16.39851951599121,60500,0.0,0.0
2010-06-08 00:00:00-04:00,16.36909723030631,16.36909723030631,15.947364661147876,16.1533260345459,9900,0.0,0.0
2010-06-09 00:00:00-04:00,16.34948147659452,16.34948147659452,15.839479208261123,15.947364807128906,3200,0.0,0.0
2010-06-10 00:00:00-04:00,16.24159609628691,16.427943441200124,15.91794116600372,16.143518447875977,11400,0.0,0.0
2010-06-11 00:00:00-04:00,16.1533260345459,16.182749889606548,15.927748757774111,16.1533260345459,4900,0.0,0.0
2010-06-14 00:00:00-04:00,16.33967419542023,16.614291244410914,15.849287810514038,16.182750701904297,9000,0.0,0.0
2010-06-15 00:00:00-04:00,16.182749420681443,16.40832669091671,15.898324442030095,16.369096755981445,10100,0.0,0.0
2010-06-16 00:00:00-04:00,16.192559020036086,16.398520408427135,15.95717377444247,16.172943115234375,7400,0.0,0.0
2010-06-17 00:00:00-04:00,16.300445323608365,16.33967526421562,16.016020303833947,16.104290008544922,4000,0.0,0.0
2010-06-18 00:00:00-04:00,16.231787586715296,16.339673183328333,16.05525007045144,16.31024932861328,24800,0.0,0.0
2010-06-21 00:00:00-04:00,16.369099122677852,16.50640672081683,16.02582825665469,16.104290008544922,13400,0.0,0.0
2010-06-22 00:00:00-04:00,16.202365792980313,16.38871126300457,15.9865945972199,16.1533260345459,43200,0.0,0.0
2010-06-23 00:00:00-04:00,16.182751108690578,16.280828762272318,15.800250317465009,15.868904113769531,8800,0.0,0.0
2010-06-24 00:00:00-04:00,15.810058269890748,16.280828762272318,15.751210555336314,15.868904113769531,32100,0.0,0.0
2010-06-25 00:00:00-04:00,15.986595220621705,16.702560756279386,15.447170951536688,15.555055618286133,269200,0.0,0.0
2010-06-28 00:00:00-04:00,15.623709342510967,16.045441900988987,15.447169957968963,15.506016731262207,12800,0.0,0.0
2010-06-29 00:00:00-04:00,15.456978121382077,15.564862782671854,14.52524423471511,14.613512992858887,23100,0.0,0.0
2010-06-30 00:00:00-04:00,14.652744480511117,15.064669110536608,14.652744480511117,14.799860954284668,26000,0.0,0.0
2010-07-01 00:00:00-04:00,14.799860315216302,14.956783798861798,14.211396316207955,14.43697452545166,19800,0.0,0.0
2010-07-02 00:00:00-04:00,14.574282136770973,14.662551830342531,14.309473991394043,14.309473991394043,7600,0.0,0.0
2010-07-06 00:00:00-04:00,14.005434994533385,14.613514004070533,13.985820025367829,14.486014366149902,19900,0.0,0.0
2010-07-07 00:00:00-04:00,14.584090821117563,14.64293759823455,14.368320552139002,14.59389877319336,17600,0.0,0.0
2010-07-08 00:00:00-04:00,14.750822333451188,14.819476127624512,14.603706792983267,14.819476127624512,9800,0.0,0.0
2010-07-09 00:00:00-04:00,14.8390914608484,14.92736115586759,14.50562858425935,14.80966854095459,6600,0.0,0.0
2010-07-12 00:00:00-04:00,14.809669079962218,14.809669079962218,14.466398239135742,14.466398239135742,5100,0.0,0.0
2010-07-13 00:00:00-04:00,14.701783049890725,14.996015056992404,14.584090434117607,14.907745361328125,16800,0.0,0.0
2010-07-14 00:00:00-04:00,14.966592269577456,14.996015189947157,14.427167074331459,14.701783180236816,7400,0.0,0.0
2010-07-15 00:00:00-04:00,14.672360357704811,14.897937640939668,14.593898612637227,14.623321533203125,6300,0.0,0.0
2010-07-16 00:00:00-04:00,14.476206300987002,14.476206300987002,13.789665549466884,13.907358169555664,30800,0.0,0.0
2010-07-19 00:00:00-04:00,13.995627934240089,14.181974349755421,13.671972058302417,14.132935523986816,8400,0.0,0.0
2010-07-20 00:00:00-04:00,13.966202416433394,14.46639669617191,13.770048072027416,14.456588745117188,8700,0.0,0.0
2010-07-21 00:00:00-04:00,14.580150223122937,14.807501265635151,14.244065253589637,14.32314395904541,23000,0.115,0.0
2010-07-22 00:00:00-04:00,14.560380875679312,14.718539237976074,14.224296830366715,14.718539237976074,8700,0.0,0.0
2010-07-23 00:00:00-04:00,14.609804986605278,15.479671718164926,14.451647570447625,15.469786643981934,18500,0.0,0.0
2010-07-26 00:00:00-04:00,15.558748806858471,16.181495217874534,15.311627634159859,16.043106079101562,37100,0.0,0.0
2010-07-27 00:00:00-04:00,16.181497784266362,16.398963771992758,15.983800060598567,16.211151123046875,18700,0.0,0.0
2010-07-28 00:00:00-04:00,16.221035518460887,16.221035518460887,15.865180384915519,16.1221866607666,29000,0.0,0.0
2010-07-29 00:00:00-04:00,16.211149244608805,16.221034318185303,15.983798208504394,16.132070541381836,15300,0.0,0.0
2010-07-30 00:00:00-04:00,15.865180832111474,16.754818691051344,15.865180832111474,16.685623168945312,15200,0.0,0.0
2010-08-02 00:00:00-04:00,16.972283367808846,16.972283367808846,16.29022835698015,16.932743072509766,23600,0.0,0.0
2010-08-03 00:00:00-04:00,16.81412508784231,17.0217059712723,16.309997661160253,16.73504638671875,5200,0.0,0.0
2010-08-04 00:00:00-04:00,16.79435617765209,17.258943345283804,16.67573905992638,17.229290008544922,13000,0.0,0.0
2010-08-05 00:00:00-04:00,17.160095514772728,17.239174217751106,16.952512741088867,16.952512741088867,16100,0.0,0.0
2010-08-06 00:00:00-04:00,16.754817218360074,16.824010848999023,16.3099983279882,16.824010848999023,9100,0.0,0.0
2010-08-09 00:00:00-04:00,16.95251480416397,17.189750941970097,16.61642980425899,17.14032745361328,5700,0.0,0.0
2010-08-10 00:00:00-04:00,16.972283700410372,17.041477333154678,16.685622210029575,16.725162506103516,5000,0.0,0.0
2010-08-11 00:00:00-04:00,16.389078088340984,16.389078088340984,15.420363426208496,15.420363426208496,17900,0.0,0.0
2010-08-12 00:00:00-04:00,15.341283666739761,15.499441074818726,14.837156221468678,15.034852981567383,19900,0.0,0.0
2010-08-13 00:00:00-04:00,14.936005406836316,15.193011688278663,14.58015120824178,14.827272415161133,34000,0.0,0.0
2010-08-16 00:00:00-04:00,14.708653630603095,15.469786420541384,14.708653630603095,15.440132141113281,9800,0.0,0.0
2010-08-17 00:00:00-04:00,15.647714300332256,15.924490722924935,15.272089963407245,15.855297088623047,10700,0.0,0.0
2010-08-18 00:00:00-04:00,15.361053752146347,15.983799289182457,15.26220489508313,15.815756797790527,12100,0.0,0.0
2010-08-19 00:00:00-04:00,15.707023840472987,15.707023840472987,14.46153276391899,14.6098051071167,18300,0.0,0.0
2010-08-20 00:00:00-04:00,14.491187643924814,14.79761835996292,14.184757870579315,14.352800369262695,28000,0.0,0.0
2010-08-23 00:00:00-04:00,14.402223526233655,14.629575525041618,13.947520471310314,14.016715049743652,10200,0.0,0.0
2010-08-24 00:00:00-04:00,14.145217677736712,14.273719870122806,13.838786979827242,14.07602310180664,12000,0.0,0.0
2010-08-25 00:00:00-04:00,14.678999561951684,14.678999561951684,13.957405172427748,14.342914581298828,9800,0.0,0.0
2010-08-26 00:00:00-04:00,14.273719643214251,14.491186556251249,13.86844103893567,14.046368598937988,14900,0.0,0.0
2010-08-27 00:00:00-04:00,14.244065407409765,14.570265306610558,13.848671875861088,14.550496101379395,11900,0.0,0.0
2010-08-30 00:00:00-04:00,14.323143719645078,14.45164684953601,14.066137459863214,14.333028793334961,21500,0.0,0.0
2010-08-31 00:00:00-04:00,14.570265262320605,14.590035410184212,14.016714319835113,14.046368598937988,30100,0.0,0.0
2010-09-01 00:00:00-04:00,14.333029543277844,14.817386867114811,14.333029543277844,14.807501792907715,10100,0.0,0.0
2010-09-02 00:00:00-04:00,14.669114791040736,14.777847781214742,14.35279995221266,14.758078575134277,9900,0.0,0.0
2010-09-03 00:00:00-04:00,14.431878559737155,15.005199672400028,14.431878559737155,14.995314598083496,9800,0.0,0.0
2010-09-07 00:00:00-04:00,14.965659683716947,15.024968241718035,14.777847050430921,14.787732124328613,6300,0.0,0.0
2010-09-08 00:00:00-04:00,14.866811644877773,15.262205195529077,14.708654224617252,15.104047775268555,6800,0.0,0.0
2010-09-09 00:00:00-04:00,15.321514916894897,15.440132983773552,14.975544848146036,15.173242568969727,10700,0.0,0.0
2010-09-10 00:00:00-04:00,15.272089447401388,15.499441433799962,15.084277756630854,15.370938301086426,7600,0.0,0.0
2010-09-13 00:00:00-04:00,15.123815941338052,16.863548278808594,15.084276591456732,16.863548278808594,17500,0.0,0.0
2010-09-14 00:00:00-04:00,16.70539301531244,17.209520497778694,16.191380458438786,16.309999465942383,38800,0.0,0.0
2010-09-15 00:00:00-04:00,16.290230147943685,16.30011522285523,15.983800367226847,16.08264923095703,47700,0.0,0.0
2010-09-16 00:00:00-04:00,16.072762828298597,16.072762828298597,15.766332130202912,15.825641632080078,30100,0.0,0.0
2010-09-17 00:00:00-04:00,16.052992194214802,16.052992194214802,15.795985931680427,15.84541130065918,46600,0.0,0.0
2010-09-20 00:00:00-04:00,16.122185673197084,16.250689745943642,15.795985782557022,16.24080467224121,30300,0.0,0.0
2010-09-21 00:00:00-04:00,16.280343666291646,16.280343666291646,15.776217144367282,15.944258689880371,40000,0.0,0.0
2010-09-22 00:00:00-04:00,15.825641906486169,15.92449076376457,15.697138769101274,15.736678123474121,21600,0.0,0.0
2010-09-23 00:00:00-04:00,15.697137788733237,15.716906993338688,14.995313585428358,15.153470993041992,20800,0.0,0.0
2010-09-24 00:00:00-04:00,14.995314069992535,15.716907501220703,14.92612043759875,15.716907501220703,21000,0.0,0.0
2010-09-27 00:00:00-04:00,15.637829352816475,15.914605777652085,15.331399590402684,15.538981437683105,18800,0.0,0.0
2010-09-28 00:00:00-04:00,15.647714597005276,15.786102810925389,15.133702981731082,15.687253952026367,8100,0.0,0.0
2010-09-29 00:00:00-04:00,15.598289473642174,15.72679260741721,15.588405342346048,15.637828826904297,9900,0.0,0.0
2010-09-30 00:00:00-04:00,15.707023809175041,15.964029140692787,15.647714306398598,15.815756797790527,19200,0.0,0.0
2010-10-01 00:00:00-04:00,15.914605580653516,16.15184170526807,15.538981245334194,16.01345443725586,8500,0.0,0.0
2010-10-04 00:00:00-04:00,15.914605950417084,15.914605950417084,15.529096531942,15.687253952026367,39800,0.0,0.0
2010-10-05 00:00:00-04:00,15.865180209659782,16.112301408473083,15.865180209659782,16.01345443725586,23000,0.0,0.0
2010-10-06 00:00:00-04:00,16.043108768768608,16.072763993202788,15.93437671661377,15.93437671661377,10400,0.0,0.0
2010-10-07 00:00:00-04:00,16.082647696511533,16.082647696511533,15.707023369944833,15.716907501220703,11000,0.0,0.0
2010-10-08 00:00:00-04:00,15.400593340235707,15.81575703789588,15.400593340235707,15.805871963500977,19400,0.0,0.0
2010-10-11 00:00:00-04:00,15.94425854633888,15.94425854633888,15.469786308165707,15.716907501220703,5300,0.0,0.0
2010-10-12 00:00:00-04:00,15.647714357622515,15.776217495148336,15.370938876709054,15.697138786315918,13600,0.0,0.0
2010-10-13 00:00:00-04:00,15.716907078322613,16.329768450178047,15.687252799907839,16.24080467224121,20500,0.0,0.0
2010-10-14 00:00:00-04:00,16.17161309207228,16.537351438508193,16.17161309207228,16.428619384765625,10300,0.0,0.0
2010-10-15 00:00:00-04:00,16.66585311389971,16.66585311389971,16.023336532526788,16.369306564331055,18200,0.0,0.0
2010-10-18 00:00:00-04:00,15.944260485119202,16.646085739135742,15.944260485119202,16.646085739135742,3900,0.0,0.0
2010-10-19 00:00:00-04:00,16.35942306116954,16.596661077751254,15.924491096668474,16.072763442993164,11500,0.0,0.0
2010-10-20 00:00:00-04:00,16.21711569669125,16.565548196966738,16.11756273997766,16.41621971130371,7100,0.115,0.0
2010-10-21 00:00:00-04:00,16.515771233791206,16.515771233791206,15.868678970160952,16.11756134033203,14500,0.0,0.0
2010-10-22 00:00:00-04:00,16.117561813080073,16.276845775135737,15.80894842454174,16.057828903198242,15000,0.0,0.0
2010-10-25 00:00:00-04:00,15.878634220965818,16.645188491935635,15.878634220965818,16.505815505981445,10400,0.0,0.0
2010-10-26 00:00:00-04:00,16.40626383473395,16.675056241809987,16.21711531018237,16.346532821655273,9500,0.0,0.0
2010-10-27 00:00:00-04:00,16.10760655101479,16.575502958676754,16.03792005400286,16.3863525390625,10600,0.0,0.0
2010-10-28 00:00:00-04:00,16.555592079556476,16.555592079556476,16.077740184146506,16.256935119628906,11800,0.0,0.0
2010-10-29 00:00:00-04:00,16.15738153333416,16.475949451119387,16.15738153333416,16.336576461791992,10000,0.0,0.0
2010-11-01 00:00:00-04:00,16.47595003905614,16.485905524194006,15.72930669245521,15.789037704467773,10700,0.0,0.0
2010-11-02 00:00:00-04:00,16.027964183195447,16.32662113429258,15.85872473788985,16.316665649414062,14100,0.0,0.0
2010-11-03 00:00:00-04:00,16.36644275668235,16.595413208007812,16.05782842787198,16.595413208007812,5100,0.0,0.0
2010-11-04 00:00:00-04:00,16.595414280204526,17.172819137573242,16.22706891829696,17.172819137573242,14700,0.0,0.0
2010-11-05 00:00:00-04:00,17.242505323707388,17.242505323707388,16.724831488874713,16.973712921142578,11100,0.0,0.0
2010-11-08 00:00:00-05:00,16.84429431310431,16.933891774781554,16.625279350567997,16.874160766601562,7800,0.0,0.0
2010-11-09 00:00:00-05:00,16.814428983472308,17.033445859462077,16.336577088464043,16.495861053466797,6000,0.0,0.0
2010-11-10 00:00:00-05:00,16.187247974864697,17.053354263305664,16.127516965030903,17.053354263305664,13500,0.0,0.0
2010-11-11 00:00:00-05:00,16.88411490457314,17.063309833789177,16.625279894388395,16.92393684387207,10100,0.0,0.0
2010-11-12 00:00:00-05:00,16.794518862531444,16.904025394869034,16.635233008667225,16.744741439819336,5500,0.0,0.0
2010-11-15 00:00:00-05:00,16.834338828605226,17.033444720957885,16.754696851427063,16.874160766601562,7700,0.0,0.0
2010-11-16 00:00:00-05:00,16.744743212382172,16.933893641082197,16.406264297367276,16.525728225708008,15800,0.0,0.0
2010-11-17 00:00:00-05:00,16.505816771866407,16.80447373576308,16.406263817629295,16.585458755493164,32300,0.0,0.0
2010-11-18 00:00:00-05:00,16.81442801577309,16.84429446954773,16.416218126183864,16.615324020385742,38600,0.0,0.0
2010-11-19 00:00:00-05:00,16.66510007508953,17.401788868986916,16.595413579544648,17.381877899169922,25600,0.0,0.0
2010-11-22 00:00:00-05:00,17.35201399999841,17.610850920972,16.605369692933518,17.063310623168945,11700,0.0,0.0
2010-11-23 00:00:00-05:00,16.804473876953125,16.92393780280432,16.565547924065413,16.804473876953125,3200,0.0,0.0
2010-11-24 00:00:00-05:00,16.933892401869066,17.272371292114258,16.824383967138388,17.272371292114258,12400,0.0,0.0
2010-11-26 00:00:00-05:00,17.123043060302734,17.202685041563065,16.904026187725865,17.123043060302734,3800,0.0,0.0
2010-11-29 00:00:00-05:00,16.91398104436361,17.20268440246582,16.844294550701573,17.20268440246582,3200,0.0,0.0
2010-11-30 00:00:00-05:00,16.993623798725743,17.342058181762695,16.854250805036813,17.342058181762695,17000,0.0,0.0
2010-12-01 00:00:00-05:00,17.60089429289707,17.65066981727704,17.342057388729227,17.44161033630371,10300,0.0,0.0
2010-12-02 00:00:00-05:00,17.421699367025905,17.47147489140588,17.212639886052575,17.44161033630371,7700,0.0,0.0
2010-12-03 00:00:00-05:00,17.39183419343789,17.39183419343789,17.073266256799265,17.28232765197754,5500,0.0,0.0
2010-12-06 00:00:00-05:00,17.192730319706815,17.541164715242594,17.07326639310623,17.5013427734375,14000,0.0,0.0
2010-12-07 00:00:00-05:00,17.67058158257232,17.67058158257232,17.192729691266155,17.580984115600586,20600,0.0,0.0
2010-12-08 00:00:00-05:00,17.640714249064942,17.640714249064942,17.302235368203966,17.571027755737305,5200,0.0,0.0
2010-12-09 00:00:00-05:00,17.63075955150776,17.949329376220703,17.481431073594752,17.949329376220703,15500,0.0,0.0
2010-12-10 00:00:00-05:00,17.91946235797083,18.138477325439453,17.640714482162487,18.138477325439453,22000,0.0,0.0
2010-12-13 00:00:00-05:00,18.16834353962125,18.228074548357416,17.799998204983414,17.809953689575195,8700,0.0,0.0
2010-12-14 00:00:00-05:00,17.92941879740322,18.058836308068074,17.481431455073608,18.01901626586914,5900,0.0,0.0
2010-12-15 00:00:00-05:00,18.06879154532771,18.257941964916863,17.98914956320827,18.168344497680664,17600,0.0,0.0
2010-12-16 00:00:00-05:00,18.168344926704755,18.84530274011287,18.168344926704755,18.82539176940918,7400,0.0,0.0
2010-12-17 00:00:00-05:00,18.77561505842769,18.81543509851137,18.447091657775484,18.616331100463867,32400,0.0,0.0
2010-12-20 00:00:00-05:00,18.61633245042576,18.75570544904709,18.516779494775655,18.56655502319336,5000,0.0,0.0
2010-12-21 00:00:00-05:00,18.73579287848596,18.77561481687187,18.60637537636082,18.76565933227539,4100,0.0,0.0
2010-12-22 00:00:00-05:00,18.78557062019965,18.825390660446647,18.297761360768355,18.48691177368164,5200,0.0,0.0
2010-12-23 00:00:00-05:00,18.4271817933738,18.576510275568047,18.397315337409083,18.476957321166992,6400,0.0,0.0
2010-12-27 00:00:00-05:00,18.377403264703574,18.68601759472122,18.377403264703574,18.616331100463867,4200,0.0,0.0
2010-12-28 00:00:00-05:00,18.60637545039943,18.636240005493164,18.337583061668557,18.636240005493164,4700,0.0,0.0
2010-12-29 00:00:00-05:00,18.72583861332388,18.72583861332388,18.25794219970703,18.25794219970703,4700,0.0,0.0
2010-12-30 00:00:00-05:00,18.54664327707831,18.54664327707831,18.028971347202138,18.188255310058594,5800,0.0,0.0
2010-12-31 00:00:00-05:00,18.038927735374596,18.088703264203836,17.71040430818338,17.72035789489746,5000,0.0,0.0
2011-01-03 00:00:00-05:00,17.740268531072864,18.048880981380837,17.710403973864956,17.99910545349121,12200,0.0,0.0
2011-01-04 00:00:00-05:00,17.94932873532849,17.94932873532849,17.551116943359375,17.551116943359375,6300,0.0,0.0
2011-01-05 00:00:00-05:00,17.521253817222338,17.620806773334483,17.45156731758825,17.610851287841797,8400,0.0,0.0
2011-01-06 00:00:00-05:00,17.541163441853964,17.541163441853964,17.3022356059976,17.42169952392578,6500,0.0,0.0
2011-01-07 00:00:00-05:00,17.252459683494195,17.352012629670526,16.80447237510797,16.874160766601562,9100,0.0,0.0
2011-01-10 00:00:00-05:00,16.615325747016882,16.963760148671504,15.769128456945582,16.047876358032227,45400,0.0,0.0
2011-01-11 00:00:00-05:00,16.147426712889704,16.1772931684663,15.659619331359863,15.659619331359863,20500,0.0,0.0
2011-01-12 00:00:00-05:00,15.749216572291886,15.908500535442112,15.341051179367605,15.450559616088867,16600,0.0,0.0
2011-01-13 00:00:00-05:00,15.400783245887864,15.400783245887864,14.833332936513859,14.84328842163086,11500,0.0,0.0
2011-01-14 00:00:00-05:00,15.03243911888193,15.818904418912526,14.89306517289154,15.520246505737305,20300,0.0,0.0
2011-01-18 00:00:00-05:00,15.44060397358369,15.918455858161444,15.191722546347616,15.351006507873535,9700,0.0,0.0
2011-01-19 00:00:00-05:00,15.301230089173217,15.500335041817483,13.608836567586,13.678523063659668,38700,0.0,0.0
2011-01-20 00:00:00-05:00,13.768120458596332,13.97718089514495,13.340044100566471,13.449552536010742,49100,0.0,0.0
2011-01-21 00:00:00-05:00,13.638701683200324,13.638701683200324,12.75268443191275,12.772594451904297,45300,0.0,0.0
2011-01-24 00:00:00-05:00,12.832326967980883,13.10111842068725,12.742729500609654,12.822371482849121,6400,0.0,0.0
2011-01-25 00:00:00-05:00,12.892057569784647,13.449552377131036,12.892057569784647,13.34999942779541,24700,0.0,0.0
2011-01-26 00:00:00-05:00,13.40999984741211,13.729999542236328,13.40999984741211,13.569999694824219,12500,0.06,0.0
2011-01-27 00:00:00-05:00,13.569999694824219,13.569999694824219,12.9399995803833,13.039999961853027,19400,0.0,0.0
2011-01-28 00:00:00-05:00,13.119999885559082,13.15999984741211,12.739999771118164,12.800000190734863,28100,0.0,0.0
2011-01-31 00:00:00-05:00,12.880000114440918,12.970000267028809,12.770000457763672,12.970000267028809,12900,0.0,0.0
2011-02-01 00:00:00-05:00,13.0,13.069999694824219,12.84000015258789,12.850000381469727,13300,0.0,0.0
2011-02-02 00:00:00-05:00,12.779999732971191,12.869999885559082,12.5,12.579999923706055,17000,0.0,0.0
2011-02-03 00:00:00-05:00,12.649999618530273,12.890000343322754,12.520000457763672,12.65999984741211,18200,0.0,0.0
2011-02-04 00:00:00-05:00,12.59000015258789,12.75,12.520000457763672,12.720000267028809,16000,0.0,0.0
2011-02-07 00:00:00-05:00,12.680000305175781,13.0,12.680000305175781,12.960000038146973,11600,0.0,0.0
2011-02-08 00:00:00-05:00,12.859999656677246,13.270000457763672,12.789999961853027,13.270000457763672,13600,0.0,0.0
2011-02-09 00:00:00-05:00,13.09000015258789,13.449999809265137,13.010000228881836,13.449999809265137,11500,0.0,0.0
2011-02-10 00:00:00-05:00,13.359999656677246,14.010000228881836,13.229999542236328,13.819999694824219,20300,0.0,0.0
2011-02-11 00:00:00-05:00,13.670000076293945,14.050000190734863,13.550000190734863,14.050000190734863,17000,0.0,0.0
2011-02-14 00:00:00-05:00,14.050000190734863,14.199999809265137,14.010000228881836,14.029999732971191,8000,0.0,0.0
2011-02-15 00:00:00-05:00,13.930000305175781,14.140000343322754,13.859999656677246,14.010000228881836,13800,0.0,0.0
2011-02-16 00:00:00-05:00,14.010000228881836,14.600000381469727,13.960000038146973,14.529999732971191,14000,0.0,0.0
2011-02-17 00:00:00-05:00,14.529999732971191,15.029999732971191,14.479999542236328,14.960000038146973,45800,0.0,0.0
2011-02-18 00:00:00-05:00,14.989999771118164,15.0,14.819999694824219,14.890000343322754,21300,0.0,0.0
2011-02-22 00:00:00-05:00,14.329999923706055,14.630000114440918,13.859999656677246,13.859999656677246,29500,0.0,0.0
2011-02-23 00:00:00-05:00,13.970000267028809,13.970000267028809,12.819999694824219,12.859999656677246,26400,0.0,0.0
2011-02-24 00:00:00-05:00,12.9399995803833,12.970000267028809,12.760000228881836,12.899999618530273,22100,0.0,0.0
2011-02-25 00:00:00-05:00,12.920000076293945,13.010000228881836,12.710000038146973,12.760000228881836,28900,0.0,0.0
2011-02-28 00:00:00-05:00,12.949999809265137,13.170000076293945,12.8100004196167,13.130000114440918,15000,0.0,0.0
2011-03-01 00:00:00-05:00,13.130000114440918,13.130000114440918,12.520000457763672,12.529999732971191,12500,0.0,0.0
2011-03-02 00:00:00-05:00,12.59000015258789,12.630000114440918,12.029999732971191,12.119999885559082,13800,0.0,0.0
2011-03-03 00:00:00-05:00,12.199999809265137,12.270000457763672,11.9399995803833,12.0,22800,0.0,0.0
2011-03-04 00:00:00-05:00,11.970000267028809,12.069999694824219,11.859999656677246,11.859999656677246,6800,0.0,0.0
2011-03-07 00:00:00-05:00,11.9399995803833,12.0600004196167,11.569999694824219,11.569999694824219,21100,0.0,0.0
2011-03-08 00:00:00-05:00,11.630000114440918,11.630000114440918,11.010000228881836,11.430000305175781,26000,0.0,0.0
2011-03-09 00:00:00-05:00,11.380000114440918,11.619999885559082,11.359999656677246,11.5,13400,0.0,0.0
2011-03-10 00:00:00-05:00,11.3100004196167,11.539999961853027,11.119999885559082,11.130000114440918,23900,0.0,0.0
2011-03-11 00:00:00-05:00,11.109999656677246,11.180000305175781,11.0,11.029999732971191,11700,0.0,0.0
2011-03-14 00:00:00-04:00,11.0,11.119999885559082,10.8100004196167,10.880000114440918,27100,0.0,0.0
2011-03-15 00:00:00-04:00,10.5,10.770000457763672,10.5,10.640000343322754,18000,0.0,0.0
2011-03-16 00:00:00-04:00,10.649999618530273,10.850000381469727,10.479999542236328,10.529999732971191,20000,0.0,0.0
2011-03-17 00:00:00-04:00,10.699999809265137,10.949999809265137,10.550000190734863,10.6899995803833,25000,0.0,0.0
2011-03-18 00:00:00-04:00,10.779999732971191,11.489999771118164,10.279999732971191,10.449999809265137,86800,0.0,0.0
2011-03-21 00:00:00-04:00,10.579999923706055,11.0,10.579999923706055,10.899999618530273,21400,0.0,0.0
2011-03-22 00:00:00-04:00,10.75,11.199999809265137,10.75,11.100000381469727,14500,0.0,0.0
2011-03-23 00:00:00-04:00,11.079999923706055,11.140000343322754,10.899999618530273,10.960000038146973,13500,0.0,0.0
2011-03-24 00:00:00-04:00,10.960000038146973,11.029999732971191,10.920000076293945,11.0,12300,0.0,0.0
2011-03-25 00:00:00-04:00,11.010000228881836,11.15999984741211,10.960000038146973,11.100000381469727,7500,0.0,0.0
2011-03-28 00:00:00-04:00,11.199999809265137,11.220000267028809,11.09000015258789,11.170000076293945,5000,0.0,0.0
2011-03-29 00:00:00-04:00,11.130000114440918,11.289999961853027,11.100000381469727,11.260000228881836,6200,0.0,0.0
2011-03-30 00:00:00-04:00,11.300000190734863,12.180000305175781,11.140000343322754,12.09000015258789,13100,0.0,0.0
2011-03-31 00:00:00-04:00,11.949999809265137,12.300000190734863,11.850000381469727,12.119999885559082,14200,0.0,0.0
2011-04-01 00:00:00-04:00,12.279999732971191,12.380000114440918,11.979999542236328,12.3100004196167,7200,0.0,0.0
2011-04-04 00:00:00-04:00,12.399999618530273,12.880000114440918,12.279999732971191,12.859999656677246,10300,0.0,0.0
2011-04-05 00:00:00-04:00,12.670000076293945,13.239999771118164,12.640000343322754,13.079999923706055,31200,0.0,0.0
2011-04-06 00:00:00-04:00,13.140000343322754,13.380000114440918,12.899999618530273,13.100000381469727,12900,0.0,0.0
2011-04-07 00:00:00-04:00,13.220000267028809,13.329999923706055,13.109999656677246,13.109999656677246,10900,0.0,0.0
2011-04-08 00:00:00-04:00,13.220000267028809,13.220000267028809,12.920000076293945,12.920000076293945,12400,0.0,0.0
2011-04-11 00:00:00-04:00,12.899999618530273,13.0,12.640000343322754,12.640000343322754,44100,0.0,0.0
2011-04-12 00:00:00-04:00,12.59000015258789,12.829999923706055,12.260000228881836,12.260000228881836,50800,0.0,0.0
2011-04-13 00:00:00-04:00,12.430000305175781,12.430000305175781,11.640000343322754,11.699999809265137,22800,0.0,0.0
2011-04-14 00:00:00-04:00,11.5600004196167,11.800000190734863,11.25,11.470000267028809,16500,0.0,0.0
2011-04-15 00:00:00-04:00,11.390000343322754,11.470000267028809,10.930000305175781,10.989999771118164,55800,0.0,0.0
2011-04-18 00:00:00-04:00,10.880000114440918,10.880000114440918,10.460000038146973,10.470000267028809,17800,0.0,0.0
2011-04-19 00:00:00-04:00,10.550000190734863,10.829999923706055,10.479999542236328,10.6899995803833,10400,0.0,0.0
2011-04-20 00:00:00-04:00,10.850000381469727,11.420000076293945,10.850000381469727,11.279999732971191,24600,0.0,0.0
2011-04-21 00:00:00-04:00,11.40999984741211,11.460000038146973,10.880000114440918,10.930000305175781,16100,0.0,0.0
2011-04-25 00:00:00-04:00,10.979999542236328,11.3100004196167,10.979999542236328,11.1899995803833,17400,0.0,0.0
2011-04-26 00:00:00-04:00,11.520000457763672,11.520000457763672,11.3100004196167,11.3100004196167,5600,0.0,0.0
2011-04-27 00:00:00-04:00,11.369999885559082,11.430000305175781,11.039999961853027,11.40999984741211,14000,0.0,0.0
2011-04-28 00:00:00-04:00,11.369999885559082,11.670000076293945,11.260000228881836,11.640000343322754,14000,0.0,0.0
2011-04-29 00:00:00-04:00,11.609999656677246,12.40999984741211,11.609999656677246,12.029999732971191,36000,0.0,0.0
2011-05-02 00:00:00-04:00,12.0600004196167,12.479999542236328,11.960000038146973,12.140000343322754,20000,0.0,0.0
2011-05-03 00:00:00-04:00,12.140000343322754,12.220000267028809,11.970000267028809,11.979999542236328,9400,0.0,0.0
2011-05-04 00:00:00-04:00,12.020000457763672,12.09000015258789,11.899999618530273,12.039999961853027,11700,0.0,0.0
2011-05-05 00:00:00-04:00,12.260000228881836,12.260000228881836,11.930000305175781,11.930000305175781,5700,0.0,0.0
2011-05-06 00:00:00-04:00,12.180000305175781,12.220000267028809,11.649999618530273,11.699999809265137,10000,0.0,0.0
2011-05-09 00:00:00-04:00,11.729999542236328,12.079999923706055,11.449999809265137,12.020000457763672,23000,0.0,0.0
2011-05-10 00:00:00-04:00,11.979999542236328,12.0600004196167,11.670000076293945,12.0600004196167,16400,0.0,0.0
2011-05-11 00:00:00-04:00,11.880000114440918,11.970000267028809,11.319999694824219,11.369999885559082,27400,0.0,0.0
2011-05-12 00:00:00-04:00,11.369999885559082,11.739999771118164,11.3100004196167,11.739999771118164,8900,0.0,0.0
2011-05-13 00:00:00-04:00,11.630000114440918,11.630000114440918,11.329999923706055,11.359999656677246,11000,0.0,0.0
2011-05-16 00:00:00-04:00,11.300000190734863,11.5,10.260000228881836,10.3100004196167,50600,0.0,0.0
2011-05-17 00:00:00-04:00,10.300000190734863,10.3100004196167,9.829999923706055,9.920000076293945,21900,0.0,0.0
2011-05-18 00:00:00-04:00,10.0,10.079999923706055,9.550000190734863,9.65999984741211,17800,0.0,0.0
2011-05-19 00:00:00-04:00,9.6899995803833,9.789999961853027,9.579999923706055,9.630000114440918,16900,0.0,0.0
2011-05-20 00:00:00-04:00,9.59000015258789,9.899999618530273,9.59000015258789,9.850000381469727,21200,0.0,0.0
2011-05-23 00:00:00-04:00,9.600000381469727,9.899999618530273,9.5600004196167,9.84000015258789,13700,0.0,0.0
2011-05-24 00:00:00-04:00,9.869999885559082,10.0,9.600000381469727,9.600000381469727,10000,0.0,0.0
2011-05-25 00:00:00-04:00,9.5600004196167,9.920000076293945,9.5600004196167,9.890000343322754,6100,0.0,0.0
2011-05-26 00:00:00-04:00,9.899999618530273,10.029999732971191,9.899999618530273,10.029999732971191,13600,0.0,0.0
2011-05-27 00:00:00-04:00,10.039999961853027,10.449999809265137,10.0,10.369999885559082,11600,0.0,0.0
2011-05-31 00:00:00-04:00,10.149999618530273,10.3100004196167,10.050000190734863,10.239999771118164,31100,0.0,0.0
2011-06-01 00:00:00-04:00,10.239999771118164,10.350000381469727,9.609999656677246,9.609999656677246,24000,0.0,0.0
2011-06-02 00:00:00-04:00,9.680000305175781,10.0600004196167,9.680000305175781,9.779999732971191,9800,0.0,0.0
2011-06-03 00:00:00-04:00,9.65999984741211,9.920000076293945,9.239999771118164,9.25,13000,0.0,0.0
2011-06-06 00:00:00-04:00,9.239999771118164,9.399999618530273,8.739999771118164,8.779999732971191,18800,0.0,0.0
2011-06-07 00:00:00-04:00,8.59000015258789,9.09000015258789,8.59000015258789,8.859999656677246,27300,0.0,0.0
2011-06-08 00:00:00-04:00,8.800000190734863,8.800000190734863,8.65999984741211,8.680000305175781,10500,0.0,0.0
2011-06-09 00:00:00-04:00,8.680000305175781,8.789999961853027,8.670000076293945,8.710000038146973,10500,0.0,0.0
2011-06-10 00:00:00-04:00,8.609999656677246,9.0,8.600000381469727,8.869999885559082,24100,0.0,0.0
2011-06-13 00:00:00-04:00,8.859999656677246,9.100000381469727,8.8100004196167,8.84000015258789,20900,0.0,0.0
2011-06-14 00:00:00-04:00,8.979999542236328,9.279999732971191,8.880000114440918,9.239999771118164,13400,0.0,0.0
2011-06-15 00:00:00-04:00,9.069999694824219,9.270000457763672,8.869999885559082,9.0,25400,0.0,0.0
2011-06-16 00:00:00-04:00,9.069999694824219,9.239999771118164,8.90999984741211,9.020000457763672,8000,0.0,0.0
2011-06-17 00:00:00-04:00,9.079999923706055,9.649999618530273,8.9399995803833,9.100000381469727,45700,0.0,0.0
2011-06-20 00:00:00-04:00,9.140000343322754,9.960000038146973,9.140000343322754,9.800000190734863,21200,0.0,0.0
2011-06-21 00:00:00-04:00,9.850000381469727,9.989999771118164,9.510000228881836,9.949999809265137,13400,0.0,0.0
2011-06-22 00:00:00-04:00,9.899999618530273,10.0,9.460000038146973,9.489999771118164,27500,0.0,0.0
2011-06-23 00:00:00-04:00,9.380000114440918,9.90999984741211,9.220000267028809,9.899999618530273,19700,0.0,0.0
2011-06-24 00:00:00-04:00,9.890000343322754,10.300000190734863,9.65999984741211,10.140000343322754,107800,0.0,0.0
2011-06-27 00:00:00-04:00,10.109999656677246,10.6899995803833,9.8100004196167,10.569999694824219,39000,0.0,0.0
2011-06-28 00:00:00-04:00,10.539999961853027,10.8100004196167,10.5,10.8100004196167,13500,0.0,0.0
2011-06-29 00:00:00-04:00,10.8100004196167,11.010000228881836,10.649999618530273,10.869999885559082,15300,0.0,0.0
2011-06-30 00:00:00-04:00,10.949999809265137,11.390000343322754,10.100000381469727,10.140000343322754,56000,0.0,0.0
2011-07-01 00:00:00-04:00,10.140000343322754,10.229999542236328,9.789999961853027,9.869999885559082,17800,0.0,0.0
2011-07-05 00:00:00-04:00,9.899999618530273,9.90999984741211,9.5600004196167,9.699999809265137,12100,0.0,0.0
2011-07-06 00:00:00-04:00,9.65999984741211,9.699999809265137,8.649999618530273,8.670000076293945,95800,0.0,0.0
2011-07-07 00:00:00-04:00,8.75,9.100000381469727,8.739999771118164,8.880000114440918,51200,0.0,0.0
2011-07-08 00:00:00-04:00,8.649999618530273,9.829999923706055,8.649999618530273,9.649999618530273,70600,0.0,0.0
2011-07-11 00:00:00-04:00,9.8100004196167,12.449999809265137,9.800000190734863,12.039999961853027,1041300,0.0,0.0
2011-07-12 00:00:00-04:00,12.199999809265137,12.199999809265137,10.569999694824219,10.649999618530273,495800,0.0,0.0
2011-07-13 00:00:00-04:00,10.649999618530273,10.859999656677246,9.520000457763672,9.779999732971191,235400,0.0,0.0
2011-07-14 00:00:00-04:00,9.739999771118164,10.100000381469727,9.279999732971191,9.329999923706055,117800,0.0,0.0
2011-07-15 00:00:00-04:00,9.329999923706055,9.609999656677246,9.109999656677246,9.220000267028809,102300,0.0,0.0
2011-07-18 00:00:00-04:00,9.0600004196167,9.199999809265137,8.75,9.039999961853027,179400,0.0,0.0
2011-07-19 00:00:00-04:00,9.170000076293945,9.720000267028809,9.170000076293945,9.239999771118164,117500,0.0,0.0
2011-07-20 00:00:00-04:00,9.319999694824219,9.319999694824219,8.800000190734863,8.850000381469727,76000,0.0,0.0
2011-07-21 00:00:00-04:00,8.859999656677246,9.25,8.739999771118164,8.850000381469727,86000,0.0,0.0
2011-07-22 00:00:00-04:00,8.779999732971191,9.020000457763672,8.699999809265137,8.850000381469727,73300,0.0,0.0
2011-07-25 00:00:00-04:00,8.770000457763672,8.960000038146973,8.609999656677246,8.609999656677246,117900,0.0,0.0
2011-07-26 00:00:00-04:00,8.670000076293945,8.670000076293945,7.929999828338623,8.0,105700,0.0,0.0
2011-07-27 00:00:00-04:00,7.96999979019165,8.170000076293945,7.400000095367432,7.739999771118164,85400,0.0,0.0
2011-07-28 00:00:00-04:00,7.590000152587891,8.34000015258789,7.590000152587891,7.849999904632568,104400,0.0,0.0
2011-07-29 00:00:00-04:00,7.760000228881836,7.909999847412109,7.5,7.829999923706055,58300,0.0,0.0
2011-08-01 00:00:00-04:00,7.880000114440918,8.40999984741211,7.710000038146973,8.279999732971191,65800,0.0,0.0
2011-08-02 00:00:00-04:00,8.199999809265137,8.59000015258789,7.929999828338623,7.929999828338623,50000,0.0,0.0
2011-08-03 00:00:00-04:00,7.989999771118164,8.069999694824219,7.670000076293945,7.949999809265137,37300,0.0,0.0
2011-08-04 00:00:00-04:00,7.840000152587891,7.840000152587891,7.449999809265137,7.5,65600,0.0,0.0
2011-08-05 00:00:00-04:00,7.579999923706055,7.579999923706055,7.079999923706055,7.340000152587891,52600,0.0,0.0
2011-08-08 00:00:00-04:00,7.159999847412109,7.199999809265137,6.5,6.699999809265137,90100,0.0,0.0
2011-08-09 00:00:00-04:00,6.880000114440918,7.989999771118164,6.090000152587891,6.679999828338623,126800,0.0,0.0
2011-08-10 00:00:00-04:00,6.53000020980835,6.53000020980835,5.760000228881836,5.789999961853027,60700,0.0,0.0
2011-08-11 00:00:00-04:00,5.829999923706055,6.630000114440918,5.829999923706055,6.25,121800,0.0,0.0
2011-08-12 00:00:00-04:00,6.349999904632568,6.400000095367432,6.0,6.079999923706055,43400,0.0,0.0
2011-08-15 00:00:00-04:00,6.159999847412109,6.159999847412109,5.800000190734863,5.949999809265137,51900,0.0,0.0
2011-08-16 00:00:00-04:00,5.840000152587891,5.960000038146973,5.53000020980835,5.599999904632568,83600,0.0,0.0
2011-08-17 00:00:00-04:00,5.579999923706055,5.769999980926514,5.460000038146973,5.559999942779541,50000,0.0,0.0
2011-08-18 00:00:00-04:00,5.400000095367432,5.46999979019165,5.25,5.25,88700,0.0,0.0
2011-08-19 00:00:00-04:00,5.150000095367432,5.5,5.050000190734863,5.059999942779541,44900,0.0,0.0
2011-08-22 00:00:00-04:00,5.260000228881836,5.329999923706055,5.059999942779541,5.260000228881836,54600,0.0,0.0
2011-08-23 00:00:00-04:00,5.260000228881836,5.480000019073486,5.150000095367432,5.420000076293945,40600,0.0,0.0
2011-08-24 00:00:00-04:00,5.420000076293945,5.510000228881836,5.28000020980835,5.389999866485596,39700,0.0,0.0
2011-08-25 00:00:00-04:00,5.5,5.599999904632568,5.139999866485596,5.139999866485596,48600,0.0,0.0
2011-08-26 00:00:00-04:00,5.090000152587891,5.550000190734863,5.010000228881836,5.440000057220459,52700,0.0,0.0
2011-08-29 00:00:00-04:00,5.53000020980835,6.019999980926514,5.449999809265137,5.78000020980835,88500,0.0,0.0
2011-08-30 00:00:00-04:00,5.760000228881836,6.099999904632568,5.650000095367432,5.889999866485596,50600,0.0,0.0
2011-08-31 00:00:00-04:00,5.949999809265137,6.199999809265137,5.510000228881836,5.670000076293945,126700,0.0,0.0
2011-09-01 00:00:00-04:00,5.71999979019165,6.329999923706055,5.610000133514404,5.639999866485596,145500,0.0,0.0
2011-09-02 00:00:00-04:00,5.539999961853027,5.539999961853027,5.289999961853027,5.289999961853027,48200,0.0,0.0
2011-09-06 00:00:00-04:00,5.139999866485596,5.25,5.03000020980835,5.159999847412109,54900,0.0,0.0
2011-09-07 00:00:00-04:00,5.269999980926514,5.449999809265137,5.21999979019165,5.25,68500,0.0,0.0
2011-09-08 00:00:00-04:00,5.25,5.329999923706055,4.980000019073486,5.0,63300,0.0,0.0
2011-09-09 00:00:00-04:00,4.940000057220459,4.940000057220459,4.75,4.860000133514404,54700,0.0,0.0
2011-09-12 00:00:00-04:00,4.78000020980835,4.820000171661377,4.639999866485596,4.690000057220459,45200,0.0,0.0
2011-09-13 00:00:00-04:00,4.690000057220459,4.849999904632568,4.619999885559082,4.75,63700,0.0,0.0
2011-09-14 00:00:00-04:00,4.769999980926514,4.789999961853027,4.429999828338623,4.599999904632568,86800,0.0,0.0
2011-09-15 00:00:00-04:00,4.650000095367432,4.679999828338623,4.550000190734863,4.639999866485596,62600,0.0,0.0
2011-09-16 00:00:00-04:00,4.989999771118164,5.110000133514404,4.809999942779541,5.070000171661377,320600,0.0,0.0
2011-09-19 00:00:00-04:00,4.949999809265137,5.159999847412109,4.820000171661377,5.119999885559082,54400,0.0,0.0
2011-09-20 00:00:00-04:00,5.199999809265137,5.260000228881836,4.869999885559082,4.869999885559082,129500,0.0,0.0
2011-09-21 00:00:00-04:00,5.130000114440918,5.710000038146973,5.070000171661377,5.159999847412109,183100,0.0,0.0
2011-09-22 00:00:00-04:00,5.0,5.230000019073486,4.980000019073486,5.010000228881836,167800,0.0,0.0
2011-09-23 00:00:00-04:00,5.010000228881836,5.110000133514404,4.860000133514404,5.0,46100,0.0,0.0
2011-09-26 00:00:00-04:00,5.090000152587891,5.21999979019165,5.010000228881836,5.119999885559082,53500,0.0,0.0
2011-09-27 00:00:00-04:00,5.230000019073486,5.309999942779541,5.090000152587891,5.210000038146973,76100,0.0,0.0
2011-09-28 00:00:00-04:00,5.239999771118164,5.269999980926514,5.119999885559082,5.190000057220459,75400,0.0,0.0
2011-09-29 00:00:00-04:00,5.260000228881836,5.360000133514404,5.119999885559082,5.239999771118164,39000,0.0,0.0
2011-09-30 00:00:00-04:00,5.159999847412109,5.849999904632568,5.159999847412109,5.510000228881836,78900,0.0,0.0
2011-10-03 00:00:00-04:00,5.5,5.5,5.03000020980835,5.150000095367432,96700,0.0,0.0
2011-10-04 00:00:00-04:00,5.090000152587891,5.440000057220459,4.960000038146973,5.28000020980835,92000,0.0,0.0
2011-10-05 00:00:00-04:00,5.320000171661377,5.610000133514404,5.21999979019165,5.519999980926514,74200,0.0,0.0
2011-10-06 00:00:00-04:00,5.53000020980835,5.730000019073486,5.460000038146973,5.559999942779541,65000,0.0,0.0
2011-10-07 00:00:00-04:00,5.53000020980835,5.559999942779541,5.21999979019165,5.380000114440918,28900,0.0,0.0
2011-10-10 00:00:00-04:00,5.400000095367432,5.920000076293945,5.400000095367432,5.670000076293945,92200,0.0,0.0
2011-10-11 00:00:00-04:00,5.670000076293945,5.889999866485596,5.619999885559082,5.739999771118164,66800,0.0,0.0
2011-10-12 00:00:00-04:00,5.699999809265137,6.369999885559082,5.690000057220459,6.099999904632568,133000,0.0,0.0
2011-10-13 00:00:00-04:00,6.070000171661377,6.329999923706055,5.900000095367432,6.0,74500,0.0,0.0
2011-10-14 00:00:00-04:00,6.090000152587891,6.239999771118164,6.010000228881836,6.150000095367432,52100,0.0,0.0
2011-10-17 00:00:00-04:00,6.090000152587891,6.329999923706055,6.059999942779541,6.159999847412109,81000,0.0,0.0
2011-10-18 00:00:00-04:00,6.199999809265137,6.28000020980835,6.059999942779541,6.170000076293945,80700,0.0,0.0
2011-10-19 00:00:00-04:00,6.230000019073486,6.300000190734863,5.940000057220459,5.989999771118164,43500,0.0,0.0
2011-10-20 00:00:00-04:00,6.03000020980835,6.170000076293945,5.699999809265137,5.760000228881836,57000,0.0,0.0
2011-10-21 00:00:00-04:00,5.860000133514404,5.989999771118164,5.760000228881836,5.909999847412109,40400,0.0,0.0
2011-10-24 00:00:00-04:00,5.96999979019165,6.199999809265137,5.96999979019165,6.150000095367432,62000,0.0,0.0
2011-10-25 00:00:00-04:00,6.119999885559082,6.159999847412109,5.900000095367432,5.989999771118164,39300,0.0,0.0
2011-10-26 00:00:00-04:00,6.059999942779541,6.059999942779541,5.710000038146973,5.920000076293945,35100,0.0,0.0
2011-10-27 00:00:00-04:00,6.130000114440918,6.21999979019165,6.019999980926514,6.179999828338623,70500,0.0,0.0
2011-10-28 00:00:00-04:00,6.190000057220459,6.320000171661377,5.650000095367432,5.769999980926514,183200,0.0,0.0
2011-10-31 00:00:00-04:00,5.760000228881836,5.949999809265137,5.599999904632568,5.849999904632568,44700,0.0,0.0
2011-11-01 00:00:00-04:00,5.639999866485596,5.769999980926514,5.380000114440918,5.429999828338623,54000,0.0,0.0
2011-11-02 00:00:00-04:00,5.539999961853027,5.849999904632568,5.420000076293945,5.730000019073486,64300,0.0,0.0
2011-11-03 00:00:00-04:00,5.849999904632568,5.909999847412109,5.630000114440918,5.75,40400,0.0,0.0
2011-11-04 00:00:00-04:00,5.679999828338623,5.840000152587891,5.619999885559082,5.650000095367432,28100,0.0,0.0
2011-11-07 00:00:00-05:00,5.760000228881836,5.760000228881836,5.550000190734863,5.670000076293945,15600,0.0,0.0
2011-11-08 00:00:00-05:00,5.710000038146973,6.090000152587891,5.53000020980835,6.019999980926514,55700,0.0,0.0
2011-11-09 00:00:00-05:00,6.079999923706055,6.599999904632568,5.769999980926514,6.0,154700,0.0,0.0
2011-11-10 00:00:00-05:00,6.119999885559082,6.119999885559082,5.690000057220459,5.730000019073486,48200,0.0,0.0
2011-11-11 00:00:00-05:00,5.710000038146973,5.849999904632568,5.710000038146973,5.809999942779541,39300,0.0,0.0
2011-11-14 00:00:00-05:00,5.800000190734863,5.840000152587891,5.5,5.53000020980835,51000,0.0,0.0
2011-11-15 00:00:00-05:00,5.519999980926514,5.929999828338623,5.519999980926514,5.829999923706055,52200,0.0,0.0
2011-11-16 00:00:00-05:00,5.769999980926514,5.929999828338623,5.670000076293945,5.670000076293945,41800,0.0,0.0
2011-11-17 00:00:00-05:00,5.690000057220459,5.900000095367432,5.630000114440918,5.699999809265137,42300,0.0,0.0
2011-11-18 00:00:00-05:00,5.71999979019165,6.079999923706055,5.71999979019165,5.989999771118164,60500,0.0,0.0
2011-11-21 00:00:00-05:00,5.889999866485596,6.289999961853027,5.889999866485596,6.25,48400,0.0,0.0
2011-11-22 00:00:00-05:00,6.21999979019165,6.53000020980835,6.079999923706055,6.449999809265137,71600,0.0,0.0
2011-11-23 00:00:00-05:00,6.380000114440918,6.449999809265137,6.28000020980835,6.380000114440918,51600,0.0,0.0
2011-11-25 00:00:00-05:00,6.340000152587891,6.5,6.329999923706055,6.380000114440918,28400,0.0,0.0
2011-11-28 00:00:00-05:00,6.579999923706055,7.119999885559082,6.400000095367432,6.929999828338623,103100,0.0,0.0
2011-11-29 00:00:00-05:00,6.980000019073486,7.239999771118164,6.929999828338623,7.21999979019165,76500,0.0,0.0
2011-11-30 00:00:00-05:00,7.519999980926514,7.78000020980835,7.380000114440918,7.78000020980835,112100,0.0,0.0
2011-12-01 00:00:00-05:00,7.71999979019165,7.71999979019165,7.110000133514404,7.260000228881836,57700,0.0,0.0
2011-12-02 00:00:00-05:00,7.389999866485596,7.480000019073486,7.179999828338623,7.440000057220459,34600,0.0,0.0
2011-12-05 00:00:00-05:00,7.559999942779541,7.739999771118164,7.449999809265137,7.619999885559082,78700,0.0,0.0
2011-12-06 00:00:00-05:00,7.650000095367432,8.0,7.610000133514404,7.71999979019165,46400,0.0,0.0
2011-12-07 00:00:00-05:00,7.730000019073486,7.75,7.519999980926514,7.690000057220459,59800,0.0,0.0
2011-12-08 00:00:00-05:00,7.619999885559082,7.619999885559082,7.269999980926514,7.320000171661377,66100,0.0,0.0
2011-12-09 00:00:00-05:00,7.329999923706055,7.539999961853027,7.28000020980835,7.489999771118164,37200,0.0,0.0
2011-12-12 00:00:00-05:00,7.380000114440918,7.679999828338623,7.300000190734863,7.590000152587891,50900,0.0,0.0
2011-12-13 00:00:00-05:00,7.690000057220459,7.690000057220459,7.409999847412109,7.429999828338623,32800,0.0,0.0
2011-12-14 00:00:00-05:00,7.369999885559082,7.489999771118164,7.329999923706055,7.429999828338623,24100,0.0,0.0
2011-12-15 00:00:00-05:00,7.510000228881836,7.650000095367432,7.5,7.610000133514404,19400,0.0,0.0
2011-12-16 00:00:00-05:00,7.670000076293945,7.75,7.309999942779541,7.309999942779541,39300,0.0,0.0
2011-12-19 00:00:00-05:00,7.349999904632568,7.489999771118164,6.929999828338623,7.019999980926514,58400,0.0,0.0
2011-12-20 00:00:00-05:00,7.139999866485596,7.25,7.139999866485596,7.21999979019165,23600,0.0,0.0
2011-12-21 00:00:00-05:00,7.199999809265137,7.239999771118164,6.980000019073486,7.159999847412109,23500,0.0,0.0
2011-12-22 00:00:00-05:00,7.179999828338623,7.210000038146973,7.03000020980835,7.150000095367432,35900,0.0,0.0
2011-12-23 00:00:00-05:00,7.199999809265137,7.320000171661377,7.099999904632568,7.269999980926514,17200,0.0,0.0
2011-12-27 00:00:00-05:00,7.260000228881836,7.880000114440918,7.230000019073486,7.489999771118164,48600,0.0,0.0
2011-12-28 00:00:00-05:00,7.380000114440918,7.710000038146973,7.260000228881836,7.449999809265137,67300,0.0,0.0
2011-12-29 00:00:00-05:00,7.5,7.920000076293945,7.440000057220459,7.599999904632568,109900,0.0,0.0
2011-12-30 00:00:00-05:00,7.599999904632568,7.679999828338623,7.559999942779541,7.639999866485596,41200,0.0,0.0
2012-01-03 00:00:00-05:00,7.78000020980835,8.239999771118164,7.699999809265137,8.210000038146973,82500,0.0,0.0
2012-01-04 00:00:00-05:00,8.210000038146973,8.210000038146973,7.96999979019165,8.050000190734863,43400,0.0,0.0
2012-01-05 00:00:00-05:00,8.010000228881836,8.010000228881836,7.670000076293945,7.940000057220459,31100,0.0,0.0
2012-01-06 00:00:00-05:00,7.920000076293945,7.960000038146973,7.760000228881836,7.860000133514404,34900,0.0,0.0
2012-01-09 00:00:00-05:00,7.699999809265137,8.140000343322754,7.679999828338623,8.119999885559082,41200,0.0,0.0
2012-01-10 00:00:00-05:00,8.199999809265137,8.479999542236328,7.929999828338623,8.109999656677246,58200,0.0,0.0
2012-01-11 00:00:00-05:00,8.100000381469727,8.229999542236328,7.960000038146973,8.170000076293945,21000,0.0,0.0
2012-01-12 00:00:00-05:00,8.170000076293945,9.119999885559082,8.170000076293945,9.100000381469727,99100,0.0,0.0
2012-01-13 00:00:00-05:00,8.970000267028809,9.460000038146973,8.760000228881836,8.949999809265137,63100,0.0,0.0
2012-01-17 00:00:00-05:00,9.0,9.149999618530273,8.829999923706055,8.869999885559082,73700,0.0,0.0
2012-01-18 00:00:00-05:00,8.90999984741211,8.979999542236328,8.859999656677246,8.979999542236328,44900,0.0,0.0
2012-01-19 00:00:00-05:00,8.979999542236328,9.880000114440918,8.949999809265137,9.630000114440918,70900,0.0,0.0
2012-01-20 00:00:00-05:00,9.630000114440918,9.9399995803833,9.539999961853027,9.829999923706055,69800,0.0,0.0
2012-01-23 00:00:00-05:00,9.84000015258789,9.979999542236328,9.59000015258789,9.899999618530273,34700,0.0,0.0
2012-01-24 00:00:00-05:00,9.819999694824219,9.949999809265137,9.239999771118164,9.829999923706055,28900,0.0,0.0
2012-01-25 00:00:00-05:00,9.789999961853027,10.029999732971191,9.760000228881836,9.920000076293945,43500,0.0,0.0
2012-01-26 00:00:00-05:00,10.15999984741211,10.15999984741211,9.819999694824219,9.920000076293945,39800,0.0,0.0
2012-01-27 00:00:00-05:00,9.930000305175781,10.100000381469727,9.930000305175781,10.069999694824219,49400,0.0,0.0
2012-01-30 00:00:00-05:00,10.050000190734863,10.15999984741211,9.970000267028809,10.010000228881836,66900,0.0,0.0
2012-01-31 00:00:00-05:00,10.0600004196167,10.4399995803833,9.9399995803833,9.979999542236328,62000,0.0,0.0
2012-02-01 00:00:00-05:00,10.039999961853027,10.220000267028809,10.039999961853027,10.170000076293945,58600,0.0,0.0
2012-02-02 00:00:00-05:00,10.239999771118164,10.319999694824219,10.199999809265137,10.289999961853027,50500,0.0,0.0
2012-02-03 00:00:00-05:00,10.420000076293945,10.970000267028809,10.25,10.850000381469727,129600,0.0,0.0
2012-02-06 00:00:00-05:00,10.84000015258789,10.949999809265137,10.300000190734863,10.550000190734863,52600,0.0,0.0
2012-02-07 00:00:00-05:00,10.579999923706055,10.6899995803833,10.300000190734863,10.5600004196167,87000,0.0,0.0
2012-02-08 00:00:00-05:00,10.630000114440918,10.630000114440918,10.300000190734863,10.449999809265137,92200,0.0,0.0
2012-02-09 00:00:00-05:00,9.25,10.649999618530273,7.880000114440918,10.4399995803833,176000,0.0,0.0
2012-02-10 00:00:00-05:00,10.220000267028809,10.649999618530273,10.0,10.289999961853027,56100,0.0,0.0
2012-02-13 00:00:00-05:00,10.420000076293945,10.960000038146973,10.40999984741211,10.819999694824219,62500,0.0,0.0
2012-02-14 00:00:00-05:00,10.899999618530273,11.529999732971191,10.84000015258789,11.399999618530273,121400,0.0,0.0
2012-02-15 00:00:00-05:00,11.430000305175781,11.800000190734863,11.399999618530273,11.65999984741211,100100,0.0,0.0
2012-02-16 00:00:00-05:00,11.84000015258789,12.119999885559082,11.079999923706055,12.029999732971191,110300,0.0,0.0
2012-02-17 00:00:00-05:00,12.109999656677246,12.25,11.960000038146973,12.069999694824219,51100,0.0,0.0
2012-02-21 00:00:00-05:00,12.100000381469727,12.170000076293945,11.710000038146973,11.720000267028809,40900,0.0,0.0
2012-02-22 00:00:00-05:00,11.579999923706055,11.680000305175781,11.170000076293945,11.3100004196167,83900,0.0,0.0
2012-02-23 00:00:00-05:00,11.3100004196167,11.819999694824219,11.25,11.8100004196167,46400,0.0,0.0
2012-02-24 00:00:00-05:00,11.859999656677246,11.869999885559082,11.380000114440918,11.420000076293945,52500,0.0,0.0
2012-02-27 00:00:00-05:00,11.380000114440918,11.819999694824219,11.149999618530273,11.65999984741211,67900,0.0,0.0
2012-02-28 00:00:00-05:00,11.670000076293945,11.9399995803833,11.460000038146973,11.699999809265137,47300,0.0,0.0
2012-02-29 00:00:00-05:00,11.729999542236328,11.869999885559082,11.069999694824219,11.069999694824219,109000,0.0,0.0
2012-03-01 00:00:00-05:00,11.09000015258789,11.550000190734863,11.09000015258789,11.300000190734863,36000,0.0,0.0
2012-03-02 00:00:00-05:00,11.350000381469727,11.489999771118164,11.0,11.0600004196167,49900,0.0,0.0
2012-03-05 00:00:00-05:00,11.149999618530273,11.489999771118164,10.949999809265137,11.069999694824219,44800,0.0,0.0
2012-03-06 00:00:00-05:00,11.020000457763672,11.020000457763672,10.4399995803833,10.829999923706055,64900,0.0,0.0
2012-03-07 00:00:00-05:00,10.380000114440918,11.149999618530273,10.380000114440918,11.079999923706055,46900,0.0,0.0
2012-03-08 00:00:00-05:00,11.180000305175781,11.579999923706055,10.90999984741211,11.279999732971191,58600,0.0,0.0
2012-03-09 00:00:00-05:00,11.270000457763672,11.430000305175781,10.869999885559082,11.210000038146973,64000,0.0,0.0
2012-03-12 00:00:00-04:00,11.09000015258789,11.539999961853027,11.020000457763672,11.15999984741211,40500,0.0,0.0
2012-03-13 00:00:00-04:00,11.199999809265137,11.199999809265137,10.880000114440918,11.109999656677246,55900,0.0,0.0
2012-03-14 00:00:00-04:00,11.039999961853027,11.239999771118164,10.819999694824219,11.010000228881836,19200,0.0,0.0
2012-03-15 00:00:00-04:00,11.010000228881836,11.15999984741211,10.859999656677246,11.050000190734863,26600,0.0,0.0
2012-03-16 00:00:00-04:00,11.069999694824219,11.369999885559082,10.710000038146973,10.829999923706055,41900,0.0,0.0
2012-03-19 00:00:00-04:00,10.770000457763672,12.130000114440918,10.770000457763672,11.869999885559082,80200,0.0,0.0
2012-03-20 00:00:00-04:00,11.760000228881836,12.020000457763672,11.680000305175781,11.789999961853027,29500,0.0,0.0
2012-03-21 00:00:00-04:00,11.739999771118164,11.880000114440918,11.649999618530273,11.6899995803833,21400,0.0,0.0
2012-03-22 00:00:00-04:00,11.539999961853027,11.550000190734863,11.319999694824219,11.479999542236328,20800,0.0,0.0
2012-03-23 00:00:00-04:00,11.65999984741211,11.920000076293945,11.65999984741211,11.829999923706055,13100,0.0,0.0
2012-03-26 00:00:00-04:00,11.949999809265137,12.010000228881836,11.819999694824219,11.960000038146973,18400,0.0,0.0
2012-03-27 00:00:00-04:00,12.020000457763672,12.170000076293945,11.899999618530273,11.899999618530273,27300,0.0,0.0
2012-03-28 00:00:00-04:00,11.960000038146973,12.0,11.3100004196167,11.399999618530273,99600,0.0,0.0
2012-03-29 00:00:00-04:00,11.359999656677246,11.359999656677246,10.989999771118164,11.140000343322754,332600,0.0,0.0
2012-03-30 00:00:00-04:00,11.260000228881836,11.260000228881836,10.880000114440918,10.890000343322754,33900,0.0,0.0
2012-04-02 00:00:00-04:00,10.869999885559082,10.920000076293945,10.579999923706055,10.75,112100,0.0,0.0
2012-04-03 00:00:00-04:00,10.75,10.760000228881836,10.069999694824219,10.220000267028809,69400,0.0,0.0
2012-04-04 00:00:00-04:00,10.109999656677246,10.25,9.640000343322754,9.869999885559082,136300,0.0,0.0
2012-04-05 00:00:00-04:00,9.779999732971191,9.779999732971191,9.5,9.699999809265137,45800,0.0,0.0
2012-04-09 00:00:00-04:00,9.5,9.619999885559082,9.399999618530273,9.5600004196167,41200,0.0,0.0
2012-04-10 00:00:00-04:00,9.520000457763672,9.59000015258789,9.15999984741211,9.3100004196167,55400,0.0,0.0
2012-04-11 00:00:00-04:00,9.420000076293945,9.529999732971191,9.34000015258789,9.420000076293945,23800,0.0,0.0
2012-04-12 00:00:00-04:00,9.390000343322754,9.5,9.199999809265137,9.289999961853027,35700,0.0,0.0
2012-04-13 00:00:00-04:00,9.25,9.25,9.079999923706055,9.09000015258789,17700,0.0,0.0
2012-04-16 00:00:00-04:00,9.100000381469727,9.289999961853027,9.0,9.010000228881836,32400,0.0,0.0
2012-04-17 00:00:00-04:00,9.119999885559082,9.270000457763672,9.050000190734863,9.15999984741211,31000,0.0,0.0
2012-04-18 00:00:00-04:00,9.140000343322754,9.15999984741211,8.800000190734863,8.920000076293945,60400,0.0,0.0
2012-04-19 00:00:00-04:00,8.930000305175781,9.119999885559082,8.829999923706055,8.960000038146973,36600,0.0,0.0
2012-04-20 00:00:00-04:00,9.079999923706055,9.079999923706055,8.90999984741211,8.960000038146973,21200,0.0,0.0
2012-04-23 00:00:00-04:00,8.899999618530273,9.1899995803833,8.770000457763672,8.859999656677246,52400,0.0,0.0
2012-04-24 00:00:00-04:00,8.829999923706055,9.010000228881836,8.789999961853027,9.010000228881836,19600,0.0,0.0
2012-04-25 00:00:00-04:00,9.15999984741211,9.15999984741211,8.930000305175781,8.979999542236328,30800,0.0,0.0
2012-04-26 00:00:00-04:00,8.989999771118164,9.140000343322754,8.960000038146973,9.069999694824219,19400,0.0,0.0
2012-04-27 00:00:00-04:00,9.130000114440918,9.319999694824219,9.039999961853027,9.15999984741211,26400,0.0,0.0
2012-04-30 00:00:00-04:00,9.079999923706055,9.380000114440918,9.069999694824219,9.100000381469727,85000,0.0,0.0
2012-05-01 00:00:00-04:00,9.149999618530273,9.350000381469727,9.0600004196167,9.0600004196167,55000,0.0,0.0
2012-05-02 00:00:00-04:00,9.020000457763672,9.170000076293945,8.789999961853027,8.8100004196167,43200,0.0,0.0
2012-05-03 00:00:00-04:00,8.800000190734863,8.90999984741211,8.729999542236328,8.869999885559082,19000,0.0,0.0
2012-05-04 00:00:00-04:00,8.850000381469727,8.850000381469727,8.529999732971191,8.550000190734863,20400,0.0,0.0
2012-05-07 00:00:00-04:00,8.539999961853027,8.75,8.539999961853027,8.609999656677246,16000,0.0,0.0
2012-05-08 00:00:00-04:00,8.579999923706055,8.720000267028809,8.5,8.630000114440918,13200,0.0,0.0
2012-05-09 00:00:00-04:00,8.520000457763672,8.520000457763672,7.150000095367432,7.380000114440918,160000,0.0,0.0
2012-05-10 00:00:00-04:00,7.440000057220459,7.440000057220459,6.730000019073486,6.840000152587891,95000,0.0,0.0
2012-05-11 00:00:00-04:00,6.800000190734863,7.019999980926514,6.730000019073486,6.960000038146973,96900,0.0,0.0
2012-05-14 00:00:00-04:00,6.860000133514404,7.050000190734863,6.78000020980835,6.989999771118164,29300,0.0,0.0
2012-05-15 00:00:00-04:00,7.019999980926514,7.710000038146973,7.019999980926514,7.570000171661377,95000,0.0,0.0
2012-05-16 00:00:00-04:00,7.570000171661377,7.570000171661377,7.199999809265137,7.389999866485596,49600,0.0,0.0
2012-05-17 00:00:00-04:00,7.369999885559082,7.480000019073486,7.239999771118164,7.300000190734863,55100,0.0,0.0
2012-05-18 00:00:00-04:00,7.289999961853027,7.409999847412109,7.190000057220459,7.329999923706055,75900,0.0,0.0
2012-05-21 00:00:00-04:00,7.409999847412109,7.46999979019165,7.159999847412109,7.289999961853027,31800,0.0,0.0
2012-05-22 00:00:00-04:00,7.289999961853027,7.340000152587891,6.96999979019165,7.019999980926514,31000,0.0,0.0
2012-05-23 00:00:00-04:00,6.960000038146973,7.050000190734863,6.739999771118164,6.920000076293945,38000,0.0,0.0
2012-05-24 00:00:00-04:00,6.960000038146973,6.980000019073486,6.800000190734863,6.920000076293945,38600,0.0,0.0
2012-05-25 00:00:00-04:00,6.960000038146973,7.070000171661377,6.809999942779541,6.900000095367432,20600,0.0,0.0
2012-05-29 00:00:00-04:00,6.940000057220459,7.190000057220459,6.909999847412109,7.110000133514404,48700,0.0,0.0
2012-05-30 00:00:00-04:00,7.039999961853027,7.179999828338623,7.0,7.059999942779541,39700,0.0,0.0
2012-05-31 00:00:00-04:00,7.099999904632568,7.099999904632568,6.840000152587891,6.840000152587891,30500,0.0,0.0
2012-06-01 00:00:00-04:00,6.929999828338623,7.139999866485596,6.900000095367432,6.929999828338623,66800,0.0,0.0
2012-06-04 00:00:00-04:00,7.0,7.110000133514404,6.800000190734863,6.960000038146973,59800,0.0,0.0
2012-06-05 00:00:00-04:00,6.920000076293945,7.289999961853027,6.880000114440918,7.21999979019165,39700,0.0,0.0
2012-06-06 00:00:00-04:00,7.300000190734863,7.300000190734863,7.03000020980835,7.130000114440918,57600,0.0,0.0
2012-06-07 00:00:00-04:00,7.179999828338623,7.179999828338623,7.03000020980835,7.079999923706055,38400,0.0,0.0
2012-06-08 00:00:00-04:00,7.090000152587891,7.090000152587891,7.019999980926514,7.039999961853027,35200,0.0,0.0
2012-06-11 00:00:00-04:00,7.090000152587891,7.150000095367432,6.989999771118164,7.0,34700,0.0,0.0
2012-06-12 00:00:00-04:00,7.050000190734863,7.090000152587891,7.010000228881836,7.079999923706055,33800,0.0,0.0
2012-06-13 00:00:00-04:00,7.0,7.619999885559082,7.0,7.579999923706055,115200,0.0,0.0
2012-06-14 00:00:00-04:00,7.619999885559082,7.619999885559082,7.340000152587891,7.5,32200,0.0,0.0
2012-06-15 00:00:00-04:00,7.480000019073486,7.559999942779541,7.320000171661377,7.480000019073486,40000,0.0,0.0
2012-06-18 00:00:00-04:00,7.409999847412109,7.5,7.320000171661377,7.409999847412109,25500,0.0,0.0
2012-06-19 00:00:00-04:00,7.409999847412109,7.639999866485596,7.409999847412109,7.559999942779541,51000,0.0,0.0
2012-06-20 00:00:00-04:00,7.619999885559082,7.619999885559082,7.46999979019165,7.510000228881836,64700,0.0,0.0
2012-06-21 00:00:00-04:00,7.539999961853027,7.659999847412109,7.309999942779541,7.360000133514404,28000,0.0,0.0
2012-06-22 00:00:00-04:00,7.369999885559082,7.550000190734863,7.369999885559082,7.46999979019165,50900,0.0,0.0
2012-06-25 00:00:00-04:00,7.449999809265137,7.579999923706055,7.329999923706055,7.449999809265137,38400,0.0,0.0
2012-06-26 00:00:00-04:00,7.449999809265137,7.590000152587891,7.28000020980835,7.340000152587891,15200,0.0,0.0
2012-06-27 00:00:00-04:00,7.389999866485596,7.519999980926514,7.150000095367432,7.25,26400,0.0,0.0
2012-06-28 00:00:00-04:00,7.230000019073486,7.489999771118164,7.230000019073486,7.489999771118164,9500,0.0,0.0
2012-06-29 00:00:00-04:00,7.630000114440918,7.960000038146973,7.260000228881836,7.960000038146973,37200,0.0,0.0
2012-07-02 00:00:00-04:00,8.0,8.0,7.71999979019165,7.96999979019165,28400,0.0,0.0
2012-07-03 00:00:00-04:00,7.949999809265137,8.319999694824219,7.900000095367432,8.260000228881836,43800,0.0,0.0
2012-07-05 00:00:00-04:00,8.210000038146973,8.260000228881836,8.010000228881836,8.210000038146973,48700,0.0,0.0
2012-07-06 00:00:00-04:00,8.170000076293945,8.210000038146973,7.820000171661377,7.880000114440918,44100,0.0,0.0
2012-07-09 00:00:00-04:00,7.889999866485596,8.239999771118164,7.619999885559082,7.820000171661377,71400,0.0,0.0
2012-07-10 00:00:00-04:00,7.880000114440918,8.149999618530273,7.0,7.460000038146973,59200,0.0,0.0
2012-07-11 00:00:00-04:00,7.510000228881836,7.650000095367432,7.260000228881836,7.489999771118164,27200,0.0,0.0
2012-07-12 00:00:00-04:00,7.400000095367432,7.400000095367432,7.21999979019165,7.239999771118164,41000,0.0,0.0
2012-07-13 00:00:00-04:00,7.230000019073486,7.300000190734863,7.110000133514404,7.28000020980835,15300,0.0,0.0
2012-07-16 00:00:00-04:00,7.300000190734863,7.440000057220459,7.190000057220459,7.409999847412109,10200,0.0,0.0
2012-07-17 00:00:00-04:00,7.480000019073486,7.769999980926514,7.369999885559082,7.630000114440918,29100,0.0,0.0
2012-07-18 00:00:00-04:00,7.619999885559082,7.699999809265137,7.539999961853027,7.590000152587891,21300,0.0,0.0
2012-07-19 00:00:00-04:00,7.610000133514404,7.610000133514404,7.440000057220459,7.449999809265137,9900,0.0,0.0
2012-07-20 00:00:00-04:00,7.409999847412109,7.449999809265137,7.309999942779541,7.309999942779541,17900,0.0,0.0
2012-07-23 00:00:00-04:00,7.449999809265137,7.550000190734863,7.440000057220459,7.440000057220459,29600,0.0,0.0
2012-07-24 00:00:00-04:00,7.389999866485596,7.420000076293945,7.179999828338623,7.230000019073486,23800,0.0,0.0
2012-07-25 00:00:00-04:00,7.369999885559082,7.409999847412109,7.239999771118164,7.289999961853027,13900,0.0,0.0
2012-07-26 00:00:00-04:00,7.559999942779541,7.559999942779541,7.239999771118164,7.25,16400,0.0,0.0
2012-07-27 00:00:00-04:00,7.269999980926514,7.360000133514404,7.099999904632568,7.25,17100,0.0,0.0
2012-07-30 00:00:00-04:00,8.0,8.1899995803833,7.769999980926514,7.849999904632568,85900,0.0,0.0
2012-07-31 00:00:00-04:00,7.869999885559082,7.940000057220459,7.800000190734863,7.800000190734863,45800,0.0,0.0
2012-08-01 00:00:00-04:00,7.889999866485596,7.96999979019165,7.690000057220459,7.690000057220459,52400,0.0,0.0
2012-08-02 00:00:00-04:00,7.670000076293945,8.329999923706055,7.550000190734863,7.96999979019165,141600,0.0,0.0
2012-08-03 00:00:00-04:00,8.109999656677246,8.210000038146973,7.940000057220459,8.0,35300,0.0,0.0
2012-08-06 00:00:00-04:00,8.180000305175781,8.920000076293945,8.079999923706055,8.539999961853027,90500,0.0,0.0
2012-08-07 00:00:00-04:00,8.539999961853027,9.350000381469727,8.399999618530273,8.579999923706055,139700,0.0,0.0
2012-08-08 00:00:00-04:00,8.600000381469727,9.1899995803833,8.510000228881836,8.520000457763672,73300,0.0,0.0
2012-08-09 00:00:00-04:00,8.529999732971191,8.789999961853027,8.300000190734863,8.550000190734863,74000,0.0,0.0
2012-08-10 00:00:00-04:00,8.529999732971191,8.680000305175781,8.399999618530273,8.529999732971191,46700,0.0,0.0
2012-08-13 00:00:00-04:00,8.5600004196167,8.670000076293945,8.430000305175781,8.489999771118164,23300,0.0,0.0
2012-08-14 00:00:00-04:00,8.579999923706055,8.84000015258789,8.529999732971191,8.59000015258789,46100,0.0,0.0
2012-08-15 00:00:00-04:00,8.619999885559082,8.760000228881836,8.600000381469727,8.6899995803833,48300,0.0,0.0
2012-08-16 00:00:00-04:00,8.710000038146973,8.920000076293945,8.65999984741211,8.779999732971191,41400,0.0,0.0
2012-08-17 00:00:00-04:00,8.75,9.0600004196167,8.75,9.010000228881836,62300,0.0,0.0
2012-08-20 00:00:00-04:00,9.050000190734863,9.449999809265137,8.899999618530273,8.960000038146973,83300,0.0,0.0
2012-08-21 00:00:00-04:00,9.079999923706055,9.140000343322754,8.930000305175781,8.970000267028809,80900,0.0,0.0
2012-08-22 00:00:00-04:00,8.949999809265137,9.4399995803833,8.949999809265137,9.329999923706055,77200,0.0,0.0
2012-08-23 00:00:00-04:00,9.329999923706055,9.6899995803833,9.229999542236328,9.359999656677246,100500,0.0,0.0
2012-08-24 00:00:00-04:00,9.300000190734863,9.510000228881836,9.210000038146973,9.260000228881836,67600,0.0,0.0
2012-08-27 00:00:00-04:00,9.25,9.699999809265137,9.25,9.489999771118164,60500,0.0,0.0
2012-08-28 00:00:00-04:00,9.529999732971191,9.890000343322754,9.5,9.609999656677246,80200,0.0,0.0
2012-08-29 00:00:00-04:00,9.720000267028809,10.149999618530273,9.430000305175781,9.680000305175781,256100,0.0,0.0
2012-08-30 00:00:00-04:00,9.6899995803833,9.760000228881836,9.449999809265137,9.569999694824219,52800,0.0,0.0
2012-08-31 00:00:00-04:00,9.670000076293945,9.670000076293945,9.270000457763672,9.430000305175781,53900,0.0,0.0
2012-09-04 00:00:00-04:00,9.489999771118164,9.489999771118164,9.1899995803833,9.260000228881836,85200,0.0,0.0
2012-09-05 00:00:00-04:00,9.300000190734863,9.529999732971191,9.300000190734863,9.359999656677246,54800,0.0,0.0
2012-09-06 00:00:00-04:00,9.4399995803833,9.75,9.420000076293945,9.6899995803833,86600,0.0,0.0
2012-09-07 00:00:00-04:00,9.699999809265137,9.739999771118164,9.550000190734863,9.6899995803833,118500,0.0,0.0
2012-09-10 00:00:00-04:00,9.25,9.25,8.75,8.890000343322754,312400,0.0,0.0
2012-09-11 00:00:00-04:00,8.890000343322754,8.979999542236328,8.550000190734863,8.960000038146973,230500,0.0,0.0
2012-09-12 00:00:00-04:00,9.130000114440918,9.229999542236328,8.899999618530273,9.0600004196167,105800,0.0,0.0
2012-09-13 00:00:00-04:00,9.039999961853027,9.600000381469727,9.039999961853027,9.300000190734863,134200,0.0,0.0
2012-09-14 00:00:00-04:00,9.390000343322754,9.59000015258789,9.350000381469727,9.510000228881836,77300,0.0,0.0
2012-09-17 00:00:00-04:00,9.510000228881836,9.729999542236328,9.510000228881836,9.6899995803833,106200,0.0,0.0
2012-09-18 00:00:00-04:00,9.6899995803833,9.710000038146973,9.199999809265137,9.6899995803833,33500,0.0,0.0
2012-09-19 00:00:00-04:00,9.6899995803833,9.920000076293945,9.579999923706055,9.699999809265137,98800,0.0,0.0
2012-09-20 00:00:00-04:00,9.680000305175781,9.680000305175781,9.350000381469727,9.460000038146973,38200,0.0,0.0
2012-09-21 00:00:00-04:00,9.59000015258789,9.630000114440918,9.359999656677246,9.619999885559082,56500,0.0,0.0
2012-09-24 00:00:00-04:00,9.600000381469727,9.720000267028809,9.600000381469727,9.6899995803833,58600,0.0,0.0
2012-09-25 00:00:00-04:00,9.699999809265137,9.75,9.529999732971191,9.529999732971191,85000,0.0,0.0
2012-09-26 00:00:00-04:00,9.59000015258789,9.59000015258789,9.420000076293945,9.520000457763672,19900,0.0,0.0
2012-09-27 00:00:00-04:00,9.550000190734863,9.710000038146973,9.5,9.670000076293945,29000,0.0,0.0
2012-09-28 00:00:00-04:00,9.65999984741211,9.729999542236328,9.5,9.510000228881836,34300,0.0,0.0
2012-10-01 00:00:00-04:00,9.5,9.539999961853027,9.220000267028809,9.479999542236328,74300,0.0,0.0
2012-10-02 00:00:00-04:00,9.5,9.550000190734863,9.399999618530273,9.529999732971191,70200,0.0,0.0
2012-10-03 00:00:00-04:00,9.520000457763672,9.960000038146973,9.5,9.699999809265137,28600,0.0,0.0
2012-10-04 00:00:00-04:00,9.65999984741211,9.8100004196167,9.65999984741211,9.770000457763672,22600,0.0,0.0
2012-10-05 00:00:00-04:00,9.789999961853027,9.949999809265137,9.789999961853027,9.880000114440918,34900,0.0,0.0
2012-10-08 00:00:00-04:00,9.890000343322754,10.0,9.869999885559082,9.880000114440918,32800,0.0,0.0
2012-10-09 00:00:00-04:00,9.890000343322754,9.930000305175781,9.8100004196167,9.84000015258789,8700,0.0,0.0
2012-10-10 00:00:00-04:00,9.869999885559082,9.920000076293945,9.529999732971191,9.550000190734863,33200,0.0,0.0
2012-10-11 00:00:00-04:00,9.600000381469727,9.880000114440918,9.449999809265137,9.710000038146973,14500,0.0,0.0
2012-10-12 00:00:00-04:00,9.670000076293945,9.699999809265137,9.539999961853027,9.569999694824219,8700,0.0,0.0
2012-10-15 00:00:00-04:00,9.619999885559082,9.770000457763672,9.550000190734863,9.6899995803833,21900,0.0,0.0
2012-10-16 00:00:00-04:00,9.6899995803833,9.720000267028809,9.460000038146973,9.630000114440918,36800,0.0,0.0
2012-10-17 00:00:00-04:00,9.619999885559082,9.720000267028809,9.550000190734863,9.699999809265137,9800,0.0,0.0
2012-10-18 00:00:00-04:00,9.6899995803833,9.6899995803833,9.470000267028809,9.59000015258789,9500,0.0,0.0
2012-10-19 00:00:00-04:00,9.539999961853027,9.539999961853027,9.199999809265137,9.40999984741211,33800,0.0,0.0
2012-10-22 00:00:00-04:00,9.489999771118164,9.489999771118164,9.279999732971191,9.4399995803833,16900,0.0,0.0
2012-10-23 00:00:00-04:00,9.380000114440918,9.479999542236328,9.039999961853027,9.460000038146973,12400,0.0,0.0
2012-10-24 00:00:00-04:00,9.520000457763672,9.670000076293945,9.489999771118164,9.65999984741211,20000,0.0,0.0
2012-10-25 00:00:00-04:00,9.670000076293945,9.75,9.479999542236328,9.5600004196167,16400,0.0,0.0
2012-10-26 00:00:00-04:00,9.5600004196167,9.829999923706055,9.5,9.75,33400,0.0,0.0
2012-10-31 00:00:00-04:00,9.789999961853027,10.0,9.539999961853027,9.729999542236328,45100,0.0,0.0
2012-11-01 00:00:00-04:00,9.770000457763672,10.0,9.680000305175781,9.770000457763672,45000,0.0,0.0
2012-11-02 00:00:00-04:00,9.789999961853027,10.529999732971191,9.670000076293945,10.279999732971191,62800,0.0,0.0
2012-11-05 00:00:00-05:00,10.279999732971191,11.0,10.140000343322754,10.399999618530273,60800,0.0,0.0
2012-11-06 00:00:00-05:00,10.619999885559082,11.640000343322754,10.619999885559082,11.369999885559082,188500,0.0,0.0
2012-11-07 00:00:00-05:00,10.699999809265137,11.0600004196167,10.210000038146973,10.220000267028809,79600,0.0,0.0
2012-11-08 00:00:00-05:00,10.470000267028809,10.550000190734863,10.130000114440918,10.1899995803833,29000,0.0,0.0
2012-11-09 00:00:00-05:00,10.180000305175781,10.550000190734863,9.84000015258789,9.880000114440918,64200,0.0,0.0
2012-11-12 00:00:00-05:00,9.9399995803833,10.600000381469727,9.75,9.859999656677246,24900,0.0,0.0
2012-11-13 00:00:00-05:00,9.819999694824219,10.170000076293945,8.960000038146973,9.850000381469727,120000,0.0,0.0
2012-11-14 00:00:00-05:00,9.6899995803833,9.779999732971191,9.510000228881836,9.539999961853027,37000,0.0,0.0
2012-11-15 00:00:00-05:00,9.5600004196167,9.710000038146973,9.329999923706055,9.569999694824219,57700,0.0,0.0
2012-11-16 00:00:00-05:00,9.539999961853027,9.819999694824219,9.420000076293945,9.710000038146973,30200,0.0,0.0
2012-11-19 00:00:00-05:00,9.800000190734863,10.619999885559082,9.789999961853027,10.420000076293945,57900,0.0,0.0
2012-11-20 00:00:00-05:00,10.40999984741211,10.630000114440918,10.239999771118164,10.390000343322754,27700,0.0,0.0
2012-11-21 00:00:00-05:00,10.430000305175781,10.470000267028809,10.34000015258789,10.390000343322754,23100,0.0,0.0
2012-11-23 00:00:00-05:00,10.4399995803833,10.4399995803833,10.260000228881836,10.289999961853027,6600,0.0,0.0
2012-11-26 00:00:00-05:00,10.289999961853027,10.460000038146973,10.109999656677246,10.390000343322754,68300,0.0,0.0
2012-11-27 00:00:00-05:00,10.399999618530273,11.109999656677246,10.399999618530273,11.010000228881836,81500,0.0,0.0
2012-11-28 00:00:00-05:00,11.020000457763672,11.109999656677246,10.579999923706055,10.970000267028809,41400,0.0,0.0
2012-11-29 00:00:00-05:00,11.020000457763672,11.8100004196167,11.020000457763672,11.34000015258789,209600,0.0,0.0
2012-11-30 00:00:00-05:00,11.380000114440918,11.59000015258789,11.020000457763672,11.109999656677246,268000,0.0,0.0
2012-12-03 00:00:00-05:00,10.989999771118164,11.210000038146973,10.90999984741211,11.09000015258789,96900,0.0,0.0
2012-12-04 00:00:00-05:00,11.130000114440918,11.420000076293945,11.130000114440918,11.369999885559082,46100,0.0,0.0
2012-12-05 00:00:00-05:00,11.40999984741211,11.460000038146973,11.15999984741211,11.180000305175781,51600,0.0,0.0
2012-12-06 00:00:00-05:00,11.100000381469727,11.729999542236328,11.010000228881836,11.489999771118164,51500,0.0,0.0
2012-12-07 00:00:00-05:00,11.5600004196167,11.979999542236328,11.470000267028809,11.8100004196167,45600,0.0,0.0
2012-12-10 00:00:00-05:00,11.880000114440918,12.100000381469727,11.489999771118164,11.489999771118164,53600,0.0,0.0
2012-12-11 00:00:00-05:00,11.579999923706055,12.1899995803833,11.579999923706055,12.09000015258789,58200,0.0,0.0
2012-12-12 00:00:00-05:00,12.25,12.979999542236328,12.0,12.829999923706055,167500,0.0,0.0
2012-12-13 00:00:00-05:00,12.90999984741211,13.8100004196167,12.699999809265137,13.399999618530273,260000,0.0,0.0
2012-12-14 00:00:00-05:00,13.350000381469727,13.720000267028809,12.8100004196167,13.180000305175781,206600,0.0,0.0
2012-12-17 00:00:00-05:00,13.270000457763672,14.220000267028809,13.199999809265137,14.050000190734863,143600,0.0,0.0
2012-12-18 00:00:00-05:00,13.989999771118164,14.050000190734863,13.670000076293945,13.760000228881836,100400,0.0,0.0
2012-12-19 00:00:00-05:00,13.84000015258789,14.239999771118164,13.670000076293945,14.199999809265137,124500,0.0,0.0
2012-12-20 00:00:00-05:00,14.199999809265137,14.220000267028809,14.010000228881836,14.180000305175781,46400,0.0,0.0
2012-12-21 00:00:00-05:00,13.960000038146973,14.350000381469727,13.859999656677246,14.319999694824219,115800,0.0,0.0
2012-12-24 00:00:00-05:00,14.350000381469727,14.90999984741211,14.109999656677246,14.869999885559082,36900,0.0,0.0
2012-12-26 00:00:00-05:00,14.979999542236328,15.369999885559082,14.270000457763672,14.34000015258789,75600,0.0,0.0
2012-12-27 00:00:00-05:00,14.399999618530273,14.8100004196167,14.15999984741211,14.369999885559082,61900,0.0,0.0
2012-12-28 00:00:00-05:00,14.260000228881836,14.789999961853027,14.260000228881836,14.460000038146973,47100,0.0,0.0
2012-12-31 00:00:00-05:00,14.260000228881836,14.5,14.029999732971191,14.430000305175781,84600,0.0,0.0
2013-01-02 00:00:00-05:00,14.760000228881836,15.0,14.199999809265137,14.850000381469727,82300,0.0,0.0
2013-01-03 00:00:00-05:00,14.899999618530273,15.0,14.59000015258789,14.640000343322754,40100,0.0,0.0
2013-01-04 00:00:00-05:00,14.699999809265137,14.699999809265137,13.8100004196167,13.979999542236328,128900,0.0,0.0
2013-01-07 00:00:00-05:00,13.9399995803833,14.34000015258789,13.789999961853027,14.180000305175781,70300,0.0,0.0
2013-01-08 00:00:00-05:00,14.140000343322754,14.199999809265137,13.899999618530273,13.949999809265137,59400,0.0,0.0
2013-01-09 00:00:00-05:00,13.989999771118164,14.449999809265137,13.979999542236328,14.270000457763672,57800,0.0,0.0
2013-01-10 00:00:00-05:00,14.260000228881836,14.260000228881836,14.0,14.0,70400,0.0,0.0
2013-01-11 00:00:00-05:00,14.029999732971191,14.079999923706055,13.899999618530273,13.989999771118164,57000,0.0,0.0
2013-01-14 00:00:00-05:00,13.920000076293945,14.40999984741211,13.880000114440918,13.930000305175781,97800,0.0,0.0
2013-01-15 00:00:00-05:00,13.920000076293945,14.020000457763672,13.510000228881836,13.710000038146973,117100,0.0,0.0
2013-01-16 00:00:00-05:00,13.75,14.029999732971191,13.710000038146973,13.960000038146973,56400,0.0,0.0
2013-01-17 00:00:00-05:00,14.079999923706055,14.25,13.960000038146973,14.0,40800,0.0,0.0
2013-01-18 00:00:00-05:00,13.970000267028809,14.34000015258789,13.920000076293945,13.979999542236328,36100,0.0,0.0
2013-01-22 00:00:00-05:00,13.949999809265137,13.949999809265137,13.710000038146973,13.819999694824219,54600,0.0,0.0
2013-01-23 00:00:00-05:00,13.899999618530273,13.899999618530273,12.800000190734863,12.819999694824219,123300,0.0,0.0
2013-01-24 00:00:00-05:00,12.75,13.319999694824219,12.75,13.279999732971191,47400,0.0,0.0
2013-01-25 00:00:00-05:00,13.329999923706055,14.029999732971191,13.25,13.65999984741211,64100,0.0,0.0
2013-01-28 00:00:00-05:00,13.630000114440918,13.949999809265137,13.539999961853027,13.630000114440918,31800,0.0,0.0
2013-01-29 00:00:00-05:00,13.649999618530273,13.920000076293945,13.600000381469727,13.890000343322754,24200,0.0,0.0
2013-01-30 00:00:00-05:00,13.869999885559082,13.880000114440918,13.739999771118164,13.739999771118164,25500,0.0,0.0
2013-01-31 00:00:00-05:00,13.75,13.800000190734863,13.239999771118164,13.4399995803833,40500,0.0,0.0
2013-02-01 00:00:00-05:00,13.520000457763672,13.890000343322754,13.520000457763672,13.630000114440918,68600,0.0,0.0
2013-02-04 00:00:00-05:00,13.5,13.670000076293945,13.420000076293945,13.59000015258789,34500,0.0,0.0
2013-02-05 00:00:00-05:00,13.739999771118164,13.9399995803833,13.670000076293945,13.869999885559082,18000,0.0,0.0
2013-02-06 00:00:00-05:00,13.779999732971191,13.920000076293945,13.359999656677246,13.710000038146973,20400,0.0,0.0
2013-02-07 00:00:00-05:00,13.649999618530273,13.649999618530273,12.229999542236328,13.149999618530273,202900,0.0,0.0
2013-02-08 00:00:00-05:00,13.140000343322754,13.260000228881836,12.979999542236328,13.199999809265137,56000,0.0,0.0
2013-02-11 00:00:00-05:00,13.15999984741211,13.229999542236328,12.369999885559082,12.430000305175781,58600,0.0,0.0
2013-02-12 00:00:00-05:00,12.420000076293945,12.760000228881836,12.350000381469727,12.75,49800,0.0,0.0
2013-02-13 00:00:00-05:00,12.84000015258789,13.0,12.680000305175781,12.920000076293945,31800,0.0,0.0
2013-02-14 00:00:00-05:00,12.899999618530273,13.399999618530273,12.850000381469727,13.329999923706055,36000,0.0,0.0
2013-02-15 00:00:00-05:00,13.40999984741211,13.529999732971191,13.170000076293945,13.479999542236328,61500,0.0,0.0
2013-02-19 00:00:00-05:00,13.489999771118164,13.670000076293945,13.319999694824219,13.670000076293945,19600,0.0,0.0
2013-02-20 00:00:00-05:00,13.640000343322754,13.760000228881836,13.0,13.0,55900,0.0,0.0
2013-02-21 00:00:00-05:00,13.0,13.619999885559082,13.0,13.460000038146973,16000,0.0,0.0
2013-02-22 00:00:00-05:00,13.529999732971191,13.819999694824219,13.390000343322754,13.710000038146973,41600,0.0,0.0
2013-02-25 00:00:00-05:00,13.75,13.779999732971191,13.039999961853027,13.0600004196167,48400,0.0,0.0
2013-02-26 00:00:00-05:00,13.15999984741211,13.15999984741211,13.0,13.039999961853027,31000,0.0,0.0
2013-02-27 00:00:00-05:00,13.050000190734863,13.25,12.899999618530273,13.09000015258789,28600,0.0,0.0
2013-02-28 00:00:00-05:00,13.0600004196167,13.119999885559082,12.6899995803833,12.6899995803833,55400,0.0,0.0
2013-03-01 00:00:00-05:00,12.550000190734863,13.430000305175781,12.449999809265137,13.069999694824219,270700,0.0,0.0
2013-03-04 00:00:00-05:00,12.970000267028809,13.489999771118164,12.970000267028809,13.399999618530273,81200,0.0,0.0
2013-03-05 00:00:00-05:00,13.470000267028809,13.640000343322754,13.170000076293945,13.3100004196167,42400,0.0,0.0
2013-03-06 00:00:00-05:00,13.300000190734863,13.300000190734863,12.920000076293945,13.149999618530273,30000,0.0,0.0
2013-03-07 00:00:00-05:00,13.100000381469727,13.890000343322754,12.989999771118164,13.75,89200,0.0,0.0
2013-03-08 00:00:00-05:00,13.880000114440918,14.100000381469727,13.569999694824219,13.979999542236328,124900,0.0,0.0
2013-03-11 00:00:00-04:00,14.0,14.25,13.859999656677246,14.25,60600,0.0,0.0
2013-03-12 00:00:00-04:00,14.170000076293945,14.239999771118164,13.890000343322754,13.9399995803833,44400,0.0,0.0
2013-03-13 00:00:00-04:00,13.90999984741211,14.0,13.539999961853027,13.800000190734863,32200,0.0,0.0
2013-03-14 00:00:00-04:00,13.789999961853027,13.989999771118164,13.630000114440918,13.850000381469727,20500,0.0,0.0
2013-03-15 00:00:00-04:00,13.800000190734863,13.800000190734863,13.239999771118164,13.600000381469727,58300,0.0,0.0
2013-03-18 00:00:00-04:00,13.470000267028809,13.539999961853027,13.3100004196167,13.380000114440918,42100,0.0,0.0
2013-03-19 00:00:00-04:00,13.220000267028809,13.470000267028809,13.109999656677246,13.399999618530273,20000,0.0,0.0
2013-03-20 00:00:00-04:00,13.40999984741211,13.4399995803833,13.229999542236328,13.350000381469727,33200,0.0,0.0
2013-03-21 00:00:00-04:00,13.170000076293945,13.420000076293945,13.069999694824219,13.34000015258789,21200,0.0,0.0
2013-03-22 00:00:00-04:00,13.289999961853027,13.890000343322754,13.260000228881836,13.800000190734863,26000,0.0,0.0
2013-03-25 00:00:00-04:00,13.8100004196167,13.880000114440918,13.5,13.640000343322754,21300,0.0,0.0
2013-03-26 00:00:00-04:00,13.739999771118164,13.829999923706055,13.649999618530273,13.789999961853027,18000,0.0,0.0
2013-03-27 00:00:00-04:00,13.770000457763672,14.229999542236328,13.770000457763672,14.15999984741211,34100,0.0,0.0
2013-03-28 00:00:00-04:00,14.170000076293945,14.84000015258789,14.15999984741211,14.699999809265137,70000,0.0,0.0
2013-04-01 00:00:00-04:00,14.75,15.119999885559082,14.699999809265137,15.0600004196167,56800,0.0,0.0
2013-04-02 00:00:00-04:00,15.270000457763672,15.520000457763672,15.270000457763672,15.329999923706055,49900,0.0,0.0
2013-04-03 00:00:00-04:00,15.40999984741211,15.4399995803833,14.970000267028809,15.199999809265137,40500,0.0,0.0
2013-04-04 00:00:00-04:00,15.3100004196167,15.359999656677246,15.029999732971191,15.130000114440918,21700,0.0,0.0
2013-04-05 00:00:00-04:00,14.819999694824219,15.220000267028809,14.819999694824219,15.199999809265137,28200,0.0,0.0
2013-04-08 00:00:00-04:00,15.300000190734863,15.390000343322754,14.920000076293945,15.25,28300,0.0,0.0
2013-04-09 00:00:00-04:00,15.270000457763672,15.5,15.239999771118164,15.289999961853027,16500,0.0,0.0
2013-04-10 00:00:00-04:00,15.4399995803833,16.1299991607666,15.4399995803833,15.949999809265137,51500,0.0,0.0
2013-04-11 00:00:00-04:00,15.989999771118164,16.290000915527344,14.9399995803833,16.15999984741211,25200,0.0,0.0
2013-04-12 00:00:00-04:00,16.43000030517578,16.899999618530273,16.239999771118164,16.700000762939453,40700,0.0,0.0
2013-04-15 00:00:00-04:00,16.549999237060547,16.549999237060547,15.050000190734863,15.390000343322754,58600,0.0,0.0
2013-04-16 00:00:00-04:00,15.4399995803833,15.760000228881836,15.399999618530273,15.489999771118164,32000,0.0,0.0
2013-04-17 00:00:00-04:00,15.300000190734863,15.380000114440918,14.710000038146973,14.880000114440918,34900,0.0,0.0
2013-04-18 00:00:00-04:00,14.869999885559082,15.180000305175781,14.4399995803833,14.8100004196167,21300,0.0,0.0
2013-04-19 00:00:00-04:00,14.8100004196167,15.069999694824219,14.770000457763672,14.859999656677246,12900,0.0,0.0
2013-04-22 00:00:00-04:00,14.850000381469727,15.050000190734863,14.380000114440918,14.430000305175781,35200,0.0,0.0
2013-04-23 00:00:00-04:00,14.5600004196167,14.930000305175781,14.510000228881836,14.920000076293945,16100,0.0,0.0
2013-04-24 00:00:00-04:00,14.9399995803833,15.270000457763672,14.9399995803833,15.15999984741211,10800,0.0,0.0
2013-04-25 00:00:00-04:00,15.069999694824219,15.180000305175781,14.930000305175781,15.15999984741211,15200,0.0,0.0
2013-04-26 00:00:00-04:00,15.140000343322754,15.609999656677246,14.890000343322754,15.149999618530273,22500,0.0,0.0
2013-04-29 00:00:00-04:00,15.09000015258789,15.170000076293945,14.84000015258789,15.109999656677246,8000,0.0,0.0
2013-04-30 00:00:00-04:00,15.109999656677246,15.180000305175781,14.739999771118164,15.149999618530273,14200,0.0,0.0
2013-05-01 00:00:00-04:00,15.130000114440918,15.289999961853027,14.149999618530273,14.350000381469727,54800,0.0,0.0
2013-05-02 00:00:00-04:00,14.470000267028809,14.470000267028809,14.079999923706055,14.220000267028809,99300,0.0,0.0
2013-05-03 00:00:00-04:00,14.40999984741211,14.949999809265137,13.869999885559082,14.8100004196167,45700,0.0,0.0
2013-05-06 00:00:00-04:00,14.90999984741211,14.960000038146973,14.579999923706055,14.760000228881836,9900,0.0,0.0
2013-05-07 00:00:00-04:00,14.829999923706055,14.829999923706055,13.819999694824219,13.84000015258789,36600,0.0,0.0
2013-05-08 00:00:00-04:00,13.800000190734863,14.5600004196167,13.6899995803833,13.789999961853027,48200,0.0,0.0
2013-05-09 00:00:00-04:00,13.84000015258789,13.84000015258789,13.619999885559082,13.619999885559082,17800,0.0,0.0
2013-05-10 00:00:00-04:00,13.649999618530273,13.699999809265137,13.569999694824219,13.59000015258789,15800,0.0,0.0
2013-05-13 00:00:00-04:00,13.470000267028809,13.770000457763672,13.390000343322754,13.550000190734863,29000,0.0,0.0
2013-05-14 00:00:00-04:00,13.609999656677246,14.09000015258789,13.609999656677246,14.0600004196167,31000,0.0,0.0
2013-05-15 00:00:00-04:00,13.970000267028809,14.489999771118164,13.90999984741211,14.479999542236328,44900,0.0,0.0
2013-05-16 00:00:00-04:00,14.5,15.239999771118164,14.5,15.15999984741211,29100,0.0,0.0
2013-05-17 00:00:00-04:00,15.199999809265137,15.609999656677246,14.75,15.539999961853027,42000,0.0,0.0
2013-05-20 00:00:00-04:00,15.359999656677246,15.529999732971191,15.0600004196167,15.279999732971191,30200,0.0,0.0
2013-05-21 00:00:00-04:00,15.220000267028809,15.699999809265137,15.0,15.40999984741211,10500,0.0,0.0
2013-05-22 00:00:00-04:00,15.40999984741211,15.699999809265137,14.859999656677246,15.140000343322754,27200,0.0,0.0
2013-05-23 00:00:00-04:00,14.859999656677246,15.4399995803833,14.210000038146973,15.430000305175781,16200,0.0,0.0
2013-05-24 00:00:00-04:00,15.270000457763672,15.270000457763672,14.539999961853027,14.789999961853027,23700,0.0,0.0
2013-05-28 00:00:00-04:00,14.829999923706055,15.130000114440918,14.670000076293945,14.779999732971191,33300,0.0,0.0
2013-05-29 00:00:00-04:00,14.630000114440918,14.670000076293945,14.369999885559082,14.430000305175781,11200,0.0,0.0
2013-05-30 00:00:00-04:00,14.449999809265137,14.600000381469727,14.399999618530273,14.489999771118164,7100,0.0,0.0
2013-05-31 00:00:00-04:00,14.34000015258789,14.510000228881836,13.789999961853027,14.050000190734863,34100,0.0,0.0
2013-06-03 00:00:00-04:00,14.109999656677246,14.449999809265137,13.850000381469727,14.220000267028809,49400,0.0,0.0
2013-06-04 00:00:00-04:00,14.289999961853027,15.34000015258789,14.270000457763672,14.970000267028809,72100,0.0,0.0
2013-06-05 00:00:00-04:00,14.6899995803833,14.90999984741211,14.470000267028809,14.510000228881836,12000,0.0,0.0
2013-06-06 00:00:00-04:00,14.5600004196167,15.050000190734863,14.260000228881836,15.029999732971191,24200,0.0,0.0
2013-06-07 00:00:00-04:00,15.09000015258789,15.369999885559082,14.899999618530273,15.3100004196167,22400,0.0,0.0
2013-06-10 00:00:00-04:00,15.350000381469727,15.979999542236328,15.350000381469727,15.890000343322754,23700,0.0,0.0
2013-06-11 00:00:00-04:00,15.630000114440918,15.739999771118164,15.449999809265137,15.59000015258789,16300,0.0,0.0
2013-06-12 00:00:00-04:00,15.770000457763672,15.770000457763672,15.5,15.609999656677246,18300,0.0,0.0
2013-06-13 00:00:00-04:00,15.600000381469727,16.09000015258789,15.520000457763672,16.09000015258789,25000,0.0,0.0
2013-06-14 00:00:00-04:00,16.0,16.0,15.5600004196167,15.75,22100,0.0,0.0
2013-06-17 00:00:00-04:00,15.970000267028809,16.110000610351562,15.470000267028809,15.869999885559082,23200,0.0,0.0
2013-06-18 00:00:00-04:00,15.869999885559082,16.25,15.819999694824219,16.25,24700,0.0,0.0
2013-06-19 00:00:00-04:00,16.31999969482422,16.31999969482422,15.899999618530273,15.949999809265137,17700,0.0,0.0
2013-06-20 00:00:00-04:00,15.649999618530273,15.859999656677246,14.979999542236328,15.069999694824219,34600,0.0,0.0
2013-06-21 00:00:00-04:00,15.15999984741211,15.15999984741211,14.399999618530273,14.8100004196167,46400,0.0,0.0
2013-06-24 00:00:00-04:00,14.59000015258789,14.720000267028809,14.069999694824219,14.239999771118164,29900,0.0,0.0
2013-06-25 00:00:00-04:00,14.449999809265137,14.449999809265137,13.920000076293945,14.039999961853027,18800,0.0,0.0
2013-06-26 00:00:00-04:00,14.149999618530273,14.300000190734863,13.90999984741211,14.170000076293945,18600,0.0,0.0
2013-06-27 00:00:00-04:00,14.34000015258789,14.579999923706055,14.100000381469727,14.399999618530273,28600,0.0,0.0
2013-06-28 00:00:00-04:00,14.399999618530273,14.510000228881836,13.920000076293945,14.0600004196167,290900,0.0,0.0
2013-07-01 00:00:00-04:00,14.210000038146973,15.09000015258789,14.210000038146973,14.989999771118164,25900,0.0,0.0
2013-07-02 00:00:00-04:00,14.949999809265137,15.25,14.6899995803833,14.850000381469727,13700,0.0,0.0
2013-07-03 00:00:00-04:00,14.680000305175781,14.84000015258789,14.569999694824219,14.789999961853027,11000,0.0,0.0
2013-07-05 00:00:00-04:00,15.029999732971191,15.029999732971191,14.239999771118164,14.479999542236328,25200,0.0,0.0
2013-07-08 00:00:00-04:00,14.460000038146973,14.460000038146973,14.069999694824219,14.300000190734863,30500,0.0,0.0
2013-07-09 00:00:00-04:00,14.289999961853027,14.289999961853027,13.949999809265137,14.180000305175781,50700,0.0,0.0
2013-07-10 00:00:00-04:00,14.210000038146973,14.210000038146973,13.649999618530273,13.979999542236328,52200,0.0,0.0
2013-07-11 00:00:00-04:00,14.260000228881836,14.350000381469727,13.65999984741211,13.770000457763672,52200,0.0,0.0
2013-07-12 00:00:00-04:00,13.520000457763672,14.100000381469727,13.520000457763672,14.020000457763672,29000,0.0,0.0
2013-07-15 00:00:00-04:00,14.069999694824219,14.270000457763672,13.720000267028809,13.970000267028809,39000,0.0,0.0
2013-07-16 00:00:00-04:00,13.90999984741211,13.90999984741211,13.619999885559082,13.850000381469727,41300,0.0,0.0
2013-07-17 00:00:00-04:00,13.979999542236328,13.979999542236328,13.460000038146973,13.84000015258789,48600,0.0,0.0
2013-07-18 00:00:00-04:00,13.869999885559082,13.869999885559082,13.15999984741211,13.569999694824219,82600,0.0,0.0
2013-07-19 00:00:00-04:00,13.399999618530273,13.680000305175781,13.34000015258789,13.489999771118164,46000,0.0,0.0
2013-07-22 00:00:00-04:00,13.5600004196167,13.699999809265137,13.199999809265137,13.40999984741211,28000,0.0,0.0
2013-07-23 00:00:00-04:00,13.430000305175781,13.800000190734863,13.279999732971191,13.710000038146973,46700,0.0,0.0
2013-07-24 00:00:00-04:00,13.720000267028809,14.770000457763672,13.600000381469727,14.430000305175781,84000,0.0,0.0
2013-07-25 00:00:00-04:00,14.319999694824219,15.180000305175781,14.100000381469727,15.100000381469727,36800,0.0,0.0
2013-07-26 00:00:00-04:00,15.029999732971191,15.380000114440918,14.8100004196167,15.25,34700,0.0,0.0
2013-07-29 00:00:00-04:00,15.25,15.800000190734863,15.25,15.579999923706055,44500,0.0,0.0
2013-07-30 00:00:00-04:00,15.529999732971191,15.600000381469727,14.970000267028809,15.109999656677246,36900,0.0,0.0
2013-07-31 00:00:00-04:00,15.0600004196167,16.09000015258789,15.039999961853027,15.930000305175781,59700,0.0,0.0
2013-08-01 00:00:00-04:00,16.030000686645508,16.440000534057617,15.460000038146973,15.640000343322754,76300,0.0,0.0
2013-08-02 00:00:00-04:00,15.5,15.5,15.0,15.100000381469727,22900,0.0,0.0
2013-08-05 00:00:00-04:00,15.069999694824219,15.380000114440918,14.619999885559082,15.359999656677246,24700,0.0,0.0
2013-08-06 00:00:00-04:00,15.289999961853027,15.84000015258789,15.050000190734863,15.720000267028809,21300,0.0,0.0
2013-08-07 00:00:00-04:00,15.90999984741211,15.90999984741211,15.170000076293945,15.270000457763672,11800,0.0,0.0
2013-08-08 00:00:00-04:00,15.260000228881836,15.260000228881836,15.09000015258789,15.220000267028809,24000,0.0,0.0
2013-08-09 00:00:00-04:00,15.210000038146973,15.369999885559082,14.989999771118164,15.020000457763672,11100,0.0,0.0
2013-08-12 00:00:00-04:00,14.819999694824219,15.3100004196167,14.819999694824219,15.3100004196167,12800,0.0,0.0
2013-08-13 00:00:00-04:00,15.369999885559082,15.369999885559082,15.020000457763672,15.130000114440918,7700,0.0,0.0
2013-08-14 00:00:00-04:00,15.119999885559082,15.149999618530273,14.739999771118164,14.800000190734863,7200,0.0,0.0
2013-08-15 00:00:00-04:00,14.600000381469727,15.460000038146973,14.420000076293945,14.520000457763672,25600,0.0,0.0
2013-08-16 00:00:00-04:00,14.399999618530273,14.470000267028809,14.109999656677246,14.420000076293945,25000,0.0,0.0
2013-08-19 00:00:00-04:00,14.510000228881836,14.949999809265137,14.510000228881836,14.510000228881836,21500,0.0,0.0
2013-08-20 00:00:00-04:00,14.579999923706055,14.75,14.529999732971191,14.609999656677246,9300,0.0,0.0
2013-08-21 00:00:00-04:00,14.5,14.550000190734863,14.260000228881836,14.329999923706055,16900,0.0,0.0
2013-08-22 00:00:00-04:00,14.34000015258789,15.119999885559082,14.34000015258789,14.899999618530273,8700,0.0,0.0
2013-08-23 00:00:00-04:00,14.8100004196167,15.420000076293945,14.8100004196167,15.40999984741211,22300,0.0,0.0
2013-08-26 00:00:00-04:00,15.300000190734863,15.640000343322754,15.210000038146973,15.300000190734863,20400,0.0,0.0
2013-08-27 00:00:00-04:00,15.050000190734863,15.050000190734863,14.210000038146973,14.260000228881836,24000,0.0,0.0
2013-08-28 00:00:00-04:00,14.220000267028809,14.34000015258789,13.960000038146973,14.050000190734863,8000,0.0,0.0
2013-08-29 00:00:00-04:00,13.930000305175781,14.300000190734863,13.819999694824219,14.069999694824219,16100,0.0,0.0
2013-08-30 00:00:00-04:00,14.069999694824219,14.279999732971191,13.699999809265137,13.720000267028809,12300,0.0,0.0
2013-09-03 00:00:00-04:00,14.59000015258789,14.59000015258789,13.199999809265137,13.390000343322754,19000,0.0,0.0
2013-09-04 00:00:00-04:00,13.399999618530273,13.640000343322754,13.069999694824219,13.520000457763672,55400,0.0,0.0
2013-09-05 00:00:00-04:00,13.520000457763672,13.6899995803833,13.300000190734863,13.539999961853027,12700,0.0,0.0
2013-09-06 00:00:00-04:00,13.579999923706055,14.149999618530273,13.279999732971191,13.770000457763672,41000,0.0,0.0
2013-09-09 00:00:00-04:00,13.819999694824219,14.9399995803833,13.6899995803833,14.600000381469727,49800,0.0,0.0
2013-09-10 00:00:00-04:00,14.619999885559082,14.989999771118164,14.34000015258789,14.670000076293945,21400,0.0,0.0
2013-09-11 00:00:00-04:00,14.5600004196167,14.75,14.350000381469727,14.380000114440918,16800,0.0,0.0
2013-09-12 00:00:00-04:00,14.25,14.630000114440918,14.25,14.350000381469727,22700,0.0,0.0
2013-09-13 00:00:00-04:00,14.430000305175781,14.539999961853027,14.140000343322754,14.279999732971191,18600,0.0,0.0
2013-09-16 00:00:00-04:00,14.529999732971191,14.529999732971191,14.0,14.140000343322754,16300,0.0,0.0
2013-09-17 00:00:00-04:00,14.109999656677246,15.020000457763672,14.109999656677246,14.529999732971191,53400,0.0,0.0
2013-09-18 00:00:00-04:00,14.550000190734863,14.6899995803833,14.050000190734863,14.489999771118164,29600,0.0,0.0
2013-09-19 00:00:00-04:00,14.579999923706055,15.020000457763672,14.359999656677246,14.800000190734863,26000,0.0,0.0
2013-09-20 00:00:00-04:00,14.880000114440918,15.680000305175781,14.779999732971191,15.680000305175781,112300,0.0,0.0
2013-09-23 00:00:00-04:00,15.510000228881836,15.510000228881836,15.109999656677246,15.130000114440918,34800,0.0,0.0
2013-09-24 00:00:00-04:00,15.069999694824219,15.5,15.0600004196167,15.229999542236328,22900,0.0,0.0
2013-09-25 00:00:00-04:00,15.229999542236328,15.5,15.149999618530273,15.220000267028809,24400,0.0,0.0
2013-09-26 00:00:00-04:00,15.220000267028809,15.510000228881836,14.819999694824219,15.119999885559082,34800,0.0,0.0
2013-09-27 00:00:00-04:00,14.989999771118164,15.460000038146973,14.890000343322754,15.1899995803833,40700,0.0,0.0
2013-09-30 00:00:00-04:00,15.029999732971191,15.640000343322754,15.010000228881836,15.0600004196167,62200,0.0,0.0
2013-10-01 00:00:00-04:00,14.90999984741211,15.34000015258789,14.729999542236328,15.0600004196167,36700,0.0,0.0
2013-10-02 00:00:00-04:00,14.960000038146973,15.6899995803833,14.850000381469727,15.539999961853027,45700,0.0,0.0
2013-10-03 00:00:00-04:00,15.300000190734863,15.699999809265137,15.039999961853027,15.529999732971191,37200,0.0,0.0
2013-10-04 00:00:00-04:00,15.5,15.829999923706055,15.460000038146973,15.8100004196167,12100,0.0,0.0
2013-10-07 00:00:00-04:00,15.430000305175781,15.949999809265137,15.430000305175781,15.75,20700,0.0,0.0
2013-10-08 00:00:00-04:00,15.59000015258789,15.720000267028809,15.270000457763672,15.479999542236328,29400,0.0,0.0
2013-10-09 00:00:00-04:00,15.479999542236328,15.619999885559082,15.100000381469727,15.390000343322754,44900,0.0,0.0
2013-10-10 00:00:00-04:00,15.140000343322754,15.9399995803833,15.140000343322754,15.75,32500,0.0,0.0
2013-10-11 00:00:00-04:00,15.75,15.880000114440918,15.739999771118164,15.800000190734863,17600,0.0,0.0
2013-10-14 00:00:00-04:00,15.779999732971191,15.880000114440918,15.680000305175781,15.789999961853027,30200,0.0,0.0
2013-10-15 00:00:00-04:00,15.779999732971191,15.880000114440918,15.600000381469727,15.619999885559082,33600,0.0,0.0
2013-10-16 00:00:00-04:00,15.649999618530273,15.819999694824219,15.579999923706055,15.710000038146973,27500,0.0,0.0
2013-10-17 00:00:00-04:00,15.649999618530273,15.880000114440918,15.600000381469727,15.649999618530273,72600,0.0,0.0
2013-10-18 00:00:00-04:00,15.800000190734863,15.880000114440918,15.699999809265137,15.800000190734863,71400,0.0,0.0
2013-10-21 00:00:00-04:00,15.850000381469727,16.3700008392334,15.800000190734863,16.25,101600,0.0,0.0
2013-10-22 00:00:00-04:00,16.15999984741211,16.5,16.15999984741211,16.299999237060547,15800,0.0,0.0
2013-10-23 00:00:00-04:00,16.219999313354492,16.56999969482422,16.200000762939453,16.40999984741211,51000,0.0,0.0
2013-10-24 00:00:00-04:00,16.739999771118164,17.110000610351562,16.600000381469727,17.049999237060547,46600,0.0,0.0
2013-10-25 00:00:00-04:00,17.1299991607666,17.399999618530273,16.899999618530273,17.059999465942383,57600,0.0,0.0
2013-10-28 00:00:00-04:00,17.290000915527344,17.389999389648438,17.149999618530273,17.34000015258789,28100,0.0,0.0
2013-10-29 00:00:00-04:00,17.350000381469727,17.729999542236328,16.84000015258789,17.690000534057617,22400,0.0,0.0
2013-10-30 00:00:00-04:00,17.639999389648438,18.43000030517578,17.639999389648438,18.360000610351562,29300,0.0,0.0
2013-10-31 00:00:00-04:00,18.329999923706055,18.399999618530273,17.649999618530273,18.059999465942383,87400,0.0,0.0
2013-11-01 00:00:00-04:00,18.0,18.43000030517578,17.790000915527344,18.229999542236328,34900,0.0,0.0
2013-11-04 00:00:00-05:00,18.34000015258789,18.34000015258789,17.8799991607666,18.030000686645508,26000,0.0,0.0
2013-11-05 00:00:00-05:00,17.959999084472656,19.0,17.530000686645508,17.739999771118164,22300,0.0,0.0
2013-11-06 00:00:00-05:00,17.969999313354492,17.969999313354492,17.149999618530273,17.469999313354492,38400,0.0,0.0
2013-11-07 00:00:00-05:00,17.510000228881836,17.690000534057617,17.309999465942383,17.59000015258789,30500,0.0,0.0
2013-11-08 00:00:00-05:00,17.68000030517578,18.219999313354492,17.170000076293945,18.15999984741211,28200,0.0,0.0
2013-11-11 00:00:00-05:00,18.09000015258789,18.889999389648438,18.059999465942383,18.790000915527344,27200,0.0,0.0
2013-11-12 00:00:00-05:00,18.68000030517578,18.979999542236328,18.360000610351562,18.68000030517578,22600,0.0,0.0
2013-11-13 00:00:00-05:00,18.600000381469727,18.600000381469727,18.139999389648438,18.290000915527344,27100,0.0,0.0
2013-11-14 00:00:00-05:00,18.309999465942383,18.309999465942383,18.170000076293945,18.290000915527344,49000,0.0,0.0
2013-11-15 00:00:00-05:00,18.299999237060547,18.760000228881836,18.290000915527344,18.59000015258789,22400,0.0,0.0
2013-11-18 00:00:00-05:00,18.719999313354492,19.15999984741211,18.719999313354492,18.90999984741211,44600,0.0,0.0
2013-11-19 00:00:00-05:00,19.280000686645508,19.420000076293945,18.700000762939453,18.75,35200,0.0,0.0
2013-11-20 00:00:00-05:00,18.90999984741211,19.959999084472656,18.889999389648438,19.399999618530273,33000,0.0,0.0
2013-11-21 00:00:00-05:00,19.6299991607666,20.56999969482422,19.6299991607666,20.329999923706055,34500,0.0,0.0
2013-11-22 00:00:00-05:00,20.530000686645508,20.530000686645508,20.1200008392334,20.149999618530273,18400,0.0,0.0
2013-11-25 00:00:00-05:00,20.329999923706055,20.670000076293945,20.25,20.25,22600,0.0,0.0
2013-11-26 00:00:00-05:00,20.209999084472656,20.3799991607666,20.110000610351562,20.239999771118164,30800,0.0,0.0
2013-11-27 00:00:00-05:00,20.239999771118164,20.760000228881836,20.239999771118164,20.299999237060547,29700,0.0,0.0
2013-11-29 00:00:00-05:00,20.440000534057617,20.68000030517578,20.100000381469727,20.399999618530273,23200,0.0,0.0
2013-12-02 00:00:00-05:00,20.450000762939453,20.760000228881836,19.780000686645508,19.8700008392334,25900,0.0,0.0
2013-12-03 00:00:00-05:00,19.850000381469727,20.75,19.75,20.200000762939453,25400,0.0,0.0
2013-12-04 00:00:00-05:00,20.049999237060547,20.989999771118164,20.020000457763672,20.780000686645508,26900,0.0,0.0
2013-12-05 00:00:00-05:00,20.770000457763672,20.93000030517578,20.5,20.56999969482422,38500,0.0,0.0
2013-12-06 00:00:00-05:00,20.809999465942383,22.719999313354492,20.809999465942383,22.489999771118164,54000,0.0,0.0
2013-12-09 00:00:00-05:00,22.579999923706055,23.25,21.690000534057617,22.260000228881836,46500,0.0,0.0
2013-12-10 00:00:00-05:00,21.700000762939453,24.329999923706055,21.290000915527344,21.850000381469727,65500,0.0,0.0
2013-12-11 00:00:00-05:00,21.81999969482422,21.969999313354492,21.200000762939453,21.40999984741211,46700,0.0,0.0
2013-12-12 00:00:00-05:00,21.450000762939453,21.81999969482422,21.110000610351562,21.329999923706055,33200,0.0,0.0
2013-12-13 00:00:00-05:00,21.360000610351562,21.649999618530273,21.209999084472656,21.31999969482422,20800,0.0,0.0
2013-12-16 00:00:00-05:00,21.420000076293945,21.989999771118164,21.420000076293945,21.850000381469727,26000,0.0,0.0
2013-12-17 00:00:00-05:00,21.799999237060547,22.040000915527344,21.75,21.84000015258789,33300,0.0,0.0
2013-12-18 00:00:00-05:00,21.850000381469727,21.979999542236328,21.1299991607666,21.489999771118164,37600,0.0,0.0
2013-12-19 00:00:00-05:00,21.520000457763672,21.860000610351562,21.399999618530273,21.729999542236328,47700,0.0,0.0
2013-12-20 00:00:00-05:00,21.899999618530273,22.959999084472656,21.729999542236328,22.0,95000,0.0,0.0
2013-12-23 00:00:00-05:00,22.229999542236328,23.450000762939453,21.75,23.25,34300,0.0,0.0
2013-12-24 00:00:00-05:00,23.350000381469727,24.06999969482422,23.200000762939453,23.200000762939453,13800,0.0,0.0
2013-12-26 00:00:00-05:00,23.389999389648438,23.790000915527344,23.049999237060547,23.68000030517578,32800,0.0,0.0
2013-12-27 00:00:00-05:00,23.8700008392334,24.100000381469727,23.40999984741211,24.06999969482422,67800,0.0,0.0
2013-12-30 00:00:00-05:00,23.979999542236328,24.31999969482422,23.299999237060547,23.59000015258789,46500,0.0,0.0
2013-12-31 00:00:00-05:00,23.59000015258789,23.59000015258789,23.260000228881836,23.260000228881836,32000,0.0,0.0
2014-01-02 00:00:00-05:00,23.09000015258789,23.1299991607666,22.3700008392334,22.719999313354492,32700,0.0,0.0
2014-01-03 00:00:00-05:00,22.59000015258789,22.809999465942383,22.25,22.690000534057617,27400,0.0,0.0
2014-01-06 00:00:00-05:00,22.690000534057617,22.690000534057617,21.479999542236328,21.530000686645508,42400,0.0,0.0
2014-01-07 00:00:00-05:00,21.5,22.600000381469727,19.829999923706055,22.530000686645508,271200,0.0,0.0
2014-01-08 00:00:00-05:00,22.450000762939453,22.530000686645508,21.93000030517578,22.360000610351562,59000,0.0,0.0
2014-01-09 00:00:00-05:00,22.360000610351562,22.520000457763672,21.93000030517578,21.959999084472656,43600,0.0,0.0
2014-01-10 00:00:00-05:00,21.65999984741211,22.639999389648438,20.950000762939453,22.520000457763672,67600,0.0,0.0
2014-01-13 00:00:00-05:00,22.5,23.229999542236328,22.360000610351562,22.760000228881836,43100,0.0,0.0
2014-01-14 00:00:00-05:00,22.790000915527344,23.209999084472656,22.790000915527344,23.020000457763672,24100,0.0,0.0
2014-01-15 00:00:00-05:00,23.0,23.100000381469727,22.229999542236328,22.43000030517578,18500,0.0,0.0
2014-01-16 00:00:00-05:00,22.34000015258789,22.790000915527344,21.950000762939453,22.68000030517578,16500,0.0,0.0
2014-01-17 00:00:00-05:00,22.690000534057617,22.969999313354492,22.510000228881836,22.889999389648438,29500,0.0,0.0
2014-01-21 00:00:00-05:00,23.049999237060547,23.959999084472656,22.809999465942383,23.729999542236328,45900,0.0,0.0
2014-01-22 00:00:00-05:00,23.860000610351562,24.280000686645508,23.75,23.889999389648438,86900,0.0,0.0
2014-01-23 00:00:00-05:00,23.5,23.93000030517578,23.399999618530273,23.700000762939453,66600,0.0,0.0
2014-01-24 00:00:00-05:00,23.610000610351562,23.850000381469727,23.5,23.81999969482422,43700,0.0,0.0
2014-01-27 00:00:00-05:00,23.809999465942383,23.860000610351562,22.0,22.309999465942383,61700,0.0,0.0
2014-01-28 00:00:00-05:00,22.100000381469727,22.670000076293945,21.649999618530273,22.010000228881836,38100,0.0,0.0
2014-01-29 00:00:00-05:00,21.850000381469727,22.329999923706055,21.5,22.0,34700,0.0,0.0
2014-01-30 00:00:00-05:00,22.09000015258789,22.43000030517578,21.8799991607666,22.149999618530273,16200,0.0,0.0
2014-01-31 00:00:00-05:00,21.75,22.31999969482422,21.510000228881836,21.6299991607666,79900,0.0,0.0
2014-02-03 00:00:00-05:00,21.84000015258789,21.84000015258789,20.520000457763672,20.860000610351562,63100,0.0,0.0
2014-02-04 00:00:00-05:00,21.079999923706055,21.100000381469727,20.469999313354492,20.489999771118164,40100,0.0,0.0
2014-02-05 00:00:00-05:00,20.520000457763672,20.520000457763672,19.450000762939453,19.969999313354492,64100,0.0,0.0
2014-02-06 00:00:00-05:00,19.989999771118164,20.440000534057617,19.850000381469727,20.1299991607666,55000,0.0,0.0
2014-02-07 00:00:00-05:00,20.170000076293945,21.040000915527344,20.010000228881836,20.15999984741211,55500,0.0,0.0
2014-02-10 00:00:00-05:00,20.25,20.25,19.84000015258789,20.040000915527344,100300,0.0,0.0
2014-02-11 00:00:00-05:00,20.700000762939453,23.229999542236328,20.079999923706055,21.15999984741211,142600,0.0,0.0
2014-02-12 00:00:00-05:00,21.229999542236328,22.0,21.209999084472656,21.610000610351562,61000,0.0,0.0
2014-02-13 00:00:00-05:00,21.299999237060547,21.639999389648438,20.739999771118164,21.0,144600,0.0,0.0
2014-02-14 00:00:00-05:00,20.8799991607666,21.0,20.579999923706055,20.979999542236328,58700,0.0,0.0
2014-02-18 00:00:00-05:00,20.979999542236328,22.389999389648438,20.979999542236328,21.940000534057617,84900,0.0,0.0
2014-02-19 00:00:00-05:00,21.940000534057617,21.950000762939453,20.690000534057617,21.31999969482422,95200,0.0,0.0
2014-02-20 00:00:00-05:00,21.31999969482422,21.3700008392334,21.06999969482422,21.209999084472656,63300,0.0,0.0
2014-02-21 00:00:00-05:00,21.25,21.299999237060547,21.0,21.059999465942383,36800,0.0,0.0
2014-02-24 00:00:00-05:00,21.170000076293945,22.0,21.059999465942383,21.959999084472656,87700,0.0,0.0
2014-02-25 00:00:00-05:00,22.0,22.0,21.559999465942383,21.729999542236328,37200,0.0,0.0
2014-02-26 00:00:00-05:00,21.770000457763672,21.989999771118164,21.3799991607666,21.75,37100,0.0,0.0
2014-02-27 00:00:00-05:00,21.760000228881836,21.760000228881836,21.280000686645508,21.389999389648438,49900,0.0,0.0
2014-02-28 00:00:00-05:00,21.450000762939453,21.450000762939453,21.0,21.079999923706055,72900,0.0,0.0
2014-03-03 00:00:00-05:00,21.0,21.059999465942383,20.299999237060547,20.59000015258789,91800,0.0,0.0
2014-03-04 00:00:00-05:00,20.8700008392334,22.0,20.68000030517578,20.799999237060547,135600,0.0,0.0
2014-03-05 00:00:00-05:00,20.690000534057617,21.0,20.540000915527344,20.899999618530273,27600,0.0,0.0
2014-03-06 00:00:00-05:00,20.90999984741211,21.049999237060547,20.149999618530273,20.850000381469727,31600,0.0,0.0
2014-03-07 00:00:00-05:00,20.920000076293945,21.049999237060547,20.440000534057617,20.760000228881836,23300,0.0,0.0
2014-03-10 00:00:00-04:00,20.65999984741211,21.239999771118164,20.579999923706055,21.09000015258789,20700,0.0,0.0
2014-03-11 00:00:00-04:00,21.030000686645508,21.030000686645508,20.170000076293945,20.559999465942383,29500,0.0,0.0
2014-03-12 00:00:00-04:00,20.3799991607666,20.899999618530273,20.299999237060547,20.610000610351562,25000,0.0,0.0
2014-03-13 00:00:00-04:00,20.799999237060547,21.010000228881836,20.0,20.739999771118164,38400,0.0,0.0
2014-03-14 00:00:00-04:00,20.75,20.850000381469727,19.90999984741211,20.709999084472656,34600,0.0,0.0
2014-03-17 00:00:00-04:00,20.559999465942383,20.989999771118164,20.260000228881836,20.739999771118164,36200,0.0,0.0
2014-03-18 00:00:00-04:00,20.6299991607666,21.0,20.559999465942383,20.959999084472656,21800,0.0,0.0
2014-03-19 00:00:00-04:00,20.979999542236328,21.0,20.559999465942383,20.719999313354492,85300,0.0,0.0
2014-03-20 00:00:00-04:00,20.6299991607666,21.360000610351562,20.579999923706055,20.969999313354492,33100,0.0,0.0
2014-03-21 00:00:00-04:00,21.06999969482422,21.34000015258789,20.670000076293945,20.860000610351562,108300,0.0,0.0
2014-03-24 00:00:00-04:00,20.989999771118164,21.260000228881836,20.290000915527344,20.399999618530273,101700,0.0,0.0
2014-03-25 00:00:00-04:00,20.399999618530273,20.780000686645508,20.020000457763672,20.690000534057617,33400,0.0,0.0
2014-03-26 00:00:00-04:00,20.829999923706055,21.020000457763672,20.489999771118164,20.59000015258789,34500,0.0,0.0
2014-03-27 00:00:00-04:00,20.649999618530273,20.770000457763672,20.270000457763672,20.559999465942383,19900,0.0,0.0
2014-03-28 00:00:00-04:00,20.719999313354492,21.030000686645508,20.229999542236328,20.350000381469727,23200,0.0,0.0
2014-03-31 00:00:00-04:00,20.399999618530273,20.399999618530273,19.450000762939453,19.700000762939453,77400,0.0,0.0
2014-04-01 00:00:00-04:00,19.809999465942383,20.239999771118164,19.68000030517578,20.1299991607666,40800,0.0,0.0
2014-04-02 00:00:00-04:00,20.190000534057617,20.190000534057617,19.649999618530273,19.790000915527344,28000,0.0,0.0
2014-04-03 00:00:00-04:00,19.719999313354492,19.719999313354492,19.0,19.299999237060547,49700,0.0,0.0
2014-04-04 00:00:00-04:00,19.270000457763672,19.280000686645508,19.059999465942383,19.110000610351562,51000,0.0,0.0
2014-04-07 00:00:00-04:00,19.110000610351562,19.25,18.639999389648438,18.81999969482422,51100,0.0,0.0
2014-04-08 00:00:00-04:00,18.979999542236328,19.09000015258789,18.639999389648438,18.950000762939453,36900,0.0,0.0
2014-04-09 00:00:00-04:00,19.059999465942383,19.5,19.020000457763672,19.469999313354492,43200,0.0,0.0
2014-04-10 00:00:00-04:00,19.440000534057617,19.559999465942383,19.0,19.0,55400,0.0,0.0
2014-04-11 00:00:00-04:00,19.0,19.31999969482422,18.65999984741211,18.829999923706055,30700,0.0,0.0
2014-04-14 00:00:00-04:00,18.899999618530273,19.110000610351562,18.65999984741211,18.899999618530273,34500,0.0,0.0
2014-04-15 00:00:00-04:00,18.93000030517578,19.0,18.479999542236328,18.959999084472656,37600,0.0,0.0
2014-04-16 00:00:00-04:00,19.030000686645508,19.209999084472656,19.0,19.110000610351562,8200,0.0,0.0
2014-04-17 00:00:00-04:00,19.040000915527344,20.139999389648438,18.979999542236328,19.8700008392334,34000,0.0,0.0
2014-04-21 00:00:00-04:00,19.81999969482422,20.25,19.81999969482422,20.040000915527344,17600,0.0,0.0
2014-04-22 00:00:00-04:00,19.6299991607666,21.25,19.6299991607666,20.969999313354492,40000,0.0,0.0
2014-04-23 00:00:00-04:00,20.850000381469727,21.229999542236328,20.610000610351562,20.780000686645508,38700,0.0,0.0
2014-04-24 00:00:00-04:00,20.799999237060547,21.649999618530273,20.59000015258789,21.040000915527344,52700,0.0,0.0
2014-04-25 00:00:00-04:00,21.010000228881836,21.020000457763672,19.889999389648438,20.1200008392334,41500,0.0,0.0
2014-04-28 00:00:00-04:00,20.239999771118164,20.5,19.850000381469727,20.25,16200,0.0,0.0
2014-04-29 00:00:00-04:00,20.40999984741211,20.469999313354492,20.030000686645508,20.149999618530273,18800,0.0,0.0
2014-04-30 00:00:00-04:00,21.190000534057617,21.190000534057617,19.520000457763672,19.709999084472656,29900,0.0,0.0
2014-05-01 00:00:00-04:00,19.68000030517578,20.0,19.309999465942383,19.969999313354492,53300,0.0,0.0
2014-05-02 00:00:00-04:00,19.950000762939453,20.239999771118164,19.75,19.8700008392334,37600,0.0,0.0
2014-05-05 00:00:00-04:00,19.829999923706055,20.719999313354492,19.81999969482422,20.59000015258789,23200,0.0,0.0
2014-05-06 00:00:00-04:00,20.360000610351562,20.610000610351562,19.770000457763672,19.780000686645508,20800,0.0,0.0
2014-05-07 00:00:00-04:00,19.860000610351562,20.1200008392334,19.75,19.760000228881836,31000,0.0,0.0
2014-05-08 00:00:00-04:00,19.84000015258789,20.149999618530273,18.8799991607666,19.059999465942383,32100,0.0,0.0
2014-05-09 00:00:00-04:00,18.68000030517578,20.25,18.59000015258789,20.239999771118164,85500,0.0,0.0
2014-05-12 00:00:00-04:00,20.260000228881836,21.700000762939453,19.899999618530273,21.459999084472656,67200,0.0,0.0
2014-05-13 00:00:00-04:00,21.309999465942383,21.350000381469727,20.8799991607666,21.100000381469727,72200,0.0,0.0
2014-05-14 00:00:00-04:00,21.100000381469727,21.170000076293945,20.600000381469727,20.75,49200,0.0,0.0
2014-05-15 00:00:00-04:00,20.709999084472656,21.0,20.149999618530273,20.729999542236328,97400,0.0,0.0
2014-05-16 00:00:00-04:00,20.799999237060547,21.030000686645508,20.31999969482422,20.799999237060547,30100,0.0,0.0
2014-05-19 00:00:00-04:00,20.780000686645508,21.010000228881836,20.229999542236328,20.610000610351562,20700,0.0,0.0
2014-05-20 00:00:00-04:00,20.559999465942383,20.8799991607666,20.049999237060547,20.200000762939453,35700,0.0,0.0
2014-05-21 00:00:00-04:00,20.030000686645508,20.1299991607666,19.860000610351562,19.950000762939453,66400,0.0,0.0
2014-05-22 00:00:00-04:00,19.90999984741211,20.020000457763672,19.739999771118164,19.780000686645508,17000,0.0,0.0
2014-05-23 00:00:00-04:00,19.65999984741211,19.809999465942383,19.559999465942383,19.729999542236328,25500,0.0,0.0
2014-05-27 00:00:00-04:00,19.90999984741211,20.059999465942383,19.75,19.969999313354492,23000,0.0,0.0
2014-05-28 00:00:00-04:00,19.850000381469727,20.059999465942383,19.75,19.850000381469727,14200,0.0,0.0
2014-05-29 00:00:00-04:00,19.81999969482422,20.84000015258789,19.780000686645508,19.8799991607666,14600,0.0,0.0
2014-05-30 00:00:00-04:00,19.93000030517578,20.030000686645508,19.75,19.81999969482422,25900,0.0,0.0
2014-06-02 00:00:00-04:00,19.799999237060547,20.190000534057617,18.170000076293945,19.959999084472656,82300,0.0,0.0
2014-06-03 00:00:00-04:00,19.829999923706055,20.0,18.40999984741211,18.68000030517578,89300,0.0,0.0
2014-06-04 00:00:00-04:00,18.600000381469727,19.479999542236328,18.049999237060547,19.43000030517578,122900,0.0,0.0
2014-06-05 00:00:00-04:00,19.389999389648438,20.219999313354492,19.350000381469727,20.079999923706055,38000,0.0,0.0
2014-06-06 00:00:00-04:00,20.110000610351562,20.1299991607666,19.780000686645508,19.979999542236328,27200,0.0,0.0
2014-06-09 00:00:00-04:00,19.8700008392334,20.209999084472656,19.18000030517578,19.219999313354492,28800,0.0,0.0
2014-06-10 00:00:00-04:00,19.239999771118164,19.459999084472656,18.799999237060547,19.190000534057617,18900,0.0,0.0
2014-06-11 00:00:00-04:00,19.139999389648438,19.649999618530273,18.809999465942383,19.510000228881836,24700,0.0,0.0
2014-06-12 00:00:00-04:00,19.3799991607666,19.709999084472656,19.010000228881836,19.420000076293945,15400,0.0,0.0
2014-06-13 00:00:00-04:00,19.43000030517578,19.600000381469727,19.43000030517578,19.520000457763672,25200,0.0,0.0
2014-06-16 00:00:00-04:00,19.399999618530273,20.65999984741211,19.399999618530273,20.6200008392334,30100,0.0,0.0
2014-06-17 00:00:00-04:00,20.559999465942383,20.90999984741211,20.420000076293945,20.690000534057617,26600,0.0,0.0
2014-06-18 00:00:00-04:00,20.049999237060547,20.600000381469727,20.049999237060547,20.59000015258789,16400,0.0,0.0
2014-06-19 00:00:00-04:00,20.610000610351562,21.0,20.5,20.690000534057617,17500,0.0,0.0
2014-06-20 00:00:00-04:00,20.770000457763672,21.3799991607666,20.469999313354492,21.270000457763672,79400,0.0,0.0
2014-06-23 00:00:00-04:00,21.219999313354492,21.510000228881836,21.1299991607666,21.270000457763672,29500,0.0,0.0
2014-06-24 00:00:00-04:00,21.309999465942383,21.920000076293945,21.200000762939453,21.25,29700,0.0,0.0
2014-06-25 00:00:00-04:00,21.25,21.639999389648438,21.15999984741211,21.579999923706055,20100,0.0,0.0
2014-06-26 00:00:00-04:00,21.520000457763672,21.579999923706055,21.25,21.3700008392334,20100,0.0,0.0
2014-06-27 00:00:00-04:00,21.239999771118164,21.889999389648438,21.239999771118164,21.579999923706055,173200,0.0,0.0
2014-06-30 00:00:00-04:00,21.600000381469727,21.719999313354492,21.489999771118164,21.610000610351562,37100,0.0,0.0
2014-07-01 00:00:00-04:00,21.579999923706055,21.829999923706055,21.579999923706055,21.6200008392334,28400,0.0,0.0
2014-07-02 00:00:00-04:00,21.709999084472656,21.829999923706055,21.6200008392334,21.719999313354492,16000,0.0,0.0
2014-07-03 00:00:00-04:00,21.760000228881836,22.450000762939453,21.760000228881836,22.280000686645508,13200,0.0,0.0
2014-07-07 00:00:00-04:00,21.989999771118164,22.360000610351562,21.809999465942383,22.030000686645508,28700,0.0,0.0
2014-07-08 00:00:00-04:00,21.829999923706055,22.149999618530273,20.899999618530273,22.0,44300,0.0,0.0
2014-07-09 00:00:00-04:00,22.030000686645508,22.06999969482422,22.0,22.059999465942383,9400,0.0,0.0
2014-07-10 00:00:00-04:00,21.670000076293945,22.1299991607666,21.670000076293945,22.0,26000,0.0,0.0
2014-07-11 00:00:00-04:00,21.90999984741211,22.40999984741211,21.90999984741211,22.219999313354492,12900,0.0,0.0
2014-07-14 00:00:00-04:00,22.459999084472656,22.479999542236328,22.010000228881836,22.020000457763672,13800,0.0,0.0
2014-07-15 00:00:00-04:00,22.079999923706055,22.219999313354492,22.0,22.049999237060547,27900,0.0,0.0
2014-07-16 00:00:00-04:00,22.239999771118164,22.239999771118164,22.049999237060547,22.049999237060547,23000,0.0,0.0
2014-07-17 00:00:00-04:00,22.0,22.110000610351562,21.950000762939453,22.010000228881836,23100,0.0,0.0
2014-07-18 00:00:00-04:00,22.0,22.450000762939453,22.0,22.270000457763672,20100,0.0,0.0
2014-07-21 00:00:00-04:00,22.139999389648438,22.479999542236328,21.950000762939453,21.979999542236328,23000,0.0,0.0
2014-07-22 00:00:00-04:00,22.030000686645508,22.219999313354492,21.84000015258789,22.040000915527344,23400,0.0,0.0
2014-07-23 00:00:00-04:00,22.139999389648438,22.139999389648438,21.850000381469727,21.940000534057617,13000,0.0,0.0
2014-07-24 00:00:00-04:00,22.040000915527344,22.040000915527344,21.850000381469727,21.850000381469727,19300,0.0,0.0
2014-07-25 00:00:00-04:00,21.719999313354492,21.809999465942383,21.399999618530273,21.399999618530273,19500,0.0,0.0
2014-07-28 00:00:00-04:00,21.40999984741211,21.489999771118164,21.100000381469727,21.239999771118164,16800,0.0,0.0
2014-07-29 00:00:00-04:00,21.299999237060547,21.459999084472656,21.079999923706055,21.15999984741211,12200,0.0,0.0
2014-07-30 00:00:00-04:00,21.290000915527344,21.420000076293945,21.079999923706055,21.200000762939453,10700,0.0,0.0
2014-07-31 00:00:00-04:00,20.90999984741211,21.15999984741211,20.399999618530273,20.469999313354492,43100,0.0,0.0
2014-08-01 00:00:00-04:00,20.450000762939453,20.709999084472656,20.290000915527344,20.389999389648438,27600,0.0,0.0
2014-08-04 00:00:00-04:00,20.459999084472656,20.739999771118164,20.31999969482422,20.489999771118164,30000,0.0,0.0
2014-08-05 00:00:00-04:00,20.34000015258789,21.1200008392334,20.290000915527344,20.809999465942383,17500,0.0,0.0
2014-08-06 00:00:00-04:00,20.75,21.8700008392334,20.75,21.309999465942383,43000,0.0,0.0
2014-08-07 00:00:00-04:00,21.399999618530273,21.8700008392334,21.25,21.549999237060547,14900,0.0,0.0
2014-08-08 00:00:00-04:00,21.530000686645508,21.670000076293945,21.010000228881836,21.549999237060547,30200,0.0,0.0
2014-08-11 00:00:00-04:00,21.709999084472656,21.850000381469727,21.469999313354492,21.75,15500,0.0,0.0
2014-08-12 00:00:00-04:00,21.75,21.93000030517578,21.059999465942383,21.420000076293945,17700,0.0,0.0
2014-08-13 00:00:00-04:00,21.389999389648438,21.760000228881836,21.170000076293945,21.579999923706055,12900,0.0,0.0
2014-08-14 00:00:00-04:00,21.690000534057617,21.8700008392334,21.600000381469727,21.780000686645508,21300,0.0,0.0
2014-08-15 00:00:00-04:00,21.959999084472656,21.989999771118164,21.510000228881836,21.770000457763672,29900,0.0,0.0
2014-08-18 00:00:00-04:00,22.0,22.0,21.690000534057617,21.989999771118164,19600,0.0,0.0
2014-08-19 00:00:00-04:00,21.940000534057617,22.1299991607666,21.610000610351562,22.010000228881836,24100,0.0,0.0
2014-08-20 00:00:00-04:00,21.969999313354492,22.139999389648438,21.75,21.899999618530273,8000,0.0,0.0
2014-08-21 00:00:00-04:00,22.0,22.170000076293945,21.770000457763672,21.799999237060547,17100,0.0,0.0
2014-08-22 00:00:00-04:00,21.860000610351562,22.200000762939453,21.610000610351562,22.010000228881836,22100,0.0,0.0
2014-08-25 00:00:00-04:00,22.0,22.65999984741211,21.549999237060547,22.489999771118164,33900,0.0,0.0
2014-08-26 00:00:00-04:00,22.40999984741211,22.899999618530273,22.40999984741211,22.899999618530273,16500,0.0,0.0
2014-08-27 00:00:00-04:00,22.84000015258789,23.40999984741211,22.84000015258789,23.020000457763672,21800,0.0,0.0
2014-08-28 00:00:00-04:00,23.020000457763672,23.3700008392334,22.809999465942383,22.989999771118164,20200,0.0,0.0
2014-08-29 00:00:00-04:00,23.020000457763672,23.56999969482422,22.969999313354492,23.3700008392334,23000,0.0,0.0
2014-09-02 00:00:00-04:00,23.530000686645508,24.110000610351562,23.350000381469727,24.0,33600,0.0,0.0
2014-09-03 00:00:00-04:00,24.18000030517578,25.440000534057617,23.899999618530273,25.350000381469727,57500,0.0,0.0
2014-09-04 00:00:00-04:00,25.450000762939453,26.31999969482422,25.18000030517578,25.290000915527344,41900,0.0,0.0
2014-09-05 00:00:00-04:00,25.280000686645508,25.959999084472656,25.110000610351562,25.360000610351562,28100,0.0,0.0
2014-09-08 00:00:00-04:00,25.43000030517578,25.770000457763672,24.989999771118164,25.440000534057617,43900,0.0,0.0
2014-09-09 00:00:00-04:00,25.0,25.450000762939453,24.299999237060547,24.639999389648438,88900,0.0,0.0
2014-09-10 00:00:00-04:00,23.56999969482422,24.290000915527344,22.139999389648438,24.020000457763672,136200,0.0,0.0
2014-09-11 00:00:00-04:00,23.299999237060547,25.110000610351562,22.959999084472656,24.93000030517578,33400,0.0,0.0
2014-09-12 00:00:00-04:00,24.729999542236328,24.729999542236328,23.399999618530273,23.8700008392334,77200,0.0,0.0
2014-09-15 00:00:00-04:00,23.950000762939453,24.079999923706055,23.06999969482422,23.40999984741211,51100,0.0,0.0
2014-09-16 00:00:00-04:00,23.43000030517578,24.010000228881836,23.43000030517578,23.93000030517578,26500,0.0,0.0
2014-09-17 00:00:00-04:00,23.889999389648438,24.31999969482422,23.790000915527344,23.940000534057617,23300,0.0,0.0
2014-09-18 00:00:00-04:00,24.520000457763672,24.709999084472656,24.09000015258789,24.469999313354492,24400,0.0,0.0
2014-09-19 00:00:00-04:00,24.56999969482422,24.860000610351562,24.049999237060547,24.1299991607666,116400,0.0,0.0
2014-09-22 00:00:00-04:00,23.93000030517578,24.239999771118164,23.5,23.889999389648438,48400,0.0,0.0
2014-09-23 00:00:00-04:00,23.790000915527344,23.950000762939453,23.5,23.649999618530273,39400,0.0,0.0
2014-09-24 00:00:00-04:00,23.790000915527344,25.059999465942383,23.790000915527344,24.959999084472656,68600,0.0,0.0
2014-09-25 00:00:00-04:00,24.81999969482422,25.729999542236328,24.799999237060547,25.020000457763672,39500,0.0,0.0
2014-09-26 00:00:00-04:00,25.040000915527344,27.56999969482422,25.040000915527344,27.450000762939453,106000,0.0,0.0
2014-09-29 00:00:00-04:00,27.350000381469727,28.969999313354492,26.540000915527344,28.739999771118164,142600,0.0,0.0
2014-09-30 00:00:00-04:00,28.809999465942383,29.100000381469727,28.530000686645508,28.950000762939453,83200,0.0,0.0
2014-10-01 00:00:00-04:00,29.0,29.0,27.75,28.299999237060547,71600,0.0,0.0
2014-10-02 00:00:00-04:00,28.389999389648438,29.059999465942383,27.459999084472656,27.75,56600,0.0,0.0
2014-10-03 00:00:00-04:00,28.040000915527344,28.270000457763672,27.93000030517578,28.209999084472656,47400,0.0,0.0
2014-10-06 00:00:00-04:00,28.18000030517578,28.600000381469727,27.75,28.139999389648438,47400,0.0,0.0
2014-10-07 00:00:00-04:00,28.040000915527344,28.1299991607666,27.350000381469727,27.399999618530273,29000,0.0,0.0
2014-10-08 00:00:00-04:00,27.479999542236328,27.950000762939453,27.010000228881836,27.8799991607666,32400,0.0,0.0
2014-10-09 00:00:00-04:00,27.950000762939453,27.950000762939453,26.65999984741211,27.059999465942383,27200,0.0,0.0
2014-10-10 00:00:00-04:00,26.90999984741211,27.8700008392334,26.739999771118164,27.3700008392334,18700,0.0,0.0
2014-10-13 00:00:00-04:00,27.559999465942383,28.420000076293945,26.420000076293945,28.0,59500,0.0,0.0
2014-10-14 00:00:00-04:00,28.059999465942383,28.200000762939453,27.18000030517578,27.899999618530273,45200,0.0,0.0
2014-10-15 00:00:00-04:00,27.479999542236328,28.469999313354492,27.479999542236328,28.229999542236328,28700,0.0,0.0
2014-10-16 00:00:00-04:00,27.639999389648438,28.229999542236328,27.200000762939453,28.0,24900,0.0,0.0
2014-10-17 00:00:00-04:00,28.5,29.0,28.18000030517578,28.459999084472656,49700,0.0,0.0
2014-10-20 00:00:00-04:00,28.170000076293945,28.579999923706055,26.969999313354492,27.5,61400,0.0,0.0
2014-10-21 00:00:00-04:00,27.81999969482422,27.979999542236328,27.15999984741211,27.489999771118164,61800,0.0,0.0
2014-10-22 00:00:00-04:00,27.469999313354492,27.950000762939453,27.200000762939453,27.3799991607666,51000,0.0,0.0
2014-10-23 00:00:00-04:00,27.729999542236328,27.889999389648438,27.100000381469727,27.450000762939453,38400,0.0,0.0
2014-10-24 00:00:00-04:00,27.540000915527344,27.540000915527344,27.25,27.329999923706055,30300,0.0,0.0
2014-10-27 00:00:00-04:00,27.40999984741211,27.5,26.860000610351562,27.329999923706055,25400,0.0,0.0
2014-10-28 00:00:00-04:00,27.649999618530273,28.969999313354492,27.3700008392334,28.950000762939453,42700,0.0,0.0
2014-10-29 00:00:00-04:00,29.0,29.56999969482422,28.829999923706055,29.469999313354492,41100,0.0,0.0
2014-10-30 00:00:00-04:00,29.3799991607666,29.3799991607666,27.5,28.979999542236328,40100,0.0,0.0
2014-10-31 00:00:00-04:00,29.649999618530273,29.649999618530273,28.81999969482422,29.15999984741211,40600,0.0,0.0
2014-11-03 00:00:00-05:00,28.979999542236328,29.059999465942383,28.110000610351562,28.860000610351562,33100,0.0,0.0
2014-11-04 00:00:00-05:00,28.639999389648438,29.600000381469727,28.639999389648438,29.149999618530273,31500,0.0,0.0
2014-11-05 00:00:00-05:00,29.299999237060547,29.84000015258789,28.729999542236328,29.059999465942383,46900,0.0,0.0
2014-11-06 00:00:00-05:00,29.010000228881836,29.690000534057617,28.600000381469727,28.979999542236328,32300,0.0,0.0
2014-11-07 00:00:00-05:00,27.549999237060547,28.979999542236328,26.010000228881836,27.049999237060547,134300,0.0,0.0
2014-11-10 00:00:00-05:00,27.049999237060547,27.049999237060547,26.510000228881836,26.959999084472656,52400,0.0,0.0
2014-11-11 00:00:00-05:00,26.850000381469727,27.049999237060547,26.309999465942383,26.75,98700,0.0,0.0
2014-11-12 00:00:00-05:00,26.690000534057617,28.25,26.690000534057617,28.0,40000,0.0,0.0
2014-11-13 00:00:00-05:00,28.100000381469727,29.59000015258789,28.100000381469727,29.389999389648438,93600,0.0,0.0
2014-11-14 00:00:00-05:00,29.360000610351562,29.360000610351562,28.239999771118164,28.75,35800,0.0,0.0
2014-11-17 00:00:00-05:00,28.770000457763672,29.68000030517578,28.770000457763672,29.5,39900,0.0,0.0
2014-11-18 00:00:00-05:00,29.5,29.81999969482422,29.260000228881836,29.6200008392334,47800,0.0,0.0
2014-11-19 00:00:00-05:00,29.639999389648438,29.899999618530273,29.1200008392334,29.6200008392334,40200,0.0,0.0
2014-11-20 00:00:00-05:00,29.65999984741211,29.969999313354492,29.280000686645508,29.649999618530273,25400,0.0,0.0
2014-11-21 00:00:00-05:00,30.030000686645508,30.030000686645508,28.0,28.299999237060547,27200,0.0,0.0
2014-11-24 00:00:00-05:00,28.270000457763672,29.809999465942383,28.270000457763672,28.829999923706055,18700,0.0,0.0
2014-11-25 00:00:00-05:00,28.700000762939453,29.0,28.3700008392334,28.979999542236328,64800,0.0,0.0
2014-11-26 00:00:00-05:00,29.15999984741211,29.280000686645508,28.579999923706055,28.93000030517578,23200,0.0,0.0
2014-11-28 00:00:00-05:00,29.100000381469727,29.600000381469727,28.399999618530273,28.520000457763672,10400,0.0,0.0
2014-12-01 00:00:00-05:00,28.6299991607666,28.8799991607666,27.899999618530273,27.979999542236328,29200,0.0,0.0
2014-12-02 00:00:00-05:00,27.889999389648438,28.450000762939453,27.889999389648438,28.40999984741211,36200,0.0,0.0
2014-12-03 00:00:00-05:00,28.809999465942383,28.969999313354492,28.18000030517578,28.3799991607666,18900,0.0,0.0
2014-12-04 00:00:00-05:00,28.530000686645508,28.530000686645508,27.950000762939453,28.049999237060547,24300,0.0,0.0
2014-12-05 00:00:00-05:00,27.969999313354492,28.020000457763672,27.229999542236328,27.530000686645508,25600,0.0,0.0
2014-12-08 00:00:00-05:00,27.3700008392334,27.639999389648438,26.8799991607666,27.06999969482422,28100,0.0,0.0
2014-12-09 00:00:00-05:00,26.979999542236328,27.5,26.469999313354492,27.139999389648438,38200,0.0,0.0
2014-12-10 00:00:00-05:00,27.100000381469727,27.600000381469727,26.809999465942383,27.219999313354492,36900,0.0,0.0
2014-12-11 00:00:00-05:00,27.389999389648438,28.360000610351562,26.969999313354492,27.950000762939453,24300,0.0,0.0
2014-12-12 00:00:00-05:00,27.719999313354492,28.309999465942383,27.110000610351562,27.239999771118164,25200,0.0,0.0
2014-12-15 00:00:00-05:00,27.450000762939453,27.950000762939453,26.739999771118164,27.31999969482422,53600,0.0,0.0
2014-12-16 00:00:00-05:00,27.229999542236328,29.049999237060547,27.229999542236328,28.670000076293945,33600,0.0,0.0
2014-12-17 00:00:00-05:00,28.700000762939453,30.350000381469727,28.65999984741211,30.170000076293945,70100,0.0,0.0
2014-12-18 00:00:00-05:00,30.40999984741211,31.200000762939453,29.829999923706055,31.1200008392334,16700,0.0,0.0
2014-12-19 00:00:00-05:00,31.030000686645508,31.030000686645508,29.90999984741211,30.110000610351562,42400,0.0,0.0
2014-12-22 00:00:00-05:00,30.1200008392334,31.860000610351562,30.020000457763672,30.469999313354492,29000,0.0,0.0
2014-12-23 00:00:00-05:00,30.510000228881836,31.350000381469727,30.079999923706055,30.219999313354492,19800,0.0,0.0
2014-12-24 00:00:00-05:00,31.170000076293945,31.170000076293945,29.959999084472656,30.059999465942383,17900,0.0,0.0
2014-12-26 00:00:00-05:00,30.299999237060547,30.469999313354492,29.979999542236328,30.3700008392334,10900,0.0,0.0
2014-12-29 00:00:00-05:00,30.360000610351562,30.399999618530273,30.229999542236328,30.34000015258789,15900,0.0,0.0
2014-12-30 00:00:00-05:00,30.559999465942383,30.950000762939453,30.40999984741211,30.40999984741211,19200,0.0,0.0
2014-12-31 00:00:00-05:00,30.639999389648438,30.729999542236328,29.309999465942383,29.450000762939453,14700,0.0,0.0
2015-01-02 00:00:00-05:00,29.469999313354492,29.469999313354492,27.989999771118164,28.020000457763672,33400,0.0,0.0
2015-01-05 00:00:00-05:00,28.0,28.5,28.0,28.40999984741211,43600,0.0,0.0
2015-01-06 00:00:00-05:00,28.399999618530273,29.260000228881836,27.780000686645508,28.649999618530273,31000,0.0,0.0
2015-01-07 00:00:00-05:00,28.559999465942383,29.360000610351562,28.5,29.1200008392334,20400,0.0,0.0
2015-01-08 00:00:00-05:00,29.510000228881836,30.09000015258789,29.389999389648438,30.059999465942383,19100,0.0,0.0
2015-01-09 00:00:00-05:00,30.229999542236328,30.790000915527344,29.850000381469727,30.549999237060547,36500,0.0,0.0
2015-01-12 00:00:00-05:00,30.6299991607666,31.260000228881836,30.139999389648438,30.950000762939453,41000,0.0,0.0
2015-01-13 00:00:00-05:00,31.139999389648438,31.989999771118164,31.040000915527344,31.760000228881836,71000,0.0,0.0
2015-01-14 00:00:00-05:00,31.760000228881836,32.5,31.1299991607666,31.649999618530273,50400,0.0,0.0
2015-01-15 00:00:00-05:00,31.049999237060547,31.770000457763672,30.420000076293945,31.420000076293945,25800,0.0,0.0
2015-01-16 00:00:00-05:00,31.3799991607666,31.84000015258789,31.290000915527344,31.5,34100,0.0,0.0
2015-01-20 00:00:00-05:00,31.389999389648438,31.65999984741211,30.760000228881836,31.219999313354492,24400,0.0,0.0
2015-01-21 00:00:00-05:00,31.0,31.25,30.510000228881836,30.8700008392334,34200,0.0,0.0
2015-01-22 00:00:00-05:00,30.860000610351562,31.719999313354492,30.489999771118164,31.700000762939453,24000,0.0,0.0
2015-01-23 00:00:00-05:00,31.670000076293945,31.670000076293945,30.040000915527344,30.459999084472656,47800,0.0,0.0
2015-01-26 00:00:00-05:00,30.5,30.579999923706055,29.989999771118164,30.280000686645508,18200,0.0,0.0
2015-01-27 00:00:00-05:00,29.989999771118164,30.739999771118164,29.84000015258789,30.5,24400,0.0,0.0
2015-01-28 00:00:00-05:00,31.0,31.0,29.389999389648438,29.479999542236328,22000,0.0,0.0
2015-01-29 00:00:00-05:00,29.420000076293945,30.739999771118164,29.420000076293945,30.739999771118164,18200,0.0,0.0
2015-01-30 00:00:00-05:00,30.610000610351562,31.0,29.450000762939453,29.90999984741211,45400,0.0,0.0
2015-02-02 00:00:00-05:00,29.889999389648438,30.950000762939453,29.65999984741211,30.739999771118164,55400,0.0,0.0
2015-02-03 00:00:00-05:00,30.729999542236328,31.1200008392334,30.010000228881836,31.010000228881836,27400,0.0,0.0
2015-02-04 00:00:00-05:00,30.770000457763672,32.150001525878906,29.729999542236328,30.229999542236328,40200,0.0,0.0
2015-02-05 00:00:00-05:00,28.829999923706055,28.829999923706055,24.739999771118164,25.200000762939453,323900,0.0,0.0
2015-02-06 00:00:00-05:00,25.15999984741211,25.809999465942383,24.559999465942383,24.670000076293945,226300,0.0,0.0
2015-02-09 00:00:00-05:00,24.219999313354492,24.459999084472656,23.440000534057617,23.440000534057617,178700,0.0,0.0
2015-02-10 00:00:00-05:00,23.760000228881836,23.799999237060547,22.719999313354492,22.719999313354492,165900,0.0,0.0
2015-02-11 00:00:00-05:00,22.780000686645508,23.690000534057617,22.780000686645508,23.299999237060547,65500,0.0,0.0
2015-02-12 00:00:00-05:00,23.600000381469727,24.540000915527344,23.1200008392334,24.190000534057617,113400,0.0,0.0
2015-02-13 00:00:00-05:00,23.489999771118164,24.350000381469727,23.149999618530273,24.0,117400,0.0,0.0
2015-02-17 00:00:00-05:00,24.149999618530273,24.520000457763672,24.0,24.149999618530273,83900,0.0,0.0
2015-02-18 00:00:00-05:00,24.190000534057617,24.34000015258789,23.920000076293945,23.989999771118164,48400,0.0,0.0
2015-02-19 00:00:00-05:00,23.850000381469727,25.1299991607666,23.850000381469727,24.81999969482422,93700,0.0,0.0
2015-02-20 00:00:00-05:00,24.889999389648438,24.889999389648438,23.690000534057617,24.09000015258789,40600,0.0,0.0
2015-02-23 00:00:00-05:00,23.84000015258789,24.56999969482422,23.799999237060547,24.440000534057617,65700,0.0,0.0
2015-02-24 00:00:00-05:00,24.100000381469727,24.65999984741211,23.959999084472656,24.43000030517578,38300,0.0,0.0
2015-02-25 00:00:00-05:00,24.489999771118164,24.799999237060547,24.049999237060547,24.780000686645508,32400,0.0,0.0
2015-02-26 00:00:00-05:00,24.639999389648438,24.829999923706055,24.209999084472656,24.309999465942383,37500,0.0,0.0
2015-02-27 00:00:00-05:00,24.350000381469727,24.56999969482422,24.100000381469727,24.229999542236328,57600,0.0,0.0
2015-03-02 00:00:00-05:00,24.31999969482422,24.520000457763672,24.139999389648438,24.329999923706055,40500,0.0,0.0
2015-03-03 00:00:00-05:00,24.170000076293945,24.350000381469727,24.0,24.239999771118164,25400,0.0,0.0
2015-03-04 00:00:00-05:00,24.290000915527344,24.290000915527344,23.899999618530273,24.09000015258789,69000,0.0,0.0
2015-03-05 00:00:00-05:00,24.190000534057617,24.31999969482422,23.850000381469727,24.229999542236328,38200,0.0,0.0
2015-03-06 00:00:00-05:00,23.989999771118164,24.09000015258789,23.059999465942383,23.3799991607666,95800,0.0,0.0
2015-03-09 00:00:00-04:00,23.350000381469727,23.649999618530273,23.020000457763672,23.59000015258789,36500,0.0,0.0
2015-03-10 00:00:00-04:00,23.260000228881836,24.360000610351562,23.15999984741211,24.06999969482422,46000,0.0,0.0
2015-03-11 00:00:00-04:00,24.0,24.040000915527344,23.209999084472656,23.56999969482422,63800,0.0,0.0
2015-03-12 00:00:00-04:00,23.84000015258789,24.520000457763672,23.84000015258789,24.459999084472656,56100,0.0,0.0
2015-03-13 00:00:00-04:00,24.309999465942383,24.75,24.0,24.649999618530273,30500,0.0,0.0
2015-03-16 00:00:00-04:00,24.90999984741211,25.0,24.5,24.739999771118164,45100,0.0,0.0
2015-03-17 00:00:00-04:00,24.549999237060547,24.549999237060547,24.190000534057617,24.3700008392334,16800,0.0,0.0
2015-03-18 00:00:00-04:00,24.25,24.700000762939453,24.030000686645508,24.68000030517578,15400,0.0,0.0
2015-03-19 00:00:00-04:00,24.549999237060547,24.989999771118164,24.329999923706055,24.969999313354492,22800,0.0,0.0
2015-03-20 00:00:00-04:00,25.139999389648438,25.540000915527344,25.059999465942383,25.469999313354492,56000,0.0,0.0
2015-03-23 00:00:00-04:00,25.469999313354492,25.90999984741211,25.34000015258789,25.8700008392334,33400,0.0,0.0
2015-03-24 00:00:00-04:00,25.989999771118164,26.489999771118164,25.25,25.700000762939453,40400,0.0,0.0
2015-03-25 00:00:00-04:00,25.770000457763672,25.799999237060547,24.389999389648438,24.489999771118164,29900,0.0,0.0
2015-03-26 00:00:00-04:00,24.520000457763672,24.790000915527344,24.079999923706055,24.18000030517578,41200,0.0,0.0
2015-03-27 00:00:00-04:00,24.1200008392334,24.68000030517578,24.1200008392334,24.56999969482422,35900,0.0,0.0
2015-03-30 00:00:00-04:00,24.579999923706055,25.790000915527344,24.579999923706055,25.700000762939453,31000,0.0,0.0
2015-03-31 00:00:00-04:00,25.5,25.690000534057617,24.459999084472656,24.75,43400,0.0,0.0
2015-04-01 00:00:00-04:00,24.719999313354492,25.25,24.690000534057617,25.010000228881836,13600,0.0,0.0
2015-04-02 00:00:00-04:00,25.0,25.739999771118164,25.0,25.459999084472656,15200,0.0,0.0
2015-04-06 00:00:00-04:00,25.420000076293945,25.690000534057617,25.200000762939453,25.549999237060547,18800,0.0,0.0
2015-04-07 00:00:00-04:00,25.579999923706055,25.920000076293945,24.979999542236328,25.040000915527344,15200,0.0,0.0
2015-04-08 00:00:00-04:00,25.149999618530273,25.149999618530273,24.520000457763672,24.649999618530273,22100,0.0,0.0
2015-04-09 00:00:00-04:00,24.450000762939453,25.0,24.049999237060547,24.829999923706055,25300,0.0,0.0
2015-04-10 00:00:00-04:00,24.8799991607666,24.8799991607666,24.530000686645508,24.770000457763672,11500,0.0,0.0
2015-04-13 00:00:00-04:00,24.670000076293945,25.0,24.43000030517578,24.860000610351562,20600,0.0,0.0
2015-04-14 00:00:00-04:00,24.84000015258789,25.200000762939453,24.65999984741211,25.1200008392334,23300,0.0,0.0
2015-04-15 00:00:00-04:00,25.149999618530273,25.149999618530273,24.649999618530273,25.100000381469727,21300,0.0,0.0
2015-04-16 00:00:00-04:00,24.950000762939453,25.6200008392334,24.950000762939453,25.239999771118164,61800,0.0,0.0
2015-04-17 00:00:00-04:00,25.010000228881836,25.239999771118164,24.719999313354492,24.799999237060547,27100,0.0,0.0
2015-04-20 00:00:00-04:00,24.989999771118164,25.010000228881836,24.770000457763672,24.790000915527344,21200,0.0,0.0
2015-04-21 00:00:00-04:00,24.979999542236328,25.350000381469727,24.690000534057617,24.829999923706055,21200,0.0,0.0
2015-04-22 00:00:00-04:00,24.8799991607666,25.110000610351562,24.75,24.93000030517578,16500,0.0,0.0
2015-04-23 00:00:00-04:00,24.8799991607666,24.979999542236328,24.75,24.809999465942383,19000,0.0,0.0
2015-04-24 00:00:00-04:00,24.760000228881836,25.049999237060547,24.760000228881836,25.049999237060547,22000,0.0,0.0
2015-04-27 00:00:00-04:00,24.90999984741211,25.100000381469727,24.75,24.81999969482422,23400,0.0,0.0
2015-04-28 00:00:00-04:00,24.829999923706055,25.09000015258789,24.770000457763672,24.790000915527344,25300,0.0,0.0
2015-04-29 00:00:00-04:00,24.75,25.25,24.75,25.020000457763672,25300,0.0,0.0
2015-04-30 00:00:00-04:00,25.0,25.280000686645508,24.850000381469727,24.93000030517578,35800,0.0,0.0
2015-05-01 00:00:00-04:00,25.0,25.3799991607666,24.920000076293945,25.010000228881836,36900,0.0,0.0
2015-05-04 00:00:00-04:00,25.299999237060547,25.729999542236328,24.760000228881836,24.829999923706055,24600,0.0,0.0
2015-05-05 00:00:00-04:00,24.799999237060547,24.8700008392334,24.350000381469727,24.5,39400,0.0,0.0
2015-05-06 00:00:00-04:00,24.479999542236328,24.479999542236328,24.040000915527344,24.100000381469727,40600,0.0,0.0
2015-05-07 00:00:00-04:00,24.190000534057617,24.440000534057617,23.6200008392334,23.989999771118164,36900,0.0,0.0
2015-05-08 00:00:00-04:00,23.969999313354492,24.170000076293945,23.6200008392334,24.030000686645508,38200,0.0,0.0
2015-05-11 00:00:00-04:00,23.8700008392334,24.639999389648438,23.860000610351562,24.229999542236328,22200,0.0,0.0
2015-05-12 00:00:00-04:00,24.360000610351562,24.360000610351562,23.799999237060547,24.020000457763672,24000,0.0,0.0
2015-05-13 00:00:00-04:00,24.149999618530273,24.25,23.950000762939453,23.989999771118164,27300,0.0,0.0
2015-05-14 00:00:00-04:00,23.940000534057617,24.34000015258789,23.920000076293945,24.110000610351562,25300,0.0,0.0
2015-05-15 00:00:00-04:00,24.290000915527344,24.299999237060547,23.729999542236328,24.079999923706055,34300,0.0,0.0
2015-05-18 00:00:00-04:00,23.899999618530273,24.280000686645508,23.850000381469727,24.1299991607666,17500,0.0,0.0
2015-05-19 00:00:00-04:00,24.0,24.0,23.850000381469727,24.0,17100,0.0,0.0
2015-05-20 00:00:00-04:00,23.860000610351562,24.1200008392334,23.84000015258789,23.93000030517578,8900,0.0,0.0
2015-05-21 00:00:00-04:00,24.030000686645508,24.450000762939453,24.030000686645508,24.09000015258789,10100,0.0,0.0
2015-05-22 00:00:00-04:00,23.65999984741211,24.350000381469727,23.65999984741211,24.0,17900,0.0,0.0
2015-05-26 00:00:00-04:00,23.81999969482422,24.1299991607666,23.81999969482422,23.979999542236328,21700,0.0,0.0
2015-05-27 00:00:00-04:00,23.979999542236328,24.489999771118164,23.969999313354492,24.40999984741211,18900,0.0,0.0
2015-05-28 00:00:00-04:00,24.5,25.0,24.479999542236328,24.940000534057617,25500,0.0,0.0
2015-05-29 00:00:00-04:00,24.90999984741211,25.0,24.5,24.549999237060547,40500,0.0,0.0
2015-06-01 00:00:00-04:00,24.850000381469727,25.049999237060547,24.559999465942383,24.639999389648438,50500,0.0,0.0
2015-06-02 00:00:00-04:00,24.5,24.829999923706055,24.5,24.549999237060547,13800,0.0,0.0
2015-06-03 00:00:00-04:00,24.520000457763672,24.90999984741211,24.5,24.59000015258789,17800,0.0,0.0
2015-06-04 00:00:00-04:00,24.5,24.979999542236328,24.5,24.520000457763672,39100,0.0,0.0
2015-06-05 00:00:00-04:00,24.420000076293945,24.670000076293945,24.290000915527344,24.639999389648438,23500,0.0,0.0
2015-06-08 00:00:00-04:00,24.700000762939453,24.889999389648438,24.360000610351562,24.360000610351562,31200,0.0,0.0
2015-06-09 00:00:00-04:00,24.1299991607666,24.3700008392334,24.1299991607666,24.209999084472656,31700,0.0,0.0
2015-06-10 00:00:00-04:00,24.299999237060547,24.329999923706055,24.139999389648438,24.190000534057617,36800,0.0,0.0
2015-06-11 00:00:00-04:00,24.389999389648438,24.389999389648438,24.059999465942383,24.229999542236328,19800,0.0,0.0
2015-06-12 00:00:00-04:00,24.049999237060547,24.43000030517578,24.049999237060547,24.149999618530273,10800,0.0,0.0
2015-06-15 00:00:00-04:00,24.139999389648438,25.8700008392334,24.059999465942383,25.459999084472656,44400,0.0,0.0
2015-06-16 00:00:00-04:00,25.530000686645508,25.75,25.25,25.260000228881836,15000,0.0,0.0
2015-06-17 00:00:00-04:00,25.260000228881836,25.860000610351562,24.6299991607666,25.510000228881836,10200,0.0,0.0
2015-06-18 00:00:00-04:00,25.440000534057617,25.899999618530273,25.420000076293945,25.579999923706055,16300,0.0,0.0
2015-06-19 00:00:00-04:00,25.700000762939453,25.959999084472656,25.6299991607666,25.780000686645508,29800,0.0,0.0
2015-06-22 00:00:00-04:00,25.84000015258789,25.8700008392334,25.43000030517578,25.540000915527344,36900,0.0,0.0
2015-06-23 00:00:00-04:00,25.549999237060547,25.600000381469727,25.18000030517578,25.229999542236328,30200,0.0,0.0
2015-06-24 00:00:00-04:00,25.260000228881836,25.280000686645508,24.43000030517578,24.6200008392334,32900,0.0,0.0
2015-06-25 00:00:00-04:00,24.549999237060547,24.6200008392334,24.100000381469727,24.1299991607666,66800,0.0,0.0
2015-06-26 00:00:00-04:00,24.290000915527344,24.40999984741211,23.920000076293945,24.100000381469727,66600,0.0,0.0
2015-06-29 00:00:00-04:00,23.93000030517578,24.110000610351562,23.639999389648438,23.709999084472656,45900,0.0,0.0
2015-06-30 00:00:00-04:00,23.790000915527344,23.829999923706055,23.389999389648438,23.5,74700,0.0,0.0
2015-07-01 00:00:00-04:00,23.729999542236328,23.729999542236328,22.93000030517578,23.0,56100,0.0,0.0
2015-07-02 00:00:00-04:00,23.059999465942383,23.09000015258789,22.799999237060547,22.81999969482422,42800,0.0,0.0
2015-07-06 00:00:00-04:00,22.709999084472656,22.979999542236328,22.68000030517578,22.790000915527344,23600,0.0,0.0
2015-07-07 00:00:00-04:00,22.75,22.920000076293945,22.600000381469727,22.729999542236328,34300,0.0,0.0
2015-07-08 00:00:00-04:00,22.59000015258789,22.969999313354492,22.239999771118164,22.6299991607666,37000,0.0,0.0
2015-07-09 00:00:00-04:00,22.8700008392334,23.049999237060547,22.579999923706055,22.610000610351562,32500,0.0,0.0
2015-07-10 00:00:00-04:00,22.829999923706055,22.899999618530273,22.530000686645508,22.690000534057617,53600,0.0,0.0
2015-07-13 00:00:00-04:00,22.799999237060547,22.979999542236328,22.760000228881836,22.850000381469727,36400,0.0,0.0
2015-07-14 00:00:00-04:00,22.920000076293945,23.170000076293945,22.790000915527344,22.940000534057617,27000,0.0,0.0
2015-07-15 00:00:00-04:00,22.8799991607666,23.3799991607666,22.5,22.610000610351562,27300,0.0,0.0
2015-07-16 00:00:00-04:00,22.670000076293945,22.829999923706055,22.510000228881836,22.639999389648438,21900,0.0,0.0
2015-07-17 00:00:00-04:00,22.59000015258789,22.719999313354492,22.559999465942383,22.579999923706055,31500,0.0,0.0
2015-07-20 00:00:00-04:00,22.6200008392334,22.700000762939453,22.559999465942383,22.59000015258789,13600,0.0,0.0
2015-07-21 00:00:00-04:00,22.559999465942383,22.739999771118164,22.34000015258789,22.440000534057617,38900,0.0,0.0
2015-07-22 00:00:00-04:00,22.3799991607666,22.75,22.229999542236328,22.600000381469727,89900,0.0,0.0
2015-07-23 00:00:00-04:00,22.700000762939453,23.06999969482422,22.309999465942383,22.780000686645508,45200,0.0,0.0
2015-07-24 00:00:00-04:00,22.829999923706055,23.360000610351562,22.540000915527344,22.6200008392334,39800,0.0,0.0
2015-07-27 00:00:00-04:00,22.56999969482422,22.81999969482422,22.540000915527344,22.6299991607666,17100,0.0,0.0
2015-07-28 00:00:00-04:00,22.639999389648438,23.809999465942383,22.219999313354492,23.6200008392334,38300,0.0,0.0
2015-07-29 00:00:00-04:00,23.6299991607666,23.93000030517578,23.280000686645508,23.729999542236328,11300,0.0,0.0
2015-07-30 00:00:00-04:00,23.780000686645508,23.829999923706055,23.239999771118164,23.6299991607666,16700,0.0,0.0
2015-07-31 00:00:00-04:00,23.579999923706055,23.93000030517578,23.579999923706055,23.65999984741211,15600,0.0,0.0
2015-08-03 00:00:00-04:00,23.75,23.920000076293945,23.530000686645508,23.670000076293945,17800,0.0,0.0
2015-08-04 00:00:00-04:00,23.68000030517578,23.75,23.510000228881836,23.68000030517578,22000,0.0,0.0
2015-08-05 00:00:00-04:00,23.65999984741211,23.799999237060547,23.1299991607666,23.329999923706055,46100,0.0,0.0
2015-08-06 00:00:00-04:00,23.469999313354492,23.469999313354492,22.639999389648438,22.639999389648438,26600,0.0,0.0
2015-08-07 00:00:00-04:00,22.520000457763672,22.56999969482422,21.530000686645508,22.170000076293945,53100,0.0,0.0
2015-08-10 00:00:00-04:00,22.31999969482422,23.31999969482422,21.8799991607666,23.040000915527344,34000,0.0,0.0
2015-08-11 00:00:00-04:00,22.8799991607666,23.149999618530273,22.690000534057617,22.889999389648438,18500,0.0,0.0
2015-08-12 00:00:00-04:00,22.920000076293945,23.600000381469727,22.43000030517578,23.56999969482422,31700,0.0,0.0
2015-08-13 00:00:00-04:00,23.540000915527344,23.639999389648438,23.260000228881836,23.260000228881836,5000,0.0,0.0
2015-08-14 00:00:00-04:00,23.229999542236328,24.0,23.149999618530273,23.860000610351562,26000,0.0,0.0
2015-08-17 00:00:00-04:00,23.780000686645508,24.09000015258789,23.1299991607666,23.239999771118164,18100,0.0,0.0
2015-08-18 00:00:00-04:00,23.219999313354492,23.40999984741211,22.190000534057617,22.399999618530273,16400,0.0,0.0
2015-08-19 00:00:00-04:00,22.399999618530273,22.549999237060547,22.139999389648438,22.40999984741211,18400,0.0,0.0
2015-08-20 00:00:00-04:00,22.260000228881836,22.610000610351562,22.09000015258789,22.440000534057617,22700,0.0,0.0
2015-08-21 00:00:00-04:00,22.110000610351562,22.809999465942383,22.110000610351562,22.6200008392334,26600,0.0,0.0
2015-08-24 00:00:00-04:00,22.0,22.020000457763672,21.90999984741211,21.90999984741211,52900,0.0,0.0
2015-08-25 00:00:00-04:00,22.3799991607666,22.459999084472656,20.899999618530273,21.020000457763672,42800,0.0,0.0
2015-08-26 00:00:00-04:00,21.510000228881836,22.489999771118164,21.030000686645508,21.90999984741211,39200,0.0,0.0
2015-08-27 00:00:00-04:00,21.90999984741211,22.270000457763672,21.209999084472656,21.649999618530273,78400,0.0,0.0
2015-08-28 00:00:00-04:00,21.440000534057617,23.0,21.3700008392334,22.940000534057617,28400,0.0,0.0
2015-08-31 00:00:00-04:00,22.959999084472656,22.959999084472656,22.100000381469727,22.860000610351562,72000,0.0,0.0
2015-09-01 00:00:00-04:00,22.510000228881836,22.780000686645508,21.790000915527344,22.290000915527344,51900,0.0,0.0
2015-09-02 00:00:00-04:00,22.540000915527344,22.65999984741211,21.610000610351562,22.6299991607666,68800,0.0,0.0
2015-09-03 00:00:00-04:00,22.610000610351562,23.479999542236328,22.15999984741211,23.15999984741211,34600,0.0,0.0
2015-09-04 00:00:00-04:00,22.989999771118164,23.200000762939453,22.649999618530273,22.780000686645508,37900,0.0,0.0
2015-09-08 00:00:00-04:00,22.989999771118164,23.0,21.799999237060547,22.139999389648438,54800,0.0,0.0
2015-09-09 00:00:00-04:00,22.229999542236328,22.229999542236328,21.079999923706055,21.299999237060547,118400,0.0,0.0
2015-09-10 00:00:00-04:00,23.469999313354492,27.399999618530273,22.309999465942383,26.540000915527344,285600,0.0,0.0
2015-09-11 00:00:00-04:00,26.299999237060547,27.290000915527344,25.59000015258789,25.860000610351562,223900,0.0,0.0
2015-09-14 00:00:00-04:00,25.780000686645508,26.100000381469727,25.030000686645508,25.5,72600,0.0,0.0
2015-09-15 00:00:00-04:00,25.43000030517578,26.65999984741211,25.1200008392334,25.690000534057617,145400,0.0,0.0
2015-09-16 00:00:00-04:00,25.90999984741211,26.5,25.889999389648438,26.229999542236328,90800,0.0,0.0
2015-09-17 00:00:00-04:00,26.219999313354492,27.09000015258789,25.979999542236328,26.719999313354492,93700,0.0,0.0
2015-09-18 00:00:00-04:00,26.360000610351562,27.100000381469727,25.899999618530273,26.31999969482422,169700,0.0,0.0
2015-09-21 00:00:00-04:00,26.690000534057617,27.190000534057617,26.299999237060547,26.90999984741211,92900,0.0,0.0
2015-09-22 00:00:00-04:00,26.889999389648438,26.969999313354492,26.510000228881836,26.799999237060547,65500,0.0,0.0
2015-09-23 00:00:00-04:00,27.0,27.34000015258789,26.510000228881836,26.93000030517578,47500,0.0,0.0
2015-09-24 00:00:00-04:00,26.93000030517578,27.260000228881836,26.809999465942383,27.170000076293945,85600,0.0,0.0
2015-09-25 00:00:00-04:00,27.3700008392334,27.440000534057617,26.790000915527344,26.799999237060547,67000,0.0,0.0
2015-09-28 00:00:00-04:00,26.8700008392334,27.6299991607666,26.670000076293945,27.440000534057617,66900,0.0,0.0
2015-09-29 00:00:00-04:00,27.309999465942383,28.15999984741211,27.25,27.469999313354492,85900,0.0,0.0
2015-09-30 00:00:00-04:00,27.709999084472656,27.709999084472656,26.850000381469727,27.25,50300,0.0,0.0
2015-10-01 00:00:00-04:00,27.360000610351562,27.399999618530273,26.989999771118164,27.200000762939453,56300,0.0,0.0
2015-10-02 00:00:00-04:00,27.1200008392334,28.459999084472656,27.010000228881836,28.450000762939453,69400,0.0,0.0
2015-10-05 00:00:00-04:00,28.559999465942383,29.209999084472656,28.450000762939453,28.860000610351562,70600,0.0,0.0
2015-10-06 00:00:00-04:00,28.770000457763672,29.309999465942383,27.829999923706055,29.0,44600,0.0,0.0
2015-10-07 00:00:00-04:00,29.049999237060547,29.479999542236328,28.40999984741211,29.270000457763672,44500,0.0,0.0
2015-10-08 00:00:00-04:00,29.049999237060547,29.600000381469727,28.969999313354492,29.489999771118164,70500,0.0,0.0
2015-10-09 00:00:00-04:00,29.559999465942383,29.559999465942383,28.899999618530273,29.25,66700,0.0,0.0
2015-10-12 00:00:00-04:00,29.079999923706055,29.5,28.6200008392334,29.3700008392334,45900,0.0,0.0
2015-10-13 00:00:00-04:00,29.299999237060547,29.5,28.670000076293945,28.829999923706055,29200,0.0,0.0
2015-10-14 00:00:00-04:00,28.950000762939453,28.950000762939453,28.299999237060547,28.360000610351562,32400,0.0,0.0
2015-10-15 00:00:00-04:00,28.360000610351562,29.239999771118164,28.270000457763672,29.170000076293945,23300,0.0,0.0
2015-10-16 00:00:00-04:00,29.309999465942383,29.309999465942383,28.540000915527344,28.770000457763672,30000,0.0,0.0
2015-10-19 00:00:00-04:00,28.530000686645508,28.959999084472656,28.399999618530273,28.90999984741211,53100,0.0,0.0
2015-10-20 00:00:00-04:00,28.790000915527344,29.25,28.75,28.940000534057617,28400,0.0,0.0
2015-10-21 00:00:00-04:00,28.979999542236328,29.34000015258789,28.950000762939453,29.06999969482422,25400,0.0,0.0
2015-10-22 00:00:00-04:00,29.15999984741211,29.8799991607666,29.15999984741211,29.8700008392334,38000,0.0,0.0
2015-10-23 00:00:00-04:00,30.0,30.0,29.56999969482422,29.979999542236328,25300,0.0,0.0
2015-10-26 00:00:00-04:00,29.790000915527344,29.860000610351562,28.829999923706055,28.8799991607666,19300,0.0,0.0
2015-10-27 00:00:00-04:00,28.799999237060547,28.850000381469727,28.1200008392334,28.309999465942383,33400,0.0,0.0
2015-10-28 00:00:00-04:00,28.25,28.969999313354492,28.030000686645508,28.959999084472656,25800,0.0,0.0
2015-10-29 00:00:00-04:00,28.850000381469727,29.190000534057617,28.559999465942383,28.799999237060547,41700,0.0,0.0
2015-10-30 00:00:00-04:00,28.760000228881836,28.760000228881836,28.15999984741211,28.3799991607666,42400,0.0,0.0
2015-11-02 00:00:00-05:00,28.860000610351562,30.1299991607666,28.549999237060547,30.09000015258789,60400,0.0,0.0
2015-11-03 00:00:00-05:00,30.09000015258789,31.350000381469727,30.09000015258789,31.100000381469727,131100,0.0,0.0
2015-11-04 00:00:00-05:00,31.31999969482422,31.979999542236328,30.829999923706055,31.100000381469727,84800,0.0,0.0
2015-11-05 00:00:00-05:00,31.100000381469727,31.260000228881836,30.860000610351562,31.1200008392334,42400,0.0,0.0
2015-11-06 00:00:00-05:00,30.209999084472656,30.940000534057617,27.600000381469727,29.8799991607666,131000,0.0,0.0
2015-11-09 00:00:00-05:00,29.719999313354492,29.780000686645508,29.309999465942383,29.40999984741211,42900,0.0,0.0
2015-11-10 00:00:00-05:00,29.469999313354492,29.6299991607666,29.3799991607666,29.510000228881836,41000,0.0,0.0
2015-11-11 00:00:00-05:00,29.600000381469727,29.6200008392334,29.229999542236328,29.299999237060547,25000,0.0,0.0
2015-11-12 00:00:00-05:00,29.079999923706055,29.219999313354492,28.549999237060547,28.729999542236328,45900,0.0,0.0
2015-11-13 00:00:00-05:00,28.8799991607666,29.1200008392334,28.31999969482422,28.770000457763672,30800,0.0,0.0
2015-11-16 00:00:00-05:00,28.90999984741211,29.530000686645508,28.729999542236328,29.440000534057617,56500,0.0,0.0
2015-11-17 00:00:00-05:00,28.90999984741211,29.510000228881836,28.850000381469727,29.43000030517578,40200,0.0,0.0
2015-11-18 00:00:00-05:00,29.43000030517578,29.43000030517578,28.670000076293945,29.0,42900,0.0,0.0
2015-11-19 00:00:00-05:00,29.010000228881836,29.18000030517578,28.530000686645508,28.59000015258789,53200,0.0,0.0
2015-11-20 00:00:00-05:00,28.809999465942383,29.149999618530273,28.530000686645508,29.020000457763672,51200,0.0,0.0
2015-11-23 00:00:00-05:00,29.09000015258789,29.579999923706055,28.860000610351562,29.389999389648438,36000,0.0,0.0
2015-11-24 00:00:00-05:00,29.440000534057617,29.5,29.09000015258789,29.450000762939453,19700,0.0,0.0
2015-11-25 00:00:00-05:00,29.420000076293945,29.6200008392334,29.079999923706055,29.440000534057617,31000,0.0,0.0
2015-11-27 00:00:00-05:00,29.450000762939453,29.920000076293945,29.270000457763672,29.469999313354492,17000,0.0,0.0
2015-11-30 00:00:00-05:00,29.469999313354492,30.170000076293945,29.139999389648438,29.229999542236328,59700,0.0,0.0
2015-12-01 00:00:00-05:00,29.290000915527344,29.850000381469727,28.8799991607666,29.549999237060547,64100,0.0,0.0
2015-12-02 00:00:00-05:00,29.389999389648438,29.479999542236328,28.809999465942383,29.1200008392334,46100,0.0,0.0
2015-12-03 00:00:00-05:00,29.09000015258789,29.530000686645508,28.799999237060547,29.479999542236328,33600,0.0,0.0
2015-12-04 00:00:00-05:00,29.459999084472656,30.600000381469727,29.459999084472656,30.389999389648438,40500,0.0,0.0
2015-12-07 00:00:00-05:00,30.469999313354492,30.93000030517578,30.469999313354492,30.719999313354492,41300,0.0,0.0
2015-12-08 00:00:00-05:00,30.549999237060547,32.15999984741211,30.389999389648438,31.979999542236328,103500,0.0,0.0
2015-12-09 00:00:00-05:00,32.029998779296875,32.25,31.59000015258789,32.0099983215332,56900,0.0,0.0
2015-12-10 00:00:00-05:00,31.899999618530273,32.09000015258789,30.93000030517578,31.940000534057617,43600,0.0,0.0
2015-12-11 00:00:00-05:00,31.43000030517578,32.08000183105469,30.65999984741211,31.799999237060547,40900,0.0,0.0
2015-12-14 00:00:00-05:00,31.829999923706055,31.90999984741211,31.18000030517578,31.709999084472656,63300,0.0,0.0
2015-12-15 00:00:00-05:00,31.950000762939453,31.950000762939453,31.540000915527344,31.93000030517578,48100,0.0,0.0
2015-12-16 00:00:00-05:00,32.13999938964844,32.13999938964844,31.829999923706055,31.940000534057617,37400,0.0,0.0
2015-12-17 00:00:00-05:00,31.950000762939453,31.950000762939453,31.489999771118164,31.559999465942383,30200,0.0,0.0
2015-12-18 00:00:00-05:00,31.559999465942383,31.559999465942383,30.530000686645508,30.610000610351562,70900,0.0,0.0
2015-12-21 00:00:00-05:00,30.90999984741211,31.360000610351562,30.700000762939453,31.290000915527344,36400,0.0,0.0
2015-12-22 00:00:00-05:00,31.56999969482422,31.700000762939453,31.059999465942383,31.600000381469727,40600,0.0,0.0
2015-12-23 00:00:00-05:00,31.649999618530273,31.649999618530273,31.100000381469727,31.15999984741211,28200,0.0,0.0
2015-12-24 00:00:00-05:00,31.3799991607666,32.63999938964844,31.280000686645508,32.02000045776367,50600,0.0,0.0
2015-12-28 00:00:00-05:00,31.799999237060547,32.38999938964844,31.799999237060547,32.29999923706055,60800,0.0,0.0
2015-12-29 00:00:00-05:00,32.540000915527344,32.939998626708984,32.34000015258789,32.709999084472656,53900,0.0,0.0
2015-12-30 00:00:00-05:00,32.56999969482422,32.65999984741211,32.27000045776367,32.36000061035156,41600,0.0,0.0
2015-12-31 00:00:00-05:00,32.380001068115234,32.75,31.190000534057617,32.27000045776367,118200,0.0,0.0
2016-01-04 00:00:00-05:00,31.6299991607666,31.6299991607666,29.290000915527344,29.469999313354492,94500,0.0,0.0
2016-01-05 00:00:00-05:00,29.579999923706055,29.81999969482422,29.010000228881836,29.649999618530273,56500,0.0,0.0
2016-01-06 00:00:00-05:00,29.31999969482422,29.760000228881836,29.239999771118164,29.68000030517578,30300,0.0,0.0
2016-01-07 00:00:00-05:00,29.229999542236328,29.719999313354492,29.049999237060547,29.489999771118164,77300,0.0,0.0
2016-01-08 00:00:00-05:00,29.610000610351562,29.68000030517578,28.729999542236328,28.84000015258789,45000,0.0,0.0
2016-01-11 00:00:00-05:00,28.729999542236328,28.729999542236328,27.520000457763672,27.90999984741211,65200,0.0,0.0
2016-01-12 00:00:00-05:00,27.920000076293945,29.309999465942383,27.780000686645508,29.299999237060547,54500,0.0,0.0
2016-01-13 00:00:00-05:00,29.510000228881836,29.510000228881836,28.170000076293945,28.329999923706055,33800,0.0,0.0
2016-01-14 00:00:00-05:00,28.290000915527344,29.139999389648438,27.899999618530273,28.850000381469727,45500,0.0,0.0
2016-01-15 00:00:00-05:00,28.149999618530273,28.280000686645508,26.389999389648438,27.059999465942383,31100,0.0,0.0
2016-01-19 00:00:00-05:00,27.299999237060547,27.799999237060547,26.760000228881836,27.540000915527344,47500,0.0,0.0
2016-01-20 00:00:00-05:00,26.979999542236328,27.049999237060547,25.56999969482422,26.799999237060547,65300,0.0,0.0
2016-01-21 00:00:00-05:00,26.93000030517578,27.389999389648438,26.600000381469727,27.059999465942383,51200,0.0,0.0
2016-01-22 00:00:00-05:00,27.420000076293945,27.6200008392334,27.200000762939453,27.530000686645508,37000,0.0,0.0
2016-01-25 00:00:00-05:00,27.469999313354492,27.729999542236328,26.899999618530273,27.049999237060547,17100,0.0,0.0
2016-01-26 00:00:00-05:00,27.139999389648438,27.850000381469727,27.0,27.40999984741211,31700,0.0,0.0
2016-01-27 00:00:00-05:00,27.450000762939453,27.450000762939453,26.829999923706055,26.979999542236328,28800,0.0,0.0
2016-01-28 00:00:00-05:00,27.09000015258789,27.389999389648438,26.719999313354492,26.780000686645508,26900,0.0,0.0
2016-01-29 00:00:00-05:00,26.959999084472656,27.940000534057617,26.959999084472656,27.8700008392334,24700,0.0,0.0
2016-02-01 00:00:00-05:00,27.75,28.09000015258789,27.59000015258789,27.780000686645508,20700,0.0,0.0
2016-02-02 00:00:00-05:00,27.510000228881836,28.040000915527344,27.350000381469727,27.43000030517578,30000,0.0,0.0
2016-02-03 00:00:00-05:00,27.59000015258789,27.59000015258789,26.8700008392334,27.34000015258789,23100,0.0,0.0
2016-02-04 00:00:00-05:00,27.309999465942383,27.68000030517578,26.030000686645508,26.280000686645508,61000,0.0,0.0
2016-02-05 00:00:00-05:00,26.25,26.360000610351562,24.040000915527344,24.469999313354492,55300,0.0,0.0
2016-02-08 00:00:00-05:00,24.540000915527344,26.360000610351562,24.219999313354492,26.100000381469727,73200,0.0,0.0
2016-02-09 00:00:00-05:00,25.829999923706055,26.8799991607666,25.520000457763672,26.299999237060547,20200,0.0,0.0
2016-02-10 00:00:00-05:00,26.3700008392334,27.020000457763672,26.0,26.540000915527344,41500,0.0,0.0
2016-02-11 00:00:00-05:00,26.100000381469727,26.280000686645508,25.68000030517578,26.040000915527344,49800,0.0,0.0
2016-02-12 00:00:00-05:00,26.420000076293945,26.440000534057617,25.350000381469727,25.649999618530273,32500,0.0,0.0
2016-02-16 00:00:00-05:00,25.780000686645508,26.600000381469727,25.610000610351562,26.489999771118164,39900,0.0,0.0
2016-02-17 00:00:00-05:00,26.670000076293945,26.709999084472656,25.93000030517578,25.93000030517578,36000,0.0,0.0
2016-02-18 00:00:00-05:00,26.030000686645508,26.209999084472656,25.670000076293945,25.700000762939453,20200,0.0,0.0
2016-02-19 00:00:00-05:00,25.6299991607666,26.239999771118164,25.6299991607666,26.15999984741211,23900,0.0,0.0
2016-02-22 00:00:00-05:00,26.530000686645508,27.149999618530273,25.850000381469727,25.959999084472656,43100,0.0,0.0
2016-02-23 00:00:00-05:00,25.790000915527344,25.989999771118164,25.399999618530273,25.440000534057617,31500,0.0,0.0
2016-02-24 00:00:00-05:00,25.139999389648438,26.06999969482422,25.139999389648438,25.979999542236328,26500,0.0,0.0
2016-02-25 00:00:00-05:00,26.139999389648438,26.829999923706055,26.059999465942383,26.469999313354492,22800,0.0,0.0
2016-02-26 00:00:00-05:00,26.450000762939453,26.5,25.690000534057617,25.889999389648438,31400,0.0,0.0
2016-02-29 00:00:00-05:00,25.799999237060547,26.950000762939453,25.799999237060547,26.360000610351562,43300,0.0,0.0
2016-03-01 00:00:00-05:00,26.6299991607666,26.6299991607666,25.950000762939453,26.149999618530273,27700,0.0,0.0
2016-03-02 00:00:00-05:00,25.969999313354492,26.25,25.75,26.0,26000,0.0,0.0
2016-03-03 00:00:00-05:00,25.889999389648438,26.139999389648438,25.6299991607666,26.09000015258789,27700,0.0,0.0
2016-03-04 00:00:00-05:00,26.1200008392334,26.68000030517578,25.8799991607666,25.979999542236328,38900,0.0,0.0
2016-03-07 00:00:00-05:00,25.8700008392334,26.299999237060547,25.479999542236328,26.170000076293945,46600,0.0,0.0
2016-03-08 00:00:00-05:00,26.1200008392334,26.84000015258789,26.059999465942383,26.559999465942383,39300,0.0,0.0
2016-03-09 00:00:00-05:00,26.549999237060547,26.860000610351562,26.270000457763672,26.31999969482422,26800,0.0,0.0
2016-03-10 00:00:00-05:00,26.450000762939453,26.489999771118164,25.389999389648438,25.520000457763672,19400,0.0,0.0
2016-03-11 00:00:00-05:00,25.639999389648438,25.850000381469727,25.540000915527344,25.6200008392334,59600,0.0,0.0
2016-03-14 00:00:00-04:00,25.809999465942383,25.809999465942383,25.420000076293945,25.559999465942383,21800,0.0,0.0
2016-03-15 00:00:00-04:00,25.469999313354492,25.59000015258789,24.649999618530273,24.899999618530273,32100,0.0,0.0
2016-03-16 00:00:00-04:00,25.010000228881836,25.079999923706055,24.59000015258789,24.889999389648438,36200,0.0,0.0
2016-03-17 00:00:00-04:00,24.940000534057617,25.959999084472656,24.770000457763672,25.760000228881836,34800,0.0,0.0
2016-03-18 00:00:00-04:00,25.93000030517578,26.229999542236328,25.25,26.06999969482422,59700,0.0,0.0
2016-03-21 00:00:00-04:00,26.020000457763672,26.260000228881836,25.8799991607666,26.040000915527344,50300,0.0,0.0
2016-03-22 00:00:00-04:00,25.8799991607666,26.389999389648438,25.809999465942383,26.25,42300,0.0,0.0
2016-03-23 00:00:00-04:00,26.260000228881836,26.309999465942383,25.950000762939453,26.25,35300,0.0,0.0
2016-03-24 00:00:00-04:00,26.15999984741211,26.760000228881836,26.079999923706055,26.6200008392334,19700,0.0,0.0
2016-03-28 00:00:00-04:00,26.469999313354492,27.079999923706055,26.420000076293945,26.75,47900,0.0,0.0
2016-03-29 00:00:00-04:00,26.799999237060547,28.040000915527344,26.780000686645508,27.920000076293945,39600,0.0,0.0
2016-03-30 00:00:00-04:00,28.06999969482422,28.06999969482422,27.5,27.760000228881836,32400,0.0,0.0
2016-03-31 00:00:00-04:00,27.899999618530273,28.020000457763672,27.5,27.8700008392334,31300,0.0,0.0
2016-04-01 00:00:00-04:00,27.719999313354492,28.469999313354492,27.719999313354492,28.329999923706055,26500,0.0,0.0
2016-04-04 00:00:00-04:00,28.440000534057617,28.770000457763672,28.34000015258789,28.559999465942383,19400,0.0,0.0
2016-04-05 00:00:00-04:00,28.440000534057617,29.270000457763672,28.18000030517578,28.389999389648438,54000,0.0,0.0
2016-04-06 00:00:00-04:00,28.360000610351562,28.75,27.959999084472656,28.290000915527344,66000,0.0,0.0
2016-04-07 00:00:00-04:00,28.139999389648438,28.8700008392334,28.139999389648438,28.489999771118164,50400,0.0,0.0
2016-04-08 00:00:00-04:00,29.90999984741211,31.8799991607666,29.81999969482422,31.6299991607666,93200,0.0,0.0
2016-04-11 00:00:00-04:00,31.760000228881836,31.950000762939453,31.020000457763672,31.260000228881836,52200,0.0,0.0
2016-04-12 00:00:00-04:00,31.270000457763672,31.8700008392334,30.799999237060547,30.950000762939453,21700,0.0,0.0
2016-04-13 00:00:00-04:00,31.200000762939453,31.200000762939453,30.559999465942383,30.940000534057617,25600,0.0,0.0
2016-04-14 00:00:00-04:00,30.639999389648438,31.350000381469727,30.229999542236328,30.579999923706055,49200,0.0,0.0
2016-04-15 00:00:00-04:00,30.5,30.829999923706055,30.329999923706055,30.559999465942383,23500,0.0,0.0
2016-04-18 00:00:00-04:00,30.5,31.309999465942383,27.200000762939453,31.139999389648438,27200,0.0,0.0
2016-04-19 00:00:00-04:00,31.219999313354492,31.219999313354492,30.81999969482422,30.979999542236328,28600,0.0,0.0
2016-04-20 00:00:00-04:00,30.84000015258789,31.0,30.399999618530273,30.649999618530273,12200,0.0,0.0
2016-04-21 00:00:00-04:00,30.530000686645508,30.600000381469727,30.079999923706055,30.479999542236328,28300,0.0,0.0
2016-04-22 00:00:00-04:00,30.559999465942383,30.709999084472656,30.290000915527344,30.450000762939453,22300,0.0,0.0
2016-04-25 00:00:00-04:00,30.329999923706055,30.700000762939453,30.290000915527344,30.520000457763672,27500,0.0,0.0
2016-04-26 00:00:00-04:00,30.510000228881836,30.739999771118164,29.989999771118164,30.329999923706055,28400,0.0,0.0
2016-04-27 00:00:00-04:00,30.43000030517578,30.780000686645508,30.100000381469727,30.68000030517578,24700,0.0,0.0
2016-04-28 00:00:00-04:00,30.530000686645508,30.920000076293945,30.350000381469727,30.639999389648438,37800,0.0,0.0
2016-04-29 00:00:00-04:00,30.510000228881836,30.700000762939453,30.1299991607666,30.209999084472656,18600,0.0,0.0
2016-05-02 00:00:00-04:00,30.649999618530273,31.31999969482422,30.5,31.270000457763672,40600,0.0,0.0
2016-05-03 00:00:00-04:00,31.079999923706055,31.1200008392334,30.56999969482422,30.709999084472656,30900,0.0,0.0
2016-05-04 00:00:00-04:00,30.579999923706055,31.110000610351562,30.06999969482422,30.209999084472656,18500,0.0,0.0
2016-05-05 00:00:00-04:00,29.670000076293945,30.530000686645508,29.670000076293945,30.350000381469727,28300,0.0,0.0
2016-05-06 00:00:00-04:00,30.6299991607666,31.020000457763672,30.06999969482422,30.809999465942383,26000,0.0,0.0
2016-05-09 00:00:00-04:00,30.670000076293945,31.170000076293945,30.479999542236328,30.6299991607666,27200,0.0,0.0
2016-05-10 00:00:00-04:00,30.950000762939453,31.540000915527344,30.84000015258789,31.3700008392334,44800,0.0,0.0
2016-05-11 00:00:00-04:00,31.110000610351562,31.110000610351562,29.75,29.81999969482422,39900,0.0,0.0
2016-05-12 00:00:00-04:00,29.850000381469727,29.889999389648438,29.0,29.020000457763672,36500,0.0,0.0
2016-05-13 00:00:00-04:00,28.920000076293945,29.0,28.489999771118164,28.93000030517578,29400,0.0,0.0
2016-05-16 00:00:00-04:00,29.059999465942383,29.229999542236328,28.84000015258789,29.06999969482422,41900,0.0,0.0
2016-05-17 00:00:00-04:00,28.760000228881836,28.760000228881836,26.93000030517578,26.969999313354492,71300,0.0,0.0
2016-05-18 00:00:00-04:00,26.940000534057617,27.899999618530273,26.690000534057617,27.549999237060547,30300,0.0,0.0
2016-05-19 00:00:00-04:00,27.290000915527344,27.65999984741211,27.290000915527344,27.549999237060547,15800,0.0,0.0
2016-05-20 00:00:00-04:00,27.68000030517578,28.079999923706055,27.479999542236328,27.920000076293945,12400,0.0,0.0
2016-05-23 00:00:00-04:00,27.799999237060547,28.209999084472656,27.469999313354492,27.950000762939453,57400,0.0,0.0
2016-05-24 00:00:00-04:00,28.170000076293945,29.030000686645508,28.1200008392334,28.760000228881836,37100,0.0,0.0
2016-05-25 00:00:00-04:00,28.889999389648438,28.889999389648438,28.280000686645508,28.459999084472656,23200,0.0,0.0
2016-05-26 00:00:00-04:00,28.31999969482422,28.969999313354492,28.219999313354492,28.799999237060547,16500,0.0,0.0
2016-05-27 00:00:00-04:00,28.649999618530273,28.739999771118164,28.489999771118164,28.579999923706055,17200,0.0,0.0
2016-05-31 00:00:00-04:00,28.600000381469727,28.600000381469727,28.149999618530273,28.25,18500,0.0,0.0
2016-06-01 00:00:00-04:00,28.139999389648438,28.829999923706055,27.969999313354492,28.65999984741211,44000,0.0,0.0
2016-06-02 00:00:00-04:00,28.600000381469727,29.09000015258789,28.209999084472656,29.010000228881836,27000,0.0,0.0
2016-06-03 00:00:00-04:00,29.139999389648438,29.229999542236328,28.799999237060547,29.049999237060547,26300,0.0,0.0
2016-06-06 00:00:00-04:00,29.1200008392334,30.040000915527344,29.110000610351562,29.8799991607666,32800,0.0,0.0
2016-06-07 00:00:00-04:00,30.010000228881836,30.219999313354492,29.639999389648438,30.139999389648438,34200,0.0,0.0
2016-06-08 00:00:00-04:00,30.459999084472656,30.5,30.09000015258789,30.15999984741211,32600,0.0,0.0
2016-06-09 00:00:00-04:00,30.229999542236328,30.260000228881836,29.610000610351562,30.239999771118164,38300,0.0,0.0
2016-06-10 00:00:00-04:00,29.889999389648438,30.25,29.8700008392334,30.239999771118164,44900,0.0,0.0
2016-06-13 00:00:00-04:00,30.149999618530273,30.959999084472656,30.149999618530273,30.549999237060547,29000,0.0,0.0
2016-06-14 00:00:00-04:00,30.309999465942383,30.75,29.75,30.34000015258789,23600,0.0,0.0
2016-06-15 00:00:00-04:00,30.399999618530273,30.950000762939453,29.549999237060547,29.850000381469727,36900,0.0,0.0
2016-06-16 00:00:00-04:00,29.719999313354492,29.93000030517578,29.3799991607666,29.84000015258789,19500,0.0,0.0
2016-06-17 00:00:00-04:00,29.93000030517578,29.93000030517578,28.860000610351562,29.079999923706055,54900,0.0,0.0
2016-06-20 00:00:00-04:00,29.3700008392334,30.190000534057617,29.3700008392334,29.729999542236328,19200,0.0,0.0
2016-06-21 00:00:00-04:00,29.899999618530273,30.0,29.329999923706055,29.84000015258789,31700,0.0,0.0
2016-06-22 00:00:00-04:00,29.850000381469727,32.34000015258789,29.59000015258789,31.65999984741211,177800,0.0,0.0
2016-06-23 00:00:00-04:00,31.6299991607666,32.5,31.600000381469727,32.099998474121094,68000,0.0,0.0
2016-06-24 00:00:00-04:00,30.700000762939453,31.59000015258789,30.43000030517578,31.25,77900,0.0,0.0
2016-06-27 00:00:00-04:00,30.8700008392334,31.850000381469727,30.420000076293945,31.0,46400,0.0,0.0
2016-06-28 00:00:00-04:00,31.09000015258789,31.209999084472656,30.5,30.729999542236328,29400,0.0,0.0
2016-06-29 00:00:00-04:00,31.020000457763672,31.530000686645508,30.889999389648438,31.34000015258789,46500,0.0,0.0
2016-06-30 00:00:00-04:00,31.25,32.099998474121094,31.25,32.060001373291016,41300,0.0,0.0
2016-07-01 00:00:00-04:00,32.029998779296875,32.25,30.649999618530273,31.139999389648438,59500,0.0,0.0
2016-07-05 00:00:00-04:00,30.790000915527344,31.8799991607666,30.43000030517578,31.459999084472656,41700,0.0,0.0
2016-07-06 00:00:00-04:00,31.18000030517578,31.639999389648438,31.049999237060547,31.450000762939453,14300,0.0,0.0
2016-07-07 00:00:00-04:00,31.360000610351562,31.739999771118164,31.31999969482422,31.59000015258789,35100,0.0,0.0
2016-07-08 00:00:00-04:00,31.93000030517578,32.29999923706055,31.829999923706055,31.959999084472656,40600,0.0,0.0
2016-07-11 00:00:00-04:00,32.0099983215332,32.0099983215332,31.799999237060547,32.0,28600,0.0,0.0
2016-07-12 00:00:00-04:00,32.0,32.0,31.850000381469727,31.959999084472656,30800,0.0,0.0
2016-07-13 00:00:00-04:00,32.0,32.2400016784668,31.829999923706055,31.979999542236328,41200,0.0,0.0
2016-07-14 00:00:00-04:00,32.08000183105469,32.08000183105469,31.329999923706055,31.6299991607666,29100,0.0,0.0
2016-07-15 00:00:00-04:00,31.739999771118164,31.829999923706055,31.5,31.639999389648438,11000,0.0,0.0
2016-07-18 00:00:00-04:00,31.719999313354492,31.81999969482422,30.809999465942383,30.8700008392334,27100,0.0,0.0
2016-07-19 00:00:00-04:00,30.469999313354492,31.25,30.469999313354492,30.899999618530273,10100,0.0,0.0
2016-07-20 00:00:00-04:00,31.25,32.0,30.969999313354492,31.950000762939453,32300,0.0,0.0
2016-07-21 00:00:00-04:00,31.950000762939453,32.25,31.850000381469727,32.06999969482422,57400,0.0,0.0
2016-07-22 00:00:00-04:00,31.989999771118164,32.4900016784668,31.899999618530273,31.979999542236328,39400,0.0,0.0
2016-07-25 00:00:00-04:00,31.719999313354492,32.02000045776367,31.280000686645508,31.600000381469727,74200,0.0,0.0
2016-07-26 00:00:00-04:00,31.649999618530273,31.75,31.3700008392334,31.40999984741211,20300,0.0,0.0
2016-07-27 00:00:00-04:00,31.40999984741211,31.40999984741211,30.670000076293945,30.799999237060547,25300,0.0,0.0
2016-07-28 00:00:00-04:00,30.719999313354492,30.8700008392334,30.229999542236328,30.229999542236328,14300,0.0,0.0
2016-07-29 00:00:00-04:00,30.110000610351562,30.979999542236328,30.100000381469727,30.670000076293945,21300,0.0,0.0
2016-08-01 00:00:00-04:00,30.81999969482422,30.81999969482422,30.100000381469727,30.65999984741211,27600,0.0,0.0
2016-08-02 00:00:00-04:00,30.729999542236328,31.18000030517578,30.329999923706055,30.920000076293945,30600,0.0,0.0
2016-08-03 00:00:00-04:00,30.65999984741211,31.84000015258789,30.65999984741211,31.75,28100,0.0,0.0
2016-08-04 00:00:00-04:00,31.729999542236328,31.959999084472656,31.260000228881836,31.600000381469727,29000,0.0,0.0
2016-08-05 00:00:00-04:00,31.799999237060547,32.91999816894531,31.799999237060547,32.790000915527344,93200,0.0,0.0
2016-08-08 00:00:00-04:00,32.7400016784668,32.77000045776367,31.389999389648438,31.520000457763672,30600,0.0,0.0
2016-08-09 00:00:00-04:00,31.520000457763672,31.520000457763672,30.6200008392334,30.799999237060547,21000,0.0,0.0
2016-08-10 00:00:00-04:00,31.989999771118164,31.989999771118164,30.229999542236328,30.299999237060547,41900,0.0,0.0
2016-08-11 00:00:00-04:00,30.559999465942383,30.56999969482422,30.190000534057617,30.229999542236328,40100,0.0,0.0
2016-08-12 00:00:00-04:00,30.229999542236328,30.670000076293945,30.010000228881836,30.290000915527344,45000,0.0,0.0
2016-08-15 00:00:00-04:00,30.079999923706055,30.969999313354492,29.860000610351562,30.860000610351562,43200,0.0,0.0
2016-08-16 00:00:00-04:00,30.739999771118164,30.739999771118164,29.979999542236328,30.010000228881836,43900,0.0,0.0
2016-08-17 00:00:00-04:00,30.110000610351562,30.399999618530273,29.850000381469727,30.170000076293945,22200,0.0,0.0
2016-08-18 00:00:00-04:00,30.06999969482422,30.280000686645508,29.90999984741211,30.18000030517578,29500,0.0,0.0
2016-08-19 00:00:00-04:00,30.219999313354492,30.729999542236328,30.18000030517578,30.440000534057617,32100,0.0,0.0
2016-08-22 00:00:00-04:00,30.399999618530273,30.8700008392334,30.010000228881836,30.280000686645508,30200,0.0,0.0
2016-08-23 00:00:00-04:00,30.739999771118164,30.739999771118164,30.329999923706055,30.5,28100,0.0,0.0
2016-08-24 00:00:00-04:00,30.3799991607666,30.860000610351562,30.18000030517578,30.770000457763672,54000,0.0,0.0
2016-08-25 00:00:00-04:00,30.799999237060547,30.940000534057617,30.360000610351562,30.8799991607666,28300,0.0,0.0
2016-08-26 00:00:00-04:00,30.760000228881836,31.530000686645508,30.760000228881836,30.969999313354492,23000,0.0,0.0
2016-08-29 00:00:00-04:00,30.940000534057617,31.829999923706055,30.809999465942383,31.59000015258789,24200,0.0,0.0
2016-08-30 00:00:00-04:00,31.780000686645508,32.33000183105469,31.549999237060547,32.09000015258789,36500,0.0,0.0
2016-08-31 00:00:00-04:00,31.989999771118164,32.18000030517578,31.579999923706055,32.02000045776367,33700,0.0,0.0
2016-09-01 00:00:00-04:00,32.13999938964844,32.349998474121094,31.540000915527344,32.20000076293945,28400,0.0,0.0
2016-09-02 00:00:00-04:00,32.369998931884766,32.849998474121094,30.43000030517578,32.68000030517578,83900,0.0,0.0
2016-09-06 00:00:00-04:00,32.619998931884766,32.95000076293945,29.15999984741211,32.93000030517578,41400,0.0,0.0
2016-09-07 00:00:00-04:00,32.84000015258789,33.119998931884766,32.779998779296875,33.08000183105469,52100,0.0,0.0
2016-09-08 00:00:00-04:00,32.939998626708984,33.099998474121094,32.75,33.08000183105469,45400,0.0,0.0
2016-09-09 00:00:00-04:00,33.04999923706055,33.380001068115234,32.869998931884766,33.27000045776367,172600,0.0,0.0
2016-09-12 00:00:00-04:00,33.06999969482422,33.7599983215332,32.2400016784668,33.459999084472656,190300,0.0,0.0
2016-09-13 00:00:00-04:00,31.709999084472656,34.0,30.5,33.630001068115234,186800,0.0,0.0
2016-09-14 00:00:00-04:00,33.5,34.2599983215332,32.900001525878906,34.189998626708984,196700,0.0,0.0
2016-09-15 00:00:00-04:00,34.16999816894531,34.290000915527344,33.70000076293945,34.130001068115234,126000,0.0,0.0
2016-09-16 00:00:00-04:00,34.15999984741211,34.369998931884766,33.54999923706055,33.72999954223633,272200,0.0,0.0
2016-09-19 00:00:00-04:00,33.970001220703125,34.27000045776367,33.56999969482422,34.2400016784668,82000,0.0,0.0
2016-09-20 00:00:00-04:00,34.310001373291016,34.90999984741211,34.16999816894531,34.79999923706055,134100,0.0,0.0
2016-09-21 00:00:00-04:00,35.09000015258789,35.33000183105469,33.650001525878906,35.02000045776367,157900,0.0,0.0
2016-09-22 00:00:00-04:00,35.22999954223633,36.25,35.16999816894531,36.20000076293945,156300,0.0,0.0
2016-09-23 00:00:00-04:00,36.040000915527344,36.86000061035156,35.66999816894531,36.45000076293945,174700,0.0,0.0
2016-09-26 00:00:00-04:00,36.66999816894531,36.959999084472656,36.20000076293945,36.27000045776367,143600,0.0,0.0
2016-09-27 00:00:00-04:00,36.189998626708984,36.38999938964844,34.599998474121094,36.25,61400,0.0,0.0
2016-09-28 00:00:00-04:00,36.13999938964844,36.400001525878906,36.0,36.369998931884766,111800,0.0,0.0
2016-09-29 00:00:00-04:00,36.220001220703125,36.400001525878906,36.04999923706055,36.189998626708984,47000,0.0,0.0
2016-09-30 00:00:00-04:00,36.08000183105469,36.400001525878906,35.540000915527344,35.54999923706055,100200,0.0,0.0
2016-10-03 00:00:00-04:00,35.529998779296875,36.0,35.38999938964844,35.939998626708984,46700,0.0,0.0
2016-10-04 00:00:00-04:00,36.13999938964844,36.31999969482422,34.439998626708984,34.59000015258789,191400,0.0,0.0
2016-10-05 00:00:00-04:00,34.84000015258789,35.0099983215332,33.709999084472656,33.709999084472656,101100,0.0,0.0
2016-10-06 00:00:00-04:00,33.5,34.220001220703125,33.47999954223633,33.5099983215332,94600,0.0,0.0
2016-10-07 00:00:00-04:00,33.619998931884766,33.619998931884766,32.310001373291016,32.720001220703125,87500,0.0,0.0
2016-10-10 00:00:00-04:00,33.16999816894531,33.400001525878906,32.720001220703125,33.290000915527344,153100,0.0,0.0
2016-10-11 00:00:00-04:00,33.04999923706055,33.130001068115234,32.09000015258789,32.09000015258789,42200,0.0,0.0
2016-10-12 00:00:00-04:00,32.08000183105469,33.060001373291016,31.90999984741211,32.9900016784668,71300,0.0,0.0
2016-10-13 00:00:00-04:00,32.790000915527344,32.86000061035156,32.2599983215332,32.470001220703125,50000,0.0,0.0
2016-10-14 00:00:00-04:00,32.529998779296875,32.790000915527344,32.349998474121094,32.400001525878906,33200,0.0,0.0
2016-10-17 00:00:00-04:00,32.20000076293945,32.7400016784668,32.119998931884766,32.400001525878906,49500,0.0,0.0
2016-10-18 00:00:00-04:00,32.689998626708984,32.689998626708984,31.729999542236328,31.75,33900,0.0,0.0
2016-10-19 00:00:00-04:00,31.639999389648438,32.130001068115234,31.299999237060547,31.59000015258789,38700,0.0,0.0
2016-10-20 00:00:00-04:00,31.459999084472656,31.5,30.350000381469727,30.479999542236328,37600,0.0,0.0
2016-10-21 00:00:00-04:00,30.299999237060547,30.860000610351562,30.049999237060547,30.809999465942383,39500,0.0,0.0
2016-10-24 00:00:00-04:00,31.079999923706055,31.6299991607666,31.010000228881836,31.600000381469727,38100,0.0,0.0
2016-10-25 00:00:00-04:00,31.68000030517578,31.81999969482422,31.270000457763672,31.510000228881836,57600,0.0,0.0
2016-10-26 00:00:00-04:00,31.799999237060547,32.20000076293945,31.649999618530273,32.130001068115234,68300,0.0,0.0
2016-10-27 00:00:00-04:00,32.2599983215332,32.63999938964844,32.099998474121094,32.29999923706055,53700,0.0,0.0
2016-10-28 00:00:00-04:00,32.290000915527344,32.900001525878906,32.27000045776367,32.65999984741211,35700,0.0,0.0
2016-10-31 00:00:00-04:00,32.599998474121094,32.849998474121094,32.5,32.70000076293945,33700,0.0,0.0
2016-11-01 00:00:00-04:00,32.75,32.95000076293945,31.950000762939453,32.20000076293945,46000,0.0,0.0
2016-11-02 00:00:00-04:00,32.04999923706055,32.29999923706055,31.299999237060547,31.549999237060547,26600,0.0,0.0
2016-11-03 00:00:00-04:00,31.5,31.649999618530273,31.229999542236328,31.5,29800,0.0,0.0
2016-11-04 00:00:00-04:00,31.25,31.649999618530273,31.100000381469727,31.5,52500,0.0,0.0
2016-11-07 00:00:00-05:00,31.600000381469727,32.45000076293945,31.549999237060547,32.29999923706055,29300,0.0,0.0
2016-11-08 00:00:00-05:00,30.899999618530273,35.369998931884766,30.899999618530273,34.75,105000,0.0,0.0
2016-11-09 00:00:00-05:00,35.20000076293945,35.900001525878906,34.0,34.900001525878906,55200,0.0,0.0
2016-11-10 00:00:00-05:00,34.599998474121094,34.599998474121094,32.45000076293945,32.849998474121094,56400,0.0,0.0
2016-11-11 00:00:00-05:00,33.099998474121094,34.25,33.099998474121094,33.650001525878906,62400,0.0,0.0
2016-11-14 00:00:00-05:00,33.599998474121094,34.849998474121094,33.20000076293945,33.29999923706055,43200,0.0,0.0
2016-11-15 00:00:00-05:00,33.04999923706055,33.099998474121094,32.29999923706055,32.45000076293945,44900,0.0,0.0
2016-11-16 00:00:00-05:00,32.33000183105469,33.349998474121094,32.33000183105469,33.29999923706055,22800,0.0,0.0
2016-11-17 00:00:00-05:00,33.45000076293945,34.29999923706055,33.150001525878906,34.099998474121094,25000,0.0,0.0
2016-11-18 00:00:00-05:00,34.04999923706055,34.70000076293945,34.04999923706055,34.70000076293945,32800,0.0,0.0
2016-11-21 00:00:00-05:00,34.5,35.349998474121094,34.5,34.91999816894531,30100,0.0,0.0
2016-11-22 00:00:00-05:00,34.900001525878906,35.79999923706055,34.54999923706055,35.20000076293945,66300,0.0,0.0
2016-11-23 00:00:00-05:00,35.04999923706055,36.529998779296875,35.04999923706055,36.349998474121094,52400,0.0,0.0
2016-11-25 00:00:00-05:00,36.29999923706055,37.54999923706055,35.79999923706055,36.29999923706055,15600,0.0,0.0
2016-11-28 00:00:00-05:00,36.150001525878906,36.599998474121094,35.54999923706055,35.650001525878906,53100,0.0,0.0
2016-11-29 00:00:00-05:00,35.79999923706055,36.5,35.29999923706055,35.29999923706055,49600,0.0,0.0
2016-11-30 00:00:00-05:00,35.54999923706055,35.75,34.599998474121094,34.849998474121094,69900,0.0,0.0
2016-12-01 00:00:00-05:00,34.79999923706055,35.650001525878906,33.650001525878906,34.04999923706055,28300,0.0,0.0
2016-12-02 00:00:00-05:00,33.95000076293945,34.04999923706055,33.25,33.5,22200,0.0,0.0
2016-12-05 00:00:00-05:00,33.75,35.150001525878906,33.650001525878906,34.95000076293945,62800,0.0,0.0
2016-12-06 00:00:00-05:00,35.400001525878906,36.0,35.04999923706055,35.75,39100,0.0,0.0
2016-12-07 00:00:00-05:00,35.75,36.400001525878906,35.75,35.849998474121094,52100,0.0,0.0
2016-12-08 00:00:00-05:00,36.0,36.45000076293945,35.150001525878906,35.25,53900,0.0,0.0
2016-12-09 00:00:00-05:00,35.5,36.150001525878906,35.029998779296875,35.95000076293945,64700,0.0,0.0
2016-12-12 00:00:00-05:00,35.79999923706055,36.20000076293945,34.099998474121094,34.70000076293945,75400,0.0,0.0
2016-12-13 00:00:00-05:00,34.75,35.75,34.400001525878906,34.95000076293945,76900,0.0,0.0
2016-12-14 00:00:00-05:00,35.0,35.630001068115234,34.20000076293945,34.54999923706055,67500,0.0,0.0
2016-12-15 00:00:00-05:00,34.70000076293945,35.54999923706055,34.150001525878906,35.25,71700,0.0,0.0
2016-12-16 00:00:00-05:00,35.400001525878906,37.08000183105469,34.70000076293945,35.04999923706055,261500,0.0,0.0
2016-12-19 00:00:00-05:00,35.0,35.70000076293945,34.25,34.5,61400,0.0,0.0
2016-12-20 00:00:00-05:00,34.5,35.650001525878906,34.439998626708984,35.599998474121094,46800,0.0,0.0
2016-12-21 00:00:00-05:00,35.5,36.25,35.25,35.349998474121094,16600,0.0,0.0
2016-12-22 00:00:00-05:00,34.95000076293945,35.5,34.25,34.5,34600,0.0,0.0
2016-12-23 00:00:00-05:00,34.349998474121094,35.25,34.349998474121094,35.25,19000,0.0,0.0
2016-12-27 00:00:00-05:00,35.20000076293945,35.79999923706055,35.04999923706055,35.20000076293945,38500,0.0,0.0
2016-12-28 00:00:00-05:00,35.04999923706055,35.5,34.95000076293945,35.45000076293945,20100,0.0,0.0
2016-12-29 00:00:00-05:00,35.400001525878906,35.849998474121094,35.25,35.54999923706055,15900,0.0,0.0
2016-12-30 00:00:00-05:00,35.20000076293945,36.75,35.0,36.70000076293945,56400,0.0,0.0
2017-01-03 00:00:00-05:00,37.150001525878906,37.150001525878906,35.349998474121094,36.29999923706055,112400,0.0,0.0
2017-01-04 00:00:00-05:00,36.45000076293945,36.650001525878906,35.54999923706055,35.849998474121094,34800,0.0,0.0
2017-01-05 00:00:00-05:00,35.79999923706055,35.95000076293945,34.79999923706055,34.900001525878906,66700,0.0,0.0
2017-01-06 00:00:00-05:00,35.04999923706055,35.099998474121094,34.29999923706055,34.400001525878906,20900,0.0,0.0
2017-01-09 00:00:00-05:00,34.400001525878906,34.400001525878906,33.29999923706055,33.650001525878906,25100,0.0,0.0
2017-01-10 00:00:00-05:00,33.849998474121094,34.349998474121094,33.650001525878906,34.29999923706055,20300,0.0,0.0
2017-01-11 00:00:00-05:00,34.29999923706055,34.349998474121094,33.79999923706055,34.04999923706055,16800,0.0,0.0
2017-01-12 00:00:00-05:00,34.0,34.0,33.25,33.54999923706055,16200,0.0,0.0
2017-01-13 00:00:00-05:00,33.65999984741211,34.5,33.65999984741211,34.5,14200,0.0,0.0
2017-01-17 00:00:00-05:00,34.25,34.599998474121094,34.0,34.0,22700,0.0,0.0
2017-01-18 00:00:00-05:00,34.29999923706055,34.29999923706055,33.54999923706055,33.75,22200,0.0,0.0
2017-01-19 00:00:00-05:00,33.70000076293945,33.95000076293945,33.70000076293945,33.849998474121094,50000,0.0,0.0
2017-01-20 00:00:00-05:00,33.900001525878906,34.22999954223633,33.900001525878906,34.04999923706055,31100,0.0,0.0
2017-01-23 00:00:00-05:00,34.04999923706055,34.150001525878906,33.11000061035156,33.75,33200,0.0,0.0
2017-01-24 00:00:00-05:00,33.79999923706055,34.29999923706055,33.150001525878906,33.95000076293945,22500,0.0,0.0
2017-01-25 00:00:00-05:00,34.29999923706055,34.400001525878906,33.83000183105469,34.29999923706055,15500,0.0,0.0
2017-01-26 00:00:00-05:00,34.400001525878906,34.54999923706055,33.349998474121094,33.79999923706055,23400,0.0,0.0
2017-01-27 00:00:00-05:00,34.0,34.04999923706055,33.45000076293945,33.70000076293945,17100,0.0,0.0
2017-01-30 00:00:00-05:00,34.0,35.400001525878906,33.70000076293945,35.099998474121094,81500,0.0,0.0
2017-01-31 00:00:00-05:00,35.0,35.150001525878906,34.45000076293945,34.79999923706055,61200,0.0,0.0
2017-02-01 00:00:00-05:00,34.70000076293945,35.099998474121094,34.349998474121094,35.0,111100,0.0,0.0
2017-02-02 00:00:00-05:00,34.54999923706055,35.650001525878906,34.54999923706055,35.04999923706055,53500,0.0,0.0
2017-02-03 00:00:00-05:00,35.0,35.400001525878906,34.70000076293945,35.400001525878906,75200,0.0,0.0
2017-02-06 00:00:00-05:00,35.04999923706055,35.29999923706055,34.95000076293945,35.20000076293945,37800,0.0,0.0
2017-02-07 00:00:00-05:00,35.29999923706055,35.79999923706055,35.099998474121094,35.599998474121094,45700,0.0,0.0
2017-02-08 00:00:00-05:00,34.29999923706055,35.150001525878906,32.349998474121094,32.95000076293945,293100,0.0,0.0
2017-02-09 00:00:00-05:00,33.20000076293945,33.20000076293945,32.5,33.0,94600,0.0,0.0
2017-02-10 00:00:00-05:00,33.25,33.25,32.54999923706055,32.900001525878906,70100,0.0,0.0
2017-02-13 00:00:00-05:00,32.95000076293945,32.95000076293945,32.2599983215332,32.529998779296875,57400,0.0,0.0
2017-02-14 00:00:00-05:00,32.349998474121094,33.20000076293945,32.20000076293945,33.099998474121094,82500,0.0,0.0
2017-02-15 00:00:00-05:00,32.900001525878906,33.29999923706055,32.900001525878906,33.150001525878906,39000,0.0,0.0
2017-02-16 00:00:00-05:00,33.20000076293945,33.5,32.599998474121094,33.25,50700,0.0,0.0
2017-02-17 00:00:00-05:00,33.25,33.29999923706055,32.5,32.650001525878906,36300,0.0,0.0
2017-02-21 00:00:00-05:00,32.54999923706055,33.400001525878906,32.54999923706055,32.849998474121094,39800,0.0,0.0
2017-02-22 00:00:00-05:00,32.849998474121094,32.95000076293945,32.5,32.900001525878906,31500,0.0,0.0
2017-02-23 00:00:00-05:00,32.849998474121094,33.25,32.349998474121094,33.150001525878906,27200,0.0,0.0
2017-02-24 00:00:00-05:00,33.0,33.25,32.75,32.95000076293945,31200,0.0,0.0
2017-02-27 00:00:00-05:00,32.75,33.0,32.599998474121094,32.849998474121094,71800,0.0,0.0
2017-02-28 00:00:00-05:00,32.900001525878906,33.0,32.599998474121094,32.66999816894531,28500,0.0,0.0
2017-03-01 00:00:00-05:00,33.04999923706055,33.20000076293945,32.599998474121094,32.849998474121094,37500,0.0,0.0
2017-03-02 00:00:00-05:00,32.900001525878906,33.150001525878906,32.650001525878906,33.099998474121094,45200,0.0,0.0
2017-03-03 00:00:00-05:00,32.95000076293945,33.04999923706055,32.349998474121094,32.650001525878906,19500,0.0,0.0
2017-03-06 00:00:00-05:00,32.400001525878906,32.5,31.850000381469727,32.150001525878906,41700,0.0,0.0
2017-03-07 00:00:00-05:00,32.150001525878906,32.599998474121094,32.099998474121094,32.349998474121094,48300,0.0,0.0
2017-03-08 00:00:00-05:00,32.400001525878906,32.400001525878906,32.0099983215332,32.150001525878906,22200,0.0,0.0
2017-03-09 00:00:00-05:00,32.25,32.45000076293945,31.829999923706055,31.899999618530273,16100,0.0,0.0
2017-03-10 00:00:00-05:00,32.150001525878906,32.16999816894531,31.25,31.25,44000,0.0,0.0
2017-03-13 00:00:00-04:00,31.600000381469727,32.099998474121094,31.350000381469727,32.0,22000,0.0,0.0
2017-03-14 00:00:00-04:00,32.0,32.400001525878906,31.600000381469727,32.150001525878906,85800,0.0,0.0
2017-03-15 00:00:00-04:00,31.979999542236328,32.400001525878906,31.950000762939453,32.25,24100,0.0,0.0
2017-03-16 00:00:00-04:00,32.400001525878906,32.650001525878906,32.25,32.650001525878906,40900,0.0,0.0
2017-03-17 00:00:00-04:00,32.54999923706055,34.0,32.5,33.75,110300,0.0,0.0
2017-03-20 00:00:00-04:00,33.849998474121094,33.849998474121094,33.150001525878906,33.5,45000,0.0,0.0
2017-03-21 00:00:00-04:00,33.45000076293945,33.650001525878906,32.91999816894531,33.45000076293945,42200,0.0,0.0
2017-03-22 00:00:00-04:00,33.25,33.599998474121094,32.849998474121094,33.54999923706055,58100,0.0,0.0
2017-03-23 00:00:00-04:00,33.45000076293945,33.93000030517578,33.400001525878906,33.70000076293945,63100,0.0,0.0
2017-03-24 00:00:00-04:00,33.650001525878906,33.900001525878906,33.349998474121094,33.75,50700,0.0,0.0
2017-03-27 00:00:00-04:00,33.95000076293945,33.95000076293945,33.45000076293945,33.75,48500,0.0,0.0
2017-03-28 00:00:00-04:00,33.54999923706055,33.900001525878906,33.349998474121094,33.849998474121094,68400,0.0,0.0
2017-03-29 00:00:00-04:00,33.70000076293945,34.29999923706055,33.599998474121094,34.29999923706055,50100,0.0,0.0
2017-03-30 00:00:00-04:00,34.5,35.0,34.25,35.0,62900,0.0,0.0
2017-03-31 00:00:00-04:00,35.099998474121094,35.5,34.79999923706055,35.349998474121094,115300,0.0,0.0
2017-04-03 00:00:00-04:00,35.54999923706055,36.349998474121094,35.400001525878906,36.150001525878906,106800,0.0,0.0
2017-04-04 00:00:00-04:00,36.20000076293945,36.20000076293945,34.95000076293945,35.650001525878906,100000,0.0,0.0
2017-04-05 00:00:00-04:00,35.79999923706055,36.04999923706055,35.400001525878906,35.70000076293945,116000,0.0,0.0
2017-04-06 00:00:00-04:00,35.900001525878906,36.5,35.54999923706055,36.400001525878906,102500,0.0,0.0
2017-04-07 00:00:00-04:00,36.29999923706055,36.849998474121094,36.20000076293945,36.79999923706055,71900,0.0,0.0
2017-04-10 00:00:00-04:00,36.900001525878906,37.099998474121094,36.70000076293945,37.0,144700,0.0,0.0
2017-04-11 00:00:00-04:00,37.0,37.349998474121094,36.70000076293945,36.95000076293945,82900,0.0,0.0
2017-04-12 00:00:00-04:00,37.0,37.15999984741211,36.70000076293945,36.849998474121094,78700,0.0,0.0
2017-04-13 00:00:00-04:00,36.95000076293945,36.95000076293945,36.150001525878906,36.150001525878906,82800,0.0,0.0
2017-04-17 00:00:00-04:00,36.150001525878906,36.150001525878906,34.95000076293945,35.650001525878906,100900,0.0,0.0
2017-04-18 00:00:00-04:00,35.650001525878906,35.70000076293945,35.04999923706055,35.20000076293945,50400,0.0,0.0
2017-04-19 00:00:00-04:00,35.400001525878906,35.70000076293945,34.810001373291016,35.29999923706055,49900,0.0,0.0
2017-04-20 00:00:00-04:00,35.34000015258789,35.75,35.099998474121094,35.599998474121094,37100,0.0,0.0
2017-04-21 00:00:00-04:00,35.45000076293945,35.70000076293945,35.04999923706055,35.20000076293945,49200,0.0,0.0
2017-04-24 00:00:00-04:00,35.849998474121094,35.849998474121094,35.099998474121094,35.29999923706055,56800,0.0,0.0
2017-04-25 00:00:00-04:00,35.400001525878906,35.599998474121094,34.95000076293945,35.349998474121094,29500,0.0,0.0
2017-04-26 00:00:00-04:00,35.25,35.45000076293945,34.849998474121094,35.349998474121094,42400,0.0,0.0
2017-04-27 00:00:00-04:00,35.29999923706055,35.29999923706055,34.400001525878906,35.04999923706055,44100,0.0,0.0
2017-04-28 00:00:00-04:00,35.20000076293945,35.79999923706055,35.0,35.5,52300,0.0,0.0
2017-05-01 00:00:00-04:00,35.349998474121094,35.75,34.900001525878906,35.04999923706055,73100,0.0,0.0
2017-05-02 00:00:00-04:00,35.150001525878906,35.599998474121094,34.650001525878906,35.29999923706055,82700,0.0,0.0
2017-05-03 00:00:00-04:00,35.150001525878906,35.25,34.349998474121094,34.5,37500,0.0,0.0
2017-05-04 00:00:00-04:00,34.310001373291016,34.380001068115234,33.599998474121094,34.29999923706055,92700,0.0,0.0
2017-05-05 00:00:00-04:00,34.5,34.79999923706055,33.95000076293945,34.0,93200,0.0,0.0
2017-05-08 00:00:00-04:00,34.0,34.099998474121094,33.0,33.599998474121094,97000,0.0,0.0
2017-05-09 00:00:00-04:00,33.5,34.20000076293945,33.150001525878906,33.900001525878906,74800,0.0,0.0
2017-05-10 00:00:00-04:00,33.75,34.95000076293945,32.7599983215332,34.70000076293945,158100,0.0,0.0
2017-05-11 00:00:00-04:00,34.54999923706055,34.70000076293945,33.95000076293945,34.04999923706055,87900,0.0,0.0
2017-05-12 00:00:00-04:00,34.099998474121094,34.099998474121094,33.22999954223633,33.349998474121094,46700,0.0,0.0
2017-05-15 00:00:00-04:00,33.45000076293945,33.75,33.20000076293945,33.650001525878906,35600,0.0,0.0
2017-05-16 00:00:00-04:00,33.650001525878906,33.900001525878906,33.29999923706055,33.45000076293945,97800,0.0,0.0
2017-05-17 00:00:00-04:00,33.150001525878906,33.75,31.649999618530273,31.700000762939453,129900,0.0,0.0
2017-05-18 00:00:00-04:00,31.700000762939453,31.850000381469727,29.899999618530273,30.049999237060547,203000,0.0,0.0
2017-05-19 00:00:00-04:00,30.299999237060547,31.280000686645508,30.100000381469727,30.850000381469727,151000,0.0,0.0
2017-05-22 00:00:00-04:00,30.899999618530273,30.950000762939453,29.950000762939453,30.149999618530273,114100,0.0,0.0
2017-05-23 00:00:00-04:00,30.149999618530273,30.549999237060547,30.100000381469727,30.299999237060547,163900,0.0,0.0
2017-05-24 00:00:00-04:00,30.5,30.850000381469727,30.200000762939453,30.75,97200,0.0,0.0
2017-05-25 00:00:00-04:00,30.75,31.649999618530273,30.649999618530273,31.25,109300,0.0,0.0
2017-05-26 00:00:00-04:00,31.25,31.350000381469727,30.850000381469727,31.0,56500,0.0,0.0
2017-05-30 00:00:00-04:00,31.0,31.450000762939453,30.350000381469727,30.450000762939453,60600,0.0,0.0
2017-05-31 00:00:00-04:00,30.450000762939453,30.649999618530273,29.950000762939453,30.0,82400,0.0,0.0
2017-06-01 00:00:00-04:00,30.149999618530273,31.350000381469727,30.0,31.299999237060547,83700,0.0,0.0
2017-06-02 00:00:00-04:00,31.549999237060547,31.850000381469727,31.100000381469727,31.299999237060547,51800,0.0,0.0
2017-06-05 00:00:00-04:00,31.100000381469727,31.299999237060547,30.799999237060547,31.200000762939453,33700,0.0,0.0
2017-06-06 00:00:00-04:00,31.0,31.149999618530273,30.75,30.850000381469727,48800,0.0,0.0
2017-06-07 00:00:00-04:00,30.899999618530273,31.100000381469727,30.700000762939453,30.850000381469727,39600,0.0,0.0
2017-06-08 00:00:00-04:00,30.600000381469727,31.299999237060547,30.549999237060547,30.850000381469727,51900,0.0,0.0
2017-06-09 00:00:00-04:00,30.850000381469727,31.299999237060547,30.700000762939453,30.950000762939453,70900,0.0,0.0
2017-06-12 00:00:00-04:00,31.0,31.479999542236328,31.0,31.299999237060547,57700,0.0,0.0
2017-06-13 00:00:00-04:00,31.399999618530273,31.399999618530273,31.0,31.350000381469727,38500,0.0,0.0
2017-06-14 00:00:00-04:00,31.350000381469727,31.600000381469727,30.829999923706055,31.0,66800,0.0,0.0
2017-06-15 00:00:00-04:00,30.850000381469727,31.149999618530273,30.75,31.100000381469727,40300,0.0,0.0
2017-06-16 00:00:00-04:00,30.899999618530273,30.899999618530273,30.25,30.700000762939453,63100,0.0,0.0
2017-06-19 00:00:00-04:00,30.850000381469727,30.850000381469727,30.25,30.350000381469727,87300,0.0,0.0
2017-06-20 00:00:00-04:00,30.299999237060547,30.350000381469727,29.799999237060547,30.0,67000,0.0,0.0
2017-06-21 00:00:00-04:00,30.0,30.25,29.75,29.799999237060547,68700,0.0,0.0
2017-06-22 00:00:00-04:00,29.799999237060547,30.079999923706055,29.399999618530273,29.5,77900,0.0,0.0
2017-06-23 00:00:00-04:00,29.299999237060547,30.25,29.299999237060547,30.049999237060547,369000,0.0,0.0
2017-06-26 00:00:00-04:00,30.100000381469727,30.899999618530273,30.100000381469727,30.75,56900,0.0,0.0
2017-06-27 00:00:00-04:00,30.700000762939453,30.8799991607666,30.049999237060547,30.100000381469727,62500,0.0,0.0
2017-06-28 00:00:00-04:00,30.299999237060547,31.200000762939453,30.200000762939453,31.149999618530273,42500,0.0,0.0
2017-06-29 00:00:00-04:00,31.149999618530273,31.149999618530273,30.299999237060547,30.600000381469727,129200,0.0,0.0
2017-06-30 00:00:00-04:00,30.75,30.75,30.049999237060547,30.25,93600,0.0,0.0
2017-07-03 00:00:00-04:00,30.5,31.049999237060547,30.5,30.850000381469727,49300,0.0,0.0
2017-07-05 00:00:00-04:00,30.899999618530273,31.149999618530273,29.5,30.25,60300,0.0,0.0
2017-07-06 00:00:00-04:00,30.049999237060547,30.200000762939453,29.5,29.700000762939453,73600,0.0,0.0
2017-07-07 00:00:00-04:00,29.75,30.100000381469727,29.5,29.799999237060547,57000,0.0,0.0
2017-07-10 00:00:00-04:00,29.75,30.399999618530273,29.5,29.549999237060547,99100,0.0,0.0
2017-07-11 00:00:00-04:00,29.5,29.700000762939453,28.899999618530273,29.149999618530273,101400,0.0,0.0
2017-07-12 00:00:00-04:00,29.299999237060547,30.100000381469727,29.200000762939453,29.850000381469727,45600,0.0,0.0
2017-07-13 00:00:00-04:00,29.850000381469727,30.149999618530273,29.5,29.850000381469727,40200,0.0,0.0
2017-07-14 00:00:00-04:00,29.799999237060547,30.549999237060547,29.649999618530273,30.399999618530273,176600,0.0,0.0
2017-07-17 00:00:00-04:00,30.399999618530273,30.850000381469727,30.25,30.649999618530273,92000,0.0,0.0
2017-07-18 00:00:00-04:00,30.600000381469727,30.8799991607666,30.200000762939453,30.450000762939453,79000,0.0,0.0
2017-07-19 00:00:00-04:00,30.450000762939453,31.110000610351562,30.450000762939453,30.649999618530273,108700,0.0,0.0
2017-07-20 00:00:00-04:00,30.700000762939453,31.0,30.600000381469727,30.75,13800,0.0,0.0
2017-07-21 00:00:00-04:00,30.899999618530273,31.549999237060547,30.649999618530273,30.850000381469727,121300,0.0,0.0
2017-07-24 00:00:00-04:00,30.899999618530273,30.899999618530273,30.350000381469727,30.5,38700,0.0,0.0
2017-07-25 00:00:00-04:00,30.600000381469727,31.549999237060547,30.600000381469727,31.350000381469727,133000,0.0,0.0
2017-07-26 00:00:00-04:00,31.25,31.549999237060547,31.149999618530273,31.299999237060547,61400,0.0,0.0
2017-07-27 00:00:00-04:00,31.350000381469727,31.75,31.0,31.549999237060547,64800,0.0,0.0
2017-07-28 00:00:00-04:00,31.5,32.04999923706055,31.299999237060547,31.700000762939453,49800,0.0,0.0
2017-07-31 00:00:00-04:00,31.5,31.850000381469727,31.0,31.149999618530273,105500,0.0,0.0
2017-08-01 00:00:00-04:00,31.399999618530273,31.399999618530273,30.299999237060547,30.450000762939453,74800,0.0,0.0
2017-08-02 00:00:00-04:00,30.299999237060547,30.75,30.299999237060547,30.649999618530273,43500,0.0,0.0
2017-08-03 00:00:00-04:00,30.649999618530273,30.950000762939453,30.5,30.899999618530273,57200,0.0,0.0
2017-08-04 00:00:00-04:00,30.829999923706055,31.200000762939453,30.729999542236328,31.100000381469727,31200,0.0,0.0
2017-08-07 00:00:00-04:00,31.100000381469727,31.299999237060547,30.649999618530273,31.049999237060547,32400,0.0,0.0
2017-08-08 00:00:00-04:00,30.899999618530273,31.149999618530273,30.75,30.850000381469727,49200,0.0,0.0
2017-08-09 00:00:00-04:00,30.649999618530273,30.75,30.100000381469727,30.450000762939453,42900,0.0,0.0
2017-08-10 00:00:00-04:00,30.299999237060547,30.3799991607666,29.600000381469727,29.600000381469727,89100,0.0,0.0
2017-08-11 00:00:00-04:00,29.75,30.34000015258789,29.549999237060547,30.299999237060547,106200,0.0,0.0
2017-08-14 00:00:00-04:00,30.399999618530273,31.25,30.350000381469727,30.850000381469727,37300,0.0,0.0
2017-08-15 00:00:00-04:00,30.799999237060547,30.799999237060547,30.399999618530273,30.399999618530273,30700,0.0,0.0
2017-08-16 00:00:00-04:00,30.399999618530273,30.899999618530273,30.25,30.350000381469727,27500,0.0,0.0
2017-08-17 00:00:00-04:00,30.149999618530273,30.600000381469727,29.950000762939453,30.049999237060547,46000,0.0,0.0
2017-08-18 00:00:00-04:00,29.850000381469727,30.5,29.75,30.200000762939453,30700,0.0,0.0
2017-08-21 00:00:00-04:00,30.100000381469727,30.100000381469727,29.850000381469727,29.950000762939453,40400,0.0,0.0
2017-08-22 00:00:00-04:00,30.149999618530273,34.349998474121094,30.149999618530273,34.25,183400,0.0,0.0
2017-08-23 00:00:00-04:00,33.849998474121094,34.0,32.959999084472656,33.099998474121094,87600,0.0,0.0
2017-08-24 00:00:00-04:00,33.25,33.349998474121094,32.33000183105469,32.45000076293945,61300,0.0,0.0
2017-08-25 00:00:00-04:00,32.45000076293945,32.45000076293945,31.350000381469727,31.850000381469727,61000,0.0,0.0
2017-08-28 00:00:00-04:00,31.899999618530273,32.0099983215332,31.5,31.75,45400,0.0,0.0
2017-08-29 00:00:00-04:00,31.649999618530273,31.850000381469727,31.0,31.25,43400,0.0,0.0
2017-08-30 00:00:00-04:00,31.350000381469727,31.700000762939453,31.299999237060547,31.549999237060547,37600,0.0,0.0
2017-08-31 00:00:00-04:00,31.649999618530273,32.900001525878906,31.649999618530273,32.54999923706055,120500,0.0,0.0
2017-09-01 00:00:00-04:00,32.900001525878906,34.400001525878906,32.650001525878906,34.25,81600,0.0,0.0
2017-09-05 00:00:00-04:00,34.04999923706055,34.25,32.849998474121094,33.0,45200,0.0,0.0
2017-09-06 00:00:00-04:00,33.25,33.25,32.5099983215332,32.75,46100,0.0,0.0
2017-09-07 00:00:00-04:00,32.900001525878906,33.0,32.599998474121094,32.849998474121094,33500,0.0,0.0
2017-09-08 00:00:00-04:00,32.650001525878906,33.5,32.599998474121094,32.70000076293945,54200,0.0,0.0
2017-09-11 00:00:00-04:00,33.0,33.70000076293945,32.349998474121094,32.45000076293945,49500,0.0,0.0
2017-09-12 00:00:00-04:00,32.54999923706055,33.099998474121094,32.04999923706055,32.400001525878906,103900,0.0,0.0
2017-09-13 00:00:00-04:00,30.799999237060547,32.91999816894531,30.549999237060547,31.799999237060547,251100,0.0,0.0
2017-09-14 00:00:00-04:00,31.799999237060547,32.0,30.649999618530273,31.0,55200,0.0,0.0
2017-09-15 00:00:00-04:00,30.950000762939453,31.200000762939453,30.100000381469727,30.299999237060547,117300,0.0,0.0
2017-09-18 00:00:00-04:00,30.450000762939453,30.950000762939453,30.43000030517578,30.649999618530273,49400,0.0,0.0
2017-09-19 00:00:00-04:00,30.700000762939453,30.75,30.0,30.25,75100,0.0,0.0
2017-09-20 00:00:00-04:00,30.25,30.25,29.049999237060547,29.149999618530273,91200,0.0,0.0
2017-09-21 00:00:00-04:00,29.200000762939453,29.399999618530273,28.75,29.049999237060547,92100,0.0,0.0
2017-09-22 00:00:00-04:00,29.0,29.399999618530273,28.850000381469727,28.950000762939453,62300,0.0,0.0
2017-09-25 00:00:00-04:00,28.850000381469727,29.280000686645508,28.75,28.950000762939453,75300,0.0,0.0
2017-09-26 00:00:00-04:00,29.0,30.450000762939453,28.850000381469727,30.25,62600,0.0,0.0
2017-09-27 00:00:00-04:00,30.649999618530273,30.75,30.049999237060547,30.299999237060547,73600,0.0,0.0
2017-09-28 00:00:00-04:00,30.450000762939453,30.75,30.200000762939453,30.600000381469727,54500,0.0,0.0
2017-09-29 00:00:00-04:00,30.600000381469727,34.70000076293945,30.600000381469727,32.849998474121094,231600,0.0,0.0
2017-10-02 00:00:00-04:00,32.70000076293945,33.08000183105469,31.649999618530273,32.650001525878906,90900,0.0,0.0
2017-10-03 00:00:00-04:00,32.70000076293945,32.70000076293945,31.799999237060547,32.04999923706055,48000,0.0,0.0
2017-10-04 00:00:00-04:00,32.0,32.150001525878906,31.399999618530273,31.600000381469727,42600,0.0,0.0
2017-10-05 00:00:00-04:00,31.600000381469727,31.850000381469727,31.450000762939453,31.700000762939453,33400,0.0,0.0
2017-10-06 00:00:00-04:00,31.649999618530273,31.649999618530273,31.149999618530273,31.399999618530273,25600,0.0,0.0
2017-10-09 00:00:00-04:00,31.600000381469727,31.600000381469727,31.0,31.5,53300,0.0,0.0
2017-10-10 00:00:00-04:00,31.700000762939453,31.950000762939453,31.399999618530273,31.799999237060547,47800,0.0,0.0
2017-10-11 00:00:00-04:00,31.799999237060547,32.45000076293945,31.700000762939453,32.400001525878906,49100,0.0,0.0
2017-10-12 00:00:00-04:00,32.400001525878906,32.75,32.150001525878906,32.70000076293945,62300,0.0,0.0
2017-10-13 00:00:00-04:00,32.79999923706055,32.79999923706055,32.5,32.70000076293945,53400,0.0,0.0
2017-10-16 00:00:00-04:00,32.75,33.349998474121094,32.70000076293945,33.25,54900,0.0,0.0
2017-10-17 00:00:00-04:00,33.150001525878906,33.95000076293945,33.150001525878906,33.5,72500,0.0,0.0
2017-10-18 00:00:00-04:00,33.54999923706055,34.04999923706055,33.45000076293945,33.599998474121094,74400,0.0,0.0
2017-10-19 00:00:00-04:00,33.54999923706055,33.650001525878906,33.20000076293945,33.20000076293945,57000,0.0,0.0
2017-10-20 00:00:00-04:00,33.5,33.599998474121094,32.54999923706055,32.650001525878906,31900,0.0,0.0
2017-10-23 00:00:00-04:00,32.70000076293945,32.75,31.5,31.5,39000,0.0,0.0
2017-10-24 00:00:00-04:00,31.600000381469727,32.150001525878906,31.350000381469727,32.04999923706055,52800,0.0,0.0
2017-10-25 00:00:00-04:00,32.0,32.29999923706055,31.450000762939453,32.0,53500,0.0,0.0
2017-10-26 00:00:00-04:00,32.099998474121094,32.54999923706055,31.950000762939453,32.45000076293945,35700,0.0,0.0
2017-10-27 00:00:00-04:00,32.599998474121094,32.900001525878906,32.25,32.849998474121094,32900,0.0,0.0
2017-10-30 00:00:00-04:00,32.75,32.95000076293945,32.400001525878906,32.849998474121094,61200,0.0,0.0
2017-10-31 00:00:00-04:00,33.0,34.20000076293945,32.95000076293945,33.95000076293945,65700,0.0,0.0
2017-11-01 00:00:00-04:00,34.29999923706055,34.400001525878906,33.29999923706055,34.29999923706055,79600,0.0,0.0
2017-11-02 00:00:00-04:00,34.29999923706055,34.400001525878906,33.599998474121094,33.95000076293945,61400,0.0,0.0
2017-11-03 00:00:00-04:00,33.900001525878906,34.0,32.79999923706055,33.099998474121094,69300,0.0,0.0
2017-11-06 00:00:00-05:00,33.150001525878906,33.33000183105469,32.70000076293945,32.95000076293945,41800,0.0,0.0
2017-11-07 00:00:00-05:00,32.849998474121094,33.25,32.54999923706055,32.75,38200,0.0,0.0
2017-11-08 00:00:00-05:00,32.04999923706055,32.29999923706055,30.450000762939453,30.899999618530273,130100,0.0,0.0
2017-11-09 00:00:00-05:00,30.850000381469727,31.649999618530273,30.59000015258789,31.299999237060547,47800,0.0,0.0
2017-11-10 00:00:00-05:00,31.450000762939453,31.950000762939453,30.649999618530273,31.700000762939453,89600,0.0,0.0
2017-11-13 00:00:00-05:00,31.649999618530273,32.099998474121094,31.3799991607666,32.0,48700,0.0,0.0
2017-11-14 00:00:00-05:00,31.950000762939453,32.79999923706055,31.950000762939453,32.75,31200,0.0,0.0
2017-11-15 00:00:00-05:00,33.04999923706055,33.349998474121094,32.29999923706055,32.650001525878906,52000,0.0,0.0
2017-11-16 00:00:00-05:00,32.599998474121094,33.70000076293945,32.599998474121094,33.599998474121094,57800,0.0,0.0
2017-11-17 00:00:00-05:00,33.400001525878906,34.45000076293945,32.95000076293945,33.5,64200,0.0,0.0
2017-11-20 00:00:00-05:00,33.5,34.150001525878906,33.119998931884766,33.54999923706055,76300,0.0,0.0
2017-11-21 00:00:00-05:00,33.70000076293945,33.900001525878906,32.650001525878906,33.04999923706055,110400,0.0,0.0
2017-11-22 00:00:00-05:00,33.04999923706055,33.29999923706055,32.849998474121094,33.0,28700,0.0,0.0
2017-11-24 00:00:00-05:00,33.45000076293945,33.45000076293945,32.849998474121094,33.25,16700,0.0,0.0
2017-11-27 00:00:00-05:00,33.20000076293945,33.599998474121094,33.0,33.349998474121094,24200,0.0,0.0
2017-11-28 00:00:00-05:00,33.349998474121094,33.939998626708984,33.25,33.79999923706055,59900,0.0,0.0
2017-11-29 00:00:00-05:00,33.54999923706055,34.79999923706055,33.54999923706055,34.29999923706055,65400,0.0,0.0
2017-11-30 00:00:00-05:00,34.54999923706055,34.849998474121094,33.95000076293945,34.20000076293945,63900,0.0,0.0
2017-12-01 00:00:00-05:00,34.20000076293945,34.400001525878906,33.29999923706055,34.400001525878906,28000,0.0,0.0
2017-12-04 00:00:00-05:00,34.70000076293945,35.04999923706055,34.099998474121094,34.25,67800,0.0,0.0
2017-12-05 00:00:00-05:00,34.29999923706055,34.75,33.25,34.54999923706055,106300,0.0,0.0
2017-12-06 00:00:00-05:00,34.54999923706055,34.79999923706055,33.95000076293945,34.70000076293945,60700,0.0,0.0
2017-12-07 00:00:00-05:00,34.75,34.75,33.95000076293945,34.5,61400,0.0,0.0
2017-12-08 00:00:00-05:00,34.599998474121094,34.599998474121094,34.0,34.20000076293945,55500,0.0,0.0
2017-12-11 00:00:00-05:00,34.099998474121094,34.400001525878906,33.849998474121094,34.25,59800,0.0,0.0
2017-12-12 00:00:00-05:00,34.349998474121094,34.54999923706055,33.5,33.54999923706055,26500,0.0,0.0
2017-12-13 00:00:00-05:00,33.650001525878906,33.849998474121094,33.099998474121094,33.400001525878906,77700,0.0,0.0
2017-12-14 00:00:00-05:00,33.400001525878906,33.54999923706055,33.04999923706055,33.25,38500,0.0,0.0
2017-12-15 00:00:00-05:00,33.25,34.79999923706055,33.099998474121094,34.29999923706055,109700,0.0,0.0
2017-12-18 00:00:00-05:00,34.45000076293945,34.95000076293945,34.099998474121094,34.29999923706055,22700,0.0,0.0
2017-12-19 00:00:00-05:00,33.66999816894531,34.54999923706055,33.400001525878906,33.54999923706055,30500,0.0,0.0
2017-12-20 00:00:00-05:00,33.70000076293945,33.900001525878906,33.150001525878906,33.20000076293945,31800,0.0,0.0
2017-12-21 00:00:00-05:00,33.29999923706055,33.75,32.560001373291016,33.400001525878906,60100,0.0,0.0
2017-12-22 00:00:00-05:00,33.599998474121094,33.599998474121094,32.849998474121094,32.95000076293945,73300,0.0,0.0
2017-12-26 00:00:00-05:00,32.900001525878906,32.959999084472656,32.29999923706055,32.45000076293945,27900,0.0,0.0
2017-12-27 00:00:00-05:00,32.5,32.650001525878906,32.20000076293945,32.45000076293945,44200,0.0,0.0
2017-12-28 00:00:00-05:00,32.45000076293945,32.599998474121094,32.0,32.150001525878906,27000,0.0,0.0
2017-12-29 00:00:00-05:00,32.150001525878906,32.45000076293945,31.950000762939453,32.150001525878906,46200,0.0,0.0
2018-01-02 00:00:00-05:00,32.25,32.25,31.5,31.600000381469727,68400,0.0,0.0
2018-01-03 00:00:00-05:00,31.600000381469727,31.75,31.299999237060547,31.450000762939453,81500,0.0,0.0
2018-01-04 00:00:00-05:00,31.600000381469727,31.850000381469727,31.450000762939453,31.700000762939453,34200,0.0,0.0
2018-01-05 00:00:00-05:00,31.75,32.5,31.75,32.099998474121094,28500,0.0,0.0
2018-01-08 00:00:00-05:00,32.04999923706055,32.650001525878906,31.799999237060547,32.599998474121094,34100,0.0,0.0
2018-01-09 00:00:00-05:00,32.599998474121094,33.099998474121094,32.54999923706055,32.849998474121094,41600,0.0,0.0
2018-01-10 00:00:00-05:00,32.45000076293945,32.849998474121094,31.700000762939453,31.850000381469727,54700,0.0,0.0
2018-01-11 00:00:00-05:00,31.850000381469727,32.20000076293945,31.350000381469727,31.450000762939453,81900,0.0,0.0
2018-01-12 00:00:00-05:00,31.5,31.700000762939453,31.200000762939453,31.5,53000,0.0,0.0
2018-01-16 00:00:00-05:00,31.5,31.600000381469727,30.899999618530273,30.950000762939453,53500,0.0,0.0
2018-01-17 00:00:00-05:00,31.149999618530273,31.579999923706055,31.100000381469727,31.399999618530273,48500,0.0,0.0
2018-01-18 00:00:00-05:00,31.25,31.350000381469727,30.959999084472656,31.149999618530273,19100,0.0,0.0
2018-01-19 00:00:00-05:00,31.100000381469727,31.549999237060547,31.049999237060547,31.399999618530273,26900,0.0,0.0
2018-01-22 00:00:00-05:00,31.25,31.399999618530273,30.799999237060547,31.100000381469727,26200,0.0,0.0
2018-01-23 00:00:00-05:00,30.899999618530273,31.149999618530273,30.899999618530273,31.0,24000,0.0,0.0
2018-01-24 00:00:00-05:00,31.149999618530273,31.299999237060547,30.899999618530273,31.049999237060547,34400,0.0,0.0
2018-01-25 00:00:00-05:00,31.100000381469727,31.299999237060547,30.950000762939453,31.200000762939453,14000,0.0,0.0
2018-01-26 00:00:00-05:00,31.200000762939453,31.450000762939453,30.950000762939453,31.399999618530273,10800,0.0,0.0
2018-01-29 00:00:00-05:00,31.299999237060547,31.5,31.149999618530273,31.200000762939453,29700,0.0,0.0
2018-01-30 00:00:00-05:00,31.049999237060547,31.850000381469727,30.950000762939453,31.649999618530273,62900,0.0,0.0
2018-01-31 00:00:00-05:00,31.649999618530273,31.799999237060547,31.100000381469727,31.600000381469727,36600,0.0,0.0
2018-02-01 00:00:00-05:00,31.549999237060547,31.549999237060547,31.149999618530273,31.5,56400,0.0,0.0
2018-02-02 00:00:00-05:00,31.350000381469727,31.350000381469727,30.850000381469727,30.950000762939453,33700,0.0,0.0
2018-02-05 00:00:00-05:00,30.799999237060547,31.100000381469727,30.700000762939453,30.850000381469727,83100,0.0,0.0
2018-02-06 00:00:00-05:00,30.399999618530273,32.0,30.299999237060547,31.850000381469727,93300,0.0,0.0
2018-02-07 00:00:00-05:00,29.75,31.350000381469727,29.549999237060547,30.049999237060547,270500,0.0,0.0
2018-02-08 00:00:00-05:00,30.0,30.100000381469727,29.549999237060547,29.600000381469727,110700,0.0,0.0
2018-02-09 00:00:00-05:00,29.850000381469727,30.200000762939453,29.100000381469727,29.850000381469727,82900,0.0,0.0
2018-02-12 00:00:00-05:00,29.899999618530273,30.149999618530273,29.399999618530273,30.0,57200,0.0,0.0
2018-02-13 00:00:00-05:00,29.850000381469727,30.43000030517578,29.850000381469727,30.25,51400,0.0,0.0
2018-02-14 00:00:00-05:00,30.049999237060547,30.299999237060547,29.799999237060547,30.149999618530273,55400,0.0,0.0
2018-02-15 00:00:00-05:00,30.299999237060547,30.899999618530273,30.149999618530273,30.549999237060547,38400,0.0,0.0
2018-02-16 00:00:00-05:00,30.600000381469727,31.450000762939453,30.5,31.299999237060547,55400,0.0,0.0
2018-02-20 00:00:00-05:00,31.049999237060547,31.549999237060547,30.549999237060547,31.549999237060547,91600,0.0,0.0
2018-02-21 00:00:00-05:00,31.549999237060547,31.799999237060547,31.25,31.600000381469727,98900,0.0,0.0
2018-02-22 00:00:00-05:00,31.399999618530273,31.399999618530273,30.600000381469727,31.200000762939453,126100,0.0,0.0
2018-02-23 00:00:00-05:00,31.350000381469727,32.29999923706055,30.899999618530273,32.20000076293945,62500,0.0,0.0
2018-02-26 00:00:00-05:00,32.25,33.95000076293945,32.25,33.900001525878906,102000,0.0,0.0
2018-02-27 00:00:00-05:00,33.79999923706055,33.849998474121094,32.5,32.54999923706055,85500,0.0,0.0
2018-02-28 00:00:00-05:00,32.75,32.849998474121094,31.030000686645508,31.200000762939453,114800,0.0,0.0
2018-03-01 00:00:00-05:00,31.25,31.5,30.649999618530273,30.850000381469727,64000,0.0,0.0
2018-03-02 00:00:00-05:00,30.700000762939453,31.049999237060547,30.450000762939453,30.75,72800,0.0,0.0
2018-03-05 00:00:00-05:00,30.649999618530273,31.850000381469727,30.200000762939453,30.25,199200,0.0,0.0
2018-03-06 00:00:00-05:00,30.299999237060547,30.950000762939453,30.049999237060547,30.950000762939453,169000,0.0,0.0
2018-03-07 00:00:00-05:00,30.700000762939453,31.700000762939453,30.399999618530273,31.549999237060547,46900,0.0,0.0
2018-03-08 00:00:00-05:00,31.850000381469727,31.850000381469727,31.350000381469727,31.549999237060547,37000,0.0,0.0
2018-03-09 00:00:00-05:00,31.600000381469727,32.29999923706055,31.350000381469727,32.099998474121094,92400,0.0,0.0
2018-03-12 00:00:00-04:00,32.20000076293945,33.5,32.04999923706055,33.099998474121094,84700,0.0,0.0
2018-03-13 00:00:00-04:00,33.25,33.75,32.45000076293945,33.29999923706055,52500,0.0,0.0
2018-03-14 00:00:00-04:00,33.349998474121094,33.79999923706055,33.099998474121094,33.5,183400,0.0,0.0
2018-03-15 00:00:00-04:00,33.45000076293945,33.599998474121094,32.650001525878906,32.900001525878906,88500,0.0,0.0
2018-03-16 00:00:00-04:00,32.900001525878906,33.79999923706055,32.599998474121094,33.29999923706055,131400,0.0,0.0
2018-03-19 00:00:00-04:00,33.099998474121094,33.45000076293945,32.29999923706055,32.599998474121094,27100,0.0,0.0
2018-03-20 00:00:00-04:00,32.650001525878906,32.75,32.349998474121094,32.45000076293945,46600,0.0,0.0
2018-03-21 00:00:00-04:00,32.45000076293945,32.900001525878906,31.850000381469727,31.899999618530273,28400,0.0,0.0
2018-03-22 00:00:00-04:00,31.700000762939453,32.150001525878906,31.399999618530273,31.5,56400,0.0,0.0
2018-03-23 00:00:00-04:00,31.649999618530273,31.75,30.899999618530273,30.899999618530273,44500,0.0,0.0
2018-03-26 00:00:00-04:00,31.299999237060547,31.700000762939453,30.649999618530273,31.399999618530273,51900,0.0,0.0
2018-03-27 00:00:00-04:00,31.5,31.5,30.850000381469727,31.049999237060547,30000,0.0,0.0
2018-03-28 00:00:00-04:00,31.049999237060547,31.299999237060547,30.299999237060547,30.75,70700,0.0,0.0
2018-03-29 00:00:00-04:00,30.799999237060547,31.549999237060547,30.0,30.200000762939453,178700,0.0,0.0
2018-04-02 00:00:00-04:00,30.200000762939453,30.25,29.280000686645508,29.399999618530273,85300,0.0,0.0
2018-04-03 00:00:00-04:00,29.549999237060547,29.600000381469727,29.149999618530273,29.200000762939453,59800,0.0,0.0
2018-04-04 00:00:00-04:00,28.850000381469727,29.850000381469727,28.850000381469727,29.600000381469727,127500,0.0,0.0
2018-04-05 00:00:00-04:00,29.850000381469727,30.149999618530273,29.399999618530273,30.100000381469727,69900,0.0,0.0
2018-04-06 00:00:00-04:00,29.799999237060547,30.5,29.549999237060547,29.899999618530273,72900,0.0,0.0
2018-04-09 00:00:00-04:00,29.5,30.100000381469727,28.600000381469727,28.649999618530273,155700,0.0,0.0
2018-04-10 00:00:00-04:00,29.0,29.260000228881836,28.5,28.950000762939453,88900,0.0,0.0
2018-04-11 00:00:00-04:00,28.899999618530273,29.200000762939453,28.75,28.75,50200,0.0,0.0
2018-04-12 00:00:00-04:00,29.049999237060547,29.399999618530273,28.899999618530273,28.950000762939453,111900,0.0,0.0
2018-04-13 00:00:00-04:00,29.049999237060547,29.149999618530273,28.549999237060547,28.700000762939453,56100,0.0,0.0
2018-04-16 00:00:00-04:00,28.850000381469727,29.5,28.649999618530273,29.200000762939453,57300,0.0,0.0
2018-04-17 00:00:00-04:00,29.299999237060547,29.350000381469727,29.049999237060547,29.200000762939453,41200,0.0,0.0
2018-04-18 00:00:00-04:00,29.200000762939453,29.299999237060547,29.049999237060547,29.049999237060547,31900,0.0,0.0
2018-04-19 00:00:00-04:00,28.950000762939453,29.049999237060547,28.799999237060547,29.0,28700,0.0,0.0
2018-04-20 00:00:00-04:00,28.75,29.0,28.600000381469727,28.850000381469727,56400,0.0,0.0
2018-04-23 00:00:00-04:00,28.950000762939453,29.079999923706055,28.649999618530273,28.950000762939453,44800,0.0,0.0
2018-04-24 00:00:00-04:00,29.049999237060547,29.100000381469727,28.649999618530273,28.850000381469727,38100,0.0,0.0
2018-04-25 00:00:00-04:00,28.799999237060547,29.049999237060547,28.450000762939453,28.549999237060547,40700,0.0,0.0
2018-04-26 00:00:00-04:00,28.549999237060547,28.899999618530273,28.299999237060547,28.75,51000,0.0,0.0
2018-04-27 00:00:00-04:00,28.75,28.799999237060547,28.200000762939453,28.600000381469727,21500,0.0,0.0
2018-04-30 00:00:00-04:00,28.600000381469727,28.600000381469727,28.299999237060547,28.350000381469727,47100,0.0,0.0
2018-05-01 00:00:00-04:00,28.350000381469727,28.350000381469727,27.600000381469727,28.100000381469727,37900,0.0,0.0
2018-05-02 00:00:00-04:00,28.0,28.100000381469727,27.399999618530273,27.5,107300,0.0,0.0
2018-05-03 00:00:00-04:00,27.399999618530273,27.700000762939453,27.100000381469727,27.350000381469727,41200,0.0,0.0
2018-05-04 00:00:00-04:00,27.299999237060547,28.0,27.149999618530273,27.75,27100,0.0,0.0
2018-05-07 00:00:00-04:00,27.799999237060547,28.100000381469727,27.600000381469727,27.850000381469727,44000,0.0,0.0
2018-05-08 00:00:00-04:00,27.850000381469727,28.079999923706055,27.549999237060547,27.600000381469727,54700,0.0,0.0
2018-05-09 00:00:00-04:00,25.75,25.799999237060547,24.549999237060547,24.649999618530273,187500,0.0,0.0
2018-05-10 00:00:00-04:00,24.600000381469727,24.75,24.549999237060547,24.600000381469727,95200,0.0,0.0
2018-05-11 00:00:00-04:00,24.5,24.829999923706055,24.399999618530273,24.5,145200,0.0,0.0
2018-05-14 00:00:00-04:00,24.549999237060547,24.649999618530273,23.75,23.950000762939453,99100,0.0,0.0
2018-05-15 00:00:00-04:00,23.899999618530273,24.299999237060547,23.600000381469727,24.049999237060547,65300,0.0,0.0
2018-05-16 00:00:00-04:00,24.149999618530273,26.200000762939453,24.149999618530273,25.950000762939453,1499400,0.0,0.0
2018-05-17 00:00:00-04:00,25.899999618530273,27.299999237060547,25.899999618530273,26.799999237060547,130300,0.0,0.0
2018-05-18 00:00:00-04:00,26.75,27.25,26.649999618530273,26.799999237060547,74900,0.0,0.0
2018-05-21 00:00:00-04:00,26.649999618530273,27.549999237060547,26.649999618530273,27.450000762939453,51600,0.0,0.0
2018-05-22 00:00:00-04:00,27.5,27.700000762939453,27.399999618530273,27.450000762939453,42200,0.0,0.0
2018-05-23 00:00:00-04:00,27.399999618530273,28.299999237060547,27.399999618530273,28.149999618530273,46400,0.0,0.0
2018-05-24 00:00:00-04:00,28.049999237060547,28.600000381469727,27.950000762939453,28.350000381469727,31500,0.0,0.0
2018-05-25 00:00:00-04:00,28.299999237060547,28.799999237060547,28.149999618530273,28.549999237060547,35800,0.0,0.0
2018-05-29 00:00:00-04:00,28.450000762939453,29.399999618530273,28.450000762939453,29.350000381469727,47700,0.0,0.0
2018-05-30 00:00:00-04:00,29.299999237060547,29.850000381469727,29.200000762939453,29.649999618530273,87800,0.0,0.0
2018-05-31 00:00:00-04:00,29.549999237060547,29.75,28.850000381469727,29.200000762939453,70500,0.0,0.0
2018-06-01 00:00:00-04:00,29.25,30.25,29.25,30.0,71000,0.0,0.0
2018-06-04 00:00:00-04:00,29.950000762939453,30.450000762939453,29.950000762939453,30.350000381469727,76200,0.0,0.0
2018-06-05 00:00:00-04:00,30.399999618530273,30.850000381469727,30.149999618530273,30.700000762939453,86300,0.0,0.0
2018-06-06 00:00:00-04:00,30.75,30.950000762939453,30.450000762939453,30.600000381469727,60600,0.0,0.0
2018-06-07 00:00:00-04:00,30.649999618530273,30.649999618530273,29.649999618530273,29.899999618530273,37000,0.0,0.0
2018-06-08 00:00:00-04:00,29.850000381469727,30.25,29.5,29.600000381469727,45500,0.0,0.0
2018-06-11 00:00:00-04:00,29.600000381469727,29.899999618530273,29.399999618530273,29.600000381469727,83900,0.0,0.0
2018-06-12 00:00:00-04:00,29.700000762939453,30.850000381469727,29.700000762939453,30.75,54900,0.0,0.0
2018-06-13 00:00:00-04:00,30.899999618530273,31.100000381469727,30.399999618530273,30.549999237060547,47500,0.0,0.0
2018-06-14 00:00:00-04:00,30.5,30.649999618530273,30.25,30.350000381469727,39900,0.0,0.0
2018-06-15 00:00:00-04:00,30.25,30.649999618530273,29.6299991607666,30.450000762939453,58100,0.0,0.0
2018-06-18 00:00:00-04:00,30.350000381469727,30.700000762939453,29.860000610351562,30.299999237060547,35300,0.0,0.0
2018-06-19 00:00:00-04:00,30.25,30.649999618530273,30.200000762939453,30.399999618530273,48600,0.0,0.0
2018-06-20 00:00:00-04:00,30.450000762939453,30.549999237060547,30.299999237060547,30.450000762939453,36100,0.0,0.0
2018-06-21 00:00:00-04:00,30.299999237060547,30.700000762939453,30.149999618530273,30.200000762939453,50800,0.0,0.0
2018-06-22 00:00:00-04:00,30.149999618530273,30.649999618530273,30.149999618530273,30.350000381469727,179100,0.0,0.0
2018-06-25 00:00:00-04:00,30.299999237060547,30.950000762939453,30.200000762939453,30.479999542236328,46500,0.0,0.0
2018-06-26 00:00:00-04:00,30.5,31.25,30.299999237060547,30.950000762939453,58700,0.0,0.0
2018-06-27 00:00:00-04:00,31.0,31.049999237060547,30.549999237060547,30.549999237060547,36700,0.0,0.0
2018-06-28 00:00:00-04:00,30.549999237060547,31.0,30.450000762939453,30.950000762939453,46300,0.0,0.0
2018-06-29 00:00:00-04:00,31.0,31.049999237060547,30.5,30.549999237060547,24600,0.0,0.0
2018-07-02 00:00:00-04:00,30.5,30.899999618530273,30.299999237060547,30.850000381469727,23200,0.0,0.0
2018-07-03 00:00:00-04:00,30.950000762939453,31.350000381469727,30.950000762939453,31.100000381469727,26600,0.0,0.0
2018-07-05 00:00:00-04:00,31.149999618530273,31.5,30.889999389648438,31.0,51000,0.0,0.0
2018-07-06 00:00:00-04:00,31.049999237060547,31.200000762939453,30.700000762939453,30.799999237060547,33700,0.0,0.0
2018-07-09 00:00:00-04:00,30.850000381469727,30.899999618530273,30.5,30.549999237060547,15900,0.0,0.0
2018-07-10 00:00:00-04:00,30.350000381469727,30.399999618530273,30.149999618530273,30.25,30700,0.0,0.0
2018-07-11 00:00:00-04:00,30.149999618530273,30.399999618530273,30.0,30.25,31300,0.0,0.0
2018-07-12 00:00:00-04:00,30.200000762939453,30.299999237060547,29.75,29.850000381469727,16200,0.0,0.0
2018-07-13 00:00:00-04:00,29.899999618530273,30.100000381469727,29.450000762939453,29.549999237060547,38500,0.0,0.0
2018-07-16 00:00:00-04:00,29.5,29.549999237060547,28.950000762939453,29.0,27100,0.0,0.0
2018-07-17 00:00:00-04:00,28.950000762939453,29.399999618530273,28.799999237060547,28.950000762939453,26500,0.0,0.0
2018-07-18 00:00:00-04:00,28.850000381469727,28.950000762939453,27.850000381469727,27.950000762939453,43500,0.0,0.0
2018-07-19 00:00:00-04:00,28.0,28.200000762939453,27.850000381469727,28.0,34400,0.0,0.0
2018-07-20 00:00:00-04:00,27.899999618530273,28.100000381469727,27.850000381469727,27.950000762939453,22200,0.0,0.0
2018-07-23 00:00:00-04:00,27.899999618530273,28.0,27.5,27.75,28100,0.0,0.0
2018-07-24 00:00:00-04:00,27.799999237060547,27.799999237060547,26.75,27.299999237060547,40200,0.0,0.0
2018-07-25 00:00:00-04:00,27.350000381469727,29.0,27.0,28.899999618530273,137900,0.0,0.0
2018-07-26 00:00:00-04:00,28.950000762939453,29.5,28.450000762939453,28.549999237060547,40800,0.0,0.0
2018-07-27 00:00:00-04:00,28.600000381469727,28.600000381469727,27.850000381469727,28.149999618530273,38000,0.0,0.0
2018-07-30 00:00:00-04:00,28.100000381469727,28.5,28.0,28.200000762939453,24100,0.0,0.0
2018-07-31 00:00:00-04:00,28.299999237060547,28.899999618530273,28.149999618530273,28.850000381469727,34900,0.0,0.0
2018-08-01 00:00:00-04:00,28.700000762939453,28.979999542236328,28.5,28.700000762939453,40700,0.0,0.0
2018-08-02 00:00:00-04:00,28.299999237060547,28.799999237060547,28.25,28.649999618530273,31400,0.0,0.0
2018-08-03 00:00:00-04:00,28.850000381469727,29.399999618530273,28.579999923706055,28.950000762939453,25900,0.0,0.0
2018-08-06 00:00:00-04:00,29.200000762939453,29.229999542236328,28.75,28.799999237060547,12600,0.0,0.0
2018-08-07 00:00:00-04:00,28.899999618530273,28.899999618530273,28.549999237060547,28.700000762939453,12200,0.0,0.0
2018-08-08 00:00:00-04:00,28.75,28.950000762939453,28.399999618530273,28.850000381469727,13900,0.0,0.0
2018-08-09 00:00:00-04:00,29.149999618530273,29.149999618530273,28.5,28.649999618530273,20000,0.0,0.0
2018-08-10 00:00:00-04:00,28.5,28.899999618530273,28.149999618530273,28.25,39800,0.0,0.0
2018-08-13 00:00:00-04:00,28.299999237060547,28.899999618530273,28.100000381469727,28.700000762939453,18600,0.0,0.0
2018-08-14 00:00:00-04:00,28.75,30.0,28.75,29.799999237060547,88800,0.0,0.0
2018-08-15 00:00:00-04:00,29.700000762939453,29.850000381469727,28.75,29.049999237060547,61700,0.0,0.0
2018-08-16 00:00:00-04:00,29.100000381469727,29.329999923706055,28.850000381469727,29.0,21900,0.0,0.0
2018-08-17 00:00:00-04:00,28.899999618530273,28.950000762939453,28.5,28.549999237060547,45100,0.0,0.0
2018-08-20 00:00:00-04:00,28.700000762939453,29.549999237060547,28.5,29.299999237060547,47200,0.0,0.0
2018-08-21 00:00:00-04:00,29.299999237060547,29.950000762939453,29.299999237060547,29.75,20600,0.0,0.0
2018-08-22 00:00:00-04:00,29.75,29.799999237060547,29.549999237060547,29.75,70300,0.0,0.0
2018-08-23 00:00:00-04:00,29.649999618530273,30.049999237060547,29.6299991607666,29.899999618530273,12700,0.0,0.0
2018-08-24 00:00:00-04:00,29.899999618530273,30.149999618530273,29.600000381469727,29.75,13300,0.0,0.0
2018-08-27 00:00:00-04:00,29.850000381469727,30.200000762939453,29.649999618530273,29.799999237060547,20600,0.0,0.0
2018-08-28 00:00:00-04:00,29.850000381469727,29.850000381469727,28.799999237060547,28.899999618530273,15100,0.0,0.0
2018-08-29 00:00:00-04:00,28.649999618530273,29.149999618530273,28.649999618530273,28.950000762939453,11300,0.0,0.0
2018-08-30 00:00:00-04:00,28.799999237060547,29.149999618530273,28.75,28.950000762939453,9400,0.0,0.0
2018-08-31 00:00:00-04:00,28.850000381469727,29.299999237060547,28.850000381469727,29.0,28000,0.0,0.0
2018-09-04 00:00:00-04:00,29.0,29.049999237060547,28.25,28.350000381469727,12700,0.0,0.0
2018-09-05 00:00:00-04:00,28.350000381469727,28.600000381469727,28.149999618530273,28.25,21700,0.0,0.0
2018-09-06 00:00:00-04:00,28.25,28.350000381469727,28.0,28.100000381469727,31700,0.0,0.0
2018-09-07 00:00:00-04:00,28.0,28.350000381469727,27.899999618530273,28.200000762939453,46600,0.0,0.0
2018-09-10 00:00:00-04:00,28.350000381469727,28.399999618530273,27.950000762939453,28.049999237060547,67500,0.0,0.0
2018-09-11 00:00:00-04:00,28.049999237060547,28.899999618530273,27.850000381469727,28.399999618530273,113400,0.0,0.0
2018-09-12 00:00:00-04:00,27.5,29.5,26.649999618530273,27.899999618530273,149200,0.0,0.0
2018-09-13 00:00:00-04:00,27.899999618530273,27.950000762939453,27.299999237060547,27.600000381469727,69700,0.0,0.0
2018-09-14 00:00:00-04:00,27.649999618530273,27.649999618530273,26.850000381469727,27.299999237060547,66600,0.0,0.0
2018-09-17 00:00:00-04:00,27.25,27.649999618530273,27.0,27.200000762939453,29200,0.0,0.0
2018-09-18 00:00:00-04:00,27.25,27.700000762939453,26.25,27.5,50000,0.0,0.0
2018-09-19 00:00:00-04:00,27.549999237060547,27.850000381469727,27.049999237060547,27.299999237060547,22700,0.0,0.0
2018-09-20 00:00:00-04:00,27.299999237060547,28.149999618530273,27.299999237060547,27.950000762939453,38700,0.0,0.0
2018-09-21 00:00:00-04:00,27.899999618530273,28.049999237060547,27.0,27.25,71200,0.0,0.0
2018-09-24 00:00:00-04:00,27.149999618530273,27.18000030517578,26.299999237060547,26.75,55800,0.0,0.0
2018-09-25 00:00:00-04:00,26.700000762939453,27.100000381469727,26.700000762939453,27.049999237060547,25100,0.0,0.0
2018-09-26 00:00:00-04:00,27.0,27.18000030517578,26.75,26.75,40700,0.0,0.0
2018-09-27 00:00:00-04:00,26.649999618530273,27.06999969482422,26.100000381469727,26.25,59300,0.0,0.0
2018-09-28 00:00:00-04:00,26.049999237060547,26.68000030517578,25.799999237060547,26.399999618530273,45100,0.0,0.0
2018-10-01 00:00:00-04:00,26.549999237060547,26.549999237060547,25.149999618530273,25.239999771118164,42300,0.0,0.0
2018-10-02 00:00:00-04:00,25.170000076293945,25.520000457763672,25.0,25.059999465942383,41300,0.0,0.0
2018-10-03 00:00:00-04:00,25.049999237060547,25.190000534057617,24.760000228881836,24.920000076293945,39800,0.0,0.0
2018-10-04 00:00:00-04:00,24.799999237060547,24.979999542236328,24.75,24.809999465942383,35400,0.0,0.0
2018-10-05 00:00:00-04:00,24.809999465942383,24.989999771118164,24.459999084472656,24.6299991607666,62800,0.0,0.0
2018-10-08 00:00:00-04:00,24.6200008392334,24.8799991607666,24.299999237060547,24.459999084472656,59900,0.0,0.0
2018-10-09 00:00:00-04:00,24.309999465942383,24.969999313354492,24.299999237060547,24.309999465942383,53600,0.0,0.0
2018-10-10 00:00:00-04:00,24.270000457763672,24.760000228881836,24.200000762939453,24.489999771118164,106200,0.0,0.0
2018-10-11 00:00:00-04:00,24.479999542236328,24.479999542236328,24.149999618530273,24.209999084472656,63500,0.0,0.0
2018-10-12 00:00:00-04:00,24.350000381469727,24.43000030517578,24.06999969482422,24.389999389648438,61800,0.0,0.0
2018-10-15 00:00:00-04:00,24.3799991607666,24.639999389648438,24.239999771118164,24.34000015258789,37400,0.0,0.0
2018-10-16 00:00:00-04:00,24.399999618530273,24.75,24.1200008392334,24.700000762939453,80400,0.0,0.0
2018-10-17 00:00:00-04:00,24.5,24.940000534057617,24.399999618530273,24.8700008392334,57100,0.0,0.0
2018-10-18 00:00:00-04:00,24.850000381469727,24.889999389648438,24.469999313354492,24.700000762939453,28500,0.0,0.0
2018-10-19 00:00:00-04:00,24.68000030517578,24.84000015258789,24.5,24.530000686645508,37300,0.0,0.0
2018-10-22 00:00:00-04:00,24.6200008392334,24.920000076293945,24.43000030517578,24.600000381469727,22200,0.0,0.0
2018-10-23 00:00:00-04:00,24.399999618530273,25.149999618530273,24.329999923706055,25.0,40600,0.0,0.0
2018-10-24 00:00:00-04:00,25.040000915527344,25.809999465942383,25.040000915527344,25.530000686645508,50500,0.0,0.0
2018-10-25 00:00:00-04:00,25.530000686645508,25.68000030517578,24.479999542236328,24.809999465942383,35700,0.0,0.0
2018-10-26 00:00:00-04:00,24.690000534057617,24.90999984741211,24.3700008392334,24.43000030517578,30900,0.0,0.0
2018-10-29 00:00:00-04:00,24.559999465942383,24.860000610351562,24.399999618530273,24.579999923706055,31300,0.0,0.0
2018-10-30 00:00:00-04:00,24.579999923706055,24.790000915527344,24.399999618530273,24.479999542236328,40700,0.0,0.0
2018-10-31 00:00:00-04:00,24.520000457763672,24.520000457763672,24.06999969482422,24.110000610351562,48900,0.0,0.0
2018-11-01 00:00:00-04:00,24.110000610351562,24.280000686645508,23.950000762939453,24.0,55000,0.0,0.0
2018-11-02 00:00:00-04:00,23.989999771118164,24.049999237060547,23.469999313354492,23.59000015258789,53000,0.0,0.0
2018-11-05 00:00:00-05:00,23.65999984741211,24.049999237060547,23.09000015258789,23.479999542236328,67700,0.0,0.0
2018-11-06 00:00:00-05:00,23.3700008392334,24.190000534057617,23.020000457763672,23.850000381469727,234700,0.0,0.0
2018-11-07 00:00:00-05:00,23.75,23.979999542236328,23.200000762939453,23.790000915527344,41300,0.0,0.0
2018-11-08 00:00:00-05:00,24.68000030517578,25.8799991607666,24.530000686645508,24.81999969482422,363200,0.0,0.0
2018-11-09 00:00:00-05:00,24.850000381469727,25.68000030517578,24.850000381469727,24.969999313354492,100500,0.0,0.0
2018-11-12 00:00:00-05:00,24.979999542236328,25.399999618530273,24.489999771118164,25.040000915527344,239700,0.0,0.0
2018-11-13 00:00:00-05:00,25.030000686645508,25.440000534057617,24.389999389648438,24.469999313354492,58300,0.0,0.0
2018-11-14 00:00:00-05:00,24.459999084472656,24.709999084472656,24.1299991607666,24.170000076293945,60400,0.0,0.0
2018-11-15 00:00:00-05:00,24.18000030517578,24.940000534057617,24.0,24.239999771118164,149200,0.0,0.0
2018-11-16 00:00:00-05:00,24.190000534057617,24.260000228881836,23.84000015258789,23.940000534057617,213100,0.0,0.0
2018-11-19 00:00:00-05:00,23.93000030517578,24.09000015258789,23.559999465942383,23.969999313354492,81700,0.0,0.0
2018-11-20 00:00:00-05:00,23.959999084472656,24.56999969482422,23.959999084472656,24.170000076293945,99300,0.0,0.0
2018-11-21 00:00:00-05:00,24.18000030517578,24.450000762939453,23.84000015258789,24.040000915527344,29500,0.0,0.0
2018-11-23 00:00:00-05:00,24.030000686645508,24.260000228881836,23.940000534057617,24.260000228881836,32100,0.0,0.0
2018-11-26 00:00:00-05:00,24.270000457763672,24.6299991607666,24.270000457763672,24.530000686645508,67700,0.0,0.0
2018-11-27 00:00:00-05:00,24.530000686645508,24.8700008392334,24.25,24.299999237060547,27700,0.0,0.0
2018-11-28 00:00:00-05:00,24.200000762939453,24.649999618530273,24.1200008392334,24.520000457763672,84800,0.0,0.0
2018-11-29 00:00:00-05:00,24.5,24.649999618530273,24.290000915527344,24.510000228881836,71400,0.0,0.0
2018-11-30 00:00:00-05:00,24.5,24.59000015258789,24.170000076293945,24.350000381469727,55000,0.0,0.0
2018-12-03 00:00:00-05:00,24.450000762939453,24.639999389648438,24.100000381469727,24.540000915527344,74500,0.0,0.0
2018-12-04 00:00:00-05:00,24.530000686645508,24.719999313354492,24.170000076293945,24.40999984741211,141200,0.0,0.0
2018-12-06 00:00:00-05:00,24.31999969482422,25.389999389648438,24.079999923706055,24.780000686645508,140800,0.0,0.0
2018-12-07 00:00:00-05:00,24.56999969482422,24.860000610351562,23.829999923706055,23.979999542236328,49000,0.0,0.0
2018-12-10 00:00:00-05:00,24.049999237060547,24.049999237060547,23.40999984741211,23.6200008392334,58400,0.0,0.0
2018-12-11 00:00:00-05:00,23.729999542236328,23.8799991607666,23.309999465942383,23.59000015258789,28800,0.0,0.0
2018-12-12 00:00:00-05:00,23.719999313354492,23.979999542236328,23.639999389648438,23.690000534057617,23900,0.0,0.0
2018-12-13 00:00:00-05:00,23.700000762939453,24.989999771118164,23.18000030517578,23.950000762939453,59900,0.0,0.0
2018-12-14 00:00:00-05:00,23.65999984741211,23.81999969482422,23.15999984741211,23.549999237060547,41300,0.0,0.0
2018-12-17 00:00:00-05:00,23.5,23.5,22.540000915527344,22.770000457763672,48900,0.0,0.0
2018-12-18 00:00:00-05:00,22.780000686645508,23.770000457763672,22.280000686645508,23.280000686645508,62000,0.0,0.0
2018-12-19 00:00:00-05:00,23.280000686645508,23.520000457763672,22.829999923706055,23.43000030517578,90000,0.0,0.0
2018-12-20 00:00:00-05:00,23.420000076293945,25.510000228881836,22.940000534057617,23.059999465942383,54700,0.0,0.0
2018-12-21 00:00:00-05:00,23.030000686645508,24.290000915527344,23.0,23.170000076293945,87400,0.0,0.0
2018-12-24 00:00:00-05:00,23.049999237060547,23.200000762939453,22.020000457763672,22.6299991607666,67700,0.0,0.0
2018-12-26 00:00:00-05:00,22.75,23.809999465942383,22.510000228881836,23.3799991607666,56600,0.0,0.0
2018-12-27 00:00:00-05:00,23.209999084472656,23.450000762939453,22.600000381469727,23.450000762939453,66900,0.0,0.0
2018-12-28 00:00:00-05:00,23.469999313354492,24.0,23.059999465942383,23.100000381469727,47500,0.0,0.0
2018-12-31 00:00:00-05:00,23.100000381469727,23.65999984741211,22.81999969482422,23.329999923706055,90100,0.0,0.0
2019-01-02 00:00:00-05:00,23.329999923706055,25.479999542236328,23.100000381469727,23.850000381469727,78800,0.0,0.0
2019-01-03 00:00:00-05:00,23.84000015258789,23.940000534057617,23.299999237060547,23.489999771118164,33500,0.0,0.0
2019-01-04 00:00:00-05:00,23.81999969482422,24.09000015258789,23.3799991607666,24.040000915527344,34000,0.0,0.0
2019-01-07 00:00:00-05:00,24.030000686645508,24.450000762939453,23.850000381469727,24.270000457763672,34000,0.0,0.0
2019-01-08 00:00:00-05:00,24.299999237060547,24.979999542236328,24.299999237060547,24.860000610351562,25500,0.0,0.0
2019-01-09 00:00:00-05:00,24.850000381469727,24.950000762939453,24.290000915527344,24.809999465942383,29900,0.0,0.0
2019-01-10 00:00:00-05:00,24.799999237060547,24.8799991607666,24.520000457763672,24.84000015258789,24000,0.0,0.0
2019-01-11 00:00:00-05:00,24.829999923706055,24.950000762939453,24.530000686645508,24.700000762939453,29800,0.0,0.0
2019-01-14 00:00:00-05:00,24.59000015258789,24.780000686645508,24.0,24.09000015258789,31200,0.0,0.0
2019-01-15 00:00:00-05:00,24.079999923706055,24.399999618530273,24.040000915527344,24.260000228881836,22800,0.0,0.0
2019-01-16 00:00:00-05:00,24.229999542236328,24.440000534057617,24.1200008392334,24.239999771118164,37400,0.0,0.0
2019-01-17 00:00:00-05:00,24.229999542236328,24.489999771118164,23.979999542236328,24.479999542236328,64600,0.0,0.0
2019-01-18 00:00:00-05:00,24.479999542236328,24.530000686645508,24.200000762939453,24.459999084472656,38800,0.0,0.0
2019-01-22 00:00:00-05:00,24.25,24.700000762939453,24.229999542236328,24.290000915527344,49400,0.0,0.0
2019-01-23 00:00:00-05:00,24.360000610351562,24.68000030517578,24.200000762939453,24.510000228881836,22500,0.0,0.0
2019-01-24 00:00:00-05:00,24.389999389648438,24.90999984741211,24.389999389648438,24.6200008392334,63200,0.0,0.0
2019-01-25 00:00:00-05:00,24.68000030517578,24.8700008392334,24.469999313354492,24.75,76100,0.0,0.0
2019-01-28 00:00:00-05:00,24.610000610351562,24.90999984741211,24.440000534057617,24.56999969482422,16900,0.0,0.0
2019-01-29 00:00:00-05:00,24.559999465942383,24.729999542236328,24.31999969482422,24.559999465942383,22700,0.0,0.0
2019-01-30 00:00:00-05:00,24.600000381469727,24.780000686645508,24.399999618530273,24.549999237060547,37700,0.0,0.0
2019-01-31 00:00:00-05:00,24.440000534057617,24.639999389648438,24.399999618530273,24.600000381469727,27000,0.0,0.0
2019-02-01 00:00:00-05:00,24.5,24.670000076293945,24.420000076293945,24.579999923706055,50900,0.0,0.0
2019-02-04 00:00:00-05:00,24.59000015258789,24.829999923706055,24.399999618530273,24.610000610351562,51900,0.0,0.0
2019-02-05 00:00:00-05:00,24.59000015258789,24.780000686645508,24.43000030517578,24.540000915527344,21600,0.0,0.0
2019-02-06 00:00:00-05:00,24.5,24.649999618530273,24.139999389648438,24.18000030517578,22800,0.0,0.0
2019-02-07 00:00:00-05:00,24.1200008392334,24.190000534057617,23.829999923706055,23.940000534057617,25600,0.0,0.0
2019-02-08 00:00:00-05:00,23.920000076293945,24.700000762939453,23.549999237060547,24.639999389648438,82300,0.0,0.0
2019-02-11 00:00:00-05:00,24.709999084472656,26.25,24.25,25.729999542236328,127100,0.0,0.0
2019-02-12 00:00:00-05:00,24.43000030517578,24.93000030517578,22.940000534057617,24.020000457763672,169800,0.0,0.0
2019-02-13 00:00:00-05:00,24.030000686645508,24.40999984741211,23.920000076293945,24.309999465942383,44300,0.0,0.0
2019-02-14 00:00:00-05:00,24.299999237060547,24.440000534057617,24.110000610351562,24.270000457763672,57300,0.0,0.0
2019-02-15 00:00:00-05:00,24.34000015258789,24.600000381469727,24.1299991607666,24.329999923706055,49100,0.0,0.0
2019-02-19 00:00:00-05:00,24.190000534057617,24.350000381469727,23.790000915527344,23.920000076293945,71300,0.0,0.0
2019-02-20 00:00:00-05:00,23.799999237060547,24.09000015258789,23.760000228881836,23.860000610351562,58500,0.0,0.0
2019-02-21 00:00:00-05:00,23.8700008392334,24.059999465942383,23.799999237060547,24.0,29200,0.0,0.0
2019-02-22 00:00:00-05:00,23.90999984741211,24.049999237060547,23.760000228881836,24.010000228881836,28300,0.0,0.0
2019-02-25 00:00:00-05:00,23.989999771118164,24.030000686645508,23.850000381469727,23.950000762939453,33400,0.0,0.0
2019-02-26 00:00:00-05:00,24.030000686645508,24.030000686645508,23.610000610351562,23.75,37300,0.0,0.0
2019-02-27 00:00:00-05:00,23.739999771118164,24.020000457763672,23.6299991607666,24.0,43200,0.0,0.0
2019-02-28 00:00:00-05:00,24.010000228881836,24.100000381469727,23.850000381469727,23.850000381469727,83500,0.0,0.0
2019-03-01 00:00:00-05:00,24.030000686645508,24.030000686645508,23.75,23.989999771118164,36600,0.0,0.0
2019-03-04 00:00:00-05:00,24.0,24.059999465942383,23.770000457763672,23.790000915527344,48000,0.0,0.0
2019-03-05 00:00:00-05:00,23.760000228881836,23.950000762939453,23.690000534057617,23.809999465942383,26600,0.0,0.0
2019-03-06 00:00:00-05:00,23.81999969482422,23.860000610351562,23.670000076293945,23.75,49300,0.0,0.0
2019-03-07 00:00:00-05:00,23.739999771118164,23.899999618530273,23.65999984741211,23.670000076293945,46600,0.0,0.0
2019-03-08 00:00:00-05:00,23.649999618530273,23.75,23.43000030517578,23.670000076293945,49900,0.0,0.0
2019-03-11 00:00:00-04:00,23.68000030517578,24.010000228881836,23.68000030517578,23.959999084472656,38400,0.0,0.0
2019-03-12 00:00:00-04:00,23.979999542236328,24.040000915527344,23.75,23.790000915527344,26500,0.0,0.0
2019-03-13 00:00:00-04:00,23.790000915527344,24.06999969482422,23.790000915527344,23.969999313354492,46500,0.0,0.0
2019-03-14 00:00:00-04:00,23.959999084472656,24.020000457763672,23.709999084472656,23.75,116800,0.0,0.0
2019-03-15 00:00:00-04:00,23.75,23.920000076293945,23.600000381469727,23.709999084472656,118900,0.0,0.0
2019-03-18 00:00:00-04:00,23.75,23.799999237060547,23.469999313354492,23.540000915527344,198600,0.0,0.0
2019-03-19 00:00:00-04:00,23.520000457763672,23.520000457763672,22.790000915527344,22.8700008392334,41400,0.0,0.0
2019-03-20 00:00:00-04:00,22.8700008392334,23.09000015258789,22.420000076293945,22.489999771118164,142200,0.0,0.0
2019-03-21 00:00:00-04:00,22.510000228881836,22.84000015258789,22.049999237060547,22.059999465942383,40800,0.0,0.0
2019-03-22 00:00:00-04:00,22.010000228881836,22.079999923706055,20.309999465942383,20.5,149100,0.0,0.0
2019-03-25 00:00:00-04:00,20.5,20.790000915527344,20.299999237060547,20.309999465942383,121700,0.0,0.0
2019-03-26 00:00:00-04:00,20.510000228881836,20.56999969482422,20.299999237060547,20.3799991607666,54400,0.0,0.0
2019-03-27 00:00:00-04:00,20.40999984741211,20.459999084472656,20.040000915527344,20.149999618530273,31800,0.0,0.0
2019-03-28 00:00:00-04:00,20.15999984741211,20.270000457763672,19.950000762939453,20.020000457763672,45700,0.0,0.0
2019-03-29 00:00:00-04:00,19.969999313354492,20.100000381469727,19.690000534057617,20.010000228881836,83800,0.0,0.0
2019-04-01 00:00:00-04:00,20.280000686645508,20.290000915527344,19.520000457763672,19.739999771118164,54700,0.0,0.0
2019-04-02 00:00:00-04:00,19.799999237060547,19.979999542236328,19.549999237060547,19.850000381469727,54000,0.0,0.0
2019-04-03 00:00:00-04:00,19.829999923706055,20.3700008392334,19.520000457763672,19.68000030517578,150500,0.0,0.0
2019-04-04 00:00:00-04:00,19.670000076293945,19.8799991607666,19.479999542236328,19.829999923706055,24800,0.0,0.0
2019-04-05 00:00:00-04:00,20.0,20.200000762939453,19.65999984741211,19.899999618530273,61900,0.0,0.0
2019-04-08 00:00:00-04:00,20.5,21.68000030517578,20.209999084472656,21.639999389648438,154900,0.0,0.0
2019-04-09 00:00:00-04:00,21.59000015258789,21.8799991607666,21.290000915527344,21.5,87800,0.0,0.0
2019-04-10 00:00:00-04:00,21.5,21.950000762939453,21.5,21.81999969482422,61300,0.0,0.0
2019-04-11 00:00:00-04:00,21.959999084472656,21.959999084472656,21.030000686645508,21.25,49700,0.0,0.0
2019-04-12 00:00:00-04:00,21.219999313354492,21.219999313354492,19.170000076293945,20.100000381469727,534400,0.0,0.0
2019-04-15 00:00:00-04:00,20.1299991607666,20.200000762939453,19.59000015258789,19.84000015258789,225100,0.0,0.0
2019-04-16 00:00:00-04:00,19.920000076293945,20.389999389648438,19.760000228881836,20.200000762939453,76800,0.0,0.0
2019-04-17 00:00:00-04:00,20.440000534057617,20.81999969482422,20.299999237060547,20.639999389648438,247100,0.0,0.0
2019-04-18 00:00:00-04:00,20.600000381469727,20.75,20.350000381469727,20.5,136400,0.0,0.0
2019-04-22 00:00:00-04:00,20.420000076293945,20.530000686645508,19.850000381469727,20.239999771118164,107500,0.0,0.0
2019-04-23 00:00:00-04:00,20.200000762939453,20.450000762939453,20.059999465942383,20.3700008392334,254100,0.0,0.0
2019-04-24 00:00:00-04:00,20.200000762939453,20.8799991607666,20.190000534057617,20.229999542236328,86100,0.0,0.0
2019-04-25 00:00:00-04:00,20.040000915527344,20.399999618530273,20.040000915527344,20.200000762939453,48500,0.0,0.0
2019-04-26 00:00:00-04:00,20.200000762939453,20.280000686645508,20.06999969482422,20.25,37600,0.0,0.0
2019-04-29 00:00:00-04:00,20.15999984741211,20.81999969482422,20.100000381469727,20.549999237060547,126500,0.0,0.0
2019-04-30 00:00:00-04:00,20.479999542236328,20.510000228881836,20.059999465942383,20.15999984741211,61700,0.0,0.0
2019-05-01 00:00:00-04:00,20.100000381469727,20.25,19.670000076293945,19.950000762939453,69800,0.0,0.0
2019-05-02 00:00:00-04:00,19.8700008392334,20.0,19.700000762939453,19.829999923706055,53100,0.0,0.0
2019-05-03 00:00:00-04:00,19.84000015258789,20.200000762939453,19.84000015258789,20.100000381469727,68800,0.0,0.0
2019-05-06 00:00:00-04:00,19.719999313354492,20.559999465942383,19.280000686645508,20.280000686645508,189600,0.0,0.0
2019-05-07 00:00:00-04:00,20.09000015258789,20.389999389648438,19.809999465942383,19.889999389648438,178000,0.0,0.0
2019-05-08 00:00:00-04:00,18.270000457763672,18.469999313354492,16.920000076293945,17.360000610351562,966300,0.0,0.0
2019-05-09 00:00:00-04:00,17.1200008392334,17.81999969482422,17.020000457763672,17.780000686645508,315300,0.0,0.0
2019-05-10 00:00:00-04:00,17.770000457763672,18.850000381469727,17.770000457763672,18.780000686645508,140500,0.0,0.0
2019-05-13 00:00:00-04:00,18.68000030517578,18.809999465942383,18.059999465942383,18.68000030517578,160100,0.0,0.0
2019-05-14 00:00:00-04:00,18.670000076293945,19.110000610351562,18.670000076293945,19.040000915527344,100200,0.0,0.0
2019-05-15 00:00:00-04:00,18.899999618530273,18.899999618530273,18.34000015258789,18.579999923706055,181100,0.0,0.0
2019-05-16 00:00:00-04:00,18.540000915527344,18.979999542236328,18.360000610351562,18.860000610351562,119300,0.0,0.0
2019-05-17 00:00:00-04:00,18.760000228881836,19.100000381469727,18.540000915527344,18.549999237060547,138500,0.0,0.0
2019-05-20 00:00:00-04:00,18.549999237060547,18.8799991607666,18.3700008392334,18.770000457763672,61800,0.0,0.0
2019-05-21 00:00:00-04:00,18.780000686645508,19.350000381469727,18.739999771118164,19.219999313354492,157300,0.0,0.0
2019-05-22 00:00:00-04:00,19.139999389648438,19.219999313354492,18.920000076293945,19.049999237060547,150000,0.0,0.0
2019-05-23 00:00:00-04:00,18.940000534057617,19.510000228881836,18.940000534057617,19.40999984741211,85000,0.0,0.0
2019-05-24 00:00:00-04:00,19.3700008392334,21.670000076293945,19.09000015258789,19.68000030517578,425200,0.0,0.0
2019-05-28 00:00:00-04:00,19.6299991607666,19.93000030517578,18.31999969482422,18.450000762939453,153000,0.0,0.0
2019-05-29 00:00:00-04:00,18.469999313354492,19.059999465942383,18.18000030517578,18.709999084472656,117800,0.0,0.0
2019-05-30 00:00:00-04:00,18.75,18.950000762939453,18.59000015258789,18.65999984741211,70700,0.0,0.0
2019-05-31 00:00:00-04:00,18.549999237060547,18.6200008392334,18.18000030517578,18.31999969482422,64600,0.0,0.0
2019-06-03 00:00:00-04:00,18.110000610351562,18.3700008392334,17.8700008392334,18.299999237060547,163700,0.0,0.0
2019-06-04 00:00:00-04:00,18.3799991607666,18.75,18.280000686645508,18.709999084472656,126900,0.0,0.0
2019-06-05 00:00:00-04:00,18.75,18.969999313354492,18.6299991607666,18.729999542236328,89300,0.0,0.0
2019-06-06 00:00:00-04:00,18.850000381469727,19.149999618530273,18.729999542236328,18.850000381469727,67300,0.0,0.0
2019-06-07 00:00:00-04:00,18.850000381469727,18.860000610351562,18.600000381469727,18.690000534057617,99800,0.0,0.0
2019-06-10 00:00:00-04:00,18.739999771118164,19.0,18.729999542236328,18.90999984741211,68600,0.0,0.0
2019-06-11 00:00:00-04:00,18.889999389648438,18.93000030517578,18.709999084472656,18.729999542236328,159200,0.0,0.0
2019-06-12 00:00:00-04:00,18.639999389648438,18.90999984741211,18.59000015258789,18.809999465942383,151900,0.0,0.0
2019-06-13 00:00:00-04:00,18.8799991607666,18.950000762939453,18.729999542236328,18.8700008392334,109400,0.0,0.0
2019-06-14 00:00:00-04:00,18.860000610351562,18.860000610351562,17.920000076293945,18.540000915527344,79600,0.0,0.0
2019-06-17 00:00:00-04:00,18.520000457763672,18.709999084472656,18.020000457763672,18.459999084472656,93900,0.0,0.0
2019-06-18 00:00:00-04:00,18.489999771118164,18.489999771118164,17.34000015258789,17.3799991607666,150700,0.0,0.0
2019-06-19 00:00:00-04:00,17.31999969482422,17.469999313354492,16.420000076293945,16.540000915527344,320000,0.0,0.0
2019-06-20 00:00:00-04:00,16.59000015258789,17.100000381469727,16.40999984741211,17.010000228881836,107400,0.0,0.0
2019-06-21 00:00:00-04:00,16.920000076293945,17.1200008392334,16.489999771118164,16.510000228881836,121100,0.0,0.0
2019-06-24 00:00:00-04:00,16.43000030517578,16.520000457763672,16.280000686645508,16.459999084472656,65400,0.0,0.0
2019-06-25 00:00:00-04:00,16.450000762939453,16.559999465942383,16.06999969482422,16.299999237060547,87300,0.0,0.0
2019-06-26 00:00:00-04:00,16.049999237060547,16.200000762939453,15.829999923706055,16.059999465942383,76000,0.0,0.0
2019-06-27 00:00:00-04:00,16.020000457763672,16.200000762939453,15.579999923706055,15.920000076293945,123900,0.0,0.0
2019-06-28 00:00:00-04:00,16.139999389648438,16.719999313354492,16.110000610351562,16.3700008392334,169000,0.0,0.0
2019-07-01 00:00:00-04:00,16.420000076293945,16.649999618530273,16.25,16.579999923706055,53500,0.0,0.0
2019-07-02 00:00:00-04:00,16.6299991607666,17.190000534057617,16.520000457763672,17.15999984741211,125000,0.0,0.0
2019-07-03 00:00:00-04:00,17.280000686645508,17.40999984741211,17.149999618530273,17.299999237060547,69000,0.0,0.0
2019-07-05 00:00:00-04:00,17.229999542236328,17.540000915527344,17.06999969482422,17.440000534057617,38800,0.0,0.0
2019-07-08 00:00:00-04:00,17.450000762939453,17.670000076293945,17.290000915527344,17.520000457763672,39500,0.0,0.0
2019-07-09 00:00:00-04:00,17.40999984741211,17.549999237060547,17.110000610351562,17.280000686645508,46600,0.0,0.0
2019-07-10 00:00:00-04:00,17.350000381469727,17.5,16.90999984741211,17.399999618530273,93800,0.0,0.0
2019-07-11 00:00:00-04:00,17.469999313354492,17.639999389648438,16.979999542236328,17.040000915527344,177300,0.0,0.0
2019-07-12 00:00:00-04:00,17.049999237060547,17.290000915527344,16.8700008392334,17.049999237060547,138700,0.0,0.0
2019-07-15 00:00:00-04:00,17.229999542236328,17.559999465942383,17.049999237060547,17.399999618530273,64100,0.0,0.0
2019-07-16 00:00:00-04:00,17.360000610351562,17.6200008392334,17.25,17.280000686645508,87500,0.0,0.0
2019-07-17 00:00:00-04:00,17.31999969482422,17.31999969482422,16.75,16.780000686645508,54500,0.0,0.0
2019-07-18 00:00:00-04:00,16.770000457763672,17.049999237060547,16.65999984741211,16.850000381469727,45100,0.0,0.0
2019-07-19 00:00:00-04:00,16.780000686645508,17.149999618530273,16.479999542236328,16.610000610351562,69300,0.0,0.0
2019-07-22 00:00:00-04:00,16.6299991607666,16.8700008392334,16.34000015258789,16.739999771118164,152100,0.0,0.0
2019-07-23 00:00:00-04:00,16.81999969482422,17.079999923706055,16.420000076293945,16.670000076293945,88100,0.0,0.0
2019-07-24 00:00:00-04:00,16.65999984741211,16.729999542236328,16.420000076293945,16.59000015258789,71300,0.0,0.0
2019-07-25 00:00:00-04:00,16.559999465942383,16.770000457763672,16.3700008392334,16.43000030517578,47200,0.0,0.0
2019-07-26 00:00:00-04:00,16.6200008392334,16.829999923706055,16.510000228881836,16.6200008392334,60900,0.0,0.0
2019-07-29 00:00:00-04:00,16.549999237060547,17.020000457763672,16.549999237060547,16.600000381469727,43000,0.0,0.0
2019-07-30 00:00:00-04:00,16.520000457763672,16.68000030517578,16.469999313354492,16.469999313354492,78900,0.0,0.0
2019-07-31 00:00:00-04:00,16.389999389648438,16.559999465942383,16.1299991607666,16.239999771118164,112900,0.0,0.0
2019-08-01 00:00:00-04:00,16.239999771118164,16.360000610351562,15.399999618530273,15.489999771118164,80000,0.0,0.0
2019-08-02 00:00:00-04:00,15.430000305175781,15.430000305175781,14.5,15.010000228881836,117800,0.0,0.0
2019-08-05 00:00:00-04:00,14.890000343322754,14.949999809265137,13.899999618530273,14.0,232600,0.0,0.0
2019-08-06 00:00:00-04:00,14.029999732971191,14.510000228881836,13.739999771118164,14.369999885559082,114100,0.0,0.0
2019-08-07 00:00:00-04:00,14.109999656677246,14.65999984741211,14.100000381469727,14.460000038146973,66600,0.0,0.0
2019-08-08 00:00:00-04:00,14.369999885559082,14.920000076293945,14.270000457763672,14.649999618530273,86400,0.0,0.0
2019-08-09 00:00:00-04:00,14.8100004196167,14.819999694824219,14.279999732971191,14.479999542236328,78900,0.0,0.0
2019-08-12 00:00:00-04:00,14.319999694824219,14.399999618530273,14.039999961853027,14.079999923706055,76400,0.0,0.0
2019-08-13 00:00:00-04:00,14.050000190734863,14.220000267028809,13.510000228881836,13.520000457763672,51700,0.0,0.0
2019-08-14 00:00:00-04:00,13.390000343322754,13.40999984741211,12.619999885559082,12.619999885559082,107400,0.0,0.0
2019-08-15 00:00:00-04:00,12.699999809265137,13.3100004196167,12.420000076293945,13.180000305175781,199800,0.0,0.0
2019-08-16 00:00:00-04:00,13.25,13.699999809265137,13.199999809265137,13.3100004196167,63800,0.0,0.0
2019-08-19 00:00:00-04:00,13.489999771118164,13.720000267028809,13.069999694824219,13.100000381469727,88100,0.0,0.0
2019-08-20 00:00:00-04:00,13.0,13.369999885559082,12.6899995803833,12.770000457763672,83400,0.0,0.0
2019-08-21 00:00:00-04:00,12.75,12.970000267028809,12.529999732971191,12.5600004196167,77200,0.0,0.0
2019-08-22 00:00:00-04:00,12.630000114440918,12.720000267028809,11.9399995803833,12.010000228881836,77600,0.0,0.0
2019-08-23 00:00:00-04:00,11.979999542236328,12.199999809265137,11.630000114440918,11.819999694824219,105800,0.0,0.0
2019-08-26 00:00:00-04:00,11.859999656677246,12.029999732971191,11.729999542236328,11.8100004196167,49200,0.0,0.0
2019-08-27 00:00:00-04:00,11.859999656677246,11.859999656677246,10.649999618530273,11.220000267028809,190900,0.0,0.0
2019-08-28 00:00:00-04:00,11.199999809265137,11.8100004196167,11.149999618530273,11.529999732971191,102600,0.0,0.0
2019-08-29 00:00:00-04:00,11.670000076293945,11.979999542236328,11.460000038146973,11.859999656677246,70600,0.0,0.0
2019-08-30 00:00:00-04:00,11.920000076293945,12.149999618530273,11.770000457763672,12.140000343322754,53100,0.0,0.0
2019-09-03 00:00:00-04:00,11.970000267028809,12.350000381469727,11.779999732971191,12.199999809265137,83800,0.0,0.0
2019-09-04 00:00:00-04:00,12.25,12.359999656677246,11.989999771118164,12.260000228881836,73900,0.0,0.0
2019-09-05 00:00:00-04:00,12.40999984741211,12.670000076293945,12.140000343322754,12.520000457763672,83300,0.0,0.0
2019-09-06 00:00:00-04:00,12.510000228881836,12.920000076293945,12.430000305175781,12.800000190734863,76500,0.0,0.0
2019-09-09 00:00:00-04:00,12.84000015258789,13.510000228881836,12.640000343322754,13.15999984741211,117600,0.0,0.0
2019-09-10 00:00:00-04:00,13.029999732971191,14.199999809265137,13.029999732971191,14.0,201000,0.0,0.0
2019-09-11 00:00:00-04:00,10.34000015258789,12.0,10.260000228881836,11.770000457763672,729400,0.0,0.0
2019-09-12 00:00:00-04:00,11.4399995803833,11.979999542236328,11.430000305175781,11.829999923706055,487500,0.0,0.0
2019-09-13 00:00:00-04:00,12.020000457763672,13.460000038146973,12.020000457763672,13.130000114440918,274200,0.0,0.0
2019-09-16 00:00:00-04:00,13.390000343322754,14.199999809265137,13.100000381469727,13.770000457763672,226400,0.0,0.0
2019-09-17 00:00:00-04:00,13.479999542236328,14.239999771118164,13.479999542236328,13.979999542236328,189000,0.0,0.0
2019-09-18 00:00:00-04:00,13.920000076293945,14.199999809265137,13.569999694824219,13.960000038146973,182500,0.0,0.0
2019-09-19 00:00:00-04:00,14.449999809265137,15.069999694824219,14.25,14.6899995803833,192500,0.0,0.0
2019-09-20 00:00:00-04:00,14.420000076293945,15.010000228881836,14.420000076293945,14.449999809265137,287400,0.0,0.0
2019-09-23 00:00:00-04:00,14.300000190734863,14.300000190734863,13.739999771118164,13.800000190734863,140400,0.0,0.0
2019-09-24 00:00:00-04:00,13.739999771118164,13.770000457763672,12.890000343322754,13.0,85100,0.0,0.0
2019-09-25 00:00:00-04:00,12.949999809265137,13.119999885559082,12.630000114440918,12.720000267028809,138500,0.0,0.0
2019-09-26 00:00:00-04:00,12.640000343322754,12.65999984741211,12.170000076293945,12.550000190734863,74700,0.0,0.0
2019-09-27 00:00:00-04:00,12.579999923706055,12.979999542236328,12.3100004196167,12.890000343322754,75100,0.0,0.0
2019-09-30 00:00:00-04:00,12.850000381469727,13.149999618530273,12.850000381469727,12.949999809265137,143700,0.0,0.0
2019-10-01 00:00:00-04:00,12.90999984741211,13.289999961853027,12.739999771118164,12.890000343322754,326500,0.0,0.0
2019-10-02 00:00:00-04:00,12.819999694824219,13.25,12.640000343322754,13.229999542236328,140700,0.0,0.0
2019-10-03 00:00:00-04:00,13.119999885559082,13.319999694824219,12.899999618530273,13.279999732971191,68100,0.0,0.0
2019-10-04 00:00:00-04:00,13.25,13.829999923706055,13.25,13.789999961853027,135400,0.0,0.0
2019-10-07 00:00:00-04:00,13.789999961853027,14.229999542236328,13.760000228881836,14.029999732971191,109600,0.0,0.0
2019-10-08 00:00:00-04:00,13.970000267028809,14.239999771118164,13.59000015258789,14.020000457763672,112200,0.0,0.0
2019-10-09 00:00:00-04:00,14.109999656677246,14.109999656677246,13.699999809265137,13.890000343322754,61600,0.0,0.0
2019-10-10 00:00:00-04:00,13.859999656677246,14.0,13.640000343322754,13.859999656677246,105900,0.0,0.0
2019-10-11 00:00:00-04:00,14.010000228881836,14.369999885559082,13.6899995803833,13.770000457763672,70800,0.0,0.0
2019-10-14 00:00:00-04:00,13.65999984741211,13.65999984741211,13.359999656677246,13.479999542236328,58100,0.0,0.0
2019-10-15 00:00:00-04:00,13.529999732971191,13.90999984741211,13.34000015258789,13.890000343322754,102500,0.0,0.0
2019-10-16 00:00:00-04:00,13.890000343322754,14.369999885559082,13.800000190734863,14.199999809265137,86400,0.0,0.0
2019-10-17 00:00:00-04:00,14.260000228881836,14.359999656677246,14.15999984741211,14.1899995803833,45700,0.0,0.0
2019-10-18 00:00:00-04:00,14.109999656677246,14.279999732971191,13.930000305175781,14.15999984741211,46800,0.0,0.0
2019-10-21 00:00:00-04:00,14.220000267028809,14.569999694824219,14.119999885559082,14.5600004196167,78400,0.0,0.0
2019-10-22 00:00:00-04:00,14.529999732971191,14.600000381469727,13.739999771118164,13.779999732971191,395300,0.0,0.0
2019-10-23 00:00:00-04:00,13.779999732971191,14.289999961853027,13.390000343322754,14.220000267028809,79100,0.0,0.0
2019-10-24 00:00:00-04:00,14.210000038146973,14.270000457763672,13.140000343322754,13.229999542236328,61800,0.0,0.0
2019-10-25 00:00:00-04:00,13.140000343322754,13.34000015258789,13.010000228881836,13.109999656677246,37800,0.0,0.0
2019-10-28 00:00:00-04:00,13.140000343322754,13.729999542236328,12.789999961853027,13.539999961853027,103800,0.0,0.0
2019-10-29 00:00:00-04:00,13.539999961853027,13.789999961853027,13.369999885559082,13.59000015258789,48900,0.0,0.0
2019-10-30 00:00:00-04:00,13.609999656677246,14.09000015258789,12.920000076293945,12.970000267028809,47300,0.0,0.0
2019-10-31 00:00:00-04:00,12.979999542236328,13.149999618530273,12.729999542236328,12.829999923706055,68700,0.0,0.0
2019-11-01 00:00:00-04:00,12.930000305175781,13.579999923706055,12.890000343322754,13.34000015258789,55300,0.0,0.0
2019-11-04 00:00:00-05:00,13.510000228881836,13.739999771118164,13.479999542236328,13.649999618530273,39500,0.0,0.0
2019-11-05 00:00:00-05:00,13.680000305175781,13.829999923706055,13.470000267028809,13.729999542236328,73300,0.0,0.0
2019-11-06 00:00:00-05:00,13.670000076293945,14.220000267028809,13.600000381469727,13.729999542236328,61100,0.0,0.0
2019-11-07 00:00:00-05:00,13.890000343322754,14.140000343322754,12.819999694824219,12.989999771118164,59900,0.0,0.0
2019-11-08 00:00:00-05:00,13.989999771118164,16.389999389648438,13.5,16.290000915527344,308300,0.0,0.0
2019-11-11 00:00:00-05:00,15.989999771118164,15.989999771118164,15.010000228881836,15.9399995803833,114100,0.0,0.0
2019-11-12 00:00:00-05:00,15.949999809265137,16.0,15.3100004196167,15.420000076293945,86100,0.0,0.0
2019-11-13 00:00:00-05:00,15.34000015258789,15.670000076293945,15.079999923706055,15.380000114440918,89100,0.0,0.0
2019-11-14 00:00:00-05:00,15.390000343322754,15.430000305175781,15.0,15.069999694824219,76900,0.0,0.0
2019-11-15 00:00:00-05:00,15.180000305175781,15.25,14.819999694824219,14.920000076293945,81600,0.0,0.0
2019-11-18 00:00:00-05:00,14.890000343322754,14.989999771118164,14.390000343322754,14.460000038146973,64200,0.0,0.0
2019-11-19 00:00:00-05:00,14.84000015258789,15.739999771118164,14.829999923706055,15.489999771118164,123500,0.0,0.0
2019-11-20 00:00:00-05:00,15.699999809265137,16.170000076293945,15.069999694824219,15.229999542236328,90900,0.0,0.0
2019-11-21 00:00:00-05:00,15.109999656677246,15.760000228881836,15.0600004196167,15.550000190734863,100300,0.0,0.0
2019-11-22 00:00:00-05:00,15.569999694824219,15.649999618530273,15.25,15.569999694824219,67100,0.0,0.0
2019-11-25 00:00:00-05:00,15.6899995803833,15.880000114440918,15.550000190734863,15.720000267028809,65100,0.0,0.0
2019-11-26 00:00:00-05:00,15.760000228881836,15.880000114440918,15.369999885559082,15.4399995803833,124500,0.0,0.0
2019-11-27 00:00:00-05:00,15.380000114440918,15.569999694824219,15.25,15.420000076293945,68700,0.0,0.0
2019-11-29 00:00:00-05:00,15.399999618530273,15.460000038146973,15.170000076293945,15.170000076293945,38000,0.0,0.0
2019-12-02 00:00:00-05:00,15.239999771118164,15.239999771118164,14.890000343322754,15.0,73800,0.0,0.0
2019-12-03 00:00:00-05:00,14.859999656677246,15.270000457763672,14.859999656677246,15.050000190734863,84800,0.0,0.0
2019-12-04 00:00:00-05:00,15.119999885559082,15.279999732971191,14.899999618530273,14.949999809265137,50400,0.0,0.0
2019-12-05 00:00:00-05:00,14.880000114440918,15.3100004196167,14.789999961853027,14.9399995803833,61400,0.0,0.0
2019-12-06 00:00:00-05:00,14.90999984741211,15.5,14.90999984741211,15.40999984741211,86400,0.0,0.0
2019-12-09 00:00:00-05:00,15.40999984741211,15.65999984741211,15.300000190734863,15.550000190734863,57700,0.0,0.0
2019-12-10 00:00:00-05:00,15.510000228881836,15.770000457763672,15.40999984741211,15.710000038146973,63500,0.0,0.0
2019-12-11 00:00:00-05:00,15.829999923706055,16.25,15.670000076293945,16.139999389648438,71900,0.0,0.0
2019-12-12 00:00:00-05:00,16.049999237060547,16.700000762939453,16.049999237060547,16.610000610351562,97000,0.0,0.0
2019-12-13 00:00:00-05:00,16.610000610351562,16.799999237060547,16.479999542236328,16.75,77800,0.0,0.0
2019-12-16 00:00:00-05:00,17.020000457763672,17.3799991607666,16.809999465942383,17.1200008392334,103000,0.0,0.0
2019-12-17 00:00:00-05:00,17.139999389648438,17.139999389648438,15.989999771118164,16.040000915527344,146700,0.0,0.0
2019-12-18 00:00:00-05:00,16.049999237060547,16.239999771118164,14.449999809265137,14.65999984741211,146100,0.0,0.0
2019-12-19 00:00:00-05:00,14.680000305175781,15.300000190734863,14.649999618530273,14.739999771118164,63200,0.0,0.0
2019-12-20 00:00:00-05:00,14.729999542236328,14.949999809265137,14.229999542236328,14.329999923706055,99300,0.0,0.0
2019-12-23 00:00:00-05:00,14.260000228881836,14.630000114440918,14.260000228881836,14.460000038146973,70700,0.0,0.0
2019-12-24 00:00:00-05:00,14.449999809265137,14.65999984741211,14.380000114440918,14.449999809265137,24600,0.0,0.0
2019-12-26 00:00:00-05:00,14.460000038146973,14.619999885559082,14.40999984741211,14.529999732971191,53400,0.0,0.0
2019-12-27 00:00:00-05:00,14.539999961853027,14.539999961853027,14.300000190734863,14.350000381469727,43200,0.0,0.0
2019-12-30 00:00:00-05:00,14.390000343322754,14.899999618530273,14.300000190734863,14.890000343322754,66300,0.0,0.0
2019-12-31 00:00:00-05:00,14.869999885559082,15.319999694824219,14.8100004196167,15.0600004196167,63100,0.0,0.0
2020-01-02 00:00:00-05:00,15.170000076293945,15.170000076293945,14.600000381469727,14.619999885559082,60500,0.0,0.0
2020-01-03 00:00:00-05:00,14.350000381469727,14.789999961853027,14.180000305175781,14.510000228881836,61500,0.0,0.0
2020-01-06 00:00:00-05:00,14.529999732971191,14.6899995803833,14.260000228881836,14.569999694824219,47400,0.0,0.0
2020-01-07 00:00:00-05:00,14.510000228881836,14.680000305175781,14.119999885559082,14.149999618530273,53300,0.0,0.0
2020-01-08 00:00:00-05:00,14.15999984741211,14.15999984741211,13.699999809265137,13.770000457763672,46200,0.0,0.0
2020-01-09 00:00:00-05:00,13.770000457763672,13.770000457763672,12.989999771118164,13.050000190734863,66800,0.0,0.0
2020-01-10 00:00:00-05:00,13.130000114440918,13.130000114440918,12.5,12.640000343322754,85900,0.0,0.0
2020-01-13 00:00:00-05:00,12.6899995803833,12.869999885559082,12.600000381469727,12.800000190734863,44100,0.0,0.0
2020-01-14 00:00:00-05:00,12.859999656677246,13.1899995803833,12.729999542236328,12.819999694824219,56700,0.0,0.0
2020-01-15 00:00:00-05:00,12.819999694824219,13.0600004196167,12.710000038146973,12.779999732971191,42100,0.0,0.0
2020-01-16 00:00:00-05:00,12.770000457763672,12.90999984741211,12.5,12.760000228881836,95500,0.0,0.0
2020-01-17 00:00:00-05:00,12.75,12.800000190734863,12.5600004196167,12.760000228881836,72900,0.0,0.0
2020-01-21 00:00:00-05:00,12.829999923706055,12.970000267028809,12.6899995803833,12.8100004196167,94400,0.0,0.0
2020-01-22 00:00:00-05:00,12.739999771118164,13.619999885559082,12.739999771118164,13.380000114440918,116600,0.0,0.0
2020-01-23 00:00:00-05:00,13.5600004196167,13.5600004196167,12.59000015258789,12.75,55800,0.0,0.0
2020-01-24 00:00:00-05:00,12.760000228881836,12.970000267028809,12.329999923706055,12.420000076293945,52400,0.0,0.0
2020-01-27 00:00:00-05:00,12.079999923706055,12.609999656677246,11.949999809265137,12.359999656677246,59100,0.0,0.0
2020-01-28 00:00:00-05:00,12.380000114440918,12.380000114440918,11.739999771118164,12.029999732971191,76100,0.0,0.0
2020-01-29 00:00:00-05:00,12.0600004196167,12.0600004196167,11.899999618530273,11.989999771118164,63700,0.0,0.0
2020-01-30 00:00:00-05:00,11.899999618530273,11.960000038146973,11.819999694824219,11.930000305175781,78000,0.0,0.0
2020-01-31 00:00:00-05:00,11.880000114440918,12.09000015258789,11.760000228881836,11.979999542236328,105700,0.0,0.0
2020-02-03 00:00:00-05:00,12.0,12.010000228881836,11.710000038146973,11.84000015258789,63900,0.0,0.0
2020-02-04 00:00:00-05:00,11.90999984741211,11.9399995803833,11.720000267028809,11.789999961853027,63500,0.0,0.0
2020-02-05 00:00:00-05:00,11.850000381469727,12.029999732971191,11.430000305175781,11.710000038146973,30100,0.0,0.0
2020-02-06 00:00:00-05:00,11.789999961853027,11.949999809265137,11.520000457763672,11.880000114440918,46300,0.0,0.0
2020-02-07 00:00:00-05:00,12.430000305175781,14.270000457763672,12.010000228881836,13.529999732971191,213100,0.0,0.0
2020-02-10 00:00:00-05:00,14.210000038146973,14.649999618530273,13.630000114440918,14.149999618530273,105300,0.0,0.0
2020-02-11 00:00:00-05:00,14.40999984741211,14.420000076293945,13.699999809265137,13.930000305175781,104800,0.0,0.0
2020-02-12 00:00:00-05:00,13.850000381469727,14.0,13.630000114440918,13.8100004196167,60100,0.0,0.0
2020-02-13 00:00:00-05:00,13.739999771118164,13.739999771118164,13.34000015258789,13.449999809265137,83200,0.0,0.0
2020-02-14 00:00:00-05:00,13.680000305175781,13.8100004196167,13.510000228881836,13.729999542236328,36300,0.0,0.0
2020-02-18 00:00:00-05:00,13.729999542236328,14.079999923706055,13.729999542236328,14.020000457763672,61200,0.0,0.0
2020-02-19 00:00:00-05:00,13.970000267028809,14.859999656677246,13.970000267028809,14.800000190734863,229500,0.0,0.0
2020-02-20 00:00:00-05:00,14.760000228881836,15.079999923706055,14.350000381469727,14.369999885559082,47100,0.0,0.0
2020-02-21 00:00:00-05:00,14.369999885559082,14.369999885559082,13.960000038146973,14.210000038146973,51200,0.0,0.0
2020-02-24 00:00:00-05:00,13.869999885559082,13.869999885559082,13.369999885559082,13.520000457763672,43500,0.0,0.0
2020-02-25 00:00:00-05:00,13.699999809265137,13.699999809265137,12.779999732971191,12.970000267028809,67100,0.0,0.0
2020-02-26 00:00:00-05:00,13.050000190734863,13.09000015258789,12.720000267028809,12.760000228881836,54300,0.0,0.0
2020-02-27 00:00:00-05:00,12.520000457763672,12.649999618530273,12.350000381469727,12.350000381469727,87300,0.0,0.0
2020-02-28 00:00:00-05:00,11.979999542236328,12.399999618530273,11.380000114440918,12.350000381469727,92400,0.0,0.0
2020-03-02 00:00:00-05:00,12.359999656677246,12.5600004196167,12.100000381469727,12.510000228881836,77500,0.0,0.0
2020-03-03 00:00:00-05:00,12.420000076293945,12.550000190734863,12.0,12.170000076293945,112500,0.0,0.0
2020-03-04 00:00:00-05:00,12.420000076293945,12.449999809265137,12.199999809265137,12.390000343322754,39400,0.0,0.0
2020-03-05 00:00:00-05:00,12.140000343322754,12.279999732971191,11.859999656677246,12.1899995803833,54500,0.0,0.0
2020-03-06 00:00:00-05:00,11.949999809265137,12.3100004196167,11.880000114440918,12.0600004196167,62800,0.0,0.0
2020-03-09 00:00:00-04:00,11.600000381469727,11.600000381469727,10.960000038146973,11.0,66400,0.0,0.0
2020-03-10 00:00:00-04:00,11.140000343322754,11.449999809265137,10.350000381469727,10.670000076293945,62100,0.0,0.0
2020-03-11 00:00:00-04:00,10.40999984741211,10.59000015258789,9.819999694824219,9.880000114440918,128500,0.0,0.0
2020-03-12 00:00:00-04:00,9.029999732971191,9.430000305175781,8.680000305175781,8.699999809265137,88900,0.0,0.0
2020-03-13 00:00:00-04:00,9.0600004196167,9.470000267028809,8.470000267028809,8.670000076293945,93700,0.0,0.0
2020-03-16 00:00:00-04:00,8.729999542236328,8.729999542236328,7.150000095367432,7.329999923706055,97500,0.0,0.0
2020-03-17 00:00:00-04:00,7.449999809265137,8.15999984741211,7.360000133514404,7.820000171661377,107000,0.0,0.0
2020-03-18 00:00:00-04:00,7.670000076293945,7.78000020980835,6.03000020980835,6.150000095367432,71400,0.0,0.0
2020-03-19 00:00:00-04:00,6.039999961853027,7.050000190734863,5.940000057220459,6.940000057220459,176900,0.0,0.0
2020-03-20 00:00:00-04:00,7.0,7.389999866485596,6.599999904632568,6.889999866485596,107700,0.0,0.0
2020-03-23 00:00:00-04:00,6.889999866485596,7.170000076293945,6.599999904632568,6.909999847412109,108400,0.0,0.0
2020-03-24 00:00:00-04:00,7.28000020980835,7.650000095367432,7.139999866485596,7.630000114440918,96500,0.0,0.0
2020-03-25 00:00:00-04:00,7.639999866485596,7.809999942779541,6.889999866485596,7.53000020980835,66800,0.0,0.0
2020-03-26 00:00:00-04:00,7.630000114440918,7.800000190734863,7.309999942779541,7.760000228881836,68100,0.0,0.0
2020-03-27 00:00:00-04:00,7.489999771118164,7.690000057220459,6.829999923706055,7.059999942779541,43100,0.0,0.0
2020-03-30 00:00:00-04:00,7.059999942779541,7.119999885559082,6.699999809265137,7.0,65700,0.0,0.0
2020-03-31 00:00:00-04:00,7.0,7.269999980926514,6.690000057220459,6.960000038146973,131300,0.0,0.0
2020-04-01 00:00:00-04:00,6.800000190734863,6.880000114440918,6.329999923706055,6.71999979019165,91800,0.0,0.0
2020-04-02 00:00:00-04:00,6.760000228881836,6.889999866485596,6.570000171661377,6.789999961853027,70000,0.0,0.0
2020-04-03 00:00:00-04:00,6.800000190734863,6.800000190734863,6.139999866485596,6.289999961853027,106100,0.0,0.0
2020-04-06 00:00:00-04:00,6.409999847412109,6.949999809265137,6.349999904632568,6.46999979019165,159800,0.0,0.0
2020-04-07 00:00:00-04:00,6.559999942779541,6.929999828338623,6.380000114440918,6.590000152587891,104000,0.0,0.0
2020-04-08 00:00:00-04:00,6.679999828338623,7.789999961853027,6.550000190734863,7.610000133514404,164000,0.0,0.0
2020-04-09 00:00:00-04:00,7.909999847412109,8.460000038146973,7.71999979019165,8.329999923706055,116700,0.0,0.0
2020-04-13 00:00:00-04:00,8.300000190734863,8.420000076293945,7.789999961853027,8.029999732971191,70800,0.0,0.0
2020-04-14 00:00:00-04:00,8.050000190734863,8.40999984741211,7.900000095367432,8.380000114440918,83600,0.0,0.0
2020-04-15 00:00:00-04:00,8.079999923706055,8.079999923706055,7.369999885559082,7.650000095367432,103500,0.0,0.0
2020-04-16 00:00:00-04:00,7.650000095367432,8.09000015258789,7.579999923706055,8.050000190734863,61300,0.0,0.0
2020-04-17 00:00:00-04:00,7.900000095367432,8.399999618530273,7.53000020980835,8.199999809265137,94300,0.0,0.0
2020-04-20 00:00:00-04:00,8.149999618530273,8.180000305175781,7.730000019073486,8.15999984741211,84000,0.0,0.0
2020-04-21 00:00:00-04:00,7.909999847412109,7.909999847412109,7.409999847412109,7.820000171661377,48400,0.0,0.0
2020-04-22 00:00:00-04:00,7.96999979019165,7.96999979019165,7.590000152587891,7.829999923706055,40900,0.0,0.0
2020-04-23 00:00:00-04:00,8.0,8.0600004196167,7.730000019073486,7.769999980926514,67900,0.0,0.0
2020-04-24 00:00:00-04:00,7.710000038146973,7.710000038146973,7.360000133514404,7.619999885559082,28400,0.0,0.0
2020-04-27 00:00:00-04:00,7.519999980926514,7.900000095367432,7.519999980926514,7.820000171661377,49300,0.0,0.0
2020-04-28 00:00:00-04:00,8.0,8.1899995803833,7.710000038146973,8.149999618530273,87600,0.0,0.0
2020-04-29 00:00:00-04:00,8.25,9.399999618530273,8.25,9.25,112000,0.0,0.0
2020-04-30 00:00:00-04:00,9.199999809265137,9.420000076293945,8.899999618530273,9.239999771118164,60800,0.0,0.0
2020-05-01 00:00:00-04:00,8.989999771118164,9.210000038146973,8.710000038146973,9.1899995803833,95500,0.0,0.0
2020-05-04 00:00:00-04:00,9.039999961853027,9.420000076293945,9.010000228881836,9.359999656677246,56100,0.0,0.0
2020-05-05 00:00:00-04:00,9.399999618530273,9.529999732971191,8.84000015258789,9.020000457763672,87600,0.0,0.0
2020-05-06 00:00:00-04:00,8.949999809265137,8.949999809265137,7.809999942779541,7.909999847412109,37400,0.0,0.0
2020-05-07 00:00:00-04:00,8.079999923706055,8.9399995803833,8.0,8.119999885559082,59900,0.0,0.0
2020-05-08 00:00:00-04:00,8.260000228881836,9.399999618530273,8.260000228881836,8.829999923706055,217000,0.0,0.0
2020-05-11 00:00:00-04:00,9.460000038146973,9.460000038146973,8.630000114440918,8.670000076293945,99300,0.0,0.0
2020-05-12 00:00:00-04:00,8.670000076293945,8.770000457763672,7.980000019073486,8.010000228881836,48400,0.0,0.0
2020-05-13 00:00:00-04:00,7.739999771118164,8.109999656677246,7.070000171661377,7.340000152587891,94200,0.0,0.0
2020-05-14 00:00:00-04:00,7.210000038146973,7.300000190734863,6.829999923706055,7.269999980926514,76000,0.0,0.0
2020-05-15 00:00:00-04:00,7.300000190734863,7.679999828338623,7.300000190734863,7.480000019073486,66600,0.0,0.0
2020-05-18 00:00:00-04:00,7.789999961853027,7.869999885559082,7.519999980926514,7.730000019073486,55100,0.0,0.0
2020-05-19 00:00:00-04:00,7.769999980926514,7.769999980926514,6.849999904632568,6.849999904632568,125800,0.0,0.0
2020-05-20 00:00:00-04:00,7.019999980926514,7.380000114440918,7.019999980926514,7.300000190734863,83800,0.0,0.0
2020-05-21 00:00:00-04:00,7.210000038146973,7.579999923706055,7.019999980926514,7.46999979019165,95100,0.0,0.0
2020-05-22 00:00:00-04:00,7.570000171661377,7.619999885559082,7.010000228881836,7.050000190734863,46900,0.0,0.0
2020-05-26 00:00:00-04:00,7.329999923706055,7.349999904632568,7.050000190734863,7.119999885559082,109700,0.0,0.0
2020-05-27 00:00:00-04:00,7.480000019073486,8.119999885559082,7.199999809265137,7.989999771118164,163700,0.0,0.0
2020-05-28 00:00:00-04:00,8.119999885559082,8.5,7.75,8.329999923706055,61400,0.0,0.0
2020-05-29 00:00:00-04:00,8.239999771118164,8.289999961853027,7.559999942779541,7.710000038146973,183400,0.0,0.0
2020-06-01 00:00:00-04:00,7.789999961853027,8.020000457763672,7.679999828338623,7.860000133514404,70800,0.0,0.0
2020-06-02 00:00:00-04:00,7.989999771118164,8.09000015258789,7.760000228881836,7.940000057220459,57900,0.0,0.0
2020-06-03 00:00:00-04:00,8.100000381469727,8.369999885559082,7.960000038146973,8.0,58500,0.0,0.0
2020-06-04 00:00:00-04:00,7.96999979019165,9.069999694824219,7.920000076293945,8.739999771118164,86000,0.0,0.0
2020-06-05 00:00:00-04:00,9.039999961853027,9.800000190734863,8.979999542236328,9.5600004196167,77900,0.0,0.0
2020-06-08 00:00:00-04:00,10.380000114440918,11.4399995803833,10.279999732971191,11.069999694824219,239900,0.0,0.0
2020-06-09 00:00:00-04:00,11.140000343322754,11.140000343322754,10.569999694824219,10.8100004196167,166600,0.0,0.0
2020-06-10 00:00:00-04:00,10.569999694824219,10.739999771118164,8.949999809265137,9.09000015258789,95600,0.0,0.0
2020-06-11 00:00:00-04:00,8.609999656677246,8.949999809265137,7.940000057220459,8.039999961853027,123500,0.0,0.0
2020-06-12 00:00:00-04:00,8.84000015258789,8.979999542236328,8.529999732971191,8.760000228881836,72400,0.0,0.0
2020-06-15 00:00:00-04:00,8.390000343322754,8.649999618530273,8.1899995803833,8.3100004196167,86900,0.0,0.0
2020-06-16 00:00:00-04:00,8.510000228881836,9.130000114440918,8.510000228881836,8.760000228881836,78900,0.0,0.0
2020-06-17 00:00:00-04:00,8.710000038146973,8.920000076293945,8.239999771118164,8.279999732971191,53500,0.0,0.0
2020-06-18 00:00:00-04:00,8.300000190734863,8.350000381469727,8.079999923706055,8.289999961853027,60300,0.0,0.0
2020-06-19 00:00:00-04:00,8.420000076293945,8.670000076293945,8.300000190734863,8.630000114440918,147400,0.0,0.0
2020-06-22 00:00:00-04:00,8.670000076293945,8.8100004196167,8.180000305175781,8.399999618530273,60400,0.0,0.0
2020-06-23 00:00:00-04:00,8.539999961853027,8.619999885559082,8.180000305175781,8.369999885559082,78500,0.0,0.0
2020-06-24 00:00:00-04:00,8.170000076293945,8.369999885559082,7.639999866485596,7.670000076293945,94800,0.0,0.0
2020-06-25 00:00:00-04:00,7.710000038146973,7.940000057220459,7.0,7.070000171661377,74900,0.0,0.0
2020-06-26 00:00:00-04:00,6.900000095367432,7.239999771118164,6.510000228881836,6.559999942779541,644300,0.0,0.0
2020-06-29 00:00:00-04:00,6.610000133514404,7.460000038146973,6.53000020980835,7.369999885559082,97900,0.0,0.0
2020-06-30 00:00:00-04:00,7.380000114440918,7.449999809265137,7.170000076293945,7.340000152587891,77500,0.0,0.0
2020-07-01 00:00:00-04:00,7.320000171661377,7.480000019073486,7.019999980926514,7.230000019073486,100400,0.0,0.0
2020-07-02 00:00:00-04:00,7.349999904632568,7.5,7.010000228881836,7.070000171661377,77000,0.0,0.0
2020-07-06 00:00:00-04:00,7.269999980926514,7.269999980926514,6.739999771118164,6.920000076293945,54100,0.0,0.0
2020-07-07 00:00:00-04:00,6.829999923706055,6.96999979019165,6.320000171661377,6.340000152587891,51400,0.0,0.0
2020-07-08 00:00:00-04:00,6.309999942779541,6.53000020980835,6.269999980926514,6.409999847412109,52400,0.0,0.0
2020-07-09 00:00:00-04:00,6.409999847412109,6.409999847412109,5.809999942779541,5.929999828338623,173100,0.0,0.0
2020-07-10 00:00:00-04:00,5.849999904632568,6.130000114440918,5.829999923706055,6.090000152587891,56800,0.0,0.0
2020-07-13 00:00:00-04:00,6.130000114440918,6.320000171661377,5.920000076293945,6.110000133514404,78600,0.0,0.0
2020-07-14 00:00:00-04:00,6.150000095367432,6.300000190734863,6.03000020980835,6.139999866485596,85000,0.0,0.0
2020-07-15 00:00:00-04:00,6.260000228881836,6.420000076293945,6.210000038146973,6.25,87700,0.0,0.0
2020-07-16 00:00:00-04:00,6.25,6.25,5.949999809265137,6.03000020980835,77400,0.0,0.0
2020-07-17 00:00:00-04:00,6.019999980926514,6.309999942779541,6.019999980926514,6.170000076293945,76100,0.0,0.0
2020-07-20 00:00:00-04:00,6.099999904632568,6.130000114440918,5.789999961853027,5.880000114440918,104000,0.0,0.0
2020-07-21 00:00:00-04:00,6.0,6.25,5.900000095367432,6.099999904632568,64300,0.0,0.0
2020-07-22 00:00:00-04:00,6.059999942779541,6.150000095367432,6.039999961853027,6.099999904632568,42800,0.0,0.0
2020-07-23 00:00:00-04:00,6.090000152587891,6.25,5.880000114440918,5.940000057220459,99500,0.0,0.0
2020-07-24 00:00:00-04:00,5.940000057220459,6.010000228881836,5.78000020980835,5.800000190734863,78200,0.0,0.0
2020-07-27 00:00:00-04:00,5.889999866485596,5.940000057220459,5.650000095367432,5.710000038146973,105300,0.0,0.0
2020-07-28 00:00:00-04:00,5.670000076293945,5.670000076293945,5.349999904632568,5.449999809265137,125200,0.0,0.0
2020-07-29 00:00:00-04:00,5.519999980926514,5.630000114440918,5.420000076293945,5.46999979019165,80900,0.0,0.0
2020-07-30 00:00:00-04:00,5.369999885559082,5.369999885559082,5.050000190734863,5.070000171661377,95700,0.0,0.0
2020-07-31 00:00:00-04:00,5.070000171661377,5.110000133514404,4.739999771118164,4.980000019073486,107400,0.0,0.0
2020-08-03 00:00:00-04:00,5.070000171661377,5.090000152587891,4.699999809265137,4.820000171661377,104500,0.0,0.0
2020-08-04 00:00:00-04:00,4.880000114440918,5.159999847412109,4.880000114440918,5.099999904632568,161300,0.0,0.0
2020-08-05 00:00:00-04:00,5.190000057220459,5.289999961853027,4.96999979019165,5.050000190734863,121600,0.0,0.0
2020-08-06 00:00:00-04:00,5.110000133514404,5.559999942779541,5.050000190734863,5.440000057220459,327100,0.0,0.0
2020-08-07 00:00:00-04:00,5.460000038146973,6.190000057220459,5.409999847412109,6.099999904632568,206400,0.0,0.0
2020-08-10 00:00:00-04:00,6.070000171661377,6.25,6.019999980926514,6.119999885559082,137600,0.0,0.0
2020-08-11 00:00:00-04:00,6.179999828338623,6.539999961853027,6.179999828338623,6.400000095367432,148800,0.0,0.0
2020-08-12 00:00:00-04:00,6.400000095367432,6.46999979019165,6.269999980926514,6.269999980926514,152800,0.0,0.0
2020-08-13 00:00:00-04:00,6.25,6.389999866485596,6.190000057220459,6.25,56800,0.0,0.0
2020-08-14 00:00:00-04:00,6.190000057220459,6.909999847412109,6.190000057220459,6.679999828338623,223600,0.0,0.0
2020-08-17 00:00:00-04:00,6.739999771118164,6.739999771118164,5.949999809265137,6.630000114440918,144900,0.0,0.0
2020-08-18 00:00:00-04:00,6.639999866485596,6.639999866485596,6.400000095367432,6.579999923706055,158200,0.0,0.0
2020-08-19 00:00:00-04:00,6.659999847412109,7.260000228881836,6.659999847412109,7.25,148200,0.0,0.0
2020-08-20 00:00:00-04:00,7.130000114440918,7.289999961853027,6.840000152587891,7.230000019073486,96700,0.0,0.0
2020-08-21 00:00:00-04:00,7.230000019073486,7.230000019073486,6.929999828338623,7.099999904632568,93300,0.0,0.0
2020-08-24 00:00:00-04:00,7.139999866485596,7.619999885559082,7.03000020980835,7.599999904632568,225100,0.0,0.0
2020-08-25 00:00:00-04:00,7.639999866485596,7.900000095367432,7.519999980926514,7.730000019073486,99300,0.0,0.0
2020-08-26 00:00:00-04:00,7.78000020980835,7.78000020980835,6.46999979019165,6.5,200200,0.0,0.0
2020-08-27 00:00:00-04:00,6.710000038146973,6.840000152587891,5.949999809265137,5.980000019073486,141200,0.0,0.0
2020-08-28 00:00:00-04:00,6.0,6.349999904632568,5.929999828338623,6.139999866485596,129900,0.0,0.0
2020-08-31 00:00:00-04:00,6.199999809265137,6.389999866485596,6.059999942779541,6.289999961853027,129100,0.0,0.0
2020-09-01 00:00:00-04:00,6.289999961853027,6.510000228881836,6.019999980926514,6.449999809265137,256200,0.0,0.0
2020-09-02 00:00:00-04:00,6.46999979019165,6.650000095367432,6.25,6.630000114440918,104200,0.0,0.0
2020-09-03 00:00:00-04:00,6.679999828338623,6.809999942779541,6.260000228881836,6.360000133514404,86800,0.0,0.0
2020-09-04 00:00:00-04:00,6.400000095367432,6.5,6.190000057220459,6.460000038146973,104600,0.0,0.0
2020-09-08 00:00:00-04:00,6.440000057220459,6.53000020980835,6.239999771118164,6.489999771118164,84500,0.0,0.0
2020-09-09 00:00:00-04:00,6.550000190734863,6.559999942779541,5.860000133514404,5.949999809265137,123000,0.0,0.0
2020-09-10 00:00:00-04:00,5.989999771118164,6.190000057220459,5.730000019073486,6.150000095367432,218800,0.0,0.0
2020-09-11 00:00:00-04:00,5.650000095367432,5.769999980926514,5.449999809265137,5.519999980926514,383500,0.0,0.0
2020-09-14 00:00:00-04:00,5.380000114440918,5.639999866485596,5.25,5.449999809265137,194600,0.0,0.0
2020-09-15 00:00:00-04:00,5.449999809265137,5.480000019073486,5.21999979019165,5.260000228881836,131200,0.0,0.0
2020-09-16 00:00:00-04:00,5.28000020980835,5.519999980926514,5.269999980926514,5.480000019073486,84300,0.0,0.0
2020-09-17 00:00:00-04:00,5.369999885559082,5.5,5.150000095367432,5.21999979019165,118500,0.0,0.0
2020-09-18 00:00:00-04:00,5.28000020980835,5.28000020980835,4.949999809265137,5.070000171661377,316400,0.0,0.0
2020-09-21 00:00:00-04:00,4.96999979019165,5.03000020980835,4.78000020980835,4.929999828338623,137200,0.0,0.0
2020-09-22 00:00:00-04:00,4.96999979019165,5.019999980926514,4.679999828338623,4.760000228881836,128200,0.0,0.0
2020-09-23 00:00:00-04:00,4.800000190734863,4.909999847412109,4.460000038146973,4.53000020980835,124200,0.0,0.0
2020-09-24 00:00:00-04:00,4.550000190734863,4.550000190734863,4.349999904632568,4.480000019073486,64000,0.0,0.0
2020-09-25 00:00:00-04:00,4.5,4.539999961853027,4.300000190734863,4.369999885559082,102600,0.0,0.0
2020-09-28 00:00:00-04:00,4.449999809265137,4.760000228881836,4.449999809265137,4.679999828338623,86300,0.0,0.0
2020-09-29 00:00:00-04:00,4.539999961853027,4.650000095367432,4.46999979019165,4.489999771118164,140100,0.0,0.0
2020-09-30 00:00:00-04:00,4.53000020980835,4.690000057220459,4.329999923706055,4.420000076293945,82200,0.0,0.0
2020-10-01 00:00:00-04:00,4.579999923706055,4.590000152587891,4.380000114440918,4.510000228881836,83400,0.0,0.0
2020-10-02 00:00:00-04:00,4.46999979019165,4.679999828338623,4.420000076293945,4.639999866485596,68200,0.0,0.0
2020-10-05 00:00:00-04:00,4.769999980926514,4.769999980926514,4.570000171661377,4.639999866485596,48800,0.0,0.0
2020-10-06 00:00:00-04:00,4.71999979019165,4.730000019073486,4.460000038146973,4.460000038146973,73700,0.0,0.0
2020-10-07 00:00:00-04:00,4.519999980926514,4.699999809265137,4.420000076293945,4.690000057220459,88400,0.0,0.0
2020-10-08 00:00:00-04:00,4.71999979019165,4.929999828338623,4.619999885559082,4.860000133514404,120100,0.0,0.0
2020-10-09 00:00:00-04:00,4.869999885559082,4.960000038146973,4.71999979019165,4.739999771118164,77100,0.0,0.0
2020-10-12 00:00:00-04:00,4.71999979019165,4.849999904632568,4.610000133514404,4.820000171661377,143300,0.0,0.0
2020-10-13 00:00:00-04:00,4.760000228881836,4.800000190734863,4.659999847412109,4.699999809265137,41600,0.0,0.0
2020-10-14 00:00:00-04:00,4.710000038146973,4.710000038146973,4.46999979019165,4.5,129800,0.0,0.0
2020-10-15 00:00:00-04:00,4.480000019073486,4.510000228881836,4.400000095367432,4.440000057220459,85700,0.0,0.0
2020-10-16 00:00:00-04:00,4.639999866485596,4.639999866485596,4.349999904632568,4.420000076293945,64300,0.0,0.0
2020-10-19 00:00:00-04:00,4.670000076293945,4.670000076293945,4.340000152587891,4.369999885559082,74800,0.0,0.0
2020-10-20 00:00:00-04:00,4.440000057220459,4.46999979019165,4.260000228881836,4.340000152587891,74900,0.0,0.0
2020-10-21 00:00:00-04:00,4.340000152587891,4.369999885559082,4.150000095367432,4.199999809265137,91900,0.0,0.0
2020-10-22 00:00:00-04:00,4.199999809265137,4.25,4.159999847412109,4.179999828338623,51600,0.0,0.0
2020-10-23 00:00:00-04:00,4.210000038146973,4.269999980926514,4.150000095367432,4.21999979019165,46400,0.0,0.0
2020-10-26 00:00:00-04:00,4.190000057220459,4.230000019073486,4.03000020980835,4.050000190734863,128200,0.0,0.0
2020-10-27 00:00:00-04:00,4.099999904632568,4.110000133514404,3.869999885559082,3.9700000286102295,139500,0.0,0.0
2020-10-28 00:00:00-04:00,3.890000104904175,3.950000047683716,3.7300000190734863,3.7699999809265137,76300,0.0,0.0
2020-10-29 00:00:00-04:00,3.809999942779541,3.809999942779541,3.4000000953674316,3.5199999809265137,199300,0.0,0.0
2020-10-30 00:00:00-04:00,3.6500000953674316,3.700000047683716,3.4200000762939453,3.4700000286102295,154500,0.0,0.0
2020-11-02 00:00:00-05:00,3.569999933242798,3.819999933242798,3.4600000381469727,3.7899999618530273,130000,0.0,0.0
2020-11-03 00:00:00-05:00,3.9100000858306885,4.110000133514404,3.890000104904175,4.090000152587891,108300,0.0,0.0
2020-11-04 00:00:00-05:00,4.059999942779541,4.079999923706055,3.809999942779541,3.890000104904175,47100,0.0,0.0
2020-11-05 00:00:00-05:00,4.079999923706055,4.230000019073486,3.9100000858306885,4.130000114440918,81300,0.0,0.0
2020-11-06 00:00:00-05:00,4.170000076293945,4.170000076293945,3.700000047683716,3.7200000286102295,105600,0.0,0.0
2020-11-09 00:00:00-05:00,4.170000076293945,4.380000114440918,4.139999866485596,4.260000228881836,128200,0.0,0.0
2020-11-10 00:00:00-05:00,4.25,4.440000057220459,4.199999809265137,4.309999942779541,71800,0.0,0.0
2020-11-11 00:00:00-05:00,4.590000152587891,4.590000152587891,4.179999828338623,4.230000019073486,67300,0.0,0.0
2020-11-12 00:00:00-05:00,4.179999828338623,4.239999771118164,3.950000047683716,4.070000171661377,103200,0.0,0.0
2020-11-13 00:00:00-05:00,4.139999866485596,4.329999923706055,4.090000152587891,4.28000020980835,134300,0.0,0.0
2020-11-16 00:00:00-05:00,4.349999904632568,4.599999904632568,4.349999904632568,4.510000228881836,142800,0.0,0.0
2020-11-17 00:00:00-05:00,4.480000019073486,4.610000133514404,4.429999828338623,4.510000228881836,82000,0.0,0.0
2020-11-18 00:00:00-05:00,4.559999942779541,4.599999904632568,4.420000076293945,4.460000038146973,127100,0.0,0.0
2020-11-19 00:00:00-05:00,4.460000038146973,4.559999942779541,4.360000133514404,4.550000190734863,117000,0.0,0.0
2020-11-20 00:00:00-05:00,4.550000190734863,4.599999904632568,4.309999942779541,4.349999904632568,134500,0.0,0.0
2020-11-23 00:00:00-05:00,4.46999979019165,4.550000190734863,4.260000228881836,4.460000038146973,164500,0.0,0.0
2020-11-24 00:00:00-05:00,4.599999904632568,4.75,4.519999980926514,4.71999979019165,191300,0.0,0.0
2020-11-25 00:00:00-05:00,4.75,4.75,4.559999942779541,4.650000095367432,90400,0.0,0.0
2020-11-27 00:00:00-05:00,4.690000057220459,4.730000019073486,4.420000076293945,4.599999904632568,80400,0.0,0.0
2020-11-30 00:00:00-05:00,4.650000095367432,4.71999979019165,4.429999828338623,4.449999809265137,218900,0.0,0.0
2020-12-01 00:00:00-05:00,4.550000190734863,4.579999923706055,4.429999828338623,4.5,81600,0.0,0.0
2020-12-02 00:00:00-05:00,4.489999771118164,4.570000171661377,4.400000095367432,4.489999771118164,79700,0.0,0.0
2020-12-03 00:00:00-05:00,4.5,4.53000020980835,4.380000114440918,4.420000076293945,93300,0.0,0.0
2020-12-04 00:00:00-05:00,4.460000038146973,4.53000020980835,4.400000095367432,4.449999809265137,149600,0.0,0.0
2020-12-07 00:00:00-05:00,4.460000038146973,4.46999979019165,4.300000190734863,4.320000171661377,100400,0.0,0.0
2020-12-08 00:00:00-05:00,4.300000190734863,4.409999847412109,4.25,4.349999904632568,120400,0.0,0.0
2020-12-09 00:00:00-05:00,4.369999885559082,4.369999885559082,4.269999980926514,4.309999942779541,72600,0.0,0.0
2020-12-10 00:00:00-05:00,4.309999942779541,4.340000152587891,4.239999771118164,4.260000228881836,67200,0.0,0.0
2020-12-11 00:00:00-05:00,4.320000171661377,4.320000171661377,3.9600000381469727,4.0,138000,0.0,0.0
2020-12-14 00:00:00-05:00,4.099999904632568,4.230000019073486,3.6700000762939453,3.690000057220459,265100,0.0,0.0
2020-12-15 00:00:00-05:00,3.9100000858306885,3.940000057220459,3.7699999809265137,3.859999895095825,330300,0.0,0.0
2020-12-16 00:00:00-05:00,3.9600000381469727,4.179999828338623,3.869999885559082,4.070000171661377,120800,0.0,0.0
2020-12-17 00:00:00-05:00,4.099999904632568,4.099999904632568,4.0,4.099999904632568,112400,0.0,0.0
2020-12-18 00:00:00-05:00,4.099999904632568,4.130000114440918,4.0,4.019999980926514,138200,0.0,0.0
2020-12-21 00:00:00-05:00,3.9800000190734863,4.070000171661377,3.8499999046325684,4.070000171661377,91700,0.0,0.0
2020-12-22 00:00:00-05:00,4.050000190734863,4.050000190734863,3.930000066757202,4.0,95900,0.0,0.0
2020-12-23 00:00:00-05:00,4.0,4.170000076293945,4.0,4.150000095367432,92200,0.0,0.0
2020-12-24 00:00:00-05:00,4.179999828338623,4.179999828338623,4.099999904632568,4.130000114440918,48000,0.0,0.0
2020-12-28 00:00:00-05:00,4.170000076293945,4.210000038146973,4.110000133514404,4.159999847412109,182400,0.0,0.0
2020-12-29 00:00:00-05:00,4.179999828338623,4.329999923706055,4.159999847412109,4.28000020980835,163400,0.0,0.0
2020-12-30 00:00:00-05:00,4.289999961853027,4.550000190734863,4.25,4.440000057220459,172100,0.0,0.0
2020-12-31 00:00:00-05:00,4.480000019073486,4.800000190734863,4.340000152587891,4.670000076293945,236500,0.0,0.0
2021-01-04 00:00:00-05:00,4.730000019073486,4.800000190734863,4.320000171661377,4.53000020980835,172800,0.0,0.0
2021-01-05 00:00:00-05:00,4.53000020980835,4.829999923706055,4.369999885559082,4.769999980926514,238000,0.0,0.0
2021-01-06 00:00:00-05:00,4.860000133514404,5.099999904632568,4.809999942779541,5.039999961853027,290900,0.0,0.0
2021-01-07 00:00:00-05:00,5.099999904632568,5.119999885559082,4.929999828338623,5.039999961853027,186000,0.0,0.0
2021-01-08 00:00:00-05:00,5.079999923706055,5.119999885559082,4.760000228881836,4.860000133514404,196300,0.0,0.0
2021-01-11 00:00:00-05:00,4.769999980926514,4.860000133514404,4.679999828338623,4.699999809265137,129500,0.0,0.0
2021-01-12 00:00:00-05:00,4.769999980926514,5.139999866485596,4.75,5.119999885559082,381900,0.0,0.0
2021-01-13 00:00:00-05:00,5.53000020980835,6.139999866485596,5.460000038146973,5.599999904632568,699200,0.0,0.0
2021-01-14 00:00:00-05:00,5.650000095367432,5.78000020980835,5.570000171661377,5.610000133514404,188300,0.0,0.0
2021-01-15 00:00:00-05:00,5.510000228881836,5.690000057220459,5.429999828338623,5.650000095367432,246100,0.0,0.0
2021-01-19 00:00:00-05:00,5.75,5.75,5.630000114440918,5.659999847412109,175100,0.0,0.0
2021-01-20 00:00:00-05:00,5.699999809265137,5.949999809265137,5.650000095367432,5.760000228881836,249500,0.0,0.0
2021-01-21 00:00:00-05:00,5.760000228881836,5.829999923706055,5.71999979019165,5.75,142700,0.0,0.0
2021-01-22 00:00:00-05:00,5.710000038146973,5.78000020980835,5.590000152587891,5.769999980926514,139600,0.0,0.0
2021-01-25 00:00:00-05:00,5.789999961853027,5.869999885559082,5.659999847412109,5.769999980926514,176000,0.0,0.0
2021-01-26 00:00:00-05:00,5.800000190734863,5.800000190734863,5.610000133514404,5.739999771118164,368000,0.0,0.0
2021-01-27 00:00:00-05:00,5.610000133514404,5.730000019073486,5.5,5.559999942779541,174300,0.0,0.0
2021-01-28 00:00:00-05:00,5.619999885559082,5.880000114440918,5.309999942779541,5.329999923706055,236200,0.0,0.0
2021-01-29 00:00:00-05:00,5.360000133514404,5.559999942779541,5.150000095367432,5.239999771118164,150800,0.0,0.0
2021-02-01 00:00:00-05:00,5.349999904632568,5.539999961853027,5.260000228881836,5.420000076293945,205000,0.0,0.0
2021-02-02 00:00:00-05:00,5.480000019073486,5.619999885559082,5.420000076293945,5.570000171661377,184900,0.0,0.0
2021-02-03 00:00:00-05:00,5.650000095367432,7.010000228881836,5.630000114440918,6.900000095367432,840500,0.0,0.0
2021-02-04 00:00:00-05:00,7.409999847412109,7.429999828338623,6.550000190734863,6.949999809265137,357900,0.0,0.0
2021-02-05 00:00:00-05:00,6.349999904632568,6.679999828338623,6.159999847412109,6.590000152587891,344800,0.0,0.0
2021-02-08 00:00:00-05:00,6.699999809265137,6.940000057220459,6.599999904632568,6.800000190734863,380400,0.0,0.0
2021-02-09 00:00:00-05:00,6.760000228881836,6.820000171661377,6.489999771118164,6.630000114440918,215700,0.0,0.0
2021-02-10 00:00:00-05:00,6.650000095367432,6.650000095367432,6.199999809265137,6.369999885559082,257600,0.0,0.0
2021-02-11 00:00:00-05:00,6.400000095367432,6.639999866485596,6.309999942779541,6.429999828338623,170000,0.0,0.0
2021-02-12 00:00:00-05:00,6.300000190734863,6.510000228881836,6.260000228881836,6.409999847412109,130300,0.0,0.0
2021-02-16 00:00:00-05:00,6.5,6.619999885559082,6.440000057220459,6.590000152587891,241400,0.0,0.0
2021-02-17 00:00:00-05:00,6.590000152587891,6.78000020980835,6.539999961853027,6.760000228881836,177300,0.0,0.0
2021-02-18 00:00:00-05:00,6.659999847412109,6.699999809265137,6.309999942779541,6.309999942779541,146400,0.0,0.0
2021-02-19 00:00:00-05:00,6.349999904632568,6.869999885559082,6.349999904632568,6.53000020980835,209900,0.0,0.0
2021-02-22 00:00:00-05:00,6.5,6.989999771118164,6.5,6.840000152587891,279500,0.0,0.0
2021-02-23 00:00:00-05:00,6.800000190734863,7.230000019073486,6.610000133514404,7.059999942779541,363500,0.0,0.0
2021-02-24 00:00:00-05:00,7.099999904632568,7.5,6.860000133514404,7.139999866485596,345500,0.0,0.0
2021-02-25 00:00:00-05:00,7.179999828338623,8.09000015258789,7.010000228881836,7.920000076293945,664500,0.0,0.0
2021-02-26 00:00:00-05:00,8.010000228881836,8.010000228881836,7.349999904632568,7.809999942779541,350500,0.0,0.0
2021-03-01 00:00:00-05:00,7.809999942779541,8.600000381469727,7.809999942779541,8.520000457763672,449500,0.0,0.0
2021-03-02 00:00:00-05:00,8.5,8.649999618530273,8.079999923706055,8.1899995803833,217300,0.0,0.0
2021-03-03 00:00:00-05:00,8.180000305175781,8.399999618530273,7.809999942779541,8.3100004196167,226000,0.0,0.0
2021-03-04 00:00:00-05:00,8.3100004196167,8.369999885559082,7.769999980926514,8.010000228881836,259600,0.0,0.0
2021-03-05 00:00:00-05:00,8.180000305175781,8.180000305175781,7.269999980926514,7.900000095367432,239100,0.0,0.0
2021-03-08 00:00:00-05:00,8.0,8.510000228881836,7.96999979019165,8.449999809265137,272000,0.0,0.0
2021-03-09 00:00:00-05:00,8.550000190734863,8.890000343322754,8.449999809265137,8.779999732971191,222000,0.0,0.0
2021-03-10 00:00:00-05:00,8.729999542236328,8.829999923706055,8.0600004196167,8.170000076293945,245000,0.0,0.0
2021-03-11 00:00:00-05:00,8.199999809265137,8.739999771118164,8.15999984741211,8.699999809265137,215300,0.0,0.0
2021-03-12 00:00:00-05:00,8.640000343322754,8.819999694824219,8.539999961853027,8.75,134600,0.0,0.0
2021-03-15 00:00:00-04:00,8.850000381469727,8.859999656677246,8.470000267028809,8.84000015258789,144200,0.0,0.0
2021-03-16 00:00:00-04:00,8.829999923706055,9.569999694824219,8.670000076293945,9.140000343322754,302900,0.0,0.0
2021-03-17 00:00:00-04:00,9.050000190734863,9.399999618530273,8.899999618530273,9.359999656677246,248800,0.0,0.0
2021-03-18 00:00:00-04:00,9.359999656677246,10.529999732971191,9.199999809265137,10.029999732971191,731300,0.0,0.0
2021-03-19 00:00:00-04:00,10.149999618530273,11.029999732971191,9.859999656677246,11.020000457763672,1480900,0.0,0.0
2021-03-22 00:00:00-04:00,11.390000343322754,11.479999542236328,10.880000114440918,11.180000305175781,581100,0.0,0.0
2021-03-23 00:00:00-04:00,11.180000305175781,11.600000381469727,10.34000015258789,11.34000015258789,745500,0.0,0.0
2021-03-24 00:00:00-04:00,11.369999885559082,11.470000267028809,10.09000015258789,10.09000015258789,331900,0.0,0.0
2021-03-25 00:00:00-04:00,9.84000015258789,9.84000015258789,8.630000114440918,8.979999542236328,441600,0.0,0.0
2021-03-26 00:00:00-04:00,9.0,9.029999732971191,8.600000381469727,8.770000457763672,267100,0.0,0.0
2021-03-29 00:00:00-04:00,8.760000228881836,9.210000038146973,8.380000114440918,8.550000190734863,375800,0.0,0.0
2021-03-30 00:00:00-04:00,8.529999732971191,9.170000076293945,8.479999542236328,8.770000457763672,638600,0.0,0.0
2021-03-31 00:00:00-04:00,9.300000190734863,10.8100004196167,9.25,10.4399995803833,540300,0.0,0.0
2021-04-01 00:00:00-04:00,10.4399995803833,10.739999771118164,9.699999809265137,10.670000076293945,300100,0.0,0.0
2021-04-05 00:00:00-04:00,10.779999732971191,11.680000305175781,10.539999961853027,11.300000190734863,358500,0.0,0.0
2021-04-06 00:00:00-04:00,11.3100004196167,11.5,10.579999923706055,10.779999732971191,178500,0.0,0.0
2021-04-07 00:00:00-04:00,10.739999771118164,10.899999618530273,10.109999656677246,10.670000076293945,279500,0.0,0.0
2021-04-08 00:00:00-04:00,10.600000381469727,10.960000038146973,10.550000190734863,10.789999961853027,122700,0.0,0.0
2021-04-09 00:00:00-04:00,10.710000038146973,10.710000038146973,9.699999809265137,9.920000076293945,214300,0.0,0.0
2021-04-12 00:00:00-04:00,9.970000267028809,9.979999542236328,9.420000076293945,9.579999923706055,188400,0.0,0.0
2021-04-13 00:00:00-04:00,9.430000305175781,9.630000114440918,9.109999656677246,9.550000190734863,428600,0.0,0.0
2021-04-14 00:00:00-04:00,9.579999923706055,10.100000381469727,9.579999923706055,10.0,175800,0.0,0.0
2021-04-15 00:00:00-04:00,10.0,10.09000015258789,9.739999771118164,10.0,139600,0.0,0.0
2021-04-16 00:00:00-04:00,10.079999923706055,10.40999984741211,9.899999618530273,10.270000457763672,164700,0.0,0.0
2021-04-19 00:00:00-04:00,10.229999542236328,10.510000228881836,10.0600004196167,10.260000228881836,183800,0.0,0.0
2021-04-20 00:00:00-04:00,10.199999809265137,10.460000038146973,9.569999694824219,9.949999809265137,144900,0.0,0.0
2021-04-21 00:00:00-04:00,9.920000076293945,10.489999771118164,9.920000076293945,10.430000305175781,135600,0.0,0.0
2021-04-22 00:00:00-04:00,10.489999771118164,10.550000190734863,10.050000190734863,10.100000381469727,132400,0.0,0.0
2021-04-23 00:00:00-04:00,10.1899995803833,10.510000228881836,9.989999771118164,10.210000038146973,262600,0.0,0.0
2021-04-26 00:00:00-04:00,10.300000190734863,10.430000305175781,9.529999732971191,9.609999656677246,160100,0.0,0.0
2021-04-27 00:00:00-04:00,9.75,10.170000076293945,9.65999984741211,9.949999809265137,176400,0.0,0.0
2021-04-28 00:00:00-04:00,9.899999618530273,9.949999809265137,9.539999961853027,9.710000038146973,138200,0.0,0.0
2021-04-29 00:00:00-04:00,9.829999923706055,10.34000015258789,9.720000267028809,10.270000457763672,124200,0.0,0.0
2021-04-30 00:00:00-04:00,9.960000038146973,10.229999542236328,9.869999885559082,10.199999809265137,193800,0.0,0.0
2021-05-03 00:00:00-04:00,10.130000114440918,10.149999618530273,9.760000228881836,10.0,136200,0.0,0.0
2021-05-04 00:00:00-04:00,9.930000305175781,11.050000190734863,9.930000305175781,10.670000076293945,595900,0.0,0.0
2021-05-05 00:00:00-04:00,10.670000076293945,10.850000381469727,10.270000457763672,10.449999809265137,215000,0.0,0.0
2021-05-06 00:00:00-04:00,10.390000343322754,10.619999885559082,9.739999771118164,10.399999618530273,317300,0.0,0.0
2021-05-07 00:00:00-04:00,9.0600004196167,9.739999771118164,8.75,9.279999732971191,685500,0.0,0.0
2021-05-10 00:00:00-04:00,9.25,9.319999694824219,8.600000381469727,8.630000114440918,321000,0.0,0.0
2021-05-11 00:00:00-04:00,8.510000228881836,8.630000114440918,8.119999885559082,8.399999618530273,270600,0.0,0.0
2021-05-12 00:00:00-04:00,8.630000114440918,8.850000381469727,8.380000114440918,8.760000228881836,275700,0.0,0.0
2021-05-13 00:00:00-04:00,8.930000305175781,10.229999542236328,8.930000305175781,9.84000015258789,371400,0.0,0.0
2021-05-14 00:00:00-04:00,9.84000015258789,10.600000381469727,9.800000190734863,10.390000343322754,253600,0.0,0.0
2021-05-17 00:00:00-04:00,10.40999984741211,11.09000015258789,10.260000228881836,10.890000343322754,289400,0.0,0.0
2021-05-18 00:00:00-04:00,10.869999885559082,11.470000267028809,10.460000038146973,10.75,215700,0.0,0.0
2021-05-19 00:00:00-04:00,10.710000038146973,10.720000267028809,10.100000381469727,10.479999542236328,147500,0.0,0.0
2021-05-20 00:00:00-04:00,10.470000267028809,11.0600004196167,10.369999885559082,10.949999809265137,140900,0.0,0.0
2021-05-21 00:00:00-04:00,11.119999885559082,12.369999885559082,10.949999809265137,12.239999771118164,545000,0.0,0.0
2021-05-24 00:00:00-04:00,12.5,13.079999923706055,12.380000114440918,12.520000457763672,478100,0.0,0.0
2021-05-25 00:00:00-04:00,12.6899995803833,12.770000457763672,12.0,12.09000015258789,193300,0.0,0.0
2021-05-26 00:00:00-04:00,12.1899995803833,12.319999694824219,12.0,12.079999923706055,112200,0.0,0.0
2021-05-27 00:00:00-04:00,12.25,12.25,11.800000190734863,12.0,103900,0.0,0.0
2021-05-28 00:00:00-04:00,11.970000267028809,12.210000038146973,11.800000190734863,12.039999961853027,85000,0.0,0.0
2021-06-01 00:00:00-04:00,12.069999694824219,12.279999732971191,12.0,12.039999961853027,126400,0.0,0.0
2021-06-02 00:00:00-04:00,12.0600004196167,12.789999961853027,11.789999961853027,12.739999771118164,128700,0.0,0.0
2021-06-03 00:00:00-04:00,12.800000190734863,12.800000190734863,12.140000343322754,12.229999542236328,124100,0.0,0.0
2021-06-04 00:00:00-04:00,12.420000076293945,12.420000076293945,11.920000076293945,12.220000267028809,103000,0.0,0.0
2021-06-07 00:00:00-04:00,12.239999771118164,12.760000228881836,11.859999656677246,12.140000343322754,210400,0.0,0.0
2021-06-08 00:00:00-04:00,12.149999618530273,12.149999618530273,11.930000305175781,11.949999809265137,89100,0.0,0.0
2021-06-09 00:00:00-04:00,11.949999809265137,12.020000457763672,11.670000076293945,11.930000305175781,144400,0.0,0.0
2021-06-10 00:00:00-04:00,12.020000457763672,12.289999961853027,11.899999618530273,12.09000015258789,143300,0.0,0.0
2021-06-11 00:00:00-04:00,12.15999984741211,12.199999809265137,11.680000305175781,11.930000305175781,118900,0.0,0.0
2021-06-14 00:00:00-04:00,11.930000305175781,12.010000228881836,11.5600004196167,11.930000305175781,177100,0.0,0.0
2021-06-15 00:00:00-04:00,11.949999809265137,12.0,11.289999961853027,11.65999984741211,117700,0.0,0.0
2021-06-16 00:00:00-04:00,11.609999656677246,11.609999656677246,11.010000228881836,11.199999809265137,138200,0.0,0.0
2021-06-17 00:00:00-04:00,11.100000381469727,11.34000015258789,10.90999984741211,10.989999771118164,211700,0.0,0.0
2021-06-18 00:00:00-04:00,10.90999984741211,11.25,10.90999984741211,11.0600004196167,188300,0.0,0.0
2021-06-21 00:00:00-04:00,11.069999694824219,11.359999656677246,11.0,11.039999961853027,178400,0.0,0.0
2021-06-22 00:00:00-04:00,11.010000228881836,11.229999542236328,10.6899995803833,11.109999656677246,186500,0.0,0.0
2021-06-23 00:00:00-04:00,11.109999656677246,11.390000343322754,10.90999984741211,11.050000190734863,253700,0.0,0.0
2021-06-24 00:00:00-04:00,11.109999656677246,12.34000015258789,10.800000190734863,11.970000267028809,218800,0.0,0.0
2021-06-25 00:00:00-04:00,11.9399995803833,12.579999923706055,11.710000038146973,12.020000457763672,2271900,0.0,0.0
2021-06-28 00:00:00-04:00,12.069999694824219,12.319999694824219,11.899999618530273,12.15999984741211,178700,0.0,0.0
2021-06-29 00:00:00-04:00,12.359999656677246,12.640000343322754,12.180000305175781,12.260000228881836,105900,0.0,0.0
2021-06-30 00:00:00-04:00,12.300000190734863,12.729999542236328,12.010000228881836,12.6899995803833,125800,0.0,0.0
2021-07-01 00:00:00-04:00,12.739999771118164,12.9399995803833,12.329999923706055,12.649999618530273,193800,0.0,0.0
2021-07-02 00:00:00-04:00,12.710000038146973,12.710000038146973,12.329999923706055,12.489999771118164,84500,0.0,0.0
2021-07-06 00:00:00-04:00,12.5600004196167,12.609999656677246,11.619999885559082,11.720000267028809,140400,0.0,0.0
2021-07-07 00:00:00-04:00,11.75,11.779999732971191,10.720000267028809,10.720000267028809,173200,0.0,0.0
2021-07-08 00:00:00-04:00,10.600000381469727,10.600000381469727,9.930000305175781,10.1899995803833,284600,0.0,0.0
2021-07-09 00:00:00-04:00,10.319999694824219,10.710000038146973,10.170000076293945,10.5,311200,0.0,0.0
2021-07-12 00:00:00-04:00,10.449999809265137,10.600000381469727,10.130000114440918,10.550000190734863,275500,0.0,0.0
2021-07-13 00:00:00-04:00,10.369999885559082,10.399999618530273,10.170000076293945,10.210000038146973,142400,0.0,0.0
2021-07-14 00:00:00-04:00,10.220000267028809,10.510000228881836,10.180000305175781,10.350000381469727,124000,0.0,0.0
2021-07-15 00:00:00-04:00,10.529999732971191,10.619999885559082,10.210000038146973,10.569999694824219,110800,0.0,0.0
2021-07-16 00:00:00-04:00,10.649999618530273,10.699999809265137,10.15999984741211,10.15999984741211,82600,0.0,0.0
2021-07-19 00:00:00-04:00,10.050000190734863,10.210000038146973,9.930000305175781,10.149999618530273,90000,0.0,0.0
2021-07-20 00:00:00-04:00,10.15999984741211,10.479999542236328,10.100000381469727,10.399999618530273,75500,0.0,0.0
2021-07-21 00:00:00-04:00,10.4399995803833,10.699999809265137,10.40999984741211,10.520000457763672,66100,0.0,0.0
2021-07-22 00:00:00-04:00,10.520000457763672,10.520000457763672,10.010000228881836,10.220000267028809,67900,0.0,0.0
2021-07-23 00:00:00-04:00,10.270000457763672,10.279999732971191,9.699999809265137,10.0,88700,0.0,0.0
2021-07-26 00:00:00-04:00,9.960000038146973,10.25,9.869999885559082,10.079999923706055,56900,0.0,0.0
2021-07-27 00:00:00-04:00,10.09000015258789,10.15999984741211,9.649999618530273,9.6899995803833,54800,0.0,0.0
2021-07-28 00:00:00-04:00,9.75,9.899999618530273,9.4399995803833,9.75,64700,0.0,0.0
2021-07-29 00:00:00-04:00,9.699999809265137,10.180000305175781,9.619999885559082,10.0,92500,0.0,0.0
2021-07-30 00:00:00-04:00,9.869999885559082,9.9399995803833,9.609999656677246,9.6899995803833,72200,0.0,0.0
2021-08-02 00:00:00-04:00,9.699999809265137,9.899999618530273,9.510000228881836,9.789999961853027,57500,0.0,0.0
2021-08-03 00:00:00-04:00,10.069999694824219,10.069999694824219,9.510000228881836,9.739999771118164,70100,0.0,0.0
2021-08-04 00:00:00-04:00,9.6899995803833,9.869999885559082,9.539999961853027,9.829999923706055,47500,0.0,0.0
2021-08-05 00:00:00-04:00,9.8100004196167,9.850000381469727,9.369999885559082,9.399999618530273,51700,0.0,0.0
2021-08-06 00:00:00-04:00,9.399999618530273,9.59000015258789,9.130000114440918,9.279999732971191,124300,0.0,0.0
2021-08-09 00:00:00-04:00,9.239999771118164,9.279999732971191,8.649999618530273,8.729999542236328,123800,0.0,0.0
2021-08-10 00:00:00-04:00,8.90999984741211,9.119999885559082,8.739999771118164,9.010000228881836,108100,0.0,0.0
2021-08-11 00:00:00-04:00,9.100000381469727,9.119999885559082,8.680000305175781,8.760000228881836,113200,0.0,0.0
2021-08-12 00:00:00-04:00,8.699999809265137,9.149999618530273,8.699999809265137,9.079999923706055,142900,0.0,0.0
2021-08-13 00:00:00-04:00,9.039999961853027,9.050000190734863,8.520000457763672,8.59000015258789,68300,0.0,0.0
2021-08-16 00:00:00-04:00,8.510000228881836,8.619999885559082,8.260000228881836,8.350000381469727,154700,0.0,0.0
2021-08-17 00:00:00-04:00,8.270000457763672,8.329999923706055,7.309999942779541,8.09000015258789,577100,0.0,0.0
2021-08-18 00:00:00-04:00,8.0600004196167,8.199999809265137,7.71999979019165,7.730000019073486,73900,0.0,0.0
2021-08-19 00:00:00-04:00,7.650000095367432,7.769999980926514,7.510000228881836,7.710000038146973,75400,0.0,0.0
2021-08-20 00:00:00-04:00,7.760000228881836,8.0,7.590000152587891,7.869999885559082,56100,0.0,0.0
2021-08-23 00:00:00-04:00,7.920000076293945,8.029999732971191,7.78000020980835,7.809999942779541,45200,0.0,0.0
2021-08-24 00:00:00-04:00,7.809999942779541,7.980000019073486,7.710000038146973,7.909999847412109,43000,0.0,0.0
2021-08-25 00:00:00-04:00,7.929999828338623,8.069999694824219,7.78000020980835,7.800000190734863,75500,0.0,0.0
2021-08-26 00:00:00-04:00,7.769999980926514,7.880000114440918,7.409999847412109,7.489999771118164,145000,0.0,0.0
2021-08-27 00:00:00-04:00,7.5,7.659999847412109,7.420000076293945,7.510000228881836,96600,0.0,0.0
2021-08-30 00:00:00-04:00,7.5,7.519999980926514,7.230000019073486,7.260000228881836,66700,0.0,0.0
2021-08-31 00:00:00-04:00,7.21999979019165,7.579999923706055,7.210000038146973,7.400000095367432,90400,0.0,0.0
2021-09-01 00:00:00-04:00,7.690000057220459,7.929999828338623,7.579999923706055,7.690000057220459,309500,0.0,0.0
2021-09-02 00:00:00-04:00,7.860000133514404,8.760000228881836,7.860000133514404,8.460000038146973,437600,0.0,0.0
2021-09-03 00:00:00-04:00,8.460000038146973,8.470000267028809,7.860000133514404,8.25,171700,0.0,0.0
2021-09-07 00:00:00-04:00,8.260000228881836,8.470000267028809,7.929999828338623,8.34000015258789,74900,0.0,0.0
2021-09-08 00:00:00-04:00,8.300000190734863,8.380000114440918,7.960000038146973,8.180000305175781,66700,0.0,0.0
2021-09-09 00:00:00-04:00,8.199999809265137,8.34000015258789,7.400000095367432,8.34000015258789,306900,0.0,0.0
2021-09-10 00:00:00-04:00,8.760000228881836,9.239999771118164,8.649999618530273,8.75,451200,0.0,0.0
2021-09-13 00:00:00-04:00,8.760000228881836,9.149999618530273,8.550000190734863,8.90999984741211,125800,0.0,0.0
2021-09-14 00:00:00-04:00,9.039999961853027,9.039999961853027,8.569999694824219,8.640000343322754,92400,0.0,0.0
2021-09-15 00:00:00-04:00,8.569999694824219,8.6899995803833,8.369999885559082,8.609999656677246,95900,0.0,0.0
2021-09-16 00:00:00-04:00,8.670000076293945,9.130000114440918,8.550000190734863,9.0600004196167,90500,0.0,0.0
2021-09-17 00:00:00-04:00,9.0600004196167,9.079999923706055,8.890000343322754,9.039999961853027,58400,0.0,0.0
2021-09-20 00:00:00-04:00,8.800000190734863,8.989999771118164,8.569999694824219,8.75,218800,0.0,0.0
2021-09-21 00:00:00-04:00,8.779999732971191,9.109999656677246,8.630000114440918,9.0,93400,0.0,0.0
2021-09-22 00:00:00-04:00,9.069999694824219,9.15999984741211,8.829999923706055,8.869999885559082,94600,0.0,0.0
2021-09-23 00:00:00-04:00,8.9399995803833,9.279999732971191,8.8100004196167,8.979999542236328,130600,0.0,0.0
2021-09-24 00:00:00-04:00,8.989999771118164,9.0600004196167,8.739999771118164,8.829999923706055,91400,0.0,0.0
2021-09-27 00:00:00-04:00,8.75,9.279999732971191,8.75,8.890000343322754,124100,0.0,0.0
2021-09-28 00:00:00-04:00,8.850000381469727,8.899999618530273,8.359999656677246,8.5,71200,0.0,0.0
2021-09-29 00:00:00-04:00,8.479999542236328,8.720000267028809,8.479999542236328,8.569999694824219,36900,0.0,0.0
2021-09-30 00:00:00-04:00,8.619999885559082,8.619999885559082,8.289999961853027,8.40999984741211,62400,0.0,0.0
2021-10-01 00:00:00-04:00,8.449999809265137,8.520000457763672,8.119999885559082,8.210000038146973,111600,0.0,0.0
2021-10-04 00:00:00-04:00,8.239999771118164,8.34000015258789,7.820000171661377,7.920000076293945,137600,0.0,0.0
2021-10-05 00:00:00-04:00,7.920000076293945,8.180000305175781,7.78000020980835,7.960000038146973,62700,0.0,0.0
2021-10-06 00:00:00-04:00,7.920000076293945,7.96999979019165,7.699999809265137,7.760000228881836,99000,0.0,0.0
2021-10-07 00:00:00-04:00,7.869999885559082,8.319999694824219,7.869999885559082,8.0600004196167,73500,0.0,0.0
2021-10-08 00:00:00-04:00,8.119999885559082,8.199999809265137,7.900000095367432,7.949999809265137,34300,0.0,0.0
2021-10-11 00:00:00-04:00,8.0,8.039999961853027,7.650000095367432,7.679999828338623,73900,0.0,0.0
2021-10-12 00:00:00-04:00,7.650000095367432,7.75,7.559999942779541,7.619999885559082,55700,0.0,0.0
2021-10-13 00:00:00-04:00,7.679999828338623,7.789999961853027,7.53000020980835,7.599999904632568,64700,0.0,0.0
2021-10-14 00:00:00-04:00,7.619999885559082,7.800000190734863,7.599999904632568,7.760000228881836,95400,0.0,0.0
2021-10-15 00:00:00-04:00,7.960000038146973,8.149999618530273,7.650000095367432,7.78000020980835,105700,0.0,0.0
2021-10-18 00:00:00-04:00,7.809999942779541,7.909999847412109,7.579999923706055,7.639999866485596,53600,0.0,0.0
2021-10-19 00:00:00-04:00,7.650000095367432,7.699999809265137,7.559999942779541,7.619999885559082,50700,0.0,0.0
2021-10-20 00:00:00-04:00,7.670000076293945,8.0,7.650000095367432,7.989999771118164,104900,0.0,0.0
2021-10-21 00:00:00-04:00,8.029999732971191,8.09000015258789,7.699999809265137,7.730000019073486,46400,0.0,0.0
2021-10-22 00:00:00-04:00,7.699999809265137,7.710000038146973,7.329999923706055,7.389999866485596,141200,0.0,0.0
2021-10-25 00:00:00-04:00,7.349999904632568,7.489999771118164,7.28000020980835,7.429999828338623,89500,0.0,0.0
2021-10-26 00:00:00-04:00,7.449999809265137,7.679999828338623,7.449999809265137,7.630000114440918,146300,0.0,0.0
2021-10-27 00:00:00-04:00,7.599999904632568,7.75,7.599999904632568,7.650000095367432,121900,0.0,0.0
2021-10-28 00:00:00-04:00,7.690000057220459,7.829999923706055,7.650000095367432,7.739999771118164,82000,0.0,0.0
2021-10-29 00:00:00-04:00,7.71999979019165,7.78000020980835,7.519999980926514,7.550000190734863,48500,0.0,0.0
2021-11-01 00:00:00-04:00,7.559999942779541,7.760000228881836,7.559999942779541,7.610000133514404,91300,0.0,0.0
2021-11-02 00:00:00-04:00,7.610000133514404,7.730000019073486,7.349999904632568,7.460000038146973,108400,0.0,0.0
2021-11-03 00:00:00-04:00,7.510000228881836,7.849999904632568,7.5,7.610000133514404,113000,0.0,0.0
2021-11-04 00:00:00-04:00,7.579999923706055,7.769999980926514,7.46999979019165,7.489999771118164,171900,0.0,0.0
2021-11-05 00:00:00-04:00,8.1899995803833,9.140000343322754,8.1899995803833,8.350000381469727,373500,0.0,0.0
2021-11-08 00:00:00-05:00,8.359999656677246,8.569999694824219,8.3100004196167,8.350000381469727,102100,0.0,0.0
2021-11-09 00:00:00-05:00,8.3100004196167,8.600000381469727,8.239999771118164,8.25,129700,0.0,0.0
2021-11-10 00:00:00-05:00,8.279999732971191,8.510000228881836,8.0,8.399999618530273,106500,0.0,0.0
2021-11-11 00:00:00-05:00,8.399999618530273,8.880000114440918,8.3100004196167,8.539999961853027,102400,0.0,0.0
2021-11-12 00:00:00-05:00,8.539999961853027,8.539999961853027,8.130000114440918,8.329999923706055,105600,0.0,0.0
2021-11-15 00:00:00-05:00,8.300000190734863,8.489999771118164,8.029999732971191,8.029999732971191,48400,0.0,0.0
2021-11-16 00:00:00-05:00,8.0,8.079999923706055,7.670000076293945,7.849999904632568,97900,0.0,0.0
2021-11-17 00:00:00-05:00,7.829999923706055,8.079999923706055,7.809999942779541,8.010000228881836,102600,0.0,0.0
2021-11-18 00:00:00-05:00,8.050000190734863,8.109999656677246,7.510000228881836,7.550000190734863,125700,0.0,0.0
2021-11-19 00:00:00-05:00,7.570000171661377,7.599999904632568,7.269999980926514,7.269999980926514,89000,0.0,0.0
2021-11-22 00:00:00-05:00,7.28000020980835,7.480000019073486,7.059999942779541,7.150000095367432,100200,0.0,0.0
2021-11-23 00:00:00-05:00,7.21999979019165,7.349999904632568,7.0,7.039999961853027,141700,0.0,0.0
2021-11-24 00:00:00-05:00,7.019999980926514,7.190000057220459,6.900000095367432,7.099999904632568,46200,0.0,0.0
2021-11-26 00:00:00-05:00,6.920000076293945,7.059999942779541,6.739999771118164,6.849999904632568,132600,0.0,0.0
2021-11-29 00:00:00-05:00,6.900000095367432,6.900000095367432,6.590000152587891,6.590000152587891,92600,0.0,0.0
2021-11-30 00:00:00-05:00,6.539999961853027,6.570000171661377,6.239999771118164,6.289999961853027,147200,0.0,0.0
2021-12-01 00:00:00-05:00,6.5,6.5,5.960000038146973,6.0,271000,0.0,0.0
2021-12-02 00:00:00-05:00,6.210000038146973,6.5,5.989999771118164,6.21999979019165,433400,0.0,0.0
2021-12-03 00:00:00-05:00,6.179999828338623,6.5,6.070000171661377,6.349999904632568,95900,0.0,0.0
2021-12-06 00:00:00-05:00,6.46999979019165,6.920000076293945,6.380000114440918,6.860000133514404,224700,0.0,0.0
2021-12-07 00:00:00-05:00,6.929999828338623,7.349999904632568,6.869999885559082,7.269999980926514,120800,0.0,0.0
2021-12-08 00:00:00-05:00,7.300000190734863,7.389999866485596,7.070000171661377,7.199999809265137,73900,0.0,0.0
2021-12-09 00:00:00-05:00,7.139999866485596,7.190000057220459,6.840000152587891,6.900000095367432,88000,0.0,0.0
2021-12-10 00:00:00-05:00,7.010000228881836,7.25,6.829999923706055,6.889999866485596,81600,0.0,0.0
2021-12-13 00:00:00-05:00,6.980000019073486,6.980000019073486,6.550000190734863,6.670000076293945,122900,0.0,0.0
2021-12-14 00:00:00-05:00,6.519999980926514,6.909999847412109,6.519999980926514,6.690000057220459,98200,0.0,0.0
2021-12-15 00:00:00-05:00,6.639999866485596,6.639999866485596,6.300000190734863,6.46999979019165,130500,0.0,0.0
2021-12-16 00:00:00-05:00,6.829999923706055,6.900000095367432,6.489999771118164,6.5,136700,0.0,0.0
2021-12-17 00:00:00-05:00,6.909999847412109,6.909999847412109,6.420000076293945,6.599999904632568,80700,0.0,0.0
2021-12-20 00:00:00-05:00,6.429999828338623,6.639999866485596,6.199999809265137,6.380000114440918,121900,0.0,0.0
2021-12-21 00:00:00-05:00,6.480000019073486,6.840000152587891,6.480000019073486,6.639999866485596,128600,0.0,0.0
2021-12-22 00:00:00-05:00,6.710000038146973,6.800000190734863,6.630000114440918,6.800000190734863,52500,0.0,0.0
2021-12-23 00:00:00-05:00,6.809999942779541,6.809999942779541,6.579999923706055,6.710000038146973,33800,0.0,0.0
2021-12-27 00:00:00-05:00,6.710000038146973,7.050000190734863,6.659999847412109,6.800000190734863,59400,0.0,0.0
2021-12-28 00:00:00-05:00,6.760000228881836,7.010000228881836,6.760000228881836,6.949999809265137,67700,0.0,0.0
2021-12-29 00:00:00-05:00,7.0,7.03000020980835,6.800000190734863,7.0,69500,0.0,0.0
2021-12-30 00:00:00-05:00,7.010000228881836,7.380000114440918,7.010000228881836,7.329999923706055,127900,0.0,0.0
2021-12-31 00:00:00-05:00,7.340000152587891,7.559999942779541,7.340000152587891,7.449999809265137,81300,0.0,0.0
2022-01-03 00:00:00-05:00,7.519999980926514,7.739999771118164,7.519999980926514,7.639999866485596,73400,0.0,0.0
2022-01-04 00:00:00-05:00,7.650000095367432,7.880000114440918,7.650000095367432,7.739999771118164,119300,0.0,0.0
2022-01-05 00:00:00-05:00,7.739999771118164,7.789999961853027,7.300000190734863,7.369999885559082,134000,0.0,0.0
2022-01-06 00:00:00-05:00,7.340000152587891,7.460000038146973,7.25,7.269999980926514,202700,0.0,0.0
2022-01-07 00:00:00-05:00,7.269999980926514,7.619999885559082,7.269999980926514,7.510000228881836,71000,0.0,0.0
2022-01-10 00:00:00-05:00,7.409999847412109,7.519999980926514,7.289999961853027,7.320000171661377,94600,0.0,0.0
2022-01-11 00:00:00-05:00,7.420000076293945,7.420000076293945,6.829999923706055,6.929999828338623,121800,0.0,0.0
2022-01-12 00:00:00-05:00,6.929999828338623,7.090000152587891,6.909999847412109,6.980000019073486,47300,0.0,0.0
2022-01-13 00:00:00-05:00,7.0,7.639999866485596,7.0,7.300000190734863,126200,0.0,0.0
2022-01-14 00:00:00-05:00,7.230000019073486,7.380000114440918,7.199999809265137,7.380000114440918,71600,0.0,0.0
2022-01-18 00:00:00-05:00,7.260000228881836,7.329999923706055,6.920000076293945,7.0,102800,0.0,0.0
2022-01-19 00:00:00-05:00,7.099999904632568,7.130000114440918,6.659999847412109,6.800000190734863,143300,0.0,0.0
2022-01-20 00:00:00-05:00,6.75,6.949999809265137,6.599999904632568,6.619999885559082,114900,0.0,0.0
2022-01-21 00:00:00-05:00,6.570000171661377,6.710000038146973,6.380000114440918,6.400000095367432,165700,0.0,0.0
2022-01-24 00:00:00-05:00,6.559999942779541,6.559999942779541,6.119999885559082,6.239999771118164,119200,0.0,0.0
2022-01-25 00:00:00-05:00,6.400000095367432,6.409999847412109,6.079999923706055,6.349999904632568,111100,0.0,0.0
2022-01-26 00:00:00-05:00,6.400000095367432,6.570000171661377,6.179999828338623,6.239999771118164,49900,0.0,0.0
2022-01-27 00:00:00-05:00,6.28000020980835,6.449999809265137,6.019999980926514,6.03000020980835,90400,0.0,0.0
2022-01-28 00:00:00-05:00,6.079999923706055,6.130000114440918,6.010000228881836,6.119999885559082,105600,0.0,0.0
2022-01-31 00:00:00-05:00,6.130000114440918,6.46999979019165,6.099999904632568,6.389999866485596,183400,0.0,0.0
2022-02-01 00:00:00-05:00,6.360000133514404,6.579999923706055,6.349999904632568,6.489999771118164,109600,0.0,0.0
2022-02-02 00:00:00-05:00,6.71999979019165,6.71999979019165,6.269999980926514,6.289999961853027,99500,0.0,0.0
2022-02-03 00:00:00-05:00,6.329999923706055,6.409999847412109,6.039999961853027,6.079999923706055,321800,0.0,0.0
2022-02-04 00:00:00-05:00,6.210000038146973,6.579999923706055,5.46999979019165,5.5,722400,0.0,0.0
2022-02-07 00:00:00-05:00,5.579999923706055,5.599999904632568,5.300000190734863,5.590000152587891,291400,0.0,0.0
2022-02-08 00:00:00-05:00,5.670000076293945,6.039999961853027,5.570000171661377,6.039999961853027,421000,0.0,0.0
2022-02-09 00:00:00-05:00,6.119999885559082,6.260000228881836,5.960000038146973,6.070000171661377,198900,0.0,0.0
2022-02-10 00:00:00-05:00,5.949999809265137,6.070000171661377,5.730000019073486,5.829999923706055,122200,0.0,0.0
2022-02-11 00:00:00-05:00,5.800000190734863,5.909999847412109,5.559999942779541,5.659999847412109,170700,0.0,0.0
2022-02-14 00:00:00-05:00,5.659999847412109,5.900000095367432,5.659999847412109,5.78000020980835,107000,0.0,0.0
2022-02-15 00:00:00-05:00,5.909999847412109,6.03000020980835,5.849999904632568,5.949999809265137,70400,0.0,0.0
2022-02-16 00:00:00-05:00,5.900000095367432,5.980000019073486,5.760000228881836,5.949999809265137,182600,0.0,0.0
2022-02-17 00:00:00-05:00,5.840000152587891,6.110000133514404,5.840000152587891,6.070000171661377,111700,0.0,0.0
2022-02-18 00:00:00-05:00,6.050000190734863,6.090000152587891,5.889999866485596,5.889999866485596,73600,0.0,0.0
2022-02-22 00:00:00-05:00,5.849999904632568,5.880000114440918,5.699999809265137,5.809999942779541,91900,0.0,0.0
2022-02-23 00:00:00-05:00,5.869999885559082,5.949999809265137,5.75,5.760000228881836,65500,0.0,0.0
2022-02-24 00:00:00-05:00,5.53000020980835,5.949999809265137,5.460000038146973,5.869999885559082,89700,0.0,0.0
2022-02-25 00:00:00-05:00,5.909999847412109,6.179999828338623,5.840000152587891,6.090000152587891,111800,0.0,0.0
2022-02-28 00:00:00-05:00,5.96999979019165,6.199999809265137,5.909999847412109,6.119999885559082,94800,0.0,0.0
2022-03-01 00:00:00-05:00,6.090000152587891,6.190000057220459,5.900000095367432,5.940000057220459,71900,0.0,0.0
2022-03-02 00:00:00-05:00,5.989999771118164,6.159999847412109,5.980000019073486,6.070000171661377,84500,0.0,0.0
2022-03-03 00:00:00-05:00,6.099999904632568,6.110000133514404,5.96999979019165,6.010000228881836,46600,0.0,0.0
2022-03-04 00:00:00-05:00,5.960000038146973,6.059999942779541,5.880000114440918,5.940000057220459,112500,0.0,0.0
2022-03-07 00:00:00-05:00,5.940000057220459,6.110000133514404,5.940000057220459,6.050000190734863,149300,0.0,0.0
2022-03-08 00:00:00-05:00,6.170000076293945,6.21999979019165,5.929999828338623,5.960000038146973,217800,0.0,0.0
2022-03-09 00:00:00-05:00,6.070000171661377,6.21999979019165,6.050000190734863,6.130000114440918,131400,0.0,0.0
2022-03-10 00:00:00-05:00,5.980000019073486,6.199999809265137,5.980000019073486,6.150000095367432,78300,0.0,0.0
2022-03-11 00:00:00-05:00,6.170000076293945,6.179999828338623,6.010000228881836,6.010000228881836,92500,0.0,0.0
2022-03-14 00:00:00-04:00,6.070000171661377,6.190000057220459,5.920000076293945,6.159999847412109,132100,0.0,0.0
2022-03-15 00:00:00-04:00,6.199999809265137,6.409999847412109,6.150000095367432,6.369999885559082,90200,0.0,0.0
2022-03-16 00:00:00-04:00,6.480000019073486,6.800000190734863,6.480000019073486,6.789999961853027,73300,0.0,0.0
2022-03-17 00:00:00-04:00,6.809999942779541,7.25,6.78000020980835,7.159999847412109,137500,0.0,0.0
2022-03-18 00:00:00-04:00,7.050000190734863,7.489999771118164,7.050000190734863,7.460000038146973,180400,0.0,0.0
2022-03-21 00:00:00-04:00,7.369999885559082,7.559999942779541,7.119999885559082,7.210000038146973,125500,0.0,0.0
2022-03-22 00:00:00-04:00,7.21999979019165,7.329999923706055,7.110000133514404,7.309999942779541,90000,0.0,0.0
2022-03-23 00:00:00-04:00,7.25,7.289999961853027,7.0,7.03000020980835,60600,0.0,0.0
2022-03-24 00:00:00-04:00,7.050000190734863,7.190000057220459,6.960000038146973,7.059999942779541,33200,0.0,0.0
2022-03-25 00:00:00-04:00,7.099999904632568,7.110000133514404,6.900000095367432,6.909999847412109,37200,0.0,0.0
2022-03-28 00:00:00-04:00,6.889999866485596,7.130000114440918,6.880000114440918,7.059999942779541,64600,0.0,0.0
2022-03-29 00:00:00-04:00,7.179999828338623,7.400000095367432,7.119999885559082,7.119999885559082,71400,0.0,0.0
2022-03-30 00:00:00-04:00,7.099999904632568,7.400000095367432,7.010000228881836,7.21999979019165,100600,0.0,0.0
2022-03-31 00:00:00-04:00,7.170000076293945,7.349999904632568,7.079999923706055,7.119999885559082,38100,0.0,0.0
2022-04-01 00:00:00-04:00,7.119999885559082,7.28000020980835,6.989999771118164,7.25,34200,0.0,0.0
2022-04-04 00:00:00-04:00,7.300000190734863,7.829999923706055,7.300000190734863,7.78000020980835,233700,0.0,0.0
2022-04-05 00:00:00-04:00,7.769999980926514,7.820000171661377,7.269999980926514,7.599999904632568,142200,0.0,0.0
2022-04-06 00:00:00-04:00,7.510000228881836,7.510000228881836,7.070000171661377,7.190000057220459,53000,0.0,0.0
2022-04-07 00:00:00-04:00,7.199999809265137,7.349999904632568,7.010000228881836,7.050000190734863,53400,0.0,0.0
2022-04-08 00:00:00-04:00,7.070000171661377,7.179999828338623,6.989999771118164,7.0,34200,0.0,0.0
2022-04-11 00:00:00-04:00,7.0,7.010000228881836,6.659999847412109,6.760000228881836,114300,0.0,0.0
2022-04-12 00:00:00-04:00,6.960000038146973,6.960000038146973,6.630000114440918,6.699999809265137,26000,0.0,0.0
2022-04-13 00:00:00-04:00,6.869999885559082,6.869999885559082,6.630000114440918,6.699999809265137,19000,0.0,0.0
2022-04-14 00:00:00-04:00,6.75,6.829999923706055,6.539999961853027,6.630000114440918,28100,0.0,0.0
2022-04-18 00:00:00-04:00,6.789999961853027,6.789999961853027,6.5,6.510000228881836,36300,0.0,0.0
2022-04-19 00:00:00-04:00,6.590000152587891,6.869999885559082,6.590000152587891,6.690000057220459,23800,0.0,0.0
2022-04-20 00:00:00-04:00,6.760000228881836,6.909999847412109,6.659999847412109,6.909999847412109,64100,0.0,0.0
2022-04-21 00:00:00-04:00,6.96999979019165,6.96999979019165,6.579999923706055,6.639999866485596,20700,0.0,0.0
2022-04-22 00:00:00-04:00,6.599999904632568,6.659999847412109,6.340000152587891,6.360000133514404,52200,0.0,0.0
2022-04-25 00:00:00-04:00,6.25,6.539999961853027,6.110000133514404,6.360000133514404,62600,0.0,0.0
2022-04-26 00:00:00-04:00,6.380000114440918,6.380000114440918,6.010000228881836,6.099999904632568,55700,0.0,0.0
2022-04-27 00:00:00-04:00,6.099999904632568,6.440000057220459,6.099999904632568,6.21999979019165,52300,0.0,0.0
2022-04-28 00:00:00-04:00,6.269999980926514,6.550000190734863,6.119999885559082,6.289999961853027,98500,0.0,0.0
2022-04-29 00:00:00-04:00,6.550000190734863,6.550000190734863,6.25,6.28000020980835,79300,0.0,0.0
2022-05-02 00:00:00-04:00,6.28000020980835,6.340000152587891,6.099999904632568,6.289999961853027,39800,0.0,0.0
2022-05-03 00:00:00-04:00,6.239999771118164,6.369999885559082,6.090000152587891,6.099999904632568,20000,0.0,0.0
2022-05-04 00:00:00-04:00,6.21999979019165,6.380000114440918,6.019999980926514,6.340000152587891,72600,0.0,0.0
2022-05-05 00:00:00-04:00,6.329999923706055,6.590000152587891,6.21999979019165,6.590000152587891,133200,0.0,0.0
2022-05-06 00:00:00-04:00,6.550000190734863,6.550000190734863,5.849999904632568,5.889999866485596,164400,0.0,0.0
2022-05-09 00:00:00-04:00,5.96999979019165,6.360000133514404,5.340000152587891,5.440000057220459,136100,0.0,0.0
2022-05-10 00:00:00-04:00,5.610000133514404,5.690000057220459,5.019999980926514,5.070000171661377,199400,0.0,0.0
2022-05-11 00:00:00-04:00,5.110000133514404,5.380000114440918,4.940000057220459,5.079999923706055,137500,0.0,0.0
2022-05-12 00:00:00-04:00,5.079999923706055,5.340000152587891,4.96999979019165,5.340000152587891,55200,0.0,0.0
2022-05-13 00:00:00-04:00,5.349999904632568,5.639999866485596,5.309999942779541,5.320000171661377,40300,0.0,0.0
2022-05-16 00:00:00-04:00,5.320000171661377,5.519999980926514,5.320000171661377,5.409999847412109,53700,0.0,0.0
2022-05-17 00:00:00-04:00,5.5,5.590000152587891,5.449999809265137,5.5,19300,0.0,0.0
2022-05-18 00:00:00-04:00,5.5,5.5,5.130000114440918,5.28000020980835,184100,0.0,0.0
2022-05-19 00:00:00-04:00,5.230000019073486,5.389999866485596,5.170000076293945,5.269999980926514,73500,0.0,0.0
2022-05-20 00:00:00-04:00,5.28000020980835,5.300000190734863,5.059999942779541,5.119999885559082,40400,0.0,0.0
2022-05-23 00:00:00-04:00,5.159999847412109,5.159999847412109,4.840000152587891,4.929999828338623,64800,0.0,0.0
2022-05-24 00:00:00-04:00,4.840000152587891,4.880000114440918,4.610000133514404,4.699999809265137,53200,0.0,0.0
2022-05-25 00:00:00-04:00,4.699999809265137,5.059999942779541,4.619999885559082,5.019999980926514,55200,0.0,0.0
2022-05-26 00:00:00-04:00,5.019999980926514,5.119999885559082,4.800000190734863,4.880000114440918,58500,0.0,0.0
2022-05-27 00:00:00-04:00,4.920000076293945,5.150000095367432,4.909999847412109,5.070000171661377,48900,0.0,0.0
2022-05-31 00:00:00-04:00,5.079999923706055,5.150000095367432,4.800000190734863,5.0,120000,0.0,0.0
2022-06-01 00:00:00-04:00,4.96999979019165,5.269999980926514,4.800000190734863,5.170000076293945,154200,0.0,0.0
2022-06-02 00:00:00-04:00,5.150000095367432,5.5,5.050000190734863,5.059999942779541,140100,0.0,0.0
2022-06-03 00:00:00-04:00,5.039999961853027,5.239999771118164,4.909999847412109,4.96999979019165,73900,0.0,0.0
2022-06-06 00:00:00-04:00,5.039999961853027,5.119999885559082,4.800000190734863,4.889999866485596,88700,0.0,0.0
2022-06-07 00:00:00-04:00,4.809999942779541,5.239999771118164,4.809999942779541,5.130000114440918,64300,0.0,0.0
2022-06-08 00:00:00-04:00,5.210000038146973,5.210000038146973,5.010000228881836,5.070000171661377,13200,0.0,0.0
2022-06-09 00:00:00-04:00,5.0,5.159999847412109,4.909999847412109,5.119999885559082,14100,0.0,0.0
2022-06-10 00:00:00-04:00,5.110000133514404,5.110000133514404,4.909999847412109,5.03000020980835,24500,0.0,0.0
2022-06-13 00:00:00-04:00,4.920000076293945,5.0,4.789999961853027,4.820000171661377,92100,0.0,0.0
2022-06-14 00:00:00-04:00,4.849999904632568,4.96999979019165,4.760000228881836,4.800000190734863,32200,0.0,0.0
2022-06-15 00:00:00-04:00,4.809999942779541,5.099999904632568,4.809999942779541,5.050000190734863,58600,0.0,0.0
2022-06-16 00:00:00-04:00,4.96999979019165,5.050000190734863,4.820000171661377,4.889999866485596,61100,0.0,0.0
2022-06-17 00:00:00-04:00,4.860000133514404,4.949999809265137,4.710000038146973,4.75,59700,0.0,0.0
2022-06-21 00:00:00-04:00,4.739999771118164,4.889999866485596,4.5,4.53000020980835,94700,0.0,0.0
2022-06-22 00:00:00-04:00,4.710000038146973,4.730000019073486,4.440000057220459,4.5,25000,0.0,0.0
2022-06-23 00:00:00-04:00,4.46999979019165,4.849999904632568,4.329999923706055,4.579999923706055,61400,0.0,0.0
2022-06-24 00:00:00-04:00,4.710000038146973,4.800000190734863,4.539999961853027,4.590000152587891,45000,0.0,0.0
2022-06-27 00:00:00-04:00,4.590000152587891,4.590000152587891,4.449999809265137,4.550000190734863,29500,0.0,0.0
2022-06-28 00:00:00-04:00,4.619999885559082,4.630000114440918,4.5,4.599999904632568,17000,0.0,0.0
2022-06-29 00:00:00-04:00,4.760000228881836,4.760000228881836,4.489999771118164,4.550000190734863,20500,0.0,0.0
2022-06-30 00:00:00-04:00,4.699999809265137,4.699999809265137,4.449999809265137,4.690000057220459,20400,0.0,0.0
2022-07-01 00:00:00-04:00,4.849999904632568,4.849999904632568,4.579999923706055,4.659999847412109,11800,0.0,0.0
2022-07-05 00:00:00-04:00,4.659999847412109,4.699999809265137,4.389999866485596,4.590000152587891,42900,0.0,0.0
2022-07-06 00:00:00-04:00,4.579999923706055,4.679999828338623,4.5,4.570000171661377,37400,0.0,0.0
2022-07-07 00:00:00-04:00,4.630000114440918,4.800000190734863,4.590000152587891,4.639999866485596,11700,0.0,0.0
2022-07-08 00:00:00-04:00,4.659999847412109,4.789999961853027,4.510000228881836,4.670000076293945,65800,0.0,0.0
2022-07-11 00:00:00-04:00,4.420000076293945,4.690000057220459,4.420000076293945,4.619999885559082,11700,0.0,0.0
2022-07-12 00:00:00-04:00,4.610000133514404,4.849999904632568,4.550000190734863,4.679999828338623,63600,0.0,0.0
2022-07-13 00:00:00-04:00,4.650000095367432,4.679999828338623,4.590000152587891,4.679999828338623,15100,0.0,0.0
2022-07-14 00:00:00-04:00,4.739999771118164,4.739999771118164,4.570000171661377,4.590000152587891,17400,0.0,0.0
2022-07-15 00:00:00-04:00,4.570000171661377,4.849999904632568,4.570000171661377,4.809999942779541,73200,0.0,0.0
2022-07-18 00:00:00-04:00,4.840000152587891,5.099999904632568,4.679999828338623,5.010000228881836,85300,0.0,0.0
2022-07-19 00:00:00-04:00,5.010000228881836,5.179999828338623,4.920000076293945,4.960000038146973,53500,0.0,0.0
2022-07-20 00:00:00-04:00,5.119999885559082,5.239999771118164,5.03000020980835,5.190000057220459,55500,0.0,0.0
2022-07-21 00:00:00-04:00,5.199999809265137,5.199999809265137,5.019999980926514,5.159999847412109,37900,0.0,0.0
2022-07-22 00:00:00-04:00,5.099999904632568,5.130000114440918,5.010000228881836,5.099999904632568,20900,0.0,0.0
2022-07-25 00:00:00-04:00,5.159999847412109,5.210000038146973,5.050000190734863,5.170000076293945,55600,0.0,0.0
2022-07-26 00:00:00-04:00,5.170000076293945,5.210000038146973,5.079999923706055,5.079999923706055,7500,0.0,0.0
2022-07-27 00:00:00-04:00,5.150000095367432,5.179999828338623,5.070000171661377,5.119999885559082,17400,0.0,0.0
2022-07-28 00:00:00-04:00,5.079999923706055,5.170000076293945,5.050000190734863,5.079999923706055,28100,0.0,0.0
2022-07-29 00:00:00-04:00,5.070000171661377,5.179999828338623,4.940000057220459,5.079999923706055,15900,0.0,0.0
2022-08-01 00:00:00-04:00,5.110000133514404,5.25,4.989999771118164,5.119999885559082,57500,0.0,0.0
2022-08-02 00:00:00-04:00,5.119999885559082,5.28000020980835,5.099999904632568,5.159999847412109,19200,0.0,0.0
2022-08-03 00:00:00-04:00,5.239999771118164,5.449999809265137,5.179999828338623,5.400000095367432,51100,0.0,0.0
2022-08-04 00:00:00-04:00,5.380000114440918,5.420000076293945,5.210000038146973,5.309999942779541,19600,0.0,0.0
2022-08-05 00:00:00-04:00,5.300000190734863,5.380000114440918,5.099999904632568,5.289999961853027,19000,0.0,0.0
2022-08-08 00:00:00-04:00,5.289999961853027,5.440000057220459,5.289999961853027,5.309999942779541,12100,0.0,0.0
2022-08-09 00:00:00-04:00,5.349999904632568,5.489999771118164,5.170000076293945,5.320000171661377,65600,0.0,0.0
2022-08-10 00:00:00-04:00,5.300000190734863,5.440000057220459,5.039999961853027,5.039999961853027,18100,0.0,0.0
2022-08-11 00:00:00-04:00,5.039999961853027,5.230000019073486,5.010000228881836,5.099999904632568,15700,0.0,0.0
2022-08-12 00:00:00-04:00,5.090000152587891,5.349999904632568,5.03000020980835,5.21999979019165,32600,0.0,0.0
2022-08-15 00:00:00-04:00,5.199999809265137,5.260000228881836,5.170000076293945,5.170000076293945,32400,0.0,0.0
2022-08-16 00:00:00-04:00,5.170000076293945,5.170000076293945,5.010000228881836,5.079999923706055,18300,0.0,0.0
2022-08-17 00:00:00-04:00,5.050000190734863,5.25,5.039999961853027,5.25,66100,0.0,0.0
2022-08-18 00:00:00-04:00,5.25,5.639999866485596,5.099999904632568,5.340000152587891,81300,0.0,0.0
2022-08-19 00:00:00-04:00,5.269999980926514,5.900000095367432,5.21999979019165,5.889999866485596,126100,0.0,0.0
2022-08-22 00:00:00-04:00,5.900000095367432,5.900000095367432,5.550000190734863,5.710000038146973,40500,0.0,0.0
2022-08-23 00:00:00-04:00,5.679999828338623,5.889999866485596,5.5,5.75,46900,0.0,0.0
2022-08-24 00:00:00-04:00,5.75,5.789999961853027,5.510000228881836,5.71999979019165,21900,0.0,0.0
2022-08-25 00:00:00-04:00,5.78000020980835,5.78000020980835,5.659999847412109,5.699999809265137,30600,0.0,0.0
2022-08-26 00:00:00-04:00,5.670000076293945,5.840000152587891,5.539999961853027,5.75,65700,0.0,0.0
2022-08-29 00:00:00-04:00,5.789999961853027,5.900000095367432,5.559999942779541,5.849999904632568,68200,0.0,0.0
2022-08-30 00:00:00-04:00,5.789999961853027,5.940000057220459,5.510000228881836,5.730000019073486,27700,0.0,0.0
2022-08-31 00:00:00-04:00,5.789999961853027,5.789999961853027,5.489999771118164,5.610000133514404,19500,0.0,0.0
2022-09-01 00:00:00-04:00,5.659999847412109,5.659999847412109,5.159999847412109,5.389999866485596,56200,0.0,0.0
2022-09-02 00:00:00-04:00,5.510000228881836,5.739999771118164,5.110000133514404,5.159999847412109,151100,0.0,0.0
2022-09-06 00:00:00-04:00,5.190000057220459,5.409999847412109,4.730000019073486,4.800000190734863,105000,0.0,0.0
2022-09-07 00:00:00-04:00,4.769999980926514,5.110000133514404,4.769999980926514,5.019999980926514,172500,0.0,0.0
2022-09-08 00:00:00-04:00,5.0,5.199999809265137,4.949999809265137,5.090000152587891,165400,0.0,0.0
2022-09-09 00:00:00-04:00,5.159999847412109,5.5,5.010000228881836,5.480000019073486,397900,0.0,0.0
2022-09-12 00:00:00-04:00,5.429999828338623,5.769999980926514,5.420000076293945,5.440000057220459,73100,0.0,0.0
2022-09-13 00:00:00-04:00,5.349999904632568,5.670000076293945,5.349999904632568,5.409999847412109,58000,0.0,0.0
2022-09-14 00:00:00-04:00,5.489999771118164,5.800000190734863,5.489999771118164,5.519999980926514,59900,0.0,0.0
2022-09-15 00:00:00-04:00,5.53000020980835,5.639999866485596,5.199999809265137,5.300000190734863,33900,0.0,0.0
2022-09-16 00:00:00-04:00,5.199999809265137,5.480000019073486,4.989999771118164,5.130000114440918,60400,0.0,0.0
2022-09-19 00:00:00-04:00,5.170000076293945,5.239999771118164,4.980000019073486,5.199999809265137,27600,0.0,0.0
2022-09-20 00:00:00-04:00,5.369999885559082,5.619999885559082,5.010000228881836,5.300000190734863,56700,0.0,0.0
2022-09-21 00:00:00-04:00,5.400000095367432,5.489999771118164,5.25,5.420000076293945,78300,0.0,0.0
2022-09-22 00:00:00-04:00,5.349999904632568,5.480000019073486,5.170000076293945,5.320000171661377,90600,0.0,0.0
2022-09-23 00:00:00-04:00,5.239999771118164,5.239999771118164,4.900000095367432,4.980000019073486,76400,0.0,0.0
2022-09-26 00:00:00-04:00,5.0,5.03000020980835,4.710000038146973,4.860000133514404,51200,0.0,0.0
2022-09-27 00:00:00-04:00,5.0,5.03000020980835,4.710000038146973,4.760000228881836,33000,0.0,0.0
2022-09-28 00:00:00-04:00,4.730000019073486,4.980000019073486,4.670000076293945,4.880000114440918,62800,0.0,0.0
2022-09-29 00:00:00-04:00,4.739999771118164,4.739999771118164,4.639999866485596,4.639999866485596,53400,0.0,0.0
2022-09-30 00:00:00-04:00,4.809999942779541,4.809999942779541,4.639999866485596,4.690000057220459,56500,0.0,0.0
2022-10-03 00:00:00-04:00,4.75,4.869999885559082,4.639999866485596,4.690000057220459,56000,0.0,0.0
2022-10-04 00:00:00-04:00,4.920000076293945,5.28000020980835,4.920000076293945,5.070000171661377,108800,0.0,0.0
2022-10-05 00:00:00-04:00,4.889999866485596,5.070000171661377,4.869999885559082,5.010000228881836,72100,0.0,0.0
2022-10-06 00:00:00-04:00,4.949999809265137,5.079999923706055,4.869999885559082,4.920000076293945,7100,0.0,0.0
2022-10-07 00:00:00-04:00,4.869999885559082,4.920000076293945,4.710000038146973,4.769999980926514,32800,0.0,0.0
2022-10-10 00:00:00-04:00,4.789999961853027,5.119999885559082,4.789999961853027,4.929999828338623,20300,0.0,0.0
2022-10-11 00:00:00-04:00,4.920000076293945,5.059999942779541,4.650000095367432,4.869999885559082,40600,0.0,0.0
2022-10-12 00:00:00-04:00,4.920000076293945,5.0,4.820000171661377,4.880000114440918,19100,0.0,0.0
2022-10-13 00:00:00-04:00,4.869999885559082,5.190000057220459,4.809999942779541,5.170000076293945,66300,0.0,0.0
2022-10-14 00:00:00-04:00,5.150000095367432,5.150000095367432,4.960000038146973,5.079999923706055,30000,0.0,0.0
2022-10-17 00:00:00-04:00,5.039999961853027,5.21999979019165,5.0,5.110000133514404,28400,0.0,0.0
2022-10-18 00:00:00-04:00,5.159999847412109,5.300000190734863,5.090000152587891,5.130000114440918,24600,0.0,0.0
2022-10-19 00:00:00-04:00,5.119999885559082,5.199999809265137,4.940000057220459,5.039999961853027,12000,0.0,0.0
2022-10-20 00:00:00-04:00,4.940000057220459,5.199999809265137,4.940000057220459,5.170000076293945,19600,0.0,0.0
2022-10-21 00:00:00-04:00,5.170000076293945,5.170000076293945,4.889999866485596,4.96999979019165,22500,0.0,0.0
2022-10-24 00:00:00-04:00,4.869999885559082,4.949999809265137,4.739999771118164,4.860000133514404,14600,0.0,0.0
2022-10-25 00:00:00-04:00,4.849999904632568,5.019999980926514,4.659999847412109,4.949999809265137,25000,0.0,0.0
2022-10-26 00:00:00-04:00,5.019999980926514,5.039999961853027,4.829999923706055,4.900000095367432,7700,0.0,0.0
2022-10-27 00:00:00-04:00,4.96999979019165,5.119999885559082,4.960000038146973,5.03000020980835,37700,0.0,0.0
2022-10-28 00:00:00-04:00,5.090000152587891,5.179999828338623,4.989999771118164,5.139999866485596,18000,0.0,0.0
2022-10-31 00:00:00-04:00,5.159999847412109,6.039999961853027,5.159999847412109,6.0,98000,0.0,0.0
2022-11-01 00:00:00-04:00,5.909999847412109,6.5,5.769999980926514,6.400000095367432,133300,0.0,0.0
2022-11-02 00:00:00-04:00,6.599999904632568,6.599999904632568,5.920000076293945,6.239999771118164,76600,0.0,0.0
2022-11-03 00:00:00-04:00,6.110000133514404,6.829999923706055,5.920000076293945,6.75,152000,0.0,0.0
2022-11-04 00:00:00-04:00,6.079999923706055,6.079999923706055,5.300000190734863,5.329999923706055,267600,0.0,0.0
2022-11-07 00:00:00-05:00,5.300000190734863,5.510000228881836,4.900000095367432,5.460000038146973,118500,0.0,0.0
2022-11-08 00:00:00-05:00,5.400000095367432,5.599999904632568,5.329999923706055,5.579999923706055,44100,0.0,0.0
2022-11-09 00:00:00-05:00,5.579999923706055,5.579999923706055,5.25,5.300000190734863,94300,0.0,0.0
2022-11-10 00:00:00-05:00,5.420000076293945,5.579999923706055,5.179999828338623,5.570000171661377,104400,0.0,0.0
2022-11-11 00:00:00-05:00,5.599999904632568,6.079999923706055,5.599999904632568,5.739999771118164,91300,0.0,0.0
2022-11-14 00:00:00-05:00,5.639999866485596,5.820000171661377,5.199999809265137,5.199999809265137,63500,0.0,0.0
2022-11-15 00:00:00-05:00,5.239999771118164,5.480000019073486,5.130000114440918,5.150000095367432,65400,0.0,0.0
2022-11-16 00:00:00-05:00,5.130000114440918,5.46999979019165,5.130000114440918,5.400000095367432,55100,0.0,0.0
2022-11-17 00:00:00-05:00,5.199999809265137,5.320000171661377,5.110000133514404,5.21999979019165,10200,0.0,0.0
2022-11-18 00:00:00-05:00,5.300000190734863,5.340000152587891,5.130000114440918,5.130000114440918,33800,0.0,0.0
2022-11-21 00:00:00-05:00,5.130000114440918,5.670000076293945,5.130000114440918,5.510000228881836,60600,0.0,0.0
2022-11-22 00:00:00-05:00,5.53000020980835,5.53000020980835,5.170000076293945,5.269999980926514,37500,0.0,0.0
2022-11-23 00:00:00-05:00,5.329999923706055,5.409999847412109,5.289999961853027,5.329999923706055,25400,0.0,0.0
2022-11-25 00:00:00-05:00,5.360000133514404,5.829999923706055,5.349999904632568,5.550000190734863,24400,0.0,0.0
2022-11-28 00:00:00-05:00,5.519999980926514,5.599999904632568,5.309999942779541,5.460000038146973,30200,0.0,0.0
2022-11-29 00:00:00-05:00,5.320000171661377,5.710000038146973,5.320000171661377,5.579999923706055,47400,0.0,0.0
2022-11-30 00:00:00-05:00,5.590000152587891,5.789999961853027,5.460000038146973,5.78000020980835,69700,0.0,0.0
2022-12-01 00:00:00-05:00,5.900000095367432,5.949999809265137,5.409999847412109,5.5,52200,0.0,0.0
2022-12-02 00:00:00-05:00,5.46999979019165,5.559999942779541,5.300000190734863,5.340000152587891,20100,0.0,0.0
2022-12-05 00:00:00-05:00,5.389999866485596,5.449999809265137,5.260000228881836,5.320000171661377,29700,0.0,0.0
2022-12-06 00:00:00-05:00,5.25,5.380000114440918,5.21999979019165,5.320000171661377,26900,0.0,0.0
2022-12-07 00:00:00-05:00,5.260000228881836,5.409999847412109,5.21999979019165,5.21999979019165,17700,0.0,0.0
2022-12-08 00:00:00-05:00,5.25,5.369999885559082,5.210000038146973,5.21999979019165,18500,0.0,0.0
2022-12-09 00:00:00-05:00,5.199999809265137,5.21999979019165,4.929999828338623,5.010000228881836,38300,0.0,0.0
2022-12-12 00:00:00-05:00,4.940000057220459,5.099999904632568,4.920000076293945,5.0,30600,0.0,0.0
2022-12-13 00:00:00-05:00,5.139999866485596,5.159999847412109,4.889999866485596,4.909999847412109,72400,0.0,0.0
2022-12-14 00:00:00-05:00,5.059999942779541,5.349999904632568,4.860000133514404,4.949999809265137,34300,0.0,0.0
2022-12-15 00:00:00-05:00,4.909999847412109,4.96999979019165,4.75,4.820000171661377,141500,0.0,0.0
2022-12-16 00:00:00-05:00,4.849999904632568,5.099999904632568,4.809999942779541,4.820000171661377,62100,0.0,0.0
2022-12-19 00:00:00-05:00,4.809999942779541,4.889999866485596,4.5,4.5,85500,0.0,0.0
2022-12-20 00:00:00-05:00,4.5,4.820000171661377,4.480000019073486,4.650000095367432,36600,0.0,0.0
2022-12-21 00:00:00-05:00,4.53000020980835,4.739999771118164,4.510000228881836,4.659999847412109,20700,0.0,0.0
2022-12-22 00:00:00-05:00,4.570000171661377,4.710000038146973,4.429999828338623,4.579999923706055,46800,0.0,0.0
2022-12-23 00:00:00-05:00,4.570000171661377,4.75,4.510000228881836,4.699999809265137,12000,0.0,0.0
2022-12-27 00:00:00-05:00,4.730000019073486,4.730000019073486,4.480000019073486,4.510000228881836,40700,0.0,0.0
2022-12-28 00:00:00-05:00,4.570000171661377,4.710000038146973,4.5,4.539999961853027,24500,0.0,0.0
2022-12-29 00:00:00-05:00,4.519999980926514,4.690000057220459,4.5,4.619999885559082,28100,0.0,0.0
2022-12-30 00:00:00-05:00,4.590000152587891,4.730000019073486,4.440000057220459,4.610000133514404,37500,0.0,0.0
2023-01-03 00:00:00-05:00,4.590000152587891,4.739999771118164,4.510000228881836,4.610000133514404,34600,0.0,0.0
2023-01-04 00:00:00-05:00,4.679999828338623,4.760000228881836,4.619999885559082,4.679999828338623,42400,0.0,0.0
2023-01-05 00:00:00-05:00,4.550000190734863,4.659999847412109,4.489999771118164,4.5,36600,0.0,0.0
2023-01-06 00:00:00-05:00,4.599999904632568,4.78000020980835,4.570000171661377,4.739999771118164,33900,0.0,0.0
2023-01-09 00:00:00-05:00,4.800000190734863,5.199999809265137,4.800000190734863,5.079999923706055,34900,0.0,0.0
2023-01-10 00:00:00-05:00,5.03000020980835,5.090000152587891,4.96999979019165,5.070000171661377,17900,0.0,0.0
2023-01-11 00:00:00-05:00,5.150000095367432,5.239999771118164,5.119999885559082,5.179999828338623,38200,0.0,0.0
2023-01-12 00:00:00-05:00,5.199999809265137,5.25,5.079999923706055,5.110000133514404,30200,0.0,0.0
2023-01-13 00:00:00-05:00,5.110000133514404,5.210000038146973,5.039999961853027,5.050000190734863,26900,0.0,0.0
2023-01-17 00:00:00-05:00,5.050000190734863,5.050000190734863,4.869999885559082,4.900000095367432,29000,0.0,0.0
2023-01-18 00:00:00-05:00,4.980000019073486,5.0,4.71999979019165,4.829999923706055,21200,0.0,0.0
2023-01-19 00:00:00-05:00,4.75,4.880000114440918,4.659999847412109,4.800000190734863,83800,0.0,0.0
2023-01-20 00:00:00-05:00,4.78000020980835,4.980000019073486,4.78000020980835,4.880000114440918,13900,0.0,0.0
2023-01-23 00:00:00-05:00,4.909999847412109,4.980000019073486,4.820000171661377,4.929999828338623,28000,0.0,0.0
2023-01-24 00:00:00-05:00,4.949999809265137,5.050000190734863,4.940000057220459,4.960000038146973,23000,0.0,0.0
2023-01-25 00:00:00-05:00,4.849999904632568,5.03000020980835,4.849999904632568,4.940000057220459,13500,0.0,0.0
2023-01-26 00:00:00-05:00,4.920000076293945,4.920000076293945,4.769999980926514,4.800000190734863,15800,0.0,0.0
2023-01-27 00:00:00-05:00,4.809999942779541,4.889999866485596,4.800000190734863,4.869999885559082,20700,0.0,0.0
2023-01-30 00:00:00-05:00,4.889999866485596,4.96999979019165,4.809999942779541,4.860000133514404,29700,0.0,0.0
2023-01-31 00:00:00-05:00,4.849999904632568,4.980000019073486,4.820000171661377,4.880000114440918,30700,0.0,0.0
2023-02-01 00:00:00-05:00,4.889999866485596,5.079999923706055,4.889999866485596,5.010000228881836,30300,0.0,0.0
2023-02-02 00:00:00-05:00,5.019999980926514,5.090000152587891,4.829999923706055,5.079999923706055,28300,0.0,0.0
2023-02-03 00:00:00-05:00,4.989999771118164,5.099999904632568,4.949999809265137,5.039999961853027,44200,0.0,0.0
2023-02-06 00:00:00-05:00,5.059999942779541,5.389999866485596,5.0,5.389999866485596,33500,0.0,0.0
2023-02-07 00:00:00-05:00,5.349999904632568,5.369999885559082,5.25,5.269999980926514,14300,0.0,0.0
2023-02-08 00:00:00-05:00,5.309999942779541,5.309999942779541,5.0,5.050000190734863,23500,0.0,0.0
2023-02-09 00:00:00-05:00,4.760000228881836,4.760000228881836,4.239999771118164,4.480000019073486,99800,0.0,0.0
2023-02-10 00:00:00-05:00,4.360000133514404,4.639999866485596,4.320000171661377,4.46999979019165,30200,0.0,0.0
2023-02-13 00:00:00-05:00,4.53000020980835,4.659999847412109,4.449999809265137,4.449999809265137,13900,0.0,0.0
2023-02-14 00:00:00-05:00,4.5,4.789999961853027,4.409999847412109,4.53000020980835,47400,0.0,0.0
2023-02-15 00:00:00-05:00,4.5,4.699999809265137,4.309999942779541,4.429999828338623,56700,0.0,0.0
2023-02-16 00:00:00-05:00,4.429999828338623,4.570000171661377,4.309999942779541,4.309999942779541,24700,0.0,0.0
2023-02-17 00:00:00-05:00,4.309999942779541,4.610000133514404,4.300000190734863,4.550000190734863,28000,0.0,0.0
2023-02-21 00:00:00-05:00,4.610000133514404,4.679999828338623,4.440000057220459,4.619999885559082,30700,0.0,0.0
2023-02-22 00:00:00-05:00,4.690000057220459,4.690000057220459,4.559999942779541,4.559999942779541,24300,0.0,0.0
2023-02-23 00:00:00-05:00,4.550000190734863,4.670000076293945,4.429999828338623,4.619999885559082,27000,0.0,0.0
2023-02-24 00:00:00-05:00,4.590000152587891,4.590000152587891,4.409999847412109,4.519999980926514,9500,0.0,0.0
2023-02-27 00:00:00-05:00,4.590000152587891,4.630000114440918,4.429999828338623,4.570000171661377,10800,0.0,0.0
2023-02-28 00:00:00-05:00,4.519999980926514,4.590000152587891,4.510000228881836,4.519999980926514,7800,0.0,0.0
2023-03-01 00:00:00-05:00,4.510000228881836,4.599999904632568,4.449999809265137,4.449999809265137,13300,0.0,0.0
2023-03-02 00:00:00-05:00,4.400000095367432,4.449999809265137,4.340000152587891,4.400000095367432,19900,0.0,0.0
2023-03-03 00:00:00-05:00,4.440000057220459,4.440000057220459,4.309999942779541,4.340000152587891,19600,0.0,0.0
2023-03-06 00:00:00-05:00,4.320000171661377,4.340000152587891,4.239999771118164,4.260000228881836,46400,0.0,0.0
2023-03-07 00:00:00-05:00,4.239999771118164,4.289999961853027,4.039999961853027,4.050000190734863,45000,0.0,0.0
2023-03-08 00:00:00-05:00,4.070000171661377,4.320000171661377,4.050000190734863,4.309999942779541,46600,0.0,0.0
2023-03-09 00:00:00-05:00,4.329999923706055,4.329999923706055,4.21999979019165,4.230000019073486,12800,0.0,0.0
2023-03-10 00:00:00-05:00,4.150000095367432,4.179999828338623,4.099999904632568,4.099999904632568,37500,0.0,0.0
2023-03-13 00:00:00-04:00,4.099999904632568,4.28000020980835,4.019999980926514,4.070000171661377,47600,0.0,0.0
2023-03-14 00:00:00-04:00,4.130000114440918,4.150000095367432,4.03000020980835,4.050000190734863,35600,0.0,0.0
2023-03-15 00:00:00-04:00,4.010000228881836,4.039999961853027,3.9200000762939453,4.010000228881836,44400,0.0,0.0
2023-03-16 00:00:00-04:00,4.0,4.019999980926514,3.950000047683716,3.9800000190734863,19400,0.0,0.0
2023-03-17 00:00:00-04:00,4.0,4.019999980926514,3.700000047683716,3.7300000190734863,148200,0.0,0.0
2023-03-20 00:00:00-04:00,3.759999990463257,3.869999885559082,3.609999895095825,3.6600000858306885,55700,0.0,0.0
2023-03-21 00:00:00-04:00,3.9000000953674316,3.9000000953674316,3.7200000286102295,3.7699999809265137,37700,0.0,0.0
2023-03-22 00:00:00-04:00,3.7799999713897705,3.9700000286102295,3.7799999713897705,3.940000057220459,21100,0.0,0.0
2023-03-23 00:00:00-04:00,4.0,4.0,3.880000114440918,3.9100000858306885,10700,0.0,0.0
2023-03-24 00:00:00-04:00,3.9200000762939453,4.019999980926514,3.9000000953674316,3.9200000762939453,17500,0.0,0.0
2023-03-27 00:00:00-04:00,3.950000047683716,3.9800000190734863,3.890000104904175,3.9600000381469727,16000,0.0,0.0
2023-03-28 00:00:00-04:00,3.9700000286102295,4.050000190734863,3.930000066757202,3.9700000286102295,18800,0.0,0.0
2023-03-29 00:00:00-04:00,3.990000009536743,4.0,3.7899999618530273,3.990000009536743,22100,0.0,0.0
2023-03-30 00:00:00-04:00,4.0,4.0,3.8299999237060547,3.869999885559082,37000,0.0,0.0
2023-03-31 00:00:00-04:00,3.869999885559082,3.9000000953674316,3.8499999046325684,3.859999895095825,50400,0.0,0.0
2023-04-03 00:00:00-04:00,3.880000114440918,3.890000104904175,3.6700000762939453,3.7300000190734863,79600,0.0,0.0
2023-04-04 00:00:00-04:00,3.7300000190734863,3.819999933242798,3.700000047683716,3.700000047683716,9600,0.0,0.0
2023-04-05 00:00:00-04:00,3.700000047683716,3.7100000381469727,3.549999952316284,3.5899999141693115,36400,0.0,0.0
2023-04-06 00:00:00-04:00,3.609999895095825,3.7300000190734863,3.5,3.5299999713897705,19500,0.0,0.0
2023-04-10 00:00:00-04:00,3.5299999713897705,3.5299999713897705,3.359999895095825,3.380000114440918,53100,0.0,0.0
2023-04-11 00:00:00-04:00,3.430000066757202,3.450000047683716,3.380000114440918,3.390000104904175,27400,0.0,0.0
2023-04-12 00:00:00-04:00,3.390000104904175,3.4700000286102295,3.2200000286102295,3.2699999809265137,70900,0.0,0.0
2023-04-13 00:00:00-04:00,3.25,3.25,3.190000057220459,3.2200000286102295,47100,0.0,0.0
2023-04-14 00:00:00-04:00,3.240000009536743,3.240000009536743,3.0299999713897705,3.109999895095825,118900,0.0,0.0
2023-04-17 00:00:00-04:00,3.109999895095825,3.1700000762939453,3.049999952316284,3.059999942779541,159500,0.0,0.0
2023-04-18 00:00:00-04:00,3.0999999046325684,3.1700000762939453,3.069999933242798,3.109999895095825,43400,0.0,0.0
2023-04-19 00:00:00-04:00,3.0999999046325684,3.1500000953674316,3.0999999046325684,3.119999885559082,15900,0.0,0.0
2023-04-20 00:00:00-04:00,3.130000114440918,3.309999942779541,3.0999999046325684,3.2100000381469727,71200,0.0,0.0
2023-04-21 00:00:00-04:00,3.240000009536743,3.2799999713897705,3.130000114440918,3.1500000953674316,62000,0.0,0.0
2023-04-24 00:00:00-04:00,3.2699999809265137,3.2699999809265137,3.049999952316284,3.0999999046325684,36200,0.0,0.0
2023-04-25 00:00:00-04:00,3.0999999046325684,3.109999895095825,2.9000000953674316,2.930000066757202,85800,0.0,0.0
2023-04-26 00:00:00-04:00,2.940000057220459,3.0,2.75,2.8299999237060547,96400,0.0,0.0
2023-04-27 00:00:00-04:00,2.869999885559082,2.9800000190734863,2.7300000190734863,2.9600000381469727,83100,0.0,0.0
2023-04-28 00:00:00-04:00,2.9700000286102295,3.0,2.7899999618530273,2.8499999046325684,154600,0.0,0.0
2023-05-01 00:00:00-04:00,2.859999895095825,2.859999895095825,2.799999952316284,2.799999952316284,18700,0.0,0.0
2023-05-02 00:00:00-04:00,2.799999952316284,2.799999952316284,2.6700000762939453,2.75,33900,0.0,0.0
2023-05-03 00:00:00-04:00,2.75,2.75,2.5999999046325684,2.6600000858306885,60900,0.0,0.0
2023-05-04 00:00:00-04:00,2.700000047683716,2.740000009536743,2.619999885559082,2.7300000190734863,139100,0.0,0.0
2023-05-05 00:00:00-04:00,2.7300000190734863,2.75,2.619999885559082,2.7300000190734863,90800,0.0,0.0
2023-05-08 00:00:00-04:00,2.7200000286102295,2.740000009536743,2.619999885559082,2.680000066757202,45300,0.0,0.0
2023-05-09 00:00:00-04:00,2.740000009536743,2.740000009536743,2.5999999046325684,2.6500000953674316,38900,0.0,0.0
2023-05-10 00:00:00-04:00,2.569999933242798,2.569999933242798,2.2200000286102295,2.2300000190734863,211800,0.0,0.0
2023-05-11 00:00:00-04:00,2.25,2.25,2.069999933242798,2.1500000953674316,248500,0.0,0.0
2023-05-12 00:00:00-04:00,2.140000104904175,2.1500000953674316,2.0999999046325684,2.130000114440918,97900,0.0,0.0
2023-05-15 00:00:00-04:00,2.1500000953674316,2.1500000953674316,2.0999999046325684,2.119999885559082,100600,0.0,0.0
2023-05-16 00:00:00-04:00,2.109999895095825,2.119999885559082,2.0,2.0199999809265137,150200,0.0,0.0
2023-05-17 00:00:00-04:00,2.049999952316284,2.069999933242798,1.9900000095367432,2.059999942779541,137400,0.0,0.0
2023-05-18 00:00:00-04:00,2.059999942779541,2.059999942779541,1.9800000190734863,1.9900000095367432,79200,0.0,0.0
2023-05-19 00:00:00-04:00,1.9700000286102295,2.069999933242798,1.8799999952316284,2.059999942779541,117100,0.0,0.0
2023-05-22 00:00:00-04:00,2.049999952316284,2.140000104904175,1.9900000095367432,2.140000104904175,55000,0.0,0.0
2023-05-23 00:00:00-04:00,2.140000104904175,2.1600000858306885,2.0399999618530273,2.140000104904175,150800,0.0,0.0
2023-05-24 00:00:00-04:00,2.069999933242798,2.0999999046325684,1.9500000476837158,2.0,64500,0.0,0.0
2023-05-25 00:00:00-04:00,2.0199999809265137,2.0299999713897705,1.850000023841858,1.8799999952316284,139500,0.0,0.0
2023-05-26 00:00:00-04:00,1.8899999856948853,1.8899999856948853,1.7999999523162842,1.850000023841858,90800,0.0,0.0
2023-05-30 00:00:00-04:00,1.8799999952316284,1.9700000286102295,1.8300000429153442,1.8700000047683716,172200,0.0,0.0
2023-05-31 00:00:00-04:00,1.8899999856948853,1.8899999856948853,1.75,1.7799999713897705,65100,0.0,0.0
2023-06-01 00:00:00-04:00,1.7699999809265137,1.850000023841858,1.7699999809265137,1.809999942779541,70700,0.0,0.0
2023-06-02 00:00:00-04:00,1.840000033378601,1.850000023841858,1.75,1.8200000524520874,130100,0.0,0.0
2023-06-05 00:00:00-04:00,1.850000023841858,1.909999966621399,1.7899999618530273,1.8600000143051147,68600,0.0,0.0
2023-06-06 00:00:00-04:00,1.8799999952316284,1.940000057220459,1.840000033378601,1.9299999475479126,66400,0.0,0.0
2023-06-07 00:00:00-04:00,3.0199999809265137,3.6700000762939453,2.9000000953674316,3.2899999618530273,115469200,0.0,0.0
2023-06-08 00:00:00-04:00,3.1600000858306885,3.430000066757202,3.069999933242798,3.309999942779541,4209500,0.0,0.0
2023-06-09 00:00:00-04:00,3.3299999237060547,3.3499999046325684,2.9100000858306885,3.049999952316284,1914200,0.0,0.0
2023-06-12 00:00:00-04:00,3.009999990463257,3.0999999046325684,2.950000047683716,2.990000009536743,537100,0.0,0.0
2023-06-13 00:00:00-04:00,2.990000009536743,2.990000009536743,2.759999990463257,2.890000104904175,541800,0.0,0.0
2023-06-14 00:00:00-04:00,2.7699999809265137,2.859999895095825,2.75,2.759999990463257,374600,0.0,0.0
2023-06-15 00:00:00-04:00,2.759999990463257,2.8299999237060547,2.619999885559082,2.759999990463257,402700,0.0,0.0
2023-06-16 00:00:00-04:00,2.759999990463257,2.819999933242798,2.6500000953674316,2.7300000190734863,207800,0.0,0.0
2023-06-20 00:00:00-04:00,2.7799999713897705,2.880000114440918,2.630000114440918,2.8399999141693115,316800,0.0,0.0
2023-06-21 00:00:00-04:00,2.75,2.7899999618530273,2.7200000286102295,2.75,108200,0.0,0.0
2023-06-22 00:00:00-04:00,2.75,2.809999942779541,2.7100000381469727,2.809999942779541,147200,0.0,0.0
2023-06-23 00:00:00-04:00,2.7899999618530273,2.809999942779541,2.740000009536743,2.7899999618530273,95000,0.0,0.0
2023-06-26 00:00:00-04:00,2.759999990463257,2.7899999618530273,2.619999885559082,2.759999990463257,225200,0.0,0.0
2023-06-27 00:00:00-04:00,2.7200000286102295,2.9800000190734863,2.7200000286102295,2.9100000858306885,209900,0.0,0.0
2023-06-28 00:00:00-04:00,2.859999895095825,2.9600000381469727,2.809999942779541,2.9200000762939453,131700,0.0,0.0
2023-06-29 00:00:00-04:00,2.890000104904175,2.9200000762939453,2.7300000190734863,2.880000114440918,168200,0.0,0.0
2023-06-30 00:00:00-04:00,2.8399999141693115,2.9200000762939453,2.7200000286102295,2.7699999809265137,56000,0.0,0.0
2023-07-03 00:00:00-04:00,2.7899999618530273,3.0999999046325684,2.7899999618530273,3.009999990463257,158800,0.0,0.0
2023-07-05 00:00:00-04:00,3.0,3.009999990463257,2.859999895095825,2.930000066757202,66400,0.0,0.0
2023-07-06 00:00:00-04:00,2.819999933242798,3.0,2.75,2.9700000286102295,88900,0.0,0.0
2023-07-07 00:00:00-04:00,2.930000066757202,3.190000057220459,2.9000000953674316,3.1600000858306885,234800,0.0,0.0
2023-07-10 00:00:00-04:00,3.140000104904175,3.240000009536743,3.069999933242798,3.069999933242798,413100,0.0,0.0
2023-07-11 00:00:00-04:00,3.069999933242798,3.2100000381469727,2.990000009536743,3.140000104904175,284900,0.0,0.0
2023-07-12 00:00:00-04:00,3.200000047683716,3.200000047683716,2.8399999141693115,2.9000000953674316,290500,0.0,0.0
2023-07-13 00:00:00-04:00,2.9000000953674316,2.9800000190734863,2.75,2.869999885559082,272900,0.0,0.0
2023-07-14 00:00:00-04:00,2.9100000858306885,2.9100000858306885,2.75,2.8299999237060547,133800,0.0,0.0
2023-07-17 00:00:00-04:00,2.859999895095825,2.9100000858306885,2.799999952316284,2.8499999046325684,120100,0.0,0.0
2023-07-18 00:00:00-04:00,2.8299999237060547,2.9700000286102295,2.8299999237060547,2.9700000286102295,102800,0.0,0.0
2023-07-19 00:00:00-04:00,2.9800000190734863,3.140000104904175,2.940000057220459,3.140000104904175,144100,0.0,0.0
2023-07-20 00:00:00-04:00,3.1500000953674316,3.1500000953674316,2.9000000953674316,2.9600000381469727,69700,0.0,0.0
2023-07-21 00:00:00-04:00,2.9600000381469727,3.0299999713897705,2.950000047683716,2.9700000286102295,38800,0.0,0.0
2023-07-24 00:00:00-04:00,2.990000009536743,3.0899999141693115,2.930000066757202,3.0899999141693115,94200,0.0,0.0
2023-07-25 00:00:00-04:00,3.0199999809265137,3.059999942779541,3.009999990463257,3.0199999809265137,70900,0.0,0.0
2023-07-26 00:00:00-04:00,3.0399999618530273,3.069999933242798,3.009999990463257,3.049999952316284,37900,0.0,0.0
2023-07-27 00:00:00-04:00,3.049999952316284,3.0999999046325684,2.8399999141693115,2.9200000762939453,69100,0.0,0.0
2023-07-28 00:00:00-04:00,2.950000047683716,3.0299999713897705,2.940000057220459,3.0,36500,0.0,0.0
2023-07-31 00:00:00-04:00,2.990000009536743,3.0,2.9100000858306885,3.0,84000,0.0,0.0
2023-08-01 00:00:00-04:00,2.990000009536743,3.0,2.9000000953674316,2.9600000381469727,47200,0.0,0.0
2023-08-02 00:00:00-04:00,2.950000047683716,3.0,2.880000114440918,2.950000047683716,74100,0.0,0.0
2023-08-03 00:00:00-04:00,2.930000066757202,3.0199999809265137,2.930000066757202,2.990000009536743,34300,0.0,0.0
2023-08-04 00:00:00-04:00,3.009999990463257,3.009999990463257,2.9000000953674316,2.930000066757202,55400,0.0,0.0
2023-08-07 00:00:00-04:00,2.950000047683716,2.950000047683716,2.880000114440918,2.9200000762939453,36200,0.0,0.0
2023-08-08 00:00:00-04:00,2.9200000762939453,2.9200000762939453,2.75,2.799999952316284,69700,0.0,0.0
2023-08-09 00:00:00-04:00,2.7899999618530273,2.7899999618530273,2.609999895095825,2.6500000953674316,56900,0.0,0.0
2023-08-10 00:00:00-04:00,2.680000066757202,2.680000066757202,2.5999999046325684,2.6500000953674316,86900,0.0,0.0
2023-08-11 00:00:00-04:00,2.5999999046325684,2.7300000190734863,2.559999942779541,2.700000047683716,112900,0.0,0.0
2023-08-14 00:00:00-04:00,2.7200000286102295,2.7200000286102295,2.619999885559082,2.6600000858306885,35800,0.0,0.0
2023-08-15 00:00:00-04:00,2.640000104904175,2.690000057220459,2.5899999141693115,2.630000114440918,70300,0.0,0.0
2023-08-16 00:00:00-04:00,2.640000104904175,2.6600000858306885,2.549999952316284,2.559999942779541,107900,0.0,0.0
2023-08-17 00:00:00-04:00,2.549999952316284,2.5799999237060547,2.5,2.5199999809265137,179800,0.0,0.0
2023-08-18 00:00:00-04:00,2.490000009536743,2.509999990463257,2.4700000286102295,2.4800000190734863,74300,0.0,0.0
2023-08-21 00:00:00-04:00,2.4700000286102295,2.4800000190734863,2.2899999618530273,2.3499999046325684,246400,0.0,0.0
2023-08-22 00:00:00-04:00,2.359999895095825,2.369999885559082,2.259999990463257,2.259999990463257,61700,0.0,0.0
2023-08-23 00:00:00-04:00,2.2799999713897705,2.309999942779541,2.2200000286102295,2.25,106700,0.0,0.0
2023-08-24 00:00:00-04:00,2.3499999046325684,2.4000000953674316,2.2300000190734863,2.2300000190734863,125700,0.0,0.0
2023-08-25 00:00:00-04:00,2.25,2.309999942779541,2.1700000762939453,2.1700000762939453,81600,0.0,0.0
2023-08-28 00:00:00-04:00,2.200000047683716,2.200000047683716,2.1600000858306885,2.1700000762939453,17900,0.0,0.0
2023-08-29 00:00:00-04:00,2.1600000858306885,2.1600000858306885,2.0999999046325684,2.0999999046325684,74200,0.0,0.0
2023-08-30 00:00:00-04:00,2.109999895095825,2.25,2.109999895095825,2.180000066757202,44000,0.0,0.0
2023-08-31 00:00:00-04:00,2.1700000762939453,2.200000047683716,2.0999999046325684,2.109999895095825,63600,0.0,0.0
2023-09-01 00:00:00-04:00,2.1600000858306885,2.1600000858306885,2.069999933242798,2.0899999141693115,85400,0.0,0.0
2023-09-05 00:00:00-04:00,2.059999942779541,2.0999999046325684,2.059999942779541,2.0799999237060547,70000,0.0,0.0
2023-09-06 00:00:00-04:00,2.0999999046325684,2.119999885559082,2.0399999618530273,2.049999952316284,59000,0.0,0.0
2023-09-07 00:00:00-04:00,2.0399999618530273,2.2300000190734863,2.0399999618530273,2.0999999046325684,151400,0.0,0.0
2023-09-08 00:00:00-04:00,2.0899999141693115,2.119999885559082,2.0199999809265137,2.0199999809265137,142800,0.0,0.0
2023-09-11 00:00:00-04:00,2.049999952316284,2.0799999237060547,1.940000057220459,1.9500000476837158,144900,0.0,0.0
2023-09-12 00:00:00-04:00,1.9500000476837158,1.9500000476837158,1.7999999523162842,1.8200000524520874,459700,0.0,0.0
2023-09-13 00:00:00-04:00,2.0,2.240000009536743,1.8600000143051147,2.1600000858306885,599600,0.0,0.0
2023-09-14 00:00:00-04:00,2.1700000762939453,2.509999990463257,2.119999885559082,2.4200000762939453,377600,0.0,0.0
2023-09-15 00:00:00-04:00,2.4000000953674316,2.6600000858306885,2.4000000953674316,2.6500000953674316,356100,0.0,0.0
2023-09-18 00:00:00-04:00,2.569999933242798,2.5999999046325684,2.309999942779541,2.369999885559082,148800,0.0,0.0
2023-09-19 00:00:00-04:00,2.5999999046325684,2.8299999237060547,2.5299999713897705,2.759999990463257,315900,0.0,0.0
2023-09-20 00:00:00-04:00,2.7899999618530273,2.8399999141693115,2.619999885559082,2.6600000858306885,149800,0.0,0.0
2023-09-21 00:00:00-04:00,2.5999999046325684,2.7799999713897705,2.5899999141693115,2.7200000286102295,82300,0.0,0.0
2023-09-22 00:00:00-04:00,2.700000047683716,2.7699999809265137,2.619999885559082,2.630000114440918,60600,0.0,0.0
2023-09-25 00:00:00-04:00,2.640000104904175,2.640000104904175,2.4200000762939453,2.4700000286102295,78600,0.0,0.0
2023-09-26 00:00:00-04:00,2.4000000953674316,2.5,2.4000000953674316,2.4000000953674316,75200,0.0,0.0
2023-09-27 00:00:00-04:00,2.4000000953674316,2.559999942779541,2.240000009536743,2.450000047683716,352700,0.0,0.0
2023-09-28 00:00:00-04:00,2.4000000953674316,2.5,2.380000114440918,2.4600000381469727,36300,0.0,0.0
2023-09-29 00:00:00-04:00,2.509999990463257,2.630000114440918,2.4600000381469727,2.5799999237060547,66800,0.0,0.0
2023-10-02 00:00:00-04:00,2.640000104904175,2.700000047683716,2.490000009536743,2.5399999618530273,39900,0.0,0.0
2023-10-03 00:00:00-04:00,2.5299999713897705,2.549999952316284,2.4000000953674316,2.430000066757202,39900,0.0,0.0
2023-10-04 00:00:00-04:00,2.430000066757202,2.5299999713897705,2.369999885559082,2.369999885559082,28700,0.0,0.0
2023-10-05 00:00:00-04:00,2.4100000858306885,2.4600000381469727,2.3399999141693115,2.359999895095825,42600,0.0,0.0
2023-10-06 00:00:00-04:00,2.3499999046325684,2.490000009536743,2.2799999713897705,2.369999885559082,72100,0.0,0.0
2023-10-09 00:00:00-04:00,2.369999885559082,2.4600000381469727,2.309999942779541,2.3499999046325684,26700,0.0,0.0
2023-10-10 00:00:00-04:00,2.2899999618530273,2.4800000190734863,2.2899999618530273,2.390000104904175,37600,0.0,0.0
2023-10-11 00:00:00-04:00,2.3399999141693115,2.450000047683716,2.3399999141693115,2.380000114440918,25400,0.0,0.0
2023-10-12 00:00:00-04:00,2.380000114440918,2.430000066757202,2.2699999809265137,2.319999933242798,29900,0.0,0.0
2023-10-13 00:00:00-04:00,2.3499999046325684,2.4200000762939453,2.25,2.2799999713897705,22800,0.0,0.0
2023-10-16 00:00:00-04:00,2.2899999618530273,2.5,2.240000009536743,2.3499999046325684,50400,0.0,0.0
2023-10-17 00:00:00-04:00,2.3299999237060547,2.7899999618530273,2.3299999237060547,2.6700000762939453,118400,0.0,0.0
2023-10-18 00:00:00-04:00,2.680000066757202,2.7799999713897705,2.6500000953674316,2.7300000190734863,53500,0.0,0.0
2023-10-19 00:00:00-04:00,2.7200000286102295,2.9000000953674316,2.6700000762939453,2.6700000762939453,74000,0.0,0.0
2023-10-20 00:00:00-04:00,2.700000047683716,2.8399999141693115,2.700000047683716,2.819999933242798,45600,0.0,0.0
2023-10-23 00:00:00-04:00,2.8299999237060547,2.8299999237060547,2.690000057220459,2.7100000381469727,37100,0.0,0.0
2023-10-24 00:00:00-04:00,2.7200000286102295,2.8499999046325684,2.7100000381469727,2.809999942779541,80400,0.0,0.0
2023-10-25 00:00:00-04:00,2.7899999618530273,2.8399999141693115,2.7200000286102295,2.740000009536743,31100,0.0,0.0
2023-10-26 00:00:00-04:00,2.7699999809265137,2.819999933242798,2.549999952316284,2.5999999046325684,50600,0.0,0.0
2023-10-27 00:00:00-04:00,2.549999952316284,2.6600000858306885,2.4800000190734863,2.5399999618530273,22800,0.0,0.0
2023-10-30 00:00:00-04:00,2.559999942779541,2.619999885559082,2.4100000858306885,2.4700000286102295,38300,0.0,0.0
2023-10-31 00:00:00-04:00,2.440000057220459,2.609999895095825,2.440000057220459,2.5199999809265137,38000,0.0,0.0
2023-11-01 00:00:00-04:00,2.450000047683716,2.5999999046325684,2.450000047683716,2.509999990463257,56100,0.0,0.0
2023-11-02 00:00:00-04:00,2.569999933242798,2.6700000762939453,2.559999942779541,2.619999885559082,31300,0.0,0.0
2023-11-03 00:00:00-04:00,2.6600000858306885,2.7699999809265137,2.6600000858306885,2.740000009536743,55300,0.0,0.0
2023-11-06 00:00:00-05:00,2.7899999618530273,2.950000047683716,2.759999990463257,2.7699999809265137,79900,0.0,0.0
2023-11-07 00:00:00-05:00,2.75,2.890000104904175,2.7200000286102295,2.740000009536743,27300,0.0,0.0
2023-11-08 00:00:00-05:00,2.690000057220459,2.75,2.5899999141693115,2.630000114440918,28800,0.0,0.0
2023-11-09 00:00:00-05:00,2.690000057220459,2.859999895095825,2.6500000953674316,2.740000009536743,65000,0.0,0.0
2023-11-10 00:00:00-05:00,2.75,2.809999942779541,2.4600000381469727,2.5,141400,0.0,0.0
2023-11-13 00:00:00-05:00,2.430000066757202,2.4700000286102295,2.25,2.4200000762939453,134900,0.0,0.0
2023-11-14 00:00:00-05:00,2.4600000381469727,2.609999895095825,2.4000000953674316,2.5199999809265137,36100,0.0,0.0
2023-11-15 00:00:00-05:00,2.490000009536743,2.5999999046325684,2.490000009536743,2.559999942779541,24000,0.0,0.0
2023-11-16 00:00:00-05:00,2.5299999713897705,2.5999999046325684,2.4700000286102295,2.5399999618530273,38100,0.0,0.0
2023-11-17 00:00:00-05:00,2.5399999618530273,2.640000104904175,2.4600000381469727,2.619999885559082,42200,0.0,0.0
2023-11-20 00:00:00-05:00,2.5899999141693115,2.640000104904175,2.4700000286102295,2.5,127900,0.0,0.0
2023-11-21 00:00:00-05:00,2.609999895095825,2.6500000953674316,2.559999942779541,2.5999999046325684,54800,0.0,0.0
2023-11-22 00:00:00-05:00,2.5999999046325684,2.75,2.509999990463257,2.630000114440918,37700,0.0,0.0
2023-11-24 00:00:00-05:00,2.7100000381469727,2.7300000190734863,2.6700000762939453,2.690000057220459,9800,0.0,0.0
2023-11-27 00:00:00-05:00,2.6700000762939453,2.759999990463257,2.5999999046325684,2.6500000953674316,26800,0.0,0.0
2023-11-28 00:00:00-05:00,2.640000104904175,2.740000009536743,2.640000104904175,2.700000047683716,32000,0.0,0.0
2023-11-29 00:00:00-05:00,2.700000047683716,2.9200000762939453,2.5999999046325684,2.809999942779541,77700,0.0,0.0
2023-11-30 00:00:00-05:00,2.869999885559082,3.0999999046325684,2.8399999141693115,2.9000000953674316,109700,0.0,0.0
2023-12-01 00:00:00-05:00,2.9100000858306885,3.0899999141693115,2.880000114440918,3.059999942779541,84900,0.0,0.0
2023-12-04 00:00:00-05:00,3.069999933242798,3.3499999046325684,3.059999942779541,3.2699999809265137,169200,0.0,0.0
2023-12-05 00:00:00-05:00,3.319999933242798,3.319999933242798,3.0,3.130000114440918,106000,0.0,0.0
2023-12-06 00:00:00-05:00,3.049999952316284,3.240000009536743,3.0199999809265137,3.0799999237060547,33000,0.0,0.0
2023-12-07 00:00:00-05:00,3.059999942779541,3.190000057220459,3.0,3.190000057220459,22900,0.0,0.0
2023-12-08 00:00:00-05:00,3.119999885559082,3.2100000381469727,3.0999999046325684,3.109999895095825,26800,0.0,0.0
2023-12-11 00:00:00-05:00,3.049999952316284,3.140000104904175,2.9700000286102295,3.0999999046325684,61900,0.0,0.0
2023-12-12 00:00:00-05:00,3.049999952316284,3.140000104904175,3.0,3.0,16400,0.0,0.0
2023-12-13 00:00:00-05:00,3.049999952316284,3.180000066757202,2.940000057220459,3.0399999618530273,99000,0.0,0.0
2023-12-14 00:00:00-05:00,3.059999942779541,3.1500000953674316,3.0299999713897705,3.0299999713897705,88200,0.0,0.0
2023-12-15 00:00:00-05:00,3.0799999237060547,3.1500000953674316,2.990000009536743,3.0,149800,0.0,0.0
2023-12-18 00:00:00-05:00,3.0199999809265137,3.0399999618530273,2.8499999046325684,2.990000009536743,90800,0.0,0.0
2023-12-19 00:00:00-05:00,3.0,3.119999885559082,2.799999952316284,3.0399999618530273,83600,0.0,0.0
2023-12-20 00:00:00-05:00,3.059999942779541,3.119999885559082,2.990000009536743,3.0299999713897705,18200,0.0,0.0
2023-12-21 00:00:00-05:00,3.0799999237060547,3.0999999046325684,2.940000057220459,2.9600000381469727,40800,0.0,0.0
2023-12-22 00:00:00-05:00,2.9600000381469727,3.130000114440918,2.930000066757202,3.059999942779541,141400,0.0,0.0
2023-12-26 00:00:00-05:00,3.049999952316284,3.2699999809265137,3.049999952316284,3.1700000762939453,160500,0.0,0.0
2023-12-27 00:00:00-05:00,3.200000047683716,3.2699999809265137,3.109999895095825,3.180000066757202,103100,0.0,0.0
2023-12-28 00:00:00-05:00,3.180000066757202,3.2899999618530273,3.130000114440918,3.1700000762939453,75200,0.0,0.0
2023-12-29 00:00:00-05:00,3.1600000858306885,3.2200000286102295,2.950000047683716,3.059999942779541,144100,0.0,0.0
2024-01-02 00:00:00-05:00,3.0399999618530273,3.1700000762939453,2.9700000286102295,3.0399999618530273,31700,0.0,0.0
2024-01-03 00:00:00-05:00,3.059999942779541,3.0899999141693115,2.9100000858306885,2.990000009536743,79900,0.0,0.0
2024-01-04 00:00:00-05:00,2.990000009536743,2.990000009536743,2.799999952316284,2.859999895095825,86700,0.0,0.0
2024-01-05 00:00:00-05:00,2.890000104904175,3.1600000858306885,2.890000104904175,3.119999885559082,146500,0.0,0.0
2024-01-08 00:00:00-05:00,3.1500000953674316,3.7799999713897705,3.059999942779541,3.5299999713897705,543100,0.0,0.0
2024-01-09 00:00:00-05:00,3.5299999713897705,3.7300000190734863,3.2899999618530273,3.380000114440918,236000,0.0,0.0
2024-01-10 00:00:00-05:00,3.299999952316284,3.680000066757202,3.299999952316284,3.509999990463257,240400,0.0,0.0
2024-01-11 00:00:00-05:00,3.5199999809265137,3.609999895095825,3.390000104904175,3.450000047683716,102400,0.0,0.0
2024-01-12 00:00:00-05:00,3.4600000381469727,3.6500000953674316,3.440000057220459,3.559999942779541,50100,0.0,0.0
2024-01-16 00:00:00-05:00,3.5799999237060547,3.5899999141693115,3.430000066757202,3.430000066757202,133100,0.0,0.0
2024-01-17 00:00:00-05:00,3.4100000858306885,3.4100000858306885,3.2100000381469727,3.2899999618530273,80900,0.0,0.0
2024-01-18 00:00:00-05:00,3.3399999141693115,3.380000114440918,3.140000104904175,3.190000057220459,46200,0.0,0.0
2024-01-19 00:00:00-05:00,3.200000047683716,3.359999895095825,3.119999885559082,3.2699999809265137,36500,0.0,0.0
2024-01-22 00:00:00-05:00,3.299999952316284,3.490000009536743,3.299999952316284,3.430000066757202,38800,0.0,0.0
2024-01-23 00:00:00-05:00,3.509999990463257,3.680000066757202,3.509999990463257,3.619999885559082,85000,0.0,0.0
2024-01-24 00:00:00-05:00,3.6500000953674316,3.759999990463257,3.3499999046325684,3.380000114440918,51400,0.0,0.0
2024-01-25 00:00:00-05:00,3.4200000762939453,3.5799999237060547,3.3499999046325684,3.490000009536743,28700,0.0,0.0
2024-01-26 00:00:00-05:00,3.559999942779541,3.8299999237060547,3.559999942779541,3.7300000190734863,148900,0.0,0.0
2024-01-29 00:00:00-05:00,3.799999952316284,4.039999961853027,3.7300000190734863,3.7799999713897705,206800,0.0,0.0
2024-01-30 00:00:00-05:00,3.7899999618530273,3.9000000953674316,3.5899999141693115,3.5999999046325684,72000,0.0,0.0
2024-01-31 00:00:00-05:00,3.680000066757202,3.7200000286102295,3.5,3.5199999809265137,32000,0.0,0.0
2024-02-01 00:00:00-05:00,3.5199999809265137,3.799999952316284,3.5199999809265137,3.700000047683716,70800,0.0,0.0
2024-02-02 00:00:00-05:00,3.7100000381469727,3.7799999713897705,3.5999999046325684,3.7200000286102295,35900,0.0,0.0
2024-02-05 00:00:00-05:00,3.809999942779541,3.8299999237060547,3.450000047683716,3.630000114440918,152000,0.0,0.0
2024-02-06 00:00:00-05:00,3.609999895095825,3.609999895095825,3.369999885559082,3.4000000953674316,73400,0.0,0.0
2024-02-07 00:00:00-05:00,3.4000000953674316,3.4000000953674316,3.259999990463257,3.309999942779541,86300,0.0,0.0
2024-02-08 00:00:00-05:00,3.2899999618530273,3.369999885559082,3.049999952316284,3.119999885559082,266300,0.0,0.0
2024-02-09 00:00:00-05:00,3.5,3.680000066757202,3.25,3.6700000762939453,359000,0.0,0.0
2024-02-12 00:00:00-05:00,3.549999952316284,3.7899999618530273,3.549999952316284,3.6700000762939453,146500,0.0,0.0
2024-02-13 00:00:00-05:00,3.5399999618530273,3.559999942779541,3.2899999618530273,3.369999885559082,78800,0.0,0.0
2024-02-14 00:00:00-05:00,3.369999885559082,3.5999999046325684,3.319999933242798,3.5899999141693115,61900,0.0,0.0
2024-02-15 00:00:00-05:00,3.640000104904175,3.640000104904175,3.3399999141693115,3.4200000762939453,120100,0.0,0.0
2024-02-16 00:00:00-05:00,3.4200000762939453,3.7799999713897705,3.359999895095825,3.630000114440918,136700,0.0,0.0
2024-02-20 00:00:00-05:00,3.630000114440918,3.799999952316284,3.630000114440918,3.7200000286102295,74400,0.0,0.0
2024-02-21 00:00:00-05:00,3.740000009536743,3.740000009536743,3.450000047683716,3.5999999046325684,60300,0.0,0.0
2024-02-22 00:00:00-05:00,3.559999942779541,3.6500000953674316,3.509999990463257,3.640000104904175,57700,0.0,0.0
2024-02-23 00:00:00-05:00,3.5899999141693115,3.7300000190734863,3.5899999141693115,3.6500000953674316,60800,0.0,0.0
2024-02-26 00:00:00-05:00,3.6600000858306885,3.6600000858306885,3.509999990463257,3.5299999713897705,73000,0.0,0.0
2024-02-27 00:00:00-05:00,3.4800000190734863,3.6700000762939453,3.450000047683716,3.5899999141693115,96400,0.0,0.0
2024-02-28 00:00:00-05:00,3.559999942779541,3.619999885559082,3.4700000286102295,3.549999952316284,73300,0.0,0.0
2024-02-29 00:00:00-05:00,3.5799999237060547,3.619999885559082,3.5,3.5999999046325684,176100,0.0,0.0
2024-03-01 00:00:00-05:00,3.5799999237060547,3.690000057220459,3.5299999713897705,3.619999885559082,40800,0.0,0.0
2024-03-04 00:00:00-05:00,3.630000114440918,3.859999895095825,3.630000114440918,3.7699999809265137,76400,0.0,0.0
2024-03-05 00:00:00-05:00,3.759999990463257,3.8299999237060547,3.5299999713897705,3.609999895095825,72900,0.0,0.0
2024-03-06 00:00:00-05:00,3.6500000953674316,3.680000066757202,3.4800000190734863,3.509999990463257,47100,0.0,0.0
2024-03-07 00:00:00-05:00,3.5399999618530273,3.6700000762939453,3.5399999618530273,3.619999885559082,17200,0.0,0.0
2024-03-08 00:00:00-05:00,3.609999895095825,3.7799999713897705,3.5999999046325684,3.7300000190734863,36800,0.0,0.0
2024-03-11 00:00:00-04:00,3.740000009536743,3.8499999046325684,3.740000009536743,3.7699999809265137,43700,0.0,0.0
2024-03-12 00:00:00-04:00,3.799999952316284,3.8499999046325684,3.5399999618530273,3.5399999618530273,75500,0.0,0.0
2024-03-13 00:00:00-04:00,3.5299999713897705,3.6700000762939453,3.450000047683716,3.450000047683716,47000,0.0,0.0
2024-03-14 00:00:00-04:00,3.430000066757202,3.619999885559082,3.4100000858306885,3.4100000858306885,28700,0.0,0.0
2024-03-15 00:00:00-04:00,3.440000057220459,3.5199999809265137,3.2200000286102295,3.259999990463257,83900,0.0,0.0
2024-03-18 00:00:00-04:00,3.299999952316284,3.3299999237060547,3.0299999713897705,3.140000104904175,230000,0.0,0.0
2024-03-19 00:00:00-04:00,3.1600000858306885,3.440000057220459,3.1600000858306885,3.4000000953674316,70800,0.0,0.0
2024-03-20 00:00:00-04:00,3.4200000762939453,3.5,3.25,3.3499999046325684,76000,0.0,0.0
2024-03-21 00:00:00-04:00,3.4600000381469727,3.4600000381469727,3.3499999046325684,3.390000104904175,22400,0.0,0.0
2024-03-22 00:00:00-04:00,3.390000104904175,3.440000057220459,3.2899999618530273,3.4200000762939453,19100,0.0,0.0
2024-03-25 00:00:00-04:00,3.440000057220459,3.4800000190734863,3.440000057220459,3.450000047683716,25000,0.0,0.0
2024-03-26 00:00:00-04:00,3.440000057220459,3.5,3.319999933242798,3.450000047683716,75200,0.0,0.0
2024-03-27 00:00:00-04:00,3.5199999809265137,3.5199999809265137,3.380000114440918,3.5,30100,0.0,0.0
2024-03-28 00:00:00-04:00,3.509999990463257,3.680000066757202,3.450000047683716,3.569999933242798,75800,0.0,0.0
2024-04-01 00:00:00-04:00,3.700000047683716,3.759999990463257,3.5,3.5999999046325684,72600,0.0,0.0
2024-04-02 00:00:00-04:00,3.549999952316284,3.609999895095825,3.4600000381469727,3.5399999618530273,36500,0.0,0.0
2024-04-03 00:00:00-04:00,3.549999952316284,3.5799999237060547,3.4600000381469727,3.5799999237060547,26700,0.0,0.0
2024-04-04 00:00:00-04:00,3.609999895095825,3.700000047683716,3.5999999046325684,3.630000114440918,47600,0.0,0.0
2024-04-05 00:00:00-04:00,3.619999885559082,3.619999885559082,3.4600000381469727,3.5,30500,0.0,0.0
2024-04-08 00:00:00-04:00,3.4600000381469727,3.5199999809265137,3.299999952316284,3.359999895095825,23100,0.0,0.0
2024-04-09 00:00:00-04:00,3.380000114440918,3.380000114440918,3.2799999713897705,3.319999933242798,25800,0.0,0.0
2024-04-10 00:00:00-04:00,3.369999885559082,3.369999885559082,3.2100000381469727,3.2699999809265137,38100,0.0,0.0
2024-04-11 00:00:00-04:00,3.309999942779541,3.5,3.299999952316284,3.4100000858306885,37800,0.0,0.0
2024-04-12 00:00:00-04:00,3.4200000762939453,3.440000057220459,3.2799999713897705,3.3499999046325684,28400,0.0,0.0
2024-04-15 00:00:00-04:00,3.3399999141693115,3.3399999141693115,3.2200000286102295,3.2200000286102295,29800,0.0,0.0
2024-04-16 00:00:00-04:00,3.2300000190734863,3.430000066757202,3.109999895095825,3.1700000762939453,92500,0.0,0.0
2024-04-17 00:00:00-04:00,3.190000057220459,3.440000057220459,3.190000057220459,3.2200000286102295,25100,0.0,0.0
2024-04-18 00:00:00-04:00,3.190000057220459,3.259999990463257,3.119999885559082,3.2100000381469727,31200,0.0,0.0
2024-04-19 00:00:00-04:00,3.190000057220459,3.2699999809265137,3.190000057220459,3.2200000286102295,12800,0.0,0.0
2024-04-22 00:00:00-04:00,3.2100000381469727,3.25,3.119999885559082,3.130000114440918,21600,0.0,0.0
2024-04-23 00:00:00-04:00,3.140000104904175,3.259999990463257,3.140000104904175,3.1600000858306885,16100,0.0,0.0
2024-04-24 00:00:00-04:00,3.2100000381469727,3.2100000381469727,3.0299999713897705,3.1600000858306885,41900,0.0,0.0
2024-04-25 00:00:00-04:00,3.140000104904175,3.2300000190734863,3.109999895095825,3.130000114440918,34300,0.0,0.0
2024-04-26 00:00:00-04:00,3.130000114440918,3.200000047683716,3.0399999618530273,3.109999895095825,46400,0.0,0.0
2024-04-29 00:00:00-04:00,3.1700000762939453,3.1700000762939453,3.0399999618530273,3.130000114440918,69400,0.0,0.0
2024-04-30 00:00:00-04:00,3.130000114440918,3.190000057220459,3.069999933242798,3.0999999046325684,29700,0.0,0.0
2024-05-01 00:00:00-04:00,3.119999885559082,3.2200000286102295,3.049999952316284,3.200000047683716,18400,0.0,0.0
2024-05-02 00:00:00-04:00,3.200000047683716,3.2300000190734863,3.0999999046325684,3.1500000953674316,26900,0.0,0.0
2024-05-03 00:00:00-04:00,3.130000114440918,3.200000047683716,3.0899999141693115,3.130000114440918,59400,0.0,0.0
2024-05-06 00:00:00-04:00,3.140000104904175,3.240000009536743,3.049999952316284,3.180000066757202,33000,0.0,0.0
2024-05-07 00:00:00-04:00,3.200000047683716,3.4200000762939453,3.180000066757202,3.2100000381469727,45000,0.0,0.0
2024-05-08 00:00:00-04:00,3.190000057220459,3.4000000953674316,3.190000057220459,3.3299999237060547,16400,0.0,0.0
2024-05-09 00:00:00-04:00,3.3399999141693115,3.4100000858306885,3.2200000286102295,3.309999942779541,85500,0.0,0.0
2024-05-10 00:00:00-04:00,3.359999895095825,3.4600000381469727,3.1500000953674316,3.2100000381469727,64900,0.0,0.0
2024-05-13 00:00:00-04:00,3.2300000190734863,3.2300000190734863,3.0,3.109999895095825,76800,0.0,0.0
2024-05-14 00:00:00-04:00,3.140000104904175,3.1600000858306885,3.0399999618530273,3.109999895095825,55400,0.0,0.0
2024-05-15 00:00:00-04:00,3.059999942779541,3.1500000953674316,3.0,3.049999952316284,71700,0.0,0.0
2024-05-16 00:00:00-04:00,3.0199999809265137,3.049999952316284,2.950000047683716,3.0,73100,0.0,0.0
2024-05-17 00:00:00-04:00,3.0,3.0,2.869999885559082,2.930000066757202,60200,0.0,0.0
2024-05-20 00:00:00-04:00,2.9100000858306885,2.9600000381469727,2.7799999713897705,2.859999895095825,69900,0.0,0.0
2024-05-21 00:00:00-04:00,2.859999895095825,2.940000057220459,2.7799999713897705,2.799999952316284,42900,0.0,0.0
2024-05-22 00:00:00-04:00,2.799999952316284,3.0399999618530273,2.7799999713897705,3.0,109700,0.0,0.0
2024-05-23 00:00:00-04:00,3.0199999809265137,3.130000114440918,2.940000057220459,2.9700000286102295,101200,0.0,0.0
2024-05-24 00:00:00-04:00,3.0299999713897705,3.0799999237060547,2.9600000381469727,2.9800000190734863,26600,0.0,0.0
2024-05-28 00:00:00-04:00,3.0399999618530273,3.049999952316284,2.9200000762939453,2.950000047683716,46400,0.0,0.0
2024-05-29 00:00:00-04:00,2.930000066757202,3.0399999618530273,2.890000104904175,2.9200000762939453,23700,0.0,0.0
2024-05-30 00:00:00-04:00,2.9200000762939453,2.9600000381469727,2.859999895095825,2.859999895095825,24400,0.0,0.0
2024-05-31 00:00:00-04:00,2.859999895095825,2.9100000858306885,2.799999952316284,2.880000114440918,15600,0.0,0.0
2024-06-03 00:00:00-04:00,2.9100000858306885,2.9600000381469727,2.7300000190734863,2.9600000381469727,78500,0.0,0.0
2024-06-04 00:00:00-04:00,2.930000066757202,2.9700000286102295,2.859999895095825,2.9600000381469727,35300,0.0,0.0
2024-06-05 00:00:00-04:00,2.930000066757202,2.930000066757202,2.8299999237060547,2.9000000953674316,47800,0.0,0.0
2024-06-06 00:00:00-04:00,2.9700000286102295,2.9800000190734863,2.8499999046325684,2.890000104904175,41700,0.0,0.0
2024-06-07 00:00:00-04:00,2.869999885559082,2.930000066757202,2.8299999237060547,2.9000000953674316,26700,0.0,0.0
2024-06-10 00:00:00-04:00,2.9000000953674316,2.930000066757202,2.9000000953674316,2.9200000762939453,20000,0.0,0.0
2024-06-11 00:00:00-04:00,2.9000000953674316,2.9000000953674316,2.7100000381469727,2.799999952316284,70000,0.0,0.0
2024-06-12 00:00:00-04:00,2.8399999141693115,2.869999885559082,2.759999990463257,2.8299999237060547,42200,0.0,0.0
2024-06-13 00:00:00-04:00,2.8499999046325684,2.8499999046325684,2.7200000286102295,2.7699999809265137,25300,0.0,0.0
2024-06-14 00:00:00-04:00,2.7899999618530273,2.859999895095825,2.759999990463257,2.799999952316284,7700,0.0,0.0
