Date,Open,High,Low,Close,Volume,Dividends,Stock Splits,Capital Gains
2007-05-10 00:00:00-04:00,15.498136202190496,15.50595188095298,15.482504844665527,15.482504844665527,3200,0.0,0.0,0.0
2007-05-11 00:00:00-04:00,15.427801758107918,15.459064483642576,15.427801758107918,15.459064483642578,10000,0.0,0.0,0.0
2007-05-14 00:00:00-04:00,15.490316390991211,15.490316390991211,15.490316390991211,15.490316390991211,12000,0.0,0.0,0.0
2007-05-15 00:00:00-04:00,15.459064483642576,15.459064483642576,15.41217039534059,15.459064483642578,11500,0.0,0.0,0.0
2007-05-16 00:00:00-04:00,15.459061306454144,15.459061306454144,15.443429946899416,15.443429946899414,11000,0.0,0.0,0.0
2007-05-17 00:00:00-04:00,15.513769784594183,15.521585464477539,15.513769784594183,15.521585464477539,8000,0.0,0.0,0.0
2007-05-18 00:00:00-04:00,15.599739072115495,15.638817471006663,15.591924883025756,15.623186111450195,9000,0.0,0.0,0.0
2007-05-21 00:00:00-04:00,15.63100179122843,15.63100179122843,15.623186111450195,15.623186111450195,10000,0.0,0.0,0.0
2007-05-22 00:00:00-04:00,15.638820857092098,15.670082092285156,15.623189494151159,15.670082092285156,6000,0.0,0.0,0.0
2007-05-23 00:00:00-04:00,15.740418324139638,15.740418324139638,15.646633148193358,15.64663314819336,4000,0.0,0.0,0.0
2007-05-24 00:00:00-04:00,15.654444687290631,15.654444687290631,15.607550621032715,15.607550621032715,11500,0.0,0.0,0.0
2007-05-25 00:00:00-04:00,15.59974553540593,15.59974553540593,15.591931343078613,15.591931343078613,20100,0.0,0.0,0.0
2007-05-29 00:00:00-04:00,15.670084631594069,15.677900314331055,15.662270439546141,15.677900314331055,1700,0.0,0.0,0.0
2007-05-30 00:00:00-04:00,15.584109203247523,15.662264510341364,15.584109203247523,15.623186111450195,7900,0.0,0.0,0.0
2007-05-31 00:00:00-04:00,15.763869918245577,15.771685600280762,15.763869918245577,15.771685600280762,4100,0.0,0.0,0.0
2007-06-01 00:00:00-04:00,15.771685600280762,15.771685600280762,15.771685600280762,15.771685600280762,0,0.0,0.0,0.0
2007-06-04 00:00:00-04:00,15.857655741638771,15.865469932556152,15.857655741638771,15.865469932556152,1700,0.0,0.0,0.0
2007-06-05 00:00:00-04:00,15.865469932556152,15.865469932556152,15.865469932556152,15.865469932556152,0,0.0,0.0,0.0
2007-06-06 00:00:00-04:00,15.865469932556152,15.865469932556152,15.865469932556152,15.865469932556152,0,0.0,0.0,0.0
2007-06-07 00:00:00-04:00,15.865469932556152,15.865469932556152,15.865469932556152,15.865469932556152,0,0.0,0.0,0.0
2007-06-08 00:00:00-04:00,15.865469932556152,15.865469932556152,15.865469932556152,15.865469932556152,0,0.0,0.0,0.0
2007-06-11 00:00:00-04:00,15.865469932556152,15.865469932556152,15.865469932556152,15.865469932556152,0,0.0,0.0,0.0
2007-06-12 00:00:00-04:00,15.865469932556152,15.865469932556152,15.865469932556152,15.865469932556152,0,0.0,0.0,0.0
2007-06-13 00:00:00-04:00,15.584111213684082,15.584111213684082,15.576295532897582,15.584111213684082,600,0.0,0.0,0.0
2007-06-14 00:00:00-04:00,15.584111213684082,15.584111213684082,15.584111213684082,15.584111213684082,0,0.0,0.0,0.0
2007-06-15 00:00:00-04:00,15.584111213684082,15.584111213684082,15.584111213684082,15.584111213684082,0,0.0,0.0,0.0
2007-06-18 00:00:00-04:00,15.76386238644668,15.76386238644668,15.70915412902832,15.70915412902832,700,0.0,0.0,0.0
2007-06-19 00:00:00-04:00,15.70915412902832,15.70915412902832,15.70915412902832,15.70915412902832,0,0.0,0.0,0.0
2007-06-20 00:00:00-04:00,15.732600407146403,15.732600407146403,15.654446601867674,15.654446601867676,1200,0.0,0.0,0.0
2007-06-21 00:00:00-04:00,15.646627255659856,15.748228073120119,15.646627255659856,15.748228073120117,500,0.0,0.0,0.0
2007-06-22 00:00:00-04:00,15.802939701478698,15.802939701478698,15.615367889404297,15.615367889404297,500,0.0,0.0,0.0
2007-06-25 00:00:00-04:00,15.654446379144611,15.654446379144611,15.57629108428955,15.57629108428955,5600,0.0,0.0,0.0
2007-06-26 00:00:00-04:00,15.57629108428955,15.57629108428955,15.57629108428955,15.57629108428955,0,0.0,0.0,0.0
2007-06-27 00:00:00-04:00,15.427793334042509,15.552841186523438,15.427793334042509,15.552841186523438,4700,0.0,0.0,0.0
2007-06-28 00:00:00-04:00,15.552841186523438,15.552841186523438,15.552841186523438,15.552841186523438,0,0.0,0.0,0.0
2007-06-29 00:00:00-04:00,15.724794517591105,15.724794517591105,15.662270545959473,15.662270545959473,300,0.0,0.0,0.0
2007-07-02 00:00:00-04:00,15.662270545959473,15.662270545959473,15.662270545959473,15.662270545959473,0,0.0,0.0,0.0
2007-07-03 00:00:00-04:00,15.662270545959473,15.662270545959473,15.662270545959473,15.662270545959473,0,0.0,0.0,0.0
2007-07-05 00:00:00-04:00,15.638819694519043,15.638819694519043,15.638819694519043,15.638819694519043,5000,0.0,0.0,0.0
2007-07-06 00:00:00-04:00,15.638819694519043,15.638819694519043,15.638819694519043,15.638819694519043,0,0.0,0.0,0.0
2007-07-09 00:00:00-04:00,15.68571599706804,15.68571599706804,15.677900314331055,15.677900314331055,900,0.0,0.0,0.0
2007-07-10 00:00:00-04:00,15.677900314331055,15.677900314331055,15.677900314331055,15.677900314331055,0,0.0,0.0,0.0
2007-07-11 00:00:00-04:00,15.560662373205801,15.560662373205801,15.521585464477539,15.521585464477539,5300,0.0,0.0,0.0
2007-07-12 00:00:00-04:00,15.521585464477539,15.521585464477539,15.521585464477539,15.521585464477539,0,0.0,0.0,0.0
2007-07-13 00:00:00-04:00,15.521585464477539,15.521585464477539,15.521585464477539,15.521585464477539,0,0.0,0.0,0.0
2007-07-16 00:00:00-04:00,15.521585464477539,15.521585464477539,15.521585464477539,15.521585464477539,0,0.0,0.0,0.0
2007-07-17 00:00:00-04:00,15.842020988464355,15.842020988464355,15.842020988464355,15.842020988464355,100,0.0,0.0,0.0
2007-07-18 00:00:00-04:00,15.748231251531076,15.756046929942036,15.709154350164512,15.740415573120117,3800,0.0,0.0,0.0
2007-07-19 00:00:00-04:00,15.740415573120115,15.740415573120115,15.740415573120115,15.740415573120117,0,0.0,0.0,0.0
2007-07-20 00:00:00-04:00,15.740415573120115,15.740415573120115,15.740415573120115,15.740415573120117,0,0.0,0.0,0.0
2007-07-23 00:00:00-04:00,15.740415573120115,15.740415573120115,15.740415573120115,15.740415573120117,0,0.0,0.0,0.0
2007-07-24 00:00:00-04:00,15.740415573120115,15.740415573120115,15.740415573120115,15.740415573120117,0,0.0,0.0,0.0
2007-07-25 00:00:00-04:00,15.740415573120115,15.740415573120115,15.740415573120115,15.740415573120117,0,0.0,0.0,0.0
2007-07-26 00:00:00-04:00,15.122998237609863,15.122998237609863,15.122998237609863,15.122998237609863,400,0.0,0.0,0.0
2007-07-27 00:00:00-04:00,15.122998237609863,15.122998237609863,15.122998237609863,15.122998237609863,0,0.0,0.0,0.0
2007-07-30 00:00:00-04:00,15.122998237609863,15.122998237609863,15.122998237609863,15.122998237609863,0,0.0,0.0,0.0
2007-07-31 00:00:00-04:00,15.122998237609863,15.122998237609863,15.122998237609863,15.122998237609863,0,0.0,0.0,0.0
2007-08-01 00:00:00-04:00,14.990128517150879,14.990128517150879,14.990128517150879,14.990128517150879,100,0.0,0.0,0.0
2007-08-02 00:00:00-04:00,14.990128517150879,14.990128517150879,14.990128517150879,14.990128517150879,0,0.0,0.0,0.0
2007-08-03 00:00:00-04:00,14.990128517150879,14.990128517150879,14.990128517150879,14.990128517150879,0,0.0,0.0,0.0
2007-08-06 00:00:00-04:00,14.990128517150879,14.990128517150879,14.990128517150879,14.990128517150879,0,0.0,0.0,0.0
2007-08-07 00:00:00-04:00,15.201150894165039,15.201150894165039,15.201150894165039,15.201150894165039,600,0.0,0.0,0.0
2007-08-08 00:00:00-04:00,14.997946739196777,14.997946739196777,14.997946739196777,14.997946739196777,900,0.0,0.0,0.0
2007-08-09 00:00:00-04:00,14.997946739196777,14.997946739196777,14.997946739196777,14.997946739196777,0,0.0,0.0,0.0
2007-08-10 00:00:00-04:00,14.529011726379395,14.529011726379395,14.529011726379395,14.529011726379395,900,0.0,0.0,0.0
2007-08-13 00:00:00-04:00,15.029206275939941,15.029206275939941,15.029206275939941,15.029206275939941,200,0.0,0.0,0.0
2007-08-14 00:00:00-04:00,15.029206275939941,15.029206275939941,15.029206275939941,15.029206275939941,0,0.0,0.0,0.0
2007-08-15 00:00:00-04:00,15.029206275939941,15.029206275939941,15.029206275939941,15.029206275939941,0,0.0,0.0,0.0
2007-08-16 00:00:00-04:00,14.411778683531331,14.466486930847168,14.247652450895886,14.466486930847168,1200,0.0,0.0,0.0
2007-08-17 00:00:00-04:00,14.966685325505559,14.966685325505559,14.607172966003418,14.607172966003418,4400,0.0,0.0,0.0
2007-08-20 00:00:00-04:00,14.771297454833984,14.771297454833984,14.771297454833984,14.771297454833984,100,0.0,0.0,0.0
2007-08-21 00:00:00-04:00,14.84163761138916,14.84163761138916,14.84163761138916,14.84163761138916,300,0.0,0.0,0.0
2007-08-22 00:00:00-04:00,14.84163761138916,14.84163761138916,14.84163761138916,14.84163761138916,0,0.0,0.0,0.0
2007-08-23 00:00:00-04:00,15.083922386169435,15.083922386169435,15.083922386169435,15.083922386169434,900,0.0,0.0,0.0
2007-08-24 00:00:00-04:00,15.122998237609863,15.122998237609863,15.122998237609863,15.122998237609863,6400,0.0,0.0,0.0
2007-08-27 00:00:00-04:00,15.162066138026603,15.185513169163187,15.146434783935547,15.146434783935547,1700,0.0,0.0,0.0
2007-08-28 00:00:00-04:00,14.935421308023098,14.935421308023098,14.927605628967285,14.927605628967285,300,0.0,0.0,0.0
2007-08-29 00:00:00-04:00,14.927605628967285,14.927605628967285,14.927605628967285,14.927605628967285,0,0.0,0.0,0.0
2007-08-30 00:00:00-04:00,14.927605628967285,14.927605628967285,14.927605628967285,14.927605628967285,0,0.0,0.0,0.0
2007-08-31 00:00:00-04:00,14.927605628967285,14.927605628967285,14.927605628967285,14.927605628967285,0,0.0,0.0,0.0
2007-09-04 00:00:00-04:00,14.927605628967285,14.927605628967285,14.927605628967285,14.927605628967285,0,0.0,0.0,0.0
2007-09-05 00:00:00-04:00,15.24022739327853,15.24022739327853,15.021392822265625,15.021392822265625,8800,0.0,0.0,0.0
2007-09-06 00:00:00-04:00,15.021392822265625,15.021392822265625,15.021392822265625,15.021392822265625,0,0.0,0.0,0.0
2007-09-07 00:00:00-04:00,15.013577461242676,15.013577461242676,15.013577461242676,15.013577461242676,300,0.0,0.0,0.0
2007-09-10 00:00:00-04:00,15.013577461242676,15.013577461242676,15.013577461242676,15.013577461242676,0,0.0,0.0,0.0
2007-09-11 00:00:00-04:00,15.013577461242676,15.013577461242676,15.013577461242676,15.013577461242676,0,0.0,0.0,0.0
2007-09-12 00:00:00-04:00,15.12298672013219,15.185510635375977,15.12298672013219,15.185510635375977,6000,0.0,0.0,0.0
2007-09-13 00:00:00-04:00,15.216771847654007,15.216771847654007,15.185510635375977,15.185510635375977,3400,0.0,0.0,0.0
2007-09-14 00:00:00-04:00,15.19333267211914,15.20896253945806,15.19333267211914,15.19333267211914,2100,0.0,0.0,0.0
2007-09-17 00:00:00-04:00,15.19333267211914,15.19333267211914,15.19333267211914,15.19333267211914,0,0.0,0.0,0.0
2007-09-18 00:00:00-04:00,15.279302597045898,15.279302597045898,15.279302597045898,15.279302597045898,900,0.0,0.0,0.0
2007-09-19 00:00:00-04:00,15.498135566711426,15.498135566711426,15.4590586651896,15.498135566711426,1700,0.0,0.0,0.0
2007-09-20 00:00:00-04:00,15.482506640717231,15.482506640717231,15.388721466064453,15.388721466064453,4100,0.0,0.0,0.0
2007-09-21 00:00:00-04:00,15.451240942654355,15.451240942654355,15.380901336669922,15.380901336669922,600,0.0,0.0,0.0
2007-09-24 00:00:00-04:00,15.427799970350184,15.435615650828176,15.357460336736889,15.373091697692871,5200,0.0,0.0,0.0
2007-09-25 00:00:00-04:00,15.287120819091797,15.287120819091797,15.287120819091797,15.287120819091797,100,0.0,0.0,0.0
2007-09-26 00:00:00-04:00,15.419976791582036,15.490316390991211,15.419976791582036,15.490316390991211,500,0.0,0.0,0.0
2007-09-27 00:00:00-04:00,15.521588966748341,15.521588966748341,15.505957603454592,15.50595760345459,1800,0.0,0.0,0.0
2007-09-28 00:00:00-04:00,15.505957603454592,15.505957603454592,15.505957603454592,15.50595760345459,200,0.0,0.0,0.0
2007-10-01 00:00:00-04:00,15.505957603454592,15.505957603454592,15.505957603454592,15.50595760345459,0,0.0,0.0,0.0
2007-10-02 00:00:00-04:00,15.505957603454592,15.505957603454592,15.505957603454592,15.50595760345459,0,0.0,0.0,0.0
2007-10-03 00:00:00-04:00,15.505957603454592,15.505957603454592,15.505957603454592,15.50595760345459,0,0.0,0.0,0.0
2007-10-04 00:00:00-04:00,15.638819694519043,15.638819694519043,15.638819694519043,15.638819694519043,1000,0.0,0.0,0.0
2007-10-05 00:00:00-04:00,15.795126914978027,15.795126914978027,15.795126914978027,15.795126914978027,500,0.0,0.0,0.0
2007-10-08 00:00:00-04:00,15.732608795166016,15.732608795166016,15.732608795166016,15.732608795166016,500,0.0,0.0,0.0
2007-10-09 00:00:00-04:00,15.732608795166016,15.732608795166016,15.732608795166016,15.732608795166016,0,0.0,0.0,0.0
2007-10-10 00:00:00-04:00,15.740415573120115,15.740415573120115,15.740415573120115,15.740415573120117,500,0.0,0.0,0.0
2007-10-11 00:00:00-04:00,15.740415573120115,15.740415573120115,15.740415573120115,15.740415573120117,0,0.0,0.0,0.0
2007-10-12 00:00:00-04:00,15.740415573120115,15.740415573120115,15.740415573120115,15.740415573120117,0,0.0,0.0,0.0
2007-10-15 00:00:00-04:00,15.740415573120115,15.740415573120115,15.740415573120115,15.740415573120117,0,0.0,0.0,0.0
2007-10-16 00:00:00-04:00,15.740415573120115,15.740415573120115,15.740415573120115,15.740415573120117,0,0.0,0.0,0.0
2007-10-17 00:00:00-04:00,15.740415573120115,15.740415573120115,15.740415573120115,15.740415573120117,0,0.0,0.0,0.0
2007-10-18 00:00:00-04:00,15.740415573120115,15.740415573120115,15.740415573120115,15.740415573120117,0,0.0,0.0,0.0
2007-10-19 00:00:00-04:00,15.724788669379238,15.724788669379238,15.521585464477539,15.521585464477539,4500,0.0,0.0,0.0
2007-10-22 00:00:00-04:00,15.427800178527832,15.427800178527832,15.427800178527832,15.427800178527832,700,0.0,0.0,0.0
2007-10-23 00:00:00-04:00,15.427800178527832,15.427800178527832,15.427800178527832,15.427800178527832,0,0.0,0.0,0.0
2007-10-24 00:00:00-04:00,15.427800178527832,15.427800178527832,15.427800178527832,15.427800178527832,0,0.0,0.0,0.0
2007-10-25 00:00:00-04:00,15.427800178527832,15.427800178527832,15.427800178527832,15.427800178527832,0,0.0,0.0,0.0
2007-10-26 00:00:00-04:00,15.427800178527832,15.427800178527832,15.427800178527832,15.427800178527832,0,0.0,0.0,0.0
2007-10-29 00:00:00-04:00,15.427800178527832,15.427800178527832,15.427800178527832,15.427800178527832,0,0.0,0.0,0.0
2007-10-30 00:00:00-04:00,15.427800178527832,15.427800178527832,15.427800178527832,15.427800178527832,0,0.0,0.0,0.0
2007-10-31 00:00:00-04:00,15.787320137023926,15.787320137023926,15.787320137023926,15.787320137023926,6300,0.0,0.0,0.0
2007-11-01 00:00:00-04:00,15.787320137023926,15.787320137023926,15.787320137023926,15.787320137023926,0,0.0,0.0,0.0
2007-11-02 00:00:00-04:00,15.787320137023926,15.787320137023926,15.787320137023926,15.787320137023926,0,0.0,0.0,0.0
2007-11-05 00:00:00-05:00,15.787320137023926,15.787320137023926,15.787320137023926,15.787320137023926,0,0.0,0.0,0.0
2007-11-06 00:00:00-05:00,15.787320137023926,15.787320137023926,15.787320137023926,15.787320137023926,0,0.0,0.0,0.0
2007-11-07 00:00:00-05:00,15.787320137023926,15.787320137023926,15.787320137023926,15.787320137023926,0,0.0,0.0,0.0
2007-11-08 00:00:00-05:00,15.26367225331903,15.26367225331903,14.78692626953125,14.78692626953125,1100,0.0,0.0,0.0
2007-11-09 00:00:00-05:00,14.990128517150879,14.990128517150879,14.990128517150879,14.990128517150879,100,0.0,0.0,0.0
2007-11-12 00:00:00-05:00,14.888528505152225,14.9354225834918,14.888528505152225,14.896344184875488,1200,0.0,0.0,0.0
2007-11-13 00:00:00-05:00,15.037026405334473,15.037026405334473,15.037026405334473,15.037026405334473,200,0.0,0.0,0.0
2007-11-14 00:00:00-05:00,15.037026405334473,15.037026405334473,15.037026405334473,15.037026405334473,0,0.0,0.0,0.0
2007-11-15 00:00:00-05:00,15.107363173331446,15.216779708862305,15.107363173331446,15.216779708862305,800,0.0,0.0,0.0
2007-11-16 00:00:00-05:00,15.115185118244137,15.146446359629726,15.083922386169435,15.083922386169434,900,0.0,0.0,0.0
2007-11-19 00:00:00-05:00,15.013577461242676,15.013577461242676,15.013577461242676,15.013577461242676,100,0.0,0.0,0.0
2007-11-20 00:00:00-05:00,15.326192855834961,15.326192855834961,15.326192855834961,15.326192855834961,500,0.0,0.0,0.0
2007-11-21 00:00:00-05:00,15.326192855834961,15.326192855834961,15.326192855834961,15.326192855834961,0,0.0,0.0,0.0
2007-11-23 00:00:00-05:00,15.326192855834961,15.326192855834961,15.326192855834961,15.326192855834961,0,0.0,0.0,0.0
2007-11-26 00:00:00-05:00,15.326192855834961,15.326192855834961,15.326192855834961,15.326192855834961,0,0.0,0.0,0.0
2007-11-27 00:00:00-05:00,15.326192855834961,15.326192855834961,15.326192855834961,15.326192855834961,0,0.0,0.0,0.0
2007-11-28 00:00:00-05:00,15.302749634757639,15.302749634757639,15.279302597045898,15.279302597045898,1800,0.0,0.0,0.0
2007-11-29 00:00:00-05:00,15.279302597045898,15.279302597045898,15.279302597045898,15.279302597045898,0,0.0,0.0,0.0
2007-11-30 00:00:00-05:00,15.466883659362791,15.466883659362791,15.443436609914553,15.466883659362793,1000,0.0,0.0,0.0
2007-12-03 00:00:00-05:00,15.466883659362791,15.466883659362791,15.466883659362791,15.466883659362793,0,0.0,0.0,0.0
2007-12-04 00:00:00-05:00,15.466883659362791,15.466883659362791,15.466883659362791,15.466883659362793,0,0.0,0.0,0.0
2007-12-05 00:00:00-05:00,15.365283012390137,15.365283012390137,15.365283012390137,15.365283012390137,100,0.0,0.0,0.0
2007-12-06 00:00:00-05:00,15.435613632202148,15.435613632202148,15.435613632202148,15.435613632202148,200,0.0,0.0,0.0
2007-12-07 00:00:00-05:00,15.435613632202148,15.435613632202148,15.435613632202148,15.435613632202148,0,0.0,0.0,0.0
2007-12-10 00:00:00-05:00,15.435613632202148,15.435613632202148,15.435613632202148,15.435613632202148,0,0.0,0.0,0.0
2007-12-11 00:00:00-05:00,15.435613632202148,15.435613632202148,15.435613632202148,15.435613632202148,0,0.0,0.0,0.0
2007-12-12 00:00:00-05:00,15.412166593834511,15.435613632202148,15.412166593834511,15.435613632202148,800,0.0,0.0,0.0
2007-12-13 00:00:00-05:00,15.263675268168592,15.287120819091797,15.263675268168592,15.287120819091797,1200,0.0,0.0,0.0
2007-12-14 00:00:00-05:00,15.287120819091797,15.287120819091797,15.287120819091797,15.287120819091797,0,0.0,0.0,0.0
2007-12-17 00:00:00-05:00,15.287120819091797,15.287120819091797,15.287120819091797,15.287120819091797,0,0.0,0.0,0.0
2007-12-18 00:00:00-05:00,15.287120819091797,15.287120819091797,15.287120819091797,15.287120819091797,0,0.0,0.0,0.0
2007-12-19 00:00:00-05:00,15.122998245960927,15.122998245960927,15.0995512008667,15.0995512008667,800,0.0,0.0,0.0
2007-12-20 00:00:00-05:00,15.0995512008667,15.0995512008667,15.0995512008667,15.0995512008667,0,0.0,0.0,0.0
2007-12-21 00:00:00-05:00,15.26620101928711,15.26620101928711,15.26620101928711,15.26620101928711,100,0.112,0.0,0.0
2007-12-24 00:00:00-05:00,15.344812393188478,15.344812393188478,15.344812393188478,15.344812393188477,9500,0.0,0.0,0.0
2007-12-26 00:00:00-05:00,15.344812393188478,15.344812393188478,15.344812393188478,15.344812393188477,0,0.0,0.0,0.0
2007-12-27 00:00:00-05:00,15.187592506408691,15.187592506408691,15.187592506408691,15.187592506408691,1000,0.0,0.0,0.0
2007-12-28 00:00:00-05:00,15.1168421548114,15.124703407287598,15.1168421548114,15.124703407287598,700,0.0,0.0,0.0
2007-12-31 00:00:00-05:00,15.124703407287598,15.124703407287598,15.124703407287598,15.124703407287598,0,0.0,0.0,0.0
2008-01-02 00:00:00-05:00,14.936038017272951,14.936038017272951,14.936038017272951,14.93603801727295,400,0.0,0.0,0.0
2008-01-03 00:00:00-05:00,14.936038017272951,14.936038017272951,14.936038017272951,14.93603801727295,0,0.0,0.0,0.0
2008-01-04 00:00:00-05:00,14.48796272277832,14.48796272277832,14.48796272277832,14.48796272277832,600,0.0,0.0,0.0
2008-01-07 00:00:00-05:00,14.48796272277832,14.48796272277832,14.48796272277832,14.48796272277832,0,0.0,0.0,0.0
2008-01-08 00:00:00-05:00,14.48796272277832,14.48796272277832,14.48796272277832,14.48796272277832,2700,0.0,0.0,0.0
2008-01-09 00:00:00-05:00,14.48796272277832,14.48796272277832,14.48796272277832,14.48796272277832,0,0.0,0.0,0.0
2008-01-10 00:00:00-05:00,14.684487011699002,14.684487011699002,14.574432451455303,14.605875968933105,6900,0.0,0.0,0.0
2008-01-11 00:00:00-05:00,14.50368065915494,14.511540412902832,14.47223564664048,14.511540412902832,3300,0.0,0.0,0.0
2008-01-14 00:00:00-05:00,14.38576305276525,14.417208064604633,14.370042046226251,14.393624305725098,2700,0.0,0.0,0.0
2008-01-15 00:00:00-05:00,14.197098152284434,14.236404418945314,14.197098152284434,14.236404418945312,1000,0.0,0.0,0.0
2008-01-16 00:00:00-05:00,14.181376540492982,14.338597102292393,13.481740017560266,14.212820053100586,3400,0.0,0.0,0.0
2008-01-17 00:00:00-05:00,14.212820053100586,14.212820053100586,14.212820053100586,14.212820053100586,0,0.0,0.0,0.0
2008-01-18 00:00:00-05:00,14.087036695165013,14.087036695165013,13.75687171405255,13.827621459960938,7900,0.0,0.0,0.0
2008-01-22 00:00:00-05:00,13.324521742167411,13.678269191452511,13.269492961745282,13.65468692779541,6600,0.0,0.0,0.0
2008-01-23 00:00:00-05:00,13.528906218157104,13.92195987701416,13.481740198920859,13.92195987701416,4000,0.0,0.0,0.0
2008-01-24 00:00:00-05:00,13.953399074795234,13.976982824275947,13.851205825805664,13.851205825805664,2200,0.0,0.0,0.0
2008-01-25 00:00:00-05:00,14.055600403775667,14.055600403775667,13.638964419103374,13.65468692779541,2600,0.0,0.0,0.0
2008-01-28 00:00:00-05:00,13.693989406805082,13.717573165893555,13.693989406805082,13.717573165893555,1100,0.0,0.0,0.0
2008-01-29 00:00:00-05:00,13.835485662786759,13.859067916870117,13.835485662786759,13.859067916870117,700,0.0,0.0,0.0
2008-01-30 00:00:00-05:00,13.819765697310945,13.914099229101806,13.741154670715332,13.741154670715332,2400,0.0,0.0,0.0
2008-01-31 00:00:00-05:00,13.882652613325217,14.00842964158113,13.882652613325217,14.000568389892578,600,0.0,0.0,0.0
2008-02-01 00:00:00-05:00,14.149928932466198,14.157790184020996,14.1342064293566,14.157790184020996,11100,0.0,0.0,0.0
2008-02-04 00:00:00-05:00,14.16565200830613,14.16565200830613,14.102763492705524,14.118484497070312,5200,0.0,0.0,0.0
2008-02-05 00:00:00-05:00,13.953406370953648,13.953406370953648,13.914101600646974,13.914101600646973,1000,0.0,0.0,0.0
2008-02-06 00:00:00-05:00,13.914101600646974,13.914101600646974,13.914101600646974,13.914101600646973,0,0.0,0.0,0.0
2008-02-07 00:00:00-05:00,13.914101600646974,13.914101600646974,13.914101600646974,13.914101600646973,0,0.0,0.0,0.0
2008-02-08 00:00:00-05:00,13.749011993408203,13.749011993408203,13.701845990684626,13.749011993408203,5900,0.0,0.0,0.0
2008-02-11 00:00:00-05:00,13.772598752994938,13.772598752994938,13.701848983764648,13.701848983764648,400,0.0,0.0,0.0
2008-02-12 00:00:00-05:00,13.866934193239862,13.953406487896315,13.866934193239862,13.906240463256836,1600,0.0,0.0,0.0
2008-02-13 00:00:00-05:00,14.008430480957031,14.008430480957031,14.008430480957031,14.008430480957031,200,0.0,0.0,0.0
2008-02-14 00:00:00-05:00,14.000564450303646,14.000564450303646,13.827621459960938,13.827621459960938,700,0.0,0.0,0.0
2008-02-15 00:00:00-05:00,13.811904530880636,13.87479305267334,13.796182025587303,13.87479305267334,4300,0.0,0.0,0.0
2008-02-19 00:00:00-05:00,13.87479305267334,13.87479305267334,13.87479305267334,13.87479305267334,0,0.0,0.0,0.0
2008-02-20 00:00:00-05:00,13.835482202668809,13.835482202668809,13.796175956726074,13.796175956726074,3400,0.0,0.0,0.0
2008-02-21 00:00:00-05:00,13.961267758680146,13.969129012692989,13.804045677185059,13.804045677185059,900,0.0,0.0,0.0
2008-02-22 00:00:00-05:00,13.772595744460087,13.772595744460087,13.733289492706946,13.749011993408203,1400,0.0,0.0,0.0
2008-02-25 00:00:00-05:00,13.937682383219814,13.937682383219814,13.91410012329205,13.92195987701416,4200,0.0,0.0,0.0
2008-02-26 00:00:00-05:00,14.063462257385254,14.063462257385254,14.063462257385254,14.063462257385254,10000,0.0,0.0,0.0
2008-02-27 00:00:00-05:00,14.063456649495494,14.10276290722687,14.055595397949219,14.055595397949219,300,0.0,0.0,0.0
2008-02-28 00:00:00-05:00,14.047738075256348,14.047738075256348,14.047738075256348,14.047738075256348,500,0.0,0.0,0.0
2008-02-29 00:00:00-05:00,13.914093195174308,13.929814194171431,13.788316206917498,13.796175956726074,6500,0.0,0.0,0.0
2008-03-03 00:00:00-05:00,13.819768052777729,13.914101600646974,13.819768052777729,13.914101600646973,1900,0.0,0.0,0.0
2008-03-04 00:00:00-05:00,13.953402519226074,13.953402519226074,13.953402519226074,13.953402519226074,1100,0.0,0.0,0.0
2008-03-05 00:00:00-05:00,13.953402519226074,13.953402519226074,13.953402519226074,13.953402519226074,0,0.0,0.0,0.0
2008-03-06 00:00:00-05:00,14.692349002455224,14.692349002455224,13.898380279541016,13.898380279541016,1000,0.0,0.0,0.0
2008-03-07 00:00:00-05:00,13.898380279541016,13.898380279541016,13.898380279541016,13.898380279541016,0,0.0,0.0,0.0
2008-03-10 00:00:00-04:00,14.149926765009084,14.149926765009084,13.741150743057576,13.749011993408203,1000,0.0,0.0,0.0
2008-03-11 00:00:00-04:00,13.890516363983568,13.92195987701416,13.85907135157226,13.92195987701416,1500,0.0,0.0,0.0
2008-03-12 00:00:00-04:00,14.08704211492802,14.08704211492802,14.032014846801758,14.032014846801758,600,0.0,0.0,0.0
2008-03-13 00:00:00-04:00,13.804041282810665,13.984847068786621,13.804041282810665,13.984847068786621,1000,0.0,0.0,0.0
2008-03-14 00:00:00-04:00,14.055601510743946,14.055601510743946,13.819769859313965,13.819769859313965,6700,0.0,0.0,0.0
2008-03-17 00:00:00-04:00,13.796180394921382,13.796180394921382,13.678264617919922,13.678264617919922,200,0.0,0.0,0.0
2008-03-18 00:00:00-04:00,13.953402519226074,13.953402519226074,13.953402519226074,13.953402519226074,500,0.0,0.0,0.0
2008-03-19 00:00:00-04:00,14.016287089424644,14.047732087645066,13.961259841918945,13.961259841918945,5400,0.0,0.0,0.0
2008-03-20 00:00:00-04:00,13.961259841918945,13.961259841918945,13.961259841918945,13.961259841918945,0,0.0,0.0,0.0
2008-03-24 00:00:00-04:00,14.236405116910019,14.236405116910019,14.157794079114977,14.189237594604492,1400,0.0,0.0,0.0
2008-03-25 00:00:00-04:00,14.259987947756894,14.27571045581951,14.252126693725586,14.252126693725586,1100,0.0,0.0,0.0
2008-03-26 00:00:00-04:00,14.189237594604492,14.244266370627606,14.189237594604492,14.189237594604492,1400,0.0,0.0,0.0
2008-03-27 00:00:00-04:00,14.315010070800781,14.315010070800781,14.315010070800781,14.315010070800781,900,0.0,0.0,0.0
2008-03-28 00:00:00-04:00,14.236404418945314,14.236404418945314,14.236404418945314,14.236404418945312,2300,0.0,0.0,0.0
2008-03-31 00:00:00-04:00,14.197097464260805,14.275708494392132,12.892159461975098,12.892159461975098,3600,0.0,0.0,0.0
2008-04-01 00:00:00-04:00,14.653033496682426,14.653033496682426,14.432924503849208,14.598006248474121,2500,0.0,0.0,0.0
2008-04-02 00:00:00-04:00,14.7395122554905,14.7395122554905,14.495819406026325,14.511540412902832,13300,0.0,0.0,0.0
2008-04-03 00:00:00-04:00,14.51939657516188,14.550841576650921,14.495814323425293,14.495814323425293,18900,0.0,0.0,0.0
2008-04-04 00:00:00-04:00,14.550846678545907,14.550846678545907,14.511540412902832,14.511540412902832,1400,0.0,0.0,0.0
2008-04-07 00:00:00-04:00,14.550843695337637,14.550843695337637,14.519398689270021,14.51939868927002,1100,0.0,0.0,0.0
2008-04-08 00:00:00-04:00,14.448651345293422,14.448651345293422,14.377903068551062,14.409346580505371,3000,0.0,0.0,0.0
2008-04-09 00:00:00-04:00,14.409346580505371,14.409346580505371,14.409346580505371,14.409346580505371,0,0.0,0.0,0.0
2008-04-10 00:00:00-04:00,14.2914302131374,14.346457481384277,14.23640294489052,14.346457481384277,600,0.0,0.0,0.0
2008-04-11 00:00:00-04:00,14.228538011887725,14.228538011887725,14.19709300994873,14.19709300994873,900,0.0,0.0,0.0
2008-04-14 00:00:00-04:00,14.149932861328125,14.149932861328125,14.149932861328125,14.149932861328125,300,0.0,0.0,0.0
2008-04-15 00:00:00-04:00,14.220680236816406,14.220680236816406,14.220680236816406,14.220680236816406,200,0.0,0.0,0.0
2008-04-16 00:00:00-04:00,14.220675116667392,14.291424863467133,14.21281386709186,14.283563613891602,2800,0.0,0.0,0.0
2008-04-17 00:00:00-04:00,14.283563613891602,14.283563613891602,14.283563613891602,14.283563613891602,0,0.0,0.0,0.0
2008-04-18 00:00:00-04:00,14.936039239137882,14.936039239137882,14.456513289026882,14.464374542236328,6400,0.0,0.0,0.0
2008-04-21 00:00:00-04:00,14.393624305725098,14.393624305725098,14.393624305725098,14.393624305725098,100,0.0,0.0,0.0
2008-04-22 00:00:00-04:00,14.157790184020996,14.157790184020996,14.157790184020996,14.157790184020996,300,0.0,0.0,0.0
2008-04-23 00:00:00-04:00,14.26784406298147,14.322871322000724,14.259982811781525,14.315010070800781,2000,0.0,0.0,0.0
2008-04-24 00:00:00-04:00,14.220684104980405,14.35432243347168,14.212822850436096,14.35432243347168,600,0.0,0.0,0.0
2008-04-25 00:00:00-04:00,14.181377420741482,14.181377420741482,14.079182624816895,14.079182624816895,800,0.0,0.0,0.0
2008-04-28 00:00:00-04:00,14.417203080931676,14.417203080931676,14.370037078857422,14.370037078857422,1200,0.0,0.0,0.0
2008-04-29 00:00:00-04:00,14.448650245262323,14.456511497497559,14.440790492407638,14.456511497497559,500,0.0,0.0,0.0
2008-04-30 00:00:00-04:00,14.535118215544145,14.535118215544145,14.480090965575688,14.527256965637207,300,0.0,0.0,0.0
2008-05-01 00:00:00-04:00,14.39362297899622,14.456511497497559,14.39362297899622,14.456511497497559,800,0.0,0.0,0.0
2008-05-02 00:00:00-04:00,14.503678321838379,14.503678321838379,14.503678321838379,14.503678321838379,100,0.0,0.0,0.0
2008-05-05 00:00:00-04:00,14.417202949523926,14.417202949523926,14.417202949523926,14.417202949523926,300,0.0,0.0,0.0
2008-05-06 00:00:00-04:00,14.362178802490234,14.362178802490234,14.362178802490234,14.362178802490234,200,0.0,0.0,0.0
2008-05-07 00:00:00-04:00,14.362178802490234,14.362178802490234,14.362178802490234,14.362178802490234,0,0.0,0.0,0.0
2008-05-08 00:00:00-04:00,14.362178802490234,14.362178802490234,14.362178802490234,14.362178802490234,0,0.0,0.0,0.0
2008-05-09 00:00:00-04:00,14.267850875854492,14.267850875854492,14.267850875854492,14.267850875854492,200,0.0,0.0,0.0
2008-05-12 00:00:00-04:00,14.267850875854492,14.267850875854492,14.267850875854492,14.267850875854492,0,0.0,0.0,0.0
2008-05-13 00:00:00-04:00,14.267850875854492,14.267850875854492,14.267850875854492,14.267850875854492,0,0.0,0.0,0.0
2008-05-14 00:00:00-04:00,14.676619529724123,14.676619529724123,14.676619529724123,14.676619529724121,100,0.0,0.0,0.0
2008-05-15 00:00:00-04:00,14.629461683313517,14.739516258239746,14.629461683313517,14.739516258239746,1000,0.0,0.0,0.0
2008-05-16 00:00:00-04:00,14.70020866394043,14.70020866394043,14.70020866394043,14.70020866394043,200,0.0,0.0,0.0
2008-05-19 00:00:00-04:00,14.708065060111641,14.731648815997357,14.668760299682617,14.668760299682617,900,0.0,0.0,0.0
2008-05-20 00:00:00-04:00,14.56656921255465,14.574430465698242,14.56656921255465,14.574430465698242,800,0.0,0.0,0.0
2008-05-21 00:00:00-04:00,14.605874101244867,14.621596607663758,14.464374542236328,14.464374542236328,7000,0.0,0.0,0.0
2008-05-22 00:00:00-04:00,14.464374542236328,14.464374542236328,14.464374542236328,14.464374542236328,200,0.0,0.0,0.0
2008-05-23 00:00:00-04:00,14.456507700997527,14.456507700997527,14.417202949523926,14.417202949523926,2000,0.0,0.0,0.0
2008-05-27 00:00:00-04:00,14.511536868968026,14.558704376220703,14.511536868968026,14.558704376220703,300,0.0,0.0,0.0
2008-05-28 00:00:00-04:00,14.495814323425293,14.495814323425293,14.495814323425293,14.495814323425293,400,0.0,0.0,0.0
2008-05-29 00:00:00-04:00,14.495814323425293,14.495814323425293,14.495814323425293,14.495814323425293,0,0.0,0.0,0.0
2008-05-30 00:00:00-04:00,14.621598963216167,14.66876499069059,14.598015199788467,14.637321472167969,1500,0.0,0.0,0.0
2008-06-02 00:00:00-04:00,14.637321472167969,14.637321472167969,14.637321472167969,14.637321472167969,0,0.0,0.0,0.0
2008-06-03 00:00:00-04:00,14.503678310509013,14.535121818550962,14.401483535766602,14.401483535766602,500,0.0,0.0,0.0
2008-06-04 00:00:00-04:00,14.480101304187569,14.535128593444826,14.472240048667793,14.535128593444824,2000,0.0,0.0,0.0
2008-06-05 00:00:00-04:00,14.590148671776895,14.64517593383789,14.56656641625386,14.64517593383789,6300,0.0,0.0,0.0
2008-06-06 00:00:00-04:00,14.393627956351219,16.35103545838524,14.244268610374524,14.267850875854492,12500,0.0,0.0,0.0
2008-06-09 00:00:00-04:00,14.267850875854492,14.283573385761851,14.236407355420846,14.267850875854492,8800,0.0,0.0,0.0
2008-06-10 00:00:00-04:00,14.23640294489052,15.399841328734995,14.23640294489052,14.346457481384277,35100,0.0,0.0,0.0
2008-06-11 00:00:00-04:00,14.228541374206545,14.228541374206545,14.228541374206545,14.228541374206543,1200,0.0,0.0,0.0
2008-06-12 00:00:00-04:00,14.228541374206545,14.228541374206545,14.228541374206545,14.228541374206543,0,0.0,0.0,0.0
2008-06-13 00:00:00-04:00,14.118486173586957,14.142069932005349,14.087042661743098,14.134208679199219,800,0.0,0.0,0.0
2008-06-16 00:00:00-04:00,14.039882061585587,14.039882061585587,14.016298294067383,14.016298294067383,200,0.0,0.0,0.0
2008-06-17 00:00:00-04:00,13.725431996785916,14.032014846801758,13.725431996785916,14.032014846801758,1200,0.0,0.0,0.0
2008-06-18 00:00:00-04:00,13.882654305320006,13.882654305320006,13.87479305267334,13.87479305267334,4200,0.0,0.0,0.0
2008-06-19 00:00:00-04:00,13.843349541467303,13.906238063260007,13.82762703617397,13.87479305267334,3600,0.0,0.0,0.0
2008-06-20 00:00:00-04:00,13.77259994323598,13.788322448730469,13.764738690488734,13.788322448730469,800,0.0,0.0,0.0
2008-06-23 00:00:00-04:00,13.82708024694615,13.82708024694615,13.700516700744629,13.700516700744629,900,0.109,0.0,0.0
2008-06-24 00:00:00-04:00,13.700520422018428,13.787533449449741,13.668880281252337,13.755891799926758,5000,0.0,0.0,0.0
2008-06-25 00:00:00-04:00,13.755891799926758,13.755891799926758,13.755891799926758,13.755891799926758,0,0.0,0.0,0.0
2008-06-26 00:00:00-04:00,13.827078397817285,13.827078397817285,13.668874740600586,13.668874740600586,900,0.0,0.0,0.0
2008-06-27 00:00:00-04:00,13.510673522949219,13.510673522949219,13.510673522949219,13.510673522949219,100,0.0,0.0,0.0
2008-06-30 00:00:00-04:00,13.49485197883786,13.597685813903809,13.49485197883786,13.597685813903809,700,0.0,0.0,0.0
2008-07-01 00:00:00-04:00,13.415746063236268,13.471118927001953,13.415746063236268,13.471118927001953,300,0.0,0.0,0.0
2008-07-02 00:00:00-04:00,13.471118927001953,13.471118927001953,13.471118927001953,13.471118927001953,0,0.0,0.0,0.0
2008-07-03 00:00:00-04:00,13.463213920593262,13.463213920593262,13.463213920593262,13.463213920593262,2500,0.0,0.0,0.0
2008-07-07 00:00:00-04:00,12.885764664605695,13.49485119346391,12.830391790385354,13.415748596191406,253400,0.0,0.0,0.0
2008-07-08 00:00:00-04:00,13.534400793870425,13.62141227722168,13.534400793870425,13.62141227722168,87000,0.0,0.0,0.0
2008-07-09 00:00:00-04:00,13.68469778312227,13.724249839782715,13.68469778312227,13.724249839782715,13200,0.0,0.0,0.0
2008-07-10 00:00:00-04:00,13.684697466731325,13.732159933626525,13.67678856433878,13.716339111328125,8200,0.0,0.0,0.0
2008-07-11 00:00:00-04:00,13.637233103903478,13.692604459367137,13.589772157614096,13.668874740600586,50200,0.0,0.0,0.0
2008-07-14 00:00:00-04:00,13.827078397817285,13.827078397817285,13.668874740600586,13.668874740600586,21500,0.0,0.0,0.0
2008-07-15 00:00:00-04:00,13.526497027323884,13.819174766540527,13.526497027323884,13.819174766540527,3200,0.0,0.0,0.0
2008-07-16 00:00:00-04:00,13.755890522944712,13.811261895712825,13.755890522944712,13.795442581176758,13000,0.0,0.0,0.0
2008-07-17 00:00:00-04:00,13.795442581176758,13.795442581176758,13.795442581176758,13.795442581176758,0,0.0,0.0,0.0
2008-07-18 00:00:00-04:00,13.929913914364404,13.929913914364404,13.82708009126072,13.834990501403809,4300,0.0,0.0,0.0
2008-07-21 00:00:00-04:00,13.763795852661133,13.763795852661133,13.763795852661133,13.763795852661133,800,0.0,0.0,0.0
2008-07-22 00:00:00-04:00,14.009018256548304,14.072301552411657,14.009018256548304,14.04065990447998,1000,0.0,0.0,0.0
2008-07-23 00:00:00-04:00,14.04065990447998,14.04065990447998,14.04065990447998,14.04065990447998,0,0.0,0.0,0.0
2008-07-24 00:00:00-04:00,14.222591633334572,14.222591633334572,14.032746315002441,14.032746315002441,2000,0.0,0.0,0.0
2008-07-25 00:00:00-04:00,13.977376854345835,14.009016990661621,13.93782630676193,14.009016990661621,2700,0.0,0.0,0.0
2008-07-28 00:00:00-04:00,14.048563003540039,14.048563003540039,14.048563003540039,14.048563003540039,100,0.0,0.0,0.0
2008-07-29 00:00:00-04:00,14.048571170909183,14.119763374328612,14.048571170909183,14.119763374328613,200,0.0,0.0,0.0
2008-07-30 00:00:00-04:00,14.190951347351074,14.190951347351074,14.190951347351074,14.190951347351074,300,0.0,0.0,0.0
2008-07-31 00:00:00-04:00,14.254234950306515,14.42825946871933,14.238414128062628,14.24632453918457,111600,0.0,0.0,0.0
2008-08-01 00:00:00-04:00,14.31751282209542,14.412434712133434,14.25423105915133,14.277960777282715,38600,0.0,0.0,0.0
2008-08-04 00:00:00-04:00,14.43616843087659,14.43616843087659,14.009015325705066,14.34915542602539,11200,0.0,0.0,0.0
2008-08-05 00:00:00-04:00,14.475720862428595,14.72093908832023,14.475720862428595,14.649746894836426,19400,0.0,0.0,0.0
2008-08-06 00:00:00-04:00,14.776303664347873,14.776303664347873,14.586458405275078,14.705111503601074,2700,0.0,0.0,0.0
2008-08-07 00:00:00-04:00,14.649748588957431,14.649748588957431,14.444082396082496,14.5390043258667,4700,0.0,0.0,0.0
2008-08-08 00:00:00-04:00,14.538999972202019,14.800037464076903,14.538999972202019,14.792128562927246,25800,0.0,0.0,0.0
2008-08-11 00:00:00-04:00,14.760491495368395,14.966157690362305,14.760491495368395,14.902875900268555,4200,0.0,0.0,0.0
2008-08-12 00:00:00-04:00,14.958244323730469,14.958244323730469,14.958244323730469,14.958244323730469,100,0.0,0.0,0.0
2008-08-13 00:00:00-04:00,15.037346922913995,15.045257333708008,14.863322411715505,14.958244323730469,323600,0.0,0.0,0.0
2008-08-14 00:00:00-04:00,15.01361497257987,15.053167024658547,15.01361497257987,15.021525382995605,12200,0.0,0.0,0.0
2008-08-15 00:00:00-04:00,15.13227684850565,15.148097678471887,15.108547112313683,15.14018726348877,7900,0.0,0.0,0.0
2008-08-18 00:00:00-04:00,15.084803642029343,15.084803642029343,15.005701065063478,15.005701065063477,3300,0.0,0.0,0.0
2008-08-19 00:00:00-04:00,14.88705358037247,14.88705358037247,14.807950973510742,14.807950973510742,7600,0.0,0.0,0.0
2008-08-20 00:00:00-04:00,14.689300960360669,14.839595794677734,14.578558192314965,14.839595794677734,21400,0.0,0.0,0.0
2008-08-21 00:00:00-04:00,14.6576566696167,14.6576566696167,14.6576566696167,14.6576566696167,200,0.0,0.0,0.0
2008-08-22 00:00:00-04:00,14.77630774311509,14.792128562927244,14.705115562716811,14.792128562927246,1800,0.0,0.0,0.0
2008-08-25 00:00:00-04:00,14.697207215942607,14.697207215942607,14.641835847583684,14.6576566696167,10700,0.0,0.0,0.0
2008-08-26 00:00:00-04:00,14.6576566696167,14.6576566696167,14.6576566696167,14.6576566696167,0,0.0,0.0,0.0
2008-08-27 00:00:00-04:00,14.539005595030249,14.546916007995605,14.515275864891176,14.546916007995605,12800,0.0,0.0,0.0
2008-08-28 00:00:00-04:00,14.578557975860665,14.578557975860665,14.554826736450195,14.554826736450195,900,0.0,0.0,0.0
2008-08-29 00:00:00-04:00,14.467811992844085,14.467811992844085,14.372888565063477,14.372888565063477,3400,0.0,0.0,0.0
2008-09-02 00:00:00-04:00,14.467811959825235,14.665567717556538,14.467811959825235,14.649746894836426,900,0.0,0.0,0.0
2008-09-03 00:00:00-04:00,14.499452590942381,14.499452590942381,14.499452590942381,14.499452590942383,200,0.0,0.0,0.0
2008-09-04 00:00:00-04:00,14.341244216429054,14.341244216429054,13.898271824045889,14.2621431350708,117100,0.0,0.0,0.0
2008-09-05 00:00:00-04:00,14.198861364730348,14.2621431350708,14.198861364730348,14.2621431350708,1100,0.0,0.0,0.0
2008-09-08 00:00:00-04:00,14.831685161210872,14.831685161210872,14.467815209459209,14.554826736450195,5500,0.0,0.0,0.0
2008-09-09 00:00:00-04:00,14.626017629392681,14.641838454242249,14.380800879251996,14.396621704101562,7600,0.0,0.0,0.0
2008-09-10 00:00:00-04:00,14.28587278017512,14.3491545501798,14.28587278017512,14.317514419555664,7000,0.0,0.0,0.0
2008-09-11 00:00:00-04:00,14.349154082541137,14.4203462600708,14.349154082541137,14.4203462600708,2000,0.0,0.0,0.0
2008-09-12 00:00:00-04:00,14.420351666215034,14.420351666215034,14.404530841109185,14.41244125366211,1600,0.0,0.0,0.0
2008-09-15 00:00:00-04:00,14.238415487457722,14.238415487457722,14.198864936828613,14.198864936828613,400,0.0,0.0,0.0
2008-09-16 00:00:00-04:00,14.024836776092888,14.25423415963481,14.024836776092888,14.111849784851074,1000,0.0,0.0,0.0
2008-09-17 00:00:00-04:00,13.985286334762138,13.985286334762138,13.273365964340096,13.502761840820312,295200,0.0,0.0,0.0
2008-09-18 00:00:00-04:00,13.84289671277415,13.92199928145549,13.518577539061065,13.882447242736816,130000,0.0,0.0,0.0
2008-09-19 00:00:00-04:00,13.320823824023854,14.127667427062988,13.320823824023854,14.127667427062988,900,0.0,0.0,0.0
2008-09-22 00:00:00-04:00,13.993193054147378,14.001103462802243,13.922000885009766,13.922000885009766,9400,0.0,0.0,0.0
2008-09-23 00:00:00-04:00,13.945736520362075,13.945736520362075,13.787532806396484,13.787532806396484,1000,0.0,0.0,0.0
2008-09-24 00:00:00-04:00,13.779621210350646,13.787531621682735,13.724249839782715,13.724249839782715,1600,0.0,0.0,0.0
2008-09-25 00:00:00-04:00,13.755885320769945,13.929911293664633,13.755885320769945,13.922000885009766,3900,0.0,0.0,0.0
2008-09-26 00:00:00-04:00,13.392017641391927,14.10393793385162,13.392017641391927,13.961553573608398,30600,0.0,0.0,0.0
2008-09-29 00:00:00-04:00,13.755889104047379,14.760488648167296,13.550222948725116,13.645146369934082,42300,0.0,0.0,0.0
2008-09-30 00:00:00-04:00,14.7367615502626,14.7367615502626,13.550226750414316,13.84290599822998,11700,0.0,0.0,0.0
2008-10-01 00:00:00-04:00,13.447388026703276,15.235099792480469,13.447388026703276,15.235099792480469,130800,0.0,0.0,0.0
2008-10-02 00:00:00-04:00,15.061078484274585,15.511961348085748,13.684697151184082,13.684697151184082,100800,0.0,0.0,0.0
2008-10-03 00:00:00-04:00,14.792133082194395,14.792133082194395,12.917407606870823,13.186355590820312,81800,0.0,0.0,0.0
2008-10-06 00:00:00-04:00,12.893671636291074,13.368285640120632,12.656365388754459,13.241722106933594,59200,0.0,0.0,0.0
2008-10-07 00:00:00-04:00,13.202173232336639,13.257544596489337,12.901583671569824,12.901583671569824,18000,0.0,0.0,0.0
2008-10-08 00:00:00-04:00,12.339958072236128,13.036057590308047,12.339958072236128,12.561444282531738,19600,0.0,0.0,0.0
2008-10-09 00:00:00-04:00,12.308317056826004,12.553533741361258,11.374909763022554,11.722959518432617,30000,0.0,0.0,0.0
2008-10-10 00:00:00-04:00,11.390731583753915,12.347869501530534,10.330761333641668,12.165934562683105,32500,0.0,0.0,0.0
2008-10-13 00:00:00-04:00,12.071011544484788,13.573954990474249,12.015639419748643,12.411150932312012,69500,0.0,0.0,0.0
2008-10-14 00:00:00-04:00,13.115162755807193,13.431571689668798,12.02355080241705,12.158024787902832,35300,0.0,0.0,0.0
2008-10-15 00:00:00-04:00,11.976085945036123,11.976085945036123,11.588484184126465,11.707138061523438,15500,0.0,0.0,0.0
2008-10-16 00:00:00-04:00,11.699226124385078,11.699226124385078,11.216702531574315,11.635944366455078,19000,0.0,0.0,0.0
2008-10-17 00:00:00-04:00,11.651764867404333,12.102648352602635,11.620123987248144,11.817879676818848,26000,0.0,0.0,0.0
2008-10-20 00:00:00-04:00,11.896984163688279,12.600994803119383,11.865343278454196,12.260854721069336,27100,0.0,0.0,0.0
2008-10-21 00:00:00-04:00,12.063101971655822,12.118473345862336,11.873256613480578,12.039371490478516,37400,0.0,0.0,0.0
2008-10-22 00:00:00-04:00,12.03937001801039,13.020237581951383,11.477743669647547,12.0789213180542,25700,0.0,0.0,0.0
2008-10-23 00:00:00-04:00,11.675500063144977,12.419061376826129,11.414462524505334,11.430282592773438,5900,0.0,0.0,0.0
2008-10-24 00:00:00-04:00,11.137601392449364,11.3907284567938,11.137601392449364,11.264164924621582,8200,0.0,0.0,0.0
2008-10-27 00:00:00-04:00,11.129692475096295,11.786241452037633,10.805373191833496,10.805373191833496,6400,0.0,0.0,0.0
2008-10-28 00:00:00-04:00,12.031459640856076,12.173844019661642,10.995219197819035,11.5252046585083,25000,0.0,0.0,0.0
2008-10-29 00:00:00-04:00,11.7625140315067,12.782933854554255,11.635950449481959,11.928628921508789,19300,0.0,0.0,0.0
2008-10-30 00:00:00-04:00,11.92862698311352,11.983998352656915,11.746692052111891,11.841614723205566,27100,0.0,0.0,0.0
2008-10-31 00:00:00-04:00,12.379510276200156,12.379510276200156,11.896986493300298,12.134293556213379,8500,0.0,0.0,0.0
2008-11-03 00:00:00-05:00,12.521892212845072,12.521892212845072,11.983996409487455,12.260854721069336,6000,0.0,0.0,0.0
2008-11-04 00:00:00-05:00,12.703825807599335,12.703825807599335,11.928623821914409,12.086828231811523,11300,0.0,0.0,0.0
2008-11-05 00:00:00-05:00,12.324140194508773,12.466524598032764,11.72296244005019,12.142205238342285,6900,0.0,0.0,0.0
2008-11-06 00:00:00-05:00,11.675501360315938,11.683411772518024,11.438194274902344,11.438194274902344,2200,0.0,0.0,0.0
2008-11-07 00:00:00-05:00,11.541024285440788,11.604306057385198,11.390729511289141,11.485652923583984,8700,0.0,0.0,0.0
2008-11-10 00:00:00-05:00,11.64385787678302,11.64385787678302,11.422370910644531,11.422370910644531,1000,0.0,0.0,0.0
2008-11-11 00:00:00-05:00,11.38282192488522,11.461923777006701,11.256257603609797,11.327449798583984,9200,0.0,0.0,0.0
2008-11-12 00:00:00-05:00,11.074321510740688,11.3037181404309,10.868655358776145,11.011039733886719,21900,0.0,0.0,0.0
2008-11-13 00:00:00-05:00,10.797462975805178,11.05059083301816,10.702540312242162,11.034770011901855,10700,0.0,0.0,0.0
2008-11-14 00:00:00-05:00,10.441504496281274,11.469834650286048,10.441504496281274,11.003130912780762,9200,0.0,0.0,0.0
2008-11-17 00:00:00-05:00,10.829103153005423,11.192973716640644,10.829103153005423,10.844923973083496,5400,0.0,0.0,0.0
2008-11-18 00:00:00-05:00,10.947759081771206,10.947759081771206,10.65508064515816,10.876566886901855,3900,0.0,0.0,0.0
2008-11-19 00:00:00-05:00,10.987308492706616,11.011038968783367,10.710450172424316,10.710450172424316,5800,0.0,0.0,0.0
2008-11-20 00:00:00-05:00,10.552244417237887,10.734179301628405,10.006438255310059,10.006438255310059,21700,0.0,0.0,0.0
2008-11-21 00:00:00-05:00,10.852834563722165,10.852834563722165,9.919427286173493,10.267477035522461,6400,0.0,0.0,0.0
2008-11-24 00:00:00-05:00,10.805375816804261,10.805375816804261,10.140916268028745,10.63135051727295,7900,0.0,0.0,0.0
2008-11-25 00:00:00-05:00,10.583884169825549,10.61552504870663,10.370307671594704,10.473140716552734,12200,0.0,0.0,0.0
2008-11-26 00:00:00-05:00,10.655081432606428,10.655081432606428,10.299121186331316,10.647171020507812,13100,0.0,0.0,0.0
2008-11-28 00:00:00-05:00,10.718361854553223,10.90029678336276,10.718361854553223,10.718361854553223,2500,0.0,0.0,0.0
2008-12-01 00:00:00-05:00,10.156735452655418,10.797463660957723,10.156735452655418,10.24374771118164,4500,0.0,0.0,0.0
2008-12-02 00:00:00-05:00,10.631347814335085,10.742091295768144,10.378220718920373,10.520605087280273,5800,0.0,0.0,0.0
2008-12-03 00:00:00-05:00,9.96688761786157,10.662987020530805,9.96688761786157,10.583885192871094,9600,0.0,0.0,0.0
2008-12-04 00:00:00-05:00,10.710448269730483,10.710448269730483,10.544333457946777,10.544333457946777,2700,0.0,0.0,0.0
2008-12-05 00:00:00-05:00,10.275387027547461,10.528514862060547,10.235835732681835,10.528514862060547,4300,0.0,0.0,0.0
2008-12-08 00:00:00-05:00,10.061814224183205,10.8923886449964,10.061814224183205,10.789555549621582,4100,0.0,0.0,0.0
2008-12-09 00:00:00-05:00,10.757911467027334,10.781641942195428,10.504783632514249,10.528514862060547,9500,0.0,0.0,0.0
2008-12-10 00:00:00-05:00,10.575975661897074,10.670898315596872,10.56015559680287,10.639257431030273,8200,0.0,0.0,0.0
2008-12-11 00:00:00-05:00,10.852836207108352,10.852836207108352,10.560157775878906,10.560157775878906,6200,0.0,0.0,0.0
2008-12-12 00:00:00-05:00,10.528513961580963,10.61552619934082,10.362399140855315,10.61552619934082,3100,0.0,0.0,0.0
2008-12-15 00:00:00-05:00,10.473146117045895,10.488966941833496,10.346582536258873,10.488966941833496,2900,0.0,0.0,0.0
2008-12-16 00:00:00-05:00,10.623434790949503,10.916113090843572,10.560153037155,10.892382621765137,3100,0.0,0.0,0.0
2008-12-17 00:00:00-05:00,10.93193638425557,11.05059027348515,10.805372839246605,10.963577270507812,11100,0.0,0.0,0.0
2008-12-18 00:00:00-05:00,11.07432071546045,11.137602487769966,10.955667580974666,11.129692077636719,17700,0.0,0.0,0.0
2008-12-19 00:00:00-05:00,11.216706209307214,11.216706209307214,10.90820697246421,11.018950462341309,2400,0.0,0.0,0.0
2008-12-22 00:00:00-05:00,10.908205744639341,10.995217991934073,10.805372677266536,10.844923973083496,9000,0.0,0.0,0.0
2008-12-23 00:00:00-05:00,11.222192836165593,11.222192836165593,10.854514122009277,10.854514122009277,3800,0.142,0.0,0.0
2008-12-24 00:00:00-05:00,10.86250857143442,10.934445835447637,10.86250857143442,10.92645263671875,7800,0.0,0.0,0.0
2008-12-26 00:00:00-05:00,10.950431268998628,10.990396499633789,10.88648720489172,10.990396499633789,4800,0.0,0.0,0.0
2008-12-29 00:00:00-05:00,10.886487563188291,10.886487563188291,10.814550298132072,10.846522331237793,5800,0.0,0.0,0.0
2008-12-30 00:00:00-05:00,10.982405384918279,11.094307899475098,10.982405384918279,11.094307899475098,4000,0.0,0.0,0.0
2008-12-31 00:00:00-05:00,11.27814568695607,11.318110920776363,11.222194816971717,11.310117721557617,5100,0.0,0.0,0.0
2009-01-02 00:00:00-05:00,11.358073167154107,11.573884153382798,11.358073167154107,11.55789852142334,4200,0.0,0.0,0.0
2009-01-05 00:00:00-05:00,11.469978332519531,11.469978332519531,11.430013099829274,11.469978332519531,2900,0.0,0.0,0.0
2009-01-06 00:00:00-05:00,11.342087745666504,11.438004594742411,11.318108914534175,11.342087745666504,3500,0.0,0.0,0.0
2009-01-07 00:00:00-05:00,11.334099559695101,11.390050440739609,11.206211396008465,11.214203834533691,21900,0.0,0.0,0.0
2009-01-08 00:00:00-05:00,11.246174505422664,11.246174505422664,11.158251594167453,11.238182067871094,1800,0.0,0.0,0.0
2009-01-09 00:00:00-05:00,11.23018893092324,11.23018893092324,11.10230078210017,11.190223693847656,4900,0.0,0.0,0.0
2009-01-12 00:00:00-05:00,11.126280286836097,11.126280286836097,11.094308247712515,11.118287086486816,1600,0.0,0.0,0.0
2009-01-13 00:00:00-05:00,11.126277469704352,11.150256302407303,11.102298637001402,11.134270668029785,6400,0.0,0.0,0.0
2009-01-14 00:00:00-05:00,10.886488669070827,10.902475068384332,10.798565759666973,10.830537796020508,12800,0.0,0.0,0.0
2009-01-15 00:00:00-05:00,10.75060760865017,10.918460994518956,10.686663534250014,10.902475357055664,18400,0.0,0.0,0.0
2009-01-16 00:00:00-05:00,11.030362075612933,11.230187472771597,11.030362075612933,11.182229042053223,5300,0.0,0.0,0.0
2009-01-20 00:00:00-05:00,11.182228183326979,11.182228183326979,10.982402801513672,10.982402801513672,600,0.0,0.0,0.0
2009-01-21 00:00:00-05:00,11.062334559631251,11.086313394831254,10.9344464222,11.070327758789062,2800,0.0,0.0,0.0
2009-01-22 00:00:00-05:00,11.030364406939231,11.190224605998788,10.950433926272675,11.174238204956055,8100,0.0,0.0,0.0
2009-01-23 00:00:00-05:00,10.982405237602103,11.1102933883667,10.950433199910954,11.1102933883667,30300,0.0,0.0,0.0
2009-01-26 00:00:00-05:00,11.270154104897852,11.294132942099546,11.166244793992515,11.238182067871094,1800,0.0,0.0,0.0
2009-01-27 00:00:00-05:00,11.350081489979038,11.374060322265956,11.230186566271113,11.366067886352539,3000,0.0,0.0,0.0
2009-01-28 00:00:00-05:00,11.45398952973624,11.477968359406608,11.45398952973624,11.461982727050781,1100,0.0,0.0,0.0
2009-01-29 00:00:00-05:00,11.102302187401584,11.62184804832649,11.102302187401584,11.485966682434082,2800,0.0,0.0,0.0
2009-01-30 00:00:00-05:00,11.310118642800912,11.318111842670728,11.190223693847656,11.190223693847656,1200,0.0,0.0,0.0
2009-02-02 00:00:00-05:00,11.086314382360538,11.190223693847656,11.086314382360538,11.190223693847656,4800,0.0,0.0,0.0
2009-02-03 00:00:00-05:00,11.118287112327986,11.422021865844727,11.118287112327986,11.422021865844727,5700,0.0,0.0,0.0
2009-02-04 00:00:00-05:00,11.44600081294438,11.44600081294438,11.390049934387207,11.390049934387207,300,0.0,0.0,0.0
2009-02-05 00:00:00-05:00,11.254166895421411,11.326104164123535,11.18222962671929,11.326104164123535,3000,0.0,0.0,0.0
2009-02-06 00:00:00-05:00,11.422017502751336,11.46997592436532,11.406031870395509,11.461982727050781,800,0.0,0.0,0.0
2009-02-09 00:00:00-05:00,11.342087292629701,11.438004137874405,11.31810846245516,11.350080490112305,3500,0.0,0.0,0.0
2009-02-10 00:00:00-05:00,11.20620906582378,11.20620906582378,10.88648796081543,10.88648796081543,2700,0.0,0.0,0.0
2009-02-11 00:00:00-05:00,11.030361675115488,11.070326905550816,11.01437527803201,11.038354873657227,3200,0.0,0.0,0.0
2009-02-12 00:00:00-05:00,10.998386515717296,11.02236534225052,10.918456077575684,10.918456077575684,1500,0.0,0.0,0.0
2009-02-13 00:00:00-05:00,11.142266165144143,11.174238204956055,11.142266165144143,11.174238204956055,1600,0.0,0.0,0.0
2009-02-17 00:00:00-05:00,10.814551106534415,10.814551106534415,10.758600234985352,10.758600234985352,600,0.0,0.0,0.0
2009-02-18 00:00:00-05:00,10.774583507497692,10.774583507497692,10.758597874394061,10.76659107208252,8000,0.0,0.0,0.0
2009-02-19 00:00:00-05:00,10.870500761008284,10.910465226395878,10.782577107699622,10.806556701660156,1000,0.0,0.0,0.0
2009-02-20 00:00:00-05:00,10.718635559082031,10.718635559082031,10.590747410429286,10.718635559082031,2400,0.0,0.0,0.0
2009-02-23 00:00:00-05:00,10.582751455441134,10.590744653219344,10.350954055786133,10.350954055786133,4100,0.0,0.0,0.0
2009-02-24 00:00:00-05:00,10.446871788971258,10.630711555480957,10.438879352206554,10.630711555480957,1400,0.0,0.0,0.0
2009-02-25 00:00:00-05:00,10.598737766665733,10.670675021550636,10.510814116351611,10.550779342651367,4100,0.0,0.0,0.0
2009-02-26 00:00:00-05:00,10.542789497843293,10.542789497843293,10.3749361038208,10.3749361038208,4700,0.0,0.0,0.0
2009-02-27 00:00:00-05:00,10.223069110311656,10.43888094360066,10.223069110311656,10.3749361038208,8600,0.0,0.0,0.0
2009-03-02 00:00:00-05:00,10.079190348163316,10.111162373572727,10.047218322753906,10.047218322753906,7200,0.0,0.0,0.0
2009-03-03 00:00:00-05:00,10.111164136785149,10.151129366084461,9.895353118206222,9.959297180175781,3800,0.0,0.0,0.0
2009-03-04 00:00:00-05:00,10.087187385174268,10.263033973005646,10.087187385174268,10.231061935424805,6000,0.0,0.0,0.0
2009-03-05 00:00:00-05:00,9.959301172330434,9.959301172330434,9.719510462688557,9.759475708007812,6400,0.0,0.0,0.0
2009-03-06 00:00:00-05:00,9.791444025116819,9.791444025116819,9.655562700112922,9.727499961853027,5100,0.0,0.0,0.0
2009-03-09 00:00:00-04:00,9.75148250648923,9.815426594090578,9.72750366420714,9.759475708007812,3400,0.0,0.0,0.0
2009-03-10 00:00:00-04:00,9.879368571018453,9.943312644958496,9.85538973385931,9.943312644958496,6300,0.0,0.0,0.0
2009-03-11 00:00:00-04:00,9.935321310439493,9.983278990082036,9.927328109741211,9.927328109741211,2600,0.0,0.0,0.0
2009-03-12 00:00:00-04:00,9.911341681289754,10.223069647209666,9.8953560422104,10.215076446533203,11600,0.0,0.0,0.0
2009-03-13 00:00:00-04:00,10.263032013450134,10.382926940917969,10.199087950497509,10.382926940917969,6700,0.0,0.0,0.0
2009-03-16 00:00:00-04:00,10.510815572271474,10.542787605285271,10.390920639038086,10.390920639038086,5200,0.0,0.0,0.0
2009-03-17 00:00:00-04:00,10.438881889844756,10.55877685546875,10.350958203598466,10.55877685546875,5900,0.0,0.0,0.0
2009-03-18 00:00:00-04:00,10.550777805177212,10.558771001727042,10.295001613768099,10.422889709472656,10800,0.0,0.0,0.0
2009-03-19 00:00:00-04:00,10.702646247164699,10.742610708192814,10.223065092095004,10.318981170654297,20300,0.0,0.0,0.0
2009-03-20 00:00:00-04:00,10.34296449826752,10.34296449826752,10.215076337898457,10.247048377990723,1400,0.0,0.0,0.0
2009-03-23 00:00:00-04:00,10.37493820491764,10.51881278958063,10.37493820491764,10.494833946228027,2700,0.0,0.0,0.0
2009-03-24 00:00:00-04:00,10.574760026677346,10.6067328231388,10.534795555647376,10.598739624023438,6200,0.0,0.0,0.0
2009-03-25 00:00:00-04:00,10.526800511780829,10.582751371236515,10.382926002011022,10.550779342651367,4100,0.0,0.0,0.0
2009-03-26 00:00:00-04:00,10.582751128821268,10.662681579589844,10.454863017410165,10.662681579589844,7500,0.0,0.0,0.0
2009-03-27 00:00:00-04:00,10.614725925624928,10.614725925624928,10.510816617429372,10.526803016662598,5900,0.0,0.0,0.0
2009-03-30 00:00:00-04:00,10.350956461618845,10.366942860890921,10.247047153170772,10.358949661254883,2500,0.0,0.0,0.0
2009-03-31 00:00:00-04:00,10.446871003870594,10.462857400745431,10.318982877965343,10.382926940917969,1800,0.0,0.0,0.0
2009-04-01 00:00:00-04:00,10.350954418447191,10.542786598205566,10.350954418447191,10.542786598205566,6900,0.0,0.0,0.0
2009-04-02 00:00:00-04:00,10.694655364553975,10.886487563188291,10.694655364553975,10.846522331237793,1700,0.0,0.0,0.0
2009-04-03 00:00:00-04:00,10.750605078025556,10.806556701660156,10.710639850364647,10.806556701660156,5100,0.0,0.0,0.0
2009-04-06 00:00:00-04:00,10.726629215034308,10.750608053357897,10.646698737590974,10.71064281463623,18600,0.0,0.0,0.0
2009-04-07 00:00:00-04:00,10.638705106161476,10.69465597673084,10.614725508254512,10.654690742492676,3900,0.0,0.0,0.0
2009-04-08 00:00:00-04:00,10.774583267154119,10.81454849243164,10.734618804149866,10.81454849243164,5100,0.0,0.0,0.0
2009-04-09 00:00:00-04:00,10.83053320543843,10.966414492915282,10.83053320543843,10.918456077575684,9000,0.0,0.0,0.0
2009-04-13 00:00:00-04:00,10.95842576815423,11.038356238910904,10.95043256862387,11.014376640319824,4700,0.0,0.0,0.0
2009-04-14 00:00:00-04:00,10.774586160696714,10.85451663271729,10.774586160696714,10.830537796020508,2500,0.0,0.0,0.0
2009-04-15 00:00:00-04:00,10.822545293390109,10.8864893702155,10.782580054805859,10.878496170043945,11500,0.0,0.0,0.0
2009-04-16 00:00:00-04:00,10.766594656127415,11.142265925261118,10.766594656127415,11.118287086486816,5400,0.0,0.0,0.0
2009-04-17 00:00:00-04:00,11.126280008306479,11.246174961450137,11.118286808157297,11.230189323425293,4400,0.0,0.0,0.0
2009-04-20 00:00:00-04:00,11.222193562789503,11.222193562789503,11.070326605973019,11.134270668029785,4100,0.0,0.0,0.0
2009-04-21 00:00:00-04:00,11.046347316735686,11.150256611022254,11.046347316735686,11.142263412475586,5700,0.0,0.0,0.0
2009-04-22 00:00:00-04:00,11.070329131809242,11.270154561897685,11.070329131809242,11.230189323425293,13000,0.0,0.0,0.0
2009-04-23 00:00:00-04:00,11.15825165664189,11.190223693847656,11.086314382360538,11.190223693847656,5500,0.0,0.0,0.0
2009-04-24 00:00:00-04:00,11.366070987816801,11.453993905042617,11.366070987816801,11.422021865844727,3300,0.0,0.0,0.0
2009-04-27 00:00:00-04:00,11.366070987816801,11.525931183806259,11.366070987816801,11.422021865844727,1400,0.0,0.0,0.0
2009-04-28 00:00:00-04:00,11.54191508704765,11.581880320604995,11.50994305265646,11.52592945098877,5700,0.0,0.0,0.0
2009-04-29 00:00:00-04:00,11.629839337494287,11.805685916615305,11.621846137926635,11.669804573059082,10500,0.0,0.0,0.0
2009-04-30 00:00:00-04:00,11.74174128551275,11.853643794575712,11.68579041211801,11.709769248962402,37700,0.0,0.0,0.0
2009-05-01 00:00:00-04:00,11.68578950470105,11.725754737854004,11.68578950470105,11.725754737854004,1100,0.0,0.0,0.0
2009-05-04 00:00:00-04:00,11.837655978863404,11.989522933959961,11.837655978863404,11.989522933959961,1900,0.0,0.0,0.0
2009-05-05 00:00:00-04:00,11.997516936133618,12.045474604209971,11.90160083770752,11.90160083770752,6300,0.0,0.0,0.0
2009-05-06 00:00:00-04:00,11.981530996275866,11.981530996275866,11.829664025201717,11.893608093261719,4500,0.0,0.0,0.0
2009-05-07 00:00:00-04:00,12.173361084929901,12.173361084929901,11.741738319396973,11.741738319396973,2200,0.0,0.0,0.0
2009-05-08 00:00:00-04:00,11.861642140866108,11.933579444885254,11.853648937692022,11.933579444885254,1600,0.0,0.0,0.0
2009-05-11 00:00:00-04:00,11.789700960994084,11.965547561645508,11.789700960994084,11.965547561645508,3900,0.0,0.0,0.0
2009-05-12 00:00:00-04:00,11.42202587585095,11.981537139382146,11.42202587585095,11.933579444885254,2400,0.0,0.0,0.0
2009-05-13 00:00:00-04:00,11.845650991401868,11.845650991401868,11.741741678566509,11.749734878540039,16800,0.0,0.0,0.0
2009-05-14 00:00:00-04:00,11.781704494668581,11.813676525717984,11.773711296337893,11.805684089660645,1300,0.0,0.0,0.0
2009-05-15 00:00:00-04:00,11.733749454064053,11.837658768787405,11.685791015625,11.685791015625,1700,0.0,0.0,0.0
2009-05-18 00:00:00-04:00,11.813676879532203,11.853642110109233,11.74173961694822,11.829663276672363,3000,0.0,0.0,0.0
2009-05-19 00:00:00-04:00,11.893608093261719,11.901601292337574,11.893608093261719,11.893608093261719,1800,0.0,0.0,0.0
2009-05-20 00:00:00-04:00,11.941566510698634,11.957552909851074,11.941566510698634,11.957552909851074,1500,0.0,0.0,0.0
2009-05-21 00:00:00-04:00,11.733748039900123,11.733748039900123,11.677796408085658,11.693782806396484,500,0.0,0.0,0.0
2009-05-22 00:00:00-04:00,11.733748638608066,11.773713111877441,11.733748638608066,11.773713111877441,2300,0.0,0.0,0.0
2009-05-26 00:00:00-04:00,11.997517394427577,11.997517394427577,11.669803855051711,11.893608093261719,4100,0.0,0.0,0.0
2009-05-27 00:00:00-04:00,11.83765461422122,11.86163344388833,11.73374533596607,11.781702995300293,1200,0.0,0.0,0.0
2009-05-28 00:00:00-04:00,11.789699511003965,11.789699511003965,11.605860494689743,11.773713111877441,5800,0.0,0.0,0.0
2009-05-29 00:00:00-04:00,11.741738319396973,11.741738319396973,11.653815431662347,11.741738319396973,2300,0.0,0.0,0.0
2009-06-01 00:00:00-04:00,12.021500930144514,12.061466178877964,12.021500930144514,12.045479774475098,2500,0.0,0.0,0.0
2009-06-02 00:00:00-04:00,12.157377141581923,12.213328008619353,12.157377141581923,12.189349174499512,4600,0.0,0.0,0.0
2009-06-03 00:00:00-04:00,12.125406826733544,12.125406826733544,12.005511876872822,12.085441589355469,6400,0.0,0.0,0.0
2009-06-04 00:00:00-04:00,12.133399920533785,12.133399920533785,11.98952537214058,12.117413520812988,15400,0.0,0.0,0.0
2009-06-05 00:00:00-04:00,12.109418971165345,12.109418971165345,12.037482467260704,12.077446937561035,1600,0.0,0.0,0.0
2009-06-08 00:00:00-04:00,11.989523134480999,12.101425624821228,11.989523134480999,12.093432426452637,1700,0.0,0.0,0.0
2009-06-09 00:00:00-04:00,12.08544102973133,12.125406265258789,12.02949015735697,12.125406265258789,1000,0.0,0.0,0.0
2009-06-10 00:00:00-04:00,11.997519059984533,11.997519059984533,11.877623344022428,11.941567420959473,4500,0.0,0.0,0.0
2009-06-11 00:00:00-04:00,12.045473797057639,12.069453391762364,11.989522933959961,11.989522933959961,1100,0.0,0.0,0.0
2009-06-12 00:00:00-04:00,11.917583145368706,12.061457633972168,11.917583145368706,12.061457633972168,1700,0.0,0.0,0.0
2009-06-15 00:00:00-04:00,11.869629258307572,11.917586928215865,11.861636059231717,11.893608093261719,9600,0.0,0.0,0.0
2009-06-16 00:00:00-04:00,11.885615662735505,11.885615662735505,11.78969955444336,11.78969955444336,1800,0.0,0.0,0.0
2009-06-17 00:00:00-04:00,11.725753936993753,11.869628461608492,11.725753936993753,11.813676834106445,2700,0.0,0.0,0.0
2009-06-18 00:00:00-04:00,11.933577992749893,12.045479774475098,11.933577992749893,12.045479774475098,4700,0.0,0.0,0.0
2009-06-19 00:00:00-04:00,12.08543646131502,12.125401681735223,12.02948561009064,12.061457633972168,2700,0.0,0.0,0.0
2009-06-22 00:00:00-04:00,11.933577114411216,11.933577114411216,11.861639824440497,11.877625465393066,3800,0.0,0.0,0.0
2009-06-23 00:00:00-04:00,11.855069904108012,11.855069904108012,11.766478538513184,11.766478538513184,1400,0.112,0.0,0.0
2009-06-24 00:00:00-04:00,11.895338419693363,11.895338419693363,11.871176719665527,11.871176719665527,1000,0.0,0.0,0.0
2009-06-25 00:00:00-04:00,12.000035998874926,12.016143798828125,12.000035998874926,12.016143798828125,2900,0.0,0.0,0.0
2009-06-26 00:00:00-04:00,12.016144084625891,12.048358917236328,11.94366051923686,12.048358917236328,1700,0.0,0.0,0.0
2009-06-29 00:00:00-04:00,12.112790939268196,12.13695187641152,12.104737037532972,12.120844841003418,3300,0.0,0.0,0.0
2009-06-30 00:00:00-04:00,12.056413102630662,12.080574035644531,12.024198269258099,12.080574035644531,4500,0.0,0.0,0.0
2009-07-01 00:00:00-04:00,12.265809770470264,12.298025373572704,12.265809770470264,12.281917572021484,3200,0.0,0.0,0.0
2009-07-02 00:00:00-04:00,12.04030688600189,12.080575625031123,12.000038146972656,12.000038146972656,1200,0.0,0.0,0.0
2009-07-06 00:00:00-04:00,12.024199498908368,12.11279010772705,12.024199498908368,12.11279010772705,1300,0.0,0.0,0.0
2009-07-07 00:00:00-04:00,12.080576461910464,12.096684265862947,12.008092880249023,12.008092880249023,1400,0.0,0.0,0.0
2009-07-08 00:00:00-04:00,11.959770176005737,12.000038146972656,11.895340500783888,12.000038146972656,13700,0.0,0.0,0.0
2009-07-09 00:00:00-04:00,11.975877210780041,12.000038146972656,11.975877210780041,12.000038146972656,1700,0.0,0.0,0.0
2009-07-10 00:00:00-04:00,12.048363545592247,12.048363545592247,11.911450262387365,11.919504165649414,1700,0.0,0.0,0.0
2009-07-13 00:00:00-04:00,11.951716468511705,12.104736757630867,11.863125087597478,12.088629722595215,1800,0.0,0.0,0.0
2009-07-14 00:00:00-04:00,12.120849025486091,12.233600616455078,12.120849025486091,12.233600616455078,2000,0.0,0.0,0.0
2009-07-15 00:00:00-04:00,12.426887387840097,12.523531913757324,12.426887387840097,12.523531913757324,7900,0.0,0.0,0.0
2009-07-16 00:00:00-04:00,12.555744855453135,12.612120628356934,12.547690954163365,12.612120628356934,6400,0.0,0.0,0.0
2009-07-17 00:00:00-04:00,12.579907695193437,12.587961597702144,12.523531913757324,12.523531913757324,2800,0.0,0.0,0.0
2009-07-20 00:00:00-04:00,12.604069182915518,12.676552772521973,12.539639496168101,12.676552772521973,11600,0.0,0.0,0.0
2009-07-21 00:00:00-04:00,12.78124971620283,12.78124971620283,12.5315849011637,12.660444259643555,3700,0.0,0.0,0.0
2009-07-22 00:00:00-04:00,12.72487542161376,12.757090264987468,12.668498869662933,12.676552772521973,9200,0.0,0.0,0.0
2009-07-23 00:00:00-04:00,12.732926557123353,13.014806183364513,12.724872656014732,12.950376510620117,3000,0.0,0.0,0.0
2009-07-24 00:00:00-04:00,12.83762417449914,12.990644454956055,12.83762417449914,12.990644454956055,4600,0.0,0.0,0.0
2009-07-27 00:00:00-04:00,12.982592965083999,13.135612487792969,12.950377358540216,13.135612487792969,5500,0.0,0.0,0.0
2009-07-28 00:00:00-04:00,13.127559416778253,13.143667221069336,13.063129735738688,13.143667221069336,2900,0.0,0.0,0.0
2009-07-29 00:00:00-04:00,13.20809634085643,13.20809634085643,13.063129180646317,13.07923698425293,5200,0.0,0.0,0.0
2009-07-30 00:00:00-04:00,13.28863315016269,13.304740952954008,13.183935504268362,13.200041770935059,5500,0.0,0.0,0.0
2009-07-31 00:00:00-04:00,13.272526771867396,13.288634576387512,13.216150992171778,13.232258796691895,3100,0.0,0.0,0.0
2009-08-03 00:00:00-04:00,13.216143012590184,13.296680450439453,13.191981320398245,13.296680450439453,1700,0.0,0.0,0.0
2009-08-04 00:00:00-04:00,13.240308047579644,13.248361947010336,13.20809244985688,13.224200248718262,6800,0.0,0.0,0.0
2009-08-05 00:00:00-04:00,13.40943820266672,13.40943820266672,13.208095282097776,13.264471054077148,2800,0.0,0.0,0.0
2009-08-06 00:00:00-04:00,13.328901742587824,13.328901742587824,13.16782831553711,13.18393611907959,3300,0.0,0.0,0.0
2009-08-07 00:00:00-04:00,13.304740559865683,13.304740559865683,13.183935114749234,13.264471054077148,2600,0.0,0.0,0.0
2009-08-10 00:00:00-04:00,13.232257693548492,13.280579566955566,13.232257693548492,13.280579566955566,4400,0.0,0.0,0.0
2009-08-11 00:00:00-04:00,13.23225676792008,13.240310668945312,13.175880996868006,13.240310668945312,3000,0.0,0.0,0.0
2009-08-12 00:00:00-04:00,13.208096353408354,13.256418228149414,13.200042451597396,13.256418228149414,800,0.0,0.0,0.0
2009-08-13 00:00:00-04:00,13.248365179309015,13.248365179309015,13.087290223645073,13.200041770935059,10100,0.0,0.0,0.0
2009-08-14 00:00:00-04:00,13.21615154855149,13.21615154855149,13.119507789611816,13.119507789611816,2200,0.0,0.0,0.0
2009-08-17 00:00:00-04:00,13.127558817205319,13.127558817205319,12.902055711928593,12.942323684692383,6200,0.0,0.0,0.0
2009-08-18 00:00:00-04:00,12.990645043063475,13.022860648894207,12.950377071899695,13.014806747436523,4700,0.0,0.0,0.0
2009-08-19 00:00:00-04:00,12.974539849138905,13.02286172575611,12.934270338520601,13.006753921508789,4200,0.0,0.0,0.0
2009-08-20 00:00:00-04:00,13.030916486777741,13.151721954345703,12.942325093702967,13.151721954345703,4700,0.0,0.0,0.0
2009-08-21 00:00:00-04:00,13.224199621914481,13.34500503540039,13.20003792476763,13.34500503540039,3300,0.0,0.0,0.0
2009-08-24 00:00:00-04:00,13.401386447383326,13.401386447383326,13.304742690265078,13.312796592712402,2000,0.0,0.0,0.0
2009-08-25 00:00:00-04:00,13.401387833240575,13.473871426637308,13.377227659524985,13.385281562805176,8300,0.0,0.0,0.0
2009-08-26 00:00:00-04:00,13.264473937467,13.44971063211128,13.264473937467,13.401387214660645,3800,0.0,0.0,0.0
2009-08-27 00:00:00-04:00,13.328905027711249,13.433604240417482,13.312798756323813,13.43360424041748,8500,0.0,0.0,0.0
2009-08-28 00:00:00-04:00,13.47387380698655,13.47387380698655,13.336960499285613,13.393336296081543,16000,0.0,0.0,0.0
2009-08-31 00:00:00-04:00,13.24031202968214,13.353063583374023,13.24031202968214,13.353063583374023,2200,0.0,0.0,0.0
2009-09-01 00:00:00-04:00,13.425545308465823,13.425545308465823,13.159772728548063,13.208094596862793,6500,0.0,0.0,0.0
2009-09-02 00:00:00-04:00,13.12755741469677,13.167826919282982,13.111451148986816,13.111451148986816,3200,0.0,0.0,0.0
2009-09-03 00:00:00-04:00,13.151721123214877,13.16782892750596,13.143667221069336,13.143667221069336,3700,0.0,0.0,0.0
2009-09-04 00:00:00-04:00,13.25642064644711,13.385281562805176,13.25642064644711,13.385281562805176,1300,0.0,0.0,0.0
2009-09-08 00:00:00-04:00,13.514140499330477,13.514140499330477,13.449710811329345,13.489978790283203,34700,0.0,0.0,0.0
2009-09-09 00:00:00-04:00,13.441651539721924,13.586618663855877,13.441651539721924,13.570510864257812,28600,0.0,0.0,0.0
2009-09-10 00:00:00-04:00,13.55440928725945,13.675214767456055,13.55440928725945,13.675214767456055,14100,0.0,0.0,0.0
2009-09-11 00:00:00-04:00,13.691318390529684,13.707426192600199,13.651050421477947,13.699372291564941,4300,0.0,0.0,0.0
2009-09-14 00:00:00-04:00,13.699374046574116,13.755749824918595,13.691320144507081,13.747695922851562,14400,0.0,0.0,0.0
2009-09-15 00:00:00-04:00,13.634944177486975,13.659104347229004,13.562460596011432,13.659104347229004,8200,0.0,0.0,0.0
2009-09-16 00:00:00-04:00,13.72353744506836,13.73964371506379,13.618838241410886,13.72353744506836,7500,0.0,0.0,0.0
2009-09-17 00:00:00-04:00,13.763801127075354,13.763801127075354,13.651049591684568,13.691317558288574,3200,0.0,0.0,0.0
2009-09-18 00:00:00-04:00,13.699369886492951,13.804067509321403,13.699369886492951,13.77185344696045,4600,0.0,0.0,0.0
2009-09-21 00:00:00-04:00,13.691318003562914,13.779909376322282,13.667156301140038,13.763801574707031,3400,0.0,0.0,0.0
2009-09-22 00:00:00-04:00,13.699374046574116,13.747695922851562,13.691320144507081,13.747695922851562,3400,0.0,0.0,0.0
2009-09-23 00:00:00-04:00,13.779911597354968,13.892663154585886,13.779911597354968,13.844341278076172,9900,0.0,0.0,0.0
2009-09-24 00:00:00-04:00,13.602726596260387,13.618834397834734,13.578566430023375,13.586620330810547,14300,0.0,0.0,0.0
2009-09-25 00:00:00-04:00,13.651054754292716,13.651054754292716,13.602731332743419,13.626893043518066,3700,0.0,0.0,0.0
2009-09-28 00:00:00-04:00,13.683266581197412,13.787965774536133,13.683266581197412,13.787965774536133,2100,0.0,0.0,0.0
2009-09-29 00:00:00-04:00,13.892663124500414,13.892663124500414,13.820179541830433,13.88460922241211,11100,0.0,0.0,0.0
2009-09-30 00:00:00-04:00,13.852395489650414,13.940985342543234,13.747696296061457,13.92487907409668,8700,0.0,0.0,0.0
2009-10-01 00:00:00-04:00,13.836284673424275,13.836284673424275,13.66715583448791,13.731585502624512,5500,0.0,0.0,0.0
2009-10-02 00:00:00-04:00,13.642996520442688,13.731586359581419,13.626888718372173,13.699372291564941,10500,0.0,0.0,0.0
2009-10-05 00:00:00-04:00,13.699371401001297,13.836284637451172,13.683263599977911,13.836284637451172,7900,0.0,0.0,0.0
2009-10-06 00:00:00-04:00,13.957091209916166,13.997359179630678,13.932929506412712,13.965145111083984,4900,0.0,0.0,0.0
2009-10-07 00:00:00-04:00,13.94903538380092,14.005411148071289,13.940981483744528,14.005411148071289,10700,0.0,0.0,0.0
2009-10-08 00:00:00-04:00,14.029575078209259,14.09400475277697,14.029575078209259,14.08595085144043,7900,0.0,0.0,0.0
2009-10-09 00:00:00-04:00,14.061793373596265,14.158438682556152,14.061793373596265,14.158438682556152,6100,0.0,0.0,0.0
2009-10-12 00:00:00-04:00,14.230916407455148,14.24702420832197,14.166486740112303,14.166486740112305,8400,0.0,0.0,0.0
2009-10-13 00:00:00-04:00,14.102060409495591,14.158436189744249,14.102060409495591,14.13427448272705,5100,0.0,0.0,0.0
2009-10-14 00:00:00-04:00,14.222865349557265,14.222865349557265,14.14232786525164,14.206757545471191,7100,0.0,0.0,0.0
2009-10-15 00:00:00-04:00,14.182598567646195,14.391995429992676,14.182598567646195,14.391995429992676,13600,0.0,0.0,0.0
2009-10-16 00:00:00-04:00,14.32756391136354,14.472529533403536,14.295348304604866,14.464475631713867,7800,0.0,0.0,0.0
2009-10-19 00:00:00-04:00,14.45641944757109,14.593332667881278,14.448365548008812,14.528903007507324,1200,0.0,0.0,0.0
2009-10-20 00:00:00-04:00,14.480575443880424,14.545005085717117,14.400038007553599,14.488629341125488,6200,0.0,0.0,0.0
2009-10-21 00:00:00-04:00,14.561123278116014,14.62555296596111,14.359780311584473,14.359780311584473,15400,0.0,0.0,0.0
2009-10-22 00:00:00-04:00,14.351726128536662,14.416155815124512,14.22286675536096,14.416155815124512,10700,0.0,0.0,0.0
2009-10-23 00:00:00-04:00,14.383936811563078,14.383936811563078,14.198700181980854,14.247023582458496,2900,0.0,0.0,0.0
2009-10-26 00:00:00-04:00,14.222865748895996,14.351725112953112,14.118168091646385,14.142328262329102,2600,0.0,0.0,0.0
2009-10-27 00:00:00-04:00,14.13427319060388,14.13427319060388,13.932930258907959,14.11816692352295,6800,0.0,0.0,0.0
2009-10-28 00:00:00-04:00,14.037630568957251,14.110114153068459,13.82823371887207,13.82823371887207,5200,0.0,0.0,0.0
2009-10-29 00:00:00-04:00,13.876554025064218,14.11011255545005,13.876554025064218,14.08595085144043,18700,0.0,0.0,0.0
2009-10-30 00:00:00-04:00,13.973197851649067,13.989305652646802,13.85239241641496,13.87655258178711,5200,0.0,0.0,0.0
2009-11-02 00:00:00-05:00,13.924875984780314,13.957090050651333,13.787962748548471,13.87655258178711,9400,0.0,0.0,0.0
2009-11-03 00:00:00-05:00,13.876556856646973,13.908772468566895,13.804073265952074,13.908772468566895,2900,0.0,0.0,0.0
2009-11-04 00:00:00-05:00,13.981254511347005,13.981254511347005,13.88460922241211,13.88460922241211,1000,0.0,0.0,0.0
2009-11-05 00:00:00-05:00,13.796015134892706,13.884606504396876,13.796015134892706,13.836284637451172,3100,0.0,0.0,0.0
2009-11-06 00:00:00-05:00,13.94098675680144,13.94098675680144,13.836289088716109,13.93293285369873,3300,0.0,0.0,0.0
2009-11-09 00:00:00-05:00,14.053738409617829,14.15038216459827,14.021522800541154,14.142328262329102,10900,0.0,0.0,0.0
2009-11-10 00:00:00-05:00,14.166489478746932,14.214811354564434,14.166489478746932,14.174543380737305,9000,0.0,0.0,0.0
2009-11-11 00:00:00-05:00,14.26312984649334,14.271183746572948,14.190647818025617,14.247023582458496,14500,0.0,0.0,0.0
2009-11-12 00:00:00-05:00,14.19870286730159,14.255080178521164,14.085951317111764,14.11816692352295,15400,0.0,0.0,0.0
2009-11-13 00:00:00-05:00,14.142324797835522,14.182594299316406,14.110110732775228,14.182594299316406,7800,0.0,0.0,0.0
2009-11-16 00:00:00-05:00,14.142324397812546,14.287291526794435,14.142324397812546,14.287291526794434,11100,0.0,0.0,0.0
2009-11-17 00:00:00-05:00,14.25507734251835,14.303399206396982,14.24702344251785,14.295345306396484,10000,0.0,0.0,0.0
2009-11-18 00:00:00-05:00,14.271188060220734,14.271188060220734,14.174544302302387,14.214812278747559,8100,0.0,0.0,0.0
2009-11-19 00:00:00-05:00,14.061793373596265,14.158438682556152,14.045687102207179,14.158438682556152,6900,0.0,0.0,0.0
2009-11-20 00:00:00-05:00,14.182600393827391,14.182600393827391,14.085955084867505,14.158438682556152,7500,0.0,0.0,0.0
2009-11-23 00:00:00-05:00,14.271188612738152,14.359780007697202,14.271188612738152,14.279242515563965,13800,0.0,0.0,0.0
2009-11-24 00:00:00-05:00,14.24702335086399,14.24702335086399,14.110110123985022,14.198699951171875,15000,0.0,0.0,0.0
2009-11-25 00:00:00-05:00,14.174543473423789,14.214811447514228,14.174543473423789,14.206757545471191,6700,0.0,0.0,0.0
2009-11-27 00:00:00-05:00,13.90071351958694,14.013465048127681,13.84433775531657,14.005411148071289,10500,0.0,0.0,0.0
2009-11-30 00:00:00-05:00,13.973197937011717,13.973197937011717,13.932928434271373,13.973197937011719,800,0.0,0.0,0.0
2009-12-01 00:00:00-05:00,14.102059798948684,14.174543380737305,14.077898092977565,14.174543380737305,9500,0.0,0.0,0.0
2009-12-02 00:00:00-05:00,14.198699951171875,14.23091555096662,14.166485887501478,14.198699951171875,34000,0.0,0.0,0.0
2009-12-03 00:00:00-05:00,14.214805148663638,14.22285904713784,14.10205364227295,14.10205364227295,15500,0.0,0.0,0.0
2009-12-04 00:00:00-05:00,14.23897315364334,14.287295029776816,14.126221597290312,14.206757545471191,9600,0.0,0.0,0.0
2009-12-07 00:00:00-05:00,14.26312984649334,14.271183746572948,14.214807982140067,14.247023582458496,5100,0.0,0.0,0.0
2009-12-08 00:00:00-05:00,13.957096266657446,14.094009563865718,13.957096266657446,14.045687675476074,10100,0.0,0.0,0.0
2009-12-09 00:00:00-05:00,14.021525963218684,14.061793947522531,13.957096266657446,14.045687675476074,10600,0.0,0.0,0.0
2009-12-10 00:00:00-05:00,14.053734518746571,14.150378246970545,14.053734518746571,14.11011028289795,11500,0.0,0.0,0.0
2009-12-11 00:00:00-05:00,14.238969450915304,14.24702335086399,14.174539787450163,14.198699951171875,14400,0.0,0.0,0.0
2009-12-14 00:00:00-05:00,14.335613411085435,14.335613411085435,14.222861882219675,14.247023582458496,28800,0.0,0.0,0.0
2009-12-15 00:00:00-05:00,14.271188060220734,14.271188060220734,14.214812278747559,14.214812278747559,6500,0.0,0.0,0.0
2009-12-16 00:00:00-05:00,14.327561047130198,14.327561047130198,14.230915782299283,14.247023582458496,12400,0.0,0.0,0.0
2009-12-17 00:00:00-05:00,14.118167290152634,14.142327459463766,14.085951682904852,14.094005584716797,12300,0.0,0.0,0.0
2009-12-18 00:00:00-05:00,14.061788014498118,14.061788014498118,13.892660708430888,13.957090377807617,3700,0.0,0.0,0.0
2009-12-21 00:00:00-05:00,14.118164633071403,14.190648199612584,14.110110732775228,14.182594299316406,7800,0.0,0.0,0.0
2009-12-22 00:00:00-05:00,14.193119897820367,14.306405417728346,14.193119897820367,14.282129287719727,16200,0.083,0.0,0.0
2009-12-23 00:00:00-05:00,14.37113784987128,14.403504474476362,14.330677639865929,14.35495376586914,41000,0.0,0.0,0.0
2009-12-24 00:00:00-05:00,14.427780873882094,14.44396495819092,14.41159678957327,14.443964958190918,6700,0.0,0.0,0.0
2009-12-28 00:00:00-05:00,14.50060464988078,14.54106330871582,14.476328528540416,14.54106330871582,5300,0.0,0.0,0.0
2009-12-29 00:00:00-05:00,14.524874834659862,14.565333476958772,14.500598723241552,14.557241439819336,9700,0.0,0.0,0.0
2009-12-30 00:00:00-05:00,14.532973289489746,14.557249414206392,14.46823850031114,14.532973289489746,7300,0.0,0.0,0.0
2009-12-31 00:00:00-05:00,14.541065765201338,14.541065765201338,14.41968822479248,14.41968822479248,5700,0.0,0.0,0.0
2010-01-04 00:00:00-05:00,14.48442258345557,14.532973289489746,14.48442258345557,14.532973289489746,14500,0.0,0.0,0.0
2010-01-05 00:00:00-05:00,14.500606094485805,14.605799543976017,14.500606094485805,14.573432922363281,8300,0.0,0.0,0.0
2010-01-06 00:00:00-05:00,14.58961561421451,14.662442435150272,14.58961561421451,14.646258354187012,7800,0.0,0.0,0.0
2010-01-07 00:00:00-05:00,14.638167381286621,14.638167381286621,14.565340555039501,14.638167381286621,5000,0.0,0.0,0.0
2010-01-08 00:00:00-05:00,14.557252539756822,14.621987342834473,14.524885909917721,14.621987342834473,13800,0.0,0.0,0.0
2010-01-11 00:00:00-05:00,14.662442435150272,14.662442435150272,14.56533949276962,14.646258354187012,8200,0.0,0.0,0.0
2010-01-12 00:00:00-05:00,14.58152357373288,14.646258354187012,14.58152357373288,14.646258354187012,4300,0.0,0.0,0.0
2010-01-13 00:00:00-05:00,14.686718156020465,14.783821105957031,14.662443576085597,14.783821105957031,9200,0.0,0.0,0.0
2010-01-14 00:00:00-05:00,14.767639381230095,14.767639381230095,14.702904585404509,14.710996627807617,3600,0.0,0.0,0.0
2010-01-15 00:00:00-05:00,14.710992906072953,14.727176986784757,14.613889965201013,14.662442207336426,41300,0.0,0.0,0.0
2010-01-19 00:00:00-05:00,14.630072916309775,14.767634504941068,14.630072916309775,14.759542465209961,33900,0.0,0.0,0.0
2010-01-20 00:00:00-05:00,14.686716919530914,14.694808959960938,14.605798058629588,14.694808959960938,15700,0.0,0.0,0.0
2010-01-21 00:00:00-05:00,14.72718003723832,14.735270535871129,14.484423406475523,14.50060749053955,6600,0.0,0.0,0.0
2010-01-22 00:00:00-05:00,14.492515057717629,14.54915780701515,14.41968822479248,14.41968822479248,10500,0.0,0.0,0.0
2010-01-25 00:00:00-05:00,14.435869194662859,14.452053274799646,14.363042377446156,14.395410537719727,8200,0.0,0.0,0.0
2010-01-26 00:00:00-05:00,14.37113784987128,14.37113784987128,14.290218973259778,14.35495376586914,7000,0.0,0.0,0.0
2010-01-27 00:00:00-05:00,14.363043267653289,14.363043267653289,14.290216445922852,14.290216445922852,4500,0.0,0.0,0.0
2010-01-28 00:00:00-05:00,14.492517815821298,14.492517815821298,14.387324339020457,14.427783012390137,1900,0.0,0.0,0.0
2010-01-29 00:00:00-05:00,14.468236708264518,14.508696911114166,14.290216445922852,14.290216445922852,7200,0.0,0.0,0.0
2010-02-01 00:00:00-05:00,14.338766257240977,14.395410537719727,14.31449168043463,14.395410537719727,8500,0.0,0.0,0.0
2010-02-02 00:00:00-05:00,14.500600433003578,14.630069955703734,14.500600433003578,14.613885879516602,5100,0.0,0.0,0.0
2010-02-03 00:00:00-05:00,14.541067953189167,14.541067953189167,14.476333152337217,14.50870132446289,5800,0.0,0.0,0.0
2010-02-04 00:00:00-05:00,14.379230057288924,14.387322099383082,14.152657508850096,14.152657508850098,7200,0.0,0.0,0.0
2010-02-05 00:00:00-05:00,14.176928015776259,14.201202589037727,13.998906247066257,14.144559860229492,20800,0.0,0.0,0.0
2010-02-08 00:00:00-05:00,14.225483617112804,14.29021840715772,14.136472702026367,14.136472702026367,3200,0.0,0.0,0.0
2010-02-09 00:00:00-05:00,14.241665745902202,14.338767145943502,14.185023005311622,14.290216445922852,8100,0.0,0.0,0.0
2010-02-10 00:00:00-05:00,14.322582079163208,14.322582079163208,14.168836422280359,14.265937805175781,15600,0.0,0.0,0.0
2010-02-11 00:00:00-05:00,14.13646834444527,14.371132850646974,14.13646834444527,14.371132850646973,4000,0.0,0.0,0.0
2010-02-12 00:00:00-05:00,14.3387714632066,14.36304759222569,14.209301861903558,14.322588920593262,6500,0.0,0.0,0.0
2010-02-16 00:00:00-05:00,14.476331032550661,14.56534194946289,14.443964408563867,14.56534194946289,12700,0.0,0.0,0.0
2010-02-17 00:00:00-05:00,14.6138942723862,14.783824083146161,14.6138942723862,14.775732040405273,10000,0.0,0.0,0.0
2010-02-18 00:00:00-05:00,14.808100952219233,14.905203936689336,14.808100952219233,14.897111892700195,14800,0.0,0.0,0.0
2010-02-19 00:00:00-05:00,14.913287914914198,14.969930648803711,14.856645181024685,14.969930648803711,6700,0.0,0.0,0.0
2010-02-22 00:00:00-05:00,14.905195963708577,14.945654618612846,14.880919844726765,14.921380043029785,9500,0.0,0.0,0.0
2010-02-23 00:00:00-05:00,14.905197444674394,14.905197444674394,14.775727884038265,14.800004005432129,28700,0.0,0.0,0.0
2010-02-24 00:00:00-05:00,14.856647852194143,14.872830390930176,14.759544902782846,14.872830390930176,11100,0.0,0.0,0.0
2010-02-25 00:00:00-05:00,14.816190083567575,15.050854682922363,14.816190083567575,15.050854682922363,16900,0.0,0.0,0.0
2010-02-26 00:00:00-05:00,15.06703708841016,15.06703708841016,15.010392797934934,15.034668922424316,5800,0.0,0.0,0.0
2010-03-01 00:00:00-05:00,15.083219820918156,15.212689399719238,15.083219820918156,15.212689399719238,5200,0.0,0.0,0.0
2010-03-02 00:00:00-05:00,15.261242086594946,15.423078293033782,15.261242086594946,15.3988037109375,17100,0.0,0.0,0.0
2010-03-03 00:00:00-05:00,15.398800963728007,15.447351662658097,15.35834076178719,15.390708923339844,10900,0.0,0.0,0.0
2010-03-04 00:00:00-05:00,15.471633911132812,15.471633911132812,15.366438887824655,15.471633911132812,46300,0.0,0.0,0.0
2010-03-05 00:00:00-05:00,15.552542686462402,15.568726764726243,15.487807916805691,15.552542686462402,43600,0.0,0.0,0.0
2010-03-08 00:00:00-05:00,15.560639611604888,15.568731653277695,15.536365029985607,15.544455528259277,6300,0.0,0.0,0.0
2010-03-09 00:00:00-05:00,15.51208866066411,15.633466197046323,15.51208866066411,15.520180702209473,23700,0.0,0.0,0.0
2010-03-10 00:00:00-05:00,15.528272248673165,15.528272248673165,15.455445420485923,15.487812042236328,13500,0.0,0.0,0.0
2010-03-11 00:00:00-05:00,15.487809567788618,15.52826976776123,15.41498275123673,15.52826976776123,11400,0.0,0.0,0.0
2010-03-12 00:00:00-05:00,15.625369495251034,15.625369495251034,15.512084034201452,15.552542686462402,6500,0.0,0.0,0.0
2010-03-15 00:00:00-04:00,15.552543527142097,15.560635566711426,15.479716714416872,15.560635566711426,10500,0.0,0.0,0.0
2010-03-16 00:00:00-04:00,15.6415598324205,15.6415598324205,15.536366368410109,15.625375747680664,30400,0.0,0.0,0.0
2010-03-17 00:00:00-04:00,15.690108564282209,15.73866081237793,15.665833983633425,15.73866081237793,41800,0.0,0.0,0.0
2010-03-18 00:00:00-04:00,15.779117906261574,15.779117906261574,15.698199044216345,15.714383125305176,18800,0.0,0.0,0.0
2010-03-19 00:00:00-04:00,15.568729400634766,15.673924383761417,15.544453279128865,15.568729400634766,14800,0.0,0.0,0.0
2010-03-22 00:00:00-04:00,15.568731714161212,15.698201294634138,15.495904882220298,15.690109252929688,12300,0.0,0.0,0.0
2010-03-23 00:00:00-04:00,15.746752780461064,15.868131868633363,15.665835446211823,15.851947784423828,21400,0.0,0.0,0.0
2010-03-24 00:00:00-04:00,15.876226517795558,16.183716451273998,15.730572822790178,15.762939453125,21600,0.0,0.0,0.0
2010-03-25 00:00:00-04:00,15.81148895969611,15.81148895969611,15.714385998806,15.754844665527344,11100,0.0,0.0,0.0
2010-03-26 00:00:00-04:00,15.7062932211495,15.738661387729914,15.633466389742694,15.698201179504395,16600,0.0,0.0,0.0
2010-03-29 00:00:00-04:00,15.722477137615318,15.860038757324219,15.722477137615318,15.860038757324219,26400,0.0,0.0,0.0
2010-03-30 00:00:00-04:00,15.900497421721319,15.916681504839804,15.803396009808633,15.860038757324219,14400,0.0,0.0,0.0
2010-03-31 00:00:00-04:00,15.827670097351074,15.892404884406535,15.787211434216063,15.827670097351074,9300,0.0,0.0,0.0
2010-04-01 00:00:00-04:00,15.949047567272823,15.957139608547735,15.876222282596743,15.940957069396973,13200,0.0,0.0,0.0
2010-04-05 00:00:00-04:00,15.989507293783344,15.989507293783344,15.932864549957943,15.949047088623047,6900,0.0,0.0,0.0
2010-04-06 00:00:00-04:00,15.908590214298048,15.957140922546388,15.892406130415539,15.957140922546387,5000,0.0,0.0,0.0
2010-04-07 00:00:00-04:00,15.940952610796307,15.949043106409288,15.86003376407883,15.87621784210205,26400,0.0,0.0,0.0
2010-04-08 00:00:00-04:00,15.868130303885154,15.868130303885154,15.762935310295616,15.827670097351074,37300,0.0,0.0,0.0
2010-04-09 00:00:00-04:00,15.884314088474285,15.957140922546388,15.851947464108454,15.957140922546387,17800,0.0,0.0,0.0
2010-04-12 00:00:00-04:00,15.997593879699709,16.01377795624512,15.940951155189248,15.997593879699707,15500,0.0,0.0,0.0
2010-04-13 00:00:00-04:00,15.957142365501875,15.989510536193848,15.884315524844265,15.989510536193848,17200,0.0,0.0,0.0
2010-04-14 00:00:00-04:00,16.005692396735878,16.094701766967773,15.965232188994912,16.094701766967773,13900,0.0,0.0,0.0
2010-04-15 00:00:00-04:00,16.070423966542506,16.12706670263424,16.021871726979192,16.078516006469727,20700,0.0,0.0,0.0
2010-04-16 00:00:00-04:00,16.078526495697677,16.110893133122932,15.916688678371957,15.973331451416016,8300,0.0,0.0,0.0
2010-04-19 00:00:00-04:00,15.908583753132264,15.924767830441718,15.835756948638286,15.900491714477539,10000,0.0,0.0,0.0
2010-04-20 00:00:00-04:00,15.900498505733964,15.932866674177626,15.876223922800435,15.892406463623047,9200,0.0,0.0,0.0
2010-04-21 00:00:00-04:00,15.868132100165772,15.892406683435047,15.835763931274416,15.835763931274414,5200,0.0,0.0,0.0
2010-04-22 00:00:00-04:00,15.7953120359207,15.932873725891113,15.7953120359207,15.932873725891113,15800,0.0,0.0,0.0
2010-04-23 00:00:00-04:00,15.949044001817688,15.965228080749512,15.835758536092346,15.965228080749512,11600,0.0,0.0,0.0
2010-04-26 00:00:00-04:00,15.989506203246712,15.997598243726868,15.89240326088375,15.916679382324219,30200,0.0,0.0,0.0
2010-04-27 00:00:00-04:00,15.779120416637891,15.779120416637891,15.37452758544205,15.3988037109375,11900,0.0,0.0,0.0
2010-04-28 00:00:00-04:00,15.455442951209344,15.552544344345982,15.455442951209344,15.52826976776123,5200,0.0,0.0,0.0
2010-04-29 00:00:00-04:00,15.576820668151298,15.68201410265891,15.576820668151298,15.665831565856934,12000,0.0,0.0,0.0
2010-04-30 00:00:00-04:00,15.72247529395843,15.72247529395843,15.503994827675783,15.512086868286133,15500,0.0,0.0,0.0
2010-05-03 00:00:00-04:00,15.568731800958286,15.64965067505478,15.52018109386005,15.601099967956543,8400,0.0,0.0,0.0
2010-05-04 00:00:00-04:00,15.455447428488439,15.544456807415628,15.439263343811035,15.439263343811035,6900,0.0,0.0,0.0
2010-05-05 00:00:00-04:00,15.398800963728007,15.463535743434424,15.3097900628571,15.390708923339844,8900,0.0,0.0,0.0
2010-05-06 00:00:00-04:00,15.334064805328083,16.18370890550774,12.396720774675128,14.921380043029785,30600,0.0,0.0,0.0
2010-05-07 00:00:00-04:00,14.75145529642388,14.913293057687481,14.686720500598295,14.710996627807617,27400,0.0,0.0,0.0
2010-05-10 00:00:00-04:00,15.188415874107003,15.220782499357604,15.156047705457171,15.164139747619629,19800,0.0,0.0,0.0
2010-05-11 00:00:00-04:00,15.13177339213907,15.293609608075766,15.13177339213907,15.253150939941406,6100,0.0,0.0,0.0
2010-05-12 00:00:00-04:00,15.261242917085927,15.406896591186523,15.253150874813754,15.406896591186523,18200,0.0,0.0,0.0
2010-05-13 00:00:00-04:00,15.447351911463645,15.495902611175726,15.414983749389648,15.414983749389648,13400,0.0,0.0,0.0
2010-05-14 00:00:00-04:00,15.212690182779761,15.212690182779761,15.075128555297852,15.075128555297852,6700,0.0,0.0,0.0
2010-05-17 00:00:00-04:00,15.172232164717766,15.245059002580353,15.050854616079878,15.20460033416748,9200,0.0,0.0,0.0
2010-05-18 00:00:00-04:00,15.32597522954293,15.406894095759116,15.188413619995117,15.188413619995117,7400,0.0,0.0,0.0
2010-05-19 00:00:00-04:00,15.131768452804737,15.156043028401905,15.00229890495732,15.115584373474121,12500,0.0,0.0,0.0
2010-05-20 00:00:00-04:00,14.81618473332882,14.81618473332882,14.597705841064453,14.597705841064453,34300,0.0,0.0,0.0
2010-05-21 00:00:00-04:00,14.379227921515538,14.73526846037991,14.152655406729947,14.702901840209961,220400,0.0,0.0,0.0
2010-05-24 00:00:00-04:00,14.589620712995371,14.719090319150673,14.589620712995371,14.621987342834473,17500,0.0,0.0,0.0
2010-05-25 00:00:00-04:00,14.314497151959445,14.492517471313477,14.22548622058272,14.492517471313477,24800,0.0,0.0,0.0
2010-05-26 00:00:00-04:00,14.581528755189124,14.694814275389437,14.452059148274637,14.468241691589355,13800,0.0,0.0,0.0
2010-05-27 00:00:00-04:00,14.727180712613833,14.735271211617665,14.694812543001403,14.710996627807617,3300,0.0,0.0,0.0
2010-05-28 00:00:00-04:00,14.848556468217497,14.864740551068742,14.743361473083496,14.743361473083496,5200,0.0,0.0,0.0
2010-06-01 00:00:00-04:00,14.605801390218971,14.808097816916737,14.605801390218971,14.727180480957031,9400,0.0,0.0,0.0
2010-06-02 00:00:00-04:00,14.66244347970771,14.848555793847176,14.66244347970771,14.832371711730957,10100,0.0,0.0,0.0
2010-06-03 00:00:00-04:00,14.87282780506616,14.95374665827345,14.87282780506616,14.921380043029785,12300,0.0,0.0,0.0
2010-06-04 00:00:00-04:00,14.727180313184673,14.743362854152712,14.56534255631042,14.589618682861328,4300,0.0,0.0,0.0
2010-06-07 00:00:00-04:00,14.541062628754304,14.581522829096267,14.395410537719727,14.395410537719727,5000,0.0,0.0,0.0
2010-06-08 00:00:00-04:00,14.354955593664734,14.516793367494309,14.354955593664734,14.50870132446289,9500,0.0,0.0,0.0
2010-06-09 00:00:00-04:00,14.670537093709644,14.791916191965846,14.573435667183901,14.581527709960938,22900,0.0,0.0,0.0
2010-06-10 00:00:00-04:00,14.905202137263862,14.905202137263862,14.848559379577637,14.848559379577637,3600,0.0,0.0,0.0
2010-06-11 00:00:00-04:00,14.81619087636575,14.953752517700195,14.808098833534387,14.953752517700195,5300,0.0,0.0,0.0
2010-06-14 00:00:00-04:00,15.107491493225098,15.147950145901756,15.002298070226587,15.107491493225098,4900,0.0,0.0,0.0
2010-06-15 00:00:00-04:00,15.164138578921419,15.220781326293945,15.156046537382613,15.220781326293945,7900,0.0,0.0,0.0
2010-06-16 00:00:00-04:00,15.228873023306592,15.293607810753414,15.196506401282718,15.245057106018066,33000,0.0,0.0,0.0
2010-06-17 00:00:00-04:00,15.301705361664592,15.342164039611816,15.277429228856478,15.342164039611816,23200,0.0,0.0,0.0
2010-06-18 00:00:00-04:00,15.431172823329144,15.431172823329144,15.309795263076623,15.317887306213379,44000,0.0,0.0,0.0
2010-06-21 00:00:00-04:00,15.439258243092663,15.439258243092663,15.115584373474121,15.115584373474121,16200,0.0,0.0,0.0
2010-06-22 00:00:00-04:00,15.198534291540856,15.198534291540856,14.978972434997559,14.978972434997559,4000,0.092,0.0,0.0
2010-06-23 00:00:00-04:00,15.044028246746599,15.044028246746599,14.922049949548187,15.003369331359863,8600,0.0,0.0,0.0
2010-06-24 00:00:00-04:00,14.962709585519434,14.962709585519434,14.856995469799942,14.865127563476562,2300,0.0,0.0,0.0
2010-06-25 00:00:00-04:00,14.85698986053467,14.91391294374138,14.800066777327958,14.856989860534668,8900,0.0,0.0,0.0
2010-06-28 00:00:00-04:00,14.88952075708311,14.946443855907518,14.751278280921785,14.881388664245605,39500,0.0,0.0,0.0
2010-06-29 00:00:00-04:00,14.816330313663416,14.816330313663416,14.48292233360071,14.499186515808105,16800,0.0,0.0,0.0
2010-06-30 00:00:00-04:00,14.556111772058818,14.556111772058818,14.369078301910104,14.393474578857422,47800,0.0,0.0,0.0
2010-07-01 00:00:00-04:00,14.426002181887275,14.426002181887275,14.149517232261724,14.33655071258545,113000,0.0,0.0,0.0
2010-07-02 00:00:00-04:00,14.417869752212384,14.417869752212384,14.287759373198202,14.360946655273438,7200,0.0,0.0,0.0
2010-07-06 00:00:00-04:00,14.580508842216402,14.580508842216402,14.295891799832674,14.33655071258545,13300,0.0,0.0,0.0
2010-07-07 00:00:00-04:00,14.377209131819175,14.661826133728027,14.377209131819175,14.661826133728027,6400,0.0,0.0,0.0
2010-07-08 00:00:00-04:00,14.946443368096643,14.946443368096643,14.759409892052673,14.873257637023926,29700,0.0,0.0,0.0
2010-07-09 00:00:00-04:00,14.938315115398755,14.938315115398755,14.840731540620016,14.889522552490234,7500,0.0,0.0,0.0
2010-07-12 00:00:00-04:00,14.889522293468142,14.90578648082138,14.82446709509347,14.865127563476562,2600,0.0,0.0,0.0
2010-07-13 00:00:00-04:00,15.003363035050322,15.060286113118703,14.978966765433496,15.019625663757324,8500,0.0,0.0,0.0
2010-07-14 00:00:00-04:00,15.003363035050322,15.092812921570257,14.962702585688945,15.019625663757324,12800,0.0,0.0,0.0
2010-07-15 00:00:00-04:00,15.320514035246717,15.409965515136719,15.166007356628976,15.409965515136719,9100,0.0,0.0,0.0
2010-07-16 00:00:00-04:00,15.214794738365379,15.231058921927,15.084684371948242,15.084684371948242,4700,0.0,0.0,0.0
2010-07-19 00:00:00-04:00,15.190398610082928,15.190398610082928,15.092815068770314,15.11721134185791,4700,0.0,0.0,0.0
2010-07-20 00:00:00-04:00,15.09281711892561,15.263587951660156,15.052158209294424,15.263587951660156,6600,0.0,0.0,0.0
2010-07-21 00:00:00-04:00,15.320509640547163,15.361168546449608,15.133476191735378,15.182267189025879,12500,0.0,0.0,0.0
2010-07-22 00:00:00-04:00,15.312382083084573,15.353041001025936,15.279855258939143,15.287985801696777,2800,0.0,0.0,0.0
2010-07-23 00:00:00-04:00,15.369305721782405,15.515680313110352,15.279855789000711,15.515680313110352,10600,0.0,0.0,0.0
2010-07-26 00:00:00-04:00,15.47501723080438,15.629522323608398,15.47501723080438,15.629522323608398,6700,0.0,0.0,0.0
2010-07-27 00:00:00-04:00,15.662054061889648,15.67831824917078,15.62139359368682,15.662054061889648,9100,0.0,0.0,0.0
2010-07-28 00:00:00-04:00,15.686446209155926,15.686446209155926,15.475016483331487,15.483148574829102,12200,0.0,0.0,0.0
2010-07-29 00:00:00-04:00,15.580737514028298,15.580737514028298,15.198538349546626,15.27172565460205,6800,0.0,0.0,0.0
2010-07-30 00:00:00-04:00,15.24732146974658,15.36116764038861,15.092814844562579,15.336772918701172,17900,0.0,0.0,0.0
2010-08-02 00:00:00-04:00,15.564466387729544,15.564466387729544,15.434356025843405,15.483148574829102,8500,0.0,0.0,0.0
2010-08-03 00:00:00-04:00,15.572601582519953,15.572601582519953,15.393700187034682,15.466887474060059,7400,0.0,0.0,0.0
2010-08-04 00:00:00-04:00,15.531940640967692,15.531940640967692,15.369301901905803,15.475017547607422,30500,0.0,0.0,0.0
2010-08-05 00:00:00-04:00,15.426222706022626,15.426222706022626,15.336772808747074,15.344904899597168,13900,0.0,0.0,0.0
2010-08-06 00:00:00-04:00,15.287983408611396,15.312379686180352,15.190401400411686,15.279852867126465,15300,0.0,0.0,0.0
2010-08-09 00:00:00-04:00,15.409966695706562,15.426229333355678,15.312383114619852,15.393702507019043,29600,0.0,0.0,0.0
2010-08-10 00:00:00-04:00,15.32864612896747,15.4506244327022,15.279855117681237,15.409965515136719,14800,0.0,0.0,0.0
2010-08-11 00:00:00-04:00,15.11721538116736,15.166006389341707,15.100951194763184,15.100951194763184,16300,0.0,0.0,0.0
2010-08-12 00:00:00-04:00,14.962708712404048,15.109083287965273,14.865126696055356,15.100951194763184,13000,0.0,0.0,0.0
2010-08-13 00:00:00-04:00,15.044028852537389,15.174139248260056,15.044028852537389,15.157875061035156,4800,0.0,0.0,0.0
2010-08-16 00:00:00-04:00,15.060288255691288,15.141607614945507,15.060288255691288,15.11721134185791,8700,0.0,0.0,0.0
2010-08-17 00:00:00-04:00,15.231058388924925,15.385565025277621,15.190399482481622,15.369300842285156,3500,0.0,0.0,0.0
2010-08-18 00:00:00-04:00,15.279856288283218,15.393702507019043,15.279856288283218,15.393702507019043,4100,0.0,0.0,0.0
2010-08-19 00:00:00-04:00,15.328643432736227,15.336775525026585,15.157872596714709,15.198533058166504,4200,0.0,0.0,0.0
2010-08-20 00:00:00-04:00,15.174138720721153,15.247326009650534,15.149742440731957,15.2391939163208,14500,0.0,0.0,0.0
2010-08-23 00:00:00-04:00,15.231061093794896,15.296116286279988,15.222929000854492,15.222929000854492,4200,0.0,0.0,0.0
2010-08-24 00:00:00-04:00,15.060289647643726,15.100948555509863,15.060289647643726,15.084684371948242,5600,0.0,0.0,0.0
2010-08-25 00:00:00-04:00,15.011503601237113,15.052164077758789,14.95458048514535,15.052164077758789,6900,0.0,0.0,0.0
2010-08-26 00:00:00-04:00,15.125347006026423,15.125347006026423,14.978972434997559,14.978972434997559,13400,0.0,0.0,0.0
2010-08-27 00:00:00-04:00,14.889521424623437,15.11721538116736,14.889521424623437,15.100951194763184,8700,0.0,0.0,0.0
2010-08-30 00:00:00-04:00,15.109080045772895,15.109080045772895,14.970837593078612,14.970837593078613,3000,0.0,0.0,0.0
2010-08-31 00:00:00-04:00,14.946438405944393,15.06841820299098,14.946438405944393,15.019625663757324,2800,0.0,0.0,0.0
2010-09-01 00:00:00-04:00,15.239192850781354,15.271721221825866,15.141610839724018,15.24732494354248,5800,0.0,0.0,0.0
2010-09-02 00:00:00-04:00,15.287988092128334,15.344912757228256,15.271725453138314,15.328648567199707,5900,0.0,0.0,0.0
2010-09-03 00:00:00-04:00,15.54007602642964,15.54007602642964,15.361173065339102,15.401833534240723,6400,0.0,0.0,0.0
2010-09-07 00:00:00-04:00,15.336770601597168,15.36116531959901,15.296110153198242,15.296110153198242,3000,0.0,0.0,0.0
2010-09-08 00:00:00-04:00,15.353048207867756,15.409972891160175,15.344917661293579,15.361180305480957,32900,0.0,0.0,0.0
2010-09-09 00:00:00-04:00,15.515675164070533,15.515675164070533,15.385564804077148,15.385564804077148,13900,0.0,0.0,0.0
2010-09-10 00:00:00-04:00,15.409965515136719,15.42622815153994,15.38556923397446,15.409965515136719,2700,0.0,0.0,0.0
2010-09-13 00:00:00-04:00,15.53194887791753,15.53194887791753,15.401838438082645,15.434365272521973,3500,0.0,0.0,0.0
2010-09-14 00:00:00-04:00,15.426224995266075,15.475017547607422,15.418092903209184,15.475017547607422,3800,0.0,0.0,0.0
2010-09-15 00:00:00-04:00,15.393700446089834,15.515678742838801,15.369304166324763,15.49128246307373,13300,0.0,0.0,0.0
2010-09-16 00:00:00-04:00,15.450624195570944,15.5563383102417,15.442492101974999,15.5563383102417,43500,0.0,0.0,0.0
2010-09-17 00:00:00-04:00,15.580731238343416,15.580731238343416,15.50754396276673,15.54820442199707,8000,0.0,0.0,0.0
2010-09-20 00:00:00-04:00,15.564473471717887,15.694583892822266,15.564473471717887,15.694583892822266,3200,0.0,0.0,0.0
2010-09-21 00:00:00-04:00,15.621393507970994,15.621393507970994,15.54007567408807,15.5563383102417,20600,0.0,0.0,0.0
2010-09-22 00:00:00-04:00,15.531944161897986,15.621394092725225,15.515679974097282,15.54007625579834,20500,0.0,0.0,0.0
2010-09-23 00:00:00-04:00,15.43435932579546,15.523810800356602,15.43435932579546,15.450623512268066,3100,0.0,0.0,0.0
2010-09-24 00:00:00-04:00,15.629519758301697,15.702707022265084,15.629519758301697,15.678312301635742,7800,0.0,0.0,0.0
2010-09-27 00:00:00-04:00,15.678312693036563,15.678312693036563,15.605125427246094,15.605125427246094,11500,0.0,0.0,0.0
2010-09-28 00:00:00-04:00,15.662053234943777,15.808427810668944,15.580733853869996,15.808427810668945,14700,0.0,0.0,0.0
2010-09-29 00:00:00-04:00,15.751506805419922,15.800297820141964,15.743374711126517,15.751506805419922,10100,0.0,0.0,0.0
2010-09-30 00:00:00-04:00,15.824688026832014,15.824688026832014,15.637654564682048,15.775897026062012,8200,0.0,0.0,0.0
2010-10-01 00:00:00-04:00,15.7108392106469,15.77589438445969,15.67831239925935,15.75963020324707,2900,0.0,0.0,0.0
2010-10-04 00:00:00-04:00,15.73524261683311,15.873485117744224,15.702714239659487,15.751506805419922,205500,0.0,0.0,0.0
2010-10-05 00:00:00-04:00,15.865349474330102,16.003591944316007,15.865349474330102,15.930404663085938,27100,0.0,0.0,0.0
2010-10-06 00:00:00-04:00,15.946667671203613,15.995458671410304,15.914139303707199,15.946667671203613,12900,0.0,0.0,0.0
2010-10-07 00:00:00-04:00,16.07678245561419,16.07678245561419,15.840956379594491,15.906011581420898,14000,0.0,0.0,0.0
2010-10-08 00:00:00-04:00,15.946668848034408,15.946668848034408,15.857217381855866,15.930404663085938,8400,0.0,0.0,0.0
2010-10-11 00:00:00-04:00,15.914137337898584,16.00358878642622,15.897873156159424,15.99545669555664,16500,0.0,0.0,0.0
2010-10-12 00:00:00-04:00,15.979197813795299,16.068649291992188,15.946670990566227,16.068649291992188,7700,0.0,0.0,0.0
2010-10-13 00:00:00-04:00,16.247549057006836,16.34513261891859,16.174361773332546,16.247549057006836,16000,0.0,0.0,0.0
2010-10-14 00:00:00-04:00,16.231282964593227,16.37765751474509,16.231282964593227,16.36139488220215,31300,0.0,0.0,0.0
2010-10-15 00:00:00-04:00,16.418322903179487,16.458981823301254,16.345135606129602,16.3939266204834,23300,0.0,0.0,0.0
2010-10-18 00:00:00-04:00,16.434583215198888,16.467111587524414,16.410188486992904,16.467111587524414,7300,0.0,0.0,0.0
2010-10-19 00:00:00-04:00,16.23941837627467,16.27194675008629,16.044252786519657,16.08491325378418,4800,0.0,0.0,0.0
2010-10-20 00:00:00-04:00,16.206890144315828,16.26381324249848,16.190625958824185,16.247549057006836,21500,0.0,0.0,0.0
2010-10-21 00:00:00-04:00,16.26381279554614,16.353264262253823,16.21502179145016,16.28007698059082,11700,0.0,0.0,0.0
2010-10-22 00:00:00-04:00,16.263811989064283,16.450845454689407,16.263811989064283,16.426450729370117,19400,0.0,0.0,0.0
2010-10-25 00:00:00-04:00,16.597220235738558,16.597220235738558,16.402054675348804,16.410186767578125,3600,0.0,0.0,0.0
2010-10-26 00:00:00-04:00,16.288207386491013,16.345130477215026,16.25567901976992,16.263811111450195,4600,0.0,0.0,0.0
2010-10-27 00:00:00-04:00,16.19875654695523,16.2882080078125,16.18249236297428,16.2882080078125,4000,0.0,0.0,0.0
2010-10-28 00:00:00-04:00,16.3939266204834,16.418322903179487,16.304475134969454,16.3939266204834,15200,0.0,0.0,0.0
2010-10-29 00:00:00-04:00,16.385790490890155,16.410186767578125,16.34513158078154,16.410186767578125,16000,0.0,0.0,0.0
2010-11-01 00:00:00-04:00,16.450849729069226,16.54030121458317,16.37766243201934,16.3939266204834,8000,0.0,0.0,0.0
2010-11-02 00:00:00-04:00,16.46710834746518,16.46710834746518,16.32073380287721,16.336997985839844,6700,0.0,0.0,0.0
2010-11-03 00:00:00-04:00,16.336999488552216,16.410186767578125,16.336999488552216,16.410186767578125,2600,0.0,0.0,0.0
2010-11-04 00:00:00-04:00,16.621617860302877,16.694805145263672,16.613485767414108,16.694805145263672,15100,0.0,0.0,0.0
2010-11-05 00:00:00-04:00,16.6704141756613,16.68667836661853,16.61349105834961,16.61349105834961,8100,0.0,0.0,0.0
2010-11-08 00:00:00-05:00,16.61348241054649,16.686669680719294,16.605350319300864,16.662273406982422,6900,0.0,0.0,0.0
2010-11-09 00:00:00-05:00,16.65414462233808,16.670408808058507,16.4996395111084,16.4996395111084,16200,0.0,0.0,0.0
2010-11-10 00:00:00-05:00,16.48337133091251,16.48337133091251,16.361393069644997,16.442710876464844,6700,0.0,0.0,0.0
2010-11-11 00:00:00-05:00,16.40205871471543,16.42645499741152,16.312607229201486,16.3939266204834,8500,0.0,0.0,0.0
2010-11-12 00:00:00-05:00,16.38578356129135,16.40204773887183,16.223146438598633,16.223146438598633,29900,0.0,0.0,0.0
2010-11-15 00:00:00-05:00,16.3207369606594,16.369527967949658,16.27194595336914,16.27194595336914,7100,0.0,0.0,0.0
2010-11-16 00:00:00-05:00,16.19062459866643,16.19062459866643,16.019855318464636,16.076778411865234,30700,0.0,0.0,0.0
2010-11-17 00:00:00-05:00,16.174359388134302,16.174359388134302,16.10117211525278,16.125568389892578,6600,0.0,0.0,0.0
2010-11-18 00:00:00-05:00,16.377660751342773,16.410189124932828,16.26381454585403,16.377660751342773,14300,0.0,0.0,0.0
2010-11-19 00:00:00-05:00,16.467109457908382,16.491505733997467,16.38579008864939,16.483373641967773,4600,0.0,0.0,0.0
2010-11-22 00:00:00-05:00,16.572823234018216,16.63787841796875,16.499637509232056,16.63787841796875,10200,0.0,0.0,0.0
2010-11-23 00:00:00-05:00,16.458982438487176,16.458982438487176,16.385795138701777,16.418323516845703,4300,0.0,0.0,0.0
2010-11-24 00:00:00-05:00,16.491512728247617,16.61349105834961,16.491512728247617,16.61349105834961,8400,0.0,0.0,0.0
2010-11-26 00:00:00-05:00,16.662274693589424,16.662274693589424,16.629747877133124,16.63787841796875,1700,0.0,0.0,0.0
2010-11-29 00:00:00-05:00,16.515897531470053,16.556557984411132,16.41831554648684,16.532161712646484,35900,0.0,0.0,0.0
2010-11-30 00:00:00-05:00,16.467109457908382,16.572823552218498,16.434581089789603,16.483373641967773,14900,0.0,0.0,0.0
2010-12-01 00:00:00-05:00,16.72733325983693,16.72733325983693,16.597222865627305,16.67041015625,45600,0.0,0.0,0.0
2010-12-02 00:00:00-05:00,16.67853931752576,16.71919822692871,16.62161622394644,16.71919822692871,12500,0.0,0.0,0.0
2010-12-03 00:00:00-05:00,16.776126634036505,16.808655012692007,16.735467711755593,16.792390823364258,7700,0.0,0.0,0.0
2010-12-06 00:00:00-05:00,16.73546347752617,16.79238657473276,16.694804565532344,16.71106719970703,10900,0.0,0.0,0.0
2010-12-07 00:00:00-05:00,16.833044715655422,16.85743943907125,16.784252166748047,16.784252166748047,16300,0.0,0.0,0.0
2010-12-08 00:00:00-05:00,16.82491920201976,16.82491920201976,16.735467711755593,16.792390823364258,19300,0.0,0.0,0.0
2010-12-09 00:00:00-05:00,16.898106944415737,16.914369583129883,16.84931437515779,16.914369583129883,8000,0.0,0.0,0.0
2010-12-10 00:00:00-05:00,16.898098882377944,16.946889877319336,16.84117424540226,16.946889877319336,11300,0.0,0.0,0.0
2010-12-13 00:00:00-05:00,17.044474416264666,17.044474416264666,16.84930885627362,16.857440948486328,18200,0.0,0.0,0.0
2010-12-14 00:00:00-05:00,16.87370827365415,16.93063137870035,16.865576179927793,16.90623664855957,14700,0.0,0.0,0.0
2010-12-15 00:00:00-05:00,16.833043878199565,16.979416864525955,16.833043878199565,16.88996696472168,9700,0.0,0.0,0.0
2010-12-16 00:00:00-05:00,16.881841493798497,17.003819805756095,16.86557730526058,16.97942352294922,38900,0.0,0.0,0.0
2010-12-17 00:00:00-05:00,17.036348599543995,17.101403804248534,16.9794239382689,17.06074333190918,15000,0.0,0.0,0.0
2010-12-20 00:00:00-05:00,17.166448975144377,17.166448975144377,17.036338641784933,17.09326171875,11000,0.0,0.0,0.0
2010-12-21 00:00:00-05:00,17.23806961463701,17.23806961463701,17.082623839585196,17.139894485473633,6800,0.127,0.0,0.0
2010-12-22 00:00:00-05:00,17.14808114981319,17.26262092590332,17.14808114981319,17.26262092590332,11300,0.0,0.0,0.0
2010-12-23 00:00:00-05:00,17.238071587802335,17.25443463135775,17.205347061157227,17.205347061157227,4700,0.0,0.0,0.0
2010-12-27 00:00:00-05:00,17.15627007155352,17.188996181823804,17.148088543985953,17.164451599121094,3800,0.0,0.0,0.0
2010-12-28 00:00:00-05:00,17.15627007155352,17.172633126688662,17.148088543985953,17.164451599121094,5200,0.0,0.0,0.0
2010-12-29 00:00:00-05:00,17.19716553937952,17.246253109580042,17.180802495824103,17.205347061157227,6200,0.0,0.0,0.0
2010-12-30 00:00:00-05:00,17.254438303385395,17.254438303385395,17.19716919921936,17.238075256347656,4400,0.0,0.0,0.0
2010-12-31 00:00:00-05:00,17.238076353784116,17.27898397398279,17.20535181809133,17.26262092590332,5300,0.0,0.0,0.0
2011-01-03 00:00:00-05:00,17.39352108227408,17.40988412931182,17.238075256347656,17.238075256347656,29000,0.0,0.0,0.0
2011-01-04 00:00:00-05:00,17.311715876055306,17.311715876055306,17.0417317097266,17.082637786865234,16800,0.0,0.0,0.0
2011-01-05 00:00:00-05:00,17.123541785792316,17.156266328456038,16.943551339509156,17.115360260009766,16700,0.0,0.0,0.0
2011-01-06 00:00:00-05:00,17.229892838080865,17.229892838080865,17.107173112602755,17.131717681884766,15900,0.0,0.0,0.0
2011-01-07 00:00:00-05:00,17.1317204953849,17.15626350823158,17.025362238161872,17.123538970947266,11300,0.0,0.0,0.0
2011-01-10 00:00:00-05:00,17.115355524496714,17.270801350423135,17.115355524496714,17.238075256347656,37400,0.0,0.0,0.0
2011-01-11 00:00:00-05:00,17.34443827571886,17.34443827571886,17.221716949622568,17.29534912109375,24600,0.0,0.0,0.0
2011-01-12 00:00:00-05:00,17.377164840698242,17.450797020738772,17.311714187380733,17.377164840698242,5500,0.0,0.0,0.0
2011-01-13 00:00:00-05:00,17.49169650268819,17.53260412088854,17.426245874033704,17.5162410736084,9700,0.0,0.0,0.0
2011-01-14 00:00:00-05:00,17.491695501629955,17.532603117489145,17.483515538924106,17.508058547973633,9000,0.0,0.0,0.0
2011-01-18 00:00:00-05:00,17.524425506591797,17.532607031590135,17.48351944206644,17.524425506591797,8300,0.0,0.0,0.0
2011-01-19 00:00:00-05:00,17.450784621706493,17.532598270340277,17.352607931252845,17.385334014892578,27200,0.0,0.0,0.0
2011-01-20 00:00:00-05:00,17.246256101829996,17.516240125474074,17.246256101829996,17.45897102355957,14300,0.0,0.0,0.0
2011-01-21 00:00:00-05:00,17.6307879748719,17.6307879748719,17.51624970838054,17.589881896972656,26300,0.0,0.0,0.0
2011-01-24 00:00:00-05:00,17.598054904150338,17.598054904150338,17.467153645691337,17.483516693115234,12700,0.0,0.0,0.0
2011-01-25 00:00:00-05:00,17.46715153890395,17.565326690673828,17.426243925278246,17.565326690673828,6200,0.0,0.0,0.0
2011-01-26 00:00:00-05:00,17.581691702262884,17.589873225902952,17.5162410736084,17.5162410736084,5700,0.0,0.0,0.0
2011-01-27 00:00:00-05:00,17.48351665386283,17.524422711864645,17.38533993000595,17.418066024780273,25200,0.0,0.0,0.0
2011-01-28 00:00:00-05:00,17.418059952212438,17.434421433429304,17.098986881267606,17.139894485473633,15700,0.0,0.0,0.0
2011-01-31 00:00:00-05:00,17.336255693850095,17.336255693850095,17.09899614234833,17.156265258789062,10000,0.0,0.0,0.0
2011-02-01 00:00:00-05:00,17.328066929935638,17.41806210987149,17.31988540808095,17.40169906616211,7700,0.0,0.0,0.0
2011-02-02 00:00:00-05:00,17.418072474313348,17.418072474313348,17.311714187380733,17.377164840698242,47600,0.0,0.0,0.0
2011-02-03 00:00:00-05:00,17.426245874033704,17.5162410736084,17.40170286357957,17.5162410736084,4700,0.0,0.0,0.0
2011-02-04 00:00:00-05:00,17.61442170875842,17.712596893310547,17.589877132387176,17.712596893310547,9400,0.0,0.0,0.0
2011-02-07 00:00:00-05:00,17.72077830001306,17.786228942764673,17.630783081054688,17.630783081054688,6200,0.0,0.0,0.0
2011-02-08 00:00:00-05:00,17.720779348507875,17.769866943359375,17.65532870188371,17.769866943359375,13600,0.0,0.0,0.0
2011-02-09 00:00:00-05:00,17.843497388858545,17.859860439047488,17.74532220865759,17.80259132385254,27000,0.0,0.0,0.0
2011-02-10 00:00:00-05:00,17.79440694869338,17.79440694869338,17.647142641512374,17.745319366455078,53500,0.0,0.0,0.0
2011-02-11 00:00:00-05:00,17.74532322971145,17.900767534051514,17.74532322971145,17.876224517822266,6900,0.0,0.0,0.0
2011-02-14 00:00:00-05:00,17.868046715868854,17.90077126448297,17.794414530903634,17.859865188598633,35300,0.0,0.0,0.0
2011-02-15 00:00:00-05:00,17.802589260877678,17.87622141772903,17.7780446884385,17.83531379699707,19700,0.0,0.0,0.0
2011-02-16 00:00:00-05:00,17.86804485998464,18.056215286254883,17.86804485998464,18.056215286254883,16600,0.0,0.0,0.0
2011-02-17 00:00:00-05:00,18.064391163880426,18.187110900878906,18.00712205731221,18.187110900878906,13200,0.0,0.0,0.0
2011-02-18 00:00:00-05:00,18.203473948603005,18.244380007447123,18.146204842034788,18.187110900878906,30000,0.0,0.0,0.0
2011-02-22 00:00:00-05:00,18.195293261278024,18.211656309754417,17.974396788245265,18.04802894592285,7200,0.0,0.0,0.0
2011-02-23 00:00:00-05:00,18.03167115569221,18.056214172973682,17.892588336053333,17.966218948364258,30900,0.0,0.0,0.0
2011-02-24 00:00:00-05:00,18.007123852578108,18.01530537725583,17.84349647995614,17.990760803222656,23300,0.0,0.0,0.0
2011-02-25 00:00:00-05:00,18.039841867300353,18.244375228881836,18.039841867300353,18.244375228881836,53500,0.0,0.0,0.0
2011-02-28 00:00:00-05:00,18.375277517730588,18.391640562114823,18.268920850164655,18.318008422851562,30700,0.0,0.0,0.0
2011-03-01 00:00:00-05:00,18.342557673547407,18.342557673547407,18.048029041280902,18.06439208984375,9200,0.0,0.0,0.0
2011-03-02 00:00:00-05:00,18.113476658744588,18.113476658744588,18.023483027567377,18.039844512939453,4300,0.0,0.0,0.0
2011-03-03 00:00:00-05:00,18.219837034163834,18.260743093092906,18.129841831960537,18.252561569213867,8300,0.0,0.0,0.0
2011-03-04 00:00:00-05:00,18.26893023527888,18.27711176167401,18.072578283195533,18.170753479003906,38100,0.0,0.0,0.0
2011-03-07 00:00:00-05:00,18.30983144414979,18.30983144414979,17.933490692720152,17.98257827758789,8900,0.0,0.0,0.0
2011-03-08 00:00:00-05:00,17.949853103492373,18.17074800778295,17.949853103492373,18.154386520385742,11700,0.0,0.0,0.0
2011-03-09 00:00:00-05:00,18.260750914037562,18.358927682168282,18.187118728056216,18.350746154785156,32100,0.0,0.0,0.0
2011-03-10 00:00:00-05:00,18.457098140777248,18.457098140777248,18.27710926606041,18.358922958374023,9300,0.0,0.0,0.0
2011-03-11 00:00:00-05:00,18.334375360141006,18.44891357421875,18.195292574275403,18.44891357421875,46200,0.0,0.0,0.0
2011-03-14 00:00:00-04:00,18.473458032549537,18.473458032549537,18.129841831960537,18.252561569213867,23400,0.0,0.0,0.0
2011-03-15 00:00:00-04:00,17.94985291319866,18.228018482061984,17.79440708107713,18.121660232543945,29200,0.0,0.0,0.0
2011-03-16 00:00:00-04:00,18.031664550486383,18.162565796258637,17.851674167200077,18.039844512939453,10900,0.0,0.0,0.0
2011-03-17 00:00:00-04:00,18.228019358230814,18.228019358230814,17.982578312483465,18.04802894592285,31600,0.0,0.0,0.0
2011-03-18 00:00:00-04:00,18.22801974785204,18.309831871050356,18.170749076960508,18.29347038269043,52100,0.0,0.0,0.0
2011-03-21 00:00:00-04:00,18.54708576536426,18.604354858398438,18.4325475792959,18.604354858398438,273100,0.0,0.0,0.0
2011-03-22 00:00:00-04:00,18.653443285405174,18.653443285405174,18.42436690275744,18.530723571777344,29900,0.0,0.0,0.0
2011-03-23 00:00:00-04:00,18.62890123544637,18.62890123544637,18.432549371467132,18.587993621826172,23800,0.0,0.0,0.0
2011-03-24 00:00:00-04:00,18.743435008341105,18.776161091512407,18.596170755001317,18.759798049926758,94800,0.0,0.0,0.0
2011-03-25 00:00:00-04:00,18.81707582414942,18.907071033961945,18.792531250437023,18.833438873291016,295600,0.0,0.0,0.0
2011-03-28 00:00:00-04:00,18.95615761289562,18.95615761289562,18.808893299384785,18.82525634765625,26900,0.0,0.0,0.0
2011-03-29 00:00:00-04:00,18.923430741532872,18.923430741532872,18.792529481653254,18.915250778198242,17800,0.0,0.0,0.0
2011-03-30 00:00:00-04:00,19.144329101936616,19.144329101936616,18.972521766475538,19.0297908782959,118500,0.0,0.0,0.0
2011-03-31 00:00:00-04:00,19.144329101936616,19.144329101936616,18.964340241863162,19.0297908782959,34700,0.0,0.0,0.0
2011-04-01 00:00:00-04:00,19.193414649251977,19.193414649251977,19.070694914041642,19.12796401977539,41400,0.0,0.0,0.0
2011-04-04 00:00:00-04:00,19.275239946253283,19.275239946253283,19.04616338521995,19.078887939453125,54500,0.0,0.0,0.0
2011-04-05 00:00:00-04:00,19.209776829770075,19.209776829770075,19.078875576724684,19.201595306396484,18700,0.0,0.0,0.0
2011-04-06 00:00:00-04:00,19.242503985402973,19.242503985402973,19.11978424895735,19.160690307617188,34900,0.0,0.0,0.0
2011-04-07 00:00:00-04:00,19.258872876192033,19.258872876192033,19.095245470975932,19.177059173583984,11800,0.0,0.0,0.0
2011-04-08 00:00:00-04:00,19.31613610072212,19.31613610072212,19.037970533086575,19.095239639282227,23700,0.0,0.0,0.0
2011-04-11 00:00:00-04:00,19.250685315451822,19.250685315451822,19.111602532755818,19.12796401977539,18600,0.0,0.0,0.0
2011-04-12 00:00:00-04:00,19.037978062445156,19.209785448980472,19.037978062445156,19.14433479309082,19000,0.0,0.0,0.0
2011-04-13 00:00:00-04:00,19.332503234597958,19.332503234597958,19.1197897953027,19.19342041015625,23000,0.0,0.0,0.0
2011-04-14 00:00:00-04:00,19.275227692152136,19.299772262573242,19.119783427549923,19.299772262573242,31700,0.0,0.0,0.0
2011-04-15 00:00:00-04:00,19.406136724014573,19.406136724014573,19.2670538901548,19.381593704223633,33000,0.0,0.0,0.0
2011-04-18 00:00:00-04:00,19.209781646728516,19.22614469757882,19.11160646255952,19.209781646728516,35100,0.0,0.0,0.0
2011-04-19 00:00:00-04:00,19.24250969663832,19.34068489074707,19.177059047076963,19.34068489074707,29600,0.0,0.0,0.0
2011-04-20 00:00:00-04:00,19.651568322461326,20.01972748512338,19.406127320220712,19.463397979736328,46100,0.0,0.0,0.0
2011-04-21 00:00:00-04:00,19.577939761968498,19.577939761968498,19.447038494329114,19.47976303100586,44700,0.0,0.0,0.0
2011-04-25 00:00:00-04:00,19.6515758396641,19.6515758396641,19.357047148497383,19.430679321289062,40000,0.0,0.0,0.0
2011-04-26 00:00:00-04:00,19.545221514520005,19.65157981248369,19.4552278321663,19.64339828491211,19800,0.0,0.0,0.0
2011-04-27 00:00:00-04:00,19.74156108457035,19.76610565185547,19.65156745878993,19.76610565185547,164800,0.0,0.0,0.0
2011-04-28 00:00:00-04:00,19.774293805959633,19.774293805959633,19.651574049309378,19.757930755615234,40200,0.0,0.0,0.0
2011-04-29 00:00:00-04:00,19.7497429011935,19.929733276367188,19.7497429011935,19.929733276367188,27000,0.0,0.0,0.0
2011-05-02 00:00:00-04:00,20.044272479574268,20.134267671688807,19.913371233116365,19.937915802001953,211000,0.0,0.0,0.0
2011-05-03 00:00:00-04:00,19.98700610336982,20.011549115134468,19.85610483907116,19.913373947143555,135000,0.0,0.0,0.0
2011-05-04 00:00:00-04:00,20.027912199562877,20.224264096366497,19.970643091386762,19.978824615478516,197000,0.0,0.0,0.0
2011-05-05 00:00:00-04:00,19.954277287459732,20.10154157984136,19.880645141268918,19.937915802001953,270200,0.0,0.0,0.0
2011-05-06 00:00:00-04:00,20.11790916535825,20.166996753740058,19.92155725136471,20.011550903320312,73000,0.0,0.0,0.0
2011-05-09 00:00:00-04:00,20.093359852350495,20.093359852350495,19.929734076176626,20.01972770690918,122000,0.0,0.0,0.0
2011-05-10 00:00:00-04:00,20.085183343599788,20.248810721088038,20.085183343599788,20.240629196166992,136800,0.0,0.0,0.0
2011-05-11 00:00:00-04:00,20.26516996532742,20.26516996532742,20.03609199195576,20.126087188720703,155800,0.0,0.0,0.0
2011-05-12 00:00:00-04:00,20.216082041714817,20.387890922200302,20.117906876122643,20.34698486328125,79000,0.0,0.0,0.0
2011-05-13 00:00:00-04:00,20.330629196349356,20.592431813594683,20.330629196349356,20.428804397583008,84100,0.0,0.0,0.0
2011-05-16 00:00:00-04:00,20.436982310856337,20.436982310856337,20.281538009643555,20.281538009643555,301400,0.0,0.0,0.0
2011-05-17 00:00:00-04:00,20.22426356559185,20.387890922200302,20.175175982795764,20.34698486328125,114000,0.0,0.0,0.0
2011-05-18 00:00:00-04:00,20.371527949623346,20.486067723858397,20.281534307576106,20.477886199951172,103200,0.0,0.0,0.0
2011-05-19 00:00:00-04:00,20.57606039980072,20.57606039980072,20.412434610737257,20.535154342651367,300100,0.0,0.0,0.0
2011-05-20 00:00:00-04:00,20.551513418538526,20.55969338001494,20.363341534800128,20.453336715698242,183700,0.0,0.0,0.0
2011-05-23 00:00:00-04:00,20.273358318885652,20.38789656392685,20.191544617941986,20.33062744140625,175400,0.0,0.0,0.0
2011-05-24 00:00:00-04:00,20.37971030573552,20.387891829976844,20.32244119651248,20.338804244995117,63800,0.0,0.0,0.0
2011-05-25 00:00:00-04:00,20.29789548934272,20.29789548934272,20.15063118216193,20.248807907104492,98100,0.0,0.0,0.0
2011-05-26 00:00:00-04:00,20.17517403835464,20.41243352652371,20.158810992177607,20.39607048034668,50700,0.0,0.0,0.0
2011-05-27 00:00:00-04:00,20.477886141528046,20.55151829601689,20.45334156987639,20.526973724365234,79500,0.0,0.0,0.0
2011-05-31 00:00:00-04:00,20.75605383007743,20.75605383007743,20.551520393503996,20.73969078063965,589700,0.0,0.0,0.0
2011-06-01 00:00:00-04:00,20.739688391232942,20.76423140209575,20.346984612767013,20.363346099853516,276500,0.0,0.0,0.0
2011-06-02 00:00:00-04:00,20.387890651582165,20.404253699119042,20.077000550712043,20.18335723876953,173100,0.0,0.0,0.0
2011-06-03 00:00:00-04:00,19.95427422780436,20.068813971241724,19.92973122314798,19.96245574951172,118100,0.0,0.0,0.0
2011-06-06 00:00:00-04:00,19.90519433412022,19.97064497255332,19.725205468545777,19.733386993408203,171300,0.0,0.0,0.0
2011-06-07 00:00:00-04:00,19.774288229800774,19.847920375120648,19.725200653076172,19.725200653076172,92500,0.0,0.0,0.0
2011-06-08 00:00:00-04:00,19.65975567971371,19.67611716967932,19.569760462804172,19.59430503845215,326500,0.0,0.0,0.0
2011-06-09 00:00:00-04:00,19.676117967864567,19.823382306793633,19.561579731127043,19.7497501373291,23600,0.0,0.0,0.0
2011-06-10 00:00:00-04:00,19.684292753602357,19.684292753602357,19.422490267575718,19.44703483581543,160800,0.0,0.0,0.0
2011-06-13 00:00:00-04:00,19.471574142763334,19.63520144566344,19.406123533696416,19.577932357788086,317200,0.0,0.0,0.0
2011-06-14 00:00:00-04:00,19.749745745553465,19.897010051735183,19.708839687376805,19.872467041015625,231600,0.0,0.0,0.0
2011-06-15 00:00:00-04:00,19.733378903663723,19.831554040833094,19.537025508393647,19.602476119995117,86800,0.0,0.0,0.0
2011-06-16 00:00:00-04:00,19.66793800278312,19.823382306793633,19.594305833318586,19.7497501373291,73200,0.0,0.0,0.0
2011-06-17 00:00:00-04:00,19.847922469829975,19.95427915736894,19.831559422372873,19.872467041015625,68900,0.0,0.0,0.0
2011-06-20 00:00:00-04:00,19.86429028396073,20.036097642089235,19.774295061817345,19.99519157409668,74500,0.0,0.0,0.0
2011-06-21 00:00:00-04:00,20.106709692195633,20.29531221824573,20.05750780918696,20.278911590576172,260000,0.056,0.0,0.0
2011-06-22 00:00:00-04:00,20.20511081207569,20.303513016390337,20.147710177912973,20.15591049194336,96800,0.0,0.0,0.0
2011-06-23 00:00:00-04:00,19.934503755038644,20.07390594482422,19.79510156525307,20.07390594482422,86600,0.0,0.0,0.0
2011-06-24 00:00:00-04:00,20.09850994136544,20.139509947637894,19.92630647411115,19.967308044433594,40900,0.0,0.0,0.0
2011-06-27 00:00:00-04:00,20.00830562560754,20.114908131475193,20.00830562560754,20.065706253051758,38900,0.0,0.0,0.0
2011-06-28 00:00:00-04:00,20.090314767215265,20.303518295288086,20.090314767215265,20.303518295288086,168600,0.0,0.0,0.0
2011-06-29 00:00:00-04:00,20.393715264175416,20.51671684868745,20.328114314832334,20.434715270996094,162000,0.0,0.0,0.0
2011-06-30 00:00:00-04:00,20.51670517706282,20.5823060890866,20.459304574548156,20.50850486755371,83200,0.0,0.0,0.0
2011-07-01 00:00:00-04:00,20.54951285520146,20.770916606038142,20.46751129221939,20.76271629333496,136100,0.0,0.0,0.0
2011-07-05 00:00:00-04:00,20.803721719149447,20.836521412001844,20.688918884041026,20.787321090698242,3937100,0.0,0.0,0.0
2011-07-06 00:00:00-04:00,20.754523335499048,20.82012429632205,20.680722059066888,20.81192398071289,397300,0.0,0.0,0.0
2011-07-07 00:00:00-04:00,21.00872310205775,21.01692185153846,20.877519649618193,20.90212059020996,181400,0.0,0.0,0.0
2011-07-08 00:00:00-04:00,20.75451478615851,20.8037166595459,20.631513230789302,20.8037166595459,101100,0.0,0.0,0.0
2011-07-11 00:00:00-04:00,20.656116958954552,20.680716334922977,20.475713193586927,20.53311538696289,161900,0.0,0.0,0.0
2011-07-12 00:00:00-04:00,20.50031595711718,20.639718168187578,20.418314380478716,20.483915328979492,124200,0.0,0.0,0.0
2011-07-13 00:00:00-04:00,20.582315702949586,20.697116961601825,20.516714760284042,20.53311538696289,181700,0.0,0.0,0.0
2011-07-14 00:00:00-04:00,20.582313910665743,20.71351578457192,20.377310787181123,20.410110473632812,50800,0.0,0.0,0.0
2011-07-15 00:00:00-04:00,20.467517889410182,20.49211883544922,20.319916905326647,20.49211883544922,73300,0.0,0.0,0.0
2011-07-18 00:00:00-04:00,20.40191088317968,20.40191088317968,20.09850712555061,20.2379093170166,124700,0.0,0.0,0.0
2011-07-19 00:00:00-04:00,20.36911463000033,20.7217203245759,20.36911463000033,20.688919067382812,78200,0.0,0.0,0.0
2011-07-20 00:00:00-04:00,20.770920646315506,20.770920646315506,20.606917488450115,20.688919067382812,182900,0.0,0.0,0.0
2011-07-21 00:00:00-04:00,20.76272365110821,20.86112587436785,20.664322991898846,20.81192398071289,148600,0.0,0.0,0.0
2011-07-22 00:00:00-04:00,20.811920469325038,20.828321097776243,20.70531951249223,20.787321090698242,46200,0.0,0.0,0.0
2011-07-25 00:00:00-04:00,20.590518912228255,20.72172081601214,20.52491796033631,20.56591796875,167800,0.0,0.0,0.0
2011-07-26 00:00:00-04:00,20.56590991668607,20.63971115417575,20.49210867919639,20.500308990478516,69700,0.0,0.0,0.0
2011-07-27 00:00:00-04:00,20.38551585236186,20.41011523192315,20.090310785225782,20.139511108398438,119000,0.0,0.0,0.0
2011-07-28 00:00:00-04:00,20.26251180751706,20.418314648772373,20.18051179385111,20.196910858154297,128000,0.0,0.0,0.0
2011-07-29 00:00:00-04:00,20.000111052151105,20.278915520362457,19.885309764317103,20.090312957763672,169500,0.0,0.0,0.0
2011-08-01 00:00:00-04:00,20.319911266090127,20.319911266090127,19.84430405634547,20.065706253051758,320400,0.0,0.0,0.0
2011-08-02 00:00:00-04:00,19.95091478556306,20.09031704805033,19.680310577681954,19.68851089477539,433900,0.0,0.0,0.0
2011-08-03 00:00:00-04:00,19.62290101143417,19.926304785864577,19.475298498878903,19.893505096435547,332200,0.0,0.0,0.0
2011-08-04 00:00:00-04:00,19.663907122535317,19.688508070286403,18.82749366760254,18.82749366760254,528500,0.0,0.0,0.0
2011-08-05 00:00:00-04:00,19.04889095930098,19.089892524796447,18.417480927118948,18.958690643310547,274100,0.0,0.0,0.0
2011-08-08 00:00:00-04:00,18.450282116917652,18.638884625407528,17.77787208557129,17.77787208557129,369600,0.0,0.0,0.0
2011-08-09 00:00:00-04:00,17.958275020796844,18.54868507385254,17.6220699912734,18.54868507385254,1326000,0.0,0.0,0.0
2011-08-10 00:00:00-04:00,18.26168386170037,18.483087674041812,18.040280049358923,18.05668067932129,252500,0.0,0.0,0.0
2011-08-11 00:00:00-04:00,18.237078915028103,18.868488953578556,18.105877032218892,18.647085189819336,1310500,0.0,0.0,0.0
2011-08-12 00:00:00-04:00,18.81108830500734,18.917689248155828,18.57328391514175,18.860288619995117,144600,0.0,0.0,0.0
2011-08-15 00:00:00-04:00,19.073490965508764,19.204692840576172,18.9258884650455,19.204692840576172,421000,0.0,0.0,0.0
2011-08-16 00:00:00-04:00,19.163695625948094,19.19649531745644,18.934091529189875,19.147294998168945,166600,0.0,0.0,0.0
2011-08-17 00:00:00-04:00,19.237495322854357,19.311296583810574,18.999692476256516,19.147294998168945,124400,0.0,0.0,0.0
2011-08-18 00:00:00-04:00,18.638879213900026,18.720880756755083,18.31907491721957,18.483078002929688,398300,0.0,0.0,0.0
2011-08-19 00:00:00-04:00,18.245275322446293,18.597880893532498,18.130474090576172,18.130474090576172,166800,0.0,0.0,0.0
2011-08-22 00:00:00-04:00,18.52408777421805,18.52408777421805,18.122281722503622,18.146881103515625,83000,0.0,0.0,0.0
2011-08-23 00:00:00-04:00,18.31908378391465,18.79469108581543,18.138681553555767,18.79469108581543,58500,0.0,0.0,0.0
2011-08-24 00:00:00-04:00,18.753693952449964,18.835693983519565,18.62249046182786,18.82749366760254,55300,0.0,0.0,0.0
2011-08-25 00:00:00-04:00,18.91768992756836,18.91768992756836,18.425682067871094,18.425682067871094,161700,0.0,0.0,0.0
2011-08-26 00:00:00-04:00,18.38468125667234,18.80288784083451,18.04027592642407,18.745487213134766,55600,0.0,0.0,0.0
2011-08-29 00:00:00-04:00,18.999692397843475,19.33589744567871,18.999692397843475,19.33589744567871,39200,0.0,0.0,0.0
2011-08-30 00:00:00-04:00,19.30309117979716,19.442491775715805,19.15548870876635,19.393291473388672,107800,0.0,0.0,0.0
2011-08-31 00:00:00-04:00,19.516296640211095,19.61469882721228,19.352295080608723,19.46709632873535,170900,0.0,0.0,0.0
2011-09-01 00:00:00-04:00,19.48350122171024,19.614703123751383,19.303098997416182,19.31949806213379,78700,0.0,0.0,0.0
2011-09-02 00:00:00-04:00,18.999686575253993,19.180088732644705,18.909484714533903,19.00788688659668,41200,0.0,0.0,0.0
2011-09-06 00:00:00-04:00,18.48308403791354,18.98329064096006,18.409282781651783,18.950490951538086,222100,0.0,0.0,0.0
2011-09-07 00:00:00-04:00,19.2128962238696,19.393298439906644,19.10629370580909,19.37689781188965,102100,0.0,0.0,0.0
2011-09-08 00:00:00-04:00,19.30309348372905,19.483495656493485,19.221091927363542,19.245691299438477,81500,0.0,0.0,0.0
2011-09-09 00:00:00-04:00,19.073491612366283,19.073491612366283,18.630684095959133,18.77008628845215,41900,0.0,0.0,0.0
2011-09-12 00:00:00-04:00,18.556883139771575,18.761886275299123,18.450282197479165,18.745487213134766,114000,0.0,0.0,0.0
2011-09-13 00:00:00-04:00,18.917689698066262,18.98329064096006,18.761886872174795,18.950490951538086,21600,0.0,0.0,0.0
2011-09-14 00:00:00-04:00,19.016093104035665,19.294897520081374,18.737288687989953,19.147294998168945,60400,0.0,0.0,0.0
2011-09-15 00:00:00-04:00,19.278501273541213,19.368703182775892,19.073498071862616,19.35230255126953,128700,0.0,0.0,0.0
2011-09-16 00:00:00-04:00,19.499901664455177,19.54090167193314,19.34409882074886,19.41790008544922,121800,0.0,0.0,0.0
2011-09-19 00:00:00-04:00,19.139095442355565,19.344098605564984,19.048893550047413,19.253896713256836,66800,0.0,0.0,0.0
2011-09-20 00:00:00-04:00,19.352299812662626,19.483501718046096,19.196496963500977,19.196496963500977,123500,0.0,0.0,0.0
2011-09-21 00:00:00-04:00,19.18829317256837,19.22929473810376,18.745487213134766,18.745487213134766,41700,0.0,0.0,0.0
2011-09-22 00:00:00-04:00,18.28628038340926,18.384682583747434,18.122278801578858,18.327281951904297,170500,0.0,0.0,0.0
2011-09-23 00:00:00-04:00,18.2206838860315,18.409288019052237,18.155082924474378,18.343687057495117,93200,0.0,0.0,0.0
2011-09-26 00:00:00-04:00,18.49948251207183,18.753687526241844,18.220678122630382,18.745487213134766,576600,0.0,0.0,0.0
2011-09-27 00:00:00-04:00,19.065291173645214,19.18009242645296,18.802887416341928,18.893089294433594,465400,0.0,0.0,0.0
2011-09-28 00:00:00-04:00,18.942287801251418,19.0078887343204,18.491280017858752,18.556880950927734,332100,0.0,0.0,0.0
2011-09-29 00:00:00-04:00,18.827484995343486,18.868486556042612,18.278078158421778,18.556880950927734,191200,0.0,0.0,0.0
2011-09-30 00:00:00-04:00,18.302679683221385,18.630684387140267,18.294479370117188,18.294479370117188,203000,0.0,0.0,0.0
2011-10-03 00:00:00-04:00,18.163278952783095,18.319081786223293,17.71227264404297,17.71227264404297,170800,0.0,0.0,0.0
2011-10-04 00:00:00-04:00,17.564673335304455,18.048480987548828,17.318670133575207,18.048480987548828,1500000,0.0,0.0,0.0
2011-10-05 00:00:00-04:00,18.122279596213428,18.220680236816406,17.876274866606018,18.220680236816406,145300,0.0,0.0,0.0
2011-10-06 00:00:00-04:00,18.261679854573508,18.647085189819336,18.212477975482695,18.647085189819336,330700,0.0,0.0,0.0
2011-10-07 00:00:00-04:00,18.712688935472304,18.720889249882987,18.507685767355298,18.58968734741211,57300,0.0,0.0,0.0
2011-10-10 00:00:00-04:00,18.86848707058561,18.91768738071663,18.80288613572769,18.8848876953125,83100,0.0,0.0,0.0
2011-10-11 00:00:00-04:00,18.876691952319444,19.032493232789864,18.876691952319444,18.991493225097656,133600,0.0,0.0,0.0
2011-10-12 00:00:00-04:00,19.155499717304856,19.229300995233366,19.081698439376346,19.114498138427734,239400,0.0,0.0,0.0
2011-10-13 00:00:00-04:00,19.016091465058754,19.15549366106668,18.901288644549403,19.098093032836914,193400,0.0,0.0,0.0
2011-10-14 00:00:00-04:00,19.27029777924465,19.344099044799805,19.180095884888342,19.344099044799805,198200,0.0,0.0,0.0
2011-10-17 00:00:00-04:00,19.28669204858026,19.311291419620712,18.925886154174805,18.925886154174805,121500,0.0,0.0,0.0
2011-10-18 00:00:00-04:00,18.909494702361602,19.30310203446315,18.819294358047955,19.18829917907715,199500,0.0,0.0,0.0
2011-10-19 00:00:00-04:00,19.17188924887653,19.319491731317374,18.90128521908482,18.925886154174805,103300,0.0,0.0,0.0
2011-10-20 00:00:00-04:00,18.96688614860858,18.983286772001904,18.77828367173396,18.925886154174805,160400,0.0,0.0,0.0
2011-10-21 00:00:00-04:00,19.155496110551844,19.27849769592285,19.147295796320442,19.27849769592285,250900,0.0,0.0,0.0
2011-10-24 00:00:00-04:00,19.294897440450004,19.344097759534442,19.23749524345989,19.33589744567871,289600,0.0,0.0,0.0
2011-10-25 00:00:00-04:00,19.253893678700727,19.27849461746657,18.843887416901904,18.893089294433594,375900,0.0,0.0,0.0
2011-10-26 00:00:00-04:00,19.00788688659668,19.081688124631395,18.70448162311513,19.00788688659668,183900,0.0,0.0,0.0
2011-10-27 00:00:00-04:00,19.43429916740247,19.581900121006495,19.21289539092158,19.458898544311523,134800,0.0,0.0,0.0
2011-10-28 00:00:00-04:00,19.286696178893326,19.581899642944336,19.286696178893326,19.581899642944336,151500,0.0,0.0,0.0
2011-10-31 00:00:00-04:00,19.360499673600962,19.54090189826353,19.344099044799805,19.344099044799805,277400,0.0,0.0,0.0
2011-11-01 00:00:00-04:00,18.786493652067737,19.048897505211276,18.597891078127113,18.82749366760254,354100,0.0,0.0,0.0
2011-11-02 00:00:00-04:00,19.04889190609992,19.114492850103478,18.89309064162265,18.966890335083008,307000,0.0,0.0,0.0
2011-11-03 00:00:00-04:00,19.10629422516343,19.286698010154254,18.97509232556102,19.27849769592285,139100,0.0,0.0,0.0
2011-11-04 00:00:00-04:00,19.130898988139105,19.303102493286133,19.089898972844743,19.303102493286133,43000,0.0,0.0,0.0
2011-11-07 00:00:00-05:00,19.245693084784982,19.368696212768555,19.14729245925782,19.368696212768555,54700,0.0,0.0,0.0
2011-11-08 00:00:00-05:00,19.458902784762177,19.55730500599174,19.294901168113235,19.549104690551758,73800,0.0,0.0,0.0
2011-11-09 00:00:00-05:00,19.229293204011483,19.24569226486754,18.975088210121672,19.024290084838867,61600,0.0,0.0,0.0
2011-11-10 00:00:00-05:00,19.048889250432463,19.048889250432463,18.66348395364841,18.8848876953125,166000,0.0,0.0,0.0
2011-11-11 00:00:00-05:00,19.04068971471705,19.25389315271402,19.01609034067299,19.204692840576172,68600,0.0,0.0,0.0
2011-11-14 00:00:00-05:00,19.171894998970988,19.196495941439363,19.05709372888523,19.139095306396484,38300,0.0,0.0,0.0
2011-11-15 00:00:00-05:00,19.098095214755556,19.368699324504583,19.08989490063589,19.32769775390625,41600,0.0,0.0,0.0
2011-11-16 00:00:00-05:00,19.221097469591907,19.360499686393748,19.07349493838407,19.106294631958008,51300,0.0,0.0,0.0
2011-11-17 00:00:00-05:00,19.08169179948911,19.114491487127136,18.778286477576085,18.893089294433594,97900,0.0,0.0,0.0
2011-11-18 00:00:00-05:00,18.90949058532715,19.00789278794067,18.87669089382261,18.90949058532715,67500,0.0,0.0,0.0
2011-11-21 00:00:00-05:00,18.671686086130208,18.679886399293025,18.450282322883652,18.62248420715332,140000,0.0,0.0,0.0
2011-11-22 00:00:00-05:00,18.647085189819336,18.737287070769348,18.499482680646523,18.647085189819336,89000,0.0,0.0,0.0
2011-11-23 00:00:00-05:00,18.466682602824807,18.499482290811024,18.286278844726393,18.3682804107666,175000,0.0,0.0,0.0
2011-11-25 00:00:00-05:00,18.286280124525543,18.483084522415677,18.24528012066087,18.376482009887695,49800,0.0,0.0,0.0
2011-11-28 00:00:00-05:00,18.794687527727433,18.81928846704867,18.679886272327945,18.745487213134766,197200,0.0,0.0,0.0
2011-11-29 00:00:00-05:00,18.811097786204662,18.93409941769448,18.77829651698039,18.835697174072266,79600,0.0,0.0,0.0
2011-11-30 00:00:00-05:00,19.221104167183096,19.42610740661621,19.221104167183096,19.42610740661621,255800,0.0,0.0,0.0
2011-12-01 00:00:00-05:00,19.450698491092115,19.557301005958365,19.376897231276995,19.409698486328125,66200,0.0,0.0,0.0
2011-12-02 00:00:00-05:00,19.557301005958365,19.557301005958365,19.327696912750223,19.409698486328125,89600,0.0,0.0,0.0
2011-12-05 00:00:00-05:00,19.6310999112418,19.647498972750558,19.442495845418602,19.55729866027832,61200,0.0,0.0,0.0
2011-12-06 00:00:00-05:00,19.58190668117659,19.663908281128045,19.475305696075,19.614707946777344,58300,0.0,0.0,0.0
2011-12-07 00:00:00-05:00,19.540900603092265,19.60650154989881,19.368698704243815,19.573701858520508,166900,0.0,0.0,0.0
2011-12-08 00:00:00-05:00,19.516300286508603,19.516300286508603,19.29489806147758,19.32769775390625,84100,0.0,0.0,0.0
2011-12-09 00:00:00-05:00,19.458900043742748,19.672103522999333,19.36049940042434,19.631103515625,93400,0.0,0.0,0.0
2011-12-12 00:00:00-05:00,19.540905121441767,19.540905121441767,19.212900311566074,19.35230255126953,107200,0.0,0.0,0.0
2011-12-13 00:00:00-05:00,19.458899738235374,19.475300366547625,19.073494357197482,19.139095306396484,219800,0.0,0.0,0.0
2011-12-14 00:00:00-05:00,19.073499540476156,19.073499540476156,18.89309727216656,18.934097290039062,222400,0.0,0.0,0.0
2011-12-15 00:00:00-05:00,19.130898769978582,19.139099085754008,19.016097477223262,19.114498138427734,99300,0.0,0.0,0.0
2011-12-16 00:00:00-05:00,19.27849689230223,19.286697206191803,19.057093109433584,19.147294998168945,66200,0.0,0.0,0.0
2011-12-19 00:00:00-05:00,19.13089164305426,19.245692893042115,18.99148945490484,19.016090393066406,81200,0.0,0.0,0.0
2011-12-20 00:00:00-05:00,19.237488691295102,19.393291473388672,19.21288932215624,19.393291473388672,70800,0.0,0.0,0.0
2011-12-21 00:00:00-05:00,19.404841690553162,19.627410888671875,19.371867544287376,19.627410888671875,101500,0.124,0.0,0.0
2011-12-22 00:00:00-05:00,19.67687234451524,19.67687234451524,19.40484192372903,19.47903060913086,232100,0.0,0.0,0.0
2011-12-23 00:00:00-05:00,19.528487978630093,19.602678221697445,19.479026768389495,19.57794761657715,80300,0.0,0.0,0.0
2011-12-27 00:00:00-05:00,19.569705927758395,19.701599356255837,19.569705927758395,19.66862678527832,107700,0.0,0.0,0.0
2011-12-28 00:00:00-05:00,19.652140123230136,19.652140123230136,19.429569368391785,19.470787048339844,78600,0.0,0.0,0.0
2011-12-29 00:00:00-05:00,19.536731616284182,19.62740735761446,19.51200101103399,19.61092185974121,75300,0.0,0.0,0.0
2011-12-30 00:00:00-05:00,19.60267638183655,19.60267638183655,19.495512008666992,19.495512008666992,92500,0.0,0.0,0.0
2012-01-03 00:00:00-05:00,19.718082716979094,19.78402941881675,19.495512008666992,19.495512008666992,1038300,0.0,0.0,0.0
2012-01-04 00:00:00-05:00,19.42957096143169,19.495517682461866,19.421327424766186,19.47903060913086,352000,0.0,0.0,0.0
2012-01-05 00:00:00-05:00,19.429573151866666,19.48727634273663,19.281192619747305,19.462547302246094,139000,0.0,0.0,0.0
2012-01-06 00:00:00-05:00,19.47079092014579,19.47079092014579,19.347139428006987,19.371870040893555,278900,0.0,0.0,0.0
2012-01-09 00:00:00-05:00,19.363624240401514,19.495517682461866,19.363624240401514,19.47903060913086,106000,0.0,0.0,0.0
2012-01-10 00:00:00-05:00,19.62740527295868,19.685108440120175,19.594432708420705,19.66037940979004,541500,0.0,0.0,0.0
2012-01-11 00:00:00-05:00,19.52025066682454,19.52025066682454,19.404844284057617,19.404844284057617,358300,0.0,0.0,0.0
2012-01-12 00:00:00-05:00,19.429573128699996,19.503763394671218,19.38011347548386,19.454303741455078,154400,0.0,0.0,0.0
2012-01-13 00:00:00-05:00,19.322402575436,19.429565376697518,19.297671972547928,19.41307830810547,124900,0.0,0.0,0.0
2012-01-17 00:00:00-05:00,19.59444075917574,19.602684296770597,19.42132961427181,19.462547302246094,175900,0.0,0.0,0.0
2012-01-18 00:00:00-05:00,19.446054149324652,19.57794756503191,19.396594511507814,19.561460494995117,125300,0.0,0.0,0.0
2012-01-19 00:00:00-05:00,19.61917123295382,19.68511796623641,19.520251919177003,19.652145385742188,765200,0.0,0.0,0.0
2012-01-20 00:00:00-05:00,19.709841136154882,19.709841136154882,19.470784907910552,19.61092185974121,245300,0.0,0.0,0.0
2012-01-23 00:00:00-05:00,19.619163385259274,19.701597161962418,19.56146021325513,19.685110092163086,122200,0.0,0.0,0.0
2012-01-24 00:00:00-05:00,19.60267806715871,19.66038123969096,19.54497332233293,19.635650634765625,162800,0.0,0.0,0.0
2012-01-25 00:00:00-05:00,19.577952729938374,19.85822670532943,19.512006004687183,19.83349609375,111900,0.0,0.0,0.0
2012-01-26 00:00:00-05:00,19.907683034819797,19.907683034819797,19.610923606847404,19.66862678527832,511600,0.0,0.0,0.0
2012-01-27 00:00:00-05:00,19.619165420532227,19.660383099306436,19.56146224254201,19.619165420532227,133100,0.0,0.0,0.0
2012-01-30 00:00:00-05:00,19.544977330161036,19.544977330161036,19.396598387063527,19.47903060913086,140600,0.0,0.0,0.0
2012-01-31 00:00:00-05:00,19.50375561306834,19.52024268166039,19.330646109732026,19.41307830810547,178600,0.0,0.0,0.0
2012-02-01 00:00:00-05:00,19.544971545760095,19.635648849950528,19.52024251537608,19.5697021484375,639300,0.0,0.0,0.0
2012-02-02 00:00:00-05:00,19.55321685730804,19.66038123969096,19.55321685730804,19.635650634765625,223900,0.0,0.0,0.0
2012-02-03 00:00:00-05:00,19.76754379272461,19.841734034242318,19.74281476041438,19.76754379272461,251600,0.0,0.0,0.0
2012-02-06 00:00:00-05:00,19.676866356122744,19.759298553102933,19.676866356122744,19.72632598876953,317900,0.0,0.0,0.0
2012-02-07 00:00:00-05:00,19.718090057373047,19.784036783760488,19.676873942991136,19.718090057373047,189800,0.0,0.0,0.0
2012-02-08 00:00:00-05:00,19.775798839855856,19.83350204522902,19.693365015482293,19.792285919189453,103700,0.0,0.0,0.0
2012-02-09 00:00:00-05:00,19.78403428724907,19.99011797774125,19.78403428724907,19.973630905151367,115400,0.0,0.0,0.0
2012-02-10 00:00:00-05:00,19.833486694529526,19.882947894248392,19.80051413367682,19.874704360961914,92500,0.0,0.0,0.0
2012-02-13 00:00:00-05:00,19.932416652024227,20.056066563374728,19.91592957789911,19.95714569091797,294200,0.0,0.0,0.0
2012-02-14 00:00:00-05:00,19.91593137631201,20.056068374442027,19.91593137631201,20.039581298828125,118700,0.0,0.0,0.0
2012-02-15 00:00:00-05:00,20.089038865614206,20.12201143854061,19.96538739333229,19.981874465942383,96500,0.0,0.0,0.0
2012-02-16 00:00:00-05:00,19.981872113471262,20.171468709284728,19.981872113471262,20.163225173950195,54700,0.0,0.0,0.0
2012-02-17 00:00:00-05:00,20.21268630559827,20.262145945115236,20.196199234994754,20.24565887451172,81600,0.0,0.0,0.0
2012-02-21 00:00:00-05:00,20.33633632269632,20.33633632269632,20.13849619104917,20.179712295532227,65100,0.0,0.0,0.0
2012-02-22 00:00:00-05:00,20.130252731720695,20.237415547157525,20.130252731720695,20.204442977905273,73600,0.0,0.0,0.0
2012-02-23 00:00:00-05:00,20.163219703881158,20.163219703881158,20.04781338509341,20.138490676879883,80500,0.0,0.0,0.0
2012-02-24 00:00:00-05:00,20.146743653817516,20.23741941581532,20.146743653817516,20.22093391418457,47000,0.0,0.0,0.0
2012-02-27 00:00:00-05:00,20.09727838366723,20.278633015718757,20.080792885357305,20.24565887451172,115400,0.0,0.0,0.0
2012-02-28 00:00:00-05:00,20.220930048678206,20.262146153316923,20.17971237174588,20.204442977905273,64300,0.0,0.0,0.0
2012-02-29 00:00:00-05:00,20.253904293205974,20.369310653574956,20.204444649089798,20.237417221069336,5864700,0.0,0.0,0.0
2012-03-01 00:00:00-05:00,20.3280964137356,20.377556062397254,20.23741908094434,20.336339950561523,1907600,0.0,0.0,0.0
2012-03-02 00:00:00-05:00,20.369308522849707,20.451742302616193,20.31984888390724,20.38579559326172,1050700,0.0,0.0,0.0
2012-03-05 00:00:00-05:00,20.394041297623424,20.410528369789038,20.295122009217224,20.361068725585938,518100,0.0,0.0,0.0
2012-03-06 00:00:00-05:00,20.25389912926808,20.27862973116772,19.981868797545424,19.998355865478516,395000,0.0,0.0,0.0
2012-03-07 00:00:00-05:00,20.006604846904118,20.15498535411676,19.94890166572004,20.1302547454834,455700,0.0,0.0,0.0
2012-03-08 00:00:00-05:00,20.286880493164062,20.30336599467745,20.196203159517893,20.286880493164062,376400,0.0,0.0,0.0
2012-03-09 00:00:00-05:00,20.328096294848795,20.451746201926714,20.26214957292098,20.41053009033203,171300,0.0,0.0,0.0
2012-03-12 00:00:00-04:00,20.451750046836096,20.459993585163584,20.369316235855383,20.418777465820312,80100,0.0,0.0,0.0
2012-03-13 00:00:00-04:00,20.484716207534106,20.63309669494629,20.443498531978747,20.63309669494629,183700,0.0,0.0,0.0
2012-03-14 00:00:00-04:00,20.65782583419691,20.65782583419691,20.410526068767496,20.45174217224121,234300,0.0,0.0,0.0
2012-03-15 00:00:00-04:00,20.468232942497615,20.525936126708984,20.402286221642647,20.525936126708984,136000,0.0,0.0,0.0
2012-03-16 00:00:00-04:00,20.5176907083762,20.600124494958326,20.509447172488617,20.534177780151367,126200,0.0,0.0,0.0
2012-03-19 00:00:00-04:00,20.52593617496505,20.550666784953997,20.468232990618024,20.542423248291016,170200,0.0,0.0,0.0
2012-03-20 00:00:00-04:00,20.443498764966165,20.517689009517778,20.418769731644677,20.49295997619629,143500,0.0,0.0,0.0
2012-03-21 00:00:00-04:00,20.542421241208537,20.542421241208537,20.418771347932626,20.50944709777832,126000,0.0,0.0,0.0
2012-03-22 00:00:00-04:00,20.459985835376205,20.501203511401307,20.361066557503104,20.49295997619629,120200,0.0,0.0,0.0
2012-03-23 00:00:00-04:00,20.49296554993869,20.55891227722168,20.40228821031432,20.55891227722168,100400,0.0,0.0,0.0
2012-03-26 00:00:00-04:00,20.633094383521417,20.715526580810547,20.62485084933383,20.715526580810547,165000,0.0,0.0,0.0
2012-03-27 00:00:00-04:00,20.83917996605298,20.83917996605298,20.715528513993316,20.723772048950195,136500,0.0,0.0,0.0
2012-03-28 00:00:00-04:00,20.707286912869797,20.707286912869797,20.53417582033994,20.624853134155273,112900,0.0,0.0,0.0
2012-03-29 00:00:00-04:00,20.54242115569411,20.608367869986317,20.42701479875617,20.591880798339844,123900,0.0,0.0,0.0
2012-03-30 00:00:00-04:00,20.764987908847036,20.764987908847036,20.61660743717891,20.649580001831055,87200,0.0,0.0,0.0
2012-04-02 00:00:00-04:00,20.591880520466507,20.888641516923705,20.591880520466507,20.8309383392334,652700,0.0,0.0,0.0
2012-04-03 00:00:00-04:00,20.79796242052151,20.863909128292857,20.591878762199354,20.657825469970703,200300,0.0,0.0,0.0
2012-04-04 00:00:00-04:00,20.52593617496505,20.62485704262699,20.52593617496505,20.542423248291016,101200,0.0,0.0,0.0
2012-04-05 00:00:00-04:00,20.44350830934876,20.45175184840241,20.28688578421233,20.377561569213867,87100,0.0,0.0,0.0
2012-04-09 00:00:00-04:00,20.196201299816437,20.204444835961002,20.09728043837543,20.187957763671875,66600,0.0,0.0,0.0
2012-04-10 00:00:00-04:00,20.23741407043453,20.270388209574268,19.990114316060456,20.023088455200195,256600,0.0,0.0,0.0
2012-04-11 00:00:00-04:00,20.13850194747246,20.22917929000687,20.122014872049103,20.196205139160156,122300,0.0,0.0,0.0
2012-04-12 00:00:00-04:00,20.253906345549492,20.319853068484733,20.163229011903326,20.286880493164062,198200,0.0,0.0,0.0
2012-04-13 00:00:00-04:00,20.30336599467745,20.410530402130902,20.27039341935678,20.286880493164062,114500,0.0,0.0,0.0
2012-04-16 00:00:00-04:00,20.36106286814155,20.36106286814155,20.220925939635723,20.31984519958496,741400,0.0,0.0,0.0
2012-04-17 00:00:00-04:00,20.44350233256681,20.55891027328339,20.31985242750047,20.525936126708984,163200,0.0,0.0,0.0
2012-04-18 00:00:00-04:00,20.45998194548823,20.501199613676956,20.361062686421835,20.468225479125977,129300,0.0,0.0,0.0
2012-04-19 00:00:00-04:00,20.476473036469002,20.53417621097884,20.336336081676432,20.427013397216797,61500,0.0,0.0,0.0
2012-04-20 00:00:00-04:00,20.47647647914122,20.608369920851157,20.427016831573454,20.525936126708984,388400,0.0,0.0,0.0
2012-04-23 00:00:00-04:00,20.377550454192566,20.377550454192566,20.18795387625779,20.270387649536133,80700,0.0,0.0,0.0
2012-04-24 00:00:00-04:00,20.344575800718914,20.41052249811617,20.24565496847639,20.31984519958496,110600,0.0,0.0,0.0
2012-04-25 00:00:00-04:00,20.394042826417227,20.484720157831788,20.394042826417227,20.459989547729492,114100,0.0,0.0,0.0
2012-04-26 00:00:00-04:00,20.43525470627917,20.699041516612386,20.402280568840812,20.641338348388672,96300,0.0,0.0,0.0
2012-04-27 00:00:00-04:00,20.748503016080285,20.748503016080285,20.608366063953657,20.624853134155273,85600,0.0,0.0,0.0
2012-04-30 00:00:00-04:00,20.567150246416197,20.896883793560672,20.435256827558412,20.501203536987305,130000,0.0,0.0,0.0
2012-05-01 00:00:00-04:00,20.443498767410187,20.674313036297637,20.369308522849707,20.38579559326172,179400,0.0,0.0,0.0
2012-05-02 00:00:00-04:00,20.459989785942106,20.459989785942106,20.27863669329538,20.311609268188477,113000,0.0,0.0,0.0
2012-05-03 00:00:00-04:00,20.328092864115035,20.418770181072542,20.15498333788009,20.204442977905273,115000,0.0,0.0,0.0
2012-05-04 00:00:00-04:00,20.171470944051663,20.19620155279513,20.006604935976537,20.047821044921875,87700,0.0,0.0,0.0
2012-05-07 00:00:00-04:00,19.94890552753981,20.12201510460356,19.91593137631201,20.039581298828125,494000,0.0,0.0,0.0
2012-05-08 00:00:00-04:00,19.97362719456415,20.039573900378688,19.858220852462075,20.006601333618164,157300,0.0,0.0,0.0
2012-05-09 00:00:00-04:00,19.87470804840467,20.080791701922614,19.78403073772285,19.940654754638672,129000,0.0,0.0,0.0
2012-05-10 00:00:00-04:00,20.13025304681218,20.23741586392639,20.08903694152832,20.08903694152832,135500,0.0,0.0,0.0
2012-05-11 00:00:00-04:00,20.056057173434024,20.179707026893546,19.990110480102732,20.014841079711914,103000,0.0,0.0,0.0
2012-05-14 00:00:00-04:00,19.899437182006512,19.932411321438366,19.74281473658573,19.866464614868164,550800,0.0,0.0,0.0
2012-05-15 00:00:00-04:00,19.833490499374406,19.90768074089211,19.68511001633899,19.76754379272461,210000,0.0,0.0,0.0
2012-05-16 00:00:00-04:00,19.79227632371963,19.932413285526724,19.79227632371963,19.882953643798828,239700,0.0,0.0,0.0
2012-05-17 00:00:00-04:00,19.90768105179826,19.90768105179826,19.52848787571331,19.544973373413086,585700,0.0,0.0,0.0
2012-05-18 00:00:00-04:00,19.619166156177986,19.619166156177986,19.28943257508891,19.305919647216797,182600,0.0,0.0,0.0
2012-05-21 00:00:00-04:00,19.371864085576213,19.512001037597656,19.281186771828942,19.512001037597656,179900,0.0,0.0,0.0
2012-05-22 00:00:00-04:00,19.520248292458376,19.635654661187722,19.42957096143169,19.47903060913086,112300,0.0,0.0,0.0
2012-05-23 00:00:00-04:00,19.4295692195202,19.479028862785185,19.21524200231366,19.42132568359375,160000,0.0,0.0,0.0
2012-05-24 00:00:00-04:00,19.421323646449167,19.59443473815918,19.396594613557415,19.59443473815918,76500,0.0,0.0,0.0
2012-05-25 00:00:00-04:00,19.55321670406257,19.71808425768561,19.544973169152065,19.6933536529541,139600,0.0,0.0,0.0
2012-05-29 00:00:00-04:00,19.792270600390342,19.874704360961914,19.74281097296468,19.874704360961914,98500,0.0,0.0,0.0
2012-05-30 00:00:00-04:00,19.709839042743692,19.75105514148951,19.61916173875084,19.66037940979004,117300,0.0,0.0,0.0
2012-05-31 00:00:00-04:00,19.668624826069387,19.67686836106604,19.479026665733375,19.544973373413086,207900,0.0,0.0,0.0
2012-06-01 00:00:00-04:00,19.174026578606163,19.347136122352513,19.066862180035194,19.09159278869629,154100,0.0,0.0,0.0
2012-06-04 00:00:00-04:00,19.108076147926237,19.149292248724898,18.91847956858285,19.124563217163086,1674100,0.0,0.0,0.0
2012-06-05 00:00:00-04:00,19.04211967393276,19.272932235659088,19.04211967393276,19.23171615600586,505700,0.0,0.0,0.0
2012-06-06 00:00:00-04:00,19.338890021506263,19.536731719970703,19.322404523545526,19.536731719970703,305800,0.0,0.0,0.0
2012-06-07 00:00:00-04:00,19.726333947382685,19.784037137466587,19.46254703711684,19.487276077270508,75000,0.0,0.0,0.0
2012-06-08 00:00:00-04:00,19.48727020073003,19.577947513399707,19.363620320367268,19.544973373413086,116400,0.0,0.0,0.0
2012-06-11 00:00:00-04:00,19.627407779087093,19.75930119866659,19.31416130065918,19.31416130065918,471200,0.0,0.0,0.0
2012-06-12 00:00:00-04:00,19.371869937898833,19.462547279040106,19.27294905917253,19.454303741455078,226200,0.0,0.0,0.0
2012-06-13 00:00:00-04:00,19.388353248551983,19.536733751684295,19.314162996985825,19.355379104614258,72100,0.0,0.0,0.0
2012-06-14 00:00:00-04:00,19.371862043898425,19.619161781498924,19.371862043898425,19.5697021484375,111800,0.0,0.0,0.0
2012-06-15 00:00:00-04:00,19.58619302425213,19.701599381260436,19.58619302425213,19.676870346069336,73700,0.0,0.0,0.0
2012-06-18 00:00:00-04:00,19.610921195181845,19.825246810913086,19.610921195181845,19.825246810913086,77200,0.0,0.0,0.0
2012-06-19 00:00:00-04:00,19.85822670532943,19.924173430580623,19.74282032921333,19.83349609375,158700,0.0,0.0,0.0
2012-06-20 00:00:00-04:00,19.833494259482155,19.882955478066673,19.726331430469976,19.858224868774414,81700,0.0,0.0,0.0
2012-06-21 00:00:00-04:00,19.8499393425921,19.874802554718432,19.543279886160846,19.559856414794922,177400,0.13,0.0,0.0
2012-06-22 00:00:00-04:00,19.651019301682535,19.684172350753194,19.593003046633267,19.642732620239258,269900,0.0,0.0,0.0
2012-06-25 00:00:00-04:00,19.47697179425539,19.6261573630582,19.443818743043884,19.57642936706543,67000,0.0,0.0,0.0
2012-06-26 00:00:00-04:00,19.60129106677563,19.67588384543882,19.501835082440962,19.626155853271484,519500,0.0,0.0,0.0
2012-06-27 00:00:00-04:00,19.692460613020856,19.750476868070123,19.6095795711686,19.642732620239258,116400,0.0,0.0,0.0
2012-06-28 00:00:00-04:00,19.559849839693246,19.68417060100845,19.435529078378043,19.67588233947754,58700,0.0,0.0,0.0
2012-06-29 00:00:00-04:00,19.84163981461566,20.256043310271156,19.84163981461566,20.24775505065918,89700,0.0,0.0,0.0
2012-07-02 00:00:00-04:00,20.3555157478813,20.521277912707394,20.156602098585086,20.48812484741211,498700,0.0,0.0,0.0
2012-07-03 00:00:00-04:00,20.496406354019296,20.595863936278864,20.454966616892182,20.570999145507812,84400,0.0,0.0,0.0
2012-07-05 00:00:00-04:00,20.579286135127255,20.579286135127255,20.3803725637466,20.43838882446289,167500,0.0,0.0,0.0
2012-07-06 00:00:00-04:00,20.355510799844208,20.355510799844208,20.28091800188707,20.33893585205078,52500,0.0,0.0,0.0
2012-07-09 00:00:00-04:00,20.33064415768933,20.33064415768933,19.982545019559943,19.990833282470703,900400,0.0,0.0,0.0
2012-07-10 00:00:00-04:00,20.048850577439616,20.09857857664786,19.841648736443247,19.9079532623291,102400,0.0,0.0,0.0
2012-07-11 00:00:00-04:00,19.89966171837181,19.89966171837181,19.675883387589476,19.791915893554688,129400,0.0,0.0,0.0
2012-07-12 00:00:00-04:00,19.684173621853855,19.684173621853855,19.45210700584676,19.57642936706543,86700,0.0,0.0,0.0
2012-07-13 00:00:00-04:00,19.609580799726473,19.684173583984375,19.55985280382937,19.684173583984375,107500,0.0,0.0,0.0
2012-07-16 00:00:00-04:00,19.64273686642252,19.64273686642252,19.29463768005371,19.29463768005371,221300,0.0,0.0,0.0
2012-07-17 00:00:00-04:00,19.40236786853462,19.44380757792881,19.22831919209072,19.336063385009766,122300,0.0,0.0,0.0
2012-07-18 00:00:00-04:00,19.32778696165075,19.42724453824914,19.32778696165075,19.38580322265625,115900,0.0,0.0,0.0
2012-07-19 00:00:00-04:00,19.443823133831835,19.443823133831835,19.211758046244487,19.261486053466797,145700,0.0,0.0,0.0
2012-07-20 00:00:00-04:00,19.16202820958713,19.16202820958713,18.921673299447548,18.95482635498047,173800,0.0,0.0,0.0
2012-07-23 00:00:00-04:00,18.7973467656307,18.89680274022469,17.753049547448526,18.863651275634766,357900,0.0,0.0,0.0
2012-07-24 00:00:00-04:00,18.863647378869036,18.880223898151804,18.70617360733051,18.772478103637695,167000,0.0,0.0,0.0
2012-07-25 00:00:00-04:00,18.830501641663012,18.8885194816486,18.772485382501923,18.813926696777344,220200,0.0,0.0,0.0
2012-07-26 00:00:00-04:00,19.137156188167214,19.278053459303564,19.05427516147099,19.203460693359375,67300,0.0,0.0,0.0
2012-07-27 00:00:00-04:00,19.27805581390295,19.493545877303198,19.2697675521386,19.452104568481445,42900,0.0,0.0,0.0
2012-07-30 00:00:00-04:00,19.43552837101108,19.534984344113788,19.418951848552567,19.518407821655273,239200,0.0,0.0,0.0
2012-07-31 00:00:00-04:00,19.50183413906755,19.559850390593716,19.452104568481445,19.452104568481445,58000,0.0,0.0,0.0
2012-08-01 00:00:00-04:00,19.56813883889812,19.56813883889812,19.36922529713036,19.377511978149414,290800,0.0,0.0,0.0
2012-08-02 00:00:00-04:00,19.352657100585215,19.57643552417137,19.352657100585215,19.427249908447266,137300,0.0,0.0,0.0
2012-08-03 00:00:00-04:00,19.55985232328137,19.71732615071527,19.55985232328137,19.651020050048828,48100,0.0,0.0,0.0
2012-08-06 00:00:00-04:00,19.70904354520892,19.70904354520892,19.510129928588867,19.510129928588867,55600,0.0,0.0,0.0
2012-08-07 00:00:00-04:00,19.55156492922329,19.601292926107703,19.435532409551485,19.534988403320312,91300,0.0,0.0,0.0
2012-08-08 00:00:00-04:00,19.534991513403718,20.09029257296445,19.534991513403718,20.065427780151367,53800,0.0,0.0,0.0
2012-08-09 00:00:00-04:00,20.023980622272166,20.023980622272166,19.833355357124862,19.88308334350586,47900,0.0,0.0,0.0
2012-08-10 00:00:00-04:00,19.73390221839662,19.750478744506836,19.659309431725173,19.750478744506836,57700,0.0,0.0,0.0
2012-08-13 00:00:00-04:00,19.717328938202293,19.791920150348286,19.642736145231627,19.733903884887695,128200,0.0,0.0,0.0
2012-08-14 00:00:00-04:00,19.791916164901377,19.80849268907348,19.675883657345363,19.700748443603516,86900,0.0,0.0,0.0
2012-08-15 00:00:00-04:00,19.725610549571797,19.8250681082365,19.709035607147904,19.800203323364258,142200,0.0,0.0,0.0
2012-08-16 00:00:00-04:00,19.70903905427644,19.87479957327692,19.70903905427644,19.84164810180664,95800,0.0,0.0,0.0
2012-08-17 00:00:00-04:00,19.883088472312682,19.932816471520926,19.849936999782052,19.9079532623291,76300,0.0,0.0,0.0
2012-08-20 00:00:00-04:00,19.849939346313477,19.87480255844447,19.758770019633758,19.849939346313477,74000,0.0,0.0,0.0
2012-08-21 00:00:00-04:00,19.88309052772019,20.015699593200313,19.833362523371328,19.94110679626465,50300,0.0,0.0,0.0
2012-08-22 00:00:00-04:00,19.891377808130258,19.990835392733768,19.874801280558895,19.916242599487305,115000,0.0,0.0,0.0
2012-08-23 00:00:00-04:00,19.89137737747084,19.89137737747084,19.758768321420337,19.775344848632812,91800,0.0,0.0,0.0
2012-08-24 00:00:00-04:00,19.742182113519124,19.99911183602697,19.73389385397708,19.957672119140625,42200,0.0,0.0,0.0
2012-08-27 00:00:00-04:00,19.974258865162405,19.982547128948084,19.88308954434458,19.916242599487305,68100,0.0,0.0,0.0
2012-08-28 00:00:00-04:00,19.86650605907809,20.023979854205848,19.86650605907809,19.982540130615234,61100,0.0,0.0,0.0
2012-08-29 00:00:00-04:00,20.04056354758792,20.057140075285808,19.94939422607422,19.94939422607422,45600,0.0,0.0,0.0
2012-08-30 00:00:00-04:00,19.866511904133656,19.866511904133656,19.73390285263897,19.816783905029297,60900,0.0,0.0,0.0
2012-08-31 00:00:00-04:00,19.907955320306993,20.00741132900471,19.808497730784524,19.94110679626465,171100,0.0,0.0,0.0
2012-09-04 00:00:00-04:00,19.91624376574717,20.09858083723548,19.90795550147614,20.065427780151367,60700,0.0,0.0,0.0
2012-09-05 00:00:00-04:00,20.040564178926832,20.07371565454229,19.98254791098122,20.01569938659668,83700,0.0,0.0,0.0
2012-09-06 00:00:00-04:00,20.040559946708086,20.280913231842135,20.040559946708086,20.272624969482422,75500,0.0,0.0,0.0
2012-09-07 00:00:00-04:00,20.380374429856392,20.4052392213649,20.264341897799405,20.34722137451172,497900,0.0,0.0,0.0
2012-09-10 00:00:00-04:00,20.413523880065707,20.52126971842658,20.297491359515103,20.405237197875977,294500,0.0,0.0,0.0
2012-09-11 00:00:00-04:00,20.421812298308367,20.49640508517918,20.405237352978386,20.43838882446289,73400,0.0,0.0,0.0
2012-09-12 00:00:00-04:00,20.496403310721455,20.504691573081168,20.239473500867977,20.272624969482422,127000,0.0,0.0,0.0
2012-09-13 00:00:00-04:00,20.30578253252295,20.57928892789129,20.29749426832091,20.521272659301758,89900,0.0,0.0,0.0
2012-09-14 00:00:00-04:00,20.571001472041974,20.58757800109744,20.380376130378526,20.421815872192383,122700,0.0,0.0,0.0
2012-09-17 00:00:00-04:00,20.430103151101818,20.44667967935758,20.363798618903516,20.39695167541504,68000,0.0,0.0,0.0
2012-09-18 00:00:00-04:00,20.305776411891742,20.40523397151267,20.297488150187974,20.380369186401367,91600,0.0,0.0,0.0
2012-09-19 00:00:00-04:00,20.396946997914434,20.595860548893775,20.388658735687248,20.51297950744629,123900,0.0,0.0,0.0
2012-09-20 00:00:00-04:00,20.46324871698318,20.52955322491053,20.39694420905583,20.430095672607422,35200,0.0,0.0,0.0
2012-09-21 00:00:00-04:00,20.504684775334898,20.504684775334898,20.24775505065918,20.24775505065918,46700,0.0,0.0,0.0
2012-09-24 00:00:00-04:00,20.14830280841626,20.247760369060224,20.10686308029545,20.19803237915039,22800,0.0,0.0,0.0
2012-09-25 00:00:00-04:00,20.256046416456016,20.29748614004663,19.982540130615234,19.982540130615234,88200,0.0,0.0,0.0
2012-09-26 00:00:00-04:00,19.990835936442522,20.098580206937456,19.916243141167293,19.999122619628906,36600,0.0,0.0,0.0
2012-09-27 00:00:00-04:00,19.974261128413268,20.21461448213339,19.974261128413268,20.164886474609375,119600,0.0,0.0,0.0
2012-09-28 00:00:00-04:00,20.123443517157792,20.156594989936345,19.982546200993575,20.140018463134766,46300,0.0,0.0,0.0
2012-10-01 00:00:00-04:00,20.17316370394197,20.272619664584276,20.13172398381167,20.214603424072266,91000,0.0,0.0,0.0
2012-10-02 00:00:00-04:00,20.3140595467311,20.3140595467311,20.164874035363304,20.24775505065918,40900,0.0,0.0,0.0
2012-10-03 00:00:00-04:00,20.305779774028395,20.322356300180594,20.164882463383787,20.23947525024414,75800,0.0,0.0,0.0
2012-10-04 00:00:00-04:00,20.280916844647056,20.34722137451172,20.231188842454728,20.34722137451172,56000,0.0,0.0,0.0
2012-10-05 00:00:00-04:00,20.36379392570939,20.463251491497473,20.26433794074569,20.31406593322754,73200,0.0,0.0,0.0
2012-10-08 00:00:00-04:00,20.239474224649122,20.33893179569796,20.239474224649122,20.322355270385742,25300,0.0,0.0,0.0
2012-10-09 00:00:00-04:00,20.29748746047434,20.372080232449285,20.115150451660156,20.115150451660156,66600,0.0,0.0,0.0
2012-10-10 00:00:00-04:00,20.11515190083284,20.198032940200985,19.965966346135048,19.974254608154297,70600,0.0,0.0,0.0
2012-10-11 00:00:00-04:00,20.08200328600795,20.08200328600795,19.94939422607422,19.94939422607422,56200,0.0,0.0,0.0
2012-10-12 00:00:00-04:00,19.965964374690305,19.999115838669574,19.808490573522274,19.88308334350586,42700,0.0,0.0,0.0
2012-10-15 00:00:00-04:00,19.96596908569336,19.99083387516284,19.866511508640006,19.96596908569336,43100,0.0,0.0,0.0
2012-10-16 00:00:00-04:00,20.015696257895318,20.17317008972168,20.015696257895318,20.17317008972168,62300,0.0,0.0,0.0
2012-10-17 00:00:00-04:00,20.181466897556547,20.504701380059753,20.181466897556547,20.48812484741211,53400,0.0,0.0,0.0
2012-10-18 00:00:00-04:00,20.405238616174717,20.604152199869215,20.405238616174717,20.570999145507812,30000,0.0,0.0,0.0
2012-10-19 00:00:00-04:00,20.521269271570766,20.521269271570766,20.206321607185007,20.264339447021484,42500,0.0,0.0,0.0
2012-10-22 00:00:00-04:00,20.239474658520137,20.32235570603347,20.106865614828607,20.264339447021484,29000,0.0,0.0,0.0
2012-10-23 00:00:00-04:00,20.09857602385495,20.09857602385495,19.891374209176035,20.040559768676758,64200,0.0,0.0,0.0
2012-10-24 00:00:00-04:00,20.04885264998272,20.090292390135975,19.907955320306993,19.94110679626465,55800,0.0,0.0,0.0
2012-10-25 00:00:00-04:00,20.081995247938835,20.206315994262695,20.057132047168498,20.206315994262695,39700,0.0,0.0,0.0
2012-10-26 00:00:00-04:00,20.17316753514573,20.18145579691066,19.990830518790155,20.106863021850586,35400,0.0,0.0,0.0
2012-10-31 00:00:00-04:00,20.14001703846371,20.446676439301946,20.090289042401253,20.17317008972168,1365300,0.0,0.0,0.0
2012-11-01 00:00:00-04:00,20.17317328643649,20.4383914152297,20.17317328643649,20.39695167541504,59400,0.0,0.0,0.0
2012-11-02 00:00:00-04:00,20.446680126419547,20.504696395758483,20.33064758774168,20.33893585205078,463700,0.0,0.0,0.0
2012-11-05 00:00:00-05:00,20.305779180365903,20.305779180365903,20.156593611006805,20.264339447021484,115600,0.0,0.0,0.0
2012-11-06 00:00:00-05:00,20.314063178940604,20.479823658346895,20.314063178940604,20.430095672607422,67300,0.0,0.0,0.0
2012-11-07 00:00:00-05:00,20.239474806948245,20.26433959563194,19.99911992547937,20.09857749938965,105100,0.0,0.0,0.0
2012-11-08 00:00:00-05:00,20.140024947272366,20.173178011549247,19.89967155456543,19.89967155456543,110000,0.0,0.0,0.0
2012-11-09 00:00:00-05:00,19.84164285725337,20.098572621328255,19.84164285725337,19.982540130615234,55800,0.0,0.0,0.0
2012-11-12 00:00:00-05:00,20.131729316296365,20.131729316296365,19.95767896783395,20.05713653564453,161700,0.0,0.0,0.0
2012-11-13 00:00:00-05:00,20.015692002065517,20.131726075972203,19.98254053868086,20.032268524169922,172700,0.0,0.0,0.0
2012-11-14 00:00:00-05:00,19.99083153948148,20.06542273752574,19.709036948383176,19.71732521057129,136700,0.0,0.0,0.0
2012-11-15 00:00:00-05:00,19.825067885385483,19.825067885385483,19.601289566523565,19.67588233947754,248700,0.0,0.0,0.0
2012-11-16 00:00:00-05:00,19.80020314059238,19.89966069833901,19.667594117479712,19.87479591369629,102400,0.0,0.0,0.0
2012-11-19 00:00:00-05:00,20.115155761099,20.463254928588867,20.048851233044964,20.463254928588867,645700,0.0,0.0,0.0
2012-11-20 00:00:00-05:00,20.537839982222984,20.537839982222984,20.421805916228017,20.479822158813477,199600,0.0,0.0,0.0
2012-11-21 00:00:00-05:00,20.479829040846113,20.51298209393514,20.38866130650045,20.471542358398438,54300,0.0,0.0,0.0
2012-11-23 00:00:00-05:00,20.537842827019926,20.761619567871094,20.537842827019926,20.761619567871094,45400,0.0,0.0,0.0
2012-11-26 00:00:00-05:00,20.670456766413462,20.67874503001931,20.570999183967945,20.662168502807617,158100,0.0,0.0,0.0
2012-11-27 00:00:00-05:00,20.720182455108095,20.74504724315103,20.60414993922332,20.612438201904297,58600,0.0,0.0,0.0
2012-11-28 00:00:00-05:00,20.612435877170387,20.977109909057617,20.612435877170387,20.977109909057617,147900,0.0,0.0,0.0
2012-11-29 00:00:00-05:00,21.142874198153198,21.142874198153198,20.943960637870596,21.084857940673828,672600,0.0,0.0,0.0
2012-11-30 00:00:00-05:00,21.109717979644184,21.151159286499023,21.010262004841007,21.151159286499023,96000,0.0,0.0,0.0
2012-12-03 00:00:00-05:00,21.26719577622672,21.26719577622672,21.118010205193293,21.184314727783203,1047500,0.0,0.0,0.0
2012-12-04 00:00:00-05:00,21.36665275412528,21.36665275412528,21.059993357691273,21.209178924560547,512700,0.0,0.0,0.0
2012-12-05 00:00:00-05:00,21.242329182520113,21.4826840445013,21.23404250112193,21.36665153503418,117500,0.0,0.0,0.0
2012-12-06 00:00:00-05:00,21.391516167048767,21.49926200230112,21.275483649845764,21.333499908447266,128700,0.0,0.0,0.0
2012-12-07 00:00:00-05:00,21.507542991365053,21.507542991365053,21.258899934673742,21.383220672607422,83700,0.0,0.0,0.0
2012-12-10 00:00:00-05:00,21.383226478654926,21.44953099561105,21.325210223921363,21.36665153503418,996200,0.0,0.0,0.0
2012-12-11 00:00:00-05:00,21.507557515213133,21.56557379337176,21.399811643639957,21.48269271850586,144900,0.0,0.0,0.0
2012-12-12 00:00:00-05:00,21.548989123616757,21.548989123616757,21.44124487356142,21.44953155517578,338800,0.0,0.0,0.0
2012-12-13 00:00:00-05:00,21.424667789767742,21.55727682367999,21.36665153503418,21.36665153503418,65800,0.0,0.0,0.0
2012-12-14 00:00:00-05:00,21.366650805768916,21.44953026351703,21.300346291075833,21.31692123413086,56700,0.0,0.0,0.0
2012-12-17 00:00:00-05:00,21.383228542924357,21.43295812106047,21.325212282590087,21.399805068969727,744900,0.0,0.0,0.0
2012-12-18 00:00:00-05:00,21.325212093772503,21.673311233520508,21.325212093772503,21.673311233520508,227800,0.0,0.0,0.0
2012-12-19 00:00:00-05:00,21.71474782772169,21.71474782772169,21.56556228871461,21.590425491333008,115900,0.0,0.0,0.0
2012-12-20 00:00:00-05:00,21.623582164495012,21.69817494651569,21.540701119935992,21.665021896362305,100000,0.0,0.0,0.0
2012-12-21 00:00:00-05:00,21.313993693854616,21.582729405291477,20.91929067052122,21.448362350463867,136500,0.342,0.0,0.0
2012-12-24 00:00:00-05:00,21.397976007732836,21.406374149865083,21.347588756721166,21.389577865600586,143200,0.0,0.0,0.0
2012-12-26 00:00:00-05:00,21.40636769759732,21.490347491824956,21.17122459411621,21.17122459411621,630200,0.0,0.0,0.0
2012-12-27 00:00:00-05:00,21.196418929282004,21.26360244404275,21.01166466413529,21.179622650146484,248100,0.0,0.0,0.0
2012-12-28 00:00:00-05:00,21.104041931747503,21.13763449150832,20.98647117614746,20.98647117614746,102300,0.0,0.0,0.0
2012-12-31 00:00:00-05:00,20.969670878979063,21.305590005107515,20.86889642256541,21.271997451782227,555400,0.0,0.0,0.0
2013-01-02 00:00:00-05:00,21.70029728399169,21.90184783935547,21.666704723873682,21.90184783935547,278600,0.0,0.0,0.0
2013-01-03 00:00:00-05:00,21.767474252301376,21.918637523782373,21.767474252301376,21.82625961303711,367100,0.0,0.0,0.0
2013-01-04 00:00:00-05:00,21.84305509486131,21.943829537668616,21.83465695766389,21.876646041870117,520200,0.0,0.0,0.0
2013-01-07 00:00:00-05:00,21.868251982447863,21.868251982447863,21.649905195935588,21.71708869934082,407600,0.0,0.0,0.0
2013-01-08 00:00:00-05:00,21.691899324066114,21.691899324066114,21.574328566239767,21.62471580505371,74000,0.0,0.0,0.0
2013-01-09 00:00:00-05:00,21.683499400701645,21.759081053597395,21.64990844484871,21.742284774780273,111600,0.0,0.0,0.0
2013-01-10 00:00:00-05:00,21.809471130371094,21.843063692382962,21.725492928904462,21.809471130371094,194800,0.0,0.0,0.0
2013-01-11 00:00:00-05:00,21.801071844427664,21.893449783325195,21.750684605838757,21.893449783325195,83000,0.0,0.0,0.0
2013-01-14 00:00:00-05:00,21.893435263238143,22.002609409853026,21.876638994254257,21.98581314086914,99000,0.0,0.0,0.0
2013-01-15 00:00:00-05:00,21.994219774419754,22.078199550010474,21.918638136566205,22.061403274536133,70500,0.0,0.0,0.0
2013-01-16 00:00:00-05:00,22.036213604264834,22.162182493873193,22.036213604264834,22.128591537475586,106800,0.0,0.0,0.0
2013-01-17 00:00:00-05:00,22.20416862211595,22.48130076293479,22.20416862211595,22.43931007385254,153100,0.0,0.0,0.0
2013-01-18 00:00:00-05:00,22.447708199372542,22.57367706298828,22.405719112094296,22.57367706298828,162300,0.0,0.0,0.0
2013-01-22 00:00:00-05:00,22.523292266661276,22.68285369873047,22.514894127943826,22.68285369873047,50400,0.0,0.0,0.0
2013-01-23 00:00:00-05:00,22.691252775302022,22.75843628603721,22.657660219043805,22.750038146972656,95500,0.0,0.0,0.0
2013-01-24 00:00:00-05:00,22.783630120863627,22.85921177404514,22.64926309338123,22.80882453918457,84900,0.0,0.0,0.0
2013-01-25 00:00:00-05:00,22.884402982064,22.909597396850586,22.783626924698755,22.909597396850586,108400,0.0,0.0,0.0
2013-01-28 00:00:00-05:00,22.934796161628917,22.934796161628917,22.69965463639062,22.758440017700195,381100,0.0,0.0,0.0
2013-01-29 00:00:00-05:00,22.75004170862275,22.834021510634567,22.699654468128255,22.775236129760742,109900,0.0,0.0,0.0
2013-01-30 00:00:00-05:00,22.79202604951606,22.834016742644604,22.69964972819558,22.70804786682129,108700,0.0,0.0,0.0
2013-01-31 00:00:00-05:00,22.691251920196347,22.80042452035896,22.607272134496775,22.674455642700195,70800,0.0,0.0,0.0
2013-02-01 00:00:00-05:00,22.808829189562818,22.901207140459437,22.792032907257678,22.884410858154297,119900,0.0,0.0,0.0
2013-02-04 00:00:00-05:00,22.783631347558625,22.800427627343584,22.69125501230416,22.716447830200195,189900,0.0,0.0,0.0
2013-02-05 00:00:00-05:00,22.817224453763313,23.0103768705735,22.817224453763313,22.95159149169922,85700,0.0,0.0,0.0
2013-02-06 00:00:00-05:00,22.91799543397662,23.0523624420166,22.89280101930122,23.0523624420166,98200,0.0,0.0,0.0
2013-02-07 00:00:00-05:00,22.892802060801884,23.001974659133232,22.78362786068938,22.976781845092773,70700,0.0,0.0,0.0
2013-02-08 00:00:00-05:00,22.976785186626234,23.03557056364472,22.95998890696913,22.993579864501953,77300,0.0,0.0,0.0
2013-02-11 00:00:00-05:00,22.951586404028017,23.018769908103426,22.892801038184672,22.91799545288086,46000,0.0,0.0,0.0
2013-02-12 00:00:00-05:00,22.926397071418197,22.95159149169922,22.850815412356567,22.95159149169922,43200,0.0,0.0,0.0
2013-02-13 00:00:00-05:00,22.934787668942636,22.943185806274414,22.834013224523144,22.943185806274414,68400,0.0,0.0,0.0
2013-02-14 00:00:00-05:00,23.069157261538493,23.237116823533636,23.010371895374522,23.169933319091797,91800,0.0,0.0,0.0
2013-02-15 00:00:00-05:00,23.23711946007477,23.27910855444719,23.077558018253253,23.127946853637695,58800,0.0,0.0,0.0
2013-02-19 00:00:00-05:00,23.17833813250811,23.37988870387825,23.17833813250811,23.36309242248535,91700,0.0,0.0,0.0
2013-02-20 00:00:00-05:00,23.396680901896282,23.396680901896282,23.127946853637695,23.127946853637695,96500,0.0,0.0,0.0
2013-02-21 00:00:00-05:00,23.17832978429007,23.30429864580308,23.077553734011076,23.279104232788086,94900,0.0,0.0,0.0
2013-02-22 00:00:00-05:00,23.32109719745811,23.421871655792458,23.31269905896672,23.40507698059082,130400,0.0,0.0,0.0
2013-02-25 00:00:00-05:00,23.480659090641133,23.48905722987187,23.119548714406957,23.127946853637695,47800,0.0,0.0,0.0
2013-02-26 00:00:00-05:00,23.11115112040662,23.228721868848123,22.96838595367852,23.203527450561523,129800,0.0,0.0,0.0
2013-02-27 00:00:00-05:00,23.270707025324985,23.51424822219548,23.169932572798672,23.480655670166016,62900,0.0,0.0,0.0
2013-02-28 00:00:00-05:00,23.47225983098008,23.68220848205582,23.47225983098008,23.573034286499023,68100,0.0,0.0,0.0
2013-03-01 00:00:00-05:00,23.497459213096935,23.78298958652746,23.41347940883239,23.77459144592285,807200,0.0,0.0,0.0
2013-03-04 00:00:00-05:00,23.80817731357925,23.88375895598594,23.724197532929477,23.841768264770508,527200,0.0,0.0,0.0
2013-03-05 00:00:00-05:00,23.87536261546693,24.03492405053776,23.87536261546693,23.984535217285156,149200,0.0,0.0,0.0
2013-03-06 00:00:00-05:00,24.043321227036696,24.05171936613547,23.900556065920057,23.950944900512695,161800,0.0,0.0,0.0
2013-03-07 00:00:00-05:00,24.093705174493483,24.22807216925652,24.07690889970287,24.160888671875,191200,0.0,0.0,0.0
2013-03-08 00:00:00-05:00,24.28686590926617,24.387641991001036,24.211284248410387,24.379243850708008,93200,0.0,0.0,0.0
2013-03-11 00:00:00-04:00,24.41283689026618,24.41283689026618,24.27846983769154,24.362449645996094,136000,0.0,0.0,0.0
2013-03-12 00:00:00-04:00,24.370848621680267,24.463224972375617,24.244879705799942,24.438032150268555,55800,0.0,0.0,0.0
2013-03-13 00:00:00-04:00,24.53880115524172,24.68156632179142,24.45482296462063,24.673168182373047,132100,0.0,0.0,0.0
2013-03-14 00:00:00-04:00,24.799135702424927,24.799135702424927,24.656370552969896,24.748746871948242,124800,0.0,0.0,0.0
2013-03-15 00:00:00-04:00,24.773946509626363,24.80753907035892,24.65637575062532,24.79914093017578,74800,0.0,0.0,0.0
2013-03-18 00:00:00-04:00,24.64797043360017,24.82432652075147,24.61437788264888,24.757143020629883,151900,0.0,0.0,0.0
2013-03-19 00:00:00-04:00,24.899909562239735,24.95869492793728,24.731951603358326,24.9419002532959,93800,0.0,0.0,0.0
2013-03-20 00:00:00-04:00,25.101465734030924,25.244230912251467,25.042680355078012,25.21063995361328,160200,0.0,0.0,0.0
2013-03-21 00:00:00-04:00,25.235037252742995,25.235037252742995,24.98268752197575,25.10045051574707,153700,0.049,0.0,0.0
2013-03-22 00:00:00-04:00,25.310731427353335,25.319143295288086,25.167732881262083,25.319143295288086,113600,0.0,0.0,0.0
2013-03-25 00:00:00-04:00,25.47896650460632,25.504200504929255,25.2097915340964,25.30232048034668,219100,0.0,0.0,0.0
2013-03-26 00:00:00-04:00,25.43690832350319,25.478967666625977,25.3107335029346,25.478967666625977,81800,0.0,0.0,0.0
2013-03-27 00:00:00-04:00,25.445323296220295,25.521028518676758,25.319148460259548,25.521028518676758,92000,0.0,0.0,0.0
2013-03-28 00:00:00-04:00,25.537849353379613,25.73972938883559,25.52102561599164,25.7313175201416,128900,0.0,0.0,0.0
2013-04-01 00:00:00-04:00,25.764963043175616,25.764963043175616,25.54626087767993,25.6387882232666,458100,0.0,0.0,0.0
2013-04-02 00:00:00-04:00,25.76496431477469,25.832257662340673,25.647201357634213,25.714494705200195,222000,0.0,0.0,0.0
2013-04-03 00:00:00-04:00,25.756555278160093,25.756555278160093,25.150913516791448,25.209794998168945,155100,0.0,0.0,0.0
2013-04-04 00:00:00-04:00,25.218208644379253,25.378030965378898,25.218208644379253,25.31073760986328,185100,0.0,0.0,0.0
2013-04-05 00:00:00-04:00,25.13409377501744,25.167741257955488,24.99950705206583,25.142505645751953,98500,0.0,0.0,0.0
2013-04-08 00:00:00-04:00,25.15090839991902,25.268672943115234,25.024733593437094,25.268672943115234,156900,0.0,0.0,0.0
2013-04-09 00:00:00-04:00,25.361205034487252,25.369616903750035,25.167736854643273,25.251853942871094,785700,0.0,0.0,0.0
2013-04-10 00:00:00-04:00,25.31074180541485,25.537857519577198,25.31074180541485,25.52944564819336,106800,0.0,0.0,0.0
2013-04-11 00:00:00-04:00,25.52102653149799,25.75655405017891,25.52102653149799,25.714494705200195,224400,0.0,0.0,0.0
2013-04-12 00:00:00-04:00,25.689261163835944,25.748142643463336,25.57990846932794,25.706083297729492,86600,0.0,0.0,0.0
2013-04-15 00:00:00-04:00,25.630375496889123,25.630375496889123,25.235027313232422,25.235027313232422,212000,0.0,0.0,0.0
2013-04-16 00:00:00-04:00,25.478969308396692,25.739730834960938,25.361204744464455,25.739730834960938,154800,0.0,0.0,0.0
2013-04-17 00:00:00-04:00,25.71449357051404,25.71449357051404,25.34437937303294,25.478967666625977,96500,0.0,0.0,0.0
2013-04-18 00:00:00-04:00,25.512621853695475,25.58832709159609,25.428504744428082,25.495798110961914,119200,0.0,0.0,0.0
2013-04-19 00:00:00-04:00,25.605141370208873,25.907960605483478,25.571493897178463,25.849079132080078,74800,0.0,0.0,0.0
2013-04-22 00:00:00-04:00,25.865899872919726,25.992074673371114,25.68084360588433,25.93319320678711,214800,0.0,0.0,0.0
2013-04-23 00:00:00-04:00,26.000495070413294,26.14349365234375,25.941613584512545,26.14349365234375,150200,0.0,0.0,0.0
2013-04-24 00:00:00-04:00,26.135074203156254,26.236015009999207,25.941606061473596,25.95001792907715,79700,0.0,0.0,0.0
2013-04-25 00:00:00-04:00,26.025726855174653,26.025726855174653,25.69767038931788,25.8238468170166,272100,0.0,0.0,0.0
2013-04-26 00:00:00-04:00,25.823847861384266,25.865905602718122,25.672437425542405,25.706083297729492,72700,0.0,0.0,0.0
2013-04-29 00:00:00-04:00,25.790202632073374,25.84067224695176,25.714497407555733,25.798614501953125,188300,0.0,0.0,0.0
2013-04-30 00:00:00-04:00,25.81544159509353,25.832263732638072,25.65561925541785,25.807029724121094,229500,0.0,0.0,0.0
2013-05-01 00:00:00-04:00,25.815439084385897,25.849084960603054,25.638793019945236,25.655616760253906,103300,0.0,0.0,0.0
2013-05-02 00:00:00-04:00,25.832264052383614,25.933204900901973,25.613561821994484,25.899559020996094,117500,0.0,0.0,0.0
2013-05-03 00:00:00-04:00,26.02573013305664,26.126669362648773,25.983670783726478,26.02573013305664,114600,0.0,0.0,0.0
2013-05-06 00:00:00-04:00,25.975259421954583,25.975259421954583,25.74814534872971,25.790203094482422,222500,0.0,0.0,0.0
2013-05-07 00:00:00-04:00,25.823850012078825,25.992082595825195,25.823850012078825,25.992082595825195,156300,0.0,0.0,0.0
2013-05-08 00:00:00-04:00,25.97525556697781,26.017314910888672,25.907962221120354,26.017314910888672,117900,0.0,0.0,0.0
2013-05-09 00:00:00-04:00,26.16873144076346,26.320141905340343,26.16873144076346,26.202377319335938,105900,0.0,0.0,0.0
2013-05-10 00:00:00-04:00,26.252837504270175,26.3369545770706,26.177133903589485,26.328542709350586,116100,0.0,0.0,0.0
2013-05-13 00:00:00-04:00,26.26125587315719,26.41266632080078,26.252844003354756,26.41266632080078,248500,0.0,0.0,0.0
2013-05-14 00:00:00-04:00,26.412658289034873,26.892123491173333,26.412658289034873,26.875301361083984,106100,0.0,0.0,0.0
2013-05-15 00:00:00-04:00,26.875310846370866,27.102426528930664,26.77437000821089,27.102426528930664,197300,0.0,0.0,0.0
2013-05-16 00:00:00-04:00,27.11084288044858,27.178137857261394,26.892139019008592,26.9341983795166,116300,0.0,0.0,0.0
2013-05-17 00:00:00-04:00,26.976244957836183,27.018302696516734,26.84165826877856,26.99306869506836,185100,0.0,0.0,0.0
2013-05-20 00:00:00-04:00,27.00989595268529,27.035129957422587,26.65660544676228,26.67342758178711,128000,0.0,0.0,0.0
2013-05-21 00:00:00-04:00,26.67342389315914,26.77436471134966,26.522015072473174,26.740718841552734,182800,0.0,0.0,0.0
2013-05-22 00:00:00-04:00,26.740720771820865,26.97624669060029,26.446311768946586,26.51360511779785,115100,0.0,0.0,0.0
2013-05-23 00:00:00-04:00,26.303307858894346,26.446306396704887,26.118249983845608,26.379013061523438,137700,0.0,0.0,0.0
2013-05-24 00:00:00-04:00,26.101430934825917,26.42107391357422,26.034137591699967,26.42107391357422,193900,0.0,0.0,0.0
2013-05-28 00:00:00-04:00,26.723903069702104,26.799608304809503,26.454729613498174,26.572492599487305,151200,0.0,0.0,0.0
2013-05-29 00:00:00-04:00,26.715491145287093,26.774372638164056,26.404258334422703,26.53884506225586,195400,0.0,0.0,0.0
2013-05-30 00:00:00-04:00,26.505195284227444,26.572488638246806,26.39584258119591,26.41266632080078,130400,0.0,0.0,0.0
2013-05-31 00:00:00-04:00,26.353784977260062,26.3621968471074,25.992082595825195,25.992082595825195,225600,0.0,0.0,0.0
2013-06-03 00:00:00-04:00,26.04254891283527,26.04254891283527,25.613554835743923,26.017314910888672,590200,0.0,0.0,0.0
2013-06-04 00:00:00-04:00,26.025726601331126,26.202371031346537,25.916373912312135,26.08460807800293,112000,0.0,0.0,0.0
2013-06-05 00:00:00-04:00,26.008904230691773,26.01731609985836,25.739730834960938,25.739730834960938,80800,0.0,0.0,0.0
2013-06-06 00:00:00-04:00,25.69767486086075,25.840673446655273,25.61355936695826,25.840673446655273,134300,0.0,0.0,0.0
2013-06-07 00:00:00-04:00,25.950028126695095,26.25284745742389,25.92479251396756,26.22761344909668,273500,0.0,0.0,0.0
2013-06-10 00:00:00-04:00,26.2864847516415,26.353778088429713,26.14348621041658,26.303308486938477,129700,0.0,0.0,0.0
2013-06-11 00:00:00-04:00,25.966845964057626,26.412663790069782,25.966845964057626,26.261253356933594,159200,0.0,0.0,0.0
2013-06-12 00:00:00-04:00,26.404251415836498,26.404251415836498,26.168725506042435,26.17713737487793,257600,0.0,0.0,0.0
2013-06-13 00:00:00-04:00,26.353784006798392,26.60613367532539,26.185549824847023,26.5556640625,297400,0.0,0.0,0.0
2013-06-14 00:00:00-04:00,26.463135562589514,26.715486839908863,26.437901557937646,26.547252655029297,113500,0.0,0.0,0.0
2013-06-17 00:00:00-04:00,26.639779682415046,26.892129337007177,26.639779682415046,26.77436637878418,261500,0.0,0.0,0.0
2013-06-18 00:00:00-04:00,26.816428268110403,26.875311360730787,26.665019414572956,26.866899490356445,130000,0.0,0.0,0.0
2013-06-19 00:00:00-04:00,26.90894660151783,27.03512139845932,26.53042221069336,26.53042221069336,126000,0.0,0.0,0.0
2013-06-20 00:00:00-04:00,26.463135420684132,26.463135420684132,25.697672931946993,25.748144149780273,190600,0.0,0.0,0.0
2013-06-21 00:00:00-04:00,25.945520176186264,25.987693654869478,25.50690891909448,25.776823043823242,187700,0.084,0.0,0.0
2013-06-24 00:00:00-04:00,25.506906165433676,25.818995343968382,25.388819150816985,25.574384689331055,398900,0.0,0.0,0.0
2013-06-25 00:00:00-04:00,25.709342324889707,25.79369088389353,25.565950257227698,25.67560386657715,119200,0.0,0.0,0.0
2013-06-26 00:00:00-04:00,25.827431473945076,26.021432037411298,25.827431473945076,25.945518493652344,293700,0.0,0.0,0.0
2013-06-27 00:00:00-04:00,26.05516679599329,26.291342410680617,26.004558310279847,26.029863357543945,208200,0.0,0.0,0.0
2013-06-28 00:00:00-04:00,26.012993326034547,26.18169042349903,25.920209761547607,26.029863357543945,176100,0.0,0.0,0.0
2013-07-01 00:00:00-04:00,26.17326073479446,26.409434788735595,26.139520664908538,26.266042709350586,1857800,0.0,0.0,0.0
2013-07-02 00:00:00-04:00,26.27447746888476,26.426304564250763,26.198563921201764,26.29134750366211,185600,0.0,0.0,0.0
2013-07-03 00:00:00-04:00,26.19855914543499,26.223864192988128,26.06360210944782,26.131080627441406,138700,0.0,0.0,0.0
2013-07-05 00:00:00-04:00,26.36725641795855,26.36725641795855,26.063602280586178,26.341951370239258,87500,0.0,0.0,0.0
2013-07-08 00:00:00-04:00,26.493785040195146,26.586568629469333,26.41787148693721,26.54439353942871,138000,0.0,0.0,0.0
2013-07-09 00:00:00-04:00,26.72151976412922,26.873346836918675,26.66247626000328,26.822736740112305,170800,0.0,0.0,0.0
2013-07-10 00:00:00-04:00,26.822732755054265,26.873342844341487,26.713080779227795,26.805864334106445,231100,0.0,0.0,0.0
2013-07-11 00:00:00-04:00,27.177009022408416,27.210745879296887,27.03361531451765,27.202312469482422,144200,0.0,0.0,0.0
2013-07-12 00:00:00-04:00,27.24448222629198,27.24448222629198,27.06735168574731,27.16013526916504,144200,0.0,0.0,0.0
2013-07-15 00:00:00-04:00,27.17699755570661,27.2697811126709,27.075777374856884,27.2697811126709,551000,0.0,0.0,0.0
2013-07-16 00:00:00-04:00,27.261349366793443,27.29508943311396,27.12639231914119,27.193872451782227,156700,0.0,0.0,0.0
2013-07-17 00:00:00-04:00,27.219180079246808,27.31196366708422,27.177006598674435,27.252920150756836,270300,0.0,0.0,0.0
2013-07-18 00:00:00-04:00,27.320393734160067,27.598744463622854,27.252916817024495,27.49752426147461,180200,0.0,0.0,0.0
2013-07-19 00:00:00-04:00,27.573435340754127,27.615612030029297,27.43847830091064,27.615612030029297,101000,0.0,0.0,0.0
2013-07-22 00:00:00-04:00,27.66622157070383,27.742135114021245,27.505961075980377,27.733701705932617,487800,0.0,0.0,0.0
2013-07-23 00:00:00-04:00,27.826485798511982,27.826485798511982,27.60717857258594,27.68309211730957,205300,0.0,0.0,0.0
2013-07-24 00:00:00-04:00,27.95300461564855,27.95300461564855,27.421609833233752,27.489089965820312,115400,0.0,0.0,0.0
2013-07-25 00:00:00-04:00,27.45534728171115,27.71682794410765,27.396303780142503,27.691524505615234,100100,0.0,0.0,0.0
2013-07-26 00:00:00-04:00,27.708394314871143,27.843351364135742,27.505960349789177,27.843351364135742,84000,0.0,0.0,0.0
2013-07-29 00:00:00-04:00,27.877088041443947,27.953001573527256,27.775871071209355,27.927698135375977,157300,0.0,0.0,0.0
2013-07-30 00:00:00-04:00,28.07953697663893,28.20605743808991,27.775882720947266,27.775882720947266,151100,0.0,0.0,0.0
2013-07-31 00:00:00-04:00,27.919275108603905,28.14701581577181,27.74214452001699,28.028928756713867,150000,0.0,0.0,0.0
2013-08-01 00:00:00-04:00,28.29039932662839,28.475963259151925,28.273529293193548,28.44222640991211,888900,0.0,0.0,0.0
2013-08-02 00:00:00-04:00,28.374746787550183,28.46753036429906,28.18074622599796,28.391616821289062,281800,0.0,0.0,0.0
2013-08-05 00:00:00-04:00,28.46753292416336,28.59405657976729,28.35787930381531,28.5518798828125,171800,0.0,0.0,0.0
2013-08-06 00:00:00-04:00,28.543446473999673,28.627793432648808,28.46753292416336,28.5518798828125,115700,0.0,0.0,0.0
2013-08-07 00:00:00-04:00,28.4591101005062,28.4591101005062,28.265106231720484,28.29041290283203,92800,0.0,0.0,0.0
2013-08-08 00:00:00-04:00,28.551881519972444,28.551881519972444,28.30727403881211,28.450664520263672,150000,0.0,0.0,0.0
2013-08-09 00:00:00-04:00,28.416915893554688,28.501266049278986,28.349438986604685,28.416915893554688,82100,0.0,0.0,0.0
2013-08-12 00:00:00-04:00,28.34944997987472,28.425363540649414,28.197622858325325,28.425363540649414,111000,0.0,0.0,0.0
2013-08-13 00:00:00-04:00,28.543439987641722,28.543439987641722,28.30726598298936,28.433786392211914,86700,0.0,0.0,0.0
2013-08-14 00:00:00-04:00,28.425356134726847,28.425356134726847,28.265092427273768,28.273529052734375,110800,0.0,0.0,0.0
2013-08-15 00:00:00-04:00,28.028921554992163,28.028921554992163,27.750574018392626,27.792747497558594,217900,0.0,0.0,0.0
2013-08-16 00:00:00-04:00,27.792745639187316,27.809615673251724,27.683092026583665,27.725265502929688,126600,0.0,0.0,0.0
2013-08-19 00:00:00-04:00,27.742138987265765,27.801182505019398,27.657792024083545,27.66622543334961,170100,0.0,0.0,0.0
2013-08-20 00:00:00-04:00,27.733697303083712,27.97830471038068,27.708390647575488,27.826480865478516,127200,0.0,0.0,0.0
2013-08-21 00:00:00-04:00,27.851787499434465,27.86022090715201,27.522829898743595,27.598743438720703,192000,0.0,0.0,0.0
2013-08-22 00:00:00-04:00,27.73370170593262,27.750571739739815,27.607178061193615,27.733701705932617,99800,0.0,0.0,0.0
2013-08-23 00:00:00-04:00,27.83492083004487,27.91926778793232,27.69153035811016,27.902400970458984,137600,0.0,0.0,0.0
2013-08-26 00:00:00-04:00,27.91926785809201,27.91926785809201,27.480659814818825,27.51439666748047,2959000,0.0,0.0,0.0
2013-08-27 00:00:00-04:00,27.295096065594578,27.362572997002122,27.177009022408416,27.202312469482422,399000,0.0,0.0,0.0
2013-08-28 00:00:00-04:00,27.202306508254562,27.202306508254562,27.03360939025879,27.03360939025879,321800,0.0,0.0,0.0
2013-08-29 00:00:00-04:00,26.915516563618045,27.25291072678785,26.864908082668414,27.14325714111328,114700,0.0,0.0,0.0
2013-08-30 00:00:00-04:00,27.20231253139388,27.20231253139388,27.016745338747228,27.13483238220215,175500,0.0,0.0,0.0
2013-09-03 00:00:00-04:00,27.379436562878155,27.489090170332204,26.932391942870662,27.016738891601562,425500,0.0,0.0,0.0
2013-09-04 00:00:00-04:00,27.10109377523501,27.404747991728687,26.949266666988173,27.371007919311523,156700,0.0,0.0,0.0
2013-09-05 00:00:00-04:00,27.489088230008697,27.489088230008697,27.32882775168007,27.404741287231445,78900,0.0,0.0,0.0
2013-09-06 00:00:00-04:00,27.548136086451716,27.548136086451716,27.092654801171353,27.354135513305664,76800,0.0,0.0,0.0
2013-09-09 00:00:00-04:00,27.396308572883683,27.62404921204516,27.35413509547528,27.590309143066406,265900,0.0,0.0,0.0
2013-09-10 00:00:00-04:00,27.78431209998151,27.78431209998151,27.463791070040124,27.607181549072266,192300,0.0,0.0,0.0
2013-09-11 00:00:00-04:00,27.505964916251234,27.66622543334961,27.505964916251234,27.66622543334961,162800,0.0,0.0,0.0
2013-09-12 00:00:00-04:00,27.657788584302054,27.784309013340117,27.573438413980014,27.725265502929688,598400,0.0,0.0,0.0
2013-09-13 00:00:00-04:00,27.84334688176327,28.0036105640854,27.818043444608975,27.978303909301758,135300,0.0,0.0,0.0
2013-09-16 00:00:00-04:00,28.2397923334834,28.341009327599263,28.222922298192387,28.256662368774414,120800,0.0,0.0,0.0
2013-09-17 00:00:00-04:00,28.357878791093402,28.619359506386402,28.357878791093402,28.602489471435547,92500,0.0,0.0,0.0
2013-09-18 00:00:00-04:00,28.64467112251236,28.83867175335161,28.36632351048425,28.830238342285156,144800,0.0,0.0,0.0
2013-09-19 00:00:00-04:00,28.880845897195723,29.057976472543245,28.60249509225179,28.644668579101562,178400,0.0,0.0,0.0
2013-09-20 00:00:00-04:00,28.636203061150432,28.644664603751682,28.340113612765762,28.407793045043945,119200,0.1,0.0,0.0
2013-09-23 00:00:00-04:00,28.31473468719122,28.31473468719122,28.035561877157946,28.170917510986328,98800,0.0,0.0,0.0
2013-09-24 00:00:00-04:00,28.15399664501883,28.34857015998259,28.086320444094923,28.145538330078125,110100,0.0,0.0,0.0
2013-09-25 00:00:00-04:00,28.21322116275565,28.272439062658513,28.010189285126845,28.027109146118164,86500,0.0,0.0,0.0
2013-09-26 00:00:00-04:00,28.145547412325953,28.238605042366117,28.018650057337766,28.11170768737793,112100,0.0,0.0,0.0
2013-09-27 00:00:00-04:00,28.052481800172373,28.052481800172373,27.790228847147908,27.950965881347656,77100,0.0,0.0,0.0
2013-09-30 00:00:00-04:00,27.78176813517583,27.917123757642734,27.57873308790918,27.824066162109375,197300,0.0,0.0,0.0
2013-10-01 00:00:00-04:00,27.90866342581862,28.111695231277157,27.857903860887802,28.08631706237793,330700,0.0,0.0,0.0
2013-10-02 00:00:00-04:00,28.018639854254566,28.060937881469727,27.78176832014357,28.060937881469727,102200,0.0,0.0,0.0
2013-10-03 00:00:00-04:00,27.967874763411917,28.027092628414863,27.663323899321554,27.849435806274414,398000,0.0,0.0,0.0
2013-10-04 00:00:00-04:00,27.883291941258708,28.09478536294993,27.578740897681985,28.027109146118164,609600,0.0,0.0,0.0
2013-10-07 00:00:00-04:00,27.917123757642734,27.967883326242546,27.78176813517583,27.824066162109375,73800,0.0,0.0,0.0
2013-10-08 00:00:00-04:00,27.900210732510608,27.92558890945779,27.536441802978516,27.536441802978516,174500,0.0,0.0,0.0
2013-10-09 00:00:00-04:00,27.587190155520194,27.646408029049798,27.417994848093294,27.5533504486084,155400,0.0,0.0,0.0
2013-10-10 00:00:00-04:00,28.001717787493238,28.08631706237793,27.84944231983315,28.08631706237793,205200,0.0,0.0,0.0
2013-10-11 00:00:00-04:00,28.103242054058025,28.407793045043945,28.069402337918934,28.407793045043945,159900,0.0,0.0,0.0
2013-10-14 00:00:00-04:00,28.27242736149834,28.433164360824605,28.145533297281588,28.416244506835938,100100,0.0,0.0,0.0
2013-10-15 00:00:00-04:00,28.416248369380316,28.467007938245935,28.162456979317454,28.19629669189453,160400,0.0,0.0,0.0
2013-10-16 00:00:00-04:00,28.314732020844886,28.57698172142956,28.16245654373585,28.568523406982422,204400,0.0,0.0,0.0
2013-10-17 00:00:00-04:00,28.50084128080925,28.79693389250867,28.41624523582785,28.780014038085938,234400,0.0,0.0,0.0
2013-10-18 00:00:00-04:00,28.915375968409265,28.999972031886795,28.720802440704574,28.86461639404297,192400,0.0,0.0,0.0
2013-10-21 00:00:00-04:00,28.932290400793168,29.329895697133292,28.619281152066087,28.754636764526367,175600,0.0,0.0,0.0
2013-10-22 00:00:00-04:00,28.873076785906694,29.12686819335715,28.83923707101121,29.101490020751953,132100,0.0,0.0,0.0
2013-10-23 00:00:00-04:00,29.10994176967526,29.236839058343097,29.050723895532162,29.219919204711914,104900,0.0,0.0,0.0
2013-10-24 00:00:00-04:00,29.3722008795651,29.3722008795651,28.999970475126716,29.253765106201172,103200,0.0,0.0,0.0
2013-10-25 00:00:00-04:00,29.422955690087814,29.422955690087814,29.211462326640646,29.41449737548828,75700,0.0,0.0,0.0
2013-10-28 00:00:00-04:00,29.456793152696335,29.769802403091827,29.456793152696335,29.659828186035156,4464000,0.0,0.0,0.0
2013-10-29 00:00:00-04:00,29.75288585144599,29.862863307845572,29.685209650907368,29.845943450927734,449600,0.0,0.0,0.0
2013-10-30 00:00:00-04:00,29.947466143726196,29.947466143726196,29.32990258795648,29.465261459350586,222700,0.0,0.0,0.0
2013-10-31 00:00:00-04:00,29.439875744303535,29.482173771850757,29.270680406982006,29.338359832763672,140200,0.0,0.0,0.0
2013-11-01 00:00:00-04:00,29.499098370454295,29.499098370454295,29.16916918456216,29.312986373901367,207200,0.0,0.0,0.0
2013-11-04 00:00:00-05:00,29.541390086846203,29.541390086846203,29.245300682608857,29.406034469604492,251300,0.0,0.0,0.0
2013-11-05 00:00:00-05:00,29.431419047786665,29.60907270953198,29.287601873659874,29.541393280029297,254800,0.0,0.0,0.0
2013-11-06 00:00:00-05:00,29.710586397139526,29.710586397139526,29.44833669532817,29.5667724609375,125100,0.0,0.0,0.0
2013-11-07 00:00:00-05:00,29.43141852603897,29.43141852603897,28.771557008616828,28.830778121948242,200000,0.0,0.0,0.0
2013-11-08 00:00:00-05:00,28.830782269928033,29.033814129782048,28.686965077659316,28.89845848083496,474100,0.0,0.0,0.0
2013-11-11 00:00:00-05:00,29.016886182656616,29.11840208428901,28.949209990612463,28.95766830444336,391200,0.0,0.0,0.0
2013-11-12 00:00:00-05:00,28.957669398029086,29.18608260567724,28.898451517579467,29.16916275024414,195000,0.0,0.0,0.0
2013-11-13 00:00:00-05:00,29.177629958822962,29.482177734375,29.067652490712653,29.482177734375,117500,0.0,0.0,0.0
2013-11-14 00:00:00-05:00,29.659828186035156,29.668286499988604,29.499091176728314,29.659828186035156,166400,0.0,0.0,0.0
2013-11-15 00:00:00-05:00,29.685207173458316,29.76134490966797,29.609069437248664,29.76134490966797,194500,0.0,0.0,0.0
2013-11-18 00:00:00-05:00,29.930538892835255,29.930538892835255,29.45679264135667,29.532930374145508,155400,0.0,0.0,0.0
2013-11-19 00:00:00-05:00,29.592163225016,29.592163225016,29.3129935482929,29.372211456298828,155600,0.0,0.0,0.0
2013-11-20 00:00:00-05:00,29.47370563643615,29.49908379908185,29.202994477776816,29.321430206298828,167400,0.0,0.0,0.0
2013-11-21 00:00:00-05:00,29.448331823797535,29.752879501927353,29.448331823797535,29.668283462524414,143300,0.0,0.0,0.0
2013-11-22 00:00:00-05:00,29.6344452864649,29.82056045532227,29.490631366625813,29.820560455322266,175600,0.0,0.0,0.0
2013-11-25 00:00:00-05:00,29.85441159596894,29.905167950815702,29.6090784570981,29.634456634521484,139100,0.0,0.0,0.0
2013-11-26 00:00:00-05:00,29.727513808336575,29.82057142700332,29.61753632926375,29.693674087524414,198300,0.0,0.0,0.0
2013-11-27 00:00:00-05:00,29.75288585144599,29.87132484987086,29.56677387961523,29.845943450927734,168400,0.0,0.0,0.0
2013-11-29 00:00:00-05:00,29.845950294340458,29.913629737530112,29.693674774297214,29.744434356689453,77800,0.0,0.0,0.0
2013-12-02 00:00:00-05:00,29.803637860333325,29.854397418207977,29.617522708591515,29.71904182434082,174200,0.0,0.0,0.0
2013-12-03 00:00:00-05:00,29.76133841907518,29.98129003841621,29.693659011812244,29.97283172607422,160700,0.0,0.0,0.0
2013-12-04 00:00:00-05:00,30.048988111669985,30.048988111669985,29.70213900181925,29.939010620117188,107700,0.0,0.0,0.0
2013-12-05 00:00:00-05:00,29.888244998010755,29.930543027151124,29.57523248267994,29.642911911010742,102400,0.0,0.0,0.0
2013-12-06 00:00:00-05:00,29.89670018161132,30.057433966362606,29.820562446280203,30.006677627563477,170600,0.0,0.0,0.0
2013-12-09 00:00:00-05:00,30.20971644226261,30.285854195249076,30.006684585720816,30.048982620239258,108000,0.0,0.0,0.0
2013-12-10 00:00:00-05:00,29.998219636838567,29.998219636838567,29.820565975750224,29.896703720092773,301000,0.0,0.0,0.0
2013-12-11 00:00:00-05:00,30.01514252416593,30.01514252416593,29.74443123409377,29.795190811157227,441900,0.0,0.0,0.0
2013-12-12 00:00:00-05:00,29.879780784544714,29.879780784544714,29.422954365551995,29.49909210205078,129400,0.0,0.0,0.0
2013-12-13 00:00:00-05:00,29.58369271167254,29.592151026272074,29.34681795016153,29.41449737548828,193300,0.0,0.0,0.0
2013-12-16 00:00:00-05:00,29.549854078581166,29.68520970704712,29.465258020964722,29.625991821289062,153600,0.0,0.0,0.0
2013-12-17 00:00:00-05:00,29.63444865822887,29.778265821563473,29.422955297602897,29.5667724609375,175800,0.0,0.0,0.0
2013-12-18 00:00:00-05:00,29.61429479097441,30.064023713688517,29.2748746595617,30.04705238342285,198100,0.106,0.0,0.0
2013-12-19 00:00:00-05:00,29.970675928133144,30.114930582802298,29.88582253382153,30.08098793029785,169800,0.0,0.0,0.0
2013-12-20 00:00:00-05:00,30.284643850551728,30.284643850551728,30.06402303597199,30.165847778320312,258500,0.0,0.0,0.0
2013-12-23 00:00:00-05:00,30.284642771517102,30.284642771517102,29.9791685553561,30.03856658935547,120500,0.0,0.0,0.0
2013-12-24 00:00:00-05:00,29.979160889793153,30.12341229634989,29.962189564854256,30.072498321533203,76500,0.0,0.0,0.0
2013-12-26 00:00:00-05:00,30.114929566483042,30.182811632251546,30.030072938085663,30.15735626220703,78900,0.0,0.0,0.0
2013-12-27 00:00:00-05:00,30.199782957931024,30.25069693496945,30.08947095948913,30.15735626220703,82700,0.0,0.0,0.0
2013-12-30 00:00:00-05:00,30.1743321269011,30.259185531113268,30.13190218784513,30.24221420288086,113700,0.0,0.0,0.0
2013-12-31 00:00:00-05:00,30.284635438248404,30.31857808858617,30.174326680074607,30.259180068969727,123400,0.0,0.0,0.0
2014-01-02 00:00:00-05:00,30.157363794533207,30.157363794533207,29.894313036223924,29.987653732299805,226500,0.0,0.0,0.0
2014-01-03 00:00:00-05:00,29.936736858740492,29.996134889257842,29.724600110621413,29.885826110839844,1059400,0.0,0.0,0.0
2014-01-06 00:00:00-05:00,29.894315281803795,29.945229275383397,29.665207166121252,29.682178497314453,536400,0.0,0.0,0.0
2014-01-07 00:00:00-05:00,29.82642157391371,30.064013644154198,29.8009629685671,30.013099670410156,151100,0.0,0.0,0.0
2014-01-08 00:00:00-05:00,30.064025365032432,30.08948074335399,29.91128662120217,30.03008270263672,157100,0.0,0.0,0.0
2014-01-09 00:00:00-05:00,30.13191064670512,30.18282464569532,29.91128979164918,30.11494255065918,254300,0.0,0.0,0.0
2014-01-10 00:00:00-05:00,30.14887593302694,30.276159286499023,30.04705119241936,30.276159286499023,159400,0.0,0.0,0.0
2014-01-13 00:00:00-05:00,30.344033205397988,30.377975855453347,29.979161046625325,30.064014434814453,139000,0.0,0.0,0.0
2014-01-14 00:00:00-05:00,30.123414735879557,30.428892135620117,30.089472083252936,30.428892135620117,167900,0.0,0.0,0.0
2014-01-15 00:00:00-05:00,30.42041743751475,30.43738877084832,30.318592674464185,30.37799072265625,163300,0.0,0.0,0.0
2014-01-16 00:00:00-05:00,30.259179172234024,30.259179172234024,30.123411811855743,30.182809829711914,184500,0.0,0.0,0.0
2014-01-17 00:00:00-05:00,30.18281776719542,30.18281776719542,29.8518849415539,29.87734031677246,374000,0.0,0.0,0.0
2014-01-21 00:00:00-05:00,30.148875374239964,30.157362657354206,29.885827862799925,30.03856658935547,186900,0.0,0.0,0.0
2014-01-22 00:00:00-05:00,30.0470517060889,30.199790438086488,30.0470517060889,30.165847778320312,200200,0.0,0.0,0.0
2014-01-23 00:00:00-05:00,30.089477231396035,30.089477231396035,29.529436315034946,29.72460174560547,233900,0.0,0.0,0.0
2014-01-24 00:00:00-05:00,29.648225136168854,29.648225136168854,29.088184356689453,29.088184356689453,289600,0.0,0.0,0.0
2014-01-27 00:00:00-05:00,29.266386013770013,29.300325432017576,28.92696593569626,29.12213134765625,244100,0.0,0.0,0.0
2014-01-28 00:00:00-05:00,29.198499805051625,29.376693883930617,29.181528477975103,29.368209838867188,219100,0.0,0.0,0.0
2014-01-29 00:00:00-05:00,29.266390072987324,29.266390072987324,28.71483317885456,28.791202545166016,561700,0.0,0.0,0.0
2014-01-30 00:00:00-05:00,28.95242551918766,29.130622866414093,28.86757210580382,28.98636817932129,461000,0.0,0.0,0.0
2014-01-31 00:00:00-05:00,28.731797243743387,29.223952740121618,28.502689202740807,29.011816024780273,129200,0.0,0.0,0.0
2014-02-03 00:00:00-05:00,29.062737646012597,29.062737646012597,28.22267460804493,28.282075881958008,2464400,0.0,0.0,0.0
2014-02-04 00:00:00-05:00,28.400861475840177,28.49420213861016,28.332976180389625,28.38389015197754,685100,0.0,0.0,0.0
2014-02-05 00:00:00-05:00,28.34147071838379,28.409352794268305,28.06993594094597,28.34147071838379,561700,0.0,0.0,0.0
2014-02-06 00:00:00-05:00,28.54512066305569,28.960910118784355,28.54512066305569,28.93545150756836,149300,0.0,0.0,0.0
2014-02-07 00:00:00-05:00,29.011822879502734,29.19850426893477,28.960912127439563,29.10516357421875,451100,0.0,0.0,0.0
2014-02-10 00:00:00-05:00,29.130618591811714,29.33426804882967,29.06273328150589,29.300325393676758,161000,0.0,0.0,0.0
2014-02-11 00:00:00-05:00,29.24942130645951,29.563382845722167,29.122137939135207,29.546411514282227,252300,0.0,0.0,0.0
2014-02-12 00:00:00-05:00,29.563389974003357,29.639759365421916,29.385195806343813,29.512475967407227,179800,0.0,0.0,0.0
2014-02-13 00:00:00-05:00,29.359726107661345,29.902798928941078,29.359726107661345,29.87734031677246,143400,0.0,0.0,0.0
2014-02-14 00:00:00-05:00,29.699154145475855,29.970689010135562,29.690670097121266,29.919775009155273,143700,0.0,0.0,0.0
2014-02-18 00:00:00-05:00,29.945227638779148,30.064023713688517,29.8688582710588,30.04705238342285,167900,0.0,0.0,0.0
2014-02-19 00:00:00-05:00,30.080996696230287,30.123423405749705,29.894315290004315,30.03008270263672,180900,0.0,0.0,0.0
2014-02-20 00:00:00-05:00,30.07250101555032,30.49677446618311,30.07250101555032,30.445863723754883,264600,0.0,0.0,0.0
2014-02-21 00:00:00-05:00,30.50525903517147,30.598599703922183,30.394947041470697,30.57314109802246,111900,0.0,0.0,0.0
2014-02-24 00:00:00-05:00,30.57314847437013,30.8616545942302,30.57314847437013,30.70043182373047,109000,0.0,0.0,0.0
2014-02-25 00:00:00-05:00,30.717399858078338,30.921049310871737,30.658001831267786,30.734371185302734,186000,0.0,0.0,0.0
2014-02-26 00:00:00-05:00,30.717398342682355,30.819223064055684,30.547688315760446,30.598602294921875,205000,0.0,0.0,0.0
2014-02-27 00:00:00-05:00,30.658011718107478,30.683467098678282,30.51375700865453,30.632553100585938,171500,0.0,0.0,0.0
2014-02-28 00:00:00-05:00,30.641031226645328,31.03136205116252,30.641031226645328,30.819225311279297,249700,0.0,0.0,0.0
2014-03-03 00:00:00-05:00,30.564670568073087,30.85317674588752,30.505272522959885,30.768320083618164,436800,0.0,0.0,0.0
2014-03-04 00:00:00-05:00,30.96348685897993,31.26047706604004,30.96348685897993,31.26047706604004,213800,0.0,0.0,0.0
2014-03-05 00:00:00-05:00,31.31139280944392,31.336848189485288,31.14168272294992,31.268962860107422,117200,0.0,0.0,0.0
2014-03-06 00:00:00-05:00,31.353818912634182,31.387761576663618,31.15865344989082,31.209564208984375,339700,0.0,0.0,0.0
2014-03-07 00:00:00-05:00,31.260478622528517,31.260478622528517,31.08228448942,31.21805191040039,105500,0.0,0.0,0.0
2014-03-10 00:00:00-04:00,31.243497848510742,31.30289587493018,31.150157167866006,31.243497848510742,170400,0.0,0.0,0.0
2014-03-11 00:00:00-04:00,31.2604694152859,31.302896114917957,31.06530400741867,31.116214752197266,106200,0.0,0.0,0.0
2014-03-12 00:00:00-04:00,31.082270039163575,31.277435413780402,30.97195804935436,31.124696731567383,552600,0.0,0.0,0.0
2014-03-13 00:00:00-04:00,31.209561831835853,31.21804911567206,30.742861566305503,30.79377555847168,149900,0.0,0.0,0.0
2014-03-14 00:00:00-04:00,30.844672790468827,31.15015013563484,30.785274777458653,30.980440139770508,140900,0.0,0.0,0.0
2014-03-17 00:00:00-04:00,31.11622384295207,31.184109171756145,30.971972374669367,31.048341751098633,189900,0.0,0.0,0.0
2014-03-18 00:00:00-04:00,31.150167814390823,31.226537194024488,31.065314386775984,31.192594528198242,149800,0.0,0.0,0.0
2014-03-19 00:00:00-04:00,31.167124554060127,31.20106720399356,30.72587981577332,30.89558982849121,173900,0.0,0.0,0.0
2014-03-20 00:00:00-04:00,30.827724854819763,31.04834572778898,30.742868182946175,31.03986167907715,115300,0.0,0.0,0.0
2014-03-21 00:00:00-04:00,31.10773152746374,31.26047023972713,30.963480097520417,30.988935470581055,196300,0.0,0.0,0.0
2014-03-24 00:00:00-04:00,31.167135123505886,31.22653316255791,30.717406188697595,30.79377555847168,126600,0.0,0.0,0.0
2014-03-25 00:00:00-04:00,31.072856782090252,31.081363803151817,30.817603955938193,30.91970443725586,201000,0.098,0.0,0.0
2014-03-26 00:00:00-04:00,31.0132904088507,31.072849279047535,30.877155384727224,30.89417266845703,134600,0.0,0.0,0.0
2014-03-27 00:00:00-04:00,30.88565650568525,30.91969106664549,30.74101449017579,30.800573348999023,113200,0.0,0.0,0.0
2014-03-28 00:00:00-04:00,30.877143920835408,31.09836203576032,30.877143920835408,31.05582046508789,74200,0.0,0.0,0.0
2014-03-31 00:00:00-04:00,31.200478140223854,31.39617530598652,31.157936548164095,31.37915802001953,223800,0.0,0.0,0.0
2014-04-01 00:00:00-04:00,31.46423912616854,31.46423912616854,31.243020914638286,31.404680252075195,169500,0.0,0.0,0.0
2014-04-02 00:00:00-04:00,31.447214536495935,31.506773396754436,31.30257251750085,31.472742080688477,243500,0.0,0.0,0.0
2014-04-03 00:00:00-04:00,31.46423895561896,31.506780544638584,31.336614188560088,31.489763259887695,129800,0.0,0.0,0.0
2014-04-04 00:00:00-04:00,31.515287144716076,31.591863294331844,31.081354548321784,31.106882095336914,136100,0.0,0.0,0.0
2014-04-07 00:00:00-04:00,31.081356298054942,31.183460000433797,30.89417266845703,30.89417266845703,87500,0.0,0.0,0.0
2014-04-08 00:00:00-04:00,30.911187879871356,30.970746746075307,30.741018299696588,30.860136032104492,119700,0.0,0.0,0.0
2014-04-09 00:00:00-04:00,30.90268331051958,31.098377227783203,30.843124433340016,31.098377227783203,73300,0.0,0.0,0.0
2014-04-10 00:00:00-04:00,31.132409850253833,31.217493027836646,30.519800585369,30.604887008666992,176100,0.0,0.0,0.0
2014-04-11 00:00:00-04:00,30.451738303932412,30.647432232153754,30.29007570335111,30.315603256225586,180400,0.0,0.0,0.0
2014-04-14 00:00:00-04:00,30.451738422962467,30.638922085718793,30.324110395237888,30.5283145904541,85700,0.0,0.0,0.0
2014-04-15 00:00:00-04:00,30.4857729964511,30.647432351948737,30.14543375299593,30.5283145904541,155200,0.0,0.0,0.0
2014-04-16 00:00:00-04:00,30.77505143794126,30.96223831176758,30.73250985181209,30.962238311767578,108400,0.0,0.0,0.0
2014-04-17 00:00:00-04:00,30.93670276891957,31.05582046508789,30.851616381860914,31.05582046508789,186500,0.0,0.0,0.0
2014-04-21 00:00:00-04:00,31.081344758348592,31.081344758348592,30.98775135544097,31.05582046508789,78100,0.0,0.0,0.0
2014-04-22 00:00:00-04:00,31.089868460374888,31.1834619037439,31.0473268713113,31.132410049438477,137900,0.0,0.0,0.0
2014-04-23 00:00:00-04:00,31.106872297323083,31.243007270903135,31.05582046508789,31.05582046508789,136700,0.0,0.0,0.0
2014-04-24 00:00:00-04:00,31.098373333491033,31.20898405399416,30.902679440733166,31.02179718017578,157600,0.0,0.0,0.0
2014-04-25 00:00:00-04:00,30.970758307017206,31.191976571821677,30.77506110705065,30.877164840698242,107100,0.0,0.0,0.0
2014-04-28 00:00:00-04:00,30.9537200463313,31.183448422818973,30.851616381860914,31.05582046508789,97000,0.0,0.0,0.0
2014-04-29 00:00:00-04:00,31.123893299327495,31.17494189195787,30.979248046875,30.979248046875,217900,0.0,0.0,0.0
2014-04-30 00:00:00-04:00,31.072842019655745,31.328094724539486,31.013283163373345,31.31958770751953,136600,0.0,0.0,0.0
2014-05-01 00:00:00-04:00,31.362142575982713,31.362142575982713,31.16644864444217,31.302583694458008,184100,0.0,0.0,0.0
2014-05-02 00:00:00-04:00,31.302581856025792,31.430206632205074,31.24302297799904,31.37915802001953,137400,0.0,0.0,0.0
2014-05-05 00:00:00-04:00,31.26004381892609,31.41319291861459,31.08987418561956,31.38766860961914,119900,0.0,0.0,0.0
2014-05-06 00:00:00-04:00,31.362142602366024,31.404684196960083,31.15793840431267,31.1834659576416,187900,0.0,0.0,0.0
2014-05-07 00:00:00-04:00,31.268547108881343,31.48976533378178,31.149429353495307,31.46424102783203,246600,0.0,0.0,0.0
2014-05-08 00:00:00-04:00,31.45572861520803,31.94070981940397,31.45572861520803,31.65142250061035,243100,0.0,0.0,0.0
2014-05-09 00:00:00-04:00,31.60037640329295,31.906681060791016,31.583359117241343,31.906681060791016,181900,0.0,0.0,0.0
2014-05-12 00:00:00-04:00,32.08535424919299,32.22999954223633,32.08535424919299,32.22999954223633,201600,0.0,0.0,0.0
2014-05-13 00:00:00-04:00,32.32359288863362,32.53630407223798,32.32359288863362,32.45121765136719,236800,0.0,0.0,0.0
2014-05-14 00:00:00-04:00,32.43420029650727,32.43420029650727,32.22148911336648,32.255523681640625,123800,0.0,0.0,0.0
2014-05-15 00:00:00-04:00,32.23849858079933,32.23849858079933,31.940704294892914,32.10236358642578,238900,0.0,0.0,0.0
2014-05-16 00:00:00-04:00,32.12789945271435,32.3746452331543,32.102375146363826,32.3746452331543,45500,0.0,0.0,0.0
2014-05-19 00:00:00-04:00,32.34912092680377,32.425697091570804,32.27254476203673,32.3746452331543,87000,0.0,0.0,0.0
2014-05-20 00:00:00-04:00,32.374633597733435,32.374633597733435,32.14490518599656,32.22148132324219,110800,0.0,0.0,0.0
2014-05-21 00:00:00-04:00,32.4086799621582,32.4086799621582,32.17895146674615,32.4086799621582,183000,0.0,0.0,0.0
2014-05-22 00:00:00-04:00,32.48525612729556,32.48525612729556,32.264034652136324,32.4086799621582,267000,0.0,0.0,0.0
2014-05-23 00:00:00-04:00,32.36612719253421,32.49375192654709,32.36612719253421,32.459720611572266,80400,0.0,0.0,0.0
2014-05-27 00:00:00-04:00,32.67244336764559,32.85962702658142,32.61288448811389,32.791561126708984,197100,0.0,0.0,0.0
2014-05-28 00:00:00-04:00,32.85111602398797,32.85111602398797,32.71498099503005,32.75752258300781,156200,0.0,0.0,0.0
2014-05-29 00:00:00-04:00,33.029789144489826,33.31907645611672,33.029789144489826,33.302059173583984,166200,0.0,0.0,0.0
2014-05-30 00:00:00-04:00,33.29356000479385,33.42118478530726,33.25101841128938,33.41267776489258,223400,0.0,0.0,0.0
2014-06-02 00:00:00-04:00,33.4977530589513,33.548804906556825,33.29355215995872,33.42117691040039,560100,0.0,0.0,0.0
2014-06-03 00:00:00-04:00,33.480728047377184,33.480728047377184,33.34459306423736,33.404151916503906,140000,0.0,0.0,0.0
2014-06-04 00:00:00-04:00,33.35310756186188,33.557308439645794,33.33609028109415,33.54880142211914,217100,0.0,0.0,0.0
2014-06-05 00:00:00-04:00,33.523265895676566,33.65940085050749,33.395637955522986,33.64238357543945,195800,0.0,0.0,0.0
2014-06-06 00:00:00-04:00,33.6594199973694,33.838096618652344,33.62538542787307,33.838096618652344,124800,0.0,0.0,0.0
2014-06-09 00:00:00-04:00,33.880649791670336,33.880649791670336,33.67644879630515,33.73600769042969,204400,0.0,0.0,0.0
2014-06-10 00:00:00-04:00,33.684940176400254,33.76151632553148,33.599857008794345,33.71046447753906,321500,0.0,0.0,0.0
2014-06-11 00:00:00-04:00,33.64240995578463,33.65942724419659,33.52329218261678,33.6338996887207,128900,0.0,0.0,0.0
2014-06-12 00:00:00-04:00,33.60835995492812,33.69344311222446,33.45520767522319,33.54029083251953,154600,0.0,0.0,0.0
2014-06-13 00:00:00-04:00,33.54880897160885,33.55731599104984,33.387149636508845,33.53179168701172,116900,0.0,0.0,0.0
2014-06-16 00:00:00-04:00,33.53178424178364,33.710460821808326,33.480732399327536,33.6849365234375,6715100,0.0,0.0,0.0
2014-06-17 00:00:00-04:00,33.65090239395676,33.91466538146229,33.64239537629538,33.88914108276367,178500,0.0,0.0,0.0
2014-06-18 00:00:00-04:00,33.95721466214682,34.1529085698836,33.82958664828077,34.14440155029297,955700,0.0,0.0,0.0
2014-06-19 00:00:00-04:00,34.21247472846301,34.2805438825418,34.152915841502015,34.2550163269043,258100,0.0,0.0,0.0
2014-06-20 00:00:00-04:00,34.331585419909096,34.36561998992729,34.263519525587945,34.314571380615234,179500,0.0,0.0,0.0
2014-06-23 00:00:00-04:00,34.36562728860093,34.36562728860093,34.08485014060664,34.110374450683594,246200,0.0,0.0,0.0
2014-06-24 00:00:00-04:00,34.09410223341486,34.09410223341486,33.863103651134786,33.89732360839844,247400,0.221,0.0,0.0
2014-06-25 00:00:00-04:00,33.811762826055165,33.90587503518591,33.760428003700554,33.888763427734375,242500,0.0,0.0,0.0
2014-06-26 00:00:00-04:00,33.95721148924478,33.95721148924478,33.71765547779871,33.880210876464844,201700,0.0,0.0,0.0
2014-06-27 00:00:00-04:00,33.828878591923576,34.07699203491211,33.828878591923576,34.07699203491211,103800,0.0,0.0,0.0
2014-06-30 00:00:00-04:00,34.00855971179632,34.19678423131709,33.97433647848216,34.05989456176758,374700,0.0,0.0,0.0
2014-07-01 00:00:00-04:00,34.13690082715669,34.31656793608617,34.06845434925534,34.188232421875,415800,0.0,0.0,0.0
2014-07-02 00:00:00-04:00,34.282316155279965,34.282316155279965,34.1026491959328,34.12831497192383,326200,0.0,0.0,0.0
2014-07-03 00:00:00-04:00,34.19676665758077,34.359322036725025,34.19676665758077,34.307987213134766,155500,0.0,0.0,0.0
2014-07-07 00:00:00-04:00,34.273777465827884,34.30799742803793,34.17110778807837,34.222442626953125,1250600,0.0,0.0,0.0
2014-07-08 00:00:00-04:00,34.153988024211074,34.239546068583756,33.92298946366903,33.94009780883789,171900,0.0,0.0,0.0
2014-07-09 00:00:00-04:00,34.05134411687443,34.12834477579625,33.974343457952614,33.991455078125,226300,0.0,0.0,0.0
2014-07-10 00:00:00-04:00,33.7005424834085,34.094099704246474,33.62354187379187,34.008544921875,260600,0.0,0.0,0.0
2014-07-11 00:00:00-04:00,34.07699422740395,34.128325795665724,33.90588138455064,34.085548400878906,124600,0.0,0.0,0.0
2014-07-14 00:00:00-04:00,34.26523088410022,34.26523088410022,34.136898641812195,34.1796760559082,172200,0.0,0.0,0.0
2014-07-15 00:00:00-04:00,34.1711093044694,34.1711093044694,33.78610941879643,33.81177520751953,137800,0.0,0.0,0.0
2014-07-16 00:00:00-04:00,33.880219217394746,33.94010823500027,33.61499735762934,33.640663146972656,226700,0.0,0.0,0.0
2014-07-17 00:00:00-04:00,33.58932338702031,33.674881445149914,33.30698995445811,33.31554412841797,154200,0.0,0.0,0.0
2014-07-18 00:00:00-04:00,33.39255406685281,33.734779867454684,33.39255406685281,33.70911407470703,126000,0.0,0.0,0.0
2014-07-21 00:00:00-04:00,33.56365664037801,33.56365664037801,33.37543218158866,33.39254379272461,1018800,0.0,0.0,0.0
2014-07-22 00:00:00-04:00,33.48665159663256,33.948655245128,33.443874206299064,33.94009780883789,170700,0.0,0.0,0.0
2014-07-23 00:00:00-04:00,33.96578365835266,33.96578365835266,33.82889398333678,33.86311721801758,114200,0.0,0.0,0.0
2014-07-24 00:00:00-04:00,33.95720218333867,34.17964978761087,33.92298223658563,34.12831497192383,134200,0.0,0.0,0.0
2014-07-25 00:00:00-04:00,34.06843532186154,34.06843532186154,33.863102530252306,33.880210876464844,117800,0.0,0.0,0.0
2014-07-28 00:00:00-04:00,33.98288617923618,33.991440353762975,33.64066045144899,33.657772064208984,7402200,0.0,0.0,0.0
2014-07-29 00:00:00-04:00,33.64066305046929,33.67488627863332,33.238548278808594,33.238548278808594,405800,0.0,0.0,0.0
2014-07-30 00:00:00-04:00,33.32408894355793,33.392532100430465,32.9818633680804,33.01608657836914,189100,0.0,0.0,0.0
2014-07-31 00:00:00-04:00,32.79365445584782,32.79365445584782,32.2546501159668,32.2546501159668,516400,0.0,0.0,0.0
2014-08-01 00:00:00-04:00,32.17764993685782,32.613984613602376,32.17764993685782,32.51131820678711,545900,0.0,0.0,0.0
2014-08-04 00:00:00-04:00,32.57976150512695,32.6396505086234,32.41720284103153,32.57976150512695,667200,0.0,0.0,0.0
2014-08-05 00:00:00-04:00,32.485658681422045,32.6738799195717,32.20332192863728,32.33165740966797,295000,0.0,0.0,0.0
2014-08-06 00:00:00-04:00,31.972310257131937,32.42575975824518,31.80975485934771,32.29742431640625,503200,0.0,0.0,0.0
2014-08-07 00:00:00-04:00,32.519863743285185,32.5540869577024,32.186195561980725,32.28030776977539,125800,0.0,0.0,0.0
2014-08-08 00:00:00-04:00,32.34020864504943,32.579767970279455,32.177653212402305,32.5369873046875,75100,0.0,0.0,0.0
2014-08-11 00:00:00-04:00,32.67388632700133,33.050335404536945,32.67388632700133,32.999000549316406,8666800,0.0,0.0,0.0
2014-08-12 00:00:00-04:00,32.947646522234436,32.98186973913402,32.81931435441937,32.930538177490234,462800,0.0,0.0,0.0
2014-08-13 00:00:00-04:00,33.041754113328714,33.17864369806654,32.98186512398748,33.07597732543945,252500,0.0,0.0,0.0
2014-08-14 00:00:00-04:00,33.15299671324992,33.238551528317444,33.12733092147106,33.22144317626953,148700,0.0,0.0,0.0
2014-08-15 00:00:00-04:00,33.31554895531768,33.460996043357916,33.041769657049024,33.264217376708984,310700,0.0,0.0,0.0
2014-08-18 00:00:00-04:00,33.435334186452046,33.4695541549803,33.28988708130548,33.332664489746094,1260800,0.0,0.0,0.0
2014-08-19 00:00:00-04:00,33.43531861977628,33.537985004976186,33.41820701162538,33.47809600830078,229700,0.0,0.0,0.0
2014-08-20 00:00:00-04:00,33.45243520337042,33.55510487756283,33.409657804310086,33.52088165283203,349900,0.0,0.0,0.0
2014-08-21 00:00:00-04:00,33.520881492297626,33.60643629000857,33.418215082303234,33.4267692565918,141600,0.0,0.0,0.0
2014-08-22 00:00:00-04:00,33.50375904113199,33.580759639643716,33.38398105760381,33.46953582763672,203200,0.0,0.0,0.0
2014-08-25 00:00:00-04:00,33.58932784469524,33.700551703171264,33.5465504418065,33.69199752807617,201300,0.0,0.0,0.0
2014-08-26 00:00:00-04:00,33.73476824420424,33.73476824420424,33.58932118676446,33.614990234375,250300,0.0,0.0,0.0
2014-08-27 00:00:00-04:00,33.657774300282526,33.700551703171264,33.58932784469524,33.69199752807617,110700,0.0,0.0,0.0
2014-08-28 00:00:00-04:00,33.589328454303526,33.73477554321289,33.55510848959546,33.73477554321289,154000,0.0,0.0,0.0
2014-08-29 00:00:00-04:00,33.76044194383246,33.80321934827195,33.65777552043633,33.77755355834961,196100,0.0,0.0,0.0
2014-09-02 00:00:00-04:00,33.77755913131559,33.98289527569306,33.7262242792944,33.86311721801758,481400,0.0,0.0,0.0
2014-09-03 00:00:00-04:00,34.12831858007981,34.12831858007981,33.7262039739476,33.75187301635742,185300,0.0,0.0,0.0
2014-09-04 00:00:00-04:00,33.820324278890034,33.96577134168776,33.64921469494839,33.70054626464844,195300,0.0,0.0,0.0
2014-09-05 00:00:00-04:00,33.91444239068974,33.95721979409483,33.60643986424244,33.948665618896484,171200,0.0,0.0,0.0
2014-09-08 00:00:00-04:00,33.965768926056924,34.02565792891844,33.80321026368491,33.880210876464844,124200,0.0,0.0,0.0
2014-09-09 00:00:00-04:00,33.96578179330488,33.96578179330488,33.67489084190542,33.70911407470703,161400,0.0,0.0,0.0
2014-09-10 00:00:00-04:00,33.709102420477414,33.914435218883256,33.61499019466392,33.89732360839844,171700,0.0,0.0,0.0
2014-09-11 00:00:00-04:00,33.76044880413093,34.02567398748173,33.75189462698748,34.01711654663086,246700,0.0,0.0,0.0
2014-09-12 00:00:00-04:00,33.97433064227686,34.08555449958798,33.70910878892052,33.81177520751953,153700,0.0,0.0,0.0
2014-09-15 00:00:00-04:00,33.88021901184385,33.88021901184385,33.75188680219919,33.85455322265625,108000,0.0,0.0,0.0
2014-09-16 00:00:00-04:00,33.80321516292134,34.230995681764064,33.80321516292134,34.20532989501953,150400,0.0,0.0,0.0
2014-09-17 00:00:00-04:00,34.23955137950414,34.28232877647287,34.05988435401175,34.14543914794922,133500,0.0,0.0,0.0
2014-09-18 00:00:00-04:00,34.09410858154297,34.13688924757352,33.957218935882345,34.09410858154297,214900,0.0,0.0,0.0
2014-09-19 00:00:00-04:00,34.196772571985754,34.29088479965873,33.93154749978973,33.96577072143555,145800,0.0,0.0,0.0
2014-09-22 00:00:00-04:00,33.880211987212654,33.880211987212654,33.54654374212907,33.58932113647461,227100,0.0,0.0,0.0
2014-09-23 00:00:00-04:00,33.586750502241806,33.59532586312243,33.3980598449707,33.3980598449707,163400,0.097,0.0,0.0
2014-09-24 00:00:00-04:00,33.44952096931081,33.8354776348531,33.43236697619897,33.78401565551758,410100,0.0,0.0,0.0
2014-09-25 00:00:00-04:00,33.74970869272862,33.74970869272862,33.25225596455896,33.29513931274414,155700,0.0,0.0,0.0
2014-09-26 00:00:00-04:00,33.37234704533231,33.50100042489004,33.22654293550548,33.42380905151367,120400,0.0,0.0,0.0
2014-09-29 00:00:00-04:00,33.166480357266174,33.50097826853296,33.157904997803065,33.44951629638672,1261400,0.0,0.0,0.0
2014-09-30 00:00:00-04:00,33.492413263047986,33.59533397742266,33.35518455328491,33.50956726074219,312600,0.0,0.0,0.0
2014-10-01 00:00:00-04:00,33.423787531675735,33.423787531675735,33.080714254936396,33.15790557861328,462700,0.0,0.0,0.0
2014-10-02 00:00:00-04:00,33.16650043188747,33.389499174372666,32.95208032584696,33.26942443847656,658400,0.0,0.0,0.0
2014-10-03 00:00:00-04:00,33.46667780961638,33.91267185309844,33.42379445908328,33.861209869384766,301500,0.0,0.0,0.0
2014-10-06 00:00:00-04:00,33.94698000656513,33.94698000656513,33.535290678442756,33.7582893371582,241200,0.0,0.0,0.0
2014-10-07 00:00:00-04:00,33.681088548155884,33.8354711849435,33.48382257265815,33.5009765625,134200,0.0,0.0,0.0
2014-10-08 00:00:00-04:00,33.50097880525064,33.98985609721005,33.38947949970872,33.98127746582031,261000,0.0,0.0,0.0
2014-10-09 00:00:00-04:00,33.946972069839944,34.041314110696504,33.53528283796959,33.55243682861328,236000,0.0,0.0,0.0
2014-10-10 00:00:00-04:00,33.52671794066775,33.801175333033896,33.32087326049805,33.32087326049805,316200,0.0,0.0,0.0
2014-10-13 00:00:00-04:00,33.31229743291657,33.38948877792783,32.754804022080805,32.78053665161133,1656200,0.0,0.0,0.0
2014-10-14 00:00:00-04:00,32.917762056787105,33.115028080596446,32.797687370276186,32.90060806274414,405800,0.0,0.0,0.0
2014-10-15 00:00:00-04:00,32.61756366653502,32.77194630136337,31.94857443013816,32.57468032836914,727100,0.0,0.0,0.0
2014-10-16 00:00:00-04:00,32.102965687454045,32.43746039549391,32.00004499385482,32.09438705444336,383400,0.0,0.0,0.0
2014-10-17 00:00:00-04:00,32.40316240964938,32.78911921952583,32.25735832135766,32.669044494628906,359600,0.0,0.0,0.0
2014-10-20 00:00:00-04:00,32.60900400513203,33.32945555721655,32.60900400513203,33.30372619628906,5771000,0.0,0.0,0.0
2014-10-21 00:00:00-04:00,33.415220453159726,33.801177204983794,33.34660773716343,33.775447845458984,549700,0.0,0.0,0.0
2014-10-22 00:00:00-04:00,33.8526436301767,33.9298349906528,33.58676155036107,33.5953369140625,652900,0.0,0.0,0.0
2014-10-23 00:00:00-04:00,33.84406003955178,33.95555938209051,33.62106462626463,33.655372619628906,418000,0.0,0.0,0.0
2014-10-24 00:00:00-04:00,33.698267701625696,33.89553382442866,33.62965169102042,33.878379821777344,296300,0.0,0.0,0.0
2014-10-27 00:00:00-04:00,33.81832418619731,34.04131955666204,33.80974555360845,33.904090881347656,351600,0.0,0.0,0.0
2014-10-28 00:00:00-04:00,34.0070073317105,34.221427294024465,33.989853342110706,34.21284866333008,373900,0.0,0.0,0.0
2014-10-29 00:00:00-04:00,34.24715664252967,34.33292331873967,33.929816014405915,34.21284866333008,307700,0.0,0.0,0.0
2014-10-30 00:00:00-04:00,34.187132494646605,34.58166459217494,34.109941147583214,34.47016525268555,416300,0.0,0.0,0.0
2014-10-31 00:00:00-04:00,35.08770130304666,35.08770130304666,34.693169146218196,34.8132438659668,430600,0.0,0.0,0.0
2014-11-03 00:00:00-05:00,34.89042639493457,35.061963067646495,34.82181041713385,34.984771728515625,2000400,0.0,0.0,0.0
2014-11-04 00:00:00-05:00,34.881861042714874,35.25924252072309,34.881861042714874,35.13916778564453,1312800,0.0,0.0,0.0
2014-11-05 00:00:00-05:00,35.33641385805898,35.47364251632799,35.173452577009385,35.22491455078125,576500,0.0,0.0,0.0
2014-11-06 00:00:00-05:00,35.34500355545836,35.61946098332977,35.310695559026776,35.61088562011719,336900,0.0,0.0,0.0
2014-11-07 00:00:00-05:00,35.61945552422612,35.696646868471376,35.4650728357356,35.67091751098633,218300,0.0,0.0,0.0
2014-11-10 00:00:00-05:00,35.71381046328015,35.833885192871094,35.54227373309694,35.833885192871094,223500,0.0,0.0,0.0
2014-11-11 00:00:00-05:00,35.833885390605985,35.89392275573275,35.610889930391004,35.73096466064453,246300,0.0,0.0,0.0
2014-11-12 00:00:00-05:00,35.63660181842455,35.705217785942985,35.42218182761359,35.66233444213867,196100,0.0,0.0,0.0
2014-11-13 00:00:00-05:00,35.65376265037611,35.93679866300514,35.593725303174196,35.756683349609375,195600,0.0,0.0,0.0
2014-11-14 00:00:00-05:00,35.80814855683412,35.80814855683412,35.542266515453825,35.62803649902344,207000,0.0,0.0,0.0
2014-11-17 00:00:00-05:00,35.61945108863,35.98825376834354,35.61945108863,35.9625244140625,277400,0.0,0.0,0.0
2014-11-18 00:00:00-05:00,35.97967514561219,36.15978715283001,35.97967514561219,36.08259582519531,264700,0.0,0.0,0.0
2014-11-19 00:00:00-05:00,36.02257649078635,36.16838058707507,35.979693125512675,36.15122985839844,387800,0.0,0.0,0.0
2014-11-20 00:00:00-05:00,36.03113430475627,36.082596281092755,35.816714311038446,35.89390563964844,516400,0.0,0.0,0.0
2014-11-21 00:00:00-05:00,36.2284227539355,36.25415211982762,35.87677390898133,35.88534927368164,289000,0.0,0.0,0.0
2014-11-24 00:00:00-05:00,35.876761769575126,36.022565822683895,35.80814578802506,35.86818313598633,251700,0.0,0.0,0.0
2014-11-25 00:00:00-05:00,35.876756241436354,36.031135632556,35.816715630936486,35.919639587402344,238000,0.0,0.0,0.0
2014-11-26 00:00:00-05:00,35.95394832665863,36.24555969238281,35.95394832665863,36.24555969238281,301300,0.0,0.0,0.0
2014-11-28 00:00:00-05:00,36.30560931763938,36.734449475295655,36.297030682283435,36.58864212036133,123900,0.0,0.0,0.0
2014-12-01 00:00:00-05:00,36.81162502943709,36.81162502943709,36.32274767790111,36.3570556640625,1160300,0.0,0.0,0.0
2014-12-02 00:00:00-05:00,36.42567093420906,36.45140028743929,36.21982629299846,36.339900970458984,1290700,0.0,0.0,0.0
2014-12-03 00:00:00-05:00,36.39136739052109,36.39994275204799,36.20267671902953,36.34848403930664,238100,0.0,0.0,0.0
2014-12-04 00:00:00-05:00,36.417093626545075,36.51143895420701,36.27128959055096,36.36563491821289,218700,0.0,0.0,0.0
2014-12-05 00:00:00-05:00,36.41709191926023,36.554320588028745,36.408516558870126,36.537166595458984,180800,0.0,0.0,0.0
2014-12-08 00:00:00-05:00,36.51144364076772,36.734442311463326,36.288448241862234,36.39994430541992,256400,0.0,0.0,0.0
2014-12-09 00:00:00-05:00,36.15121661504,36.39136599003097,35.92821796244281,36.31417465209961,805000,0.0,0.0,0.0
2014-12-10 00:00:00-05:00,36.27986589851024,36.408519216278876,35.95394655947553,35.98825454711914,219600,0.0,0.0,0.0
2014-12-11 00:00:00-05:00,36.09117625505771,36.60578295039985,36.09117625505771,36.339900970458984,223500,0.0,0.0,0.0
2014-12-12 00:00:00-05:00,36.09975215082116,36.39136348831624,35.71379548769685,35.739524841308594,402500,0.0,0.0,0.0
2014-12-15 00:00:00-05:00,35.82529448994608,35.945369168126646,35.310684519728476,35.52510452270508,328800,0.0,0.0,0.0
2014-12-16 00:00:00-05:00,35.405033111572266,36.142638513361675,35.405033111572266,35.405033111572266,358700,0.0,0.0,0.0
2014-12-17 00:00:00-05:00,35.52511398485728,36.03972409214184,35.40503927469469,35.97968673706055,302000,0.0,0.0,0.0
2014-12-18 00:00:00-05:00,36.459995470114364,36.68299422531265,36.21984598463131,36.674415588378906,335400,0.0,0.0,0.0
2014-12-19 00:00:00-05:00,36.768750809605635,36.880250156412394,36.597214108008416,36.700138092041016,398100,0.0,0.0,0.0
2014-12-22 00:00:00-05:00,36.80304658360244,37.09465789794922,36.777317232033106,37.09465789794922,298300,0.0,0.0,0.0
2014-12-23 00:00:00-05:00,37.22537043811559,37.319960721833674,37.096383091175575,37.24256896972656,256100,0.112,0.0,0.0
2014-12-24 00:00:00-05:00,37.362961882132744,37.37155950928513,37.182382189367196,37.26837158203125,304300,0.0,0.0,0.0
2014-12-26 00:00:00-05:00,37.40594968819531,37.448944376607606,37.276962342673954,37.31135940551758,130100,0.0,0.0,0.0
2014-12-29 00:00:00-05:00,37.27696339365032,37.29416192555702,37.0533890394323,37.21677017211914,657500,0.0,0.0,0.0
2014-12-30 00:00:00-05:00,37.19097730986442,37.26836907015993,36.98459818898146,37.00179672241211,3029100,0.0,0.0,0.0
2014-12-31 00:00:00-05:00,37.13077535478822,37.13077535478822,36.606231689453125,36.606231689453125,415100,0.0,0.0,0.0
2015-01-02 00:00:00-05:00,36.7954308943977,36.7954308943977,36.08170632409244,36.356876373291016,1039900,0.0,0.0,0.0
2015-01-05 00:00:00-05:00,36.25367341388704,36.27946957022908,35.8753155729715,35.969905853271484,1431800,0.0,0.0,0.0
2015-01-06 00:00:00-05:00,36.14187483799428,36.34825387382543,35.729120046615485,35.88390350341797,1349000,0.0,0.0,0.0
2015-01-07 00:00:00-05:00,36.13328929053638,36.64063450621165,36.06449516217417,36.623435974121094,590900,0.0,0.0,0.0
2015-01-08 00:00:00-05:00,36.88140700064984,37.242569610121464,36.88140700064984,37.21677017211914,472200,0.0,0.0,0.0
2015-01-09 00:00:00-05:00,37.25116480817042,37.25116480817042,36.958796345380065,37.01898956298828,634400,0.0,0.0,0.0
2015-01-12 00:00:00-05:00,36.984594246567276,37.09638306180783,36.64063345547369,36.71802520751953,359700,0.0,0.0,0.0
2015-01-13 00:00:00-05:00,36.898600128478385,37.14797388417607,36.34826030920355,36.606231689453125,450900,0.0,0.0,0.0
2015-01-14 00:00:00-05:00,36.33107511105619,36.68363689216508,36.22788717714963,36.657840728759766,456600,0.0,0.0,0.0
2015-01-15 00:00:00-05:00,36.898604100177685,36.93300116265582,36.55464003596521,36.67502975463867,347600,0.0,0.0,0.0
2015-01-16 00:00:00-05:00,36.58042919254232,37.087774240516985,36.58042919254232,37.07057571411133,687600,0.0,0.0,0.0
2015-01-20 00:00:00-05:00,37.22536267391522,37.26835735383287,36.786808410017265,37.17376708984375,1601000,0.0,0.0,0.0
2015-01-21 00:00:00-05:00,37.19098527339495,37.483353843749825,37.07059879388745,37.457557678222656,1398800,0.0,0.0,0.0
2015-01-22 00:00:00-05:00,37.6123261283325,37.81010430528713,37.25976445979871,37.77570724487305,657900,0.0,0.0,0.0
2015-01-23 00:00:00-05:00,37.68973531477153,37.76712381608784,37.60374262394383,37.620941162109375,422100,0.0,0.0,0.0
2015-01-26 00:00:00-05:00,37.5951329101683,37.88750140443007,37.53493968608071,37.86170196533203,472600,0.0,0.0,0.0
2015-01-27 00:00:00-05:00,37.64673549649174,37.81871758948894,37.414560162988366,37.67253494262695,535300,0.0,0.0,0.0
2015-01-28 00:00:00-05:00,37.7327166444278,37.88750015276376,37.079185546946086,37.113582611083984,332400,0.0,0.0,0.0
2015-01-29 00:00:00-05:00,37.216772986546644,37.35435797192024,36.82981747037922,37.345760345458984,394800,0.0,0.0,0.0
2015-01-30 00:00:00-05:00,37.208177188455046,37.259772790612296,36.468656625625954,36.5202522277832,521300,0.0,0.0,0.0
2015-02-02 00:00:00-05:00,36.63203611495556,36.890010833740234,36.04729910487063,36.890010833740234,1191800,0.0,0.0,0.0
2015-02-03 00:00:00-05:00,37.06199076672712,37.11358636815708,36.77822315957464,37.07918930053711,446500,0.0,0.0,0.0
2015-02-04 00:00:00-05:00,37.10498289067907,37.52633542158764,37.07058582848283,37.30276107788086,2817800,0.0,0.0,0.0
2015-02-05 00:00:00-05:00,37.3715649926562,37.483353843749825,37.31997266160187,37.457557678222656,399400,0.0,0.0,0.0
2015-02-06 00:00:00-05:00,37.52633402786137,37.66391899125204,37.36295290892378,37.50053787231445,900300,0.0,0.0,0.0
2015-02-09 00:00:00-05:00,37.40595387222624,37.40595387222624,37.10498773939123,37.20817565917969,382200,0.0,0.0,0.0
2015-02-10 00:00:00-05:00,37.4231469531657,37.63812366823654,37.23396639421237,37.57793045043945,390100,0.0,0.0,0.0
2015-02-11 00:00:00-05:00,37.672530003469596,37.878905863780304,37.53494500316741,37.732723236083984,571900,0.0,0.0,0.0
2015-02-12 00:00:00-05:00,37.87890909160639,38.042293548583984,37.74132407957998,38.042293548583984,340500,0.0,0.0,0.0
2015-02-13 00:00:00-05:00,37.964896372239984,38.145476059776264,37.870306074877654,38.13687515258789,490000,0.0,0.0,0.0
2015-02-17 00:00:00-05:00,38.17986438148004,38.27445137688882,37.887495929467214,38.197059631347656,675800,0.0,0.0,0.0
2015-02-18 00:00:00-05:00,38.10247338062589,38.54102442707419,38.10247338062589,38.515228271484375,425400,0.0,0.0,0.0
2015-02-19 00:00:00-05:00,38.49804338640916,38.55823662431008,38.31746367270642,38.36045837402344,551800,0.0,0.0,0.0
2015-02-20 00:00:00-05:00,38.283060197495665,38.60122487037772,38.13687430112181,38.58402633666992,488200,0.0,0.0,0.0
2015-02-23 00:00:00-05:00,38.55823216634771,38.66142009363543,38.54103363175225,38.635623931884766,336000,0.0,0.0,0.0
2015-02-24 00:00:00-05:00,38.64422237018392,38.747413579922686,38.54103444073028,38.713016510009766,249400,0.0,0.0,0.0
2015-02-25 00:00:00-05:00,38.7043982632526,38.755993845007744,38.53241955130278,38.62700653076172,265100,0.0,0.0,0.0
2015-02-26 00:00:00-05:00,38.721615964537634,38.721615964537634,38.49804156012389,38.66142272949219,443400,0.0,0.0,0.0
2015-02-27 00:00:00-05:00,38.79900897284673,39.03978520099335,38.79900897284673,38.919395446777344,250000,0.0,0.0,0.0
2015-03-02 00:00:00-05:00,38.91939640500733,39.10857702886204,38.87640170330003,39.099979400634766,1429200,0.0,0.0,0.0
2015-03-03 00:00:00-05:00,39.09136539317122,39.09136539317122,38.7388037088529,38.94518280029297,438000,0.0,0.0,0.0
2015-03-04 00:00:00-05:00,38.884985269639486,38.884985269639486,38.6442091429476,38.76459884643555,335100,0.0,0.0,0.0
2015-03-05 00:00:00-05:00,38.85918848472691,38.97097729115807,38.678608837611804,38.79039764404297,284100,0.0,0.0,0.0
2015-03-06 00:00:00-05:00,38.67860988717671,38.67860988717671,38.08527533900482,38.20566177368164,312700,0.0,0.0,0.0
2015-03-09 00:00:00-04:00,38.30025073271463,38.48083037850757,38.24005751745032,38.437835693359375,215800,0.0,0.0,0.0
2015-03-10 00:00:00-04:00,38.12827430078045,38.12827430078045,37.767111675970185,37.86170196533203,342700,0.0,0.0,0.0
2015-03-11 00:00:00-04:00,37.90470135655028,37.90470135655028,37.47474786537499,37.66392517089844,294500,0.0,0.0,0.0
2015-03-12 00:00:00-04:00,37.78430111011068,38.26585006713867,37.78430111011068,38.26585006713867,273900,0.0,0.0,0.0
2015-03-13 00:00:00-04:00,38.25725563090667,38.25725563090667,37.7757066337525,38.0164794921875,346700,0.0,0.0,0.0
2015-03-16 00:00:00-04:00,38.19705865728287,38.39484010884327,38.119670193999404,38.326045989990234,6174700,0.0,0.0,0.0
2015-03-17 00:00:00-04:00,38.17987903773843,38.326061679718435,37.99929604196514,38.25727081298828,2999100,0.0,0.0,0.0
2015-03-18 00:00:00-04:00,38.16266735612833,38.73020575238086,37.90469595424706,38.558223724365234,334200,0.0,0.0,0.0
2015-03-19 00:00:00-04:00,38.55823017625067,38.65282047150112,38.420645186873166,38.58402633666992,230600,0.0,0.0,0.0
2015-03-20 00:00:00-04:00,38.69580883239687,38.87638848634648,38.69580883239687,38.84199142456055,236700,0.0,0.0,0.0
2015-03-23 00:00:00-04:00,38.816193799263914,39.0741651923261,38.79039764404297,38.79039764404297,285500,0.0,0.0,0.0
2015-03-24 00:00:00-04:00,38.8677907187365,38.89358687483932,38.53242756826241,38.558223724365234,359700,0.0,0.0,0.0
2015-03-25 00:00:00-04:00,38.89216105565621,38.93552810235116,38.32837952254117,38.37174987792969,318400,0.385,0.0,0.0
2015-03-26 00:00:00-04:00,38.215626052313965,38.38042215404912,38.09419368879515,38.180931091308594,255200,0.0,0.0,0.0
2015-03-27 00:00:00-04:00,38.16357924076357,38.58858419267891,38.16357924076357,38.52786636352539,269200,0.0,0.0,0.0
2015-03-30 00:00:00-04:00,38.631952848901264,39.02226286009361,38.51919588818051,38.98756790161133,311300,0.0,0.0,0.0
2015-03-31 00:00:00-04:00,38.85746678106454,38.952876270694546,38.67532319651287,38.710018157958984,314100,0.0,0.0,0.0
2015-04-01 00:00:00-04:00,38.65797347054161,38.683993035768175,38.33705336753809,38.666648864746094,662900,0.0,0.0,0.0
2015-04-02 00:00:00-04:00,38.64929886192926,39.07430050678753,38.64929886192926,38.935523986816406,419600,0.0,0.0,0.0
2015-04-06 00:00:00-04:00,38.84879342978067,39.33450963943246,38.788078903574196,39.22175598144531,257200,0.0,0.0,0.0
2015-04-07 00:00:00-04:00,39.32583547508024,39.32583547508024,38.97022042237018,38.98756790161133,256600,0.0,0.0,0.0
2015-04-08 00:00:00-04:00,39.06562493231457,39.169706485822545,38.90082555484294,39.15235900878906,252100,0.0,0.0,0.0
2015-04-09 00:00:00-04:00,39.22176166366982,39.25645332031836,38.86614654064376,39.143699645996094,397900,0.0,0.0,0.0
2015-04-10 00:00:00-04:00,39.178388159189126,39.256450170599585,39.05695909892702,39.230430603027344,223900,0.0,0.0,0.0
2015-04-13 00:00:00-04:00,39.22176067465302,39.360537223829795,39.10033160771008,39.11767578125,261500,0.0,0.0,0.0
2015-04-14 00:00:00-04:00,39.108997829917485,39.21307939901911,38.857464338286256,39.13501739501953,258300,0.0,0.0,0.0
2015-04-15 00:00:00-04:00,39.24777367253917,39.35185523982226,39.039607229279625,39.048282623291016,432200,0.0,0.0,0.0
2015-04-16 00:00:00-04:00,39.02226873339822,39.074307870260796,38.90083636043324,38.9702262878418,380700,0.0,0.0,0.0
2015-04-17 00:00:00-04:00,38.874806756374724,38.874806756374724,38.29368115346934,38.51919174194336,274600,0.0,0.0,0.0
2015-04-20 00:00:00-04:00,38.701342665702654,38.79675215509218,38.536546562289416,38.55389404296875,236300,0.0,0.0,0.0
2015-04-21 00:00:00-04:00,38.553888748367584,38.66664570295154,38.42378431548662,38.50184631347656,284100,0.0,0.0,0.0
2015-04-22 00:00:00-04:00,38.52786636352539,38.55388923564639,38.24164123974013,38.52786636352539,197500,0.0,0.0,0.0
2015-04-23 00:00:00-04:00,38.44113716893553,38.56256622530061,38.371750554738476,38.4584846496582,181300,0.0,0.0,0.0
2015-04-24 00:00:00-04:00,38.48450373242934,38.60593278726736,38.39776963860034,38.432464599609375,185500,0.0,0.0,0.0
2015-04-27 00:00:00-04:00,38.5018492484905,38.571239166968155,38.328377760989795,38.354400634765625,242500,0.0,0.0,0.0
2015-04-28 00:00:00-04:00,38.337059020996094,38.44981600142821,38.11154506013186,38.337059020996094,378600,0.0,0.0,0.0
2015-04-29 00:00:00-04:00,38.19827237648266,38.276334371737185,37.88602439546455,37.9814338684082,334800,0.0,0.0,0.0
2015-04-30 00:00:00-04:00,37.89469771839688,38.14623119006993,37.582453035867374,37.721229553222656,402500,0.0,0.0,0.0
2015-05-01 00:00:00-04:00,37.868677726636754,38.25031231786988,37.80796320777451,38.22429275512695,805000,0.0,0.0,0.0
2015-05-04 00:00:00-04:00,38.328385864347965,38.45849033465344,38.30236629376452,38.380428314208984,572000,0.0,0.0,0.0
2015-05-05 00:00:00-04:00,38.33705144955639,38.38041849232884,37.90337440444533,37.990108489990234,349900,0.0,0.0,0.0
2015-05-06 00:00:00-04:00,38.12889553659164,38.15491841639269,37.773280393789776,37.938079833984375,266000,0.0,0.0,0.0
2015-05-07 00:00:00-04:00,37.660505656143904,38.12887756750169,37.60846653845479,38.05081558227539,360300,0.0,0.0,0.0
2015-05-08 00:00:00-04:00,38.27633518930593,38.47582622395232,38.189597799007636,38.22429275512695,175600,0.0,0.0,0.0
2015-05-11 00:00:00-04:00,38.23296679241779,38.49317233669719,38.21561931497343,38.328372955322266,162300,0.0,0.0,0.0
2015-05-12 00:00:00-04:00,38.180932853169466,38.30236191359804,37.98144178122342,38.198280334472656,211600,0.0,0.0,0.0
2015-05-13 00:00:00-04:00,38.276338918107456,38.46715457796632,38.21562439333053,38.319705963134766,195500,0.0,0.0,0.0
2015-05-14 00:00:00-04:00,38.501850620111895,38.796751166760856,38.4498114880932,38.77940368652344,189000,0.0,0.0,0.0
2015-05-15 00:00:00-04:00,38.796749421487284,39.013587951660156,38.77072985664842,39.013587951660156,116700,0.0,0.0,0.0
2015-05-18 00:00:00-04:00,38.90951545303868,39.10900655025394,38.90084005694132,39.06563949584961,294100,0.0,0.0,0.0
2015-05-19 00:00:00-04:00,39.06563039003127,39.18705943753714,38.92685386306837,39.013587951660156,323100,0.0,0.0,0.0
2015-05-20 00:00:00-04:00,39.07429985160384,39.28246628241667,39.00491324712834,39.10032272338867,175900,0.0,0.0,0.0
2015-05-21 00:00:00-04:00,39.01359020277499,39.35185779997204,39.01359020277499,39.30849075317383,163100,0.0,0.0,0.0
2015-05-22 00:00:00-04:00,39.27380576733476,39.29115325219881,39.17839625492967,39.2564582824707,190500,0.0,0.0,0.0
2015-05-26 00:00:00-04:00,39.21308479664986,39.239107674027345,39.00492162979322,39.09165573120117,248400,0.0,0.0,0.0
2015-05-27 00:00:00-04:00,39.20440304756354,39.377874516319075,39.17838017659972,39.36052703857422,154600,0.0,0.0,0.0
2015-05-28 00:00:00-04:00,39.30848299339748,39.360525424497936,39.09164449351833,39.15235900878906,118300,0.0,0.0,0.0
2015-05-29 00:00:00-04:00,39.15236447862306,39.17838404346192,38.97022090736426,39.013587951660156,281600,0.0,0.0,0.0
2015-06-01 00:00:00-04:00,39.213082449430466,39.213082449430466,38.71869082187193,38.89216232299805,440400,0.0,0.0,0.0
2015-06-02 00:00:00-04:00,38.814099733603705,38.831447214326765,38.61460866832898,38.710018157958984,1111000,0.0,0.0,0.0
2015-06-03 00:00:00-04:00,38.8487936074731,38.874813173482444,38.657974633555085,38.77940368652344,1084300,0.0,0.0,0.0
2015-06-04 00:00:00-04:00,38.76204403801399,38.76204403801399,38.29367545340934,38.3457145690918,631400,0.0,0.0,0.0
2015-06-05 00:00:00-04:00,38.319701125600254,38.319701125600254,37.97275819179344,38.01612854003906,261300,0.0,0.0,0.0
2015-06-08 00:00:00-04:00,38.120216559823405,38.120216559823405,37.92072549710419,37.92939758300781,314200,0.0,0.0,0.0
2015-06-09 00:00:00-04:00,37.99878106247942,38.1288821811372,37.799290033583056,38.01612854003906,192600,0.0,0.0,0.0
2015-06-10 00:00:00-04:00,38.154913467773845,38.536548132185295,38.154913467773845,38.510528564453125,236700,0.0,0.0,0.0
2015-06-11 00:00:00-04:00,38.58858900432742,38.71001806038913,38.49317951493789,38.55389404296875,146000,0.0,0.0,0.0
2015-06-12 00:00:00-04:00,38.49317422867465,38.53654127007058,38.363069795793685,38.50184631347656,239200,0.0,0.0,0.0
2015-06-15 00:00:00-04:00,38.43246508205344,38.43246508205344,38.10286956571737,38.20695114135742,148700,0.0,0.0,0.0
2015-06-16 00:00:00-04:00,38.241648608844464,38.736040261400106,38.241648608844464,38.718692779541016,178900,0.0,0.0,0.0
2015-06-17 00:00:00-04:00,38.82276634332724,38.93552329777495,38.64062278446852,38.84878921508789,339900,0.0,0.0,0.0
2015-06-18 00:00:00-04:00,38.94419161826492,39.32582614494643,38.94419161826492,39.12633514404297,351000,0.0,0.0,0.0
2015-06-19 00:00:00-04:00,39.135016141439266,39.43859206224381,39.135016141439266,39.39522171020508,130700,0.0,0.0,0.0
2015-06-22 00:00:00-04:00,39.629407826915426,39.629407826915426,39.46461173825889,39.55134582519531,402600,0.0,0.0,0.0
2015-06-23 00:00:00-04:00,39.629404209720285,39.629404209720285,39.447260658563046,39.612056732177734,138900,0.0,0.0,0.0
2015-06-24 00:00:00-04:00,39.57208652066809,39.63292627586843,39.24181451115708,39.30265426635742,188600,0.094,0.0,0.0
2015-06-25 00:00:00-04:00,39.424336438870675,39.45040967414055,39.18966737488714,39.22443389892578,219200,0.0,0.0,0.0
2015-06-26 00:00:00-04:00,39.29396161258552,39.29396161258552,38.9376130482939,39.08536911010742,240200,0.0,0.0,0.0
2015-06-29 00:00:00-04:00,38.885466692262064,38.920229899096356,38.28575578599726,38.32052230834961,206800,0.0,0.0,0.0
2015-06-30 00:00:00-04:00,38.55518665989015,38.74639919399532,38.25098459967575,38.25967788696289,571200,0.0,0.0,0.0
2015-07-01 00:00:00-04:00,38.46826861418253,38.668174426478515,38.39004560974595,38.65079116821289,1840500,0.0,0.0,0.0
2015-07-02 00:00:00-04:00,38.61603101811265,38.7637837644535,38.424818461183975,38.58126449584961,1120700,0.0,0.0,0.0
2015-07-06 00:00:00-04:00,38.28574521862593,38.58994723196812,38.17275570992642,38.381351470947266,465100,0.0,0.0,0.0
2015-07-07 00:00:00-04:00,38.45958195569718,38.9028434753418,38.068466899823825,38.9028434753418,381900,0.0,0.0,0.0
2015-07-08 00:00:00-04:00,38.694254358658455,38.74640414248863,38.32052253000411,38.346595764160156,373800,0.0,0.0,0.0
2015-07-09 00:00:00-04:00,38.78116915697998,38.8593921786119,38.45958709716797,38.45958709716797,234100,0.0,0.0,0.0
2015-07-10 00:00:00-04:00,38.78115613851202,38.937602129258416,38.772466168144824,38.87676239013672,596900,0.0,0.0,0.0
2015-07-13 00:00:00-04:00,39.12013476613427,39.32004062384235,39.0679882950089,39.276580810546875,683500,0.0,0.0,0.0
2015-07-14 00:00:00-04:00,39.29396563611952,39.38088195065029,39.24181916291945,39.36349868774414,370700,0.0,0.0,0.0
2015-07-15 00:00:00-04:00,39.328728357950844,39.328728357950844,39.04190952101877,39.11144256591797,216300,0.0,0.0,0.0
2015-07-16 00:00:00-04:00,39.250502695408144,39.47647844506762,39.250502695408144,39.441715240478516,271600,0.0,0.0,0.0
2015-07-17 00:00:00-04:00,39.44173277567664,39.44173277567664,39.14622385442447,39.35481643676758,260500,0.0,0.0,0.0
2015-07-20 00:00:00-04:00,39.37217276003141,39.38086604573269,39.2418033141657,39.32871627807617,268000,0.0,0.0,0.0
2015-07-21 00:00:00-04:00,39.30265490090763,39.38087791821643,39.01583606560269,39.08536911010742,234100,0.0,0.0,0.0
2015-07-22 00:00:00-04:00,39.03322177057982,39.35480383275318,39.03322177057982,39.276580810546875,235700,0.0,0.0,0.0
2015-07-23 00:00:00-04:00,39.36349465709025,39.39826117934261,39.033219326728876,39.08536911010742,266100,0.0,0.0,0.0
2015-07-24 00:00:00-04:00,39.1722654161158,39.1722654161158,38.71162079678116,38.76376724243164,223900,0.0,0.0,0.0
2015-07-27 00:00:00-04:00,38.61602742447867,38.65948391550436,38.355285162806815,38.60733413696289,231000,0.0,0.0,0.0
2015-07-28 00:00:00-04:00,38.80724608471367,39.26789093017578,38.61603351541923,39.26789093017578,366200,0.0,0.0,0.0
2015-07-29 00:00:00-04:00,39.2678795369136,39.58077153569654,39.22442305164203,39.51993179321289,334500,0.0,0.0,0.0
2015-07-30 00:00:00-04:00,39.302656389082365,39.754611248922,39.27657983864669,39.72853469848633,299000,0.0,0.0,0.0
2015-07-31 00:00:00-04:00,39.78937445697261,39.832834269192674,39.70246146356883,39.72853469848633,356400,0.0,0.0,0.0
2015-08-03 00:00:00-04:00,39.59815938234295,39.6676891037325,39.398256874511176,39.5894660949707,647400,0.0,0.0,0.0
2015-08-04 00:00:00-04:00,39.5981619425676,39.89367073749415,39.372182873526064,39.77198791503906,277800,0.0,0.0,0.0
2015-08-05 00:00:00-04:00,39.91974756020086,40.11096012573648,39.745918256579216,39.99797058105469,272900,0.0,0.0,0.0
2015-08-06 00:00:00-04:00,40.11964690162096,40.1891799437355,39.6850753349589,39.78068161010742,375400,0.0,0.0,0.0
2015-08-07 00:00:00-04:00,39.74591445245086,39.74591445245086,39.25919311199858,39.49386215209961,245500,0.0,0.0,0.0
2015-08-10 00:00:00-04:00,39.70245352225741,40.058802028764916,39.66768700564265,39.711143493652344,302300,0.0,0.0,0.0
2015-08-11 00:00:00-04:00,39.433021952692854,39.667690990137984,39.33741568015767,39.441715240478516,477400,0.0,0.0,0.0
2015-08-12 00:00:00-04:00,39.24181085698758,39.62423261342432,38.86807907240539,39.5894660949707,258700,0.0,0.0,0.0
2015-08-13 00:00:00-04:00,39.64162179766188,39.90236409400033,39.64162179766188,39.719844818115234,456800,0.0,0.0,0.0
2015-08-14 00:00:00-04:00,39.685073236945186,39.91974226839871,39.61554351402438,39.90235900878906,439900,0.0,0.0,0.0
2015-08-17 00:00:00-04:00,39.80675497565632,40.06749725341797,39.65900223394796,40.06749725341797,322700,0.0,0.0,0.0
2015-08-18 00:00:00-04:00,40.11964154649776,40.11964154649776,39.65030352142512,39.6850700378418,278600,0.0,0.0,0.0
2015-08-19 00:00:00-04:00,39.60685177199623,39.60685177199623,39.10275048571667,39.23311996459961,283400,0.0,0.0,0.0
2015-08-20 00:00:00-04:00,38.98975891562557,39.259191147225096,38.81592963734083,38.842002868652344,253300,0.0,0.0,0.0
2015-08-21 00:00:00-04:00,38.46827301142198,38.5378060524327,37.67735290527344,37.67735290527344,854800,0.0,0.0,0.0
2015-08-24 00:00:00-04:00,34.62666152930026,37.31231386362127,24.014423326566394,36.573543548583984,2206800,0.0,0.0,0.0
2015-08-25 00:00:00-04:00,37.30362973229681,38.04240354418917,36.130287575581235,36.138980865478516,2185000,0.0,0.0,0.0
2015-08-26 00:00:00-04:00,36.22588255147796,37.26016158631344,36.1302762855948,37.19063186645508,988900,0.0,0.0,0.0
2015-08-27 00:00:00-04:00,37.633892948431864,38.12930421572106,37.30361766506654,37.94678497314453,752500,0.0,0.0,0.0
2015-08-28 00:00:00-04:00,37.85986470288049,38.04238391030041,37.738181915750275,37.96416091918945,344900,0.0,0.0,0.0
2015-08-31 00:00:00-04:00,37.81642075657032,37.95548354177224,37.616518210062445,37.746891021728516,562300,0.0,0.0,0.0
2015-09-01 00:00:00-04:00,37.05157824438111,37.31232056027839,36.59962334958391,36.782142639160156,965600,0.0,0.0,0.0
2015-09-02 00:00:00-04:00,37.173254026466466,37.321006774902344,36.92120170976258,37.321006774902344,311500,0.0,0.0,0.0
2015-09-03 00:00:00-04:00,37.425301995450226,37.903330023499144,37.425301995450226,37.529598236083984,427100,0.0,0.0,0.0
2015-09-04 00:00:00-04:00,37.138484323734204,37.303620319408346,36.92989183609507,37.10371780395508,315200,0.0,0.0,0.0
2015-09-08 00:00:00-04:00,37.65128473524251,37.7729642578544,37.251479642226776,37.746891021728516,3262700,0.0,0.0,0.0
2015-09-09 00:00:00-04:00,38.051081628368244,38.08584814605623,37.11240885941592,37.19063186645508,345800,0.0,0.0,0.0
2015-09-10 00:00:00-04:00,37.09502468524471,37.65127569245642,37.07764142682965,37.390533447265625,471700,0.0,0.0,0.0
2015-09-11 00:00:00-04:00,37.38183694809996,37.686038970947266,37.26885075138722,37.686038970947266,254700,0.0,0.0,0.0
2015-09-14 00:00:00-04:00,37.71212537271573,37.71212537271573,37.46876632183798,37.55567932128906,207200,0.0,0.0,0.0
2015-09-15 00:00:00-04:00,37.59913715242437,37.964179057185774,37.442694410976365,37.91202926635742,338600,0.0,0.0,0.0
2015-09-16 00:00:00-04:00,38.016323618306515,38.3465956348967,37.97286380750217,38.311832427978516,364700,0.0,0.0,0.0
2015-09-17 00:00:00-04:00,38.21622435537295,38.66817917927767,38.0684682997128,38.1988410949707,557100,0.0,0.0,0.0
2015-09-18 00:00:00-04:00,37.703436244898064,38.06847482940476,37.55568016389407,37.616519927978516,265000,0.0,0.0,0.0
2015-09-21 00:00:00-04:00,37.799040809498614,37.99894335600648,37.57306171134653,37.746891021728516,302300,0.0,0.0,0.0
2015-09-22 00:00:00-04:00,37.347091333675316,37.40793110378614,36.88644309716916,37.08634567260742,245600,0.0,0.0,0.0
2015-09-23 00:00:00-04:00,37.11683626637451,37.16041019191505,36.86410284397106,37.047115325927734,139300,0.115,0.0,0.0
2015-09-24 00:00:00-04:00,36.794383874371654,37.07326097694432,36.65494532308532,37.0035400390625,225000,0.0,0.0,0.0
2015-09-25 00:00:00-04:00,37.32598955400672,37.5961498421029,37.003535244797206,37.16912078857422,240400,0.0,0.0,0.0
2015-09-28 00:00:00-04:00,37.020974403742436,37.020974403742436,36.0449044358438,36.158199310302734,649900,0.0,0.0,0.0
2015-09-29 00:00:00-04:00,36.22792635730581,36.32379102029188,35.844471029840086,36.123348236083984,800000,0.0,0.0,0.0
2015-09-30 00:00:00-04:00,36.43707927795834,36.62009178783395,36.166915579229155,36.524227142333984,527000,0.0,0.0,0.0
2015-10-01 00:00:00-04:00,36.57653155016905,36.672396231561464,36.16692912039391,36.550384521484375,419300,0.0,0.0,0.0
2015-10-02 00:00:00-04:00,36.15819820506872,37.177842070599056,36.123337733304204,37.1604118347168,283700,0.0,0.0,0.0
2015-10-05 00:00:00-04:00,37.439289563256764,37.997043822567626,37.439289563256764,37.92732620239258,744200,0.0,0.0,0.0
2015-10-06 00:00:00-04:00,37.88374733562181,37.90117756951274,37.474145150378,37.52643585205078,312600,0.0,0.0,0.0
2015-10-07 00:00:00-04:00,37.44799746066641,37.5264318425567,36.93381725149157,37.247554779052734,1573400,0.0,0.0,0.0
2015-10-08 00:00:00-04:00,37.1778434769321,37.840175843124236,37.151699784358556,37.77045822143555,352300,0.0,0.0,0.0
2015-10-09 00:00:00-04:00,37.84017549406641,38.15391309996564,37.80531834578245,37.98833084106445,451200,0.0,0.0,0.0
2015-10-12 00:00:00-04:00,38.02319518047019,38.13648674174977,37.97090446601023,38.12777328491211,705900,0.0,0.0,0.0
2015-10-13 00:00:00-04:00,37.97090226159862,38.092910597110624,37.657164642008986,37.67459487915039,350500,0.0,0.0,0.0
2015-10-14 00:00:00-04:00,37.69201881327915,37.69201881327915,37.14297807081012,37.23012924194336,188400,0.0,0.0,0.0
2015-10-15 00:00:00-04:00,37.360862569814984,37.52644818395477,37.12555932167814,37.50901794433594,250500,0.0,0.0,0.0
2015-10-16 00:00:00-04:00,37.54386100826269,37.97960682317116,37.54386100826269,37.970890045166016,211300,0.0,0.0,0.0
2015-10-19 00:00:00-04:00,37.85759977399899,38.145193642316336,37.85759977399899,38.101619720458984,357100,0.0,0.0,0.0
2015-10-20 00:00:00-04:00,38.023188857843664,38.17134087079466,37.97089815207878,38.03190231323242,252300,0.0,0.0,0.0
2015-10-21 00:00:00-04:00,38.11905348950722,38.30206597296814,38.01447207797746,38.03190231323242,168700,0.0,0.0,0.0
2015-10-22 00:00:00-04:00,38.197483414389346,38.824955187726715,38.197483414389346,38.7552375793457,425700,0.0,0.0,0.0
2015-10-23 00:00:00-04:00,39.007969425672414,39.007969425672414,38.51993617135553,38.72037887573242,328800,0.0,0.0,0.0
2015-10-26 00:00:00-04:00,38.65067265634716,38.6593894389088,38.345651756259215,38.38051223754883,378100,0.0,0.0,0.0
2015-10-27 00:00:00-04:00,38.20621321185256,38.65938949584961,38.03191412962624,38.65938949584961,345500,0.0,0.0,0.0
2015-10-28 00:00:00-04:00,38.51994705200195,38.615811703886365,38.15391868339584,38.51994705200195,351300,0.0,0.0,0.0
2015-10-29 00:00:00-04:00,38.44149967654687,38.44149967654687,38.11033189747386,38.19748306274414,219200,0.0,0.0,0.0
2015-10-30 00:00:00-04:00,38.14518748495831,38.51121235884922,38.12775725413351,38.28462600708008,447500,0.0,0.0,0.0
2015-11-02 00:00:00-05:00,38.21491839071868,38.537372786545376,38.18006124140797,38.528656005859375,808900,0.0,0.0,0.0
2015-11-03 00:00:00-05:00,38.31077194213867,38.38920632322059,37.96217727858987,38.31077194213867,600800,0.0,0.0,0.0
2015-11-04 00:00:00-05:00,38.36307651326493,38.43279414140021,37.96219100917257,38.12777328491211,244300,0.0,0.0,0.0
2015-11-05 00:00:00-05:00,38.110340177308814,38.284639221240475,37.944757914036494,38.249778747558594,262900,0.0,0.0,0.0
2015-11-06 00:00:00-05:00,38.310784052755245,38.33693107103255,37.509013081111995,37.735599517822266,339200,0.0,0.0,0.0
2015-11-09 00:00:00-05:00,37.622298714577845,37.68330619796895,37.352138389238895,37.56129455566406,334900,0.0,0.0,0.0
2015-11-10 00:00:00-05:00,37.53515699188706,37.73559973595655,37.53515699188706,37.6658821105957,346700,0.0,0.0,0.0
2015-11-11 00:00:00-05:00,37.814041080966156,37.814041080966156,37.52645042130475,37.53516387939453,175700,0.0,0.0,0.0
2015-11-12 00:00:00-05:00,37.291124620916996,37.291124620916996,36.67236641167846,36.68107986450195,248400,0.0,0.0,0.0
2015-11-13 00:00:00-05:00,36.585232844374474,36.66366725538833,36.288925438819696,36.358646392822266,209100,0.0,0.0,0.0
2015-11-16 00:00:00-05:00,36.30636161043101,36.95126724243164,36.30636161043101,36.95126724243164,197100,0.0,0.0,0.0
2015-11-17 00:00:00-05:00,36.98610806871469,37.13426339252149,36.64622682368581,36.75080490112305,319400,0.0,0.0,0.0
2015-11-18 00:00:00-05:00,36.8379606533752,37.35214097443375,36.8379606533752,37.30856704711914,234200,0.0,0.0,0.0
2015-11-19 00:00:00-05:00,37.3259938679513,37.456715637935275,37.203982228364765,37.23012924194336,288500,0.0,0.0,0.0
2015-11-20 00:00:00-05:00,37.36956968877797,37.45671753985903,37.0209716354989,37.047115325927734,327800,0.0,0.0,0.0
2015-11-23 00:00:00-05:00,37.081985875491334,37.77917884707768,37.081985875491334,37.7094612121582,243500,0.0,0.0,0.0
2015-11-24 00:00:00-05:00,37.60487602180908,38.0144749455269,37.59615924128535,37.90989685058594,184400,0.0,0.0,0.0
2015-11-25 00:00:00-05:00,37.92733367876769,38.380509934908936,37.92733367876769,38.27592849731445,207300,0.0,0.0,0.0
2015-11-27 00:00:00-05:00,38.258488465087154,38.50250508685545,38.258488465087154,38.45021438598633,73900,0.0,0.0,0.0
2015-11-30 00:00:00-05:00,38.502509655446296,38.502509655446296,38.11033766358679,38.15391159057617,380400,0.0,0.0,0.0
2015-12-01 00:00:00-05:00,38.302071087048766,38.46765335736321,38.24106691774987,38.363075256347656,349300,0.0,0.0,0.0
2015-12-02 00:00:00-05:00,38.319507306965136,38.38922494370033,38.08420404958684,38.110347747802734,283600,0.0,0.0,0.0
2015-12-03 00:00:00-05:00,38.232353820213895,38.46765706352758,37.78789435471796,37.94476318359375,209200,0.0,0.0,0.0
2015-12-04 00:00:00-05:00,38.00575756303829,38.56351177773778,38.00575756303829,38.54608154296875,161300,0.0,0.0,0.0
2015-12-07 00:00:00-05:00,38.51994705200195,38.67681587790769,38.38050846502775,38.51994705200195,226000,0.0,0.0,0.0
2015-12-08 00:00:00-05:00,38.29336128820635,38.694250176737825,38.136492445841526,38.650672912597656,168700,0.0,0.0,0.0
2015-12-09 00:00:00-05:00,38.54608235375523,38.842389702106594,38.24106155007475,38.38921356201172,139100,0.0,0.0,0.0
2015-12-10 00:00:00-05:00,38.3979260413767,38.59836873627173,38.258487500385506,38.32820510864258,140300,0.0,0.0,0.0
2015-12-11 00:00:00-05:00,37.99704968863042,38.25849994696354,37.84018086342181,37.96219253540039,254100,0.0,0.0,0.0
2015-12-14 00:00:00-05:00,37.95346974648594,38.18005949124643,37.73559678201188,38.13648223876953,372300,0.0,0.0,0.0
2015-12-15 00:00:00-05:00,38.34564051913846,38.48507907895623,38.22363219485761,38.37178421020508,152800,0.0,0.0,0.0
2015-12-16 00:00:00-05:00,38.51993767811177,39.1038355800743,38.43278650466244,39.04283142089844,315000,0.0,0.0,0.0
2015-12-17 00:00:00-05:00,39.02540846408086,39.06898572117095,38.57223225106322,38.63323974609375,195200,0.0,0.0,0.0
2015-12-18 00:00:00-05:00,38.485082175577034,38.485082175577034,38.18006134033203,38.18006134033203,188200,0.0,0.0,0.0
2015-12-21 00:00:00-05:00,38.38922326792016,38.615813057494776,38.30207539468577,38.56352233886719,404100,0.0,0.0,0.0
2015-12-22 00:00:00-05:00,38.668101476979295,39.15613822367626,38.554809903666175,39.10384750366211,515100,0.0,0.0,0.0
2015-12-23 00:00:00-05:00,39.28747300753682,39.38365920786279,39.21751819434372,39.33993911743164,212000,0.15,0.0,0.0
2015-12-24 00:00:00-05:00,39.32245191283409,39.40114941286119,39.269985800939615,39.27872848510742,115200,0.0,0.0,0.0
2015-12-28 00:00:00-05:00,39.14755053942585,39.23499068415433,39.007644306483655,39.20875930786133,322500,0.0,0.0,0.0
2015-12-29 00:00:00-05:00,39.339940658109406,39.51482102668286,39.339940658109406,39.4798469543457,293300,0.0,0.0,0.0
2015-12-30 00:00:00-05:00,39.43612074115426,39.43612074115426,39.27872575205177,39.287471771240234,199900,0.0,0.0,0.0
2015-12-31 00:00:00-05:00,39.19128088354224,39.2175122667103,38.78905077536529,38.86774826049805,278400,0.0,0.0,0.0
2016-01-04 00:00:00-05:00,38.38682463675681,38.43054472510085,38.01956855628325,38.42179870605469,776500,0.0,0.0,0.0
2016-01-05 00:00:00-05:00,38.474260433331295,38.6316554019543,38.316865464708286,38.57918930053711,409700,0.0,0.0,0.0
2016-01-06 00:00:00-05:00,38.185700595814474,38.53546792225193,38.17695791368633,38.3605842590332,210400,0.0,0.0,0.0
2016-01-07 00:00:00-05:00,37.90587876206279,38.25564600262354,37.74848383737322,37.88839340209961,428200,0.0,0.0,0.0
2016-01-08 00:00:00-05:00,38.10700163757066,38.185695773671625,37.70476826227364,37.774723052978516,383200,0.0,0.0,0.0
2016-01-11 00:00:00-05:00,37.92337754946172,38.08077251603574,37.582356233760834,37.95835494995117,465700,0.0,0.0,0.0
2016-01-12 00:00:00-05:00,38.22067827221805,38.33435315447725,37.923377043282926,38.28188705444336,238400,0.0,0.0,0.0
2016-01-13 00:00:00-05:00,38.343090428242114,38.343090428242114,37.477421581373534,37.529884338378906,359300,0.0,0.0,0.0
2016-01-14 00:00:00-05:00,37.617341913837066,37.77473691505377,37.223854410795305,37.512413024902344,584300,0.0,0.0,0.0
2016-01-15 00:00:00-05:00,36.83911053750173,37.16264320317679,36.30571677194372,36.75166702270508,853200,0.0,0.0,0.0
2016-01-19 00:00:00-05:00,37.04022161167516,37.14515048245261,36.454361800608055,36.707942962646484,1994100,0.0,0.0,0.0
2016-01-20 00:00:00-05:00,36.28822130309766,36.59426520875194,35.5187351945018,36.349430084228516,1395100,0.0,0.0,0.0
2016-01-21 00:00:00-05:00,36.43686286025709,36.51556032513221,36.07835292818767,36.27072525024414,439000,0.0,0.0,0.0
2016-01-22 00:00:00-05:00,36.707940007060614,37.031472611691484,36.57677976305651,36.96152114868164,322200,0.0,0.0,0.0
2016-01-25 00:00:00-05:00,36.82161886792564,36.88282765553737,36.48059752676641,36.51557159423828,638800,0.0,0.0,0.0
2016-01-26 00:00:00-05:00,36.6467315003632,37.04896158865855,36.62924280057275,36.8828239440918,131900,0.0,0.0,0.0
2016-01-27 00:00:00-05:00,36.856593723435175,37.171380322695974,36.52431508820439,36.73417282104492,283000,0.0,0.0,0.0
2016-01-28 00:00:00-05:00,36.97026257135054,37.36374996121598,36.83035631446819,37.23258972167969,200500,0.0,0.0,0.0
2016-01-29 00:00:00-05:00,37.38123699699662,38.01081679276809,37.38123699699662,37.99332809448242,473000,0.0,0.0,0.0
2016-02-01 00:00:00-05:00,37.81844527324641,38.640394096856134,37.81844527324641,38.535465240478516,541300,0.0,0.0,0.0
2016-02-02 00:00:00-05:00,38.25565788200069,38.25565788200069,37.91463655115316,37.97584533691406,809900,0.0,0.0,0.0
2016-02-03 00:00:00-05:00,38.05454768018705,38.13324517701277,37.424967705581324,37.783477783203125,1072400,0.0,0.0,0.0
2016-02-04 00:00:00-05:00,37.678543936430685,37.765984105551254,37.28505650413084,37.44245147705078,653000,0.0,0.0,0.0
2016-02-05 00:00:00-05:00,37.56487285225827,37.79222265200124,37.18013139928498,37.27631759643555,1627200,0.0,0.0,0.0
2016-02-08 00:00:00-05:00,37.10143479476517,37.29380719368052,36.75166740321527,37.206363677978516,638300,0.0,0.0,0.0
2016-02-09 00:00:00-05:00,36.95279322706353,37.564884672379755,36.9440505407666,37.36376953125,2059400,0.0,0.0,0.0
2016-02-10 00:00:00-05:00,37.52114896351075,37.870916311250305,37.37250000888005,37.44245147705078,657700,0.0,0.0,0.0
2016-02-11 00:00:00-05:00,36.795382535131864,37.013986271669594,36.54180140019731,36.83035659790039,1225100,0.0,0.0,0.0
2016-02-12 00:00:00-05:00,36.91780632995296,37.38998794555664,36.76041134620878,37.38998794555664,1844500,0.0,0.0,0.0
2016-02-16 00:00:00-05:00,37.757241577588346,38.045796805371396,37.63482400606653,37.97584533691406,347800,0.0,0.0,0.0
2016-02-17 00:00:00-05:00,38.12449013657247,38.43053736764642,38.06328135748334,38.34309387207031,390200,0.0,0.0,0.0
2016-02-18 00:00:00-05:00,38.30812297417367,38.30812297417367,37.98458701725659,38.168216705322266,743100,0.0,0.0,0.0
2016-02-19 00:00:00-05:00,38.02831043647086,38.246914190027965,37.862169448965176,38.168216705322266,957200,0.0,0.0,0.0
2016-02-22 00:00:00-05:00,38.34309555914849,38.421793040815494,38.220677995583905,38.3605842590332,508100,0.0,0.0,0.0
2016-02-23 00:00:00-05:00,38.211926421447416,38.552947650771834,38.211926421447416,38.46550750732422,330100,0.0,0.0,0.0
2016-02-24 00:00:00-05:00,38.2468996996303,38.72782710812383,38.15071355080613,38.66661834716797,335500,0.0,0.0,0.0
2016-02-25 00:00:00-05:00,38.77155585180002,39.26122938465791,38.736578456104155,39.25248336791992,296900,0.0,0.0,0.0
2016-02-26 00:00:00-05:00,39.30495333996908,39.39239350220904,38.8852345570862,38.963932037353516,506000,0.0,0.0,0.0
2016-02-29 00:00:00-05:00,38.92893963824853,39.296192180902,38.88521957397461,38.88521957397461,377800,0.0,0.0,0.0
2016-03-01 00:00:00-05:00,39.156310892982866,39.36617200493154,39.05138200482313,39.27872848510742,495700,0.0,0.0,0.0
2016-03-02 00:00:00-05:00,39.22625904948118,39.40988540649414,38.98142390679722,39.40988540649414,1831500,0.0,0.0,0.0
2016-03-03 00:00:00-05:00,39.19127580333748,39.602251876383036,39.042626870482465,39.593505859375,673600,0.0,0.0,0.0
2016-03-04 00:00:00-05:00,39.514820437468515,39.79463302576875,39.418637570439,39.63724136352539,284800,0.0,0.0,0.0
2016-03-07 00:00:00-05:00,39.45361223055631,39.75091352701209,39.42738084239613,39.4798469543457,640300,0.0,0.0,0.0
2016-03-08 00:00:00-05:00,39.40988283841973,39.698441382604116,39.322442674767245,39.46234893798828,306200,0.0,0.0,0.0
2016-03-09 00:00:00-05:00,39.593501953617725,39.78587428127976,39.54978187977485,39.715919494628906,201400,0.0,0.0,0.0
2016-03-10 00:00:00-05:00,39.77713677980053,39.9082970184064,39.36616069378664,39.645973205566406,294600,0.0,0.0,0.0
2016-03-11 00:00:00-05:00,39.882074600824645,40.0744469967672,39.76839969998323,40.030723571777344,262900,0.0,0.0,0.0
2016-03-14 00:00:00-04:00,39.95203081177142,40.07445174637168,39.89956803257214,39.99575424194336,238300,0.0,0.0,0.0
2016-03-15 00:00:00-04:00,39.803379072119895,40.056960272821044,39.785890368385765,39.96951675415039,119000,0.0,0.0,0.0
2016-03-16 00:00:00-04:00,39.92579199743008,40.25807065829456,39.820863122915064,40.205604553222656,444500,0.0,0.0,0.0
2016-03-17 00:00:00-04:00,40.17062478540651,40.54662351055197,40.15313608474526,40.467926025390625,329800,0.0,0.0,0.0
2016-03-18 00:00:00-04:00,40.53787640112779,40.61657387769503,40.424201527057726,40.45917892456055,386800,0.0,0.0,0.0
2016-03-21 00:00:00-04:00,40.345514676011035,40.49416698673346,40.27556319821097,40.37174606323242,347700,0.0,0.0,0.0
2016-03-22 00:00:00-04:00,40.26681088600454,40.32801967037508,40.10067323351715,40.135650634765625,288200,0.0,0.0,0.0
2016-03-23 00:00:00-04:00,40.05669538912861,40.22337776188087,39.98651457038852,40.04792404174805,358000,0.15,0.0,0.0
2016-03-24 00:00:00-04:00,39.91632843017578,39.93387447063399,39.77596345307513,39.91632843017578,251700,0.0,0.0,0.0
2016-03-28 00:00:00-04:00,39.977738253640595,40.26724290392535,39.977738253640595,40.205833435058594,608800,0.0,0.0,0.0
2016-03-29 00:00:00-04:00,40.19705660700992,40.5391960144043,40.17073922076878,40.5391960144043,817200,0.0,0.0,0.0
2016-03-30 00:00:00-04:00,40.62692036299053,40.74973927651781,40.4865554123073,40.644466400146484,2520600,0.0,0.0,0.0
2016-03-31 00:00:00-04:00,40.5918406853709,40.67956755137793,40.416383606791406,40.46024703979492,258400,0.0,0.0,0.0
2016-04-01 00:00:00-04:00,40.293547879761434,40.96905517578125,40.293547879761434,40.96905517578125,731000,0.0,0.0,0.0
2016-04-04 00:00:00-04:00,40.93397732629863,40.96029471497353,40.60060923463411,40.714656829833984,523300,0.0,0.0,0.0
2016-04-05 00:00:00-04:00,40.54796939492603,40.54796939492603,40.38128369662166,40.433921813964844,331300,0.0,0.0,0.0
2016-04-06 00:00:00-04:00,40.486554256267084,40.855010986328125,40.486554256267084,40.855010986328125,258000,0.0,0.0,0.0
2016-04-07 00:00:00-04:00,40.6795654296875,40.84625115159877,40.51288305434148,40.6795654296875,492200,0.0,0.0,0.0
2016-04-08 00:00:00-04:00,40.846247059128494,40.91642787192911,40.714653433600574,40.82870101928711,344500,0.0,0.0,0.0
2016-04-11 00:00:00-04:00,40.925205835475104,41.03925008371002,40.512882232666016,40.512882232666016,314500,0.0,0.0,0.0
2016-04-12 00:00:00-04:00,40.556733281951026,40.84623785424532,40.47777779374023,40.8111457824707,321900,0.0,0.0,0.0
2016-04-13 00:00:00-04:00,40.8988828313674,40.8988828313674,40.39883239664749,40.530426025390625,386400,0.0,0.0,0.0
2016-04-14 00:00:00-04:00,40.51288009684675,40.51288009684675,40.14441994328884,40.17951202392578,260100,0.0,0.0,0.0
2016-04-15 00:00:00-04:00,40.15319188126406,40.45146785307924,40.15319188126406,40.433921813964844,237300,0.0,0.0,0.0
2016-04-18 00:00:00-04:00,40.39005501116115,40.574283386605934,40.28477878528028,40.54796600341797,267300,0.0,0.0,0.0
2016-04-19 00:00:00-04:00,40.58306169069081,40.679563241012595,40.46024275266856,40.52165222167969,342200,0.0,0.0,0.0
2016-04-20 00:00:00-04:00,40.51287642357102,40.63569534809941,40.31987334413229,40.381282806396484,558900,0.0,0.0,0.0
2016-04-21 00:00:00-04:00,40.32865691636279,40.32865691636279,39.61805725097656,39.61805725097656,286000,0.0,0.0,0.0
2016-04-22 00:00:00-04:00,39.60928466886095,39.8900146484375,39.53910050068415,39.8900146484375,395200,0.0,0.0,0.0
2016-04-25 00:00:00-04:00,39.81106149969951,40.10933753905584,39.76719806526354,40.07424545288086,466200,0.0,0.0,0.0
2016-04-26 00:00:00-04:00,40.13565220029352,40.24969979932171,40.05669668505328,40.1531982421875,242900,0.0,0.0,0.0
2016-04-27 00:00:00-04:00,40.25846544511198,40.4953319572849,40.05669101175687,40.39883041381836,184100,0.0,0.0,0.0
2016-04-28 00:00:00-04:00,40.38128583487825,41.03924727696676,40.38128583487825,40.76729202270508,244300,0.0,0.0,0.0
2016-04-29 00:00:00-04:00,40.679564065935914,40.82870374124803,40.47778961415551,40.74974822998047,440600,0.0,0.0,0.0
2016-05-02 00:00:00-04:00,40.83747537701468,41.205935547721744,40.83747537701468,41.153297424316406,526800,0.0,0.0,0.0
2016-05-03 00:00:00-04:00,41.0041519858871,41.091878825509944,40.74096477388975,40.84624099731445,332600,0.0,0.0,0.0
2016-05-04 00:00:00-04:00,40.67956441695113,41.06557062939668,40.67956441695113,40.977840423583984,196800,0.0,0.0,0.0
2016-05-05 00:00:00-04:00,40.89888742792219,41.0567984615353,40.71465900422869,40.8725700378418,194200,0.0,0.0,0.0
2016-05-06 00:00:00-04:00,40.8023761567454,41.30242987520346,40.8023761567454,41.267337799072266,172300,0.0,0.0,0.0
2016-05-09 00:00:00-04:00,41.41647022972656,41.75860957359913,41.372606811946746,41.55683517456055,213600,0.0,0.0,0.0
2016-05-10 00:00:00-04:00,41.6270290400793,42.065670013427734,41.58316561205746,42.065670013427734,301800,0.0,0.0,0.0
2016-05-11 00:00:00-04:00,41.98671209983322,42.06566760437685,41.75861693267835,41.82002639770508,789900,0.0,0.0,0.0
2016-05-12 00:00:00-04:00,41.99548585134076,42.162171563014795,41.86389556727526,42.065670013427734,284600,0.0,0.0,0.0
2016-05-13 00:00:00-04:00,42.07442880633498,42.07442880633498,41.54806113399925,41.63578796386719,399900,0.0,0.0,0.0
2016-05-16 00:00:00-04:00,41.65335299505749,41.89899090796149,41.62703560340793,41.81126403808594,217700,0.0,0.0,0.0
2016-05-17 00:00:00-04:00,41.635801907636,41.741078154611245,40.872567523173906,40.977840423583984,216400,0.0,0.0,0.0
2016-05-18 00:00:00-04:00,40.9076673992621,40.986622926253624,40.4514802818184,40.68834686279297,384100,0.0,0.0,0.0
2016-05-19 00:00:00-04:00,40.56551151888087,40.907650882178245,40.53919078946722,40.89887619018555,254800,0.0,0.0,0.0
2016-05-20 00:00:00-04:00,40.890110956444545,41.05679331701025,40.67956182248764,40.76729202270508,214400,0.0,0.0,0.0
2016-05-23 00:00:00-04:00,40.732193888425776,40.89010487878126,40.72341919642577,40.78483200073242,229300,0.0,0.0,0.0
2016-05-24 00:00:00-04:00,40.88134036184285,41.267346588370096,40.88134036184285,41.17084503173828,365300,0.0,0.0,0.0
2016-05-25 00:00:00-04:00,41.24101910053565,41.30243191007318,41.04801936543462,41.16206359863281,218400,0.0,0.0,0.0
2016-05-26 00:00:00-04:00,41.197157405735304,41.51297942660323,41.197157405735304,41.44279861450195,394700,0.0,0.0,0.0
2016-05-27 00:00:00-04:00,41.49542845782129,41.55683791607709,41.25856197030699,41.36383819580078,226000,0.0,0.0,0.0
2016-05-31 00:00:00-04:00,41.51298290117333,41.57439237186365,41.04802452407088,41.153297424316406,246800,0.0,0.0,0.0
2016-06-01 00:00:00-04:00,41.12696478885155,41.521742201622445,41.12696478885155,41.50419616699219,1232000,0.0,0.0,0.0
2016-06-02 00:00:00-04:00,41.46034214462939,41.60948181152344,41.36384394436258,41.60948181152344,696000,0.0,0.0,0.0
2016-06-03 00:00:00-04:00,41.56561900897206,41.793710839537546,41.548072968687784,41.749847412109375,284200,0.0,0.0,0.0
2016-06-06 00:00:00-04:00,41.76738155523314,41.78492759051954,41.46910564849249,41.63578796386719,214800,0.0,0.0,0.0
2016-06-07 00:00:00-04:00,41.67089080810547,41.846347859768365,41.61825268863713,41.67089080810547,234100,0.0,0.0,0.0
2016-06-08 00:00:00-04:00,41.67088563688144,41.74984113300337,41.62702221605025,41.679656982421875,334200,0.0,0.0,0.0
2016-06-09 00:00:00-04:00,41.627035996649894,41.99549286948664,41.59194390974194,41.92531204223633,188800,0.0,0.0,0.0
2016-06-10 00:00:00-04:00,41.802492894338855,41.93408319979629,41.63580715556762,41.837581634521484,294400,0.0,0.0,0.0
2016-06-13 00:00:00-04:00,41.70597780699789,41.77615861117446,41.19715275381864,41.214698791503906,173900,0.0,0.0,0.0
2016-06-14 00:00:00-04:00,41.14452315086457,41.258567390284334,40.96906609855697,41.2059326171875,229900,0.0,0.0,0.0
2016-06-15 00:00:00-04:00,41.21470171542295,41.38138406541128,41.12697486733746,41.16206359863281,169300,0.0,0.0,0.0
2016-06-16 00:00:00-04:00,40.951526811418546,41.548078879694586,40.951526811418546,41.53053283691406,378100,0.0,0.0,0.0
2016-06-17 00:00:00-04:00,41.46034423869365,41.4954363205076,41.197160318219225,41.39016342163086,351800,0.0,0.0,0.0
2016-06-20 00:00:00-04:00,41.58315658569336,41.8726578250481,41.5568358573416,41.58315658569336,205800,0.0,0.0,0.0
2016-06-21 00:00:00-04:00,41.70598895720687,41.7849444746173,41.62703343979645,41.653350830078125,160500,0.0,0.0,0.0
2016-06-22 00:00:00-04:00,41.723171826682396,41.86460617028224,41.63477325439453,41.63477325439453,257100,0.359,0.0,0.0
2016-06-23 00:00:00-04:00,41.87345525660534,42.07676696777344,41.82041947146856,42.07676696777344,202600,0.0,0.0,0.0
2016-06-24 00:00:00-04:00,41.08673027870357,41.74086645917674,40.88341854786971,41.22816467285156,468700,0.0,0.0,0.0
2016-06-27 00:00:00-04:00,41.05136520880483,41.06020675401171,40.5917026478304,40.803855895996094,561700,0.0,0.0,0.0
2016-06-28 00:00:00-04:00,41.00716435865978,41.12208083283831,40.77733478236392,41.11323928833008,553500,0.0,0.0,0.0
2016-06-29 00:00:00-04:00,41.32539329948613,41.643621466562784,41.32539329948613,41.617103576660156,461900,0.0,0.0,0.0
2016-06-30 00:00:00-04:00,41.687821907948305,42.7662611314578,41.687821907948305,42.75741958618164,602400,0.0,0.0,0.0
2016-07-01 00:00:00-04:00,42.836968736203296,42.9695649144091,42.48338454775598,42.554100036621094,509300,0.0,0.0,0.0
2016-07-05 00:00:00-04:00,42.53643229247313,42.72206766861703,42.288922953697046,42.50991439819336,390100,0.0,0.0,0.0
2016-07-06 00:00:00-04:00,42.50990966351905,42.91653306680847,42.43035261747882,42.84581756591797,375600,0.0,0.0,0.0
2016-07-07 00:00:00-04:00,43.252445503288484,43.446919052231266,42.93421728576823,43.0579719543457,244100,0.0,0.0,0.0
2016-07-08 00:00:00-04:00,43.1993975552103,43.597182746191464,43.10216080051922,43.58834457397461,320000,0.0,0.0,0.0
2016-07-11 00:00:00-04:00,43.59719201053501,43.59719201053501,43.393880285732536,43.464595794677734,361700,0.0,0.0,0.0
2016-07-12 00:00:00-04:00,43.44690507574363,43.455743246915226,43.057958102978894,43.07563781738281,395600,0.0,0.0,0.0
2016-07-13 00:00:00-04:00,43.11984428377484,43.296638092106086,43.01376934760066,43.24359893798828,461300,0.0,0.0,0.0
2016-07-14 00:00:00-04:00,43.190563155931905,43.44691400940914,43.190563155931905,43.24359893798828,246000,0.0,0.0,0.0
2016-07-15 00:00:00-04:00,43.305475214707215,43.4557477446027,43.29663367055979,43.331993103027344,272100,0.0,0.0,0.0
2016-07-18 00:00:00-04:00,43.34968146274359,43.41155879586897,43.2082470767339,43.2966423034668,152700,0.0,0.0,0.0
2016-07-19 00:00:00-04:00,43.261272314788414,43.3585090637207,43.19939499675167,43.3585090637207,122800,0.0,0.0,0.0
2016-07-20 00:00:00-04:00,43.39386861060217,43.39386861060217,43.199395112217786,43.26127243041992,229700,0.0,0.0,0.0
2016-07-21 00:00:00-04:00,43.25244105696648,43.25244105696648,43.00493174525533,43.146366119384766,133200,0.0,0.0,0.0
2016-07-22 00:00:00-04:00,43.155201588383356,43.45575003608372,43.155201588383356,43.41155242919922,243100,0.0,0.0,0.0
2016-07-25 00:00:00-04:00,43.42040189776424,43.57067784674002,43.31432693923331,43.5088005065918,146300,0.0,0.0,0.0
2016-07-26 00:00:00-04:00,43.47342952098464,43.60602571299097,43.172881074890014,43.2082405090332,181400,0.0,0.0,0.0
2016-07-27 00:00:00-04:00,43.25244163567445,43.25244163567445,42.571787647300305,42.704383850097656,342600,0.0,0.0,0.0
2016-07-28 00:00:00-04:00,42.74856675698711,43.181707909298204,42.63365031222565,43.110992431640625,162100,0.0,0.0,0.0
2016-07-29 00:00:00-04:00,43.11100877210466,43.43807514586793,43.09332905297399,43.376197814941406,274500,0.0,0.0,0.0
2016-08-01 00:00:00-04:00,43.323154493611824,43.393873363337455,43.11100462855753,43.270118713378906,294000,0.0,0.0,0.0
2016-08-02 00:00:00-04:00,43.23475970534332,43.30547857576712,42.748579273394434,42.92537307739258,258100,0.0,0.0,0.0
2016-08-03 00:00:00-04:00,42.90769832153065,42.90769832153065,42.59830828574144,42.792781829833984,165000,0.0,0.0,0.0
2016-08-04 00:00:00-04:00,42.872338351216335,43.03145245403733,42.71322424839534,42.836978912353516,230900,0.0,0.0,0.0
2016-08-05 00:00:00-04:00,43.013769918361525,43.2966386666204,43.013769918361525,43.146366119384766,387800,0.0,0.0,0.0
2016-08-08 00:00:00-04:00,43.21707216055342,43.21707216055342,43.00492233182787,43.07563781738281,198800,0.0,0.0,0.0
2016-08-09 00:00:00-04:00,43.10216208262608,43.39387235537646,43.093323910146324,43.305477142333984,517700,0.0,0.0,0.0
2016-08-10 00:00:00-04:00,43.34082986866076,43.40270718744046,43.22591677496189,43.31431198120117,269600,0.0,0.0,0.0
2016-08-11 00:00:00-04:00,43.385035846094894,43.438071627129055,43.11984345267866,43.128684997558594,223800,0.0,0.0,0.0
2016-08-12 00:00:00-04:00,43.1463645428265,43.323154974982316,43.1463645428265,43.27895736694336,407900,0.0,0.0,0.0
2016-08-15 00:00:00-04:00,43.36736326409369,43.3762014383665,43.15520998886512,43.172889709472656,293900,0.0,0.0,0.0
2016-08-16 00:00:00-04:00,42.722065726592156,42.77510151274084,42.518750639483265,42.53643035888672,476400,0.0,0.0,0.0
2016-08-17 00:00:00-04:00,42.55411841505341,42.71323254879482,42.324288761906004,42.695552825927734,241300,0.0,0.0,0.0
2016-08-18 00:00:00-04:00,42.69554732218727,42.90770059718196,42.69554732218727,42.87234115600586,193700,0.0,0.0,0.0
2016-08-19 00:00:00-04:00,42.81046468579426,42.95189908129718,42.686710011236954,42.93421936035156,667800,0.0,0.0,0.0
2016-08-22 00:00:00-04:00,42.93422349807954,43.04914000926995,42.863507979543954,43.04029846191406,177800,0.0,0.0,0.0
2016-08-23 00:00:00-04:00,43.11101756866224,43.11101756866224,42.88118454512908,42.8900260925293,393500,0.0,0.0,0.0
2016-08-24 00:00:00-04:00,42.890014426365155,42.890014426365155,42.6336635744839,42.686702728271484,181300,0.0,0.0,0.0
2016-08-25 00:00:00-04:00,42.66902213180807,42.88117199846757,42.6071448063606,42.62482452392578,220900,0.0,0.0,0.0
2016-08-26 00:00:00-04:00,42.67786439754855,42.82814032523402,42.30660040925795,42.430355072021484,153500,0.0,0.0,0.0
2016-08-29 00:00:00-04:00,42.49222728292837,42.7220602335606,42.288915594022164,42.713218688964844,195600,0.0,0.0,0.0
2016-08-30 00:00:00-04:00,42.62482861182798,42.62482861182798,42.324280128518694,42.430355072021484,115400,0.0,0.0,0.0
2016-08-31 00:00:00-04:00,42.430348725777804,42.571783086647955,42.333111970418116,42.545265197753906,134300,0.0,0.0,0.0
2016-09-01 00:00:00-04:00,42.49222053421325,42.52757996285792,42.244711277822006,42.37730407714844,404100,0.0,0.0,0.0
2016-09-02 00:00:00-04:00,42.509913059551224,42.82814126913476,42.509913059551224,42.792781829833984,167800,0.0,0.0,0.0
2016-09-06 00:00:00-04:00,42.86349113641896,42.86349113641896,42.57178088542311,42.81929016113281,211900,0.0,0.0,0.0
2016-09-07 00:00:00-04:00,42.677870275205464,42.677870275205464,42.191689730793414,42.359642028808594,173900,0.0,0.0,0.0
2016-09-08 00:00:00-04:00,42.26240043961551,42.30659804927107,42.01488775583378,42.05024719238281,195100,0.0,0.0,0.0
2016-09-09 00:00:00-04:00,41.785058886743705,41.785058886743705,40.75965881347656,40.75965881347656,314700,0.0,0.0,0.0
2016-09-12 00:00:00-04:00,40.65358092459163,41.30771360432287,40.635901207293315,41.21931838989258,282200,0.0,0.0,0.0
2016-09-13 00:00:00-04:00,41.01601122360196,41.086726728534686,40.565186812916906,40.68010330200195,512500,0.0,0.0,0.0
2016-09-14 00:00:00-04:00,40.688937305686245,40.81269195568206,40.48562561325579,40.57402420043945,267200,0.0,0.0,0.0
2016-09-15 00:00:00-04:00,40.503308820663555,40.865734629191735,40.414913597924624,40.821537017822266,171400,0.0,0.0,0.0
2016-09-16 00:00:00-04:00,40.67127094082374,40.70663038730588,40.46795918164506,40.600555419921875,151200,0.0,0.0,0.0
2016-09-19 00:00:00-04:00,40.69778504472992,40.848057607722005,40.600548270058894,40.6093864440918,183800,0.0,0.0,0.0
2016-09-20 00:00:00-04:00,40.759653876740266,40.795013309619584,40.49446487426758,40.49446487426758,188300,0.0,0.0,0.0
2016-09-21 00:00:00-04:00,40.587538776474425,40.94209047528386,40.427989328559434,40.87118148803711,211900,0.125,0.0,0.0
2016-09-22 00:00:00-04:00,41.06619147327079,41.32324038323649,41.039597641607436,41.29664993286133,529600,0.0,0.0,0.0
2016-09-23 00:00:00-04:00,41.234598573528444,41.296645204825595,40.968683956356685,40.986412048339844,149000,0.0,0.0,0.0
2016-09-26 00:00:00-04:00,40.80026120770011,40.880035916188056,40.693896056811916,40.71162414550781,157400,0.0,0.0,0.0
2016-09-27 00:00:00-04:00,40.74708499540746,40.91549678539965,40.66731027777167,40.80913162231445,173500,0.0,0.0,0.0
2016-09-28 00:00:00-04:00,40.8357249571269,41.00413675903519,40.77367832582975,40.986412048339844,113700,0.0,0.0,0.0
2016-09-29 00:00:00-04:00,40.96868930748516,41.083916848494425,40.70277127429268,40.747093200683594,174500,0.0,0.0,0.0
2016-09-30 00:00:00-04:00,40.915495344048814,41.32323127258485,40.915495344048814,41.15481948852539,326000,0.0,0.0,0.0
2016-10-03 00:00:00-04:00,41.10164018887698,41.10164018887698,40.90663793672205,41.030731201171875,905000,0.0,0.0,0.0
2016-10-04 00:00:00-04:00,41.021860465266776,41.083907089930364,40.62299027279726,40.66730880737305,822200,0.0,0.0,0.0
2016-10-05 00:00:00-04:00,40.7825369833111,40.871177435189615,40.66730946780028,40.8179931640625,278300,0.0,0.0,0.0
2016-10-06 00:00:00-04:00,40.73822570617121,41.04846227108829,40.72049761263697,40.933231353759766,155900,0.0,0.0,0.0
2016-10-07 00:00:00-04:00,40.871180717704426,40.871180717704426,40.20639249101773,40.498897552490234,369400,0.0,0.0,0.0
2016-10-10 00:00:00-04:00,40.62300173360495,40.94209730134825,40.62300173360495,40.88005065917969,191400,0.0,0.0,0.0
2016-10-11 00:00:00-04:00,40.800269170247276,40.86231580214829,40.37480510237408,40.49003601074219,156900,0.0,0.0,0.0
2016-10-12 00:00:00-04:00,40.49890742481456,40.68505074344127,40.45458887515624,40.631866455078125,208600,0.0,0.0,0.0
2016-10-13 00:00:00-04:00,40.41025011217064,40.693892745651326,40.286156882683706,40.543209075927734,371500,0.0,0.0,0.0
2016-10-14 00:00:00-04:00,40.596397738191534,40.69390054613181,40.472304484917565,40.48116683959961,405800,0.0,0.0,0.0
2016-10-17 00:00:00-04:00,40.472304443582885,40.552079160790036,40.330483099802116,40.37480163574219,144500,0.0,0.0,0.0
2016-10-18 00:00:00-04:00,40.587547905419804,40.74709738922064,40.587547905419804,40.631866455078125,483900,0.0,0.0,0.0
2016-10-19 00:00:00-04:00,40.552080831635735,40.552080831635735,40.286166223751394,40.463443756103516,169200,0.0,0.0,0.0
2016-10-20 00:00:00-04:00,40.49890014490706,40.64072150709365,40.33048833396298,40.41026306152344,140000,0.0,0.0,0.0
2016-10-21 00:00:00-04:00,40.534359204974685,40.63186203238317,40.3570816443491,40.58754348754883,166300,0.0,0.0,0.0
2016-10-24 00:00:00-04:00,40.7116311953913,40.8977710870006,40.7116311953913,40.773677825927734,151200,0.0,0.0,0.0
2016-10-25 00:00:00-04:00,40.818009622182004,40.906650109801014,40.747100613375665,40.8002815246582,157300,0.0,0.0,0.0
2016-10-26 00:00:00-04:00,40.720490076170066,40.85344906242504,40.64071536067457,40.658443450927734,630700,0.0,0.0,0.0
2016-10-27 00:00:00-04:00,40.68503253540867,40.83571621306826,40.43684268207659,40.45457077026367,500400,0.0,0.0,0.0
2016-10-28 00:00:00-04:00,40.4191201537246,40.92435890204959,40.4191201537246,40.75594711303711,438400,0.0,0.0,0.0
2016-10-31 00:00:00-04:00,40.826869149578634,40.93323433724859,40.76482250833047,40.835731506347656,163500,0.0,0.0,0.0
2016-11-01 00:00:00-04:00,40.88890849681394,41.00413602069793,40.6141281479545,40.72049331665039,566100,0.0,0.0,0.0
2016-11-02 00:00:00-04:00,40.68503952026367,40.880041761225634,40.57867097287969,40.68503952026367,271100,0.0,0.0,0.0
2016-11-03 00:00:00-04:00,40.74708082231616,40.74708082231616,40.082292703864375,40.16206741333008,218100,0.0,0.0,0.0
2016-11-04 00:00:00-04:00,40.06457851757583,40.06457851757583,39.61252054664123,39.63911437988281,198600,0.0,0.0,0.0
2016-11-07 00:00:00-05:00,40.03796767051424,40.3925226585706,40.01137722986045,40.312747955322266,196400,0.0,0.0,0.0
2016-11-08 00:00:00-05:00,40.10888580411331,40.77367396661242,40.10888580411331,40.66730880737305,261000,0.0,0.0,0.0
2016-11-09 00:00:00-05:00,39.97593234393394,40.28616889141527,39.7454739035171,40.10002899169922,580100,0.0,0.0,0.0
2016-11-10 00:00:00-05:00,40.091165294791,40.091165294791,38.92113817805725,38.983184814453125,789700,0.0,0.0,0.0
2016-11-11 00:00:00-05:00,38.850223920977086,38.94772334975264,38.5399873997499,38.84135818481445,1820800,0.0,0.0,0.0
2016-11-14 00:00:00-05:00,38.78817067820623,39.266818952457996,38.74385214495047,39.16045379638672,974200,0.0,0.0,0.0
2016-11-15 00:00:00-05:00,39.30227513652562,39.66569251932831,39.19590998044095,39.54159927368164,592100,0.0,0.0,0.0
2016-11-16 00:00:00-05:00,39.4884130581873,39.727737183544455,39.4706849694993,39.67455291748047,340300,0.0,0.0,0.0
2016-11-17 00:00:00-05:00,39.64796442976631,39.683420608890316,39.284547046963624,39.54159927368164,360200,0.0,0.0,0.0
2016-11-18 00:00:00-05:00,39.55048431099652,39.60366861018503,39.41752863495916,39.48843765258789,241700,0.0,0.0,0.0
2016-11-21 00:00:00-05:00,39.25795579688323,39.647963615374266,39.22249961848752,39.55046081542969,321500,0.0,0.0,0.0
2016-11-22 00:00:00-05:00,39.6745563089533,39.736606315309054,39.52387261415533,39.577056884765625,682500,0.0,0.0,0.0
2016-11-23 00:00:00-05:00,39.4884195022961,39.57705996020129,39.187048707993895,39.31114196777344,6695800,0.0,0.0,0.0
2016-11-25 00:00:00-05:00,39.32887935547865,39.61252212524414,39.32887935547865,39.61252212524414,2154600,0.0,0.0,0.0
2016-11-28 00:00:00-05:00,39.55046923159381,39.61251586634592,39.346601234367164,39.43524169921875,21516500,0.0,0.0,0.0
2016-11-29 00:00:00-05:00,39.45297145236905,39.69229566611819,39.45297145236905,39.6302490234375,1361500,0.0,0.0,0.0
2016-11-30 00:00:00-05:00,39.53273473651674,39.61250945132009,39.12499880809401,39.14272689819336,955200,0.0,0.0,0.0
2016-12-01 00:00:00-05:00,39.10726327855824,39.116129012565096,38.734983601153566,38.81475830078125,1008500,0.0,0.0,0.0
2016-12-02 00:00:00-05:00,38.903417916203445,39.12501405688019,38.88568981919465,39.036376953125,655300,0.0,0.0,0.0
2016-12-05 00:00:00-05:00,39.10727560561373,39.31114359530447,39.098413250100165,39.293418884277344,673000,0.0,0.0,0.0
2016-12-06 00:00:00-05:00,39.32888813631163,39.48843765258789,39.30229767736202,39.48843765258789,742600,0.0,0.0,0.0
2016-12-07 00:00:00-05:00,39.488416564174635,39.9404744126366,39.382051403890195,39.89615249633789,507800,0.0,0.0,0.0
2016-12-08 00:00:00-05:00,39.754336059400494,40.21525631920623,39.701155163341916,40.1532096862793,277500,0.0,0.0,0.0
2016-12-09 00:00:00-05:00,40.18866197195695,40.80913162231445,40.15320579049936,40.80913162231445,428600,0.0,0.0,0.0
2016-12-12 00:00:00-05:00,40.667309186698056,40.880039507161044,40.56094064517908,40.658443450927734,358900,0.0,0.0,0.0
2016-12-13 00:00:00-05:00,40.73821844801559,40.93322406086082,40.71162800309578,40.8179931640625,295100,0.0,0.0,0.0
2016-12-14 00:00:00-05:00,40.80026407960966,40.93322306354421,40.30389108633385,40.40139389038086,333500,0.0,0.0,0.0
2016-12-15 00:00:00-05:00,40.49889046244424,40.82685503138755,40.30388824936374,40.71162414550781,270800,0.0,0.0,0.0
2016-12-16 00:00:00-05:00,40.73821906367674,40.93322467946902,40.711628618355086,40.86231231689453,282000,0.0,0.0,0.0
2016-12-19 00:00:00-05:00,40.88890514560245,40.98640795111901,40.720489979242025,40.82685852050781,278500,0.0,0.0,0.0
2016-12-20 00:00:00-05:00,40.915500027727305,40.92436238315021,40.73822248767867,40.87118148803711,180600,0.0,0.0,0.0
2016-12-21 00:00:00-05:00,40.86228564736494,41.07571026327959,40.86228564736494,40.968997955322266,108000,0.15,0.0,0.0
2016-12-22 00:00:00-05:00,40.88008378974465,40.986796129528535,40.6755503916905,40.76447677612305,156300,0.0,0.0,0.0
2016-12-23 00:00:00-05:00,40.73778157324474,40.86227981347424,40.73778157324474,40.8444938659668,108600,0.0,0.0,0.0
2016-12-27 00:00:00-05:00,40.85338899761471,41.0045678695287,40.85338899761471,40.951210021972656,118000,0.0,0.0,0.0
2016-12-28 00:00:00-05:00,40.93343719657348,40.942331870179366,40.65776337662335,40.68444061279297,127300,0.0,0.0,0.0
2016-12-29 00:00:00-05:00,40.70221988476433,40.88007601211557,40.70221988476433,40.835609436035156,146100,0.0,0.0,0.0
2016-12-30 00:00:00-05:00,40.888974005516104,40.888974005516104,40.58661955707233,40.68444061279297,260800,0.0,0.0,0.0
2017-01-03 00:00:00-05:00,40.835602423343694,41.084602315804105,40.8089251961355,40.97789001464844,921700,0.0,0.0,0.0
2017-01-04 00:00:00-05:00,41.04903915230936,41.262467192356375,41.04903915230936,41.16464614868164,276000,0.0,0.0,0.0
2017-01-05 00:00:00-05:00,41.09349515988863,41.09349515988863,40.92453372726063,40.99567413330078,217600,0.0,0.0,0.0
2017-01-06 00:00:00-05:00,40.99567518423082,41.07571026327959,40.75557333940762,40.968997955322266,328600,0.0,0.0,0.0
2017-01-09 00:00:00-05:00,40.94230795173732,40.94230795173732,40.648844956016106,40.746665954589844,196000,0.0,0.0,0.0
2017-01-10 00:00:00-05:00,40.72000166493546,40.72889294384654,40.51546832674935,40.5510368347168,465200,0.0,0.0,0.0
2017-01-11 00:00:00-05:00,40.54215728206615,40.78226258998998,40.54215728206615,40.728904724121094,233900,0.0,0.0,0.0
2017-01-12 00:00:00-05:00,40.684441532059076,40.76447663470035,40.58662047412817,40.728904724121094,224100,0.0,0.0,0.0
2017-01-13 00:00:00-05:00,40.74668306852127,40.92453919587251,40.59550756528298,40.835609436035156,276900,0.0,0.0,0.0
2017-01-17 00:00:00-05:00,40.83561476203312,41.23579025268555,40.83561476203312,41.23579025268555,342800,0.0,0.0,0.0
2017-01-18 00:00:00-05:00,41.217990293559964,41.39584638367712,41.217990293559964,41.351383209228516,206000,0.0,0.0,0.0
2017-01-19 00:00:00-05:00,41.29803647140858,41.3513943304909,41.0134680076169,41.06682586669922,201100,0.0,0.0,0.0
2017-01-20 00:00:00-05:00,41.1468634249514,41.386968716725,40.76447389275535,40.9156494140625,608900,0.0,0.0,0.0
2017-01-23 00:00:00-05:00,40.8622908001852,40.8622908001852,40.622185532761115,40.63107681274414,143000,0.0,0.0,0.0
2017-01-24 00:00:00-05:00,40.74667773990191,40.986782971577966,40.74667773990191,40.92453384399414,230700,0.0,0.0,0.0
2017-01-25 00:00:00-05:00,40.986783905369,41.22688914251531,40.95121200527553,40.968997955322266,209100,0.0,0.0,0.0
2017-01-26 00:00:00-05:00,40.97788845563355,41.12017264920216,40.78224641735567,40.7911376953125,157100,0.0,0.0,0.0
2017-01-27 00:00:00-05:00,40.826725782052,41.004581942624185,40.45323089794211,40.728904724121094,782100,0.0,0.0,0.0
2017-01-30 00:00:00-05:00,40.37318985281822,40.39097241316635,40.14197586040927,40.355403900146484,99800,0.0,0.0,0.0
2017-01-31 00:00:00-05:00,40.364290793461954,40.59550476074219,40.26646976056057,40.59550476074219,372600,0.0,0.0,0.0
2017-02-01 00:00:00-05:00,40.55993989438088,40.55993989438088,40.195336321804604,40.34651184082031,316200,0.0,0.0,0.0
2017-02-02 00:00:00-05:00,40.39097241316635,40.471007504027355,40.21311967109621,40.355403900146484,555300,0.0,0.0,0.0
2017-02-03 00:00:00-05:00,40.48878890604935,40.69332225030081,40.43543444635441,40.559932708740234,160100,0.0,0.0,0.0
2017-02-06 00:00:00-05:00,40.6310735135628,40.65775413599252,40.13308045918487,40.17754364013672,200600,0.0,0.0,0.0
2017-02-07 00:00:00-05:00,40.186442566988056,40.47990572329898,40.186442566988056,40.39097595214844,91200,0.0,0.0,0.0
2017-02-08 00:00:00-05:00,40.33762148178202,40.42654786060865,40.26647766486159,40.39097595214844,233700,0.0,0.0,0.0
2017-02-09 00:00:00-05:00,40.373181208749315,41.12017409940983,40.373181208749315,41.04903030395508,195100,0.0,0.0,0.0
2017-02-10 00:00:00-05:00,41.07571518601759,41.32471512419033,41.040146673984495,41.1557502746582,126800,0.0,0.0,0.0
2017-02-13 00:00:00-05:00,41.066824940775355,41.08461089340177,40.91564603961255,41.022361755371094,133900,0.0,0.0,0.0
2017-02-14 00:00:00-05:00,40.924537807964796,41.03125012382713,40.737790407124876,40.96010971069336,134000,0.0,0.0,0.0
2017-02-15 00:00:00-05:00,41.075722310729205,41.49368377860727,41.05793635546587,41.431434631347656,309200,0.0,0.0,0.0
2017-02-16 00:00:00-05:00,41.42253280948793,41.53813640079692,41.253567973643165,41.36917495727539,183200,0.0,0.0,0.0
2017-02-17 00:00:00-05:00,41.12908291058953,41.502577818975425,41.06683375919189,41.45811462402344,87100,0.0,0.0,0.0
2017-02-21 00:00:00-05:00,41.42253119466337,41.8138119186652,41.42253119466337,41.635955810546875,151600,0.0,0.0,0.0
2017-02-22 00:00:00-05:00,41.58260450971768,41.63596236825403,41.49367813781407,41.55592727661133,202300,0.0,0.0,0.0
2017-02-23 00:00:00-05:00,41.582609385799266,41.66264448682709,41.40475662113659,41.52925491333008,141500,0.0,0.0,0.0
2017-02-24 00:00:00-05:00,41.44031494931652,41.66263424280497,41.40474644052401,41.64485168457031,100400,0.0,0.0,0.0
2017-02-27 00:00:00-05:00,41.82270195231692,41.82270195231692,41.351386163310714,41.520347595214844,145100,0.0,0.0,0.0
2017-02-28 00:00:00-05:00,41.44920916906742,41.71599163988167,41.44920916906742,41.53813552856445,158900,0.0,0.0,0.0
2017-03-01 00:00:00-05:00,41.698203297281154,41.91163129708204,41.662631398593845,41.796024322509766,175300,0.0,0.0,0.0
2017-03-02 00:00:00-05:00,41.68932022679038,41.70710617963583,41.52925004350497,41.55592727661133,110200,0.0,0.0,0.0
2017-03-03 00:00:00-05:00,41.53813459598659,41.53813459598659,41.28024340998273,41.49367141723633,67500,0.0,0.0,0.0
2017-03-06 00:00:00-05:00,41.26246231434254,41.26246231434254,41.11128343044739,41.19131851196289,128200,0.0,0.0,0.0
2017-03-07 00:00:00-05:00,41.111280172317855,41.1646380198739,40.951210021972656,40.951210021972656,90100,0.0,0.0,0.0
2017-03-08 00:00:00-05:00,40.90675032543487,41.004571358115236,40.764466112169764,40.77335739135742,81000,0.0,0.0,0.0
2017-03-09 00:00:00-05:00,40.79114640005528,40.94232529616473,40.74668321613726,40.87118148803711,84900,0.0,0.0,0.0
2017-03-10 00:00:00-05:00,41.03125671576097,41.209112865654156,40.99568480731755,41.093505859375,79300,0.0,0.0,0.0
2017-03-13 00:00:00-04:00,41.06682677753359,41.11128996492651,40.92454254248199,41.00457763671875,60500,0.0,0.0,0.0
2017-03-14 00:00:00-04:00,40.93342908748526,40.9867869415781,40.82671677162293,40.96010971069336,92200,0.0,0.0,0.0
2017-03-15 00:00:00-04:00,41.07571185859126,41.449210039432586,41.022357398701956,41.36917495727539,83400,0.0,0.0,0.0
2017-03-16 00:00:00-04:00,41.36029081029433,41.431434631347656,41.28025570777138,41.431434631347656,158200,0.0,0.0,0.0
2017-03-17 00:00:00-04:00,41.5114717149276,41.538148952933675,41.39586469636087,41.449222564697266,76300,0.0,0.0,0.0
2017-03-20 00:00:00-04:00,41.42253187663902,41.42253187663902,41.21799514392545,41.324710845947266,97200,0.0,0.0,0.0
2017-03-21 00:00:00-04:00,41.32471987193331,41.36028838805282,41.04904266998268,41.093505859375,91900,0.0,0.0,0.0
2017-03-22 00:00:00-04:00,41.12018980712008,41.289151297383256,41.075723221813405,41.262474060058594,105300,0.0,0.0,0.0
2017-03-23 00:00:00-04:00,41.21783164540717,41.46774378204015,41.191056317852926,41.20890426635742,115300,0.17,0.0,0.0
2017-03-24 00:00:00-04:00,41.262455939402024,41.34278532221555,41.10179717377498,41.22675323486328,175500,0.0,0.0,0.0
2017-03-27 00:00:00-04:00,41.02147578581745,41.12858392030846,40.932222411872914,41.05717849731445,232100,0.0,0.0,0.0
2017-03-28 00:00:00-04:00,41.03040177888908,41.307089271641374,40.96792373828063,41.235687255859375,102900,0.0,0.0,0.0
2017-03-29 00:00:00-04:00,41.22676469594862,41.423126220703125,41.22676469594862,41.423126220703125,83800,0.0,0.0,0.0
2017-03-30 00:00:00-04:00,41.37849182373,41.37849182373,41.17320636099076,41.199981689453125,69100,0.0,0.0,0.0
2017-03-31 00:00:00-04:00,41.15536120315106,41.34279534020164,41.15536120315106,41.18213653564453,89400,0.0,0.0,0.0
2017-04-03 00:00:00-04:00,41.235677192633716,41.30707919099065,40.976837713396165,41.08394241333008,362600,0.0,0.0,0.0
2017-04-04 00:00:00-04:00,41.04825690960113,41.0571808855955,40.860819365737676,41.039329528808594,135600,0.0,0.0,0.0
2017-04-05 00:00:00-04:00,41.08394711546415,41.28923256583153,40.91436437075998,40.994693756103516,147900,0.0,0.0,0.0
2017-04-06 00:00:00-04:00,40.994702398593944,41.23569060542961,40.994702398593944,41.18213653564453,210700,0.0,0.0,0.0
2017-04-07 00:00:00-04:00,41.19106004053718,41.316016120146706,41.12858200073242,41.12858200073242,76900,0.0,0.0,0.0
2017-04-10 00:00:00-04:00,41.155363157584326,41.610560855581,41.07503375149099,41.503456115722656,153600,0.0,0.0,0.0
2017-04-11 00:00:00-04:00,41.458819388483654,41.512370043050545,41.31601196830948,41.49452209472656,220900,0.0,0.0,0.0
2017-04-12 00:00:00-04:00,41.45882372942398,41.619482519541364,41.45882372942398,41.60163116455078,76200,0.0,0.0,0.0
2017-04-13 00:00:00-04:00,41.52130409329836,41.574858161267336,41.36064529418945,41.36064529418945,58300,0.0,0.0,0.0
2017-04-17 00:00:00-04:00,41.369569386910584,41.80691909790039,41.369569386910584,41.80691909790039,84200,0.0,0.0,0.0
2017-04-18 00:00:00-04:00,41.69981014039962,42.05682701062773,41.69981014039962,41.94972229003906,65000,0.0,0.0,0.0
2017-04-19 00:00:00-04:00,41.91402047715495,41.93187183176743,41.81583972918514,41.860469818115234,116000,0.0,0.0,0.0
2017-04-20 00:00:00-04:00,41.887250909666975,42.08361243261818,41.833696838462586,41.98543167114258,102500,0.0,0.0,0.0
2017-04-21 00:00:00-04:00,42.00327590003109,42.16393468158138,41.93187048387645,42.06575393676758,121400,0.0,0.0,0.0
2017-04-24 00:00:00-04:00,42.28889758724841,42.529885798507905,42.28889758724841,42.40492630004883,90900,0.0,0.0,0.0
2017-04-25 00:00:00-04:00,42.538809794936526,42.681617245588505,42.47633174807617,42.601287841796875,99800,0.0,0.0,0.0
2017-04-26 00:00:00-04:00,42.56558988229656,42.56558988229656,42.34245300292969,42.34245300292969,63200,0.0,0.0,0.0
2017-04-27 00:00:00-04:00,42.369226991001575,42.556661131492895,42.36029961014111,42.40492630004883,38200,0.0,0.0,0.0
2017-04-28 00:00:00-04:00,42.31566619873047,42.33351755281765,42.23533680773698,42.31566619873047,103100,0.0,0.0,0.0
2017-05-01 00:00:00-04:00,42.395993137584924,42.395993137584924,42.1193022724336,42.13715362548828,264900,0.0,0.0,0.0
2017-05-02 00:00:00-04:00,42.0925271692149,42.19963188331539,41.548072814941406,41.548072814941406,107200,0.0,0.0,0.0
2017-05-03 00:00:00-04:00,41.307086408100204,41.50344789628453,41.08394959145351,41.199981689453125,58100,0.0,0.0,0.0
2017-05-04 00:00:00-04:00,41.15535313301947,41.342787233316194,41.05717239339809,41.298160552978516,113300,0.0,0.0,0.0
2017-05-05 00:00:00-04:00,41.387423994743784,41.548082806930445,41.342797303535995,41.503456115722656,67900,0.0,0.0,0.0
2017-05-08 00:00:00-04:00,41.40528007635699,41.55701492953372,41.26247260531936,41.414207458496094,111800,0.0,0.0,0.0
2017-05-09 00:00:00-04:00,41.405275735460286,41.565934549134106,41.08395810811264,41.11073684692383,59900,0.0,0.0,0.0
2017-05-10 00:00:00-04:00,41.146426232199175,41.27138570531317,41.00361881058069,41.20890426635742,66300,0.0,0.0,0.0
2017-05-11 00:00:00-04:00,41.217840719731704,41.43205019692003,41.11965995735445,41.423126220703125,290700,0.0,0.0,0.0
2017-05-12 00:00:00-04:00,41.46775576043694,41.46775576043694,41.199992193155644,41.26247024536133,147300,0.0,0.0,0.0
2017-05-15 00:00:00-04:00,41.27139569949152,41.41420315569191,41.2446169606551,41.3338737487793,57200,0.0,0.0,0.0
2017-05-16 00:00:00-04:00,41.41418830190881,41.41418830190881,41.20889946525207,41.21782684326172,52100,0.0,0.0,0.0
2017-05-17 00:00:00-04:00,40.95899101718883,41.17320384619683,40.94113966437172,40.967918395996094,65800,0.0,0.0,0.0
2017-05-18 00:00:00-04:00,40.88759187436903,40.98576921454312,40.67337903035817,40.86081314086914,97500,0.0,0.0,0.0
2017-05-19 00:00:00-04:00,40.85188687788155,41.18212839763512,40.85188687788155,41.10179901123047,68800,0.0,0.0,0.0
2017-05-22 00:00:00-04:00,41.10181758137536,41.53024003416584,41.10181758137536,41.44098663330078,31000,0.0,0.0,0.0
2017-05-23 00:00:00-04:00,41.485600477314605,41.63733529752127,41.24461228390257,41.44989776611328,114400,0.0,0.0,0.0
2017-05-24 00:00:00-04:00,41.36064297937472,41.61055513964716,41.24461087433487,41.60163116455078,54400,0.0,0.0,0.0
2017-05-25 00:00:00-04:00,41.619484440204744,41.66411112734172,41.46774961818146,41.53022766113281,114900,0.0,0.0,0.0
2017-05-26 00:00:00-04:00,41.52129513979095,41.61054849569494,41.503443787650696,41.59269714355469,157100,0.0,0.0,0.0
2017-05-30 00:00:00-04:00,41.49452203222126,41.49452203222126,41.2713852257354,41.298160552978516,34500,0.0,0.0,0.0
2017-05-31 00:00:00-04:00,41.36064008192526,41.44989344582783,41.32493737444519,41.369564056396484,103100,0.0,0.0,0.0
2017-06-01 00:00:00-04:00,41.45881391245363,41.869384765625,41.44096256169004,41.869384765625,88200,0.0,0.0,0.0
2017-06-02 00:00:00-04:00,41.94972229003906,42.047903035911034,41.79799088627159,41.94972229003906,278100,0.0,0.0,0.0
2017-06-05 00:00:00-04:00,41.90510133872664,41.90510133872664,41.72659117679675,41.87832260131836,74100,0.0,0.0,0.0
2017-06-06 00:00:00-04:00,41.79800229253841,41.878328301301835,41.72659685612834,41.75337219238281,63500,0.0,0.0,0.0
2017-06-07 00:00:00-04:00,41.78907300429875,41.96758318238224,41.63734156604677,41.8515510559082,142900,0.0,0.0,0.0
2017-06-08 00:00:00-04:00,41.86046638786426,41.86046638786426,41.539148840765314,41.548072814941406,58700,0.0,0.0,0.0
2017-06-09 00:00:00-04:00,41.58378455760466,41.664113961835376,41.39635041599906,41.53915786743164,82200,0.0,0.0,0.0
2017-06-12 00:00:00-04:00,41.50345282478666,41.72658966793068,41.50345282478666,41.610557556152344,121700,0.0,0.0,0.0
2017-06-13 00:00:00-04:00,41.65518662699554,41.82477281655808,41.43204977108543,41.76229476928711,93000,0.0,0.0,0.0
2017-06-14 00:00:00-04:00,41.806915754277775,41.95864716128729,41.6998110314006,41.860469818115234,87900,0.0,0.0,0.0
2017-06-15 00:00:00-04:00,41.557009697544515,41.557009697544515,41.3070941010938,41.423126220703125,43800,0.0,0.0,0.0
2017-06-16 00:00:00-04:00,41.54808184354696,41.56593320057581,41.15536220330691,41.53915786743164,85600,0.0,0.0,0.0
2017-06-19 00:00:00-04:00,41.64626029833663,41.80691909790039,41.369569386910584,41.80691909790039,25300,0.0,0.0,0.0
2017-06-20 00:00:00-04:00,41.7622836263641,41.7622836263641,41.396339416503906,41.396339416503906,29300,0.0,0.0,0.0
2017-06-21 00:00:00-04:00,41.42312666846917,41.42312666846917,41.28031921386719,41.28031921386719,63300,0.0,0.0,0.0
2017-06-22 00:00:00-04:00,41.268675798195304,41.304484580606776,41.04487603049378,41.17915725708008,52500,0.137,0.0,0.0
2017-06-23 00:00:00-04:00,41.161247417492476,41.420855933241924,41.161247417492476,41.25971984863281,33100,0.0,0.0,0.0
2017-06-26 00:00:00-04:00,41.31342996276133,41.44770774673935,41.26866728652258,41.38504409790039,30200,0.0,0.0,0.0
2017-06-27 00:00:00-04:00,41.3223884466855,41.38505210765252,41.01802062988281,41.01802062988281,69300,0.0,0.0,0.0
2017-06-28 00:00:00-04:00,41.13440300521179,41.376107193608675,41.13440300521179,41.17021179199219,156800,0.0,0.0,0.0
2017-06-29 00:00:00-04:00,41.17915011718299,41.17915011718299,40.6957418831848,40.91059112548828,48200,0.0,0.0,0.0
2017-06-30 00:00:00-04:00,41.134396779737195,41.295532880948016,41.11649238905673,41.188106536865234,109500,0.0,0.0,0.0
2017-07-03 00:00:00-04:00,41.125444083462874,41.4029570247816,41.125444083462874,41.17915725708008,709100,0.0,0.0,0.0
2017-07-05 00:00:00-04:00,41.16125355552603,41.17915794703175,40.98221305538232,41.009071350097656,274400,0.0,0.0,0.0
2017-07-06 00:00:00-04:00,40.89267994735895,40.94639310274423,40.68678464075048,40.704689025878906,232900,0.0,0.0,0.0
2017-07-07 00:00:00-04:00,40.758408960171245,40.97325822053462,40.70469920626526,40.847930908203125,108800,0.0,0.0,0.0
2017-07-10 00:00:00-04:00,40.883730742637105,40.883730742637105,40.49879837036133,40.49879837036133,60000,0.0,0.0,0.0
2017-07-11 00:00:00-04:00,40.48090645324526,40.516711823731676,40.310816430051425,40.45404815673828,96900,0.0,0.0,0.0
2017-07-12 00:00:00-04:00,40.624132794254976,40.892691819324845,40.624132794254976,40.767364501953125,339900,0.0,0.0,0.0
2017-07-13 00:00:00-04:00,40.81212383774281,41.0806828632564,40.69574700788539,41.06277847290039,190800,0.0,0.0,0.0
2017-07-14 00:00:00-04:00,41.098593736539875,41.35820231528298,41.098593736539875,41.30448913574219,63200,0.0,0.0,0.0
2017-07-17 00:00:00-04:00,41.313441608553475,41.42086454899975,41.277632823433485,41.349246978759766,124500,0.0,0.0,0.0
2017-07-18 00:00:00-04:00,41.34028789093737,41.34028789093737,41.14334302865668,41.25971984863281,57900,0.0,0.0,0.0
2017-07-19 00:00:00-04:00,41.32238821950521,41.483524322509766,41.313437731522015,41.483524322509766,88200,0.0,0.0,0.0
2017-07-20 00:00:00-04:00,41.510386970196556,41.68047700793068,41.474581596649294,41.58200454711914,64600,0.0,0.0,0.0
2017-07-21 00:00:00-04:00,41.510379723875204,41.66256534081217,41.41190728025365,41.64466094970703,55500,0.0,0.0,0.0
2017-07-24 00:00:00-04:00,41.617812486070314,41.69838055100664,41.51934002726881,41.65361785888672,67800,0.0,0.0,0.0
2017-07-25 00:00:00-04:00,41.65361200882728,42.10121154785156,41.65361200882728,42.10121154785156,69600,0.0,0.0,0.0
2017-07-26 00:00:00-04:00,42.11911784502479,42.15492662934626,41.922176361083984,41.922176361083984,94000,0.0,0.0,0.0
2017-07-27 00:00:00-04:00,41.95798626925847,42.047508239746094,41.81475453139227,42.047508239746094,61600,0.0,0.0,0.0
2017-07-28 00:00:00-04:00,41.95798173049182,42.02959929913475,41.79684561595885,41.922176361083984,73200,0.0,0.0,0.0
2017-07-31 00:00:00-04:00,41.94902621618758,41.984834996219,41.85950426610905,41.931121826171875,25000,0.0,0.0,0.0
2017-08-01 00:00:00-04:00,42.02959929913475,42.02959929913475,41.805799519496034,41.922176361083984,61700,0.0,0.0,0.0
2017-08-02 00:00:00-04:00,41.922167904174366,42.01168643200593,41.66255939258469,41.99378204345703,404400,0.0,0.0,0.0
2017-08-03 00:00:00-04:00,41.886368720738,42.07435972118955,41.68047332763672,41.68047332763672,34800,0.0,0.0,0.0
2017-08-04 00:00:00-04:00,41.74313982821261,41.761044222077786,41.60885858168075,41.65361785888672,34400,0.0,0.0,0.0
2017-08-07 00:00:00-04:00,41.75207289678878,42.13700866699219,41.75207289678878,42.13700866699219,97300,0.0,0.0,0.0
2017-08-08 00:00:00-04:00,42.05646647493876,42.128084064518774,41.86847542466316,41.91323471069336,42600,0.0,0.0,0.0
2017-08-09 00:00:00-04:00,41.81475305289736,41.85951232910156,41.67152132009558,41.85951232910156,26100,0.0,0.0,0.0
2017-08-10 00:00:00-04:00,41.671511418977865,41.823697019809636,41.53723362226955,41.617801666259766,42100,0.0,0.0,0.0
2017-08-11 00:00:00-04:00,41.581999229390945,41.90427145450062,41.581999229390945,41.76103973388672,28300,0.0,0.0,0.0
2017-08-14 00:00:00-04:00,41.87741073597747,42.128068793733156,41.73417902365139,41.77893829345703,81100,0.0,0.0,0.0
2017-08-15 00:00:00-04:00,41.76103231878342,41.796837681394095,41.67151037497428,41.725223541259766,25600,0.0,0.0,0.0
2017-08-16 00:00:00-04:00,41.761035243392485,42.01168987378595,41.761035243392485,41.931121826171875,30000,0.0,0.0,0.0
2017-08-17 00:00:00-04:00,41.84160531027843,42.065405073905495,41.483524322509766,41.483524322509766,35800,0.0,0.0,0.0
2017-08-18 00:00:00-04:00,41.46562172816362,41.59094905483855,41.394007576455174,41.50143051147461,25600,0.0,0.0,0.0
2017-08-21 00:00:00-04:00,41.62675751625071,41.75208484195649,41.599902636431906,41.73418045043945,19200,0.0,0.0,0.0
2017-08-22 00:00:00-04:00,41.75207792041626,42.01168643200593,41.75207792041626,41.99378204345703,30600,0.0,0.0,0.0
2017-08-23 00:00:00-04:00,41.88636757676252,41.975886122652554,41.859509281064604,41.922176361083984,82500,0.0,0.0,0.0
2017-08-24 00:00:00-04:00,41.83264889463106,41.85055328443537,41.17915403388294,41.20600891113281,68900,0.0,0.0,0.0
2017-08-25 00:00:00-04:00,41.34924841123594,41.465625259450746,41.30448913574219,41.30448913574219,27400,0.0,0.0,0.0
2017-08-28 00:00:00-04:00,41.340291401048624,41.34924188876999,40.982210423754985,41.06277847290039,31100,0.0,0.0,0.0
2017-08-29 00:00:00-04:00,40.98220841249922,41.143344502882066,40.96430402302189,41.08068084716797,28000,0.0,0.0,0.0
2017-08-30 00:00:00-04:00,41.098590526458516,41.39400786848803,41.098590526458516,41.33134078979492,45300,0.0,0.0,0.0
2017-08-31 00:00:00-04:00,41.35819663046665,41.46561955986879,41.3044834583089,41.420860290527344,31700,0.0,0.0,0.0
2017-09-01 00:00:00-04:00,41.492466700667144,41.76102909645901,41.492466700667144,41.7520751953125,70600,0.0,0.0,0.0
2017-09-05 00:00:00-04:00,41.50142266876845,41.76998166302303,41.41190072740833,41.5372314453125,328300,0.0,0.0,0.0
2017-09-06 00:00:00-04:00,41.599902636431906,41.778939721775295,41.45667091920909,41.73418045043945,66900,0.0,0.0,0.0
2017-09-07 00:00:00-04:00,41.787889372512,41.814744249597965,41.59989840308394,41.80579376220703,12200,0.0,0.0,0.0
2017-09-08 00:00:00-04:00,41.671511418977865,41.716270684547304,41.43876118906894,41.617801666259766,21600,0.0,0.0,0.0
2017-09-11 00:00:00-04:00,41.75208583045946,41.868462670618754,41.64466289372743,41.76103973388672,49100,0.0,0.0,0.0
2017-09-12 00:00:00-04:00,41.76998736914795,41.895314689259976,41.67151492765611,41.850555419921875,28300,0.0,0.0,0.0
2017-09-13 00:00:00-04:00,41.82370174890184,42.02959712573273,41.82370174890184,41.84160614013672,81200,0.0,0.0,0.0
2017-09-14 00:00:00-04:00,41.75208829418592,41.76999268718336,41.6357114471594,41.6715202331543,42800,0.0,0.0,0.0
2017-09-15 00:00:00-04:00,41.626754025731294,41.95797670373883,41.626754025731294,41.931121826171875,46400,0.0,0.0,0.0
2017-09-18 00:00:00-04:00,41.993786448720265,42.101209376369695,41.94902718010911,42.0206413269043,53600,0.0,0.0,0.0
2017-09-19 00:00:00-04:00,42.02064147954629,42.02064147954629,41.67151440223245,41.68941879272461,24000,0.0,0.0,0.0
2017-09-20 00:00:00-04:00,41.53723958782895,41.59094934826082,41.17020809358575,41.33134078979492,61000,0.0,0.0,0.0
2017-09-21 00:00:00-04:00,41.28196475766548,41.308892535541304,40.95881772642217,40.96779251098633,26600,0.125,0.0,0.0
2017-09-22 00:00:00-04:00,40.9588234344623,41.0934657667886,40.8959896612066,40.904964447021484,63800,0.0,0.0,0.0
2017-09-25 00:00:00-04:00,40.86007665647274,41.075505720892714,40.86007665647274,41.05755615234375,125300,0.0,0.0,0.0
2017-09-26 00:00:00-04:00,41.12040416528598,41.26402473273277,41.04859216947038,41.20119094848633,59500,0.0,0.0,0.0
2017-09-27 00:00:00-04:00,41.21014968630869,41.21014968630869,40.75236037591874,41.02164840698242,67500,0.0,0.0,0.0
2017-09-28 00:00:00-04:00,40.85110529332072,40.958823267763954,40.78827152032075,40.87803649902344,34800,0.0,0.0,0.0
2017-09-29 00:00:00-04:00,41.075514861559945,41.102446068742964,40.985753302107234,40.994728088378906,42100,0.0,0.0,0.0
2017-10-02 00:00:00-04:00,41.07550691954615,41.17424667036305,40.89598383535179,41.066532135009766,81200,0.0,0.0,0.0
2017-10-03 00:00:00-04:00,41.102446068742964,41.15630163474099,40.97677851583556,40.994728088378906,43600,0.0,0.0,0.0
2017-10-04 00:00:00-04:00,40.967791575204075,41.35377236213,40.94983858230248,41.23707962036133,79000,0.0,0.0,0.0
2017-10-05 00:00:00-04:00,41.37173859595702,41.51535916095185,41.37173859595702,41.39866638183594,31300,0.0,0.0,0.0
2017-10-06 00:00:00-04:00,41.26401899143774,41.28197198789374,41.12039844397369,41.13835144042969,29500,0.0,0.0,0.0
2017-10-09 00:00:00-04:00,41.13835587527515,41.183236659161466,40.69851597514689,40.7433967590332,56900,0.0,0.0,0.0
2017-10-10 00:00:00-04:00,40.81520686185482,40.99472998908376,40.797253864295094,40.9318962097168,36800,0.0,0.0,0.0
2017-10-11 00:00:00-04:00,41.06654357068372,41.16528334899638,40.94087600708008,40.94087600708008,57000,0.0,0.0,0.0
2017-10-12 00:00:00-04:00,40.922918907141636,41.174254009157735,40.922918907141636,41.13835144042969,38000,0.0,0.0,0.0
2017-10-13 00:00:00-04:00,41.24607276935176,41.5153609120525,41.138358197108374,41.30890655517578,37400,0.0,0.0,0.0
2017-10-16 00:00:00-04:00,41.326853118843694,41.3986616810952,41.28197233941351,41.317874908447266,44000,0.0,0.0,0.0
2017-10-17 00:00:00-04:00,41.246063537942625,41.27299131893056,41.111417784635485,41.174251556396484,43300,0.0,0.0,0.0
2017-10-18 00:00:00-04:00,41.165281288422236,41.183234285778994,41.07551630163842,41.102447509765625,65900,0.0,0.0,0.0
2017-10-19 00:00:00-04:00,41.03062614849756,41.066532135009766,40.842124855583485,41.066532135009766,101500,0.0,0.0,0.0
2017-10-20 00:00:00-04:00,41.08448705521555,41.138346037509955,40.96779430566941,41.12936782836914,37300,0.0,0.0,0.0
2017-10-23 00:00:00-04:00,41.21016016765609,41.290946939940724,41.12039860919938,41.165279388427734,19300,0.0,0.0,0.0
2017-10-24 00:00:00-04:00,41.16528789299272,41.21914346951949,41.05757331575451,41.12040710449219,44700,0.0,0.0,0.0
2017-10-25 00:00:00-04:00,41.075514861559945,41.075514861559945,40.61772542965671,40.994728088378906,65000,0.0,0.0,0.0
2017-10-26 00:00:00-04:00,41.11141682983853,41.12039503941516,40.78826976875336,40.84212875366211,47900,0.0,0.0,0.0
2017-10-27 00:00:00-04:00,40.77930761750963,40.77930761750963,40.46513866866599,40.59978103637695,57700,0.0,0.0,0.0
2017-10-30 00:00:00-04:00,40.77930410394689,40.77930410394689,40.384348398832344,40.40229797363281,80000,0.0,0.0,0.0
2017-10-31 00:00:00-04:00,40.510004311614615,40.90495990308874,40.50102610261324,40.85110092163086,241200,0.0,0.0,0.0
2017-11-01 00:00:00-04:00,40.98575224906092,41.15630057731278,40.88701248168945,40.88701248168945,38700,0.0,0.0,0.0
2017-11-02 00:00:00-04:00,40.88701522249247,40.88701522249247,40.456153555776176,40.5279655456543,47500,0.0,0.0,0.0
2017-11-03 00:00:00-04:00,40.474095369402356,40.56385690776287,40.30354707684411,40.330474853515625,168300,0.0,0.0,0.0
2017-11-06 00:00:00-05:00,40.195839915525795,40.195839915525795,39.782931249496535,39.80088424682617,54100,0.0,0.0,0.0
2017-11-07 00:00:00-05:00,39.82781949746262,39.98041829128097,39.78293870781655,39.89963150024414,68600,0.0,0.0,0.0
2017-11-08 00:00:00-05:00,40.025289303438264,40.581818492305516,40.025289303438264,40.53693771362305,226000,0.0,0.0,0.0
2017-11-09 00:00:00-05:00,40.24072735206829,40.510015485267054,40.24072735206829,40.447181701660156,54200,0.0,0.0,0.0
2017-11-10 00:00:00-05:00,40.39331997966164,40.958827418148466,40.39331997966164,40.9318962097168,25600,0.0,0.0,0.0
2017-11-13 00:00:00-05:00,40.89599317643904,41.20118728313576,40.89599317643904,41.102447509765625,43500,0.0,0.0,0.0
2017-11-14 00:00:00-05:00,41.00369947745803,41.2999153137207,41.00369947745803,41.2999153137207,79200,0.0,0.0,0.0
2017-11-15 00:00:00-05:00,41.120395769182345,41.17425133086321,40.86905725933131,40.89598846435547,23200,0.0,0.0,0.0
2017-11-16 00:00:00-05:00,41.07551039511577,41.73975750506295,41.07551039511577,41.61408996582031,48000,0.0,0.0,0.0
2017-11-17 00:00:00-05:00,41.56023759557677,41.883384704589844,41.47047603159944,41.883384704589844,27900,0.0,0.0,0.0
2017-11-20 00:00:00-05:00,41.7577145350093,41.94621586208869,41.7577145350093,41.892356872558594,46800,0.0,0.0,0.0
2017-11-21 00:00:00-05:00,41.90133770222214,42.06291125672868,41.865431706957544,41.883384704589844,73500,0.0,0.0,0.0
2017-11-22 00:00:00-05:00,41.94621349276017,42.03597847023997,41.865426725120244,42.00007247924805,42500,0.0,0.0,0.0
2017-11-24 00:00:00-05:00,42.08086114685436,42.08086114685436,41.93724060058594,41.93724060058594,3900,0.0,0.0,0.0
2017-11-27 00:00:00-05:00,41.955189646231815,42.062904189744344,41.88337766776774,42.03597640991211,18900,0.0,0.0,0.0
2017-11-28 00:00:00-05:00,42.09881770199051,42.52070116621452,42.03598392169791,42.51172637939453,62000,0.0,0.0,0.0
2017-11-29 00:00:00-05:00,42.592509143099996,43.39139863796723,42.592509143099996,43.21187210083008,103400,0.0,0.0,0.0
2017-11-30 00:00:00-05:00,43.606827811645076,43.8222569002844,43.28368075450247,43.58887481689453,46300,0.0,0.0,0.0
2017-12-01 00:00:00-05:00,43.508096861212934,43.606836640239884,43.05030396284876,43.59785842895508,78200,0.0,0.0,0.0
2017-12-04 00:00:00-05:00,43.759429809103665,44.15438548134107,43.759429809103665,44.10950469970703,126700,0.0,0.0,0.0
2017-12-05 00:00:00-05:00,44.11846765009686,44.11846765009686,43.70555569900988,43.75941467285156,78200,0.0,0.0,0.0
2017-12-06 00:00:00-05:00,43.71454972674991,44.05564983615654,43.71454972674991,44.037696838378906,41300,0.0,0.0,0.0
2017-12-07 00:00:00-05:00,44.05563486194212,44.09153742111014,43.93894212814268,43.96586990356445,31600,0.0,0.0,0.0
2017-12-08 00:00:00-05:00,44.028710043334584,44.306976318359375,43.938948496131,44.306976318359375,30400,0.0,0.0,0.0
2017-12-11 00:00:00-05:00,44.23517488463547,44.23517488463547,43.90305297180119,44.10053253173828,20600,0.0,0.0,0.0
2017-12-12 00:00:00-05:00,44.037687544137874,44.17232986277729,43.777374267578125,43.777374267578125,44900,0.0,0.0,0.0
2017-12-13 00:00:00-05:00,43.78634518761439,43.8491789489367,43.57989091124349,43.651702880859375,54800,0.0,0.0,0.0
2017-12-14 00:00:00-05:00,43.59784417427876,43.59784417427876,43.09517065639679,43.104148864746094,22000,0.0,0.0,0.0
2017-12-15 00:00:00-05:00,43.2387997875989,43.65171184935908,43.22085021569026,43.561946868896484,25600,0.0,0.0,0.0
2017-12-18 00:00:00-05:00,43.62477761478651,44.02871143836824,43.62477761478651,43.86713790893555,58000,0.0,0.0,0.0
2017-12-19 00:00:00-05:00,43.903046969960485,44.01076152238981,43.669664868999654,43.68761444091797,18000,0.0,0.0,0.0
2017-12-20 00:00:00-05:00,43.84021965716444,43.84021965716444,43.52605073953129,43.80431365966797,24100,0.0,0.0,0.0
2017-12-21 00:00:00-05:00,43.92242090549052,44.10276411748713,43.76011235866964,43.84126663208008,38800,0.221,0.0,0.0
2017-12-22 00:00:00-05:00,43.87734261272036,44.06670146612477,43.87734261272036,44.05768585205078,36200,0.0,0.0,0.0
2017-12-26 00:00:00-05:00,44.06670337678628,44.30115063000943,43.9224294670187,44.147857666015625,38300,0.0,0.0,0.0
2017-12-27 00:00:00-05:00,44.19294713266615,44.19294713266615,44.00358825170632,44.03965759277344,19100,0.0,0.0,0.0
2017-12-28 00:00:00-05:00,44.066700507858194,44.066700507858194,43.88635727244949,44.01259994506836,17400,0.0,0.0,0.0
2017-12-29 00:00:00-05:00,44.06670341576637,44.09375713870764,43.88636016845703,43.88636016845703,26400,0.0,0.0,0.0
2018-01-02 00:00:00-05:00,44.048677730391184,44.048677730391184,43.597821240050386,43.93145751953125,80200,0.0,0.0,0.0
2018-01-03 00:00:00-05:00,43.95851607018791,44.03967039129262,43.742103400654486,43.796207427978516,197300,0.0,0.0,0.0
2018-01-04 00:00:00-05:00,43.80520631687155,44.075719449416155,43.80520631687155,43.98554611206055,82300,0.0,0.0,0.0
2018-01-05 00:00:00-05:00,44.06669820112126,44.256060480256565,43.94045897487168,44.183921813964844,108100,0.0,0.0,0.0
2018-01-08 00:00:00-05:00,44.174913248465884,44.3642721180516,44.0576896169198,44.31918716430664,53700,0.0,0.0,0.0
2018-01-09 00:00:00-05:00,44.36427566820792,44.48149930913457,44.31919071085513,44.34624099731445,52000,0.0,0.0,0.0
2018-01-10 00:00:00-05:00,44.174910586258775,44.174910586258775,43.76012009342271,44.048667907714844,99800,0.0,0.0,0.0
2018-01-11 00:00:00-05:00,44.156881058956294,44.364274609639935,44.14786200384388,44.27410125732422,34800,0.0,0.0,0.0
2018-01-12 00:00:00-05:00,44.301146935758005,44.58067567775717,44.26507760138358,44.355247497558594,32800,0.0,0.0,0.0
2018-01-16 00:00:00-05:00,44.616755654216114,44.77906425785417,44.47248172206694,44.5175666809082,87500,0.0,0.0,0.0
2018-01-17 00:00:00-05:00,44.67986812782398,45.03153556612317,44.67986812782398,44.905296325683594,57600,0.0,0.0,0.0
2018-01-18 00:00:00-05:00,44.81513300332953,44.83316767457796,44.50855047162984,44.65282440185547,70400,0.0,0.0,0.0
2018-01-19 00:00:00-05:00,44.697898858462324,45.4012336730957,44.697898858462324,45.4012336730957,74200,0.0,0.0,0.0
2018-01-22 00:00:00-05:00,45.41927679748827,45.969322204589844,45.41927679748827,45.969322204589844,25600,0.0,0.0,0.0
2018-01-23 00:00:00-05:00,45.90621279393404,45.96933243439254,45.71685387255853,45.951297760009766,24900,0.0,0.0,0.0
2018-01-24 00:00:00-05:00,46.02342308447353,46.05949242275838,45.6897868649808,45.861114501953125,34500,0.0,0.0,0.0
2018-01-25 00:00:00-05:00,46.068510058832935,46.08654472876668,45.87915118417096,45.97834014892578,30400,0.0,0.0,0.0
2018-01-26 00:00:00-05:00,46.02342262242983,46.39312473673443,45.87012965613888,46.38410568237305,16600,0.0,0.0,0.0
2018-01-29 00:00:00-05:00,46.50133442757682,46.50133442757682,46.140647888183594,46.140647888183594,20800,0.0,0.0,0.0
2018-01-30 00:00:00-05:00,45.707824290049274,45.96030623350505,45.51846541227866,45.608638763427734,29000,0.0,0.0,0.0
2018-01-31 00:00:00-05:00,45.76193412042725,45.90620806085191,45.23893893653657,45.43731689453125,84800,0.0,0.0,0.0
2018-02-01 00:00:00-05:00,45.25696060117765,45.41025355368513,45.10367108843126,45.23892593383789,127700,0.0,0.0,0.0
2018-02-02 00:00:00-05:00,45.04056025532594,45.04056025532594,44.10277800936133,44.13884735107422,186900,0.0,0.0,0.0
2018-02-05 00:00:00-05:00,44.00358527146446,44.310167770247574,42.91251357629216,42.966617584228516,73100,0.0,0.0,0.0
2018-02-06 00:00:00-05:00,42.29034153426708,43.534703011125316,42.1190138609624,43.42649841308594,57800,0.0,0.0,0.0
2018-02-07 00:00:00-05:00,43.63388448576198,43.895382039150924,43.37238693237305,43.37238693237305,43800,0.0,0.0,0.0
2018-02-08 00:00:00-05:00,43.48960600753026,43.48960600753026,42.3083610534668,42.3083610534668,21600,0.0,0.0,0.0
2018-02-09 00:00:00-05:00,42.641998865108754,42.75921905173168,41.54190815541345,42.50674057006836,64700,0.0,0.0,0.0
2018-02-12 00:00:00-05:00,42.76823084389549,42.91250472888559,42.434598129811036,42.687076568603516,45600,0.0,0.0,0.0
2018-02-13 00:00:00-05:00,42.614944840414736,42.867426760051124,42.57887894311923,42.7952880859375,29000,0.0,0.0,0.0
2018-02-14 00:00:00-05:00,42.542808896508475,43.255162812573616,42.542808896508475,43.16498947143555,73700,0.0,0.0,0.0
2018-02-15 00:00:00-05:00,43.399435008535434,44.01259994506836,43.074817872751986,44.01259994506836,44400,0.0,0.0,0.0
2018-02-16 00:00:00-05:00,43.922436626836614,44.382312154021236,43.84128232437827,44.22901916503906,30500,0.0,0.0,0.0
2018-02-20 00:00:00-05:00,43.97653574422074,43.97653574422074,43.39042102065483,43.50764465332031,28600,0.0,0.0,0.0
2018-02-21 00:00:00-05:00,43.53469574475827,43.66995404955317,42.87644577026367,42.87644577026367,26300,0.0,0.0,0.0
2018-02-22 00:00:00-05:00,42.98465444456686,43.2100826808562,42.77726087995208,42.84939956665039,27800,0.0,0.0,0.0
2018-02-23 00:00:00-05:00,43.29123342849949,43.47157669067383,43.06580521072197,43.47157669067383,25000,0.0,0.0,0.0
2018-02-26 00:00:00-05:00,43.57977963381397,43.76913848913974,43.39943639265366,43.71503448486328,20600,0.0,0.0,0.0
2018-02-27 00:00:00-05:00,43.76012042009229,43.94046366531146,43.31828308105469,43.31828308105469,29600,0.0,0.0,0.0
2018-02-28 00:00:00-05:00,43.46256060696385,43.54371490207944,43.083839416503906,43.083839416503906,73000,0.0,0.0,0.0
2018-03-01 00:00:00-05:00,42.912514314249066,43.28221644210156,42.560846856018834,42.77725601196289,142100,0.0,0.0,0.0
2018-03-02 00:00:00-05:00,42.70512785770735,43.16499997019908,42.69610880151927,43.11991500854492,148000,0.0,0.0,0.0
2018-03-05 00:00:00-05:00,42.97563179020615,43.471573140866724,42.97563179020615,43.444522857666016,18900,0.0,0.0,0.0
2018-03-06 00:00:00-05:00,43.50764803791275,43.588802337646484,43.19204989437147,43.588802337646484,22900,0.0,0.0,0.0
2018-03-07 00:00:00-05:00,43.264184691532414,43.40845861848318,43.02974085014807,43.20106506347656,20000,0.0,0.0,0.0
2018-03-08 00:00:00-05:00,43.17401069804211,43.17401069804211,42.939563439046466,43.04777145385742,21100,0.0,0.0,0.0
2018-03-09 00:00:00-05:00,43.282216442681346,43.50764465332031,43.11990785584037,43.50764465332031,19500,0.0,0.0,0.0
2018-03-12 00:00:00-04:00,43.5527296074958,43.73307286395928,43.48059436876732,43.50764465332031,20600,0.0,0.0,0.0
2018-03-13 00:00:00-04:00,43.63388528265457,43.65191995284817,43.41747611985466,43.47157669067383,15200,0.0,0.0,0.0
2018-03-14 00:00:00-04:00,43.588794875271944,43.63387982523622,43.056784210266684,43.09285354614258,21700,0.0,0.0,0.0
2018-03-15 00:00:00-04:00,43.12892375161316,43.27319765826449,42.569859353548146,42.66904830932617,17100,0.0,0.0,0.0
2018-03-16 00:00:00-04:00,42.69610171854349,42.867429360074176,42.68708610361312,42.77725601196289,16400,0.0,0.0,0.0
2018-03-19 00:00:00-04:00,42.7772496175466,42.822338004743116,42.40754754495781,42.53378677368164,18000,0.0,0.0,0.0
2018-03-20 00:00:00-04:00,42.59691571623587,42.59691571623587,42.24524482219887,42.38951873779297,25200,0.0,0.0,0.0
2018-03-21 00:00:00-04:00,42.23623405414027,42.290338068607255,41.92965151835109,41.99277114868164,23300,0.0,0.0,0.0
2018-03-22 00:00:00-04:00,41.832917638765466,42.04967002465957,41.4626350402832,41.4626350402832,21200,0.073,0.0,0.0
2018-03-23 00:00:00-04:00,41.64325591458463,41.76066358487377,41.05622100830078,41.05622100830078,56900,0.0,0.0,0.0
2018-03-26 00:00:00-04:00,41.38135010902054,41.79678841742677,41.31813138579185,41.76066589355469,23600,0.0,0.0,0.0
2018-03-27 00:00:00-04:00,41.85097787051546,42.08578978171588,41.41747657241785,41.571006774902344,19900,0.0,0.0,0.0
2018-03-28 00:00:00-04:00,41.62519777952545,42.09482507022186,41.62519777952545,41.959354400634766,37600,0.0,0.0,0.0
2018-03-29 00:00:00-04:00,42.18513060294079,42.5373501599918,42.18513060294079,42.36575698852539,33600,0.0,0.0,0.0
2018-04-02 00:00:00-04:00,42.284470677657424,42.284470677657424,41.20974914058977,41.44456100463867,366000,0.0,0.0,0.0
2018-04-03 00:00:00-04:00,41.61616461518404,42.0767586529232,41.42650500419784,41.941287994384766,397100,0.0,0.0,0.0
2018-04-04 00:00:00-04:00,41.598099755861405,42.76313289709397,41.598099755861405,42.66379165649414,218400,0.0,0.0,0.0
2018-04-05 00:00:00-04:00,42.80829669575843,42.80829669575843,42.492199621041024,42.62767028808594,23600,0.0,0.0,0.0
2018-04-06 00:00:00-04:00,42.38383180378394,42.907644678532854,42.103860655710896,42.35673904418945,133500,0.0,0.0,0.0
2018-04-09 00:00:00-04:00,42.42898755149567,42.84442594270389,42.185142379657094,42.35673904418945,249500,0.0,0.0,0.0
2018-04-10 00:00:00-04:00,42.66379968106838,42.763140940353175,42.45607705622646,42.64573669433594,25800,0.0,0.0,0.0
2018-04-11 00:00:00-04:00,42.46510307679603,42.73604094154955,42.4018843565256,42.61863327026367,53700,0.0,0.0,0.0
2018-04-12 00:00:00-04:00,42.717977565011125,42.77216651552821,42.57347714212739,42.636695861816406,25200,0.0,0.0,0.0
2018-04-13 00:00:00-04:00,42.72700551941689,42.72700551941689,42.31156384025268,42.38381576538086,21400,0.0,0.0,0.0
2018-04-16 00:00:00-04:00,42.45606746105484,43.052132107863805,42.45606746105484,42.88053894042969,20100,0.0,0.0,0.0
2018-04-17 00:00:00-04:00,43.034072886823914,43.07922862120055,42.85344650415565,43.02503967285156,31500,0.0,0.0,0.0
2018-04-18 00:00:00-04:00,43.09729206287353,43.10632183178033,42.83538397747389,42.85344696044922,47000,0.0,0.0,0.0
2018-04-19 00:00:00-04:00,42.708946776619975,42.708946776619975,42.212226800133614,42.36575698852539,25500,0.0,0.0,0.0
2018-04-20 00:00:00-04:00,42.36576306708002,42.36576306708002,41.68841660782474,41.796791076660156,38800,0.0,0.0,0.0
2018-04-23 00:00:00-04:00,41.93225635842982,41.93225635842982,41.733566986793896,41.86000442504883,19300,0.0,0.0,0.0
2018-04-24 00:00:00-04:00,41.9864441310619,42.139974317448434,41.69743985080414,41.91419219970703,39600,0.0,0.0,0.0
2018-04-25 00:00:00-04:00,41.90516986066951,42.33867119017352,41.83291791650434,42.23029327392578,123200,0.0,0.0,0.0
2018-04-26 00:00:00-04:00,42.32963891838561,42.61863981116541,42.10385675557875,42.5192985534668,17500,0.0,0.0,0.0
2018-04-27 00:00:00-04:00,42.48316799559992,42.79023184168401,42.48316799559992,42.54638671875,31000,0.0,0.0,0.0
2018-04-30 00:00:00-04:00,42.64573089224982,42.763135122293846,42.08578871521319,42.09482192993164,37700,0.0,0.0,0.0
2018-05-01 00:00:00-04:00,41.94130140149318,41.950334619036376,41.59811492843897,41.86905288696289,26000,0.0,0.0,0.0
2018-05-02 00:00:00-04:00,41.670347554622126,41.670347554622126,40.89365650987589,40.947845458984375,49900,0.0,0.0,0.0
2018-05-03 00:00:00-04:00,40.92075420775384,40.92075420775384,40.225344838585755,40.252437591552734,35400,0.0,0.0,0.0
2018-05-04 00:00:00-04:00,40.17115403034964,41.12847145114731,40.17115403034964,40.96590805053711,31700,0.0,0.0,0.0
2018-05-07 00:00:00-04:00,40.92075076570916,41.16459585738659,40.92075076570916,41.02912521362305,45200,0.0,0.0,0.0
2018-05-08 00:00:00-04:00,40.938817639931656,40.947847409298944,40.72206527833571,40.8665657043457,25000,0.0,0.0,0.0
2018-05-09 00:00:00-04:00,40.875591905512366,41.291033608542136,40.875591905512366,41.17362594604492,34600,0.0,0.0,0.0
2018-05-10 00:00:00-04:00,41.291043784109974,41.58004468212188,41.28201056814322,41.39038848876953,56900,0.0,0.0,0.0
2018-05-11 00:00:00-04:00,41.4897167248046,41.66131332268485,41.35424953428803,41.45359420776367,212800,0.0,0.0,0.0
2018-05-14 00:00:00-04:00,41.552939652236006,41.552939652236006,41.35425373028648,41.4355354309082,33100,0.0,0.0,0.0
2018-05-15 00:00:00-04:00,41.24588539594938,41.453608025270995,41.11041816027825,41.34523010253906,40600,0.0,0.0,0.0
2018-05-16 00:00:00-04:00,41.39941388513675,41.832915186349034,41.39941388513675,41.71550750732422,26500,0.0,0.0,0.0
2018-05-17 00:00:00-04:00,41.73357243917393,41.76969841058419,41.52585327130834,41.64326095581055,29100,0.0,0.0,0.0
2018-05-18 00:00:00-04:00,41.399413462178515,41.399413462178515,40.983975150073015,41.11041259765625,33800,0.0,0.0,0.0
2018-05-21 00:00:00-04:00,41.27298013125493,41.40844736210789,41.20976140115774,41.25491714477539,25000,0.0,0.0,0.0
2018-05-22 00:00:00-04:00,41.345224508144824,41.50778792508385,41.07428662830045,41.11041259765625,33500,0.0,0.0,0.0
2018-05-23 00:00:00-04:00,41.07427816805707,41.363278973052616,41.07427816805707,41.3090934753418,45700,0.0,0.0,0.0
2018-05-24 00:00:00-04:00,41.26394193301428,41.36328662407517,40.974941074561855,41.30006790161133,36000,0.0,0.0,0.0
2018-05-25 00:00:00-04:00,41.173624785632335,41.5529370681708,41.14653203549716,41.218780517578125,18800,0.0,0.0,0.0
2018-05-29 00:00:00-04:00,41.06524962704414,41.318124477679916,40.94784196989405,41.092342376708984,30500,0.0,0.0,0.0
2018-05-30 00:00:00-04:00,41.20072837299753,41.634229714993836,41.11944665605057,41.552947998046875,27300,0.0,0.0,0.0
2018-05-31 00:00:00-04:00,41.51681434686388,41.51681434686388,40.64980844999784,40.75818634033203,20300,0.0,0.0,0.0
2018-06-01 00:00:00-04:00,40.91172260971181,40.95687834816147,40.73109621075118,40.8214111328125,72700,0.0,0.0,0.0
2018-06-04 00:00:00-04:00,40.875597253735805,41.13750536389742,40.875597253735805,41.10137939453125,55500,0.0,0.0,0.0
2018-06-05 00:00:00-04:00,41.06525685854253,41.16460155168995,40.95687895047514,41.11041259765625,105300,0.0,0.0,0.0
2018-06-06 00:00:00-04:00,41.11943551674683,41.11943551674683,40.785278968782706,41.07427978515625,41800,0.0,0.0,0.0
2018-06-07 00:00:00-04:00,40.848501865581134,41.30909933239753,40.71303465693536,41.05622100830078,28400,0.0,0.0,0.0
2018-06-08 00:00:00-04:00,41.047197375240934,41.589073181152344,41.047197375240934,41.589073181152344,37800,0.0,0.0,0.0
2018-06-11 00:00:00-04:00,41.58907141785656,42.09482467504998,41.58907141785656,41.9774169921875,41300,0.0,0.0,0.0
2018-06-12 00:00:00-04:00,41.97741884597715,42.05870056152344,41.67035497004254,42.05870056152344,223500,0.0,0.0,0.0
2018-06-13 00:00:00-04:00,42.13998266000677,42.24835713333253,41.94129325460755,42.0496711730957,43100,0.0,0.0,0.0
2018-06-14 00:00:00-04:00,42.10385005929887,42.35672838413472,42.0135385866044,42.32060241699219,18500,0.0,0.0,0.0
2018-06-15 00:00:00-04:00,42.21223534824454,42.64573669433594,42.21223534824454,42.64573669433594,8600,0.0,0.0,0.0
2018-06-18 00:00:00-04:00,42.50123460682865,42.50123460682865,42.022574089781635,42.23932647705078,19800,0.0,0.0,0.0
2018-06-19 00:00:00-04:00,42.00450521976437,42.68185159799973,41.95934948358104,42.636695861816406,25700,0.0,0.0,0.0
2018-06-20 00:00:00-04:00,42.75410754398968,42.952796936035156,42.53735516674352,42.952796936035156,12500,0.0,0.0,0.0
2018-06-21 00:00:00-04:00,42.96094503812298,43.25103766269816,42.906554832375676,43.00627136230469,54800,0.179,0.0,0.0
2018-06-22 00:00:00-04:00,43.13319371711019,43.377956580922266,43.13319371711019,43.28730392456055,14100,0.0,0.0,0.0
2018-06-25 00:00:00-04:00,43.15132142448001,43.513938965799206,43.15132142448001,43.45048141479492,14900,0.0,0.0,0.0
2018-06-26 00:00:00-04:00,43.450473799872306,43.62271519981528,43.124118761515895,43.3688850402832,57500,0.0,0.0,0.0
2018-06-27 00:00:00-04:00,43.31450691495491,43.60459961793449,43.11507034301758,43.11507034301758,164200,0.0,0.0,0.0
2018-06-28 00:00:00-04:00,42.761505335031046,42.97001265231702,42.67085268608862,42.87029266357422,26200,0.0,0.0,0.0
2018-06-29 00:00:00-04:00,42.91562286598702,42.94281797149177,42.698051647417394,42.70711898803711,159100,0.0,0.0,0.0
2018-07-02 00:00:00-04:00,42.598339066856745,42.598339066856745,42.08160780700192,42.28104782104492,581800,0.0,0.0,0.0
2018-07-03 00:00:00-04:00,42.453296601974415,42.679931744735725,42.38077169636543,42.41703414916992,43400,0.0,0.0,0.0
2018-07-05 00:00:00-04:00,42.72526113633682,43.169464111328125,42.58021477292646,43.169464111328125,45400,0.0,0.0,0.0
2018-07-06 00:00:00-04:00,43.251041388170485,43.5864638239962,43.21477894243087,43.432350158691406,71400,0.0,0.0,0.0
2018-07-09 00:00:00-04:00,43.54114936539585,43.57741182390083,43.23292538446025,43.332645416259766,146200,0.0,0.0,0.0
2018-07-10 00:00:00-04:00,43.35983247458113,43.35983247458113,43.09693490750271,43.29637145996094,134100,0.0,0.0,0.0
2018-07-11 00:00:00-04:00,43.251037723761655,43.314495269341016,43.11505875102455,43.22384262084961,50900,0.0,0.0,0.0
2018-07-12 00:00:00-04:00,43.296367835865674,43.35076150462536,43.12412640539241,43.20571517944336,52700,0.0,0.0,0.0
2018-07-13 00:00:00-04:00,43.03347771031468,43.323570387382475,43.03347771031468,43.1966552734375,98400,0.0,0.0,0.0
2018-07-16 00:00:00-04:00,43.25104566781724,43.25104566781724,42.82497399183746,42.888431549072266,25000,0.0,0.0,0.0
2018-07-17 00:00:00-04:00,42.8793563189635,43.187580165189175,42.8793563189635,43.124122619628906,28400,0.0,0.0,0.0
2018-07-18 00:00:00-04:00,43.087868125688175,43.087868125688175,42.46235643626872,42.48955154418945,44300,0.0,0.0,0.0
2018-07-19 00:00:00-04:00,42.35357273972138,42.73431808505953,42.29917906545413,42.498619079589844,39300,0.0,0.0,0.0
2018-07-20 00:00:00-04:00,42.398895039441605,42.5348740249088,42.36263259337948,42.47141647338867,18500,0.0,0.0,0.0
2018-07-23 00:00:00-04:00,42.39889127556454,42.57113269180347,42.19945129810491,42.30823516845703,31200,0.0,0.0,0.0
2018-07-24 00:00:00-04:00,42.28104779541809,42.29917902015442,42.0272175654645,42.1631965637207,77500,0.0,0.0,0.0
2018-07-25 00:00:00-04:00,42.15414015351425,42.4351689994818,42.018157672973594,42.4079704284668,22000,0.0,0.0,0.0
2018-07-26 00:00:00-04:00,42.54394121949412,43.0697328528816,42.54394121949412,42.87936019897461,20500,0.0,0.0,0.0
2018-07-27 00:00:00-04:00,42.87936022818416,43.03347389443565,42.734313902511865,42.79777145385742,59400,0.0,0.0,0.0
2018-07-30 00:00:00-04:00,42.498611541085346,42.498611541085346,42.090667701886865,42.17225646972656,40100,0.0,0.0,0.0
2018-07-31 00:00:00-04:00,42.34450564820914,42.38076809793469,41.93656173424058,42.12693786621094,92600,0.0,0.0,0.0
2018-08-01 00:00:00-04:00,41.90029900161095,41.95468921316547,41.66459655761719,41.66459655761719,55100,0.0,0.0,0.0
2018-08-02 00:00:00-04:00,41.56488374089461,42.38077163696289,41.53768863041828,42.38077163696289,96100,0.0,0.0,0.0
2018-08-03 00:00:00-04:00,42.55299744439217,43.64084641952137,42.55299744439217,43.3688850402832,101200,0.0,0.0,0.0
2018-08-06 00:00:00-04:00,43.441421641956865,43.577404108184616,43.3960953059402,43.41422653198242,63600,0.0,0.0,0.0
2018-08-07 00:00:00-04:00,43.45954551725811,43.47767674023361,43.19665142955623,43.27824020385742,40900,0.0,0.0,0.0
2018-08-08 00:00:00-04:00,43.27824035479639,43.27824035479639,42.97001647949219,42.97001647949219,53700,0.0,0.0,0.0
2018-08-09 00:00:00-04:00,42.9972114151825,43.02440652054462,42.77057631535892,42.779640197753906,70100,0.0,0.0,0.0
2018-08-10 00:00:00-04:00,42.661792784941184,42.76150932481095,42.49861523507835,42.580204010009766,54600,0.0,0.0,0.0
2018-08-13 00:00:00-04:00,42.64366528231463,42.69805549822943,42.444225268820325,42.62553405761719,62800,0.0,0.0,0.0
2018-08-14 00:00:00-04:00,42.761508793237084,43.1422575575763,42.761508793237084,43.069732666015625,18100,0.0,0.0,0.0
2018-08-15 00:00:00-04:00,42.79777140368893,43.169452828924584,42.79777140368893,43.1603889465332,30900,0.0,0.0,0.0
2018-08-16 00:00:00-04:00,43.341704825938706,43.81310632567463,43.341704825938706,43.686187744140625,33000,0.0,0.0,0.0
2018-08-17 00:00:00-04:00,43.64085729352497,44.202911411754535,43.63179341050175,44.12132263183594,41200,0.0,0.0,0.0
2018-08-20 00:00:00-04:00,44.28449646893119,44.34795401929143,44.20290769587128,44.27543258666992,30800,0.0,0.0,0.0
2018-08-21 00:00:00-04:00,44.22103909301152,44.23010643348569,43.785900121034565,43.8856201171875,89500,0.0,0.0,0.0
2018-08-22 00:00:00-04:00,43.84936148679581,43.87656005240759,43.60459514535445,43.78590393066406,75900,0.0,0.0,0.0
2018-08-23 00:00:00-04:00,43.658992676876736,43.785907800356675,43.55020877934789,43.60459899902344,144600,0.0,0.0,0.0
2018-08-24 00:00:00-04:00,43.64991357721195,43.858417415701304,43.57738869868876,43.722434997558594,37700,0.0,0.0,0.0
2018-08-27 00:00:00-04:00,43.695247678809615,43.92188277729081,43.532070131248986,43.6136589050293,31900,0.0,0.0,0.0
2018-08-28 00:00:00-04:00,43.66804903927671,43.68618026210485,43.35982862572988,43.37795639038086,35100,0.0,0.0,0.0
2018-08-29 00:00:00-04:00,43.468612637678596,43.504875083445945,43.31449897225593,43.45048141479492,41700,0.0,0.0,0.0
2018-08-30 00:00:00-04:00,43.46861636302903,43.55926902703936,43.18758757151304,43.29637145996094,27500,0.0,0.0,0.0
2018-08-31 00:00:00-04:00,43.30543882462765,43.532073942953204,43.26917637573297,43.51394271850586,34400,0.0,0.0,0.0
2018-09-04 00:00:00-04:00,43.423278699401465,43.60458398010919,43.27823239992934,43.3688850402832,133100,0.0,0.0,0.0
2018-09-05 00:00:00-04:00,43.27825120580508,43.704322950422814,43.27825120580508,43.677127838134766,12500,0.0,0.0,0.0
2018-09-06 00:00:00-04:00,43.64086141388438,43.96721656437166,43.64086141388438,43.90375900268555,16100,0.0,0.0,0.0
2018-09-07 00:00:00-04:00,43.704318970074056,43.74058142194092,43.48675117522839,43.686187744140625,18300,0.0,0.0,0.0
2018-09-10 00:00:00-04:00,43.77684378895959,43.967216473624994,43.77684378895959,43.849365234375,9900,0.0,0.0,0.0
2018-09-11 00:00:00-04:00,43.876564025878906,44.02161037562653,43.749645443944196,43.876564025878906,19200,0.0,0.0,0.0
2018-09-12 00:00:00-04:00,43.92188230118232,44.42954270304382,43.849357410529464,44.42047882080078,13900,0.0,0.0,0.0
2018-09-13 00:00:00-04:00,44.13945792620813,44.25730916544162,44.13945792620813,44.166656494140625,9500,0.0,0.0,0.0
2018-09-14 00:00:00-04:00,44.12263488769531,44.16849017876781,43.99423867327853,44.12263488769531,81200,0.562,0.0,0.0
2018-09-17 00:00:00-04:00,44.012571266294245,44.177649576104415,43.975885642543695,44.168479919433594,23600,0.0,0.0,0.0
2018-09-18 00:00:00-04:00,44.07678130307946,44.196004364776854,43.60904821984184,43.9300422668457,31300,0.0,0.0,0.0
2018-09-19 00:00:00-04:00,43.94836732251122,44.04925103315718,43.6640625,43.6640625,20700,0.0,0.0,0.0
2018-09-20 00:00:00-04:00,43.77412309946846,44.14097238087908,43.77412309946846,44.04008865356445,12900,0.0,0.0,0.0
2018-09-21 00:00:00-04:00,44.10427998972978,44.14096561195199,44.021739088996576,44.049251556396484,22000,0.0,0.0,0.0
2018-09-24 00:00:00-04:00,44.03091799728457,44.03091799728457,43.654899036829725,43.68241500854492,16600,0.0,0.0,0.0
2018-09-25 00:00:00-04:00,43.70992583796071,43.70992583796071,43.25136597667345,43.28805160522461,22200,0.0,0.0,0.0
2018-09-26 00:00:00-04:00,43.34307121342333,43.59069392785698,43.20550537109375,43.20550537109375,72300,0.0,0.0,0.0
2018-09-27 00:00:00-04:00,43.01291887995987,43.233025666949764,42.83866388351404,42.93037796020508,108800,0.0,0.0,0.0
2018-09-28 00:00:00-04:00,42.92119575395032,43.08627755865477,42.92119575395032,43.02207946777344,238700,0.0,0.0,0.0
2018-10-01 00:00:00-04:00,43.14131029883775,43.14131029883775,42.72860574588617,42.783634185791016,658100,0.0,0.0,0.0
2018-10-02 00:00:00-04:00,42.88452416336796,43.15048976892283,42.76530109759623,42.97623825073242,292000,0.0,0.0,0.0
2018-10-03 00:00:00-04:00,43.095455014850664,43.22385120942807,42.73777540327002,42.783634185791016,266300,0.0,0.0,0.0
2018-10-04 00:00:00-04:00,42.746945532409896,42.746945532409896,42.49015316143776,42.61854934692383,62400,0.0,0.0,0.0
2018-10-05 00:00:00-04:00,42.664409706876675,42.95788773679311,42.664409706876675,42.838661193847656,40200,0.0,0.0,0.0
2018-10-08 00:00:00-04:00,42.875339796910936,43.39809767070182,42.875339796910936,43.361412048339844,25900,0.0,0.0,0.0
2018-10-09 00:00:00-04:00,43.26970858089608,43.343076339108144,42.78363624982213,42.838661193847656,46000,0.0,0.0,0.0
2018-10-10 00:00:00-04:00,42.74694623811184,43.02208142562895,42.30672923837771,42.31589889526367,45900,0.0,0.0,0.0
2018-10-11 00:00:00-04:00,42.23337365990704,42.27005929813057,41.38962497197594,41.45382308959961,67700,0.0,0.0,0.0
2018-10-12 00:00:00-04:00,41.76563175475194,41.85734232484889,41.398782477296145,41.79314422607422,27900,0.0,0.0,0.0
2018-10-15 00:00:00-04:00,42.03158874829213,42.45346288249835,41.94904785259671,42.23335266113281,40900,0.0,0.0,0.0
2018-10-16 00:00:00-04:00,42.435124814845835,42.84782933944472,42.288385817047754,42.79280090332031,30600,0.0,0.0,0.0
2018-10-17 00:00:00-04:00,42.72860868090793,42.93037614255117,42.38010220130619,42.81114959716797,73400,0.0,0.0,0.0
2018-10-18 00:00:00-04:00,42.76529424397006,43.12297038103301,42.55435712463895,42.636898040771484,27400,0.0,0.0,0.0
2018-10-19 00:00:00-04:00,42.94871473783364,43.251362402032264,42.94871473783364,43.187164306640625,36500,0.0,0.0,0.0
2018-10-22 00:00:00-04:00,43.31556241848358,43.36141770314933,42.875345388331205,42.8936882019043,77200,0.0,0.0,0.0
2018-10-23 00:00:00-04:00,42.48099324043132,43.07712257136949,42.17834549443399,42.91204071044922,236600,0.0,0.0,0.0
2018-10-24 00:00:00-04:00,42.94872128054394,43.50816141153297,42.72861099243164,42.72861099243164,102000,0.0,0.0,0.0
2018-10-25 00:00:00-04:00,42.682754452468366,42.79280784403345,42.38927640927198,42.54518508911133,89300,0.0,0.0,0.0
2018-10-26 00:00:00-04:00,42.37093182057162,42.37093182057162,41.573038642690335,41.80231857299805,57400,0.0,0.0,0.0
2018-10-29 00:00:00-04:00,42.08661898924379,42.82031398880066,41.98573527082965,42.31589889526367,244500,0.0,0.0,0.0
2018-10-30 00:00:00-04:00,42.37093071710696,43.29722007207179,42.37093071710696,43.27887725830078,208000,0.0,0.0,0.0
2018-10-31 00:00:00-04:00,43.343079627097474,43.343079627097474,42.416790180880916,42.902862548828125,187800,0.0,0.0,0.0
2018-11-01 00:00:00-04:00,42.847835618292926,43.746612548828125,42.81114998883414,43.746612548828125,328400,0.0,0.0,0.0
2018-11-02 00:00:00-04:00,43.81081121075891,43.81081121075891,42.701097144461315,42.957889556884766,79900,0.0,0.0,0.0
2018-11-05 00:00:00-05:00,42.93037018790092,43.37975683745802,42.82031331579685,43.20550537109375,42900,0.0,0.0,0.0
2018-11-06 00:00:00-05:00,43.205505950345426,43.81997441776308,43.205505950345426,43.72826385498047,27000,0.0,0.0,0.0
2018-11-07 00:00:00-05:00,43.96671501787954,44.012573799473984,43.5356711588693,43.98505783081055,46500,0.0,0.0,0.0
2018-11-08 00:00:00-05:00,43.819979432146404,43.96671844851036,43.62738512914385,43.77412414550781,31900,0.0,0.0,0.0
2018-11-09 00:00:00-05:00,43.70074950525729,44.10428086208261,43.70074950525729,44.0217399597168,31100,0.0,0.0,0.0
2018-11-12 00:00:00-05:00,43.975892926262134,44.39776717366742,43.975892926262134,44.13180160522461,44700,0.0,0.0,0.0
2018-11-13 00:00:00-05:00,43.957557070478565,44.25103515848627,43.700764618105524,43.847503662109375,238100,0.0,0.0,0.0
2018-11-14 00:00:00-05:00,43.94837204108053,43.99423082250398,43.41644446220004,43.63655471801758,40800,0.0,0.0,0.0
2018-11-15 00:00:00-05:00,43.48064128670722,43.56318219290881,43.168820474227154,43.489810943603516,44900,0.0,0.0,0.0
2018-11-16 00:00:00-05:00,43.46229864183415,43.90251564376085,43.33390245358892,43.764949798583984,38500,0.0,0.0,0.0
2018-11-19 00:00:00-05:00,43.68240346357752,43.829142445984246,43.370582688646564,43.54483413696289,28800,0.0,0.0,0.0
2018-11-20 00:00:00-05:00,43.260533253102494,43.636555677251195,43.16882268530724,43.2330207824707,126500,0.0,0.0,0.0
2018-11-21 00:00:00-05:00,43.34308113816682,43.42562206187835,42.948722834361185,42.98540496826172,88400,0.0,0.0,0.0
2018-11-23 00:00:00-05:00,42.9028492406648,43.32472687102699,42.9028492406648,43.159645080566406,18700,0.0,0.0,0.0
2018-11-26 00:00:00-05:00,43.407273039328274,43.47147113246908,43.022080981949756,43.10462188720703,59300,0.0,0.0,0.0
2018-11-27 00:00:00-05:00,43.040425619832284,43.260532377499445,42.95788471107364,43.22385025024414,40100,0.0,0.0,0.0
2018-11-28 00:00:00-05:00,43.10462188720703,43.22384841669725,42.84782951464381,43.10462188720703,117300,0.0,0.0,0.0
2018-11-29 00:00:00-05:00,43.0220802001052,43.40727225048358,43.0220802001052,43.26970291137695,40500,0.0,0.0,0.0
2018-11-30 00:00:00-05:00,43.067936262974094,43.141307511439976,42.89368479566814,43.10462188720703,53800,0.0,0.0,0.0
2018-12-03 00:00:00-05:00,43.41645256335344,43.44396503851405,43.06794605100298,43.43479537963867,181200,0.0,0.0,0.0
2018-12-04 00:00:00-05:00,43.453131215251084,43.544841783409616,42.32507443393831,42.37092971801758,257700,0.0,0.0,0.0
2018-12-06 00:00:00-05:00,42.233366735085006,42.233366735085006,41.35293255329136,42.1875114440918,190500,0.0,0.0,0.0
2018-12-07 00:00:00-05:00,42.104952405799615,42.24252171812635,41.32540229870267,41.47214126586914,51400,0.0,0.0,0.0
2018-12-10 00:00:00-05:00,41.508840918819516,41.508840918819516,40.7017780077335,41.25204849243164,94000,0.0,0.0,0.0
2018-12-11 00:00:00-05:00,41.53635056861292,42.00408005954664,41.389611561797054,41.609718322753906,54900,0.0,0.0,0.0
2018-12-12 00:00:00-05:00,41.87568664550781,42.14165220630756,41.86651698758174,41.87568664550781,44400,0.0,0.0,0.0
2018-12-13 00:00:00-05:00,41.92153264611784,42.141642871462096,41.875677369576685,42.03158950805664,46000,0.0,0.0,0.0
2018-12-14 00:00:00-05:00,41.75645197019268,41.94904973447765,41.426288372599515,41.4904899597168,34000,0.0,0.0,0.0
2018-12-17 00:00:00-05:00,41.444643114429596,41.444643114429596,40.18818994946855,40.389957427978516,106000,0.0,0.0,0.0
2018-12-18 00:00:00-05:00,40.57220245637981,40.71026364633575,39.88188597320654,40.06596755981445,174800,0.158,0.0,0.0
2018-12-19 00:00:00-05:00,40.27766309709943,40.581404026771864,39.6057554931002,39.74382019042969,90000,0.0,0.0,0.0
2018-12-20 00:00:00-05:00,39.532122271111795,39.633369244361376,38.6393118827811,39.04429626464844,204300,0.0,0.0,0.0
2018-12-21 00:00:00-05:00,39.071906196868824,39.81744560936038,38.42761023324696,38.46442794799805,187500,0.0,0.0,0.0
2018-12-24 00:00:00-05:00,38.39078992118528,38.39078992118528,37.43355046920183,37.44275665283203,86300,0.0,0.0,0.0
2018-12-26 00:00:00-05:00,37.6452576903315,38.48284149169922,37.175840547917275,38.48284149169922,151800,0.0,0.0,0.0
2018-12-27 00:00:00-05:00,38.261939139971076,38.66692352294922,37.53480497657602,38.66692352294922,207800,0.0,0.0,0.0
2018-12-28 00:00:00-05:00,38.86021631613234,39.14554487691217,38.41841419619773,38.61170196533203,175600,0.0,0.0,0.0
2018-12-31 00:00:00-05:00,38.72215247838756,38.85101099400848,38.31716807056018,38.8418083190918,258900,0.0,0.0,0.0
2019-01-02 00:00:00-05:00,38.482839016750056,38.93384375941051,38.28954775876484,38.68532943725586,434200,0.0,0.0,0.0
2019-01-03 00:00:00-05:00,38.55647624083744,39.145545747179526,38.547273565920754,38.8418083190918,90200,0.0,0.0,0.0
2019-01-04 00:00:00-05:00,39.13633806866672,39.71620482595592,39.13633806866672,39.53211975097656,133400,0.0,0.0,0.0
2019-01-07 00:00:00-05:00,39.559723764012105,40.222428503521854,39.394047579134664,39.95550537109375,47200,0.0,0.0,0.0
2019-01-08 00:00:00-05:00,40.194818005533605,40.39731192350784,39.99232759868987,40.30527114868164,97900,0.0,0.0,0.0
2019-01-09 00:00:00-05:00,40.31447688359801,40.4249265240042,40.25004763410016,40.3328857421875,96800,0.0,0.0,0.0
2019-01-10 00:00:00-05:00,40.25005218355508,40.72867202758789,40.20403178744505,40.72867202758789,54900,0.0,0.0,0.0
2019-01-11 00:00:00-05:00,40.627429824727315,40.802312266084336,40.553797884522965,40.79310607910156,74200,0.0,0.0,0.0
2019-01-14 00:00:00-05:00,40.74707683918043,40.77468837187643,40.498562511524014,40.636627197265625,153600,0.0,0.0,0.0
2019-01-15 00:00:00-05:00,40.728670819553514,41.02320555927901,40.60901498431158,40.9955940246582,116900,0.0,0.0,0.0
2019-01-16 00:00:00-05:00,41.0232067697816,41.05081830521717,40.8575305349059,40.94036865234375,98800,0.0,0.0,0.0
2019-01-17 00:00:00-05:00,40.839112907962416,41.28091493575271,40.839112907962416,41.20728302001953,26800,0.0,0.0,0.0
2019-01-18 00:00:00-05:00,41.4465937227127,41.91601082044929,41.4465937227127,41.85158157348633,35400,0.0,0.0,0.0
2019-01-22 00:00:00-05:00,41.77795522617329,41.77795522617329,41.19808836629045,41.46501159667969,173500,0.0,0.0,0.0
2019-01-23 00:00:00-05:00,41.55705295322633,41.69511414072962,41.188882764288614,41.48341751098633,115600,0.0,0.0,0.0
2019-01-24 00:00:00-05:00,41.11524581353238,41.11524581353238,40.56299406151903,40.69185256958008,56200,0.0,0.0,0.0
2019-01-25 00:00:00-05:00,40.829910566965566,40.94956638102605,40.5261696953806,40.544578552246094,37300,0.0,0.0,0.0
2019-01-28 00:00:00-05:00,40.461747087719345,40.71026142946466,40.305277045396934,40.69185256958008,40600,0.0,0.0,0.0
2019-01-29 00:00:00-05:00,40.81149673461914,40.81149673461914,40.63661788241275,40.81149673461914,65600,0.0,0.0,0.0
2019-01-30 00:00:00-05:00,40.85752411953471,41.11524110615017,40.73786829955013,40.885135650634766,46000,0.0,0.0,0.0
2019-01-31 00:00:00-05:00,40.86674520128948,41.428199768066406,40.86674520128948,41.428199768066406,26400,0.0,0.0,0.0
2019-02-01 00:00:00-05:00,41.6490931006968,41.6490931006968,41.29933177772894,41.34535217285156,34100,0.0,0.0,0.0
2019-02-04 00:00:00-05:00,41.48341479591798,41.630682159628265,41.30853589874042,41.59386444091797,86500,0.0,0.0,0.0
2019-02-05 00:00:00-05:00,41.47420784049736,41.47420784049736,41.25330506216987,41.4097785949707,102800,0.0,0.0,0.0
2019-02-06 00:00:00-05:00,41.39137649536133,41.45580575140715,41.2072914018885,41.39137649536133,86600,0.0,0.0,0.0
2019-02-07 00:00:00-05:00,40.97717894556127,40.97717894556127,40.49855918836313,40.82070541381836,41800,0.0,0.0,0.0
2019-02-08 00:00:00-05:00,40.765478970280434,40.86672592163086,40.461738116229164,40.86672592163086,49900,0.0,0.0,0.0
2019-02-11 00:00:00-05:00,40.92196053838551,41.13365717322707,40.86673746650672,41.124454498291016,29900,0.0,0.0,0.0
2019-02-12 00:00:00-05:00,41.12444315085437,41.63067439980289,41.0600139106862,41.54783630371094,44900,0.0,0.0,0.0
2019-02-13 00:00:00-05:00,41.612273718551975,41.68590915671274,41.428188634281,41.639888763427734,38700,0.0,0.0,0.0
2019-02-14 00:00:00-05:00,41.42819081735313,41.67670516754485,41.290129630222935,41.43739700317383,36500,0.0,0.0,0.0
2019-02-15 00:00:00-05:00,41.667502595537286,41.98964887743276,41.667502595537286,41.90681076049805,201100,0.0,0.0,0.0
2019-02-19 00:00:00-05:00,41.943625314091236,42.18293697211068,41.86078720341233,42.04487228393555,117000,0.0,0.0,0.0
2019-02-20 00:00:00-05:00,41.943622825501095,42.192137142793015,41.81476433011951,42.03566360473633,129100,0.0,0.0,0.0
2019-02-21 00:00:00-05:00,41.97123010250937,42.228950578278614,41.842371620189894,42.06327438354492,30100,0.0,0.0,0.0
2019-02-22 00:00:00-05:00,41.152066034230415,41.152066034230415,40.92196053838551,41.124454498291016,82700,0.0,0.0,0.0
2019-02-25 00:00:00-05:00,41.22569589022196,41.25330742241869,40.793096493109125,40.87593460083008,20900,0.0,0.0,0.0
2019-02-26 00:00:00-05:00,40.97718232282385,41.244105509417786,40.848323822021484,40.848323822021484,85400,0.0,0.0,0.0
2019-02-27 00:00:00-05:00,40.77468763460106,40.89434345933815,40.67344066837203,40.87593460083008,39800,0.0,0.0,0.0
2019-02-28 00:00:00-05:00,40.93116706614892,41.10604598044371,40.857531621520856,41.050819396972656,26300,0.0,0.0,0.0
2019-03-01 00:00:00-05:00,41.13365084005522,41.15205969822423,40.77468688358631,40.90354537963867,76400,0.0,0.0,0.0
2019-03-04 00:00:00-05:00,40.958775771209964,40.958775771209964,40.342094765166095,40.69185256958008,119600,0.0,0.0,0.0
2019-03-05 00:00:00-05:00,40.73786338020075,40.82070147462831,40.61821108579553,40.774681091308594,27200,0.0,0.0,0.0
2019-03-06 00:00:00-05:00,40.82070526064715,40.82070526064715,40.461741321878115,40.56298828125,68000,0.0,0.0,0.0
2019-03-07 00:00:00-05:00,40.36970553702463,40.4801551831152,40.222438171860226,40.29607009887695,77900,0.0,0.0,0.0
2019-03-08 00:00:00-05:00,40.231641372645974,40.27766176652515,40.01994475189697,40.17641830444336,23000,0.0,0.0,0.0
2019-03-11 00:00:00-04:00,40.22242749411656,40.64582061767578,40.17640711305664,40.64582061767578,17400,0.0,0.0,0.0
2019-03-12 00:00:00-04:00,40.664235240621885,40.756276015797866,40.53537675092331,40.56298828125,20500,0.0,0.0,0.0
2019-03-13 00:00:00-04:00,40.64582988582873,40.94957079011786,40.64582988582873,40.848323822021484,60300,0.0,0.0,0.0
2019-03-14 00:00:00-04:00,40.84832045537918,40.94036123090052,40.78389121028813,40.82070541381836,15900,0.0,0.0,0.0
2019-03-15 00:00:00-04:00,40.90355059057681,41.15206494082204,40.90355059057681,41.01400375366211,69900,0.0,0.0,0.0
2019-03-18 00:00:00-04:00,41.01399918564297,41.14285768375947,40.87593450272915,41.04161071777344,12000,0.0,0.0,0.0
2019-03-19 00:00:00-04:00,41.15206702740703,41.207293611749904,40.89434998940291,40.97718811035156,135400,0.0,0.0,0.0
2019-03-20 00:00:00-04:00,41.02320193899048,41.02320193899048,40.59980872689082,40.66423797607422,31400,0.0,0.0,0.0
2019-03-21 00:00:00-04:00,40.65314081545204,41.72490529596903,40.65314081545204,41.66946792602539,62500,0.168,0.0,0.0
2019-03-22 00:00:00-04:00,41.743399784417775,41.88199149802426,41.61404939813635,41.623287200927734,70700,0.0,0.0,0.0
2019-03-25 00:00:00-04:00,41.567849516098384,41.87274632367334,41.38306175644487,41.80807113647461,50500,0.0,0.0,0.0
2019-03-26 00:00:00-04:00,41.909702889085786,42.14068669819712,41.84502770449727,41.98361587524414,65600,0.0,0.0,0.0
2019-03-27 00:00:00-04:00,41.983618231954836,42.04829342017383,41.651004488771456,41.83578872680664,119500,0.0,0.0,0.0
2019-03-28 00:00:00-04:00,41.946652826602104,42.18687438964844,41.946652826602104,42.18687438964844,18300,0.0,0.0,0.0
2019-03-29 00:00:00-04:00,42.25155940179648,42.37167197356011,42.13144683003284,42.31623458862305,82800,0.0,0.0,0.0
2019-04-01 00:00:00-04:00,42.39015110187246,42.40863023018482,42.1776464130804,42.31623458862305,165700,0.0,0.0,0.0
2019-04-02 00:00:00-04:00,42.17764591474913,42.17764591474913,41.808070401935275,41.8265495300293,57200,0.0,0.0,0.0
2019-04-03 00:00:00-04:00,41.79883635689834,41.8450324190187,41.60480725673905,41.68796157836914,127300,0.0,0.0,0.0
2019-04-04 00:00:00-04:00,41.798834132410775,42.002097499829624,41.77111367698692,41.928184509277344,86100,0.0,0.0,0.0
2019-04-05 00:00:00-04:00,41.92817603990138,42.22383499145508,41.92817603990138,42.22383499145508,23700,0.0,0.0,0.0
2019-04-08 00:00:00-04:00,42.19611668371013,42.399383544921875,42.19611668371013,42.399383544921875,40200,0.0,0.0,0.0
2019-04-09 00:00:00-04:00,42.29775634625855,42.325476801574375,42.15916816781311,42.20536422729492,38700,0.0,0.0,0.0
2019-04-10 00:00:00-04:00,42.24231867555666,42.630369769652084,42.22383954852358,42.57493591308594,30800,0.0,0.0,0.0
2019-04-11 00:00:00-04:00,42.722763655169956,42.80591796114682,42.60265109664051,42.79667663574219,10200,0.0,0.0,0.0
2019-04-12 00:00:00-04:00,42.84287885444713,42.8983162412537,42.796682794375045,42.833641052246094,20800,0.0,0.0,0.0
2019-04-15 00:00:00-04:00,42.907556888701016,43.02766947248,42.82440256524383,42.9907112121582,34900,0.0,0.0,0.0
2019-04-16 00:00:00-04:00,43.073860389646136,43.175493831122225,42.82439744907754,42.935272216796875,119500,0.0,0.0,0.0
2019-04-17 00:00:00-04:00,43.083102303837244,43.083102303837244,42.93527280272733,43.009185791015625,14100,0.0,0.0,0.0
2019-04-18 00:00:00-04:00,43.1293059727893,43.277135499985576,43.01843470852557,43.1939811706543,21700,0.0,0.0,0.0
2019-04-22 00:00:00-04:00,43.184740528220146,43.23093659158194,42.97223229259522,43.03691101074219,52200,0.0,0.0,0.0
2019-04-23 00:00:00-04:00,43.073859434468275,43.203209802739174,43.04614250541971,43.09233856201172,27800,0.0,0.0,0.0
2019-04-24 00:00:00-04:00,43.1293059727893,43.34181069785058,43.10158903785685,43.1939811706543,46500,0.0,0.0,0.0
2019-04-25 00:00:00-04:00,43.09234180827653,43.101583135011026,42.833641052246094,42.833641052246094,16500,0.0,0.0,0.0
2019-04-26 00:00:00-04:00,42.82440102177384,43.08310531016852,42.768967157822786,43.0738639831543,12800,0.0,0.0,0.0
2019-04-29 00:00:00-04:00,43.092329385467956,43.42494656135244,43.092329385467956,43.40646743774414,22200,0.0,0.0,0.0
2019-04-30 00:00:00-04:00,43.424963077283564,43.8407347052707,43.424963077283564,43.83149337768555,23800,0.0,0.0,0.0
2019-05-01 00:00:00-04:00,44.04398449627255,44.09018407086835,43.600496071508,43.609737396240234,153600,0.0,0.0,0.0
2019-05-02 00:00:00-04:00,43.42495338089668,43.443432507406975,43.0923361527773,43.28636169433594,27800,0.0,0.0,0.0
2019-05-03 00:00:00-04:00,43.369526810256694,43.369526810256694,43.11082602370308,43.2586555480957,34300,0.0,0.0,0.0
2019-05-06 00:00:00-04:00,42.95374574446929,43.471147161567984,42.95374574446929,43.38799285888672,38300,0.0,0.0,0.0
2019-05-07 00:00:00-04:00,43.212452818549274,43.40647837854276,42.898314687093155,43.10158157348633,20100,0.0,0.0,0.0
2019-05-08 00:00:00-04:00,43.11081468797107,43.42495278527137,42.97222300331128,43.21244812011719,19300,0.0,0.0,0.0
2019-05-09 00:00:00-04:00,43.027654277490676,43.38798837704383,42.93526218384767,43.36027145385742,17300,0.0,0.0,0.0
2019-05-10 00:00:00-04:00,43.212450983204384,43.55430603027344,42.76896249725538,43.55430603027344,13700,0.0,0.0,0.0
2019-05-13 00:00:00-04:00,43.10157922400733,43.10157922400733,42.75972065652028,42.87983322143555,18200,0.0,0.0,0.0
2019-05-14 00:00:00-04:00,43.02766952477402,43.332569885998836,42.953756528574296,43.129302978515625,68700,0.0,0.0,0.0
2019-05-15 00:00:00-04:00,43.018416477939354,43.4619048715842,43.00917515385559,43.36027145385742,561600,0.0,0.0,0.0
2019-05-16 00:00:00-04:00,43.50810682586451,43.886920100487394,43.50810682586451,43.5820198059082,106500,0.0,0.0,0.0
2019-05-17 00:00:00-04:00,43.37875057749251,43.72060555341058,43.34179233022233,43.36027145385742,31600,0.0,0.0,0.0
2019-05-20 00:00:00-04:00,43.33256827154898,43.341806074029634,43.02766792168389,43.0738639831543,66600,0.0,0.0,0.0
2019-05-21 00:00:00-04:00,43.24941181262884,43.24941181262884,43.04614492276929,43.08310317993164,31800,0.0,0.0,0.0
2019-05-22 00:00:00-04:00,43.064624051350464,43.13853704114178,42.91679454723444,43.08310317993164,46300,0.0,0.0,0.0
2019-05-23 00:00:00-04:00,42.81516499997121,42.944515387281434,42.60266028874245,42.85212326049805,44900,0.0,0.0,0.0
2019-05-24 00:00:00-04:00,42.88907271347131,42.88907271347131,42.5934137147429,42.704288482666016,6500,0.0,0.0,0.0
2019-05-28 00:00:00-04:00,42.768956047268,42.78743517196235,41.872737884521484,41.872737884521484,22100,0.0,0.0,0.0
2019-05-29 00:00:00-04:00,41.59556595909104,41.59556595909104,40.95805189651607,41.13359832763672,58000,0.0,0.0,0.0
2019-05-30 00:00:00-04:00,41.179797545949285,41.327627058377544,40.95805503957369,41.10588455200195,48000,0.0,0.0,0.0
2019-05-31 00:00:00-04:00,40.84718265159188,40.84718265159188,40.61619880462581,40.77326965332031,163400,0.0,0.0,0.0
2019-06-03 00:00:00-04:00,40.80097420821395,41.57707983953321,40.80097420821395,41.5308837890625,192500,0.0,0.0,0.0
2019-06-04 00:00:00-04:00,41.743392735145676,42.08524777323608,41.743392735145676,42.066768646240234,18900,0.0,0.0,0.0
2019-06-05 00:00:00-04:00,42.30699298114316,42.584172831828965,42.24231780013424,42.50101852416992,98300,0.0,0.0,0.0
2019-06-06 00:00:00-04:00,42.59340743111896,42.889066386230056,42.436340153199275,42.75971603393555,89400,0.0,0.0,0.0
2019-06-07 00:00:00-04:00,43.04614485835191,43.09234091746902,42.91679448301063,42.94451141357422,11300,0.0,0.0,0.0
2019-06-10 00:00:00-04:00,43.09233789811139,43.12005482673293,42.75048285515748,42.87983322143555,46500,0.0,0.0,0.0
2019-06-11 00:00:00-04:00,43.04614009876805,43.32331994735653,43.04614009876805,43.28636169433594,15800,0.0,0.0,0.0
2019-06-12 00:00:00-04:00,43.341795412211134,43.498866212012324,43.341795412211134,43.378753662109375,96300,0.0,0.0,0.0
2019-06-13 00:00:00-04:00,43.526589101318244,43.628222540198195,43.351039152513536,43.55430603027344,13500,0.0,0.0,0.0
2019-06-14 00:00:00-04:00,43.588633049778174,43.588633049778174,43.37527847290039,43.37527847290039,14500,0.187,0.0,0.0
2019-06-17 00:00:00-04:00,43.356729133827756,43.356729133827756,42.94857624582599,43.04133987426758,10300,0.0,0.0,0.0
2019-06-18 00:00:00-04:00,43.245415391036104,43.245415391036104,42.818713290150576,42.902198791503906,41200,0.0,0.0,0.0
2019-06-19 00:00:00-04:00,42.892918479528234,42.99495315551758,42.55897651863119,42.99495315551758,30000,0.0,0.0,0.0
2019-06-20 00:00:00-04:00,43.134101652728745,43.134101652728745,42.78160692799266,43.05989074707031,11500,0.0,0.0,0.0
2019-06-21 00:00:00-04:00,42.94856833083286,43.08771197856715,42.73521733259159,42.85580825805664,13100,0.0,0.0,0.0
2019-06-24 00:00:00-04:00,42.84654120844661,42.91147398389663,42.6331901550293,42.6331901550293,16900,0.0,0.0,0.0
2019-06-25 00:00:00-04:00,42.633184599488516,42.809433714375096,42.540424514810624,42.6888427734375,34300,0.0,0.0,0.0
2019-06-26 00:00:00-04:00,42.410562942168916,42.41983753607483,42.02096276527646,42.08589553833008,22000,0.0,0.0,0.0
2019-06-27 00:00:00-04:00,41.9096508999101,42.05806917577966,41.8261653985728,42.03951644897461,32900,0.0,0.0,0.0
2019-06-28 00:00:00-04:00,42.15082666663905,42.438388606491955,42.113724753892384,42.36417770385742,16600,0.0,0.0,0.0
2019-07-01 00:00:00-04:00,42.6517313605459,42.80942772873361,42.364169476538855,42.52186584472656,766700,0.0,0.0,0.0
2019-07-02 00:00:00-04:00,42.55898278533108,42.69812293047931,42.47549728281379,42.6331901550293,79800,0.0,0.0,0.0
2019-07-03 00:00:00-04:00,42.7352264070333,43.412384990084156,42.7352264070333,43.366004943847656,41500,0.0,0.0,0.0
2019-07-05 00:00:00-04:00,43.26396952686379,43.34745503093607,42.95785837097939,43.30107498168945,101600,0.0,0.0,0.0
2019-07-08 00:00:00-04:00,43.30106819362144,43.33817364263029,43.12482261868497,43.21758270263672,17100,0.0,0.0,0.0
2019-07-09 00:00:00-04:00,43.12482318197108,43.12482318197108,42.855813980998754,42.94857406616211,19400,0.0,0.0,0.0
2019-07-10 00:00:00-04:00,43.04134166656117,43.17120721321655,43.04134166656117,43.09699630737305,36700,0.0,0.0,0.0
2019-07-11 00:00:00-04:00,43.143375140862865,43.180480592741056,42.67956760809751,42.77233123779297,13800,0.0,0.0,0.0
2019-07-12 00:00:00-04:00,42.8372547064944,43.01350025678524,42.763043818854115,42.939292907714844,19500,0.0,0.0,0.0
2019-07-15 00:00:00-04:00,42.92074494972545,42.97640312163335,42.827981329878945,42.89291763305664,13900,0.0,0.0,0.0
2019-07-16 00:00:00-04:00,42.883643995528026,42.930024041026265,42.80015849820293,42.84653854370117,91300,0.0,0.0,0.0
2019-07-17 00:00:00-04:00,42.60536283371382,42.69812293047931,42.494050009881065,42.6331901550293,29700,0.0,0.0,0.0
2019-07-18 00:00:00-04:00,42.64246411998239,43.05061345985732,42.55897862562496,42.97640609741211,17600,0.0,0.0,0.0
2019-07-19 00:00:00-04:00,42.99495580197999,43.17120492473004,42.7816047668457,42.7816047668457,23700,0.0,0.0,0.0
2019-07-22 00:00:00-04:00,42.79088551382223,42.79088551382223,42.43839078535173,42.45694351196289,777000,0.0,0.0,0.0
2019-07-23 00:00:00-04:00,42.623910793281546,42.7630509228669,42.49404525690703,42.6795654296875,18600,0.0,0.0,0.0
2019-07-24 00:00:00-04:00,42.614629914548814,42.69811540234672,42.568249874343365,42.6702880859375,16100,0.0,0.0,0.0
2019-07-25 00:00:00-04:00,42.50331616424079,42.86508542378884,42.50331616424079,42.71666717529297,43600,0.0,0.0,0.0
2019-07-26 00:00:00-04:00,42.76304974140935,43.13409715385995,42.76304974140935,43.10626983642578,15200,0.0,0.0,0.0
2019-07-29 00:00:00-04:00,43.087717843549825,43.16192520415772,42.818708641884044,42.985679626464844,12800,0.0,0.0,0.0
2019-07-30 00:00:00-04:00,42.98568337998262,43.09699619989953,42.76305420157805,43.05989074707031,15100,0.0,0.0,0.0
2019-07-31 00:00:00-04:00,42.90219362973846,42.91146822274149,42.03951139907107,42.54042434692383,82200,0.0,0.0,0.0
2019-08-01 00:00:00-04:00,42.633181866408115,43.39382583542966,42.633181866408115,42.86508560180664,51600,0.0,0.0,0.0
2019-08-02 00:00:00-04:00,42.81871191731013,42.89292282216524,42.51260078120959,42.6146354675293,125400,0.0,0.0,0.0
2019-08-05 00:00:00-04:00,42.308524295224906,42.308524295224906,41.455116582974995,41.751953125,32300,0.0,0.0,0.0
2019-08-06 00:00:00-04:00,41.93746091379603,42.08587912841535,41.5664171465324,41.98384094238281,696000,0.0,0.0,0.0
2019-08-07 00:00:00-04:00,41.73339665986377,42.651733445809846,41.53859483804089,42.5775260925293,20900,0.0,0.0,0.0
2019-08-08 00:00:00-04:00,42.54042783030071,43.19903368312686,42.54042783030071,43.18048095703125,8000,0.0,0.0,0.0
2019-08-09 00:00:00-04:00,43.17120226741899,43.22685690185494,42.874365755192805,42.99495315551758,13200,0.0,0.0,0.0
2019-08-12 00:00:00-04:00,42.85581189843151,42.85581189843151,42.52186994635858,42.707393646240234,8800,0.0,0.0,0.0
2019-08-13 00:00:00-04:00,42.586804780026426,43.43093429386649,42.586804780026426,42.94857406616211,22400,0.0,0.0,0.0
2019-08-14 00:00:00-04:00,42.57752615489896,42.57752615489896,41.96530045051474,41.97457504272461,13900,0.0,0.0,0.0
2019-08-15 00:00:00-04:00,42.13227394098042,42.410561287289305,42.02096112559922,42.36417770385742,59500,0.0,0.0,0.0
2019-08-16 00:00:00-04:00,42.46621677165431,43.03206253051758,42.46621677165431,43.03206253051758,17500,0.0,0.0,0.0
2019-08-19 00:00:00-04:00,43.263953458448626,43.46802984562402,43.199020705905475,43.384544372558594,34900,0.0,0.0,0.0
2019-08-20 00:00:00-04:00,43.38456033919635,43.38456033919635,43.15265655517578,43.15265655517578,25400,0.0,0.0,0.0
2019-08-21 00:00:00-04:00,43.421658402176064,43.421658402176064,43.273240147211155,43.338172912597656,19000,0.0,0.0,0.0
2019-08-22 00:00:00-04:00,43.393821199205185,43.67210848280716,43.3659938862729,43.6628303527832,10400,0.0,0.0,0.0
2019-08-23 00:00:00-04:00,43.49586523849266,43.56079800310008,42.74449937987251,42.89291763305664,17500,0.0,0.0,0.0
2019-08-26 00:00:00-04:00,43.17119629159963,43.356719970703125,43.0227780560308,43.356719970703125,37000,0.0,0.0,0.0
2019-08-27 00:00:00-04:00,43.48658550753188,43.48658550753188,42.65173072040899,42.75376892089844,16500,0.0,0.0,0.0
2019-08-28 00:00:00-04:00,42.71667153522684,43.13409900752994,42.698118809949975,43.08771896362305,18600,0.0,0.0,0.0
2019-08-29 00:00:00-04:00,43.34744101329494,43.5051373760229,43.26395553622009,43.44020462036133,25800,0.0,0.0,0.0
2019-08-30 00:00:00-04:00,43.699939841694295,43.99677633568717,43.67211252618563,43.73704528808594,59400,0.0,0.0,0.0
2019-09-03 00:00:00-04:00,43.5886281136619,43.931844654804685,43.23613344140783,43.913291931152344,72400,0.0,0.0,0.0
2019-09-04 00:00:00-04:00,44.070986073827264,44.19157701183815,43.96895139858609,44.16374969482422,35700,0.0,0.0,0.0
2019-09-05 00:00:00-04:00,44.349272443394156,44.43275793120878,44.19157606037974,44.21012878417969,29400,0.0,0.0,0.0
2019-09-06 00:00:00-04:00,44.33072747629934,44.377107524629366,44.23796384106843,44.24724197387695,174900,0.0,0.0,0.0
2019-09-09 00:00:00-04:00,44.46986237132115,44.5997314453125,44.34927496761342,44.5997314453125,11600,0.0,0.0,0.0
2019-09-10 00:00:00-04:00,44.442027830275734,44.89656066894531,44.330715037802115,44.89656066894531,19800,0.0,0.0,0.0
2019-09-11 00:00:00-04:00,44.93366942380951,45.091365814208984,44.73887112264288,45.091365814208984,17200,0.0,0.0,0.0
2019-09-12 00:00:00-04:00,45.26761150201412,45.36964971865814,45.01715502622529,45.12847137451172,63200,0.0,0.0,0.0
2019-09-13 00:00:00-04:00,45.09136989083237,45.55517743377272,45.09136989083237,45.276893615722656,30300,0.0,0.0,0.0
2019-09-16 00:00:00-04:00,45.12847205222677,45.25833758860743,44.93367020908531,45.082088470458984,48600,0.0,0.0,0.0
2019-09-17 00:00:00-04:00,45.14701561222703,45.24905381768694,44.92439001719634,45.02642822265625,12800,0.0,0.0,0.0
2019-09-18 00:00:00-04:00,45.03571092047402,45.03571092047402,44.47914329415331,44.72032165527344,17200,0.0,0.0,0.0
2019-09-19 00:00:00-04:00,44.80380901052623,44.85946719089401,44.7017707824707,44.7017707824707,13700,0.0,0.0,0.0
2019-09-20 00:00:00-04:00,44.83163796249034,44.896570734204566,44.581181469348024,44.6090087890625,12300,0.0,0.0,0.0
2019-09-23 00:00:00-04:00,44.59973504481725,44.68321700555073,44.5255241394043,44.5255241394043,14700,0.0,0.0,0.0
2019-09-24 00:00:00-04:00,44.69249620706707,44.69249620706707,44.404934249569415,44.51625061035156,15200,0.0,0.0,0.0
2019-09-25 00:00:00-04:00,44.658770237322834,44.86371358836076,44.640138700537356,44.7612419128418,34100,0.203,0.0,0.0
2019-09-26 00:00:00-04:00,44.88235772437443,44.91962080840575,44.72399139404297,44.72399139404297,26200,0.0,0.0,0.0
2019-09-27 00:00:00-04:00,44.81712959443016,44.85439266224021,44.500400625248254,44.67739486694336,99000,0.0,0.0,0.0
2019-09-30 00:00:00-04:00,44.7612473450233,45.09660794065629,44.7612473450233,45.01276779174805,37400,0.0,0.0,0.0
2019-10-01 00:00:00-04:00,45.11522702970704,45.133858563612065,44.630817808981675,44.67739486694336,646100,0.0,0.0,0.0
2019-10-02 00:00:00-04:00,44.4538334987777,44.4538334987777,43.727217728554564,43.87626647949219,85500,0.0,0.0,0.0
2019-10-03 00:00:00-04:00,43.848310877300115,43.94146499263782,43.39185073710296,43.83899688720703,78200,0.0,0.0,0.0
2019-10-04 00:00:00-04:00,43.89488590909263,44.26750946044922,43.83899486391023,44.26750946044922,16600,0.0,0.0,0.0
2019-10-07 00:00:00-04:00,44.20231104626786,44.29546517874798,44.02531321951231,44.06257629394531,25200,0.0,0.0,0.0
2019-10-08 00:00:00-04:00,43.95079518502887,43.95079518502887,43.49433135986328,43.49433135986328,90200,0.0,0.0,0.0
2019-10-09 00:00:00-04:00,43.67133275376968,43.801749984814066,43.60612413824749,43.689964294433594,23200,0.0,0.0,0.0
2019-10-10 00:00:00-04:00,43.66200234082578,43.969417340790386,43.59679374451849,43.85763168334961,33000,0.0,0.0,0.0
2019-10-11 00:00:00-04:00,44.08120306828759,44.28614640192304,44.02530846267739,44.03462600708008,39600,0.0,0.0,0.0
2019-10-14 00:00:00-04:00,44.071893062802744,44.071893062802744,43.90421278441118,43.96942138671875,9400,0.0,0.0,0.0
2019-10-15 00:00:00-04:00,44.03463530955682,44.090529926974966,43.96010915299929,43.97874069213867,22200,0.0,0.0,0.0
2019-10-16 00:00:00-04:00,43.9135200222736,44.00667769238724,43.7458397696708,43.82036590576172,746100,0.0,0.0,0.0
2019-10-17 00:00:00-04:00,43.84831997498888,44.230257612880976,43.84831997498888,44.15573501586914,32600,0.0,0.0,0.0
2019-10-18 00:00:00-04:00,44.08120649782653,44.192992164141934,43.98805236816406,43.98805236816406,16700,0.0,0.0,0.0
2019-10-21 00:00:00-04:00,44.07189748103574,44.239577776237354,44.07189748103574,44.12778854370117,13700,0.0,0.0,0.0
2019-10-22 00:00:00-04:00,44.30478453703231,44.323416075011174,44.01600102876362,44.2488899230957,9100,0.0,0.0,0.0
2019-10-23 00:00:00-04:00,44.22093963623047,44.22093963623047,44.10915042038205,44.22093963623047,14500,0.0,0.0,0.0
2019-10-24 00:00:00-04:00,44.18367607593657,44.18367607593657,43.93215567346078,44.10914993286133,15500,0.0,0.0,0.0
2019-10-25 00:00:00-04:00,44.06257303364063,44.09052211419854,43.932155836377426,44.043941497802734,33500,0.0,0.0,0.0
2019-10-28 00:00:00-04:00,44.12778743002016,44.295467720989926,44.12778743002016,44.1650505065918,20200,0.0,0.0,0.0
2019-10-29 00:00:00-04:00,44.155724763064164,44.500399245616904,44.09983016308198,44.29545593261719,21300,0.0,0.0,0.0
2019-10-30 00:00:00-04:00,44.23025242029774,44.27682948216234,44.090521234703914,44.192989349365234,17000,0.0,0.0,0.0
2019-10-31 00:00:00-04:00,44.32342139607169,44.46315261728427,44.01600631291872,44.258209228515625,67000,0.0,0.0,0.0
2019-11-01 00:00:00-04:00,44.49109178664586,44.75192975875014,44.49109178664586,44.640140533447266,104200,0.0,0.0,0.0
2019-11-04 00:00:00-05:00,44.84508260818731,44.85440015349684,44.61219372588173,44.742610931396484,19600,0.0,0.0,0.0
2019-11-05 00:00:00-05:00,44.742611629351494,45.292229542310444,44.714666100191636,44.9661865234375,616100,0.0,0.0,0.0
2019-11-06 00:00:00-05:00,45.012768142370064,45.06866275994519,44.75193370089165,44.88235092163086,40800,0.0,0.0,0.0
2019-11-07 00:00:00-05:00,44.93823567313839,44.99412672484004,44.62150668362183,44.649452209472656,50700,0.0,0.0,0.0
2019-11-08 00:00:00-05:00,44.658772162430346,44.705352783203125,44.574932020082755,44.705352783203125,16000,0.0,0.0,0.0
2019-11-11 00:00:00-05:00,44.77057202588376,44.82646309832745,44.60289170134611,44.72399139404297,20800,0.0,0.0,0.0
2019-11-12 00:00:00-05:00,44.9289217846871,45.02207946777344,44.854399191820285,45.02207946777344,22800,0.0,0.0,0.0
2019-11-13 00:00:00-05:00,45.031393681346145,45.189756412970475,44.94755354295613,45.13386535644531,56900,0.0,0.0,0.0
2019-11-14 00:00:00-05:00,45.227020988342254,45.37606973336294,45.03139517680305,45.14318084716797,29400,0.0,0.0,0.0
2019-11-15 00:00:00-05:00,45.11524129468886,45.3853932913284,45.03140114240772,45.376075744628906,578300,0.0,0.0,0.0
2019-11-18 00:00:00-05:00,45.310857462676616,45.46922374034644,45.310857462676616,45.38538360595703,103400,0.0,0.0,0.0
2019-11-19 00:00:00-05:00,45.4506044228338,45.534444579761626,45.35744671869006,45.47854995727539,87700,0.0,0.0,0.0
2019-11-20 00:00:00-05:00,45.441278528046126,45.72074803553567,45.376069923925876,45.562381744384766,35500,0.0,0.0,0.0
2019-11-21 00:00:00-05:00,45.53443546337967,45.53443546337967,45.12454875441617,45.16181182861328,10500,0.0,0.0,0.0
2019-11-22 00:00:00-05:00,45.25497501387715,45.29223453900001,45.05934562736895,45.10592269897461,24900,0.0,0.0,0.0
2019-11-25 00:00:00-05:00,45.14318589255131,45.34812927246094,45.068663288513214,45.34812927246094,16900,0.0,0.0,0.0
2019-11-26 00:00:00-05:00,45.171129184326084,45.55306680923713,45.171129184326084,45.5344352722168,49400,0.0,0.0,0.0
2019-11-27 00:00:00-05:00,45.59032108127461,45.74868735091502,45.59032108127461,45.702110290527344,25500,0.0,0.0,0.0
2019-11-29 00:00:00-05:00,45.68347514648942,45.68347514648942,45.50647735595703,45.50647735595703,7300,0.0,0.0,0.0
2019-12-02 00:00:00-05:00,45.55306306001461,45.730057316736875,45.376065249690306,45.71142578125,36100,0.0,0.0,0.0
2019-12-03 00:00:00-05:00,45.543746784081364,45.63690446411063,45.329489450417256,45.60895538330078,208800,0.0,0.0,0.0
2019-12-04 00:00:00-05:00,45.66485219586735,46.02815828151537,45.66485219586735,45.84184646606445,15800,0.0,0.0,0.0
2019-12-05 00:00:00-05:00,45.85115901592906,45.85115901592906,45.50648095113602,45.702110290527344,25900,0.0,0.0,0.0
2019-12-06 00:00:00-05:00,46.01883958222969,46.13993922932258,45.95363098653292,45.99089050292969,17000,0.0,0.0,0.0
2019-12-09 00:00:00-05:00,45.9815900911011,46.10269332755905,45.9815900911011,46.04679870605469,23500,0.0,0.0,0.0
2019-12-10 00:00:00-05:00,45.869792219227044,45.869792219227044,45.627585810638266,45.646217346191406,11400,0.0,0.0,0.0
2019-12-11 00:00:00-05:00,45.6369077249131,45.6741672459849,45.53443604636027,45.62759017944336,18300,0.0,0.0,0.0
2019-12-12 00:00:00-05:00,45.63690622544563,45.94431769740127,45.581011615270846,45.6182746887207,16400,0.0,0.0,0.0
2019-12-13 00:00:00-05:00,45.49466101800609,45.70068627601008,45.49466101800609,45.56021499633789,21400,0.258,0.0,0.0
2019-12-16 00:00:00-05:00,45.68195055439597,46.02845419517762,45.68195055439597,45.897342681884766,21100,0.0,0.0,0.0
2019-12-17 00:00:00-05:00,45.916071189030625,45.99099205098077,45.803693468528714,45.86924743652344,13400,0.0,0.0,0.0
2019-12-18 00:00:00-05:00,45.82243341578844,45.91608094069168,45.728785890885206,45.841163635253906,22200,0.0,0.0,0.0
2019-12-19 00:00:00-05:00,45.99099427780079,46.403048321207734,45.99099427780079,46.262577056884766,9400,0.0,0.0,0.0
2019-12-20 00:00:00-05:00,46.40304787897073,46.89002278331436,46.40304787897073,46.7963752746582,8700,0.0,0.0,0.0
2019-12-23 00:00:00-05:00,46.918113100134946,46.918113100134946,46.64653391470872,46.66526412963867,12200,0.0,0.0,0.0
2019-12-24 00:00:00-05:00,46.69336700439453,46.76828430667441,46.69336700439453,46.69336700439453,5100,0.0,0.0,0.0
2019-12-26 00:00:00-05:00,46.74018252235575,46.89002067291585,46.74018252235575,46.824466705322266,9000,0.0,0.0,0.0
2019-12-27 00:00:00-05:00,46.90875620218302,46.955579959707954,46.84320222716338,46.927486419677734,18200,0.0,0.0,0.0
2019-12-30 00:00:00-05:00,46.8993914410462,46.8993914410462,46.72145616651631,46.80574035644531,13300,0.0,0.0,0.0
2019-12-31 00:00:00-05:00,46.74954954603069,46.899391280880394,46.712092684741854,46.86193084716797,11200,0.0,0.0,0.0
2020-01-02 00:00:00-05:00,47.058591037880355,47.058591037880355,46.206385850539064,46.37495422363281,679300,0.0,0.0,0.0
2020-01-03 00:00:00-05:00,46.20637921538337,46.758908009532156,46.20637921538337,46.59033966064453,177700,0.0,0.0,0.0
2020-01-06 00:00:00-05:00,46.459243204976225,46.64654181356858,46.356228791629235,46.57162094116211,54900,0.0,0.0,0.0
2020-01-07 00:00:00-05:00,46.562264591026214,46.59035813617374,46.26258820137141,46.281314849853516,34200,0.0,0.0,0.0
2020-01-08 00:00:00-05:00,46.10337045773542,46.365586333617415,46.047179810436404,46.17829132080078,54400,0.0,0.0,0.0
2020-01-09 00:00:00-05:00,46.27193676887822,46.27193676887822,46.019084225915435,46.187652587890625,12400,0.0,0.0,0.0
2020-01-10 00:00:00-05:00,46.22512213795515,46.44987761665075,46.22512213795515,46.29067611694336,99600,0.0,0.0,0.0
2020-01-13 00:00:00-05:00,46.38431903943185,46.58098452932431,46.38431903943185,46.477970123291016,19400,0.0,0.0,0.0
2020-01-14 00:00:00-05:00,46.43114642073866,46.49670039330336,46.32813201458742,46.4592399597168,42200,0.0,0.0,0.0
2020-01-15 00:00:00-05:00,46.43115171399627,46.81511227097195,46.43115171399627,46.562259674072266,31700,0.0,0.0,0.0
2020-01-16 00:00:00-05:00,46.44051773942986,46.84320853876501,46.44051773942986,46.768287658691406,22000,0.0,0.0,0.0
2020-01-17 00:00:00-05:00,46.702724298735475,46.85256245637678,46.702724298735475,46.758914947509766,18300,0.0,0.0,0.0
2020-01-21 00:00:00-05:00,46.674637415219685,46.74955471850998,46.46860857942943,46.562259674072266,31400,0.0,0.0,0.0
2020-01-22 00:00:00-05:00,46.646534985121505,46.730819168028766,46.35622200568021,46.36558532714844,76900,0.0,0.0,0.0
2020-01-23 00:00:00-05:00,46.23447509040246,46.57161180524812,46.10336716183429,46.468597412109375,83000,0.0,0.0,0.0
2020-01-24 00:00:00-05:00,46.59971567343003,46.59971567343003,45.70068661611152,45.88798522949219,25700,0.0,0.0,0.0
2020-01-27 00:00:00-05:00,45.43846677115404,45.71004955844738,45.43846677115404,45.48529052734375,41900,0.0,0.0,0.0
2020-01-28 00:00:00-05:00,45.560205313014684,45.64448949187387,45.47592113415549,45.5695686340332,19100,0.0,0.0,0.0
2020-01-29 00:00:00-05:00,45.61639653721111,45.61639653721111,45.07323455810547,45.07323455810547,23000,0.0,0.0,0.0
2020-01-30 00:00:00-05:00,44.988957738585654,45.54148670246327,44.988957738585654,45.513389587402344,22400,0.0,0.0,0.0
2020-01-31 00:00:00-05:00,45.38227951543804,45.39164641083091,44.60499510175218,44.73610305786133,24000,0.0,0.0,0.0
2020-02-03 00:00:00-05:00,44.84848192793055,45.05451076268889,44.81102149026104,44.8765754699707,42900,0.0,0.0,0.0
2020-02-04 00:00:00-05:00,45.16688227766267,45.31672043526369,44.97958368755553,44.998313903808594,69300,0.0,0.0,0.0
2020-02-05 00:00:00-05:00,45.279261049055755,45.68195177674314,45.279261049055755,45.635128021240234,36800,0.0,0.0,0.0
2020-02-06 00:00:00-05:00,45.41974099127306,45.72878424267821,45.344820116111585,45.35418701171875,28400,0.0,0.0,0.0
2020-02-07 00:00:00-05:00,45.25116828028236,45.504020851209134,45.213707846273145,45.44783020019531,27700,0.0,0.0,0.0
2020-02-10 00:00:00-05:00,45.42909921011918,45.635128021240234,45.419735887988026,45.635128021240234,17400,0.0,0.0,0.0
2020-02-11 00:00:00-05:00,45.8036917104305,46.03781403640335,45.8036917104305,45.85988235473633,13700,0.0,0.0,0.0
2020-02-12 00:00:00-05:00,46.09400624162007,46.15019331540542,45.86924722920878,45.94416809082031,23900,0.0,0.0,0.0
2020-02-13 00:00:00-05:00,45.46656661289388,45.831796963194336,45.46656661289388,45.76624298095703,21000,0.0,0.0,0.0
2020-02-14 00:00:00-05:00,45.73813413872408,45.81305141946847,45.700673712140436,45.78495788574219,12100,0.0,0.0,0.0
2020-02-18 00:00:00-05:00,45.58830642700195,45.897346085911025,45.47592869398263,45.58830642700195,633300,0.0,0.0,0.0
2020-02-19 00:00:00-05:00,45.5883073216819,45.69132173414785,45.363548278808594,45.363548278808594,175800,0.0,0.0,0.0
2020-02-20 00:00:00-05:00,45.25116828028236,45.44783020019531,45.13879055067833,45.44783020019531,21900,0.0,0.0,0.0
2020-02-21 00:00:00-05:00,45.30735497348709,45.67258524211332,45.30735497348709,45.5040168762207,18400,0.0,0.0,0.0
2020-02-24 00:00:00-05:00,44.764193452562,44.9327618335456,44.37086961188266,44.58626174926758,19400,0.0,0.0,0.0
2020-02-25 00:00:00-05:00,44.64245158535598,44.65181848066897,43.39692244051672,43.52803039550781,25700,0.0,0.0,0.0
2020-02-26 00:00:00-05:00,43.79024140186517,43.9307162364389,42.88184914153827,42.891212463378906,33000,0.0,0.0,0.0
2020-02-27 00:00:00-05:00,42.451059389508785,42.87247669379488,41.47710971276403,41.50520324707031,41800,0.0,0.0,0.0
2020-02-28 00:00:00-05:00,40.662364753293694,40.756015829193665,39.716512107455245,40.73728561401367,100200,0.0,0.0,0.0
2020-03-02 00:00:00-05:00,40.93395006074148,42.31995391845703,40.93395006074148,42.31995391845703,39400,0.0,0.0,0.0
2020-03-03 00:00:00-05:00,42.48852090243394,43.07851019450682,41.58949198184323,41.7955207824707,31200,0.0,0.0,0.0
2020-03-04 00:00:00-05:00,42.58217910105689,43.6123161315918,42.48852800673846,43.6123161315918,13600,0.0,0.0,0.0
2020-03-05 00:00:00-05:00,42.469785474778725,43.26580346979116,42.469785474778725,42.99422073364258,32900,0.0,0.0,0.0
2020-03-06 00:00:00-05:00,42.151388002283085,42.619632720947266,41.70187350105632,42.619632720947266,40800,0.0,0.0,0.0
2020-03-09 00:00:00-04:00,40.184761862577204,41.32728012639317,39.71651714100328,40.43761444091797,51600,0.0,0.0,0.0
2020-03-10 00:00:00-04:00,40.99950690461461,41.49584874147648,39.641600062478325,41.26172637939453,213900,0.0,0.0,0.0
2020-03-11 00:00:00-04:00,40.44697385890843,40.49380118448429,38.845577923099086,39.15462112426758,26300,0.0,0.0,0.0
2020-03-12 00:00:00-04:00,36.76657942579323,37.24419111327915,35.38994216918945,35.38994216918945,63600,0.0,0.0,0.0
2020-03-13 00:00:00-04:00,37.00069454286583,37.824806213378906,35.38056831302751,37.824806213378906,95900,0.0,0.0,0.0
2020-03-16 00:00:00-04:00,34.17249432765245,37.16925707175617,34.17249432765245,35.61468505859375,40300,0.0,0.0,0.0
2020-03-17 00:00:00-04:00,36.17658560886276,38.63018677463364,36.120394960209026,38.049564361572266,112200,0.0,0.0,0.0
2020-03-18 00:00:00-04:00,36.766574805212095,38.68638106541835,35.61469319254262,36.78530502319336,39300,0.0,0.0,0.0
2020-03-19 00:00:00-04:00,36.60736721536707,37.34719462652842,35.87690669784854,36.88831329345703,59500,0.0,0.0,0.0
2020-03-20 00:00:00-04:00,37.3565553458222,37.3565553458222,35.108983305225244,35.2307243347168,30800,0.0,0.0,0.0
2020-03-23 00:00:00-04:00,35.12771348549235,35.32437896145237,33.45140028604002,34.003929138183594,48600,0.0,0.0,0.0
2020-03-24 00:00:00-04:00,35.08089012644556,35.85817800022043,34.921688652013614,35.65214920043945,86300,0.0,0.0,0.0
2020-03-25 00:00:00-04:00,35.8113611148618,36.476267822216606,35.1651810543298,35.3993034362793,24100,0.0,0.0,0.0
2020-03-26 00:00:00-04:00,35.628976656095155,37.39866006084111,35.628976656095155,37.37983322143555,98400,0.194,0.0,0.0
2020-03-27 00:00:00-04:00,36.165530534601125,37.68105705749045,36.165530534601125,36.928001403808594,28500,0.0,0.0,0.0
2020-03-30 00:00:00-04:00,37.276281487949724,38.15170963177318,37.19156251948772,38.057579040527344,42500,0.0,0.0,0.0
2020-03-31 00:00:00-04:00,38.19879031818988,38.302332564204654,37.49279989320379,37.62458419799805,43400,0.0,0.0,0.0
2020-04-01 00:00:00-04:00,36.71150499816149,37.35160332129513,36.52324015179513,36.77739715576172,52900,0.0,0.0,0.0
2020-04-02 00:00:00-04:00,36.24084253314018,37.38925479625033,36.24084253314018,37.238643646240234,35200,0.0,0.0,0.0
2020-04-03 00:00:00-04:00,37.3515958240151,37.681056545886314,37.02213510214389,37.63399124145508,27000,0.0,0.0,0.0
2020-04-06 00:00:00-04:00,38.6317958707878,39.14010982481595,38.217612534533934,38.98008346557617,144800,0.0,0.0,0.0
2020-04-07 00:00:00-04:00,39.667252248007685,39.99671663526509,38.923608060863295,38.96126174926758,61600,0.0,0.0,0.0
2020-04-08 00:00:00-04:00,39.271886013719076,39.77078464840149,38.86711797736658,39.52604293823242,44200,0.0,0.0,0.0
2020-04-09 00:00:00-04:00,39.940229442919055,40.58032767564668,39.86492207866744,40.12849426269531,36400,0.0,0.0,0.0
2020-04-13 00:00:00-04:00,40.03436325678815,40.053190099355625,39.29072272506453,39.92140579223633,34800,0.0,0.0,0.0
2020-04-14 00:00:00-04:00,40.59915499054388,41.295730163737204,40.59915499054388,41.24866485595703,38900,0.0,0.0,0.0
2020-04-15 00:00:00-04:00,40.63680116826084,40.72152015044644,39.9590529016285,40.33557891845703,47600,0.0,0.0,0.0
2020-04-16 00:00:00-04:00,40.6462248531237,40.843901322463665,40.109672384427675,40.70270538330078,66400,0.0,0.0,0.0
2020-04-17 00:00:00-04:00,41.34279575228928,41.568714258362334,40.86272386430669,41.51223373413086,203600,0.0,0.0,0.0
2020-04-20 00:00:00-04:00,41.192178023277265,41.71931872589772,41.06980895996094,41.06980895996094,35500,0.0,0.0,0.0
2020-04-21 00:00:00-04:00,40.721534717738855,40.84390742263937,40.16615532270268,40.24146270751953,19900,0.0,0.0,0.0
2020-04-22 00:00:00-04:00,40.834494358808755,40.99451715963592,40.5144451663008,40.79684066772461,32100,0.0,0.0,0.0
2020-04-23 00:00:00-04:00,40.608566479533515,41.11688041990095,40.608566479533515,40.768592834472656,38800,0.0,0.0,0.0
2020-04-24 00:00:00-04:00,41.03216482105331,41.323975497793455,40.74035414431316,41.25808334350586,19200,0.0,0.0,0.0
2020-04-27 00:00:00-04:00,41.389867171114076,42.048788706333134,41.389867171114076,41.9075927734375,26700,0.0,0.0,0.0
2020-04-28 00:00:00-04:00,42.32177105951863,42.46297057833753,42.058202454633154,42.142921447753906,43500,0.0,0.0,0.0
2020-04-29 00:00:00-04:00,42.56651966970375,42.62299660886946,42.048790454996706,42.31236267089844,77100,0.0,0.0,0.0
2020-04-30 00:00:00-04:00,42.180574201196606,42.180574201196606,41.47458380437966,41.83228302001953,86400,0.0,0.0,0.0
2020-05-01 00:00:00-04:00,41.201598634965386,41.35220977103541,40.702699920018304,40.77800369262695,53400,0.0,0.0,0.0
2020-05-04 00:00:00-04:00,40.646220587439856,40.92861602698238,40.401475239877584,40.81565856933594,42000,0.0,0.0,0.0
2020-05-05 00:00:00-04:00,41.248662914920985,41.41810088763862,40.90037534471367,41.06039810180664,60800,0.0,0.0,0.0
2020-05-06 00:00:00-04:00,41.22983920201421,41.267492885663835,40.7497673034668,40.7497673034668,37700,0.0,0.0,0.0
2020-05-07 00:00:00-04:00,41.211014700211265,41.70991705976481,41.211014700211265,41.52165222167969,23000,0.0,0.0,0.0
2020-05-08 00:00:00-04:00,41.84169338859569,42.81125227215593,41.84169338859569,42.707706451416016,118700,0.0,0.0,0.0
2020-05-11 00:00:00-04:00,42.52885881897279,43.08423803595142,42.52885881897279,42.7359504699707,18400,0.0,0.0,0.0
2020-05-12 00:00:00-04:00,42.82067624102383,43.04659117713774,42.265296936035156,42.265296936035156,13100,0.0,0.0,0.0
2020-05-13 00:00:00-04:00,42.25587503094967,42.25587503094967,41.25807763780963,41.60636520385742,33300,0.0,0.0,0.0
2020-05-14 00:00:00-04:00,41.25808360287238,41.65343653108334,40.90979239561631,41.52165222167969,28300,0.0,0.0,0.0
2020-05-15 00:00:00-04:00,41.37103990961607,42.029965029015614,41.35221306725003,41.86052703857422,41200,0.0,0.0,0.0
2020-05-18 00:00:00-04:00,42.8394940175297,42.89597453976536,42.40648745294779,42.717124938964844,23300,0.0,0.0,0.0
2020-05-19 00:00:00-04:00,42.7736079362668,42.7736079362668,42.09585952758789,42.09585952758789,18000,0.0,0.0,0.0
2020-05-20 00:00:00-04:00,42.35942781567802,42.62299643968033,42.24647034694177,42.528865814208984,14900,0.0,0.0,0.0
2020-05-21 00:00:00-04:00,42.519446770880734,42.519446770880734,41.87935211174114,41.9923095703125,10600,0.0,0.0,0.0
2020-05-22 00:00:00-04:00,42.142925385712175,42.142925385712175,41.90759522625937,42.08644485473633,15900,0.0,0.0,0.0
2020-05-26 00:00:00-04:00,42.53827493631431,42.867739287775805,42.51003646850586,42.51003646850586,23000,0.0,0.0,0.0
2020-05-27 00:00:00-04:00,42.83948960678691,43.79963684082031,42.79242430519605,43.79963684082031,20900,0.0,0.0,0.0
2020-05-28 00:00:00-04:00,44.100871853889196,44.100871853889196,43.658453581765365,43.67728042602539,20500,0.0,0.0,0.0
2020-05-29 00:00:00-04:00,43.611381779673515,44.0726268274506,43.366636431550575,44.03497314453125,120600,0.0,0.0,0.0
2020-06-01 00:00:00-04:00,43.90318426649899,44.467978678828246,43.90318426649899,44.31736755371094,40900,0.0,0.0,0.0
2020-06-02 00:00:00-04:00,44.31737413958083,44.599769592285156,44.14793614978763,44.599769592285156,11900,0.0,0.0,0.0
2020-06-03 00:00:00-04:00,44.929232573770605,45.013951572850374,44.477399108962885,44.515052795410156,47700,0.0,0.0,0.0
2020-06-04 00:00:00-04:00,44.57151674197853,44.73154306730641,44.19499075981974,44.37384033203125,11700,0.0,0.0,0.0
2020-06-05 00:00:00-04:00,45.27751589874861,45.296342740185295,44.929228309302104,45.00453567504883,34500,0.0,0.0,0.0
2020-06-08 00:00:00-04:00,45.4657812064617,45.964683532714844,45.24927791391341,45.964683532714844,50200,0.0,0.0,0.0
2020-06-09 00:00:00-04:00,45.79524834676644,45.79524834676644,44.98571206117207,45.17397689819336,54300,0.0,0.0,0.0
2020-06-10 00:00:00-04:00,45.277519766357486,45.277519766357486,44.42091815750812,44.467987060546875,40400,0.0,0.0,0.0
2020-06-11 00:00:00-04:00,43.771407392866294,43.80906107823479,42.37825335190969,42.547691345214844,23600,0.0,0.0,0.0
2020-06-12 00:00:00-04:00,43.31015735313983,43.31015735313983,42.11468340278711,42.726539611816406,40800,0.0,0.0,0.0
2020-06-15 00:00:00-04:00,42.14291687733339,43.28191375732422,41.90758676539219,43.28191375732422,14400,0.0,0.0,0.0
2020-06-16 00:00:00-04:00,44.242066898447945,44.298547425493474,43.54548809496514,44.006736755371094,18500,0.0,0.0,0.0
2020-06-17 00:00:00-04:00,44.260899025504784,44.260899025504784,43.846719216943946,43.931434631347656,23100,0.0,0.0,0.0
2020-06-18 00:00:00-04:00,43.846709753465205,43.97849404634355,43.7149218697342,43.95966720581055,17200,0.0,0.0,0.0
2020-06-19 00:00:00-04:00,44.26089125117283,44.48680616494147,43.69609678504561,43.827884674072266,19300,0.0,0.0,0.0
2020-06-22 00:00:00-04:00,43.86553739087228,43.912606292339255,43.52666499993995,43.79023361206055,23200,0.0,0.0,0.0
2020-06-23 00:00:00-04:00,44.082039353027106,44.100862602485044,43.69609451293945,43.69609451293945,20200,0.0,0.0,0.0
2020-06-24 00:00:00-04:00,43.385457295068306,43.44193781166506,42.547682715237656,42.9901008605957,24800,0.0,0.0,0.0
2020-06-25 00:00:00-04:00,42.82558205483181,43.09980280450803,42.74993345886999,43.08089065551758,46600,0.206,0.0,0.0
2020-06-26 00:00:00-04:00,43.12815736068488,43.12815736068488,42.36223176931935,42.418968200683594,36400,0.0,0.0,0.0
2020-06-29 00:00:00-04:00,42.60809443802685,43.33619588547078,42.59863656070547,43.156532287597656,14100,0.0,0.0,0.0
2020-06-30 00:00:00-04:00,43.364557633956615,43.64823260195735,43.260542637361,43.53476333618164,19500,0.0,0.0,0.0
2020-07-01 00:00:00-04:00,43.591506633077024,43.65769735460072,43.28891944693334,43.35511016845703,49500,0.0,0.0,0.0
2020-07-02 00:00:00-04:00,44.0075626499337,44.565458399132524,44.0075626499337,44.20613479614258,157800,0.0,0.0,0.0
2020-07-06 00:00:00-04:00,44.537081133134535,44.669466149543176,43.97918547462817,44.149391174316406,18100,0.0,0.0,0.0
2020-07-07 00:00:00-04:00,43.837352447513766,44.25340884573471,43.837352447513766,43.99810028076172,19500,0.0,0.0,0.0
2020-07-08 00:00:00-04:00,44.09266255181905,44.09266255181905,43.515854693089956,43.69551467895508,17200,0.0,0.0,0.0
2020-07-09 00:00:00-04:00,43.47802884695771,43.48748672368431,42.816118153896106,43.043060302734375,30600,0.0,0.0,0.0
2020-07-10 00:00:00-04:00,43.10925067989217,43.78061563739565,43.00523567943779,43.76170349121094,22500,0.0,0.0,0.0
2020-07-13 00:00:00-04:00,43.93191606476758,44.12103394904412,43.50640172692626,43.58205032348633,17400,0.0,0.0,0.0
2020-07-14 00:00:00-04:00,43.648237843514195,44.499266456836224,43.648237843514195,44.48035430908203,90500,0.0,0.0,0.0
2020-07-15 00:00:00-04:00,44.8869576251928,45.15172048633052,44.62219115693163,44.89641189575195,15600,0.0,0.0,0.0
2020-07-16 00:00:00-04:00,44.83967040062392,45.19899396249894,44.782937569412056,44.90586471557617,14200,0.0,0.0,0.0
2020-07-17 00:00:00-04:00,45.208451559420155,45.26518439028103,45.02878797603267,45.19899368286133,11400,0.0,0.0,0.0
2020-07-20 00:00:00-04:00,45.18008077864472,45.18008077864472,44.60327296041916,44.726200103759766,9900,0.0,0.0,0.0
2020-07-21 00:00:00-04:00,44.91532616577559,45.511046238600485,44.91532616577559,45.22737121582031,14700,0.0,0.0,0.0
2020-07-22 00:00:00-04:00,45.312462556706464,45.52049255371094,45.142260458484515,45.52049255371094,25400,0.0,0.0,0.0
2020-07-23 00:00:00-04:00,45.624499953066895,46.10674696647323,45.58667566770731,45.65286636352539,14300,0.0,0.0,0.0
2020-07-24 00:00:00-04:00,45.70015909828786,46.03111265395717,45.70015909828786,45.89873123168945,19400,0.0,0.0,0.0
2020-07-27 00:00:00-04:00,45.84200207414763,46.059486389160156,45.64342990919582,46.059486389160156,9700,0.0,0.0,0.0
2020-07-28 00:00:00-04:00,45.87982145781518,46.39989290382101,45.87982145781518,46.04056930541992,13600,0.0,0.0,0.0
2020-07-29 00:00:00-04:00,46.210779515552616,46.53227884908836,46.050031652346625,46.51336669921875,17700,0.0,0.0,0.0
2020-07-30 00:00:00-04:00,46.05948245179956,46.191863883784244,45.88927672292684,46.087852478027344,17600,0.0,0.0,0.0
2020-07-31 00:00:00-04:00,45.98383522717049,46.09730450518873,45.539408778174334,46.050025939941406,10000,0.0,0.0,0.0
2020-08-03 00:00:00-04:00,46.22968597154003,46.456628134900164,46.01220168551169,46.44717025756836,16000,0.0,0.0,0.0
2020-08-04 00:00:00-04:00,46.37152299371934,46.96723937988281,46.37152299371934,46.96723937988281,17700,0.0,0.0,0.0
2020-08-05 00:00:00-04:00,46.70247793555604,46.74030222990518,46.40934867215834,46.56064224243164,22000,0.0,0.0,0.0
2020-08-06 00:00:00-04:00,46.38097180980669,46.67410463711055,46.38097180980669,46.47553253173828,18200,0.0,0.0,0.0
2020-08-07 00:00:00-04:00,46.19186547284381,46.655204107853116,46.19186547284381,46.57955551147461,12100,0.0,0.0,0.0
2020-08-10 00:00:00-04:00,46.58901058411507,46.84431917083309,46.579552706575484,46.75921630859375,10400,0.0,0.0,0.0
2020-08-11 00:00:00-04:00,47.033438607450194,47.033438607450194,46.324249267578125,46.324249267578125,33200,0.0,0.0,0.0
2020-08-12 00:00:00-04:00,46.47553607121546,46.891592458032285,46.47553607121546,46.7686653137207,16100,0.0,0.0,0.0
2020-08-13 00:00:00-04:00,46.82540826790681,46.84432041636545,46.645748268235,46.749759674072266,8400,0.0,0.0,0.0
2020-08-14 00:00:00-04:00,46.6930241607469,47.03343559925298,46.6930241607469,46.90105056762695,6300,0.0,0.0,0.0
2020-08-17 00:00:00-04:00,46.938873291015625,47.0901668578287,46.938873291015625,46.938873291015625,351700,0.0,0.0,0.0
2020-08-18 00:00:00-04:00,47.05233761341704,47.14689833717734,46.62682698142539,46.91995620727539,16000,0.0,0.0,0.0
2020-08-19 00:00:00-04:00,46.834861755371094,47.01452535916194,46.778128918067395,46.834861755371094,8900,0.0,0.0,0.0
2020-08-20 00:00:00-04:00,46.532270322666484,46.76866674203438,46.532270322666484,46.6268310546875,7600,0.0,0.0,0.0
2020-08-21 00:00:00-04:00,46.48498951995282,46.607916662094325,46.4187988142896,46.58900451660156,6600,0.0,0.0,0.0
2020-08-24 00:00:00-04:00,46.72138934053025,46.91050720214844,46.66465289990784,46.91050720214844,10200,0.0,0.0,0.0
2020-08-25 00:00:00-04:00,46.986158246437775,46.986158246437775,46.8159525097274,46.94833755493164,12700,0.0,0.0,0.0
2020-08-26 00:00:00-04:00,46.77812847772202,47.04289133497606,46.64574704909499,47.02397918701172,18400,0.0,0.0,0.0
2020-08-27 00:00:00-04:00,47.260369027347316,47.4683990187864,47.260369027347316,47.33601760864258,17600,0.0,0.0,0.0
2020-08-28 00:00:00-04:00,47.20363413080309,47.20363413080309,46.74029918018923,47.16581344604492,9100,0.0,0.0,0.0
2020-08-31 00:00:00-04:00,46.919953558477424,47.184719962936505,46.919953558477424,47.07124710083008,9200,0.0,0.0,0.0
2020-09-01 00:00:00-04:00,46.91996303013643,46.91996303013643,46.5511851716524,46.74030303955078,13400,0.0,0.0,0.0
2020-09-02 00:00:00-04:00,46.93887844729714,47.38330492674762,46.759218444196776,47.35493850708008,14600,0.0,0.0,0.0
2020-09-03 00:00:00-04:00,47.241462404822464,47.74262529668517,46.09730453239467,46.314788818359375,16300,0.0,0.0,0.0
2020-09-04 00:00:00-04:00,46.36206782245572,46.52281927446101,45.52049708837183,46.12567138671875,7700,0.0,0.0,0.0
2020-09-08 00:00:00-04:00,45.785259535177964,45.85145385514946,45.35974884033203,45.35974884033203,31500,0.0,0.0,0.0
2020-09-09 00:00:00-04:00,45.48267688066707,46.05948481284522,45.48267688066707,45.83254623413086,21700,0.0,0.0,0.0
2020-09-10 00:00:00-04:00,46.154040226362206,46.28642164983489,45.577232360839844,45.577232360839844,77700,0.0,0.0,0.0
2020-09-11 00:00:00-04:00,45.728525931540524,45.756892348820884,45.321923783946836,45.577232360839844,16400,0.0,0.0,0.0
2020-09-14 00:00:00-04:00,45.71906654021462,46.09730225800132,45.71906654021462,46.01219940185547,17100,0.0,0.0,0.0
2020-09-15 00:00:00-04:00,46.25805156738304,46.33370015620008,46.06893730958695,46.135128021240234,30600,0.0,0.0,0.0
2020-09-16 00:00:00-04:00,46.30532575673262,46.655191401892615,46.16348648071289,46.16348648071289,10500,0.0,0.0,0.0
2020-09-17 00:00:00-04:00,45.78526139026974,46.26751215441545,45.56777709536767,46.248600006103516,9700,0.0,0.0,0.0
2020-09-18 00:00:00-04:00,46.27697104882192,46.27697104882192,45.33138518148669,45.766357421875,5400,0.0,0.0,0.0
2020-09-21 00:00:00-04:00,45.350283380463225,45.350283380463225,44.726197044296214,45.06660842895508,41300,0.0,0.0,0.0
2020-09-22 00:00:00-04:00,45.10443804682902,45.55831874429278,45.10443804682902,45.45430374145508,41200,0.0,0.0,0.0
2020-09-23 00:00:00-04:00,45.64342365337891,45.64342365337891,44.40470504760742,44.40470504760742,9000,0.0,0.0,0.0
2020-09-24 00:00:00-04:00,44.257682494051345,44.845760418692166,43.97312889298613,44.56120681762695,13600,0.145,0.0,0.0
2020-09-25 00:00:00-04:00,44.4948198162633,45.14929358877983,44.4948198162633,45.044960021972656,16200,0.0,0.0,0.0
2020-09-28 00:00:00-04:00,45.27259954558468,45.699431821535946,45.27259954558468,45.452816009521484,9100,0.0,0.0,0.0
2020-09-29 00:00:00-04:00,45.604577842555656,45.67097356655715,45.1018627087357,45.18722915649414,48100,0.0,0.0,0.0
2020-09-30 00:00:00-04:00,45.348480570564504,45.908104282920405,45.348480570564504,45.60457992553711,14400,0.0,0.0,0.0
2020-10-01 00:00:00-04:00,45.67096934339076,45.88912721897927,45.42435357565053,45.77530288696289,264500,0.0,0.0,0.0
2020-10-02 00:00:00-04:00,45.33899502601493,46.145234569110094,45.33899502601493,46.031410217285156,24500,0.0,0.0,0.0
2020-10-05 00:00:00-04:00,46.13574451623131,46.53412248614897,46.13574451623131,46.524635314941406,20100,0.0,0.0,0.0
2020-10-06 00:00:00-04:00,46.71434033523348,46.98941041575071,46.29699524700772,46.4202995300293,8100,0.0,0.0,0.0
2020-10-07 00:00:00-04:00,46.67639575975287,47.122198714299735,46.67639575975287,46.94198226928711,45300,0.0,0.0,0.0
2020-10-08 00:00:00-04:00,47.11271009705308,47.35932587559964,47.11271009705308,47.32138442993164,9200,0.0,0.0,0.0
2020-10-09 00:00:00-04:00,47.4162393265113,47.69130576930513,47.40675215569001,47.51108932495117,12600,0.0,0.0,0.0
2020-10-12 00:00:00-04:00,47.77667547256296,48.06122910557853,47.62491329373494,47.833587646484375,11200,0.0,0.0,0.0
2020-10-13 00:00:00-04:00,47.719754810743765,47.89048767089844,47.64387193143288,47.89048767089844,10700,0.0,0.0,0.0
2020-10-14 00:00:00-04:00,47.82409354416428,48.07070931045415,47.66284783553225,47.776668548583984,6800,0.0,0.0,0.0
2020-10-15 00:00:00-04:00,47.34035542328997,47.928433361322796,47.34035542328997,47.871524810791016,10000,0.0,0.0,0.0
2020-10-16 00:00:00-04:00,47.975864524239675,48.04226024891446,47.68182373046875,47.68182373046875,13400,0.0,0.0,0.0
2020-10-19 00:00:00-04:00,47.82409576321898,47.82409576321898,47.05580139160156,47.05580139160156,6800,0.0,0.0,0.0
2020-10-20 00:00:00-04:00,47.48263453246446,47.48263453246446,46.885069417567394,46.98940658569336,13900,0.0,0.0,0.0
2020-10-21 00:00:00-04:00,46.913530406205496,47.27396696086389,46.913530406205496,47.046321868896484,6200,0.0,0.0,0.0
2020-10-22 00:00:00-04:00,46.91352726696334,47.04631872076853,46.78073581315816,47.00838088989258,19100,0.0,0.0,0.0
2020-10-23 00:00:00-04:00,47.23602237450806,47.57748818065105,47.23602237450806,47.55851745605469,24200,0.0,0.0,0.0
2020-10-26 00:00:00-04:00,47.20756925338702,47.36881498896312,46.61949124967444,46.91352844238281,10900,0.0,0.0,0.0
2020-10-27 00:00:00-04:00,46.856617304208974,47.0178630309022,46.55309295654297,46.55309295654297,6200,0.0,0.0,0.0
2020-10-28 00:00:00-04:00,45.81324800311212,45.9934680674359,45.50972366333008,45.50972366333008,20600,0.0,0.0,0.0
2020-10-29 00:00:00-04:00,45.4243617305567,45.661490370718965,45.111353807056375,45.452816009521484,28600,0.0,0.0,0.0
2020-10-30 00:00:00-04:00,45.13032313044803,45.37693531650535,44.722461592575875,45.007015228271484,17800,0.0,0.0,0.0
2020-11-02 00:00:00-05:00,45.42435021442147,45.76581594861293,45.32001306027464,45.75633239746094,140100,0.0,0.0,0.0
2020-11-03 00:00:00-05:00,46.07883307211657,46.742790283176696,46.07883307211657,46.46772384643555,16300,0.0,0.0,0.0
2020-11-04 00:00:00-05:00,46.524635314941406,47.03683401128026,46.524635314941406,46.524635314941406,12300,0.0,0.0,0.0
2020-11-05 00:00:00-05:00,47.23601845252239,47.549029954929495,47.11271056203212,47.283443450927734,10800,0.0,0.0,0.0
2020-11-06 00:00:00-05:00,47.44469498784116,47.64388216135876,47.32138709163215,47.40675354003906,13000,0.0,0.0,0.0
2020-11-09 00:00:00-05:00,48.412182671776414,48.92438138840071,46.95146942138672,46.95146942138672,23500,0.0,0.0,0.0
2020-11-10 00:00:00-05:00,46.76176679818662,47.78616425349995,46.72382534762779,47.71976852416992,14500,0.0,0.0,0.0
2020-11-11 00:00:00-05:00,47.86203963736254,48.12762615134319,47.700793913066775,47.99483108520508,11200,0.0,0.0,0.0
2020-11-12 00:00:00-05:00,47.73873123678653,47.75769834058656,47.19807470280879,47.463661193847656,5700,0.0,0.0,0.0
2020-11-13 00:00:00-05:00,47.82410209194774,48.26990509033203,47.74822280911613,48.26990509033203,32000,0.0,0.0,0.0
2020-11-16 00:00:00-05:00,48.563942663880155,49.076141357421875,48.554455492724394,49.076141357421875,31700,0.0,0.0,0.0
2020-11-17 00:00:00-05:00,48.4975457641583,48.791582933542465,48.336296423077314,48.60188293457031,7200,0.0,0.0,0.0
2020-11-18 00:00:00-05:00,48.72518563342665,48.81055207751976,47.871524810791016,47.871524810791016,12000,0.0,0.0,0.0
2020-11-19 00:00:00-05:00,47.93791825759515,48.108651137681186,47.74821465546675,48.03276824951172,9100,0.0,0.0,0.0
2020-11-20 00:00:00-05:00,48.00432123913193,48.00432123913193,47.71976760203113,47.786163330078125,27100,0.0,0.0,0.0
2020-11-23 00:00:00-05:00,47.8810140340049,48.45012493479462,47.8810140340049,48.288875579833984,55000,0.0,0.0,0.0
2020-11-24 00:00:00-05:00,48.412184155657584,48.848499986172186,48.412184155657584,48.80107498168945,8600,0.0,0.0,0.0
2020-11-25 00:00:00-05:00,48.66827865786967,48.78209938091207,48.554454316531725,48.60188293457031,20200,0.0,0.0,0.0
2020-11-27 00:00:00-05:00,48.60188110478738,48.753643269228824,48.58291038194527,48.73467254638672,4300,0.0,0.0,0.0
2020-11-30 00:00:00-05:00,48.50703555511251,48.696739196777344,48.45961054927031,48.696739196777344,10600,0.0,0.0,0.0
2020-12-01 00:00:00-05:00,49.11407248027611,49.142530371561605,48.810548174061815,49.00025177001953,33300,0.0,0.0,0.0
2020-12-02 00:00:00-05:00,48.75364488886738,48.92437778182283,48.525999825494935,48.611366271972656,9500,0.0,0.0,0.0
2020-12-03 00:00:00-05:00,48.544972190835395,49.18047516632232,48.544972190835395,49.04768371582031,27600,0.0,0.0,0.0
2020-12-04 00:00:00-05:00,49.09510609990249,49.52193832397461,49.09510609990249,49.52193832397461,11400,0.0,0.0,0.0
2020-12-07 00:00:00-05:00,49.42708864381345,49.44605936703784,49.16150575526294,49.218414306640625,10800,0.0,0.0,0.0
2020-12-08 00:00:00-05:00,49.20893676976086,49.45554896523428,49.20893676976086,49.33224105834961,8300,0.0,0.0,0.0
2020-12-09 00:00:00-05:00,49.32274741978829,49.55987601315266,49.09510237810861,49.23738098144531,7300,0.0,0.0,0.0
2020-12-10 00:00:00-05:00,49.00974466718699,49.227906196031135,48.971806835397246,49.1615104675293,13800,0.0,0.0,0.0
2020-12-11 00:00:00-05:00,49.05717225940556,49.05717225940556,48.81055645732074,48.95283508300781,3500,0.0,0.0,0.0
2020-12-14 00:00:00-05:00,49.32276058299068,49.32276058299068,48.55446243286133,48.55446243286133,27900,0.0,0.0,0.0
2020-12-15 00:00:00-05:00,48.71570184201017,48.839009731382895,48.63981895061298,48.72518539428711,8400,0.0,0.0,0.0
2020-12-16 00:00:00-05:00,48.85797775459868,48.91488992421667,48.478574145365144,48.658790588378906,11200,0.0,0.0,0.0
2020-12-17 00:00:00-05:00,48.763130538469525,49.028713441912245,48.763130538469525,49.019229888916016,11000,0.0,0.0,0.0
2020-12-18 00:00:00-05:00,49.01923301542218,49.06665802001953,48.76313364864136,49.06665802001953,13100,0.0,0.0,0.0
2020-12-21 00:00:00-05:00,48.364752360309396,48.45960235595703,48.19401947350733,48.45960235595703,34000,0.0,0.0,0.0
2020-12-22 00:00:00-05:00,48.38371724448617,48.57342084537139,48.241442257543675,48.34577941894531,12600,0.0,0.0,0.0
2020-12-23 00:00:00-05:00,48.4406363916609,49.02871438269508,48.4406363916609,48.9433479309082,21900,0.0,0.0,0.0
2020-12-24 00:00:00-05:00,48.745355437742134,48.945247650146484,48.745355437742134,48.945247650146484,4500,0.182,0.0,0.0
2020-12-28 00:00:00-05:00,49.22129138243973,49.22129138243973,48.82150695738148,49.00236129760742,29300,0.0,0.0,0.0
2020-12-29 00:00:00-05:00,49.02139289226453,49.211767959814196,48.73583210649124,48.85005569458008,14900,0.0,0.0,0.0
2020-12-30 00:00:00-05:00,48.92621426555617,49.078513615450156,48.754877043037574,48.840545654296875,7900,0.0,0.0,0.0
2020-12-31 00:00:00-05:00,48.82151189953901,49.13562774658203,48.64065390990212,49.13562774658203,11600,0.0,0.0,0.0
2021-01-04 00:00:00-05:00,49.13562402820323,49.31648200415355,48.459795884133506,48.96428680419922,54200,0.0,0.0,0.0
2021-01-05 00:00:00-05:00,49.145143310519174,49.46877987605954,48.86909960997828,49.28792190551758,22200,0.0,0.0,0.0
2021-01-06 00:00:00-05:00,49.14514593907156,50.47776438584665,49.14514593907156,50.24931716918945,25200,0.0,0.0,0.0
2021-01-07 00:00:00-05:00,50.449214027041485,50.449214027041485,49.94472304872415,49.9732780456543,19400,0.0,0.0,0.0
2021-01-08 00:00:00-05:00,49.97326921967412,49.97326921967412,49.41166471558034,49.782894134521484,64500,0.0,0.0,0.0
2021-01-11 00:00:00-05:00,49.640111333792355,49.70674206327912,49.38310553529947,49.43069839477539,16400,0.0,0.0,0.0
2021-01-12 00:00:00-05:00,49.66867082799541,49.66867082799541,49.230810671341,49.32599639892578,49400,0.0,0.0,0.0
2021-01-13 00:00:00-05:00,49.17369511475018,49.5734831432487,49.17369511475018,49.41166305541992,39700,0.0,0.0,0.0
2021-01-14 00:00:00-05:00,49.449753820623165,50.01135847646784,49.449753820623165,49.811466217041016,97900,0.0,0.0,0.0
2021-01-15 00:00:00-05:00,49.67818315480839,49.94470970231329,49.516366707307554,49.830482482910156,18500,0.0,0.0,0.0
2021-01-19 00:00:00-05:00,49.97328240725639,50.17317466542053,49.85905877846313,49.9827995300293,22400,0.0,0.0,0.0
2021-01-20 00:00:00-05:00,49.98278049580518,50.039894104003906,49.659143978217024,50.039894104003906,12700,0.0,0.0,0.0
2021-01-21 00:00:00-05:00,49.98279090503092,49.98279090503092,49.79241943359375,49.79241943359375,25600,0.0,0.0,0.0
2021-01-22 00:00:00-05:00,49.459251796174954,50.068449092552115,49.459251796174954,50.039894104003906,22400,0.0,0.0,0.0
2021-01-25 00:00:00-05:00,50.030383589857486,51.486746295721765,50.030383589857486,50.8299560546875,11400,0.0,0.0,0.0
2021-01-26 00:00:00-05:00,50.81092439710139,51.84846494108339,50.782365770187766,51.791351318359375,38200,0.0,0.0,0.0
2021-01-27 00:00:00-05:00,51.191669619534956,52.74322183322831,51.191669619534956,51.94364929199219,27500,0.0,0.0,0.0
2021-01-28 00:00:00-05:00,51.896054021211555,52.11498411234383,50.582469843314875,50.753807067871094,18700,0.0,0.0,0.0
2021-01-29 00:00:00-05:00,50.68717626296067,50.80139986881626,49.66867366891618,49.887603759765625,182600,0.0,0.0,0.0
2021-02-01 00:00:00-05:00,50.058942398488234,50.10653526634753,49.468782848606274,49.79241943359375,37800,0.0,0.0,0.0
2021-02-02 00:00:00-05:00,50.09701278192382,50.26834999275668,49.69722474627959,50.00182342529297,25100,0.0,0.0,0.0
2021-02-03 00:00:00-05:00,50.04942974326817,50.50632785147191,49.79242387657168,50.49680709838867,8200,0.0,0.0,0.0
2021-02-04 00:00:00-05:00,50.49679998601828,50.972735902250506,50.42065212759462,50.7918815612793,45800,0.0,0.0,0.0
2021-02-05 00:00:00-05:00,51.06793014219085,51.2392673788889,51.02985439379057,51.09648513793945,15000,0.0,0.0,0.0
2021-02-08 00:00:00-05:00,51.34396723974537,51.715200318298066,51.34396723974537,51.686641693115234,18500,0.0,0.0,0.0
2021-02-09 00:00:00-05:00,51.753272362789744,51.94364746230259,51.66760374956411,51.91509246826172,13400,0.0,0.0,0.0
2021-02-10 00:00:00-05:00,52.11498193477327,52.41006350497995,51.88653110120957,52.219688415527344,7300,0.0,0.0,0.0
2021-02-11 00:00:00-05:00,51.7152026517338,51.7152026517338,51.02033296154564,51.20119094848633,23800,0.0,0.0,0.0
2021-02-12 00:00:00-05:00,51.09647870335896,51.29637091063317,51.001292975448216,51.2868537902832,36800,0.0,0.0,0.0
2021-02-16 00:00:00-05:00,51.324930501882825,51.324930501882825,50.92514605151073,51.01081466674805,21600,0.0,0.0,0.0
2021-02-17 00:00:00-05:00,50.76333104579888,51.49626922607422,50.76333104579888,51.49626922607422,15100,0.0,0.0,0.0
2021-02-18 00:00:00-05:00,51.02984918189471,51.33444787578055,50.97273556512754,51.19166564941406,12000,0.0,0.0,0.0
2021-02-19 00:00:00-05:00,51.26781664714481,51.46770885726007,50.925142212031325,50.953697204589844,21900,0.0,0.0,0.0
2021-02-22 00:00:00-05:00,50.71573122569673,51.020329928527715,50.64910048639639,50.92514419555664,9300,0.0,0.0,0.0
2021-02-23 00:00:00-05:00,50.7157368891569,51.22023149732912,50.58247539567481,51.06793212890625,12200,0.0,0.0,0.0
2021-02-24 00:00:00-05:00,50.934665458972134,51.28686068803595,50.934665458972134,51.277339935302734,14100,0.0,0.0,0.0
2021-02-25 00:00:00-05:00,51.52482352796579,51.66760212478325,50.50632095336914,50.50632095336914,19900,0.0,0.0,0.0
2021-02-26 00:00:00-05:00,50.96321785459584,50.96321785459584,50.087493896484375,50.087493896484375,6300,0.0,0.0,0.0
2021-03-01 00:00:00-05:00,50.10653138372443,51.039365319675355,50.10653138372443,50.715728759765625,22900,0.0,0.0,0.0
2021-03-02 00:00:00-05:00,50.696694857355695,51.010814321467365,50.56343337480035,50.65862274169922,14000,0.0,0.0,0.0
2021-03-03 00:00:00-05:00,50.60151393008301,51.22974928690275,50.60151393008301,50.90611267089844,34300,0.0,0.0,0.0
2021-03-04 00:00:00-05:00,51.34396398290367,51.49626332684043,50.62054300697976,51.00129318237305,31400,0.0,0.0,0.0
2021-03-05 00:00:00-05:00,51.08695554792919,52.1149787902832,51.08695554792919,52.1149787902832,31100,0.0,0.0,0.0
2021-03-08 00:00:00-05:00,52.16257892468858,52.87648284326855,52.16257892468858,52.5147705078125,17100,0.0,0.0,0.0
2021-03-09 00:00:00-05:00,52.69563017785006,52.771778043429094,52.191139221191406,52.191139221191406,12800,0.0,0.0,0.0
2021-03-10 00:00:00-05:00,52.26728444156102,53.30482492917662,52.26728444156102,53.133487701416016,17600,0.0,0.0,0.0
2021-03-11 00:00:00-05:00,53.162044525146484,53.45712612335619,53.00022804397233,53.162044525146484,12500,0.0,0.0,0.0
2021-03-12 00:00:00-05:00,53.228669321548075,53.637974486101484,53.228669321548075,53.59038162231445,9300,0.0,0.0,0.0
2021-03-15 00:00:00-04:00,53.7807609417459,54.05680465698242,53.6855752066796,54.05680465698242,20800,0.0,0.0,0.0
2021-03-16 00:00:00-04:00,54.11390822341196,54.11390822341196,53.86642316294897,53.96160888671875,23500,0.0,0.0,0.0
2021-03-17 00:00:00-04:00,53.80931731474134,53.914023804658875,53.58087009228776,53.90450668334961,7400,0.0,0.0,0.0
2021-03-18 00:00:00-04:00,53.82835030843221,54.028242517732835,53.58086523469376,53.59990310668945,11900,0.0,0.0,0.0
2021-03-19 00:00:00-04:00,53.44760409842085,54.18054220380556,53.44760409842085,53.894981384277344,27200,0.0,0.0,0.0
2021-03-22 00:00:00-04:00,53.88546411550742,54.294769287109375,53.68557190549795,54.294769287109375,27400,0.0,0.0,0.0
2021-03-23 00:00:00-04:00,54.00920929023753,54.199580751560916,53.68557272244375,53.79027557373047,12400,0.0,0.0,0.0
2021-03-24 00:00:00-04:00,53.52375308589358,53.771241797518975,53.26674725356086,53.276268005371094,33200,0.0,0.0,0.0
2021-03-25 00:00:00-04:00,53.26480170023049,54.30621231872045,52.987728314428715,54.25844192504883,120200,0.208,0.0,0.0
2021-03-26 00:00:00-04:00,54.43042367832027,55.50049591064453,54.420867411845855,55.50049591064453,47400,0.0,0.0,0.0
2021-03-29 00:00:00-04:00,55.3762861048883,56.035529949124665,55.3762861048883,55.83488845825195,56300,0.0,0.0,0.0
2021-03-30 00:00:00-04:00,55.710687248066854,55.93043398555529,55.586481302652494,55.68202209472656,26800,0.0,0.0,0.0
2021-03-31 00:00:00-04:00,55.882658122389444,55.882658122389444,54.87946168051877,54.90812683105469,26900,0.0,0.0,0.0
2021-04-01 00:00:00-04:00,54.975010396151916,54.99411928311735,54.239334648896644,54.76481628417969,371800,0.0,0.0,0.0
2021-04-05 00:00:00-04:00,54.92723569909848,55.3380639804124,54.92723569909848,55.17564392089844,51900,0.0,0.0,0.0
2021-04-06 00:00:00-04:00,55.3762834308581,55.46227159575203,55.166092973620884,55.28074264526367,21400,0.0,0.0,0.0
2021-04-07 00:00:00-04:00,55.137435929304104,55.414509350773464,55.02278624080391,55.070556640625,32500,0.0,0.0,0.0
2021-04-08 00:00:00-04:00,54.95590526611506,55.09921646118164,54.783928916316945,55.09921646118164,14000,0.0,0.0,0.0
2021-04-09 00:00:00-04:00,55.29028807351986,55.29028807351986,54.60238648850156,55.003662109375,17600,0.0,0.0,0.0
2021-04-12 00:00:00-04:00,54.94634213162909,55.62469482421875,54.94634213162909,55.62469482421875,32600,0.0,0.0,0.0
2021-04-13 00:00:00-04:00,55.395396601465315,55.58648183208102,55.16609724044457,55.20431137084961,11000,0.0,0.0,0.0
2021-04-14 00:00:00-04:00,55.21386442527962,55.366731871950726,55.127876258736656,55.328514099121094,6800,0.0,0.0,0.0
2021-04-15 00:00:00-04:00,55.538706654276965,55.69157409667969,55.44316222487069,55.69157409667969,9100,0.0,0.0,0.0
2021-04-16 00:00:00-04:00,55.92087675846555,56.207506419056735,55.81577970220179,56.10240936279297,11600,0.0,0.0,0.0
2021-04-19 00:00:00-04:00,56.44636035047441,56.44636035047441,55.95909285777022,56.06418991088867,22500,0.0,0.0,0.0
2021-04-20 00:00:00-04:00,55.854000170621596,56.398590720579755,55.854000170621596,56.32215881347656,31100,0.0,0.0,0.0
2021-04-21 00:00:00-04:00,56.30304396051149,56.847634452772986,56.30304396051149,56.56100845336914,21900,0.0,0.0,0.0
2021-04-22 00:00:00-04:00,56.53234933077327,56.53234933077327,56.08330322019175,56.12152099609375,13800,0.0,0.0,0.0
2021-04-23 00:00:00-04:00,56.31260258630833,56.31260258630833,55.79667719022217,56.12152099609375,163300,0.0,0.0,0.0
2021-04-26 00:00:00-04:00,55.69157073354132,55.710679618268614,55.490932910875365,55.548255920410156,12200,0.0,0.0,0.0
2021-04-27 00:00:00-04:00,55.42404999200629,55.66290558412683,55.42404999200629,55.548255920410156,18800,0.0,0.0,0.0
2021-04-28 00:00:00-04:00,55.72979721767007,55.77756761463479,55.54826460669739,55.59603500366211,95000,0.0,0.0,0.0
2021-04-29 00:00:00-04:00,55.873103640231804,55.98775331209222,55.758453968371384,55.94953918457031,95900,0.0,0.0,0.0
2021-04-30 00:00:00-04:00,55.81578345599238,55.882666387369945,55.48138702234348,55.50049591064453,75500,0.0,0.0,0.0
2021-05-03 00:00:00-04:00,55.78711650899607,56.46546557665814,55.78711650899607,56.19794845581055,19000,0.0,0.0,0.0
2021-05-04 00:00:00-04:00,56.045082721313904,56.293490963312465,55.815779721690404,55.968650817871094,42300,0.0,0.0,0.0
2021-05-05 00:00:00-04:00,55.98775603095807,56.21705903046161,55.64380699867404,56.169288635253906,16100,0.0,0.0,0.0
2021-05-06 00:00:00-04:00,56.31260301775841,57.04827880859375,56.303050396033576,57.04827880859375,32200,0.0,0.0,0.0
2021-05-07 00:00:00-04:00,57.01960708646709,57.45910050005025,56.96228043244217,57.43043899536133,10700,0.0,0.0,0.0
2021-05-10 00:00:00-04:00,57.58330597059234,58.30942535923665,57.58330597059234,57.97502899169922,26700,0.0,0.0,0.0
2021-05-11 00:00:00-04:00,57.631088286611025,57.79351201634862,57.172485897086666,57.49732971191406,9700,0.0,0.0,0.0
2021-05-12 00:00:00-04:00,57.32535344472197,57.32535344472197,56.35082199880396,56.36037826538086,17400,0.0,0.0,0.0
2021-05-13 00:00:00-04:00,56.40813885652739,57.325343477451284,56.36992108616043,57.13425827026367,18000,0.0,0.0,0.0
2021-05-14 00:00:00-04:00,57.401788943967674,57.68841498198819,57.344462278504444,57.36357116699219,24400,0.0,0.0,0.0
2021-05-17 00:00:00-04:00,57.334899439011586,57.65019059594236,57.201140879579405,57.478214263916016,22900,0.0,0.0,0.0
2021-05-18 00:00:00-04:00,57.53554310095962,57.57375723035309,57.172481536865234,57.172481536865234,48900,0.0,0.0,0.0
2021-05-19 00:00:00-04:00,56.72343125268552,56.73298751842674,56.32215556309428,56.7138786315918,17900,0.0,0.0,0.0
2021-05-20 00:00:00-04:00,56.75210018173816,57.11515812181862,56.75210018173816,56.914520263671875,18300,0.0,0.0,0.0
2021-05-21 00:00:00-04:00,57.05782592941859,57.392222305904944,57.0100518945087,57.076934814453125,10400,0.0,0.0,0.0
2021-05-24 00:00:00-04:00,57.19158767576904,57.468661057281295,57.0482728523255,57.15336990356445,25300,0.0,0.0,0.0
2021-05-25 00:00:00-04:00,57.17247774894799,57.17247774894799,56.83808135986328,56.83808135986328,18800,0.0,0.0,0.0
2021-05-26 00:00:00-04:00,56.79987228197509,56.89541308072326,56.618339661846576,56.8189811706543,12400,0.0,0.0,0.0
2021-05-27 00:00:00-04:00,57.18203192402937,57.229805962037915,56.522791748491684,56.541900634765625,13000,0.0,0.0,0.0
2021-05-28 00:00:00-04:00,56.79987656660221,56.990961823160674,56.742549896240234,56.742549896240234,25400,0.0,0.0,0.0
2021-06-01 00:00:00-04:00,56.99095411380135,57.05783339785261,56.85719190105121,57.01005935668945,18900,0.0,0.0,0.0
2021-06-02 00:00:00-04:00,57.010056745988464,57.28713013559696,56.87629818401125,57.25846862792969,14300,0.0,0.0,0.0
2021-06-03 00:00:00-04:00,57.26802076806825,57.54509415535022,57.10560069978757,57.53554153442383,17200,0.0,0.0,0.0
2021-06-04 00:00:00-04:00,57.535538781942485,57.62152694475609,57.37311507678467,57.583309173583984,11400,0.0,0.0,0.0
2021-06-07 00:00:00-04:00,57.66929565203769,57.66929565203769,57.239354850527036,57.54508972167969,12200,0.0,0.0,0.0
2021-06-08 00:00:00-04:00,57.43043899536133,57.535536038750145,57.32534195197251,57.43043899536133,7700,0.0,0.0,0.0
2021-06-09 00:00:00-04:00,57.05782915735331,57.19158771551498,56.732985382683246,56.75209426879883,43600,0.0,0.0,0.0
2021-06-10 00:00:00-04:00,56.90496001845595,57.13425935571964,56.81897185582026,56.847633361816406,8300,0.0,0.0,0.0
2021-06-11 00:00:00-04:00,56.97185293304002,56.97185293304002,56.53235574956111,56.742549896240234,146800,0.0,0.0,0.0
2021-06-14 00:00:00-04:00,56.72342899262516,56.72342899262516,56.03552731721324,56.283935546875,15600,0.0,0.0,0.0
2021-06-15 00:00:00-04:00,56.34126223768681,56.34126223768681,55.88265990559779,55.94953918457031,12300,0.0,0.0,0.0
2021-06-16 00:00:00-04:00,55.91131914468004,55.91131914468004,55.34761978431247,55.38583755493164,17400,0.0,0.0,0.0
2021-06-17 00:00:00-04:00,55.31895643773036,55.33806167775693,54.66926893741398,54.94633865356445,24100,0.0,0.0,0.0
2021-06-18 00:00:00-04:00,54.7170447256506,54.7170447256506,54.12468382090758,54.1820068359375,24600,0.0,0.0,0.0
2021-06-21 00:00:00-04:00,54.344426410260205,54.9272346496582,54.344426410260205,54.9272346496582,10400,0.0,0.0,0.0
2021-06-22 00:00:00-04:00,54.927242266699785,55.08010972408119,54.74570965536409,54.99412155151367,12700,0.0,0.0,0.0
2021-06-23 00:00:00-04:00,54.994124235396875,54.994124235396875,54.545074462890625,54.545074462890625,22400,0.0,0.0,0.0
2021-06-24 00:00:00-04:00,54.65821806434886,54.80205694349753,54.44725535039071,54.629451751708984,6700,0.208,0.0,0.0
2021-06-25 00:00:00-04:00,54.629454235516214,55.02260971069336,54.629454235516214,55.02260971069336,10800,0.0,0.0,0.0
2021-06-28 00:00:00-04:00,55.06095812319604,55.14726071446646,54.80205400735921,55.09931564331055,8600,0.0,0.0,0.0
2021-06-29 00:00:00-04:00,55.18562306472992,55.28151687340935,54.677398681640625,54.677398681640625,17800,0.0,0.0,0.0
2021-06-30 00:00:00-04:00,54.68699461272783,54.84042107214834,54.52398059995775,54.6390495300293,7700,0.0,0.0,0.0
2021-07-01 00:00:00-04:00,54.65822522511839,54.90754183593444,54.60068893432617,54.60068893432617,282200,0.0,0.0,0.0
2021-07-02 00:00:00-04:00,54.66780561590394,54.79246573396781,54.54314915581471,54.629451751708984,33100,0.0,0.0,0.0
2021-07-06 00:00:00-04:00,54.629456551032725,54.629456551032725,53.87191188251701,54.11164093017578,23200,0.0,0.0,0.0
2021-07-07 00:00:00-04:00,54.06369161893139,54.34177451238008,54.03492164804211,54.17876052856445,21700,0.0,0.0,0.0
2021-07-08 00:00:00-04:00,53.977398315609335,54.073288480484045,53.75684801001725,53.81438064575195,21500,0.0,0.0,0.0
2021-07-09 00:00:00-04:00,54.25547399017566,54.428075520600494,54.140401425926335,54.35136413574219,18900,0.0,0.0,0.0
2021-07-12 00:00:00-04:00,54.17876402595318,54.24588786573672,53.99657126910856,54.14999771118164,17400,0.0,0.0,0.0
2021-07-13 00:00:00-04:00,53.91985347173962,54.06369235421823,53.52669800533612,53.53628921508789,16300,0.0,0.0,0.0
2021-07-14 00:00:00-04:00,53.670536887814734,53.72806951442639,53.44998661719567,53.53628921508789,14300,0.0,0.0,0.0
2021-07-15 00:00:00-04:00,53.29655735704088,53.91026306152344,53.29655735704088,53.91026306152344,20300,0.0,0.0,0.0
2021-07-16 00:00:00-04:00,54.188352388294454,54.188352388294454,53.90067826235377,53.919857025146484,5600,0.0,0.0,0.0
2021-07-19 00:00:00-04:00,53.62258266584898,53.86231167345662,53.34449979708463,53.804779052734375,26200,0.0,0.0,0.0
2021-07-20 00:00:00-04:00,54.01575489639965,54.504800581435035,54.01575489639965,54.140411376953125,12000,0.0,0.0,0.0
2021-07-21 00:00:00-04:00,54.360951130642135,54.360951130642135,53.90067185228022,53.91026306152344,39200,0.0,0.0,0.0
2021-07-22 00:00:00-04:00,53.71848377328423,53.71848377328423,53.315737083553984,53.48834228515625,9500,0.0,0.0,0.0
2021-07-23 00:00:00-04:00,53.49793790809269,53.92945094769239,53.33492024514384,53.83355712890625,30900,0.0,0.0,0.0
2021-07-26 00:00:00-04:00,54.07328229619222,54.1020486107696,53.977392142284344,54.02533721923828,40300,0.0,0.0,0.0
2021-07-27 00:00:00-04:00,53.93903831101098,54.207533686718186,53.881502019941514,54.12123107910156,11000,0.0,0.0,0.0
2021-07-28 00:00:00-04:00,54.130818583321876,54.130818583321876,53.83355325344763,54.02533721923828,28700,0.0,0.0,0.0
2021-07-29 00:00:00-04:00,54.32259744667444,54.48561142460115,54.19793733192342,54.22670364379883,40200,0.0,0.0,0.0
2021-07-30 00:00:00-04:00,54.245889426287576,54.41849463583218,53.881500244140625,53.881500244140625,13100,0.0,0.0,0.0
2021-08-02 00:00:00-04:00,54.17876335288812,54.17876335288812,53.708892822265625,53.708892822265625,34000,0.0,0.0,0.0
2021-08-03 00:00:00-04:00,53.79519340811017,54.102046276948414,53.44998667414821,53.9486198425293,28000,0.0,0.0,0.0
2021-08-04 00:00:00-04:00,53.7568440667536,53.7568440667536,52.75957033011897,52.79792785644531,21900,0.0,0.0,0.0
2021-08-05 00:00:00-04:00,52.93217554061246,52.98012061953287,52.76915788271303,52.79792785644531,22000,0.0,0.0,0.0
2021-08-06 00:00:00-04:00,53.36368635163836,53.58423663189688,53.11436609884184,53.3253288269043,9400,0.0,0.0,0.0
2021-08-09 00:00:00-04:00,53.73766610961825,54.0061614819798,53.728074898905284,53.967803955078125,16800,0.0,0.0,0.0
2021-08-10 00:00:00-04:00,54.130814048361536,54.70616223955717,54.130814048361536,54.66780471801758,9100,0.0,0.0,0.0
2021-08-11 00:00:00-04:00,54.74452399660666,54.90753798880024,54.57191879429882,54.888362884521484,9500,0.0,0.0,0.0
2021-08-12 00:00:00-04:00,54.69658562093614,54.95549345611716,54.69658562093614,54.92672348022461,9800,0.0,0.0,0.0
2021-08-13 00:00:00-04:00,55.4253470397817,55.828093683519725,55.4253470397817,55.77055740356445,51900,0.0,0.0,0.0
2021-08-16 00:00:00-04:00,55.703443084867054,55.962350901916814,55.617140479183796,55.914405822753906,264900,0.0,0.0,0.0
2021-08-17 00:00:00-04:00,55.78973714367602,56.144535064697266,55.78973714367602,56.144535064697266,36300,0.0,0.0,0.0
2021-08-18 00:00:00-04:00,55.91439998178644,55.991111368838595,55.26233673095703,55.26233673095703,18700,0.0,0.0,0.0
2021-08-19 00:00:00-04:00,55.04178302111323,55.48288352850676,54.90753170071244,55.09931564331055,42300,0.0,0.0,0.0
2021-08-20 00:00:00-04:00,55.21439324654982,55.3486409212374,55.07055436197039,55.0897331237793,16400,0.0,0.0,0.0
2021-08-23 00:00:00-04:00,55.04179795111805,55.23357828776183,55.04179795111805,55.07056427001953,9900,0.0,0.0,0.0
2021-08-24 00:00:00-04:00,55.06096406058408,55.06096406058408,54.73493607837751,54.763702392578125,10500,0.0,0.0,0.0
2021-08-25 00:00:00-04:00,54.67740501570059,54.98425792307236,54.67740501570059,54.87877655029297,14200,0.0,0.0,0.0
2021-08-26 00:00:00-04:00,54.706170060967374,54.706170060967374,54.332193317424824,54.3801383972168,12400,0.0,0.0,0.0
2021-08-27 00:00:00-04:00,54.47602864100552,54.96507427556115,54.40890480210523,54.888362884521484,10600,0.0,0.0,0.0
2021-08-30 00:00:00-04:00,54.90753794010308,55.032198065653716,54.7924690246582,54.7924690246582,15200,0.0,0.0,0.0
2021-08-31 00:00:00-04:00,54.878775259694116,55.08973800029164,54.84041773268091,55.08014678955078,13200,0.0,0.0,0.0
2021-09-01 00:00:00-04:00,55.20480771265347,55.214398923531455,54.94589988857523,55.1376838684082,18800,0.0,0.0,0.0
2021-09-02 00:00:00-04:00,55.454127719236446,55.693856778390035,55.454127719236446,55.61714172363281,10600,0.0,0.0,0.0
2021-09-03 00:00:00-04:00,55.454127362532695,55.57878383874862,55.367824755473535,55.49248123168945,11700,0.0,0.0,0.0
2021-09-07 00:00:00-04:00,55.358231943324114,55.358231943324114,54.9650764465332,54.9650764465332,6500,0.0,0.0,0.0
2021-09-08 00:00:00-04:00,55.051386382006925,55.60755960946779,55.00344129708197,55.444541931152344,193100,0.0,0.0,0.0
2021-09-09 00:00:00-04:00,55.35823348860379,55.35823348860379,54.984256744384766,54.984256744384766,20000,0.0,0.0,0.0
2021-09-10 00:00:00-04:00,54.90754183593444,54.90754183593444,54.38972985070494,54.60068893432617,15300,0.0,0.0,0.0
2021-09-13 00:00:00-04:00,54.696579176183334,55.36782122630546,54.696579176183334,55.10891342163086,49500,0.0,0.0,0.0
2021-09-14 00:00:00-04:00,55.12809753561305,55.12809753561305,54.245892672046274,54.33219528198242,25100,0.0,0.0,0.0
2021-09-15 00:00:00-04:00,54.63904670341627,54.88836697331122,54.581510412369326,54.82123947143555,9900,0.0,0.0,0.0
2021-09-16 00:00:00-04:00,54.571921444098855,54.86918678650193,54.380137470225094,54.70616912841797,9600,0.0,0.0,0.0
2021-09-17 00:00:00-04:00,54.53356238736797,54.84041527376484,54.53356238736797,54.686988830566406,10900,0.0,0.0,0.0
2021-09-20 00:00:00-04:00,54.00615723953782,54.341776428625266,53.69930436437935,54.0349235534668,30300,0.0,0.0,0.0
2021-09-21 00:00:00-04:00,54.255481431121005,54.35137158983853,53.852734716962246,53.93903732299805,19300,0.0,0.0,0.0
2021-09-22 00:00:00-04:00,54.236302985414774,54.495210805038454,53.967803955078125,53.967803955078125,40000,0.0,0.0,0.0
2021-09-23 00:00:00-04:00,54.13818830667326,54.64837985822983,54.13818830667326,54.36921691894531,12000,0.217,0.0,0.0
2021-09-24 00:00:00-04:00,54.33070834770748,54.53286296401845,54.272953033447266,54.272953033447266,8900,0.0,0.0,0.0
2021-09-27 00:00:00-04:00,54.706141213402134,54.75427187036266,54.446231259254795,54.48473358154297,10200,0.0,0.0,0.0
2021-09-28 00:00:00-04:00,54.47510634333104,54.7253879509723,54.19594340517203,54.38846969604492,13200,0.0,0.0,0.0
2021-09-29 00:00:00-04:00,54.51361888298054,55.35110412590541,54.51361888298054,55.09119415283203,17400,0.0,0.0,0.0
2021-09-30 00:00:00-04:00,55.23558962533635,55.23558962533635,54.18632507324219,54.18632507324219,16300,0.0,0.0,0.0
2021-10-01 00:00:00-04:00,54.34033969907974,54.59062130975033,53.82051980907126,54.330711364746094,205800,0.0,0.0,0.0
2021-10-04 00:00:00-04:00,54.31145557084033,54.65800214633005,54.07079863476507,54.253700256347656,26400,0.0,0.0,0.0
2021-10-05 00:00:00-04:00,54.46548022450738,54.64837817627135,54.1574359640696,54.50398254394531,33400,0.0,0.0,0.0
2021-10-06 00:00:00-04:00,54.244075967885394,54.5424919128418,53.86865170715122,54.5424919128418,36300,0.0,0.0,0.0
2021-10-07 00:00:00-04:00,54.74464394478384,55.14894954496778,54.725390947429005,54.76389694213867,28400,0.0,0.0,0.0
2021-10-08 00:00:00-04:00,54.744642250179425,54.956421542393244,54.580997285929584,54.59062194824219,19300,0.0,0.0,0.0
2021-10-11 00:00:00-04:00,54.98529576103631,54.98529576103631,54.56174087524414,54.56174087524414,6800,0.0,0.0,0.0
2021-10-12 00:00:00-04:00,54.658001126368454,54.898658057952865,54.494356175515065,54.64837646484375,19200,0.0,0.0,0.0
2021-10-13 00:00:00-04:00,54.57136833181854,54.76389462508734,54.118935765590514,54.63875198364258,19100,0.0,0.0,0.0
2021-10-14 00:00:00-04:00,54.81202300679423,55.52436916070092,54.81202300679423,55.447357177734375,8400,0.0,0.0,0.0
2021-10-15 00:00:00-04:00,55.58213170110591,55.72652367019848,55.14894844956079,55.1682014465332,14100,0.0,0.0,0.0
2021-10-18 00:00:00-04:00,54.88903702755004,55.331844929646806,54.7157637315759,54.97567367553711,24800,0.0,0.0,0.0
2021-10-19 00:00:00-04:00,54.985293726403604,55.05267737228319,54.600244845967886,55.033424377441406,23500,0.0,0.0,0.0
2021-10-20 00:00:00-04:00,55.09118929023705,55.7072705029363,55.09118929023705,55.48586654663086,24500,0.0,0.0,0.0
2021-10-21 00:00:00-04:00,55.42810869138228,55.49549234142912,55.197076411126304,55.379974365234375,16500,0.0,0.0,0.0
2021-10-22 00:00:00-04:00,55.41847973084469,55.77465097308518,55.41847973084469,55.74577331542969,7200,0.0,0.0,0.0
2021-10-25 00:00:00-04:00,55.84204333580407,55.89980233226108,55.55325569778711,55.65914535522461,10000,0.0,0.0,0.0
2021-10-26 00:00:00-04:00,55.71689540776643,55.72652006956392,55.45698547363281,55.45698547363281,11400,0.0,0.0,0.0
2021-10-27 00:00:00-04:00,55.77465368401275,55.77465368401275,54.898662528594976,54.90829086303711,12400,0.0,0.0,0.0
2021-10-28 00:00:00-04:00,54.94679397698568,55.4954915031552,54.94679397698568,55.447357177734375,13800,0.0,0.0,0.0
2021-10-29 00:00:00-04:00,55.40885587622381,55.66876581531015,55.3703498840332,55.3703498840332,50100,0.0,0.0,0.0
2021-11-01 00:00:00-04:00,55.52437211573324,55.89979637234175,55.52437211573324,55.83241271972656,42300,0.0,0.0,0.0
2021-11-02 00:00:00-04:00,55.919052565557884,55.919052565557884,55.54362828748935,55.88054656982422,18600,0.0,0.0,0.0
2021-11-03 00:00:00-04:00,55.74577816751282,56.92018530950231,55.74577816751282,56.90093231201172,16600,0.0,0.0,0.0
2021-11-04 00:00:00-04:00,56.766163350610135,57.035697963371135,56.59289005036844,56.7180290222168,14100,0.0,0.0,0.0
2021-11-05 00:00:00-04:00,57.237844448987055,57.24747278276661,56.93943220022218,57.083824157714844,8600,0.0,0.0,0.0
2021-11-08 00:00:00-05:00,57.25710273037745,57.25710273037745,56.52550719732703,56.660274505615234,12700,0.0,0.0,0.0
2021-11-09 00:00:00-05:00,56.708398802510395,56.91054974227076,56.60250916583592,56.872047424316406,13600,0.0,0.0,0.0
2021-11-10 00:00:00-05:00,57.01645190061671,57.31486788113294,57.01645190061671,57.09346389770508,10800,0.0,0.0,0.0
2021-11-11 00:00:00-05:00,57.208975678398524,57.3533713304541,57.045327027926604,57.29561233520508,4900,0.0,0.0,0.0
2021-11-12 00:00:00-05:00,57.39186242107442,57.83467395370491,57.39186242107442,57.594017028808594,8000,0.0,0.0,0.0
2021-11-15 00:00:00-05:00,57.65177495807749,58.08495817698453,57.61326896703388,57.998321533203125,23900,0.0,0.0,0.0
2021-11-16 00:00:00-05:00,58.20046732003545,58.229348646825294,57.76728413951875,57.796165466308594,9000,0.0,0.0,0.0
2021-11-17 00:00:00-05:00,57.76729499070609,57.80580098557024,57.44962971341135,57.52663803100586,19800,0.0,0.0,0.0
2021-11-18 00:00:00-05:00,57.391866413224506,57.391866413224506,57.00681750988655,57.266727447509766,23900,0.0,0.0,0.0
2021-11-19 00:00:00-05:00,57.141587610422576,57.26673025440462,56.70840435981834,56.7180290222168,12700,0.0,0.0,0.0
2021-11-22 00:00:00-05:00,56.746909508793394,57.63252532161314,56.746909508793394,57.4111213684082,14800,0.0,0.0,0.0
2021-11-23 00:00:00-05:00,57.43999795346486,57.93094017837324,57.43999795346486,57.815425872802734,12700,0.0,0.0,0.0
2021-11-24 00:00:00-05:00,57.63252039850452,57.71915703993475,57.35336115134783,57.507381439208984,8400,0.0,0.0,0.0
2021-11-26 00:00:00-05:00,56.88167699933709,57.15121160896724,56.66989770769417,56.775787353515625,6900,0.0,0.0,0.0
2021-11-29 00:00:00-05:00,56.83354972026294,57.09345968304835,56.612145753179185,56.81429672241211,6300,0.0,0.0,0.0
2021-11-30 00:00:00-05:00,56.294474267867464,56.30410260242727,55.13932015364886,55.158573150634766,12200,0.0,0.0,0.0
2021-12-01 00:00:00-05:00,55.64951447410131,56.121200039995784,54.619503021240234,54.619503021240234,26700,0.0,0.0,0.0
2021-12-02 00:00:00-05:00,54.88903351566083,55.92866955285448,54.88903351566083,55.5724983215332,13400,0.0,0.0,0.0
2021-12-03 00:00:00-05:00,55.83240872460286,56.053812663372,55.63988244284996,55.84203338623047,5400,0.0,0.0,0.0
2021-12-06 00:00:00-05:00,56.46774613405939,57.18009231590624,56.46774613405939,56.823917388916016,12400,0.0,0.0,0.0
2021-12-07 00:00:00-05:00,56.93943107090319,57.26672464238188,56.79503544414103,56.872047424316406,9800,0.0,0.0,0.0
2021-12-08 00:00:00-05:00,56.84317269173347,56.93943767812323,56.400364770741874,56.641021728515625,15900,0.0,0.0,0.0
2021-12-09 00:00:00-05:00,56.55438529674804,56.76616459549527,56.438870984764904,56.621768951416016,8500,0.0,0.0,0.0
2021-12-10 00:00:00-05:00,56.97793745092129,57.17046374295196,56.87205147883134,57.16083908081055,19800,0.0,0.0,0.0
2021-12-13 00:00:00-05:00,57.06456885633011,57.78653963101904,57.006813544520284,57.594017028808594,18700,0.0,0.0,0.0
2021-12-14 00:00:00-05:00,57.44962542849851,57.95019230799599,57.44962542849851,57.57476806640625,9500,0.0,0.0,0.0
2021-12-15 00:00:00-05:00,57.66141021862149,58.123471150250715,57.55552056659803,58.056087493896484,12000,0.0,0.0,0.0
2021-12-16 00:00:00-05:00,58.13309457600351,58.90319611233078,58.13309457600351,58.768428802490234,109700,0.0,0.0,0.0
2021-12-17 00:00:00-05:00,58.479643313516014,58.86469593175899,58.229361682151826,58.28711700439453,44900,0.0,0.0,0.0
2021-12-20 00:00:00-05:00,57.83467745184992,57.92131042480469,57.353363572944914,57.92131042480469,164300,0.0,0.0,0.0
2021-12-21 00:00:00-05:00,58.04644920106326,58.16196349612066,57.79616761641668,57.93093490600586,27600,0.0,0.0,0.0
2021-12-22 00:00:00-05:00,57.97907151217427,58.094585819097894,57.73841456400546,58.06570816040039,18000,0.0,0.0,0.0
2021-12-23 00:00:00-05:00,58.30724467616762,58.35555520221756,58.22029088908368,58.25893783569336,22400,0.22,0.0,0.0
2021-12-27 00:00:00-05:00,58.17198399594761,58.799983978271484,58.17198399594761,58.799983978271484,15600,0.0,0.0,0.0
2021-12-28 00:00:00-05:00,58.819304805254376,59.29271697998047,58.819304805254376,59.29271697998047,63900,0.0,0.0,0.0
2021-12-29 00:00:00-05:00,59.30237990200566,59.64053145163529,59.30237990200566,59.514930725097656,11000,0.0,0.0,0.0
2021-12-30 00:00:00-05:00,59.7661328035515,59.775792696966796,59.43764114379883,59.43764114379883,24700,0.0,0.0,0.0
2021-12-31 00:00:00-05:00,59.321706017269136,59.94970230678655,59.321706017269136,59.8144416809082,63500,0.0,0.0,0.0
2022-01-03 00:00:00-05:00,59.75647167335296,60.02699661254883,59.38933673931858,60.02699661254883,362700,0.0,0.0,0.0
2022-01-04 00:00:00-05:00,60.239545414014096,60.72262117093666,60.239545414014096,60.442440032958984,59700,0.0,0.0,0.0
2022-01-05 00:00:00-05:00,60.519732271710204,61.099425410846806,60.423118591308594,60.423118591308594,37400,0.0,0.0,0.0
2022-01-06 00:00:00-05:00,60.40379913050039,60.964165148088796,60.39413555047292,60.52939987182617,23800,0.0,0.0,0.0
2022-01-07 00:00:00-05:00,60.53906062462701,61.196044023925595,60.53906062462701,61.06078338623047,46000,0.0,0.0,0.0
2022-01-10 00:00:00-05:00,60.993150836106665,61.254012207365456,60.712965990801756,60.97382736206055,26700,0.0,0.0,0.0
2022-01-11 00:00:00-05:00,60.99314390935213,61.002803802490234,60.36514397368835,61.002803802490234,126400,0.0,0.0,0.0
2022-01-12 00:00:00-05:00,61.01247098933337,61.0994247750202,60.722622579993526,60.89653015136719,26300,0.0,0.0,0.0
2022-01-13 00:00:00-05:00,60.983488752354155,61.65013572378398,60.983488752354155,61.427921295166016,83700,0.0,0.0,0.0
2022-01-14 00:00:00-05:00,61.35062514469284,61.746747143873336,61.167057671854586,61.73708724975586,173100,0.0,0.0,0.0
2022-01-18 00:00:00-05:00,61.33130128472701,61.34096486435942,60.70330497492332,61.12841033935547,27100,0.0,0.0,0.0
2022-01-19 00:00:00-05:00,61.19603499773082,61.3312956154755,60.819236509563396,60.85788345336914,17900,0.0,0.0,0.0
2022-01-20 00:00:00-05:00,60.90619437239016,61.0801019455962,60.02699661254883,60.02699661254883,36800,0.0,0.0,0.0
2022-01-21 00:00:00-05:00,60.00767501510989,60.403797014111284,59.756473541259766,59.756473541259766,61000,0.0,0.0,0.0
2022-01-24 00:00:00-05:00,59.64053456194845,59.95936634157704,58.635736068397065,59.88207244873047,94200,0.0,0.0,0.0
2022-01-25 00:00:00-05:00,59.28305820576864,59.476289248020905,58.40386046481765,59.13813400268555,35000,0.0,0.0,0.0
2022-01-26 00:00:00-05:00,59.45697189333992,59.71783327438668,58.432849843924025,58.82897186279297,25800,0.0,0.0,0.0
2022-01-27 00:00:00-05:00,59.34102381823765,60.10428439365786,59.022195737279844,59.29271697998047,31800,0.0,0.0,0.0
2022-01-28 00:00:00-05:00,58.915920454058465,59.8144416809082,58.606752256172065,59.8144416809082,29200,0.0,0.0,0.0
2022-01-31 00:00:00-05:00,59.57289929431072,59.81443716100604,59.2733910128014,59.78545379638672,62700,0.0,0.0,0.0
2022-02-01 00:00:00-05:00,59.659857087623024,59.93037833713817,59.27339500067943,59.8917350769043,49400,0.0,0.0,0.0
2022-02-02 00:00:00-05:00,59.84342701641139,60.4810869062264,59.84342701641139,60.33616638183594,81300,0.0,0.0,0.0
2022-02-03 00:00:00-05:00,60.04631900523832,60.50040771770457,60.03665542602539,60.03665542602539,19000,0.0,0.0,0.0
2022-02-04 00:00:00-05:00,59.74680911929781,59.80477953631056,58.95456518133438,59.331363677978516,16600,0.0,0.0,0.0
2022-02-07 00:00:00-05:00,59.68884293046871,60.142935348629756,59.35069135454607,59.94004440307617,51000,0.0,0.0,0.0
2022-02-08 00:00:00-05:00,60.08495892863991,60.568034666342484,59.95936189045152,60.500404357910156,35900,0.0,0.0,0.0
2022-02-09 00:00:00-05:00,60.867546290012264,60.92551670852425,60.52939472929799,60.577701568603516,40000,0.0,0.0,0.0
2022-02-10 00:00:00-05:00,60.18157439058149,60.68397358422542,59.83375928070682,59.97868347167969,53400,0.0,0.0,0.0
2022-02-11 00:00:00-05:00,60.21056299537338,60.68397886625976,60.13327278954892,60.432777404785156,29600,0.0,0.0,0.0
2022-02-14 00:00:00-05:00,60.73228679918412,60.73228679918412,59.40866021251655,60.02699661254883,28700,0.0,0.0,0.0
2022-02-15 00:00:00-05:00,60.345823867251745,60.68397911515053,60.14293292985784,60.39413070678711,67400,0.0,0.0,0.0
2022-02-16 00:00:00-05:00,60.452095006045525,60.76126317046569,60.249204089190144,60.59701919555664,27700,0.0,0.0,0.0
2022-02-17 00:00:00-05:00,60.38446494367479,60.780586886282286,60.13326719116221,60.558372497558594,54600,0.0,0.0,0.0
2022-02-18 00:00:00-05:00,60.38447168735208,60.60668610089245,59.901395913853264,60.278194427490234,19700,0.0,0.0,0.0
2022-02-22 00:00:00-05:00,60.22988122571402,60.22988122571402,59.64052825460142,59.97868347167969,16700,0.0,0.0,0.0
2022-02-23 00:00:00-05:00,60.17191901406316,60.34582659270531,59.72749017334466,59.756473541259766,16700,0.0,0.0,0.0
2022-02-24 00:00:00-05:00,59.041515997578614,59.041515997578614,57.630935757987835,58.81930160522461,97000,0.0,0.0,0.0
2022-02-25 00:00:00-05:00,59.08982865932014,60.78059387207031,59.08982865932014,60.78059387207031,98100,0.0,0.0,0.0
2022-02-28 00:00:00-05:00,60.12360917133132,60.30717663492397,59.68884024642702,60.18157958984375,30500,0.0,0.0,0.0
2022-03-01 00:00:00-05:00,60.48108332476723,60.48108332476723,59.514931810406246,59.90139389038086,163200,0.0,0.0,0.0
2022-03-02 00:00:00-05:00,60.084964644759715,60.973826003192556,60.06564117114424,60.77093505859375,44500,0.0,0.0,0.0
2022-03-03 00:00:00-05:00,61.21535878419498,61.7950482019582,61.13806489618632,61.466556549072266,59800,0.0,0.0,0.0
2022-03-04 00:00:00-05:00,60.90618923553186,61.369941496442976,60.59702106159112,61.26366424560547,29600,0.0,0.0,0.0
2022-03-07 00:00:00-05:00,61.292653913420516,61.6694561193875,60.229888666902845,60.26853561401367,135400,0.0,0.0,0.0
2022-03-08 00:00:00-05:00,60.30717204470685,60.45209623716939,58.78065466249122,58.81930160522461,114500,0.0,0.0,0.0
2022-03-09 00:00:00-05:00,59.688845871980114,59.804786719932174,59.28306396087571,59.40866470336914,78800,0.0,0.0,0.0
2022-03-10 00:00:00-05:00,58.96422511050631,59.37001065869087,58.59709019259588,59.186439514160156,72800,0.0,0.0,0.0
2022-03-11 00:00:00-05:00,59.65986471573818,59.65986471573818,58.69371306042258,58.703372955322266,17500,0.0,0.0,0.0
2022-03-14 00:00:00-04:00,58.954573503692814,59.437649323599594,58.60675832366776,58.9642333984375,35900,0.0,0.0,0.0
2022-03-15 00:00:00-04:00,59.25407281911312,59.650194783715456,58.99321147380297,59.5535774230957,15900,0.0,0.0,0.0
2022-03-16 00:00:00-04:00,59.68883825441716,59.833762453073874,58.9932116833612,59.659854888916016,71600,0.0,0.0,0.0
2022-03-17 00:00:00-04:00,59.785460326722266,60.33616642809491,59.65019969629049,60.19124221801758,73300,0.0,0.0,0.0
2022-03-18 00:00:00-04:00,60.123605605457016,60.14292907714844,59.62120639820616,60.14292907714844,27300,0.0,0.0,0.0
2022-03-21 00:00:00-04:00,60.38447660574762,60.915859262763014,60.29752281201231,60.519737243652344,20300,0.0,0.0,0.0
2022-03-22 00:00:00-04:00,60.722623905475345,60.94484200697341,60.432779175384255,60.84822463989258,26400,0.0,0.0,0.0
2022-03-23 00:00:00-04:00,60.954500074992445,61.128407644952816,60.51973115009153,60.577701568603516,37000,0.0,0.0,0.0
2022-03-24 00:00:00-04:00,60.92552274853534,61.06078338623047,60.635674312816114,61.06078338623047,33400,0.0,0.0,0.0
2022-03-25 00:00:00-04:00,61.23523487183905,61.787689208984375,61.23523487183905,61.787689208984375,65600,0.2,0.0,0.0
2022-03-28 00:00:00-04:00,61.89430126598769,61.89430126598769,61.30307732003277,61.65199661254883,19800,0.0,0.0,0.0
2022-03-29 00:00:00-04:00,61.903996134950944,61.903996134950944,61.264311953229885,61.836151123046875,273300,0.0,0.0,0.0
2022-03-30 00:00:00-04:00,61.807070208023546,61.9136848449707,61.487226297182076,61.9136848449707,255000,0.0,0.0,0.0
2022-03-31 00:00:00-04:00,61.787688962809455,62.1366082685165,61.66168950302064,61.75861358642578,139400,0.0,0.0,0.0
2022-04-01 00:00:00-04:00,62.02029874774918,62.51459859823635,61.71983965602531,62.48552322387695,340000,0.0,0.0,0.0
2022-04-04 00:00:00-04:00,62.504913602923686,62.504913602923686,61.574464512808895,62.25292205810547,43900,0.0,0.0,0.0
2022-04-05 00:00:00-04:00,62.16568533805423,62.79567895688118,62.08814606921825,62.18507385253906,155400,0.0,0.0,0.0
2022-04-06 00:00:00-04:00,61.98152911708633,62.72782786960655,61.98152911708633,62.48552322387695,205100,0.0,0.0,0.0
2022-04-07 00:00:00-04:00,62.45645225552159,63.1155212341823,62.36921873173853,62.950748443603516,37400,0.0,0.0,0.0
2022-04-08 00:00:00-04:00,63.348131231652516,63.83274055417461,63.15429046046425,63.551666259765625,71400,0.0,0.0,0.0
2022-04-11 00:00:00-04:00,63.7358177050227,64.1913516337141,63.54196954677574,63.571044921875,93400,0.0,0.0,0.0
2022-04-12 00:00:00-04:00,63.63889645944122,64.13319261852209,63.48381793494845,63.60981369018555,75700,0.0,0.0,0.0
2022-04-13 00:00:00-04:00,63.706742807488745,64.18165785828938,63.571045398423074,64.13319396972656,117700,0.0,0.0,0.0
2022-04-14 00:00:00-04:00,64.22043778651238,64.74381680978773,64.22043778651238,64.3948974609375,58000,0.0,0.0,0.0
2022-04-18 00:00:00-04:00,64.33673416906899,64.59842735708636,63.939358350169115,64.1235122680664,60300,0.0,0.0,0.0
2022-04-19 00:00:00-04:00,64.0750470739142,65.10241650120315,64.0750470739142,65.04426574707031,164500,0.0,0.0,0.0
2022-04-20 00:00:00-04:00,65.22842715980676,65.98441662864788,65.22842715980676,65.82933807373047,532700,0.0,0.0,0.0
2022-04-21 00:00:00-04:00,66.13947815490317,66.43024670574269,65.52887307160188,65.62579345703125,234200,0.0,0.0,0.0
2022-04-22 00:00:00-04:00,65.61610354843677,65.61610354843677,64.21073938020032,64.23981475830078,133200,0.0,0.0,0.0
2022-04-25 00:00:00-04:00,64.00720703165013,64.41427713128539,62.97014326664473,64.24951171875,233100,0.0,0.0,0.0
2022-04-26 00:00:00-04:00,64.30765964815416,64.4627381904604,63.15429441659704,63.173675537109375,133400,0.0,0.0,0.0
2022-04-27 00:00:00-04:00,63.4062794002507,64.30765299919229,63.05736011068937,63.667972564697266,378100,0.0,0.0,0.0
2022-04-28 00:00:00-04:00,63.968429061832296,64.45303837290678,63.512895126294076,64.44334411621094,206600,0.0,0.0,0.0
2022-04-29 00:00:00-04:00,64.28827454038193,64.36581380672595,62.68906229615599,62.7666015625,287500,0.0,0.0,0.0
2022-05-02 00:00:00-04:00,63.028289354172905,63.1252097429195,61.487231510536695,62.46614074707031,434000,0.0,0.0,0.0
2022-05-03 00:00:00-04:00,62.553369220927515,63.19304965063179,62.27229494007753,62.60182571411133,245900,0.0,0.0,0.0
2022-05-04 00:00:00-04:00,62.57275552143172,63.784278869628906,62.369220486280796,63.784278869628906,434300,0.0,0.0,0.0
2022-05-05 00:00:00-04:00,63.45474480307533,63.45474480307533,62.194757627965494,62.524295806884766,210000,0.0,0.0,0.0
2022-05-06 00:00:00-04:00,62.24323366107072,63.21245247885244,62.24323366107072,63.01860427856445,234500,0.0,0.0,0.0
2022-05-09 00:00:00-04:00,62.70844944879124,63.22214159183026,62.37891862695142,62.74721908569336,132200,0.0,0.0,0.0
2022-05-10 00:00:00-04:00,63.28997941089135,63.3868997948495,62.097837244007344,62.524295806884766,424600,0.0,0.0,0.0
2022-05-11 00:00:00-04:00,62.582440143800035,63.483813671869676,62.243215137440615,62.38859939575195,234000,0.0,0.0,0.0
2022-05-12 00:00:00-04:00,62.369215808164356,62.61152045962929,61.758610748511124,62.378910064697266,390900,0.0,0.0,0.0
2022-05-13 00:00:00-04:00,62.83444947597973,63.367515318991195,62.601831666196624,63.33843994140625,283300,0.0,0.0,0.0
2022-05-16 00:00:00-04:00,63.27058780335781,63.90058136010526,63.19304854216254,63.648582458496094,174000,0.0,0.0,0.0
2022-05-17 00:00:00-04:00,63.929658701386344,64.10411834716797,63.06705472906366,64.10411834716797,166800,0.0,0.0,0.0
2022-05-18 00:00:00-04:00,63.648587991958266,63.648587991958266,60.23694154282592,60.430782318115234,210500,0.0,0.0,0.0
2022-05-19 00:00:00-04:00,60.10124663329969,60.256321468824495,58.93818721550147,59.78140640258789,135000,0.0,0.0,0.0
2022-05-20 00:00:00-04:00,60.19817008679669,60.19817008679669,58.850956774023764,59.975250244140625,88700,0.0,0.0,0.0
2022-05-23 00:00:00-04:00,60.48893807184572,61.18677670919946,60.353248047310466,60.95416259765625,91200,0.0,0.0,0.0
2022-05-24 00:00:00-04:00,60.74093081193822,61.64230444912073,60.50832040721251,61.603538513183594,163300,0.0,0.0,0.0
2022-05-25 00:00:00-04:00,61.593844963786424,62.20445375343815,61.50661513669332,62.068763732910156,179600,0.0,0.0,0.0
2022-05-26 00:00:00-04:00,62.427377748502025,62.99921321134331,62.427377748502025,62.63091278076172,178700,0.0,0.0,0.0
2022-05-27 00:00:00-04:00,62.65029411136572,63.19305419921875,62.51460408940246,63.19305419921875,177800,0.0,0.0,0.0
2022-05-31 00:00:00-04:00,62.979827765759445,63.241513533675636,62.42737346055766,62.853824615478516,584800,0.0,0.0,0.0
2022-06-01 00:00:00-04:00,63.144597284731915,63.144597284731915,61.46784574649268,62.09783935546875,1248500,0.0,0.0,0.0
2022-06-02 00:00:00-04:00,62.1559850605182,62.48552322387695,61.03169534949936,62.48552322387695,531100,0.0,0.0,0.0
2022-06-03 00:00:00-04:00,62.233524073856415,62.378908339625035,61.78768441483664,61.952449798583984,69700,0.0,0.0,0.0
2022-06-06 00:00:00-04:00,62.359524893519485,62.495222308599004,61.845843885289064,62.068763732910156,198100,0.0,0.0,0.0
2022-06-07 00:00:00-04:00,61.47754081253375,62.621219144099626,61.47754081253375,62.56306838989258,161900,0.0,0.0,0.0
2022-06-08 00:00:00-04:00,62.340141802434054,62.437062186238684,61.78768748074125,61.86522674560547,123500,0.0,0.0,0.0
2022-06-09 00:00:00-04:00,61.77800347812327,61.91369350876156,60.71186065673828,60.71186065673828,49100,0.0,0.0,0.0
2022-06-10 00:00:00-04:00,60.12063338791011,60.644012361156044,59.76202351243826,60.236942291259766,154000,0.0,0.0,0.0
2022-06-13 00:00:00-04:00,59.29680310585836,59.558492610641665,58.50204403086139,58.69588851928711,195200,0.0,0.0,0.0
2022-06-14 00:00:00-04:00,58.80249777247807,59.15141710208379,58.02712353850758,58.521427154541016,213900,0.0,0.0,0.0
2022-06-15 00:00:00-04:00,58.8800313442322,59.38402547183944,58.18219275257976,58.72495651245117,120400,0.0,0.0,0.0
2022-06-16 00:00:00-04:00,57.99804852135599,58.124047990559696,57.32928893363052,57.63943862915039,124100,0.0,0.0,0.0
2022-06-17 00:00:00-04:00,57.87204498472504,58.14342872218825,57.18390062723501,57.48435974121094,155300,0.0,0.0,0.0
2022-06-21 00:00:00-04:00,58.085275285870964,58.986648946258114,58.027120834554566,58.763729095458984,76700,0.0,0.0,0.0
2022-06-22 00:00:00-04:00,58.34696111162872,58.66680133062046,58.04650201125114,58.3857307434082,120200,0.0,0.0,0.0
2022-06-23 00:00:00-04:00,58.59896146847993,59.04480118126074,58.29850603899873,58.78311538696289,144100,0.0,0.0,0.0
2022-06-24 00:00:00-04:00,59.0172364425283,60.19272289624954,58.900660223007414,60.14414978027344,67100,0.141,0.0,0.0
2022-06-27 00:00:00-04:00,60.21215346590541,60.65903206663158,60.1247203739467,60.561885833740234,93400,0.0,0.0,0.0
2022-06-28 00:00:00-04:00,60.87276373875237,61.31964237994826,59.833283387935516,59.949859619140625,99700,0.0,0.0,0.0
2022-06-29 00:00:00-04:00,60.07614736686974,60.552172803042914,60.01785740349407,60.22187042236328,160600,0.0,0.0,0.0
2022-06-30 00:00:00-04:00,59.88185572319103,60.04700877896557,59.38640396765046,59.61955642700195,408800,0.0,0.0,0.0
2022-07-01 00:00:00-04:00,59.68755514178277,60.53274293590396,59.3475396194751,60.47445297241211,1056300,0.0,0.0,0.0
2022-07-05 00:00:00-04:00,59.95956905371511,59.95956905371511,58.82293889584549,59.73612976074219,663900,0.0,0.0,0.0
2022-07-06 00:00:00-04:00,59.84298913103184,60.14414837246028,59.32810744313298,59.73612976074219,229000,0.0,0.0,0.0
2022-07-07 00:00:00-04:00,59.93042488992866,60.36759035473833,59.90128176090511,60.29958724975586,127200,0.0,0.0,0.0
2022-07-08 00:00:00-04:00,60.31901596250037,60.69789145536167,60.05671668915997,60.14414978027344,280800,0.0,0.0,0.0
2022-07-11 00:00:00-04:00,59.88184772930188,60.241293217921545,59.87213458891369,59.92070770263672,40400,0.0,0.0,0.0
2022-07-12 00:00:00-04:00,59.98871623603063,60.717324125537075,59.9012831410542,60.11500930786133,62100,0.0,0.0,0.0
2022-07-13 00:00:00-04:00,59.79441798862747,60.54245584067724,59.60012181697057,60.095577239990234,119800,0.0,0.0,0.0
2022-07-14 00:00:00-04:00,59.26982103554785,59.90128268399177,59.06581171745662,59.82356643676758,70100,0.0,0.0,0.0
2022-07-15 00:00:00-04:00,60.26072727379694,60.32873037877941,59.959571724843485,60.29958724975586,98000,0.0,0.0,0.0
2022-07-18 00:00:00-04:00,60.60074439743068,60.668747500048596,59.7361303448105,59.813846588134766,73300,0.0,0.0,0.0
2022-07-19 00:00:00-04:00,60.280158065384434,60.70761039484848,60.280158065384434,60.62989044189453,56500,0.0,0.0,0.0
2022-07-20 00:00:00-04:00,60.65903670595385,60.688183542763454,60.1052949831612,60.42588424682617,82200,0.0,0.0,0.0
2022-07-21 00:00:00-04:00,60.18301021647304,60.37730638775716,60.00814403290646,60.309303283691406,35800,0.0,0.0,0.0
2022-07-22 00:00:00-04:00,60.41616647711845,60.717325746944226,60.144154043657416,60.43559646606445,90700,0.0,0.0,0.0
2022-07-25 00:00:00-04:00,60.59103103221401,61.16420271999143,60.59103103221401,61.04762649536133,106500,0.0,0.0,0.0
2022-07-26 00:00:00-04:00,60.88247275076941,61.358498196895376,60.85332962141786,61.3099250793457,58000,0.0,0.0,0.0
2022-07-27 00:00:00-04:00,61.32935425919607,61.51393358580853,60.425880202293314,61.44593048095703,112400,0.0,0.0,0.0
2022-07-28 00:00:00-04:00,61.562507158576544,62.174538812663265,61.18363165562949,62.077392578125,66600,0.0,0.0,0.0
2022-07-29 00:00:00-04:00,61.98995590209961,62.07738899048755,61.69850980354575,61.98995590209961,83400,0.0,0.0,0.0
2022-08-01 00:00:00-04:00,61.87338092998023,62.59227568155587,61.87338092998023,62.48541259765625,211300,0.0,0.0,0.0
2022-08-02 00:00:00-04:00,62.504835743195706,62.504835743195706,61.68879850177269,61.75680160522461,125300,0.0,0.0,0.0
2022-08-03 00:00:00-04:00,61.931672406022265,62.22311853499908,61.49450691844852,62.08710861206055,86400,0.0,0.0,0.0
2022-08-04 00:00:00-04:00,62.04824968883813,62.36883524791421,61.80538038115657,61.863670349121094,173400,0.0,0.0,0.0
2022-08-05 00:00:00-04:00,61.49450622009298,62.26197039412741,61.44593310111228,62.22311782836914,73400,0.0,0.0,0.0
2022-08-08 00:00:00-04:00,62.310545605766386,62.514554923738324,62.028816334724375,62.15510940551758,74900,0.0,0.0,0.0
2022-08-09 00:00:00-04:00,62.164824172017916,62.44654972773959,61.97052800173692,62.135677337646484,161300,0.0,0.0,0.0
2022-08-10 00:00:00-04:00,62.68942005883476,62.68942005883476,62.06767526828719,62.25225830078125,68900,0.0,0.0,0.0
2022-08-11 00:00:00-04:00,62.62141881138617,63.13630053647555,62.38826636096099,62.48541259765625,98300,0.0,0.0,0.0
2022-08-12 00:00:00-04:00,62.776851223056966,63.078006744384766,62.563125080779734,63.078006744384766,65200,0.0,0.0,0.0
2022-08-15 00:00:00-04:00,62.854565168934094,63.61232352998162,62.67969899512036,63.486026763916016,237600,0.0,0.0,0.0
2022-08-16 00:00:00-04:00,63.52488573972566,64.13691363257273,63.515168893615794,64.04948425292969,42900,0.0,0.0,0.0
2022-08-17 00:00:00-04:00,63.7094667438613,63.9426191606577,63.36945125857869,63.4763069152832,93400,0.0,0.0,0.0
2022-08-18 00:00:00-04:00,63.59288476547381,63.73860780065982,63.20429247557162,63.67060470581055,36100,0.0,0.0,0.0
2022-08-19 00:00:00-04:00,63.524890777324785,63.767760066857846,63.38888456812887,63.612327575683594,52100,0.0,0.0,0.0
2022-08-22 00:00:00-04:00,63.29173868268844,63.29173868268844,62.66999389100768,62.8448600769043,148100,0.0,0.0,0.0
2022-08-23 00:00:00-04:00,62.81571509732117,62.83514137883402,62.59227209512049,62.73799514770508,78700,0.0,0.0,0.0
2022-08-24 00:00:00-04:00,62.699140139538954,62.98086942037739,62.64085387860098,62.8934326171875,32100,0.0,0.0,0.0
2022-08-25 00:00:00-04:00,62.912859616406635,63.24315827561311,62.80599654153816,63.223731994628906,58100,0.0,0.0,0.0
2022-08-26 00:00:00-04:00,63.34030715089557,63.34030715089557,61.88309513326819,61.92195510864258,102000,0.0,0.0,0.0
2022-08-29 00:00:00-04:00,61.581942314711135,62.37855336362987,61.329359860179764,62.019107818603516,63100,0.0,0.0,0.0
2022-08-30 00:00:00-04:00,62.125958548278106,62.125958548278106,61.144764645220484,61.22248458862305,81600,0.0,0.0,0.0
2022-08-31 00:00:00-04:00,61.309926361550794,61.572225648874216,61.115630181397364,61.125343322753906,68800,0.0,0.0,0.0
2022-09-01 00:00:00-04:00,60.92132996246539,61.105912989025356,60.39673142259681,61.086483001708984,266800,0.0,0.0,0.0
2022-09-02 00:00:00-04:00,61.562501427586454,61.84423066976844,60.513308109857974,60.6978874206543,115600,0.0,0.0,0.0
2022-09-06 00:00:00-04:00,60.86304297243247,60.92132922778753,60.0081420702775,60.07614517211914,56600,0.0,0.0,0.0
2022-09-07 00:00:00-04:00,60.14414934820918,61.30992265271699,60.07614624515292,61.25163269042969,31800,0.0,0.0,0.0
2022-09-08 00:00:00-04:00,60.96019166820606,61.173917828864255,60.35787686785899,61.067054748535156,59100,0.0,0.0,0.0
2022-09-09 00:00:00-04:00,61.40707062309768,61.999672285849364,61.1836313201717,61.69851303100586,37800,0.0,0.0,0.0
2022-09-12 00:00:00-04:00,61.92195997414568,62.028819355984865,61.73737692955937,61.82481002807617,137900,0.0,0.0,0.0
2022-09-13 00:00:00-04:00,61.047624758220806,61.24192093100309,59.70698524250347,59.79441833496094,82200,0.0,0.0,0.0
2022-09-14 00:00:00-04:00,60.008146706876985,60.008146706876985,59.133815750083755,59.47383499145508,124400,0.0,0.0,0.0
2022-09-15 00:00:00-04:00,59.39611703459435,59.4738369915414,58.88123529044047,59.026954650878906,68000,0.0,0.0,0.0
2022-09-16 00:00:00-04:00,58.58979517354883,58.92981073386833,58.512075213537706,58.832664489746094,79200,0.0,0.0,0.0
2022-09-19 00:00:00-04:00,58.531498768140736,59.376682857931556,58.531498768140736,59.32810974121094,61900,0.0,0.0,0.0
2022-09-20 00:00:00-04:00,59.02695373015206,59.056100566498316,58.51207199402952,58.910377502441406,79200,0.0,0.0,0.0
2022-09-21 00:00:00-04:00,59.20181292419642,59.60983523177325,58.502351934750585,58.52178192138672,56900,0.0,0.0,0.0
2022-09-22 00:00:00-04:00,58.5217866699479,58.58007292869474,58.19148428211429,58.298343658447266,209700,0.0,0.0,0.0
2022-09-23 00:00:00-04:00,57.74702861600127,57.74702861600127,56.52729584483249,57.13228225708008,190000,0.265,0.0,0.0
2022-09-26 00:00:00-04:00,56.96639920757193,57.39574379409639,56.488262333347635,56.67366409301758,175000,0.0,0.0,0.0
2022-09-27 00:00:00-04:00,57.09324474244316,57.366467389614954,55.98084915149199,56.09794616699219,268300,0.0,0.0,0.0
2022-09-28 00:00:00-04:00,56.40043541281509,57.298160553697535,56.09794410637254,57.09324264526367,117200,0.0,0.0,0.0
2022-09-29 00:00:00-04:00,56.751729353668445,56.751729353668445,55.736910738805584,56.039405822753906,47100,0.0,0.0,0.0
2022-09-30 00:00:00-04:00,56.19552143462926,56.31261472393289,55.405133356590525,55.49295425415039,58700,0.0,0.0,0.0
2022-10-03 00:00:00-04:00,55.84424527964083,56.61511729171015,55.67836340790212,56.498023986816406,169800,0.0,0.0,0.0
2022-10-04 00:00:00-04:00,57.03470678970064,57.74703030218319,57.03470678970064,57.73727035522461,84900,0.0,0.0,0.0
2022-10-05 00:00:00-04:00,57.43477531815627,57.75678282288593,56.92736605639451,57.532352447509766,116000,0.0,0.0,0.0
2022-10-06 00:00:00-04:00,57.522596334886444,57.522596334886444,56.400440733503935,56.546810150146484,88600,0.0,0.0,0.0
2022-10-07 00:00:00-04:00,56.20528105211638,56.21504099817277,55.48320138175287,55.73690414428711,66900,0.0,0.0,0.0
2022-10-10 00:00:00-04:00,55.84424634931805,56.55656986142028,55.84424634931805,56.38092803955078,105800,0.0,0.0,0.0
2022-10-11 00:00:00-04:00,56.30286313726016,57.30792170806602,56.24431462662268,56.79075622558594,75000,0.0,0.0,0.0
2022-10-12 00:00:00-04:00,57.03470472912991,57.268891335067416,56.74196961054354,56.78099822998047,93400,0.0,0.0,0.0
2022-10-13 00:00:00-04:00,56.068673954452656,58.459350880212185,55.99061299434799,58.234920501708984,104500,0.0,0.0,0.0
2022-10-14 00:00:00-04:00,58.4300793074649,58.4300793074649,56.70293726877763,56.78099822998047,107600,0.0,0.0,0.0
2022-10-17 00:00:00-04:00,57.45428714674227,57.72750606614836,57.41525480901894,57.59089660644531,98300,0.0,0.0,0.0
2022-10-18 00:00:00-04:00,58.30322400150412,58.547170545443464,57.83484708382004,58.1666145324707,76900,0.0,0.0,0.0
2022-10-19 00:00:00-04:00,58.04952516480904,58.371532689004674,57.53235592545073,57.96170425415039,65600,0.0,0.0,0.0
2022-10-20 00:00:00-04:00,58.1275823651254,58.18613087588353,57.317681772446726,57.36647033691406,45200,0.0,0.0,0.0
2022-10-21 00:00:00-04:00,57.30791980733435,58.49838009451048,57.19082651227188,58.36177062988281,65300,0.0,0.0,0.0
2022-10-24 00:00:00-04:00,58.55693160850398,59.17167799228568,58.55693160850398,59.03506851196289,54300,0.0,0.0,0.0
2022-10-25 00:00:00-04:00,59.08385035797928,60.0108479405511,59.08385035797928,59.92302703857422,44800,0.0,0.0,0.0
2022-10-26 00:00:00-04:00,60.24504652764854,60.88906532315582,60.24504652764854,60.44020080566406,40900,0.0,0.0,0.0
2022-10-27 00:00:00-04:00,60.713413850605335,61.27936786713983,60.7036539048574,60.84026336669922,33200,0.0,0.0,0.0
2022-10-28 00:00:00-04:00,60.98663797151231,61.89411944231473,60.98663797151231,61.874603271484375,33100,0.0,0.0,0.0
2022-10-31 00:00:00-04:00,61.69895863567709,62.2258840570207,61.669686241934265,61.77702331542969,58900,0.0,0.0,0.0
2022-11-01 00:00:00-04:00,61.92339285849321,61.942909029645385,61.367195008807805,61.57210922241211,91100,0.0,0.0,0.0
2022-11-02 00:00:00-04:00,61.52332002054653,62.264919627357024,61.04518686040595,61.0549430847168,170300,0.0,0.0,0.0
2022-11-03 00:00:00-04:00,60.63535501235358,61.08421577943307,60.16697807422771,60.83051300048828,189700,0.0,0.0,0.0
2022-11-04 00:00:00-04:00,61.50379766620108,61.84532504000872,60.63534861901564,61.494041442871094,29400,0.0,0.0,0.0
2022-11-07 00:00:00-05:00,61.67944579669803,62.09903416720583,61.54283632208229,62.020973205566406,101200,0.0,0.0,0.0
2022-11-08 00:00:00-05:00,61.95266269556193,62.62595378157242,61.59161914934318,62.216121673583984,154000,0.0,0.0,0.0
2022-11-09 00:00:00-05:00,62.02097182099545,62.21612608190184,60.95736472080834,60.986637115478516,65800,0.0,0.0,0.0
2022-11-10 00:00:00-05:00,62.2844336308953,62.35273836568133,61.103729524603494,61.864845275878906,35600,0.0,0.0,0.0
2022-11-11 00:00:00-05:00,62.10879034225898,62.10879034225898,60.684139724980255,61.42573928833008,86800,0.0,0.0,0.0
2022-11-14 00:00:00-05:00,61.435496406612245,62.29418927897828,61.318403108394236,61.32815933227539,197900,0.0,0.0,0.0
2022-11-15 00:00:00-05:00,61.93314817641105,61.93314817641105,60.9963906427641,61.46477127075195,89800,0.0,0.0,0.0
2022-11-16 00:00:00-05:00,61.43549977754716,62.225887959126815,61.43549977754716,61.962425231933594,128800,0.0,0.0,0.0
2022-11-17 00:00:00-05:00,61.45500697499589,61.91362762451172,61.45500697499589,61.91362762451172,29600,0.0,0.0,0.0
2022-11-18 00:00:00-05:00,62.41128398752921,62.74305516424694,61.92339089121207,62.36249542236328,44100,0.0,0.0,0.0
2022-11-21 00:00:00-05:00,62.284431750785586,63.162640774851994,62.284431750785586,63.026023864746094,140000,0.0,0.0,0.0
2022-11-22 00:00:00-05:00,63.484651898163435,63.865207945218756,63.44561955427848,63.84569549560547,124400,0.0,0.0,0.0
2022-11-23 00:00:00-05:00,63.796893632445006,64.02132771494462,63.76762124008794,63.855445861816406,45000,0.0,0.0,0.0
2022-11-25 00:00:00-05:00,63.9042400724181,64.12867418783098,63.9042400724181,64.07012939453125,10700,0.0,0.0,0.0
2022-11-28 00:00:00-05:00,63.77738706124691,63.97254132471077,63.49440816796376,63.640777587890625,68900,0.0,0.0,0.0
2022-11-29 00:00:00-05:00,63.621248118796885,63.87495457883962,63.45536627535452,63.65052795410156,29400,0.0,0.0,0.0
2022-11-30 00:00:00-05:00,63.63101087192251,64.58728452834112,63.2797272793326,64.52873229980469,77200,0.0,0.0,0.0
2022-12-01 00:00:00-05:00,64.79220835275564,64.79220835275564,63.82618205179028,63.94327163696289,140000,0.0,0.0,0.0
2022-12-02 00:00:00-05:00,63.523667322551155,64.32381154742873,63.42609021115758,64.22623443603516,33300,0.0,0.0,0.0
2022-12-05 00:00:00-05:00,63.82617598835443,63.82617598835443,63.201665999909316,63.396827697753906,35500,0.0,0.0,0.0
2022-12-06 00:00:00-05:00,63.3090110436114,63.59198995762193,62.674755918567584,62.96748733520508,117900,0.0,0.0,0.0
2022-12-07 00:00:00-05:00,63.0455409992662,63.52367410742291,63.0455409992662,63.31875991821289,69100,0.0,0.0,0.0
2022-12-08 00:00:00-05:00,63.46514070485622,63.601750188828575,63.104097100267246,63.33829116821289,37500,0.0,0.0,0.0
2022-12-09 00:00:00-05:00,63.07481823959311,63.19191526156687,62.62595748901367,62.62595748901367,27600,0.0,0.0,0.0
2022-12-12 00:00:00-05:00,62.79183806214604,63.15288162231445,62.54789152154357,63.15288162231445,117600,0.0,0.0,0.0
2022-12-13 00:00:00-05:00,63.89448202625227,63.89448202625227,62.76256648961102,62.869903564453125,78200,0.0,0.0,0.0
2022-12-14 00:00:00-05:00,62.92844673866261,63.43585970574876,62.64546786176024,63.026023864746094,33100,0.0,0.0,0.0
2022-12-15 00:00:00-05:00,62.49910703624093,62.49910703624093,61.855084591946095,62.12830352783203,40000,0.0,0.0,0.0
2022-12-16 00:00:00-05:00,61.65016617045503,62.0404820998592,61.298882578457,61.98193359375,62700,0.0,0.0,0.0
2022-12-19 00:00:00-05:00,62.08927860466001,62.47959086167533,61.44525984437214,61.757511138916016,599500,0.0,0.0,0.0
2022-12-20 00:00:00-05:00,61.630653275590795,62.05999784287943,61.513559979480945,61.835567474365234,75000,0.0,0.0,0.0
2022-12-21 00:00:00-05:00,62.09902784848879,62.450311445944806,61.913629826421946,62.2746696472168,237200,0.0,0.0,0.0
2022-12-22 00:00:00-05:00,62.04048937655852,62.04048937655852,61.25010120185869,62.020973205566406,36900,0.0,0.0,0.0
2022-12-23 00:00:00-05:00,62.07411980334413,62.52685546875,61.95601566333889,62.52685546875,45300,0.544,0.0,0.0
2022-12-27 00:00:00-05:00,62.69417052194598,62.76306491364506,62.46780269858289,62.63511657714844,50400,0.0,0.0,0.0
2022-12-28 00:00:00-05:00,62.694169704940435,62.81227383853367,61.82806396484375,61.82806396484375,55600,0.0,0.0,0.0
2022-12-29 00:00:00-05:00,62.05443522035101,62.21190865868001,61.88712133470398,61.97570037841797,152800,0.0,0.0,0.0
2022-12-30 00:00:00-05:00,61.92648359884687,61.92648359884687,61.3753284711157,61.77885437011719,104300,0.0,0.0,0.0
2023-01-03 00:00:00-05:00,61.877275471420276,61.877275471420276,60.79464608128657,61.18832778930664,721800,0.0,0.0,0.0
2023-01-04 00:00:00-05:00,61.47375356423365,61.73949070554143,60.95212348377564,61.414703369140625,67000,0.0,0.0,0.0
2023-01-05 00:00:00-05:00,61.33595819318789,61.41469678415352,60.92259185400634,61.29658889770508,46000,0.0,0.0,0.0
2023-01-06 00:00:00-05:00,61.818221408532075,62.99927396754927,61.818221408532075,62.89101028442383,154800,0.0,0.0,0.0
2023-01-09 00:00:00-05:00,62.93037924149258,63.28469915834467,62.48748779296875,62.48748779296875,137300,0.0,0.0,0.0
2023-01-10 00:00:00-05:00,62.58590932546715,62.68432881625203,62.44812053658316,62.57606887817383,38100,0.0,0.0,0.0
2023-01-11 00:00:00-05:00,62.89101478843833,62.89101478843833,62.389065631538614,62.644962310791016,83500,0.0,0.0,0.0
2023-01-12 00:00:00-05:00,62.88117236765509,62.88117236765509,62.457961793759175,62.5563850402832,75800,0.0,0.0,0.0
2023-01-13 00:00:00-05:00,62.34969523068174,62.8418001772679,62.34969523068174,62.763065338134766,125400,0.0,0.0,0.0
2023-01-17 00:00:00-05:00,62.82211874858108,63.363429679862804,62.82211874858108,62.95990753173828,129300,0.0,0.0,0.0
2023-01-18 00:00:00-05:00,63.146911181172655,63.146911181172655,61.36548614501953,61.36548614501953,75700,0.0,0.0,0.0
2023-01-19 00:00:00-05:00,61.2769075527842,61.46390983917565,61.19817271203744,61.217857360839844,76700,0.0,0.0,0.0
2023-01-20 00:00:00-05:00,61.32611955494834,61.48359298706055,60.96195919268786,61.48359298706055,49800,0.0,0.0,0.0
2023-01-23 00:00:00-05:00,61.5032759548232,61.82806325710245,61.395012269242564,61.52295684814453,84500,0.0,0.0,0.0
2023-01-24 00:00:00-05:00,61.463905763958074,61.70995822597996,61.07022032293802,61.591854095458984,39800,0.0,0.0,0.0
2023-01-25 00:00:00-05:00,61.375329549095426,61.94616933490917,61.355644900693186,61.93632888793945,92900,0.0,0.0,0.0
2023-01-26 00:00:00-05:00,62.12332880208349,62.12332880208349,61.6509084932781,61.995384216308594,132700,0.0,0.0,0.0
2023-01-27 00:00:00-05:00,62.03474743484201,62.03474743484201,61.51311740071205,61.729644775390625,53100,0.0,0.0,0.0
2023-01-30 00:00:00-05:00,61.60169697351562,62.01506332388671,61.50327748660711,61.53280258178711,69200,0.0,0.0,0.0
2023-01-31 00:00:00-05:00,61.52295837547619,62.35953903198242,61.42453888857559,62.35953903198242,115100,0.0,0.0,0.0
2023-02-01 00:00:00-05:00,62.23159719132288,62.78275613710075,61.81823079783684,62.4776496887207,114900,0.0,0.0,0.0
2023-02-02 00:00:00-05:00,62.448119966912266,62.448119966912266,61.6509085827607,61.946170806884766,548300,0.0,0.0,0.0
2023-02-03 00:00:00-05:00,61.96585083963716,62.06427407665511,61.3261166941022,61.69027328491211,59000,0.0,0.0,0.0
2023-02-06 00:00:00-05:00,61.34580689859969,61.67059422402372,61.34580689859969,61.60169982910156,134400,0.0,0.0,0.0
2023-02-07 00:00:00-05:00,61.39501256410495,61.503276250205545,60.83401324018612,61.424537658691406,189400,0.0,0.0,0.0
2023-02-08 00:00:00-05:00,61.23753628745262,61.43437524815784,61.03084937157212,61.08006286621094,204400,0.0,0.0,0.0
2023-02-09 00:00:00-05:00,61.345807247760106,61.454067187209006,60.63717489085555,60.676544189453125,86500,0.0,0.0,0.0
2023-02-10 00:00:00-05:00,60.82417159602984,61.326120751877426,60.725752106962354,61.31627655029297,60200,0.0,0.0,0.0
2023-02-13 00:00:00-05:00,61.36548749294381,61.70011901855469,61.217858256460225,61.70011901855469,175000,0.0,0.0,0.0
2023-02-14 00:00:00-05:00,61.61154127905671,61.68043567509997,61.08007076021769,61.25722885131836,41200,0.0,0.0,0.0
2023-02-15 00:00:00-05:00,61.10959540400783,61.41470183741007,60.95212196358218,61.40485763549805,160700,0.0,0.0,0.0
2023-02-16 00:00:00-05:00,61.050532777116175,61.5623223243604,61.050532777116175,61.24737548828125,73800,0.0,0.0,0.0
2023-02-17 00:00:00-05:00,61.217858166705824,61.78869797163867,61.217858166705824,61.749332427978516,30300,0.0,0.0,0.0
2023-02-21 00:00:00-05:00,61.79854051593924,61.79854051593924,61.48359364832751,61.513118743896484,43000,0.0,0.0,0.0
2023-02-22 00:00:00-05:00,61.660748191038024,61.96585083963716,61.5229556592129,61.69027328491211,63300,0.0,0.0,0.0
2023-02-23 00:00:00-05:00,61.75916796749181,62.054430171025544,61.27690348996538,61.591854095458984,31700,0.0,0.0,0.0
2023-02-24 00:00:00-05:00,61.28674478140675,61.34579872109501,60.99148259189035,61.24737548828125,40000,0.0,0.0,0.0
2023-02-27 00:00:00-05:00,61.44422352491894,61.61153740351004,60.86353954160746,60.98164367675781,42500,0.0,0.0,0.0
2023-02-28 00:00:00-05:00,60.92259422200794,60.92259422200794,60.11554240555426,60.1844367980957,49100,0.0,0.0,0.0
2023-03-01 00:00:00-05:00,59.85964378043754,60.06632695133241,59.63327596167706,60.0466423034668,56500,0.0,0.0,0.0
2023-03-02 00:00:00-05:00,59.977748087396684,60.627326450998,59.977748087396684,60.54859161376953,55700,0.0,0.0,0.0
2023-03-03 00:00:00-05:00,60.40096240302423,60.9422771140813,60.36159685918336,60.82417297363281,61600,0.0,0.0,0.0
2023-03-06 00:00:00-05:00,60.991492242232155,60.991492242232155,60.617491407288696,60.78480529785156,136800,0.0,0.0,0.0
2023-03-07 00:00:00-05:00,60.78480496156077,60.78480496156077,60.02696660272246,60.1057014465332,42800,0.0,0.0,0.0
2023-03-08 00:00:00-05:00,60.18443607619951,60.18443607619951,59.8104352679871,60.1549072265625,21300,0.0,0.0,0.0
2023-03-09 00:00:00-05:00,60.24348618169288,60.24348618169288,59.27896094457756,59.377384185791016,153400,0.0,0.0,0.0
2023-03-10 00:00:00-05:00,59.29864942038876,59.50533260858373,58.62938635478916,58.826229095458984,71300,0.0,0.0,0.0
2023-03-13 00:00:00-04:00,58.46206986653831,59.219908189561515,58.46206986653831,58.65890884399414,142700,0.0,0.0,0.0
2023-03-14 00:00:00-04:00,59.28880946150343,59.64312189227365,58.99354347083371,59.45612335205078,142100,0.0,0.0,0.0
2023-03-15 00:00:00-04:00,58.7376462198347,59.12148747415746,58.32427611593597,59.101802825927734,114100,0.0,0.0,0.0
2023-03-16 00:00:00-04:00,58.895121267296844,59.16085839399585,58.65890923652121,59.062435150146484,99300,0.0,0.0,0.0
2023-03-17 00:00:00-04:00,58.88528199817379,58.88528199817379,58.21601894446055,58.3931770324707,62600,0.0,0.0,0.0
2023-03-20 00:00:00-04:00,58.658908998855956,59.42659527991921,58.658908998855956,59.160858154296875,114200,0.0,0.0,0.0
2023-03-21 00:00:00-04:00,59.48564352572062,59.633276508835934,59.2691199061376,59.574222564697266,46800,0.0,0.0,0.0
2023-03-22 00:00:00-04:00,59.62343886152027,59.89901643818105,58.865596771240234,58.865596771240234,98300,0.0,0.0,0.0
2023-03-23 00:00:00-04:00,59.11164812952383,59.298646659499035,58.18648841778913,58.43254089355469,68800,0.0,0.0,0.0
2023-03-24 00:00:00-04:00,58.385148472659544,59.51078744477274,58.25678501034929,59.451541900634766,50300,0.192,0.0,0.0
2023-03-27 00:00:00-04:00,59.65889636427164,60.192094967919,59.65889636427164,59.9847412109375,68900,0.0,0.0,0.0
2023-03-28 00:00:00-04:00,60.38957502952011,60.626553437060025,60.18222127707518,60.28096008300781,56700,0.0,0.0,0.0
2023-03-29 00:00:00-04:00,60.55743888147022,60.77466501991028,60.55743888147022,60.675926208496094,72600,0.0,0.0,0.0
2023-03-30 00:00:00-04:00,60.794410469900576,60.96227096081322,60.5475596871686,60.76478958129883,65900,0.0,0.0,0.0
2023-03-31 00:00:00-04:00,61.021513340401256,61.28811264038086,60.9918924515071,61.28811264038086,60800,0.0,0.0,0.0
2023-04-03 00:00:00-04:00,61.228867690145194,61.92992678947754,61.228867690145194,61.81143569946289,132900,0.0,0.0,0.0
2023-04-04 00:00:00-04:00,61.7126968768102,61.7126968768102,61.15974975680211,61.35723114013672,93100,0.0,0.0,0.0
2023-04-05 00:00:00-04:00,61.27824228531116,61.62383188927645,61.27824228531116,61.52509307861328,97300,0.0,0.0,0.0
2023-04-06 00:00:00-04:00,61.643577575683594,61.84105895459097,61.515214114397196,61.643577575683594,64900,0.0,0.0,0.0
2023-04-10 00:00:00-04:00,61.515212748071804,61.939796384966755,61.515212748071804,61.92992401123047,91200,0.0,0.0,0.0
2023-04-11 00:00:00-04:00,61.969416553880556,62.40387632611533,61.969416553880556,62.29526138305664,29700,0.0,0.0,0.0
2023-04-12 00:00:00-04:00,62.2162677002264,62.33475878426058,61.8608057480556,61.89042663574219,35400,0.0,0.0,0.0
2023-04-13 00:00:00-04:00,61.99904326636471,62.17677613060795,61.613956649385706,62.08790969848633,57800,0.0,0.0,0.0
2023-04-14 00:00:00-04:00,62.02866501458374,62.02866501458374,61.544839584827706,61.74231719970703,55000,0.0,0.0,0.0
2023-04-17 00:00:00-04:00,61.75218991689151,62.24589146000709,61.75218991689151,62.23601531982422,123200,0.0,0.0,0.0
2023-04-18 00:00:00-04:00,62.25576435528186,62.305133756678394,61.90029863859664,62.29526138305664,46200,0.0,0.0,0.0
2023-04-19 00:00:00-04:00,62.31501103215589,62.31501103215589,61.93979679474788,61.97929382324219,24100,0.0,0.0,0.0
2023-04-20 00:00:00-04:00,61.841062311544505,62.05828845015482,61.841062311544505,62.038543701171875,55700,0.0,0.0,0.0
2023-04-21 00:00:00-04:00,62.25576590063031,62.25576590063031,61.9101763156323,62.028663635253906,21500,0.0,0.0,0.0
2023-04-24 00:00:00-04:00,61.979296317668656,62.29526502505172,61.979296317668656,62.275516510009766,24400,0.0,0.0,0.0
2023-04-25 00:00:00-04:00,62.087912762190285,62.35451207171038,61.9299284046944,61.999046325683594,31700,0.0,0.0,0.0
2023-04-26 00:00:00-04:00,61.89042663574219,62.048410981143846,61.8213087200442,61.89042663574219,22800,0.0,0.0,0.0
2023-04-27 00:00:00-04:00,61.90030210015037,62.7099723815918,61.90030210015037,62.7099723815918,29300,0.0,0.0,0.0
2023-04-28 00:00:00-04:00,62.62110485579614,63.04568850410697,62.62110485579614,63.025943756103516,22700,0.0,0.0,0.0
2023-05-01 00:00:00-04:00,62.98644444462487,63.38140718997584,62.98644444462487,63.21354293823242,244600,0.0,0.0,0.0
2023-05-02 00:00:00-04:00,62.89757808751006,62.927198975120056,62.09778022224531,62.76921463012695,59400,0.0,0.0,0.0
2023-05-03 00:00:00-04:00,62.98644545040919,63.41102909011598,62.85808199112381,62.877830505371094,122000,0.0,0.0,0.0
2023-05-04 00:00:00-04:00,62.87783448952338,62.87783448952338,62.23602091907292,62.44337844848633,34800,0.0,0.0,0.0
2023-05-05 00:00:00-04:00,62.70997261508079,63.39127943493458,62.70997261508079,63.183929443359375,39100,0.0,0.0,0.0
2023-05-08 00:00:00-04:00,62.84821359959755,62.99632181587091,62.41375379191631,62.44337844848633,119400,0.0,0.0,0.0
2023-05-09 00:00:00-04:00,62.35450791886142,62.5618616680191,62.236016833647945,62.41374969482422,39900,0.0,0.0,0.0
2023-05-10 00:00:00-04:00,62.78896144837317,63.01606370275228,62.19652111230975,62.57173156738281,243900,0.0,0.0,0.0
2023-05-11 00:00:00-04:00,62.4433735664854,62.78896314408158,62.384128024621525,62.76921463012695,106700,0.0,0.0,0.0
2023-05-12 00:00:00-04:00,62.8482092702739,62.94694807432114,62.57173383898254,62.83833312988281,93600,0.0,0.0,0.0
2023-05-15 00:00:00-04:00,62.8679570810389,62.8679570810389,62.59148540292026,62.74946975708008,35600,0.0,0.0,0.0
2023-05-16 00:00:00-04:00,62.542117666409666,62.542117666409666,62.038543701171875,62.038543701171875,31200,0.0,0.0,0.0
2023-05-17 00:00:00-04:00,62.21627119957538,62.354510805390525,61.7225696215965,62.305137634277344,65300,0.0,0.0,0.0
2023-05-18 00:00:00-04:00,62.12740493695412,62.384131867534926,61.87068177301744,62.324886322021484,48800,0.0,0.0,0.0
2023-05-19 00:00:00-04:00,62.3051372264115,62.433500690506065,62.008917034892136,62.255767822265625,32600,0.0,0.0,0.0
2023-05-22 00:00:00-04:00,62.28539246340096,62.453249190786245,61.79169088877024,61.80156326293945,54700,0.0,0.0,0.0
2023-05-23 00:00:00-04:00,61.623829580030296,61.83118333463925,61.446096714181465,61.702823638916016,46500,0.0,0.0,0.0
2023-05-24 00:00:00-04:00,61.58433393230129,61.67320036721952,61.28811373812188,61.41647720336914,86800,0.0,0.0,0.0
2023-05-25 00:00:00-04:00,61.110377855524426,61.32760774498042,60.79440916175787,61.06100845336914,44400,0.0,0.0,0.0
2023-05-26 00:00:00-04:00,61.080755274058156,61.14987318848801,60.75491044890842,60.863525390625,51700,0.0,0.0,0.0
2023-05-30 00:00:00-04:00,60.666047110768275,60.666047110768275,60.27108811771589,60.33032989501953,50400,0.0,0.0,0.0
2023-05-31 00:00:00-04:00,60.25133947814782,60.36982679915347,60.0637342393352,60.310585021972656,50600,0.0,0.0,0.0
2023-06-01 00:00:00-04:00,60.45869810115985,60.616682464106766,60.31058987963454,60.43894958496094,56200,0.0,0.0,0.0
2023-06-02 00:00:00-04:00,60.74503915320998,61.436222076416016,60.74503915320998,61.436222076416016,29100,0.0,0.0,0.0
2023-06-05 00:00:00-04:00,61.4164800980242,61.65345475787907,61.16962929679955,61.307865142822266,123200,0.0,0.0,0.0
2023-06-06 00:00:00-04:00,61.357229629096445,61.357229629096445,60.8141586632835,61.17949676513672,97400,0.0,0.0,0.0
2023-06-07 00:00:00-04:00,60.77466450620689,61.317735497683,60.68579807002758,61.070884704589844,143300,0.0,0.0,0.0
2023-06-08 00:00:00-04:00,61.07088140998687,61.14987546750437,60.77466122758416,61.130126953125,71500,0.0,0.0,0.0
2023-06-09 00:00:00-04:00,60.952393681829655,61.317731778789565,60.78453696069595,61.08075714111328,77000,0.0,0.0,0.0
2023-06-12 00:00:00-04:00,61.09063009756304,61.189372669739875,60.92277337482842,61.14987564086914,188400,0.0,0.0,0.0
2023-06-13 00:00:00-04:00,61.13012732538053,61.683074431438364,61.13012732538053,61.62382888793945,106100,0.0,0.0,0.0
2023-06-14 00:00:00-04:00,61.712693151651855,61.801559580455994,61.26836100763119,61.367103576660156,59300,0.0,0.0,0.0
2023-06-15 00:00:00-04:00,61.39672662115963,61.683074431438364,61.33748107766071,61.62382888793945,41600,0.0,0.0,0.0
2023-06-16 00:00:00-04:00,61.594208172617755,61.86080746914611,61.554711143507475,61.643577575683594,30900,0.0,0.0,0.0
2023-06-20 00:00:00-04:00,61.51521524144582,61.51521524144582,60.87340545654297,60.87340545654297,43300,0.0,0.0,0.0
2023-06-21 00:00:00-04:00,60.853657583839514,61.21899569704864,60.49819184487101,60.952396392822266,73500,0.0,0.0,0.0
2023-06-22 00:00:00-04:00,60.91289453824215,61.34735430330274,60.91289453824215,61.278236389160156,35600,0.0,0.0,0.0
2023-06-23 00:00:00-04:00,61.327610820541274,61.44609814498485,60.972145080566406,60.972145080566406,46300,0.0,0.0,0.0
2023-06-26 00:00:00-04:00,60.94252500416521,61.159751140769146,60.64630103913807,61.070884704589844,73000,0.0,0.0,0.0
2023-06-27 00:00:00-04:00,60.96590974260566,61.371952840951884,60.96590974260566,61.312530517578125,44600,0.184,0.0,0.0
2023-06-28 00:00:00-04:00,61.02532161445431,61.02532161445431,60.480630265685775,60.955997467041016,54000,0.0,0.0,0.0
2023-06-29 00:00:00-04:00,60.92629293079486,61.480889931069584,60.87677621849316,61.36204528808594,54900,0.0,0.0,0.0
2023-06-30 00:00:00-04:00,61.5502163854643,62.1543263427477,61.54031077590376,62.04539108276367,59300,0.0,0.0,0.0
2023-07-03 00:00:00-04:00,62.005770639847746,62.540560171665135,62.005770639847746,62.46133041381836,184500,0.0,0.0,0.0
2023-07-05 00:00:00-04:00,62.23355136868653,62.441523819023445,62.16422721857422,62.30287551879883,133200,0.0,0.0,0.0
2023-07-06 00:00:00-04:00,62.01567456082817,62.154322863850275,61.76808722603643,62.11471176147461,64300,0.0,0.0,0.0
2023-07-07 00:00:00-04:00,62.1246163197699,62.56036868809435,61.98596801066135,62.005775451660156,40600,0.0,0.0,0.0
2023-07-10 00:00:00-04:00,61.99586605666332,62.461331447005534,61.86712336485692,61.906734466552734,38400,0.0,0.0,0.0
2023-07-11 00:00:00-04:00,61.99586586981373,62.31277734972223,61.99586586981373,62.30287551879883,95700,0.0,0.0,0.0
2023-07-12 00:00:00-04:00,62.530656915733644,62.58017362730957,62.30287702017803,62.38210678100586,75600,0.0,0.0,0.0
2023-07-13 00:00:00-04:00,62.53065827942716,62.788151229850186,62.53065827942716,62.65940475463867,46100,0.0,0.0,0.0
2023-07-14 00:00:00-04:00,62.71882598368263,62.71882598368263,62.312779124484514,62.55046463012695,48100,0.0,0.0,0.0
2023-07-17 00:00:00-04:00,62.48114156677135,62.8871846551618,62.37220253219876,62.65940475463867,111300,0.0,0.0,0.0
2023-07-18 00:00:00-04:00,62.689116683493886,63.22390626976086,62.56037020282595,62.64950180053711,36600,0.0,0.0,0.0
2023-07-19 00:00:00-04:00,62.78815055006173,63.20409546532682,62.78815055006173,63.184288024902344,79400,0.0,0.0,0.0
2023-07-20 00:00:00-04:00,63.29322716128757,63.689364636772794,63.273419720830866,63.649749755859375,27300,0.0,0.0,0.0
2023-07-21 00:00:00-04:00,63.83791287925079,63.847818487540515,63.580419954074834,63.6002311706543,34800,0.0,0.0,0.0
2023-07-24 00:00:00-04:00,63.74879597590396,63.91715356679978,63.728984755935876,63.82801818847656,93700,0.0,0.0,0.0
2023-07-25 00:00:00-04:00,63.81811557438135,63.927054609122266,63.69927093036417,63.8874397277832,35600,0.0,0.0,0.0
2023-07-26 00:00:00-04:00,63.82801171890084,64.154828813349,63.808208056706626,63.83791732788086,180800,0.0,0.0,0.0
2023-07-27 00:00:00-04:00,64.04589080372261,64.19444471772977,63.38235855102539,63.38235855102539,55100,0.0,0.0,0.0
2023-07-28 00:00:00-04:00,63.84782293686087,63.867626599055086,63.62994487389543,63.83791732788086,34300,0.0,0.0,0.0
2023-07-31 00:00:00-04:00,63.96665666902492,63.96665666902492,63.57052299977571,63.709171295166016,29500,0.0,0.0,0.0
2023-08-01 00:00:00-04:00,63.679466652195735,63.84782422943525,63.372456991609404,63.550716400146484,54100,0.0,0.0,0.0
2023-08-02 00:00:00-04:00,63.30312319008989,64.22414830854751,63.30312319008989,63.89733123779297,89300,0.0,0.0,0.0
2023-08-03 00:00:00-04:00,63.86762312859016,64.17463654416149,63.70917117234902,63.9072380065918,25600,0.0,0.0,0.0
2023-08-04 00:00:00-04:00,63.91714838216716,64.35290451691976,63.5408183467319,63.550716400146484,43300,0.0,0.0,0.0
2023-08-07 00:00:00-04:00,63.342746372677205,64.0954140281967,63.27342221728503,63.936954498291016,32400,0.0,0.0,0.0
2023-08-08 00:00:00-04:00,63.55071622804773,63.55071622804773,62.89708580557189,63.184288024902344,41900,0.0,0.0,0.0
2023-08-09 00:00:00-04:00,63.629948821557775,63.946860326687414,63.570530275522934,63.639854431152344,42500,0.0,0.0,0.0
2023-08-10 00:00:00-04:00,63.847826970742574,64.07560310131302,63.303131778915336,63.44178009033203,46800,0.0,0.0,0.0
2023-08-11 00:00:00-04:00,63.481392518281986,63.73888546771321,63.481392518281986,63.71907424926758,43300,0.0,0.0,0.0
2023-08-14 00:00:00-04:00,63.67946202554887,63.74878617324402,63.56061739131486,63.709171295166016,101600,0.0,0.0,0.0
2023-08-15 00:00:00-04:00,63.50120260715684,63.50120260715684,63.035737206922256,63.04563903808594,97700,0.0,0.0,0.0
2023-08-16 00:00:00-04:00,63.04564221216368,63.30313139209512,62.80795669555664,62.80795669555664,38500,0.0,0.0,0.0
2023-08-17 00:00:00-04:00,62.7386291250741,62.79805144546197,62.11471176147461,62.11471176147461,22100,0.0,0.0,0.0
2023-08-18 00:00:00-04:00,61.916643505219696,62.639598097105136,61.916643505219696,62.59998321533203,45500,0.0,0.0,0.0
2023-08-21 00:00:00-04:00,62.599980313726405,62.599980313726405,62.10480564816385,62.342491149902344,65700,0.0,0.0,0.0
2023-08-22 00:00:00-04:00,62.342493709958525,62.342493709958525,61.86712646484375,61.86712646484375,43400,0.0,0.0,0.0
2023-08-23 00:00:00-04:00,61.88693036871823,62.03548049926758,61.787893170469175,62.03548049926758,38900,0.0,0.0,0.0
2023-08-24 00:00:00-04:00,61.96616142639344,62.37220452777509,61.837414947062726,61.847320556640625,39400,0.0,0.0,0.0
2023-08-25 00:00:00-04:00,62.075094535884354,62.38210417946447,61.877023919957914,62.19393539428711,23500,0.0,0.0,0.0
2023-08-28 00:00:00-04:00,62.3821063721363,62.60988626619898,62.273167340653515,62.41181564331055,57500,0.0,0.0,0.0
2023-08-29 00:00:00-04:00,62.48114224356551,62.79805374145508,62.24345673120681,62.79805374145508,1015700,0.0,0.0,0.0
2023-08-30 00:00:00-04:00,63.00602272059279,63.07534687080617,62.867374420166016,62.867374420166016,24200,0.0,0.0,0.0
2023-08-31 00:00:00-04:00,62.936697627250666,62.936697627250666,62.45142858302891,62.46133041381836,54500,0.0,0.0,0.0
2023-09-01 00:00:00-04:00,62.59008012232104,62.778245140126224,62.055290562812004,62.12461471557617,46000,0.0,0.0,0.0
2023-09-05 00:00:00-04:00,61.94634957231173,61.94634957231173,61.490789789142255,61.510597229003906,49900,0.0,0.0,0.0
2023-09-06 00:00:00-04:00,61.40165873265603,61.63934423517995,61.09464907895491,61.183780670166016,334700,0.0,0.0,0.0
2023-09-07 00:00:00-04:00,61.124364234934625,61.619538919202384,61.124364234934625,61.500694274902344,112500,0.0,0.0,0.0
2023-09-08 00:00:00-04:00,61.55021008076398,61.82750667392503,61.54030447221809,61.758182525634766,124700,0.0,0.0,0.0
2023-09-11 00:00:00-04:00,61.95625561061366,62.3226838058869,61.95625561061366,62.1444206237793,60200,0.0,0.0,0.0
2023-09-12 00:00:00-04:00,62.48113979463906,62.59998065721896,62.273167340653515,62.41181564331055,28600,0.0,0.0,0.0
2023-09-13 00:00:00-04:00,62.352393353073715,62.59998068733263,62.18403577916145,62.31277847290039,58900,0.0,0.0,0.0
2023-09-14 00:00:00-04:00,62.47123729930088,63.01592867304032,62.47123729930088,62.93669891357422,26800,0.0,0.0,0.0
2023-09-15 00:00:00-04:00,62.897083850467794,63.085252639709765,62.57027053833008,62.57027053833008,93300,0.0,0.0,0.0
2023-09-18 00:00:00-04:00,62.61978718351416,62.88718195382914,62.510848153621076,62.66930389404297,87600,0.0,0.0,0.0
2023-09-19 00:00:00-04:00,62.61978956539865,62.798052752389275,62.44152637840802,62.49104309082031,58300,0.0,0.0,0.0
2023-09-20 00:00:00-04:00,62.61979278715132,62.7386336586317,62.213749679867085,62.25336456298828,29900,0.0,0.0,0.0
2023-09-21 00:00:00-04:00,61.97606211595155,62.14441968657923,61.73837661743164,61.73837661743164,82600,0.0,0.0,0.0
2023-09-22 00:00:00-04:00,61.75328448552899,61.75328448552899,60.97826081853336,61.00807189941406,156700,0.205,0.0,0.0
2023-09-25 00:00:00-04:00,60.78947702036824,61.08756130667834,60.69011685504732,60.98820114135742,64200,0.0,0.0,0.0
2023-09-26 00:00:00-04:00,60.71992442778365,60.84909567557695,60.50132751464844,60.50132751464844,70100,0.0,0.0,0.0
2023-09-27 00:00:00-04:00,60.580818710632535,60.660306085228704,59.80579501382249,60.05419921875,77700,0.0,0.0,0.0
2023-09-28 00:00:00-04:00,60.16349692051471,60.352286539713226,60.04426396494276,60.17343521118164,23300,0.0,0.0,0.0
2023-09-29 00:00:00-04:00,60.39202782607661,60.48145348959423,59.86541213555464,59.954837799072266,675000,0.0,0.0,0.0
2023-10-02 00:00:00-04:00,59.85547689624172,59.85547689624172,59.100326015784525,59.328857421875,133000,0.0,0.0,0.0
2023-10-03 00:00:00-04:00,59.05064521432622,59.26924211763681,58.5935824077197,58.702880859375,89000,0.0,0.0,0.0
2023-10-04 00:00:00-04:00,58.851923113946384,59.00096715136369,58.27562733598394,58.98109436035156,76200,0.0,0.0,0.0
2023-10-05 00:00:00-04:00,59.09039105947486,59.16987843081355,58.216007232666016,58.216007232666016,203200,0.0,0.0,0.0
2023-10-06 00:00:00-04:00,57.977538582969714,58.03715695530873,57.023667367629166,57.75894546508789,41800,0.0,0.0,0.0
2023-10-09 00:00:00-04:00,57.5602213043023,58.374986773919005,57.5602213043023,58.3551139831543,143000,0.0,0.0,0.0
2023-10-10 00:00:00-04:00,58.573710870858925,59.08045376896741,58.573710870858925,58.802242279052734,53700,0.0,0.0,0.0
2023-10-11 00:00:00-04:00,58.991028658478285,58.991028658478285,57.94773177117526,58.27562713623047,393100,0.0,0.0,0.0
2023-10-12 00:00:00-04:00,58.315372695159375,58.315372695159375,56.4573102108508,56.675907135009766,157600,0.0,0.0,0.0
2023-10-13 00:00:00-04:00,56.81501156235234,57.1826487341064,56.73552039529878,57.17271423339844,97200,0.0,0.0,0.0
2023-10-16 00:00:00-04:00,57.530414306571245,57.927858752849446,57.311817397392495,57.719200134277344,31500,0.0,0.0,0.0
2023-10-17 00:00:00-04:00,57.54034725322376,58.563771317932805,57.54034725322376,58.40479278564453,118700,0.0,0.0,0.0
2023-10-18 00:00:00-04:00,58.2855618885066,58.83205037561385,58.08683776855469,58.08683776855469,96900,0.0,0.0,0.0
2023-10-19 00:00:00-04:00,58.10671187352976,58.38492337354513,57.64964904054811,57.73907470703125,109100,0.0,0.0,0.0
2023-10-20 00:00:00-04:00,57.699330452144494,57.828501704559386,57.222394816705865,57.24226760864258,136100,0.0,0.0,0.0
2023-10-23 00:00:00-04:00,57.073345957806424,57.37143402136375,56.90443292611464,56.9541130065918,106200,0.0,0.0,0.0
2023-10-24 00:00:00-04:00,57.08328626088167,57.46086170844644,57.08328626088167,57.23232650756836,56500,0.0,0.0,0.0
2023-10-25 00:00:00-04:00,57.17271267069417,57.73907395425429,57.05347592337293,57.709266662597656,50400,0.0,0.0,0.0
2023-10-26 00:00:00-04:00,57.808626577930205,58.0769035727198,57.59996795654297,57.59996795654297,34700,0.0,0.0,0.0
2023-10-27 00:00:00-04:00,57.54035065222581,57.669521901823884,56.864690902501536,56.99386215209961,126700,0.0,0.0,0.0
2023-10-30 00:00:00-04:00,57.321753419894556,57.778820041255976,57.20252046187946,57.62977600097656,52200,0.0,0.0,0.0
2023-10-31 00:00:00-04:00,57.67945530494629,57.888113926240244,57.47079668365233,57.74900817871094,77700,0.0,0.0,0.0
2023-11-01 00:00:00-04:00,57.72913741402212,58.08684008613792,57.72913741402212,57.87818145751953,31200,0.0,0.0,0.0
2023-11-02 00:00:00-04:00,58.38492150292761,58.81217703017501,58.16632838435373,58.76249694824219,23100,0.0,0.0,0.0
2023-11-03 00:00:00-04:00,59.26924284049754,59.63687999026507,59.26924284049754,59.328857421875,91600,0.0,0.0,0.0
2023-11-06 00:00:00-05:00,59.656752257667165,59.78591970975038,59.55738830566406,59.55738830566406,45300,0.0,0.0,0.0
2023-11-07 00:00:00-05:00,59.58719913648957,59.89521791053913,59.487835184903275,59.59713363647461,83100,0.0,0.0,0.0
2023-11-08 00:00:00-05:00,59.74617844325339,59.875345896469376,59.26924284049754,59.328857421875,35400,0.0,0.0,0.0
2023-11-09 00:00:00-05:00,59.52758615199055,59.557393444990005,59.08045780526101,59.20962905883789,41100,0.0,0.0,0.0
2023-11-10 00:00:00-05:00,58.98109560950299,59.31892548316938,58.97115731861278,59.22949981689453,39000,0.0,0.0,0.0
2023-11-13 00:00:00-05:00,59.18975320602823,59.42822290873525,59.18975320602823,59.23943328857422,44300,0.0,0.0,0.0
2023-11-14 00:00:00-05:00,59.83560281050963,59.934962970886204,59.58719861922103,59.82566452026367,19100,0.0,0.0,0.0
2023-11-15 00:00:00-05:00,59.92503357607998,60.093946621179526,59.7263094480501,59.7759895324707,37900,0.0,0.0,0.0
2023-11-16 00:00:00-05:00,59.706434905851836,59.86541344554561,59.37853953566302,59.458030700683594,18900,0.0,0.0,0.0
2023-11-17 00:00:00-05:00,59.696499624388856,59.696499624388856,59.318924176175685,59.57726287841797,114900,0.0,0.0,0.0
2023-11-20 00:00:00-05:00,59.517647272606276,60.03432466820859,59.517647272606276,59.885284423828125,45200,0.0,0.0,0.0
2023-11-21 00:00:00-05:00,59.86541112962627,59.98464408219718,59.736239886638565,59.815731048583984,32000,0.0,0.0,0.0
2023-11-22 00:00:00-05:00,59.95483954571126,60.46158246017567,59.95483954571126,60.42184066772461,20800,0.0,0.0,0.0
2023-11-24 00:00:00-05:00,60.3324169998991,60.700054177092994,60.3324169998991,60.55101013183594,6400,0.0,0.0,0.0
2023-11-27 00:00:00-05:00,60.45164720800214,60.45164720800214,60.21317750452391,60.24298858642578,48900,0.0,0.0,0.0
2023-11-28 00:00:00-05:00,60.203243759600184,60.39202959239345,60.064138010137,60.12375259399414,16500,0.0,0.0,0.0
2023-11-29 00:00:00-05:00,60.15356117692882,60.15356117692882,59.43815587758861,59.477901458740234,23500,0.0,0.0,0.0
2023-11-30 00:00:00-05:00,59.537518261683324,60.342349253472236,59.537518261683324,60.31254196166992,28900,0.0,0.0,0.0
2023-12-01 00:00:00-05:00,60.312540137598475,60.908708697698735,60.312540137598475,60.88883590698242,45300,0.0,0.0,0.0
2023-12-04 00:00:00-05:00,60.69011381567835,61.47506817923662,60.69011381567835,61.167049407958984,19400,0.0,0.0,0.0
2023-12-05 00:00:00-05:00,61.08755977252225,61.29621838866432,60.92858123779297,60.92858123779297,14600,0.0,0.0,0.0
2023-12-06 00:00:00-05:00,61.176989511909355,61.20679680467387,60.94845808990386,61.03788375854492,47000,0.0,0.0,0.0
2023-12-07 00:00:00-05:00,61.13724136073786,61.53468960253029,60.91864823906463,61.43532943725586,49700,0.0,0.0,0.0
2023-12-08 00:00:00-05:00,61.43532868353465,61.604241720498344,61.16705169216822,61.25647735595703,25500,0.0,0.0,0.0
2023-12-11 00:00:00-05:00,61.335964682018734,61.713540127764496,61.335964682018734,61.7036018371582,1028800,0.0,0.0,0.0
2023-12-12 00:00:00-05:00,61.71354218591718,61.812902353209964,61.524752561574495,61.68373489379883,23800,0.0,0.0,0.0
2023-12-13 00:00:00-05:00,61.72347505320146,62.99530714490934,61.534689224201784,62.96549606323242,22700,0.0,0.0,0.0
2023-12-14 00:00:00-05:00,63.1741587794744,63.23377336242226,62.31964771397994,62.32958221435547,17300,0.0,0.0,0.0
2023-12-15 00:00:00-05:00,62.30970818443704,62.35938826602165,61.51481550804156,61.63404846191406,21200,0.0,0.0,0.0
2023-12-18 00:00:00-05:00,61.82283755799715,62.26002757874758,61.64398623352032,62.01162338256836,92600,0.0,0.0,0.0
2023-12-19 00:00:00-05:00,62.031498924700415,62.498500047143736,62.031498924700415,62.46868896484375,16400,0.0,0.0,0.0
2023-12-20 00:00:00-05:00,62.08117860105564,62.32958280662501,61.355838775634766,61.355838775634766,35200,0.0,0.0,0.0
2023-12-21 00:00:00-05:00,61.66386359694054,61.9222023123721,61.4253938831712,61.89239501953125,33600,0.0,0.0,0.0
2023-12-22 00:00:00-05:00,62.108071309817696,62.44756895392158,62.04815861648433,62.1679801940918,44500,0.306,0.0,0.0
2023-12-26 00:00:00-05:00,62.14801490197336,62.76709751474444,62.09808575155587,62.60733413696289,31700,0.0,0.0,0.0
2023-12-27 00:00:00-05:00,62.62730260284396,62.87693310899808,62.58736080768509,62.817020416259766,39000,0.0,0.0,0.0
2023-12-28 00:00:00-05:00,62.747124623826274,63.106593164684526,62.72715372610534,62.966800689697266,27200,0.0,0.0,0.0
2023-12-29 00:00:00-05:00,62.9767866088502,63.04668284897958,62.747126989988026,62.99675750732422,37400,0.0,0.0,0.0
2024-01-02 00:00:00-05:00,62.75711026087064,64.14505532175443,62.75711026087064,64.03521728515625,64100,0.0,0.0,0.0
2024-01-03 00:00:00-05:00,64.02523435227741,64.06517614705658,63.32626437081953,63.38617706298828,78900,0.0,0.0,0.0
2024-01-04 00:00:00-05:00,63.386177594497276,63.615837202814454,63.13654708862305,63.13654708862305,28600,0.0,0.0,0.0
2024-01-05 00:00:00-05:00,63.066651369242656,63.37619457032821,62.70718282838441,62.966800689697266,17700,0.0,0.0,0.0
2024-01-08 00:00:00-05:00,63.04668230772309,63.24638748168945,62.79705179252998,63.24638748168945,29900,0.0,0.0,0.0
2024-01-09 00:00:00-05:00,63.03669681831831,63.44609069824219,63.01672592063188,63.44609069824219,72400,0.0,0.0,0.0
2024-01-10 00:00:00-05:00,63.45607527826201,63.5359588703116,62.99675605115483,63.10659408569336,19700,0.0,0.0,0.0
2024-01-11 00:00:00-05:00,63.02671001259728,63.146535399757106,62.76709595853624,63.1165771484375,57100,0.0,0.0,0.0
2024-01-12 00:00:00-05:00,63.25636914740097,63.46606166881978,63.03669689071634,63.126564025878906,22600,0.0,0.0,0.0
2024-01-16 00:00:00-05:00,63.0366974037435,63.11657718617185,62.757108642596044,62.95681381225586,27900,0.0,0.0,0.0
2024-01-17 00:00:00-05:00,62.68721097768205,63.246384678189706,62.68721097768205,62.98677062988281,25800,0.0,0.0,0.0
2024-01-18 00:00:00-05:00,62.777078656563205,62.777078656563205,62.25784674638222,62.657257080078125,37200,0.0,0.0,0.0
2024-01-19 00:00:00-05:00,62.70718345432653,62.70718345432653,62.048159059194454,62.3177604675293,25200,0.0,0.0,0.0
2024-01-22 00:00:00-05:00,61.888395854411584,62.01820478671932,61.56886910493046,61.59882354736328,45600,0.0,0.0,0.0
2024-01-23 00:00:00-05:00,61.6886924548354,62.227895288462825,61.6886924548354,62.11805725097656,108400,0.0,0.0,0.0
2024-01-24 00:00:00-05:00,62.28780478190044,62.28780478190044,61.43905877799649,61.469017028808594,20300,0.0,0.0,0.0
2024-01-25 00:00:00-05:00,61.70866200193638,61.85844183323912,61.31923901142047,61.82848358154297,56800,0.0,0.0,0.0
2024-01-26 00:00:00-05:00,61.97826149359352,62.07811217199709,61.778556327727166,61.86842346191406,26700,0.0,0.0,0.0
2024-01-29 00:00:00-05:00,61.99823377321643,62.16798069209852,61.778557704960264,62.0781135559082,29900,0.0,0.0,0.0
2024-01-30 00:00:00-05:00,62.1779679154631,62.65725803778855,61.968279201144334,62.63728713989258,18000,0.0,0.0,0.0
2024-01-31 00:00:00-05:00,62.727155380954024,62.82700606313365,62.05814743041992,62.05814743041992,21200,0.0,0.0,0.0
2024-02-01 00:00:00-05:00,62.447569627282114,63.34623718261719,62.1180555239844,63.34623718261719,35100,0.0,0.0,0.0
2024-02-02 00:00:00-05:00,63.27633905162276,63.59586579183745,63.006737650368024,63.306297302246094,21300,0.0,0.0,0.0
2024-02-05 00:00:00-05:00,63.07663502418626,63.07663502418626,62.46753978339639,62.487510681152344,29000,0.0,0.0,0.0
2024-02-06 00:00:00-05:00,62.49749464759218,62.95681387190342,62.46754020528558,62.71717071533203,19500,0.0,0.0,0.0
2024-02-07 00:00:00-05:00,62.79705003682673,62.88691717214609,62.58736132410132,62.647274017333984,20400,0.0,0.0,0.0
2024-02-08 00:00:00-05:00,62.557407855266106,62.876934606026204,62.34771533021909,62.547420501708984,46500,0.0,0.0,0.0
2024-02-09 00:00:00-05:00,62.537436089392,62.537436089392,62.06812951426212,62.1679801940918,21200,0.0,0.0,0.0
2024-02-12 00:00:00-05:00,62.177966439312314,62.95681239346838,62.177966439312314,62.90688705444336,30600,0.0,0.0,0.0
2024-02-13 00:00:00-05:00,62.51746710057886,62.587363340405766,61.95829337290425,62.207923889160156,70400,0.0,0.0,0.0
2024-02-14 00:00:00-05:00,62.34771539187517,62.34771539187517,61.76857458394702,62.307777404785156,18200,0.0,0.0,0.0
2024-02-15 00:00:00-05:00,62.467540585533925,63.20644476669602,62.467540585533925,63.10659408569336,30300,0.0,0.0,0.0
2024-02-16 00:00:00-05:00,62.96680063230686,63.36620715918367,62.797049906363284,63.206443786621094,14200,0.0,0.0,0.0
2024-02-20 00:00:00-05:00,63.32626573416888,63.97530658159638,63.32626573416888,63.675750732421875,32800,0.0,0.0,0.0
2024-02-21 00:00:00-05:00,63.775599957579445,63.965317768948196,63.58588214621069,63.785587310791016,17300,0.0,0.0,0.0
2024-02-22 00:00:00-05:00,63.69572249253954,64.12508727882404,63.37619574121982,64.05519104003906,37300,0.0,0.0,0.0
2024-02-23 00:00:00-05:00,64.03521863546288,64.46458343718645,64.02523889964809,64.32479095458984,17000,0.0,0.0,0.0
2024-02-26 00:00:00-05:00,64.81406644036699,64.81406644036699,64.5544485882405,64.6043701171875,22800,0.0,0.0,0.0
2024-02-27 00:00:00-05:00,64.76414206520532,64.79409650840425,64.51451154772245,64.66429138183594,19300,0.0,0.0,0.0
2024-02-28 00:00:00-05:00,64.66428661728946,64.72419549927316,64.43462320615484,64.6043701171875,24400,0.0,0.0,0.0
2024-02-29 00:00:00-05:00,64.83403293308331,65.33329392667918,64.83403293308331,65.25341033935547,20200,0.0,0.0,0.0
2024-03-01 00:00:00-05:00,65.25341324849191,65.25341324849191,64.95386120985063,65.03373718261719,137300,0.0,0.0,0.0
2024-03-04 00:00:00-05:00,64.96384234903783,65.17353106605381,64.92390055273212,65.1635513305664,16500,0.0,0.0,0.0
2024-03-05 00:00:00-05:00,65.333298764452,65.50304568649557,64.88396688419105,64.9937973022461,19500,0.0,0.0,0.0
2024-03-06 00:00:00-05:00,65.22346113282813,65.51303344652612,65.21347377908164,65.3033447265625,28400,0.0,0.0,0.0
2024-03-07 00:00:00-05:00,65.53300140313013,65.71273568235156,65.44313807257885,65.60289764404297,24400,0.0,0.0,0.0
2024-03-08 00:00:00-05:00,65.53300183940082,65.86251595652028,65.50304739568432,65.75267791748047,27400,0.0,0.0,0.0
2024-03-11 00:00:00-04:00,65.73270791697946,66.3118525302498,65.73270791697946,65.97235107421875,14500,0.0,0.0,0.0
2024-03-12 00:00:00-04:00,66.1321215316623,66.28189375102721,66.00230878405408,66.22198486328125,10100,0.0,0.0,0.0
2024-03-13 00:00:00-04:00,66.34181016468956,66.67131666495337,66.34181016468956,66.54151153564453,20100,0.0,0.0,0.0
2024-03-14 00:00:00-04:00,66.51155385871549,66.51155385871549,65.82257121160973,66.13211822509766,34400,0.0,0.0,0.0
2024-03-15 00:00:00-04:00,65.9523862142816,66.59143973392978,65.9523862142816,66.56148529052734,23300,0.0,0.0,0.0
2024-03-18 00:00:00-04:00,66.4416546062346,67.05075363396114,66.4416546062346,66.8310775756836,51000,0.0,0.0,0.0
2024-03-19 00:00:00-04:00,67.09069867390271,67.2804126822241,66.99084037485935,67.24047088623047,33000,0.0,0.0,0.0
2024-03-20 00:00:00-04:00,67.37028356173414,67.56000518798828,67.21051637791619,67.56000518798828,43500,0.0,0.0,0.0
2024-03-21 00:00:00-04:00,67.73999786376953,68.0,67.44000244140625,67.87999725341797,27400,0.1,0.0,0.0
2024-03-22 00:00:00-04:00,67.91000366210938,67.91999816894531,67.6500015258789,67.80000305175781,21200,0.0,0.0,0.0
2024-03-25 00:00:00-04:00,67.87000274658203,68.08999633789062,67.7300033569336,67.81999969482422,41200,0.0,0.0,0.0
2024-03-26 00:00:00-04:00,67.91000366210938,68.05000305175781,67.81999969482422,67.81999969482422,29600,0.0,0.0,0.0
2024-03-27 00:00:00-04:00,68.08999633789062,68.51000213623047,68.08999633789062,68.48999786376953,34900,0.0,0.0,0.0
2024-03-28 00:00:00-04:00,68.63999938964844,68.83000183105469,68.4800033569336,68.48999786376953,24000,0.0,0.0,0.0
2024-04-01 00:00:00-04:00,68.4800033569336,68.55999755859375,68.29000091552734,68.29000091552734,67000,0.0,0.0,0.0
2024-04-02 00:00:00-04:00,67.98999786376953,68.06999969482422,67.83000183105469,67.95999908447266,54900,0.0,0.0,0.0
2024-04-03 00:00:00-04:00,67.79000091552734,67.79000091552734,67.19999694824219,67.27999877929688,29800,0.0,0.0,0.0
2024-04-04 00:00:00-04:00,67.5,67.5,66.66999816894531,66.86000061035156,34500,0.0,0.0,0.0
2024-04-05 00:00:00-04:00,66.8499984741211,67.19000244140625,66.8499984741211,67.13999938964844,16600,0.0,0.0,0.0
2024-04-08 00:00:00-04:00,67.0199966430664,67.33999633789062,67.0199966430664,67.12000274658203,8100,0.0,0.0,0.0
2024-04-09 00:00:00-04:00,67.23999786376953,67.44000244140625,66.87000274658203,67.43000030517578,15300,0.0,0.0,0.0
2024-04-10 00:00:00-04:00,66.8499984741211,67.16000366210938,66.66999816894531,66.95999908447266,24700,0.0,0.0,0.0
2024-04-11 00:00:00-04:00,67.05999755859375,67.05999755859375,66.3499984741211,66.37000274658203,28000,0.0,0.0,0.0
2024-04-12 00:00:00-04:00,66.1500015258789,66.1500015258789,65.18000030517578,65.20999908447266,24700,0.0,0.0,0.0
2024-04-15 00:00:00-04:00,65.58000183105469,65.69000244140625,64.8499984741211,64.97000122070312,21300,0.0,0.0,0.0
2024-04-16 00:00:00-04:00,65.05999755859375,65.25,64.88999938964844,65.11000061035156,27700,0.0,0.0,0.0
2024-04-17 00:00:00-04:00,65.4800033569336,65.4800033569336,64.88999938964844,65.02999877929688,21100,0.0,0.0,0.0
2024-04-18 00:00:00-04:00,65.25,65.30999755859375,64.95999908447266,65.2300033569336,25200,0.0,0.0,0.0
2024-04-19 00:00:00-04:00,65.16999816894531,66.0,65.16999816894531,65.9800033569336,19600,0.0,0.0,0.0
2024-04-22 00:00:00-04:00,66.23999786376953,66.68000030517578,66.01000213623047,66.47000122070312,20900,0.0,0.0,0.0
2024-04-23 00:00:00-04:00,66.52999877929688,66.79000091552734,66.52999877929688,66.69000244140625,22900,0.0,0.0,0.0
2024-04-24 00:00:00-04:00,66.33000183105469,66.94000244140625,66.30000305175781,66.88999938964844,12000,0.0,0.0,0.0
2024-04-25 00:00:00-04:00,66.81999969482422,67.0199966430664,66.5999984741211,66.81999969482422,9700,0.0,0.0,0.0
2024-04-26 00:00:00-04:00,66.91000366210938,66.93000030517578,66.62999725341797,66.62999725341797,3600,0.0,0.0,0.0
2024-04-29 00:00:00-04:00,66.7699966430664,66.98999786376953,66.66000366210938,66.9800033569336,25900,0.0,0.0,0.0
2024-04-30 00:00:00-04:00,66.80000305175781,66.80000305175781,66.29000091552734,66.29000091552734,25400,0.0,0.0,0.0
2024-05-01 00:00:00-04:00,65.7300033569336,65.7300033569336,65.18000030517578,65.30999755859375,9900,0.0,0.0,0.0
2024-05-02 00:00:00-04:00,65.55000305175781,65.91999816894531,65.37000274658203,65.75,6600,0.0,0.0,0.0
2024-05-03 00:00:00-04:00,65.91999816894531,65.94999694824219,65.62999725341797,65.79000091552734,18700,0.0,0.0,0.0
2024-05-06 00:00:00-04:00,66.43000030517578,66.43000030517578,65.9000015258789,66.2300033569336,23400,0.0,0.0,0.0
2024-05-07 00:00:00-04:00,66.7300033569336,66.8499984741211,66.62000274658203,66.83000183105469,16700,0.0,0.0,0.0
2024-05-08 00:00:00-04:00,66.51000213623047,66.80999755859375,66.5,66.58000183105469,13000,0.0,0.0,0.0
2024-05-09 00:00:00-04:00,66.61000061035156,67.38999938964844,66.61000061035156,67.31999969482422,19600,0.0,0.0,0.0
2024-05-10 00:00:00-04:00,67.44999694824219,67.80999755859375,67.44999694824219,67.80999755859375,10500,0.0,0.0,0.0
2024-05-13 00:00:00-04:00,67.97000122070312,68.37999725341797,67.94000244140625,67.98999786376953,26200,0.0,0.0,0.0
2024-05-14 00:00:00-04:00,68.26000213623047,68.26000213623047,67.75,67.9000015258789,9100,0.0,0.0,0.0
2024-05-15 00:00:00-04:00,68.11000061035156,68.11000061035156,67.62999725341797,67.66999816894531,12200,0.0,0.0,0.0
2024-05-16 00:00:00-04:00,67.76000213623047,68.30999755859375,67.76000213623047,68.30000305175781,38600,0.0,0.0,0.0
2024-05-17 00:00:00-04:00,68.16999816894531,68.2300033569336,68.01000213623047,68.06999969482422,10000,0.0,0.0,0.0
2024-05-20 00:00:00-04:00,68.12999725341797,68.12999725341797,67.79000091552734,67.83000183105469,13300,0.0,0.0,0.0
2024-05-21 00:00:00-04:00,67.76000213623047,67.83999633789062,67.55000305175781,67.83999633789062,6900,0.0,0.0,0.0
2024-05-22 00:00:00-04:00,67.62999725341797,67.69000244140625,67.48999786376953,67.56999969482422,8200,0.0,0.0,0.0
2024-05-23 00:00:00-04:00,67.5199966430664,67.5199966430664,66.7699966430664,66.83999633789062,8400,0.0,0.0,0.0
2024-05-24 00:00:00-04:00,66.97000122070312,67.1500015258789,66.94000244140625,67.02999877929688,162500,0.0,0.0,0.0
2024-05-28 00:00:00-04:00,66.94000244140625,66.94000244140625,65.77999877929688,66.02999877929688,20800,0.0,0.0,0.0
2024-05-29 00:00:00-04:00,65.56999969482422,65.62000274658203,65.2300033569336,65.2300033569336,15600,0.0,0.0,0.0
2024-05-30 00:00:00-04:00,65.47000122070312,65.47000122070312,65.1500015258789,65.25,21200,0.0,0.0,0.0
2024-05-31 00:00:00-04:00,65.30000305175781,66.69000244140625,65.30000305175781,66.69000244140625,30800,0.0,0.0,0.0
2024-06-03 00:00:00-04:00,66.55999755859375,66.80000305175781,66.16000366210938,66.37000274658203,11300,0.0,0.0,0.0
2024-06-04 00:00:00-04:00,66.19000244140625,66.19000244140625,65.93000030517578,65.93000030517578,11600,0.0,0.0,0.0
2024-06-05 00:00:00-04:00,65.91999816894531,65.91999816894531,65.37999725341797,65.7699966430664,11300,0.0,0.0,0.0
2024-06-06 00:00:00-04:00,65.55000305175781,66.12999725341797,65.55000305175781,65.97000122070312,15800,0.0,0.0,0.0
2024-06-07 00:00:00-04:00,65.75,66.05000305175781,65.56999969482422,65.58000183105469,7700,0.0,0.0,0.0
2024-06-10 00:00:00-04:00,65.45999908447266,65.45999908447266,64.73999786376953,65.22000122070312,9100,0.0,0.0,0.0
2024-06-11 00:00:00-04:00,65.06999969482422,65.11000061035156,64.66000366210938,65.08999633789062,10700,0.0,0.0,0.0
2024-06-12 00:00:00-04:00,65.47000122070312,65.47000122070312,64.72000122070312,64.72000122070312,13100,0.0,0.0,0.0
2024-06-13 00:00:00-04:00,64.61000061035156,64.7300033569336,64.08999633789062,64.6500015258789,25400,0.0,0.0,0.0
2024-06-14 00:00:00-04:00,64.55999755859375,64.55999755859375,64.13999938964844,64.2699966430664,8700,0.0,0.0,0.0
