Date,Open,High,Low,Close,Volume,Dividends,Stock Splits
2021-03-23 00:00:00-04:00,6.0,7.449999809265137,5.550000190734863,6.599999904632568,1617200,0.0,0.0
2021-03-24 00:00:00-04:00,6.590000152587891,6.619999885559082,5.260000228881836,5.360000133514404,418800,0.0,0.0
2021-03-25 00:00:00-04:00,5.420000076293945,5.8429999351501465,5.25,5.25,258000,0.0,0.0
2021-03-26 00:00:00-04:00,5.5,5.817999839782715,5.289999961853027,5.639999866485596,217900,0.0,0.0
2021-03-29 00:00:00-04:00,5.800000190734863,6.0,5.449999809265137,5.800000190734863,155700,0.0,0.0
2021-03-30 00:00:00-04:00,5.961999893188477,5.961999893188477,5.5,5.699999809265137,73400,0.0,0.0
2021-03-31 00:00:00-04:00,5.539999961853027,5.829999923706055,5.449999809265137,5.539999961853027,66100,0.0,0.0
2021-04-01 00:00:00-04:00,5.480000019073486,5.699999809265137,5.400000095367432,5.519999980926514,56800,0.0,0.0
2021-04-05 00:00:00-04:00,5.760000228881836,5.900000095367432,5.439000129699707,5.730000019073486,51000,0.0,0.0
2021-04-06 00:00:00-04:00,5.730000019073486,6.019999980926514,5.679999828338623,5.980000019073486,81700,0.0,0.0
2021-04-07 00:00:00-04:00,6.190000057220459,6.639999866485596,5.820000171661377,6.639999866485596,79300,0.0,0.0
2021-04-08 00:00:00-04:00,6.599999904632568,6.599999904632568,6.0,6.5,84500,0.0,0.0
2021-04-09 00:00:00-04:00,6.5,6.5,6.159999847412109,6.195000171661377,35400,0.0,0.0
2021-04-12 00:00:00-04:00,6.21999979019165,6.21999979019165,5.909999847412109,6.099999904632568,30200,0.0,0.0
2021-04-13 00:00:00-04:00,6.099999904632568,6.099999904632568,5.769999980926514,6.010000228881836,42100,0.0,0.0
2021-04-14 00:00:00-04:00,5.989999771118164,5.989999771118164,5.510000228881836,5.880000114440918,97000,0.0,0.0
2021-04-15 00:00:00-04:00,5.900000095367432,5.900000095367432,5.599999904632568,5.650000095367432,25800,0.0,0.0
2021-04-16 00:00:00-04:00,5.559999942779541,5.565999984741211,5.320000171661377,5.480000019073486,60000,0.0,0.0
2021-04-19 00:00:00-04:00,5.480000019073486,5.480000019073486,5.300000190734863,5.340000152587891,26300,0.0,0.0
2021-04-20 00:00:00-04:00,5.400000095367432,5.400000095367432,5.199999809265137,5.199999809265137,15500,0.0,0.0
2021-04-21 00:00:00-04:00,5.309999942779541,5.414999961853027,5.300000190734863,5.349999904632568,6000,0.0,0.0
2021-04-22 00:00:00-04:00,5.349999904632568,5.570000171661377,5.349999904632568,5.5,8700,0.0,0.0
2021-04-23 00:00:00-04:00,5.639999866485596,5.824999809265137,5.159999847412109,5.302999973297119,29600,0.0,0.0
2021-04-26 00:00:00-04:00,5.440000057220459,5.489999771118164,5.329999923706055,5.363999843597412,12100,0.0,0.0
2021-04-27 00:00:00-04:00,5.489999771118164,5.5,5.300000190734863,5.449999809265137,29100,0.0,0.0
2021-04-28 00:00:00-04:00,5.5,5.760000228881836,5.440000057220459,5.760000228881836,33500,0.0,0.0
2021-04-29 00:00:00-04:00,5.599999904632568,5.599999904632568,5.25,5.5,38900,0.0,0.0
2021-04-30 00:00:00-04:00,5.489999771118164,5.5,5.300000190734863,5.460000038146973,28200,0.0,0.0
2021-05-03 00:00:00-04:00,5.409999847412109,5.489999771118164,5.300000190734863,5.389999866485596,17300,0.0,0.0
2021-05-04 00:00:00-04:00,5.5,5.5,5.21999979019165,5.329999923706055,21800,0.0,0.0
2021-05-05 00:00:00-04:00,5.360000133514404,5.380000114440918,5.208000183105469,5.380000114440918,12300,0.0,0.0
2021-05-06 00:00:00-04:00,5.46999979019165,5.46999979019165,5.190000057220459,5.300000190734863,28300,0.0,0.0
2021-05-07 00:00:00-04:00,5.190000057220459,5.349999904632568,5.190000057220459,5.210000038146973,17600,0.0,0.0
2021-05-10 00:00:00-04:00,5.260000228881836,5.320000171661377,5.150000095367432,5.150000095367432,21000,0.0,0.0
2021-05-11 00:00:00-04:00,5.150000095367432,5.289999961853027,5.150000095367432,5.25,22000,0.0,0.0
2021-05-12 00:00:00-04:00,5.150000095367432,5.25,5.150000095367432,5.159999847412109,26700,0.0,0.0
2021-05-13 00:00:00-04:00,5.150000095367432,5.199999809265137,5.0,5.0,108800,0.0,0.0
2021-05-14 00:00:00-04:00,5.0,5.150000095367432,5.0,5.150000095367432,31500,0.0,0.0
2021-05-17 00:00:00-04:00,5.110000133514404,5.125,5.0,5.0,12100,0.0,0.0
2021-05-18 00:00:00-04:00,5.0,5.050000190734863,5.0,5.010000228881836,33400,0.0,0.0
2021-05-19 00:00:00-04:00,5.0,5.25,4.900000095367432,4.949999809265137,25900,0.0,0.0
2021-05-20 00:00:00-04:00,5.0,5.5,4.949999809265137,5.25,22200,0.0,0.0
2021-05-21 00:00:00-04:00,5.110000133514404,5.230000019073486,5.010000228881836,5.099999904632568,9600,0.0,0.0
2021-05-24 00:00:00-04:00,5.110000133514404,5.110000133514404,4.980000019073486,4.989999771118164,20600,0.0,0.0
2021-05-25 00:00:00-04:00,5.0,5.099999904632568,4.980000019073486,5.079999923706055,5900,0.0,0.0
2021-05-26 00:00:00-04:00,5.039999961853027,5.139999866485596,4.980000019073486,5.139999866485596,39600,0.0,0.0
2021-05-27 00:00:00-04:00,5.099999904632568,5.125,5.014999866485596,5.099999904632568,8900,0.0,0.0
2021-05-28 00:00:00-04:00,5.110000133514404,5.135000228881836,5.010000228881836,5.010000228881836,16100,0.0,0.0
2021-06-01 00:00:00-04:00,5.0,5.090000152587891,4.940000057220459,4.989999771118164,30600,0.0,0.0
2021-06-02 00:00:00-04:00,5.050000190734863,5.050000190734863,4.909999847412109,4.940000057220459,13200,0.0,0.0
2021-06-03 00:00:00-04:00,4.900000095367432,5.079999923706055,4.900000095367432,4.989999771118164,10000,0.0,0.0
2021-06-04 00:00:00-04:00,4.914999961853027,5.070000171661377,4.900000095367432,5.070000171661377,16700,0.0,0.0
2021-06-07 00:00:00-04:00,5.070000171661377,5.070000171661377,4.900000095367432,4.96999979019165,33400,0.0,0.0
2021-06-08 00:00:00-04:00,4.980000019073486,5.0,4.909999847412109,4.965000152587891,35500,0.0,0.0
2021-06-09 00:00:00-04:00,4.949999809265137,4.96999979019165,4.940000057220459,4.949999809265137,16700,0.0,0.0
2021-06-10 00:00:00-04:00,4.96999979019165,5.090000152587891,4.900000095367432,5.03000020980835,88100,0.0,0.0
2021-06-11 00:00:00-04:00,5.03000020980835,5.182000160217285,5.03000020980835,5.150000095367432,22200,0.0,0.0
2021-06-14 00:00:00-04:00,5.199999809265137,5.199999809265137,5.050000190734863,5.139999866485596,62300,0.0,0.0
2021-06-15 00:00:00-04:00,5.179999828338623,5.190000057220459,4.900000095367432,4.949999809265137,105400,0.0,0.0
2021-06-16 00:00:00-04:00,4.909999847412109,5.099999904632568,4.75,5.0,178800,0.0,0.0
2021-06-17 00:00:00-04:00,5.059999942779541,5.210000038146973,5.050000190734863,5.170000076293945,49800,0.0,0.0
2021-06-18 00:00:00-04:00,5.179999828338623,5.179999828338623,4.800000190734863,4.809999942779541,153100,0.0,0.0
2021-06-21 00:00:00-04:00,4.960000038146973,4.960000038146973,4.829999923706055,4.889999866485596,49200,0.0,0.0
2021-06-22 00:00:00-04:00,4.894999980926514,4.900000095367432,4.519999980926514,4.679999828338623,76800,0.0,0.0
2021-06-23 00:00:00-04:00,4.610000133514404,4.789999961853027,4.409999847412109,4.590000152587891,117300,0.0,0.0
2021-06-24 00:00:00-04:00,4.789999961853027,5.150000095367432,4.590000152587891,5.0,74300,0.0,0.0
2021-06-25 00:00:00-04:00,5.0,5.079999923706055,4.679999828338623,5.019999980926514,73100,0.0,0.0
2021-06-28 00:00:00-04:00,5.019999980926514,5.019999980926514,4.701000213623047,4.989999771118164,81100,0.0,0.0
2021-06-29 00:00:00-04:00,4.863999843597412,4.949999809265137,4.849999904632568,4.909999847412109,8300,0.0,0.0
2021-06-30 00:00:00-04:00,4.940000057220459,5.099999904632568,4.849999904632568,5.090000152587891,41500,0.0,0.0
2021-07-01 00:00:00-04:00,5.090000152587891,5.099999904632568,5.039999961853027,5.079999923706055,7900,0.0,0.0
2021-07-02 00:00:00-04:00,5.090000152587891,5.690000057220459,5.090000152587891,5.400000095367432,113700,0.0,0.0
2021-07-06 00:00:00-04:00,5.349999904632568,5.380000114440918,4.849999904632568,5.110000133514404,40400,0.0,0.0
2021-07-07 00:00:00-04:00,5.110000133514404,5.179999828338623,4.699999809265137,4.829999923706055,38000,0.0,0.0
2021-07-08 00:00:00-04:00,5.090000152587891,5.090000152587891,4.840000152587891,4.900000095367432,12100,0.0,0.0
2021-07-09 00:00:00-04:00,4.860000133514404,5.010000228881836,4.820000171661377,4.989999771118164,49900,0.0,0.0
2021-07-12 00:00:00-04:00,4.989999771118164,4.989999771118164,4.828999996185303,4.989999771118164,5000,0.0,0.0
2021-07-13 00:00:00-04:00,4.800000190734863,5.199999809265137,4.800000190734863,5.050000190734863,48400,0.0,0.0
2021-07-14 00:00:00-04:00,5.03000020980835,5.03000020980835,4.861000061035156,4.940000057220459,4700,0.0,0.0
2021-07-15 00:00:00-04:00,4.809999942779541,4.925000190734863,4.699999809265137,4.800000190734863,20500,0.0,0.0
2021-07-16 00:00:00-04:00,4.800000190734863,4.800000190734863,4.619999885559082,4.800000190734863,20400,0.0,0.0
2021-07-19 00:00:00-04:00,4.800000190734863,5.03000020980835,4.71999979019165,4.71999979019165,7100,0.0,0.0
2021-07-20 00:00:00-04:00,4.730000019073486,4.809999942779541,4.670000076293945,4.699999809265137,41500,0.0,0.0
2021-07-21 00:00:00-04:00,4.7870001792907715,5.289999961853027,4.659999847412109,4.699999809265137,519600,0.0,0.0
2021-07-22 00:00:00-04:00,4.699999809265137,4.75,4.300000190734863,4.409999847412109,44100,0.0,0.0
2021-07-23 00:00:00-04:00,4.449999809265137,4.743000030517578,4.369999885559082,4.550000190734863,11500,0.0,0.0
2021-07-26 00:00:00-04:00,4.550000190734863,4.710000038146973,4.449999809265137,4.480000019073486,10800,0.0,0.0
2021-07-27 00:00:00-04:00,4.5,4.679999828338623,4.489999771118164,4.619999885559082,10700,0.0,0.0
2021-07-28 00:00:00-04:00,4.599999904632568,4.599999904632568,4.449999809265137,4.449999809265137,10900,0.0,0.0
2021-07-29 00:00:00-04:00,4.46999979019165,4.53000020980835,4.440000057220459,4.510000228881836,3500,0.0,0.0
2021-07-30 00:00:00-04:00,4.53000020980835,4.53000020980835,4.320000171661377,4.46999979019165,20500,0.0,0.0
2021-08-02 00:00:00-04:00,4.429999828338623,4.429999828338623,4.059999942779541,4.099999904632568,23300,0.0,0.0
2021-08-03 00:00:00-04:00,4.130000114440918,4.429999828338623,4.130000114440918,4.239999771118164,29700,0.0,0.0
2021-08-04 00:00:00-04:00,4.460000038146973,4.460000038146973,4.170000076293945,4.320000171661377,9500,0.0,0.0
2021-08-05 00:00:00-04:00,4.309999942779541,4.440000057220459,4.275000095367432,4.440000057220459,3100,0.0,0.0
2021-08-06 00:00:00-04:00,4.460000038146973,4.510000228881836,4.190000057220459,4.5,26700,0.0,0.0
2021-08-09 00:00:00-04:00,4.414999961853027,4.5,4.263999938964844,4.429999828338623,2600,0.0,0.0
2021-08-10 00:00:00-04:00,4.369999885559082,4.46999979019165,4.150000095367432,4.289999961853027,22100,0.0,0.0
2021-08-11 00:00:00-04:00,4.199999809265137,4.269999980926514,4.150000095367432,4.260000228881836,31300,0.0,0.0
2021-08-12 00:00:00-04:00,4.263000011444092,4.300000190734863,4.21999979019165,4.300000190734863,5500,0.0,0.0
2021-08-13 00:00:00-04:00,4.199999809265137,4.289999961853027,4.170000076293945,4.269999980926514,12100,0.0,0.0
2021-08-16 00:00:00-04:00,4.28000020980835,4.28000020980835,4.150000095367432,4.179999828338623,8800,0.0,0.0
2021-08-17 00:00:00-04:00,4.25,4.300000190734863,4.150000095367432,4.199999809265137,25700,0.0,0.0
2021-08-18 00:00:00-04:00,4.199999809265137,4.300000190734863,4.010000228881836,4.300000190734863,23200,0.0,0.0
2021-08-19 00:00:00-04:00,4.199999809265137,4.300000190734863,4.010000228881836,4.019999980926514,22800,0.0,0.0
2021-08-20 00:00:00-04:00,4.050000190734863,4.175000190734863,4.050000190734863,4.175000190734863,1200,0.0,0.0
2021-08-23 00:00:00-04:00,4.170000076293945,4.300000190734863,4.079999923706055,4.25,20200,0.0,0.0
2021-08-24 00:00:00-04:00,4.170000076293945,4.236000061035156,4.010000228881836,4.059999942779541,16200,0.0,0.0
2021-08-25 00:00:00-04:00,4.300000190734863,4.4670000076293945,4.258999824523926,4.300000190734863,9200,0.0,0.0
2021-08-26 00:00:00-04:00,4.199999809265137,4.229000091552734,3.990000009536743,4.21999979019165,31200,0.0,0.0
2021-08-27 00:00:00-04:00,4.230000019073486,4.340000152587891,4.119999885559082,4.119999885559082,23400,0.0,0.0
2021-08-30 00:00:00-04:00,4.130000114440918,4.396999835968018,3.990000009536743,4.150000095367432,10800,0.0,0.0
2021-08-31 00:00:00-04:00,4.079999923706055,4.130000114440918,3.9000000953674316,3.9000000953674316,25800,0.0,0.0
2021-09-01 00:00:00-04:00,3.9700000286102295,4.010000228881836,3.799999952316284,3.799999952316284,33000,0.0,0.0
2021-09-02 00:00:00-04:00,3.7209999561309814,4.065000057220459,3.7209999561309814,3.859999895095825,8000,0.0,0.0
2021-09-03 00:00:00-04:00,3.8459999561309814,4.073999881744385,3.799999952316284,4.050000190734863,14500,0.0,0.0
2021-09-07 00:00:00-04:00,4.0,4.0,3.819999933242798,3.819999933242798,4700,0.0,0.0
2021-09-08 00:00:00-04:00,3.809999942779541,4.0,3.690000057220459,3.7100000381469727,25300,0.0,0.0
2021-09-09 00:00:00-04:00,3.9000000953674316,3.9000000953674316,3.684999942779541,3.684999942779541,47500,0.0,0.0
2021-09-10 00:00:00-04:00,3.7100000381469727,3.7100000381469727,3.5,3.5,24000,0.0,0.0
2021-09-13 00:00:00-04:00,3.450000047683716,3.5999999046325684,3.450000047683716,3.549999952316284,20200,0.0,0.0
2021-09-14 00:00:00-04:00,3.5,3.6500000953674316,3.5,3.569999933242798,4500,0.0,0.0
2021-09-15 00:00:00-04:00,3.5399999618530273,3.8989999294281006,3.5,3.7699999809265137,20600,0.0,0.0
2021-09-16 00:00:00-04:00,3.5,3.700000047683716,3.5,3.6500000953674316,16600,0.0,0.0
2021-09-17 00:00:00-04:00,3.690000057220459,3.75,3.5,3.75,21600,0.0,0.0
2021-09-20 00:00:00-04:00,3.630000114440918,4.03000020980835,3.509999990463257,3.640000104904175,15000,0.0,0.0
2021-09-21 00:00:00-04:00,3.5999999046325684,3.630000114440918,3.0999999046325684,3.2200000286102295,113900,0.0,0.0
2021-09-22 00:00:00-04:00,3.369999885559082,3.890000104904175,3.253999948501587,3.7699999809265137,23500,0.0,0.0
2021-09-23 00:00:00-04:00,3.7699999809265137,3.8499999046325684,3.7699999809265137,3.813999891281128,5700,0.0,0.0
2021-09-24 00:00:00-04:00,3.825000047683716,3.880000114440918,3.799999952316284,3.869999885559082,10700,0.0,0.0
2021-09-27 00:00:00-04:00,3.950000047683716,3.950000047683716,3.8499999046325684,3.869999885559082,3700,0.0,0.0
2021-09-28 00:00:00-04:00,3.9070000648498535,3.9070000648498535,3.5799999237060547,3.5799999237060547,9400,0.0,0.0
2021-09-29 00:00:00-04:00,3.5950000286102295,3.7100000381469727,3.5,3.509999990463257,3500,0.0,0.0
2021-09-30 00:00:00-04:00,3.555000066757202,3.6600000858306885,3.4000000953674316,3.450000047683716,26900,0.0,0.0
2021-10-01 00:00:00-04:00,3.6500000953674316,3.755000114440918,3.316999912261963,3.3499999046325684,15900,0.0,0.0
2021-10-04 00:00:00-04:00,3.4100000858306885,3.5199999809265137,3.0850000381469727,3.109999895095825,40400,0.0,0.0
2021-10-05 00:00:00-04:00,3.4600000381469727,3.4600000381469727,2.7799999713897705,3.109999895095825,46500,0.0,0.0
2021-10-06 00:00:00-04:00,3.200000047683716,3.2699999809265137,3.1470000743865967,3.1500000953674316,6000,0.0,0.0
2021-10-07 00:00:00-04:00,3.190000057220459,3.4000000953674316,3.0199999809265137,3.0199999809265137,21100,0.0,0.0
2021-10-08 00:00:00-04:00,3.1500000953674316,3.25,3.0,3.0999999046325684,72000,0.0,0.0
2021-10-11 00:00:00-04:00,3.0,3.200000047683716,3.0,3.180000066757202,6700,0.0,0.0
2021-10-12 00:00:00-04:00,3.125,3.200000047683716,2.990000009536743,3.0,49000,0.0,0.0
2021-10-13 00:00:00-04:00,2.990000009536743,3.180000066757202,2.8499999046325684,3.0999999046325684,38100,0.0,0.0
2021-10-14 00:00:00-04:00,3.0999999046325684,3.140000104904175,2.990000009536743,3.053999900817871,19300,0.0,0.0
2021-10-15 00:00:00-04:00,2.990000009536743,3.200000047683716,2.990000009536743,3.0299999713897705,11300,0.0,0.0
2021-10-18 00:00:00-04:00,3.009999990463257,3.1600000858306885,3.009999990463257,3.0999999046325684,1800,0.0,0.0
2021-10-19 00:00:00-04:00,3.0,3.140000104904175,3.0,3.0199999809265137,27100,0.0,0.0
2021-10-20 00:00:00-04:00,3.0299999713897705,3.134999990463257,3.0,3.0399999618530273,7100,0.0,0.0
2021-10-21 00:00:00-04:00,3.134999990463257,3.134999990463257,3.059999942779541,3.124000072479248,6700,0.0,0.0
2021-10-22 00:00:00-04:00,3.109999895095825,3.1500000953674316,3.0199999809265137,3.1500000953674316,19300,0.0,0.0
2021-10-25 00:00:00-04:00,3.1389999389648438,3.1500000953674316,3.0199999809265137,3.0999999046325684,13300,0.0,0.0
2021-10-26 00:00:00-04:00,3.0940001010894775,3.740000009536743,3.049999952316284,3.5999999046325684,213900,0.0,0.0
2021-10-27 00:00:00-04:00,3.5,3.8499999046325684,3.450000047683716,3.690000057220459,134500,0.0,0.0
2021-10-28 00:00:00-04:00,3.640000104904175,3.809999942779541,3.640000104904175,3.7899999618530273,20800,0.0,0.0
2021-10-29 00:00:00-04:00,3.619999885559082,3.819999933242798,3.4600000381469727,3.640000104904175,12600,0.0,0.0
2021-11-01 00:00:00-04:00,3.7200000286102295,3.7200000286102295,3.430000066757202,3.4600000381469727,19000,0.0,0.0
2021-11-02 00:00:00-04:00,3.4660000801086426,3.809999942779541,3.4000000953674316,3.5,8300,0.0,0.0
2021-11-03 00:00:00-04:00,3.5980000495910645,3.7760000228881836,3.3959999084472656,3.6700000762939453,43100,0.0,0.0
2021-11-04 00:00:00-04:00,3.609999895095825,3.811000108718872,3.5,3.5399999618530273,20200,0.0,0.0
2021-11-05 00:00:00-04:00,3.5350000858306885,3.5899999141693115,3.5,3.5899999141693115,13100,0.0,0.0
2021-11-08 00:00:00-05:00,3.5899999141693115,3.5999999046325684,3.5199999809265137,3.5999999046325684,27900,0.0,0.0
2021-11-09 00:00:00-05:00,3.509999990463257,3.7799999713897705,3.0999999046325684,3.369999885559082,104500,0.0,0.0
2021-11-10 00:00:00-05:00,3.380000114440918,3.569999933242798,3.0999999046325684,3.369999885559082,44000,0.0,0.0
2021-11-11 00:00:00-05:00,3.4000000953674316,3.5399999618530273,3.3499999046325684,3.4700000286102295,46200,0.0,0.0
2021-11-12 00:00:00-05:00,3.5899999141693115,3.640000104904175,3.5,3.569000005722046,16800,0.0,0.0
2021-11-15 00:00:00-05:00,3.559999942779541,3.569999933242798,3.1500000953674316,3.2799999713897705,78200,0.0,0.0
2021-11-16 00:00:00-05:00,3.380000114440918,3.740000009536743,3.2899999618530273,3.7200000286102295,150300,0.0,0.0
2021-11-17 00:00:00-05:00,3.619999885559082,4.199999809265137,3.5769999027252197,4.199999809265137,125800,0.0,0.0
2021-11-18 00:00:00-05:00,4.139999866485596,4.190000057220459,3.8499999046325684,4.130000114440918,63900,0.0,0.0
2021-11-19 00:00:00-05:00,4.090000152587891,4.179999828338623,3.7200000286102295,3.8499999046325684,40300,0.0,0.0
2021-11-22 00:00:00-05:00,3.880000114440918,4.010000228881836,3.6519999504089355,3.700000047683716,37800,0.0,0.0
2021-11-23 00:00:00-05:00,3.740000009536743,3.890000104904175,3.617000102996826,3.890000104904175,114800,0.0,0.0
2021-11-24 00:00:00-05:00,3.8299999237060547,3.940000057220459,3.630000114440918,3.6700000762939453,49600,0.0,0.0
2021-11-26 00:00:00-05:00,3.740000009536743,4.050000190734863,3.619999885559082,3.680000066757202,16200,0.0,0.0
2021-11-29 00:00:00-05:00,3.630000114440918,3.8499999046325684,3.5,3.5799999237060547,35300,0.0,0.0
2021-11-30 00:00:00-05:00,3.569999933242798,3.690000057220459,3.509000062942505,3.609999895095825,82600,0.0,0.0
2021-12-01 00:00:00-05:00,3.5,3.6730000972747803,3.5,3.5999999046325684,31000,0.0,0.0
2021-12-02 00:00:00-05:00,3.5,3.505000114440918,3.0999999046325684,3.200000047683716,114400,0.0,0.0
2021-12-03 00:00:00-05:00,3.2100000381469727,3.390000104904175,3.200000047683716,3.2300000190734863,25400,0.0,0.0
2021-12-06 00:00:00-05:00,3.2300000190734863,3.2300000190734863,3.009999990463257,3.0199999809265137,66100,0.0,0.0
2021-12-07 00:00:00-05:00,3.049999952316284,3.2100000381469727,2.9749999046325684,3.130000114440918,193300,0.0,0.0
2021-12-08 00:00:00-05:00,3.0999999046325684,3.1500000953674316,2.8499999046325684,3.0799999237060547,110800,0.0,0.0
2021-12-09 00:00:00-05:00,3.059999942779541,3.430000066757202,3.009999990463257,3.2899999618530273,79900,0.0,0.0
2021-12-10 00:00:00-05:00,3.2799999713897705,3.316999912261963,2.9600000381469727,3.0199999809265137,120400,0.0,0.0
2021-12-13 00:00:00-05:00,2.950000047683716,3.0999999046325684,2.880000114440918,2.9700000286102295,88600,0.0,0.0
2021-12-14 00:00:00-05:00,2.9100000858306885,2.9749999046325684,2.680000066757202,2.700000047683716,102000,0.0,0.0
2021-12-15 00:00:00-05:00,2.7200000286102295,2.9000000953674316,2.700000047683716,2.9000000953674316,110400,0.0,0.0
2021-12-16 00:00:00-05:00,2.890000104904175,3.180000066757202,2.890000104904175,3.0999999046325684,170800,0.0,0.0
2021-12-17 00:00:00-05:00,3.109999895095825,3.240000009536743,3.0,3.2200000286102295,137600,0.0,0.0
2021-12-20 00:00:00-05:00,3.190000057220459,3.2200000286102295,2.8499999046325684,2.9000000953674316,190300,0.0,0.0
2021-12-21 00:00:00-05:00,2.869999885559082,3.299999952316284,2.869999885559082,3.2100000381469727,109800,0.0,0.0
2021-12-22 00:00:00-05:00,3.200000047683716,3.200000047683716,2.990000009536743,3.1600000858306885,17400,0.0,0.0
2021-12-23 00:00:00-05:00,3.1600000858306885,3.1600000858306885,2.759999990463257,2.9800000190734863,127700,0.0,0.0
2021-12-27 00:00:00-05:00,2.9000000953674316,3.0199999809265137,2.809999942779541,2.890000104904175,71100,0.0,0.0
2021-12-28 00:00:00-05:00,2.9100000858306885,2.990000009536743,2.7100000381469727,2.7899999618530273,69900,0.0,0.0
2021-12-29 00:00:00-05:00,2.950000047683716,3.118000030517578,2.7100000381469727,3.0,76700,0.0,0.0
2021-12-30 00:00:00-05:00,3.0,3.390000104904175,3.0,3.390000104904175,74100,0.0,0.0
2021-12-31 00:00:00-05:00,3.450000047683716,3.8499999046325684,3.4000000953674316,3.799999952316284,129600,0.0,0.0
2022-01-03 00:00:00-05:00,3.9800000190734863,4.099999904632568,3.8299999237060547,3.9800000190734863,45600,0.0,0.0
2022-01-04 00:00:00-05:00,4.03000020980835,4.079999923706055,3.7869999408721924,3.940000057220459,32100,0.0,0.0
2022-01-05 00:00:00-05:00,4.110000133514404,4.110000133514404,3.690000057220459,3.7300000190734863,62000,0.0,0.0
2022-01-06 00:00:00-05:00,3.799999952316284,3.9800000190734863,3.609999895095825,3.75,16000,0.0,0.0
2022-01-07 00:00:00-05:00,3.819999933242798,3.990000009536743,3.7679998874664307,3.9200000762939453,57000,0.0,0.0
2022-01-10 00:00:00-05:00,3.990000009536743,3.990000009536743,3.7100000381469727,3.8399999141693115,48300,0.0,0.0
2022-01-11 00:00:00-05:00,3.7699999809265137,3.9700000286102295,3.6700000762939453,3.7699999809265137,23000,0.0,0.0
2022-01-12 00:00:00-05:00,3.7669999599456787,3.819999933242798,3.5999999046325684,3.819999933242798,17800,0.0,0.0
2022-01-13 00:00:00-05:00,3.8299999237060547,3.865000009536743,3.5999999046325684,3.700000047683716,42300,0.0,0.0
2022-01-14 00:00:00-05:00,3.609999895095825,3.7249999046325684,3.3499999046325684,3.4800000190734863,17400,0.0,0.0
2022-01-18 00:00:00-05:00,3.380000114440918,3.3949999809265137,3.25,3.259999990463257,36300,0.0,0.0
2022-01-19 00:00:00-05:00,3.259999990463257,3.299999952316284,3.049999952316284,3.0799999237060547,23200,0.0,0.0
2022-01-20 00:00:00-05:00,3.2200000286102295,3.2200000286102295,2.950000047683716,3.0899999141693115,38000,0.0,0.0
2022-01-21 00:00:00-05:00,2.9800000190734863,3.1500000953674316,2.7899999618530273,3.0799999237060547,93900,0.0,0.0
2022-01-24 00:00:00-05:00,3.0199999809265137,3.119999885559082,2.6700000762939453,2.809999942779541,99000,0.0,0.0
2022-01-25 00:00:00-05:00,2.6989998817443848,2.8399999141693115,2.5299999713897705,2.8399999141693115,79900,0.0,0.0
2022-01-26 00:00:00-05:00,2.819999933242798,2.930000066757202,2.799999952316284,2.799999952316284,27500,0.0,0.0
2022-01-27 00:00:00-05:00,2.9690001010894775,2.9690001010894775,2.619999885559082,2.640000104904175,24100,0.0,0.0
2022-01-28 00:00:00-05:00,2.799999952316284,2.799999952316284,2.1600000858306885,2.390000104904175,146300,0.0,0.0
2022-01-31 00:00:00-05:00,2.680000066757202,2.680000066757202,2.3380000591278076,2.380000114440918,16900,0.0,0.0
2022-02-01 00:00:00-05:00,2.380000114440918,2.619999885559082,2.380000114440918,2.619999885559082,31200,0.0,0.0
2022-02-02 00:00:00-05:00,2.609999895095825,2.609999895095825,2.4000000953674316,2.490000009536743,7700,0.0,0.0
2022-02-03 00:00:00-05:00,2.359999895095825,2.5859999656677246,2.359999895095825,2.4700000286102295,24500,0.0,0.0
2022-02-04 00:00:00-05:00,2.434999942779541,2.509999990463257,2.380000114440918,2.4200000762939453,23000,0.0,0.0
2022-02-07 00:00:00-05:00,2.5,2.5,2.365000009536743,2.4000000953674316,6100,0.0,0.0
2022-02-08 00:00:00-05:00,2.369999885559082,2.5399999618530273,2.369999885559082,2.5299999713897705,19200,0.0,0.0
2022-02-09 00:00:00-05:00,2.5199999809265137,2.6500000953674316,2.5199999809265137,2.6500000953674316,10800,0.0,0.0
2022-02-10 00:00:00-05:00,2.7799999713897705,2.812000036239624,2.5,2.5,14200,0.0,0.0
2022-02-11 00:00:00-05:00,2.7100000381469727,2.7899999618530273,2.5999999046325684,2.740000009536743,5000,0.0,0.0
2022-02-14 00:00:00-05:00,2.740000009536743,2.740000009536743,2.549999952316284,2.5999999046325684,9400,0.0,0.0
2022-02-15 00:00:00-05:00,2.5299999713897705,3.0,2.4800000190734863,3.0,31300,0.0,0.0
2022-02-16 00:00:00-05:00,3.0,3.0,2.8450000286102295,2.990000009536743,18500,0.0,0.0
2022-02-17 00:00:00-05:00,2.9000000953674316,2.9700000286102295,2.880000114440918,2.9600000381469727,8200,0.0,0.0
2022-02-18 00:00:00-05:00,2.950000047683716,3.0,2.9100000858306885,2.9700000286102295,2400,0.0,0.0
2022-02-22 00:00:00-05:00,3.0,3.1489999294281006,2.8299999237060547,2.8299999237060547,42700,0.0,0.0
2022-02-23 00:00:00-05:00,3.140000104904175,3.140000104904175,2.8550000190734863,2.884999990463257,14700,0.0,0.0
2022-02-24 00:00:00-05:00,2.869999885559082,3.009999990463257,2.8299999237060547,2.8399999141693115,11900,0.0,0.0
2022-02-25 00:00:00-05:00,2.869999885559082,3.009999990463257,2.819999933242798,2.950000047683716,11900,0.0,0.0
2022-02-28 00:00:00-05:00,3.0,3.299999952316284,3.0,3.200000047683716,40000,0.0,0.0
2022-03-01 00:00:00-05:00,3.1700000762939453,3.242000102996826,3.0,3.0299999713897705,15100,0.0,0.0
2022-03-02 00:00:00-05:00,3.200000047683716,3.2799999713897705,3.0,3.2799999713897705,9300,0.0,0.0
2022-03-03 00:00:00-05:00,3.2699999809265137,3.2699999809265137,2.9000000953674316,2.9000000953674316,39600,0.0,0.0
2022-03-04 00:00:00-05:00,3.119999885559082,3.119999885559082,2.765000104904175,2.940000057220459,7000,0.0,0.0
2022-03-07 00:00:00-05:00,2.930000066757202,2.930000066757202,2.549999952316284,2.549999952316284,31500,0.0,0.0
2022-03-08 00:00:00-05:00,2.559999942779541,2.7799999713897705,2.559999942779541,2.7249999046325684,16100,0.0,0.0
2022-03-09 00:00:00-05:00,2.819999933242798,2.9700000286102295,2.740000009536743,2.8399999141693115,6900,0.0,0.0
2022-03-10 00:00:00-05:00,2.8550000190734863,2.9800000190734863,2.765000104904175,2.9600000381469727,4400,0.0,0.0
2022-03-11 00:00:00-05:00,3.0,3.0,2.7100000381469727,2.9700000286102295,4600,0.0,0.0
2022-03-14 00:00:00-04:00,2.8450000286102295,2.8450000286102295,2.6500000953674316,2.680000066757202,19100,0.0,0.0
2022-03-15 00:00:00-04:00,2.740000009536743,2.740000009536743,2.740000009536743,2.740000009536743,1000,0.0,0.0
2022-03-16 00:00:00-04:00,2.5799999237060547,2.6500000953674316,2.569999933242798,2.5799999237060547,13200,0.0,0.0
2022-03-17 00:00:00-04:00,2.680000066757202,2.680000066757202,2.5799999237060547,2.5799999237060547,11200,0.0,0.0
2022-03-18 00:00:00-04:00,2.5959999561309814,2.819999933242798,2.569999933242798,2.819999933242798,45200,0.0,0.0
2022-03-21 00:00:00-04:00,2.75,2.880000114440918,2.5759999752044678,2.609999895095825,8000,0.0,0.0
2022-03-22 00:00:00-04:00,2.569999933242798,2.8550000190734863,2.5199999809265137,2.5899999141693115,14600,0.0,0.0
2022-03-23 00:00:00-04:00,2.5439999103546143,2.8399999141693115,2.5439999103546143,2.819999933242798,3500,0.0,0.0
2022-03-24 00:00:00-04:00,2.819999933242798,2.869999885559082,2.7699999809265137,2.809999942779541,18000,0.0,0.0
2022-03-25 00:00:00-04:00,2.990000009536743,2.990000009536743,2.799999952316284,2.799999952316284,3200,0.0,0.0
2022-03-28 00:00:00-04:00,2.619999885559082,2.759999990463257,2.509999990463257,2.615000009536743,10900,0.0,0.0
2022-03-29 00:00:00-04:00,2.5950000286102295,2.680000066757202,2.509999990463257,2.680000066757202,10900,0.0,0.0
2022-03-30 00:00:00-04:00,2.509999990463257,2.7899999618530273,2.509999990463257,2.7699999809265137,4800,0.0,0.0
2022-03-31 00:00:00-04:00,2.630000114440918,2.8499999046325684,2.5999999046325684,2.7100000381469727,21100,0.0,0.0
2022-04-01 00:00:00-04:00,2.8399999141693115,2.950000047683716,2.5299999713897705,2.799999952316284,16400,0.0,0.0
2022-04-04 00:00:00-04:00,2.869999885559082,3.109999895095825,2.859999895095825,3.0199999809265137,24000,0.0,0.0
2022-04-05 00:00:00-04:00,3.140000104904175,3.2699999809265137,2.934999942779541,3.0,15700,0.0,0.0
2022-04-06 00:00:00-04:00,2.990000009536743,3.0,2.700000047683716,2.869999885559082,20700,0.0,0.0
2022-04-07 00:00:00-04:00,2.9100000858306885,3.0,2.7200000286102295,2.869999885559082,43600,0.0,0.0
2022-04-08 00:00:00-04:00,2.799999952316284,2.9769999980926514,2.799999952316284,2.940000057220459,5500,0.0,0.0
2022-04-11 00:00:00-04:00,2.9000000953674316,2.9000000953674316,2.799999952316284,2.8499999046325684,4300,0.0,0.0
2022-04-12 00:00:00-04:00,2.809999942779541,2.8499999046325684,2.6500000953674316,2.8299999237060547,23700,0.0,0.0
2022-04-13 00:00:00-04:00,2.694999933242798,2.819999933242798,2.694999933242798,2.819999933242798,600,0.0,0.0
2022-04-14 00:00:00-04:00,2.799999952316284,2.799999952316284,2.5199999809265137,2.5399999618530273,29100,0.0,0.0
2022-04-18 00:00:00-04:00,2.687999963760376,2.8399999141693115,2.509999990463257,2.5799999237060547,20300,0.0,0.0
2022-04-19 00:00:00-04:00,2.5,2.6540000438690186,2.4649999141693115,2.4700000286102295,8400,0.0,0.0
2022-04-20 00:00:00-04:00,2.5,2.6500000953674316,2.4000000953674316,2.5399999618530273,21100,0.0,0.0
2022-04-21 00:00:00-04:00,2.5399999618530273,2.640000104904175,2.2990000247955322,2.299999952316284,15800,0.0,0.0
2022-04-22 00:00:00-04:00,2.3499999046325684,2.359999895095825,2.25,2.3399999141693115,12200,0.0,0.0
2022-04-25 00:00:00-04:00,2.3499999046325684,2.3499999046325684,2.2100000381469727,2.2200000286102295,14500,0.0,0.0
2022-04-26 00:00:00-04:00,2.200000047683716,2.299999952316284,2.1500000953674316,2.259999990463257,11400,0.0,0.0
2022-04-27 00:00:00-04:00,2.200000047683716,2.559999942779541,2.200000047683716,2.3550000190734863,29300,0.0,0.0
2022-04-28 00:00:00-04:00,2.3289999961853027,2.3299999237060547,2.25,2.3299999237060547,1100,0.0,0.0
2022-04-29 00:00:00-04:00,2.1689999103546143,2.549999952316284,2.1689999103546143,2.549999952316284,12600,0.0,0.0
2022-05-02 00:00:00-04:00,2.369999885559082,2.549999952316284,2.369999885559082,2.549999952316284,2300,0.0,0.0
2022-05-03 00:00:00-04:00,2.549999952316284,2.5999999046325684,2.4000000953674316,2.5299999713897705,9400,0.0,0.0
2022-05-04 00:00:00-04:00,2.5799999237060547,2.809999942779541,2.5,2.809999942779541,3800,0.0,0.0
2022-05-05 00:00:00-04:00,2.630000114440918,2.630000114440918,2.5,2.5999999046325684,5400,0.0,0.0
2022-05-06 00:00:00-04:00,2.5450000762939453,2.5999999046325684,2.5,2.5999999046325684,29200,0.0,0.0
2022-05-09 00:00:00-04:00,2.450000047683716,2.4649999141693115,2.3499999046325684,2.3499999046325684,32200,0.0,0.0
2022-05-10 00:00:00-04:00,2.5,2.5,2.259999990463257,2.299999952316284,15000,0.0,0.0
2022-05-11 00:00:00-04:00,2.259999990463257,2.26200008392334,1.8700000047683716,1.9600000381469727,75900,0.0,0.0
2022-05-12 00:00:00-04:00,1.899999976158142,2.234999895095825,1.6399999856948853,1.850000023841858,76600,0.0,0.0
2022-05-13 00:00:00-04:00,1.909999966621399,1.9700000286102295,1.840000033378601,1.9500000476837158,54000,0.0,0.0
2022-05-16 00:00:00-04:00,2.0799999237060547,2.0799999237060547,1.9800000190734863,1.9900000095367432,4700,0.0,0.0
2022-05-17 00:00:00-04:00,2.0799999237060547,2.119999885559082,2.0420000553131104,2.109999895095825,12700,0.0,0.0
2022-05-18 00:00:00-04:00,2.109999895095825,2.109999895095825,2.0,2.009999990463257,3800,0.0,0.0
2022-05-19 00:00:00-04:00,2.109999895095825,2.109999895095825,2.0199999809265137,2.0799999237060547,10800,0.0,0.0
2022-05-20 00:00:00-04:00,1.9900000095367432,2.2300000190734863,1.8600000143051147,2.009999990463257,98500,0.0,0.0
2022-05-23 00:00:00-04:00,2.049999952316284,2.075000047683716,2.049999952316284,2.049999952316284,11400,0.0,0.0
2022-05-24 00:00:00-04:00,2.005000114440918,2.005000114440918,1.909999966621399,1.909999966621399,13500,0.0,0.0
2022-05-25 00:00:00-04:00,2.0399999618530273,2.0959999561309814,2.009999990463257,2.009999990463257,27300,0.0,0.0
2022-05-26 00:00:00-04:00,2.119999885559082,2.119999885559082,1.9600000381469727,2.0899999141693115,8800,0.0,0.0
2022-05-27 00:00:00-04:00,1.9800000190734863,2.3299999237060547,1.9800000190734863,2.3299999237060547,8500,0.0,0.0
2022-05-31 00:00:00-04:00,2.240000009536743,2.319999933242798,2.2100000381469727,2.319999933242798,8700,0.0,0.0
2022-06-01 00:00:00-04:00,2.2909998893737793,2.299999952316284,2.265000104904175,2.2799999713897705,9500,0.0,0.0
2022-06-02 00:00:00-04:00,2.190000057220459,2.190000057220459,2.190000057220459,2.190000057220459,300,0.0,0.0
2022-06-03 00:00:00-04:00,2.200000047683716,2.2230000495910645,2.0899999141693115,2.200000047683716,4700,0.0,0.0
2022-06-06 00:00:00-04:00,2.200000047683716,2.359999895095825,2.190000057220459,2.2899999618530273,5200,0.0,0.0
2022-06-07 00:00:00-04:00,2.2799999713897705,2.369999885559082,2.2200000286102295,2.2300000190734863,64700,0.0,0.0
2022-06-08 00:00:00-04:00,2.2699999809265137,2.2699999809265137,2.1549999713897705,2.2200000286102295,6200,0.0,0.0
2022-06-09 00:00:00-04:00,2.2200000286102295,2.4000000953674316,2.2200000286102295,2.390000104904175,17100,0.0,0.0
2022-06-10 00:00:00-04:00,2.4200000762939453,2.4200000762939453,2.380000114440918,2.390000104904175,3700,0.0,0.0
2022-06-13 00:00:00-04:00,2.380000114440918,2.3910000324249268,2.25,2.2799999713897705,23700,0.0,0.0
2022-06-14 00:00:00-04:00,2.25,2.299999952316284,2.1700000762939453,2.200000047683716,16800,0.0,0.0
2022-06-15 00:00:00-04:00,2.200000047683716,2.240000009536743,2.0450000762939453,2.2300000190734863,11500,0.0,0.0
2022-06-16 00:00:00-04:00,2.140000104904175,2.2300000190734863,2.0999999046325684,2.180000066757202,4400,0.0,0.0
2022-06-17 00:00:00-04:00,2.130000114440918,2.369999885559082,2.0999999046325684,2.369999885559082,18100,0.0,0.0
2022-06-21 00:00:00-04:00,2.450000047683716,2.4700000286102295,2.3299999237060547,2.4700000286102295,23000,0.0,0.0
2022-06-22 00:00:00-04:00,2.4700000286102295,2.558000087738037,2.4000000953674316,2.5,39100,0.0,0.0
2022-06-23 00:00:00-04:00,2.5369999408721924,2.5369999408721924,2.369999885559082,2.390000104904175,8900,0.0,0.0
2022-06-24 00:00:00-04:00,2.490000009536743,2.75,2.450000047683716,2.75,38900,0.0,0.0
2022-06-27 00:00:00-04:00,2.828000068664551,2.828000068664551,2.690000057220459,2.690000057220459,30100,0.0,0.0
2022-06-28 00:00:00-04:00,2.7200000286102295,2.7200000286102295,2.546999931335449,2.568000078201294,4100,0.0,0.0
2022-06-29 00:00:00-04:00,2.5299999713897705,2.609999895095825,2.4800000190734863,2.4800000190734863,2000,0.0,0.0
2022-06-30 00:00:00-04:00,2.3299999237060547,2.4800000190734863,2.3299999237060547,2.390000104904175,1700,0.0,0.0
2022-07-01 00:00:00-04:00,2.549999952316284,2.5999999046325684,2.4519999027252197,2.4800000190734863,6700,0.0,0.0
2022-07-05 00:00:00-04:00,2.5,2.5,2.5,2.5,900,0.0,0.0
2022-07-06 00:00:00-04:00,2.5,2.569999933242798,2.369999885559082,2.4700000286102295,15300,0.0,0.0
2022-07-07 00:00:00-04:00,2.5,2.75,2.3610000610351562,2.7079999446868896,41200,0.0,0.0
2022-07-08 00:00:00-04:00,2.75,2.819999933242798,2.6500000953674316,2.7699999809265137,4400,0.0,0.0
2022-07-11 00:00:00-04:00,2.950000047683716,3.236999988555908,2.950000047683716,3.0,27400,0.0,0.0
2022-07-12 00:00:00-04:00,2.990000009536743,2.990000009536743,2.5,2.509999990463257,5200,0.0,0.0
2022-07-13 00:00:00-04:00,2.559999942779541,2.6500000953674316,2.4000000953674316,2.5199999809265137,9200,0.0,0.0
2022-07-14 00:00:00-04:00,2.5199999809265137,2.5199999809265137,2.5199999809265137,2.5199999809265137,0,0.0,0.0
2022-07-15 00:00:00-04:00,2.6989998817443848,2.6989998817443848,2.6989998817443848,2.6989998817443848,300,0.0,0.0
2022-07-18 00:00:00-04:00,2.687999963760376,2.7899999618530273,2.6600000858306885,2.7899999618530273,6800,0.0,0.0
2022-07-19 00:00:00-04:00,2.799999952316284,2.799999952316284,2.674999952316284,2.799999952316284,7000,0.0,0.0
2022-07-20 00:00:00-04:00,2.759999990463257,2.759999990463257,2.680000066757202,2.7300000190734863,10400,0.0,0.0
2022-07-21 00:00:00-04:00,2.740000009536743,2.75,2.740000009536743,2.75,1000,0.0,0.0
2022-07-22 00:00:00-04:00,2.7799999713897705,2.8499999046325684,2.6500000953674316,2.8499999046325684,7500,0.0,0.0
2022-07-25 00:00:00-04:00,2.799999952316284,2.809999942779541,2.5199999809265137,2.575000047683716,19100,0.0,0.0
2022-07-26 00:00:00-04:00,2.6500000953674316,2.6740000247955322,2.5,2.6740000247955322,16900,0.0,0.0
2022-07-27 00:00:00-04:00,2.680000066757202,2.8399999141693115,2.6600000858306885,2.75,14100,0.0,0.0
2022-07-28 00:00:00-04:00,2.805000066757202,2.805000066757202,2.690000057220459,2.7100000381469727,2800,0.0,0.0
2022-07-29 00:00:00-04:00,2.690000057220459,2.700000047683716,2.687999963760376,2.690000057220459,2600,0.0,0.0
2022-08-01 00:00:00-04:00,2.690000057220459,2.7699999809265137,2.680000066757202,2.690000057220459,12200,0.0,0.0
2022-08-02 00:00:00-04:00,2.8399999141693115,2.8399999141693115,2.7300000190734863,2.7300000190734863,2300,0.0,0.0
2022-08-03 00:00:00-04:00,2.7899999618530273,2.9800000190734863,2.7899999618530273,2.9200000762939453,8600,0.0,0.0
2022-08-04 00:00:00-04:00,2.8910000324249268,2.9700000286102295,2.875,2.9700000286102295,1500,0.0,0.0
2022-08-05 00:00:00-04:00,2.9700000286102295,2.984999895095825,2.799999952316284,2.819999933242798,3900,0.0,0.0
2022-08-08 00:00:00-04:00,2.9549999237060547,3.0,2.7799999713897705,2.7799999713897705,14600,0.0,0.0
2022-08-09 00:00:00-04:00,2.7200000286102295,3.0299999713897705,2.7200000286102295,2.859999895095825,10300,0.0,0.0
2022-08-10 00:00:00-04:00,2.799999952316284,2.9700000286102295,2.75,2.924999952316284,23300,0.0,0.0
2022-08-11 00:00:00-04:00,2.8940000534057617,2.8940000534057617,2.8940000534057617,2.8940000534057617,300,0.0,0.0
2022-08-12 00:00:00-04:00,2.9600000381469727,2.9600000381469727,2.7100000381469727,2.8299999237060547,4200,0.0,0.0
2022-08-15 00:00:00-04:00,2.9000000953674316,2.990000009536743,2.9000000953674316,2.9700000286102295,8800,0.0,0.0
2022-08-16 00:00:00-04:00,3.0,3.0959999561309814,2.930000066757202,2.9700000286102295,44000,0.0,0.0
2022-08-17 00:00:00-04:00,3.0999999046325684,3.109999895095825,2.9600000381469727,3.0,2700,0.0,0.0
2022-08-18 00:00:00-04:00,3.0,3.0160000324249268,2.7300000190734863,2.950000047683716,29200,0.0,0.0
2022-08-19 00:00:00-04:00,3.075000047683716,3.0799999237060547,2.930000066757202,3.015000104904175,7800,0.0,0.0
2022-08-22 00:00:00-04:00,2.9200000762939453,3.059000015258789,2.9200000762939453,2.950000047683716,15000,0.0,0.0
2022-08-23 00:00:00-04:00,2.9000000953674316,2.990000009536743,2.9000000953674316,2.950000047683716,10400,0.0,0.0
2022-08-24 00:00:00-04:00,2.9000000953674316,3.0999999046325684,2.9000000953674316,3.0999999046325684,13600,0.0,0.0
2022-08-25 00:00:00-04:00,3.0,3.0899999141693115,2.890000104904175,2.950000047683716,17000,0.0,0.0
2022-08-26 00:00:00-04:00,2.8499999046325684,2.940000057220459,2.819999933242798,2.9000000953674316,38700,0.0,0.0
2022-08-29 00:00:00-04:00,3.0,3.0,2.799999952316284,2.799999952316284,38200,0.0,0.0
2022-08-30 00:00:00-04:00,2.8499999046325684,2.9000000953674316,2.7799999713897705,2.819999933242798,8900,0.0,0.0
2022-08-31 00:00:00-04:00,2.9200000762939453,2.9200000762939453,2.8499999046325684,2.8550000190734863,23700,0.0,0.0
2022-09-01 00:00:00-04:00,2.8499999046325684,2.934999942779541,2.7200000286102295,2.7200000286102295,4200,0.0,0.0
2022-09-02 00:00:00-04:00,2.815000057220459,2.864000082015991,2.700000047683716,2.7699999809265137,7400,0.0,0.0
2022-09-06 00:00:00-04:00,2.7699999809265137,2.880000114440918,2.740000009536743,2.869999885559082,49100,0.0,0.0
2022-09-07 00:00:00-04:00,2.9000000953674316,2.9000000953674316,2.8399999141693115,2.8499999046325684,27700,0.0,0.0
2022-09-08 00:00:00-04:00,2.9100000858306885,2.9749999046325684,2.8499999046325684,2.950000047683716,27300,0.0,0.0
2022-09-09 00:00:00-04:00,3.0,3.0999999046325684,2.930000066757202,3.065000057220459,47600,0.0,0.0
2022-09-12 00:00:00-04:00,3.0899999141693115,3.0899999141693115,2.799999952316284,2.940000057220459,34800,0.0,0.0
2022-09-13 00:00:00-04:00,2.934999942779541,2.990000009536743,2.859999895095825,2.880000114440918,61600,0.0,0.0
2022-09-14 00:00:00-04:00,2.9000000953674316,2.9649999141693115,2.799999952316284,2.9100000858306885,77500,0.0,0.0
2022-09-15 00:00:00-04:00,2.9100000858306885,2.9690001010894775,2.819999933242798,2.930000066757202,47000,0.0,0.0
2022-09-16 00:00:00-04:00,2.9000000953674316,3.0199999809265137,2.880000114440918,2.990000009536743,571000,0.0,0.0
2022-09-19 00:00:00-04:00,2.940000057220459,2.990000009536743,2.8340001106262207,2.930000066757202,145100,0.0,0.0
2022-09-20 00:00:00-04:00,2.8949999809265137,2.9000000953674316,2.8299999237060547,2.859999895095825,8900,0.0,0.0
2022-09-21 00:00:00-04:00,2.9200000762939453,2.9200000762939453,2.75,2.880000114440918,19300,0.0,0.0
2022-09-22 00:00:00-04:00,2.7750000953674316,2.819999933242798,2.759999990463257,2.799999952316284,2200,0.0,0.0
2022-09-23 00:00:00-04:00,2.763000011444092,2.859999895095825,2.75,2.8499999046325684,11400,0.0,0.0
2022-09-26 00:00:00-04:00,2.7899999618530273,2.7899999618530273,2.7300000190734863,2.75,5500,0.0,0.0
2022-09-27 00:00:00-04:00,2.7200000286102295,2.9600000381469727,2.700000047683716,2.809999942779541,18100,0.0,0.0
2022-09-28 00:00:00-04:00,2.819999933242798,2.859999895095825,2.7899999618530273,2.7899999618530273,5600,0.0,0.0
2022-09-29 00:00:00-04:00,2.740000009536743,2.7799999713897705,2.680000066757202,2.700000047683716,34900,0.0,0.0
2022-09-30 00:00:00-04:00,2.691999912261963,2.9130001068115234,2.680000066757202,2.75,25800,0.0,0.0
2022-10-03 00:00:00-04:00,2.755000114440918,2.8299999237060547,2.680000066757202,2.7200000286102295,17300,0.0,0.0
2022-10-04 00:00:00-04:00,2.700000047683716,2.760999917984009,2.690000057220459,2.690000057220459,5800,0.0,0.0
2022-10-05 00:00:00-04:00,2.680000066757202,2.7239999771118164,2.680000066757202,2.680000066757202,3400,0.0,0.0
2022-10-06 00:00:00-04:00,2.700000047683716,2.7679998874664307,2.680000066757202,2.700000047683716,13700,0.0,0.0
2022-10-07 00:00:00-04:00,2.700000047683716,2.7750000953674316,2.680000066757202,2.680000066757202,3400,0.0,0.0
2022-10-10 00:00:00-04:00,2.700000047683716,2.740000009536743,2.5,2.740000009536743,14300,0.0,0.0
2022-10-11 00:00:00-04:00,2.75,2.75,2.5,2.509999990463257,14100,0.0,0.0
2022-10-12 00:00:00-04:00,2.4700000286102295,2.816999912261963,2.4700000286102295,2.549999952316284,7000,0.0,0.0
2022-10-13 00:00:00-04:00,2.490000009536743,2.799999952316284,2.490000009536743,2.569999933242798,3100,0.0,0.0
2022-10-14 00:00:00-04:00,2.5399999618530273,2.6500000953674316,2.3299999237060547,2.4800000190734863,38600,0.0,0.0
2022-10-17 00:00:00-04:00,2.5,2.509999990463257,2.359999895095825,2.4000000953674316,19800,0.0,0.0
2022-10-18 00:00:00-04:00,2.380000114440918,2.619999885559082,2.380000114440918,2.4100000858306885,14800,0.0,0.0
2022-10-19 00:00:00-04:00,2.4100000858306885,2.4100000858306885,2.369999885559082,2.369999885559082,16600,0.0,0.0
2022-10-20 00:00:00-04:00,2.309999942779541,2.309999942779541,2.259999990463257,2.2799999713897705,4700,0.0,0.0
2022-10-21 00:00:00-04:00,2.369999885559082,2.4049999713897705,2.2699999809265137,2.2899999618530273,7400,0.0,0.0
2022-10-24 00:00:00-04:00,2.2899999618530273,2.4200000762939453,2.2699999809265137,2.4000000953674316,6800,0.0,0.0
2022-10-25 00:00:00-04:00,2.365000009536743,2.390000104904175,2.3299999237060547,2.369999885559082,5800,0.0,0.0
2022-10-26 00:00:00-04:00,2.380000114440918,2.4000000953674316,2.2799999713897705,2.2899999618530273,1800,0.0,0.0
2022-10-27 00:00:00-04:00,2.359999895095825,2.359999895095825,2.259999990463257,2.2699999809265137,13200,0.0,0.0
2022-10-28 00:00:00-04:00,2.2699999809265137,2.2699999809265137,2.2699999809265137,2.2699999809265137,1100,0.0,0.0
2022-10-31 00:00:00-04:00,2.3350000381469727,2.3350000381469727,2.2200000286102295,2.2200000286102295,9700,0.0,0.0
2022-11-01 00:00:00-04:00,2.240000009536743,2.2799999713897705,2.119999885559082,2.119999885559082,49900,0.0,0.0
2022-11-02 00:00:00-04:00,2.1500000953674316,2.1700000762939453,1.9600000381469727,1.9600000381469727,51600,0.0,0.0
2022-11-03 00:00:00-04:00,2.0850000381469727,2.0899999141693115,2.0850000381469727,2.0899999141693115,1000,0.0,0.0
2022-11-04 00:00:00-04:00,2.065000057220459,2.1700000762939453,1.9600000381469727,2.0799999237060547,10300,0.0,0.0
2022-11-07 00:00:00-05:00,2.180000066757202,2.180000066757202,1.940000057220459,2.009999990463257,10800,0.0,0.0
2022-11-08 00:00:00-05:00,2.009999990463257,2.1500000953674316,2.009999990463257,2.109999895095825,10600,0.0,0.0
2022-11-09 00:00:00-05:00,2.1080000400543213,2.1670000553131104,2.1080000400543213,2.1670000553131104,700,0.0,0.0
2022-11-10 00:00:00-05:00,2.069999933242798,2.1700000762939453,2.069999933242798,2.109999895095825,2600,0.0,0.0
2022-11-11 00:00:00-05:00,2.049999952316284,2.1500000953674316,2.009999990463257,2.009999990463257,11800,0.0,0.0
2022-11-14 00:00:00-05:00,2.0199999809265137,2.240000009536743,2.009999990463257,2.0199999809265137,46300,0.0,0.0
2022-11-15 00:00:00-05:00,2.0199999809265137,2.0399999618530273,1.909999966621399,1.9199999570846558,40200,0.0,0.0
2022-11-16 00:00:00-05:00,2.0199999809265137,2.0199999809265137,2.0,2.0,8100,0.0,0.0
2022-11-17 00:00:00-05:00,1.9500000476837158,1.9509999752044678,1.7999999523162842,1.9500000476837158,23300,0.0,0.0
2022-11-18 00:00:00-05:00,1.9040000438690186,1.9850000143051147,1.7510000467300415,1.8799999952316284,18500,0.0,0.0
2022-11-21 00:00:00-05:00,1.9850000143051147,1.9850000143051147,1.8650000095367432,1.8799999952316284,10500,0.0,0.0
2022-11-22 00:00:00-05:00,1.9600000381469727,1.9600000381469727,1.8200000524520874,1.8200000524520874,9100,0.0,0.0
2022-11-23 00:00:00-05:00,1.9049999713897705,1.940000057220459,1.899999976158142,1.9049999713897705,1500,0.0,0.0
2022-11-25 00:00:00-05:00,1.8200000524520874,1.8200000524520874,1.8200000524520874,1.8200000524520874,400,0.0,0.0
2022-11-28 00:00:00-05:00,1.899999976158142,1.9900000095367432,1.8849999904632568,1.8849999904632568,7700,0.0,0.0
2022-11-29 00:00:00-05:00,1.899999976158142,1.899999976158142,1.899999976158142,1.899999976158142,400,0.0,0.0
2022-11-30 00:00:00-05:00,2.0,2.0,1.8300000429153442,1.8700000047683716,8300,0.0,0.0
2022-12-01 00:00:00-05:00,1.9450000524520874,1.9900000095367432,1.7400000095367432,1.7699999809265137,15400,0.0,0.0
2022-12-02 00:00:00-05:00,1.8600000143051147,2.049999952316284,1.7300000190734863,1.7999999523162842,64500,0.0,0.0
2022-12-05 00:00:00-05:00,1.809999942779541,1.8300000429153442,1.7999999523162842,1.809999942779541,2100,0.0,0.0
2022-12-06 00:00:00-05:00,1.840000033378601,1.840000033378601,1.7000000476837158,1.75,14400,0.0,0.0
2022-12-07 00:00:00-05:00,1.7699999809265137,1.9270000457763672,1.75,1.8700000047683716,14200,0.0,0.0
2022-12-08 00:00:00-05:00,1.899999976158142,1.899999976158142,1.7300000190734863,1.7999999523162842,10100,0.0,0.0
2022-12-09 00:00:00-05:00,1.7699999809265137,1.7699999809265137,1.5800000429153442,1.7000000476837158,18400,0.0,0.0
2022-12-12 00:00:00-05:00,1.6399999856948853,1.7999999523162842,1.5,1.5,47500,0.0,0.0
2022-12-13 00:00:00-05:00,1.649999976158142,1.649999976158142,1.5199999809265137,1.6399999856948853,11400,0.0,0.0
2022-12-14 00:00:00-05:00,1.8799999952316284,1.8799999952316284,1.5,1.659999966621399,47300,0.0,0.0
2022-12-15 00:00:00-05:00,1.7400000095367432,1.75,1.5099999904632568,1.6200000047683716,48200,0.0,0.0
2022-12-16 00:00:00-05:00,1.5,1.6770000457763672,1.5,1.6399999856948853,136100,0.0,0.0
2022-12-19 00:00:00-05:00,1.5299999713897705,1.6150000095367432,1.5299999713897705,1.5499999523162842,30600,0.0,0.0
2022-12-20 00:00:00-05:00,1.6799999475479126,1.6799999475479126,1.5399999618530273,1.559999942779541,20100,0.0,0.0
2022-12-21 00:00:00-05:00,1.600000023841858,1.600000023841858,1.4199999570846558,1.4800000190734863,55100,0.0,0.0
2022-12-22 00:00:00-05:00,1.6200000047683716,1.6200000047683716,1.4500000476837158,1.4900000095367432,23500,0.0,0.0
2022-12-23 00:00:00-05:00,1.409999966621399,1.559999942779541,1.409999966621399,1.4600000381469727,19300,0.0,0.0
2022-12-27 00:00:00-05:00,1.4900000095367432,1.5299999713897705,1.440000057220459,1.440000057220459,29000,0.0,0.0
2022-12-28 00:00:00-05:00,1.559999942779541,1.6399999856948853,1.409999966621399,1.4800000190734863,100200,0.0,0.0
2022-12-29 00:00:00-05:00,1.590000033378601,1.590000033378601,1.3320000171661377,1.5,98900,0.0,0.0
2022-12-30 00:00:00-05:00,1.409999966621399,1.5,1.2699999809265137,1.2999999523162842,112400,0.0,0.0
2023-01-03 00:00:00-05:00,1.6100000143051147,1.6100000143051147,1.340000033378601,1.3550000190734863,27700,0.0,0.0
2023-01-04 00:00:00-05:00,1.2999999523162842,1.5199999809265137,1.2400000095367432,1.5199999809265137,24300,0.0,0.0
2023-01-05 00:00:00-05:00,1.5499999523162842,1.6799999475479126,1.4900000095367432,1.6150000095367432,30100,0.0,0.0
2023-01-06 00:00:00-05:00,1.659999966621399,1.659999966621399,1.559999942779541,1.6100000143051147,9200,0.0,0.0
2023-01-09 00:00:00-05:00,1.659999966621399,1.7200000286102295,1.6100000143051147,1.7100000381469727,48700,0.0,0.0
2023-01-10 00:00:00-05:00,1.75,1.840000033378601,1.6399999856948853,1.7999999523162842,36200,0.0,0.0
2023-01-11 00:00:00-05:00,1.7999999523162842,2.0999999046325684,1.7999999523162842,2.009999990463257,36200,0.0,0.0
2023-01-12 00:00:00-05:00,2.0840001106262207,2.0840001106262207,1.899999976158142,2.049999952316284,13200,0.0,0.0
2023-01-13 00:00:00-05:00,2.049999952316284,2.049999952316284,1.9600000381469727,2.049999952316284,5400,0.0,0.0
2023-01-17 00:00:00-05:00,1.8799999952316284,1.8899999856948853,1.6100000143051147,1.850000023841858,20400,0.0,0.0
2023-01-18 00:00:00-05:00,1.8899999856948853,1.8899999856948853,1.649999976158142,1.649999976158142,7800,0.0,0.0
2023-01-19 00:00:00-05:00,1.75,1.8600000143051147,1.6799999475479126,1.8600000143051147,4000,0.0,0.0
2023-01-20 00:00:00-05:00,1.7400000095367432,1.8600000143051147,1.7000000476837158,1.7000000476837158,9300,0.0,0.0
2023-01-23 00:00:00-05:00,1.8200000524520874,1.8200000524520874,1.7000000476837158,1.7100000381469727,10400,0.0,0.0
2023-01-24 00:00:00-05:00,1.659999966621399,1.7200000286102295,1.649999976158142,1.7200000286102295,5000,0.0,0.0
2023-01-25 00:00:00-05:00,1.7400000095367432,1.75,1.6100000143051147,1.75,7700,0.0,0.0
2023-01-26 00:00:00-05:00,1.6399999856948853,1.6799999475479126,1.5700000524520874,1.5700000524520874,57500,0.0,0.0
2023-01-27 00:00:00-05:00,1.3200000524520874,1.649999976158142,1.2999999523162842,1.4700000286102295,206800,0.0,0.0
2023-01-30 00:00:00-05:00,1.5,1.5,1.25,1.2699999809265137,84900,0.0,0.0
2023-01-31 00:00:00-05:00,1.2699999809265137,1.409999966621399,1.2599999904632568,1.3899999856948853,65700,0.0,0.0
2023-02-01 00:00:00-05:00,1.3799999952316284,1.4600000381469727,1.350000023841858,1.3700000047683716,59400,0.0,0.0
2023-02-02 00:00:00-05:00,1.440000057220459,1.5,1.399999976158142,1.440000057220459,149100,0.0,0.0
2023-02-03 00:00:00-05:00,1.4800000190734863,1.4800000190734863,1.409999966621399,1.409999966621399,19900,0.0,0.0
2023-02-06 00:00:00-05:00,1.4800000190734863,1.4809999465942383,1.4199999570846558,1.440000057220459,60900,0.0,0.0
2023-02-07 00:00:00-05:00,1.4500000476837158,1.4700000286102295,1.309999942779541,1.399999976158142,57300,0.0,0.0
2023-02-08 00:00:00-05:00,1.409999966621399,1.4600000381469727,1.406000018119812,1.4299999475479126,43200,0.0,0.0
2023-02-09 00:00:00-05:00,1.4299999475479126,1.4299999475479126,1.3899999856948853,1.399999976158142,142200,0.0,0.0
2023-02-10 00:00:00-05:00,1.3700000047683716,1.3899999856948853,1.2899999618530273,1.3799999952316284,47200,0.0,0.0
2023-02-13 00:00:00-05:00,1.399999976158142,1.399999976158142,1.3450000286102295,1.3849999904632568,12900,0.0,0.0
2023-02-14 00:00:00-05:00,1.3200000524520874,1.399999976158142,1.3200000524520874,1.340000033378601,27700,0.0,0.0
2023-02-15 00:00:00-05:00,1.340000033378601,1.4299999475479126,1.3240000009536743,1.3899999856948853,50900,0.0,0.0
2023-02-16 00:00:00-05:00,1.4299999475479126,1.4500000476837158,1.350000023841858,1.399999976158142,37400,0.0,0.0
2023-02-17 00:00:00-05:00,1.4299999475479126,1.434999942779541,1.2999999523162842,1.3300000429153442,60700,0.0,0.0
2023-02-21 00:00:00-05:00,1.440000057220459,1.440000057220459,1.2599999904632568,1.2799999713897705,35500,0.0,0.0
2023-02-22 00:00:00-05:00,1.2599999904632568,1.309999942779541,1.1299999952316284,1.2699999809265137,103900,0.0,0.0
2023-02-23 00:00:00-05:00,1.2100000381469727,1.25,1.159999966621399,1.2400000095367432,80200,0.0,0.0
2023-02-24 00:00:00-05:00,1.159999966621399,1.190000057220459,1.1200000047683716,1.190000057220459,54000,0.0,0.0
2023-02-27 00:00:00-05:00,1.2000000476837158,1.2000000476837158,1.190000057220459,1.2000000476837158,28200,0.0,0.0
2023-02-28 00:00:00-05:00,1.1799999475479126,1.3049999475479126,1.1799999475479126,1.2699999809265137,60500,0.0,0.0
2023-03-01 00:00:00-05:00,1.3300000429153442,1.3300000429153442,1.2699999809265137,1.2699999809265137,16600,0.0,0.0
2023-03-02 00:00:00-05:00,1.2009999752044678,1.3700000047683716,1.2009999752044678,1.3700000047683716,15200,0.0,0.0
2023-03-03 00:00:00-05:00,1.3200000524520874,1.3200000524520874,1.2599999904632568,1.2899999618530273,1800,0.0,0.0
2023-03-06 00:00:00-05:00,1.2999999523162842,1.3799999952316284,1.2999999523162842,1.3600000143051147,34200,0.0,0.0
2023-03-07 00:00:00-05:00,1.3700000047683716,1.3899999856948853,1.309999942779541,1.309999942779541,11800,0.0,0.0
2023-03-08 00:00:00-05:00,1.350000023841858,1.3609999418258667,1.2799999713897705,1.350000023841858,10500,0.0,0.0
2023-03-09 00:00:00-05:00,1.25,1.3600000143051147,1.25,1.340000033378601,19700,0.0,0.0
2023-03-10 00:00:00-05:00,1.309999942779541,1.350000023841858,1.2699999809265137,1.3200000524520874,31600,0.0,0.0
2023-03-13 00:00:00-04:00,1.350000023841858,1.350000023841858,1.2899999618530273,1.3200000524520874,12700,0.0,0.0
2023-03-14 00:00:00-04:00,1.3700000047683716,1.3799999952316284,1.2999999523162842,1.2999999523162842,21000,0.0,0.0
2023-03-15 00:00:00-04:00,1.309999942779541,1.3899999856948853,1.2999999523162842,1.2999999523162842,60800,0.0,0.0
2023-03-16 00:00:00-04:00,1.3600000143051147,1.3700000047683716,1.3200000524520874,1.3200000524520874,18900,0.0,0.0
2023-03-17 00:00:00-04:00,1.3600000143051147,1.3600000143051147,1.2999999523162842,1.3200000524520874,35700,0.0,0.0
2023-03-20 00:00:00-04:00,1.3700000047683716,1.3700000047683716,1.2999999523162842,1.340000033378601,2030700,0.0,0.0
2023-03-21 00:00:00-04:00,1.3600000143051147,1.3600000143051147,1.2899999618530273,1.2899999618530273,114700,0.0,0.0
2023-03-22 00:00:00-04:00,1.3300000429153442,1.340000033378601,1.2799999713897705,1.2899999618530273,21500,0.0,0.0
2023-03-23 00:00:00-04:00,1.315000057220459,1.3700000047683716,1.315000057220459,1.3200000524520874,13400,0.0,0.0
2023-03-24 00:00:00-04:00,1.281000018119812,1.2999999523162842,1.2510000467300415,1.2999999523162842,63400,0.0,0.0
2023-03-27 00:00:00-04:00,1.309999942779541,1.309999942779541,1.2599999904632568,1.2599999904632568,6000,0.0,0.0
2023-03-28 00:00:00-04:00,1.2400000095367432,1.2799999713897705,1.2089999914169312,1.2100000381469727,21500,0.0,0.0
2023-03-29 00:00:00-04:00,1.2400000095367432,1.340000033378601,1.1510000228881836,1.2100000381469727,88700,0.0,0.0
2023-03-30 00:00:00-04:00,1.2300000190734863,1.25,1.190000057220459,1.2100000381469727,34900,0.0,0.0
2023-03-31 00:00:00-04:00,1.1799999475479126,1.2699999809265137,1.1799999475479126,1.2300000190734863,20700,0.0,0.0
2023-04-03 00:00:00-04:00,1.25,1.2949999570846558,1.2000000476837158,1.25,56100,0.0,0.0
2023-04-04 00:00:00-04:00,1.2949999570846558,1.2999999523162842,1.2200000286102295,1.2300000190734863,21900,0.0,0.0
2023-04-05 00:00:00-04:00,1.2300000190734863,1.25,1.2300000190734863,1.2400000095367432,7300,0.0,0.0
2023-04-06 00:00:00-04:00,1.2699999809265137,1.2699999809265137,1.2100000381469727,1.2300000190734863,5600,0.0,0.0
2023-04-10 00:00:00-04:00,1.2799999713897705,1.2799999713897705,1.190000057220459,1.2300000190734863,31000,0.0,0.0
2023-04-11 00:00:00-04:00,1.25,1.25,1.2000000476837158,1.2000000476837158,8600,0.0,0.0
2023-04-12 00:00:00-04:00,1.25,1.25,1.2000000476837158,1.2000000476837158,15900,0.0,0.0
2023-04-13 00:00:00-04:00,1.1699999570846558,1.2400000095367432,1.1699999570846558,1.2300000190734863,21500,0.0,0.0
2023-04-14 00:00:00-04:00,1.2300000190734863,1.2300000190734863,1.2000000476837158,1.2000000476837158,7900,0.0,0.0
2023-04-17 00:00:00-04:00,1.2000000476837158,1.2200000286102295,1.1699999570846558,1.1699999570846558,27900,0.0,0.0
2023-04-18 00:00:00-04:00,1.1399999856948853,1.2100000381469727,1.1399999856948853,1.1699999570846558,21700,0.0,0.0
2023-04-19 00:00:00-04:00,1.1670000553131104,1.1699999570846558,1.1619999408721924,1.1699999570846558,1900,0.0,0.0
2023-04-20 00:00:00-04:00,1.1799999475479126,1.1799999475479126,1.1200000047683716,1.1200000047683716,31300,0.0,0.0
2023-04-21 00:00:00-04:00,1.128999948501587,1.1490000486373901,1.0800000429153442,1.100000023841858,14300,0.0,0.0
2023-04-24 00:00:00-04:00,1.149999976158142,1.149999976158142,1.0099999904632568,1.059999942779541,47000,0.0,0.0
2023-04-25 00:00:00-04:00,1.0720000267028809,1.1019999980926514,1.0,1.0099999904632568,24000,0.0,0.0
2023-04-26 00:00:00-04:00,1.0850000381469727,1.0850000381469727,0.902999997138977,0.9700000286102295,66500,0.0,0.0
2023-04-27 00:00:00-04:00,1.0099999904632568,1.0499999523162842,0.9440000057220459,1.0,30200,0.0,0.0
2023-04-28 00:00:00-04:00,1.100000023841858,1.1200000047683716,0.9700000286102295,1.0,37000,0.0,0.0
2023-05-01 00:00:00-04:00,1.0199999809265137,1.1100000143051147,1.0,1.0,50900,0.0,0.0
2023-05-02 00:00:00-04:00,1.059999942779541,1.059999942779541,1.0099999904632568,1.0299999713897705,6600,0.0,0.0
2023-05-03 00:00:00-04:00,1.059999942779541,1.1299999952316284,1.0299999713897705,1.0499999523162842,58800,0.0,0.0
2023-05-04 00:00:00-04:00,1.093000054359436,1.100000023841858,1.0499999523162842,1.0700000524520874,3700,0.0,0.0
2023-05-05 00:00:00-04:00,1.100000023841858,1.1349999904632568,1.090000033378601,1.090000033378601,4100,0.0,0.0
2023-05-08 00:00:00-04:00,1.1799999475479126,1.2599999904632568,1.149999976158142,1.25,79400,0.0,0.0
2023-05-09 00:00:00-04:00,1.2100000381469727,1.3600000143051147,1.2100000381469727,1.3600000143051147,6100,0.0,0.0
2023-05-10 00:00:00-04:00,1.3600000143051147,1.3600000143051147,1.2999999523162842,1.3300000429153442,13500,0.0,0.0
2023-05-11 00:00:00-04:00,1.3049999475479126,1.309999942779541,1.2410000562667847,1.2599999904632568,5500,0.0,0.0
2023-05-12 00:00:00-04:00,1.2589999437332153,1.2999999523162842,1.1799999475479126,1.2300000190734863,38400,0.0,0.0
2023-05-15 00:00:00-04:00,1.3300000429153442,1.3300000429153442,1.1299999952316284,1.1299999952316284,41400,0.0,0.0
2023-05-16 00:00:00-04:00,1.2400000095367432,1.2400000095367432,0.8999999761581421,0.9599999785423279,151400,0.0,0.0
2023-05-17 00:00:00-04:00,0.9900000095367432,0.9900000095367432,0.9100000262260437,0.9860000014305115,43600,0.0,0.0
2023-05-18 00:00:00-04:00,0.9900000095367432,1.1100000143051147,0.9599999785423279,0.9900000095367432,59900,0.0,0.0
2023-05-19 00:00:00-04:00,1.0299999713897705,1.0299999713897705,0.9300000071525574,1.0,29600,0.0,0.0
2023-05-22 00:00:00-04:00,1.1399999856948853,1.1399999856948853,0.9599999785423279,0.9800000190734863,8200,0.0,0.0
2023-05-23 00:00:00-04:00,1.0299999713897705,1.0399999618530273,0.9599999785423279,1.0399999618530273,10100,0.0,0.0
2023-05-24 00:00:00-04:00,1.159999966621399,1.159999966621399,0.9599999785423279,0.9599999785423279,20600,0.0,0.0
2023-05-25 00:00:00-04:00,0.9900000095367432,1.0499999523162842,0.9700000286102295,0.9800000190734863,11400,0.0,0.0
2023-05-26 00:00:00-04:00,0.9750000238418579,1.0,0.9700000286102295,0.9800000190734863,7500,0.0,0.0
2023-05-30 00:00:00-04:00,1.0399999618530273,1.059999942779541,0.9900000095367432,1.059999942779541,81800,0.0,0.0
2023-05-31 00:00:00-04:00,1.0800000429153442,1.0800000429153442,0.9599999785423279,0.9980000257492065,62800,0.0,0.0
2023-06-01 00:00:00-04:00,1.0299999713897705,1.0499999523162842,1.0,1.0149999856948853,26100,0.0,0.0
2023-06-02 00:00:00-04:00,1.0399999618530273,1.0499999523162842,0.9900000095367432,1.0399999618530273,10700,0.0,0.0
2023-06-05 00:00:00-04:00,1.0499999523162842,1.059999942779541,1.0099999904632568,1.0299999713897705,17700,0.0,0.0
2023-06-06 00:00:00-04:00,1.0099999904632568,1.059999942779541,1.0099999904632568,1.0549999475479126,9600,0.0,0.0
2023-06-07 00:00:00-04:00,1.059999942779541,1.159999966621399,1.034999966621399,1.1299999952316284,27800,0.0,0.0
2023-06-08 00:00:00-04:00,1.2000000476837158,1.2200000286102295,1.1100000143051147,1.149999976158142,39400,0.0,0.0
2023-06-09 00:00:00-04:00,1.149999976158142,1.149999976158142,1.1100000143051147,1.1200000047683716,23200,0.0,0.0
2023-06-12 00:00:00-04:00,1.1799999475479126,1.1799999475479126,1.100000023841858,1.149999976158142,55900,0.0,0.0
2023-06-13 00:00:00-04:00,0.9850000143051147,1.149999976158142,0.9800000190734863,1.0,481800,0.0,0.0
2023-06-14 00:00:00-04:00,1.0,1.0199999809265137,0.9900000095367432,1.0,171400,0.0,0.0
2023-06-15 00:00:00-04:00,1.0,1.0299999713897705,0.9919999837875366,1.0299999713897705,89900,0.0,0.0
2023-06-16 00:00:00-04:00,1.0700000524520874,1.090000033378601,0.9800000190734863,0.9800000190734863,341100,0.0,0.0
2023-06-20 00:00:00-04:00,1.0499999523162842,1.0700000524520874,1.0199999809265137,1.0399999618530273,197700,0.0,0.0
2023-06-21 00:00:00-04:00,1.0399999618530273,1.059999942779541,0.9200000166893005,0.9200000166893005,254200,0.0,0.0
2023-06-22 00:00:00-04:00,0.9399999976158142,1.0499999523162842,0.9399999976158142,1.0399999618530273,165100,0.0,0.0
2023-06-23 00:00:00-04:00,1.0099999904632568,1.0800000429153442,0.9890000224113464,1.0800000429153442,46100,0.0,0.0
2023-06-26 00:00:00-04:00,1.090000033378601,1.090000033378601,1.003999948501587,1.0499999523162842,44100,0.0,0.0
2023-06-27 00:00:00-04:00,1.0290000438690186,1.059999942779541,1.0,1.0099999904632568,45700,0.0,0.0
2023-06-28 00:00:00-04:00,1.0140000581741333,1.0299999713897705,1.0,1.0099999904632568,21900,0.0,0.0
2023-06-29 00:00:00-04:00,1.0299999713897705,1.0700000524520874,1.0,1.0499999523162842,22600,0.0,0.0
2023-06-30 00:00:00-04:00,1.059999942779541,1.090000033378601,1.0299999713897705,1.090000033378601,42200,0.0,0.0
2023-07-03 00:00:00-04:00,1.1799999475479126,1.1799999475479126,1.1100000143051147,1.149999976158142,34800,0.0,0.0
2023-07-05 00:00:00-04:00,1.1799999475479126,1.2400000095367432,1.0499999523162842,1.149999976158142,210900,0.0,0.0
2023-07-06 00:00:00-04:00,1.1799999475479126,1.2100000381469727,1.1299999952316284,1.1699999570846558,30300,0.0,0.0
2023-07-07 00:00:00-04:00,1.2000000476837158,1.2100000381469727,1.159999966621399,1.2100000381469727,46600,0.0,0.0
2023-07-10 00:00:00-04:00,1.2300000190734863,1.3300000429153442,1.2000000476837158,1.2699999809265137,169500,0.0,0.0
2023-07-11 00:00:00-04:00,1.25,1.4500000476837158,1.2100000381469727,1.3600000143051147,239000,0.0,0.0
2023-07-12 00:00:00-04:00,1.409999966621399,1.4299999475479126,1.2730000019073486,1.4299999475479126,114900,0.0,0.0
2023-07-13 00:00:00-04:00,1.409999966621399,1.5,1.3899999856948853,1.5,146500,0.0,0.0
2023-07-14 00:00:00-04:00,1.440000057220459,1.5,1.4199999570846558,1.4199999570846558,96600,0.0,0.0
2023-07-17 00:00:00-04:00,1.3799999952316284,1.4789999723434448,1.3619999885559082,1.4500000476837158,47600,0.0,0.0
2023-07-18 00:00:00-04:00,1.4199999570846558,1.5,1.3799999952316284,1.5,305000,0.0,0.0
2023-07-19 00:00:00-04:00,1.4900000095367432,1.5,1.3799999952316284,1.4199999570846558,249800,0.0,0.0
2023-07-20 00:00:00-04:00,1.399999976158142,1.399999976158142,1.3580000400543213,1.3600000143051147,41000,0.0,0.0
2023-07-21 00:00:00-04:00,1.340000033378601,1.399999976158142,1.3300000429153442,1.3899999856948853,78000,0.0,0.0
2023-07-24 00:00:00-04:00,1.4199999570846558,1.4199999570846558,1.350000023841858,1.399999976158142,51700,0.0,0.0
2023-07-25 00:00:00-04:00,1.399999976158142,1.4800000190734863,1.399999976158142,1.4299999475479126,66900,0.0,0.0
2023-07-26 00:00:00-04:00,1.4900000095367432,1.4900000095367432,1.3700000047683716,1.399999976158142,37100,0.0,0.0
2023-07-27 00:00:00-04:00,1.440000057220459,1.4700000286102295,1.3799999952316284,1.399999976158142,27700,0.0,0.0
2023-07-28 00:00:00-04:00,1.3899999856948853,1.4299999475479126,1.3700000047683716,1.399999976158142,27300,0.0,0.0
2023-07-31 00:00:00-04:00,1.4199999570846558,1.4600000381469727,1.399999976158142,1.409999966621399,61400,0.0,0.0
2023-08-01 00:00:00-04:00,1.409999966621399,1.4800000190734863,1.399999976158142,1.399999976158142,25200,0.0,0.0
2023-08-02 00:00:00-04:00,1.440000057220459,1.440000057220459,1.340000033378601,1.3799999952316284,23300,0.0,0.0
2023-08-03 00:00:00-04:00,1.399999976158142,1.4500000476837158,1.2990000247955322,1.3799999952316284,48100,0.0,0.0
2023-08-04 00:00:00-04:00,1.399999976158142,1.4199999570846558,1.3300000429153442,1.350000023841858,13600,0.0,0.0
2023-08-07 00:00:00-04:00,1.399999976158142,1.399999976158142,1.3029999732971191,1.3700000047683716,7900,0.0,0.0
2023-08-08 00:00:00-04:00,1.350000023841858,1.399999976158142,1.2899999618530273,1.3300000429153442,46400,0.0,0.0
2023-08-09 00:00:00-04:00,1.3600000143051147,1.3700000047683716,1.2999999523162842,1.340000033378601,15700,0.0,0.0
2023-08-10 00:00:00-04:00,1.3200000524520874,1.3799999952316284,1.2599999904632568,1.2999999523162842,21300,0.0,0.0
2023-08-11 00:00:00-04:00,1.3200000524520874,1.3200000524520874,1.2599999904632568,1.2699999809265137,9800,0.0,0.0
2023-08-14 00:00:00-04:00,1.350000023841858,1.350000023841858,1.25,1.3300000429153442,62500,0.0,0.0
2023-08-15 00:00:00-04:00,1.399999976158142,1.399999976158142,1.2039999961853027,1.2100000381469727,39800,0.0,0.0
2023-08-16 00:00:00-04:00,1.2300000190734863,1.3200000524520874,1.090000033378601,1.1799999475479126,87900,0.0,0.0
2023-08-17 00:00:00-04:00,1.190000057220459,1.25,1.152999997138977,1.2400000095367432,15500,0.0,0.0
2023-08-18 00:00:00-04:00,1.25,1.3079999685287476,1.1959999799728394,1.2699999809265137,11500,0.0,0.0
2023-08-21 00:00:00-04:00,1.2300000190734863,1.2450000047683716,1.100000023841858,1.1100000143051147,177600,0.0,0.0
2023-08-22 00:00:00-04:00,1.1799999475479126,1.190000057220459,1.0,1.0199999809265137,58100,0.0,0.0
2023-08-23 00:00:00-04:00,1.059999942779541,1.100000023841858,1.0099999904632568,1.0199999809265137,95500,0.0,0.0
2023-08-24 00:00:00-04:00,1.0499999523162842,1.0499999523162842,1.0199999809265137,1.0399999618530273,41600,0.0,0.0
2023-08-25 00:00:00-04:00,1.0299999713897705,1.0700000524520874,1.0199999809265137,1.0449999570846558,54900,0.0,0.0
2023-08-28 00:00:00-04:00,1.0499999523162842,1.059999942779541,1.0299999713897705,1.0499999523162842,20400,0.0,0.0
2023-08-29 00:00:00-04:00,1.0700000524520874,1.0700000524520874,1.0299999713897705,1.0700000524520874,39100,0.0,0.0
2023-08-30 00:00:00-04:00,1.0700000524520874,1.190000057220459,1.0499999523162842,1.1100000143051147,70600,0.0,0.0
2023-08-31 00:00:00-04:00,1.1200000047683716,1.2000000476837158,1.1200000047683716,1.1799999475479126,18600,0.0,0.0
2023-09-01 00:00:00-04:00,1.0700000524520874,1.1950000524520874,1.0700000524520874,1.159999966621399,18300,0.0,0.0
2023-09-05 00:00:00-04:00,1.2200000286102295,1.2389999628067017,1.1200000047683716,1.1200000047683716,30400,0.0,0.0
2023-09-06 00:00:00-04:00,1.1399999856948853,1.1399999856948853,1.059999942779541,1.1200000047683716,15100,0.0,0.0
2023-09-07 00:00:00-04:00,1.1299999952316284,1.1299999952316284,1.0800000429153442,1.1100000143051147,16000,0.0,0.0
2023-09-08 00:00:00-04:00,1.090000033378601,1.090000033378601,1.0199999809265137,1.059999942779541,26100,0.0,0.0
2023-09-11 00:00:00-04:00,1.1100000143051147,1.1100000143051147,1.0800000429153442,1.0800000429153442,29200,0.0,0.0
2023-09-12 00:00:00-04:00,1.1299999952316284,1.1699999570846558,1.0800000429153442,1.0800000429153442,27300,0.0,0.0
2023-09-13 00:00:00-04:00,1.100000023841858,1.1299999952316284,1.0700000524520874,1.0700000524520874,20500,0.0,0.0
2023-09-14 00:00:00-04:00,1.090000033378601,1.1100000143051147,1.0800000429153442,1.100000023841858,21800,0.0,0.0
2023-09-15 00:00:00-04:00,1.090000033378601,1.25,1.0499999523162842,1.25,256600,0.0,0.0
2023-09-18 00:00:00-04:00,1.25,1.25,1.1200000047683716,1.1399999856948853,30100,0.0,0.0
2023-09-19 00:00:00-04:00,1.1200000047683716,1.159999966621399,1.1200000047683716,1.149999976158142,11000,0.0,0.0
2023-09-20 00:00:00-04:00,1.159999966621399,1.159999966621399,1.1200000047683716,1.1200000047683716,9100,0.0,0.0
2023-09-21 00:00:00-04:00,1.1200000047683716,1.156000018119812,1.059999942779541,1.100000023841858,15500,0.0,0.0
2023-09-22 00:00:00-04:00,1.149999976158142,1.149999976158142,1.100000023841858,1.1139999628067017,10900,0.0,0.0
2023-09-25 00:00:00-04:00,1.090000033378601,1.149999976158142,1.0299999713897705,1.059999942779541,65400,0.0,0.0
2023-09-26 00:00:00-04:00,1.0800000429153442,1.1399999856948853,1.0800000429153442,1.1299999952316284,2900,0.0,0.0
2023-09-27 00:00:00-04:00,1.1139999628067017,1.190000057220459,1.090000033378601,1.100000023841858,39400,0.0,0.0
2023-09-28 00:00:00-04:00,1.1349999904632568,1.149999976158142,1.059000015258789,1.059999942779541,23700,0.0,0.0
2023-09-29 00:00:00-04:00,1.0800000429153442,1.090000033378601,1.059999942779541,1.090000033378601,13800,0.0,0.0
2023-10-02 00:00:00-04:00,1.090000033378601,1.090000033378601,0.9919999837875366,1.0,91000,0.0,0.0
2023-10-03 00:00:00-04:00,1.059999942779541,1.059999942779541,0.8220000267028809,0.8799999952316284,91500,0.0,0.0
2023-10-04 00:00:00-04:00,0.9240000247955322,1.0,0.800000011920929,0.9810000061988831,113300,0.0,0.0
2023-10-05 00:00:00-04:00,1.0,1.0499999523162842,0.9309999942779541,0.9700000286102295,30400,0.0,0.0
2023-10-06 00:00:00-04:00,0.9399999976158142,0.9869999885559082,0.8939999938011169,0.9800000190734863,4000,0.0,0.0
2023-10-09 00:00:00-04:00,0.9200000166893005,0.9950000047683716,0.8899999856948853,0.8899999856948853,25800,0.0,0.0
2023-10-10 00:00:00-04:00,0.9350000023841858,0.949999988079071,0.8999999761581421,0.8999999761581421,17300,0.0,0.0
2023-10-11 00:00:00-04:00,0.8999999761581421,0.9399999976158142,0.8999999761581421,0.9150000214576721,16200,0.0,0.0
2023-10-12 00:00:00-04:00,0.9399999976158142,0.9620000123977661,0.8500000238418579,0.9100000262260437,69700,0.0,0.0
2023-10-13 00:00:00-04:00,0.8999999761581421,0.968999981880188,0.8600000143051147,0.8640000224113464,12200,0.0,0.0
2023-10-16 00:00:00-04:00,0.9300000071525574,0.9449999928474426,0.8500000238418579,0.8629999756813049,23000,0.0,0.0
2023-10-17 00:00:00-04:00,0.8500000238418579,0.9700000286102295,0.8500000238418579,0.8930000066757202,25700,0.0,0.0
2023-10-18 00:00:00-04:00,0.8930000066757202,0.9409999847412109,0.8930000066757202,0.9409999847412109,6100,0.0,0.0
2023-10-19 00:00:00-04:00,0.8610000014305115,0.949999988079071,0.8600000143051147,0.8700000047683716,32400,0.0,0.0
2023-10-20 00:00:00-04:00,1.0499999523162842,1.0499999523162842,0.8610000014305115,0.8870000243186951,36400,0.0,0.0
2023-10-23 00:00:00-04:00,0.8600000143051147,0.8999999761581421,0.800000011920929,0.8600000143051147,60700,0.0,0.0
2023-10-24 00:00:00-04:00,0.8600000143051147,0.8700000047683716,0.824999988079071,0.8700000047683716,12200,0.0,0.0
2023-10-25 00:00:00-04:00,0.8999999761581421,0.8999999761581421,0.7900000214576721,0.8999999761581421,49700,0.0,0.0
2023-10-26 00:00:00-04:00,0.8999999761581421,0.8999999761581421,0.800000011920929,0.800000011920929,62400,0.0,0.0
2023-10-27 00:00:00-04:00,0.8999999761581421,0.8999999761581421,0.7799999713897705,0.7799999713897705,28300,0.0,0.0
2023-10-30 00:00:00-04:00,0.7900000214576721,0.9900000095367432,0.7799999713897705,0.9399999976158142,145800,0.0,0.0
2023-10-31 00:00:00-04:00,1.0,1.0499999523162842,0.8899999856948853,1.0299999713897705,280300,0.0,0.0
2023-11-01 00:00:00-04:00,1.0099999904632568,1.0199999809265137,0.9390000104904175,1.0,8900,0.0,0.0
2023-11-02 00:00:00-04:00,0.9409999847412109,1.059999942779541,0.9409999847412109,1.059999942779541,17700,0.0,0.0
2023-11-03 00:00:00-04:00,1.0499999523162842,1.059999942779541,0.9599999785423279,0.9950000047683716,21200,0.0,0.0
2023-11-06 00:00:00-05:00,1.0,1.0,0.9300000071525574,0.9300000071525574,27500,0.0,0.0
2023-11-07 00:00:00-05:00,0.9800000190734863,1.0,0.949999988079071,0.9769999980926514,16700,0.0,0.0
2023-11-08 00:00:00-05:00,0.949999988079071,1.0,0.8899999856948853,0.9700000286102295,34600,0.0,0.0
2023-11-09 00:00:00-05:00,1.0,1.0,0.9200000166893005,0.9800000190734863,19000,0.0,0.0
2023-11-10 00:00:00-05:00,0.9750000238418579,1.0,0.9300000071525574,0.9399999976158142,21400,0.0,0.0
2023-11-13 00:00:00-05:00,0.9350000023841858,0.949999988079071,0.8799999952316284,0.9300000071525574,16300,0.0,0.0
2023-11-14 00:00:00-05:00,0.949999988079071,0.949999988079071,0.8799999952316284,0.9100000262260437,31300,0.0,0.0
2023-11-15 00:00:00-05:00,0.8100000023841858,0.8799999952316284,0.7900000214576721,0.800000011920929,524600,0.0,0.0
2023-11-16 00:00:00-05:00,0.8700000047683716,0.878000020980835,0.800000011920929,0.8560000061988831,127600,0.0,0.0
2023-11-17 00:00:00-05:00,0.8500000238418579,0.8600000143051147,0.8199999928474426,0.8500000238418579,184400,0.0,0.0
2023-11-20 00:00:00-05:00,0.8500000238418579,0.8700000047683716,0.8349999785423279,0.8700000047683716,159500,0.0,0.0
2023-11-21 00:00:00-05:00,0.8690000176429749,0.8700000047683716,0.8360000252723694,0.8410000205039978,157900,0.0,0.0
2023-11-22 00:00:00-05:00,0.8500000238418579,0.8700000047683716,0.8199999928474426,0.8500000238418579,266600,0.0,0.0
2023-11-24 00:00:00-05:00,0.8600000143051147,0.9800000190734863,0.8600000143051147,0.949999988079071,168200,0.0,0.0
2023-11-27 00:00:00-05:00,0.9539999961853027,0.9800000190734863,0.9100000262260437,0.9200000166893005,131100,0.0,0.0
2023-11-28 00:00:00-05:00,0.9100000262260437,0.9399999976158142,0.8489999771118164,0.8840000033378601,26900,0.0,0.0
2023-11-29 00:00:00-05:00,0.9300000071525574,0.9599999785423279,0.9110000133514404,0.9200000166893005,118800,0.0,0.0
2023-11-30 00:00:00-05:00,0.8999999761581421,0.9399999976158142,0.843999981880188,0.8500000238418579,225400,0.0,0.0
2023-12-01 00:00:00-05:00,0.8600000143051147,0.8840000033378601,0.800000011920929,0.8500000238418579,42700,0.0,0.0
2023-12-04 00:00:00-05:00,0.8500000238418579,0.8500000238418579,0.800000011920929,0.800000011920929,39400,0.0,0.0
2023-12-05 00:00:00-05:00,0.8100000023841858,0.8560000061988831,0.75,0.7979999780654907,61500,0.0,0.0
2023-12-06 00:00:00-05:00,0.7900000214576721,0.8090000152587891,0.7509999871253967,0.7599999904632568,46300,0.0,0.0
2023-12-07 00:00:00-05:00,0.7839999794960022,0.800000011920929,0.7549999952316284,0.7730000019073486,40700,0.0,0.0
2023-12-08 00:00:00-05:00,0.7200000286102295,0.8299999833106995,0.7200000286102295,0.7590000033378601,83900,0.0,0.0
2023-12-11 00:00:00-05:00,0.7879999876022339,0.8500000238418579,0.7160000205039978,0.7210000157356262,75500,0.0,0.0
2023-12-12 00:00:00-05:00,0.7670000195503235,0.7670000195503235,0.6660000085830688,0.6940000057220459,260200,0.0,0.0
2023-12-13 00:00:00-05:00,0.6980000138282776,0.7440000176429749,0.6859999895095825,0.7200000286102295,178200,0.0,0.0
2023-12-14 00:00:00-05:00,0.699999988079071,0.800000011920929,0.6800000071525574,0.6959999799728394,326100,0.0,0.0
2023-12-15 00:00:00-05:00,0.6980000138282776,0.7390000224113464,0.6980000138282776,0.7200000286102295,34700,0.0,0.0
2023-12-18 00:00:00-05:00,0.7200000286102295,0.7699999809265137,0.7200000286102295,0.7210000157356262,59300,0.0,0.0
2023-12-19 00:00:00-05:00,0.7300000190734863,0.7699999809265137,0.7300000190734863,0.75,121200,0.0,0.0
2023-12-20 00:00:00-05:00,0.7300000190734863,0.7549999952316284,0.6420000195503235,0.6620000004768372,230500,0.0,0.0
2023-12-21 00:00:00-05:00,0.6420000195503235,0.6669999957084656,0.6399999856948853,0.6399999856948853,117500,0.0,0.0
2023-12-22 00:00:00-05:00,0.6520000100135803,0.6899999976158142,0.6069999933242798,0.656000018119812,100100,0.0,0.0
2023-12-26 00:00:00-05:00,0.6890000104904175,0.6899999976158142,0.5799999833106995,0.6190000176429749,225700,0.0,0.0
2023-12-27 00:00:00-05:00,0.6439999938011169,0.671999990940094,0.6340000033378601,0.6499999761581421,136100,0.0,0.0
2023-12-28 00:00:00-05:00,0.6439999938011169,0.75,0.6439999938011169,0.7089999914169312,80900,0.0,0.0
2023-12-29 00:00:00-05:00,0.7099999785423279,0.800000011920929,0.6909999847412109,0.781000018119812,483300,0.0,0.0
2024-01-02 00:00:00-05:00,0.8199999928474426,0.8500000238418579,0.800000011920929,0.8149999976158142,26900,0.0,0.0
2024-01-03 00:00:00-05:00,0.8100000023841858,0.847000002861023,0.75,0.8299999833106995,34000,0.0,0.0
2024-01-04 00:00:00-05:00,0.7590000033378601,0.8500000238418579,0.7590000033378601,0.800000011920929,42400,0.0,0.0
2024-01-05 00:00:00-05:00,0.7799999713897705,0.8169999718666077,0.7699999809265137,0.7799999713897705,55000,0.0,0.0
2024-01-08 00:00:00-05:00,0.7860000133514404,0.8389999866485596,0.7860000133514404,0.8190000057220459,35100,0.0,0.0
2024-01-09 00:00:00-05:00,0.8009999990463257,0.8399999737739563,0.7369999885559082,0.7599999904632568,139600,0.0,0.0
2024-01-10 00:00:00-05:00,0.8230000138282776,0.8230000138282776,0.75,0.7730000019073486,28700,0.0,0.0
2024-01-11 00:00:00-05:00,0.7699999809265137,0.7990000247955322,0.7540000081062317,0.7720000147819519,32700,0.0,0.0
2024-01-12 00:00:00-05:00,0.753000020980835,0.7879999876022339,0.7300000190734863,0.75,28800,0.0,0.0
2024-01-16 00:00:00-05:00,0.7879999876022339,0.7879999876022339,0.7129999995231628,0.7210000157356262,51700,0.0,0.0
2024-01-17 00:00:00-05:00,0.718999981880188,0.75,0.699999988079071,0.7250000238418579,12100,0.0,0.0
2024-01-18 00:00:00-05:00,0.7599999904632568,0.7599999904632568,0.699999988079071,0.7400000095367432,25600,0.0,0.0
2024-01-19 00:00:00-05:00,0.7799999713897705,0.7799999713897705,0.699999988079071,0.7009999752044678,75500,0.0,0.0
2024-01-22 00:00:00-05:00,0.7099999785423279,0.7400000095367432,0.699999988079071,0.7009999752044678,32800,0.0,0.0
2024-01-23 00:00:00-05:00,0.7300000190734863,0.7300000190734863,0.6700000166893005,0.675000011920929,125600,0.0,0.0
2024-01-24 00:00:00-05:00,0.6800000071525574,0.6800000071525574,0.6200000047683716,0.652999997138977,68300,0.0,0.0
2024-01-25 00:00:00-05:00,0.6499999761581421,0.6499999761581421,0.5899999737739563,0.5910000205039978,64600,0.0,0.0
2024-01-26 00:00:00-05:00,0.6700000166893005,0.6790000200271606,0.6209999918937683,0.6330000162124634,17200,0.0,0.0
2024-01-29 00:00:00-05:00,0.6600000262260437,0.6700000166893005,0.625,0.6499999761581421,18600,0.0,0.0
2024-01-30 00:00:00-05:00,0.6489999890327454,0.6549999713897705,0.6179999709129333,0.6290000081062317,308800,0.0,0.0
2024-01-31 00:00:00-05:00,0.6399999856948853,0.6600000262260437,0.6010000109672546,0.6159999966621399,32600,0.0,0.0
2024-02-01 00:00:00-05:00,0.6000000238418579,0.6549999713897705,0.6000000238418579,0.6299999952316284,20300,0.0,0.0
2024-02-02 00:00:00-05:00,0.6299999952316284,0.6480000019073486,0.6000000238418579,0.6129999756813049,56100,0.0,0.0
2024-02-05 00:00:00-05:00,0.6480000019073486,0.6480000019073486,0.6019999980926514,0.6200000047683716,14700,0.0,0.0
2024-02-06 00:00:00-05:00,0.6449999809265137,0.6449999809265137,0.6110000014305115,0.6110000014305115,24500,0.0,0.0
2024-02-07 00:00:00-05:00,0.6200000047683716,0.6349999904632568,0.6100000143051147,0.6299999952316284,85700,0.0,0.0
2024-02-08 00:00:00-05:00,0.6100000143051147,0.6299999952316284,0.6010000109672546,0.6039999723434448,80800,0.0,0.0
2024-02-09 00:00:00-05:00,0.6000000238418579,0.6299999952316284,0.5899999737739563,0.6079999804496765,40400,0.0,0.0
2024-02-12 00:00:00-05:00,0.6079999804496765,0.6200000047683716,0.6000000238418579,0.6000000238418579,9900,0.0,0.0
2024-02-13 00:00:00-05:00,0.6000000238418579,0.6029999852180481,0.5899999737739563,0.6000000238418579,16600,0.0,0.0
2024-02-14 00:00:00-05:00,0.5799999833106995,0.625,0.5799999833106995,0.625,13000,0.0,0.0
2024-02-15 00:00:00-05:00,0.6200000047683716,0.6359999775886536,0.6079999804496765,0.6359999775886536,11500,0.0,0.0
2024-02-16 00:00:00-05:00,0.6359999775886536,0.6389999985694885,0.6029999852180481,0.6389999985694885,3700,0.0,0.0
2024-02-20 00:00:00-05:00,0.6399999856948853,0.6399999856948853,0.5600000023841858,0.5609999895095825,119900,0.0,0.0
2024-02-21 00:00:00-05:00,0.5849999785423279,0.6520000100135803,0.5600000023841858,0.6050000190734863,114400,0.0,0.0
2024-02-22 00:00:00-05:00,0.5609999895095825,0.6000000238418579,0.5609999895095825,0.5889999866485596,18700,0.0,0.0
2024-02-23 00:00:00-05:00,0.6000000238418579,0.75,0.5899999737739563,0.5929999947547913,742000,0.0,0.0
2024-02-26 00:00:00-05:00,0.6200000047683716,0.6200000047683716,0.5799999833106995,0.5920000076293945,81900,0.0,0.0
2024-02-27 00:00:00-05:00,0.5910000205039978,0.6140000224113464,0.5899999737739563,0.5910000205039978,16400,0.0,0.0
2024-02-28 00:00:00-05:00,0.6140000224113464,0.6140000224113464,0.5529999732971191,0.5740000009536743,157900,0.0,0.0
2024-02-29 00:00:00-05:00,0.5669999718666077,0.5849999785423279,0.550000011920929,0.5699999928474426,8700,0.0,0.0
2024-03-01 00:00:00-05:00,0.5730000138282776,0.6000000238418579,0.5600000023841858,0.5649999976158142,65800,0.0,0.0
2024-03-04 00:00:00-05:00,0.5899999737739563,0.5899999737739563,0.5559999942779541,0.5730000138282776,43100,0.0,0.0
2024-03-05 00:00:00-05:00,0.5669999718666077,0.5849999785423279,0.5669999718666077,0.5849999785423279,15900,0.0,0.0
2024-03-06 00:00:00-05:00,0.5699999928474426,0.5899999737739563,0.5600000023841858,0.5899999737739563,49300,0.0,0.0
2024-03-07 00:00:00-05:00,0.5889999866485596,0.6000000238418579,0.5559999942779541,0.5950000286102295,41500,0.0,0.0
2024-03-08 00:00:00-05:00,0.5950000286102295,0.5979999899864197,0.5789999961853027,0.5950000286102295,41400,0.0,0.0
2024-03-11 00:00:00-04:00,0.6010000109672546,0.6029999852180481,0.5260000228881836,0.5400000214576721,55200,0.0,0.0
2024-03-12 00:00:00-04:00,0.5600000023841858,0.5600000023841858,0.5080000162124634,0.5210000276565552,7000,0.0,0.0
2024-03-13 00:00:00-04:00,0.5400000214576721,0.5400000214576721,0.47999998927116394,0.5249999761581421,60600,0.0,0.0
2024-03-14 00:00:00-04:00,0.5210000276565552,0.5249999761581421,0.453000009059906,0.49900001287460327,111700,0.0,0.0
2024-03-15 00:00:00-04:00,0.5,0.5,0.4359999895095825,0.4359999895095825,85300,0.0,0.0
2024-03-18 00:00:00-04:00,0.4659999907016754,0.4790000021457672,0.4129999876022339,0.44999998807907104,56600,0.0,0.0
2024-03-19 00:00:00-04:00,0.44999998807907104,0.44999998807907104,0.3889999985694885,0.41999998688697815,86100,0.0,0.0
2024-03-20 00:00:00-04:00,0.41499999165534973,0.44600000977516174,0.4090000092983246,0.42899999022483826,70800,0.0,0.0
2024-03-21 00:00:00-04:00,0.3880000114440918,0.41600000858306885,0.3880000114440918,0.3930000066757202,113100,0.0,0.0
2024-03-22 00:00:00-04:00,0.4009999930858612,0.41999998688697815,0.3700000047683716,0.40799999237060547,88200,0.0,0.0
2024-03-25 00:00:00-04:00,0.39399999380111694,0.40799999237060547,0.3889999985694885,0.4050000011920929,26700,0.0,0.0
2024-03-26 00:00:00-04:00,0.3889999985694885,0.4050000011920929,0.3799999952316284,0.39899998903274536,40900,0.0,0.0
2024-03-27 00:00:00-04:00,0.3970000147819519,0.3970000147819519,0.38600000739097595,0.3959999978542328,15400,0.0,0.0
2024-03-28 00:00:00-04:00,0.41999998688697815,0.41999998688697815,0.4000000059604645,0.41100001335144043,52500,0.0,0.0
2024-04-01 00:00:00-04:00,0.4009999930858612,0.5,0.4000000059604645,0.4399999976158142,205100,0.0,0.0
2024-04-02 00:00:00-04:00,0.4300000071525574,0.5,0.4020000100135803,0.4790000021457672,5805200,0.0,0.0
2024-04-03 00:00:00-04:00,0.5,0.574999988079071,0.5,0.5199999809265137,1946500,0.0,0.0
2024-04-04 00:00:00-04:00,0.49000000953674316,0.5099999904632568,0.4399999976158142,0.5090000033378601,1023600,0.0,0.0
2024-04-05 00:00:00-04:00,0.5210000276565552,0.5849999785423279,0.453000009059906,0.550000011920929,645700,0.0,0.0
2024-04-08 00:00:00-04:00,0.5600000023841858,0.5600000023841858,0.5,0.550000011920929,208100,0.0,0.0
2024-04-09 00:00:00-04:00,0.5379999876022339,0.5429999828338623,0.503000020980835,0.5199999809265137,309400,0.0,0.0
2024-04-10 00:00:00-04:00,0.5230000019073486,0.5799999833106995,0.49300000071525574,0.5699999928474426,336300,0.0,0.0
2024-04-11 00:00:00-04:00,0.5699999928474426,0.5699999928474426,0.503000020980835,0.5260000228881836,190900,0.0,0.0
2024-04-12 00:00:00-04:00,0.5180000066757202,0.5569999814033508,0.5180000066757202,0.5299999713897705,89700,0.0,0.0
2024-04-15 00:00:00-04:00,0.5270000100135803,0.5389999747276306,0.48100000619888306,0.49799999594688416,101000,0.0,0.0
2024-04-16 00:00:00-04:00,0.48899999260902405,0.5099999904632568,0.4699999988079071,0.47699999809265137,150500,0.0,0.0
2024-04-17 00:00:00-04:00,0.47699999809265137,0.49000000953674316,0.4650000035762787,0.47999998927116394,84600,0.0,0.0
2024-04-18 00:00:00-04:00,0.4580000042915344,0.49399998784065247,0.4580000042915344,0.48399999737739563,34400,0.0,0.0
2024-04-19 00:00:00-04:00,0.47999998927116394,0.5,0.47999998927116394,0.492000013589859,26100,0.0,0.0
2024-04-22 00:00:00-04:00,0.4699999988079071,0.5009999871253967,0.46000000834465027,0.4690000116825104,69900,0.0,0.0
2024-04-23 00:00:00-04:00,0.4690000116825104,0.48399999737739563,0.4690000116825104,0.48399999737739563,4700,0.0,0.0
2024-04-24 00:00:00-04:00,0.4699999988079071,0.49900001287460327,0.4699999988079071,0.49900001287460327,10400,0.0,0.0
2024-04-25 00:00:00-04:00,0.4699999988079071,0.49900001287460327,0.4699999988079071,0.48500001430511475,14000,0.0,0.0
2024-04-26 00:00:00-04:00,0.48500001430511475,0.49300000071525574,0.46000000834465027,0.4749999940395355,33400,0.0,0.0
2024-04-29 00:00:00-04:00,0.47999998927116394,0.5009999871253967,0.45100000500679016,0.46000000834465027,104300,0.0,0.0
2024-04-30 00:00:00-04:00,0.46000000834465027,0.47999998927116394,0.4300000071525574,0.4449999928474426,41500,0.0,0.0
2024-05-01 00:00:00-04:00,0.46000000834465027,0.48899999260902405,0.46000000834465027,0.4869999885559082,15000,0.0,0.0
2024-05-02 00:00:00-04:00,0.4860000014305115,0.5149999856948853,0.46399998664855957,0.5130000114440918,49800,0.0,0.0
2024-05-03 00:00:00-04:00,0.5099999904632568,0.5109999775886536,0.4699999988079071,0.4699999988079071,70200,0.0,0.0
2024-05-06 00:00:00-04:00,0.4860000014305115,0.4860000014305115,0.45500001311302185,0.45500001311302185,69200,0.0,0.0
2024-05-07 00:00:00-04:00,0.4440000057220459,0.4699999988079071,0.4429999887943268,0.4519999921321869,33300,0.0,0.0
2024-05-08 00:00:00-04:00,0.4580000042915344,0.4580000042915344,0.39899998903274536,0.4000000059604645,104300,0.0,0.0
2024-05-09 00:00:00-04:00,0.41999998688697815,0.42500001192092896,0.375,0.39500001072883606,205400,0.0,0.0
2024-05-10 00:00:00-04:00,0.4000000059604645,0.4399999976158142,0.4000000059604645,0.4350000023841858,76100,0.0,0.0
2024-05-13 00:00:00-04:00,0.4399999976158142,0.4399999976158142,0.39899998903274536,0.4169999957084656,69400,0.0,0.0
2024-05-14 00:00:00-04:00,0.39800000190734863,0.4399999976158142,0.3799999952316284,0.4189999997615814,132500,0.0,0.0
2024-05-15 00:00:00-04:00,0.41999998688697815,0.4690000116825104,0.4009999930858612,0.4690000116825104,94600,0.0,0.0
2024-05-16 00:00:00-04:00,0.4519999921321869,0.46000000834465027,0.421999990940094,0.4399999976158142,106900,0.0,0.0
2024-05-17 00:00:00-04:00,0.4020000100135803,0.4399999976158142,0.4020000100135803,0.42399999499320984,41900,0.0,0.0
2024-05-20 00:00:00-04:00,0.4350000023841858,0.4399999976158142,0.414000004529953,0.4339999854564667,152400,0.0,0.0
2024-05-21 00:00:00-04:00,0.4399999976158142,0.4819999933242798,0.42899999022483826,0.460999995470047,253300,0.0,0.0
2024-05-22 00:00:00-04:00,0.4399999976158142,0.44999998807907104,0.40299999713897705,0.41999998688697815,128200,0.0,0.0
2024-05-23 00:00:00-04:00,0.4440000057220459,0.4440000057220459,0.4020000100135803,0.4129999876022339,39800,0.0,0.0
2024-05-24 00:00:00-04:00,0.41200000047683716,0.5899999737739563,0.4020000100135803,0.45100000500679016,249000,0.0,0.0
2024-05-28 00:00:00-04:00,0.44999998807907104,0.44999998807907104,0.40700000524520874,0.4099999964237213,128600,0.0,0.0
2024-05-29 00:00:00-04:00,0.40700000524520874,0.4099999964237213,0.38100001215934753,0.38100001215934753,119300,0.0,0.0
2024-05-30 00:00:00-04:00,0.38100001215934753,0.40400001406669617,0.3630000054836273,0.37299999594688416,378100,0.0,0.0
2024-05-31 00:00:00-04:00,0.3869999945163727,0.38999998569488525,0.3499999940395355,0.3840000033378601,176100,0.0,0.0
2024-06-03 00:00:00-04:00,0.40400001406669617,0.4189999997615814,0.38100001215934753,0.38999998569488525,66400,0.0,0.0
2024-06-04 00:00:00-04:00,0.3799999952316284,0.39800000190734863,0.3700000047683716,0.3799999952316284,82000,0.0,0.0
2024-06-05 00:00:00-04:00,0.3799999952316284,0.4000000059604645,0.3700000047683716,0.3709999918937683,128300,0.0,0.0
2024-06-06 00:00:00-04:00,0.3700000047683716,0.3799999952316284,0.3449999988079071,0.3630000054836273,158300,0.0,0.0
2024-06-07 00:00:00-04:00,0.3700000047683716,0.3799999952316284,0.33000001311302185,0.37299999594688416,150300,0.0,0.0
2024-06-10 00:00:00-04:00,0.37299999594688416,0.4059999883174896,0.3610000014305115,0.4000000059604645,544900,0.0,0.0
2024-06-11 00:00:00-04:00,0.4000000059604645,0.44999998807907104,0.4000000059604645,0.41999998688697815,358500,0.0,0.0
2024-06-12 00:00:00-04:00,0.41999998688697815,0.4390000104904175,0.4000000059604645,0.4090000092983246,182800,0.0,0.0
2024-06-13 00:00:00-04:00,0.41600000858306885,0.41999998688697815,0.3799999952316284,0.4169999957084656,206200,0.0,0.0
2024-06-14 00:00:00-04:00,0.4059999883174896,0.41999998688697815,0.39100000262260437,0.41499999165534973,145700,0.0,0.0
