Date,Open,High,Low,Close,Volume,Dividends,Stock Splits
1973-02-21 00:00:00-05:00,1.1356905698776245,1.1356905698776245,1.1356905698776245,1.1356905698776245,14400,0.0,0.0
1973-02-22 00:00:00-05:00,1.128363013267517,1.128363013267517,1.128363013267517,1.128363013267517,1600,0.0,0.0
1973-02-23 00:00:00-05:00,1.0917284488677979,1.0917284488677979,1.0917284488677979,1.0917284488677979,20800,0.0,0.0
1973-02-26 00:00:00-05:00,1.069746732711792,1.069746732711792,1.069746732711792,1.069746732711792,4800,0.0,0.0
1973-02-27 00:00:00-05:00,0.9012255668640137,0.9012255668640137,0.9012255668640137,0.9012255668640137,190400,0.0,0.0
1973-02-28 00:00:00-05:00,0.9012255668640137,0.9012255668640137,0.9012255668640137,0.9012255668640137,140800,0.0,0.0
1973-03-01 00:00:00-05:00,0.9671680331230164,0.9671680331230164,0.9671680331230164,0.9671680331230164,40000,0.0,0.0
1973-03-02 00:00:00-05:00,1.011130928993225,1.011130928993225,1.011130928993225,1.011130928993225,44800,0.0,0.0
1973-03-05 00:00:00-05:00,1.0038037300109863,1.0038037300109863,1.0038037300109863,1.0038037300109863,17600,0.0,0.0
1973-03-06 00:00:00-05:00,1.0038037300109863,1.0038037300109863,1.0038037300109863,1.0038037300109863,0,0.0,0.0
1973-03-07 00:00:00-05:00,1.0331122875213623,1.0331122875213623,1.0331122875213623,1.0331122875213623,12800,0.0,0.0
1973-03-08 00:00:00-05:00,1.0257847309112549,1.0257847309112549,1.0257847309112549,1.0257847309112549,1600,0.0,0.0
1973-03-09 00:00:00-05:00,1.0257847309112549,1.0257847309112549,1.0257847309112549,1.0257847309112549,0,0.0,0.0
1973-03-12 00:00:00-05:00,1.0184581279754639,1.0184581279754639,1.0184581279754639,1.0184581279754639,4800,0.0,0.0
1973-03-13 00:00:00-05:00,0.9964763522148132,0.9964763522148132,0.9964763522148132,0.9964763522148132,3200,0.0,0.0
1973-03-14 00:00:00-05:00,0.9964763522148132,0.9964763522148132,0.9964763522148132,0.9964763522148132,0,0.0,0.0
1973-03-15 00:00:00-05:00,0.9964763522148132,0.9964763522148132,0.9964763522148132,0.9964763522148132,0,0.0,0.0
1973-03-16 00:00:00-05:00,0.9964763522148132,0.9964763522148132,0.9964763522148132,0.9964763522148132,3200,0.0,0.0
1973-03-19 00:00:00-05:00,0.9964763522148132,0.9964763522148132,0.9964763522148132,0.9964763522148132,147200,0.0,0.0
1973-03-20 00:00:00-05:00,1.011130928993225,1.011130928993225,1.011130928993225,1.011130928993225,14400,0.0,0.0
1973-03-21 00:00:00-05:00,1.0038037300109863,1.0038037300109863,1.0038037300109863,1.0038037300109863,25600,0.0,0.0
1973-03-22 00:00:00-05:00,0.893898069858551,0.893898069858551,0.893898069858551,0.893898069858551,665600,0.0,0.0
1973-03-23 00:00:00-05:00,0.8792440295219421,0.8792440295219421,0.8792440295219421,0.8792440295219421,27200,0.0,0.0
1973-03-26 00:00:00-05:00,0.8572630882263184,0.8572630882263184,0.8572630882263184,0.8572630882263184,14400,0.0,0.0
1973-03-27 00:00:00-05:00,0.8792440295219421,0.8792440295219421,0.8792440295219421,0.8792440295219421,105600,0.0,0.0
1973-03-28 00:00:00-05:00,0.8792440295219421,0.8792440295219421,0.8792440295219421,0.8792440295219421,27200,0.0,0.0
1973-03-29 00:00:00-05:00,0.8792440295219421,0.8792440295219421,0.8792440295219421,0.8792440295219421,102400,0.0,0.0
1973-03-30 00:00:00-05:00,0.8719174265861511,0.8719174265861511,0.8719174265861511,0.8719174265861511,8000,0.0,0.0
1973-04-02 00:00:00-05:00,0.7766656279563904,0.7766656279563904,0.7766656279563904,0.7766656279563904,422400,0.0,0.0
1973-04-03 00:00:00-05:00,0.8645896315574646,0.8645896315574646,0.8645896315574646,0.8645896315574646,200000,0.0,0.0
1973-04-04 00:00:00-05:00,0.8792440295219421,0.8792440295219421,0.8792440295219421,0.8792440295219421,20800,0.0,0.0
1973-04-05 00:00:00-05:00,0.8499356508255005,0.8499356508255005,0.8499356508255005,0.8499356508255005,6400,0.0,0.0
1973-04-06 00:00:00-05:00,0.8499356508255005,0.8499356508255005,0.8499356508255005,0.8499356508255005,14400,0.0,0.0
1973-04-09 00:00:00-05:00,0.8572630882263184,0.8572630882263184,0.8572630882263184,0.8572630882263184,3200,0.0,0.0
1973-04-10 00:00:00-05:00,0.8572630882263184,0.8572630882263184,0.8572630882263184,0.8572630882263184,9600,0.0,0.0
1973-04-11 00:00:00-05:00,0.8719174265861511,0.8719174265861511,0.8719174265861511,0.8719174265861511,41600,0.0,0.0
1973-04-12 00:00:00-05:00,0.8792440295219421,0.8792440295219421,0.8792440295219421,0.8792440295219421,33600,0.0,0.0
1973-04-13 00:00:00-05:00,0.8792440295219421,0.8792440295219421,0.8792440295219421,0.8792440295219421,6400,0.0,0.0
1973-04-16 00:00:00-05:00,0.8719174265861511,0.8719174265861511,0.8719174265861511,0.8719174265861511,1600,0.0,0.0
1973-04-17 00:00:00-05:00,0.88657146692276,0.88657146692276,0.88657146692276,0.88657146692276,8000,0.0,0.0
1973-04-18 00:00:00-05:00,0.8792440295219421,0.8792440295219421,0.8792440295219421,0.8792440295219421,8000,0.0,0.0
1973-04-19 00:00:00-05:00,0.8719174265861511,0.8719174265861511,0.8719174265861511,0.8719174265861511,12800,0.0,0.0
1973-04-23 00:00:00-05:00,0.9085519313812256,0.9085519313812256,0.9085519313812256,0.9085519313812256,33600,0.0,0.0
1973-04-24 00:00:00-05:00,0.9085519313812256,0.9085519313812256,0.9085519313812256,0.9085519313812256,51200,0.0,0.0
1973-04-25 00:00:00-05:00,0.9232062101364136,0.9232062101364136,0.9232062101364136,0.9232062101364136,40000,0.0,0.0
1973-04-26 00:00:00-05:00,0.9451879262924194,0.9451879262924194,0.9451879262924194,0.9451879262924194,30400,0.0,0.0
1973-04-27 00:00:00-05:00,0.9378601908683777,0.9378601908683777,0.9378601908683777,0.9378601908683777,9600,0.0,0.0
1973-04-30 00:00:00-04:00,0.9451879262924194,0.9451879262924194,0.9451879262924194,0.9451879262924194,16000,0.0,0.0
1973-05-01 00:00:00-04:00,0.9451879262924194,0.9451879262924194,0.9451879262924194,0.9451879262924194,11200,0.0,0.0
1973-05-02 00:00:00-04:00,0.9598418474197388,0.9598418474197388,0.9598418474197388,0.9598418474197388,17600,0.0,0.0
1973-05-03 00:00:00-04:00,0.0,0.9671680331230164,0.9525139720150918,0.9671680331230164,19200,0.0,0.0
1973-05-04 00:00:00-04:00,0.0,1.069746732711792,0.9818223437217817,1.069746732711792,54400,0.0,0.0
1973-05-07 00:00:00-04:00,0.0,1.0844008486035843,1.0404386520385742,1.0404386520385742,44800,0.0,0.0
1973-05-08 00:00:00-04:00,0.0,1.0404386520385742,1.0257845865169042,1.0404386520385742,9600,0.0,0.0
1973-05-09 00:00:00-04:00,0.0,1.0404387984957013,1.0257847309112549,1.0257847309112549,24000,0.0,0.0
1973-05-10 00:00:00-04:00,0.0,1.0331122875213623,1.0038041502074708,1.0331122875213623,12800,0.0,0.0
1973-05-11 00:00:00-04:00,0.0,1.0184584119173372,0.9964768575585407,1.011130928993225,24000,0.0,0.0
1973-05-14 00:00:00-04:00,1.011130928993225,1.011130928993225,1.011130928993225,1.011130928993225,0,0.0,0.0
1973-05-15 00:00:00-04:00,0.0,1.0111304162179722,0.9964763522148132,0.9964763522148132,3200,0.0,0.0
1973-05-16 00:00:00-04:00,0.0,0.9891501069068909,0.9818226251838966,0.9891501069068909,4800,0.0,0.0
1973-05-17 00:00:00-04:00,0.0,0.9818220942309408,0.9671680331230164,0.9671680331230164,20800,0.0,0.0
1973-05-18 00:00:00-04:00,0.0,0.9525142995510314,0.9305336475372314,0.9305336475372314,19200,0.0,0.0
1973-05-21 00:00:00-04:00,0.0,0.9232062032965364,0.893898069858551,0.893898069858551,12800,0.0,0.0
1973-05-22 00:00:00-04:00,0.0,0.9012255504246733,0.8865714837056806,0.893898069858551,11200,0.0,0.0
1973-05-23 00:00:00-04:00,0.0,0.893898052936937,0.88657146692276,0.88657146692276,6400,0.0,0.0
1973-05-24 00:00:00-04:00,0.0,0.9232062101364136,0.8938980764812893,0.9232062101364136,11200,0.0,0.0
1973-05-25 00:00:00-04:00,0.0,0.9598418474197388,0.930533713062087,0.9598418474197388,12800,0.0,0.0
1973-05-29 00:00:00-04:00,0.0,0.9744960069656372,0.9744960069656372,0.9744960069656372,1600,0.0,0.0
1973-05-30 00:00:00-04:00,0.0,0.9671684338025118,0.9598418474197388,0.9598418474197388,11200,0.0,0.0
1973-05-31 00:00:00-04:00,0.0,0.9598418461014262,0.8792440295219421,0.8792440295219421,19200,0.0,0.0
1973-06-01 00:00:00-04:00,0.0,0.8719171924499122,0.8499356508255005,0.8499356508255005,16000,0.0,0.0
1973-06-04 00:00:00-04:00,0.0,0.8792440295219421,0.8645899623632431,0.8792440295219421,4800,0.0,0.0
1973-06-05 00:00:00-04:00,0.0,0.893898069858551,0.8572633502676954,0.893898069858551,12800,0.0,0.0
1973-06-06 00:00:00-04:00,0.0,0.88657146692276,0.88657146692276,0.88657146692276,1600,0.0,0.0
1973-06-07 00:00:00-04:00,0.0,0.8792440295219421,0.8792440295219421,0.8792440295219421,1600,0.0,0.0
1973-06-08 00:00:00-04:00,0.8792440295219421,0.8792440295219421,0.8792440295219421,0.8792440295219421,0,0.0,0.0
1973-06-11 00:00:00-04:00,0.0,0.8792440128196842,0.8719174265861511,0.8719174265861511,6400,0.0,0.0
1973-06-12 00:00:00-04:00,0.0,0.8719171095398436,0.8645896315574646,0.8645896315574646,9600,0.0,0.0
1973-06-13 00:00:00-04:00,0.0,0.8792440295219421,0.8792440295219421,0.8792440295219421,1600,0.0,0.0
1973-06-14 00:00:00-04:00,0.0,0.9012255668640137,0.8938980861642302,0.9012255668640137,3200,0.0,0.0
1973-06-15 00:00:00-04:00,0.0,0.88657146692276,0.88657146692276,0.88657146692276,1600,0.0,0.0
1973-06-18 00:00:00-04:00,0.0,0.8792437343793119,0.8572630882263184,0.8572630882263184,8000,0.0,0.0
1973-06-19 00:00:00-04:00,0.8572630882263184,0.8572630882263184,0.8572630882263184,0.8572630882263184,0,0.0,0.0
1973-06-20 00:00:00-04:00,0.0,0.8792440295219421,0.8645899623632431,0.8792440295219421,3200,0.0,0.0
1973-06-21 00:00:00-04:00,0.8792440295219421,0.8792440295219421,0.8792440295219421,0.8792440295219421,0,0.0,0.0
1973-06-22 00:00:00-04:00,0.0,0.8792440128196842,0.8719174265861511,0.8719174265861511,6400,0.0,0.0
1973-06-25 00:00:00-04:00,0.0,0.8792440295219421,0.8645899623632431,0.8792440295219421,38400,0.0,0.0
1973-06-26 00:00:00-04:00,0.0,0.8719171095398436,0.8645896315574646,0.8645896315574646,14400,0.0,0.0
1973-06-27 00:00:00-04:00,0.0,0.8792440295219421,0.8645899623632431,0.8792440295219421,11200,0.0,0.0
1973-06-28 00:00:00-04:00,0.0,0.8792440295219421,0.8792440295219421,0.8792440295219421,8000,0.0,0.0
1973-06-29 00:00:00-04:00,0.8792440295219421,0.8792440295219421,0.8792440295219421,0.8792440295219421,0,0.0,0.0
1973-07-02 00:00:00-04:00,0.0,0.88657146692276,0.88657146692276,0.88657146692276,1600,0.0,0.0
1973-07-03 00:00:00-04:00,0.0,0.8792440295219421,0.8792440295219421,0.8792440295219421,8000,0.0,0.0
1973-07-05 00:00:00-04:00,0.0,0.8792440295219421,0.871917443149232,0.8792440295219421,4800,0.0,0.0
1973-07-06 00:00:00-04:00,0.0,0.8792440295219421,0.871917443149232,0.8792440295219421,14400,0.0,0.0
1973-07-09 00:00:00-04:00,0.0,0.8792440295219421,0.8792440295219421,0.8792440295219421,1600,0.0,0.0
1973-07-10 00:00:00-04:00,0.0,0.8792440295219421,0.8792440295219421,0.8792440295219421,6400,0.0,0.0
1973-07-11 00:00:00-04:00,0.0,0.88657146692276,0.88657146692276,0.88657146692276,1600,0.0,0.0
1973-07-12 00:00:00-04:00,0.0,0.8792437343793119,0.8572630882263184,0.8572630882263184,36800,0.0,0.0
1973-07-13 00:00:00-04:00,0.0,0.8719174265861511,0.8645899459393562,0.8719174265861511,6400,0.0,0.0
1973-07-16 00:00:00-04:00,0.8719174265861511,0.8719174265861511,0.8719174265861511,0.8719174265861511,0,0.0,0.0
1973-07-17 00:00:00-04:00,0.0,0.8938980966806412,0.8792440295219421,0.8792440295219421,22400,0.0,0.0
1973-07-18 00:00:00-04:00,0.8792440295219421,0.8792440295219421,0.8792440295219421,0.8792440295219421,0,0.0,0.0
1973-07-19 00:00:00-04:00,0.0,1.0184581279754639,0.8792440409514981,1.0184581279754639,41600,0.0,0.0
1973-07-20 00:00:00-04:00,0.0,1.0257847997462683,0.9744960069656372,0.9744960069656372,20800,0.0,0.0
1973-07-23 00:00:00-04:00,0.0,1.0550929307937622,1.0038041383090786,1.0550929307937622,46400,0.0,0.0
1973-07-24 00:00:00-04:00,0.0,1.055092914781727,1.0331122595971138,1.0477663278579712,27200,0.0,0.0
1973-07-25 00:00:00-04:00,0.0,1.0550929307937622,1.0550929307937622,1.0550929307937622,6400,0.0,0.0
1973-07-26 00:00:00-04:00,0.0,1.0697467830819143,1.0404386520385742,1.0404386520385742,35200,0.0,0.0
1973-07-27 00:00:00-04:00,0.0,1.0770742123341945,1.0404386030484551,1.069746732711792,89600,0.0,0.0
1973-07-30 00:00:00-04:00,0.0,1.0697469992770088,1.0550929307937622,1.0550929307937622,19200,0.0,0.0
1973-07-31 00:00:00-04:00,0.0,1.0550927175602443,1.0404386520385742,1.0404386520385742,17600,0.0,0.0
1973-08-01 00:00:00-04:00,1.0404386520385742,1.0404386520385742,1.0404386520385742,1.0404386520385742,0,0.0,0.0
1973-08-02 00:00:00-04:00,0.0,1.0257847309112549,1.0257847309112549,1.0257847309112549,4800,0.0,0.0
1973-08-03 00:00:00-04:00,0.0,1.0257847309112549,1.0257847309112549,1.0257847309112549,3200,0.0,0.0
1973-08-06 00:00:00-04:00,0.0,1.0477663561783082,1.0331122875213623,1.0331122875213623,12800,0.0,0.0
1973-08-07 00:00:00-04:00,0.0,1.0477663561783082,1.0331122875213623,1.0331122875213623,4800,0.0,0.0
1973-08-08 00:00:00-04:00,0.0,1.0257847309112549,1.0257847309112549,1.0257847309112549,4800,0.0,0.0
1973-08-09 00:00:00-04:00,0.0,1.0477663278579712,1.0404388465208696,1.0477663278579712,14400,0.0,0.0
1973-08-10 00:00:00-04:00,0.0,1.1063823699951172,1.0477661091851285,1.1063823699951172,121600,0.0,0.0
1973-08-13 00:00:00-04:00,0.0,1.1063822986270604,1.0770741701126099,1.0770741701126099,9600,0.0,0.0
1973-08-14 00:00:00-04:00,0.0,1.0770742123341945,1.069746732711792,1.069746732711792,6400,0.0,0.0
1973-08-15 00:00:00-04:00,0.0,1.0624203961188285,1.0404388465208696,1.0477663278579712,22400,0.0,0.0
1973-08-16 00:00:00-04:00,0.0,1.0477660234324129,0.9964763522148132,0.9964763522148132,33600,0.0,0.0
1973-08-17 00:00:00-04:00,0.0,1.0038038314229358,0.9964763522148132,0.9964763522148132,12800,0.0,0.0
1973-08-20 00:00:00-04:00,0.0,0.9964761947517965,0.98182213306427,0.98182213306427,4800,0.0,0.0
1973-08-21 00:00:00-04:00,0.0,0.98182213306427,0.98182213306427,0.98182213306427,3200,0.0,0.0
1973-08-22 00:00:00-04:00,0.0,0.9671680331230164,0.9598414497755088,0.9671680331230164,8000,0.0,0.0
1973-08-23 00:00:00-04:00,0.0,0.9818220942309408,0.9525139720150918,0.9671680331230164,131200,0.0,0.0
1973-08-24 00:00:00-04:00,0.0,0.9964763522148132,0.9964763522148132,0.9964763522148132,16000,0.0,0.0
1973-08-27 00:00:00-04:00,0.0,0.9818225457118107,0.9525144100189209,0.9525144100189209,17600,0.0,0.0
1973-08-28 00:00:00-04:00,0.0,0.9671684778653659,0.9525144100189209,0.9525144100189209,6400,0.0,0.0
1973-08-29 00:00:00-04:00,0.0,0.9744960069656372,0.9671685254750529,0.9744960069656372,4800,0.0,0.0
1973-08-30 00:00:00-04:00,0.0,1.069746732711792,0.9891498233441842,1.069746732711792,67200,0.0,0.0
1973-08-31 00:00:00-04:00,0.0,1.143017292022705,1.0550928849440355,1.143017292022705,190400,0.0,0.0
1973-09-04 00:00:00-04:00,0.0,1.201633507013321,1.1430172383785249,1.1723253726959229,73600,0.0,0.0
1973-09-05 00:00:00-04:00,0.0,1.1869794504403473,1.150344729423523,1.150344729423523,11200,0.0,0.0
1973-09-06 00:00:00-04:00,0.0,1.143017292022705,1.143017292022705,1.143017292022705,4800,0.0,0.0
1973-09-07 00:00:00-04:00,0.0,1.1356904210377252,1.0990548133850098,1.0990548133850098,11200,0.0,0.0
1973-09-10 00:00:00-04:00,0.0,1.1137091023657462,1.0917284488677979,1.0917284488677979,52800,0.0,0.0
1973-09-11 00:00:00-04:00,0.0,1.0917284488677979,1.0917284488677979,1.0917284488677979,3200,0.0,0.0
1973-09-12 00:00:00-04:00,0.0,1.0844007975434604,1.069746732711792,1.069746732711792,30400,0.0,0.0
1973-09-13 00:00:00-04:00,0.0,1.1283631591420424,1.0624203048403758,1.1137090921401978,25600,0.0,0.0
1973-09-14 00:00:00-04:00,0.0,1.194306492805481,1.1283627670076457,1.194306492805481,139200,0.0,0.0
1973-09-17 00:00:00-04:00,0.0,1.2016334533691406,1.186979386864639,1.2016334533691406,323200,0.0,0.0
1973-09-18 00:00:00-04:00,0.0,1.2309415340423584,1.2162874681609017,1.2309415340423584,24000,0.0,0.0
1973-09-19 00:00:00-04:00,0.0,1.2602495253102102,1.2089607476494848,1.2236148118972778,60800,0.0,0.0
1973-09-20 00:00:00-04:00,0.0,1.223615054958009,1.1723253726959229,1.1723253726959229,30400,0.0,0.0
1973-09-21 00:00:00-04:00,0.0,1.2529230117797852,1.1943067514488748,1.2529230117797852,126400,0.0,0.0
1973-09-24 00:00:00-04:00,0.0,1.2602496658052718,1.2309415340423584,1.2309415340423584,126400,0.0,0.0
1973-09-25 00:00:00-04:00,0.0,1.2236148540795106,1.2016333097434906,1.21628737449646,16000,0.0,0.0
1973-09-26 00:00:00-04:00,0.0,1.282231374547943,1.216287622506591,1.2749038934707642,97600,0.0,0.0
1973-09-27 00:00:00-04:00,0.0,1.3628282652734591,1.274903861062268,1.3408476114273071,113600,0.0,0.0
1973-09-28 00:00:00-04:00,0.0,1.4287717765013457,1.311539257174595,1.421444296836853,113600,0.0,0.0
1973-10-01 00:00:00-04:00,0.0,1.4580801234454954,1.421444508494163,1.436098575592041,99200,0.0,0.0
1973-10-02 00:00:00-04:00,0.0,1.5972930683153812,1.4141177049353237,1.567984938621521,436800,0.0,0.0
1973-10-03 00:00:00-04:00,0.0,1.5606585334990646,1.5166963338851929,1.5166963338851929,132800,0.0,0.0
1973-10-04 00:00:00-04:00,0.0,1.5313503492661231,1.4873881511208737,1.4947147369384766,64000,0.0,0.0
1973-10-05 00:00:00-04:00,0.0,1.5386769601588024,1.4873881753601217,1.5313503742218018,86400,0.0,0.0
1973-10-08 00:00:00-04:00,0.0,1.5826390981674194,1.5313503153408117,1.5826390981674194,68800,0.0,0.0
1973-10-09 00:00:00-04:00,0.0,1.582639213706646,1.4800607461515858,1.502042293548584,104000,0.0,0.0
1973-10-10 00:00:00-04:00,0.0,1.5093689110814308,1.436098575592041,1.436098575592041,78400,0.0,0.0
1973-10-11 00:00:00-04:00,0.0,1.5240227227072114,1.4360983348587184,1.509368658065796,68800,0.0,0.0
1973-10-12 00:00:00-04:00,0.0,1.5093684452703082,1.472733736038208,1.472733736038208,38400,0.0,0.0
1973-10-15 00:00:00-04:00,0.0,1.4873882576412514,1.436098575592041,1.436098575592041,20800,0.0,0.0
1973-10-16 00:00:00-04:00,0.0,1.4654064419293644,1.40679018425219,1.4507523775100708,73600,0.0,0.0
1973-10-17 00:00:00-04:00,0.0,1.4654064915843845,1.421444296836853,1.421444296836853,36800,0.0,0.0
1973-10-18 00:00:00-04:00,0.0,1.4434259714826578,1.3994637727737427,1.3994637727737427,32000,0.0,0.0
1973-10-19 00:00:00-04:00,0.0,1.436098575592041,1.406790441396285,1.436098575592041,44800,0.0,0.0
1973-10-22 00:00:00-04:00,0.0,1.4580798569262734,1.4360983130907772,1.4507523775100708,67200,0.0,0.0
1973-10-23 00:00:00-04:00,0.0,1.4360983617526968,1.3921361670051653,1.421444296836853,43200,0.0,0.0
1973-10-24 00:00:00-04:00,0.0,1.4654066562652588,1.4287719370652485,1.4654066562652588,44800,0.0,0.0
1973-10-25 00:00:00-04:00,0.0,1.4947147369384766,1.4727340850724573,1.4947147369384766,9600,0.0,0.0
1973-10-26 00:00:00-04:00,0.0,1.5679847037011594,1.4873878063248913,1.546004056930542,57600,0.0,0.0
1973-10-29 00:00:00-05:00,0.0,1.5533310011321422,1.48006067089006,1.4947147369384766,30400,0.0,0.0
1973-10-30 00:00:00-05:00,0.0,1.5313504589348854,1.436098575592041,1.436098575592041,30400,0.0,0.0
1973-10-31 00:00:00-05:00,0.0,1.4507526426899189,1.436098575592041,1.436098575592041,12800,0.0,0.0
1973-11-01 00:00:00-05:00,0.0,1.4360985085368156,1.4067903757095337,1.4067903757095337,19200,0.0,0.0
1973-11-02 00:00:00-05:00,0.0,1.42877197265625,1.4067904250580852,1.42877197265625,6400,0.0,0.0
1973-11-05 00:00:00-05:00,0.0,1.4214445904681556,1.3921364545822144,1.3921364545822144,43200,0.0,0.0
1973-11-06 00:00:00-05:00,0.0,1.4214444673338602,1.208960947774083,1.2602497339248657,99200,0.0,0.0
1973-11-07 00:00:00-05:00,0.0,1.3042120933532715,1.2749039564239846,1.3042120933532715,25600,0.0,0.0
1973-11-08 00:00:00-05:00,0.0,1.384809655883765,1.3115393273823275,1.3774821758270264,35200,0.0,0.0
1973-11-09 00:00:00-05:00,0.0,1.3774819840555605,1.3481738567352295,1.3481738567352295,27200,0.0,0.0
1973-11-12 00:00:00-05:00,0.0,1.3408473195362602,1.3188657760620117,1.3188657760620117,44800,0.0,0.0
1973-11-13 00:00:00-05:00,0.0,1.3261932553577935,1.3188657760620117,1.3188657760620117,16000,0.0,0.0
1973-11-14 00:00:00-05:00,0.0,1.3188660797635718,1.2675772905349731,1.2675772905349731,177600,0.0,0.0
1973-11-15 00:00:00-05:00,0.0,1.2749038934707642,1.2455957579886776,1.2749038934707642,24000,0.0,0.0
1973-11-16 00:00:00-05:00,0.0,1.3188657760620117,1.289557647705078,1.3188657760620117,17600,0.0,0.0
1973-11-19 00:00:00-05:00,0.0,1.3042119189006527,1.2016334533691406,1.2016334533691406,91200,0.0,0.0
1973-11-20 00:00:00-05:00,0.0,1.1869794673557523,1.157671332359314,1.157671332359314,70400,0.0,0.0
1973-11-21 00:00:00-05:00,0.0,1.2016334533691406,1.1430171873511337,1.2016334533691406,51200,0.0,0.0
1973-11-23 00:00:00-05:00,0.0,1.2162871802294695,1.186979055404663,1.186979055404663,70400,0.0,0.0
1973-11-26 00:00:00-05:00,0.0,1.1869795471429825,1.0550929307937622,1.0550929307937622,27200,0.0,0.0
1973-11-27 00:00:00-05:00,0.0,1.0697469992770088,1.033112275275572,1.0550929307937622,48000,0.0,0.0
1973-11-28 00:00:00-05:00,0.0,1.069746732711792,1.0550926678801236,1.069746732711792,36800,0.0,0.0
1973-11-29 00:00:00-05:00,0.0,1.1356906398495994,1.0697468911346635,1.1137090921401978,68800,0.0,0.0
1973-11-30 00:00:00-05:00,0.0,1.1063826176918055,1.0550929307937622,1.0550929307937622,38400,0.0,0.0
1973-12-03 00:00:00-05:00,0.0,1.0477663278579712,1.0404388465208696,1.0477663278579712,6400,0.0,0.0
1973-12-04 00:00:00-05:00,0.0,1.0331119594292537,0.9232060321990181,0.9964763522148132,156800,0.0,0.0
1973-12-05 00:00:00-05:00,0.0,0.9964761553388654,0.9671680331230164,0.9671680331230164,11200,0.0,0.0
1973-12-06 00:00:00-05:00,0.0,0.9891501069068909,0.9525144871187057,0.9891501069068909,40000,0.0,0.0
1973-12-07 00:00:00-05:00,0.0,0.9964763522148132,0.9744957034166177,0.9964763522148132,30400,0.0,0.0
1973-12-10 00:00:00-05:00,0.0,0.9964763522148132,0.9818222882116542,0.9964763522148132,22400,0.0,0.0
1973-12-11 00:00:00-05:00,0.0,0.9964763118374732,0.9085519313812256,0.9085519313812256,44800,0.0,0.0
1973-12-12 00:00:00-05:00,0.0,0.8792439528873989,0.8206276893615723,0.8206276893615723,27200,0.0,0.0
1973-12-13 00:00:00-05:00,0.0,0.8206276118633583,0.7913194828682384,0.8133010268211365,56000,0.0,0.0
1973-12-14 00:00:00-05:00,0.0,0.8059735298156738,0.7033950805664062,0.8059735298156738,395200,0.0,0.0
1973-12-17 00:00:00-05:00,0.0,0.8133010091114556,0.8059735298156738,0.8059735298156738,62400,0.0,0.0
1973-12-18 00:00:00-05:00,0.0,0.8059735298156738,0.791319465637207,0.8059735298156738,48000,0.0,0.0
1973-12-19 00:00:00-05:00,0.0,0.8059736318998386,0.7766654998307536,0.7986470460891724,43200,0.0,0.0
1973-12-20 00:00:00-05:00,0.0,0.9012255668640137,0.7913196172601382,0.9012255668640137,228800,0.0,0.0
1973-12-21 00:00:00-05:00,0.0,1.0844010012490408,0.901225603650112,1.0257847309112549,80000,0.0,0.0
1973-12-24 00:00:00-05:00,0.0,1.0111303140658352,0.9744956049655998,1.0038037300109863,27200,0.0,0.0
1973-12-26 00:00:00-05:00,0.0,1.06242036819458,1.0184581645674937,1.06242036819458,28800,0.0,0.0
1973-12-27 00:00:00-05:00,0.0,1.1576712484237577,1.0697468498092952,1.1210365295410156,25600,0.0,0.0
1973-12-28 00:00:00-05:00,0.0,1.143017292022705,1.106382569613253,1.143017292022705,20800,0.0,0.0
1973-12-31 00:00:00-05:00,0.0,1.172325208589628,1.128363013267517,1.128363013267517,22400,0.0,0.0
1974-01-02 00:00:00-05:00,0.0,1.113709158552853,0.9964766155472894,1.06242036819458,70400,0.0,0.0
1974-01-03 00:00:00-05:00,0.0,1.091728503945971,1.055092887050071,1.06242036819458,41600,0.0,0.0
1974-01-04 00:00:00-05:00,0.0,1.0844012861666472,1.011130928993225,1.011130928993225,17600,0.0,0.0
1974-01-07 00:00:00-04:00,0.0,1.055092943300096,0.9964766686723128,1.0331122875213623,35200,0.0,0.0
1974-01-08 00:00:00-04:00,0.0,1.0404385442242903,0.9964763522148132,0.9964763522148132,32000,0.0,0.0
1974-01-09 00:00:00-04:00,0.0,1.0257847309112549,1.0111306633268085,1.0257847309112549,3200,0.0,0.0
1974-01-10 00:00:00-04:00,0.0,1.011130256439323,0.98182213306427,0.98182213306427,20800,0.0,0.0
1974-01-11 00:00:00-04:00,0.0,1.01113021644679,0.9671680331230164,0.9671680331230164,46400,0.0,0.0
1974-01-14 00:00:00-04:00,0.0,1.0184581279754639,0.9818225123958396,1.0184581279754639,16000,0.0,0.0
1974-01-15 00:00:00-04:00,0.0,1.0844010677602556,1.033112275275572,1.0550929307937622,25600,0.0,0.0
1974-01-16 00:00:00-04:00,0.0,1.0697469992770088,1.0550929307937622,1.0550929307937622,9600,0.0,0.0
1974-01-17 00:00:00-04:00,0.0,1.084401022801462,1.055092887050071,1.06242036819458,22400,0.0,0.0
1974-01-18 00:00:00-04:00,0.0,1.0990548623751288,1.0477660826708577,1.069746732711792,22400,0.0,0.0
1974-01-21 00:00:00-04:00,0.0,1.0550928660801477,1.0257847309112549,1.0257847309112549,20800,0.0,0.0
1974-01-22 00:00:00-04:00,0.0,1.069746732711792,1.0331120178391893,1.069746732711792,22400,0.0,0.0
1974-01-23 00:00:00-04:00,0.0,1.0550929307937622,1.0550929307937622,1.0550929307937622,4800,0.0,0.0
1974-01-24 00:00:00-04:00,0.0,1.135690493027779,1.0697467528380356,1.128363013267517,19200,0.0,0.0
1974-01-25 00:00:00-04:00,0.0,1.1723253831509601,1.1430172485721861,1.150344729423523,32000,0.0,0.0
1974-01-28 00:00:00-04:00,0.0,1.1503445581351492,1.128363013267517,1.128363013267517,9600,0.0,0.0
1974-01-29 00:00:00-04:00,0.0,1.1137088775634765,1.0990548133850098,1.0990548133850098,8000,0.0,0.0
1974-01-30 00:00:00-04:00,0.0,1.0990548133850098,1.0477660359669243,1.0990548133850098,33600,0.0,0.0
1974-01-31 00:00:00-04:00,0.0,1.1063823699951172,1.1063823699951172,1.1063823699951172,1600,0.0,0.0
1974-02-01 00:00:00-04:00,0.0,1.1430170120635728,1.0770741701126099,1.0770741701126099,28800,0.0,0.0
1974-02-04 00:00:00-04:00,0.0,1.0624206262213904,1.011130928993225,1.011130928993225,17600,0.0,0.0
1974-02-05 00:00:00-04:00,0.0,1.0331119594292537,0.9964763522148132,0.9964763522148132,16000,0.0,0.0
1974-02-06 00:00:00-04:00,0.9964763522148132,0.9964763522148132,0.9964763522148132,0.9964763522148132,0,0.0,0.0
1974-02-07 00:00:00-04:00,0.0,1.0404387984957013,1.0038040767412375,1.0257847309112549,17600,0.0,0.0
1974-02-08 00:00:00-04:00,0.0,1.0550929307937622,1.033112275275572,1.0550929307937622,17600,0.0,0.0
1974-02-11 00:00:00-04:00,1.0550929307937622,1.0550929307937622,1.0550929307937622,1.0550929307937622,0,0.0,0.0
1974-02-12 00:00:00-04:00,0.0,1.0550929307937622,1.0550929307937622,1.0550929307937622,16000,0.0,0.0
1974-02-13 00:00:00-04:00,0.0,1.0844007730484009,1.0331119945026699,1.0844007730484009,38400,0.0,0.0
1974-02-14 00:00:00-04:00,1.0844007730484009,1.0844007730484009,1.0844007730484009,1.0844007730484009,0,0.0,0.0
1974-02-15 00:00:00-04:00,0.0,1.0697469549257665,1.0477663003188846,1.06242036819458,14400,0.0,0.0
1974-02-19 00:00:00-04:00,0.0,1.06242036819458,1.06242036819458,1.06242036819458,1600,0.0,0.0
1974-02-20 00:00:00-04:00,0.0,1.06242036819458,1.06242036819458,1.06242036819458,3200,0.0,0.0
1974-02-21 00:00:00-04:00,0.0,1.0990548133850098,1.0697466850280761,1.0990548133850098,11200,0.0,0.0
1974-02-22 00:00:00-04:00,0.0,1.1137090921401978,1.0844009581365084,1.1137090921401978,24000,0.0,0.0
1974-02-25 00:00:00-04:00,1.1137090921401978,1.1137090921401978,1.1137090921401978,1.1137090921401978,0,0.0,0.0
1974-02-26 00:00:00-04:00,0.0,1.245595599923815,1.1063824212565774,1.2309415340423584,73600,0.0,0.0
1974-02-27 00:00:00-04:00,0.0,1.2895576538057965,1.2162873325668309,1.2236148118972778,124800,0.0,0.0
1974-02-28 00:00:00-04:00,0.0,1.2455955743789673,1.2162874432171091,1.2455955743789673,16000,0.0,0.0
1974-03-01 00:00:00-04:00,0.0,1.230941396814624,1.2162873325668309,1.2236148118972778,12800,0.0,0.0
1974-03-04 00:00:00-04:00,0.0,1.2089605547146711,1.1723249527352164,1.194306492805481,48000,0.0,0.0
1974-03-05 00:00:00-04:00,0.0,1.2895579446577148,1.2016335393401432,1.2675772905349731,65600,0.0,0.0
1974-03-06 00:00:00-04:00,0.0,1.3042120012370024,1.2675772798695768,1.289557933807373,56000,0.0,0.0
1974-03-07 00:00:00-04:00,0.0,1.2822313235928051,1.1723253726959229,1.1723253726959229,68800,0.0,0.0
1974-03-08 00:00:00-04:00,0.0,1.245595599923815,1.172325270516532,1.2309415340423584,75200,0.0,0.0
1974-03-11 00:00:00-04:00,0.0,1.274903810411691,1.2309416100526671,1.2382690906524658,32000,0.0,0.0
1974-03-12 00:00:00-04:00,0.0,1.2309415340423584,1.208960882426774,1.2309415340423584,25600,0.0,0.0
1974-03-13 00:00:00-04:00,0.0,1.216287476554648,1.2089608907699585,1.2089608907699585,6400,0.0,0.0
1974-03-14 00:00:00-04:00,0.0,1.2089608907699585,1.1723252786068896,1.2089608907699585,121600,0.0,0.0
1974-03-15 00:00:00-04:00,0.0,1.194306756026344,1.1796526908874512,1.1796526908874512,54400,0.0,0.0
1974-03-18 00:00:00-04:00,0.0,1.2089605547146711,1.194306492805481,1.194306492805481,40000,0.0,0.0
1974-03-19 00:00:00-04:00,0.0,1.2089608907699585,1.1796527588047863,1.2089608907699585,14400,0.0,0.0
1974-03-20 00:00:00-04:00,0.0,1.2382690906524658,1.2162875432663258,1.2382690906524658,11200,0.0,0.0
1974-03-21 00:00:00-04:00,0.0,1.2309414392494293,1.21628737449646,1.21628737449646,11200,0.0,0.0
1974-03-22 00:00:00-04:00,0.0,1.2016330765535967,1.1796524308962908,1.194306492805481,16000,0.0,0.0
1974-03-25 00:00:00-04:00,0.0,1.186979055404663,1.186979055404663,1.186979055404663,6400,0.0,0.0
1974-03-26 00:00:00-04:00,0.0,1.1869792762503197,1.1796526908874512,1.1796526908874512,6400,0.0,0.0
1974-03-27 00:00:00-04:00,0.0,1.1723253726959229,1.1723253726959229,1.1723253726959229,3200,0.0,0.0
1974-03-28 00:00:00-04:00,0.0,1.1430172261438871,1.1137090921401978,1.1137090921401978,33600,0.0,0.0
1974-03-29 00:00:00-04:00,0.0,1.1283631591420424,1.1137090921401978,1.1137090921401978,14400,0.0,0.0
1974-04-01 00:00:00-04:00,0.0,1.1210365831405806,1.0917284488677979,1.0917284488677979,25600,0.0,0.0
1974-04-02 00:00:00-04:00,0.0,1.0917284488677979,1.069746900956572,1.0917284488677979,36800,0.0,0.0
1974-04-03 00:00:00-04:00,0.0,1.0844007730484009,1.0844007730484009,1.0844007730484009,1600,0.0,0.0
1974-04-04 00:00:00-04:00,0.0,1.0990548133850098,1.0990548133850098,1.0990548133850098,19200,0.0,0.0
1974-04-05 00:00:00-04:00,0.0,1.1210365295410156,1.1210365295410156,1.1210365295410156,4800,0.0,0.0
1974-04-08 00:00:00-04:00,0.0,1.1063823699951172,1.1063823699951172,1.1063823699951172,8000,0.0,0.0
1974-04-09 00:00:00-04:00,1.1063823699951172,1.1063823699951172,1.1063823699951172,1.1063823699951172,0,0.0,0.0
1974-04-10 00:00:00-04:00,0.0,1.1063823170059404,1.0844007730484009,1.0844007730484009,9600,0.0,0.0
1974-04-11 00:00:00-04:00,1.0844007730484009,1.0844007730484009,1.0844007730484009,1.0844007730484009,0,0.0,0.0
1974-04-15 00:00:00-04:00,0.0,1.0844007975434604,1.069746732711792,1.069746732711792,4800,0.0,0.0
1974-04-16 00:00:00-04:00,0.0,1.0917282525052863,1.0697467085477468,1.0844007730484009,9600,0.0,0.0
1974-04-17 00:00:00-04:00,0.0,1.1210364351976145,1.09172830479262,1.1063823699951172,9600,0.0,0.0
1974-04-18 00:00:00-04:00,0.0,1.128363013267517,1.1137089481601468,1.128363013267517,8000,0.0,0.0
1974-04-19 00:00:00-04:00,0.0,1.1137088775634765,1.0990548133850098,1.0990548133850098,3200,0.0,0.0
1974-04-22 00:00:00-04:00,0.0,1.143017292022705,1.0770744339203633,1.143017292022705,20800,0.0,0.0
1974-04-23 00:00:00-04:00,0.0,1.1283629665503632,1.0844007730484009,1.0844007730484009,11200,0.0,0.0
1974-04-24 00:00:00-04:00,0.0,1.069746732711792,1.0550926678801236,1.069746732711792,20800,0.0,0.0
1974-04-25 00:00:00-04:00,0.0,1.0697467830819143,1.0404386520385742,1.0404386520385742,14400,0.0,0.0
1974-04-26 00:00:00-04:00,0.0,1.055092943300096,1.0331122875213623,1.0331122875213623,9600,0.0,0.0
1974-04-29 00:00:00-04:00,0.0,1.069746732711792,1.0477660826708577,1.069746732711792,38400,0.0,0.0
1974-04-30 00:00:00-04:00,0.0,1.1210365728477547,1.0844009581365084,1.1137090921401978,17600,0.0,0.0
1974-05-01 00:00:00-04:00,0.0,1.260249597114573,1.1283630113700247,1.2529230117797852,33600,0.0,0.0
1974-05-02 00:00:00-04:00,0.0,1.2529229835854494,1.21628737449646,1.21628737449646,24000,0.0,0.0
1974-05-03 00:00:00-04:00,0.0,1.216287476554648,1.2016334105720619,1.2089608907699585,16000,0.0,0.0
1974-05-06 00:00:00-04:00,0.0,1.21628737449646,1.208960789326541,1.21628737449646,12800,0.0,0.0
1974-05-07 00:00:00-04:00,0.0,1.2749038005984108,1.2309416005777758,1.2602497339248657,33600,0.0,0.0
1974-05-08 00:00:00-04:00,0.0,1.2602496399598964,1.2455955743789673,1.2455955743789673,8000,0.0,0.0
1974-05-09 00:00:00-04:00,0.0,1.274903877104786,1.238269155429116,1.2675772905349731,40000,0.0,0.0
1974-05-10 00:00:00-04:00,0.0,1.2602496399598964,1.2455955743789673,1.2455955743789673,28800,0.0,0.0
1974-05-13 00:00:00-04:00,0.0,1.2675771459526004,1.2309415340423584,1.2309415340423584,30400,0.0,0.0
1974-05-14 00:00:00-04:00,0.0,1.2236148540795106,1.21628737449646,1.21628737449646,11200,0.0,0.0
1974-05-15 00:00:00-04:00,0.0,1.2455955743789673,1.2236149232141649,1.2455955743789673,8000,0.0,0.0
1974-05-16 00:00:00-04:00,0.0,1.2895579446577148,1.2675772905349731,1.2675772905349731,32000,0.0,0.0
1974-05-17 00:00:00-04:00,0.0,1.2895577973954389,1.2602496656364517,1.2822312116622925,17600,0.0,0.0
1974-05-20 00:00:00-04:00,0.0,1.3115393434212796,1.267577145782799,1.2822312116622925,43200,0.0,0.0
1974-05-21 00:00:00-04:00,0.0,1.2895577973954389,1.2749037315159453,1.2822312116622925,33600,0.0,0.0
1974-05-22 00:00:00-04:00,0.0,1.3115395747922725,1.296885506327629,1.3042120933532715,14400,0.0,0.0
1974-05-23 00:00:00-04:00,0.0,1.289557933807373,1.289557933807373,1.289557933807373,25600,0.0,0.0
1974-05-24 00:00:00-04:00,0.0,1.3042114779395055,1.2968848943710327,1.2968848943710327,14400,0.0,0.0
1974-05-28 00:00:00-04:00,0.0,1.318866161817915,1.2749039564239846,1.3042120933532715,30400,0.0,0.0
1974-05-29 00:00:00-04:00,0.0,1.3261935495880939,1.289557933807373,1.289557933807373,25600,0.0,0.0
1974-05-30 00:00:00-04:00,0.0,1.289557933807373,1.2822313472992062,1.289557933807373,12800,0.0,0.0
1974-05-31 00:00:00-04:00,0.0,1.289557933807373,1.289557933807373,1.289557933807373,3200,0.0,0.0
1974-06-03 00:00:00-04:00,1.289557933807373,1.289557933807373,1.289557933807373,1.289557933807373,0,0.0,0.0
1974-06-04 00:00:00-04:00,0.0,1.3115394821584645,1.2822313472992062,1.289557933807373,91200,0.0,0.0
1974-06-05 00:00:00-04:00,0.0,1.274903877104786,1.2602498095518575,1.2675772905349731,17600,0.0,0.0
1974-06-06 00:00:00-04:00,0.0,1.2602497436253497,1.2309416100526671,1.2382690906524658,65600,0.0,0.0
1974-06-07 00:00:00-04:00,0.0,1.2895577711217543,1.2455955743789673,1.2455955743789673,20800,0.0,0.0
1974-06-10 00:00:00-04:00,0.0,1.230941586378144,1.1723253203601371,1.2016334533691406,33600,0.0,0.0
1974-06-11 00:00:00-04:00,0.0,1.230941542537234,1.1869793445894758,1.2089608907699585,17600,0.0,0.0
1974-06-12 00:00:00-04:00,0.0,1.2309415340423584,1.201633402279445,1.2309415340423584,22400,0.0,0.0
1974-06-13 00:00:00-04:00,0.0,1.245595599923815,1.2309415340423584,1.2309415340423584,62400,0.0,0.0
1974-06-14 00:00:00-04:00,0.0,1.2309415340423584,1.2236149483082306,1.2309415340423584,8000,0.0,0.0
1974-06-17 00:00:00-04:00,0.0,1.3188657760620117,1.2455954551696777,1.3188657760620117,43200,0.0,0.0
1974-06-18 00:00:00-04:00,0.0,1.3335201740264893,1.3042120383335993,1.3335201740264893,27200,0.0,0.0
1974-06-19 00:00:00-04:00,0.0,1.3481739044189454,1.3188657760620117,1.3188657760620117,14400,0.0,0.0
1974-06-20 00:00:00-04:00,0.0,1.3115393434212796,1.2822312116622925,1.2822312116622925,20800,0.0,0.0
1974-06-21 00:00:00-04:00,0.0,1.2602497339248657,1.2602497339248657,1.2602497339248657,12800,0.0,0.0
1974-06-24 00:00:00-04:00,0.0,1.2602496658052718,1.2309415340423584,1.2309415340423584,19200,0.0,0.0
1974-06-25 00:00:00-04:00,0.0,1.2455955743789673,1.2455955743789673,1.2455955743789673,1600,0.0,0.0
1974-06-26 00:00:00-04:00,0.0,1.274903877104786,1.2529232229820446,1.2675772905349731,27200,0.0,0.0
1974-06-27 00:00:00-04:00,0.0,1.2675772905349731,1.2309416744460004,1.2675772905349731,40000,0.0,0.0
1974-06-28 00:00:00-04:00,0.0,1.2529230800711437,1.2309415340423584,1.2309415340423584,4800,0.0,0.0
1974-07-01 00:00:00-04:00,0.0,1.2162875198736423,1.2016334533691406,1.2016334533691406,6400,0.0,0.0
1974-07-02 00:00:00-04:00,0.0,1.1869794673557523,1.157671332359314,1.157671332359314,11200,0.0,0.0
1974-07-03 00:00:00-04:00,0.0,1.1576712484237577,1.0990549826807827,1.1210365295410156,33600,0.0,0.0
1974-07-05 00:00:00-04:00,0.0,1.1063822986270604,1.0770741701126099,1.0770741701126099,6400,0.0,0.0
1974-07-08 00:00:00-04:00,0.0,1.0697466722306084,0.9964763522148132,0.9964763522148132,49600,0.0,0.0
1974-07-09 00:00:00-04:00,0.0,1.0038038314229358,0.9818222882116542,0.9964763522148132,24000,0.0,0.0
1974-07-10 00:00:00-04:00,0.0,0.9818223873153329,0.9378601908683777,0.9378601908683777,17600,0.0,0.0
1974-07-11 00:00:00-04:00,0.0,0.9525144100189209,0.9378603421724759,0.9525144100189209,16000,0.0,0.0
1974-07-12 00:00:00-04:00,0.0,1.0550929307937622,0.967168519894282,1.0550929307937622,24000,0.0,0.0
1974-07-15 00:00:00-04:00,0.0,1.0697469992770088,1.0550929307937622,1.0550929307937622,8000,0.0,0.0
1974-07-16 00:00:00-04:00,0.0,1.0404387817926062,1.0184581279754639,1.0184581279754639,6400,0.0,0.0
1974-07-17 00:00:00-04:00,0.0,0.9964761553388654,0.9598414497755088,0.9671680331230164,16000,0.0,0.0
1974-07-18 00:00:00-04:00,0.0,0.9818225940428568,0.9671685254750529,0.9744960069656372,20800,0.0,0.0
1974-07-19 00:00:00-04:00,0.0,0.9744960069656372,0.9671685254750529,0.9744960069656372,6400,0.0,0.0
1974-07-22 00:00:00-04:00,0.0,0.9744955108834333,0.9671680331230164,0.9671680331230164,9600,0.0,0.0
1974-07-23 00:00:00-04:00,0.0,0.9744960069656372,0.9744960069656372,0.9744960069656372,6400,0.0,0.0
1974-07-24 00:00:00-04:00,0.0,0.98182213306427,0.9671680713767437,0.98182213306427,9600,0.0,0.0
1974-07-25 00:00:00-04:00,0.0,0.98182213306427,0.9598414877394529,0.98182213306427,14400,0.0,0.0
1974-07-26 00:00:00-04:00,0.0,0.9671684778653659,0.9525144100189209,0.9525144100189209,19200,0.0,0.0
1974-07-29 00:00:00-04:00,0.9525144100189209,0.9525144100189209,0.9525144100189209,0.9525144100189209,0,0.0,0.0
1974-07-30 00:00:00-04:00,0.0,0.9671684778653659,0.9525144100189209,0.9525144100189209,6400,0.0,0.0
1974-07-31 00:00:00-04:00,0.0,0.9525143437915378,0.9232062101364136,0.9232062101364136,16000,0.0,0.0
1974-08-01 00:00:00-04:00,0.0,0.9232059947906002,0.9085519313812256,0.9085519313812256,3200,0.0,0.0
1974-08-02 00:00:00-04:00,0.0,0.9378601908683777,0.9232061253860593,0.9378601908683777,27200,0.0,0.0
1974-08-05 00:00:00-04:00,0.0,0.952514513807305,0.9232063749209265,0.9451879262924194,16000,0.0,0.0
1974-08-06 00:00:00-04:00,0.0,0.9744960069656372,0.9598419383978334,0.9744960069656372,8000,0.0,0.0
1974-08-07 00:00:00-04:00,0.0,0.98182213306427,0.98182213306427,0.98182213306427,11200,0.0,0.0
1974-08-08 00:00:00-04:00,0.0,0.98182213306427,0.98182213306427,0.98182213306427,40000,0.0,0.0
1974-08-09 00:00:00-04:00,0.0,1.011130928993225,0.9964768575585407,1.011130928993225,16000,0.0,0.0
1974-08-12 00:00:00-04:00,0.0,1.0257847309112549,1.0257847309112549,1.0257847309112549,1600,0.0,0.0
1974-08-13 00:00:00-04:00,0.0,1.0257843765885284,1.0038037300109863,1.0038037300109863,24000,0.0,0.0
1974-08-14 00:00:00-04:00,0.0,0.9891496111145057,0.98182213306427,0.98182213306427,3200,0.0,0.0
1974-08-15 00:00:00-04:00,0.0,0.9964761553388654,0.9671680331230164,0.9671680331230164,12800,0.0,0.0
1974-08-16 00:00:00-04:00,0.0,0.9671684338025118,0.9598418474197388,0.9598418474197388,11200,0.0,0.0
1974-08-19 00:00:00-04:00,0.0,0.9451877136841704,0.9232061672571534,0.9305336475372314,22400,0.0,0.0
1974-08-20 00:00:00-04:00,0.9305336475372314,0.9305336475372314,0.9305336475372314,0.9305336475372314,0,0.0,0.0
1974-08-21 00:00:00-04:00,0.0,0.9305336907568239,0.9232062101364136,0.9232062101364136,11200,0.0,0.0
1974-08-22 00:00:00-04:00,0.0,0.9232061858201153,0.8572633340395817,0.88657146692276,36800,0.0,0.0
1974-08-23 00:00:00-04:00,0.88657146692276,0.88657146692276,0.88657146692276,0.88657146692276,0,0.0,0.0
1974-08-26 00:00:00-04:00,0.0,0.8719174265861511,0.8719174265861511,0.8719174265861511,6400,0.0,0.0
1974-08-27 00:00:00-04:00,0.0,0.8572631295046449,0.8499356508255005,0.8499356508255005,6400,0.0,0.0
1974-08-28 00:00:00-04:00,0.0,0.8426092353903577,0.8059736234801157,0.8206276893615723,17600,0.0,0.0
1974-08-29 00:00:00-04:00,0.0,0.8206276893615723,0.7620114258357457,0.8206276893615723,54400,0.0,0.0
1974-08-30 00:00:00-04:00,0.0,0.9012255668640137,0.8279552319325194,0.9012255668640137,25600,0.0,0.0
1974-09-03 00:00:00-04:00,0.0,0.9232062201368278,0.9012255668640137,0.9012255668640137,22400,0.0,0.0
1974-09-04 00:00:00-04:00,0.0,0.8865712553951794,0.8352815878802333,0.8499356508255005,25600,0.0,0.0
1974-09-05 00:00:00-04:00,0.0,0.8499357223510742,0.8059735298156738,0.8059735298156738,27200,0.0,0.0
1974-09-06 00:00:00-04:00,0.0,0.8426092267036438,0.8206276809014729,0.8426092267036438,9600,0.0,0.0
1974-09-09 00:00:00-04:00,0.0,0.835281755243029,0.8206276893615723,0.8206276893615723,11200,0.0,0.0
1974-09-10 00:00:00-04:00,0.0,0.8352816700935364,0.8352816700935364,0.8352816700935364,3200,0.0,0.0
1974-09-11 00:00:00-04:00,0.0,0.8206276893615723,0.8206276893615723,0.8206276893615723,3200,0.0,0.0
1974-09-12 00:00:00-04:00,0.0,0.8059736148074821,0.7913195490837097,0.7913195490837097,6400,0.0,0.0
1974-09-13 00:00:00-04:00,0.0,0.7766656279563904,0.7766656279563904,0.7766656279563904,1600,0.0,0.0
1974-09-16 00:00:00-04:00,0.0,0.7546848307714018,0.6740870222132257,0.6887410879135132,32000,0.0,0.0
1974-09-17 00:00:00-04:00,0.0,0.6740871017629451,0.6447789669036865,0.6447789669036865,72000,0.0,0.0
1974-09-18 00:00:00-04:00,0.0,0.6301249346793957,0.5275464569408894,0.5788361430168152,100800,0.0,0.0
1974-09-19 00:00:00-04:00,0.0,0.6154707670211792,0.586162635258266,0.6154707670211792,38400,0.0,0.0
1974-09-20 00:00:00-04:00,0.0,0.6447789669036865,0.6154708320444281,0.6447789669036865,12800,0.0,0.0
1974-09-23 00:00:00-04:00,0.0,0.6960685849189758,0.6594329725696138,0.6960685849189758,16000,0.0,0.0
1974-09-24 00:00:00-04:00,0.0,0.7180492542684078,0.7033951878547668,0.7033951878547668,14400,0.0,0.0
1974-09-25 00:00:00-04:00,0.0,0.7180492542684078,0.6887411214411259,0.7033951878547668,32000,0.0,0.0
1974-09-26 00:00:00-04:00,0.0,0.6887411691925743,0.6447789669036865,0.6447789669036865,8000,0.0,0.0
1974-09-27 00:00:00-04:00,0.0,0.6301248669624329,0.6301248669624329,0.6301248669624329,3200,0.0,0.0
1974-09-30 00:00:00-04:00,0.6301248669624329,0.6301248669624329,0.6301248669624329,0.6301248669624329,0,0.0,0.0
1974-10-01 00:00:00-04:00,0.0,0.615470652049009,0.5934900045394897,0.5934900045394897,8000,0.0,0.0
1974-10-02 00:00:00-04:00,0.5934900045394897,0.5934900045394897,0.5934900045394897,0.5934900045394897,0,0.0,0.0
1974-10-03 00:00:00-04:00,0.0,0.5861626863479614,0.5861626863479614,0.5861626863479614,6400,0.0,0.0
1974-10-04 00:00:00-04:00,0.0,0.5861625800261626,0.5275463220235463,0.5422003865242004,83200,0.0,0.0
1974-10-07 00:00:00-04:00,0.0,0.5568545460700989,0.549527959775811,0.5568545460700989,24000,0.0,0.0
1974-10-08 00:00:00-04:00,0.5568545460700989,0.5568545460700989,0.5568545460700989,0.5568545460700989,0,0.0,0.0
1974-10-09 00:00:00-04:00,0.0,0.5568545460700989,0.5568545460700989,0.5568545460700989,1600,0.0,0.0
1974-10-10 00:00:00-04:00,0.0,0.5715086460113525,0.5641820592947904,0.5715086460113525,9600,0.0,0.0
1974-10-11 00:00:00-04:00,0.0,0.5715085337760142,0.5495278835296631,0.5495278835296631,20800,0.0,0.0
1974-10-14 00:00:00-04:00,0.0,0.6447789669036865,0.5495279758177442,0.6447789669036865,38400,0.0,0.0
1974-10-15 00:00:00-04:00,0.0,0.6447789336359778,0.6301248669624329,0.6301248669624329,6400,0.0,0.0
1974-10-16 00:00:00-04:00,0.0,0.6154707670211792,0.6154707670211792,0.6154707670211792,1600,0.0,0.0
1974-10-17 00:00:00-04:00,0.0,0.6008167535066605,0.5715086191892624,0.5861626863479614,28800,0.0,0.0
1974-10-18 00:00:00-04:00,0.0,0.5934901671339503,0.5788360999752513,0.5861626863479614,14400,0.0,0.0
1974-10-21 00:00:00-04:00,0.0,0.5934900045394897,0.5861625257609608,0.5934900045394897,6400,0.0,0.0
1974-10-22 00:00:00-04:00,0.0,0.5861626863479614,0.5861626863479614,0.5861626863479614,14400,0.0,0.0
1974-10-23 00:00:00-04:00,0.0,0.5934902112651732,0.5788361430168152,0.5788361430168152,11200,0.0,0.0
1974-10-24 00:00:00-04:00,0.0,0.6081441640853882,0.5861626186783618,0.6081441640853882,6400,0.0,0.0
1974-10-25 00:00:00-04:00,0.0,0.615470652049009,0.5934900045394897,0.5934900045394897,9600,0.0,0.0
1974-10-28 00:00:00-05:00,0.5934900045394897,0.5934900045394897,0.5934900045394897,0.5934900045394897,0,0.0,0.0
1974-10-29 00:00:00-05:00,0.0,0.6081441640853882,0.6081441640853882,0.6081441640853882,3200,0.0,0.0
1974-10-30 00:00:00-05:00,0.0,0.6594328880310059,0.6227981747913872,0.6594328880310059,11200,0.0,0.0
1974-10-31 00:00:00-05:00,0.0,0.7620113970774023,0.652106354320899,0.6814144849777222,115200,0.0,0.0
1974-11-01 00:00:00-05:00,0.0,0.6594330343333158,0.6447789669036865,0.6447789669036865,17600,0.0,0.0
1974-11-04 00:00:00-05:00,0.0,0.630124815079239,0.6081441640853882,0.6081441640853882,20800,0.0,0.0
1974-11-05 00:00:00-05:00,0.0,0.615470793189072,0.6008167266845703,0.6008167266845703,4800,0.0,0.0
1974-11-06 00:00:00-05:00,0.0,0.6301248878240585,0.5861626863479614,0.5861626863479614,40000,0.0,0.0
1974-11-07 00:00:00-05:00,0.0,0.6008167535066605,0.5861626863479614,0.5861626863479614,17600,0.0,0.0
1974-11-08 00:00:00-05:00,0.0,0.6008167266845703,0.6008167266845703,0.6008167266845703,4800,0.0,0.0
1974-11-11 00:00:00-05:00,0.0,0.6301248669624329,0.60814421415874,0.6301248669624329,11200,0.0,0.0
1974-11-12 00:00:00-05:00,0.0,0.6594329825153252,0.6227982640266418,0.6227982640266418,22400,0.0,0.0
1974-11-13 00:00:00-05:00,0.0,0.6081442795135312,0.5788361430168152,0.5788361430168152,16000,0.0,0.0
1974-11-14 00:00:00-05:00,0.0,0.5715086708466212,0.5275464653968811,0.5275464653968811,20800,0.0,0.0
1974-11-15 00:00:00-05:00,0.0,0.5275464653968811,0.5275464653968811,0.5275464653968811,4800,0.0,0.0
1974-11-18 00:00:00-05:00,0.0,0.5202196165377742,0.4835840165615082,0.4835840165615082,9600,0.0,0.0
1974-11-19 00:00:00-05:00,0.0,0.5055655445574306,0.48358400616181224,0.49091148376464844,6400,0.0,0.0
1974-11-20 00:00:00-05:00,0.0,0.5055656553155292,0.4982381761074066,0.4982381761074066,28800,0.0,0.0
1974-11-21 00:00:00-05:00,0.0,0.4835842084974239,0.4689301415732595,0.4762576222419739,27200,0.0,0.0
1974-11-22 00:00:00-05:00,0.0,0.4542759656906128,0.4542759656906128,0.4542759656906128,8000,0.0,0.0
1974-11-25 00:00:00-05:00,0.4542759656906128,0.4542759656906128,0.4542759656906128,0.4542759656906128,0,0.0,0.0
1974-11-26 00:00:00-05:00,0.0,0.4616036093199588,0.4469495415687561,0.4469495415687561,108800,0.0,0.0
1974-11-27 00:00:00-05:00,0.0,0.43229541865998405,0.41031384468078613,0.41031384468078613,28800,0.0,0.0
1974-11-29 00:00:00-05:00,0.0,0.4176413527785274,0.41031384468078613,0.41031384468078613,11200,0.0,0.0
1974-12-02 00:00:00-05:00,0.0,0.4322953320423016,0.41764126909703436,0.42496782541275024,25600,0.0,0.0
1974-12-03 00:00:00-05:00,0.0,0.41031384468078613,0.41031384468078613,0.41031384468078613,3200,0.0,0.0
1974-12-04 00:00:00-05:00,0.0,0.42496782541275024,0.410313762467483,0.42496782541275024,22400,0.0,0.0
1974-12-05 00:00:00-05:00,0.0,0.410313931795267,0.38100579380989075,0.38100579380989075,36800,0.0,0.0
1974-12-06 00:00:00-05:00,0.0,0.3810057267546654,0.3516975939273834,0.3516975939273834,17600,0.0,0.0
1974-12-09 00:00:00-05:00,0.0,0.37367919087409973,0.35169761479250955,0.37367919087409973,25600,0.0,0.0
1974-12-10 00:00:00-05:00,0.0,0.3663516640663147,0.33704353094100953,0.3663516640663147,124800,0.0,0.0
1974-12-11 00:00:00-05:00,0.0,0.3663516640663147,0.3663516640663147,0.3663516640663147,17600,0.0,0.0
1974-12-12 00:00:00-05:00,0.0,0.3663516791613407,0.34437105356871484,0.35902512073516846,17600,0.0,0.0
1974-12-13 00:00:00-05:00,0.0,0.3516975939273834,0.3516975939273834,0.3516975939273834,6400,0.0,0.0
1974-12-16 00:00:00-05:00,0.0,0.3443710207939148,0.33704351275101385,0.3443710207939148,4800,0.0,0.0
1974-12-17 00:00:00-05:00,0.0,0.3443710207939148,0.33704351275101385,0.3443710207939148,16000,0.0,0.0
1974-12-18 00:00:00-05:00,0.0,0.35169757852279704,0.3443710207939148,0.3443710207939148,44800,0.0,0.0
1974-12-19 00:00:00-05:00,0.0,0.3443709851058034,0.32971692085266113,0.32971692085266113,14400,0.0,0.0
1974-12-20 00:00:00-05:00,0.0,0.32971694588158973,0.31506288051605225,0.31506288051605225,19200,0.0,0.0
1974-12-23 00:00:00-05:00,0.0,0.3223894493920463,0.293081317629133,0.3077353835105896,112000,0.0,0.0
1974-12-24 00:00:00-05:00,0.0,0.31506288051605225,0.30040881515051476,0.31506288051605225,27200,0.0,0.0
1974-12-26 00:00:00-05:00,0.0,0.32971699232372104,0.32238948345184326,0.32238948345184326,22400,0.0,0.0
1974-12-27 00:00:00-05:00,0.0,0.3370434641838074,0.3297169075106655,0.3370434641838074,9600,0.0,0.0
1974-12-30 00:00:00-05:00,0.0,0.3370435152735029,0.3077353835105896,0.3077353835105896,80000,0.0,0.0
1974-12-31 00:00:00-05:00,0.0,0.3516975939273834,0.3004088366366702,0.3516975939273834,59200,0.0,0.0
1975-01-02 00:00:00-05:00,0.0,0.3883332312107086,0.3516975903882414,0.3883332312107086,46400,0.0,0.0
1975-01-03 00:00:00-05:00,0.0,0.39565979719161987,0.35169759750366214,0.3663516640663147,24000,0.0,0.0
1975-01-06 00:00:00-05:00,0.0,0.3516975939273834,0.3516975939273834,0.3516975939273834,11200,0.0,0.0
1975-01-07 00:00:00-05:00,0.0,0.3516975939273834,0.3516975939273834,0.3516975939273834,12800,0.0,0.0
1975-01-08 00:00:00-05:00,0.0,0.35902512073516846,0.3516976119948871,0.35902512073516846,9600,0.0,0.0
1975-01-09 00:00:00-05:00,0.0,0.3443710207939148,0.33704351275101385,0.3443710207939148,16000,0.0,0.0
1975-01-10 00:00:00-05:00,0.0,0.3663516640663147,0.3443710393793708,0.3663516640663147,32000,0.0,0.0
1975-01-13 00:00:00-05:00,0.0,0.4029872715473175,0.381005698405396,0.4029872715473175,35200,0.0,0.0
1975-01-14 00:00:00-05:00,0.0,0.42496789927537565,0.4176413416862488,0.4176413416862488,22400,0.0,0.0
1975-01-15 00:00:00-05:00,0.0,0.41764133687060195,0.4029872715473175,0.4029872715473175,8000,0.0,0.0
1975-01-16 00:00:00-05:00,0.0,0.41031384468078613,0.40298728689707075,0.41031384468078613,22400,0.0,0.0
1975-01-17 00:00:00-05:00,0.0,0.410313931795267,0.38100579380989075,0.38100579380989075,33600,0.0,0.0
1975-01-20 00:00:00-05:00,0.0,0.39565986280257887,0.38100579380989075,0.38100579380989075,17600,0.0,0.0
1975-01-21 00:00:00-05:00,0.0,0.381005749358552,0.37367919087409973,0.37367919087409973,6400,0.0,0.0
1975-01-22 00:00:00-05:00,0.0,0.3663516640663147,0.35169759750366214,0.3663516640663147,19200,0.0,0.0
1975-01-23 00:00:00-05:00,0.0,0.3883332312107086,0.3516975903882414,0.3883332312107086,9600,0.0,0.0
1975-01-24 00:00:00-05:00,0.0,0.39565977454185486,0.38100570881808243,0.39565977454185486,6400,0.0,0.0
1975-01-27 00:00:00-05:00,0.0,0.46160347255223283,0.4103137754624889,0.4542759656906128,33600,0.0,0.0
1975-01-28 00:00:00-05:00,0.0,0.4982382754215882,0.45427607464909514,0.4762576222419739,40000,0.0,0.0
1975-01-29 00:00:00-05:00,0.0,0.5348739140389496,0.4835842302867344,0.5128923654556274,25600,0.0,0.0
1975-01-30 00:00:00-05:00,0.0,0.5715085155255086,0.5348738014804316,0.5422003865242004,48000,0.0,0.0
1975-01-31 00:00:00-05:00,0.0,0.5934900045394897,0.5275462731848648,0.5934900045394897,68800,0.0,0.0
1975-02-03 00:00:00-05:00,0.0,0.6374523686100474,0.5861626863479614,0.5861626863479614,54400,0.0,0.0
1975-02-04 00:00:00-05:00,0.0,0.5495280153284309,0.5275464653968811,0.5275464653968811,60800,0.0,0.0
1975-02-05 00:00:00-05:00,0.0,0.5568545460700989,0.5275464120664094,0.5568545460700989,73600,0.0,0.0
1975-02-06 00:00:00-05:00,0.0,0.5715085155255086,0.5422003865242004,0.5422003865242004,52800,0.0,0.0
1975-02-07 00:00:00-05:00,0.0,0.5348738431930542,0.5348738431930542,0.5348738431930542,1600,0.0,0.0
1975-02-10 00:00:00-05:00,0.0,0.5275464653968811,0.5202198783619375,0.5275464653968811,9600,0.0,0.0
1975-02-11 00:00:00-05:00,0.0,0.5275464653968811,0.5202198783619375,0.5275464653968811,24000,0.0,0.0
1975-02-12 00:00:00-05:00,0.0,0.5422003865242004,0.5275463220235463,0.5422003865242004,22400,0.0,0.0
1975-02-13 00:00:00-05:00,0.0,0.5568545460700989,0.549527959775811,0.5568545460700989,8000,0.0,0.0
1975-02-14 00:00:00-05:00,0.0,0.5641820267776558,0.5568545460700989,0.5568545460700989,22400,0.0,0.0
1975-02-18 00:00:00-05:00,0.0,0.5568545460700989,0.5568545460700989,0.5568545460700989,8000,0.0,0.0
1975-02-19 00:00:00-05:00,0.0,0.5495278835296631,0.5422004038387827,0.5495278835296631,3200,0.0,0.0
1975-02-20 00:00:00-05:00,0.0,0.5275463041137246,0.4982381761074066,0.4982381761074066,24000,0.0,0.0
1975-02-21 00:00:00-05:00,0.0,0.5202197193186882,0.48358411210424757,0.4982381761074066,129600,0.0,0.0
1975-02-24 00:00:00-04:00,0.4982381761074066,0.4982381761074066,0.4982381761074066,0.4982381761074066,0,0.0,0.0
1975-02-25 00:00:00-04:00,0.0,0.5128923654556274,0.4982382978711809,0.5128923654556274,8000,0.0,0.0
1975-02-26 00:00:00-04:00,0.0,0.5055656553155292,0.4982381761074066,0.4982381761074066,6400,0.0,0.0
1975-02-27 00:00:00-04:00,0.0,0.5128925302737425,0.5055659413337708,0.5055659413337708,9600,0.0,0.0
1975-02-28 00:00:00-04:00,0.0,0.5055659413337708,0.5055659413337708,0.5055659413337708,4800,0.0,0.0
1975-03-03 00:00:00-04:00,0.0,0.5861626863479614,0.5202198313404551,0.5861626863479614,270400,0.0,0.0
1975-03-04 00:00:00-04:00,0.0,0.6521064066569457,0.5934901406389389,0.6008167266845703,118400,0.0,0.0
1975-03-05 00:00:00-04:00,0.0,0.61547074961228,0.600816684145321,0.6081441640853882,25600,0.0,0.0
1975-03-06 00:00:00-04:00,0.0,0.6227982640266418,0.5934901314704052,0.6227982640266418,46400,0.0,0.0
1975-03-07 00:00:00-04:00,0.0,0.6814145826844072,0.6154708320444281,0.6447789669036865,123200,0.0,0.0
1975-03-10 00:00:00-04:00,0.0,0.6960684710643957,0.6667603437440646,0.6740869283676147,260800,0.0,0.0
1975-03-11 00:00:00-04:00,0.0,0.7620112941409307,0.6667603295798374,0.7400306463241577,275200,0.0,0.0
1975-03-12 00:00:00-04:00,0.0,0.7546848751832295,0.7180492615699768,0.7327033281326294,43200,0.0,0.0
1975-03-13 00:00:00-04:00,0.0,0.7620113912718594,0.7327032608383263,0.7546848058700562,56000,0.0,0.0
1975-03-14 00:00:00-04:00,0.0,0.7693390693228209,0.7400309313374447,0.7620115876197815,41600,0.0,0.0
1975-03-17 00:00:00-04:00,0.0,0.7986470460891724,0.7839929800546299,0.7986470460891724,30400,0.0,0.0
1975-03-18 00:00:00-04:00,0.0,0.8206275939941406,0.8059735298156738,0.8059735298156738,70400,0.0,0.0
1975-03-19 00:00:00-04:00,0.0,0.8059737648604051,0.7766656279563904,0.7766656279563904,75200,0.0,0.0
1975-03-20 00:00:00-04:00,0.0,0.901225274945284,0.7766652987017255,0.8572630882263184,126400,0.0,0.0
1975-03-21 00:00:00-04:00,0.0,0.8352816581726074,0.8059735298156738,0.8059735298156738,70400,0.0,0.0
1975-03-24 00:00:00-04:00,0.0,0.7913196232854104,0.7180492877960205,0.7180492877960205,84800,0.0,0.0
1975-03-25 00:00:00-04:00,0.0,0.7766656566124697,0.7180493806417172,0.7620115876197815,60800,0.0,0.0
1975-03-26 00:00:00-04:00,0.0,0.7913196964083977,0.7766656279563904,0.7766656279563904,17600,0.0,0.0
1975-03-27 00:00:00-04:00,0.0,0.7839929363035892,0.7546848058700562,0.7546848058700562,25600,0.0,0.0
1975-03-31 00:00:00-04:00,0.0,0.7986470468453013,0.7473573684692383,0.7473573684692383,36800,0.0,0.0
1975-04-01 00:00:00-04:00,0.0,0.7693389654159546,0.7693389654159546,0.7693389654159546,6400,0.0,0.0
1975-04-02 00:00:00-04:00,0.0,0.7766656279563904,0.7620115595043829,0.7766656279563904,28800,0.0,0.0
1975-04-03 00:00:00-04:00,0.0,0.7986469508299416,0.7766654071933884,0.7839928865432739,24000,0.0,0.0
1975-04-04 00:00:00-04:00,0.0,0.7839929363035892,0.7473573260550929,0.7546848058700562,20800,0.0,0.0
1975-04-07 00:00:00-04:00,0.0,0.7546848058700562,0.7180491956215598,0.7546848058700562,51200,0.0,0.0
1975-04-08 00:00:00-04:00,0.0,0.7620113912718594,0.7546848058700562,0.7546848058700562,24000,0.0,0.0
1975-04-09 00:00:00-04:00,0.0,0.7620113912718594,0.7546848058700562,0.7546848058700562,11200,0.0,0.0
1975-04-10 00:00:00-04:00,0.0,0.7986470460891724,0.7693389140200874,0.7986470460891724,32000,0.0,0.0
1975-04-11 00:00:00-04:00,0.7986470460891724,0.7986470460891724,0.7986470460891724,0.7986470460891724,0,0.0,0.0
1975-04-14 00:00:00-04:00,0.0,0.8572630882263184,0.8206274854206912,0.8572630882263184,27200,0.0,0.0
1975-04-15 00:00:00-04:00,0.0,0.8938980797000123,0.8719174265861511,0.8719174265861511,80000,0.0,0.0
1975-04-16 00:00:00-04:00,0.0,0.8645898780926232,0.8426092267036438,0.8426092267036438,94400,0.0,0.0
1975-04-17 00:00:00-04:00,0.0,0.8719171504659736,0.8572630882263184,0.8572630882263184,9600,0.0,0.0
1975-04-18 00:00:00-04:00,0.0,0.8645896721396568,0.8499356099000015,0.8572630882263184,14400,0.0,0.0
1975-04-21 00:00:00-04:00,0.0,0.8792440128196842,0.8645899459393562,0.8719174265861511,44800,0.0,0.0
1975-04-22 00:00:00-04:00,0.0,0.9232060731110483,0.8865713586862204,0.915879487991333,28800,0.0,0.0
1975-04-23 00:00:00-04:00,0.0,0.9158794102924378,0.9012253468830632,0.9085519313812256,19200,0.0,0.0
1975-04-24 00:00:00-04:00,0.0,0.9012255504246733,0.8865714837056806,0.893898069858551,19200,0.0,0.0
1975-04-25 00:00:00-04:00,0.0,0.9158795998059382,0.88657146692276,0.88657146692276,28800,0.0,0.0
1975-04-28 00:00:00-04:00,0.0,0.8719171504659736,0.8572630882263184,0.8572630882263184,32000,0.0,0.0
1975-04-29 00:00:00-04:00,0.0,0.8572630882263184,0.8572630882263184,0.8572630882263184,1600,0.0,0.0
1975-04-30 00:00:00-04:00,0.0,0.8645897137707678,0.8499356508255005,0.8499356508255005,27200,0.0,0.0
1975-05-01 00:00:00-04:00,0.8499356508255005,0.8499356508255005,0.8499356508255005,0.8499356508255005,0,0.0,0.0
1975-05-02 00:00:00-04:00,0.0,0.8499356508255005,0.8499356508255005,0.8499356508255005,19200,0.0,0.0
1975-05-05 00:00:00-04:00,0.0,0.8499358211244856,0.8206276893615723,0.8206276893615723,176000,0.0,0.0
1975-05-06 00:00:00-04:00,0.0,0.8279552459716797,0.8206277651476482,0.8279552459716797,16000,0.0,0.0
1975-05-07 00:00:00-04:00,0.0,0.8279552459716797,0.8279552459716797,0.8279552459716797,28800,0.0,0.0
1975-05-08 00:00:00-04:00,0.0,0.8352816700935364,0.8352816700935364,0.8352816700935364,8000,0.0,0.0
1975-05-09 00:00:00-04:00,0.8352816700935364,0.8352816700935364,0.8352816700935364,0.8352816700935364,0,0.0,0.0
1975-05-12 00:00:00-04:00,0.0,0.8792440295219421,0.8499358952045442,0.8792440295219421,67200,0.0,0.0
1975-05-13 00:00:00-04:00,0.0,0.8792440128196842,0.8645899459393562,0.8719174265861511,40000,0.0,0.0
1975-05-14 00:00:00-04:00,0.0,0.8719171504659736,0.8572630882263184,0.8572630882263184,16000,0.0,0.0
1975-05-15 00:00:00-04:00,0.0,0.8792440295219421,0.871917443149232,0.8792440295219421,27200,0.0,0.0
1975-05-16 00:00:00-04:00,0.0,0.893898069858551,0.893898069858551,0.893898069858551,8000,0.0,0.0
1975-05-19 00:00:00-04:00,0.0,0.88657146692276,0.8719174004811708,0.88657146692276,8000,0.0,0.0
1975-05-20 00:00:00-04:00,0.0,0.893898069858551,0.871917416986688,0.893898069858551,116800,0.0,0.0
1975-05-21 00:00:00-04:00,0.0,0.8792440128196842,0.8645899459393562,0.8719174265861511,4800,0.0,0.0
1975-05-22 00:00:00-04:00,0.0,0.8719174265861511,0.8645899459393562,0.8719174265861511,11200,0.0,0.0
1975-05-23 00:00:00-04:00,0.0,0.8645896315574646,0.8645896315574646,0.8645896315574646,1600,0.0,0.0
1975-05-27 00:00:00-04:00,0.0,0.8645896315574646,0.8499355700056431,0.8645896315574646,19200,0.0,0.0
1975-05-28 00:00:00-04:00,0.0,0.8645898780926232,0.8426092267036438,0.8426092267036438,11200,0.0,0.0
1975-05-29 00:00:00-04:00,0.0,0.8499358123622397,0.8352817466318563,0.8426092267036438,4800,0.0,0.0
1975-05-30 00:00:00-04:00,0.0,0.8499358123622397,0.8352817466318563,0.8426092267036438,44800,0.0,0.0
1975-06-02 00:00:00-04:00,0.0,0.8572632924340272,0.8352817466318563,0.8426092267036438,9600,0.0,0.0
1975-06-03 00:00:00-04:00,0.0,0.8426093132064592,0.8279552459716797,0.8279552459716797,11200,0.0,0.0
1975-06-04 00:00:00-04:00,0.0,0.8206276979343812,0.7986470460891724,0.7986470460891724,12800,0.0,0.0
1975-06-05 00:00:00-04:00,0.0,0.7986470460891724,0.7986470460891724,0.7986470460891724,19200,0.0,0.0
1975-06-06 00:00:00-04:00,0.0,0.8059735298156738,0.7986469449329888,0.8059735298156738,11200,0.0,0.0
1975-06-09 00:00:00-04:00,0.0,0.7986470460891724,0.7986470460891724,0.7986470460891724,3200,0.0,0.0
1975-06-10 00:00:00-04:00,0.0,0.7986469508299416,0.7839928865432739,0.7839928865432739,19200,0.0,0.0
1975-06-11 00:00:00-04:00,0.0,0.7913196187295859,0.7693389654159546,0.7693389654159546,11200,0.0,0.0
1975-06-12 00:00:00-04:00,0.0,0.7620115876197815,0.7620115876197815,0.7620115876197815,6400,0.0,0.0
1975-06-13 00:00:00-04:00,0.0,0.8352816700935364,0.7620113481555069,0.8352816700935364,179200,0.0,0.0
1975-06-16 00:00:00-04:00,0.0,0.8352816700935364,0.8206276057059305,0.8352816700935364,8000,0.0,0.0
1975-06-17 00:00:00-04:00,0.0,0.827955169508901,0.8133011036274443,0.8206276893615723,9600,0.0,0.0
1975-06-18 00:00:00-04:00,0.0,0.8133010268211365,0.8059735473657984,0.8133010268211365,8000,0.0,0.0
1975-06-19 00:00:00-04:00,0.0,0.8352816700935364,0.8133010207186824,0.8352816700935364,16000,0.0,0.0
1975-06-20 00:00:00-04:00,0.0,0.8206276893615723,0.8206276893615723,0.8206276893615723,1600,0.0,0.0
1975-06-23 00:00:00-04:00,0.0,0.8719174265861511,0.8352818121787,0.8719174265861511,48000,0.0,0.0
1975-06-24 00:00:00-04:00,0.0,0.9085519313812256,0.8719172200643139,0.9085519313812256,56000,0.0,0.0
1975-06-25 00:00:00-04:00,0.0,0.9378600581999748,0.8938978679718509,0.9085519313812256,89600,0.0,0.0
1975-06-26 00:00:00-04:00,0.0,0.9012255333643491,0.879243986495348,0.88657146692276,22400,0.0,0.0
1975-06-27 00:00:00-04:00,0.0,0.8938978396613023,0.8499356508255005,0.8499356508255005,12800,0.0,0.0
1975-06-30 00:00:00-04:00,0.0,0.8645896315574646,0.8572630479880221,0.8645896315574646,16000,0.0,0.0
1975-07-01 00:00:00-04:00,0.0,0.8792440295219421,0.8792440295219421,0.8792440295219421,6400,0.0,0.0
1975-07-02 00:00:00-04:00,0.0,0.8645898780926232,0.8426092267036438,0.8426092267036438,9600,0.0,0.0
1975-07-03 00:00:00-04:00,0.0,0.8279550732899225,0.8059735298156738,0.8059735298156738,11200,0.0,0.0
1975-07-07 00:00:00-04:00,0.0,0.8059735298156738,0.791319465637207,0.8059735298156738,14400,0.0,0.0
1975-07-08 00:00:00-04:00,0.0,0.8133011121237149,0.7913195658652961,0.7986470460891724,41600,0.0,0.0
1975-07-09 00:00:00-04:00,0.0,0.8133010948759639,0.7693388977046467,0.7913195490837097,108800,0.0,0.0
1975-07-10 00:00:00-04:00,0.0,0.8352816700935364,0.7986469563310764,0.8352816700935364,267200,0.0,0.0
1975-07-11 00:00:00-04:00,0.0,0.8719171095398436,0.8352815084538218,0.8645896315574646,54400,0.0,0.0
1975-07-14 00:00:00-04:00,0.0,0.8792440295219421,0.8133011745144358,0.8792440295219421,48000,0.0,0.0
1975-07-15 00:00:00-04:00,0.0,0.893898069858551,0.8865714837056806,0.893898069858551,6400,0.0,0.0
1975-07-16 00:00:00-04:00,0.0,0.8792439438230066,0.8426092267036438,0.8426092267036438,22400,0.0,0.0
1975-07-17 00:00:00-04:00,0.0,0.8645896315574646,0.8279549248843793,0.8645896315574646,67200,0.0,0.0
1975-07-18 00:00:00-04:00,0.0,0.8645898780926232,0.8426092267036438,0.8426092267036438,11200,0.0,0.0
1975-07-21 00:00:00-04:00,0.0,0.8719174265861511,0.857263359705823,0.8719174265861511,4800,0.0,0.0
1975-07-22 00:00:00-04:00,0.0,0.8645897137707678,0.8499356508255005,0.8499356508255005,35200,0.0,0.0
1975-07-23 00:00:00-04:00,0.0,0.8572631295046449,0.8499356508255005,0.8499356508255005,19200,0.0,0.0
1975-07-24 00:00:00-04:00,0.0,0.8352818323824277,0.8279552459716797,0.8279552459716797,16000,0.0,0.0
1975-07-25 00:00:00-04:00,0.0,0.8206276893615723,0.8206276893615723,0.8206276893615723,8000,0.0,0.0
1975-07-28 00:00:00-04:00,0.0,0.8206276893615723,0.8133011036274443,0.8206276893615723,62400,0.0,0.0
1975-07-29 00:00:00-04:00,0.0,0.8133010268211365,0.8133010268211365,0.8133010268211365,11200,0.0,0.0
1975-07-30 00:00:00-04:00,0.0,0.8059735298156738,0.8059735298156738,0.8059735298156738,49600,0.0,0.0
1975-07-31 00:00:00-04:00,0.0,0.8279552459716797,0.8206277651476482,0.8279552459716797,11200,0.0,0.0
1975-08-01 00:00:00-04:00,0.0,0.8426092353903577,0.8206276893615723,0.8206276893615723,14400,0.0,0.0
1975-08-04 00:00:00-04:00,0.0,0.8133010948759639,0.7913195490837097,0.7913195490837097,49600,0.0,0.0
1975-08-05 00:00:00-04:00,0.0,0.7913195490837097,0.7913195490837097,0.7913195490837097,6400,0.0,0.0
1975-08-06 00:00:00-04:00,0.0,0.7766654564886258,0.7546848058700562,0.7546848058700562,49600,0.0,0.0
1975-08-07 00:00:00-04:00,0.0,0.7473573159124565,0.7253766655921936,0.7253766655921936,25600,0.0,0.0
1975-08-08 00:00:00-04:00,0.0,0.7107226252555847,0.7107226252555847,0.7107226252555847,1600,0.0,0.0
1975-08-11 00:00:00-04:00,0.0,0.7033951878547668,0.696068601854563,0.7033951878547668,8000,0.0,0.0
1975-08-12 00:00:00-04:00,0.7033951878547668,0.7033951878547668,0.7033951878547668,0.7033951878547668,0,0.0,0.0
1975-08-13 00:00:00-04:00,0.0,0.6887411691925743,0.6447789669036865,0.6447789669036865,24000,0.0,0.0
1975-08-14 00:00:00-04:00,0.0,0.6227982736479423,0.6008167266845703,0.6008167266845703,11200,0.0,0.0
1975-08-15 00:00:00-04:00,0.0,0.6154707670211792,0.5934901154055946,0.6154707670211792,25600,0.0,0.0
1975-08-18 00:00:00-04:00,0.0,0.6154707670211792,0.6154707670211792,0.6154707670211792,11200,0.0,0.0
1975-08-19 00:00:00-04:00,0.0,0.6154708206653595,0.5788360999752513,0.5861626863479614,65600,0.0,0.0
1975-08-20 00:00:00-04:00,0.5861626863479614,0.5861626863479614,0.5861626863479614,0.5861626863479614,0,0.0,0.0
1975-08-21 00:00:00-04:00,0.0,0.5861627138577975,0.5715086460113525,0.5715086460113525,28800,0.0,0.0
1975-08-22 00:00:00-04:00,0.0,0.5861626863479614,0.5861626863479614,0.5861626863479614,4800,0.0,0.0
1975-08-25 00:00:00-04:00,0.0,0.5715086460113525,0.5715086460113525,0.5715086460113525,3200,0.0,0.0
1975-08-26 00:00:00-04:00,0.0,0.5641820267776558,0.5568545460700989,0.5568545460700989,11200,0.0,0.0
1975-08-27 00:00:00-04:00,0.0,0.5641819834709167,0.5568545033258189,0.5641819834709167,46400,0.0,0.0
1975-08-28 00:00:00-04:00,0.0,0.6154707670211792,0.5715085693768093,0.6154707670211792,32000,0.0,0.0
1975-08-29 00:00:00-04:00,0.0,0.6374523639678955,0.6154708161832849,0.6374523639678955,8000,0.0,0.0
1975-09-02 00:00:00-04:00,0.0,0.6227982640266418,0.6227982640266418,0.6227982640266418,3200,0.0,0.0
1975-09-03 00:00:00-04:00,0.0,0.6521064639091492,0.6301249150158897,0.6521064639091492,11200,0.0,0.0
1975-09-04 00:00:00-04:00,0.6521064639091492,0.6521064639091492,0.6521064639091492,0.6521064639091492,0,0.0,0.0
1975-09-05 00:00:00-04:00,0.0,0.6887410879135132,0.6594329565129382,0.6887410879135132,14400,0.0,0.0
1975-09-08 00:00:00-04:00,0.0,0.6960685849189758,0.6960685849189758,0.6960685849189758,3200,0.0,0.0
1975-09-09 00:00:00-04:00,0.0,0.7180492542684078,0.7033951878547668,0.7033951878547668,12800,0.0,0.0
1975-09-10 00:00:00-04:00,0.0,0.6887410163879394,0.6594328880310059,0.6594328880310059,35200,0.0,0.0
1975-09-11 00:00:00-04:00,0.6594328880310059,0.6594328880310059,0.6594328880310059,0.6594328880310059,0,0.0,0.0
1975-09-12 00:00:00-04:00,0.6594328880310059,0.6594328880310059,0.6594328880310059,0.6594328880310059,0,0.0,0.0
1975-09-15 00:00:00-04:00,0.6594328880310059,0.6594328880310059,0.6594328880310059,0.6594328880310059,0,0.0,0.0
1975-09-16 00:00:00-04:00,0.6594328880310059,0.6594328880310059,0.6594328880310059,0.6594328880310059,0,0.0,0.0
1975-09-17 00:00:00-04:00,0.0,0.6667604446411133,0.6594329644956722,0.6667604446411133,9600,0.0,0.0
1975-09-18 00:00:00-04:00,0.0,0.6521064639091492,0.6521064639091492,0.6521064639091492,3200,0.0,0.0
1975-09-19 00:00:00-04:00,0.0,0.6814144315052545,0.6594328880310059,0.6594328880310059,22400,0.0,0.0
1975-09-22 00:00:00-04:00,0.6594328880310059,0.6594328880310059,0.6594328880310059,0.6594328880310059,0,0.0,0.0
1975-09-23 00:00:00-04:00,0.0,0.6447789669036865,0.6447789669036865,0.6447789669036865,4800,0.0,0.0
1975-09-24 00:00:00-04:00,0.0,0.6740869283676147,0.6594328647074492,0.6740869283676147,11200,0.0,0.0
1975-09-25 00:00:00-04:00,0.0,0.6814144849777222,0.6740870051069329,0.6814144849777222,4800,0.0,0.0
1975-09-26 00:00:00-04:00,0.0,0.6814144074042301,0.6594328647074492,0.6740869283676147,27200,0.0,0.0
1975-09-29 00:00:00-04:00,0.0,0.6594328880310059,0.6594328880310059,0.6594328880310059,9600,0.0,0.0
1975-09-30 00:00:00-04:00,0.6594328880310059,0.6594328880310059,0.6594328880310059,0.6594328880310059,0,0.0,0.0
1975-10-01 00:00:00-04:00,0.6594328880310059,0.6594328880310059,0.6594328880310059,0.6594328880310059,0,0.0,0.0
1975-10-02 00:00:00-04:00,0.0,0.6594330343333158,0.6447789669036865,0.6447789669036865,14400,0.0,0.0
1975-10-03 00:00:00-04:00,0.0,0.6594328880310059,0.6594328880310059,0.6594328880310059,6400,0.0,0.0
1975-10-06 00:00:00-04:00,0.0,0.6667605152547781,0.6447789669036865,0.6447789669036865,24000,0.0,0.0
1975-10-07 00:00:00-04:00,0.0,0.6594328880310059,0.6301247596740722,0.6594328880310059,25600,0.0,0.0
1975-10-08 00:00:00-04:00,0.0,0.6667603673267877,0.6594328880310059,0.6594328880310059,8000,0.0,0.0
1975-10-09 00:00:00-04:00,0.0,0.6667605317002164,0.6521064639091492,0.6521064639091492,4800,0.0,0.0
1975-10-10 00:00:00-04:00,0.0,0.6521064639091492,0.6521064639091492,0.6521064639091492,3200,0.0,0.0
1975-10-13 00:00:00-04:00,0.0,0.6521064310198785,0.6374523639678955,0.6374523639678955,24000,0.0,0.0
1975-10-14 00:00:00-04:00,0.0,0.6740869283676147,0.652106280083899,0.6740869283676147,35200,0.0,0.0
1975-10-15 00:00:00-04:00,0.6740869283676147,0.6740869283676147,0.6740869283676147,0.6740869283676147,0,0.0,0.0
1975-10-16 00:00:00-04:00,0.0,0.6594330343333158,0.6447789669036865,0.6447789669036865,9600,0.0,0.0
1975-10-17 00:00:00-04:00,0.0,0.6447789669036865,0.6447789669036865,0.6447789669036865,4800,0.0,0.0
1975-10-20 00:00:00-04:00,0.0,0.6301248669624329,0.6154708002888879,0.6301248669624329,25600,0.0,0.0
1975-10-21 00:00:00-04:00,0.0,0.6594330343333158,0.6447789669036865,0.6447789669036865,25600,0.0,0.0
1975-10-22 00:00:00-04:00,0.0,0.6740869283676147,0.6594328647074492,0.6740869283676147,9600,0.0,0.0
1975-10-23 00:00:00-04:00,0.0,0.6887410879135132,0.6814145022699643,0.6887410879135132,28800,0.0,0.0
1975-10-24 00:00:00-04:00,0.0,0.6814144849777222,0.6740870051069329,0.6814144849777222,9600,0.0,0.0
1975-10-27 00:00:00-05:00,0.0,0.6740869283676147,0.6740869283676147,0.6740869283676147,3200,0.0,0.0
1975-10-28 00:00:00-05:00,0.0,0.6594330505980242,0.6521064639091492,0.6521064639091492,3200,0.0,0.0
1975-10-29 00:00:00-05:00,0.0,0.6447789669036865,0.6447789669036865,0.6447789669036865,6400,0.0,0.0
1975-10-30 00:00:00-05:00,0.0,0.6740869283676147,0.652106280083899,0.6740869283676147,20800,0.0,0.0
1975-10-31 00:00:00-05:00,0.0,0.6814145994912836,0.6521064639091492,0.6521064639091492,24000,0.0,0.0
1975-11-03 00:00:00-05:00,0.0,0.6521064478251488,0.6447789669036865,0.6447789669036865,32000,0.0,0.0
1975-11-04 00:00:00-05:00,0.0,0.6301248329026359,0.6154707670211792,0.6154707670211792,6400,0.0,0.0
1975-11-05 00:00:00-05:00,0.0,0.6154707670211792,0.6154707670211792,0.6154707670211792,16000,0.0,0.0
1975-11-06 00:00:00-05:00,0.0,0.6081442628341253,0.5715086460113525,0.5715086460113525,38400,0.0,0.0
1975-11-07 00:00:00-05:00,0.0,0.5861626863479614,0.5861626863479614,0.5861626863479614,1600,0.0,0.0
1975-11-10 00:00:00-05:00,0.0,0.5861627138577975,0.5715086460113525,0.5715086460113525,4800,0.0,0.0
1975-11-11 00:00:00-05:00,0.0,0.5934901671339503,0.5788360999752513,0.5861626863479614,14400,0.0,0.0
1975-11-12 00:00:00-05:00,0.0,0.6154707670211792,0.6008167011397225,0.6154707670211792,6400,0.0,0.0
1975-11-13 00:00:00-05:00,0.0,0.6594328880310059,0.6301247596740722,0.6594328880310059,17600,0.0,0.0
1975-11-14 00:00:00-05:00,0.0,0.7327033206820488,0.666760469027281,0.7033951878547668,41600,0.0,0.0
1975-11-17 00:00:00-05:00,0.0,0.7033951878547668,0.6887411214411259,0.7033951878547668,22400,0.0,0.0
1975-11-18 00:00:00-05:00,0.0,0.6887410879135132,0.6740870222132257,0.6887410879135132,17600,0.0,0.0
1975-11-19 00:00:00-05:00,0.0,0.6887410879135132,0.6740870222132257,0.6887410879135132,17600,0.0,0.0
1975-11-20 00:00:00-05:00,0.0,0.6887410879135132,0.6887410879135132,0.6887410879135132,11200,0.0,0.0
1975-11-21 00:00:00-05:00,0.0,0.6887410962510354,0.6667604446411133,0.6667604446411133,27200,0.0,0.0
1975-11-24 00:00:00-05:00,0.0,0.6667604446411133,0.6667604446411133,0.6667604446411133,8000,0.0,0.0
1975-11-25 00:00:00-05:00,0.0,0.6521063965828785,0.6227982640266418,0.6227982640266418,35200,0.0,0.0
1975-11-26 00:00:00-05:00,0.0,0.6301248669624329,0.6301248669624329,0.6301248669624329,4800,0.0,0.0
1975-11-28 00:00:00-05:00,0.6301248669624329,0.6301248669624329,0.6301248669624329,0.6301248669624329,0,0.0,0.0
1975-12-01 00:00:00-05:00,0.0,0.6227982640266418,0.6227982640266418,0.6227982640266418,9600,0.0,0.0
1975-12-02 00:00:00-05:00,0.0,0.6227982640266418,0.6227982640266418,0.6227982640266418,12800,0.0,0.0
1975-12-03 00:00:00-05:00,0.0,0.61547074961228,0.600816684145321,0.6081441640853882,32000,0.0,0.0
1975-12-04 00:00:00-05:00,0.0,0.5934901671339503,0.5861626863479614,0.5861626863479614,8000,0.0,0.0
1975-12-05 00:00:00-05:00,0.0,0.5788361271412353,0.5715086460113525,0.5715086460113525,8000,0.0,0.0
1975-12-08 00:00:00-05:00,0.0,0.5715086460113525,0.5715086460113525,0.5715086460113525,1600,0.0,0.0
1975-12-09 00:00:00-05:00,0.0,0.5568544688073984,0.5422004038387827,0.5495278835296631,6400,0.0,0.0
1975-12-10 00:00:00-05:00,0.0,0.5715086460113525,0.5568545781649076,0.5715086460113525,22400,0.0,0.0
1975-12-11 00:00:00-05:00,0.0,0.5715085692028141,0.5495279175939215,0.5641819834709167,14400,0.0,0.0
1975-12-12 00:00:00-05:00,0.0,0.5641819834709167,0.5641819834709167,0.5641819834709167,3200,0.0,0.0
1975-12-15 00:00:00-05:00,0.0,0.5788361430168152,0.5788361430168152,0.5788361430168152,1600,0.0,0.0
1975-12-16 00:00:00-05:00,0.0,0.5861627299343216,0.5788361430168152,0.5788361430168152,14400,0.0,0.0
1975-12-17 00:00:00-05:00,0.0,0.5861626863479614,0.5861626863479614,0.5861626863479614,8000,0.0,0.0
1975-12-18 00:00:00-05:00,0.0,0.5861626863479614,0.5861626863479614,0.5861626863479614,17600,0.0,0.0
1975-12-19 00:00:00-05:00,0.0,0.6081442071434405,0.5861626601800686,0.6008167266845703,11200,0.0,0.0
1975-12-22 00:00:00-05:00,0.0,0.615470793189072,0.5934901406389389,0.6008167266845703,12800,0.0,0.0
1975-12-23 00:00:00-05:00,0.0,0.6081442071434405,0.6008167266845703,0.6008167266845703,24000,0.0,0.0
1975-12-24 00:00:00-05:00,0.6008167266845703,0.6008167266845703,0.6008167266845703,0.6008167266845703,0,0.0,0.0
1975-12-26 00:00:00-05:00,0.0,0.6008167266845703,0.6008167266845703,0.6008167266845703,1600,0.0,0.0
1975-12-29 00:00:00-05:00,0.0,0.5934900045394897,0.5934900045394897,0.5934900045394897,28800,0.0,0.0
1975-12-30 00:00:00-05:00,0.5934900045394897,0.5934900045394897,0.5934900045394897,0.5934900045394897,0,0.0,0.0
1975-12-31 00:00:00-05:00,0.0,0.6154707670211792,0.5934901154055946,0.6154707670211792,17600,0.0,0.0
1976-01-02 00:00:00-05:00,0.0,0.6374523130499645,0.6154707670211792,0.6154707670211792,25600,0.0,0.0
1976-01-05 00:00:00-05:00,0.0,0.6154707670211792,0.6154707670211792,0.6154707670211792,48000,0.0,0.0
1976-01-06 00:00:00-05:00,0.0,0.6887410962510354,0.6301248327403091,0.6667604446411133,41600,0.0,0.0
1976-01-07 00:00:00-05:00,0.0,0.6740869283676147,0.6594328647074492,0.6740869283676147,14400,0.0,0.0
1976-01-08 00:00:00-05:00,0.0,0.7033951707409214,0.6594329725696138,0.6960685849189758,38400,0.0,0.0
1976-01-09 00:00:00-05:00,0.0,0.7180492877960205,0.6960686343558411,0.7180492877960205,67200,0.0,0.0
1976-01-12 00:00:00-05:00,0.0,0.7327032508945652,0.7107226005743023,0.7253766655921936,54400,0.0,0.0
1976-01-13 00:00:00-05:00,0.0,0.7400308356494749,0.7180492877960205,0.7180492877960205,33600,0.0,0.0
1976-01-14 00:00:00-05:00,0.0,0.7253766907823681,0.6960685597288013,0.7107226252555847,30400,0.0,0.0
1976-01-15 00:00:00-05:00,0.0,0.7766656279563904,0.7180493541483609,0.7766656279563904,38400,0.0,0.0
1976-01-16 00:00:00-05:00,0.0,0.7620114345176546,0.7473573684692383,0.7473573684692383,84800,0.0,0.0
1976-01-19 00:00:00-05:00,0.0,0.7620115876197815,0.7546850003301329,0.7620115876197815,33600,0.0,0.0
1976-01-20 00:00:00-05:00,0.0,0.7620115876197815,0.7620115876197815,0.7620115876197815,40000,0.0,0.0
1976-01-21 00:00:00-05:00,0.0,0.747357394695282,0.7327033281326294,0.7327033281326294,19200,0.0,0.0
1976-01-22 00:00:00-05:00,0.0,0.7913195490837097,0.7253767005333295,0.7913195490837097,52800,0.0,0.0
1976-01-23 00:00:00-05:00,0.0,0.8572631295046449,0.8133009406688432,0.8499356508255005,273600,0.0,0.0
1976-01-26 00:00:00-05:00,0.0,0.835281755243029,0.8206276893615723,0.8206276893615723,20800,0.0,0.0
1976-01-27 00:00:00-05:00,0.8206276893615723,0.8206276893615723,0.8206276893615723,0.8206276893615723,0,0.0,0.0
1976-01-28 00:00:00-05:00,0.0,0.7986470994429763,0.7693389654159546,0.7693389654159546,19200,0.0,0.0
1976-01-29 00:00:00-05:00,0.0,0.7839928865432739,0.7620113429067207,0.7839928865432739,52800,0.0,0.0
1976-01-30 00:00:00-05:00,0.0,0.7986470291521915,0.7839929634284191,0.7913195490837097,124800,0.0,0.0
1976-02-02 00:00:00-05:00,0.0,0.7913195490837097,0.7839929634284191,0.7913195490837097,46400,0.0,0.0
1976-02-03 00:00:00-05:00,0.0,0.783993138315509,0.7620115876197815,0.7620115876197815,94400,0.0,0.0
1976-02-04 00:00:00-05:00,0.0,0.7693389654159546,0.7693389654159546,0.7693389654159546,38400,0.0,0.0
1976-02-05 00:00:00-05:00,0.0,0.8645897137707678,0.7693387518330415,0.8499356508255005,497600,0.0,0.0
1976-02-06 00:00:00-05:00,0.0,0.9012255504246733,0.8352818029825805,0.893898069858551,219200,0.0,0.0
1976-02-09 00:00:00-05:00,0.0,0.9232060731110483,0.8792438791533794,0.915879487991333,294400,0.0,0.0
1976-02-10 00:00:00-05:00,0.0,1.0184577925336797,0.8865712298294403,1.0038037300109863,209600,0.0,0.0
1976-02-11 00:00:00-05:00,0.0,1.0844010806139874,0.9964766686723128,1.0331122875213623,257600,0.0,0.0
1976-02-12 00:00:00-05:00,0.0,1.0257843765885284,1.0038037300109863,1.0038037300109863,96000,0.0,0.0
1976-02-13 00:00:00-05:00,0.0,0.9964761947517965,0.9744955494269792,0.98182213306427,38400,0.0,0.0
1976-02-17 00:00:00-05:00,0.0,0.9891501069068909,0.9525144871187057,0.9891501069068909,73600,0.0,0.0
1976-02-18 00:00:00-05:00,0.0,0.9964763522148132,0.9964763522148132,0.9964763522148132,20800,0.0,0.0
1976-02-19 00:00:00-05:00,0.0,1.0331122119101304,0.9964765957423618,1.0257847309112549,188800,0.0,0.0
1976-02-20 00:00:00-05:00,0.0,1.0331122119101304,1.018458144325684,1.0257847309112549,65600,0.0,0.0
1976-02-23 00:00:00-05:00,0.0,1.0404387817926062,1.0184581279754639,1.0184581279754639,46400,0.0,0.0
1976-02-24 00:00:00-05:00,0.0,1.04043887464315,1.0111307373292586,1.0331122875213623,129600,0.0,0.0
1976-02-25 00:00:00-05:00,0.0,1.0184582126690487,0.9598419383978334,0.9744960069656372,24000,0.0,0.0
1976-02-26 00:00:00-05:00,0.0,0.9818225457118107,0.9525144100189209,0.9525144100189209,48000,0.0,0.0
1976-02-27 00:00:00-05:00,0.0,0.9378602769639757,0.9232062101364136,0.9232062101364136,4800,0.0,0.0
1976-03-01 00:00:00-05:00,0.0,0.9305336838626586,0.893898069858551,0.893898069858551,20800,0.0,0.0
1976-03-02 00:00:00-05:00,0.0,0.9085519313812256,0.9085519313812256,0.9085519313812256,11200,0.0,0.0
1976-03-03 00:00:00-05:00,0.0,0.9085521465803404,0.8645899459393562,0.8719174265861511,126400,0.0,0.0
1976-03-04 00:00:00-05:00,0.0,0.9012255668640137,0.8572633659051171,0.9012255668640137,70400,0.0,0.0
1976-03-05 00:00:00-05:00,0.0,0.9671684338025118,0.923206232266034,0.9598418474197388,72000,0.0,0.0
1976-03-08 00:00:00-05:00,0.0,0.9964763522148132,0.9671682242084951,0.9964763522148132,48000,0.0,0.0
1976-03-09 00:00:00-05:00,0.0,1.0111307632490876,0.9818226251838966,0.9891501069068909,30400,0.0,0.0
1976-03-10 00:00:00-05:00,0.0,0.9891501069068909,0.9671685561513012,0.9891501069068909,369600,0.0,0.0
1976-03-11 00:00:00-05:00,0.0,1.0404387984957013,0.9964765957423618,1.0257847309112549,254400,0.0,0.0
1976-03-12 00:00:00-05:00,0.0,1.0697469992770088,1.0404388623105154,1.0550929307937622,43200,0.0,0.0
1976-03-15 00:00:00-05:00,0.0,1.0404385442242903,0.9964763522148132,0.9964763522148132,24000,0.0,0.0
1976-03-16 00:00:00-05:00,0.0,0.9964763522148132,0.9818222882116542,0.9964763522148132,20800,0.0,0.0
1976-03-17 00:00:00-05:00,0.0,1.0184577925336797,0.9891496674882931,1.0038037300109863,16000,0.0,0.0
1976-03-18 00:00:00-05:00,0.0,1.0331122875213623,1.0111307373292586,1.0331122875213623,28800,0.0,0.0
1976-03-19 00:00:00-05:00,0.0,1.0331122875213623,1.0038041502074708,1.0331122875213623,28800,0.0,0.0
1976-03-22 00:00:00-05:00,0.0,1.0184577344895585,0.98182213306427,0.98182213306427,16000,0.0,0.0
1976-03-23 00:00:00-05:00,0.98182213306427,0.98182213306427,0.98182213306427,0.98182213306427,0,0.0,0.0
1976-03-24 00:00:00-05:00,0.0,0.9964763522148132,0.9818222882116542,0.9964763522148132,19200,0.0,0.0
1976-03-25 00:00:00-05:00,0.0,0.9818220942309408,0.9671680331230164,0.9671680331230164,19200,0.0,0.0
1976-03-26 00:00:00-05:00,0.0,0.9964763522148132,0.9671682242084951,0.9964763522148132,30400,0.0,0.0
1976-03-29 00:00:00-05:00,0.0,0.9818225940428568,0.9744960069656372,0.9744960069656372,6400,0.0,0.0
1976-03-30 00:00:00-05:00,0.0,0.9744955108834333,0.9671680331230164,0.9671680331230164,43200,0.0,0.0
1976-03-31 00:00:00-05:00,0.0,0.9671680331230164,0.9525139720150918,0.9671680331230164,16000,0.0,0.0
1976-04-01 00:00:00-05:00,0.0,0.9671680331230164,0.9525139720150918,0.9671680331230164,54400,0.0,0.0
1976-04-02 00:00:00-05:00,0.0,0.9671682670687173,0.915879487991333,0.915879487991333,36800,0.0,0.0
1976-04-05 00:00:00-05:00,0.0,0.9378602334040924,0.9232061672571534,0.9305336475372314,56000,0.0,0.0
1976-04-06 00:00:00-05:00,0.0,0.9378601908683777,0.9232061253860593,0.9378601908683777,17600,0.0,0.0
1976-04-07 00:00:00-05:00,0.0,0.98182213306427,0.9451874260519264,0.98182213306427,636800,0.0,0.0
1976-04-08 00:00:00-05:00,0.0,0.9891501069068909,0.9671685561513012,0.9891501069068909,19200,0.0,0.0
1976-04-09 00:00:00-05:00,0.0,0.9818220942309408,0.9671680331230164,0.9671680331230164,46400,0.0,0.0
1976-04-12 00:00:00-05:00,0.0,0.989150075533441,0.9744960069656372,0.9744960069656372,6400,0.0,0.0
1976-04-13 00:00:00-05:00,0.0,0.9964763522148132,0.9818222882116542,0.9964763522148132,9600,0.0,0.0
1976-04-14 00:00:00-05:00,0.0,1.0257847144434145,1.0038040606262721,1.0184581279754639,54400,0.0,0.0
1976-04-15 00:00:00-05:00,0.0,1.0331124833520215,1.011130928993225,1.011130928993225,20800,0.0,0.0
1976-04-19 00:00:00-05:00,0.0,1.0184581279754639,1.0038040606262721,1.0184581279754639,36800,0.0,0.0
1976-04-20 00:00:00-05:00,0.0,1.0111304162179722,0.9964763522148132,0.9964763522148132,22400,0.0,0.0
1976-04-21 00:00:00-05:00,0.0,1.055092914781727,1.0038041230753993,1.0477663278579712,124800,0.0,0.0
1976-04-22 00:00:00-05:00,0.0,1.0990548133850098,1.0404385566711425,1.0990548133850098,65600,0.0,0.0
1976-04-23 00:00:00-05:00,0.0,1.1137090921401978,1.1137090921401978,1.1137090921401978,44800,0.0,0.0
1976-04-26 00:00:00-04:00,0.0,1.128363013267517,1.1137089481601468,1.128363013267517,46400,0.0,0.0
1976-04-27 00:00:00-04:00,0.0,1.1210363815065942,1.0844007730484009,1.0844007730484009,72000,0.0,0.0
1976-04-28 00:00:00-04:00,0.0,1.0844007550346717,1.0550926265202212,1.0770741701126099,28800,0.0,0.0
1976-04-29 00:00:00-04:00,0.0,1.0844010012490408,1.0257847309112549,1.0257847309112549,30400,0.0,0.0
1976-04-30 00:00:00-04:00,0.0,1.011130928993225,0.9964768575585407,1.011130928993225,30400,0.0,0.0
1976-05-03 00:00:00-04:00,0.0,1.0184581279754639,1.0184581279754639,1.0184581279754639,16000,0.0,0.0
1976-05-04 00:00:00-04:00,0.0,1.0331122119101304,0.9964765957423618,1.0257847309112549,91200,0.0,0.0
1976-05-05 00:00:00-04:00,0.0,1.0624203961188285,1.0477663278579712,1.0477663278579712,35200,0.0,0.0
1976-05-06 00:00:00-04:00,0.0,1.0990548133850098,1.0477660359669243,1.0990548133850098,19200,0.0,0.0
1976-05-07 00:00:00-04:00,0.0,1.157671332359314,1.1137091298646564,1.157671332359314,49600,0.0,0.0
1976-05-10 00:00:00-04:00,0.0,1.172325427715595,1.143017292022705,1.143017292022705,56000,0.0,0.0
1976-05-11 00:00:00-04:00,0.0,1.1869792762503197,1.172325211111427,1.1796526908874512,60800,0.0,0.0
1976-05-12 00:00:00-04:00,0.0,1.1796528534819117,1.1649987863232127,1.1723253726959229,33600,0.0,0.0
1976-05-13 00:00:00-04:00,0.0,1.1723253998575331,1.157671332359314,1.157671332359314,4800,0.0,0.0
1976-05-14 00:00:00-04:00,0.0,1.157671221819489,1.1356905698776245,1.1356905698776245,86400,0.0,0.0
1976-05-17 00:00:00-04:00,1.1356905698776245,1.1356905698776245,1.1356905698776245,1.1356905698776245,0,0.0,0.0
1976-05-18 00:00:00-04:00,0.0,1.2309412426418729,1.186979055404663,1.186979055404663,291200,0.0,0.0
1976-05-19 00:00:00-04:00,0.0,1.208960933828011,1.1796528008190075,1.2016334533691406,28800,0.0,0.0
1976-05-20 00:00:00-04:00,0.0,1.2602496658052718,1.2162874681609017,1.2309415340423584,76800,0.0,0.0
1976-05-21 00:00:00-04:00,0.0,1.2309412426418729,1.186979055404663,1.186979055404663,35200,0.0,0.0
1976-05-24 00:00:00-04:00,0.0,1.1869794398546218,1.1723253726959229,1.1723253726959229,36800,0.0,0.0
1976-05-25 00:00:00-04:00,0.0,1.1723253726959229,1.1723253726959229,1.1723253726959229,35200,0.0,0.0
1976-05-26 00:00:00-04:00,0.0,1.1796528534819117,1.1723253726959229,1.1723253726959229,76800,0.0,0.0
1976-05-27 00:00:00-04:00,0.0,1.172325427715595,1.143017292022705,1.143017292022705,27200,0.0,0.0
1976-05-28 00:00:00-04:00,0.0,1.135690427141511,1.0624201058553846,1.0770741701126099,35200,0.0,0.0
1976-06-01 00:00:00-04:00,0.0,1.0404386520385742,1.0404386520385742,1.0404386520385742,94400,0.0,0.0
1976-06-02 00:00:00-04:00,0.0,1.0550929307937622,1.0477663437588187,1.0550929307937622,8000,0.0,0.0
1976-06-03 00:00:00-04:00,0.0,1.069746732711792,1.0624201475025261,1.069746732711792,174400,0.0,0.0
1976-06-04 00:00:00-04:00,0.0,1.0697469992770088,1.0550929307937622,1.0550929307937622,264000,0.0,0.0
1976-06-07 00:00:00-04:00,0.0,1.0550929307937622,1.0477663437588187,1.0550929307937622,43200,0.0,0.0
1976-06-08 00:00:00-04:00,0.0,1.069746732711792,1.0550926678801236,1.069746732711792,48000,0.0,0.0
1976-06-09 00:00:00-04:00,0.0,1.0770741701126099,1.0770741701126099,1.0770741701126099,11200,0.0,0.0
1976-06-10 00:00:00-04:00,0.0,1.0844007730484009,1.0770741880046322,1.0844007730484009,113600,0.0,0.0
1976-06-11 00:00:00-04:00,0.0,1.0990550352293549,1.0917284488677979,1.0917284488677979,100800,0.0,0.0
1976-06-14 00:00:00-04:00,0.0,1.0990548133850098,1.0697466850280761,1.0990548133850098,83200,0.0,0.0
1976-06-15 00:00:00-04:00,0.0,1.0844007730484009,1.0844007730484009,1.0844007730484009,3200,0.0,0.0
1976-06-16 00:00:00-04:00,0.0,1.0844007975434604,1.069746732711792,1.069746732711792,17600,0.0,0.0
1976-06-17 00:00:00-04:00,0.0,1.0624204122420653,1.0550929307937622,1.0550929307937622,38400,0.0,0.0
1976-06-18 00:00:00-04:00,0.0,1.0917285492085587,1.0550929307937622,1.0550929307937622,49600,0.0,0.0
1976-06-21 00:00:00-04:00,0.0,1.0844007730484009,1.0550926440470927,1.0844007730484009,32000,0.0,0.0
1976-06-22 00:00:00-04:00,0.0,1.0917284488677979,1.069746900956572,1.0917284488677979,41600,0.0,0.0
1976-06-23 00:00:00-04:00,0.0,1.0844007550346717,1.0697466907774464,1.0770741701126099,20800,0.0,0.0
1976-06-24 00:00:00-04:00,0.0,1.099054837549055,1.0844007730484009,1.0844007730484009,14400,0.0,0.0
1976-06-25 00:00:00-04:00,0.0,1.1137090921401978,1.0844009581365084,1.1137090921401978,33600,0.0,0.0
1976-06-28 00:00:00-04:00,0.0,1.1137090921401978,1.1137090921401978,1.1137090921401978,6400,0.0,0.0
1976-06-29 00:00:00-04:00,0.0,1.128363013267517,1.1210364279204086,1.128363013267517,16000,0.0,0.0
1976-06-30 00:00:00-04:00,0.0,1.1210365295410156,1.1063824631052719,1.1210365295410156,11200,0.0,0.0
1976-07-01 00:00:00-04:00,1.1210365295410156,1.1210365295410156,1.1210365295410156,1.1210365295410156,0,0.0,0.0
1976-07-02 00:00:00-04:00,0.0,1.1063823170059404,1.0844007730484009,1.0844007730484009,16000,0.0,0.0
1976-07-06 00:00:00-04:00,0.0,1.0697469549257665,1.06242036819458,1.06242036819458,6400,0.0,0.0
1976-07-07 00:00:00-04:00,0.0,1.0697469992770088,1.0550929307937622,1.0550929307937622,14400,0.0,0.0
1976-07-08 00:00:00-04:00,0.0,1.0990548133850098,1.0697466850280761,1.0990548133850098,25600,0.0,0.0
1976-07-09 00:00:00-04:00,0.0,1.1356905959767594,1.0917283966695281,1.1210365295410156,120000,0.0,0.0
1976-07-12 00:00:00-04:00,0.0,1.1430170783748874,1.1210364279204086,1.128363013267517,17600,0.0,0.0
1976-07-13 00:00:00-04:00,0.0,1.1796528808132924,1.135690678318635,1.157671332359314,112000,0.0,0.0
1976-07-14 00:00:00-04:00,0.0,1.1796527681745672,1.1356905698776245,1.1356905698776245,54400,0.0,0.0
1976-07-15 00:00:00-04:00,0.0,1.1649985313415527,1.1430169882079355,1.1649985313415527,30400,0.0,0.0
1976-07-16 00:00:00-04:00,1.1649985313415527,1.1649985313415527,1.1649985313415527,1.1649985313415527,0,0.0,0.0
1976-07-19 00:00:00-04:00,0.0,1.16499879671291,1.1430172485721861,1.150344729423523,38400,0.0,0.0
1976-07-20 00:00:00-04:00,0.0,1.143017292022705,1.143017292022705,1.143017292022705,1600,0.0,0.0
1976-07-21 00:00:00-04:00,0.0,1.1283629665503632,1.0844007730484009,1.0844007730484009,19200,0.0,0.0
1976-07-22 00:00:00-04:00,0.0,1.0770741701126099,1.0770741701126099,1.0770741701126099,3200,0.0,0.0
1976-07-23 00:00:00-04:00,0.0,1.0990550352293549,1.0844009680929634,1.0917284488677979,33600,0.0,0.0
1976-07-26 00:00:00-04:00,0.0,1.1063823699951172,1.09172830479262,1.1063823699951172,6400,0.0,0.0
1976-07-27 00:00:00-04:00,0.0,1.0990550352293549,1.0917284488677979,1.0917284488677979,19200,0.0,0.0
1976-07-28 00:00:00-04:00,0.0,1.0990548133850098,1.0844007492065428,1.0990548133850098,51200,0.0,0.0
1976-07-29 00:00:00-04:00,0.0,1.0844007975434604,1.0624201475025261,1.069746732711792,14400,0.0,0.0
1976-07-30 00:00:00-04:00,0.0,1.06242036819458,1.06242036819458,1.06242036819458,3200,0.0,0.0
1976-08-02 00:00:00-04:00,0.0,1.0697469549257665,1.06242036819458,1.06242036819458,9600,0.0,0.0
1976-08-03 00:00:00-04:00,0.0,1.0770742123341945,1.069746732711792,1.069746732711792,6400,0.0,0.0
1976-08-04 00:00:00-04:00,0.0,1.0844007550346717,1.0770741701126099,1.0770741701126099,25600,0.0,0.0
1976-08-05 00:00:00-04:00,0.0,1.0917284488677979,1.0844009680929634,1.0917284488677979,22400,0.0,0.0
1976-08-06 00:00:00-04:00,0.0,1.0844007730484009,1.0844007730484009,1.0844007730484009,20800,0.0,0.0
1976-08-09 00:00:00-04:00,0.0,1.0770742123341945,1.0624201475025261,1.069746732711792,30400,0.0,0.0
1976-08-10 00:00:00-04:00,0.0,1.0844007730484009,1.062420123503978,1.0844007730484009,14400,0.0,0.0
1976-08-11 00:00:00-04:00,0.0,1.1063822986270604,1.0770741701126099,1.0770741701126099,51200,0.0,0.0
1976-08-12 00:00:00-04:00,0.0,1.0844007730484009,1.062420123503978,1.0844007730484009,38400,0.0,0.0
1976-08-13 00:00:00-04:00,0.0,1.0917284488677979,1.069746900956572,1.0917284488677979,8000,0.0,0.0
1976-08-16 00:00:00-04:00,0.0,1.0990548133850098,1.0990548133850098,1.0990548133850098,4800,0.0,0.0
1976-08-17 00:00:00-04:00,0.0,1.0990548133850098,1.0844007492065428,1.0990548133850098,6400,0.0,0.0
1976-08-18 00:00:00-04:00,0.0,1.1210365728477547,1.10638250584591,1.1137090921401978,20800,0.0,0.0
1976-08-19 00:00:00-04:00,0.0,1.1356906398495994,1.1137090921401978,1.1137090921401978,32000,0.0,0.0
1976-08-20 00:00:00-04:00,0.0,1.099054819291897,1.0770741701126099,1.0770741701126099,8000,0.0,0.0
1976-08-23 00:00:00-04:00,0.0,1.0550928660801477,1.0257847309112549,1.0257847309112549,30400,0.0,0.0
1976-08-24 00:00:00-04:00,0.0,1.0257847309112549,1.0257847309112549,1.0257847309112549,4800,0.0,0.0
1976-08-25 00:00:00-04:00,0.0,1.0257847309112549,1.0257847309112549,1.0257847309112549,6400,0.0,0.0
1976-08-26 00:00:00-04:00,1.0257847309112549,1.0257847309112549,1.0257847309112549,1.0257847309112549,0,0.0,0.0
1976-08-27 00:00:00-04:00,0.0,1.0111303140658352,1.0038037300109863,1.0038037300109863,4800,0.0,0.0
1976-08-30 00:00:00-04:00,1.0038037300109863,1.0038037300109863,1.0038037300109863,1.0038037300109863,0,0.0,0.0
1976-08-31 00:00:00-04:00,0.0,0.9964763522148132,0.9964763522148132,0.9964763522148132,3200,0.0,0.0
1976-09-01 00:00:00-04:00,0.0,1.0184578954260948,0.9964763522148132,0.9964763522148132,57600,0.0,0.0
1976-09-02 00:00:00-04:00,0.0,0.9964763522148132,0.9964763522148132,0.9964763522148132,3200,0.0,0.0
1976-09-03 00:00:00-04:00,0.0,0.9818225940428568,0.9744960069656372,0.9744960069656372,9600,0.0,0.0
1976-09-07 00:00:00-04:00,0.0,0.9891499817773907,0.9598418474197388,0.9598418474197388,11200,0.0,0.0
1976-09-08 00:00:00-04:00,0.0,0.9525142563506961,0.9378601908683777,0.9378601908683777,24000,0.0,0.0
1976-09-09 00:00:00-04:00,0.0,0.9305336907568239,0.9232062101364136,0.9232062101364136,9600,0.0,0.0
1976-09-10 00:00:00-04:00,0.0,0.9232062032965364,0.8865714837056806,0.893898069858551,49600,0.0,0.0
1976-09-13 00:00:00-04:00,0.0,0.9085519313812256,0.8792438045624763,0.9085519313812256,46400,0.0,0.0
1976-09-14 00:00:00-04:00,0.0,0.9232062101364136,0.9158796239292617,0.9232062101364136,20800,0.0,0.0
1976-09-15 00:00:00-04:00,0.0,0.9598418911488037,0.9378603421724759,0.9525144100189209,28800,0.0,0.0
1976-09-16 00:00:00-04:00,0.0,1.011130928993225,0.9598421261785994,1.011130928993225,41600,0.0,0.0
1976-09-17 00:00:00-04:00,0.0,0.9964763522148132,0.9964763522148132,0.9964763522148132,9600,0.0,0.0
1976-09-20 00:00:00-04:00,0.0,0.9891501069068909,0.9818226251838966,0.9891501069068909,3200,0.0,0.0
1976-09-21 00:00:00-04:00,0.9891501069068909,0.9891501069068909,0.9891501069068909,0.9891501069068909,0,0.0,0.0
1976-09-22 00:00:00-04:00,0.0,1.0257847309112549,0.9964765957423618,1.0257847309112549,20800,0.0,0.0
1976-09-23 00:00:00-04:00,0.0,1.0257847309112549,1.018458144325684,1.0257847309112549,6400,0.0,0.0
1976-09-24 00:00:00-04:00,0.0,1.0111303140658352,1.0038037300109863,1.0038037300109863,8000,0.0,0.0
1976-09-27 00:00:00-04:00,0.0,1.0184581279754639,1.0038040606262721,1.0184581279754639,3200,0.0,0.0
1976-09-28 00:00:00-04:00,0.0,1.0331124833520215,1.011130928993225,1.011130928993225,33600,0.0,0.0
1976-09-29 00:00:00-04:00,0.0,1.0111303140658352,1.0038037300109863,1.0038037300109863,4800,0.0,0.0
1976-09-30 00:00:00-04:00,0.0,1.0184577925336797,1.0038037300109863,1.0038037300109863,8000,0.0,0.0
1976-10-01 00:00:00-04:00,0.0,1.0111307311784645,0.9744960069656372,0.9744960069656372,20800,0.0,0.0
1976-10-04 00:00:00-04:00,0.0,0.9598418911488037,0.9525144100189209,0.9525144100189209,14400,0.0,0.0
1976-10-05 00:00:00-04:00,0.0,0.9525142563506961,0.9305336053338067,0.9378601908683777,14400,0.0,0.0
1976-10-06 00:00:00-04:00,0.0,0.9598418474197388,0.9525143666236858,0.9598418474197388,3200,0.0,0.0
1976-10-07 00:00:00-04:00,0.0,0.9598418474197388,0.9525143666236858,0.9598418474197388,4800,0.0,0.0
1976-10-08 00:00:00-04:00,0.0,0.9598418474197388,0.9598418474197388,0.9598418474197388,4800,0.0,0.0
1976-10-11 00:00:00-04:00,0.0,0.9598418911488037,0.9525144100189209,0.9525144100189209,3200,0.0,0.0
1976-10-12 00:00:00-04:00,0.0,0.9378600581999748,0.9085519313812256,0.9085519313812256,9600,0.0,0.0
1976-10-13 00:00:00-04:00,0.0,0.9158796446253291,0.8792440295219421,0.8792440295219421,40000,0.0,0.0
1976-10-14 00:00:00-04:00,0.0,0.8865714934664791,0.8719174265861511,0.8719174265861511,9600,0.0,0.0
1976-10-15 00:00:00-04:00,0.0,0.8719174265861511,0.8719174265861511,0.8719174265861511,1600,0.0,0.0
1976-10-18 00:00:00-04:00,0.0,0.879243693109286,0.8645896315574646,0.8645896315574646,28800,0.0,0.0
1976-10-19 00:00:00-04:00,0.0,0.8645896721396568,0.8499356099000015,0.8572630882263184,12800,0.0,0.0
1976-10-20 00:00:00-04:00,0.0,0.8792440128196842,0.857263359705823,0.8719174265861511,44800,0.0,0.0
1976-10-21 00:00:00-04:00,0.8719174265861511,0.8719174265861511,0.8719174265861511,0.8719174265861511,0,0.0,0.0
1976-10-22 00:00:00-04:00,0.0,0.8572632138815001,0.8352816700935364,0.8352816700935364,169600,0.0,0.0
1976-10-25 00:00:00-04:00,0.0,0.8352818323824277,0.8206277651476482,0.8279552459716797,14400,0.0,0.0
1976-10-26 00:00:00-04:00,0.0,0.8279552459716797,0.8206277651476482,0.8279552459716797,3200,0.0,0.0
1976-10-27 00:00:00-04:00,0.0,0.8279552459716797,0.8279552459716797,0.8279552459716797,16000,0.0,0.0
1976-10-28 00:00:00-04:00,0.0,0.8499358123622397,0.8352817466318563,0.8426092267036438,9600,0.0,0.0
1976-10-29 00:00:00-04:00,0.0,0.8352816700935364,0.8352816700935364,0.8352816700935364,4800,0.0,0.0
1976-11-01 00:00:00-05:00,0.0,0.8645896315574646,0.8352815084538218,0.8645896315574646,14400,0.0,0.0
1976-11-03 00:00:00-05:00,0.0,0.8499358996172072,0.8279552459716797,0.8279552459716797,24000,0.0,0.0
1976-11-04 00:00:00-05:00,0.0,0.8352816700935364,0.8352816700935364,0.8352816700935364,19200,0.0,0.0
1976-11-05 00:00:00-05:00,0.0,0.8499356508255005,0.8352815878802333,0.8499356508255005,43200,0.0,0.0
1976-11-08 00:00:00-05:00,0.0,0.8792440295219421,0.8645899623632431,0.8792440295219421,48000,0.0,0.0
1976-11-09 00:00:00-05:00,0.0,0.8645896315574646,0.8645896315574646,0.8645896315574646,3200,0.0,0.0
1976-11-10 00:00:00-05:00,0.0,0.8645897988687482,0.8352816700935364,0.8352816700935364,12800,0.0,0.0
1976-11-11 00:00:00-05:00,0.8352816700935364,0.8352816700935364,0.8352816700935364,0.8352816700935364,0,0.0,0.0
1976-11-12 00:00:00-05:00,0.0,0.8792440295219421,0.8499358952045442,0.8792440295219421,11200,0.0,0.0
1976-11-15 00:00:00-05:00,0.0,0.8792437343793119,0.8426090259866632,0.8572630882263184,52800,0.0,0.0
1976-11-16 00:00:00-05:00,0.0,0.8645896315574646,0.8499355700056431,0.8645896315574646,3200,0.0,0.0
1976-11-17 00:00:00-05:00,0.0,0.8719174265861511,0.8499358790590281,0.8719174265861511,54400,0.0,0.0
1976-11-18 00:00:00-05:00,0.0,0.8719174265861511,0.8719174265861511,0.8719174265861511,64000,0.0,0.0
1976-11-19 00:00:00-05:00,0.0,0.8792440128196842,0.8719174265861511,0.8719174265861511,20800,0.0,0.0
1976-11-22 00:00:00-05:00,0.0,0.893898069858551,0.8865714837056806,0.893898069858551,25600,0.0,0.0
1976-11-23 00:00:00-05:00,0.0,0.9012255668640137,0.8865714998777149,0.9012255668640137,6400,0.0,0.0
1976-11-24 00:00:00-05:00,0.0,0.9085521365775436,0.893898069858551,0.893898069858551,22400,0.0,0.0
1976-11-26 00:00:00-05:00,0.893898069858551,0.893898069858551,0.893898069858551,0.893898069858551,0,0.0,0.0
1976-11-29 00:00:00-05:00,0.0,0.88657146692276,0.88657146692276,0.88657146692276,1600,0.0,0.0
1976-11-30 00:00:00-05:00,0.88657146692276,0.88657146692276,0.88657146692276,0.88657146692276,0,0.0,0.0
1976-12-01 00:00:00-05:00,0.0,0.893898069858551,0.893898069858551,0.893898069858551,22400,0.0,0.0
1976-12-02 00:00:00-05:00,0.0,0.9671680331230164,0.9158792664517353,0.9671680331230164,67200,0.0,0.0
1976-12-03 00:00:00-05:00,0.0,0.9744958017807619,0.9305336053338067,0.9378601908683777,33600,0.0,0.0
1976-12-06 00:00:00-05:00,0.0,0.9232060731110483,0.915879487991333,0.915879487991333,64000,0.0,0.0
1976-12-07 00:00:00-05:00,0.0,0.9232060731110483,0.915879487991333,0.915879487991333,3200,0.0,0.0
1976-12-08 00:00:00-05:00,0.0,0.915879487991333,0.908552008458492,0.915879487991333,14400,0.0,0.0
1976-12-09 00:00:00-05:00,0.0,0.9158796338503126,0.8865714998777149,0.9012255668640137,35200,0.0,0.0
1976-12-10 00:00:00-05:00,0.0,0.8938980966806412,0.8792440295219421,0.8792440295219421,36800,0.0,0.0
1976-12-13 00:00:00-05:00,0.0,0.893898069858551,0.8792440031395584,0.893898069858551,8000,0.0,0.0
1976-12-14 00:00:00-05:00,0.0,0.8792440295219421,0.8792440295219421,0.8792440295219421,14400,0.0,0.0
1976-12-15 00:00:00-05:00,0.0,0.886571510307931,0.8645899623632431,0.8792440295219421,59200,0.0,0.0
1976-12-16 00:00:00-05:00,0.0,0.8645896315574646,0.8645896315574646,0.8645896315574646,9600,0.0,0.0
1976-12-17 00:00:00-05:00,0.0,0.893898069858551,0.871917416986688,0.893898069858551,68800,0.0,0.0
1976-12-20 00:00:00-05:00,0.0,0.8938977546611074,0.8645896315574646,0.8645896315574646,44800,0.0,0.0
1976-12-21 00:00:00-05:00,0.0,0.8645897137707678,0.8426090665593777,0.8499356508255005,44800,0.0,0.0
1976-12-22 00:00:00-05:00,0.0,0.8279552459716797,0.8206277651476482,0.8279552459716797,35200,0.0,0.0
1976-12-23 00:00:00-05:00,0.0,0.8206276893615723,0.8059736234801157,0.8206276893615723,43200,0.0,0.0
1976-12-27 00:00:00-05:00,0.0,0.8206276893615723,0.8059736234801157,0.8206276893615723,6400,0.0,0.0
1976-12-28 00:00:00-05:00,0.0,0.827955169508901,0.8206276893615723,0.8206276893615723,36800,0.0,0.0
1976-12-29 00:00:00-05:00,0.0,0.8206276893615723,0.8206276893615723,0.8206276893615723,9600,0.0,0.0
1976-12-30 00:00:00-05:00,0.0,0.8206275939941406,0.8059735298156738,0.8059735298156738,32000,0.0,0.0
1976-12-31 00:00:00-05:00,0.0,0.8352816700935364,0.8059735413183245,0.8352816700935364,112000,0.0,0.0
1977-01-03 00:00:00-05:00,0.0,0.8499356508255005,0.8352815878802333,0.8499356508255005,32000,0.0,0.0
1977-01-04 00:00:00-05:00,0.0,0.8938980966806412,0.8645899623632431,0.8792440295219421,49600,0.0,0.0
1977-01-05 00:00:00-05:00,0.0,0.9012255774666301,0.8792440295219421,0.8792440295219421,30400,0.0,0.0
1977-01-06 00:00:00-05:00,0.0,0.8645897988687482,0.8206276057059305,0.8352816700935364,97600,0.0,0.0
1977-01-07 00:00:00-05:00,0.0,0.8426093132064592,0.8279552459716797,0.8279552459716797,24000,0.0,0.0
1977-01-10 00:00:00-05:00,0.0,0.8206276118633583,0.8059735473657984,0.8133010268211365,12800,0.0,0.0
1977-01-11 00:00:00-05:00,0.0,0.7986470291521915,0.7913195490837097,0.7913195490837097,22400,0.0,0.0
1977-01-12 00:00:00-05:00,0.0,0.7913196964083977,0.7693390409370655,0.7766656279563904,52800,0.0,0.0
1977-01-13 00:00:00-05:00,0.0,0.8133010268211365,0.7766654183706784,0.8133010268211365,27200,0.0,0.0
1977-01-14 00:00:00-05:00,0.0,0.8719171095398436,0.7986468017807364,0.8645896315574646,227200,0.0,0.0
1977-01-17 00:00:00-05:00,0.0,0.8719171504659736,0.8572630882263184,0.8572630882263184,41600,0.0,0.0
1977-01-18 00:00:00-05:00,0.0,0.8938980966806412,0.857263375990533,0.8792440295219421,110400,0.0,0.0
1977-01-19 00:00:00-05:00,0.0,0.886571510307931,0.8792440295219421,0.8792440295219421,28800,0.0,0.0
1977-01-20 00:00:00-05:00,0.0,0.9085518162129289,0.8645896315574646,0.8645896315574646,52800,0.0,0.0
1977-01-21 00:00:00-05:00,0.0,0.8645896315574646,0.8499355700056431,0.8645896315574646,28800,0.0,0.0
1977-01-24 00:00:00-05:00,0.0,0.88657146692276,0.8719174004811708,0.88657146692276,28800,0.0,0.0
1977-01-25 00:00:00-05:00,0.0,0.8938977546611074,0.8645896315574646,0.8645896315574646,25600,0.0,0.0
1977-01-26 00:00:00-05:00,0.0,0.8719171095398436,0.8645896315574646,0.8645896315574646,9600,0.0,0.0
1977-01-27 00:00:00-05:00,0.0,0.8719174265861511,0.857263359705823,0.8719174265861511,25600,0.0,0.0
1977-01-28 00:00:00-05:00,0.8719174265861511,0.8719174265861511,0.8719174265861511,0.8719174265861511,0,0.0,0.0
1977-01-31 00:00:00-05:00,0.0,0.8719171504659736,0.8572630882263184,0.8572630882263184,59200,0.0,0.0
1977-02-01 00:00:00-05:00,0.0,0.8426092267036438,0.8352817466318563,0.8426092267036438,33600,0.0,0.0
1977-02-02 00:00:00-05:00,0.0,0.8426091494938942,0.8352816700935364,0.8352816700935364,28800,0.0,0.0
1977-02-03 00:00:00-05:00,0.0,0.8352816581726074,0.8059735298156738,0.8059735298156738,60800,0.0,0.0
1977-02-04 00:00:00-05:00,0.0,0.8206275939941406,0.8059735298156738,0.8059735298156738,33600,0.0,0.0
1977-02-07 00:00:00-05:00,0.0,0.7986470460891724,0.7986470460891724,0.7986470460891724,6400,0.0,0.0
1977-02-08 00:00:00-05:00,0.0,0.7986470460891724,0.7913195658652961,0.7986470460891724,20800,0.0,0.0
1977-02-09 00:00:00-05:00,0.0,0.8059735357667238,0.7839928865432739,0.7839928865432739,8000,0.0,0.0
1977-02-10 00:00:00-05:00,0.0,0.7766656279563904,0.7693390409370655,0.7766656279563904,19200,0.0,0.0
1977-02-11 00:00:00-05:00,0.0,0.7986470460891724,0.7913195658652961,0.7986470460891724,6400,0.0,0.0
1977-02-14 00:00:00-05:00,0.0,0.8059737648604051,0.7766656279563904,0.7766656279563904,44800,0.0,0.0
1977-02-15 00:00:00-05:00,0.0,0.7913195490837097,0.7839929634284191,0.7913195490837097,14400,0.0,0.0
1977-02-16 00:00:00-05:00,0.0,0.7913195490837097,0.7839929634284191,0.7913195490837097,9600,0.0,0.0
1977-02-17 00:00:00-05:00,0.0,0.7913194714800561,0.7839928865432739,0.7839928865432739,11200,0.0,0.0
1977-02-18 00:00:00-05:00,0.0,0.783993138315509,0.7620115876197815,0.7620115876197815,19200,0.0,0.0
1977-02-22 00:00:00-05:00,0.0,0.7400306463241577,0.7400306463241577,0.7400306463241577,11200,0.0,0.0
1977-02-23 00:00:00-05:00,0.0,0.7400307306100848,0.7033951208587825,0.7253766655921936,204800,0.0,0.0
1977-02-24 00:00:00-05:00,0.0,0.7180492877960205,0.7180492877960205,0.7180492877960205,3200,0.0,0.0
1977-02-25 00:00:00-05:00,0.0,0.7253766655921936,0.7033951208587825,0.7253766655921936,104000,0.0,0.0
1977-02-28 00:00:00-05:00,0.0,0.7253767685515969,0.7180492877960205,0.7180492877960205,20800,0.0,0.0
1977-03-01 00:00:00-05:00,0.0,0.7253765983847268,0.6740869283676147,0.6740869283676147,41600,0.0,0.0
1977-03-02 00:00:00-05:00,0.0,0.7107226252555847,0.6960685597288013,0.7107226252555847,41600,0.0,0.0
1977-03-03 00:00:00-05:00,0.0,0.7473573684692383,0.7180492363724054,0.7473573684692383,28800,0.0,0.0
1977-03-04 00:00:00-05:00,0.0,0.7620115876197815,0.7473575186270934,0.7620115876197815,57600,0.0,0.0
1977-03-07 00:00:00-05:00,0.0,0.7986470460891724,0.7766654998307536,0.7986470460891724,115200,0.0,0.0
1977-03-08 00:00:00-05:00,0.0,0.7986470460891724,0.7986470460891724,0.7986470460891724,14400,0.0,0.0
1977-03-09 00:00:00-05:00,0.0,0.8059735298156738,0.8059735298156738,0.8059735298156738,4800,0.0,0.0
1977-03-10 00:00:00-05:00,0.0,0.8059735298156738,0.791319465637207,0.8059735298156738,9600,0.0,0.0
1977-03-11 00:00:00-05:00,0.0,0.7913194714800561,0.7839928865432739,0.7839928865432739,4800,0.0,0.0
1977-03-14 00:00:00-05:00,0.0,0.7913196964083977,0.7693390409370655,0.7766656279563904,20800,0.0,0.0
1977-03-15 00:00:00-05:00,0.0,0.7766655517160751,0.7693389654159546,0.7693389654159546,28800,0.0,0.0
1977-03-16 00:00:00-05:00,0.0,0.7986470460891724,0.7766654998307536,0.7986470460891724,19200,0.0,0.0
1977-03-17 00:00:00-05:00,0.0,0.7839928865432739,0.7839928865432739,0.7839928865432739,6400,0.0,0.0
1977-03-18 00:00:00-05:00,0.0,0.7913196964083977,0.7766656279563904,0.7766656279563904,33600,0.0,0.0
1977-03-21 00:00:00-05:00,0.0,0.7693389654159546,0.7693389654159546,0.7693389654159546,19200,0.0,0.0
1977-03-22 00:00:00-05:00,0.0,0.7913195490837097,0.7620114176361649,0.7913195490837097,28800,0.0,0.0
1977-03-23 00:00:00-05:00,0.0,0.7986471778410802,0.7766656279563904,0.7766656279563904,46400,0.0,0.0
1977-03-24 00:00:00-05:00,0.0,0.7766656279563904,0.7693390409370655,0.7766656279563904,60800,0.0,0.0
1977-03-25 00:00:00-05:00,0.0,0.7693390693228209,0.7620115876197815,0.7620115876197815,11200,0.0,0.0
1977-03-28 00:00:00-05:00,0.0,0.7693390693228209,0.7620115876197815,0.7620115876197815,56000,0.0,0.0
1977-03-29 00:00:00-05:00,0.0,0.7620113912718594,0.7546848058700562,0.7546848058700562,24000,0.0,0.0
1977-03-30 00:00:00-05:00,0.0,0.7620113912718594,0.7546848058700562,0.7546848058700562,40000,0.0,0.0
1977-03-31 00:00:00-05:00,0.0,0.7546848058700562,0.7546848058700562,0.7546848058700562,14400,0.0,0.0
1977-04-01 00:00:00-05:00,0.0,0.7546848487000519,0.7473573684692383,0.7473573684692383,8000,0.0,0.0
1977-04-04 00:00:00-05:00,0.0,0.7327033548938985,0.7180492877960205,0.7180492877960205,24000,0.0,0.0
1977-04-05 00:00:00-05:00,0.0,0.7033950556879458,0.6740869283676147,0.6740869283676147,19200,0.0,0.0
1977-04-06 00:00:00-05:00,0.0,0.6960685849189758,0.6594329725696138,0.6960685849189758,81600,0.0,0.0
1977-04-07 00:00:00-05:00,0.0,0.6960685679702519,0.6814145022699643,0.6887410879135132,14400,0.0,0.0
1977-04-11 00:00:00-05:00,0.0,0.6960685849189758,0.6740870386267163,0.6960685849189758,35200,0.0,0.0
1977-04-12 00:00:00-05:00,0.0,0.7033951878547668,0.696068601854563,0.7033951878547668,57600,0.0,0.0
1977-04-13 00:00:00-05:00,0.0,0.7473573684692383,0.7180492363724054,0.7473573684692383,17600,0.0,0.0
1977-04-14 00:00:00-05:00,0.0,0.8059737648604051,0.7620115595043829,0.7766656279563904,83200,0.0,0.0
1977-04-15 00:00:00-05:00,0.0,0.7913194714800561,0.7620113429067207,0.7839928865432739,84800,0.0,0.0
1977-04-18 00:00:00-05:00,0.0,0.7693389654159546,0.7693389654159546,0.7693389654159546,4800,0.0,0.0
1977-04-19 00:00:00-05:00,0.0,0.7620115876197815,0.7546850003301329,0.7620115876197815,6400,0.0,0.0
1977-04-20 00:00:00-05:00,0.0,0.7546848058700562,0.7473573260550929,0.7546848058700562,11200,0.0,0.0
1977-04-21 00:00:00-05:00,0.0,0.7473573684692383,0.7473573684692383,0.7473573684692383,1600,0.0,0.0
1977-04-22 00:00:00-05:00,0.0,0.7473573684692383,0.7473573684692383,0.7473573684692383,12800,0.0,0.0
1977-04-25 00:00:00-04:00,0.0,0.7546847096730218,0.7400306463241577,0.7400306463241577,14400,0.0,0.0
1977-04-26 00:00:00-04:00,0.0,0.7400308086205769,0.7327033281326294,0.7327033281326294,20800,0.0,0.0
1977-04-27 00:00:00-04:00,0.0,0.7473573684692383,0.7327033024208218,0.7473573684692383,20800,0.0,0.0
1977-04-28 00:00:00-04:00,0.0,0.7620115876197815,0.7400309313374447,0.7620115876197815,12800,0.0,0.0
1977-04-29 00:00:00-04:00,0.0,0.7620115876197815,0.7620115876197815,0.7620115876197815,17600,0.0,0.0
1977-05-02 00:00:00-04:00,0.0,0.7839931093890729,0.7620115595043829,0.7766656279563904,19200,0.0,0.0
1977-05-03 00:00:00-04:00,0.0,0.7839928865432739,0.7839928865432739,0.7839928865432739,8000,0.0,0.0
1977-05-04 00:00:00-04:00,0.0,0.7913197256051577,0.7620115876197815,0.7620115876197815,60800,0.0,0.0
1977-05-05 00:00:00-04:00,0.0,0.7766656566124697,0.7620115876197815,0.7620115876197815,17600,0.0,0.0
1977-05-06 00:00:00-04:00,0.7620115876197815,0.7620115876197815,0.7620115876197815,0.7620115876197815,0,0.0,0.0
1977-05-09 00:00:00-04:00,0.0,0.7546848058700562,0.7546848058700562,0.7546848058700562,1600,0.0,0.0
1977-05-10 00:00:00-04:00,0.0,0.7620115876197815,0.7546850003301329,0.7620115876197815,11200,0.0,0.0
1977-05-11 00:00:00-04:00,0.0,0.8059735298156738,0.7766654014587402,0.8059735298156738,38400,0.0,0.0
1977-05-12 00:00:00-04:00,0.0,0.8206276979343812,0.7986470460891724,0.7986470460891724,81600,0.0,0.0
1977-05-13 00:00:00-04:00,0.0,0.7986470460891724,0.7839929800546299,0.7986470460891724,12800,0.0,0.0
1977-05-16 00:00:00-04:00,0.0,0.7839931093890729,0.7766656279563904,0.7766656279563904,4800,0.0,0.0
1977-05-17 00:00:00-04:00,0.0,0.7766656279563904,0.7620115595043829,0.7766656279563904,16000,0.0,0.0
1977-05-18 00:00:00-04:00,0.0,0.7839931093890729,0.7766656279563904,0.7766656279563904,22400,0.0,0.0
1977-05-19 00:00:00-04:00,0.0,0.8352816700935364,0.7839928919434705,0.8352816700935364,41600,0.0,0.0
1977-05-20 00:00:00-04:00,0.0,0.8572631295046449,0.8499356508255005,0.8499356508255005,11200,0.0,0.0
1977-05-23 00:00:00-04:00,0.0,0.8499358123622397,0.8352817466318563,0.8426092267036438,30400,0.0,0.0
1977-05-24 00:00:00-04:00,0.0,0.8206275939941406,0.791319465637207,0.8059735298156738,72000,0.0,0.0
1977-05-25 00:00:00-04:00,0.0,0.8352816581726074,0.8059735298156738,0.8059735298156738,44800,0.0,0.0
1977-05-26 00:00:00-04:00,0.0,0.8059735298156738,0.8059735298156738,0.8059735298156738,8000,0.0,0.0
1977-05-27 00:00:00-04:00,0.0,0.8206275939941406,0.8059735298156738,0.8059735298156738,17600,0.0,0.0
1977-05-31 00:00:00-04:00,0.0,0.8133010268211365,0.7986469623235766,0.8133010268211365,14400,0.0,0.0
1977-06-01 00:00:00-04:00,0.0,0.8206276893615723,0.8059736234801157,0.8206276893615723,11200,0.0,0.0
1977-06-02 00:00:00-04:00,0.0,0.8352816763609183,0.8133010268211365,0.8133010268211365,11200,0.0,0.0
1977-06-03 00:00:00-04:00,0.0,0.8352816700935364,0.8133010207186824,0.8352816700935364,9600,0.0,0.0
1977-06-06 00:00:00-04:00,0.0,0.8792440295219421,0.8499358952045442,0.8792440295219421,41600,0.0,0.0
1977-06-07 00:00:00-04:00,0.0,0.8792440128196842,0.8645899459393562,0.8719174265861511,27200,0.0,0.0
1977-06-08 00:00:00-04:00,0.0,0.8645898780926232,0.8426092267036438,0.8426092267036438,11200,0.0,0.0
1977-06-09 00:00:00-04:00,0.0,0.8426092353903577,0.8206276893615723,0.8206276893615723,19200,0.0,0.0
1977-06-10 00:00:00-04:00,0.8206276893615723,0.8206276893615723,0.8206276893615723,0.8206276893615723,0,0.0,0.0
1977-06-13 00:00:00-04:00,0.0,0.8059736148074821,0.7913195490837097,0.7913195490837097,14400,0.0,0.0
1977-06-14 00:00:00-04:00,0.0,0.8133010091114556,0.7986469449329888,0.8059735298156738,72000,0.0,0.0
1977-06-15 00:00:00-04:00,0.0,0.8352816700935364,0.8206276057059305,0.8352816700935364,32000,0.0,0.0
1977-06-16 00:00:00-04:00,0.0,0.8645896315574646,0.8426089864362006,0.8645896315574646,36800,0.0,0.0
1977-06-17 00:00:00-04:00,0.0,0.8792440295219421,0.8645899623632431,0.8792440295219421,60800,0.0,0.0
1977-06-20 00:00:00-04:00,0.0,0.8938980966806412,0.871917443149232,0.8792440295219421,41600,0.0,0.0
1977-06-21 00:00:00-04:00,0.0,0.8865712127056288,0.8572630882263184,0.8572630882263184,27200,0.0,0.0
1977-06-22 00:00:00-04:00,0.0,0.88657146692276,0.8719174004811708,0.88657146692276,22400,0.0,0.0
1977-06-23 00:00:00-04:00,0.0,0.9012255668640137,0.8792440191779314,0.9012255668640137,48000,0.0,0.0
1977-06-24 00:00:00-04:00,0.0,0.9012255333643491,0.88657146692276,0.88657146692276,11200,0.0,0.0
1977-06-27 00:00:00-04:00,0.0,0.9085519313812256,0.8938978679718509,0.9085519313812256,41600,0.0,0.0
1977-06-28 00:00:00-04:00,0.0,0.9085521365775436,0.8865714837056806,0.893898069858551,33600,0.0,0.0
1977-06-29 00:00:00-04:00,0.0,0.8792440128196842,0.8719174265861511,0.8719174265861511,9600,0.0,0.0
1977-06-30 00:00:00-04:00,0.0,0.8792440295219421,0.8792440295219421,0.8792440295219421,8000,0.0,0.0
1977-07-01 00:00:00-04:00,0.0,0.9085519313812256,0.9012253468830632,0.9085519313812256,147200,0.0,0.0
1977-07-05 00:00:00-04:00,0.0,0.989150075533441,0.9232063197716415,0.9744960069656372,121600,0.0,0.0
1977-07-06 00:00:00-04:00,0.0,1.0184578954260948,0.9818222882116542,0.9964763522148132,78400,0.0,0.0
1977-07-07 00:00:00-04:00,0.0,0.9964761947517965,0.98182213306427,0.98182213306427,56000,0.0,0.0
1977-07-08 00:00:00-04:00,0.0,0.9744955108834333,0.9671680331230164,0.9671680331230164,12800,0.0,0.0
1977-07-11 00:00:00-04:00,0.0,0.974496065178798,0.9451879262924194,0.9451879262924194,19200,0.0,0.0
1977-07-12 00:00:00-04:00,0.0,0.9305336907568239,0.9232062101364136,0.9232062101364136,19200,0.0,0.0
1977-07-13 00:00:00-04:00,0.0,0.9158794102924378,0.9085519313812256,0.9085519313812256,6400,0.0,0.0
1977-07-15 00:00:00-04:00,0.0,0.9525142563506961,0.9158795398514883,0.9378601908683777,46400,0.0,0.0
1977-07-18 00:00:00-04:00,0.0,0.9598418911488037,0.9451878233023587,0.9525144100189209,19200,0.0,0.0
1977-07-19 00:00:00-04:00,0.0,0.9598419957356088,0.9451879262924194,0.9451879262924194,25600,0.0,0.0
1977-07-20 00:00:00-04:00,0.0,0.9744955108834333,0.9598414497755088,0.9671680331230164,49600,0.0,0.0
1977-07-21 00:00:00-04:00,0.0,0.9891501069068909,0.9671685561513012,0.9891501069068909,54400,0.0,0.0
1977-07-22 00:00:00-04:00,0.0,1.0038041759394865,0.9818226251838966,0.9891501069068909,59200,0.0,0.0
1977-07-25 00:00:00-04:00,0.0,0.9891496111145057,0.98182213306427,0.98182213306427,11200,0.0,0.0
1977-07-26 00:00:00-04:00,0.0,1.0038037300109863,0.9818221890204486,1.0038037300109863,27200,0.0,0.0
1977-07-27 00:00:00-04:00,0.0,0.9964763522148132,0.9891497674197768,0.9964763522148132,44800,0.0,0.0
1977-07-28 00:00:00-04:00,0.0,0.9744958459780483,0.9305336475372314,0.9305336475372314,46400,0.0,0.0
1977-07-29 00:00:00-04:00,0.0,0.9085521531505291,0.9012255668640137,0.9012255668640137,24000,0.0,0.0
1977-08-01 00:00:00-04:00,0.0,0.9232060731110483,0.915879487991333,0.915879487991333,6400,0.0,0.0
1977-08-02 00:00:00-04:00,0.0,0.9451879262924194,0.9158797874060409,0.9451879262924194,17600,0.0,0.0
1977-08-03 00:00:00-04:00,0.0,0.952514513807305,0.9232063749209265,0.9451879262924194,44800,0.0,0.0
1977-08-04 00:00:00-04:00,0.0,0.9818220942309408,0.9525139720150918,0.9671680331230164,116800,0.0,0.0
1977-08-05 00:00:00-04:00,0.9671680331230164,0.9671680331230164,0.9671680331230164,0.9671680331230164,0,0.0,0.0
1977-08-08 00:00:00-04:00,0.0,0.9598417362984435,0.9378601908683777,0.9378601908683777,38400,0.0,0.0
1977-08-09 00:00:00-04:00,0.0,0.9451876708161251,0.9378601908683777,0.9378601908683777,40000,0.0,0.0
1977-08-10 00:00:00-04:00,0.0,0.9451877136841704,0.9085521011102146,0.9305336475372314,328000,0.0,0.0
1977-08-11 00:00:00-04:00,0.0,0.9378601908683777,0.9378601908683777,0.9378601908683777,25600,0.0,0.0
1977-08-12 00:00:00-04:00,0.0,0.9525144100189209,0.9378603421724759,0.9525144100189209,12800,0.0,0.0
1977-08-15 00:00:00-04:00,0.0,0.9671684338025118,0.9525143666236858,0.9598418474197388,16000,0.0,0.0
1977-08-16 00:00:00-04:00,0.0,0.9744955108834333,0.9671680331230164,0.9671680331230164,20800,0.0,0.0
1977-08-17 00:00:00-04:00,0.0,0.9818225940428568,0.9744960069656372,0.9744960069656372,25600,0.0,0.0
1977-08-18 00:00:00-04:00,0.0,0.9964761947517965,0.9744955494269792,0.98182213306427,28800,0.0,0.0
1977-08-19 00:00:00-04:00,0.0,0.9744960069656372,0.9744960069656372,0.9744960069656372,43200,0.0,0.0
1977-08-22 00:00:00-04:00,0.0,0.98182213306427,0.9671680713767437,0.98182213306427,6400,0.0,0.0
1977-08-23 00:00:00-04:00,0.0,0.9891501069068909,0.9818226251838966,0.9891501069068909,4800,0.0,0.0
1977-08-24 00:00:00-04:00,0.0,0.9964763522148132,0.9964763522148132,0.9964763522148132,9600,0.0,0.0
1977-08-25 00:00:00-04:00,0.0,0.9964766626106606,0.9744960069656372,0.9744960069656372,19200,0.0,0.0
1977-08-26 00:00:00-04:00,0.0,0.9818225940428568,0.9744960069656372,0.9744960069656372,46400,0.0,0.0
1977-08-29 00:00:00-04:00,0.0,0.9818225940428568,0.9744960069656372,0.9744960069656372,44800,0.0,0.0
1977-08-30 00:00:00-04:00,0.0,0.9964763522148132,0.9818222882116542,0.9964763522148132,28800,0.0,0.0
1977-08-31 00:00:00-04:00,0.0,0.98182213306427,0.98182213306427,0.98182213306427,52800,0.0,0.0
1977-09-01 00:00:00-04:00,0.0,0.9964766942164921,0.9818226251838966,0.9891501069068909,20800,0.0,0.0
1977-09-02 00:00:00-04:00,0.0,0.9891501069068909,0.9891501069068909,0.9891501069068909,8000,0.0,0.0
1977-09-06 00:00:00-04:00,0.0,1.0038037300109863,0.9964762515431419,1.0038037300109863,16000,0.0,0.0
1977-09-07 00:00:00-04:00,0.0,1.0111303140658352,1.0038037300109863,1.0038037300109863,4800,0.0,0.0
1977-09-08 00:00:00-04:00,0.0,1.0038038314229358,0.9964763522148132,0.9964763522148132,100800,0.0,0.0
1977-09-09 00:00:00-04:00,0.0,0.9964766626106606,0.9598419383978334,0.9744960069656372,48000,0.0,0.0
1977-09-12 00:00:00-04:00,0.0,0.9525144100189209,0.9451878233023587,0.9525144100189209,43200,0.0,0.0
1977-09-13 00:00:00-04:00,0.0,0.9451879262924194,0.9451879262924194,0.9451879262924194,8000,0.0,0.0
1977-09-14 00:00:00-04:00,0.0,0.9525144100189209,0.9378603421724759,0.9525144100189209,17600,0.0,0.0
1977-09-15 00:00:00-04:00,0.0,0.9598418474197388,0.9598418474197388,0.9598418474197388,1600,0.0,0.0
1977-09-16 00:00:00-04:00,0.0,0.9451876708161251,0.9232061253860593,0.9378601908683777,20800,0.0,0.0
1977-09-19 00:00:00-04:00,0.0,0.9378601908683777,0.9378601908683777,0.9378601908683777,1600,0.0,0.0
1977-09-20 00:00:00-04:00,0.0,0.952514513807305,0.9305338568492302,0.9451879262924194,16000,0.0,0.0
1977-09-21 00:00:00-04:00,0.0,0.9378600581999748,0.9085519313812256,0.9085519313812256,17600,0.0,0.0
1977-09-22 00:00:00-04:00,0.0,0.893898052936937,0.88657146692276,0.88657146692276,81600,0.0,0.0
1977-09-23 00:00:00-04:00,0.0,0.893898069858551,0.8865714837056806,0.893898069858551,54400,0.0,0.0
1977-09-26 00:00:00-04:00,0.0,0.9085521193785262,0.88657146692276,0.88657146692276,27200,0.0,0.0
1977-09-27 00:00:00-04:00,0.0,0.9012255774666301,0.8792440295219421,0.8792440295219421,51200,0.0,0.0
1977-09-28 00:00:00-04:00,0.0,0.886571510307931,0.8792440295219421,0.8792440295219421,9600,0.0,0.0
1977-09-29 00:00:00-04:00,0.0,0.886571510307931,0.8792440295219421,0.8792440295219421,16000,0.0,0.0
1977-09-30 00:00:00-04:00,0.0,0.88657146692276,0.879243986495348,0.88657146692276,19200,0.0,0.0
1977-10-03 00:00:00-04:00,0.0,0.9012255668640137,0.8865714998777149,0.9012255668640137,22400,0.0,0.0
1977-10-04 00:00:00-04:00,0.0,0.9012255333643491,0.88657146692276,0.88657146692276,17600,0.0,0.0
1977-10-05 00:00:00-04:00,0.0,0.9012255668640137,0.8865714998777149,0.9012255668640137,14400,0.0,0.0
1977-10-06 00:00:00-04:00,0.0,0.9085519313812256,0.9012253468830632,0.9085519313812256,6400,0.0,0.0
1977-10-07 00:00:00-04:00,0.0,0.9598418911488037,0.9158796876094689,0.9525144100189209,60800,0.0,0.0
1977-10-10 00:00:00-04:00,0.0,0.9671680331230164,0.9671680331230164,0.9671680331230164,9600,0.0,0.0
1977-10-11 00:00:00-04:00,0.0,0.9744960069656372,0.9671685254750529,0.9744960069656372,19200,0.0,0.0
1977-10-12 00:00:00-04:00,0.0,0.9598417362984435,0.9378601908683777,0.9378601908683777,30400,0.0,0.0
1977-10-13 00:00:00-04:00,0.0,0.9158794102924378,0.9012253468830632,0.9085519313812256,44800,0.0,0.0
1977-10-14 00:00:00-04:00,0.0,0.893898069858551,0.8865714837056806,0.893898069858551,17600,0.0,0.0
1977-10-17 00:00:00-04:00,0.0,0.893898069858551,0.893898069858551,0.893898069858551,19200,0.0,0.0
1977-10-18 00:00:00-04:00,0.0,0.9012255668640137,0.8938980861642302,0.9012255668640137,25600,0.0,0.0
1977-10-19 00:00:00-04:00,0.0,0.9232062032965364,0.893898069858551,0.893898069858551,28800,0.0,0.0
1977-10-20 00:00:00-04:00,0.0,0.893898069858551,0.8865714837056806,0.893898069858551,30400,0.0,0.0
1977-10-21 00:00:00-04:00,0.0,0.893898069858551,0.893898069858551,0.893898069858551,16000,0.0,0.0
1977-10-24 00:00:00-04:00,0.0,0.9012255774666301,0.8792440295219421,0.8792440295219421,41600,0.0,0.0
1977-10-25 00:00:00-04:00,0.0,0.8792440295219421,0.8792440295219421,0.8792440295219421,14400,0.0,0.0
1977-10-26 00:00:00-04:00,0.0,0.8645898780926232,0.8426092267036438,0.8426092267036438,19200,0.0,0.0
1977-10-27 00:00:00-04:00,0.0,0.8645898780926232,0.8426092267036438,0.8426092267036438,28800,0.0,0.0
1977-10-28 00:00:00-04:00,0.0,0.8792440295219421,0.857263375990533,0.8792440295219421,32000,0.0,0.0
1977-10-31 00:00:00-05:00,0.0,0.8792440295219421,0.8792440295219421,0.8792440295219421,8000,0.0,0.0
1977-11-01 00:00:00-05:00,0.0,0.8645896721396568,0.8572630882263184,0.8572630882263184,11200,0.0,0.0
1977-11-02 00:00:00-05:00,0.0,0.8572632138815001,0.8352816700935364,0.8352816700935364,17600,0.0,0.0
1977-11-03 00:00:00-05:00,0.0,0.8792440295219421,0.8499358952045442,0.8792440295219421,67200,0.0,0.0
1977-11-04 00:00:00-05:00,0.0,0.8938980966806412,0.8792440295219421,0.8792440295219421,35200,0.0,0.0
1977-11-07 00:00:00-05:00,0.0,0.915879487991333,0.8792438791533794,0.915879487991333,113600,0.0,0.0
1977-11-08 00:00:00-05:00,0.0,0.9085519313812256,0.9085519313812256,0.9085519313812256,14400,0.0,0.0
1977-11-09 00:00:00-05:00,0.0,0.9085519313812256,0.9012253468830632,0.9085519313812256,17600,0.0,0.0
1977-11-10 00:00:00-05:00,0.0,0.9598418911488037,0.9158796876094689,0.9525144100189209,44800,0.0,0.0
1977-11-11 00:00:00-05:00,0.0,1.0038041759394865,0.9671685561513012,0.9891501069068909,232000,0.0,0.0
1977-11-14 00:00:00-05:00,0.0,1.0038041759394865,0.9744960378742954,0.9891501069068909,80000,0.0,0.0
1977-11-15 00:00:00-05:00,0.0,1.0550928660801477,0.9744959415723444,1.0257847309112549,187200,0.0,0.0
1977-11-16 00:00:00-05:00,0.0,1.0770742123341945,1.0404386030484551,1.069746732711792,161600,0.0,0.0
1977-11-17 00:00:00-05:00,0.0,1.0697469992770088,1.0477663437588187,1.0550929307937622,38400,0.0,0.0
1977-11-18 00:00:00-05:00,0.0,1.0550929307937622,1.033112275275572,1.0550929307937622,46400,0.0,0.0
1977-11-21 00:00:00-05:00,0.0,1.0404386520385742,1.0404386520385742,1.0404386520385742,12800,0.0,0.0
1977-11-22 00:00:00-05:00,0.0,1.1137088775634765,1.0477660359669243,1.0990548133850098,107200,0.0,0.0
1977-11-23 00:00:00-05:00,0.0,1.1649988409990328,1.1137091563298152,1.143017292022705,451200,0.0,0.0
1977-11-25 00:00:00-05:00,0.0,1.1356906398495994,1.1137090921401978,1.1137090921401978,32000,0.0,0.0
1977-11-28 00:00:00-05:00,0.0,1.113708902049709,1.0770741880046322,1.0844007730484009,48000,0.0,0.0
1977-11-29 00:00:00-05:00,0.0,1.077074480725312,1.0550929307937622,1.0550929307937622,36800,0.0,0.0
1977-11-30 00:00:00-05:00,0.0,1.0624201975276686,1.0404386520385742,1.0404386520385742,38400,0.0,0.0
1977-12-01 00:00:00-05:00,0.0,1.055092914781727,1.0477663278579712,1.0477663278579712,24000,0.0,0.0
1977-12-02 00:00:00-05:00,0.0,1.0477661320059986,1.0257845865169042,1.0404386520385742,54400,0.0,0.0
1977-12-05 00:00:00-05:00,0.0,1.0404386520385742,1.0331120664843285,1.0404386520385742,30400,0.0,0.0
1977-12-06 00:00:00-05:00,0.0,1.0404387984957013,1.0257847309112549,1.0257847309112549,49600,0.0,0.0
1977-12-07 00:00:00-05:00,0.0,1.0331124833520215,1.011130928993225,1.011130928993225,24000,0.0,0.0
1977-12-08 00:00:00-05:00,1.011130928993225,1.011130928993225,1.011130928993225,1.011130928993225,0,0.0,0.0
1977-12-09 00:00:00-05:00,0.0,1.0331122875213623,1.0111307373292586,1.0331122875213623,126400,0.0,0.0
1977-12-12 00:00:00-05:00,0.0,1.0331124833520215,1.011130928993225,1.011130928993225,24000,0.0,0.0
1977-12-13 00:00:00-05:00,0.0,1.011130928993225,1.0038043404826527,1.011130928993225,17600,0.0,0.0
1977-12-14 00:00:00-05:00,0.0,1.0038038314229358,0.9964763522148132,0.9964763522148132,11200,0.0,0.0
1977-12-15 00:00:00-05:00,0.0,1.011130928993225,0.9964768575585407,1.011130928993225,27200,0.0,0.0
1977-12-16 00:00:00-05:00,0.0,1.0111303140658352,1.0038037300109863,1.0038037300109863,6400,0.0,0.0
1977-12-19 00:00:00-05:00,0.0,1.0111304162179722,0.9964763522148132,0.9964763522148132,12800,0.0,0.0
1977-12-20 00:00:00-05:00,0.0,1.0038037300109863,0.9891496674882931,1.0038037300109863,51200,0.0,0.0
1977-12-21 00:00:00-05:00,0.0,1.011130928993225,1.0038043404826527,1.011130928993225,62400,0.0,0.0
1977-12-22 00:00:00-05:00,0.0,1.0477663278579712,1.0111307099991549,1.0477663278579712,123200,0.0,0.0
1977-12-23 00:00:00-05:00,0.0,1.0917284488677979,1.0550928338201806,1.0917284488677979,313600,0.0,0.0
1977-12-27 00:00:00-05:00,0.0,1.0844007550346717,1.0770741701126099,1.0770741701126099,57600,0.0,0.0
1977-12-28 00:00:00-05:00,0.0,1.0770741701126099,1.0624201058553846,1.0770741701126099,24000,0.0,0.0
1977-12-29 00:00:00-05:00,0.0,1.0844007550346717,1.0770741701126099,1.0770741701126099,25600,0.0,0.0
1977-12-30 00:00:00-05:00,0.0,1.099054837549055,1.0770741880046322,1.0844007730484009,28800,0.0,0.0
1978-01-03 00:00:00-05:00,0.0,1.0844008486035843,1.0404386520385742,1.0404386520385742,49600,0.0,0.0
1978-01-04 00:00:00-05:00,0.0,1.0697469992770088,1.0404388623105154,1.0550929307937622,88000,0.0,0.0
1978-01-05 00:00:00-05:00,0.0,1.0550928491417977,1.0184581279754639,1.0184581279754639,108800,0.0,0.0
1978-01-06 00:00:00-05:00,0.0,0.9964761553388654,0.9598414497755088,0.9671680331230164,68800,0.0,0.0
1978-01-09 00:00:00-05:00,0.0,0.9525142563506961,0.9232061253860593,0.9378601908683777,28800,0.0,0.0
1978-01-10 00:00:00-05:00,0.0,0.9451877678229103,0.9012255668640137,0.9012255668640137,75200,0.0,0.0
1978-01-11 00:00:00-05:00,0.0,0.9085521365775436,0.8865714837056806,0.893898069858551,40000,0.0,0.0
1978-01-12 00:00:00-05:00,0.0,0.9012255668640137,0.8792440191779314,0.9012255668640137,24000,0.0,0.0
1978-01-13 00:00:00-05:00,0.0,0.9232062201368278,0.9012255668640137,0.9012255668640137,41600,0.0,0.0
1978-01-16 00:00:00-05:00,0.0,0.9085519313812256,0.9012253468830632,0.9085519313812256,19200,0.0,0.0
1978-01-17 00:00:00-05:00,0.0,0.9378602871231267,0.9012255668640137,0.9012255668640137,236800,0.0,0.0
1978-01-18 00:00:00-05:00,0.0,0.9012255504246733,0.8865714837056806,0.893898069858551,33600,0.0,0.0
1978-01-19 00:00:00-05:00,0.0,0.9232059947906002,0.9012253468830632,0.9085519313812256,80000,0.0,0.0
1978-01-20 00:00:00-05:00,0.0,0.915879487991333,0.908552008458492,0.915879487991333,17600,0.0,0.0
1978-01-23 00:00:00-05:00,0.0,0.9085521531505291,0.9012255668640137,0.9012255668640137,14400,0.0,0.0
1978-01-24 00:00:00-05:00,0.0,0.9378602334040924,0.9085521011102146,0.9305336475372314,129600,0.0,0.0
1978-01-25 00:00:00-05:00,0.0,0.9378601908683777,0.9305336053338067,0.9378601908683777,14400,0.0,0.0
1978-01-26 00:00:00-05:00,0.0,0.9671683218330145,0.9378601908683777,0.9378601908683777,76800,0.0,0.0
1978-01-27 00:00:00-05:00,0.0,0.9671680331230164,0.9525139720150918,0.9671680331230164,17600,0.0,0.0
1978-01-30 00:00:00-05:00,0.0,0.9964763522148132,0.9744957034166177,0.9964763522148132,171200,0.0,0.0
1978-01-31 00:00:00-05:00,0.0,1.0404387984957013,0.9818225281579154,1.0257847309112549,36800,0.0,0.0
1978-02-01 00:00:00-05:00,0.0,1.0257847309112549,1.018458144325684,1.0257847309112549,17600,0.0,0.0
1978-02-02 00:00:00-05:00,0.0,1.0257847144434145,1.0184581279754639,1.0184581279754639,46400,0.0,0.0
1978-02-03 00:00:00-05:00,0.0,1.0111307632490876,0.9818226251838966,0.9891501069068909,33600,0.0,0.0
1978-02-06 00:00:00-05:00,0.0,0.9891501069068909,0.9891501069068909,0.9891501069068909,8000,0.0,0.0
1978-02-07 00:00:00-05:00,0.0,0.9964761947517965,0.98182213306427,0.98182213306427,30400,0.0,0.0
1978-02-08 00:00:00-05:00,0.0,0.9891496111145057,0.98182213306427,0.98182213306427,4800,0.0,0.0
1978-02-09 00:00:00-05:00,0.0,0.9891496111145057,0.98182213306427,0.98182213306427,16000,0.0,0.0
1978-02-10 00:00:00-05:00,0.0,0.9964763522148132,0.9818222882116542,0.9964763522148132,9600,0.0,0.0
1978-02-13 00:00:00-05:00,0.0,1.0184581279754639,0.9891499932770805,1.0184581279754639,43200,0.0,0.0
1978-02-14 00:00:00-05:00,0.0,1.0184584119173372,1.011130928993225,1.011130928993225,35200,0.0,0.0
1978-02-15 00:00:00-05:00,0.0,1.0257847309112549,1.018458144325684,1.0257847309112549,19200,0.0,0.0
1978-02-16 00:00:00-05:00,0.0,1.0331121953246554,1.0184581279754639,1.0184581279754639,267200,0.0,0.0
1978-02-17 00:00:00-05:00,1.0184581279754639,1.0184581279754639,1.0184581279754639,1.0184581279754639,0,0.0,0.0
1978-02-21 00:00:00-05:00,0.0,1.0184581279754639,1.011130647094223,1.0184581279754639,32000,0.0,0.0
1978-02-22 00:00:00-05:00,0.0,1.011130928993225,1.011130928993225,1.011130928993225,4800,0.0,0.0
1978-02-23 00:00:00-05:00,0.0,1.0184581279754639,1.011130647094223,1.0184581279754639,40000,0.0,0.0
1978-02-24 00:00:00-05:00,0.0,1.0404387984957013,1.0257847309112549,1.0257847309112549,59200,0.0,0.0
1978-02-27 00:00:00-05:00,0.0,1.0331122119101304,1.018458144325684,1.0257847309112549,16000,0.0,0.0
1978-02-28 00:00:00-05:00,0.0,1.0184577344895585,0.98182213306427,0.98182213306427,80000,0.0,0.0
1978-03-01 00:00:00-05:00,0.0,0.9891501069068909,0.9818226251838966,0.9891501069068909,22400,0.0,0.0
1978-03-02 00:00:00-05:00,0.0,1.0257847144434145,0.9818225123958396,1.0184581279754639,38400,0.0,0.0
1978-03-03 00:00:00-05:00,0.0,1.0331122119101304,1.018458144325684,1.0257847309112549,17600,0.0,0.0
1978-03-06 00:00:00-05:00,0.0,1.0184581279754639,1.011130647094223,1.0184581279754639,28800,0.0,0.0
1978-03-07 00:00:00-05:00,0.0,1.0257847309112549,1.0257847309112549,1.0257847309112549,16000,0.0,0.0
1978-03-08 00:00:00-05:00,0.0,1.04043887464315,1.0331122875213623,1.0331122875213623,62400,0.0,0.0
1978-03-09 00:00:00-05:00,0.0,1.0477661320059986,1.0404386520385742,1.0404386520385742,32000,0.0,0.0
1978-03-10 00:00:00-05:00,0.0,1.0477663278579712,1.0404388465208696,1.0477663278579712,28800,0.0,0.0
1978-03-13 00:00:00-05:00,0.0,1.047766262673847,1.0184581279754639,1.0184581279754639,89600,0.0,0.0
1978-03-14 00:00:00-05:00,0.0,1.0184577925336797,0.9964762515431419,1.0038037300109863,52800,0.0,0.0
1978-03-15 00:00:00-05:00,0.0,1.0111307632490876,0.9891501069068909,0.9891501069068909,48000,0.0,0.0
1978-03-16 00:00:00-05:00,0.0,1.0257847309112549,1.0038040767412375,1.0257847309112549,70400,0.0,0.0
1978-03-17 00:00:00-05:00,0.0,1.1283630205922834,1.0477661091851285,1.1063823699951172,408000,0.0,0.0
1978-03-20 00:00:00-05:00,0.0,1.1649988133150733,1.1283631973628756,1.157671332359314,104000,0.0,0.0
1978-03-21 00:00:00-05:00,0.0,1.1869794398546218,1.1430172383785249,1.1723253726959229,227200,0.0,0.0
1978-03-22 00:00:00-05:00,0.0,1.172325427715595,1.143017292022705,1.143017292022705,353600,0.0,0.0
1978-03-23 00:00:00-05:00,0.0,1.143017292022705,1.12836322417626,1.143017292022705,36800,0.0,0.0
1978-03-27 00:00:00-05:00,0.0,1.1649985313415527,1.150344467390169,1.1649985313415527,36800,0.0,0.0
1978-03-28 00:00:00-05:00,0.0,1.2016334533691406,1.1430171873511337,1.2016334533691406,169600,0.0,0.0
1978-03-29 00:00:00-05:00,0.0,1.2236149567525445,1.2089608907699585,1.2089608907699585,121600,0.0,0.0
1978-03-30 00:00:00-05:00,0.0,1.2236148118972778,1.2016332683190376,1.2236148118972778,163200,0.0,0.0
1978-03-31 00:00:00-05:00,0.0,1.2162871384627871,1.1869790146444066,1.194306492805481,84800,0.0,0.0
1978-04-03 00:00:00-05:00,0.0,1.1943069206406107,1.1723253726959229,1.1723253726959229,46400,0.0,0.0
1978-04-04 00:00:00-05:00,0.0,1.1649985313415527,1.1576710521593194,1.1649985313415527,64000,0.0,0.0
1978-04-05 00:00:00-05:00,0.0,1.186979055404663,1.1576709305798565,1.186979055404663,72000,0.0,0.0
1978-04-06 00:00:00-05:00,0.0,1.2016331178170663,1.186979055404663,1.186979055404663,104000,0.0,0.0
1978-04-07 00:00:00-05:00,0.0,1.186979055404663,1.17232499299226,1.186979055404663,84800,0.0,0.0
1978-04-10 00:00:00-05:00,0.0,1.1943069206406107,1.1649987863232127,1.1723253726959229,70400,0.0,0.0
1978-04-11 00:00:00-05:00,0.0,1.1723253726959229,1.1649987863232127,1.1723253726959229,14400,0.0,0.0
1978-04-12 00:00:00-05:00,0.0,1.186979055404663,1.1649984089925527,1.186979055404663,126400,0.0,0.0
1978-04-13 00:00:00-05:00,0.0,1.186979055404663,1.17232499299226,1.186979055404663,91200,0.0,0.0
1978-04-14 00:00:00-05:00,0.0,1.1943069483115116,1.157671332359314,1.157671332359314,52800,0.0,0.0
1978-04-17 00:00:00-05:00,0.0,1.2016334533691406,1.1576712538556355,1.2016334533691406,257600,0.0,0.0
1978-04-18 00:00:00-05:00,0.0,1.2162875198736423,1.2016334533691406,1.2016334533691406,52800,0.0,0.0
1978-04-19 00:00:00-05:00,0.0,1.2236150003325126,1.194306867323509,1.2016334533691406,184000,0.0,0.0
1978-04-20 00:00:00-05:00,0.0,1.208960933828011,1.194306867323509,1.2016334533691406,188800,0.0,0.0
1978-04-21 00:00:00-05:00,0.0,1.2749038005984108,1.208960947774083,1.2602497339248657,235200,0.0,0.0
1978-04-24 00:00:00-05:00,0.0,1.2675770768625128,1.2382689466970576,1.2529230117797852,51200,0.0,0.0
1978-04-25 00:00:00-05:00,0.0,1.2968848943710327,1.2675767712712687,1.2968848943710327,174400,0.0,0.0
1978-04-26 00:00:00-05:00,0.0,1.3261935495880939,1.289557933807373,1.289557933807373,153600,0.0,0.0
1978-04-27 00:00:00-05:00,0.0,1.311538955920915,1.2675767712712687,1.2968848943710327,148800,0.0,0.0
1978-04-28 00:00:00-05:00,0.0,1.3701552814484697,1.2895574910512713,1.32619309425354,220800,0.0,0.0
1978-05-01 00:00:00-04:00,0.0,1.4067902638946166,1.3335199376501052,1.3848096132278442,118400,0.0,0.0
1978-05-02 00:00:00-04:00,0.0,1.4580800533294678,1.3994637877566898,1.4580800533294678,145600,0.0,0.0
1978-05-03 00:00:00-04:00,0.0,1.4654064915843845,1.414117711585502,1.421444296836853,225600,0.0,0.0
1978-05-04 00:00:00-04:00,0.0,1.421444424921589,1.377482226212674,1.3994637727737427,89600,0.0,0.0
1978-05-05 00:00:00-04:00,0.0,1.4067903757095337,1.3921363092958927,1.4067903757095337,91200,0.0,0.0
1978-05-08 00:00:00-04:00,0.0,1.4214445904681556,1.3921364545822144,1.3921364545822144,116800,0.0,0.0
1978-05-09 00:00:00-04:00,0.0,1.4067903757095337,1.3921363092958927,1.4067903757095337,115200,0.0,0.0
1978-05-10 00:00:00-04:00,0.0,1.4067903757095337,1.3921363092958927,1.4067903757095337,140800,0.0,0.0
1978-05-11 00:00:00-04:00,0.0,1.4067902103547127,1.348173951589933,1.362828016281128,1980800,0.0,0.0
1978-05-12 00:00:00-04:00,0.0,1.3994637727737427,1.3701556403011326,1.3994637727737427,201600,0.0,0.0
1978-05-15 00:00:00-04:00,0.0,1.4141178561229708,1.3994637897093298,1.4067903757095337,112000,0.0,0.0
1978-05-16 00:00:00-04:00,0.0,1.5240225272603556,1.4507522134497615,1.480060338973999,1433600,0.0,0.0
1978-05-17 00:00:00-04:00,0.0,1.4947141207535104,1.4580794179414631,1.4873875379562378,552000,0.0,0.0
1978-05-18 00:00:00-04:00,0.0,1.589966483098485,1.5386768089276608,1.567984938621521,1550400,0.0,0.0
1978-05-19 00:00:00-04:00,0.0,1.5679849208194439,1.5386767914583328,1.56065833568573,176000,0.0,0.0
1978-05-22 00:00:00-04:00,0.0,1.5826392005702667,1.5313504144250771,1.575312614440918,532800,0.0,0.0
1978-05-23 00:00:00-04:00,0.0,1.6192748144567586,1.56798513389832,1.575312614440918,148800,0.0,0.0
1978-05-24 00:00:00-04:00,0.0,1.5460047259352905,1.5020425189572262,1.524023175239563,564800,0.0,0.0
1978-05-25 00:00:00-04:00,0.0,1.5093688384990325,1.4507525729262545,1.4580800533294678,104000,0.0,0.0
1978-05-26 00:00:00-04:00,0.0,1.4654066562652588,1.4507525897026061,1.4654066562652588,147200,0.0,0.0
1978-05-30 00:00:00-04:00,0.0,1.5020418803236826,1.4654062762118802,1.480060338973999,267200,0.0,0.0
1978-05-31 00:00:00-04:00,0.0,1.5020422171692902,1.4727340850724573,1.4947147369384766,80000,0.0,0.0
1978-06-01 00:00:00-04:00,0.0,1.5020422171692902,1.4873881511208737,1.4947147369384766,38400,0.0,0.0
1978-06-02 00:00:00-04:00,0.0,1.509368658065796,1.4873880083102353,1.509368658065796,73600,0.0,0.0
1978-06-05 00:00:00-04:00,0.0,1.509368658065796,1.5020420729516508,1.509368658065796,163200,0.0,0.0
1978-06-06 00:00:00-04:00,0.0,1.5386769864855083,1.509368853409594,1.5166963338851929,430400,0.0,0.0
1978-06-07 00:00:00-04:00,0.0,1.5313506569426025,1.5020425189572262,1.524023175239563,67200,0.0,0.0
1978-06-08 00:00:00-04:00,0.0,1.546004056930542,1.5240225157469212,1.546004056930542,72000,0.0,0.0
1978-06-09 00:00:00-04:00,0.0,1.6339287494377734,1.5460043564925976,1.5972931385040283,233600,0.0,0.0
1978-06-12 00:00:00-04:00,0.0,1.6119475297208101,1.5533312559127808,1.5533312559127808,92800,0.0,0.0
1978-06-13 00:00:00-04:00,0.0,1.567985324364788,1.5240231190087659,1.5533312559127808,94400,0.0,0.0
1978-06-14 00:00:00-04:00,0.0,1.5972932429540725,1.5386769771575928,1.5386769771575928,78400,0.0,0.0
1978-06-15 00:00:00-04:00,0.0,1.5166961375930663,1.4947145934243804,1.509368658065796,49600,0.0,0.0
1978-06-16 00:00:00-04:00,0.0,1.5093684644982366,1.480060338973999,1.480060338973999,25600,0.0,0.0
1978-06-19 00:00:00-04:00,0.0,1.4580799592310514,1.421444348405759,1.4434258937835693,139200,0.0,0.0
1978-06-20 00:00:00-04:00,0.0,1.4360983437933748,1.4067902143282038,1.414117693901062,76800,0.0,0.0
1978-06-21 00:00:00-04:00,0.0,1.4287716540726727,1.3481738567352295,1.3481738567352295,195200,0.0,0.0
1978-06-22 00:00:00-04:00,0.0,1.3921364545822144,1.3481742507533023,1.3921364545822144,118400,0.0,0.0
1978-06-23 00:00:00-04:00,0.0,1.4580799592310514,1.406790282958277,1.4434258937835693,177600,0.0,0.0
1978-06-26 00:00:00-04:00,0.0,1.4434258742234534,1.3848096132278442,1.3848096132278442,78400,0.0,0.0
1978-06-27 00:00:00-04:00,0.0,1.3921364545822144,1.3481742507533023,1.3921364545822144,81600,0.0,0.0
1978-06-28 00:00:00-04:00,0.0,1.3921364545822144,1.3774823866392436,1.3921364545822144,28800,0.0,0.0
1978-06-29 00:00:00-04:00,0.0,1.4067903586852841,1.392136292448979,1.3994637727737427,33600,0.0,0.0
1978-06-30 00:00:00-04:00,0.0,1.4067903586852841,1.3994637727737427,1.3994637727737427,60800,0.0,0.0
1978-07-03 00:00:00-04:00,0.0,1.42877197265625,1.4067904250580852,1.42877197265625,24000,0.0,0.0
1978-07-05 00:00:00-04:00,0.0,1.4360985085368156,1.4067903757095337,1.4067903757095337,25600,0.0,0.0
1978-07-06 00:00:00-04:00,0.0,1.4214445904681556,1.3921364545822144,1.3921364545822144,49600,0.0,0.0
1978-07-07 00:00:00-04:00,0.0,1.42877197265625,1.4067904250580852,1.42877197265625,150400,0.0,0.0
1978-07-10 00:00:00-04:00,0.0,1.4360985589134618,1.4067904250580852,1.42877197265625,38400,0.0,0.0
1978-07-11 00:00:00-04:00,0.0,1.4507526426899189,1.436098575592041,1.436098575592041,195200,0.0,0.0
1978-07-12 00:00:00-04:00,0.0,1.4580798569262734,1.4360983130907772,1.4507523775100708,318400,0.0,0.0
1978-07-13 00:00:00-04:00,0.0,1.4507524793007232,1.4287718283360873,1.4434258937835693,251200,0.0,0.0
1978-07-14 00:00:00-04:00,0.0,1.4580798569262734,1.4360983130907772,1.4507523775100708,52800,0.0,0.0
1978-07-17 00:00:00-04:00,0.0,1.4800607057126434,1.4580800533294678,1.4580800533294678,256000,0.0,0.0
1978-07-18 00:00:00-04:00,0.0,1.4580801234454954,1.4287719892497395,1.436098575592041,172800,0.0,0.0
1978-07-19 00:00:00-04:00,0.0,1.4580801065116267,1.42877197265625,1.42877197265625,43200,0.0,0.0
1978-07-20 00:00:00-04:00,0.0,1.4507524793007232,1.436098413853241,1.4434258937835693,48000,0.0,0.0
1978-07-21 00:00:00-04:00,0.0,1.4580800533294678,1.4287719205430787,1.4580800533294678,64000,0.0,0.0
1978-07-24 00:00:00-04:00,0.0,1.4654066562652588,1.4360985231399537,1.4654066562652588,136000,0.0,0.0
1978-07-25 00:00:00-04:00,0.0,1.4947141207535104,1.4654060007387357,1.4873875379562378,216000,0.0,0.0
1978-07-26 00:00:00-04:00,0.0,1.5826393928167954,1.4947149821047512,1.5533312559127808,460800,0.0,0.0
1978-07-27 00:00:00-04:00,0.0,1.6266011055094107,1.57531232866836,1.6046204566955566,259200,0.0,0.0
1978-07-28 00:00:00-04:00,0.0,1.6046204566955566,1.57531232866836,1.6046204566955566,155200,0.0,0.0
1978-07-31 00:00:00-04:00,0.0,1.6119470414958124,1.597292977482214,1.6046204566955566,110400,0.0,0.0
1978-08-01 00:00:00-04:00,0.0,1.6412552442222217,1.5533308561388883,1.56065833568573,116800,0.0,0.0
1978-08-02 00:00:00-04:00,0.0,1.5753124182515548,1.5533308737745908,1.567984938621521,156800,0.0,0.0
1978-08-03 00:00:00-04:00,0.0,1.6046206439596735,1.567985032443647,1.5826390981674194,129600,0.0,0.0
1978-08-04 00:00:00-04:00,0.0,1.5753125730834818,1.5313503742218018,1.5313503742218018,86400,0.0,0.0
1978-08-07 00:00:00-04:00,0.0,1.56065833568573,1.5313502063246187,1.56065833568573,158400,0.0,0.0
1978-08-08 00:00:00-04:00,0.0,1.5606581195819549,1.546004056930542,1.546004056930542,32000,0.0,0.0
1978-08-09 00:00:00-04:00,0.0,1.5679850927332557,1.5313503742218018,1.5313503742218018,220800,0.0,0.0
1978-08-10 00:00:00-04:00,0.0,1.5533313132249393,1.5166965879499144,1.524023175239563,198400,0.0,0.0
1978-08-11 00:00:00-04:00,0.0,1.516696360342164,1.4947148129451657,1.502042293548584,84800,0.0,0.0
1978-08-14 00:00:00-04:00,0.0,1.509368802986893,1.4873881511208737,1.4947147369384766,65600,0.0,0.0
1978-08-15 00:00:00-04:00,0.0,1.4947141207535104,1.480060060746123,1.4873875379562378,19200,0.0,0.0
1978-08-16 00:00:00-04:00,0.0,1.524023175239563,1.4947150372541869,1.524023175239563,168000,0.0,0.0
1978-08-17 00:00:00-04:00,0.0,1.5753124003662855,1.5460042710051742,1.56065833568573,252800,0.0,0.0
1978-08-18 00:00:00-04:00,0.0,1.5606587373454632,1.546004668893456,1.5533312559127808,260800,0.0,0.0
1978-08-21 00:00:00-04:00,0.0,1.5606585334990646,1.5166963338851929,1.5166963338851929,76800,0.0,0.0
1978-08-22 00:00:00-04:00,0.0,1.5460044575887704,1.5020422582414106,1.5386769771575928,104000,0.0,0.0
1978-08-23 00:00:00-04:00,0.0,1.5753124182515548,1.5386768089276608,1.567984938621521,52800,0.0,0.0
1978-08-24 00:00:00-04:00,0.0,1.5753124003662855,1.5533308561388883,1.56065833568573,123200,0.0,0.0
1978-08-25 00:00:00-04:00,0.0,1.6852177930089225,1.560658664210573,1.6559096574783325,347200,0.0,0.0
1978-08-28 00:00:00-04:00,0.0,1.7145255333498906,1.655909275799467,1.6705633401870728,168000,0.0,0.0
1978-08-29 00:00:00-04:00,0.0,1.6632371782131063,1.597293424490764,1.6192749738693237,72000,0.0,0.0
1978-08-30 00:00:00-04:00,0.0,1.6632371499368612,1.6266015330665395,1.6339290142059326,70400,0.0,0.0
1978-08-31 00:00:00-04:00,0.0,1.6119471331623112,1.567984938621521,1.567984938621521,102400,0.0,0.0
1978-09-01 00:00:00-04:00,0.0,1.5826390981674194,1.567985032443647,1.5826390981674194,30400,0.0,0.0
1978-09-05 00:00:00-04:00,0.0,1.582639003468451,1.5606583534046248,1.567984938621521,30400,0.0,0.0
1978-09-06 00:00:00-04:00,0.0,1.6632371385676379,1.5826393186518577,1.6559096574783325,214400,0.0,0.0
1978-09-07 00:00:00-04:00,0.0,1.6778910684555033,1.641255454846068,1.648582935333252,121600,0.0,0.0
1978-09-08 00:00:00-04:00,0.0,1.6852174997329712,1.641255304087763,1.6852174997329712,44800,0.0,0.0
1978-09-11 00:00:00-04:00,0.0,1.7365074037924972,1.6778911352157593,1.6778911352157593,155200,0.0,0.0
1978-09-12 00:00:00-04:00,0.0,1.7291792631149292,1.6925445564418438,1.7291792631149292,158400,0.0,0.0
1978-09-13 00:00:00-04:00,0.0,1.787796098644994,1.7291798331156498,1.7438338994979858,241600,0.0,0.0
1978-09-14 00:00:00-04:00,0.0,1.736506762584516,1.7071986391182201,1.7145252227783203,92800,0.0,0.0
1978-09-15 00:00:00-04:00,0.0,1.6998712829005167,1.6632365731479597,1.69254469871521,89600,0.0,0.0
1978-09-18 00:00:00-04:00,0.0,1.699871901292923,1.6192749738693237,1.6192749738693237,76800,0.0,0.0
1978-09-19 00:00:00-04:00,0.0,1.6192746839469108,1.5972931385040283,1.5972931385040283,24000,0.0,0.0
1978-09-20 00:00:00-04:00,0.0,1.5899666569361302,1.5313503911396504,1.5386769771575928,129600,0.0,0.0
1978-09-21 00:00:00-04:00,0.0,1.524023175239563,1.5020425189572262,1.524023175239563,57600,0.0,0.0
1978-09-22 00:00:00-04:00,0.0,1.5386769864855083,1.5166963338851929,1.5166963338851929,28800,0.0,0.0
1978-09-25 00:00:00-04:00,0.0,1.567984938621521,1.5166961588638344,1.567984938621521,67200,0.0,0.0
1978-09-26 00:00:00-04:00,0.0,1.5679850927332557,1.5093688275843489,1.5313503742218018,78400,0.0,0.0
1978-09-27 00:00:00-04:00,0.0,1.538677013325906,1.502042293548584,1.502042293548584,49600,0.0,0.0
1978-09-28 00:00:00-04:00,0.0,1.5166963338851929,1.4947147868716366,1.5166963338851929,78400,0.0,0.0
1978-09-29 00:00:00-04:00,0.0,1.5313503742218018,1.5093688275843489,1.5313503742218018,59200,0.0,0.0
1978-10-02 00:00:00-04:00,0.0,1.524023175239563,1.5166965879499144,1.524023175239563,19200,0.0,0.0
1978-10-03 00:00:00-04:00,0.0,1.5093688797387457,1.502042293548584,1.502042293548584,4800,0.0,0.0
1978-10-04 00:00:00-04:00,0.0,1.5093688797387457,1.4947148129451657,1.502042293548584,24000,0.0,0.0
1978-10-05 00:00:00-04:00,0.0,1.56065833568573,1.5093686620972218,1.56065833568573,70400,0.0,0.0
1978-10-06 00:00:00-04:00,0.0,1.582638766352572,1.546004056930542,1.546004056930542,99200,0.0,0.0
1978-10-09 00:00:00-04:00,0.0,1.5679847037011594,1.546004056930542,1.546004056930542,24000,0.0,0.0
1978-10-10 00:00:00-04:00,0.0,1.5679849208194439,1.5533308561388883,1.56065833568573,49600,0.0,0.0
1978-10-11 00:00:00-04:00,0.0,1.5606587373454632,1.546004668893456,1.5533312559127808,116800,0.0,0.0
1978-10-12 00:00:00-04:00,0.0,1.5826390981674194,1.5386769009961023,1.5826390981674194,225600,0.0,0.0
1978-10-13 00:00:00-04:00,0.0,1.6412556288345466,1.5899668376401355,1.6192749738693237,129600,0.0,0.0
1978-10-16 00:00:00-04:00,0.0,1.6119468916553974,1.5313499942791293,1.546004056930542,49600,0.0,0.0
1978-10-17 00:00:00-04:00,0.0,1.538676570421188,1.4360981323931088,1.472733736038208,59200,0.0,0.0
1978-10-18 00:00:00-04:00,0.0,1.4800607057126434,1.4507525729262545,1.4580800533294678,20800,0.0,0.0
1978-10-19 00:00:00-04:00,0.0,1.4507524085259602,1.414117693901062,1.414117693901062,54400,0.0,0.0
1978-10-20 00:00:00-04:00,0.0,1.4067905031401535,1.238269171324813,1.2749038934707642,164800,0.0,0.0
1978-10-23 00:00:00-04:00,0.0,1.260249568755368,1.1503445303146635,1.21628737449646,259200,0.0,0.0
1978-10-24 00:00:00-04:00,0.0,1.2675772144682629,1.2236150144476279,1.2602497339248657,78400,0.0,0.0
1978-10-25 00:00:00-04:00,0.0,1.3042120933532715,1.260249887959341,1.3042120933532715,64000,0.0,0.0
1978-10-26 00:00:00-04:00,0.0,1.3408477117215594,1.296885506327629,1.3042120933532715,155200,0.0,0.0
1978-10-27 00:00:00-04:00,0.0,1.2749039026407094,1.143017292022705,1.143017292022705,140800,0.0,0.0
1978-10-30 00:00:00-05:00,0.0,1.1137090921401978,0.9598418358274629,1.1137090921401978,275200,0.0,0.0
1978-10-31 00:00:00-05:00,0.0,1.1943067309875415,1.0624201475025261,1.069746732711792,251200,0.0,0.0
1978-11-01 00:00:00-05:00,0.0,1.2016334533691406,1.0770743352874954,1.2016334533691406,302400,0.0,0.0
1978-11-02 00:00:00-05:00,0.0,1.2089610158097308,1.135690678318635,1.157671332359314,211200,0.0,0.0
1978-11-03 00:00:00-05:00,0.0,1.1796526908874512,1.1283630156947484,1.1796526908874512,72000,0.0,0.0
1978-11-06 00:00:00-05:00,0.0,1.2016333413892126,1.1796526908874512,1.1796526908874512,48000,0.0,0.0
1978-11-07 00:00:00-05:00,0.0,1.164998784549755,1.0844009680929634,1.0917284488677979,318400,0.0,0.0
1978-11-08 00:00:00-05:00,0.0,1.091728503945971,1.0257847512986802,1.06242036819458,78400,0.0,0.0
1978-11-09 00:00:00-05:00,0.0,1.0624204122420653,1.0404388623105154,1.0550929307937622,142400,0.0,0.0
1978-11-10 00:00:00-05:00,0.0,1.0624199801017595,1.0038037300109863,1.0038037300109863,180800,0.0,0.0
1978-11-13 00:00:00-05:00,0.0,1.0184576942072068,0.9451873886675843,0.9671680331230164,142400,0.0,0.0
1978-11-14 00:00:00-05:00,0.0,0.9818223873153329,0.9378601908683777,0.9378601908683777,118400,0.0,0.0
1978-11-15 00:00:00-05:00,0.0,0.9964765681601637,0.9451877802409129,0.9598418474197388,118400,0.0,0.0
1978-11-16 00:00:00-05:00,0.0,0.98182213306427,0.9525140096892172,0.98182213306427,40000,0.0,0.0
1978-11-17 00:00:00-05:00,0.0,1.0111307632490876,0.9671685561513012,0.9891501069068909,72000,0.0,0.0
1978-11-20 00:00:00-05:00,0.0,1.0257843765885284,1.0038037300109863,1.0038037300109863,144000,0.0,0.0
1978-11-21 00:00:00-05:00,0.0,1.0184582449720818,0.9818226251838966,0.9891501069068909,478400,0.0,0.0
1978-11-22 00:00:00-05:00,0.0,1.0038037300109863,0.9671681264977553,1.0038037300109863,142400,0.0,0.0
1978-11-24 00:00:00-05:00,0.0,1.0550929307937622,1.0038041383090786,1.0550929307937622,212800,0.0,0.0
1978-11-27 00:00:00-05:00,0.0,1.0550927175602443,1.0111305209952341,1.0404386520385742,107200,0.0,0.0
1978-11-28 00:00:00-05:00,0.0,1.047766262673847,1.0184581279754639,1.0184581279754639,121600,0.0,0.0
1978-11-29 00:00:00-05:00,0.0,1.047766279494577,1.0111306633268085,1.0257847309112549,121600,0.0,0.0
1978-11-30 00:00:00-05:00,0.0,1.0404386520385742,1.0111305209952341,1.0404386520385742,72000,0.0,0.0
1978-12-01 00:00:00-05:00,0.0,1.1283630205922834,1.077074239590123,1.1063823699951172,150400,0.0,0.0
1978-12-04 00:00:00-05:00,0.0,1.1283631155522702,1.0697468498092952,1.1210365295410156,161600,0.0,0.0
1978-12-05 00:00:00-05:00,0.0,1.1356905698776245,1.1137090235225462,1.1356905698776245,75200,0.0,0.0
1978-12-06 00:00:00-05:00,0.0,1.1943068617197345,1.1210365295410156,1.1210365295410156,254400,0.0,0.0
1978-12-07 00:00:00-05:00,0.0,1.1869794673557523,1.135690678318635,1.157671332359314,150400,0.0,0.0
1978-12-08 00:00:00-05:00,0.0,1.1649988409990328,1.135690705306143,1.143017292022705,54400,0.0,0.0
1978-12-11 00:00:00-05:00,0.0,1.1356906398495994,1.10638250584591,1.1137090921401978,102400,0.0,0.0
1978-12-12 00:00:00-05:00,0.0,1.1137089796469244,1.0404386520385742,1.0404386520385742,233600,0.0,0.0
1978-12-13 00:00:00-05:00,0.0,1.0257850004279094,1.011130928993225,1.011130928993225,148800,0.0,0.0
1978-12-14 00:00:00-05:00,0.0,1.0111304162179722,0.9891497674197768,0.9964763522148132,246400,0.0,0.0
1978-12-15 00:00:00-05:00,0.0,1.0111307632490876,0.9891501069068909,0.9891501069068909,41600,0.0,0.0
1978-12-18 00:00:00-05:00,0.0,0.952514202416161,0.9012254233387768,0.915879487991333,144000,0.0,0.0
1978-12-19 00:00:00-05:00,0.0,0.9378601908683777,0.9085520599037409,0.9378601908683777,121600,0.0,0.0
1978-12-20 00:00:00-05:00,0.0,0.9378601908683777,0.9305336053338067,0.9378601908683777,60800,0.0,0.0
1978-12-21 00:00:00-05:00,0.0,0.9744959145985648,0.908552165087208,0.9598418474197388,316800,0.0,0.0
1978-12-22 00:00:00-05:00,0.0,1.0331122119101304,0.9671684605734688,1.0257847309112549,124800,0.0,0.0
1978-12-26 00:00:00-05:00,0.0,1.04043887464315,1.0111307373292586,1.0331122875213623,76800,0.0,0.0
1978-12-27 00:00:00-05:00,0.0,1.0257844802211313,0.9671682242084951,0.9964763522148132,147200,0.0,0.0
1978-12-28 00:00:00-05:00,0.0,0.9818225940428568,0.9525144569072491,0.9744960069656372,251200,0.0,0.0
1978-12-29 00:00:00-05:00,0.0,0.9964761553388654,0.9598414497755088,0.9671680331230164,350400,0.0,0.0
1979-01-02 00:00:00-05:00,0.0,1.0038037300109863,0.9671681264977553,1.0038037300109863,52800,0.0,0.0
1979-01-03 00:00:00-05:00,0.0,1.055092914781727,1.0111307099991549,1.0477663278579712,164800,0.0,0.0
1979-01-04 00:00:00-05:00,0.0,1.1283631695021377,1.0550928338201806,1.0917284488677979,123200,0.0,0.0
1979-01-05 00:00:00-05:00,0.0,1.0844007550346717,1.0697466907774464,1.0770741701126099,132800,0.0,0.0
1979-01-08 00:00:00-05:00,0.0,1.1063825160041891,1.0404387666837893,1.0917284488677979,192000,0.0,0.0
1979-01-09 00:00:00-05:00,0.0,1.1137088775634765,1.077074164323858,1.0990548133850098,198400,0.0,0.0
1979-01-10 00:00:00-05:00,0.0,1.1063825160041891,1.0844009680929634,1.0917284488677979,113600,0.0,0.0
1979-01-11 00:00:00-05:00,0.0,1.1137088775634765,1.0990548133850098,1.0990548133850098,51200,0.0,0.0
1979-01-12 00:00:00-05:00,0.0,1.1503444913987364,1.0770741701126099,1.0770741701126099,376000,0.0,0.0
1979-01-15 00:00:00-05:00,0.0,0.9378600581999748,0.8499356777437271,0.9085519313812256,492800,0.0,0.0
1979-01-16 00:00:00-05:00,0.0,0.9598417798311093,0.9085521011102146,0.9305336475372314,731200,0.0,0.0
1979-01-17 00:00:00-05:00,0.0,0.9305336475372314,0.9158795813902925,0.9305336475372314,334400,0.0,0.0
1979-01-18 00:00:00-05:00,0.0,0.9378602769639757,0.9232062101364136,0.9232062101364136,129600,0.0,0.0
1979-01-19 00:00:00-05:00,0.0,0.9525144100189209,0.9378603421724759,0.9525144100189209,180800,0.0,0.0
1979-01-22 00:00:00-05:00,0.0,0.952514513807305,0.9378604443641158,0.9451879262924194,86400,0.0,0.0
1979-01-23 00:00:00-05:00,0.0,0.9525142563506961,0.9378601908683777,0.9378601908683777,283200,0.0,0.0
1979-01-24 00:00:00-05:00,0.0,0.9378601377636047,0.915879487991333,0.915879487991333,86400,0.0,0.0
1979-01-25 00:00:00-05:00,0.0,0.9451879262924194,0.9158797874060409,0.9451879262924194,217600,0.0,0.0
1979-01-26 00:00:00-05:00,0.0,0.9671684778653659,0.9525144100189209,0.9525144100189209,142400,0.0,0.0
1979-01-29 00:00:00-05:00,0.0,0.9671684338025118,0.9598418474197388,0.9598418474197388,91200,0.0,0.0
1979-01-30 00:00:00-05:00,0.0,0.9891495719913578,0.9671680331230164,0.9671680331230164,89600,0.0,0.0
1979-01-31 00:00:00-05:00,0.0,0.9818220942309408,0.9598414497755088,0.9671680331230164,75200,0.0,0.0
1979-02-01 00:00:00-05:00,0.0,0.9671683218330145,0.9378601908683777,0.9378601908683777,92800,0.0,0.0
1979-02-02 00:00:00-05:00,0.0,0.9598418474197388,0.9451877802409129,0.9598418474197388,67200,0.0,0.0
1979-02-05 00:00:00-05:00,0.0,0.959841681949002,0.915879487991333,0.915879487991333,131200,0.0,0.0
1979-02-06 00:00:00-05:00,0.0,0.9598419957356088,0.9232063749209265,0.9451879262924194,248000,0.0,0.0
1979-02-07 00:00:00-05:00,0.0,0.945187757584386,0.9158796239292617,0.9232062101364136,84800,0.0,0.0
1979-02-08 00:00:00-05:00,0.0,0.952514513807305,0.9232063749209265,0.9451879262924194,531200,0.0,0.0
1979-02-09 00:00:00-05:00,0.0,0.9451877136841704,0.9305336475372314,0.9305336475372314,48000,0.0,0.0
1979-02-12 00:00:00-05:00,0.0,0.9305336907568239,0.9232062101364136,0.9232062101364136,35200,0.0,0.0
1979-02-13 00:00:00-05:00,0.0,0.9305334737018124,0.9085519313812256,0.9085519313812256,64000,0.0,0.0
1979-02-14 00:00:00-05:00,0.0,0.9232059947906002,0.9085519313812256,0.9085519313812256,96000,0.0,0.0
1979-02-15 00:00:00-05:00,0.0,0.9305336475372314,0.9085521011102146,0.9305336475372314,48000,0.0,0.0
1979-02-16 00:00:00-05:00,0.0,0.9598418911488037,0.9378603421724759,0.9525144100189209,38400,0.0,0.0
1979-02-20 00:00:00-05:00,0.0,0.9598418474197388,0.9378602994448599,0.9598418474197388,44800,0.0,0.0
1979-02-21 00:00:00-05:00,0.0,0.9671685832504944,0.9378604443641158,0.9451879262924194,30400,0.0,0.0
1979-02-22 00:00:00-05:00,0.0,0.952514513807305,0.9378604443641158,0.9451879262924194,25600,0.0,0.0
1979-02-23 00:00:00-05:00,0.0,0.9378602334040924,0.9305336475372314,0.9305336475372314,49600,0.0,0.0
1979-02-26 00:00:00-05:00,0.0,0.9378601908683777,0.9085520599037409,0.9378601908683777,108800,0.0,0.0
1979-02-27 00:00:00-05:00,0.0,0.9378600581999748,0.9012253468830632,0.9085519313812256,148800,0.0,0.0
1979-02-28 00:00:00-05:00,0.0,0.9305334737018124,0.9085519313812256,0.9085519313812256,67200,0.0,0.0
1979-03-01 00:00:00-05:00,0.0,0.9378601908683777,0.9085520599037409,0.9378601908683777,46400,0.0,0.0
1979-03-02 00:00:00-05:00,0.0,0.9378601908683777,0.9378601908683777,0.9378601908683777,30400,0.0,0.0
1979-03-05 00:00:00-05:00,0.0,0.952514513807305,0.9378604443641158,0.9451879262924194,94400,0.0,0.0
1979-03-06 00:00:00-05:00,0.0,0.9525142995510314,0.9232061672571534,0.9305336475372314,32000,0.0,0.0
1979-03-07 00:00:00-05:00,0.0,0.9378602334040924,0.9305336475372314,0.9305336475372314,11200,0.0,0.0
1979-03-08 00:00:00-05:00,0.0,0.9378602769639757,0.9158796239292617,0.9232062101364136,99200,0.0,0.0
1979-03-09 00:00:00-05:00,0.0,0.9598419957356088,0.9305338568492302,0.9451879262924194,91200,0.0,0.0
1979-03-12 00:00:00-05:00,0.0,0.9451876708161251,0.9378601908683777,0.9378601908683777,22400,0.0,0.0
1979-03-13 00:00:00-05:00,0.0,0.9598419957356088,0.9378604443641158,0.9451879262924194,78400,0.0,0.0
1979-03-14 00:00:00-05:00,0.0,0.9451877136841704,0.9305336475372314,0.9305336475372314,36800,0.0,0.0
1979-03-15 00:00:00-05:00,0.0,0.9451877136841704,0.9305336475372314,0.9305336475372314,54400,0.0,0.0
1979-03-16 00:00:00-05:00,0.0,0.9891501069068909,0.9378604180861102,0.9891501069068909,129600,0.0,0.0
1979-03-19 00:00:00-05:00,0.0,1.0550926082274492,0.9891497674197768,0.9964763522148132,200000,0.0,0.0
1979-03-20 00:00:00-05:00,0.0,1.011130256439323,0.9744955494269792,0.98182213306427,54400,0.0,0.0
1979-03-21 00:00:00-05:00,0.0,1.0257843765885284,0.9891496674882931,1.0038037300109863,91200,0.0,0.0
1979-03-22 00:00:00-05:00,0.0,1.0111304162179722,0.9891497674197768,0.9964763522148132,110400,0.0,0.0
1979-03-23 00:00:00-05:00,0.0,1.0257847144434145,0.9964765797450312,1.0184581279754639,174400,0.0,0.0
1979-03-26 00:00:00-05:00,0.0,1.0404387984957013,1.018458144325684,1.0257847309112549,78400,0.0,0.0
1979-03-27 00:00:00-05:00,0.0,1.033111855056373,0.9964762515431419,1.0038037300109863,75200,0.0,0.0
1979-03-28 00:00:00-05:00,0.0,1.011130256439323,0.98182213306427,0.98182213306427,108800,0.0,0.0
1979-03-29 00:00:00-05:00,0.0,0.9818226526936836,0.9378604443641158,0.9451879262924194,155200,0.0,0.0
1979-03-30 00:00:00-05:00,0.0,0.9598419957356088,0.9378604443641158,0.9451879262924194,112000,0.0,0.0
1979-04-02 00:00:00-05:00,0.0,0.9964761947517965,0.9598414877394529,0.98182213306427,99200,0.0,0.0
1979-04-03 00:00:00-05:00,0.0,1.0184581279754639,0.9818225123958396,1.0184581279754639,172800,0.0,0.0
1979-04-04 00:00:00-05:00,0.0,1.113708902049709,1.0770741880046322,1.0844007730484009,588800,0.0,0.0
1979-04-05 00:00:00-05:00,0.0,1.1503445581351492,1.091728297705668,1.128363013267517,276800,0.0,0.0
1979-04-06 00:00:00-05:00,0.0,1.1283630205922834,1.099054890187289,1.1063823699951172,128000,0.0,0.0
1979-04-09 00:00:00-05:00,0.0,1.1283630205922834,1.099054890187289,1.1063823699951172,124800,0.0,0.0
1979-04-10 00:00:00-05:00,0.0,1.1063822926807916,1.0917282285023246,1.0990548133850098,70400,0.0,0.0
1979-04-11 00:00:00-05:00,0.0,1.1063825718216664,1.06242036819458,1.06242036819458,108800,0.0,0.0
1979-04-12 00:00:00-05:00,0.0,1.084401022801462,1.06242036819458,1.06242036819458,110400,0.0,0.0
1979-04-16 00:00:00-05:00,0.0,1.055092943300096,1.0184582188644165,1.0331122875213623,65600,0.0,0.0
1979-04-17 00:00:00-05:00,0.0,1.0624203961188285,1.0184581913362565,1.0477663278579712,64000,0.0,0.0
1979-04-18 00:00:00-05:00,0.0,1.0770742123341945,1.0331120178391893,1.069746732711792,88000,0.0,0.0
1979-04-19 00:00:00-05:00,0.0,1.0844007550346717,1.0697466907774464,1.0770741701126099,243200,0.0,0.0
1979-04-20 00:00:00-05:00,0.0,1.1210364351976145,1.077074239590123,1.1063823699951172,131200,0.0,0.0
1979-04-23 00:00:00-05:00,0.0,1.1649987020755863,1.1063824376796627,1.1356905698776245,238400,0.0,0.0
1979-04-24 00:00:00-05:00,0.0,1.1649985313415527,1.1430169882079355,1.1649985313415527,203200,0.0,0.0
1979-04-25 00:00:00-05:00,0.0,1.1796526908874512,1.1503445606096654,1.1796526908874512,424000,0.0,0.0
1979-04-26 00:00:00-05:00,0.0,1.1796528808132924,1.150344745816854,1.157671332359314,331200,0.0,0.0
1979-04-27 00:00:00-05:00,0.0,1.157671221819489,1.1356905698776245,1.1356905698776245,140800,0.0,0.0
1979-04-30 00:00:00-04:00,0.0,1.1796525952929366,1.1430169882079355,1.1649985313415527,265600,0.0,0.0
1979-05-01 00:00:00-04:00,0.0,1.2089608907699585,1.1576712126243036,1.2089608907699585,230400,0.0,0.0
1979-05-02 00:00:00-04:00,0.0,1.3188660797635718,1.2089610203232588,1.2675772905349731,425600,0.0,0.0
1979-05-03 00:00:00-04:00,0.0,1.2749037316867284,1.2309415340423584,1.2309415340423584,241600,0.0,0.0
1979-05-04 00:00:00-04:00,0.0,1.245595708489418,1.1723253726959229,1.1723253726959229,121600,0.0,0.0
1979-05-07 00:00:00-04:00,0.0,1.1796526135731256,1.0990548133850098,1.0990548133850098,132800,0.0,0.0
1979-05-08 00:00:00-04:00,0.0,1.1503446359766054,1.0990549574235653,1.1356905698776245,83200,0.0,0.0
1979-05-09 00:00:00-04:00,0.0,1.15767135986915,1.106382569613253,1.143017292022705,105600,0.0,0.0
1979-05-10 00:00:00-04:00,0.0,1.1430170310510173,1.0844007730484009,1.0844007730484009,43200,0.0,0.0
1979-05-11 00:00:00-04:00,0.0,1.1063825160041891,1.0770743817314063,1.0917284488677979,49600,0.0,0.0
1979-05-14 00:00:00-04:00,0.0,1.143017181988014,1.0770743302337844,1.1210365295410156,86400,0.0,0.0
1979-05-15 00:00:00-04:00,0.0,1.143017155720508,1.1137090235225462,1.1356905698776245,94400,0.0,0.0
1979-05-16 00:00:00-04:00,0.0,1.2016333413892126,1.1430170808336413,1.1796526908874512,123200,0.0,0.0
1979-05-17 00:00:00-04:00,0.0,1.1723253998575331,1.1210366108204157,1.157671332359314,219200,0.0,0.0
1979-05-18 00:00:00-04:00,0.0,1.172325427715595,1.135690705306143,1.143017292022705,68800,0.0,0.0
1979-05-21 00:00:00-04:00,0.0,1.143017292022705,1.12836322417626,1.143017292022705,54400,0.0,0.0
1979-05-22 00:00:00-04:00,0.0,1.1356905959767594,1.1210365295410156,1.1210365295410156,59200,0.0,0.0
1979-05-23 00:00:00-04:00,0.0,1.1210363568592583,1.0990548133850098,1.0990548133850098,24000,0.0,0.0
1979-05-24 00:00:00-04:00,0.0,1.113708955389786,1.099054890187289,1.1063823699951172,51200,0.0,0.0
1979-05-25 00:00:00-04:00,0.0,1.1137088775634765,1.0990548133850098,1.0990548133850098,64000,0.0,0.0
1979-05-29 00:00:00-04:00,0.0,1.1063822926807916,1.0917282285023246,1.0990548133850098,30400,0.0,0.0
1979-05-30 00:00:00-04:00,0.0,1.1063822986270604,1.0770741701126099,1.0770741701126099,41600,0.0,0.0
1979-05-31 00:00:00-04:00,0.0,1.0844007730484009,1.0404385795464388,1.0844007730484009,78400,0.0,0.0
1979-06-01 00:00:00-04:00,0.0,1.0917284488677979,1.0770743817314063,1.0917284488677979,73600,0.0,0.0
1979-06-04 00:00:00-04:00,0.0,1.113708955389786,1.09172830479262,1.1063823699951172,78400,0.0,0.0
1979-06-05 00:00:00-04:00,0.0,1.1210365295410156,1.0990549826807827,1.1210365295410156,108800,0.0,0.0
1979-06-06 00:00:00-04:00,0.0,1.157671332359314,1.1137091298646564,1.157671332359314,443200,0.0,0.0
1979-06-07 00:00:00-04:00,0.0,1.16499879671291,1.150344729423523,1.150344729423523,163200,0.0,0.0
1979-06-08 00:00:00-04:00,0.0,1.1576713158615732,1.1430172485721861,1.150344729423523,116800,0.0,0.0
1979-06-11 00:00:00-04:00,0.0,1.15767135986915,1.143017292022705,1.143017292022705,43200,0.0,0.0
1979-06-12 00:00:00-04:00,0.0,1.157671332359314,1.1283631973628756,1.157671332359314,100800,0.0,0.0
1979-06-13 00:00:00-04:00,0.0,1.2089608907699585,1.1430171466417174,1.2089608907699585,260800,0.0,0.0
1979-06-14 00:00:00-04:00,0.0,1.1796528808132924,1.1430172648610948,1.157671332359314,116800,0.0,0.0
1979-06-15 00:00:00-04:00,0.0,1.1356905004001117,1.1063823699951172,1.1063823699951172,212800,0.0,0.0
1979-06-18 00:00:00-04:00,0.0,1.113708955389786,1.099054890187289,1.1063823699951172,68800,0.0,0.0
1979-06-19 00:00:00-04:00,0.0,1.128363013267517,1.1063823628130383,1.128363013267517,121600,0.0,0.0
1979-06-20 00:00:00-04:00,0.0,1.128363013267517,1.1063823628130383,1.128363013267517,57600,0.0,0.0
1979-06-21 00:00:00-04:00,0.0,1.1356905959767594,1.1137090491165265,1.1210365295410156,160000,0.0,0.0
1979-06-22 00:00:00-04:00,0.0,1.1723253998575331,1.1210366108204157,1.157671332359314,793600,0.0,0.0
1979-06-25 00:00:00-04:00,0.0,1.1723253726959229,1.1503447191645138,1.1723253726959229,121600,0.0,0.0
1979-06-26 00:00:00-04:00,0.0,1.1943069206406107,1.1649987863232127,1.1723253726959229,121600,0.0,0.0
1979-06-27 00:00:00-04:00,0.0,1.208960933828011,1.1723253203601371,1.2016334533691406,160000,0.0,0.0
1979-06-28 00:00:00-04:00,0.0,1.2529229403928641,1.2089607476494848,1.2236148118972778,278400,0.0,0.0
1979-06-29 00:00:00-04:00,0.0,1.245595599923815,1.2162874681609017,1.2309415340423584,400000,0.0,0.0
1979-07-02 00:00:00-04:00,0.0,1.2236146166238613,1.194306492805481,1.194306492805481,56000,0.0,0.0
1979-07-03 00:00:00-04:00,0.0,1.2016334533691406,1.1796528008190075,1.2016334533691406,84800,0.0,0.0
1979-07-05 00:00:00-04:00,0.0,1.216287476554648,1.2089608907699585,1.2089608907699585,30400,0.0,0.0
1979-07-06 00:00:00-04:00,0.0,1.2236148118972778,1.2089607476494848,1.2236148118972778,64000,0.0,0.0
1979-07-09 00:00:00-04:00,0.0,1.2455955040023987,1.21628737449646,1.21628737449646,222400,0.0,0.0
1979-07-10 00:00:00-04:00,0.0,1.2162871384627871,1.1796524308962908,1.194306492805481,46400,0.0,0.0
1979-07-11 00:00:00-04:00,0.0,1.1869794398546218,1.1576713055372239,1.1723253726959229,379200,0.0,0.0
1979-07-12 00:00:00-04:00,0.0,1.1869794673557523,1.157671332359314,1.157671332359314,161600,0.0,0.0
1979-07-13 00:00:00-04:00,0.0,1.1649988409990328,1.143017292022705,1.143017292022705,124800,0.0,0.0
1979-07-16 00:00:00-04:00,0.0,1.1356906398495994,1.1137090921401978,1.1137090921401978,70400,0.0,0.0
1979-07-17 00:00:00-04:00,0.0,1.1137088775634765,1.0844007492065428,1.0990548133850098,105600,0.0,0.0
1979-07-18 00:00:00-04:00,0.0,1.0917282343698351,1.0770741701126099,1.0770741701126099,137600,0.0,0.0
1979-07-19 00:00:00-04:00,0.0,1.0917282343698351,1.0624201058553846,1.0770741701126099,44800,0.0,0.0
1979-07-20 00:00:00-04:00,0.0,1.0770741701126099,1.0697466907774464,1.0770741701126099,19200,0.0,0.0
1979-07-23 00:00:00-04:00,0.0,1.084401022801462,1.06242036819458,1.06242036819458,51200,0.0,0.0
1979-07-24 00:00:00-04:00,0.0,1.0770741701126099,1.0697466907774464,1.0770741701126099,22400,0.0,0.0
1979-07-25 00:00:00-04:00,0.0,1.0990548133850098,1.0844007492065428,1.0990548133850098,35200,0.0,0.0
1979-07-26 00:00:00-04:00,0.0,1.1063822926807916,1.0917282285023246,1.0990548133850098,94400,0.0,0.0
1979-07-27 00:00:00-04:00,0.0,1.1063825160041891,1.0917284488677979,1.0917284488677979,28800,0.0,0.0
1979-07-30 00:00:00-04:00,0.0,1.1137090921401978,1.0917284388440651,1.1137090921401978,38400,0.0,0.0
1979-07-31 00:00:00-04:00,0.0,1.150344729423523,1.1283631812827992,1.150344729423523,158400,0.0,0.0
1979-08-01 00:00:00-04:00,0.0,1.1649985313415527,1.1430169882079355,1.1649985313415527,62400,0.0,0.0
1979-08-02 00:00:00-04:00,0.0,1.245595599923815,1.1869793363979886,1.2309415340423584,355200,0.0,0.0
1979-08-03 00:00:00-04:00,0.0,1.2309412003719773,1.194306492805481,1.194306492805481,187200,0.0,0.0
1979-08-06 00:00:00-04:00,0.0,1.2236148118972778,1.1796526191538985,1.2236148118972778,67200,0.0,0.0
1979-08-07 00:00:00-04:00,0.0,1.2749038005984108,1.2236150144476279,1.2602497339248657,318400,0.0,0.0
1979-08-08 00:00:00-04:00,0.0,1.2968854256408304,1.2602498095518575,1.2675772905349731,339200,0.0,0.0
1979-08-09 00:00:00-04:00,0.0,1.282231358087902,1.245595741998929,1.2675772905349731,83200,0.0,0.0
1979-08-10 00:00:00-04:00,0.0,1.2529230117797852,1.2162874018663903,1.2529230117797852,76800,0.0,0.0
1979-08-13 00:00:00-04:00,0.0,1.282231358087902,1.2529232229820446,1.2675772905349731,67200,0.0,0.0
1979-08-14 00:00:00-04:00,0.0,1.3335201740264893,1.2895579704871545,1.3335201740264893,273600,0.0,0.0
1979-08-15 00:00:00-04:00,0.0,1.4214444421231747,1.3188659772276878,1.4067903757095337,531200,0.0,0.0
1979-08-16 00:00:00-04:00,0.0,1.4287718349526106,1.3555015073758916,1.3701555728912354,860800,0.0,0.0
1979-08-17 00:00:00-04:00,0.0,1.3848096132278442,1.3555014827300398,1.3848096132278442,168000,0.0,0.0
1979-08-20 00:00:00-04:00,0.0,1.3994637039219229,1.3701555728912354,1.3701555728912354,64000,0.0,0.0
1979-08-21 00:00:00-04:00,0.0,1.421444296836853,1.3701555168379704,1.421444296836853,371200,0.0,0.0
1979-08-22 00:00:00-04:00,0.0,1.4800603201194285,1.4141174857364485,1.472733736038208,284800,0.0,0.0
1979-08-23 00:00:00-04:00,0.0,1.4800607057126434,1.43609850653306,1.4580800533294678,392000,0.0,0.0
1979-08-24 00:00:00-04:00,0.0,1.4434260563476176,1.406790441396285,1.436098575592041,155200,0.0,0.0
1979-08-27 00:00:00-04:00,0.0,1.4580799592310514,1.436098413853241,1.4434258937835693,76800,0.0,0.0
1979-08-28 00:00:00-04:00,0.0,1.4580800553638937,1.3994637897093298,1.4067903757095337,129600,0.0,0.0
1979-08-29 00:00:00-04:00,0.0,1.3921361456635177,1.3261933017597047,1.362828016281128,129600,0.0,0.0
1979-08-30 00:00:00-04:00,0.0,1.3921361986457144,1.377482133396812,1.3848096132278442,54400,0.0,0.0
1979-08-31 00:00:00-04:00,0.0,1.4067903757095337,1.3994637897093298,1.4067903757095337,28800,0.0,0.0
1979-09-04 00:00:00-04:00,0.0,1.4067899902377503,1.32619309425354,1.32619309425354,124800,0.0,0.0
1979-09-05 00:00:00-04:00,0.0,1.3042114779395055,1.2749033548397415,1.2968848943710327,249600,0.0,0.0
1979-09-06 00:00:00-04:00,0.0,1.3335196782462009,1.304211553449581,1.32619309425354,108800,0.0,0.0
1979-09-07 00:00:00-04:00,0.0,1.3408476114273071,1.3188660631678637,1.3408476114273071,56000,0.0,0.0
1979-09-10 00:00:00-04:00,0.0,1.4287717586336475,1.377482084863033,1.414117693901062,164800,0.0,0.0
1979-09-11 00:00:00-04:00,0.0,1.4434259889502528,1.4067903757095337,1.4067903757095337,76800,0.0,0.0
1979-09-12 00:00:00-04:00,0.0,1.42877197265625,1.4067904250580852,1.42877197265625,121600,0.0,0.0
1979-09-13 00:00:00-04:00,0.0,1.4287717586336475,1.414117693901062,1.414117693901062,62400,0.0,0.0
1979-09-14 00:00:00-04:00,0.0,1.4360985085368156,1.3994637897093298,1.4067903757095337,107200,0.0,0.0
1979-09-17 00:00:00-04:00,0.0,1.4507526426899189,1.406790441396285,1.436098575592041,134400,0.0,0.0
1979-09-18 00:00:00-04:00,0.0,1.4067902638946166,1.370155547978942,1.3848096132278442,144000,0.0,0.0
1979-09-19 00:00:00-04:00,0.0,1.4214442790607893,1.3701554997033056,1.414117693901062,67200,0.0,0.0
1979-09-20 00:00:00-04:00,0.0,1.4580798569262734,1.4214442486714836,1.4507523775100708,144000,0.0,0.0
1979-09-21 00:00:00-04:00,0.0,1.5533308519900424,1.4654064641415494,1.509368658065796,500800,0.0,0.0
1979-09-24 00:00:00-04:00,0.0,1.502042252509051,1.4580800533294678,1.4580800533294678,161600,0.0,0.0
1979-09-25 00:00:00-04:00,0.0,1.4507523775100708,1.4287717280876862,1.4507523775100708,204800,0.0,0.0
1979-09-26 00:00:00-04:00,0.0,1.567985324364788,1.4360987082967218,1.5533312559127808,628800,0.0,0.0
1979-09-27 00:00:00-04:00,0.0,1.6339290142059326,1.5313505391476823,1.6339290142059326,395200,0.0,0.0
1979-09-28 00:00:00-04:00,0.0,1.6705633925500316,1.567984938621521,1.567984938621521,486400,0.0,0.0
1979-10-01 00:00:00-04:00,0.0,1.5533312559127808,1.5240231190087659,1.5533312559127808,195200,0.0,0.0
1979-10-02 00:00:00-04:00,0.0,1.5972933605441297,1.5386770904324185,1.5899667739868164,132800,0.0,0.0
1979-10-03 00:00:00-04:00,0.0,1.670563510486058,1.5899665953446467,1.6412553787231445,262400,0.0,0.0
1979-10-04 00:00:00-04:00,0.0,1.692544987020113,1.6266012460545622,1.6632368564605713,227200,0.0,0.0
1979-10-05 00:00:00-04:00,0.0,1.6778907710473618,1.6266010999679565,1.6266010999679565,225600,0.0,0.0
1979-10-08 00:00:00-04:00,0.0,1.6192747096834461,1.5826390981674194,1.5826390981674194,80000,0.0,0.0
1979-10-09 00:00:00-04:00,0.0,1.5679851195614227,1.5020422673472358,1.5166963338851929,392000,0.0,0.0
1979-10-10 00:00:00-04:00,0.0,1.4360985589134618,1.3481741573473316,1.42877197265625,625600,0.0,0.0
1979-10-11 00:00:00-04:00,0.0,1.465406709787797,1.421444508494163,1.436098575592041,291200,0.0,0.0
1979-10-12 00:00:00-04:00,0.0,1.4580798880988184,1.414117693901062,1.414117693901062,225600,0.0,0.0
1979-10-15 00:00:00-04:00,0.0,1.3848096384065791,1.3555015073758916,1.3701555728912354,86400,0.0,0.0
1979-10-16 00:00:00-04:00,0.0,1.3701554958332895,1.3335198868987381,1.362828016281128,153600,0.0,0.0
1979-10-17 00:00:00-04:00,0.0,1.3774819840555605,1.3408472721116793,1.3481738567352295,78400,0.0,0.0
1979-10-18 00:00:00-04:00,0.0,1.348174241872934,1.3335201740264893,1.3335201740264893,59200,0.0,0.0
1979-10-19 00:00:00-04:00,0.0,1.3335201360962607,1.289557933807373,1.289557933807373,92800,0.0,0.0
1979-10-22 00:00:00-04:00,0.0,1.2968854422889862,1.2675773068068996,1.2749038934707642,147200,0.0,0.0
1979-10-23 00:00:00-04:00,0.0,1.3042119339455007,1.2602497339248657,1.2602497339248657,51200,0.0,0.0
1979-10-24 00:00:00-04:00,0.0,1.3408471792065497,1.2602493874535972,1.3115390539169312,238400,0.0,0.0
1979-10-25 00:00:00-04:00,0.0,1.3115395747922725,1.3042120933532715,1.3042120933532715,86400,0.0,0.0
1979-10-26 00:00:00-04:00,0.0,1.340847655156372,1.3115395194634822,1.3335201740264893,227200,0.0,0.0
1979-10-29 00:00:00-05:00,0.0,1.3701553994320104,1.3408472721116793,1.3481738567352295,108800,0.0,0.0
1979-10-30 00:00:00-05:00,0.0,1.3848096132278442,1.3555014827300398,1.3848096132278442,57600,0.0,0.0
1979-10-31 00:00:00-05:00,0.0,1.4067902103547127,1.362828016281128,1.362828016281128,100800,0.0,0.0
1979-11-01 00:00:00-05:00,0.0,1.4727341367532063,1.3481741237640381,1.4654066562652588,244800,0.0,0.0
1979-11-02 00:00:00-05:00,0.0,1.597293225307709,1.4800606950098956,1.5313503742218018,857600,0.0,0.0
1979-11-05 00:00:00-05:00,0.0,1.553331026446029,1.516696307934575,1.5313503742218018,203200,0.0,0.0
1979-11-06 00:00:00-05:00,0.0,1.553331026446029,1.4947147612971223,1.5313503742218018,118400,0.0,0.0
1979-11-07 00:00:00-05:00,0.0,1.4947144017361178,1.4654062762118802,1.480060338973999,204800,0.0,0.0
1979-11-08 00:00:00-05:00,0.0,1.5386769771575928,1.4507525784628732,1.5386769771575928,305600,0.0,0.0
1979-11-09 00:00:00-05:00,0.0,1.6192745389271295,1.5679848670959473,1.6119470596313477,321600,0.0,0.0
1979-11-12 00:00:00-05:00,0.0,1.699871301651001,1.6266009869246647,1.699871301651001,278400,0.0,0.0
1979-11-13 00:00:00-05:00,0.0,1.7438339207739473,1.648582935333252,1.648582935333252,286400,0.0,0.0
1979-11-14 00:00:00-05:00,0.0,1.6998717887253971,1.633928933783206,1.6778911352157593,156800,0.0,0.0
1979-11-15 00:00:00-05:00,0.0,1.7218533366483126,1.6778911352157593,1.6778911352157593,196800,0.0,0.0
1979-11-16 00:00:00-05:00,0.0,1.7145252227783203,1.6559089758457282,1.7145252227783203,86400,0.0,0.0
1979-11-19 00:00:00-05:00,0.0,1.80245011207486,1.7291797823157193,1.7731419801712036,718400,0.0,0.0
1979-11-20 00:00:00-05:00,0.0,1.8024497422678718,1.699871301651001,1.699871301651001,128000,0.0,0.0
1979-11-21 00:00:00-05:00,0.0,1.7365074157714844,1.619274877809301,1.7365074157714844,240000,0.0,0.0
1979-11-23 00:00:00-05:00,0.0,1.7804696069885724,1.7584880590438843,1.7584880590438843,342400,0.0,0.0
1979-11-26 00:00:00-05:00,0.0,1.8464124202728271,1.7584880193074544,1.8464124202728271,121600,0.0,0.0
1979-11-27 00:00:00-05:00,0.0,1.8683936114729447,1.8097773553390968,1.8244314193725586,172800,0.0,0.0
1979-11-28 00:00:00-05:00,0.0,1.8464124202728271,1.7584880193074544,1.8464124202728271,240000,0.0,0.0
1979-11-29 00:00:00-05:00,0.0,1.948991060256958,1.9196829240124924,1.948991060256958,654400,0.0,0.0
1979-11-30 00:00:00-05:00,0.0,1.9929532844676823,1.8903748065906691,1.9856266975402832,332800,0.0,0.0
1979-12-03 00:00:00-05:00,0.0,1.956317605114374,1.9050279440301836,1.9343360662460327,323200,0.0,0.0
1979-12-04 00:00:00-05:00,0.0,1.9416642884614645,1.9050286744387095,1.9196827411651611,40000,0.0,0.0
1979-12-05 00:00:00-05:00,0.0,1.985625805866302,1.941663620803723,1.96364426612854,280000,0.0,0.0
1979-12-06 00:00:00-05:00,0.0,2.036915046256155,1.9636447208512575,2.029588460922241,193600,0.0,0.0
1979-12-07 00:00:00-05:00,0.0,2.0295882877183886,2.0002801600575677,2.0076067447662354,142400,0.0,0.0
1979-12-10 00:00:00-05:00,0.0,2.000280183637749,1.9929527044296265,1.9929527044296265,540800,0.0,0.0
1979-12-11 00:00:00-05:00,0.0,1.9782983278160666,1.919682081065961,1.96364426612854,217600,0.0,0.0
1979-12-12 00:00:00-05:00,0.0,1.9636449413445158,1.8757205409858062,1.9196827411651611,390400,0.0,0.0
1979-12-13 00:00:00-05:00,0.0,2.029589340910562,1.9343374293783437,2.02226185798645,712000,0.0,0.0
1979-12-14 00:00:00-05:00,0.0,2.0808773040771484,2.0149344564362224,2.0808773040771484,811200,0.0,0.0
1979-12-17 00:00:00-05:00,0.0,2.168801528144132,2.095531206247371,2.1614749431610107,382400,0.0,0.0
1979-12-18 00:00:00-05:00,0.0,2.183456281506225,2.1101859364892377,2.117513418197632,558400,0.0,0.0
1979-12-19 00:00:00-05:00,0.0,2.146821480002321,2.080877724621031,2.1101858615875244,468800,0.0,0.0
1979-12-20 00:00:00-05:00,0.0,2.117513491937478,2.095531940460205,2.095531940460205,886400,0.0,0.0
1979-12-21 00:00:00-05:00,0.0,2.1248400794876203,2.095531940460205,2.095531940460205,451200,0.0,0.0
1979-12-24 00:00:00-05:00,0.0,2.0955313695988185,2.0735507185229025,2.0808773040771484,366400,0.0,0.0
1979-12-26 00:00:00-05:00,0.0,2.095531757841719,2.022261416658442,2.066223621368408,241600,0.0,0.0
1979-12-27 00:00:00-05:00,0.0,2.0735509395599365,2.0588968724761676,2.0735509395599365,153600,0.0,0.0
1979-12-28 00:00:00-05:00,0.0,2.0882050066437055,2.066223458811415,2.0735509395599365,454400,0.0,0.0
1979-12-31 00:00:00-05:00,0.0,2.0882047840445725,2.0515691730338084,2.0808773040771484,200000,0.0,0.0
1980-01-02 00:00:00-05:00,0.0,2.0735501759914605,1.96364426612854,1.96364426612854,411200,0.0,0.0
1980-01-03 00:00:00-05:00,0.0,1.9929532844676823,1.905028874858814,1.9856266975402832,529600,0.0,0.0
1980-01-04 00:00:00-05:00,0.0,2.0369154892721166,1.9636451479313928,1.9856266975402832,624000,0.0,0.0
1980-01-07 00:00:00-05:00,0.0,2.0882050066437055,2.022261257560108,2.0735509395599365,550400,0.0,0.0
1980-01-08 00:00:00-05:00,0.0,2.154148325202432,2.08087797400507,2.1468217372894287,680000,0.0,0.0
1980-01-09 00:00:00-05:00,0.0,2.3153424716647892,2.205437421798706,2.205437421798706,1152000,0.0,0.0
1980-01-10 00:00:00-05:00,0.0,2.329996638996586,2.198110036789232,2.3006885051727295,520000,0.0,0.0
1980-01-11 00:00:00-05:00,0.0,2.3446508387425977,2.278707981109619,2.278707981109619,273600,0.0,0.0
1980-01-14 00:00:00-05:00,0.0,2.373959196888729,2.293362263954144,2.3519785404205322,372800,0.0,0.0
1980-01-15 00:00:00-05:00,0.0,2.3959395099159253,2.3519773252790546,2.3886120319366455,363200,0.0,0.0
1980-01-16 00:00:00-05:00,0.0,2.4618830247358843,2.4105942422604794,2.4179208278656006,452800,0.0,0.0
1980-01-17 00:00:00-05:00,0.0,2.4325747519546415,2.344650363329775,2.359304428100586,398400,0.0,0.0
1980-01-18 00:00:00-05:00,0.0,2.3886120319366455,2.3519773252790546,2.3886120319366455,412800,0.0,0.0
1980-01-21 00:00:00-05:00,0.0,2.4472289591124565,2.388612696618745,2.4179208278656006,350400,0.0,0.0
1980-01-22 00:00:00-05:00,0.0,2.4545562963174246,2.344650363329775,2.359304428100586,358400,0.0,0.0
1980-01-23 00:00:00-05:00,0.0,2.417920155027893,2.3519773252790546,2.3886120319366455,238400,0.0,0.0
1980-01-24 00:00:00-05:00,0.0,2.498518662485206,2.432574919274188,2.454556465148926,350400,0.0,0.0
1980-01-25 00:00:00-05:00,0.0,2.4838645458221436,2.432574869440603,2.4838645458221436,128000,0.0,0.0
1980-01-28 00:00:00-05:00,0.0,2.4618827635452107,2.4032665072703248,2.4105939865112305,457600,0.0,0.0
1980-01-29 00:00:00-05:00,0.0,2.4179206871838304,2.26405345429688,2.359304428100586,1032000,0.0,0.0
1980-01-30 00:00:00-05:00,0.0,2.5571343898773193,2.3739581588118748,2.5571343898773193,606400,0.0,0.0
1980-01-31 00:00:00-05:00,0.0,2.6304055114697364,2.53515362739563,2.53515362739563,673600,0.0,0.0
1980-02-01 00:00:00-05:00,0.0,2.5131725494599046,2.4618828756767406,2.505845069885254,432000,0.0,0.0
1980-02-04 00:00:00-05:00,0.0,2.549807694606009,2.5204995601852502,2.53515362739563,126400,0.0,0.0
1980-02-05 00:00:00-05:00,0.0,2.5351535345232765,2.4911913345026417,2.5204994678497314,145600,0.0,0.0
1980-02-06 00:00:00-05:00,0.0,2.6084237966094364,2.542480945587158,2.542480945587158,419200,0.0,0.0
1980-02-07 00:00:00-05:00,0.0,2.5571350402334954,2.447229094759247,2.4765372276306152,168000,0.0,0.0
1980-02-08 00:00:00-05:00,0.0,2.4985183409520535,2.4032664784414326,2.4472286701202393,705600,0.0,0.0
1980-02-11 00:00:00-05:00,0.0,2.542480678932247,2.4545562905152205,2.505845069885254,641600,0.0,0.0
1980-02-12 00:00:00-05:00,0.0,2.5204994678497314,2.4692106816989488,2.5204994678497314,318400,0.0,0.0
1980-02-13 00:00:00-05:00,0.0,2.601096578003465,2.535152848607743,2.5571343898773193,478400,0.0,0.0
1980-02-14 00:00:00-05:00,0.0,2.6010976053616566,2.505845712926766,2.527827262878418,286400,0.0,0.0
1980-02-15 00:00:00-05:00,0.0,2.5204994678497314,2.483864748372494,2.5204994678497314,286400,0.0,0.0
1980-02-19 00:00:00-05:00,0.0,2.5204994269376675,2.447229094759247,2.4765372276306152,232000,0.0,0.0
1980-02-20 00:00:00-05:00,0.0,2.5937699350443753,2.5058455304666,2.579115867614746,305600,0.0,0.0
1980-02-21 00:00:00-05:00,0.0,2.5937701823738197,2.4985191822052,2.4985191822052,158400,0.0,0.0
1980-02-22 00:00:00-05:00,0.0,2.5424811082074603,2.439902637734805,2.53515362739563,299200,0.0,0.0
1980-02-25 00:00:00-05:00,0.0,2.5204994633764386,2.4179209968436766,2.4399025440216064,504000,0.0,0.0
1980-02-26 00:00:00-05:00,0.0,2.46921063580848,2.366632171000094,2.3959403038024902,500800,0.0,0.0
1980-02-27 00:00:00-05:00,0.0,2.4252485360119334,2.2274181842803955,2.2274181842803955,451200,0.0,0.0
1980-02-28 00:00:00-05:00,0.0,2.3446507453918457,2.2420722752809525,2.3446507453918457,320000,0.0,0.0
1980-02-29 00:00:00-05:00,0.0,2.3812855892220224,2.3299959235721164,2.373958110809326,94400,0.0,0.0
1980-03-03 00:00:00-05:00,0.0,2.3886123633234755,2.329996109008789,2.329996109008789,168000,0.0,0.0
1980-03-04 00:00:00-05:00,0.0,2.3446507453918457,2.3006885439157485,2.3446507453918457,275200,0.0,0.0
1980-03-05 00:00:00-05:00,0.0,2.3373242131726064,2.3006885972204087,2.315342664718628,57600,0.0,0.0
1980-03-06 00:00:00-05:00,0.0,2.3080155553150687,2.183455562591553,2.1981096267700195,443200,0.0,0.0
1980-03-07 00:00:00-05:00,0.0,2.249399824836301,2.161475419196054,2.242072343826294,414400,0.0,0.0
1980-03-10 00:00:00-05:00,0.0,2.2493996379135384,2.198109958345527,2.212764024734497,140800,0.0,0.0
1980-03-11 00:00:00-05:00,0.0,2.249399231996567,2.1981095616840705,2.2200911045074463,176000,0.0,0.0
1980-03-12 00:00:00-05:00,0.0,2.2640538924430085,2.1981101410061705,2.242072343826294,48000,0.0,0.0
1980-03-13 00:00:00-05:00,0.0,2.278707981109619,2.242072364547609,2.278707981109619,17600,0.0,0.0
1980-03-14 00:00:00-05:00,0.0,2.2860344522877742,2.212764117278551,2.2274181842803955,235200,0.0,0.0
1980-03-17 00:00:00-05:00,0.0,2.2054376009899865,2.1248397827148438,2.1248397827148438,156800,0.0,0.0
1980-03-18 00:00:00-05:00,0.0,2.1981096267700195,2.0588964642811334,2.1981096267700195,209600,0.0,0.0
1980-03-19 00:00:00-05:00,0.0,2.3153418779160826,2.2567256278422576,2.2640531063079834,344000,0.0,0.0
1980-03-20 00:00:00-05:00,0.0,2.3006885590091826,2.2713804244995117,2.2713804244995117,188800,0.0,0.0
1980-03-21 00:00:00-05:00,0.0,2.249399691591904,2.1541478105839467,2.1834559440612793,264000,0.0,0.0
1980-03-24 00:00:00-05:00,0.0,2.168801830999988,2.0515692995945836,2.058896780014038,169600,0.0,0.0
1980-03-25 00:00:00-05:00,0.0,2.124839930070771,2.044243000619594,2.1101858615875244,160000,0.0,0.0
1980-03-26 00:00:00-05:00,0.0,2.161475042012708,2.095531302083234,2.102858781814575,62400,0.0,0.0
1980-03-27 00:00:00-05:00,0.0,2.0662240722905034,1.8683945551290335,2.02226185798645,659200,0.0,0.0
1980-03-28 00:00:00-05:00,0.0,2.1907832622528076,1.9929529287376933,2.1907832622528076,244800,0.0,0.0
1980-03-31 00:00:00-05:00,0.0,2.2860345466464174,2.1981101410061705,2.242072343826294,187200,0.0,0.0
1980-04-01 00:00:00-05:00,0.0,2.264053798991642,2.212764117278551,2.2274181842803955,142400,0.0,0.0
1980-04-02 00:00:00-05:00,0.0,2.2567262239014076,2.212764024734497,2.212764024734497,132800,0.0,0.0
1980-04-03 00:00:00-05:00,0.0,2.1981097247502577,2.139493465423584,2.139493465423584,144000,0.0,0.0
1980-04-07 00:00:00-05:00,0.0,2.124838543657191,2.0222601312047748,2.0442416667938232,166400,0.0,0.0
1980-04-08 00:00:00-05:00,0.0,2.0442432614971744,2.029589191143838,2.0369157791137695,100800,0.0,0.0
1980-04-09 00:00:00-05:00,0.0,2.0735509395599365,2.036915324643877,2.0735509395599365,116800,0.0,0.0
1980-04-10 00:00:00-05:00,0.0,2.117513491937478,2.0808778709464972,2.095531940460205,332800,0.0,0.0
1980-04-11 00:00:00-05:00,0.0,2.183455659918589,2.1028587505509813,2.139493465423584,145600,0.0,0.0
1980-04-14 00:00:00-05:00,0.0,2.1688020024980816,2.0515694618225098,2.0515694618225098,179200,0.0,0.0
1980-04-15 00:00:00-05:00,0.0,2.0808763668918697,2.0369141901265486,2.0442416667938232,41600,0.0,0.0
1980-04-16 00:00:00-05:00,0.0,2.0808772929818753,2.0002803802490234,2.0002803802490234,112000,0.0,0.0
1980-04-17 00:00:00-05:00,0.0,2.0222614210039715,1.9782992161995376,1.9856266975402832,166400,0.0,0.0
1980-04-18 00:00:00-05:00,0.0,1.992952389503593,1.9343361427534873,1.96364426612854,171200,0.0,0.0
1980-04-21 00:00:00-05:00,0.0,1.9196830368781275,1.8903748989105225,1.8903748989105225,216000,0.0,0.0
1980-04-22 00:00:00-05:00,0.0,2.0662240722905034,1.978299643682397,2.02226185798645,356800,0.0,0.0
1980-04-23 00:00:00-05:00,0.0,2.0955316645758493,2.036915394238063,2.0515694618225098,172800,0.0,0.0
1980-04-24 00:00:00-05:00,0.0,2.1101858615875244,2.036915519171291,2.1101858615875244,448000,0.0,0.0
1980-04-25 00:00:00-05:00,0.0,2.1101850307135264,2.08087690528695,2.0882043838500977,75200,0.0,0.0
1980-04-28 00:00:00-04:00,0.0,2.161475009877655,2.11751281538265,2.139493465423584,102400,0.0,0.0
1980-04-29 00:00:00-04:00,0.0,2.154148218515036,2.095531940460205,2.095531940460205,147200,0.0,0.0
1980-04-30 00:00:00-04:00,0.0,2.124839930070771,2.080877724621031,2.1101858615875244,393600,0.0,0.0
1980-05-01 00:00:00-04:00,0.0,2.1321673756400297,2.066223621368408,2.066223621368408,201600,0.0,0.0
1980-05-02 00:00:00-04:00,0.0,2.051569111337135,2.029588460922241,2.029588460922241,116800,0.0,0.0
1980-05-05 00:00:00-04:00,0.0,2.051569111337135,2.029588460922241,2.029588460922241,28800,0.0,0.0
1980-05-06 00:00:00-04:00,0.0,2.073551010405832,2.0515694618225098,2.0515694618225098,110400,0.0,0.0
1980-05-07 00:00:00-04:00,0.0,2.080878143725188,2.02226185798645,2.02226185798645,174400,0.0,0.0
1980-05-08 00:00:00-04:00,0.0,2.0076073973267166,1.9709726730493355,1.9782992601394653,91200,0.0,0.0
1980-05-09 00:00:00-04:00,0.0,1.963645243829535,1.8903748989105225,1.8903748989105225,300800,0.0,0.0
1980-05-12 00:00:00-04:00,0.0,1.8903745938473797,1.81710426075252,1.861066460609436,300800,0.0,0.0
1980-05-13 00:00:00-04:00,0.0,1.9343360662460327,1.8757198218143347,1.9343360662460327,86400,0.0,0.0
1980-05-14 00:00:00-04:00,0.0,2.0076067684327854,1.9343364484169903,1.9929527044296265,153600,0.0,0.0
1980-05-15 00:00:00-04:00,0.0,2.0002808102365868,1.9636451915458397,1.9782992601394653,51200,0.0,0.0
1980-05-16 00:00:00-04:00,0.0,2.0076067684327854,1.9929527044296265,1.9929527044296265,70400,0.0,0.0
1980-05-19 00:00:00-04:00,0.0,1.9929530716332482,1.9709724187850952,1.9709724187850952,62400,0.0,0.0
1980-05-20 00:00:00-04:00,0.0,2.02226185798645,1.9636455722477124,2.02226185798645,281600,0.0,0.0
1980-05-21 00:00:00-04:00,0.0,2.044242672050752,1.9929529933964414,2.014934539794922,147200,0.0,0.0
1980-05-22 00:00:00-04:00,0.0,2.1248397827148438,2.03691537791285,2.1248397827148438,627200,0.0,0.0
1980-05-23 00:00:00-04:00,0.0,2.1614758075289013,2.124840184723487,2.1468217372894287,169600,0.0,0.0
1980-05-27 00:00:00-04:00,0.0,2.1981096569028367,2.1614749431610107,2.1614749431610107,500800,0.0,0.0
1980-05-28 00:00:00-04:00,0.0,2.176129007540363,2.15414746376478,2.1614749431610107,81600,0.0,0.0
1980-05-29 00:00:00-04:00,0.0,2.168802288028744,2.0808778709464972,2.095531940460205,256000,0.0,0.0
1980-05-30 00:00:00-04:00,0.0,2.066223621368408,2.0369154848950974,2.066223621368408,238400,0.0,0.0
1980-06-02 00:00:00-04:00,0.0,2.0808776896050634,2.0369154848950974,2.066223621368408,91200,0.0,0.0
1980-06-03 00:00:00-04:00,0.0,2.07355065616518,2.029588460922241,2.029588460922241,49600,0.0,0.0
1980-06-04 00:00:00-04:00,0.0,2.110186009973913,2.0295890748552314,2.095531940460205,552000,0.0,0.0
1980-06-05 00:00:00-04:00,0.0,2.146821480002321,2.1101858615875244,2.1101858615875244,156800,0.0,0.0
1980-06-06 00:00:00-04:00,0.0,2.102858781814575,2.0662231719841673,2.102858781814575,192000,0.0,0.0
1980-06-09 00:00:00-04:00,0.0,2.1468206347032512,2.0882043838500977,2.0882043838500977,182400,0.0,0.0
1980-06-10 00:00:00-04:00,0.0,2.080878143725188,2.0076077865517656,2.02226185798645,820800,0.0,0.0
1980-06-11 00:00:00-04:00,0.0,2.066223621368408,2.0076073484217867,2.066223621368408,344000,0.0,0.0
1980-06-12 00:00:00-04:00,0.0,2.1394939985540176,2.0955317931042776,2.1101858615875244,198400,0.0,0.0
1980-06-13 00:00:00-04:00,0.0,2.183455514259079,2.146820801830398,2.1541473865509033,254400,0.0,0.0
1980-06-16 00:00:00-04:00,0.0,2.1834563742267044,2.1248400957239744,2.1321675777435303,160000,0.0,0.0
1980-06-17 00:00:00-04:00,0.0,2.154148218515036,2.095531940460205,2.095531940460205,188800,0.0,0.0
1980-06-18 00:00:00-04:00,0.0,2.124839093426815,2.08087690528695,2.0882043838500977,230400,0.0,0.0
1980-06-19 00:00:00-04:00,0.0,2.1175125092766742,2.08087690528695,2.0882043838500977,214400,0.0,0.0
1980-06-20 00:00:00-04:00,0.0,2.124839930070771,2.080877724621031,2.1101858615875244,224000,0.0,0.0
1980-06-23 00:00:00-04:00,0.0,2.1541473865509033,2.088204546414047,2.1541473865509033,144000,0.0,0.0
1980-06-24 00:00:00-04:00,0.0,2.2713800916424045,2.198109766105553,2.256726026535034,198400,0.0,0.0
1980-06-25 00:00:00-04:00,0.0,2.322670200868183,2.264053929482403,2.28603458404541,228800,0.0,0.0
1980-06-26 00:00:00-04:00,0.0,2.3153425862914636,2.2274181842803955,2.2274181842803955,256000,0.0,0.0
1980-06-27 00:00:00-04:00,0.0,2.2347454592102567,2.1834557822199727,2.1907832622528076,86400,0.0,0.0
1980-06-30 00:00:00-04:00,0.0,2.183455897425664,2.058896780014038,2.058896780014038,164800,0.0,0.0
1980-07-01 00:00:00-04:00,0.0,2.095531592978953,2.0735509395599365,2.0735509395599365,260800,0.0,0.0
1980-07-02 00:00:00-04:00,0.0,2.0882041550856947,1.9343360662460327,1.9343360662460327,1963200,0.0,0.0
1980-07-03 00:00:00-04:00,0.0,2.0369145745661723,1.9489902044410137,1.96364426612854,526400,0.0,0.0
1980-07-07 00:00:00-04:00,0.0,2.0735515552146153,1.9929537151170813,2.02226185798645,667200,0.0,0.0
1980-07-08 00:00:00-04:00,0.0,2.0735504792096204,2.0076067447662354,2.0076067447662354,225600,0.0,0.0
1980-07-09 00:00:00-04:00,0.0,2.110186009973913,2.007607523377959,2.095531940460205,414400,0.0,0.0
1980-07-10 00:00:00-04:00,0.0,2.1394940744960325,2.0808777984824425,2.117513418197632,467200,0.0,0.0
1980-07-11 00:00:00-04:00,0.0,2.256726026535034,2.1175128552215927,2.256726026535034,262400,0.0,0.0
1980-07-14 00:00:00-04:00,0.0,2.3006886518918552,2.249399861635958,2.28603458404541,308800,0.0,0.0
1980-07-15 00:00:00-04:00,0.0,2.3666324044075178,2.28603458404541,2.28603458404541,556800,0.0,0.0
1980-07-16 00:00:00-04:00,0.0,2.3373236656188965,2.2860339941838674,2.3373236656188965,836800,0.0,0.0
1980-07-17 00:00:00-04:00,0.0,2.344650172587461,2.3153420454301177,2.329996109008789,153600,0.0,0.0
1980-07-18 00:00:00-04:00,0.0,2.3299963798164383,2.286034183970845,2.2933616638183594,718400,0.0,0.0
1980-07-21 00:00:00-04:00,0.0,2.344650172587461,2.2860339182727745,2.329996109008789,377600,0.0,0.0
1980-07-22 00:00:00-04:00,0.0,2.4105945172655527,2.337324180789598,2.381286382675171,286400,0.0,0.0
1980-07-23 00:00:00-04:00,0.0,2.4399021146486732,2.3812858583737873,2.4105939865112305,190400,0.0,0.0
1980-07-24 00:00:00-04:00,0.0,2.410594816886921,2.3519785404205322,2.3519785404205322,164800,0.0,0.0
1980-07-25 00:00:00-04:00,0.0,2.35197818657111,2.3006885051727295,2.3006885051727295,129600,0.0,0.0
1980-07-28 00:00:00-04:00,0.0,2.2860345677740326,2.227418296805468,2.278707981109619,457600,0.0,0.0
1980-07-29 00:00:00-04:00,0.0,2.3006885051727295,2.256726304436945,2.3006885051727295,179200,0.0,0.0
1980-07-30 00:00:00-04:00,0.0,2.454556149273247,2.329996158976755,2.4472286701202393,376000,0.0,0.0
1980-07-31 00:00:00-04:00,0.0,2.5131728649139404,2.3886128518151195,2.5131728649139404,684800,0.0,0.0
1980-08-01 00:00:00-04:00,0.0,2.6084238678910014,2.4765372678290967,2.5204994678497314,600000,0.0,0.0
1980-08-04 00:00:00-04:00,0.0,2.5204993316105435,2.454556482350589,2.461883068084717,412800,0.0,0.0
1980-08-05 00:00:00-04:00,0.0,2.4765372634338263,2.4399025440216064,2.4399025440216064,196800,0.0,0.0
1980-08-06 00:00:00-04:00,0.0,2.4105943871971514,2.373958773729278,2.4032669067382812,657600,0.0,0.0
1980-08-07 00:00:00-04:00,0.0,2.4472286701202393,2.41059395759444,2.4472286701202393,782400,0.0,0.0
1980-08-08 00:00:00-04:00,0.0,2.623078069903634,2.4765373956073415,2.579115867614746,595200,0.0,0.0
1980-08-11 00:00:00-04:00,0.0,2.608424186706543,2.5351538443833257,2.608424186706543,334400,0.0,0.0
1980-08-12 00:00:00-04:00,0.0,2.6304057366101876,2.608424186706543,2.608424186706543,492800,0.0,0.0
1980-08-13 00:00:00-04:00,0.0,2.7110023330436506,2.579115733057743,2.7036757469177246,371200,0.0,0.0
1980-08-14 00:00:00-04:00,0.0,2.798926591873169,2.696348130390906,2.798926591873169,374400,0.0,0.0
1980-08-15 00:00:00-04:00,0.0,2.813580649061893,2.718329668045044,2.718329668045044,195200,0.0,0.0
1980-08-18 00:00:00-04:00,0.0,2.72565583809794,2.5937692652867494,2.623077392578125,296000,0.0,0.0
1980-08-19 00:00:00-04:00,0.0,2.5791157345439113,2.5204994678497314,2.5204994678497314,313600,0.0,0.0
1980-08-20 00:00:00-04:00,0.0,2.5204994678497314,2.4911913345026417,2.5204994678497314,401600,0.0,0.0
1980-08-21 00:00:00-04:00,0.0,2.6304056644439697,2.5424812560683496,2.6304056644439697,350400,0.0,0.0
1980-08-22 00:00:00-04:00,0.0,2.7110025515923133,2.6523862802065334,2.6670403480529785,273600,0.0,0.0
1980-08-25 00:00:00-04:00,0.0,2.7183291400920395,2.6670394722650443,2.6743669509887695,80000,0.0,0.0
1980-08-26 00:00:00-04:00,0.0,2.689020837216496,2.645058651003798,2.6523852348327637,121600,0.0,0.0
1980-08-27 00:00:00-04:00,0.0,2.689020837216496,2.6377311727618644,2.6523852348327637,128000,0.0,0.0
1980-08-28 00:00:00-04:00,0.0,2.6230772248600345,2.5571343898773193,2.5571343898773193,296000,0.0,0.0
1980-08-29 00:00:00-04:00,0.0,2.5351535345232765,2.498518815046039,2.5204994678497314,160000,0.0,0.0
1980-09-02 00:00:00-04:00,0.0,2.5644617080688477,2.4472291728428432,2.5644617080688477,400000,0.0,0.0
1980-09-03 00:00:00-04:00,0.0,2.630404871607501,2.5864426806704373,2.623077392578125,212800,0.0,0.0
1980-09-04 00:00:00-04:00,0.0,2.747637266160886,2.652385409230621,2.6743669509887695,460800,0.0,0.0
1980-09-05 00:00:00-04:00,0.0,2.784272483054628,2.681694023152615,2.7549643516540527,305600,0.0,0.0
1980-09-08 00:00:00-04:00,0.0,2.776946304107976,2.6670403480529785,2.6670403480529785,408000,0.0,0.0
1980-09-09 00:00:00-04:00,0.0,2.7110017771306247,2.637731458829797,2.696347713470459,505600,0.0,0.0
1980-09-10 00:00:00-04:00,0.0,2.754964161944646,2.7036753827320275,2.725656032562256,137600,0.0,0.0
1980-09-11 00:00:00-04:00,0.0,2.9308130566110933,2.747637687779482,2.9234864711761475,587200,0.0,0.0
1980-09-12 00:00:00-04:00,0.0,2.945467525990165,2.8868512568162314,2.9161593914031982,212800,0.0,0.0
1980-09-15 00:00:00-04:00,0.0,2.8721967235053936,2.828234528757862,2.842888593673706,464000,0.0,0.0
1980-09-16 00:00:00-04:00,0.0,2.94546737909317,2.864870460205202,2.9308133125305176,177600,0.0,0.0
1980-09-17 00:00:00-04:00,0.0,3.1506236841529742,2.9747749203862965,3.128643035888672,448000,0.0,0.0
1980-09-18 00:00:00-04:00,0.0,3.223894618806385,3.0480458214169457,3.0773539543151855,763200,0.0,0.0
1980-09-19 00:00:00-04:00,0.0,3.2825103278632635,3.092007496335485,3.253202199935913,312000,0.0,0.0
1980-09-22 00:00:00-04:00,0.0,3.2385485249537007,3.1506241306110665,3.165278196334839,203200,0.0,0.0
1980-09-23 00:00:00-04:00,0.0,3.165278377532959,2.9308133125305176,2.9308133125305176,372800,0.0,0.0
1980-09-24 00:00:00-04:00,0.0,3.0407188603002777,2.8282344757931903,3.018737316131592,612800,0.0,0.0
1980-09-25 00:00:00-04:00,0.0,3.048044954366352,2.9015043315602775,2.9454665184020996,176000,0.0,0.0
1980-09-26 00:00:00-04:00,0.0,2.945466949532069,2.7403100475746114,2.8282344341278076,376000,0.0,0.0
1980-09-29 00:00:00-04:00,0.0,2.769617886156649,2.623077257259472,2.7110016345977783,409600,0.0,0.0
1980-09-30 00:00:00-04:00,0.0,2.813580495398221,2.7110020398368273,2.8062539100646973,147200,0.0,0.0
1980-10-01 00:00:00-04:00,0.0,2.8502159118652344,2.806253719608288,2.8502159118652344,196800,0.0,0.0
1980-10-02 00:00:00-04:00,0.0,2.9234864439660604,2.85021611823274,2.8868508338928223,124800,0.0,0.0
1980-10-03 00:00:00-04:00,0.0,2.9454670264441307,2.894178246822069,2.908832311630249,118400,0.0,0.0
1980-10-06 00:00:00-04:00,0.0,3.0333913807730073,2.9527944724517847,3.018737316131592,259200,0.0,0.0
1980-10-07 00:00:00-04:00,0.0,3.1286427633196445,3.0480449730751076,3.0920071601867676,384000,0.0,0.0
1980-10-08 00:00:00-04:00,0.0,3.165278196334839,3.092007867715977,3.165278196334839,211200,0.0,0.0
1980-10-09 00:00:00-04:00,0.0,3.1652785031989428,3.062700033187866,3.062700033187866,83200,0.0,0.0
1980-10-10 00:00:00-04:00,0.0,3.0626990166469596,2.9454665184020996,2.9454665184020996,180800,0.0,0.0
1980-10-13 00:00:00-04:00,0.0,3.0333912190466457,2.974774963606131,3.02606463432312,59200,0.0,0.0
1980-10-14 00:00:00-04:00,0.0,3.0480458568091913,3.011411137467627,3.0407192707061768,150400,0.0,0.0
1980-10-15 00:00:00-04:00,0.0,3.048045832936357,3.0040836334228516,3.0040836334228516,80000,0.0,0.0
1980-10-16 00:00:00-04:00,0.0,3.0260643081519314,2.9454665184020996,2.9454665184020996,228800,0.0,0.0
1980-10-17 00:00:00-04:00,0.0,2.9088322171863688,2.8209078311920166,2.8209078311920166,214400,0.0,0.0
1980-10-20 00:00:00-04:00,0.0,2.9308133125305176,2.791600127391939,2.9308133125305176,97600,0.0,0.0
1980-10-21 00:00:00-04:00,0.0,3.0480457205738984,2.9747753907524106,2.982102870941162,232000,0.0,0.0
1980-10-22 00:00:00-04:00,0.0,2.989429473876953,2.96012134178012,2.989429473876953,51200,0.0,0.0
1980-10-23 00:00:00-04:00,0.0,3.0626989968394143,2.9381399154663086,2.9381399154663086,382400,0.0,0.0
1980-10-24 00:00:00-04:00,0.0,2.960120561538573,2.923485853280474,2.9381399154663086,75200,0.0,0.0
1980-10-27 00:00:00-05:00,0.0,2.9234862322934783,2.813580304444567,2.8502159118652344,97600,0.0,0.0
1980-10-28 00:00:00-05:00,0.0,2.8648701382540427,2.828234528757862,2.842888593673706,88000,0.0,0.0
1980-10-29 00:00:00-05:00,0.0,2.894178628921509,2.8502164286929283,2.894178628921509,32000,0.0,0.0
1980-10-30 00:00:00-05:00,0.0,2.8868506248728107,2.8502159118652344,2.8502159118652344,28800,0.0,0.0
1980-10-31 00:00:00-05:00,0.0,2.8062536381282333,2.645058937866412,2.696347713470459,436800,0.0,0.0
1980-11-03 00:00:00-05:00,0.0,2.798926591873169,2.7183296764865643,2.798926591873169,257600,0.0,0.0
1980-11-05 00:00:00-05:00,0.0,2.945467320386609,2.8795244693756104,2.8795244693756104,409600,0.0,0.0
1980-11-06 00:00:00-05:00,0.0,2.8795242070030773,2.769618272781372,2.769618272781372,347200,0.0,0.0
1980-11-07 00:00:00-05:00,0.0,2.8135806404845645,2.7476377914298067,2.791599988937378,252800,0.0,0.0
1980-11-10 00:00:00-05:00,0.0,2.8575429506599903,2.8135807514190674,2.8135807514190674,180800,0.0,0.0
1980-11-11 00:00:00-05:00,0.0,2.9308130293328145,2.84288863845283,2.8868508338928223,260800,0.0,0.0
1980-11-12 00:00:00-05:00,0.0,2.9747745990753174,2.9088317669919546,2.9747745990753174,219200,0.0,0.0
1980-11-13 00:00:00-05:00,0.0,3.2971649169921875,3.0333917236328127,3.2971649169921875,736000,0.0,0.0
1980-11-14 00:00:00-05:00,0.0,3.3118184557906143,3.194585944081212,3.253202199935913,355200,0.0,0.0
1980-11-17 00:00:00-05:00,0.0,3.41439719511115,3.179932151670041,3.3704349994659424,289600,0.0,0.0
1980-11-18 00:00:00-05:00,0.0,3.5023207108853227,3.414396341574394,3.4583585262298584,252800,0.0,0.0
1980-11-19 00:00:00-05:00,0.0,3.502321581130332,3.4437053203582764,3.4437053203582764,227200,0.0,0.0
1980-11-20 00:00:00-05:00,0.0,3.487666915855402,3.4217240810394287,3.4217240810394287,105600,0.0,0.0
1980-11-21 00:00:00-05:00,0.0,3.4437053255412886,3.3704349994659424,3.3704349994659424,38400,0.0,0.0
1980-11-24 00:00:00-05:00,0.0,3.3411274504872552,3.2238949083648953,3.311819314956665,360000,0.0,0.0
1980-11-25 00:00:00-05:00,0.0,3.399742603302002,3.326472288575666,3.399742603302002,60800,0.0,0.0
1980-11-26 00:00:00-05:00,0.0,3.4656870015541226,3.3044922780960984,3.348454475402832,174400,0.0,0.0
1980-11-28 00:00:00-05:00,0.0,3.3411268242655345,3.311818694228118,3.326472759246826,107200,0.0,0.0
1980-12-01 00:00:00-05:00,0.0,3.3704346608897864,3.209239959716797,3.209239959716797,200000,0.0,0.0
1980-12-02 00:00:00-05:00,0.0,3.1799322620586112,3.1213159991635218,3.165278196334839,112000,0.0,0.0
1980-12-03 00:00:00-05:00,0.0,3.1652784179859674,3.121316217736162,3.157951831817627,134400,0.0,0.0
1980-12-04 00:00:00-05:00,0.0,3.1945861647839036,3.150623969855685,3.172605514526367,91200,0.0,0.0
1980-12-05 00:00:00-05:00,0.0,3.1945863277823836,3.1286434792320033,3.165278196334839,73600,0.0,0.0
1980-12-08 00:00:00-05:00,0.0,3.1359701343611173,2.9527947559625174,2.989429473876953,420800,0.0,0.0
1980-12-09 00:00:00-05:00,0.0,2.9821022192976816,2.9088319054870877,2.960120677947998,308800,0.0,0.0
1980-12-10 00:00:00-05:00,0.0,2.960121482057753,2.894178628921509,2.894178628921509,80000,0.0,0.0
1980-12-11 00:00:00-05:00,0.0,2.87219779328958,2.7329845719440167,2.776946783065796,280000,0.0,0.0
1980-12-12 00:00:00-05:00,0.0,2.8575426585895496,2.7329835540114478,2.842888593673706,115200,0.0,0.0
1980-12-15 00:00:00-05:00,0.0,2.9454669482780225,2.886850690600848,2.9015047550201416,105600,0.0,0.0
1980-12-16 00:00:00-05:00,0.0,2.9308133125305176,2.8795245267678546,2.9308133125305176,134400,0.0,0.0
1980-12-17 00:00:00-05:00,0.0,2.982102870941162,2.9015050609309228,2.982102870941162,209600,0.0,0.0
1980-12-18 00:00:00-05:00,0.0,3.0553732183014324,2.989429473876953,2.989429473876953,97600,0.0,0.0
1980-12-19 00:00:00-05:00,0.0,2.9821020773140066,2.9308124128820863,2.9747745990753174,105600,0.0,0.0
1980-12-22 00:00:00-05:00,0.0,3.018737316131592,2.9454669929245143,3.018737316131592,54400,0.0,0.0
1980-12-23 00:00:00-05:00,0.0,3.0773538701674514,2.9747754078285364,2.989429473876953,153600,0.0,0.0
1980-12-24 00:00:00-05:00,0.0,3.0260646818302774,2.960120946217888,2.9967565536499023,110400,0.0,0.0
1980-12-26 00:00:00-05:00,0.0,2.9967565536499023,2.9967565536499023,2.9967565536499023,8000,0.0,0.0
1980-12-29 00:00:00-05:00,0.0,3.0040836453437807,2.9308133125305176,2.9308133125305176,142400,0.0,0.0
1980-12-30 00:00:00-05:00,0.0,2.923486298855638,2.8721966261815544,2.9015047550201416,96000,0.0,0.0
1980-12-31 00:00:00-05:00,0.0,2.908832559439437,2.835562229156494,2.835562229156494,51200,0.0,0.0
1981-01-02 00:00:00-05:00,0.0,2.813580935275384,2.7549646657904803,2.7622921466827393,110400,0.0,0.0
1981-01-05 00:00:00-05:00,0.0,2.872197058261969,2.6963482587765424,2.8575429916381836,148800,0.0,0.0
1981-01-06 00:00:00-05:00,0.0,2.9967570592690755,2.9015051794052122,2.9308133125305176,204800,0.0,0.0
1981-01-07 00:00:00-05:00,0.0,2.8135807514190674,2.7622919661779406,2.8135807514190674,404800,0.0,0.0
1981-01-08 00:00:00-05:00,0.0,2.857542662393479,2.769618272781372,2.769618272781372,145600,0.0,0.0
1981-01-09 00:00:00-05:00,0.0,2.7696185634735433,2.7403104305267334,2.7403104305267334,62400,0.0,0.0
1981-01-12 00:00:00-05:00,0.0,2.7403104663738524,2.7036757469177246,2.7036757469177246,200000,0.0,0.0
1981-01-13 00:00:00-05:00,0.0,2.74763822555542,2.6890219529506467,2.74763822555542,297600,0.0,0.0
1981-01-14 00:00:00-05:00,0.0,2.798926402652074,2.7476376225849166,2.769618272781372,115200,0.0,0.0
1981-01-15 00:00:00-05:00,0.0,2.754964497000138,2.7256563640533282,2.7403104305267334,200000,0.0,0.0
1981-01-16 00:00:00-05:00,0.0,2.7696188805755404,2.7256566761219605,2.74763822555542,152000,0.0,0.0
1981-01-19 00:00:00-05:00,0.0,2.747637910970054,2.7256563640533282,2.7403104305267334,145600,0.0,0.0
1981-01-20 00:00:00-05:00,0.0,2.725655697487496,2.7110016345977783,2.7110016345977783,89600,0.0,0.0
1981-01-21 00:00:00-05:00,0.0,2.6963478088378907,2.6377315521240234,2.6377315521240234,374400,0.0,0.0
1981-01-22 00:00:00-05:00,0.0,2.6670395835151885,2.5791152016410615,2.623077392578125,214400,0.0,0.0
1981-01-23 00:00:00-05:00,0.0,2.608424002474005,2.564461800185117,2.579115867614746,230400,0.0,0.0
1981-01-26 00:00:00-05:00,0.0,2.5644614587476235,2.4838645458221436,2.4838645458221436,169600,0.0,0.0
1981-01-27 00:00:00-05:00,0.0,2.5204994509950955,2.4985187983383876,2.5131728649139404,329600,0.0,0.0
1981-01-28 00:00:00-05:00,0.0,2.5278269314894932,2.4985187983383876,2.5131728649139404,49600,0.0,0.0
1981-01-29 00:00:00-05:00,0.0,2.5204991346214247,2.498518484723734,2.505845069885254,174400,0.0,0.0
1981-01-30 00:00:00-05:00,0.0,2.505844859414508,2.469210147857666,2.469210147857666,235200,0.0,0.0
1981-02-02 00:00:00-05:00,0.0,2.4325747519546415,2.344650363329775,2.359304428100586,545600,0.0,0.0
1981-02-03 00:00:00-05:00,0.0,2.359304812550545,2.2493997560669414,2.3446507453918457,270400,0.0,0.0
1981-02-04 00:00:00-05:00,0.0,2.4325749703122104,2.373958705967338,2.425248384475708,225600,0.0,0.0
1981-02-05 00:00:00-05:00,0.0,2.5058452143388634,2.469210497593132,2.4911911487579346,401600,0.0,0.0
1981-02-06 00:00:00-05:00,0.0,2.5204994509950955,2.4911913178439895,2.5131728649139404,217600,0.0,0.0
1981-02-09 00:00:00-05:00,0.0,2.5131725523408175,2.4252481638230012,2.43257474899292,51200,0.0,0.0
1981-02-10 00:00:00-05:00,0.0,2.4472289591124565,2.4179208278656006,2.4179208278656006,126400,0.0,0.0
1981-02-11 00:00:00-05:00,0.0,2.417920956197671,2.388612823395275,2.3959403038024902,84800,0.0,0.0
1981-02-12 00:00:00-05:00,0.0,2.3666318424120694,2.300688105555826,2.3080155849456787,225600,0.0,0.0
1981-02-13 00:00:00-05:00,0.0,2.3519785404205322,2.293362263954144,2.3519785404205322,65600,0.0,0.0
1981-02-17 00:00:00-05:00,0.0,2.388612946867943,2.3226700918604366,2.3446507453918457,80000,0.0,0.0
1981-02-18 00:00:00-05:00,0.0,2.366631907692558,2.3373237781509357,2.359304428100586,60800,0.0,0.0
1981-02-19 00:00:00-05:00,0.0,2.388613002209724,2.315342664718628,2.315342664718628,153600,0.0,0.0
1981-02-20 00:00:00-05:00,0.0,2.308015885733222,2.1907833555223464,2.205437421798706,345600,0.0,0.0
1981-02-23 00:00:00-05:00,0.0,2.271379690360714,2.1981093777684326,2.2640531063079834,188800,0.0,0.0
1981-02-24 00:00:00-05:00,0.0,2.3299967710004563,2.278707981109619,2.278707981109619,76800,0.0,0.0
1981-02-25 00:00:00-05:00,0.0,2.3226701456743872,2.2860345297221896,2.315342664718628,360000,0.0,0.0
1981-02-26 00:00:00-05:00,0.0,2.366632253483038,2.3006885051727295,2.3006885051727295,192000,0.0,0.0
1981-02-27 00:00:00-05:00,0.0,2.286033798261039,2.2347450256347656,2.2347450256347656,235200,0.0,0.0
1981-03-02 00:00:00-05:00,0.0,2.249399185180664,2.1907829314223806,2.249399185180664,246400,0.0,0.0
1981-03-03 00:00:00-05:00,0.0,2.3080155849456787,2.2493993274792885,2.3080155849456787,228800,0.0,0.0
1981-03-04 00:00:00-05:00,0.0,2.388612946867943,2.3226700918604366,2.3446507453918457,96000,0.0,0.0
1981-03-05 00:00:00-05:00,0.0,2.3519776515833266,2.329996109008789,2.329996109008789,76800,0.0,0.0
1981-03-06 00:00:00-05:00,0.0,2.3153423145345737,2.278707598536495,2.2933616638183594,185600,0.0,0.0
1981-03-09 00:00:00-05:00,0.0,2.308016133021738,2.28603458404541,2.28603458404541,96000,0.0,0.0
1981-03-10 00:00:00-05:00,0.0,2.3153427197383,2.28603458404541,2.28603458404541,41600,0.0,0.0
1981-03-11 00:00:00-05:00,0.0,2.3226701070980784,2.2713804244995117,2.2713804244995117,121600,0.0,0.0
1981-03-12 00:00:00-05:00,0.0,2.3006885051727295,2.249399718187613,2.3006885051727295,124800,0.0,0.0
1981-03-13 00:00:00-05:00,0.0,2.476536827613932,2.35930431506416,2.4105939865112305,742400,0.0,0.0
1981-03-16 00:00:00-05:00,0.0,2.417920973242783,2.373958773729278,2.4032669067382812,601600,0.0,0.0
1981-03-17 00:00:00-05:00,0.0,2.5571347465997256,2.43257474899292,2.43257474899292,371200,0.0,0.0
1981-03-18 00:00:00-05:00,0.0,2.505845069885254,2.4325747462043985,2.505845069885254,246400,0.0,0.0
1981-03-19 00:00:00-05:00,0.0,2.5498079758929073,2.4985191822052,2.4985191822052,196800,0.0,0.0
1981-03-20 00:00:00-05:00,0.0,2.4985183409520535,2.4472286701202393,2.4472286701202393,137600,0.0,0.0
1981-03-23 00:00:00-05:00,0.0,2.4911911487579346,2.4618830175960764,2.4911911487579346,208000,0.0,0.0
1981-03-24 00:00:00-05:00,0.0,2.6304054563401067,2.549807641165597,2.5644617080688477,216000,0.0,0.0
1981-03-25 00:00:00-05:00,0.0,2.329996749466541,2.234745757229593,2.242072343826294,744000,0.0,0.0
1981-03-26 00:00:00-05:00,0.0,2.2420719192452627,2.139493465423584,2.139493465423584,612800,0.0,0.0
1981-03-27 00:00:00-05:00,0.0,2.1834556880104374,2.1468209726665006,2.176129102706909,315200,0.0,0.0
1981-03-30 00:00:00-05:00,0.0,2.2713804790397094,2.1981101410061705,2.242072343826294,232000,0.0,0.0
1981-03-31 00:00:00-05:00,0.0,2.3373235880046552,2.2420717275367594,2.329996109008789,238400,0.0,0.0
1981-04-01 00:00:00-05:00,0.0,2.3153425862914636,2.2274181842803955,2.2274181842803955,112000,0.0,0.0
1981-04-02 00:00:00-05:00,0.0,2.2713800916424045,2.220091310973185,2.256726026535034,1020800,0.0,0.0
1981-04-03 00:00:00-05:00,0.0,2.271380344493277,2.1834559440612793,2.1834559440612793,508800,0.0,0.0
1981-04-06 00:00:00-05:00,0.0,2.176129025553687,2.1394934170954936,2.1688015460968018,153600,0.0,0.0
1981-04-07 00:00:00-05:00,0.0,2.205437421798706,2.168801808901195,2.205437421798706,408000,0.0,0.0
1981-04-08 00:00:00-05:00,0.0,2.205437925871943,2.1248400957239744,2.1321675777435303,153600,0.0,0.0
1981-04-09 00:00:00-05:00,0.0,2.1981096267700195,2.0955311775207517,2.1981096267700195,270400,0.0,0.0
1981-04-10 00:00:00-05:00,0.0,2.278707981109619,2.227418296805468,2.278707981109619,177600,0.0,0.0
1981-04-13 00:00:00-05:00,0.0,2.3739588797092437,2.2713804095983505,2.3446507453918457,158400,0.0,0.0
1981-04-14 00:00:00-05:00,0.0,2.3519776515833266,2.308015460847312,2.329996109008789,292800,0.0,0.0
1981-04-15 00:00:00-05:00,0.0,2.3593048672132855,2.315342664718628,2.315342664718628,180800,0.0,0.0
1981-04-16 00:00:00-05:00,0.0,2.3959395099159253,2.337323263733431,2.3886120319366455,304000,0.0,0.0
1981-04-20 00:00:00-05:00,0.0,2.461883068084717,2.381286152943306,2.461883068084717,137600,0.0,0.0
1981-04-21 00:00:00-05:00,0.0,2.461883068084717,2.410594284706219,2.461883068084717,155200,0.0,0.0
1981-04-22 00:00:00-05:00,0.0,2.4618830247358843,2.4179208278656006,2.4179208278656006,190400,0.0,0.0
1981-04-23 00:00:00-05:00,0.0,2.461883102484647,2.4179209042259924,2.425248384475708,243200,0.0,0.0
1981-04-24 00:00:00-05:00,0.0,2.4618830247358843,2.388612696618745,2.4179208278656006,84800,0.0,0.0
1981-04-27 00:00:00-04:00,0.0,2.4472286701202393,2.388612414548497,2.4472286701202393,121600,0.0,0.0
1981-04-28 00:00:00-04:00,0.0,2.4325754733551173,2.337324471303935,2.3519785404205322,76800,0.0,0.0
1981-04-29 00:00:00-04:00,0.0,2.373958127989907,2.2640531063079834,2.2640531063079834,124800,0.0,0.0
1981-04-30 00:00:00-04:00,0.0,2.286034156749775,2.256726026535034,2.256726026535034,43200,0.0,0.0
1981-05-01 00:00:00-04:00,0.0,2.300688221857145,2.256726026535034,2.256726026535034,72000,0.0,0.0
1981-05-04 00:00:00-04:00,0.0,2.2713803852859296,2.212764117278551,2.2274181842803955,72000,0.0,0.0
1981-05-05 00:00:00-04:00,0.0,2.2420718193054197,2.1981096267700195,2.1981096267700195,139200,0.0,0.0
1981-05-06 00:00:00-04:00,0.0,2.220091170244268,2.1981096267700195,2.1981096267700195,67200,0.0,0.0
1981-05-07 00:00:00-04:00,0.0,2.2567257696939236,2.19810951593564,2.249399185180664,76800,0.0,0.0
1981-05-08 00:00:00-04:00,0.0,2.3006878153976262,2.249399043789527,2.2640531063079834,537600,0.0,0.0
1981-05-11 00:00:00-04:00,0.0,2.315342664718628,2.234745740685072,2.315342664718628,128000,0.0,0.0
1981-05-12 00:00:00-04:00,0.0,2.300688221857145,2.2347453760805553,2.256726026535034,478400,0.0,0.0
1981-05-13 00:00:00-04:00,0.0,2.2567256726423075,2.2347450256347656,2.2347450256347656,220800,0.0,0.0
1981-05-14 00:00:00-04:00,0.0,2.2860344917543474,2.256726357244676,2.2713804244995117,502400,0.0,0.0
1981-05-15 00:00:00-04:00,0.0,2.3226700527472537,2.2933619189233974,2.3006885051727295,193600,0.0,0.0
1981-05-18 00:00:00-04:00,0.0,2.3153420234522075,2.242071706254353,2.249399185180664,283200,0.0,0.0
1981-05-19 00:00:00-04:00,0.0,2.2713804244995117,2.227418222735005,2.2713804244995117,203200,0.0,0.0
1981-05-20 00:00:00-04:00,0.0,2.28603375287917,2.2567256278422576,2.2640531063079834,297600,0.0,0.0
1981-05-21 00:00:00-04:00,0.0,2.256726411433002,2.2200916896228855,2.242072343826294,219200,0.0,0.0
1981-05-22 00:00:00-04:00,0.0,2.3006885051727295,2.256726304436945,2.3006885051727295,632000,0.0,0.0
1981-05-26 00:00:00-04:00,0.0,2.3153423145345737,2.2933616638183594,2.2933616638183594,212800,0.0,0.0
1981-05-27 00:00:00-04:00,0.0,2.461883068084717,2.286034277507237,2.461883068084717,1336000,0.0,0.0
1981-05-28 00:00:00-04:00,0.0,2.5644616678703662,2.4765372678290967,2.5204994678497314,924800,0.0,0.0
1981-05-29 00:00:00-04:00,0.0,2.6523859848089164,2.542480935407423,2.615751266479492,662400,0.0,0.0
1981-06-01 00:00:00-04:00,0.0,2.5791157345439113,2.4765372678290967,2.5204994678497314,270400,0.0,0.0
1981-06-02 00:00:00-04:00,0.0,2.4985186113007014,2.4765370658762764,2.4838645458221436,73600,0.0,0.0
1981-06-03 00:00:00-04:00,0.0,2.505845069885254,2.410594096306707,2.505845069885254,358400,0.0,0.0
1981-06-04 00:00:00-04:00,0.0,2.5131725494599046,2.4618828756767406,2.505845069885254,206400,0.0,0.0
1981-06-05 00:00:00-04:00,0.0,2.5498076011968216,2.505845401176187,2.5204994678497314,619200,0.0,0.0
1981-06-08 00:00:00-04:00,0.0,2.535153199357596,2.498518484723734,2.505845069885254,67200,0.0,0.0
1981-06-09 00:00:00-04:00,0.0,2.579115867614746,2.4911914630369707,2.579115867614746,161600,0.0,0.0
1981-06-10 00:00:00-04:00,0.0,2.6377320425851005,2.5644617080688477,2.5644617080688477,219200,0.0,0.0
1981-06-11 00:00:00-04:00,0.0,2.5644614766625797,2.4838645631740612,2.4911911487579346,622400,0.0,0.0
1981-06-12 00:00:00-04:00,0.0,2.5717884525860346,2.5204987858990275,2.5571343898773193,680000,0.0,0.0
1981-06-15 00:00:00-04:00,0.0,2.5937698012174564,2.5131728817195835,2.5204994678497314,302400,0.0,0.0
1981-06-16 00:00:00-04:00,0.0,2.5351533797255095,2.4252483335914055,2.454556465148926,502400,0.0,0.0
1981-06-17 00:00:00-04:00,0.0,2.461883196786289,2.432575063491214,2.4399025440216064,140800,0.0,0.0
1981-06-18 00:00:00-04:00,0.0,2.4618823396647636,2.3886120319366455,2.3886120319366455,147200,0.0,0.0
1981-06-19 00:00:00-04:00,0.0,2.37395949940303,2.308016627181924,2.3226706981658936,283200,0.0,0.0
1981-06-22 00:00:00-04:00,0.0,2.3226700527472537,2.3006885051727295,2.3006885051727295,36800,0.0,0.0
1981-06-23 00:00:00-04:00,0.0,2.3519785404205322,2.308016333070741,2.3519785404205322,161600,0.0,0.0
1981-06-24 00:00:00-04:00,0.0,2.3666317151619984,2.3153420454301177,2.329996109008789,96000,0.0,0.0
1981-06-25 00:00:00-04:00,0.0,2.3080160398432428,2.2493997708239006,2.2713804244995117,232000,0.0,0.0
1981-06-26 00:00:00-04:00,0.0,2.2713800781316626,2.176129102706909,2.176129102706909,72000,0.0,0.0
1981-06-29 00:00:00-04:00,0.0,2.212764024734497,2.1688018255675865,2.212764024734497,596800,0.0,0.0
1981-06-30 00:00:00-04:00,0.0,2.2640538924430085,2.227418276219586,2.242072343826294,156800,0.0,0.0
1981-07-01 00:00:00-04:00,0.0,2.2640537043025084,2.212764024734497,2.212764024734497,60800,0.0,0.0
1981-07-02 00:00:00-04:00,0.0,2.1981101200498383,2.1248397827148438,2.1248397827148438,368000,0.0,0.0
1981-07-06 00:00:00-04:00,0.0,2.139493867329189,2.0515694618225098,2.0515694618225098,67200,0.0,0.0
1981-07-07 00:00:00-04:00,0.0,2.1101857321602955,2.044242875236939,2.0515694618225098,326400,0.0,0.0
1981-07-08 00:00:00-04:00,0.0,2.0955313695988185,2.0588966530012325,2.0808773040771484,139200,0.0,0.0
1981-07-09 00:00:00-04:00,0.0,2.1101858615875244,2.0515695876545377,2.1101858615875244,288000,0.0,0.0
1981-07-10 00:00:00-04:00,0.0,2.139493465423584,2.1248394005919153,2.139493465423584,41600,0.0,0.0
1981-07-13 00:00:00-04:00,0.0,2.1248400794876203,2.0882053529100624,2.095531940460205,124800,0.0,0.0
1981-07-14 00:00:00-04:00,0.0,2.09553149887161,2.058896780014038,2.058896780014038,132800,0.0,0.0
1981-07-15 00:00:00-04:00,0.0,2.0882051709300633,2.0588970344567525,2.066223621368408,73600,0.0,0.0
1981-07-16 00:00:00-04:00,0.0,2.0735509395599365,2.066223458811415,2.0735509395599365,17600,0.0,0.0
1981-07-17 00:00:00-04:00,0.0,2.095531940460205,2.0735512833963545,2.095531940460205,28800,0.0,0.0
1981-07-20 00:00:00-04:00,0.0,2.1101858615875244,2.080877724621031,2.1101858615875244,150400,0.0,0.0
1981-07-21 00:00:00-04:00,0.0,2.09553149887161,2.058896780014038,2.058896780014038,166400,0.0,0.0
1981-07-22 00:00:00-04:00,0.0,2.0808776896050634,2.066223621368408,2.066223621368408,139200,0.0,0.0
1981-07-23 00:00:00-04:00,0.0,2.1907832622528076,2.0442426057279772,2.1907832622528076,190400,0.0,0.0
1981-07-24 00:00:00-04:00,0.0,2.190783071919715,2.1394933993854277,2.1614749431610107,94400,0.0,0.0
1981-07-27 00:00:00-04:00,0.0,2.242072343826294,2.146821351589346,2.242072343826294,371200,0.0,0.0
1981-07-28 00:00:00-04:00,0.0,2.2567262239014076,2.198109958345527,2.212764024734497,318400,0.0,0.0
1981-07-29 00:00:00-04:00,0.0,2.2274180740066325,2.1981099414539136,2.205437421798706,456000,0.0,0.0
1981-07-30 00:00:00-04:00,0.0,2.2127638180508455,2.176129102706909,2.176129102706909,40000,0.0,0.0
1981-07-31 00:00:00-04:00,0.0,2.1761289295385735,2.1541473865509033,2.1541473865509033,32000,0.0,0.0
1981-08-03 00:00:00-04:00,0.0,2.161475700478601,2.095531940460205,2.095531940460205,115200,0.0,0.0
1981-08-04 00:00:00-04:00,0.0,2.139493465423584,2.0808772060969103,2.139493465423584,97600,0.0,0.0
1981-08-05 00:00:00-04:00,0.0,2.168801595086921,2.11751281538265,2.139493465423584,88000,0.0,0.0
1981-08-06 00:00:00-04:00,0.0,2.139494149001328,2.0882053529100624,2.095531940460205,91200,0.0,0.0
1981-08-07 00:00:00-04:00,0.0,2.080877525895184,2.0588968724761676,2.0735509395599365,120000,0.0,0.0
1981-08-10 00:00:00-04:00,0.0,2.095531940460205,2.058897213882647,2.095531940460205,76800,0.0,0.0
1981-08-11 00:00:00-04:00,0.0,2.1614749431610107,2.1101852706267232,2.1614749431610107,168000,0.0,0.0
1981-08-12 00:00:00-04:00,0.0,2.205437421798706,2.1834558751775544,2.205437421798706,67200,0.0,0.0
1981-08-13 00:00:00-04:00,0.0,2.1981096267700195,2.183455562591553,2.1981096267700195,96000,0.0,0.0
1981-08-14 00:00:00-04:00,0.0,2.1834555925234844,2.1614749431610107,2.1614749431610107,91200,0.0,0.0
1981-08-17 00:00:00-04:00,0.0,2.168802395441904,2.1468217372894287,2.1468217372894287,67200,0.0,0.0
1981-08-18 00:00:00-04:00,0.0,2.168802395441904,2.1468217372894287,2.1468217372894287,43200,0.0,0.0
1981-08-19 00:00:00-04:00,0.0,2.1321674115190743,2.1101858615875244,2.1101858615875244,537600,0.0,0.0
1981-08-20 00:00:00-04:00,0.0,2.132167487201029,2.1101859364892377,2.117513418197632,232000,0.0,0.0
1981-08-21 00:00:00-04:00,0.0,2.117513418197632,2.117513418197632,2.117513418197632,27200,0.0,0.0
1981-08-24 00:00:00-04:00,0.0,2.110185826078374,2.066223621368408,2.066223621368408,222400,0.0,0.0
1981-08-25 00:00:00-04:00,0.0,2.095531757841719,2.0515695531317526,2.066223621368408,601600,0.0,0.0
1981-08-26 00:00:00-04:00,0.0,2.102858446563386,2.08087690528695,2.0882043838500977,57600,0.0,0.0
1981-08-27 00:00:00-04:00,0.0,2.1028590737274744,2.0735509395599365,2.0735509395599365,321600,0.0,0.0
1981-08-28 00:00:00-04:00,0.0,2.0882047840445725,2.0662232385554784,2.0808773040771484,72000,0.0,0.0
1981-08-31 00:00:00-04:00,0.0,2.110185565297286,2.058896780014038,2.058896780014038,110400,0.0,0.0
1981-09-01 00:00:00-04:00,0.0,2.0588964396503853,1.9929527044296265,1.9929527044296265,468800,0.0,0.0
1981-09-02 00:00:00-04:00,0.0,2.0002805521914664,1.9709724187850952,1.9709724187850952,100800,0.0,0.0
1981-09-03 00:00:00-04:00,0.0,1.9563186701525423,1.839086117466649,1.8683942556381226,232000,0.0,0.0
1981-09-04 00:00:00-04:00,0.0,1.8903744472190738,1.8464122507721186,1.8757203817367554,844800,0.0,0.0
1981-09-08 00:00:00-04:00,0.0,1.8757205101958843,1.8390857911877396,1.853739857673645,204800,0.0,0.0
1981-09-09 00:00:00-04:00,0.0,1.8977019786834717,1.853739781043081,1.8977019786834717,116800,0.0,0.0
1981-09-10 00:00:00-04:00,0.0,1.9563190057579596,1.897702719359422,1.9416649341583252,102400,0.0,0.0
1981-09-11 00:00:00-04:00,0.0,1.9856264854882808,1.963644938226877,1.9709724187850952,76800,0.0,0.0
1981-09-14 00:00:00-04:00,0.0,1.956317605114374,1.9270094828985251,1.9343360662460327,219200,0.0,0.0
1981-09-15 00:00:00-04:00,0.0,1.934336911499044,1.9050287764763314,1.9123562574386597,120000,0.0,0.0
1981-09-16 00:00:00-04:00,0.0,1.8903749120600293,1.8317586357170828,1.8683942556381226,417600,0.0,0.0
1981-09-17 00:00:00-04:00,0.0,1.9123559926491396,1.8683937962021844,1.8757203817367554,118400,0.0,0.0
1981-09-18 00:00:00-04:00,0.0,1.8683939507255687,1.8390858173370361,1.8390858173370361,201600,0.0,0.0
1981-09-21 00:00:00-04:00,0.0,1.8903749120600293,1.8244320483809124,1.8683942556381226,156800,0.0,0.0
1981-09-22 00:00:00-04:00,0.0,1.8757205272284079,1.853739874506573,1.861066460609436,36800,0.0,0.0
1981-09-23 00:00:00-04:00,0.0,1.861066052990575,1.765815088036165,1.8171038627624512,200000,0.0,0.0
1981-09-24 00:00:00-04:00,0.0,1.8610664701718103,1.8171042700890117,1.8390858173370361,280000,0.0,0.0
1981-09-25 00:00:00-04:00,0.0,1.824431858676624,1.7804696559906006,1.7804696559906006,212800,0.0,0.0
1981-09-28 00:00:00-04:00,0.0,1.8171038627624512,1.6998713554874543,1.8171038627624512,212800,0.0,0.0
1981-09-29 00:00:00-04:00,0.0,1.9196830502315025,1.853740186552386,1.8683942556381226,406400,0.0,0.0
1981-09-30 00:00:00-04:00,0.0,1.8757208429742926,1.861066773888556,1.8683942556381226,107200,0.0,0.0
1981-10-01 00:00:00-04:00,0.0,1.8683939507255687,1.831758336783278,1.8390858173370361,123200,0.0,0.0
1981-10-02 00:00:00-04:00,0.0,1.8683942556381226,1.8317586357170828,1.8683942556381226,104000,0.0,0.0
1981-10-05 00:00:00-04:00,0.0,1.8903748989105225,1.8610667609429177,1.8903748989105225,73600,0.0,0.0
1981-10-06 00:00:00-04:00,0.0,1.927010324950016,1.8757206414536185,1.9123562574386597,105600,0.0,0.0
1981-10-07 00:00:00-04:00,0.0,1.9196828439876876,1.890374708964975,1.9123562574386597,67200,0.0,0.0
1981-10-08 00:00:00-04:00,0.0,2.014934539794922,1.9416642091553469,2.014934539794922,72000,0.0,0.0
1981-10-09 00:00:00-04:00,0.0,2.0149352921564967,1.9270108625586908,1.9416649341583252,86400,0.0,0.0
1981-10-12 00:00:00-04:00,0.0,1.948991060256958,1.934336992134725,1.948991060256958,134400,0.0,0.0
1981-10-13 00:00:00-04:00,0.0,1.9489908746180642,1.9196827411651611,1.9196827411651611,206400,0.0,0.0
1981-10-14 00:00:00-04:00,0.0,1.927010416984558,1.927010416984558,1.927010416984558,3200,0.0,0.0
1981-10-15 00:00:00-04:00,0.0,1.9123559926491396,1.8757203817367554,1.8757203817367554,51200,0.0,0.0
1981-10-16 00:00:00-04:00,0.0,1.8610661322496695,1.8244314193725586,1.8244314193725586,97600,0.0,0.0
1981-10-19 00:00:00-04:00,0.0,1.80245011207486,1.7584879142193754,1.7731419801712036,120000,0.0,0.0
1981-10-20 00:00:00-04:00,0.0,1.802450180053711,1.7584879805402058,1.802450180053711,531200,0.0,0.0
1981-10-21 00:00:00-04:00,0.0,1.8757205539279513,1.795123633582989,1.8464124202728271,185600,0.0,0.0
1981-10-22 00:00:00-04:00,0.0,1.8830480077445166,1.861066460609436,1.861066460609436,56000,0.0,0.0
1981-10-23 00:00:00-04:00,0.0,1.8610662717819213,1.8317581415176392,1.8317581415176392,68800,0.0,0.0
1981-10-26 00:00:00-05:00,0.0,1.8537394684924124,1.8171038627624512,1.8171038627624512,80000,0.0,0.0
1981-10-27 00:00:00-05:00,0.0,1.8464124202728271,1.831758353445265,1.8464124202728271,6400,0.0,0.0
1981-10-28 00:00:00-05:00,0.0,1.8683939411255448,1.853739874506573,1.861066460609436,110400,0.0,0.0
1981-10-29 00:00:00-05:00,0.0,1.8683939677207995,1.8464124202728271,1.8464124202728271,420800,0.0,0.0
1981-10-30 00:00:00-05:00,0.0,1.9123563011677245,1.846412548652062,1.9050288200378418,686400,0.0,0.0
1981-11-02 00:00:00-05:00,0.0,1.9636455943510018,1.8830486477597879,1.9416649341583252,166400,0.0,0.0
1981-11-03 00:00:00-05:00,0.0,1.9782992601394653,1.9196829857649627,1.9782992601394653,89600,0.0,0.0
1981-11-04 00:00:00-05:00,0.0,2.0076067684327854,1.956317991628272,1.9929527044296265,120000,0.0,0.0
1981-11-05 00:00:00-05:00,0.0,2.0222611256522716,1.9929529933964414,2.014934539794922,40000,0.0,0.0
1981-11-06 00:00:00-05:00,0.0,2.0002805521914664,1.9709724187850952,1.9709724187850952,388800,0.0,0.0
1981-11-09 00:00:00-05:00,0.0,1.9489907620573272,1.8977019786834717,1.8977019786834717,134400,0.0,0.0
1981-11-10 00:00:00-05:00,0.0,1.9489901273539572,1.9343360662460327,1.9343360662460327,422400,0.0,0.0
1981-11-11 00:00:00-05:00,0.0,1.9416649341583252,1.934337451151733,1.9416649341583252,67200,0.0,0.0
1981-11-12 00:00:00-05:00,0.0,2.0076067447662354,1.963644553275004,2.0076067447662354,32000,0.0,0.0
1981-11-13 00:00:00-05:00,0.0,2.0808773040771484,2.007606976468798,2.0808773040771484,129600,0.0,0.0
1981-11-16 00:00:00-05:00,0.0,2.0662230244454216,1.9782986404264673,1.9929527044296265,139200,0.0,0.0
1981-11-17 00:00:00-05:00,0.0,1.9929532844676823,1.9709726292721383,1.9856266975402832,59200,0.0,0.0
1981-11-18 00:00:00-05:00,0.0,2.000280765808428,1.9856266975402832,1.9856266975402832,176000,0.0,0.0
1981-11-19 00:00:00-05:00,0.0,2.0222608324359443,1.9929527044296265,1.9929527044296265,35200,0.0,0.0
1981-11-20 00:00:00-05:00,0.0,2.095531592978953,2.0076071904763393,2.0735509395599365,169600,0.0,0.0
1981-11-23 00:00:00-05:00,0.0,2.0808775969914026,2.0515694618225098,2.0515694618225098,64000,0.0,0.0
1981-11-24 00:00:00-05:00,0.0,2.0808774324459347,2.058896780014038,2.058896780014038,673600,0.0,0.0
1981-11-25 00:00:00-05:00,0.0,2.0808775969914026,2.044242875236939,2.0515694618225098,89600,0.0,0.0
1981-11-27 00:00:00-05:00,0.0,2.0369148724270563,2.0076067447662354,2.0076067447662354,120000,0.0,0.0
1981-11-30 00:00:00-05:00,0.0,2.022260808596646,1.9782986171054144,2.0076067447662354,97600,0.0,0.0
1981-12-01 00:00:00-05:00,0.0,1.9929532844676823,1.9636451479313928,1.9856266975402832,179200,0.0,0.0
1981-12-02 00:00:00-05:00,0.0,1.9782990049300626,1.9563183520819096,1.9709724187850952,859200,0.0,0.0
1981-12-03 00:00:00-05:00,0.0,1.9636451403059834,1.927010416984558,1.927010416984558,134400,0.0,0.0
1981-12-04 00:00:00-05:00,0.0,1.9782983278160666,1.9563176824912494,1.96364426612854,84800,0.0,0.0
1981-12-07 00:00:00-05:00,0.0,1.96364426612854,1.941663620803723,1.96364426612854,33600,0.0,0.0
1981-12-08 00:00:00-05:00,0.0,1.956317605114374,1.9270094828985251,1.9343360662460327,128000,0.0,0.0
1981-12-09 00:00:00-05:00,0.0,1.9343368078916126,1.9196827411651611,1.9196827411651611,35200,0.0,0.0
1981-12-10 00:00:00-05:00,0.0,1.9196827544106376,1.8464124202728271,1.8464124202728271,121600,0.0,0.0
1981-12-11 00:00:00-05:00,0.0,1.8683937515545694,1.802450011253357,1.8317581415176392,121600,0.0,0.0
1981-12-14 00:00:00-05:00,0.0,1.8171042465582126,1.7658154609990762,1.802450180053711,99200,0.0,0.0
1981-12-15 00:00:00-05:00,0.0,1.8024502064360948,1.7731420729981096,1.787796139717102,80000,0.0,0.0
1981-12-16 00:00:00-05:00,0.0,1.8171038627624512,1.8024497993530766,1.8171038627624512,696000,0.0,0.0
1981-12-17 00:00:00-05:00,0.0,1.8903748989105225,1.8317586229753127,1.8903748989105225,67200,0.0,0.0
1981-12-18 00:00:00-05:00,0.0,2.000280765808428,1.905028874858814,1.9856266975402832,110400,0.0,0.0
1981-12-21 00:00:00-05:00,0.0,2.02226185798645,1.985627126606509,2.02226185798645,84800,0.0,0.0
1981-12-22 00:00:00-05:00,0.0,2.0442425260032207,2.0149343958412618,2.029588460922241,132800,0.0,0.0
1981-12-23 00:00:00-05:00,0.0,2.036915046256155,2.029588460922241,2.029588460922241,97600,0.0,0.0
1981-12-24 00:00:00-05:00,0.0,2.0369159294211348,2.02226185798645,2.02226185798645,99200,0.0,0.0
1981-12-28 00:00:00-05:00,0.0,2.0515694618225098,2.022261326653617,2.0515694618225098,89600,0.0,0.0
1981-12-29 00:00:00-05:00,0.0,2.0515698494671057,2.0369157791137695,2.0369157791137695,150400,0.0,0.0
1981-12-30 00:00:00-05:00,0.0,2.0662235294069564,2.0515694618225098,2.0515694618225098,72000,0.0,0.0
1981-12-31 00:00:00-05:00,0.0,2.0662235294069564,2.0515694618225098,2.0515694618225098,56000,0.0,0.0
1982-01-04 00:00:00-05:00,0.0,2.1101858615875244,2.0515695876545377,2.1101858615875244,81600,0.0,0.0
1982-01-05 00:00:00-05:00,0.0,2.102858979291065,2.058896780014038,2.058896780014038,43200,0.0,0.0
1982-01-06 00:00:00-05:00,0.0,2.0369148724270563,2.0076067447662354,2.0076067447662354,224000,0.0,0.0
1982-01-07 00:00:00-05:00,0.0,2.0076067684327854,1.9929527044296265,1.9929527044296265,97600,0.0,0.0
1982-01-08 00:00:00-05:00,0.0,1.9929527044296265,1.9929527044296265,1.9929527044296265,131200,0.0,0.0
1982-01-11 00:00:00-05:00,0.0,2.022261031207738,2.0002803802490234,2.0002803802490234,1262400,0.0,0.0
1982-01-12 00:00:00-05:00,0.0,1.9929532844676823,1.9856266975402832,1.9856266975402832,24000,0.0,0.0
1982-01-13 00:00:00-05:00,0.0,1.9929534628185115,1.956318736076355,1.956318736076355,155200,0.0,0.0
1982-01-14 00:00:00-05:00,0.0,1.956318736076355,1.93433718450032,1.956318736076355,33600,0.0,0.0
1982-01-15 00:00:00-05:00,0.0,1.9563190057579596,1.934337451151733,1.9416649341583252,40000,0.0,0.0
1982-01-18 00:00:00-05:00,0.0,1.956318736076355,1.9416646664968071,1.956318736076355,1708800,0.0,0.0
1982-01-19 00:00:00-05:00,0.0,1.9782992601394653,1.9636451915458397,1.9782992601394653,22400,0.0,0.0
1982-01-20 00:00:00-05:00,0.0,1.96364426612854,1.96364426612854,1.96364426612854,140800,0.0,0.0
1982-01-21 00:00:00-05:00,0.0,1.9782992601394653,1.9636451915458397,1.9782992601394653,118400,0.0,0.0
1982-01-22 00:00:00-05:00,0.0,2.02226185798645,1.9929537151170813,2.02226185798645,49600,0.0,0.0
1982-01-25 00:00:00-05:00,0.0,2.0002807458914416,1.948991060256958,1.948991060256958,171200,0.0,0.0
1982-01-26 00:00:00-05:00,0.0,2.0076067684327854,1.9636445764233084,1.9929527044296265,88000,0.0,0.0
1982-01-27 00:00:00-05:00,0.0,1.992952389503593,1.96364426612854,1.96364426612854,57600,0.0,0.0
1982-01-28 00:00:00-05:00,0.0,2.02226185798645,1.978299643682397,2.02226185798645,185600,0.0,0.0
1982-01-29 00:00:00-05:00,0.0,2.066223621368408,2.0369154848950974,2.066223621368408,110400,0.0,0.0
1982-02-01 00:00:00-05:00,0.0,2.073551010405832,2.036915394238063,2.0515694618225098,190400,0.0,0.0
1982-02-02 00:00:00-05:00,0.0,2.1101854351204885,2.0808773040771484,2.0808773040771484,256000,0.0,0.0
1982-02-03 00:00:00-05:00,0.0,2.0882051709300633,2.066223621368408,2.066223621368408,14400,0.0,0.0
1982-02-04 00:00:00-05:00,0.0,2.095531940460205,2.0808778709464972,2.095531940460205,17600,0.0,0.0
1982-02-05 00:00:00-05:00,0.0,2.095531757841719,2.066223621368408,2.066223621368408,244800,0.0,0.0
1982-02-08 00:00:00-05:00,0.0,2.0808773901639315,2.014934539794922,2.014934539794922,27200,0.0,0.0
1982-02-09 00:00:00-05:00,0.0,1.9782991592700665,1.9050288200378418,1.9050288200378418,60800,0.0,0.0
1982-02-10 00:00:00-05:00,0.0,1.9343368078916126,1.8903746077122578,1.9196827411651611,81600,0.0,0.0
1982-02-11 00:00:00-05:00,0.0,1.9343369557307317,1.9050288200378418,1.9050288200378418,28800,0.0,0.0
1982-02-12 00:00:00-05:00,0.0,1.9050285644169365,1.890374498536806,1.8977019786834717,14400,0.0,0.0
1982-02-16 00:00:00-05:00,0.0,1.8830478616845028,1.8757203817367554,1.8757203817367554,27200,0.0,0.0
1982-02-17 00:00:00-05:00,0.0,1.8903745241797127,1.8757204581008002,1.8830479383468628,16000,0.0,0.0
1982-02-18 00:00:00-05:00,0.0,1.9050285127013922,1.8757203817367554,1.8757203817367554,84800,0.0,0.0
1982-02-19 00:00:00-05:00,0.0,1.8757205101958843,1.8464123772240735,1.853739857673645,46400,0.0,0.0
1982-02-22 00:00:00-05:00,0.0,1.8977019271668212,1.8683937962021844,1.8757203817367554,62400,0.0,0.0
1982-02-23 00:00:00-05:00,0.0,1.8610664871003892,1.8464124202728271,1.8464124202728271,20800,0.0,0.0
1982-02-24 00:00:00-05:00,0.0,1.853739857673645,1.8317583107381683,1.853739857673645,54400,0.0,0.0
1982-02-25 00:00:00-05:00,0.0,1.8830483247238592,1.8683942556381226,1.8683942556381226,12800,0.0,0.0
1982-02-26 00:00:00-05:00,0.0,1.8903742603165936,1.8171039401492837,1.8244314193725586,457600,0.0,0.0
1982-03-01 00:00:00-05:00,0.0,1.8097777911146162,1.7658155884285927,1.7804696559906006,230400,0.0,0.0
1982-03-02 00:00:00-05:00,0.0,1.7804692026476243,1.7658151388168335,1.7658151388168335,102400,0.0,0.0
1982-03-03 00:00:00-05:00,0.0,1.765815205913066,1.655909275799467,1.6705633401870728,374400,0.0,0.0
1982-03-04 00:00:00-05:00,0.0,1.6705635879683194,1.641255454846068,1.648582935333252,364800,0.0,0.0
1982-03-05 00:00:00-05:00,0.0,1.6559092278953071,1.6192745151926606,1.6266010999679565,761600,0.0,0.0
1982-03-08 00:00:00-05:00,0.0,1.6339286590885076,1.56065833568573,1.56065833568573,81600,0.0,0.0
1982-03-09 00:00:00-05:00,0.0,1.560658506796255,1.4947147612971223,1.5313503742218018,512000,0.0,0.0
1982-03-10 00:00:00-05:00,0.0,1.5240227227072114,1.5020420729516508,1.509368658065796,78400,0.0,0.0
1982-03-11 00:00:00-05:00,0.0,1.5386769601588024,1.5093688275843489,1.5313503742218018,188800,0.0,0.0
1982-03-12 00:00:00-05:00,0.0,1.5240229199475512,1.509368853409594,1.5166963338851929,54400,0.0,0.0
1982-03-15 00:00:00-05:00,0.0,1.5240229199475512,1.509368853409594,1.5166963338851929,60800,0.0,0.0
1982-03-16 00:00:00-05:00,0.0,1.5020418803236826,1.480060338973999,1.480060338973999,81600,0.0,0.0
1982-03-17 00:00:00-05:00,0.0,1.4727341905433735,1.436098575592041,1.436098575592041,988800,0.0,0.0
1982-03-18 00:00:00-05:00,0.0,1.4434258937835693,1.421444348405759,1.4434258937835693,12800,0.0,0.0
1982-03-19 00:00:00-05:00,0.0,1.4947147369384766,1.4580800190240408,1.4947147369384766,28800,0.0,0.0
1982-03-22 00:00:00-05:00,0.0,1.6412553787231445,1.5240228516714913,1.6412553787231445,112000,0.0,0.0
1982-03-23 00:00:00-05:00,0.0,1.6705635879683194,1.641255454846068,1.648582935333252,19200,0.0,0.0
1982-03-24 00:00:00-05:00,0.0,1.6559092278953071,1.6266010999679565,1.6266010999679565,30400,0.0,0.0
1982-03-25 00:00:00-05:00,0.0,1.6266010999679565,1.6266010999679565,1.6266010999679565,14400,0.0,0.0
1982-03-26 00:00:00-05:00,0.0,1.6266011238098144,1.6046204747486625,1.6119470596313477,83200,0.0,0.0
1982-03-29 00:00:00-05:00,0.0,1.6192749738693237,1.611947492605358,1.6192749738693237,17600,0.0,0.0
1982-03-30 00:00:00-05:00,0.0,1.6119470596313477,1.6119470596313477,1.6119470596313477,12800,0.0,0.0
1982-03-31 00:00:00-05:00,0.0,1.6412553787231445,1.61927472710756,1.6412553787231445,12800,0.0,0.0
1982-04-01 00:00:00-05:00,0.0,1.6192749738693237,1.5899668376401355,1.6192749738693237,136000,0.0,0.0
1982-04-02 00:00:00-05:00,0.0,1.6412553787231445,1.5972931810787747,1.6412553787231445,220800,0.0,0.0
1982-04-05 00:00:00-05:00,0.0,1.6412556288345466,1.6192749738693237,1.6192749738693237,9600,0.0,0.0
1982-04-06 00:00:00-05:00,0.0,1.6266010999679565,1.6119470360042811,1.6266010999679565,11200,0.0,0.0
1982-04-07 00:00:00-05:00,0.0,1.6559094446046012,1.6339287929890167,1.6412553787231445,203200,0.0,0.0
1982-04-08 00:00:00-05:00,0.0,1.6705634418938746,1.6559093766141038,1.6632368564605713,225600,0.0,0.0
1982-04-12 00:00:00-05:00,0.0,1.6705633401870728,1.6705633401870728,1.6705633401870728,4800,0.0,0.0
1982-04-13 00:00:00-05:00,0.0,1.707199215888977,1.6559095352884616,1.707199215888977,139200,0.0,0.0
1982-04-14 00:00:00-05:00,0.0,1.692545135016629,1.648582935333252,1.648582935333252,64000,0.0,0.0
1982-04-15 00:00:00-05:00,0.0,1.6559096574783325,1.6412555897130376,1.6559096574783325,17600,0.0,0.0
1982-04-16 00:00:00-05:00,0.0,1.6852174997329712,1.6485827839018778,1.6852174997329712,35200,0.0,0.0
1982-04-19 00:00:00-05:00,0.0,1.7291797225323038,1.6998715916419258,1.7218531370162964,216000,0.0,0.0
1982-04-20 00:00:00-05:00,0.0,1.7145256301631098,1.6852174997329712,1.6852174997329712,86400,0.0,0.0
1982-04-21 00:00:00-05:00,0.0,1.6852174997329712,1.6852174997329712,1.6852174997329712,1600,0.0,0.0
1982-04-22 00:00:00-05:00,0.0,1.7291792845114684,1.6998711610451722,1.7145252227783203,588800,0.0,0.0
1982-04-23 00:00:00-05:00,0.0,1.7438337879774928,1.7218531370162964,1.7218531370162964,144000,0.0,0.0
1982-04-26 00:00:00-04:00,0.0,1.6998714689622847,1.655909275799467,1.6705633401870728,52800,0.0,0.0
1982-04-27 00:00:00-04:00,0.0,1.6998715649480405,1.6852174997329712,1.6852174997329712,84800,0.0,0.0
1982-04-28 00:00:00-04:00,0.0,1.6998712829005167,1.6778906359315848,1.69254469871521,105600,0.0,0.0
1982-04-29 00:00:00-04:00,0.0,1.7291792631149292,1.6998711400112863,1.7291792631149292,65600,0.0,0.0
1982-04-30 00:00:00-04:00,0.0,1.7291792631149292,1.7145252015631076,1.7291792631149292,36800,0.0,0.0
1982-05-03 00:00:00-04:00,0.0,1.736506741097308,1.7145252015631076,1.7291792631149292,435200,0.0,0.0
1982-05-04 00:00:00-04:00,0.0,1.8024502064360948,1.7365073534072537,1.787796139717102,617600,0.0,0.0
1982-05-05 00:00:00-04:00,0.0,1.8757203817367554,1.8024500543251634,1.8757203817367554,72000,0.0,0.0
1982-05-06 00:00:00-04:00,0.0,1.8903745938473797,1.861066460609436,1.861066460609436,70400,0.0,0.0
1982-05-07 00:00:00-04:00,0.0,1.9416649341583252,1.853740504560519,1.9416649341583252,107200,0.0,0.0
1982-05-10 00:00:00-04:00,0.0,1.9782983278160666,1.9563176824912494,1.96364426612854,203200,0.0,0.0
1982-05-11 00:00:00-04:00,0.0,1.956317605114374,1.9343360662460327,1.9343360662460327,128000,0.0,0.0
1982-05-12 00:00:00-04:00,0.0,1.9343360662460327,1.9270094828985251,1.9343360662460327,124800,0.0,0.0
1982-05-13 00:00:00-04:00,0.0,1.9196827411651611,1.9196827411651611,1.9196827411651611,8000,0.0,0.0
1982-05-14 00:00:00-04:00,0.0,1.9123563011677245,1.9050288200378418,1.9050288200378418,20800,0.0,0.0
1982-05-17 00:00:00-04:00,0.0,1.9196830368781275,1.8903748989105225,1.8903748989105225,488000,0.0,0.0
1982-05-18 00:00:00-04:00,0.0,1.9196830368781275,1.8903748989105225,1.8903748989105225,443200,0.0,0.0
1982-05-19 00:00:00-04:00,0.0,1.905028967894325,1.8903748989105225,1.8903748989105225,123200,0.0,0.0
1982-05-20 00:00:00-04:00,0.0,1.8757203369140625,1.8317581415176392,1.8317581415176392,310400,0.0,0.0
1982-05-21 00:00:00-04:00,0.0,1.8537398840313024,1.8390858173370361,1.8390858173370361,12800,0.0,0.0
1982-05-24 00:00:00-04:00,0.0,1.8610664871003892,1.8464124202728271,1.8464124202728271,20800,0.0,0.0
1982-05-25 00:00:00-04:00,0.0,1.9050288200378418,1.8683940976283897,1.9050288200378418,144000,0.0,0.0
1982-05-26 00:00:00-04:00,0.0,1.8977020743634887,1.861066460609436,1.861066460609436,163200,0.0,0.0
1982-05-27 00:00:00-04:00,0.0,1.8683942556381226,1.861066773888556,1.8683942556381226,40000,0.0,0.0
1982-05-28 00:00:00-04:00,0.0,1.8537394684924124,1.8171038627624512,1.8171038627624512,124800,0.0,0.0
1982-06-01 00:00:00-04:00,0.0,1.8171042465582126,1.802450180053711,1.802450180053711,72000,0.0,0.0
1982-06-02 00:00:00-04:00,0.0,1.787795787356482,1.7584876596949002,1.7658151388168335,131200,0.0,0.0
1982-06-03 00:00:00-04:00,0.0,1.7658155502620303,1.729179934942206,1.7365074157714844,155200,0.0,0.0
1982-06-04 00:00:00-04:00,0.0,1.729179703012958,1.6559093766141038,1.6632368564605713,115200,0.0,0.0
1982-06-07 00:00:00-04:00,0.0,1.6485828588704734,1.6119472469602314,1.6412553787231445,116800,0.0,0.0
1982-06-08 00:00:00-04:00,0.0,1.6632368564605713,1.6559093766141038,1.6632368564605713,20800,0.0,0.0
1982-06-09 00:00:00-04:00,0.0,1.6559096687974681,1.6266015330665395,1.6339290142059326,393600,0.0,0.0
1982-06-10 00:00:00-04:00,0.0,1.6412551695230089,1.597292977482214,1.6046204566955566,252800,0.0,0.0
1982-06-11 00:00:00-04:00,0.0,1.6778911352157593,1.604620799494837,1.6778911352157593,123200,0.0,0.0
1982-06-14 00:00:00-04:00,0.0,1.6925449795470857,1.6778909143320164,1.6852174997329712,134400,0.0,0.0
1982-06-15 00:00:00-04:00,0.0,1.6778911352157593,1.663237068071575,1.6778911352157593,17600,0.0,0.0
1982-06-16 00:00:00-04:00,0.0,1.7291792631149292,1.6778904948900224,1.7291792631149292,36800,0.0,0.0
1982-06-17 00:00:00-04:00,0.0,1.787796139717102,1.7291798728411316,1.787796139717102,56000,0.0,0.0
1982-06-18 00:00:00-04:00,0.0,1.7731421262025835,1.7584880590438843,1.7584880590438843,30400,0.0,0.0
1982-06-21 00:00:00-04:00,0.0,1.7731419801712036,1.751161328450064,1.7731419801712036,124800,0.0,0.0
1982-06-22 00:00:00-04:00,0.0,1.7731421262025835,1.7511614726711742,1.7584880590438843,67200,0.0,0.0
1982-06-23 00:00:00-04:00,0.0,1.8097776174545288,1.773142004858286,1.8097776174545288,145600,0.0,0.0
1982-06-24 00:00:00-04:00,0.0,1.802450180053711,1.7804695275035778,1.802450180053711,366400,0.0,0.0
1982-06-25 00:00:00-04:00,0.0,1.787795787356482,1.7658151388168335,1.7658151388168335,128000,0.0,0.0
1982-06-28 00:00:00-04:00,0.0,1.7731417235256912,1.7658151388168335,1.7658151388168335,14400,0.0,0.0
1982-06-29 00:00:00-04:00,0.0,1.765814864200951,1.7291792631149292,1.7291792631149292,62400,0.0,0.0
1982-06-30 00:00:00-04:00,0.0,1.7438338994979858,1.7145257667333138,1.7438338994979858,83200,0.0,0.0
1982-07-01 00:00:00-04:00,0.0,1.7365073492569143,1.6998717353403678,1.707199215888977,177600,0.0,0.0
1982-07-02 00:00:00-04:00,0.0,1.707199052299884,1.6632368564605713,1.6632368564605713,78400,0.0,0.0
1982-07-06 00:00:00-04:00,0.0,1.6778910684555033,1.641255454846068,1.648582935333252,35200,0.0,0.0
1982-07-07 00:00:00-04:00,0.0,1.6412556009320038,1.6266015330665395,1.6339290142059326,48000,0.0,0.0
1982-07-08 00:00:00-04:00,0.0,1.699871301651001,1.6266009869246647,1.699871301651001,193600,0.0,0.0
1982-07-09 00:00:00-04:00,0.0,1.802450180053711,1.7145257810267007,1.802450180053711,113600,0.0,0.0
1982-07-12 00:00:00-04:00,0.0,1.8977019786834717,1.8390857151629505,1.8977019786834717,92800,0.0,0.0
1982-07-13 00:00:00-04:00,0.0,1.8977023938095958,1.8683942556381226,1.8683942556381226,195200,0.0,0.0
1982-07-14 00:00:00-04:00,0.0,1.8830479383468628,1.8464123259429752,1.8830479383468628,296000,0.0,0.0
1982-07-15 00:00:00-04:00,0.0,1.8977020044257753,1.8830479383468628,1.8830479383468628,51200,0.0,0.0
1982-07-16 00:00:00-04:00,0.0,1.9196827411651611,1.8903746077122578,1.9196827411651611,89600,0.0,0.0
1982-07-19 00:00:00-04:00,0.0,2.007607138336434,1.9563183520819096,1.9709724187850952,217600,0.0,0.0
1982-07-20 00:00:00-04:00,0.0,1.9709724219143678,1.9196827411651611,1.9196827411651611,41600,0.0,0.0
1982-07-21 00:00:00-04:00,0.0,2.014934618894652,1.963644938226877,1.9709724187850952,302400,0.0,0.0
1982-07-22 00:00:00-04:00,0.0,2.0076067447662354,1.963644553275004,2.0076067447662354,107200,0.0,0.0
1982-07-23 00:00:00-04:00,0.0,2.095531940460205,2.0222615928916663,2.095531940460205,110400,0.0,0.0
1982-07-26 00:00:00-04:00,0.0,2.1101858615875244,2.1101858615875244,2.1101858615875244,156800,0.0,0.0
1982-07-27 00:00:00-04:00,0.0,2.0955313695988185,2.0735507185229025,2.0808773040771484,363200,0.0,0.0
1982-07-28 00:00:00-04:00,0.0,2.0808776940765505,1.9856266975402832,1.9856266975402832,80000,0.0,0.0
1982-07-29 00:00:00-04:00,0.0,1.9856266975402832,1.9343370113951035,1.9856266975402832,209600,0.0,0.0
1982-07-30 00:00:00-04:00,0.0,2.0076069657642037,1.9856263148054891,2.0002803802490234,267200,0.0,0.0
1982-08-02 00:00:00-04:00,0.0,2.000280765808428,1.9856266975402832,1.9856266975402832,94400,0.0,0.0
1982-08-03 00:00:00-04:00,0.0,1.9929527044296265,1.98562611963459,1.9929527044296265,379200,0.0,0.0
1982-08-04 00:00:00-04:00,0.0,1.992952389503593,1.9563176824912494,1.96364426612854,75200,0.0,0.0
1982-08-05 00:00:00-04:00,0.0,1.9489910235771766,1.8977022333212796,1.9050288200378418,100800,0.0,0.0
1982-08-06 00:00:00-04:00,0.0,1.948991060256958,1.8757207196457941,1.948991060256958,240000,0.0,0.0
1982-08-09 00:00:00-04:00,0.0,1.934337003883506,1.9050288674610287,1.927010416984558,113600,0.0,0.0
1982-08-10 00:00:00-04:00,0.0,1.9709724187850952,1.9489908715236912,1.9709724187850952,129600,0.0,0.0
1982-08-11 00:00:00-04:00,0.0,1.9709717441787757,1.9563176824912494,1.96364426612854,46400,0.0,0.0
1982-08-12 00:00:00-04:00,0.0,2.0076067684327854,1.970972055631431,1.9929527044296265,595200,0.0,0.0
1982-08-13 00:00:00-04:00,0.0,1.9929532271165113,1.8977022333212796,1.9050288200378418,249600,0.0,0.0
1982-08-16 00:00:00-04:00,0.0,1.927010324950016,1.9050287764763314,1.9123562574386597,270400,0.0,0.0
1982-08-17 00:00:00-04:00,0.0,1.927010416984558,1.9123563487733195,1.927010416984558,822400,0.0,0.0
1982-08-18 00:00:00-04:00,0.0,2.036915271742805,1.9709724187850952,1.9709724187850952,265600,0.0,0.0
1982-08-19 00:00:00-04:00,0.0,1.9709717441787757,1.96364426612854,1.96364426612854,32000,0.0,0.0
1982-08-20 00:00:00-04:00,0.0,2.02226185798645,1.9709730551718245,2.02226185798645,73600,0.0,0.0
1982-08-23 00:00:00-04:00,0.0,2.168801595086921,2.0515690764335734,2.139493465423584,497600,0.0,0.0
1982-08-24 00:00:00-04:00,0.0,2.2420721575124376,2.1541477591786165,2.212764024734497,248000,0.0,0.0
1982-08-25 00:00:00-04:00,0.0,2.3226706981658936,2.2127647185793675,2.3226706981658936,984000,0.0,0.0
1982-08-26 00:00:00-04:00,0.0,2.5791155951363702,2.322669889417479,2.461883068084717,748800,0.0,0.0
1982-08-27 00:00:00-04:00,0.0,2.4399025030060844,2.3739587569940768,2.3959403038024902,289600,0.0,0.0
1982-08-30 00:00:00-04:00,0.0,2.43257474899292,2.3153422309691645,2.43257474899292,841600,0.0,0.0
1982-08-31 00:00:00-04:00,0.0,2.4911912940662995,2.432575028323563,2.4765372276306152,640000,0.0,0.0
1982-09-01 00:00:00-04:00,0.0,2.5058449256919815,2.4325746062273037,2.4472286701202393,108800,0.0,0.0
1982-09-02 00:00:00-04:00,0.0,2.461883068084717,2.3886127386774336,2.461883068084717,241600,0.0,0.0
1982-09-03 00:00:00-04:00,0.0,2.4911910080047974,2.43257474899292,2.43257474899292,545600,0.0,0.0
1982-09-07 00:00:00-04:00,0.0,2.43257474899292,2.388612554734012,2.43257474899292,206400,0.0,0.0
1982-09-08 00:00:00-04:00,0.0,2.4911907959091604,2.447228605393116,2.469210147857666,275200,0.0,0.0
1982-09-09 00:00:00-04:00,0.0,2.4838647080550746,2.432575028323563,2.4765372276306152,72000,0.0,0.0
1982-09-10 00:00:00-04:00,0.0,2.505845069885254,2.4618828756767406,2.505845069885254,123200,0.0,0.0
1982-09-13 00:00:00-04:00,0.0,2.5131728649139404,2.4985187983383876,2.5131728649139404,28800,0.0,0.0
1982-09-14 00:00:00-04:00,0.0,2.542481388686112,2.4985191822052,2.4985191822052,569600,0.0,0.0
1982-09-15 00:00:00-04:00,0.0,2.5278269314894932,2.4985187983383876,2.5131728649139404,528000,0.0,0.0
1982-09-16 00:00:00-04:00,0.0,2.6304055114697364,2.53515362739563,2.53515362739563,366400,0.0,0.0
1982-09-17 00:00:00-04:00,0.0,2.549807584146201,2.5131728649139404,2.5131728649139404,22400,0.0,0.0
1982-09-20 00:00:00-04:00,0.0,2.4911911487579346,2.4618830175960764,2.4911911487579346,121600,0.0,0.0
1982-09-21 00:00:00-04:00,0.0,2.5644617080688477,2.491191373552595,2.5644617080688477,246400,0.0,0.0
1982-09-22 00:00:00-04:00,0.0,2.6010972817608535,2.5204994678497314,2.5204994678497314,1356800,0.0,0.0
1982-09-23 00:00:00-04:00,0.0,2.5351535345232765,2.5204994678497314,2.5204994678497314,296000,0.0,0.0
1982-09-24 00:00:00-04:00,0.0,2.5204992799197927,2.4911911487579346,2.4911911487579346,201600,0.0,0.0
1982-09-27 00:00:00-04:00,0.0,2.4911912940662995,2.4765372276306152,2.4765372276306152,632000,0.0,0.0
1982-09-28 00:00:00-04:00,0.0,2.49119119984763,2.461883068084717,2.461883068084717,238400,0.0,0.0
1982-09-29 00:00:00-04:00,0.0,2.4618833055920777,2.381286382675171,2.381286382675171,481600,0.0,0.0
1982-09-30 00:00:00-04:00,0.0,2.417920571339046,2.3739583791328815,2.4105939865112305,222400,0.0,0.0
1982-10-01 00:00:00-04:00,0.0,2.461883068084717,2.3593046069145203,2.461883068084717,345600,0.0,0.0
1982-10-04 00:00:00-04:00,0.0,2.4911912940662995,2.432575028323563,2.4765372276306152,150400,0.0,0.0
1982-10-05 00:00:00-04:00,0.0,2.5351535345232765,2.4765372678290967,2.5204994678497314,257600,0.0,0.0
1982-10-06 00:00:00-04:00,0.0,2.579115867614746,2.5058455304666,2.579115867614746,1888000,0.0,0.0
1982-10-07 00:00:00-04:00,0.0,2.732983176138864,2.623077257259472,2.7110016345977783,369600,0.0,0.0
1982-10-08 00:00:00-04:00,0.0,2.7329839510433875,2.6377320680461946,2.681694269180298,526400,0.0,0.0
1982-10-11 00:00:00-04:00,0.0,2.725655937194824,2.6377315521240234,2.6377315521240234,395200,0.0,0.0
1982-10-12 00:00:00-04:00,0.0,2.6377310187129654,2.579114773852677,2.593768835067749,121600,0.0,0.0
1982-10-13 00:00:00-04:00,0.0,2.58644251529475,2.535152848607743,2.5571343898773193,329600,0.0,0.0
1982-10-14 00:00:00-04:00,0.0,2.549807463373457,2.461883068084717,2.461883068084717,1180800,0.0,0.0
1982-10-15 00:00:00-04:00,0.0,2.5204992799197927,2.40326675527236,2.4911911487579346,1008000,0.0,0.0
1982-10-18 00:00:00-04:00,0.0,2.5204994678497314,2.4911913345026417,2.5204994678497314,371200,0.0,0.0
1982-10-19 00:00:00-04:00,0.0,2.637732137333263,2.579115867614746,2.579115867614746,524800,0.0,0.0
1982-10-20 00:00:00-04:00,0.0,2.608424186706543,2.549807912847969,2.608424186706543,2625600,0.0,0.0
1982-10-21 00:00:00-04:00,0.0,2.798926591873169,2.637731866686756,2.798926591873169,296000,0.0,0.0
1982-10-22 00:00:00-04:00,0.0,3.0040836453437807,2.8282348465919496,2.9308133125305176,1044800,0.0,0.0
1982-10-25 00:00:00-04:00,0.0,2.9015047562554708,2.8282344341278076,2.8282344341278076,472000,0.0,2.0
1982-10-26 00:00:00-04:00,0.0,2.872197151184082,2.7842727485968144,2.872197151184082,321600,0.0,0.0
1982-10-27 00:00:00-04:00,0.0,3.0920081674767452,2.9894296974656682,3.062700033187866,295200,0.0,0.0
1982-10-28 00:00:00-04:00,0.0,3.0920080324498618,2.9747755004138483,3.0040836334228516,144000,0.0,0.0
1982-10-29 00:00:00-04:00,0.0,3.048046350479126,2.9308137985376215,3.048046350479126,149600,0.0,0.0
1982-11-01 00:00:00-05:00,0.0,3.135970261175308,3.018737728047259,3.1213161945343018,385600,0.0,0.0
1982-11-02 00:00:00-05:00,0.0,3.253202199935913,3.1652778161538615,3.253202199935913,142400,0.0,0.0
1982-11-03 00:00:00-05:00,0.0,3.35578151825255,3.1799327050690103,3.311819314956665,267200,0.0,0.0
1982-11-04 00:00:00-05:00,0.0,3.3997437215484347,3.253203043895485,3.311819314956665,257600,0.0,0.0
1982-11-05 00:00:00-05:00,0.0,3.6342077255249023,3.2825102036999114,3.6342077255249023,729600,0.0,0.0
1982-11-08 00:00:00-05:00,0.0,3.9712520168616425,3.4730137564435766,3.941943883895874,312000,0.0,0.0
1982-11-09 00:00:00-05:00,0.0,3.927290182847243,3.7514413686899037,3.8100576400756836,524000,0.0,0.0
1982-11-10 00:00:00-05:00,0.0,3.8247114285420816,3.736787027885942,3.7660951614379883,532000,0.0,0.0
1982-11-11 00:00:00-05:00,0.0,3.81005793578865,3.69282538391823,3.780749797821045,264800,0.0,0.0
1982-11-12 00:00:00-05:00,0.0,3.810057375166151,3.678170773718092,3.6928248405456543,446400,0.0,0.0
1982-11-15 00:00:00-05:00,0.0,3.7514407634735107,3.4437053883448243,3.7514407634735107,863200,0.0,0.0
1982-11-16 00:00:00-05:00,0.0,3.6342077255249023,3.516975218249905,3.6342077255249023,724000,0.0,0.0
1982-11-17 00:00:00-05:00,0.0,3.6928244132995607,3.604900022506714,3.6635162830352783,336000,0.0,0.0
1982-11-18 00:00:00-05:00,0.0,3.707478042571775,3.6342077255249023,3.6342077255249023,123200,0.0,0.0
1982-11-19 00:00:00-05:00,0.0,3.736786987837844,3.63420852150504,3.722132921218872,768800,0.0,0.0
1982-11-22 00:00:00-05:00,0.0,3.7074784784317014,3.634208152770996,3.6635162830352783,461600,0.0,0.0
1982-11-23 00:00:00-05:00,0.0,3.67817066196634,3.4290515334666276,3.4876677989959717,591200,0.0,0.0
1982-11-24 00:00:00-05:00,0.0,3.6195544266119235,3.5169759610804117,3.604900360107422,349600,0.0,0.0
1982-11-26 00:00:00-05:00,0.0,3.6635161882423493,3.6342080587364105,3.64886212348938,56800,0.0,0.0
1982-11-29 00:00:00-05:00,0.0,3.795403294990035,3.648862627229802,3.7660951614379883,260800,0.0,0.0
1982-11-30 00:00:00-05:00,0.0,3.8540198802948,3.7221332684215938,3.8540198802948,164800,0.0,0.0
1982-12-01 00:00:00-05:00,0.0,4.132447189950415,3.9565983733567807,3.97125244140625,360000,0.0,0.0
1982-12-02 00:00:00-05:00,0.0,4.029868713604128,3.9272902372578415,3.97125244140625,237600,0.0,0.0
1982-12-03 00:00:00-05:00,0.0,4.161755980347558,3.971253065754184,4.073831558227539,153600,0.0,0.0
1982-12-06 00:00:00-05:00,0.0,3.868673615783225,3.7074788817922575,3.8393654823303223,467200,0.0,0.0
1982-12-07 00:00:00-05:00,0.0,4.015214283047741,3.810057348877419,3.8393654823303223,455200,0.0,0.0
1982-12-08 00:00:00-05:00,0.0,3.868673287332058,3.6635163705796003,3.7514407634735107,899200,0.0,0.0
1982-12-09 00:00:00-05:00,0.0,3.707478042571775,3.604899598706153,3.6342077255249023,446400,0.0,0.0
1982-12-10 00:00:00-05:00,0.0,3.6342086948975614,3.5462842909887495,3.5609383583068848,212800,0.0,0.0
1982-12-13 00:00:00-05:00,0.0,3.6342077255249023,3.4730130280217817,3.6342077255249023,315200,0.0,0.0
1982-12-14 00:00:00-05:00,0.0,3.7221330583095553,3.4876679837703706,3.5169761180877686,275200,0.0,0.0
1982-12-15 00:00:00-05:00,0.0,3.51697510686414,3.399742603302002,3.399742603302002,244800,0.0,0.0
1982-12-16 00:00:00-05:00,0.0,3.3411274689894457,3.209240858371441,3.238548994064331,115200,0.0,0.0
1982-12-17 00:00:00-05:00,0.0,3.399743129896081,3.1945862168851105,3.3704349994659424,835200,0.0,0.0
1982-12-20 00:00:00-05:00,0.0,3.4730128189186,3.3850884437561035,3.3850884437561035,140800,0.0,0.0
1982-12-21 00:00:00-05:00,0.0,3.429051066699781,3.3411266803741455,3.3411266803741455,254400,0.0,0.0
1982-12-22 00:00:00-05:00,0.0,3.458359677392526,3.3704352788147496,3.4143974781036377,123200,0.0,0.0
1982-12-23 00:00:00-05:00,0.0,3.502321876681414,3.385089345244379,3.4143974781036377,162400,0.0,0.0
1982-12-27 00:00:00-05:00,0.0,3.487666649333501,3.355780095367108,3.4583585262298584,57600,0.0,0.0
1982-12-28 00:00:00-05:00,0.0,3.4876675159373183,3.3850890595862206,3.4437053203582764,147200,0.0,0.0
1982-12-29 00:00:00-05:00,0.0,3.3997437215484347,3.311819314956665,3.311819314956665,137600,0.0,0.0
1982-12-30 00:00:00-05:00,0.0,3.3997430843403684,3.326472759246826,3.326472759246826,86400,0.0,0.0
1982-12-31 00:00:00-05:00,0.0,3.3704348091493572,3.32647261598654,3.3411266803741455,53600,0.0,0.0
1983-01-03 00:00:00-05:00,0.0,3.3264725197542893,3.2238940720085623,3.253202199935913,178400,0.0,0.0
1983-01-04 00:00:00-05:00,0.0,3.223894407989782,3.1945862770080566,3.1945862770080566,67200,0.0,0.0
1983-01-05 00:00:00-05:00,0.0,3.4143974781036377,3.2532027473777148,3.4143974781036377,379200,0.0,0.0
1983-01-06 00:00:00-05:00,0.0,3.575592279434204,3.3997434788062924,3.575592279434204,592000,0.0,0.0
1983-01-07 00:00:00-05:00,0.0,3.6049002666862644,3.516975869937819,3.5902462005615234,512800,0.0,0.0
1983-01-10 00:00:00-05:00,0.0,3.7514407634735107,3.5316297812387347,3.7514407634735107,386400,0.0,0.0
1983-01-11 00:00:00-05:00,0.0,3.9565966556321333,3.7514397920067633,3.92728853225708,556800,0.0,0.0
1983-01-12 00:00:00-05:00,0.0,4.088485006102942,3.883328052391683,3.897982120513916,208000,0.0,0.0
1983-01-13 00:00:00-05:00,0.0,3.9565987265511846,3.868674310405603,3.9126365184783936,85600,0.0,0.0
1983-01-14 00:00:00-05:00,0.0,4.264333856866715,3.854019946240364,4.132447242736816,378400,0.0,0.0
1983-01-17 00:00:00-05:00,0.0,4.44018144607544,4.16175422668457,4.396219253540039,988800,0.0,0.0
1983-01-18 00:00:00-05:00,0.0,4.835841374367661,4.396219431243328,4.718608856201172,768800,0.0,0.0
1983-01-19 00:00:00-05:00,0.0,4.733262920971983,4.542760078951439,4.718608856201172,732800,0.0,0.0
1983-01-20 00:00:00-05:00,0.0,4.747917982248159,4.54276103239793,4.57206916809082,513600,0.0,0.0
1983-01-21 00:00:00-05:00,0.0,4.542760290828437,4.2789871126513015,4.381565570831299,732000,0.0,0.0
1983-01-24 00:00:00-05:00,0.0,4.308295263370997,4.029868018459267,4.161754608154297,409600,0.0,0.0
1983-01-25 00:00:00-05:00,0.0,4.396219253540039,4.220370483398438,4.396219253540039,368800,0.0,0.0
1983-01-26 00:00:00-05:00,0.0,4.4548362885545565,4.352257821383892,4.366911888122559,394400,0.0,0.0
1983-01-27 00:00:00-05:00,0.0,4.6013773037837105,4.396220353933481,4.57206916809082,247200,0.0,0.0
1983-01-28 00:00:00-05:00,0.0,4.572068822463887,4.366911888122559,4.366911888122559,216800,0.0,0.0
1983-01-31 00:00:00-05:00,0.0,4.3962196362855845,4.337603374468443,4.381565570831299,113600,0.0,0.0
1983-02-01 00:00:00-05:00,0.0,4.381564689100834,4.132445626509817,4.176407814025879,188800,0.0,0.0
1983-02-02 00:00:00-05:00,0.0,4.235024935762647,4.161754608154297,4.161754608154297,80000,0.0,0.0
1983-02-03 00:00:00-05:00,0.0,4.19106388092041,4.117793533351872,4.19106388092041,91200,0.0,0.0
1983-02-04 00:00:00-05:00,0.0,4.396219253540039,4.1324460983276365,4.396219253540039,388000,0.0,0.0
1983-02-07 00:00:00-05:00,0.0,4.381565384668846,4.249678801183831,4.278986930847168,200800,0.0,0.0
1983-02-08 00:00:00-05:00,0.0,4.293642065591282,4.220371723175049,4.220371723175049,92000,0.0,0.0
1983-02-09 00:00:00-05:00,0.0,4.3376030921936035,4.191062447187063,4.3376030921936035,180000,0.0,0.0
1983-02-10 00:00:00-05:00,0.0,4.396219253540039,4.337602996826171,4.396219253540039,113600,0.0,0.0
1983-02-11 00:00:00-05:00,0.0,4.396219446201517,4.33760318691883,4.352257251739502,246400,0.0,0.0
1983-02-14 00:00:00-05:00,0.0,4.39621935019622,4.32294902769295,4.3376030921936035,579200,0.0,0.0
1983-02-15 00:00:00-05:00,0.0,4.572068983508695,4.513452714489352,4.542760848999023,652000,0.0,0.0
1983-02-16 00:00:00-05:00,0.0,4.572067445921666,4.469489009634962,4.52810525894165,280000,0.0,0.0
1983-02-17 00:00:00-05:00,0.0,4.528106703570014,4.396220100553412,4.454836368560791,154400,0.0,0.0
1983-02-18 00:00:00-05:00,0.0,4.733263692259789,4.425528281927109,4.689301490783691,599200,0.0,0.0
1983-02-22 00:00:00-05:00,0.0,4.689301599430133,4.616031261939036,4.630685329437256,215200,0.0,0.0
1983-02-23 00:00:00-05:00,0.0,4.8065340130145735,4.6013770734346835,4.762571811676025,649600,0.0,0.0
1983-02-24 00:00:00-05:00,0.0,4.8504958152771,4.718609222112466,4.8504958152771,477600,0.0,0.0
1983-02-25 00:00:00-05:00,0.0,4.92376546802635,4.821187020775801,4.8944573402404785,317600,0.0,0.0
1983-02-28 00:00:00-05:00,0.0,4.865149985030521,4.777225587710692,4.791879653930664,247200,0.0,0.0
1983-03-01 00:00:00-05:00,0.0,4.894458012998644,4.806533617555555,4.8504958152771,292800,0.0,0.0
1983-03-02 00:00:00-05:00,0.0,4.9237661448130075,4.8504958152771,4.8504958152771,154400,0.0,0.0
1983-03-03 00:00:00-05:00,0.0,4.86514949798584,4.835841368479901,4.86514949798584,227200,0.0,0.0
1983-03-04 00:00:00-05:00,0.0,5.070307069046553,4.835842002269834,5.040998935699463,316000,0.0,0.0
1983-03-07 00:00:00-05:00,0.0,5.040998935699463,4.967728602331738,5.040998935699463,289600,0.0,0.0
1983-03-08 00:00:00-05:00,0.0,5.114268895049594,4.894457911021674,4.909111976623535,139200,0.0,0.0
1983-03-09 00:00:00-05:00,0.0,4.938419821750687,4.835841368479901,4.86514949798584,1472000,0.0,0.0
1983-03-10 00:00:00-05:00,0.0,5.026344210268503,4.86514949798584,4.86514949798584,326400,0.0,0.0
1983-03-11 00:00:00-05:00,0.0,4.8944573402404785,4.865149212454607,4.8944573402404785,252800,0.0,0.0
1983-03-14 00:00:00-05:00,0.0,4.86515029668808,4.689301490783691,4.689301490783691,204000,0.0,0.0
1983-03-15 00:00:00-05:00,0.0,4.65999357516949,4.54276103239793,4.57206916809082,329600,0.0,0.0
1983-03-16 00:00:00-05:00,0.0,4.630685144169315,4.572068876521603,4.601377010345459,114400,0.0,0.0
1983-03-17 00:00:00-05:00,0.0,4.5867230507635295,4.528106781744188,4.542760848999023,33600,0.0,0.0
1983-03-18 00:00:00-05:00,0.0,4.557414837573703,4.454836368560791,4.454836368560791,118400,0.0,0.0
1983-03-21 00:00:00-05:00,0.0,4.616031371630155,4.396220353933481,4.57206916809082,374400,0.0,0.0
1983-03-22 00:00:00-05:00,0.0,4.747916221618652,4.60137559749462,4.747916221618652,596000,0.0,0.0
1983-03-23 00:00:00-05:00,0.0,4.806533720150635,4.703955256610835,4.791879653930664,464000,0.0,0.0
1983-03-24 00:00:00-05:00,0.0,4.894458212503573,4.777225680467559,4.8065338134765625,385600,0.0,0.0
1983-03-25 00:00:00-05:00,0.0,4.953073886503656,4.86514949798584,4.86514949798584,269600,0.0,0.0
1983-03-28 00:00:00-05:00,0.0,4.850496214353122,4.762571811676025,4.762571811676025,51200,0.0,0.0
1983-03-29 00:00:00-05:00,0.0,5.040998663221087,4.835841740880694,4.923766136169434,212000,0.0,0.0
1983-03-30 00:00:00-05:00,0.0,4.967728333813803,4.894458004406521,4.923766136169434,600800,0.0,0.0
1983-03-31 00:00:00-05:00,0.0,5.040998935699463,4.953074535658193,5.040998935699463,153600,0.0,0.0
1983-04-04 00:00:00-05:00,0.0,5.040997979169834,4.8944573402404785,4.8944573402404785,300800,0.0,0.0
1983-04-05 00:00:00-05:00,0.0,4.997036370234703,4.894457911021674,4.909111976623535,128800,0.0,0.0
1983-04-06 00:00:00-05:00,0.0,4.909111983848341,4.806533524484346,4.835841655731201,369600,0.0,0.0
1983-04-07 00:00:00-05:00,0.0,4.835841374367661,4.718608856201172,4.718608856201172,368800,0.0,0.0
1983-04-08 00:00:00-05:00,0.0,4.791878408855862,4.68929997196904,4.747916221618652,519200,0.0,0.0
1983-04-11 00:00:00-05:00,0.0,4.923764679329527,4.747915940782044,4.777224063873291,91200,0.0,0.0
1983-04-12 00:00:00-05:00,0.0,4.865150079494569,4.777225680467559,4.8065338134765625,137600,0.0,0.0
1983-04-13 00:00:00-05:00,0.0,4.835841655731201,4.747917261990634,4.835841655731201,178400,0.0,0.0
1983-04-14 00:00:00-05:00,0.0,5.2021939375183806,4.865150386636907,5.158231735229492,349600,0.0,0.0
1983-04-15 00:00:00-05:00,0.0,5.59785309750983,5.158231126501205,5.5099287033081055,798400,0.0,0.0
1983-04-18 00:00:00-05:00,0.0,5.451311678925822,5.290116978742531,5.319425106048584,106400,0.0,0.0
1983-04-19 00:00:00-05:00,0.0,5.392695136919413,5.319424822559095,5.348732948303223,208800,0.0,0.0
1983-04-20 00:00:00-05:00,0.0,5.451311394974992,5.304770766077815,5.422003269195557,236000,0.0,0.0
1983-04-21 00:00:00-05:00,0.0,5.422003548904504,5.24615478515625,5.24615478515625,149600,0.0,0.0
1983-04-22 00:00:00-05:00,0.0,5.187539400216139,5.011690606988473,5.0849609375,168000,0.0,0.0
1983-04-25 00:00:00-04:00,0.0,5.187539792474294,4.982382851528984,5.07030725479126,261600,0.0,0.0
1983-04-26 00:00:00-04:00,0.0,5.4952749275268715,5.1142691992183416,5.480620861053467,302400,0.0,0.0
1983-04-27 00:00:00-04:00,0.0,5.597853611075813,5.363388538360596,5.363388538360596,220000,0.0,0.0
1983-04-28 00:00:00-04:00,0.0,5.509927936222242,5.392695426940918,5.392695426940918,108800,0.0,0.0
1983-04-29 00:00:00-04:00,0.0,5.392695426940918,5.304771044979925,5.392695426940918,106400,0.0,0.0
1983-05-02 00:00:00-04:00,0.0,5.363388193443804,5.070306871397694,5.0849609375,260800,0.0,0.0
1983-05-03 00:00:00-04:00,0.0,5.0849613220016385,4.8944584482667075,5.07030725479126,356000,0.0,0.0
1983-05-04 00:00:00-04:00,0.0,5.509928994000276,5.4513127281066565,5.480620861053467,251200,0.0,0.0
1983-05-05 00:00:00-04:00,0.0,5.568543891384177,5.348732948303223,5.348732948303223,352000,0.0,0.0
1983-05-06 00:00:00-04:00,0.0,5.803009803007072,5.422004108870244,5.7004313468933105,930400,0.0,0.0
1983-05-09 00:00:00-04:00,0.0,5.715085317179099,5.539236538188973,5.685777187347412,99200,0.0,0.0
1983-05-10 00:00:00-04:00,0.0,5.729739665985107,5.597853075207957,5.729739665985107,362400,0.0,0.0
1983-05-11 00:00:00-04:00,0.0,5.7004316452286,5.597853183746338,5.597853183746338,454400,0.0,0.0
1983-05-12 00:00:00-04:00,0.0,5.671123418282336,5.5538908928398065,5.5831990242004395,325600,0.0,0.0
1983-05-13 00:00:00-04:00,0.0,5.861626625061035,5.5978534269332885,5.861626625061035,464800,0.0,0.0
1983-05-16 00:00:00-04:00,0.0,5.8030105707596755,5.715086168172408,5.744394302368164,194400,0.0,0.0
1983-05-17 00:00:00-04:00,0.0,5.861625863562903,5.744393346291646,5.817663669586182,61600,0.0,0.0
1983-05-18 00:00:00-04:00,0.0,5.978857322279456,5.817662639570941,5.949549198150635,89600,0.0,0.0
1983-05-19 00:00:00-04:00,0.0,6.022819795230828,5.920241355895996,5.920241355895996,94400,0.0,0.0
1983-05-20 00:00:00-04:00,0.0,5.89093505198033,5.715086244458529,5.8323187828063965,571200,0.0,0.0
1983-05-23 00:00:00-04:00,0.0,6.052128314971924,5.744392976922503,6.052128314971924,342400,0.0,0.0
1983-05-24 00:00:00-04:00,0.0,6.3159027099609375,6.0228213777121695,6.3159027099609375,688800,0.0,0.0
1983-05-25 00:00:00-04:00,0.0,6.608984470367432,6.447789727187738,6.608984470367432,557600,0.0,0.0
1983-05-26 00:00:00-04:00,0.0,6.784832199851235,6.623637482360169,6.667599678039551,386400,0.0,0.0
1983-05-27 00:00:00-04:00,0.0,6.74087076728521,6.623638232201989,6.711562633514404,188800,0.0,0.0
1983-05-31 00:00:00-04:00,0.0,6.652946690272858,6.462443811476498,6.535714149475098,294400,0.0,0.0
1983-06-01 00:00:00-04:00,0.0,6.535714149475098,6.462443811476498,6.535714149475098,116800,0.0,0.0
1983-06-02 00:00:00-04:00,0.0,6.535714149475098,6.418481608677339,6.535714149475098,321600,0.0,0.0
1983-06-03 00:00:00-04:00,0.0,6.565021041284566,6.462442587514494,6.491750717163086,179200,0.0,0.0
1983-06-06 00:00:00-04:00,0.0,6.667599678039551,6.491750895322024,6.667599678039551,396800,0.0,0.0
1983-06-07 00:00:00-04:00,0.0,6.711562647198472,6.63829231262207,6.63829231262207,286400,0.0,0.0
1983-06-08 00:00:00-04:00,0.0,6.784832954406738,6.638292285845037,6.784832954406738,185600,0.0,0.0
1983-06-09 00:00:00-04:00,0.0,6.770176887512207,6.682252512349711,6.770176887512207,596800,0.0,0.0
1983-06-10 00:00:00-04:00,0.0,7.7373473132670165,6.740870765346265,7.239109039306641,1407200,0.0,0.0
1983-06-13 00:00:00-04:00,0.0,7.239108580203096,7.0046435249738455,7.0925679206848145,255200,0.0,0.0
1983-06-14 00:00:00-04:00,0.0,7.488229274749756,7.136531618010041,7.488229274749756,239200,0.0,0.0
1983-06-15 00:00:00-04:00,0.0,7.590806007385254,7.429611285220702,7.590806007385254,500000,0.0,0.0
1983-06-16 00:00:00-04:00,0.0,8.059735874553303,7.678730178665329,8.001119613647461,367200,0.0,0.0
1983-06-17 00:00:00-04:00,0.0,8.001121120307834,7.7080397605896,7.7080397605896,84800,0.0,0.0
1983-06-20 00:00:00-04:00,0.0,7.795964792572553,7.576153755187988,7.576153755187988,289600,0.0,0.0
1983-06-21 00:00:00-04:00,0.0,7.488226402190423,7.268415451049805,7.268415451049805,652000,0.0,0.0
1983-06-22 00:00:00-04:00,0.0,7.59080658998007,7.297725254459604,7.532190322875977,213600,0.0,0.0
1983-06-23 00:00:00-04:00,0.0,7.708038532595837,7.576151941733931,7.590806007385254,128800,0.0,0.0
1983-06-24 00:00:00-04:00,0.0,7.7080397605896,7.4442665368431875,7.7080397605896,125600,0.0,0.0
1983-06-27 00:00:00-04:00,0.0,7.7373472577403035,7.532190322875977,7.532190322875977,200000,0.0,0.0
1983-06-28 00:00:00-04:00,0.0,7.561498375389519,7.4149577091998,7.444265842437744,172000,0.0,0.0
1983-06-29 00:00:00-04:00,0.0,7.385648826599121,7.092567523956299,7.327032566070557,401600,0.0,0.0
1983-06-30 00:00:00-04:00,0.0,7.444265842437744,7.283071109629052,7.444265842437744,220000,0.0,0.0
1983-07-01 00:00:00-04:00,0.0,7.473573402540218,7.4003030750643335,7.4296112060546875,160000,0.0,0.0
1983-07-05 00:00:00-04:00,0.0,7.4589193370450415,7.4003030750643335,7.4296112060546875,102400,0.0,0.0
1983-07-06 00:00:00-04:00,0.0,7.429611881573995,7.385649681091309,7.385649681091309,178400,0.0,0.0
1983-07-07 00:00:00-04:00,0.0,7.356339831506052,7.268415451049805,7.268415451049805,192800,0.0,0.0
1983-07-08 00:00:00-04:00,0.0,7.239109478236243,7.004644393920898,7.004644393920898,100800,0.0,0.0
1983-07-11 00:00:00-04:00,0.0,7.019297797138951,6.887411199697928,6.975335597991943,928800,0.0,0.0
1983-07-12 00:00:00-04:00,0.0,6.975333762891365,6.770176887512207,6.770176887512207,407200,0.0,0.0
1983-07-13 00:00:00-04:00,0.0,6.9753358897277575,6.638292348837551,6.946027755737305,432000,0.0,0.0
1983-07-14 00:00:00-04:00,0.0,6.946026911942854,6.711561868501746,6.740869998931885,116000,0.0,0.0
1983-07-15 00:00:00-04:00,0.0,6.682253857048191,6.447788809432464,6.462442874908447,135200,0.0,0.0
1983-07-18 00:00:00-04:00,0.0,6.506406123821551,6.359865445357102,6.477097988128662,190400,0.0,0.0
1983-07-19 00:00:00-04:00,0.0,6.711561489523503,6.506404588097021,6.682253360748291,242400,0.0,0.0
1983-07-20 00:00:00-04:00,0.0,7.29772424697876,6.740869786365923,7.29772424697876,191200,0.0,0.0
1983-07-21 00:00:00-04:00,0.0,7.971810817718506,7.825270177686916,7.971810817718506,1130400,0.0,0.0
1983-07-22 00:00:00-04:00,0.0,8.059736251831055,7.913195592706853,8.059736251831055,312000,0.0,0.0
1983-07-25 00:00:00-04:00,0.0,7.971811691770857,7.678730379573399,7.810616970062256,530400,0.0,0.0
1983-07-26 00:00:00-04:00,0.0,8.20627584176905,7.810616113683756,7.971810817718506,795200,0.0,0.0
1983-07-27 00:00:00-04:00,0.0,8.03042827320648,7.605460353638984,7.634768486022949,182400,0.0,0.0
1983-07-28 00:00:00-04:00,0.0,7.649421998977661,7.327032566070557,7.327032566070557,220000,0.0,0.0
1983-07-29 00:00:00-04:00,0.0,7.209801057514391,6.828795310572573,6.960681915283203,400000,0.0,0.0
1983-08-01 00:00:00-04:00,0.0,7.092567163601257,6.3305558154457495,6.682253360748291,224000,0.0,2.0
1983-08-02 00:00:00-04:00,0.0,7.033952529460317,6.7994874451449725,7.004644393920898,182800,0.0,0.0
1983-08-03 00:00:00-04:00,0.0,7.15118485125004,7.004644178068687,7.1218767166137695,60400,0.0,0.0
1983-08-04 00:00:00-04:00,0.0,7.327032566070557,6.887410612106323,7.327032566070557,496000,0.0,0.0
1983-08-05 00:00:00-04:00,0.0,7.590806007385254,7.327032825661441,7.590806007385254,428800,0.0,0.0
1983-08-08 00:00:00-04:00,0.0,7.561497608184815,7.327032566070557,7.327032566070557,283200,0.0,0.0
1983-08-09 00:00:00-04:00,0.0,7.29772544503212,7.00464410185814,7.033952236175537,168800,0.0,0.0
1983-08-10 00:00:00-04:00,0.0,7.092568425689568,6.887411487756399,6.946027755737305,217600,0.0,0.0
1983-08-11 00:00:00-04:00,0.0,6.916718390949986,6.565020845647444,6.682253360748291,241600,0.0,0.0
1983-08-12 00:00:00-04:00,0.0,7.151184558868408,6.711562557298629,7.151184558868408,245200,0.0,0.0
1983-08-15 00:00:00-04:00,0.0,7.620113671544086,7.2097998584609435,7.29772424697876,280000,0.0,0.0
1983-08-16 00:00:00-04:00,0.0,7.356340505990637,7.239107987966882,7.29772424697876,80800,0.0,0.0
1983-08-17 00:00:00-04:00,0.0,7.29772424697876,7.2097998584609435,7.29772424697876,135200,0.0,0.0
1983-08-18 00:00:00-04:00,0.0,7.29772424697876,7.2097998584609435,7.29772424697876,141600,0.0,0.0
1983-08-19 00:00:00-04:00,0.0,7.268417092620349,7.151184558868408,7.151184558868408,133200,0.0,0.0
1983-08-22 00:00:00-04:00,0.0,7.414956956863403,7.209800045013428,7.327032566070557,362000,0.0,0.0
1983-08-23 00:00:00-04:00,0.0,7.297723577868553,7.180491070593557,7.268415451049805,156800,0.0,0.0
1983-08-24 00:00:00-04:00,0.0,7.268415936252527,6.682253360748291,6.682253360748291,420000,0.0,0.0
1983-08-25 00:00:00-04:00,0.0,6.62363681183558,6.271939282003603,6.418479919433594,1114800,0.0,0.0
1983-08-26 00:00:00-04:00,0.0,6.623637966579861,6.271940375434028,6.594329833984375,381200,0.0,0.0
1983-08-29 00:00:00-04:00,0.0,6.770176887512207,6.62363626224138,6.770176887512207,712000,0.0,0.0
1983-08-30 00:00:00-04:00,0.0,6.887410640716553,6.6822537280143575,6.887410640716553,362400,0.0,0.0
1983-08-31 00:00:00-04:00,0.0,7.532189657911658,7.385649003088474,7.5028815269470215,402400,0.0,0.0
1983-09-01 00:00:00-04:00,0.0,7.473573975675688,7.297725176248024,7.444265842437744,160000,0.0,0.0
1983-09-02 00:00:00-04:00,0.0,7.620114050805569,7.444265265017748,7.5028815269470215,178800,0.0,0.0
1983-09-06 00:00:00-04:00,0.0,7.561499528323903,7.268418151257085,7.473575115203857,120000,0.0,0.0
1983-09-07 00:00:00-04:00,0.0,7.737344264984131,7.414954920609792,7.737344264984131,196400,0.0,0.0
1983-09-08 00:00:00-04:00,0.0,7.79596416850507,7.620115352674128,7.7080397605896,269600,0.0,0.0
1983-09-09 00:00:00-04:00,0.0,7.678731551537147,7.561499008765587,7.620115280151367,428800,0.0,0.0
1983-09-12 00:00:00-04:00,0.0,7.854579098522663,7.385649003088474,7.5028815269470215,236400,0.0,0.0
1983-09-13 00:00:00-04:00,0.0,7.385650155933332,6.916719987302645,7.004644393920898,232000,0.0,0.0
1983-09-14 00:00:00-04:00,0.0,7.385649681091309,7.004643943574694,7.385649681091309,171200,0.0,0.0
1983-09-15 00:00:00-04:00,0.0,7.327033440593766,7.239109039306641,7.239109039306641,241600,0.0,0.0
1983-09-16 00:00:00-04:00,0.0,7.209801120522582,7.092568581977499,7.1218767166137695,29600,0.0,0.0
1983-09-19 00:00:00-04:00,0.0,7.209800533372529,6.975335475376674,7.180492401123047,482400,0.0,0.0
1983-09-20 00:00:00-04:00,0.0,7.356340696334839,7.151183784484863,7.327032566070557,462400,0.0,0.0
1983-09-21 00:00:00-04:00,0.0,7.737344264984131,7.385646798393943,7.737344264984131,876400,0.0,0.0
1983-09-22 00:00:00-04:00,0.0,8.64589786529541,7.737345886230469,8.64589786529541,637200,0.0,0.0
1983-09-23 00:00:00-04:00,0.0,8.55797540072737,8.382126591123383,8.499359130859375,350000,0.0,0.0
1983-09-26 00:00:00-04:00,0.0,9.026904319839733,8.470049832576892,8.763131141662598,352800,0.0,0.0
1983-09-27 00:00:00-04:00,0.0,8.70451451001102,8.557973861694336,8.557973861694336,396000,0.0,0.0
1983-09-28 00:00:00-04:00,0.0,8.99759697754111,8.616591242335787,8.733823776245117,270800,0.0,0.0
1983-09-29 00:00:00-04:00,0.0,8.792440043199782,8.733823776245117,8.733823776245117,149600,0.0,0.0
1983-09-30 00:00:00-04:00,0.0,8.616591670595366,8.323510321255387,8.499359130859375,542800,0.0,0.0
1983-10-03 00:00:00-04:00,0.0,8.411431878073174,8.264891253019634,8.352815628051758,163600,0.0,0.0
1983-10-04 00:00:00-04:00,0.0,8.616590121021009,8.235584435397632,8.557973861694336,169200,0.0,0.0
1983-10-05 00:00:00-04:00,0.0,8.616591670595366,8.44074286099138,8.499359130859375,286800,0.0,0.0
1983-10-06 00:00:00-04:00,0.0,9.026904106140137,8.616590283133766,9.026904106140137,340400,0.0,0.0
1983-10-07 00:00:00-04:00,0.0,9.114829675147407,8.909672737121582,8.909672737121582,338400,0.0,0.0
1983-10-10 00:00:00-04:00,0.0,9.232061008294933,8.85105531588911,9.173444747924805,327600,0.0,0.0
1983-10-11 00:00:00-04:00,0.0,9.114827339346323,8.997594833374023,8.997594833374023,38000,0.0,0.0
1983-10-12 00:00:00-04:00,0.0,9.085521377973109,8.733823776245117,8.733823776245117,206800,0.0,0.0
1983-10-13 00:00:00-04:00,0.0,8.79243889900103,8.499357602367661,8.557973861694336,95200,0.0,0.0
1983-10-14 00:00:00-04:00,0.0,8.645898657785335,8.323509216308594,8.323509216308594,308000,0.0,0.0
1983-10-17 00:00:00-04:00,0.0,8.382125701904297,7.913195592706853,8.059736251831055,1486000,0.0,0.0
1983-10-18 00:00:00-04:00,0.0,8.235585500265806,7.6787309646606445,7.6787309646606445,367200,0.0,0.0
1983-10-19 00:00:00-04:00,0.0,7.5028821089136315,7.209800776534193,7.444265842437744,856800,0.0,0.0
1983-10-20 00:00:00-04:00,0.0,7.708039098113548,7.502882163943225,7.6787309646606445,154000,0.0,0.0
1983-10-21 00:00:00-04:00,0.0,7.678730129241943,7.268416305541992,7.327032566070557,712000,0.0,0.0
1983-10-24 00:00:00-04:00,0.0,7.356339831506052,7.092566690137309,7.268415451049805,360400,0.0,0.0
1983-10-25 00:00:00-04:00,0.0,7.356341361999512,7.268416963250513,7.356341361999512,316400,0.0,0.0
1983-10-26 00:00:00-04:00,0.0,7.4442632683252885,6.828792683148788,6.916717052459717,742800,0.0,0.0
1983-10-27 00:00:00-04:00,0.0,7.092568151940603,6.740870557629499,6.828794956207275,331600,0.0,0.0
1983-10-28 00:00:00-04:00,0.0,7.620114138687899,7.151184037845567,7.590806007385254,752800,0.0,0.0
1983-10-31 00:00:00-05:00,0.0,7.737347822922927,7.327033923222468,7.620115280151367,640800,0.0,0.0
1983-11-01 00:00:00-05:00,0.0,7.620112972874795,7.209799197412306,7.268415451049805,299600,0.0,0.0
1983-11-02 00:00:00-05:00,0.0,7.56149959564209,7.209801940030831,7.56149959564209,662800,0.0,0.0
1983-11-03 00:00:00-05:00,0.0,7.854580513516763,7.561499151072107,7.795964241027832,462400,0.0,0.0
1983-11-04 00:00:00-05:00,0.0,7.795964241027832,7.620115423561039,7.795964241027832,190000,0.0,0.0
1983-11-07 00:00:00-05:00,0.0,8.147663717684539,7.737349717513375,8.0890474319458,562400,0.0,0.0
1983-11-08 00:00:00-05:00,0.0,8.206275745029867,7.9718107237433,8.030426979064941,307600,0.0,0.0
1983-11-09 00:00:00-05:00,0.0,8.089043329743777,7.795962049680598,7.971810817718506,591200,0.0,0.0
1983-11-10 00:00:00-05:00,0.0,8.440741740481954,8.059736036918533,8.323509216308594,302800,0.0,0.0
1983-11-11 00:00:00-05:00,0.0,8.440744039895652,8.294203344758573,8.38212776184082,145600,0.0,0.0
1983-11-14 00:00:00-05:00,0.0,8.470051583316591,8.29420276151763,8.440743446350098,42400,0.0,0.0
1983-11-15 00:00:00-05:00,0.0,8.440741740481954,8.264892954221914,8.323509216308594,117200,0.0,0.0
1983-11-16 00:00:00-05:00,0.0,8.733822442389824,8.382124894374126,8.675206184387207,456400,0.0,0.0
1983-11-17 00:00:00-05:00,0.0,8.909672577109113,8.733823776245117,8.733823776245117,322400,0.0,0.0
1983-11-18 00:00:00-05:00,0.0,8.851055912005148,8.73382338336932,8.821747779846191,96800,0.0,0.0
1983-11-21 00:00:00-05:00,0.0,8.440743446350098,8.323510898484123,8.440743446350098,396400,0.0,0.0
1983-11-22 00:00:00-05:00,0.0,8.675205801619965,8.557973290787263,8.616589546203613,492800,0.0,0.0
1983-11-23 00:00:00-05:00,0.0,8.645896878158837,8.235583128008926,8.352815628051758,184000,0.0,0.0
1983-11-25 00:00:00-05:00,0.0,8.264894485473633,8.089045666633767,8.264894485473633,164800,0.0,0.0
1983-11-28 00:00:00-05:00,0.0,8.26489567928177,8.147663116455078,8.147663116455078,88400,0.0,0.0
1983-11-29 00:00:00-05:00,0.0,8.35281346433906,8.08904040757046,8.17696475982666,1980000,0.0,0.0
1983-11-30 00:00:00-05:00,0.0,8.294202621946944,8.14766193958039,8.264894485473633,299600,0.0,0.0
1983-12-01 00:00:00-05:00,0.0,8.26489567928177,8.147663116455078,8.147663116455078,174800,0.0,0.0
1983-12-02 00:00:00-05:00,0.0,8.499359130859375,8.1476615116514,8.499359130859375,274400,0.0,0.0
1983-12-05 00:00:00-05:00,0.0,8.851054567869017,8.499357035370911,8.616589546203613,477200,0.0,0.0
1983-12-06 00:00:00-05:00,0.0,8.587284735032728,8.294203344758573,8.38212776184082,170800,0.0,0.0
1983-12-07 00:00:00-05:00,0.0,8.55797540072737,8.29420218632139,8.499359130859375,112800,0.0,0.0
1983-12-08 00:00:00-05:00,0.0,8.616592453425318,8.470051765441895,8.470051765441895,78000,0.0,0.0
1983-12-09 00:00:00-05:00,0.0,8.616589546203613,8.557973290787263,8.616589546203613,296400,0.0,0.0
1983-12-12 00:00:00-05:00,0.0,8.645900405115551,8.38212717241711,8.440743446350098,289600,0.0,0.0
1983-12-13 00:00:00-05:00,0.0,8.55797585020674,8.235586349000322,8.264894485473633,352800,0.0,0.0
1983-12-14 00:00:00-05:00,0.0,8.235584455276655,8.03042754713809,8.118351936340332,162000,0.0,0.0
1983-12-15 00:00:00-05:00,0.0,8.089043329743777,7.8545783056932335,7.971810817718506,247600,0.0,0.0
1983-12-16 00:00:00-05:00,0.0,8.235585982458932,7.913196495601109,8.206277847290039,130000,0.0,0.0
1983-12-19 00:00:00-05:00,0.0,8.206276325542573,8.05973567687217,8.118351936340332,83200,0.0,0.0
1983-12-20 00:00:00-05:00,0.0,8.38212776184082,8.206278927676328,8.38212776184082,125200,0.0,0.0
1983-12-21 00:00:00-05:00,0.0,8.675208009992327,8.206277847290039,8.206277847290039,528000,0.0,0.0
1983-12-22 00:00:00-05:00,0.0,8.411433219909668,8.206276312106993,8.411433219909668,135600,0.0,0.0
1983-12-23 00:00:00-05:00,0.0,8.528667265793372,8.352818456189386,8.499359130859375,46000,0.0,0.0
1983-12-27 00:00:00-05:00,0.0,8.557972503126713,8.294199378030342,8.352815628051758,321200,0.0,0.0
1983-12-28 00:00:00-05:00,0.0,8.323510758420253,8.20627821252701,8.264894485473633,120800,0.0,0.0
1983-12-29 00:00:00-05:00,0.0,8.411429699176528,8.147656642407927,8.17696475982666,287600,0.0,0.0
1983-12-30 00:00:00-05:00,0.0,8.440743446350098,8.20627835061815,8.440743446350098,624000,0.0,0.0
1984-01-03 00:00:00-05:00,0.0,8.616590121021009,8.440741343040989,8.557973861694336,435200,0.0,0.0
1984-01-04 00:00:00-05:00,0.0,8.675206184387207,8.32350863637151,8.675206184387207,267200,0.0,0.0
1984-01-05 00:00:00-05:00,0.0,9.114827527464813,8.675205620995449,8.880362510681152,637600,0.0,0.0
1984-01-06 00:00:00-05:00,0.0,8.997597510518592,8.792440564024682,8.968289375305176,312400,0.0,0.0
1984-01-09 00:00:00-05:00,0.0,9.232061017643321,8.938979715495915,9.026904106140137,439200,0.0,0.0
1984-01-10 00:00:00-05:00,0.0,9.14413833618164,9.05621392910297,9.14413833618164,381200,0.0,0.0
1984-01-11 00:00:00-05:00,0.0,9.173443016496677,8.997594268576613,9.0562105178833,155200,0.0,0.0
1984-01-12 00:00:00-05:00,0.0,9.144134891843333,8.968286143923269,9.0562105178833,165200,0.0,0.0
1984-01-13 00:00:00-05:00,0.0,9.144137809151097,8.851056469114203,8.909672737121582,225600,0.0,0.0
1984-01-16 00:00:00-05:00,0.0,8.968286320420562,8.851053819500033,8.93897819519043,154000,0.0,0.0
1984-01-17 00:00:00-05:00,0.0,9.114830051372254,8.93898124009176,8.968289375305176,128000,0.0,0.0
1984-01-18 00:00:00-05:00,0.0,9.085520366569618,8.968287845710655,9.026904106140137,199200,0.0,0.0
1984-01-19 00:00:00-05:00,0.0,9.02690489560563,8.851056098937988,8.851056098937988,61600,0.0,0.0
1984-01-20 00:00:00-05:00,0.0,8.792441708224636,8.323511483785989,8.38212776184082,123200,0.0,0.0
1984-01-23 00:00:00-05:00,0.0,8.206279397868423,7.913197990801694,8.147663116455078,563200,0.0,0.0
1984-01-24 00:00:00-05:00,0.0,8.089043234386583,7.766653830117552,8.030426979064941,492400,0.0,0.0
1984-01-25 00:00:00-05:00,0.0,8.2648907917649,7.85457706451416,7.85457706451416,154000,0.0,0.0
1984-01-26 00:00:00-05:00,0.0,7.9425034914165735,7.385649003088474,7.5028815269470215,360000,0.0,0.0
1984-01-27 00:00:00-05:00,0.0,7.620112972874795,6.975334182862312,7.268415451049805,449600,0.0,0.0
1984-01-30 00:00:00-05:00,0.0,7.4442655035286895,6.975335393070189,7.0925679206848145,292800,0.0,0.0
1984-01-31 00:00:00-05:00,0.0,7.385649518268864,7.09256818817883,7.209800720214844,249600,0.0,0.0
1984-02-01 00:00:00-05:00,0.0,7.356341713666916,7.033952236175537,7.033952236175537,196400,0.0,0.0
1984-02-02 00:00:00-05:00,0.0,6.975333961947212,6.623636451260797,6.799485206604004,542000,0.0,0.0
1984-02-03 00:00:00-05:00,0.0,7.063259754862105,6.389172724315099,6.565021514892578,389600,0.0,0.0
1984-02-06 00:00:00-05:00,0.0,6.74087117203569,6.447789816729791,6.62363862991333,785200,0.0,0.0
1984-02-07 00:00:00-05:00,0.0,6.740870305470058,6.447788987840926,6.565021514892578,428400,0.0,0.0
1984-02-08 00:00:00-05:00,0.0,6.623638666593111,6.418481716742882,6.477097988128662,262400,0.0,0.0
1984-02-09 00:00:00-05:00,0.0,6.565022395207332,6.154708495506873,6.477097988128662,555600,0.0,0.0
1984-02-10 00:00:00-05:00,0.0,6.711561489523503,6.535712716872232,6.682253360748291,250400,0.0,0.0
1984-02-13 00:00:00-05:00,0.0,6.74087076728521,6.565021964660378,6.711562633514404,217200,0.0,0.0
1984-02-14 00:00:00-05:00,0.0,7.033952236175537,6.5650220870971685,7.033952236175537,290000,0.0,0.0
1984-02-15 00:00:00-05:00,0.0,7.385649239721377,7.0925679206848145,7.0925679206848145,357600,0.0,0.0
1984-02-16 00:00:00-05:00,0.0,7.180490160392503,6.916717052459717,6.916717052459717,456400,0.0,0.0
1984-02-17 00:00:00-05:00,0.0,7.121874002309946,6.7408683972480965,6.858100891113281,86000,0.0,0.0
1984-02-21 00:00:00-05:00,0.0,6.975334648500409,6.623637103197868,6.682253360748291,89600,0.0,0.0
1984-02-22 00:00:00-05:00,0.0,6.7994874430968695,6.62363862991333,6.62363862991333,74400,0.0,0.0
1984-02-23 00:00:00-05:00,0.0,6.770178129362023,6.506404955490775,6.740869998931885,145600,0.0,0.0
1984-02-24 00:00:00-05:00,0.0,7.0925679206848145,6.623637810226314,7.0925679206848145,280800,0.0,0.0
1984-02-27 00:00:00-05:00,0.0,7.444265784286872,7.033951922160823,7.209800720214844,576400,0.0,0.0
1984-02-28 00:00:00-05:00,0.0,6.975335042372993,6.535713085920914,6.740869998931885,585200,0.0,0.0
1984-02-29 00:00:00-05:00,0.0,6.8581019350000325,6.330555632307723,6.506404399871826,852800,0.0,0.0
1984-03-01 00:00:00-05:00,0.0,6.8287942987181545,6.330556088082066,6.652945518493652,433200,0.0,0.0
1984-03-02 00:00:00-05:00,0.0,6.858101262674703,6.711560637403876,6.770176887512207,265600,0.0,0.0
1984-03-05 00:00:00-05:00,0.0,6.8874093877288685,6.770176887512207,6.770176887512207,126000,0.0,0.0
1984-03-06 00:00:00-05:00,0.0,6.916717710166142,6.799485206604004,6.799485206604004,42000,0.0,0.0
1984-03-07 00:00:00-05:00,0.0,6.682253265380859,6.330555725097656,6.447788238525391,536000,0.0,0.0
1984-03-08 00:00:00-05:00,0.0,6.506405861146988,6.3305570540889615,6.359865188598633,366800,0.0,0.0
1984-03-09 00:00:00-05:00,0.0,6.213322445114642,6.0667818214091085,6.184014320373535,296400,0.0,0.0
1984-03-12 00:00:00-05:00,0.0,6.565021514892578,6.184015801974706,6.565021514892578,1104400,0.0,0.0
1984-03-13 00:00:00-05:00,0.0,6.916717710166142,6.740868954822935,6.799485206604004,336000,0.0,0.0
1984-03-14 00:00:00-05:00,0.0,6.7994874430968695,6.565022358852151,6.62363862991333,289200,0.0,0.0
1984-03-15 00:00:00-05:00,0.0,6.682254041944232,6.4770971196038385,6.565021514892578,386800,0.0,0.0
1984-03-16 00:00:00-05:00,0.0,6.887409584275607,6.7115608289324005,6.799485206604004,638400,0.0,0.0
1984-03-19 00:00:00-05:00,0.0,6.799485206604004,6.594328325370263,6.799485206604004,359200,0.0,0.0
1984-03-20 00:00:00-05:00,0.0,6.799485206604004,6.682252703041867,6.799485206604004,126800,0.0,0.0
1984-03-21 00:00:00-05:00,0.0,6.916717138045874,6.7408683972480965,6.858100891113281,141600,0.0,0.0
1984-03-22 00:00:00-05:00,0.0,6.916718688830405,6.652945518493652,6.652945518493652,88000,0.0,0.0
1984-03-23 00:00:00-05:00,0.0,6.565020751953125,6.3598638534545895,6.447788238525391,174800,0.0,0.0
1984-03-26 00:00:00-05:00,0.0,6.535712429377586,6.359863664461598,6.418479919433594,50000,0.0,0.0
1984-03-27 00:00:00-05:00,0.0,6.682254041944232,6.271940197263445,6.565021514892578,293600,0.0,0.0
1984-03-28 00:00:00-05:00,0.0,7.09256587884365,6.652944026849209,6.858100891113281,257200,0.0,0.0
1984-03-29 00:00:00-05:00,0.0,7.151184693670474,6.828795219775493,6.946027755737305,244400,0.0,0.0
1984-03-30 00:00:00-05:00,0.0,7.004644393920898,6.97533625838148,7.004644393920898,72400,0.0,0.0
1984-04-02 00:00:00-05:00,0.0,7.06326066287218,6.565022358852151,6.62363862991333,495600,0.0,0.0
1984-04-03 00:00:00-05:00,0.0,6.711561393737793,6.389171981811523,6.447788238525391,313600,0.0,0.0
1984-04-04 00:00:00-05:00,0.0,6.535712527799177,6.359863760235073,6.506404399871826,71200,0.0,0.0
1984-04-05 00:00:00-05:00,0.0,6.5650218551707376,6.154707989222567,6.2426323890686035,698400,0.0,0.0
1984-04-06 00:00:00-05:00,0.0,6.271939666525832,5.978858373697522,6.037474632263184,680000,0.0,0.0
1984-04-09 00:00:00-05:00,0.0,6.154707740334903,5.978858947753906,5.978858947753906,586800,0.0,0.0
1984-04-10 00:00:00-05:00,0.0,6.154707149394508,6.008166502980353,6.037474632263184,186400,0.0,0.0
1984-04-11 00:00:00-05:00,0.0,6.242632713870726,6.008167635415488,6.066783905029297,184400,0.0,0.0
1984-04-12 00:00:00-05:00,0.0,6.096092700958252,5.7443950451337376,6.096092700958252,392400,0.0,0.0
1984-04-13 00:00:00-05:00,0.0,6.213324174426851,6.037475377037412,6.154707908630371,802000,0.0,0.0
1984-04-16 00:00:00-05:00,0.0,6.066783778521479,5.744394302368164,5.744394302368164,1014800,0.0,0.0
1984-04-17 00:00:00-05:00,0.0,6.21332340796017,5.744393339434874,6.037474632263184,790000,0.0,0.0
1984-04-18 00:00:00-05:00,0.0,6.213324174426851,6.096091642833891,6.154707908630371,107600,0.0,0.0
1984-04-19 00:00:00-05:00,0.0,6.213324174426851,6.066783509935651,6.154707908630371,330800,0.0,0.0
1984-04-23 00:00:00-05:00,0.0,6.33055670601981,6.125399775732131,6.154707908630371,376800,0.0,0.0
1984-04-24 00:00:00-05:00,0.0,6.330556392669678,6.154707603984409,6.330556392669678,325200,0.0,0.0
1984-04-25 00:00:00-05:00,0.0,6.301246819337963,6.1547061956324285,6.184014320373535,71200,0.0,0.0
1984-04-26 00:00:00-05:00,0.0,6.506404399871826,6.2426312485256705,6.506404399871826,320800,0.0,0.0
1984-04-27 00:00:00-05:00,0.0,6.62363862991333,6.53571422332156,6.62363862991333,333200,0.0,0.0
1984-04-30 00:00:00-04:00,0.0,6.828795168597625,6.623638232201989,6.711562633514404,198000,0.0,0.0
1984-05-01 00:00:00-04:00,0.0,7.1218767166137695,6.740870966342251,7.1218767166137695,410400,0.0,0.0
1984-05-02 00:00:00-04:00,0.0,7.356340696334839,7.092567523956299,7.327032566070557,714000,0.0,0.0
1984-05-03 00:00:00-04:00,0.0,7.444265893248261,7.151184558868408,7.151184558868408,429600,0.0,0.0
1984-05-04 00:00:00-04:00,0.0,7.268417310714722,6.828795295953751,7.033952236175537,977200,0.0,0.0
1984-05-07 00:00:00-04:00,0.0,7.004643753362828,6.828794956207275,6.828794956207275,628400,0.0,0.0
1984-05-08 00:00:00-04:00,0.0,6.799485206604004,6.7115608289324005,6.799485206604004,140400,0.0,0.0
1984-05-09 00:00:00-04:00,0.0,6.916718781512716,6.682253738071607,6.740869998931885,84400,0.0,0.0
1984-05-10 00:00:00-04:00,0.0,6.799485012566373,6.652944387295546,6.770176887512207,181600,0.0,0.0
1984-05-11 00:00:00-04:00,0.0,6.799485012566373,6.565020012133049,6.770176887512207,132800,0.0,0.0
1984-05-14 00:00:00-04:00,0.0,6.770178437232971,6.565021514892578,6.565021514892578,86000,0.0,0.0
1984-05-15 00:00:00-04:00,0.0,6.711562633514404,6.565021964660378,6.711562633514404,147600,0.0,0.0
1984-05-16 00:00:00-04:00,0.0,6.740870305470058,6.565021514892578,6.565021514892578,205600,0.0,0.0
1984-05-17 00:00:00-04:00,0.0,6.6236373108124065,6.271939754486084,6.271939754486084,144800,0.0,0.0
1984-05-18 00:00:00-04:00,0.0,6.301248550415039,6.242632284829783,6.301248550415039,239600,0.0,0.0
1984-05-21 00:00:00-04:00,0.0,6.3012478841799435,6.213323495098363,6.271939754486084,178400,0.0,0.0
1984-05-22 00:00:00-04:00,0.0,6.213324174426851,6.096091642833891,6.154707908630371,355200,0.0,0.0
1984-05-23 00:00:00-04:00,0.0,6.184017114914381,6.0374764249875,6.096092700958252,270000,0.0,0.0
1984-05-24 00:00:00-04:00,0.0,6.154708181108747,5.62716176558514,5.744394302368164,981600,0.0,0.0
1984-05-25 00:00:00-04:00,0.0,5.978859157562256,5.8030103588104245,5.861626625061035,331600,0.0,0.0
1984-05-29 00:00:00-04:00,0.0,6.096091690063477,5.861626625061035,5.861626625061035,276400,0.0,0.0
1984-05-30 00:00:00-04:00,0.0,6.125399020111677,5.5392364344550575,6.037474632263184,453200,0.0,0.0
1984-05-31 00:00:00-04:00,0.0,6.0960920398362015,5.978859500608583,6.066783905029297,253200,0.0,0.0
1984-06-01 00:00:00-04:00,0.0,6.359865188598633,6.242632650559948,6.359865188598633,239200,0.0,0.0
1984-06-04 00:00:00-04:00,0.0,6.652946690272858,6.447789743876778,6.535714149475098,293600,0.0,0.0
1984-06-05 00:00:00-04:00,0.0,6.594329646655492,6.389172724315099,6.565021514892578,218400,0.0,0.0
1984-06-06 00:00:00-04:00,0.0,6.7115621737071445,6.506405251366751,6.565021514892578,543600,0.0,0.0
1984-06-07 00:00:00-04:00,0.0,6.623637778418405,6.4770971196038385,6.565021514892578,193200,0.0,0.0
1984-06-08 00:00:00-04:00,0.0,6.594330419873978,6.506406014275658,6.535714149475098,151600,0.0,0.0
1984-06-11 00:00:00-04:00,0.0,6.535713312802492,6.2426319983270435,6.330556392669678,104000,0.0,0.0
1984-06-12 00:00:00-04:00,0.0,6.389172655564767,6.213323866879499,6.330556392669678,74800,0.0,0.0
1984-06-13 00:00:00-04:00,0.0,6.389172655564767,6.2426319983270435,6.330556392669678,122400,0.0,0.0
1984-06-14 00:00:00-04:00,0.0,6.301247795808663,6.037474632263184,6.037474632263184,792800,0.0,0.0
1984-06-15 00:00:00-04:00,0.0,6.096092700958252,5.920243873045995,6.096092700958252,108800,0.0,0.0
1984-06-18 00:00:00-04:00,0.0,6.33055678891464,6.037475456094518,6.2426323890686035,351600,0.0,0.0
1984-06-19 00:00:00-04:00,0.0,6.330556392669678,6.096091341089319,6.330556392669678,184400,0.0,0.0
1984-06-20 00:00:00-04:00,0.0,6.447788238525391,6.096090698242187,6.447788238525391,280400,0.0,0.0
1984-06-21 00:00:00-04:00,0.0,6.682254231770834,6.330556640625001,6.594329833984375,446400,0.0,0.0
1984-06-22 00:00:00-04:00,0.0,6.565022395207332,6.447789852435772,6.477097988128662,350400,0.0,0.0
1984-06-25 00:00:00-04:00,0.0,6.5357142595144415,6.418481716742882,6.477097988128662,98000,0.0,0.0
1984-06-26 00:00:00-04:00,0.0,6.477097049907401,6.271940129774588,6.330556392669678,132000,0.0,0.0
1984-06-27 00:00:00-04:00,0.0,6.389173845075211,6.154708749843093,6.213325023651123,132400,0.0,0.0
1984-06-28 00:00:00-04:00,0.0,6.389172554016113,6.15470750616231,6.389172554016113,156400,0.0,0.0
1984-06-29 00:00:00-04:00,0.0,6.418479919433594,6.271939282003603,6.418479919433594,190400,0.0,0.0
1984-07-02 00:00:00-04:00,0.0,6.4477901188832405,6.125400612939078,6.213325023651123,105200,0.0,0.0
1984-07-03 00:00:00-04:00,0.0,6.242632713870726,6.066783905029297,6.066783905029297,102400,0.0,0.0
1984-07-05 00:00:00-04:00,0.0,6.066783556938171,5.8030103588104245,5.861626625061035,184800,0.0,0.0
1984-07-06 00:00:00-04:00,0.0,5.978859157562256,5.685777826309204,5.861626625061035,160000,0.0,0.0
1984-07-09 00:00:00-04:00,0.0,6.213324174426851,5.920242845444452,6.154707908630371,284800,0.0,0.0
1984-07-10 00:00:00-04:00,0.0,6.184017114914381,6.0374764249875,6.096092700958252,184400,0.0,0.0
1984-07-11 00:00:00-04:00,0.0,6.096091690063477,5.861626625061035,5.861626625061035,22800,0.0,0.0
1984-07-12 00:00:00-04:00,0.0,5.861626917393363,5.6857781098715625,5.8323187828063965,153200,0.0,0.0
1984-07-13 00:00:00-04:00,0.0,6.066781983517185,5.861625104847521,5.920241355895996,132400,0.0,0.0
1984-07-16 00:00:00-04:00,0.0,5.978859182504507,5.568545317038511,5.715085983276367,177200,0.0,0.0
1984-07-17 00:00:00-04:00,0.0,5.83231783650585,5.685777187347412,5.685777187347412,586000,0.0,0.0
1984-07-18 00:00:00-04:00,0.0,5.773702769530447,5.568545818328857,5.568545818328857,114800,0.0,0.0
1984-07-19 00:00:00-04:00,0.0,5.62716064453125,5.187538719177246,5.275463104248047,633600,0.0,0.0
1984-07-20 00:00:00-04:00,0.0,5.392697194988808,5.099615825695938,5.216848373413086,724800,0.0,0.0
1984-07-23 00:00:00-04:00,0.0,5.158231084487017,4.982382297515869,4.982382297515869,219600,0.0,0.0
1984-07-24 00:00:00-04:00,0.0,5.158231469087823,5.040998935699463,5.040998935699463,240000,0.0,0.0
1984-07-25 00:00:00-04:00,0.0,5.392695617675781,4.982381820678711,5.275463104248047,486400,0.0,0.0
1984-07-26 00:00:00-04:00,0.0,5.8323187828063965,5.33408049482796,5.8323187828063965,567200,0.0,0.0
1984-07-27 00:00:00-04:00,0.0,6.154708200664611,5.9788593949313364,6.125400066375732,393600,0.0,0.0
1984-07-30 00:00:00-04:00,0.0,6.1547063600898975,5.920241355895996,5.920241355895996,191200,0.0,0.0
1984-07-31 00:00:00-04:00,0.0,5.978857410487844,5.861624912242984,5.890933036804199,234400,0.0,0.0
1984-08-01 00:00:00-04:00,0.0,6.359865188598633,5.978859439972908,6.359865188598633,548000,0.0,0.0
1984-08-02 00:00:00-04:00,0.0,6.5357142595144415,6.330557309664212,6.477097988128662,579200,0.0,0.0
1984-08-03 00:00:00-04:00,0.0,7.121876261815304,6.828794934168584,6.975335597991943,1183200,0.0,0.0
1984-08-06 00:00:00-04:00,0.0,7.26841698623285,7.033951922160823,7.209800720214844,1798400,0.0,0.0
1984-08-07 00:00:00-04:00,0.0,7.385649708118516,7.033952102970015,7.239109039306641,660000,0.0,0.0
1984-08-08 00:00:00-04:00,0.0,7.444265842437744,7.209800776534193,7.444265842437744,839600,0.0,0.0
1984-08-09 00:00:00-04:00,0.0,7.708039391543217,7.239109238445531,7.649423122406006,569600,0.0,0.0
1984-08-10 00:00:00-04:00,0.0,8.264890464869412,7.737344264984131,7.737344264984131,785600,0.0,0.0
1984-08-13 00:00:00-04:00,0.0,7.67873099063621,7.414957788667791,7.532190322875977,209600,0.0,0.0
1984-08-14 00:00:00-04:00,0.0,7.561498483022054,7.32703341378106,7.385649681091309,243600,0.0,0.0
1984-08-15 00:00:00-04:00,0.0,7.5028821089136315,7.209800776534193,7.444265842437744,188400,0.0,0.0
1984-08-16 00:00:00-04:00,0.0,7.7959628365933895,7.444265265017748,7.5028815269470215,157200,0.0,0.0
1984-08-17 00:00:00-04:00,0.0,7.649422583372697,7.3856493908426035,7.414957523345947,165600,0.0,0.0
1984-08-20 00:00:00-04:00,0.0,7.414957627832177,7.356341361999512,7.356341361999512,47600,0.0,0.0
1984-08-21 00:00:00-04:00,0.0,7.795960509415829,7.327030553962245,7.737344264984131,390400,0.0,0.0
1984-08-22 00:00:00-04:00,0.0,7.737347174817183,7.444265842437744,7.444265842437744,292800,0.0,0.0
1984-08-23 00:00:00-04:00,0.0,7.85457706451416,7.444263337263421,7.85457706451416,332400,0.0,0.0
1984-08-24 00:00:00-04:00,0.0,8.00112119473909,7.795964241027832,7.795964241027832,296800,0.0,0.0
1984-08-27 00:00:00-04:00,0.0,7.737347822922927,7.561499008765587,7.620115280151367,166400,0.0,0.0
1984-08-28 00:00:00-04:00,0.0,7.737344264984131,7.620111776120734,7.737344264984131,141200,0.0,0.0
1984-08-29 00:00:00-04:00,0.0,7.82527163192516,7.6787309646606445,7.6787309646606445,105600,0.0,0.0
1984-08-30 00:00:00-04:00,0.0,7.7373466638984825,7.561497876082608,7.590806007385254,208000,0.0,0.0
1984-08-31 00:00:00-04:00,0.0,7.6494221817702055,7.385649003088474,7.5028815269470215,127600,0.0,0.0
1984-09-04 00:00:00-04:00,0.0,7.502882026581175,7.356341361999512,7.356341361999512,193200,0.0,0.0
1984-09-05 00:00:00-04:00,0.0,7.297725119241854,7.09256818817883,7.209800720214844,290800,0.0,0.0
1984-09-06 00:00:00-04:00,0.0,7.502883252910539,7.268418151257085,7.473575115203857,184000,0.0,0.0
1984-09-07 00:00:00-04:00,0.0,7.561498375389519,7.444265842437744,7.444265842437744,207600,0.0,0.0
1984-09-10 00:00:00-04:00,0.0,7.385649681091309,7.180492745505439,7.385649681091309,167200,0.0,0.0
1984-09-11 00:00:00-04:00,0.0,7.502880465599798,7.268415451049805,7.268415451049805,602000,0.0,0.0
1984-09-12 00:00:00-04:00,0.0,7.561499528323903,7.297726288963767,7.473575115203857,525200,0.0,0.0
1984-09-13 00:00:00-04:00,0.0,7.590806007385254,7.327032825661441,7.590806007385254,714000,0.0,0.0
1984-09-14 00:00:00-04:00,0.0,7.854579765378063,7.649422831207741,7.6787309646606445,323200,0.0,0.0
1984-09-17 00:00:00-04:00,0.0,7.708039391543217,7.56149871870019,7.649423122406006,336400,0.0,0.0
1984-09-18 00:00:00-04:00,0.0,7.678730129241943,7.268416305541992,7.327032566070557,148000,0.0,0.0
1984-09-19 00:00:00-04:00,0.0,7.268414619641426,6.799484644180689,6.858100891113281,539200,0.0,0.0
1984-09-20 00:00:00-04:00,0.0,7.004643730756616,6.799486801403911,6.975335597991943,465200,0.0,0.0
1984-09-21 00:00:00-04:00,0.0,7.092567553418748,6.858102510330525,6.887410640716553,191600,0.0,0.0
1984-09-24 00:00:00-04:00,0.0,6.85810371415805,6.53571422332156,6.62363862991333,220800,0.0,0.0
1984-09-25 00:00:00-04:00,0.0,6.623637778418405,6.506405251366751,6.565021514892578,312000,0.0,0.0
1984-09-26 00:00:00-04:00,0.0,6.740870305470058,6.4770971196038385,6.565021514892578,492400,0.0,0.0
1984-09-27 00:00:00-04:00,0.0,6.682255214115358,6.213325023651123,6.213325023651123,637600,0.0,0.0
1984-09-28 00:00:00-04:00,0.0,6.2719404402233305,5.803010313851493,6.154707908630371,430400,0.0,0.0
1984-10-01 00:00:00-04:00,0.0,6.301249434363167,6.154708749843093,6.213325023651123,154000,0.0,0.0
1984-10-02 00:00:00-04:00,0.0,6.271941528870509,6.096092700958252,6.096092700958252,277200,0.0,0.0
1984-10-03 00:00:00-04:00,0.0,6.096091994089098,5.8323187828063965,5.8323187828063965,430000,0.0,0.0
1984-10-04 00:00:00-04:00,0.0,6.037473570537098,5.803008577506531,5.949549198150635,530800,0.0,0.0
1984-10-05 00:00:00-04:00,0.0,5.978858283071807,5.62716073700876,5.803009510040283,641200,0.0,0.0
1984-10-08 00:00:00-04:00,0.0,5.861626649514222,5.6271615835336535,5.715085983276367,337200,0.0,0.0
1984-10-09 00:00:00-04:00,0.0,5.8323176388788704,5.744393252363109,5.803009510040283,256800,0.0,0.0
1984-10-10 00:00:00-04:00,0.0,5.861626625061035,5.539237160682679,5.861626625061035,497200,0.0,0.0
1984-10-11 00:00:00-04:00,0.0,5.978858947753906,5.803010155172909,5.978858947753906,450000,0.0,0.0
1984-10-12 00:00:00-04:00,0.0,6.3598657081711965,5.94955179151499,6.213325023651123,564400,0.0,0.0
1984-10-15 00:00:00-04:00,0.0,6.594328880310059,6.271939468383789,6.447788238525391,617200,0.0,0.0
1984-10-16 00:00:00-04:00,0.0,6.623637966579861,6.447789171006945,6.594329833984375,450400,0.0,0.0
1984-10-17 00:00:00-04:00,0.0,6.770177747073927,6.535712716872232,6.682253360748291,636000,0.0,0.0
1984-10-18 00:00:00-04:00,0.0,6.799485012566373,6.62363626224138,6.770176887512207,958000,0.0,0.0
1984-10-19 00:00:00-04:00,0.0,7.151184693670474,6.916719621746852,6.946027755737305,1050800,0.0,0.0
1984-10-22 00:00:00-04:00,0.0,7.0046429968325885,6.271939754486084,6.271939754486084,520400,0.0,0.0
1984-10-23 00:00:00-04:00,0.0,6.271938862186848,5.803008853799046,5.920241355895996,952400,0.0,0.0
1984-10-24 00:00:00-04:00,0.0,6.2719404402233305,5.803010313851493,6.154707908630371,762800,0.0,0.0
1984-10-25 00:00:00-04:00,0.0,6.213322315310022,5.8616248257641725,5.949549198150635,712000,0.0,0.0
1984-10-26 00:00:00-04:00,0.0,5.8030105707596755,5.568545497193629,5.744394302368164,978000,0.0,0.0
1984-10-29 00:00:00-05:00,0.0,5.773702249771509,5.685777850028796,5.715085983276367,204800,0.0,0.0
1984-10-30 00:00:00-05:00,0.0,6.09608981879474,5.656467956862426,5.949549198150635,489200,0.0,0.0
1984-10-31 00:00:00-05:00,0.0,6.06678353286371,5.861626601800686,6.008167266845703,933200,0.0,0.0
1984-11-01 00:00:00-05:00,0.0,6.154708976929005,6.008168287002124,6.096092700958252,520400,0.0,0.0
1984-11-02 00:00:00-05:00,0.0,6.096091690063477,5.685777826309204,5.861626625061035,1126800,0.0,0.0
1984-11-05 00:00:00-05:00,0.0,5.949549285926629,5.803008663120555,5.890933036804199,92000,0.0,0.0
1984-11-06 00:00:00-05:00,0.0,6.096090890828846,5.861625856566198,6.037474632263184,432400,0.0,0.0
1984-11-07 00:00:00-05:00,0.0,6.0960920398362015,5.978859500608583,6.066783905029297,120800,0.0,0.0
1984-11-08 00:00:00-05:00,0.0,6.037475399854706,5.949551000827697,6.008167266845703,124800,0.0,0.0
1984-11-09 00:00:00-05:00,0.0,6.2426326035312485,6.0667837977979735,6.125400066375732,618800,0.0,0.0
1984-11-12 00:00:00-05:00,0.0,6.125399823188782,5.77370222568512,5.861626625061035,349600,0.0,0.0
1984-11-13 00:00:00-05:00,0.0,5.861625767717458,5.744393252363109,5.803009510040283,96800,0.0,0.0
1984-11-14 00:00:00-05:00,0.0,5.803009510040283,5.744393252363109,5.803009510040283,226400,0.0,0.0
1984-11-15 00:00:00-05:00,0.0,5.77370243656392,5.715086168172408,5.744394302368164,198400,0.0,0.0
1984-11-16 00:00:00-05:00,0.0,5.715085229566021,5.3340795475949525,5.451312065124512,535200,0.0,0.0
1984-11-19 00:00:00-05:00,0.0,5.509927646533863,5.363387017636685,5.422003269195557,1189200,0.0,0.0
1984-11-20 00:00:00-05:00,0.0,5.6857783618726225,5.42200513889915,5.568545818328857,452400,0.0,0.0
1984-11-21 00:00:00-05:00,0.0,5.6564702259866815,5.480621410671033,5.568545818328857,634800,0.0,0.0
1984-11-23 00:00:00-05:00,0.0,5.803009510040283,5.62716073700876,5.803009510040283,270800,0.0,0.0
1984-11-26 00:00:00-05:00,0.0,5.978858283071807,5.803009510040283,5.803009510040283,426800,0.0,0.0
1984-11-27 00:00:00-05:00,0.0,5.8323185162666515,5.715085983276367,5.715085983276367,260000,0.0,0.0
1984-11-28 00:00:00-05:00,0.0,5.7737016677856445,5.656469146612332,5.7737016677856445,377600,0.0,0.0
1984-11-29 00:00:00-05:00,0.0,5.773702249771509,5.715085983276367,5.715085983276367,117600,0.0,0.0
1984-11-30 00:00:00-05:00,0.0,5.74439335894841,5.451312065124512,5.451312065124512,398400,0.0,0.0
1984-12-03 00:00:00-05:00,0.0,5.568545259893897,5.392696462213037,5.480620861053467,233200,0.0,0.0
1984-12-04 00:00:00-05:00,0.0,5.597852516174316,5.275463104248047,5.275463104248047,295200,0.0,0.0
1984-12-05 00:00:00-05:00,0.0,5.275464085170201,5.099615282331194,5.128923416137695,566000,0.0,0.0
1984-12-06 00:00:00-05:00,0.0,5.45131168158158,5.1582304083782695,5.392695426940918,384400,0.0,0.0
1984-12-07 00:00:00-05:00,0.0,5.7150857111546385,5.392696260781812,5.597853183746338,584800,0.0,0.0
1984-12-10 00:00:00-05:00,0.0,5.539235772313298,5.363387017636685,5.422003269195557,821600,0.0,0.0
1984-12-11 00:00:00-05:00,0.0,5.568544675433446,5.451312155950637,5.539236545562744,331200,0.0,0.0
1984-12-12 00:00:00-05:00,0.0,5.715084526989911,5.422003269195557,5.422003269195557,396800,0.0,0.0
1984-12-13 00:00:00-05:00,0.0,5.45131109037452,5.304770469665527,5.304770469665527,987200,0.0,0.0
1984-12-14 00:00:00-05:00,0.0,5.509928994000276,5.3047720633726065,5.480620861053467,557600,0.0,0.0
1984-12-17 00:00:00-05:00,0.0,5.597853183746338,5.451312524485963,5.597853183746338,1009200,0.0,0.0
1984-12-18 00:00:00-05:00,0.0,6.3012486556326275,5.773702256556408,6.2426323890686035,1028000,0.0,0.0
1984-12-19 00:00:00-05:00,0.0,6.623638399185673,6.3305570540889615,6.359865188598633,905200,0.0,0.0
1984-12-20 00:00:00-05:00,0.0,6.447788532649245,6.184015365404503,6.271939754486084,428000,0.0,0.0
1984-12-21 00:00:00-05:00,0.0,6.330557804841262,6.008168287002124,6.096092700958252,272800,0.0,0.0
1984-12-24 00:00:00-05:00,0.0,6.213325252899757,6.096092700958252,6.096092700958252,159600,0.0,0.0
1984-12-26 00:00:00-05:00,0.0,6.154708976929005,6.008168287002124,6.096092700958252,330800,0.0,0.0
1984-12-27 00:00:00-05:00,0.0,6.096092700958252,6.008168287002124,6.096092700958252,90800,0.0,0.0
1984-12-28 00:00:00-05:00,0.0,6.15470793189072,5.949551000827697,6.008167266845703,84000,0.0,0.0
1984-12-31 00:00:00-05:00,0.0,6.096092700958252,5.949552011031371,6.096092700958252,212000,0.0,0.0
1985-01-02 00:00:00-05:00,0.0,6.06678353286371,5.949551000827697,6.008167266845703,184800,0.0,0.0
1985-01-03 00:00:00-05:00,0.0,6.066783344044405,5.92024268356024,5.978858947753906,208400,0.0,0.0
1985-01-04 00:00:00-05:00,0.0,6.037475399854706,5.949551000827697,6.008167266845703,263600,0.0,0.0
1985-01-07 00:00:00-05:00,0.0,6.0081654464082765,5.920241074021814,5.949549198150635,244800,0.0,0.0
1985-01-08 00:00:00-05:00,0.0,5.920242891311646,5.8030103588104245,5.861626625061035,334800,0.0,0.0
1985-01-09 00:00:00-05:00,0.0,5.978857606944471,5.773700728274808,5.920241355895996,447200,0.0,0.0
1985-01-10 00:00:00-05:00,0.0,6.0960920398362015,5.773702556960249,6.066783905029297,989600,0.0,0.0
1985-01-11 00:00:00-05:00,0.0,6.271941297459152,6.125400612939078,6.213325023651123,680000,0.0,0.0
1985-01-14 00:00:00-05:00,0.0,6.535714149475098,6.184016527081819,6.535714149475098,703200,0.0,0.0
1985-01-15 00:00:00-05:00,0.0,6.77017930756628,6.565022358852151,6.62363862991333,794400,0.0,0.0
1985-01-16 00:00:00-05:00,0.0,6.7115630365051,6.38917354566861,6.62363862991333,580400,0.0,0.0
1985-01-17 00:00:00-05:00,0.0,6.7115629606717375,6.506406014275658,6.535714149475098,329600,0.0,0.0
1985-01-18 00:00:00-05:00,0.0,6.682253648531069,6.506404868306568,6.652945518493652,642800,0.0,0.0
1985-01-21 00:00:00-05:00,0.0,6.828794956207275,6.623638026192465,6.828794956207275,269600,0.0,0.0
1985-01-22 00:00:00-05:00,0.0,7.268417092620349,6.9167194913645265,7.151184558868408,993200,0.0,0.0
1985-01-23 00:00:00-05:00,0.0,7.473573788352635,7.0339518008024795,7.414957523345947,1312000,0.0,0.0
1985-01-24 00:00:00-05:00,0.0,7.6494233757880945,6.858103716223808,7.004644393920898,1599600,0.0,0.0
1985-01-25 00:00:00-05:00,0.0,7.209800533372529,7.004643607626156,7.180492401123047,689600,0.0,0.0
1985-01-28 00:00:00-05:00,0.0,7.239109478236243,6.858103716223808,7.004644393920898,324000,0.0,0.0
1985-01-29 00:00:00-05:00,0.0,7.0632603704929355,6.975335967540741,7.033952236175537,567600,0.0,0.0
1985-01-30 00:00:00-05:00,0.0,7.268417092620349,7.092568291992438,7.151184558868408,1019200,0.0,0.0
1985-01-31 00:00:00-05:00,0.0,7.151184394579976,6.887411199697928,6.975335597991943,284400,0.0,0.0
1985-02-01 00:00:00-05:00,0.0,6.887409014579577,6.7408683972480965,6.858100891113281,808400,0.0,0.0
1985-02-04 00:00:00-05:00,0.0,7.033952529460317,6.7994874451449725,7.004644393920898,370400,0.0,0.0
1985-02-05 00:00:00-05:00,0.0,7.092566465509349,6.799485206604004,6.799485206604004,743600,0.0,0.0
1985-02-06 00:00:00-05:00,0.0,6.828794700758798,6.506405251366751,6.565021514892578,1922000,0.0,0.0
1985-02-07 00:00:00-05:00,0.0,6.535712429377586,6.15470677205961,6.418479919433594,2742400,0.0,0.0
1985-02-08 00:00:00-05:00,0.0,6.565020655726527,6.418480016089775,6.506404399871826,740000,0.0,0.0
1985-02-11 00:00:00-05:00,0.0,6.740870496961806,6.565021701388889,6.594329833984375,276800,0.0,0.0
1985-02-12 00:00:00-05:00,0.0,6.858100891113281,6.623635903382913,6.858100891113281,205600,0.0,0.0
1985-02-13 00:00:00-05:00,0.0,7.033951863521287,6.858103066933255,6.975335597991943,741600,0.0,0.0
1985-02-14 00:00:00-05:00,0.0,6.975333384978465,6.7408683972480965,6.858100891113281,365200,0.0,0.0
1985-02-15 00:00:00-05:00,0.0,6.8581014583850735,6.7115608289324005,6.799485206604004,148800,0.0,0.0
1985-02-19 00:00:00-05:00,0.0,6.7408696182987144,6.594328974422655,6.682253360748291,294000,0.0,0.0
1985-02-20 00:00:00-05:00,0.0,6.6822549009745105,6.50640608779097,6.62363862991333,802000,0.0,0.0
1985-02-21 00:00:00-05:00,0.0,6.652945910181319,6.506405251366751,6.565021514892578,424800,0.0,0.0
1985-02-22 00:00:00-05:00,0.0,6.623637778418405,6.506405251366751,6.565021514892578,65200,0.0,0.0
1985-02-25 00:00:00-05:00,0.0,6.5650213399064645,6.301248161070937,6.389172554016113,154400,0.0,0.0
1985-02-26 00:00:00-05:00,0.0,6.565022284674538,6.389173473477898,6.535714149475098,224400,0.0,0.0
1985-02-27 00:00:00-05:00,0.0,6.682254937978891,6.447789852435772,6.477097988128662,378400,0.0,0.0
1985-02-28 00:00:00-05:00,0.0,6.535712527799177,6.418480016089775,6.506404399871826,101600,0.0,0.0
1985-03-01 00:00:00-05:00,0.0,6.71156236436632,6.506405436197917,6.594329833984375,366800,0.0,0.0
1985-03-04 00:00:00-05:00,0.0,6.5357145295952845,6.096092476035063,6.213325023651123,210000,0.0,0.0
1985-03-05 00:00:00-05:00,0.0,6.154707149394508,5.803009598000536,6.037474632263184,882800,0.0,0.0
1985-03-06 00:00:00-05:00,0.0,6.096090109041422,5.920241355895996,5.920241355895996,832800,0.0,0.0
1985-03-07 00:00:00-05:00,0.0,5.861626649514222,5.715085983276367,5.715085983276367,1132400,0.0,0.0
1985-03-08 00:00:00-05:00,0.0,5.861626917393363,5.80301064821943,5.8323187828063965,210800,0.0,0.0
1985-03-11 00:00:00-05:00,0.0,5.685777491711556,5.5099287033081055,5.5099287033081055,1098800,0.0,0.0
1985-03-12 00:00:00-05:00,0.0,5.539236063542574,5.392695426940918,5.392695426940918,1160800,0.0,0.0
1985-03-13 00:00:00-05:00,0.0,5.451311874389648,5.216846847534179,5.275463104248047,439200,0.0,0.0
1985-03-14 00:00:00-05:00,0.0,5.509927936222242,5.187538535698601,5.392695426940918,1395200,0.0,0.0
1985-03-15 00:00:00-05:00,0.0,5.5978539542147985,5.392697003013209,5.568545818328857,386800,0.0,0.0
1985-03-18 00:00:00-05:00,0.0,5.5978527120364605,5.392695806359732,5.451312065124512,175200,0.0,0.0
1985-03-19 00:00:00-05:00,0.0,5.744393447010787,5.45131214869391,5.685777187347412,772400,0.0,0.0
1985-03-20 00:00:00-05:00,0.0,5.8323185162666515,5.656469716781225,5.715085983276367,704800,0.0,0.0
1985-03-21 00:00:00-05:00,0.0,5.7150864977585645,5.480621410671033,5.568545818328857,212000,0.0,0.0
1985-03-22 00:00:00-05:00,0.0,5.627161745165215,5.363388538360596,5.363388538360596,208000,0.0,0.0
1985-03-25 00:00:00-05:00,0.0,5.363388831798847,5.275464424720177,5.334080696105957,384400,0.0,0.0
1985-03-26 00:00:00-05:00,0.0,5.304772784200947,5.099615825695938,5.216848373413086,1116000,0.0,0.0
1985-03-27 00:00:00-05:00,0.0,5.451313238877517,5.304772560413067,5.334080696105957,286800,0.0,0.0
1985-03-28 00:00:00-05:00,0.0,5.480619808901912,5.334079172300256,5.392695426940918,476000,0.0,0.0
1985-03-29 00:00:00-05:00,0.0,5.5099287033081055,5.422004309106381,5.5099287033081055,517200,0.0,0.0
1985-04-01 00:00:00-05:00,0.0,5.59785309750983,5.48062057190753,5.5099287033081055,221600,0.0,0.0
1985-04-02 00:00:00-05:00,0.0,5.509929208807606,5.363388538360596,5.363388538360596,132000,0.0,0.0
1985-04-03 00:00:00-05:00,0.0,5.392694842090923,5.216846097240132,5.304770469665527,328000,0.0,0.0
1985-04-04 00:00:00-05:00,0.0,5.392696672449998,5.158231599734781,5.363388538360596,625200,0.0,0.0
1985-04-08 00:00:00-05:00,0.0,5.334080921130234,5.158232099554512,5.216848373413086,195600,0.0,0.0
1985-04-09 00:00:00-05:00,0.0,5.334079167030377,5.158230403282123,5.24615478515625,220800,0.0,0.0
1985-04-10 00:00:00-05:00,0.0,5.334080921130234,5.158232099554512,5.216848373413086,430400,0.0,0.0
1985-04-11 00:00:00-05:00,0.0,5.597853183746338,5.246155601521437,5.597853183746338,308800,0.0,0.0
1985-04-12 00:00:00-05:00,0.0,5.5978539542147985,5.480621410671033,5.568545818328857,225200,0.0,0.0
1985-04-15 00:00:00-05:00,0.0,5.597852805304148,5.451312155950637,5.539236545562744,184000,0.0,0.0
1985-04-16 00:00:00-05:00,0.0,5.803009798078973,5.509928495145691,5.7737016677856445,246800,0.0,0.0
1985-04-17 00:00:00-05:00,0.0,5.949549285926629,5.83231678768177,5.890933036804199,352000,0.0,0.0
1985-04-18 00:00:00-05:00,0.0,5.9202420279152035,5.62716073940455,5.656468868255615,242800,0.0,0.0
1985-04-19 00:00:00-05:00,0.0,5.627160935174851,5.422004026079935,5.539236545562744,297200,0.0,0.0
1985-04-22 00:00:00-05:00,0.0,5.539236453271681,5.422003935742122,5.451312065124512,48800,0.0,0.0
1985-04-23 00:00:00-05:00,0.0,5.5099287033081055,5.36338804630523,5.5099287033081055,224800,0.0,0.0
1985-04-24 00:00:00-05:00,0.0,5.715084526989911,5.392695143416121,5.422003269195557,276800,0.0,0.0
1985-04-25 00:00:00-05:00,0.0,5.568544185361382,5.187538530573499,5.24615478515625,1698000,0.0,0.0
1985-04-26 00:00:00-05:00,0.0,5.24615478515625,5.187538530573499,5.24615478515625,1170800,0.0,0.0
1985-04-29 00:00:00-04:00,0.0,5.246153914995786,5.158229547705354,5.187537670135498,146000,0.0,0.0
1985-04-30 00:00:00-04:00,0.0,5.187539792474294,4.923766582687466,5.07030725479126,1021600,0.0,0.0
1985-05-01 00:00:00-04:00,0.0,5.099614540242261,4.718608856201172,4.718608856201172,660800,0.0,0.0
1985-05-02 00:00:00-04:00,0.0,4.894456845742685,4.68929997196904,4.747916221618652,452400,0.0,0.0
1985-05-03 00:00:00-04:00,0.0,5.07030725479126,4.718609641742155,5.07030725479126,1004000,0.0,0.0
1985-05-06 00:00:00-04:00,0.0,5.128922657659876,4.953073880825824,5.011690139770508,282000,0.0,0.0
1985-05-07 00:00:00-04:00,0.0,5.011690443212336,4.835841655731201,4.835841655731201,614000,0.0,0.0
1985-05-08 00:00:00-04:00,0.0,5.011690139770508,4.806533233464113,5.011690139770508,885600,0.0,0.0
1985-05-09 00:00:00-04:00,0.0,5.451312065124512,4.982381995006274,5.451312065124512,942000,0.0,0.0
1985-05-10 00:00:00-04:00,0.0,5.597853183746338,5.480620656338037,5.597853183746338,648000,0.0,0.0
1985-05-13 00:00:00-04:00,0.0,5.744394034147263,5.539237104356289,5.627161502838135,346400,0.0,0.0
1985-05-14 00:00:00-04:00,0.0,5.627160935174851,5.422004026079935,5.539236545562744,450000,0.0,0.0
1985-05-15 00:00:00-04:00,0.0,5.6271620901007395,5.509929546556974,5.568545818328857,656800,0.0,0.0
1985-05-16 00:00:00-04:00,0.0,5.7443946336445055,5.451313274785091,5.568545818328857,127600,0.0,0.0
1985-05-17 00:00:00-04:00,0.0,5.715085983276367,5.509929050543369,5.715085983276367,409200,0.0,0.0
1985-05-20 00:00:00-04:00,0.0,5.7737016677856445,5.568544755732347,5.7737016677856445,616400,0.0,0.0
1985-05-21 00:00:00-04:00,0.0,5.861626839151188,5.744394302368164,5.744394302368164,671600,0.0,0.0
1985-05-22 00:00:00-04:00,0.0,5.773701576842475,5.627160927684036,5.685777187347412,301600,0.0,0.0
1985-05-23 00:00:00-04:00,0.0,5.715085317179099,5.627160927684036,5.685777187347412,1026800,0.0,0.0
1985-05-24 00:00:00-04:00,0.0,5.627161228910405,5.5099287033081055,5.5099287033081055,225600,0.0,0.0
1985-05-28 00:00:00-04:00,0.0,5.509927646533863,5.33407889185725,5.422003269195557,52400,0.0,0.0
1985-05-29 00:00:00-04:00,0.0,5.422003269195557,5.304770766077815,5.422003269195557,298800,0.0,0.0
1985-05-30 00:00:00-04:00,0.0,5.451313238877517,5.304772560413067,5.334080696105957,447600,0.0,0.0
1985-05-31 00:00:00-04:00,0.0,5.334079871458165,4.982382297515869,4.982382297515869,211600,0.0,0.0
1985-06-03 00:00:00-04:00,0.0,4.982381723598092,4.806532956882865,4.8944573402404785,606000,0.0,0.0
1985-06-04 00:00:00-04:00,0.0,4.923765756997717,4.806533238973962,4.86514949798584,309200,0.0,0.0
1985-06-05 00:00:00-04:00,0.0,4.923766345512576,4.8065338134765625,4.8065338134765625,898400,0.0,0.0
1985-06-06 00:00:00-04:00,0.0,5.15823184484723,4.777226083580105,5.099615573883057,690800,0.0,0.0
1985-06-07 00:00:00-04:00,0.0,5.158231084487017,4.982382297515869,4.982382297515869,353200,0.0,0.0
1985-06-10 00:00:00-04:00,0.0,5.216848373413086,4.923767004120216,5.216848373413086,621200,0.0,0.0
1985-06-11 00:00:00-04:00,0.0,5.422005103184627,5.216848153334397,5.334080696105957,379200,0.0,0.0
1985-06-12 00:00:00-04:00,0.0,5.363388793221835,5.099615573883057,5.099615573883057,606000,0.0,0.0
1985-06-13 00:00:00-04:00,0.0,5.070306794984,4.923766136169434,4.923766136169434,1303200,0.0,0.0
1985-06-14 00:00:00-04:00,0.0,5.158231735229492,5.0116910609332,5.158231735229492,158400,0.0,0.0
1985-06-17 00:00:00-04:00,0.0,5.216848115811403,5.040999302918884,5.099615573883057,360400,0.0,0.0
1985-06-18 00:00:00-04:00,0.0,5.070306691001443,4.982382297515869,4.982382297515869,81600,0.0,0.0
1985-06-19 00:00:00-04:00,0.0,5.158231549944197,4.98238274710519,5.128923416137695,216800,0.0,0.0
1985-06-20 00:00:00-04:00,0.0,5.128923709365143,5.040999302918884,5.099615573883057,85600,0.0,0.0
1985-06-21 00:00:00-04:00,0.0,5.2754643867755755,5.040999302918884,5.099615573883057,173200,0.0,0.0
1985-06-24 00:00:00-04:00,0.0,5.27546464727166,5.040999551837364,5.216848373413086,80400,0.0,0.0
1985-06-25 00:00:00-04:00,0.0,5.568544190862904,5.216846663018932,5.392695426940918,737600,0.0,0.0
1985-06-26 00:00:00-04:00,0.0,5.509928323889292,5.3340795475949525,5.451312065124512,300800,0.0,0.0
1985-06-27 00:00:00-04:00,0.0,5.861626625061035,5.509929027557373,5.861626625061035,1118800,0.0,0.0
1985-06-28 00:00:00-04:00,0.0,5.832318148714431,5.451312440506955,5.5099287033081055,842800,0.0,0.0
1985-07-01 00:00:00-04:00,0.0,5.568545259893897,5.334080196319417,5.480620861053467,469200,0.0,0.0
1985-07-02 00:00:00-04:00,0.0,5.539236545562744,5.480620285821339,5.539236545562744,631200,0.0,0.0
1985-07-03 00:00:00-04:00,0.0,5.539237126947087,5.392696462213037,5.480620861053467,411600,0.0,0.0
1985-07-05 00:00:00-04:00,0.0,5.480620861053467,5.422004595159847,5.480620861053467,77200,0.0,0.0
1985-07-08 00:00:00-04:00,0.0,5.480620002746582,5.2461549758911135,5.275463104248047,323200,0.0,0.0
1985-07-09 00:00:00-04:00,0.0,5.216848115811403,5.040999302918884,5.099615573883057,565200,0.0,0.0
1985-07-10 00:00:00-04:00,0.0,5.216848373413086,5.099615825695938,5.216848373413086,267200,0.0,0.0
1985-07-11 00:00:00-04:00,0.0,5.27546464727166,5.187540236483799,5.216848373413086,239600,0.0,0.0
1985-07-12 00:00:00-04:00,0.0,5.216848373413086,5.070307688766651,5.216848373413086,214400,0.0,0.0
1985-07-15 00:00:00-04:00,0.0,5.24615478515625,5.04099789411662,5.24615478515625,263600,0.0,0.0
1985-07-16 00:00:00-04:00,0.0,5.392695426940918,5.187538535698601,5.392695426940918,373600,0.0,0.0
1985-07-17 00:00:00-04:00,0.0,5.539237126947087,5.422004595159847,5.480620861053467,1117600,0.0,0.0
1985-07-18 00:00:00-04:00,0.0,5.656469065045553,5.422004026079935,5.539236545562744,869600,0.0,0.0
1985-07-19 00:00:00-04:00,0.0,5.773701576842475,5.539236538188973,5.685777187347412,908000,0.0,0.0
1985-07-22 00:00:00-04:00,0.0,5.715085901319981,5.539237104356289,5.627161502838135,710400,0.0,0.0
1985-07-23 00:00:00-04:00,0.0,5.803009798078973,5.568544755732347,5.7737016677856445,917200,0.0,0.0
1985-07-24 00:00:00-04:00,0.0,5.8323176388788704,5.744393252363109,5.803009510040283,600800,0.0,0.0
1985-07-25 00:00:00-04:00,0.0,6.008167290687561,5.83231849193573,5.861626625061035,340400,0.0,0.0
1985-07-26 00:00:00-04:00,0.0,5.949550154233219,5.803009510040283,5.803009510040283,193600,0.0,0.0
1985-07-29 00:00:00-04:00,0.0,5.861626839151188,5.685778033976652,5.744394302368164,188800,0.0,0.0
1985-07-30 00:00:00-04:00,0.0,5.744393843006713,5.5685450518942625,5.597853183746338,326400,0.0,0.0
1985-07-31 00:00:00-04:00,0.0,5.773701576842475,5.597852797852349,5.685777187347412,306800,0.0,0.0
1985-08-01 00:00:00-04:00,0.0,5.832318704955432,5.715086168172408,5.744394302368164,427200,0.0,0.0
1985-08-02 00:00:00-04:00,0.0,5.715085901319981,5.627161502838135,5.627161502838135,69200,0.0,0.0
1985-08-05 00:00:00-04:00,0.0,5.597853392840706,5.4513127281066565,5.480620861053467,162800,0.0,0.0
1985-08-06 00:00:00-04:00,0.0,5.509927930778631,5.24615478515625,5.24615478515625,297600,0.0,0.0
1985-08-07 00:00:00-04:00,0.0,5.334078593807326,5.216846097240132,5.304770469665527,84400,0.0,0.0
1985-08-08 00:00:00-04:00,0.0,5.509929510263296,5.304772560413067,5.334080696105957,478800,0.0,0.0
1985-08-09 00:00:00-04:00,0.0,5.363388831798847,5.216848153334397,5.334080696105957,242000,0.0,0.0
1985-08-12 00:00:00-04:00,0.0,5.334080921130234,5.216848373413086,5.216848373413086,195600,0.0,0.0
1985-08-13 00:00:00-04:00,0.0,5.363389058059521,5.216848373413086,5.216848373413086,143200,0.0,0.0
1985-08-14 00:00:00-04:00,0.0,5.304772784200947,5.187540236483799,5.216848373413086,137600,0.0,0.0
1985-08-15 00:00:00-04:00,0.0,5.275462037425931,5.187537670135498,5.187537670135498,278000,0.0,0.0
1985-08-16 00:00:00-04:00,0.0,5.275462912447626,5.187538530573499,5.24615478515625,54400,0.0,0.0
1985-08-19 00:00:00-04:00,0.0,5.480619808901912,5.304771044979925,5.392695426940918,235600,0.0,0.0
1985-08-20 00:00:00-04:00,0.0,5.6271620901007395,5.392697003013209,5.568545818328857,456000,0.0,0.0
1985-08-21 00:00:00-04:00,0.0,5.627160935174851,5.539236545562744,5.539236545562744,411600,0.0,0.0
1985-08-22 00:00:00-04:00,0.0,5.597853392840706,5.392696462213037,5.480620861053467,198800,0.0,0.0
1985-08-23 00:00:00-04:00,0.0,5.5099287033081055,5.392696177705806,5.5099287033081055,24000,0.0,0.0
1985-08-26 00:00:00-04:00,0.0,5.509927936222242,5.363387299620587,5.392695426940918,117600,0.0,0.0
1985-08-27 00:00:00-04:00,0.0,5.45131168158158,5.334079172300256,5.392695426940918,171600,0.0,0.0
1985-08-28 00:00:00-04:00,0.0,5.5685438980927335,5.392695143416121,5.422003269195557,152800,0.0,0.0
1985-08-29 00:00:00-04:00,0.0,5.392696672449998,5.304772270181791,5.363388538360596,366400,0.0,0.0
1985-08-30 00:00:00-04:00,0.0,5.392696672449998,5.304772270181791,5.363388538360596,116000,0.0,0.0
1985-09-03 00:00:00-04:00,0.0,5.334080696105957,5.275464424720177,5.334080696105957,119200,0.0,0.0
1985-09-04 00:00:00-04:00,0.0,5.392695426940918,5.334079172300256,5.392695426940918,33600,0.0,0.0
1985-09-05 00:00:00-04:00,0.0,5.3926966203962055,5.040999014718192,5.128923416137695,472400,0.0,0.0
1985-09-06 00:00:00-04:00,0.0,5.1875398700887505,5.0996154655109756,5.158231735229492,87600,0.0,0.0
1985-09-09 00:00:00-04:00,0.0,5.187537670135498,5.158229547705354,5.187537670135498,159600,0.0,0.0
1985-09-10 00:00:00-04:00,0.0,5.1289233357407324,5.040998935699463,5.040998935699463,114000,0.0,0.0
1985-09-11 00:00:00-04:00,0.0,5.099614926746914,4.865149872643607,4.923766136169434,242800,0.0,0.0
1985-09-12 00:00:00-04:00,0.0,4.982382016009595,4.835841368479901,4.86514949798584,202000,0.0,0.0
1985-09-13 00:00:00-04:00,0.0,5.011690428677727,4.8651497728684365,4.982382297515869,114400,0.0,0.0
1985-09-16 00:00:00-04:00,0.0,4.953073886503656,4.835841368479901,4.86514949798584,226000,0.0,0.0
1985-09-17 00:00:00-04:00,0.0,4.98238239969526,4.835841740880694,4.923766136169434,260400,0.0,0.0
1985-09-18 00:00:00-04:00,0.0,5.158231658053536,4.8944584482667075,5.07030725479126,205200,0.0,0.0
1985-09-19 00:00:00-04:00,0.0,5.1875398700887505,5.0116910609332,5.158231735229492,237200,0.0,0.0
1985-09-20 00:00:00-04:00,0.0,5.216847735782003,4.923766402311103,5.040998935699463,156400,0.0,0.0
1985-09-23 00:00:00-04:00,0.0,5.2461559513637,5.099615282331194,5.128923416137695,608000,0.0,0.0
1985-09-24 00:00:00-04:00,0.0,5.187539683750698,5.099615282331194,5.128923416137695,66000,0.0,0.0
1985-09-25 00:00:00-04:00,0.0,5.070306794984,4.923766136169434,4.923766136169434,162000,0.0,0.0
1985-09-26 00:00:00-04:00,0.0,4.894457918224913,4.835841655731201,4.835841655731201,308000,0.0,0.0
1985-09-30 00:00:00-04:00,0.0,4.8651484331470325,4.747915940782044,4.777224063873291,263600,0.0,0.0
1985-10-01 00:00:00-04:00,0.0,4.982382297515869,4.718609117059146,4.982382297515869,345200,0.0,0.0
1985-10-02 00:00:00-04:00,0.0,4.982382949394515,4.6013771944408175,4.630685329437256,912400,0.0,0.0
1985-10-03 00:00:00-04:00,0.0,4.68930171086238,4.57206916809082,4.57206916809082,358400,0.0,0.0
1985-10-04 00:00:00-04:00,0.0,4.5720682274805355,4.249678801183831,4.278986930847168,1222800,0.0,0.0
1985-10-07 00:00:00-04:00,0.0,4.48414450256448,4.2496794305349646,4.454836368560791,369600,0.0,0.0
1985-10-08 00:00:00-04:00,0.0,4.513453016889856,4.073830969790195,4.132447242736816,1212400,0.0,0.0
1985-10-09 00:00:00-04:00,0.0,4.308296134074529,4.132447312275569,4.220371723175049,573600,0.0,0.0
1985-10-10 00:00:00-04:00,0.0,4.220372261760904,4.015215276814193,4.073831558227539,264400,0.0,0.0
1985-10-11 00:00:00-04:00,0.0,4.278988298002656,4.073831324810748,4.19106388092041,529600,0.0,0.0
1985-10-14 00:00:00-04:00,0.0,4.308294773101807,4.161754134560929,4.308294773101807,564800,0.0,0.0
1985-10-15 00:00:00-04:00,0.0,4.396219253540039,4.308294868469238,4.396219253540039,446000,0.0,0.0
1985-10-16 00:00:00-04:00,0.0,4.6013773037837105,4.396220353933481,4.57206916809082,351200,0.0,0.0
1985-10-17 00:00:00-04:00,0.0,4.689301411817029,4.601377010345459,4.601377010345459,441200,0.0,0.0
1985-10-18 00:00:00-04:00,0.0,4.601377038579238,4.396220100553412,4.454836368560791,886800,0.0,0.0
1985-10-21 00:00:00-04:00,0.0,4.4548362885545565,4.337603754645226,4.366911888122559,246000,0.0,0.0
1985-10-22 00:00:00-04:00,0.0,4.484144315024875,4.337603651135173,4.425528049468994,68800,0.0,0.0
1985-10-23 00:00:00-04:00,0.0,4.454836182246934,4.337603651135173,4.425528049468994,264800,0.0,0.0
1985-10-24 00:00:00-04:00,0.0,4.6306854394766,4.396220353933481,4.57206916809082,243600,0.0,0.0
1985-10-25 00:00:00-04:00,0.0,4.57206916809082,4.51345289670504,4.57206916809082,71600,0.0,0.0
1985-10-28 00:00:00-05:00,0.0,4.659992218017578,4.513451582230862,4.659992218017578,187200,0.0,0.0
1985-10-29 00:00:00-05:00,0.0,4.89445655623828,4.659991571508303,4.777224063873291,199600,0.0,0.0
1985-10-30 00:00:00-05:00,0.0,4.865150409408763,4.6013771944408175,4.630685329437256,419600,0.0,0.0
1985-10-31 00:00:00-05:00,0.0,4.65999357516949,4.57206916809082,4.57206916809082,94400,0.0,0.0
1985-11-01 00:00:00-05:00,0.0,4.6306854394766,4.57206916809082,4.57206916809082,68000,0.0,0.0
1985-11-04 00:00:00-05:00,0.0,4.6013773037837105,4.51345289670504,4.57206916809082,119600,0.0,0.0
1985-11-05 00:00:00-05:00,0.0,4.6013773037837105,4.51345289670504,4.57206916809082,150400,0.0,0.0
1985-11-06 00:00:00-05:00,0.0,4.747917759418487,4.601377087831497,4.689301490783691,150000,0.0,0.0
1985-11-07 00:00:00-05:00,0.0,4.923766345512576,4.689301281440549,4.8065338134765625,392800,0.0,0.0
1985-11-08 00:00:00-05:00,0.0,4.806534028053284,4.601377087831497,4.689301490783691,120800,0.0,0.0
1985-11-11 00:00:00-05:00,0.0,4.835840310055786,4.6892996945995495,4.777224063873291,218000,0.0,0.0
1985-11-12 00:00:00-05:00,0.0,4.9530744552612305,4.8358419237757575,4.9530744552612305,232000,0.0,0.0
1985-11-13 00:00:00-05:00,0.0,4.923766345512576,4.8065338134765625,4.8065338134765625,84000,0.0,0.0
1985-11-14 00:00:00-05:00,0.0,4.8944573402404785,4.747916701311123,4.8944573402404785,269200,0.0,0.0
1985-11-15 00:00:00-05:00,0.0,4.894458431005478,4.689301490783691,4.689301490783691,156800,0.0,0.0
1985-11-18 00:00:00-05:00,0.0,4.865150079494569,4.689301281440549,4.8065338134765625,381200,0.0,0.0
1985-11-19 00:00:00-05:00,0.0,5.099615573883057,4.923766760990538,5.099615573883057,628400,0.0,0.0
1985-11-20 00:00:00-05:00,0.0,5.334079360961914,5.070306205749511,5.275463104248047,448000,0.0,0.0
1985-11-21 00:00:00-05:00,0.0,5.30477123260498,5.216846847534179,5.275463104248047,300800,0.0,0.0
1985-11-22 00:00:00-05:00,0.0,5.334080696105957,5.275464424720177,5.334080696105957,1166000,0.0,0.0
1985-11-25 00:00:00-05:00,0.0,5.304772784200947,5.099615825695938,5.216848373413086,354000,0.0,0.0
1985-11-26 00:00:00-05:00,0.0,5.21684800494801,5.158231735229492,5.158231735229492,93200,0.0,0.0
1985-11-27 00:00:00-05:00,0.0,5.216848373413086,5.099615825695938,5.216848373413086,156000,0.0,0.0
1985-11-29 00:00:00-05:00,0.0,5.187539792474294,5.0409991203705005,5.07030725479126,261200,0.0,0.0
1985-12-02 00:00:00-05:00,0.0,5.099615202393643,5.011690802352374,5.040998935699463,497600,0.0,0.0
1985-12-03 00:00:00-05:00,0.0,5.187539683750698,5.070307148524693,5.128923416137695,308400,0.0,0.0
1985-12-04 00:00:00-05:00,0.0,5.451312065124512,5.158230771300613,5.451312065124512,782800,0.0,0.0
1985-12-05 00:00:00-05:00,0.0,5.597852023872169,5.392695143416121,5.422003269195557,1402000,0.0,0.0
1985-12-06 00:00:00-05:00,0.0,5.539237126947087,5.3047720633726065,5.480620861053467,514400,0.0,0.0
1985-12-09 00:00:00-05:00,0.0,5.656469635665417,5.451312705874443,5.627161502838135,665600,0.0,0.0
1985-12-10 00:00:00-05:00,0.0,5.656469065045553,5.509928415692042,5.539236545562744,731600,0.0,0.0
1985-12-11 00:00:00-05:00,0.0,5.832317928372301,5.5978528860256755,5.7737016677856445,452000,0.0,0.0
1985-12-12 00:00:00-05:00,0.0,5.861625767717458,5.773701381201696,5.803009510040283,1044800,0.0,0.0
1985-12-13 00:00:00-05:00,0.0,5.978857606944471,5.715084477226333,5.920241355895996,814400,0.0,0.0
1985-12-16 00:00:00-05:00,0.0,5.920242233881875,5.539236545562744,5.539236545562744,476400,0.0,0.0
1985-12-17 00:00:00-05:00,0.0,5.656469879254617,5.334080404271194,5.363388538360596,393600,0.0,0.0
1985-12-18 00:00:00-05:00,0.0,5.422003746032715,5.275463104248047,5.275463104248047,183600,0.0,0.0
1985-12-19 00:00:00-05:00,0.0,5.392697194988808,5.216848373413086,5.216848373413086,407600,0.0,0.0
1985-12-20 00:00:00-05:00,0.0,5.334079360961914,5.216846847534179,5.275463104248047,236800,0.0,0.0
1985-12-23 00:00:00-05:00,0.0,5.334079167030377,5.158230403282123,5.24615478515625,174800,0.0,0.0
1985-12-24 00:00:00-05:00,0.0,5.275462912447626,5.187538530573499,5.24615478515625,98400,0.0,0.0
1985-12-26 00:00:00-05:00,0.0,5.30477123260498,5.216846847534179,5.275463104248047,111200,0.0,0.0
1985-12-27 00:00:00-05:00,0.0,5.422005103184627,5.216848153334397,5.334080696105957,309200,0.0,0.0
1985-12-30 00:00:00-05:00,0.0,5.4220035542612495,5.304771044979925,5.392695426940918,205600,0.0,0.0
1985-12-31 00:00:00-05:00,0.0,5.451311394974992,5.392695143416121,5.422003269195557,205600,0.0,0.0
1986-01-02 00:00:00-05:00,0.0,5.5099287033081055,5.30477178350408,5.5099287033081055,222800,0.0,0.0
1986-01-03 00:00:00-05:00,0.0,5.568544190862904,5.334079172300256,5.392695426940918,327600,0.0,0.0
1986-01-06 00:00:00-05:00,0.0,5.363388831798847,5.275464424720177,5.334080696105957,114800,0.0,0.0
1986-01-07 00:00:00-05:00,0.0,5.392696672449998,5.304772270181791,5.363388538360596,129200,0.0,0.0
1986-01-08 00:00:00-05:00,0.0,5.392695617675781,5.158230590820312,5.275463104248047,1119200,0.0,0.0
1986-01-09 00:00:00-05:00,0.0,5.187539683750698,5.040999014718192,5.128923416137695,223200,0.0,0.0
1986-01-10 00:00:00-05:00,0.0,5.15823184484723,5.099615573883057,5.099615573883057,204800,0.0,0.0
1986-01-13 00:00:00-05:00,0.0,5.1289235236327775,5.07030725479126,5.07030725479126,71200,0.0,0.0
1986-01-14 00:00:00-05:00,0.0,5.0996145281875345,5.011690139770508,5.011690139770508,117600,0.0,0.0
1986-01-15 00:00:00-05:00,0.0,5.158231658053536,5.011690985949742,5.07030725479126,198800,0.0,0.0
1986-01-16 00:00:00-05:00,0.0,5.275462912447626,5.128922275990747,5.24615478515625,358400,0.0,0.0
1986-01-17 00:00:00-05:00,0.0,5.45131168158158,5.216846663018932,5.392695426940918,931600,0.0,0.0
1986-01-20 00:00:00-05:00,0.0,5.392695421613128,5.24615478515625,5.24615478515625,381600,0.0,0.0
1986-01-21 00:00:00-05:00,0.0,5.275462912447626,5.187538530573499,5.24615478515625,61200,0.0,0.0
1986-01-22 00:00:00-05:00,0.0,5.246156139807268,5.128923600370234,5.158231735229492,250000,0.0,0.0
1986-01-23 00:00:00-05:00,0.0,5.158231735229492,5.040999195792459,5.158231735229492,188000,0.0,0.0
1986-01-24 00:00:00-05:00,0.0,5.24615478515625,5.04099789411662,5.24615478515625,326000,0.0,0.0
1986-01-27 00:00:00-05:00,0.0,5.216847817557198,5.128923416137695,5.128923416137695,148800,0.0,0.0
1986-01-28 00:00:00-05:00,0.0,5.158231658053536,5.0409991203705005,5.07030725479126,327200,0.0,0.0
1986-01-29 00:00:00-05:00,0.0,5.27546464727166,5.158232099554512,5.216848373413086,236400,0.0,0.0
1986-01-30 00:00:00-05:00,0.0,5.304771039739001,5.216846657864874,5.24615478515625,184400,0.0,0.0
1986-01-31 00:00:00-05:00,0.0,5.334079167030377,5.24615478515625,5.24615478515625,48000,0.0,0.0
1986-02-03 00:00:00-05:00,0.0,5.334080544385043,5.158231735229492,5.158231735229492,137200,0.0,0.0
1986-02-04 00:00:00-05:00,0.0,5.246156510342373,5.158232099554512,5.216848373413086,468800,0.0,0.0
1986-02-05 00:00:00-05:00,0.0,5.275462912447626,5.158230403282123,5.24615478515625,428800,0.0,0.0
1986-02-06 00:00:00-05:00,0.0,5.539237126947087,5.275463930425797,5.480620861053467,327200,0.0,0.0
1986-02-07 00:00:00-05:00,0.0,5.568544966109256,5.392696177705806,5.5099287033081055,355200,0.0,0.0
1986-02-10 00:00:00-05:00,0.0,5.8323187828063965,5.509929302349761,5.8323187828063965,404400,0.0,0.0
1986-02-11 00:00:00-05:00,0.0,6.2133244692423695,5.803010589198062,6.125400066375732,1435600,0.0,0.0
1986-02-12 00:00:00-05:00,0.0,6.418481188760677,6.184016122504579,6.2426323890686035,668000,0.0,0.0
1986-02-13 00:00:00-05:00,0.0,6.2719407378201275,5.920243126353578,6.125400066375732,496800,0.0,0.0
1986-02-14 00:00:00-05:00,0.0,6.359864816000295,6.154707886451899,6.301248550415039,360800,0.0,0.0
1986-02-18 00:00:00-05:00,0.0,6.389172273261525,6.213323495098363,6.271939754486084,244400,0.0,0.0
1986-02-19 00:00:00-05:00,0.0,6.35986483891805,6.154707908630371,6.154707908630371,334000,0.0,0.0
1986-02-20 00:00:00-05:00,0.0,6.213325023651123,5.94955179151499,6.213325023651123,108400,0.0,0.0
1986-02-21 00:00:00-05:00,0.0,6.213322445114642,6.096089946150215,6.184014320373535,203600,0.0,0.0
1986-02-24 00:00:00-05:00,0.0,6.213325252899757,6.096092700958252,6.096092700958252,64400,0.0,0.0
1986-02-25 00:00:00-05:00,0.0,6.096090890828846,5.949550244414691,6.037474632263184,67600,0.0,0.0
1986-02-26 00:00:00-05:00,0.0,6.096092700958252,5.920243873045995,6.096092700958252,683600,0.0,0.0
1986-02-27 00:00:00-05:00,0.0,6.1840160415286105,6.066783509935651,6.154707908630371,608400,0.0,0.0
1986-02-28 00:00:00-05:00,0.0,6.154707149394508,6.008166502980353,6.037474632263184,1360000,0.0,0.0
1986-03-03 00:00:00-05:00,0.0,6.037473659610274,5.861624912242984,5.890933036804199,117600,0.0,0.0
1986-03-04 00:00:00-05:00,0.0,5.920242319252285,5.744393537492316,5.7737016677856445,763200,0.0,0.0
1986-03-05 00:00:00-05:00,0.0,5.7737021669745445,5.568545237183571,5.627161502838135,316800,0.0,0.0
1986-03-06 00:00:00-05:00,0.0,5.773701383659876,5.62716073940455,5.656468868255615,346000,0.0,0.0
1986-03-07 00:00:00-05:00,0.0,5.744393843006713,5.509928788190113,5.597853183746338,817200,0.0,0.0
1986-03-10 00:00:00-05:00,0.0,5.8323185162666515,5.568545317038511,5.715085983276367,337200,0.0,0.0
1986-03-11 00:00:00-05:00,0.0,5.861626917393363,5.744394379045496,5.8323187828063965,612400,0.0,0.0
1986-03-12 00:00:00-05:00,0.0,6.066781784171489,5.77370053855934,5.890933036804199,575600,0.0,0.0
1986-03-13 00:00:00-05:00,0.0,5.920243186567297,5.80301064821943,5.8323187828063965,154800,0.0,0.0
1986-03-14 00:00:00-05:00,0.0,5.949549481420234,5.832316979323283,5.920241355895996,338400,0.0,0.0
1986-03-17 00:00:00-05:00,0.0,5.890933896556045,5.773701381201696,5.803009510040283,796400,0.0,0.0
1986-03-18 00:00:00-05:00,0.0,5.920243186567297,5.744394379045496,5.8323187828063965,999200,0.0,0.0
1986-03-19 00:00:00-05:00,0.0,5.920242025394632,5.803009510040283,5.803009510040283,86400,0.0,0.0
1986-03-20 00:00:00-05:00,0.0,5.83231783650585,5.685777187347412,5.685777187347412,737600,0.0,0.0
1986-03-21 00:00:00-05:00,0.0,5.861626058665629,5.68577727690566,5.7737016677856445,1198000,0.0,0.0
1986-03-24 00:00:00-05:00,0.0,5.744393447010787,5.627160927684036,5.685777187347412,208400,0.0,0.0
1986-03-25 00:00:00-05:00,0.0,5.685776700144229,5.392695426940918,5.392695426940918,744000,0.0,0.0
1986-03-26 00:00:00-05:00,0.0,5.45131109037452,5.099613600672938,5.304770469665527,654800,0.0,0.0
1986-03-27 00:00:00-05:00,0.0,5.627161228910405,5.334079914904655,5.5099287033081055,923200,0.0,0.0
1986-03-31 00:00:00-05:00,0.0,5.861626917393363,5.597853706110661,5.8323187828063965,808000,0.0,0.0
1986-04-01 00:00:00-05:00,0.0,5.8909341889589575,5.7150854071989885,5.7737016677856445,173600,0.0,0.0
1986-04-02 00:00:00-05:00,0.0,5.773702249771509,5.685777850028796,5.715085983276367,67200,0.0,0.0
1986-04-03 00:00:00-05:00,0.0,5.773701576842475,5.509928408357285,5.685777187347412,1037200,0.0,0.0
1986-04-04 00:00:00-05:00,0.0,5.744394034147263,5.627161502838135,5.627161502838135,223600,0.0,0.0
1986-04-07 00:00:00-05:00,0.0,5.773702249771509,5.568545317038511,5.715085983276367,241600,0.0,0.0
1986-04-08 00:00:00-05:00,0.0,5.861625767717458,5.656468865847347,5.803009510040283,380400,0.0,0.0
1986-04-09 00:00:00-05:00,0.0,5.920243186567297,5.80301064821943,5.8323187828063965,514800,0.0,0.0
1986-04-10 00:00:00-05:00,0.0,5.949549198150635,5.832316701635351,5.949549198150635,96400,0.0,0.0
1986-04-11 00:00:00-05:00,0.0,6.066783905029297,5.890935096187868,6.066783905029297,307200,0.0,0.0
1986-04-14 00:00:00-05:00,0.0,6.330556013873804,6.154707235710643,6.271939754486084,566800,0.0,0.0
1986-04-15 00:00:00-05:00,0.0,6.535712527799177,6.2426312485256705,6.506404399871826,588400,0.0,0.0
1986-04-16 00:00:00-05:00,0.0,6.5650214442500365,6.330556392669678,6.330556392669678,948800,0.0,0.0
1986-04-17 00:00:00-05:00,0.0,6.359863068820176,6.125398070891322,6.184014320373535,120800,0.0,0.0
1986-04-18 00:00:00-05:00,0.0,6.389172273261525,6.184015365404503,6.271939754486084,742800,0.0,0.0
1986-04-21 00:00:00-05:00,0.0,6.330556683207667,6.2133241520371545,6.301248550415039,48400,0.0,0.0
1986-04-22 00:00:00-05:00,0.0,6.535713612756064,6.301248550415039,6.301248550415039,431600,0.0,0.0
1986-04-23 00:00:00-05:00,0.0,6.33055678891464,6.184016122504579,6.2426323890686035,89600,0.0,0.0
1986-04-24 00:00:00-05:00,0.0,6.418480684997839,6.213323768125761,6.389172554016113,420000,0.0,0.0
1986-04-25 00:00:00-05:00,0.0,6.799486762152778,6.447789171006945,6.594329833984375,1055600,0.0,0.0
1986-04-28 00:00:00-04:00,0.0,6.916719354785052,6.652946159051723,6.828794956207275,578400,0.0,0.0
1986-04-29 00:00:00-04:00,0.0,6.946027227810451,6.506405251366751,6.565021514892578,905600,0.0,0.0
1986-04-30 00:00:00-04:00,0.0,6.858101831723566,6.418479919433594,6.418479919433594,937600,0.0,0.0
1986-05-01 00:00:00-04:00,0.0,6.447788046919592,6.3305555369755995,6.418479919433594,524000,0.0,0.0
1986-05-02 00:00:00-04:00,0.0,6.5064044952392575,6.418480110168457,6.447788238525391,138800,0.0,0.0
1986-05-05 00:00:00-04:00,0.0,6.506404399871826,6.4477881440171245,6.506404399871826,185200,0.0,0.0
1986-05-06 00:00:00-04:00,0.0,6.682253648531069,6.594329258418818,6.652945518493652,63200,0.0,0.0
1986-05-07 00:00:00-04:00,0.0,6.711561489523503,6.65294523197308,6.682253360748291,280000,0.0,0.0
1986-05-08 00:00:00-04:00,0.0,6.6529450395085785,6.4477881440171245,6.506404399871826,611200,0.0,0.0
1986-05-09 00:00:00-04:00,0.0,6.506405077943015,6.389172554016113,6.389172554016113,425200,0.0,0.0
1986-05-12 00:00:00-04:00,0.0,6.359864816000295,6.2133241520371545,6.301248550415039,525600,0.0,0.0
1986-05-13 00:00:00-04:00,0.0,6.330556683207667,6.271940417622411,6.301248550415039,308400,0.0,0.0
1986-05-14 00:00:00-04:00,0.0,6.301249434363167,6.184016886747108,6.213325023651123,290000,0.0,0.0
1986-05-15 00:00:00-04:00,0.0,6.3305570063978855,6.125400066375732,6.125400066375732,314000,0.0,0.0
1986-05-16 00:00:00-04:00,0.0,6.096092700958252,6.008168287002124,6.096092700958252,303600,0.0,0.0
1986-05-19 00:00:00-04:00,0.0,6.037475211947572,5.949550815657073,5.978858947753906,387200,0.0,0.0
1986-05-20 00:00:00-04:00,0.0,6.066783344044405,5.92024268356024,5.978858947753906,323600,0.0,0.0
1986-05-21 00:00:00-04:00,0.0,6.096092700958252,6.0374764249875,6.096092700958252,346800,0.0,0.0
1986-05-22 00:00:00-04:00,0.0,6.096091665872714,5.9788591338367,6.008167266845703,573200,0.0,0.0
1986-05-23 00:00:00-04:00,0.0,6.037473570537098,5.949549198150635,5.949549198150635,771600,0.0,0.0
1986-05-27 00:00:00-04:00,0.0,6.066783905029297,5.920243230994773,6.066783905029297,516400,0.0,0.0
1986-05-28 00:00:00-04:00,0.0,6.037474632263184,5.949550244414691,6.037474632263184,1119600,0.0,0.0
1986-05-29 00:00:00-04:00,0.0,6.535712623596191,6.03747444152832,6.447788238525391,730000,0.0,0.0
1986-05-30 00:00:00-04:00,0.0,6.594328783653878,6.359863760235073,6.506404399871826,944800,0.0,0.0
1986-06-02 00:00:00-04:00,0.0,6.535712623596191,6.447788238525391,6.447788238525391,648800,0.0,0.0
1986-06-03 00:00:00-04:00,0.0,6.447788815979564,6.213323768125761,6.389172554016113,741600,0.0,0.0
1986-06-04 00:00:00-04:00,0.0,6.389172273261525,6.213323495098363,6.271939754486084,128800,0.0,0.0
1986-06-05 00:00:00-04:00,0.0,6.301249434363167,6.154708749843093,6.213325023651123,307600,0.0,0.0
1986-06-06 00:00:00-04:00,0.0,6.2426326035312485,6.125400066375732,6.125400066375732,156800,0.0,0.0
1986-06-09 00:00:00-04:00,0.0,6.125398033293919,5.861624912242984,5.890933036804199,826000,0.0,0.0
1986-06-10 00:00:00-04:00,0.0,5.890934973346944,5.685778033976652,5.744394302368164,205600,0.0,0.0
1986-06-11 00:00:00-04:00,0.0,5.920242831110954,5.597853370010853,5.627161502838135,2976800,0.0,0.0
1986-06-12 00:00:00-04:00,0.0,5.773701974858788,5.597853183746338,5.597853183746338,1210400,0.0,0.0
1986-06-13 00:00:00-04:00,0.0,5.685777579302563,5.597853183746338,5.597853183746338,106400,0.0,0.0
1986-06-16 00:00:00-04:00,0.0,5.6857783618726225,5.5392376824429155,5.568545818328857,274000,0.0,0.0
1986-06-17 00:00:00-04:00,0.0,5.539237126947087,5.422004595159847,5.480620861053467,406800,0.0,0.0
1986-06-18 00:00:00-04:00,0.0,5.480619808901912,5.246154790339263,5.392695426940918,1043200,0.0,0.0
1986-06-19 00:00:00-04:00,0.0,5.334078593807326,5.216846097240132,5.304770469665527,399600,0.0,0.0
1986-06-20 00:00:00-04:00,0.0,5.363386717949124,5.275462345523729,5.304770469665527,131600,0.0,0.0
1986-06-23 00:00:00-04:00,0.0,5.451313238877517,5.304772560413067,5.334080696105957,53200,0.0,0.0
1986-06-24 00:00:00-04:00,0.0,5.509929470632268,5.099615573883057,5.099615573883057,194800,0.0,0.0
1986-06-25 00:00:00-04:00,0.0,5.24615478515625,5.04099789411662,5.24615478515625,421200,0.0,0.0
1986-06-26 00:00:00-04:00,0.0,5.2754643867755755,5.099615573883057,5.099615573883057,227200,0.0,0.0
1986-06-27 00:00:00-04:00,0.0,5.1582311902727405,4.865149872643607,4.923766136169434,398000,0.0,0.0
1986-06-30 00:00:00-04:00,0.0,5.158231735229492,4.923766656355425,5.158231735229492,447600,0.0,0.0
1986-07-01 00:00:00-04:00,0.0,5.334078593807326,5.158229848956535,5.304770469665527,434800,0.0,0.0
1986-07-02 00:00:00-04:00,0.0,5.480621374570406,5.275464424720177,5.334080696105957,314000,0.0,0.0
1986-07-03 00:00:00-04:00,0.0,5.422003269195557,5.304770766077815,5.422003269195557,102000,0.0,0.0
1986-07-07 00:00:00-04:00,0.0,5.334080464578088,4.982382851528984,5.07030725479126,153200,0.0,0.0
1986-07-08 00:00:00-04:00,0.0,5.12892325248944,4.923766322389862,4.9530744552612305,134400,0.0,0.0
1986-07-09 00:00:00-04:00,0.0,5.040998853875335,4.923766322389862,4.9530744552612305,250800,0.0,0.0
1986-07-10 00:00:00-04:00,0.0,5.040998663221087,4.865149872643607,4.923766136169434,602000,0.0,0.0
1986-07-11 00:00:00-04:00,0.0,4.9237649705674915,4.68929997196904,4.747916221618652,421200,0.0,0.0
1986-07-14 00:00:00-04:00,0.0,4.718609574593995,4.366911966549723,4.454836368560791,1021200,0.0,0.0
1986-07-15 00:00:00-04:00,0.0,4.4255277875443575,4.161754608154297,4.161754608154297,1972000,0.0,0.0
1986-07-16 00:00:00-04:00,0.0,4.777226039786744,4.103138929878185,4.484144687652588,2746000,0.0,0.0
1986-07-17 00:00:00-04:00,0.0,4.601377228506251,4.484144687652588,4.484144687652588,439600,0.0,0.0
1986-07-18 00:00:00-04:00,0.0,4.51345263656817,4.425528234557102,4.454836368560791,509200,0.0,0.0
1986-07-21 00:00:00-04:00,0.0,4.484143638610839,4.396219253540039,4.396219253540039,167200,0.0,0.0
1986-07-22 00:00:00-04:00,0.0,4.57206916809082,4.396220353933481,4.57206916809082,199200,0.0,0.0
1986-07-23 00:00:00-04:00,0.0,4.65999357516949,4.54276103239793,4.57206916809082,180000,0.0,0.0
1986-07-24 00:00:00-04:00,0.0,4.68930171086238,4.54276103239793,4.57206916809082,656400,0.0,0.0
1986-07-25 00:00:00-04:00,0.0,4.630685172582927,4.454836368560791,4.454836368560791,387200,0.0,0.0
1986-07-28 00:00:00-04:00,0.0,4.51345263656817,4.396220100553412,4.454836368560791,105600,0.0,0.0
1986-07-29 00:00:00-04:00,0.0,4.5720689045755485,4.396220100553412,4.454836368560791,285200,0.0,0.0
1986-07-30 00:00:00-04:00,0.0,4.5720689045755485,4.3376038325460335,4.454836368560791,735200,0.0,0.0
1986-07-31 00:00:00-04:00,0.0,4.513451766967774,4.396219253540039,4.396219253540039,124800,0.0,0.0
1986-08-01 00:00:00-04:00,0.0,4.4255273818969725,4.366911125183106,4.396219253540039,115200,0.0,0.0
1986-08-04 00:00:00-04:00,0.0,4.454835510253906,4.337602996826171,4.396219253540039,208800,0.0,0.0
1986-08-05 00:00:00-04:00,0.0,4.6013773037837105,4.4255284896263705,4.57206916809082,234400,0.0,0.0
1986-08-06 00:00:00-04:00,0.0,4.572068822463887,4.308295621167893,4.366911888122559,202800,0.0,0.0
1986-08-07 00:00:00-04:00,0.0,4.396219253540039,4.337602996826171,4.396219253540039,128800,0.0,0.0
1986-08-08 00:00:00-04:00,0.0,4.513452053070068,4.366911401996365,4.513452053070068,243200,0.0,0.0
1986-08-11 00:00:00-04:00,0.0,4.57206916809082,4.454836625319261,4.57206916809082,121600,0.0,0.0
1986-08-12 00:00:00-04:00,0.0,4.689301490783691,4.542760819196701,4.689301490783691,81600,0.0,0.0
1986-08-13 00:00:00-04:00,0.0,4.630685363719666,4.484144687652588,4.484144687652588,370400,0.0,0.0
1986-08-14 00:00:00-04:00,0.0,4.542760688986554,4.366911888122559,4.366911888122559,115600,0.0,0.0
1986-08-15 00:00:00-04:00,0.0,4.484144687652588,4.33760401158551,4.484144687652588,146000,0.0,0.0
1986-08-18 00:00:00-04:00,0.0,4.513452555509222,4.366911888122559,4.366911888122559,143200,0.0,0.0
1986-08-19 00:00:00-04:00,0.0,4.542760848999023,4.396220176450668,4.542760848999023,136000,0.0,0.0
1986-08-20 00:00:00-04:00,0.0,4.71860962510109,4.542760819196701,4.689301490783691,296800,0.0,0.0
1986-08-21 00:00:00-04:00,0.0,4.689301490783691,4.601377087831497,4.689301490783691,66000,0.0,0.0
1986-08-22 00:00:00-04:00,0.0,4.9530744552612305,4.689301259418917,4.9530744552612305,363200,0.0,0.0
1986-08-25 00:00:00-04:00,0.0,5.011690145515534,4.806533238973962,4.86514949798584,334400,0.0,0.0
1986-08-26 00:00:00-04:00,0.0,4.865150079494569,4.718609414449552,4.8065338134765625,110000,0.0,0.0
1986-08-27 00:00:00-04:00,0.0,4.953073595812221,4.806532956882865,4.8944573402404785,400000,0.0,0.0
1986-08-28 00:00:00-04:00,0.0,4.953073595812221,4.865149212454607,4.8944573402404785,310000,0.0,0.0
1986-08-29 00:00:00-04:00,0.0,4.98238239969526,4.923766136169434,4.923766136169434,367200,0.0,0.0
1986-09-02 00:00:00-04:00,0.0,4.953072802420774,4.777224063873291,4.777224063873291,133200,0.0,0.0
1986-09-03 00:00:00-04:00,0.0,4.806534028053284,4.689301490783691,4.689301490783691,47200,0.0,0.0
1986-09-04 00:00:00-04:00,0.0,5.07030725479126,4.689301507321396,5.07030725479126,378400,0.0,0.0
1986-09-05 00:00:00-04:00,0.0,5.275464274666526,5.0116910609332,5.158231735229492,399200,0.0,0.0
1986-09-08 00:00:00-04:00,0.0,5.158231658053536,5.011690985949742,5.07030725479126,391600,0.0,0.0
1986-09-09 00:00:00-04:00,0.0,5.070306794984,4.689301082066128,4.923766136169434,2223600,0.0,0.0
1986-09-10 00:00:00-04:00,0.0,4.923765756997717,4.777225109468024,4.86514949798584,487200,0.0,0.0
1986-09-11 00:00:00-04:00,0.0,4.835840980961638,4.630684090860235,4.659992218017578,474000,0.0,0.0
1986-09-12 00:00:00-04:00,0.0,4.659993387037708,4.542760848999023,4.542760848999023,374800,0.0,0.0
1986-09-15 00:00:00-04:00,0.0,4.689301599430133,4.572069059444379,4.630685329437256,124000,0.0,0.0
1986-09-16 00:00:00-04:00,0.0,4.57206916809082,4.54276103239793,4.57206916809082,108800,0.0,0.0
1986-09-17 00:00:00-04:00,0.0,4.542761229806476,4.220371723175049,4.220371723175049,124400,0.0,0.0
1986-09-18 00:00:00-04:00,0.0,4.425527579163852,4.278986930847168,4.278986930847168,164800,0.0,0.0
1986-09-19 00:00:00-04:00,0.0,4.3962191562263335,4.278986645393632,4.308294773101807,80000,0.0,0.0
1986-09-22 00:00:00-04:00,0.0,4.425528049468994,4.337603651135173,4.425528049468994,916800,0.0,0.0
1986-09-23 00:00:00-04:00,0.0,4.454835510253906,4.337602996826171,4.396219253540039,410000,0.0,0.0
1986-09-24 00:00:00-04:00,0.0,4.39621935019622,4.3376030921936035,4.3376030921936035,338000,0.0,0.0
1986-09-25 00:00:00-04:00,0.0,4.337603970231681,4.161755160627694,4.2496795654296875,328800,0.0,0.0
1986-09-26 00:00:00-04:00,0.0,4.308296061576681,4.132447242736816,4.132447242736816,242800,0.0,0.0
1986-09-29 00:00:00-04:00,0.0,4.1031378725149334,3.8686728512283657,4.015213489532471,403600,0.0,0.0
1986-09-30 00:00:00-04:00,0.0,4.161756287450376,3.897983001626056,4.0445237159729,272800,0.0,0.0
1986-10-01 00:00:00-04:00,0.0,4.161756287450376,4.015215573103531,4.0445237159729,245200,0.0,0.0
1986-10-02 00:00:00-04:00,0.0,4.044522931840684,3.8686741087171765,3.9565985202789307,263600,0.0,0.0
1986-10-03 00:00:00-04:00,0.0,4.015213489532471,3.8979809788891866,4.015213489532471,160400,0.0,0.0
1986-10-06 00:00:00-04:00,0.0,4.0445237159729,3.956599287364794,4.0445237159729,102400,0.0,0.0
1986-10-07 00:00:00-04:00,0.0,4.0445237159729,3.9859074302341626,4.0445237159729,40400,0.0,0.0
1986-10-08 00:00:00-04:00,0.0,4.044522801736243,3.897982120513916,3.897982120513916,206400,0.0,0.0
1986-10-09 00:00:00-04:00,0.0,3.9565983930028468,3.86867398426945,3.897982120513916,330800,0.0,0.0
1986-10-10 00:00:00-04:00,0.0,3.92729048765907,3.75144165985344,3.780749797821045,294400,0.0,0.0
1986-10-13 00:00:00-04:00,0.0,3.7807488944381475,3.6635163705796003,3.7514407634735107,206800,0.0,0.0
1986-10-14 00:00:00-04:00,0.0,3.8100576400756836,3.722133232997014,3.8100576400756836,58000,0.0,0.0
1986-10-15 00:00:00-04:00,0.0,3.8393654823303223,3.6635166816129026,3.8393654823303223,587200,0.0,0.0
1986-10-16 00:00:00-04:00,0.0,3.927288376923763,3.810055888060367,3.8686721324920654,125600,0.0,0.0
1986-10-17 00:00:00-04:00,0.0,3.897982120513916,3.8100577117805194,3.897982120513916,65200,0.0,0.0
1986-10-20 00:00:00-04:00,0.0,4.044521664871889,3.8393647688276626,3.985905408859253,134000,0.0,0.0
1986-10-21 00:00:00-04:00,0.0,3.9272902567583814,3.86867398426945,3.897982120513916,76400,0.0,0.0
1986-10-22 00:00:00-04:00,0.0,3.956598318540133,3.8100576400756836,3.8100576400756836,55600,0.0,0.0
1986-10-23 00:00:00-04:00,0.0,3.8393657757685733,3.722133232997014,3.8100576400756836,280400,0.0,0.0
1986-10-24 00:00:00-04:00,0.0,3.8979817492361284,3.7514410819716124,3.8393654823303223,640800,0.0,0.0
1986-10-27 00:00:00-05:00,0.0,3.8686739114614634,3.7514413686899037,3.8100576400756836,244000,0.0,0.0
1986-10-28 00:00:00-05:00,0.0,3.8686721324920654,3.7514396436286694,3.8686721324920654,665200,0.0,0.0
1986-10-29 00:00:00-05:00,0.0,3.868673615783225,3.810057348877419,3.8393654823303223,80000,0.0,0.0
1986-10-30 00:00:00-05:00,0.0,3.9859046213554614,3.8686721324920654,3.8686721324920654,235600,0.0,0.0
1986-10-31 00:00:00-05:00,0.0,3.9565983930028468,3.86867398426945,3.897982120513916,345600,0.0,0.0
1986-11-03 00:00:00-05:00,0.0,3.9272902567583814,3.86867398426945,3.897982120513916,301200,0.0,0.0
1986-11-04 00:00:00-05:00,0.0,3.868673615783225,3.7807492154245157,3.8393654823303223,777600,0.0,0.0
1986-11-05 00:00:00-05:00,0.0,3.985904779007186,3.8686722855069746,3.92728853225708,779200,0.0,0.0
1986-11-06 00:00:00-05:00,0.0,4.161755379210127,3.927290287423641,4.132447242736816,710000,0.0,0.0
1986-11-07 00:00:00-05:00,0.0,4.513452053070068,4.103138230063698,4.513452053070068,576800,0.0,0.0
1986-11-10 00:00:00-05:00,0.0,4.425528155077224,4.308295621167893,4.366911888122559,161600,0.0,0.0
1986-11-11 00:00:00-05:00,0.0,4.454836368560791,4.3376038325460335,4.454836368560791,274400,0.0,0.0
1986-11-12 00:00:00-05:00,0.0,4.572069093292835,4.396220282012341,4.484144687652588,233600,0.0,0.0
1986-11-13 00:00:00-05:00,0.0,4.542762144752171,4.0445237159729,4.0445237159729,712000,0.0,0.0
1986-11-14 00:00:00-05:00,0.0,4.132446048890843,3.8686728968339805,3.985905408859253,174800,0.0,0.0
1986-11-17 00:00:00-05:00,0.0,3.92729048765907,3.780749797821045,3.780749797821045,402400,0.0,0.0
1986-11-18 00:00:00-05:00,0.0,3.86867421172386,3.75144165985344,3.780749797821045,90000,0.0,0.0
1986-11-19 00:00:00-05:00,0.0,3.8100573209327036,3.6635166547429843,3.722132921218872,458000,0.0,0.0
1986-11-20 00:00:00-05:00,0.0,4.1031389236450195,3.7514413016183035,4.1031389236450195,395600,0.0,0.0
1986-11-21 00:00:00-05:00,0.0,4.0738318588422695,3.927291144495425,4.0445237159729,118400,0.0,0.0
1986-11-24 00:00:00-05:00,0.0,4.015213536865571,3.897981024840299,3.985905408859253,85200,0.0,0.0
1986-11-25 00:00:00-05:00,0.0,4.161755193982805,4.0152145181383405,4.1031389236450195,121200,0.0,0.0
1986-11-26 00:00:00-05:00,0.0,4.161756287450376,3.9859074302341626,4.0445237159729,149600,0.0,0.0
1986-11-28 00:00:00-05:00,0.0,4.073828988003008,3.8686721324920654,3.8686721324920654,97600,0.0,0.0
1986-12-01 00:00:00-05:00,0.0,4.015213489532471,3.722132212924261,4.015213489532471,238800,0.0,0.0
1986-12-02 00:00:00-05:00,0.0,4.132447242736816,4.044522833316884,4.132447242736816,406800,0.0,0.0
1986-12-03 00:00:00-05:00,0.0,4.191063515683438,4.044522833316884,4.132447242736816,248000,0.0,0.0
1986-12-04 00:00:00-05:00,0.0,4.220372019947826,4.103139463838164,4.19106388092041,356800,0.0,0.0
1986-12-05 00:00:00-05:00,0.0,4.220370870240977,4.132446477110957,4.161754608154297,236400,0.0,0.0
1986-12-08 00:00:00-05:00,0.0,4.191062255497396,4.015213489532471,4.015213489532471,278000,0.0,0.0
1986-12-09 00:00:00-05:00,0.0,4.044522931840684,3.9272903830916794,3.9565985202789307,158800,0.0,0.0
1986-12-10 00:00:00-05:00,0.0,4.191063515683438,3.927290287423641,4.132447242736816,240000,0.0,0.0
1986-12-11 00:00:00-05:00,0.0,4.161754176897161,3.9565972808529346,3.985905408859253,168400,0.0,0.0
1986-12-12 00:00:00-05:00,0.0,4.015214665491778,3.897982120513916,3.897982120513916,176000,0.0,0.0
1986-12-15 00:00:00-05:00,0.0,4.132447242736816,3.927290287423641,4.132447242736816,470800,0.0,0.0
1986-12-16 00:00:00-05:00,0.0,4.278988298002656,4.1617557418929945,4.19106388092041,1441600,0.0,0.0
1986-12-17 00:00:00-05:00,0.0,4.220372261760904,4.044523417520866,4.073831558227539,569200,0.0,0.0
1986-12-18 00:00:00-05:00,0.0,4.073831069027936,3.9565985202789307,3.9565985202789307,215600,0.0,0.0
1986-12-19 00:00:00-05:00,0.0,3.985905408859253,3.897981024840299,3.985905408859253,144400,0.0,0.0
1986-12-22 00:00:00-05:00,0.0,3.985904779007186,3.780747915381816,3.92728853225708,644400,0.0,0.0
1986-12-23 00:00:00-05:00,0.0,3.9272898826890317,3.8393654823303223,3.8393654823303223,121200,0.0,0.0
1986-12-24 00:00:00-05:00,0.0,3.897982349691465,3.75144165985344,3.780749797821045,176000,0.0,0.0
1986-12-26 00:00:00-05:00,0.0,3.8393654823303223,3.7807492154245157,3.8393654823303223,16000,0.0,0.0
1986-12-29 00:00:00-05:00,0.0,3.8979817492361284,3.810057348877419,3.8393654823303223,153600,0.0,0.0
1986-12-30 00:00:00-05:00,0.0,3.8979817492361284,3.810057348877419,3.8393654823303223,84400,0.0,0.0
1986-12-31 00:00:00-05:00,0.0,3.9272898826890317,3.8393654823303223,3.8393654823303223,102400,0.0,0.0
1987-01-02 00:00:00-05:00,0.0,4.044521025757292,3.8686722855069746,3.92728853225708,118800,0.0,0.0
1987-01-05 00:00:00-05:00,0.0,3.985906657466182,3.8979822459044278,3.9565985202789307,227200,0.0,0.0
1987-01-06 00:00:00-05:00,0.0,3.9272902567583814,3.86867398426945,3.897982120513916,304800,0.0,0.0
1987-01-07 00:00:00-05:00,0.0,3.9272902567583814,3.839365848024985,3.897982120513916,1280400,0.0,0.0
1987-01-08 00:00:00-05:00,0.0,4.132447058813913,3.9272901126316615,4.1031389236450195,1406000,0.0,0.0
1987-01-09 00:00:00-05:00,0.0,4.191063515683438,4.044522833316884,4.132447242736816,728400,0.0,0.0
1987-01-12 00:00:00-05:00,0.0,4.337602900809983,4.073829751436402,4.308294773101807,720000,0.0,0.0
1987-01-13 00:00:00-05:00,0.0,4.308295060510504,4.161754412193821,4.278986930847168,630400,0.0,0.0
1987-01-14 00:00:00-05:00,0.0,4.572069093292835,4.33760401158551,4.484144687652588,3126800,0.0,0.0
1987-01-15 00:00:00-05:00,0.0,4.777225893735886,4.484144550561905,4.689301490783691,2660400,0.0,0.0
1987-01-16 00:00:00-05:00,0.0,4.747916599489608,4.572067836545549,4.659992218017578,689200,0.0,0.0
1987-01-19 00:00:00-05:00,0.0,4.747916985742794,4.601376338034683,4.718608856201172,368800,0.0,0.0
1987-01-20 00:00:00-05:00,0.0,4.777225893735886,4.659993356466294,4.689301490783691,643200,0.0,0.0
1987-01-21 00:00:00-05:00,0.0,4.689300345174922,4.572067836545549,4.659992218017578,558800,0.0,0.0
1987-01-22 00:00:00-05:00,0.0,4.9530744552612305,4.747917525161653,4.9530744552612305,499600,0.0,0.0
1987-01-23 00:00:00-05:00,0.0,5.040998281159016,4.572068208493061,4.718608856201172,525200,0.0,0.0
1987-01-26 00:00:00-05:00,0.0,4.689301440590306,4.396220100553412,4.454836368560791,584800,0.0,0.0
1987-01-27 00:00:00-05:00,0.0,4.572068713358696,4.308295518357233,4.425528049468994,546800,0.0,0.0
1987-01-28 00:00:00-05:00,0.0,4.5720689045755485,4.366911966549723,4.454836368560791,297200,0.0,0.0
1987-01-29 00:00:00-05:00,0.0,4.57206831349955,4.454835792640587,4.513452053070068,607600,0.0,0.0
1987-01-30 00:00:00-05:00,0.0,4.601377010345459,4.454836341226177,4.601377010345459,567600,0.0,0.0
1987-02-02 00:00:00-05:00,0.0,5.070307069046553,4.630685068840204,5.040998935699463,686800,0.0,0.0
1987-02-03 00:00:00-05:00,0.0,5.451311394974992,5.2168463887395085,5.422003269195557,1396400,0.0,0.0
1987-02-04 00:00:00-05:00,0.0,5.744394034147263,5.422004573047161,5.627161502838135,2173600,0.0,0.0
1987-02-05 00:00:00-05:00,0.0,5.6857783618726225,5.509929546556974,5.568545818328857,715600,0.0,0.0
1987-02-06 00:00:00-05:00,0.0,5.685777579302563,5.5685450518942625,5.597853183746338,392000,0.0,0.0
1987-02-09 00:00:00-05:00,0.0,5.451313238877517,5.304772560413067,5.334080696105957,298400,0.0,0.0
1987-02-10 00:00:00-05:00,0.0,5.392694842090923,5.187537973098333,5.304770469665527,310800,0.0,0.0
1987-02-11 00:00:00-05:00,0.0,5.509928994000276,5.246155797478987,5.480620861053467,268000,0.0,0.0
1987-02-12 00:00:00-05:00,0.0,5.627161525787517,5.392696462213037,5.480620861053467,505600,0.0,0.0
1987-02-13 00:00:00-05:00,0.0,5.6271620901007395,5.480621410671033,5.568545818328857,119600,0.0,0.0
1987-02-17 00:00:00-05:00,0.0,5.59785309750983,5.451312440506955,5.5099287033081055,448000,0.0,0.0
1987-02-18 00:00:00-05:00,0.0,5.568544582654071,5.451312065124512,5.451312065124512,476800,0.0,0.0
1987-02-19 00:00:00-05:00,0.0,5.480620194506901,5.363387676977342,5.451312065124512,88400,0.0,0.0
1987-02-20 00:00:00-05:00,0.0,5.509928131103515,5.275463104248047,5.275463104248047,199200,0.0,0.0
1987-02-23 00:00:00-05:00,0.0,5.304771039739001,5.128922275990747,5.24615478515625,426400,0.0,0.0
1987-02-24 00:00:00-05:00,0.0,5.21684800494801,5.128923600370234,5.158231735229492,342400,0.0,0.0
1987-02-25 00:00:00-05:00,0.0,5.422005103184627,5.158231881948618,5.334080696105957,366400,0.0,0.0
1987-02-26 00:00:00-05:00,0.0,5.363388538360596,5.275464136092389,5.363388538360596,173200,0.0,0.0
1987-02-27 00:00:00-05:00,0.0,5.715085125957746,5.422003837447092,5.656468868255615,861600,0.0,0.0
1987-03-02 00:00:00-05:00,0.0,5.744393843006713,5.597853183746338,5.597853183746338,447600,0.0,0.0
1987-03-03 00:00:00-05:00,0.0,5.568544190862904,5.363387299620587,5.392695426940918,276400,0.0,0.0
1987-03-04 00:00:00-05:00,0.0,5.480620861053467,5.363388329266226,5.480620861053467,210800,0.0,0.0
1987-03-05 00:00:00-05:00,0.0,5.568544582654071,5.451312065124512,5.451312065124512,279600,0.0,0.0
1987-03-06 00:00:00-05:00,0.0,5.509928994000276,5.4513127281066565,5.480620861053467,305600,0.0,0.0
1987-03-09 00:00:00-05:00,0.0,5.451312940628802,5.334080404271194,5.363388538360596,104400,0.0,0.0
1987-03-10 00:00:00-05:00,0.0,5.363386717949124,5.275462345523729,5.304770469665527,94000,0.0,0.0
1987-03-11 00:00:00-05:00,5.275462345523729,5.363386717949124,5.275462345523729,5.304770469665527,134000,0.0,0.0
1987-03-12 00:00:00-05:00,5.27546464727166,5.27546464727166,5.216848373413086,5.216848373413086,48800,0.0,0.0
1987-03-13 00:00:00-05:00,5.216848373413086,5.216848373413086,5.099615825695938,5.216848373413086,412400,0.0,0.0
1987-03-16 00:00:00-05:00,5.187537670135498,5.187537670135498,5.099613302845066,5.187537670135498,198800,0.0,0.0
1987-03-17 00:00:00-05:00,5.1875395104289055,5.627161502838135,5.1582313776016235,5.627161502838135,482800,0.0,0.0
1987-03-18 00:00:00-05:00,5.627161502838135,5.8030102998018265,5.627161502838135,5.627161502838135,870800,0.0,0.0
1987-03-19 00:00:00-05:00,5.685777080869212,6.037474632263184,5.685777080869212,6.037474632263184,1842000,0.0,0.0
1987-03-20 00:00:00-05:00,6.066784339131049,6.213325023651123,6.066784339131049,6.213325023651123,773600,0.0,0.0
1987-03-23 00:00:00-05:00,6.213325252899757,6.213325252899757,6.096092700958252,6.096092700958252,257200,0.0,0.0
1987-03-24 00:00:00-05:00,5.978858947753906,6.096091476141237,5.978858947753906,5.978858947753906,400000,0.0,0.0
1987-03-25 00:00:00-05:00,5.978858283071807,6.008166411910394,5.803009510040283,5.803009510040283,1154400,0.0,0.0
1987-03-26 00:00:00-05:00,5.803009510040283,5.890933896556045,5.803009510040283,5.803009510040283,112400,0.0,0.0
1987-03-27 00:00:00-05:00,5.8030105707596755,5.890934973346944,5.744394302368164,5.744394302368164,724000,0.0,0.0
1987-03-30 00:00:00-05:00,5.627160935174851,5.627160935174851,5.480620285821339,5.539236545562744,112000,0.0,0.0
1987-03-31 00:00:00-05:00,5.509928415692042,5.685777194916255,5.509928415692042,5.539236545562744,679200,0.0,0.0
1987-04-01 00:00:00-05:00,5.539237104356289,5.627161502838135,5.451312705874443,5.627161502838135,388400,0.0,0.0
1987-04-02 00:00:00-05:00,5.597853183746338,5.597853183746338,5.539236920042188,5.597853183746338,141200,0.0,0.0
1987-04-03 00:00:00-05:00,5.597853370010853,5.627161502838135,5.509928971529007,5.627161502838135,554000,0.0,0.0
1987-04-06 00:00:00-04:00,5.627161502838135,5.685777768492699,5.597853370010853,5.627161502838135,334000,0.0,0.0
1987-04-07 00:00:00-04:00,5.627160935174851,5.627160935174851,5.509928415692042,5.539236545562744,178000,0.0,0.0
1987-04-08 00:00:00-04:00,5.539236834708681,5.627161228910405,5.5099287033081055,5.5099287033081055,227200,0.0,0.0
1987-04-09 00:00:00-04:00,5.509929742705956,5.539237879635243,5.187540236483799,5.216848373413086,548800,0.0,0.0
1987-04-10 00:00:00-04:00,5.216846663018932,5.392695426940918,5.1582304083782695,5.392695426940918,948400,0.0,0.0
1987-04-13 00:00:00-04:00,5.392695617675781,5.392695617675781,5.275463104248047,5.275463104248047,249600,0.0,0.0
1987-04-14 00:00:00-04:00,5.246156061315812,5.246156061315812,4.982382851528984,5.07030725479126,533600,0.0,0.0
1987-04-15 00:00:00-04:00,5.1582304083782695,5.509927936222242,5.1582304083782695,5.392695426940918,882000,0.0,0.0
1987-04-16 00:00:00-04:00,5.509927417508406,5.920241161365414,5.509927417508406,5.890933036804199,1328400,0.0,0.0
1987-04-20 00:00:00-04:00,5.83231783650585,5.83231783650585,5.685777187347412,5.685777187347412,1136000,0.0,0.0
1987-04-21 00:00:00-04:00,5.685776351702096,6.037473857992946,5.6271601006536205,5.920241355895996,416400,0.0,0.0
1987-04-22 00:00:00-04:00,5.920242025394632,5.978858283071807,5.803009510040283,5.803009510040283,583600,0.0,0.0
1987-04-23 00:00:00-04:00,5.8030105707596755,5.832318704955432,5.744394302368164,5.744394302368164,110400,0.0,0.0
1987-04-24 00:00:00-04:00,5.744393447010787,5.744393447010787,5.627160927684036,5.685777187347412,419600,0.0,0.0
1987-04-27 00:00:00-04:00,5.6271620901007395,5.6271620901007395,5.480621410671033,5.568545818328857,266000,0.0,0.0
1987-04-28 00:00:00-04:00,5.568545293807984,5.920242891311646,5.568545293807984,5.861626625061035,438400,0.0,0.0
1987-04-29 00:00:00-04:00,5.920242845444452,6.2719404402233305,5.920242845444452,6.154707908630371,607600,0.0,0.0
1987-04-30 00:00:00-04:00,6.154707603984409,6.389172655564767,6.154707603984409,6.330556392669678,952400,0.0,0.0
1987-05-01 00:00:00-04:00,6.330557274607431,6.74087117203569,6.301249139076841,6.62363862991333,1901200,0.0,0.0
1987-05-04 00:00:00-04:00,6.623638555073418,6.799487366270057,6.535714149475098,6.535714149475098,644000,0.0,0.0
1987-05-05 00:00:00-04:00,6.6822537280143575,6.887410640716553,6.6822537280143575,6.887410640716553,1289600,0.0,0.0
1987-05-06 00:00:00-04:00,6.799486259792162,6.799486259792162,6.711561868501746,6.740869998931885,247200,0.0,0.0
1987-05-07 00:00:00-04:00,6.711561778568487,6.711561778568487,6.652945518493652,6.652945518493652,364800,0.0,0.0
1987-05-08 00:00:00-04:00,6.682253360748291,6.799485875849139,6.682253360748291,6.682253360748291,772800,0.0,0.0
1987-05-11 00:00:00-04:00,6.682254937978891,6.8581037521362305,6.477097988128662,6.477097988128662,685600,0.0,0.0
1987-05-12 00:00:00-04:00,6.477097049907401,6.477097049907401,6.301248261222133,6.330556392669678,135200,0.0,0.0
1987-05-13 00:00:00-04:00,6.3012486556326275,6.3012486556326275,6.213324255786591,6.2426323890686035,256000,0.0,0.0
1987-05-14 00:00:00-04:00,6.242633160555138,6.330557571267182,6.213325023651123,6.213325023651123,612000,0.0,0.0
1987-05-15 00:00:00-04:00,6.213324532436965,6.213324532436965,5.8323187828063965,5.8323187828063965,335200,0.0,0.0
1987-05-18 00:00:00-04:00,5.832316701635351,5.949549198150635,5.744392329248889,5.949549198150635,1107200,0.0,0.0
1987-05-19 00:00:00-04:00,5.949550154233219,6.154707056103331,5.744393252363109,5.803009510040283,432800,0.0,0.0
1987-05-20 00:00:00-04:00,5.803010335782679,6.008167266845703,5.744394069764672,6.008167266845703,228000,0.0,0.0
1987-05-21 00:00:00-04:00,6.008166502980353,6.066782761546015,5.978858373697522,6.037474632263184,881200,0.0,0.0
1987-05-22 00:00:00-04:00,6.037473857992946,6.1547063600898975,5.8909332303717585,5.920241355895996,546000,0.0,0.0
1987-05-26 00:00:00-04:00,5.978857447185788,6.184014320373535,5.978857447185788,6.184014320373535,700400,0.0,0.0
1987-05-27 00:00:00-04:00,6.184014899545608,6.447788046919592,6.125398644573612,6.418479919433594,631200,0.0,0.0
1987-05-28 00:00:00-04:00,6.418480201771385,6.711561489523503,6.389172072996173,6.682253360748291,1440000,0.0,0.0
1987-05-29 00:00:00-04:00,6.770176436941502,7.092565791081574,6.770176436941502,6.916717052459717,4343600,0.0,0.0
1987-06-01 00:00:00-04:00,6.858103302368431,6.858103302368431,6.652946365972794,6.711562633514404,179200,0.0,0.0
1987-06-02 00:00:00-04:00,6.682253265380859,6.682253265380859,6.447788238525391,6.447788238525391,643600,0.0,0.0
1987-06-03 00:00:00-04:00,6.447788046919592,6.6529449393215785,6.418479919433594,6.418479919433594,318400,0.0,0.0
1987-06-04 00:00:00-04:00,6.418480402955384,6.447788532649245,6.271939754486084,6.271939754486084,358400,0.0,0.0
1987-06-05 00:00:00-04:00,6.271940522350616,6.3012486556326275,6.213324255786591,6.2426323890686035,240400,0.0,0.0
1987-06-08 00:00:00-04:00,6.242631340026855,6.447788238525391,6.184015083312988,6.447788238525391,503200,0.0,0.0
1987-06-09 00:00:00-04:00,6.565021701388889,6.740870496961806,6.565021701388889,6.594329833984375,744800,0.0,0.0
1987-06-10 00:00:00-04:00,6.594329646655492,6.652945910181319,6.565021514892578,6.565021514892578,222400,0.0,0.0
1987-06-11 00:00:00-04:00,6.565021701388889,6.652946099175348,6.506405436197917,6.594329833984375,382400,0.0,0.0
1987-06-12 00:00:00-04:00,6.594329646655492,6.623637778418405,6.447788987840926,6.565021514892578,198000,0.0,0.0
1987-06-15 00:00:00-04:00,6.565020556863584,6.594328684349582,6.389171791947596,6.418479919433594,41200,0.0,0.0
1987-06-16 00:00:00-04:00,6.389172655564767,6.389172655564767,6.2426319983270435,6.330556392669678,422000,0.0,0.0
1987-06-17 00:00:00-04:00,6.301248261222133,6.389172655564767,6.2426319983270435,6.330556392669678,177200,0.0,0.0
1987-06-18 00:00:00-04:00,6.3012488721090065,6.3012488721090065,6.0374756635090945,6.125400066375732,330800,0.0,0.0
1987-06-19 00:00:00-04:00,6.096091642833891,6.1840160415286105,6.096091642833891,6.154707908630371,142000,0.0,0.0
1987-06-22 00:00:00-04:00,6.096092700958252,6.184017114914381,6.0374764249875,6.096092700958252,554800,0.0,0.0
1987-06-23 00:00:00-04:00,6.154708976929005,6.154708976929005,6.066784562972876,6.096092700958252,188400,0.0,0.0
1987-06-24 00:00:00-04:00,5.978859111240932,6.213324174426851,5.920242845444452,6.154707908630371,369200,0.0,0.0
1987-06-25 00:00:00-04:00,6.154707989222567,6.271940522350616,6.06678358937653,6.2426323890686035,437600,0.0,0.0
1987-06-26 00:00:00-04:00,6.213325023651123,6.242633160555138,6.125400612939078,6.213325023651123,258400,0.0,0.0
1987-06-29 00:00:00-04:00,6.213325023651123,6.213325023651123,6.154708749843093,6.213325023651123,239200,0.0,0.0
1987-06-30 00:00:00-04:00,6.213324174426851,6.2719404402233305,6.154707908630371,6.154707908630371,527600,0.0,0.0
1987-07-01 00:00:00-04:00,6.213325252899757,6.242633390885134,6.096092700958252,6.096092700958252,381600,0.0,0.0
1987-07-02 00:00:00-04:00,6.096091642833891,6.154707908630371,6.066783509935651,6.154707908630371,347200,0.0,0.0
1987-07-06 00:00:00-04:00,6.1547063600898975,6.1547063600898975,5.861625104847521,5.920241355895996,919200,0.0,0.0
1987-07-07 00:00:00-04:00,5.920243230994773,6.154708309450012,5.920243230994773,6.066783905029297,1039200,0.0,0.0
1987-07-08 00:00:00-04:00,5.978858373697522,6.096090890828846,5.890933985849029,6.037474632263184,328000,0.0,0.0
1987-07-09 00:00:00-04:00,6.008168065323019,6.271941297459152,6.008168065323019,6.213325023651123,91600,0.0,0.0
1987-07-10 00:00:00-04:00,6.184016122504579,6.271940522350616,6.184016122504579,6.2426323890686035,96800,0.0,0.0
1987-07-13 00:00:00-04:00,6.213323768125761,6.389172554016113,6.213323768125761,6.389172554016113,425200,0.0,0.0
1987-07-14 00:00:00-04:00,6.565021128381401,6.682253648531069,6.535712998343985,6.652945518493652,970400,0.0,0.0
1987-07-15 00:00:00-04:00,6.682254231770834,6.682254231770834,6.594329833984375,6.594329833984375,121600,0.0,0.0
1987-07-16 00:00:00-04:00,6.682254231770834,6.682254231770834,6.594329833984375,6.594329833984375,444800,0.0,0.0
1987-07-17 00:00:00-04:00,6.62363862991333,6.6822549009745105,6.62363862991333,6.62363862991333,484800,0.0,0.0
1987-07-20 00:00:00-04:00,6.594330530900222,6.594330530900222,6.418481716742882,6.477097988128662,218400,0.0,0.0
1987-07-21 00:00:00-04:00,6.418480016089775,6.506404399871826,6.418480016089775,6.506404399871826,114400,0.0,0.0
1987-07-22 00:00:00-04:00,6.5064044952392575,6.5064044952392575,6.447788238525391,6.447788238525391,126400,0.0,0.0
1987-07-23 00:00:00-04:00,6.535713208924739,6.535713208924739,6.330556292052663,6.389172554016113,162000,0.0,0.0
1987-07-24 00:00:00-04:00,6.447788918459857,6.447788918459857,6.213323866879499,6.330556392669678,211200,0.0,0.0
1987-07-27 00:00:00-04:00,6.389171193561283,6.389171193561283,6.1547061956324285,6.184014320373535,113200,0.0,0.0
1987-07-28 00:00:00-04:00,6.2426318991074865,6.389172554016113,6.15470750616231,6.389172554016113,953600,0.0,0.0
1987-07-29 00:00:00-04:00,6.389171888162424,6.506404399871826,6.389171888162424,6.506404399871826,114400,0.0,0.0
1987-07-30 00:00:00-04:00,6.506404955490775,6.740869998931885,6.506404955490775,6.740869998931885,134400,0.0,0.0
1987-07-31 00:00:00-04:00,6.711562633514404,6.74087076728521,6.682254499743599,6.711562633514404,78000,0.0,0.0
1987-08-03 00:00:00-04:00,6.6822549009745105,6.6822549009745105,6.62363862991333,6.62363862991333,220400,0.0,0.0
1987-08-04 00:00:00-04:00,6.652946802286001,6.652946802286001,6.271941038278433,6.477097988128662,1104000,0.0,0.0
1987-08-05 00:00:00-04:00,6.770179100978522,7.180492985886311,6.770179100978522,7.1218767166137695,944400,0.0,0.0
1987-08-06 00:00:00-04:00,7.2098002173006535,7.590805919840932,7.180492086336017,7.5028815269470215,1874800,0.0,0.0
1987-08-07 00:00:00-04:00,7.532190584131585,7.737347526111822,7.502882449562979,7.649423122406006,444000,0.0,0.0
1987-08-10 00:00:00-04:00,7.678730837031368,7.9131959007575166,7.649422704065599,7.883887767791748,583600,0.0,0.0
1987-08-11 00:00:00-04:00,7.971811287669929,8.147660066074414,7.913195028201768,8.118351936340332,1385200,0.0,0.0
1987-08-12 00:00:00-04:00,7.971813314932364,8.001121452119616,7.7959644918088555,7.913197040557861,345200,0.0,0.0
1987-08-13 00:00:00-04:00,7.8545832220113505,7.913199514712928,7.737350636608196,7.766658782958984,324000,0.0,0.0
1987-08-14 00:00:00-04:00,7.795960817764055,7.9131933112642665,7.737344571013949,7.85457706451416,348000,0.0,0.0
1987-08-17 00:00:00-04:00,7.883888501387376,8.030429179851826,7.620115280151367,7.620115280151367,224000,0.0,0.0
1987-08-18 00:00:00-04:00,7.561499528323903,7.561499528323903,7.3856507020838125,7.473575115203857,256000,0.0,0.0
1987-08-19 00:00:00-04:00,7.532191457674485,7.6201158715773,7.444267043771671,7.56149959564209,227600,0.0,0.0
1987-08-20 00:00:00-04:00,7.678728324263844,8.030425804764478,7.678728324263844,7.85457706451416,315600,0.0,0.0
1987-08-21 00:00:00-04:00,7.913194561705869,8.001118945724823,7.883886433699551,7.971810817718506,383600,0.0,0.0
1987-08-24 00:00:00-04:00,7.9131967860056935,7.971813058494625,7.766656104783366,7.795964241027832,78000,0.0,0.0
1987-08-25 00:00:00-04:00,7.7666553650193535,7.7666553650193535,7.532190297396128,7.6787309646606445,382400,0.0,0.0
1987-08-26 00:00:00-04:00,7.7080375747959105,8.089043234386583,7.649421319474269,8.030426979064941,727600,0.0,0.0
1987-08-27 00:00:00-04:00,7.854580513516763,7.883888649761229,7.7373479685389,7.795964241027832,364800,0.0,0.0
1987-08-28 00:00:00-04:00,7.795960509415829,7.825268631631678,7.737344264984131,7.737344264984131,364400,0.0,0.0
1987-08-31 00:00:00-04:00,7.708040482096012,7.825273036956787,7.678732343380817,7.825273036956787,113600,0.0,0.0
1987-09-01 00:00:00-04:00,7.795963524844397,7.825271658396443,7.532190322875977,7.532190322875977,126000,0.0,0.0
1987-09-02 00:00:00-04:00,7.414957814746432,7.502882215711805,7.32703341378106,7.385649681091309,295600,0.0,0.0
1987-09-03 00:00:00-04:00,7.502881153520331,7.502881153520331,7.268416117472821,7.29772424697876,273600,0.0,0.0
1987-09-04 00:00:00-04:00,7.2977252260583345,7.2977252260583345,7.121876425430423,7.151184558868408,141200,0.0,0.0
1987-09-08 00:00:00-04:00,7.0925679206848145,7.121876052588471,6.916719129262877,7.0925679206848145,625200,0.0,0.0
1987-09-09 00:00:00-04:00,7.121874816956058,7.268415451049805,7.092566690137309,7.268415451049805,238400,0.0,0.0
1987-09-10 00:00:00-04:00,7.327032741159201,7.5028815269470215,7.327032741159201,7.5028815269470215,716800,0.0,0.0
1987-09-11 00:00:00-04:00,7.473571460638474,7.85457706451416,7.473571460638474,7.85457706451416,384000,0.0,0.0
1987-09-14 00:00:00-04:00,7.737344264984131,7.737344264984131,7.532187409473188,7.737344264984131,227600,0.0,0.0
1987-09-15 00:00:00-04:00,7.678731256974611,7.678731256974611,7.56149871870019,7.649423122406006,146800,0.0,0.0
1987-09-16 00:00:00-04:00,7.56149871870019,7.708039391543217,7.532190584131585,7.649423122406006,543200,0.0,0.0
1987-09-17 00:00:00-04:00,7.678728020552433,7.766652387199979,7.678728020552433,7.737344264984131,260000,0.0,0.0
1987-09-18 00:00:00-04:00,7.7080398322944355,7.795964241027832,7.649423559805504,7.795964241027832,348000,0.0,0.0
1987-09-21 00:00:00-04:00,7.737347526111822,7.737347526111822,7.620114987837401,7.649423122406006,360800,0.0,0.0
1987-09-22 00:00:00-04:00,7.708039391543217,7.708039391543217,7.532190584131585,7.649423122406006,562800,0.0,0.0
1987-09-23 00:00:00-04:00,7.649419898336584,7.795960509415829,7.649419898336584,7.737344264984131,617600,0.0,0.0
1987-09-24 00:00:00-04:00,7.766656759526399,7.9425055918175635,7.766656759526399,7.825273036956787,235200,0.0,0.0
1987-09-25 00:00:00-04:00,7.883889314387176,7.913197453102369,7.795964898241594,7.825273036956787,423600,0.0,0.0
1987-09-28 00:00:00-04:00,7.825270638999526,8.206276325542573,7.795962509265445,8.118351936340332,549200,0.0,0.0
1987-09-29 00:00:00-04:00,8.089045563307195,8.089045563307195,7.9425048828125,7.9425048828125,209200,0.0,0.0
1987-09-30 00:00:00-04:00,7.942502689712188,8.001118945724823,7.942502689712188,7.971810817718506,117600,0.0,0.0
1987-10-01 00:00:00-04:00,7.971814860468325,8.0890474319458,7.913198574729588,8.0890474319458,500800,0.0,0.0
1987-10-02 00:00:00-04:00,8.03042754713809,8.147660066074414,8.03042754713809,8.118351936340332,451200,0.0,0.0
1987-10-05 00:00:00-04:00,8.176970213651657,8.55797599421607,7.94250511791971,8.440743446350098,1022000,0.0,0.0
1987-10-06 00:00:00-04:00,8.294201306429775,8.294201306429775,8.001119988181374,8.059736251831055,367200,0.0,0.0
1987-10-07 00:00:00-04:00,8.001117681389426,8.001117681389426,7.737344571013949,7.85457706451416,532400,0.0,0.0
1987-10-08 00:00:00-04:00,7.766654705628753,7.825270967558026,7.414957134053111,7.5028815269470215,568400,0.0,0.0
1987-10-09 00:00:00-04:00,7.5028821089136315,7.561498375389519,7.444265842437744,7.444265842437744,101200,0.0,0.0
1987-10-12 00:00:00-04:00,7.414957814746432,7.444265948401557,7.32703341378106,7.385649681091309,109600,0.0,0.0
1987-10-13 00:00:00-04:00,7.4442669774971755,7.502883252910539,7.4442669774971755,7.473575115203857,209600,0.0,0.0
1987-10-14 00:00:00-04:00,7.414957589462024,7.444265722226696,6.975335597991943,6.975335597991943,293200,0.0,0.0
1987-10-15 00:00:00-04:00,6.916717512783034,6.975333762891365,6.7408687624580415,6.770176887512207,1087600,0.0,0.0
1987-10-16 00:00:00-04:00,6.77017708071347,6.916717710166142,6.740868954822935,6.799485206604004,695600,0.0,0.0
1987-10-19 00:00:00-04:00,5.3926966203962055,5.803010493687221,5.099615282331194,5.128923416137695,1332400,0.0,0.0
1987-10-20 00:00:00-04:00,5.1289232765756,5.509929005692645,4.132446754269484,4.8065338134765625,1125200,0.0,0.0
1987-10-21 00:00:00-04:00,4.923765736241495,5.539236453271681,4.923765736241495,5.451312065124512,1213200,0.0,0.0
1987-10-22 00:00:00-04:00,5.040999558236864,5.275464653968811,4.220371723175049,4.220371723175049,449600,0.0,0.0
1987-10-23 00:00:00-04:00,4.1031389236450195,4.249679599489484,4.073830788476126,4.1031389236450195,601200,0.0,0.0
1987-10-26 00:00:00-05:00,3.985906267166138,4.191063207387924,3.4583598494529726,3.5169761180877686,1577600,0.0,0.0
1987-10-27 00:00:00-05:00,3.8100564864373974,3.8686727400748957,3.458358964612407,3.6342077255249023,1283600,0.0,0.0
1987-10-28 00:00:00-05:00,3.604900360107422,3.692824759134432,3.4583596950624047,3.604900360107422,818000,0.0,0.0
1987-10-29 00:00:00-05:00,3.4876672327518463,4.191062304903479,3.4876672327518463,3.985905408859253,706400,0.0,0.0
1987-10-30 00:00:00-05:00,4.396220249465749,4.689301599430133,4.337603979472872,4.630685329437256,980000,0.0,0.0
1987-11-02 00:00:00-05:00,4.689301589439655,4.689301589439655,4.2496795654296875,4.2496795654296875,988400,0.0,0.0
1987-11-03 00:00:00-05:00,4.308296134074529,4.308296134074529,4.044522901376088,4.220371723175049,880400,0.0,0.0
1987-11-04 00:00:00-05:00,4.161754608154297,4.308295263370997,4.103138346067617,4.161754608154297,773600,0.0,0.0
1987-11-05 00:00:00-05:00,4.191063087258563,4.425528155077224,4.191063087258563,4.366911888122559,384400,0.0,0.0
1987-11-06 00:00:00-05:00,4.337605144666589,4.337605144666589,4.0445237159729,4.0445237159729,1755200,0.0,0.0
1987-11-09 00:00:00-05:00,4.044522416500644,4.073830549953548,3.810057348877419,3.8393654823303223,878000,0.0,0.0
1987-11-10 00:00:00-05:00,3.7514407634735107,3.8979814182966948,3.692824501544237,3.7514407634735107,910400,0.0,0.0
1987-11-11 00:00:00-05:00,3.7807491581614423,3.8393654241794493,3.5169759610804117,3.604900360107422,1106000,0.0,0.0
1987-11-12 00:00:00-05:00,3.7514396436286694,3.8686721324920654,3.6928233991969717,3.8686721324920654,1398400,0.0,0.0
1987-11-13 00:00:00-05:00,3.9272891528466167,4.044521664871889,3.8393647688276626,3.985905408859253,1105600,0.0,0.0
1987-11-16 00:00:00-05:00,4.044522416500644,4.044522416500644,3.810057348877419,3.8393654823303223,838800,0.0,0.0
1987-11-17 00:00:00-05:00,3.7514396436286694,3.8686721324920654,3.6928233991969717,3.8686721324920654,362000,0.0,0.0
1987-11-18 00:00:00-05:00,3.8686722496808583,3.927288495888144,3.4583585262298584,3.4583585262298584,1240400,0.0,0.0
1987-11-19 00:00:00-05:00,3.458359095427367,3.4876672233547175,3.1652778161538615,3.253202199935913,1291200,0.0,0.0
1987-11-20 00:00:00-05:00,3.2238946041139234,3.4876677989959717,3.1359702058199073,3.4876677989959717,532400,0.0,0.0
1987-11-23 00:00:00-05:00,3.3997427109749085,3.6342077255249023,3.3997427109749085,3.6342077255249023,153200,0.0,0.0
1987-11-24 00:00:00-05:00,3.692824759134432,3.692824759134432,3.5169759610804117,3.604900360107422,458000,0.0,0.0
1987-11-25 00:00:00-05:00,3.575592386722565,3.575592386722565,3.3997435808181766,3.5169761180877686,811200,0.0,0.0
1987-11-27 00:00:00-05:00,3.4583598494529726,3.546284252405167,3.4290517151355746,3.5169761180877686,740000,0.0,0.0
1987-11-30 00:00:00-05:00,3.4583596662312996,3.4876677989959717,3.1945864713492513,3.4876677989959717,209200,0.0,0.0
1987-12-01 00:00:00-05:00,3.4290507291925367,3.51697510686414,3.399742603302002,3.399742603302002,494000,0.0,0.0
1987-12-02 00:00:00-05:00,3.399742603302002,3.458358855083071,3.399742603302002,3.399742603302002,348800,0.0,0.0
1987-12-03 00:00:00-05:00,3.4583598494529726,3.6928249239921573,3.3997435808181766,3.5169761180877686,1130000,0.0,0.0
1987-12-04 00:00:00-05:00,3.4583585262298584,3.5755910186444297,3.4290504031262152,3.4583585262298584,333600,0.0,0.0
1987-12-07 00:00:00-05:00,3.516974772437144,3.516974772437144,3.3997422800225725,3.4583585262298584,230000,0.0,0.0
1987-12-08 00:00:00-05:00,3.4583597713046603,3.6928248405456543,3.4583597713046603,3.6928248405456543,206400,0.0,0.0
1987-12-09 00:00:00-05:00,3.6342085463101745,3.6342085463101745,3.5169760125582337,3.575592279434204,326800,0.0,0.0
1987-12-10 00:00:00-05:00,3.5755913586452093,3.5755913586452093,3.399742603302002,3.399742603302002,505200,0.0,0.0
1987-12-11 00:00:00-05:00,3.458358855083071,3.51697510686414,3.3411263515209333,3.399742603302002,108800,0.0,0.0
1987-12-14 00:00:00-05:00,3.4876675847917795,3.8100570254027843,3.4583594538271427,3.7514407634735107,832000,0.0,0.0
1987-12-15 00:00:00-05:00,3.8100570254027843,3.9272895492613316,3.692824501544237,3.7514407634735107,540800,0.0,0.0
1987-12-16 00:00:00-05:00,3.751442287279212,4.132448144581007,3.751442287279212,4.0445237159729,752800,0.0,0.0
1987-12-17 00:00:00-05:00,4.103137110218857,4.161753354650555,3.8393640102762165,3.8686721324920654,1006000,0.0,0.0
1987-12-18 00:00:00-05:00,3.92728853225708,3.92728853225708,3.7514397920067633,3.92728853225708,534400,0.0,0.0
1987-12-21 00:00:00-05:00,3.9272902567583814,3.9272902567583814,3.8100577117805194,3.897982120513916,1508400,0.0,0.0
1987-12-22 00:00:00-05:00,3.9272902567583814,3.9272902567583814,3.7807495755360536,3.897982120513916,632000,0.0,0.0
1987-12-23 00:00:00-05:00,3.8393667158873184,4.0445237159729,3.8393667158873184,4.0445237159729,499200,0.0,0.0
1987-12-24 00:00:00-05:00,3.9859074302341626,4.0445237159729,3.9859074302341626,4.0445237159729,239200,0.0,0.0
1987-12-28 00:00:00-05:00,3.9272891528466167,3.985905408859253,3.897981024840299,3.985905408859253,834800,0.0,0.0
1987-12-29 00:00:00-05:00,3.927290182847243,3.927290182847243,3.692825097304124,3.8100576400756836,283200,0.0,0.0
1987-12-30 00:00:00-05:00,3.810055888060367,3.9859046213554614,3.7807477658445183,3.8686721324920654,850000,0.0,0.0
1987-12-31 00:00:00-05:00,3.81005793578865,3.897982349691465,3.75144165985344,3.780749797821045,362000,0.0,0.0
1988-01-04 00:00:00-05:00,3.8393647688276626,4.015213536865571,3.8393647688276626,3.985905408859253,234000,0.0,0.0
1988-01-05 00:00:00-05:00,3.9272891528466167,4.161754176897161,3.9272891528466167,3.985905408859253,592800,0.0,0.0
1988-01-06 00:00:00-05:00,4.044521617193292,4.044521617193292,3.8979809788891866,4.015213489532471,239600,0.0,0.0
1988-01-07 00:00:00-05:00,4.015213536865571,4.044521664871889,3.9272891528466167,3.985905408859253,716800,0.0,0.0
1988-01-08 00:00:00-05:00,4.044522073119879,4.044522073119879,3.6635163705796003,3.7514407634735107,716000,0.0,0.0
1988-01-11 00:00:00-05:00,3.6928250768543345,3.6928250768543345,3.1652786373037154,3.311819314956665,2851600,0.0,0.0
1988-01-12 00:00:00-05:00,3.311818853572563,3.311818853572563,3.0773538019922047,3.165278196334839,1248800,0.0,0.0
1988-01-13 00:00:00-05:00,3.165278006936902,3.1945861366307624,3.0773536178553216,3.135969877243042,622800,0.0,0.0
1988-01-14 00:00:00-05:00,3.2238944592299283,3.2238944592299283,3.135970064887294,3.165278196334839,309200,0.0,0.0
1988-01-15 00:00:00-05:00,3.2238941192626953,3.311818504333496,3.165277862548828,3.2238941192626953,914800,0.0,0.0
1988-01-18 00:00:00-05:00,3.165278230394636,3.282510757446289,3.1066619668688094,3.282510757446289,124400,0.0,0.0
1988-01-19 00:00:00-05:00,3.1945861366307624,3.1945861366307624,3.135969877243042,3.135969877243042,169600,0.0,0.0
1988-01-20 00:00:00-05:00,3.16527826645795,3.16527826645795,2.9308132096832873,2.989429473876953,842000,0.0,0.0
1988-01-21 00:00:00-05:00,2.9894300745083737,3.048046350479126,2.9308137985376215,3.048046350479126,188400,0.0,0.0
1988-01-22 00:00:00-05:00,3.1066625118255615,3.135970648729576,3.0480462380175317,3.1066625118255615,581600,0.0,0.0
1988-01-25 00:00:00-05:00,3.135969877243042,3.165278006936902,3.0773536178553216,3.135969877243042,232000,0.0,0.0
1988-01-26 00:00:00-05:00,3.106661703980085,3.106661703980085,2.989429186848761,3.018737316131592,976800,0.0,0.0
1988-01-27 00:00:00-05:00,3.1066626264498787,3.1359707644352546,3.048046350479126,3.048046350479126,167600,0.0,0.0
1988-01-28 00:00:00-05:00,3.048046350479126,3.1066626264498787,2.9601219365229974,3.048046350479126,260800,0.0,0.0
1988-01-29 00:00:00-05:00,3.0773531800449487,3.0773531800449487,2.9308125524237605,2.960120677947998,300000,0.0,0.0
1988-02-01 00:00:00-05:00,2.930812983168769,2.9894292428321445,2.813580463842018,2.842888593673706,370800,0.0,0.0
1988-02-02 00:00:00-05:00,2.901505660552245,3.048046350479126,2.8428893845814924,3.048046350479126,880400,0.0,0.0
1988-02-03 00:00:00-05:00,3.018737605973786,3.0480457380706185,2.96012134178012,2.989429473876953,876400,0.0,0.0
1988-02-04 00:00:00-05:00,2.9601219365229974,3.048046350479126,2.9601219365229974,3.048046350479126,151200,0.0,0.0
1988-02-05 00:00:00-05:00,3.048045445414423,3.048045445414423,2.96012105756593,3.018737316131592,855200,0.0,0.0
1988-02-08 00:00:00-05:00,2.960120677947998,2.9894288034722356,2.901504426899523,2.960120677947998,353600,0.0,0.0
1988-02-09 00:00:00-05:00,2.96012105756593,3.106661703980085,2.96012105756593,3.018737316131592,1348400,0.0,0.0
1988-02-10 00:00:00-05:00,3.018737491117705,3.1945862770080566,2.9894293601359796,3.1945862770080566,787200,0.0,0.0
1988-02-11 00:00:00-05:00,3.223895178391383,3.223895178391383,3.01873821249375,3.048046350479126,836000,0.0,0.0
1988-02-12 00:00:00-05:00,3.0480458450317385,3.0480458450317385,2.9308133125305176,2.9308133125305176,3743200,0.0,0.0
1988-02-16 00:00:00-05:00,2.9894300745083737,3.1066626264498787,2.9308137985376215,3.048046350479126,805600,0.0,0.0
1988-02-17 00:00:00-05:00,3.1066618840628806,3.2532025389715074,3.1066618840628806,3.1945862770080566,329600,0.0,0.0
1988-02-18 00:00:00-05:00,3.253202199935913,3.3411265837179647,3.2238940720085623,3.253202199935913,906800,0.0,0.0
1988-02-19 00:00:00-05:00,3.2238941192626953,3.2532022476196287,3.1945859909057615,3.2238941192626953,271200,0.0,0.0
1988-02-22 00:00:00-05:00,3.1945857220682607,3.4290507291925367,3.1945857220682607,3.399742603302002,1716400,0.0,0.0
1988-02-23 00:00:00-05:00,3.3997423220903444,3.4876666924892326,3.3997423220903444,3.4290504455566406,1029600,0.0,0.0
1988-02-24 00:00:00-05:00,3.4876679837703706,3.663516789674759,3.4583598494529726,3.5169761180877686,1428000,0.0,0.0
1988-02-25 00:00:00-05:00,3.458359390756358,3.5755919124769124,3.311818738605665,3.3704349994659424,761200,0.0,0.0
1988-02-26 00:00:00-05:00,3.4290504455566406,3.4290504455566406,3.3704341986240482,3.4290504455566406,147200,0.0,0.0
1988-02-29 00:00:00-05:00,3.458359390756358,3.458359390756358,3.311818738605665,3.3704349994659424,201200,0.0,0.0
1988-03-01 00:00:00-05:00,3.399742603302002,3.458358855083071,3.3411263515209333,3.399742603302002,633600,0.0,0.0
1988-03-02 00:00:00-05:00,3.3997422800225725,3.4583585262298584,3.311817910711644,3.4583585262298584,362800,0.0,0.0
1988-03-03 00:00:00-05:00,3.634208655357361,3.634208655357361,3.5169761180877686,3.5169761180877686,865200,0.0,0.0
1988-03-04 00:00:00-05:00,3.5755914718874036,3.6635158523436515,3.5755914718874036,3.6342077255249023,1029600,0.0,0.0
1988-03-07 00:00:00-05:00,3.6049003882670965,3.8100573209327036,3.6049003882670965,3.722132921218872,1040400,0.0,0.0
1988-03-08 00:00:00-05:00,3.75144165985344,3.897982349691465,3.75144165985344,3.780749797821045,1456800,0.0,0.0
1988-03-09 00:00:00-05:00,3.7807495043827934,3.8393657757685733,3.7514413686899037,3.8100576400756836,436800,0.0,0.0
1988-03-10 00:00:00-05:00,3.8686739114614634,4.015214589925913,3.8100576400756836,3.8100576400756836,1286800,0.0,0.0
1988-03-11 00:00:00-05:00,3.81005793578865,3.81005793578865,3.69282538391823,3.780749797821045,617200,0.0,0.0
1988-03-14 00:00:00-05:00,3.692825097304124,3.8100576400756836,3.692825097304124,3.8100576400756836,176800,0.0,0.0
1988-03-15 00:00:00-05:00,3.810057375166151,3.810057375166151,3.6928248405456543,3.6928248405456543,300400,0.0,0.0
1988-03-16 00:00:00-05:00,3.6928244132995607,3.6928244132995607,3.5755918922424317,3.6635162830352783,742800,0.0,0.0
1988-03-17 00:00:00-05:00,3.7221335218858353,3.81005793578865,3.6635172459506253,3.780749797821045,326000,0.0,0.0
1988-03-18 00:00:00-05:00,3.692824787980928,3.8100573209327036,3.6635166547429843,3.722132921218872,497600,0.0,0.0
1988-03-21 00:00:00-05:00,3.722132921218872,3.722132921218872,3.6049003882670965,3.722132921218872,127200,0.0,0.0
1988-03-22 00:00:00-05:00,3.7221329742007785,3.7221329742007785,3.6928248405456543,3.6928248405456543,248000,0.0,0.0
1988-03-23 00:00:00-05:00,3.7514411078559027,3.8393655088212753,3.66351670689053,3.6928248405456543,238000,0.0,0.0
1988-03-24 00:00:00-05:00,3.634208356053376,3.634208356053376,3.516975828438751,3.5462839603424072,222800,0.0,0.0
1988-03-25 00:00:00-05:00,3.546284252405167,3.604900521039963,3.4876679837703706,3.5169761180877686,456800,0.0,0.0
1988-03-28 00:00:00-05:00,3.4876676965350946,3.5462839603424072,3.4876676965350946,3.5462839603424072,762000,0.0,0.0
1988-03-29 00:00:00-05:00,3.634208655357361,3.634208655357361,3.5169761180877686,3.5169761180877686,249200,0.0,0.0
1988-03-30 00:00:00-05:00,3.546284252405167,3.575592386722565,3.4876679837703706,3.5169761180877686,501600,0.0,0.0
1988-03-31 00:00:00-05:00,3.5169757157564163,3.7807488944381475,3.5169757157564163,3.7514407634735107,912400,0.0,0.0
1988-04-04 00:00:00-04:00,3.6635162830352783,3.7221325435638426,3.604900022506714,3.6635162830352783,206000,0.0,0.0
1988-04-05 00:00:00-04:00,3.6928248405456543,3.6928248405456543,3.634208573235406,3.6928248405456543,230800,0.0,0.0
1988-04-06 00:00:00-04:00,3.6342082396149635,3.7514407634735107,3.6049001086503267,3.7514407634735107,756000,0.0,0.0
1988-04-07 00:00:00-04:00,3.7514411078559027,3.7514411078559027,3.66351670689053,3.6928248405456543,162400,0.0,0.0
1988-04-08 00:00:00-04:00,3.722132632508874,3.868673287332058,3.6635163705796003,3.7514407634735107,397600,0.0,0.0
1988-04-11 00:00:00-04:00,3.868673615783225,3.868673615783225,3.810057348877419,3.8393654823303223,191600,0.0,0.0
1988-04-12 00:00:00-04:00,3.8686739114614634,3.897982047154353,3.722133232997014,3.8100576400756836,75600,0.0,0.0
1988-04-13 00:00:00-04:00,3.8100576400756836,3.8393657757685733,3.7514413686899037,3.8100576400756836,106800,0.0,0.0
1988-04-14 00:00:00-04:00,3.751440232799899,3.751440232799899,3.5462833450686544,3.6342077255249023,321200,0.0,0.0
1988-04-15 00:00:00-04:00,3.5462840645253157,3.5462840645253157,3.3997434007019556,3.4876677989959717,1172400,0.0,0.0
1988-04-18 00:00:00-04:00,3.4290514327277823,3.5462839603424072,3.4290514327277823,3.5462839603424072,429600,0.0,0.0
1988-04-19 00:00:00-04:00,3.5169759610804117,3.634208493116425,3.5169759610804117,3.604900360107422,203600,0.0,0.0
1988-04-20 00:00:00-04:00,3.575592386722565,3.575592386722565,3.5169761180877686,3.5169761180877686,865600,0.0,0.0
1988-04-21 00:00:00-04:00,3.5169759610804117,3.634208493116425,3.5169759610804117,3.604900360107422,765600,0.0,0.0
1988-04-22 00:00:00-04:00,3.6635162830352783,3.6635162830352783,3.5462837619781493,3.6635162830352783,422400,0.0,0.0
1988-04-25 00:00:00-04:00,3.6928248405456543,3.7221329742007785,3.66351670689053,3.6928248405456543,413200,0.0,0.0
1988-04-26 00:00:00-04:00,3.6928248405456543,3.7514411078559027,3.6928248405456543,3.6928248405456543,231600,0.0,0.0
1988-04-27 00:00:00-04:00,3.7221315214128206,3.8686721324920654,3.6928233991969717,3.8686721324920654,348800,0.0,0.0
1988-04-28 00:00:00-04:00,3.8979809788891866,4.044521617193292,3.8686728512283657,4.015213489532471,836400,0.0,0.0
1988-04-29 00:00:00-04:00,3.9565983930028468,3.9565983930028468,3.86867398426945,3.897982120513916,635600,0.0,0.0
1988-05-02 00:00:00-04:00,3.897982120513916,3.9272902567583814,3.897982120513916,3.897982120513916,191200,0.0,0.0
1988-05-03 00:00:00-04:00,3.9565983930028468,3.9859065292473126,3.839365848024985,3.897982120513916,209600,0.0,0.0
1988-05-04 00:00:00-04:00,3.8686736424763994,3.8686736424763994,3.634208573235406,3.6928248405456543,318400,0.0,0.0
1988-05-05 00:00:00-04:00,3.7221329742007785,3.7221329742007785,3.66351670689053,3.6928248405456543,62400,0.0,0.0
1988-05-06 00:00:00-04:00,3.663516626125429,3.722132892143436,3.5169759610804117,3.604900360107422,247200,0.0,0.0
1988-05-09 00:00:00-04:00,3.5169761180877686,3.604900521039963,3.4583598494529726,3.5169761180877686,258400,0.0,0.0
1988-05-10 00:00:00-04:00,3.5169761180877686,3.575592386722565,3.4876679837703706,3.5169761180877686,468400,0.0,0.0
1988-05-11 00:00:00-04:00,3.4583598494529726,3.5169761180877686,3.3997435808181766,3.5169761180877686,358000,0.0,0.0
1988-05-12 00:00:00-04:00,3.458358964612407,3.6342077255249023,3.458358964612407,3.6342077255249023,436800,0.0,0.0
1988-05-13 00:00:00-04:00,3.6635162830352783,3.7221325435638426,3.5755918922424317,3.6635162830352783,173200,0.0,0.0
1988-05-16 00:00:00-04:00,3.6928244132995607,3.6928244132995607,3.5462837619781493,3.6635162830352783,50000,0.0,0.0
1988-05-17 00:00:00-04:00,3.722132892143436,3.722132892143436,3.604900360107422,3.604900360107422,156000,0.0,0.0
1988-05-18 00:00:00-04:00,3.5755910186444297,3.5755910186444297,3.4290504031262152,3.4583585262298584,648800,0.0,0.0
1988-05-19 00:00:00-04:00,3.4583598494529726,3.5169761180877686,3.4583598494529726,3.5169761180877686,80000,0.0,0.0
1988-05-20 00:00:00-04:00,3.575592197289988,3.575592197289988,3.4876677989959717,3.4876677989959717,114000,0.0,0.0
1988-05-23 00:00:00-04:00,3.4876678791202482,3.575592279434204,3.4583597456822632,3.575592279434204,51200,0.0,0.0
1988-05-24 00:00:00-04:00,3.5169760125582337,3.575592279434204,3.4876678791202482,3.575592279434204,182800,0.0,0.0
1988-05-25 00:00:00-04:00,3.5755920922460636,3.60490022414972,3.4876676965350946,3.5462839603424072,92800,0.0,0.0
1988-05-26 00:00:00-04:00,3.516975828438751,3.5755920922460636,3.4876676965350946,3.5462839603424072,109600,0.0,0.0
1988-05-27 00:00:00-04:00,3.5462840645253157,3.5462840645253157,3.4583596662312996,3.4876677989959717,14800,0.0,0.0
1988-05-31 00:00:00-04:00,3.5169760125582337,3.575592279434204,3.5169760125582337,3.575592279434204,228000,0.0,0.0
1988-06-01 00:00:00-04:00,3.63420910798302,3.839366073756255,3.57559283204781,3.780749797821045,390400,0.0,0.0
1988-06-02 00:00:00-04:00,3.8393654541706472,3.8393654541706472,3.6635166547429843,3.722132921218872,142800,0.0,0.0
1988-06-03 00:00:00-04:00,3.780749241511027,3.780749241511027,3.634208573235406,3.6928248405456543,136800,0.0,0.0
1988-06-06 00:00:00-04:00,3.634208573235406,3.6928248405456543,3.634208573235406,3.6928248405456543,54800,0.0,0.0
1988-06-07 00:00:00-04:00,3.6928248405456543,3.7221329742007785,3.634208573235406,3.6928248405456543,1832400,0.0,0.0
1988-06-08 00:00:00-04:00,3.722132632508874,3.839365156367421,3.722132632508874,3.7514407634735107,644400,0.0,0.0
1988-06-09 00:00:00-04:00,3.7807492154245157,3.8979817492361284,3.7514410819716124,3.8393654823303223,552400,0.0,0.0
1988-06-10 00:00:00-04:00,3.8393654823303223,3.8979817492361284,3.810057348877419,3.8393654823303223,234800,0.0,0.0
1988-06-13 00:00:00-04:00,3.8100573209327036,3.8686735874085914,3.722132921218872,3.722132921218872,173600,0.0,0.0
1988-06-14 00:00:00-04:00,3.722133232997014,3.8393657757685733,3.722133232997014,3.8100576400756836,416800,0.0,0.0
1988-06-15 00:00:00-04:00,3.7514410544568157,3.7807491876947594,3.722132921218872,3.722132921218872,104000,0.0,0.0
1988-06-16 00:00:00-04:00,3.780749797821045,3.780749797821045,3.7221335218858353,3.780749797821045,54800,0.0,0.0
1988-06-17 00:00:00-04:00,3.780748359618648,3.780748359618648,3.6342077255249023,3.6342077255249023,142800,0.0,0.0
1988-06-20 00:00:00-04:00,3.604900521039963,3.634208655357361,3.5169761180877686,3.5169761180877686,536400,0.0,0.0
1988-06-21 00:00:00-04:00,3.6049004395802813,3.6928248405456543,3.575592305925157,3.6928248405456543,160400,0.0,0.0
1988-06-22 00:00:00-04:00,3.7514396436286694,3.927288376923763,3.7221315214128206,3.8686721324920654,1088400,0.0,0.0
1988-06-23 00:00:00-04:00,3.8100577117805194,3.9859065292473126,3.8100577117805194,3.897982120513916,652000,0.0,0.0
1988-06-24 00:00:00-04:00,3.8686722855069746,3.92728853225708,3.8100560387568687,3.92728853225708,746800,0.0,0.0
1988-06-27 00:00:00-04:00,3.8979817492361284,3.8979817492361284,3.8393654823303223,3.8393654823303223,266400,0.0,0.0
1988-06-28 00:00:00-04:00,3.839365848024985,3.897982120513916,3.7514414392915882,3.897982120513916,424400,0.0,0.0
1988-06-29 00:00:00-04:00,3.9272908546941743,4.1031396989342115,3.9272908546941743,4.073831558227539,548000,0.0,0.0
1988-06-30 00:00:00-04:00,4.015214696843573,4.161755379210127,4.015214696843573,4.132447242736816,730800,0.0,0.0
1988-07-01 00:00:00-04:00,4.132446000175754,4.132446000175754,3.98590536187165,4.015213489532471,238800,0.0,0.0
1988-07-05 00:00:00-04:00,4.044521617193292,4.044521617193292,3.927289106550008,4.015213489532471,128400,0.0,0.0
1988-07-06 00:00:00-04:00,3.9859046213554614,4.01521274357131,3.8686721324920654,3.8686721324920654,777200,0.0,0.0
1988-07-07 00:00:00-04:00,3.8393640102762165,3.8686721324920654,3.7514396436286694,3.8686721324920654,849600,0.0,0.0
1988-07-08 00:00:00-04:00,3.810057348877419,3.8979817492361284,3.810057348877419,3.8393654823303223,116000,0.0,0.0
1988-07-11 00:00:00-04:00,3.8393655088212753,3.9272899097866483,3.66351670689053,3.6928248405456543,561600,0.0,0.0
1988-07-12 00:00:00-04:00,3.692824787980928,3.722132921218872,3.692824787980928,3.722132921218872,116800,0.0,0.0
1988-07-13 00:00:00-04:00,3.722132921218872,3.7514410544568157,3.6635166547429843,3.722132921218872,246800,0.0,0.0
1988-07-14 00:00:00-04:00,3.7514410544568157,3.7514410544568157,3.722132921218872,3.722132921218872,332800,0.0,0.0
1988-07-15 00:00:00-04:00,3.8393657757685733,3.8686739114614634,3.7807495043827934,3.8100576400756836,333600,0.0,0.0
1988-07-18 00:00:00-04:00,3.8100573209327036,3.8100573209327036,3.692824787980928,3.722132921218872,293600,0.0,0.0
1988-07-19 00:00:00-04:00,3.6635163705796003,3.7807488944381475,3.6635163705796003,3.7514407634735107,610800,0.0,0.0
1988-07-20 00:00:00-04:00,3.810057348877419,3.8393654823303223,3.722132948518709,3.8393654823303223,106000,0.0,0.0
1988-07-21 00:00:00-04:00,3.8100570254027843,3.8100570254027843,3.722132632508874,3.7514407634735107,220800,0.0,0.0
1988-07-22 00:00:00-04:00,3.692825097304124,3.8100576400756836,3.692825097304124,3.8100576400756836,329600,0.0,0.0
1988-07-25 00:00:00-04:00,3.81005793578865,3.81005793578865,3.7221335218858353,3.780749797821045,216400,0.0,0.0
1988-07-26 00:00:00-04:00,3.7514414392915882,3.9565983930028468,3.7514414392915882,3.897982120513916,204000,0.0,0.0
1988-07-27 00:00:00-04:00,3.956597234210829,4.015213489532471,3.8979809788891866,4.015213489532471,1338800,0.0,0.0
1988-07-28 00:00:00-04:00,3.985906657466182,3.985906657466182,3.8686741087171765,3.9565985202789307,584000,0.0,0.0
1988-07-29 00:00:00-04:00,3.9565985202789307,4.015214794653433,3.9272903830916794,3.9565985202789307,1272000,0.0,0.0
1988-08-01 00:00:00-04:00,3.9565985202789307,4.015214794653433,3.9272903830916794,3.9565985202789307,178000,0.0,0.0
1988-08-02 00:00:00-04:00,4.015214794653433,4.015214794653433,3.8979822459044278,3.9565985202789307,241600,0.0,0.0
1988-08-03 00:00:00-04:00,3.956596499139612,3.956596499139612,3.810055888060367,3.8686721324920654,67200,0.0,0.0
1988-08-04 00:00:00-04:00,3.9272898826890317,3.9272898826890317,3.810057348877419,3.8393654823303223,61600,0.0,0.0
1988-08-05 00:00:00-04:00,3.8393654823303223,3.8393654823303223,3.810057348877419,3.8393654823303223,70800,0.0,0.0
1988-08-08 00:00:00-04:00,3.8979802547079143,3.927288376923763,3.810055888060367,3.8686721324920654,111600,0.0,0.0
1988-08-09 00:00:00-04:00,3.8100570254027843,3.8100570254027843,3.7514407634735107,3.7514407634735107,187600,0.0,0.0
1988-08-10 00:00:00-04:00,3.6928248405456543,3.7221329742007785,3.6049004395802813,3.6928248405456543,290000,0.0,0.0
1988-08-11 00:00:00-04:00,3.6635162830352783,3.6635162830352783,3.5755918922424317,3.6635162830352783,274000,0.0,0.0
1988-08-12 00:00:00-04:00,3.6342077255249023,3.6635158523436515,3.6342077255249023,3.6342077255249023,66000,0.0,0.0
1988-08-15 00:00:00-04:00,3.604900521039963,3.604900521039963,3.4876679837703706,3.5169761180877686,220000,0.0,0.0
1988-08-16 00:00:00-04:00,3.575592279434204,3.575592279434204,3.4583597456822632,3.575592279434204,116400,0.0,0.0
1988-08-17 00:00:00-04:00,3.546284252405167,3.604900521039963,3.5169761180877686,3.5169761180877686,547600,0.0,0.0
1988-08-18 00:00:00-04:00,3.5169760125582337,3.575592279434204,3.5169760125582337,3.575592279434204,14800,0.0,0.0
1988-08-19 00:00:00-04:00,3.546284145996219,3.575592279434204,3.546284145996219,3.575592279434204,109200,0.0,0.0
1988-08-22 00:00:00-04:00,3.575592386722565,3.575592386722565,3.5169761180877686,3.5169761180877686,283600,0.0,0.0
1988-08-23 00:00:00-04:00,3.516975828438751,3.5462839603424072,3.516975828438751,3.5462839603424072,152800,0.0,0.0
1988-08-24 00:00:00-04:00,3.5755920922460636,3.60490022414972,3.5462839603424072,3.5462839603424072,340400,0.0,0.0
1988-08-25 00:00:00-04:00,3.5169760125582337,3.575592279434204,3.5169760125582337,3.575592279434204,270400,0.0,0.0
1988-08-26 00:00:00-04:00,3.5169760125582337,3.575592279434204,3.5169760125582337,3.575592279434204,35600,0.0,0.0
1988-08-29 00:00:00-04:00,3.575592305925157,3.6928248405456543,3.546284172270033,3.6928248405456543,156000,0.0,0.0
1988-08-30 00:00:00-04:00,3.722132921218872,3.722132921218872,3.63420852150504,3.722132921218872,209600,0.0,0.0
1988-08-31 00:00:00-04:00,3.7221325435638426,3.751440673828125,3.6635162830352783,3.6635162830352783,110000,0.0,0.0
1988-09-01 00:00:00-04:00,3.604900360107422,3.604900360107422,3.546284094089415,3.604900360107422,307600,0.0,0.0
1988-09-02 00:00:00-04:00,3.575592279434204,3.575592279434204,3.4876678791202482,3.575592279434204,562800,0.0,0.0
1988-09-06 00:00:00-04:00,3.516975828438751,3.5755920922460636,3.516975828438751,3.5462839603424072,74000,0.0,0.0
1988-09-07 00:00:00-04:00,3.546282895540787,3.546282895540787,3.4583585262298584,3.4583585262298584,358800,0.0,0.0
1988-09-08 00:00:00-04:00,3.4583585262298584,3.487666649333501,3.4290504031262152,3.4583585262298584,172400,0.0,0.0
1988-09-09 00:00:00-04:00,3.4290504031262152,3.516974772437144,3.37043415691893,3.4583585262298584,754400,0.0,0.0
1988-09-12 00:00:00-04:00,3.3997423220903444,3.4876666924892326,3.3411260751577525,3.4290504455566406,146800,0.0,0.0
1988-09-13 00:00:00-04:00,3.3997423220903444,3.4290504455566406,3.223893581292568,3.4290504455566406,316800,0.0,0.0
1988-09-14 00:00:00-04:00,3.3704352679372835,3.60490033005466,3.3704352679372835,3.4876677989959717,226400,0.0,0.0
1988-09-15 00:00:00-04:00,3.5462839603424072,3.634208356053376,3.5462839603424072,3.5462839603424072,136400,0.0,0.0
1988-09-16 00:00:00-04:00,3.546284094089415,3.604900360107422,3.5169759610804117,3.604900360107422,114800,0.0,0.0
1988-09-19 00:00:00-04:00,3.5169761180877686,3.575592386722565,3.4876679837703706,3.5169761180877686,98400,0.0,0.0
1988-09-20 00:00:00-04:00,3.5169761180877686,3.546284252405167,3.4876679837703706,3.5169761180877686,90000,0.0,0.0
1988-09-21 00:00:00-04:00,3.4583585262298584,3.487666649333501,3.4583585262298584,3.4583585262298584,108400,0.0,0.0
1988-09-22 00:00:00-04:00,3.4583585262298584,3.4583585262298584,3.4290504031262152,3.4583585262298584,198000,0.0,0.0
1988-09-23 00:00:00-04:00,3.4876677989959717,3.4876677989959717,3.4290515334666276,3.4876677989959717,84000,0.0,0.0
1988-09-26 00:00:00-04:00,3.4583596662312996,3.4876677989959717,3.4290515334666276,3.4876677989959717,48000,0.0,0.0
1988-09-27 00:00:00-04:00,3.4876666924892326,3.4876666924892326,3.3997423220903444,3.4290504455566406,174800,0.0,0.0
1988-09-28 00:00:00-04:00,3.3704348091493572,3.3997429379245694,3.3411266803741455,3.3411266803741455,164800,0.0,0.0
1988-09-29 00:00:00-04:00,3.3411263515209333,3.399742603302002,3.282510099739864,3.399742603302002,154800,0.0,0.0
1988-09-30 00:00:00-04:00,3.399743129896081,3.399743129896081,3.311818738605665,3.3704349994659424,156000,0.0,0.0
1988-10-03 00:00:00-04:00,3.2825106699532323,3.3118188009349576,3.135970015044606,3.1945862770080566,230000,0.0,0.0
1988-10-04 00:00:00-04:00,3.165278230394636,3.3118188892092024,3.165278230394636,3.282510757446289,684800,0.0,0.0
1988-10-05 00:00:00-04:00,3.282510757446289,3.282510757446289,3.223894493920463,3.282510757446289,44400,0.0,0.0
1988-10-06 00:00:00-04:00,3.223894407989782,3.2532025389715074,3.1652781460263313,3.1945862770080566,29200,0.0,0.0
1988-10-07 00:00:00-04:00,3.253202199935913,3.2825103278632635,3.194585944081212,3.253202199935913,82400,0.0,0.0
1988-10-10 00:00:00-04:00,3.2825103759765626,3.2825103759765626,3.1945859909057615,3.2238941192626953,111600,0.0,0.0
1988-10-11 00:00:00-04:00,3.135970015044606,3.2532025389715074,3.135970015044606,3.1945862770080566,189600,0.0,0.0
1988-10-12 00:00:00-04:00,3.1945859909057615,3.3997428894042967,3.165277862548828,3.2238941192626953,816000,0.0,0.0
1988-10-13 00:00:00-04:00,3.1945863277823836,3.253202590677473,3.165278196334839,3.165278196334839,189200,0.0,0.0
1988-10-14 00:00:00-04:00,3.165278196334839,3.253202590677473,3.165278196334839,3.165278196334839,191600,0.0,0.0
1988-10-17 00:00:00-04:00,3.2532022476196287,3.311818504333496,3.1945859909057615,3.2238941192626953,1113200,0.0,0.0
1988-10-18 00:00:00-04:00,3.2238940720085623,3.253202199935913,3.194585944081212,3.253202199935913,156400,0.0,0.0
1988-10-19 00:00:00-04:00,3.2825107221250183,3.2825107221250183,3.165278196334839,3.165278196334839,261600,0.0,0.0
1988-10-20 00:00:00-04:00,3.223894493920463,3.282510757446289,3.1945863621575494,3.282510757446289,273200,0.0,0.0
1988-10-21 00:00:00-04:00,3.1945863621575494,3.282510757446289,3.1945863621575494,3.282510757446289,108400,0.0,0.0
1988-10-24 00:00:00-04:00,3.2532025389715074,3.2532025389715074,3.1652781460263313,3.1945862770080566,261600,0.0,0.0
1988-10-25 00:00:00-04:00,3.223894493920463,3.282510757446289,3.165278230394636,3.282510757446289,109600,0.0,0.0
1988-10-26 00:00:00-04:00,3.2825106699532323,3.2825106699532323,3.1652781460263313,3.1945862770080566,188000,0.0,0.0
1988-10-27 00:00:00-04:00,3.1945863277823836,3.1945863277823836,3.135970064887294,3.165278196334839,264000,0.0,0.0
1988-10-28 00:00:00-04:00,3.165278902420631,3.165278902420631,3.048046350479126,3.048046350479126,343200,0.0,0.0
1988-10-31 00:00:00-05:00,3.0773543749215464,3.165278785633591,3.0480462380175317,3.1066625118255615,433600,0.0,0.0
1988-11-01 00:00:00-05:00,3.048045445414423,3.048045445414423,2.901504799000268,3.018737316131592,956000,0.0,0.0
1988-11-02 00:00:00-05:00,3.018737316131592,3.048045445414423,2.96012105756593,3.018737316131592,529200,0.0,0.0
1988-11-03 00:00:00-05:00,2.989429555620466,3.1359702201116653,2.989429555620466,3.0773539543151855,996400,0.0,0.0
1988-11-04 00:00:00-05:00,3.018737316131592,3.048045445414423,2.989429186848761,3.018737316131592,204000,0.0,0.0
1988-11-07 00:00:00-05:00,3.018737711906433,3.018737711906433,2.9015051794052122,2.9308133125305176,199600,0.0,0.0
1988-11-08 00:00:00-05:00,2.9308132898239863,3.0773539543151855,2.8721970240275065,3.0773539543151855,207600,0.0,0.0
1988-11-09 00:00:00-05:00,3.0480458450317385,3.0480458450317385,2.9308133125305176,2.9308133125305176,58000,0.0,0.0
1988-11-10 00:00:00-05:00,2.960121012697316,2.960121012697316,2.842888497342967,2.9015047550201416,121600,0.0,0.0
1988-11-11 00:00:00-05:00,2.8721966261815544,2.930812883858729,2.8721966261815544,2.9015047550201416,96400,0.0,0.0
1988-11-14 00:00:00-05:00,2.901504853337081,2.930812983168769,2.813580463842018,2.842888593673706,151600,0.0,0.0
1988-11-15 00:00:00-05:00,2.842888593673706,2.901504853337081,2.842888593673706,2.842888593673706,90400,0.0,0.0
1988-11-16 00:00:00-05:00,2.8428888842463493,2.8428888842463493,2.8135807514190674,2.8135807514190674,380800,0.0,0.0
1988-11-17 00:00:00-05:00,2.813580463842018,2.842888593673706,2.7842723340103306,2.842888593673706,204000,0.0,0.0
1988-11-18 00:00:00-05:00,2.8428888842463493,2.8428888842463493,2.7549644857645035,2.8135807514190674,235600,0.0,0.0
1988-11-21 00:00:00-05:00,2.784272095431452,2.784272095431452,2.637731458829797,2.696347713470459,526800,0.0,0.0
1988-11-22 00:00:00-05:00,2.6670401345851813,2.696348267932271,2.4911913345026417,2.5204994678497314,581200,0.0,0.0
1988-11-23 00:00:00-05:00,2.549807912847969,2.667040460565117,2.549807912847969,2.608424186706543,856400,0.0,0.0
1988-11-25 00:00:00-05:00,2.5498076011968216,2.6084238678910014,2.5204994678497314,2.5204994678497314,315200,0.0,0.0
1988-11-28 00:00:00-05:00,2.5498077327554878,2.579115867614746,2.5498077327554878,2.579115867614746,114000,0.0,0.0
1988-11-29 00:00:00-05:00,2.520499651459442,2.6377321933877877,2.520499651459442,2.5498077869415283,602800,0.0,0.0
1988-11-30 00:00:00-05:00,2.579115940974309,2.696348483745868,2.579115940974309,2.6670403480529785,426000,0.0,0.0
1988-12-01 00:00:00-05:00,2.6670403480529785,2.7842728908245378,2.6377322123600884,2.6670403480529785,1335600,0.0,0.0
1988-12-02 00:00:00-05:00,2.608423331509466,2.72565584079079,2.608423331509466,2.696347713470459,189200,0.0,0.0
1988-12-05 00:00:00-05:00,2.725656734423691,2.8135811452115522,2.608424186706543,2.608424186706543,818000,0.0,0.0
1988-12-06 00:00:00-05:00,2.63773232363583,2.696348597494404,2.608424186706543,2.608424186706543,296400,0.0,0.0
1988-12-07 00:00:00-05:00,2.608424002474005,2.608424002474005,2.5498077327554878,2.579115867614746,740800,0.0,0.0
1988-12-08 00:00:00-05:00,2.5498071670532227,2.6377315521240234,2.5498071670532227,2.6377315521240234,132400,0.0,0.0
1988-12-09 00:00:00-05:00,2.637732137333263,2.6670402721925215,2.579115867614746,2.579115867614746,138800,0.0,0.0
1988-12-12 00:00:00-05:00,2.608424186706543,2.63773232363583,2.579116049777256,2.608424186706543,149600,0.0,0.0
1988-12-13 00:00:00-05:00,2.579115867614746,2.579115867614746,2.5498077327554878,2.579115867614746,109200,0.0,0.0
1988-12-14 00:00:00-05:00,2.5204992799197927,2.5791155422435086,2.4911911487579346,2.4911911487579346,460800,0.0,0.0
1988-12-15 00:00:00-05:00,2.549807912847969,2.63773232363583,2.520499775918682,2.608424186706543,578400,0.0,0.0
1988-12-16 00:00:00-05:00,2.667039586150128,2.72565584079079,2.608423331509466,2.696347713470459,623200,0.0,0.0
1988-12-19 00:00:00-05:00,2.7256562202534775,2.7549643516540527,2.6670399574523276,2.7549643516540527,476800,0.0,0.0
1988-12-20 00:00:00-05:00,2.7549640655517575,2.7549640655517575,2.6084234237670896,2.6377315521240234,453200,0.0,0.0
1988-12-21 00:00:00-05:00,2.608424186706543,2.63773232363583,2.579116049777256,2.608424186706543,252400,0.0,0.0
1988-12-22 00:00:00-05:00,2.667039680480957,2.667039680480957,2.579115295410156,2.6377315521240234,241600,0.0,0.0
1988-12-23 00:00:00-05:00,2.6670403480529785,2.696348483745868,2.6084240766671987,2.6670403480529785,181600,0.0,0.0
1988-12-27 00:00:00-05:00,2.696348088852903,2.842888745855778,2.696348088852903,2.7549643516540527,796400,0.0,0.0
1988-12-28 00:00:00-05:00,2.754964614401058,2.9015052853798378,2.754964614401058,2.872197151184082,455200,0.0,0.0
1988-12-29 00:00:00-05:00,2.842888497342967,2.9015047550201416,2.842888497342967,2.9015047550201416,239600,0.0,0.0
1988-12-30 00:00:00-05:00,2.842888745855778,2.842888745855778,2.7549643516540527,2.7549643516540527,601600,0.0,0.0
1989-01-03 00:00:00-05:00,2.7549642041786426,2.842888593673706,2.7549642041786426,2.842888593673706,552000,0.0,0.0
1989-01-04 00:00:00-05:00,2.8721966261815544,2.9015047550201416,2.842888497342967,2.9015047550201416,235600,0.0,0.0
1989-01-05 00:00:00-05:00,2.901504799000268,3.048045445414423,2.901504799000268,3.018737316131592,1062400,0.0,0.0
1989-01-06 00:00:00-05:00,3.0480457380706185,3.1359701343611173,2.989429473876953,2.989429473876953,343600,0.0,0.0
1989-01-09 00:00:00-05:00,2.989429473876953,3.018737605973786,2.96012134178012,2.989429473876953,230000,0.0,0.0
1989-01-10 00:00:00-05:00,2.960120677947998,2.960120677947998,2.901504426899523,2.960120677947998,131600,0.0,0.0
1989-01-11 00:00:00-05:00,2.960120677947998,2.9894288034722356,2.9308125524237605,2.960120677947998,292400,0.0,0.0
1989-01-12 00:00:00-05:00,2.989429186848761,3.018737316131592,2.989429186848761,3.018737316131592,176000,0.0,0.0
1989-01-13 00:00:00-05:00,2.96012134178012,3.018737605973786,2.9308132096832873,2.989429473876953,195600,0.0,0.0
1989-01-16 00:00:00-05:00,2.989429186848761,3.048045445414423,2.989429186848761,3.018737316131592,412400,0.0,0.0
1989-01-17 00:00:00-05:00,2.989429473876953,3.018737605973786,2.96012134178012,2.989429473876953,181600,0.0,0.0
1989-01-18 00:00:00-05:00,2.960121445655823,2.989429578781128,2.9308133125305176,2.9308133125305176,225600,0.0,0.0
1989-01-19 00:00:00-05:00,2.96012134178012,3.018737605973786,2.9308132096832873,2.989429473876953,351200,0.0,0.0
1989-01-20 00:00:00-05:00,2.9894288034722356,3.018736928996473,2.960120677947998,2.960120677947998,184400,0.0,0.0
1989-01-23 00:00:00-05:00,2.960120677947998,2.9894288034722356,2.960120677947998,2.960120677947998,40400,0.0,0.0
1989-01-24 00:00:00-05:00,2.96012134178012,3.018737605973786,2.96012134178012,2.989429473876953,420000,0.0,0.0
1989-01-25 00:00:00-05:00,2.989429186848761,3.018737316131592,2.989429186848761,3.018737316131592,63200,0.0,0.0
1989-01-26 00:00:00-05:00,3.01873722076416,3.2238941192626953,2.9894290924072267,3.2238941192626953,577200,0.0,0.0
1989-01-27 00:00:00-05:00,3.0773539543151855,3.1359702201116653,3.0480458214169457,3.0773539543151855,313200,0.0,0.0
1989-01-30 00:00:00-05:00,3.1066619334397494,3.2238944592299283,3.1066619334397494,3.165278196334839,374800,0.0,0.0
1989-01-31 00:00:00-05:00,3.165278785633591,3.165278785633591,3.0773543749215464,3.1066625118255615,428800,0.0,0.0
1989-02-01 00:00:00-05:00,3.077353574697254,3.106661703980085,2.989429186848761,3.018737316131592,814000,0.0,0.0
1989-02-02 00:00:00-05:00,3.018737316131592,3.048045445414423,3.018737316131592,3.018737316131592,281600,0.0,0.0
1989-02-03 00:00:00-05:00,3.0480462380175317,3.1066625118255615,3.018738101113517,3.1066625118255615,538800,0.0,0.0
1989-02-06 00:00:00-05:00,3.077353574697254,3.135969833262916,3.018737316131592,3.018737316131592,265600,0.0,0.0
1989-02-07 00:00:00-05:00,3.048045488161461,3.135969877243042,3.048045488161461,3.135969877243042,346800,0.0,0.0
1989-02-08 00:00:00-05:00,3.165278785633591,3.1945869225376056,3.1066625118255615,3.1066625118255615,334000,0.0,0.0
1989-02-09 00:00:00-05:00,3.0773543749215464,3.135970648729576,3.0773543749215464,3.1066625118255615,152000,0.0,0.0
1989-02-10 00:00:00-05:00,3.0773539543151855,3.1066620872134254,3.0480458214169457,3.0773539543151855,97600,0.0,0.0
1989-02-13 00:00:00-05:00,3.048045445414423,3.077353574697254,3.018737316131592,3.018737316131592,104400,0.0,0.0
1989-02-14 00:00:00-05:00,3.018737316131592,3.077353574697254,3.018737316131592,3.018737316131592,138800,0.0,0.0
1989-02-15 00:00:00-05:00,3.0187375715800697,3.370435152735029,3.0187375715800697,3.282510757446289,494800,0.0,0.0
1989-02-16 00:00:00-05:00,3.2825107221250183,3.2825107221250183,3.1066619334397494,3.165278196334839,644000,0.0,0.0
1989-02-17 00:00:00-05:00,3.1945863277823836,3.1945863277823836,3.135970064887294,3.165278196334839,120800,0.0,0.0
1989-02-21 00:00:00-05:00,3.1066617475491816,3.135969877243042,3.048045488161461,3.135969877243042,216800,0.0,0.0
1989-02-22 00:00:00-05:00,3.0773543749215464,3.1066625118255615,3.0480462380175317,3.1066625118255615,179200,0.0,0.0
1989-02-23 00:00:00-05:00,3.077353574697254,3.106661703980085,3.018737316131592,3.018737316131592,124800,0.0,0.0
1989-02-24 00:00:00-05:00,3.048046350479126,3.048046350479126,3.01873821249375,3.048046350479126,86400,0.0,0.0
1989-02-27 00:00:00-05:00,3.0480457380706185,3.0480457380706185,2.9308132096832873,2.989429473876953,70400,0.0,0.0
1989-02-28 00:00:00-05:00,2.989429473876953,2.989429473876953,2.9308132096832873,2.989429473876953,359600,0.0,0.0
1989-03-01 00:00:00-05:00,2.96012134178012,2.989429473876953,2.9308132096832873,2.989429473876953,46000,0.0,0.0
1989-03-02 00:00:00-05:00,2.9894291415359033,2.9894291415359033,2.9015047550201416,2.9015047550201416,157600,0.0,0.0
1989-03-03 00:00:00-05:00,2.9015051794052122,2.989429578781128,2.9015051794052122,2.9308133125305176,814400,0.0,0.0
1989-03-06 00:00:00-05:00,2.96012134178012,2.989429473876953,2.9308132096832873,2.989429473876953,100400,0.0,0.0
1989-03-07 00:00:00-05:00,2.9308125524237605,2.9894288034722356,2.9308125524237605,2.960120677947998,264000,0.0,0.0
1989-03-08 00:00:00-05:00,2.9894291415359033,2.9894291415359033,2.9015047550201416,2.9015047550201416,43600,0.0,0.0
1989-03-09 00:00:00-05:00,2.9308133125305176,2.989429578781128,2.9015051794052122,2.9308133125305176,290000,0.0,0.0
1989-03-10 00:00:00-05:00,2.930812883858729,2.930812883858729,2.8721966261815544,2.9015047550201416,250400,0.0,0.0
1989-03-13 00:00:00-05:00,2.9015051794052122,2.960121445655823,2.9015051794052122,2.9308133125305176,202000,0.0,0.0
1989-03-14 00:00:00-05:00,2.9894288034722356,2.9894288034722356,2.9308125524237605,2.960120677947998,56000,0.0,0.0
1989-03-15 00:00:00-05:00,2.9308125524237605,2.960120677947998,2.9308125524237605,2.960120677947998,78000,0.0,0.0
1989-03-16 00:00:00-05:00,2.960120677947998,2.9894288034722356,2.901504426899523,2.960120677947998,191200,0.0,0.0
1989-03-17 00:00:00-05:00,2.930813419575594,2.930813419575594,2.872197151184082,2.872197151184082,134400,0.0,0.0
1989-03-20 00:00:00-05:00,2.8721967235053936,2.901504853337081,2.842888593673706,2.842888593673706,55200,0.0,0.0
1989-03-21 00:00:00-05:00,2.8721970170736313,2.9015051499009132,2.8135807514190674,2.8135807514190674,134000,0.0,0.0
1989-03-22 00:00:00-05:00,2.813580322265625,2.8428884506225587,2.520499038696289,2.6377315521240234,928400,0.0,0.0
1989-03-23 00:00:00-05:00,2.6377322123600884,2.7256566194387584,2.6084240766671987,2.6670403480529785,510800,0.0,0.0
1989-03-27 00:00:00-05:00,2.6670399574523276,2.7549643516540527,2.637731826051753,2.7549643516540527,177600,0.0,0.0
1989-03-28 00:00:00-05:00,2.7256562202534775,2.784272483054628,2.696348088852903,2.7549643516540527,314800,0.0,0.0
1989-03-29 00:00:00-05:00,2.725656032562256,2.754964161944646,2.696347903179866,2.725656032562256,189200,0.0,0.0
1989-03-30 00:00:00-05:00,2.725656032562256,2.754964161944646,2.696347903179866,2.725656032562256,104800,0.0,0.0
1989-03-31 00:00:00-05:00,2.725656032562256,2.725656032562256,2.696347903179866,2.725656032562256,128800,0.0,0.0
1989-04-03 00:00:00-04:00,2.7256562202534775,2.8135806144552027,2.7256562202534775,2.7549643516540527,212000,0.0,0.0
1989-04-04 00:00:00-04:00,2.7549643516540527,2.784272483054628,2.7256562202534775,2.7549643516540527,15600,0.0,0.0
1989-04-05 00:00:00-04:00,2.7256562202534775,2.784272483054628,2.696348088852903,2.7549643516540527,367600,0.0,0.0
1989-04-06 00:00:00-04:00,2.72565584079079,2.754963968111121,2.667039586150128,2.696347713470459,281600,0.0,0.0
1989-04-07 00:00:00-04:00,2.6670397737974763,2.725656032562256,2.6670397737974763,2.725656032562256,421600,0.0,0.0
1989-04-10 00:00:00-04:00,2.696347903179866,2.754964161944646,2.696347903179866,2.725656032562256,65600,0.0,0.0
1989-04-11 00:00:00-04:00,2.754964773278487,2.8428891809363113,2.754964773278487,2.7842729091644287,117200,0.0,0.0
1989-04-12 00:00:00-04:00,2.7842727485968144,2.9601215537713497,2.754964614401058,2.872197151184082,473200,0.0,0.0
1989-04-13 00:00:00-04:00,2.8721963013752854,2.9894288034722356,2.8721963013752854,2.960120677947998,310400,0.0,0.0
1989-04-14 00:00:00-04:00,2.9308125524237605,2.9894288034722356,2.901504426899523,2.960120677947998,295600,0.0,0.0
1989-04-17 00:00:00-04:00,2.9015051794052122,2.960121445655823,2.8721970462799074,2.9308133125305176,146000,0.0,0.0
1989-04-18 00:00:00-04:00,2.989429473876953,3.018737605973786,2.9308132096832873,2.989429473876953,247200,0.0,0.0
1989-04-19 00:00:00-04:00,2.9601219365229974,3.048046350479126,2.9601219365229974,3.048046350479126,226800,0.0,0.0
1989-04-20 00:00:00-04:00,3.048045445414423,3.048045445414423,2.96012105756593,3.018737316131592,45200,0.0,0.0
1989-04-21 00:00:00-04:00,2.9894288034722356,3.018736928996473,2.960120677947998,2.960120677947998,117200,0.0,0.0
1989-04-24 00:00:00-04:00,2.96012134178012,3.018737605973786,2.96012134178012,2.989429473876953,205200,0.0,0.0
1989-04-25 00:00:00-04:00,2.989429186848761,3.018737316131592,2.96012105756593,3.018737316131592,175200,0.0,0.0
1989-04-26 00:00:00-04:00,3.018737316131592,3.018737316131592,2.989429186848761,3.018737316131592,159600,0.0,0.0
1989-04-27 00:00:00-04:00,3.018737605973786,3.018737605973786,2.96012134178012,2.989429473876953,367600,0.0,0.0
1989-04-28 00:00:00-04:00,2.989429186848761,3.048045445414423,2.989429186848761,3.018737316131592,227200,0.0,0.0
1989-05-01 00:00:00-04:00,2.989429186848761,3.018737316131592,2.96012105756593,3.018737316131592,315200,0.0,0.0
1989-05-02 00:00:00-04:00,2.989429186848761,3.048045445414423,2.989429186848761,3.018737316131592,87200,0.0,0.0
1989-05-03 00:00:00-04:00,2.9894300745083737,3.0773544884645023,2.9894300745083737,3.048046350479126,620400,0.0,0.0
1989-05-04 00:00:00-04:00,3.048045445414423,3.048045445414423,2.96012105756593,3.018737316131592,804400,0.0,0.0
1989-05-05 00:00:00-04:00,3.018737688518706,3.194586485908145,3.018737688518706,3.0773539543151855,2244000,0.0,0.0
1989-05-08 00:00:00-04:00,3.048046350479126,3.0773544884645023,3.01873821249375,3.048046350479126,206000,0.0,0.0
1989-05-09 00:00:00-04:00,3.01873821249375,3.048046350479126,3.01873821249375,3.048046350479126,211200,0.0,0.0
1989-05-10 00:00:00-04:00,3.048045445414423,3.106661703980085,3.018737316131592,3.018737316131592,117200,0.0,0.0
1989-05-11 00:00:00-04:00,3.0480458214169457,3.0773539543151855,3.018737688518706,3.0773539543151855,130800,0.0,0.0
1989-05-12 00:00:00-04:00,3.1066617475491816,3.135969877243042,3.048045488161461,3.135969877243042,65600,0.0,0.0
1989-05-15 00:00:00-04:00,3.1066626264498787,3.1066626264498787,3.01873821249375,3.048046350479126,248800,0.0,0.0
1989-05-16 00:00:00-04:00,3.048046350479126,3.1066626264498787,3.01873821249375,3.048046350479126,953200,0.0,0.0
1989-05-17 00:00:00-04:00,3.0773538019922047,3.165278196334839,3.0187375390971147,3.165278196334839,322000,0.0,0.0
1989-05-18 00:00:00-04:00,3.165278785633591,3.1945869225376056,3.1066625118255615,3.1066625118255615,172000,0.0,0.0
1989-05-19 00:00:00-04:00,3.135970015044606,3.2825106699532323,3.135970015044606,3.1945862770080566,388000,0.0,0.0
1989-05-22 00:00:00-04:00,3.253202199935913,3.3118184557906143,3.2238940720085623,3.253202199935913,362400,0.0,0.0
1989-05-23 00:00:00-04:00,3.223894407989782,3.2532025389715074,3.1945862770080566,3.1945862770080566,57200,0.0,0.0
1989-05-24 00:00:00-04:00,3.1652781460263313,3.223894407989782,3.1652781460263313,3.1945862770080566,30400,0.0,0.0
1989-05-25 00:00:00-04:00,3.2238949083648953,3.311819314956665,3.2238949083648953,3.311819314956665,284800,0.0,0.0
1989-05-26 00:00:00-04:00,3.282510608175526,3.4290512603262195,3.282510608175526,3.3704349994659424,302800,0.0,0.0
1989-05-30 00:00:00-04:00,3.3411266803741455,3.3997429379245694,3.3411266803741455,3.3411266803741455,523600,0.0,0.0
1989-05-31 00:00:00-04:00,3.3411263515209333,3.399742603302002,3.3411263515209333,3.399742603302002,65200,0.0,0.0
1989-06-01 00:00:00-04:00,3.3704341986240482,3.4290504455566406,3.3704341986240482,3.4290504455566406,328000,0.0,0.0
1989-06-02 00:00:00-04:00,3.458358569022937,3.458358569022937,3.3704341986240482,3.4290504455566406,424800,0.0,0.0
1989-06-05 00:00:00-04:00,3.399743129896081,3.4290512603262195,3.3704349994659424,3.3704349994659424,451600,0.0,0.0
1989-06-06 00:00:00-04:00,3.370435586017845,3.3997437215484347,3.311819314956665,3.311819314956665,324800,0.0,0.0
1989-06-07 00:00:00-04:00,3.311818551598934,3.3997429379245694,3.311818551598934,3.3411266803741455,144800,0.0,0.0
1989-06-08 00:00:00-04:00,3.3411265837179647,3.3704347116453155,3.253202199935913,3.253202199935913,292400,0.0,0.0
1989-06-09 00:00:00-04:00,3.253202199935913,3.253202199935913,3.194585944081212,3.253202199935913,96800,0.0,0.0
1989-06-12 00:00:00-04:00,3.2238940720085623,3.253202199935913,3.2238940720085623,3.253202199935913,140000,0.0,0.0
1989-06-13 00:00:00-04:00,3.253202590677473,3.253202590677473,3.165278196334839,3.165278196334839,101200,0.0,0.0
1989-06-14 00:00:00-04:00,3.223894407989782,3.223894407989782,3.1945862770080566,3.1945862770080566,38800,0.0,0.0
1989-06-15 00:00:00-04:00,3.165278353009905,3.165278353009905,3.0773539543151855,3.0773539543151855,215600,0.0,0.0
1989-06-16 00:00:00-04:00,3.0773544884645023,3.0773544884645023,2.9894300745083737,3.048046350479126,247200,0.0,0.0
1989-06-19 00:00:00-04:00,3.0480453992130783,3.0480453992130783,2.9015047550201416,2.9015047550201416,416800,0.0,0.0
1989-06-20 00:00:00-04:00,2.901504604712777,2.901504604712777,2.696347713470459,2.696347713470459,539200,0.0,0.0
1989-06-21 00:00:00-04:00,2.725655937194824,2.7549640655517575,2.6377315521240234,2.6377315521240234,1406400,0.0,0.0
1989-06-22 00:00:00-04:00,2.637731458829797,2.72565584079079,2.637731458829797,2.696347713470459,551200,0.0,0.0
1989-06-23 00:00:00-04:00,2.725656032562256,2.7842722913270355,2.696347903179866,2.725656032562256,452400,0.0,0.0
1989-06-26 00:00:00-04:00,2.7256566373925457,2.8721973168222528,2.7256566373925457,2.7842729091644287,112800,0.0,0.0
1989-06-27 00:00:00-04:00,2.8135806144552027,2.8135806144552027,2.7549643516540527,2.7549643516540527,332400,0.0,0.0
1989-06-28 00:00:00-04:00,2.754964161944646,2.754964161944646,2.696347903179866,2.725656032562256,336800,0.0,0.0
1989-06-29 00:00:00-04:00,2.72565584079079,2.754963968111121,2.696347713470459,2.696347713470459,795600,0.0,0.0
1989-06-30 00:00:00-04:00,2.696348483745868,2.696348483745868,2.579115940974309,2.6670403480529785,1150400,0.0,0.0
1989-07-03 00:00:00-04:00,2.6670397737974763,2.725656032562256,2.6670397737974763,2.725656032562256,38000,0.0,0.0
1989-07-05 00:00:00-04:00,2.6670399574523276,2.7549643516540527,2.6670399574523276,2.7549643516540527,69600,0.0,0.0
1989-07-06 00:00:00-04:00,2.725656032562256,2.7842722913270355,2.696347903179866,2.725656032562256,271200,0.0,0.0
1989-07-07 00:00:00-04:00,2.696348088852903,2.7549643516540527,2.696348088852903,2.7549643516540527,151200,0.0,0.0
1989-07-10 00:00:00-04:00,2.754963968111121,2.754963968111121,2.667039586150128,2.696347713470459,439200,0.0,0.0
1989-07-11 00:00:00-04:00,2.667039586150128,2.754963968111121,2.667039586150128,2.696347713470459,432400,0.0,0.0
1989-07-12 00:00:00-04:00,2.696347903179866,2.725656032562256,2.696347903179866,2.725656032562256,86400,0.0,0.0
1989-07-13 00:00:00-04:00,2.72565584079079,2.72565584079079,2.667039586150128,2.696347713470459,116400,0.0,0.0
1989-07-14 00:00:00-04:00,2.6670397737974763,2.725656032562256,2.6670397737974763,2.725656032562256,71200,0.0,0.0
1989-07-17 00:00:00-04:00,2.696348088852903,2.7549643516540527,2.637731826051753,2.7549643516540527,690800,0.0,0.0
1989-07-18 00:00:00-04:00,2.725656032562256,2.754964161944646,2.725656032562256,2.725656032562256,67600,0.0,0.0
1989-07-19 00:00:00-04:00,2.7842723340103306,2.8721967235053936,2.7549642041786426,2.842888593673706,766000,0.0,0.0
1989-07-20 00:00:00-04:00,2.8135806144552027,2.8721968772563526,2.7549643516540527,2.7549643516540527,516400,0.0,0.0
1989-07-21 00:00:00-04:00,2.7842729091644287,2.8135810450503698,2.754964773278487,2.7842729091644287,76400,0.0,0.0
1989-07-24 00:00:00-04:00,2.784272483054628,2.784272483054628,2.7549643516540527,2.7549643516540527,124400,0.0,0.0
1989-07-25 00:00:00-04:00,2.7842722913270355,2.7842722913270355,2.725656032562256,2.725656032562256,52400,0.0,0.0
1989-07-26 00:00:00-04:00,2.725656032562256,2.725656032562256,2.696347903179866,2.725656032562256,184800,0.0,0.0
1989-07-27 00:00:00-04:00,2.6963485015066047,2.7842729091644287,2.6963485015066047,2.7842729091644287,217600,0.0,0.0
1989-07-28 00:00:00-04:00,2.784272483054628,2.8135806144552027,2.7549643516540527,2.7549643516540527,348800,0.0,0.0
1989-07-31 00:00:00-04:00,2.754963968111121,2.754963968111121,2.667039586150128,2.696347713470459,104000,0.0,0.0
1989-08-01 00:00:00-04:00,2.6670403480529785,2.7256566194387584,2.6670403480529785,2.6670403480529785,80400,0.0,0.0
1989-08-02 00:00:00-04:00,2.667040460565117,2.667040460565117,2.579116049777256,2.608424186706543,253600,0.0,0.0
1989-08-03 00:00:00-04:00,2.608423331509466,2.696347713470459,2.608423331509466,2.696347713470459,216000,0.0,0.0
1989-08-04 00:00:00-04:00,2.696348483745868,2.696348483745868,2.6084240766671987,2.6670403480529785,171200,0.0,0.0
1989-08-07 00:00:00-04:00,2.6963483460095463,2.872197151184082,2.6670402118137906,2.872197151184082,843200,0.0,0.0
1989-08-08 00:00:00-04:00,2.8721970170736313,2.8721970170736313,2.7842726185917854,2.8135807514190674,78400,0.0,0.0
1989-08-09 00:00:00-04:00,2.754964161944646,2.8135804207094255,2.725656032562256,2.725656032562256,97200,0.0,0.0
1989-08-10 00:00:00-04:00,2.696348088852903,2.784272483054628,2.696348088852903,2.7549643516540527,53600,0.0,0.0
1989-08-11 00:00:00-04:00,2.754964755131648,2.754964755131648,2.6377322123600884,2.6670403480529785,326800,0.0,0.0
1989-08-14 00:00:00-04:00,2.667040460565117,2.667040460565117,2.608424186706543,2.608424186706543,110000,0.0,0.0
1989-08-15 00:00:00-04:00,2.667039680480957,2.667039680480957,2.6377315521240234,2.6377315521240234,446800,0.0,0.0
1989-08-16 00:00:00-04:00,2.6670403480529785,2.696348483745868,2.6377322123600884,2.6670403480529785,338400,0.0,0.0
1989-08-17 00:00:00-04:00,2.667039680480957,2.667039680480957,2.6377315521240234,2.6377315521240234,37600,0.0,0.0
1989-08-18 00:00:00-04:00,2.667039680480957,2.667039680480957,2.6084234237670896,2.6377315521240234,258400,0.0,0.0
1989-08-21 00:00:00-04:00,2.63773232363583,2.667040460565117,2.579116049777256,2.608424186706543,589200,0.0,0.0
1989-08-22 00:00:00-04:00,2.6084234237670896,2.6377315521240234,2.579115295410156,2.6377315521240234,225200,0.0,0.0
1989-08-23 00:00:00-04:00,2.63773232363583,2.63773232363583,2.608424186706543,2.608424186706543,393200,0.0,0.0
1989-08-24 00:00:00-04:00,2.637731458829797,2.696347713470459,2.637731458829797,2.696347713470459,470000,0.0,0.0
1989-08-25 00:00:00-04:00,2.696348483745868,2.696348483745868,2.6377322123600884,2.6670403480529785,174000,0.0,0.0
1989-08-28 00:00:00-04:00,2.6377315521240234,2.667039680480957,2.6377315521240234,2.6377315521240234,86400,0.0,0.0
1989-08-29 00:00:00-04:00,2.6377315521240234,2.667039680480957,2.6377315521240234,2.6377315521240234,79600,0.0,0.0
1989-08-30 00:00:00-04:00,2.6670403480529785,2.696348483745868,2.6377322123600884,2.6670403480529785,107600,0.0,0.0
1989-08-31 00:00:00-04:00,2.667039680480957,2.667039680480957,2.6084234237670896,2.6377315521240234,113600,0.0,0.0
1989-09-01 00:00:00-04:00,2.6670403480529785,2.696348483745868,2.6377322123600884,2.6670403480529785,191600,0.0,0.0
1989-09-05 00:00:00-04:00,2.6670403480529785,2.696348483745868,2.6670403480529785,2.6670403480529785,92400,0.0,0.0
1989-09-06 00:00:00-04:00,2.6670403480529785,2.6670403480529785,2.6377322123600884,2.6670403480529785,525200,0.0,0.0
1989-09-07 00:00:00-04:00,2.667039586150128,2.696347713470459,2.667039586150128,2.696347713470459,344800,0.0,0.0
1989-09-08 00:00:00-04:00,2.667040365620663,2.9015054527081943,2.667040365620663,2.7842729091644287,1500000,0.0,0.0
1989-09-11 00:00:00-04:00,2.7842727485968144,2.9015052853798378,2.7842727485968144,2.872197151184082,1636000,0.0,0.0
1989-09-12 00:00:00-04:00,2.901504426899523,2.960120677947998,2.901504426899523,2.960120677947998,836000,0.0,0.0
1989-09-13 00:00:00-04:00,2.960121012697316,2.960121012697316,2.9015047550201416,2.9015047550201416,659200,0.0,0.0
1989-09-14 00:00:00-04:00,2.9015051499009132,2.930813282728195,2.8135807514190674,2.8135807514190674,388000,0.0,0.0
1989-09-15 00:00:00-04:00,2.8135806144552027,2.8135806144552027,2.7549643516540527,2.7549643516540527,116400,0.0,0.0
1989-09-18 00:00:00-04:00,2.7549644857645035,2.8135807514190674,2.7549644857645035,2.8135807514190674,74400,0.0,0.0
1989-09-19 00:00:00-04:00,2.7842723340103306,2.8721967235053936,2.7842723340103306,2.842888593673706,225600,0.0,0.0
1989-09-20 00:00:00-04:00,2.8721973168222528,2.8721973168222528,2.7842729091644287,2.7842729091644287,59600,0.0,0.0
1989-09-21 00:00:00-04:00,2.8135807514190674,2.8721970170736313,2.8135807514190674,2.8135807514190674,176800,0.0,0.0
1989-09-22 00:00:00-04:00,2.7842726185917854,2.8428888842463493,2.7842726185917854,2.8135807514190674,78000,0.0,0.0
1989-09-25 00:00:00-04:00,2.8135807514190674,2.8135807514190674,2.7549644857645035,2.8135807514190674,47600,0.0,0.0
1989-09-26 00:00:00-04:00,2.7549642041786426,2.8721967235053936,2.7549642041786426,2.842888593673706,416000,0.0,0.0
1989-09-27 00:00:00-04:00,2.842888497342967,2.9894291415359033,2.842888497342967,2.9015047550201416,536000,0.0,0.0
1989-09-28 00:00:00-04:00,2.960121445655823,2.960121445655823,2.8721970462799074,2.9308133125305176,104800,0.0,0.0
1989-09-29 00:00:00-04:00,2.9308125524237605,2.960120677947998,2.842888175851048,2.960120677947998,458000,0.0,0.0
1989-10-02 00:00:00-04:00,2.930812983168769,2.930812983168769,2.842888593673706,2.842888593673706,323600,0.0,0.0
1989-10-03 00:00:00-04:00,2.8721967235053936,2.8721967235053936,2.7842723340103306,2.842888593673706,317200,0.0,0.0
1989-10-04 00:00:00-04:00,2.842889016988326,2.930813419575594,2.842889016988326,2.872197151184082,229200,0.0,0.0
1989-10-05 00:00:00-04:00,2.81358036850438,2.930812883858729,2.81358036850438,2.9015047550201416,207600,0.0,0.0
1989-10-06 00:00:00-04:00,2.960121422722226,3.1359702201116653,2.9015051569257464,3.0773539543151855,1084000,0.0,0.0
1989-10-09 00:00:00-04:00,3.0773544884645023,3.0773544884645023,2.9894300745083737,3.048046350479126,102400,0.0,0.0
1989-10-10 00:00:00-04:00,3.077353574697254,3.135969833262916,2.989429186848761,3.018737316131592,742400,0.0,0.0
1989-10-11 00:00:00-04:00,3.018737711906433,3.018737711906433,2.9015051794052122,2.9308133125305176,432000,0.0,0.0
1989-10-12 00:00:00-04:00,2.9015047550201416,2.9015047550201416,2.8721966261815544,2.9015047550201416,111600,0.0,0.0
1989-10-13 00:00:00-04:00,2.872196679474205,2.872196679474205,2.725656032562256,2.725656032562256,361600,0.0,0.0
1989-10-16 00:00:00-04:00,2.6670403480529785,2.7842728908245378,2.6377322123600884,2.6670403480529785,732000,0.0,0.0
1989-10-17 00:00:00-04:00,2.667040365620663,2.7842729091644287,2.667040365620663,2.7842729091644287,684800,0.0,0.0
1989-10-18 00:00:00-04:00,2.7549643516540527,2.7549643516540527,2.7256562202534775,2.7549643516540527,24800,0.0,0.0
1989-10-19 00:00:00-04:00,2.754964161944646,2.754964161944646,2.696347903179866,2.725656032562256,47600,0.0,0.0
1989-10-20 00:00:00-04:00,2.696347713470459,2.696347713470459,2.667039586150128,2.696347713470459,96400,0.0,0.0
1989-10-23 00:00:00-04:00,2.667039586150128,2.754963968111121,2.667039586150128,2.696347713470459,202000,0.0,0.0
1989-10-24 00:00:00-04:00,2.696348483745868,2.7256566194387584,2.6377322123600884,2.6670403480529785,171600,0.0,0.0
1989-10-25 00:00:00-04:00,2.667039680480957,2.667039680480957,2.6377315521240234,2.6377315521240234,202000,0.0,0.0
1989-10-26 00:00:00-04:00,2.6084240579057014,2.6377321933877877,2.5498077869415283,2.5498077869415283,406400,0.0,0.0
1989-10-27 00:00:00-04:00,2.520499137510736,2.520499137510736,2.3739584899810424,2.43257474899292,467200,0.0,0.0
1989-10-30 00:00:00-05:00,2.4325750397472845,2.4911913057652915,2.4032669067382812,2.4032669067382812,104000,0.0,0.0
1989-10-31 00:00:00-05:00,2.4618830175960764,2.5204992799197927,2.4325748864342183,2.4911911487579346,1395200,0.0,0.0
1989-11-01 00:00:00-05:00,2.5204994678497314,2.5498076011968216,2.4618832011555516,2.5204994678497314,135600,0.0,0.0
1989-11-02 00:00:00-05:00,2.520499137510736,2.520499137510736,2.43257474899292,2.43257474899292,76000,0.0,0.0
1989-11-03 00:00:00-05:00,2.4325749363218034,2.461883068084717,2.4325749363218034,2.461883068084717,67600,0.0,0.0
1989-11-06 00:00:00-05:00,2.43257474899292,2.4618828784988587,2.403266619486981,2.43257474899292,213200,0.0,0.0
1989-11-07 00:00:00-05:00,2.43257474899292,2.43257474899292,2.403266619486981,2.43257474899292,130400,0.0,0.0
1989-11-08 00:00:00-05:00,2.43257474899292,2.4618828784988587,2.43257474899292,2.43257474899292,250000,0.0,0.0
1989-11-09 00:00:00-05:00,2.403266619486981,2.4618828784988587,2.403266619486981,2.43257474899292,201600,0.0,0.0
1989-11-10 00:00:00-05:00,2.4325749363218034,2.461883068084717,2.40326680455889,2.461883068084717,66000,0.0,0.0
1989-11-13 00:00:00-05:00,2.4325749363218034,2.461883068084717,2.40326680455889,2.461883068084717,68800,0.0,0.0
1989-11-14 00:00:00-05:00,2.4618828784988587,2.4911910080047974,2.403266619486981,2.43257474899292,1072400,0.0,0.0
1989-11-15 00:00:00-05:00,2.4325750397472845,2.4325750397472845,2.4032669067382812,2.4032669067382812,66400,0.0,0.0
1989-11-16 00:00:00-05:00,2.4032669067382812,2.4325750397472845,2.373958773729278,2.4032669067382812,1272000,0.0,0.0
1989-11-17 00:00:00-05:00,2.4032669067382812,2.4325750397472845,2.4032669067382812,2.4032669067382812,122800,0.0,0.0
1989-11-20 00:00:00-05:00,2.4032669067382812,2.4032669067382812,2.373958773729278,2.4032669067382812,310800,0.0,0.0
1989-11-21 00:00:00-05:00,2.4032662356341326,2.432574360458939,2.373958110809326,2.373958110809326,287600,0.0,0.0
1989-11-22 00:00:00-05:00,2.40326680455889,2.49119119984763,2.40326680455889,2.461883068084717,136000,0.0,0.0
1989-11-24 00:00:00-05:00,2.43257474899292,2.4911910080047974,2.43257474899292,2.43257474899292,74400,0.0,0.0
1989-11-27 00:00:00-05:00,2.461883068084717,2.49119119984763,2.4325749363218034,2.461883068084717,165200,0.0,0.0
1989-11-28 00:00:00-05:00,2.4618832011555516,2.5498076011968216,2.4618832011555516,2.5204994678497314,252800,0.0,0.0
1989-11-29 00:00:00-05:00,2.49119119984763,2.549807463373457,2.461883068084717,2.461883068084717,128000,0.0,0.0
1989-11-30 00:00:00-05:00,2.461883068084717,2.49119119984763,2.461883068084717,2.461883068084717,116000,0.0,0.0
1989-12-01 00:00:00-05:00,2.4618832011555516,2.5498076011968216,2.4618832011555516,2.5204994678497314,150400,0.0,0.0
1989-12-04 00:00:00-05:00,2.49119119984763,2.49119119984763,2.461883068084717,2.461883068084717,108400,0.0,0.0
1989-12-05 00:00:00-05:00,2.461883172756288,2.461883172756288,2.4032669067382812,2.4032669067382812,577600,0.0,0.0
1989-12-06 00:00:00-05:00,2.403266619486981,2.4618828784988587,2.403266619486981,2.43257474899292,57200,0.0,0.0
1989-12-07 00:00:00-05:00,2.4032669067382812,2.461883172756288,2.4032669067382812,2.4032669067382812,89600,0.0,0.0
1989-12-08 00:00:00-05:00,2.4032669067382812,2.4325750397472845,2.4032669067382812,2.4032669067382812,118000,0.0,0.0
1989-12-11 00:00:00-05:00,2.373958110809326,2.4032662356341326,2.34464998598452,2.373958110809326,386800,0.0,0.0
1989-12-12 00:00:00-05:00,2.3446507997150663,2.3739589347115047,2.315342664718628,2.315342664718628,303200,0.0,0.0
1989-12-13 00:00:00-05:00,2.34464998598452,2.373958110809326,2.315341861159713,2.373958110809326,254000,0.0,0.0
1989-12-14 00:00:00-05:00,2.373958110809326,2.4032662356341326,2.315341861159713,2.373958110809326,523600,0.0,0.0
1989-12-15 00:00:00-05:00,2.373958773729278,2.4032669067382812,2.3446506407202743,2.4032669067382812,249200,0.0,0.0
1989-12-18 00:00:00-05:00,2.3739589347115047,2.403267069707943,2.315342664718628,2.315342664718628,306000,0.0,0.0
1989-12-19 00:00:00-05:00,2.3153426110744477,2.3739588797092437,2.3153426110744477,2.3446507453918457,649600,0.0,0.0
1989-12-20 00:00:00-05:00,2.3446506407202743,2.4032669067382812,2.3446506407202743,2.4032669067382812,222000,0.0,0.0
1989-12-21 00:00:00-05:00,2.4325750397472845,2.4325750397472845,2.373958773729278,2.4032669067382812,284800,0.0,0.0
1989-12-22 00:00:00-05:00,2.4325749363218034,2.461883068084717,2.4325749363218034,2.461883068084717,107200,0.0,0.0
1989-12-26 00:00:00-05:00,2.43257474899292,2.43257474899292,2.403266619486981,2.43257474899292,178800,0.0,0.0
1989-12-27 00:00:00-05:00,2.4618828784988587,2.4618828784988587,2.403266619486981,2.43257474899292,591600,0.0,0.0
1989-12-28 00:00:00-05:00,2.4325749363218034,2.49119119984763,2.4325749363218034,2.461883068084717,316800,0.0,0.0
1989-12-29 00:00:00-05:00,2.4618833281777124,2.579115867614746,2.4618833281777124,2.579115867614746,466000,0.0,0.0
1990-01-02 00:00:00-05:00,2.5498077869415283,2.5498077869415283,2.520499651459442,2.5498077869415283,165600,0.0,0.0
1990-01-03 00:00:00-05:00,2.520499651459442,2.6084240579057014,2.520499651459442,2.5498077869415283,270800,0.0,0.0
1990-01-04 00:00:00-05:00,2.579115867614746,2.608424002474005,2.5498077327554878,2.579115867614746,242000,0.0,0.0
1990-01-05 00:00:00-05:00,2.5204992799197927,2.5204992799197927,2.4911911487579346,2.4911911487579346,452800,0.0,0.0
1990-01-08 00:00:00-05:00,2.4618832011555516,2.5204994678497314,2.4618832011555516,2.5204994678497314,98000,0.0,0.0
1990-01-09 00:00:00-05:00,2.5204993316105435,2.5204993316105435,2.4325749363218034,2.461883068084717,102800,0.0,0.0
1990-01-10 00:00:00-05:00,2.461883172756288,2.461883172756288,2.373958773729278,2.4032669067382812,23600,0.0,0.0
1990-01-11 00:00:00-05:00,2.3739584899810424,2.43257474899292,2.3446503604751037,2.43257474899292,112000,0.0,0.0
1990-01-12 00:00:00-05:00,2.34464998598452,2.373958110809326,2.34464998598452,2.373958110809326,171600,0.0,0.0
1990-01-15 00:00:00-05:00,2.3446507453918457,2.3739588797092437,2.3153426110744477,2.3446507453918457,115600,0.0,0.0
1990-01-16 00:00:00-05:00,2.34464998598452,2.432574360458939,2.34464998598452,2.373958110809326,198800,0.0,0.0
1990-01-17 00:00:00-05:00,2.373958773729278,2.461883172756288,2.3446506407202743,2.4032669067382812,751200,0.0,0.0
1990-01-18 00:00:00-05:00,2.34464998598452,2.373958110809326,2.34464998598452,2.373958110809326,304000,0.0,0.0
1990-01-19 00:00:00-05:00,2.3446507453918457,2.3739588797092437,2.3446507453918457,2.3446507453918457,132800,0.0,0.0
1990-01-22 00:00:00-05:00,2.3446503201046505,2.3446503201046505,2.1688015460968018,2.1688015460968018,460000,0.0,0.0
1990-01-23 00:00:00-05:00,2.198110050276706,2.2274181842803955,2.1688019162730168,2.2274181842803955,468000,0.0,0.0
1990-01-24 00:00:00-05:00,2.227417804099418,2.227417804099418,2.1394934170954936,2.1688015460968018,467200,0.0,0.0
1990-01-25 00:00:00-05:00,2.227417804099418,2.227417804099418,2.1688015460968018,2.1688015460968018,438400,0.0,0.0
1990-01-26 00:00:00-05:00,2.1688016972071686,2.1688016972071686,2.0515691730338084,2.0808773040771484,1368000,0.0,0.0
1990-01-29 00:00:00-05:00,2.1101857321602955,2.1101857321602955,2.0515694618225098,2.0515694618225098,341200,0.0,0.0
1990-01-30 00:00:00-05:00,2.0808772060969103,2.139493465423584,2.0808772060969103,2.139493465423584,808800,0.0,0.0
1990-01-31 00:00:00-05:00,2.1101858615875244,2.1394939985540176,2.1101858615875244,2.1101858615875244,199600,0.0,0.0
1990-02-01 00:00:00-05:00,2.1101854351204885,2.1101854351204885,2.0808773040771484,2.0808773040771484,29200,0.0,0.0
1990-02-02 00:00:00-05:00,2.022261450688044,2.1101858615875244,2.022261450688044,2.1101858615875244,513200,0.0,0.0
1990-02-05 00:00:00-05:00,2.1101858615875244,2.1394939985540176,2.080877724621031,2.1101858615875244,286800,0.0,0.0
1990-02-06 00:00:00-05:00,2.1101858615875244,2.1394939985540176,2.1101858615875244,2.1101858615875244,426800,0.0,0.0
1990-02-07 00:00:00-05:00,2.0808772060969103,2.1981097247502577,2.0808772060969103,2.139493465423584,408800,0.0,0.0
1990-02-08 00:00:00-05:00,2.1688015460968018,2.19810967509811,2.1394934170954936,2.1688015460968018,129200,0.0,0.0
1990-02-09 00:00:00-05:00,2.1688015460968018,2.19810967509811,2.1688015460968018,2.1688015460968018,16000,0.0,0.0
1990-02-12 00:00:00-05:00,2.19810967509811,2.19810967509811,2.1688015460968018,2.1688015460968018,138400,0.0,0.0
1990-02-13 00:00:00-05:00,2.1394934170954936,2.1688015460968018,2.1101852880941854,2.1688015460968018,40800,0.0,0.0
1990-02-14 00:00:00-05:00,2.139493465423584,2.168801595086921,2.0808772060969103,2.139493465423584,56000,0.0,0.0
1990-02-15 00:00:00-05:00,2.0808773040771484,2.1101854351204885,2.0808773040771484,2.0808773040771484,60000,0.0,0.0
1990-02-16 00:00:00-05:00,2.0808775969914026,2.1101857321602955,2.0515694618225098,2.0515694618225098,675600,0.0,0.0
1990-02-20 00:00:00-05:00,2.051570000855819,2.051570000855819,2.02226185798645,2.02226185798645,256400,0.0,0.0
1990-02-21 00:00:00-05:00,1.9929537151170813,2.02226185798645,1.9929537151170813,2.02226185798645,368000,0.0,0.0
1990-02-22 00:00:00-05:00,1.9929537151170813,2.051570000855819,1.9929537151170813,2.02226185798645,139200,0.0,0.0
1990-02-23 00:00:00-05:00,1.9929537151170813,2.02226185798645,1.9929537151170813,2.02226185798645,25200,0.0,0.0
1990-02-26 00:00:00-05:00,1.9636455722477124,2.051570000855819,1.9636455722477124,2.02226185798645,110000,0.0,0.0
1990-02-27 00:00:00-05:00,1.992952910947128,2.0808773040771484,1.992952910947128,2.0808773040771484,55200,0.0,0.0
1990-02-28 00:00:00-05:00,2.0515691730338084,2.1394935661638286,2.0515691730338084,2.0808773040771484,371600,0.0,0.0
1990-03-01 00:00:00-05:00,2.0808772060969103,2.139493465423584,2.0808772060969103,2.139493465423584,110400,0.0,0.0
1990-03-02 00:00:00-05:00,2.1394939985540176,2.1394939985540176,2.1101858615875244,2.1101858615875244,66800,0.0,0.0
1990-03-05 00:00:00-05:00,2.110185335760247,2.168801595086921,2.110185335760247,2.139493465423584,53600,0.0,0.0
1990-03-06 00:00:00-05:00,2.1394933700561523,2.1981096267700195,2.1394933700561523,2.1981096267700195,990400,0.0,0.0
1990-03-07 00:00:00-05:00,2.1688015460968018,2.2567259331007263,2.1688015460968018,2.1688015460968018,230800,0.0,0.0
1990-03-08 00:00:00-05:00,2.1688014984130857,2.1981096267700195,2.1688014984130857,2.1981096267700195,65600,0.0,0.0
1990-03-09 00:00:00-05:00,2.1981096267700195,2.227417755126953,2.1688014984130857,2.1981096267700195,50800,0.0,0.0
1990-03-12 00:00:00-05:00,2.256725883483887,2.256725883483887,2.1981096267700195,2.1981096267700195,228800,0.0,0.0
1990-03-13 00:00:00-05:00,2.227417755126953,2.227417755126953,2.1688014984130857,2.1981096267700195,125600,0.0,0.0
1990-03-14 00:00:00-05:00,2.2274183126596303,2.28603458404541,2.1981101769667406,2.28603458404541,150400,0.0,0.0
1990-03-15 00:00:00-05:00,2.256726318284085,2.256726318284085,2.2274181842803955,2.2274181842803955,10400,0.0,0.0
1990-03-16 00:00:00-05:00,2.256726394725751,2.3739589347115047,2.227418259729313,2.315342664718628,370000,0.0,0.0
1990-03-19 00:00:00-05:00,2.2567256115101,2.373958110809326,2.2567256115101,2.373958110809326,321600,0.0,0.0
1990-03-20 00:00:00-05:00,2.373958110809326,2.4032662356341326,2.34464998598452,2.373958110809326,197600,0.0,0.0
1990-03-21 00:00:00-05:00,2.315342664718628,2.3739589347115047,2.315342664718628,2.315342664718628,12000,0.0,0.0
1990-03-22 00:00:00-05:00,2.3153427197383,2.3153427197383,2.25672644835252,2.28603458404541,31600,0.0,0.0
1990-03-23 00:00:00-05:00,2.256726318284085,2.256726318284085,2.2274181842803955,2.2274181842803955,68800,0.0,0.0
1990-03-26 00:00:00-05:00,2.2274178963202935,2.256726026535034,2.2274178963202935,2.256726026535034,49600,0.0,0.0
1990-03-27 00:00:00-05:00,2.28603458404541,2.28603458404541,2.25672644835252,2.28603458404541,95600,0.0,0.0
1990-03-28 00:00:00-05:00,2.2860345297221896,2.315342664718628,2.2860345297221896,2.315342664718628,111200,0.0,0.0
1990-03-29 00:00:00-05:00,2.2860344767570497,2.3446507453918457,2.2860344767570497,2.3446507453918457,32000,0.0,0.0
1990-03-30 00:00:00-05:00,2.286034277507237,2.461883068084717,2.286034277507237,2.461883068084717,125600,0.0,0.0
1990-04-02 00:00:00-04:00,2.3153427197383,2.3153427197383,2.25672644835252,2.28603458404541,48000,0.0,0.0
1990-04-03 00:00:00-04:00,2.256726318284085,2.256726318284085,2.2274181842803955,2.2274181842803955,270800,0.0,0.0
1990-04-04 00:00:00-04:00,2.1981096267700195,2.1981096267700195,2.1394933700561523,2.1981096267700195,79600,0.0,0.0
1990-04-05 00:00:00-04:00,2.1688014984130857,2.227417755126953,2.1688014984130857,2.1981096267700195,19200,0.0,0.0
1990-04-06 00:00:00-04:00,2.198110050276706,2.256726318284085,2.198110050276706,2.2274181842803955,64000,0.0,0.0
1990-04-09 00:00:00-04:00,2.227417755126953,2.227417755126953,2.1981096267700195,2.1981096267700195,118000,0.0,0.0
1990-04-10 00:00:00-04:00,2.1981096267700195,2.227417755126953,2.1688014984130857,2.1981096267700195,117200,0.0,0.0
1990-04-11 00:00:00-04:00,2.19810967509811,2.19810967509811,2.1688015460968018,2.1688015460968018,111600,0.0,0.0
1990-04-12 00:00:00-04:00,2.1688014984130857,2.1981096267700195,2.1688014984130857,2.1981096267700195,44000,0.0,0.0
1990-04-16 00:00:00-04:00,2.227417804099418,2.227417804099418,2.1394934170954936,2.1688015460968018,199200,0.0,0.0
1990-04-17 00:00:00-04:00,2.1101858615875244,2.1394939985540176,2.1101858615875244,2.1101858615875244,65600,0.0,0.0
1990-04-18 00:00:00-04:00,2.110185335760247,2.139493465423584,2.110185335760247,2.139493465423584,42800,0.0,0.0
1990-04-19 00:00:00-04:00,2.110185335760247,2.139493465423584,2.110185335760247,2.139493465423584,38800,0.0,0.0
1990-04-20 00:00:00-04:00,2.1394933700561523,2.227417755126953,2.110185241699219,2.1981096267700195,74000,0.0,0.0
1990-04-23 00:00:00-04:00,2.1688014984130857,2.227417755126953,2.1394933700561523,2.1981096267700195,505600,0.0,0.0
1990-04-24 00:00:00-04:00,2.227417755126953,2.227417755126953,2.1688014984130857,2.1981096267700195,249200,0.0,0.0
1990-04-25 00:00:00-04:00,2.2274181842803955,2.2860344522877742,2.2274181842803955,2.2274181842803955,795600,0.0,0.0
1990-04-26 00:00:00-04:00,2.227418409453498,2.2567265464199915,2.1101858615875244,2.1101858615875244,348400,0.0,0.0
1990-04-27 00:00:00-04:00,2.0515691730338084,2.0808773040771484,2.0515691730338084,2.0808773040771484,108800,0.0,0.0
1990-04-30 00:00:00-04:00,2.0808773040771484,2.0808773040771484,2.0515691730338084,2.0808773040771484,63600,0.0,0.0
1990-05-01 00:00:00-04:00,2.0515691730338084,2.0808773040771484,2.0222610419904683,2.0808773040771484,180400,0.0,0.0
1990-05-02 00:00:00-04:00,2.022260946770237,2.139493465423584,2.022260946770237,2.139493465423584,496400,0.0,0.0
1990-05-03 00:00:00-04:00,2.1688016972071686,2.1688016972071686,2.0808773040771484,2.0808773040771484,48000,0.0,0.0
1990-05-04 00:00:00-04:00,2.0808775969914026,2.1101857321602955,2.0515694618225098,2.0515694618225098,11200,0.0,0.0
1990-05-07 00:00:00-04:00,2.0808773040771484,2.1101854351204885,2.0808773040771484,2.0808773040771484,147200,0.0,0.0
1990-05-08 00:00:00-04:00,2.0515691730338084,2.0808773040771484,2.0515691730338084,2.0808773040771484,19600,0.0,0.0
1990-05-09 00:00:00-04:00,2.1101862865945566,2.1101862865945566,2.02226185798645,2.02226185798645,146000,0.0,0.0
1990-05-10 00:00:00-04:00,2.0515691730338084,2.1101854351204885,2.0222610419904683,2.0808773040771484,94000,0.0,0.0
1990-05-11 00:00:00-04:00,2.1101854351204885,2.1394935661638286,2.0515691730338084,2.0808773040771484,123200,0.0,0.0
1990-05-14 00:00:00-04:00,2.080877724621031,2.1394939985540176,2.0515695876545377,2.1101858615875244,449200,0.0,0.0
1990-05-15 00:00:00-04:00,2.1101852880941854,2.1688015460968018,2.1101852880941854,2.1688015460968018,75200,0.0,0.0
1990-05-16 00:00:00-04:00,2.1394934170954936,2.227417804099418,2.1394934170954936,2.1688015460968018,286800,0.0,0.0
1990-05-17 00:00:00-04:00,2.1981096267700195,2.227417755126953,2.1394933700561523,2.1981096267700195,51600,0.0,0.0
1990-05-18 00:00:00-04:00,2.1688019162730168,2.256726318284085,2.1688019162730168,2.2274181842803955,644400,0.0,0.0
1990-05-21 00:00:00-04:00,2.227418259729313,2.315342664718628,2.227418259729313,2.315342664718628,366800,0.0,0.0
1990-05-22 00:00:00-04:00,2.3446507453918457,2.491191416978836,2.3446507453918457,2.3446507453918457,1244800,0.0,0.0
1990-05-23 00:00:00-04:00,2.34464998598452,2.4032662356341326,2.34464998598452,2.373958110809326,236000,0.0,0.0
1990-05-24 00:00:00-04:00,2.4032669067382812,2.4325750397472845,2.373958773729278,2.4032669067382812,279200,0.0,0.0
1990-05-25 00:00:00-04:00,2.373958773729278,2.4032669067382812,2.373958773729278,2.4032669067382812,214000,0.0,0.0
1990-05-29 00:00:00-04:00,2.373958110809326,2.373958110809326,2.34464998598452,2.373958110809326,31600,0.0,0.0
1990-05-30 00:00:00-04:00,2.3739588797092437,2.403267014026642,2.3446507453918457,2.3446507453918457,127200,0.0,0.0
1990-05-31 00:00:00-04:00,2.34464998598452,2.4032662356341326,2.34464998598452,2.373958110809326,101200,0.0,0.0
1990-06-01 00:00:00-04:00,2.3446507453918457,2.403267014026642,2.3446507453918457,2.3446507453918457,295200,0.0,0.0
1990-06-04 00:00:00-04:00,2.3446507453918457,2.3739588797092437,2.3153426110744477,2.3446507453918457,219200,0.0,0.0
1990-06-05 00:00:00-04:00,2.3446507997150663,2.3446507997150663,2.315342664718628,2.315342664718628,156400,0.0,0.0
1990-06-06 00:00:00-04:00,2.3446507453918457,2.3446507453918457,2.2860344767570497,2.3446507453918457,169600,0.0,0.0
1990-06-07 00:00:00-04:00,2.3446507997150663,2.3739589347115047,2.315342664718628,2.315342664718628,198400,0.0,0.0
1990-06-08 00:00:00-04:00,2.315342664718628,2.3446507997150663,2.315342664718628,2.315342664718628,144000,0.0,0.0
1990-06-11 00:00:00-04:00,2.34465085543119,2.3739589911240797,2.28603458404541,2.28603458404541,71200,0.0,0.0
1990-06-12 00:00:00-04:00,2.28603458404541,2.3153427197383,2.28603458404541,2.28603458404541,31200,0.0,0.0
1990-06-13 00:00:00-04:00,2.315342664718628,2.3446507997150663,2.2860345297221896,2.315342664718628,221600,0.0,0.0
1990-06-14 00:00:00-04:00,2.315342664718628,2.3446507997150663,2.315342664718628,2.315342664718628,14800,0.0,0.0
1990-06-15 00:00:00-04:00,2.315341861159713,2.373958110809326,2.315341861159713,2.373958110809326,224400,0.0,0.0
1990-06-18 00:00:00-04:00,2.3739588797092437,2.3739588797092437,2.3153426110744477,2.3446507453918457,185200,0.0,0.0
1990-06-19 00:00:00-04:00,2.3153426110744477,2.3446507453918457,2.3153426110744477,2.3446507453918457,154800,0.0,0.0
1990-06-20 00:00:00-04:00,2.3153422869645155,2.3153422869645155,2.256726026535034,2.256726026535034,270800,0.0,0.0
1990-06-21 00:00:00-04:00,2.2274181842803955,2.256726318284085,2.2274181842803955,2.2274181842803955,180800,0.0,0.0
1990-06-22 00:00:00-04:00,2.2274178963202935,2.286034156749775,2.2274178963202935,2.256726026535034,73200,0.0,0.0
1990-06-25 00:00:00-04:00,2.227417755126953,2.256725883483887,2.1981096267700195,2.1981096267700195,334400,0.0,0.0
1990-06-26 00:00:00-04:00,2.2274178963202935,2.286034156749775,2.2274178963202935,2.256726026535034,125200,0.0,0.0
1990-06-27 00:00:00-04:00,2.256726026535034,2.286034156749775,2.198109766105553,2.256726026535034,20400,0.0,0.0
1990-06-28 00:00:00-04:00,2.25672644835252,2.28603458404541,2.25672644835252,2.28603458404541,137600,0.0,0.0
1990-06-29 00:00:00-04:00,2.2567256115101,2.373958110809326,2.227417486685294,2.373958110809326,339600,0.0,0.0
1990-07-02 00:00:00-04:00,2.3739588797092437,2.3739588797092437,2.3446507453918457,2.3446507453918457,104400,0.0,0.0
1990-07-03 00:00:00-04:00,2.3446507453918457,2.3446507453918457,2.3153426110744477,2.3446507453918457,60000,0.0,0.0
1990-07-05 00:00:00-04:00,2.3153427197383,2.3153427197383,2.28603458404541,2.28603458404541,65200,0.0,0.0
1990-07-06 00:00:00-04:00,2.28603458404541,2.28603458404541,2.28603458404541,2.28603458404541,42000,0.0,0.0
1990-07-09 00:00:00-04:00,2.2860344522877742,2.2860344522877742,2.198110050276706,2.2274181842803955,214000,0.0,0.0
1990-07-10 00:00:00-04:00,2.198109766105553,2.256726026535034,2.198109766105553,2.256726026535034,24400,0.0,0.0
1990-07-11 00:00:00-04:00,2.2274183126596303,2.28603458404541,2.2274183126596303,2.28603458404541,31600,0.0,0.0
1990-07-12 00:00:00-04:00,2.256725883483887,2.256725883483887,2.1981096267700195,2.1981096267700195,88800,0.0,0.0
1990-07-13 00:00:00-04:00,2.2274181842803955,2.2274181842803955,2.198110050276706,2.2274181842803955,296400,0.0,0.0
1990-07-16 00:00:00-04:00,2.1688015460968018,2.227417804099418,2.1101852880941854,2.1688015460968018,273600,0.0,0.0
1990-07-17 00:00:00-04:00,2.1101862865945566,2.1101862865945566,2.02226185798645,2.02226185798645,237600,0.0,0.0
1990-07-18 00:00:00-04:00,2.022261326653617,2.0808775969914026,2.022261326653617,2.0515694618225098,102400,0.0,0.0
1990-07-19 00:00:00-04:00,2.080877724621031,2.1101858615875244,2.080877724621031,2.1101858615875244,62000,0.0,0.0
1990-07-20 00:00:00-04:00,2.0808773040771484,2.0808773040771484,2.0808773040771484,2.0808773040771484,51200,0.0,0.0
1990-07-23 00:00:00-04:00,2.080878143725188,2.080878143725188,2.02226185798645,2.02226185798645,142400,0.0,0.0
1990-07-24 00:00:00-04:00,1.9929527044296265,2.0222608324359443,1.9929527044296265,1.9929527044296265,294800,0.0,0.0
1990-07-25 00:00:00-04:00,1.9929537151170813,2.02226185798645,1.9929537151170813,2.02226185798645,28800,0.0,0.0
1990-07-26 00:00:00-04:00,1.9929527044296265,2.0222608324359443,1.9343364484169903,1.9929527044296265,464000,0.0,0.0
1990-07-27 00:00:00-04:00,1.9929537151170813,2.02226185798645,1.9636455722477124,2.02226185798645,163200,0.0,0.0
1990-07-30 00:00:00-04:00,2.02226185798645,2.02226185798645,1.9929537151170813,2.02226185798645,356800,0.0,0.0
1990-07-31 00:00:00-04:00,2.022261326653617,2.0515694618225098,2.022261326653617,2.0515694618225098,18400,0.0,0.0
1990-08-01 00:00:00-04:00,2.0515689604422627,2.0515689604422627,1.9929527044296265,1.9929527044296265,48800,0.0,0.0
1990-08-02 00:00:00-04:00,1.9929527044296265,1.9929527044296265,1.9929527044296265,1.9929527044296265,18400,0.0,0.0
1990-08-03 00:00:00-04:00,1.9929532271165113,1.9929532271165113,1.8757206843449519,1.9050288200378418,448000,0.0,0.0
1990-08-06 00:00:00-04:00,1.8464124065930727,1.8464124065930727,1.7584880062791168,1.787796139717102,156800,0.0,0.0
1990-08-07 00:00:00-04:00,1.8171038627624512,1.8464119895812003,1.7877957359437018,1.8171038627624512,36400,0.0,0.0
1990-08-08 00:00:00-04:00,1.8171041198074818,1.8757203817367554,1.8171041198074818,1.8757203817367554,84400,0.0,0.0
1990-08-09 00:00:00-04:00,1.8464124065930727,1.8464124065930727,1.7584880062791168,1.787796139717102,692000,0.0,0.0
1990-08-10 00:00:00-04:00,1.7584880062791168,1.787796139717102,1.7584880062791168,1.787796139717102,22400,0.0,0.0
1990-08-13 00:00:00-04:00,1.7584880062791168,1.787796139717102,1.7291798728411316,1.787796139717102,81600,0.0,0.0
1990-08-14 00:00:00-04:00,1.787796139717102,1.8171042731550873,1.7291798728411316,1.787796139717102,44800,0.0,0.0
1990-08-15 00:00:00-04:00,1.7877961933612825,1.7877961933612825,1.7584880590438843,1.7584880590438843,16800,0.0,0.0
1990-08-16 00:00:00-04:00,1.8171042731550873,1.8171042731550873,1.787796139717102,1.787796139717102,345600,0.0,0.0
1990-08-17 00:00:00-04:00,1.758487386218572,1.758487386218572,1.6998711400112863,1.7291792631149292,35200,0.0,0.0
1990-08-20 00:00:00-04:00,1.7584877265127081,1.7584877265127081,1.6705633401870728,1.6705633401870728,152000,0.0,0.0
1990-08-21 00:00:00-04:00,1.6412551879882813,1.6705633163452147,1.6119470596313477,1.6119470596313477,161600,0.0,0.0
1990-08-22 00:00:00-04:00,1.5826390981674194,1.6705634925100539,1.5533309667198747,1.5826390981674194,178400,0.0,0.0
1990-08-23 00:00:00-04:00,1.5240229070186615,1.5240229070186615,1.3481741100549698,1.4067903757095337,761600,0.0,0.0
1990-08-24 00:00:00-04:00,1.4067903072276013,1.4067903072276013,1.3481740444264514,1.3774821758270264,160800,0.0,0.0
1990-08-27 00:00:00-04:00,1.4067903406479778,1.5240228690353093,1.4067903406479778,1.4947147369384766,130000,0.0,0.0
1990-08-28 00:00:00-04:00,1.494714789390564,1.5533310556411744,1.4360985231399537,1.4654066562652588,51200,0.0,0.0
1990-08-29 00:00:00-04:00,1.4067903900146486,1.4654066562652588,1.3774822568893432,1.4654066562652588,159600,0.0,0.0
1990-08-30 00:00:00-04:00,1.4654066562652588,1.4654066562652588,1.4360985231399537,1.4654066562652588,43600,0.0,0.0
1990-08-31 00:00:00-04:00,1.4654068992688107,1.524023175239563,1.4654068992688107,1.524023175239563,150800,0.0,0.0
1990-09-04 00:00:00-04:00,1.5240228690353093,1.5240228690353093,1.4947147369384766,1.4947147369384766,154400,0.0,0.0
1990-09-05 00:00:00-04:00,1.5240229225158692,1.5240229225158692,1.4654066562652588,1.4654066562652588,66800,0.0,0.0
1990-09-06 00:00:00-04:00,1.4947147369384766,1.5240228690353093,1.4654066048416436,1.4947147369384766,26800,0.0,0.0
1990-09-07 00:00:00-04:00,1.4654068992688107,1.5533313132249393,1.4654068992688107,1.524023175239563,78000,0.0,0.0
1990-09-10 00:00:00-04:00,1.524023175239563,1.5826394512103155,1.4947150372541869,1.524023175239563,65200,0.0,0.0
1990-09-11 00:00:00-04:00,1.494714789390564,1.5240229225158692,1.4654066562652588,1.4654066562652588,21200,0.0,0.0
1990-09-12 00:00:00-04:00,1.5240231190087659,1.5533312559127808,1.5240231190087659,1.5533312559127808,26400,0.0,0.0
1990-09-13 00:00:00-04:00,1.524023175239563,1.524023175239563,1.4947150372541869,1.524023175239563,8000,0.0,0.0
1990-09-14 00:00:00-04:00,1.5240228690353093,1.5240228690353093,1.4947147369384766,1.4947147369384766,41200,0.0,0.0
1990-09-17 00:00:00-04:00,1.465406709787797,1.465406709787797,1.436098575592041,1.436098575592041,34000,0.0,0.0
1990-09-18 00:00:00-04:00,1.4360984386281763,1.4360984386281763,1.3774821758270264,1.3774821758270264,124000,0.0,0.0
1990-09-19 00:00:00-04:00,1.4067903072276013,1.4067903072276013,1.3774821758270264,1.3774821758270264,249200,0.0,0.0
1990-09-20 00:00:00-04:00,1.3774823383851487,1.3774823383851487,1.289557933807373,1.289557933807373,327200,0.0,0.0
1990-09-21 00:00:00-04:00,1.3774822673132254,1.3774822673132254,1.2602497339248657,1.2602497339248657,1004400,0.0,0.0
1990-09-24 00:00:00-04:00,1.230941586378144,1.2602497193871476,1.2016334533691406,1.2016334533691406,91600,0.0,0.0
1990-09-25 00:00:00-04:00,1.201633507013321,1.201633507013321,1.1430172383785249,1.1723253726959229,1122800,0.0,0.0
1990-09-26 00:00:00-04:00,1.2016334941512659,1.2016334941512659,1.0844009581365084,1.1137090921401978,104400,0.0,0.0
1990-09-27 00:00:00-04:00,1.1430170310510173,1.1430170310510173,1.0550926440470927,1.0844007730484009,595600,0.0,0.0
1990-09-28 00:00:00-04:00,1.0550928354263307,1.1723253726959229,1.0257847011089325,1.1723253726959229,473200,0.0,0.0
1990-10-01 00:00:00-04:00,1.2016335634084847,1.2309416991013746,1.1137091563298152,1.143017292022705,372400,0.0,0.0
1990-10-02 00:00:00-04:00,1.143017292022705,1.172325427715595,1.1137091563298152,1.143017292022705,134400,0.0,0.0
1990-10-03 00:00:00-04:00,1.0844009581365084,1.1430172261438871,1.0844009581365084,1.1137090921401978,394800,0.0,0.0
1990-10-04 00:00:00-04:00,1.113708902049709,1.113708902049709,1.0844007730484009,1.0844007730484009,242000,0.0,0.0
1990-10-05 00:00:00-04:00,1.0550928660801477,1.0550928660801477,0.9964765957423618,1.0257847309112549,340000,0.0,0.0
1990-10-08 00:00:00-04:00,1.0844010677602556,1.113709204726749,1.0550929307937622,1.0550929307937622,254800,0.0,0.0
1990-10-09 00:00:00-04:00,1.0550926082274492,1.0550926082274492,0.9671682242084951,0.9964763522148132,123600,0.0,0.0
1990-10-10 00:00:00-04:00,0.9671682242084951,0.9964763522148132,0.9671682242084951,0.9964763522148132,62800,0.0,0.0
1990-10-11 00:00:00-04:00,0.9964761553388654,0.9964761553388654,0.9671680331230164,0.9671680331230164,235200,0.0,0.0
1990-10-12 00:00:00-04:00,0.9964763522148132,1.0257844802211313,0.9964763522148132,0.9964763522148132,48400,0.0,0.0
1990-10-15 00:00:00-04:00,0.9671681850187239,0.9671681850187239,0.9085519313812256,0.9085519313812256,605600,0.0,0.0
1990-10-16 00:00:00-04:00,0.9085520599037409,0.9378601908683777,0.9085520599037409,0.9378601908683777,550800,0.0,0.0
1990-10-17 00:00:00-04:00,0.9671683218330145,1.025784583762288,0.9378601908683777,0.9378601908683777,663600,0.0,0.0
1990-10-18 00:00:00-04:00,0.9671680331230164,1.0257842775547144,0.9378599109071674,0.9671680331230164,690800,0.0,0.0
1990-10-19 00:00:00-04:00,0.9964764527976513,0.9964764527976513,0.8792439289391041,0.9378601908683777,654000,0.0,0.0
1990-10-22 00:00:00-04:00,0.9378600581999748,0.9671681850187239,0.9085519313812256,0.9085519313812256,115600,0.0,0.0
1990-10-23 00:00:00-04:00,0.9378600962021771,1.0257844802211313,0.9378600962021771,0.9964763522148132,110400,0.0,0.0
1990-10-24 00:00:00-04:00,0.9964765957423618,1.0257847309112549,0.9964765957423618,1.0257847309112549,69600,0.0,0.0
1990-10-25 00:00:00-04:00,1.0257847938272688,1.0550929307937622,1.0257847938272688,1.0550929307937622,139600,0.0,0.0
1990-10-26 00:00:00-04:00,0.9964761553388654,1.0550923997705632,0.9378599109071674,0.9671680331230164,474000,0.0,0.0
1990-10-29 00:00:00-05:00,0.9671684605734688,1.0257847309112549,0.9671684605734688,1.0257847309112549,104000,0.0,0.0
1990-10-30 00:00:00-05:00,1.0257847309112549,1.0257847309112549,0.9671684605734688,1.0257847309112549,211200,0.0,0.0
1990-10-31 00:00:00-05:00,1.0257844802211313,1.0257844802211313,0.9964763522148132,0.9964763522148132,390000,0.0,0.0
1990-11-01 00:00:00-05:00,1.0257847938272688,1.0550929307937622,0.9964766568607754,1.0550929307937622,870400,0.0,0.0
1990-11-02 00:00:00-05:00,1.0550926440470927,1.113708902049709,1.0550926440470927,1.0844007730484009,46400,0.0,0.0
1990-11-05 00:00:00-05:00,1.1137091040611267,1.1723253726959229,1.0844009697437287,1.1723253726959229,905200,0.0,0.0
1990-11-06 00:00:00-05:00,1.1723253726959229,1.201633507013321,1.1430172383785249,1.1723253726959229,150400,0.0,0.0
1990-11-07 00:00:00-05:00,1.172325427715595,1.172325427715595,1.143017292022705,1.143017292022705,61600,0.0,0.0
1990-11-08 00:00:00-05:00,1.1723253726959229,1.1723253726959229,1.1137091040611267,1.1723253726959229,1378400,0.0,0.0
1990-11-09 00:00:00-05:00,1.1137090543421304,1.2016334533691406,1.1137090543421304,1.2016334533691406,97200,0.0,0.0
1990-11-12 00:00:00-05:00,1.1723253726959229,1.201633507013321,1.1723253726959229,1.1723253726959229,65200,0.0,0.0
1990-11-13 00:00:00-05:00,1.172325270516532,1.2309415340423584,1.172325270516532,1.2309415340423584,432000,0.0,0.0
1990-11-14 00:00:00-05:00,1.2309416005777758,1.2602497339248657,1.201633467230686,1.2602497339248657,144000,0.0,0.0
1990-11-15 00:00:00-05:00,1.3188660686666316,1.3481742035258901,1.289557933807373,1.289557933807373,139200,0.0,0.0
1990-11-16 00:00:00-05:00,1.289557933807373,1.3481742035258901,1.289557933807373,1.289557933807373,172800,0.0,0.0
1990-11-19 00:00:00-05:00,1.2895576020945674,1.3481738567352295,1.2895576020945674,1.3481738567352295,41200,0.0,0.0
1990-11-20 00:00:00-05:00,1.3774821758270264,1.3774821758270264,1.3481740444264514,1.3774821758270264,122400,0.0,0.0
1990-11-21 00:00:00-05:00,1.4360985231399537,1.5240229225158692,1.4360985231399537,1.4654066562652588,495200,0.0,0.0
1990-11-23 00:00:00-05:00,1.4654066048416436,1.5240228690353093,1.4654066048416436,1.4947147369384766,120800,0.0,0.0
1990-11-26 00:00:00-05:00,1.4947150372541869,1.524023175239563,1.4947150372541869,1.524023175239563,195200,0.0,0.0
1990-11-27 00:00:00-05:00,1.5240231190087659,1.5533312559127808,1.4947149821047512,1.5533312559127808,156000,0.0,0.0
1990-11-28 00:00:00-05:00,1.5533312559127808,1.6119475297208101,1.5533312559127808,1.5533312559127808,212400,0.0,0.0
1990-11-29 00:00:00-05:00,1.5533309667198747,1.6119472296149642,1.5533309667198747,1.5826390981674194,71600,0.0,0.0
1990-11-30 00:00:00-05:00,1.5826393928167954,1.5826393928167954,1.5533312559127808,1.5533312559127808,165600,0.0,0.0
1990-12-03 00:00:00-05:00,1.6119472296149642,1.6119472296149642,1.5533309667198747,1.5826390981674194,525600,0.0,0.0
1990-12-04 00:00:00-05:00,1.5240226745605467,1.6119470596313477,1.5240226745605467,1.6119470596313477,489200,0.0,0.0
1990-12-05 00:00:00-05:00,1.6119467707003576,1.7291792631149292,1.6119467707003576,1.7291792631149292,452000,0.0,0.0
1990-12-06 00:00:00-05:00,1.7877955093222149,1.8464117555295005,1.7291792631149292,1.7291792631149292,379200,0.0,0.0
1990-12-07 00:00:00-05:00,1.75848755343207,1.7877956793226046,1.699871301651001,1.699871301651001,131200,0.0,0.0
1990-12-10 00:00:00-05:00,1.7291797740118844,1.7291797740118844,1.6119472469602314,1.6412553787231445,109200,0.0,0.0
1990-12-11 00:00:00-05:00,1.641255727181068,1.641255727181068,1.524023175239563,1.524023175239563,99600,0.0,0.0
1990-12-12 00:00:00-05:00,1.5533308029174804,1.6412551879882813,1.5240226745605467,1.6119470596313477,136400,0.0,0.0
1990-12-13 00:00:00-05:00,1.6412553787231445,1.6998716422489712,1.6119472469602314,1.6412553787231445,97200,0.0,0.0
1990-12-14 00:00:00-05:00,1.641255211411861,1.6998714689622847,1.611947082636649,1.6705633401870728,134000,0.0,0.0
1990-12-17 00:00:00-05:00,1.6705638035288395,1.6705638035288395,1.5533312559127808,1.5533312559127808,180800,0.0,0.0
1990-12-18 00:00:00-05:00,1.5533308029174804,1.6412551879882813,1.5533308029174804,1.6119470596313477,608400,0.0,0.0
1990-12-19 00:00:00-05:00,1.6119472296149642,1.6119472296149642,1.5533309667198747,1.5826390981674194,64000,0.0,0.0
1990-12-20 00:00:00-05:00,1.5826389538614374,1.6998714689622847,1.5826389538614374,1.6705633401870728,314800,0.0,0.0
1990-12-21 00:00:00-05:00,1.6705631757604666,1.7291794275415355,1.6705631757604666,1.699871301651001,153200,0.0,0.0
1990-12-24 00:00:00-05:00,1.641255049869932,1.7291794275415355,1.641255049869932,1.699871301651001,68000,0.0,0.0
1990-12-26 00:00:00-05:00,1.670563510486058,1.6998716422489712,1.6412553787231445,1.6412553787231445,27200,0.0,0.0
1990-12-27 00:00:00-05:00,1.6412551879882813,1.6705633163452147,1.6119470596313477,1.6119470596313477,252400,0.0,0.0
1990-12-28 00:00:00-05:00,1.6119472296149642,1.6412553610625091,1.5533309667198747,1.5826390981674194,233600,0.0,0.0
1990-12-31 00:00:00-05:00,1.5533309834344047,1.6412553787231445,1.4360984563827515,1.6412553787231445,578000,0.0,0.0
1991-01-02 00:00:00-05:00,1.5533310011321422,1.582639133228975,1.4654066048416436,1.4947147369384766,180000,0.0,0.0
1991-01-03 00:00:00-05:00,1.4654068992688107,1.524023175239563,1.4360987612834344,1.524023175239563,121200,0.0,0.0
1991-01-04 00:00:00-05:00,1.5240228352723297,1.5826390981674194,1.494714703824785,1.5826390981674194,55200,0.0,0.0
1991-01-07 00:00:00-05:00,1.5826390981674194,1.6119472296149642,1.5533309667198747,1.5826390981674194,98000,0.0,0.0
1991-01-08 00:00:00-05:00,1.582639115197318,1.670563510486058,1.582639115197318,1.6412553787231445,325600,0.0,0.0
1991-01-09 00:00:00-05:00,1.6705634925100539,1.6705634925100539,1.5533309667198747,1.5826390981674194,85200,0.0,0.0
1991-01-10 00:00:00-05:00,1.5826393928167954,1.5826393928167954,1.5533312559127808,1.5533312559127808,64800,0.0,0.0
1991-01-11 00:00:00-05:00,1.5533312559127808,1.5826393928167954,1.5533312559127808,1.5533312559127808,156000,0.0,0.0
1991-01-14 00:00:00-05:00,1.4947147369384766,1.5240228690353093,1.4654066048416436,1.4947147369384766,151600,0.0,0.0
1991-01-15 00:00:00-05:00,1.4947149821047512,1.5533312559127808,1.4947149821047512,1.5533312559127808,125200,0.0,0.0
1991-01-16 00:00:00-05:00,1.5240231190087659,1.5533312559127808,1.5240231190087659,1.5533312559127808,68800,0.0,0.0
1991-01-17 00:00:00-05:00,1.5240228352723297,1.5826390981674194,1.5240228352723297,1.5826390981674194,129600,0.0,0.0
1991-01-18 00:00:00-05:00,1.5826393928167954,1.6119475297208101,1.5240231190087659,1.5533312559127808,538000,0.0,0.0
1991-01-21 00:00:00-05:00,1.5533312559127808,1.5826393928167954,1.5240231190087659,1.5533312559127808,57200,0.0,0.0
1991-01-22 00:00:00-05:00,1.6119472296149642,1.6119472296149642,1.5533309667198747,1.5826390981674194,154000,0.0,0.0
1991-01-23 00:00:00-05:00,1.5826389538614374,1.6705633401870728,1.5826389538614374,1.6705633401870728,354800,0.0,0.0
1991-01-24 00:00:00-05:00,1.699871751997206,1.8757205539279513,1.699871751997206,1.8464124202728271,592000,0.0,0.0
1991-01-25 00:00:00-05:00,1.9050280193784344,1.992952389503593,1.8757198960033816,1.96364426612854,354800,0.0,0.0
1991-01-28 00:00:00-05:00,1.9343361427534873,1.96364426612854,1.8757198960033816,1.96364426612854,130800,0.0,0.0
1991-01-29 00:00:00-05:00,1.9636445764233084,1.9929527044296265,1.9636445764233084,1.9929527044296265,126000,0.0,0.0
1991-01-30 00:00:00-05:00,2.0515691730338084,2.1101854351204885,1.992952910947128,2.0808773040771484,666400,0.0,0.0
1991-01-31 00:00:00-05:00,2.0515689604422627,2.0515689604422627,1.9050283204106724,1.9929527044296265,382000,0.0,0.0
1991-02-01 00:00:00-05:00,1.96364426612854,1.992952389503593,1.9343361427534873,1.96364426612854,659200,0.0,0.0
1991-02-04 00:00:00-05:00,2.0222612462545695,2.2274181842803955,2.0222612462545695,2.2274181842803955,387200,0.0,0.0
1991-02-05 00:00:00-05:00,2.40326675527236,2.5791155422435086,2.3739586241105024,2.4911911487579346,1855200,0.0,0.0
1991-02-06 00:00:00-05:00,2.4911913345026417,2.6084238678910014,2.432575067808462,2.5204994678497314,1172800,0.0,0.0
1991-02-07 00:00:00-05:00,2.4911913345026417,2.637732001238091,2.4618832011555516,2.5204994678497314,1522000,0.0,0.0
1991-02-08 00:00:00-05:00,2.4911913345026417,2.5498076011968216,2.4911913345026417,2.5204994678497314,328800,0.0,0.0
1991-02-11 00:00:00-05:00,2.4911914630369707,2.608424002474005,2.4911914630369707,2.579115867614746,294400,0.0,0.0
1991-02-12 00:00:00-05:00,2.5791158199310305,2.6084239542484284,2.3153426110744477,2.3446507453918457,312800,0.0,0.0
1991-02-13 00:00:00-05:00,2.373958773729278,2.4032669067382812,2.3446506407202743,2.4032669067382812,175600,0.0,0.0
1991-02-14 00:00:00-05:00,2.4325752047043814,2.4325752047043814,2.315342664718628,2.315342664718628,184400,0.0,0.0
1991-02-15 00:00:00-05:00,2.3739588797092437,2.403267014026642,2.3153426110744477,2.3446507453918457,147600,0.0,0.0
1991-02-19 00:00:00-05:00,2.3153422309691645,2.4618828784988587,2.3153422309691645,2.43257474899292,241600,0.0,0.0
1991-02-20 00:00:00-05:00,2.43257514834404,2.43257514834404,2.3446507453918457,2.3446507453918457,136400,0.0,0.0
1991-02-21 00:00:00-05:00,2.3446507453918457,2.3739588797092437,2.3153426110744477,2.3446507453918457,73200,0.0,0.0
1991-02-22 00:00:00-05:00,2.315342664718628,2.3446507997150663,2.2860345297221896,2.315342664718628,57600,0.0,0.0
1991-02-25 00:00:00-05:00,2.3446507997150663,2.3446507997150663,2.2860345297221896,2.315342664718628,77200,0.0,0.0
1991-02-26 00:00:00-05:00,2.2860345297221896,2.3446507997150663,2.2860345297221896,2.315342664718628,121200,0.0,0.0
1991-02-27 00:00:00-05:00,2.315342664718628,2.3446507997150663,2.315342664718628,2.315342664718628,104000,0.0,0.0
1991-02-28 00:00:00-05:00,2.3446507453918457,2.3446507453918457,2.2567263424396518,2.3446507453918457,527600,0.0,0.0
1991-03-01 00:00:00-05:00,2.2860341014632257,2.43257474899292,2.256725971957287,2.43257474899292,388800,0.0,0.0
1991-03-04 00:00:00-05:00,2.4325750397472845,2.461883172756288,2.4032669067382812,2.4032669067382812,143600,0.0,0.0
1991-03-05 00:00:00-05:00,2.4032662356341326,2.432574360458939,2.34464998598452,2.373958110809326,197600,0.0,0.0
1991-03-06 00:00:00-05:00,2.373958672795977,2.461883068084717,2.373958672795977,2.461883068084717,240000,0.0,0.0
1991-03-07 00:00:00-05:00,2.4911911487579346,2.5498074110816504,2.4618830175960764,2.4911911487579346,298800,0.0,0.0
1991-03-08 00:00:00-05:00,2.4911910080047974,2.4911910080047974,2.43257474899292,2.43257474899292,328400,0.0,0.0
1991-03-11 00:00:00-05:00,2.461883172756288,2.461883172756288,2.373958773729278,2.4032669067382812,308800,0.0,0.0
1991-03-12 00:00:00-05:00,2.403267014026642,2.43257514834404,2.3153426110744477,2.3446507453918457,91600,0.0,0.0
1991-03-13 00:00:00-05:00,2.3153426110744477,2.3446507453918457,2.2860344767570497,2.3446507453918457,58400,0.0,0.0
1991-03-14 00:00:00-05:00,2.315342664718628,2.3739589347115047,2.315342664718628,2.315342664718628,73600,0.0,0.0
1991-03-15 00:00:00-05:00,2.3153426110744477,2.3446507453918457,2.3153426110744477,2.3446507453918457,33200,0.0,0.0
1991-03-18 00:00:00-05:00,2.3153422869645155,2.344650417179256,2.198109766105553,2.256726026535034,136800,0.0,0.0
1991-03-19 00:00:00-05:00,2.227417755126953,2.227417755126953,2.1688014984130857,2.1981096267700195,56400,0.0,0.0
1991-03-20 00:00:00-05:00,2.19810967509811,2.227417804099418,2.0808771590928776,2.1688015460968018,238000,0.0,0.0
1991-03-21 00:00:00-05:00,2.19810967509811,2.227417804099418,2.1394934170954936,2.1688015460968018,60800,0.0,0.0
1991-03-22 00:00:00-05:00,2.1394939985540176,2.1394939985540176,2.080877724621031,2.1101858615875244,187200,0.0,0.0
1991-03-25 00:00:00-05:00,2.1101856482656376,2.256726318284085,2.0808775142619482,2.2274181842803955,641600,0.0,0.0
1991-03-26 00:00:00-05:00,2.227417755126953,2.227417755126953,2.1688014984130857,2.1981096267700195,274000,0.0,0.0
1991-03-27 00:00:00-05:00,2.2274181842803955,2.2860344522877742,2.2274181842803955,2.2274181842803955,477600,0.0,0.0
1991-03-28 00:00:00-05:00,2.227417486685294,2.4032662356341326,2.227417486685294,2.373958110809326,367200,0.0,0.0
1991-04-01 00:00:00-05:00,2.3739589347115047,2.3739589347115047,2.2860345297221896,2.315342664718628,173200,0.0,0.0
1991-04-02 00:00:00-05:00,2.3153426110744477,2.3446507453918457,2.2860344767570497,2.3446507453918457,142000,0.0,0.0
1991-04-03 00:00:00-05:00,2.373958110809326,2.4618824852837458,2.373958110809326,2.373958110809326,241600,0.0,0.0
1991-04-04 00:00:00-05:00,2.4032669067382812,2.4325750397472845,2.4032669067382812,2.4032669067382812,87200,0.0,0.0
1991-04-05 00:00:00-05:00,2.43257474899292,2.4618828784988587,2.403266619486981,2.43257474899292,552400,0.0,0.0
1991-04-08 00:00:00-04:00,2.4325750397472845,2.4325750397472845,2.4032669067382812,2.4032669067382812,32800,0.0,0.0
1991-04-09 00:00:00-04:00,2.373958110809326,2.4032662356341326,2.373958110809326,2.373958110809326,160000,0.0,0.0
1991-04-10 00:00:00-04:00,2.344650541033064,2.461883068084717,2.3153424092701504,2.461883068084717,628800,0.0,0.0
1991-04-11 00:00:00-04:00,2.4325748864342183,2.5498074110816504,2.4325748864342183,2.4911911487579346,331200,0.0,0.0
1991-04-12 00:00:00-04:00,2.5204992799197927,2.5204992799197927,2.4618830175960764,2.4911911487579346,217600,0.0,0.0
1991-04-15 00:00:00-04:00,2.4911913345026417,2.5204994678497314,2.4911913345026417,2.5204994678497314,112400,0.0,0.0
1991-04-16 00:00:00-04:00,2.49119119984763,2.49119119984763,2.461883068084717,2.461883068084717,217600,0.0,0.0
1991-04-17 00:00:00-04:00,2.4618832011555516,2.5498076011968216,2.4618832011555516,2.5204994678497314,265600,0.0,0.0
1991-04-18 00:00:00-04:00,2.520499651459442,2.579115922423615,2.461883380495269,2.5498077869415283,327200,0.0,0.0
1991-04-19 00:00:00-04:00,2.520499137510736,2.520499137510736,2.403266619486981,2.43257474899292,75600,0.0,0.0
1991-04-22 00:00:00-04:00,2.403267014026642,2.403267014026642,2.3153426110744477,2.3446507453918457,130800,0.0,0.0
1991-04-23 00:00:00-04:00,2.3446507453918457,2.403267014026642,2.3153426110744477,2.3446507453918457,505600,0.0,0.0
1991-04-24 00:00:00-04:00,2.373958773729278,2.4325750397472845,2.373958773729278,2.4032669067382812,168000,0.0,0.0
1991-04-25 00:00:00-04:00,2.4032669067382812,2.4325750397472845,2.4032669067382812,2.4032669067382812,111600,0.0,0.0
1991-04-26 00:00:00-04:00,2.3739584899810424,2.4618828784988587,2.3739584899810424,2.43257474899292,71200,0.0,0.0
1991-04-29 00:00:00-04:00,2.43257474899292,2.4911910080047974,2.43257474899292,2.43257474899292,226000,0.0,0.0
1991-04-30 00:00:00-04:00,2.4032662356341326,2.4032662356341326,2.315341861159713,2.373958110809326,324000,0.0,0.0
1991-05-01 00:00:00-04:00,2.373958773729278,2.4032669067382812,2.3446506407202743,2.4032669067382812,46000,0.0,0.0
1991-05-02 00:00:00-04:00,2.403266619486981,2.43257474899292,2.403266619486981,2.43257474899292,270400,0.0,0.0
1991-05-03 00:00:00-04:00,2.4325750397472845,2.4325750397472845,2.373958773729278,2.4032669067382812,816400,0.0,0.0
1991-05-06 00:00:00-04:00,2.373958110809326,2.373958110809326,2.34464998598452,2.373958110809326,108800,0.0,0.0
1991-05-07 00:00:00-04:00,2.373958773729278,2.4032669067382812,2.373958773729278,2.4032669067382812,204000,0.0,0.0
1991-05-08 00:00:00-04:00,2.4032669067382812,2.4325750397472845,2.373958773729278,2.4032669067382812,236800,0.0,0.0
1991-05-09 00:00:00-04:00,2.4325750397472845,2.461883172756288,2.373958773729278,2.4032669067382812,254000,0.0,0.0
1991-05-10 00:00:00-04:00,2.4618828784988587,2.4618828784988587,2.43257474899292,2.43257474899292,208000,0.0,0.0
1991-05-13 00:00:00-04:00,2.461883068084717,2.49119119984763,2.4325749363218034,2.461883068084717,230800,0.0,0.0
1991-05-14 00:00:00-04:00,2.43257474899292,2.520499137510736,2.43257474899292,2.43257474899292,96400,0.0,0.0
1991-05-15 00:00:00-04:00,2.4325750397472845,2.461883172756288,2.4032669067382812,2.4032669067382812,177200,0.0,0.0
1991-05-16 00:00:00-04:00,2.4325752625098596,2.4325752625098596,2.28603458404541,2.28603458404541,354400,0.0,0.0
1991-05-17 00:00:00-04:00,2.3153427197383,2.3153427197383,2.28603458404541,2.28603458404541,242400,0.0,0.0
1991-05-20 00:00:00-04:00,2.315341861159713,2.373958110809326,2.2860337363349066,2.373958110809326,45600,0.0,0.0
1991-05-21 00:00:00-04:00,2.34464998598452,2.4032662356341326,2.34464998598452,2.373958110809326,78400,0.0,0.0
1991-05-22 00:00:00-04:00,2.373958110809326,2.4032662356341326,2.373958110809326,2.373958110809326,182000,0.0,0.0
1991-05-23 00:00:00-04:00,2.373958110809326,2.4032662356341326,2.373958110809326,2.373958110809326,146000,0.0,0.0
1991-05-24 00:00:00-04:00,2.373958773729278,2.4032669067382812,2.373958773729278,2.4032669067382812,612400,0.0,0.0
1991-05-28 00:00:00-04:00,2.403267109531096,2.579115922423615,2.403267109531096,2.5498077869415283,353600,0.0,0.0
1991-05-29 00:00:00-04:00,2.579115295410156,2.6963478088378907,2.579115295410156,2.6377315521240234,397600,0.0,0.0
1991-05-30 00:00:00-04:00,2.667039586150128,2.784272095431452,2.637731458829797,2.696347713470459,987200,0.0,0.0
1991-05-31 00:00:00-04:00,2.696347713470459,2.72565584079079,2.667039586150128,2.696347713470459,396400,0.0,0.0
1991-06-03 00:00:00-04:00,2.7256563529372215,2.8428888842463493,2.7256563529372215,2.8135807514190674,785200,0.0,0.0
1991-06-04 00:00:00-04:00,2.8135807514190674,2.8135807514190674,2.7549644857645035,2.8135807514190674,739600,0.0,0.0
1991-06-05 00:00:00-04:00,2.842888497342967,2.960121012697316,2.842888497342967,2.9015047550201416,214800,0.0,0.0
1991-06-06 00:00:00-04:00,2.9015047550201416,2.930812883858729,2.8721966261815544,2.9015047550201416,518000,0.0,0.0
1991-06-07 00:00:00-04:00,2.901504426899523,2.9894288034722356,2.8721963013752854,2.960120677947998,498000,0.0,0.0
1991-06-10 00:00:00-04:00,2.9308132096832873,3.0480457380706185,2.9308132096832873,2.989429473876953,623200,0.0,0.0
1991-06-11 00:00:00-04:00,2.9894288034722356,3.018736928996473,2.960120677947998,2.960120677947998,462400,0.0,0.0
1991-06-12 00:00:00-04:00,2.8428891809363113,2.8428891809363113,2.7256566373925457,2.7842729091644287,680800,0.0,0.0
1991-06-13 00:00:00-04:00,2.7842721939086914,2.7842721939086914,2.6377315521240234,2.6377315521240234,148400,0.0,0.0
1991-06-14 00:00:00-04:00,2.6963483460095463,2.872197151184082,2.6963483460095463,2.872197151184082,524000,0.0,0.0
1991-06-17 00:00:00-04:00,2.8428893845814924,3.048046350479126,2.8135812465961165,3.048046350479126,1881600,0.0,0.0
1991-06-18 00:00:00-04:00,3.0480456705446595,3.1945863277823836,2.98942940764957,3.165278196334839,1288800,0.0,0.0
1991-06-19 00:00:00-04:00,3.106661703980085,3.106661703980085,3.018737316131592,3.018737316131592,540800,0.0,0.0
1991-06-20 00:00:00-04:00,2.9894288034722356,2.9894288034722356,2.960120677947998,2.960120677947998,475200,0.0,0.0
1991-06-21 00:00:00-04:00,2.960120677947998,2.9894288034722356,2.960120677947998,2.960120677947998,414400,0.0,0.0
1991-06-24 00:00:00-04:00,2.96012134178012,2.989429473876953,2.9308132096832873,2.989429473876953,353600,0.0,0.0
1991-06-25 00:00:00-04:00,2.9601211130004565,2.9894292428321445,2.842888593673706,2.842888593673706,434800,0.0,0.0
1991-06-26 00:00:00-04:00,2.8135807514190674,2.8428888842463493,2.6963482201099396,2.8135807514190674,376400,0.0,0.0
1991-06-27 00:00:00-04:00,2.8428888842463493,2.8428888842463493,2.8135807514190674,2.8135807514190674,109200,0.0,0.0
1991-06-28 00:00:00-04:00,2.8135800503268102,2.960120677947998,2.7842719248025727,2.960120677947998,424000,0.0,0.0
1991-07-01 00:00:00-04:00,2.960121445655823,2.960121445655823,2.8721970462799074,2.9308133125305176,164400,0.0,0.0
1991-07-02 00:00:00-04:00,2.9308133125305176,2.960121445655823,2.842888913154602,2.9308133125305176,734800,0.0,0.0
1991-07-03 00:00:00-04:00,2.901504853337081,2.901504853337081,2.813580463842018,2.842888593673706,425200,0.0,0.0
1991-07-05 00:00:00-04:00,2.8428888842463493,2.8428888842463493,2.8135807514190674,2.8135807514190674,10800,0.0,0.0
1991-07-08 00:00:00-04:00,2.784272483054628,2.8135806144552027,2.7256562202534775,2.7549643516540527,302000,0.0,0.0
1991-07-09 00:00:00-04:00,2.7549643516540527,2.8135806144552027,2.7256562202534775,2.7549643516540527,78800,0.0,0.0
1991-07-10 00:00:00-04:00,2.72565584079079,2.72565584079079,2.696347713470459,2.696347713470459,224400,0.0,0.0
1991-07-11 00:00:00-04:00,2.696347713470459,2.696347713470459,2.637731458829797,2.696347713470459,173600,0.0,0.0
1991-07-12 00:00:00-04:00,2.696347903179866,2.725656032562256,2.696347903179866,2.725656032562256,35200,0.0,0.0
1991-07-15 00:00:00-04:00,2.754963968111121,2.754963968111121,2.696347713470459,2.696347713470459,80400,0.0,0.0
1991-07-16 00:00:00-04:00,2.696347903179866,2.754964161944646,2.6377316444150862,2.725656032562256,491600,0.0,0.0
1991-07-17 00:00:00-04:00,2.696347713470459,2.72565584079079,2.696347713470459,2.696347713470459,340400,0.0,0.0
1991-07-18 00:00:00-04:00,2.696347713470459,2.72565584079079,2.696347713470459,2.696347713470459,237200,0.0,0.0
1991-07-19 00:00:00-04:00,2.696347713470459,2.696347713470459,2.667039586150128,2.696347713470459,107600,0.0,0.0
1991-07-22 00:00:00-04:00,2.637732137333263,2.637732137333263,2.579115867614746,2.579115867614746,159200,0.0,0.0
1991-07-23 00:00:00-04:00,2.579115867614746,2.608424002474005,2.579115867614746,2.579115867614746,28800,0.0,0.0
1991-07-24 00:00:00-04:00,2.579115922423615,2.6084240579057014,2.5498077869415283,2.5498077869415283,110400,0.0,0.0
1991-07-25 00:00:00-04:00,2.4618827819824216,2.872196578979492,2.4618827819824216,2.6377315521240234,992400,0.0,0.0
1991-07-26 00:00:00-04:00,2.6084240766671987,2.7256566194387584,2.579115940974309,2.6670403480529785,307200,0.0,0.0
1991-07-29 00:00:00-04:00,2.63773232363583,2.63773232363583,2.549807912847969,2.608424186706543,64400,0.0,0.0
1991-07-30 00:00:00-04:00,2.5498078220768976,2.9308135885941353,2.5204996861909565,2.7842729091644287,715600,0.0,0.0
1991-07-31 00:00:00-04:00,2.8135811452115522,2.8135811452115522,2.608424186706543,2.608424186706543,988800,0.0,0.0
1991-08-01 00:00:00-04:00,2.63773232363583,2.667040460565117,2.579116049777256,2.608424186706543,338800,0.0,0.0
1991-08-02 00:00:00-04:00,2.637732137333263,2.6670402721925215,2.579115867614746,2.579115867614746,420800,0.0,0.0
1991-08-05 00:00:00-04:00,2.6084234237670896,2.6377315521240234,2.6084234237670896,2.6377315521240234,120000,0.0,0.0
1991-08-06 00:00:00-04:00,2.7549643516540527,2.784272483054628,2.7549643516540527,2.7549643516540527,736000,0.0,0.0
1991-08-07 00:00:00-04:00,2.7549644857645035,2.8721970170736313,2.7549644857645035,2.8135807514190674,603200,0.0,0.0
1991-08-08 00:00:00-04:00,2.8135810450503698,2.8721973168222528,2.7842729091644287,2.7842729091644287,452800,0.0,0.0
1991-08-09 00:00:00-04:00,2.7842729091644287,2.7842729091644287,2.754964773278487,2.7842729091644287,187600,0.0,0.0
1991-08-12 00:00:00-04:00,2.754964773278487,2.8135810450503698,2.754964773278487,2.7842729091644287,1024400,0.0,0.0
1991-08-13 00:00:00-04:00,2.8135800503268102,2.9894288034722356,2.8135800503268102,2.960120677947998,1863600,0.0,0.0
1991-08-14 00:00:00-04:00,2.9894288034722356,3.018736928996473,2.9308125524237605,2.960120677947998,529200,0.0,0.0
1991-08-15 00:00:00-04:00,2.989429687967106,2.989429687967106,2.81358088279257,2.872197151184082,324000,0.0,0.0
1991-08-16 00:00:00-04:00,2.872197151184082,2.872197151184082,2.7842727485968144,2.872197151184082,116800,0.0,0.0
1991-08-19 00:00:00-04:00,2.6377315521240234,2.6963478088378907,2.520499038696289,2.6377315521240234,193600,0.0,0.0
1991-08-20 00:00:00-04:00,2.754964773278487,2.7842729091644287,2.7256566373925457,2.7842729091644287,216000,0.0,0.0
1991-08-21 00:00:00-04:00,2.813580780029297,2.9308133125305176,2.784272646903992,2.9308133125305176,283200,0.0,0.0
1991-08-22 00:00:00-04:00,2.960121445655823,2.960121445655823,2.8721970462799074,2.9308133125305176,248800,0.0,0.0
1991-08-23 00:00:00-04:00,2.9308125524237605,3.018736928996473,2.9308125524237605,2.960120677947998,228000,0.0,0.0
1991-08-26 00:00:00-04:00,2.96012134178012,2.989429473876953,2.9308132096832873,2.989429473876953,130800,0.0,0.0
1991-08-27 00:00:00-04:00,2.989429186848761,3.018737316131592,2.96012105756593,3.018737316131592,186000,0.0,0.0
1991-08-28 00:00:00-04:00,2.9894292287737407,3.135969877243042,2.9894292287737407,3.135969877243042,1104800,0.0,0.0
1991-08-29 00:00:00-04:00,3.165277862548828,3.2825103759765626,3.1359697341918946,3.2238941192626953,724400,0.0,0.0
1991-08-30 00:00:00-04:00,3.2238940720085623,3.2825103278632635,3.194585944081212,3.253202199935913,670000,0.0,0.0
1991-09-03 00:00:00-04:00,3.3118188892092024,3.370435152735029,3.282510757446289,3.282510757446289,768000,0.0,0.0
1991-09-04 00:00:00-04:00,3.2532022476196287,3.311818504333496,3.1359697341918946,3.2238941192626953,747600,0.0,0.0
1991-09-05 00:00:00-04:00,3.282510422823722,3.3411266803741455,3.223894165273298,3.3411266803741455,533200,0.0,0.0
1991-09-06 00:00:00-04:00,3.3118188892092024,3.3118188892092024,3.2532026256833757,3.282510757446289,254800,0.0,0.0
1991-09-09 00:00:00-04:00,3.2825106699532323,3.2825106699532323,3.1945862770080566,3.1945862770080566,67600,0.0,0.0
1991-09-10 00:00:00-04:00,3.223894407989782,3.223894407989782,3.1945862770080566,3.1945862770080566,85200,0.0,0.0
1991-09-11 00:00:00-04:00,3.1945862770080566,3.2532025389715074,3.1945862770080566,3.1945862770080566,345200,0.0,0.0
1991-09-12 00:00:00-04:00,3.2532025389715074,3.2532025389715074,3.1945862770080566,3.1945862770080566,190000,0.0,0.0
1991-09-13 00:00:00-04:00,3.253202199935913,3.2825103278632635,3.2238940720085623,3.253202199935913,987200,0.0,0.0
1991-09-16 00:00:00-04:00,3.165278006936902,3.1945861366307624,3.135969877243042,3.135969877243042,367200,0.0,0.0
1991-09-17 00:00:00-04:00,3.135970648729576,3.135970648729576,3.0773543749215464,3.1066625118255615,231600,0.0,0.0
1991-09-18 00:00:00-04:00,3.135970064887294,3.165278196334839,3.1066619334397494,3.165278196334839,233600,0.0,0.0
1991-09-19 00:00:00-04:00,3.1945863277823836,3.2238944592299283,3.135970064887294,3.165278196334839,381200,0.0,0.0
1991-09-20 00:00:00-04:00,3.1945861366307624,3.1945861366307624,3.1066617475491816,3.135969877243042,159600,0.0,0.0
1991-09-23 00:00:00-04:00,3.165278353009905,3.165278353009905,3.0773539543151855,3.0773539543151855,137200,0.0,0.0
1991-09-24 00:00:00-04:00,3.1066613055691863,3.1066613055691863,2.960120677947998,2.960120677947998,157600,0.0,0.0
1991-09-25 00:00:00-04:00,2.930812883858729,2.930812883858729,2.842888497342967,2.9015047550201416,84000,0.0,0.0
1991-09-26 00:00:00-04:00,2.930813419575594,2.9601215537713497,2.872197151184082,2.872197151184082,216400,0.0,0.0
1991-09-27 00:00:00-04:00,2.8428888842463493,2.9015051499009132,2.8135807514190674,2.8135807514190674,96400,0.0,0.0
1991-09-30 00:00:00-04:00,2.842888745855778,2.8721968772563526,2.6670399574523276,2.7549643516540527,184000,0.0,0.0
1991-10-01 00:00:00-04:00,2.7549643516540527,2.8721968772563526,2.7256562202534775,2.7549643516540527,666400,0.0,0.0
1991-10-02 00:00:00-04:00,2.696347903179866,2.754964161944646,2.696347903179866,2.725656032562256,266800,0.0,0.0
1991-10-03 00:00:00-04:00,2.725656032562256,2.725656032562256,2.725656032562256,2.725656032562256,562400,0.0,0.0
1991-10-04 00:00:00-04:00,2.725656032562256,2.754964161944646,2.696347903179866,2.725656032562256,23600,0.0,0.0
1991-10-07 00:00:00-04:00,2.725656032562256,2.754964161944646,2.725656032562256,2.725656032562256,181200,0.0,0.0
1991-10-08 00:00:00-04:00,2.696348088852903,2.7549643516540527,2.696348088852903,2.7549643516540527,983200,0.0,0.0
1991-10-09 00:00:00-04:00,2.7842723340103306,2.8721967235053936,2.7842723340103306,2.842888593673706,164000,0.0,0.0
1991-10-10 00:00:00-04:00,2.8428891809363113,2.8428891809363113,2.7842729091644287,2.7842729091644287,36000,0.0,0.0
1991-10-11 00:00:00-04:00,2.7842726185917854,2.8428888842463493,2.7842726185917854,2.8135807514190674,154800,0.0,0.0
1991-10-14 00:00:00-04:00,2.842889016988326,2.872197151184082,2.754964614401058,2.872197151184082,211200,0.0,0.0
1991-10-15 00:00:00-04:00,2.989429473876953,2.989429473876953,2.9308132096832873,2.989429473876953,402400,0.0,0.0
1991-10-16 00:00:00-04:00,2.9308125524237605,2.960120677947998,2.842888175851048,2.960120677947998,246000,0.0,0.0
1991-10-17 00:00:00-04:00,2.930812928283099,3.106661703980085,2.930812928283099,3.018737316131592,356000,0.0,0.0
1991-10-18 00:00:00-04:00,3.018737316131592,3.077353574697254,3.018737316131592,3.018737316131592,313600,0.0,0.0
1991-10-21 00:00:00-04:00,3.018736928996473,3.018736928996473,2.9308125524237605,2.960120677947998,236800,0.0,0.0
1991-10-22 00:00:00-04:00,2.989429555620466,3.194586485908145,2.989429555620466,3.0773539543151855,438400,0.0,0.0
1991-10-23 00:00:00-04:00,3.51697510686414,3.51697510686414,3.3118182256303985,3.399742603302002,2338800,0.0,0.0
1991-10-24 00:00:00-04:00,3.4290504031262152,3.4583585262298584,3.341126033815287,3.4583585262298584,996800,0.0,0.0
1991-10-25 00:00:00-04:00,3.487666649333501,3.487666649333501,3.3997422800225725,3.4583585262298584,287600,0.0,0.0
1991-10-28 00:00:00-05:00,3.4290507291925367,3.4290507291925367,3.3411263515209333,3.399742603302002,373200,0.0,0.0
1991-10-29 00:00:00-05:00,3.3704352679372835,3.4876677989959717,3.3411271351726115,3.4876677989959717,200400,0.0,0.0
1991-10-30 00:00:00-05:00,3.4876677989959717,3.5169759317606437,3.4583596662312996,3.4876677989959717,317600,0.0,0.0
1991-10-31 00:00:00-05:00,3.5169759317606437,3.5169759317606437,3.4583596662312996,3.4876677989959717,658800,0.0,0.0
1991-11-01 00:00:00-05:00,3.4876677989959717,3.5169759317606437,3.4583596662312996,3.4876677989959717,625600,0.0,0.0
1991-11-04 00:00:00-05:00,3.4583595646314387,3.60490022414972,3.4583595646314387,3.5462839603424072,447200,0.0,0.0
1991-11-05 00:00:00-05:00,3.5462840645253157,3.5462840645253157,3.4876677989959717,3.4876677989959717,400800,0.0,0.0
1991-11-06 00:00:00-05:00,3.5169761180877686,3.5169761180877686,3.4876679837703706,3.5169761180877686,101600,0.0,0.0
1991-11-07 00:00:00-05:00,3.516975631713867,3.6635162830352783,3.487667501449585,3.6635162830352783,670000,0.0,0.0
1991-11-08 00:00:00-05:00,3.6928248405456543,3.7221329742007785,3.66351670689053,3.6928248405456543,307600,0.0,0.0
1991-11-11 00:00:00-05:00,3.722132921218872,3.7807491876947594,3.722132921218872,3.722132921218872,236800,0.0,0.0
1991-11-12 00:00:00-05:00,3.7514397920067633,3.9565966556321333,3.7514397920067633,3.92728853225708,556000,0.0,0.0
1991-11-13 00:00:00-05:00,3.8686739114614634,3.897982047154353,3.8100576400756836,3.8100576400756836,722400,0.0,0.0
1991-11-14 00:00:00-05:00,3.8393650646209716,3.8393650646209716,3.634208152770996,3.6635162830352783,651200,0.0,0.0
1991-11-15 00:00:00-05:00,3.6928250768543345,3.6928250768543345,3.2238949083648953,3.311819314956665,607200,0.0,0.0
1991-11-18 00:00:00-05:00,3.311818551598934,3.3704348091493572,3.282510422823722,3.3411266803741455,663200,0.0,0.0
1991-11-19 00:00:00-05:00,3.3411274504872552,3.3411274504872552,3.135970501773125,3.311819314956665,682400,0.0,0.0
1991-11-20 00:00:00-05:00,3.3411265837179647,3.3704347116453155,3.2238940720085623,3.253202199935913,214400,0.0,0.0
1991-11-21 00:00:00-05:00,3.2238941192626953,3.2238941192626953,3.1945859909057615,3.2238941192626953,210400,0.0,0.0
1991-11-22 00:00:00-05:00,3.223894407989782,3.341126931916683,3.1945862770080566,3.1945862770080566,389600,0.0,0.0
1991-11-25 00:00:00-05:00,3.165278196334839,3.165278196334839,3.1066619334397494,3.165278196334839,374000,0.0,0.0
1991-11-26 00:00:00-05:00,3.1945870404060073,3.1945870404060073,2.9894300745083737,3.048046350479126,306000,0.0,0.0
1991-11-27 00:00:00-05:00,3.048045445414423,3.077353574697254,3.018737316131592,3.018737316131592,158000,0.0,0.0
1991-11-29 00:00:00-05:00,3.048045488161461,3.165278006936902,3.048045488161461,3.135969877243042,191200,0.0,0.0
1991-12-02 00:00:00-05:00,3.1066619334397494,3.165278196334839,3.0773538019922047,3.165278196334839,128800,0.0,0.0
1991-12-03 00:00:00-05:00,3.165278196334839,3.2238944592299283,3.135970064887294,3.165278196334839,220000,0.0,0.0
1991-12-04 00:00:00-05:00,3.2238942663246224,3.2238942663246224,3.1066617475491816,3.135969877243042,603600,0.0,0.0
1991-12-05 00:00:00-05:00,3.1652778161538615,3.253202199935913,3.1066615602991603,3.253202199935913,481600,0.0,0.0
1991-12-06 00:00:00-05:00,3.2532026256833757,3.3997432844979425,3.2532026256833757,3.282510757446289,167200,0.0,0.0
1991-12-09 00:00:00-05:00,3.341127020972116,3.370435152735029,3.282510757446289,3.282510757446289,183200,0.0,0.0
1991-12-10 00:00:00-05:00,3.2825111794260753,3.3411274504872552,3.2825111794260753,3.311819314956665,350800,0.0,0.0
1991-12-11 00:00:00-05:00,3.2532022476196287,3.2825103759765626,3.2238941192626953,3.2238941192626953,549200,0.0,0.0
1991-12-12 00:00:00-05:00,3.253202199935913,3.3118184557906143,3.253202199935913,3.253202199935913,112400,0.0,0.0
1991-12-13 00:00:00-05:00,3.311819314956665,3.311819314956665,3.2825111794260753,3.311819314956665,713200,0.0,0.0
1991-12-16 00:00:00-05:00,3.34112731218338,3.5169761180877686,3.3118191778659822,3.5169761180877686,369200,0.0,0.0
1991-12-17 00:00:00-05:00,3.458358569022937,3.458358569022937,3.4290504455566406,3.4290504455566406,257600,0.0,0.0
1991-12-18 00:00:00-05:00,3.4583596950624047,3.604900360107422,3.4583596950624047,3.604900360107422,353200,0.0,0.0
1991-12-19 00:00:00-05:00,3.546284145996219,3.6342085463101745,3.546284145996219,3.575592279434204,660400,0.0,0.0
1991-12-20 00:00:00-05:00,3.6049004128721895,3.6049004128721895,3.546284145996219,3.575592279434204,444400,0.0,0.0
1991-12-23 00:00:00-05:00,3.6049004395802813,3.6928248405456543,3.575592305925157,3.6928248405456543,371600,0.0,0.0
1991-12-24 00:00:00-05:00,3.810057348877419,3.8393654823303223,3.722132948518709,3.8393654823303223,722000,0.0,0.0
1991-12-26 00:00:00-05:00,3.8686721324920654,3.8979802547079143,3.810055888060367,3.8686721324920654,652400,0.0,0.0
1991-12-27 00:00:00-05:00,3.8686739114614634,3.8686739114614634,3.8100576400756836,3.8100576400756836,215600,0.0,0.0
1991-12-30 00:00:00-05:00,3.780749797821045,3.81005793578865,3.7221335218858353,3.780749797821045,499200,0.0,0.0
1991-12-31 00:00:00-05:00,3.692824787980928,3.7514410544568157,3.6635166547429843,3.722132921218872,459200,0.0,0.0
1992-01-02 00:00:00-05:00,3.6635166547429843,3.722132921218872,3.6049003882670965,3.722132921218872,635600,0.0,0.0
1992-01-03 00:00:00-05:00,3.722132921218872,3.7807491876947594,3.692824787980928,3.722132921218872,1215200,0.0,0.0
1992-01-06 00:00:00-05:00,3.722132632508874,3.7807488944381475,3.692824501544237,3.7514407634735107,748000,0.0,0.0
1992-01-07 00:00:00-05:00,3.7514407634735107,3.7514407634735107,3.692824501544237,3.7514407634735107,1198000,0.0,0.0
1992-01-08 00:00:00-05:00,3.7514403848087086,4.015213536865571,3.7221322568023907,3.985905408859253,1118400,0.0,0.0
1992-01-09 00:00:00-05:00,4.0445237159729,4.0738318588422695,3.9859074302341626,4.0445237159729,692800,0.0,0.0
1992-01-10 00:00:00-05:00,4.015213536865571,4.044521664871889,3.897981024840299,3.985905408859253,475200,0.0,0.0
1992-01-13 00:00:00-05:00,3.956597234210829,4.015213489532471,3.8979809788891866,4.015213489532471,350000,0.0,0.0
1992-01-14 00:00:00-05:00,3.98590713610752,4.1031396989342115,3.98590713610752,4.073831558227539,412000,0.0,0.0
1992-01-15 00:00:00-05:00,4.1031378725149334,4.1031378725149334,4.015213489532471,4.015213489532471,806400,0.0,0.0
1992-01-16 00:00:00-05:00,3.9565984904766083,4.220371723175049,3.9565984904766083,4.220371723175049,750000,0.0,0.0
1992-01-17 00:00:00-05:00,4.249679599489484,4.278987734658378,4.1031389236450195,4.1031389236450195,528000,0.0,0.0
1992-01-20 00:00:00-05:00,4.161754127836575,4.161754127836575,3.927289106550008,4.015213489532471,384000,0.0,0.0
1992-01-21 00:00:00-05:00,4.044522931840684,4.044522931840684,3.854020040123551,3.9565985202789307,652800,0.0,0.0
1992-01-22 00:00:00-05:00,3.9859074302341626,4.0738318588422695,3.956599287364794,4.0445237159729,1309600,0.0,0.0
1992-01-23 00:00:00-05:00,4.044522653307234,4.1031389236450195,3.985906382969447,4.1031389236450195,686800,0.0,0.0
1992-01-24 00:00:00-05:00,4.220370870240977,4.337603394414337,4.161754608154297,4.161754608154297,1415600,0.0,0.0
1992-01-27 00:00:00-05:00,4.191063515683438,4.220371652156748,4.132447242736816,4.132447242736816,954400,0.0,0.0
1992-01-28 00:00:00-05:00,4.132447839640885,4.132447839640885,4.044523417520866,4.073831558227539,554800,0.0,0.0
1992-01-29 00:00:00-05:00,4.103138346067617,4.249679001284317,4.073830215024277,4.161754608154297,501600,0.0,0.0
1992-01-30 00:00:00-05:00,4.13244760286558,4.249680158975241,4.13244760286558,4.19106388092041,92800,0.0,0.0
1992-01-31 00:00:00-05:00,4.1617557418929945,4.249680158975241,4.1617557418929945,4.19106388092041,856800,0.0,0.0
1992-02-03 00:00:00-05:00,4.191062541857158,4.308295060510504,4.161754412193821,4.278986930847168,482800,0.0,0.0
1992-02-04 00:00:00-05:00,4.2496795654296875,4.278987700363685,4.22037143049569,4.2496795654296875,241600,0.0,0.0
1992-02-05 00:00:00-05:00,4.220372019947826,4.220372019947826,4.13244760286558,4.19106388092041,681200,0.0,0.0
1992-02-06 00:00:00-05:00,4.161754608154297,4.191062739197637,4.161754608154297,4.161754608154297,122800,0.0,0.0
1992-02-07 00:00:00-05:00,4.161754608154297,4.191062739197637,4.132446477110957,4.161754608154297,206400,0.0,0.0
1992-02-10 00:00:00-05:00,4.19106388092041,4.220372019947826,4.1617557418929945,4.19106388092041,714000,0.0,0.0
1992-02-11 00:00:00-05:00,4.22037143049569,4.2496795654296875,4.191063295561691,4.2496795654296875,426800,0.0,0.0
1992-02-12 00:00:00-05:00,4.278987741158678,4.484144687652588,4.220371470731847,4.484144687652588,1574400,0.0,0.0
1992-02-13 00:00:00-05:00,4.630685222148895,4.71860962510109,4.5720689535140995,4.689301490783691,2422800,0.0,0.0
1992-02-14 00:00:00-05:00,4.689301411817029,4.7479176794647415,4.542760742697746,4.601377010345459,994000,0.0,0.0
1992-02-18 00:00:00-05:00,4.60137559749462,4.777224346443459,4.542759347845006,4.747916221618652,745600,0.0,0.0
1992-02-19 00:00:00-05:00,4.689301599430133,4.718609734426571,4.6013771944408175,4.630685329437256,555200,0.0,0.0
1992-02-20 00:00:00-05:00,4.659993464433694,4.659993464433694,4.572069059444379,4.630685329437256,381200,0.0,0.0
1992-02-21 00:00:00-05:00,4.630685329437256,4.659993464433694,4.6013771944408175,4.630685329437256,753600,0.0,0.0
1992-02-24 00:00:00-05:00,4.659993222895885,4.6893013563732175,4.366911888122559,4.366911888122559,860400,0.0,0.0
1992-02-25 00:00:00-05:00,4.366912218240591,4.6306854394766,4.337604082547701,4.57206916809082,898400,0.0,0.0
1992-02-26 00:00:00-05:00,4.51345289670504,4.6306854394766,4.51345289670504,4.57206916809082,838800,0.0,0.0
1992-02-27 00:00:00-05:00,4.57206916809082,4.6306854394766,4.54276103239793,4.57206916809082,446800,0.0,0.0
1992-02-28 00:00:00-05:00,4.542760848999023,4.601377118018365,4.513452714489352,4.542760848999023,535600,0.0,0.0
1992-03-02 00:00:00-05:00,4.513452714489352,4.572068983508695,4.45483644547001,4.542760848999023,967200,0.0,0.0
1992-03-03 00:00:00-05:00,4.542760848999023,4.572068983508695,4.542760848999023,4.542760848999023,310000,0.0,0.0
1992-03-04 00:00:00-05:00,4.542760770571859,4.5720689045755485,4.454836368560791,4.454836368560791,365600,0.0,0.0
1992-03-05 00:00:00-05:00,4.454836818906996,4.484144955873489,4.103139175309075,4.220371723175049,722800,0.0,0.0
1992-03-06 00:00:00-05:00,4.220370671520494,4.308295060510504,4.220370671520494,4.278986930847168,540000,0.0,0.0
1992-03-09 00:00:00-05:00,4.278986645393632,4.3962191562263335,4.278986645393632,4.308294773101807,258800,0.0,0.0
1992-03-10 00:00:00-05:00,4.337603754645226,4.396220021599891,4.308295621167893,4.366911888122559,784400,0.0,0.0
1992-03-11 00:00:00-05:00,4.366912140165057,4.366912140165057,3.9272901126316615,4.1031389236450195,1497600,0.0,0.0
1992-03-12 00:00:00-05:00,4.044523417520866,4.249680402467576,3.9272908546941743,4.073831558227539,1239200,0.0,0.0
1992-03-13 00:00:00-05:00,4.1031378725149334,4.1031378725149334,3.98590536187165,4.015213489532471,488000,0.0,0.0
1992-03-16 00:00:00-05:00,4.015212902382239,4.015212902382239,3.839364162131922,3.92728853225708,922800,0.0,0.0
1992-03-17 00:00:00-05:00,3.9272903830916794,3.985906657466182,3.8979822459044278,3.9565985202789307,827200,0.0,0.0
1992-03-18 00:00:00-05:00,3.9565982478005544,4.1031389236450195,3.9565982478005544,4.1031389236450195,470800,0.0,0.0
1992-03-19 00:00:00-05:00,4.044522801736243,4.073830937980709,3.897982120513916,3.897982120513916,358000,0.0,0.0
1992-03-20 00:00:00-05:00,3.927289106550008,4.1031378725149334,3.927289106550008,4.015213489532471,297200,0.0,0.0
1992-03-23 00:00:00-05:00,4.015214794653433,4.044522931840684,3.9565985202789307,3.9565985202789307,86800,0.0,0.0
1992-03-24 00:00:00-05:00,3.9859065292473126,3.9859065292473126,3.86867398426945,3.897982120513916,120400,0.0,0.0
1992-03-25 00:00:00-05:00,3.810056595906724,4.015213489532471,3.6635159576026193,4.015213489532471,2132000,0.0,0.0
1992-03-26 00:00:00-05:00,4.0738318588422695,4.220372573189113,4.0445237159729,4.0445237159729,744000,0.0,0.0
1992-03-27 00:00:00-05:00,4.073830204084516,4.073830204084516,3.7514407634735107,3.7514407634735107,272400,0.0,0.0
1992-03-30 00:00:00-05:00,3.7514413686899037,3.927290182847243,3.722133232997014,3.8100576400756836,920400,0.0,0.0
1992-03-31 00:00:00-05:00,3.8393654823303223,3.8979817492361284,3.810057348877419,3.8393654823303223,586800,0.0,0.0
1992-04-01 00:00:00-05:00,3.8100573209327036,3.8100573209327036,3.692824787980928,3.722132921218872,934400,0.0,0.0
1992-04-02 00:00:00-05:00,3.6635166547429843,3.7514410544568157,3.6635166547429843,3.722132921218872,896400,0.0,0.0
1992-04-03 00:00:00-05:00,3.692824787980928,3.722132921218872,3.6635166547429843,3.722132921218872,423600,0.0,0.0
1992-04-06 00:00:00-04:00,3.692824501544237,3.7514407634735107,3.6635163705796003,3.7514407634735107,400000,0.0,0.0
1992-04-07 00:00:00-04:00,3.751439757266287,3.751439757266287,3.3997422800225725,3.4583585262298584,1200400,0.0,0.0
1992-04-08 00:00:00-04:00,3.458359195474993,3.4876673242502045,3.2532022940485104,3.3411266803741455,1201600,0.0,0.0
1992-04-09 00:00:00-04:00,3.3411270370168134,3.5755920922460636,3.3411270370168134,3.5462839603424072,580000,0.0,0.0
1992-04-10 00:00:00-04:00,3.604900360107422,3.692824759134432,3.604900360107422,3.604900360107422,638000,0.0,0.0
1992-04-13 00:00:00-04:00,3.634208152770996,3.6635162830352783,3.604900022506714,3.6635162830352783,353200,0.0,0.0
1992-04-14 00:00:00-04:00,3.663516789674759,3.663516789674759,3.4583598494529726,3.5169761180877686,1199200,0.0,0.0
1992-04-15 00:00:00-04:00,3.4876672744750974,3.4876672744750974,3.1945859909057615,3.2238941192626953,1135200,0.0,0.0
1992-04-16 00:00:00-04:00,3.282510099739864,3.4290507291925367,3.282510099739864,3.399742603302002,1738800,0.0,0.0
1992-04-20 00:00:00-04:00,3.341127020972116,3.429051416260856,3.2532026256833757,3.282510757446289,1166800,0.0,0.0
1992-04-21 00:00:00-04:00,3.3704344774114676,3.399742603302002,3.3411263515209333,3.399742603302002,567600,0.0,0.0
1992-04-22 00:00:00-04:00,3.370435586017845,3.370435586017845,3.2825111794260753,3.311819314956665,660000,0.0,0.0
1992-04-23 00:00:00-04:00,3.3118186554062032,3.3118186554062032,3.018737358467601,3.135969877243042,742400,0.0,0.0
1992-04-24 00:00:00-04:00,3.165278353009905,3.165278353009905,3.0773539543151855,3.0773539543151855,352800,0.0,0.0
1992-04-27 00:00:00-04:00,3.0773543749215464,3.1066625118255615,2.9894299642095024,3.1066625118255615,812000,0.0,0.0
1992-04-28 00:00:00-04:00,3.0773544884645023,3.1066626264498787,3.01873821249375,3.048046350479126,830400,0.0,0.0
1992-04-29 00:00:00-04:00,3.048045304444459,3.253202199935913,3.048045304444459,3.253202199935913,700800,0.0,0.0
1992-04-30 00:00:00-04:00,3.282509787608001,3.516974772437144,3.282509787608001,3.4583585262298584,600000,0.0,0.0
1992-05-01 00:00:00-04:00,3.458359390756358,3.604900042907051,3.3411268690358034,3.3704349994659424,471600,0.0,0.0
1992-05-04 00:00:00-04:00,3.3118188892092024,3.370435152735029,3.282510757446289,3.282510757446289,762800,0.0,0.0
1992-05-05 00:00:00-04:00,3.2532026256833757,3.282510757446289,3.165278230394636,3.282510757446289,647200,0.0,0.0
1992-05-06 00:00:00-04:00,3.3411266326904294,3.3704347610473633,3.2238941192626953,3.2238941192626953,362000,0.0,0.0
1992-05-07 00:00:00-04:00,3.253201704758864,3.4290504455566406,3.253201704758864,3.4290504455566406,384800,0.0,0.0
1992-05-08 00:00:00-04:00,3.370435152735029,3.3997432844979425,3.282510757446289,3.282510757446289,904000,0.0,0.0
1992-05-11 00:00:00-04:00,3.253203043895485,3.3411274504872552,3.253203043895485,3.311819314956665,190400,0.0,0.0
1992-05-12 00:00:00-04:00,3.3118188892092024,3.341127020972116,3.2532026256833757,3.282510757446289,112000,0.0,0.0
1992-05-13 00:00:00-04:00,3.253202199935913,3.253202199935913,3.2238940720085623,3.253202199935913,569200,0.0,0.0
1992-05-14 00:00:00-04:00,3.2532022476196287,3.2532022476196287,3.1945859909057615,3.2238941192626953,168800,0.0,0.0
1992-05-15 00:00:00-04:00,3.223894407989782,3.223894407989782,3.1945862770080566,3.1945862770080566,173200,0.0,0.0
1992-05-18 00:00:00-04:00,3.1945860364980865,3.3411266803741455,3.1945860364980865,3.3411266803741455,494400,0.0,0.0
1992-05-19 00:00:00-04:00,3.3704348091493572,3.3997429379245694,3.311818551598934,3.3411266803741455,209200,0.0,0.0
1992-05-20 00:00:00-04:00,3.3118184557906143,3.3411265837179647,3.253202199935913,3.253202199935913,262400,0.0,0.0
1992-05-21 00:00:00-04:00,3.2238935414007153,3.4583585262298584,3.1945854182970725,3.4583585262298584,1928800,0.0,0.0
1992-05-22 00:00:00-04:00,3.4876666924892326,3.5169748159555287,3.3704341986240482,3.4290504455566406,1095200,0.0,0.0
1992-05-26 00:00:00-04:00,3.4290512603262195,3.458359390756358,3.3704349994659424,3.3704349994659424,137600,0.0,0.0
1992-05-27 00:00:00-04:00,3.3704341986240482,3.4290504455566406,3.3411260751577525,3.4290504455566406,192000,0.0,0.0
1992-05-28 00:00:00-04:00,3.429052020726579,3.458360157655866,2.608424186706543,2.608424186706543,3720800,0.0,0.0
1992-05-29 00:00:00-04:00,2.7549643516540527,2.784272483054628,2.696348088852903,2.7549643516540527,5429200,0.0,0.0
1992-06-01 00:00:00-04:00,2.7549643516540527,2.7549643516540527,2.7256562202534775,2.7549643516540527,1132400,0.0,0.0
1992-06-02 00:00:00-04:00,2.7549643516540527,2.8135806144552027,2.7549643516540527,2.7549643516540527,1615200,0.0,0.0
1992-06-03 00:00:00-04:00,2.754963968111121,2.784272095431452,2.696347713470459,2.696347713470459,1541600,0.0,0.0
1992-06-04 00:00:00-04:00,2.725656032562256,2.754964161944646,2.6670397737974763,2.725656032562256,540000,0.0,0.0
1992-06-05 00:00:00-04:00,2.696348483745868,2.696348483745868,2.6377322123600884,2.6670403480529785,529600,0.0,0.0
1992-06-08 00:00:00-04:00,2.6670402721925215,2.6670402721925215,2.5498077327554878,2.579115867614746,1143600,0.0,0.0
1992-06-09 00:00:00-04:00,2.6084240579057014,2.6084240579057014,2.520499651459442,2.5498077869415283,3946800,0.0,0.0
1992-06-10 00:00:00-04:00,2.5498075717832984,2.5498075717832984,2.4032669067382812,2.4032669067382812,916800,0.0,0.0
1992-06-11 00:00:00-04:00,2.4325748864342183,2.5204992799197927,2.4325748864342183,2.4911911487579346,472000,0.0,0.0
1992-06-12 00:00:00-04:00,2.4618832011555516,2.5204994678497314,2.4618832011555516,2.5204994678497314,389600,0.0,0.0
1992-06-15 00:00:00-04:00,2.520499775918682,2.667040460565117,2.520499775918682,2.608424186706543,252800,0.0,0.0
1992-06-16 00:00:00-04:00,2.6084235150326966,2.754964161944646,2.6084235150326966,2.725656032562256,487600,0.0,0.0
1992-06-17 00:00:00-04:00,2.6963478088378907,2.725655937194824,2.6377315521240234,2.6377315521240234,561200,0.0,0.0
1992-06-18 00:00:00-04:00,2.637732001238091,2.637732001238091,2.432575067808462,2.5204994678497314,368000,0.0,0.0
1992-06-19 00:00:00-04:00,2.5204995978962295,2.608424002474005,2.5204995978962295,2.579115867614746,498800,0.0,0.0
1992-06-22 00:00:00-04:00,2.5204993316105435,2.549807463373457,2.461883068084717,2.461883068084717,377200,0.0,0.0
1992-06-23 00:00:00-04:00,2.4911911487579346,2.5498074110816504,2.4618830175960764,2.4911911487579346,267600,0.0,0.0
1992-06-24 00:00:00-04:00,2.5204994678497314,2.5204994678497314,2.4618832011555516,2.5204994678497314,574000,0.0,0.0
1992-06-25 00:00:00-04:00,2.49119119984763,2.5791155951363702,2.461883068084717,2.461883068084717,890800,0.0,0.0
1992-06-26 00:00:00-04:00,2.461883068084717,2.461883068084717,2.40326680455889,2.461883068084717,371200,0.0,0.0
1992-06-29 00:00:00-04:00,2.4325748864342183,2.5498074110816504,2.4325748864342183,2.4911911487579346,177600,0.0,0.0
1992-06-30 00:00:00-04:00,2.4911911487579346,2.5204992799197927,2.4911911487579346,2.4911911487579346,553200,0.0,0.0
1992-07-01 00:00:00-04:00,2.4911913345026417,2.5204994678497314,2.4618832011555516,2.5204994678497314,495600,0.0,0.0
1992-07-02 00:00:00-04:00,2.49119119984763,2.549807463373457,2.4325749363218034,2.461883068084717,782000,0.0,0.0
1992-07-06 00:00:00-04:00,2.432575067808462,2.5204994678497314,2.432575067808462,2.5204994678497314,199200,0.0,0.0
1992-07-07 00:00:00-04:00,2.5204993316105435,2.549807463373457,2.461883068084717,2.461883068084717,255600,0.0,0.0
1992-07-08 00:00:00-04:00,2.4325749363218034,2.5204993316105435,2.4325749363218034,2.461883068084717,298400,0.0,0.0
1992-07-09 00:00:00-04:00,2.49119119984763,2.49119119984763,2.4325749363218034,2.461883068084717,321600,0.0,0.0
1992-07-10 00:00:00-04:00,2.4618830175960764,2.5204992799197927,2.4618830175960764,2.4911911487579346,102000,0.0,0.0
1992-07-13 00:00:00-04:00,2.461883068084717,2.49119119984763,2.4325749363218034,2.461883068084717,447200,0.0,0.0
1992-07-14 00:00:00-04:00,2.461883172756288,2.461883172756288,2.373958773729278,2.4032669067382812,477200,0.0,0.0
1992-07-15 00:00:00-04:00,2.373958110809326,2.432574360458939,2.34464998598452,2.373958110809326,384400,0.0,0.0
1992-07-16 00:00:00-04:00,2.373958672795977,2.461883068084717,2.373958672795977,2.461883068084717,374800,0.0,0.0
1992-07-17 00:00:00-04:00,2.4325750397472845,2.4325750397472845,2.3446506407202743,2.4032669067382812,298800,0.0,0.0
1992-07-20 00:00:00-04:00,2.4032670584591953,2.608424002474005,2.4032670584591953,2.579115867614746,1390800,0.0,0.0
1992-07-21 00:00:00-04:00,2.6377315521240234,2.725655937194824,2.6377315521240234,2.6377315521240234,594800,0.0,0.0
1992-07-22 00:00:00-04:00,2.6670403480529785,2.696348483745868,2.6377322123600884,2.6670403480529785,280000,0.0,0.0
1992-07-23 00:00:00-04:00,2.6670402721925215,2.6670402721925215,2.579115867614746,2.579115867614746,252400,0.0,0.0
1992-07-24 00:00:00-04:00,2.637732137333263,2.6670402721925215,2.579115867614746,2.579115867614746,368400,0.0,0.0
1992-07-27 00:00:00-04:00,2.6084240766671987,2.696348483745868,2.6084240766671987,2.6670403480529785,742000,0.0,0.0
1992-07-28 00:00:00-04:00,2.667039680480957,2.6963478088378907,2.6377315521240234,2.6377315521240234,473200,0.0,0.0
1992-07-29 00:00:00-04:00,2.6377322297347217,2.8135810450503698,2.6377322297347217,2.7842729091644287,1588000,0.0,0.0
1992-07-30 00:00:00-04:00,2.784272483054628,2.784272483054628,2.7256562202534775,2.7549643516540527,415200,0.0,0.0
1992-07-31 00:00:00-04:00,2.7549643516540527,2.784272483054628,2.7256562202534775,2.7549643516540527,66000,0.0,0.0
1992-08-03 00:00:00-04:00,2.7549641108272054,2.960121012697316,2.7256559819886177,2.9015047550201416,1446400,0.0,0.0
1992-08-04 00:00:00-04:00,2.930812883858729,2.930812883858729,2.8721966261815544,2.9015047550201416,494800,0.0,0.0
1992-08-05 00:00:00-04:00,2.9015052853798378,2.930813419575594,2.872197151184082,2.872197151184082,189600,0.0,0.0
1992-08-06 00:00:00-04:00,2.842888913154602,2.960121445655823,2.842888913154602,2.9308133125305176,462000,0.0,0.0
1992-08-07 00:00:00-04:00,2.930812983168769,2.9894292428321445,2.813580463842018,2.842888593673706,446800,0.0,0.0
1992-08-10 00:00:00-04:00,2.8135807514190674,2.8721970170736313,2.7549644857645035,2.8135807514190674,244400,0.0,0.0
1992-08-11 00:00:00-04:00,2.8135804207094255,2.8135804207094255,2.725656032562256,2.725656032562256,470000,0.0,0.0
1992-08-12 00:00:00-04:00,2.754964161944646,2.754964161944646,2.6670397737974763,2.725656032562256,2212400,0.0,0.0
1992-08-13 00:00:00-04:00,2.7256566373925457,2.7842729091644287,2.7256566373925457,2.7842729091644287,539200,0.0,0.0
1992-08-14 00:00:00-04:00,2.784272483054628,2.784272483054628,2.7256562202534775,2.7549643516540527,160000,0.0,0.0
1992-08-17 00:00:00-04:00,2.7549643516540527,2.784272483054628,2.7256562202534775,2.7549643516540527,379600,0.0,0.0
1992-08-18 00:00:00-04:00,2.754964161944646,2.754964161944646,2.725656032562256,2.725656032562256,326000,0.0,0.0
1992-08-19 00:00:00-04:00,2.72565584079079,2.72565584079079,2.696347713470459,2.696347713470459,388800,0.0,0.0
1992-08-20 00:00:00-04:00,2.7256562202534775,2.7549643516540527,2.7256562202534775,2.7549643516540527,124400,0.0,0.0
1992-08-21 00:00:00-04:00,2.842889016988326,2.9015052853798378,2.842889016988326,2.872197151184082,691600,0.0,0.0
1992-08-24 00:00:00-04:00,2.901504853337081,2.901504853337081,2.842888593673706,2.842888593673706,190000,0.0,0.0
1992-08-25 00:00:00-04:00,2.842889016988326,2.9015052853798378,2.842889016988326,2.872197151184082,285200,0.0,0.0
1992-08-26 00:00:00-04:00,2.842888497342967,2.9015047550201416,2.842888497342967,2.9015047550201416,348000,0.0,0.0
1992-08-27 00:00:00-04:00,2.9015047550201416,2.930812883858729,2.8721966261815544,2.9015047550201416,318800,0.0,0.0
1992-08-28 00:00:00-04:00,2.901504426899523,2.9894288034722356,2.901504426899523,2.960120677947998,404000,0.0,0.0
1992-08-31 00:00:00-04:00,2.9894288034722356,2.9894288034722356,2.960120677947998,2.960120677947998,147600,0.0,0.0
1992-09-01 00:00:00-04:00,2.9894288034722356,2.9894288034722356,2.9308125524237605,2.960120677947998,234000,0.0,0.0
1992-09-02 00:00:00-04:00,2.9308135530589956,3.3411274504872552,2.9308135530589956,3.311819314956665,1950400,0.0,0.0
1992-09-03 00:00:00-04:00,3.311818853572563,3.311818853572563,3.165278196334839,3.165278196334839,807200,0.0,0.0
1992-09-04 00:00:00-04:00,3.2238944592299283,3.2238944592299283,3.135970064887294,3.165278196334839,148400,0.0,0.0
1992-09-08 00:00:00-04:00,3.048046350479126,3.1359707644352546,3.048046350479126,3.048046350479126,368800,0.0,0.0
1992-09-09 00:00:00-04:00,3.1066620872134254,3.1359702201116653,3.0773539543151855,3.0773539543151855,346400,0.0,0.0
1992-09-10 00:00:00-04:00,3.1359696882265107,3.253202199935913,3.1066615602991603,3.253202199935913,243200,0.0,0.0
1992-09-11 00:00:00-04:00,3.2532022476196287,3.2825103759765626,3.2238941192626953,3.2238941192626953,129600,0.0,0.0
1992-09-14 00:00:00-04:00,3.2825111794260753,3.3411274504872552,3.2238949083648953,3.311819314956665,905600,0.0,0.0
1992-09-15 00:00:00-04:00,3.2825103278632635,3.2825103278632635,3.194585944081212,3.253202199935913,831200,0.0,0.0
1992-09-16 00:00:00-04:00,3.2238940720085623,3.3411265837179647,3.2238940720085623,3.253202199935913,427600,0.0,0.0
1992-09-17 00:00:00-04:00,3.3411268690358034,3.399743129896081,3.3411268690358034,3.3704349994659424,267200,0.0,0.0
1992-09-18 00:00:00-04:00,3.341127020972116,3.370435152735029,3.2532026256833757,3.282510757446289,226800,0.0,0.0
1992-09-21 00:00:00-04:00,3.282510757446289,3.341127020972116,3.2532026256833757,3.282510757446289,567600,0.0,0.0
1992-09-22 00:00:00-04:00,3.311818504333496,3.311818504333496,3.2238941192626953,3.2238941192626953,91200,0.0,0.0
1992-09-23 00:00:00-04:00,3.2825111794260753,3.311819314956665,3.253203043895485,3.311819314956665,177200,0.0,0.0
1992-09-24 00:00:00-04:00,3.311819314956665,3.3997437215484347,3.2825111794260753,3.311819314956665,182400,0.0,0.0
1992-09-25 00:00:00-04:00,3.3118184557906143,3.3118184557906143,3.2238940720085623,3.253202199935913,219200,0.0,0.0
1992-09-28 00:00:00-04:00,3.2825113332496496,3.2825113332496496,3.1066625118255615,3.1066625118255615,391200,0.0,0.0
1992-09-29 00:00:00-04:00,3.1359707644352546,3.1359707644352546,2.9601219365229974,3.048046350479126,629600,0.0,0.0
1992-09-30 00:00:00-04:00,3.0773531800449487,3.0773531800449487,2.842888175851048,2.960120677947998,622000,0.0,0.0
1992-10-01 00:00:00-04:00,2.960121415555477,2.960121415555477,2.8135807514190674,2.8135807514190674,315200,0.0,0.0
1992-10-02 00:00:00-04:00,2.9015051794052122,2.9308133125305176,2.842888913154602,2.9308133125305176,434800,0.0,0.0
1992-10-05 00:00:00-04:00,2.901504426899523,2.960120677947998,2.7842719248025727,2.960120677947998,564400,0.0,0.0
1992-10-06 00:00:00-04:00,2.989429186848761,3.077353574697254,2.989429186848761,3.018737316131592,480000,0.0,0.0
1992-10-07 00:00:00-04:00,3.018736928996473,3.018736928996473,2.960120677947998,2.960120677947998,122000,0.0,0.0
1992-10-08 00:00:00-04:00,2.989429555620466,3.1066620872134254,2.960121422722226,3.0773539543151855,384000,0.0,0.0
1992-10-09 00:00:00-04:00,3.0773539543151855,3.0773539543151855,3.0480458214169457,3.0773539543151855,104400,0.0,0.0
1992-10-12 00:00:00-04:00,3.1066618840628806,3.1945862770080566,3.077353753081155,3.1945862770080566,172400,0.0,0.0
1992-10-13 00:00:00-04:00,3.165278196334839,3.2238944592299283,3.165278196334839,3.165278196334839,224400,0.0,0.0
1992-10-14 00:00:00-04:00,3.165278006936902,3.165278006936902,3.0773536178553216,3.135969877243042,824800,0.0,0.0
1992-10-15 00:00:00-04:00,3.1066616058349608,3.2238941192626953,3.0480453491210935,3.2238941192626953,424400,0.0,0.0
1992-10-16 00:00:00-04:00,3.2238940720085623,3.3704347116453155,3.1359696882265107,3.253202199935913,1713200,0.0,0.0
1992-10-19 00:00:00-04:00,3.223894493920463,3.3118188892092024,3.223894493920463,3.282510757446289,751600,0.0,0.0
1992-10-20 00:00:00-04:00,3.3118190024079395,3.5169759317606437,3.2825108696432674,3.4876677989959717,1026800,0.0,0.0
1992-10-21 00:00:00-04:00,3.487666980973606,3.487666980973606,3.3704344774114676,3.399742603302002,354000,0.0,0.0
1992-10-22 00:00:00-04:00,3.3704344774114676,3.458358855083071,3.3411263515209333,3.399742603302002,158400,0.0,0.0
1992-10-23 00:00:00-04:00,3.399742839572666,3.399742839572666,3.253202199935913,3.253202199935913,320800,0.0,0.0
1992-10-26 00:00:00-05:00,3.282510422823722,3.3704348091493572,3.2532022940485104,3.3411266803741455,121600,0.0,0.0
1992-10-27 00:00:00-05:00,3.3411265837179647,3.3411265837179647,3.2238940720085623,3.253202199935913,143600,0.0,0.0
1992-10-28 00:00:00-05:00,3.2532022940485104,3.3411266803741455,3.2532022940485104,3.3411266803741455,206400,0.0,0.0
1992-10-29 00:00:00-05:00,3.3411265837179647,3.3411265837179647,3.253202199935913,3.253202199935913,95200,0.0,0.0
1992-10-30 00:00:00-05:00,3.253203043895485,3.3411274504872552,3.2238949083648953,3.311819314956665,132400,0.0,0.0
1992-11-02 00:00:00-05:00,3.311818738605665,3.3704349994659424,3.2532024777453876,3.3704349994659424,211600,0.0,0.0
1992-11-03 00:00:00-05:00,3.2825103278632635,3.2825103278632635,3.253202199935913,3.253202199935913,169600,0.0,0.0
1992-11-04 00:00:00-05:00,3.2532022476196287,3.2532022476196287,3.2238941192626953,3.2238941192626953,184800,0.0,0.0
1992-11-05 00:00:00-05:00,3.223894165273298,3.3411266803741455,3.223894165273298,3.3411266803741455,248000,0.0,0.0
1992-11-06 00:00:00-05:00,3.311818551598934,3.3704348091493572,3.282510422823722,3.3411266803741455,197200,0.0,0.0
1992-11-09 00:00:00-05:00,3.3704349994659424,3.3704349994659424,3.311818738605665,3.3704349994659424,264400,0.0,0.0
1992-11-10 00:00:00-05:00,3.370435586017845,3.429051857079025,3.311819314956665,3.311819314956665,194000,0.0,0.0
1992-11-11 00:00:00-05:00,3.282510608175526,3.4290512603262195,3.282510608175526,3.3704349994659424,738000,0.0,0.0
1992-11-12 00:00:00-05:00,3.399743129896081,3.399743129896081,3.282510608175526,3.3704349994659424,792400,0.0,0.0
1992-11-13 00:00:00-05:00,3.3704348091493572,3.3704348091493572,3.282510422823722,3.3411266803741455,384000,0.0,0.0
1992-11-16 00:00:00-05:00,3.341127020972116,3.341127020972116,3.2532026256833757,3.282510757446289,225600,0.0,0.0
1992-11-17 00:00:00-05:00,3.2825106699532323,3.2825106699532323,3.1945862770080566,3.1945862770080566,248400,0.0,0.0
1992-11-18 00:00:00-05:00,3.223894493920463,3.282510757446289,3.165278230394636,3.282510757446289,241200,0.0,0.0
1992-11-19 00:00:00-05:00,3.282510757446289,3.3118188892092024,3.223894493920463,3.282510757446289,197200,0.0,0.0
1992-11-20 00:00:00-05:00,3.311819314956665,3.3411274504872552,3.2825111794260753,3.311819314956665,87200,0.0,0.0
1992-11-23 00:00:00-05:00,3.282510757446289,3.3118188892092024,3.2532026256833757,3.282510757446289,94800,0.0,0.0
1992-11-24 00:00:00-05:00,3.253203043895485,3.311819314956665,3.253203043895485,3.311819314956665,214400,0.0,0.0
1992-11-25 00:00:00-05:00,3.311818551598934,3.3411266803741455,3.311818551598934,3.3411266803741455,90400,0.0,0.0
1992-11-27 00:00:00-05:00,3.3704349994659424,3.3704349994659424,3.311818738605665,3.3704349994659424,32400,0.0,0.0
1992-11-30 00:00:00-05:00,3.34112731218338,3.575592386722565,3.3118191778659822,3.5169761180877686,706000,0.0,0.0
1992-12-01 00:00:00-05:00,3.5169759317606437,3.5462840645253157,3.3997434007019556,3.4876677989959717,696000,0.0,0.0
1992-12-02 00:00:00-05:00,3.516974772437144,3.516974772437144,3.3997422800225725,3.4583585262298584,652400,0.0,0.0
1992-12-03 00:00:00-05:00,3.4290512603262195,3.458359390756358,3.3704349994659424,3.3704349994659424,398000,0.0,0.0
1992-12-04 00:00:00-05:00,3.399743300824126,3.5462839603424072,3.3704351689204697,3.5462839603424072,724000,0.0,0.0
1992-12-07 00:00:00-05:00,3.5462839603424072,3.5755920922460636,3.516975828438751,3.5462839603424072,526000,0.0,0.0
1992-12-08 00:00:00-05:00,3.6049001086503267,3.7514407634735107,3.6049001086503267,3.7514407634735107,1168800,0.0,0.0
1992-12-09 00:00:00-05:00,3.780749241511027,3.8393655088212753,3.6928248405456543,3.6928248405456543,815600,0.0,0.0
1992-12-10 00:00:00-05:00,3.692824787980928,3.722132921218872,3.63420852150504,3.722132921218872,385600,0.0,0.0
1992-12-11 00:00:00-05:00,3.7514407634735107,3.839365156367421,3.692824501544237,3.7514407634735107,1124400,0.0,0.0
1992-12-14 00:00:00-05:00,3.7807488040924073,3.7807488040924073,3.6635162830352783,3.6635162830352783,736400,0.0,0.0
1992-12-15 00:00:00-05:00,3.6342085463101745,3.66351667974816,3.4876678791202482,3.575592279434204,449600,0.0,0.0
1992-12-16 00:00:00-05:00,3.546284094089415,3.604900360107422,3.5169759610804117,3.604900360107422,423600,0.0,0.0
1992-12-17 00:00:00-05:00,3.634208573235406,3.6928248405456543,3.6049004395802813,3.6928248405456543,512800,0.0,0.0
1992-12-18 00:00:00-05:00,3.6928239791624007,3.6928239791624007,3.604899598706153,3.6342077255249023,303200,0.0,0.0
1992-12-21 00:00:00-05:00,3.604900360107422,3.634208493116425,3.5755922270984186,3.604900360107422,124800,0.0,0.0
1992-12-22 00:00:00-05:00,3.5462839603424072,3.5755920922460636,3.516975828438751,3.5462839603424072,613600,0.0,0.0
1992-12-23 00:00:00-05:00,3.516975218249905,3.6342077255249023,3.516975218249905,3.6342077255249023,966000,0.0,0.0
1992-12-24 00:00:00-05:00,3.6342077255249023,3.6342077255249023,3.604899598706153,3.6342077255249023,162000,0.0,0.0
1992-12-28 00:00:00-05:00,3.6049004128721895,3.6342085463101745,3.5169760125582337,3.575592279434204,539600,0.0,0.0
1992-12-29 00:00:00-05:00,3.575592279434204,3.6049004128721895,3.575592279434204,3.575592279434204,64400,0.0,0.0
1992-12-30 00:00:00-05:00,3.604900360107422,3.604900360107422,3.5755922270984186,3.604900360107422,280000,0.0,0.0
1992-12-31 00:00:00-05:00,3.604900360107422,3.634208493116425,3.5755922270984186,3.604900360107422,125200,0.0,0.0
1993-01-04 00:00:00-05:00,3.604900521039963,3.604900521039963,3.4876679837703706,3.5169761180877686,362800,0.0,0.0
1993-01-05 00:00:00-05:00,3.4876676965350946,3.5462839603424072,3.4583595646314387,3.5462839603424072,531200,0.0,0.0
1993-01-06 00:00:00-05:00,3.5169757157564163,3.7514407634735107,3.4876675847917795,3.7514407634735107,877600,0.0,0.0
1993-01-07 00:00:00-05:00,3.7514413686899037,3.897982047154353,3.722133232997014,3.8100576400756836,1401600,0.0,0.0
1993-01-08 00:00:00-05:00,3.7514410819716124,3.8393654823303223,3.722132948518709,3.8393654823303223,924000,0.0,0.0
1993-01-11 00:00:00-05:00,3.86867398426945,3.897982120513916,3.839365848024985,3.897982120513916,758400,0.0,0.0
1993-01-12 00:00:00-05:00,3.839364162131922,3.92728853225708,3.8100560387568687,3.92728853225708,781200,0.0,0.0
1993-01-13 00:00:00-05:00,3.8979809788891866,4.015213489532471,3.8686728512283657,4.015213489532471,1050400,0.0,0.0
1993-01-14 00:00:00-05:00,4.044522620891702,4.2496795654296875,4.015214485957705,4.2496795654296875,1692400,0.0,0.0
1993-01-15 00:00:00-05:00,4.220372261760904,4.249680402467576,4.044523417520866,4.073831558227539,1317600,0.0,0.0
1993-01-18 00:00:00-05:00,4.103140001711638,4.132448144581007,3.927291144495425,4.0445237159729,722800,0.0,0.0
1993-01-19 00:00:00-05:00,3.9859074302341626,4.0738318588422695,3.9859074302341626,4.0445237159729,526000,0.0,0.0
1993-01-20 00:00:00-05:00,4.015214794653433,4.073831069027936,3.8979822459044278,3.9565985202789307,687200,0.0,0.0
1993-01-21 00:00:00-05:00,3.8979804088820273,3.9565966556321333,3.839364162131922,3.92728853225708,898800,0.0,0.0
1993-01-22 00:00:00-05:00,3.9272891528466167,4.103137920884525,3.897981024840299,3.985905408859253,733200,0.0,0.0
1993-01-25 00:00:00-05:00,3.9272903830916794,3.9565985202789307,3.8686741087171765,3.9565985202789307,162400,0.0,0.0
1993-01-26 00:00:00-05:00,3.8979802547079143,3.9859046213554614,3.8686721324920654,3.8686721324920654,709600,0.0,0.0
1993-01-27 00:00:00-05:00,3.86867421172386,3.897982349691465,3.69282538391823,3.780749797821045,708400,0.0,0.0
1993-01-28 00:00:00-05:00,3.75144165985344,3.839366073756255,3.75144165985344,3.780749797821045,273600,0.0,0.0
1993-01-29 00:00:00-05:00,3.8100563657694853,3.8100563657694853,3.1066613443966573,3.399742603302002,3081600,0.0,0.0
1993-02-01 00:00:00-05:00,3.2825103278632635,3.3118184557906143,3.2238940720085623,3.253202199935913,2058000,0.0,0.0
1993-02-02 00:00:00-05:00,3.2532022476196287,3.2825103759765626,3.1945859909057615,3.2238941192626953,2483200,0.0,0.0
1993-02-03 00:00:00-05:00,3.253201704758864,3.4290504455566406,3.223893581292568,3.4290504455566406,1531600,0.0,0.0
1993-02-04 00:00:00-05:00,3.3997434007019556,3.4876677989959717,3.3997434007019556,3.4876677989959717,619200,0.0,0.0
1993-02-05 00:00:00-05:00,3.458359390756358,3.546283782046774,3.3704349994659424,3.3704349994659424,974400,0.0,0.0
1993-02-08 00:00:00-05:00,3.3997423220903444,3.4290504455566406,3.3411260751577525,3.4290504455566406,591200,0.0,0.0
1993-02-09 00:00:00-05:00,3.429051066699781,3.458359195474993,3.311818551598934,3.3411266803741455,345200,0.0,0.0
1993-02-10 00:00:00-05:00,3.3411271351726115,3.4876677989959717,3.3118190024079395,3.4876677989959717,1000400,0.0,0.0
1993-02-11 00:00:00-05:00,3.4876677989959717,3.4876677989959717,3.4583596662312996,3.4876677989959717,382400,0.0,0.0
1993-02-12 00:00:00-05:00,3.4876677989959717,3.4876677989959717,3.4583596662312996,3.4876677989959717,340800,0.0,0.0
1993-02-16 00:00:00-05:00,3.458359390756358,3.458359390756358,3.311818738605665,3.3704349994659424,461600,0.0,0.0
1993-02-17 00:00:00-05:00,3.3411274504872552,3.370435586017845,3.2825111794260753,3.311819314956665,548800,0.0,0.0
1993-02-18 00:00:00-05:00,3.3411274504872552,3.370435586017845,3.311819314956665,3.311819314956665,760000,0.0,0.0
1993-02-19 00:00:00-05:00,3.311818551598934,3.3411266803741455,3.282510422823722,3.3411266803741455,313200,0.0,0.0
1993-02-22 00:00:00-05:00,3.311819314956665,3.3411274504872552,3.2825111794260753,3.311819314956665,182800,0.0,0.0
1993-02-23 00:00:00-05:00,3.2825111794260753,3.311819314956665,3.2825111794260753,3.311819314956665,540000,0.0,0.0
1993-02-24 00:00:00-05:00,3.311818738605665,3.3704349994659424,3.311818738605665,3.3704349994659424,439200,0.0,0.0
1993-02-25 00:00:00-05:00,3.3704344774114676,3.399742603302002,3.3411263515209333,3.399742603302002,265200,0.0,0.0
1993-02-26 00:00:00-05:00,3.3997422800225725,3.4583585262298584,3.37043415691893,3.4583585262298584,460800,0.0,0.0
1993-03-01 00:00:00-05:00,3.458359390756358,3.458359390756358,3.3411268690358034,3.3704349994659424,455600,0.0,0.0
1993-03-02 00:00:00-05:00,3.341126033815287,3.4583585262298584,3.311817910711644,3.4583585262298584,384400,0.0,0.0
1993-03-03 00:00:00-05:00,3.4290504455566406,3.4876666924892326,3.4290504455566406,3.4290504455566406,259200,0.0,0.0
1993-03-04 00:00:00-05:00,3.458358569022937,3.458358569022937,3.3118179516914563,3.4290504455566406,434800,0.0,0.0
1993-03-05 00:00:00-05:00,3.4583596950624047,3.692824759134432,3.4583596950624047,3.604900360107422,1020400,0.0,0.0
1993-03-08 00:00:00-05:00,3.6048991417480725,3.6342072648517156,3.4290504031262152,3.4583585262298584,1429600,0.0,0.0
1993-03-09 00:00:00-05:00,3.458358855083071,3.458358855083071,3.3704344774114676,3.399742603302002,807600,0.0,0.0
1993-03-10 00:00:00-05:00,3.37043415691893,3.487666649333501,3.37043415691893,3.4583585262298584,628400,0.0,0.0
1993-03-11 00:00:00-05:00,3.516975828438751,3.60490022414972,3.516975828438751,3.5462839603424072,1289200,0.0,0.0
1993-03-12 00:00:00-05:00,3.516975631713867,3.6928244132995607,3.487667501449585,3.6635162830352783,759200,0.0,0.0
1993-03-15 00:00:00-05:00,3.7514410819716124,3.868673615783225,3.722132948518709,3.8393654823303223,1024800,0.0,0.0
1993-03-16 00:00:00-05:00,3.8979804088820273,3.9565966556321333,3.8100560387568687,3.92728853225708,964000,0.0,0.0
1993-03-17 00:00:00-05:00,3.897982120513916,3.9272902567583814,3.839365848024985,3.897982120513916,1303600,0.0,0.0
1993-03-18 00:00:00-05:00,3.8979822459044278,3.9565985202789307,3.8686741087171765,3.9565985202789307,735200,0.0,0.0
1993-03-19 00:00:00-05:00,3.9859046213554614,3.9859046213554614,3.8393640102762165,3.8686721324920654,1028000,0.0,0.0
1993-03-22 00:00:00-05:00,3.810055888060367,3.8686721324920654,3.7514396436286694,3.8686721324920654,430400,0.0,0.0
1993-03-23 00:00:00-05:00,3.8393657757685733,3.8686739114614634,3.8100576400756836,3.8100576400756836,330000,0.0,0.0
1993-03-24 00:00:00-05:00,3.8100570254027843,3.8979814182966948,3.7514407634735107,3.7514407634735107,817600,0.0,0.0
1993-03-25 00:00:00-05:00,3.6928248405456543,3.6928248405456543,3.6049004395802813,3.6928248405456543,584000,0.0,0.0
1993-03-26 00:00:00-05:00,3.6928239791624007,3.72213210598115,3.6342077255249023,3.6342077255249023,426400,0.0,0.0
1993-03-29 00:00:00-05:00,3.6635158523436515,3.6635158523436515,3.6342077255249023,3.6342077255249023,72800,0.0,0.0
1993-03-30 00:00:00-05:00,3.692824759134432,3.692824759134432,3.604900360107422,3.604900360107422,99600,0.0,0.0
1993-03-31 00:00:00-05:00,3.6342077255249023,3.6635158523436515,3.516975218249905,3.6342077255249023,755200,0.0,0.0
1993-04-01 00:00:00-05:00,3.5755922270984186,3.604900360107422,3.546284094089415,3.604900360107422,157600,0.0,0.0
1993-04-02 00:00:00-05:00,3.546282895540787,3.546282895540787,3.341126033815287,3.4583585262298584,695600,0.0,0.0
1993-04-05 00:00:00-04:00,3.4290517151355746,3.5169761180877686,3.4290517151355746,3.5169761180877686,363600,0.0,0.0
1993-04-06 00:00:00-04:00,3.4876666924892326,3.546282939421825,3.4290504455566406,3.4290504455566406,514000,0.0,0.0
1993-04-07 00:00:00-04:00,3.4290504455566406,3.4876666924892326,3.4290504455566406,3.4290504455566406,672000,0.0,0.0
1993-04-08 00:00:00-04:00,3.458358569022937,3.4876666924892326,3.4290504455566406,3.4290504455566406,96400,0.0,0.0
1993-04-12 00:00:00-04:00,3.3997434007019556,3.575592197289988,3.3997434007019556,3.4876677989959717,791200,0.0,0.0
1993-04-13 00:00:00-04:00,3.5462835818006284,3.57559171057584,3.3411266803741455,3.3411266803741455,404400,0.0,0.0
1993-04-14 00:00:00-04:00,3.3704350628984083,3.3997431938801337,3.1945862770080566,3.1945862770080566,390400,0.0,0.0
1993-04-15 00:00:00-04:00,3.2532022476196287,3.2825103759765626,3.165277862548828,3.2238941192626953,1067200,0.0,0.0
1993-04-16 00:00:00-04:00,3.253202590677473,3.253202590677473,3.135970064887294,3.165278196334839,666400,0.0,0.0
1993-04-19 00:00:00-04:00,3.1359702201116653,3.165278353009905,3.0480458214169457,3.0773539543151855,441200,0.0,0.0
1993-04-20 00:00:00-04:00,3.135969877243042,3.135969877243042,3.0773536178553216,3.135969877243042,842800,0.0,0.0
1993-04-21 00:00:00-04:00,3.135969877243042,3.135969877243042,3.1066617475491816,3.135969877243042,293200,0.0,0.0
1993-04-22 00:00:00-04:00,3.1652779077228748,3.429051066699781,3.135969778947663,3.3411266803741455,1235200,0.0,0.0
1993-04-23 00:00:00-04:00,3.3118188892092024,3.341127020972116,3.282510757446289,3.282510757446289,656000,0.0,0.0
1993-04-26 00:00:00-04:00,3.2825113332496496,3.3118194701536643,3.1066625118255615,3.1066625118255615,657200,0.0,0.0
1993-04-27 00:00:00-04:00,3.1359697341918946,3.2238941192626953,3.1359697341918946,3.2238941192626953,592400,0.0,0.0
1993-04-28 00:00:00-04:00,3.2238941192626953,3.2532022476196287,3.2238941192626953,3.2238941192626953,292400,0.0,0.0
1993-04-29 00:00:00-04:00,3.2532025389715074,3.2532025389715074,3.1652781460263313,3.1945862770080566,799200,0.0,0.0
1993-04-30 00:00:00-04:00,3.194586772834305,3.311819314956665,3.194586772834305,3.311819314956665,660000,0.0,0.0
1993-05-03 00:00:00-04:00,3.3118190024079395,3.4876677989959717,3.3118190024079395,3.4876677989959717,613600,0.0,0.0
1993-05-04 00:00:00-04:00,3.5169760125582337,3.6049004128721895,3.4876678791202482,3.575592279434204,1034400,0.0,0.0
1993-05-05 00:00:00-04:00,3.5462833450686544,3.6342077255249023,3.5462833450686544,3.6342077255249023,583200,0.0,0.0
1993-05-06 00:00:00-04:00,3.663516487957032,3.663516487957032,3.516975828438751,3.5462839603424072,242800,0.0,0.0
1993-05-07 00:00:00-04:00,3.575592305925157,3.6928248405456543,3.546284172270033,3.6928248405456543,364800,0.0,0.0
1993-05-10 00:00:00-04:00,3.722132921218872,3.7807491876947594,3.6635166547429843,3.722132921218872,879200,0.0,0.0
1993-05-11 00:00:00-04:00,3.722132632508874,3.7514407634735107,3.692824501544237,3.7514407634735107,704000,0.0,0.0
1993-05-12 00:00:00-04:00,3.751440773547535,4.220370870240977,3.751440773547535,4.161754608154297,3464000,0.0,0.0
1993-05-13 00:00:00-04:00,4.220370870240977,4.220370870240977,4.073830215024277,4.161754608154297,2365600,0.0,0.0
1993-05-14 00:00:00-04:00,4.1617557418929945,4.220372019947826,4.103139463838164,4.19106388092041,1346000,0.0,0.0
1993-05-17 00:00:00-04:00,4.220371464320591,4.220371464320591,4.1031389236450195,4.1031389236450195,544800,0.0,0.0
1993-05-18 00:00:00-04:00,4.132446477110957,4.191062739197637,4.132446477110957,4.161754608154297,477200,0.0,0.0
1993-05-19 00:00:00-04:00,4.161755193982805,4.161755193982805,4.0152145181383405,4.1031389236450195,1848800,0.0,0.0
1993-05-20 00:00:00-04:00,4.132447058813913,4.161755193982805,4.073830788476126,4.1031389236450195,978000,0.0,0.0
1993-05-21 00:00:00-04:00,4.1031396989342115,4.132447839640885,4.073831558227539,4.073831558227539,1655600,0.0,0.0
1993-05-24 00:00:00-04:00,3.9859074302341626,4.0445237159729,3.956599287364794,4.0445237159729,361600,0.0,0.0
1993-05-25 00:00:00-04:00,4.044523417520866,4.1031396989342115,4.015215276814193,4.073831558227539,756000,0.0,0.0
1993-05-26 00:00:00-04:00,4.073831324810748,4.220372019947826,4.044523185783333,4.19106388092041,1332000,0.0,0.0
1993-05-27 00:00:00-04:00,4.220370483398438,4.454835510253906,4.191062355041503,4.396219253540039,1831200,0.0,0.0
1993-05-28 00:00:00-04:00,4.366911028518158,4.366911028518158,4.278986645393632,4.308294773101807,691600,0.0,0.0
1993-06-01 00:00:00-04:00,4.337603651135173,4.484144315024875,4.308295518357233,4.425528049468994,1151600,0.0,0.0
1993-06-02 00:00:00-04:00,4.454835608198836,4.484143737200144,4.3376030921936035,4.3376030921936035,750000,0.0,0.0
1993-06-03 00:00:00-04:00,4.337603754645226,4.425528155077224,4.308295621167893,4.366911888122559,390000,0.0,0.0
1993-06-04 00:00:00-04:00,4.396220021599891,4.396220021599891,4.366911888122559,4.366911888122559,162000,0.0,0.0
1993-06-07 00:00:00-04:00,4.3962205449740095,4.3962205449740095,4.191063586208555,4.220371723175049,632000,0.0,0.0
1993-06-08 00:00:00-04:00,4.161754608154297,4.249679001284317,4.132446477110957,4.161754608154297,848400,0.0,0.0
1993-06-09 00:00:00-04:00,4.161754608154297,4.220370870240977,4.161754608154297,4.161754608154297,138400,0.0,0.0
1993-06-10 00:00:00-04:00,4.191063515683438,4.191063515683438,4.132447242736816,4.132447242736816,205600,0.0,0.0
1993-06-11 00:00:00-04:00,4.1617557418929945,4.19106388092041,4.13244760286558,4.19106388092041,446400,0.0,0.0
1993-06-14 00:00:00-04:00,4.1617557418929945,4.19106388092041,4.13244760286558,4.19106388092041,187200,0.0,0.0
1993-06-15 00:00:00-04:00,4.220370671520494,4.366911319837178,4.220370671520494,4.278986930847168,793600,0.0,0.0
1993-06-16 00:00:00-04:00,4.337602900809983,4.425527283934509,4.308294773101807,4.308294773101807,1680000,0.0,0.0
1993-06-17 00:00:00-04:00,4.33760401158551,4.542760958079419,4.33760401158551,4.484144687652588,3824000,0.0,0.0
1993-06-18 00:00:00-04:00,4.513452822866004,4.542760958079419,4.484144687652588,4.484144687652588,2094800,0.0,0.0
1993-06-21 00:00:00-04:00,4.484144422031889,4.484144422031889,4.366911888122559,4.366911888122559,774800,0.0,0.0
1993-06-22 00:00:00-04:00,4.366910946444146,4.689300345174922,4.366910946444146,4.659992218017578,1510800,0.0,0.0
1993-06-23 00:00:00-04:00,4.689301411817029,4.689301411817029,4.542760742697746,4.601377010345459,1738000,0.0,0.0
1993-06-24 00:00:00-04:00,4.572068202926451,4.86514949798584,4.542760073420513,4.86514949798584,2461200,0.0,0.0
1993-06-25 00:00:00-04:00,4.86514949798584,4.953073886503656,4.747916979962085,4.86514949798584,1811200,0.0,0.0
1993-06-28 00:00:00-04:00,4.806533233464113,5.040998269242849,4.806533233464113,5.011690139770508,1361200,0.0,0.0
1993-06-29 00:00:00-04:00,5.011690428677727,5.0409985598395854,4.923766035192153,4.982382297515869,1918000,0.0,0.0
1993-06-30 00:00:00-04:00,4.982382010298165,5.040998269242849,4.953073880825824,5.011690139770508,839600,0.0,0.0
1993-07-01 00:00:00-04:00,5.040998663221087,5.040998663221087,4.865149872643607,4.923766136169434,652000,0.0,0.0
1993-07-02 00:00:00-04:00,4.8944573402404785,4.953073595812221,4.865149212454607,4.8944573402404785,681600,0.0,0.0
1993-07-06 00:00:00-04:00,4.923766760990538,5.099615573883057,4.923766760990538,5.099615573883057,977200,0.0,0.0
1993-07-07 00:00:00-04:00,5.0996145281875345,5.128922657659876,5.011690139770508,5.011690139770508,847200,0.0,0.0
1993-07-08 00:00:00-04:00,5.011690802352374,5.070307069046553,5.011690802352374,5.040998935699463,679200,0.0,0.0
1993-07-09 00:00:00-04:00,5.040997352389341,5.304770469665527,5.040997352389341,5.304770469665527,1110000,0.0,0.0
1993-07-12 00:00:00-04:00,5.304772218976702,5.304772218976702,5.128923416137695,5.128923416137695,844800,0.0,0.0
1993-07-13 00:00:00-04:00,5.158230787132219,5.158230787132219,4.953073880825824,5.011690139770508,975600,0.0,0.0
1993-07-14 00:00:00-04:00,5.011691414908077,5.246156510342373,5.011691414908077,5.216848373413086,1134400,0.0,0.0
1993-07-15 00:00:00-04:00,5.246156139807268,5.363388679244302,5.128923600370234,5.158231735229492,1969200,0.0,0.0
1993-07-16 00:00:00-04:00,5.1289233357407324,5.187539602434913,5.040998935699463,5.040998935699463,1170800,0.0,0.0
1993-07-19 00:00:00-04:00,5.040998853875335,5.040998853875335,4.9530744552612305,4.9530744552612305,354400,0.0,0.0
1993-07-20 00:00:00-04:00,4.923766582687466,5.07030725479126,4.806534045004431,5.07030725479126,615600,0.0,0.0
1993-07-21 00:00:00-04:00,5.0409991203705005,5.158231658053536,5.0409991203705005,5.07030725479126,274800,0.0,0.0
1993-07-22 00:00:00-04:00,5.070307688766651,5.392697194988808,5.070307688766651,5.216848373413086,1626400,0.0,0.0
1993-07-23 00:00:00-04:00,5.246156323583502,5.568545818328857,5.246156323583502,5.568545818328857,1766400,0.0,0.0
1993-07-26 00:00:00-04:00,5.568544479331585,5.861625767717458,5.539236350492998,5.803009510040283,1433200,0.0,0.0
1993-07-27 00:00:00-04:00,5.8030109054163885,5.8030109054163885,5.5392376824429155,5.568545818328857,829200,0.0,0.0
1993-07-28 00:00:00-04:00,5.539236834708681,5.568544966109256,5.5099287033081055,5.5099287033081055,1268000,0.0,0.0
1993-07-29 00:00:00-04:00,5.568544668020661,5.715085317179099,5.568544668020661,5.685777187347412,920000,0.0,0.0
1993-07-30 00:00:00-04:00,5.656468868255615,5.6857769971066805,5.656468868255615,5.656468868255615,606400,0.0,0.0
1993-08-02 00:00:00-04:00,5.656470631177609,6.096092700958252,5.627162493192233,6.096092700958252,1802000,0.0,0.0
1993-08-03 00:00:00-04:00,6.154707908630371,6.33055670601981,6.125399775732131,6.154707908630371,2370400,0.0,0.0
1993-08-04 00:00:00-04:00,6.096090890828846,6.154707149394508,5.949550244414691,6.037474632263184,1076400,0.0,0.0
1993-08-05 00:00:00-04:00,6.125398070891322,6.213322445114642,6.096089946150215,6.184014320373535,2212800,0.0,0.0
1993-08-06 00:00:00-04:00,6.154707149394508,6.154707149394508,6.037474632263184,6.037474632263184,804000,0.0,0.0
1993-08-09 00:00:00-04:00,6.066782389601616,6.447788046919592,6.066782389601616,6.418479919433594,2329600,0.0,0.0
1993-08-10 00:00:00-04:00,6.4184810815855515,6.4184810815855515,6.271940417622411,6.301248550415039,1408000,0.0,0.0
1993-08-11 00:00:00-04:00,6.330556683207667,6.4184810815855515,6.301248550415039,6.301248550415039,1182000,0.0,0.0
1993-08-12 00:00:00-04:00,6.359864922196652,6.359864922196652,6.154707989222567,6.2426323890686035,1030800,0.0,0.0
1993-08-13 00:00:00-04:00,6.2426316247922236,6.359864143567664,6.213323495098363,6.271939754486084,1134400,0.0,0.0
1993-08-16 00:00:00-04:00,6.271940129774588,6.330556392669678,6.213323866879499,6.330556392669678,461200,0.0,0.0
1993-08-17 00:00:00-04:00,6.3305570540889615,6.4184814576179745,6.30124891957929,6.359865188598633,897600,0.0,0.0
1993-08-18 00:00:00-04:00,6.477095821808125,6.799485206604004,6.477095821808125,6.799485206604004,3249600,0.0,0.0
1993-08-19 00:00:00-04:00,6.770177747073927,6.770177747073927,6.623637103197868,6.682253360748291,1937600,0.0,0.0
1993-08-20 00:00:00-04:00,6.682254825472297,6.682254825472297,6.506406014275658,6.535714149475098,471600,0.0,0.0
1993-08-23 00:00:00-04:00,6.477096271944475,6.506404399871826,6.301247504380372,6.506404399871826,526000,0.0,0.0
1993-08-24 00:00:00-04:00,6.565021514892578,6.623637778418405,6.506405251366751,6.565021514892578,814000,0.0,0.0
1993-08-25 00:00:00-04:00,6.594328974422655,6.711561489523503,6.594328974422655,6.682253360748291,1109200,0.0,0.0
1993-08-26 00:00:00-04:00,6.623637778418405,6.623637778418405,6.506405251366751,6.565021514892578,1211600,0.0,0.0
1993-08-27 00:00:00-04:00,6.535713995656659,6.535713995656659,6.3305570540889615,6.359865188598633,855600,0.0,0.0
1993-08-30 00:00:00-04:00,6.447788046919592,6.447788046919592,6.359863664461598,6.418479919433594,337600,0.0,0.0
1993-08-31 00:00:00-04:00,6.447789743876778,6.535714149475098,6.418481608677339,6.535714149475098,628800,0.0,0.0
1993-09-01 00:00:00-04:00,6.565021514892578,6.652945910181319,6.506405251366751,6.565021514892578,731200,0.0,0.0
1993-09-02 00:00:00-04:00,6.565021514892578,6.652945910181319,6.565021514892578,6.565021514892578,577600,0.0,0.0
1993-09-03 00:00:00-04:00,6.623637966579861,6.623637966579861,6.565021701388889,6.594329833984375,149600,0.0,0.0
1993-09-07 00:00:00-04:00,6.535713721888726,6.535713721888726,6.2426323890686035,6.2426323890686035,330800,0.0,0.0
1993-09-08 00:00:00-04:00,6.184015184941918,6.184015184941918,5.509928221654411,5.803009510040283,1296800,0.0,0.0
1993-09-09 00:00:00-04:00,5.8616265796479725,6.154707908630371,5.8616265796479725,6.154707908630371,928000,0.0,0.0
1993-09-10 00:00:00-04:00,6.154707989222567,6.271940522350616,6.154707989222567,6.2426323890686035,751600,0.0,0.0
1993-09-13 00:00:00-04:00,6.2426326035312485,6.2719407378201275,6.096091932086853,6.125400066375732,165200,0.0,0.0
1993-09-14 00:00:00-04:00,5.978858947753906,6.037475211947572,5.803010155172909,5.978858947753906,1186400,0.0,0.0
1993-09-15 00:00:00-04:00,6.037475355281386,6.301248550415039,6.037475355281386,6.301248550415039,1026800,0.0,0.0
1993-09-16 00:00:00-04:00,6.3012478841799435,6.3012478841799435,6.213323495098363,6.271939754486084,487600,0.0,0.0
1993-09-17 00:00:00-04:00,6.184016122504579,6.271940522350616,6.154707989222567,6.2426323890686035,753200,0.0,0.0
1993-09-20 00:00:00-04:00,6.213322445114642,6.213322445114642,6.096089946150215,6.184014320373535,1010400,0.0,0.0
1993-09-21 00:00:00-04:00,6.271938694596856,6.389171193561283,6.1547061956324285,6.184014320373535,3042800,0.0,0.0
1993-09-22 00:00:00-04:00,6.2426312485256705,6.565020655726527,6.213323120598321,6.506404399871826,758400,0.0,0.0
1993-09-23 00:00:00-04:00,6.47709761189006,6.946027755737305,6.47709761189006,6.946027755737305,1053600,0.0,0.0
1993-09-24 00:00:00-04:00,6.946025836056677,6.946025836056677,6.740868954822935,6.799485206604004,1536800,0.0,0.0
1993-09-27 00:00:00-04:00,6.799485012566373,6.828793137620538,6.7408687624580415,6.770176887512207,1156800,0.0,0.0
1993-09-28 00:00:00-04:00,6.770178901056015,6.828795168597625,6.711562633514404,6.711562633514404,300000,0.0,0.0
1993-09-29 00:00:00-04:00,6.740871209364671,6.82879561644334,6.447789852435772,6.477097988128662,204800,0.0,0.0
1993-09-30 00:00:00-04:00,6.535712527799177,6.682253167435929,6.477096271944475,6.506404399871826,661600,0.0,0.0
1993-10-01 00:00:00-04:00,6.47709617440559,6.47709617440559,6.418479919433594,6.418479919433594,200000,0.0,0.0
1993-10-04 00:00:00-04:00,6.389172554016113,6.447788815979564,6.389172554016113,6.389172554016113,427600,0.0,0.0
1993-10-05 00:00:00-04:00,6.506403866380748,6.506403866380748,5.861625104847521,5.920241355895996,1327200,0.0,0.0
1993-10-06 00:00:00-04:00,6.0374764249875,6.154708976929005,6.0374764249875,6.096092700958252,1543200,0.0,0.0
1993-10-07 00:00:00-04:00,6.037475399854706,6.096091665872714,5.9788591338367,6.008167266845703,526400,0.0,0.0
1993-10-08 00:00:00-04:00,6.008165732468709,6.008165732468709,5.861625104847521,5.920241355895996,427200,0.0,0.0
1993-10-11 00:00:00-04:00,5.978857410487844,6.213322406977563,5.861624912242984,5.890933036804199,1455200,0.0,0.0
1993-10-12 00:00:00-04:00,5.949550815657073,6.066783344044405,5.949550815657073,5.978858947753906,1013600,0.0,0.0
1993-10-13 00:00:00-04:00,6.037474840425598,6.037474840425598,5.7737016677856445,5.7737016677856445,458800,0.0,0.0
1993-10-14 00:00:00-04:00,5.803010106710864,5.803010106710864,5.539236920042188,5.597853183746338,3392000,0.0,0.0
1993-10-15 00:00:00-04:00,5.627161525787517,5.627161525787517,5.334080196319417,5.480620861053467,1644400,0.0,0.0
1993-10-18 00:00:00-04:00,5.480621074718204,5.480621074718204,5.334080404271194,5.363388538360596,1780000,0.0,0.0
1993-10-19 00:00:00-04:00,5.363388679244302,5.422004948962819,5.070307330651717,5.158231735229492,2487600,0.0,0.0
1993-10-20 00:00:00-04:00,5.0996154655109756,5.568545623259111,5.0996154655109756,5.158231735229492,4047600,0.0,0.0
1993-10-21 00:00:00-04:00,5.275462912447626,5.363387294321753,5.158230403282123,5.24615478515625,5372400,0.0,0.0
1993-10-22 00:00:00-04:00,5.275463104248047,5.451311874389648,5.2461549758911135,5.275463104248047,2664800,0.0,0.0
1993-10-25 00:00:00-04:00,5.27546464727166,5.304772784200947,5.216848373413086,5.216848373413086,2250000,0.0,0.0
1993-10-26 00:00:00-04:00,5.187538719177246,5.30477123260498,5.187538719177246,5.275463104248047,372000,0.0,0.0
1993-10-27 00:00:00-04:00,5.275464136092389,5.363388538360596,5.246156002002987,5.363388538360596,876800,0.0,0.0
1993-10-28 00:00:00-04:00,5.392696177705806,5.627161228910405,5.392696177705806,5.5099287033081055,1185200,0.0,0.0
1993-10-29 00:00:00-04:00,5.509928224000288,5.656468868255615,5.509928224000288,5.656468868255615,562400,0.0,0.0
1993-11-01 00:00:00-05:00,5.597853706110661,5.8323187828063965,5.597853706110661,5.8323187828063965,459200,0.0,0.0
1993-11-02 00:00:00-05:00,5.803010155172909,5.978858947753906,5.803010155172909,5.978858947753906,1034800,0.0,0.0
1993-11-03 00:00:00-05:00,5.97885797334754,5.97885797334754,5.334079172300256,5.392695426940918,1297600,0.0,0.0
1993-11-04 00:00:00-05:00,5.392696535864542,5.392696535864542,5.040998935699463,5.040998935699463,1006800,0.0,0.0
1993-11-05 00:00:00-05:00,4.98238303195471,5.099615573883057,4.923766760990538,5.099615573883057,1928000,0.0,0.0
1993-11-08 00:00:00-05:00,5.158231735229492,5.246156139807268,5.128923600370234,5.158231735229492,715600,0.0,0.0
1993-11-09 00:00:00-05:00,5.187540236483799,5.334080921130234,5.187540236483799,5.216848373413086,762800,0.0,0.0
1993-11-10 00:00:00-05:00,5.275463193191765,5.6857769971066805,5.275463193191765,5.656468868255615,2099200,0.0,0.0
1993-11-11 00:00:00-05:00,5.861626917393363,5.920243186567297,5.80301064821943,5.8323187828063965,1037200,0.0,0.0
1993-11-12 00:00:00-05:00,5.77370222568512,5.978859157562256,5.744394092559815,5.861626625061035,813200,0.0,0.0
1993-11-15 00:00:00-05:00,5.8323185162666515,5.8323185162666515,5.656469716781225,5.715085983276367,730000,0.0,0.0
1993-11-16 00:00:00-05:00,5.744393843006713,5.773701974858788,5.539236920042188,5.597853183746338,759600,0.0,0.0
1993-11-17 00:00:00-05:00,5.597853917341966,5.597853917341966,5.304772560413067,5.334080696105957,963600,0.0,0.0
1993-11-18 00:00:00-05:00,5.363389058059521,5.363389058059521,5.158232099554512,5.216848373413086,602400,0.0,0.0
1993-11-19 00:00:00-05:00,5.128923058509827,5.216847453798566,4.894458004406521,4.923766136169434,1289200,0.0,0.0
1993-11-22 00:00:00-05:00,4.9237649705674915,4.9237649705674915,4.68929997196904,4.747916221618652,1156800,0.0,0.0
1993-11-23 00:00:00-05:00,4.835841740880694,4.953074267932347,4.80653360911778,4.923766136169434,1996400,0.0,0.0
1993-11-24 00:00:00-05:00,4.953072979963945,5.304770469665527,4.923764855822147,5.304770469665527,1343200,0.0,0.0
1993-11-26 00:00:00-05:00,5.2754632888301725,5.568544582654071,5.2754632888301725,5.451312065124512,508800,0.0,0.0
1993-11-29 00:00:00-05:00,5.480620285821339,5.568544675433446,5.480620285821339,5.539236545562744,1330800,0.0,0.0
1993-11-30 00:00:00-05:00,5.59785309750983,5.59785309750983,5.451312440506955,5.5099287033081055,303200,0.0,0.0
1993-12-01 00:00:00-05:00,5.62716073700876,5.8323176388788704,5.62716073700876,5.803009510040283,709200,0.0,0.0
1993-12-02 00:00:00-05:00,5.803009798078973,5.803009798078973,5.744393537492316,5.7737016677856445,430000,0.0,0.0
1993-12-03 00:00:00-05:00,5.773702249771509,5.773702249771509,5.685777850028796,5.715085983276367,646800,0.0,0.0
1993-12-06 00:00:00-05:00,5.392697194988808,5.392697194988808,5.099615825695938,5.216848373413086,1361600,0.0,0.0
1993-12-07 00:00:00-05:00,5.392696462213037,5.480620861053467,5.363388329266226,5.480620861053467,318800,0.0,0.0
1993-12-08 00:00:00-05:00,5.451312440506955,5.5099287033081055,5.451312440506955,5.5099287033081055,182400,0.0,0.0
1993-12-09 00:00:00-05:00,5.451313238877517,5.5685457816490755,5.334080696105957,5.334080696105957,227600,0.0,0.0
1993-12-10 00:00:00-05:00,5.275462912447626,5.363387294321753,5.216846657864874,5.24615478515625,303600,0.0,0.0
1993-12-13 00:00:00-05:00,5.24615422138193,5.304770469665527,5.187537973098333,5.304770469665527,222400,0.0,0.0
1993-12-14 00:00:00-05:00,5.2754632888301725,5.451312065124512,5.2754632888301725,5.451312065124512,568000,0.0,0.0
1993-12-15 00:00:00-05:00,5.422004595159847,5.509928994000276,5.334080196319417,5.480620861053467,632800,0.0,0.0
1993-12-16 00:00:00-05:00,5.451312155950637,5.568544675433446,5.451312155950637,5.539236545562744,536800,0.0,0.0
1993-12-17 00:00:00-05:00,5.480620285821339,5.568544675433446,5.480620285821339,5.539236545562744,314000,0.0,0.0
1993-12-20 00:00:00-05:00,5.568545497193629,5.744394302368164,5.568545497193629,5.744394302368164,464000,0.0,0.0
1993-12-21 00:00:00-05:00,5.6857783618726225,5.6857783618726225,5.568545818328857,5.568545818328857,1081600,0.0,0.0
1993-12-22 00:00:00-05:00,5.597853706110661,5.8323187828063965,5.5685455715236944,5.8323187828063965,211600,0.0,0.0
1993-12-23 00:00:00-05:00,5.890934734809689,6.008167266845703,5.861626601800686,6.008167266845703,437600,0.0,0.0
1993-12-27 00:00:00-05:00,5.978859500608583,6.066783905029297,5.978859500608583,6.066783905029297,166400,0.0,0.0
1993-12-28 00:00:00-05:00,6.0667818214091085,6.184014320373535,6.0667818214091085,6.184014320373535,384400,0.0,0.0
1993-12-29 00:00:00-05:00,6.154707235710643,6.271939754486084,6.154707235710643,6.271939754486084,127200,0.0,0.0
1993-12-30 00:00:00-05:00,6.271940030089212,6.389172554016113,6.213323768125761,6.389172554016113,223600,0.0,0.0
1993-12-31 00:00:00-05:00,6.389171888162424,6.623636911581229,6.359863760235073,6.506404399871826,228800,0.0,0.0
1994-01-03 00:00:00-05:00,6.4477901188832405,6.4477901188832405,6.184016886747108,6.213325023651123,618800,0.0,0.0
1994-01-04 00:00:00-05:00,6.213322445114642,6.213322445114642,6.125398070891322,6.184014320373535,566000,0.0,0.0
1994-01-05 00:00:00-05:00,6.213322445114642,6.2426305698557485,6.037473696668001,6.184014320373535,1042800,0.0,0.0
1994-01-06 00:00:00-05:00,6.213322445114642,6.2426305698557485,6.184014320373535,6.184014320373535,460800,0.0,0.0
1994-01-07 00:00:00-05:00,6.213324579063821,6.213324579063821,5.978859500608583,6.066783905029297,1121200,0.0,0.0
1994-01-10 00:00:00-05:00,6.037474745327664,6.037474745327664,5.539236538188973,5.685777187347412,4071200,0.0,0.0
1994-01-11 00:00:00-05:00,5.744394092559815,5.89093475818634,5.744394092559815,5.861626625061035,1402800,0.0,0.0
1994-01-12 00:00:00-05:00,5.8616248257641725,6.037473570537098,5.685776080991247,5.949549198150635,1588800,0.0,0.0
1994-01-13 00:00:00-05:00,5.920243186567297,5.920243186567297,5.8323187828063965,5.8323187828063965,536000,0.0,0.0
1994-01-14 00:00:00-05:00,5.8616248257641725,6.037473570537098,5.832316701635351,5.949549198150635,413200,0.0,0.0
1994-01-17 00:00:00-05:00,5.890935735060618,6.154708976929005,5.890935735060618,6.096092700958252,624000,0.0,0.0
1994-01-18 00:00:00-05:00,6.096090890828846,6.154707149394508,6.037474632263184,6.037474632263184,1536800,0.0,0.0
1994-01-19 00:00:00-05:00,5.949549481420234,6.037473857992946,5.861625104847521,5.920241355895996,501200,0.0,0.0
1994-01-20 00:00:00-05:00,5.920241355895996,5.920241355895996,5.861625104847521,5.920241355895996,646000,0.0,0.0
1994-01-21 00:00:00-05:00,5.949549481420234,6.008165732468709,5.8909332303717585,5.920241355895996,459200,0.0,0.0
1994-01-24 00:00:00-05:00,5.861624912242984,6.037473659610274,5.83231678768177,5.890933036804199,324400,0.0,0.0
1994-01-25 00:00:00-05:00,5.9788594557412305,6.037475724915164,5.8323187828063965,5.8323187828063965,1726800,0.0,0.0
1994-01-26 00:00:00-05:00,5.920243230994773,6.0960920398362015,5.890935096187868,6.066783905029297,1250800,0.0,0.0
1994-01-27 00:00:00-05:00,6.096091722658542,6.271940522350616,6.096091722658542,6.2426323890686035,628000,0.0,0.0
1994-01-28 00:00:00-05:00,6.271940030089212,6.418480684997839,6.213323768125761,6.389172554016113,1082000,0.0,0.0
1994-01-31 00:00:00-05:00,6.418479386862223,6.770176887512207,6.389171261808057,6.770176887512207,2652000,0.0,0.0
1994-02-01 00:00:00-05:00,6.74087117203569,6.74087117203569,6.53571422332156,6.62363862991333,1178800,0.0,0.0
1994-02-02 00:00:00-05:00,6.594329258418818,6.682253648531069,6.535712998343985,6.652945518493652,1003200,0.0,0.0
1994-02-03 00:00:00-05:00,6.682253648531069,6.682253648531069,6.565021128381401,6.652945518493652,1057600,0.0,0.0
1994-02-04 00:00:00-05:00,6.62363681183558,6.711561194293575,6.418479919433594,6.418479919433594,1054000,0.0,0.0
1994-02-07 00:00:00-05:00,6.418481608677339,6.565022284674538,6.330557203079018,6.535714149475098,542800,0.0,0.0
1994-02-08 00:00:00-05:00,6.565021964660378,6.770178901056015,6.535713830889573,6.711562633514404,2029600,0.0,0.0
1994-02-09 00:00:00-05:00,6.740869988786414,7.033951292646693,6.711561858400386,6.887410640716553,1846400,0.0,0.0
1994-02-10 00:00:00-05:00,6.887409014579577,6.946025261512169,6.799484644180689,6.858100891113281,1172800,0.0,0.0
1994-02-11 00:00:00-05:00,6.740869998931885,6.770178129362023,6.682253738071607,6.740869998931885,450800,0.0,0.0
1994-02-14 00:00:00-05:00,6.828792683148788,7.004641421770645,6.770176436941502,6.916717052459717,1344400,0.0,0.0
1994-02-15 00:00:00-05:00,6.975335597991943,7.004643730756616,6.916719332462599,6.975335597991943,491600,0.0,0.0
1994-02-16 00:00:00-05:00,7.033951922160823,7.26841698623285,6.975335656142816,7.209800720214844,1744400,0.0,0.0
1994-02-17 00:00:00-05:00,7.209800961651379,7.297725363622738,6.946027755737305,6.946027755737305,994000,0.0,0.0
1994-02-18 00:00:00-05:00,6.97533625838148,7.004644393920898,6.916719987302645,7.004644393920898,209200,0.0,0.0
1994-02-22 00:00:00-05:00,7.033951863521287,7.06325999628596,6.975335597991943,6.975335597991943,553600,0.0,0.0
1994-02-23 00:00:00-05:00,6.946027703680847,7.033952104993262,6.711562633514404,6.711562633514404,614000,0.0,0.0
1994-02-24 00:00:00-05:00,6.59433049438274,6.62363862991333,6.4184816811992,6.62363862991333,935600,0.0,0.0
1994-02-25 00:00:00-05:00,6.62363862991333,6.6822549009745105,6.53571422332156,6.62363862991333,314400,0.0,0.0
1994-02-28 00:00:00-05:00,6.711560637403876,6.858101262674703,6.711560637403876,6.770176887512207,304000,0.0,0.0
1994-03-01 00:00:00-05:00,6.770178129362023,6.770178129362023,6.682253738071607,6.740869998931885,372000,0.0,0.0
1994-03-02 00:00:00-05:00,6.652945607641469,6.799486259792162,6.447788694630498,6.740869998931885,593600,0.0,0.0
1994-03-03 00:00:00-05:00,6.711560637403876,6.828793137620538,6.682252512349711,6.770176887512207,704400,0.0,0.0
1994-03-04 00:00:00-05:00,6.770177747073927,6.858102133399562,6.682253360748291,6.682253360748291,298000,0.0,0.0
1994-03-07 00:00:00-05:00,6.65294676544392,6.65294676544392,6.59433049438274,6.62363862991333,388000,0.0,0.0
1994-03-08 00:00:00-05:00,6.623637103197868,6.799485875849139,6.623637103197868,6.682253360748291,283200,0.0,0.0
1994-03-09 00:00:00-05:00,6.799486249558469,6.916718771102581,6.799486249558469,6.887410640716553,586000,0.0,0.0
1994-03-10 00:00:00-05:00,6.858100891113281,6.946025261512169,6.652944026849209,6.858100891113281,615200,0.0,0.0
1994-03-11 00:00:00-05:00,6.858103089066534,6.887411221925793,6.799486823348016,6.828794956207275,121600,0.0,0.0
1994-03-14 00:00:00-05:00,6.740870557629499,6.828794956207275,6.682254291910982,6.828794956207275,256400,0.0,0.0
1994-03-15 00:00:00-05:00,6.8287943799444975,6.887410640716553,6.770178119172441,6.887410640716553,253200,0.0,0.0
1994-03-16 00:00:00-05:00,6.887411487756399,6.9753358897277575,6.887411487756399,6.946027755737305,318800,0.0,0.0
1994-03-17 00:00:00-05:00,6.975335597991943,6.975335597991943,6.946027465227272,6.975335597991943,195600,0.0,0.0
1994-03-18 00:00:00-05:00,6.975333298667002,6.975333298667002,6.887408929356074,6.916717052459717,354800,0.0,0.0
1994-03-21 00:00:00-05:00,6.858103089066534,6.916719354785052,6.828794956207275,6.828794956207275,685200,0.0,0.0
1994-03-22 00:00:00-05:00,6.828794218669428,6.828794218669428,6.213323495098363,6.271939754486084,832800,0.0,0.0
1994-03-23 00:00:00-05:00,6.271939376453021,6.506404399871826,6.271939376453021,6.506404399871826,2643200,0.0,0.0
1994-03-24 00:00:00-05:00,6.477097049907401,6.477097049907401,6.271940129774588,6.330556392669678,719600,0.0,0.0
1994-03-25 00:00:00-05:00,6.3305570063978855,6.389173274975644,6.125400066375732,6.125400066375732,547200,0.0,0.0
1994-03-28 00:00:00-05:00,6.008167290687561,6.096091690063477,5.77370222568512,5.861626625061035,628400,0.0,0.0
1994-03-29 00:00:00-05:00,5.89093505198033,5.9788594557412305,5.8323187828063965,5.8323187828063965,408400,0.0,0.0
1994-03-30 00:00:00-05:00,5.773701383659876,5.773701383659876,5.597852610553485,5.656468868255615,830800,0.0,0.0
1994-03-31 00:00:00-05:00,5.656468226177858,5.920241355895996,5.50992759855667,5.920241355895996,1166400,0.0,0.0
1994-04-04 00:00:00-04:00,5.744392413998125,5.920241161365414,5.65646804031448,5.890933036804199,487200,0.0,0.0
1994-04-05 00:00:00-04:00,6.213325252899757,6.213325252899757,6.0374764249875,6.096092700958252,1062000,0.0,0.0
1994-04-06 00:00:00-04:00,6.096092700958252,6.096092700958252,5.9788601490167474,6.096092700958252,350000,0.0,0.0
1994-04-07 00:00:00-04:00,6.096090976322922,6.271939754486084,6.096090976322922,6.271939754486084,426800,0.0,0.0
1994-04-08 00:00:00-04:00,6.213322445114642,6.271938694596856,6.184014320373535,6.184014320373535,206800,0.0,0.0
1994-04-11 00:00:00-04:00,6.066782761546015,6.066782761546015,6.008166502980353,6.037474632263184,214000,0.0,0.0
1994-04-12 00:00:00-04:00,6.066782669587569,6.066782669587569,5.744393252363109,5.803009510040283,106800,0.0,0.0
1994-04-13 00:00:00-04:00,5.832317336745884,5.832317336745884,5.334079172300256,5.392695426940918,393200,0.0,0.0
1994-04-14 00:00:00-04:00,5.3926945271465065,5.451310772006795,5.187537670135498,5.187537670135498,2096400,0.0,0.0
1994-04-15 00:00:00-04:00,5.187540236483799,5.216848373413086,5.099615825695938,5.216848373413086,1820400,0.0,0.0
1994-04-18 00:00:00-04:00,5.246156510342373,5.27546464727166,5.158232099554512,5.216848373413086,699600,0.0,0.0
1994-04-19 00:00:00-04:00,5.275464085170201,5.304772218976702,5.070307148524693,5.128923416137695,817600,0.0,0.0
1994-04-20 00:00:00-04:00,5.246156061315812,5.246156061315812,5.0409991203705005,5.07030725479126,572400,0.0,0.0
1994-04-21 00:00:00-04:00,5.1289235236327775,5.158231658053536,4.83584217942519,5.07030725479126,2125600,0.0,0.0
1994-04-22 00:00:00-04:00,5.187540017641507,5.509929510263296,5.187540017641507,5.334080696105957,999200,0.0,0.0
1994-04-25 00:00:00-04:00,5.509928994000276,5.597853392840706,5.422004595159847,5.480620861053467,626000,0.0,0.0
1994-04-26 00:00:00-04:00,5.627161228910405,5.627161228910405,5.48062057190753,5.5099287033081055,804000,0.0,0.0
1994-04-28 00:00:00-04:00,5.480621374570406,5.5685457816490755,5.334080696105957,5.334080696105957,503200,0.0,0.0
1994-04-29 00:00:00-04:00,5.334079636467828,5.539236545562744,5.275463376726423,5.539236545562744,274800,0.0,0.0
1994-05-02 00:00:00-04:00,5.5978528860256755,5.832317928372301,5.5978528860256755,5.7737016677856445,466000,0.0,0.0
1994-05-03 00:00:00-04:00,5.685777768492699,5.7737021669745445,5.627161502838135,5.627161502838135,611600,0.0,0.0
1994-05-04 00:00:00-04:00,5.568544675433446,5.568544675433446,5.509928415692042,5.539236545562744,242400,0.0,0.0
1994-05-05 00:00:00-04:00,5.568545237183571,5.627161502838135,5.509928971529007,5.627161502838135,692800,0.0,0.0
1994-05-06 00:00:00-04:00,5.509928971529007,5.627161502838135,5.509928971529007,5.627161502838135,322000,0.0,0.0
1994-05-09 00:00:00-04:00,5.627160841418851,5.627160841418851,5.451312065124512,5.451312065124512,146800,0.0,0.0
1994-05-10 00:00:00-04:00,5.597852023872169,5.597852023872169,5.392695143416121,5.422003269195557,736800,0.0,0.0
1994-05-11 00:00:00-04:00,5.451311874389648,5.480620002746582,5.2461549758911135,5.275463104248047,807600,0.0,0.0
1994-05-12 00:00:00-04:00,5.304771044979925,5.539236063542574,5.304771044979925,5.392695426940918,365600,0.0,0.0
1994-05-13 00:00:00-04:00,5.451312940628802,5.480621074718204,5.334080404271194,5.363388538360596,416400,0.0,0.0
1994-05-16 00:00:00-04:00,5.363388002620024,5.363388002620024,4.923766035192153,4.982382297515869,514400,0.0,0.0
1994-05-17 00:00:00-04:00,5.011690443212336,5.011690443212336,4.77722539323749,4.835841655731201,808800,0.0,0.0
1994-05-18 00:00:00-04:00,5.158231469087823,5.158231469087823,4.9823826690052835,5.040998935699463,1236800,0.0,0.0
1994-05-19 00:00:00-04:00,5.07030743840097,5.216848115811403,5.07030743840097,5.099615573883057,1632800,0.0,0.0
1994-05-20 00:00:00-04:00,5.12892325248944,5.12892325248944,4.9530744552612305,4.9530744552612305,445600,0.0,0.0
1994-05-23 00:00:00-04:00,5.040998935699463,5.070307069046553,4.9823826690052835,5.040998935699463,583200,0.0,0.0
1994-05-24 00:00:00-04:00,5.011690880911691,5.216847817557198,5.011690880911691,5.128923416137695,315600,0.0,0.0
1994-05-25 00:00:00-04:00,5.040999195792459,5.158231735229492,5.040999195792459,5.158231735229492,730000,0.0,0.0
1994-05-26 00:00:00-04:00,5.158231084487017,5.158231084487017,4.982382297515869,4.982382297515869,736800,0.0,0.0
1994-05-27 00:00:00-04:00,4.923766035192153,4.982382297515869,4.894457904030295,4.982382297515869,245600,0.0,0.0
1994-05-31 00:00:00-04:00,4.953072690694346,5.187537670135498,4.923764568264202,5.187537670135498,818400,0.0,0.0
1994-06-01 00:00:00-04:00,5.187538806638569,5.656468868255615,5.187538806638569,5.656468868255615,1276800,0.0,0.0
1994-06-02 00:00:00-04:00,5.7150851235245215,5.890933896556045,5.7150851235245215,5.803009510040283,1137600,0.0,0.0
1994-06-03 00:00:00-04:00,5.803008663120555,5.920241161365414,5.803008663120555,5.890933036804199,836000,0.0,0.0
1994-06-06 00:00:00-04:00,5.890934551463407,6.008167079850739,5.890934551463407,5.978858947753906,410400,0.0,0.0
1994-06-07 00:00:00-04:00,5.9495504495456135,5.978858579838941,5.7737016677856445,5.7737016677856445,508800,0.0,0.0
1994-06-08 00:00:00-04:00,5.7737018859132805,5.832318148714431,5.422004309106381,5.5099287033081055,538400,0.0,0.0
1994-06-09 00:00:00-04:00,5.539235772313298,5.597852023872169,5.363387017636685,5.422003269195557,212400,0.0,0.0
1994-06-10 00:00:00-04:00,5.451312705874443,5.627161502838135,5.334080174565315,5.627161502838135,544800,0.0,0.0
1994-06-13 00:00:00-04:00,5.744392329248889,5.949549198150635,5.744392329248889,5.949549198150635,706800,0.0,0.0
1994-06-14 00:00:00-04:00,5.9788601490167474,6.154708976929005,5.949552011031371,6.096092700958252,745600,0.0,0.0
1994-06-15 00:00:00-04:00,6.066784562972876,6.125400838943628,6.0374764249875,6.096092700958252,563200,0.0,0.0
1994-06-16 00:00:00-04:00,6.066781694665918,6.066781694665918,5.890932949892993,5.949549198150635,263200,0.0,0.0
1994-06-17 00:00:00-04:00,5.920242025394632,5.920242025394632,5.773701381201696,5.803009510040283,181200,0.0,0.0
1994-06-20 00:00:00-04:00,5.832317641362008,5.832317641362008,5.656468868255615,5.656468868255615,202000,0.0,0.0
1994-06-21 00:00:00-04:00,5.568544190862904,5.597852318183236,5.392695426940918,5.392695426940918,418000,0.0,0.0
1994-06-22 00:00:00-04:00,5.744394302368164,5.8030105707596755,5.539237362997873,5.744394302368164,1193600,0.0,0.0
1994-06-23 00:00:00-04:00,5.744393447010787,5.773701576842475,5.685777187347412,5.685777187347412,420800,0.0,0.0
1994-06-24 00:00:00-04:00,5.627160841418851,5.627160841418851,5.451312065124512,5.451312065124512,490400,0.0,0.0
1994-06-27 00:00:00-04:00,5.451312440506955,5.539236834708681,5.392696177705806,5.5099287033081055,835600,0.0,0.0
1994-06-28 00:00:00-04:00,5.568545497193629,5.744394302368164,5.509929228802116,5.744394302368164,401600,0.0,0.0
1994-06-29 00:00:00-04:00,5.832318826574059,6.066783905029297,5.803010691767153,6.066783905029297,631600,0.0,0.0
1994-06-30 00:00:00-04:00,6.037476202227034,6.213325023651123,6.037476202227034,6.213325023651123,960000,0.0,0.0
1994-07-01 00:00:00-04:00,6.154708976929005,6.213325252899757,6.0374764249875,6.096092700958252,399600,0.0,0.0
1994-07-05 00:00:00-04:00,6.096091932086853,6.125400066375732,6.0667837977979735,6.125400066375732,617200,0.0,0.0
1994-07-06 00:00:00-04:00,6.09608981879474,6.09608981879474,5.949549198150635,5.949549198150635,714800,0.0,0.0
1994-07-07 00:00:00-04:00,5.978859928419005,6.213325023651123,5.978859928419005,6.213325023651123,920800,0.0,0.0
1994-07-08 00:00:00-04:00,6.184015083312988,6.682253265380859,6.154706954956055,6.447788238525391,1095200,0.0,0.0
1994-07-11 00:00:00-04:00,6.447789852435772,6.506406123821551,6.330557309664212,6.477097988128662,457600,0.0,0.0
1994-07-12 00:00:00-04:00,6.389172273261525,6.418480402955384,6.271939754486084,6.271939754486084,408800,0.0,0.0
1994-07-13 00:00:00-04:00,6.389172072996173,6.711561489523503,6.389172072996173,6.682253360748291,1446400,0.0,0.0
1994-07-14 00:00:00-04:00,6.85810371415805,6.85810371415805,6.565022358852151,6.62363862991333,1303200,0.0,0.0
1994-07-15 00:00:00-04:00,6.50640369252571,6.50640369252571,6.184014320373535,6.184014320373535,470400,0.0,0.0
1994-07-18 00:00:00-04:00,6.12539794292356,6.213322315310022,5.949549198150635,5.949549198150635,863200,0.0,0.0
1994-07-19 00:00:00-04:00,5.744394379045496,5.89093505198033,5.744394379045496,5.8323187828063965,1186400,0.0,0.0
1994-07-20 00:00:00-04:00,5.86162656545639,5.86162656545639,5.568545237183571,5.627161502838135,902000,0.0,0.0
1994-07-21 00:00:00-04:00,5.568545497193629,5.8030105707596755,5.509929228802116,5.744394302368164,1922800,0.0,0.0
1994-07-22 00:00:00-04:00,5.803008577506531,5.978857322279456,5.803008577506531,5.949549198150635,383200,0.0,0.0
1994-07-25 00:00:00-04:00,5.920243186567297,5.949551321154264,5.80301064821943,5.8323187828063965,243200,0.0,0.0
1994-07-26 00:00:00-04:00,5.80301064821943,5.920243186567297,5.80301064821943,5.8323187828063965,110800,0.0,0.0
1994-07-27 00:00:00-04:00,5.89093475818634,5.89093475818634,5.8030103588104245,5.861626625061035,686800,0.0,0.0
1994-07-28 00:00:00-04:00,5.832317928372301,5.861626058665629,5.744393537492316,5.7737016677856445,881600,0.0,0.0
1994-07-29 00:00:00-04:00,5.773700728274808,5.978857606944471,5.685776351702096,5.920241355895996,1154400,0.0,0.0
1994-08-01 00:00:00-04:00,5.949551000827697,6.008167266845703,5.949551000827697,6.008167266845703,312400,0.0,0.0
1994-08-02 00:00:00-04:00,6.037473570537098,6.09608981879474,5.949549198150635,5.949549198150635,229600,0.0,0.0
1994-08-03 00:00:00-04:00,5.978858373697522,6.125399020111677,5.978858373697522,6.037474632263184,390400,0.0,0.0
1994-08-04 00:00:00-04:00,6.096091244198861,6.418480684997839,6.096091244198861,6.389172554016113,1451200,0.0,0.0
1994-08-05 00:00:00-04:00,6.330556292052663,6.447788815979564,6.330556292052663,6.389172554016113,905200,0.0,0.0
1994-08-08 00:00:00-04:00,6.418480684997839,6.418480684997839,6.359864423034388,6.389172554016113,246800,0.0,0.0
1994-08-09 00:00:00-04:00,6.389172905815973,6.623637966579861,6.389172905815973,6.594329833984375,701200,0.0,0.0
1994-08-10 00:00:00-04:00,6.565020845647444,6.711561489523503,6.535712716872232,6.682253360748291,1520400,0.0,0.0
1994-08-11 00:00:00-04:00,6.711560637403876,6.799485012566373,6.682252512349711,6.770176887512207,1277600,0.0,0.0
1994-08-12 00:00:00-04:00,6.770176887512207,6.828793137620538,6.7408687624580415,6.770176887512207,580800,0.0,0.0
1994-08-15 00:00:00-04:00,6.7408687624580415,6.799485012566373,6.711560637403876,6.770176887512207,756800,0.0,0.0
1994-08-16 00:00:00-04:00,6.740870557629499,6.887411221925793,6.740870557629499,6.828794956207275,1244000,0.0,0.0
1994-08-17 00:00:00-04:00,6.858103089066534,6.916719354785052,6.799486823348016,6.828794956207275,432000,0.0,0.0
1994-08-18 00:00:00-04:00,6.8287943902223,6.887410651082577,6.740869998931885,6.740869998931885,353200,0.0,0.0
1994-08-19 00:00:00-04:00,6.770178690488758,6.887411221925793,6.740870557629499,6.828794956207275,238800,0.0,0.0
1994-08-22 00:00:00-04:00,6.828792767646985,6.858100891113281,6.770176520714393,6.858100891113281,628000,0.0,0.0
1994-08-23 00:00:00-04:00,6.828792683148788,6.946025175563359,6.828792683148788,6.916717052459717,588000,0.0,0.0
1994-08-24 00:00:00-04:00,6.916719621746852,6.9753358897277575,6.887411487756399,6.946027755737305,651200,0.0,0.0
1994-08-25 00:00:00-04:00,6.946028122842063,7.092568800539152,6.946028122842063,7.004644393920898,1346400,0.0,0.0
1994-08-26 00:00:00-04:00,7.033952236175537,7.1218766391277315,7.033952236175537,7.033952236175537,456400,0.0,0.0
1994-08-29 00:00:00-04:00,6.858103066933255,7.004643730756616,6.858103066933255,6.975335597991943,462400,0.0,0.0
1994-08-30 00:00:00-04:00,6.946027833223344,7.0632603704929355,6.946027833223344,7.033952236175537,304000,0.0,0.0
1994-08-31 00:00:00-04:00,6.975335597991943,6.975335597991943,6.916719332462599,6.975335597991943,144400,0.0,0.0
1994-09-01 00:00:00-04:00,6.946025836056677,6.946025836056677,6.623636451260797,6.799485206604004,471600,0.0,0.0
1994-09-02 00:00:00-04:00,6.799486823348016,6.828794956207275,6.711562424770241,6.828794956207275,485600,0.0,0.0
1994-09-06 00:00:00-04:00,6.828792767646985,6.858100891113281,6.799484644180689,6.858100891113281,543200,0.0,0.0
1994-09-07 00:00:00-04:00,6.858103066933255,7.06325999628596,6.799486801403911,6.975335597991943,1125600,0.0,0.0
1994-09-08 00:00:00-04:00,6.975335967540741,7.0632603704929355,6.975335967540741,7.033952236175537,1712400,0.0,0.0
1994-09-09 00:00:00-04:00,6.946025261512169,7.004641508444761,6.858100891113281,6.858100891113281,577600,0.0,0.0
1994-09-12 00:00:00-04:00,6.828793332494539,6.828793332494539,6.7115608289324005,6.799485206604004,331600,0.0,0.0
1994-09-13 00:00:00-04:00,6.799485206604004,6.8581014583850735,6.740868954822935,6.799485206604004,222000,0.0,0.0
1994-09-14 00:00:00-04:00,6.799486801403911,6.975335597991943,6.77017866863924,6.975335597991943,227200,0.0,0.0
1994-09-15 00:00:00-04:00,6.9460277016828895,7.2684171730690155,6.88741143415814,7.239109039306641,1496400,0.0,0.0
1994-09-16 00:00:00-04:00,7.23910817527771,7.356340696334839,7.209800045013428,7.327032566070557,1071600,0.0,0.0
1994-09-19 00:00:00-04:00,7.356341547436184,7.502882215711805,7.356341547436184,7.385649681091309,745200,0.0,0.0
1994-09-20 00:00:00-04:00,7.32703335949632,7.356341492934305,7.151184558868408,7.151184558868408,614400,0.0,0.0
1994-09-21 00:00:00-04:00,7.0925681290506315,7.0925681290506315,6.887411199697928,6.975335597991943,542800,0.0,0.0
1994-09-22 00:00:00-04:00,6.946026139239553,7.121874902258275,6.916718012069766,7.063258647918701,342000,0.0,0.0
1994-09-23 00:00:00-04:00,7.1218766391277315,7.15118477344513,7.033952236175537,7.033952236175537,200800,0.0,0.0
1994-09-26 00:00:00-04:00,7.06325999628596,7.06325999628596,6.946027465227272,6.975335597991943,132000,0.0,0.0
1994-09-27 00:00:00-04:00,6.946025261512169,6.946025261512169,6.858100891113281,6.858100891113281,228400,0.0,0.0
1994-09-28 00:00:00-04:00,6.8581008062524305,6.916717052459717,6.828792683148788,6.916717052459717,322000,0.0,0.0
1994-09-29 00:00:00-04:00,6.916717052459717,6.946025175563359,6.887408929356074,6.916717052459717,209200,0.0,0.0
1994-09-30 00:00:00-04:00,6.916718771102581,6.916718771102581,6.858102510330525,6.887410640716553,245600,0.0,0.0
1994-10-03 00:00:00-04:00,6.887410640716553,7.004643162260664,6.887410640716553,6.887410640716553,419600,0.0,0.0
1994-10-04 00:00:00-04:00,6.8287955014694965,6.8287955014694965,6.535714149475098,6.535714149475098,706400,0.0,0.0
1994-10-05 00:00:00-04:00,6.418480787012312,6.447788918459857,6.2426319983270435,6.330556392669678,1040800,0.0,0.0
1994-10-06 00:00:00-04:00,6.418480402955384,6.418480402955384,6.271939754486084,6.271939754486084,1386800,0.0,0.0
1994-10-07 00:00:00-04:00,6.359865188598633,6.389173323108303,6.271940785069619,6.359865188598633,716000,0.0,0.0
1994-10-10 00:00:00-04:00,6.418480110168457,6.447788238525391,6.389171981811523,6.447788238525391,646000,0.0,0.0
1994-10-11 00:00:00-04:00,6.565021514892578,6.652945910181319,6.535713383129665,6.565021514892578,660400,0.0,0.0
1994-10-12 00:00:00-04:00,6.565020655726527,6.594328783653878,6.506404399871826,6.506404399871826,340000,0.0,0.0
1994-10-13 00:00:00-04:00,6.5650214442500365,6.594329575697581,6.330556392669678,6.330556392669678,364400,0.0,0.0
1994-10-14 00:00:00-04:00,6.271941297459152,6.271941297459152,6.008168065323019,6.213325023651123,1522800,0.0,0.0
1994-10-17 00:00:00-04:00,6.799487034826821,6.858103302368431,6.682254499743599,6.711562633514404,2016000,0.0,0.0
1994-10-18 00:00:00-04:00,6.74086831383786,6.946025175563359,6.74086831383786,6.916717052459717,2482800,0.0,0.0
1994-10-19 00:00:00-04:00,6.887411357926541,7.180492692306394,6.858103224488556,7.151184558868408,1712800,0.0,0.0
1994-10-20 00:00:00-04:00,7.1804923163957834,7.268416712106752,7.033951656877502,7.0925679206848145,892800,0.0,0.0
1994-10-21 00:00:00-04:00,7.121876052588471,7.121876052588471,7.033951656877502,7.0925679206848145,628400,0.0,0.0
1994-10-24 00:00:00-04:00,7.1218767166137695,7.15118485125004,7.063260447341229,7.1218767166137695,814800,0.0,0.0
1994-10-25 00:00:00-04:00,7.092566775088488,7.239107410937424,7.063258647918701,7.063258647918701,642000,0.0,0.0
1994-10-26 00:00:00-04:00,7.121876052588471,7.151184184492127,6.975335393070189,7.0925679206848145,577600,0.0,0.0
1994-10-27 00:00:00-04:00,7.151183599449065,7.385648635496576,7.121875469943126,7.29772424697876,970800,0.0,0.0
1994-10-28 00:00:00-04:00,7.327034678798491,7.825273036956787,7.268418401368102,7.825273036956787,1680000,0.0,0.0
1994-10-31 00:00:00-05:00,7.883888576420541,7.883888576420541,7.678731624617776,7.7080397605896,1574400,0.0,0.0
1994-11-01 00:00:00-05:00,7.708039098113548,7.795963498472257,7.6787309646606445,7.6787309646606445,1363200,0.0,0.0
1994-11-02 00:00:00-05:00,7.620115352674128,7.913196712392365,7.590807216702305,7.7080397605896,1820800,0.0,0.0
1994-11-03 00:00:00-05:00,7.649424204665624,7.825273036956787,7.649424204665624,7.825273036956787,1516400,0.0,0.0
1994-11-04 00:00:00-05:00,7.795963498472257,7.795963498472257,7.649422831207741,7.6787309646606445,922000,0.0,0.0
1994-11-07 00:00:00-05:00,7.7080402854801155,7.7080402854801155,7.56149959564209,7.56149959564209,247600,0.0,0.0
1994-11-08 00:00:00-05:00,7.561499080730481,7.7080397605896,7.532190944758658,7.7080397605896,412400,0.0,0.0
1994-11-09 00:00:00-05:00,7.942504165736773,7.942504165736773,7.649422831207741,7.6787309646606445,844400,0.0,0.0
1994-11-10 00:00:00-05:00,7.561498456428024,7.59080658998007,7.473574055771884,7.532190322875977,402000,0.0,0.0
1994-11-11 00:00:00-05:00,7.5028815269470215,7.590805919840932,7.5028815269470215,7.5028815269470215,377200,0.0,0.0
1994-11-14 00:00:00-05:00,7.561499080730481,7.7080397605896,7.532190944758658,7.7080397605896,298000,0.0,0.0
1994-11-15 00:00:00-05:00,7.678734343906618,7.795966929309773,7.678734343906618,7.766658782958984,643600,0.0,0.0
1994-11-16 00:00:00-05:00,7.7373472577403035,7.76665539129235,7.473574055771884,7.532190322875977,611600,0.0,0.0
1994-11-17 00:00:00-05:00,7.561499528323903,7.561499528323903,7.3563425643771305,7.473575115203857,626800,0.0,0.0
1994-11-18 00:00:00-05:00,7.473575115203857,7.473575115203857,7.3563425643771305,7.473575115203857,664800,0.0,0.0
1994-11-21 00:00:00-05:00,7.473573788352635,7.59080631836601,7.414957523345947,7.414957523345947,1786800,0.0,0.0
1994-11-22 00:00:00-05:00,7.414956765002515,7.4442648945084535,7.268416117472821,7.29772424697876,537600,0.0,0.0
1994-11-23 00:00:00-05:00,7.297724930120975,7.444265591368383,7.033951739875638,7.180492401123047,1621600,0.0,0.0
1994-11-25 00:00:00-05:00,7.209799197412306,7.327031704687303,7.209799197412306,7.268415451049805,65600,0.0,0.0
1994-11-28 00:00:00-05:00,7.327032566070557,7.356340696334839,7.268416305541992,7.327032566070557,311600,0.0,0.0
1994-11-29 00:00:00-05:00,7.327033229083179,7.356341361999512,7.297725096166846,7.356341361999512,261200,0.0,0.0
1994-11-30 00:00:00-05:00,7.356340696334839,7.385648826599121,7.327032566070557,7.327032566070557,150000,0.0,0.0
1994-12-01 00:00:00-05:00,7.2977252260583345,7.356341492934305,7.092568291992438,7.151184558868408,787200,0.0,0.0
1994-12-02 00:00:00-05:00,7.1218767166137695,7.180492985886311,7.092568581977499,7.1218767166137695,501600,0.0,0.0
1994-12-05 00:00:00-05:00,7.092568004374602,7.268416797871493,7.092568004374602,7.180492401123047,228800,0.0,0.0
1994-12-06 00:00:00-05:00,7.151184454196837,7.26841698623285,7.151184454196837,7.209800720214844,360400,0.0,0.0
1994-12-07 00:00:00-05:00,7.151184184492127,7.1804923163957834,7.0925679206848145,7.0925679206848145,346800,0.0,0.0
1994-12-08 00:00:00-05:00,7.03395021372828,7.03395021372828,6.799485206604004,6.799485206604004,781600,0.0,0.0
1994-12-09 00:00:00-05:00,6.799486249558469,6.916718771102581,6.740869988786414,6.887410640716553,1308800,0.0,0.0
1994-12-12 00:00:00-05:00,6.946025836056677,6.975333961947212,6.740868954822935,6.799485206604004,490800,0.0,0.0
1994-12-13 00:00:00-05:00,6.740868954822935,6.799485206604004,6.652944577151332,6.799485206604004,348000,0.0,0.0
1994-12-14 00:00:00-05:00,6.7994868580887955,7.209800720214844,6.7994868580887955,7.209800720214844,1035600,0.0,0.0
1994-12-15 00:00:00-05:00,7.180492643296249,7.473573975675688,7.180492643296249,7.444265842437744,1700000,0.0,0.0
1994-12-16 00:00:00-05:00,7.4442642119623,7.473572338781048,7.268415451049805,7.268415451049805,437200,0.0,0.0
1994-12-19 00:00:00-05:00,7.239108830334181,7.385649494915844,7.209800697417848,7.356341361999512,591200,0.0,0.0
1994-12-20 00:00:00-05:00,7.356341547436184,7.444265948401557,7.356341547436184,7.385649681091309,216400,0.0,0.0
1994-12-21 00:00:00-05:00,7.356341547436184,7.473574082056681,7.32703341378106,7.385649681091309,303600,0.0,0.0
1994-12-22 00:00:00-05:00,7.385649003088474,7.532189657911658,7.385649003088474,7.5028815269470215,767600,0.0,0.0
1994-12-23 00:00:00-05:00,7.5028795840135265,7.883885187889214,7.5028795840135265,7.85457706451416,859600,0.0,0.0
1994-12-27 00:00:00-05:00,7.8545796348259795,7.942504033723285,7.7959633688944425,7.883887767791748,621200,0.0,0.0
1994-12-28 00:00:00-05:00,7.88388890337061,8.030429589306866,7.88388890337061,7.913197040557861,673200,0.0,0.0
1994-12-29 00:00:00-05:00,7.913196746713561,7.97181301891144,7.883888610614622,7.9425048828125,420400,0.0,0.0
1994-12-30 00:00:00-05:00,7.9425048828125,7.9425048828125,7.8252723384167435,7.9425048828125,416000,0.0,0.0
1995-01-03 00:00:00-05:00,7.854580440448717,7.883888576420541,7.7080397605896,7.7080397605896,923200,0.0,0.0
1995-01-04 00:00:00-05:00,7.7080397605896,7.7080397605896,7.590807216702305,7.7080397605896,783600,0.0,0.0
1995-01-05 00:00:00-05:00,7.678731624617776,7.737347896561423,7.649423488645953,7.7080397605896,685600,0.0,0.0
1995-01-06 00:00:00-05:00,7.737344264984131,7.737344264984131,7.649419898336584,7.737344264984131,558000,0.0,0.0
1995-01-09 00:00:00-05:00,7.708039098113548,7.795963498472257,7.6787309646606445,7.6787309646606445,381600,0.0,0.0
1995-01-10 00:00:00-05:00,7.649423279081072,8.206277847290039,7.649423279081072,8.206277847290039,1874000,0.0,0.0
1995-01-11 00:00:00-05:00,8.26488911208286,8.26488911208286,8.00111605531426,8.17696475982666,1232000,0.0,0.0
1995-01-12 00:00:00-05:00,8.147660066074414,8.206276325542573,8.089043806606252,8.118351936340332,374000,0.0,0.0
1995-01-13 00:00:00-05:00,8.206277080277955,8.294201477566649,8.176968947848392,8.23558521270752,859200,0.0,0.0
1995-01-16 00:00:00-05:00,8.294202621946944,8.323510758420253,8.235586349000322,8.264894485473633,472400,0.0,0.0
1995-01-17 00:00:00-05:00,8.264892378368893,8.675206184387207,8.235584249367585,8.675206184387207,1068800,0.0,0.0
1995-01-18 00:00:00-05:00,8.587281991357672,8.587281991357672,8.440741343040989,8.557973861694336,1298400,0.0,0.0
1995-01-19 00:00:00-05:00,8.557976178231948,8.557976178231948,8.38212735265184,8.470051765441895,1627600,0.0,0.0
1995-01-20 00:00:00-05:00,8.352819078802641,8.382127215921248,8.206278393209612,8.29420280456543,758400,0.0,0.0
1995-01-23 00:00:00-05:00,8.206279397868423,8.235587538575096,7.97181427221504,8.147663116455078,1353200,0.0,0.0
1995-01-24 00:00:00-05:00,8.059736251831055,8.147660647305575,8.059736251831055,8.059736251831055,958000,0.0,0.0
1995-01-25 00:00:00-05:00,8.05973814667834,8.05973814667834,7.737348620811206,7.825273036956787,2698800,0.0,0.0
1995-01-26 00:00:00-05:00,7.766656066218865,8.030429291109318,7.766656066218865,7.9425048828125,1650800,0.0,0.0
1995-01-27 00:00:00-05:00,8.001123003337694,8.0890474319458,7.85458228899085,8.0890474319458,684000,0.0,0.0
1995-01-30 00:00:00-05:00,8.059736565586359,8.059736565586359,7.8545796348259795,7.883887767791748,938800,0.0,0.0
1995-01-31 00:00:00-05:00,7.942504772773155,7.942504772773155,7.561499008765587,7.620115280151367,1050400,0.0,0.0
1995-02-01 00:00:00-05:00,7.561499151072107,7.795964241027832,7.532191014827642,7.795964241027832,602800,0.0,0.0
1995-02-02 00:00:00-05:00,7.854576753847526,7.854576753847526,7.649419898336584,7.737344264984131,845600,0.0,0.0
1995-02-03 00:00:00-05:00,7.76665392167428,8.030427073731142,7.76665392167428,7.971810817718506,1357200,0.0,0.0
1995-02-06 00:00:00-05:00,7.942503157935849,8.118351936340332,7.942503157935849,8.118351936340332,390400,0.0,0.0
1995-02-07 00:00:00-05:00,8.118351362047404,8.147659489708225,7.9718107237433,8.030426979064941,255200,0.0,0.0
1995-02-08 00:00:00-05:00,8.030428120006214,8.059736251831055,7.913195592706853,8.059736251831055,299200,0.0,0.0
1995-02-09 00:00:00-05:00,8.089045666633767,8.294202621946944,8.089045666633767,8.264894485473633,1341200,0.0,0.0
1995-02-10 00:00:00-05:00,8.26489520573116,8.499360317950481,8.26489520573116,8.38212776184082,1170800,0.0,0.0
1995-02-13 00:00:00-05:00,8.411435309383604,8.499359720283085,8.411435309383604,8.440743446350098,624000,0.0,0.0
1995-02-14 00:00:00-05:00,8.382127709405118,8.587284681313635,8.382127709405118,8.528668403625488,837200,0.0,0.0
1995-02-15 00:00:00-05:00,8.528667265793372,8.70451607539736,8.499359130859375,8.499359130859375,1198400,0.0,0.0
1995-02-16 00:00:00-05:00,8.499360264781414,8.587284681313635,8.499360264781414,8.528668403625488,1221600,0.0,0.0
1995-02-17 00:00:00-05:00,8.440741740481954,8.440741740481954,8.323509216308594,8.323509216308594,574800,0.0,0.0
1995-02-21 00:00:00-05:00,8.32351107745847,8.470051765441895,7.869234944709857,8.470051765441895,2068800,0.0,0.0
1995-02-22 00:00:00-05:00,8.528665738654054,8.528665738654054,8.32350883085138,8.411433219909668,332400,0.0,0.0
1995-02-23 00:00:00-05:00,8.411433609438614,8.470049871525294,8.323509216308594,8.323509216308594,905600,0.0,0.0
1995-02-24 00:00:00-05:00,8.352818456189386,8.499359130859375,8.29420218632139,8.499359130859375,1088000,0.0,0.0
1995-02-27 00:00:00-05:00,8.440744039895652,8.440744039895652,8.323511483785989,8.38212776184082,269200,0.0,0.0
1995-02-28 00:00:00-05:00,8.382127709405118,8.528668403625488,8.382127709405118,8.528668403625488,817600,0.0,0.0
1995-03-01 00:00:00-05:00,8.470052125937341,8.587284681313635,8.440743987093267,8.528668403625488,773200,0.0,0.0
1995-03-02 00:00:00-05:00,8.528668761660214,8.616593181883516,8.470052481511347,8.587285041809082,488400,0.0,0.0
1995-03-03 00:00:00-05:00,8.528667486630953,9.14413833618164,8.499359350938063,9.14413833618164,1299200,0.0,0.0
1995-03-06 00:00:00-05:00,9.026905645732008,9.114830051372254,8.909673104878344,8.968289375305176,1436000,0.0,0.0
1995-03-07 00:00:00-05:00,8.938978019269925,9.0562105178833,8.880361769963237,9.0562105178833,1632400,0.0,0.0
1995-03-08 00:00:00-05:00,9.026905645732008,9.056213780945422,8.968289375305176,8.968289375305176,1362800,0.0,0.0
1995-03-09 00:00:00-05:00,9.02690409699949,9.202752878109868,8.997595966814426,9.173444747924805,2678000,0.0,0.0
1995-03-10 00:00:00-05:00,9.20275119498924,9.554448692886918,9.173443070164433,9.495832443237305,1340800,0.0,0.0
1995-03-13 00:00:00-05:00,9.495834523981268,9.700991442709258,9.466526392734412,9.671683311462402,776400,0.0,0.0
1995-03-14 00:00:00-05:00,9.730299573956115,9.75960770520297,9.642375180215547,9.671683311462402,785600,0.0,0.0
1995-03-15 00:00:00-05:00,9.495834161622605,9.554450421879535,9.437217901365676,9.46652603149414,1426400,0.0,0.0
1995-03-16 00:00:00-05:00,9.3786014533191,9.495833971485588,9.349293323777477,9.437217712402344,1260400,0.0,0.0
1995-03-17 00:00:00-05:00,9.437218261487557,9.730299573956115,9.378601998993846,9.671683311462402,943200,0.0,0.0
1995-03-20 00:00:00-05:00,9.671683311462402,9.671683311462402,9.583758917721836,9.671683311462402,841200,0.0,0.0
1995-03-21 00:00:00-05:00,9.671683311462402,9.935456492684105,9.642375180215547,9.671683311462402,755600,0.0,0.0
1995-03-22 00:00:00-05:00,9.730296866294065,9.730296866294065,9.525140004655336,9.554448127746582,193600,0.0,0.0
1995-03-23 00:00:00-05:00,9.525141530408117,9.8475309360527,9.525141530408117,9.788914680480957,1154800,0.0,0.0
1995-03-24 00:00:00-05:00,9.730299745287214,9.935456667627607,9.730299745287214,9.847532272338867,941200,0.0,0.0
1995-03-27 00:00:00-05:00,9.847532272338867,9.906148535864695,9.818224140575953,9.847532272338867,321200,0.0,0.0
1995-03-28 00:00:00-05:00,9.876840404101781,9.876840404101781,9.759607877050128,9.847532272338867,815600,0.0,0.0
1995-03-29 00:00:00-05:00,9.847531502706962,10.081996538485699,9.759607114289937,10.023380279541016,1742000,0.0,0.0
1995-03-30 00:00:00-05:00,9.96476479939052,9.96476479939052,9.788916008813041,9.847532272338867,1696800,0.0,0.0
1995-03-31 00:00:00-05:00,9.73029899597168,9.818223384489496,9.554450218936047,9.73029899597168,589600,0.0,0.0
1995-04-03 00:00:00-04:00,9.759606552695086,9.8475309360527,9.700990297123344,9.788914680480957,1628400,0.0,0.0
1995-04-04 00:00:00-04:00,9.847532691025153,9.876840824034156,9.4079106958901,9.613067626953125,2450400,0.0,0.0
1995-04-05 00:00:00-04:00,9.554451338163725,9.759608268737793,9.49583507228542,9.759608268737793,1099200,0.0,0.0
1995-04-06 00:00:00-04:00,9.759608291998143,9.788916425007146,9.613067626953125,9.613067626953125,660400,0.0,0.0
1995-04-07 00:00:00-04:00,9.61306760404203,9.759608268737793,9.61306760404203,9.759608268737793,482800,0.0,0.0
1995-04-10 00:00:00-04:00,9.788916379036989,9.906148910522461,9.788916379036989,9.906148910522461,924400,0.0,0.0
1995-04-11 00:00:00-04:00,9.994072537154926,9.994072537154926,9.818223753509972,9.935456275939941,977600,0.0,0.0
1995-04-12 00:00:00-04:00,9.935454401382403,10.287151902316293,9.906146276304579,10.228535652160645,514800,0.0,0.0
1995-04-13 00:00:00-04:00,10.199228668212891,10.60954246520996,10.169920539855957,10.550926208496094,1686800,0.0,0.0
1995-04-17 00:00:00-04:00,10.668156564572437,11.04916215616431,10.345767217840853,10.375075340270996,1716000,0.0,0.0
1995-04-18 00:00:00-04:00,10.49230844276386,10.638849063472854,10.433692194480264,10.609540939331055,964400,0.0,0.0
1995-04-19 00:00:00-04:00,10.609542079478002,10.638850206769378,10.375077061146998,10.4923095703125,648400,0.0,0.0
1995-04-20 00:00:00-04:00,10.492312279614536,10.492312279614536,10.140614661303434,10.316463470458984,460000,0.0,0.0
1995-04-21 00:00:00-04:00,10.257846805411326,10.404387474060059,10.111306136762593,10.404387474060059,590800,0.0,0.0
1995-04-24 00:00:00-04:00,10.375079791603396,11.019858761703041,10.375079791603396,10.931934356689453,599200,0.0,0.0
1995-04-25 00:00:00-04:00,11.019858457604233,11.488788604736328,10.96124218921272,11.488788604736328,1206400,0.0,0.0
1995-04-26 00:00:00-04:00,11.928408051469798,12.074948690922744,11.89909992357921,11.987024307250977,1923600,0.0,0.0
1995-04-27 00:00:00-04:00,12.074947319220549,12.133563568342979,11.66463357536354,11.781866073608398,1146000,0.0,0.0
1995-04-28 00:00:00-04:00,11.664636960441683,11.869793891906738,11.576712561242374,11.869793891906738,650000,0.0,0.0
1995-05-01 00:00:00-04:00,11.723253299028444,11.752561432276016,11.356901633433806,11.430171966552734,725200,0.0,0.0
1995-05-02 00:00:00-04:00,11.430171573435079,11.752561028070426,11.342247176716347,11.518095970153809,803600,0.0,0.0
1995-05-03 00:00:00-04:00,11.430171966552734,11.488788233047876,11.371555700057591,11.430171966552734,1762400,0.0,0.0
1995-05-04 00:00:00-04:00,11.547402762403392,11.840484050789264,11.45947837588763,11.606019020080566,1079200,0.0,0.0
1995-05-05 00:00:00-04:00,11.664635856744601,11.664635856744601,11.430170814397977,11.547403335571289,1833600,0.0,0.0
1995-05-08 00:00:00-04:00,11.547403326010643,11.781868368163144,11.518095195741582,11.693943977355957,284000,0.0,0.0
1995-05-09 00:00:00-04:00,11.781866073608398,11.840482322730828,11.635325450802325,11.781866073608398,626000,0.0,0.0
1995-05-10 00:00:00-04:00,11.840485782623292,11.840485782623292,11.66463698387146,11.72325325012207,876400,0.0,0.0
1995-05-11 00:00:00-04:00,11.781868143284575,12.48526325631649,11.781868143284575,12.3973388671875,2104000,0.0,0.0
1995-05-12 00:00:00-04:00,12.338723927666159,12.836962186027977,12.338723927666159,12.45595645904541,1073600,0.0,0.0
1995-05-15 00:00:00-04:00,12.426648304074309,12.631805233622707,12.426648304074309,12.602497100830078,337200,0.0,0.0
1995-05-16 00:00:00-04:00,12.602495006656863,12.983500669648816,12.573186878734406,12.866268157958984,762800,0.0,0.0
1995-05-17 00:00:00-04:00,13.364509616352766,13.686899102712154,13.217968940734863,13.217968940734863,2078400,0.0,0.0
1995-05-18 00:00:00-04:00,13.07142676625933,13.33519995212555,13.012810502733503,13.130043029785156,1440400,0.0,0.0
1995-05-19 00:00:00-04:00,12.895577975681851,13.15935116154807,12.778345448630198,13.130043029785156,818000,0.0,0.0
1995-05-22 00:00:00-04:00,13.15935074688297,13.569664578634331,13.15935074688297,13.511048316955566,422000,0.0,0.0
1995-05-23 00:00:00-04:00,13.716205380997566,14.273059872961143,13.657589118685612,13.979978561401367,1075200,0.0,0.0
1995-05-24 00:00:00-04:00,14.009286345606265,14.155826997756957,13.364507476143213,13.48173999786377,1298000,0.0,0.0
1995-05-25 00:00:00-04:00,13.4524320552768,13.65758897115248,13.335199531919267,13.511048316955566,669600,0.0,0.0
1995-05-26 00:00:00-04:00,13.423123747437865,13.423123747437865,13.159350573361575,13.335199356079102,316400,0.0,0.0
1995-05-30 00:00:00-04:00,13.393816686231036,13.48174108460892,12.543880835244822,12.602497100830078,818800,0.0,0.0
1995-05-31 00:00:00-04:00,12.719728280435259,12.86626892882737,12.455955113329459,12.690420150756836,1118800,0.0,0.0
1995-06-01 00:00:00-04:00,12.661113366415334,12.807654030378474,12.57318896803745,12.602497100830078,1912400,0.0,0.0
1995-06-02 00:00:00-04:00,12.602496449743892,13.452432256819643,12.602496449743892,13.393815994262695,1147600,0.0,0.0
1995-06-05 00:00:00-04:00,13.423121657864801,13.80412729444175,13.423121657864801,13.598970413208008,831200,0.0,0.0
1995-06-06 00:00:00-04:00,13.59896912009029,14.067899089748575,13.540352873883004,13.833434104919434,2031200,0.0,0.0
1995-06-07 00:00:00-04:00,13.833437905621478,14.038594823713321,13.804129774465501,13.979978561401367,1066800,0.0,0.0
1995-06-08 00:00:00-04:00,13.979977970474335,14.33167552947998,13.950669840557198,14.33167552947998,688000,0.0,0.0
1995-06-09 00:00:00-04:00,14.126518245595191,14.507523924418297,13.950669470753757,14.273058891296387,1539600,0.0,0.0
1995-06-12 00:00:00-04:00,14.331676669996613,14.536833595742985,14.30236853774713,14.360984802246094,1654400,0.0,0.0
1995-06-13 00:00:00-04:00,14.507524480819702,14.654065132141113,14.419600090026856,14.654065132141113,819600,0.0,0.0
1995-06-14 00:00:00-04:00,14.478220027100807,15.064382781234443,14.448911889394125,14.947150230407715,902000,0.0,0.0
1995-06-15 00:00:00-04:00,14.947147951351376,15.093688617541094,14.800607285161655,14.888531684875488,741200,0.0,0.0
1995-06-16 00:00:00-04:00,15.064379708940248,15.357461026234803,14.888530918563513,14.917839050292969,819600,0.0,0.0
1995-06-19 00:00:00-04:00,14.976458501446155,15.328156157057416,14.976458501446155,15.12299919128418,1094400,0.0,0.0
1995-06-20 00:00:00-04:00,15.269538695995625,15.357463103074293,15.210922424609844,15.240230560302734,1653200,0.0,0.0
1995-06-21 00:00:00-04:00,15.298843402977681,15.32815153210216,14.507523916616766,14.566140174865723,1382000,0.0,0.0
1995-06-22 00:00:00-04:00,14.566144569899686,15.29884801908981,14.53683643193208,15.12299919128418,889200,0.0,0.0
1995-06-23 00:00:00-04:00,15.035073033694564,15.474695052223645,14.976456764557353,15.298846244812012,699600,0.0,0.0
1995-06-26 00:00:00-04:00,15.122996750779038,15.240229283730814,14.741991018685768,14.888531684875488,779600,0.0,0.0
1995-06-27 00:00:00-04:00,14.859224165271142,15.005764837512475,14.683375358581543,14.683375358581543,314800,0.0,0.0
1995-06-28 00:00:00-04:00,14.712681988915373,14.712681988915373,14.097211228422896,14.448908805847168,1032000,0.0,0.0
1995-06-29 00:00:00-04:00,14.419600447254068,14.976454936070791,14.360984185273361,14.859222412109375,944800,0.0,0.0
1995-06-30 00:00:00-04:00,14.888527908471072,15.328149795532227,14.859219782666996,15.328149795532227,864800,0.0,0.0
1995-07-03 00:00:00-04:00,15.328156157057416,15.328156157057416,15.12299919128418,15.12299919128418,80800,0.0,0.0
1995-07-05 00:00:00-04:00,15.152301040707764,15.47469042455261,15.152301040707764,15.328149795532227,521600,0.0,0.0
1995-07-06 00:00:00-04:00,15.44539129215738,16.1780948638916,15.328158720679905,16.1780948638916,1360000,0.0,0.0
1995-07-07 00:00:00-04:00,16.178082059245888,17.379714965820312,16.178082059245888,17.379714965820312,1094000,0.0,0.0
1995-07-10 00:00:00-04:00,17.26249267326461,17.291800810231102,16.73494620786773,16.881486892700195,1509600,0.0,0.0
1995-07-11 00:00:00-04:00,16.881486608626993,16.881486608626993,16.529788970947266,16.529788970947266,1022400,0.0,0.0
1995-07-12 00:00:00-04:00,16.764253296827906,17.467648540051457,16.764253296827906,17.321107864379883,1256400,0.0,0.0
1995-07-13 00:00:00-04:00,17.350414053969295,17.995192954623562,17.233181526577614,17.614187240600586,1204400,0.0,0.0
1995-07-14 00:00:00-04:00,17.35041106929624,18.053806112646086,17.26248668887751,18.024497985839844,1012800,0.0,0.0
1995-07-17 00:00:00-04:00,18.288275814056398,18.786514097452166,18.288275814056398,18.757205963134766,2241200,0.0,0.0
1995-07-18 00:00:00-04:00,18.786509672538845,18.786509672538845,17.70210895821133,17.7900333404541,1770400,0.0,0.0
1995-07-19 00:00:00-04:00,17.233177635317944,17.87795639038086,15.503998246740123,17.87795639038086,2901200,0.0,0.0
1995-07-20 00:00:00-04:00,17.877960427231876,17.877960427231876,17.526262845056824,17.614187240600586,1373200,0.0,0.0
1995-07-21 00:00:00-04:00,17.584875895844995,18.083114046227273,17.584875895844995,17.995189666748047,858400,0.0,0.0
1995-07-24 00:00:00-04:00,18.053808358999397,18.757203489869504,17.965883967640636,18.669279098510742,1157600,0.0,0.0
1995-07-25 00:00:00-04:00,19.10890157294996,19.900221116615064,19.05028531045625,19.343366622924805,1739600,0.0,0.0
1995-07-26 00:00:00-04:00,19.695062844713103,19.695062844713103,19.050284001582614,19.138208389282227,1164400,0.0,0.0
1995-07-27 00:00:00-04:00,19.19682615283037,19.782988783451145,19.19682615283037,19.3726749420166,834000,0.0,0.0
1995-07-28 00:00:00-04:00,19.31405639354547,19.372672649671557,19.02097511291504,19.02097511291504,940400,0.0,0.0
1995-07-31 00:00:00-04:00,19.07959440391482,19.196826934814453,18.52273988214158,19.196826934814453,893200,0.0,0.0
1995-08-01 00:00:00-04:00,19.31405927792237,19.343367410362312,18.49343156960397,19.167518615722656,1412000,0.0,0.0
1995-08-02 00:00:00-04:00,19.255444040423946,19.48990911245346,17.760729206235784,17.819345474243164,1598000,0.0,0.0
1995-08-03 00:00:00-04:00,17.409029006958008,17.760726562654128,17.2038720994686,17.409029006958008,2443200,0.0,0.0
1995-08-04 00:00:00-04:00,17.55557116321551,17.936576881281958,17.55557116321551,17.643495559692383,1228800,0.0,0.0
1995-08-07 00:00:00-04:00,17.819341850593958,18.258963771250055,17.731417466462737,17.848649978637695,796800,0.0,0.0
1995-08-08 00:00:00-04:00,18.024504072662303,18.14173661947637,17.90727152584824,18.083120346069336,516000,0.0,0.0
1995-08-09 00:00:00-04:00,18.493432442853408,18.55204871050112,18.200351104614843,18.405508041381836,814400,0.0,0.0
1995-08-10 00:00:00-04:00,18.434810769753376,18.434810769753376,17.819340139920595,17.87795639038086,502800,0.0,0.0
1995-08-11 00:00:00-04:00,18.258960670981477,18.258960670981477,17.907263194172845,17.965879440307617,746000,0.0,0.0
1995-08-14 00:00:00-04:00,17.936576018139114,18.69858741760254,17.936576018139114,18.69858741760254,591200,0.0,0.0
1995-08-15 00:00:00-04:00,18.669278518013332,19.079592331596043,18.4934297407636,18.874435424804688,1742800,0.0,0.0
1995-08-16 00:00:00-04:00,19.314056774543047,19.841603090084433,19.226132388619483,19.665754318237305,1460000,0.0,0.0
1995-08-17 00:00:00-04:00,19.8416052034923,20.10537838935852,19.401983227048603,19.695064544677734,1585200,0.0,0.0
1995-08-18 00:00:00-04:00,19.63644812579595,19.724372520389068,19.19682615283037,19.3726749420166,623200,0.0,0.0
1995-08-21 00:00:00-04:00,19.401986497727552,19.401986497727552,17.995195935958787,18.083120346069336,1730000,0.0,0.0
1995-08-22 00:00:00-04:00,18.28827265879554,18.610662080665335,18.1124238832302,18.552045822143555,1668000,0.0,0.0
1995-08-23 00:00:00-04:00,18.698586468448006,18.815818985491568,18.552045822143555,18.552045822143555,961600,0.0,0.0
1995-08-24 00:00:00-04:00,18.610664978148833,18.639973111972687,18.171042970790985,18.405508041381836,590800,0.0,0.0
1995-08-25 00:00:00-04:00,18.405503437651095,18.434811564144173,17.965881540254973,17.995189666748047,674000,0.0,0.0
1995-08-28 00:00:00-04:00,18.024499729426218,18.141732247991595,17.409029006958008,17.409029006958008,592800,0.0,0.0
1995-08-29 00:00:00-04:00,17.438331205165404,17.438331205165404,16.207390178918438,17.379714965820312,1963600,0.0,0.0
1995-08-30 00:00:00-04:00,17.584879295374467,17.76072808832821,17.350414238102807,17.643495559692383,724800,0.0,2.0
1995-08-31 00:00:00-04:00,17.70210876716639,17.995190038145967,17.409027496186816,17.760725021362305,828000,0.0,0.0
1995-09-01 00:00:00-04:00,17.35041349787377,17.70211106877662,17.233180974239488,17.526262283325195,1143600,0.0,0.0
1995-09-05 00:00:00-04:00,17.17456710791286,18.5813575877419,17.17456710791286,18.522741317749023,1819600,0.0,0.0
1995-09-06 00:00:00-04:00,18.991671477692037,19.28475282765642,18.171043697791763,18.522741317749023,1966600,0.0,0.0
1995-09-07 00:00:00-04:00,18.757203679099725,19.05028498658566,18.581354894608165,18.69858741760254,2038200,0.0,0.0
1995-09-08 00:00:00-04:00,18.87443844134991,19.1089035151555,18.288275756835937,19.0502872467041,1293200,0.0,0.0
1995-09-11 00:00:00-04:00,19.050286410449147,19.519216537475586,18.815821346935923,19.519216537475586,1168600,0.0,0.0
1995-09-12 00:00:00-04:00,19.460598405300647,19.519214665557577,18.698587021960563,18.93305206298828,1224000,0.0,0.0
1995-09-13 00:00:00-04:00,18.639973857734777,18.874438937706284,18.40550877776327,18.522741317749023,710800,0.0,0.0
1995-09-14 00:00:00-04:00,18.522735145443775,18.522735145443775,17.819340139920595,17.87795639038086,787800,0.0,0.0
1995-09-15 00:00:00-04:00,17.70210952758789,17.70210952758789,17.174563217163087,17.29179573059082,1170600,0.0,0.0
1995-09-18 00:00:00-04:00,17.52626413420627,17.9951942782653,17.115950258154616,17.819345474243164,1219600,0.0,0.0
1995-09-19 00:00:00-04:00,18.11242712697675,18.522741010112146,17.995194588938066,18.171043395996094,962600,0.0,0.0
1995-09-20 00:00:00-04:00,18.171037642682183,18.405502644523246,17.87795639038086,17.87795639038086,608800,0.0,0.0
1995-09-21 00:00:00-04:00,17.702116604957972,17.819349165255705,16.588407282129488,17.174570083618164,1917800,0.0,0.0
1995-09-22 00:00:00-04:00,16.705638070901234,16.99871944056617,16.529789249102276,16.881486892700195,1273400,0.0,0.0
1995-09-25 00:00:00-04:00,16.99871952879134,17.05733580302855,16.471173060656437,16.58840560913086,827600,0.0,0.0
1995-09-26 00:00:00-04:00,16.647017688957792,16.822866467362278,16.06085509427618,16.236703872680664,710600,0.0,0.0
1995-09-27 00:00:00-04:00,16.06085509427618,16.236703872680664,15.122994942785601,16.236703872680664,1479400,0.0,0.0
1995-09-28 00:00:00-04:00,16.471170273334085,17.76072808832821,16.471170273334085,17.643495559692383,2234200,0.0,0.0
1995-09-29 00:00:00-04:00,17.584882179896038,17.64349845382902,16.822870618767208,16.881486892700195,1722000,0.0,0.0
1995-10-02 00:00:00-04:00,16.881489047043615,17.174570454110345,16.295326232910156,16.295326232910156,727800,0.0,0.0
1995-10-03 00:00:00-04:00,16.412557054143463,16.99871980607716,16.236708228563355,16.94010353088379,1628800,0.0,0.0
1995-10-04 00:00:00-04:00,16.471173537794012,16.58840608966443,14.947150363478551,15.12299919128418,2048600,0.0,0.0
1995-10-05 00:00:00-04:00,14.654067985911785,15.650544608953787,14.654067985911785,15.4160795211792,2659600,0.0,0.0
1995-10-06 00:00:00-04:00,15.709159530756127,15.709159530756127,14.888531794074837,15.357461929321289,2227800,0.0,0.0
1995-10-09 00:00:00-04:00,15.181611839681864,15.591925673186779,14.94714679196477,15.005763053894043,1620400,0.0,0.0
1995-10-10 00:00:00-04:00,14.067903313755004,14.654065951828128,13.71620573091113,14.185135841369629,4235600,0.0,0.0
1995-10-11 00:00:00-04:00,15.00576405316235,15.00576405316235,14.478217660668362,14.712682723999023,2147800,0.0,0.0
1995-10-12 00:00:00-04:00,14.947149203373835,15.591928188617413,14.829916660602276,15.240230560302734,1548200,0.0,0.0
1995-10-13 00:00:00-04:00,15.943624081818955,16.00224034682564,14.71268251667852,14.829915046691895,1245200,0.0,0.0
1995-10-16 00:00:00-04:00,14.82991641091659,15.298846574107628,12.954195758152437,13.071428298950195,4312600,0.0,0.0
1995-10-17 00:00:00-04:00,13.716206550598145,14.947148164113361,13.364508946736652,14.771299362182617,4563200,0.0,0.0
1995-10-18 00:00:00-04:00,15.82639342478473,15.943625968672023,15.298846977291905,15.4160795211792,3687800,0.0,0.0
1995-10-19 00:00:00-04:00,15.357462035285101,15.357462035285101,14.771299362182617,14.771299362182617,1953400,0.0,0.0
1995-10-20 00:00:00-04:00,14.771298653738839,14.771298653738839,14.185136008749204,14.360984802246094,1180200,0.0,0.0
1995-10-23 00:00:00-04:00,14.126518787384033,14.771297653198243,14.067902526855468,14.654065132141113,1578400,0.0,0.0
1995-10-24 00:00:00-04:00,14.712685128754261,15.122999056647807,14.712685128754261,14.947150230407715,1007600,0.0,0.0
1995-10-25 00:00:00-04:00,14.947144677562097,15.064377184837095,14.53683090209961,14.53683090209961,779200,0.0,0.0
1995-10-26 00:00:00-04:00,14.59544986024195,14.59544986024195,13.950670950753349,14.360984802246094,1102000,0.0,0.0
1995-10-27 00:00:00-04:00,14.36098512900303,14.88853152149702,14.36098512900303,14.712682723999023,1493800,0.0,0.0
1995-10-30 00:00:00-05:00,15.06437761766197,16.119470213451525,15.06437761766197,16.060853958129883,1719800,0.0,0.0
1995-10-31 00:00:00-05:00,16.06086001592629,16.295325125647842,15.650546073913574,15.650546073913574,1122000,0.0,0.0
1995-11-01 00:00:00-05:00,15.474694349634365,15.59192688258614,14.771299151923712,14.888531684875488,759800,0.0,0.0
1995-11-02 00:00:00-05:00,14.654068122232767,15.591928482055664,14.654068122232767,15.591928482055664,1864000,0.0,0.0
1995-11-03 00:00:00-05:00,16.002243738495903,16.295325125647842,15.533313519052799,15.650546073913574,1742800,0.0,0.0
1995-11-06 00:00:00-05:00,15.474695860239853,16.412556215405903,15.416079588041974,15.885009765625,1656600,0.0,0.0
1995-11-07 00:00:00-05:00,15.474694099746833,15.533310365276176,13.774822399395855,13.950671195983887,3331600,0.0,0.0
1995-11-08 00:00:00-05:00,14.30236684230336,14.419599357404207,13.130041691294888,13.364506721496582,4347400,0.0,0.0
1995-11-09 00:00:00-05:00,14.00928804743642,14.243753119360042,13.833439243493704,13.89205551147461,1689800,0.0,0.0
1995-11-10 00:00:00-05:00,13.892056245684126,14.53683522755132,13.892056245684126,14.009288787841797,938400,0.0,0.0
1995-11-13 00:00:00-05:00,14.067902585293385,14.302367628381608,13.774821281433105,13.774821281433105,771000,0.0,0.0
1995-11-14 00:00:00-05:00,12.954195758152437,13.423125921343475,12.895579487753556,13.071428298950195,1354200,0.0,0.0
1995-11-15 00:00:00-05:00,12.895579087106805,13.071427892840079,11.899102521284915,12.250800132751465,3584400,0.0,0.0
1995-11-16 00:00:00-05:00,12.368034229828762,12.661115609682524,11.723255194150486,12.192185401916504,3855200,0.0,0.0
1995-11-17 00:00:00-05:00,12.485264569659567,12.895578428756359,12.309415772903797,12.602497100830078,2668400,0.0,0.0
1995-11-20 00:00:00-05:00,12.602496801638136,12.719729330025466,11.84048536712048,11.957717895507812,1391600,0.0,0.0
1995-11-21 00:00:00-05:00,11.723253678302376,11.899102483476911,11.078474725995745,11.488788604736328,5462400,0.0,0.0
1995-11-22 00:00:00-05:00,11.488788115149513,11.899101976404852,10.844009190319694,10.961241722106934,1852600,0.0,0.0
1995-11-24 00:00:00-05:00,11.019856831384084,11.078473091125488,10.961240571642678,11.078473091125488,1158800,0.0,0.0
1995-11-27 00:00:00-05:00,11.195704636366472,11.371553400288459,10.726774599241175,10.785390853881836,2663600,0.0,0.0
1995-11-28 00:00:00-05:00,10.668159426771444,11.606019596157946,10.668159426771444,11.547403335571289,3889800,0.0,0.0
1995-11-29 00:00:00-05:00,11.840482395407149,12.543877389193712,11.840482395407149,12.36802864074707,3027600,0.0,0.0
1995-11-30 00:00:00-05:00,12.133567595595947,12.895579087106805,11.899102521284915,12.250800132751465,3304800,0.0,0.0
1995-12-01 00:00:00-05:00,12.192183380126954,12.250799646377564,11.606020717620849,11.72325325012207,2177400,0.0,0.0
1995-12-04 00:00:00-05:00,11.957720298033495,12.543883057741018,11.84048774609199,12.192185401916504,1850800,0.0,0.0
1995-12-05 00:00:00-05:00,12.309414112206662,12.54387914291536,11.488786504726217,11.606019020080566,1928200,0.0,0.0
1995-12-06 00:00:00-05:00,12.133568256779721,12.133568256779721,10.902626549570183,11.137091636657715,2452600,0.0,0.0
1995-12-07 00:00:00-05:00,11.078474253894173,11.430171849255894,10.961241722106934,10.961241722106934,2158200,0.0,0.0
1995-12-08 00:00:00-05:00,11.195705216340345,11.664635277757741,10.726775154922947,11.606019020080566,1742400,0.0,0.0
1995-12-11 00:00:00-05:00,11.723251535434915,11.840484050789264,11.371553989371868,11.606019020080566,849400,0.0,0.0
1995-12-12 00:00:00-05:00,11.72325313091278,11.72325313091278,11.078474208712578,11.25432300567627,1161000,0.0,0.0
1995-12-13 00:00:00-05:00,11.195706367492676,11.430171422309277,11.019857576380225,11.195706367492676,1383400,0.0,0.0
1995-12-14 00:00:00-05:00,11.195703422167025,11.195703422167025,9.847529711644293,10.609540939331055,2063000,0.0,0.0
1995-12-15 00:00:00-05:00,10.316461181640625,10.550926208496094,9.847531127929686,10.550926208496094,1939600,0.0,0.0
1995-12-18 00:00:00-05:00,9.847531502706962,10.257845315319752,9.437217690094172,10.023380279541016,2017000,0.0,0.0
1995-12-19 00:00:00-05:00,10.199229195004417,11.195705610608297,10.081996675521609,11.078473091125488,2828800,0.0,0.0
1995-12-20 00:00:00-05:00,11.254320891007133,11.488785909569783,10.60954208995985,10.785390853881836,2649200,0.0,0.0
1995-12-21 00:00:00-05:00,11.019854672436644,12.074947141074196,11.019854672436644,11.89909839630127,2911800,0.0,0.0
1995-12-22 00:00:00-05:00,11.840482322730828,12.016331070098119,11.60601732624111,11.781866073608398,1025400,0.0,0.0
1995-12-26 00:00:00-05:00,11.723253834786727,11.899102642308527,11.60602129643886,11.664637565612793,721000,0.0,0.0
1995-12-27 00:00:00-05:00,11.664635856744601,11.723252117331258,11.547403335571289,11.547403335571289,655800,0.0,0.0
1995-12-28 00:00:00-05:00,11.254323167067307,11.60602076603816,11.195706900572166,11.430171966552734,846800,0.0,0.0
1995-12-29 00:00:00-05:00,11.43016857887382,12.368028564832697,11.37155232975139,11.781866073608398,1063600,0.0,0.0
1996-01-02 00:00:00-05:00,11.430172458771736,12.895579184255292,11.371556189752393,12.719730377197266,927400,0.0,0.0
1996-01-03 00:00:00-05:00,12.71973050619669,13.012811854265738,11.957719001217166,12.133567810058594,3365400,0.0,0.0
1996-01-04 00:00:00-05:00,11.840485735637385,12.074950799709413,11.606020671565359,12.016334533691406,3098800,0.0,0.0
1996-01-05 00:00:00-05:00,11.781867971698057,12.42664681592034,11.723251713132395,12.074949264526367,1094200,0.0,0.0
1996-01-08 00:00:00-05:00,11.957717895507812,12.13356668808881,11.899101631314146,11.957717895507812,223200,0.0,0.0
1996-01-09 00:00:00-05:00,11.781869396567345,11.781869396567345,10.785392880439758,11.25432300567627,1418200,0.0,0.0
1996-01-10 00:00:00-05:00,10.785391612719463,11.66463549419116,10.785391612719463,10.902624130249023,2629000,0.0,0.0
1996-01-11 00:00:00-05:00,11.371556219743125,11.840486373134594,11.195707412221322,11.664637565612793,1358000,0.0,0.0
1996-01-12 00:00:00-05:00,11.60602076603816,11.664637032533303,11.195706900572166,11.430171966552734,863200,0.0,0.0
1996-01-15 00:00:00-05:00,11.371556567049575,11.371556567049575,10.14061487680194,10.199231147766113,1448400,0.0,0.0
1996-01-16 00:00:00-05:00,10.785392488752093,10.785392488752093,9.378602164132255,9.847532272338867,4028000,0.0,0.0
1996-01-17 00:00:00-05:00,9.847532070384306,10.5509272182689,9.671683283413158,9.964764595031738,3260800,0.0,0.0
1996-01-18 00:00:00-05:00,10.081998391584918,10.43369600989602,9.906149582429366,10.316463470458984,1716400,0.0,0.0
1996-01-19 00:00:00-05:00,10.31646225300241,11.19570619501966,10.14061346459896,11.019857406616211,1582400,0.0,0.0
1996-01-22 00:00:00-05:00,11.137090474367142,11.606020599603653,10.96124167740345,11.25432300567627,2274800,0.0,0.0
1996-01-23 00:00:00-05:00,10.90262429738782,11.430170634358198,10.78539177806107,11.371554374694824,1975200,0.0,0.0
1996-01-24 00:00:00-05:00,11.547404333949089,11.664636865258217,11.137090474367142,11.25432300567627,5518000,0.0,0.0
1996-01-25 00:00:00-05:00,11.254323051575033,11.371555583362273,10.961241722106934,10.961241722106934,2901600,0.0,0.0
1996-01-26 00:00:00-05:00,10.96124114381506,11.19570619501966,10.60954356700816,11.019857406616211,1307400,0.0,0.0
1996-01-29 00:00:00-05:00,11.07847092559983,11.07847092559983,10.609540939331055,10.609540939331055,629800,0.0,0.0
1996-01-30 00:00:00-05:00,10.668160808542387,10.961242149436409,10.668160808542387,10.726777076721191,1177800,0.0,0.0
1996-01-31 00:00:00-05:00,10.785389054293013,10.844005299153302,10.199226605690132,10.375075340270996,3229800,0.0,0.0
1996-02-01 00:00:00-05:00,10.492312578054575,10.785393934983473,10.316463763897236,10.668161392211914,3267600,0.0,0.0
1996-02-02 00:00:00-05:00,10.785393628207121,10.844009897925638,10.081998391584918,10.316463470458984,2872800,0.0,0.0
1996-02-05 00:00:00-05:00,10.316462797277113,11.254323051575033,10.081997733702634,10.961241722106934,3849400,0.0,0.0
1996-02-06 00:00:00-05:00,11.195705772051351,11.781868377917915,11.137089511464694,11.547403335571289,3817600,0.0,0.0
1996-02-07 00:00:00-05:00,11.488789191612831,11.66463800577017,10.609545120826134,10.668161392211914,5628200,0.0,0.0
1996-02-08 00:00:00-05:00,10.668158334060754,10.785390843226256,10.433693315729748,10.4923095703125,3725200,0.0,0.0
1996-02-09 00:00:00-05:00,10.55092929454332,10.668161842260467,10.25784792525045,10.433696746826172,1151800,0.0,0.0
1996-02-12 00:00:00-05:00,10.375079740177501,10.492312279614536,10.199230931021951,10.316463470458984,1004800,0.0,0.0
1996-02-13 00:00:00-05:00,10.199231221125675,10.726777663597694,10.081998678354116,10.668161392211914,5630800,0.0,0.0
1996-02-14 00:00:00-05:00,10.550926610043174,10.785391645821912,9.906147761651647,10.023380279541016,6737000,0.0,0.0
1996-02-15 00:00:00-05:00,10.081997326442174,10.081997326442174,9.61306721823556,9.847532272338867,2519400,0.0,0.0
1996-02-16 00:00:00-05:00,9.847531502706962,10.081996538485699,9.730298984817594,10.023380279541016,3129200,0.0,0.0
1996-02-20 00:00:00-05:00,9.906148332708021,10.316462168974034,9.78891580806059,9.964764595031738,1741400,0.0,0.0
1996-02-21 00:00:00-05:00,9.964764595031738,10.081997119679171,9.78891580806059,9.964764595031738,1431800,0.0,0.0
1996-02-22 00:00:00-05:00,9.96476276500805,10.961239041508854,9.96476276500805,10.844006538391113,4978800,0.0,0.0
1996-02-23 00:00:00-05:00,10.902623748779297,10.961240005493163,10.433693695068358,10.550926208496094,3126600,0.0,0.0
1996-02-26 00:00:00-05:00,10.316460816756539,10.961239617803823,10.257844562115878,10.785390853881836,2318400,0.0,0.0
1996-02-27 00:00:00-05:00,10.433696746826172,10.668161842260467,10.375080472967598,10.433696746826172,2105000,0.0,0.0
1996-02-28 00:00:00-05:00,10.492313020684746,10.609545568401893,10.433696746826172,10.433696746826172,1009000,0.0,0.0
1996-02-29 00:00:00-05:00,10.140613411412096,10.257845936399518,9.55445078647498,9.671683311462402,4341400,0.0,0.0
1996-03-01 00:00:00-05:00,9.378602488940915,9.437218754496795,8.792439833382108,8.851056098937988,4845000,0.0,0.0
1996-03-04 00:00:00-05:00,9.085520366569618,9.1441366269991,8.909671585281174,9.026904106140137,3748800,0.0,0.0
1996-03-05 00:00:00-05:00,8.96828863004975,9.02690489560563,8.323509708935061,8.851056098937988,8818400,0.0,0.0
1996-03-06 00:00:00-05:00,8.851054567869017,8.96828707870172,8.499357035370911,8.616589546203613,3214400,0.0,0.0
1996-03-07 00:00:00-05:00,8.55797599421607,8.733824816015032,8.323510898484123,8.440743446350098,3532400,0.0,0.0
1996-03-08 00:00:00-05:00,8.030429393687147,8.55797585020674,7.913196847793904,8.264894485473633,3897000,0.0,0.0
1996-03-11 00:00:00-05:00,8.38212776184082,8.499360317950481,8.26489520573116,8.38212776184082,1606400,0.0,0.0
1996-03-12 00:00:00-05:00,8.382125478395274,8.499358002568634,8.147660430048553,8.323509216308594,1228600,0.0,0.0
1996-03-13 00:00:00-05:00,8.382126591123383,8.675207940463363,8.206277781519397,8.499359130859375,2807200,0.0,0.0
1996-03-14 00:00:00-05:00,8.323507038515006,8.440739532015217,7.795960817764055,7.85457706451416,5763800,0.0,0.0
1996-03-15 00:00:00-05:00,8.030427527754274,8.557973861694336,7.854578749774253,8.557973861694336,8193800,0.0,0.0
1996-03-18 00:00:00-05:00,8.792440201106825,9.02690527313634,8.675207665092067,8.909672737121582,4555800,0.0,0.0
1996-03-19 00:00:00-05:00,9.02690489560563,9.08552116116151,8.733823567826226,8.851056098937988,1216800,0.0,0.0
1996-03-20 00:00:00-05:00,8.733825430169805,8.792441708224636,8.26489520573116,8.38212776184082,2209200,0.0,0.0
1996-03-21 00:00:00-05:00,8.382128860639488,8.382128860639488,7.85458228899085,8.0890474319458,2892600,0.0,0.0
1996-03-22 00:00:00-05:00,8.0890474319458,8.264896289162014,8.030431146207063,8.0890474319458,1104400,0.0,0.0
1996-03-25 00:00:00-05:00,8.264894686804878,8.264894686804878,7.7959644918088555,7.913197040557861,1413800,0.0,0.0
1996-03-26 00:00:00-05:00,7.7959644918088555,8.089045863681369,7.7959644918088555,7.913197040557861,1272200,0.0,0.0
1996-03-27 00:00:00-05:00,7.9131933112642665,8.089042051514584,7.85457706451416,7.85457706451416,2249400,0.0,0.0
1996-03-28 00:00:00-05:00,7.9131967860056935,7.971813058494625,7.67873169604997,7.795964241027832,2146800,0.0,0.0
1996-03-29 00:00:00-05:00,7.85457706451416,8.030425804764478,7.737344571013949,7.85457706451416,2829200,0.0,0.0
1996-04-01 00:00:00-05:00,7.9131933112642665,8.030425804764478,7.795960817764055,7.85457706451416,1654800,0.0,0.0
1996-04-02 00:00:00-05:00,7.854576753847526,7.913192998279224,7.737344264984131,7.737344264984131,1041800,0.0,0.0
1996-04-03 00:00:00-05:00,7.795964301900661,8.264894485473633,7.766656165427349,8.264894485473633,5570000,0.0,0.0
1996-04-04 00:00:00-05:00,8.030429330983557,8.089045603472487,7.67873169604997,7.795964241027832,5367600,0.0,0.0
1996-04-08 00:00:00-04:00,7.561498873574393,8.264894117627826,7.502882603236607,8.206277847290039,4030600,0.0,0.0
1996-04-09 00:00:00-04:00,8.206280003423275,8.323512574900752,7.913198574729588,8.0890474319458,2916600,0.0,0.0
1996-04-10 00:00:00-04:00,8.030429036276681,8.557975469316755,8.030429036276681,8.206277847290039,3598800,0.0,0.0
1996-04-11 00:00:00-04:00,8.264892000351509,8.264892000351509,7.913194468421658,8.030426979064941,2340800,0.0,0.0
1996-04-12 00:00:00-04:00,7.971810817718506,8.20627584176905,7.971810817718506,7.971810817718506,2597600,0.0,0.0
1996-04-15 00:00:00-04:00,8.030428566095482,8.206277366812902,7.502882163943225,7.6787309646606445,7636200,0.0,0.0
1996-04-16 00:00:00-04:00,7.795962049680598,8.089043329743777,7.737345793667961,7.971810817718506,4215200,0.0,0.0
1996-04-17 00:00:00-04:00,8.030431146207063,8.206280003423275,7.913198574729588,8.0890474319458,5584000,0.0,0.0
1996-04-18 00:00:00-04:00,8.323510898484123,8.499359720283085,8.147662076685164,8.440743446350098,6212600,0.0,0.0
1996-04-19 00:00:00-04:00,8.557973861694336,8.675206380347683,8.440741343040989,8.557973861694336,4416000,0.0,0.0
1996-04-22 00:00:00-04:00,8.851054958395055,9.026903732402905,8.675206184387207,8.675206184387207,7358200,0.0,0.0
1996-04-23 00:00:00-04:00,8.851056621920678,9.085521697998047,8.733824083881993,9.085521697998047,6395200,0.0,0.0
1996-04-24 00:00:00-04:00,9.261369637080602,9.96476479939052,9.202753373554774,9.847532272338867,7704000,0.0,0.0
1996-04-25 00:00:00-04:00,9.964764595031738,10.023380857355454,9.378601971794577,9.964764595031738,4888000,0.0,0.0
1996-04-26 00:00:00-04:00,9.906147761651647,10.140612797430384,9.671682725872909,10.023380279541016,3652800,0.0,0.0
1996-04-29 00:00:00-04:00,9.96476403201919,10.023380291031067,9.73029899597168,9.73029899597168,2490600,0.0,0.0
1996-04-30 00:00:00-04:00,9.730300158989138,9.847532691025153,9.613067626953125,9.613067626953125,2397200,0.0,0.0
1996-05-01 00:00:00-04:00,9.671683892971132,9.847532691025153,9.554451360935118,9.613067626953125,3042600,0.0,0.0
1996-05-02 00:00:00-04:00,9.847532804622206,10.257846671481465,9.847532804622206,10.081997871398926,5199000,0.0,0.0
1996-05-03 00:00:00-04:00,10.199229644326602,10.257845906650319,9.964764595031738,9.964764595031738,2504000,0.0,0.0
1996-05-06 00:00:00-04:00,10.081998240741001,10.14061450958252,9.788916896533415,10.14061450958252,1011800,0.0,0.0
1996-05-07 00:00:00-04:00,10.081997119679171,10.5509272182689,9.847532070384306,9.964764595031738,2484600,0.0,0.0
1996-05-08 00:00:00-04:00,9.906148332708021,9.964764595031738,9.61306702108944,9.964764595031738,1652200,0.0,0.0
1996-05-09 00:00:00-04:00,9.78891526690181,9.906147785068299,9.319985194235855,9.437217712402344,2152400,0.0,0.0
1996-05-10 00:00:00-04:00,9.554451787471772,9.671684324741364,9.26137044429779,9.378602981567383,2670200,0.0,0.0
1996-05-13 00:00:00-04:00,9.437218234118292,9.964764595031738,9.378601971794577,9.964764595031738,2508200,0.0,0.0
1996-05-14 00:00:00-04:00,10.081997326442174,10.140613589968,9.788916008813041,9.847532272338867,1583200,0.0,0.0
1996-05-15 00:00:00-04:00,9.847533165374932,10.316463316107072,9.847533165374932,10.14061450958252,3467800,0.0,0.0
1996-05-16 00:00:00-04:00,10.0233821218664,10.375079740177501,9.964765852147883,10.316463470458984,2035600,0.0,0.0
1996-05-17 00:00:00-04:00,10.199226605690132,10.492307829991573,10.140610360829845,10.375075340270996,1657800,0.0,0.0
1996-05-20 00:00:00-04:00,10.43369600989602,10.492312279614536,10.257847200740468,10.316463470458984,1531400,0.0,0.0
1996-05-21 00:00:00-04:00,10.316462770721616,10.375079036464353,9.847532644779724,9.906148910522461,1729600,0.0,0.0
1996-05-22 00:00:00-04:00,9.906148361437248,9.906148361437248,9.55445078647498,9.671683311462402,1634800,0.0,0.0
1996-05-23 00:00:00-04:00,9.613066489652077,9.671682748735321,9.319985194235855,9.437217712402344,2983400,0.0,0.0
1996-05-24 00:00:00-04:00,9.437219468853142,9.437219468853142,9.202754388881635,9.261370658874512,1617400,0.0,0.0
1996-05-28 00:00:00-04:00,9.261370658874512,9.495835738846019,9.144138118888758,9.261370658874512,2213800,0.0,0.0
1996-05-29 00:00:00-04:00,9.319986928867388,9.437219468853142,9.144138118888758,9.261370658874512,962200,0.0,0.0
1996-05-30 00:00:00-04:00,9.20275266486478,9.73029899597168,9.20275266486478,9.73029899597168,1126600,0.0,0.0
1996-05-31 00:00:00-04:00,9.730299007818566,9.906147785068299,9.437217712402344,9.437217712402344,985600,0.0,0.0
1996-06-03 00:00:00-04:00,9.495835358929483,9.554451626577196,9.144137753043205,9.202754020690918,1388000,0.0,0.0
1996-06-04 00:00:00-04:00,9.20275288742858,9.261369147858062,9.026904106140137,9.026904106140137,1111800,0.0,0.0
1996-06-05 00:00:00-04:00,9.08552116116151,9.144137426717393,8.792439833382108,8.851056098937988,1497200,0.0,0.0
1996-06-06 00:00:00-04:00,8.851055575088715,8.909671837175395,8.264892954221914,8.323509216308594,2059600,0.0,0.0
1996-06-07 00:00:00-04:00,8.14765968322754,8.792438507080078,8.030427169799804,8.792438507080078,2370000,0.0,0.0
1996-06-10 00:00:00-04:00,8.733824210331358,8.733824210331358,8.382126591123383,8.499359130859375,917400,0.0,0.0
1996-06-11 00:00:00-04:00,8.499359720283085,8.675208542082045,8.440743446350098,8.440743446350098,1180400,0.0,0.0
1996-06-12 00:00:00-04:00,8.616589546203613,8.733822057036315,8.557973290787263,8.616589546203613,2460800,0.0,0.0
1996-06-13 00:00:00-04:00,8.616590526741994,8.675206788828675,8.323509216308594,8.323509216308594,2135400,0.0,0.0
1996-06-14 00:00:00-04:00,8.323511483785989,8.38212776184082,8.26489520573116,8.38212776184082,1082600,0.0,0.0
1996-06-17 00:00:00-04:00,8.382126658303397,8.382126658303397,8.147661576952252,8.206277847290039,1447000,0.0,0.0
1996-06-18 00:00:00-04:00,8.206275745029867,8.264892000351509,7.9718107237433,8.030426979064941,1602200,0.0,0.0
1996-06-19 00:00:00-04:00,8.030427073731142,8.089043329743777,7.971810817718506,7.971810817718506,1756400,0.0,0.0
1996-06-20 00:00:00-04:00,7.9718107237433,8.030426979064941,7.795961957778373,8.030426979064941,1432600,0.0,0.0
1996-06-21 00:00:00-04:00,7.971813314932364,8.030429589306866,7.7959644918088555,7.913197040557861,1407800,0.0,0.0
1996-06-24 00:00:00-04:00,7.913197990801694,8.206279397868423,7.913197990801694,8.147663116455078,2678600,0.0,0.0
1996-06-25 00:00:00-04:00,8.147662138055871,8.206278412430375,7.913197040557861,7.913197040557861,1091600,0.0,0.0
1996-06-26 00:00:00-04:00,7.913192998279224,7.971809242710923,7.737344264984131,7.737344264984131,1211000,0.0,0.0
1996-06-27 00:00:00-04:00,7.737345702456731,8.030426979064941,7.737345702456731,8.030426979064941,1126600,0.0,0.0
1996-06-28 00:00:00-04:00,8.0890474319458,8.323512574900752,8.0890474319458,8.0890474319458,2331400,0.0,0.0
1996-07-01 00:00:00-04:00,8.382125478395274,8.382125478395274,8.264892954221914,8.323509216308594,1125000,0.0,0.0
1996-07-02 00:00:00-04:00,8.323511960695116,8.323511960695116,8.089046835041731,8.147663116455078,1320400,0.0,0.0
1996-07-03 00:00:00-04:00,8.147662138055871,8.147662138055871,7.913197040557861,7.913197040557861,1432600,0.0,0.0
1996-07-05 00:00:00-04:00,7.795960817764055,7.971809558014372,7.737344571013949,7.85457706451416,591800,0.0,0.0
1996-07-08 00:00:00-04:00,7.854576753847526,7.971809242710923,7.737344264984131,7.737344264984131,886200,0.0,0.0
1996-07-09 00:00:00-04:00,7.854579098522663,7.854579098522663,7.385649003088474,7.5028815269470215,1541800,0.0,0.0
1996-07-10 00:00:00-04:00,7.502882215711805,7.502882215711805,7.092568344540066,7.385649681091309,2519800,0.0,0.0
1996-07-11 00:00:00-04:00,7.209800825744379,7.209800825744379,6.682254423860644,7.151184558868408,2561600,0.0,0.0
1996-07-12 00:00:00-04:00,7.209798969071487,7.268415220852556,6.682252703041867,6.799485206604004,1516800,0.0,0.0
1996-07-15 00:00:00-04:00,6.799485679145332,6.799485679145332,6.4477881440171245,6.506404399871826,1616400,0.0,0.0
1996-07-16 00:00:00-04:00,6.389171981811523,6.799485778808593,5.861625671386719,6.447788238525391,2475600,0.0,0.0
1996-07-17 00:00:00-04:00,6.623639184695024,6.682255460665776,6.096092700958252,6.096092700958252,4596400,0.0,0.0
1996-07-18 00:00:00-04:00,6.154707908630371,6.2719404402233305,5.920242845444452,6.154707908630371,5674600,0.0,0.0
1996-07-19 00:00:00-04:00,6.1547063600898975,6.1547063600898975,5.861625104847521,5.920241355895996,2121600,0.0,0.0
1996-07-22 00:00:00-04:00,5.920242025394632,5.920242025394632,5.803009510040283,5.803009510040283,1625400,0.0,0.0
1996-07-23 00:00:00-04:00,5.9202421352427494,5.9202421352427494,5.451312065124512,5.451312065124512,2966200,0.0,0.0
1996-07-24 00:00:00-04:00,5.392697003013209,5.6857783618726225,5.216848187697561,5.568545818328857,2950000,0.0,0.0
1996-07-25 00:00:00-04:00,5.803009706674162,5.978858485664289,5.627160927684036,5.685777187347412,2645800,0.0,0.0
1996-07-26 00:00:00-04:00,5.861625938772041,6.330556013873804,5.861625938772041,6.271939754486084,2947800,0.0,0.0
1996-07-29 00:00:00-04:00,6.21332340796017,6.389172183657156,6.037474632263184,6.037474632263184,1089600,0.0,0.0
1996-07-30 00:00:00-04:00,6.154707235710643,6.271939754486084,6.037474716935202,6.271939754486084,753200,0.0,0.0
1996-07-31 00:00:00-04:00,6.271940129774588,6.447788918459857,6.271940129774588,6.330556392669678,1400800,0.0,0.0
1996-08-01 00:00:00-04:00,6.330556392669678,6.389172655564767,6.271940129774588,6.330556392669678,2235800,0.0,0.0
1996-08-02 00:00:00-04:00,6.506404955490775,6.799486259792162,6.506404955490775,6.740869998931885,3667400,0.0,0.0
1996-08-05 00:00:00-04:00,6.740869998931885,6.799486259792162,6.506404955490775,6.740869998931885,4015800,0.0,0.0
1996-08-06 00:00:00-04:00,6.740869960784912,7.327032566070557,6.682253700256347,7.327032566070557,5305200,0.0,0.0
1996-08-07 00:00:00-04:00,7.444265087127685,7.6201138687133785,7.209800045013428,7.327032566070557,3139000,0.0,0.0
1996-08-08 00:00:00-04:00,7.268417146470812,7.444265948401557,7.092568344540066,7.385649681091309,2948400,0.0,0.0
1996-08-09 00:00:00-04:00,7.209800720214844,7.327033252250858,7.09256818817883,7.209800720214844,1793600,0.0,0.0
1996-08-12 00:00:00-04:00,7.268416925638664,7.327033191168008,6.916719332462599,6.975335597991943,1485600,0.0,0.0
1996-08-13 00:00:00-04:00,6.916717710166142,6.975333961947212,6.740868954822935,6.799485206604004,903600,0.0,0.0
1996-08-14 00:00:00-04:00,6.682252150315505,6.975333384978465,6.682252150315505,6.858100891113281,991000,0.0,0.0
1996-08-15 00:00:00-04:00,6.8581008062524305,6.975333298667002,6.74086831383786,6.916717052459717,836200,0.0,0.0
1996-08-16 00:00:00-04:00,6.858103430271149,7.033952236175537,6.858103430271149,7.033952236175537,554200,0.0,0.0
1996-08-19 00:00:00-04:00,6.916717138045874,6.975333384978465,6.799484644180689,6.858100891113281,497600,0.0,0.0
1996-08-20 00:00:00-04:00,6.916717052459717,6.975333298667002,6.8581008062524305,6.916717052459717,499200,0.0,0.0
1996-08-21 00:00:00-04:00,6.858103430271149,7.033952236175537,6.799487161636353,7.033952236175537,745400,0.0,0.0
1996-08-22 00:00:00-04:00,7.033951656877502,7.20980044829944,7.033951656877502,7.0925679206848145,1263000,0.0,0.0
1996-08-23 00:00:00-04:00,7.092568291992438,7.209800825744379,7.033952025116467,7.151184558868408,3156800,0.0,0.0
1996-08-26 00:00:00-04:00,7.151182943774807,7.327031704687303,7.092566690137309,7.268415451049805,2305200,0.0,0.0
1996-08-27 00:00:00-04:00,7.268417092620349,7.32703335949632,7.092568291992438,7.151184558868408,1348800,0.0,0.0
1996-08-28 00:00:00-04:00,7.151184558868408,7.268417092620349,7.033952025116467,7.151184558868408,975000,0.0,0.0
1996-08-29 00:00:00-04:00,7.209800879160563,7.561498483022054,7.209800879160563,7.385649681091309,2722000,0.0,0.0
1996-08-30 00:00:00-04:00,7.4442642119623,7.4442642119623,7.209799197412306,7.268415451049805,826600,0.0,0.0
1996-09-03 00:00:00-04:00,7.268417146470812,7.385649681091309,7.092568344540066,7.385649681091309,824000,0.0,0.0
1996-09-04 00:00:00-04:00,7.385648826599121,7.385648826599121,7.268416305541992,7.327032566070557,1107800,0.0,0.0
1996-09-05 00:00:00-04:00,7.26841698623285,7.327033252250858,7.09256818817883,7.209800720214844,1527600,0.0,0.0
1996-09-06 00:00:00-04:00,7.209799197412306,7.268415451049805,7.151182943774807,7.268415451049805,922600,0.0,0.0
1996-09-09 00:00:00-04:00,7.268416712106752,7.268416712106752,6.975335393070189,7.0925679206848145,1119000,0.0,0.0
1996-09-10 00:00:00-04:00,7.033952025116467,7.151184558868408,6.9753357582404965,7.151184558868408,1116600,0.0,0.0
1996-09-11 00:00:00-04:00,7.092568291992438,7.268417092620349,7.092568291992438,7.151184558868408,2026800,0.0,0.0
1996-09-12 00:00:00-04:00,7.092568291992438,7.209800825744379,7.033952025116467,7.151184558868408,1264000,0.0,0.0
1996-09-13 00:00:00-04:00,7.209800720214844,7.327033252250858,7.033951922160823,7.209800720214844,1145200,0.0,0.0
1996-09-16 00:00:00-04:00,7.268416479229927,7.620114050805569,7.2098002173006535,7.5028815269470215,2186600,0.0,0.0
1996-09-17 00:00:00-04:00,7.67873169604997,7.9131967860056935,7.620115423561039,7.795964241027832,3376200,0.0,0.0
1996-09-18 00:00:00-04:00,7.7373479685389,7.795964241027832,7.67873169604997,7.795964241027832,1026800,0.0,0.0
1996-09-19 00:00:00-04:00,7.795960817764055,8.089042051514584,7.678728324263844,7.85457706451416,1481800,0.0,0.0
1996-09-20 00:00:00-04:00,7.737344264984131,7.913192998279224,7.737344264984131,7.737344264984131,1225400,0.0,0.0
1996-09-23 00:00:00-04:00,7.737344264984131,7.854576753847526,7.678728020552433,7.737344264984131,730200,0.0,0.0
1996-09-24 00:00:00-04:00,7.854580225263323,8.32351038796561,7.854580225263323,8.206277847290039,2580600,0.0,0.0
1996-09-25 00:00:00-04:00,8.089046371566665,8.38212776184082,8.030430093511836,8.38212776184082,1530800,0.0,0.0
1996-09-26 00:00:00-04:00,8.323512574900752,8.499361432116965,8.030431146207063,8.0890474319458,1946000,0.0,0.0
1996-09-27 00:00:00-04:00,8.030429589306866,8.147662138055871,7.854580766183359,7.913197040557861,877200,0.0,0.0
1996-09-30 00:00:00-04:00,7.9131967860056935,8.089045603472487,7.795964241027832,7.795964241027832,626600,0.0,0.0
1996-10-01 00:00:00-04:00,7.795960817764055,7.9131933112642665,7.678728324263844,7.85457706451416,953000,0.0,0.0
1996-10-02 00:00:00-04:00,7.971810817718506,8.20627584176905,7.971810817718506,7.971810817718506,1421800,0.0,0.0
1996-10-03 00:00:00-04:00,7.9131933112642665,8.14765829826469,7.85457706451416,7.85457706451416,866800,0.0,0.0
1996-10-04 00:00:00-04:00,7.913197040557861,8.030429589306866,7.854580766183359,7.913197040557861,596400,0.0,0.0
1996-10-07 00:00:00-04:00,7.913196495601109,8.206277847290039,7.913196495601109,8.206277847290039,1137800,0.0,0.0
1996-10-08 00:00:00-04:00,8.206278927676328,8.38212776184082,8.206278927676328,8.38212776184082,2048200,0.0,0.0
1996-10-09 00:00:00-04:00,8.557976596005313,8.616592874060144,8.323511483785989,8.38212776184082,3464600,0.0,0.0
1996-10-10 00:00:00-04:00,8.323510898484123,8.499359720283085,8.264894624551138,8.440743446350098,1511400,0.0,0.0
1996-10-11 00:00:00-04:00,8.44074077995456,8.616589546203613,8.44074077995456,8.616589546203613,483200,0.0,0.0
1996-10-14 00:00:00-04:00,8.67520781486265,9.20275423603673,8.557975276823965,9.085521697998047,2985400,0.0,0.0
1996-10-15 00:00:00-04:00,9.261369957829153,9.261369957829153,8.616591036714466,8.851056098937988,3249400,0.0,0.0
1996-10-16 00:00:00-04:00,8.44074286099138,8.616591670595366,8.44074286099138,8.499359130859375,2471800,0.0,0.0
1996-10-17 00:00:00-04:00,8.5579770863485,8.5579770863485,8.089046835041731,8.147663116455078,2224000,0.0,0.0
1996-10-18 00:00:00-04:00,8.089043234386583,8.089043234386583,7.737345702456731,8.030426979064941,1947800,0.0,0.0
1996-10-21 00:00:00-04:00,7.971813314932364,8.089045863681369,7.737348217434353,7.913197040557861,1543000,0.0,0.0
1996-10-22 00:00:00-04:00,8.089044146239758,8.089044146239758,7.444265265017748,7.5028815269470215,1297000,0.0,0.0
1996-10-23 00:00:00-04:00,7.444263337263421,7.9131933112642665,7.385647090513316,7.85457706451416,1275600,0.0,0.0
1996-10-24 00:00:00-04:00,7.85457706451416,7.9131933112642665,7.795960817764055,7.85457706451416,991400,0.0,0.0
1996-10-25 00:00:00-04:00,7.913197040557861,7.971813314932364,7.854580766183359,7.913197040557861,573800,0.0,0.0
1996-10-28 00:00:00-05:00,7.9131933112642665,7.9131933112642665,7.795960817764055,7.85457706451416,598000,0.0,0.0
1996-10-29 00:00:00-05:00,7.854579707768958,7.854579707768958,7.444265842437744,7.444265842437744,1062200,0.0,0.0
1996-10-30 00:00:00-05:00,7.50288134765625,7.50288134765625,7.268416305541992,7.327032566070557,1453200,0.0,0.0
1996-10-31 00:00:00-05:00,7.3270333094859685,7.5028821089136315,7.3270333094859685,7.444265842437744,651600,0.0,0.0
1996-11-01 00:00:00-05:00,7.502882163943225,7.73734723156645,7.502882163943225,7.6787309646606445,653600,0.0,0.0
1996-11-04 00:00:00-05:00,7.6201132816426895,8.030427073731142,7.6201132816426895,7.971810817718506,1143400,0.0,0.0
1996-11-05 00:00:00-05:00,8.030430553628387,8.147663116455078,8.030430553628387,8.147663116455078,980600,0.0,0.0
1996-11-06 00:00:00-05:00,8.147660046407621,8.616590121021009,8.089043787080948,8.557973861694336,1789600,0.0,0.0
1996-11-07 00:00:00-05:00,8.675207665092067,8.96828900512896,8.616591397084687,8.909672737121582,2262400,0.0,0.0
1996-11-08 00:00:00-05:00,8.909672364493868,8.909672364493868,8.733823567826226,8.851056098937988,1182800,0.0,0.0
1996-11-11 00:00:00-05:00,8.851056098937988,8.851056098937988,8.557974771158584,8.851056098937988,764800,0.0,0.0
1996-11-12 00:00:00-05:00,8.968289522024302,9.31998715033898,8.909673250638521,9.14413833618164,2555600,0.0,0.0
1996-11-13 00:00:00-05:00,9.144135673091098,9.319984436035156,9.08551941877641,9.319984436035156,1219800,0.0,0.0
1996-11-14 00:00:00-05:00,9.20275321151271,9.730299573956115,9.20275321151271,9.671683311462402,2594600,0.0,0.0
1996-11-15 00:00:00-05:00,9.613065751571229,10.609542079478002,9.554449496988477,10.4923095703125,7081400,0.0,0.0
1996-11-18 00:00:00-05:00,10.433695635114397,10.4923119027274,10.140614297049385,10.25784683227539,2832000,0.0,0.0
1996-11-19 00:00:00-05:00,10.316461181640625,10.550926208496094,10.257844924926758,10.550926208496094,1479200,0.0,0.0
1996-11-20 00:00:00-05:00,10.492312279614536,10.550928549333053,10.257847200740468,10.316463470458984,1954000,0.0,0.0
1996-11-21 00:00:00-05:00,10.375079204869825,10.375079204869825,9.964765338010567,10.081997871398926,3188600,0.0,0.0
1996-11-22 00:00:00-05:00,10.668159258734319,11.488786894021574,10.609542999070944,11.371554374694824,6341400,0.0,0.0
1996-11-25 00:00:00-05:00,11.254323167067307,11.430171966552734,10.844009301601313,11.430171966552734,2617400,0.0,0.0
1996-11-26 00:00:00-05:00,11.371555158605126,11.371555158605126,10.961241312676075,11.195706367492676,3125200,0.0,0.0
1996-11-27 00:00:00-05:00,11.254322631196827,11.371555158605126,11.078473840084376,11.195706367492676,1599000,0.0,0.0
1996-11-29 00:00:00-05:00,11.078473091125488,11.195705610608297,11.078473091125488,11.078473091125488,279200,0.0,0.0
1996-12-02 00:00:00-05:00,11.019856990291382,11.664635856744601,10.961240729704727,11.547403335571289,2698000,0.0,0.0
1996-12-03 00:00:00-05:00,11.488787781958486,12.25079921647614,11.43017151776482,11.957717895507812,4464200,0.0,0.0
1996-12-04 00:00:00-05:00,11.723250209695042,11.899098962840467,11.664633958646567,11.840482711791992,2277000,0.0,0.0
1996-12-05 00:00:00-05:00,11.723253678302376,11.781869946693888,11.488788604736328,11.488788604736328,2022200,0.0,0.0
1996-12-06 00:00:00-05:00,10.785391417192054,11.430170251915492,10.668158901787793,11.31293773651123,1935000,0.0,0.0
1996-12-09 00:00:00-05:00,11.430170420304085,12.13356552309203,11.430170420304085,12.074949264526367,1876800,0.0,0.0
1996-12-10 00:00:00-05:00,12.192179817465409,12.309412315710267,11.723249824485968,11.781866073608398,1499200,0.0,0.0
1996-12-11 00:00:00-05:00,11.430171966552734,11.60602076603816,11.019858101086738,11.430171966552734,2115600,0.0,0.0
1996-12-12 00:00:00-05:00,11.606019413348324,11.899100711665202,11.371554374694824,11.371554374694824,2372600,0.0,0.0
1996-12-13 00:00:00-05:00,11.019859093113949,11.254324180201479,11.019859093113949,11.137091636657715,1408800,0.0,0.0
1996-12-16 00:00:00-05:00,11.019858417615213,11.078474685794017,10.668160808542387,10.726777076721191,2736200,0.0,0.0
1996-12-17 00:00:00-05:00,10.60954519071077,11.254324180201479,10.492312647167005,11.137091636657715,2357200,0.0,0.0
1996-12-18 00:00:00-05:00,11.254321855368072,11.488786894021574,11.254321855368072,11.371554374694824,2047800,0.0,0.0
1996-12-19 00:00:00-05:00,11.488786504726217,11.606019020080566,11.371553989371868,11.606019020080566,1548400,0.0,0.0
1996-12-20 00:00:00-05:00,11.723252117331258,11.781868377917915,11.488787074984632,11.547403335571289,1353000,0.0,0.0
1996-12-23 00:00:00-05:00,11.488788068294525,11.547404333949089,11.25432300567627,11.25432300567627,472800,0.0,0.0
1996-12-24 00:00:00-05:00,11.2543214788091,11.31293773651123,11.19570522110697,11.31293773651123,453800,0.0,0.0
1996-12-26 00:00:00-05:00,11.25432300567627,11.312939271330833,11.25432300567627,11.25432300567627,475000,0.0,0.0
1996-12-27 00:00:00-05:00,11.31293773651123,11.371553994213361,11.2543214788091,11.31293773651123,384400,0.0,0.0
1996-12-30 00:00:00-05:00,11.312939799561793,11.606021141519351,11.25432353117028,11.488788604736328,849600,0.0,0.0
1996-12-31 00:00:00-05:00,11.488788233047876,11.723253299028444,11.371555700057591,11.430171966552734,586400,0.0,0.0
1997-01-02 00:00:00-05:00,11.312939271330833,11.371555536985397,11.078474208712578,11.25432300567627,1165600,0.0,0.0
1997-01-03 00:00:00-05:00,11.371556067953303,11.664637409910863,11.371556067953303,11.488788604736328,938600,0.0,0.0
1997-01-06 00:00:00-05:00,11.488787781958486,12.016334159701477,11.43017151776482,11.957717895507812,1441200,0.0,0.0
1997-01-07 00:00:00-05:00,11.781865899785986,11.89909839630127,11.723249651528345,11.89909839630127,679800,0.0,0.0
1997-01-08 00:00:00-05:00,11.899100899091227,11.957717159677882,11.488787074984632,11.547403335571289,1231200,0.0,0.0
1997-01-09 00:00:00-05:00,11.606019596157946,11.664635856744601,11.430170814397977,11.547403335571289,581400,0.0,0.0
1997-01-10 00:00:00-05:00,11.371553989371868,11.723251535434915,11.312937731694694,11.606019020080566,632200,0.0,0.0
1997-01-13 00:00:00-05:00,11.547404333949089,11.606020599603653,11.25432300567627,11.25432300567627,714800,0.0,0.0
1997-01-14 00:00:00-05:00,11.254323167067307,11.547404499543019,11.195706900572166,11.430171966552734,1698400,0.0,0.0
1997-01-15 00:00:00-05:00,11.371555652618408,11.840485782623292,11.254323120117188,11.72325325012207,2513600,0.0,0.0
1997-01-16 00:00:00-05:00,11.664635277757741,11.899100308466439,11.430170247049043,11.606019020080566,1051800,0.0,0.0
1997-01-17 00:00:00-05:00,11.66463561815636,12.77834454652305,11.54740309938092,12.543879508972168,4674600,0.0,0.0
1997-01-20 00:00:00-05:00,12.602496322141874,12.895577631959128,12.426647536251522,12.778345108032227,3052000,0.0,0.0
1997-01-21 00:00:00-05:00,12.719725584372496,14.067899263822115,12.602493090507311,13.716201782226562,7993000,0.0,0.0
1997-01-22 00:00:00-05:00,13.364506530761718,13.54035530090332,12.778343963623046,12.895576477050781,3371400,0.0,0.0
1997-01-23 00:00:00-05:00,13.598972519584324,13.892053823885709,13.48173999786377,13.48173999786377,4394000,0.0,0.0
1997-01-24 00:00:00-05:00,13.423125921343475,13.481742191742354,12.778346946955796,13.071428298950195,1925800,0.0,0.0
1997-01-27 00:00:00-05:00,12.954194239207677,13.305891820362637,12.895577975681851,13.130043029785156,2175800,0.0,0.0
1997-01-28 00:00:00-05:00,13.364506721496582,13.540355494147853,13.30589046394616,13.364506721496582,1862200,0.0,0.0
1997-01-29 00:00:00-05:00,13.24727555683681,13.423124347414289,13.07142676625933,13.130043029785156,1432400,0.0,0.0
1997-01-30 00:00:00-05:00,13.130041691294888,13.364506721496582,13.012809176194041,13.364506721496582,1757200,0.0,0.0
1997-01-31 00:00:00-05:00,13.71620660079153,14.829915683761781,13.71620660079153,14.478218078613281,6056200,0.0,0.0
1997-02-03 00:00:00-05:00,14.5368339724657,14.712682770519722,14.360985174411681,14.419601440429688,1748600,0.0,0.0
1997-02-04 00:00:00-05:00,14.24374980451655,14.302366058856126,13.95066853281868,14.126517295837402,1330600,0.0,0.0
1997-02-05 00:00:00-05:00,14.067902606466541,14.067902606466541,12.895577389260996,13.48173999786377,1702000,0.0,0.0
1997-02-06 00:00:00-05:00,13.716206178133069,13.833438709570103,13.305892318103446,13.65758991241455,1020600,0.0,0.0
1997-02-07 00:00:00-05:00,13.833438664925199,14.009287461513232,13.71620613386651,13.950671195983887,1040200,0.0,0.0
1997-02-10 00:00:00-05:00,13.892054306136238,13.950670569031328,12.426647733758998,12.661112785339355,2235800,0.0,0.0
1997-02-11 00:00:00-05:00,12.836962076822918,13.18865966796875,12.836962076822918,13.18865966796875,2286600,0.0,0.0
1997-02-12 00:00:00-05:00,13.65759018210114,14.419601651488758,13.540357648349199,14.302369117736816,3966800,0.0,0.0
1997-02-13 00:00:00-05:00,14.067903954213058,14.947147951351376,14.067903954213058,14.888531684875488,3672800,0.0,0.0
1997-02-14 00:00:00-05:00,14.829915255664353,15.00576405316235,14.654066458166358,14.712682723999023,1693000,0.0,0.0
1997-02-18 00:00:00-05:00,14.419598394824613,14.595447155737107,14.243749633912117,14.53683090209961,994800,0.0,0.0
1997-02-19 00:00:00-05:00,14.888530530035496,15.416076887398958,14.771298006176949,15.005763053894043,1972400,0.0,0.0
1997-02-20 00:00:00-05:00,14.829915046691895,14.888531311698582,14.71268251667852,14.829915046691895,796800,0.0,0.0
1997-02-21 00:00:00-05:00,14.478218510317705,14.536834779590246,14.185137163954998,14.243753433227539,1943400,0.0,0.0
1997-02-24 00:00:00-05:00,13.7162074283161,14.009288783621999,13.24727725982666,13.24727725982666,2964400,0.0,0.0
1997-02-25 00:00:00-05:00,13.716201612504861,13.892050351126718,13.48173662767572,13.833434104919434,1634600,0.0,0.0
1997-02-26 00:00:00-05:00,13.774818775457737,13.774818775457737,13.364505024699422,13.540353775024414,1894800,0.0,0.0
1997-02-27 00:00:00-05:00,13.54035607728664,13.892053637735645,13.305891036987305,13.305891036987305,2850200,0.0,0.0
1997-02-28 00:00:00-05:00,12.836961369995677,13.01281015588603,12.426647536251522,12.778345108032227,4474400,0.0,0.0
1997-03-03 00:00:00-05:00,12.719727520470146,13.188657567307756,12.661111264615446,13.012808799743652,1056800,0.0,0.0
1997-03-04 00:00:00-05:00,13.130043402777778,13.481740993923612,13.130043402777778,13.18865966796875,1168400,0.0,0.0
1997-03-05 00:00:00-05:00,13.130043029785156,13.305891820362637,13.012810502733503,13.130043029785156,1354800,0.0,0.0
1997-03-06 00:00:00-05:00,13.071427443777452,13.071427443777452,12.426648511573182,12.485264778137207,2012200,0.0,0.0
1997-03-07 00:00:00-05:00,12.602497966969072,12.66111423658288,12.074951540444784,12.133567810058594,1988600,0.0,0.0
1997-03-10 00:00:00-05:00,12.133567810058594,12.192184079672403,11.840486461989546,12.133567810058594,1680600,0.0,0.0
1997-03-11 00:00:00-05:00,12.25079875036117,12.836961369995677,12.25079875036117,12.778345108032227,2506800,0.0,0.0
1997-03-12 00:00:00-05:00,12.778345897585847,13.012810959926872,12.543880835244822,12.602497100830078,1652200,0.0,0.0
1997-03-13 00:00:00-05:00,12.426648511573182,12.719729844393305,12.25079971188111,12.485264778137207,538400,0.0,0.0
1997-03-14 00:00:00-05:00,12.719726636491973,13.716202916770147,12.602494132929836,13.598970413208008,3234000,0.0,0.0
1997-03-17 00:00:00-05:00,13.481739817211807,13.83343737766081,13.130042256762803,13.305891036987305,2654200,0.0,0.0
1997-03-18 00:00:00-05:00,13.364508583821964,13.716206178133069,12.77834592663679,13.65758991241455,2203400,0.0,0.0
1997-03-19 00:00:00-05:00,13.188658693562383,13.540356258724046,12.719728606680164,13.48173999786377,1698000,0.0,0.0
1997-03-20 00:00:00-05:00,13.48173999786377,13.598972519584324,13.130042432702105,13.48173999786377,1527800,0.0,0.0
1997-03-21 00:00:00-05:00,13.54035780211203,13.716206604736861,13.423125267028809,13.423125267028809,959200,0.0,0.0
1997-03-24 00:00:00-05:00,13.247273823162457,13.247273823162457,12.83696003217955,13.012808799743652,1408000,0.0,0.0
1997-03-25 00:00:00-05:00,13.130043029785156,13.364508083888463,13.07142676625933,13.130043029785156,874600,0.0,0.0
1997-03-26 00:00:00-05:00,13.305893124866879,14.30236970250008,13.247276855594338,14.243753433227539,2825400,0.0,0.0
1997-03-27 00:00:00-05:00,14.185131582163148,14.302364074577719,13.59896912009029,13.833434104919434,1329000,0.0,0.0
1997-03-31 00:00:00-05:00,13.657586275241076,13.774818775457737,13.540353775024414,13.540353775024414,1378800,0.0,0.0
1997-04-01 00:00:00-05:00,13.59897313799177,13.59897313799177,13.130043029785156,13.130043029785156,1023400,0.0,0.0
1997-04-02 00:00:00-05:00,12.954192733764648,13.30589027404785,12.836960220336914,12.895576477050781,1307200,0.0,0.0
1997-04-03 00:00:00-05:00,12.954192733764648,12.954192733764648,12.661111450195312,12.895576477050781,1395200,0.0,0.0
1997-04-04 00:00:00-05:00,12.836959546612155,14.53683090209961,12.719727039337158,14.53683090209961,3499000,0.0,0.0
1997-04-07 00:00:00-04:00,15.005765757166353,15.826393572011387,14.82991693969956,15.591928482055664,3803000,0.0,0.0
1997-04-08 00:00:00-04:00,15.943626852596507,17.174568631657266,15.885010577403138,16.94010353088379,5007000,0.0,0.0
1997-04-09 00:00:00-04:00,16.940103254554128,17.526265996926245,16.58840560913086,16.58840560913086,3689400,0.0,0.0
1997-04-10 00:00:00-04:00,16.41254844087543,16.705629663033918,15.181607307809772,15.474688529968262,4098000,0.0,0.0
1997-04-11 00:00:00-04:00,15.064380645751953,15.298845714168326,14.771299310231488,15.064380645751953,3044600,0.0,0.0
1997-04-14 00:00:00-04:00,14.947150230407715,15.181615332061169,14.478220027100807,14.947150230407715,1441200,0.0,0.0
1997-04-15 00:00:00-04:00,15.474694455256229,15.533310722132198,14.185136583984876,14.302369117736816,4263600,0.0,0.0
1997-04-16 00:00:00-04:00,14.12651712663712,14.712679663012104,13.892052112087127,14.53683090209961,3893200,0.0,0.0
1997-04-17 00:00:00-04:00,14.536832611083984,15.064378955841065,14.536832611083984,14.654065132141113,3635600,0.0,0.0
1997-04-18 00:00:00-04:00,14.829915519620553,14.829915519620553,14.126520317108906,14.302369117736816,1743200,0.0,0.0
1997-04-21 00:00:00-04:00,14.12651906458261,14.12651906458261,13.481740186116182,13.511048316955566,1975600,0.0,0.0
1997-04-22 00:00:00-04:00,13.598973602807822,14.009287461513232,13.305892275161103,13.950671195983887,1474800,0.0,0.0
1997-04-23 00:00:00-04:00,13.83343913584103,14.712683148712282,13.83343913584103,14.478218078613281,1883000,0.0,0.0
1997-04-24 00:00:00-04:00,15.298845550206702,15.416078083158478,14.654066618971937,14.888531684875488,2080800,0.0,0.0
1997-04-25 00:00:00-04:00,14.654066504501715,14.712682770519722,14.419601440429688,14.419601440429688,846400,0.0,0.0
1997-04-28 00:00:00-04:00,14.3609823131957,14.3609823131957,14.009284787158254,14.126517295837402,731400,0.0,0.0
1997-04-29 00:00:00-04:00,14.712684257855432,15.59192833701014,14.595451713968139,15.4160795211792,1815800,0.0,0.0
1997-04-30 00:00:00-04:00,15.357461929321289,15.65054326385032,15.18161312860387,15.357461929321289,1067400,0.0,0.0
1997-05-01 00:00:00-04:00,15.240230705348257,15.767777152841083,15.18161443340461,15.4160795211792,1069600,0.0,0.0
1997-05-02 00:00:00-04:00,15.357464850365698,16.822871801736472,15.357464850365698,16.76425552368164,1934800,0.0,0.0
1997-05-05 00:00:00-04:00,16.705634694703868,17.11594852931063,16.529785908443827,16.647018432617188,1847200,0.0,0.0
1997-05-06 00:00:00-04:00,16.35392951965332,16.76424316351559,16.295313284815855,16.35392951965332,1261800,0.0,0.0
1997-05-07 00:00:00-04:00,15.9436214474866,16.58840025602466,15.9436214474866,16.060853958129883,1282000,0.0,0.0
1997-05-08 00:00:00-04:00,16.060860086552466,17.115953084939125,15.885011253488022,17.057336807250977,2147400,0.0,0.0
1997-05-09 00:00:00-04:00,16.940099743050588,17.05733226722395,16.529785908443827,16.647018432617188,1514200,0.0,0.0
1997-05-12 00:00:00-04:00,16.588402955133297,16.82286801456981,16.47117042541504,16.47117042541504,792000,0.0,0.0
1997-05-13 00:00:00-04:00,16.060848345465985,16.998708102865457,16.060848345465985,16.35392951965332,1476800,0.0,0.0
1997-05-14 00:00:00-04:00,16.822870335680374,16.940102881573615,16.353940152107402,16.529788970947266,1489200,0.0,0.0
1997-05-15 00:00:00-04:00,16.412553308799513,17.584878545142338,16.353937046982374,17.526262283325195,1932400,0.0,0.0
1997-05-16 00:00:00-04:00,17.17456936262727,17.350418195691717,17.057336807250977,17.057336807250977,1053600,0.0,0.0
1997-05-19 00:00:00-04:00,17.115950258154616,17.9951942782653,17.115950258154616,17.819345474243164,2342400,0.0,0.0
1997-05-20 00:00:00-04:00,17.643497267855874,18.5813575877419,17.643497267855874,18.522741317749023,1835600,0.0,0.0
1997-05-21 00:00:00-04:00,18.464120499631193,19.40198058850135,18.464120499631193,19.284748077392578,5884600,0.0,0.0
1997-05-22 00:00:00-04:00,18.93304751694568,19.16751250167566,18.63996628603321,19.108896255493164,3161000,0.0,0.0
1997-05-23 00:00:00-04:00,19.46059978386167,20.33984375,19.343367255043226,20.33984375,2247800,0.0,0.0
1997-05-27 00:00:00-04:00,19.87091578842898,20.808776120626217,19.753683246904323,20.691543579101562,3637200,0.0,0.0
1997-05-28 00:00:00-04:00,20.750159921317266,20.984625005173957,20.163997211675536,20.398462295532227,2663400,0.0,0.0
1997-05-29 00:00:00-04:00,20.222610119169794,20.45707516402973,19.8122962906649,19.870912551879883,1834600,0.0,0.0
1997-05-30 00:00:00-04:00,18.581356327708175,19.343367785942263,18.52274006169017,19.22613525390625,3778800,0.0,0.0
1997-06-02 00:00:00-04:00,19.46059978386167,20.457076278818445,19.22613472622478,20.33984375,1620600,0.0,0.0
1997-06-03 00:00:00-04:00,20.046763873100282,20.046763873100282,18.757205963134766,18.757205963134766,1336600,0.0,0.0
1997-06-04 00:00:00-04:00,18.874432387175382,19.636443632620352,18.75719988787616,18.99166488647461,1914600,0.0,0.0
1997-06-05 00:00:00-04:00,19.050281136124223,19.284746134722674,18.81581613752577,18.99166488647461,1261800,0.0,0.0
1997-06-06 00:00:00-04:00,18.991670978252706,19.51921739431528,18.581357099092923,19.0502872467041,1252800,0.0,0.0
1997-06-09 00:00:00-04:00,19.10890267632745,19.753681600988806,18.99167014457084,19.519216537475586,1374800,0.0,0.0
1997-06-10 00:00:00-04:00,19.226136238344253,19.34336877638294,18.11242712697675,18.171043395996094,3272000,0.0,0.0
1997-06-11 00:00:00-04:00,18.17104232232302,18.17104232232302,16.881484480093647,17.702112197875977,4693600,0.0,0.0
1997-06-12 00:00:00-04:00,17.291801918003568,17.46765075106801,16.881487974186534,17.057336807250977,2411000,0.0,0.0
1997-06-13 00:00:00-04:00,17.17456138485768,18.22965389314245,17.17456138485768,17.87795639038086,3392000,0.0,0.0
1997-06-16 00:00:00-04:00,17.87796078836517,19.22613488060254,17.87796078836517,19.167518615722656,2441800,0.0,0.0
1997-06-17 00:00:00-04:00,19.050286366389347,20.105379149758605,18.991670100646612,19.812297821044922,2808800,0.0,0.0
1997-06-18 00:00:00-04:00,19.401984857412486,19.812298736572266,19.0502872467041,19.0502872467041,2640200,0.0,0.0
1997-06-19 00:00:00-04:00,19.108905523753236,20.222614741395294,18.874440425302275,19.988149642944336,2266000,0.0,0.0
1997-06-20 00:00:00-04:00,19.812299585890496,20.691543650353093,19.812299585890496,20.398462295532227,1405000,0.0,0.0
1997-06-23 00:00:00-04:00,20.222610530568595,20.457075580198374,19.63644790649414,19.63644790649414,1097400,0.0,0.0
1997-06-24 00:00:00-04:00,19.78299177555777,19.92953245537672,19.48991041591988,19.84160804748535,1016200,0.0,0.0
1997-06-25 00:00:00-04:00,19.577832017626083,20.076070257595607,19.519215754100255,19.695064544677734,1803400,0.0,0.0
1997-06-26 00:00:00-04:00,19.519213099610116,19.66575373849608,19.226131821838194,19.284748077392578,1390800,0.0,0.0
1997-06-27 00:00:00-04:00,19.284749026751626,20.046760386471295,19.284749026751626,19.431289672851562,935800,0.0,0.0
1997-06-30 00:00:00-04:00,19.46060163763505,19.63645044761368,18.40550877776327,18.522741317749023,1226200,0.0,0.0
1997-07-01 00:00:00-04:00,18.87443520941316,19.7243709564209,18.815818950998835,19.7243709564209,1301200,0.0,0.0
1997-07-02 00:00:00-04:00,19.782990009285683,20.369152676227483,19.782990009285683,20.16399574279785,1200400,0.0,0.0
1997-07-03 00:00:00-04:00,20.281226894144663,20.691540733043546,20.281226894144663,20.545000076293945,887600,0.0,0.0
1997-07-07 00:00:00-04:00,20.545004711562783,20.750161677298788,20.281231469902202,20.369155883789062,775000,0.0,0.0
1997-07-08 00:00:00-04:00,20.398453211380264,21.101848149703724,20.398453211380264,20.750150680541992,937000,0.0,0.0
1997-07-09 00:00:00-04:00,21.160470962524414,21.658709198484132,20.984622173362162,21.160470962524414,2302800,0.0,0.0
1997-07-10 00:00:00-04:00,21.16046681275239,21.805245579899967,20.515688045604808,21.688013076782227,1388600,0.0,0.0
1997-07-11 00:00:00-04:00,21.893180905042662,22.713808837226324,21.86387276460753,22.2155704498291,2125200,0.0,0.0
1997-07-14 00:00:00-04:00,22.215566254631536,23.2999672459526,21.922484905625844,23.065502166748047,2300200,0.0,0.0
1997-07-15 00:00:00-04:00,23.329275004743582,23.38789127359972,20.3984615619366,22.09833335876465,8113200,0.0,0.0
1997-07-16 00:00:00-04:00,21.86385933288747,21.86385933288747,20.51568570110084,20.750150680541992,5633400,0.0,0.0
1997-07-17 00:00:00-04:00,20.8673872012588,21.219084738358667,20.6036140484339,21.07254409790039,2566600,0.0,0.0
1997-07-18 00:00:00-04:00,20.750157026409585,20.86738955198252,20.222610661331377,20.25191879272461,1521200,0.0,0.0
1997-07-21 00:00:00-04:00,20.193301426019882,20.193301426019882,19.460598181244126,19.489906311035156,956600,0.0,0.0
1997-07-22 00:00:00-04:00,19.577833255939456,20.281228462739676,19.46060072147275,20.19330406188965,1399800,0.0,0.0
1997-07-23 00:00:00-04:00,20.398461098613044,21.746635251682296,20.281228563563545,21.717327117919922,3084400,0.0,0.0
1997-07-24 00:00:00-04:00,21.717327360247,21.95179243296222,20.98462400801195,21.453554153442383,2349000,0.0,0.0
1997-07-25 00:00:00-04:00,21.33631997556539,21.5121687665728,20.838081734377738,20.896697998046875,562000,0.0,0.0
1997-07-28 00:00:00-04:00,20.8966990764751,20.92600720982219,20.076071342756585,20.16399574279785,1177400,0.0,0.0
1997-07-29 00:00:00-04:00,20.163992505137504,20.163992505137504,19.57782993231374,19.665754318237305,2059000,0.0,0.0
1997-07-30 00:00:00-04:00,19.695064529065057,21.688017487363307,19.695064529065057,21.482860565185547,4707200,0.0,0.0
1997-07-31 00:00:00-04:00,21.365630418301908,22.24487446843779,20.926008393233968,21.863868713378906,2793200,0.0,0.0
1997-08-01 00:00:00-04:00,21.922483444213867,21.981099710107486,21.10185572170319,21.922483444213867,1639800,0.0,0.0
1997-08-04 00:00:00-04:00,21.688015340554593,23.299962426676895,21.688015340554593,23.212038040161133,2156600,0.0,0.0
1997-08-05 00:00:00-04:00,23.09481089035768,23.79820614590157,23.065502754710018,23.768898010253906,1939600,0.0,0.0
1997-08-06 00:00:00-04:00,23.680964296087257,24.09127803389075,23.329266806541405,23.79819679260254,1805000,0.0,0.0
1997-08-07 00:00:00-04:00,23.680965423583984,24.208511683020262,23.50511667043856,23.680965423583984,1667600,0.0,0.0
1997-08-08 00:00:00-04:00,23.212039173097537,23.534428606057226,23.036190391483164,23.387887954711914,1434400,0.0,0.0
1997-08-11 00:00:00-04:00,23.153423609016105,23.27065613361872,21.80524957608605,22.010406494140625,1908400,0.0,0.0
1997-08-12 00:00:00-04:00,22.244872906628775,22.625878634937305,21.893175311267058,21.922483444213867,1880400,0.0,0.0
1997-08-13 00:00:00-04:00,23.446500419390084,23.88612230225365,22.801721657856856,23.680965423583984,2851400,0.0,0.0
1997-08-14 00:00:00-04:00,23.680969257402538,23.710277387671603,23.094806652021287,23.387887954711914,1068400,0.0,0.0
1997-08-15 00:00:00-04:00,23.417201351967588,23.53443389941173,22.97757929905205,23.006887435913086,704400,0.0,0.0
1997-08-18 00:00:00-04:00,23.00687853652652,23.710273549108223,22.88964603442957,23.680965423583984,751800,0.0,0.0
1997-08-19 00:00:00-04:00,23.56373684397755,24.61882953848401,23.358579931156854,24.589521408081055,1392400,0.0,0.0
1997-08-20 00:00:00-04:00,24.501599195526868,25.70323264889601,24.26713413145484,25.234302520751953,1661400,0.0,0.0
1997-08-21 00:00:00-04:00,25.322224934895836,26.377317640516495,25.204992412049094,26.113544464111328,1577200,0.0,0.0
1997-08-22 00:00:00-04:00,25.204993044888532,26.17216138265751,24.442981627252365,25.32222557067871,2916800,0.0,0.0
1997-08-25 00:00:00-04:00,25.32222827615298,26.318704851834926,25.32222827615298,26.054931640625,1713000,0.0,0.0
1997-08-26 00:00:00-04:00,26.05493043691542,26.172162969814927,24.970529507594982,25.26361083984375,1504400,0.0,0.0
1997-08-27 00:00:00-04:00,25.32222923865685,26.230781445136437,25.32222923865685,25.90839195251465,1296400,0.0,0.0
1997-08-28 00:00:00-04:00,25.791153322186386,27.43240853359825,25.292915133007785,26.729013442993164,2244000,0.0,0.0
1997-08-29 00:00:00-04:00,26.670398947633345,26.846247731903453,26.084236333399645,26.113544464111328,1061200,0.0,0.0
1997-09-02 00:00:00-04:00,26.58247727709249,27.139331817626953,26.49455287595547,27.139331817626953,1350600,0.0,0.0
1997-09-03 00:00:00-04:00,27.25656604344866,27.31518231450984,26.43593824859214,26.49455451965332,932800,0.0,0.0
1997-09-04 00:00:00-04:00,26.49455477751833,26.93417681475591,26.054932740280748,26.23078155517578,929600,0.0,0.0
1997-09-05 00:00:00-04:00,26.4359288307533,27.403096958707692,26.230771955126613,27.373788833618164,2354600,0.0,0.0
1997-09-08 00:00:00-04:00,27.403101584984867,27.403101584984867,26.58247394393719,26.61178207397461,1275800,0.0,0.0
1997-09-09 00:00:00-04:00,26.58247261174379,27.022094540273176,26.28939132605753,26.40662384033203,656000,0.0,0.0
1997-09-10 00:00:00-04:00,26.46523772613912,26.46523772613912,25.41014519220666,25.468761444091797,1456800,0.0,0.0
1997-09-11 00:00:00-04:00,25.204993044888532,25.55669062225907,24.560214153042548,25.32222557067871,3232600,0.0,0.0
1997-09-12 00:00:00-04:00,25.673922713921996,26.26008533296131,25.204992618690543,25.84977149963379,1402600,0.0,0.0
1997-09-15 00:00:00-04:00,25.879080641503425,25.967005037793925,23.85681952682196,23.915435791015625,2367200,0.0,0.0
1997-09-16 00:00:00-04:00,24.56021376268579,25.673922739991355,24.09128366697819,25.556690216064453,3431800,0.0,0.0
1997-09-17 00:00:00-04:00,25.204998667423542,25.3808474953358,24.032673148008495,24.384370803833008,2473600,0.0,0.0
1997-09-18 00:00:00-04:00,24.677451273180402,24.853300094604492,24.149904808908136,24.853300094604492,1839400,0.0,0.0
1997-09-19 00:00:00-04:00,24.79467790797266,25.20499172678072,24.267131569505157,25.117067337036133,2213400,0.0,0.0
1997-09-22 00:00:00-04:00,25.058451619641534,25.967003666669473,25.058451619641534,25.49807357788086,1198400,0.0,0.0
1997-09-23 00:00:00-04:00,25.49807435936398,25.55669062225907,25.087760519098353,25.32222557067871,533600,0.0,0.0
1997-09-24 00:00:00-04:00,25.32222777598003,25.556692847979846,24.76537322998047,24.76537322998047,554000,0.0,0.0
1997-09-25 00:00:00-04:00,24.794680431910923,24.97052922930036,24.560215368725004,24.618831634521484,768400,0.0,0.0
1997-09-26 00:00:00-04:00,24.882604877058284,24.882604877058284,23.71027955894011,24.32575035095215,1371200,0.0,0.0
1997-09-29 00:00:00-04:00,24.44297793207459,25.46876237766525,24.44297793207459,25.02914047241211,873200,0.0,0.0
1997-09-30 00:00:00-04:00,24.736064259598894,25.556691983850993,24.53090732853587,25.234302520751953,1382400,0.0,0.0
1997-10-01 00:00:00-04:00,25.117067147638195,25.468764703964517,24.442980164679412,25.087759017944336,1869800,0.0,0.0
1997-10-02 00:00:00-04:00,25.02914348909225,25.761846752824457,24.94121909744438,25.49807357788086,1400400,0.0,0.0
1997-10-03 00:00:00-04:00,26.02562031177206,26.02562031177206,25.087760120356847,25.556690216064453,1465000,0.0,0.0
1997-10-06 00:00:00-04:00,25.08776295128051,25.08776295128051,24.267135191191894,24.50160026550293,2012200,0.0,0.0
1997-10-07 00:00:00-04:00,24.501596639945376,24.618829159753727,23.91543404090362,24.53090476989746,3921800,0.0,0.0
1997-10-08 00:00:00-04:00,24.413672747557193,25.6446142306273,24.325748355909326,25.49807357788086,2642800,0.0,0.0
1997-10-09 00:00:00-04:00,25.380838402874392,26.201465972482342,25.087757128014413,25.673919677734375,2568800,0.0,0.0
1997-10-10 00:00:00-04:00,26.025619782792763,27.637566954024294,25.673922218160428,27.54964256286621,3463600,0.0,0.0
1997-10-13 00:00:00-04:00,27.57895222808252,27.666876624133796,26.787632663621068,27.49102783203125,1667200,0.0,0.0
1997-10-14 00:00:00-04:00,27.432413209473722,27.461721343244527,26.40662852749554,26.846250534057617,1972600,0.0,0.0
1997-10-15 00:00:00-04:00,26.611783871518522,27.696184756150885,26.55316760748434,27.49102783203125,2374800,0.0,0.0
1997-10-16 00:00:00-04:00,27.520334738272208,27.75479978396569,25.35153306560752,26.113544464111328,3853600,0.0,0.0
1997-10-17 00:00:00-04:00,25.26361292828467,25.292921063932333,22.743113262585737,23.768898010253906,7232200,0.0,0.0
1997-10-20 00:00:00-04:00,23.680970363007717,23.886127284469417,22.743110150611372,23.85681915283203,5060400,0.0,0.0
1997-10-21 00:00:00-04:00,24.501592283565287,25.02913852890521,24.29643541037754,24.73605728149414,3258800,0.0,0.0
1997-10-22 00:00:00-04:00,24.618833237800047,24.853298316255284,24.20851935050338,24.267135620117188,1232400,0.0,0.0
1997-10-23 00:00:00-04:00,23.446507542455862,23.62235634902428,21.92248455219623,22.09833335876465,3900000,0.0,0.0
1997-10-24 00:00:00-04:00,22.03971559483706,22.03971559483706,18.81582102644334,19.167518615722656,10664800,0.0,0.0
1997-10-27 00:00:00-05:00,19.284752786570582,19.665758540712552,16.88148572198276,16.99871826171875,3837200,0.0,0.0
1997-10-28 00:00:00-05:00,17.350419823679637,18.962367611352576,17.350419823679637,18.581361770629883,7190200,0.0,0.0
1997-10-29 00:00:00-05:00,18.639978053817988,19.460606018451486,18.464129204253666,18.581361770629883,5840200,0.0,0.0
1997-10-30 00:00:00-05:00,17.93658020917107,18.464126685911395,16.82287098049705,16.94010353088379,3274800,0.0,0.0
1997-10-31 00:00:00-05:00,17.702113181800396,17.79003758502126,17.203874896882173,17.555572509765625,4224200,0.0,0.0
1997-11-03 00:00:00-05:00,17.936575107664858,18.87443524401335,17.936575107664858,18.552045822143555,5391400,0.0,0.0
1997-11-04 00:00:00-05:00,18.288276605633882,20.427770503408357,17.819346436258655,20.10538101196289,5101000,0.0,0.0
1997-11-05 00:00:00-05:00,20.105377366929346,21.043237535649084,19.69506354311446,20.427766799926758,4780400,0.0,0.0
1997-11-06 00:00:00-05:00,20.42776506070308,20.691538210697814,19.108899310729424,19.284748077392578,2892600,0.0,0.0
1997-11-07 00:00:00-05:00,18.024496854988556,18.52273497943539,17.6141831054441,18.1417293548584,4982800,0.0,0.0
1997-11-10 00:00:00-05:00,18.493432810788164,19.050287364520294,17.46764810654476,17.555572509765625,3204200,0.0,0.0
1997-11-11 00:00:00-05:00,17.64349635335423,17.936577688127556,16.88148488294358,17.467647552490234,1730600,0.0,0.0
1997-11-12 00:00:00-05:00,17.11594762479809,17.29179640176519,14.654064747258637,14.741989135742188,6516800,0.0,0.0
1997-11-13 00:00:00-05:00,15.445381018652846,16.060851609528957,14.097207343400415,15.70915412902832,9347600,0.0,0.0
1997-11-14 00:00:00-05:00,15.914310992653691,16.266008473154326,15.18160790827737,15.70915412902832,5498600,0.0,0.0
1997-11-17 00:00:00-05:00,16.50047589970284,17.79003351886256,16.441859644286488,17.233179092407227,5465200,0.0,0.0
1997-11-18 00:00:00-05:00,16.881482686081977,17.643494057328734,16.76425016742863,17.115947723388672,3385200,0.0,0.0
1997-11-19 00:00:00-05:00,17.057336807250977,17.76073213950875,16.647022863433943,17.057336807250977,2193200,0.0,0.0
1997-11-20 00:00:00-05:00,17.350409794779658,18.229653534379977,17.174561046859594,18.1124210357666,3011800,0.0,0.0
1997-11-21 00:00:00-05:00,18.639970044831973,18.69858630283459,17.174563594766568,17.350412368774414,4367400,0.0,0.0
1997-11-24 00:00:00-05:00,17.115949532490216,17.702112187712483,16.44186247898461,16.500478744506836,1672600,0.0,0.0
1997-11-25 00:00:00-05:00,16.764250180447142,16.910790828877627,15.97293067892254,16.822866439819336,2215800,0.0,0.0
1997-11-26 00:00:00-05:00,16.64702123199579,17.05733513560132,14.85922493771455,15.4160795211792,7792200,0.0,0.0
1997-11-28 00:00:00-05:00,15.445389387948172,15.591930084228515,15.181616134643555,15.386773109436035,1817600,0.0,0.0
1997-12-01 00:00:00-05:00,15.474693961765455,15.855699684308924,14.507525589155115,14.829915046691895,5443800,0.0,0.0
1997-12-02 00:00:00-05:00,14.859217963435432,15.621229141047506,14.595444863492792,15.474688529968262,7468600,0.0,0.0
1997-12-03 00:00:00-05:00,15.591923001446302,16.32462615001051,14.80060360099696,16.207393646240234,6852600,0.0,0.0
1997-12-04 00:00:00-05:00,16.236700349779273,16.353932843279484,15.474689142027898,15.70915412902832,4746200,0.0,0.0
1997-12-05 00:00:00-05:00,16.0022429560458,17.350417271024018,15.82639413235299,16.910795211791992,3534600,0.0,0.0
1997-12-08 00:00:00-05:00,17.086641354918687,17.555571477866714,16.617711231970663,16.793560028076172,2436800,0.0,0.0
1997-12-09 00:00:00-05:00,16.588399283493622,16.76424803914903,16.11946926841253,16.207393646240234,2166200,0.0,0.0
1997-12-10 00:00:00-05:00,16.236702915500192,16.500476067557052,15.474691587335922,15.943621635437012,1613400,0.0,0.0
1997-12-11 00:00:00-05:00,15.474695525554397,15.474695525554397,14.067905023231269,14.155829429626465,5042800,0.0,0.0
1997-12-12 00:00:00-05:00,14.478214978083082,14.507523105569081,12.778343583895191,12.836959838867188,4047400,0.0,0.0
1997-12-15 00:00:00-05:00,13.130044717704301,13.56966675066315,12.368033193908962,13.24727725982666,11424200,0.0,0.0
1997-12-16 00:00:00-05:00,13.423125114597259,14.595450452116669,13.423125114597259,14.302369117736816,5542600,0.0,0.0
1997-12-17 00:00:00-05:00,14.53683522755132,14.771300311866664,13.921364381223542,14.009288787841797,3526800,0.0,0.0
1997-12-18 00:00:00-05:00,13.921361710640062,14.419599919231391,13.65758854138583,14.33167552947998,2296400,0.0,0.0
1997-12-19 00:00:00-05:00,14.33167689032075,15.53331033102249,13.950671165220198,15.445385932922363,3380000,0.0,0.0
1997-12-22 00:00:00-05:00,16.002239645981206,16.11947217086019,15.504001415245527,15.621233940124512,1896600,0.0,0.0
1997-12-23 00:00:00-05:00,15.38677105324806,15.50400359460614,14.947149023155257,15.210922241210938,2787200,0.0,0.0
1997-12-24 00:00:00-05:00,15.357460802586383,15.474693327796965,15.152303883467862,15.181612014770508,513200,0.0,0.0
1997-12-26 00:00:00-05:00,15.152306153224064,15.298846831688513,15.152306153224064,15.240230560302734,601000,0.0,0.0
1997-12-29 00:00:00-05:00,15.416078083158478,15.474694349634365,14.771299151923712,14.888531684875488,2470400,0.0,0.0
1997-12-30 00:00:00-05:00,14.976458549499512,15.328156206239226,14.917842273376225,14.976458549499512,3265600,0.0,0.0
1997-12-31 00:00:00-05:00,14.976454922929406,15.357460625469685,14.829914268106222,15.005763053894043,2427600,0.0,0.0
1998-01-02 00:00:00-05:00,14.800609279561925,15.855702218302973,14.800609279561925,15.826394081115723,2177800,0.0,0.0
1998-01-05 00:00:00-05:00,15.826386908868484,16.969403741175654,15.738462537152548,16.32462501525879,3869400,0.0,0.0
1998-01-06 00:00:00-05:00,16.00224224061567,16.060858512559317,15.4160795211792,15.4160795211792,3427000,0.0,0.0
1998-01-07 00:00:00-05:00,15.357461648158342,15.357461648158342,14.36098512900303,14.712682723999023,1844200,0.0,0.0
1998-01-08 00:00:00-05:00,14.712683094872368,15.650543371836344,14.536834292941624,14.771299362182617,2045800,0.0,0.0
1998-01-09 00:00:00-05:00,14.829914800647988,15.064379856784715,13.452432595844716,13.745513916015625,2204000,0.0,0.0
1998-01-12 00:00:00-05:00,13.18865794884531,13.892053039450396,13.012809176194041,13.364506721496582,3170600,0.0,0.0
1998-01-13 00:00:00-05:00,13.657589256642556,14.624757594559304,13.511048599382443,14.448908805847168,6684400,0.0,0.0
1998-01-14 00:00:00-05:00,14.741990748121344,15.474694065622405,14.56614195192109,15.445385932922363,5058200,0.0,0.0
1998-01-15 00:00:00-05:00,15.445384583517768,16.236704097284335,15.240227672541252,15.679849624633789,3465200,0.0,0.0
1998-01-16 00:00:00-05:00,15.767775349110863,16.060856675302517,15.621234686015038,15.7384672164917,3087400,0.0,0.0
1998-01-20 00:00:00-05:00,15.826392361992283,17.819345474243164,15.826392361992283,17.819345474243164,4435400,0.0,0.0
1998-01-21 00:00:00-05:00,17.35041349787377,17.84865172331947,17.115948450605206,17.526262283325195,3277800,0.0,0.0
1998-01-22 00:00:00-05:00,17.262487602233886,17.409028244018554,16.88148193359375,17.29179573059082,1208200,0.0,0.0
1998-01-23 00:00:00-05:00,17.115949180831148,17.731419956169255,17.115949180831148,17.643495559692383,1765200,0.0,0.0
1998-01-26 00:00:00-05:00,17.64349691298649,17.99519452586994,17.555572509765625,17.555572509765625,1573400,0.0,0.0
1998-01-27 00:00:00-05:00,17.555569072792068,17.93657474549039,17.350412172108353,17.90726661682129,2106000,0.0,0.0
1998-01-28 00:00:00-05:00,18.31758116173932,19.10890066792646,18.258964902021752,18.61066246032715,5551000,0.0,0.0
1998-01-29 00:00:00-05:00,18.4934297407636,19.196824849762532,18.11242405672251,18.874435424804688,3025400,0.0,0.0
1998-01-30 00:00:00-05:00,18.874438937706284,19.10890401767779,18.34689250777039,18.522741317749023,1557800,0.0,0.0
1998-02-02 00:00:00-05:00,19.460600226588504,19.84160595391629,19.255443296488927,19.812297821044922,3134200,0.0,0.0
1998-02-03 00:00:00-05:00,19.929529825846352,20.984622581332335,19.57783224068436,20.926006317138672,2550200,0.0,0.0
1998-02-04 00:00:00-05:00,20.808769784984342,20.838077911442067,20.3984560145762,20.603612899780273,2894400,0.0,0.0
1998-02-05 00:00:00-05:00,20.632923947674687,20.838080861927136,19.870912551879883,19.870912551879883,2414400,0.0,0.0
1998-02-06 00:00:00-05:00,19.72437227193047,20.163994239358342,19.489907222635605,19.929529190063477,1339000,0.0,0.0
1998-02-09 00:00:00-05:00,19.92952806403838,19.988144323050257,19.401981732931482,19.46059799194336,1014400,0.0,0.0
1998-02-10 00:00:00-05:00,19.57782843660994,20.251915343858485,19.51921218380572,20.0174503326416,2205800,0.0,0.0
1998-02-11 00:00:00-05:00,20.163992121837,20.691538427350178,20.10537586566887,20.48638153076172,1301200,0.0,0.0
1998-02-12 00:00:00-05:00,20.57430477332255,20.808769784984342,20.222607255829857,20.603612899780273,1670400,0.0,0.0
1998-02-13 00:00:00-05:00,20.515693427813574,20.926007296369846,20.163995826193915,20.77946662902832,1808800,0.0,0.0
1998-02-17 00:00:00-05:00,21.043233805877772,21.219082556344716,20.339838804009993,20.45707130432129,2135000,0.0,0.0
1998-02-18 00:00:00-05:00,20.339840895609,21.219084738358667,20.251916511334034,21.07254409790039,1856200,0.0,0.0
1998-02-19 00:00:00-05:00,21.277700424194336,21.717322333785127,21.013927278439862,21.277700424194336,1437200,0.0,0.0
1998-02-20 00:00:00-05:00,21.424237496435307,21.424237496435307,20.42776133381041,20.750150680541992,1013000,0.0,0.0
1998-02-23 00:00:00-05:00,20.808777314498712,21.248399370438825,20.808777314498712,21.189783096313477,1032800,0.0,0.0
1998-02-24 00:00:00-05:00,21.45355433276576,21.45355433276576,20.574310302734375,20.574310302734375,1217600,0.0,0.0
1998-02-25 00:00:00-05:00,20.98462229301278,21.89317437553149,20.867389766236172,21.775941848754883,1401000,0.0,0.0
1998-02-26 00:00:00-05:00,21.570784894277057,22.508645107071715,21.482860499327558,22.06902313232422,2001400,0.0,0.0
1998-02-27 00:00:00-05:00,22.274182351219732,22.713804371309596,22.098333543183788,22.127641677856445,2753200,0.0,0.0
1998-03-02 00:00:00-05:00,19.22613525390625,19.460600317978276,18.698588859744188,19.22613525390625,13402600,0.0,0.0
1998-03-03 00:00:00-05:00,18.903749825596993,19.196831218241908,18.639976572216572,18.962366104125977,2809800,0.0,0.0
1998-03-04 00:00:00-05:00,18.845127096950186,19.196824647748635,18.757202709250574,19.138208389282227,2701400,0.0,0.0
1998-03-05 00:00:00-05:00,18.28827667236328,18.815823114835297,18.20035226528461,18.28827667236328,2590000,0.0,0.0
1998-03-06 00:00:00-05:00,18.288271732968038,19.284748077392578,18.288271732968038,19.284748077392578,2331200,0.0,0.0
1998-03-09 00:00:00-05:00,18.991672497617003,19.050288770757795,18.346893493068276,18.376201629638672,1536600,0.0,0.0
1998-03-10 00:00:00-05:00,18.52273770205282,18.75720273625602,18.053807633646418,18.25896453857422,1733800,0.0,0.0
1998-03-11 00:00:00-05:00,18.288269783686665,18.40550228230004,18.1124210357666,18.1124210357666,1443800,0.0,0.0
1998-03-12 00:00:00-05:00,18.112426488991552,18.112426488991552,17.40903128553557,17.467647552490234,3160000,0.0,0.0
1998-03-13 00:00:00-05:00,17.46764488477965,17.76072617479273,17.2917961107718,17.350412368774414,1535000,0.0,0.0
1998-03-16 00:00:00-05:00,17.40902934755598,18.112424472709755,17.40902934755598,18.053808212280273,1072600,0.0,0.0
1998-03-17 00:00:00-05:00,18.05380765241177,18.05380765241177,17.496953195600366,17.672801971435547,1563800,0.0,0.0
1998-03-18 00:00:00-05:00,17.584879666764216,17.819344728987737,17.467647135652452,17.702112197875977,1750000,0.0,0.0
1998-03-19 00:00:00-05:00,18.112422583238136,18.639968872070312,17.936573820294075,18.639968872070312,1294200,0.0,0.0
1998-03-20 00:00:00-05:00,18.63997045189443,18.698586711177118,17.26248835875129,17.409029006958008,3162200,0.0,0.0
1998-03-23 00:00:00-05:00,17.379725065184953,18.288277302993947,17.379725065184953,18.083120346069336,1870600,0.0,0.0
1998-03-24 00:00:00-05:00,17.907269876254233,18.288275618302194,17.760729206235784,17.819345474243164,2039800,0.0,0.0
1998-03-25 00:00:00-05:00,18.522737692882664,18.845127114752458,18.20034827101287,18.552045822143555,4227600,0.0,0.0
1998-03-26 00:00:00-05:00,18.49343027553239,19.343366056816762,18.376197753975923,19.255441665649414,2898400,0.0,0.0
1998-03-27 00:00:00-05:00,19.284749035448247,19.46059781084747,19.050284001582614,19.138208389282227,1716600,0.0,0.0
1998-03-30 00:00:00-05:00,19.226130445364298,19.284746696722117,18.786508560180664,18.786508560180664,901400,0.0,0.0
1998-03-31 00:00:00-05:00,18.874432937217392,18.962357314254117,18.757200434501755,18.786508560180664,2588000,0.0,0.0
1998-04-01 00:00:00-05:00,18.757204861111113,19.90022203233507,18.522739800347225,19.782989501953125,3150400,0.0,0.0
1998-04-02 00:00:00-05:00,19.90022431941293,20.36915449483356,19.607142959775036,19.84160804748535,2200800,0.0,0.0
1998-04-03 00:00:00-05:00,19.958838191601114,19.958838191601114,19.167518615722656,19.167518615722656,1334800,0.0,0.0
1998-04-06 00:00:00-04:00,19.343364521608514,19.4019807777346,19.02097511291504,19.02097511291504,1004800,0.0,0.0
1998-04-07 00:00:00-04:00,18.75720333743405,18.78651146764879,18.024500082065533,18.053808212280273,1290600,0.0,0.0
1998-04-08 00:00:00-04:00,18.112427561890843,18.171043832317675,17.790038074543272,17.93657875061035,1602800,0.0,0.0
1998-04-09 00:00:00-04:00,17.936575135188317,17.965883264494177,17.61418571282382,17.672801971435547,701200,0.0,0.0
1998-04-13 00:00:00-04:00,17.877959854228042,17.936576116045185,17.37972162878234,17.526262283325195,1657000,0.0,0.0
1998-04-14 00:00:00-04:00,17.526258730541716,18.20034560479332,17.526258730541716,18.1417293548584,2253800,0.0,0.0
1998-04-15 00:00:00-04:00,18.52273770205282,18.52273770205282,17.555569435964617,18.25896453857422,3990800,0.0,0.0
1998-04-16 00:00:00-04:00,18.229655054929626,18.28827130912554,17.70210876716639,17.760725021362305,3977400,0.0,0.0
1998-04-17 00:00:00-04:00,17.643488042873233,17.643488042873233,17.23317436745758,17.379714965820312,2705800,0.0,0.0
1998-04-20 00:00:00-04:00,17.29179480056132,18.083114223637857,17.233178547000097,17.731416702270508,2194400,0.0,0.0
1998-04-21 00:00:00-04:00,17.848652484805083,18.083117542076742,17.584879295374467,17.643495559692383,855200,0.0,0.0
1998-04-22 00:00:00-04:00,17.760726694422445,18.99166814849133,17.760726694422445,18.61066246032715,2691200,0.0,0.0
1998-04-23 00:00:00-04:00,18.522736325909204,18.522736325909204,17.760725021362305,17.760725021362305,1638800,0.0,0.0
1998-04-24 00:00:00-04:00,17.790031855248866,18.17103747982586,17.760723730281406,18.1417293548584,1483000,0.0,0.0
1998-04-27 00:00:00-04:00,17.819344352646127,17.848652484805083,17.379722370261764,17.643495559692383,1064400,0.0,0.0
1998-04-28 00:00:00-04:00,17.819341850593958,18.141731259075097,17.760725594506475,17.848649978637695,2116200,0.0,0.0
1998-04-29 00:00:00-04:00,17.81934616166323,17.81934616166323,17.291799729245568,17.321107864379883,1772400,0.0,0.0
1998-04-30 00:00:00-04:00,17.467645279348712,17.526261538675385,17.115947723388672,17.115947723388672,1316800,0.0,0.0
1998-05-01 00:00:00-04:00,16.998714259201076,17.438336179697654,16.822865491002442,17.262487411499023,1245000,0.0,0.0
1998-05-04 00:00:00-04:00,17.496951261883535,17.672800018284374,17.086637496948242,17.086637496948242,673200,0.0,0.0
1998-05-05 00:00:00-04:00,17.08663809810928,17.84864940265618,16.99871371681541,17.760725021362305,1715600,0.0,0.0
1998-05-06 00:00:00-04:00,17.760731001694996,17.819347275627983,16.881486892700195,16.881486892700195,1967000,0.0,0.0
1998-05-07 00:00:00-04:00,16.881482726830438,16.881482726830438,16.207395742946584,16.236703872680664,3040600,0.0,0.0
1998-05-08 00:00:00-04:00,16.353936391616987,16.647017688957792,16.00223883480802,16.236703872680664,2773600,0.0,0.0
1998-05-11 00:00:00-04:00,16.41256000684655,16.529792578324027,16.1780948638916,16.1780948638916,1861000,0.0,0.0
1998-05-12 00:00:00-04:00,16.23670787943734,17.145260125398636,16.207399742470848,16.881486892700195,2307000,0.0,0.0
1998-05-13 00:00:00-04:00,16.529786690274168,16.76425174971068,16.41255416055591,16.47117042541504,1632400,0.0,0.0
1998-05-14 00:00:00-04:00,16.178093492662583,16.76425630036775,16.09016907150681,16.26601791381836,2853600,0.0,0.0
1998-05-15 00:00:00-04:00,16.26601364852355,16.295321781223592,15.357461534822235,15.445385932922363,3330000,0.0,0.0
1998-05-18 00:00:00-04:00,15.650550151321124,16.17809678563532,15.386776834164026,15.533317565917969,1616200,0.0,0.0
1998-05-19 00:00:00-04:00,15.826393572011387,16.031550525722647,15.533312209566732,15.591928482055664,1339200,0.0,0.0
1998-05-20 00:00:00-04:00,15.94362520532133,15.94362520532133,15.240229975674803,15.298846244812012,3276800,0.0,0.0
1998-05-21 00:00:00-04:00,15.416076887398958,15.621233804151416,14.94714679196477,15.005763053894043,3039400,0.0,0.0
1998-05-22 00:00:00-04:00,15.122993257730315,15.181609510667252,14.595446981297862,14.800603866577148,1753000,0.0,0.0
1998-05-26 00:00:00-04:00,15.298843002319336,15.298843002319336,14.185134124755859,14.214442253112793,1873800,0.0,0.0
1998-05-27 00:00:00-04:00,14.214444874751905,14.478218078613281,14.155828607227155,14.478218078613281,1822200,0.0,0.0
1998-05-28 00:00:00-04:00,14.478218025631374,15.00576443142361,14.44890989197625,14.771299362182617,1508800,0.0,0.0
1998-05-29 00:00:00-04:00,14.917839701582746,15.064380366627763,14.419601440429688,14.419601440429688,2171600,0.0,0.0
1998-06-01 00:00:00-04:00,14.419598947163502,14.419598947163502,13.3351982133321,13.452430725097656,1425400,0.0,0.0
1998-06-02 00:00:00-04:00,13.71620599069903,14.067903580204133,13.452432798570202,13.628281593322754,2052800,0.0,0.0
1998-06-03 00:00:00-04:00,13.950670084745987,14.067902606466541,13.48173999786377,13.48173999786377,1056200,0.0,0.0
1998-06-04 00:00:00-04:00,13.511048138796628,13.56966439970247,13.247274964720338,13.335199356079102,1618400,0.0,0.0
1998-06-05 00:00:00-04:00,13.481740008343706,13.716205051967076,13.247274964720338,13.335199356079102,1766800,0.0,0.0
1998-06-08 00:00:00-04:00,13.423124347414289,13.68689753328051,13.130043029785156,13.130043029785156,1448000,0.0,0.0
1998-06-09 00:00:00-04:00,13.423123716800772,13.774821281433105,13.188658673712549,13.774821281433105,1322200,0.0,0.0
1998-06-10 00:00:00-04:00,13.423123989630183,13.423123989630183,12.778345108032227,12.778345108032227,1958400,0.0,0.0
1998-06-11 00:00:00-04:00,12.83696141095739,12.95419393525837,12.338723182678223,12.338723182678223,1682200,0.0,0.0
1998-06-12 00:00:00-04:00,12.368034229828762,12.397342367814138,11.547406366238228,12.192185401916504,2724400,0.0,0.0
1998-06-15 00:00:00-04:00,12.016332247644012,12.543878541443018,11.8990997379109,12.104256629943848,1711000,0.0,0.0
1998-06-16 00:00:00-04:00,12.30941354411922,12.866267966353185,12.250797289147224,12.836959838867188,1487800,0.0,0.0
1998-06-17 00:00:00-04:00,12.836960625879973,12.954193143011297,11.987024876677875,12.074949264526367,1886600,0.0,0.0
1998-06-18 00:00:00-04:00,12.13356704252312,12.426648372052664,12.045642643664257,12.162875175476074,1342200,0.0,0.0
1998-06-19 00:00:00-04:00,12.162875175476074,12.514572770911528,12.016334510711303,12.162875175476074,1644800,0.0,0.0
1998-06-22 00:00:00-04:00,12.192183421548723,12.631805419921875,12.045642755424339,12.631805419921875,1822400,0.0,0.0
1998-06-23 00:00:00-04:00,12.895578618945764,12.983503018620395,12.39734035412286,12.631805419921875,2452400,0.0,0.0
1998-06-24 00:00:00-04:00,12.8369633623984,13.364509801949021,12.661114549214862,13.24727725982666,2354200,0.0,0.0
1998-06-25 00:00:00-04:00,13.5989749615009,13.65759123288668,12.954195976257324,12.954195976257324,1018000,0.0,0.0
1998-06-26 00:00:00-04:00,12.954193893922579,12.954193893922579,12.69042071508705,12.778345108032227,780800,0.0,0.0
1998-06-29 00:00:00-04:00,12.749034262381459,12.866266761345885,12.309412391264857,12.36802864074707,1322800,0.0,0.0
1998-06-30 00:00:00-04:00,12.368030730809005,12.661112027747608,12.045641304176543,12.543879508972168,1947200,0.0,0.0
1998-07-01 00:00:00-04:00,13.071425053416188,13.071425053416188,12.602495006656863,12.866268157958984,1286800,0.0,0.0
1998-07-02 00:00:00-04:00,12.866267966353185,12.895576093839184,12.661111073951199,12.836959838867188,1749600,0.0,0.0
1998-07-06 00:00:00-04:00,12.807655827054436,12.807655827054436,12.426650047302246,12.426650047302246,566000,0.0,0.0
1998-07-07 00:00:00-04:00,12.48526378553741,12.983502011720827,12.250798737921683,12.924885749816895,2781600,0.0,0.0
1998-07-08 00:00:00-04:00,13.012810362709892,13.247275414290252,12.661112785339355,12.661112785339355,2780400,0.0,0.0
1998-07-09 00:00:00-04:00,12.66111341203962,12.69042154493786,12.280107684362502,12.309415817260742,1675400,0.0,0.0
1998-07-10 00:00:00-04:00,12.426644890229284,12.602493638675925,12.309412391264857,12.36802864074707,624200,0.0,0.0
1998-07-13 00:00:00-04:00,12.36802977684335,12.426646031709906,12.016332247644012,12.104256629943848,1235000,0.0,0.0
1998-07-14 00:00:00-04:00,12.426650505799515,12.514574919755642,12.074952849975,12.192185401916504,1198000,0.0,0.0
1998-07-15 00:00:00-04:00,12.01633226925924,12.895576093839184,11.664634739427262,12.836959838867188,3925200,0.0,0.0
1998-07-16 00:00:00-04:00,12.86627104974562,12.86627104974562,12.455957166610224,12.719730377197266,2371600,0.0,0.0
1998-07-17 00:00:00-04:00,12.192183445317085,12.631805444547268,12.13356717875306,12.485264778137207,1368800,0.0,0.0
1998-07-20 00:00:00-04:00,12.485264637958572,12.485264637958572,12.045642643664257,12.162875175476074,1338000,0.0,0.0
1998-07-21 00:00:00-04:00,12.309414471421286,12.86626893560463,12.250798212033565,12.543879508972168,1788000,0.0,0.0
1998-07-22 00:00:00-04:00,12.66111341203962,12.77834594363258,12.104258886973064,12.309415817260742,1596600,0.0,0.0
1998-07-23 00:00:00-04:00,12.074950823371793,12.573189085501213,11.869793891906738,11.869793891906738,1475200,0.0,0.0
1998-07-24 00:00:00-04:00,11.957717169832755,12.074949691105624,11.371554563468402,11.400862693786621,1502200,0.0,0.0
1998-07-27 00:00:00-04:00,11.254322818925424,11.283630951266376,10.609543907424488,11.225014686584473,1706200,0.0,0.0
1998-07-28 00:00:00-04:00,11.225014686584473,11.840485465744457,10.961241495515909,11.225014686584473,1741400,0.0,0.0
1998-07-29 00:00:00-04:00,11.488786723373371,11.752559887940617,10.756083488464355,10.756083488464355,1125800,0.0,0.0
1998-07-30 00:00:00-04:00,10.844008217740488,11.547403345377708,10.844008217740488,11.400862693786621,925600,0.0,0.0
1998-07-31 00:00:00-04:00,11.488786723373371,11.606019240958814,10.756083488464355,10.756083488464355,1233400,0.0,0.0
1998-08-03 00:00:00-04:00,10.785390853881836,10.961239617803823,10.433693326037863,10.785390853881836,847600,0.0,0.0
1998-08-04 00:00:00-04:00,10.96123877910625,11.049163154339722,10.111303151849347,10.228535652160645,690000,0.0,0.0
1998-08-05 00:00:00-04:00,10.550927434648786,10.5802355664117,9.671683481761388,9.847532272338867,2292400,0.0,0.0
1998-08-06 00:00:00-04:00,9.788914010331437,10.902622789949984,9.788914010331437,10.844006538391113,2810600,0.0,0.0
1998-08-07 00:00:00-04:00,11.34224680683497,12.074950088930253,11.078473625280669,11.459479331970215,2205600,0.0,0.0
1998-08-10 00:00:00-04:00,11.459479982202703,11.459479982202703,10.961241722106934,10.961241722106934,868000,0.0,0.0
1998-08-11 00:00:00-04:00,10.081998211026532,10.66816089771412,10.081998211026532,10.287155151367188,1401400,0.0,0.0
1998-08-12 00:00:00-04:00,10.375077438354491,10.785391235351563,10.28715305328369,10.550926208496094,1040800,0.0,0.0
1998-08-13 00:00:00-04:00,10.60954481905157,11.01985870708119,10.287155335599726,10.316463470458984,641200,0.0,0.0
1998-08-14 00:00:00-04:00,10.668160538340725,10.668160538340725,10.023381604704747,10.081997871398926,458000,0.0,0.0
1998-08-17 00:00:00-04:00,10.169920539855957,10.638850593566895,10.140612411499022,10.550926208496094,1813000,0.0,0.0
1998-08-18 00:00:00-04:00,10.756085906982422,11.137091674804688,10.756085906982422,10.990550994873047,1134800,0.0,0.0
1998-08-19 00:00:00-04:00,11.107780647277831,11.107780647277831,10.375077438354491,10.550926208496094,705200,0.0,0.0
1998-08-20 00:00:00-04:00,10.31646372625501,10.345771861840962,9.994074234809542,10.052690505981445,1036600,0.0,0.0
1998-08-21 00:00:00-04:00,9.671683283413158,10.081997119679171,9.378601971794577,9.964764595031738,1500000,0.0,0.0
1998-08-24 00:00:00-04:00,10.023378776615875,10.433692527705414,10.023378776615875,10.228535652160645,1376000,0.0,0.0
1998-08-25 00:00:00-04:00,10.345767217840853,10.726772809432726,10.316459095410709,10.375075340270996,1047200,0.0,0.0
1998-08-26 00:00:00-04:00,9.84753266755525,9.964765199311861,9.642375736981183,9.759608268737793,1113000,0.0,0.0
1998-08-27 00:00:00-04:00,9.466526687343254,9.495834819502212,8.675207119051404,8.821747779846191,1582600,0.0,0.0
1998-08-28 00:00:00-04:00,8.880364044164105,9.056212837117851,8.264893268826,8.821747779846191,2119800,0.0,0.0
1998-08-31 00:00:00-04:00,8.909674774828574,8.997599196948594,8.089046835041731,8.147663116455078,1196600,0.0,0.0
1998-09-01 00:00:00-04:00,8.557973668381974,8.968287474400288,8.206276120366278,8.675206184387207,1462400,0.0,0.0
1998-09-02 00:00:00-04:00,8.704513568443273,9.378600477783998,8.6752054419502,8.997594833374023,1249200,0.0,0.0
1998-09-03 00:00:00-04:00,8.880365500847498,8.938981774780485,8.38212717241711,8.440743446350098,1651800,0.0,0.0
1998-09-04 00:00:00-04:00,8.528665725630942,8.76313076276169,8.440741336706912,8.704514503479004,1645400,0.0,0.0
1998-09-08 00:00:00-04:00,9.085521916158838,9.14413818658567,8.851056834451514,8.968289375305176,2301200,0.0,0.0
1998-09-09 00:00:00-04:00,9.085520366569618,9.232061017643321,8.792439064422211,9.026904106140137,1812200,0.0,0.0
1998-09-10 00:00:00-04:00,8.733822639674356,8.88036328799104,8.470049472704325,8.557973861694336,794600,0.0,0.0
1998-09-11 00:00:00-04:00,8.704514463263822,9.73029899597168,8.616590074746005,9.73029899597168,2373800,0.0,0.0
1998-09-14 00:00:00-04:00,9.73029899597168,10.140612809054822,9.613066477947925,9.73029899597168,2491400,0.0,0.0
1998-09-15 00:00:00-04:00,9.056212028361255,9.554450230568833,9.056212028361255,9.437217712402344,1151200,0.0,0.0
1998-09-16 00:00:00-04:00,9.437218261487557,9.75960770520297,9.232061342759566,9.671683311462402,1393600,0.0,0.0
1998-09-17 00:00:00-04:00,9.378602518837834,10.345770903592985,9.173445588738256,9.906148910522461,1478600,0.0,0.0
1998-09-18 00:00:00-04:00,9.964765029580585,10.081997559340357,9.319986115901841,9.583759307861328,1612000,0.0,0.0
1998-09-21 00:00:00-04:00,9.114829675147407,9.261370345165854,8.792440201106825,8.909672737121582,10426200,0.0,0.0
1998-09-22 00:00:00-04:00,8.909671020507812,9.05621166229248,8.64589786529541,8.792438507080078,4137800,0.0,0.0
1998-09-23 00:00:00-04:00,8.968286910147038,9.437216944664529,8.792438147202978,9.319984436035156,2051800,0.0,0.0
1998-09-24 00:00:00-04:00,9.319984817504883,9.466525459289551,8.64589786529541,8.64589786529541,2997400,0.0,0.0
1998-09-25 00:00:00-04:00,8.528667142314296,9.232062370546402,8.41143460427561,9.085521697998047,4630600,0.0,0.0
1998-09-28 00:00:00-04:00,9.26136818172047,9.495833198979216,9.144135673091098,9.319984436035156,1913200,0.0,0.0
1998-09-29 00:00:00-04:00,9.43721925020218,9.554451787471772,9.144137907028199,9.378602981567383,1288200,0.0,0.0
1998-09-30 00:00:00-04:00,9.378601492267766,9.466525881257775,8.557973861694336,8.557973861694336,1052000,0.0,0.0
1998-10-01 00:00:00-04:00,8.470049472704325,8.79243889900103,8.470049472704325,8.557973861694336,807800,0.0,0.0
1998-10-02 00:00:00-04:00,8.61659173965454,8.763132415499006,8.001120901107788,8.206277847290039,1390800,0.0,0.0
1998-10-05 00:00:00-04:00,8.089045563307195,8.206278107702952,7.766656066218865,7.9425048828125,957600,0.0,0.0
1998-10-06 00:00:00-04:00,8.030428120006214,8.147660647305575,7.971811856356534,8.059736251831055,1552000,0.0,0.0
1998-10-07 00:00:00-04:00,8.059736726812815,8.089044860364863,7.385649655115744,7.532190322875977,2544200,0.0,0.0
1998-10-08 00:00:00-04:00,7.033951263427734,7.678730129241943,7.033951263427734,7.327032566070557,2302200,0.0,0.0
1998-10-09 00:00:00-04:00,7.737348159154256,8.470051583316591,7.620115611288282,8.440743446350098,5694600,0.0,0.0
1998-10-12 00:00:00-04:00,8.704512558100413,9.58375625083783,8.64589631191792,9.554448127746582,3754600,0.0,0.0
1998-10-13 00:00:00-04:00,9.43721925020218,9.495835518836975,8.997597235441209,9.378602981567383,2720600,0.0,0.0
1998-10-14 00:00:00-04:00,9.437216997146606,10.844007108522499,9.437216997146606,10.785390853881836,2942400,0.0,0.0
1998-10-15 00:00:00-04:00,10.726777734254535,11.137091636657715,10.375080103623239,11.137091636657715,2470800,0.0,0.0
1998-10-16 00:00:00-04:00,11.89909839630127,12.133563389331837,11.137087168951927,11.89909839630127,2434000,0.0,0.0
1998-10-19 00:00:00-04:00,11.869793891906738,11.869793891906738,11.576712561242374,11.869793891906738,1689400,0.0,0.0
1998-10-20 00:00:00-04:00,12.309412391264857,13.481737380909129,12.309412391264857,12.36802864074707,3666600,0.0,0.0
1998-10-21 00:00:00-04:00,12.543877881148767,13.657586664989077,12.514569755258233,13.598970413208008,4081000,0.0,0.0
1998-10-22 00:00:00-04:00,13.423126042999836,14.18513756509153,12.895579604628663,14.155829429626465,3018600,0.0,0.0
1998-10-23 00:00:00-04:00,15.00576211980236,15.709157219168096,14.243750762156147,14.273058891296387,4326600,0.0,0.0
1998-10-26 00:00:00-05:00,14.155825996398926,14.624756050109863,13.393814659118652,14.507523536682129,2426600,0.0,0.0
1998-10-27 00:00:00-05:00,14.595446276974368,14.654062527082699,13.452429399861918,13.540353775024414,1803800,0.0,0.0
1998-10-28 00:00:00-05:00,13.481739222881993,14.595448115207027,13.247274192918828,14.390291213989258,1482000,0.0,0.0
1998-10-29 00:00:00-05:00,14.302368757620709,15.65054286182266,14.185136226820537,15.445385932922363,4420400,0.0,0.0
1998-10-30 00:00:00-05:00,16.14878276678232,16.14878276678232,15.152306153224064,15.240230560302734,3303800,0.0,0.0
1998-11-02 00:00:00-05:00,15.035074777381366,15.2402317431546,14.683377121770105,15.12299919128418,1522800,0.0,0.0
1998-11-03 00:00:00-05:00,15.005764933770577,15.005764933770577,13.950672086864833,14.243753433227539,1877200,0.0,0.0
1998-11-04 00:00:00-05:00,14.360983452313464,14.82991352422574,14.126518416357326,14.741989135742188,1792600,0.0,0.0
1998-11-05 00:00:00-05:00,14.536835190672312,14.624759597067507,14.067905023231269,14.155829429626465,1071400,0.0,0.0
1998-11-06 00:00:00-05:00,14.067906269588581,15.26953993011594,14.067906269588581,14.976458549499512,1952800,0.0,0.0
1998-11-09 00:00:00-05:00,14.917840434167674,15.240229913098608,14.419602148547144,14.683375358581543,768600,0.0,0.0
1998-11-10 00:00:00-05:00,14.566139793395996,14.712680435180664,14.27305850982666,14.507523536682129,641600,0.0,0.0
1998-11-11 00:00:00-05:00,15.709158333783748,15.709158333783748,15.240228234267816,15.621233940124512,3665800,0.0,0.0
1998-11-12 00:00:00-05:00,15.504001040916657,15.767774215525826,15.122995344258971,15.562617301940918,2362800,0.0,0.0
1998-11-13 00:00:00-05:00,15.328150763256993,16.03154582696286,15.328150763256993,15.914313316345215,1726400,0.0,0.0
1998-11-16 00:00:00-05:00,15.914323468478221,16.17809678563532,15.357468687813236,15.533317565917969,640600,0.0,0.0
1998-11-17 00:00:00-05:00,15.240231792054297,15.26953993011594,14.712685306944726,14.976458549499512,2279600,0.0,0.0
1998-11-18 00:00:00-05:00,15.21091973579536,15.914314868086475,15.18161160528323,15.562617301940918,1786800,0.0,0.0
1998-11-19 00:00:00-05:00,15.591924099361195,16.031546019455966,15.562615971354877,15.943621635437012,981200,0.0,0.0
1998-11-20 00:00:00-05:00,16.0315469645421,16.383244521351067,16.00223883480802,16.236703872680664,1348600,0.0,0.0
1998-11-23 00:00:00-05:00,16.236700643542854,16.529781882595973,15.914311280584421,16.32462501525879,1518000,0.0,0.0
1998-11-24 00:00:00-05:00,16.295320132148827,16.705633948425955,16.11947135374434,16.236703872680664,1756400,0.0,0.0
1998-11-25 00:00:00-05:00,16.236700643542854,16.471165634785347,16.178084395732228,16.32462501525879,1241200,0.0,0.0
1998-11-27 00:00:00-05:00,16.266012002414744,16.324628261882907,16.11947135374434,16.236703872680664,214000,0.0,0.0
1998-11-30 00:00:00-05:00,16.412552504511606,16.471168763456287,15.035070419311523,15.035070419311523,1327800,0.0,0.0
1998-12-01 00:00:00-05:00,14.917837901422155,15.12299480772855,14.536832218281706,15.035070419311523,2349400,0.0,0.0
1998-12-02 00:00:00-05:00,15.064381476811,16.52978823525565,15.005765206473214,16.412555694580078,2907200,0.0,0.0
1998-12-03 00:00:00-05:00,16.76425035264757,18.698586931799213,16.47116905277611,17.14525604248047,4322400,0.0,0.0
1998-12-04 00:00:00-05:00,17.819342590621297,18.698586468448006,17.702110073577735,18.552045822143555,3293800,0.0,0.0
1998-12-07 00:00:00-05:00,18.757205037675668,19.812297821044922,18.581356240447455,19.812297821044922,2302800,0.0,0.0
1998-12-08 00:00:00-05:00,19.753677232506263,21.30700793476566,19.636444726675368,20.603612899780273,3393600,0.0,0.0
1998-12-09 00:00:00-05:00,20.66223558809597,21.101857621885248,19.92953219844718,20.10538101196289,2504200,0.0,0.0
1998-12-10 00:00:00-05:00,20.105375851247636,20.105375851247636,18.46412067971722,19.02097511291504,2452000,0.0,0.0
1998-12-11 00:00:00-05:00,18.78651144862556,19.43129031269695,17.995191933628853,18.34688949584961,2192600,0.0,0.0
1998-12-14 00:00:00-05:00,18.3761968838202,18.3761968838202,17.350412368774414,17.350412368774414,1143200,0.0,0.0
1998-12-15 00:00:00-05:00,17.702113668903028,18.34689264359817,17.61418926326278,17.93657875061035,3798000,0.0,0.0
1998-12-16 00:00:00-05:00,17.995192954623562,18.141733613863167,17.350414053969295,17.614187240600586,1856800,0.0,0.0
1998-12-17 00:00:00-05:00,17.58488040221365,17.9951942782653,17.58488040221365,17.819345474243164,4113600,0.0,0.0
1998-12-18 00:00:00-05:00,18.991669821082997,19.460599940122083,18.610664099363742,19.167518615722656,5877600,0.0,0.0
1998-12-21 00:00:00-05:00,19.167523078977418,19.460604471622332,18.903749825596993,18.962366104125977,1650000,0.0,0.0
1998-12-22 00:00:00-05:00,18.874433889329058,19.108898906587804,18.581352617755627,18.639968872070312,1332400,0.0,0.0
1998-12-23 00:00:00-05:00,18.786511998781016,18.874436391911036,18.552046950434296,18.727895736694336,3161800,0.0,0.0
1998-12-24 00:00:00-05:00,18.75720431071357,18.75720431071357,18.141733544268277,18.200349807739258,457200,0.0,0.0
1998-12-28 00:00:00-05:00,18.171043395996094,18.40550847207346,17.965886454428396,18.171043395996094,846800,0.0,0.0
1998-12-29 00:00:00-05:00,18.11242785820594,18.34689294374906,17.995195315434383,18.28827667236328,2172800,0.0,0.0
1998-12-30 00:00:00-05:00,18.288275814056398,19.079595440626147,18.288275814056398,18.757205963134766,1242200,0.0,0.0
1998-12-31 00:00:00-05:00,18.786511719402665,19.870912551879883,18.669279196972692,19.870912551879883,683800,0.0,0.0
1999-01-04 00:00:00-05:00,19.753679275512695,19.812295534490477,19.343365462668217,19.753679275512695,1344600,0.0,0.0
1999-01-05 00:00:00-05:00,20.515688020889073,21.981094308095436,20.42776364365669,21.39493179321289,4844800,0.0,0.0
1999-01-06 00:00:00-05:00,22.274181988774515,23.212042283038702,21.834559975838175,22.977577209472656,6650600,0.0,0.0
1999-01-07 00:00:00-05:00,22.743110282168523,23.41719731372764,22.508645227713178,22.684494018554688,3439800,0.0,0.0
1999-01-08 00:00:00-05:00,23.38789321510655,23.446509488828625,22.450032835553408,23.006887435913086,3620200,0.0,0.0
1999-01-11 00:00:00-05:00,22.948269381595015,23.358583265812552,22.74311243948625,23.329275131225586,1674000,0.0,0.0
1999-01-12 00:00:00-05:00,23.29996578781693,23.827512183012786,23.153425122484748,23.739587783813477,1834800,0.0,0.0
1999-01-13 00:00:00-05:00,22.56725591213549,24.003354015635022,22.50863966301306,23.563732147216797,4034200,0.0,0.0
1999-01-14 00:00:00-05:00,23.475811951213675,23.65166072987445,23.12411439389212,23.622352600097656,2775200,0.0,0.0
1999-01-15 00:00:00-05:00,23.62235730233075,26.230781371694817,23.59304916671992,26.201473236083984,2511600,0.0,0.0
1999-01-19 00:00:00-05:00,25.791155951363702,26.260086059570312,24.208516836166382,26.260086059570312,3255400,0.0,0.0
1999-01-20 00:00:00-05:00,28.10649955563429,29.952911935201506,27.989267023598277,28.839202880859375,9088000,0.0,0.0
1999-01-21 00:00:00-05:00,28.692663496732713,29.278826183080675,27.901343870162965,28.13580894470215,4802000,0.0,0.0
1999-01-22 00:00:00-05:00,27.432413209473722,27.549645744556944,26.435936661266343,26.846250534057617,3383600,0.0,0.0
1999-01-25 00:00:00-05:00,26.75832773942863,26.87556028155099,26.201473164347423,26.49455451965332,2141200,0.0,0.0
1999-01-26 00:00:00-05:00,26.611783802136,28.370271718576706,26.553167538254645,28.077190399169922,2732200,0.0,0.0
1999-01-27 00:00:00-05:00,27.72549080302697,28.01857210115622,26.846246908639223,26.87555503845215,1508200,0.0,0.0
1999-01-28 00:00:00-05:00,26.963473588992386,27.90133353991386,26.72900860126202,27.432403564453125,1337600,0.0,0.0
1999-01-29 00:00:00-05:00,27.66688009408804,31.183856377234825,27.60826382270226,30.48046112060547,5359000,0.0,0.0
1999-02-01 00:00:00-05:00,30.01153091265947,30.128763455287046,29.044362435981967,29.864990234375,2804600,0.0,0.0
1999-02-02 00:00:00-05:00,29.30812816009679,29.39605254457708,27.93064613657224,28.39957618713379,2743400,0.0,0.0
1999-02-03 00:00:00-05:00,28.135809187592546,29.68914031982422,28.018576649310912,29.68914031982422,2401800,0.0,0.0
1999-02-04 00:00:00-05:00,29.454671811757596,29.95291004140922,27.78410833586687,27.959957122802734,1831800,0.0,0.0
1999-02-05 00:00:00-05:00,27.872032060727967,27.90134019118089,26.230776755364385,26.670398712158203,2289800,0.0,0.0
1999-02-08 00:00:00-05:00,28.047873810186225,28.13579817949715,27.344478855698796,27.666868209838867,3669200,0.0,0.0
1999-02-09 00:00:00-05:00,27.549644639756945,27.57895277235243,26.289394938151045,26.3773193359375,2639000,0.0,0.0
1999-02-10 00:00:00-05:00,26.23077449059975,26.963477688661197,24.7360599665544,25.73253631591797,2267000,0.0,0.0
1999-02-11 00:00:00-05:00,25.673922892636472,28.1358059097386,25.615306630324515,27.959957122802734,4876200,0.0,0.0
1999-02-12 00:00:00-05:00,27.491019811385716,27.491019811385716,25.937689267672024,27.432403564453125,1368400,0.0,0.0
1999-02-16 00:00:00-05:00,28.018574135288564,28.340963586636025,27.432411496474995,28.077190399169922,1929400,0.0,0.0
1999-02-17 00:00:00-05:00,28.253039690243302,28.95643486925351,26.40662734534151,27.256563186645508,2817000,0.0,0.0
1999-02-18 00:00:00-05:00,27.52032759432065,27.725484456046154,26.846240762936866,27.666868209838867,1387600,0.0,0.0
1999-02-19 00:00:00-05:00,27.637567381538176,27.872032428253238,26.84624784887483,27.022096633911133,1701600,0.0,0.0
1999-02-22 00:00:00-05:00,26.553159531900437,28.13579817949715,25.96699706982758,27.666868209838867,1729400,0.0,0.0
1999-02-23 00:00:00-05:00,28.018574923026463,28.13580745408515,26.758325214145565,27.901342391967773,2175400,0.0,0.0
1999-02-24 00:00:00-05:00,27.93064613657224,29.95290697961892,27.93064613657224,28.39957618713379,2964000,0.0,0.0
1999-02-25 00:00:00-05:00,27.959957701819285,28.311655282974243,25.791155951363702,26.260086059570312,3270000,0.0,0.0
1999-02-26 00:00:00-05:00,26.1428544819355,26.1428544819355,21.62940202653408,22.50864601135254,7046200,0.0,0.0
1999-03-01 00:00:00-05:00,22.27417977569658,23.3585806331976,21.394935837182242,22.91895866394043,3132000,0.0,0.0
1999-03-02 00:00:00-05:00,22.948264692284816,24.149897964805476,22.948264692284816,23.182729721069336,3167000,0.0,0.0
1999-03-03 00:00:00-05:00,23.59304802758353,23.798204966953822,22.772420270102366,22.977577209472656,1655400,0.0,0.0
1999-03-04 00:00:00-05:00,23.03619041055592,23.651661146715814,22.831033498502624,23.094806671142578,2232600,0.0,0.0
1999-03-05 00:00:00-05:00,23.79820716605996,25.08776518983661,23.710282755347915,24.853300094604492,2141000,0.0,0.0
1999-03-08 00:00:00-05:00,24.853295734950475,26.348010454859054,24.53090628555843,26.260086059570312,2665200,0.0,0.0
1999-03-09 00:00:00-05:00,26.260085359625858,27.31517807496797,24.970527596429946,25.556690216064453,4038600,0.0,0.0
1999-03-10 00:00:00-05:00,25.556692597160584,27.139331817626953,25.263611260037184,27.139331817626953,1815200,0.0,0.0
1999-03-11 00:00:00-05:00,27.139327856376344,27.637566056763383,25.732537643518825,25.937694549560547,2524400,0.0,0.0
1999-03-12 00:00:00-05:00,26.377318887149585,26.377318887149585,23.915435791015625,23.915435791015625,2627600,0.0,0.0
1999-03-15 00:00:00-05:00,24.00335389759532,24.64813263477126,23.7981970266757,24.120586395263672,2096000,0.0,0.0
1999-03-16 00:00:00-05:00,25.322224352328263,26.934171504386196,24.85329427172959,26.61178207397461,3012000,0.0,0.0
1999-03-17 00:00:00-05:00,26.729016802387854,27.578952643691853,26.113546020753923,27.256563186645508,2432800,0.0,0.0
1999-03-18 00:00:00-05:00,27.256557078197087,27.432405833540294,26.96347581929174,27.197940826416016,1647800,0.0,0.0
1999-03-19 00:00:00-05:00,28.106502556091108,28.106502556091108,26.58247947692871,26.58247947692871,2439000,0.0,0.0
1999-03-22 00:00:00-05:00,26.377318302790325,26.435934565685415,24.58952228449009,25.32222557067871,1657400,0.0,0.0
1999-03-23 00:00:00-05:00,25.6739196315516,25.703227758984877,24.179205132454417,24.208513259887695,1231600,0.0,0.0
1999-03-24 00:00:00-05:00,24.208515733228804,24.618829559215733,23.798201907241875,24.29644012451172,2515200,0.0,0.0
1999-03-25 00:00:00-05:00,24.61882872500662,26.230775843905864,24.61882872500662,25.937694549560547,2648800,0.0,0.0
1999-03-26 00:00:00-05:00,25.204992532446607,25.67392262607352,24.501597392006236,24.64813804626465,1519600,0.0,0.0
1999-03-29 00:00:00-05:00,24.76536955306008,25.996310998300935,24.76536955306008,25.967002868652344,1029000,0.0,0.0
1999-03-30 00:00:00-05:00,25.791149881393466,26.582469252754404,25.46876050787605,25.61530113220215,1236400,0.0,0.0
1999-03-31 00:00:00-05:00,25.644612885832377,26.435932369166633,25.11706656360954,25.585996627807617,1914600,0.0,0.0
1999-04-01 00:00:00-05:00,25.67391828010822,27.197940826416016,25.615302028327154,27.197940826416016,1720000,0.0,0.0
1999-04-05 00:00:00-04:00,28.311653995513915,28.311653995513915,26.729014952286427,26.96347999572754,3042600,0.0,0.0
1999-04-06 00:00:00-04:00,26.904860741864596,28.370267100353953,26.787628233185448,28.253034591674805,2791600,0.0,0.0
1999-04-07 00:00:00-04:00,28.253030671911723,28.458187533637226,27.256554486387866,27.666868209838867,2147200,0.0,0.0
1999-04-08 00:00:00-04:00,27.197948139307282,27.197948139307282,26.1721634573291,26.846250534057617,1740800,0.0,0.0
1999-04-09 00:00:00-04:00,27.16864132988079,28.443545211056424,26.14285659790039,26.14285659790039,3360600,0.0,0.0
1999-04-12 00:00:00-04:00,25.820462487789325,25.996311267501852,24.06197469066406,24.53090476989746,2144600,0.0,0.0
1999-04-13 00:00:00-04:00,25.087754624399974,25.64460899106306,23.358575275288295,23.563732147216797,2656800,0.0,0.0
1999-04-14 00:00:00-04:00,24.149901508149647,25.644616285959877,23.65166324887957,24.618831634521484,3298800,0.0,0.0
1999-04-15 00:00:00-04:00,24.70675385120379,25.9376953242175,23.91543433283783,25.7618465423584,1348600,0.0,0.0
1999-04-16 00:00:00-04:00,25.204990013313726,25.761844443840424,24.325746175639992,25.73253631591797,1451600,0.0,0.0
1999-04-19 00:00:00-04:00,24.56021117231374,24.941216834891396,23.915432358720775,23.974048614501953,2220800,0.0,0.0
1999-04-20 00:00:00-04:00,24.003358219271508,25.087759017944336,23.212038717537283,25.087759017944336,3008000,0.0,0.0
1999-04-21 00:00:00-04:00,25.087757873535157,28.428884506225586,25.087757873535157,25.791152954101562,5773800,0.0,0.0
1999-04-22 00:00:00-04:00,27.666877607568413,28.07719147039252,26.7583254827436,27.3444881439209,2390200,0.0,0.0
1999-04-23 00:00:00-04:00,26.96347770607809,27.08071021784365,25.82046071636391,26.904861450195312,1522000,0.0,0.0
1999-04-26 00:00:00-04:00,26.87555660226727,27.05140539137698,26.230777708865002,26.52385902404785,1116800,0.0,0.0
1999-04-27 00:00:00-04:00,26.670401731432786,27.403105075702918,25.849773985850238,26.846250534057617,1219400,0.0,0.0
1999-04-28 00:00:00-04:00,26.84624840595104,26.84624840595104,25.029144256203264,25.32222557067871,2359200,0.0,0.0
1999-04-29 00:00:00-04:00,24.149905534751515,24.149905534751515,21.16047548069247,23.124120712280273,7271200,0.0,0.0
1999-04-30 00:00:00-04:00,23.124118256726803,23.915437892888555,22.06902540851113,22.127641677856445,3772000,0.0,0.0
1999-05-03 00:00:00-04:00,22.24486978848775,23.299962426676895,22.215561659649165,23.212038040161133,2193000,0.0,0.0
1999-05-04 00:00:00-04:00,23.563738889235225,23.563738889235225,21.922483444213867,21.922483444213867,2003200,0.0,0.0
1999-05-05 00:00:00-04:00,22.127648718937813,24.14991065484074,20.486392655016598,23.944753646850586,4122200,0.0,0.0
1999-05-06 00:00:00-04:00,24.355058379471302,24.61883157491684,22.50864601135254,22.50864601135254,2927000,0.0,0.0
1999-05-07 00:00:00-04:00,22.508648467898833,23.094811188417033,22.186258971613825,22.596572875976562,2097800,0.0,0.0
1999-05-10 00:00:00-04:00,22.83103641100411,23.006885215196696,22.244873730362155,22.655187606811523,2546400,0.0,0.0
1999-05-11 00:00:00-04:00,23.124117751325088,23.24135028745348,22.30348999842635,22.655187606811523,1622400,0.0,0.0
1999-05-12 00:00:00-04:00,22.860343837738036,23.622355298995974,22.215564908981325,23.44650650024414,2133400,0.0,0.0
1999-05-13 00:00:00-04:00,23.680968859651248,25.102413153825857,23.563736340544065,23.622352600097656,4004200,0.0,0.0
1999-05-14 00:00:00-04:00,22.508646936651036,23.299966555517674,22.42072253455474,22.655187606811523,2160200,0.0,0.0
1999-05-17 00:00:00-04:00,22.53795089191191,23.2120378496674,21.805247676960285,23.182729721069336,2041200,0.0,0.0
1999-05-18 00:00:00-04:00,23.29996450079812,25.32222557067871,22.772418134742313,25.32222557067871,2411200,0.0,0.0
1999-05-19 00:00:00-04:00,26.43593583905134,27.373796090547618,25.849773181866166,27.3151798248291,4408000,0.0,0.0
1999-05-20 00:00:00-04:00,27.315182005877986,27.315182005877986,25.791158975507113,26.14285659790039,2303200,0.0,0.0
1999-05-21 00:00:00-04:00,26.846242545243634,26.846242545243634,25.146371292378863,25.35152816772461,903800,0.0,0.0
1999-05-24 00:00:00-04:00,25.410152877586476,25.556693551621,23.739589193592902,24.267135620117188,1348600,0.0,0.0
1999-05-25 00:00:00-04:00,24.501599292755127,24.79468062400818,23.241349568367006,23.44650650024414,1831400,0.0,0.0
1999-05-26 00:00:00-04:00,24.267134227752685,24.267134227752685,22.684495038986206,23.44650650024414,1842600,0.0,0.0
1999-05-27 00:00:00-04:00,23.446506579901392,25.322227106293504,22.977576448303363,25.26361083984375,1907400,0.0,0.0
1999-05-28 00:00:00-04:00,25.263611507980077,25.292919641980053,24.530908157980654,24.76537322998047,863200,0.0,0.0
1999-06-01 00:00:00-04:00,25.67392475504271,25.937697954580816,24.67744822345429,24.970529556274414,1474600,0.0,0.0
1999-06-02 00:00:00-04:00,24.970524994102682,26.435931390470213,24.179205540064217,26.025617599487305,1714000,0.0,0.0
1999-06-03 00:00:00-04:00,26.260089435408602,26.81694401048981,25.996316215633293,26.49455451965332,1204600,0.0,0.0
1999-06-04 00:00:00-04:00,27.25656532683426,28.868512738636287,27.022100248753965,28.80989646911621,2708600,0.0,0.0
1999-06-07 00:00:00-04:00,28.370274576442636,28.780588464944906,27.75480374368923,28.22373390197754,929800,0.0,0.0
1999-06-08 00:00:00-04:00,28.223733654728644,29.07366955918049,27.901344173729665,28.487506866455078,1230200,0.0,0.0
1999-06-09 00:00:00-04:00,29.190905155855067,30.480463214949065,29.161597018148385,29.89430046081543,2748600,0.0,0.0
1999-06-10 00:00:00-04:00,29.835679636226864,30.42184230098574,29.13228443851621,29.777063369750977,2810400,0.0,0.0
1999-06-11 00:00:00-04:00,29.747756588965036,30.099454203809945,29.308134570408903,29.68914031982422,1449800,0.0,0.0
1999-06-14 00:00:00-04:00,29.806370955943155,31.330393856345363,29.36674896544252,30.890771865844727,2030600,0.0,0.0
1999-06-15 00:00:00-04:00,30.949392777274323,32.32687522095983,30.773543954676175,31.330398559570312,4177600,0.0,0.0
1999-06-16 00:00:00-04:00,31.652784012157277,32.53202801249498,31.652784012157277,32.50271987915039,3273200,0.0,0.0
1999-06-17 00:00:00-04:00,32.44410062562726,32.47340875627371,31.271775399769002,31.740705490112305,2013600,0.0,0.0
1999-06-18 00:00:00-04:00,31.740697615182224,32.06308697230781,31.242459517806324,31.41830825805664,2258400,0.0,0.0
1999-06-21 00:00:00-04:00,31.418317070382315,32.795799255371094,31.301084544000293,32.795799255371094,2341600,0.0,0.0
1999-06-22 00:00:00-04:00,32.209628864281385,33.14748884941059,31.97516386799908,32.180320739746094,1876400,0.0,0.0
1999-06-23 00:00:00-04:00,31.740706517932882,32.795799255371094,31.44762520197782,32.795799255371094,1550200,0.0,0.0
1999-06-24 00:00:00-04:00,32.12172840046433,32.67858318112931,30.861478107380417,31.066635131835938,1540200,0.0,0.0
1999-06-25 00:00:00-04:00,30.89076556669429,31.594160608061145,30.21667865205106,30.802841186523438,1255200,0.0,0.0
1999-06-28 00:00:00-04:00,30.861463733144685,31.213161325545194,30.626998671544342,30.890771865844727,1028800,0.0,0.0
1999-06-29 00:00:00-04:00,30.890779966062254,32.91304165264508,30.890779966062254,32.53203582763672,2469000,0.0,0.0
1999-06-30 00:00:00-04:00,32.825105248427974,34.671517418652044,32.76648898905578,33.64573287963867,3336800,0.0,0.0
1999-07-01 00:00:00-04:00,33.587122903551375,33.968128660746984,32.70787884848458,32.825111389160156,1712400,0.0,0.0
1999-07-02 00:00:00-04:00,33.03027036123805,33.93882260719935,32.854421539439095,33.76297378540039,1228800,0.0,0.0
1999-07-06 00:00:00-04:00,33.528508145670145,34.9646068337277,33.528508145670145,33.675048828125,1775800,0.0,0.0
1999-07-07 00:00:00-04:00,33.76296855885788,33.88020108857613,32.85441645354139,32.94234085083008,1694600,0.0,0.0
1999-07-08 00:00:00-04:00,32.825112735523895,35.14045550883317,32.73718832641089,34.87668228149414,2617800,0.0,0.0
1999-07-09 00:00:00-04:00,34.818058013916016,34.84736614355736,34.05604664324108,34.818058013916016,1118000,0.0,0.0
1999-07-12 00:00:00-04:00,35.40422213755324,35.931768493907505,35.05252456665039,35.05252456665039,1844800,0.0,0.0
1999-07-13 00:00:00-04:00,34.3491294248447,35.286989613918955,34.3491294248447,35.05252456665039,1579200,0.0,0.0
1999-07-14 00:00:00-04:00,35.40422368183672,37.16271161305377,35.40422368183672,36.488624572753906,2066800,0.0,0.0
1999-07-15 00:00:00-04:00,36.40069679317143,36.78170247619174,34.75944154323777,35.37491226196289,1888000,0.0,0.0
1999-07-16 00:00:00-04:00,35.37492100114374,36.89894410972657,35.02322336070155,36.16624069213867,1713600,0.0,0.0
1999-07-19 00:00:00-04:00,36.254160246312225,36.69378223798133,35.40422439575195,35.40422439575195,2456200,0.0,0.0
1999-07-20 00:00:00-04:00,34.96461444315703,34.96461444315703,32.3561897277832,32.3561897277832,2327400,0.0,0.0
1999-07-21 00:00:00-04:00,33.528503888676894,34.642212933930146,33.20611442820885,34.20259094238281,4166400,0.0,0.0
1999-07-22 00:00:00-04:00,33.55782074112076,33.55782074112076,31.652791616078968,32.53203582763672,2811400,0.0,0.0
1999-07-23 00:00:00-04:00,32.44410106497751,33.645734437754456,32.35617667184749,33.294036865234375,1828000,0.0,0.0
1999-07-26 00:00:00-04:00,33.11818126209995,33.762960012335526,32.70786751195004,33.41126251220703,1742400,0.0,0.0
1999-07-27 00:00:00-04:00,34.114663569958175,36.28346520584899,34.056047309528694,36.10761642456055,3296800,0.0,0.0
1999-07-28 00:00:00-04:00,35.75592298320696,37.778184201109646,35.49214978087182,37.36787033081055,3077000,0.0,0.0
1999-07-29 00:00:00-04:00,36.488626179279095,36.723091247097756,34.612905636729806,34.93529510498047,2319000,0.0,0.0
1999-07-30 00:00:00-04:00,35.169755569612136,35.72661003279766,34.58359297678527,34.818058013916016,1247400,0.0,0.0
1999-08-02 00:00:00-04:00,35.28699465151186,35.46284346206757,34.0267448425293,34.0267448425293,1012800,0.0,0.0
1999-08-03 00:00:00-04:00,34.14397743147642,35.43353537738626,33.23542524231267,34.642215728759766,2367800,0.0,0.0
1999-08-04 00:00:00-04:00,34.58360124670941,34.93529888650645,33.7043571472168,33.7043571472168,1391600,0.0,0.0
1999-08-05 00:00:00-04:00,33.52850868966844,33.85089819629987,32.23895066314273,33.76297378540039,1460000,0.0,0.0
1999-08-06 00:00:00-04:00,33.7629703722502,35.814539752508466,33.52850530022069,35.63869094848633,1805600,0.0,0.0
1999-08-09 00:00:00-04:00,35.55076739678481,37.01617413201914,35.286994184442634,36.98686599731445,2160000,0.0,0.0
1999-08-10 00:00:00-04:00,37.0161717991406,37.279944994858944,35.2283756948274,36.01969528198242,2225600,0.0,0.0
1999-08-11 00:00:00-04:00,36.01969876656165,36.57655334472656,34.75944893176739,36.57655334472656,2705800,0.0,0.0
1999-08-12 00:00:00-04:00,36.81101767632799,36.81101767632799,33.58712281614003,34.0267448425293,3276200,0.0,0.0
1999-08-13 00:00:00-04:00,34.46636944379096,34.5836019929195,32.03379404937374,33.821590423583984,4751600,0.0,0.0
1999-08-16 00:00:00-04:00,34.49567795129796,34.67152677687807,33.20611989704383,33.88020706176758,2620400,0.0,0.0
1999-08-17 00:00:00-04:00,34.17328514777143,34.23190141732164,33.05957602631747,33.9681282043457,2687600,0.0,0.0
1999-08-18 00:00:00-04:00,31.770004481980294,32.35616692629728,30.920068937720675,30.949377059936523,4801600,0.0,0.0
1999-08-19 00:00:00-04:00,30.949390290912827,31.41832044683575,30.480460134989908,30.62700080871582,2087000,0.0,0.0
1999-08-20 00:00:00-04:00,31.5355489179492,31.594165179878473,29.60121227428317,30.011526107788086,1649800,0.0,0.0
1999-08-23 00:00:00-04:00,30.18737965882872,31.857943387521182,30.18737965882872,31.68209457397461,2491200,0.0,0.0
1999-08-24 00:00:00-04:00,31.682088012163184,33.7629652081517,31.418314846474498,33.616424560546875,2148800,0.0,0.0
1999-08-25 00:00:00-04:00,33.76296759802279,33.997432650786834,32.707874860584575,32.795799255371094,1901400,0.0,0.0
1999-08-26 00:00:00-04:00,32.85440839570144,33.206105898599226,32.29755401611328,32.29755401611328,2059800,0.0,0.0
1999-08-27 00:00:00-04:00,32.4147857360284,32.6492507323107,32.063088241604945,32.180320739746094,2460800,0.0,0.0
1999-08-30 00:00:00-04:00,32.473419546866204,33.147506775727145,32.473419546866204,32.53203582763672,2319200,0.0,0.0
1999-08-31 00:00:00-04:00,30.656309406291026,32.03379176011099,30.59769313591571,31.91655921936035,4090600,0.0,0.0
1999-09-01 00:00:00-04:00,34.87667578119897,36.107617279358934,33.821583068490426,35.05252456665039,2773700,0.0,2.0
1999-09-02 00:00:00-04:00,34.87667086892876,35.990379686592036,34.23189207975529,35.462833404541016,1932800,0.0,0.0
1999-09-03 00:00:00-04:00,36.576546805245535,37.631639501550694,36.45931428343385,37.338558197021484,1644600,0.0,0.0
1999-09-07 00:00:00-04:00,37.514405453939574,38.27641681472272,36.5179290590693,37.10409164428711,2509900,0.0,0.0
1999-09-08 00:00:00-04:00,37.27994159540049,38.92119688576403,36.635162731329096,36.69377899169922,1678200,0.0,0.0
1999-09-09 00:00:00-04:00,36.69377892083797,38.45226672854586,36.69377892083797,37.86610412597656,1058700,0.0,0.0
1999-09-10 00:00:00-04:00,38.452267928862234,38.745349239295635,36.98686137669523,37.45579147338867,1202700,0.0,0.0
1999-09-13 00:00:00-04:00,37.45579525671507,37.45579525671507,34.99391200040516,35.63869094848633,1970700,0.0,0.0
1999-09-14 00:00:00-04:00,35.87315259335646,39.33151207539573,35.75592006854157,39.27289581298828,2481900,0.0,0.0
1999-09-15 00:00:00-04:00,39.27290050428001,39.624598120736245,36.45931957263009,36.98686599731445,1963000,0.0,0.0
1999-09-16 00:00:00-04:00,36.81101259043519,38.803965501382315,35.8731523970483,37.45579147338867,2064100,0.0,0.0
1999-09-17 00:00:00-04:00,37.162714198185846,38.45227210411659,36.57655151367187,38.1005744934082,1780600,0.0,0.0
1999-09-20 00:00:00-04:00,38.100571358672084,38.921199049474254,37.63164124964227,38.8039665222168,1087100,0.0,0.0
1999-09-21 00:00:00-04:00,38.335035850888204,38.7453496902708,36.57654796781994,36.928245544433594,1449100,0.0,0.0
1999-09-22 00:00:00-04:00,37.33855963266024,38.3936523695329,36.1662343694684,38.15918731689453,1460300,0.0,0.0
1999-09-23 00:00:00-04:00,38.15918069398364,38.45226195891439,35.697298068565345,35.990379333496094,1120100,0.0,0.0
1999-09-24 00:00:00-04:00,35.75592284234578,36.86963191448442,33.35265589720451,34.93529510498047,2019000,0.0,0.0
1999-09-27 00:00:00-04:00,35.873145830984605,38.276412136655146,35.63868082555334,37.57301712036133,1776200,0.0,0.0
1999-09-28 00:00:00-04:00,37.514400027325124,37.7488650274959,36.04899377625773,36.86962127685547,1553200,0.0,0.0
1999-09-29 00:00:00-04:00,36.928239381274494,38.335029452942095,35.931763080509945,35.990379333496094,1241000,0.0,0.0
1999-09-30 00:00:00-04:00,34.75944985734655,34.8766824032398,32.64926403126818,33.05957794189453,4376900,0.0,0.0
1999-10-01 00:00:00-04:00,33.76297414901971,34.87668336574085,33.23542767794128,33.821590423583984,1939000,0.0,0.0
1999-10-04 00:00:00-04:00,34.52498123629781,34.93529510498047,33.41127216415917,34.93529510498047,1123200,0.0,0.0
1999-10-05 00:00:00-04:00,34.8180582722341,38.335033855288046,34.290511934776006,37.2213249206543,2948800,0.0,0.0
1999-10-06 00:00:00-04:00,37.221336865904156,38.1005810438389,36.22486013091145,37.92473220825195,1535500,0.0,0.0
1999-10-07 00:00:00-04:00,37.45579250164318,37.45579250164318,35.16975821750533,35.22837448120117,1524500,0.0,0.0
1999-10-08 00:00:00-04:00,34.876668762742426,34.876668762742426,33.235413762142784,33.41126251220703,1904400,0.0,0.0
1999-10-11 00:00:00-04:00,33.64573287963867,34.17327921398841,33.23541906403332,33.64573287963867,2184100,0.0,0.0
1999-10-12 00:00:00-04:00,35.2869965263035,35.99039180589759,33.469892054018764,33.7043571472168,2160400,0.0,0.0
1999-10-13 00:00:00-04:00,33.93882224041482,34.64221752000891,33.35265950741975,33.7043571472168,1605800,0.0,0.0
1999-10-14 00:00:00-04:00,33.762964258856954,34.58359186237084,32.766487883161524,32.88372039794922,1621000,0.0,0.0
1999-10-15 00:00:00-04:00,32.82510943117395,34.17328356852574,32.29756302960151,33.11819076538086,1567800,0.0,0.0
1999-10-18 00:00:00-04:00,33.118179413809706,33.118179413809706,30.187367076304422,31.41830825805664,1521100,0.0,0.0
1999-10-19 00:00:00-04:00,31.359705191392163,32.1217167194073,29.60121704981877,30.48046112060547,2603000,0.0,0.0
1999-10-20 00:00:00-04:00,28.72196064157001,28.956425626399152,25.263602115340152,27.666868209838867,9202700,0.0,0.0
1999-10-21 00:00:00-04:00,26.494546961487575,28.89781338941012,26.494546961487575,28.253034591674805,3078600,0.0,0.0
1999-10-22 00:00:00-04:00,28.54612228455331,29.777063902573065,28.19442467940481,28.956436157226562,1480100,0.0,0.0
1999-10-25 00:00:00-04:00,30.24598925646162,30.363221772959534,28.37026899249501,29.132280349731445,1318600,0.0,0.0
1999-10-26 00:00:00-04:00,29.65983562321626,30.59769603817962,29.601219347281052,30.24599838256836,1417300,0.0,0.0
1999-10-27 00:00:00-04:00,30.480463850659604,30.480463850659604,29.65983597775723,30.304615020751953,2140800,0.0,0.0
1999-10-28 00:00:00-04:00,31.828643156134564,32.70788744221563,31.242480298747186,32.3561897277832,2158300,0.0,0.0
1999-10-29 00:00:00-04:00,34.642209913823514,36.22484894541951,33.99743104909921,36.10761642456055,2880800,0.0,0.0
1999-11-01 00:00:00-05:00,36.459311286412635,37.279938871637356,35.52145118901295,35.69729995727539,1912800,0.0,0.0
1999-11-02 00:00:00-05:00,35.63868734870158,37.92472157008211,35.22837351409482,37.45579147338867,2178800,0.0,0.0
1999-11-03 00:00:00-05:00,38.452260890728596,38.97980715294896,37.27993586357224,37.57301712036133,1696000,0.0,0.0
1999-11-04 00:00:00-05:00,37.631639501550694,37.924720806079904,36.22484923981048,37.338558197021484,1611200,0.0,0.0
1999-11-05 00:00:00-05:00,38.39365182203405,39.85905838012695,38.15918677273918,39.85905838012695,1988600,0.0,0.0
1999-11-08 00:00:00-05:00,39.62458875476408,40.3279838214167,38.45226364367639,38.569496154785156,782000,0.0,0.0
1999-11-09 00:00:00-05:00,41.20724197497471,41.73478845829587,40.503846663879834,40.738311767578125,2400800,0.0,0.0
1999-11-10 00:00:00-05:00,40.7383031181554,43.08295365732981,40.67968685467604,42.965721130371094,1736300,0.0,0.0
1999-11-11 00:00:00-05:00,43.55188574127475,45.66207132227864,43.493269475135754,45.07590866088867,2272500,0.0,0.0
1999-11-12 00:00:00-05:00,45.07590783117974,46.01376807214057,43.141571084198034,45.544837951660156,10842000,0.0,0.0
1999-11-15 00:00:00-05:00,45.54483682795088,45.837918146020066,44.78282540097101,45.368988037109375,2566400,0.0,0.0
1999-11-16 00:00:00-05:00,45.36898915648,46.599930722741085,44.782826505879484,45.544837951660156,2241700,0.0,0.0
1999-11-17 00:00:00-05:00,47.068861320614815,47.537791445851326,44.489745631814,45.01729202270508,2314200,0.0,0.0
1999-11-18 00:00:00-05:00,44.841450649649495,45.42761340323968,43.6105088671101,44.372520446777344,2031200,0.0,0.0
1999-11-19 00:00:00-05:00,45.4862174987793,46.893007730700305,45.01728742147229,45.4862174987793,1849600,0.0,0.0
1999-11-22 00:00:00-05:00,45.01729028221736,45.13452280899397,43.434651170733154,43.551883697509766,1258800,0.0,0.0
1999-11-23 00:00:00-05:00,43.376034216091504,44.60697572762924,42.26232522946213,42.848487854003906,2022600,0.0,0.0
1999-11-24 00:00:00-05:00,42.67263488769531,42.965716171264646,41.91062355041504,42.203704833984375,1112600,0.0,0.0
1999-11-26 00:00:00-05:00,42.08647193961747,43.376029575650314,41.910623171067535,42.14508819580078,359500,0.0,0.0
1999-11-29 00:00:00-05:00,41.96923941638166,42.49678572189484,40.327984243674,40.97276306152344,1084700,0.0,0.0
1999-11-30 00:00:00-05:00,39.741824649498824,41.676161247483286,39.44874334677391,40.855533599853516,1277900,0.0,0.0
1999-12-01 00:00:00-05:00,41.090003489104795,42.49679390813264,41.0313872216453,41.617549896240234,879300,0.0,0.0
1999-12-02 00:00:00-05:00,44.02081756202542,45.95515441894531,43.66911995167635,45.95515441894531,1525000,0.0,0.0
1999-12-03 00:00:00-05:00,46.893013371956926,47.42055977239144,45.83792057108789,46.951629638671875,1808600,0.0,0.0
1999-12-06 00:00:00-05:00,47.01024166154273,52.520170235339506,46.77577661584925,52.227088928222656,2047100,0.0,0.0
1999-12-07 00:00:00-05:00,51.58231447578306,51.58231447578306,48.71011741974514,50.5272216796875,1688500,0.0,0.0
1999-12-08 00:00:00-05:00,48.76873323371612,49.82382602002247,47.42055911788022,48.6515007019043,1876500,0.0,0.0
1999-12-09 00:00:00-05:00,49.47213502142839,49.58936756887254,44.48975175505231,46.01377487182617,1687600,0.0,0.0
1999-12-10 00:00:00-05:00,46.95162722702426,46.95162722702426,44.313895360337504,44.7828254699707,1187500,0.0,0.0
1999-12-13 00:00:00-05:00,44.9000486940951,46.07237372527251,43.024328644211224,43.37602615356445,1256100,0.0,0.0
1999-12-14 00:00:00-05:00,43.31742693881485,44.02082223416773,39.038438892084834,39.97629928588867,2381600,0.0,0.0
1999-12-15 00:00:00-05:00,39.97629342428068,43.551885651379095,39.97629342428068,43.25880432128906,2402900,0.0,0.0
1999-12-16 00:00:00-05:00,45.95516004671162,46.36547397570011,44.4311368818972,46.24824142456055,1430200,0.0,0.0
1999-12-17 00:00:00-05:00,47.12748092011545,47.303329729518865,45.310376556280154,46.131004333496094,1349800,0.0,0.0
1999-12-20 00:00:00-05:00,47.303332963079775,49.9410652844411,47.06886786784766,49.706600189208984,1461400,0.0,0.0
1999-12-21 00:00:00-05:00,51.81676883618367,56.50606918334961,50.8202925124109,56.50606918334961,2640100,0.0,0.0
1999-12-22 00:00:00-05:00,55.62683155640312,56.38884294758672,52.63740225252898,53.92695999145508,1931700,0.0,0.0
1999-12-23 00:00:00-05:00,54.16142660262026,55.04067054097449,52.28570620079792,53.57526397705078,1339100,0.0,0.0
1999-12-27 00:00:00-05:00,53.4580295301236,54.63035473911754,53.22356448832482,53.868343353271484,620900,0.0,0.0
1999-12-28 00:00:00-05:00,54.04419979697779,55.91992039730674,53.1649557655736,55.685455322265625,519100,0.0,0.0
1999-12-29 00:00:00-05:00,55.56821554767597,56.447459464569576,55.099285458666046,55.74406433105469,558200,0.0,0.0
1999-12-30 00:00:00-05:00,55.80268025499709,55.9199127765412,55.09928512573242,55.09928512573242,491600,0.0,0.0
1999-12-31 00:00:00-05:00,55.56819972124966,61.89875411987305,55.56819972124966,61.89875411987305,1193500,0.0,0.0
2000-01-03 00:00:00-05:00,61.01953488341236,61.371232490809554,56.388849719349366,57.97148895263672,1353500,0.0,0.0
2000-01-04 00:00:00-05:00,56.50608259246794,57.44394288445911,55.80268737347456,56.2130012512207,1611800,0.0,0.0
2000-01-05 00:00:00-05:00,56.15438094474614,56.62331105701959,52.75463763076359,54.9820556640625,1855800,0.0,0.0
2000-01-06 00:00:00-05:00,54.395898930160456,54.80621282295262,51.81678303260975,52.28571319580078,964700,0.0,0.0
2000-01-07 00:00:00-05:00,52.28570883255759,53.57526667371933,51.465081115454666,53.399417877197266,809200,0.0,0.0
2000-01-10 00:00:00-05:00,54.63036237884121,59.43689640788089,54.63036237884121,58.088722229003906,1109800,0.0,0.0
2000-01-11 00:00:00-05:00,57.97148651789231,59.319660622959574,55.74406843125944,56.38884735107422,1933400,0.0,0.0
2000-01-12 00:00:00-05:00,55.15790381377892,58.49903082481548,54.16142733680311,57.268089294433594,1405400,0.0,0.0
2000-01-13 00:00:00-05:00,57.32671134854541,57.85425777199828,55.80268834745933,56.975013732910156,1474900,0.0,0.0
2000-01-14 00:00:00-05:00,60.49197620504042,67.7603919506073,60.49197620504042,63.77448654174805,3204300,0.0,0.0
2000-01-18 00:00:00-05:00,64.06758167626077,67.87763914099723,63.59865152675475,65.35713958740234,1533900,0.0,0.0
2000-01-19 00:00:00-05:00,71.16012665831927,73.38754413197341,69.87056917357214,72.4496841430664,3629200,0.0,0.0
2000-01-20 00:00:00-05:00,72.21523973418445,73.21171625649056,69.40165896532012,69.69474029541016,3571000,0.0,0.0
2000-01-21 00:00:00-05:00,70.5739722902499,70.5739722902499,66.76391564667328,67.87762451171875,2060100,0.0,0.0
2000-01-24 00:00:00-05:00,67.87766437714399,69.81200196302115,66.29502453415358,66.88118743896484,1412500,0.0,0.0
2000-01-25 00:00:00-05:00,66.5880800298474,67.87763791774938,63.12972023956484,67.58455657958984,1786600,0.0,0.0
2000-01-26 00:00:00-05:00,67.3500990846155,67.40871535884057,62.836645969284426,65.1226806640625,1358600,0.0,0.0
2000-01-27 00:00:00-05:00,65.70881520811542,66.58805894417407,63.65724649064528,64.36064147949219,1601800,0.0,0.0
2000-01-28 00:00:00-05:00,64.24341985198187,64.3020361109709,58.85072402499068,58.96795654296875,1414700,0.0,0.0
2000-01-31 00:00:00-05:00,60.257517958239696,61.37122694774024,58.61626260529153,60.72644805908203,1457700,0.0,0.0
2000-02-01 00:00:00-05:00,60.726435972979736,66.23636356126168,59.67134345607469,65.8260498046875,2122700,0.0,0.0
2000-02-02 00:00:00-05:00,65.82607455871954,68.22934175097912,65.59160946679178,67.35009765625,1913500,0.0,0.0
2000-02-03 00:00:00-05:00,67.11562264401255,70.92567982467702,66.70530879378714,70.57398223876953,1477600,0.0,0.0
2000-02-04 00:00:00-05:00,70.33953322577722,70.74984716959426,68.11211467362762,68.2293472290039,1189800,0.0,0.0
2000-02-07 00:00:00-05:00,68.46378458427473,72.62553861294211,68.05347080680048,72.15660858154297,1175500,0.0,0.0
2000-02-08 00:00:00-05:00,71.92216208673292,72.80140612202305,69.16719744282383,72.68417358398438,1391800,0.0,0.0
2000-02-09 00:00:00-05:00,72.91862335205077,74.61849479675293,70.04642677307129,70.33950805664062,1990400,0.0,0.0
2000-02-10 00:00:00-05:00,71.27737661136679,74.32542232172129,71.04291155672414,74.03234100341797,1321300,0.0,0.0
2000-02-11 00:00:00-05:00,75.02881102300995,75.02881102300995,70.39812659268355,70.69120788574219,1251700,0.0,0.0
2000-02-14 00:00:00-05:00,71.45322332482426,73.09447865960284,70.3395143476531,72.50831604003906,1042400,0.0,0.0
2000-02-15 00:00:00-05:00,72.39109054492538,73.62203216552734,71.16014892432341,73.62203216552734,1146900,0.0,0.0
2000-02-16 00:00:00-05:00,74.5598937034607,75.908067882061,74.14957982301712,75.02882385253906,1135300,0.0,0.0
2000-02-17 00:00:00-05:00,74.32543976066648,76.25977691532105,72.44971888342569,75.61499786376953,1112800,0.0,0.0
2000-02-18 00:00:00-05:00,75.4977544969128,75.55637076593214,71.86354581771359,72.68417358398438,884200,0.0,0.0
2000-02-22 00:00:00-05:00,72.74278595497658,79.24919146746845,72.21523956207183,78.07686614990234,2110400,0.0,0.0
2000-02-23 00:00:00-05:00,79.4836660731253,79.835363710617,74.677131694072,75.90807342529297,2520300,0.0,0.0
2000-02-24 00:00:00-05:00,76.78730936937555,80.6559829711914,76.67007683598719,80.6559829711914,1698100,0.0,0.0
2000-02-25 00:00:00-05:00,79.71813892931931,83.93851099028328,78.89751102857632,79.60090637207031,1878900,0.0,0.0
2000-02-28 00:00:00-05:00,79.48365133592888,79.95258143230605,74.4426527998744,79.65950012207031,1858700,0.0,0.0
2000-02-29 00:00:00-05:00,80.18705867898875,83.46956985298245,79.60089596934702,81.5938491821289,1461200,0.0,0.0
2000-03-01 00:00:00-05:00,81.59382637918995,84.11432532624825,81.59382637918995,83.9384765625,1443000,0.0,0.0
2000-03-02 00:00:00-05:00,84.11432960720445,85.28665475852438,78.07685507790686,78.72163391113281,2166900,0.0,0.0
2000-03-03 00:00:00-05:00,78.72164543879748,83.64541179535668,78.72164543879748,82.9420166015625,1293700,0.0,0.0
2000-03-06 00:00:00-05:00,82.94200905420448,84.64188061785954,81.59383505544355,81.76968383789062,1224500,0.0,0.0
2000-03-07 00:00:00-05:00,81.76969799502143,84.29019764648086,80.5387563047738,81.5938491821289,1380500,0.0,0.0
2000-03-08 00:00:00-05:00,81.5938350032998,81.5938350032998,75.6735926646983,77.02176666259766,1906100,0.0,0.0
2000-03-09 00:00:00-05:00,77.02177040814634,79.24918842603793,75.6149800810569,77.6079330444336,2270200,0.0,0.0
2000-03-10 00:00:00-05:00,78.31133070610989,85.16943376944435,78.19409817511271,83.99710845947266,2812800,0.0,0.0
2000-03-13 00:00:00-05:00,82.18001594972075,83.46957397460938,80.4801440078221,83.46957397460938,1506600,0.0,0.0
2000-03-14 00:00:00-05:00,84.87636723427023,87.63133219284116,76.4942398071289,76.4942398071289,1918700,0.0,0.0
2000-03-15 00:00:00-05:00,76.49422167136916,76.49422167136916,70.10504913330078,70.10504913330078,2123500,0.0,0.0
2000-03-16 00:00:00-05:00,73.15310247320878,73.79788142128994,67.05701060044137,71.27738189697266,3301100,0.0,0.0
2000-03-17 00:00:00-05:00,71.98076606658567,80.65597240034356,71.80491728955005,77.84239196777344,2397900,0.0,0.0
2000-03-20 00:00:00-05:00,75.20466313882564,81.35937056639905,75.20466313882564,79.48365020751953,2033100,0.0,0.0
2000-03-21 00:00:00-05:00,82.17999513465237,82.17999513465237,75.96667167939336,77.84239196777344,2103400,0.0,0.0
2000-03-22 00:00:00-05:00,78.0768539428711,84.40740966796875,78.0768539428711,84.40740966796875,1980900,0.0,0.0
2000-03-23 00:00:00-05:00,84.34878990989809,84.40740616417877,81.94552348439022,82.70753479003906,1063400,0.0,0.0
2000-03-24 00:00:00-05:00,84.34879603057632,88.86224793770238,82.76615705015551,85.99005126953125,1557600,0.0,0.0
2000-03-27 00:00:00-05:00,85.75559374794553,89.03810451341712,82.7661643008196,83.5867919921875,1290900,0.0,0.0
2000-03-28 00:00:00-05:00,85.34528704441206,85.34528704441206,81.00768316990211,81.06629943847656,1042800,0.0,0.0
2000-03-29 00:00:00-05:00,81.7110697959786,81.88691858320094,75.26328093115963,78.54579162597656,1911600,0.0,0.0
2000-03-30 00:00:00-05:00,78.60440666772729,79.8939644206654,72.33246668752831,74.79434967041016,1510900,0.0,0.0
2000-03-31 00:00:00-05:00,76.20114582340892,77.66655247385908,71.33599574391435,76.904541015625,1766700,0.0,0.0
2000-04-03 00:00:00-04:00,76.90450602076307,76.90450602076307,67.87760516161862,69.51885986328125,2758700,0.0,0.0
2000-04-04 00:00:00-04:00,71.27738786498551,77.2562477023445,65.59160939220295,75.90807342529297,3298300,0.0,0.0
2000-04-05 00:00:00-04:00,74.09096649871475,83.58680239491079,72.44971091171791,81.5938491821289,2699600,0.0,0.0
2000-04-06 00:00:00-04:00,84.40740966796875,90.85519790649414,83.93847961425782,90.26903533935547,3726800,0.0,0.0
2000-04-07 00:00:00-04:00,91.91030883789062,92.7895528637633,88.51056527118294,91.91030883789062,2408100,0.0,0.0
2000-04-10 00:00:00-04:00,92.67231227677182,93.3757074363678,86.81068594680522,88.27609252929688,2269500,0.0,0.0
2000-04-11 00:00:00-04:00,86.57620925644697,87.63130185402045,83.93847776251324,86.45897674560547,3048500,0.0,0.0
2000-04-12 00:00:00-04:00,86.6934649780183,88.62780192478951,79.01473346204779,79.19058227539062,2065600,0.0,0.0
2000-04-13 00:00:00-04:00,79.3664247549992,87.22100445748805,76.90454156466689,78.19409942626953,2702900,0.0,0.0
2000-04-14 00:00:00-04:00,78.31132192540584,80.0698096931919,68.5224066847301,70.74982452392578,2948200,0.0,0.0
2000-04-17 00:00:00-04:00,68.9327101830425,81.94551771759645,68.9327101830425,81.82828521728516,2273500,0.0,0.0
2000-04-18 00:00:00-04:00,81.82832007599396,88.15887778960953,78.54580866893403,86.22454071044922,1935000,0.0,0.0
2000-04-19 00:00:00-04:00,92.37924260588481,95.66175376446955,86.28315045422744,86.40038299560547,5119200,0.0,0.0
2000-04-20 00:00:00-04:00,87.33823024940367,93.25847270255116,85.05219603482196,90.3276596069336,2861200,0.0,0.0
2000-04-24 00:00:00-04:00,88.74500486013052,88.86223736324825,81.59382216994827,86.7520523071289,2358700,0.0,0.0
2000-04-25 00:00:00-04:00,89.09672212427732,100.35104491892288,89.09672212427732,96.95130157470703,2989700,0.0,0.0
2000-04-26 00:00:00-04:00,97.00991837621099,100.35104547436448,94.78250031077533,95.83759307861328,2680900,0.0,0.0
2000-04-27 00:00:00-04:00,94.37219002375247,103.75079275903222,93.90325988698848,101.23029327392578,2375800,0.0,0.0
2000-04-28 00:00:00-04:00,102.5198329925537,105.04033203125,101.40612411499023,103.16461181640625,1739800,0.0,0.0
2000-05-01 00:00:00-04:00,103.22323152990325,108.26422977611091,102.22675513239709,102.51983642578125,2287800,0.0,0.0
2000-05-02 00:00:00-04:00,101.75783238587556,107.56084241248944,101.17166975692467,101.28890228271484,2161500,0.0,0.0
2000-05-03 00:00:00-04:00,100.87857903321682,100.87857903321682,91.20689655763242,93.96186065673828,2521600,0.0,0.0
2000-05-04 00:00:00-04:00,95.42728775324319,99.35457785119607,94.0204972703944,98.41671752929688,2134900,0.0,0.0
2000-05-05 00:00:00-04:00,99.41316319719145,102.93013831029964,98.00637315194818,101.87504577636719,2128700,0.0,0.0
2000-05-08 00:00:00-04:00,101.64059036452316,102.8129155129029,94.89972076133968,95.13418579101562,1505100,0.0,0.0
2000-05-09 00:00:00-04:00,95.1342094116211,97.42024401855468,87.68994287109375,87.92440795898438,2436300,0.0,0.0
2000-05-10 00:00:00-04:00,84.6418845312936,84.6418845312936,77.25623532703945,78.78025817871094,3757800,0.0,0.0
2000-05-11 00:00:00-04:00,78.83886837097535,80.0111935512129,75.26327657125083,77.84239196777344,3290400,0.0,0.0
2000-05-12 00:00:00-04:00,79.19056538444254,86.22451641784971,78.8974840913839,82.47307586669922,2319000,0.0,0.0
2000-05-15 00:00:00-04:00,82.23862779234743,83.87988337195237,77.31486105353262,81.53523254394531,2004100,0.0,0.0
2000-05-16 00:00:00-04:00,84.05572285371667,85.69697825113931,81.18352590822705,83.70402526855469,2311200,0.0,0.0
2000-05-17 00:00:00-04:00,83.46956588661736,86.51761183191519,82.12139171850485,85.81421661376953,2190100,0.0,0.0
2000-05-18 00:00:00-04:00,85.81419675212261,86.6934405713042,84.05570911375945,85.11080169677734,2049900,0.0,0.0
2000-05-19 00:00:00-04:00,84.93496250051314,84.93496250051314,77.95962741592993,79.48365020751953,2217500,0.0,0.0
2000-05-22 00:00:00-04:00,78.72164489249506,79.65950514437884,71.80492553485216,79.24919128417969,2632600,0.0,0.0
2000-05-23 00:00:00-04:00,76.90453878510434,76.90453878510434,69.75335453831872,70.57398223876953,5671200,0.0,0.0
2000-05-24 00:00:00-04:00,69.40166716879986,69.87059735237284,60.96092386448637,66.11915588378906,6567300,0.0,0.0
2000-05-25 00:00:00-04:00,67.0569778107873,73.21168294202216,66.82251285340693,69.51885986328125,4950200,0.0,0.0
2000-05-26 00:00:00-04:00,69.8119867265839,71.74632389029277,66.58809145373577,68.2293472290039,1521800,0.0,0.0
2000-05-30 00:00:00-04:00,70.98428449045704,79.54225768253526,70.98428449045704,79.30779266357422,2445500,0.0,0.0
2000-05-31 00:00:00-04:00,79.8353552374729,82.70755230548771,79.48365763730781,80.6559829711914,3308400,0.0,0.0
2000-06-01 00:00:00-04:00,81.24212779169497,86.28312562003968,81.24212779169497,84.93495178222656,2172000,0.0,0.0
2000-06-02 00:00:00-04:00,92.61371539304719,94.7239013133951,90.50352947269928,93.11195373535156,2866000,0.0,0.0
2000-06-05 00:00:00-04:00,93.02401359379292,96.1306756734848,88.74502620100975,90.03458404541016,2083200,0.0,0.0
2000-06-06 00:00:00-04:00,90.32764840126038,92.55506607760555,85.57973177536675,86.28312683105469,1820800,0.0,0.0
2000-06-07 00:00:00-04:00,86.51759453899692,89.15532607982,84.99357187096581,89.03809356689453,1508200,0.0,0.0
2000-06-08 00:00:00-04:00,90.62073996611367,91.91029771466123,85.87282280100682,87.80715942382812,1353900,0.0,0.0
2000-06-09 00:00:00-04:00,88.45192349577603,89.56563227405286,85.05218090945726,85.57972717285156,1283100,0.0,0.0
2000-06-12 00:00:00-04:00,87.33823874337332,87.33823874337332,81.5938445172991,82.06277465820312,1376900,0.0,0.0
2000-06-13 00:00:00-04:00,82.29722980515686,83.17647371333162,78.54578913027791,81.71106719970703,2008500,0.0,0.0
2000-06-14 00:00:00-04:00,82.53172030329529,83.35234820403828,79.54229009344581,79.60090637207031,2611000,0.0,0.0
2000-06-15 00:00:00-04:00,80.18705867898875,82.06277934984229,78.89750071777695,81.5938491821289,1800300,0.0,0.0
2000-06-16 00:00:00-04:00,82.06276435970153,82.47307818150003,74.9115806083561,75.73220825195312,3372100,0.0,0.0
2000-06-19 00:00:00-04:00,76.43561143317501,78.72164582419788,73.44618184491434,78.19409942626953,3853900,0.0,0.0
2000-06-20 00:00:00-04:00,77.43208665920578,80.12843486989728,75.146052306663,76.78730773925781,2435400,0.0,0.0
2000-06-21 00:00:00-04:00,75.0288424807768,76.84594725960812,73.97374938339088,74.32544708251953,2149000,0.0,0.0
2000-06-22 00:00:00-04:00,75.02879955150463,78.66300702978063,74.4426370550085,75.96665954589844,2832000,0.0,0.0
2000-06-23 00:00:00-04:00,76.20112454449689,77.31483328783953,74.67710205360694,75.96665954589844,1541200,0.0,0.0
2000-06-26 00:00:00-04:00,76.08393557816274,79.07336602075618,71.86356318861904,74.32544708251953,1966900,0.0,0.0
2000-06-27 00:00:00-04:00,73.50480008125305,75.67360199752606,68.6396498366406,71.27738189697266,3047500,0.0,0.0
2000-06-28 00:00:00-04:00,71.51183958678064,74.5012689465559,70.63259565743498,72.50831604003906,1963800,0.0,0.0
2000-06-29 00:00:00-04:00,72.21522827148438,72.86000709533691,69.16718292236328,70.33950805664062,1803600,0.0,0.0
2000-06-30 00:00:00-04:00,71.74629662961377,73.8564818246024,68.84479198650438,68.9327163696289,2474600,0.0,0.0
2000-07-03 00:00:00-04:00,69.63612064481454,72.97724764544958,68.99134174995514,72.74278259277344,931400,0.0,0.0
2000-07-05 00:00:00-04:00,69.63611684945913,70.45674448909922,66.58807133079594,68.58102416992188,2305500,0.0,0.0
2000-07-06 00:00:00-04:00,68.81549684633212,71.04291497253368,67.93625284914731,70.98429870605469,2187200,0.0,0.0
2000-07-07 00:00:00-04:00,72.68417651836688,75.96668771597055,71.62908363342285,73.15310668945312,2111400,0.0,0.0
2000-07-10 00:00:00-04:00,73.38758655150981,75.7908541622222,72.80142371962874,74.32544708251953,1359000,0.0,0.0
2000-07-11 00:00:00-04:00,74.38402777777777,74.85295781893004,70.16365740740741,71.21875,1760300,0.0,0.0
2000-07-12 00:00:00-04:00,71.62906889719505,73.15309163968857,67.81901204096128,68.46379089355469,4130200,0.0,0.0
2000-07-13 00:00:00-04:00,69.04997217778929,69.87060003049646,64.0089725111595,67.76041412353516,5574900,0.0,0.0
2000-07-14 00:00:00-04:00,68.05349058412418,70.80845531922654,67.87764177124531,70.63260650634766,3423900,0.0,0.0
2000-07-17 00:00:00-04:00,70.808454151395,74.0909652709961,69.92921010150185,74.0909652709961,2637400,0.0,0.0
2000-07-18 00:00:00-04:00,71.3359835673781,71.62906484744128,63.305556493646954,63.77448654174805,3903000,0.0,0.0
2000-07-19 00:00:00-04:00,64.71236675788151,66.35362243652344,63.1297273534768,66.35362243652344,7057300,0.0,0.0
2000-07-20 00:00:00-04:00,65.65022570021608,68.34657425576067,64.77098160601676,66.11915588378906,3983200,0.0,0.0
2000-07-21 00:00:00-04:00,65.1812851784446,65.70883155129172,64.12619243275036,64.47789001464844,2169300,0.0,0.0
2000-07-24 00:00:00-04:00,64.53651540995551,65.29852694522292,60.14029501418197,61.6643180847168,2468700,0.0,0.0
2000-07-25 00:00:00-04:00,62.3676967491098,62.66077803082554,58.61625634314831,60.31612777709961,2761900,0.0,0.0
2000-07-26 00:00:00-04:00,57.56117407220309,59.43689461223415,56.38884873468368,57.209476470947266,2727300,0.0,0.0
2000-07-27 00:00:00-04:00,57.326712450104445,57.91287515409324,52.109864384604144,52.28571319580078,3489100,0.0,0.0
2000-07-28 00:00:00-04:00,54.39589288189914,57.209473548204265,52.52017243769572,56.154380798339844,3074300,0.0,0.0
2000-07-31 00:00:00-04:00,56.15438408321804,59.905825191073944,56.03715154859755,59.08519744873047,2636900,0.0,0.0
2000-08-01 00:00:00-04:00,58.96796447722638,58.96796447722638,56.740546335939506,57.209476470947266,1856400,0.0,0.0
2000-08-02 00:00:00-04:00,56.27160915225713,59.26103838847079,55.0992839615851,55.50959777832031,1581700,0.0,0.0
2000-08-03 00:00:00-04:00,44.548357805727804,50.996146435504194,43.08295129896044,50.29275131225586,11093800,0.0,0.0
2000-08-04 00:00:00-04:00,51.58231858359184,51.699551125827284,45.83792401405548,48.123958587646484,5536400,0.0,0.0
2000-08-07 00:00:00-04:00,48.7101086071249,52.168467701974926,48.29979481621049,51.46507263183594,2597500,0.0,0.0
2000-08-08 00:00:00-04:00,51.465079411489526,52.05124204715569,48.123952388192365,48.944580078125,2261200,0.0,0.0
2000-08-09 00:00:00-04:00,50.234133590772316,50.4099823664693,48.06533202384282,48.29979705810547,2070900,0.0,0.0
2000-08-10 00:00:00-04:00,48.29979776152483,50.52721561945922,47.71363516733156,49.58935546875,2534100,0.0,0.0
2000-08-11 00:00:00-04:00,49.5893610512338,51.34784903177401,48.35841946485566,50.468605041503906,1591700,0.0,0.0
2000-08-14 00:00:00-04:00,50.46860808580628,54.337281876355895,49.706596581607116,53.9855842590332,2231900,0.0,0.0
2000-08-15 00:00:00-04:00,55.04066961737955,56.681924941433465,54.10280943220588,55.21651840209961,3839700,0.0,0.0
2000-08-16 00:00:00-04:00,56.50607416198794,59.026573320665825,55.68544652893002,56.095760345458984,2821000,0.0,0.0
2000-08-17 00:00:00-04:00,56.50608345174837,60.49198975332398,55.80268822205855,59.37828063964844,3377100,0.0,0.0
2000-08-18 00:00:00-04:00,63.07109606020918,64.77096760830032,62.19185215602411,62.719398498535156,3184900,0.0,0.0
2000-08-21 00:00:00-04:00,63.950335670374805,63.950335670374805,59.085186393893494,60.31612777709961,2296700,0.0,0.0
2000-08-22 00:00:00-04:00,60.081665823007164,60.43336337904428,58.674875598858705,59.612735748291016,1825800,0.0,0.0
2000-08-23 00:00:00-04:00,60.02305631389405,63.42279973792321,59.788591250167904,63.071102142333984,1910200,0.0,0.0
2000-08-24 00:00:00-04:00,65.65020211135285,65.65020211135285,64.24341206610957,64.82957458496094,1701000,0.0,0.0
2000-08-25 00:00:00-04:00,64.71236249435046,65.06406011660236,62.895258112715624,63.8331184387207,750700,0.0,0.0
2000-08-28 00:00:00-04:00,64.06757129821494,64.71235014934062,62.83662985515683,63.12971115112305,1117300,0.0,0.0
2000-08-29 00:00:00-04:00,63.18832054527078,63.774483073520045,62.89523928114615,63.2469367980957,814300,0.0,0.0
2000-08-30 00:00:00-04:00,63.305577630561956,63.59865900848122,60.02306619786615,60.433380126953125,1456100,0.0,0.0
2000-08-31 00:00:00-04:00,60.78506669793597,61.31261308200677,60.02305525427814,60.799720764160156,1851900,0.0,0.0
2000-09-01 00:00:00-04:00,61.37123366325132,61.48846620129,59.55412932365171,59.96444320678711,1108800,0.0,0.0
2000-09-05 00:00:00-04:00,61.54708918403177,61.54708918403177,59.26105444291059,59.78860092163086,903800,0.0,0.0
2000-09-06 00:00:00-04:00,58.616268371003194,58.616268371003194,55.45098987896902,55.62683868408203,2326000,0.0,0.0
2000-09-07 00:00:00-04:00,55.68544387817383,58.38179168701172,55.333746337890624,58.030094146728516,2260400,0.0,0.0
2000-09-08 00:00:00-04:00,56.21299099085624,56.27160724840666,53.22356185578464,53.45802688598633,2913100,0.0,0.0
2000-09-11 00:00:00-04:00,53.63388442993164,56.21300018393928,52.28571028579128,53.63388442993164,2242600,0.0,0.0
2000-09-12 00:00:00-04:00,53.45802896470701,53.45802896470701,49.882437115093936,50.234134674072266,2176600,0.0,0.0
2000-09-13 00:00:00-04:00,48.12394029285899,48.76871903003494,46.892999067341286,48.241172790527344,4241900,0.0,0.0
2000-09-14 00:00:00-04:00,49.12042467802474,50.351366107903644,47.83086698958017,48.29979705810547,2005700,0.0,0.0
2000-09-15 00:00:00-04:00,47.77225671331566,48.6515007019043,45.42760607707932,48.6515007019043,2983500,0.0,0.0
2000-09-18 00:00:00-04:00,45.486221393156924,47.77225571575115,44.54836115824647,44.90005874633789,3390000,0.0,0.0
2000-09-19 00:00:00-04:00,45.72068749404535,48.53426826290968,45.54483869599133,48.065338134765625,2783300,0.0,0.0
2000-09-20 00:00:00-04:00,48.00672119140625,48.299802517361115,45.31037299262153,46.160308837890625,2794300,0.0,0.0
2000-09-21 00:00:00-04:00,39.390126267524614,40.62106771338476,33.762965372163954,34.231895446777344,10066700,0.0,0.0
2000-09-22 00:00:00-04:00,35.638693002554085,37.51441368689904,35.28699537423941,36.57655334472656,6198600,0.0,0.0
2000-09-25 00:00:00-04:00,37.0454835158128,38.159192672142616,36.57655334472656,36.57655334472656,3623800,0.0,0.0
2000-09-26 00:00:00-04:00,36.04899370997711,38.04194620776446,35.697296210367575,36.2834587097168,2518000,0.0,0.0
2000-09-27 00:00:00-04:00,37.0454843729484,37.279949463916424,33.88020564488002,34.87668228149414,3185600,0.0,0.0
2000-09-28 00:00:00-04:00,34.58359955183042,36.98686663933049,34.231901929269426,35.8731575012207,3297000,0.0,0.0
2000-09-29 00:00:00-04:00,34.700832039969306,35.22837847300938,32.76649511882237,32.825111389160156,3765800,0.0,0.0
2000-10-02 00:00:00-04:00,33.29402815406002,33.88019062156108,31.066610777556008,31.41830825805664,2570400,0.0,0.0
2000-10-03 00:00:00-04:00,32.356178151897645,32.356178151897645,30.187376355484215,30.539073944091797,4361300,0.0,0.0
2000-10-04 00:00:00-04:00,30.77353440663394,32.297557062962476,29.425360518343307,31.887243270874023,6801300,0.0,0.0
2000-10-05 00:00:00-04:00,31.65278684956946,31.770019393456753,30.18738005097828,30.8321590423584,3499100,0.0,0.0
2000-10-06 00:00:00-04:00,30.5976882546635,31.59416469207591,29.13228172905701,31.125234603881836,3366700,0.0,0.0
2000-10-09 00:00:00-04:00,31.82862462322753,32.00447337805199,29.308125804076912,30.656299591064453,2380400,0.0,0.0
2000-10-10 00:00:00-04:00,30.01152967502495,31.066622515162546,28.428890414818554,29.366750717163086,2591600,0.0,0.0
2000-10-11 00:00:00-04:00,28.95642829442799,32.53201964252538,28.48749828156276,30.656299591064453,3929400,0.0,0.0
2000-10-12 00:00:00-04:00,32.12171190769976,32.82510705896326,29.36674756525106,30.363224029541016,3612900,0.0,0.0
2000-10-13 00:00:00-04:00,30.773541127302014,35.16976128834516,30.245994707976838,35.11114501953125,5487000,0.0,0.0
2000-10-16 00:00:00-04:00,34.466355283982956,34.466355283982956,31.828624012249566,32.29755401611328,3829700,0.0,0.0
2000-10-17 00:00:00-04:00,30.0115283203125,30.0115283203125,21.57078598022461,23.44650650024414,14557000,0.0,0.0
2000-10-18 00:00:00-04:00,22.743109126936805,24.853294509848467,21.74663269611741,22.801725387573242,6602500,0.0,0.0
2000-10-19 00:00:00-04:00,24.501595306396485,26.377315521240234,23.56373519897461,25.791152954101562,6010600,0.0,0.0
2000-10-20 00:00:00-04:00,26.26008907072824,27.022100583941338,25.61531009800947,26.435937881469727,4676500,0.0,0.0
2000-10-23 00:00:00-04:00,26.553168894814664,29.073668370481396,26.377320094186754,28.604738235473633,4225000,0.0,0.0
2000-10-24 00:00:00-04:00,28.13579852764423,28.546112256172375,27.197938576722755,27.432403564453125,3245000,0.0,0.0
2000-10-25 00:00:00-04:00,27.080710204871924,27.139326460726625,25.498071296794993,26.025617599487305,2813300,0.0,0.0
2000-10-26 00:00:00-04:00,27.666871716899255,29.07366180419922,26.31869788323679,29.07366180419922,3314800,0.0,0.0
2000-10-27 00:00:00-04:00,28.370274006391156,28.4288902749994,25.615309381803584,26.31870460510254,4171300,0.0,0.0
2000-10-30 00:00:00-05:00,26.260086683047717,28.253039690243302,25.615307768955027,27.256563186645508,3065800,0.0,0.0
2000-10-31 00:00:00-05:00,28.135805053710936,30.480455474853514,27.78410749053955,29.308130264282227,4686300,0.0,0.0
2000-11-01 00:00:00-05:00,28.13580174599924,30.304603130586685,27.725487970536754,29.07366180419922,2290900,0.0,0.0
2000-11-02 00:00:00-05:00,30.94938084910522,31.887240874835683,30.36321833302368,30.656299591064453,2872800,0.0,0.0
2000-11-03 00:00:00-05:00,30.949389030961214,30.949389030961214,29.601214887567068,30.128761291503906,2400400,0.0,0.0
2000-11-06 00:00:00-05:00,30.245996035062348,30.890775020305927,30.01153094951923,30.48046112060547,1469900,0.0,0.0
2000-11-07 00:00:00-05:00,30.480454686176344,30.5976872042001,28.95643195186753,29.19089698791504,2196300,0.0,0.0
2000-11-08 00:00:00-05:00,29.54259583297049,29.601212094543847,27.608259201049805,27.608259201049805,1538900,0.0,0.0
2000-11-09 00:00:00-05:00,26.84624885766143,28.66335303798349,26.43593501049193,28.077190399169922,1957300,0.0,0.0
2000-11-10 00:00:00-05:00,26.846243315729602,27.959952099569914,26.670394560386395,27.197940826416016,2041700,0.0,0.0
2000-11-13 00:00:00-05:00,26.84625266662823,32.238949708833026,26.729020122232473,31.77001953125,3834700,0.0,0.0
2000-11-14 00:00:00-05:00,32.06309687794315,33.176805910266594,31.24246916991536,32.94234085083008,2695400,0.0,0.0
2000-11-15 00:00:00-05:00,32.942348266814975,33.9388249937471,32.29756920821183,33.52851104736328,2380200,0.0,0.0
2000-11-16 00:00:00-05:00,32.70787323568469,32.942338276800704,31.242466728709566,31.359699249267578,1339000,0.0,0.0
2000-11-17 00:00:00-05:00,30.949378284055797,32.59063319305876,30.245983323054528,31.41830825805664,1389800,0.0,0.0
2000-11-20 00:00:00-05:00,31.47693160619491,35.873151104266825,30.89076900645199,34.29051208496094,2875400,0.0,0.0
2000-11-21 00:00:00-05:00,34.349147523124266,35.58008966985739,30.187390741312278,31.066635131835938,2196400,0.0,0.0
2000-11-22 00:00:00-05:00,31.476949180746978,33.82160088881007,30.714937375626473,31.066635131835938,2333400,0.0,0.0
2000-11-24 00:00:00-05:00,32.59064079879166,36.10761642456055,32.297559496644254,36.10761642456055,1988300,0.0,0.0
2000-11-27 00:00:00-05:00,36.517946015233576,36.869643729666,32.00449201335078,32.3561897277832,2441400,0.0,0.0
2000-11-28 00:00:00-05:00,32.707876438047826,33.23542283220989,28.663354082805355,28.839202880859375,2984600,0.0,0.0
2000-11-29 00:00:00-05:00,28.604735846585307,29.952909872141582,27.901340702816814,29.71844482421875,2943600,0.0,0.0
2000-11-30 00:00:00-05:00,28.077191144661693,29.015051391665008,26.96348210134526,28.19442367553711,2353400,0.0,0.0
2000-12-01 00:00:00-05:00,28.19442457622952,31.183854209052193,28.19442457622952,29.542598724365234,1936700,0.0,0.0
2000-12-04 00:00:00-05:00,29.425365447998047,30.949388359647347,28.89781905550406,29.425365447998047,1538400,0.0,0.0
2000-12-05 00:00:00-05:00,30.48046244515313,33.76297378540039,30.304613623354168,33.76297378540039,2413700,0.0,0.0
2000-12-06 00:00:00-05:00,32.883729676405586,35.111148085859085,32.76649712853961,33.76297378540039,2066300,0.0,0.0
2000-12-07 00:00:00-05:00,32.76648712158203,33.23541716983365,31.418313232858623,32.76648712158203,1497300,0.0,0.0
2000-12-08 00:00:00-05:00,34.1146552504373,36.04899137288478,33.704341527493895,35.931758880615234,2393100,0.0,0.0
2000-12-11 00:00:00-05:00,35.521447287665474,39.03842226664225,34.17327354572437,37.98332977294922,2784500,0.0,0.0
2000-12-12 00:00:00-05:00,37.983334350585935,37.983334350585935,34.99390525817871,35.16975402832031,2880700,0.0,0.0
2000-12-13 00:00:00-05:00,35.462843554360525,36.45932015010289,32.70787884848458,32.825111389160156,3062500,0.0,0.0
2000-12-14 00:00:00-05:00,32.76648712158203,33.58711470602237,32.00447579317315,32.76648712158203,1455600,0.0,0.0
2000-12-15 00:00:00-05:00,32.23895715630573,33.11820144238679,30.539084869882334,32.3561897277832,2206100,0.0,0.0
2000-12-18 00:00:00-05:00,32.473401985098974,33.00094822673415,31.53554199996976,32.180320739746094,1447500,0.0,0.0
2000-12-19 00:00:00-05:00,31.77002452603347,35.404233973660915,31.59417568179343,32.59065246582031,1957300,0.0,0.0
2000-12-20 00:00:00-05:00,31.242475446926093,32.35618470300789,29.36675459457781,30.304615020751953,1697900,0.0,0.0
2000-12-21 00:00:00-05:00,30.304614294848395,32.35618392796192,29.65983526729843,30.187381744384766,1828200,0.0,0.0
2000-12-22 00:00:00-05:00,31.00800891055001,34.05605515506532,31.00800891055001,33.76297378540039,2014500,0.0,0.0
2000-12-26 00:00:00-05:00,33.99743043587183,34.114662954616215,32.238942654706044,33.64573287963867,787400,0.0,0.0
2000-12-27 00:00:00-05:00,33.9388090164935,36.75238903858622,32.88371650820873,35.75591278076172,1926700,0.0,0.0
2000-12-28 00:00:00-05:00,35.28698017313274,36.40068884969341,34.52496897338071,35.931758880615234,1208200,0.0,0.0
2000-12-29 00:00:00-05:00,35.87315537625511,36.75239938057509,34.05605110066049,34.93529510498047,1107600,0.0,0.0
2001-01-02 00:00:00-05:00,34.935289001464845,36.342079162597656,33.35265007019043,35.16975402832031,2056700,0.0,0.0
2001-01-03 00:00:00-05:00,33.82158778588983,37.92472668539119,31.53555325616764,37.04548263549805,4110600,0.0,0.0
2001-01-04 00:00:00-05:00,37.04547806997148,39.97629120841859,36.22485039120629,36.928245544433594,4219700,0.0,0.0
2001-01-05 00:00:00-05:00,36.693773835641856,36.75239008777547,32.707868690556154,34.173274993896484,3563300,0.0,0.0
2001-01-08 00:00:00-05:00,34.34914194823063,37.279956107635975,32.18033947027068,37.162723541259766,2311300,0.0,0.0
2001-01-09 00:00:00-05:00,37.1627151754838,38.686738195298595,36.049006045619144,37.04548263549805,3100800,0.0,0.0
2001-01-10 00:00:00-05:00,34.93529656798639,37.983342577273795,34.759447759758274,36.98686599731445,3218100,0.0,0.0
2001-01-11 00:00:00-05:00,36.16623004063719,39.21427536010742,35.697299991487924,39.21427536010742,3727700,0.0,0.0
2001-01-12 00:00:00-05:00,39.15566744804382,40.093527746200564,37.04548177719116,37.51441192626953,3403900,0.0,0.0
2001-01-16 00:00:00-05:00,36.10762094111012,36.51793481544092,33.64573769512534,34.40774917602539,3289100,0.0,0.0
2001-01-17 00:00:00-05:00,36.10761958242252,37.51440995576366,35.11114306797255,35.40422439575195,5248900,0.0,0.0
2001-01-18 00:00:00-05:00,34.8180582722341,37.2213249206543,34.4663607139287,37.2213249206543,4699100,0.0,0.0
2001-01-19 00:00:00-05:00,37.22132495117187,37.51440625,35.99038349609375,36.635162353515625,2783800,0.0,0.0
2001-01-22 00:00:00-05:00,35.93176346445471,37.10408853670446,35.22836842110487,36.04899597167969,2143100,0.0,0.0
2001-01-23 00:00:00-05:00,35.81452903122199,36.048994033063046,34.876669023857744,35.75591278076172,1667700,0.0,0.0
2001-01-24 00:00:00-05:00,35.990390000410066,38.33504081476903,35.990390000410066,37.69026184082031,3859800,0.0,0.0
2001-01-25 00:00:00-05:00,37.51439995835016,37.57301620828508,35.99037746004219,36.2834587097168,1589300,0.0,0.0
2001-01-26 00:00:00-05:00,36.34208028350396,38.15918429767916,35.46283640567725,37.10409164428711,2057800,0.0,0.0
2001-01-29 00:00:00-05:00,36.90479090176524,39.390121422584386,36.47337614482106,38.93994903564453,1437800,0.0,0.0
2001-01-30 00:00:00-05:00,38.939962176635625,40.08415294893476,38.49916666711317,39.25883483886719,2221600,0.0,0.0
2001-01-31 00:00:00-05:00,40.51557340327315,41.31275337926211,39.952854969351115,41.0970458984375,2983500,0.0,0.0
2001-02-01 00:00:00-05:00,40.890705743100405,41.172066682109204,38.4522705078125,38.4522705078125,2985000,0.0,0.0
2001-02-02 00:00:00-05:00,38.45227816756208,39.596469053007,36.82039942238085,36.932945251464844,1627200,0.0,0.0
2001-02-05 00:00:00-05:00,36.52965058567015,36.53902761224003,34.7289573838104,35.1978874206543,2027300,0.0,0.0
2001-02-06 00:00:00-05:00,35.35732625252206,37.514403752776225,35.35732625252206,35.544898986816406,1761600,0.0,0.0
2001-02-07 00:00:00-05:00,35.54490776389471,36.43587221090648,32.59064630780901,32.825111389160156,3470100,0.0,0.0
2001-02-08 00:00:00-05:00,33.20025258437783,34.92591549929475,32.8344841003418,32.8344841003418,2519700,0.0,0.0
2001-02-09 00:00:00-05:00,33.05956853815795,33.631663771810025,32.44995804185437,32.918888092041016,2089700,0.0,0.0
2001-02-12 00:00:00-05:00,33.10646534025957,34.40071345693127,32.403070169102556,33.62228775024414,2143600,0.0,0.0
2001-02-13 00:00:00-05:00,33.38783256261362,34.75711161957344,32.91890230989346,32.94704055786133,2176100,0.0,0.0
2001-02-14 00:00:00-05:00,34.41947994680573,37.3643612486646,32.63754362366186,36.904808044433594,3573100,0.0,0.0
2001-02-15 00:00:00-05:00,38.40537335976059,40.32798592678617,36.81101040991528,39.108768463134766,3222000,0.0,0.0
2001-02-16 00:00:00-05:00,36.857910731847646,37.36435617525757,35.769992878033705,36.57655334472656,2576700,0.0,0.0
2001-02-20 00:00:00-05:00,36.43585918234544,36.811004609425844,33.894259467948935,34.55076217651367,1832600,0.0,0.0
2001-02-21 00:00:00-05:00,33.29404570499776,36.54842258495516,33.06895762465551,35.59180450439453,3457800,0.0,0.0
2001-02-22 00:00:00-05:00,35.63868874260257,36.5296566766982,34.37257886307125,34.972808837890625,3204900,0.0,0.0
2001-02-23 00:00:00-05:00,34.97280187368876,35.544897072532564,31.88724147256037,33.6035270690918,3103200,0.0,0.0
2001-02-26 00:00:00-05:00,33.90364996218974,34.09121915279835,32.82510922792529,33.594154357910156,2634300,0.0,0.0
2001-02-27 00:00:00-05:00,33.57539828914451,34.288174126249075,30.949390143974288,31.043174743652344,2502000,0.0,0.0
2001-02-28 00:00:00-05:00,31.79346611432963,31.79346611432963,28.71728363669069,29.289377212524414,3067200,0.0,0.0
2001-03-01 00:00:00-05:00,28.238966924825593,29.28936918826695,27.244833975178828,29.07366180419922,4585300,0.0,0.0
2001-03-02 00:00:00-05:00,28.1358071346113,32.82510832371319,28.08891483825086,31.099445343017578,4380700,0.0,0.0
2001-03-05 00:00:00-05:00,32.91889176463893,34.32568207214748,32.12171202144519,34.18500518798828,2880400,0.0,0.0
2001-03-06 00:00:00-05:00,35.49800551399768,36.29518879409781,33.76296565448121,33.772342681884766,3017200,0.0,0.0
2001-03-07 00:00:00-05:00,33.997431695515886,34.56014637527715,32.918891052045346,33.93178176879883,2556000,0.0,0.0
2001-03-08 00:00:00-05:00,33.53787764261753,34.513253064605834,33.068947564083075,33.772342681884766,2089300,0.0,0.0
2001-03-09 00:00:00-05:00,31.043175872658633,32.82511195257396,31.043175872658633,31.559001922607422,2959800,0.0,0.0
2001-03-12 00:00:00-05:00,31.324536582094066,32.43121206226497,29.542600516692577,30.57424545288086,3721800,0.0,0.0
2001-03-13 00:00:00-05:00,31.390194483658135,32.515624307718575,30.583633819468442,32.3561897277832,2588800,0.0,0.0
2001-03-14 00:00:00-05:00,31.18386171190001,33.106475026726976,30.05842839323299,32.59065246582031,3168400,0.0,0.0
2001-03-15 00:00:00-05:00,33.716064512642994,33.716064512642994,30.72428910715208,30.949377059936523,2381000,0.0,0.0
2001-03-16 00:00:00-05:00,30.05841858052426,30.968144115924556,29.30813113889899,29.467567443847656,2247200,0.0,0.0
2001-03-19 00:00:00-05:00,29.476938664000606,33.012671122725834,29.092416225659232,32.76882553100586,2305100,0.0,0.0
2001-03-20 00:00:00-05:00,32.91889159755378,33.762967208835775,30.696163924714863,30.771194458007812,2454400,0.0,0.0
2001-03-21 00:00:00-05:00,30.77120166940188,32.825114701329795,30.48046365123481,30.91187858581543,4401600,0.0,0.0
2001-03-22 00:00:00-05:00,31.446457494719652,33.76297378540039,30.489839474814897,33.76297378540039,4301100,0.0,0.0
2001-03-23 00:00:00-05:00,35.16976938101302,36.0982528668395,34.147501274565414,35.52615737915039,3721400,0.0,0.0
2001-03-26 00:00:00-05:00,35.526142631558315,36.10761490886752,34.5695248721869,35.24478530883789,2514600,0.0,0.0
2001-03-27 00:00:00-05:00,34.32568939948141,37.036108975755965,33.92240913903051,35.2635498046875,2805800,0.0,0.0
2001-03-28 00:00:00-05:00,35.16975374982633,35.16975374982633,32.06543553088681,32.290523529052734,2619500,0.0,0.0
2001-03-29 00:00:00-05:00,32.796970397212505,34.70082534565218,31.193226831140763,32.25300979614258,3323300,0.0,0.0
2001-03-30 00:00:00-05:00,32.01853678594643,32.01853678594643,30.058409429044385,30.949377059936523,2594200,0.0,0.0
2001-04-02 00:00:00-04:00,31.39954909497095,31.577741188426614,26.888443466456547,27.87319564819336,3638700,0.0,0.0
2001-04-03 00:00:00-04:00,28.13580085491312,28.426536962875932,26.691495552391082,27.197940826416016,3939800,0.0,0.0
2001-04-04 00:00:00-04:00,26.729014280800506,27.10415798311666,24.618828942842573,25.087759017944336,3556100,0.0,0.0
2001-04-05 00:00:00-04:00,26.35387109140784,29.542595306396485,26.27884234948433,29.308130264282227,3200000,0.0,0.0
2001-04-06 00:00:00-04:00,28.182701574859426,29.17683479052882,27.01037618840393,27.770044326782227,2992500,0.0,0.0
2001-04-09 00:00:00-04:00,27.770036016223585,28.417158147931836,25.61295687738462,27.197940826416016,2317800,0.0,0.0
2001-04-10 00:00:00-04:00,27.19794206933032,30.29287958927539,26.475789385067763,29.786436080932617,3015700,0.0,0.0
2001-04-11 00:00:00-04:00,33.05957768375712,33.57540016612904,30.105316119253654,31.183856964111328,3776500,0.0,0.0
2001-04-12 00:00:00-04:00,30.480464000308526,33.19088007283446,29.814583953092498,32.468727111816406,3708800,0.0,0.0
2001-04-16 00:00:00-04:00,32.26238364231887,32.72193301335471,30.65864041222063,31.41830825805664,1991400,0.0,0.0
2001-04-17 00:00:00-04:00,31.41832575453396,33.06895860806719,29.91774864431323,31.23075294494629,3223500,0.0,0.0
2001-04-18 00:00:00-04:00,32.825111389160156,35.35733498328315,32.374938862284345,32.825111389160156,5496400,0.0,0.0
2001-04-19 00:00:00-04:00,33.200258466604154,36.2014087828356,32.82511288824853,35.65745162963867,4832200,0.0,0.0
2001-04-20 00:00:00-04:00,36.81101350167637,36.81101350167637,34.231897906017515,34.98218536376953,3097300,0.0,0.0
2001-04-23 00:00:00-04:00,34.49448855438604,34.49448855438604,32.60001098552312,33.031429290771484,1798500,0.0,0.0
2001-04-24 00:00:00-04:00,33.66918184120496,35.73247137190503,32.82510624944391,33.57539367675781,3434800,0.0,0.0
2001-04-25 00:00:00-04:00,33.05957123928948,35.075972050902955,32.590641150788926,34.29754638671875,2505600,0.0,0.0
2001-04-26 00:00:00-04:00,35.07596945703561,35.873149117474085,34.091213481885006,34.62579345703125,3643700,0.0,0.0
2001-04-27 00:00:00-04:00,35.263544717120986,36.182650929956125,34.46636491876849,35.207275390625,2462900,0.0,0.0
2001-04-30 00:00:00-04:00,36.20140691653934,37.983342955384074,35.26354659665331,37.04548263549805,3140300,0.0,0.0
2001-05-01 00:00:00-04:00,37.03610588065645,37.03610588065645,34.991570081956326,35.8731575012207,2921600,0.0,0.0
2001-05-02 00:00:00-04:00,36.52965709671706,36.76412215693007,35.40422409216405,35.769989013671875,1988300,0.0,0.0
2001-05-03 00:00:00-04:00,34.79461135962376,35.05721464367803,34.1850043872411,34.653934478759766,1806000,0.0,0.0
2001-05-04 00:00:00-04:00,33.575393931989844,34.278789071253534,33.10646383914738,33.48160934448242,2663700,0.0,0.0
2001-05-07 00:00:00-04:00,34.13811564957397,34.46636531676768,32.96579029866351,33.04081726074219,2090200,0.0,0.0
2001-05-08 00:00:00-04:00,33.669180055806315,33.847372192327796,32.87199679971529,33.70669174194336,1398200,0.0,0.0
2001-05-09 00:00:00-04:00,33.52850636449353,35.01032738403,32.64691895363403,33.9974365234375,2950700,0.0,0.0
2001-05-10 00:00:00-04:00,37.5144066748681,37.60819126049422,35.86377435534105,36.10761642456055,6019900,0.0,0.0
2001-05-11 00:00:00-04:00,36.52966417806833,37.03610966494063,35.807511223303074,36.323333740234375,2343500,0.0,0.0
2001-05-14 00:00:00-04:00,36.107613350748906,36.19202090168792,34.82274603325711,35.18851089477539,1361000,0.0,0.0
2001-05-15 00:00:00-04:00,35.40422382962793,37.13926383127702,34.700828654204855,35.77936935424805,1860300,0.0,0.0
2001-05-16 00:00:00-04:00,35.638689010431776,39.39012995889828,35.02907842524482,38.64921951293945,3364300,0.0,0.0
2001-05-17 00:00:00-04:00,38.87430364709969,40.51555889752782,38.358481283924206,40.27171325683594,3370700,0.0,0.0
2001-05-18 00:00:00-04:00,39.530816001132024,40.609353279346195,39.46516606148653,40.04663848876953,2492400,0.0,0.0
2001-05-21 00:00:00-04:00,39.812176693607746,44.267013817185266,39.71838850230864,44.257633209228516,3151600,0.0,0.0
2001-05-22 00:00:00-04:00,43.65739372581575,44.27638134492851,42.86021394795867,43.047786712646484,2189700,0.0,0.0
2001-05-23 00:00:00-04:00,42.203715374372095,42.241230646674985,40.58121741263129,40.70314025878906,2437500,0.0,0.0
2001-05-24 00:00:00-04:00,40.609350217871636,41.26585314248729,40.187312367929216,41.19082260131836,1755900,0.0,0.0
2001-05-25 00:00:00-04:00,41.41590345523622,42.43817114639923,41.28460360864413,41.725399017333984,2532400,0.0,0.0
2001-05-29 00:00:00-04:00,40.65624258192065,40.9282229276108,39.09939462672113,39.57770538330078,2512000,0.0,0.0
2001-05-30 00:00:00-04:00,38.452258067944705,38.46163509330668,36.482753597964354,37.026710510253906,2279800,0.0,0.0
2001-05-31 00:00:00-04:00,37.01734160673641,38.35848191981711,36.89541878436928,37.37372589111328,2218200,0.0,0.0
2001-06-01 00:00:00-04:00,38.077118188342844,39.859053788784735,37.38310372585871,39.15565872192383,2216700,0.0,0.0
2001-06-04 00:00:00-04:00,39.26820116171938,39.84029639188705,37.32683105198301,37.889549255371094,1414800,0.0,0.0
2001-06-05 00:00:00-04:00,38.921197851764745,41.218956030833205,38.07712225042443,40.76878356933594,1939700,0.0,0.0
2001-06-06 00:00:00-04:00,40.32798690095965,41.25647003400935,39.34323444797836,40.52493667602539,1711100,0.0,0.0
2001-06-07 00:00:00-04:00,40.52493485896715,43.84496053686588,40.32798509273225,43.72303771972656,2755300,0.0,0.0
2001-06-08 00:00:00-04:00,43.14157687520204,43.98565263643039,42.10055129557154,42.288124084472656,1431300,0.0,0.0
2001-06-11 00:00:00-04:00,42.10992582135217,42.10992582135217,39.915332736747594,40.36550521850586,1679900,0.0,0.0
2001-06-12 00:00:00-04:00,39.849687866508994,41.265855421582195,38.31159388647578,41.22834014892578,2495600,0.0,0.0
2001-06-13 00:00:00-04:00,41.22834558910882,42.13807139397426,39.39951694880317,39.6714973449707,3061800,0.0,0.0
2001-06-14 00:00:00-04:00,39.39013280308725,39.39013280308725,37.101754947243975,37.42062759399414,2596600,0.0,0.0
2001-06-15 00:00:00-04:00,37.420622486899425,38.68673229456974,36.67033148330686,37.72073745727539,2057400,0.0,0.0
2001-06-18 00:00:00-04:00,38.68673805994099,39.146291189244664,37.13926710648208,37.58944320678711,2163200,0.0,0.0
2001-06-19 00:00:00-04:00,38.49916188595887,38.82741511441469,35.39484680145622,35.77936935424805,2668500,0.0,0.0
2001-06-20 00:00:00-04:00,33.76297171456473,33.76297171456473,32.449965827937035,32.825111389160156,5495500,0.0,0.0
2001-06-21 00:00:00-04:00,32.82510947780932,33.43472008488698,31.652784139316132,32.14984893798828,3385100,0.0,0.0
2001-06-22 00:00:00-04:00,32.7313232421875,33.81924095870622,32.374935355395195,32.7313232421875,2102900,0.0,0.0
2001-06-25 00:00:00-04:00,32.872002713084854,33.14398305800687,31.812219575126992,32.581268310546875,1214300,0.0,0.0
2001-06-26 00:00:00-04:00,31.98103349295074,32.96578962985941,31.558999237307567,32.5156135559082,2023700,0.0,0.0
2001-06-27 00:00:00-04:00,31.934130513927215,32.309275924188604,30.968135912334045,31.41830825805664,1745400,0.0,0.0
2001-06-28 00:00:00-04:00,31.887247372204087,33.11584554420578,31.793462781582253,32.646915435791016,3120400,0.0,0.0
2001-06-29 00:00:00-04:00,32.825111389160156,35.16976220267159,31.043175339830174,32.825111389160156,3294200,0.0,0.0
2001-07-02 00:00:00-04:00,32.8720007139306,34.74772119492696,32.8720007139306,34.06308364868164,1911500,0.0,0.0
2001-07-03 00:00:00-04:00,34.81336362606353,35.12285915602986,33.93177647786156,34.691444396972656,1293800,0.0,0.0
2001-07-05 00:00:00-04:00,34.13811191276486,34.22251947189716,33.21900578992311,33.66918182373047,1857500,0.0,0.0
2001-07-06 00:00:00-04:00,32.731327664662544,32.79697760298759,30.28351157734692,30.386676788330078,2224900,0.0,0.0
2001-07-09 00:00:00-04:00,30.38667429700695,30.480458893309773,29.76768487068396,30.086559295654297,2285400,0.0,0.0
2001-07-10 00:00:00-04:00,30.48045769973381,30.940010789989373,28.32337987036015,28.539087295532227,1705400,0.0,0.0
2001-07-11 00:00:00-04:00,28.13580174599924,29.505076572334676,27.91071554669038,29.07366180419922,1791700,0.0,0.0
2001-07-12 00:00:00-04:00,30.245985837352205,32.44995546730774,30.170955318002054,32.16859817504883,2242900,0.0,0.0
2001-07-13 00:00:00-04:00,31.652780031392158,32.78758995314028,30.780569806537148,31.66215705871582,1763100,0.0,0.0
2001-07-16 00:00:00-04:00,31.840355648037946,31.87787091602074,29.073667243232062,29.261240005493164,2683500,0.0,0.0
2001-07-17 00:00:00-04:00,28.839200088020732,30.82746263706187,28.323377712546005,30.7524356842041,2988800,0.0,0.0
2001-07-18 00:00:00-04:00,29.542598724365234,30.48045900132921,29.120560884200838,29.542598724365234,2498800,0.0,0.0
2001-07-19 00:00:00-04:00,30.480458093425842,31.343287805258644,30.37729289360824,31.136960983276367,1746800,0.0,0.0
2001-07-20 00:00:00-04:00,30.527349045117496,31.315151762691944,30.245991698337928,30.855602264404297,1815000,0.0,0.0
2001-07-23 00:00:00-04:00,31.015034643150415,31.21198441454605,29.74892309232077,30.049039840698242,1209500,0.0,0.0
2001-07-24 00:00:00-04:00,30.049039347083628,30.855599629247862,29.317507803574703,29.608243942260742,1561400,0.0,0.0
2001-07-25 00:00:00-04:00,29.720793393047916,29.889608533175966,28.088916686521017,29.167455673217773,2121100,0.0,0.0
2001-07-26 00:00:00-04:00,29.30813149063753,31.04317144382216,28.454678844736275,30.855602264404297,2211800,0.0,0.0
2001-07-27 00:00:00-04:00,30.949391815773375,32.26239774810995,30.621142121515902,31.85911750793457,1840500,0.0,0.0
2001-07-30 00:00:00-04:00,31.81222379918755,32.68443427792074,30.78057876597695,31.84973907470703,1214600,0.0,0.0
2001-07-31 00:00:00-04:00,31.859105563824098,33.12521514146559,31.690290476451633,31.86848258972168,1600400,0.0,0.0
2001-08-01 00:00:00-04:00,33.10646082764614,33.997428638531225,32.65628840878525,32.918888092041016,1902900,0.0,0.0
2001-08-02 00:00:00-04:00,32.91889231951597,34.18500576420678,32.91889231951597,33.63166809082031,2507300,0.0,0.0
2001-08-03 00:00:00-04:00,33.5285030013687,33.5285030013687,32.45934291864461,32.7313232421875,1042900,0.0,0.0
2001-08-06 00:00:00-04:00,32.25300372747963,32.77820659752055,31.962269427093357,32.48746871948242,867800,0.0,0.0
2001-08-07 00:00:00-04:00,31.812235268286862,32.440603837993045,31.31517021023703,31.981050491333008,1325700,0.0,0.0
2001-08-08 00:00:00-04:00,31.887256269579197,32.21550600599864,30.10531992933531,30.199108123779297,1643400,0.0,0.0
2001-08-09 00:00:00-04:00,30.245996035062348,31.32453685962201,29.777065863976112,30.48046112060547,1175800,0.0,0.0
2001-08-10 00:00:00-04:00,30.38667361059073,30.808707862072957,29.21434650619599,30.41480827331543,1636000,0.0,0.0
2001-08-13 00:00:00-04:00,30.433562979536408,30.76181260525201,29.411295259611617,30.527347564697266,2104900,0.0,0.0
2001-08-14 00:00:00-04:00,30.536730885851565,30.902495809225,30.03028549457162,30.15220832824707,1126200,0.0,0.0
2001-08-15 00:00:00-04:00,30.161587833045925,30.66803326590913,29.270619811005815,29.3737850189209,1289900,0.0,0.0
2001-08-16 00:00:00-04:00,29.073659430524717,29.40191078186035,28.389022073253173,29.40191078186035,1873500,0.0,0.0
2001-08-17 00:00:00-04:00,28.135807531109,28.60473765662748,27.77004260562905,28.257728576660156,2269800,0.0,0.0
2001-08-20 00:00:00-04:00,28.042021678750682,28.904853197581158,27.863827726811103,28.829824447631836,906200,0.0,0.0
2001-08-21 00:00:00-04:00,28.829822950590422,29.04553037189041,27.338625057557607,27.51681900024414,1304400,0.0,0.0
2001-08-22 00:00:00-04:00,28.510948750187342,29.673895143878884,27.929476447754727,29.53321647644043,1986300,0.0,0.0
2001-08-23 00:00:00-04:00,29.439425900171134,30.002142278438328,29.16744742045139,29.3175048828125,1412700,0.0,0.0
2001-08-24 00:00:00-04:00,29.777056570818903,32.93764393580574,29.683270208106226,32.87199401855469,2968400,0.0,0.0
2001-08-27 00:00:00-04:00,32.872005880990756,34.20376949221394,32.637540784011286,33.13460922241211,2770400,0.0,0.0
2001-08-28 00:00:00-04:00,33.134607983859055,33.48161531267476,31.906009633655714,32.08420181274414,2097600,0.0,0.0
2001-08-29 00:00:00-04:00,32.26239604620574,32.421830581390786,31.324535737625954,31.446455001831055,1706900,0.0,0.0
2001-08-30 00:00:00-04:00,31.371428133151348,31.371428133151348,30.208479772800107,30.99628257751465,1729900,0.0,0.0
2001-08-31 00:00:00-04:00,30.48046131305655,30.949391487103576,29.87085244456075,30.743061065673828,1730600,0.0,0.0
2001-09-04 00:00:00-04:00,30.73368534203846,31.090073291197772,29.28000066743891,29.326894760131836,1711400,0.0,0.0
2001-09-05 00:00:00-04:00,28.614124393828266,29.68328480351615,27.05727608929691,28.3890380859375,3167100,0.0,0.0
2001-09-06 00:00:00-04:00,27.526194899036042,27.854446299031093,26.363248564081022,27.17918586730957,2243100,0.0,0.0
2001-09-07 00:00:00-04:00,26.541443979565663,28.595358398538153,26.52268813434224,27.68563461303711,1834500,0.0,0.0
2001-09-10 00:00:00-04:00,27.19794801854306,27.751285724785056,26.260087742041577,26.804046630859375,2140600,0.0,0.0
2001-09-17 00:00:00-04:00,24.14990509248102,25.687995562839724,23.40899452421079,24.309341430664062,2292200,0.0,0.0
2001-09-18 00:00:00-04:00,24.2436849464592,24.843914862884475,22.74310836656976,22.752487182617188,1573000,0.0,0.0
2001-09-19 00:00:00-04:00,23.587185980463104,23.896679805196936,20.895527944801774,22.621191024780273,2443500,0.0,0.0
2001-09-20 00:00:00-04:00,22.13349818377521,22.508641856959304,19.69506162483939,19.8544979095459,3056100,0.0,0.0
2001-09-21 00:00:00-04:00,18.053812424506717,19.22613790661754,17.875618450354388,18.850994110107422,4043800,0.0,0.0
2001-09-24 00:00:00-04:00,19.882637702574627,21.280049238419966,19.0854561448571,20.539138793945312,3194100,0.0,0.0
2001-09-25 00:00:00-04:00,20.398460663716694,21.748979939565213,19.976422831005753,20.257781982421875,1909400,0.0,0.0
2001-09-26 00:00:00-04:00,20.070212728510185,20.33281429137368,18.35392822305932,18.428956985473633,2328500,0.0,0.0
2001-09-27 00:00:00-04:00,18.757205762361224,18.897884447813627,17.284765396228114,17.819345474243164,3150200,0.0,0.0
2001-09-28 00:00:00-04:00,18.382063064345857,19.216758196454833,17.960025194837584,18.28827667236328,2640300,0.0,0.0
2001-10-01 00:00:00-04:00,18.73844779546037,18.75720543020894,17.819345158698493,18.185110092163086,1961400,0.0,0.0
2001-10-02 00:00:00-04:00,18.382063064345857,19.25427346877852,17.86623880285501,18.28827667236328,2096000,0.0,0.0
2001-10-03 00:00:00-04:00,18.335164979089722,20.61416540023426,17.931886622435915,19.554384231567383,3663000,0.0,0.0
2001-10-04 00:00:00-04:00,20.389083395421057,21.439487753953244,19.976424348623414,20.22026824951172,2755300,0.0,0.0
2001-10-05 00:00:00-04:00,20.220267003887813,20.58603372710135,18.897884160829253,20.070209503173828,1340200,0.0,0.0
2001-10-08 00:00:00-04:00,20.0608273725776,21.32693889096709,19.55438383851753,20.91427993774414,1832900,0.0,0.0
2001-10-09 00:00:00-04:00,21.195645375726812,21.38321638223573,19.901397023329547,20.051454544067383,1450800,0.0,0.0
2001-10-10 00:00:00-04:00,20.051449616719236,21.570783876869253,19.713821172439694,21.430105209350586,2029700,0.0,0.0
2001-10-11 00:00:00-04:00,21.852139675871236,24.759506351805797,21.852139675871236,24.44063377380371,4492800,0.0,0.0
2001-10-12 00:00:00-04:00,24.009219774341855,24.15927725258936,22.086605427453062,23.024465560913086,2656100,0.0,0.0
2001-10-15 00:00:00-04:00,20.96117239437,21.711459715943988,20.895522477335533,21.495752334594727,3057200,0.0,0.0
2001-10-16 00:00:00-04:00,21.66457514589001,22.321076338900788,21.17688731874368,21.85214614868164,2828200,0.0,0.0
2001-10-17 00:00:00-04:00,22.461752437978557,22.705594515078015,19.929529190063477,19.929529190063477,4733500,0.0,0.0
2001-10-18 00:00:00-04:00,19.910773700549182,19.920152518189933,18.485225618032565,18.757205963134766,6998000,0.0,0.0
2001-10-19 00:00:00-04:00,17.444203206948846,18.006919785655587,17.35041681235994,17.828725814819336,8850600,0.0,0.0
2001-10-22 00:00:00-04:00,17.828726814396386,18.71969314087676,17.45358300383482,18.654043197631836,4496800,0.0,0.0
2001-10-23 00:00:00-04:00,18.663417185685137,19.132347274716555,18.166352436160686,18.588388442993164,4427400,0.0,0.0
2001-10-24 00:00:00-04:00,18.57900742145025,20.445348739624023,18.3445424047627,20.445348739624023,4816800,0.0,0.0
2001-10-25 00:00:00-04:00,20.117105466311063,22.086610794067383,19.535631255195444,22.086610794067383,6105500,0.0,0.0
2001-10-26 00:00:00-04:00,21.852140156952796,23.071359390515838,21.66456920559202,22.31169319152832,3920200,0.0,0.0
2001-10-29 00:00:00-05:00,22.46175700638726,22.46175700638726,20.707957293879623,20.82050132751465,2480000,0.0,0.0
2001-10-30 00:00:00-05:00,20.820500993397893,21.101858389730282,19.93891174202213,20.201513290405273,2346700,0.0,0.0
2001-10-31 00:00:00-05:00,22.133499937983046,22.133499937983046,20.914280667471893,21.61767578125,4173900,0.0,0.0
2001-11-01 00:00:00-05:00,22.46175394276448,23.680971565246583,21.9084162462526,23.44650650024414,4838000,0.0,0.0
2001-11-02 00:00:00-05:00,23.68097224873341,24.693861287225186,23.521535928376995,24.55318260192871,5019800,0.0,0.0
2001-11-05 00:00:00-05:00,24.571935922947056,25.069000642981127,23.943569569372286,24.112382888793945,2934000,0.0,0.0
2001-11-06 00:00:00-05:00,23.63407751703053,24.618830001562486,23.212039715758916,24.431257247924805,2777800,0.0,0.0
2001-11-07 00:00:00-05:00,24.384364808516036,25.472282479943722,23.84040597280219,24.571937561035156,2353600,0.0,0.0
2001-11-08 00:00:00-05:00,25.228438767645432,26.250706518435468,24.196792200290876,24.431257247924805,3291000,0.0,0.0
2001-11-09 00:00:00-05:00,24.149903714299537,24.909570087547795,23.634081243699523,24.253068923950195,1911700,0.0,0.0
2001-11-12 00:00:00-05:00,24.046733678794013,25.322224055495216,22.855652647543504,25.087759017944336,2032400,0.0,0.0
2001-11-13 00:00:00-05:00,26.353876421804394,26.916592994460242,25.322229670073117,26.166303634643555,3045300,0.0,0.0
2001-11-14 00:00:00-05:00,26.729019390360303,27.197949555103467,25.350365349992988,25.781780242919922,2462600,0.0,0.0
2001-11-15 00:00:00-05:00,25.32222529517271,26.288221941151235,25.087760246143333,25.509798049926758,2170900,0.0,0.0
2001-11-16 00:00:00-05:00,26.02562106696127,26.485172359430425,25.678611998984834,25.763019561767578,2762200,0.0,0.0
2001-11-19 00:00:00-05:00,25.76301977714038,26.306978636939647,25.26595500196044,26.072513580322266,2583400,0.0,0.0
2001-11-20 00:00:00-05:00,25.650474164839775,25.65985298052527,24.21554756383039,24.44063377380371,2225300,0.0,0.0
2001-11-21 00:00:00-05:00,24.384363668575002,25.040866482874833,23.915433598025484,24.77826499938965,3342100,0.0,0.0
2001-11-23 00:00:00-05:00,24.947085092329136,25.6598591565473,24.393747355486443,25.37849998474121,541200,0.0,0.0
2001-11-26 00:00:00-05:00,25.04087001307594,28.370273267818213,25.04087001307594,27.30111312866211,3766700,0.0,0.0
2001-11-27 00:00:00-05:00,27.301106001975032,28.13580085491312,26.04437342068283,27.197940826416016,2649800,0.0,0.0
2001-11-28 00:00:00-05:00,26.963476110853808,27.38551384377151,26.06313133239746,26.06313133239746,2228400,0.0,0.0
2001-11-29 00:00:00-05:00,26.072507867863102,27.65749180419968,26.072507867863102,27.563705444335938,3012000,0.0,0.0
2001-11-30 00:00:00-05:00,27.169809706284543,27.179188523066685,25.884942217179585,26.128786087036133,2666500,0.0,0.0
2001-12-03 00:00:00-05:00,26.128785226585652,26.719636353792144,25.369117191686303,25.7442626953125,1895800,0.0,0.0
2001-12-04 00:00:00-05:00,26.26007862580128,27.90133353991386,26.02561363807091,27.432403564453125,3095200,0.0,0.0
2001-12-05 00:00:00-05:00,28.135805239690338,30.386671089926622,28.117047606878895,30.11469078063965,3264900,0.0,0.0
2001-12-06 00:00:00-05:00,30.011525191007348,30.949385353226326,29.655139116447707,30.527347564697266,2967800,0.0,0.0
2001-12-07 00:00:00-05:00,30.199102132992802,30.85560505325086,29.458191643306524,29.664520263671875,2409600,0.0,0.0
2001-12-10 00:00:00-05:00,29.664517695149907,30.011526760400653,28.604736443506873,28.73603630065918,2263700,0.0,0.0
2001-12-11 00:00:00-05:00,29.4019143424371,29.823950311983577,28.698519271033465,29.0455265045166,1628300,0.0,0.0
2001-12-12 00:00:00-05:00,29.045530792244964,29.598868473206142,28.145185826575112,29.261240005493164,1703300,0.0,0.0
2001-12-13 00:00:00-05:00,28.323379999396437,28.501572157267038,26.635230491962865,26.73839569091797,3018100,0.0,0.0
2001-12-14 00:00:00-05:00,26.916589132247157,27.891962834579555,26.550822428649393,27.69501304626465,1882400,0.0,0.0
2001-12-17 00:00:00-05:00,27.69501537609631,29.345649723113407,27.619986623451286,28.717283248901367,1684400,0.0,0.0
2001-12-18 00:00:00-05:00,28.745415775164293,29.823954685029317,28.67976584508598,29.486326217651367,2263500,0.0,0.0
2001-12-19 00:00:00-05:00,28.83920381746501,28.83920381746501,27.81693596180484,27.920101165771484,2040000,0.0,0.0
2001-12-20 00:00:00-05:00,27.901334579521905,28.06077084867221,26.36324477512551,26.457029342651367,3175700,0.0,0.0
2001-12-21 00:00:00-05:00,26.963477835518074,27.479300174232296,26.541440075605582,27.376136779785156,2553000,0.0,0.0
2001-12-24 00:00:00-05:00,27.151051735617045,27.37613795428504,26.447656631469727,26.447656631469727,483000,0.0,0.0
2001-12-26 00:00:00-05:00,26.663361135257837,28.042014745522355,26.494546042403805,27.01036834716797,779300,0.0,0.0
2001-12-27 00:00:00-05:00,27.000997875576623,28.18270023476618,27.000997875576623,28.070158004760742,1542500,0.0,0.0
2001-12-28 00:00:00-05:00,28.154560353618567,28.811061343847527,28.126423906918664,28.417160034179688,1395800,0.0,0.0
2001-12-31 00:00:00-05:00,28.41716066996152,28.576596960509075,27.89195950826271,28.26710319519043,1607000,0.0,0.0
2002-01-02 00:00:00-05:00,28.51095143339324,28.839202880859375,27.676256377721295,28.839202880859375,2559100,0.0,0.0
2002-01-03 00:00:00-05:00,28.979885061169437,31.408945350223338,28.979885061169437,31.399564743041992,4131200,0.0,0.0
2002-01-04 00:00:00-05:00,31.605886975437638,31.868486665982736,30.386669526639366,31.6809139251709,3020400,0.0,0.0
2002-01-07 00:00:00-05:00,32.02794639146629,32.356196226469976,31.3526854992817,31.981050491333008,2617800,0.0,0.0
2002-01-08 00:00:00-05:00,31.6058875844083,32.71256284110346,31.136957512169758,32.25300979614258,1844700,0.0,0.0
2002-01-09 00:00:00-05:00,32.81573314609779,33.434720794860034,32.1498496206776,32.49686050415039,2227400,0.0,0.0
2002-01-10 00:00:00-05:00,32.12171726334055,32.45934756466443,31.324537390056207,31.85911750793457,1412600,0.0,0.0
2002-01-11 00:00:00-05:00,31.859117898286442,32.69381305475679,30.949392194978888,31.399564743041992,2708900,0.0,0.0
2002-01-14 00:00:00-05:00,31.399562124481957,32.11233794938012,31.015039548141896,31.146339416503906,2377100,0.0,0.0
2002-01-15 00:00:00-05:00,31.09005870731676,31.79345366831803,30.789943810168364,31.41830825805664,3749200,0.0,0.0
2002-01-16 00:00:00-05:00,29.261236484701953,29.270613511742948,26.729013442993164,26.729013442993164,7836200,0.0,0.0
2002-01-17 00:00:00-05:00,26.96348093174122,26.96348093174122,25.012731774145692,25.32222557067871,8616400,0.0,0.0
2002-01-18 00:00:00-05:00,24.947079715201614,26.07251079336917,24.7501281585059,25.462902069091797,4694000,0.0,0.0
2002-01-22 00:00:00-05:00,25.93184101642356,25.93184101642356,24.525050345129404,24.543807983398438,2118800,0.0,0.0
2002-01-23 00:00:00-05:00,25.697369051192524,27.197945724809347,25.416011707500907,26.54144287109375,4738400,0.0,0.0
2002-01-24 00:00:00-05:00,26.822806600879822,27.573094171869837,26.044382575167678,26.166303634643555,2415000,0.0,0.0
2002-01-25 00:00:00-05:00,26.588333910175564,27.33862126667079,26.185053785249572,27.244834899902344,1396200,0.0,0.0
2002-01-28 00:00:00-05:00,27.563711822366304,28.023263124326643,27.05726822403659,27.413654327392578,1494500,0.0,0.0
2002-01-29 00:00:00-05:00,27.85444670238258,28.11704639512027,26.39138360501727,26.719635009765625,1781300,0.0,0.0
2002-01-30 00:00:00-05:00,26.963480670778733,27.8919620513916,26.260085522845376,27.8919620513916,3214400,0.0,0.0
2002-01-31 00:00:00-05:00,28.370275846936874,28.60474093658098,27.666880578004555,28.0045108795166,2261300,0.0,0.0
2002-02-01 00:00:00-05:00,28.088916645324936,28.36089520160058,27.366763786425874,28.13580894470215,1880600,0.0,0.0
2002-02-04 00:00:00-05:00,29.495701499391952,29.495701499391952,27.516816073105954,27.676252365112305,2926800,0.0,0.0
2002-02-05 00:00:00-05:00,27.676254281533165,28.464056980253442,27.34800285892866,27.62936019897461,1648500,0.0,0.0
2002-02-06 00:00:00-05:00,27.94823500272283,28.529709150387593,27.23546278004877,28.34213638305664,2131400,0.0,0.0
2002-02-07 00:00:00-05:00,28.745417671922183,28.745417671922183,26.73839721388889,26.74777603149414,2070100,0.0,0.0
2002-02-08 00:00:00-05:00,26.963486420065863,27.32925140255698,26.494556221456023,27.169815063476562,2318200,0.0,0.0
2002-02-11 00:00:00-05:00,27.788797272624866,28.73603630065918,27.70439149933152,28.73603630065918,2559600,0.0,0.0
2002-02-12 00:00:00-05:00,28.370268496089626,29.345643874922345,27.854446148054844,28.942363739013672,2305100,0.0,0.0
2002-02-13 00:00:00-05:00,29.073671744829756,31.324538085168268,29.064292926381896,31.211992263793945,3571800,0.0,0.0
2002-02-14 00:00:00-05:00,31.211988146517438,31.69967590851339,30.10531275922911,30.724300384521484,2771400,0.0,0.0
2002-02-15 00:00:00-05:00,30.724299108430248,31.183852188533766,30.255369000331996,30.66802978515625,2979800,0.0,0.0
2002-02-19 00:00:00-05:00,30.48045532197361,30.489832349443997,29.542595158220575,29.627002716064453,1994200,0.0,0.0
2002-02-20 00:00:00-05:00,30.105314092326232,31.51210453734434,29.91774310628642,31.502727508544922,4610400,0.0,0.0
2002-02-21 00:00:00-05:00,30.855600437534008,31.136957767655225,29.36440086364746,29.36440086364746,3637800,0.0,0.0
2002-02-22 00:00:00-05:00,29.373778665600526,29.82395109378128,28.604733653585185,28.84857749938965,2431100,0.0,0.0
2002-02-25 00:00:00-05:00,29.308136205459785,31.793467586744114,29.308136205459785,31.362049102783203,3387300,0.0,0.0
2002-02-26 00:00:00-05:00,31.41832156001716,32.3561819050923,30.593003454608112,32.09358215332031,2989700,0.0,0.0
2002-02-27 00:00:00-05:00,32.309288827480636,33.04081873422293,31.33391323338877,31.615270614624023,2822200,0.0,0.0
2002-02-28 00:00:00-05:00,31.577749895947626,32.337417914128544,31.193227373136875,31.427692413330078,2312400,0.0,0.0
2002-03-01 00:00:00-05:00,32.08419504125963,35.21664810180664,32.08419504125963,35.21664810180664,4624600,0.0,0.0
2002-03-04 00:00:00-05:00,35.216640224636805,37.50502078048594,35.066582776519795,36.76411056518555,5965200,0.0,0.0
2002-03-05 00:00:00-05:00,36.29519618778071,37.23305653590087,36.10762340262602,36.66096115112305,4797800,0.0,0.0
2002-03-06 00:00:00-05:00,36.576555935355614,36.81102103750533,35.404230424607036,36.42649841308594,3595600,0.0,0.0
2002-03-07 00:00:00-05:00,36.76412024870537,37.129885151228336,35.920044644688744,36.62343978881836,3255600,0.0,0.0
2002-03-08 00:00:00-05:00,36.951683269744755,37.12987537136753,36.01382332460049,36.76411056518555,4281100,0.0,0.0
2002-03-11 00:00:00-05:00,36.62343905844867,36.62343905844867,35.12286421195872,36.013832092285156,3049300,0.0,0.0
2002-03-12 00:00:00-05:00,35.12286250287903,35.61055019867052,34.475736724976635,35.150997161865234,5130700,0.0,0.0
2002-03-13 00:00:00-05:00,34.22251974981016,34.46636182392106,33.48160934448242,33.48160934448242,3950400,0.0,0.0
2002-03-14 00:00:00-05:00,34.231898059716926,34.41947081941032,33.003299882495355,33.63166809082031,2671100,0.0,0.0
2002-03-15 00:00:00-05:00,34.70082473754883,35.16975480156976,34.006806668630766,34.70082473754883,3113000,0.0,0.0
2002-03-18 00:00:00-05:00,35.44173785219144,36.47338264216528,34.93529248504672,35.629310607910156,2572500,0.0,0.0
2002-03-19 00:00:00-05:00,36.10761667857104,36.2482971356525,35.16975650510166,36.013832092285156,2670300,0.0,0.0
2002-03-20 00:00:00-05:00,35.35733690696191,36.342089586683294,35.05722187271642,35.469879150390625,2419100,0.0,0.0
2002-03-21 00:00:00-05:00,35.40422080768368,36.1638888202538,34.95404836315594,36.11699295043945,2015200,0.0,0.0
2002-03-22 00:00:00-05:00,36.12637950718009,36.71723250318706,35.413603669343985,35.61993408203125,1630500,0.0,0.0
2002-03-25 00:00:00-05:00,36.01383843368496,36.5296609043898,34.93529761322216,35.057220458984375,2108200,0.0,0.0
2002-03-26 00:00:00-05:00,35.05721656743234,36.08886139432354,34.58828645018128,35.68558120727539,1593700,0.0,0.0
2002-03-27 00:00:00-05:00,35.68558324736161,36.10762109254536,35.36671060629535,35.63869094848633,1531900,0.0,0.0
2002-03-28 00:00:00-05:00,36.670339863892394,37.22367763779196,36.576555255836254,36.979835510253906,3163200,0.0,0.0
2002-04-01 00:00:00-05:00,36.85790686794962,36.94231443300264,36.20140398172092,36.75474166870117,2806700,0.0,0.0
2002-04-02 00:00:00-05:00,36.57654445643004,36.585921483405656,35.46049220840666,35.88252639770508,2276900,0.0,0.0
2002-04-03 00:00:00-05:00,35.73247047148347,36.43586558767528,34.4288454285657,35.21664810180664,2462300,0.0,0.0
2002-04-04 00:00:00-05:00,35.02908004278199,35.91067099607867,34.4757423342256,35.826263427734375,1653900,0.0,0.0
2002-04-05 00:00:00-05:00,36.24829537987888,36.31394530262962,34.50387496929663,34.70082473754883,1213800,0.0,0.0
2002-04-08 00:00:00-04:00,33.6691807883023,34.92591353137228,33.294035297550565,34.231895446777344,2051000,0.0,0.0
2002-04-09 00:00:00-04:00,34.37257224430536,35.01969439048806,32.75945181436034,32.87199401855469,2654100,0.0,0.0
2002-04-10 00:00:00-04:00,32.843856509069184,33.200244298655946,31.690289177733675,32.48746871948242,5297800,0.0,0.0
2002-04-11 00:00:00-04:00,33.247144298061194,34.23189677749983,33.10646383914738,33.48160934448242,3595600,0.0,0.0
2002-04-12 00:00:00-04:00,33.58477644005314,34.616421271692566,33.30341550628521,34.51325607299805,3033200,0.0,0.0
2002-04-15 00:00:00-04:00,34.5132660926064,35.760622289630895,34.05371644565816,35.441749572753906,2636900,0.0,0.0
2002-04-16 00:00:00-04:00,37.70197832058271,37.70197832058271,36.30456513866616,37.03609848022461,4725700,0.0,0.0
2002-04-17 00:00:00-04:00,36.34208092904448,36.839145665289685,35.88252787990363,36.48276138305664,5095400,0.0,0.0
2002-04-18 00:00:00-04:00,35.404220633310814,35.53552048177816,33.762965372163954,34.231895446777344,4063500,0.0,0.0
2002-04-19 00:00:00-04:00,34.278794039614695,34.91653934452734,32.82511125663712,33.36907196044922,3088400,0.0,0.0
2002-04-22 00:00:00-04:00,33.36906718743773,33.36906718743773,32.12171142083002,32.759456634521484,2832800,0.0,0.0
2002-04-23 00:00:00-04:00,33.57540425505934,33.60354250208508,32.37494399313885,32.525001525878906,2436700,0.0,0.0
2002-04-24 00:00:00-04:00,32.63753035654467,32.99391819183297,30.668025602221753,30.80870246887207,3401000,0.0,0.0
2002-04-25 00:00:00-04:00,30.489835121748836,31.60589110779061,30.26475066546764,31.136960983276367,3492700,0.0,0.0
2002-04-26 00:00:00-04:00,31.44645353292202,31.53086109985753,29.355025571801093,29.551977157592773,3101400,0.0,0.0
2002-04-29 00:00:00-04:00,29.60824734350846,30.480457648587976,29.401918735710918,29.84271240234375,1991000,0.0,0.0
2002-04-30 00:00:00-04:00,30.199095549828467,31.568370419703562,29.85208653017694,30.902490615844727,2697000,0.0,0.0
2002-05-01 00:00:00-04:00,30.76181575002355,31.86849114078926,29.439432929214078,31.624649047851562,2438600,0.0,0.0
2002-05-02 00:00:00-04:00,31.418314528289116,31.671537194104072,29.411294411443702,29.964632034301758,3721300,0.0,0.0
2002-05-03 00:00:00-04:00,29.964635467460525,29.992770129890406,27.666877157494003,28.22021484375,5451300,0.0,0.0
2002-05-06 00:00:00-04:00,28.13580894470215,28.886096467696916,27.80755748258198,28.13580894470215,2368600,0.0,0.0
2002-05-07 00:00:00-04:00,28.135807564663523,28.41716492477957,26.916589952392027,28.032642364501953,3497300,0.0,0.0
2002-05-08 00:00:00-04:00,29.308131876160747,30.377291954578638,29.308131876160747,29.67389678955078,7544000,0.0,0.0
2002-05-09 00:00:00-04:00,29.636384542221947,30.311643284725704,28.13580777005378,28.34213638305664,3585300,0.0,0.0
2002-05-10 00:00:00-04:00,28.464058171200154,28.782930790634698,27.019752566840584,27.469926834106445,2275000,0.0,0.0
2002-05-13 00:00:00-04:00,27.854447512489298,28.829821150273936,27.591846023287978,28.726655960083008,3018800,0.0,0.0
2002-05-14 00:00:00-04:00,30.011533441215814,31.09007435532094,29.617631993246786,30.91187858581543,4017100,0.0,0.0
2002-05-15 00:00:00-04:00,30.69616530181655,31.652783178301338,29.33626902374836,30.10531234741211,3842300,0.0,0.0
2002-05-16 00:00:00-04:00,30.245991145849075,30.433563899493407,29.214344578457943,30.18971824645996,2760600,0.0,0.0
2002-05-17 00:00:00-04:00,30.24598977962199,30.292882071501747,28.51094814767687,29.23310089111328,3403800,0.0,0.0
2002-05-20 00:00:00-04:00,29.44880598045157,29.486321242066733,28.52032472138986,29.017391204833984,1292100,0.0,0.0
2002-05-21 00:00:00-04:00,29.495702960692554,29.533216437173987,27.666874919945307,28.182697296142578,1596200,0.0,0.0
2002-05-22 00:00:00-04:00,27.995127570898497,28.557844053550873,26.729015932137244,27.25421714782715,2962500,0.0,0.0
2002-05-23 00:00:00-04:00,27.25421738809694,27.26359620492024,25.7442636560736,26.260086059570312,4677300,0.0,0.0
2002-05-24 00:00:00-04:00,24.90018292657361,26.025615671125674,24.843911825993818,25.80052947998047,5067000,0.0,0.0
2002-05-28 00:00:00-04:00,26.11941090668473,26.35387599240214,25.059627717499122,25.81929588317871,2350000,0.0,0.0
2002-05-29 00:00:00-04:00,25.819291540002997,26.260085183026312,25.14403106187632,26.100648880004883,5216600,0.0,0.0
2002-05-30 00:00:00-04:00,25.584822723919075,25.8380435770793,24.77826251114466,25.65047264099121,2503900,0.0,0.0
2002-05-31 00:00:00-04:00,26.072511707063562,26.241326821911272,25.23781673790133,25.397253036499023,2333900,0.0,0.0
2002-06-03 00:00:00-04:00,25.509803076785108,25.622345320753563,24.722000213699054,24.853300094604492,3641700,0.0,0.0
2002-06-04 00:00:00-04:00,24.61882781982422,26.185054270771797,24.525041451316792,25.791152954101562,3652400,0.0,0.0
2002-06-05 00:00:00-04:00,25.922452796716243,26.353869376319924,25.153407794842497,25.791152954101562,2469600,0.0,0.0
2002-06-06 00:00:00-04:00,25.65047766394093,25.65047766394093,24.872053744118272,25.172168731689453,2114200,0.0,0.0
2002-06-07 00:00:00-04:00,23.54029003341433,25.00335136098969,23.54029003341433,24.459392547607422,2793000,0.0,0.0
2002-06-10 00:00:00-04:00,24.66572821296191,25.462909923929498,24.26244973689763,24.384370803833008,1252900,0.0,0.0
2002-06-11 00:00:00-04:00,24.759507941312442,24.853294315362085,23.6340768191956,23.727861404418945,3504000,0.0,0.0
2002-06-12 00:00:00-04:00,23.61531936938728,25.181545925011115,23.54966944369233,24.75950813293457,3804400,0.0,0.0
2002-06-13 00:00:00-04:00,24.243687228265436,25.069003441028624,23.70910718503143,23.915435791015625,2643000,0.0,0.0
2002-06-14 00:00:00-04:00,23.44650846048499,24.459397554424875,23.118256984272872,24.253068923950195,3061000,0.0,0.0
2002-06-17 00:00:00-04:00,24.843912428216797,25.697364927806714,24.581310971102177,25.65047264099121,2150700,0.0,0.0
2002-06-18 00:00:00-04:00,25.556688061250604,26.7196343858924,24.90018526708249,24.9752140045166,2211600,0.0,0.0
2002-06-19 00:00:00-04:00,24.984599622228608,24.984599622228608,23.774760678127848,23.831031799316406,2352300,0.0,0.0
2002-06-20 00:00:00-04:00,23.962325033383703,24.618827824226894,22.949436188739984,23.174522399902344,3573100,0.0,0.0
2002-06-21 00:00:00-04:00,22.74311183642744,23.455885865341667,22.358589263948602,22.53678321838379,2278400,0.0,0.0
2002-06-24 00:00:00-04:00,22.536784058987404,23.77475939107781,22.124125018681735,23.324586868286133,2874300,0.0,0.0
2002-06-25 00:00:00-04:00,23.446504559124364,24.05611331989633,21.94592790957514,22.32107162475586,1885200,0.0,0.0
2002-06-26 00:00:00-04:00,21.85214360098887,23.305828094482422,21.392592282811375,23.305828094482422,2391300,0.0,0.0
2002-06-27 00:00:00-04:00,23.615318312421255,23.89667563532852,22.414856704442716,23.11825180053711,3408700,0.0,0.0
2002-06-28 00:00:00-04:00,23.25893236396579,23.77475654991174,22.039714813232422,22.039714813232422,2812100,0.0,0.0
2002-07-01 00:00:00-04:00,22.180397360194164,22.69622163623342,20.39846301757375,21.008071899414062,2895300,0.0,0.0
2002-07-02 00:00:00-04:00,20.6329279975436,20.642306815838047,18.804099573139744,19.085458755493164,4536300,0.0,0.0
2002-07-03 00:00:00-04:00,19.22613815871717,19.685689539071202,18.56963516459613,18.888507843017578,5483900,0.0,0.0
2002-07-05 00:00:00-04:00,19.460597697089074,21.083095292636518,19.038559923067492,21.045581817626953,2597900,0.0,0.0
2002-07-08 00:00:00-04:00,21.04558198065019,21.289425830993054,19.81698391290428,20.00455665588379,2998600,0.0,0.0
2002-07-09 00:00:00-04:00,19.226137528187714,19.695067711802047,18.663420950085175,19.263652801513672,3030400,0.0,0.0
2002-07-10 00:00:00-04:00,19.695069305336673,19.695069305336673,18.40082268092693,18.466472625732422,2978400,0.0,0.0
2002-07-11 00:00:00-04:00,18.52273925080171,19.92952957364741,18.053809143186477,19.920150756835938,5414600,0.0,0.0
2002-07-12 00:00:00-04:00,20.154619830474758,20.707957610929856,19.573147382800197,19.82636833190918,3201100,0.0,0.0
2002-07-15 00:00:00-04:00,19.863883302510484,20.82050132751465,18.944780551660237,20.82050132751465,3351100,0.0,0.0
2002-07-16 00:00:00-04:00,20.35156999429154,21.533272442761834,19.788853435270152,20.398462295532227,4631300,0.0,0.0
2002-07-17 00:00:00-04:00,19.741951506417312,20.3328042848737,17.162836608063103,17.33165168762207,9293900,0.0,0.0
2002-07-18 00:00:00-04:00,17.11594536934678,17.350410374406323,16.09367780418108,16.40317153930664,6744000,0.0,0.0
2002-07-19 00:00:00-04:00,16.403179109636586,16.97527455843742,15.990520009411714,16.224985122680664,4081000,0.0,0.0
2002-07-22 00:00:00-04:00,16.037414105361616,16.637644222905536,15.868598937595674,16.224985122680664,3387300,0.0,0.0
2002-07-23 00:00:00-04:00,16.412552385297833,16.45944467658247,14.067902044541,14.396153450012207,4465200,0.0,0.0
2002-07-24 00:00:00-04:00,14.255473878873687,14.958868980407715,13.833436996835895,14.958868980407715,4200700,0.0,0.0
2002-07-25 00:00:00-04:00,14.518075783834044,14.53683341756214,12.848684841801315,13.195693016052246,4724200,0.0,0.0
2002-07-26 00:00:00-04:00,14.302367518132124,14.302367518132124,13.01749919924262,13.439536094665527,3551900,0.0,0.0
2002-07-29 00:00:00-04:00,13.880329889366141,14.52745297556989,13.505185306488993,14.471181869506836,2436200,0.0,0.0
2002-07-30 00:00:00-04:00,14.471183689184457,15.29649990758466,14.33988293450509,15.146442413330078,1889300,0.0,0.0
2002-07-31 00:00:00-04:00,15.005764770507813,15.005764770507813,13.739653010230905,14.067904472351074,3231800,0.0,0.0
2002-08-01 00:00:00-04:00,14.067902806450503,14.443046523523913,13.402022037835318,13.47705078125,2070400,0.0,0.0
2002-08-02 00:00:00-04:00,13.505184788812986,13.523942419723731,12.614217892053288,12.90495491027832,2467500,0.0,0.0
2002-08-05 00:00:00-04:00,12.942470199757418,13.176935236367468,11.985852421070106,12.229696273803711,2041100,0.0,0.0
2002-08-06 00:00:00-04:00,12.332860055806304,13.598971558691053,12.332860055806304,13.120662689208984,2591500,0.0,0.0
2002-08-07 00:00:00-04:00,13.598972141324356,13.86157273223839,12.520433329260436,13.355128288269043,3188400,0.0,0.0
2002-08-08 00:00:00-04:00,13.130041689192204,13.711514856669714,12.670490444729623,13.589592933654785,2290500,0.0,0.0
2002-08-09 00:00:00-04:00,13.270721272136633,14.058523971364124,13.130042602023082,13.702136993408203,1668400,0.0,0.0
2002-08-12 00:00:00-04:00,13.223830941248854,13.598974713511433,12.895579469709118,13.430159568786621,1026900,0.0,0.0
2002-08-13 00:00:00-04:00,13.270724134551434,13.936605045914181,12.858065957307492,12.961230278015137,1705800,0.0,0.0
2002-08-14 00:00:00-04:00,12.961228972101127,13.777167320251465,12.661113964343746,13.777167320251465,1939500,0.0,0.0
2002-08-15 00:00:00-04:00,13.711515354671466,14.199203064443983,13.280099647723908,13.870951652526855,2053500,0.0,0.0
2002-08-16 00:00:00-04:00,13.870950709459258,15.052653744309582,13.561456950996902,14.593103408813477,2541400,0.0,0.0
2002-08-19 00:00:00-04:00,14.668138281081148,15.380911568648543,14.255479167549728,15.230854034423828,2464200,0.0,0.0
2002-08-20 00:00:00-04:00,14.865085637511434,14.865085637511434,14.030389675208843,14.302369117736816,2159600,0.0,0.0
2002-08-21 00:00:00-04:00,14.771297556990586,15.352771644730295,14.330503030251057,15.174577713012695,3130200,0.0,0.0
2002-08-22 00:00:00-04:00,15.18395833110789,15.83108063196461,14.771299309834735,15.043279647827148,1808700,0.0,0.0
2002-08-23 00:00:00-04:00,14.292985260525448,14.705644134695985,13.833434104919434,13.833434104919434,1703700,0.0,0.0
2002-08-26 00:00:00-04:00,13.852196599341354,13.936603272225293,13.148801397749125,13.674002647399902,2477200,0.0,0.0
2002-08-27 00:00:00-04:00,13.852198362287943,13.852198362287943,12.876822699975534,12.961230278015137,2192000,0.0,0.0
2002-08-28 00:00:00-04:00,12.89557461809942,12.89557461809942,12.257829550773991,12.351615905761719,1540600,0.0,0.0
2002-08-29 00:00:00-04:00,11.254320621816857,12.135908676984105,11.188670704401765,11.807658195495605,3887000,0.0,0.0
2002-08-30 00:00:00-04:00,11.79828077702261,12.332860783631398,11.50754462741238,11.863930702209473,2495600,0.0,0.0
2002-09-03 00:00:00-04:00,11.873310935734827,11.873310935734827,11.34810968272387,11.404380798339844,2184300,0.0,0.0
2002-09-04 00:00:00-04:00,11.40437958952241,11.676359004606269,10.841664020941927,11.432515144348145,2469100,0.0,0.0
2002-09-05 00:00:00-04:00,10.926070085705732,11.188671564376037,10.597819578987519,10.794770240783691,2427000,0.0,0.0
2002-09-06 00:00:00-04:00,11.957714737585226,12.567323366442029,11.441891570022484,11.648221015930176,3120600,0.0,0.0
2002-09-09 00:00:00-04:00,11.554436422874188,11.920202192634312,11.160535099875013,11.742009162902832,1976200,0.0,0.0
2002-09-10 00:00:00-04:00,11.685740165319713,12.45478537719937,11.685740165319713,12.342242240905762,2022400,0.0,0.0
2002-09-11 00:00:00-04:00,12.520433171944804,13.017498793532738,12.492296723890547,12.548568725585938,1315300,0.0,0.0
2002-09-12 00:00:00-04:00,12.098395742920435,12.314104045469358,11.61070892333647,11.863930702209473,2172900,0.0,0.0
2002-09-13 00:00:00-04:00,11.798279428675102,12.004608891356398,11.385621397725556,11.53567886352539,1788700,0.0,0.0
2002-09-16 00:00:00-04:00,11.441896381034692,11.67636147447562,10.907316254201644,10.972966194152832,1837400,0.0,0.0
2002-09-17 00:00:00-04:00,11.488785842981613,11.535679025304967,10.682226505789565,10.832283973693848,2307200,0.0,0.0
2002-09-18 00:00:00-04:00,10.691604210032612,10.710361840347009,10.316460547875097,10.363353729248047,3930700,0.0,0.0
2002-09-19 00:00:00-04:00,10.006969100600958,10.147647782606716,9.397360286025007,9.453631401062012,5149300,0.0,0.0
2002-09-20 00:00:00-04:00,9.425495717421848,9.688096337711611,9.397360160279824,9.434874534606934,3087300,0.0,0.0
2002-09-23 00:00:00-04:00,9.387982561252263,9.472390138044052,8.431364550163133,8.48763656616211,3499000,0.0,0.0
2002-09-24 00:00:00-04:00,8.393846732056545,9.050348546208294,8.271924826020607,8.637690544128418,3960400,0.0,0.0
2002-09-25 00:00:00-04:00,9.087862895161578,9.191028066322458,8.459497525716962,9.022212982177734,3001200,0.0,0.0
2002-09-26 00:00:00-04:00,9.022214256707596,9.153514995636565,8.637691750202961,8.722099304199219,3060100,0.0,0.0
2002-09-27 00:00:00-04:00,8.73148155176718,9.378604896052906,8.65645188973837,9.200411796569824,3128800,0.0,0.0
2002-09-30 00:00:00-04:00,8.956564835515188,9.237923066438634,8.74085653052239,9.003458023071289,2737600,0.0,0.0
2002-10-01 00:00:00-04:00,9.003459123698695,9.087865798322175,8.50639252701857,8.909672737121582,2668500,0.0,0.0
2002-10-02 00:00:00-04:00,8.67520732384803,9.172273006562534,7.774861446893758,8.693964958190918,1976100,0.0,0.0
2002-10-03 00:00:00-04:00,8.740857946558389,8.768994400298107,8.018705961091785,8.206277847290039,2329200,0.0,0.0
2002-10-04 00:00:00-04:00,8.065598857413327,8.093734415697314,7.380960380139001,7.484125137329102,3801900,0.0,0.0
2002-10-07 00:00:00-04:00,7.4841251189872136,7.493503489323346,6.883894659655782,7.080845355987549,2377900,0.0,0.0
2002-10-08 00:00:00-04:00,7.315310096887443,7.33406728391714,6.658807656434838,7.099602222442627,2860500,0.0,0.0
2002-10-09 00:00:00-04:00,7.005815924908952,7.268416993710703,6.705700928800231,6.771350860595703,2370700,0.0,0.0
2002-10-10 00:00:00-04:00,6.8463806527056486,7.587290284644206,6.790108638830997,7.4747467041015625,2929500,0.0,0.0
2002-10-11 00:00:00-04:00,7.652940763375537,9.097245751616377,7.596669639934666,8.815887451171875,6035100,0.0,0.0
2002-10-14 00:00:00-04:00,8.82526470417797,8.87215789500155,8.440742149368413,8.628314018249512,1996700,0.0,0.0
2002-10-15 00:00:00-04:00,8.956566169005676,9.603689391504128,8.956566169005676,9.28481674194336,4213800,0.0,0.0
2002-10-16 00:00:00-04:00,8.90967253507431,9.29419510137666,8.497014411202171,8.600178718566895,3911000,0.0,0.0
2002-10-17 00:00:00-04:00,9.050351663667888,9.41611750776641,9.031594922500762,9.28481674194336,4048600,0.0,0.0
2002-10-18 00:00:00-04:00,9.144137571849559,9.903804779052734,8.853400496536104,9.903804779052734,3450500,0.0,0.0
2002-10-21 00:00:00-04:00,9.613068778396824,10.616579086612319,9.425496883554677,10.504035949707031,3016200,0.0,0.0
2002-10-22 00:00:00-04:00,10.035104866375194,10.222676744413247,9.631825552196693,9.7631254196167,3565500,0.0,0.0
2002-10-23 00:00:00-04:00,9.772504923664123,10.49465692844688,9.41611788314813,10.307085037231445,3878600,0.0,0.0
2002-10-24 00:00:00-04:00,10.747875566731079,11.62946356752595,10.429003025673468,10.513410568237305,4600800,0.0,0.0
2002-10-25 00:00:00-04:00,10.51341279150883,11.235564674488366,10.51341279150883,11.226186752319336,1565700,0.0,0.0
2002-10-28 00:00:00-05:00,11.863932788720234,11.892069242531377,11.066752046750612,11.366867065429688,3053000,0.0,0.0
2002-10-29 00:00:00-05:00,11.113644543550409,11.441895100997376,10.175784274707784,10.71036434173584,2226800,0.0,0.0
2002-10-30 00:00:00-05:00,10.78539169931318,11.826416141345115,10.78539169931318,11.779523849487305,3478600,0.0,0.0
2002-10-31 00:00:00-05:00,11.695116970016453,12.023367504086526,11.019857374103765,11.357486724853516,2546600,0.0,0.0
2002-11-01 00:00:00-05:00,11.151157658202138,11.910823889234294,10.794770688991896,11.863930702209473,2570800,0.0,0.0
2002-11-04 00:00:00-05:00,12.285968586104953,13.13004238143173,12.135910207581539,12.379754066467285,3340300,0.0,0.0
2002-11-05 00:00:00-05:00,12.145291094841378,12.220319849689698,11.535682238095458,12.060883522033691,1982000,0.0,0.0
2002-11-06 00:00:00-05:00,12.295346494388719,12.604840278625488,11.723252113250815,12.604840278625488,2924000,0.0,0.0
2002-11-07 00:00:00-05:00,12.06088052544931,12.22969562912175,11.254321164016817,11.319971084594727,2571400,0.0,0.0
2002-11-08 00:00:00-05:00,10.944831280193787,11.488790257570587,10.410251121768098,10.935452461242676,2611200,0.0,0.0
2002-11-11 00:00:00-05:00,10.879180857720927,10.879180857720927,9.941320469793721,10.410250663757324,2083100,0.0,0.0
2002-11-12 00:00:00-05:00,10.410250591070273,10.74788000637784,9.960077142913493,10.232056617736816,3979900,0.0,0.0
2002-11-13 00:00:00-05:00,10.175786241517697,10.625958828254657,9.988213435963875,10.438386917114258,3316100,0.0,0.0
2002-11-14 00:00:00-05:00,11.094888350871786,11.573197364807129,10.550929395797095,11.573197364807129,2172500,0.0,0.0
2002-11-15 00:00:00-05:00,11.24494423400271,11.948339424702997,10.954208056051339,11.770146369934082,3070200,0.0,0.0
2002-11-18 00:00:00-05:00,12.05150338791759,12.351618352261706,11.666979971835259,11.798280715942383,2649500,0.0,0.0
2002-11-19 00:00:00-05:00,11.807659593310204,12.848684052078147,11.488786994837191,11.863930702209473,4596000,0.0,0.0
2002-11-20 00:00:00-05:00,12.051504163379974,13.983495712280273,12.051504163379974,13.983495712280273,6801500,0.0,0.0
2002-11-21 00:00:00-05:00,14.339882282600968,15.559100709612494,14.096038418316027,15.005763053894043,6624000,0.0,0.0
2002-11-22 00:00:00-05:00,15.015141683117127,15.193335618030162,14.677511446192709,14.987005233764648,3217800,0.0,0.0
2002-11-25 00:00:00-05:00,14.987005755841798,15.934244784456643,14.630619662427236,15.44655704498291,3135000,0.0,0.0
2002-11-26 00:00:00-05:00,15.756052316610898,16.13119786748504,14.546213460404129,14.583727836608887,2063600,0.0,0.0
2002-11-27 00:00:00-05:00,14.771295101526743,15.952998924308003,14.771295101526743,15.93424129486084,3725200,0.0,0.0
2002-11-29 00:00:00-05:00,15.934247099458673,15.943625917598812,15.296501776542456,15.371530532836914,1081700,0.0,0.0
2002-12-02 00:00:00-05:00,15.943618485421846,16.48757716219497,15.33400990109735,15.474688529968262,2111400,0.0,0.0
2002-12-03 00:00:00-05:00,15.380907501829876,15.380907501829876,14.724405515973702,14.921356201171875,1884200,0.0,0.0
2002-12-04 00:00:00-05:00,14.921352931846638,14.921352931846638,13.130040417934513,13.824056625366211,6743300,0.0,0.0
2002-12-05 00:00:00-05:00,14.452425821448161,14.452425821448161,13.570837609754342,13.983495712280273,2934300,0.0,0.0
2002-12-06 00:00:00-05:00,13.47705078125,13.81468012661607,13.036256242878864,13.47705078125,2781400,0.0,0.0
2002-12-09 00:00:00-05:00,13.486430853377605,13.486430853377605,11.788903363149617,12.14529037475586,3042600,0.0,0.0
2002-12-10 00:00:00-05:00,12.31410714470141,13.34575304682787,12.060884407683798,13.092531204223633,3348300,0.0,0.0
2002-12-11 00:00:00-05:00,12.895578113955988,13.523944537243628,12.473541190927342,13.036256790161133,2298000,0.0,0.0
2002-12-12 00:00:00-05:00,13.16755658621486,13.317614068430593,12.754898510121585,12.923712730407715,1117000,0.0,0.0
2002-12-13 00:00:00-05:00,12.933094651153544,12.933094651153544,12.248457000598211,12.314106941223145,1750900,0.0,0.0
2002-12-16 00:00:00-05:00,12.567327347354594,13.43015887328902,12.342241095653419,13.402023315429688,2578100,0.0,0.0
2002-12-17 00:00:00-05:00,13.411401076517246,13.983495478133891,13.214450398188042,13.786544799804688,3609700,0.0,0.0
2002-12-18 00:00:00-05:00,13.364509377357662,13.364509377357662,12.426649070174667,12.539192199707031,2499200,0.0,0.0
2002-12-19 00:00:00-05:00,12.54856916935325,12.97060606654765,12.492297165667859,12.604840278625488,3755500,0.0,0.0
2002-12-20 00:00:00-05:00,12.604840278625488,12.961227250197892,12.314104127088235,12.604840278625488,2428000,0.0,0.0
2002-12-23 00:00:00-05:00,12.407890233828637,13.22382940919176,12.407890233828637,13.130043029785156,2041700,0.0,0.0
2002-12-24 00:00:00-05:00,13.092527069096565,13.270720095062742,12.79241212245328,12.829926490783691,583900,0.0,0.0
2002-12-26 00:00:00-05:00,13.092526555072048,13.298856019995169,12.820547171751457,12.886197090148926,1555300,0.0,0.0
2002-12-27 00:00:00-05:00,12.886197142606484,12.92371150961676,12.520432287859547,12.614217758178711,922900,0.0,0.0
2002-12-30 00:00:00-05:00,12.661112041022399,12.867441524719185,12.15466759515803,12.2953462600708,1176500,0.0,0.0
2002-12-31 00:00:00-05:00,12.229698440411738,12.539192272013747,12.089019751288387,12.201562881469727,1546800,0.0,0.0
2003-01-02 00:00:00-05:00,12.445405435110633,13.214450522278192,12.229697121384858,13.176936149597168,3180600,0.0,0.0
2003-01-03 00:00:00-05:00,13.148799259728905,13.57083613317758,12.998740889815215,13.298856735229492,2288500,0.0,0.0
2003-01-06 00:00:00-05:00,13.598973063306545,14.480561268351508,13.505186684415015,14.36801815032959,2924100,0.0,0.0
2003-01-07 00:00:00-05:00,14.47118256847328,15.005762573958338,14.396153827156539,14.49931812286377,2942400,0.0,0.0
2003-01-08 00:00:00-05:00,14.508697828090115,14.508697828090115,13.81468058676761,13.983495712280273,1958400,0.0,0.0
2003-01-09 00:00:00-05:00,14.171065586004934,14.527452526229116,14.077280113996304,14.255473136901855,2421300,0.0,0.0
2003-01-10 00:00:00-05:00,13.936602964043493,14.940114037658656,13.936602964043493,14.827570915222168,3349900,0.0,0.0
2003-01-13 00:00:00-05:00,15.202714374458337,15.240229644527757,14.011632276565527,14.04914665222168,3161100,0.0,0.0
2003-01-14 00:00:00-05:00,14.20858120504824,14.518074989318848,13.833437495148459,14.518074989318848,2624800,0.0,0.0
2003-01-15 00:00:00-05:00,13.78654728656811,13.833440484040748,12.107777256823766,12.182806015014648,13861800,0.0,0.0
2003-01-16 00:00:00-05:00,12.23907732260576,12.285970517364754,11.05737310786296,11.638846397399902,11505000,0.0,0.0
2003-01-17 00:00:00-05:00,11.451270735093274,11.76076446622447,11.207426918319301,11.413756370544434,4584500,0.0,0.0
2003-01-21 00:00:00-05:00,11.44189136785906,11.657599624408764,10.87917592679823,11.132397651672363,3535600,0.0,0.0
2003-01-22 00:00:00-05:00,11.132400055831827,11.498165842322074,10.96358493984969,11.301215171813965,3885100,0.0,0.0
2003-01-23 00:00:00-05:00,11.545058882870904,11.751387472658871,11.113643176493941,11.620087623596191,3339000,0.0,0.0
2003-01-24 00:00:00-05:00,11.53567963344693,11.591950739671026,10.822905728912266,10.841663360595703,3648500,0.0,0.0
2003-01-27 00:00:00-05:00,10.719741706680951,11.26370051735641,10.344597113323756,10.429004669189453,2454200,0.0,0.0
2003-01-28 00:00:00-05:00,10.569683838902254,10.635333760203006,10.185160443590867,10.32583999633789,3194000,0.0,0.0
2003-01-29 00:00:00-05:00,10.316462938175645,10.42900606289888,10.044483496491182,10.081997871398926,5489100,0.0,0.0
2003-01-30 00:00:00-05:00,10.091374297920906,10.222674131784354,9.47238681138454,9.528657913208008,4077400,0.0,0.0
2003-01-31 00:00:00-05:00,8.206276581146529,9.744367599487305,8.206276581146529,9.744367599487305,5955900,0.0,0.0
2003-02-03 00:00:00-05:00,9.753744377368514,10.035102577456907,9.622444539896843,9.725608825683594,2844700,0.0,0.0
2003-02-04 00:00:00-05:00,9.734989511989514,9.763125069081728,9.416116883566984,9.547417640686035,2407900,0.0,0.0
2003-02-05 00:00:00-05:00,9.706855627460435,10.072620615922927,9.575554847717285,9.575554847717285,2600800,0.0,0.0
2003-02-06 00:00:00-05:00,9.631827736436392,9.744370888780988,9.191033052276627,9.331711769104004,2888700,0.0,0.0
2003-02-07 00:00:00-05:00,9.472390842928107,9.500526405814615,8.947188600703912,9.031596183776855,1413000,0.0,0.0
2003-02-10 00:00:00-05:00,9.125377273697394,9.26605680885005,8.909669905308167,9.134756088256836,1202100,0.0,0.0
2003-02-11 00:00:00-05:00,9.14413805047095,9.387981946476033,8.93780853120409,8.994080543518066,1746000,0.0,0.0
2003-02-12 00:00:00-05:00,8.994080928479834,9.172274002010024,8.86278015706952,8.984702110290527,1734000,0.0,0.0
2003-02-13 00:00:00-05:00,8.984700382982634,9.27543743006368,8.94718601185087,9.11600112915039,2007700,0.0,0.0
2003-02-14 00:00:00-05:00,9.172272203974616,9.70685310859825,9.172272203974616,9.678716659545898,1985300,0.0,0.0
2003-02-18 00:00:00-05:00,9.941317375072854,10.504032896008454,9.941317375072854,10.260189056396484,2903000,0.0,0.0
2003-02-19 00:00:00-05:00,10.26019252165295,10.372736558263549,9.96945629458017,10.157028198242188,1707800,0.0,0.0
2003-02-20 00:00:00-05:00,10.241433321553421,10.475898368485662,10.100754651159344,10.372734069824219,3182700,0.0,0.0
2003-02-21 00:00:00-05:00,10.879178047180176,10.92607033893163,10.344597155964891,10.879178047180176,4008800,0.0,0.0
2003-02-24 00:00:00-05:00,10.785393126168323,11.029237011506092,10.729121116316048,10.888557434082031,2175700,0.0,0.0
2003-02-25 00:00:00-05:00,10.888556291990737,10.888556291990737,10.25081198223251,10.804149627685547,2375600,0.0,0.0
2003-02-26 00:00:00-05:00,10.804150323836964,10.804150323836964,10.316462572891044,10.382112503051758,2247800,0.0,0.0
2003-02-27 00:00:00-05:00,10.504035209205123,10.776014661155864,10.269570133578164,10.7009859085083,2331800,0.0,0.0
2003-02-28 00:00:00-05:00,10.700985434442002,11.05737244093621,10.48527800373967,10.869800567626953,1987600,0.0,0.0
2003-03-03 00:00:00-05:00,10.963588268307376,11.160538998608152,10.325843770430017,10.438386917114258,1787100,0.0,0.0
2003-03-04 00:00:00-05:00,10.447765319728356,10.457143244101415,10.08199943677738,10.157028198242188,2905200,0.0,0.0
2003-03-05 00:00:00-05:00,10.175784620996994,10.372735319932849,9.922561910473776,10.185162544250488,1678600,0.0,0.0
2003-03-06 00:00:00-05:00,10.138269954137721,10.307084195234324,9.875668433474992,10.035104751586914,2519300,0.0,0.0
2003-03-07 00:00:00-05:00,9.753745581027257,9.903803962161899,9.528659350945052,9.810017585754395,4110200,0.0,0.0
2003-03-10 00:00:00-05:00,9.753743884426315,10.02572325540321,9.65995841874536,9.941316604614258,2070100,0.0,0.0
2003-03-11 00:00:00-05:00,9.903804254164701,10.100754934896798,9.894425437364792,10.07261848449707,2352600,0.0,0.0
2003-03-12 00:00:00-05:00,10.07262002507302,10.522793461776098,10.035105646548875,10.485279083251953,3232600,0.0,0.0
2003-03-13 00:00:00-05:00,10.97296486323161,11.854554008512205,10.738499798229167,11.72325325012207,5370000,0.0,0.0
2003-03-14 00:00:00-05:00,11.479412259742858,11.91082812380575,11.395004671971982,11.498169898986816,5142100,0.0,0.0
2003-03-17 00:00:00-05:00,11.348112645165877,12.426651884963336,11.31059826015762,12.00461483001709,3513400,0.0,0.0
2003-03-18 00:00:00-05:00,12.00460992396781,12.661111840519531,11.72325170418475,12.323482513427734,2299100,0.0,0.0
2003-03-19 00:00:00-05:00,12.323484327765609,12.407891001155575,11.854554190559488,12.14529037475586,3030600,0.0,0.0
2003-03-20 00:00:00-05:00,12.14528727953159,12.661110477883526,11.86392909002935,12.445403099060059,3329700,0.0,0.0
2003-03-21 00:00:00-05:00,12.726764219415367,12.88620054490776,12.473542398841936,12.783036231994629,2714400,0.0,0.0
2003-03-24 00:00:00-05:00,12.37975672886905,12.417271107964492,12.032748498632884,12.182806015014648,2123800,0.0,0.0
2003-03-25 00:00:00-05:00,12.25783433692929,12.426649484057045,11.92958375513049,12.126534461975098,2739200,0.0,0.0
2003-03-26 00:00:00-05:00,12.135910113657664,12.436025973968638,11.723252035548153,11.863930702209473,3670200,0.0,0.0
2003-03-27 00:00:00-05:00,11.770148082638542,11.770148082638542,11.160538292011134,11.573197364807129,5522600,0.0,0.0
2003-03-28 00:00:00-05:00,11.441894486877942,11.629466351696294,11.244943805215371,11.263701438903809,1843100,0.0,0.0
2003-03-31 00:00:00-05:00,10.316463703639979,11.216809662643275,10.316463703639979,10.916694641113281,2774400,0.0,0.0
2003-04-01 00:00:00-05:00,11.047995192943224,11.39500343145829,10.982345251563268,11.235567092895508,2054300,0.0,0.0
2003-04-02 00:00:00-05:00,11.56381621420137,12.051503948352813,11.56381621420137,12.032746315002441,2327600,0.0,0.0
2003-04-03 00:00:00-05:00,12.032747142448695,12.192183459237944,11.863932008339315,12.01399040222168,2002300,0.0,0.0
2003-04-04 00:00:00-05:00,12.013992091531557,12.042127653034898,11.348111173196656,11.704497337341309,2515200,0.0,0.0
2003-04-07 00:00:00-04:00,12.267208643293301,12.398509364370547,11.929579367625657,12.051501274108887,2251700,0.0,0.0
2003-04-08 00:00:00-04:00,11.957717746321858,12.051504125626918,11.573195201114876,11.601330757141113,1719900,0.0,0.0
2003-04-09 00:00:00-04:00,11.591948818808614,11.863928172257923,11.066747740485173,11.132397651672363,2118400,0.0,0.0
2003-04-10 00:00:00-04:00,11.319973397487518,11.479409718106773,11.141780336190669,11.198051452636719,2055800,0.0,0.0
2003-04-11 00:00:00-04:00,11.40437700512167,11.629463181546003,11.085504474647388,11.132397651672363,1931200,0.0,0.0
2003-04-14 00:00:00-04:00,11.132401635572188,11.554438591003418,10.879179820078765,11.554438591003418,2639800,0.0,0.0
2003-04-15 00:00:00-04:00,11.5544390838666,11.770147426812024,10.52279324818612,11.610711097717285,2685500,0.0,0.0
2003-04-16 00:00:00-04:00,11.920203654182671,11.948339210871453,10.832285921808761,11.010478973388672,4812700,0.0,0.0
2003-04-17 00:00:00-04:00,11.010479499723475,11.788903462492186,10.963586306725054,11.582574844360352,4041800,0.0,0.0
2003-04-21 00:00:00-04:00,11.582576563528992,11.591954487990005,11.226189496022043,11.385625839233398,2147400,0.0,0.0
2003-04-22 00:00:00-04:00,11.385622026588623,11.835794448852539,11.151156999722891,11.835794448852539,1974700,0.0,0.0
2003-04-23 00:00:00-04:00,11.8357954803525,11.938959779175567,11.516922872918983,11.676359176635742,2163500,0.0,0.0
2003-04-24 00:00:00-04:00,11.676360902045811,11.713875279380696,11.33873150603185,11.366867065429688,1237100,0.0,0.0
2003-04-25 00:00:00-04:00,11.36686345363211,11.36686345363211,10.58843970046583,10.729118347167969,2681800,0.0,0.0
2003-04-28 00:00:00-04:00,10.757258737505586,11.104266968468558,10.738501100711902,10.972966194152832,2532400,0.0,0.0
2003-04-29 00:00:00-04:00,11.019857219583155,11.348108643463668,10.84166417723382,11.001099586486816,3793500,0.0,0.0
2003-04-30 00:00:00-04:00,11.02923552737635,11.179293007572523,10.879178047180176,10.879178047180176,5528900,0.0,0.0
2003-05-01 00:00:00-04:00,10.944830633375659,11.066752589294543,10.7947731166796,10.972966194152832,1839000,0.0,0.0
2003-05-02 00:00:00-04:00,11.029236485339316,12.02336782519249,10.9917221120319,11.957717895507812,4988000,0.0,0.0
2003-05-05 00:00:00-04:00,11.957716927632266,12.52981129786751,11.854552632990444,12.2953462600708,3702100,0.0,0.0
2003-05-06 00:00:00-04:00,12.210937267693094,12.557945350086941,11.98585019460514,12.351615905761719,2616600,0.0,0.0
2003-05-07 00:00:00-04:00,12.164049180357914,12.239077937979387,11.7420121951338,11.82641887664795,1962200,0.0,0.0
2003-05-08 00:00:00-04:00,11.254323603744563,11.82641806494613,11.254323603744563,11.441895484924316,3145900,0.0,0.0
2003-05-09 00:00:00-04:00,11.676359732535182,12.332861717346713,11.620088619375654,12.248455047607422,2508500,0.0,0.0
2003-05-12 00:00:00-04:00,12.248454462313898,13.345750060622489,12.070260525526233,13.139421463012695,4741900,0.0,0.0
2003-05-13 00:00:00-04:00,13.139422688444984,13.505187623856079,12.651734915345848,13.402023315429688,4241000,0.0,0.0
2003-05-14 00:00:00-04:00,13.383265386866949,13.392643309045344,12.801791279973951,13.205071449279785,2231000,0.0,0.0
2003-05-15 00:00:00-04:00,13.28010025218011,13.402022185172632,13.026878463975017,13.270721435546875,1785500,0.0,0.0
2003-05-16 00:00:00-04:00,13.270720851917595,13.458293598680376,12.904955963439088,13.42077922821045,2978000,0.0,0.0
2003-05-19 00:00:00-04:00,13.15817989988408,13.280101847523124,12.914336899019283,12.942472457885742,2781300,0.0,0.0
2003-05-20 00:00:00-04:00,12.951852502156099,13.636490164024382,12.951852502156099,13.092531204223633,3132500,0.0,0.0
2003-05-21 00:00:00-04:00,13.186316272271256,13.83343948870973,13.186316272271256,13.617732048034668,2975100,0.0,0.0
2003-05-22 00:00:00-04:00,13.570838792616094,14.536834651264396,13.505187963409353,14.246097564697266,5150200,0.0,0.0
2003-05-23 00:00:00-04:00,14.246096215535879,14.58372646401483,14.02100997949204,14.36801815032959,2952700,0.0,0.0
2003-05-27 00:00:00-04:00,14.142935944483815,15.30588272318571,14.096042741675273,15.099554061889648,4776000,0.0,0.0
2003-05-28 00:00:00-04:00,15.108929465302776,15.390286829714045,14.996385446242371,15.380908012390137,4549100,0.0,0.0
2003-05-29 00:00:00-04:00,15.380907116366522,15.699779731497317,15.287120737417514,15.44655704498291,3950300,0.0,0.0
2003-05-30 00:00:00-04:00,15.821699425103043,16.168706632967293,15.709155434903858,16.084299087524414,3443100,0.0,0.0
2003-06-02 00:00:00-04:00,16.290634710216658,16.693913149280316,15.802946909566712,15.849839210510254,4280200,0.0,0.0
2003-06-03 00:00:00-04:00,15.840457345507847,15.999893642404206,15.643507572838017,15.83107852935791,2987400,0.0,0.0
2003-06-04 00:00:00-04:00,15.849838259114733,16.7876985323029,15.709159575901811,16.52509880065918,2125700,0.0,0.0
2003-06-05 00:00:00-04:00,16.525100581985818,17.022165435507787,16.13119915323304,16.97527313232422,3922700,0.0,0.0
2003-06-06 00:00:00-04:00,17.63177242040695,17.819345190575188,16.48758353109493,16.52509880065918,3447600,0.0,0.0
2003-06-09 00:00:00-04:00,16.515717063066493,16.562609352904108,16.084300483490424,16.18746566772461,2953500,0.0,0.0
2003-06-10 00:00:00-04:00,16.27187883177622,16.412557538627667,15.802948616386859,16.234363555908203,3686600,0.0,0.0
2003-06-11 00:00:00-04:00,16.234356946980277,16.59074476733545,15.756048107341117,16.346900939941406,4735900,0.0,0.0
2003-06-12 00:00:00-04:00,16.346907573250668,16.41255751710681,15.924869664422914,16.28125762939453,2135400,0.0,0.0
2003-06-13 00:00:00-04:00,16.103059499595417,16.224980536952447,15.3809067255134,15.502829551696777,2027400,0.0,0.0
2003-06-16 00:00:00-04:00,15.718539598118529,16.046791076660156,15.315259363523955,16.046791076660156,1636500,0.0,0.0
2003-06-17 00:00:00-04:00,16.21560555960627,16.87210670092448,15.774810070659193,16.7783203125,2547200,0.0,0.0
2003-06-18 00:00:00-04:00,16.64702047331374,18.02567448261906,16.515720602568447,17.809967041015625,5189800,0.0,0.0
2003-06-19 00:00:00-04:00,17.856858775398642,18.00691626184516,16.8158333979529,16.965890884399414,3255700,0.0,0.0
2003-06-20 00:00:00-04:00,17.10657099440817,17.10657099440817,16.590748564928514,16.797077178955078,2507400,0.0,0.0
2003-06-23 00:00:00-04:00,16.78769477155312,16.91899639678753,16.08429972423531,16.206222534179688,1225400,0.0,0.0
2003-06-24 00:00:00-04:00,15.924864902030993,16.41255260887001,15.287119714445556,15.83107852935791,2009000,0.0,0.0
2003-06-25 00:00:00-04:00,15.69977958068991,16.131196204180736,15.40904341868446,15.587237358093262,2532200,0.0,0.0
2003-06-26 00:00:00-04:00,15.652885074750987,16.2156014747168,15.652885074750987,16.112436294555664,2986100,0.0,0.0
2003-06-27 00:00:00-04:00,16.15932681951413,16.74080078676446,16.112434536643946,16.24373435974121,2134300,0.0,0.0
2003-06-30 00:00:00-04:00,16.47820748256989,16.759566685099593,15.990519629246517,16.234363555908203,2503800,0.0,0.0
2003-07-01 00:00:00-04:00,16.234363679790736,16.618886316238115,15.709162335418407,16.59075164794922,2160400,0.0,0.0
2003-07-02 00:00:00-04:00,16.59074718563773,16.75956230527323,16.45006851555026,16.74080467224121,2532100,0.0,0.0
2003-07-03 00:00:00-04:00,16.384421892373737,16.73143105601453,16.3750430729427,16.44069480895996,1026900,0.0,0.0
2003-07-07 00:00:00-04:00,17.256633361451044,17.9787863974976,16.82521837710759,17.84748649597168,3392700,0.0,0.0
2003-07-08 00:00:00-04:00,17.847483544322877,18.053812182430182,17.53798969274857,17.960025787353516,3437700,0.0,0.0
2003-07-09 00:00:00-04:00,17.960024352908253,18.419575684370738,17.584880591390565,18.12883949279785,4316600,0.0,0.0
2003-07-10 00:00:00-04:00,15.906112019021688,17.988163316488887,15.718541006496327,17.80059051513672,3165400,0.0,0.0
2003-07-11 00:00:00-04:00,17.809963483164744,17.856857562510566,17.172218314671333,17.444198608398438,2883400,0.0,0.0
2003-07-14 00:00:00-04:00,17.98815969386479,18.335166981007873,17.828723381472265,17.931888580322266,2793900,0.0,0.0
2003-07-15 00:00:00-04:00,18.09132679042351,18.278897784849526,17.237872236567913,17.528610229492188,4238300,0.0,0.0
2003-07-16 00:00:00-04:00,17.44420263496975,17.44420263496975,15.484074386521831,15.802947044372559,9984300,0.0,0.0
2003-07-17 00:00:00-04:00,15.802944645565072,15.943623317068047,15.193335876501273,15.634129524230957,3912700,0.0,0.0
2003-07-18 00:00:00-04:00,15.699782012435161,15.812326041290174,15.108930780219637,15.371530532836914,2450300,0.0,0.0
2003-07-21 00:00:00-04:00,15.13706424412997,15.343394649179803,14.78067812723032,15.043279647827148,1827300,0.0,0.0
2003-07-22 00:00:00-04:00,15.277744315310763,15.624751605708484,15.1089291842734,15.568480491638184,2809800,0.0,0.0
2003-07-23 00:00:00-04:00,15.849833101623485,16.478199351744003,15.57785464108973,16.24373435974121,3301000,0.0,0.0
2003-07-24 00:00:00-04:00,16.384415236674613,16.506338050923553,15.840456452430397,15.943621635437012,2555000,0.0,0.0
2003-07-25 00:00:00-04:00,15.943621072536972,16.253114821803763,15.643506138560218,16.206222534179688,1801800,0.0,0.0
2003-07-28 00:00:00-04:00,16.206224941605395,16.450068808890904,15.943623440953372,16.32814598083496,2555300,0.0,0.0
2003-07-29 00:00:00-04:00,16.328143419642558,16.337522234854674,15.727913556675801,16.02802848815918,1739200,0.0,0.0
2003-07-30 00:00:00-04:00,16.093678585005616,16.13119384627178,15.802942465497289,15.821700096130371,1288400,0.0,0.0
2003-07-31 00:00:00-04:00,16.009273459233622,16.187467399568085,15.427801132202148,15.427801132202148,3072300,0.0,0.0
2003-08-01 00:00:00-04:00,15.446557417227464,15.5215861644295,15.137063611415758,15.4840726852417,2465100,0.0,0.0
2003-08-04 00:00:00-04:00,15.484074561691926,15.831081888743798,15.127686627673263,15.371530532836914,2057000,0.0,0.0
2003-08-05 00:00:00-04:00,15.41842262439968,15.41842262439968,15.005763623871808,15.015142440795898,1684800,0.0,0.0
2003-08-06 00:00:00-04:00,15.005763738442354,15.146442415724964,14.593105629177005,14.630620002746582,2255000,0.0,0.0
2003-08-07 00:00:00-04:00,14.771296312014599,14.865082678110081,14.302366270363342,14.752538681030273,3017100,0.0,0.0
2003-08-08 00:00:00-04:00,14.790054391338382,14.865083128723926,13.96473738568429,14.133551597595215,2112800,0.0,0.0
2003-08-11 00:00:00-04:00,14.208583188470532,14.5462134689244,14.161690888997079,14.246097564697266,2357600,0.0,0.0
2003-08-12 00:00:00-04:00,14.339885374219818,14.82757320793314,14.096041457363157,14.818194389343262,1916200,0.0,0.0
2003-08-13 00:00:00-04:00,14.827569560273288,15.643507794186998,14.827569560273288,15.174577713012695,3310700,0.0,0.0
2003-08-14 00:00:00-04:00,15.183956769744968,15.662265674776306,14.99638401877437,15.437177658081055,2122600,0.0,0.0
2003-08-15 00:00:00-04:00,15.605993596402225,15.605993596402225,14.827570574380143,15.015142440795898,1146900,0.0,0.0
2003-08-18 00:00:00-04:00,15.268358869520842,16.243732174869898,15.268358869520842,16.159324645996094,2370200,0.0,0.0
2003-08-19 00:00:00-04:00,16.168711647716073,16.759564649070125,16.15933282988845,16.5063419342041,3046100,0.0,0.0
2003-08-20 00:00:00-04:00,15.662265992291605,16.450068700216832,15.662265992291605,16.149951934814453,3056300,0.0,0.0
2003-08-21 00:00:00-04:00,16.224980373480317,16.81583328771305,16.187466896527788,16.787696838378906,2705700,0.0,0.0
2003-08-22 00:00:00-04:00,17.069063122651247,17.350420578666355,16.131202550831443,16.1780948638916,2975600,0.0,0.0
2003-08-25 00:00:00-04:00,16.178090896868287,16.290634924973702,15.943625811406427,16.27187728881836,2152100,0.0,0.0
2003-08-26 00:00:00-04:00,15.943621072536972,16.318764740007914,15.690398426184295,16.206222534179688,2869100,0.0,0.0
2003-08-27 00:00:00-04:00,16.00927431058801,16.68453484089075,16.00927431058801,16.6657772064209,2201600,0.0,0.0
2003-08-28 00:00:00-04:00,17.022158909590413,17.022158909590413,16.665772891076333,16.722043991088867,4214500,0.0,0.0
2003-08-29 00:00:00-04:00,16.722043991088867,16.900237894758916,16.506336617019134,16.722043991088867,2423700,0.0,0.0
2003-09-02 00:00:00-04:00,16.722044089293703,16.85334391970272,16.149948904524084,16.40317153930664,3521800,0.0,0.0
2003-09-03 00:00:00-04:00,16.5532317851488,17.275384551580085,16.384416666884206,16.834590911865234,4444400,0.0,0.0
2003-09-04 00:00:00-04:00,16.881483003690644,18.241380961185136,16.787696629238212,18.053808212280273,4450600,0.0,0.0
2003-09-05 00:00:00-04:00,18.053808404132543,19.10421258927475,16.890861999512516,18.860368728637695,5510900,0.0,0.0
2003-09-08 00:00:00-04:00,19.132347321067776,19.676306154108993,18.897882275984035,19.666927337646484,3916900,0.0,0.0
2003-09-09 00:00:00-04:00,19.666930750517327,19.985803410272396,19.14172945926112,19.723203659057617,4469200,0.0,0.0
2003-09-10 00:00:00-04:00,19.310545736772543,19.413710952970938,18.29765657854612,18.485227584838867,5315200,0.0,0.0
2003-09-11 00:00:00-04:00,18.485228996887873,19.20738198778695,18.128842805529317,18.76658821105957,4050000,0.0,0.0
2003-09-12 00:00:00-04:00,18.766579848985142,19.226131059654335,18.485220760182354,19.188615798950195,2747600,0.0,0.0
2003-09-15 00:00:00-04:00,19.197995493736165,19.610654436258397,18.86036707605995,18.944774627685547,2821100,0.0,0.0
2003-09-16 00:00:00-04:00,18.94477379853721,20.060825974383317,18.813472174629478,19.910768508911133,3504700,0.0,0.0
2003-09-17 00:00:00-04:00,19.92015744163083,20.492252937329337,19.816992210910904,20.03270149230957,3544300,0.0,0.0
2003-09-18 00:00:00-04:00,20.032696596629915,20.66106306969129,18.138218359779003,20.370325088500977,4723700,0.0,0.0
2003-09-19 00:00:00-04:00,20.370325408601442,21.148749398910283,20.370325408601442,20.63292694091797,3963500,0.0,0.0
2003-09-22 00:00:00-04:00,20.257783754317213,20.304676055908203,19.957668730950928,20.304676055908203,2592700,0.0,0.0
2003-09-23 00:00:00-04:00,20.323428847608263,20.539136245631582,20.07958500204121,20.511001586914062,2250400,0.0,0.0
2003-09-24 00:00:00-04:00,20.445350029330033,20.53913639968638,19.17924029041112,19.244890213012695,2304600,0.0,0.0
2003-09-25 00:00:00-04:00,19.348053230085817,19.770090993979174,18.944774886486403,18.982288360595703,2893400,0.0,0.0
2003-09-26 00:00:00-04:00,18.94478200311929,18.94478200311929,18.20387138125492,18.278900146484375,3656400,0.0,0.0
2003-09-29 00:00:00-04:00,18.288274392402595,18.43833188533671,17.791207829041834,18.25075912475586,4992200,0.0,0.0
2003-09-30 00:00:00-04:00,18.260135911927307,18.260135911927307,17.284762316275085,17.444198608398438,3990000,0.0,0.0
2003-10-01 00:00:00-04:00,17.509852209201206,17.68804617049864,17.20973719364338,17.537988662719727,3391900,0.0,0.0
2003-10-02 00:00:00-04:00,17.48171525443106,17.988160670283573,17.406686502692896,17.547365188598633,2336500,0.0,0.0
2003-10-03 00:00:00-04:00,17.866238158645526,18.194489624335336,17.791209405530132,17.809967041015625,6104300,0.0,0.0
2003-10-06 00:00:00-04:00,17.828723393256222,17.960023254551043,17.49109313412503,17.884994506835938,1615900,0.0,0.0
2003-10-07 00:00:00-04:00,17.744315620974977,18.57901065314806,17.68804450805328,18.475847244262695,2547600,0.0,0.0
2003-10-08 00:00:00-04:00,18.616523752798475,18.944775152793525,18.05380732263928,18.119457244873047,2661100,0.0,0.0
2003-10-09 00:00:00-04:00,18.428951395576746,18.78533925056474,18.053807697294324,18.156972885131836,2617300,0.0,0.0
2003-10-10 00:00:00-04:00,18.428955578897153,18.428955578897153,17.87561782751464,17.969404220581055,1957300,0.0,0.0
2003-10-13 00:00:00-04:00,17.97878401894303,18.475850677115588,17.669290157129453,17.678668975830078,2945800,0.0,0.0
2003-10-14 00:00:00-04:00,17.716176484799504,18.382058077277563,17.256625256470834,18.316408157348633,4414100,0.0,0.0
2003-10-15 00:00:00-04:00,19.31991662995822,20.248397828380224,18.75720026426507,19.0291805267334,6753500,0.0,0.0
2003-10-16 00:00:00-04:00,18.775958664161177,19.244888690006405,18.766579848985142,19.188615798950195,2317900,0.0,0.0
2003-10-17 00:00:00-04:00,19.31991777623791,19.31991777623791,18.466465256683314,18.503978729248047,2198000,0.0,0.0
2003-10-20 00:00:00-04:00,18.503985222949375,19.038565363589232,18.372685339655867,18.888507843017578,2269400,0.0,0.0
2003-10-21 00:00:00-04:00,18.98228330198227,19.273019356948957,18.74781833759688,19.104206085205078,1909600,0.0,0.0
2003-10-22 00:00:00-04:00,18.391441171159403,18.719690847163786,18.02567443545562,18.035053253173828,2306100,0.0,0.0
2003-10-23 00:00:00-04:00,17.58487816351664,17.828722022043223,17.350413121336416,17.55674171447754,3152700,0.0,0.0
2003-10-24 00:00:00-04:00,17.444198608398438,17.875613405422673,17.087810760675076,17.444198608398438,2362500,0.0,0.0
2003-10-27 00:00:00-05:00,17.556741572357502,17.903750619058805,17.481712831020236,17.69742202758789,1635200,0.0,0.0
2003-10-28 00:00:00-05:00,18.194487308556536,20.58603186376578,18.194487308556536,20.473487854003906,6920800,0.0,0.0
2003-10-29 00:00:00-05:00,20.239023775991374,21.01744769857464,20.239023775991374,20.764225006103516,4288800,0.0,0.0
2003-10-30 00:00:00-05:00,21.101850670102117,22.039710699884434,20.96117202339998,21.458236694335938,6258300,0.0,0.0
2003-10-31 00:00:00-05:00,21.45823885075132,21.720840329457513,21.20501797677082,21.36445426940918,2423600,0.0,0.0
2003-11-03 00:00:00-05:00,21.598923992875793,22.733734130859375,21.598923992875793,22.733734130859375,4321200,0.0,0.0
2003-11-04 00:00:00-05:00,22.733734768189954,22.78062885918985,22.039718320831483,22.227291107177734,3623400,0.0,0.0
2003-11-05 00:00:00-05:00,22.227287766828173,22.733731351731304,21.917793968046706,22.574295043945312,2186900,0.0,0.0
2003-11-06 00:00:00-05:00,22.602431867982954,23.73724188600035,22.56491660020068,23.643455505371094,4416400,0.0,0.0
2003-11-07 00:00:00-05:00,23.699726621687915,23.981083953553952,23.137010169129553,23.596561431884766,3709000,0.0,0.0
2003-11-10 00:00:00-05:00,23.474646215837907,23.662217220623052,22.23666899788763,22.339834213256836,3667600,0.0,0.0
2003-11-11 00:00:00-05:00,22.33983088005516,22.87441093661255,22.274180948734283,22.50864601135254,2613100,0.0,0.0
2003-11-12 00:00:00-05:00,22.64932421868068,23.240177165895982,22.602431922665815,23.193283081054688,3312600,0.0,0.0
2003-11-13 00:00:00-05:00,23.19328133109737,23.55904800995627,22.36796517725228,22.649322509765625,4767100,0.0,0.0
2003-11-14 00:00:00-05:00,22.69621451239484,22.69621451239484,21.289424401018948,21.570781707763672,3815700,0.0,0.0
2003-11-17 00:00:00-05:00,21.57078714672751,21.889659795480917,21.10185699136387,21.71146583557129,2220400,0.0,0.0
2003-11-18 00:00:00-05:00,22.686843413400947,23.193287095561846,21.98344811846928,22.114748001098633,4904300,0.0,0.0
2003-11-19 00:00:00-05:00,22.11474463460081,22.6493246911582,22.077231154771653,22.50864601135254,2290600,0.0,0.0
2003-11-20 00:00:00-05:00,22.274179864437023,22.82751752838599,22.03033599652507,22.039714813232422,1887600,0.0,0.0
2003-11-21 00:00:00-05:00,22.11474163544935,22.499264142889093,21.92716889526235,22.31169319152832,2582400,0.0,0.0
2003-11-24 00:00:00-05:00,22.45237344832524,23.12763214111328,22.45237344832524,23.12763214111328,1719600,0.0,0.0
2003-11-25 00:00:00-05:00,23.35271696538934,23.549668523605593,23.024465560913086,23.024465560913086,2406800,0.0,0.0
2003-11-26 00:00:00-05:00,23.343343100180554,23.577808183272207,22.79938417896098,23.315208435058594,1851300,0.0,0.0
2003-11-28 00:00:00-05:00,23.17453075920926,23.605947494506836,23.099501995091444,23.605947494506836,602000,0.0,0.0
2003-12-01 00:00:00-05:00,23.718488223344902,23.93419566646159,23.2776927304764,23.549673080444336,3237800,0.0,0.0
2003-12-02 00:00:00-05:00,23.54966635322848,23.859160097193772,23.277686080954638,23.662208557128906,2527100,0.0,0.0
2003-12-03 00:00:00-05:00,23.72787043085203,24.67510977032734,23.72787043085203,24.00922966003418,4786800,0.0,0.0
2003-12-04 00:00:00-05:00,24.009221220539658,24.15927870782589,22.499265742292305,23.12763214111328,3761200,0.0,0.0
2003-12-05 00:00:00-05:00,22.91192873633623,22.91192873633623,22.18039701617784,22.227291107177734,4346900,0.0,0.0
2003-12-08 00:00:00-05:00,22.227287569726656,22.396100903979807,21.65519227236299,22.039714813232422,2625500,0.0,0.0
2003-12-09 00:00:00-05:00,22.227290825018336,22.274183126596302,21.261294028603096,21.336322784423828,2290300,0.0,0.0
2003-12-10 00:00:00-05:00,21.38321050243336,21.617675537718053,20.867388140337543,21.308181762695312,2344500,0.0,0.0
2003-12-11 00:00:00-05:00,21.28942826338517,21.908415881582314,21.242534177869352,21.748979568481445,2532200,0.0,0.0
2003-12-12 00:00:00-05:00,21.955305726244575,22.208528393270036,21.645811951711092,22.077228546142578,1697300,0.0,0.0
2003-12-15 00:00:00-05:00,22.49926565993761,22.508644476461964,21.148746490478516,21.148746490478516,2516600,0.0,0.0
2003-12-16 00:00:00-05:00,21.195641226923378,21.317562267848192,20.398459686026044,20.998689651489258,3170200,0.0,0.0
2003-12-17 00:00:00-05:00,21.00806914587754,21.289428292882913,20.529760205912208,20.670440673828125,1949400,0.0,0.0
2003-12-18 00:00:00-05:00,21.23315712421068,22.405482527072603,21.148749552098494,22.199153900146484,3011600,0.0,0.0
2003-12-19 00:00:00-05:00,22.13350029480738,22.46175171096098,22.030335104032343,22.105363845825195,2791600,0.0,0.0
2003-12-22 00:00:00-05:00,21.82401132680013,22.274183876888305,21.66457499170723,21.945932388305664,1505700,0.0,0.0
2003-12-23 00:00:00-05:00,21.945925298877718,22.883785369674424,21.899033010868333,22.83689308166504,1870900,0.0,0.0
2003-12-24 00:00:00-05:00,22.911923835709402,23.446503836980348,22.911923835709402,23.240175247192383,1372400,0.0,0.0
2003-12-26 00:00:00-05:00,23.24955697908813,23.41837032527101,23.202662892237463,23.305828094482422,665700,0.0,0.0
2003-12-29 00:00:00-05:00,23.2964475719784,23.859164051214023,23.27768993861106,23.84040641784668,1974800,0.0,0.0
2003-12-30 00:00:00-05:00,23.86854386641664,24.112385955087493,23.624699988919335,23.952951431274414,1996800,0.0,0.0
2003-12-31 00:00:00-05:00,23.952953102975226,24.02798185599331,23.671593937537484,23.868545532226562,2062500,0.0,0.0
2004-01-02 00:00:00-05:00,23.868540193817903,23.96232477249483,23.47463888136581,23.587181091308594,2639500,0.0,0.0
2004-01-05 00:00:00-05:00,23.690352404697414,24.66572622817501,23.671594768577723,24.609455108642578,3130200,0.0,0.0
2004-01-06 00:00:00-05:00,24.421880434866086,24.900187562076646,24.29995760728193,24.78764533996582,2626100,0.0,0.0
2004-01-07 00:00:00-05:00,24.600073457993343,24.97521719305782,24.19679327198912,24.900188446044922,3048800,0.0,0.0
2004-01-08 00:00:00-05:00,25.41600740486567,26.138160063935487,25.24719231169859,26.06313133239746,4506000,0.0,0.0
2004-01-09 00:00:00-05:00,25.82866961715818,26.316355539946176,25.369116565442912,25.84742546081543,4262400,0.0,0.0
2004-01-12 00:00:00-05:00,25.884943119084948,26.02562179806596,25.57544930979614,26.01624298095703,2855000,0.0,0.0
2004-01-13 00:00:00-05:00,26.260084205698742,26.260084205698742,24.731372947950558,25.087759017944336,3817600,0.0,0.0
2004-01-14 00:00:00-05:00,25.369117770582097,25.369117770582097,24.468772834517534,24.965839385986328,2926000,0.0,0.0
2004-01-15 00:00:00-05:00,25.96935215683152,28.15456657998366,25.96935215683152,28.13580894470215,14559300,0.0,0.0
2004-01-16 00:00:00-05:00,28.1358027224853,28.59535395229342,27.929474146497824,28.417160034179688,8155000,0.0,0.0
2004-01-20 00:00:00-05:00,28.604736433198454,28.79230919091392,27.966991203557548,28.782930374145508,3023200,0.0,0.0
2004-01-21 00:00:00-05:00,28.68914422199743,28.698523038839955,27.666876440905323,27.966991424560547,2026200,0.0,0.0
2004-01-22 00:00:00-05:00,27.901343826115742,28.22959528771771,26.419524628920474,26.47579574584961,3995500,0.0,0.0
2004-01-23 00:00:00-05:00,26.682127174259566,26.785290594428997,25.69737275187166,25.95997428894043,4733200,0.0,0.0
2004-01-26 00:00:00-05:00,26.119413459976286,26.391392055805774,25.697375548898165,26.250713348388672,2557000,0.0,0.0
2004-01-27 00:00:00-05:00,26.26007861778956,26.428893695116066,25.059617236999003,25.125268936157227,3326000,0.0,0.0
2004-01-28 00:00:00-05:00,25.4347680606032,26.03499798430905,25.022109093642293,25.087759017944336,3482100,0.0,0.0
2004-01-29 00:00:00-05:00,25.237816138635495,25.378494801392772,23.934191120884464,24.374984741210938,3337100,0.0,0.0
2004-01-30 00:00:00-05:00,24.38436181141966,25.369114169042696,24.38436181141966,25.228435516357422,3757300,0.0,0.0
2004-02-02 00:00:00-05:00,25.350360257884464,25.56606766101894,24.665720995374212,24.77826499938965,2952000,0.0,0.0
2004-02-03 00:00:00-05:00,25.434763810526302,25.434763810526302,23.859158735251313,24.103002548217773,3656100,0.0,0.0
2004-02-04 00:00:00-05:00,23.63408013098821,23.774758817362528,22.96819839187083,22.977577209472656,3823100,0.0,0.0
2004-02-05 00:00:00-05:00,23.165146524118224,23.718484158198688,22.73372992299939,22.96819496154785,4813900,0.0,0.0
2004-02-06 00:00:00-05:00,23.165147478773505,25.247196462909354,23.155768662185906,25.106517791748047,5287400,0.0,0.0
2004-02-09 00:00:00-05:00,25.14403143832598,25.294088927083788,24.675101338751247,24.740751266479492,2239700,0.0,0.0
2004-02-10 00:00:00-05:00,24.834531635210695,25.068996628267048,24.39373809224209,24.703231811523438,1926600,0.0,0.0
2004-02-11 00:00:00-05:00,24.618835604273958,25.462909610083713,24.553185662208175,25.33160972595215,4007200,0.0,0.0
2004-02-12 00:00:00-05:00,25.08776055197286,25.9412131977376,24.909566611666897,25.05024528503418,2018900,0.0,0.0
2004-02-13 00:00:00-05:00,25.190926895283784,25.55669182047343,23.493398554299116,24.215551376342773,2570800,0.0,0.0
2004-02-17 00:00:00-05:00,24.356228341733637,24.91894481006597,24.206170855355193,24.79702377319336,2182700,0.0,0.0
2004-02-18 00:00:00-05:00,24.703235243763793,25.07837892701082,24.44063377107778,24.712614059448242,1440700,0.0,0.0
2004-02-19 00:00:00-05:00,25.556688999278247,25.706746479654146,24.112383514627382,24.23430633544922,4154700,0.0,0.0
2004-02-20 00:00:00-05:00,24.149903160070874,24.384368239294865,23.165150542860758,23.324586868286133,5655400,0.0,0.0
2004-02-23 00:00:00-05:00,23.427752047994993,23.530917263033817,21.82401164417362,22.161640167236328,5566000,0.0,0.0
2004-02-24 00:00:00-05:00,22.11474281885487,22.11474281885487,21.40196887235899,21.608299255371094,6065800,0.0,0.0
2004-02-25 00:00:00-05:00,21.88027721456134,22.790000915527344,21.720840917605827,22.790000915527344,4697500,0.0,0.0
2004-02-26 00:00:00-05:00,22.564919147615516,23.36210078972057,22.396104001190135,23.09012222290039,3865400,0.0,0.0
2004-02-27 00:00:00-05:00,23.024465429959275,23.305824541692772,22.761865738932826,23.11825180053711,3028100,0.0,0.0
2004-03-01 00:00:00-05:00,23.118251417372928,23.82164650180918,23.0057092056058,23.802888870239258,2393300,0.0,0.0
2004-03-02 00:00:00-05:00,23.58717906414122,24.13113780231803,23.446500419390084,23.680965423583984,2569500,0.0,0.0
2004-03-03 00:00:00-05:00,23.446505353902815,23.455884170703545,22.227287791030427,22.34920883178711,3992400,0.0,0.0
2004-03-04 00:00:00-05:00,22.36796366771905,22.555534613794027,22.020954644799772,22.41485595703125,3469600,0.0,0.0
2004-03-05 00:00:00-05:00,22.3210712287105,22.82751657683831,21.861519962164692,22.5555362701416,3899400,0.0,0.0
2004-03-08 00:00:00-05:00,22.696218408249543,22.96819694627833,21.383212647857544,21.439485549926758,3203200,0.0,0.0
2004-03-09 00:00:00-05:00,21.476996605795005,21.88965556360812,20.96117425014829,21.720840454101562,5350400,0.0,0.0
2004-03-10 00:00:00-05:00,21.65519579817289,22.030339583414342,20.773606561235475,20.970558166503906,3353400,0.0,0.0
2004-03-11 00:00:00-05:00,20.820500898985262,21.570788478353847,20.782985625603487,21.008071899414062,5038100,0.0,0.0
2004-03-12 00:00:00-05:00,21.242532460108155,21.758356626111684,21.11123260893424,21.430105209350586,2318600,0.0,0.0
2004-03-15 00:00:00-05:00,21.289430015984703,21.289430015984703,19.704445571599273,20.586034774780273,2491700,0.0,0.0
2004-03-16 00:00:00-05:00,20.86739134869346,21.14874871876321,20.173374952205084,20.782983779907227,2597800,0.0,0.0
2004-03-17 00:00:00-05:00,21.008069147844974,21.552028018847896,20.923661582618102,21.523893356323242,2173000,0.0,0.0
2004-03-18 00:00:00-05:00,21.523890954858302,21.739598358003853,20.867388140524774,21.129989624023438,2835900,0.0,0.0
2004-03-19 00:00:00-05:00,20.604790151067707,20.7736052913131,19.770095056328334,19.78885269165039,5059900,0.0,0.0
2004-03-22 00:00:00-05:00,19.657547624103294,19.976420213971398,19.41370556251122,19.779470443725586,3315400,0.0,0.0
2004-03-23 00:00:00-05:00,20.023315978187643,20.070208273477746,19.19799798600122,19.695064544677734,4013700,0.0,0.0
2004-03-24 00:00:00-05:00,19.79822891434593,20.80173901780004,19.78885009791419,20.43597412109375,4844500,0.0,0.0
2004-03-25 00:00:00-05:00,20.632926733005025,22.386726292394144,20.398461656493605,22.208532333374023,6299700,0.0,0.0
2004-03-26 00:00:00-05:00,21.945932388305664,22.29294151368199,21.52389629340801,21.945932388305664,3694900,0.0,0.0
2004-03-29 00:00:00-05:00,22.27417970408254,22.602431131171137,22.095985765578497,22.35858726501465,3427100,0.0,0.0
2004-03-30 00:00:00-05:00,22.18039380987716,22.602431623734958,22.02095750117826,22.527402877807617,2689500,0.0,0.0
2004-03-31 00:00:00-05:00,22.52740277334816,22.696217898108486,22.133501411849537,22.34920883178711,2000700,0.0,0.0
2004-04-01 00:00:00-05:00,22.3679712035103,23.380860377802282,22.35859238472289,23.043230056762695,3462200,0.0,0.0
2004-04-02 00:00:00-05:00,24.37498892639014,25.003355397500844,23.212042371718773,23.784137725830078,4508600,0.0,0.0
2004-04-05 00:00:00-04:00,23.784138162463893,24.20617423094703,23.474644330045624,24.131145477294922,2156800,0.0,0.0
2004-04-06 00:00:00-04:00,24.10300964350337,24.10300964350337,23.07136298921005,23.530914306640625,2736300,0.0,0.0
2004-04-07 00:00:00-04:00,23.212039420976144,23.727861803689528,22.83689570729129,23.493396759033203,2942000,0.0,0.0
2004-04-08 00:00:00-04:00,23.784135220401073,23.896677442544632,23.30582630422503,23.43712615966797,2378000,0.0,0.0
2004-04-12 00:00:00-04:00,23.521533064314198,23.64345409970521,23.230796911592314,23.634077072143555,2017400,0.0,0.0
2004-04-13 00:00:00-04:00,24.149903558440364,24.196795859528045,23.11825683507176,23.315208435058594,3344200,0.0,0.0
2004-04-14 00:00:00-04:00,23.305826825064948,23.859164497978174,22.996333024014024,23.333961486816406,2396800,0.0,0.0
2004-04-15 00:00:00-04:00,23.3339632688715,23.3339632688715,21.720844211231576,21.99282455444336,3844200,0.0,0.0
2004-04-16 00:00:00-04:00,21.917789292888678,22.09598140742017,21.383207582816162,21.514509201049805,4016900,0.0,0.0
2004-04-19 00:00:00-04:00,21.47699863008269,21.82400769775599,21.120612534398525,21.627056121826172,3770100,0.0,0.0
2004-04-20 00:00:00-04:00,21.68332726488211,22.086605623230568,20.80173823074386,20.858009338378906,2988200,0.0,0.0
2004-04-21 00:00:00-04:00,22.180389739134252,23.11824978551478,20.707949752528997,21.495752334594727,6623200,0.0,0.0
2004-04-22 00:00:00-04:00,21.186260731430824,22.039713316761002,20.745467109073058,21.308181762695312,5872600,0.0,0.0
2004-04-23 00:00:00-04:00,21.448867535059982,22.08661108660488,21.4301098982663,21.945932388305664,2335900,0.0,0.0
2004-04-26 00:00:00-04:00,21.955305761149404,22.00219805267626,20.904903404807264,21.129989624023438,3725900,0.0,0.0
2004-04-27 00:00:00-04:00,21.242529757311488,21.46761595446774,20.314048523232163,20.454727172851562,3281000,0.0,0.0
2004-04-28 00:00:00-04:00,20.42659571776366,20.73608951096494,19.9764214640675,20.15461540222168,2864600,0.0,0.0
2004-04-29 00:00:00-04:00,20.15461057373047,20.210881671151594,18.80409171384194,19.319915771484375,8399300,0.0,0.0
2004-04-30 00:00:00-04:00,19.45122048758021,19.648172061331657,18.89788282208638,19.113590240478516,3817700,0.0,0.0
2004-05-03 00:00:00-04:00,19.207383438711066,19.62004257737233,18.419580441642754,19.001054763793945,3693100,0.0,0.0
2004-05-04 00:00:00-04:00,19.066693034753158,19.685680469126773,19.066693034753158,19.36680793762207,3961000,0.0,0.0
2004-05-05 00:00:00-04:00,19.41370770215573,19.779472623682175,19.207377304308853,19.6387939453125,3334600,0.0,0.0
2004-05-06 00:00:00-04:00,19.554384364127614,19.59189783970556,18.907260363765133,19.46059799194336,2164300,0.0,0.0
2004-05-07 00:00:00-04:00,19.460598099675625,20.24840076826257,19.43246165121671,19.86387825012207,3585300,0.0,0.0
2004-05-10 00:00:00-04:00,19.87326442983275,19.97642786808762,19.160490237542067,19.60128402709961,3124300,0.0,0.0
2004-05-11 00:00:00-04:00,19.788846494579627,20.33280522678736,19.779467679855664,20.117097854614258,1982100,0.0,0.0
2004-05-12 00:00:00-04:00,19.929532679632402,19.95766913445184,18.916643560879447,19.713825225830078,2329600,0.0,0.0
2004-05-13 00:00:00-04:00,19.54501289815814,19.920156739146154,19.23551900573967,19.60128402709961,3097500,0.0,0.0
2004-05-14 00:00:00-04:00,19.938908452305792,20.042073648725594,19.216755655020012,19.423084259033203,2450000,0.0,0.0
2004-05-17 00:00:00-04:00,19.038554392563565,19.385563326937262,18.83222586788168,19.104206085205078,2571300,0.0,0.0
2004-05-18 00:00:00-04:00,19.591894149780273,19.873253213342053,19.42307906940839,19.591894149780273,2941700,0.0,0.0
2004-05-19 00:00:00-04:00,19.882639988935153,20.53914115579875,19.601280812713632,19.723203659057617,3097800,0.0,0.0
2004-05-20 00:00:00-04:00,19.741961057528005,19.788855151662695,19.244896181487782,19.28240966796875,2225700,0.0,0.0
2004-05-21 00:00:00-04:00,19.65754993367262,19.74195749907396,19.263650346901656,19.545007705688477,2131400,0.0,0.0
2004-05-24 00:00:00-04:00,19.72319985227322,20.023314817922856,19.394948437784063,19.676305770874023,1511600,0.0,0.0
2004-05-25 00:00:00-04:00,19.55438495414107,20.276537716275186,19.39494865326505,20.210886001586914,1695700,0.0,0.0
2004-05-26 00:00:00-04:00,20.117098771530223,20.50162124860875,19.83573968346535,20.454727172851562,2197000,0.0,0.0
2004-05-27 00:00:00-04:00,20.586028796145605,20.811114993301857,20.379698440466143,20.454727172851562,1930400,0.0,0.0
2004-05-28 00:00:00-04:00,20.58603269891636,21.008068727785588,20.314052374439953,20.904905319213867,1648400,0.0,0.0
2004-06-01 00:00:00-04:00,20.689199217462523,20.914285491126083,20.4359782776077,20.60479164123535,1645700,0.0,0.0
2004-06-02 00:00:00-04:00,20.070212847399887,20.163999248180037,19.451225106608412,19.948291778564453,3322400,0.0,0.0
2004-06-03 00:00:00-04:00,19.83574235026218,19.83574235026218,19.076076109123992,19.3105411529541,3826400,0.0,0.0
2004-06-04 00:00:00-04:00,19.554385125411567,19.882636546422695,19.376191190206725,19.48873519897461,3229900,0.0,0.0
2004-06-07 00:00:00-04:00,19.62941650990666,20.379704039906635,19.591901238993376,20.32343292236328,2626900,0.0,0.0
2004-06-08 00:00:00-04:00,20.16399505761543,20.632925175234394,20.02331638009503,20.539138793945312,2599900,0.0,0.0
2004-06-09 00:00:00-04:00,20.398461147280194,20.398461147280194,19.72320238776157,19.7513370513916,1895000,0.0,0.0
2004-06-10 00:00:00-04:00,19.976424922141458,20.032697831611234,19.4137101380571,19.93891143798828,1514700,0.0,0.0
2004-06-14 00:00:00-04:00,19.6012775565767,19.666927483474723,19.132347462932156,19.394948959350586,1862500,0.0,0.0
2004-06-15 00:00:00-04:00,19.695067589283788,19.967047952724986,19.51687361974737,19.713825225830078,1568100,0.0,0.0
2004-06-16 00:00:00-04:00,19.695064544677734,19.779472107261036,19.535628236334432,19.695064544677734,1297700,0.0,0.0
2004-06-17 00:00:00-04:00,19.685686750637483,19.695065567948067,18.78534175473943,18.907262802124023,2997900,0.0,0.0
2004-06-18 00:00:00-04:00,18.59776864065646,19.19799862677027,18.382061213000117,18.69155502319336,3331800,0.0,0.0
2004-06-21 00:00:00-04:00,18.83223307044006,19.085455758141773,18.569631565916836,18.616525650024414,1394300,0.0,0.0
2004-06-22 00:00:00-04:00,18.710311677980894,19.6669277210643,18.64465996146341,19.657548904418945,2128900,0.0,0.0
2004-06-23 00:00:00-04:00,19.648176432738765,20.145241308420424,19.394953691074456,20.088970184326172,1909700,0.0,0.0
2004-06-24 00:00:00-04:00,20.070202788573113,20.689190219139157,20.013931691837815,20.229639053344727,2579300,0.0,0.0
2004-06-25 00:00:00-04:00,20.239020799531712,20.72670847875565,20.239020799531712,20.52037811279297,2111600,0.0,0.0
2004-06-28 00:00:00-04:00,20.764226042450648,20.8017413123157,19.94828859997754,19.976423263549805,1394500,0.0,0.0
2004-06-29 00:00:00-04:00,19.967043025914975,21.101852924554418,19.967043025914975,21.045581817626953,2885000,0.0,0.0
2004-06-30 00:00:00-04:00,21.05495987222361,21.373832447992314,20.85800832186003,21.289424896240234,2654100,0.0,0.0
2004-07-01 00:00:00-04:00,21.101857253781958,21.242535944375184,19.788853160200848,19.95766830444336,3201800,0.0,0.0
2004-07-02 00:00:00-04:00,19.967047717990933,19.967047717990933,19.394952331841367,19.629417419433594,2094300,0.0,0.0
2004-07-06 00:00:00-04:00,19.301160677031962,19.31991830824391,18.494600423179836,18.672794342041016,2783700,0.0,0.0
2004-07-07 00:00:00-04:00,18.719689749938645,19.169864029893464,18.719689749938645,19.09483528137207,2082600,0.0,0.0
2004-07-08 00:00:00-04:00,18.766581343541798,19.36681125200121,18.75720252761884,18.972909927368164,2536100,0.0,0.0
2004-07-09 00:00:00-04:00,19.226130694356662,19.685681896294355,19.197994249363152,19.469974517822266,1804400,0.0,0.0
2004-07-12 00:00:00-04:00,18.663420007966607,18.860371605332503,18.063189975664063,18.522741317749023,4457300,0.0,0.0
2004-07-13 00:00:00-04:00,18.5696326083306,18.944778146944554,18.42895392576362,18.457090377807617,2752700,0.0,0.0
2004-07-14 00:00:00-04:00,18.316412687728207,18.325791505584405,16.8064570005859,16.862728118896484,7976000,0.0,0.0
2004-07-15 00:00:00-04:00,17.069055060108905,17.294141276367274,16.815832396008403,16.85334587097168,3327000,0.0,0.0
2004-07-16 00:00:00-04:00,16.956514543304056,17.38793122143826,16.506342018245704,16.68453598022461,3936200,0.0,0.0
2004-07-19 00:00:00-04:00,16.684528887241523,16.947128520808356,16.318762300904258,16.80644989013672,3082100,0.0,0.0
2004-07-20 00:00:00-04:00,16.722048614743688,17.27538631953882,16.43131243065987,17.153465270996094,3855900,0.0,0.0
2004-07-21 00:00:00-04:00,17.60364324455158,17.613022064866254,15.69040683220785,15.756056785583496,5690400,0.0,0.0
2004-07-22 00:00:00-04:00,15.765429846300666,16.675155407375442,15.71853755068557,16.543853759765625,4727600,0.0,0.0
2004-07-23 00:00:00-04:00,16.50634867994428,16.50634867994428,15.746682013715658,15.793574333190918,2645600,0.0,0.0
2004-07-26 00:00:00-04:00,15.896728810145209,16.028028646761918,15.12768205457646,15.324633598327637,3014400,0.0,0.0
2004-07-27 00:00:00-04:00,15.324636429091072,15.784187730963883,15.221471230506369,15.549722671508789,4211200,0.0,0.0
2004-07-28 00:00:00-04:00,14.630621826079917,15.324638270815127,14.60248537158633,15.193338394165039,4538800,0.0,0.0
2004-07-29 00:00:00-04:00,15.324632648436047,15.990512394376328,15.305875018988884,15.93424129486084,2850700,0.0,0.0
2004-07-30 00:00:00-04:00,15.793568733201866,16.27187773532834,15.793568733201866,16.037412643432617,2146800,0.0,0.0
2004-08-02 00:00:00-04:00,15.89673230549826,16.140574401737517,15.605994333596865,16.07492446899414,1899400,0.0,0.0
2004-08-03 00:00:00-04:00,15.934243681054754,15.990514788996986,15.052654642103878,15.090169906616211,3199500,0.0,0.0
2004-08-04 00:00:00-04:00,15.258990366165571,15.512213123876696,14.911981203136229,15.390290260314941,3240500,0.0,0.0
2004-08-05 00:00:00-04:00,15.530962011393132,15.530962011393132,14.79005349806284,14.808810234069824,3063600,0.0,0.0
2004-08-06 00:00:00-04:00,14.724405665153485,14.724405665153485,14.255475542731952,14.311747550964355,2711200,0.0,0.0
2004-08-09 00:00:00-04:00,14.424289003665614,14.50869655903896,14.114795230238762,14.396153450012207,1877900,0.0,0.0
2004-08-10 00:00:00-04:00,14.396156743892904,14.57434981701972,14.171069579925705,14.452427864074707,3077500,0.0,0.0
2004-08-11 00:00:00-04:00,13.64586532759086,14.067902215163127,13.186314069888017,13.355128288269043,6034700,0.0,0.0
2004-08-12 00:00:00-04:00,13.036255460615752,13.111284199528205,12.492296656293911,12.70800495147705,4737500,0.0,0.0
2004-08-13 00:00:00-04:00,12.520435107465499,12.83930685165634,12.37975552868608,12.726763725280762,3040900,0.0,0.0
2004-08-16 00:00:00-04:00,12.839304096503788,12.979983645095153,12.661111074917077,12.90495491027832,2148600,0.0,0.0
2004-08-17 00:00:00-04:00,13.130045708151638,13.364510810082916,13.036259309613772,13.111288070678711,2498600,0.0,0.0
2004-08-18 00:00:00-04:00,12.84868627457297,13.505188323239135,12.84868627457297,13.430159568786621,3393900,0.0,0.0
2004-08-19 00:00:00-04:00,13.430159177379297,13.63648869331712,13.073772156909705,13.148801803588867,3579300,0.0,0.0
2004-08-20 00:00:00-04:00,13.158178630106544,13.420780135563154,13.055014327942793,13.308236122131348,2786600,0.0,0.0
2004-08-23 00:00:00-04:00,13.317616667731297,13.814682398190314,13.2519667300518,13.514567375183105,2801300,0.0,0.0
2004-08-24 00:00:00-04:00,13.62710932209936,13.645866956610469,12.848685378153169,12.914336204528809,2592000,0.0,0.0
2004-08-25 00:00:00-04:00,12.942472460990206,13.27072303294641,12.754900577813336,13.233208656311035,2701400,0.0,0.0
2004-08-26 00:00:00-04:00,13.233208653136833,13.233208653136833,12.848686069113157,12.942472457885742,2702600,0.0,0.0
2004-08-27 00:00:00-04:00,12.989361763000488,13.148798039527536,12.904954217261107,12.989361763000488,1635700,0.0,0.0
2004-08-30 00:00:00-04:00,12.989366633624671,12.998744557679805,12.407892410365264,12.426650047302246,2161100,0.0,0.0
2004-08-31 00:00:00-04:00,12.210939607348852,12.267210715592842,11.817038271988363,12.070260047912598,4543700,0.0,0.0
2004-09-01 00:00:00-04:00,12.117156193148919,12.45478560829436,12.013991873235595,12.426650047302246,4669000,0.0,0.0
2004-09-02 00:00:00-04:00,12.323481637452328,12.651732125188987,12.276588455086218,12.614217758178711,2646400,0.0,0.0
2004-09-03 00:00:00-04:00,12.426647012972712,12.43602582915109,11.9483381208331,12.070260047912598,3351200,0.0,0.0
2004-09-07 00:00:00-04:00,12.154668259535983,12.285969009867811,11.84517446428035,11.92020320892334,1817600,0.0,0.0
2004-09-08 00:00:00-04:00,11.901445702656291,12.304725880229048,11.751388211767786,11.938960075378418,2550200,0.0,0.0
2004-09-09 00:00:00-04:00,12.192182370620875,12.895577507387465,12.098395994620063,12.736141204833984,3732200,0.0,0.0
2004-09-10 00:00:00-04:00,12.736141295516251,13.2332069452681,12.567326175278081,13.139421463012695,3771200,0.0,0.0
2004-09-13 00:00:00-04:00,13.420781398545925,14.021011423130687,13.402023763071007,13.683382034301758,4952000,0.0,0.0
2004-09-14 00:00:00-04:00,13.683379303485687,13.730272488401138,13.420778720137513,13.589592933654785,3526100,0.0,0.0
2004-09-15 00:00:00-04:00,13.505184590505234,13.505184590505234,12.886197090148926,12.886197090148926,3897300,0.0,0.0
2004-09-16 00:00:00-04:00,13.101908717494366,13.13004427622198,12.614220929344887,12.651735305786133,2916100,0.0,0.0
2004-09-17 00:00:00-04:00,12.708005836274868,12.867442141167897,12.614219458897844,12.754899024963379,3271900,0.0,0.0
2004-09-20 00:00:00-04:00,12.482920673776597,13.402023315429688,12.482920673776597,13.402023315429688,3558600,0.0,0.0
2004-09-21 00:00:00-04:00,13.448918298204187,13.880334118593352,13.1769388175945,13.383268356323242,6631100,0.0,0.0
2004-09-22 00:00:00-04:00,13.148798616431405,13.22382735051096,12.829926049386765,12.839303970336914,2291900,0.0,0.0
2004-09-23 00:00:00-04:00,12.848686727784063,13.270723710069282,12.64235719855514,13.083151817321777,4037800,0.0,0.0
2004-09-24 00:00:00-04:00,12.511054682566803,13.176935432212675,12.28596845873491,12.360997200012207,4790200,0.0,0.0
2004-09-27 00:00:00-04:00,12.210940586142788,12.276590515827467,11.957717895507812,11.957717895507812,3018400,0.0,0.0
2004-09-28 00:00:00-04:00,12.145289538135394,12.267211472740062,11.976475308570864,12.21094036102295,3680000,0.0,0.0
2004-09-29 00:00:00-04:00,12.192183299887423,12.670492244003722,12.192183299887423,12.6235990524292,3878600,0.0,0.0
2004-09-30 00:00:00-04:00,12.651732188163228,12.979983571946825,12.436024800383713,12.5673246383667,2247000,0.0,0.0
2004-10-01 00:00:00-04:00,13.083151656365974,13.49581070974707,12.98936615835269,13.467674255371094,3278200,0.0,0.0
2004-10-04 00:00:00-04:00,13.645863715766689,13.90846427566283,13.458291887269445,13.505184173583984,2940000,0.0,0.0
2004-10-05 00:00:00-04:00,13.467671132240774,13.76778698176157,13.214449362471948,13.655243873596191,2255200,0.0,0.0
2004-10-06 00:00:00-04:00,13.505185964495043,13.645865525333145,12.942470404382087,13.261343002319336,3694400,0.0,0.0
2004-10-07 00:00:00-04:00,13.29885853969649,13.833438592305557,13.223829791765857,13.57083797454834,3257300,0.0,0.0
2004-10-08 00:00:00-04:00,13.57083875868779,13.57083875868779,13.092529792182814,13.148801803588867,3678100,0.0,0.0
2004-10-11 00:00:00-04:00,13.158177057732297,13.25196342624713,12.904955293803205,13.120662689208984,2027500,0.0,0.0
2004-10-12 00:00:00-04:00,12.94247234728946,12.951851164969232,12.661114077789264,12.876821517944336,3405900,0.0,0.0
2004-10-13 00:00:00-04:00,13.645865939030049,13.692759127397727,12.89557760838673,13.026878356933594,2805500,0.0,0.0
2004-10-14 00:00:00-04:00,12.895577338906163,12.895577338906163,12.370375250107106,12.379754066467285,4404400,0.0,0.0
2004-10-15 00:00:00-04:00,12.473538339069878,12.726760077227038,12.285966515543647,12.520431518554688,2694700,0.0,0.0
2004-10-18 00:00:00-04:00,12.529814196034245,12.876822424907377,12.323485559026444,12.811172485351562,2102900,0.0,0.0
2004-10-19 00:00:00-04:00,13.120664440633872,13.505186992929483,13.064393327544044,13.326993942260742,6325900,0.0,0.0
2004-10-20 00:00:00-04:00,12.548568968295344,14.133552235069866,12.47354022752573,14.096037864685059,8615900,0.0,0.0
2004-10-21 00:00:00-04:00,15.00576235028973,15.099548722744295,14.161688575851187,15.090169906616211,8680400,0.0,0.0
2004-10-22 00:00:00-04:00,15.080791564546738,15.183956756372343,14.649375847638003,14.696269035339355,4985900,0.0,0.0
2004-10-25 00:00:00-04:00,14.696267590098218,15.324633918028116,14.574345671829857,15.20271110534668,3958300,0.0,0.0
2004-10-26 00:00:00-04:00,15.240226159538542,15.33401252443939,14.855703673388582,14.893218040466309,3204500,0.0,0.0
2004-10-27 00:00:00-04:00,14.893224375448995,15.662270569283505,14.818195609379304,15.615376472473145,3111200,0.0,0.0
2004-10-28 00:00:00-04:00,15.615369154492239,15.849834162183793,15.474690507642517,15.540340423583984,3202700,0.0,0.0
2004-10-29 00:00:00-04:00,15.062034738086798,15.727916429152023,15.043278893063174,15.530964851379395,3143500,0.0,0.0
2004-11-01 00:00:00-05:00,15.577864566085905,15.765435605898169,15.390291737446574,15.756056785583496,1783400,0.0,0.0
2004-11-02 00:00:00-05:00,15.240228754207855,16.018652674408184,15.212092303299496,15.41842269897461,3937700,0.0,0.0
2004-11-03 00:00:00-05:00,15.943624337536914,15.999895451974455,15.202713877332313,15.362150192260742,3792000,0.0,0.0
2004-11-04 00:00:00-05:00,15.362149482811443,15.66226625321355,15.0338998397295,15.44655704498291,2304400,0.0,0.0
2004-11-05 00:00:00-05:00,15.662268351515268,16.02803331070955,15.59661662527701,15.802947044372559,1926300,0.0,0.0
2004-11-08 00:00:00-05:00,15.868593793957654,16.037408907003947,15.709157497061293,15.83107852935791,1660800,0.0,0.0
2004-11-09 00:00:00-05:00,15.84045825334891,15.943623448084486,15.512208613420036,15.587237358093262,1700300,0.0,0.0
2004-11-10 00:00:00-05:00,15.52158808579026,15.52158808579026,15.052657910523767,15.193338394165039,2549300,0.0,0.0
2004-11-11 00:00:00-05:00,15.240230308300038,15.559102962472137,15.155822735794093,15.493453025817871,1764800,0.0,0.0
2004-11-12 00:00:00-05:00,15.40904427348628,15.756051566039948,15.277744410230998,15.746674537658691,2204900,0.0,0.0
2004-11-15 00:00:00-05:00,15.737291878579693,16.337521722731374,15.59661144363386,16.131193161010742,2692300,0.0,0.0
2004-11-16 00:00:00-05:00,16.065545638324306,16.262497225217864,15.99989570563529,16.12181854248047,2560100,0.0,0.0
2004-11-17 00:00:00-05:00,16.403174567677436,17.02216215220667,16.356282273538632,16.647018432617188,3868000,0.0,0.0
2004-11-18 00:00:00-05:00,16.037410729060724,16.928376898614587,16.018653094629745,16.8908634185791,4166900,0.0,0.0
2004-11-19 00:00:00-05:00,16.872102729081284,16.881481544598532,16.375036239624023,16.375036239624023,3430600,0.0,0.0
2004-11-22 00:00:00-05:00,16.34690486124367,16.515719996767768,16.16871090832084,16.47820472717285,2146300,0.0,0.0
2004-11-23 00:00:00-05:00,16.38441709210812,16.590747481486982,16.149952041505863,16.32814598083496,1726300,0.0,0.0
2004-11-24 00:00:00-05:00,16.375038761949494,16.52509804451367,16.215604240076264,16.49696159362793,1025000,0.0,0.0
2004-11-26 00:00:00-05:00,16.496962348485994,16.703290964609845,16.496962348485994,16.52509880065918,409900,0.0,0.0
2004-11-29 00:00:00-05:00,16.66577606580325,16.825212370232073,16.29063234621377,16.647018432617188,2156000,0.0,0.0
2004-11-30 00:00:00-05:00,16.647018166098768,16.712668092372578,15.990515325708001,15.999894142150879,2389500,0.0,0.0
2004-12-01 00:00:00-05:00,16.234360557746765,16.722048321003967,16.18746826039862,16.6657772064209,2855700,0.0,0.0
2004-12-02 00:00:00-05:00,16.787697569019194,17.575500296398992,16.72204763987528,17.04092025756836,4771200,0.0,0.0
2004-12-03 00:00:00-05:00,17.350414899657345,17.79120858015759,17.322278447734416,17.425443649291992,3305700,0.0,0.0
2004-12-06 00:00:00-05:00,17.162836723725285,17.434816973475616,16.881479448448186,17.284759521484375,1507100,0.0,0.0
2004-12-07 00:00:00-05:00,17.369171730035227,17.53798685610323,16.768939971923828,16.768939971923828,1826800,0.0,0.0
2004-12-08 00:00:00-05:00,16.647016523145776,16.656395338663025,16.243736400034848,16.375036239624023,3079200,0.0,0.0
2004-12-09 00:00:00-05:00,15.709156101157989,16.065542139055992,15.390283535700036,15.821700096130371,4558000,0.0,0.0
2004-12-10 00:00:00-05:00,15.831083951320148,15.896735686854655,15.559105345127596,15.615376472473145,2349200,0.0,0.0
2004-12-13 00:00:00-05:00,15.709159171227164,15.802945553895306,15.399665360600823,15.568480491638184,3681400,0.0,0.0
2004-12-14 00:00:00-05:00,15.70915412902832,15.943619116028744,15.662261847158593,15.70915412902832,2429200,0.0,0.0
2004-12-15 00:00:00-05:00,15.737290571445692,15.849832763463397,15.568475494593246,15.70915412902832,1943000,0.0,0.0
2004-12-16 00:00:00-05:00,15.47469784621865,15.83108403983561,15.258990366165571,15.390290260314941,2346800,0.0,0.0
2004-12-17 00:00:00-05:00,15.334014821305214,15.52158579037684,15.315257187750134,15.44655704498291,2807200,0.0,0.0
2004-12-20 00:00:00-05:00,15.484071175765195,15.62474983945154,15.015141104259863,15.024519920349121,1835400,0.0,0.0
2004-12-21 00:00:00-05:00,15.16519946664435,15.258985844168999,14.96824878937313,15.18395709991455,2194700,0.0,0.0
2004-12-22 00:00:00-05:00,15.193338394165039,15.3996670273047,15.155823121506925,15.193338394165039,1173900,0.0,0.0
2004-12-23 00:00:00-05:00,15.174580059833586,15.549723825025534,15.043280189223047,15.521587371826172,2285900,0.0,0.0
2004-12-27 00:00:00-05:00,15.577859598539222,15.662267165627902,15.352773349244908,15.380908012390137,1239300,0.0,0.0
2004-12-28 00:00:00-05:00,15.390286359526266,15.671643715341803,15.324636429091072,15.549722671508789,1133700,0.0,0.0
2004-12-29 00:00:00-05:00,15.465310327888774,15.924861487750496,15.465310327888774,15.70915412902832,1210200,0.0,0.0
2004-12-30 00:00:00-05:00,15.756048466085998,16.140570951816976,15.756048466085998,16.112436294555664,2064300,0.0,0.0
2004-12-31 00:00:00-05:00,16.01865807122789,16.224986747590428,15.934250478891617,16.009279251098633,1069000,0.0,0.0
2005-01-03 00:00:00-05:00,16.037406883867455,16.25311426162543,15.427798221634626,15.540340423583984,2223100,0.0,0.0
2005-01-04 00:00:00-05:00,15.549721797320338,15.596614091044547,14.386775382461828,14.602482795715332,4230800,0.0,0.0
2005-01-05 00:00:00-05:00,14.593104632692517,14.715025667658399,14.208581211844862,14.405531883239746,3534500,0.0,0.0
2005-01-06 00:00:00-05:00,14.499316259467651,14.564966176079439,14.199201332770302,14.227336883544922,3600000,0.0,0.0
2005-01-07 00:00:00-05:00,14.489937720307,14.940111013337773,14.311744702790747,14.53683090209961,3932300,0.0,0.0
2005-01-10 00:00:00-05:00,14.564968183626707,14.639996925642553,14.283609953860708,14.405531883239746,1782500,0.0,0.0
2005-01-11 00:00:00-05:00,14.255475081237812,14.264853898041794,13.852195797211694,13.917845726013184,3176300,0.0,0.0
2005-01-12 00:00:00-05:00,14.255476382357267,14.668135415264597,14.142933253677073,14.246097564697266,4441400,0.0,0.0
2005-01-13 00:00:00-05:00,14.283605880566027,14.358635495598628,13.861569103476977,13.93659782409668,2886400,0.0,0.0
2005-01-14 00:00:00-05:00,14.049143667421944,14.311745135637496,14.021008115260663,14.255473136901855,2753900,0.0,0.0
2005-01-18 00:00:00-05:00,14.114798412732558,14.443048997802,14.105419594595718,14.386777877807617,3017200,0.0,0.0
2005-01-19 00:00:00-05:00,14.067905199192086,14.236720347794655,13.345752302981829,13.467674255371094,4897200,0.0,0.0
2005-01-20 00:00:00-05:00,13.4676709479611,13.683379239803022,13.233205918888157,13.298856735229492,3623400,0.0,0.0
2005-01-21 00:00:00-05:00,13.270719772835934,13.458292504346618,12.904954914098854,13.017498016357422,3899800,0.0,0.0
2005-01-24 00:00:00-05:00,13.008121466590262,13.205072153449931,12.689248840778108,12.717385292053223,2101600,0.0,0.0
2005-01-25 00:00:00-05:00,12.86744053899345,13.092526743376139,12.68924662304735,12.792411804199219,2646900,0.0,0.0
2005-01-26 00:00:00-05:00,12.97060413309706,13.036254048933014,12.754896755685772,12.989361763000488,2219700,0.0,0.0
2005-01-27 00:00:00-05:00,13.008123443302603,13.176938598953509,12.839308287651697,13.073773384094238,1774600,0.0,0.0
2005-01-28 00:00:00-05:00,13.13004150390625,13.13004150390625,12.698625818715664,12.895576477050781,2484800,0.0,0.0
2005-01-31 00:00:00-05:00,13.08315053340604,13.24258685019846,12.99874296634967,13.15817928314209,1778200,0.0,0.0
2005-02-01 00:00:00-05:00,13.21444794463028,13.617728043096202,13.158175949378723,13.598970413208008,2888600,0.0,0.0
2005-02-02 00:00:00-05:00,13.598974823330014,13.674003578388426,13.29885980309637,13.495810508728027,2179700,0.0,0.0
2005-02-03 00:00:00-05:00,13.477052160304654,13.477052160304654,13.073771952374752,13.242587089538574,1287500,0.0,0.0
2005-02-04 00:00:00-05:00,13.270719045468814,13.730271139186291,13.242583495049546,13.598970413208008,2887100,0.0,0.0
2005-02-07 00:00:00-05:00,13.50518663952512,13.730273769233987,13.430157894426562,13.627108573913574,1811600,0.0,0.0
2005-02-08 00:00:00-05:00,13.69276013919147,14.246096940695406,13.598973755525995,14.17106819152832,2973700,0.0,0.0
2005-02-09 00:00:00-05:00,14.114798259009275,14.114798259009275,13.645868090234304,13.739653587341309,2007800,0.0,0.0
2005-02-10 00:00:00-05:00,14.02101002761741,14.377397016450004,13.786544973997007,13.917845726013184,3304700,0.0,0.0
2005-02-11 00:00:00-05:00,13.889712630425032,14.827573011038345,13.739654218219682,14.621243476867676,3629300,0.0,0.0
2005-02-14 00:00:00-05:00,14.705649300679486,14.705649300679486,14.246097089223314,14.414912223815918,1541100,0.0,0.0
2005-02-15 00:00:00-05:00,14.386774376942114,15.174577020466872,14.349260007936797,14.87446117401123,4614500,0.0,0.0
2005-02-16 00:00:00-05:00,14.874464057790268,15.052657121509334,14.536834671284696,14.761920928955078,2513900,0.0,0.0
2005-02-17 00:00:00-05:00,14.818189612724874,14.874460717298518,14.161687728082832,14.208580017089844,2603200,0.0,0.0
2005-02-18 00:00:00-05:00,14.01162985952097,14.46180318415194,13.983494306235631,14.377395629882812,1956500,0.0,0.0
2005-02-22 00:00:00-05:00,14.274232550165348,14.865084585801743,14.152310616359756,14.23671817779541,2559300,0.0,0.0
2005-02-23 00:00:00-05:00,14.330502256835546,14.489938547383103,13.889708648298745,14.133551597595215,2322800,0.0,0.0
2005-02-24 00:00:00-05:00,14.142932710735465,14.508698535714453,13.833438895142953,14.46180534362793,2486800,0.0,0.0
2005-02-25 00:00:00-05:00,14.461803114952748,14.911975543016547,14.255473638216952,14.87446117401123,2172100,0.0,0.0
2005-02-28 00:00:00-05:00,14.79005679382035,15.09955060941286,14.28361139258179,14.46180534362793,2043500,0.0,0.0
2005-03-01 00:00:00-05:00,14.630619335311962,15.015141870461889,14.518075325324162,15.005763053894043,2489000,0.0,0.0
2005-03-02 00:00:00-05:00,14.771296312014599,14.92135378223691,14.461802556077815,14.752538681030273,2801400,0.0,0.0
2005-03-03 00:00:00-05:00,14.911979064267463,14.930736700406023,14.349263396310443,14.54621410369873,2330600,0.0,0.0
2005-03-04 00:00:00-05:00,14.67751333851132,14.67751333851132,14.180447629903805,14.246097564697266,2154900,0.0,0.0
2005-03-07 00:00:00-05:00,14.255475906570291,14.649377291010866,14.217961531595629,14.414912223815918,2985200,0.0,0.0
2005-03-08 00:00:00-05:00,14.358640742089156,14.630620177317114,14.208582351607154,14.311747550964355,1753500,0.0,0.0
2005-03-09 00:00:00-05:00,14.311746911533413,14.489939956550332,14.255474905815172,14.349261283874512,1757500,0.0,0.0
2005-03-10 00:00:00-05:00,14.321125728221984,14.489939956550332,14.152310605480448,14.349261283874512,1941800,0.0,0.0
2005-03-11 00:00:00-05:00,14.41491079046326,14.424289606877652,13.964738335530402,14.02100944519043,2593200,0.0,0.0
2005-03-14 00:00:00-05:00,14.021008049631114,14.246094254693935,13.974114866639757,14.189823150634766,918500,0.0,0.0
2005-03-15 00:00:00-05:00,14.30237046829049,14.30237046829049,13.974118985023406,14.0022554397583,2203300,0.0,0.0
2005-03-16 00:00:00-05:00,13.908467714597313,14.1523115991418,13.608352714796869,13.674002647399902,1875700,0.0,0.0
2005-03-17 00:00:00-05:00,13.786545627107259,13.99287513450336,13.702138060699161,13.767788887023926,1645300,0.0,0.0
2005-03-18 00:00:00-05:00,13.86157559413852,13.870954412210825,13.486431815379511,13.514567375183105,1785500,0.0,0.0
2005-03-21 00:00:00-05:00,13.533323964846756,13.795924589672147,13.345751195558227,13.674002647399902,1263800,0.0,0.0
2005-03-22 00:00:00-05:00,13.749032460510817,13.86157559413852,13.486431815379511,13.514567375183105,1471400,0.0,0.0
2005-03-23 00:00:00-05:00,13.542700639614194,13.842816506167637,13.514565084579337,13.523943901062012,1975200,0.0,0.0
2005-03-24 00:00:00-05:00,13.598974894474143,13.964740748107413,13.598974894474143,13.739653587341309,1723500,0.0,0.0
2005-03-28 00:00:00-05:00,13.805303003779674,13.964739316369991,13.777166552560281,13.795924186706543,1873300,0.0,0.0
2005-03-29 00:00:00-05:00,13.702136435580156,13.805301624249093,13.289478364143818,13.355128288269043,2131500,0.0,0.0
2005-03-30 00:00:00-05:00,13.448914515506019,13.899086952209473,13.326992590295552,13.899086952209473,2684000,0.0,0.0
2005-03-31 00:00:00-05:00,13.899087149390287,13.992873522240577,13.63648655758786,13.692758560180664,3508600,0.0,0.0
2005-04-01 00:00:00-05:00,13.76778914525404,13.795924703113373,13.336373382286826,13.402023315429688,1771400,0.0,0.0
2005-04-04 00:00:00-04:00,13.458295807308378,13.458295807308378,12.820550510246697,12.942472457885742,3632800,0.0,0.0
2005-04-05 00:00:00-04:00,12.942473180891506,13.06439513534148,12.792415666003334,12.858065605163574,2236500,0.0,0.0
2005-04-06 00:00:00-04:00,12.979987144470215,13.148802290526804,12.942472766948006,12.979987144470215,2132900,0.0,0.0
2005-04-07 00:00:00-04:00,13.008119705107369,13.43015657853885,12.961226520412069,13.411399841308594,4142500,0.0,0.0
2005-04-08 00:00:00-04:00,13.355130380536568,13.58021663658293,13.326994822134093,13.37388801574707,1955500,0.0,0.0
2005-04-11 00:00:00-04:00,13.37388625071389,13.439536176459871,13.158177946327841,13.167556762695312,1775900,0.0,0.0
2005-04-12 00:00:00-04:00,13.055016440003664,13.167559577229671,12.764279331359802,13.101909637451172,2161700,0.0,0.0
2005-04-13 00:00:00-04:00,13.101909772006485,13.101909772006485,12.389135667841641,12.426650047302246,2858200,0.0,0.0
2005-04-14 00:00:00-04:00,12.454784083308898,12.50167727549631,12.01399040222168,12.01399040222168,3188100,0.0,0.0
2005-04-15 00:00:00-04:00,11.817037059106605,11.901443712809225,11.413756948959763,11.53567886352539,5693400,0.0,0.0
2005-04-18 00:00:00-04:00,11.488787480019548,12.117153887214489,11.488787480019548,11.92020320892334,3147000,0.0,0.0
2005-04-19 00:00:00-04:00,12.051505046724687,12.285970118494324,11.938961025191585,12.276591300964355,3553600,0.0,0.0
2005-04-20 00:00:00-04:00,12.36100064183696,12.426650585131025,11.348111458149162,11.385625839233398,4174600,0.0,0.0
2005-04-21 00:00:00-04:00,11.488787415776262,11.629466087591922,11.151158066770765,11.291836738586426,4453500,0.0,0.0
2005-04-22 00:00:00-04:00,11.254317993436214,11.254317993436214,10.747873719508098,10.851037979125977,3658500,0.0,0.0
2005-04-25 00:00:00-04:00,10.91669222835734,11.04799207405078,10.766633856344223,10.860420227050781,3319900,0.0,0.0
2005-04-26 00:00:00-04:00,10.5978206656147,10.944828839709086,10.532169842009186,10.588441848754883,3402400,0.0,0.0
2005-04-27 00:00:00-04:00,10.504033276895576,10.597819647658843,10.31646142978216,10.522790908813477,3885100,0.0,0.0
2005-04-28 00:00:00-04:00,10.363355778261736,10.597820837071218,10.24143384035122,10.269569396972656,1756200,0.0,0.0
2005-04-29 00:00:00-04:00,10.419627007719802,10.447763459068277,10.128890832424725,10.335220336914062,3447600,0.0,0.0
2005-05-02 00:00:00-04:00,10.429009764025187,10.494659719808785,10.213302255357045,10.288331031799316,2077300,0.0,0.0
2005-05-03 00:00:00-04:00,10.288326383713693,10.579062537474607,10.26018993444922,10.419626235961914,2968500,0.0,0.0
2005-05-04 00:00:00-04:00,10.51341402688939,10.747879102516348,10.410249715602308,10.7009859085083,2214700,0.0,0.0
2005-05-05 00:00:00-04:00,10.644713470170807,10.841664145031489,10.466519533937577,10.597820281982422,2219800,0.0,0.0
2005-05-06 00:00:00-04:00,10.672850608825684,10.71974380397151,10.53217102338821,10.672850608825684,1643700,0.0,0.0
2005-05-09 00:00:00-04:00,10.700985524388233,10.794771909037797,10.569685659174747,10.71036434173584,1792800,0.0,0.0
2005-05-10 00:00:00-04:00,10.616576385163626,10.710362755926893,10.475897723431844,10.522790908813477,1914300,0.0,0.0
2005-05-11 00:00:00-04:00,10.569683466122472,10.860419588268838,10.447761549140326,10.785390853881836,2904900,0.0,0.0
2005-05-12 00:00:00-04:00,11.14178023093063,11.254323357172767,10.907315160989532,11.066751480102539,3230800,0.0,0.0
2005-05-13 00:00:00-04:00,11.216808211934131,11.704495058846119,11.1699150222816,11.601330757141113,5443700,0.0,0.0
2005-05-16 00:00:00-04:00,11.573196226291298,11.72325373094122,11.395002268709554,11.554438591003418,3300300,0.0,0.0
2005-05-17 00:00:00-04:00,11.516923671963625,11.910825050308844,11.498166931973168,11.770146369934082,2438100,0.0,0.0
2005-05-18 00:00:00-04:00,11.779524696096706,12.201561614041273,11.695117133625153,12.164047241210938,3194700,0.0,0.0
2005-05-19 00:00:00-04:00,12.164047990191046,12.454784173924415,11.957718479713224,12.257833480834961,2882100,0.0,0.0
2005-05-20 00:00:00-04:00,12.379753176999493,12.398510808372144,12.164045782692558,12.332859992980957,1555600,0.0,0.0
2005-05-23 00:00:00-04:00,12.34224234977361,12.34224234977361,12.070262877728325,12.182806015014648,1730300,0.0,0.0
2005-05-24 00:00:00-04:00,12.201560901194664,12.398511570650856,12.060881340489871,12.360997200012207,1411800,0.0,0.0
2005-05-25 00:00:00-04:00,12.33285855662543,12.33285855662543,11.948336102400699,12.051501274108887,1430900,0.0,0.0
2005-05-26 00:00:00-04:00,12.098398181430035,12.46416404065032,12.098398181430035,12.436028480529785,1693600,0.0,0.0
2005-05-27 00:00:00-04:00,12.41726863398516,12.41726863398516,12.145289216128237,12.285968780517578,1122900,0.0,0.0
2005-05-31 00:00:00-04:00,12.389134765105293,12.567327830955758,12.182805245899523,12.201562881469727,1525800,0.0,0.0
2005-06-01 00:00:00-04:00,12.173426938027017,12.511057237126767,12.089020257665409,12.436028480529785,2323600,0.0,0.0
2005-06-02 00:00:00-04:00,12.426650142982144,12.979987915096544,12.41727132444144,12.961230278015137,2438100,0.0,0.0
2005-06-03 00:00:00-04:00,12.933091695561773,12.979984882897407,12.604840278625488,12.604840278625488,2349700,0.0,0.0
2005-06-06 00:00:00-04:00,12.548572037070318,12.55795085556341,12.285971380157225,12.314106941223145,1588300,0.0,0.0
2005-06-07 00:00:00-04:00,12.379753111111516,12.708004503081142,12.257831191077457,12.267210006713867,1842000,0.0,0.0
2005-06-08 00:00:00-04:00,12.50167420031269,12.642352847857296,12.360995552768085,12.445403099060059,1350600,0.0,0.0
2005-06-09 00:00:00-04:00,12.426645794715323,12.623596443087333,12.10777323121654,12.595460891723633,2011700,0.0,0.0
2005-06-10 00:00:00-04:00,12.679869018070265,12.783033307380569,12.285967703375514,12.332859992980957,1220400,0.0,0.0
2005-06-13 00:00:00-04:00,12.37037644272076,12.576705950470933,12.276590953316678,12.464162826538086,1334500,0.0,0.0
2005-06-14 00:00:00-04:00,12.436027305440275,12.529812795117978,12.182804605042664,12.239076614379883,1891000,0.0,0.0
2005-06-15 00:00:00-04:00,12.379754449890404,12.501676383109418,11.957717539155778,12.370375633239746,2040800,0.0,0.0
2005-06-16 00:00:00-04:00,12.36099524495414,12.604838168331735,12.314102065469331,12.520431518554688,1101100,0.0,0.0
2005-06-17 00:00:00-04:00,12.754897440644653,12.989362460550526,12.614217892053288,12.90495491027832,2865600,0.0,0.0
2005-06-20 00:00:00-04:00,12.8111718160176,12.8111718160176,12.576706736238615,12.670493125915527,1739200,0.0,0.0
2005-06-21 00:00:00-04:00,12.670492281276369,12.933092902687651,12.651734646826087,12.80179214477539,1850700,0.0,0.0
2005-06-22 00:00:00-04:00,12.848683292797068,13.017498398345197,12.745519002969376,12.895576477050781,1445500,0.0,0.0
2005-06-23 00:00:00-04:00,12.895579153303881,13.430159239264954,12.80179276533272,12.876821517944336,2468600,0.0,0.0
2005-06-24 00:00:00-04:00,12.754898671156086,12.79241304218365,12.314104140772336,12.379754066467285,1806400,0.0,0.0
2005-06-27 00:00:00-04:00,12.332863830694956,12.426650227916276,11.985855592037463,12.04212760925293,2173700,0.0,0.0
2005-06-28 00:00:00-04:00,12.060882458019796,12.13591120624906,11.910824961561264,11.929582595825195,3068400,0.0,0.0
2005-06-29 00:00:00-04:00,11.929583270404956,11.995233205214548,11.376245550114723,11.441895484924316,3614300,0.0,0.0
2005-06-30 00:00:00-04:00,11.357486606817519,11.51692291106232,11.123021558741419,11.226186752319336,3800800,0.0,0.0
2005-07-01 00:00:00-04:00,11.273080468568558,11.34810921591234,10.982343401801486,11.123022079467773,1874900,0.0,0.0
2005-07-05 00:00:00-04:00,11.047991686903616,11.27307878982916,10.972962950732796,10.982341766357422,2695100,0.0,0.0
2005-07-06 00:00:00-04:00,10.991723600229136,11.329353005708393,10.879180465069384,11.113645553588867,4309500,0.0,0.0
2005-07-07 00:00:00-04:00,11.047993445881145,11.24494413328981,10.97296469776482,11.18867301940918,1818600,0.0,0.0
2005-07-08 00:00:00-04:00,11.263702802859473,12.01399124740077,11.19805197141329,11.94834041595459,4291300,0.0,0.0
2005-07-11 00:00:00-04:00,12.004610586207535,12.60484053414935,11.976475031001057,12.576704978942871,3818600,0.0,0.0
2005-07-12 00:00:00-04:00,12.52043471326348,12.904957273210115,12.398512773258629,12.848685264587402,3552000,0.0,0.0
2005-07-13 00:00:00-04:00,12.848684497816564,12.979985247158439,12.529811888281422,12.86744213104248,2910300,0.0,0.0
2005-07-14 00:00:00-04:00,13.008119200899273,13.205069853455036,12.773654180923987,13.017498016357422,1838100,0.0,0.0
2005-07-15 00:00:00-04:00,13.130044341017621,13.130044341017621,12.689249744847737,12.942472457885742,1452600,0.0,0.0
2005-07-18 00:00:00-04:00,12.998741091159525,12.998741091159525,12.586083027141036,12.70800495147705,1963100,0.0,0.0
2005-07-19 00:00:00-04:00,12.820551226441532,13.017501938335592,12.783036847719488,12.858065605163574,1835300,0.0,0.0
2005-07-20 00:00:00-04:00,14.067905007948847,15.43718023675242,13.805304364902861,15.28712272644043,14556700,0.0,0.0
2005-07-21 00:00:00-04:00,15.352772953862686,15.662266762275243,14.968249503204362,15.052656173706055,5709300,0.0,0.0
2005-07-22 00:00:00-04:00,15.127684031762591,15.183956930946994,14.555590533998593,14.940113067626953,4051900,0.0,0.0
2005-07-25 00:00:00-04:00,14.977626037497924,14.996382774390671,14.658753460603403,14.724403381347656,2865400,0.0,0.0
2005-07-26 00:00:00-04:00,14.930732979617396,14.949489716668394,14.621239215764586,14.790054321289062,2304900,0.0,0.0
2005-07-27 00:00:00-04:00,14.808811322714817,14.808811322714817,14.255473706428864,14.377395629882812,4169200,0.0,0.0
2005-07-28 00:00:00-04:00,14.377394870003117,14.69626743842748,14.330501687397229,14.508695602416992,2772200,0.0,0.0
2005-07-29 00:00:00-04:00,14.508697000113363,14.724404408702346,14.377396255050623,14.56496810913086,2458100,0.0,0.0
2005-08-01 00:00:00-04:00,14.602481844991742,14.771296953529996,14.311745707412653,14.377395629882812,1951500,0.0,0.0
2005-08-02 00:00:00-04:00,14.461805096493663,14.865085289367665,14.37739753106299,14.827570915222168,2542300,0.0,0.0
2005-08-03 00:00:00-04:00,14.771300994659669,14.865087390486343,14.480563883127665,14.621243476867676,2309700,0.0,0.0
2005-08-04 00:00:00-04:00,14.499320910017937,14.527456469816828,13.908468787761295,14.030390739440918,2548800,0.0,0.0
2005-08-05 00:00:00-04:00,13.95535806416156,14.161687531700917,13.805300594828596,14.124173164367676,1620400,0.0,0.0
2005-08-08 00:00:00-04:00,14.255473712469406,14.255473712469406,13.899086757856033,13.927223205566406,1183100,0.0,0.0
2005-08-09 00:00:00-04:00,14.002254208197888,14.283611575493516,13.97411775593772,14.142932891845703,1041300,0.0,0.0
2005-08-10 00:00:00-04:00,14.171066356321091,14.396153469085943,13.777165026999006,13.899086952209473,1671600,0.0,0.0
2005-08-11 00:00:00-04:00,13.983494985797323,14.443046254247669,13.927223876492018,14.405531883239746,2710800,0.0,0.0
2005-08-12 00:00:00-04:00,14.246096498246695,14.25547531520461,14.002253518233456,14.11479663848877,1761700,0.0,0.0
2005-08-15 00:00:00-04:00,14.283611148492636,14.930735220518974,14.283611148492636,14.827570915222168,2613000,0.0,0.0
2005-08-16 00:00:00-04:00,14.536834864310284,14.583728058884267,14.133554643152648,14.152312278747559,2092300,0.0,0.0
2005-08-17 00:00:00-04:00,14.274231762899861,14.827569395648135,14.274231762899861,14.705647468566895,3469300,0.0,0.0
2005-08-18 00:00:00-04:00,14.527456572206903,14.546214208480581,14.217962728997811,14.386777877807617,2809400,0.0,0.0
2005-08-19 00:00:00-04:00,14.836946871537393,14.930733241677792,14.518074286355766,14.715024948120117,3050500,0.0,0.0
2005-08-22 00:00:00-04:00,14.715028978280994,14.818194192573007,14.358642820731689,14.621243476867676,1948800,0.0,0.0
2005-08-23 00:00:00-04:00,14.76191761698462,14.865082799414127,14.358638386074535,14.593103408813477,1647600,0.0,0.0
2005-08-24 00:00:00-04:00,14.60248395386946,14.987006517149563,14.405533263602424,14.911977767944336,4072200,0.0,0.0
2005-08-25 00:00:00-04:00,14.91197554026145,15.352770941215422,14.91197554026145,15.212090492248535,3856900,0.0,0.0
2005-08-26 00:00:00-04:00,15.240228794445802,15.249607611440016,14.883841798384559,15.146442413330078,3490800,0.0,0.0
2005-08-29 00:00:00-04:00,15.043278512005786,15.615372019329236,14.968248872919373,15.587237358093262,2900400,0.0,0.0
2005-08-30 00:00:00-04:00,15.681024017854828,15.709160471632346,15.287122609102624,15.493453025817871,2241700,0.0,0.0
2005-08-31 00:00:00-04:00,15.45594169082222,15.765435605898169,15.268370651009956,15.756056785583496,2147100,0.0,0.0
2005-09-01 00:00:00-04:00,15.70915412902832,15.812319295732792,15.409039231879923,15.70915412902832,2935300,0.0,0.0
2005-09-02 00:00:00-04:00,15.849837058062043,15.887352324783501,15.540343262915512,15.765429496765137,1465200,0.0,0.0
2005-09-06 00:00:00-04:00,15.765432698145585,15.784190335315301,15.474696477321931,15.690403938293457,1931100,0.0,0.0
2005-09-07 00:00:00-04:00,15.634129405593018,15.802944525646097,15.3809067255134,15.502829551696777,1616200,0.0,0.0
2005-09-08 00:00:00-04:00,15.380907431096796,15.605993671884386,15.296499867198145,15.41842269897461,1530800,0.0,0.0
2005-09-09 00:00:00-04:00,15.44655544945246,15.671641662384278,15.324634421590885,15.64350700378418,1134500,0.0,0.0
2005-09-12 00:00:00-04:00,15.58724009631124,16.131199037956243,15.549724822971113,16.037412643432617,2530900,0.0,0.0
2005-09-13 00:00:00-04:00,15.943623218686568,16.22498055995638,15.877973291645368,16.018651962280273,1998800,0.0,0.0
2005-09-14 00:00:00-04:00,16.084306707615443,16.11244316570166,15.530968887041379,15.615376472473145,1416000,0.0,0.0
2005-09-15 00:00:00-04:00,15.65288809077095,15.82170322217084,15.024521651019409,15.34339427947998,2140800,0.0,0.0
2005-09-16 00:00:00-04:00,15.343394610132576,15.455936840940158,14.865085657134085,15.268365859985352,2417100,0.0,0.0
2005-09-19 00:00:00-04:00,15.155820621064752,15.230849365175908,14.414911102157182,14.84632682800293,2246600,0.0,0.0
2005-09-20 00:00:00-04:00,14.883842582560861,15.183958481295274,14.574348760751361,14.611863136291504,1897700,0.0,0.0
2005-09-21 00:00:00-04:00,14.771296172831674,15.052653479640872,14.452423604407313,14.508695602416992,2313300,0.0,0.0
2005-09-22 00:00:00-04:00,14.461803300224663,14.940112181979954,14.161688344337321,14.780675888061523,2426100,0.0,0.0
2005-09-23 00:00:00-04:00,14.780676910628703,14.977627587658631,14.64937616113769,14.733783721923828,1764100,0.0,0.0
2005-09-26 00:00:00-04:00,14.865084622803748,15.099549674302777,14.433668892269006,14.527454376220703,1744700,0.0,0.0
2005-09-27 00:00:00-04:00,14.761920435385246,14.780678070103917,13.927225367495906,14.302369117736816,3705100,0.0,0.0
2005-09-28 00:00:00-04:00,14.611862075687341,15.146442111935132,14.546212146860617,14.996384620666504,4903300,0.0,0.0
2005-09-29 00:00:00-04:00,14.865085670193247,15.258987056018846,14.602484150034012,15.221471786499023,4573600,0.0,0.0
2005-09-30 00:00:00-04:00,15.27773880731415,15.624745972607343,15.22146592470513,15.474688529968262,3122800,0.0,0.0
2005-10-03 00:00:00-04:00,15.765429908025693,15.934245035023254,15.502830189430748,15.530964851379395,3196100,0.0,0.0
2005-10-04 00:00:00-04:00,15.521586383440315,15.765430262494199,15.268365476076996,15.27774429321289,2384500,0.0,0.0
2005-10-05 00:00:00-04:00,15.287122758132224,15.334016848218578,14.855707862297537,14.883843421936035,2846900,0.0,0.0
2005-10-06 00:00:00-04:00,14.893221903860502,14.958871839673257,14.443048487736945,14.668135643005371,3512500,0.0,0.0
2005-10-07 00:00:00-04:00,14.771297947726435,15.015141811046478,14.7619191311957,14.940113067626953,1355100,0.0,0.0
2005-10-10 00:00:00-04:00,15.28711794204819,15.28711794204819,14.077279420196247,14.227336883544922,3151700,0.0,0.0
2005-10-11 00:00:00-04:00,14.396155865370977,14.508698993279994,13.645867451564248,13.777167320251465,4559000,0.0,0.0
2005-10-12 00:00:00-04:00,13.730273936467613,13.889710245347269,13.111285440245492,13.308236122131348,5168500,0.0,0.0
2005-10-13 00:00:00-04:00,13.486429597780129,13.645865901139622,13.092528247646461,13.47705078125,4438900,0.0,0.0
2005-10-14 00:00:00-04:00,13.67400518243527,13.692762820606918,13.14880383541697,13.34575366973877,3117300,0.0,0.0
2005-10-17 00:00:00-04:00,13.34575003306772,13.589593896372024,13.214450179298613,13.47705078125,2581100,0.0,0.0
2005-10-18 00:00:00-04:00,13.552079888817966,13.627108634248719,12.942471108589793,13.064393043518066,5179700,0.0,0.0
2005-10-19 00:00:00-04:00,13.720895952546314,13.880332271104628,12.520435049060126,13.402023315429688,11587900,0.0,0.0
2005-10-20 00:00:00-04:00,13.3269957251002,13.598975193187416,12.914337561055692,13.083151817321777,3488500,0.0,0.0
2005-10-21 00:00:00-04:00,13.130041628628787,13.326992288834742,12.839304599024526,13.18631362915039,4538700,0.0,0.0
2005-10-24 00:00:00-04:00,13.22383186882483,13.364510569687775,13.083152273548517,13.251967430114746,2483300,0.0,0.0
2005-10-25 00:00:00-04:00,13.251963174821952,13.711514404116901,13.23320554370963,13.533321380615234,2993400,0.0,0.0
2005-10-26 00:00:00-04:00,13.439536829648466,13.552079948288467,13.101907473728456,13.130043029785156,1966600,0.0,0.0
2005-10-27 00:00:00-04:00,13.008121466590262,13.05501465763556,12.623598909962626,12.717385292053223,2344000,0.0,0.0
2005-10-28 00:00:00-04:00,12.717383001567788,12.764275289754245,12.17342333559161,12.5673246383667,3479800,0.0,0.0
2005-10-31 00:00:00-05:00,12.64235451516256,12.93309155802104,12.64235451516256,12.698626518249512,2585700,0.0,0.0
2005-11-01 00:00:00-05:00,12.698628499941012,12.717386135368278,12.389134670697414,12.651735305786133,2577800,0.0,0.0
2005-11-02 00:00:00-05:00,12.708007271774845,13.064394293886654,12.651735260109492,12.876821517944336,2518200,0.0,0.0
2005-11-03 00:00:00-05:00,13.036259004439966,13.280102919399416,12.867444743202423,13.073773384094238,3100900,0.0,0.0
2005-11-04 00:00:00-05:00,13.364507931223585,13.692759360983827,13.186314885682407,13.336372375488281,3630400,0.0,0.0
2005-11-07 00:00:00-05:00,13.373889502772077,13.43953944448181,12.961230426390792,13.092531204223633,3459900,0.0,0.0
2005-11-08 00:00:00-05:00,12.951851584931886,13.261345423093427,12.84868637593583,12.979987144470215,2097800,0.0,0.0
2005-11-09 00:00:00-05:00,12.904957345425466,12.942471719912792,12.557949157814392,12.80179214477539,3538000,0.0,0.0
2005-11-10 00:00:00-05:00,12.904956724056458,13.280100450866682,12.811170345147303,13.176936149597168,4698500,0.0,0.0
2005-11-11 00:00:00-05:00,13.214453287953038,13.308238792077521,13.045638128350236,13.111288070678711,3097800,0.0,0.0
2005-11-14 00:00:00-05:00,13.11128405956046,13.505185381852355,13.055012953183395,13.364506721496582,3082000,0.0,0.0
2005-11-15 00:00:00-05:00,13.505187370551347,14.114797075491362,13.4958094477163,13.767788887023926,5306900,0.0,0.0
2005-11-16 00:00:00-05:00,13.73965092999826,13.824058487158885,13.148799818700189,13.42077922821045,3799600,0.0,0.0
2005-11-17 00:00:00-05:00,13.373886725701045,13.730273710603974,13.195692786042986,13.561458587646484,3088100,0.0,0.0
2005-11-18 00:00:00-05:00,13.561458693180947,13.76778819013317,13.167557332823614,13.176936149597168,5642200,0.0,0.0
2005-11-21 00:00:00-05:00,13.270724411545052,13.280103230281513,13.06439576582316,13.111288070678711,2546700,0.0,0.0
2005-11-22 00:00:00-05:00,13.036257485605336,13.49580970084514,13.017500745170201,13.402023315429688,2442000,0.0,0.0
2005-11-23 00:00:00-05:00,13.308235349559514,13.56145802346115,13.270720978731104,13.439536094665527,2946200,0.0,0.0
2005-11-25 00:00:00-05:00,13.552079920376604,13.983495654814673,13.542701103572622,13.917845726013184,1297200,0.0,0.0
2005-11-28 00:00:00-05:00,14.067904617404693,14.1147978116787,13.533324528155568,13.683382034301758,4031300,0.0,0.0
2005-11-29 00:00:00-05:00,13.749033946295027,13.805305966396553,13.270724905879012,13.34575366973877,2332300,0.0,0.0
2005-11-30 00:00:00-05:00,13.355128085824786,13.814679336561504,13.289478162694719,13.720893859863281,3929600,0.0,0.0
2005-12-01 00:00:00-05:00,13.974114463052421,14.977625330197917,13.72089271327333,14.808810234069824,7151400,0.0,0.0
2005-12-02 00:00:00-05:00,14.705647608691379,14.855705091324857,14.368017378352901,14.49931812286377,3320300,0.0,0.0
2005-12-05 00:00:00-05:00,14.443045422062205,14.518074159755013,14.180444840137374,14.471181869506836,2373700,0.0,0.0
2005-12-06 00:00:00-05:00,14.46180520001028,14.83694894415049,14.443047565596652,14.555591583251953,2655800,0.0,0.0
2005-12-07 00:00:00-05:00,14.57434856026479,14.658756127672309,14.227340367688635,14.302369117736816,3094700,0.0,0.0
2005-12-08 00:00:00-05:00,14.349263133043817,14.546213836818639,13.936604089699758,14.058526039123535,3307400,0.0,0.0
2005-12-09 00:00:00-05:00,14.049147580188007,14.443048997802,14.021012020190815,14.386777877807617,2563200,0.0,0.0
2005-12-12 00:00:00-05:00,14.489942701593003,14.724407796746332,14.34926400226635,14.621243476867676,2151600,0.0,0.0
2005-12-13 00:00:00-05:00,14.53683090209961,14.686888368305517,14.152308421343706,14.53683090209961,4600000,0.0,0.0
2005-12-14 00:00:00-05:00,14.443047452058343,14.658755774053187,14.358640781100254,14.489940643310547,2088700,0.0,0.0
2005-12-15 00:00:00-05:00,14.527453538827718,14.771297392990201,14.4242892441035,14.705647468566895,2453400,0.0,0.0
2005-12-16 00:00:00-05:00,14.715026852959703,14.715026852959703,13.720895493965488,13.861574172973633,5927500,0.0,0.0
2005-12-19 00:00:00-05:00,13.458294768479416,13.870952879516985,13.233207631682065,13.28010082244873,2928000,0.0,0.0
2005-12-20 00:00:00-05:00,13.552078500981388,13.692758055067285,13.373885472434976,13.411399841308594,2279000,0.0,0.0
2005-12-21 00:00:00-05:00,13.439535890132758,13.702136481935183,13.411400336042925,13.692758560180664,1976900,0.0,0.0
2005-12-22 00:00:00-05:00,13.720894475235191,14.039767078019212,13.720894475235191,14.02100944519043,1589600,0.0,0.0
2005-12-23 00:00:00-05:00,14.030388407190795,14.11479596696985,13.72089461760971,13.814680099487305,1332900,0.0,0.0
2005-12-27 00:00:00-05:00,13.908466415576505,13.927224048518736,13.655244631748563,13.749030113220215,1289400,0.0,0.0
2005-12-28 00:00:00-05:00,13.739651936620543,13.758409570436338,13.467672507183973,13.711516380310059,1026300,0.0,0.0
2005-12-29 00:00:00-05:00,13.720894626443702,13.786544553241603,13.627108250092554,13.702136993408203,913000,0.0,0.0
2005-12-30 00:00:00-05:00,13.608352147587524,13.739652007320887,13.364508273206686,13.664623260498047,1156300,0.0,0.0
2006-01-03 00:00:00-05:00,13.598973554765587,13.955360555254549,13.336372936557542,13.861574172973633,2081600,0.0,0.0
2006-01-04 00:00:00-05:00,13.889709994518624,14.105417411805606,13.674001682818455,13.786544799804688,1607800,0.0,0.0
2006-01-05 00:00:00-05:00,13.824060608543213,14.377398328697467,13.767789491409756,14.246097564697266,2284200,0.0,0.0
2006-01-06 00:00:00-05:00,14.480559540850306,14.818189749050664,14.3492596993618,14.724403381347656,2530800,0.0,0.0
2006-01-09 00:00:00-05:00,14.67751057894658,14.911975609884468,14.593103919115954,14.715024948120117,1735400,0.0,0.0
2006-01-10 00:00:00-05:00,14.668136307016532,15.080794470598207,14.443049141558646,15.033902168273926,2212400,0.0,0.0
2006-01-11 00:00:00-05:00,15.080794325799221,15.427803441677746,14.958872373217396,15.371530532836914,4017300,0.0,0.0
2006-01-12 00:00:00-05:00,15.474689408654603,15.474689408654603,15.287116700292058,15.409039497375488,4071200,0.0,0.0
2006-01-13 00:00:00-05:00,15.409048027125769,15.465319155253308,15.005767733086756,15.230854034423828,4103200,0.0,0.0
2006-01-17 00:00:00-05:00,15.099550535370646,15.146442832813984,14.649377145726037,14.911977767944336,3559200,0.0,0.0
2006-01-18 00:00:00-05:00,15.615368749563071,16.281250284329353,15.137059931616418,15.93424129486084,9518100,0.0,0.0
2006-01-19 00:00:00-05:00,16.131196191993855,16.178088486569305,15.746673652230783,15.765429496765137,4055500,0.0,0.0
2006-01-20 00:00:00-05:00,15.765428568401793,15.765428568401793,15.062033458231962,15.090169906616211,3596000,0.0,0.0
2006-01-23 00:00:00-05:00,15.155822852124093,15.343395634427395,14.94949332823845,15.28712272644043,2438500,0.0,0.0
2006-01-24 00:00:00-05:00,15.521589091692116,16.1499556388246,15.446560330340182,15.906111717224121,6428600,0.0,0.0
2006-01-25 00:00:00-05:00,15.934247048167414,16.1030621964932,15.793568354171473,16.046791076660156,3231600,0.0,0.0
2006-01-26 00:00:00-05:00,16.224984126123722,16.787700721171884,16.08430542456837,16.56261444091797,4878100,0.0,0.0
2006-01-27 00:00:00-05:00,16.797075654823622,16.92837550739697,16.600125875963595,16.787696838378906,2969200,0.0,0.0
2006-01-30 00:00:00-05:00,16.759563492146683,16.9565132864514,16.44069086332588,16.48758316040039,2041300,0.0,0.0
2006-01-31 00:00:00-05:00,16.49696071628298,16.57198945916166,16.168709295378893,16.3375244140625,3399900,0.0,0.0
2006-02-01 00:00:00-05:00,16.337520411620684,16.815829201103814,16.337520411620684,16.750179290771484,2742700,0.0,0.0
2006-02-02 00:00:00-05:00,16.740803074974096,16.928374020918827,15.934242819815848,15.943621635437012,3098900,0.0,0.0
2006-02-03 00:00:00-05:00,15.802947044372559,16.253119577046537,15.474695568487792,15.802947044372559,2652000,0.0,0.0
2006-02-06 00:00:00-05:00,15.802948595665345,16.29063644834924,15.737298651809207,16.28125762939453,1589500,0.0,0.0
2006-02-07 00:00:00-05:00,16.300008209865602,16.34690228948168,15.784185855872389,15.84045696258545,2604800,0.0,0.0
2006-02-08 00:00:00-05:00,15.981140328639821,16.356284089888668,15.94362505810166,16.290634155273438,2117100,0.0,0.0
2006-02-09 00:00:00-05:00,16.31876602305869,16.684532692823836,16.224979651610543,16.30938720703125,2820300,0.0,0.0
2006-02-10 00:00:00-05:00,16.30000788309205,16.30000788309205,15.73729324958998,15.915485382080078,2019600,0.0,0.0
2006-02-13 00:00:00-05:00,15.793568923200754,15.896734137300504,15.512211525071795,15.605996131896973,1432000,0.0,0.0
2006-02-14 00:00:00-05:00,15.60599309256383,16.149951934814453,15.493450870761004,16.149951934814453,1711800,0.0,0.0
2006-02-15 00:00:00-05:00,16.065545744243792,16.309389630715298,15.924867060578906,16.25311851501465,1360600,0.0,0.0
2006-02-16 00:00:00-05:00,16.412552394506836,16.450067658616593,15.943622326092356,16.30938720703125,2873200,0.0,0.0
2006-02-17 00:00:00-05:00,16.506339811118245,16.55323210539836,16.09368082391304,16.149951934814453,1893400,0.0,0.0
2006-02-21 00:00:00-05:00,16.10305804808467,16.131194495166113,15.774806654105918,15.896729469299316,1951500,0.0,0.0
2006-02-22 00:00:00-05:00,15.896733564554266,16.30939082843214,15.615374387735736,16.046791076660156,2885300,0.0,0.0
2006-02-23 00:00:00-05:00,16.046789805719268,16.2437396039494,15.774809468552125,16.07492446899414,2371700,0.0,0.0
2006-02-24 00:00:00-05:00,16.07492147648094,16.15932902824523,15.896729346157372,15.943621635437012,2525100,0.0,0.0
2006-02-27 00:00:00-05:00,15.934248173541137,16.131199790106695,15.821705925926624,15.906111717224121,2450600,0.0,0.0
2006-02-28 00:00:00-05:00,15.756051566039948,15.906109063710693,15.568480588364755,15.746674537658691,3537200,0.0,0.0
2006-03-01 00:00:00-05:00,15.793569202843738,16.628264382388686,15.793569202843738,16.56261444091797,5953900,0.0,0.0
2006-03-02 00:00:00-05:00,16.27187728881836,16.571992311997278,16.159333260712945,16.27187728881836,4147100,0.0,0.0
2006-03-03 00:00:00-05:00,16.17808993819922,16.337526258418592,15.97176131919684,15.98114013671875,3895900,0.0,0.0
2006-03-06 00:00:00-05:00,16.03741448930107,16.03741448930107,15.362153802071408,15.390290260314941,4485200,0.0,0.0
2006-03-07 00:00:00-05:00,15.390283360895086,15.390283360895086,14.630617217144762,14.808810234069824,6843100,0.0,0.0
2006-03-08 00:00:00-05:00,14.799434920055823,15.015143248852432,14.349262416431479,14.771299362182617,4669000,0.0,0.0
2006-03-09 00:00:00-05:00,14.83695030853986,15.024523092272187,14.51807764949089,14.54621410369873,2338900,0.0,0.0
2006-03-10 00:00:00-05:00,14.508698050645181,14.92135615950105,14.349261739529384,14.743163108825684,2616500,0.0,0.0
2006-03-13 00:00:00-05:00,14.733785578818127,14.949493021867637,14.630621266196183,14.668135643005371,1455400,0.0,0.0
2006-03-14 00:00:00-05:00,14.583724288471801,14.987003510954093,14.555588736766772,14.893218040466309,2222800,0.0,0.0
2006-03-15 00:00:00-05:00,15.005763379745083,15.16519968720793,14.827570333152417,14.930734634399414,2682200,0.0,0.0
2006-03-16 00:00:00-05:00,14.930735174440517,14.930735174440517,13.824059798943912,13.861574172973633,5530900,0.0,0.0
2006-03-17 00:00:00-05:00,13.880333227962405,14.564970847686457,13.720896898413152,14.030390739440918,3917300,0.0,0.0
2006-03-20 00:00:00-05:00,14.11479702247429,14.311747711882331,14.039768273596296,14.10541820526123,1973300,0.0,0.0
2006-03-21 00:00:00-05:00,14.1241750606856,14.555590790146466,14.002253126880008,14.23671817779541,2993900,0.0,0.0
2006-03-22 00:00:00-05:00,14.039768729117592,14.217961789881002,13.908467967114424,14.04914665222168,1906500,0.0,0.0
2006-03-23 00:00:00-05:00,14.02101063917018,14.292990077456214,14.01163182195712,14.10541820526123,2499100,0.0,0.0
2006-03-24 00:00:00-05:00,14.171067344444403,14.443046767520663,14.058524227421108,14.349261283874512,2049800,0.0,0.0
2006-03-27 00:00:00-05:00,14.283611741169773,14.518076812911207,14.264855000525358,14.2742338180542,1629700,0.0,0.0
2006-03-28 00:00:00-05:00,14.227339758744083,14.358640512915223,14.039767891651895,14.11479663848877,2290600,0.0,0.0
2006-03-29 00:00:00-05:00,14.21796057979504,14.536833192939831,14.021009900759328,14.527454376220703,2140500,0.0,0.0
2006-03-30 00:00:00-05:00,14.602482279429537,14.874461687714419,14.555589987363254,14.705647468566895,2712300,0.0,0.0
2006-03-31 00:00:00-05:00,14.677513979015375,14.81819356681462,14.424292152038046,14.54621410369873,1947500,0.0,0.0
2006-04-03 00:00:00-04:00,14.621239216288323,15.155819191250853,14.461802926490185,14.902597427368164,2493100,0.0,0.0
2006-04-04 00:00:00-04:00,14.902600848762923,14.930736408006444,14.461806246685672,14.68689250946045,1986200,0.0,0.0
2006-04-05 00:00:00-04:00,14.771300520894533,15.258988332490084,14.761921702730005,15.193338394165039,2341100,0.0,0.0
2006-04-06 00:00:00-04:00,15.20270829716879,15.512203785040942,15.118302550906899,15.474688529968262,1702500,0.0,0.0
2006-04-07 00:00:00-04:00,15.577858934456374,15.859216286873403,14.949491616740476,15.015142440795898,2982500,0.0,0.0
2006-04-10 00:00:00-04:00,15.024522066281254,15.024522066281254,14.574348668243651,14.771299362182617,1766000,0.0,0.0
2006-04-11 00:00:00-04:00,14.724406315755381,15.03390103308887,14.452426868509935,14.677513122558594,2031300,0.0,0.0
2006-04-12 00:00:00-04:00,14.705648749885738,14.921356174307501,14.546212438611729,14.630620002746582,1493500,0.0,0.0
2006-04-13 00:00:00-04:00,14.686891717627105,15.399665739065165,14.686891717627105,15.221471786499023,2422900,0.0,0.0
2006-04-17 00:00:00-04:00,15.315255481048991,15.474691770847132,14.705646769053585,14.902597427368164,2114800,0.0,0.0
2006-04-18 00:00:00-04:00,14.9026006064661,15.718538966568556,14.9026006064661,15.521587371826172,3695300,0.0,0.0
2006-04-19 00:00:00-04:00,16.084306707615443,16.234364239754825,15.352776685642663,15.615376472473145,5743900,0.0,0.0
2006-04-20 00:00:00-04:00,15.70915998371781,16.346905272254126,15.427802609987816,16.290634155273438,3996000,0.0,0.0
2006-04-21 00:00:00-04:00,16.496961098396202,16.496961098396202,15.57785852963697,15.765429496765137,3309100,0.0,0.0
2006-04-24 00:00:00-04:00,15.681020478193046,15.774806847454522,15.390284343426057,15.64350700378418,2073800,0.0,0.0
2006-04-25 00:00:00-04:00,15.68102193546823,15.93424461935895,15.596614374171326,15.765429496765137,1842400,0.0,0.0
2006-04-26 00:00:00-04:00,15.774807039949174,15.990514439704429,15.61537074690698,15.84045696258545,2964200,0.0,0.0
2006-04-27 00:00:00-04:00,15.756047719589905,16.412550453250333,15.568476787705524,16.131193161010742,3898500,0.0,0.0
2006-04-28 00:00:00-04:00,16.084303068583896,16.17808945215881,15.774809254965223,15.812324523925781,2310700,0.0,0.0
2006-05-01 00:00:00-04:00,15.756055185250457,15.87797804813051,15.521590067679307,15.615376472473145,1748500,0.0,0.0
2006-05-02 00:00:00-04:00,15.727918154761076,15.981140873040081,15.662268217909471,15.849839210510254,1170900,0.0,0.0
2006-05-03 00:00:00-04:00,15.756054896142762,16.234363941870644,15.756054896142762,16.224985122680664,1613800,0.0,0.0
2006-05-04 00:00:00-04:00,16.290630730567308,16.693909071113826,16.224979020927186,16.459444046020508,2296400,0.0,0.0
2006-05-05 00:00:00-04:00,16.534475457474905,16.881484537836297,16.290633366095673,16.48758316040039,1009500,0.0,0.0
2006-05-08 00:00:00-04:00,16.365662114710776,16.618883023270204,16.309389211629597,16.48758316040039,926800,0.0,0.0
2006-05-09 00:00:00-04:00,16.487581133900104,16.515717581982422,16.234358467637982,16.30938720703125,1217400,0.0,0.0
2006-05-10 00:00:00-04:00,16.224987068354753,16.309394662359747,15.69040683220785,15.756056785583496,1356500,0.0,0.0
2006-05-11 00:00:00-04:00,15.53096511194845,15.540343929030824,14.893220755371816,15.052656173706055,3417500,0.0,0.0
2006-05-12 00:00:00-04:00,15.00576235028973,15.16519864681461,14.874461607735967,15.090169906616211,1702800,0.0,0.0
2006-05-15 00:00:00-04:00,15.090172149394402,15.183958535787976,14.377398117160382,14.677513122558594,2007700,0.0,0.0
2006-05-16 00:00:00-04:00,14.724406169451767,15.12768548034526,14.518076658083979,14.771299362182617,2138900,0.0,0.0
2006-05-17 00:00:00-04:00,14.649377291010866,14.836949165884176,14.199204791314925,14.414912223815918,1898900,0.0,0.0
2006-05-18 00:00:00-04:00,14.47118110844047,14.630617391255914,14.377394744050306,14.443044662475586,1717400,0.0,0.0
2006-05-19 00:00:00-04:00,14.25547326200669,14.59310346855739,14.067901421930237,14.321124076843262,2735500,0.0,0.0
2006-05-22 00:00:00-04:00,14.321126400548625,14.433669522855425,13.94598176511273,14.086661338806152,2429000,0.0,0.0
2006-05-23 00:00:00-04:00,14.208580527365232,14.621239482986239,13.899086757856033,13.927223205566406,2346700,0.0,0.0
2006-05-24 00:00:00-04:00,13.9084673565821,14.124175677946102,13.242586547105237,13.458294868469238,6081200,0.0,0.0
2006-05-25 00:00:00-04:00,13.786542240024826,13.908464151059011,13.317612225776273,13.598970413208008,3422200,0.0,0.0
2006-05-26 00:00:00-04:00,13.598974389741278,13.936603776739176,13.458295702095475,13.73027515411377,1684300,0.0,0.0
2006-05-30 00:00:00-04:00,14.208583810718325,14.29299138452832,13.852197668163512,14.030390739440918,2465900,0.0,0.0
2006-05-31 00:00:00-04:00,14.124174781070943,14.7056479885002,14.058523959913344,14.602482795715332,3743000,0.0,0.0
2006-06-01 00:00:00-04:00,14.583724724206233,14.836946485943411,14.414909620106053,14.724403381347656,1971400,0.0,0.0
2006-06-02 00:00:00-04:00,14.818191516380908,15.0245210132881,14.499318901455215,14.930734634399414,3008900,0.0,0.0
2006-06-05 00:00:00-04:00,14.818193294944507,14.818193294944507,14.02101166194801,14.058526039123535,1955400,0.0,0.0
2006-06-06 00:00:00-04:00,14.22734000182649,14.443047429064693,13.8803318181738,14.199204444885254,3092600,0.0,0.0
2006-06-07 00:00:00-04:00,14.302368607781542,14.36801853812962,13.833438489493624,13.842817306518555,1662600,0.0,0.0
2006-06-08 00:00:00-04:00,13.683379239245603,13.777164714223098,13.139420443371584,13.411399841308594,3859200,0.0,0.0
2006-06-09 00:00:00-04:00,13.580217389635031,13.833440112538884,13.355131121107155,13.467674255371094,2039700,0.0,0.0
2006-06-12 00:00:00-04:00,13.561458378850864,13.561458378850864,13.017499540377424,13.026878356933594,1836900,0.0,0.0
2006-06-13 00:00:00-04:00,12.998744271615609,13.298860195109132,12.90495877223472,12.970608711242676,2812300,0.0,0.0
2006-06-14 00:00:00-04:00,12.979986714505534,13.364509294974102,12.895579144273256,13.214451789855957,1714400,0.0,0.0
2006-06-15 00:00:00-04:00,13.214450161856481,13.711515809925952,13.214450161856481,13.702136993408203,1862800,0.0,0.0
2006-06-16 00:00:00-04:00,13.702139342024294,13.767790174488251,13.373888757357808,13.467674255371094,1375900,0.0,0.0
2006-06-19 00:00:00-04:00,13.523943901062012,13.720894575132359,13.3645075985092,13.523943901062012,1860800,0.0,0.0
2006-06-20 00:00:00-04:00,13.523942948480371,13.58021405458654,13.17693481278199,13.298856735229492,1308800,0.0,0.0
2006-06-21 00:00:00-04:00,13.298860078458087,13.936604509659501,13.223831321846156,13.645868301391602,1621500,0.0,0.0
2006-06-22 00:00:00-04:00,13.636487820096878,13.636487820096878,13.214450892023331,13.28010082244873,1351700,0.0,0.0
2006-06-23 00:00:00-04:00,13.28947740375223,13.28947740375223,12.886197283182556,13.017498016357422,2052600,0.0,0.0
2006-06-26 00:00:00-04:00,13.026877215107248,13.261342241981232,12.998740767904941,13.120662689208984,1299100,0.0,0.0
2006-06-27 00:00:00-04:00,13.130045153616967,13.139423971957326,12.708008166847662,12.811172485351562,1750600,0.0,0.0
2006-06-28 00:00:00-04:00,12.839305581167414,12.858063214247183,12.482919496783548,12.576704978942871,2346100,0.0,0.0
2006-06-29 00:00:00-04:00,12.623599692643298,13.27072290706862,12.576706498690557,13.214451789855957,2484800,0.0,0.0
2006-06-30 00:00:00-04:00,13.223829351161717,13.326993652525704,12.904956735874414,13.064393043518066,1697100,0.0,0.0
2006-07-03 00:00:00-04:00,13.064394614433931,13.43953838669651,13.036258160704259,13.430159568786621,863400,0.0,0.0
2006-07-05 00:00:00-04:00,13.251964143564496,13.261342959806266,12.76427643195021,12.923712730407715,1871100,0.0,0.0
2006-07-06 00:00:00-04:00,12.93309486485996,13.223831982056472,12.914338121977197,13.092531204223633,2117800,0.0,0.0
2006-07-07 00:00:00-04:00,12.961229088235722,13.176937422804077,12.745521648080652,12.876821517944336,1625600,0.0,0.0
2006-07-10 00:00:00-04:00,12.914334572252063,13.13004197538654,12.304724943889811,12.389132499694824,2229600,0.0,0.0
2006-07-11 00:00:00-04:00,12.220318160975918,12.858063383470554,12.023367483112173,12.820549011230469,2704600,0.0,0.0
2006-07-12 00:00:00-04:00,12.726763637561858,12.876821138361695,12.135911557352555,12.14529037475586,2381700,0.0,0.0
2006-07-13 00:00:00-04:00,11.817038348420462,12.314103981718691,11.704494342378274,11.798280715942383,3156000,0.0,0.0
2006-07-14 00:00:00-04:00,11.910823827571427,11.95771701435348,11.666979971835259,11.798280715942383,2078300,0.0,0.0
2006-07-17 00:00:00-04:00,11.798281355609156,12.013989668736393,11.732631427202827,11.760766983032227,2221600,0.0,0.0
2006-07-18 00:00:00-04:00,11.76076590025783,11.87330900762715,11.42313657814987,11.742009162902832,2559900,0.0,0.0
2006-07-19 00:00:00-04:00,11.742007978631005,12.182801547766807,11.535678522057275,11.995229721069336,4384500,0.0,0.0
2006-07-20 00:00:00-04:00,11.488787233970939,11.54505923845463,10.785392097197208,11.16053581237793,8966000,0.0,0.0
2006-07-21 00:00:00-04:00,11.057375215301946,11.554441027891755,11.057375215301946,11.498169898986816,7455900,0.0,0.0
2006-07-24 00:00:00-04:00,11.535680658588998,12.051503948352813,11.516923025238626,12.032746315002441,3633900,0.0,0.0
2006-07-25 00:00:00-04:00,12.032741917982127,12.032741917982127,11.591947533869089,11.751383781433105,3155200,0.0,0.0
2006-07-26 00:00:00-04:00,11.629465845055893,12.107774750314956,11.516922731067849,11.882688522338867,2647500,0.0,0.0
2006-07-27 00:00:00-04:00,12.173426680992986,12.30472744947204,11.91082603844819,11.94834041595459,3344000,0.0,0.0
2006-07-28 00:00:00-04:00,12.089015363974234,12.417265817605347,12.004607823367872,12.351615905761719,2420800,0.0,0.0
2006-07-31 00:00:00-04:00,12.192181772352141,12.454782360090205,11.976474370313442,12.323482513427734,2952800,0.0,0.0
2006-08-01 00:00:00-04:00,12.210940776058486,12.210940776058486,11.910824890518256,11.976475715637207,1864800,0.0,0.0
2006-08-02 00:00:00-04:00,12.042127575628715,12.304728234936455,12.042127575628715,12.154670715332031,1478300,0.0,0.0
2006-08-03 00:00:00-04:00,12.042127210789474,12.501678574258374,12.013991650319408,12.342242240905762,2022300,0.0,0.0
2006-08-04 00:00:00-04:00,12.48291894266087,12.773655087185977,12.098395531313354,12.229696273803711,2333300,0.0,0.0
2006-08-07 00:00:00-04:00,12.22031752911409,12.43602582915109,12.032745677612224,12.070260047912598,2124900,0.0,0.0
2006-08-08 00:00:00-04:00,12.089022419889037,12.370379860244208,11.892071674992325,12.00461483001709,1652800,0.0,0.0
2006-08-09 00:00:00-04:00,12.229697908068795,12.398513043199147,11.957718465032816,11.967097282409668,1888500,0.0,0.0
2006-08-10 00:00:00-04:00,11.788902006564319,12.182803348043079,11.742009713770353,12.089017868041992,1725200,0.0,0.0
2006-08-11 00:00:00-04:00,12.06088196364766,12.12653278646718,11.723252610455297,11.760766983032227,2206900,0.0,0.0
2006-08-14 00:00:00-04:00,11.929581004695793,12.192181588473396,11.845173450592572,12.079638481140137,1936300,0.0,0.0
2006-08-15 00:00:00-04:00,12.248454215077388,12.482919257602955,12.248454215077388,12.379754066467285,2295700,0.0,0.0
2006-08-16 00:00:00-04:00,12.407891714977826,12.698628810313469,12.154669891413638,12.689249992370605,4210300,0.0,0.0
2006-08-17 00:00:00-04:00,12.708006912019437,13.083150664457435,12.679871354189903,12.773656845092773,2423600,0.0,0.0
2006-08-18 00:00:00-04:00,12.848685687643691,12.970607631662949,12.576706241574044,12.951850891113281,2482700,0.0,0.0
2006-08-21 00:00:00-04:00,12.933091878905156,12.942470695387872,12.661112461798602,12.736141204833984,1686300,0.0,0.0
2006-08-22 00:00:00-04:00,12.736139684580792,13.017497884585653,12.717382948267433,12.839303970336914,2037700,0.0,0.0
2006-08-23 00:00:00-04:00,12.848684000597187,13.083149040368717,12.67049096391261,12.698626518249512,1776300,0.0,0.0
2006-08-24 00:00:00-04:00,12.52043310419592,12.811169243878394,12.52043310419592,12.70800495147705,3742600,0.0,0.0
2006-08-25 00:00:00-04:00,12.67987023154551,12.876820013328068,12.614219409871477,12.642354965209961,2196400,0.0,0.0
2006-08-28 00:00:00-04:00,12.623599344117574,12.801792402922308,12.604841709289046,12.773656845092773,1984500,0.0,0.0
2006-08-29 00:00:00-04:00,12.773656177185364,13.055014424008863,12.754899437750844,13.036256790161133,2599900,0.0,0.0
2006-08-30 00:00:00-04:00,13.064391832923535,13.364506786836797,12.895576724140769,13.31761360168457,2375300,0.0,0.0
2006-08-31 00:00:00-04:00,13.326993063289692,13.326993063289692,13.03625601679019,13.167556762695312,2602400,0.0,0.0
2006-09-01 00:00:00-04:00,13.270721406854703,13.280100223467661,12.820548942390868,12.86744213104248,2649300,0.0,0.0
2006-09-05 00:00:00-04:00,12.914337974138348,12.97060909655584,12.670494058560246,12.961230278015137,3221500,0.0,0.0
2006-09-06 00:00:00-04:00,12.867444723964548,12.867444723964548,12.48292210947981,12.492300033569336,2731300,0.0,0.0
2006-09-07 00:00:00-04:00,12.520432287859547,13.00811905899315,12.473539105493437,12.614217758178711,3622400,0.0,0.0
2006-09-08 00:00:00-04:00,12.708005334499529,12.77365525942335,12.314103996130306,12.698626518249512,3843600,0.0,0.0
2006-09-11 00:00:00-04:00,12.520432350180242,12.914333652955332,12.520432350180242,12.5673246383667,2610900,0.0,0.0
2006-09-12 00:00:00-04:00,12.567327347354594,13.589595191847334,12.557949424343654,13.402023315429688,4166100,0.0,0.0
2006-09-13 00:00:00-04:00,13.402022600473003,13.514565720319762,12.970606860520492,13.036256790161133,3416400,0.0,0.0
2006-09-14 00:00:00-04:00,13.036256269794624,13.298857766701374,12.858063227420134,13.139421463012695,3594300,0.0,0.0
2006-09-15 00:00:00-04:00,13.355131285408993,13.355131285408993,12.970608681673275,13.083151817321777,2442200,0.0,0.0
2006-09-18 00:00:00-04:00,12.989364494368225,13.251965107343993,12.933092487238241,13.036256790161133,2448100,0.0,0.0
2006-09-19 00:00:00-04:00,12.979985316854128,13.008120872430895,12.60484070004009,12.820549011230469,2357000,0.0,0.0
2006-09-20 00:00:00-04:00,12.942468582654941,13.036254048933014,12.801789041618298,12.989361763000488,2185200,0.0,0.0
2006-09-21 00:00:00-04:00,13.083151877495832,13.167559453223761,12.717386908559249,12.858065605163574,3251800,0.0,0.0
2006-09-22 00:00:00-04:00,13.308234862776672,13.308234862776672,12.5767042111737,12.70800495147705,2063500,0.0,0.0
2006-09-25 00:00:00-04:00,12.792415983893878,13.205074160090872,12.614222009726063,13.073773384094238,2468300,0.0,0.0
2006-09-26 00:00:00-04:00,13.083151817321777,13.167559392661488,12.82992998571598,13.083151817321777,1808300,0.0,0.0
2006-09-27 00:00:00-04:00,13.01749961919709,13.345750150932009,12.81117012577791,12.86744213104248,1960800,0.0,0.0
2006-09-28 00:00:00-04:00,12.811170962000531,12.933092902687651,12.576705897851435,12.80179214477539,3197400,0.0,0.0
2006-09-29 00:00:00-04:00,12.848686801433669,12.848686801433669,12.332863422611293,12.342242240905762,4546600,0.0,0.0
2006-10-02 00:00:00-04:00,12.285968338312918,12.586083300480503,12.145288778987007,12.2953462600708,3687700,0.0,0.0
2006-10-03 00:00:00-04:00,12.295346693901623,12.586083744569734,12.173424762615845,12.39851188659668,3314500,0.0,0.0
2006-10-04 00:00:00-04:00,12.30472400674066,12.689246492199265,12.276588455086218,12.614217758178711,3420500,0.0,0.0
2006-10-05 00:00:00-04:00,12.642352485468704,12.698624479521346,12.539188206520697,12.6798677444458,1518100,0.0,0.0
2006-10-06 00:00:00-04:00,12.539190851187985,12.745520347014395,12.379754544560287,12.661112785339355,2561800,0.0,0.0
2006-10-09 00:00:00-04:00,12.661114077789264,13.120665411138724,12.595464142857422,12.876821517944336,2782100,0.0,0.0
2006-10-10 00:00:00-04:00,12.81117194238792,12.904958332989949,12.651735615012456,12.689249992370605,2225500,0.0,0.0
2006-10-11 00:00:00-04:00,12.661112647586355,12.923713252063568,12.511055159313663,12.754899024963379,2989700,0.0,0.0
2006-10-12 00:00:00-04:00,12.754896755685772,13.026876128394322,12.58608166420701,12.989361763000488,3699600,0.0,0.0
2006-10-13 00:00:00-04:00,13.045634450086858,13.36450704191227,12.933091340221383,13.289478302001953,3326000,0.0,0.0
2006-10-16 00:00:00-04:00,13.364507666127977,13.561458341194811,13.195692546238355,13.47705078125,2416000,0.0,0.0
2006-10-17 00:00:00-04:00,13.477051143387213,13.477051143387213,12.914335552656558,13.064393043518066,3784800,0.0,0.0
2006-10-18 00:00:00-04:00,13.13004238143173,13.14880001415209,12.304725324412157,12.379754066467285,7451800,0.0,0.0
2006-10-19 00:00:00-04:00,12.379754677771936,13.58959432116847,12.15466844049193,13.130043029785156,13924300,0.0,0.0
2006-10-20 00:00:00-04:00,13.130041628628787,13.383264289356346,12.848683414846978,13.18631362915039,6626100,0.0,0.0
2006-10-23 00:00:00-04:00,13.064391583630561,13.392642084606281,13.064391583630561,13.120662689208984,4491800,0.0,0.0
2006-10-24 00:00:00-04:00,13.120665523257705,13.392644977402252,12.904958081259366,12.942472457885742,3271400,0.0,0.0
2006-10-25 00:00:00-04:00,13.036255883861005,13.355128481798255,13.017499145730481,13.261343002319336,3120600,0.0,0.0
2006-10-26 00:00:00-04:00,13.317618106894715,13.383268946082065,13.064396252471388,13.34575366973877,2842500,0.0,0.0
2006-10-27 00:00:00-04:00,13.355130970066218,13.467674103057341,12.88620080206322,13.045637130737305,3266900,0.0,0.0
2006-10-30 00:00:00-05:00,13.073773182334659,13.176938395601843,12.979987681852993,13.101909637451172,2614000,0.0,0.0
2006-10-31 00:00:00-05:00,13.10190860981937,13.205072920581642,13.036257780776761,13.148801803588867,3008900,0.0,0.0
2006-11-01 00:00:00-05:00,13.16755547817037,13.223827476472577,12.754897436802104,12.792411804199219,3423900,0.0,0.0
2006-11-02 00:00:00-05:00,12.736141024282633,12.820548582604143,12.586083540339127,12.604840278625488,3771500,0.0,0.0
2006-11-03 00:00:00-05:00,12.726762072586414,12.811169630010268,12.604840144575642,12.698626518249512,3464600,0.0,0.0
2006-11-06 00:00:00-05:00,12.708006655763695,12.895578528200325,12.511055966101924,12.80179214477539,3648100,0.0,0.0
2006-11-07 00:00:00-05:00,12.942470796754408,13.233206954690296,12.858063236575225,13.026878356933594,2944500,0.0,0.0
2006-11-08 00:00:00-05:00,13.036259037514034,13.036259037514034,12.754901636599847,12.961230278015137,3655200,0.0,0.0
2006-11-09 00:00:00-05:00,13.017497025522646,13.073768125162285,12.670488929701527,12.6798677444458,3160300,0.0,0.0
2006-11-10 00:00:00-05:00,12.792415256859176,13.017501521992422,12.670493306308673,12.979987144470215,1993300,0.0,0.0
2006-11-13 00:00:00-05:00,12.989363975873509,13.251964578367085,12.848684410870641,13.139421463012695,3098400,0.0,0.0
2006-11-14 00:00:00-05:00,13.16755476432282,13.608349228152104,12.979982937506003,13.598970413208008,4281000,0.0,0.0
2006-11-15 00:00:00-05:00,13.55207920715076,13.824058619260024,13.298857427662275,13.439536094665527,5460000,0.0,0.0
2006-11-16 00:00:00-05:00,13.439537690713218,13.49580970084514,13.148801505869182,13.402023315429688,4168900,0.0,0.0
2006-11-17 00:00:00-05:00,13.411400290671475,13.411400290671475,13.14879969975744,13.355128288269043,2429400,0.0,0.0
2006-11-20 00:00:00-05:00,13.805301670953131,13.805301670953131,13.326992779360289,13.692758560180664,3833400,0.0,0.0
2006-11-21 00:00:00-05:00,14.067902778824468,14.067902778824468,13.552079498051603,13.814680099487305,4451200,0.0,0.0
2006-11-22 00:00:00-05:00,13.814679396724294,13.927223400313283,13.70213628754843,13.899086952209473,2078600,0.0,0.0
2006-11-24 00:00:00-05:00,13.720895493965488,13.917846181224828,13.683381119935767,13.861574172973633,555300,0.0,0.0
2006-11-27 00:00:00-05:00,13.739652226333163,13.833438608563291,13.44891605136358,13.458294868469238,4352700,0.0,0.0
2006-11-28 00:00:00-05:00,13.4676727753338,13.645866722478974,13.420780478687075,13.57083797454834,4121100,0.0,0.0
2006-11-29 00:00:00-05:00,13.711517385907856,13.899089265756219,13.608353075594575,13.777167320251465,3598300,0.0,0.0
2006-11-30 00:00:00-05:00,13.81468096600578,14.067903661226199,13.664623470058816,13.974117279052734,2930400,0.0,0.0
2006-12-01 00:00:00-05:00,13.974118671728792,14.086662699318504,13.570839334783374,13.739653587341309,4323700,0.0,0.0
2006-12-04 00:00:00-05:00,13.655248640271633,14.086664486041006,13.53332667359622,14.011634826660156,2354200,0.0,0.0
2006-12-05 00:00:00-05:00,14.105417821530857,14.236718575701996,13.98349588431763,14.11479663848877,2927900,0.0,0.0
2006-12-06 00:00:00-05:00,14.067902310499738,14.227338608238453,13.899087196561537,14.096037864685059,2761400,0.0,0.0
2006-12-07 00:00:00-05:00,14.067902310499738,14.246095346224287,13.936601566946344,14.096037864685059,2708700,0.0,0.0
2006-12-08 00:00:00-05:00,14.021011094082882,14.208582972363647,13.880332408975626,14.04914665222168,1926800,0.0,0.0
2006-12-11 00:00:00-05:00,14.002254370610668,14.405533685804912,13.983496735552984,14.2742338180542,3680900,0.0,0.0
2006-12-12 00:00:00-05:00,14.208583810718325,14.358642216610159,13.974118725429816,14.030390739440918,3517600,0.0,0.0
2006-12-13 00:00:00-05:00,14.114795115894736,14.171066222745699,13.880330083718455,13.992873191833496,2489700,0.0,0.0
2006-12-14 00:00:00-05:00,13.983495493488446,14.330503661513658,13.927224382140135,14.23671817779541,2609100,0.0,0.0
2006-12-15 00:00:00-05:00,14.23671901785945,14.349262141610076,14.06790388502689,14.17106819152832,2505400,0.0,0.0
2006-12-18 00:00:00-05:00,14.152311362866199,14.62124148943214,14.152311362866199,14.330504417419434,2488200,0.0,0.0
2006-12-19 00:00:00-05:00,14.339884162630193,14.368019721609265,14.011632695025613,14.152312278747559,2333400,0.0,0.0
2006-12-20 00:00:00-05:00,14.161686966933134,14.433666342855865,14.152308151870585,14.227336883544922,1457500,0.0,0.0
2006-12-21 00:00:00-05:00,14.25547531520461,14.330504062041484,14.039767891651895,14.11479663848877,1408700,0.0,0.0
2006-12-22 00:00:00-05:00,14.07728328999183,14.246097535459013,13.927225785392876,14.067904472351074,1036300,0.0,0.0
2006-12-26 00:00:00-05:00,14.021008238307854,14.321124076843262,14.021008238307854,14.321124076843262,1171000,0.0,0.0
2006-12-27 00:00:00-05:00,14.302369576244002,14.443048263490926,14.208583188470532,14.246097564697266,1547600,0.0,0.0
2006-12-28 00:00:00-05:00,14.236718945743707,14.339883251722561,14.152311379754993,14.217961311340332,1083600,0.0,0.0
2006-12-29 00:00:00-05:00,14.171069432848697,14.2273414468598,14.002255179642027,14.030390739440918,1808400,0.0,0.0
2007-01-03 00:00:00-05:00,13.974118985023406,14.358642483346944,13.842819107247243,14.0022554397583,4658100,0.0,0.0
2007-01-04 00:00:00-05:00,14.011630409891813,14.518074860986381,13.92722374672034,14.49931812286377,3769100,0.0,0.0
2007-01-05 00:00:00-05:00,14.424293292138405,14.443050035346182,14.189828188354126,14.339885711669922,2501600,0.0,0.0
2007-01-08 00:00:00-05:00,14.39615515521937,14.62124139993407,14.180446833224527,14.489940643310547,2672000,0.0,0.0
2007-01-09 00:00:00-05:00,14.499317548975553,14.790054580880305,14.452424363905353,14.715024948120117,2114200,0.0,0.0
2007-01-10 00:00:00-05:00,14.949491156102926,15.277743477439202,14.611861806957913,15.18395709991455,4089500,0.0,0.0
2007-01-11 00:00:00-05:00,15.183957824032847,15.334015319697938,15.005763877120634,15.052656173706055,3736900,0.0,0.0
2007-01-12 00:00:00-05:00,15.052654579790634,15.165198584035467,14.883840362249643,15.024519920349121,3502100,0.0,0.0
2007-01-16 00:00:00-05:00,15.033900717423,15.108929467197179,14.8181923910123,14.977628707885742,2806600,0.0,0.0
2007-01-17 00:00:00-05:00,14.977627439336715,15.118307004058204,14.883841062855723,14.940113067626953,1964600,0.0,0.0
2007-01-18 00:00:00-05:00,14.949493034673901,14.949493034673901,13.974118342386168,14.039769172668457,7412300,0.0,0.0
2007-01-19 00:00:00-05:00,14.067904304486023,14.311748193756298,13.945982359850886,14.2742338180542,4021500,0.0,0.0
2007-01-22 00:00:00-05:00,14.38677387100963,14.424288238695699,14.011629299735878,14.255473136901855,3587400,0.0,0.0
2007-01-23 00:00:00-05:00,14.16169012569263,14.480561859226263,14.16169012569263,14.264854431152344,2875100,0.0,0.0
2007-01-24 00:00:00-05:00,14.236719129638036,14.677512810852205,14.142932745236202,14.639998435974121,3547600,0.0,0.0
2007-01-25 00:00:00-05:00,15.005761984538408,15.437176782957298,14.349260076597474,14.377395629882812,8091100,0.0,0.0
2007-01-26 00:00:00-05:00,14.264854174291342,14.443047224951883,13.88033162201343,14.292989730834961,6752000,0.0,0.0
2007-01-29 00:00:00-05:00,14.302368007978284,14.508697501807761,13.927224286845766,13.9459810256958,5390700,0.0,0.0
2007-01-30 00:00:00-05:00,13.992878082625017,14.11480004930043,13.889713754398173,14.011634826660156,2830700,0.0,0.0
2007-01-31 00:00:00-05:00,13.945981722165985,14.021010470139467,13.730274295345533,13.974117279052734,2854800,0.0,0.0
2007-02-01 00:00:00-05:00,14.11479733399879,14.349262403020655,14.039768583464856,14.142932891845703,3770800,0.0,0.0
2007-02-02 00:00:00-05:00,14.2367188741021,14.414911927971284,14.096039300024419,14.264854431152344,3590000,0.0,0.0
2007-02-05 00:00:00-05:00,14.180446865588381,14.339883179561815,14.067903742974176,14.264854431152344,2719500,0.0,0.0
2007-02-06 00:00:00-05:00,14.311747711882331,14.311747711882331,13.992875081944241,14.10541820526123,3215800,0.0,0.0
2007-02-07 00:00:00-05:00,14.171067470187932,14.518075641025481,14.161689547829337,14.36801815032959,2465600,0.0,0.0
2007-02-08 00:00:00-05:00,14.377395500184273,14.58372497604605,14.246094762015305,14.471181869506836,3708700,0.0,0.0
2007-02-09 00:00:00-05:00,14.489942194072873,14.677514084743029,14.368020241533937,14.386777877807617,3325300,0.0,0.0
2007-02-12 00:00:00-05:00,14.443047800473845,14.452426617833181,14.105418425257026,14.302369117736816,2273900,0.0,0.0
2007-02-13 00:00:00-05:00,14.27423372465134,14.508698794858562,14.255476089716398,14.433670043945312,1967100,0.0,0.0
2007-02-14 00:00:00-05:00,14.583729097419678,14.715028978280994,14.452428322145005,14.621243476867676,3249000,0.0,0.0
2007-02-15 00:00:00-05:00,14.60248481277932,14.818193150242124,14.564970435970132,14.668135643005371,3478800,0.0,0.0
2007-02-16 00:00:00-05:00,14.677510321856435,14.98700408572033,14.546210479255446,14.902597427368164,3863000,0.0,0.0
2007-02-20 00:00:00-05:00,14.658755694791806,15.099550259117928,14.658755694791806,15.052656173706055,3215000,0.0,0.0
2007-02-21 00:00:00-05:00,15.005765713583356,15.099552107058587,14.893222578061081,15.033902168273926,1311100,0.0,0.0
2007-02-22 00:00:00-05:00,15.155821513740891,15.380907759331919,15.108929216719353,15.34339427947998,2219400,0.0,0.0
2007-02-23 00:00:00-05:00,15.380909855628465,15.793568923200754,15.380909855628465,15.605996131896973,3999900,0.0,0.0
2007-02-26 00:00:00-05:00,15.718537988376625,15.718537988376625,15.343394246530522,15.568480491638184,1847100,0.0,0.0
2007-02-27 00:00:00-05:00,15.287119491142388,15.634128528316058,14.94949016439478,14.958868980407715,4289800,0.0,0.0
2007-02-28 00:00:00-05:00,14.930731910895332,15.15581810587453,14.69626690085541,15.108925819396973,4218600,0.0,0.0
2007-03-01 00:00:00-05:00,14.771298567248811,15.212092229722533,14.677512186834328,15.015142440795898,3614300,0.0,0.0
2007-03-02 00:00:00-05:00,14.911976331920195,14.977627151962524,14.489939434679654,14.518074989318848,4075900,0.0,0.0
2007-03-05 00:00:00-05:00,14.386775703086562,14.808812616902177,14.358640147342372,14.527454376220703,3101000,0.0,0.0
2007-03-06 00:00:00-05:00,14.677511716595342,14.818191282709966,14.621240605680038,14.733783721923828,3040000,0.0,0.0
2007-03-07 00:00:00-05:00,14.677512814375778,15.174579399646273,14.6024840646016,14.977628707885742,3337500,0.0,0.0
2007-03-08 00:00:00-05:00,15.146442063407196,15.493451128870612,15.146442063407196,15.44655704498291,3223200,0.0,0.0
2007-03-09 00:00:00-05:00,15.568482646932244,15.662269042584134,15.418425129419905,15.605996131896973,2512000,0.0,0.0
2007-03-12 00:00:00-04:00,15.540351514838935,15.877981939308246,15.540351514838935,15.793574333190918,2247200,0.0,0.0
2007-03-13 00:00:00-04:00,15.624749445643886,15.70915699949353,15.174577017663259,15.212090492248535,2786000,0.0,0.0
2007-03-14 00:00:00-04:00,15.249609243275744,15.43718023675242,15.01514415980993,15.28712272644043,3768900,0.0,0.0
2007-03-15 00:00:00-04:00,15.287120579024792,15.79356594680623,15.268364734490438,15.765429496765137,3995700,0.0,0.0
2007-03-16 00:00:00-04:00,15.774808452709516,15.793566086235842,15.502829921883347,15.671643257141113,2335900,0.0,0.0
2007-03-19 00:00:00-04:00,15.746676463294254,15.896733979315288,15.605995976801175,15.699782371520996,2882300,0.0,0.0
2007-03-20 00:00:00-04:00,15.699780266238337,15.840458945040229,15.549722770339459,15.727916717529297,2270000,0.0,0.0
2007-03-21 00:00:00-04:00,15.709162132964527,16.22498465165055,15.521589332264082,16.103063583374023,3643200,0.0,0.0
2007-03-22 00:00:00-04:00,16.11244074674329,16.11244074674329,15.774810455704618,15.849839210510254,3064200,0.0,0.0
2007-03-23 00:00:00-04:00,15.887354132589651,16.084303938808905,15.821704197183234,15.971761703491211,1626500,0.0,0.0
2007-03-26 00:00:00-04:00,16.009271555958975,16.140571397002905,15.699777795765305,15.943621635437012,2570100,0.0,0.0
2007-03-27 00:00:00-04:00,15.943626282261851,15.990518585208415,15.681024734811693,15.699782371520996,3077400,0.0,0.0
2007-03-28 00:00:00-04:00,15.699774693926884,15.699774693926884,15.42779624995323,15.474688529968262,3605300,0.0,0.0
2007-03-29 00:00:00-04:00,15.540343741924643,15.624751305823294,15.287121050228693,15.41842269897461,2844000,0.0,0.0
2007-03-30 00:00:00-04:00,15.427798530013458,15.615369466620338,15.35276979760549,15.512206077575684,2445600,0.0,0.0
2007-04-02 00:00:00-04:00,15.605993971409562,15.709159171227164,15.352773063679983,15.568480491638184,2261400,0.0,0.0
2007-04-03 00:00:00-04:00,15.681027771988594,15.887358238100616,15.549727867246066,15.71854305267334,2525300,0.0,0.0
2007-04-04 00:00:00-04:00,15.718535739916955,16.103058243908453,15.67164166087762,16.093679428100586,3641400,0.0,0.0
2007-04-05 00:00:00-04:00,16.421929782937635,16.421929782937635,15.99051322731071,16.02802848815918,2987900,0.0,0.0
2007-04-09 00:00:00-04:00,16.03741163889763,16.13119802754676,15.840460043851797,15.971761703491211,5355000,0.0,0.0
2007-04-10 00:00:00-04:00,15.934245295530788,15.999895226252828,15.877974181887103,15.9530029296875,4051700,0.0,0.0
2007-04-11 00:00:00-04:00,15.93424030188962,15.971755558446114,15.68101768661095,15.70915412902832,3629600,0.0,0.0
2007-04-12 00:00:00-04:00,15.727918005804034,15.756052670573052,15.577860497613935,15.652889251708984,5028800,0.0,0.0
2007-04-13 00:00:00-04:00,15.662266326012181,15.662266326012181,15.287120808472459,15.334014892578125,7693800,0.0,0.0
2007-04-16 00:00:00-04:00,15.474695389966193,15.549724144546298,15.36215136368273,15.493453025817871,5284000,0.0,0.0
2007-04-17 00:00:00-04:00,15.38090718785739,15.418422455141922,15.287120808472459,15.334014892578125,7209800,0.0,0.0
2007-04-18 00:00:00-04:00,15.334010507592822,15.877969205880769,15.212087712610105,15.70915412902832,6535000,0.0,0.0
2007-04-19 00:00:00-04:00,16.32815464604911,16.365669932691176,15.690409083752556,15.793574333190918,7677100,0.0,0.0
2007-04-20 00:00:00-04:00,15.943626440713093,16.065547502881852,15.390288674076325,15.605996131896973,8235500,0.0,0.0
2007-04-23 00:00:00-04:00,15.65288988548343,15.84046088390237,15.577861128350522,15.681024551391602,4653700,0.0,0.0
2007-04-24 00:00:00-04:00,15.75605479587111,15.934248781693004,15.53096850322459,15.624754905700684,5513300,0.0,0.0
2007-04-25 00:00:00-04:00,15.681027701882797,16.01865807122789,15.60599892967578,16.009279251098633,3986500,0.0,0.0
2007-04-26 00:00:00-04:00,15.943628135095281,16.41255837436279,15.859220548920977,16.393800735473633,6074900,0.0,0.0
2007-04-27 00:00:00-04:00,16.393796667509008,16.553232980850435,16.300010285162326,16.35628318786621,4184600,0.0,0.0
2007-04-30 00:00:00-04:00,16.28125405784433,16.628261338912907,16.28125405784433,16.36566162109375,4623900,0.0,0.0
2007-05-01 00:00:00-04:00,16.365661632125608,16.412553927817378,16.02803137890034,16.318767547607422,3423000,0.0,0.0
2007-05-02 00:00:00-04:00,16.281251279242888,16.515716295182095,16.281251279242888,16.43130874633789,2067000,0.0,0.0
2007-05-03 00:00:00-04:00,16.412552394506836,16.431310026561714,16.234358467637982,16.30938720703125,3743600,0.0,0.0
2007-05-04 00:00:00-04:00,16.30938720703125,16.412552394506836,16.178087360299596,16.30938720703125,2866600,0.0,0.0
2007-05-07 00:00:00-04:00,16.403172415487987,16.403172415487987,16.08429984846823,16.112436294555664,2382300,0.0,0.0
2007-05-08 00:00:00-04:00,16.03740678093944,16.13119314117935,15.840455245553022,15.859212875366211,4295000,0.0,0.0
2007-05-09 00:00:00-04:00,15.868599431284084,16.243743266420143,15.802949483738637,16.215608596801758,3275500,0.0,0.0
2007-05-10 00:00:00-04:00,16.224981693467644,16.224981693467644,15.671643999996844,15.746674537658691,4489900,0.0,0.0
2007-05-11 00:00:00-04:00,15.849838480238567,16.046790070545573,15.71853861258492,15.98114013671875,2847400,0.0,0.0
2007-05-14 00:00:00-04:00,15.990517852106057,16.09368306045081,15.662268168875684,15.784189224243164,2769500,0.0,0.0
2007-05-15 00:00:00-04:00,15.821706920784962,15.831083951320148,15.521590067679307,15.615376472473145,3019900,0.0,0.0
2007-05-16 00:00:00-04:00,15.624753430748587,15.709161006126445,15.343396038706842,15.681024551391602,5815600,0.0,0.0
2007-05-17 00:00:00-04:00,15.681025119708599,15.802947972485017,15.493454114491648,15.690403938293457,4852900,0.0,0.0
2007-05-18 00:00:00-04:00,15.718539701334725,15.896733668940579,15.605995672102962,15.887354850769043,5182400,0.0,0.0
2007-05-21 00:00:00-04:00,16.037408197811402,16.131194566337143,15.83107782928953,15.915485382080078,4767000,0.0,0.0
2007-05-22 00:00:00-04:00,15.85921176667778,16.16870548165512,15.812319484248997,16.065540313720703,2801700,0.0,0.0
2007-05-23 00:00:00-04:00,16.08430424252614,16.178090632946223,15.784189224243164,15.784189224243164,2231600,0.0,0.0
2007-05-24 00:00:00-04:00,15.868595105374519,15.962381485798321,15.465314921730657,15.530964851379395,4172600,0.0,0.0
2007-05-25 00:00:00-04:00,15.662269042584134,15.812326560096473,15.418425129419905,15.605996131896973,4960000,0.0,0.0
2007-05-29 00:00:00-04:00,15.605993074399818,15.727915901508394,15.512208485948742,15.634129524230957,3041500,0.0,0.0
2007-05-30 00:00:00-04:00,15.43717865588671,15.549722671508789,15.305878795016318,15.549722671508789,4463200,0.0,0.0
2007-05-31 00:00:00-04:00,15.737291364020495,15.990512203226197,15.681018476351689,15.962377548217773,4631700,0.0,0.0
2007-06-01 00:00:00-04:00,15.94361991899484,16.12181381896076,15.859212376317611,15.962377548217773,2582800,0.0,0.0
2007-06-04 00:00:00-04:00,15.990519545188395,16.159334708053436,15.934248420508982,16.103063583374023,3114900,0.0,0.0
2007-06-05 00:00:00-04:00,16.10305804808467,16.168707969115182,15.756049022718289,15.896729469299316,3274300,0.0,0.0
2007-06-06 00:00:00-04:00,15.906109063710693,15.971760784164807,15.615372885576935,15.746674537658691,2574200,0.0,0.0
2007-06-07 00:00:00-04:00,15.624750409051654,15.727915600968117,15.418421814045056,15.437177658081055,3580200,0.0,0.0
2007-06-08 00:00:00-04:00,15.437181202982499,15.71854039404803,15.343396594787393,15.690403938293457,3514500,0.0,0.0
2007-06-11 00:00:00-04:00,15.69040076400246,15.802944775425486,15.56847972471836,15.587237358093262,2180100,0.0,0.0
2007-06-12 00:00:00-04:00,15.493448137576094,15.849834162183793,15.380904146800686,15.540340423583984,4312000,0.0,0.0
2007-06-13 00:00:00-04:00,15.643506182768313,15.896728829836588,15.596612106185605,15.821700096130371,3145500,0.0,0.0
2007-06-14 00:00:00-04:00,15.802947172281423,16.084304560273306,15.793568354171473,16.046791076660156,3224600,0.0,0.0
2007-06-15 00:00:00-04:00,16.178092409719568,16.375042241287982,16.11244246586343,16.28125762939453,2349400,0.0,0.0
2007-06-18 00:00:00-04:00,16.262498037165702,16.543855416687997,16.224982765855213,16.5063419342041,2417000,0.0,0.0
2007-06-19 00:00:00-04:00,16.43131166372097,16.553232706572977,16.2624965360594,16.49696159362793,4602800,0.0,0.0
2007-06-20 00:00:00-04:00,16.553233201066455,16.815834717365398,16.478204451956255,16.61888313293457,3474500,0.0,0.0
2007-06-21 00:00:00-04:00,16.562613652132164,17.37855294441733,16.553234833964904,17.162843704223633,6826500,0.0,0.0
2007-06-22 00:00:00-04:00,17.078434431798705,17.08781324903363,16.56261200566321,16.6657772064209,3959800,0.0,0.0
2007-06-25 00:00:00-04:00,16.675154268406455,16.76893885323085,16.27187411388691,16.30000877380371,3729500,0.0,0.0
2007-06-26 00:00:00-04:00,16.393792824539627,16.421929269295934,15.990512727162766,16.084299087524414,3446100,0.0,0.0
2007-06-27 00:00:00-04:00,16.093683040836392,16.45007096623303,15.999896650530614,16.412555694580078,3306100,0.0,0.0
2007-06-28 00:00:00-04:00,16.31876834054752,16.403175907955262,16.09368209040239,16.12181854248047,2641700,0.0,0.0
2007-06-29 00:00:00-04:00,16.43131204614568,16.562611909015494,16.32814684598999,16.48758316040039,5036500,0.0,0.0
2007-07-02 00:00:00-04:00,16.51571907164823,16.84396871808445,16.51571907164823,16.768939971923828,4709500,0.0,0.0
2007-07-03 00:00:00-04:00,16.759559632964127,16.87210183555873,16.628258011502346,16.712665557861328,1999100,0.0,0.0
2007-07-05 00:00:00-04:00,16.7126711842111,16.722050002389057,16.553234852839182,16.581371307373047,2994200,0.0,0.0
2007-07-06 00:00:00-04:00,16.62825965471331,16.89086113476119,16.534473284065765,16.85334587097168,3623500,0.0,0.0
2007-07-09 00:00:00-04:00,16.83459165328371,17.106570186712275,16.815834019577906,17.04092025756836,3796300,0.0,0.0
2007-07-10 00:00:00-04:00,16.984643776361242,17.106564779256434,16.768934634583832,16.80644989013672,3229300,0.0,0.0
2007-07-11 00:00:00-04:00,16.806457102803066,16.83459355654278,16.3937980587536,16.412555694580078,4339100,0.0,0.0
2007-07-12 00:00:00-04:00,16.4406895740561,16.81583328771305,16.38441667538781,16.787696838378906,3019400,0.0,0.0
2007-07-13 00:00:00-04:00,16.778318788797208,16.84396871808445,16.600126634682233,16.768939971923828,2850600,0.0,0.0
2007-07-16 00:00:00-04:00,16.61888425509699,16.90024342487841,16.61888425509699,16.68453598022461,5291200,0.0,0.0
2007-07-17 00:00:00-04:00,16.787695562000447,17.144083404497916,16.628259272214986,16.909618377685547,6990100,0.0,0.0
2007-07-18 00:00:00-04:00,16.693911882044773,16.73142715101311,16.365662222704195,16.61888313293457,5405800,0.0,0.0
2007-07-19 00:00:00-04:00,16.506335831025915,16.57198574271878,15.877969579524883,16.515714645385742,7290700,0.0,0.0
2007-07-20 00:00:00-04:00,16.37503903327438,16.52509831832495,16.22498153705027,16.35628318786621,4170500,0.0,0.0
2007-07-23 00:00:00-04:00,16.450065979546817,16.515715896211713,16.15932807885076,16.1687068939209,3377800,0.0,0.0
2007-07-24 00:00:00-04:00,15.990518977701967,16.08430537472381,15.61537517844133,15.690403938293457,4482500,0.0,0.0
2007-07-25 00:00:00-04:00,15.802943294880828,15.821700926498364,15.324634421590885,15.64350700378418,5953000,0.0,0.0
2007-07-26 00:00:00-04:00,15.502829135723426,15.512207952010982,14.940112680254138,15.127683639526367,5999600,0.0,0.0
2007-07-27 00:00:00-04:00,15.080793182027667,15.202714230949317,14.771299362182617,14.771299362182617,4957300,0.0,0.0
2007-07-30 00:00:00-04:00,14.715026377331224,15.062034549493228,14.715026377331224,14.996384620666504,4794100,0.0,0.0
2007-07-31 00:00:00-04:00,15.080790718371944,15.165198272615681,14.696268210739904,14.715024948120117,4669800,0.0,0.0
2007-08-01 00:00:00-04:00,14.705648749885738,14.883841800737924,14.302368563202869,14.630620002746582,5675800,0.0,0.0
2007-08-02 00:00:00-04:00,14.321124638255752,14.85570462703336,14.321124638255752,14.780675888061523,4519800,0.0,0.0
2007-08-03 00:00:00-04:00,14.771297685844917,14.827569689618498,14.171066854717086,14.180445671081543,5230500,0.0,0.0
2007-08-06 00:00:00-04:00,14.227340312315203,14.66813488794262,14.180447120114286,14.639998435974121,6367000,0.0,0.0
2007-08-07 00:00:00-04:00,14.527452086858476,14.686888368305517,14.292987072308483,14.53683090209961,6122200,0.0,0.0
2007-08-08 00:00:00-04:00,14.56496608022404,15.043275806722882,14.358637516684027,14.65875244140625,7711000,0.0,0.0
2007-08-09 00:00:00-04:00,14.471185500410861,14.82757254107782,14.41491348581573,14.452427864074707,6208100,0.0,0.0
2007-08-10 00:00:00-04:00,14.339883527009986,14.593106229837332,14.25547595940087,14.480562210083008,5220400,0.0,0.0
2007-08-13 00:00:00-04:00,14.677511402493549,14.958869634288492,14.48993954610131,14.696269035339355,4045500,0.0,0.0
2007-08-14 00:00:00-04:00,14.771299763998316,14.855707334327288,14.349262806766735,14.358641624450684,3009700,0.0,0.0
2007-08-15 00:00:00-04:00,14.321124850712478,14.55558988708108,14.067902182116084,14.07728099822998,3735900,0.0,0.0
2007-08-16 00:00:00-04:00,13.94598176511273,14.19920446111295,13.777166634445916,14.086661338806152,5985200,0.0,0.0
2007-08-17 00:00:00-04:00,14.59310584294804,14.90259965303406,14.302368772714964,14.489940643310547,5205000,0.0,0.0
2007-08-20 00:00:00-04:00,14.55559025472198,14.686890105980327,14.32112521243133,14.518074989318848,4426900,0.0,0.0
2007-08-21 00:00:00-04:00,14.536833192939831,14.77129824443886,14.480561187038258,14.527454376220703,2717000,0.0,0.0
2007-08-22 00:00:00-04:00,14.68689250946045,15.5028317772423,14.377398674541805,14.68689250946045,4160600,0.0,0.0
2007-08-23 00:00:00-04:00,14.79943532263688,14.79943532263688,14.292990795076324,14.358641624450684,3685800,0.0,0.0
2007-08-24 00:00:00-04:00,14.302366762491465,14.48055979090861,14.302366762491465,14.471181869506836,3031200,0.0,0.0
2007-08-27 00:00:00-04:00,14.424287527793314,14.499316259467651,14.227336883544922,14.227336883544922,2441100,0.0,0.0
2007-08-28 00:00:00-04:00,14.096037490307316,14.161688307546958,13.655243873596191,13.655243873596191,3321100,0.0,0.0
2007-08-29 00:00:00-04:00,13.711515585816624,14.227338858490665,13.692758847500869,14.180445671081543,2567000,0.0,0.0
2007-08-30 00:00:00-04:00,14.030390164778566,14.114797735131363,13.683381960094074,13.73027515411377,3396800,0.0,0.0
2007-08-31 00:00:00-04:00,13.917844705980938,14.105416556247569,13.814679517524443,13.964737892150879,2823700,0.0,0.0
2007-09-04 00:00:00-04:00,13.97411619725806,14.086660204919006,13.814679896553734,13.95535945892334,4048400,0.0,0.0
2007-09-05 00:00:00-04:00,13.786543991977236,13.86157273223839,13.233206361741386,13.355128288269043,6422000,0.0,0.0
2007-09-06 00:00:00-04:00,13.467669687229726,13.617728043096202,13.308233410832177,13.598970413208008,5566900,0.0,0.0
2007-09-07 00:00:00-04:00,13.448916797447623,13.645867495526225,13.373888045266561,13.552081108093262,3867600,0.0,0.0
2007-09-10 00:00:00-04:00,13.580216754368086,14.011632529405375,13.514566819388483,13.73027515411377,6407400,0.0,0.0
2007-09-11 00:00:00-04:00,13.749027894531055,13.889707435656739,13.617728062776045,13.824056625366211,2472100,0.0,0.0
2007-09-12 00:00:00-04:00,13.739652789126948,13.767789241596429,13.214451531482359,13.242587089538574,4372800,0.0,0.0
2007-09-13 00:00:00-04:00,13.270720163302238,13.326992163293756,13.017498399373146,13.120662689208984,3715600,0.0,0.0
2007-09-14 00:00:00-04:00,13.008119200899273,13.167555486035514,12.97060483347975,13.017498016357422,2778000,0.0,0.0
2007-09-17 00:00:00-04:00,12.942471221615385,13.261343839687376,12.914335665436445,13.195693016052246,2728100,0.0,0.0
2007-09-18 00:00:00-04:00,13.261342428072846,13.598971749520496,13.092527320142464,13.589592933654785,3888200,0.0,0.0
2007-09-19 00:00:00-04:00,13.58959364629606,13.7115155757046,13.355128603836514,13.392642974853516,3887500,0.0,0.0
2007-09-20 00:00:00-04:00,13.43015824586757,13.448915879839657,13.242586378212787,13.326993942260742,3002800,0.0,0.0
2007-09-21 00:00:00-04:00,13.36450919814182,13.430159132552022,13.25196607011864,13.37388801574707,3360900,0.0,0.0
2007-09-24 00:00:00-04:00,13.308235688837692,13.40202206550627,13.045635086344117,13.139421463012695,3105500,0.0,0.0
2007-09-25 00:00:00-04:00,13.036255136428254,13.186313504934605,12.97060521511573,13.120662689208984,3409500,0.0,0.0
2007-09-26 00:00:00-04:00,13.111283487699694,13.223827484371332,12.92371165060208,13.017498016357422,3595900,0.0,0.0
2007-09-27 00:00:00-04:00,12.989364494368225,13.167557543855622,12.989364494368225,13.036256790161133,3171200,0.0,0.0
2007-09-28 00:00:00-04:00,13.008122393378576,13.064394405524785,12.86744370463299,12.942472457885742,4209800,0.0,0.0
2007-10-01 00:00:00-04:00,12.904959122856695,13.139424219299237,12.886201485822879,13.073773384094238,3593900,0.0,0.0
2007-10-02 00:00:00-04:00,13.120663888781989,13.308235748547547,13.073770700237304,13.205071449279785,5301400,0.0,0.0
2007-10-03 00:00:00-04:00,13.120666615553636,13.176938632384493,12.895580337056941,12.961230278015137,3952700,0.0,0.0
2007-10-04 00:00:00-04:00,12.961226398358122,12.998740766878472,12.829926555743441,12.895576477050781,3539700,0.0,0.0
2007-10-05 00:00:00-04:00,13.036257955371997,13.3926449806147,13.00812239649879,13.233208656311035,2874100,0.0,0.0
2007-10-08 00:00:00-04:00,13.23320629986265,13.402021411867429,13.158177559952334,13.289478302001953,1831600,0.0,0.0
2007-10-09 00:00:00-04:00,13.36450919814182,13.467673508559749,13.205072876505662,13.37388801574707,2510700,0.0,0.0
2007-10-10 00:00:00-04:00,13.298858724749008,13.317615464786051,12.726763395800738,12.80179214477539,4039800,0.0,0.0
2007-10-11 00:00:00-04:00,12.848684467924143,12.923713211826895,12.436026376459008,12.52981185913086,3630000,0.0,0.0
2007-10-12 00:00:00-04:00,12.670488929701527,12.801788758469353,12.557945836009244,12.6798677444458,3249600,0.0,0.0
2007-10-15 00:00:00-04:00,12.651735305786133,12.708007317654644,12.520435435448416,12.651735305786133,3503700,0.0,0.0
2007-10-16 00:00:00-04:00,12.576705223664316,12.801791458522294,12.548569667910366,12.661112785339355,2651800,0.0,0.0
2007-10-17 00:00:00-04:00,12.942473535347094,13.036259037514034,12.623600860270093,12.961230278015137,4574800,0.0,0.0
2007-10-18 00:00:00-04:00,12.35162038837818,12.651735402195087,12.070262115718183,12.201562881469727,9191300,0.0,0.0
2007-10-19 00:00:00-04:00,12.30472510631771,12.37037503084905,11.573194437039602,11.620087623596191,8301800,0.0,0.0
2007-10-22 00:00:00-04:00,11.479408196872496,11.638844496363488,11.385622717086305,11.526301383972168,5074000,0.0,0.0
2007-10-23 00:00:00-04:00,11.77952303604808,12.248453077549128,11.77014422055892,12.135909080505371,9943000,0.0,0.0
2007-10-24 00:00:00-04:00,12.107774606276948,12.154667793484068,11.723252081122244,12.089017868041992,6296500,0.0,0.0
2007-10-25 00:00:00-04:00,12.173425745608402,12.182804562867677,11.573195751626626,11.72325325012207,6507100,0.0,0.0
2007-10-26 00:00:00-04:00,11.779522692656645,11.817037059106605,11.376242582509803,11.53567886352539,5698400,0.0,0.0
2007-10-29 00:00:00-04:00,11.5825720451911,11.760765062225142,11.441892500193969,11.53567886352539,5539900,0.0,0.0
2007-10-30 00:00:00-04:00,11.488789097837298,11.742011817475367,11.39500270662024,11.545061111450195,5256200,0.0,0.0
2007-10-31 00:00:00-04:00,11.554439727673962,11.629468487379894,11.385625465542299,11.573197364807129,6136500,0.0,0.0
2007-11-01 00:00:00-04:00,11.395001927424492,11.507545946954473,11.273080879357975,11.338730812072754,4028800,0.0,0.0
2007-11-02 00:00:00-04:00,11.441896237926626,11.441896237926626,11.207431147418237,11.244945526123047,4617100,0.0,0.0
2007-11-05 00:00:00-05:00,11.160536255266498,11.273080268700017,11.066750769956169,11.151158332824707,4669800,0.0,0.0
2007-11-06 00:00:00-05:00,11.151158332824707,11.338730197858567,11.019857580094403,11.151158332824707,4182000,0.0,0.0
2007-11-07 00:00:00-05:00,10.991722601271277,11.019858158900846,10.691606707040627,10.71036434173584,5027400,0.0,0.0
2007-11-08 00:00:00-05:00,10.738499525727583,11.207429643832834,10.738499525727583,11.123022079467773,6733800,0.0,0.0
2007-11-09 00:00:00-05:00,10.954207389580931,11.423137488184043,10.954207389580931,11.291836738586426,5424100,0.0,0.0
2007-11-12 00:00:00-05:00,11.291837732586812,11.545060437441565,11.019858287231667,11.066751480102539,6449400,0.0,0.0
2007-11-13 00:00:00-05:00,11.179294873601693,11.338731196526256,11.160537238239613,11.329352378845215,3049100,0.0,0.0
2007-11-14 00:00:00-05:00,11.423133049549865,11.423133049549865,10.82290243457798,10.851037979125977,8574600,0.0,0.0
2007-11-15 00:00:00-05:00,10.785390533376063,10.972962363769561,10.66346862001703,10.747876167297363,4626700,0.0,0.0
2007-11-16 00:00:00-05:00,10.794769920384665,10.822905472830996,10.41024742410349,10.644712448120117,3086300,0.0,0.0
2007-11-19 00:00:00-05:00,10.550926928635992,10.569684561382994,10.213297588908377,10.241433143615723,3340200,0.0,0.0
2007-11-20 00:00:00-05:00,10.269571063627142,10.363357460136868,9.83815524962645,10.006970405578613,3906500,0.0,0.0
2007-11-21 00:00:00-05:00,9.885044721224418,9.885044721224418,9.613065347178331,9.734987258911133,5080700,0.0,0.0
2007-11-23 00:00:00-05:00,9.8006370644733,9.988208890248226,9.763122699318314,9.941316604614258,1191900,0.0,0.0
2007-11-26 00:00:00-05:00,10.035102577456907,10.250810858809466,9.706852089364666,9.725608825683594,4264600,0.0,0.0
2007-11-27 00:00:00-05:00,9.791261840325433,9.828776219238046,9.472390066774894,9.631826400756836,4106400,0.0,0.0
2007-11-28 00:00:00-05:00,9.734989750158945,10.110133501943906,9.60368898982758,10.035104751586914,5755600,0.0,0.0
2007-11-29 00:00:00-05:00,10.01634906853758,10.335221738421863,9.92256267348455,10.100756645202637,5663500,0.0,0.0
2007-11-30 00:00:00-05:00,10.232053627309563,10.325839995802717,9.96007423197513,10.213296890258789,13335200,0.0,0.0
2007-12-03 00:00:00-05:00,10.232056524980859,10.241435343368833,9.650583201126782,10.100756645202637,8061500,0.0,0.0
2007-12-04 00:00:00-05:00,10.035105296404303,10.053862932218552,9.810019033113134,9.866291046142578,3704800,0.0,0.0
2007-12-05 00:00:00-05:00,10.016348084173691,10.157026768514585,9.931940515803849,9.988211631774902,2719200,0.0,0.0
2007-12-06 00:00:00-05:00,10.035103829817357,10.4008696250204,9.941318347692365,10.372734069824219,3435300,0.0,0.0
2007-12-07 00:00:00-05:00,10.391489600386434,10.48527596602115,10.316460865643887,10.40086841583252,3606100,0.0,0.0
2007-12-10 00:00:00-05:00,10.41024515548861,10.579059327791468,10.222672461620938,10.494651794433594,4114700,0.0,0.0
2007-12-11 00:00:00-05:00,10.532170725002812,10.68222912410083,10.288327727096753,10.29770565032959,3770600,0.0,0.0
2007-12-12 00:00:00-05:00,10.550928943018175,10.654093259583332,10.10075640410113,10.307085037231445,5212200,0.0,0.0
2007-12-13 00:00:00-05:00,10.166404563924472,10.260190045918803,9.659960099032924,9.810017585754395,5806800,0.0,0.0
2007-12-14 00:00:00-05:00,9.810018260510907,9.810018260510907,9.538038823517553,9.547417640686035,3299900,0.0,0.0
2007-12-17 00:00:00-05:00,9.52866002321809,9.678717520526526,9.406738083051675,9.434874534606934,3883500,0.0,0.0
2007-12-18 00:00:00-05:00,9.566175538106622,9.58493317471324,9.397361280713765,9.519282341003418,2468400,0.0,0.0
2007-12-19 00:00:00-05:00,9.566173809195778,9.650581369843755,9.416116321116343,9.53803825378418,2307800,0.0,0.0
2007-12-20 00:00:00-05:00,9.59430809379886,9.76312319273451,9.500522623378103,9.725608825683594,3003100,0.0,0.0
2007-12-21 00:00:00-05:00,9.819397409609214,9.894426160666839,9.67871783056622,9.8756685256958,2473600,0.0,0.0
2007-12-24 00:00:00-05:00,9.734990278682744,10.053862932218552,9.734990278682744,9.866291046142578,1661600,0.0,0.0
2007-12-26 00:00:00-05:00,9.847534224006825,9.98821292658443,9.847534224006825,9.91318416595459,1246500,0.0,0.0
2007-12-27 00:00:00-05:00,9.913182532237649,9.988211280502565,9.763125035707816,9.772503852844238,1625600,0.0,0.0
2007-12-28 00:00:00-05:00,9.84753170171685,9.92256044312926,9.744367405878075,9.838152885437012,2167900,0.0,0.0
2007-12-31 00:00:00-05:00,9.791259961756298,9.84753196653544,9.631824552777273,9.697474479675293,2261300,0.0,0.0
2008-01-02 00:00:00-05:00,9.706853972081783,9.781882720736002,9.369223708724565,9.434874534606934,3181100,0.0,0.0
2008-01-03 00:00:00-05:00,9.481767443471288,9.500525079051705,9.247302365195816,9.28481674194336,2875500,0.0,0.0
2008-01-04 00:00:00-05:00,9.284814573404205,9.284814573404205,8.759613421603321,8.862777709960938,2991100,0.0,0.0
2008-01-07 00:00:00-05:00,8.909672684422201,8.965944694918281,8.693965248749294,8.844022750854492,3234300,0.0,0.0
2008-01-08 00:00:00-05:00,8.825264661866964,8.984700973254816,8.421984474896133,8.45012092590332,4819700,0.0,0.0
2008-01-09 00:00:00-05:00,8.450120100923717,8.534527656878188,8.206276249147054,8.468876838684082,3685500,0.0,0.0
2008-01-10 00:00:00-05:00,8.328197982900635,8.665827304516148,8.28130479796187,8.609556198120117,3416000,0.0,0.0
2008-01-11 00:00:00-05:00,8.506391922076228,8.54390629515654,8.30944123980129,8.384469985961914,3049200,0.0,0.0
2008-01-14 00:00:00-05:00,8.468878838658325,8.825265884399414,8.450122096468446,8.825265884399414,3071500,0.0,0.0
2008-01-15 00:00:00-05:00,8.806507062501964,8.806507062501964,8.403226914903108,8.468876838684082,3026500,0.0,0.0
2008-01-16 00:00:00-05:00,8.450120377618251,9.200408695276385,8.346955186112197,9.003458023071289,4671000,0.0,0.0
2008-01-17 00:00:00-05:00,9.012836589198743,9.172272901636491,8.478256538327011,8.51577091217041,5212200,0.0,0.0
2008-01-18 00:00:00-05:00,8.768995369917926,8.95656727685669,8.25317195502627,8.90029525756836,4418600,0.0,0.0
2008-01-22 00:00:00-05:00,8.459498721846556,8.806506859332444,8.459498721846556,8.609556198120117,4168300,0.0,0.0
2008-01-23 00:00:00-05:00,8.25317052716201,8.693965103017186,8.206277334936864,8.600178718566895,4429100,0.0,0.0
2008-01-24 00:00:00-05:00,8.768993703966672,10.316462760236917,8.768993703966672,9.547417640686035,8778600,0.0,0.0
2008-01-25 00:00:00-05:00,9.659959848185826,9.969453630115304,9.584931106773416,9.838152885437012,6674400,0.0,0.0
2008-01-28 00:00:00-05:00,9.89442560384085,9.90380442079856,9.491145418791463,9.753746032714844,5028100,0.0,0.0
2008-01-29 00:00:00-05:00,9.885046620564884,10.110132857283508,9.63182482785973,10.07261848449707,3384100,0.0,0.0
2008-01-30 00:00:00-05:00,10.053862674568773,10.335220943679033,9.950697469060819,10.185162544250488,3834200,0.0,0.0
2008-01-31 00:00:00-05:00,10.063241131444714,10.382113793717618,10.016348829450852,10.307085037231445,3687900,0.0,0.0
2008-02-01 00:00:00-05:00,10.307080522805425,10.663467407226562,10.213295065481717,10.663467407226562,2740900,0.0,0.0
2008-02-04 00:00:00-05:00,10.607198463617793,10.68222720246316,10.457140091513942,10.522790908813477,3620100,0.0,0.0
2008-02-05 00:00:00-05:00,10.363356301983625,10.372735119469144,9.838154150166988,9.8756685256958,3512900,0.0,0.0
2008-02-06 00:00:00-05:00,9.960076516455487,10.269570351291225,9.763125812976991,9.97883415222168,4068600,0.0,0.0
2008-02-07 00:00:00-05:00,9.866291020864438,10.147648402050889,9.753746995093895,9.97883415222168,3426600,0.0,0.0
2008-02-08 00:00:00-05:00,9.903804978152358,10.03510484529657,9.716232206095032,9.8756685256958,2476100,0.0,0.0
2008-02-11 00:00:00-05:00,9.960077475793721,10.213300216547486,9.791262315291211,10.157028198242188,2485600,0.0,0.0
2008-02-12 00:00:00-05:00,10.241433798545886,10.457141222451751,10.025725480226807,10.091376304626465,2719400,0.0,0.0
2008-02-13 00:00:00-05:00,10.260191457987359,10.335221106087292,10.016348455712432,10.316463470458984,2222500,0.0,0.0
2008-02-14 00:00:00-05:00,10.335220572836143,10.372734947743888,10.025725861830685,10.081997871398926,2205200,0.0,0.0
2008-02-15 00:00:00-05:00,10.025724216993044,10.147646139043808,9.86628882060231,10.053860664367676,2095900,0.0,0.0
2008-02-19 00:00:00-05:00,10.147649231236526,10.29770675197436,9.960077330314233,10.025727272033691,2068200,0.0,0.0
2008-02-20 00:00:00-05:00,9.950697447142813,10.353977661793007,9.875668694800444,10.29770565032959,2416600,0.0,0.0
2008-02-21 00:00:00-05:00,10.400871993720344,10.466521935600307,10.07262049549377,10.13827133178711,3251300,0.0,0.0
2008-02-22 00:00:00-05:00,10.203920289764957,10.316463419741634,10.006969588702448,10.250813484191895,2730900,0.0,0.0
2008-02-25 00:00:00-05:00,10.288325071405357,10.569683267269818,10.166403156716989,10.541546821594238,3346300,0.0,0.0
2008-02-26 00:00:00-05:00,11.01047897233583,11.629466585909162,10.78539273002066,11.460652351379395,8184600,0.0,0.0
2008-02-27 00:00:00-05:00,11.451273810495769,11.93896068060596,11.338730686624185,11.72325325012207,8332600,0.0,0.0
2008-02-28 00:00:00-05:00,11.629469796040652,11.770149407129935,11.451276695290389,11.498169898986816,5193200,0.0,0.0
2008-02-29 00:00:00-05:00,11.348110738371274,11.460653874485699,11.207431147418237,11.244945526123047,4072200,0.0,0.0
2008-03-03 00:00:00-05:00,11.244944188512363,11.319972936997146,10.972964751651716,11.25432300567627,4092100,0.0,0.0
2008-03-04 00:00:00-05:00,11.132401657374404,11.47003104349796,10.972965334768293,11.441895484924316,4915300,0.0,0.0
2008-03-05 00:00:00-05:00,11.53568006667696,11.713873102296228,11.432514877369837,11.620087623596191,4954900,0.0,0.0
2008-03-06 00:00:00-05:00,11.582573609972703,11.638844720043227,11.16053581237793,11.16053581237793,3005200,0.0,0.0
2008-03-07 00:00:00-05:00,11.047992697823714,11.554437160524273,10.926070766786687,11.16053581237793,3792000,0.0,0.0
2008-03-10 00:00:00-04:00,11.160535438853524,11.235564179378581,10.916692479353653,10.944828033447266,3441900,0.0,0.0
2008-03-11 00:00:00-04:00,11.179293362090217,11.432515144348145,10.954207134658024,11.432515144348145,3058000,0.0,0.0
2008-03-12 00:00:00-04:00,11.385622536023392,11.676358681474174,11.291836163315514,11.395000457763672,3496900,0.0,0.0
2008-03-13 00:00:00-04:00,11.216808922264503,11.554438299200118,11.057372603997148,11.404380798339844,3543900,0.0,0.0
2008-03-14 00:00:00-04:00,11.554439374041051,11.582575828879662,11.019859253894197,11.244945526123047,2997000,0.0,0.0
2008-03-17 00:00:00-04:00,10.944830827590204,11.291839064710793,10.813530050944562,11.169917106628418,4096100,0.0,0.0
2008-03-18 00:00:00-04:00,11.488786003214479,11.723251023688244,11.37624290071664,11.685736656188965,3964900,0.0,0.0
2008-03-19 00:00:00-04:00,11.770146322319079,11.938960559203224,11.25432300567627,11.25432300567627,4188600,0.0,0.0
2008-03-20 00:00:00-04:00,11.254323581703572,11.573196226291298,11.123022817928248,11.554438591003418,3454200,0.0,0.0
2008-03-24 00:00:00-04:00,11.66698291478102,12.314107087898714,11.64822617198478,12.04212760925293,3719500,0.0,0.0
2008-03-25 00:00:00-04:00,12.107770635140152,12.135906180471196,11.676355064275082,11.751383781433105,2718000,0.0,0.0
2008-03-26 00:00:00-04:00,11.676358867160594,11.704494421655138,11.26370078839242,11.526301383972168,2626000,0.0,0.0
2008-03-27 00:00:00-04:00,11.995234247160258,12.051506263608797,11.723254772221258,11.732633590698242,4428200,0.0,0.0
2008-03-28 00:00:00-04:00,12.051505437983085,12.051505437983085,11.582575279219748,11.638846397399902,2274600,0.0,0.0
2008-03-31 00:00:00-04:00,11.995229100985446,11.995229100985446,11.488784747876002,11.648221015930176,2599200,0.0,0.0
2008-04-01 00:00:00-04:00,11.845173760940009,12.173424275659004,11.742009466784861,12.11715316772461,3880800,0.0,0.0
2008-04-02 00:00:00-04:00,12.22969978276125,12.379757306140235,12.070263440567732,12.192185401916504,3250100,0.0,0.0
2008-04-03 00:00:00-04:00,12.060882542361409,12.66111342680617,12.051504619577093,12.6235990524292,3902100,0.0,0.0
2008-04-04 00:00:00-04:00,12.61421985183176,12.736141788454495,12.28596930961351,12.632977485656738,4467200,0.0,0.0
2008-04-07 00:00:00-04:00,12.773658280916177,12.839308221368896,12.342242469912545,12.426650047302246,2004800,0.0,0.0
2008-04-08 00:00:00-04:00,12.229701140066622,12.370379860244208,11.957721625153399,12.00461483001709,2222600,0.0,0.0
2008-04-09 00:00:00-04:00,11.9108252725618,12.164047975257327,11.845175339750332,11.967097282409668,2565400,0.0,0.0
2008-04-10 00:00:00-04:00,11.8451745907797,12.032746454390333,11.676359466323532,11.938960075378418,2870300,0.0,0.0
2008-04-11 00:00:00-04:00,11.770145105046764,11.901444954109444,11.582573253233548,11.620087623596191,2961700,0.0,0.0
2008-04-14 00:00:00-04:00,11.57319547253698,11.685738593694566,11.460652351379395,11.460652351379395,2038400,0.0,0.0
2008-04-15 00:00:00-04:00,11.385622590182146,11.554436809680949,11.10426436513329,11.50754451751709,5347600,0.0,0.0
2008-04-16 00:00:00-04:00,11.62946816428825,12.070262786124404,11.554439406666777,11.82641887664795,4518000,0.0,0.0
2008-04-17 00:00:00-04:00,11.798280474898396,11.882688030498983,11.319971589437161,11.376243591308594,3658000,0.0,0.0
2008-04-18 00:00:00-04:00,11.516920296822923,11.74200737163721,11.348106108728425,11.648221015930176,3382500,0.0,0.0
2008-04-21 00:00:00-04:00,11.61070886322731,11.863930640789372,11.470029302881146,11.798280715942383,3463000,0.0,0.0
2008-04-22 00:00:00-04:00,11.798283142233151,11.798283142233151,11.179295453773392,11.516924858093262,4342300,0.0,0.0
2008-04-23 00:00:00-04:00,12.0702609926923,13.055014408173463,11.863931492683577,12.632977485656738,11342200,0.0,0.0
2008-04-24 00:00:00-04:00,12.445405231797656,12.970606440752078,12.192182549527601,12.754899024963379,5567600,0.0,0.0
2008-04-25 00:00:00-04:00,12.848682785700124,12.989362332909085,12.595461031784891,12.839303970336914,4233100,0.0,0.0
2008-04-28 00:00:00-04:00,12.839303827564127,12.923711376068281,12.454781346079024,12.595460891723633,2914900,0.0,0.0
2008-04-29 00:00:00-04:00,12.501674719375206,12.689246555360233,12.417267169578677,12.5673246383667,1794300,0.0,0.0
2008-04-30 00:00:00-04:00,12.661113517023876,12.745521083576822,12.379755259985142,12.464162826538086,2409200,0.0,0.0
2008-05-01 00:00:00-04:00,12.34224253362925,13.148803037816146,12.323485791008796,13.073773384094238,3413700,0.0,0.0
2008-05-02 00:00:00-04:00,13.13942386230695,13.364510134117088,12.829930014964674,12.970608711242676,3412700,0.0,0.0
2008-05-05 00:00:00-04:00,12.867443012664278,13.017500511100183,12.717385514228372,12.914336204528809,2063200,0.0,0.0
2008-05-06 00:00:00-04:00,12.754901407400979,13.186317213974013,12.708008209953473,13.101909637451172,2630200,0.0,0.0
2008-05-07 00:00:00-04:00,13.036255135398823,13.223827872413676,12.811168924276716,12.895576477050781,2773100,0.0,0.0
2008-05-08 00:00:00-04:00,12.97060483347975,13.07376912028017,12.698625446084943,13.017498016357422,2880300,0.0,0.0
2008-05-09 00:00:00-04:00,12.792415743084193,12.961230001143907,12.698629348507305,12.811172485351562,2013800,0.0,0.0
2008-05-12 00:00:00-04:00,12.88620075345804,13.017501521992422,12.745522061353089,12.979987144470215,1570100,0.0,0.0
2008-05-13 00:00:00-04:00,13.06439119143157,13.06439119143157,12.76427535784158,12.792411804199219,3561900,0.0,0.0
2008-05-14 00:00:00-04:00,12.914336002628918,13.34575085668088,12.792414063452535,13.008121490478516,3369200,0.0,0.0
2008-05-15 00:00:00-04:00,12.998741202653743,13.280099423195297,12.886198093319749,13.223828315734863,2374900,0.0,0.0
2008-05-16 00:00:00-04:00,13.364509294974102,13.364509294974102,12.76427838008824,13.214451789855957,3057500,0.0,0.0
2008-05-19 00:00:00-04:00,13.27072290706862,13.598974370324525,13.15817977823001,13.214451789855957,3462700,0.0,0.0
2008-05-20 00:00:00-04:00,13.20507197491689,13.20507197491689,12.46416242854063,12.586084365844727,4918100,0.0,0.0
2008-05-21 00:00:00-04:00,12.567325921605107,12.698626667408162,12.285968586104953,12.379754066467285,3247400,0.0,0.0
2008-05-22 00:00:00-04:00,12.37975425359279,12.6142192996624,12.20156121212168,12.39851188659668,2741100,0.0,0.0
2008-05-23 00:00:00-04:00,12.323482006119235,12.501675031145574,12.051502613554979,12.267210006713867,3071000,0.0,0.0
2008-05-27 00:00:00-04:00,12.210941286329343,12.773656918207235,12.210941286329343,12.726763725280762,2734000,0.0,0.0
2008-05-28 00:00:00-04:00,12.670492101007925,12.904957161821187,12.632977727054332,12.717385292053223,2520100,0.0,0.0
2008-05-29 00:00:00-04:00,12.773657565029769,12.942472710348099,12.66111443295532,12.689249992370605,1820400,0.0,0.0
2008-05-30 00:00:00-04:00,12.79241162021155,13.017497821356923,12.717382886496425,12.886197090148926,2141700,0.0,0.0
2008-06-02 00:00:00-04:00,12.811171486559708,12.970607808262345,12.210941470185805,12.407891273498535,2965300,0.0,0.0
2008-06-03 00:00:00-04:00,12.42664694033268,12.520433312741954,12.117153163560463,12.229696273803711,3880900,0.0,0.0
2008-06-04 00:00:00-04:00,12.239074518272846,12.436025175602776,12.126531413286184,12.220316886901855,4389800,0.0,0.0
2008-06-05 00:00:00-04:00,12.192184000573706,12.248456012579739,11.788903782034785,11.910825729370117,5564400,0.0,0.0
2008-06-06 00:00:00-04:00,11.826415888547077,12.070259736413147,11.638844041885912,11.69511604309082,4320800,0.0,0.0
2008-06-09 00:00:00-04:00,11.657599544298831,11.760763817514475,11.198047485907619,11.45127010345459,4381800,0.0,0.0
2008-06-10 00:00:00-04:00,11.395001097159044,11.498166291809135,11.169914863325875,11.357486724853516,3468200,0.0,0.0
2008-06-11 00:00:00-04:00,11.357487920198839,11.357487920198839,10.175784620996994,10.185162544250488,8862300,0.0,0.0
2008-06-12 00:00:00-04:00,10.260188818759755,10.860419588268838,10.185160084372752,10.785390853881836,7355000,0.0,0.0
2008-06-13 00:00:00-04:00,10.869798467221267,11.001098305959639,10.644712262744283,10.738497734069824,5267800,0.0,0.0
2008-06-16 00:00:00-04:00,10.691607903141046,11.263703303561458,10.6353367815867,10.972966194152832,5579700,0.0,0.0
2008-06-17 00:00:00-04:00,11.019859470149992,11.113645865959166,10.832287572945004,10.92607307434082,3312800,0.0,0.0
2008-06-18 00:00:00-04:00,10.83228481636417,10.860420370181693,10.33521919166,10.429004669189453,4512700,0.0,0.0
2008-06-19 00:00:00-04:00,10.382110796441397,10.841662915264912,10.363354059941518,10.738497734069824,2999800,0.0,0.0
2008-06-20 00:00:00-04:00,10.60719898673908,10.6259557251689,10.269568750870711,10.419626235961914,4602100,0.0,0.0
2008-06-23 00:00:00-04:00,10.42900428615523,10.550926207437412,10.232053627839875,10.32583999633789,2908900,0.0,0.0
2008-06-24 00:00:00-04:00,10.26956799635646,10.541547391704992,10.157024890806701,10.32583999633789,2290400,0.0,0.0
2008-06-25 00:00:00-04:00,10.447761478438926,10.832283963173463,10.400868296161114,10.607197761535645,2496000,0.0,0.0
2008-06-26 00:00:00-04:00,10.316463725711523,10.447764495118465,10.035105445218546,10.063241004943848,3659800,0.0,0.0
2008-06-27 00:00:00-04:00,10.072620654210212,10.185163796812107,9.875669931053547,10.044485092163086,3656400,0.0,0.0
2008-06-30 00:00:00-04:00,10.297704938894716,10.67284956910232,10.175783895571453,10.382112503051758,6712600,0.0,0.0
2008-07-01 00:00:00-04:00,10.297703550173901,10.579061761283082,10.081996154785156,10.550926208496094,4741500,0.0,0.0
2008-07-02 00:00:00-04:00,10.644714351661964,10.644714351661964,9.76312520283787,9.903804779052734,5577300,0.0,0.0
2008-07-03 00:00:00-04:00,9.922560518187334,9.9413181508889,9.444251617255247,9.678716659545898,3173500,0.0,0.0
2008-07-07 00:00:00-04:00,9.810017899458867,10.100754960088775,9.631824851882161,9.847532272338867,4437000,0.0,0.0
2008-07-08 00:00:00-04:00,9.744369241092679,10.072619822990054,9.659961667503454,10.063241004943848,3312900,0.0,0.0
2008-07-09 00:00:00-04:00,10.091377735718492,10.157027675014973,9.519282341003418,9.519282341003418,4568500,0.0,0.0
2008-07-10 00:00:00-04:00,9.528659368763824,9.678716855765904,9.284815505178857,9.584931373596191,5925400,0.0,0.0
2008-07-11 00:00:00-04:00,9.387981897321001,9.500525026946395,8.91905174334189,9.21916675567627,7127600,0.0,0.0
2008-07-14 00:00:00-04:00,9.406737808835995,9.41611662574768,9.012836442677346,9.12537956237793,3009000,0.0,0.0
2008-07-15 00:00:00-04:00,9.050350746512573,9.378602180598811,8.862778881783237,9.172272682189941,5448700,0.0,0.0
2008-07-16 00:00:00-04:00,9.172272578296278,9.556795120239258,9.059729460733443,9.556795120239258,5416300,0.0,0.0
2008-07-17 00:00:00-04:00,9.575554656351322,9.856912953370374,9.303575177929355,9.78188419342041,4153300,0.0,0.0
2008-07-18 00:00:00-04:00,9.772503154472691,9.89442508529359,9.397359439956974,9.744367599487305,3967300,0.0,0.0
2008-07-21 00:00:00-04:00,9.688095402612193,10.006968000821509,9.669338664465664,9.838152885437012,3586600,0.0,0.0
2008-07-22 00:00:00-04:00,9.744368819837291,9.744368819837291,9.303574229267907,9.378602981567383,4907500,0.0,0.0
2008-07-23 00:00:00-04:00,9.903804090959127,10.025725129696005,9.481766286050002,9.828774452209473,5026600,0.0,0.0
2008-07-24 00:00:00-04:00,9.003458919524602,9.003458919524602,8.290684902059478,8.600178718566895,12985900,0.0,0.0
2008-07-25 00:00:00-04:00,8.80650692430179,8.994078771027539,8.581419813817774,8.675206184387207,6491300,0.0,0.0
2008-07-28 00:00:00-04:00,8.656449736629481,8.656449736629481,8.412606749737124,8.421984672546387,5125300,0.0,0.0
2008-07-29 00:00:00-04:00,8.365714108394062,8.890915385620257,8.365714108394062,8.768994331359863,3618600,0.0,0.0
2008-07-30 00:00:00-04:00,8.9847014354748,8.9847014354748,8.647072055738102,8.844022750854492,3986000,0.0,0.0
2008-07-31 00:00:00-04:00,8.73147818366767,8.937806767813502,8.647070629056595,8.787749290466309,4306000,0.0,0.0
2008-08-01 00:00:00-04:00,8.778370410587984,8.806506858195478,8.450119904885225,8.722099304199219,3350800,0.0,0.0
2008-08-04 00:00:00-04:00,8.7314766494245,8.89091202028102,8.628311481066039,8.665825843811035,2620500,0.0,0.0
2008-08-05 00:00:00-04:00,8.90967019762751,8.956563377550257,8.722098372349533,8.947184562683105,2860700,0.0,0.0
2008-08-06 00:00:00-04:00,8.872159695130895,8.965946095806979,8.609559025416624,8.90029525756836,3551100,0.0,0.0
2008-08-07 00:00:00-04:00,8.881536048222486,9.031593532111723,8.637692189695898,8.77837085723877,2331400,0.0,0.0
2008-08-08 00:00:00-04:00,8.844023036565183,9.003459361305945,8.628314699510444,8.994080543518066,2771800,0.0,0.0
2008-08-11 00:00:00-04:00,8.984698202929025,9.294191913273597,8.90966947887052,9.191027641296387,3348100,0.0,0.0
2008-08-12 00:00:00-04:00,9.24730410551932,9.275440564185171,9.059732186480954,9.200411796569824,2893500,0.0,0.0
2008-08-13 00:00:00-04:00,9.27543876769561,9.36922426184346,9.050351614031538,9.21916675567627,2759700,0.0,0.0
2008-08-14 00:00:00-04:00,9.09724354832686,9.406737335534544,9.003458067168475,9.294194221496582,1784300,0.0,0.0
2008-08-15 00:00:00-04:00,9.228545188903809,9.359845054122792,9.162895256294318,9.228545188903809,1557200,0.0,0.0
2008-08-18 00:00:00-04:00,9.2097892746093,9.25668247569576,8.909674218717427,9.031596183776855,2677200,0.0,0.0
2008-08-19 00:00:00-04:00,8.928427948602124,9.003456679732139,8.815883957494075,8.853398323059082,1687500,0.0,0.0
2008-08-20 00:00:00-04:00,8.909671595996176,9.134757821656924,8.759614112222346,8.890913963317871,2231600,0.0,0.0
2008-08-21 00:00:00-04:00,8.675206553996277,9.02221470882655,8.675206553996277,8.890913963317871,1579400,0.0,0.0
2008-08-22 00:00:00-04:00,8.881537822431339,9.012837699856792,8.778372610838957,8.872159004211426,2955500,0.0,0.0
2008-08-25 00:00:00-04:00,8.815887066097805,8.947187839080314,8.787751505606318,8.825265884399414,1789400,0.0,0.0
2008-08-26 00:00:00-04:00,8.834643638109647,8.834643638109647,8.600178575302943,8.693964958190918,1229300,0.0,0.0
2008-08-27 00:00:00-04:00,8.656450306112381,8.90967302129927,8.656450306112381,8.768994331359863,1301300,0.0,0.0
2008-08-28 00:00:00-04:00,8.7971288525547,8.984700715148078,8.7971288525547,8.92842960357666,1410100,0.0,0.0
2008-08-29 00:00:00-04:00,8.834644081180164,8.956566027283804,8.693965394206192,8.750236511230469,1820400,0.0,0.0
2008-09-02 00:00:00-04:00,8.609554879352272,8.956562963685226,8.609554879352272,8.731476783752441,2027500,0.0,0.0
2008-09-03 00:00:00-04:00,8.759615692238167,8.759615692238167,8.468878594174795,8.562664985656738,3534100,0.0,0.0
2008-09-04 00:00:00-04:00,8.581420345926395,8.581420345926395,8.318819744227255,8.346955299377441,3732100,0.0,0.0
2008-09-05 00:00:00-04:00,8.346954720228275,8.637691751318133,8.300062429702619,8.609556198120117,4031700,0.0,0.0
2008-09-08 00:00:00-04:00,8.844019992374848,8.919048720025735,8.450118725001202,8.637690544128418,3242400,0.0,0.0
2008-09-09 00:00:00-04:00,8.759615582384868,8.83464433686417,8.206277847290039,8.206277847290039,2607400,0.0,0.0
2008-09-10 00:00:00-04:00,8.309438595011988,8.47825366734829,8.131245603200385,8.40322494506836,2411500,0.0,0.0
2008-09-11 00:00:00-04:00,8.215655445734457,8.440741675762292,8.103112330720542,8.346955299377441,2777000,0.0,0.0
2008-09-12 00:00:00-04:00,8.215655967989132,8.290684716101188,8.056219654647707,8.178141593933105,2570000,0.0,0.0
2008-09-15 00:00:00-04:00,7.840512008927414,8.150005845173673,7.699833317693043,7.7467265129089355,3710300,0.0,0.0
2008-09-16 00:00:00-04:00,7.6341829262564245,8.196898552085203,7.521639801090669,8.03746223449707,4015100,0.0,0.0
2008-09-17 00:00:00-04:00,7.784237439412071,8.140624312886343,7.62480118300482,7.737344264984131,4108600,0.0,0.0
2008-09-18 00:00:00-04:00,7.87802672993087,8.018706321716309,7.568532880181586,8.018706321716309,6320900,0.0,0.0
2008-09-19 00:00:00-04:00,8.215653534436907,9.350464131506934,8.018702905378044,8.121867179870605,5331600,0.0,0.0
2008-09-22 00:00:00-04:00,8.112490722239416,8.1968982869872,7.812375731503497,7.8311333656311035,2112500,0.0,0.0
2008-09-23 00:00:00-04:00,7.840512163431439,7.953055297519357,7.615425895255607,7.652940273284912,3429400,0.0,0.0
2008-09-24 00:00:00-04:00,7.690454415346039,7.812376363803651,7.502882530954828,7.568532466888428,2729200,0.0,0.0
2008-09-25 00:00:00-04:00,7.549775866481877,7.821755327525689,7.493503852908224,7.643561363220215,2894300,0.0,0.0
2008-09-26 00:00:00-04:00,7.60604592295038,7.802996601320893,7.390338505618156,7.793618679046631,2206300,0.0,0.0
2008-09-29 00:00:00-04:00,7.62480397855898,7.727968284594228,7.221523782798326,7.277795791625977,4081400,0.0,0.0
2008-09-30 00:00:00-04:00,7.399717182389802,7.399717182389802,7.0714661872097455,7.32468843460083,3181200,0.0,0.0
2008-10-01 00:00:00-04:00,7.27779512736099,7.3809594239801415,7.137116012545284,7.259037494659424,2236400,0.0,0.0
2008-10-02 00:00:00-04:00,7.202765531833017,7.268415900965126,6.686942736217488,6.705699920654297,2949400,0.0,0.0
2008-10-03 00:00:00-04:00,6.761972871400607,6.958923572292402,6.452479040629683,6.471236228942871,4614900,0.0,0.0
2008-10-06 00:00:00-04:00,6.396206768106553,6.424342323860502,5.964791037422166,6.330556392669678,5214800,0.0,0.0
2008-10-07 00:00:00-04:00,6.536886362437647,6.536886362437647,5.795976730814642,5.805355548858643,4228300,0.0,0.0
2008-10-08 00:00:00-04:00,5.627162529115935,6.096092739875597,5.542754948073053,5.692812919616699,5425700,0.0,0.0
2008-10-09 00:00:00-04:00,5.786598251216936,5.9178985709185135,5.420832851302073,5.448968410491943,4053000,0.0,0.0
2008-10-10 00:00:00-04:00,5.317666534530632,5.599024280120879,4.923765243497768,5.373938083648682,7193100,0.0,0.0
2008-10-13 00:00:00-04:00,5.692811939253661,5.908519816944172,5.552132810810872,5.861626625061035,3481000,0.0,0.0
2008-10-14 00:00:00-04:00,6.124227957808588,6.124227957808588,5.580268607974023,5.720947742462158,6014700,0.0,0.0
2008-10-15 00:00:00-04:00,5.80535432731375,5.852247066046749,5.308288255739315,5.327045440673828,3918100,0.0,0.0
2008-10-16 00:00:00-04:00,5.280153237194702,5.561511039733887,5.073823734792691,5.561511039733887,4830800,0.0,0.0
2008-10-17 00:00:00-04:00,5.448968410491943,5.711569497101748,5.1769889532210644,5.448968410491943,4102000,0.0,0.0
2008-10-20 00:00:00-04:00,5.5521320613279075,5.739703909126867,5.392695767095512,5.711568355560303,3411800,0.0,0.0
2008-10-21 00:00:00-04:00,5.570890178762342,5.76784087552717,5.505239797438521,5.542754173278809,2648000,0.0,0.0
2008-10-22 00:00:00-04:00,5.327046270501645,5.533375784129109,4.980038071554207,5.139474391937256,2730300,0.0,0.0
2008-10-23 00:00:00-04:00,4.792466498971193,4.933145640479649,4.40794345255386,4.604894161224365,3961700,0.0,0.0
2008-10-24 00:00:00-04:00,4.295398882052013,4.689300167691109,4.257884516487006,4.426699161529541,2998200,0.0,0.0
2008-10-27 00:00:00-04:00,4.323535503021132,4.604893285313452,4.220370759243993,4.389185428619385,3485400,0.0,0.0
2008-10-28 00:00:00-04:00,4.604894503246271,4.8206024169921875,4.323536646538573,4.8206024169921875,3233000,0.0,0.0
2008-10-29 00:00:00-04:00,4.642408010266477,4.783087135742622,4.464214958164188,4.482972145080566,3686300,0.0,0.0
2008-10-30 00:00:00-04:00,4.604894446455751,4.708059216246294,4.332914964722521,4.4079437255859375,3436200,0.0,0.0
2008-10-31 00:00:00-04:00,4.41732143571435,4.820601147750399,4.3329138773228095,4.783086776733398,5024100,0.0,0.0
2008-11-03 00:00:00-05:00,4.7174361671422815,5.06444427234501,4.7174361671422815,4.867493629455566,2251200,0.0,0.0
2008-11-04 00:00:00-05:00,5.07382445115014,5.252017974853516,4.8956309274467635,5.252017974853516,3293400,0.0,0.0
2008-11-05 00:00:00-05:00,5.186367779589337,5.289532093063482,4.980038258227744,4.98941707611084,2803300,0.0,0.0
2008-11-06 00:00:00-05:00,4.848737642328846,4.980037954230645,4.642408133562252,4.726815700531006,3500300,0.0,0.0
2008-11-07 00:00:00-05:00,4.773709154623695,4.829980719955175,4.604894011422607,4.698680400848389,2329700,0.0,0.0
2008-11-10 00:00:00-05:00,4.7174371980290335,4.773708758693362,4.295399822236646,4.314157009124756,2579300,0.0,0.0
2008-11-11 00:00:00-05:00,4.40794255496826,4.436078556423306,4.182856332154177,4.267263889312744,2316900,0.0,0.0
2008-11-12 00:00:00-05:00,4.192236467066913,4.286022879951738,3.9202569429971486,3.929635763168335,1808000,0.0,0.0
2008-11-13 00:00:00-05:00,3.8546054904826237,4.192234835524373,3.5920044415768992,4.173477649688721,3797000,0.0,0.0
2008-11-14 00:00:00-05:00,4.1172068136219435,4.304779152052539,3.760820220296474,3.7983345985412598,2194300,0.0,0.0
2008-11-17 00:00:00-05:00,3.7608198387656544,3.8077125832110905,3.5075973640958096,3.5263545513153076,2325300,0.0,0.0
2008-11-18 00:00:00-05:00,3.5544898525372597,3.6388974072392006,3.357539189703771,3.4700825214385986,2276700,0.0,0.0
2008-11-19 00:00:00-05:00,3.470082406309919,3.554489734608156,3.048045317612192,3.066802501678467,2518800,0.0,0.0
2008-11-20 00:00:00-05:00,3.048045035904473,3.1418309475679256,2.7760656684772096,2.7854442596435547,2958400,0.0,0.0
2008-11-21 00:00:00-05:00,2.8135804432990907,2.944880962371826,2.626008369025161,2.944880962371826,4424600,0.0,0.0
2008-11-24 00:00:00-05:00,3.0011530369532635,3.254375302784623,2.963638660326888,3.2356181144714355,2664700,0.0,0.0
2008-11-25 00:00:00-05:00,3.3106460542385174,3.3106460542385174,3.0855596261847498,3.22623872756958,1720600,0.0,0.0
2008-11-26 00:00:00-05:00,3.1699677069559216,3.4607043266296387,3.085560142557981,3.4607043266296387,2423600,0.0,0.0
2008-11-28 00:00:00-05:00,3.5263545470399476,3.554490327835083,3.32940385787069,3.554490327835083,786900,0.0,0.0
2008-12-01 00:00:00-05:00,3.4700833897696044,3.5638693366809444,3.0855605602264404,3.0855605602264404,2571900,0.0,0.0
2008-12-02 00:00:00-05:00,3.151210158089682,3.263753497808936,3.0011526699350703,3.21686053276062,2699400,0.0,0.0
2008-12-03 00:00:00-05:00,3.216860885286542,3.582626276349811,3.216860885286542,3.5169761180877686,4386100,0.0,0.0
2008-12-04 00:00:00-05:00,3.3762967622316977,3.6670336055087196,3.3669181688100718,3.4607043266296387,3830700,0.0,0.0
2008-12-05 00:00:00-05:00,3.4607044090459342,3.6201405010105323,3.235617937963191,3.4419472217559814,5948500,0.0,0.0
2008-12-08 00:00:00-05:00,3.6107618065384135,3.7326837441218608,3.545111652856798,3.685790777206421,2903400,0.0,0.0
2008-12-09 00:00:00-05:00,3.7420634232115275,3.9671499533146033,3.6107628541499963,3.7889564037323,3007000,0.0,0.0
2008-12-10 00:00:00-05:00,3.8358498561750687,4.079693370668605,3.7983354693299094,3.939014196395874,2901900,0.0,0.0
2008-12-11 00:00:00-05:00,3.929633752647337,3.9483909361862,3.7139259183471456,3.723304510116577,2498700,0.0,0.0
2008-12-12 00:00:00-05:00,3.563869791887432,3.892121095210723,3.5263554083312534,3.807713508605957,3834600,0.0,0.0
2008-12-15 00:00:00-05:00,3.7514405262442576,3.8733624506767703,3.6013828246973065,3.695168972015381,2391600,0.0,0.0
2008-12-16 00:00:00-05:00,3.8546062823549763,3.9483922308001884,3.6951699463947767,3.901499032974243,2957900,0.0,0.0
2008-12-17 00:00:00-05:00,3.92025635829208,4.173478651458203,3.7889560259261965,3.9765279293060303,4846700,0.0,0.0
2008-12-18 00:00:00-05:00,3.995285047168946,4.0046634175147116,3.6951695935916646,3.770198345184326,2858500,0.0,0.0
2008-12-19 00:00:00-05:00,3.8452263815346455,4.10782741046974,3.770197643897919,4.0234198570251465,6372100,0.0,0.0
2008-12-22 00:00:00-05:00,3.985905962987069,4.032799153198971,3.7420623130190513,3.8827412128448486,4106500,0.0,0.0
2008-12-23 00:00:00-05:00,3.892121095210723,3.920256659274493,3.7701991250497784,3.807713508605957,3146500,0.0,0.0
2008-12-24 00:00:00-05:00,3.84522738071499,3.9296349560928485,3.8358490096767106,3.9202561378479004,951000,0.0,0.0
2008-12-26 00:00:00-05:00,3.9296344030567503,4.014041966555531,3.8264696529145295,3.8827412128448486,1629400,0.0,0.0
2008-12-29 00:00:00-05:00,3.8077125655678086,3.892120131267752,3.7514410041700517,3.835848569869995,1528300,0.0,0.0
2008-12-30 00:00:00-05:00,3.7983343382859487,4.032799409854054,3.7608199626115826,3.9952850341796875,2384900,0.0,0.0
2008-12-31 00:00:00-05:00,3.9483912633961102,4.042177188862626,3.9296340783028074,3.9577696323394775,2584800,0.0,0.0
2009-01-02 00:00:00-05:00,3.9577705190974304,4.407943509406743,3.892120580164962,4.379807949066162,4406900,0.0,0.0
2009-01-05 00:00:00-05:00,4.501729077870264,5.092580655985385,4.501729077870264,4.8487372398376465,9510000,0.0,0.0
2009-01-06 00:00:00-05:00,4.895630120696095,5.148852360607848,4.886251751102785,5.036309242248535,5751400,0.0,0.0
2009-01-07 00:00:00-05:00,4.867494484497739,5.008173603731916,4.736194181908915,4.914387226104736,4159000,0.0,0.0
2009-01-08 00:00:00-05:00,4.773707882864633,5.130094368352749,4.623649968084161,5.111337184906006,5036900,0.0,0.0
2009-01-09 00:00:00-05:00,5.158231092404858,5.176988278488975,4.839358481768266,4.914387226104736,4747500,0.0,0.0
2009-01-12 00:00:00-05:00,4.905008379972395,4.970658748489867,4.679921721631454,4.745572090148926,2956000,0.0,0.0
2009-01-13 00:00:00-05:00,4.792465593090938,5.055066190209944,4.642407661816356,4.783086776733398,5641600,0.0,0.0
2009-01-14 00:00:00-05:00,4.604893829901263,4.745572961287825,4.417321952856934,4.679922580718994,3779900,0.0,0.0
2009-01-15 00:00:00-05:00,4.754950082875754,4.754950082875754,4.314155658222326,4.595513820648193,3289300,0.0,0.0
2009-01-16 00:00:00-05:00,4.801844056132432,4.811222872673356,4.511107451462609,4.792465686798096,4622600,0.0,0.0
2009-01-20 00:00:00-05:00,4.3516718142008735,4.623651274638012,4.060935165016575,4.248507499694824,4838100,0.0,0.0
2009-01-21 00:00:00-05:00,4.24850614869901,4.426699161529541,4.098448239232466,4.426699161529541,4319000,0.0,0.0
2009-01-22 00:00:00-05:00,4.398564419349522,4.398564419349522,4.117206178696005,4.239128112792969,3342900,0.0,0.0
2009-01-23 00:00:00-05:00,4.1547202597336295,4.642407514707343,4.060934335163023,4.539243221282959,4445700,0.0,0.0
2009-01-26 00:00:00-05:00,4.558001174259608,4.820601807307776,4.5017296100349995,4.689301490783691,3583600,0.0,0.0
2009-01-27 00:00:00-05:00,4.783087190304883,4.89563031308697,4.642408063223965,4.773708820343018,3501100,0.0,0.0
2009-01-28 00:00:00-05:00,4.895630132906133,5.008173698752736,4.75495145820943,4.923766136169434,4486800,0.0,0.0
2009-01-29 00:00:00-05:00,4.361050389743635,4.829980529561087,4.361050389743635,4.679922580718994,5732500,0.0,0.0
2009-01-30 00:00:00-05:00,4.8393573976275635,4.980036485346003,4.5017281237511,4.511106491088867,5128900,0.0,0.0
2009-02-02 00:00:00-05:00,4.436078793164713,4.736194220139735,4.39856442069366,4.520486354827881,3859800,0.0,0.0
2009-02-03 00:00:00-05:00,4.454835823979544,4.56737893746629,4.3422927104927975,4.5017290115356445,4994800,0.0,0.0
2009-02-04 00:00:00-05:00,4.407943084862181,4.736194536736138,4.407943084862181,4.614272594451904,4037900,0.0,0.0
2009-02-05 00:00:00-05:00,4.454836416244507,4.773709060723923,4.445457598603753,4.689301490783691,3984900,0.0,0.0
2009-02-06 00:00:00-05:00,4.726815448985023,5.0363092484580205,4.708058262568677,4.980037689208984,4234800,0.0,0.0
2009-02-09 00:00:00-05:00,4.92376638484207,5.130095446102633,4.867494822680098,4.951902389526367,3916800,0.0,0.0
2009-02-10 00:00:00-05:00,4.829981904739802,4.95190388313521,4.4829736098052635,4.548623561859131,6716800,0.0,0.0
2009-02-11 00:00:00-05:00,4.558000727298934,4.595515099769988,4.436078793164713,4.520486354827881,2052900,0.0,0.0
2009-02-12 00:00:00-05:00,4.407942479677547,4.623650329793222,4.332913740021062,4.539243221282959,4518600,0.0,0.0
2009-02-13 00:00:00-05:00,4.5486215901367375,4.623650329793222,4.492350035394374,4.539243221282959,1919800,0.0,0.0
2009-02-17 00:00:00-05:00,4.464215489587102,4.464215489587102,4.089071259395525,4.145342826843262,3414800,0.0,0.0
2009-02-18 00:00:00-05:00,4.2203702839068455,4.276641834027487,4.014041266797827,4.051555633544922,3848200,0.0,0.0
2009-02-19 00:00:00-05:00,4.070313623889753,4.192235116386428,3.8546057487249357,3.892120122909546,3005900,0.0,0.0
2009-02-20 00:00:00-05:00,3.8170912831961124,3.9202555861317276,3.554490222981352,3.8827412128448486,5039300,0.0,0.0
2009-02-23 00:00:00-05:00,3.9108775836143908,3.9483919604235793,3.6576553165490457,3.6670339107513428,2644500,0.0,0.0
2009-02-24 00:00:00-05:00,3.7233046229296147,4.051555792011988,3.7233046229296147,4.014041423797607,3973700,0.0,0.0
2009-02-25 00:00:00-05:00,4.042178397691215,4.1828575515649,3.817092109258682,4.070314407348633,3342800,0.0,0.0
2009-02-26 00:00:00-05:00,4.145344366100273,4.154722740553959,3.9296363871835265,3.9483935832977295,2989900,0.0,0.0
2009-02-27 00:00:00-05:00,3.845227249883602,3.9952852062504647,3.7139269293684185,3.8733632564544678,2266600,0.0,0.0
2009-03-02 00:00:00-05:00,3.7983341214067803,3.873362868471484,3.676412183823333,3.685790777206421,2478300,0.0,0.0
2009-03-03 00:00:00-05:00,3.7889546318710665,3.7983334471926944,3.5451110235903522,3.6107611656188965,3184500,0.0,0.0
2009-03-04 00:00:00-05:00,3.6764122637697754,3.835848578352641,3.592004697883172,3.7795770168304443,2882700,0.0,0.0
2009-03-05 00:00:00-05:00,3.676411531250705,3.77019744843434,3.5451110235903522,3.6107611656188965,2711400,0.0,0.0
2009-03-06 00:00:00-05:00,3.601383150529598,3.6857907131129,3.0386671101229825,3.282510757446289,7209900,0.0,0.0
2009-03-09 00:00:00-04:00,3.235617319421684,3.47946093117966,3.179345768309059,3.22623872756958,3095000,0.0,0.0
2009-03-10 00:00:00-04:00,3.3762969044734983,3.592004785861877,3.2449965910391114,3.535733222961426,3462900,0.0,0.0
2009-03-11 00:00:00-04:00,3.648276403370505,3.7326837438112728,3.4888400922679725,3.5732474327087402,2520900,0.0,0.0
2009-03-12 00:00:00-04:00,3.573247912504857,3.9296349560928485,3.5169763446551743,3.9202561378479004,3917700,0.0,0.0
2009-03-13 00:00:00-04:00,3.976526295156956,4.079691023223781,3.7795761011479407,4.0327982902526855,3262700,0.0,0.0
2009-03-16 00:00:00-04:00,4.051557175558546,4.107828747096022,3.8170920705490476,3.8639848232269287,2546800,0.0,0.0
2009-03-17 00:00:00-04:00,3.8358492253745013,3.9765279293060303,3.7608204640225678,3.9765279293060303,2500700,0.0,0.0
2009-03-18 00:00:00-04:00,4.014040912529825,4.267263089327295,3.920254556732883,4.229748725891113,3253400,0.0,0.0
2009-03-19 00:00:00-04:00,4.220370451149958,4.3047780032790515,4.135962899020864,4.18285608291626,2012300,0.0,0.0
2009-03-20 00:00:00-04:00,4.2109923818041075,4.267264391334311,3.845227003097534,3.845227003097534,3873500,0.0,0.0
2009-03-23 00:00:00-04:00,3.9202543167779846,4.210990839215941,3.8921187695262414,4.20161247253418,2969400,0.0,0.0
2009-03-24 00:00:00-04:00,4.004662977167846,4.332913952895062,3.9390126031397683,4.173477649688721,5728700,0.0,0.0
2009-03-25 00:00:00-04:00,4.3047780032790515,4.445456660552147,3.9952842417477683,4.18285608291626,3636300,0.0,0.0
2009-03-26 00:00:00-04:00,4.286021733917994,4.66116549632105,4.2672645457978415,4.633029937744141,4344100,0.0,0.0
2009-03-27 00:00:00-04:00,4.5673794958053655,4.5673794958053655,4.407943175272234,4.454836368560791,2622800,0.0,0.0
2009-03-30 00:00:00-04:00,4.426700138380497,4.426700138380497,4.145342334555011,4.257885456085205,2201600,0.0,0.0
2009-03-31 00:00:00-04:00,3.9859052709665184,4.286020652363053,3.863983355348564,4.107827186584473,11489300,0.0,0.0
2009-04-01 00:00:00-04:00,3.9952849066351015,4.295399902449225,3.9952849066351015,4.210992336273193,19144500,0.0,0.0
2009-04-02 00:00:00-04:00,4.389185447275675,4.670543677970489,4.26726396470073,4.558000564575195,11085800,0.0,0.0
2009-04-03 00:00:00-04:00,4.50173017939013,4.876873988333727,4.389186589500354,4.8206024169921875,9208800,0.0,0.0
2009-04-06 00:00:00-04:00,4.679922437484661,4.783087190304883,4.595515319001405,4.773708820343018,4249100,0.0,0.0
2009-04-07 00:00:00-04:00,4.633029640411594,4.717437205138603,4.436078954186314,4.482972145080566,3844800,0.0,0.0
2009-04-08 00:00:00-04:00,4.511107435977058,4.633029367351013,4.417321506922703,4.623650550842285,2829400,0.0,0.0
2009-04-09 00:00:00-04:00,4.698680488630327,5.017552698132632,4.670544481835619,4.998795509338379,5629100,0.0,0.0
2009-04-13 00:00:00-04:00,4.876873192770448,4.998795134391366,4.792466073130802,4.951902389526367,3022500,0.0,0.0
2009-04-14 00:00:00-04:00,4.876870927374077,5.083200339997451,4.679920327691046,4.801842212677002,5985800,0.0,0.0
2009-04-15 00:00:00-04:00,4.792466343067522,4.801844713686111,4.595515640804018,4.698680400848389,3777300,0.0,0.0
2009-04-16 00:00:00-04:00,4.78308686131271,4.9612803503977485,4.614272188751056,4.905008792877197,6439400,0.0,0.0
2009-04-17 00:00:00-04:00,4.933144165765213,5.130094368352749,4.867493800098348,5.111337184906006,6410000,0.0,0.0
2009-04-20 00:00:00-04:00,4.998795578565376,5.036309956673409,4.567379783116332,4.604894161224365,4512900,0.0,0.0
2009-04-21 00:00:00-04:00,4.595515157934738,4.689301090299406,4.126585048904797,4.586136341094971,6677700,0.0,0.0
2009-04-22 00:00:00-04:00,4.492350418643626,5.017552088251335,4.454836045614974,4.754951477050781,5060300,0.0,0.0
2009-04-23 00:00:00-04:00,4.942523169125238,4.942523169125238,4.4829718920127455,4.8487372398376465,9170000,0.0,0.0
2009-04-24 00:00:00-04:00,4.8862517571272575,5.045688065269493,4.689301076152332,4.980037689208984,4981100,0.0,0.0
2009-04-27 00:00:00-04:00,4.867492561640151,4.970657267951838,4.689299140631388,4.801842212677002,3035300,0.0,0.0
2009-04-28 00:00:00-04:00,4.754950999363299,4.895629660484708,4.604893075117075,4.811222553253174,2525000,0.0,0.0
2009-04-29 00:00:00-04:00,4.848737617825027,5.214502994163473,4.801844425922341,5.064445495605469,6673100,0.0,0.0
2009-04-30 00:00:00-04:00,5.205123240196393,5.936653798377826,5.205123240196393,5.570888519287109,13532000,0.0,0.0
2009-05-01 00:00:00-04:00,5.570889392116528,6.152362582739825,5.561510575877488,5.899140357971191,10345500,0.0,0.0
2009-05-04 00:00:00-04:00,5.9460350039745755,6.56502271704717,5.76784147656135,6.480615139007568,11991100,0.0,0.0
2009-05-05 00:00:00-04:00,6.443099985412086,6.499371548277786,6.199256546327388,6.386828422546387,5719200,0.0,0.0
2009-05-06 00:00:00-04:00,6.311798888537837,6.508749557722448,6.246148516407442,6.349313259124756,6281700,0.0,0.0
2009-05-07 00:00:00-04:00,6.865136896791441,7.06208757662772,5.880383497610042,6.105470180511475,12192200,0.0,0.0
2009-05-08 00:00:00-04:00,6.161742515949931,6.180499704621651,5.739705100026245,6.0867133140563965,8833400,0.0,0.0
2009-05-11 00:00:00-04:00,6.021062056014525,6.227391086125499,5.8616257636891325,6.039819240570068,5204200,0.0,0.0
2009-05-12 00:00:00-04:00,6.086712911231221,6.096091728549707,5.505239653683762,5.636540412902832,6009700,0.0,0.0
2009-05-13 00:00:00-04:00,5.50524025649375,5.570890643291838,5.2238824142305305,5.252017974853516,7196800,0.0,0.0
2009-05-14 00:00:00-04:00,5.261396354476651,5.720947682123493,5.2238819786363635,5.542754173278809,6962400,0.0,0.0
2009-05-15 00:00:00-04:00,5.542754665837438,5.786598577675209,5.40207596753822,5.486483097076416,3835300,0.0,0.0
2009-05-18 00:00:00-04:00,5.83349143361643,6.096092539793877,5.580269146005567,5.7865986824035645,6411200,0.0,0.0
2009-05-19 00:00:00-04:00,5.917897162991501,6.339934475292501,5.833489611089993,6.133605003356934,7294300,0.0,0.0
2009-05-20 00:00:00-04:00,6.246148270681042,6.339934640665312,5.955411686466848,6.039819240570068,6160200,0.0,0.0
2009-05-21 00:00:00-04:00,5.992927396730495,6.124228165209548,5.79597669121857,5.974170207977295,7499600,0.0,0.0
2009-05-22 00:00:00-04:00,6.096093377529184,6.34931569993828,5.974171402648981,6.002307415008545,6684400,0.0,0.0
2009-05-26 00:00:00-04:00,6.039819083025559,6.161741003059618,5.852246795156268,6.133605003356934,7340300,0.0,0.0
2009-05-27 00:00:00-04:00,6.133606887160353,6.686944657870889,6.058578127851809,6.536886692047119,10690400,0.0,0.0
2009-05-28 00:00:00-04:00,6.555643244639854,6.752593942283738,6.321178170988243,6.686944007873535,9665100,0.0,0.0
2009-05-29 00:00:00-04:00,6.7432142895279155,6.790107027016663,6.518127629079653,6.705699920654297,5430900,0.0,0.0
2009-06-01 00:00:00-04:00,6.799487072173922,7.090223707112425,6.733836691172337,7.02457332611084,6184800,0.0,0.0
2009-06-02 00:00:00-04:00,6.827623212215454,7.005816276494277,6.640050883027608,6.808866024017334,6087500,0.0,0.0
2009-06-03 00:00:00-04:00,6.780728821868426,6.7901071907096435,6.471235047596655,6.611914157867432,5189500,0.0,0.0
2009-06-04 00:00:00-04:00,7.174631699269711,7.174631699269711,6.893273418040836,7.015195369720459,8435300,0.0,0.0
2009-06-05 00:00:00-04:00,6.940165346243842,6.940165346243842,6.565021188867254,6.696321487426758,10160100,0.0,0.0
2009-06-08 00:00:00-04:00,6.630672465993848,6.658808024490234,6.424342950056024,6.574400901794434,6408600,0.0,0.0
2009-06-09 00:00:00-04:00,6.6963204782515,6.855756754649049,6.611913379787188,6.799485206604004,5093600,0.0,0.0
2009-06-10 00:00:00-04:00,6.799486469080484,6.940165588916571,6.761972096751739,6.893272399902344,6046600,0.0,0.0
2009-06-11 00:00:00-04:00,6.7807280846698355,6.987057096016804,6.696320538242818,6.752592086791992,5228600,0.0,0.0
2009-06-12 00:00:00-04:00,6.7432144520904265,6.7432144520904265,6.424341861770874,6.611914157867432,4803500,0.0,0.0
2009-06-15 00:00:00-04:00,6.480613952309276,6.61191470459588,6.386828020109274,6.565021514892578,3815400,0.0,0.0
2009-06-16 00:00:00-04:00,6.593158584622884,6.649430153045014,6.218014347935351,6.405586242675781,6429400,0.0,0.0
2009-06-17 00:00:00-04:00,6.349314047302586,6.518128735899685,6.096091790803625,6.386828422546387,5661000,0.0,0.0
2009-06-18 00:00:00-04:00,6.4149646180213,6.461857364864824,6.067955965904689,6.236771106719971,5247400,0.0,0.0
2009-06-19 00:00:00-04:00,6.321177331830118,6.321177331830118,6.124227107538694,6.189877033233643,4400100,0.0,0.0
2009-06-22 00:00:00-04:00,6.13360657788546,6.236771340336172,5.795976730814642,5.805355548858643,7199000,0.0,0.0
2009-06-23 00:00:00-04:00,5.7772188121681705,5.899140748099322,5.5896469470484,5.833490371704102,5107100,0.0,0.0
2009-06-24 00:00:00-04:00,5.889763279718862,6.293043075040958,5.861627272042124,6.171121120452881,9746600,0.0,0.0
2009-06-25 00:00:00-04:00,6.077333843422748,6.4993707357577915,6.077333843422748,6.461856365203857,8624500,0.0,0.0
2009-06-26 00:00:00-04:00,6.44309879803638,6.611913902729774,6.311798508879944,6.414963245391846,4113800,0.0,0.0
2009-06-29 00:00:00-04:00,6.5275079497573145,6.668187089068922,6.3493144329235,6.489993572235107,3516000,0.0,0.0
2009-06-30 00:00:00-04:00,6.527506995617872,6.5462641816371985,6.33055631881165,6.43372106552124,5780200,0.0,0.0
2009-07-01 00:00:00-04:00,6.43372052324594,6.733835474259547,6.349312969670087,6.593156814575195,8751700,0.0,0.0
2009-07-02 00:00:00-04:00,6.480612515735002,6.52750569504337,6.330555057478626,6.3399338722229,3846400,0.0,0.0
2009-07-06 00:00:00-04:00,6.208635343899736,6.368071673263827,5.983549076943368,6.1523637771606445,6925400,0.0,0.0
2009-07-07 00:00:00-04:00,6.161741806473604,6.255527739033489,5.814733185192124,5.833490371704102,7745900,0.0,0.0
2009-07-08 00:00:00-04:00,5.899142015580003,5.908520834454412,5.599026519699408,5.692812919616699,5678400,0.0,0.0
2009-07-09 00:00:00-04:00,5.814733667770128,6.067955930300612,5.758462103564091,5.9460344314575195,9447000,0.0,0.0
2009-07-10 00:00:00-04:00,5.9272776271916925,6.0585779521743985,5.749084105397543,5.9366559982299805,5079700,0.0,0.0
2009-07-13 00:00:00-04:00,5.964791416759412,6.2273920407940855,5.805355099992191,6.208634853363037,5863400,0.0,0.0
2009-07-14 00:00:00-04:00,6.14298474991213,6.593157682929272,6.1148487459456655,6.527507305145264,8224000,0.0,0.0
2009-07-15 00:00:00-04:00,6.752592748784725,6.987057780995396,6.677564010030359,6.940165042877197,13079700,0.0,0.0
2009-07-16 00:00:00-04:00,6.8088643790811965,7.090222134080502,6.8088643790811965,7.062086582183838,4985800,0.0,0.0
2009-07-17 00:00:00-04:00,7.043329464760545,7.155872567818748,6.91202873065277,7.127736568450928,4162800,0.0,0.0
2009-07-20 00:00:00-04:00,7.202765085981457,7.268415451049805,7.099600801568158,7.268415451049805,5478600,0.0,0.0
2009-07-21 00:00:00-04:00,7.268416578377452,7.287173764562421,6.883894037982303,7.118359088897705,5684900,0.0,0.0
2009-07-22 00:00:00-04:00,7.108980329816849,7.296552640393312,6.958922839120957,7.184009075164795,4782500,0.0,0.0
2009-07-23 00:00:00-04:00,7.155872911140496,7.42785231351668,7.033950986707983,7.390337944030762,5904000,0.0,0.0
2009-07-24 00:00:00-04:00,7.155873887151255,7.493503258574782,7.108980695294677,7.455988883972168,3673700,0.0,0.0
2009-07-27 00:00:00-04:00,7.474746664119225,7.681075740798212,7.390339538172058,7.643561363220215,4409100,0.0,0.0
2009-07-28 00:00:00-04:00,7.568531939700844,7.72796825393113,7.409096072677175,7.67169713973999,6155900,0.0,0.0
2009-07-29 00:00:00-04:00,7.5872900885680306,7.634183283182839,7.240281432273067,7.3340678215026855,7456400,0.0,0.0
2009-07-30 00:00:00-04:00,7.643560794466231,7.737347178639279,7.052709167974448,7.230902671813965,12375800,0.0,0.0
2009-07-31 00:00:00-04:00,7.184008464651654,7.502881052488515,7.184008464651654,7.390337944030762,4747000,0.0,0.0
2009-08-03 00:00:00-04:00,7.493500473489169,7.774858625643901,7.493500473489169,7.737344264984131,7340800,0.0,0.0
2009-08-04 00:00:00-04:00,7.615425023771873,7.906162091038007,7.615425023771873,7.7748613357543945,6079400,0.0,0.0
2009-08-05 00:00:00-04:00,7.774861573283748,7.924919072813291,7.6716972659605,7.690454006195068,9168500,0.0,0.0
2009-08-06 00:00:00-04:00,7.718588353119425,7.878024644965841,7.4278522169852135,7.606045246124268,7453500,0.0,0.0
2009-08-07 00:00:00-04:00,7.72796764547169,7.849889575837314,7.606045715106065,7.718588829040527,4631400,0.0,0.0
2009-08-10 00:00:00-04:00,7.690454064967814,7.709211699758983,7.484125001537865,7.521639823913574,3697800,0.0,0.0
2009-08-11 00:00:00-04:00,7.559154033784783,7.559154033784783,7.165252208709717,7.165252208709717,4006600,0.0,0.0
2009-08-12 00:00:00-04:00,7.184008464651654,7.474745051770797,7.146494095165736,7.390337944030762,4541900,0.0,0.0
2009-08-13 00:00:00-04:00,7.512262858338887,7.596670446879646,7.3903408853815105,7.5779128074646,4079000,0.0,0.0
2009-08-14 00:00:00-04:00,7.474746080227725,7.577910834111808,7.268417019666179,7.399717330932617,3160500,0.0,0.0
2009-08-17 00:00:00-04:00,7.1840096550514065,7.305931599686544,7.1089809036472085,7.1371169090271,5663700,0.0,0.0
2009-08-18 00:00:00-04:00,7.193389286377924,7.465368764590856,7.1840104677880445,7.409097194671631,3339700,0.0,0.0
2009-08-19 00:00:00-04:00,7.268416637064025,7.577910435218212,7.23090226439119,7.465367317199707,4091200,0.0,0.0
2009-08-20 00:00:00-04:00,7.446609589169451,7.531016697939945,7.390338034253598,7.5122599601745605,4165000,0.0,0.0
2009-08-21 00:00:00-04:00,7.587289574040047,7.681075062496358,7.380960068374988,7.67169713973999,5159200,0.0,0.0
2009-08-24 00:00:00-04:00,7.69045455879604,7.840512069108031,7.606046985642217,7.643561363220215,5416100,0.0,0.0
2009-08-25 00:00:00-04:00,7.690454006195068,7.831133582813951,7.606046439106389,7.690454006195068,2321700,0.0,0.0
2009-08-26 00:00:00-04:00,7.643561564618578,7.924919851073659,7.643561564618578,7.840512275695801,3766000,0.0,0.0
2009-08-27 00:00:00-04:00,7.849891834958095,7.878027397935555,7.6810766682664955,7.812377452850342,3279900,0.0,0.0
2009-08-28 00:00:00-04:00,7.971809242710923,8.056216777798634,7.66231554366459,7.737344264984131,4721500,0.0,0.0
2009-08-31 00:00:00-04:00,7.62480118300482,7.784237439412071,7.5779080085768795,7.737344264984131,5002400,0.0,0.0
2009-09-01 00:00:00-04:00,7.699832775319669,7.8967834658226375,7.371581773550263,7.399717330932617,7059200,0.0,0.0
2009-09-02 00:00:00-04:00,7.427853544321682,7.437231914643889,7.099602533325001,7.1371169090271,11634800,0.0,0.0
2009-09-03 00:00:00-04:00,7.2871743803756805,7.305931568145752,7.108980872956683,7.305931568145752,11949300,0.0,0.0
2009-09-04 00:00:00-04:00,7.44661229120911,7.634184656196731,7.287175937491987,7.615427017211914,3899300,0.0,0.0
2009-09-08 00:00:00-04:00,7.634182657846626,7.812375709490681,7.577910650035586,7.7748613357543945,3323400,0.0,0.0
2009-09-09 00:00:00-04:00,7.765482503821133,7.953054372142761,7.64356056580877,7.887404441833496,3641000,0.0,0.0
2009-09-10 00:00:00-04:00,7.88740298748426,8.103111267089844,7.821753069280109,8.103111267089844,5069600,0.0,0.0
2009-09-11 00:00:00-04:00,8.112493534177377,8.15938674133721,7.802999619101429,7.878028392791748,5080600,0.0,0.0
2009-09-14 00:00:00-04:00,7.8217529560415535,7.887402873295265,7.634181125021633,7.756103038787842,5394900,0.0,0.0
2009-09-15 00:00:00-04:00,8.431360724062563,8.890911884261477,7.756102204983197,8.647068977355957,22795600,0.0,0.0
2009-09-16 00:00:00-04:00,8.740856042652927,8.862777965728474,8.581419750508992,8.609556198120117,7291700,0.0,0.0
2009-09-17 00:00:00-04:00,8.58141687516129,8.665824400886288,8.271923210444838,8.337574005126953,8851600,0.0,0.0
2009-09-18 00:00:00-04:00,8.525149729234565,8.647071667828916,8.41260660770437,8.51577091217041,3976200,0.0,0.0
2009-09-21 00:00:00-04:00,8.431364059448242,8.572043644051297,8.253170992247,8.431364059448242,5397900,0.0,0.0
2009-09-22 00:00:00-04:00,8.572042264097647,8.825264044557445,8.43136270214162,8.77837085723877,4794600,0.0,0.0
2009-09-23 00:00:00-04:00,8.825263661767806,8.975321139148406,8.656448552508074,8.675206184387207,4145200,0.0,0.0
2009-09-24 00:00:00-04:00,8.806509317680744,8.815887241755869,8.234413911670243,8.440743446350098,5049400,0.0,0.0
2009-09-25 00:00:00-04:00,8.356335582577517,8.656450608623249,8.281306826066082,8.581421852111816,6819000,0.0,0.0
2009-09-28 00:00:00-04:00,8.656449673051828,8.862779178365262,8.590799741802968,8.80650806427002,2536400,0.0,0.0
2009-09-29 00:00:00-04:00,8.768993342553491,8.890914383065864,8.534528289484289,8.543906211853027,5536300,0.0,0.0
2009-09-30 00:00:00-04:00,8.637691815042057,8.787749292422657,8.403226783031592,8.675206184387207,4474900,0.0,0.0
2009-10-01 00:00:00-04:00,9.162895724875593,9.284816778981497,8.25317096710205,8.25317096710205,22548100,0.0,0.0
2009-10-02 00:00:00-04:00,8.22503609760219,8.572044336596987,7.999948922934904,8.281307220458984,9093500,0.0,0.0
2009-10-05 00:00:00-04:00,8.515769705876094,8.66582717999342,8.356333416023162,8.656448364257812,7900500,0.0,0.0
2009-10-06 00:00:00-04:00,8.815886583201548,9.09724485594485,8.740857829725106,8.994080543518066,8296400,0.0,0.0
2009-10-07 00:00:00-04:00,8.975319803869423,9.059727345941786,8.872155527121528,9.022212982177734,5213300,0.0,0.0
2009-10-08 00:00:00-04:00,9.11599899239715,9.3223275380527,8.994077091193626,9.256677627563477,8420100,0.0,0.0
2009-10-09 00:00:00-04:00,9.209784634308356,9.72560779753782,9.162892351261743,9.659957885742188,8084600,0.0,0.0
2009-10-12 00:00:00-04:00,9.7537449517095,9.941317692422198,9.52865873615,9.622445106506348,6393900,0.0,0.0
2009-10-13 00:00:00-04:00,9.566176072195654,9.800641176388751,9.472390567166451,9.641204833984375,4448400,0.0,0.0
2009-10-14 00:00:00-04:00,9.950698112406483,10.00697012763202,9.659961901245667,9.856912612915039,6446000,0.0,0.0
2009-10-15 00:00:00-04:00,9.791259779568803,9.81939622864142,9.509902444147874,9.566173553466797,6838800,0.0,0.0
2009-10-16 00:00:00-04:00,9.369223033058525,9.547416969071678,9.116001248215058,9.24730110168457,7388300,0.0,0.0
2009-10-19 00:00:00-04:00,9.312953069391984,9.566174885410726,9.172273487680878,9.266059875488281,5918200,0.0,0.0
2009-10-20 00:00:00-04:00,9.472388326352721,9.716231297275213,9.378601949096485,9.53803825378418,8201000,0.0,0.0
2009-10-21 00:00:00-04:00,9.519278085449114,9.631822065949816,9.17227001307529,9.191027641296387,5619300,0.0,0.0
2009-10-22 00:00:00-04:00,9.200409541726806,9.406738154895113,9.059729966115787,9.387981414794922,7518600,0.0,0.0
2009-10-23 00:00:00-04:00,9.491146555455858,9.491146555455858,9.116002776352197,9.14413833618164,4755100,0.0,0.0
2009-10-26 00:00:00-04:00,9.153513762216077,9.425493124881312,8.965941942173327,8.975319862365723,6070500,0.0,0.0
2009-10-27 00:00:00-04:00,8.965942819369841,9.097242659039189,8.53452714385682,8.572041511535645,6856000,0.0,0.0
2009-10-28 00:00:00-04:00,8.618932712480891,8.665825889764044,8.04683845398275,8.121867179870605,11312700,0.0,0.0
2009-10-29 00:00:00-04:00,8.787749555688045,9.087864519440155,8.431362589025843,8.534527778625488,12199100,0.0,0.0
2009-10-30 00:00:00-04:00,8.46887888655394,8.534529720623153,7.8217556251098905,7.849891185760498,12095100,0.0,0.0
2009-11-02 00:00:00-05:00,7.953058307731236,8.10311677105852,7.73735077602132,7.896787166595459,8245900,0.0,0.0
2009-11-03 00:00:00-05:00,7.765482425689697,7.8123756159015985,7.587289376180323,7.765482425689697,5891300,0.0,0.0
2009-11-04 00:00:00-05:00,7.915538551505371,7.981189364226782,7.634181247662103,7.662316799163818,5491400,0.0,0.0
2009-11-05 00:00:00-05:00,7.784238977360688,7.990568448960831,7.699831425596398,7.971810817718506,4198100,0.0,0.0
2009-11-06 00:00:00-05:00,7.896786033421094,8.093736787961564,7.784242872885616,7.878028392791748,5473900,0.0,0.0
2009-11-09 00:00:00-05:00,7.981191250837466,8.14062757105684,7.9436768751631,7.990570068359375,3616500,0.0,0.0
2009-11-10 00:00:00-05:00,8.028084444033741,8.04684118466429,7.915540422597375,7.990570068359375,4328300,0.0,0.0
2009-11-11 00:00:00-05:00,8.046842413977009,8.309443083814964,8.046842413977009,8.140628814697266,5313900,0.0,0.0
2009-11-12 00:00:00-05:00,8.14062480854905,8.28130344598554,8.056217268321973,8.121867179870605,4287100,0.0,0.0
2009-11-13 00:00:00-05:00,8.121870504136648,8.35633559210555,8.05622056571762,8.290685653686523,5091400,0.0,0.0
2009-11-16 00:00:00-05:00,8.421984530355303,8.609557293985517,8.365713416796817,8.51577091217041,3401900,0.0,0.0
2009-11-17 00:00:00-05:00,8.497013090914946,8.656448488645772,8.393847905167041,8.609556198120117,5480600,0.0,0.0
2009-11-18 00:00:00-05:00,8.618936055436201,8.712722446378654,8.431364167964608,8.497014999389648,4700900,0.0,0.0
2009-11-19 00:00:00-05:00,8.440742775405505,8.440742775405505,8.159384504009331,8.300064086914062,4184600,0.0,0.0
2009-11-20 00:00:00-05:00,8.178140006395195,8.356333024967247,8.12186800902804,8.215654373168945,2721700,0.0,0.0
2009-11-23 00:00:00-05:00,8.281306451428117,8.440742775405505,8.271927633685143,8.300064086914062,2701000,0.0,0.0
2009-11-24 00:00:00-05:00,8.206275557872244,8.393847391740998,8.140625639621444,8.215654373168945,2855000,0.0,0.0
2009-11-25 00:00:00-05:00,8.234409872732058,8.47825366734829,8.168759964340351,8.40322494506836,1804000,0.0,0.0
2009-11-27 00:00:00-05:00,8.009327741548827,8.337579237729148,7.990570998734353,8.281307220458984,1311000,0.0,0.0
2009-11-30 00:00:00-05:00,8.281306009154271,8.534528708211129,8.131248510933869,8.309441566467285,6069000,0.0,0.0
2009-12-01 00:00:00-05:00,8.337577293835006,8.703342190366717,8.337577293835006,8.618934631347656,3617800,0.0,0.0
2009-12-02 00:00:00-05:00,8.712719802193114,8.965942444240307,8.647069885105191,8.919049263000488,4988300,0.0,0.0
2009-12-03 00:00:00-05:00,8.956563629109734,9.144135459655967,8.900291632739346,8.919049263000488,9764300,0.0,0.0
2009-12-04 00:00:00-05:00,9.087867750733343,9.266061744629887,8.919053470805546,9.200411796569824,4348200,0.0,0.0
2009-12-07 00:00:00-05:00,9.181653179882503,9.341089517693186,9.031595660628534,9.08786678314209,4826000,0.0,0.0
2009-12-08 00:00:00-05:00,8.956566901001551,9.172274361325789,8.956566901001551,9.08786678314209,3719300,0.0,0.0
2009-12-09 00:00:00-05:00,9.06910574109808,9.22854200332564,9.01283375084773,9.191027641296387,3752900,0.0,0.0
2009-12-10 00:00:00-05:00,9.228547037893039,9.303575802882948,8.994081923696218,9.050353050231934,4974400,0.0,0.0
2009-12-11 00:00:00-05:00,9.13475607346989,9.209784800997992,8.984698618413683,9.022212982177734,2823100,0.0,0.0
2009-12-14 00:00:00-05:00,9.594311432715346,9.706855467447603,9.434875988073621,9.669341087341309,8888600,0.0,0.0
2009-12-15 00:00:00-05:00,9.547416992815146,9.941318343029618,9.519280543218988,9.697474479675293,4541500,0.0,0.0
2009-12-16 00:00:00-05:00,9.725610025870274,9.894425145638515,9.688095654189906,9.810017585754395,6039700,0.0,0.0
2009-12-17 00:00:00-05:00,9.772503302511591,9.81001767453145,9.481766248547801,9.53803825378418,3361700,0.0,0.0
2009-12-18 00:00:00-05:00,9.57555116353607,9.706851892761431,9.509901246129914,9.594307899475098,4457600,0.0,0.0
2009-12-21 00:00:00-05:00,9.716230891011714,9.978832378583784,9.650580966325268,9.885046005249023,3159700,0.0,0.0
2009-12-22 00:00:00-05:00,9.950697112015193,10.20391981345241,9.931940371767945,10.081997871398926,3083000,0.0,0.0
2009-12-23 00:00:00-05:00,10.035105933957594,10.278949848554975,10.035105933957594,10.119513511657715,5658500,0.0,0.0
2009-12-24 00:00:00-05:00,10.157026548587252,10.24143411512944,10.091376616571436,10.128890991210938,1727300,0.0,0.0
2009-12-28 00:00:00-05:00,10.22267597564282,10.22267597564282,9.969454182937667,10.07261848449707,3295700,0.0,0.0
2009-12-29 00:00:00-05:00,10.063240309367472,10.119512319341844,9.950697183831984,10.035104751586914,2193100,0.0,0.0
2009-12-30 00:00:00-05:00,9.941320310260496,10.128892205953207,9.941320310260496,10.100756645202637,1812700,0.0,0.0
2009-12-31 00:00:00-05:00,10.081998641036261,10.241434970168505,10.035105445218546,10.063241004943848,2510700,0.0,0.0
2010-01-04 00:00:00-05:00,10.185162397385682,10.382113093481609,10.185162397385682,10.278948783874512,5172900,0.0,0.0
2010-01-05 00:00:00-05:00,10.232055898958194,10.522792990303888,10.147648327457402,10.316463470458984,6131900,0.0,0.0
2010-01-06 00:00:00-05:00,10.232053185138648,10.447761465585986,10.175782082004948,10.222674369812012,5843800,0.0,0.0
2010-01-07 00:00:00-05:00,10.128891281023,10.297705524524316,10.09137690531012,10.278948783874512,4347200,0.0,0.0
2010-01-08 00:00:00-05:00,10.19454119425683,10.391491889953613,10.19454119425683,10.391491889953613,4084500,0.0,0.0
2010-01-11 00:00:00-05:00,10.700984436179494,10.822906366060092,10.569684584318203,10.804149627685547,7892800,0.0,0.0
2010-01-12 00:00:00-05:00,10.822906530615802,10.851042085811983,10.307083248482233,10.372734069824219,5991400,0.0,0.0
2010-01-13 00:00:00-05:00,10.50403609256014,10.579064851517378,10.063241462876354,10.232056617736816,6349700,0.0,0.0
2010-01-14 00:00:00-05:00,10.147647731324067,10.288327307032128,9.960075858126562,10.128890991210938,5130900,0.0,0.0
2010-01-15 00:00:00-05:00,10.128893593544538,10.194543542427256,9.594312499569556,9.688098907470703,5314700,0.0,0.0
2010-01-19 00:00:00-05:00,9.753746385540897,9.922561519233435,9.631825338333226,9.903804779052734,5055300,0.0,0.0
2010-01-20 00:00:00-05:00,9.763124849672552,9.828774779550095,9.631824989917469,9.753746032714844,6742500,0.0,0.0
2010-01-21 00:00:00-05:00,9.744369813445427,10.006970473270306,9.566175837754233,9.78188419342041,7504500,0.0,0.0
2010-01-22 00:00:00-05:00,9.70685347980764,9.70685347980764,9.116001443310262,9.153515815734863,6836600,0.0,0.0
2010-01-25 00:00:00-05:00,9.237923111684184,9.481766078226517,9.172272291018835,9.294194221496582,3992700,0.0,0.0
2010-01-26 00:00:00-05:00,9.266057969163459,9.613066101598923,9.181650416384787,9.491144180297852,6601200,0.0,0.0
2010-01-27 00:00:00-05:00,9.481765550971824,9.659959475766264,9.29419370467224,9.622445106506348,6750500,0.0,0.0
2010-01-28 00:00:00-05:00,10.110135175340144,10.110135175340144,8.68458778819213,8.90029525756836,15228400,0.0,0.0
2010-01-29 00:00:00-05:00,9.134759684051195,9.32233157701063,8.656450686194633,8.759615898132324,9828100,0.0,0.0
2010-02-01 00:00:00-05:00,8.778371207945197,9.087865004434684,8.759614468916267,9.040972709655762,7691500,0.0,0.0
2010-02-02 00:00:00-05:00,9.06910574109808,9.378599451442652,8.994077017039574,9.191027641296387,5874400,0.0,0.0
2010-02-03 00:00:00-05:00,9.191028066322458,9.322327892290147,8.965941883738148,9.022212982177734,4865900,0.0,0.0
2010-02-04 00:00:00-05:00,8.965944697277548,8.965944697277548,8.42198491038317,8.506392478942871,8511400,0.0,0.0
2010-02-05 00:00:00-05:00,8.506391011273992,8.76899248913193,8.39384790408335,8.722099304199219,7401200,0.0,0.0
2010-02-08 00:00:00-05:00,8.712720553732357,8.956564401682389,8.62831299910249,8.675206184387207,4570000,0.0,0.0
2010-02-09 00:00:00-05:00,8.909672253233692,8.937807809913465,8.628314003196301,8.740857124328613,6137400,0.0,0.0
2010-02-10 00:00:00-05:00,8.722099747986883,8.853399599183387,8.609556635069955,8.77837085723877,4853600,0.0,0.0
2010-02-11 00:00:00-05:00,8.740856523419586,9.153515500282156,8.69396423031475,9.11600112915039,4922500,0.0,0.0
2010-02-12 00:00:00-05:00,8.99408223842089,9.33171169268995,8.862781447887304,9.200411796569824,4757300,0.0,0.0
2010-02-16 00:00:00-05:00,9.247300337695712,9.519279733086377,9.22854360064106,9.491144180297852,3847400,0.0,0.0
2010-02-17 00:00:00-05:00,9.500524927657352,9.566174862316075,9.33170978777689,9.378602981567383,2417400,0.0,0.0
2010-02-18 00:00:00-05:00,9.294194720960864,9.387981101572436,9.237923608124492,9.35046672821045,3525600,0.0,0.0
2010-02-19 00:00:00-05:00,9.294196400937137,9.481768301651702,9.228546459290381,9.444253921508789,3482300,0.0,0.0
2010-02-22 00:00:00-05:00,9.491145461651605,9.52865983523864,9.350466784303535,9.416116714477539,2293400,0.0,0.0
2010-02-23 00:00:00-05:00,9.416116434366295,9.416116434366295,8.947186331271533,9.040972709655762,4057900,0.0,0.0
2010-02-24 00:00:00-05:00,9.078487793078125,9.444252729711252,9.012836965302665,9.359845161437988,4306700,0.0,0.0
2010-02-25 00:00:00-05:00,9.144134874273298,9.416114234757215,9.031591783150262,9.40673542022705,4439000,0.0,0.0
2010-02-26 00:00:00-05:00,9.46300997654818,9.46300997654818,9.172272908242533,9.369223594665527,4775800,0.0,0.0
2010-03-01 00:00:00-05:00,9.425494994942362,9.763124338006508,9.425494994942362,9.744367599487305,4227300,0.0,0.0
2010-03-02 00:00:00-05:00,9.697474087715547,10.006967865458542,9.697474087715547,9.931939125061035,6375700,0.0,0.0
2010-03-03 00:00:00-05:00,10.006969737096233,10.072619673619498,9.819397851020259,9.866291046142578,4719900,0.0,0.0
2010-03-04 00:00:00-05:00,9.960075894008083,9.97883352860203,9.688096453288574,9.903804779052734,4797100,0.0,0.0
2010-03-05 00:00:00-05:00,9.978833636025797,10.166405511918278,9.856911693092371,10.035104751586914,3330200,0.0,0.0
2010-03-08 00:00:00-05:00,10.035105657882205,10.08199885469368,9.922562522182666,9.96945571899414,2809300,0.0,0.0
2010-03-09 00:00:00-05:00,9.8756697754405,10.175785712063286,9.847534213836711,10.13827133178711,6680600,0.0,0.0
2010-03-10 00:00:00-05:00,10.081996153250993,10.316461180070782,10.081996153250993,10.213296890258789,3948300,0.0,0.0
2010-03-11 00:00:00-05:00,10.175784983032148,10.175784983032148,9.941319899500655,9.997591018676758,6256200,0.0,0.0
2010-03-12 00:00:00-05:00,9.988210368261832,10.07261792595408,9.734988589598236,9.838152885437012,6621700,0.0,0.0
2010-03-15 00:00:00-04:00,9.781882249778118,9.828774544619403,9.425495263622548,9.556795120239258,5354800,0.0,0.0
2010-03-16 00:00:00-04:00,9.584931650091063,9.988210934439186,9.57555283327959,9.960075378417969,8933000,0.0,0.0
2010-03-17 00:00:00-04:00,9.988210468010143,10.307083069403914,9.9694537296763,10.241433143615723,5969300,0.0,0.0
2010-03-18 00:00:00-04:00,10.194542454994686,10.269571215547037,10.044484933889981,10.13827133178711,3122700,0.0,0.0
2010-03-19 00:00:00-04:00,9.997591018676758,10.18516290661929,9.697475997968706,9.997591018676758,5946300,0.0,0.0
2010-03-22 00:00:00-04:00,9.922560592994014,10.429005052383404,9.847531850448412,10.419626235961914,7822700,0.0,0.0
2010-03-23 00:00:00-04:00,10.419625842648696,10.785391619561688,10.39149028885943,10.766633987426758,5073500,0.0,0.0
2010-03-24 00:00:00-04:00,10.682226618323602,10.682226618323602,10.372732863907332,10.40086841583252,3958200,0.0,0.0
2010-03-25 00:00:00-04:00,10.597816954943392,10.672845674725304,10.466516248118598,10.494651794433594,5553600,0.0,0.0
2010-03-26 00:00:00-04:00,10.532168962795788,10.644712966892138,10.250811635794303,10.429004669189453,3537000,0.0,0.0
2010-03-29 00:00:00-04:00,10.485276671237628,10.550926594949557,10.363354745477524,10.429004669189453,2851500,0.0,0.0
2010-03-30 00:00:00-04:00,10.466518088618788,10.588440003307156,10.372732619606,10.541546821594238,2749100,0.0,0.0
2010-03-31 00:00:00-04:00,10.504035255112578,10.67285039651404,10.419627684411848,10.475899696350098,2749500,0.0,0.0
2010-04-01 00:00:00-04:00,10.607197633757544,10.785390650970974,10.40086817086853,10.541546821594238,2667300,0.0,0.0
2010-04-05 00:00:00-04:00,10.56968277679043,10.776011335691846,10.513410782463582,10.757254600524902,5412600,0.0,0.0
2010-04-06 00:00:00-04:00,10.654089804894095,10.804148163621932,10.560304336903865,10.747876167297363,3318800,0.0,0.0
2010-04-07 00:00:00-04:00,10.719743753563643,10.90731563885161,10.616578545845284,10.897936820983887,4934200,0.0,0.0
2010-04-08 00:00:00-04:00,10.804150573890597,10.851042871140269,10.466520309448242,10.466520309448242,4244800,0.0,0.0
2010-04-09 00:00:00-04:00,10.504035016864167,10.550928210013547,10.175784453645038,10.391491889953613,6394000,0.0,0.0
2010-04-12 00:00:00-04:00,10.438383287797318,10.813526979644571,10.335218996142602,10.68222713470459,5430200,0.0,0.0
2010-04-13 00:00:00-04:00,10.738499514573231,10.832285895862151,10.59782083705307,10.719742774963379,3505300,0.0,0.0
2010-04-14 00:00:00-04:00,11.029234469244424,11.554435599543845,10.982341287578715,11.53567886352539,13229100,0.0,0.0
2010-04-15 00:00:00-04:00,11.563815890890172,11.638844633367569,11.348108479870943,11.432515144348145,4938700,0.0,0.0
2010-04-16 00:00:00-04:00,11.36686509717895,11.47002939338295,11.104264501305856,11.301215171813965,5568900,0.0,0.0
2010-04-19 00:00:00-04:00,11.198050942113799,11.348109332759678,10.822907201532168,11.18867301940918,5062400,0.0,0.0
2010-04-20 00:00:00-04:00,11.273082695980687,11.441896963653056,11.13240309610475,11.385625839233398,2901800,0.0,0.0
2010-04-21 00:00:00-04:00,11.441893448693941,11.685737298039149,11.066749753096024,11.423136711120605,7726900,0.0,0.0
2010-04-22 00:00:00-04:00,11.638845358957758,12.539191219229155,11.066750938298735,12.248455047607422,19831200,0.0,0.0
2010-04-23 00:00:00-04:00,12.220317461879755,12.229696278006534,11.882688131033984,12.11715316772461,9045100,0.0,0.0
2010-04-26 00:00:00-04:00,12.135910399619647,12.51105501024472,12.135910399619647,12.285968780517578,9209900,0.0,0.0
2010-04-27 00:00:00-04:00,12.229696618597835,12.464161661818201,11.798280903295833,11.817038536071777,11530500,0.0,0.0
2010-04-28 00:00:00-04:00,11.920202513887006,12.00461007029208,11.591951104403524,11.779523849487305,7340200,0.0,0.0
2010-04-29 00:00:00-04:00,11.87331135283719,11.948340105903043,11.582575158310336,11.910825729370117,5444900,0.0,0.0
2010-04-30 00:00:00-04:00,11.9483377547428,11.9483377547428,11.423136586629441,11.4700288772583,5911800,0.0,0.0
2010-05-03 00:00:00-04:00,11.685739722648066,12.257834200738861,11.67636090470888,12.173426628112793,7010300,0.0,0.0
2010-05-04 00:00:00-04:00,12.079639509751411,12.079639509751411,11.22618686899076,11.357486724853516,8643200,0.0,0.0
2010-05-05 00:00:00-04:00,11.207426953135384,11.39499877646229,10.926068770938524,11.141777038574219,8626200,0.0,0.0
2010-05-06 00:00:00-04:00,11.02923600337186,11.207429045191919,9.650581279347085,10.597820281982422,9797200,0.0,0.0
2010-05-07 00:00:00-04:00,10.588440575953998,10.757255681485189,9.969453048223766,10.32583999633789,9364800,0.0,0.0
2010-05-10 00:00:00-04:00,10.982340200722808,11.151155280247536,10.804147201323453,11.132397651672363,7146600,0.0,0.0
2010-05-11 00:00:00-04:00,10.888559260900523,11.216810768882187,10.691608534994206,10.935452461242676,5995600,0.0,0.0
2010-05-12 00:00:00-04:00,11.019857060722456,11.451272777174076,11.019857060722456,11.432515144348145,5402900,0.0,0.0
2010-05-13 00:00:00-04:00,11.28245782203966,11.516922869264834,10.954207292572322,11.001099586486816,5664700,0.0,0.0
2010-05-14 00:00:00-04:00,10.841660741441052,10.841660741441052,10.203915728881904,10.494651794433594,8097400,0.0,0.0
2010-05-17 00:00:00-04:00,10.46651871976362,10.67284819509457,10.138268216805352,10.616576194763184,6095800,0.0,0.0
2010-05-18 00:00:00-04:00,10.76663367048531,10.851041223781506,10.12888940169437,10.166403770446777,9945000,0.0,0.0
2010-05-19 00:00:00-04:00,10.09137453289134,10.494653753393049,9.941317065317397,10.222674369812012,6453100,0.0,0.0
2010-05-20 00:00:00-04:00,9.866289267229957,10.24143297174271,9.594308963441783,9.885046005249023,12163300,0.0,0.0
2010-05-21 00:00:00-04:00,9.6036892651097,10.400870878519891,9.500524954015027,10.185162544250488,9116400,0.0,0.0
2010-05-24 00:00:00-04:00,9.988213073655443,10.297706939414002,9.88504874987372,10.044485092163086,5741200,0.0,0.0
2010-05-25 00:00:00-04:00,9.575551791956169,10.072617401537661,9.538037423203097,10.053860664367676,6657900,0.0,0.0
2010-05-26 00:00:00-04:00,10.166403770626895,10.438383167689949,9.988209848239972,10.053860664367676,7154800,0.0,0.0
2010-05-27 00:00:00-04:00,10.3445967977232,10.616576194763184,10.269568060223419,10.616576194763184,5253700,0.0,0.0
2010-05-28 00:00:00-04:00,10.616578294991298,10.68222912410083,10.147648145644851,10.29770565032959,4614200,0.0,0.0
2010-06-01 00:00:00-04:00,10.203919982382857,10.400870677512437,9.8756685256958,9.8756685256958,5672900,0.0,0.0
2010-06-02 00:00:00-04:00,10.016345799104368,10.232053185138648,9.875666252444002,10.222674369812012,4435500,0.0,0.0
2010-06-03 00:00:00-04:00,10.31646142978216,10.550926462277209,10.241432690936794,10.522790908813477,5800700,0.0,0.0
2010-06-04 00:00:00-04:00,10.203920839301391,10.410250369243908,9.800640597689503,9.856912612915039,6400600,0.0,0.0
2010-06-07 00:00:00-04:00,9.941318839109224,10.081997516457294,9.35984470689038,9.416116714477539,9155500,0.0,0.0
2010-06-08 00:00:00-04:00,9.453629297395645,9.500522479100422,9.022213635655195,9.322328567504883,7709700,0.0,0.0
2010-06-09 00:00:00-04:00,9.538039326833816,9.73499002569874,9.200409940671067,9.266059875488281,5191000,0.0,0.0
2010-06-10 00:00:00-04:00,9.472390567166451,9.688098033705673,9.369225348896919,9.641204833984375,5400400,0.0,0.0
2010-06-11 00:00:00-04:00,9.397359189382446,9.931939191916404,9.397359189382446,9.885046005249023,4931100,0.0,0.0
2010-06-14 00:00:00-04:00,10.072619200144745,10.260191077403691,9.960076073789375,9.988211631774902,3986700,0.0,0.0
2010-06-15 00:00:00-04:00,10.203918426788581,11.085506564523595,10.063238869192281,11.038614273071289,12406700,0.0,0.0
2010-06-16 00:00:00-04:00,10.916693106074936,11.188672529695744,10.635334865746778,11.019857406616211,6495100,0.0,0.0
2010-06-17 00:00:00-04:00,11.18867214067243,11.198050062640526,10.700984421805137,11.02923583984375,6637000,0.0,0.0
2010-06-18 00:00:00-04:00,11.076130297559367,11.179294606344676,10.972965094360795,11.066751480102539,4269300,0.0,0.0
2010-06-21 00:00:00-04:00,11.263700563786154,11.310593749950742,10.776012858735458,10.879178047180176,3704400,0.0,0.0
2010-06-22 00:00:00-04:00,10.944829162677019,11.123022216205767,10.588442161206292,10.625956535339355,4679500,0.0,0.0
2010-06-23 00:00:00-04:00,10.65409408517618,10.719744922998904,10.250814711415938,10.579065322875977,6623300,0.0,0.0
2010-06-24 00:00:00-04:00,10.4477632998917,10.485277673371554,10.006968740693486,10.091376304626465,6320100,0.0,0.0
2010-06-25 00:00:00-04:00,10.18516277916997,10.18516277916997,9.659961499502845,9.97883415222168,8100000,0.0,0.0
2010-06-28 00:00:00-04:00,9.922562237308437,10.429006780623133,9.866291118280865,10.11013412475586,5539100,0.0,0.0
2010-06-29 00:00:00-04:00,9.838156401861417,9.838156401861417,9.24730418124219,9.331711769104004,7750000,0.0,0.0
2010-06-30 00:00:00-04:00,9.32233140765255,9.575554129357512,9.097245140190353,9.14413833618164,5766700,0.0,0.0
2010-07-01 00:00:00-04:00,9.116002176158766,9.247302042993663,8.675207593923687,8.956565856933594,9641300,0.0,0.0
2010-07-02 00:00:00-04:00,9.0034579705614,9.040972341504856,8.712720924939735,8.890913963317871,4724100,0.0,0.0
2010-07-06 00:00:00-04:00,9.040974858582485,9.294196709346465,8.778373294454811,8.90029525756836,4882900,0.0,0.0
2010-07-07 00:00:00-04:00,8.947186242838503,9.331708780469517,8.872157498637971,9.312952041625977,5974800,0.0,0.0
2010-07-08 00:00:00-04:00,9.434874806668981,9.472389182077846,9.200409736760255,9.359845161437988,5820000,0.0,0.0
2010-07-09 00:00:00-04:00,9.406736068019615,9.603686714651133,9.2754362332073,9.594307899475098,3003100,0.0,0.0
2010-07-12 00:00:00-04:00,9.556794289491657,9.7537449517095,9.453629997630165,9.622445106506348,3625300,0.0,0.0
2010-07-13 00:00:00-04:00,9.810019809576398,10.072620470867609,9.72561223055802,10.025727272033691,4307300,0.0,0.0
2010-07-14 00:00:00-04:00,10.100753390605805,10.232053228077477,9.659958906947757,9.725608825683594,8611800,0.0,0.0
2010-07-15 00:00:00-04:00,9.669339635872237,9.763125124853104,9.378602562881097,9.613067626953125,6784300,0.0,0.0
2010-07-16 00:00:00-04:00,9.528659457599206,9.538038274227567,9.266058852897348,9.312952041625977,5577700,0.0,0.0
2010-07-19 00:00:00-04:00,9.350466784303535,9.52865983523864,9.24730158612928,9.416116714477539,3404600,0.0,0.0
2010-07-20 00:00:00-04:00,9.116001889481417,9.556795563441284,8.994079949530848,9.547417640686035,4498400,0.0,0.0
2010-07-21 00:00:00-04:00,9.706854083849745,9.706854083849745,9.097244375998425,9.162895202636719,6076200,0.0,0.0
2010-07-22 00:00:00-04:00,9.33170901140557,9.622446073187515,9.228544709180081,9.509902954101562,5742700,0.0,0.0
2010-07-23 00:00:00-04:00,9.566175538106622,9.575554356409931,9.294196068204048,9.519282341003418,5801200,0.0,0.0
2010-07-26 00:00:00-04:00,9.603689486617574,9.997590893574568,9.46301079602435,9.97883415222168,6272300,0.0,0.0
2010-07-27 00:00:00-04:00,10.110132882498874,10.119511699322175,9.725610336875564,9.847532272338867,4990300,0.0,0.0
2010-07-28 00:00:00-04:00,9.72561237061609,9.847534331574717,9.42549732481848,9.575554847717285,7324900,0.0,0.0
2010-07-29 00:00:00-04:00,10.41024895404625,10.541548814367676,10.12889070499385,10.382112503051758,22630000,0.0,0.0
2010-07-30 00:00:00-04:00,10.166405051586176,10.203919425066031,9.875667986307384,10.091376304626465,7352500,0.0,0.0
2010-08-02 00:00:00-04:00,10.391489918681327,10.607198208483169,10.278946813120273,10.550926208496094,7572000,0.0,0.0
2010-08-03 00:00:00-04:00,10.504032378953854,10.532167930012408,10.269567366502148,10.363353729248047,4883800,0.0,0.0
2010-08-04 00:00:00-04:00,10.400869497532096,10.513412611350498,10.22267556317642,10.419626235961914,3794400,0.0,0.0
2010-08-05 00:00:00-04:00,10.32584012463913,10.560305154384361,10.213297017690993,10.45713996887207,7651500,0.0,0.0
2010-08-06 00:00:00-04:00,10.297703613873656,10.457139904674667,10.1570249546554,10.166403770446777,6296500,0.0,0.0
2010-08-09 00:00:00-04:00,10.269567995824206,10.307082364338848,10.175782521744146,10.213296890258789,4397200,0.0,0.0
2010-08-10 00:00:00-04:00,10.119514725596348,10.119514725596348,9.678720041625335,9.800642013549805,6254300,0.0,0.0
2010-08-11 00:00:00-04:00,9.463010574353206,9.509903768256908,9.209787863921182,9.266059875488281,8263400,0.0,0.0
2010-08-12 00:00:00-04:00,8.9847010298709,9.266059280823187,8.80650797776861,8.965944290161133,10911900,0.0,0.0
2010-08-13 00:00:00-04:00,8.90967215335401,9.172272766385587,8.90967215335401,9.012836456298828,5305100,0.0,0.0
2010-08-16 00:00:00-04:00,8.984701488617965,9.01283704682579,8.825265168084833,8.909672737121582,8482500,0.0,0.0
2010-08-17 00:00:00-04:00,9.031597171664394,9.181654716023814,8.928432833520672,9.097247123718262,8294400,0.0,0.0
2010-08-18 00:00:00-04:00,9.078486876593315,9.29419428981504,9.040972504971574,9.24730110168457,7338100,0.0,0.0
2010-08-19 00:00:00-04:00,9.228543921878886,9.387980217252199,9.031593256677333,9.078486442565918,5829200,0.0,0.0
2010-08-20 00:00:00-04:00,9.003460477194732,9.11600362135799,8.84402413269343,8.90029525756836,4786800,0.0,0.0
2010-08-23 00:00:00-04:00,9.04097570420127,9.08786801451183,8.862781705132583,8.881539344787598,6140800,0.0,0.0
2010-08-24 00:00:00-04:00,8.71271933118362,8.759612509888393,8.497011961319851,8.590797424316406,5082000,0.0,0.0
2010-08-25 00:00:00-04:00,8.478256508353217,8.79712913210138,8.440742134642447,8.740857124328613,8326300,0.0,0.0
2010-08-26 00:00:00-04:00,8.815886760884704,8.825265578861611,8.468878545458926,8.497014999389648,4758200,0.0,0.0
2010-08-27 00:00:00-04:00,8.590799629485529,8.787750315070383,8.290684639799363,8.740857124328613,7684200,0.0,0.0
2010-08-30 00:00:00-04:00,8.75023594135961,8.890914619171697,8.647071637258296,8.740857124328613,8658000,0.0,0.0
2010-08-31 00:00:00-04:00,8.656449736629481,8.71272174555125,8.356334740815358,8.421984672546387,5654000,0.0,0.0
2010-09-01 00:00:00-04:00,8.618932856878946,8.844019932726495,8.54390412973409,8.68458366394043,4020400,0.0,0.0
2010-09-02 00:00:00-04:00,8.750236306222373,9.200409703935938,8.750236306222373,9.181652069091797,8393500,0.0,0.0
2010-09-03 00:00:00-04:00,9.331709603484654,9.397360431260115,9.162895361351389,9.359845161437988,7209800,0.0,0.0
2010-09-07 00:00:00-04:00,9.303573316953134,9.444251990116287,8.965943964713654,9.040972709655762,4313800,0.0,0.0
2010-09-08 00:00:00-04:00,8.881535596322571,8.9471855185805,8.600177381139414,8.722099304199219,8518300,0.0,0.0
2010-09-09 00:00:00-04:00,8.815884588824376,8.919049772325867,8.62831274756679,8.703341484069824,5691700,0.0,0.0
2010-09-10 00:00:00-04:00,8.647069642238343,9.0409709225286,8.534526547071557,8.947184562683105,8185700,0.0,0.0
2010-09-13 00:00:00-04:00,9.031595621511405,9.425497055053711,8.956566862209382,9.425497055053711,10431300,0.0,0.0
2010-09-14 00:00:00-04:00,9.191028732027169,9.65995876024883,9.003456899621114,9.322328567504883,9563600,0.0,0.0
2010-09-15 00:00:00-04:00,9.26606224678919,9.556798513451275,9.181654655044227,9.500527381896973,6833300,0.0,0.0
2010-09-16 00:00:00-04:00,9.500523737845505,9.781881970938876,9.425494994942362,9.744367599487305,7811100,0.0,0.0
2010-09-17 00:00:00-04:00,9.828772072418527,9.894422878627129,9.538035982112461,9.659957885742188,7590600,0.0,0.0
2010-09-20 00:00:00-04:00,9.706855433470444,9.810019754798304,9.594311399132128,9.78188419342041,3910700,0.0,0.0
2010-09-21 00:00:00-04:00,9.791257858276367,9.941316207312283,9.706851210860702,9.791257858276367,4765700,0.0,0.0
2010-09-22 00:00:00-04:00,9.706854303411916,9.781883054627137,9.528660348465815,9.7631254196167,7324100,0.0,0.0
2010-09-23 00:00:00-04:00,9.566174347909104,9.96007572350653,9.434874485652117,9.772503852844238,5572600,0.0,0.0
2010-09-24 00:00:00-04:00,9.95069480646174,10.447761276836749,9.922559255403186,10.363353729248047,7051300,0.0,0.0
2010-09-27 00:00:00-04:00,10.30708249294122,10.6728482613325,10.213297017690993,10.45713996887207,5619900,0.0,0.0
2010-09-28 00:00:00-04:00,10.550927841485269,10.700985338791385,10.26019076964474,10.691606521606445,5259800,0.0,0.0
2010-09-29 00:00:00-04:00,10.597820281982422,10.916692888367638,10.569684726834659,10.597820281982422,8777500,0.0,0.0
2010-09-30 00:00:00-04:00,10.691603498948412,10.785389855456708,10.185159141512182,10.447760581970215,9312900,0.0,0.0
2010-10-01 00:00:00-04:00,10.447765043497878,10.625958123662167,10.278949887458705,10.410250663757324,5160700,0.0,0.0
2010-10-04 00:00:00-04:00,10.438383815393454,10.438383815393454,10.035103655464491,10.241433143615723,5488400,0.0,0.0
2010-10-05 00:00:00-04:00,10.363355610598504,10.616577404921129,10.34459797687887,10.588441848754883,8118000,0.0,0.0
2010-10-06 00:00:00-04:00,10.532168706837496,10.560305154384361,10.166403832859325,10.45713996887207,7523600,0.0,0.0
2010-10-07 00:00:00-04:00,10.485278514075354,10.550928449325571,10.325842190399149,10.475899696350098,4191000,0.0,0.0
2010-10-08 00:00:00-04:00,10.250812657362772,10.325841404628749,9.856911287009785,10.269569396972656,14276900,0.0,0.0
2010-10-11 00:00:00-04:00,10.241431205761048,10.625953660184758,10.157023663197212,10.513410568237305,4575000,0.0,0.0
2010-10-12 00:00:00-04:00,10.560308579507625,10.700987285217156,10.504036560575774,10.579065322875977,4805700,0.0,0.0
2010-10-13 00:00:00-04:00,10.62595532754917,10.747877253226784,10.485276664143605,10.654090881347656,3815200,0.0,0.0
2010-10-14 00:00:00-04:00,10.616576260651877,10.65409062963459,10.400868862604556,10.45713996887207,5303500,0.0,0.0
2010-10-15 00:00:00-04:00,10.59782103299674,10.691606521606445,10.34459833548274,10.691606521606445,5517400,0.0,0.0
2010-10-18 00:00:00-04:00,10.738500284832082,10.738500284832082,10.522792844573656,10.7009859085083,2558400,0.0,0.0
2010-10-19 00:00:00-04:00,10.475899126663473,10.719743007780009,10.316462811657525,10.466520309448242,4640500,0.0,0.0
2010-10-20 00:00:00-04:00,10.485278366461696,10.747878998178917,10.485278366461696,10.569685935974121,4802200,0.0,0.0
2010-10-21 00:00:00-04:00,10.625958522916953,10.625958522916953,10.410251054907219,10.579065322875977,6005700,0.0,0.0
2010-10-22 00:00:00-04:00,10.635333447287808,10.879177282677743,10.504032714136365,10.738497734069824,5853600,0.0,0.0
2010-10-25 00:00:00-04:00,10.851040843910686,11.066749127495394,10.851040843910686,10.963583946228027,4979000,0.0,0.0
2010-10-26 00:00:00-04:00,10.897935472660237,11.104264968155977,10.719742427286544,11.019857406616211,6361500,0.0,0.0
2010-10-27 00:00:00-04:00,10.860421271212322,11.16991507212149,10.860421271212322,11.151158332824707,5807100,0.0,0.0
2010-10-28 00:00:00-04:00,10.128890719452254,10.541548829415126,10.044483155174726,10.269569396972656,20240600,0.0,0.0
2010-10-29 00:00:00-04:00,10.316460622667888,10.59781881853235,10.250810704917631,10.541546821594238,9028400,0.0,0.0
2010-11-01 00:00:00-04:00,10.672847551507799,10.738497469258055,10.438382537356256,10.541546821594238,4027800,0.0,0.0
2010-11-02 00:00:00-04:00,10.672847743208251,10.70098329497614,10.391489542290174,10.560304641723633,7086600,0.0,0.0
2010-11-03 00:00:00-04:00,10.56030520980792,10.794770240783691,10.522790840628321,10.794770240783691,5714600,0.0,0.0
2010-11-04 00:00:00-04:00,10.916692479353653,11.113643146835216,10.832284922659678,10.944828033447266,7339300,0.0,0.0
2010-11-05 00:00:00-04:00,10.935450211108318,11.169915270160942,10.888557020415147,11.123022079467773,4303100,0.0,0.0
2010-11-08 00:00:00-05:00,11.104264935394498,11.395001097159044,11.038615007463122,11.357486724853516,4342200,0.0,0.0
2010-11-09 00:00:00-05:00,11.31059834242369,11.33873390778115,10.897939209917972,10.954211235046387,10119300,0.0,0.0
2010-11-10 00:00:00-05:00,10.944827971162718,11.019856711260806,10.579062192374696,10.879178047180176,6651500,0.0,0.0
2010-11-11 00:00:00-05:00,10.682228908505259,11.104265855516585,10.569685782263122,11.066751480102539,5460100,0.0,0.0
2010-11-12 00:00:00-05:00,11.0010988886975,11.123020812850779,10.80414912015734,10.860420227050781,3700500,0.0,0.0
2010-11-15 00:00:00-05:00,10.991723493819007,11.273081776201245,10.916694737772188,11.047994613647461,6598300,0.0,0.0
2010-11-16 00:00:00-05:00,10.926070810474778,11.085507113667385,10.560305910314348,10.597820281982422,6675600,0.0,0.0
2010-11-17 00:00:00-05:00,10.625958522916953,10.813530428667459,10.513415379466649,10.579065322875977,4134900,0.0,0.0
2010-11-18 00:00:00-05:00,10.729122916385247,11.001102405073647,10.691608534994206,10.935452461242676,3534500,0.0,0.0
2010-11-19 00:00:00-05:00,10.888557020415147,11.13240089648905,10.87917909780709,11.123022079467773,2020600,0.0,0.0
2010-11-22 00:00:00-05:00,11.39499692772606,11.82641249859113,11.254318306657979,11.751383781433105,8999300,0.0,0.0
2010-11-23 00:00:00-05:00,11.554433175290077,11.995227559403116,11.498162084627989,11.751383781433105,11561300,0.0,0.0
2010-11-24 00:00:00-05:00,11.826414629835101,12.051501716285088,11.788900264495606,11.995229721069336,7153800,0.0,0.0
2010-11-26 00:00:00-05:00,11.807659532181424,11.94833819811444,11.760766345399368,11.798280715942383,2053400,0.0,0.0
2010-11-29 00:00:00-05:00,11.68573843127053,11.751388360763325,10.954207706707406,11.216808319091797,20208500,0.0,0.0
2010-11-30 00:00:00-05:00,11.17929408718222,11.310594842240448,10.991722218822764,11.123022079467773,6468900,0.0,0.0
2010-12-01 00:00:00-05:00,11.423136960561118,11.62946555043889,11.329350587407118,11.50754451751709,6290600,0.0,0.0
2010-12-02 00:00:00-05:00,11.526303449009179,11.779526168066555,11.479410253508185,11.657604217529297,4167100,0.0,0.0
2010-12-03 00:00:00-05:00,11.573195164940984,11.95771770894608,11.4887876027129,11.938960075378418,3140000,0.0,0.0
2010-12-06 00:00:00-05:00,12.098396125129009,12.923713201834325,12.060881753206639,12.642354965209961,10853000,0.0,0.0
2010-12-07 00:00:00-05:00,12.792413795516222,13.233207457444717,12.60484103491927,12.632977485656738,8771400,0.0,0.0
2010-12-08 00:00:00-05:00,12.858063994388576,13.092529055632413,12.661113307167223,13.008121490478516,6355700,0.0,0.0
2010-12-09 00:00:00-05:00,13.055014770319707,13.148801153219818,12.70800658465047,12.848685264587402,11524300,0.0,0.0
2010-12-10 00:00:00-05:00,13.017498521998684,13.223827998027092,12.914334231191033,13.18631362915039,4192300,0.0,0.0
2010-12-13 00:00:00-05:00,13.270719574042204,13.308233940899767,12.85806153860902,12.886197090148926,4447600,0.0,0.0
2010-12-14 00:00:00-05:00,13.01750201677271,13.036258759040079,12.792415743084193,12.811172485351562,3679700,0.0,0.0
2010-12-15 00:00:00-05:00,12.73614177483338,12.923713640816517,12.679870662245042,12.74552059173584,6836300,0.0,0.0
2010-12-16 00:00:00-05:00,12.829929328006614,12.951851275645659,12.70800738036757,12.942472457885742,3789300,0.0,0.0
2010-12-17 00:00:00-05:00,12.951850376651402,13.111285795437043,12.933092742433546,13.008121490478516,3113300,0.0,0.0
2010-12-20 00:00:00-05:00,13.101908393163672,13.120665133713338,12.904957698119219,12.951850891113281,4310700,0.0,0.0
2010-12-21 00:00:00-05:00,12.989364580482132,13.373887132777742,12.942471389965132,13.326993942260742,3239200,0.0,0.0
2010-12-22 00:00:00-05:00,13.31761347301229,13.355127841888992,13.101906075574536,13.18631362915039,3769000,0.0,0.0
2010-12-23 00:00:00-05:00,13.158180216551866,13.54270280982955,13.158180216551866,13.495810508728027,3874800,0.0,0.0
2010-12-27 00:00:00-05:00,13.402021791211055,13.54270045892152,13.251964307143052,13.392642974853516,3729400,0.0,0.0
2010-12-28 00:00:00-05:00,13.439536557292392,13.439536557292392,13.22382914120706,13.270721435546875,2497700,0.0,0.0
2010-12-29 00:00:00-05:00,13.270721059498022,13.37388625071389,13.10190683694933,13.167556762695312,4288500,0.0,0.0
2010-12-30 00:00:00-05:00,13.158177308814873,13.430156709402043,13.130041755488783,13.31761360168457,1959500,0.0,0.0
2010-12-31 00:00:00-05:00,13.31761424692222,13.355128617978947,13.148800024373529,13.167556762695312,1585900,0.0,0.0
2011-01-03 00:00:00-05:00,13.251967028951693,13.251967028951693,12.829930044725378,12.858065605163574,6904100,0.0,0.0
2011-01-04 00:00:00-05:00,12.970608741329702,12.989366377897394,12.717386908559249,12.858065605163574,4052000,0.0,0.0
2011-01-05 00:00:00-05:00,12.745520158806361,12.764276897560958,12.614219409871477,12.642354965209961,5896500,0.0,0.0
2011-01-06 00:00:00-05:00,12.670488929701527,12.745517658829714,12.54856702126497,12.6798677444458,8149800,0.0,0.0
2011-01-07 00:00:00-05:00,12.67987102754573,13.026879213214967,12.54857027036822,12.848685264587402,4428300,0.0,0.0
2011-01-10 00:00:00-05:00,12.717383069404988,12.858061723540903,12.614217888253119,12.792411804199219,3293700,0.0,0.0
2011-01-11 00:00:00-05:00,12.84868686429965,12.942473258876538,12.74552254579575,12.811172485351562,3521500,0.0,0.0
2011-01-12 00:00:00-05:00,12.933094303123774,13.130045014111987,12.876822288092855,13.083151817321777,3091800,0.0,0.0
2011-01-13 00:00:00-05:00,13.139422985952312,13.345751607476856,13.092529792182814,13.148801803588867,3839600,0.0,0.0
2011-01-14 00:00:00-05:00,13.083149647830844,13.824059172133431,13.083149647830844,13.786544799804688,5493400,0.0,0.0
2011-01-18 00:00:00-05:00,13.645863593515468,13.730271139186291,13.392640956503,13.598970413208008,4898900,0.0,0.0
2011-01-19 00:00:00-05:00,13.63648644769045,13.645865263782524,13.22382837818371,13.289478302001953,4259600,0.0,0.0
2011-01-20 00:00:00-05:00,13.21445235456064,13.223831172634638,12.773657743629267,12.998744010925293,6000200,0.0,0.0
2011-01-21 00:00:00-05:00,13.13004150390625,13.223827872413676,12.85806210853043,12.895576477050781,4367400,0.0,0.0
2011-01-24 00:00:00-05:00,12.914334230129874,13.495807394877513,12.867441045434575,13.411399841308594,3786700,0.0,0.0
2011-01-25 00:00:00-05:00,13.383264930613764,13.458293671962158,13.092527887078875,13.261343002319336,3275500,0.0,0.0
2011-01-26 00:00:00-05:00,13.805301414980866,13.908465707672846,13.477050010504284,13.720893859863281,7438400,0.0,0.0
2011-01-27 00:00:00-05:00,15.268364963656595,15.652887509191048,14.893220340530073,15.334014892578125,19659300,0.0,0.0
2011-01-28 00:00:00-05:00,15.474694489278303,15.634130807084533,15.062035468692793,15.221471786499023,7089600,0.0,0.0
2011-01-31 00:00:00-05:00,15.21209042071187,15.699778109810582,15.193334577920542,15.64350700378418,6638000,0.0,0.0
2011-02-01 00:00:00-05:00,15.784185347529595,16.300007684910323,15.746671873871117,15.943621635437012,11393300,0.0,0.0
2011-02-02 00:00:00-05:00,16.018658495129152,16.478209960661605,15.784193352174201,16.1780948638916,7392700,0.0,0.0
2011-02-03 00:00:00-05:00,16.103063646908723,16.375042241287982,16.056171340962,16.28125762939453,5748000,0.0,0.0
2011-02-04 00:00:00-05:00,16.271876937841153,16.994029814805554,16.271876937841153,16.68453598022461,8695900,0.0,0.0
2011-02-07 00:00:00-05:00,17.069051312529393,17.20972994320103,16.684528887241523,16.80644989013672,7917200,0.0,0.0
2011-02-08 00:00:00-05:00,16.84397200336473,16.99403131378024,16.60012987240308,16.872108459472656,5745000,0.0,0.0
2011-02-09 00:00:00-05:00,16.75956356774322,17.106570860843373,16.703290664408215,16.843969345092773,7586600,0.0,0.0
2011-02-10 00:00:00-05:00,16.72204942870673,16.881485754608878,16.553234284948385,16.862728118896484,5698200,0.0,0.0
2011-02-11 00:00:00-05:00,16.815834287611516,17.07843400837285,16.731426723416394,16.90024185180664,3313200,0.0,0.0
2011-02-14 00:00:00-05:00,16.909619259154383,17.162840141803798,16.834590518216356,17.069055557250977,6268400,0.0,0.0
2011-02-15 00:00:00-05:00,16.994026574393164,17.00340360165393,16.58136761069531,16.75956153869629,11942100,0.0,0.0
2011-02-16 00:00:00-05:00,16.92837871155705,17.81934676535549,16.825215288791338,17.74431800842285,9124800,0.0,0.0
2011-02-17 00:00:00-05:00,17.62239694921731,17.922511976947874,17.434824162472374,17.74431800842285,5763600,0.0,0.0
2011-02-18 00:00:00-05:00,17.828725583575405,17.922511976947874,17.650531615050383,17.74431800842285,3387700,0.0,0.0
2011-02-22 00:00:00-05:00,17.472334848887932,17.472334848887932,16.900241339689085,16.956512451171875,7898100,0.0,0.0
2011-02-23 00:00:00-05:00,17.097189973697933,17.097189973697933,16.337523758911406,16.75956153869629,5590200,0.0,0.0
2011-02-24 00:00:00-05:00,16.722048016529477,17.209735770906878,16.54385406996342,17.03154182434082,5490700,0.0,0.0
2011-02-25 00:00:00-05:00,17.19097769878396,17.631771356609967,17.162841248308357,17.491092681884766,3368700,0.0,0.0
2011-02-28 00:00:00-05:00,17.594252888709796,17.89436778670321,17.228488080383563,17.47233009338379,5526200,0.0,0.0
2011-03-01 00:00:00-05:00,17.641149432140743,17.772451073349753,16.994027197832096,17.059677124023438,4670600,0.0,0.0
2011-03-02 00:00:00-05:00,17.05029467654847,17.71617440191305,16.99402357877176,17.462953567504883,4427000,0.0,0.0
2011-03-03 00:00:00-05:00,17.856859844459304,17.988159705754125,17.584879515975523,17.884994506835938,4732000,0.0,0.0
2011-03-04 00:00:00-05:00,17.809969334087008,17.997542135439176,17.556746588909622,17.80059051513672,3559900,0.0,0.0
2011-03-07 00:00:00-05:00,17.566122171787057,17.631772103518088,16.450069754706593,16.843969345092773,8284800,0.0,0.0
2011-03-08 00:00:00-05:00,16.928378370318732,17.341037419543305,16.571992229279306,17.125329971313477,5065300,0.0,0.0
2011-03-09 00:00:00-05:00,17.050296646256704,17.0690542772912,16.290630477621093,16.375036239624023,6267800,0.0,0.0
2011-03-10 00:00:00-05:00,16.09367930339637,16.29063085618305,15.73729324958998,15.915485382080078,5563700,0.0,0.0
2011-03-11 00:00:00-05:00,15.859212565898188,16.14056985230163,15.73729155214363,15.93424129486084,4381000,0.0,0.0
2011-03-14 00:00:00-04:00,15.774805843910295,16.1405706930524,15.615369562956488,16.02802848815918,4600800,0.0,0.0
2011-03-15 00:00:00-04:00,15.287117389541722,16.07491993806256,15.071410017377348,15.93424129486084,4778900,0.0,0.0
2011-03-16 00:00:00-04:00,15.868594855840255,16.15933102063843,15.221470808801126,15.44655704498291,5879300,0.0,0.0
2011-03-17 00:00:00-04:00,15.718533922696468,16.26249265488219,15.67163984907856,15.93424129486084,3851600,0.0,0.0
2011-03-18 00:00:00-04:00,16.253119815325626,16.28125626984023,15.77481082153728,15.887354850769043,3922200,0.0,0.0
2011-03-21 00:00:00-04:00,16.215604617480572,16.740805857786288,16.187468165939983,16.48758316040039,3983500,0.0,0.0
2011-03-22 00:00:00-04:00,16.47820748256989,16.47820748256989,16.065548392155744,16.234363555908203,3039300,0.0,0.0
2011-03-23 00:00:00-04:00,16.243739658684163,16.525098814166494,15.943624657230881,16.47820472717285,2751000,0.0,0.0
2011-03-24 00:00:00-04:00,16.637639838058767,17.078433490855648,16.45006887017401,16.956512451171875,3825100,0.0,0.0
2011-03-25 00:00:00-04:00,17.05029768158288,17.190976345231576,16.806453829806216,16.937753677368164,2796100,0.0,0.0
2011-03-28 00:00:00-04:00,17.022164206873015,17.134708230747705,16.7783203125,16.7783203125,2276800,0.0,0.0
2011-03-29 00:00:00-04:00,16.712669481630716,16.90024224842778,16.53447553205615,16.843969345092773,2848300,0.0,0.0
2011-03-30 00:00:00-04:00,17.003405660222338,17.115949678065874,16.75018475052072,16.843969345092773,5259600,0.0,0.0
2011-03-31 00:00:00-04:00,16.843967698918345,17.040919263689677,16.665775555585117,16.703289031982422,3415100,0.0,0.0
2011-04-01 00:00:00-04:00,16.853345357614742,16.965889356728926,16.647016779535946,16.73142433166504,2846900,0.0,0.0
2011-04-04 00:00:00-04:00,16.853346901961224,16.881483351524583,16.45944555220593,16.693910598754883,3019900,0.0,0.0
2011-04-05 00:00:00-04:00,16.909620749878908,17.425443165698624,16.65639805607951,17.256628036499023,5638000,0.0,0.0
2011-04-06 00:00:00-04:00,17.397304659646014,17.48171221427588,16.96588985938335,17.350412368774414,4470400,0.0,0.0
2011-04-07 00:00:00-04:00,17.284759405000543,17.434816855980532,17.022157971372604,17.33165168762207,5484500,0.0,0.0
2011-04-08 00:00:00-04:00,17.425442036964984,17.519228412537128,16.684533426480336,16.834590911865234,3584600,0.0,0.0
2011-04-11 00:00:00-04:00,17.05029795457296,17.05029795457296,16.515717950853066,16.571989059448242,4026600,0.0,0.0
2011-04-12 00:00:00-04:00,16.478203795081743,16.496961428818175,15.67164343267933,15.737295150756836,6503600,0.0,0.0
2011-04-13 00:00:00-04:00,15.90610466054897,16.19684254702652,15.737291364020495,15.962377548217773,4043900,0.0,0.0
2011-04-14 00:00:00-04:00,15.793565053584441,15.868593793957654,15.55910001631487,15.83107852935791,4258100,0.0,0.0
2011-04-15 00:00:00-04:00,15.849835328391704,16.131194431619193,15.662264381732891,16.05616569519043,3011000,0.0,0.0
2011-04-18 00:00:00-04:00,15.821708527786209,15.84984319990316,15.521591644197866,15.756056785583496,3661200,0.0,0.0
2011-04-19 00:00:00-04:00,15.78418801766314,15.840459132083051,15.577859405572486,15.746674537658691,4333400,0.0,0.0
2011-04-20 00:00:00-04:00,16.52509852554999,16.703290686534118,16.30938930679968,16.6657772064209,4293800,0.0,0.0
2011-04-21 00:00:00-04:00,16.778317773603334,16.81583303882694,16.543852732434697,16.703289031982422,3339600,0.0,0.0
2011-04-25 00:00:00-04:00,16.656400680541992,16.86272932161472,16.562614284117398,16.656400680541992,2776000,0.0,0.0
2011-04-26 00:00:00-04:00,16.768939808425827,17.200356436262886,16.740805146906414,17.087812423706055,3100000,0.0,0.0
2011-04-27 00:00:00-04:00,17.17222111696893,17.27538631953882,16.90962138508413,17.153465270996094,3148800,0.0,0.0
2011-04-28 00:00:00-04:00,15.849839677207086,15.981141343603076,14.546214353264066,15.033902168273926,17319200,0.0,0.0
2011-04-29 00:00:00-04:00,15.015146475716962,15.212096317568626,14.930738889544276,15.099554061889648,4300000,0.0,0.0
2011-05-02 00:00:00-04:00,15.146442195834592,15.202713308165427,14.771298465585016,14.83694839477539,4711200,0.0,0.0
2011-05-03 00:00:00-04:00,14.808810933397744,15.033898037002347,14.52745272470181,14.724403381347656,4155300,0.0,0.0
2011-05-04 00:00:00-04:00,14.940114219706228,15.165200467321911,14.555591656426122,14.911977767944336,6313000,0.0,0.0
2011-05-05 00:00:00-04:00,14.827572351232462,15.418424472056373,14.771300337357811,14.949493408203125,5990200,0.0,0.0
2011-05-06 00:00:00-04:00,15.230848570884923,15.287119678827155,14.949490347934365,15.090169906616211,2654200,0.0,0.0
2011-05-09 00:00:00-04:00,15.108929216719353,15.540344073562204,15.062035130871347,15.34339427947998,5727400,0.0,0.0
2011-05-10 00:00:00-04:00,15.418419853567842,15.709155970661007,15.315254674769001,15.596611976623535,3776400,0.0,0.0
2011-05-11 00:00:00-04:00,15.568479052752162,15.587236685317446,15.071412522729933,15.174577713012695,3201000,0.0,0.0
2011-05-12 00:00:00-04:00,15.118307751173866,15.334015175561523,14.893220615378775,15.146442413330078,3500000,0.0,0.0
2011-05-13 00:00:00-04:00,15.14644126416477,15.446556229904116,15.043277862708305,15.174577713012695,2787500,0.0,0.0
2011-05-16 00:00:00-04:00,15.118310323325833,15.315260147233094,14.76192237221735,14.818194389343262,2840400,0.0,0.0
2011-05-17 00:00:00-04:00,14.761919427719732,14.79943380018305,14.33050369718499,14.527454376220703,3556700,0.0,0.0
2011-05-18 00:00:00-04:00,14.574348413979912,14.940114237603494,14.508698481950002,14.799434661865234,4022200,0.0,0.0
2011-05-19 00:00:00-04:00,14.874463121207068,15.090171442035553,14.621241320875534,15.052656173706055,5245900,0.0,0.0
2011-05-20 00:00:00-04:00,14.977628152369082,15.043278976796453,14.715026643486034,14.855706214904785,2887700,0.0,0.0
2011-05-23 00:00:00-04:00,14.424288306229254,14.668132144536893,14.321124018212828,14.593103408813477,3101500,0.0,0.0
2011-05-24 00:00:00-04:00,14.639996925642553,14.73378330036894,14.33988195757917,14.405531883239746,1815400,0.0,0.0
2011-05-25 00:00:00-04:00,14.358642214379723,14.611864041357052,14.26485582251356,14.54621410369873,2552700,0.0,0.0
2011-05-26 00:00:00-04:00,14.518076585196699,14.583727412455596,14.33050470962825,14.480562210083008,2889000,0.0,0.0
2011-05-27 00:00:00-04:00,14.56496608022404,14.705645621997354,14.518072899632937,14.65875244140625,2423000,0.0,0.0
2011-05-31 00:00:00-04:00,14.7806773841729,15.015142440795898,14.705648637606599,15.015142440795898,3507800,0.0,0.0
2011-06-01 00:00:00-04:00,14.958870884599369,14.977628519012997,14.536833948838323,14.555591583251953,3226100,0.0,0.0
2011-06-02 00:00:00-04:00,14.583727025814953,14.79005653067671,14.433669529338486,14.489940643310547,2999900,0.0,0.0
2011-06-03 00:00:00-04:00,14.246098453234037,14.443049164311619,13.992876621513336,14.0022554397583,4014000,0.0,0.0
2011-06-06 00:00:00-04:00,14.021010414297638,14.124175613160219,13.880331736010952,13.908467292785645,2529400,0.0,0.0
2011-06-07 00:00:00-04:00,13.992873193885943,14.171066224824282,13.880330085754395,13.880330085754395,2829200,0.0,0.0
2011-06-08 00:00:00-04:00,13.814681853304968,13.842818306412113,13.542702400828901,13.617732048034668,2932900,0.0,0.0
2011-06-09 00:00:00-04:00,13.6740032165643,13.861575099247037,13.430159321870097,13.683382034301758,2304800,0.0,0.0
2011-06-10 00:00:00-04:00,13.655245381466527,13.68338093801144,13.195693187695786,13.326993942260742,4296600,0.0,0.0
2011-06-13 00:00:00-04:00,13.373889315741778,13.383268134258687,12.989366700682147,13.073773384094238,4186200,0.0,0.0
2011-06-14 00:00:00-04:00,13.317614477890508,13.552079524664682,13.298857739243424,13.47705078125,2343100,0.0,0.0
2011-06-15 00:00:00-04:00,13.326992288834742,13.49580739598645,13.14879926027369,13.18631362915039,4082100,0.0,0.0
2011-06-16 00:00:00-04:00,13.195694276510457,13.364509418535793,12.792414951380238,12.942472457885742,3016500,0.0,0.0
2011-06-17 00:00:00-04:00,13.186314218698397,13.205070956768793,12.736140877638045,12.923712730407715,2988000,0.0,0.0
2011-06-20 00:00:00-04:00,12.867444579082987,13.055016474961938,12.67049386480675,12.76427936553955,4941800,0.0,0.0
2011-06-21 00:00:00-04:00,12.848684525596262,13.317614624299873,12.801791336843266,13.270721435546875,3128300,0.0,0.0
2011-06-22 00:00:00-04:00,13.186313628604053,13.458293026552141,13.130041628084781,13.298856735229492,3205300,0.0,0.0
2011-06-23 00:00:00-04:00,13.073772838240648,13.47705307349642,12.895579765926078,13.467674255371094,3756000,0.0,0.0
2011-06-24 00:00:00-04:00,13.44891814797089,13.44891814797089,13.120666653406195,13.251967430114746,5142900,0.0,0.0
2011-06-27 00:00:00-04:00,13.298859695701369,13.48643158183266,13.120665733066666,13.430159568786621,2405100,0.0,0.0
2011-06-28 00:00:00-04:00,13.43953413681046,13.608349228152104,13.345747776195541,13.598970413208008,2467900,0.0,0.0
2011-06-29 00:00:00-04:00,13.692760800827148,13.73027517722339,13.430159271640179,13.617732048034668,1923200,0.0,0.0
2011-06-30 00:00:00-04:00,13.655243869491297,13.992873193885943,13.645865053543723,13.880330085754395,1909000,0.0,0.0
2011-07-01 00:00:00-04:00,13.861573559682855,14.255474916773784,13.66462288113739,14.23671817779541,3130400,0.0,0.0
2011-07-05 00:00:00-04:00,14.227339758744083,14.227339758744083,13.927224771396581,14.11479663848877,2163800,0.0,0.0
2011-07-06 00:00:00-04:00,14.00225450821719,14.021011249045937,13.777167357379296,13.889711380004883,2236900,0.0,0.0
2011-07-07 00:00:00-04:00,14.058525683563607,14.349262770130737,14.011632489676872,14.246097564697266,2774900,0.0,0.0
2011-07-08 00:00:00-04:00,14.01163126839465,14.030388902079704,13.767788291381382,13.983495712280273,2097800,0.0,0.0
2011-07-11 00:00:00-04:00,13.758408946649894,13.964738437202914,13.486429529544479,13.523943901062012,2895800,0.0,0.0
2011-07-12 00:00:00-04:00,13.336370386852732,13.36450593839264,12.670489704321207,12.886197090148926,6784800,0.0,0.0
2011-07-13 00:00:00-04:00,12.99874357561866,13.24258747089675,12.914336899019283,12.942472457885742,3908300,0.0,0.0
2011-07-14 00:00:00-04:00,13.008123277388863,13.205073991665099,12.614221848836388,12.76427936553955,3609600,0.0,0.0
2011-07-15 00:00:00-04:00,12.858061601063334,12.886197152739902,12.595461031784891,12.839303970336914,2801600,0.0,0.0
2011-07-18 00:00:00-04:00,12.745520158806361,12.811170086067214,12.389133178337259,12.642354965209961,2670300,0.0,0.0
2011-07-19 00:00:00-04:00,12.82055184515542,13.1394245268881,12.792416283359413,13.111288070678711,3772700,0.0,0.0
2011-07-20 00:00:00-04:00,13.195694983052816,13.23320936168784,12.895579953972629,12.970608711242676,2137500,0.0,0.0
2011-07-21 00:00:00-04:00,12.970605770827351,13.448914660802052,12.839305028163768,13.355128288269043,4181000,0.0,0.0
2011-07-22 00:00:00-04:00,13.373888002180802,13.814681696221138,13.261344874271783,13.777167320251465,3178400,0.0,0.0
2011-07-25 00:00:00-04:00,13.580217077691652,13.636489090737692,13.28948087779148,13.430159568786621,2841500,0.0,0.0
2011-07-26 00:00:00-04:00,13.448917313213192,13.664624760402797,13.383267376140411,13.495810508728027,2100100,0.0,0.0
2011-07-27 00:00:00-04:00,13.35512731917932,13.35512731917932,12.773654177142326,12.90495491027832,3355000,0.0,0.0
2011-07-28 00:00:00-04:00,11.873312189304517,13.139424051710805,11.770147870174432,12.76427936553955,6706900,0.0,0.0
2011-07-29 00:00:00-04:00,12.576706552903643,12.904958017574506,12.370377035270147,12.651735305786133,4110800,0.0,0.0
2011-08-01 00:00:00-04:00,12.820550446978382,13.00812232918461,12.314105917814922,12.651735305786133,3704100,0.0,0.0
2011-08-02 00:00:00-04:00,12.482920284825951,12.539191398791285,11.92020377869323,11.929582595825195,5440200,0.0,0.0
2011-08-03 00:00:00-04:00,11.873310625598235,12.20156207096594,11.76076750289271,12.107775688171387,5046600,0.0,0.0
2011-08-04 00:00:00-04:00,11.91082305303518,11.91082305303518,11.319971084594727,11.319971084594727,5792500,0.0,0.0
2011-08-05 00:00:00-04:00,11.53568087974742,11.751388300933058,10.738499335337012,11.151158332824707,8659300,0.0,0.0
2011-08-08 00:00:00-04:00,10.804147559911298,11.010476114608467,10.316459933726016,10.513410568237305,8673600,0.0,0.0
2011-08-09 00:00:00-04:00,10.78539005722288,11.123019337025525,10.325838869443807,11.076127052307129,8324800,0.0,0.0
2011-08-10 00:00:00-04:00,10.747878998178917,11.019858447489357,10.335220862623283,10.569685935974121,8030300,0.0,0.0
2011-08-11 00:00:00-04:00,10.682229029877844,11.244944667482157,10.654092577187674,11.085508346557617,5970600,0.0,0.0
2011-08-12 00:00:00-04:00,11.198050942113799,11.432516003580625,11.01985788894083,11.18867301940918,3485800,0.0,0.0
2011-08-15 00:00:00-04:00,11.301214717895817,11.69511604309082,11.254321532627246,11.69511604309082,4072600,0.0,0.0
2011-08-16 00:00:00-04:00,11.554434456071226,11.573192084646399,11.04799011191,11.132397651672363,4827700,0.0,0.0
2011-08-17 00:00:00-04:00,11.20743148646812,11.498168601035838,11.076131604235846,11.169917106628418,4047800,0.0,0.0
2011-08-18 00:00:00-04:00,10.813529510725003,10.813529510725003,10.269570583017597,10.353978157043457,4113200,0.0,0.0
2011-08-19 00:00:00-04:00,10.232053185138648,10.6728476669469,10.09137453289134,10.222674369812012,4846600,0.0,0.0
2011-08-22 00:00:00-04:00,10.475900531554517,10.569686927457742,10.222677799263822,10.232056617736816,3001000,0.0,0.0
2011-08-23 00:00:00-04:00,10.325842666504636,10.897937157924169,10.31646384834694,10.822908401489258,4269900,0.0,0.0
2011-08-24 00:00:00-04:00,10.794768965271798,10.926068794679425,10.494653152883632,10.757254600524902,4546700,0.0,0.0
2011-08-25 00:00:00-04:00,10.7947722444515,10.897936555240927,10.532170717038506,10.635335922241211,4572100,0.0,0.0
2011-08-26 00:00:00-04:00,10.560307260733579,11.151159360871953,10.438385313618046,11.104266166687012,3599600,0.0,0.0
2011-08-29 00:00:00-04:00,11.254324014207965,11.563817853045618,11.254324014207965,11.545061111450195,2212500,0.0,0.0
2011-08-30 00:00:00-04:00,11.479412259742858,11.601334231588183,11.310597978614574,11.498169898986816,2685000,0.0,0.0
2011-08-31 00:00:00-04:00,11.59195222759245,11.71387416594514,11.254322863671078,11.348109245300293,3856000,0.0,0.0
2011-09-01 00:00:00-04:00,11.310591545484678,11.507542173459209,11.104262103222561,11.132397651672363,2981300,0.0,0.0
2011-09-02 00:00:00-04:00,10.879178567709413,11.029236055085294,10.67284907536099,10.776013374328613,1998000,0.0,0.0
2011-09-06 00:00:00-04:00,10.363356003320433,10.60719988443697,10.250812879977394,10.466520309448242,3922100,0.0,0.0
2011-09-07 00:00:00-04:00,10.700986954428158,11.310596747289791,10.700986954428158,11.235567092895508,3075000,0.0,0.0
2011-09-08 00:00:00-04:00,11.19805246919692,11.535682776176403,10.916695072598484,10.972966194152832,2378500,0.0,0.0
2011-09-09 00:00:00-04:00,10.81352754966624,11.141778968145786,10.719742068967198,10.804149627685547,3017800,0.0,0.0
2011-09-12 00:00:00-04:00,10.663471394751063,11.104265981684396,10.663471394751063,11.085508346557617,3484500,0.0,0.0
2011-09-13 00:00:00-04:00,11.123019374481157,11.507542729123038,11.066748274864395,11.413756370544434,3253300,0.0,0.0
2011-09-14 00:00:00-04:00,11.573194676463437,11.967096020626707,11.395000742744589,11.817038536071777,3913400,0.0,0.0
2011-09-15 00:00:00-04:00,11.995230738674284,12.098395028506491,11.666979343297022,11.835794448852539,5329700,0.0,0.0
2011-09-16 00:00:00-04:00,11.873310516627381,12.023368012190883,11.74201065521593,11.976475715637207,2913800,0.0,0.0
2011-09-19 00:00:00-04:00,11.770146827881785,11.817040021302285,11.44189536835156,11.713874816894531,3311000,0.0,0.0
2011-09-20 00:00:00-04:00,11.732631008670898,11.863930860799764,11.395000773109446,11.432515144348145,2374800,0.0,0.0
2011-09-21 00:00:00-04:00,11.395001130778295,11.573195070565179,11.001099773201512,11.019857406616211,4278600,0.0,0.0
2011-09-22 00:00:00-04:00,10.672847938607847,10.691604675325484,10.31646099684192,10.5321683883667,4788000,0.0,0.0
2011-09-23 00:00:00-04:00,10.38211326254951,10.926072166450993,10.335220962954745,10.7009859085083,4787900,0.0,0.0
2011-09-26 00:00:00-04:00,10.813526979644571,10.832284611443491,10.185160624990589,10.68222713470459,4159600,0.0,0.0
2011-09-27 00:00:00-04:00,10.926071028369096,11.385623208484136,10.79477117211896,11.019857406616211,3479600,0.0,0.0
2011-09-28 00:00:00-04:00,11.094884999247734,11.123020552034722,10.50403302424238,10.550926208496094,2960100,0.0,0.0
2011-09-29 00:00:00-04:00,10.776014708251996,10.832286720190245,10.278948996186156,10.475899696350098,4856100,0.0,0.0
2011-09-30 00:00:00-04:00,10.419625470422808,10.70098368150376,10.32583999633789,10.32583999633789,4879100,0.0,0.0
2011-10-03 00:00:00-04:00,10.22267691424167,10.47589962460976,9.866290787255389,9.894426345825195,4719200,0.0,0.0
2011-10-04 00:00:00-04:00,9.791258828032994,10.494653887054168,9.725608908736532,10.40086841583252,6400000,0.0,0.0
2011-10-05 00:00:00-04:00,10.419628018687586,10.982344578469638,10.175785010901125,10.916694641113281,4253100,0.0,0.0
2011-10-06 00:00:00-04:00,10.851044790766275,11.395003763694412,10.654094066470682,11.385625839233398,3839500,0.0,0.0
2011-10-07 00:00:00-04:00,11.451272655170019,11.704494434730073,11.188672059296923,11.301215171813965,3709200,0.0,0.0
2011-10-10 00:00:00-04:00,11.498162084627989,11.882684483666079,11.470025644884084,11.751383781433105,2681000,0.0,0.0
2011-10-11 00:00:00-04:00,11.666977750423799,11.723249742730614,11.488784747876002,11.648221015930176,2881800,0.0,0.0
2011-10-12 00:00:00-04:00,11.751387635681253,12.389132835106512,11.732630897446297,12.089017868041992,4456400,0.0,0.0
2011-10-13 00:00:00-04:00,11.98585242518913,12.229696278006534,11.882688131033984,12.11715316772461,3410400,0.0,0.0
2011-10-14 00:00:00-04:00,12.35162143341618,12.35162143341618,11.892070056024291,12.154670715332031,3307800,0.0,0.0
2011-10-17 00:00:00-04:00,12.051504041313322,12.079639597142721,11.676359421130837,11.760766983032227,2780200,0.0,0.0
2011-10-18 00:00:00-04:00,11.77014576577309,12.135910673738072,11.554437453269083,12.098396301269531,4336800,0.0,0.0
2011-10-19 00:00:00-04:00,12.042125959768827,12.267212208972502,11.938960758073874,12.01399040222168,4335800,0.0,0.0
2011-10-20 00:00:00-04:00,11.948336338783427,12.67048897737567,11.66697815628758,12.520431518554688,8527600,0.0,0.0
2011-10-21 00:00:00-04:00,12.773656405776999,12.961228275544965,12.33286184101236,12.717385292053223,5610100,0.0,0.0
2011-10-24 00:00:00-04:00,12.783033616423296,13.467671078641201,12.773654800510228,13.31761360168457,4501200,0.0,0.0
2011-10-25 00:00:00-04:00,13.186315942664287,13.186315942664287,12.689249349822235,12.726763725280762,5009600,0.0,0.0
2011-10-26 00:00:00-04:00,12.914336162650608,13.026879286112585,12.595463532301718,12.80179214477539,5970300,0.0,0.0
2011-10-27 00:00:00-04:00,13.233208070633061,13.78654577232507,13.130043763054971,13.674002647399902,6547700,0.0,0.0
2011-10-28 00:00:00-04:00,13.523944832858923,14.114796895779545,13.458294901783265,14.086661338806152,5266900,0.0,0.0
2011-10-31 00:00:00-04:00,13.91784736714128,13.974118485774014,13.326995255017737,13.430159568786621,4798700,0.0,0.0
2011-11-01 00:00:00-04:00,12.895576090938018,13.055012375979024,12.567324705403458,12.792411804199219,6566700,0.0,0.0
2011-11-02 00:00:00-04:00,13.026879418310624,13.270722407746167,12.858064284197887,13.15817928314209,3218600,0.0,0.0
2011-11-03 00:00:00-04:00,13.373887647599458,13.702138205027882,12.95185070552677,13.674002647399902,4750600,0.0,0.0
2011-11-04 00:00:00-04:00,13.55208070512766,13.824060147300125,13.383266464946534,13.674002647399902,3152700,0.0,0.0
2011-11-07 00:00:00-05:00,13.411399841308594,13.627107238728623,13.158177180601841,13.411399841308594,4126800,0.0,0.0
2011-11-08 00:00:00-05:00,13.552081108093262,13.683381871616756,13.28948047545955,13.552081108093262,5200600,0.0,0.0
2011-11-09 00:00:00-05:00,13.176937535403914,13.308237406389583,12.89557926349945,12.942472457885742,2917900,0.0,0.0
2011-11-10 00:00:00-05:00,13.14880268056904,13.14880268056904,12.754901257694627,12.970608711242676,2289600,0.0,0.0
2011-11-11 00:00:00-05:00,13.101906074497967,13.448914210182213,13.101906074497967,13.411399841308594,2241300,0.0,0.0
2011-11-14 00:00:00-05:00,13.392643943640795,13.486430325174126,13.12066451049,13.28010082244873,2188900,0.0,0.0
2011-11-15 00:00:00-05:00,13.18631694354019,13.683382679697567,13.176938125360365,13.645868301391602,2953900,0.0,0.0
2011-11-16 00:00:00-05:00,13.402023315429688,13.692760394686982,13.270722554730707,13.402023315429688,3567500,0.0,0.0
2011-11-17 00:00:00-05:00,13.317614080140245,13.336371712640279,12.492297032814884,12.698626518249512,4526000,0.0,0.0
2011-11-18 00:00:00-05:00,12.764273899999194,12.876816989336687,12.323480357030588,12.351615905761719,3780900,0.0,0.0
2011-11-21 00:00:00-05:00,12.023366861433846,12.22031752911409,11.83579500993198,12.070260047912598,4166100,0.0,0.0
2011-11-22 00:00:00-05:00,12.079637624256314,12.19218072360619,11.507543312291183,11.53567886352539,5190000,0.0,0.0
2011-11-23 00:00:00-05:00,11.38562424769319,11.479409740087274,11.066751605844109,11.085508346557617,4787700,0.0,0.0
2011-11-25 00:00:00-05:00,11.057375570966068,11.282461882652735,10.954211235046387,10.954211235046387,1182400,0.0,0.0
2011-11-28 00:00:00-05:00,11.413758730518401,11.460651919503608,11.22618686899076,11.357486724853516,3654400,0.0,0.0
2011-11-29 00:00:00-05:00,11.488788701769776,11.507546337131858,11.179294873601693,11.329352378845215,3305100,0.0,0.0
2011-11-30 00:00:00-05:00,11.751388730148093,12.651734609608617,11.657603241412287,12.6235990524292,6941700,0.0,0.0
2011-12-01 00:00:00-05:00,12.567327758486801,12.792414911964817,12.37975587593286,12.539192199707031,4701500,0.0,0.0
2011-12-02 00:00:00-05:00,12.661114907610989,12.858065619728137,12.342242240905762,12.342242240905762,3558900,0.0,0.0
2011-12-05 00:00:00-05:00,12.595464188330908,12.839307187992361,12.50167780002115,12.651735305786133,2860600,0.0,0.0
2011-12-06 00:00:00-05:00,12.70800824398254,12.914337776656062,12.642357409614894,12.76427936553955,2719000,0.0,0.0
2011-12-07 00:00:00-05:00,12.595464347419254,12.839307350160592,12.482921216674029,12.783036231994629,2411800,0.0,0.0
2011-12-08 00:00:00-05:00,12.623597464904377,12.811169313200471,12.445404432626367,12.548568725585938,3557100,0.0,0.0
2011-12-09 00:00:00-05:00,12.698628196914331,13.29885910006427,12.51105631918412,13.242587089538574,5029400,0.0,0.0
2011-12-12 00:00:00-05:00,12.998741985971176,12.998741985971176,12.65173382101034,12.86744213104248,3712800,0.0,0.0
2011-12-13 00:00:00-05:00,12.92371539841017,12.989366231242528,12.342242087576892,12.436028480529785,4990600,0.0,0.0
2011-12-14 00:00:00-05:00,12.314103511687703,12.43602543490201,12.023366480266953,12.079638481140137,4097800,0.0,0.0
2011-12-15 00:00:00-05:00,12.417268196794334,12.529811307695454,11.938959304654722,12.070260047912598,6792900,0.0,0.0
2011-12-16 00:00:00-05:00,12.126532285634514,12.501675995910158,12.051503543579386,12.379754066467285,4614500,0.0,0.0
2011-12-19 00:00:00-05:00,12.454784083308898,12.51105609281644,11.976476027354401,12.01399040222168,8213100,0.0,0.0
2011-12-20 00:00:00-05:00,12.276590727288584,12.783035222868703,12.276590727288584,12.717385292053223,3338200,0.0,0.0
2011-12-21 00:00:00-05:00,12.661113112737521,12.689248669219015,12.182804180486043,12.586084365844727,3572200,0.0,0.0
2011-12-22 00:00:00-05:00,12.689246502177804,12.961225886819456,12.586082216421682,12.839303970336914,3078700,0.0,0.0
2011-12-23 00:00:00-05:00,12.867440924263791,12.904955292784143,12.576703897421249,12.895576477050781,2917400,0.0,0.0
2011-12-27 00:00:00-05:00,12.81117179107761,12.979986934402097,12.783036231994629,12.783036231994629,1773400,0.0,0.0
2011-12-28 00:00:00-05:00,12.783035532441449,12.85806428216564,12.39851296650165,12.417269706726074,3054400,0.0,0.0
2011-12-29 00:00:00-05:00,12.520435435448416,12.698628499941012,12.398513488411046,12.651735305786133,1611900,0.0,0.0
2011-12-30 00:00:00-05:00,12.689249842500292,12.867443803656872,12.623599906502236,12.783036231994629,1709700,0.0,0.0
2012-01-03 00:00:00-05:00,13.083148319652537,13.158177056693239,12.876818845584056,12.895576477050781,4792900,0.0,0.0
2012-01-04 00:00:00-05:00,12.811169045439481,13.420778657676996,12.68924712299198,13.298856735229492,5365000,0.0,0.0
2012-01-05 00:00:00-05:00,13.205071894655301,13.74903075352844,13.120664331310639,13.711516380310059,6030700,0.0,0.0
2012-01-06 00:00:00-05:00,13.692758306295126,13.861572522117175,13.589593119190024,13.720893859863281,3583900,0.0,0.0
2012-01-09 00:00:00-05:00,13.767787225767634,14.058523370077628,13.636486483374428,13.964737892150879,5594200,0.0,0.0
2012-01-10 00:00:00-05:00,14.152311396913285,14.208582511365162,13.992875081944241,14.10541820526123,5715600,0.0,0.0
2012-01-11 00:00:00-05:00,14.03038951044335,14.274233392442992,14.021010693194153,14.17106819152832,3375700,0.0,0.0
2012-01-12 00:00:00-05:00,14.274231151002937,14.30236670391924,13.983494122824126,14.133551597595215,4814600,0.0,0.0
2012-01-13 00:00:00-05:00,13.992874471618656,14.049145583616161,13.805302607604974,13.917845726013184,3015900,0.0,0.0
2012-01-17 00:00:00-05:00,13.98349305839681,14.274230064444641,13.936599877497091,14.227336883544922,4370500,0.0,0.0
2012-01-18 00:00:00-05:00,14.255473451932588,14.977626163864539,14.1429303463873,14.790054321289062,7104800,0.0,0.0
2012-01-19 00:00:00-05:00,14.771298986585021,15.146442730066331,14.715026977856208,15.118308067321777,5559600,0.0,0.0
2012-01-20 00:00:00-05:00,15.043280333201194,15.16520138724551,14.987007426263887,15.137064933776855,4378800,0.0,0.0
2012-01-23 00:00:00-05:00,15.127688731395942,15.230853956457425,14.940117708988677,15.099554061889648,6302800,0.0,0.0
2012-01-24 00:00:00-05:00,14.987007705816447,15.465316690745903,14.987007705816447,15.28712272644043,7087700,0.0,0.0
2012-01-25 00:00:00-05:00,15.27774291130097,15.315256387624895,15.033899054303403,15.127683639526367,7331400,0.0,0.0
2012-01-26 00:00:00-05:00,16.17809320286495,16.412558321747053,15.277748004994596,15.390290260314941,14683500,0.0,0.0
2012-01-27 00:00:00-05:00,15.418420601871908,15.9436217589422,15.371526523402837,15.896729469299316,6306500,0.0,0.0
2012-01-30 00:00:00-05:00,15.66226663065645,15.66226663065645,15.24960762663203,15.4840726852417,6496600,0.0,0.0
2012-01-31 00:00:00-05:00,15.521585862521585,15.727916254933714,15.240228513193195,15.334014892578125,3582600,0.0,0.0
2012-02-01 00:00:00-05:00,15.502831843743712,15.793568044138292,15.474695389966193,15.493453025817871,5385300,0.0,0.0
2012-02-02 00:00:00-05:00,15.587237658518212,15.896731459863677,15.587237658518212,15.737295150756836,4427100,0.0,0.0
2012-02-03 00:00:00-05:00,15.981140521238782,16.065546303313763,15.802946561688092,15.971761703491211,3531100,0.0,0.0
2012-02-06 00:00:00-05:00,15.78418566326329,15.821700926498364,15.559099450331471,15.64350700378418,3253900,0.0,0.0
2012-02-07 00:00:00-05:00,15.549722857339264,15.643509240007404,15.427801812049204,15.568480491638184,4239200,0.0,0.0
2012-02-08 00:00:00-05:00,15.559101207913566,15.943623755378344,15.549722391045352,15.737295150756836,3812700,0.0,0.0
2012-02-09 00:00:00-05:00,15.784187446271503,15.887352642995461,15.69040106641576,15.737295150756836,2607600,0.0,0.0
2012-02-10 00:00:00-05:00,15.634124786375512,15.699774693926884,15.418417436185061,15.474688529968262,2458000,0.0,0.0
2012-02-13 00:00:00-05:00,15.652890911305624,15.737298492215187,15.296502949948184,15.455939292907715,2638700,0.0,0.0
2012-02-14 00:00:00-05:00,15.399670557761247,15.784193246527515,15.362155276502554,15.756056785583496,4254800,0.0,0.0
2012-02-15 00:00:00-05:00,15.84984319990316,15.971766075166846,15.681028011893176,15.756056785583496,4692600,0.0,0.0
2012-02-16 00:00:00-05:00,15.774812534522724,16.375042652066643,15.746677865779635,16.224985122680664,5285000,0.0,0.0
2012-02-17 00:00:00-05:00,16.318767851611128,16.40317541648988,15.943624112609145,15.9530029296875,3323600,0.0,0.0
2012-02-21 00:00:00-05:00,15.981136102332005,15.981136102332005,15.390283269396432,15.512206077575684,3299500,0.0,0.0
2012-02-22 00:00:00-05:00,15.418423373825076,15.54972323949144,15.146443036285886,15.221471786499023,3946800,0.0,0.0
2012-02-23 00:00:00-05:00,15.212092413468993,15.587237939658296,15.024521439200782,15.549722671508789,3166600,0.0,0.0
2012-02-24 00:00:00-05:00,15.559101776031847,15.615372890469388,15.296500260612532,15.362150192260742,1545700,0.0,0.0
2012-02-27 00:00:00-05:00,15.183956944669038,15.737294598697977,15.137062861972991,15.502829551696777,2845000,0.0,0.0
2012-02-28 00:00:00-05:00,15.540344136741563,15.934245515333885,15.474694205113922,15.746674537658691,2508500,0.0,0.0
2012-02-29 00:00:00-05:00,15.756049999498703,15.774807632049193,15.277742891245316,15.399663925170898,2734000,0.0,0.0
2012-03-01 00:00:00-05:00,15.484074513019019,15.577860905298945,15.230851790511213,15.305880546569824,1936300,0.0,0.0
2012-03-02 00:00:00-05:00,15.305875569193997,15.455933032513462,15.01513945761579,15.108925819396973,3430400,0.0,0.0
2012-03-05 00:00:00-05:00,15.108930045314207,15.146443527223436,14.264855236437763,14.358641624450684,6580000,0.0,0.0
2012-03-06 00:00:00-05:00,14.133553619471394,14.302368749945277,14.124175696766468,14.199204444885254,4628200,0.0,0.0
2012-03-07 00:00:00-05:00,14.321127231287234,14.771299746627998,14.283611960595556,14.761920928955078,4575400,0.0,0.0
2012-03-08 00:00:00-05:00,14.9213565851983,15.080792900862718,14.865085470500999,14.911977767944336,3861600,0.0,0.0
2012-03-09 00:00:00-05:00,14.893218243545098,15.249605182849598,14.799431877365413,15.20271110534668,2335700,0.0,0.0
2012-03-12 00:00:00-04:00,15.249604467655713,15.249604467655713,14.930731910895332,15.108925819396973,2023400,0.0,0.0
2012-03-13 00:00:00-04:00,15.165202397807816,15.615374950344833,15.118310094395227,15.605996131896973,3981000,0.0,0.0
2012-03-14 00:00:00-04:00,15.60599681700765,15.727919673355592,15.399668168576936,15.455939292907715,2069500,0.0,0.0
2012-03-15 00:00:00-04:00,15.568487979820485,15.849845474326694,15.540351514838935,15.793574333190918,3644100,0.0,0.0
2012-03-16 00:00:00-04:00,15.812332989186629,16.074932857189577,15.70916773314122,15.990525245666504,4283100,0.0,0.0
2012-03-19 00:00:00-04:00,15.896732567848108,16.08430355180667,15.746675065150644,15.98114013671875,1990400,0.0,0.0
2012-03-20 00:00:00-04:00,15.812325678017173,15.906110279610644,15.615374079252337,15.784189224243164,2054500,0.0,0.0
2012-03-21 00:00:00-04:00,15.802942465497289,15.971757563542806,15.774806019547665,15.821700096130371,2140700,0.0,0.0
2012-03-22 00:00:00-04:00,15.709161189875648,15.831082250832727,15.484074915844095,15.699782371520996,2507500,0.0,0.0
2012-03-23 00:00:00-04:00,15.662266657087235,15.80294533472515,15.502830345410546,15.774808883666992,1277300,0.0,0.0
2012-03-26 00:00:00-04:00,15.962378826408266,16.24373613197811,15.915484749595874,16.112436294555664,2586200,0.0,0.0
2012-03-27 00:00:00-04:00,16.103056977256003,16.309385542320825,16.093678162185867,16.1687068939209,2848100,0.0,0.0
2012-03-28 00:00:00-04:00,16.11244455572797,16.121823375899154,15.643514280130889,15.71854305267334,2568900,0.0,0.0
2012-03-29 00:00:00-04:00,15.587240128918566,15.746676463294254,15.409046157833577,15.699782371520996,2248300,0.0,0.0
2012-03-30 00:00:00-04:00,15.812322303642034,15.849835778508664,15.502828533480859,15.84045696258545,2523700,0.0,0.0
2012-04-02 00:00:00-04:00,15.74667017863196,15.990512203226197,15.484068735988812,15.962377548217773,2095600,0.0,0.0
2012-04-03 00:00:00-04:00,15.859220017477497,15.934248781693004,15.587241418006352,15.624754905700684,1878200,0.0,0.0
2012-04-04 00:00:00-04:00,15.437177803546437,15.474693069624596,15.099549352974723,15.165199279785156,3917600,0.0,0.0
2012-04-05 00:00:00-04:00,15.080791327117776,15.409042741446143,14.949490582503799,15.399663925170898,4112000,0.0,0.0
2012-04-09 00:00:00-04:00,15.052656928080104,15.099551015842104,14.86508594351172,15.080793380737305,2443300,0.0,0.0
2012-04-10 00:00:00-04:00,15.015141638412745,15.137062674257828,14.696269035339355,14.696269035339355,2949000,0.0,0.0
2012-04-11 00:00:00-04:00,14.893217545065466,15.174575735995981,14.818188813405733,15.108925819396973,2720300,0.0,0.0
2012-04-12 00:00:00-04:00,15.19333629418522,15.746673967625052,15.108928731197693,15.737295150756836,2493600,0.0,0.0
2012-04-13 00:00:00-04:00,15.634130400244592,15.737295599912976,15.27774429321289,15.27774429321289,1374600,0.0,0.0
2012-04-16 00:00:00-04:00,15.465315269451406,15.512209355130882,15.127685007865034,15.27774429321289,3077100,0.0,0.0
2012-04-17 00:00:00-04:00,15.390287815540105,15.812325678017173,15.380908997615435,15.784189224243164,2411400,0.0,0.0
2012-04-18 00:00:00-04:00,15.643511250219781,15.793568766240817,15.54034603714531,15.699782371520996,2257400,0.0,0.0
2012-04-19 00:00:00-04:00,15.681019070433708,15.9623781529592,15.427798221634626,15.540340423583984,2333000,0.0,0.0
2012-04-20 00:00:00-04:00,15.615374201057893,15.681024138216062,15.28712272644043,15.28712272644043,2788700,0.0,0.0
2012-04-23 00:00:00-04:00,15.052657362197488,15.193337840714165,14.883843113452045,15.137064933776855,1885100,0.0,0.0
2012-04-24 00:00:00-04:00,15.202715529937336,15.258988439318475,15.033902168273926,15.033902168273926,2647000,0.0,0.0
2012-04-25 00:00:00-04:00,15.371530179690767,15.887354432587918,15.371530179690767,15.784189224243164,5520300,0.0,0.0
2012-04-26 00:00:00-04:00,16.47820036885117,16.890859281118466,16.037406800655532,16.131193161010742,11012200,0.0,0.0
2012-04-27 00:00:00-04:00,16.224979651610543,16.450067658616593,16.00927224945818,16.30938720703125,3848800,0.0,0.0
2012-04-30 00:00:00-04:00,16.318765515565527,16.365659594244377,16.103058120121396,16.14057159423828,2055900,0.0,0.0
2012-05-01 00:00:00-04:00,15.990514120118346,16.375036621153953,15.887350724677264,16.14057159423828,4425000,0.0,0.0
2012-05-02 00:00:00-04:00,16.046788224365265,16.1030593341962,15.821701996215202,15.999894142150879,2353100,0.0,0.0
2012-05-03 00:00:00-04:00,15.962382861149965,16.093682731760506,15.512210342919627,15.521587371826172,1924700,0.0,0.0
2012-05-04 00:00:00-04:00,15.390285129099048,15.484071503148312,14.930733863966582,15.127683639526367,3433600,0.0,0.0
2012-05-07 00:00:00-04:00,15.052658015907637,15.137065591152677,14.940115774798697,15.033902168273926,1916900,0.0,0.0
2012-05-08 00:00:00-04:00,14.883841584659889,14.883841584659889,14.358640362310483,14.83694839477539,3545500,0.0,0.0
2012-05-09 00:00:00-04:00,14.58372592150401,14.827569782020504,14.414910803544412,14.696269035339355,2349200,0.0,0.0
2012-05-10 00:00:00-04:00,14.846327555751017,14.893220746722431,14.508698190700645,14.64937686920166,2669100,0.0,0.0
2012-05-11 00:00:00-04:00,14.527454228270289,15.071413070655199,14.508697489436248,14.733783721923828,2829000,0.0,0.0
2012-05-14 00:00:00-04:00,14.508698065042152,14.761919863033494,14.377397310342023,14.630620002746582,2127300,0.0,0.0
2012-05-15 00:00:00-04:00,14.602484025474254,14.808813534007012,14.405533334241452,14.46180534362793,3195800,0.0,0.0
2012-05-16 00:00:00-04:00,14.48994063680221,14.58372701926449,14.077282521677278,14.086661338806152,3232000,0.0,0.0
2012-05-17 00:00:00-04:00,14.096040176203783,14.199205382489255,13.683382034301758,13.683382034301758,2099800,0.0,0.0
2012-05-18 00:00:00-04:00,13.711517845190208,13.81468215895909,13.373888450153885,13.430159568786621,3459700,0.0,0.0
2012-05-21 00:00:00-04:00,13.486431260741979,13.880332659446168,13.458295702095475,13.73027515411377,2855300,0.0,0.0
2012-05-22 00:00:00-04:00,13.758410787374853,13.842818358185408,13.589595645753745,13.683382034301758,2207600,0.0,0.0
2012-05-23 00:00:00-04:00,14.058526039123535,14.114798052093471,13.580217059325637,14.058526039123535,5600000,0.0,0.0
2012-05-24 00:00:00-04:00,14.077282365662514,14.077282365662514,13.758409742120614,13.842817306518555,3216400,0.0,0.0
2012-05-25 00:00:00-04:00,13.814679649701894,14.039766766588594,13.814679649701894,13.870951652526855,2829800,0.0,0.0
2012-05-29 00:00:00-04:00,14.058524871352608,14.29298993282712,14.030389314411371,14.199204444885254,2327900,0.0,0.0
2012-05-30 00:00:00-04:00,14.002253618289505,14.002253618289505,13.73027418545904,13.842817306518555,2678900,0.0,0.0
2012-05-31 00:00:00-04:00,13.786546182262395,13.833439375978877,13.25196609936902,13.552081108093262,4844900,0.0,0.0
2012-06-01 00:00:00-04:00,13.22383162845967,13.26134600763546,12.67049386480675,12.76427936553955,5723900,0.0,0.0
2012-06-04 00:00:00-04:00,12.839306077520805,12.961228014013146,12.539191091947783,12.74552059173584,2695600,0.0,0.0
2012-06-05 00:00:00-04:00,12.65173226320727,13.055012383776944,12.623596711245897,13.017498016357422,3213500,0.0,0.0
2012-06-06 00:00:00-04:00,13.120663251349656,13.514564584927275,13.11128443521373,13.355128288269043,2880000,0.0,0.0
2012-06-07 00:00:00-04:00,13.62710723984835,13.683379240369954,13.14879926027369,13.18631362915039,2342000,0.0,0.0
2012-06-08 00:00:00-04:00,13.120664357726334,13.505186907592204,12.979985681477478,13.486430168151855,3049000,0.0,0.0
2012-06-11 00:00:00-04:00,13.56145679114704,13.598971158566561,12.9799836489379,13.017498016357422,2794900,0.0,0.0
2012-06-12 00:00:00-04:00,13.083148758257522,13.233206237369517,12.923712463097747,13.223828315734863,2620700,0.0,0.0
2012-06-13 00:00:00-04:00,13.176937362085255,13.280101672847527,13.055015416049871,13.148801803588867,4753000,0.0,0.0
2012-06-14 00:00:00-04:00,13.167559851831632,13.33637500839786,12.942473572685572,13.251967430114746,3789100,0.0,0.0
2012-06-15 00:00:00-04:00,13.345750275599338,13.589594143335002,13.223829236144693,13.561458587646484,2879300,0.0,0.0
2012-06-18 00:00:00-04:00,13.430157963136736,13.655245093997173,13.373886851231525,13.580215454101562,1965000,0.0,0.0
2012-06-19 00:00:00-04:00,13.692755471787121,13.96473481841241,13.627104667834166,13.833434104919434,2683600,0.0,0.0
2012-06-20 00:00:00-04:00,13.842815844828104,14.058523247145228,13.739650657273717,13.899086952209473,2800000,0.0,0.0
2012-06-21 00:00:00-04:00,13.936601341516837,14.030387713168397,13.176935129909083,13.223828315734863,3455900,0.0,0.0
2012-06-22 00:00:00-04:00,13.280099668138362,13.486429152929537,13.223828559640044,13.42077922821045,2265300,0.0,0.0
2012-06-25 00:00:00-04:00,13.195691358401922,13.214448989773672,12.75489775412287,12.829926490783691,2422700,0.0,0.0
2012-06-26 00:00:00-04:00,12.8861996388648,12.989364838937568,12.670492210373071,12.848685264587402,2239000,0.0,0.0
2012-06-27 00:00:00-04:00,12.914337331499272,13.064394843029957,12.83930768132061,12.998744010925293,2116400,0.0,0.0
2012-06-28 00:00:00-04:00,12.839305320890505,12.923712879212015,12.36099731442387,12.604840278625488,3524400,0.0,0.0
2012-06-29 00:00:00-04:00,12.923712152600379,13.289477919958042,12.839304599024526,13.18631362915039,3009500,0.0,0.0
2012-07-02 00:00:00-04:00,13.223829023131781,13.270721317052896,12.933091970989727,13.139421463012695,2740600,0.0,0.0
2012-07-03 00:00:00-04:00,13.148801059288338,13.458294868469238,13.055014677058212,13.458294868469238,1260800,0.0,0.0
2012-07-05 00:00:00-04:00,13.439538495227563,13.552081627815179,13.280102167125111,13.495810508728027,2612000,0.0,0.0
2012-07-06 00:00:00-04:00,13.30823585035158,13.326993483678214,12.670491522270128,12.820549011230469,3572800,0.0,0.0
2012-07-09 00:00:00-04:00,12.75489865698215,12.839305320890505,12.370375236360472,12.604840278625488,3506300,0.0,0.0
2012-07-10 00:00:00-04:00,12.529814134728442,12.839307983139198,12.18280590755315,12.342242240905762,2743200,0.0,0.0
2012-07-11 00:00:00-04:00,12.37975684937315,12.55795082262104,12.257834892522846,12.426650047302246,3066300,0.0,0.0
2012-07-12 00:00:00-04:00,12.295347729303854,12.379755296103058,12.145290230288936,12.239076614379883,2659600,0.0,0.0
2012-07-13 00:00:00-04:00,12.29534612781967,12.501675609297134,12.267210574022375,12.389132499694824,3299400,0.0,0.0
2012-07-16 00:00:00-04:00,12.323483152138769,12.426647450493748,12.192182404258018,12.285968780517578,1695700,0.0,0.0
2012-07-17 00:00:00-04:00,12.360998974279282,12.473542102349388,12.17342619974916,12.407891273498535,2155000,0.0,0.0
2012-07-18 00:00:00-04:00,12.36099926809671,12.96122929873791,12.351620450264617,12.783036231994629,2582300,0.0,0.0
2012-07-19 00:00:00-04:00,12.886201518516238,13.120666615553636,12.811172759017339,12.961230278015137,3861700,0.0,0.0
2012-07-20 00:00:00-04:00,12.83930409263581,12.923711642882587,12.66111107110278,12.792411804199219,2303100,0.0,0.0
2012-07-23 00:00:00-04:00,12.520433171944804,12.61421864888629,12.276589321953319,12.548568725585938,2334900,0.0,0.0
2012-07-24 00:00:00-04:00,12.529813219177804,12.595464048028655,12.285970222232542,12.407891273498535,2512300,0.0,0.0
2012-07-25 00:00:00-04:00,12.492295841792044,12.81116840858593,12.426645923127325,12.614217758178711,2935100,0.0,0.0
2012-07-26 00:00:00-04:00,13.02687745033607,14.086659498272734,12.998741002625696,13.927223205566406,8570700,0.0,0.0
2012-07-27 00:00:00-04:00,14.021011537041147,14.1804478622201,13.82406083502087,14.039769172668457,3825700,0.0,0.0
2012-07-30 00:00:00-04:00,14.021008816358586,14.10541637147617,13.66462185831385,13.720893859863281,4165600,0.0,0.0
2012-07-31 00:00:00-04:00,13.73027425602108,13.917846125417565,13.608352317310057,13.795924186706543,3490300,0.0,0.0
2012-08-01 00:00:00-04:00,13.917844333649834,13.974115440017886,13.49580745823699,13.589592933654785,2945200,0.0,0.0
2012-08-02 00:00:00-04:00,13.411403135445786,13.702139342024294,13.167559230667258,13.467674255371094,3072500,0.0,0.0
2012-08-03 00:00:00-04:00,13.870951269806818,13.992873193885943,13.580214236323815,13.880330085754395,3334400,0.0,0.0
2012-08-06 00:00:00-04:00,13.964734265138745,14.086656159748985,13.927219904828894,13.93659782409668,2076500,0.0,0.0
2012-08-07 00:00:00-04:00,14.039766490887594,14.480560110972428,14.039766490887594,14.396153450012207,2767400,0.0,0.0
2012-08-08 00:00:00-04:00,14.321126733585889,14.621241733383183,14.31174791623891,14.414912223815918,2325400,0.0,0.0
2012-08-09 00:00:00-04:00,14.39615451980569,14.62124075458559,14.386775703086562,14.527454376220703,2132000,0.0,0.0
2012-08-10 00:00:00-04:00,14.508700338523681,14.640000219384996,14.405535124231669,14.621243476867676,1766200,0.0,0.0
2012-08-13 00:00:00-04:00,14.546212766045137,14.60248388045955,14.377397633975425,14.555591583251953,2486200,0.0,0.0
2012-08-14 00:00:00-04:00,14.62124148943214,14.743163429668872,14.283611225880191,14.330504417419434,1879700,0.0,0.0
2012-08-15 00:00:00-04:00,14.302366762491465,14.564967344416294,14.283609130861711,14.471181869506836,1260500,0.0,0.0
2012-08-16 00:00:00-04:00,14.518074032058294,14.958868532936274,14.48993847927424,14.902597427368164,2768300,0.0,0.0
2012-08-17 00:00:00-04:00,14.846329092915134,14.958872226251119,14.75254270126182,14.949493408203125,1844400,0.0,0.0
2012-08-20 00:00:00-04:00,14.865082932902167,14.874460854141997,14.564967092900394,14.724403381347656,2446400,0.0,0.0
2012-08-21 00:00:00-04:00,14.752538237222778,14.94948888456787,14.715023870795761,14.808810234069824,3363500,0.0,0.0
2012-08-22 00:00:00-04:00,14.743161012653493,14.818189749050664,14.564967092900394,14.724403381347656,2518300,0.0,0.0
2012-08-23 00:00:00-04:00,14.649377771363893,14.73378534142792,14.499320266544862,14.583727836608887,2053700,0.0,0.0
2012-08-24 00:00:00-04:00,14.536834671284696,14.818192940579314,14.368019530825269,14.761920928955078,2379300,0.0,0.0
2012-08-27 00:00:00-04:00,14.818191870594468,14.818191870594468,14.546212438611729,14.630620002746582,1490100,0.0,0.0
2012-08-28 00:00:00-04:00,14.630617908057737,14.84632530159633,14.564967092900394,14.724403381347656,2342300,0.0,0.0
2012-08-29 00:00:00-04:00,14.715026799913705,14.80881318185653,14.546212564595132,14.64937686920166,1537100,0.0,0.0
2012-08-30 00:00:00-04:00,14.527455017429663,14.574348208681867,14.349261963967168,14.489940643310547,1246800,0.0,0.0
2012-08-31 00:00:00-04:00,14.63062012946103,14.73378443406756,14.396155069017189,14.64937686920166,1468200,0.0,0.0
2012-09-04 00:00:00-04:00,14.611863136291504,14.705649522348496,14.236719380890069,14.611863136291504,1514700,0.0,0.0
2012-09-05 00:00:00-04:00,14.58372497604605,14.63061816070733,14.349259947152746,14.471181869506836,2138700,0.0,0.0
2012-09-06 00:00:00-04:00,14.574348881029307,15.183958606604156,14.574348881029307,14.968250274658203,2515700,0.0,0.0
2012-09-07 00:00:00-04:00,14.883842397464264,15.268365859985352,14.771299272243429,15.268365859985352,4056100,0.0,0.0
2012-09-10 00:00:00-04:00,15.202712059566238,15.334013695989588,15.005762288170605,15.024519920349121,2693800,0.0,0.0
2012-09-11 00:00:00-04:00,15.052654007020823,15.146440375518468,14.883839795903397,14.902597427368164,2103300,0.0,0.0
2012-09-12 00:00:00-04:00,14.96824894897893,15.108928516765966,14.752540636137418,14.865084648132324,2186000,0.0,0.0
2012-09-13 00:00:00-04:00,14.836950459219576,15.20271542350291,14.527456615096758,15.193338394165039,4217600,0.0,0.0
2012-09-14 00:00:00-04:00,15.202709160411505,15.465310594353884,15.202709160411505,15.409039497375488,3078500,0.0,0.0
2012-09-17 00:00:00-04:00,15.277743131775043,15.296498975794524,14.593104737926913,14.696269035339355,3263400,0.0,0.0
2012-09-18 00:00:00-04:00,14.639995694611141,14.65875332574441,14.171065649236386,14.208580017089844,6547600,0.0,0.0
2012-09-19 00:00:00-04:00,14.152311856086051,14.189826231742204,13.833439215802118,14.04914665222168,5416600,0.0,0.0
2012-09-20 00:00:00-04:00,13.936602289119664,13.945981105805147,13.711516055147198,13.786544799804688,3716700,0.0,0.0
2012-09-21 00:00:00-04:00,13.852194857378278,13.974115889905264,13.67400092784535,13.692758560180664,3245800,0.0,0.0
2012-09-24 00:00:00-04:00,13.598974949007212,13.68338252283132,13.261345548124105,13.514567375183105,4154700,0.0,0.0
2012-09-25 00:00:00-04:00,13.617732349331215,13.777167781732834,13.392645191560362,13.430159568786621,5523200,0.0,0.0
2012-09-26 00:00:00-04:00,13.336372457094813,13.345750379455172,12.94247109673748,13.176936149597168,5912700,0.0,0.0
2012-09-27 00:00:00-04:00,13.289477542633518,13.598971300682205,13.064391335764125,13.533321380615234,4967900,0.0,0.0
2012-09-28 00:00:00-04:00,13.383265564655915,13.430157859410357,13.139421696514775,13.336372375488281,3491500,0.0,0.0
2012-10-01 00:00:00-04:00,13.411400485016125,13.411400485016125,13.083149070807039,13.261343002319336,4351200,0.0,0.0
2012-10-02 00:00:00-04:00,13.355129569910106,13.430158317371482,13.223829709059308,13.28010082244873,3520300,0.0,0.0
2012-10-03 00:00:00-04:00,13.29886035120002,13.326995911903184,13.064395258375836,13.101909637451172,3765800,0.0,0.0
2012-10-04 00:00:00-04:00,13.17693741357642,13.242587348462289,12.998743455438662,13.214451789855957,4707100,0.0,0.0
2012-10-05 00:00:00-04:00,13.308236135181208,13.486430077945299,13.139421903694368,13.195693016052246,2906300,0.0,0.0
2012-10-08 00:00:00-04:00,13.092528656905156,13.22382940919176,12.998742277498552,13.130043029785156,2285300,0.0,0.0
2012-10-09 00:00:00-04:00,13.092527457371045,13.158177380292917,12.820548055306423,12.933091163635254,3596000,0.0,0.0
2012-10-10 00:00:00-04:00,12.933093576302118,12.96122913502973,12.604842111631255,12.651735305786133,2648900,0.0,0.0
2012-10-11 00:00:00-04:00,12.764275675395654,12.951848411460798,12.708004570106585,12.829926490783691,2545100,0.0,0.0
2012-10-12 00:00:00-04:00,12.754900104677501,12.876821153409908,12.698628094605173,12.773656845092773,2221000,0.0,0.0
2012-10-15 00:00:00-04:00,12.811171583012493,12.923714711929916,12.567327689818105,12.876821517944336,2506800,0.0,0.0
2012-10-16 00:00:00-04:00,12.94247009519331,13.29885705529086,12.933091279145527,13.223828315734863,1987000,0.0,0.0
2012-10-17 00:00:00-04:00,13.195693257951376,13.420780394748727,13.158178884220687,13.28010082244873,2398800,0.0,0.0
2012-10-18 00:00:00-04:00,13.270720351650661,13.46767101279661,13.195691613539168,13.364506721496582,2528000,0.0,0.0
2012-10-19 00:00:00-04:00,13.280101465084616,13.411402226702396,13.139422780390275,13.242587089538574,4315700,0.0,0.0
2012-10-22 00:00:00-04:00,13.242585115954723,13.36450704191227,13.148799638273392,13.289478302001953,2993300,0.0,0.0
2012-10-23 00:00:00-04:00,13.064394405524785,13.101908782151162,12.886200445739533,12.942472457885742,5320200,0.0,0.0
2012-10-24 00:00:00-04:00,13.101908299285963,13.186315867187826,12.754900104677501,12.773656845092773,5227300,0.0,0.0
2012-10-25 00:00:00-04:00,12.979985107034816,14.049145145801047,12.801791170964997,13.814680099487305,12413200,0.0,0.0
2012-10-26 00:00:00-04:00,13.739649059717365,13.880328600639745,13.561456047844645,13.598970413208008,4013200,0.0,0.0
2012-10-31 00:00:00-04:00,13.627108816965398,13.720895197217956,13.411401394563004,13.711516380310059,3608200,0.0,0.0
2012-11-01 00:00:00-04:00,13.777166885756476,14.46180534362793,13.702138136183336,14.46180534362793,3632300,0.0,0.0
2012-11-02 00:00:00-04:00,14.414912741727811,14.527455870695347,14.208583224747352,14.358641624450684,3483000,0.0,0.0
2012-11-05 00:00:00-05:00,14.302367317022258,14.771297392990201,14.302367317022258,14.705647468566895,4002100,0.0,0.0
2012-11-06 00:00:00-05:00,14.743162392547406,15.14644166482406,14.724404759485939,14.940113067626953,4754700,0.0,0.0
2012-11-07 00:00:00-05:00,14.715027003701614,14.799434569736471,14.349262076768218,14.555591583251953,3729900,0.0,0.0
2012-11-08 00:00:00-05:00,14.564969910836869,14.686891854674215,14.405533591542897,14.433670043945312,2963900,0.0,0.0
2012-11-09 00:00:00-05:00,14.396156592243525,14.743164811087016,14.311749018446642,14.54621410369873,3254100,0.0,0.0
2012-11-12 00:00:00-05:00,14.564967909128628,14.743161838867804,14.489939168526808,14.705647468566895,2360200,0.0,0.0
2012-11-13 00:00:00-05:00,14.368019881606195,14.74316454796223,14.368019881606195,14.574349403381348,1907600,0.0,0.0
2012-11-14 00:00:00-05:00,14.583728162029862,14.70565011101921,14.246097874239885,14.283612251281738,5926800,0.0,0.0
2012-11-15 00:00:00-05:00,14.292984694246714,14.349256681917941,13.899083463786829,13.93659782409668,2523600,0.0,0.0
2012-11-16 00:00:00-05:00,13.983494753530637,14.152309867468839,13.767787347421283,14.096037864685059,2972600,0.0,0.0
2012-11-19 00:00:00-05:00,14.311745894638861,14.489938926994606,14.264852708941099,14.396153450012207,1894700,0.0,0.0
2012-11-20 00:00:00-05:00,14.339885711669922,14.508700872606886,14.189828188354126,14.339885711669922,3839300,0.0,0.0
2012-11-21 00:00:00-05:00,14.330503007694531,14.61186123483888,14.30236745330404,14.49931812286377,1728100,0.0,0.0
2012-11-23 00:00:00-05:00,14.54621171746786,15.033899444107945,14.54621171746786,14.940113067626953,1460100,0.0,0.0
2012-11-26 00:00:00-05:00,14.883840891731595,15.024520454835647,14.6399970312151,14.696269035339355,1881000,0.0,0.0
2012-11-27 00:00:00-05:00,14.649374513399497,14.799431984846327,14.55558904095177,14.593103408813477,1585400,0.0,0.0
2012-11-28 00:00:00-05:00,14.44304449059664,14.836945785286824,14.236715922454577,14.808810234069824,1928300,0.0,0.0
2012-11-29 00:00:00-05:00,14.790054704036283,14.930733366005194,14.546210855171257,14.780675888061523,3812200,0.0,0.0
2012-11-30 00:00:00-05:00,14.780678773432935,14.818193150242124,14.583728071581373,14.668135643005371,1993900,0.0,0.0
2012-12-03 00:00:00-05:00,14.799433470361787,14.818191103382008,14.546211685481014,14.602482795715332,1949100,0.0,0.0
2012-12-04 00:00:00-05:00,14.630620423157863,14.89322104569074,14.546212856597556,14.799434661865234,1882900,0.0,0.0
2012-12-05 00:00:00-05:00,14.799431864078015,14.893218230173495,14.574345658744548,14.752538681030273,1631000,0.0,0.0
2012-12-06 00:00:00-05:00,14.724405894931264,14.930735402452264,14.724405894931264,14.911977767944336,1751800,0.0,0.0
2012-12-07 00:00:00-05:00,14.968249335391855,15.005763708887546,14.79005628489063,14.855706214904785,2174000,0.0,0.0
2012-12-10 00:00:00-05:00,14.911977826744812,15.380907958333179,14.911977826744812,15.315258026123047,3001700,0.0,0.0
2012-12-11 00:00:00-05:00,15.409044177750282,15.596615154260101,15.36215009200298,15.568480491638184,3024700,0.0,0.0
2012-12-12 00:00:00-05:00,15.624751605708484,15.662266874306326,15.474694108970043,15.568480491638184,5054100,0.0,0.0
2012-12-13 00:00:00-05:00,15.540344274626284,15.605994206836417,15.230850459331021,15.315258026123047,2183700,0.0,0.0
2012-12-14 00:00:00-05:00,15.446555326295691,15.643506879057101,15.352770746608176,15.465312957763672,1815600,0.0,0.0
2012-12-17 00:00:00-05:00,15.559101057487,15.64350861965847,15.268364892688826,15.44655704498291,2713600,0.0,0.0
2012-12-18 00:00:00-05:00,15.44655757109906,15.756051379993803,15.390286457343596,15.727916717529297,2267500,0.0,0.0
2012-12-19 00:00:00-05:00,15.727918005804034,15.802946759899083,15.634131615978573,15.652889251708984,2015500,0.0,0.0
2012-12-20 00:00:00-05:00,15.662263813401395,15.8310771226208,15.493448715355877,15.821700096130371,1464000,0.0,0.0
2012-12-21 00:00:00-05:00,15.530960238036752,15.70915412902832,15.371523975323427,15.70915412902832,2762600,0.0,0.0
2012-12-24 00:00:00-05:00,15.502827262421427,15.8029421920533,15.502827262421427,15.512206077575684,1087000,0.0,0.0
2012-12-26 00:00:00-05:00,15.596611836311824,15.840455663844242,15.512206077575684,15.512206077575684,1202700,0.0,0.0
2012-12-27 00:00:00-05:00,15.530964851379395,15.605993597953153,15.230849865084359,15.530964851379395,2040900,0.0,0.0
2012-12-28 00:00:00-05:00,15.409042741446143,15.596613700472142,15.334014000070486,15.399663925170898,1216800,0.0,0.0
2012-12-31 00:00:00-05:00,15.33401342451545,15.849835778508664,15.277742317802389,15.84045696258545,2124600,0.0,0.0
2013-01-02 00:00:00-05:00,16.206221793693114,16.40317153930664,16.112435433904093,16.40317153930664,3255700,0.0,0.0
2013-01-03 00:00:00-05:00,16.356280773261933,16.356280773261933,16.11243693068871,16.18746566772461,2177200,0.0,0.0
2013-01-04 00:00:00-05:00,16.196850453937575,16.290636857010526,16.065548774104705,16.224985122680664,1904500,0.0,0.0
2013-01-07 00:00:00-05:00,16.10305671736195,16.149949003129755,15.887349340708386,16.084299087524414,1696600,0.0,0.0
2013-01-08 00:00:00-05:00,16.037408127054157,16.07492160100323,15.849835390830245,15.896729469299316,1477900,0.0,0.0
2013-01-09 00:00:00-05:00,15.971758082300498,15.990513924716652,15.784185347529595,15.943621635437012,1377400,0.0,0.0
2013-01-10 00:00:00-05:00,16.05617102875476,16.074926877472667,15.793569469609608,15.906111717224121,1596100,0.0,0.0
2013-01-11 00:00:00-05:00,15.915489793903896,16.05617028010268,15.82170518820696,16.037412643432617,2303900,0.0,0.0
2013-01-14 00:00:00-05:00,15.990524221579799,16.01866068656135,15.671651440431523,15.793574333190918,2311200,0.0,0.0
2013-01-15 00:00:00-05:00,15.690401393627171,15.71853784481858,15.577859166514424,15.662266731262207,3046100,0.0,0.0
2013-01-16 00:00:00-05:00,15.652887587769309,15.784187446271503,15.587237658518212,15.737295150756836,2587500,0.0,0.0
2013-01-17 00:00:00-05:00,15.859215658540354,16.15933063291518,15.821702181156676,16.018651962280273,3121400,0.0,0.0
2013-01-18 00:00:00-05:00,16.046784474044735,16.215599552909815,15.94361930611032,16.065540313720703,2839900,0.0,0.0
2013-01-22 00:00:00-05:00,16.037407303371296,16.149949508264516,15.887349837629609,16.02802848815918,2450200,0.0,0.0
2013-01-23 00:00:00-05:00,16.009275185654918,16.093682756556476,15.802946561688092,15.971761703491211,2322100,0.0,0.0
2013-01-24 00:00:00-05:00,14.91197498013319,15.774806329099226,14.771296325276737,15.20271110534668,9240300,0.0,0.0
2013-01-25 00:00:00-05:00,15.155821118510602,15.587237752929529,15.080792371936843,15.530964851379395,3885400,0.0,0.0
2013-01-28 00:00:00-05:00,15.502831962737213,15.502831962737213,15.16520167012192,15.28712272644043,3106500,0.0,0.0
2013-01-29 00:00:00-05:00,15.22147177312677,15.287121705902278,14.91197795516616,15.268365859985352,2536500,0.0,0.0
2013-01-30 00:00:00-05:00,15.221468736347846,15.39028383770605,15.127682370168161,15.20271110534668,2278300,0.0,0.0
2013-01-31 00:00:00-05:00,15.193340893759292,15.258990842885005,15.080796846095962,15.1558256149292,1646800,0.0,0.0
2013-02-01 00:00:00-05:00,15.277746430355426,15.709161345996723,15.212094701220405,15.605996131896973,3096600,0.0,0.0
2013-02-04 00:00:00-05:00,15.502832100088618,15.652889611730084,15.240230560302734,15.240230560302734,2306900,0.0,0.0
2013-02-05 00:00:00-05:00,15.427799794921368,15.924864517068153,15.33401342451545,15.84045696258545,4011100,0.0,0.0
2013-02-06 00:00:00-05:00,15.746671873871117,15.999892740337813,15.605991428379852,15.943621635437012,4993300,0.0,0.0
2013-02-07 00:00:00-05:00,15.953000574636015,15.981137021717458,15.80294310118736,15.896729469299316,4566100,0.0,0.0
2013-02-08 00:00:00-05:00,15.94362119568331,16.2156014747168,15.877971276972087,16.112436294555664,2905600,0.0,0.0
2013-02-11 00:00:00-05:00,16.065542857178315,16.16870804144559,15.91548538305838,16.14057159423828,2256500,0.0,0.0
2013-02-12 00:00:00-05:00,16.103064050864624,16.290636857010526,16.074927593294685,16.224985122680664,2847900,0.0,0.0
2013-02-13 00:00:00-05:00,16.21560110550849,16.40317204200893,16.187464660061686,16.346900939941406,2539500,0.0,0.0
2013-02-14 00:00:00-05:00,16.224984503867876,16.562614826522708,16.224984503867876,16.55323600769043,2172700,0.0,0.0
2013-02-15 00:00:00-05:00,16.52510248439237,16.54385833452899,16.121822190811017,16.215608596801758,2392600,0.0,0.0
2013-02-19 00:00:00-05:00,16.234359221794445,16.440689606330558,16.159330478915766,16.3375244140625,2236700,0.0,0.0
2013-02-20 00:00:00-05:00,16.337523146032822,16.365659593238405,15.896729539435885,15.915485382080078,2006300,0.0,0.0
2013-02-21 00:00:00-05:00,15.802943294880828,15.821700926498364,15.502828344305069,15.64350700378418,2656000,0.0,0.0
2013-02-22 00:00:00-05:00,15.737293565082544,15.943622148914583,15.61537074690698,15.84045696258545,1667100,0.0,0.0
2013-02-25 00:00:00-05:00,15.95299991314864,16.08429974976535,15.315254783022713,15.324633598327637,2599600,0.0,0.0
2013-02-26 00:00:00-05:00,15.418423954414996,15.559102642758655,15.268366448338217,15.521587371826172,2300300,0.0,0.0
2013-02-27 00:00:00-05:00,15.455935701618605,15.81232358016696,15.418422223723523,15.765429496765137,2986800,0.0,0.0
2013-02-28 00:00:00-05:00,15.737300693015714,15.943629370300695,15.671648951817408,15.71854305267334,1922700,0.0,0.0
2013-03-01 00:00:00-05:00,15.605993202641786,15.73729484743971,15.39966460199701,15.587237358093262,2108400,0.0,0.0
2013-03-04 00:00:00-05:00,15.587240128918566,15.72791882658495,15.42780379454288,15.699782371520996,2665200,0.0,0.0
2013-03-05 00:00:00-05:00,15.821703542286956,16.3937970905959,15.812324724927596,16.12181854248047,5110300,0.0,0.0
2013-03-06 00:00:00-05:00,16.17808672107735,16.318765378278005,16.046786879533563,16.05616569519043,2015200,0.0,0.0
2013-03-07 00:00:00-05:00,16.084299087524414,16.131193162118258,15.981135701070036,16.084299087524414,1938100,0.0,0.0
2013-03-08 00:00:00-05:00,16.15933044402713,16.178088076912886,15.971759481648578,15.999894142150879,1650600,0.0,0.0
2013-03-11 00:00:00-04:00,15.92486796531589,15.971762055086048,15.74667579066914,15.849839210510254,3569800,0.0,0.0
2013-03-12 00:00:00-04:00,15.8310771226208,15.896728829836588,15.699777285841446,15.821700096130371,2513200,0.0,0.0
2013-03-13 00:00:00-04:00,15.840459241103751,15.924866807727783,15.624751810320776,15.877974510192871,1946100,0.0,0.0
2013-03-14 00:00:00-04:00,15.934242819815848,16.0280291872013,15.877971714915047,15.943621635437012,2543400,0.0,0.0
2013-03-15 00:00:00-04:00,15.877975614663248,15.962383187158661,15.624752897177007,15.784189224243164,2651600,0.0,0.0
2013-03-18 00:00:00-04:00,15.577858295184107,15.690400516001928,15.46531428553994,15.502829551696777,1774900,0.0,0.0
2013-03-19 00:00:00-04:00,15.52158669459577,15.605994261684451,15.174579397743639,15.380908012390137,2642300,0.0,0.0
2013-03-20 00:00:00-04:00,15.52158572191108,15.709158478981715,15.334014753666832,15.427801132202148,3458800,0.0,0.0
2013-03-21 00:00:00-04:00,15.315259262355065,15.399666835960383,14.846329092915134,14.949493408203125,4997700,0.0,0.0
2013-03-22 00:00:00-04:00,15.03390042022901,15.099550351380321,14.761920089657629,14.827570915222168,2978700,0.0,0.0
2013-03-25 00:00:00-04:00,14.911977767944336,14.996385334403527,14.743163529439192,14.911977767944336,2209500,0.0,0.0
2013-03-26 00:00:00-04:00,14.996383472081346,15.06203339587989,14.855704808395,15.024519920349121,2084400,0.0,0.0
2013-03-27 00:00:00-04:00,14.865083252569733,14.883839989865837,14.48055985224885,14.87446117401123,2054000,0.0,0.0
2013-03-28 00:00:00-04:00,14.874461171263064,15.240226939807156,14.874461171263064,15.212090492248535,2125900,0.0,0.0
2013-04-01 00:00:00-04:00,15.240228766838914,15.240228766838914,14.827570658386321,14.855706214904785,1702300,0.0,0.0
2013-04-02 00:00:00-04:00,14.911976200105839,14.949490570764208,14.40553174901127,14.49931812286377,3211900,0.0,0.0
2013-04-03 00:00:00-04:00,14.555591819959371,14.57434856026479,14.171068357945872,14.302369117736816,2147700,0.0,0.0
2013-04-04 00:00:00-04:00,14.28360944657233,14.461803373341198,14.18982396958993,14.396153450012207,2402000,0.0,0.0
2013-04-05 00:00:00-04:00,14.152312107470227,14.396156000773196,13.93660377280582,14.358641624450684,2436800,0.0,0.0
2013-04-08 00:00:00-04:00,14.3492625075105,14.649377511831648,14.17106855288487,14.611863136291504,2311500,0.0,0.0
2013-04-09 00:00:00-04:00,14.658756329320001,14.761920638452079,14.414912441102436,14.611863136291504,1916500,0.0,0.0
2013-04-10 00:00:00-04:00,14.630620516576853,15.024521900097916,14.630620516576853,14.977628707885742,1934600,0.0,0.0
2013-04-11 00:00:00-04:00,14.921354164419835,15.052654007020823,14.799432243138135,14.902597427368164,1398700,0.0,0.0
2013-04-12 00:00:00-04:00,14.790053803639255,14.86508253804345,14.255472952993035,14.508695602416992,3195900,0.0,0.0
2013-04-15 00:00:00-04:00,14.396158365134964,14.396158365134964,13.992878082625017,14.011634826660156,2561600,0.0,0.0
2013-04-16 00:00:00-04:00,14.161688918894825,14.443046254247669,14.030388173160517,14.405531883239746,2563900,0.0,0.0
2013-04-17 00:00:00-04:00,14.217958816779579,14.217958816779579,13.467670566135185,13.533321380615234,5028000,0.0,0.0
2013-04-18 00:00:00-04:00,13.608350501498368,13.75840797699284,13.233205918349078,13.411399841308594,4686900,0.0,0.0
2013-04-19 00:00:00-04:00,13.495809991164105,13.561459925719213,13.176937347187959,13.552081108093262,3317100,0.0,0.0
2013-04-22 00:00:00-04:00,13.608352147587524,13.767788458189361,13.317615082839108,13.664623260498047,2806700,0.0,0.0
2013-04-23 00:00:00-04:00,13.833436835358055,14.021008681361643,13.683379358555184,13.927223205566406,2443400,0.0,0.0
2013-04-24 00:00:00-04:00,13.917845726013184,14.049145583616161,13.833438163603727,13.917845726013184,2772000,0.0,0.0
2013-04-25 00:00:00-04:00,14.461805555239945,15.605994450179258,14.461805555239945,15.06203556060791,6678900,0.0,0.0
2013-04-26 00:00:00-04:00,15.296500193631974,15.559101707901407,14.855706519619522,15.34339427947998,7032000,0.0,0.0
2013-04-29 00:00:00-04:00,15.352771632620973,15.540342591646972,15.249606442419582,15.399663925170898,2728900,0.0,0.0
2013-04-30 00:00:00-04:00,15.343393952045412,15.53096492495519,15.19333645818702,15.41842269897461,2586500,0.0,0.0
2013-05-01 00:00:00-04:00,15.305875569193997,15.371525485793004,15.071410559154074,15.108925819396973,2535600,0.0,0.0
2013-05-02 00:00:00-04:00,15.137063596335864,15.22147116045737,14.940113805936637,15.146442413330078,2873800,0.0,0.0
2013-05-03 00:00:00-04:00,15.34339586724315,15.634132074280842,15.268367110948692,15.371530532836914,2720400,0.0,0.0
2013-05-06 00:00:00-04:00,15.380904454242176,15.63412709692885,15.315254536988464,15.512206077575684,1775000,0.0,0.0
2013-05-07 00:00:00-04:00,15.55909805351756,15.587234498417924,15.390282961767474,15.540340423583984,1277400,0.0,0.0
2013-05-08 00:00:00-04:00,15.49345155811097,15.605993784906607,15.371528725451514,15.549722671508789,1670800,0.0,0.0
2013-05-09 00:00:00-04:00,15.493453888176074,15.727918982892444,15.493453888176074,15.605996131896973,1784200,0.0,0.0
2013-05-10 00:00:00-04:00,15.624749249593851,15.924864197815273,15.521584065332915,15.915485382080078,2499000,0.0,0.0
2013-05-13 00:00:00-04:00,15.821705378544333,15.849840045061203,15.502832706623934,15.605996131896973,2038200,0.0,0.0
2013-05-14 00:00:00-04:00,15.596615066997938,15.74667435172327,15.50283047368098,15.727916717529297,1236800,0.0,0.0
2013-05-15 00:00:00-04:00,15.69040537657237,16.590752366155975,15.681026557127792,16.393800735473633,5627900,0.0,0.0
2013-05-16 00:00:00-04:00,16.36566613085618,16.656402379483264,16.187472138356462,16.215608596801758,2564900,0.0,0.0
2013-05-17 00:00:00-04:00,16.30939344209751,16.63764497324316,16.30939344209751,16.609508514404297,1745000,0.0,0.0
2013-05-20 00:00:00-04:00,16.581372828910645,16.693915079719876,16.49696524639031,16.59075164794922,1786500,0.0,0.0
2013-05-21 00:00:00-04:00,16.64701958466083,16.768940631154972,16.571990835550626,16.61888313293457,1995100,0.0,0.0
2013-05-22 00:00:00-04:00,16.60950085869463,16.665773750434855,16.08429972423531,16.206222534179688,7249700,0.0,0.0
2013-05-23 00:00:00-04:00,15.999904067927673,16.10306932397308,15.831088844881526,15.990525245666504,3208100,0.0,0.0
2013-05-24 00:00:00-04:00,15.887350092334565,16.15932858254193,15.868592461609609,16.112436294555664,1515700,0.0,0.0
2013-05-28 00:00:00-04:00,16.37503585455768,16.49695866458869,16.290630094539587,16.43130874633789,1607600,0.0,0.0
2013-05-29 00:00:00-04:00,16.290632502928315,16.44068999220765,16.22498078614553,16.32814598083496,1148400,0.0,0.0
2013-05-30 00:00:00-04:00,16.384413813361622,16.96588780957788,16.384413813361622,16.722043991088867,3353300,0.0,0.0
2013-05-31 00:00:00-04:00,16.67515688017281,17.125329397613363,16.618883973872816,16.825214385986328,2862900,0.0,0.0
2013-06-03 00:00:00-04:00,17.31289672118882,17.416061905410647,16.543851719456438,16.909618377685547,3992000,0.0,0.0
2013-06-04 00:00:00-04:00,16.90024098456682,17.16284069185279,16.58136837815414,16.693910598754883,2553900,0.0,0.0
2013-06-05 00:00:00-04:00,16.618878025691988,16.731422009183994,16.43130710497322,16.515714645385742,2078500,0.0,0.0
2013-06-06 00:00:00-04:00,16.54385069159078,16.628258239105108,16.140570584317015,16.346900939941406,2818500,0.0,0.0
2013-06-07 00:00:00-04:00,16.459441418119884,16.787692758607434,16.356278039951604,16.750179290771484,2343300,0.0,0.0
2013-06-10 00:00:00-04:00,16.75956153869629,16.815832646392185,16.590746426782335,16.75956153869629,1649900,0.0,0.0
2013-06-11 00:00:00-04:00,16.525095755660626,16.693909071113826,16.393794125206565,16.459444046020508,1791800,0.0,0.0
2013-06-12 00:00:00-04:00,16.60950020005284,16.64701545972534,16.074920271501995,16.131193161010742,1621900,0.0,0.0
2013-06-13 00:00:00-04:00,16.084304076094064,16.525099569859346,15.971761839815782,16.5063419342041,1671600,0.0,0.0
2013-06-14 00:00:00-04:00,16.47820824264993,16.515723520248393,16.187471996569425,16.262500762939453,1013700,0.0,0.0
2013-06-17 00:00:00-04:00,16.421932717870522,16.66577659048714,16.38441745031731,16.543853759765625,1769400,0.0,0.0
2013-06-18 00:00:00-04:00,16.665773271584587,16.75018081794357,16.628258011502346,16.712665557861328,926300,0.0,0.0
2013-06-19 00:00:00-04:00,16.703294597721417,16.787702183773852,16.393800711804772,16.44069480895996,1573900,0.0,0.0
2013-06-20 00:00:00-04:00,16.149952721853623,16.196846807245404,15.84045891357368,15.9530029296875,2901200,0.0,0.0
2013-06-21 00:00:00-04:00,16.074925847719772,16.074925847719772,15.69040324682012,15.887354850769043,2494700,0.0,0.0
2013-06-24 00:00:00-04:00,15.652887682578266,15.671643527601889,15.258986315859428,15.530964851379395,2209000,0.0,0.0
2013-06-25 00:00:00-04:00,15.72791668628631,15.971760563844212,15.587238007763872,15.9530029296875,1760100,0.0,0.0
2013-06-26 00:00:00-04:00,16.140570448710484,16.224977995515655,15.924863068575528,16.1687068939209,1949900,0.0,0.0
2013-06-27 00:00:00-04:00,16.300006864196735,16.44068730260467,16.234356946980277,16.346900939941406,1688400,0.0,0.0
2013-06-28 00:00:00-04:00,16.281254928279076,16.581369929732357,16.09368215795752,16.47820472717285,2832600,0.0,0.0
2013-07-01 00:00:00-04:00,16.600126298170238,16.618882142710373,16.140573224822607,16.32814598083496,2462500,0.0,0.0
2013-07-02 00:00:00-04:00,16.328149870918477,16.45007272802181,15.915490782673578,16.103063583374023,2830200,0.0,0.0
2013-07-03 00:00:00-04:00,15.999892930721762,16.253115589027747,15.934243009418624,16.18746566772461,883900,0.0,0.0
2013-07-05 00:00:00-04:00,16.300011154483233,16.496962746797845,16.234361219987218,16.468826293945312,1232700,0.0,0.0
2013-07-08 00:00:00-04:00,16.543849029363443,16.600121914603086,16.290628201088666,16.38441276550293,1896000,0.0,0.0
2013-07-09 00:00:00-04:00,16.450073652141104,16.61888703566281,16.375043096584477,16.393800735473633,2396700,0.0,0.0
2013-07-10 00:00:00-04:00,16.421930935520553,17.275383502636267,16.403173303779802,17.219112396240234,5154900,0.0,0.0
2013-07-11 00:00:00-04:00,17.387927125633524,17.56611925681187,17.200354389962847,17.40668296813965,3504800,0.0,0.0
2013-07-12 00:00:00-04:00,17.39730694472681,17.434822213412588,17.256628264808082,17.387929916381836,1365800,0.0,0.0
2013-07-15 00:00:00-04:00,17.416062564834743,17.416062564834743,16.75018272211199,16.937753677368164,4028500,0.0,0.0
2013-07-16 00:00:00-04:00,16.94713722026703,17.0784371044505,16.853350822067373,16.872108459472656,2205900,0.0,0.0
2013-07-17 00:00:00-04:00,16.947136833292866,16.975273288758316,16.62826415999128,16.881486892700195,2569300,0.0,0.0
2013-07-18 00:00:00-04:00,16.881483351524583,16.909619801087942,16.65639712149675,16.693910598754883,2152400,0.0,0.0
2013-07-19 00:00:00-04:00,16.656397112423463,16.74080467224121,16.36566095573251,16.74080467224121,2392100,0.0,0.0
2013-07-22 00:00:00-04:00,16.72204767638334,16.806455239417346,16.562611367188715,16.768939971923828,2061000,0.0,0.0
2013-07-23 00:00:00-04:00,16.853352457860293,16.92838122593699,16.56261620516646,16.609508514404297,1396200,0.0,0.0
2013-07-24 00:00:00-04:00,16.731431146510477,16.731431146510477,16.11244337132925,16.215608596801758,2745200,0.0,0.0
2013-07-25 00:00:00-04:00,15.568482646932244,16.084305139777573,14.583729070240823,15.605996131896973,11094900,0.0,0.0
2013-07-26 00:00:00-04:00,15.549722287930306,15.671643328755788,15.549722287930306,15.559101104736328,3076200,0.0,0.0
2013-07-29 00:00:00-04:00,15.493452031450543,15.61537307900836,15.202714060888868,15.380908012390137,3266500,0.0,0.0
2013-07-30 00:00:00-04:00,15.502834923750948,15.662271282512826,15.427806154264593,15.577863693237305,1924600,0.0,0.0
2013-07-31 00:00:00-04:00,15.587235773479353,15.596612800387149,15.380905404983952,15.465312957763672,2919200,0.0,0.0
2013-08-01 00:00:00-04:00,15.615374128139313,15.859218028464285,15.55910300924174,15.849839210510254,2829000,0.0,0.0
2013-08-02 00:00:00-04:00,15.63413482314533,15.63413482314533,15.390290875107931,15.577863693237305,2236200,0.0,0.0
2013-08-05 00:00:00-04:00,15.52158579037684,15.596614535770769,15.399664749921604,15.44655704498291,2166300,0.0,0.0
2013-08-06 00:00:00-04:00,15.437178299957788,15.568479946627251,15.249607330014328,15.334014892578125,3009700,0.0,0.0
2013-08-07 00:00:00-04:00,15.25898399835018,15.324633918028116,15.09954771249256,15.20271110534668,1897000,0.0,0.0
2013-08-08 00:00:00-04:00,15.33401961171824,15.399669560843952,15.146446795221676,15.1558256149292,1230800,0.0,0.0
2013-08-09 00:00:00-04:00,15.090170155295215,15.183956529295337,15.043277862708305,15.174577713012695,1711600,0.0,0.0
2013-08-12 00:00:00-04:00,15.10892690400301,15.512207036433624,15.062032825333057,15.465312957763672,2199100,0.0,0.0
2013-08-13 00:00:00-04:00,15.45593287770894,15.55909805351756,15.343390675759583,15.540340423583984,1891700,0.0,0.0
2013-08-14 00:00:00-04:00,15.502833387205689,15.634133273586436,15.418425806296126,15.455939292907715,1344600,0.0,0.0
2013-08-15 00:00:00-04:00,15.277744993435139,15.277744993435139,14.968250274658203,14.968250274658203,1887500,0.0,0.0
2013-08-16 00:00:00-04:00,14.958869678825335,15.165199168677683,14.940112940336848,14.987005233764648,1915200,0.0,0.0
2013-08-19 00:00:00-04:00,14.99638400556694,15.024520454835647,14.66813348048381,14.696269035339355,1946300,0.0,0.0
2013-08-20 00:00:00-04:00,14.715024313474697,14.827568310554502,14.639995578363541,14.752538681030273,2345900,0.0,0.0
2013-08-21 00:00:00-04:00,14.715028978280994,14.808815374107667,14.54621471797168,14.621243476867676,1449800,0.0,0.0
2013-08-22 00:00:00-04:00,14.668134163369684,14.865084845354012,14.649376529650603,14.83694839477539,1065000,0.0,0.0
2013-08-23 00:00:00-04:00,14.911977767944336,14.977628594308841,14.818192278644421,14.911977767944336,1125000,0.0,0.0
2013-08-26 00:00:00-04:00,14.883840180544517,14.958868919516354,14.780675888061523,14.780675888061523,1608000,0.0,0.0
2013-08-27 00:00:00-04:00,14.602481844991742,14.630618292690192,14.349260076597474,14.377395629882812,2049300,0.0,0.0
2013-08-28 00:00:00-04:00,14.368021273688285,14.489943234985716,14.274235768822608,14.339885711669922,2088700,0.0,0.0
2013-08-29 00:00:00-04:00,14.31174758984805,14.56496939154878,14.302368772714964,14.489940643310547,1642700,0.0,0.0
2013-08-30 00:00:00-04:00,14.546210928714544,14.546210928714544,14.274231524963277,14.396153450012207,1489300,0.0,0.0
2013-09-03 00:00:00-04:00,14.602483765667897,14.743163339424505,14.330504329700993,14.489940643310547,1369200,0.0,0.0
2013-09-04 00:00:00-04:00,14.518077568982303,14.921357799591805,14.349263316738,14.883843421936035,1547100,0.0,0.0
2013-09-05 00:00:00-04:00,14.874461546160385,15.080791028058407,14.818190438451099,15.024519920349121,1602500,0.0,0.0
2013-09-06 00:00:00-04:00,15.05265606169518,15.080792512732932,14.790056340648572,14.921356201171875,1761700,0.0,0.0
2013-09-09 00:00:00-04:00,14.987010437847681,15.212096744347388,14.958874873138587,15.1558256149292,1662700,0.0,0.0
2013-09-10 00:00:00-04:00,15.240228698313272,15.418422642426487,15.193336402464416,15.35277271270752,1875500,0.0,0.0
2013-09-11 00:00:00-04:00,15.26836514911844,15.399665008556376,15.118307655810392,15.35277271270752,2254500,0.0,0.0
2013-09-12 00:00:00-04:00,15.352772032523266,15.352772032523266,15.146441646746078,15.165199279785156,2160600,0.0,0.0
2013-09-13 00:00:00-04:00,15.19333681601804,15.25898674752396,15.00576404986415,15.118308067321777,1540700,0.0,0.0
2013-09-16 00:00:00-04:00,15.277741629351347,15.30587628702695,15.137061185668745,15.20271110534668,1641600,0.0,0.0
2013-09-17 00:00:00-04:00,15.287121719332205,15.334015806231983,15.174579488425753,15.221471786499023,1620100,0.0,0.0
2013-09-18 00:00:00-04:00,15.240229407870203,15.305879340645712,15.108929542319188,15.268365859985352,1801500,0.0,0.0
2013-09-19 00:00:00-04:00,15.334014892578125,15.427801271963055,15.240228513193195,15.334014892578125,2452800,0.0,0.0
2013-09-20 00:00:00-04:00,15.362149554215124,15.418422455141922,15.258986146835461,15.334014892578125,3682700,0.0,0.0
2013-09-23 00:00:00-04:00,15.33401579276086,15.39028690816465,15.108929542319188,15.268365859985352,2147700,0.0,0.0
2013-09-24 00:00:00-04:00,15.343395201376607,15.652889031263285,15.221472359672614,15.521587371826172,4335600,0.0,0.0
2013-09-25 00:00:00-04:00,15.465316572040352,15.605995263274723,15.240230308300038,15.493453025817871,3190400,0.0,0.0
2013-09-26 00:00:00-04:00,15.502829373099193,15.58723693215333,15.371527731889243,15.437177658081055,2894900,0.0,0.0
2013-09-27 00:00:00-04:00,15.380907092788616,15.709158524193764,15.305878347509703,15.671643257141113,2694400,0.0,0.0
2013-09-30 00:00:00-04:00,15.493453025817871,15.568481780397976,15.268366762077557,15.493453025817871,2217200,0.0,0.0
2013-10-01 00:00:00-04:00,15.46531428553994,15.671642882923509,15.352772064722117,15.502829551696777,2006800,0.0,0.0
2013-10-02 00:00:00-04:00,15.371528699690526,15.51220916618897,15.2120923879752,15.258986473083496,2394300,0.0,0.0
2013-10-03 00:00:00-04:00,15.146442442994584,15.174578894032337,14.80881308026052,14.921356201171875,3080500,0.0,0.0
2013-10-04 00:00:00-04:00,14.940112426219416,15.10892753887238,14.79005494582262,15.090169906616211,2818000,0.0,0.0
2013-10-07 00:00:00-04:00,14.86508576090649,15.155821946153285,14.771299375361115,15.06203556060791,3270800,0.0,0.0
2013-10-08 00:00:00-04:00,15.071413249825536,15.155820811615119,14.818191458869979,14.865084648132324,3108900,0.0,0.0
2013-10-09 00:00:00-04:00,14.921356060381415,15.155821117004411,14.7806773841729,15.015142440795898,2647100,0.0,0.0
2013-10-10 00:00:00-04:00,15.221470741659175,15.484072243792784,15.221470741659175,15.427801132202148,1868700,0.0,0.0
2013-10-11 00:00:00-04:00,15.268367460167195,15.737297644939602,15.221473368393937,15.699782371520996,2449100,0.0,0.0
2013-10-14 00:00:00-04:00,15.559099259626748,15.981137021717458,15.549720443932934,15.896729469299316,2217700,0.0,0.0
2013-10-15 00:00:00-04:00,15.671643715341803,15.840458844361702,15.530965037434035,15.549722671508789,1915600,0.0,0.0
2013-10-16 00:00:00-04:00,15.643508770901095,15.784187446271503,15.596614686560017,15.737295150756836,1143200,0.0,0.0
2013-10-17 00:00:00-04:00,15.624751756775956,15.849838004059857,15.521586555960903,15.812324523925781,1264500,0.0,0.0
2013-10-18 00:00:00-04:00,15.887350530536208,15.981136897921662,15.756048900666107,15.943621635437012,1838900,0.0,0.0
2013-10-21 00:00:00-04:00,15.953000645020854,16.009271750605823,15.82170080238053,15.915485382080078,965800,0.0,0.0
2013-10-22 00:00:00-04:00,15.953002133678428,16.009273244514347,15.56847959678466,15.634129524230957,2399600,0.0,0.0
2013-10-23 00:00:00-04:00,15.577856245082247,15.577856245082247,15.071410951573029,15.324633598327637,3396200,0.0,0.0
2013-10-24 00:00:00-04:00,15.174584004533811,16.206230968612793,15.09955523199136,15.71854305267334,7405800,0.0,0.0
2013-10-25 00:00:00-04:00,15.615368109620693,16.27187080275888,15.615368109620693,16.24373435974121,4871400,0.0,0.0
2013-10-28 00:00:00-04:00,16.27186861410306,16.27186861410306,16.065538304044573,16.159324645996094,2853200,0.0,0.0
2013-10-29 00:00:00-04:00,16.234352756173223,16.693903846883977,16.21559691954315,16.675148010253906,3404900,0.0,0.0
2013-10-30 00:00:00-04:00,16.675153228614256,16.78769543891639,16.3375230200555,16.459444046020508,2258200,0.0,0.0
2013-10-31 00:00:00-04:00,16.468821454511147,16.637636544366185,16.328142809240628,16.40317153930664,3980700,0.0,0.0
2013-11-01 00:00:00-04:00,16.46882950220336,16.581373546711397,16.19685089361819,16.393800735473633,2367400,0.0,0.0
2013-11-04 00:00:00-05:00,16.403174725474628,16.412553542157884,16.187467308238883,16.32814598083496,1273300,0.0,0.0
2013-11-05 00:00:00-05:00,16.262491988419654,16.35627834298596,16.07491927928705,16.24373435974121,1637600,0.0,0.0
2013-11-06 00:00:00-05:00,16.356287311374416,16.356287311374416,16.13120101029278,16.215608596801758,1082900,0.0,0.0
2013-11-07 00:00:00-05:00,16.22498336081102,16.29063508801177,15.859218396254438,15.887354850769043,1605300,0.0,0.0
2013-11-08 00:00:00-05:00,15.924864193685861,16.18746566772461,15.849835456649963,16.18746566772461,1188200,0.0,0.0
2013-11-11 00:00:00-05:00,16.10306092109552,16.149953219104646,15.934245786140258,16.07492446899414,1076300,0.0,0.0
2013-11-12 00:00:00-05:00,16.028028745119485,16.121815109918142,15.93424238032083,16.112436294555664,1345300,0.0,0.0
2013-11-13 00:00:00-05:00,16.046792543048543,16.309392318817427,16.009277267180526,16.234363555908203,1334900,0.0,0.0
2013-11-14 00:00:00-05:00,16.196847573243037,16.243739872026044,15.812324998977468,15.98114013671875,2408000,0.0,0.0
2013-11-15 00:00:00-05:00,16.018655006762554,16.05617028010268,15.849839854385365,16.037412643432617,1766900,0.0,0.0
2013-11-18 00:00:00-05:00,16.0561640974414,16.14056985230163,15.868591380621769,15.93424129486084,1487100,0.0,0.0
2013-11-19 00:00:00-05:00,15.953003050633747,16.009274164704046,15.549722857339264,15.568480491638184,1513800,0.0,0.0
2013-11-20 00:00:00-05:00,15.624748281774593,15.746671089953844,15.437175556341632,15.512206077575684,1078400,0.0,0.0
2013-11-21 00:00:00-05:00,15.559102861883524,15.727918005804034,15.484074107788475,15.652889251708984,1267700,0.0,0.0
2013-11-22 00:00:00-05:00,15.681030262092039,15.915495437122988,15.596622655974711,15.793574333190918,1628200,0.0,0.0
2013-11-25 00:00:00-05:00,15.812321986645337,15.990514119135433,15.59661280238827,15.915485382080078,4191200,0.0,0.0
2013-11-26 00:00:00-05:00,15.934254100926935,16.16871929097382,15.934254100926935,15.990525245666504,2380300,0.0,0.0
2013-11-27 00:00:00-05:00,15.981136200924688,16.093678405817908,15.896728652841725,16.02802848815918,1567800,0.0,0.0
2013-11-29 00:00:00-05:00,16.121819209799188,16.159332691962895,15.943625250248498,15.971761703491211,615200,0.0,0.0
2013-12-02 00:00:00-05:00,15.971760894089181,16.009274374351815,15.75605167447972,15.877974510192871,2441900,0.0,0.0
2013-12-03 00:00:00-05:00,15.831076430646428,16.065541436833186,15.80294177475268,15.859212875366211,1687200,0.0,0.0
2013-12-04 00:00:00-05:00,15.765435605898169,15.915493153278806,15.61537805851753,15.756056785583496,2872500,0.0,0.0
2013-12-05 00:00:00-05:00,15.72791690324323,15.924866698126154,15.709159268827769,15.746674537658691,1676600,0.0,0.0
2013-12-06 00:00:00-05:00,15.896733946060523,16.16871252246968,15.87797630939046,16.037412643432617,1440300,0.0,0.0
2013-12-09 00:00:00-05:00,16.084300353334854,16.26249427316298,16.028029248219827,16.05616569519043,2031500,0.0,0.0
2013-12-10 00:00:00-05:00,15.990517550159774,16.140575056467753,15.887354132589651,15.971761703491211,1078700,0.0,0.0
2013-12-11 00:00:00-05:00,16.00928186490083,16.037418329882385,15.7841955115304,15.793574333190918,1551800,0.0,0.0
2013-12-12 00:00:00-05:00,15.605994004922945,15.634130456431748,15.20271381076243,15.34339427947998,5143400,0.0,0.0
2013-12-13 00:00:00-05:00,15.362151714696774,15.474695743551788,15.268367110948692,15.371530532836914,2592800,0.0,0.0
2013-12-16 00:00:00-05:00,15.409043498729808,15.577858622328103,15.315257120194492,15.427801132202148,3134000,0.0,0.0
2013-12-17 00:00:00-05:00,15.474699331451566,15.802950887156861,15.427807018705268,15.756056785583496,2031700,0.0,0.0
2013-12-18 00:00:00-05:00,15.727918005804034,15.859217878263719,15.512210561384093,15.652889251708984,4055100,0.0,0.0
2013-12-19 00:00:00-05:00,15.634126784425815,15.76542661630875,15.493448137576094,15.540340423583984,3890500,0.0,0.0
2013-12-20 00:00:00-05:00,15.48407529590679,15.79356915390016,15.437181202982499,15.690403938293457,24930800,0.0,0.0
2013-12-23 00:00:00-05:00,15.849834079945115,16.15932781693908,15.737291878579693,16.131193161010742,2949300,0.0,0.0
2013-12-24 00:00:00-05:00,16.168711314850967,16.412555206869353,16.103061380235737,16.290634155273438,1463200,0.0,0.0
2013-12-26 00:00:00-05:00,16.318772033447356,16.403179619956333,16.206229777319994,16.215608596801758,1231300,0.0,0.0
2013-12-27 00:00:00-05:00,16.1780888717057,16.459446223509147,16.10306012530302,16.318767547607422,1621600,0.0,0.0
2013-12-30 00:00:00-05:00,16.31876538872975,16.515716939997752,16.31876538872975,16.459444046020508,1299200,0.0,0.0
2013-12-31 00:00:00-05:00,16.496962348485994,16.58136991617905,16.39379714601081,16.52509880065918,1180100,0.0,0.0
2014-01-02 00:00:00-05:00,16.35627939441862,16.56260795666719,16.29062947864981,16.53447151184082,2665800,0.0,0.0
2014-01-03 00:00:00-05:00,16.496962746797845,16.600127951763902,16.412555177066803,16.468826293945312,1947600,0.0,0.0
2014-01-06 00:00:00-05:00,16.49696197758059,16.57199072619569,16.281254548915477,16.48758316040039,2276700,0.0,0.0
2014-01-07 00:00:00-05:00,16.5250981565346,16.71266913056508,16.412554141055157,16.62826156616211,1695200,0.0,0.0
2014-01-08 00:00:00-05:00,16.67515600156719,16.95651336293631,16.49696205199262,16.843969345092773,3197700,0.0,0.0
2014-01-09 00:00:00-05:00,16.85334930104029,17.106572016677806,16.740807064419123,16.862728118896484,4228000,0.0,0.0
2014-01-10 00:00:00-05:00,16.918998590694756,17.022161994610272,16.703289388704842,16.965890884399414,2151100,0.0,0.0
2014-01-13 00:00:00-05:00,16.937753918989713,17.46295689438219,16.937753918989713,17.069055557250977,5474200,0.0,0.0
2014-01-14 00:00:00-05:00,17.4160678823089,17.819348153037296,17.350417938483684,17.80059051513672,5330500,0.0,0.0
2014-01-15 00:00:00-05:00,18.110082276127724,18.569633618212684,18.081947611380166,18.522741317749023,7453400,0.0,0.0
2014-01-16 00:00:00-05:00,18.522739049307894,18.71968883372716,18.213245253201627,18.307031631469727,5855500,0.0,0.0
2014-01-17 00:00:00-05:00,18.156979073796588,18.466472953971444,18.138221435282507,18.278900146484375,3268900,0.0,0.0
2014-01-21 00:00:00-05:00,18.335168009280128,18.438333213915836,17.941266614738804,17.997539520263672,5233400,0.0,0.0
2014-01-22 00:00:00-05:00,17.950645115745054,18.503982821861623,17.941266298322983,18.363304138183594,6336600,0.0,0.0
2014-01-23 00:00:00-05:00,18.316411695240635,18.91664169490056,18.27889642584864,18.457090377807617,8111800,0.0,0.0
2014-01-24 00:00:00-05:00,18.419576760707844,18.419576760707844,17.92251191846118,17.969404220581055,4651600,0.0,0.0
2014-01-27 00:00:00-05:00,18.006919552100427,18.006919552100427,17.62239694921731,17.74431800842285,3793800,0.0,0.0
2014-01-28 00:00:00-05:00,17.81934556375469,18.156975841597696,17.72555917670646,17.997539520263672,3909000,0.0,0.0
2014-01-29 00:00:00-05:00,17.716179023480866,18.04443045898923,17.613015615449285,17.669286727905273,4115300,0.0,0.0
2014-01-30 00:00:00-05:00,17.838103345813273,17.950645580136612,17.641151752507586,17.90375328063965,2839800,0.0,0.0
2014-01-31 00:00:00-05:00,17.77245692737809,17.866241544927888,17.61302057318575,17.641155242919922,2501200,0.0,0.0
2014-02-03 00:00:00-05:00,17.603639213951627,17.65991033412854,17.069059100204335,17.162843704223633,4257000,0.0,0.0
2014-02-04 00:00:00-05:00,17.275383378180738,17.294141009786355,17.125325902988223,17.26600456237793,2224900,0.0,0.0
2014-02-05 00:00:00-05:00,17.228492086486277,17.65052808911489,17.012782888172477,17.55674171447754,3680400,0.0,0.0
2014-02-06 00:00:00-05:00,17.61301446998018,17.866235353977025,17.56612038862795,17.69742202758789,3042300,0.0,0.0
2014-02-07 00:00:00-05:00,17.753694645541117,17.922509775106715,17.622394784246296,17.884994506835938,2609500,0.0,0.0
2014-02-10 00:00:00-05:00,17.828728856088837,17.884999986910373,17.68805013462149,17.84748649597168,1900100,0.0,0.0
2014-02-11 00:00:00-05:00,17.884995600604714,18.29765463268745,17.847482118866225,18.12883949279785,4711400,0.0,0.0
2014-02-12 00:00:00-05:00,18.26013951193108,18.335168264850164,17.988160953409366,18.035053253173828,2945900,0.0,0.0
2014-02-13 00:00:00-05:00,17.903750728686905,18.063187028608148,17.65052805431323,18.053808212280273,5908800,0.0,0.0
2014-02-14 00:00:00-05:00,18.072566052139614,18.672795993394775,18.00691612591812,18.635282516479492,5135900,0.0,0.0
2014-02-18 00:00:00-05:00,18.719688295497537,18.729067111937326,18.51335970030119,18.588388442993164,3212800,0.0,0.0
2014-02-19 00:00:00-05:00,18.532116440322095,18.99166769077301,18.52273762433417,18.87912368774414,4744500,0.0,0.0
2014-02-20 00:00:00-05:00,18.89787968379746,19.2167522444783,18.841608581567336,19.188615798950195,4977700,0.0,0.0
2014-02-21 00:00:00-05:00,19.226132590809314,19.26364785450114,18.91663882065665,18.972909927368164,3753300,0.0,0.0
2014-02-24 00:00:00-05:00,18.98228848460753,19.141724775472603,18.869746272718192,18.935396194458008,5540600,0.0,0.0
2014-02-25 00:00:00-05:00,18.89788387627419,18.91664151078762,18.5977688793652,18.775962829589844,3182000,0.0,0.0
2014-02-26 00:00:00-05:00,18.83222923257517,19.16048059912747,18.719685242478995,18.84160804748535,3966900,0.0,0.0
2014-02-27 00:00:00-05:00,18.850985602149308,19.019800681594745,18.813470345016583,18.916635513305664,2685800,0.0,0.0
2014-02-28 00:00:00-05:00,18.897883077843506,19.24489214637503,18.804096698065276,19.019805908203125,3559300,0.0,0.0
2014-03-03 00:00:00-05:00,18.77596258859392,18.879125999440696,18.532118709528568,18.69155502319336,2527800,0.0,0.0
2014-03-04 00:00:00-05:00,18.88849956786946,18.907257196929788,18.700928643744046,18.8134708404541,2650300,0.0,0.0
2014-03-05 00:00:00-05:00,18.82285181408427,18.850988260902195,18.654036710829068,18.672794342041016,2565200,0.0,0.0
2014-03-06 00:00:00-05:00,18.710312029413167,18.738446691051312,18.475846975354486,18.616525650024414,3237600,0.0,0.0
2014-03-07 00:00:00-05:00,18.67279497313846,18.98228874329112,18.67279497313846,18.972909927368164,3086400,0.0,0.0
2014-03-10 00:00:00-04:00,18.99167359799438,19.01043123580466,18.428956985473633,18.428956985473633,2387200,0.0,0.0
2014-03-11 00:00:00-04:00,18.382068246535784,18.588396936003395,18.2038742304159,18.391447067260742,2797600,0.0,0.0
2014-03-12 00:00:00-04:00,18.307036278850433,18.494607294176586,18.110084655607114,18.466472625732422,2694400,0.0,0.0
2014-03-13 00:00:00-04:00,18.410194288607943,18.569630588529186,17.884993096031156,18.053808212280273,3558700,0.0,0.0
2014-03-14 00:00:00-04:00,18.05380896914834,18.203866459032554,17.988159040927293,18.081945419311523,1629000,0.0,0.0
2014-03-17 00:00:00-04:00,18.175730507682808,18.307032156554712,18.156974662552333,18.203866958618164,2026800,0.0,0.0
2014-03-18 00:00:00-04:00,18.213242112362227,18.635279847375877,18.166349825727856,18.60714340209961,1713400,0.0,0.0
2014-03-19 00:00:00-04:00,18.597773437319837,18.635288715540973,18.28827954730317,18.40082359313965,1611200,0.0,0.0
2014-03-20 00:00:00-04:00,18.41958046771745,19.001054790691768,18.32579584460319,18.954160690307617,2120100,0.0,0.0
2014-03-21 00:00:00-04:00,19.104212848096413,19.160483958597677,18.832232534491983,18.89788246154785,2728900,0.0,0.0
2014-03-24 00:00:00-04:00,18.916640879649016,19.05731955615316,18.57901062497793,18.7009334564209,1312200,0.0,0.0
2014-03-25 00:00:00-04:00,18.8134737646549,19.188617460040724,18.60714517939926,18.87912368774414,2813400,0.0,0.0
2014-03-26 00:00:00-04:00,18.944780753998952,19.141730578930346,18.475850555026966,18.485227584838867,1721400,0.0,0.0
2014-03-27 00:00:00-04:00,18.43833511939199,18.48522742334883,17.95064728740323,18.17573356628418,3075100,0.0,0.0
2014-03-28 00:00:00-04:00,18.147595325061868,18.4852237824701,18.13821650835242,18.307031631469727,1806700,0.0,0.0
2014-03-31 00:00:00-04:00,18.438335730162283,18.738450778611536,18.37268578691736,18.654043197631836,1307900,0.0,0.0
2014-04-01 00:00:00-04:00,18.729070510486284,18.84161453935948,18.50398424156655,18.822856903076172,2162500,0.0,0.0
2014-04-02 00:00:00-04:00,18.841611458840948,19.282405106470993,18.73844626497645,19.07607650756836,2734800,0.0,0.0
2014-04-03 00:00:00-04:00,19.085448458736074,19.432455604284055,19.001040928451275,19.104206085205078,2227900,0.0,0.0
2014-04-04 00:00:00-04:00,19.21675298890503,19.291781724393715,18.41957155632137,18.541494369506836,3379700,0.0,0.0
2014-04-07 00:00:00-04:00,18.466471555506665,18.579013800414597,18.035054846488315,18.222627639770508,1918300,0.0,0.0
2014-04-08 00:00:00-04:00,18.185109195200486,18.45708951916008,18.07256696991311,18.25075912475586,1726700,0.0,0.0
2014-04-09 00:00:00-04:00,18.32578433784715,18.541491697690578,18.063182907064352,18.513355255126953,1341600,0.0,0.0
2014-04-10 00:00:00-04:00,18.532114746228558,18.68217221066554,17.828719710870406,17.838098526000977,2518900,0.0,0.0
2014-04-11 00:00:00-04:00,17.960022764672573,18.100701439197927,17.631771331562476,17.71617889404297,1821400,0.0,0.0
2014-04-14 00:00:00-04:00,17.81934229903391,17.894371037161,17.322275790925524,17.444198608398438,2677700,0.0,0.0
2014-04-15 00:00:00-04:00,17.500469461386093,17.706798041041473,17.162839250289835,17.584877014160156,3776200,0.0,0.0
2014-04-16 00:00:00-04:00,17.566119758813876,17.650527313395248,17.078432063193993,17.622392654418945,3396500,0.0,0.0
2014-04-17 00:00:00-04:00,17.72555756171817,18.02567254186757,17.5661212549105,17.85685920715332,2207500,0.0,0.0
2014-04-21 00:00:00-04:00,17.94127111773191,17.94127111773191,17.62240018385853,17.84748649597168,1371600,0.0,0.0
2014-04-22 00:00:00-04:00,17.866239709219528,18.30703523725145,17.753697464192417,18.17573356628418,1673200,0.0,0.0
2014-04-23 00:00:00-04:00,18.241383800829094,18.250760829790387,17.903753515771815,17.988161087036133,1937800,0.0,0.0
2014-04-24 00:00:00-04:00,18.044429460381544,18.119458202446125,16.99402707147742,17.106569290161133,7295700,0.0,0.0
2014-04-25 00:00:00-04:00,16.984644593106474,16.984644593106474,16.14994800517491,16.24373435974121,7192300,0.0,0.0
2014-04-28 00:00:00-04:00,16.253121580250607,16.384421471256626,15.896735395165615,16.224985122680664,3801400,0.0,0.0
2014-04-29 00:00:00-04:00,16.44069086332588,16.637640657630598,16.234360463014493,16.48758316040039,3245300,0.0,0.0
2014-04-30 00:00:00-04:00,16.421931577310247,16.64701780051724,16.318766387530516,16.571989059448242,2255200,0.0,0.0
2014-05-01 00:00:00-04:00,16.55323347753617,16.63764104529822,16.384418342012072,16.47820472717285,3407300,0.0,0.0
2014-05-02 00:00:00-04:00,16.4688278876928,16.83459465486605,16.356285643044668,16.656400680541992,2395400,0.0,0.0
2014-05-05 00:00:00-04:00,16.562605557501055,16.75955706510425,16.42192693139922,16.63763427734375,1622700,0.0,0.0
2014-05-06 00:00:00-04:00,16.590747844207137,16.75018415365545,16.515719097927132,16.543853759765625,2100100,0.0,0.0
2014-05-07 00:00:00-04:00,16.506214194464953,16.628551359841875,16.346233719783267,16.59090805053711,2338500,0.06,0.0
2014-05-08 00:00:00-04:00,16.553266617613957,16.91086908310988,16.421518624262582,16.581499099731445,2162500,0.0,0.0
2014-05-09 00:00:00-04:00,16.534445004126304,16.656783965342235,16.402697010446186,16.628551483154297,1942300,0.0,0.0
2014-05-12 00:00:00-04:00,16.750883616471864,17.05202461786705,16.7132421131295,16.957918167114258,1010800,0.0,0.0
2014-05-13 00:00:00-04:00,16.939100029937592,16.967332509496206,16.750887089410078,16.835582733154297,2235400,0.0,0.0
2014-05-14 00:00:00-04:00,16.797941098374604,16.873225915045186,16.67560214945265,16.732067108154297,1888500,0.0,0.0
2014-05-15 00:00:00-04:00,16.73206675877894,16.84499308396104,16.317999378270905,16.56267547607422,3097300,0.0,0.0
2014-05-16 00:00:00-04:00,16.609730032296422,16.826173680266045,16.50621451953328,16.760299682617188,1324000,0.0,0.0
2014-05-19 00:00:00-04:00,16.713243864440464,17.042615579123098,16.70383303888594,16.920276641845703,1732600,0.0,0.0
2014-05-20 00:00:00-04:00,16.87322973210024,16.892051389258615,16.619142745258216,16.722660064697266,1489800,0.0,0.0
2014-05-21 00:00:00-04:00,16.779119677205834,16.967332618947456,16.7508871974651,16.901456832885742,1583300,0.0,0.0
2014-05-22 00:00:00-04:00,16.89204415659268,17.14612923971108,16.86381168294341,16.94850730895996,1373500,0.0,0.0
2014-05-23 00:00:00-04:00,16.939104016095726,17.03321050850489,16.83558669495244,16.882640838623047,994200,0.0,0.0
2014-05-27 00:00:00-04:00,16.99556145135047,17.09907873751881,16.873224309004517,16.920276641845703,2519000,0.0,0.0
2014-05-28 00:00:00-04:00,16.95792567356397,16.995567193568405,16.788534346213883,16.882640838623047,1645500,0.0,0.0
2014-05-29 00:00:00-04:00,16.939104016095726,16.96733650229809,16.807356003682127,16.882640838623047,936000,0.0,0.0
2014-05-30 00:00:00-04:00,16.89204751852376,16.929689029283114,16.713245406354904,16.750886917114258,1997900,0.0,0.0
2014-06-02 00:00:00-04:00,16.78853050378608,16.948510965786966,16.722656512656005,16.901456832885742,1200800,0.0,0.0
2014-06-03 00:00:00-04:00,16.882640990227486,17.08026301062251,16.788534496973256,16.967336654663086,931600,0.0,0.0
2014-06-04 00:00:00-04:00,17.390806078279443,17.49432335806856,17.202594963581717,17.324932098388672,3238200,0.0,0.0
2014-06-05 00:00:00-04:00,17.22141318346787,17.54137402249896,17.155539209831677,17.428447723388672,1710300,0.0,0.0
2014-06-06 00:00:00-04:00,17.494328015724435,17.786056487880497,17.47550636076422,17.77664566040039,1868400,0.0,0.0
2014-06-09 00:00:00-04:00,17.76723698682801,17.98368245524635,17.729595467276145,17.927217483520508,2192300,0.0,0.0
2014-06-10 00:00:00-04:00,17.870750904444783,18.153070324529175,17.842518423956836,18.115427017211914,3200000,0.0,0.0
2014-06-11 00:00:00-04:00,18.058958044224575,18.096599544506343,17.870745158022387,18.087188720703125,3304100,0.0,0.0
2014-06-12 00:00:00-04:00,18.04014006978511,18.20012051715138,17.88957044813821,17.98367691040039,956900,0.0,0.0
2014-06-13 00:00:00-04:00,18.058965582440667,18.237765924543783,17.936626616862892,17.993091583251953,1007100,0.0,0.0
2014-06-16 00:00:00-04:00,18.011907592627015,18.12483570632793,17.842516319541378,17.98367691040039,2365900,0.0,0.0
2014-06-17 00:00:00-04:00,17.974266084681027,18.153068183486027,17.88015962241884,17.98367691040039,2920400,0.0,0.0
2014-06-18 00:00:00-04:00,18.030731138279315,18.030731138279315,17.739002690057422,18.01190948486328,1714700,0.0,0.0
2014-06-19 00:00:00-04:00,18.096607138256253,18.096607138256253,17.927215828580042,18.040143966674805,1475600,0.0,0.0
2014-06-20 00:00:00-04:00,18.040142501238876,18.275407791137695,17.870751205322648,18.275407791137695,3280500,0.0,0.0
2014-06-23 00:00:00-04:00,18.237766731186465,18.473032050084253,18.218946869822915,18.454212188720703,2142600,0.0,0.0
2014-06-24 00:00:00-04:00,18.435386189376807,18.6235991181282,18.162477622180436,18.20012092590332,3585800,0.0,0.0
2014-06-25 00:00:00-04:00,18.134252611481152,18.228359105292153,17.983682939356385,18.190715789794922,2009400,0.0,0.0
2014-06-26 00:00:00-04:00,18.228349489888895,18.228349489888895,17.91779948057931,18.143653869628906,1247300,0.0,0.0
2014-06-27 00:00:00-04:00,18.1530650479156,18.341276144998876,18.115421751540243,18.303634643554688,2360400,0.0,0.0
2014-06-30 00:00:00-04:00,18.275408124214323,18.45421025037705,18.275408124214323,18.444799423217773,2244700,0.0,0.0
2014-07-01 00:00:00-04:00,18.45420868963519,18.745937127173146,18.45420868963519,18.61418914794922,2725600,0.0,0.0
2014-07-02 00:00:00-04:00,18.5765459978933,18.802400447708624,18.5765459978933,18.727115631103516,1614700,0.0,0.0
2014-07-03 00:00:00-04:00,18.76475917246209,19.037665962982572,18.736526692781364,18.83063316345215,1760300,0.0,0.0
2014-07-07 00:00:00-04:00,18.84945103157972,18.9153250093422,18.73652293046455,18.84004020690918,1429000,0.0,0.0
2014-07-08 00:00:00-04:00,18.755348142173847,18.792989653074304,18.473028733228155,18.736526489257812,1962300,0.0,0.0
2014-07-09 00:00:00-04:00,18.745939326464978,18.93415228595043,18.604780504316793,18.80240249633789,1790300,0.0,0.0
2014-07-10 00:00:00-04:00,18.538904688691037,18.952970287056814,18.397744085455997,18.82122230529785,1363500,0.0,0.0
2014-07-11 00:00:00-04:00,18.802400479532324,18.915328602096924,18.717704836341778,18.736526489257812,1235400,0.0,0.0
2014-07-14 00:00:00-04:00,18.85886561147563,18.90591794926622,18.661241843905554,18.82122230529785,1306000,0.0,0.0
2014-07-15 00:00:00-04:00,18.830630924819705,18.877683257095583,18.53890251586014,18.670650482177734,1287600,0.0,0.0
2014-07-16 00:00:00-04:00,18.745937127173146,18.821221943148476,18.58595666885912,18.61418914794922,1974700,0.0,0.0
2014-07-17 00:00:00-04:00,18.567134326638136,18.585955978665922,18.25658424790579,18.313047409057617,3016600,0.0,0.0
2014-07-18 00:00:00-04:00,18.369514600875323,18.538905899878774,18.331871292238226,18.444799423217773,2104300,0.0,0.0
2014-07-21 00:00:00-04:00,18.444801517415023,18.64242352540228,18.350695030069303,18.538908004760742,2532500,0.0,0.0
2014-07-22 00:00:00-04:00,18.680061307619194,18.73652446533653,18.614187324460396,18.670650482177734,1953200,0.0,0.0
2014-07-23 00:00:00-04:00,18.67065523267496,18.680066060510878,18.09660729920709,18.124839782714844,2843900,0.0,0.0
2014-07-24 00:00:00-04:00,18.10601005250127,18.10601005250127,16.95791649250029,17.05202293395996,9243900,0.0,0.0
2014-07-25 00:00:00-04:00,16.99555834949789,17.287288503650306,16.69441916643963,17.212003707885742,6485400,0.0,0.0
2014-07-28 00:00:00-04:00,17.202595510220554,17.682536829587324,17.08966740186839,17.57901954650879,6087000,0.0,0.0
2014-07-29 00:00:00-04:00,17.673125938129456,17.776641425888947,17.447271517202317,17.560197830200195,5229800,0.0,0.0
2014-07-30 00:00:00-04:00,17.701358669919554,17.701358669919554,17.428451886110928,17.597843170166016,2262700,0.0,0.0
2014-07-31 00:00:00-04:00,17.475505182724806,17.616663995547142,17.11790273724611,17.146133422851562,3266900,0.0,0.0
2014-08-01 00:00:00-04:00,17.12731372003496,17.287294188005333,16.95792242513318,17.193187713623047,2227800,0.0,0.0
2014-08-04 00:00:00-04:00,17.25906220752261,17.466095021219814,17.099081734914666,17.447275161743164,3632400,0.0,0.0
2014-08-05 00:00:00-04:00,17.287289009359878,17.663712999194335,17.240234888798593,17.475500106811523,3096900,0.0,0.0
2014-08-06 00:00:00-04:00,17.34376006883227,17.729595058741438,17.34376006883227,17.65431022644043,2069700,0.0,0.0
2014-08-07 00:00:00-04:00,17.729590762283387,17.729590762283387,17.38139737543734,17.41904067993164,2407200,0.0,0.0
2014-08-08 00:00:00-04:00,17.409628267825607,17.616661038889312,17.315521810094324,17.607250213623047,1422600,0.0,0.0
2014-08-11 00:00:00-04:00,17.68253879519876,17.8801607631187,17.626073837280273,17.626073837280273,1635500,0.0,0.0
2014-08-12 00:00:00-04:00,17.616661235691833,17.720178519845813,17.466091619612268,17.663715362548828,1519600,0.0,0.0
2014-08-13 00:00:00-04:00,17.710765906089403,17.823694004211607,17.607248632388316,17.72958755493164,1381000,0.0,0.0
2014-08-14 00:00:00-04:00,17.757824003893955,18.05896327306524,17.626074227432795,17.842517852783203,2514700,0.0,0.0
2014-08-15 00:00:00-04:00,18.04013428812767,18.12482989752651,17.814279928041064,18.002490997314453,3353800,0.0,0.0
2014-08-18 00:00:00-04:00,18.143661576656555,18.35069440582889,18.087196609210736,18.23776626586914,2668900,0.0,0.0
2014-08-19 00:00:00-04:00,18.26599528130396,18.548312885199945,18.256584455183223,18.407154083251953,1638900,0.0,0.0
2014-08-20 00:00:00-04:00,18.331870050019305,19.000024373597817,18.331870050019305,18.774169921875,4074900,0.0,0.0
2014-08-21 00:00:00-04:00,18.764755546608487,19.150590386366613,18.70829059815758,18.94355583190918,3716700,0.0,0.0
2014-08-22 00:00:00-04:00,18.887096513124597,19.122361794643204,18.82122252148845,18.952970504760742,3533400,0.0,0.0
2014-08-25 00:00:00-04:00,19.047074976604048,19.05648580226855,18.77416821205938,18.89650535583496,1915100,0.0,0.0
2014-08-26 00:00:00-04:00,18.962377735378304,19.122358168269454,18.915325405970272,19.047073364257812,2055100,0.0,0.0
2014-08-27 00:00:00-04:00,19.018842761863613,19.103538399080534,18.990612079412298,19.03766441345215,1496900,0.0,0.0
2014-08-28 00:00:00-04:00,18.962385395054305,19.14118754990663,18.849459040886973,19.103544235229492,1751000,0.0,0.0
2014-08-29 00:00:00-04:00,19.1505932350068,19.38585850375398,19.103539104298427,19.376447677612305,1778000,0.0,0.0
2014-09-02 00:00:00-04:00,19.385856529504913,19.583478473559648,19.169412935083624,19.357624053955078,2177400,0.0,0.0
2014-09-03 00:00:00-04:00,19.452006501579554,19.470881412844726,19.206614653309476,19.216053009033203,1942300,0.06,0.0
2014-09-04 00:00:00-04:00,19.187735428470884,19.225488846420497,18.89515364008958,18.998971939086914,2784700,0.0,0.0
2014-09-05 00:00:00-04:00,19.01785552424279,19.09336058725992,18.791340335191414,19.07448387145996,1995300,0.0,0.0
2014-09-08 00:00:00-04:00,19.06504671497911,19.28212353931292,18.866844805669768,18.904598236083984,2273700,0.0,0.0
2014-09-09 00:00:00-04:00,18.904602385250897,19.29156613101388,18.85741058687551,18.989545822143555,3197800,0.0,0.0
2014-09-10 00:00:00-04:00,18.989539420560313,19.11223445460839,18.8762809428231,18.885719299316406,1853100,0.0,0.0
2014-09-11 00:00:00-04:00,18.819651220943385,19.423691590662937,18.78189779774476,19.41425323486328,4767100,0.0,0.0
2014-09-12 00:00:00-04:00,19.348188748431923,19.3859421759311,19.102796870234787,19.121673583984375,2296500,0.0,0.0
2014-09-15 00:00:00-04:00,19.168860806025496,19.234927494446623,18.951784029732572,19.06504249572754,1923100,0.0,0.0
2014-09-16 00:00:00-04:00,18.989538384666492,19.53695043013932,18.961223316731193,19.499197006225586,3431900,0.0,0.0
2014-09-17 00:00:00-04:00,19.536950060076503,19.7068350639234,19.376501611846958,19.41425323486328,2036900,0.0,0.0
2014-09-18 00:00:00-04:00,19.49920165264894,19.659650142150575,19.39538151232942,19.555830001831055,1159500,0.0,0.0
2014-09-19 00:00:00-04:00,19.59358076050613,19.62189583132398,19.187740413029516,19.319873809814453,2288200,0.0,0.0
2014-09-22 00:00:00-04:00,19.216053866774054,19.234928778881738,18.94234693911542,19.02729034423828,1792000,0.0,0.0
2014-09-23 00:00:00-04:00,18.895155366769917,18.998973675254394,18.536505064202544,18.555381774902344,2426500,0.0,0.0
2014-09-24 00:00:00-04:00,18.602574908650062,18.80077680427186,18.404374813210786,18.763023376464844,2478400,0.0,0.0
2014-09-25 00:00:00-04:00,18.442131527928176,18.593141665705488,17.87584261117184,18.413816452026367,4438500,0.0,0.0
2014-09-26 00:00:00-04:00,18.527067929059537,18.583698064888647,18.319429498233138,18.451562881469727,2076100,0.0,0.0
2014-09-29 00:00:00-04:00,18.225052432896018,18.659207918498876,18.158985724261033,18.508197784423828,2117800,0.0,0.0
2014-09-30 00:00:00-04:00,18.461004663791602,18.470443021514875,18.026851009617133,18.300556182861328,2959300,0.0,0.0
2014-10-01 00:00:00-04:00,18.24392458884133,18.26280130092736,17.696512539622955,17.715389251708984,3772800,0.0,0.0
2014-10-02 00:00:00-04:00,17.668197948659053,17.83808476165674,17.46999786695001,17.687074661254883,2701300,0.0,0.0
2014-10-03 00:00:00-04:00,17.564374874769786,17.71538493429064,17.27179130928897,17.31898307800293,4223500,0.0,0.0
2014-10-06 00:00:00-04:00,17.441686910157436,17.5643837707753,17.281238415629872,17.39449691772461,2918400,0.0,0.0
2014-10-07 00:00:00-04:00,17.337865546407684,17.479437299226333,17.064158597466793,17.073596954345703,2335200,0.0,0.0
2014-10-08 00:00:00-04:00,17.120786611056193,17.621008714974735,16.88483309414447,17.611570358276367,3992900,0.0,0.0
2014-10-09 00:00:00-04:00,17.53606773705191,17.545506095059334,16.93202722603837,16.96034049987793,2718800,0.0,0.0
2014-10-10 00:00:00-04:00,16.74326096576573,16.781014391706258,15.591808477316137,15.60124683380127,6192600,0.0,0.0
2014-10-13 00:00:00-04:00,15.629562361381387,15.827764275842378,15.242598690490968,15.252037048339844,4662300,0.0,0.0
2014-10-14 00:00:00-04:00,15.421920035604694,15.790006898819335,15.318099925392465,15.497425079345703,3731700,0.0,0.0
2014-10-15 00:00:00-04:00,15.233158131610859,15.742818580713381,15.11990145415414,15.60124683380127,4632700,0.0,0.0
2014-10-16 00:00:00-04:00,15.261471035269501,16.03539815539589,15.204842704577423,15.827759742736816,3642900,0.0,0.0
2014-10-17 00:00:00-04:00,16.06371741128543,16.148660829573352,15.780572083598143,15.846640586853027,2312400,0.0,0.0
2014-10-20 00:00:00-04:00,15.903265942640031,16.4318012680405,15.780569116986696,16.337419509887695,3326100,0.0,0.0
2014-10-21 00:00:00-04:00,16.497871687878423,16.884835363610264,16.422366624325445,16.82820701599121,3848100,0.0,0.0
2014-10-22 00:00:00-04:00,16.856518332344606,16.941461734929504,16.356296272698252,16.403486251831055,3845000,0.0,0.0
2014-10-23 00:00:00-04:00,15.978778982281108,17.14910868834254,15.912712258579907,16.81877326965332,5559400,0.0,0.0
2014-10-24 00:00:00-04:00,16.94146009028342,17.53606205047251,16.94146009028342,17.092470169067383,3793800,0.0,0.0
2014-10-27 00:00:00-04:00,16.83764203522156,16.913147083802638,16.488430060420104,16.799888610839844,2957500,0.0,0.0
2014-10-28 00:00:00-04:00,16.884836820611696,17.016972043368458,16.752703398037802,16.922590255737305,2922500,0.0,0.0
2014-10-29 00:00:00-04:00,16.88483999335452,17.064165243531505,16.667763101141084,16.81877326965332,2641400,0.0,0.0
2014-10-30 00:00:00-04:00,16.75270333686284,16.9037134764481,16.450683057692316,16.790456771850586,2969200,0.0,0.0
2014-10-31 00:00:00-04:00,17.139661469525688,17.38505331657842,17.09247149132343,17.36617660522461,1811900,0.0,0.0
2014-11-03 00:00:00-05:00,17.366180770003066,17.67763938130625,17.366180770003066,17.45112419128418,2157800,0.0,0.0
2014-11-04 00:00:00-05:00,17.46055921067586,17.54550261571536,17.30011075673263,17.422805786132812,1935700,0.0,0.0
2014-11-05 00:00:00-05:00,17.58325596570069,18.0268497467041,17.375617510883323,18.0268497467041,4467600,0.0,0.0
2014-11-06 00:00:00-05:00,17.951347480762703,18.253367752964262,17.904155688116948,18.215614318847656,3445200,0.0,0.0
2014-11-07 00:00:00-05:00,18.28167719316995,18.309990459846933,17.80977021327605,17.970218658447266,4760600,0.0,0.0
2014-11-10 00:00:00-05:00,17.99853503126581,18.177860218624012,17.913591616211008,18.111793518066406,2316300,0.0,0.0
2014-11-11 00:00:00-05:00,18.09292237052572,18.14955073125854,17.923035488144134,17.979663848876953,1184800,0.0,0.0
2014-11-12 00:00:00-05:00,17.92302860606979,18.158982118735555,17.90415189301274,18.14954376220703,1373300,0.0,0.0
2014-11-13 00:00:00-05:00,18.20617837688304,18.300558365004207,17.687079441302217,17.809776306152344,2369900,0.0,0.0
2014-11-14 00:00:00-05:00,17.7625789571586,18.05516078923976,17.734265689649582,18.007970809936523,1723100,0.0,0.0
2014-11-17 00:00:00-05:00,17.97966214313003,17.97966214313003,17.5926984144983,17.734272003173828,1350500,0.0,0.0
2014-11-18 00:00:00-05:00,17.80033602105182,18.272243111322055,17.781459305397163,18.121232986450195,1848900,0.0,0.0
2014-11-19 00:00:00-05:00,18.121229280519536,18.15898090392566,17.724827333752472,18.007970809936523,2099800,0.0,0.0
2014-11-20 00:00:00-05:00,17.86639613543007,18.14010121073247,17.86639613543007,18.06459617614746,1471200,0.0,0.0
2014-11-21 00:00:00-05:00,18.281679198981116,18.376059165169174,18.083477309584783,18.347745895385742,1199100,0.0,0.0
2014-11-24 00:00:00-05:00,18.34774748010681,18.640329360961914,18.253365705584404,18.640329360961914,1671700,0.0,0.0
2014-11-25 00:00:00-05:00,18.64033053471492,18.72527395711558,18.39493862557776,18.404376983642578,1824900,0.0,0.0
2014-11-26 00:00:00-05:00,18.37605931657103,18.857404708862305,18.347746046554324,18.857404708862305,1551700,0.0,0.0
2014-11-28 00:00:00-05:00,18.8762843734725,18.8762843734725,18.64976917701276,18.734712600708008,3343700,0.0,0.0
2014-12-01 00:00:00-05:00,18.640038516522495,18.867240388348815,18.554837588882627,18.583236694335938,1636700,0.06,0.0
2014-12-02 00:00:00-05:00,18.592701923860936,18.725237690913577,18.47910190140416,18.715770721435547,1141600,0.0,0.0
2014-12-03 00:00:00-05:00,18.753646639626357,19.179651461597075,18.7063135730255,19.13231658935547,2408400,0.0,0.0
2014-12-04 00:00:00-05:00,19.122847573605032,19.132312740508496,18.83884381421067,18.93351173400879,1758400,0.0,0.0
2014-12-05 00:00:00-05:00,18.933512360715348,19.16071429236708,18.895644469286502,19.103914260864258,1164600,0.0,0.0
2014-12-08 00:00:00-05:00,19.00923955269532,19.122841380791897,18.526434943154516,18.715770721435547,1462300,0.0,0.0
2014-12-09 00:00:00-05:00,18.40337157800526,18.99030935619369,18.176169682676818,18.961910247802734,2086100,0.0,0.0
2014-12-10 00:00:00-05:00,18.867242598137505,18.99030961600909,18.44123791004321,18.46963882446289,1349000,0.0,0.0
2014-12-11 00:00:00-05:00,18.61163949575418,18.857775333308584,18.441237623167268,18.516971588134766,1058600,0.0,0.0
2014-12-12 00:00:00-05:00,18.308704870971894,18.59270680734847,18.270836983113536,18.280303955078125,999400,0.0,0.0
2014-12-15 00:00:00-05:00,18.384435727834973,18.621104569951466,18.005765941576573,18.072032928466797,1496300,0.0,0.0
2014-12-16 00:00:00-05:00,18.024704670339023,18.327640579816915,17.88270188283587,17.9489688873291,2067200,0.0,0.0
2014-12-17 00:00:00-05:00,18.01524197096249,18.57378086367176,17.882706124895982,18.564313888549805,1587300,0.0,0.0
2014-12-18 00:00:00-05:00,18.36550341495684,19.00924301147461,18.242436400629682,19.00924301147461,2427900,0.0,0.0
2014-12-19 00:00:00-05:00,18.97137624782829,18.980841413047226,18.66843859726036,18.772573471069336,3138300,0.0,0.0
2014-12-22 00:00:00-05:00,18.725236590760947,19.17017329624852,18.715769621839122,19.084972381591797,1466000,0.0,0.0
2014-12-23 00:00:00-05:00,19.151246210464517,19.29324718381854,19.00924523711049,19.094446182250977,1008700,0.0,0.0
2014-12-24 00:00:00-05:00,19.151245251586257,19.340581077005382,19.056577338876693,19.283781051635742,518800,0.0,0.0
2014-12-26 00:00:00-05:00,19.31217599976946,19.397376922283435,19.17017506412613,19.198575973510742,762700,0.0,0.0
2014-12-29 00:00:00-05:00,19.170182571340902,19.198583491847568,18.999780659582047,19.06604766845703,642900,0.0,0.0
2014-12-30 00:00:00-05:00,18.980843169056207,19.04711197120008,18.800976123014962,18.88617706298828,941600,0.0,0.0
2014-12-31 00:00:00-05:00,18.96191647803583,19.06604958575082,18.725247533602413,18.73471450805664,1021600,0.0,0.0
2015-01-02 00:00:00-05:00,18.85777354776516,18.93350750556181,18.431768906634026,18.649505615234375,1030300,0.0,0.0
2015-01-05 00:00:00-05:00,18.49803908018565,18.592705180266588,18.289769326471305,18.299236297607422,1877000,0.0,0.0
2015-01-06 00:00:00-05:00,18.318174406591197,18.3749744406877,17.68390164131853,17.74070167541504,2377700,0.0,0.0
2015-01-07 00:00:00-05:00,17.854295143526944,17.977362127070084,17.71229241667913,17.882694244384766,902400,0.0,0.0
2015-01-08 00:00:00-05:00,18.07203927251483,18.49804406012616,18.024706209731615,18.441242218017578,1626800,0.0,0.0
2015-01-09 00:00:00-05:00,18.431772524181614,18.51697346912997,18.147770578113988,18.38443946838379,745200,0.0,0.0
2015-01-12 00:00:00-05:00,17.863765991506416,18.147767895594182,17.39989344618162,17.5040283203125,3427800,0.0,0.0
2015-01-13 00:00:00-05:00,17.664961666610925,18.128832365658702,17.021222147723424,17.21055793762207,2993400,0.0,0.0
2015-01-14 00:00:00-05:00,16.992826823480844,17.39989579273332,16.992826823480844,17.27682876586914,2517800,0.0,0.0
2015-01-15 00:00:00-05:00,17.352563223639265,17.55136603339231,17.125361302236044,17.182161331176758,2262600,0.0,0.0
2015-01-16 00:00:00-05:00,17.09695977609238,17.608165435274955,17.07802763754659,17.589231491088867,2064300,0.0,0.0
2015-01-20 00:00:00-05:00,17.61762892413148,17.750162895949792,17.390427055740115,17.674428939819336,1153900,0.0,0.0
2015-01-21 00:00:00-05:00,17.61763554008854,18.109905536978854,17.5229676079648,17.930038452148438,1441100,0.0,0.0
2015-01-22 00:00:00-05:00,17.986836604959205,18.138304558233944,17.62710066734181,18.12883758544922,1865300,0.0,0.0
2015-01-23 00:00:00-05:00,18.10043461645807,18.176168576960404,17.97736580211675,17.996299743652344,701400,0.0,0.0
2015-01-26 00:00:00-05:00,17.930036701853375,18.3465726735114,17.759634801793073,18.327640533447266,1686200,0.0,0.0
2015-01-27 00:00:00-05:00,17.98683373748315,18.11936772405976,17.797497923253584,17.873231887817383,1559600,0.0,0.0
2015-01-28 00:00:00-05:00,18.02470545717863,18.251907399205184,17.702835587897546,17.74070167541504,2150100,0.0,0.0
2015-01-29 00:00:00-05:00,18.214031923273033,18.507500750510133,17.46615940115788,17.627094268798828,4947900,0.0,0.0
2015-01-30 00:00:00-05:00,17.078032339645414,17.466169274124557,16.945496499491973,17.13483238220215,2771800,0.0,0.0
2015-02-02 00:00:00-05:00,17.078026002784764,17.229493930493888,16.661488298764613,17.030691146850586,2485400,0.0,0.0
2015-02-03 00:00:00-05:00,17.16322785424329,17.60816654239043,17.106427823754018,17.59869956970215,2128800,0.0,0.0
2015-02-04 00:00:00-05:00,17.513495155048656,17.806964027743227,17.485094242604642,17.683897018432617,1601000,0.0,0.0
2015-02-05 00:00:00-05:00,17.77857207615384,17.98684010097657,17.532436152832002,17.91110610961914,1679200,0.0,0.0
2015-02-06 00:00:00-05:00,17.90163753081913,18.128839484531724,17.844837493801137,17.930038452148438,1323600,0.0,0.0
2015-02-09 00:00:00-05:00,17.825909722039963,17.986844720714107,17.731241757118482,17.967910766601562,1214300,0.0,0.0
2015-02-10 00:00:00-05:00,18.053100025115643,18.46017074584961,17.83536511121052,18.46017074584961,1901400,0.0,0.0
2015-02-11 00:00:00-05:00,18.460170077845888,18.460170077845888,18.204567289568267,18.28976821899414,1007600,0.0,0.0
2015-02-12 00:00:00-05:00,18.38443805457137,18.535905988244526,18.33710500241358,18.356037139892578,2010100,0.0,0.0
2015-02-13 00:00:00-05:00,18.393909454345703,18.61164443571413,18.28977454776053,18.393909454345703,1843200,0.0,0.0
2015-02-17 00:00:00-05:00,18.356038729588345,18.403373591485693,18.223504727556485,18.270837783813477,1292400,0.0,0.0
2015-02-18 00:00:00-05:00,18.261371801311146,18.38443882546595,18.157236915429202,18.21403694152832,1503100,0.0,0.0
2015-02-19 00:00:00-05:00,18.119367015813715,18.535904707453135,18.10990004490827,18.46017074584961,1221800,0.0,0.0
2015-02-20 00:00:00-05:00,18.431769742705455,18.80097438364635,18.232968771586567,18.772573471069336,1598600,0.0,0.0
2015-02-23 00:00:00-05:00,18.76311494918825,18.838848944523022,18.535912963183936,18.564313888549805,1616300,0.0,0.0
2015-02-24 00:00:00-05:00,18.583240972447857,18.999778736175358,18.51697397028129,18.93351173400879,1458000,0.0,0.0
2015-02-25 00:00:00-05:00,18.8385592619593,18.98098752210149,18.620169142336373,18.639158248901367,1561400,0.06,0.0
2015-02-26 00:00:00-05:00,18.610667297179052,18.78158187512897,18.553696374886734,18.64864730834961,1063500,0.0,0.0
2015-02-27 00:00:00-05:00,18.620169549705597,18.62966500873263,18.29733118708105,18.344806671142578,1693000,0.0,0.0
2015-03-02 00:00:00-05:00,18.439756680613435,18.990480543944905,18.392281203682916,18.961994171142578,2104000,0.0,0.0
2015-03-03 00:00:00-05:00,18.92401452037776,18.990480913804333,18.610671657742923,18.66764259338379,1614400,0.0,0.0
2015-03-04 00:00:00-05:00,18.563193597026274,18.591679969199046,18.335308052864058,18.468242645263672,1170900,0.0,0.0
2015-03-05 00:00:00-05:00,18.515726534817812,18.57269749397803,18.27834542539707,18.325820922851562,872900,0.0,0.0
2015-03-06 00:00:00-05:00,18.240358700271248,18.39228423585692,18.097930434925438,18.183387756347656,1247300,0.0,0.0
2015-03-09 00:00:00-04:00,18.164392471313477,18.29732705660939,18.135907911736165,18.164392471313477,1074300,0.0,0.0
2015-03-10 00:00:00-04:00,17.917527242044784,18.040964624179693,17.74661255057016,17.955507278442383,1372600,0.0,0.0
2015-03-11 00:00:00-04:00,18.06944397969257,18.116919459487317,17.813072042224604,18.07893943786621,1314500,0.0,0.0
2015-03-12 00:00:00-04:00,17.964993741795794,18.249850210855172,17.9460028275723,18.211870193481445,999800,0.0,0.0
2015-03-13 00:00:00-04:00,18.23086464558557,18.515721169924188,18.050454547598516,18.477739334106445,1448300,0.0,0.0
2015-03-16 00:00:00-04:00,18.515719194854828,18.876537541266874,18.515719194854828,18.848052978515625,1658800,0.0,0.0
2015-03-17 00:00:00-04:00,18.63915622002666,18.734108986810362,18.515718890959224,18.66764259338379,1321600,0.0,0.0
2015-03-18 00:00:00-04:00,18.658142996318887,18.80057120936027,18.392277481594437,18.724609375,1520500,0.0,0.0
2015-03-19 00:00:00-04:00,18.658150270812648,18.753103053551698,18.54420838038474,18.677141189575195,1331600,0.0,0.0
2015-03-20 00:00:00-04:00,18.838563135168215,19.104430603549954,18.753105799298154,19.085439682006836,2888800,0.0,0.0
2015-03-23 00:00:00-04:00,19.037959044526858,19.132911824541864,18.90502623915003,18.99997901916504,1066500,0.0,0.0
2015-03-24 00:00:00-04:00,18.97149188220478,19.037958282231827,18.829063623422027,18.905025482177734,1815300,0.0,0.0
2015-03-25 00:00:00-04:00,18.924015820518154,18.924015820518154,17.832063455168463,17.86054801940918,1803500,0.0,0.0
2015-03-26 00:00:00-04:00,17.528217540831353,17.80358045450989,17.366800150008032,17.499732971191406,2107800,0.0,0.0
2015-03-27 00:00:00-04:00,17.499733741106464,17.860552190653202,17.385790024312058,17.80358123779297,1972900,0.0,0.0
2015-03-30 00:00:00-04:00,17.91752114891042,18.173891287865494,17.82256837359535,18.14540672302246,1962600,0.0,0.0
2015-03-31 00:00:00-04:00,18.078937206268876,18.126412680203426,17.680137067569614,17.898527145385742,2315200,0.0,0.0
2015-04-01 00:00:00-04:00,17.84155870271382,17.917520558247027,17.547204927833317,17.78458595275879,1699300,0.0,0.0
2015-04-02 00:00:00-04:00,17.908021926879883,18.01246832781073,17.680136400658252,17.908021926879883,1151500,0.0,0.0
2015-04-06 00:00:00-04:00,17.67064261189469,18.05045185811315,17.604176220190627,17.936508178710938,1992300,0.0,0.0
2015-04-07 00:00:00-04:00,17.90802463321682,18.10742381964236,17.813071863506515,17.87004280090332,1112100,0.0,0.0
2015-04-08 00:00:00-04:00,17.813076726544924,18.1454106057227,17.813076726544924,18.012475967407227,1468200,0.0,0.0
2015-04-09 00:00:00-04:00,17.88903497780205,18.230864248420424,17.775091283904736,18.22136878967285,1059000,0.0,0.0
2015-04-10 00:00:00-04:00,18.268841445071693,18.401774224818055,18.16439322608624,18.39228057861328,756200,0.0,0.0
2015-04-13 00:00:00-04:00,18.363801024854556,18.43976290020878,18.173895430932017,18.192886352539062,927800,0.0,0.0
2015-04-14 00:00:00-04:00,18.17389258771128,18.17389258771128,17.832065107631575,17.917522430419922,1572000,0.0,0.0
2015-04-15 00:00:00-04:00,17.993479904328087,18.16439269713642,17.860545317379508,17.898527145385742,2837000,0.0,0.0
2015-04-16 00:00:00-04:00,17.756102064963407,18.012472205229006,17.7086247715264,17.77509117126465,2499800,0.0,0.0
2015-04-17 00:00:00-04:00,17.585190035466585,17.604180955654336,17.214874336100774,17.31932258605957,2696100,0.0,0.0
2015-04-20 00:00:00-04:00,17.48073643526084,17.756099260482724,17.442756417583535,17.604175567626953,3367200,0.0,0.0
2015-04-21 00:00:00-04:00,17.775093845467325,17.80358022581521,17.490237286283815,17.528217315673828,2510600,0.0,0.0
2015-04-22 00:00:00-04:00,17.537708802427375,17.85105167096747,17.43326238696296,17.79408073425293,1487300,0.0,0.0
2015-04-23 00:00:00-04:00,17.680139533321555,17.860547808292,17.52821401118164,17.78458595275879,1489400,0.0,0.0
2015-04-24 00:00:00-04:00,17.832063764381278,17.832063764381278,17.376290806817913,17.461748123168945,3090800,0.0,0.0
2015-04-27 00:00:00-04:00,17.452254186996687,17.604179726819915,17.129417621709223,17.205379486083984,4210200,0.0,0.0
2015-04-28 00:00:00-04:00,17.138912572656295,17.689636583997817,17.119923463424676,17.632665634155273,3538800,0.0,0.0
2015-04-29 00:00:00-04:00,17.509227275404733,17.73711287284774,17.423769949979388,17.594684600830078,2224000,0.0,0.0
2015-04-30 00:00:00-04:00,17.480741100958692,17.528216588495088,17.281341880017315,17.32881736755371,2906800,0.0,0.0
2015-05-01 00:00:00-04:00,18.534711463812275,19.46524467713472,18.52521600517753,19.275339126586914,8231900,0.0,0.0
2015-05-04 00:00:00-04:00,19.3228121335273,19.465240359307604,19.189877553202287,19.256345748901367,3200600,0.0,0.0
2015-05-05 00:00:00-04:00,19.18038688650897,19.23735782345419,18.724613957726916,18.81956672668457,2498600,0.0,0.0
2015-05-06 00:00:00-04:00,18.97149188220478,19.018969175848078,18.724615388480345,18.905025482177734,1825000,0.0,0.0
2015-05-07 00:00:00-04:00,18.990484565505966,19.123417377920912,18.867047212702623,19.037960052490234,2272200,0.0,0.0
2015-05-08 00:00:00-04:00,19.132911700644637,19.664644729782296,19.132911700644637,19.474740982055664,2422600,0.0,0.0
2015-05-11 00:00:00-04:00,19.436755105753054,19.655146996300633,19.33230870008935,19.63615608215332,1672600,0.0,0.0
2015-05-12 00:00:00-04:00,19.51272135576498,19.693131458740883,19.341808523079752,19.417770385742188,1911100,0.0,0.0
2015-05-13 00:00:00-04:00,19.788088261403438,19.85455467835694,19.265850575848184,19.3892879486084,1963400,0.0,0.0
2015-05-14 00:00:00-04:00,19.446253452416816,19.740607232219496,19.24685425746035,19.67413902282715,2561500,0.0,0.0
2015-05-15 00:00:00-04:00,19.76909226804572,19.83555866794961,19.54120669220086,19.588682174682617,1663400,0.0,0.0
2015-05-18 00:00:00-04:00,19.617168082992947,19.788082713569075,19.52221530922026,19.67413902282715,1810200,0.0,0.0
2015-05-19 00:00:00-04:00,19.702626076579083,19.76909247718613,19.560197816553472,19.664644241333008,1336700,0.0,0.0
2015-05-20 00:00:00-04:00,19.674143063272158,19.7975822378492,19.522219318464952,19.645658493041992,1512200,0.0,0.0
2015-05-21 00:00:00-04:00,19.61717018593823,19.807075753841332,19.522217401986683,19.750102996826172,1145600,0.0,0.0
2015-05-22 00:00:00-04:00,19.693130617767565,19.78808339480917,19.59817784072596,19.664644241333008,1240100,0.0,0.0
2015-05-26 00:00:00-04:00,19.61716766125773,19.645654036099188,19.303824782295667,19.522214889526367,1363800,0.0,0.0
2015-05-27 00:00:00-04:00,19.58868261039363,20.129912902521518,19.560198044700417,20.082435607910156,2188100,0.0,0.0
2015-05-28 00:00:00-04:00,20.053954044599283,20.205877787953728,19.99698128253596,20.120420455932617,1981000,0.0,0.0
2015-05-29 00:00:00-04:00,20.082326898743663,20.310859559926563,19.939494212531372,20.13945960998535,3702700,0.06,0.0
2015-06-01 00:00:00-04:00,20.25372303292917,20.282288475060277,19.929968036527406,20.19658851623535,2098600,0.0,0.0
2015-06-02 00:00:00-04:00,20.063282935823075,20.091850200804366,19.79666239419591,19.939495086669922,1530900,0.0,0.0
2015-06-03 00:00:00-04:00,20.05376625061035,20.244211105863915,19.929978366047255,20.05376625061035,1551900,0.0,0.0
2015-06-04 00:00:00-04:00,19.920452997629834,19.97758571927559,19.625265150207532,19.758575439453125,1809800,0.0,0.0
2015-06-05 00:00:00-04:00,19.682395235626903,20.168027845112228,19.644305548820416,20.148983001708984,1807200,0.0,0.0
2015-06-08 00:00:00-04:00,20.07280430214802,20.11089398678716,19.73952682642003,19.834749221801758,1509500,0.0,0.0
2015-06-09 00:00:00-04:00,19.806185797569558,19.949020326437378,19.644308238906977,19.853797912597656,1234600,0.0,0.0
2015-06-10 00:00:00-04:00,19.996630681595075,20.14898581768134,19.815708276411456,20.120418548583984,1404600,0.0,0.0
2015-06-11 00:00:00-04:00,20.139455815757337,20.206110935684322,19.977578317556453,20.19658851623535,1765400,0.0,0.0
2015-06-12 00:00:00-04:00,20.19659517156575,20.20611759415262,19.99662974589072,20.015674591064453,2207500,0.0,0.0
2015-06-15 00:00:00-04:00,19.768094089899385,19.88235951138456,19.39672874574838,19.834749221801758,2260500,0.0,0.0
2015-06-16 00:00:00-04:00,19.796666127159078,19.987109147629955,19.739531586422903,19.844276428222656,1803700,0.0,0.0
2015-06-17 00:00:00-04:00,19.929971661209297,20.053759504127708,19.806182002074756,19.910926818847656,2234800,0.0,0.0
2015-06-18 00:00:00-04:00,19.929969853582687,20.206112777916104,19.929969853582687,20.06328010559082,2040200,0.0,0.0
2015-06-19 00:00:00-04:00,20.06328282140453,20.129937956431196,19.710962303058952,19.768095016479492,4522600,0.0,0.0
2015-06-22 00:00:00-04:00,19.472909055633494,19.85379687486742,19.472909055633494,19.63478660583496,1997000,0.0,0.0
2015-06-23 00:00:00-04:00,19.72047984430709,19.74904710468672,19.47290418588065,19.5109920501709,1876900,0.0,0.0
2015-06-24 00:00:00-04:00,19.31102831494219,19.510993705921386,19.082495661159076,19.168193817138672,2355200,0.0,0.0
2015-06-25 00:00:00-04:00,19.263414276067174,19.291981536002712,19.034881645230573,19.111059188842773,1864400,0.0,0.0
2015-06-26 00:00:00-04:00,18.99679542260542,19.111060839786795,18.701605826418735,18.768260955810547,3678400,0.0,0.0
2015-06-29 00:00:00-04:00,18.482596292540737,18.739696215203153,18.301673922939468,18.32071876525879,2642600,0.0,0.0
2015-06-30 00:00:00-04:00,18.511166524395023,18.511166524395023,18.19693384060171,18.36833381652832,2427100,0.0,0.0
2015-07-01 00:00:00-04:00,18.59686843850335,18.73017873749085,18.273113298490905,18.42546844482422,1710900,0.0,0.0
2015-07-02 00:00:00-04:00,18.511164648894702,18.55877494128772,18.39689740444873,18.50164222717285,1284500,0.0,0.0
2015-07-06 00:00:00-04:00,18.311198290455803,18.558775818274377,18.282632840156637,18.454030990600586,2387800,0.0,0.0
2015-07-07 00:00:00-04:00,18.454029140720365,18.501641246806745,17.882698397412923,18.434986114501953,2634600,0.0,0.0
2015-07-08 00:00:00-04:00,18.206449448383548,18.320714845419356,17.996959860125,18.130271911621094,3181300,0.0,0.0
2015-07-09 00:00:00-04:00,18.501642007352014,18.56829714239679,18.11123180247584,18.215974807739258,2831400,0.0,0.0
2015-07-10 00:00:00-04:00,18.37784965020018,18.558772001827197,18.301672104707112,18.415939331054688,1974100,0.0,0.0
2015-07-13 00:00:00-04:00,18.587346091302564,18.673046088494715,18.320723676014023,18.59686851501465,1540900,0.0,0.0
2015-07-14 00:00:00-04:00,18.66352366478263,18.720656390838528,18.48260124668624,18.59686851501465,1500000,0.0,0.0
2015-07-15 00:00:00-04:00,18.59686549858059,18.59686549858059,18.244543143247007,18.339765548706055,1937100,0.0,0.0
2015-07-16 00:00:00-04:00,18.730176797538398,18.730176797538398,18.044578710048366,18.36833381652832,2733100,0.0,0.0
2015-07-17 00:00:00-04:00,18.368333693115044,18.425466412634577,18.17788887309472,18.29215431213379,1716200,0.0,0.0
2015-07-20 00:00:00-04:00,18.320725388647265,18.358815087056257,18.01601506624248,18.025537490844727,1173100,0.0,0.0
2015-07-21 00:00:00-04:00,17.987440192822802,18.23501767923051,17.987440192822802,18.08266258239746,2071700,0.0,0.0
2015-07-22 00:00:00-04:00,17.825563408105097,17.825563408105097,17.56846530676669,17.7112979888916,2296500,0.0,0.0
2015-07-23 00:00:00-04:00,17.863655095265532,18.158842913588995,17.825565407112162,17.920787811279297,1765800,0.0,0.0
2015-07-24 00:00:00-04:00,17.90174277294544,17.98744275414428,17.435154995427474,17.48276710510254,1755100,0.0,0.0
2015-07-27 00:00:00-04:00,17.358980266204167,17.57799055776595,17.21614754632546,17.416114807128906,1453800,0.0,0.0
2015-07-28 00:00:00-04:00,17.454201771293015,17.81604476379431,17.311369058890307,17.6732120513916,2131500,0.0,0.0
2015-07-29 00:00:00-04:00,17.6065598240751,17.835092565030386,17.473249512572043,17.720827102661133,3385500,0.0,0.0
2015-07-30 00:00:00-04:00,18.625426068130654,19.044403452628927,17.816038558150755,18.27310562133789,7581400,0.0,0.0
2015-07-31 00:00:00-04:00,18.32072070437098,18.492120670954005,18.225498298911933,18.339765548706055,2826600,0.0,0.0
2015-08-03 00:00:00-04:00,18.273110161832818,18.387375593860348,17.892222361380565,17.920787811279297,3234800,0.0,0.0
2015-08-04 00:00:00-04:00,17.920787801348975,18.035055049529483,17.625599983189087,17.806522369384766,2393700,0.0,0.0
2015-08-05 00:00:00-04:00,17.968395289746077,18.31119331368169,17.873172910124477,18.044572830200195,1707500,0.0,0.0
2015-08-06 00:00:00-04:00,18.054098124456278,18.08266539062997,17.63512245120661,17.996965408325195,2386400,0.0,0.0
2015-08-07 00:00:00-04:00,17.930315061039035,18.044582340049224,17.797004749041136,18.025537490844727,2250800,0.0,0.0
2015-08-10 00:00:00-04:00,18.187411417915072,18.425466536431717,18.1683665725418,18.36833381652832,1730200,0.0,0.0
2015-08-11 00:00:00-04:00,18.130277533105144,18.311198103877466,17.930310301966916,18.016010284423828,1906900,0.0,0.0
2015-08-12 00:00:00-04:00,17.60655055497501,18.073138215813923,17.56846269297582,17.968395233154297,1491400,0.0,0.0
2015-08-13 00:00:00-04:00,16.52102701805573,18.225500869710384,16.36867187431732,17.682735443115234,1316500,0.0,0.0
2015-08-14 00:00:00-04:00,17.61607842772289,17.854133541611038,17.48276814513477,17.7589111328125,1442000,0.0,0.0
2015-08-17 00:00:00-04:00,17.61607660929362,17.958876519096084,17.59703176625655,17.8541316986084,2201700,0.0,0.0
2015-08-18 00:00:00-04:00,17.882698829420168,17.92078669899325,17.539898922181486,17.568466186523438,1733900,0.0,0.0
2015-08-19 00:00:00-04:00,18.31120075897572,18.31120075897572,17.263757789681733,17.37802505493164,2595300,0.0,0.0
2015-08-20 00:00:00-04:00,17.21614924513302,17.273281975478774,16.88287165505208,16.90191650390625,2123800,0.0,0.0
2015-08-21 00:00:00-04:00,16.65433009770262,16.968562672519056,16.435319900512695,16.435319900512695,2207400,0.0,0.0
2015-08-24 00:00:00-04:00,15.416447996929447,16.606723436119452,15.292658334172623,15.987780570983887,3258300,0.0,0.0
2015-08-25 00:00:00-04:00,16.62576743788138,16.825734667825287,15.968736664590958,15.978259086608887,3187700,0.0,0.0
2015-08-26 00:00:00-04:00,16.321057540875202,16.74003503738009,16.149657573386097,16.67337989807129,2558900,0.0,0.0
2015-08-27 00:00:00-04:00,17.00665572884117,17.149488415550227,16.65433340649043,17.130443572998047,2962500,0.0,0.0
2015-08-28 00:00:00-04:00,17.02569407378087,17.26374909157891,16.920951100976374,17.159006118774414,1587800,0.0,0.0
2015-08-31 00:00:00-04:00,17.149489451365234,17.435154842037296,17.0733118927716,17.178056716918945,1429800,0.0,0.0
2015-09-01 00:00:00-04:00,16.74003598015188,17.05426866617354,16.597203271272296,16.720991134643555,2360800,0.0,0.0
2015-09-02 00:00:00-04:00,17.017189025878906,17.045854234798707,16.73054422645366,17.017189025878906,1688300,0.06,0.0
2015-09-03 00:00:00-04:00,17.179622981465553,17.370720745135348,17.07452085164617,17.208288192749023,1452200,0.0,0.0
2015-09-04 00:00:00-04:00,16.90253124571199,17.131847441744803,16.816537444394296,16.835647583007812,1062600,0.0,0.0
2015-09-08 00:00:00-04:00,17.21784301235541,17.37072049208686,17.103183991335165,17.303836822509766,1616300,0.0,0.0
2015-09-09 00:00:00-04:00,17.399383633392112,17.580926321411066,16.921641060405708,16.978971481323242,1561400,0.0,0.0
2015-09-10 00:00:00-04:00,16.9789688432053,17.3324972717173,16.91208518497022,17.093626022338867,1877500,0.0,0.0
2015-09-11 00:00:00-04:00,17.51403993152895,17.51403993152895,16.88341997896533,17.093626022338867,1296300,0.0,0.0
2015-09-14 00:00:00-04:00,17.122296124888255,17.18917980225038,16.92164327035836,17.131851196289062,1166000,0.0,0.0
2015-09-15 00:00:00-04:00,17.494929378815257,18.211543109936198,17.33249686019679,18.12554931640625,3623500,0.0,0.0
2015-09-16 00:00:00-04:00,18.135106558355737,18.52685529919117,18.058667824105974,18.450416564941406,2943400,0.0,0.0
2015-09-17 00:00:00-04:00,18.030003753916578,18.316648540870045,17.963118269347202,18.020448684692383,2075800,0.0,0.0
2015-09-18 00:00:00-04:00,17.71469639238977,17.95356769117101,17.514043553742965,17.60959243774414,2866800,0.0,0.0
2015-09-21 00:00:00-04:00,17.619146684590394,18.049113908827117,17.189177637910372,17.227397918701172,2466700,0.0,0.0
2015-09-22 00:00:00-04:00,16.94075145484689,17.026745265069938,16.69232509447402,16.75921058654785,2009400,0.0,0.0
2015-09-23 00:00:00-04:00,16.740100198434018,16.959861344668685,16.558557510375977,16.558557510375977,1337500,0.0,0.0
2015-09-24 00:00:00-04:00,16.348349144705637,16.720987716345274,16.0999228227982,16.577665328979492,2243000,0.0,0.0
2015-09-25 00:00:00-04:00,16.759209582766466,16.826093248391036,16.45345281892911,16.549001693725586,1102400,0.0,0.0
2015-09-28 00:00:00-04:00,16.3770123107656,16.491671312598147,16.18591640430203,16.20502471923828,2009300,0.0,0.0
2015-09-29 00:00:00-04:00,16.15725040266475,16.424786845472106,16.138140266226458,16.367456436157227,1585300,0.0,0.0
2015-09-30 00:00:00-04:00,16.549002912775908,17.2560617224448,16.549002912775908,17.208288192749023,2814600,0.0,0.0
2015-10-01 00:00:00-04:00,17.198736735086193,17.217846879956117,16.65411036339946,17.007638931274414,2136100,0.0,0.0
2015-10-02 00:00:00-04:00,16.720990686548177,17.408939361572266,16.720990686548177,17.408939361572266,1739100,0.0,0.0
2015-10-05 00:00:00-04:00,17.580926149961396,17.89623617215978,17.418493603832335,17.867572784423828,1898300,0.0,0.0
2015-10-06 00:00:00-04:00,18.33575791841081,18.33575791841081,17.838905274029905,18.010892868041992,2054000,0.0,0.0
2015-10-07 00:00:00-04:00,18.192440449829267,18.41220162495663,17.953569131879473,18.173330307006836,1694400,0.0,0.0
2015-10-08 00:00:00-04:00,18.05866691138393,18.37397690203319,17.99178325010122,18.240209579467773,1783800,0.0,0.0
2015-10-09 00:00:00-04:00,18.240209878582853,18.326203679483115,17.77202241948316,17.848461151123047,2323800,0.0,0.0
2015-10-12 00:00:00-04:00,17.91534790592883,17.924902976838535,17.676476600516445,17.714696884155273,1432400,0.0,0.0
2015-10-13 00:00:00-04:00,17.523600480993373,17.580929088490628,17.322947621087625,17.361167907714844,2278400,0.0,0.0
2015-10-14 00:00:00-04:00,17.37072218304088,18.115999513669948,17.30383850695299,17.77202606201172,2978500,0.0,0.0
2015-10-15 00:00:00-04:00,17.896232812999703,18.020446878017832,17.57136778171942,17.676471710205078,2401700,0.0,0.0
2015-10-16 00:00:00-04:00,17.666916167160675,17.73379982078397,17.370716348639128,17.39937973022461,2711300,0.0,0.0
2015-10-19 00:00:00-04:00,17.351606549709427,17.485373859554713,17.303833031176943,17.42804527282715,2428400,0.0,0.0
2015-10-20 00:00:00-04:00,17.380275476110363,17.65736522333207,17.380275476110363,17.4758243560791,2767300,0.0,0.0
2015-10-21 00:00:00-04:00,17.838909738099613,18.431311396558847,17.752915919574182,17.77202606201172,5398300,0.0,0.0
2015-10-22 00:00:00-04:00,18.00134255072367,18.07778129907828,17.284728601482897,17.800689697265625,6485400,0.0,0.0
2015-10-23 00:00:00-04:00,18.0013391346263,18.25932054478253,17.9249004007774,18.201990127563477,2841700,0.0,0.0
2015-10-26 00:00:00-04:00,18.135107287629896,18.163772497542475,17.81979726836454,17.915346145629883,2486500,0.0,0.0
2015-10-27 00:00:00-04:00,17.819799019275187,18.020451863492177,17.64781138778732,17.714696884155273,3568700,0.0,0.0
2015-10-28 00:00:00-04:00,17.54270993719839,19.453680455065108,17.54270993719839,19.4345703125,7183700,0.0,0.0
2015-10-29 00:00:00-04:00,18.85172172922396,19.13836837007885,18.48863817107307,18.517301559448242,4289300,0.0,0.0
2015-10-30 00:00:00-04:00,18.660620894181402,18.813498333541958,18.55551697120496,18.651065826416016,2251200,0.0,0.0
2015-11-02 00:00:00-05:00,18.698845135955004,19.07148378203949,18.641516534044328,19.023710250854492,2635800,0.0,0.0
2015-11-03 00:00:00-05:00,18.947267067028818,19.176583243372594,18.947267067028818,19.138364791870117,1868200,0.0,0.0
2015-11-04 00:00:00-05:00,19.205255777544153,19.24347424363077,19.081041662264397,19.10970687866211,1963300,0.0,0.0
2015-11-05 00:00:00-05:00,19.081038357678544,19.262581051869244,18.794393533119205,18.91860580444336,1774400,0.0,0.0
2015-11-06 00:00:00-05:00,18.899496247756957,19.17658598368539,18.870831038201647,19.100147247314453,2696200,0.0,0.0
2015-11-09 00:00:00-05:00,19.061926985118397,19.272133034620403,19.02370670933091,19.2243595123291,1679400,0.0,0.0
2015-11-10 00:00:00-05:00,19.014160337643126,19.281696923200162,19.004605264325672,19.214813232421875,1873500,0.0,0.0
2015-11-11 00:00:00-05:00,19.291242403123896,19.749874759623815,19.253022128860742,19.635215759277344,2064100,0.0,0.0
2015-11-12 00:00:00-05:00,19.224362834752206,19.425013849984566,19.119258880615234,19.119258880615234,1989400,0.0,0.0
2015-11-13 00:00:00-05:00,19.1288168729866,19.281694381022078,18.851725250645018,19.033267974853516,3490700,0.0,0.0
2015-11-16 00:00:00-05:00,19.00460179532974,19.386797368488445,18.909054724483624,19.367687225341797,2627500,0.0,0.0
2015-11-17 00:00:00-05:00,19.482342615007873,19.491897685686457,19.081038758724176,19.195697784423828,2336000,0.0,0.0
2015-11-18 00:00:00-05:00,19.24347096438684,19.606556353777172,19.176587293300035,19.587446212768555,2118400,0.0,0.0
2015-11-19 00:00:00-05:00,19.616111755371094,19.72121388780575,19.549226260712008,19.616111755371094,1827800,0.0,0.0
2015-11-20 00:00:00-05:00,19.682995257743418,19.78809738927115,19.61611158610485,19.66388511657715,1488700,0.0,0.0
2015-11-23 00:00:00-05:00,19.61611084446572,19.71165790179791,19.482341683802716,19.53011703491211,2065400,0.0,0.0
2015-11-24 00:00:00-05:00,19.511003494262695,19.63521574061391,19.32946083657125,19.511003494262695,1898000,0.0,0.0
2015-11-25 00:00:00-05:00,19.453672628998113,19.75942749726293,19.33901364217742,19.65432357788086,1312800,0.0,0.0
2015-11-27 00:00:00-05:00,19.67344126251383,19.80720861310271,19.597002516113974,19.702106475830078,854300,0.0,0.0
2015-11-30 00:00:00-05:00,19.81709419998683,19.951251891073003,19.644604695583773,19.912921905517578,1565500,0.06,0.0
2015-12-01 00:00:00-05:00,19.999169772152555,20.17165747565534,19.941672043223218,20.13332748413086,1475700,0.0,0.0
2015-12-02 00:00:00-05:00,20.08540793166248,20.30581218460016,19.970416156684074,19.989582061767578,1622900,0.0,0.0
2015-12-03 00:00:00-05:00,20.16207372924891,20.20998666937036,19.280462105579062,19.529611587524414,2583000,0.0,0.0
2015-12-04 00:00:00-05:00,19.539194036723803,20.190820241019146,19.5104470044976,19.912921905517578,2704500,0.0,0.0
2015-12-07 00:00:00-05:00,19.769177861850224,19.96083325767666,19.673351991698322,19.74043083190918,1253000,0.0,0.0
2015-12-08 00:00:00-05:00,19.443368919648478,19.884173823469744,19.32837530296033,19.730850219726562,2327400,0.0,0.0
2015-12-09 00:00:00-05:00,19.702099952185616,19.88417240404403,19.376286860549044,19.47211456298828,1786000,0.0,0.0
2015-12-10 00:00:00-05:00,19.48169778229101,19.70210022148082,19.4337848442972,19.548776626586914,1344300,0.0,0.0
2015-12-11 00:00:00-05:00,19.37628746032715,19.57752582445487,19.270878629366397,19.37628746032715,1886600,0.0,0.0
2015-12-14 00:00:00-05:00,19.414618372258442,19.414618372258442,18.89714988374934,19.10797119140625,1357300,0.0,0.0
2015-12-15 00:00:00-05:00,19.25171478483909,19.443370216178877,19.184635932198663,19.414621353149414,1578000,0.0,0.0
2015-12-16 00:00:00-05:00,19.55836565999561,19.61586156901466,19.232552462617686,19.500869750976562,1306000,0.0,0.0
2015-12-17 00:00:00-05:00,19.778763765902298,20.267483453203692,19.702101961684132,19.759599685668945,3159400,0.0,0.0
2015-12-18 00:00:00-05:00,19.682942631849997,19.874596274769452,19.175056913977485,19.77876853942871,4077000,0.0,0.0
2015-12-21 00:00:00-05:00,19.93208806101842,20.133326446374948,19.75960036640637,20.114160537719727,2072600,0.0,0.0
2015-12-22 00:00:00-05:00,20.16207116415839,20.334558823308026,20.027911658915865,20.286645889282227,1726700,0.0,0.0
2015-12-23 00:00:00-05:00,20.363311073828424,20.679541243276237,20.238736327944803,20.58371353149414,1748600,0.0,0.0
2015-12-24 00:00:00-05:00,20.602878398964734,20.66037429202584,20.48788478508104,20.564546585083008,470900,0.0,0.0
2015-12-28 00:00:00-05:00,20.468721219139745,20.468721219139745,20.142908104021487,20.430389404296875,1191200,0.0,0.0
2015-12-29 00:00:00-05:00,20.516636242775302,20.60288100716577,20.41122556901768,20.46872329711914,1049400,0.0,0.0
2015-12-30 00:00:00-05:00,20.574133645931685,20.574133645931685,20.286652295472486,20.353731155395508,1254400,0.0,0.0
2015-12-31 00:00:00-05:00,20.28665096178083,20.31539982604147,19.807514190673828,19.807514190673828,1959700,0.0,0.0
2016-01-04 00:00:00-05:00,19.606277133457862,19.62544304427201,19.290046916071827,19.49128532409668,2379800,0.0,0.0
2016-01-05 00:00:00-05:00,19.49127970931067,19.740430994836885,19.395452010606537,19.654186248779297,2087300,0.0,0.0
2016-01-06 00:00:00-05:00,19.290039295789555,19.43378174235021,19.040889864676323,19.20379638671875,2162400,0.0,0.0
2016-01-07 00:00:00-05:00,18.667168265099743,19.050477318515824,18.648002355488504,18.6959171295166,2072100,0.0,0.0
2016-01-08 00:00:00-05:00,18.76299468971558,18.83007354096105,18.264692040804093,18.312606811523438,2237800,0.0,0.0
2016-01-11 00:00:00-05:00,18.485091372685233,18.533004302792186,18.168859454039282,18.418010711669922,1778900,0.0,0.0
2016-01-12 00:00:00-05:00,18.667168011533498,18.791744594552622,18.389269636992335,18.61925506591797,2619100,0.0,0.0
2016-01-13 00:00:00-05:00,18.62883841412067,18.686334315626226,18.07303982553559,18.159284591674805,2282600,0.0,0.0
2016-01-14 00:00:00-05:00,18.274274989754353,18.877988306315206,18.101785470736967,18.600088119506836,3192500,0.0,0.0
2016-01-15 00:00:00-05:00,17.77597421750841,18.25511100857615,17.77597421750841,18.188032150268555,2289800,0.0,0.0
2016-01-19 00:00:00-05:00,18.475515552160267,18.5330114560327,18.188032377274446,18.389270782470703,2175000,0.0,0.0
2016-01-20 00:00:00-05:00,18.46593041705403,18.79174354680651,18.034706619510565,18.600088119506836,2495000,0.0,0.0
2016-01-21 00:00:00-05:00,18.68632789855626,18.820485565252078,18.389263710403608,18.542587280273438,2387400,0.0,0.0
2016-01-22 00:00:00-05:00,18.868402318566474,19.14630063293354,18.762991667723114,18.954647064208984,1649900,0.0,0.0
2016-01-25 00:00:00-05:00,18.925901862402263,19.002563670253426,18.580922813191197,18.62883758544922,1697100,0.0,0.0
2016-01-26 00:00:00-05:00,18.68633372173188,19.07922572042941,18.571340094613767,18.99298095703125,2827500,0.0,0.0
2016-01-27 00:00:00-05:00,18.954647600980156,19.702099647367028,18.954647600980156,19.10797119140625,4176500,0.0,0.0
2016-01-28 00:00:00-05:00,20.200406554740294,20.200406554740294,17.75680970989531,18.197614669799805,7791800,0.0,0.0
2016-01-29 00:00:00-05:00,18.33177190893964,18.935485259160927,18.255110099297763,18.61925506591797,6479700,0.0,0.0
2016-02-01 00:00:00-05:00,18.446765623483095,18.753412863483536,18.293442003482877,18.65758514404297,3446600,0.0,0.0
2016-02-02 00:00:00-05:00,18.398851939034685,18.724665075396047,17.967628132744167,18.015541076660156,2668800,0.0,0.0
2016-02-03 00:00:00-05:00,17.938877524778007,18.130532937322467,17.593900341064035,17.766389846801758,3537300,0.0,0.0
2016-02-04 00:00:00-05:00,17.775975713497456,18.178450724976287,17.737645717422403,17.91013526916504,2429300,0.0,0.0
2016-02-05 00:00:00-05:00,17.7855585664004,17.81430743411158,17.4884942444327,17.584321975708008,2223100,0.0,0.0
2016-02-08 00:00:00-05:00,17.316005384974964,17.450163117459038,17.038106963720516,17.201013565063477,2301700,0.0,0.0
2016-02-09 00:00:00-05:00,17.02852439880371,17.36392056548439,16.96144553101999,17.02852439880371,2413600,0.0,0.0
2016-02-10 00:00:00-05:00,17.095601845027097,17.488493890314583,17.028522982821222,17.181846618652344,2668800,0.0,0.0
2016-02-11 00:00:00-05:00,16.903944194816944,17.086016674172022,16.616462871845073,16.817699432373047,1892600,0.0,0.0
2016-02-12 00:00:00-05:00,16.96144009264652,17.018935985488703,16.72187174008237,16.98060417175293,1447900,0.0,0.0
2016-02-16 00:00:00-05:00,17.143514744528805,17.69931337969442,17.143514744528805,17.469327926635742,2279400,0.0,0.0
2016-02-17 00:00:00-05:00,17.603481011549455,18.09219877741138,17.593898059388856,17.938875198364258,2142400,0.0,0.0
2016-02-18 00:00:00-05:00,18.034705590149944,18.149699205518623,17.90054789535441,18.005958557128906,1954200,0.0,0.0
2016-02-19 00:00:00-05:00,18.005958648444302,18.25510813211054,17.958043880230395,18.044288635253906,1660200,0.0,0.0
2016-02-22 00:00:00-05:00,18.188032774663093,18.322192323645783,17.97721323735011,18.092205047607422,1420000,0.0,0.0
2016-02-23 00:00:00-05:00,18.05387386296647,18.178448620491054,17.85263546664307,17.871801376342773,1250900,0.0,0.0
2016-02-24 00:00:00-05:00,17.70836971873651,18.2659621749409,17.593004940294488,18.227506637573242,1510700,0.06,0.0
2016-02-25 00:00:00-05:00,18.24673336512856,18.5063027265668,18.102528775549818,18.496688842773438,1643500,0.0,0.0
2016-02-26 00:00:00-05:00,18.66973780394284,18.66973780394284,18.30441933487182,18.381328582763672,1525200,0.0,0.0
2016-02-29 00:00:00-05:00,18.42939575072262,18.583214242964537,18.314030964710646,18.342872619628906,1456700,0.0,0.0
2016-03-01 00:00:00-05:00,18.4582363403684,18.890850137208638,18.38132709868607,18.8043270111084,1460600,0.0,0.0
2016-03-02 00:00:00-05:00,18.737035870207418,18.938923821092132,18.679354384380943,18.84278678894043,1411300,0.0,0.0
2016-03-03 00:00:00-05:00,18.881237167567367,19.015829722278035,18.737032561634056,18.986988067626953,1003600,0.0,0.0
2016-03-04 00:00:00-05:00,19.073508493888493,19.121576077831424,18.78509932290933,18.910076141357422,1389600,0.0,0.0
2016-03-07 00:00:00-05:00,18.80432438303424,19.22732606999922,18.77548456747209,19.198484420776367,1482500,0.0,0.0
2016-03-08 00:00:00-05:00,19.044668620573294,19.10235192708076,18.583213170479326,18.8043270111084,1425700,0.0,0.0
2016-03-09 00:00:00-05:00,18.852397209249343,18.90046479965662,18.746646309960088,18.881237030029297,1859700,0.0,0.0
2016-03-10 00:00:00-05:00,18.98698715023575,19.2273287597324,18.87162237086653,19.0831241607666,1187900,0.0,0.0
2016-03-11 00:00:00-05:00,19.22732700792439,19.496510246153218,19.1792594238689,19.381145477294922,1216400,0.0,0.0
2016-03-14 00:00:00-04:00,19.28500641486462,19.44843875031519,19.19848330588134,19.275392532348633,886900,0.0,0.0
2016-03-15 00:00:00-04:00,19.198484461668613,19.51573526915291,19.11196134747647,19.47728157043457,1264800,0.0,0.0
2016-03-16 00:00:00-04:00,19.4965118169503,19.84260248408747,19.36191927016162,19.813762664794922,2053700,0.0,0.0
2016-03-17 00:00:00-04:00,19.86182920061791,20.082943027232503,19.708010727002463,19.99641990661621,1308600,0.0,0.0
2016-03-18 00:00:00-04:00,20.092554717496387,20.640533199135096,19.97719179170963,20.429033279418945,3425800,0.0,0.0
2016-03-21 00:00:00-04:00,20.35212462169369,20.525170848886795,20.063715465478978,20.48671531677246,1719800,0.0,0.0
2016-03-22 00:00:00-04:00,20.361741311580833,20.563627382028912,20.294445954764807,20.390581130981445,1211900,0.0,0.0
2016-03-23 00:00:00-04:00,20.36174081336015,20.380968581597383,20.169466798309628,20.246376037597656,1245000,0.0,0.0
2016-03-24 00:00:00-04:00,20.073323498345697,20.275211334228516,19.996414283166608,20.275211334228516,923900,0.0,0.0
2016-03-28 00:00:00-04:00,20.31366841380043,20.36173782734421,20.150236075072844,20.236759185791016,1065800,0.0,0.0
2016-03-29 00:00:00-04:00,20.140621475037076,20.669372121423276,20.006028967822456,20.630916595458984,1283500,0.0,0.0
2016-03-30 00:00:00-04:00,20.803963817997403,20.986623907989163,20.659759255860955,20.727054595947266,1016100,0.0,0.0
2016-03-31 00:00:00-04:00,20.727057779000592,20.861650313503073,20.57323931127842,20.75589942932129,1126700,0.0,0.0
2016-04-01 00:00:00-04:00,20.5924648676369,20.938557299690476,20.496327877215286,20.90971565246582,1246800,0.0,0.0
2016-04-04 00:00:00-04:00,20.90972145048669,20.996244582491936,20.707835364915177,20.823198318481445,2489400,0.0,0.0
2016-04-05 00:00:00-04:00,20.5636231719992,20.5636231719992,20.246372387917184,20.352123260498047,2222300,0.0,0.0
2016-04-06 00:00:00-04:00,20.284831931830066,20.4674920659835,20.198308806897437,20.371355056762695,2036100,0.0,0.0
2016-04-07 00:00:00-04:00,20.30405795293815,20.323283886198887,19.813760898404304,19.83298683166504,3259900,0.0,0.0
2016-04-08 00:00:00-04:00,20.092553732110606,20.342509170604373,19.967576929693998,20.054100036621094,1326900,0.0,0.0
2016-04-11 00:00:00-04:00,20.179079035201195,20.28482991821258,19.967579102839174,19.986806869506836,1054400,0.0,0.0
2016-04-12 00:00:00-04:00,19.96758150078063,20.006035205073168,19.6695565826238,19.852216720581055,1524500,0.0,0.0
2016-04-13 00:00:00-04:00,20.025264375228517,20.2367643477887,19.967582897923215,20.1790828704834,1545000,0.0,0.0
2016-04-14 00:00:00-04:00,20.121403465927173,20.217540493780028,19.8329923823686,20.006038665771484,1608200,0.0,0.0
2016-04-15 00:00:00-04:00,19.957964357831088,20.092555051372333,19.88105512814171,19.909894943237305,1880300,0.0,0.0
2016-04-18 00:00:00-04:00,19.89066922637408,20.006032155326597,19.775304463760865,19.929122924804688,1514600,0.0,0.0
2016-04-19 00:00:00-04:00,20.025263402108177,20.092558761304357,19.77530790105022,19.89067268371582,1576700,0.0,0.0
2016-04-20 00:00:00-04:00,19.861830605069432,20.044490743026685,19.698398236088938,19.852216720581055,1382700,0.0,0.0
2016-04-21 00:00:00-04:00,19.87143965754255,19.957962763237695,19.727235092604147,19.756074905395508,1314500,0.0,0.0
2016-04-22 00:00:00-04:00,19.75608013166245,20.15024023580665,19.74646808062958,19.89067268371582,1612100,0.0,0.0
2016-04-25 00:00:00-04:00,19.804146143779327,19.948350722025687,19.611872150343714,19.650327682495117,1292700,0.0,0.0
2016-04-26 00:00:00-04:00,19.823378516992758,20.054106262542348,19.775309090631726,19.919513702392578,1777800,0.0,0.0
2016-04-27 00:00:00-04:00,19.890673650295774,20.24637823294977,19.7945366323462,20.1790828704834,2684400,0.0,0.0
2016-04-28 00:00:00-04:00,18.85239585436229,19.02544210124963,18.17943863505838,18.46784782409668,6058500,0.0,0.0
2016-04-29 00:00:00-04:00,18.31402641886927,18.342868066628558,17.881412704443584,18.17943572998047,4002600,0.0,0.0
2016-05-02 00:00:00-04:00,18.198665342085356,18.31402827750916,18.01600522172674,18.265960693359375,1943300,0.0,0.0
2016-05-03 00:00:00-04:00,18.083303165080768,18.22750777186136,18.006393919220383,18.150598526000977,1595400,0.0,0.0
2016-05-04 00:00:00-04:00,17.99678081720889,18.208282627771887,17.987166931850467,18.035236358642578,1925700,0.0,0.0
2016-05-05 00:00:00-04:00,18.073688507080078,18.131371814253892,17.88141631748364,18.073688507080078,2097700,0.0,0.0
2016-05-06 00:00:00-04:00,17.9294812328039,18.092913578103204,17.66991189021194,17.996776580810547,1729100,0.0,0.0
2016-05-09 00:00:00-04:00,18.05446278374091,18.179439616763453,17.967939655624917,18.09291648864746,1223000,0.0,0.0
2016-05-10 00:00:00-04:00,18.10252693299805,18.294800921973142,18.054459352584605,18.217891693115234,1122400,0.0,0.0
2016-05-11 00:00:00-04:00,18.13137117833218,18.265961889695284,18.102529525756836,18.102529525756836,914500,0.0,0.0
2016-05-12 00:00:00-04:00,18.17943254699482,18.217888070607472,17.698749503798428,17.7852725982666,2480400,0.0,0.0
2016-05-13 00:00:00-04:00,17.746824264526367,17.891030702836698,17.689142789398854,17.746824264526367,1468300,0.0,0.0
2016-05-16 00:00:00-04:00,17.766050486437273,18.05446150427204,17.669913480492347,17.871801376342773,1869900,0.0,0.0
2016-05-17 00:00:00-04:00,17.852575098075448,17.94871211204223,17.63146124951456,17.641075134277344,1081600,0.0,0.0
2016-05-18 00:00:00-04:00,17.612226409330255,18.044841881671125,17.55454495757157,17.7852725982666,1740800,0.0,0.0
2016-05-19 00:00:00-04:00,17.689142651415224,17.92948426850962,17.669914881969028,17.727598190307617,1423000,0.0,0.0
2016-05-20 00:00:00-04:00,17.852572368753837,18.23711853217009,17.852572368753837,18.121755599975586,1394500,0.0,0.0
2016-05-23 00:00:00-04:00,18.208278715951838,18.390936997536592,18.112141716682586,18.121755599975586,1284700,0.0,0.0
2016-05-24 00:00:00-04:00,18.179439329973153,18.688964205989198,18.179439329973153,18.63128089904785,1602900,0.0,0.0
2016-05-25 00:00:00-04:00,18.737029458030108,18.833166457281855,18.631278575487116,18.67934799194336,1443800,0.0,0.0
2016-05-26 00:00:00-04:00,18.679352574026282,18.813943305797658,18.612057208140595,18.756261825561523,1138500,0.0,0.0
2016-05-27 00:00:00-04:00,18.6887514861134,19.17091743800744,18.6791097856746,19.035911560058594,1415000,0.06,0.0
2016-05-31 00:00:00-04:00,19.08413120071402,19.1419906058199,18.968410551184935,19.103416442871094,1724800,0.0,0.0
2016-06-01 00:00:00-04:00,19.074489606472063,19.219139053656473,18.987699570297917,19.08413314819336,1824000,0.0,0.0
2016-06-02 00:00:00-04:00,19.074485719082343,19.16127573756864,18.910549221865686,19.035911560058594,1402700,0.0,0.0
2016-06-03 00:00:00-04:00,19.093776662451855,19.093776662451855,18.91055487031342,19.006986618041992,898900,0.0,0.0
2016-06-06 00:00:00-04:00,19.064847885942022,19.113063759836862,18.881624254369786,19.016630172729492,1228900,0.0,0.0
2016-06-07 00:00:00-04:00,19.07448397261457,19.248062154377138,19.016622739376746,19.219133377075195,1025500,0.0,0.0
2016-06-08 00:00:00-04:00,19.190206696056883,19.469863862775284,19.122703749419294,19.402360916137695,1612800,0.0,0.0
2016-06-09 00:00:00-04:00,19.238422535279703,19.547008455317624,19.180561295784717,19.508434295654297,1064900,0.0,0.0
2016-06-10 00:00:00-04:00,19.286640096053695,19.38307366439743,19.151634203962864,19.19020652770996,1213000,0.0,0.0
2016-06-13 00:00:00-04:00,19.084127351119044,19.21913321557221,18.96840672493279,18.997337341308594,1532900,0.0,0.0
2016-06-14 00:00:00-04:00,18.910552926345858,19.016628205806494,18.823762890857836,18.871978759765625,1529200,0.0,0.0
2016-06-15 00:00:00-04:00,18.987699357090516,19.02627168422507,18.756259876330727,18.775545120239258,1725400,0.0,0.0
2016-06-16 00:00:00-04:00,18.64053908192579,18.67911324809978,18.274093699860277,18.47660255432129,3386500,0.0,0.0
2016-06-17 00:00:00-04:00,18.428390469437403,18.466962804213164,18.196950942829258,18.399459838867188,2101700,0.0,0.0
2016-06-20 00:00:00-04:00,18.823766697281638,18.949129085382385,18.63089950401509,18.814123153686523,1369000,0.0,0.0
2016-06-21 00:00:00-04:00,18.88162048062762,19.07448761629531,18.80447399422401,19.026269912719727,1858300,0.0,0.0
2016-06-22 00:00:00-04:00,19.055198705688813,19.30592522226175,19.045555165899415,19.12270164489746,1575100,0.0,0.0
2016-06-23 00:00:00-04:00,19.373424709675483,19.566291792465726,19.286634706351556,19.55664825439453,1329900,0.0,0.0
2016-06-24 00:00:00-04:00,18.708040010104778,19.016625948852667,18.293376965168328,18.322307586669922,3331700,0.0,0.0
2016-06-27 00:00:00-04:00,18.071584473171328,18.177661599443887,17.425481851844836,17.521915435791016,2335100,0.0,0.0
2016-06-28 00:00:00-04:00,17.830497939835688,18.168014497866466,17.772638536530124,18.148727416992188,1536400,0.0,0.0
2016-06-29 00:00:00-04:00,18.41873936426258,18.679109414548307,18.33194934750067,18.53445816040039,1192500,0.0,0.0
2016-06-30 00:00:00-04:00,18.66946999016721,18.987699508666992,18.505533460072325,18.987699508666992,1441800,0.0,0.0
2016-07-01 00:00:00-04:00,18.852689738768444,19.04555687321143,18.688753226287094,18.756258010864258,1377900,0.0,0.0
2016-07-05 00:00:00-04:00,18.573036143644497,18.727329129815207,18.38016899127237,18.48624610900879,1031800,0.0,0.0
2016-07-06 00:00:00-04:00,18.322309615468615,18.621252046817368,18.196947253715102,18.611608505249023,1573800,0.0,0.0
2016-07-07 00:00:00-04:00,18.698398629307253,18.958768734943035,18.601966891798437,18.72732925415039,1201700,0.0,0.0
2016-07-08 00:00:00-04:00,18.929836444977077,19.209493609242173,18.929836444977077,19.19020652770996,1334400,0.0,0.0
2016-07-11 00:00:00-04:00,19.334856352024,19.836309446110068,19.334856352024,19.79773712158203,1891600,0.0,0.0
2016-07-12 00:00:00-04:00,19.97131737187062,20.183471615960144,19.93274504342006,20.13525390625,1672300,0.0,0.0
2016-07-13 00:00:00-04:00,20.25097095036866,20.627059822293997,20.212396789495692,20.414907455444336,3703700,0.0,0.0
2016-07-14 00:00:00-04:00,20.501701173157432,20.607778295359385,20.106325149536133,20.106325149536133,1873100,0.0,0.0
2016-07-15 00:00:00-04:00,20.06774905049107,20.115966755632435,19.913456072673462,20.038820266723633,1036400,0.0,0.0
2016-07-18 00:00:00-04:00,20.222043944410707,20.27026165412085,20.07739449391538,20.13525390625,919700,0.0,0.0
2016-07-19 00:00:00-04:00,20.058109295286343,20.183473512998106,19.980962791816694,20.067752838134766,1392500,0.0,0.0
2016-07-20 00:00:00-04:00,20.173826432236684,20.569202423095703,20.144895808765025,20.569202423095703,2149500,0.0,0.0
2016-07-21 00:00:00-04:00,20.222040074071344,20.26061423445667,19.894167068064895,20.01953125,2599300,0.0,0.0
2016-07-22 00:00:00-04:00,19.98096091381265,20.16418453207609,19.93274504342006,20.13525390625,1114900,0.0,0.0
2016-07-25 00:00:00-04:00,20.183469744893927,20.347406264075918,20.09667971477891,20.115966796875,1332500,0.0,0.0
2016-07-26 00:00:00-04:00,20.25096899723376,20.41490548649833,20.12560666512181,20.376331329345703,1735300,0.0,0.0
2016-07-27 00:00:00-04:00,20.453479747979472,20.511340989206833,20.106321497201435,20.395620346069336,1958400,0.0,0.0
2016-07-28 00:00:00-04:00,19.035912058036498,20.569199972315598,19.035912058036498,19.72058868408203,7153200,0.0,0.0
2016-07-29 00:00:00-04:00,19.23842801137266,19.479511059939647,18.756261914238685,19.045560836791992,4472600,0.0,0.0
2016-08-01 00:00:00-04:00,19.0744914647744,19.132350881421523,18.98770142014487,19.045560836791992,2735700,0.0,0.0
2016-08-02 00:00:00-04:00,19.026273629294277,19.190210174839827,18.775547039676514,18.78519058227539,1819900,0.0,0.0
2016-08-03 00:00:00-04:00,18.736976644243477,18.929841998192156,18.736976644243477,18.814123153686523,1570600,0.0,0.0
2016-08-04 00:00:00-04:00,18.794830437850518,19.035913437575616,18.794830437850518,18.96841049194336,1116200,0.0,0.0
2016-08-05 00:00:00-04:00,19.045553466073308,19.44092936556542,19.02626638821589,19.411998748779297,1811700,0.0,0.0
2016-08-08 00:00:00-04:00,19.392715394815013,19.402358934680876,19.2191353558638,19.354141235351562,1405400,0.0,0.0
2016-08-09 00:00:00-04:00,19.440931107229034,19.614511144862405,19.161275810510826,19.170917510986328,2081800,0.0,0.0
2016-08-10 00:00:00-04:00,19.23842613067956,19.267354916516283,19.035915433234955,19.180564880371094,1492800,0.0,0.0
2016-08-11 00:00:00-04:00,19.276992829422163,19.354139301322782,19.228776974228143,19.296279907226562,1218400,0.0,0.0
2016-08-12 00:00:00-04:00,19.276998568096513,19.440935099603106,19.209495615002773,19.363788604736328,995400,0.0,0.0
2016-08-15 00:00:00-04:00,19.469864113659018,19.884527178995835,19.450577031709077,19.8652400970459,2146500,0.0,0.0
2016-08-16 00:00:00-04:00,19.845952789848607,19.874883412445158,19.50843621682491,19.51807975769043,1016200,0.0,0.0
2016-08-17 00:00:00-04:00,19.44093338138138,19.701303468288888,19.431289840460657,19.691659927368164,1281800,0.0,0.0
2016-08-18 00:00:00-04:00,19.65308587423132,19.923099503578342,19.65308587423132,19.8652400970459,1027500,0.0,0.0
2016-08-19 00:00:00-04:00,19.894170892529335,20.154541007232336,19.768808525811718,20.096681594848633,1457400,0.0,0.0
2016-08-22 00:00:00-04:00,20.038822195159455,20.135253936087533,19.95203215687014,20.106325149536133,1227200,0.0,0.0
2016-08-23 00:00:00-04:00,20.222047881860522,20.347412112199102,20.193119089719243,20.289552688598633,1761800,0.0,0.0
2016-08-24 00:00:00-04:00,20.308833999800584,20.347408167601426,20.067750968998002,20.096681594848633,1428200,0.0,0.0
2016-08-25 00:00:00-04:00,20.096675943811977,20.270255971471226,20.08703240457346,20.1834659576416,1190600,0.0,0.0
2016-08-26 00:00:00-04:00,20.250974663327145,20.395624114487397,20.17382816675384,20.308834075927734,1137200,0.0,0.0
2016-08-29 00:00:00-04:00,20.37633518492499,20.559558787435172,20.347406400903708,20.3570499420166,1562600,0.0,0.0
2016-08-30 00:00:00-04:00,20.46312342247079,20.68492116999674,20.434194640984494,20.530628204345703,1819800,0.0,0.0
2016-08-31 00:00:00-04:00,20.55956064962037,20.588491275579443,20.12561229613961,20.308834075927734,2547900,0.0,0.0
2016-09-01 00:00:00-04:00,20.318473882491784,20.463123307059156,20.096677975533993,20.453479766845703,2011700,0.0,0.0
2016-09-02 00:00:00-04:00,20.63722620126312,20.685578851578537,20.37611746267495,20.57920265197754,1174600,0.06,0.0
2016-09-06 00:00:00-04:00,20.675903021913328,20.77261014401727,20.35677081014478,20.424467086791992,1217700,0.0,0.0
2016-09-07 00:00:00-04:00,20.492163882224215,20.695247201982237,20.37611495340881,20.559858322143555,1465200,0.0,0.0
2016-09-08 00:00:00-04:00,20.482495506811325,20.63722620126312,20.36644656370479,20.57920265197754,1277900,0.0,0.0
2016-09-09 00:00:00-04:00,20.38578245970231,20.434135096019027,19.61212921142578,19.61212921142578,2024300,0.0,0.0
2016-09-12 00:00:00-04:00,19.447734891573408,19.90225611325028,19.409051292518935,19.8442325592041,2628900,0.0,0.0
2016-09-13 00:00:00-04:00,19.76686551430178,19.882912612464704,19.544438527841333,19.69917106628418,1457400,0.0,0.0
2016-09-14 00:00:00-04:00,19.72817683719785,19.80554216422471,19.496080856117274,19.66048240661621,1196700,0.0,0.0
2016-09-15 00:00:00-04:00,19.72818121069008,20.23105687011338,19.689499460868834,20.192373275756836,1338700,0.0,0.0
2016-09-16 00:00:00-04:00,20.395455959983575,20.395455959983575,19.94093484915429,20.173030853271484,2163500,0.0,0.0
2016-09-19 00:00:00-04:00,20.30842008046497,20.45347985498984,20.269736490172946,20.395456314086914,1177300,0.0,0.0
2016-09-20 00:00:00-04:00,20.51150745116634,20.569532848076417,20.192375146302815,20.25040054321289,1250100,0.0,0.0
2016-09-21 00:00:00-04:00,20.327764733773705,20.62755522254816,20.308422935908162,20.608213424682617,1207300,0.0,0.0
2016-09-22 00:00:00-04:00,20.782277351145936,20.917666191334536,20.72425382599862,20.849971771240234,1193800,0.0,0.0
2016-09-23 00:00:00-04:00,20.762939705030842,20.840305035512372,20.588869094848633,20.588869094848633,1034700,0.0,0.0
2016-09-26 00:00:00-04:00,20.42447284507292,20.521178149906095,20.289082098142654,20.36644744873047,1410200,0.0,0.0
2016-09-27 00:00:00-04:00,20.260069224056526,20.50183615109999,20.153691185906112,20.482494354248047,1066600,0.0,0.0
2016-09-28 00:00:00-04:00,20.472823782739784,20.830639652073373,20.472823782739784,20.704919815063477,1260200,0.0,0.0
2016-09-29 00:00:00-04:00,20.521177915795306,20.72426311160613,20.3277654638,20.54051971435547,1164500,0.0,0.0
2016-09-30 00:00:00-04:00,20.714587345366898,20.946683339950827,20.62755111683105,20.86931800842285,1586300,0.0,0.0
2016-10-03 00:00:00-04:00,20.888663104261852,21.014381096166144,20.753272369285735,20.762943267822266,1495000,0.0,0.0
2016-10-04 00:00:00-04:00,20.801627794685068,20.95635848913686,20.521177258156584,20.57920265197754,1159800,0.0,0.0
2016-10-05 00:00:00-04:00,20.646894152088777,21.053062628162284,20.646894152088777,20.908002853393555,1816400,0.0,0.0
2016-10-06 00:00:00-04:00,20.898334822530398,21.14977266073686,20.82096947573882,21.120759963989258,1008600,0.0,0.0
2016-10-07 00:00:00-04:00,21.111086531910708,21.130428327421583,20.859648723874784,21.101415634155273,1229900,0.0,0.0
2016-10-10 00:00:00-04:00,21.10141400300678,21.401204432110813,20.840305317399235,20.86931800842285,1042900,0.0,0.0
2016-10-11 00:00:00-04:00,20.782282254827006,20.782282254827006,20.269735768906504,20.463150024414062,1877800,0.0,0.0
2016-10-12 00:00:00-04:00,20.49216708026026,20.521177933590227,20.289081884273333,20.511507034301758,1226700,0.0,0.0
2016-10-13 00:00:00-04:00,20.231056198628163,20.308421540238136,19.853900388846444,20.260068893432617,1449100,0.0,0.0
2016-10-14 00:00:00-04:00,20.414804331281704,20.608216808084986,20.40513343076119,20.501840591430664,1829800,0.0,0.0
2016-10-17 00:00:00-04:00,20.50183361332959,20.646893382692742,20.424468280033576,20.463150024414062,1474800,0.0,0.0
2016-10-18 00:00:00-04:00,20.70491809976145,20.70491809976145,20.41479854452566,20.559858322143555,924800,0.0,0.0
2016-10-19 00:00:00-04:00,20.52117138432991,20.869316269463745,20.443806059248487,20.72425651550293,1641200,0.0,0.0
2016-10-20 00:00:00-04:00,20.637221734698972,20.73392885893463,20.39545484637732,20.588869094848633,1757100,0.0,0.0
2016-10-21 00:00:00-04:00,19.554108707490123,20.743603409385074,19.554108707490123,20.704919815063477,1368600,0.0,0.0
2016-10-24 00:00:00-04:00,20.975698713686942,21.40120716924423,20.91767332421848,21.256147384643555,1698100,0.0,0.0
2016-10-25 00:00:00-04:00,21.198125197937372,21.420550338212202,20.98537095652693,21.207796096801758,1511300,0.0,0.0
2016-10-26 00:00:00-04:00,21.062736191700452,21.381868474398853,21.062736191700452,21.294832229614258,1610400,0.0,0.0
2016-10-27 00:00:00-04:00,22.561690022682622,22.581031819933003,21.575280497336912,22.068485260009766,4376200,0.0,0.0
2016-10-28 00:00:00-04:00,22.329590483288392,22.900160500841583,22.2328833567559,22.31991958618164,3295400,0.0,0.0
2016-10-31 00:00:00-04:00,22.49399374569522,22.668066217707484,22.377944816175326,22.523006439208984,2381600,0.0,0.0
2016-11-01 00:00:00-04:00,22.532677432609077,22.851809710597607,22.252228749302947,22.464982986450195,3381300,0.0,0.0
2016-11-02 00:00:00-04:00,22.484322540385843,22.668065907723353,22.174861191944867,22.213542938232422,2106400,0.0,0.0
2016-11-03 00:00:00-04:00,22.20387204052675,22.319920968459684,22.09749585483462,22.213542938232422,1719300,0.0,0.0
2016-11-04 00:00:00-04:00,22.145846135059973,22.416625708311358,21.9330919418492,22.07815170288086,2490300,0.0,0.0
2016-11-07 00:00:00-05:00,22.31025092001234,22.687406722214643,22.31025092001234,22.571359634399414,1828900,0.0,0.0
2016-11-08 00:00:00-05:00,22.532677196693356,22.919505761326015,22.397288305793104,22.668067932128906,3373000,0.0,0.0
2016-11-09 00:00:00-05:00,22.271568890988856,22.871149807711024,22.24255619713384,22.774442672729492,2260800,0.0,0.0
2016-11-10 00:00:00-05:00,22.890493729850096,23.161273364043332,22.34893630599898,22.629384994506836,2267600,0.0,0.0
2016-11-11 00:00:00-05:00,22.71642070215843,23.083907471621448,22.493995567477572,23.035552978515625,2112500,0.0,0.0
2016-11-14 00:00:00-05:00,23.180612533057364,23.4513921580907,23.11291808793285,23.238637924194336,1879200,0.0,0.0
2016-11-15 00:00:00-05:00,23.32566942957599,23.5771053619688,23.219291411962548,23.48040008544922,1132500,0.0,0.0
2016-11-16 00:00:00-05:00,23.422377605692645,23.69315720925969,23.40303765471547,23.66414451599121,1384400,0.0,0.0
2016-11-17 00:00:00-05:00,23.712498788055782,23.954265696144766,23.57710806524207,23.867229461669922,1493500,0.0,0.0
2016-11-18 00:00:00-05:00,23.780191878909385,24.021958773290706,23.71249744360822,23.91558074951172,2287000,0.0,0.0
2016-11-21 00:00:00-05:00,24.10899500283078,24.128336797069693,23.71249744360822,23.91558074951172,1557700,0.0,0.0
2016-11-22 00:00:00-05:00,24.07998552242455,24.1670217635705,23.809207745112953,23.896242141723633,1506500,0.0,0.0
2016-11-23 00:00:00-05:00,24.00262122615572,24.12834106641891,23.789866985487322,24.079986572265625,950300,0.0,0.0
2016-11-25 00:00:00-05:00,24.079981211078163,24.350760784443906,24.02195767554798,24.331418991088867,489800,0.0,0.0
2016-11-28 00:00:00-05:00,24.156935941024685,24.350812570386356,24.09877369179401,24.186017990112305,1091500,0.06,0.0
2016-11-29 00:00:00-05:00,24.186015193076212,24.205401374614773,23.76918178241528,23.837038040161133,1721900,0.0,0.0
2016-11-30 00:00:00-05:00,23.8952015060158,24.050302059931024,23.62377646113638,23.633468627929688,1990900,0.0,0.0
2016-12-01 00:00:00-05:00,23.701326139274343,23.701326139274343,22.673782684366547,22.71255874633789,2309900,0.0,0.0
2016-12-02 00:00:00-05:00,22.81919774554708,23.226335421723167,22.731953429525078,23.20694923400879,1856000,0.0,0.0
2016-12-05 00:00:00-05:00,23.488060335209187,23.652854892552124,23.371735852934357,23.526836395263672,1340400,0.0,0.0
2016-12-06 00:00:00-05:00,23.91459118522404,24.457443161330225,23.759490620622273,24.20540428161621,3817700,0.0,0.0
2016-12-07 00:00:00-05:00,24.467136631136,24.913052131112682,24.408974382945836,24.738563537597656,13299300,0.0,0.0
2016-12-08 00:00:00-05:00,24.854885072051545,25.775796161883875,24.816110860860288,25.44620704650879,6737500,0.0,0.0
2016-12-09 00:00:00-05:00,25.698249489160652,25.698249489160652,24.97121490030869,25.048765182495117,2266700,0.0,0.0
2016-12-12 00:00:00-05:00,25.20386373060244,25.20386373060244,24.593155538358,24.796724319458008,1622200,0.0,0.0
2016-12-13 00:00:00-05:00,24.903358293137092,25.17478335259659,24.874276244361628,24.883970260620117,2000600,0.0,0.0
2016-12-14 00:00:00-05:00,24.79672857119589,25.048767473590758,24.709484264638252,24.728872299194336,1929200,0.0,0.0
2016-12-15 00:00:00-05:00,25.077843860686265,25.310494675972443,24.748254743461434,25.106924057006836,1727000,0.0,0.0
2016-12-16 00:00:00-05:00,25.17478140225653,25.232945495301376,24.719173767071666,24.757949829101562,2915300,0.0,0.0
2016-12-19 00:00:00-05:00,24.835501931642867,25.097232973825538,24.796725866759783,24.990602493286133,1068600,0.0,0.0
2016-12-20 00:00:00-05:00,25.00029487847338,25.116619367644482,24.8645805091812,25.029375076293945,1149500,0.0,0.0
2016-12-21 00:00:00-05:00,25.029376806608354,25.15539716902416,24.7191756821149,24.883970260620117,1605400,0.0,0.0
2016-12-22 00:00:00-05:00,25.145704470962162,25.145704470962162,24.59315845787438,24.806421279907227,1133600,0.0,0.0
2016-12-23 00:00:00-05:00,24.82580361994156,24.942128096574717,24.680395250733785,24.93243408203125,754800,0.0,0.0
2016-12-27 00:00:00-05:00,24.922741635527174,25.25233075496458,24.893661439011385,25.126312255859375,799000,0.0,0.0
2016-12-28 00:00:00-05:00,25.203865063898412,25.213559080027103,24.816113663473494,24.84519386291504,1296000,0.0,0.0
2016-12-29 00:00:00-05:00,24.787031173706055,24.971213778982357,24.593156401418177,24.787031173706055,1205400,0.0,0.0
2016-12-30 00:00:00-05:00,24.913049249686864,24.96151747608211,24.515603876624013,24.622234344482422,1259200,0.0,0.0
2017-01-03 00:00:00-05:00,24.72887032594109,25.126315757902738,24.467137427153297,24.60284996032715,1650700,0.0,0.0
2017-01-04 00:00:00-05:00,24.622236326267974,25.15539610425006,24.60284829457165,24.74825668334961,2448400,0.0,0.0
2017-01-05 00:00:00-05:00,24.79672666576143,25.145703865175808,24.670708148719903,24.854888916015625,1590500,0.0,0.0
2017-01-06 00:00:00-05:00,24.85488804557394,24.932438326178517,24.6707072847284,24.864582061767578,2354000,0.0,0.0
2017-01-09 00:00:00-05:00,24.93243408203125,25.145698704099065,24.913047901888536,24.93243408203125,1966000,0.0,0.0
2017-01-10 00:00:00-05:00,24.89366343108751,25.5431477067829,24.89366343108751,25.504371643066406,2659600,0.0,0.0
2017-01-11 00:00:00-05:00,25.572224329844857,25.688550655783867,24.932434159540875,25.417123794555664,2723100,0.0,0.0
2017-01-12 00:00:00-05:00,25.23294598790375,25.514065047330945,24.932437048138667,25.426820755004883,2064800,0.0,0.0
2017-01-13 00:00:00-05:00,25.58192087013433,25.87273578922204,25.52375862589455,25.72732925415039,1705000,0.0,0.0
2017-01-17 00:00:00-05:00,25.727329751268226,25.73702191804179,25.009987379690955,25.068151473999023,1780600,0.0,0.0
2017-01-18 00:00:00-05:00,25.281414808606957,25.523759659858538,25.14570228356831,25.378353118896484,1305500,0.0,0.0
2017-01-19 00:00:00-05:00,25.35896917323353,25.60131406353503,25.26203084732397,25.291112899780273,1791700,0.0,0.0
2017-01-20 00:00:00-05:00,25.4849853515625,25.68855413837324,25.3880470416288,25.4849853515625,1314300,0.0,0.0
2017-01-23 00:00:00-05:00,25.320191563056152,25.64977886872079,25.136008953375846,25.22325325012207,1912600,0.0,0.0
2017-01-24 00:00:00-05:00,25.20386623080672,25.78549428284503,25.184478197651703,25.71763801574707,3229900,0.0,0.0
2017-01-25 00:00:00-05:00,25.979365619589736,26.454363124123166,25.959979437952253,26.36711883544922,3765000,0.0,0.0
2017-01-26 00:00:00-05:00,27.637007186428615,27.801801759999666,26.473751155463013,26.72579002380371,8138600,0.0,0.0
2017-01-27 00:00:00-05:00,26.91966565196389,27.73394447380463,26.91966565196389,27.685474395751953,3413300,0.0,0.0
2017-01-30 00:00:00-05:00,27.510983863169574,27.966593319857253,27.249252856009576,27.918123245239258,3400400,0.0,0.0
2017-01-31 00:00:00-05:00,27.840577399480217,27.840577399480217,27.113542805161792,27.510988235473633,3098200,0.0,0.0
2017-02-01 00:00:00-05:00,27.724248017103363,27.82118631572898,27.549759449366107,27.73394203186035,2376700,0.0,0.0
2017-02-02 00:00:00-05:00,27.58853908568142,28.10231087518703,27.365582249251382,27.821191787719727,3470900,0.0,0.0
2017-02-03 00:00:00-05:00,27.947206218874754,28.141082825901908,27.801799688076567,27.908432006835938,1994100,0.0,0.0
2017-02-06 00:00:00-05:00,27.908430599597608,27.98598086870925,27.54006543460912,27.73394203186035,1700200,0.0,0.0
2017-02-07 00:00:00-05:00,27.92781977900847,28.112002381279925,27.73394500988356,27.995676040649414,1915300,0.0,0.0
2017-02-08 00:00:00-05:00,28.01506396324184,28.053840026282625,27.666088640597042,27.976289749145508,2426200,0.0,0.0
2017-02-09 00:00:00-05:00,27.976288799608604,28.141083364049777,27.79210620430508,27.859962463378906,2173300,0.0,0.0
2017-02-10 00:00:00-05:00,28.024760163366373,28.102310446548074,27.675782964576413,28.015066146850586,1683300,0.0,0.0
2017-02-13 00:00:00-05:00,28.131392496095437,28.141086512611224,27.966597913216244,28.015066146850586,1493600,0.0,0.0
2017-02-14 00:00:00-05:00,27.966595475196417,28.092613981026652,27.743638661603608,28.063533782958984,1231500,0.0,0.0
2017-02-15 00:00:00-05:00,28.179858273118523,28.199246304459923,27.918125396842914,28.063533782958984,2685100,0.0,0.0
2017-02-16 00:00:00-05:00,28.247716286335734,28.247716286335734,27.898740945262528,28.044147491455078,1167000,0.0,0.0
2017-02-17 00:00:00-05:00,27.956903108072247,28.325266480558128,27.879352827078137,28.276798248291016,2024500,0.0,0.0
2017-02-21 00:00:00-05:00,28.34465194272789,28.751791343263385,28.305877730219184,28.55791473388672,2144200,0.0,0.0
2017-02-22 00:00:00-05:00,28.55791250555106,28.664798789022147,28.451028075427924,28.509328842163086,1600100,0.07,0.0
2017-02-23 00:00:00-05:00,28.635647910727535,28.635647910727535,28.140086752637085,28.246973037719727,1786700,0.0,0.0
2017-02-24 00:00:00-05:00,27.916601481855793,28.1886748444828,27.712547849896655,28.120656967163086,2182600,0.0,0.0
2017-02-27 00:00:00-05:00,28.140092228129205,28.16924354428254,27.89717015356311,28.042924880981445,2472400,0.0,0.0
2017-02-28 00:00:00-05:00,28.02348628924089,28.091504162950283,27.57650877817509,27.634811401367188,2604900,0.0,0.0
2017-03-01 00:00:00-05:00,28.023485217408734,28.324708012321288,27.887449475192998,28.246973037719727,2342900,0.0,0.0
2017-03-02 00:00:00-05:00,28.198389484216307,28.324708123433872,27.916599041837742,27.936033248901367,1530600,0.0,0.0
2017-03-03 00:00:00-05:00,27.97490564035122,28.1012242975281,27.800001458607653,28.072072982788086,1931500,0.0,0.0
2017-03-06 00:00:00-05:00,27.85829793629051,28.314990676661576,27.693110884948126,28.266407012939453,1762800,0.0,0.0
2017-03-07 00:00:00-05:00,28.16924132017557,28.363579705823764,27.994337143761832,28.21782684326172,1518700,0.0,0.0
2017-03-08 00:00:00-05:00,28.28584595162651,28.45103303060257,28.18867675457913,28.344146728515625,1135600,0.0,0.0
2017-03-09 00:00:00-05:00,28.120659776875236,28.49961761886236,28.013773471351342,28.42188262939453,1128400,0.0,0.0
2017-03-10 00:00:00-05:00,28.606506388973,29.014615582176738,28.606506388973,28.898012161254883,2042900,0.0,0.0
2017-03-13 00:00:00-04:00,28.898003960965035,29.432433529626532,28.83970319372217,29.247812271118164,3226500,0.0,0.0
2017-03-14 00:00:00-04:00,29.1506473595943,29.296400225722618,29.03404395468269,29.208948135375977,930000,0.0,0.0
2017-03-15 00:00:00-04:00,29.383850959930818,29.93771293766527,29.29639887362031,29.840543746948242,2496900,0.0,0.0
2017-03-16 00:00:00-04:00,29.88912971974334,30.102900459866184,29.811394736667015,29.9571475982666,1375800,0.0,0.0
2017-03-17 00:00:00-04:00,30.07375099955518,30.200069652048636,29.927996284607406,29.9571475982666,1923600,0.0,0.0
2017-03-20 00:00:00-04:00,29.92799589965587,30.30695555895821,29.889129335291727,30.06403350830078,1835800,0.0,0.0
2017-03-21 00:00:00-04:00,30.1223303299618,30.29723448002628,29.131208048495044,29.238094329833984,1806300,0.0,0.0
2017-03-22 00:00:00-04:00,29.150645177747432,29.6559234722986,29.121493865364364,29.607337951660156,1405600,0.0,0.0
2017-03-23 00:00:00-04:00,29.481020219569604,29.80167725234173,29.422719446342356,29.685073852539062,987000,0.0,0.0
2017-03-24 00:00:00-04:00,30.083472099332376,30.28752762792108,29.762815000134598,29.80168342590332,1357100,0.0,0.0
2017-03-27 00:00:00-04:00,29.403279770153,30.034876613827066,29.31582769989913,29.97657585144043,1122600,0.0,0.0
2017-03-28 00:00:00-04:00,29.889128419466605,30.112616254420047,29.714224251816745,29.986297607421875,1291600,0.0,0.0
2017-03-29 00:00:00-04:00,29.937710703750174,30.005728576172235,29.636487903017606,29.79195785522461,1435000,0.0,0.0
2017-03-30 00:00:00-04:00,29.782243271527307,30.10290030675472,29.782243271527307,30.044599533081055,1002800,0.0,0.0
2017-03-31 00:00:00-04:00,29.947430039396224,30.3263878444758,29.947430039396224,30.21950340270996,1838400,0.0,0.0
2017-04-03 00:00:00-04:00,30.287522057593733,30.442992025378285,29.60733955852516,30.0057315826416,2456400,0.0,0.0
2017-04-04 00:00:00-04:00,30.064032458156788,30.549876542500993,30.064032458156788,30.297237396240234,2051400,0.0,0.0
2017-04-05 00:00:00-04:00,30.549880214709106,31.346662458925966,30.49157758316898,30.831668853759766,5047100,0.0,0.0
2017-04-06 00:00:00-04:00,30.831667627156975,31.026006017862557,30.452709803964165,30.928836822509766,2331300,0.0,0.0
2017-04-07 00:00:00-04:00,30.841377689834257,31.220337279845246,30.783076927274035,31.11345100402832,2060400,0.0,0.0
2017-04-10 00:00:00-04:00,31.210627299572124,31.249495721355483,30.734500252816108,30.860820770263672,1767400,0.0,0.0
2017-04-11 00:00:00-04:00,30.676195164838152,30.899682998657227,30.345821039476004,30.899682998657227,2063500,0.0,0.0
2017-04-12 00:00:00-04:00,30.851104001970256,30.889972424178385,30.34582563335485,30.46242904663086,1845900,0.0,0.0
2017-04-13 00:00:00-04:00,30.374975678905294,30.62761485264077,30.102902294879016,30.112619400024414,1524700,0.0,0.0
2017-04-17 00:00:00-04:00,30.277806683056834,30.491577437638714,30.044601718054334,30.472145080566406,1227500,0.0,0.0
2017-04-18 00:00:00-04:00,30.297239149891656,30.452709117612795,30.141769182170513,30.38469123840332,1526200,0.0,0.0
2017-04-19 00:00:00-04:00,30.666478973085546,31.142605967131527,30.656761868715446,30.977418899536133,1942000,0.0,0.0
2017-04-20 00:00:00-04:00,31.113452581906266,31.52155979387225,30.88024766649088,31.44382667541504,1978800,0.0,0.0
2017-04-21 00:00:00-04:00,31.395245784313968,31.58958045095891,31.123170578957943,31.521562576293945,2074300,0.0,0.0
2017-04-24 00:00:00-04:00,32.01712282171639,32.11429014656575,31.7644818463947,32.04627227783203,2629500,0.0,0.0
2017-04-25 00:00:00-04:00,32.34750319053108,32.72646102033017,32.20174846828686,32.609859466552734,2589800,0.0,0.0
2017-04-26 00:00:00-04:00,32.63900726289843,32.949947194903416,32.376651000263664,32.81391143798828,2797800,0.0,0.0
2017-04-27 00:00:00-04:00,34.00908800501714,35.35973404985925,33.56211230941549,35.320865631103516,9593900,0.0,0.0
2017-04-28 00:00:00-04:00,35.11681008859996,35.55407050915205,34.222858745867896,34.27144241333008,5362400,0.0,0.0
2017-05-01 00:00:00-04:00,34.436635531131735,35.204270256060106,34.26173132275066,34.76700973510742,2761600,0.0,0.0
2017-05-02 00:00:00-04:00,34.757277422269155,34.87387893505973,34.38803497395453,34.83501052856445,1745700,0.0,0.0
2017-05-03 00:00:00-04:00,34.660116417172674,34.660116417172674,34.28115861112464,34.41719436645508,2156700,0.0,0.0
2017-05-04 00:00:00-04:00,34.52408260467533,34.630968906077484,34.388046841689516,34.572669982910156,1366300,0.0,0.0
2017-05-05 00:00:00-04:00,34.72814152661672,34.85445833699031,34.32003051250373,34.59210205078125,2178600,0.0,0.0
2017-05-08 00:00:00-04:00,34.82531275015358,34.82531275015358,34.290884866185046,34.36861801147461,2669200,0.0,0.0
2017-05-09 00:00:00-04:00,34.504652368288674,34.63097289419257,34.37833554908175,34.48522186279297,1944800,0.0,0.0
2017-05-10 00:00:00-04:00,34.58238679871278,35.07794620153209,34.47550049247613,34.59210205078125,2806900,0.0,0.0
2017-05-11 00:00:00-04:00,34.59209395925071,34.73784865306077,34.320022484614164,34.63096237182617,1526000,0.0,0.0
2017-05-12 00:00:00-04:00,34.60182086852878,34.70870717432983,34.096542509003534,34.23257827758789,1751100,0.0,0.0
2017-05-15 00:00:00-04:00,34.388045650236045,34.85445555289751,34.35889618966233,34.73785400390625,4356200,0.0,0.0
2017-05-16 00:00:00-04:00,34.854461839297954,34.97106711601673,34.562956060895196,34.76700973510742,1564900,0.0,0.0
2017-05-17 00:00:00-04:00,34.76701101818406,34.76701101818406,32.891652042096815,32.901371002197266,2609400,0.0,0.0
2017-05-18 00:00:00-04:00,32.726457000767105,33.756447768268124,32.20174451317058,33.6787109375,2727800,0.0,0.0
2017-05-19 00:00:00-04:00,33.99938178694555,34.31032180621197,33.77589017306898,33.86334228515625,1589700,0.0,0.0
2017-05-22 00:00:00-04:00,34.106257931816096,34.106257931816096,33.620413780612466,33.92163848876953,2280700,0.0,0.0
2017-05-23 00:00:00-04:00,34.125692142667845,34.28116212278514,33.57183010683144,33.92163848876953,1154200,0.0,0.0
2017-05-24 00:00:00-04:00,34.08682830502276,34.26172879379687,33.91192410955186,34.15484619140625,1453300,0.0,0.0
2017-05-25 00:00:00-04:00,34.27144059340185,34.407476337750495,34.106251684767045,34.33945846557617,1321500,0.0,0.0
2017-05-26 00:00:00-04:00,34.47549971302562,34.669838110271535,34.145125549716546,34.5823860168457,1683800,0.0,0.0
2017-05-30 00:00:00-04:00,34.504496588717835,34.81604932027273,34.48502407874546,34.738162994384766,1595900,0.07,0.0
2017-05-31 00:00:00-04:00,34.971823465725635,35.03024099193388,34.46555309459264,34.61159133911133,1720300,0.0,0.0
2017-06-01 00:00:00-04:00,34.58238916150186,34.71869302729014,34.24162578302934,34.47529220581055,1573800,0.0,0.0
2017-06-02 00:00:00-04:00,34.57264045087296,34.72841678030801,34.15399458314178,34.3389778137207,2047700,0.0,0.0
2017-06-05 00:00:00-04:00,34.2416329555276,34.416881880821954,34.07612214497325,34.222164154052734,1500000,0.0,0.0
2017-06-06 00:00:00-04:00,34.00795059322102,34.48501394839622,33.832701768952454,33.9690055847168,2110200,0.0,0.0
2017-06-07 00:00:00-04:00,34.04690823508287,34.825790124175036,34.04690823508287,34.377933502197266,2492200,0.0,0.0
2017-06-08 00:00:00-04:00,34.5823902842987,34.90367744780217,34.426613902054186,34.83552551269531,2564500,0.0,0.0
2017-06-09 00:00:00-04:00,35.020511235007774,35.049718144981355,32.537819895203505,33.141456604003906,4979000,0.0,0.0
2017-06-12 00:00:00-04:00,32.78120978183347,32.78120978183347,31.544737294674782,32.508602142333984,3609000,0.0,0.0
2017-06-13 00:00:00-04:00,32.82990073669839,33.40432676703332,32.27494721583261,32.411251068115234,2771300,0.0,0.0
2017-06-14 00:00:00-04:00,32.51835058904149,32.53781938605138,31.427912256401758,31.7297306060791,2952200,0.0,0.0
2017-06-15 00:00:00-04:00,31.116356656153204,31.564213226365347,30.872955861820337,31.1260929107666,2599100,0.0,0.0
2017-06-16 00:00:00-04:00,31.10661955889359,31.92444630543543,31.0579382900515,31.681045532226562,4454400,0.0,0.0
2017-06-19 00:00:00-04:00,32.109435893487024,32.352836714736014,31.83682816216872,31.885507583618164,3485700,0.0,0.0
2017-06-20 00:00:00-04:00,31.788144079950108,32.012072356986664,31.437646354501155,31.55447769165039,1928300,0.0,0.0
2017-06-21 00:00:00-04:00,31.76867336034185,31.924449723313128,31.48632754183096,31.651838302612305,2210100,0.0,0.0
2017-06-22 00:00:00-04:00,31.632369637939558,31.84655981666083,31.11635741583491,31.13582992553711,2297400,0.0,0.0
2017-06-23 00:00:00-04:00,31.14556273607162,31.68104555165992,31.10661957797459,31.583683013916016,6876500,0.0,0.0
2017-06-26 00:00:00-04:00,31.61289486254239,31.953654472905004,30.804802480823618,31.10662078857422,2605900,0.0,0.0
2017-06-27 00:00:00-04:00,30.989791129170833,31.04820680375057,30.16222800178785,30.191436767578125,3301200,0.0,0.0
2017-06-28 00:00:00-04:00,30.386150795261234,30.561399644242634,29.801990441323877,30.366680145263672,4555500,0.0,0.0
2017-06-29 00:00:00-04:00,30.259584665067244,30.376417855658488,29.091260187157086,29.500173568725586,3308200,0.0,0.0
2017-06-30 00:00:00-04:00,29.56832799424437,29.82146317490315,29.22756652597209,29.237302780151367,1881600,0.0,0.0
2017-07-03 00:00:00-04:00,29.37360380934268,29.55858890701781,28.89653854228612,28.906274795532227,973900,0.0,0.0
2017-07-05 00:00:00-04:00,29.578065403125898,30.454309798475897,29.500177218761543,30.06486701965332,5637400,0.0,0.0
2017-07-06 00:00:00-04:00,29.801993359939146,30.016185386892733,29.276246761506716,29.986976623535156,4496000,0.0,0.0
2017-07-07 00:00:00-04:00,30.142754358814233,30.65876472638465,30.142754358814233,30.57114028930664,4754200,0.0,0.0
2017-07-10 00:00:00-04:00,30.629549942777892,31.661570475119703,30.37641479318502,31.525266647338867,4063800,0.0,0.0
2017-07-11 00:00:00-04:00,31.486329336378777,31.992603473390634,31.41817740581965,31.797882080078125,3179700,0.0,0.0
2017-07-12 00:00:00-04:00,32.17757726048302,32.61569933766974,31.9049696186782,32.167842864990234,3215100,0.0,0.0
2017-07-13 00:00:00-04:00,32.16785567977766,32.411256518067745,32.04128620394624,32.28468704223633,2341300,0.0,0.0
2017-07-14 00:00:00-04:00,32.44046859974324,33.112253683435654,32.352844135435305,33.0927848815918,3499700,0.0,0.0
2017-07-17 00:00:00-04:00,33.10251531669764,33.2972367378316,32.810435041997806,33.19013977050781,2329400,0.0,0.0
2017-07-18 00:00:00-04:00,33.102504343226336,33.61851278127279,33.00514552193488,33.58930587768555,2335900,0.0,0.0
2017-07-19 00:00:00-04:00,33.793762188442756,34.03716295968882,33.53088890981689,33.8911247253418,2854600,0.0,0.0
2017-07-20 00:00:00-04:00,34.173467917138694,34.52396563345825,33.82297391482028,34.39739990234375,3295900,0.0,0.0
2017-07-21 00:00:00-04:00,34.23188558556935,34.3000375069188,33.82297405747266,34.20267868041992,2057200,0.0,0.0
2017-07-24 00:00:00-04:00,34.27082863159631,34.825782081539124,34.09557978277216,34.718685150146484,2007800,0.0,0.0
2017-07-25 00:00:00-04:00,34.7089458626622,35.15680231810289,34.45580702158672,35.147064208984375,3354400,0.0,0.0
2017-07-26 00:00:00-04:00,35.254168216246214,35.88701173222349,34.991294927178785,35.82859420776367,5085600,0.0,0.0
2017-07-27 00:00:00-04:00,33.151186140633236,34.076109865496974,32.12890358746858,33.472476959228516,11251100,0.0,0.0
2017-07-28 00:00:00-04:00,33.41405930973817,34.1345272640932,33.41405930973817,33.5698356628418,4731700,0.0,0.0
2017-07-31 00:00:00-04:00,33.78403405672015,34.07611429357906,33.57957826231909,33.676937103271484,3498400,0.0,0.0
2017-08-01 00:00:00-04:00,33.91059667314909,33.949537973265095,33.33617071392718,33.58930587768555,2427800,0.0,0.0
2017-08-02 00:00:00-04:00,33.871658180420354,33.89113069122792,32.343101365041946,32.440460205078125,4230700,0.0,0.0
2017-08-03 00:00:00-04:00,32.52808010941472,32.742273984418716,31.827084674129736,32.430721282958984,3951600,0.0,0.0
2017-08-04 00:00:00-04:00,32.50861122416191,32.64491508199043,32.03154772176209,32.57676315307617,2864300,0.0,0.0
2017-08-07 00:00:00-04:00,32.58650313691406,33.19987053237305,32.58650313691406,32.99541473388672,3390500,0.0,0.0
2017-08-08 00:00:00-04:00,32.966190369040426,33.43351925271379,32.693582782064254,32.82014846801758,2108300,0.0,0.0
2017-08-09 00:00:00-04:00,32.479408778669416,32.8785860088748,32.21653542502166,32.68386459350586,1572300,0.0,0.0
2017-08-10 00:00:00-04:00,32.45019508683913,32.4794019931419,31.710254605824378,31.758934020996094,2490300,0.0,0.0
2017-08-11 00:00:00-04:00,31.739461546757976,32.61570587681012,31.719992751869096,32.59623336791992,2342400,0.0,0.0
2017-08-14 00:00:00-04:00,32.94674014563801,33.530900716722854,32.94674014563801,33.4530143737793,2592600,0.0,0.0
2017-08-15 00:00:00-04:00,33.44326760205392,33.9106003947441,33.32643626088206,33.686668395996094,2159800,0.0,0.0
2017-08-16 00:00:00-04:00,33.784034798742645,33.959283687507444,33.550368375722314,33.735355377197266,1662700,0.0,0.0
2017-08-17 00:00:00-04:00,33.61851264782397,33.745082086201215,32.81042403510989,32.849369049072266,1636700,0.0,0.0
2017-08-18 00:00:00-04:00,32.9759407043457,33.190134605661726,32.74227800654788,32.9759407043457,1312900,0.0,0.0
2017-08-21 00:00:00-04:00,33.102507086927204,33.141452104272126,32.4209841393961,33.03435516357422,2544100,0.0,0.0
2017-08-22 00:00:00-04:00,33.23881465320537,33.98848960798144,33.1901352330774,33.92033767700195,1751800,0.0,0.0
2017-08-23 00:00:00-04:00,33.58930033316633,33.988477376971474,33.52114842671181,33.861907958984375,1936600,0.0,0.0
2017-08-24 00:00:00-04:00,33.9690189124489,33.9690189124489,33.25828894139416,33.59904861450195,1382300,0.0,0.0
2017-08-25 00:00:00-04:00,33.82297449534488,33.92033332310417,33.47247677300951,33.61851501464844,1323000,0.0,0.0
2017-08-28 00:00:00-04:00,33.6964108810101,33.95928421826582,33.50168947778344,33.93981170654297,1437500,0.0,0.0
2017-08-29 00:00:00-04:00,33.50168631687897,34.14426428709803,33.33617555385355,34.095584869384766,1522700,0.0,0.0
2017-08-30 00:00:00-04:00,34.10531474279983,34.942613986794505,34.07610783884685,34.92314147949219,2326300,0.0,0.0
2017-08-31 00:00:00-04:00,35.03025331041988,35.0789327423777,34.40714766775357,34.670021057128906,2195400,0.0,0.0
2017-09-01 00:00:00-04:00,34.72841795419662,34.91340490502912,34.46554840701499,34.845252990722656,1044400,0.0,0.0
2017-09-05 00:00:00-04:00,34.903671669638285,34.93288228984974,34.04690356612898,34.51423263549805,1460800,0.0,0.0
2017-09-06 00:00:00-04:00,34.63130098422833,34.826407649536264,34.163047220299376,34.74836349487305,1473000,0.07,0.0
2017-09-07 00:00:00-04:00,34.894684700926106,35.09954496780838,34.484960445812476,34.77762222290039,2184300,0.0,0.0
2017-09-08 00:00:00-04:00,34.62154363733907,34.77762820868771,34.06548839797547,34.22157669067383,1704700,0.0,0.0
2017-09-11 00:00:00-04:00,34.563005851006054,35.26538818771346,34.563005851006054,34.865421295166016,1753800,0.0,0.0
2017-09-12 00:00:00-04:00,34.88492980900641,35.56780113528075,34.78737835725979,35.216609954833984,1829500,0.0,0.0
2017-09-13 00:00:00-04:00,35.177595289446664,35.27514675140528,34.75811730459512,35.1483268737793,2618500,0.0,0.0
2017-09-14 00:00:00-04:00,35.14831996346335,35.655595652884884,34.904437635165436,34.96297073364258,1601800,0.0,0.0
2017-09-15 00:00:00-04:00,35.00199384319788,36.03605256435756,34.953218120353405,35.96776580810547,3999600,0.0,0.0
2017-09-18 00:00:00-04:00,35.08980108949945,35.33368349079684,34.553256829565115,34.74836349487305,5443000,0.0,0.0
2017-09-19 00:00:00-04:00,34.96297143448078,35.519022856438234,34.85566261246283,35.304405212402344,2945700,0.0,0.0
2017-09-20 00:00:00-04:00,35.187346883647585,35.2653910257176,34.621541739038044,34.91419982910156,1768200,0.0,0.0
2017-09-21 00:00:00-04:00,34.88492569898038,35.167830085603796,34.66055440931837,34.8166389465332,1609000,0.0,0.0
2017-09-22 00:00:00-04:00,34.75812187609588,35.64585369353564,34.748364495806854,35.55805587768555,2789300,0.0,0.0
2017-09-25 00:00:00-04:00,35.362938759323455,35.45073654923505,34.553247616655504,34.98248291015625,2036200,0.0,0.0
2017-09-26 00:00:00-04:00,35.03126797350204,35.187352561478356,34.514238473583625,34.74836349487305,1782400,0.0,0.0
2017-09-27 00:00:00-04:00,35.05077636824432,36.39700816383597,35.05077636824432,35.889732360839844,3783200,0.0,0.0
2017-09-28 00:00:00-04:00,35.831191669964035,36.34822102151619,35.597066715858894,36.15311813354492,2736200,0.0,0.0
2017-09-29 00:00:00-04:00,36.29944686168804,36.55308658112468,35.9872777618808,36.37749099731445,2142900,0.0,0.0
2017-10-02 00:00:00-04:00,36.55308828341187,36.98231988529895,36.387246348157035,36.93354415893555,3398300,0.0,0.0
2017-10-03 00:00:00-04:00,37.14816092518418,37.16766823817986,36.62137416191786,36.78721237182617,1785200,0.0,0.0
2017-10-04 00:00:00-04:00,36.845748638506244,37.0701199707144,36.738439801069816,36.97256851196289,1509800,0.0,0.0
2017-10-05 00:00:00-04:00,37.050610216467184,37.07987491083513,36.689665340980106,36.796974182128906,1399600,0.0,0.0
2017-10-06 00:00:00-04:00,36.757950837090036,37.079873628049704,36.68966407169406,36.97256851196289,1355500,0.0,0.0
2017-10-09 00:00:00-04:00,36.97256369348489,37.04085044998134,36.787210736123825,37.021339416503906,1274000,0.0,0.0
2017-10-10 00:00:00-04:00,37.187180063080106,37.401797724088,36.77745949717344,37.39204406738281,1461700,0.0,0.0
2017-10-11 00:00:00-04:00,37.36277618931032,37.68470268542962,37.23595632223155,37.665191650390625,1134400,0.0,0.0
2017-10-12 00:00:00-04:00,37.55788889233237,38.00663160675311,37.46033742271048,37.704219818115234,1166100,0.0,0.0
2017-10-13 00:00:00-04:00,38.01638283839371,38.09442325720027,37.64568061535163,37.665191650390625,2448900,0.0,0.0
2017-10-16 00:00:00-04:00,37.645681755644326,37.93833984739507,37.401799392293775,37.6847038269043,1861600,0.0,0.0
2017-10-17 00:00:00-04:00,37.84078273325093,38.24074960049525,37.528613652540685,38.113929748535156,1711400,0.0,0.0
2017-10-18 00:00:00-04:00,38.2309964542382,38.367573698343406,37.596904566964895,38.31879425048828,1608000,0.0,0.0
2017-10-19 00:00:00-04:00,37.948091029423296,38.1334402556186,37.32374915525971,38.10417556762695,2344800,0.0,0.0
2017-10-20 00:00:00-04:00,38.44561601106561,38.504149118566616,38.02613804401572,38.152957916259766,1593600,0.0,0.0
2017-10-23 00:00:00-04:00,38.3870770077251,38.445610106236046,37.909069727940526,37.98711013793945,2582300,0.0,0.0
2017-10-24 00:00:00-04:00,38.17246260574081,38.53340740528092,38.05539641020162,38.24074935913086,3401700,0.0,0.0
2017-10-25 00:00:00-04:00,38.20173798796863,38.504153495744895,37.63593276986948,38.162715911865234,3223200,0.0,0.0
2017-10-26 00:00:00-04:00,39.99670137136692,41.216112998542734,38.8845985627984,41.001495361328125,8440000,0.0,0.0
2017-10-27 00:00:00-04:00,40.64054892476104,41.762409065116636,40.611284237719204,41.694122314453125,3981000,0.0,0.0
2017-10-30 00:00:00-04:00,41.85021159177779,41.85021159177779,41.29416014685529,41.645347595214844,2274200,0.0,0.0
2017-10-31 00:00:00-04:00,41.684369551150525,42.57210112937164,41.655104860869905,41.8404541015625,3209800,0.0,0.0
2017-11-01 00:00:00-04:00,42.22091702310065,42.22091702310065,40.87468894611332,41.499027252197266,3185900,0.0,0.0
2017-11-02 00:00:00-04:00,41.40146117313578,41.78192071707072,40.825898750894346,41.50876998901367,2368400,0.0,0.0
2017-11-03 00:00:00-04:00,41.762413163289764,41.947762401657904,41.518530823745245,41.8306999206543,1351500,0.0,0.0
2017-11-06 00:00:00-05:00,41.86971620271436,42.43552498881271,41.52828243272328,42.386749267578125,2139500,0.0,0.0
2017-11-07 00:00:00-05:00,42.376988749287264,42.581852717445166,42.15261747116072,42.464786529541016,2605700,0.0,0.0
2017-11-08 00:00:00-05:00,42.27944241733426,42.962313710472024,42.16237993664895,42.815982818603516,2457800,0.0,0.0
2017-11-09 00:00:00-05:00,42.386752350306374,42.71843248871276,41.81118986664086,42.57210159301758,2850500,0.0,0.0
2017-11-10 00:00:00-05:00,42.601362084100664,42.82573709440819,42.425770236464736,42.63063049316406,1498900,0.0,0.0
2017-11-13 00:00:00-05:00,42.27944015823542,43.24521580599554,42.162377683805055,42.77695846557617,2294200,0.0,0.0
2017-11-14 00:00:00-05:00,42.61112633126216,42.81598662099191,42.05507484693885,42.28919982910156,1687900,0.0,0.0
2017-11-15 00:00:00-05:00,41.86971415805299,41.947758285296324,41.01125108646924,41.694122314453125,2046100,0.0,0.0
2017-11-16 00:00:00-05:00,41.86972235797371,42.83549815433254,41.74290620839037,42.7574577331543,2048700,0.0,0.0
2017-11-17 00:00:00-05:00,42.884278256915586,43.20620479565474,42.37700244279171,42.503822326660156,1618800,0.0,0.0
2017-11-20 00:00:00-05:00,42.88426963424886,43.53787623844369,42.88426963424886,43.342769622802734,1680500,0.0,0.0
2017-11-21 00:00:00-05:00,42.864754487195114,43.13790521142024,42.63062954797222,42.94279861450195,1985500,0.0,0.0
2017-11-22 00:00:00-05:00,42.94280635567625,43.089133538731325,42.15262617032068,42.22091293334961,1391800,0.0,0.0
2017-11-24 00:00:00-05:00,42.36724131612373,42.65989938616484,42.26968986655979,42.57210159301758,1006000,0.0,0.0
2017-11-27 00:00:00-05:00,42.18189290183451,42.376995804794085,41.80143330982494,41.928253173828125,1891300,0.0,0.0
2017-11-28 00:00:00-05:00,42.025959269183815,42.192071724869884,41.67419895154554,42.00642013549805,1825800,0.07,0.0
2017-11-29 00:00:00-05:00,41.86962425750981,42.01619386661718,38.71352456086595,39.886070251464844,4806100,0.0,0.0
2017-11-30 00:00:00-05:00,40.2573765430168,40.52119959868907,39.319341496684196,39.5440788269043,4259900,0.0,0.0
2017-12-01 00:00:00-05:00,39.02620547957958,39.358426718293146,38.01000262653241,39.192317962646484,2995300,0.0,0.0
2017-12-04 00:00:00-05:00,39.71996438224798,39.92515886791727,37.86343326044514,38.34222412109375,2983900,0.0,0.0
2017-12-05 00:00:00-05:00,38.35198598899229,39.3681923721985,38.117475390014114,38.76237487792969,2130100,0.0,0.0
2017-12-06 00:00:00-05:00,38.36175305580314,39.221620226132686,38.21518720248445,39.045738220214844,1201200,0.0,0.0
2017-12-07 00:00:00-05:00,39.34865540299401,39.7297319218967,39.211859086200235,39.377967834472656,1498300,0.0,0.0
2017-12-08 00:00:00-05:00,39.84698345323329,40.04240835097822,39.299798212451364,39.583160400390625,1779400,0.0,0.0
2017-12-11 00:00:00-05:00,39.71996473749996,39.983784091479905,39.202088143305275,39.53430938720703,1388200,0.0,0.0
2017-12-12 00:00:00-05:00,40.77525274287236,40.8925062015388,39.68087843133838,40.013099670410156,1837700,0.0,0.0
2017-12-13 00:00:00-05:00,40.23783044280263,40.42348203263326,39.690641512758155,39.89583969116211,1556300,0.0,0.0
2017-12-14 00:00:00-05:00,39.90561514347938,40.55051474698523,39.768818822647866,40.08149719238281,1899600,0.0,0.0
2017-12-15 00:00:00-05:00,40.140118188433355,41.12700840726033,40.120575328095654,40.92181396484375,3708600,0.0,0.0
2017-12-18 00:00:00-05:00,41.322436527977615,41.58625957212344,40.86318859252898,41.400604248046875,2056900,0.0,0.0
2017-12-19 00:00:00-05:00,41.34197479279928,41.77190652392307,41.332201499240014,41.48854064941406,1656300,0.0,0.0
2017-12-20 00:00:00-05:00,41.91848280320965,42.31910217248159,41.644886451141524,42.01619338989258,1599900,0.0,0.0
2017-12-21 00:00:00-05:00,42.006420175375304,42.28001277627134,41.66442569683563,41.996646881103516,2013900,0.0,0.0
2017-12-22 00:00:00-05:00,42.006425733653046,42.074823892927476,41.44946343647246,41.81100082397461,982400,0.0,0.0
2017-12-26 00:00:00-05:00,41.36152065728674,41.45923123546163,41.08792432904169,41.15632247924805,1537600,0.0,0.0
2017-12-27 00:00:00-05:00,41.23449994832051,41.361526700442916,41.06838746824965,41.332210540771484,1161500,0.0,0.0
2017-12-28 00:00:00-05:00,41.615570195464436,41.889162794964946,41.410375745839055,41.60580062866211,1313400,0.0,0.0
2017-12-29 00:00:00-05:00,41.65466226219968,41.73282999078335,40.882735907552394,40.91204833984375,1061700,0.0,0.0
2018-01-02 00:00:00-05:00,42.709941567213235,43.481867754514475,42.0943582580261,43.169189453125,2890400,0.0,0.0
2018-01-03 00:00:00-05:00,43.18873821477919,43.38416311170794,42.49498337173101,43.3548469543457,2170800,0.0,0.0
2018-01-04 00:00:00-05:00,43.511191938032454,43.70661686106338,43.02263149416532,43.56005096435547,1354300,0.0,0.0
2018-01-05 00:00:00-05:00,43.81409904250843,44.7130484349243,43.638216991397464,44.56648254394531,2210500,0.0,0.0
2018-01-08 00:00:00-05:00,44.566477325700816,45.2602321530629,44.26356855593916,45.13320541381836,2507400,0.0,0.0
2018-01-09 00:00:00-05:00,45.250458037832395,45.41656675694819,44.33196225357518,44.37104797363281,1777500,0.0,0.0
2018-01-10 00:00:00-05:00,43.794552810332426,43.794552810332426,42.70994815436327,43.27667999267578,4062500,0.0,0.0
2018-01-11 00:00:00-05:00,43.33530646296296,43.52096180254219,43.042170965241134,43.51118850708008,1564100,0.0,0.0
2018-01-12 00:00:00-05:00,43.44279351666505,43.83364336041093,43.21805616110829,43.57958984375,2131000,0.0,0.0
2018-01-16 00:00:00-05:00,44.02906194723015,45.22114671703514,43.843406620824425,44.27334213256836,4956900,0.0,0.0
2018-01-17 00:00:00-05:00,44.791217136280444,45.92467710291517,44.654420822148325,45.69016647338867,3695100,0.0,0.0
2018-01-18 00:00:00-05:00,45.88558374800871,46.21780491027586,45.103887991915265,46.110321044921875,2756100,0.0,0.0
2018-01-19 00:00:00-05:00,46.217818098702814,46.62821081739609,46.0126236030664,46.3350715637207,1823000,0.0,0.0
2018-01-22 00:00:00-05:00,46.39369325847516,46.696602036083206,45.836734723217056,46.677059173583984,2117100,0.0,0.0
2018-01-23 00:00:00-05:00,46.86271252284919,47.41967107886608,46.78454479735877,47.31218719482422,2003500,0.0,0.0
2018-01-24 00:00:00-05:00,46.99950434309745,47.136304372607505,45.56313944372877,45.719478607177734,4939500,0.0,0.0
2018-01-25 00:00:00-05:00,45.680395376348415,45.680395376348415,43.10079717501239,43.77500915527344,7469700,0.0,0.0
2018-01-26 00:00:00-05:00,44.410147180273704,46.6282121469695,44.410147180273704,46.60866928100586,5054900,0.0,0.0
2018-01-29 00:00:00-05:00,46.569575815477805,46.65751683399994,45.32863198851872,45.787879943847656,2646200,0.0,0.0
2018-01-30 00:00:00-05:00,45.04526702484557,45.90513436557124,44.74236196484336,45.2700080871582,2701500,0.0,0.0
2018-01-31 00:00:00-05:00,45.699936557768794,46.002845323079036,44.7032729752916,44.79121398925781,2598800,0.0,0.0
2018-02-01 00:00:00-05:00,44.57625366064417,45.48497638047347,44.46876976707419,44.81076431274414,1939500,0.0,0.0
2018-02-02 00:00:00-05:00,44.449228317080404,44.54693890937682,43.31576830030915,43.40370559692383,2127500,0.0,0.0
2018-02-05 00:00:00-05:00,42.69041344274776,44.02907184301451,41.928260285968626,41.98688888549805,2798800,0.0,0.0
2018-02-06 00:00:00-05:00,41.039075052199024,42.73926694442643,40.79479484355498,42.16276550292969,5311200,0.0,0.0
2018-02-07 00:00:00-05:00,41.908711040029786,42.31910371942358,41.01953125,41.01953125,2639600,0.0,0.0
2018-02-08 00:00:00-05:00,41.15632124565642,41.273578408855265,38.703750023749784,38.76237487792969,3627500,0.0,0.0
2018-02-09 00:00:00-05:00,39.36820095090936,40.6384573430085,38.342224777576234,40.32577896118164,4432700,0.0,0.0
2018-02-12 00:00:00-05:00,40.71661442904775,41.45922818728905,40.49187713383296,41.06837844848633,2195100,0.0,0.0
2018-02-13 00:00:00-05:00,39.12392024351155,40.04241251272903,39.09460408297995,39.55385208129883,4196100,0.0,0.0
2018-02-14 00:00:00-05:00,39.32911368351856,41.94779782449056,39.25094222740827,41.73283004760742,3088000,0.0,0.0
2018-02-15 00:00:00-05:00,42.15298937673438,42.49498388232386,41.19541147043972,42.465667724609375,2339700,0.0,0.0
2018-02-16 00:00:00-05:00,42.377731923470535,42.758808473894156,42.00642866929492,42.31910705566406,2213800,0.0,0.0
2018-02-20 00:00:00-05:00,42.250698676138356,44.175623827919225,42.084586226868836,43.872718811035156,3265200,0.0,0.0
2018-02-21 00:00:00-05:00,43.970433108004954,44.20494372464569,43.04216766357422,43.04216766357422,3502400,0.0,0.0
2018-02-22 00:00:00-05:00,43.394660398238756,43.639440749643555,42.57219826811656,43.07155227661133,2207800,0.09,0.0
2018-02-23 00:00:00-05:00,43.375071648080414,43.7569283469527,42.94425963256704,43.4925651550293,1283600,0.0,0.0
2018-02-26 00:00:00-05:00,43.73735134615057,44.62835540989443,43.47299185378134,44.56960678100586,1501200,0.0,0.0
2018-02-27 00:00:00-05:00,44.37377927117312,44.79480175036317,43.825469970703125,43.825469970703125,1817800,0.0,0.0
2018-02-28 00:00:00-05:00,44.06045269867976,45.264771290904235,43.85483814916479,44.45210266113281,2217800,0.0,0.0
2018-03-01 00:00:00-05:00,44.41293063674226,45.07873323772026,43.551303082232444,43.9625358581543,1946100,0.0,0.0
2018-03-02 00:00:00-05:00,43.47298636876725,44.765426160834,42.885511359158826,44.6968879699707,1378700,0.0,0.0
2018-03-05 00:00:00-05:00,44.687088641909796,45.38226376127451,44.393353044225485,45.157066345214844,1894500,0.0,0.0
2018-03-06 00:00:00-05:00,45.480178303098846,46.42992328165842,45.38226394677002,46.400550842285156,2116100,0.0,0.0
2018-03-07 00:00:00-05:00,45.88162462860979,47.2034368870829,45.88162462860979,46.919490814208984,2731900,0.0,0.0
2018-03-08 00:00:00-05:00,47.24260374134669,47.477594501824726,46.73346020618715,47.458011627197266,1886600,0.0,0.0
2018-03-09 00:00:00-05:00,48.02589284193567,48.9168929609524,48.02589284193567,48.368587493896484,2435500,0.0,0.0
2018-03-12 00:00:00-04:00,48.642744313351294,49.24979844646247,48.241304747657445,48.87773132324219,2057300,0.0,0.0
2018-03-13 00:00:00-04:00,49.23021413120964,49.62186411629153,47.81049133915269,47.9769401550293,1993200,0.0,0.0
2018-03-14 00:00:00-04:00,48.00631118436178,48.7602349556818,47.673409827350994,48.31962966918945,1472600,0.0,0.0
2018-03-15 00:00:00-04:00,48.40774927571638,48.79939923753877,48.08464123200611,48.114013671875,1640300,0.0,0.0
2018-03-16 00:00:00-04:00,48.23150943465843,48.70149090496819,47.986729130770485,48.2021369934082,2300300,0.0,0.0
2018-03-19 00:00:00-04:00,48.06505748774758,48.1629681089001,46.87052848742272,47.68320083618164,1823200,0.0,0.0
2018-03-20 00:00:00-04:00,47.58529500154276,48.14339385916809,47.41884616876569,47.96715545654297,1666100,0.0,0.0
2018-03-21 00:00:00-04:00,48.1238121908632,49.24000984746458,48.0258978222702,48.46650314331055,1907100,0.0,0.0
2018-03-22 00:00:00-04:00,47.61466733095798,48.094434650797986,46.283061836212326,46.72366714477539,3019400,0.0,0.0
2018-03-23 00:00:00-04:00,46.753041165972,46.85095180004777,44.68709466553236,44.6968879699707,2952700,0.0,0.0
2018-03-26 00:00:00-04:00,46.312432510783594,46.70408248901367,45.548719161791055,46.70408248901367,1902500,0.0,0.0
2018-03-27 00:00:00-04:00,47.00761120713925,47.07615313327477,44.45210779303127,44.804588317871094,2077900,0.0,0.0
2018-03-28 00:00:00-04:00,44.589187721777705,44.95146157990233,43.54152816324453,43.894012451171875,1837100,0.0,0.0
2018-03-29 00:00:00-04:00,44.15836594570593,45.33331216783082,43.84504745114611,44.75563049316406,1798600,0.0,0.0
2018-04-02 00:00:00-04:00,44.412941060978476,44.72625956614877,42.26866310584595,42.8757209777832,2506900,0.0,0.0
2018-04-03 00:00:00-04:00,43.34569727857088,43.78630257886016,42.50365242358494,43.36528015136719,2300700,0.0,0.0
2018-04-04 00:00:00-04:00,42.2295042726477,43.69818627682693,42.102217453137754,43.64923095703125,2197500,0.0,0.0
2018-04-05 00:00:00-04:00,43.98212472139161,44.33460896871301,42.768016464008056,42.95404815673828,3036700,0.0,0.0
2018-04-06 00:00:00-04:00,42.29803814427125,43.05196194423412,41.56369721723547,41.78889465332031,2139400,0.0,0.0
2018-04-09 00:00:00-04:00,42.04346259470783,43.120498145781674,41.34828744554666,41.514739990234375,3455000,0.0,0.0
2018-04-10 00:00:00-04:00,42.62114106954961,43.13028449909449,41.612647513267795,42.53302001953125,2370300,0.0,0.0
2018-04-11 00:00:00-04:00,42.386159544017346,43.21841110729567,42.102213486879606,42.298038482666016,1882300,0.0,0.0
2018-04-12 00:00:00-04:00,42.59177161666193,42.973628281823856,42.52323343240471,42.797386169433594,2390700,0.0,0.0
2018-04-13 00:00:00-04:00,43.20861680392712,43.20861680392712,42.25886810620988,42.56239700317383,1771100,0.0,0.0
2018-04-16 00:00:00-04:00,42.777805172631126,43.50235652589028,42.48406955078863,43.36528015136719,2134600,0.0,0.0
2018-04-17 00:00:00-04:00,43.92337320105361,44.11919816831983,43.629637617679556,43.78629684448242,2280000,0.0,0.0
2018-04-18 00:00:00-04:00,43.335907405257366,43.335907405257366,42.06305045314238,42.4547004699707,3693600,0.0,0.0
2018-04-19 00:00:00-04:00,41.35808231971261,41.62244176446327,39.99710067516641,40.58457565307617,6008900,0.0,0.0
2018-04-20 00:00:00-04:00,40.427919177019206,40.79019301044495,39.771905966979325,40.04606246948242,5931200,0.0,0.0
2018-04-23 00:00:00-04:00,40.25168109101978,40.829362862681954,39.4879675991806,39.60546112060547,2839600,0.0,0.0
2018-04-24 00:00:00-04:00,40.26147012206016,40.84894519141617,39.49775664045416,40.63353729248047,5928300,0.0,0.0
2018-04-25 00:00:00-04:00,36.266649548620336,36.66808908462341,33.632811173456666,33.97550582885742,20189000,0.0,0.0
2018-04-26 00:00:00-04:00,34.00488751004339,34.70985614925481,33.035559366179605,33.33908462524414,7442600,0.0,0.0
2018-04-27 00:00:00-04:00,33.436990377740024,33.436990377740024,32.35016525126134,32.5068244934082,6685700,0.0,0.0
2018-04-30 00:00:00-04:00,32.46766215835273,32.46766215835273,31.557079050555497,31.870397567749023,5860300,0.0,0.0
2018-05-01 00:00:00-04:00,31.821445179519024,32.869104768163666,31.39063311247645,32.81035614013672,4886000,0.0,0.0
2018-05-02 00:00:00-04:00,33.04534333606981,33.906971111832064,32.84951833225321,33.61323547363281,7632600,0.0,0.0
2018-05-03 00:00:00-04:00,33.26074479540005,34.200700150273654,32.9082606035598,34.1517448425293,5253000,0.0,0.0
2018-05-04 00:00:00-04:00,33.809061610620354,34.9938013735303,33.64261276119234,34.95463562011719,5250900,0.0,0.0
2018-05-07 00:00:00-04:00,35.18961583245491,35.47356188694596,34.82734202141009,35.385440826416016,4589000,0.0,0.0
2018-05-08 00:00:00-04:00,35.31690013019875,35.41481075269908,34.983998784626465,35.336483001708984,3435900,0.0,0.0
2018-05-09 00:00:00-04:00,35.55189266891239,36.070825717757636,35.45397830636072,35.90437316894531,3210500,0.0,0.0
2018-05-10 00:00:00-04:00,36.10018950912873,36.30580775369408,35.60083945244173,35.91415786743164,2740500,0.0,0.0
2018-05-11 00:00:00-04:00,35.76729340439915,36.0904051676005,35.33648145518134,35.57147216796875,1542900,0.0,0.0
2018-05-14 00:00:00-04:00,35.884797119320645,36.433102656586776,35.806465622539,35.875003814697266,1703300,0.0,0.0
2018-05-15 00:00:00-04:00,35.51273620304467,35.62044016246805,34.70985689559111,35.12108612060547,2354700,0.0,0.0
2018-05-16 00:00:00-04:00,35.267951040769006,36.9618305071973,35.267951040769006,36.77579879760742,4451500,0.0,0.0
2018-05-17 00:00:00-04:00,36.863914969771784,37.34368226999232,36.5701756193744,36.93245315551758,3260800,0.0,0.0
2018-05-18 00:00:00-04:00,36.39393660312932,36.77579704416193,35.943541705564265,36.609344482421875,3953300,0.0,0.0
2018-05-21 00:00:00-04:00,37.04995304418576,37.49055841071651,36.8932937733139,37.38285446166992,2716400,0.0,0.0
2018-05-22 00:00:00-04:00,37.76470062474691,38.08781238139727,37.46117173835268,37.519920349121094,2334100,0.0,0.0
2018-05-23 00:00:00-04:00,37.059735988973614,37.696166264075806,36.98140823506698,37.66679382324219,1655900,0.0,0.0
2018-05-24 00:00:00-04:00,37.80386888775923,37.999693868336614,37.216393946027075,37.71574783325195,1732100,0.0,0.0
2018-05-25 00:00:00-04:00,37.74512171481993,38.08781637768296,37.51013471719195,37.921363830566406,1564600,0.0,0.0
2018-05-29 00:00:00-04:00,37.4905511370647,38.10739479548046,37.20660509649502,37.745121002197266,3093600,0.0,0.0
2018-05-30 00:00:00-04:00,38.19657748469319,38.579331552393924,37.66661751363071,37.853084564208984,2499700,0.09,0.0
2018-05-31 00:00:00-04:00,37.82363991242837,38.41248593458867,37.175907790535355,37.20534896850586,3651400,0.0,0.0
2018-06-01 00:00:00-04:00,37.63716406509409,38.618576465683674,37.40162718547566,38.579322814941406,5614300,0.0,0.0
2018-06-04 00:00:00-04:00,38.441924662950704,38.92281842064493,38.30452751612135,38.58913803100586,3010000,0.0,0.0
2018-06-05 00:00:00-04:00,38.92281520903582,38.99151377678203,38.35359797002566,38.726531982421875,3077700,0.0,0.0
2018-06-06 00:00:00-04:00,38.66765578118018,38.893380217337416,38.33397536603648,38.88356399536133,1748600,0.0,0.0
2018-06-07 00:00:00-04:00,38.89338105175893,39.2957600542009,37.83345368310683,38.088623046875,2309600,0.0,0.0
2018-06-08 00:00:00-04:00,37.588090256966254,38.07879640586605,36.98942815630197,37.97084045410156,3090800,0.0,0.0
2018-06-11 00:00:00-04:00,38.12787381096109,38.52044030521879,37.93159430762379,38.294715881347656,1601000,0.0,0.0
2018-06-12 00:00:00-04:00,38.3241573659049,38.500811915360586,37.853079815286954,38.3634147644043,2981900,0.0,0.0
2018-06-13 00:00:00-04:00,38.481184693320714,38.99151966202872,38.18676168085618,38.206390380859375,2805300,0.0,0.0
2018-06-14 00:00:00-04:00,38.23582663340632,38.579323223525286,37.970844833185836,38.324153900146484,2524000,0.0,0.0
2018-06-15 00:00:00-04:00,38.14750715251311,38.628400979312836,38.14750715251311,38.60877227783203,3188900,0.0,0.0
2018-06-18 00:00:00-04:00,38.14749936666616,38.39285246941203,37.970844833185836,38.324153900146484,1418900,0.0,0.0
2018-06-19 00:00:00-04:00,37.56847209054609,38.34378892160477,37.23479166602664,38.26527786254883,2164700,0.0,0.0
2018-06-20 00:00:00-04:00,38.392855900107115,38.765793697867224,38.25545874929854,38.471370697021484,1530500,0.0,0.0
2018-06-21 00:00:00-04:00,38.65783283823092,38.81485866842235,38.19656782413496,38.37322235107422,2277800,0.0,0.0
2018-06-22 00:00:00-04:00,38.51062790947348,38.648025059618426,37.72549491928824,38.07880401611328,3567900,0.0,0.0
2018-06-25 00:00:00-04:00,37.607730167159616,37.77457225431066,36.371151950440705,36.969810485839844,2795800,0.0,0.0
2018-06-26 00:00:00-04:00,37.18571327924334,37.80400410695316,36.989430060819004,37.34273910522461,2367200,0.0,0.0
2018-06-27 00:00:00-04:00,37.49977300085563,37.77457106330044,36.577246542669265,36.587059020996094,2321900,0.0,0.0
2018-06-28 00:00:00-04:00,36.371151950440705,37.19553867618395,36.11598258039603,36.969810485839844,2244400,0.0,0.0
2018-06-29 00:00:00-04:00,37.91196956733954,38.019925551722864,37.33293598693148,37.36237716674805,2830900,0.0,0.0
2018-07-02 00:00:00-04:00,36.77353269943584,37.69605923027589,36.71464659346184,37.59791946411133,2074100,0.0,0.0
2018-07-03 00:00:00-04:00,37.89233641017852,38.12787330859652,37.04832107929911,37.11701965332031,1614300,0.0,0.0
2018-07-05 00:00:00-04:00,37.548840552235504,38.48118317473999,37.342744826022646,38.471370697021484,3324000,0.0,0.0
2018-07-06 00:00:00-04:00,38.32415819592962,38.834493156099796,38.01010648871592,38.785423278808594,1777400,0.0,0.0
2018-07-09 00:00:00-04:00,39.011143605976905,39.45277994272735,38.69709193179687,39.43315124511719,1895500,0.0,0.0
2018-07-10 00:00:00-04:00,39.49203319655433,40.00236430573677,39.1976065070687,39.36444854736328,1910100,0.0,0.0
2018-07-11 00:00:00-04:00,38.69709524797842,38.93263215190235,38.04936314650021,38.14750289916992,2905900,0.0,0.0
2018-07-12 00:00:00-04:00,38.69709484756678,39.08966134176677,38.44192550319932,39.011146545410156,2227600,0.0,0.0
2018-07-13 00:00:00-04:00,38.86393571707975,39.20743235792828,38.59895762151701,38.84431076049805,1660500,0.0,0.0
2018-07-16 00:00:00-04:00,38.863940066265656,39.25650663008337,38.73635911524828,39.08966827392578,1605600,0.0,0.0
2018-07-17 00:00:00-04:00,38.79522855045718,39.629431284619436,38.6382027260182,39.5705451965332,1734600,0.0,0.0
2018-07-18 00:00:00-04:00,40.08088386150178,40.68935852091124,39.845343230619,40.61084747314453,3820500,0.0,0.0
2018-07-19 00:00:00-04:00,40.39493535394087,40.39493535394087,39.011143981335714,39.28593826293945,2928700,0.0,0.0
2018-07-20 00:00:00-04:00,39.276128859814285,39.59018056159479,39.01114703447606,39.472412109375,2348400,0.0,0.0
2018-07-23 00:00:00-04:00,39.17798916964926,40.12996058904719,38.50081582385219,39.97293472290039,3071000,0.0,0.0
2018-07-24 00:00:00-04:00,40.49308066677338,40.84638978815174,39.32520106558764,39.62944030761719,2748300,0.0,0.0
2018-07-25 00:00:00-04:00,43.7808081054359,44.94868752280558,41.17025125076922,42.161476135253906,9627000,0.0,0.0
2018-07-26 00:00:00-04:00,42.397020466722026,43.62378608356125,42.210549696935864,43.201778411865234,4885400,0.0,0.0
2018-07-27 00:00:00-04:00,43.40787679283869,43.71211603219427,43.09382507521633,43.42750549316406,3946800,0.0,0.0
2018-07-30 00:00:00-04:00,43.44713122681772,43.663043171862036,42.387203944372715,42.416648864746094,2385400,0.0,0.0
2018-07-31 00:00:00-04:00,42.56385915018376,43.074194100319346,42.44609069824219,42.44609069824219,2745400,0.0,0.0
2018-08-01 00:00:00-04:00,42.3675717489144,42.95642143849607,42.171292262845064,42.48534393310547,2132600,0.0,0.0
2018-08-02 00:00:00-04:00,42.014267662490624,42.89753660713508,41.47448782856246,42.76013946533203,1352400,0.0,0.0
2018-08-03 00:00:00-04:00,42.78958471900118,43.00549667315291,42.593305208454176,42.936798095703125,2880700,0.0,0.0
2018-08-06 00:00:00-04:00,43.15270507072895,43.23121611713051,42.72088121225099,43.16251754760742,1609100,0.0,0.0
2018-08-07 00:00:00-04:00,43.18215071790595,43.584529699843856,42.96623876630309,43.19196319580078,1375300,0.0,0.0
2018-08-08 00:00:00-04:00,43.29010363664491,43.68266636917433,42.8092098903415,43.11344909667969,1271300,0.0,0.0
2018-08-09 00:00:00-04:00,42.69144301131548,42.81902768236954,41.827798977997354,41.9161262512207,2558300,0.0,0.0
2018-08-10 00:00:00-04:00,41.35672295369021,41.660962182360194,40.62066356440396,40.934715270996094,3244400,0.0,0.0
2018-08-13 00:00:00-04:00,41.1898825666079,41.297838537321596,40.816944779721894,40.84638595581055,2207500,0.0,0.0
2018-08-14 00:00:00-04:00,41.13099604639046,41.621702276361134,40.96415772522031,41.10155487060547,2371400,0.0,0.0
2018-08-15 00:00:00-04:00,40.679548565852784,40.83657441491258,39.452782950138236,39.61962127685547,2693500,0.0,0.0
2018-08-16 00:00:00-04:00,39.95330213981757,40.20847148738398,39.384084834262254,39.472412109375,2303700,0.0,0.0
2018-08-17 00:00:00-04:00,39.10928790771991,39.1681740074125,38.24564757497871,38.53025436401367,3744200,0.0,0.0
2018-08-20 00:00:00-04:00,38.55969174532192,38.77559991439005,38.10824296733561,38.42229461669922,2128500,0.0,0.0
2018-08-21 00:00:00-04:00,38.64803040995141,39.51167082864882,38.50081701796395,39.138736724853516,2065800,0.0,0.0
2018-08-22 00:00:00-04:00,38.981701840292416,39.25649611508482,38.72653251902128,39.18779754638672,1255700,0.0,0.0
2018-08-23 00:00:00-04:00,39.197616432077375,39.87479349680948,39.16817525319052,39.521484375,1876200,0.0,0.0
2018-08-24 00:00:00-04:00,39.91404861917336,40.0907031865625,39.68832417057433,39.97293472290039,1526500,0.0,0.0
2018-08-27 00:00:00-04:00,40.28697499807772,41.00340554261551,40.2379051308227,40.90526580810547,1916000,0.0,0.0
2018-08-28 00:00:00-04:00,41.00341874846185,41.140815918543346,40.5715985362354,40.92490768432617,1434700,0.0,0.0
2018-08-29 00:00:00-04:00,41.12118301729303,41.12118301729303,40.51270460476415,40.74824523925781,1563000,0.0,0.0
2018-08-30 00:00:00-04:00,40.64029674818132,40.73843651339797,40.31643252793272,40.35568618774414,1127400,0.0,0.0
2018-08-31 00:00:00-04:00,40.434193662423034,40.51270471160038,40.08088458164653,40.42437744140625,1460700,0.0,0.0
2018-09-04 00:00:00-04:00,40.32602633641018,40.8374788279888,40.13915097971388,40.52273941040039,1598300,0.09,0.0
2018-09-05 00:00:00-04:00,40.38503112838655,40.62108375563716,39.98177111751031,40.23749542236328,2305800,0.0,0.0
2018-09-06 00:00:00-04:00,40.19815892025121,40.267007927602606,38.703144935497455,38.93920135498047,2584800,0.0,0.0
2018-09-07 00:00:00-04:00,38.9392052334855,39.61786141011317,38.79166948761476,39.04739761352539,2205600,0.0,0.0
2018-09-10 00:00:00-04:00,39.58835068351735,39.58835068351735,38.64413253663638,38.8015022277832,1431600,0.0,0.0
2018-09-11 00:00:00-04:00,38.565441037032656,38.63429003388006,37.876947316569655,37.92612838745117,2553700,0.0,0.0
2018-09-12 00:00:00-04:00,37.040927278084055,37.29665162644719,35.84098100409746,36.06719970703125,5786800,0.0,0.0
2018-09-13 00:00:00-04:00,36.49997617850612,37.414688881999055,36.4311271579843,36.7950439453125,2704800,0.0,0.0
2018-09-14 00:00:00-04:00,37.06059916900085,37.47369321531004,36.56881839844828,36.92290115356445,1875200,0.0,0.0
2018-09-17 00:00:00-04:00,36.873720151438924,37.16878783396105,36.50979971607212,36.608158111572266,1446100,0.0,0.0
2018-09-18 00:00:00-04:00,36.745861447122124,37.050763137457636,36.598325708450965,36.863887786865234,2304300,0.0,0.0
2018-09-19 00:00:00-04:00,36.87372463913637,37.040928303852326,36.16555911330504,36.5196418762207,1747300,0.0,0.0
2018-09-20 00:00:00-04:00,36.834388498564216,37.46386742184593,36.60816974500925,37.14912796020508,2238600,0.0,0.0
2018-09-21 00:00:00-04:00,37.17862242838617,37.75892383972189,37.04092442433858,37.58188247680664,4410700,0.0,0.0
2018-09-24 00:00:00-04:00,37.434358932394844,37.95564542272727,37.22780812785685,37.81794738769531,1466700,0.0,0.0
2018-09-25 00:00:00-04:00,37.67041155453017,37.96547930782611,36.69668759345454,36.85405731201172,2130200,0.0,0.0
2018-09-26 00:00:00-04:00,36.74586507928783,37.070438483661455,36.39178227306929,36.43112564086914,1690300,0.0,0.0
2018-09-27 00:00:00-04:00,36.60816671536212,36.85405713391884,36.401615912262045,36.52947998046875,1306200,0.0,0.0
2018-09-28 00:00:00-04:00,36.352436776724566,36.59832718309092,36.03769735673482,36.372108459472656,3793900,0.0,0.0
2018-10-01 00:00:00-04:00,36.834376929568265,37.0409239328993,36.09670584453815,36.293418884277344,2321900,0.0,0.0
2018-10-02 00:00:00-04:00,36.09671066958172,36.726189479298185,36.09671066958172,36.32292938232422,1767200,0.0,0.0
2018-10-03 00:00:00-04:00,36.12620844926282,36.37209879026133,35.22133379534294,35.99834442138672,2739400,0.0,0.0
2018-10-04 00:00:00-04:00,35.70328396517945,35.713121681917755,35.02462783783101,35.34920120239258,2525100,0.0,0.0
2018-10-05 00:00:00-04:00,35.398381347776166,35.65410569637825,34.227940718125225,34.365638732910156,3306100,0.0,0.0
2018-10-08 00:00:00-04:00,33.72632645968923,34.35580525155216,33.10668163245372,33.952545166015625,2022200,0.0,0.0
2018-10-09 00:00:00-04:00,33.87385532168307,34.0017193620023,33.27388598293114,33.44108963012695,2855400,0.0,0.0
2018-10-10 00:00:00-04:00,32.68374741450071,33.46076188142845,31.877227303913948,31.91657066345215,4942500,0.0,0.0
2018-10-11 00:00:00-04:00,31.946085245266314,33.13619406435641,31.946085245266314,32.1132926940918,3868000,0.0,0.0
2018-10-12 00:00:00-04:00,32.98866015313197,33.283727911255,32.02477014220199,32.703426361083984,2475100,0.0,0.0
2018-10-15 00:00:00-04:00,32.52638495581214,33.214878892759295,32.50671327167192,32.703426361083984,2609400,0.0,0.0
2018-10-16 00:00:00-04:00,33.14602739416689,34.060740002299525,32.900136988797684,34.02139663696289,2316500,0.0,0.0
2018-10-17 00:00:00-04:00,34.70988597461933,35.13281771659999,33.5197774690409,33.57878875732422,2627300,0.0,0.0
2018-10-18 00:00:00-04:00,32.05427113108846,32.70342160535579,31.473969665304825,32.25098419189453,3404800,0.0,0.0
2018-10-19 00:00:00-04:00,32.30015698221158,32.68374533331025,31.9755799146733,32.23130798339844,3068600,0.0,0.0
2018-10-22 00:00:00-04:00,32.45753464711393,32.57556099527352,31.552659724573815,31.759206771850586,2510100,0.0,0.0
2018-10-23 00:00:00-04:00,30.805147685805117,32.05427131427422,30.303531066278275,31.670682907104492,4169900,0.0,0.0
2018-10-24 00:00:00-04:00,30.451064119353777,31.778874438272666,29.723228811053406,29.733064651489258,7696500,0.0,0.0
2018-10-25 00:00:00-04:00,30.93301156208031,32.70342160535579,30.765806023193587,32.25098419189453,7263100,0.0,0.0
2018-10-26 00:00:00-04:00,31.405112839040115,32.319825154894765,31.35593364808355,31.818206787109375,5828500,0.0,0.0
2018-10-29 00:00:00-04:00,32.369007317575495,33.28371977042133,31.43462318540092,31.89689826965332,4901600,0.0,0.0
2018-10-30 00:00:00-04:00,32.0641054319307,33.46076480150737,31.916573448771427,33.43125915527344,3441300,0.0,0.0
2018-10-31 00:00:00-04:00,34.1590935541978,34.35580662250209,33.72632780552014,33.883697509765625,2502000,0.0,0.0
2018-11-01 00:00:00-04:00,34.22794642484436,35.63443995662991,33.696822206130214,35.595096588134766,3791200,0.0,0.0
2018-11-02 00:00:00-04:00,35.62459938023058,35.85081807911682,34.867256561182145,35.51640701293945,2154500,0.0,0.0
2018-11-05 00:00:00-05:00,35.654112912904466,35.74263361918163,34.44433242844337,35.20167541503906,1525700,0.0,0.0
2018-11-06 00:00:00-05:00,35.11315345603462,35.703288975501366,34.98528938442044,35.595096588134766,1573400,0.0,0.0
2018-11-07 00:00:00-05:00,36.11638460482615,36.17539590192548,35.132822965278514,35.959014892578125,1499500,0.0,0.0
2018-11-08 00:00:00-05:00,35.732795205670506,36.322930672747674,35.722957488425,36.14588928222656,1388500,0.0,0.0
2018-11-09 00:00:00-05:00,35.80164148834096,36.02786019186968,34.56235184919643,35.00495529174805,1386100,0.0,0.0
2018-11-12 00:00:00-05:00,34.4344904464033,34.4344904464033,33.10668376864091,33.480438232421875,2475300,0.0,0.0
2018-11-13 00:00:00-05:00,33.79517307744608,34.52300647205602,33.38207530451428,33.46076202392578,2435000,0.0,0.0
2018-11-14 00:00:00-05:00,33.99189009494287,34.66071228011577,33.81484870757418,34.316463470458984,3088400,0.0,0.0
2018-11-15 00:00:00-05:00,34.08041028689022,36.037695732221245,34.04106692316757,35.89999771118164,2248300,0.0,0.0
2018-11-16 00:00:00-05:00,35.02462540163396,36.00818689563328,34.778735028134136,35.81147384643555,1644800,0.0,0.0
2018-11-19 00:00:00-05:00,35.536080321239744,35.84098200449204,34.50334143050241,34.70988845825195,1761300,0.0,0.0
2018-11-20 00:00:00-05:00,33.31322505352113,34.89675957847966,32.54604832793442,34.70004653930664,2970700,0.0,0.0
2018-11-21 00:00:00-05:00,35.09347992923982,35.58526075363837,34.64104247127074,35.221343994140625,1306400,0.0,0.0
2018-11-23 00:00:00-05:00,34.72956113189352,35.732794405038,34.72956113189352,35.2705192565918,315000,0.0,0.0
2018-11-26 00:00:00-05:00,35.89016413906653,36.145888502083345,35.33936829688991,36.01802444458008,1202400,0.0,0.0
2018-11-27 00:00:00-05:00,35.78138167268833,36.0278778201807,35.46586690479671,35.761661529541016,1806200,0.09,0.0
2018-11-28 00:00:00-05:00,35.96872744987058,36.05746623823412,35.456014868351645,35.88985061645508,5100900,0.0,0.0
2018-11-29 00:00:00-05:00,35.879991752630104,36.0180290439247,34.85456650125008,34.87428665161133,2763700,0.0,0.0
2018-11-30 00:00:00-05:00,34.73624433871482,35.20951659526433,34.30241237718616,35.189796447753906,3284500,0.0,0.0
2018-12-03 00:00:00-05:00,36.12648269489889,36.60961690484659,34.894001687233214,35.45601272583008,4077800,0.0,0.0
2018-12-04 00:00:00-05:00,35.288394070218466,35.36727089206375,33.9375922942483,34.006614685058594,2914400,0.0,0.0
2018-12-06 00:00:00-05:00,32.96147203270686,33.34600550136732,32.36988265957283,33.33614730834961,3373200,0.0,0.0
2018-12-07 00:00:00-05:00,33.44459531532493,33.44459531532493,31.83744314998181,32.152957916259766,2759000,0.0,0.0
2018-12-10 00:00:00-05:00,32.0543656849806,32.65581704277163,31.906470214837135,32.40932083129883,1865200,0.0,0.0
2018-12-11 00:00:00-05:00,32.8628676905392,33.700953074806264,32.438894022385455,32.498050689697266,1697200,0.0,0.0
2018-12-12 00:00:00-05:00,33.129086476420355,33.56292217859787,32.626235903081316,32.892452239990234,2052100,0.0,0.0
2018-12-13 00:00:00-05:00,32.853017161629396,33.06993504714972,32.39946500211778,32.53750228881836,1818900,0.0,0.0
2018-12-14 00:00:00-05:00,32.014926718429244,32.665676516849345,31.74871037890737,32.05436325073242,1651800,0.0,0.0
2018-12-17 00:00:00-05:00,31.85716720304982,32.37973789360479,31.2951543409446,31.354312896728516,2786900,0.0,0.0
2018-12-18 00:00:00-05:00,31.610674254247726,32.79385301320363,31.423336614417426,31.512073516845703,2799000,0.0,0.0
2018-12-19 00:00:00-05:00,31.324741188755226,31.965629126516415,30.131698464146872,30.171138763427734,3957700,0.0,0.0
2018-12-20 00:00:00-05:00,30.250012363371447,30.900762146469443,29.471083509914255,30.259872436523438,4532700,0.0,0.0
2018-12-21 00:00:00-05:00,29.757019444007433,30.13169281383172,29.09640959986683,29.145708084106445,6730500,0.0,0.0
2018-12-24 00:00:00-05:00,28.92879448798348,29.46122530768608,28.485100571050662,28.534400939941406,1564500,0.0,0.0
2018-12-26 00:00:00-05:00,28.948511674397228,30.08239371426471,28.32734025423089,30.062673568725586,2139300,0.0,0.0
2018-12-27 00:00:00-05:00,29.42178694502105,30.53594895527976,29.25416945173079,30.486650466918945,2333700,0.0,0.0
2018-12-28 00:00:00-05:00,31.374036347713094,31.512073619291137,30.55566903078353,30.752866744995117,2745900,0.0,0.0
2018-12-31 00:00:00-05:00,31.166980650067032,31.314877996412527,30.476790526299,30.940202713012695,2307400,0.0,0.0
2019-01-02 00:00:00-05:00,30.11197587929134,31.71912835168299,30.11197587929134,31.295156478881836,2411000,0.0,0.0
2019-01-03 00:00:00-05:00,30.496507848296435,30.772582367730294,29.16542809328572,29.185148239135742,4214200,0.0,0.0
2019-01-04 00:00:00-05:00,29.796457827995724,30.802162702742724,29.599262010601187,30.664125442504883,3446100,0.0,0.0
2019-01-07 00:00:00-05:00,30.77258515225236,31.295157780864365,30.22043418280548,30.71342658996582,2407500,0.0,0.0
2019-01-08 00:00:00-05:00,30.81202399553589,31.147258967056654,29.973936566733972,30.34861183166504,1889000,0.0,0.0
2019-01-09 00:00:00-05:00,30.575391163089254,31.945911416530066,30.575391163089254,31.452917098999023,2651100,0.0,0.0
2019-01-10 00:00:00-05:00,31.186694991729368,31.867024956027215,31.02893759140183,31.719125747680664,1589600,0.0,0.0
2019-01-11 00:00:00-05:00,31.462774613341505,32.20226320854185,31.45291453973149,31.876890182495117,1403900,0.0,0.0
2019-01-14 00:00:00-05:00,30.673988776356914,31.403617327576953,30.407772419925912,31.048662185668945,2764700,0.0,0.0
2019-01-15 00:00:00-05:00,31.0881013532278,31.53179338389018,31.009222644624483,31.344457626342773,2224400,0.0,0.0
2019-01-16 00:00:00-05:00,31.35431418657021,31.857168513577744,31.245857143274133,31.265575408935547,1639700,0.0,0.0
2019-01-17 00:00:00-05:00,31.009221446200797,31.857168941378124,30.910622594103046,31.659971237182617,2838300,0.0,0.0
2019-01-18 00:00:00-05:00,31.886750925969153,32.90231414101334,31.857172583390017,32.43890380859375,2448500,0.0,0.0
2019-01-22 00:00:00-05:00,32.01492460555131,32.1233835250023,31.186695421493607,31.354312896728516,2152500,0.0,0.0
2019-01-23 00:00:00-05:00,31.758566965223988,31.99520495324021,31.068378788795943,31.482492446899414,4397800,0.0,0.0
2019-01-24 00:00:00-05:00,34.21366590989917,36.944843666339246,33.57277442406677,35.53488540649414,10477600,0.0,0.0
2019-01-25 00:00:00-05:00,35.31797345647538,36.422275323716946,35.002458637263494,36.23493957519531,3998100,0.0,0.0
2019-01-28 00:00:00-05:00,35.505307269654125,36.757508285685184,34.78553889248348,36.25465774536133,3644000,0.0,0.0
2019-01-29 00:00:00-05:00,36.24479257762163,36.4321320605502,35.78138236895674,35.83068084716797,2010700,0.0,0.0
2019-01-30 00:00:00-05:00,36.303958616570924,36.67863387907636,35.64335063177542,36.38283920288086,2711600,0.0,0.0
2019-01-31 00:00:00-05:00,36.04760675558735,36.56031931877353,35.40671511129622,35.485595703125,3874500,0.0,0.0
2019-02-01 00:00:00-05:00,35.73209176772646,36.60961766152449,35.50531194774319,36.24480056762695,2990100,0.0,0.0
2019-02-04 00:00:00-05:00,36.24480279353328,36.41242218017578,35.92928793057148,36.41242218017578,1650300,0.0,0.0
2019-02-05 00:00:00-05:00,36.49129925696894,36.97443350977288,36.323683630450226,36.826534271240234,1694900,0.0,0.0
2019-02-06 00:00:00-05:00,37.03359424796669,38.37453055433784,37.03359424796669,37.960418701171875,2701400,0.0,0.0
2019-02-07 00:00:00-05:00,37.48714015805006,37.812513165470506,36.78709189736471,37.112464904785156,2275700,0.0,0.0
2019-02-08 00:00:00-05:00,36.71807176773527,37.33923941869842,36.52087407610737,37.01386642456055,1767300,0.0,0.0
2019-02-11 00:00:00-05:00,36.934987435128456,37.45756190464768,36.74765168868694,37.33924102783203,1421300,0.0,0.0
2019-02-12 00:00:00-05:00,37.68433787028648,38.413964469735035,37.526580462738146,38.36466598510742,1707600,0.0,0.0
2019-02-13 00:00:00-05:00,38.453403888827935,38.906955955077116,38.43368374317799,38.60130310058594,2877200,0.0,0.0
2019-02-14 00:00:00-05:00,38.5618632568653,39.330930139973624,38.45340433514833,38.975975036621094,1820800,0.0,0.0
2019-02-15 00:00:00-05:00,39.00556006139022,39.53798899511683,38.946399619316814,39.212615966796875,1742100,0.0,0.0
2019-02-19 00:00:00-05:00,39.439388779329974,40.23803775615536,39.350650004127154,39.814064025878906,2569900,0.0,0.0
2019-02-20 00:00:00-05:00,40.10000184300675,40.7113151550293,39.873225779992076,40.7113151550293,2340100,0.0,0.0
2019-02-21 00:00:00-05:00,40.760717721858995,40.760717721858995,40.33581781738425,40.61249542236328,1812200,0.09,0.0
2019-02-22 00:00:00-05:00,40.09866788079634,40.77059868911234,40.019614980141654,40.75083923339844,1578000,0.0,0.0
2019-02-25 00:00:00-05:00,41.19549778439652,41.98601169736858,41.076922205230595,41.57099151611328,2211600,0.0,0.0
2019-02-26 00:00:00-05:00,41.31407086893386,41.65991782633422,40.87928752883155,40.97810363769531,1689200,0.0,0.0
2019-02-27 00:00:00-05:00,40.82000791380183,40.928699996102374,40.25676919968664,40.731075286865234,1204300,0.0,0.0
2019-02-28 00:00:00-05:00,40.26665403042415,40.53345194504564,40.07890902507577,40.345706939697266,1473600,0.0,0.0
2019-03-01 00:00:00-05:00,40.88917319914936,41.14608755696099,40.23700192375904,40.51367950439453,1521000,0.0,0.0
2019-03-04 00:00:00-05:00,40.65202064580346,40.95834496311554,39.614475888965096,40.15795135498047,1849300,0.0,0.0
2019-03-05 00:00:00-05:00,40.108548057047486,40.187597189136135,39.85163366594711,39.92080307006836,1182500,0.0,0.0
2019-03-06 00:00:00-05:00,39.871391872048704,40.00973444540444,39.43661223556548,39.46625518798828,1392000,0.0,0.0
2019-03-07 00:00:00-05:00,39.2883936591095,39.29827715715386,38.14215290021712,38.40895080566406,2503500,0.0,0.0
2019-03-08 00:00:00-05:00,37.825948359048176,38.369427661465544,37.54927072832661,38.290374755859375,2199600,0.0,0.0
2019-03-11 00:00:00-04:00,38.458350152613434,39.22910077674139,38.40894397952239,39.06111526489258,1230800,0.0,0.0
2019-03-12 00:00:00-04:00,39.11052356337177,39.318031743300914,38.67574021176874,39.12040328979492,1261900,0.0,0.0
2019-03-13 00:00:00-04:00,39.32791603043107,39.32791603043107,38.379303866934464,39.14017105102539,2189400,0.0,0.0
2019-03-14 00:00:00-04:00,39.15993738001873,39.357565872109944,38.7350374413301,38.80420684814453,1690500,0.0,0.0
2019-03-15 00:00:00-04:00,39.0413511211838,40.108542528143374,38.80419998815898,39.98008346557617,3890300,0.0,0.0
2019-03-18 00:00:00-04:00,39.960321548295866,40.44451109566657,39.60459483713815,39.91091537475586,2611400,0.0,0.0
2019-03-19 00:00:00-04:00,40.08878602063743,40.296294239155564,39.80222489823625,40.05914306640625,1535300,0.0,0.0
2019-03-20 00:00:00-04:00,40.07890630955439,40.07890630955439,38.73503709856589,39.110530853271484,3597000,0.0,0.0
2019-03-21 00:00:00-04:00,39.06111608767068,40.39510540592416,38.972183466453785,40.02949142456055,4585400,0.0,0.0
2019-03-22 00:00:00-04:00,39.85163205837268,40.23700551420257,39.120407826438004,39.14017105102539,3130500,0.0,0.0
2019-03-25 00:00:00-04:00,38.94255419417779,39.31804803447768,38.62635004533075,39.04136657714844,1204800,0.0,0.0
2019-03-26 00:00:00-04:00,38.97218469556372,39.72317213606882,38.97218469556372,39.32791519165039,1219300,0.0,0.0
2019-03-27 00:00:00-04:00,39.31804435319721,39.58484228557908,38.39907495369867,38.83385467529297,1510600,0.0,0.0
2019-03-28 00:00:00-04:00,38.90301742433986,39.238984714643564,38.547286908788905,38.754798889160156,1060400,0.0,0.0
2019-03-29 00:00:00-04:00,39.17969810242531,39.4662554397229,39.03147580046644,39.3674430847168,1160700,0.0,0.0
2019-04-01 00:00:00-04:00,39.654004951952054,41.403010809140646,39.654004951952054,41.28443145751953,2904800,0.0,0.0
2019-04-02 00:00:00-04:00,41.235026252816155,41.689569136414875,40.68166724053301,41.52158737182617,2232900,0.0,0.0
2019-04-03 00:00:00-04:00,42.19352125412628,43.2113028609057,41.788384557009735,43.08284378051758,2964600,0.0,0.0
2019-04-04 00:00:00-04:00,42.954385769142014,43.2310633684764,42.48007969766183,43.11248779296875,1693500,0.0,0.0
2019-04-05 00:00:00-04:00,43.369409327611685,43.87336220324905,43.12237463901107,43.62632751464844,1576000,0.0,0.0
2019-04-08 00:00:00-04:00,43.596671278598706,43.843705913311105,43.11248550545405,43.784420013427734,1270400,0.0,0.0
2019-04-09 00:00:00-04:00,43.52750287247299,43.67572516445152,43.0136703682501,43.18165588378906,2599800,0.0,0.0
2019-04-10 00:00:00-04:00,43.15201318819218,43.54727015736462,42.618421180094145,43.3990478515625,2886000,0.0,0.0
2019-04-11 00:00:00-04:00,43.4780972874625,43.68560548348477,42.86545242658502,43.09272384643555,1536500,0.0,0.0
2019-04-12 00:00:00-04:00,43.725135674973274,43.823948033125475,43.30023574990907,43.61643981933594,1273600,0.0,0.0
2019-04-15 00:00:00-04:00,43.47809765538489,43.725132301154126,42.885216013318555,43.41880798339844,1364100,0.0,0.0
2019-04-16 00:00:00-04:00,43.952408207307535,44.67374899421676,43.478102091372016,44.59469985961914,1836400,0.0,0.0
2019-04-17 00:00:00-04:00,44.920785086300214,45.029480948079325,44.041342232923846,44.31801986694336,2130200,0.0,0.0
2019-04-18 00:00:00-04:00,44.46623311979486,44.65397808041003,44.06109647992581,44.27848815917969,1430600,0.0,0.0
2019-04-22 00:00:00-04:00,44.179681049933606,44.34766659162406,44.00181577964961,44.31801986694336,1701100,0.0,0.0
2019-04-23 00:00:00-04:00,44.110510000830985,44.35754467043192,43.833832377101906,44.06110382080078,3200600,0.0,0.0
2019-04-24 00:00:00-04:00,46.155952595135886,48.86345398800032,45.41484865326363,47.420772552490234,10154900,0.0,0.0
2019-04-25 00:00:00-04:00,47.88520089716834,48.300221114747714,46.966231596939046,47.578880310058594,3959400,0.0,0.0
2019-04-26 00:00:00-04:00,47.31208129615057,48.9425078648307,46.81801195362024,48.181640625,2745800,0.0,0.0
2019-04-29 00:00:00-04:00,48.19152104276521,48.685590353718986,47.934602890177416,48.51760482788086,2018300,0.0,0.0
2019-04-30 00:00:00-04:00,48.26069069506211,48.75476000857853,47.84567051159446,48.418792724609375,1665400,0.0,0.0
2019-05-01 00:00:00-04:00,48.744882459953914,49.23895179555718,48.16188049316406,48.16188049316406,1748100,0.0,0.0
2019-05-02 00:00:00-04:00,48.10258343757063,48.85356705393839,47.77649591675417,48.3792610168457,1744700,0.0,0.0
2019-05-03 00:00:00-04:00,48.665827524595656,48.87333573221534,48.35950319231203,48.843692779541016,1907500,0.0,0.0
2019-05-06 00:00:00-04:00,47.361488695391046,48.31998445079136,46.818013158510986,48.003780364990234,1913700,0.0,0.0
2019-05-07 00:00:00-04:00,47.46029985045194,47.559115980655484,46.43263848248472,47.549232482910156,2142300,0.0,0.0
2019-05-08 00:00:00-04:00,47.183617141329584,48.18163544743656,47.11444774236423,47.6183967590332,2212400,0.0,0.0
2019-05-09 00:00:00-04:00,46.77848024882611,47.60851680185083,46.086782493063936,47.40100860595703,2156400,0.0,0.0
2019-05-10 00:00:00-04:00,47.12432961229963,48.04329883399506,46.650023525206784,47.67768859863281,1570800,0.0,0.0
2019-05-13 00:00:00-04:00,45.85951576778922,46.323942151382866,44.89114031837367,45.21722412109375,2008200,0.0,0.0
2019-05-14 00:00:00-04:00,45.819983232754176,46.314052504785664,45.33579745705499,45.681644439697266,1351600,0.0,0.0
2019-05-15 00:00:00-04:00,45.118410512177086,46.73895729161541,44.95042875137058,46.235008239746094,1103300,0.0,0.0
2019-05-16 00:00:00-04:00,46.19548440806491,46.86741902828366,45.59271919556425,46.41287612915039,1850100,0.0,0.0
2019-05-17 00:00:00-04:00,45.9484419164573,46.363458292173476,45.27650741053166,45.355560302734375,1363900,0.0,0.0
2019-05-20 00:00:00-04:00,43.586797249729514,44.466240061160484,43.29035640321175,43.31011962890625,2847300,0.0,0.0
2019-05-21 00:00:00-04:00,43.90300067572986,44.41683322787411,43.19153963899939,43.3990478515625,3962700,0.0,0.0
2019-05-22 00:00:00-04:00,42.97414813539108,43.389164526107514,42.63818087028514,42.98402786254883,2182700,0.0,0.0
2019-05-23 00:00:00-04:00,42.292337114493996,42.489965615432546,41.19550251526267,41.80815124511719,2309800,0.0,0.0
2019-05-24 00:00:00-04:00,42.03541907162439,42.3812660913112,41.353600990742095,41.39312744140625,2065600,0.0,0.0
2019-05-28 00:00:00-04:00,41.47234918268194,41.74962250764767,40.92770353254251,41.175270080566406,1804500,0.09,0.0
2019-05-29 00:00:00-04:00,40.719745585807665,41.95757835099268,40.5216915878649,41.90806579589844,2195800,0.0,0.0
2019-05-30 00:00:00-04:00,41.96748266984627,42.88843053928321,41.96748266984627,42.135826110839844,1508300,0.0,0.0
2019-05-31 00:00:00-04:00,41.610989356105385,42.512131515843905,41.571377798463544,41.729820251464844,2178500,0.0,0.0
2019-06-03 00:00:00-04:00,42.03680515830523,42.48242574847703,41.482254670806306,41.88826370239258,1700300,0.0,0.0
2019-06-04 00:00:00-04:00,42.47251837224526,43.94801672999602,42.11602192191268,43.88859939575195,2226900,0.0,0.0
2019-06-05 00:00:00-04:00,44.13616735056717,44.35402713878273,43.1855126380073,44.10646057128906,1901600,0.0,0.0
2019-06-06 00:00:00-04:00,44.304511043955905,44.720421030911375,44.04703971887951,44.45304870605469,1994900,0.0,0.0
2019-06-07 00:00:00-04:00,44.66100571757619,45.076919500890796,44.46295549249542,44.769935607910156,1743000,0.0,0.0
2019-06-10 00:00:00-04:00,45.21555915255856,46.77027694292331,45.21555915255856,46.453392028808594,2702900,0.0,0.0
2019-06-11 00:00:00-04:00,47.19608882091057,47.46346115886899,46.46329014159126,46.899009704589844,1614700,0.0,0.0
2019-06-12 00:00:00-04:00,46.20582397079309,46.29494808612571,44.96799113426567,45.00760269165039,1546400,0.0,0.0
2019-06-13 00:00:00-04:00,45.28487761808807,45.60176253308913,44.33422287308487,44.65110778808594,1617700,0.0,0.0
2019-06-14 00:00:00-04:00,43.9678225849984,43.98762458554849,43.03696990137572,43.60142135620117,1733300,0.0,0.0
2019-06-17 00:00:00-04:00,43.57171116036446,44.31441078241612,43.27463206705691,43.66083526611328,1694000,0.0,0.0
2019-06-18 00:00:00-04:00,43.67073767107662,45.423509288836264,43.67073767107662,45.37399673461914,1725400,0.0,0.0
2019-06-19 00:00:00-04:00,45.71069096765819,45.74039774699916,44.9976980429465,45.027408599853516,1357600,0.0,0.0
2019-06-20 00:00:00-04:00,45.9285457581668,46.04737664016498,45.1462345817504,45.75029754638672,1048000,0.0,0.0
2019-06-21 00:00:00-04:00,45.473025191760385,45.76020331596002,45.32448751817045,45.60176086425781,2304200,0.0,0.0
2019-06-24 00:00:00-04:00,45.48292730137524,45.94835362862891,45.48292730137524,45.780006408691406,987900,0.0,0.0
2019-06-25 00:00:00-04:00,45.987964182743134,46.41377898071385,44.98779691295803,45.00760269165039,1422900,0.0,0.0
2019-06-26 00:00:00-04:00,45.780006476919425,46.34445791493111,45.235360816433776,45.492828369140625,1296400,0.0,0.0
2019-06-27 00:00:00-04:00,45.80971583440256,46.52270875523196,45.80971583440256,46.1959228515625,1241200,0.0,0.0
2019-06-28 00:00:00-04:00,46.57221780002809,47.65160810038961,46.43358113756132,47.44365310668945,5009100,0.0,0.0
2019-07-01 00:00:00-04:00,48.91915344674883,49.28555089543154,47.90908143525394,48.35470199584961,2527700,0.0,0.0
2019-07-02 00:00:00-04:00,48.097234101599234,48.20616399949177,46.938624338704756,47.087162017822266,1474800,0.0,0.0
2019-07-03 00:00:00-04:00,47.196088427620985,47.24560098366752,46.493000310088796,46.83959197998047,1039900,0.0,0.0
2019-07-05 00:00:00-04:00,46.502904588345366,46.7009586040586,45.829523201460056,46.453392028808594,1370300,0.0,0.0
2019-07-08 00:00:00-04:00,46.17611707292101,46.53261353333571,45.85923216978929,46.1959228515625,1501800,0.0,0.0
2019-07-09 00:00:00-04:00,45.750296573567766,46.12659876572034,45.26506450124744,45.898834228515625,2416300,0.0,0.0
2019-07-10 00:00:00-04:00,46.39397812054942,47.0277517731974,45.29478561833597,45.47303009033203,2452600,0.0,0.0
2019-07-11 00:00:00-04:00,45.443321213205415,45.552251113757606,44.14607474043429,44.8293571472168,2171100,0.0,0.0
2019-07-12 00:00:00-04:00,44.829353794479,45.89883938500364,44.7897422376832,45.809715270996094,1401800,0.0,0.0
2019-07-15 00:00:00-04:00,46.02756881713867,46.28504012384719,45.651266633715316,46.02756881713867,1513500,0.0,0.0
2019-07-16 00:00:00-04:00,44.740222798056244,45.41360404973422,43.363753520456235,44.72041702270508,2547400,0.0,0.0
2019-07-17 00:00:00-04:00,45.01750526276226,45.3046833974714,44.36392965337679,44.65110778808594,1770900,0.0,0.0
2019-07-18 00:00:00-04:00,44.710523154819846,45.869132865912384,44.41344025473521,45.849327087402344,2360100,0.0,0.0
2019-07-19 00:00:00-04:00,45.83942394111291,46.12660204971627,45.33438605666345,45.51263427734375,1436400,0.0,0.0
2019-07-22 00:00:00-04:00,45.94835933842449,46.790084210011955,45.93845455966251,46.38407516479492,1815600,0.0,0.0
2019-07-23 00:00:00-04:00,46.69105358295269,47.760539131612745,46.552413139594435,47.62190246582031,2831200,0.0,0.0
2019-07-24 00:00:00-04:00,52.78119127881407,58.039506516829356,52.612847826645464,57.37602615356445,16165100,0.0,0.0
2019-07-25 00:00:00-04:00,56.583808679839024,57.138359098201235,55.20733929991095,55.35588073730469,5353700,0.0,0.0
2019-07-26 00:00:00-04:00,55.69257611236243,56.71254915111849,55.48461732685771,55.8015022277832,2406300,0.0,0.0
2019-07-29 00:00:00-04:00,55.77178813636744,57.45524131278916,55.65295725849223,57.02942657470703,3573900,0.0,0.0
2019-07-30 00:00:00-04:00,56.26692163882124,57.187869449036945,55.05879574207256,56.801666259765625,2914200,0.0,0.0
2019-07-31 00:00:00-04:00,56.79176450284776,56.79176450284776,54.514153020664125,55.18753433227539,3704000,0.0,0.0
2019-08-01 00:00:00-04:00,55.85101446978975,56.554102556094584,53.523886663301845,54.26658630371094,2621700,0.0,0.0
2019-08-02 00:00:00-04:00,53.77145823238991,54.22697981443769,52.652456278606394,52.94953918457031,2282500,0.0,0.0
2019-08-05 00:00:00-04:00,51.345301835575974,51.96917060994551,50.61250695050202,51.226470947265625,2792500,0.0,0.0
2019-08-06 00:00:00-04:00,52.13751281614163,52.44449289621266,50.23619989823072,50.76103973388672,4784800,0.0,0.0
2019-08-07 00:00:00-04:00,50.43426214695354,50.59270460129287,49.40438430496485,49.95893478393555,6208200,0.0,0.0
2019-08-08 00:00:00-04:00,50.790753724723295,52.11771056867568,50.46396406922278,51.889949798583984,3713700,0.0,0.0
2019-08-09 00:00:00-04:00,51.42452769432108,51.9988801664864,50.51348076174591,51.66218948364258,1865700,0.0,0.0
2019-08-12 00:00:00-04:00,51.25617341940713,52.59303496647336,50.8105566812839,51.74140548706055,2036200,0.0,0.0
2019-08-13 00:00:00-04:00,51.216568340228584,53.82096568912841,50.59269958543388,53.05846405029297,2051500,0.0,0.0
2019-08-14 00:00:00-04:00,51.74141090692511,52.355374916427586,50.76104566971753,50.79075622558594,2135700,0.0,0.0
2019-08-15 00:00:00-04:00,51.02841503632025,51.81072622497874,50.81055904550871,51.5235481262207,1596100,0.0,0.0
2019-08-16 00:00:00-04:00,51.79091869457974,52.900015720687456,51.79091869457974,52.434593200683594,1200100,0.0,0.0
2019-08-19 00:00:00-04:00,53.37534981221131,53.741747249324774,52.484108719161505,52.60293960571289,1344800,0.0,0.0
2019-08-20 00:00:00-04:00,52.890117353216944,53.10797712505896,52.16722348377341,52.54352569580078,1135500,0.0,0.0
2019-08-21 00:00:00-04:00,53.236705598018965,53.365441252906564,52.64254742980245,52.90991973876953,2005900,0.0,0.0
2019-08-22 00:00:00-04:00,53.42486384237038,53.494182176237025,52.15732049973907,53.127784729003906,881200,0.0,0.0
2019-08-23 00:00:00-04:00,52.57323530190424,53.276323431963284,51.23637737699952,51.483943939208984,1389800,0.0,0.0
2019-08-26 00:00:00-04:00,52.375180350788185,52.375180350788185,51.57306712135697,51.9394645690918,791100,0.0,0.0
2019-08-27 00:00:00-04:00,52.345474385836106,52.45440427734384,51.27598502655944,51.46413803100586,830100,0.0,0.0
2019-08-28 00:00:00-04:00,51.26608289407771,51.66218711732587,50.82046233755341,51.285888671875,1363000,0.0,0.0
2019-08-29 00:00:00-04:00,52.05829291389382,52.62274433573605,52.00878036027999,52.137516021728516,1210300,0.0,0.0
2019-08-30 00:00:00-04:00,52.64255214560865,52.86041192300151,51.771116813603044,52.454402923583984,1475700,0.0,0.0
2019-09-03 00:00:00-04:00,52.29569238420515,52.53375866201147,51.47237069546972,51.789794921875,1042600,0.09,0.0
2019-09-04 00:00:00-04:00,52.75198943125899,53.46619583530311,51.86915306181294,53.20828628540039,1407800,0.0,0.0
2019-09-05 00:00:00-04:00,53.843136214004275,55.67824910039327,53.8133788743532,55.46993637084961,2407800,0.0,0.0
2019-09-06 00:00:00-04:00,55.54928890725797,56.084943672736756,55.08307045019365,55.62864685058594,1631300,0.0,0.0
2019-09-09 00:00:00-04:00,56.075025765144616,57.50343856803502,54.755732033580856,56.938026428222656,2836400,0.0,0.0
2019-09-10 00:00:00-04:00,56.92810321149932,57.44391851110598,55.28146366367603,56.39244842529297,3042900,0.0,0.0
2019-09-11 00:00:00-04:00,56.848752277765676,57.61255552725528,56.11470636786809,57.28520965576172,1340600,0.0,0.0
2019-09-12 00:00:00-04:00,57.53319165533801,57.73158272818989,56.40236745927573,56.9281005859375,2251900,0.0,0.0
2019-09-13 00:00:00-04:00,57.136407351246696,57.662144242043176,56.34284687381171,57.37447738647461,1734000,0.0,0.0
2019-09-16 00:00:00-04:00,56.62060332838373,57.60263336591511,56.194063806144335,57.47367858886719,1093700,0.0,0.0
2019-09-17 00:00:00-04:00,57.324882757118885,57.731582753848265,56.83882481761549,57.5331916809082,1935600,0.0,0.0
2019-09-18 00:00:00-04:00,57.31496836544357,58.11845060959299,57.0769020750259,58.0291748046875,2096700,0.0,0.0
2019-09-19 00:00:00-04:00,58.108530316696914,58.91200874310153,57.711748137339974,58.267242431640625,2016700,0.0,0.0
2019-09-20 00:00:00-04:00,58.53506136569045,58.832649868385424,57.146331417092235,57.74150085449219,2750400,0.0,0.0
2019-09-23 00:00:00-04:00,58.058928564773666,58.842571272398864,57.75142597661343,58.23748016357422,1487900,0.0,0.0
2019-09-24 00:00:00-04:00,58.43587318731169,58.83265537202626,57.6323909660626,57.68199157714844,3045500,0.0,0.0
2019-09-25 00:00:00-04:00,57.22568523899355,59.23934951778703,56.93802215687589,58.9417610168457,1584900,0.0,0.0
2019-09-26 00:00:00-04:00,59.24926751248731,59.269106998197906,58.44578536918568,58.74337387084961,1765900,0.0,0.0
2019-09-27 00:00:00-04:00,58.61442336050902,58.84257178674952,56.17422320089826,56.938026428222656,2119400,0.0,0.0
2019-09-30 00:00:00-04:00,57.43400609795397,57.63239341474497,57.01738440790273,57.44392395019531,1531700,0.0,0.0
2019-10-01 00:00:00-04:00,58.267241696394535,58.49539012224753,57.03721998310531,57.642311096191406,1773200,0.0,0.0
2019-10-02 00:00:00-04:00,57.116579589805255,57.55303696706561,56.511488459151906,56.878509521484375,1877400,0.0,0.0
2019-10-03 00:00:00-04:00,57.027298917683765,58.00932887866391,56.43212568970045,57.95973205566406,1750500,0.0,0.0
2019-10-04 00:00:00-04:00,58.40611123250712,59.51709596432253,58.12836221155698,59.4774169921875,1993100,0.0,0.0
2019-10-07 00:00:00-04:00,59.20959035077676,59.61629036028705,58.59458141093085,58.89216613769531,1941300,0.0,0.0
2019-10-08 00:00:00-04:00,58.554906013240476,58.57474550076871,56.98762433846323,57.5728759765625,2063600,0.0,0.0
2019-10-09 00:00:00-04:00,58.67394207302842,59.93371734853061,58.07876880794557,59.36830520629883,2844900,0.0,0.0
2019-10-10 00:00:00-04:00,59.63613375779215,60.22138539854341,59.06080375284764,59.398067474365234,2266100,0.0,0.0
2019-10-11 00:00:00-04:00,60.49913354324427,61.25301514156717,60.22138450470822,60.68760299682617,2428400,0.0,0.0
2019-10-14 00:00:00-04:00,60.49913544674584,60.98518965748503,60.042834791935356,60.132110595703125,1314600,0.0,0.0
2019-10-15 00:00:00-04:00,60.31065657015617,61.59027504331124,60.31065657015617,61.1934928894043,1779200,0.0,0.0
2019-10-16 00:00:00-04:00,61.153821325930956,61.32245129173968,59.725408514396854,59.77500534057617,2058100,0.0,0.0
2019-10-17 00:00:00-04:00,60.2114645638238,60.98518562262376,59.47741869429924,59.82460403442383,2747100,0.0,0.0
2019-10-18 00:00:00-04:00,59.854363047722906,59.854363047722906,58.12836550209426,58.455711364746094,2926100,0.0,0.0
2019-10-21 00:00:00-04:00,59.56669274485863,60.62808065274309,59.24926853599571,59.57661437988281,2642300,0.0,0.0
2019-10-22 00:00:00-04:00,59.566692922309045,59.98331456267966,58.406111364695676,58.6739387512207,3589500,0.0,0.0
2019-10-23 00:00:00-04:00,63.038524523991285,64.9133162592851,59.55677601215018,60.211463928222656,8601300,0.0,0.0
2019-10-24 00:00:00-04:00,60.90582971331963,62.77069599560992,60.72727812271811,62.60206604003906,2652600,0.0,0.0
2019-10-25 00:00:00-04:00,62.52270815181709,63.594017696386516,62.52270815181709,63.10795974731445,2219300,0.0,0.0
2019-10-28 00:00:00-04:00,63.83208138086057,64.516530379108,63.32618775015129,63.54441452026367,2128800,0.0,0.0
2019-10-29 00:00:00-04:00,63.494824049961224,64.0899934965031,62.7409387147468,63.10795974731445,1290300,0.0,0.0
2019-10-30 00:00:00-04:00,63.10796221972076,63.207159654027414,61.95729846973009,62.26480484008789,1449800,0.0,0.0
2019-10-31 00:00:00-04:00,61.6993918010216,61.729149138878306,60.062670106989984,60.72727966308594,2186000,0.0,0.0
2019-11-01 00:00:00-04:00,61.014944643131685,61.98706059509154,61.014944643131685,61.88786315917969,1499700,0.0,0.0
2019-11-04 00:00:00-05:00,62.681418800369734,63.09804043046673,62.05649203121669,62.36399459838867,1705800,0.0,0.0
2019-11-05 00:00:00-05:00,62.750859911142854,62.95917263413355,62.026735658447805,62.08625411987305,1394600,0.0,0.0
2019-11-06 00:00:00-05:00,61.947378567088954,62.58222698964951,61.47124225016854,62.51279067993164,1489900,0.0,0.0
2019-11-07 00:00:00-05:00,63.177398657880794,63.77257191292341,61.78866863077177,62.06641387939453,1871000,0.0,0.0
2019-11-08 00:00:00-05:00,62.07633264446012,63.05836260467923,61.927538391580846,62.998844146728516,2121300,0.0,0.0
2019-11-11 00:00:00-05:00,62.532631398849055,63.81224990429518,62.49295242565805,63.55434036254883,1071500,0.0,0.0
2019-11-12 00:00:00-05:00,63.84201069220577,65.02243561245957,63.84201069220577,64.65541076660156,3378800,0.0,0.0
2019-11-13 00:00:00-05:00,64.13960192865247,65.27042628543803,63.57418218226864,65.13155364990234,2534000,0.0,0.0
2019-11-14 00:00:00-05:00,64.85380122509916,65.32001974794318,64.47686229309325,65.04227447509766,2057400,0.0,0.0
2019-11-15 00:00:00-05:00,65.78622978781047,66.65914447104915,65.51840618581353,66.23260498046875,2873500,0.0,0.0
2019-11-18 00:00:00-05:00,66.01438851351253,66.20285418985425,64.49669605881849,64.58597564697266,2261900,0.0,0.0
2019-11-19 00:00:00-05:00,64.7645260247521,65.04227128397079,63.32619533352111,63.64362335205078,2523600,0.0,0.0
2019-11-20 00:00:00-05:00,63.44522826583397,64.15943468317394,62.79054031127078,63.33611297607422,2010400,0.0,0.0
2019-11-21 00:00:00-05:00,63.04844465946056,63.04844465946056,60.92566507033116,61.28276824951172,2243600,0.0,0.0
2019-11-22 00:00:00-05:00,61.729150181643945,62.26480497608418,60.985186450697576,61.46132278442383,1723700,0.0,0.0
2019-11-25 00:00:00-05:00,61.90770561148455,63.30635736087158,61.80851195481699,63.078208923339844,1829600,0.0,0.0
2019-11-26 00:00:00-05:00,63.06826944840872,63.59474392234159,62.68085683969619,63.2470703125,10827500,0.09,0.0
2019-11-27 00:00:00-05:00,63.71395870232706,64.14110279254636,63.415952166893724,63.54508972167969,1186500,0.0,0.0
2019-11-29 00:00:00-05:00,63.27687520252663,63.63448072904304,62.10471301798562,62.17424774169922,712000,0.0,0.0
2019-12-02 00:00:00-05:00,62.154383712916236,62.70072962611432,61.53850307200341,62.12458419799805,1525700,0.0,0.0
2019-12-03 00:00:00-05:00,60.763681029996185,61.7868419087765,60.61467966739523,61.230560302734375,1602500,0.0,0.0
2019-12-04 00:00:00-05:00,61.79677665823606,62.75039906441409,61.79677665823606,62.28352355957031,1482200,0.0,0.0
2019-12-05 00:00:00-05:00,62.18417922809589,62.82986313175444,61.81663800676443,62.24378204345703,1196300,0.0,0.0
2019-12-06 00:00:00-05:00,61.91597545357004,63.56494876956455,61.91597545357004,63.51527786254883,1596400,0.0,0.0
2019-12-09 00:00:00-05:00,63.57487937791608,63.63447840214369,63.07820063277612,63.09806823730469,1593900,0.0,0.0
2019-12-10 00:00:00-05:00,63.485475950273035,63.8430814575059,63.15766995463673,63.644412994384766,1250900,0.0,0.0
2019-12-11 00:00:00-05:00,63.564944621415435,65.1841183190223,63.47554229972284,65.12451171875,1337000,0.0,0.0
2019-12-12 00:00:00-05:00,65.15431921873646,66.56489272450206,64.81658128354877,65.96887969970703,1751100,0.0,0.0
2019-12-13 00:00:00-05:00,65.89933570403578,66.92250033850374,65.75033813569654,66.24701690673828,1132400,0.0,0.0
2019-12-16 00:00:00-05:00,67.27017503034841,68.66087712708489,66.96223661260356,67.8661880493164,2022000,0.0,0.0
2019-12-17 00:00:00-05:00,68.20393451537716,68.54167245199422,67.48871585110949,68.06485748291016,1537900,0.0,0.0
2019-12-18 00:00:00-05:00,68.2734656229516,68.34300034614053,67.63770983830315,67.9456558227539,1227500,0.0,0.0
2019-12-19 00:00:00-05:00,68.03506426571218,68.32313889763526,67.59799204720606,68.10459899902344,2557400,0.0,0.0
2019-12-20 00:00:00-05:00,68.36286498286343,68.97874938044473,68.09466178411853,68.88934326171875,3613800,0.0,0.0
2019-12-23 00:00:00-05:00,69.26681797679848,69.33635269480217,68.53172801079852,68.61119842529297,1235300,0.0,0.0
2019-12-24 00:00:00-05:00,68.74033481390566,68.7800700226842,68.14432183965994,68.53173065185547,373500,0.0,0.0
2019-12-26 00:00:00-05:00,68.51187601228615,69.27675804224046,68.33307133819439,69.16748809814453,1663100,0.0,0.0
2019-12-27 00:00:00-05:00,69.37608760951058,69.43569421599949,68.55160660336652,68.68074035644531,624800,0.0,0.0
2019-12-30 00:00:00-05:00,68.70060530140437,68.83967473896057,67.57810652563734,68.30326080322266,755100,0.0,0.0
2019-12-31 00:00:00-05:00,67.97545660447561,68.22379598888787,67.42910692728198,67.73705291748047,1124800,0.0,0.0
2020-01-02 00:00:00-05:00,68.38273869813949,69.32643303646721,68.08473594291833,69.2171630859375,1100800,0.0,0.0
2020-01-03 00:00:00-05:00,67.67743737119004,68.45226251432024,67.02182542388364,67.77677917480469,1363400,0.0,0.0
2020-01-06 00:00:00-05:00,66.86288785691677,66.90262306455439,65.79006756556461,66.30661010742188,1717600,0.0,0.0
2020-01-07 00:00:00-05:00,66.63441882892967,68.41252955423674,66.40594328331814,67.766845703125,2096500,0.0,0.0
2020-01-08 00:00:00-05:00,67.9357272837071,68.4125422777549,67.54831841673203,67.84632873535156,1188100,0.0,0.0
2020-01-09 00:00:00-05:00,68.45227113042809,69.0383484362033,67.02183385994194,67.80658721923828,1783000,0.0,0.0
2020-01-10 00:00:00-05:00,68.07478800642967,68.42246161437909,67.37944079053084,67.47877502441406,1200900,0.0,0.0
2020-01-13 00:00:00-05:00,69.35622518286317,69.35622518286317,68.29333288689938,68.80987548828125,1482300,0.0,0.0
2020-01-14 00:00:00-05:00,68.80987275582697,70.27010953725342,68.80987275582697,69.80323028564453,2231300,0.0,0.0
2020-01-15 00:00:00-05:00,69.80322939697814,69.80322939697814,68.18405937232714,68.690673828125,1580300,0.0,0.0
2020-01-16 00:00:00-05:00,68.96880796730291,70.34957421471691,68.96880796730291,70.03170013427734,1609700,0.0,0.0
2020-01-17 00:00:00-05:00,70.0813799499473,70.25024891881058,69.5747654646406,69.82310485839844,1300500,0.0,0.0
2020-01-21 00:00:00-05:00,69.99197385074788,71.5018816093836,69.78336966936732,71.07473754882812,2956300,0.0,0.0
2020-01-22 00:00:00-05:00,72.04823193503701,73.2998647446006,71.97869719999002,73.10118865966797,4299300,0.0,0.0
2020-01-23 00:00:00-05:00,78.52492062831858,81.02817842390469,74.45214844077815,75.70378112792969,16146800,0.0,0.0
2020-01-24 00:00:00-05:00,75.36603270455751,75.69383490429783,70.92572367604491,71.6210708618164,5662200,0.0,0.0
2020-01-27 00:00:00-05:00,70.04164077857763,70.04164077857763,68.58140401322298,69.02841186523438,3699400,0.0,0.0
2020-01-28 00:00:00-05:00,69.49529314499861,71.15419843117984,68.56153462473813,70.6773910522461,2624800,0.0,0.0
2020-01-29 00:00:00-05:00,71.09459847871929,71.47207161369151,69.24695285727212,69.56482696533203,2232700,0.0,0.0
2020-01-30 00:00:00-05:00,69.25690124935116,70.19065992862224,67.87613462886874,68.3926773071289,2411900,0.0,0.0
2020-01-31 00:00:00-05:00,67.90591860955323,68.31319123944198,65.14438600048236,65.5516586303711,2952700,0.0,0.0
2020-02-03 00:00:00-05:00,65.93906651707911,67.42910273082008,65.86953179691984,67.34963989257812,2032900,0.0,0.0
2020-02-04 00:00:00-05:00,68.5516062436242,70.19064770721006,68.46220012371833,70.00190734863281,2006500,0.0,0.0
2020-02-05 00:00:00-05:00,71.27339777360392,71.3528681893165,69.73369067871563,70.8065185546875,1377200,0.0,0.0
2020-02-06 00:00:00-05:00,70.80652893313344,71.24360870490146,70.26018679714048,70.89593505859375,1119800,0.0,0.0
2020-02-07 00:00:00-05:00,70.22043901662367,70.52837739414146,68.75026668842074,68.9886703491211,1604700,0.0,0.0
2020-02-10 00:00:00-05:00,68.5416679553548,70.16083796277385,68.37279899812482,70.08137512207031,1182600,0.0,0.0
2020-02-11 00:00:00-05:00,70.915796993668,72.5548385155739,70.72705662837504,71.9190902709961,1565700,0.0,0.0
2020-02-12 00:00:00-05:00,72.28663108261799,73.07138451631349,71.97869264386154,72.61444091796875,1502800,0.0,0.0
2020-02-13 00:00:00-05:00,72.23696221186242,73.11111412707992,71.63101350037321,72.09789276123047,2073800,0.0,0.0
2020-02-14 00:00:00-05:00,72.3164330665932,72.3958959112027,69.19729094884886,69.6939697265625,2040200,0.0,0.0
2020-02-18 00:00:00-05:00,67.46883817575544,67.85624698638854,66.27681223207145,66.9423599243164,4028300,0.0,0.0
2020-02-19 00:00:00-05:00,67.87611597249537,68.24365337642476,67.39930106470469,67.5284423828125,2210200,0.0,0.0
2020-02-20 00:00:00-05:00,67.50854770030013,68.21486963708449,65.90688542467599,67.53839111328125,1793300,0.1,0.0
2020-02-21 00:00:00-05:00,67.21009843183371,67.21009843183371,65.30004410106146,65.6581802368164,2329800,0.0,0.0
2020-02-24 00:00:00-05:00,62.86273870251564,64.17590593639463,62.355381653583656,63.54916763305664,4037200,0.0,0.0
2020-02-25 00:00:00-05:00,64.36491801627963,64.44450552075983,60.873097848444196,61.310821533203125,2879500,0.0,0.0
2020-02-26 00:00:00-05:00,61.65900534620085,62.63392947431168,60.80345867593558,61.111854553222656,1956200,0.0,0.0
2020-02-27 00:00:00-05:00,59.22169280967128,59.88822485184815,57.28179489909452,58.10749435424805,4047300,0.0,0.0
2020-02-28 00:00:00-05:00,55.481164533408254,58.664592314982904,55.03349434936888,58.4556770324707,3646000,0.0,0.0
2020-03-02 00:00:00-05:00,59.102318733803756,60.36574192921881,57.28179817627515,60.176727294921875,2780300,0.0,0.0
2020-03-03 00:00:00-05:00,60.19661875056681,61.121802610448945,57.60013905454454,58.16718673706055,2071400,0.0,0.0
2020-03-04 00:00:00-05:00,59.28137993332851,62.17630871531599,59.26148305914672,62.14646530151367,2588600,0.0,0.0
2020-03-05 00:00:00-05:00,60.32594240681933,61.22128278878986,59.480346108801115,60.30604553222656,1637700,0.0,0.0
2020-03-06 00:00:00-05:00,58.35620110883942,59.400762424922284,56.9535036169702,58.61485290527344,1917000,0.0,0.0
2020-03-09 00:00:00-04:00,53.12344299811212,56.217333125028794,52.73545961977646,54.794742584228516,2483900,0.0,0.0
2020-03-10 00:00:00-04:00,56.58541791346122,58.85360851377778,54.79474092400389,58.704383850097656,2713900,0.0,0.0
2020-03-11 00:00:00-04:00,56.99328999511452,57.78914595226296,54.386856517410116,54.59577178955078,2534500,0.0,0.0
2020-03-12 00:00:00-04:00,50.536907564875364,52.785205217836285,49.34312156989037,49.57193374633789,3130200,0.0,0.0
2020-03-13 00:00:00-04:00,52.954318818055924,54.59577490678539,48.427884245573246,54.24758529663086,2910500,0.0,0.0
2020-03-16 00:00:00-04:00,47.850890677493865,53.640748847446126,46.53772720358352,47.900634765625,2791800,0.0,0.0
2020-03-17 00:00:00-04:00,49.29338102537549,51.879917967109954,47.144567763364336,51.452144622802734,2535400,0.0,0.0
2020-03-18 00:00:00-04:00,47.32363462707025,50.83535153977027,42.647975171968376,45.940834045410156,2665200,0.0,0.0
2020-03-19 00:00:00-04:00,45.53295115213513,49.82063041874975,45.33398622143308,46.7565803527832,2558500,0.0,0.0
2020-03-20 00:00:00-04:00,48.13938359870565,49.66145838835484,43.84175753798035,44.06061935424805,2663700,0.0,0.0
2020-03-23 00:00:00-04:00,44.378961293487464,47.13461566282435,43.09564141194801,45.73191833496094,2652500,0.0,0.0
2020-03-24 00:00:00-04:00,48.07969985744307,52.70561514445127,47.58228936669331,52.546443939208984,3422600,0.0,0.0
2020-03-25 00:00:00-04:00,52.974220499622646,56.694852867398396,50.78561344769226,53.9590950012207,3288100,0.0,0.0
2020-03-26 00:00:00-04:00,54.68530827098747,57.24199778248187,54.43660303605657,57.21215057373047,2442300,0.0,0.0
2020-03-27 00:00:00-04:00,55.34189236033028,56.31681646851443,54.27743421185672,54.5659294128418,2156700,0.0,0.0
2020-03-30 00:00:00-04:00,54.6952590527777,55.79951098870725,53.46168311701103,54.953914642333984,1872100,0.0,0.0
2020-03-31 00:00:00-04:00,55.68013479498556,55.779615380958745,53.1333915676964,53.88945388793945,2192700,0.0,0.0
2020-04-01 00:00:00-04:00,52.11866984129905,53.660641580786915,51.16364262399647,51.869964599609375,1839600,0.0,0.0
2020-04-02 00:00:00-04:00,50.94477850432827,53.26271307413676,50.88509167777088,53.153282165527344,1387300,0.0,0.0
2020-04-03 00:00:00-04:00,52.43701419255739,53.74023107354129,51.62126127314486,52.586238861083984,1426500,0.0,0.0
2020-04-06 00:00:00-04:00,54.77484034890454,59.15205005021832,54.77484034890454,58.89339828491211,2591800,0.0,0.0
2020-04-07 00:00:00-04:00,61.25112443339912,61.82812239509501,58.62479778209255,58.88344955444336,2910600,0.0,0.0
2020-04-08 00:00:00-04:00,59.63951925218881,62.65382564472011,58.8138160069415,62.45486068725586,1912000,0.0,0.0
2020-04-09 00:00:00-04:00,63.280560127508096,64.55392970680741,60.126975797914966,60.83330154418945,2686600,0.0,0.0
2020-04-13 00:00:00-04:00,60.49506243137281,61.11185034856939,59.510188035821194,60.644283294677734,908200,0.0,0.0
2020-04-14 00:00:00-04:00,62.38522184288569,64.27538319552914,62.23600097500804,62.98211669921875,1557300,0.0,0.0
2020-04-15 00:00:00-04:00,60.604493622580854,61.499834042391406,58.92324749531545,60.78356170654297,1727400,0.0,0.0
2020-04-16 00:00:00-04:00,62.10667582721713,64.25548525755721,61.63910873911982,63.52927017211914,3100200,0.0,0.0
2020-04-17 00:00:00-04:00,65.04139192164008,66.09590730504831,62.92242599977577,63.49942398071289,2944400,0.0,0.0
2020-04-20 00:00:00-04:00,62.78315009556799,63.479525512167676,62.13651496695242,62.14646530151367,1362800,0.0,0.0
2020-04-21 00:00:00-04:00,61.15164899141999,62.14647000617579,59.918069263348755,60.614444732666016,3005200,0.0,0.0
2020-04-22 00:00:00-04:00,65.93673416058701,65.93673416058701,57.19226052171903,62.45486068725586,6689200,0.0,0.0
2020-04-23 00:00:00-04:00,60.117028814031414,62.22604811289308,60.117028814031414,60.88304138183594,2608600,0.0,0.0
2020-04-24 00:00:00-04:00,60.902938744160274,61.848015594736474,59.96780463820136,61.678897857666016,1564800,0.0,0.0
2020-04-27 00:00:00-04:00,62.3155823000935,64.77279120574194,62.13651422952329,63.41983413696289,1626700,0.0,0.0
2020-04-28 00:00:00-04:00,64.24554008478499,64.50418807235319,61.47993520673787,62.862735748291016,1755300,0.0,0.0
2020-04-29 00:00:00-04:00,62.76325911024475,67.19021346512915,62.76325911024475,66.97135162353516,2598200,0.0,0.0
2020-04-30 00:00:00-04:00,66.35455377052492,66.5236790989113,62.20615226551459,62.216102600097656,2207400,0.0,0.0
2020-05-01 00:00:00-04:00,60.415477634660334,60.74377037949422,56.41629684134525,57.550392150878906,3333200,0.0,0.0
2020-05-04 00:00:00-04:00,57.04303545122597,58.87350621605025,56.75453645469139,58.276615142822266,2171100,0.0,0.0
2020-05-05 00:00:00-04:00,60.15682453927871,61.33071357320934,58.78397055477767,59.13215637207031,1709700,0.0,0.0
2020-05-06 00:00:00-04:00,60.10708089720666,61.360557438554586,59.520140170868224,60.186668395996094,1596600,0.0,0.0
2020-05-07 00:00:00-04:00,61.042216047457195,62.31558568971792,61.042216047457195,62.10667419433594,2482200,0.0,0.0
2020-05-08 00:00:00-04:00,62.773192592867076,65.36967555551395,62.773192592867076,64.75288391113281,2052600,0.0,0.0
2020-05-11 00:00:00-04:00,63.847607814468745,64.21569429221438,62.74335597111324,62.78314971923828,2790400,0.0,0.0
2020-05-12 00:00:00-04:00,63.08159378555932,63.58895078016098,60.97257451779737,60.982521057128906,1735800,0.0,0.0
2020-05-13 00:00:00-04:00,60.883042293205364,61.897760107501874,58.33629932036664,59.420654296875,1718100,0.0,0.0
2020-05-14 00:00:00-04:00,58.624800920260135,61.231230837070235,57.03308886303432,61.072059631347656,2041000,0.0,0.0
2020-05-15 00:00:00-04:00,57.14251438411575,59.0525725942636,56.1277965529342,56.59536361694336,3275500,0.0,0.0
2020-05-18 00:00:00-04:00,58.20697539751195,60.65423795668885,57.2022078511185,60.33589553833008,2534100,0.0,0.0
2020-05-19 00:00:00-04:00,60.67413136174399,62.643876385775606,60.415475789784054,60.8034553527832,1562800,0.0,0.0
2020-05-20 00:00:00-04:00,62.40511751260617,63.50936937030647,62.17630915032586,63.20097351074219,2042400,0.0,0.0
2020-05-21 00:00:00-04:00,62.53444450757069,63.0915418017519,60.624386341253235,61.42024612426758,1530900,0.0,0.0
2020-05-22 00:00:00-04:00,61.62915849632493,62.47475478426851,60.78355841344061,62.42501449584961,850000,0.0,0.0
2020-05-26 00:00:00-04:00,64.56729532567451,65.62348625448588,62.88336196770488,64.61711120605469,1924500,0.1,0.0
2020-05-27 00:00:00-04:00,65.73308975996841,67.44691411248718,64.68685747904833,67.3472671508789,2647600,0.0,0.0
2020-05-28 00:00:00-04:00,67.40706294128192,67.92519221929862,63.97941392641337,64.32815551757812,2279900,0.0,0.0
2020-05-29 00:00:00-04:00,64.53739978417524,67.00849715036067,64.53739978417524,66.7793197631836,2464600,0.0,0.0
2020-06-01 00:00:00-04:00,66.59996510642355,67.70597955836654,66.26118974016892,66.9188232421875,1964000,0.0,0.0
2020-06-02 00:00:00-04:00,67.13802601220338,69.24044930751396,66.87896518295861,69.20059204101562,1344900,0.0,0.0
2020-06-03 00:00:00-04:00,71.01406266457556,73.21613313826577,70.36640292736939,72.06029510498047,2479200,0.0,0.0
2020-06-04 00:00:00-04:00,72.18982174060811,73.42537424964186,71.58201170364703,72.92716979980469,1996400,0.0,0.0
2020-06-05 00:00:00-04:00,75.63739094617527,77.74977260533639,74.92993405248014,76.48433685302734,2529900,0.0,0.0
2020-06-08 00:00:00-04:00,77.71988530850612,77.909205410486,73.64457702269753,74.63101959228516,2851300,0.0,0.0
2020-06-09 00:00:00-04:00,73.39548361899523,75.43811731381918,72.23964563980003,74.59117126464844,2979700,0.0,0.0
2020-06-10 00:00:00-04:00,75.07941237646097,77.2017682915109,74.6908134966343,76.00607299804688,2280400,0.0,0.0
2020-06-11 00:00:00-04:00,73.73425657522168,74.20256996168102,70.50589395643313,70.55570983886719,2753200,0.0,0.0
2020-06-12 00:00:00-04:00,73.2360556997904,73.92358028797842,70.06747502665837,71.49234008789062,2548500,0.0,0.0
2020-06-15 00:00:00-04:00,70.1770758989286,74.40184731178893,69.80840188618988,74.30220794677734,2743200,0.0,0.0
2020-06-16 00:00:00-04:00,77.38112232244421,78.57681001571939,75.53775969248265,76.75337982177734,2604500,0.0,0.0
2020-06-17 00:00:00-04:00,77.19179656991881,78.48712354298816,76.80319771779837,78.13838195800781,2155700,0.0,0.0
2020-06-18 00:00:00-04:00,78.57680527476927,79.64296247757848,77.72985924296697,79.32411193847656,2025000,0.0,0.0
2020-06-19 00:00:00-04:00,80.14117419360883,82.49269998365706,79.74260908305881,82.45284271240234,4815200,0.0,0.0
2020-06-22 00:00:00-04:00,82.64215341967868,84.1965488112475,81.49628170835712,83.54888153076172,2598600,0.0,0.0
2020-06-23 00:00:00-04:00,84.69475496878681,85.11324487474167,83.20014164580822,83.43927764892578,1988100,0.0,0.0
2020-06-24 00:00:00-04:00,83.3595844223597,84.55527223654605,80.60949332733385,81.06784057617188,3000700,0.0,0.0
2020-06-25 00:00:00-04:00,81.18739948465495,84.5253677368164,80.3404458488259,84.5253677368164,2551800,0.0,0.0
2020-06-26 00:00:00-04:00,84.31611749288135,84.66485906116871,81.34681585004321,81.55606079101562,2395600,0.0,0.0
2020-06-29 00:00:00-04:00,81.48632219484045,83.0407177142852,80.29063450326711,82.53255462646484,1606900,0.0,0.0
2020-06-30 00:00:00-04:00,83.30974298271501,84.55525402168396,81.86495321830945,84.20651245117188,2337800,0.0,0.0
2020-07-01 00:00:00-04:00,84.39583180319948,84.48551255831522,82.51261956773281,82.61226654052734,1422400,0.0,0.0
2020-07-02 00:00:00-04:00,83.69834900916194,85.4121735623357,83.36953224214675,84.2762680053711,1609700,0.0,0.0
2020-07-06 00:00:00-04:00,86.60786836240314,89.25831994851222,85.8904526668549,87.81352233886719,1793600,0.0,0.0
2020-07-07 00:00:00-04:00,87.46477669883566,88.56082502699711,85.99009570516304,86.02994537353516,1994800,0.0,0.0
2020-07-08 00:00:00-04:00,87.14591601317446,88.13235863371409,86.30893623865504,87.43487548828125,1724300,0.0,0.0
2020-07-09 00:00:00-04:00,87.96297245709438,88.94941509446971,86.81710075404418,88.14232635498047,1440700,0.0,0.0
2020-07-10 00:00:00-04:00,88.18218860251542,88.53093020088309,85.57159451959785,87.06620788574219,2076700,0.0,0.0
2020-07-13 00:00:00-04:00,88.13236149703714,90.37428145418954,86.49825155865021,86.5381088256836,2280500,0.0,0.0
2020-07-14 00:00:00-04:00,83.22006571343003,86.3288641333614,82.61226329484373,86.2989730834961,2584600,0.0,0.0
2020-07-15 00:00:00-04:00,86.85696225926164,86.85696225926164,84.38587243667713,86.2192611694336,1590700,0.0,0.0
2020-07-16 00:00:00-04:00,84.85419038162733,86.21926578670804,84.56523087201246,85.79080963134766,1096600,0.0,0.0
2020-07-17 00:00:00-04:00,85.9601868126199,86.3188946012212,85.30256093484822,86.10964965820312,1031700,0.0,0.0
2020-07-20 00:00:00-04:00,86.63775050543738,89.53730404306218,86.10965500663889,89.41773223876953,1575300,0.0,0.0
2020-07-21 00:00:00-04:00,89.41772909260332,90.05543015573339,88.09251108447148,89.3978042602539,3341400,0.0,0.0
2020-07-22 00:00:00-04:00,88.91953027624844,89.90598058474619,86.17940573441496,89.16863250732422,3475300,0.0,0.0
2020-07-23 00:00:00-04:00,89.44762867709963,90.32447342406806,84.07698500990612,85.79080963134766,2763800,0.0,0.0
2020-07-24 00:00:00-04:00,83.87769348860907,84.6648573566074,82.44286237711886,83.23002624511719,2253100,0.0,0.0
2020-07-27 00:00:00-04:00,84.68480184947194,88.58076482957685,84.05706689344889,88.00284576416016,3006300,0.0,0.0
2020-07-28 00:00:00-04:00,87.02635167877928,87.73380870380888,85.93030338396784,86.68757629394531,2203300,0.0,0.0
2020-07-29 00:00:00-04:00,87.43487634269657,89.49744235234186,87.31530454431271,88.45121002197266,2317700,0.0,0.0
2020-07-30 00:00:00-04:00,87.39502428689009,88.43129046200843,85.92034336221924,88.29179382324219,1451100,0.0,0.0
2020-07-31 00:00:00-04:00,88.15228763507928,88.7102741296985,85.87051057387447,88.6405258178711,2330700,0.0,0.0
2020-08-03 00:00:00-04:00,89.13873716767702,90.98209206855927,89.13873716767702,89.93586730957031,1746900,0.0,0.0
2020-08-04 00:00:00-04:00,89.9258964048704,90.06539303213101,88.16225613050632,89.20848083496094,1126400,0.0,0.0
2020-08-05 00:00:00-04:00,89.43766718543618,90.54368169971372,89.02913587746123,90.32447052001953,3476500,0.0,0.0
2020-08-06 00:00:00-04:00,90.67321093386442,91.90875585539317,89.20848861784407,90.5337142944336,1675000,0.0,0.0
2020-08-07 00:00:00-04:00,89.97572321792036,90.6433153305251,85.33245427521476,87.25552368164062,2315100,0.0,0.0
2020-08-10 00:00:00-04:00,87.43487582437537,88.11243414054154,85.77087488387774,86.7872085571289,1418400,0.0,0.0
2020-08-11 00:00:00-04:00,86.53811646876203,87.68398829068747,85.74099386368128,85.96019744873047,1525300,0.0,0.0
2020-08-12 00:00:00-04:00,86.95659836967162,89.60704960154156,86.04987025487152,89.32805633544922,1310000,0.0,0.0
2020-08-13 00:00:00-04:00,89.67679281225932,90.5436712128297,88.58074464273089,89.65686798095703,996800,0.0,0.0
2020-08-14 00:00:00-04:00,89.94582484430349,93.10444672196147,89.32805621365456,89.73657989501953,1314600,0.0,0.0
2020-08-17 00:00:00-04:00,90.67320470972012,92.14789314218511,89.9557891264667,91.64968872070312,929400,0.0,0.0
2020-08-18 00:00:00-04:00,92.14790068198333,92.3172883746679,89.71666047358164,90.90238952636719,1133100,0.0,0.0
2020-08-19 00:00:00-04:00,91.29098851386664,91.9486144518228,89.76647647179293,89.91593933105469,840800,0.0,0.0
2020-08-20 00:00:00-04:00,88.68039639488121,88.90957379785901,87.70391228071058,88.41136932373047,1181400,0.0,0.0
2020-08-21 00:00:00-04:00,88.26190183328767,88.26190183328767,87.20570323415649,87.6839828491211,1258300,0.0,0.0
2020-08-24 00:00:00-04:00,88.65050872393869,89.53731211355097,87.95301787235779,88.77007293701172,829900,0.0,0.0
2020-08-25 00:00:00-04:00,89.18855711815435,90.01557067525202,88.83981554564375,89.98567962646484,1157900,0.0,0.0
2020-08-26 00:00:00-04:00,89.89601332759028,90.03550996722015,88.72025050642662,89.54727172851562,830200,0.0,0.0
2020-08-27 00:00:00-04:00,89.65687878290737,89.96576311828115,84.47554779052734,84.47554779052734,2163000,0.0,0.0
2020-08-28 00:00:00-04:00,85.13317491951074,85.59152208011717,84.05705153269757,85.42213439941406,2035200,0.0,0.0
2020-08-31 00:00:00-04:00,85.7708780492497,85.95023195138322,83.97733902791457,84.66486358642578,1611400,0.0,0.0
2020-09-01 00:00:00-04:00,85.69116246141166,86.79717691064309,84.63497149627031,85.04349517822266,1373600,0.0,0.0
2020-09-02 00:00:00-04:00,86.33037579137275,88.31555329987481,85.41260612633715,88.15594482421875,1642400,0.1,0.0
2020-09-03 00:00:00-04:00,86.4800166652957,87.21822206140612,81.34248978513055,81.7315444946289,2570600,0.0,0.0
2020-09-04 00:00:00-04:00,79.06801187920921,81.42229589718707,75.2772135150987,78.40960693359375,4216300,0.0,0.0
2020-09-08 00:00:00-04:00,75.96554684056485,77.97068024003775,75.01784341580934,75.3470458984375,4308000,0.0,0.0
2020-09-09 00:00:00-04:00,77.31227094820558,77.99062408160702,76.16505508292042,76.68379974365234,2957400,0.0,0.0
2020-09-10 00:00:00-04:00,77.771163491642,78.04051375669586,74.76845221668002,75.25727081298828,3245600,0.0,0.0
2020-09-11 00:00:00-04:00,75.81590347939911,76.41444856363269,73.90055616548621,74.73851776123047,1653300,0.0,0.0
2020-09-14 00:00:00-04:00,76.30471629393199,76.86336498246615,75.24728636531817,76.63391876220703,1921000,0.0,0.0
2020-09-15 00:00:00-04:00,77.27236518339907,77.65144195698359,76.08524532400943,77.01299285888672,1447500,0.0,0.0
2020-09-16 00:00:00-04:00,77.33221567648674,78.23003707899399,75.91565724748277,76.14510345458984,1868700,0.0,0.0
2020-09-17 00:00:00-04:00,74.81833020027652,77.52176495153682,74.02026496710792,77.45193481445312,1739700,0.0,0.0
2020-09-18 00:00:00-04:00,78.03052225332574,78.489407042859,75.24727979451288,76.18500518798828,30212400,0.0,0.0
2020-09-21 00:00:00-04:00,74.7883996697289,76.81348113649018,74.319536943747,76.73367309570312,1981900,0.0,0.0
2020-09-22 00:00:00-04:00,77.37212761260373,77.37212761260373,75.01784352109127,76.37454986572266,1784900,0.0,0.0
2020-09-23 00:00:00-04:00,76.67381759446818,77.8808856188709,74.94800493802799,75.22733306884766,2092600,0.0,0.0
2020-09-24 00:00:00-04:00,74.52903595116322,77.41203516210436,74.52903595116322,76.11518859863281,2206500,0.0,0.0
2020-09-25 00:00:00-04:00,76.15507621587982,77.91081505861561,75.22733628266242,77.53173828125,1740600,0.0,0.0
2020-09-28 00:00:00-04:00,78.46947052808271,79.33735831131968,77.38210680822088,79.0081558227539,1831800,0.0,0.0
2020-09-29 00:00:00-04:00,79.32737692960482,80.47459282955633,79.29745081575709,79.66655731201172,1168500,0.0,0.0
2020-09-30 00:00:00-04:00,79.13783473865234,80.20524249189734,78.61909011206016,79.26751708984375,1804000,0.0,0.0
2020-10-01 00:00:00-04:00,80.64418066316655,81.45222380613255,80.17532551961114,81.10307312011719,1200800,0.0,0.0
2020-10-02 00:00:00-04:00,78.55924779723317,79.69648582313903,78.12031115182592,78.4295654296875,1033500,0.0,0.0
2020-10-05 00:00:00-04:00,79.3074284733726,81.11304170500973,79.28748026784181,81.03324127197266,1310400,0.0,0.0
2020-10-06 00:00:00-04:00,81.07313691786455,82.9386099703156,80.37483556716838,80.91352844238281,1169000,0.0,0.0
2020-10-07 00:00:00-04:00,82.15051994957001,83.11817151130649,81.64175320466363,82.09066772460938,1242900,0.0,0.0
2020-10-08 00:00:00-04:00,82.39991685587906,83.17802624751405,81.9709581385785,82.28021240234375,1137300,0.0,0.0
2020-10-09 00:00:00-04:00,85.15323595336865,86.62964673706104,84.40505265313,85.89144134521484,1766600,0.0,0.0
2020-10-12 00:00:00-04:00,87.0486372443965,87.3179798901003,85.58219672322814,86.42015838623047,2069800,0.0,0.0
2020-10-13 00:00:00-04:00,86.78926101959117,88.42528785982299,85.92136566946624,87.41773223876953,1142600,0.0,0.0
2020-10-14 00:00:00-04:00,87.34790022175382,88.63477635694386,86.56979084022349,86.71942901611328,967100,0.0,0.0
2020-10-15 00:00:00-04:00,84.65444571748208,87.3977844406576,84.07584881470207,87.07855987548828,1096100,0.0,0.0
2020-10-16 00:00:00-04:00,87.97637942539967,88.11603969393428,86.16078832353583,86.3802490234375,1032300,0.0,0.0
2020-10-19 00:00:00-04:00,87.50751978155034,88.58490555765567,85.8415667973905,86.4600601196289,1468800,0.0,0.0
2020-10-20 00:00:00-04:00,87.4676174001099,88.66470765541128,87.30800130691547,87.72698974609375,2818000,0.0,0.0
2020-10-21 00:00:00-04:00,87.78684364895372,92.9443188867103,87.78684364895372,91.84698486328125,3533800,0.0,0.0
2020-10-22 00:00:00-04:00,92.5253321437608,92.5253321437608,89.1834483540126,90.71971893310547,2175600,0.0,0.0
2020-10-23 00:00:00-04:00,90.99903602304403,92.23603019936127,90.78954562623403,91.77714538574219,1166400,0.0,0.0
2020-10-26 00:00:00-04:00,90.36058556601907,91.39806723765255,88.09608003333524,89.37297821044922,1257600,0.0,0.0
2020-10-27 00:00:00-04:00,89.61241581819297,89.61241581819297,86.64960852725312,87.24815368652344,1474900,0.0,0.0
2020-10-28 00:00:00-04:00,85.53231432488069,86.65958205561864,84.79410891946137,85.33280181884766,1185900,0.0,0.0
2020-10-29 00:00:00-04:00,85.32281997963096,89.12358860414095,84.8739130562797,88.32553100585938,1615700,0.0,0.0
2020-10-30 00:00:00-04:00,86.59971768079396,87.93647575614942,85.88146051921954,87.63719940185547,1581500,0.0,0.0
2020-11-02 00:00:00-05:00,88.28562918861854,90.29076255887361,88.03623475588233,89.48271942138672,1842300,0.0,0.0
2020-11-03 00:00:00-05:00,90.45037315943058,91.48785493725438,89.08369650696928,89.61241149902344,1082400,0.0,0.0
2020-11-04 00:00:00-05:00,92.21608475049194,96.19641763065252,90.71971820492185,95.6178207397461,2561400,0.0,0.0
2020-11-05 00:00:00-05:00,97.14411872322775,100.10692586360265,96.80494594087946,99.07942199707031,1918000,0.0,0.0
2020-11-06 00:00:00-05:00,98.59060682100383,100.4959762877875,97.76261549579763,100.01714324951172,1506600,0.0,0.0
2020-11-09 00:00:00-05:00,104.68581682922144,105.36417003805802,101.0346784258295,101.28407287597656,2213900,0.0,0.0
2020-11-10 00:00:00-05:00,101.75292701736073,101.82275715303413,97.2438790904916,97.9122543334961,1975800,0.0,0.0
2020-11-11 00:00:00-05:00,99.39864303890946,101.42372458516361,99.23903456198371,100.9349136352539,1683400,0.0,0.0
2020-11-12 00:00:00-05:00,101.8825997703758,101.8825997703758,99.56821999233014,100.23660278320312,1274500,0.0,0.0
2020-11-13 00:00:00-05:00,101.95244274378567,102.95002049122355,100.75535249122589,102.04222869873047,1062500,0.0,0.0
2020-11-16 00:00:00-05:00,102.67069644805409,106.98023186599013,102.42130201967603,106.92037963867188,1763900,0.0,0.0
2020-11-17 00:00:00-05:00,106.461493141437,106.461493141437,104.62594621956025,105.65345764160156,1258400,0.0,0.0
2020-11-18 00:00:00-05:00,105.72328722159978,106.18217204693408,104.50624121875437,104.56609344482422,1186100,0.0,0.0
2020-11-19 00:00:00-05:00,104.5561220707501,106.37171328049503,104.25685331078525,106.21210479736328,1048100,0.0,0.0
2020-11-20 00:00:00-05:00,106.47147371241137,107.66856393550881,105.86295069257787,106.07244110107422,1376300,0.0,0.0
2020-11-23 00:00:00-05:00,106.09238788205884,108.38681965825099,106.09238788205884,108.0576171875,1192200,0.0,0.0
2020-11-24 00:00:00-05:00,109.31573204728973,109.33569868602069,107.00919294959995,108.82646179199219,1664600,0.1,0.0
2020-11-25 00:00:00-05:00,109.3356999550715,109.86490349397339,108.03764750203342,108.17743682861328,1373100,0.0,0.0
2020-11-27 00:00:00-05:00,109.46549809346,110.66370207135292,108.90634080787797,109.23584747314453,849200,0.0,0.0
2020-11-30 00:00:00-05:00,109.77504474444504,110.47399139359774,107.87789404509853,110.1744384765625,1560400,0.0,0.0
2020-12-01 00:00:00-05:00,111.09306430430497,115.76604259717304,111.03314914989386,114.94727325439453,2175000,0.0,0.0
2020-12-02 00:00:00-05:00,114.32819977150646,114.77752152692307,112.68067397173375,113.78900909423828,1386100,0.0,0.0
2020-12-03 00:00:00-05:00,114.8374346237153,117.04411770055745,113.4095799718825,113.5693359375,1700200,0.0,0.0
2020-12-04 00:00:00-05:00,114.65769964089407,116.10552087158923,113.82894322594186,115.85589599609375,1167700,0.0,0.0
2020-12-07 00:00:00-05:00,116.37512183807209,117.14396311482406,114.59778629744562,116.98420715332031,1341500,0.0,0.0
2020-12-08 00:00:00-05:00,116.7345820668227,118.78150150376081,116.3651345034588,118.49193572998047,1113700,0.0,0.0
2020-12-09 00:00:00-05:00,117.88284628806055,118.04260986163342,112.98021779772665,113.84890747070312,1555100,0.0,0.0
2020-12-10 00:00:00-05:00,113.83893159205762,115.9657328119487,112.11152408294568,115.50642395019531,1619700,0.0,0.0
2020-12-11 00:00:00-05:00,114.25829980285225,115.95574593112428,112.78051716879857,115.19689178466797,1171300,0.0,0.0
2020-12-14 00:00:00-05:00,116.4450159890768,118.03262655868531,115.65620045937845,117.0041732788086,1279400,0.0,0.0
2020-12-15 00:00:00-05:00,117.81295657132586,120.57880451574756,117.32369393814085,120.25928497314453,1536200,0.0,0.0
2020-12-16 00:00:00-05:00,119.2707667075996,120.65868045529355,118.41205649591096,119.59028625488281,1671800,0.0,0.0
2020-12-17 00:00:00-05:00,120.81844712829522,122.18639427212614,118.7815071055323,119.1709213256836,1611400,0.0,0.0
2020-12-18 00:00:00-05:00,119.16093317409727,120.9083073944236,118.65170388623831,120.4090576171875,2703600,0.0,0.0
2020-12-21 00:00:00-05:00,117.65320334276721,119.97970911343799,117.49343975878007,119.55035400390625,1319300,0.0,0.0
2020-12-22 00:00:00-05:00,119.55035296373823,119.94974668433717,117.97272186635297,118.39208984375,1662100,0.0,0.0
2020-12-23 00:00:00-05:00,118.89134243681383,119.11101355912987,117.02414551507461,117.08406066894531,928400,0.0,0.0
2020-12-24 00:00:00-05:00,117.51341274252154,118.7215962660328,116.65470253276197,118.70162200927734,421400,0.0,0.0
2020-12-28 00:00:00-05:00,119.89982471463676,120.0396140386128,117.25379945146736,117.55335235595703,735300,0.0,0.0
2020-12-29 00:00:00-05:00,118.74155977859957,118.89133622853464,116.22534436788759,117.02413940429688,957200,0.0,0.0
2020-12-30 00:00:00-05:00,118.0725648236902,120.53885978560196,117.83292707884898,120.10950469970703,793000,0.0,0.0
2020-12-31 00:00:00-05:00,119.93976413567519,120.52887519119861,118.19238998950365,119.7101058959961,699700,0.0,0.0
2021-01-04 00:00:00-05:00,121.69712036840149,123.26476433086488,117.92279335163909,119.01116180419922,1391400,0.0,0.0
2021-01-05 00:00:00-05:00,118.37212523027964,121.33766250799712,118.20237451637901,121.30770874023438,1083200,0.0,0.0
2021-01-06 00:00:00-05:00,120.50891317264549,124.662667340878,120.02963003656824,122.22633361816406,1662500,0.0,0.0
2021-01-07 00:00:00-05:00,124.18338453330296,130.54382903830827,124.07354897977305,129.71507263183594,2117800,0.0,0.0
2021-01-08 00:00:00-05:00,132.6606472980763,133.27971212714368,130.24428027957853,131.9517059326172,1340800,0.0,0.0
2021-01-11 00:00:00-05:00,131.79195892930954,136.2452583172179,130.32416339599567,135.4963836669922,2108600,0.0,0.0
2021-01-12 00:00:00-05:00,136.17536649065357,139.3206338167962,135.84585982781783,136.88429260253906,1478900,0.0,0.0
2021-01-13 00:00:00-05:00,136.35510104145587,137.1339294997502,135.14692507436357,135.81591796875,1452800,0.0,0.0
2021-01-14 00:00:00-05:00,138.00261993599344,139.34060558356225,136.47490171344938,138.18234252929688,1563000,0.0,0.0
2021-01-15 00:00:00-05:00,137.7929254565384,138.37205697154693,134.56777646733747,137.09397888183594,1733900,0.0,0.0
2021-01-19 00:00:00-05:00,139.0210826321158,141.35758306682615,138.82138577712084,140.4189910888672,1875000,0.0,0.0
2021-01-20 00:00:00-05:00,143.0650143883344,143.184829458918,137.68310242014005,138.4020233154297,1955900,0.0,0.0
2021-01-21 00:00:00-05:00,140.5687545446561,141.19781408792858,138.54180183399234,140.02957153320312,1301600,0.0,0.0
2021-01-22 00:00:00-05:00,139.14092000237645,140.19932709992221,137.1239466219077,137.74301147460938,1357100,0.0,0.0
2021-01-25 00:00:00-05:00,140.26920495273714,141.57723685494733,137.46342380630585,139.89976501464844,1364200,0.0,0.0
2021-01-26 00:00:00-05:00,140.48888139506667,140.8383623263452,137.86283798089656,137.89279174804688,1249800,0.0,0.0
2021-01-27 00:00:00-05:00,135.19683568463108,135.30667124676765,129.20583826458727,129.91477966308594,2360400,0.0,0.0
2021-01-28 00:00:00-05:00,123.52437242276056,123.81393819236405,119.43052598998946,119.7600326538086,4093700,0.0,0.0
2021-01-29 00:00:00-05:00,119.54036549219556,119.54036549219556,112.87038829685119,113.30973052978516,4974800,0.0,0.0
2021-02-01 00:00:00-05:00,116.32519155913147,117.74305901849782,113.82894281322736,117.37361907958984,3083000,0.0,0.0
2021-02-02 00:00:00-05:00,121.31769282367648,121.60725860135986,118.43202979310873,121.42752838134766,4276000,0.0,0.0
2021-02-03 00:00:00-05:00,123.28474173561384,123.82393241148321,119.8299341765519,120.38909149169922,2495600,0.0,0.0
2021-02-04 00:00:00-05:00,121.99667264257606,125.43151345683101,120.76851487117081,125.33165740966797,1882000,0.0,0.0
2021-02-05 00:00:00-05:00,127.03909833041581,127.95770845014646,124.62272368242506,125.9307632446289,1936200,0.0,0.0
2021-02-08 00:00:00-05:00,127.77798666622508,129.44547906075974,126.31019113143883,128.89630126953125,1594000,0.0,0.0
2021-02-09 00:00:00-05:00,128.0375813967557,129.4654435461828,126.5198655705544,128.07752990722656,2134100,0.0,0.0
2021-02-10 00:00:00-05:00,129.3756017533449,131.28272442875812,127.08902911483126,128.5168914794922,1816200,0.0,0.0
2021-02-11 00:00:00-05:00,128.89630258178303,135.1968322717361,128.89630258178303,134.83737182617188,1834600,0.0,0.0
2021-02-12 00:00:00-05:00,135.18684871910685,143.56425904006826,134.83736779451834,142.19631958007812,2391500,0.0,0.0
2021-02-16 00:00:00-05:00,145.57123684609132,147.6780714214387,142.56575880618166,143.42446899414062,2341500,0.0,0.0
2021-02-17 00:00:00-05:00,140.85833660073777,141.49737569318057,134.32814111506593,139.0909881591797,2169000,0.0,0.0
2021-02-18 00:00:00-05:00,135.88350183077688,137.72205713373222,134.37467466360604,136.39309692382812,1666200,0.1,0.0
2021-02-19 00:00:00-05:00,139.5606210337581,143.14780600542895,139.2808415246319,142.47833251953125,2081500,0.0,0.0
2021-02-22 00:00:00-05:00,139.87036802159713,139.89035662737308,131.72675693095348,132.28631591796875,1928000,0.0,0.0
2021-02-23 00:00:00-05:00,126.79062393408523,131.78670812290858,124.47244117540798,129.67835998535156,3288900,0.0,0.0
2021-02-24 00:00:00-05:00,128.58922233775542,134.33471938037724,126.11116112854602,134.0849151611328,2386800,0.0,0.0
2021-02-25 00:00:00-05:00,132.66602403206446,133.18560581081198,125.21185970176664,125.5416030883789,1736600,0.0,0.0
2021-02-26 00:00:00-05:00,126.85057374377129,129.7582983834619,123.93286242462499,128.50927734375,1925000,0.0,0.0
2021-03-01 00:00:00-05:00,131.36704775700414,134.24479732320142,130.39780613913464,133.8950653076172,2157900,0.0,0.0
2021-03-02 00:00:00-05:00,133.6452528680927,133.88507039948442,126.64074065798137,126.70069885253906,1698600,0.0,0.0
2021-03-03 00:00:00-05:00,126.55081423513357,128.56922889642402,121.36487639913533,121.39485168457031,1972800,0.0,0.0
2021-03-04 00:00:00-05:00,120.90523812788035,121.35488265832697,111.22282446971535,113.88074493408203,3351400,0.0,0.0
2021-03-05 00:00:00-05:00,117.3780024289291,117.73772109818212,106.3666286754762,113.81079864501953,3451600,0.0,0.0
2021-03-08 00:00:00-05:00,112.731644954273,113.57099107425455,103.96851651524958,104.11839294433594,3907800,0.0,0.0
2021-03-09 00:00:00-05:00,108.91463842161595,114.74007458149374,108.53493875687076,113.25123596191406,3146600,0.0,0.0
2021-03-10 00:00:00-05:00,117.1182102363644,117.15817982659537,108.06530769309582,108.82471466064453,2867700,0.0,0.0
2021-03-11 00:00:00-05:00,110.91306751913615,114.74006978657924,110.91306751913615,113.77082824707031,2136000,0.0,0.0
2021-03-12 00:00:00-05:00,110.94304481749145,113.47106220959891,109.96381658082872,112.74163818359375,1705100,0.0,0.0
2021-03-15 00:00:00-04:00,113.43109289930308,118.2773006966821,113.1513134024275,117.65778350830078,2493000,0.0,0.0
2021-03-16 00:00:00-04:00,119.60625283968292,119.89602663843499,116.00907373612469,117.25809478759766,2368500,0.0,0.0
2021-03-17 00:00:00-04:00,115.53944299146029,118.77691111272136,113.29120505229436,117.37800598144531,2543000,0.0,0.0
2021-03-18 00:00:00-04:00,115.27964816396654,115.9591159117852,112.06216875880811,112.28199768066406,2485500,0.0,0.0
2021-03-19 00:00:00-04:00,112.84156218356708,115.96910826301016,111.23282240230773,114.82001495361328,3196300,0.0,0.0
2021-03-22 00:00:00-04:00,117.37800431362598,118.61703107015907,115.02984624632371,116.91836547851562,2148700,0.0,0.0
2021-03-23 00:00:00-04:00,116.35879645747337,118.10742590476382,111.8023701657422,113.03141021728516,2821000,0.0,0.0
2021-03-24 00:00:00-04:00,116.69853437692602,117.84763525499147,111.79237608715994,111.91228485107422,2098300,0.0,0.0
2021-03-25 00:00:00-04:00,109.92384782673865,112.05217697326611,107.76553577103228,111.6524887084961,1481300,0.0,0.0
2021-03-26 00:00:00-04:00,112.3619338092176,119.05669140196683,112.03219803642403,118.92678833007812,2239400,0.0,0.0
2021-03-29 00:00:00-04:00,118.04747566491328,118.12741484091943,112.2620093054524,113.8008041381836,2448500,0.0,0.0
2021-03-30 00:00:00-04:00,113.52102830037833,116.56864277881088,113.11134572772164,115.86918640136719,1050500,0.0,0.0
2021-03-31 00:00:00-04:00,117.73772573883771,122.77377968345759,117.52789111073935,121.58470916748047,2316700,0.0,0.0
2021-04-01 00:00:00-04:00,124.00281119342992,128.8190361689227,124.00281119342992,128.70912170410156,2179600,0.0,0.0
2021-04-05 00:00:00-04:00,130.45774554344283,133.66523824336028,127.89975292444807,132.57608032226562,2013000,0.0,0.0
2021-04-06 00:00:00-04:00,132.11645830841,134.71442831903911,130.12801121006018,132.27633666992188,1991800,0.0,0.0
2021-04-07 00:00:00-04:00,131.47694801998333,133.28552798362458,130.3578300859817,131.67678833007812,1319700,0.0,0.0
2021-04-08 00:00:00-04:00,133.58530889539102,134.2048184902048,132.15642080971568,133.81512451171875,1497700,0.0,0.0
2021-04-09 00:00:00-04:00,132.63605381562462,133.96501409239465,131.26711632552224,132.95579528808594,1155600,0.0,0.0
2021-04-12 00:00:00-04:00,132.0864818085996,132.3162974218878,129.14878174186288,130.32785034179688,1612100,0.0,0.0
2021-04-13 00:00:00-04:00,131.64681785051212,131.88663537948133,127.12036681323593,128.8989715576172,1560700,0.0,0.0
2021-04-14 00:00:00-04:00,128.9089627482205,131.30709238131755,127.4301260515896,127.98968505859375,925900,0.0,0.0
2021-04-15 00:00:00-04:00,130.2579131740712,131.52692288163774,127.92973601248836,131.08726501464844,1612500,0.0,0.0
2021-04-16 00:00:00-04:00,131.44698739378865,132.31630122540147,129.2487132439341,129.37860107421875,1501400,0.0,0.0
2021-04-19 00:00:00-04:00,128.48928817989756,129.05884909001492,124.68227450688599,126.2210693359375,1524800,0.0,0.0
2021-04-20 00:00:00-04:00,125.46166675321604,126.87056618787737,122.59391923826485,124.17267608642578,1276100,0.0,0.0
2021-04-21 00:00:00-04:00,124.18267047509399,129.96814464828643,123.48322172058039,129.83824157714844,1515300,0.0,0.0
2021-04-22 00:00:00-04:00,129.6783586440327,130.06805259685657,125.30179168432316,126.2210693359375,1409200,0.0,0.0
2021-04-23 00:00:00-04:00,129.17874885652944,131.7467433941954,128.05963090069858,131.42698669433594,1257500,0.0,0.0
2021-04-26 00:00:00-04:00,131.35705726903228,133.5753047073601,130.8974107973178,133.32550048828125,1212700,0.0,0.0
2021-04-27 00:00:00-04:00,134.15484323963065,135.44384146101046,130.96735442740183,130.99732971191406,1776500,0.0,0.0
2021-04-28 00:00:00-04:00,138.6013818217539,139.1709275219351,131.0373026295306,132.2963104248047,2672700,0.0,0.0
2021-04-29 00:00:00-04:00,133.67522522997203,133.80512829582293,128.43932359372985,130.70755004882812,1216100,0.0,0.0
2021-04-30 00:00:00-04:00,127.90974614775513,128.47930708261862,124.33255554393605,124.98204803466797,1689000,0.0,0.0
2021-05-03 00:00:00-04:00,126.22107298040727,127.31022331793115,123.66308026782364,124.8921127319336,1061500,0.0,0.0
2021-05-04 00:00:00-04:00,122.24418428849863,123.05355511111662,119.55629617849368,122.8936767578125,1362200,0.0,0.0
2021-05-05 00:00:00-04:00,124.96205573127075,125.93129728706171,122.24418470323577,124.42247772216797,1160900,0.0,0.0
2021-05-06 00:00:00-04:00,123.74300819352023,126.04120994493378,121.53473992071262,125.84136962890625,1356800,0.0,0.0
2021-05-07 00:00:00-04:00,127.35018848016469,128.5892229019153,126.52084426243364,128.0696258544922,1269800,0.0,0.0
2021-05-10 00:00:00-04:00,126.45089350130297,126.45089350130297,121.61468005638707,121.74457550048828,2448900,0.0,0.0
2021-05-11 00:00:00-04:00,116.23889714781214,122.08431415327026,115.56942369278408,121.41484069824219,1888200,0.0,0.0
2021-05-12 00:00:00-04:00,118.34724283752492,119.97596351295877,114.08058273845742,114.51024627685547,1920800,0.0,0.0
2021-05-13 00:00:00-04:00,116.30883962917625,118.66699193945016,115.80923121807449,117.14817810058594,1493200,0.0,0.0
2021-05-14 00:00:00-04:00,118.37722224814215,123.32334264007214,117.87761381972823,122.25418090820312,1139500,0.0,0.0
2021-05-17 00:00:00-04:00,120.625463298423,120.79532833886002,117.40798371640498,119.7661361694336,1127300,0.0,0.0
2021-05-18 00:00:00-04:00,121.45480824478194,122.3041410221639,118.5770589070293,118.6769790649414,1100700,0.0,0.0
2021-05-19 00:00:00-04:00,115.90915654462545,122.88369362894292,114.91993398108659,122.31414031982422,1564000,0.0,0.0
2021-05-20 00:00:00-04:00,123.12350460486161,127.1503473929217,123.04356542520995,126.52084350585938,1178500,0.0,0.0
2021-05-21 00:00:00-04:00,126.40093006769011,126.83059361317319,123.59313319105621,124.78219604492188,1882800,0.0,0.0
2021-05-24 00:00:00-04:00,126.25104940362975,128.20951354477106,126.20109313441748,127.59000396728516,1266700,0.0,0.0
2021-05-25 00:00:00-04:00,128.60000610351562,130.3800048828125,127.77999877929688,128.52999877929688,1065400,0.1,0.0
2021-05-26 00:00:00-04:00,129.1199951171875,130.5,127.16000366210938,129.05999755859375,926600,0.0,0.0
2021-05-27 00:00:00-04:00,128.22999572753906,131.1300048828125,127.3499984741211,130.58999633789062,1601700,0.0,0.0
2021-05-28 00:00:00-04:00,131.0,132.9499969482422,130.6199951171875,132.35000610351562,1211800,0.0,0.0
2021-06-01 00:00:00-04:00,133.47000122070312,135.35000610351562,130.24000549316406,130.77999877929688,1090900,0.0,0.0
2021-06-02 00:00:00-04:00,130.24000549316406,132.0500030517578,129.35000610351562,131.00999450683594,803700,0.0,0.0
2021-06-03 00:00:00-04:00,129.00999450683594,129.63999938964844,126.93000030517578,128.32000732421875,1141000,0.0,0.0
2021-06-04 00:00:00-04:00,127.56999969482422,131.97999572753906,127.13999938964844,131.67999267578125,1039000,0.0,0.0
2021-06-07 00:00:00-04:00,131.35000610351562,131.69000244140625,130.13999938964844,130.8000030517578,711300,0.0,0.0
2021-06-08 00:00:00-04:00,131.8300018310547,132.5,125.19999694824219,126.77999877929688,1930200,0.0,0.0
2021-06-09 00:00:00-04:00,126.80000305175781,128.44000244140625,124.66999816894531,124.70999908447266,1245800,0.0,0.0
2021-06-10 00:00:00-04:00,124.68000030517578,128.2100067138672,124.19000244140625,127.87000274658203,1857800,0.0,0.0
2021-06-11 00:00:00-04:00,128.6699981689453,128.67999267578125,126.45999908447266,127.9800033569336,1497600,0.0,0.0
2021-06-14 00:00:00-04:00,128.0,131.5399932861328,127.68000030517578,131.47999572753906,1035200,0.0,0.0
2021-06-15 00:00:00-04:00,131.4199981689453,132.5500030517578,129.85000610351562,130.30999755859375,1098000,0.0,0.0
2021-06-16 00:00:00-04:00,131.25999450683594,132.2100067138672,127.16000366210938,128.27999877929688,1051900,0.0,0.0
2021-06-17 00:00:00-04:00,127.91999816894531,130.02000427246094,126.83000183105469,129.58999633789062,1379800,0.0,0.0
2021-06-18 00:00:00-04:00,127.62999725341797,129.32000732421875,123.52999877929688,124.86000061035156,2771000,0.0,0.0
2021-06-21 00:00:00-04:00,125.30999755859375,126.37000274658203,124.16000366210938,126.22000122070312,1589700,0.0,0.0
2021-06-22 00:00:00-04:00,126.05000305175781,126.70999908447266,124.56999969482422,125.95999908447266,1313700,0.0,0.0
2021-06-23 00:00:00-04:00,125.6500015258789,127.83999633789062,125.6500015258789,127.19999694824219,913400,0.0,0.0
2021-06-24 00:00:00-04:00,128.69000244140625,130.99000549316406,128.32000732421875,130.61000061035156,1339800,0.0,0.0
2021-06-25 00:00:00-04:00,131.4499969482422,132.6999969482422,128.35000610351562,129.5500030517578,2613200,0.0,0.0
2021-06-28 00:00:00-04:00,131.30999755859375,133.4600067138672,130.49000549316406,132.75,1388900,0.0,0.0
2021-06-29 00:00:00-04:00,132.27000427246094,135.19000244140625,131.9499969482422,134.30999755859375,1314400,0.0,0.0
2021-06-30 00:00:00-04:00,134.6999969482422,134.9499969482422,132.4600067138672,133.9600067138672,838700,0.0,0.0
2021-07-01 00:00:00-04:00,133.4499969482422,133.8699951171875,129.24000549316406,129.3800048828125,1262800,0.0,0.0
2021-07-02 00:00:00-04:00,130.88999938964844,131.0,127.95999908447266,128.52999877929688,928200,0.0,0.0
2021-07-06 00:00:00-04:00,128.6699981689453,128.99000549316406,124.56999969482422,126.47000122070312,1599800,0.0,0.0
2021-07-07 00:00:00-04:00,127.94000244140625,127.94000244140625,122.8499984741211,123.44000244140625,2780700,0.0,0.0
2021-07-08 00:00:00-04:00,120.37999725341797,123.68000030517578,119.1500015258789,122.81999969482422,1458300,0.0,0.0
2021-07-09 00:00:00-04:00,123.69000244140625,125.95999908447266,122.36000061035156,125.69999694824219,1251600,0.0,0.0
2021-07-12 00:00:00-04:00,126.08000183105469,127.2699966430664,125.13999938964844,127.08000183105469,1074600,0.0,0.0
2021-07-13 00:00:00-04:00,126.26000213623047,128.0500030517578,125.55000305175781,126.79000091552734,1038200,0.0,0.0
2021-07-14 00:00:00-04:00,128.13999938964844,130.8800048828125,125.91999816894531,126.2699966430664,1114500,0.0,0.0
2021-07-15 00:00:00-04:00,125.80999755859375,125.80999755859375,122.16999816894531,123.12999725341797,1528600,0.0,0.0
2021-07-16 00:00:00-04:00,123.62999725341797,124.80000305175781,119.63999938964844,119.88999938964844,1145600,0.0,0.0
2021-07-19 00:00:00-04:00,118.20999908447266,120.1500015258789,116.38999938964844,120.05999755859375,1422300,0.0,0.0
2021-07-20 00:00:00-04:00,121.38999938964844,124.63999938964844,119.80999755859375,123.77999877929688,1324600,0.0,0.0
2021-07-21 00:00:00-04:00,124.3499984741211,128.52000427246094,124.16999816894531,128.4600067138672,1210000,0.0,0.0
2021-07-22 00:00:00-04:00,127.7300033569336,129.1699981689453,126.04000091552734,126.72000122070312,1013200,0.0,0.0
2021-07-23 00:00:00-04:00,128.22999572753906,129.47000122070312,126.83000183105469,128.8000030517578,850000,0.0,0.0
2021-07-26 00:00:00-04:00,128.0,129.91000366210938,126.98999786376953,127.43000030517578,1153000,0.0,0.0
2021-07-27 00:00:00-04:00,126.5,126.91000366210938,120.7699966430664,123.45999908447266,2501200,0.0,0.0
2021-07-28 00:00:00-04:00,119.18000030517578,124.0199966430664,117.69999694824219,122.08000183105469,2342800,0.0,0.0
2021-07-29 00:00:00-04:00,124.31999969482422,127.30000305175781,123.87999725341797,125.6500015258789,2027600,0.0,0.0
2021-07-30 00:00:00-04:00,123.94000244140625,128.8699951171875,123.94000244140625,127.0,1148100,0.0,0.0
2021-08-02 00:00:00-04:00,127.62000274658203,130.27999877929688,126.77999877929688,127.0199966430664,1004400,0.0,0.0
2021-08-03 00:00:00-04:00,127.54000091552734,128.25,124.83999633789062,126.73999786376953,915300,0.0,0.0
2021-08-04 00:00:00-04:00,126.66999816894531,129.02000427246094,126.4000015258789,127.9000015258789,1052800,0.0,0.0
2021-08-05 00:00:00-04:00,128.3000030517578,128.5800018310547,126.02999877929688,126.58000183105469,912300,0.0,0.0
2021-08-06 00:00:00-04:00,126.11000061035156,127.7300033569336,125.6500015258789,126.87000274658203,673700,0.0,0.0
2021-08-09 00:00:00-04:00,127.30000305175781,127.62999725341797,125.5999984741211,125.94000244140625,650900,0.0,0.0
2021-08-10 00:00:00-04:00,126.12000274658203,126.72000122070312,120.19000244140625,122.4800033569336,1341600,0.0,0.0
2021-08-11 00:00:00-04:00,122.93000030517578,123.05000305175781,118.83000183105469,121.37999725341797,1354300,0.0,0.0
2021-08-12 00:00:00-04:00,120.0999984741211,120.12000274658203,118.08999633789062,118.6500015258789,1292600,0.0,0.0
2021-08-13 00:00:00-04:00,118.12999725341797,119.16000366210938,117.75,118.75,977700,0.0,0.0
2021-08-16 00:00:00-04:00,118.31999969482422,119.58999633789062,117.30000305175781,118.47000122070312,946600,0.0,0.0
2021-08-17 00:00:00-04:00,117.12000274658203,117.43000030517578,114.62000274658203,116.08999633789062,1087300,0.0,0.0
2021-08-18 00:00:00-04:00,116.05999755859375,117.61000061035156,113.83000183105469,114.01000213623047,1499400,0.0,0.0
2021-08-19 00:00:00-04:00,113.55000305175781,115.08000183105469,112.0,114.20999908447266,1433100,0.0,0.0
2021-08-20 00:00:00-04:00,114.37999725341797,115.43000030517578,112.16000366210938,113.55999755859375,1478300,0.0,0.0
2021-08-23 00:00:00-04:00,114.1500015258789,117.19999694824219,114.1500015258789,116.6500015258789,878300,0.0,0.0
2021-08-24 00:00:00-04:00,117.8499984741211,118.80000305175781,116.5,116.80000305175781,976500,0.0,0.0
2021-08-25 00:00:00-04:00,117.08000183105469,118.75,116.91000366210938,118.05999755859375,959100,0.0,0.0
2021-08-26 00:00:00-04:00,117.8499984741211,118.80000305175781,116.72000122070312,117.16000366210938,613300,0.0,0.0
2021-08-27 00:00:00-04:00,117.55999755859375,122.77999877929688,117.55999755859375,122.5999984741211,1406400,0.0,0.0
2021-08-30 00:00:00-04:00,123.45999908447266,124.11000061035156,122.12000274658203,123.20999908447266,970800,0.0,0.0
2021-08-31 00:00:00-04:00,123.23999786376953,123.23999786376953,119.81999969482422,121.44000244140625,1812900,0.0,0.0
2021-09-01 00:00:00-04:00,122.36000061035156,122.52999877929688,119.5999984741211,119.66999816894531,1251400,0.0,0.0
2021-09-02 00:00:00-04:00,120.44000244140625,121.62000274658203,120.36000061035156,120.87000274658203,821100,0.0,0.0
2021-09-03 00:00:00-04:00,120.58000183105469,122.43000030517578,120.36000061035156,121.87999725341797,761900,0.0,0.0
2021-09-07 00:00:00-04:00,122.16000366210938,122.62999725341797,120.06999969482422,120.16000366210938,1289400,0.0,0.0
2021-09-08 00:00:00-04:00,120.0,120.38999938964844,118.5,118.83000183105469,1271000,0.0,0.0
2021-09-09 00:00:00-04:00,118.77999877929688,120.6500015258789,118.12000274658203,119.16999816894531,764400,0.0,0.0
2021-09-10 00:00:00-04:00,120.18000030517578,124.18000030517578,120.18000030517578,120.97000122070312,1318800,0.0,0.0
2021-09-13 00:00:00-04:00,121.94000244140625,123.02999877929688,120.12000274658203,122.31999969482422,990300,0.0,0.0
2021-09-14 00:00:00-04:00,122.81999969482422,123.2300033569336,120.94000244140625,122.31999969482422,1197000,0.0,0.0
2021-09-15 00:00:00-04:00,122.41999816894531,122.51000213623047,120.6500015258789,122.2300033569336,966000,0.0,0.0
2021-09-16 00:00:00-04:00,121.52999877929688,123.83000183105469,120.30999755859375,123.13999938964844,854400,0.0,0.0
2021-09-17 00:00:00-04:00,122.27999877929688,122.91999816894531,119.41999816894531,121.3499984741211,2418000,0.0,0.0
2021-09-20 00:00:00-04:00,118.33999633789062,118.33999633789062,114.66999816894531,116.4800033569336,1809900,0.0,0.0
2021-09-21 00:00:00-04:00,117.68000030517578,117.69000244140625,115.56999969482422,115.9800033569336,1823400,0.0,0.0
2021-09-22 00:00:00-04:00,116.97000122070312,118.52999877929688,116.16000366210938,118.30999755859375,2282600,0.0,0.0
2021-09-23 00:00:00-04:00,119.12999725341797,120.9000015258789,118.62999725341797,119.73999786376953,2490700,0.0,0.0
2021-09-24 00:00:00-04:00,118.87000274658203,120.0999984741211,118.43000030517578,119.33000183105469,1137200,0.0,0.0
2021-09-27 00:00:00-04:00,118.3499984741211,119.13999938964844,117.11000061035156,117.54000091552734,2108100,0.0,0.0
2021-09-28 00:00:00-04:00,115.2699966430664,115.55000305175781,110.30999755859375,111.47000122070312,2404900,0.0,0.0
2021-09-29 00:00:00-04:00,112.29000091552734,112.6500015258789,109.08999633789062,109.16999816894531,1556000,0.0,0.0
2021-09-30 00:00:00-04:00,110.0,111.52999877929688,109.0999984741211,109.16999816894531,1494400,0.0,0.0
2021-10-01 00:00:00-04:00,109.69999694824219,109.98999786376953,107.9800033569336,109.47000122070312,1354300,0.0,0.0
2021-10-04 00:00:00-04:00,108.43000030517578,108.69000244140625,105.23999786376953,107.2699966430664,2350000,0.0,0.0
2021-10-05 00:00:00-04:00,108.20999908447266,110.25,107.2699966430664,109.4800033569336,2581800,0.0,0.0
2021-10-06 00:00:00-04:00,107.87999725341797,109.41000366210938,107.01000213623047,109.0,1642600,0.0,0.0
2021-10-07 00:00:00-04:00,112.3499984741211,113.05000305175781,111.19000244140625,111.43000030517578,1492100,0.0,0.0
2021-10-08 00:00:00-04:00,111.86000061035156,112.02999877929688,109.19000244140625,109.55999755859375,967300,0.0,0.0
2021-10-11 00:00:00-04:00,108.91999816894531,110.41999816894531,107.91999816894531,108.0199966430664,897300,0.0,0.0
2021-10-12 00:00:00-04:00,109.77999877929688,109.77999877929688,106.8499984741211,107.3499984741211,978100,0.0,0.0
2021-10-13 00:00:00-04:00,108.6500015258789,109.2699966430664,108.0999984741211,108.47000122070312,1181200,0.0,0.0
2021-10-14 00:00:00-04:00,111.37999725341797,112.77999877929688,110.4000015258789,112.72000122070312,1732400,0.0,0.0
2021-10-15 00:00:00-04:00,114.0,114.83000183105469,113.2300033569336,113.91999816894531,1428500,0.0,0.0
2021-10-18 00:00:00-04:00,112.87999725341797,115.86000061035156,112.55999755859375,115.77999877929688,1118000,0.0,0.0
2021-10-19 00:00:00-04:00,116.31999969482422,117.13999938964844,115.69999694824219,116.72000122070312,1107200,0.0,0.0
2021-10-20 00:00:00-04:00,116.48999786376953,117.05999755859375,115.05000305175781,116.94999694824219,884800,0.0,0.0
2021-10-21 00:00:00-04:00,116.26000213623047,117.81999969482422,116.0,117.54000091552734,749800,0.0,0.0
2021-10-22 00:00:00-04:00,117.54000091552734,120.80999755859375,115.91000366210938,116.12000274658203,1307200,0.0,0.0
2021-10-25 00:00:00-04:00,116.12999725341797,118.68000030517578,115.66999816894531,117.27999877929688,1159600,0.0,0.0
2021-10-26 00:00:00-04:00,118.58999633789062,118.86000061035156,115.12999725341797,115.1500015258789,1292500,0.0,0.0
2021-10-27 00:00:00-04:00,119.41999816894531,124.83000183105469,117.83000183105469,123.06999969482422,3406600,0.0,0.0
2021-10-28 00:00:00-04:00,130.0,138.35000610351562,128.38999938964844,137.00999450683594,5711700,0.0,0.0
2021-10-29 00:00:00-04:00,135.2100067138672,138.74000549316406,134.97000122070312,138.24000549316406,2347000,0.0,0.0
2021-11-01 00:00:00-04:00,138.17999267578125,139.82000732421875,136.61000061035156,139.61000061035156,2050400,0.0,0.0
2021-11-02 00:00:00-04:00,139.35000610351562,139.8000030517578,137.3800048828125,139.35000610351562,1571400,0.0,0.0
2021-11-03 00:00:00-04:00,140.2100067138672,141.69000244140625,138.60000610351562,140.32000732421875,1260000,0.0,0.0
2021-11-04 00:00:00-04:00,140.42999267578125,144.72999572753906,139.22000122070312,144.58999633789062,1734100,0.0,0.0
2021-11-05 00:00:00-04:00,145.25999450683594,146.75999450683594,142.2100067138672,144.22000122070312,1676500,0.0,0.0
2021-11-08 00:00:00-05:00,144.77000427246094,145.1999969482422,142.3800048828125,143.88999938964844,1087300,0.0,0.0
2021-11-09 00:00:00-05:00,144.75,145.72000122070312,143.19000244140625,145.4199981689453,1075500,0.0,0.0
2021-11-10 00:00:00-05:00,143.1699981689453,145.42999267578125,141.50999450683594,142.00999450683594,1281700,0.0,0.0
2021-11-11 00:00:00-05:00,143.83999633789062,144.3300018310547,141.8300018310547,143.2100067138672,717300,0.0,0.0
2021-11-12 00:00:00-05:00,144.00999450683594,146.36000061035156,142.8000030517578,146.19000244140625,1009800,0.0,0.0
2021-11-15 00:00:00-05:00,148.10000610351562,149.9499969482422,146.72999572753906,148.1699981689453,1361900,0.0,0.0
2021-11-16 00:00:00-05:00,148.27999877929688,151.52000427246094,147.57000732421875,151.24000549316406,1247000,0.0,0.0
2021-11-17 00:00:00-05:00,152.3699951171875,153.72999572753906,150.89999389648438,151.61000061035156,1847900,0.0,0.0
2021-11-18 00:00:00-05:00,152.42999267578125,152.7100067138672,149.7899932861328,150.85000610351562,997800,0.0,0.0
2021-11-19 00:00:00-05:00,150.24000549316406,153.4499969482422,149.4499969482422,151.27000427246094,822700,0.0,0.0
2021-11-22 00:00:00-05:00,152.0800018310547,154.5,149.2899932861328,149.3800048828125,1078300,0.0,0.0
2021-11-23 00:00:00-05:00,147.72999572753906,150.50999450683594,145.61000061035156,149.10000610351562,879200,0.0,0.0
2021-11-24 00:00:00-05:00,147.66000366210938,150.91000366210938,146.55999755859375,150.8300018310547,983100,0.0,0.0
2021-11-26 00:00:00-05:00,148.35000610351562,151.39999389648438,145.4199981689453,146.35000610351562,911000,0.0,0.0
2021-11-29 00:00:00-05:00,149.52000427246094,154.8699951171875,146.50999450683594,154.4499969482422,1813000,0.0,0.0
2021-11-30 00:00:00-05:00,153.86000061035156,154.8699951171875,150.75999450683594,152.8699951171875,2158800,0.0,0.0
2021-12-01 00:00:00-05:00,155.75999450683594,158.22000122070312,152.1300048828125,152.35000610351562,1603800,0.0,0.0
2021-12-02 00:00:00-05:00,149.52000427246094,152.35000610351562,147.2100067138672,150.94000244140625,1683700,0.0,0.0
2021-12-03 00:00:00-05:00,153.0500030517578,155.0,149.07000732421875,150.55999755859375,1565300,0.0,0.0
2021-12-06 00:00:00-05:00,151.30999755859375,153.92999267578125,144.91000366210938,152.61000061035156,1926400,0.0,0.0
2021-12-07 00:00:00-05:00,154.27999877929688,159.8800048828125,154.27999877929688,159.11000061035156,1700200,0.0,0.0
2021-12-08 00:00:00-05:00,159.11000061035156,160.64999389648438,157.11000061035156,160.41000366210938,933100,0.0,0.0
2021-12-09 00:00:00-05:00,159.10000610351562,161.5399932861328,156.49000549316406,156.57000732421875,1059500,0.0,0.0
2021-12-10 00:00:00-05:00,159.5,159.94000244140625,154.77999877929688,159.75999450683594,1116100,0.0,0.0
2021-12-13 00:00:00-05:00,160.52999877929688,160.5500030517578,155.13999938964844,155.36000061035156,1520100,0.0,0.0
2021-12-14 00:00:00-05:00,153.88999938964844,156.30999755859375,152.02000427246094,155.94000244140625,1076300,0.0,0.0
2021-12-15 00:00:00-05:00,158.0,162.25999450683594,154.3000030517578,161.9600067138672,1482900,0.0,0.0
2021-12-16 00:00:00-05:00,162.6199951171875,163.02999877929688,156.14999389648438,158.3000030517578,2106900,0.0,0.0
2021-12-17 00:00:00-05:00,157.32000732421875,160.75,154.4199981689453,156.25999450683594,3282900,0.0,0.0
2021-12-20 00:00:00-05:00,155.08999633789062,158.1199951171875,154.89999389648438,155.7100067138672,2367200,0.0,0.0
2021-12-21 00:00:00-05:00,157.58999633789062,160.5500030517578,156.02000427246094,160.36000061035156,1338800,0.0,0.0
2021-12-22 00:00:00-05:00,159.25999450683594,160.99000549316406,158.82000732421875,160.89999389648438,1013900,0.0,0.0
2021-12-23 00:00:00-05:00,161.1199951171875,164.11000061035156,161.1199951171875,162.74000549316406,2040000,0.0,0.0
2021-12-27 00:00:00-05:00,164.0,168.91000366210938,163.5,168.55999755859375,1019200,0.0,0.0
2021-12-28 00:00:00-05:00,168.5,168.91000366210938,164.4499969482422,164.61000061035156,1107100,0.0,0.0
2021-12-29 00:00:00-05:00,164.77999877929688,167.44000244140625,164.77999877929688,166.77000427246094,569700,0.0,0.0
2021-12-30 00:00:00-05:00,166.77000427246094,166.77000427246094,163.33999633789062,163.72000122070312,932300,0.0,0.0
2021-12-31 00:00:00-05:00,164.5399932861328,165.85000610351562,163.3000030517578,163.52999877929688,1062700,0.0,0.0
2022-01-03 00:00:00-05:00,164.86000061035156,167.13999938964844,162.80999755859375,166.11000061035156,1724800,0.0,0.0
2022-01-04 00:00:00-05:00,166.14999389648438,167.2899932861328,160.42999267578125,166.3800048828125,1357400,0.0,0.0
2022-01-05 00:00:00-05:00,164.2100067138672,166.75,160.24000549316406,160.25,1904500,0.0,0.0
2022-01-06 00:00:00-05:00,159.7899932861328,164.7100067138672,158.7100067138672,163.47999572753906,1540900,0.0,0.0
2022-01-07 00:00:00-05:00,162.57000732421875,163.94000244140625,156.86000061035156,158.27000427246094,1473500,0.0,0.0
2022-01-10 00:00:00-05:00,155.8000030517578,156.75999450683594,150.47999572753906,156.61000061035156,1635400,0.0,0.0
2022-01-11 00:00:00-05:00,155.66000366210938,160.86000061035156,153.8699951171875,160.5399932861328,1329800,0.0,0.0
2022-01-12 00:00:00-05:00,162.24000549316406,164.5,161.22000122070312,162.89999389648438,817600,0.0,0.0
2022-01-13 00:00:00-05:00,165.61000061035156,167.69000244140625,157.42999267578125,158.25,1172300,0.0,0.0
2022-01-14 00:00:00-05:00,157.1999969482422,164.7100067138672,156.7100067138672,164.57000732421875,1367200,0.0,0.0
2022-01-18 00:00:00-05:00,160.94000244140625,161.58999633789062,155.24000549316406,155.55999755859375,1878000,0.0,0.0
2022-01-19 00:00:00-05:00,156.25,158.47000122070312,148.14999389648438,148.32000732421875,1696000,0.0,0.0
2022-01-20 00:00:00-05:00,150.36000061035156,152.83999633789062,145.2899932861328,145.47999572753906,1377700,0.0,0.0
2022-01-21 00:00:00-05:00,145.0,148.66000366210938,142.47999572753906,143.38999938964844,1785600,0.0,0.0
2022-01-24 00:00:00-05:00,138.72999572753906,147.6199951171875,137.5800018310547,147.44000244140625,2218200,0.0,0.0
2022-01-25 00:00:00-05:00,142.67999267578125,143.80999755859375,138.0399932861328,138.2899932861328,2198200,0.0,0.0
2022-01-26 00:00:00-05:00,143.55999755859375,147.94000244140625,139.91000366210938,143.3699951171875,2512400,0.0,0.0
2022-01-27 00:00:00-05:00,110.5199966430664,112.4000015258789,102.51000213623047,111.23999786376953,17003100,0.0,0.0
2022-01-28 00:00:00-05:00,107.9000015258789,112.19999694824219,105.5,112.12000274658203,6017200,0.0,0.0
2022-01-31 00:00:00-05:00,111.97000122070312,117.94000244140625,111.61000061035156,117.43000030517578,3923900,0.0,0.0
2022-02-01 00:00:00-05:00,118.33999633789062,119.16999816894531,114.12000274658203,116.87999725341797,2107200,0.0,0.0
2022-02-02 00:00:00-05:00,117.41999816894531,120.58000183105469,114.66000366210938,117.22000122070312,2579800,0.0,0.0
2022-02-03 00:00:00-05:00,113.97000122070312,116.66999816894531,111.72000122070312,111.86000061035156,2293300,0.0,0.0
2022-02-04 00:00:00-05:00,111.45999908447266,115.23999786376953,110.16999816894531,114.01000213623047,1720900,0.0,0.0
2022-02-07 00:00:00-05:00,114.1500015258789,116.30000305175781,113.58999633789062,114.2300033569336,1878500,0.0,0.0
2022-02-08 00:00:00-05:00,113.25,116.91000366210938,112.86000061035156,116.38999938964844,1669700,0.0,0.0
2022-02-09 00:00:00-05:00,117.87000274658203,121.88999938964844,117.02999877929688,121.37000274658203,1709800,0.0,0.0
2022-02-10 00:00:00-05:00,118.08999633789062,122.19999694824219,116.83999633789062,117.33000183105469,2215300,0.0,0.0
2022-02-11 00:00:00-05:00,117.33999633789062,118.66999816894531,111.83000183105469,113.08999633789062,1703100,0.0,0.0
2022-02-14 00:00:00-05:00,113.0,116.88999938964844,111.08999633789062,112.30999755859375,1496300,0.0,0.0
2022-02-15 00:00:00-05:00,114.16000366210938,118.51000213623047,114.05999755859375,118.0999984741211,2002800,0.0,0.0
2022-02-16 00:00:00-05:00,116.81999969482422,119.98999786376953,115.80000305175781,119.11000061035156,1151400,0.0,0.0
2022-02-17 00:00:00-05:00,117.16999816894531,118.33999633789062,115.81999969482422,116.0,1614400,0.0,0.0
2022-02-18 00:00:00-05:00,116.18000030517578,116.4000015258789,112.83000183105469,114.83000183105469,1517400,0.0,0.0
2022-02-22 00:00:00-05:00,113.62999725341797,117.22000122070312,112.5199966430664,113.80999755859375,1496700,0.0,0.0
2022-02-23 00:00:00-05:00,114.5,116.0,111.23999786376953,111.5199966430664,1528200,0.0,0.0
2022-02-24 00:00:00-05:00,107.11000061035156,117.5199966430664,107.11000061035156,117.38999938964844,2008000,0.0,0.0
2022-02-25 00:00:00-05:00,117.08999633789062,120.13999938964844,114.87999725341797,120.04000091552734,1738300,0.0,0.0
2022-02-28 00:00:00-05:00,119.41999816894531,119.55000305175781,115.29000091552734,117.91999816894531,1887000,0.0,0.0
2022-03-01 00:00:00-05:00,117.73999786376953,118.29000091552734,113.29000091552734,114.55999755859375,1715500,0.0,0.0
2022-03-02 00:00:00-05:00,115.22000122070312,118.13999938964844,114.81999969482422,117.30000305175781,1323700,0.0,0.0
2022-03-03 00:00:00-05:00,116.4800033569336,117.27999877929688,112.25,114.16999816894531,1333500,0.0,0.0
2022-03-04 00:00:00-05:00,112.77999877929688,113.76000213623047,110.04000091552734,111.75,1320300,0.0,0.0
2022-03-07 00:00:00-05:00,112.86000061035156,113.88999938964844,106.33000183105469,106.41999816894531,2315200,0.0,0.0
2022-03-08 00:00:00-05:00,107.41000366210938,111.7300033569336,105.36000061035156,107.55000305175781,1877100,0.0,0.0
2022-03-09 00:00:00-05:00,111.12000274658203,113.02999877929688,109.41999816894531,111.75,2146600,0.0,0.0
2022-03-10 00:00:00-05:00,109.5999984741211,110.70999908447266,107.56999969482422,109.95999908447266,1356700,0.0,0.0
2022-03-11 00:00:00-05:00,112.01000213623047,112.23999786376953,106.77999877929688,106.87999725341797,2030700,0.0,0.0
2022-03-14 00:00:00-04:00,107.68000030517578,111.94000244140625,104.31999969482422,105.56999969482422,2014300,0.0,0.0
2022-03-15 00:00:00-04:00,106.54000091552734,111.01000213623047,106.2699966430664,110.51000213623047,1523200,0.0,0.0
2022-03-16 00:00:00-04:00,112.20999908447266,116.9800033569336,111.97000122070312,116.75,2341300,0.0,0.0
2022-03-17 00:00:00-04:00,115.41000366210938,120.66000366210938,114.68000030517578,120.5999984741211,2140800,0.0,0.0
2022-03-18 00:00:00-04:00,118.9800033569336,123.80999755859375,118.62000274658203,122.94999694824219,4074600,0.0,0.0
2022-03-21 00:00:00-04:00,121.77999877929688,123.44000244140625,119.18000030517578,120.94000244140625,1256400,0.0,0.0
2022-03-22 00:00:00-04:00,121.37000274658203,122.6500015258789,120.16000366210938,121.0,1070900,0.0,0.0
2022-03-23 00:00:00-04:00,119.80000305175781,120.80000305175781,116.18000030517578,116.51000213623047,1289500,0.0,0.0
2022-03-24 00:00:00-04:00,118.02999877929688,122.69999694824219,117.16999816894531,122.69000244140625,1533100,0.0,0.0
2022-03-25 00:00:00-04:00,122.87999725341797,124.19000244140625,120.69000244140625,124.04000091552734,1260400,0.0,0.0
2022-03-28 00:00:00-04:00,120.93000030517578,123.27999877929688,120.05000305175781,122.95999908447266,2021700,0.0,0.0
2022-03-29 00:00:00-04:00,125.25,127.29000091552734,122.54000091552734,125.37000274658203,1427200,0.0,0.0
2022-03-30 00:00:00-04:00,124.47000122070312,124.86000061035156,120.5,121.02999877929688,1536600,0.0,0.0
2022-03-31 00:00:00-04:00,121.29000091552734,122.63999938964844,118.19000244140625,118.2300033569336,1659200,0.0,0.0
2022-04-01 00:00:00-04:00,119.56999969482422,119.83000183105469,114.76000213623047,116.37000274658203,1402900,0.0,0.0
2022-04-04 00:00:00-04:00,116.93000030517578,120.19999694824219,116.93000030517578,118.94000244140625,1077400,0.0,0.0
2022-04-05 00:00:00-04:00,117.98999786376953,118.16999816894531,111.4000015258789,111.91000366210938,1951400,0.0,0.0
2022-04-06 00:00:00-04:00,110.0,112.97000122070312,109.06999969482422,111.19999694824219,1665600,0.0,0.0
2022-04-07 00:00:00-04:00,110.7699966430664,113.62999725341797,109.5,111.41999816894531,1284900,0.0,0.0
2022-04-08 00:00:00-04:00,110.70999908447266,110.97000122070312,108.51000213623047,108.66000366210938,1238000,0.0,0.0
2022-04-11 00:00:00-04:00,107.33999633789062,108.83000183105469,106.70999908447266,107.23999786376953,1428400,0.0,0.0
2022-04-12 00:00:00-04:00,109.29000091552734,111.33999633789062,107.16000366210938,108.18000030517578,1457100,0.0,0.0
2022-04-13 00:00:00-04:00,109.16999816894531,111.27999877929688,107.56999969482422,109.61000061035156,2537200,0.0,0.0
2022-04-14 00:00:00-04:00,110.16999816894531,110.44999694824219,106.0,106.0199966430664,1193100,0.0,0.0
2022-04-18 00:00:00-04:00,105.83999633789062,108.80000305175781,105.38999938964844,108.13999938964844,1426200,0.0,0.0
2022-04-19 00:00:00-04:00,108.62000274658203,112.97000122070312,107.30999755859375,112.61000061035156,1620700,0.0,0.0
2022-04-20 00:00:00-04:00,114.5999984741211,117.41999816894531,112.86000061035156,112.9000015258789,1727800,0.0,0.0
2022-04-21 00:00:00-04:00,114.83000183105469,116.56999969482422,110.91999816894531,111.19999694824219,1275700,0.0,0.0
2022-04-22 00:00:00-04:00,110.8499984741211,112.45999908447266,108.98999786376953,109.19999694824219,1613600,0.0,0.0
2022-04-25 00:00:00-04:00,108.5999984741211,112.69999694824219,108.0,112.56999969482422,1989900,0.0,0.0
2022-04-26 00:00:00-04:00,111.02999877929688,111.12000274658203,107.63999938964844,107.69000244140625,2395600,0.0,0.0
2022-04-27 00:00:00-04:00,110.47000122070312,115.4800033569336,105.58000183105469,106.31999969482422,3966200,0.0,0.0
2022-04-28 00:00:00-04:00,108.69000244140625,113.63999938964844,105.94000244140625,111.68000030517578,2679300,0.0,0.0
2022-04-29 00:00:00-04:00,109.6500015258789,112.05999755859375,105.23999786376953,105.45999908447266,1907100,0.0,0.0
2022-05-02 00:00:00-04:00,105.62000274658203,109.11000061035156,104.12999725341797,108.56999969482422,1731200,0.0,0.0
2022-05-03 00:00:00-04:00,108.06999969482422,110.87000274658203,106.8499984741211,109.33999633789062,1192800,0.0,0.0
2022-05-04 00:00:00-04:00,109.5,114.19000244140625,107.13999938964844,114.16999816894531,1992700,0.0,0.0
2022-05-05 00:00:00-04:00,111.80000305175781,113.72000122070312,106.86000061035156,108.51000213623047,2141900,0.0,0.0
2022-05-06 00:00:00-04:00,107.16000366210938,108.5999984741211,104.52999877929688,105.91999816894531,1325700,0.0,0.0
2022-05-09 00:00:00-04:00,104.29000091552734,105.22000122070312,99.81999969482422,100.22000122070312,2099000,0.0,0.0
2022-05-10 00:00:00-04:00,103.47000122070312,104.44000244140625,99.86000061035156,102.45999908447266,1718500,0.0,0.0
2022-05-11 00:00:00-04:00,101.12000274658203,104.62000274658203,100.30000305175781,100.41999816894531,1661300,0.0,0.0
2022-05-12 00:00:00-04:00,99.19000244140625,102.23999786376953,98.63999938964844,101.86000061035156,1823300,0.0,0.0
2022-05-13 00:00:00-04:00,103.87000274658203,108.41999816894531,103.19000244140625,107.3499984741211,1570100,0.0,0.0
2022-05-16 00:00:00-04:00,105.97000122070312,106.5,103.37000274658203,103.5199966430664,1212300,0.0,0.0
2022-05-17 00:00:00-04:00,106.22000122070312,108.86000061035156,104.94000244140625,108.51000213623047,1492900,0.0,0.0
2022-05-18 00:00:00-04:00,106.43000030517578,108.33999633789062,102.5,102.80000305175781,1555500,0.0,0.0
2022-05-19 00:00:00-04:00,102.4000015258789,105.54000091552734,102.01000213623047,102.18000030517578,1482600,0.0,0.0
2022-05-20 00:00:00-04:00,104.61000061035156,105.06999969482422,97.62999725341797,102.37000274658203,2132100,0.0,0.0
2022-05-23 00:00:00-04:00,102.47000122070312,104.36000061035156,101.61000061035156,102.88999938964844,1290200,0.0,0.0
2022-05-24 00:00:00-04:00,101.51000213623047,102.01000213623047,97.9800033569336,99.19000244140625,1736400,0.0,0.0
2022-05-25 00:00:00-04:00,98.12999725341797,101.51000213623047,97.95999908447266,100.2300033569336,1560500,0.0,0.0
2022-05-26 00:00:00-04:00,100.16999816894531,105.45999908447266,99.16000366210938,104.94000244140625,1539000,0.0,0.0
2022-05-27 00:00:00-04:00,106.2699966430664,109.43000030517578,106.2699966430664,109.4000015258789,1688700,0.0,0.0
2022-05-31 00:00:00-04:00,109.0,110.06999969482422,107.12000274658203,109.26000213623047,1948400,0.0,0.0
2022-06-01 00:00:00-04:00,109.41999816894531,110.37999725341797,105.33999633789062,106.63999938964844,1453900,0.0,0.0
2022-06-02 00:00:00-04:00,106.43000030517578,110.62000274658203,105.7300033569336,110.58000183105469,1091300,0.0,0.0
2022-06-03 00:00:00-04:00,108.41999816894531,108.66999816894531,106.87999725341797,107.43000030517578,1099000,0.0,0.0
2022-06-06 00:00:00-04:00,109.08000183105469,109.72000122070312,106.58000183105469,106.80999755859375,808100,0.0,0.0
2022-06-07 00:00:00-04:00,105.2699966430664,108.7300033569336,104.5199966430664,108.5199966430664,1046800,0.0,0.0
2022-06-08 00:00:00-04:00,107.91999816894531,108.16999816894531,104.73999786376953,105.11000061035156,1610600,0.0,0.0
2022-06-09 00:00:00-04:00,103.75,105.31999969482422,101.0999984741211,101.19000244140625,1436400,0.0,0.0
2022-06-10 00:00:00-04:00,99.55999755859375,100.29000091552734,96.83000183105469,96.97000122070312,2152900,0.0,0.0
2022-06-13 00:00:00-04:00,93.5999984741211,94.58999633789062,90.45999908447266,91.23999786376953,2939400,0.0,0.0
2022-06-14 00:00:00-04:00,92.05999755859375,92.69000244140625,89.68000030517578,90.91000366210938,1742200,0.0,0.0
2022-06-15 00:00:00-04:00,92.37999725341797,94.38999938964844,90.45999908447266,92.44000244140625,1756000,0.0,0.0
2022-06-16 00:00:00-04:00,89.97000122070312,90.05999755859375,85.66000366210938,86.94999694824219,2837100,0.0,0.0
2022-06-17 00:00:00-04:00,87.33000183105469,89.69999694824219,86.61000061035156,89.05999755859375,4165300,0.0,0.0
2022-06-21 00:00:00-04:00,90.93000030517578,93.23999786376953,90.7699966430664,91.37999725341797,1699000,0.0,0.0
2022-06-22 00:00:00-04:00,89.55000305175781,92.4000015258789,89.29000091552734,91.33999633789062,1541000,0.0,0.0
2022-06-23 00:00:00-04:00,91.7300033569336,92.68000030517578,90.81999969482422,91.94000244140625,1268200,0.0,0.0
2022-06-24 00:00:00-04:00,93.6500015258789,97.25,93.05999755859375,97.12000274658203,2756800,0.0,0.0
2022-06-27 00:00:00-04:00,98.0999984741211,98.98999786376953,96.4000015258789,97.95999908447266,1542300,0.0,0.0
2022-06-28 00:00:00-04:00,98.01000213623047,99.25,94.9000015258789,95.2300033569336,2352400,0.0,0.0
2022-06-29 00:00:00-04:00,93.25,93.47000122070312,88.5199966430664,90.25,2642700,0.0,0.0
2022-06-30 00:00:00-04:00,89.48999786376953,91.69999694824219,88.26000213623047,89.55000305175781,2458000,0.0,0.0
2022-07-01 00:00:00-04:00,88.68000030517578,89.0999984741211,84.22000122070312,85.80000305175781,1965300,0.0,0.0
2022-07-05 00:00:00-04:00,82.97000122070312,87.02999877929688,82.97000122070312,86.80999755859375,1686200,0.0,0.0
2022-07-06 00:00:00-04:00,87.19000244140625,89.4000015258789,86.69000244140625,87.98999786376953,1434700,0.0,0.0
2022-07-07 00:00:00-04:00,90.0,91.86000061035156,89.83999633789062,91.5199966430664,1766900,0.0,0.0
2022-07-08 00:00:00-04:00,90.30000305175781,92.43000030517578,89.8499984741211,92.08000183105469,1056800,0.0,0.0
2022-07-11 00:00:00-04:00,90.69000244140625,91.18000030517578,89.05999755859375,89.94000244140625,1333500,0.0,0.0
2022-07-12 00:00:00-04:00,90.95999908447266,91.2699966430664,89.12000274658203,89.66999816894531,1023400,0.0,0.0
2022-07-13 00:00:00-04:00,88.05999755859375,91.6500015258789,87.44999694824219,90.02999877929688,1282600,0.0,0.0
2022-07-14 00:00:00-04:00,90.0,92.41000366210938,88.0199966430664,91.91000366210938,1196700,0.0,0.0
2022-07-15 00:00:00-04:00,92.80000305175781,93.7699966430664,91.0199966430664,93.75,1100900,0.0,0.0
2022-07-18 00:00:00-04:00,94.8499984741211,96.44000244140625,92.55000305175781,93.29000091552734,1489000,0.0,0.0
2022-07-19 00:00:00-04:00,94.77999877929688,99.44000244140625,94.68000030517578,99.2300033569336,1815400,0.0,0.0
2022-07-20 00:00:00-04:00,99.12999725341797,102.79000091552734,98.83000183105469,101.79000091552734,2154900,0.0,0.0
2022-07-21 00:00:00-04:00,102.69999694824219,102.83000183105469,100.47000122070312,102.7699966430664,1072600,0.0,0.0
2022-07-22 00:00:00-04:00,102.16999816894531,102.51000213623047,98.7699966430664,100.45999908447266,1610400,0.0,0.0
2022-07-25 00:00:00-04:00,99.76000213623047,100.30000305175781,98.41000366210938,100.0999984741211,1639400,0.0,0.0
2022-07-26 00:00:00-04:00,99.33000183105469,100.58999633789062,97.55000305175781,98.1500015258789,2045400,0.0,0.0
2022-07-27 00:00:00-04:00,91.19000244140625,98.83999633789062,89.29000091552734,97.94000244140625,5071300,0.0,0.0
2022-07-28 00:00:00-04:00,96.9000015258789,99.08999633789062,93.4800033569336,98.94999694824219,2688600,0.0,0.0
2022-07-29 00:00:00-04:00,98.9000015258789,101.18000030517578,97.7300033569336,100.88999938964844,1680800,0.0,0.0
2022-08-01 00:00:00-04:00,99.9000015258789,101.5199966430664,99.0,100.30000305175781,1431600,0.0,0.0
2022-08-02 00:00:00-04:00,99.83999633789062,101.19999694824219,98.7699966430664,98.94000244140625,1265000,0.0,0.0
2022-08-03 00:00:00-04:00,99.36000061035156,102.30999755859375,98.98999786376953,101.41999816894531,1481200,0.0,0.0
2022-08-04 00:00:00-04:00,101.63999938964844,102.72000122070312,100.9800033569336,101.70999908447266,1327100,0.0,0.0
2022-08-05 00:00:00-04:00,100.29000091552734,102.12999725341797,98.69000244140625,100.75,1668500,0.0,0.0
2022-08-08 00:00:00-04:00,100.16999816894531,101.5,97.83999633789062,99.73999786376953,1775600,0.0,0.0
2022-08-09 00:00:00-04:00,97.58000183105469,98.16000366210938,91.0999984741211,92.83000183105469,3039200,0.0,0.0
2022-08-10 00:00:00-04:00,95.72000122070312,99.30000305175781,94.76000213623047,99.12000274658203,2157000,0.0,0.0
2022-08-11 00:00:00-04:00,100.0199966430664,102.86000061035156,99.56999969482422,99.9000015258789,1150700,0.0,0.0
2022-08-12 00:00:00-04:00,100.29000091552734,105.25,100.12999725341797,104.33999633789062,1987800,0.0,0.0
2022-08-15 00:00:00-04:00,103.98999786376953,104.5999984741211,101.91000366210938,102.9000015258789,815500,0.0,0.0
2022-08-16 00:00:00-04:00,102.47000122070312,102.93000030517578,100.93000030517578,101.58000183105469,834300,0.0,0.0
2022-08-17 00:00:00-04:00,100.29000091552734,101.11000061035156,98.61000061035156,100.45999908447266,1329400,0.0,0.0
2022-08-18 00:00:00-04:00,100.4000015258789,101.58999633789062,100.0,100.93000030517578,1608800,0.0,0.0
2022-08-19 00:00:00-04:00,99.30999755859375,100.37000274658203,96.62000274658203,96.8499984741211,1741300,0.0,0.0
2022-08-22 00:00:00-04:00,94.5999984741211,94.91999816894531,91.70999908447266,92.41999816894531,1899300,0.0,0.0
2022-08-23 00:00:00-04:00,92.66000366210938,94.56999969482422,92.5,92.9800033569336,885200,0.0,0.0
2022-08-24 00:00:00-04:00,93.2300033569336,93.55999755859375,91.86000061035156,92.56999969482422,1209900,0.0,0.0
2022-08-25 00:00:00-04:00,92.76000213623047,96.4000015258789,92.69999694824219,96.33000183105469,1347100,0.0,0.0
2022-08-26 00:00:00-04:00,96.37999725341797,96.44999694824219,89.88999938964844,90.16000366210938,2249900,0.0,0.0
2022-08-29 00:00:00-04:00,89.44000244140625,90.66999816894531,87.5199966430664,87.62999725341797,1251400,0.0,0.0
2022-08-30 00:00:00-04:00,88.30999755859375,88.5999984741211,84.94999694824219,85.72000122070312,2527800,0.0,0.0
2022-08-31 00:00:00-04:00,86.6500015258789,86.6500015258789,83.81999969482422,84.63999938964844,2072300,0.0,0.0
2022-09-01 00:00:00-04:00,82.93000030517578,83.06999969482422,80.41000366210938,82.77999877929688,2502200,0.0,0.0
2022-09-02 00:00:00-04:00,84.43000030517578,85.2699966430664,82.25,83.04000091552734,1353600,0.0,0.0
2022-09-06 00:00:00-04:00,82.70999908447266,84.12000274658203,81.86000061035156,82.91999816894531,1349700,0.0,0.0
2022-09-07 00:00:00-04:00,82.75,85.55999755859375,82.55000305175781,85.0199966430664,1715300,0.0,0.0
2022-09-08 00:00:00-04:00,83.87999725341797,86.44000244140625,83.06999969482422,86.13999938964844,1400000,0.0,0.0
2022-09-09 00:00:00-04:00,87.5,90.01000213623047,87.36000061035156,88.83999633789062,1804600,0.0,0.0
2022-09-12 00:00:00-04:00,88.83999633789062,88.88999938964844,86.72000122070312,87.37999725341797,1902900,0.0,0.0
2022-09-13 00:00:00-04:00,83.94000244140625,84.91999816894531,82.94000244140625,83.16000366210938,2477400,0.0,0.0
2022-09-14 00:00:00-04:00,83.88999938964844,84.12000274658203,82.26000213623047,83.63999938964844,1372900,0.0,0.0
2022-09-15 00:00:00-04:00,83.12999725341797,84.22000122070312,81.4000015258789,82.3499984741211,1810400,0.0,0.0
2022-09-16 00:00:00-04:00,81.5199966430664,82.45999908447266,80.41999816894531,82.0999984741211,3571000,0.0,0.0
2022-09-19 00:00:00-04:00,81.23999786376953,83.05000305175781,80.91000366210938,82.48999786376953,1534800,0.0,0.0
2022-09-20 00:00:00-04:00,81.41000366210938,81.7699966430664,79.75,80.83999633789062,1674800,0.0,0.0
2022-09-21 00:00:00-04:00,81.04000091552734,84.58999633789062,80.91999816894531,80.97000122070312,1782600,0.0,0.0
2022-09-22 00:00:00-04:00,80.58999633789062,81.11000061035156,78.81999969482422,79.79000091552734,1955800,0.0,0.0
2022-09-23 00:00:00-04:00,79.0999984741211,79.73999786376953,77.30999755859375,79.19000244140625,1909800,0.0,0.0
2022-09-26 00:00:00-04:00,79.19999694824219,80.44000244140625,77.1500015258789,77.20999908447266,1427100,0.0,0.0
2022-09-27 00:00:00-04:00,79.06999969482422,79.69999694824219,77.19999694824219,78.37000274658203,1570700,0.0,0.0
2022-09-28 00:00:00-04:00,77.9000015258789,79.27999877929688,77.52999877929688,78.94999694824219,1619100,0.0,0.0
2022-09-29 00:00:00-04:00,77.66000366210938,78.06999969482422,76.18000030517578,77.16999816894531,1601000,0.0,0.0
2022-09-30 00:00:00-04:00,75.66000366210938,77.18000030517578,75.01000213623047,75.1500015258789,1744800,0.0,0.0
2022-10-03 00:00:00-04:00,76.16999816894531,79.7300033569336,75.47000122070312,78.69000244140625,2160200,0.0,0.0
2022-10-04 00:00:00-04:00,80.83999633789062,82.2300033569336,80.44000244140625,81.66999816894531,1493800,0.0,0.0
2022-10-05 00:00:00-04:00,80.0,82.83999633789062,79.23999786376953,81.94999694824219,1193800,0.0,0.0
2022-10-06 00:00:00-04:00,81.76000213623047,83.19999694824219,81.0,82.01000213623047,1216200,0.0,0.0
2022-10-07 00:00:00-04:00,79.63999938964844,80.16000366210938,76.6500015258789,77.33000183105469,2321800,0.0,0.0
2022-10-10 00:00:00-04:00,77.61000061035156,77.61000061035156,74.75,76.11000061035156,1701400,0.0,0.0
2022-10-11 00:00:00-04:00,74.8499984741211,75.91999816894531,72.86000061035156,74.0199966430664,1761600,0.0,0.0
2022-10-12 00:00:00-04:00,73.87999725341797,74.16000366210938,71.94000244140625,72.0,1928300,0.0,0.0
2022-10-13 00:00:00-04:00,69.01000213623047,75.8499984741211,67.80999755859375,75.11000061035156,3403800,0.0,0.0
2022-10-14 00:00:00-04:00,76.06999969482422,77.13999938964844,71.19999694824219,71.37000274658203,2410300,0.0,0.0
2022-10-17 00:00:00-04:00,73.55000305175781,73.94999694824219,71.12000274658203,71.51000213623047,2107000,0.0,0.0
2022-10-18 00:00:00-04:00,74.08000183105469,74.5199966430664,71.11000061035156,72.77999877929688,1717100,0.0,0.0
2022-10-19 00:00:00-04:00,72.55000305175781,74.2699966430664,72.18000030517578,73.18000030517578,1524300,0.0,0.0
2022-10-20 00:00:00-04:00,73.55000305175781,75.5999984741211,73.16999816894531,73.94999694824219,1455900,0.0,0.0
2022-10-21 00:00:00-04:00,74.18000030517578,77.44000244140625,73.7300033569336,77.2699966430664,2158500,0.0,0.0
2022-10-24 00:00:00-04:00,77.94000244140625,78.2699966430664,76.62999725341797,77.45999908447266,2094900,0.0,0.0
2022-10-25 00:00:00-04:00,78.1500015258789,80.25,78.11000061035156,79.6500015258789,2186600,0.0,0.0
2022-10-26 00:00:00-04:00,79.6500015258789,85.19999694824219,78.66999816894531,82.25,4210700,0.0,0.0
2022-10-27 00:00:00-04:00,83.18000030517578,84.29000091552734,79.79000091552734,79.86000061035156,2147500,0.0,0.0
2022-10-28 00:00:00-04:00,79.91999816894531,83.63999938964844,79.91999816894531,83.3499984741211,1665100,0.0,0.0
2022-10-31 00:00:00-04:00,82.44999694824219,82.83999633789062,80.62000274658203,81.3499984741211,1499000,0.0,0.0
2022-11-01 00:00:00-04:00,83.27999877929688,83.58000183105469,81.66999816894531,82.22000122070312,1220700,0.0,0.0
2022-11-02 00:00:00-04:00,82.25,83.75,79.18000030517578,79.44000244140625,1959700,0.0,0.0
2022-11-03 00:00:00-04:00,78.08999633789062,80.91999816894531,77.27999877929688,80.08999633789062,1359100,0.0,0.0
2022-11-04 00:00:00-04:00,82.75,84.83000183105469,81.30999755859375,84.72000122070312,2344900,0.0,0.0
2022-11-07 00:00:00-05:00,85.7699966430664,85.91000366210938,83.27999877929688,85.54000091552734,1737500,0.0,0.0
2022-11-08 00:00:00-05:00,86.5999984741211,87.20999908447266,84.73999786376953,86.44999694824219,2087300,0.0,0.0
2022-11-09 00:00:00-05:00,84.91999816894531,85.79000091552734,84.11000061035156,84.37000274658203,1639700,0.0,0.0
2022-11-10 00:00:00-05:00,90.0,93.41999816894531,88.70999908447266,93.33000183105469,2472700,0.0,0.0
2022-11-11 00:00:00-05:00,93.29000091552734,96.88999938964844,92.6500015258789,96.30999755859375,1716400,0.0,0.0
2022-11-14 00:00:00-05:00,94.83000183105469,96.41000366210938,94.04000091552734,94.13999938964844,1254600,0.0,0.0
2022-11-15 00:00:00-05:00,97.37999725341797,97.73999786376953,94.76000213623047,96.58999633789062,1581800,0.0,0.0
2022-11-16 00:00:00-05:00,93.58999633789062,94.6500015258789,91.02999877929688,91.4800033569336,2188800,0.0,0.0
2022-11-17 00:00:00-05:00,88.80999755859375,92.91000366210938,88.55999755859375,92.51000213623047,1346500,0.0,0.0
2022-11-18 00:00:00-05:00,94.08000183105469,94.23999786376953,91.36000061035156,92.9000015258789,1507500,0.0,0.0
2022-11-21 00:00:00-05:00,91.62999725341797,91.80000305175781,90.5999984741211,91.0999984741211,1014400,0.0,0.0
2022-11-22 00:00:00-05:00,92.19000244140625,93.0199966430664,90.6500015258789,92.93000030517578,1401900,0.0,0.0
2022-11-23 00:00:00-05:00,93.12999725341797,95.55999755859375,92.62999725341797,94.02999877929688,883000,0.0,0.0
2022-11-25 00:00:00-05:00,93.08000183105469,93.69999694824219,92.58000183105469,92.58999633789062,530300,0.0,0.0
2022-11-28 00:00:00-05:00,91.2699966430664,92.25,89.70999908447266,90.22000122070312,1306600,0.0,0.0
2022-11-29 00:00:00-05:00,90.13999938964844,90.87000274658203,88.87000274658203,89.19000244140625,1099900,0.0,0.0
2022-11-30 00:00:00-05:00,89.66999816894531,93.4800033569336,87.86000061035156,93.44999694824219,2426400,0.0,0.0
2022-12-01 00:00:00-05:00,94.37000274658203,94.61000061035156,90.41000366210938,92.29000091552734,1552900,0.0,0.0
2022-12-02 00:00:00-05:00,90.11000061035156,92.80999755859375,90.0,92.66999816894531,1177200,0.0,0.0
2022-12-05 00:00:00-05:00,92.1500015258789,93.80000305175781,91.66000366210938,93.38999938964844,1617000,0.0,0.0
2022-12-06 00:00:00-05:00,93.36000061035156,93.43000030517578,89.5,90.38999938964844,1333600,0.0,0.0
2022-12-07 00:00:00-05:00,89.4800033569336,91.47000122070312,89.04000091552734,91.36000061035156,1444600,0.0,0.0
2022-12-08 00:00:00-05:00,92.16999816894531,95.12999725341797,91.69000244140625,94.79000091552734,1619900,0.0,0.0
2022-12-09 00:00:00-05:00,93.18000030517578,94.83999633789062,92.3499984741211,92.41000366210938,2039300,0.0,0.0
2022-12-12 00:00:00-05:00,91.87000274658203,94.8499984741211,91.41999816894531,94.58999633789062,1210200,0.0,0.0
2022-12-13 00:00:00-05:00,98.7699966430664,99.1500015258789,95.30999755859375,96.51000213623047,1553800,0.0,0.0
2022-12-14 00:00:00-05:00,95.79000091552734,97.2699966430664,93.13999938964844,94.1500015258789,1462900,0.0,0.0
2022-12-15 00:00:00-05:00,92.30000305175781,92.51000213623047,88.30000305175781,88.5199966430664,2566800,0.0,0.0
2022-12-16 00:00:00-05:00,88.01000213623047,89.51000213623047,87.19000244140625,89.0199966430664,3091200,0.0,0.0
2022-12-19 00:00:00-05:00,89.41999816894531,89.5,86.55000305175781,88.4000015258789,1323600,0.0,0.0
2022-12-20 00:00:00-05:00,86.91999816894531,89.72000122070312,86.58999633789062,87.79000091552734,1314300,0.0,0.0
2022-12-21 00:00:00-05:00,88.66000366210938,90.0199966430664,88.31999969482422,89.75,1543600,0.0,0.0
2022-12-22 00:00:00-05:00,87.61000061035156,87.61000061035156,83.75,86.11000061035156,2146800,0.0,0.0
2022-12-23 00:00:00-05:00,85.44999694824219,86.61000061035156,84.37000274658203,86.55999755859375,858600,0.0,0.0
2022-12-27 00:00:00-05:00,85.62999725341797,86.02999877929688,84.01000213623047,84.76000213623047,1156000,0.0,0.0
2022-12-28 00:00:00-05:00,84.01000213623047,85.4000015258789,83.30999755859375,84.23999786376953,990300,0.0,0.0
2022-12-29 00:00:00-05:00,86.05999755859375,88.12999725341797,85.25,87.48999786376953,1137300,0.0,0.0
2022-12-30 00:00:00-05:00,85.83999633789062,87.45999908447266,85.3499984741211,87.3499984741211,677400,0.0,0.0
2023-01-03 00:00:00-05:00,88.8499984741211,89.16000366210938,85.55000305175781,85.93000030517578,1033200,0.0,0.0
2023-01-04 00:00:00-05:00,87.23999786376953,87.87999725341797,85.75,87.41999816894531,2025400,0.0,0.0
2023-01-05 00:00:00-05:00,86.83999633789062,88.41999816894531,85.94999694824219,87.12000274658203,998700,0.0,0.0
2023-01-06 00:00:00-05:00,88.27999877929688,91.80000305175781,87.7300033569336,91.23999786376953,1444500,0.0,0.0
2023-01-09 00:00:00-05:00,92.94000244140625,95.83000183105469,92.37000274658203,93.20999908447266,1654500,0.0,0.0
2023-01-10 00:00:00-05:00,93.44000244140625,95.44999694824219,92.80999755859375,94.77999877929688,1160400,0.0,0.0
2023-01-11 00:00:00-05:00,95.08999633789062,96.36000061035156,93.75,96.33999633789062,870000,0.0,0.0
2023-01-12 00:00:00-05:00,97.06999969482422,97.06999969482422,93.97000122070312,96.13999938964844,1165700,0.0,0.0
2023-01-13 00:00:00-05:00,95.5,98.23999786376953,95.2699966430664,97.44000244140625,1464500,0.0,0.0
2023-01-17 00:00:00-05:00,97.3499984741211,97.8499984741211,95.45999908447266,96.63999938964844,1668200,0.0,0.0
2023-01-18 00:00:00-05:00,97.30999755859375,98.44000244140625,95.80999755859375,95.91000366210938,1326800,0.0,0.0
2023-01-19 00:00:00-05:00,94.83999633789062,95.25,92.5999984741211,93.8499984741211,1542600,0.0,0.0
2023-01-20 00:00:00-05:00,95.4000015258789,97.55000305175781,94.44999694824219,97.52999877929688,1421100,0.0,0.0
2023-01-23 00:00:00-05:00,98.13999938964844,104.47000122070312,97.9000015258789,103.5,2617700,0.0,0.0
2023-01-24 00:00:00-05:00,102.0,103.23999786376953,101.8499984741211,103.0199966430664,1193300,0.0,0.0
2023-01-25 00:00:00-05:00,100.54000091552734,103.58999633789062,100.25,103.44000244140625,1501200,0.0,0.0
2023-01-26 00:00:00-05:00,99.70999908447266,104.97000122070312,98.26000213623047,103.66999816894531,3941600,0.0,0.0
2023-01-27 00:00:00-05:00,101.55999755859375,104.22000122070312,99.33000183105469,103.44000244140625,2593000,0.0,0.0
2023-01-30 00:00:00-05:00,102.08000183105469,102.58999633789062,100.0199966430664,100.16999816894531,2067200,0.0,0.0
2023-01-31 00:00:00-05:00,100.0,101.72000122070312,99.01000213623047,101.69999694824219,1973300,0.0,0.0
2023-02-01 00:00:00-05:00,102.19000244140625,108.7699966430664,101.93000030517578,107.98999786376953,2784100,0.0,0.0
2023-02-02 00:00:00-05:00,109.9000015258789,112.05999755859375,109.41000366210938,111.54000091552734,2352900,0.0,0.0
2023-02-03 00:00:00-05:00,108.4000015258789,110.7300033569336,107.06999969482422,107.98999786376953,1608800,0.0,0.0
2023-02-06 00:00:00-05:00,107.43000030517578,108.5,106.37000274658203,106.94999694824219,1411500,0.0,0.0
2023-02-07 00:00:00-05:00,106.91999816894531,110.88999938964844,106.80999755859375,110.19999694824219,1824000,0.0,0.0
2023-02-08 00:00:00-05:00,108.45999908447266,110.30999755859375,107.27999877929688,107.62999725341797,1129800,0.0,0.0
2023-02-09 00:00:00-05:00,109.36000061035156,110.27999877929688,106.73999786376953,107.66000366210938,1906400,0.0,0.0
2023-02-10 00:00:00-05:00,106.31999969482422,106.86000061035156,104.29000091552734,105.55999755859375,1414800,0.0,0.0
2023-02-13 00:00:00-05:00,105.87999725341797,107.5999984741211,105.36000061035156,106.75,1303800,0.0,0.0
2023-02-14 00:00:00-05:00,105.66000366210938,108.3499984741211,105.06999969482422,108.01000213623047,1779300,0.0,0.0
2023-02-15 00:00:00-05:00,106.43000030517578,108.52999877929688,105.7699966430664,108.45999908447266,1202400,0.0,0.0
2023-02-16 00:00:00-05:00,107.0,107.79000091552734,106.13999938964844,106.30000305175781,1613900,0.0,0.0
2023-02-17 00:00:00-05:00,106.0,106.62000274658203,103.63999938964844,105.25,1151500,0.0,0.0
2023-02-21 00:00:00-05:00,103.44000244140625,104.33999633789062,101.02999877929688,101.16000366210938,1976100,0.0,0.0
2023-02-22 00:00:00-05:00,101.30000305175781,102.7300033569336,99.88999938964844,100.7699966430664,1329000,0.0,0.0
2023-02-23 00:00:00-05:00,102.86000061035156,103.4000015258789,100.61000061035156,102.98999786376953,1446300,0.0,0.0
2023-02-24 00:00:00-05:00,101.05000305175781,101.94999694824219,99.98999786376953,100.63999938964844,1465400,0.0,0.0
2023-02-27 00:00:00-05:00,102.26000213623047,102.47000122070312,100.55999755859375,100.97000122070312,1404200,0.0,0.0
2023-02-28 00:00:00-05:00,100.97000122070312,102.43000030517578,100.58999633789062,101.13999938964844,1378500,0.0,0.0
2023-03-01 00:00:00-05:00,101.51000213623047,102.6500015258789,100.83000183105469,101.37999725341797,1090100,0.0,0.0
2023-03-02 00:00:00-05:00,99.87999725341797,102.38999938964844,99.3499984741211,102.05000305175781,1484000,0.0,0.0
2023-03-03 00:00:00-05:00,102.4800033569336,103.38999938964844,100.97000122070312,103.02999877929688,1393400,0.0,0.0
2023-03-06 00:00:00-05:00,103.56999969482422,104.5999984741211,101.01000213623047,101.6500015258789,1432100,0.0,0.0
2023-03-07 00:00:00-05:00,101.81999969482422,102.4000015258789,100.0999984741211,100.58000183105469,1577500,0.0,0.0
2023-03-08 00:00:00-05:00,101.08999633789062,103.6500015258789,100.73999786376953,103.25,1474800,0.0,0.0
2023-03-09 00:00:00-05:00,103.18000030517578,104.76000213623047,101.52999877929688,102.13999938964844,1652100,0.0,0.0
2023-03-10 00:00:00-05:00,102.94999694824219,103.6500015258789,100.04000091552734,101.29000091552734,2371900,0.0,0.0
2023-03-13 00:00:00-04:00,100.0,103.68000030517578,99.66000366210938,102.7300033569336,1749100,0.0,0.0
2023-03-14 00:00:00-04:00,104.23999786376953,105.41999816894531,103.43000030517578,105.16999816894531,2529400,0.0,0.0
2023-03-15 00:00:00-04:00,103.2300033569336,103.55999755859375,100.30999755859375,102.62999725341797,2050400,0.0,0.0
2023-03-16 00:00:00-04:00,102.06999969482422,106.52999877929688,101.51000213623047,105.97000122070312,1462900,0.0,0.0
2023-03-17 00:00:00-04:00,106.54000091552734,106.87000274658203,104.52999877929688,105.0999984741211,2428100,0.0,0.0
2023-03-20 00:00:00-04:00,105.58000183105469,106.62000274658203,104.87999725341797,106.5,1326100,0.0,0.0
2023-03-21 00:00:00-04:00,107.08000183105469,108.27999877929688,105.04000091552734,106.36000061035156,1462800,0.0,0.0
2023-03-22 00:00:00-04:00,106.33999633789062,108.2699966430664,104.30999755859375,104.37000274658203,1422100,0.0,0.0
2023-03-23 00:00:00-04:00,105.9000015258789,108.91000366210938,105.51000213623047,107.61000061035156,1262800,0.0,0.0
2023-03-24 00:00:00-04:00,106.58000183105469,107.0,104.44000244140625,106.33999633789062,1679400,0.0,0.0
2023-03-27 00:00:00-04:00,106.73999786376953,107.56999969482422,105.05999755859375,105.3499984741211,1133000,0.0,0.0
2023-03-28 00:00:00-04:00,104.58000183105469,105.0,102.19999694824219,104.20999908447266,1392400,0.0,0.0
2023-03-29 00:00:00-04:00,106.16000366210938,108.44999694824219,105.70999908447266,107.38999938964844,1689700,0.0,0.0
2023-03-30 00:00:00-04:00,108.68000030517578,108.8499984741211,106.83000183105469,107.5999984741211,1760600,0.0,0.0
2023-03-31 00:00:00-04:00,107.20999908447266,108.72000122070312,106.5999984741211,107.51000213623047,1598200,0.0,0.0
2023-04-03 00:00:00-04:00,106.5,107.23999786376953,105.0,106.80000305175781,1236600,0.0,0.0
2023-04-04 00:00:00-04:00,106.91000366210938,107.30999755859375,102.7300033569336,103.08999633789062,1502500,0.0,0.0
2023-04-05 00:00:00-04:00,102.0999984741211,102.33999633789062,100.23999786376953,101.2300033569336,1818500,0.0,0.0
2023-04-06 00:00:00-04:00,99.93000030517578,101.16000366210938,99.25,100.38999938964844,1216800,0.0,0.0
2023-04-10 00:00:00-04:00,99.38999938964844,102.77999877929688,99.01000213623047,102.7300033569336,1788800,0.0,0.0
2023-04-11 00:00:00-04:00,103.5999984741211,103.76000213623047,102.06999969482422,102.27999877929688,948200,0.0,0.0
2023-04-12 00:00:00-04:00,103.43000030517578,103.70999908447266,101.38999938964844,101.4800033569336,941600,0.0,0.0
2023-04-13 00:00:00-04:00,101.55000305175781,102.5,100.48999786376953,101.94000244140625,975900,0.0,0.0
2023-04-14 00:00:00-04:00,101.76000213623047,102.76000213623047,99.66000366210938,100.75,1369600,0.0,0.0
2023-04-17 00:00:00-04:00,96.70999908447266,98.37000274658203,95.77999877929688,98.11000061035156,2173200,0.0,0.0
2023-04-18 00:00:00-04:00,98.80000305175781,99.76000213623047,98.16000366210938,99.6500015258789,1123500,0.0,0.0
2023-04-19 00:00:00-04:00,98.25,99.0,97.66000366210938,98.55999755859375,1146700,0.0,0.0
2023-04-20 00:00:00-04:00,97.86000061035156,100.69000244140625,97.83000183105469,99.41000366210938,1315200,0.0,0.0
2023-04-21 00:00:00-04:00,99.25,99.47000122070312,97.88999938964844,97.98999786376953,988100,0.0,0.0
2023-04-24 00:00:00-04:00,97.95999908447266,98.69999694824219,96.83000183105469,97.5999984741211,836700,0.0,0.0
2023-04-25 00:00:00-04:00,97.11000061035156,97.52999877929688,94.30999755859375,94.3499984741211,1750000,0.0,0.0
2023-04-26 00:00:00-04:00,94.80999755859375,95.06999969482422,92.66000366210938,93.33000183105469,2282000,0.0,0.0
2023-04-27 00:00:00-04:00,90.0,91.26000213623047,88.54000091552734,90.37000274658203,3472000,0.0,0.0
2023-04-28 00:00:00-04:00,90.5199966430664,91.41999816894531,89.69000244140625,91.37999725341797,1638700,0.0,0.0
2023-05-01 00:00:00-04:00,91.69000244140625,92.70999908447266,91.5,92.30000305175781,1757500,0.0,0.0
2023-05-02 00:00:00-04:00,92.5,92.8499984741211,91.01000213623047,92.30999755859375,1620400,0.0,0.0
2023-05-03 00:00:00-04:00,92.23999786376953,93.83999633789062,91.87000274658203,92.16000366210938,1471200,0.0,0.0
2023-05-04 00:00:00-04:00,92.0,92.13999938964844,89.7300033569336,89.9800033569336,1311500,0.0,0.0
2023-05-05 00:00:00-04:00,90.94999694824219,92.7699966430664,90.2699966430664,92.62999725341797,2098700,0.0,0.0
2023-05-08 00:00:00-04:00,92.66999816894531,92.95999908447266,90.9000015258789,91.41999816894531,1113100,0.0,0.0
2023-05-09 00:00:00-04:00,90.33000183105469,90.41999816894531,88.95999908447266,90.29000091552734,1693300,0.0,0.0
2023-05-10 00:00:00-04:00,91.5,91.52999877929688,90.12000274658203,90.95999908447266,1442500,0.0,0.0
2023-05-11 00:00:00-04:00,91.20999908447266,91.3499984741211,90.33000183105469,91.18000030517578,1326000,0.0,0.0
2023-05-12 00:00:00-04:00,91.44000244140625,91.58000183105469,89.45999908447266,90.93000030517578,1210700,0.0,0.0
2023-05-15 00:00:00-04:00,91.20999908447266,94.38999938964844,90.56999969482422,94.22000122070312,1247200,0.0,0.0
2023-05-16 00:00:00-04:00,93.70999908447266,95.12999725341797,93.29000091552734,93.43000030517578,1033100,0.0,0.0
2023-05-17 00:00:00-04:00,94.4000015258789,95.54000091552734,93.37000274658203,94.91999816894531,1431200,0.0,0.0
2023-05-18 00:00:00-04:00,95.5199966430664,99.33999633789062,95.4000015258789,98.56999969482422,2447700,0.0,0.0
2023-05-19 00:00:00-04:00,98.69000244140625,99.16000366210938,96.55000305175781,97.0999984741211,1885000,0.0,0.0
2023-05-22 00:00:00-04:00,96.69999694824219,98.2699966430664,96.68000030517578,97.80999755859375,1269200,0.0,0.0
2023-05-23 00:00:00-04:00,96.93000030517578,97.5199966430664,95.4800033569336,95.55000305175781,1725300,0.0,0.0
2023-05-24 00:00:00-04:00,94.58999633789062,95.44000244140625,93.02999877929688,94.4000015258789,1959900,0.0,0.0
2023-05-25 00:00:00-04:00,95.5199966430664,98.38999938964844,94.7300033569336,97.2699966430664,3968600,0.0,0.0
2023-05-26 00:00:00-04:00,98.4000015258789,104.58999633789062,98.26000213623047,103.70999908447266,3136200,0.0,0.0
2023-05-30 00:00:00-04:00,106.23999786376953,106.30000305175781,101.06999969482422,102.72000122070312,2139700,0.0,0.0
2023-05-31 00:00:00-04:00,100.41000366210938,102.25,99.37000274658203,100.19000244140625,2176600,0.0,0.0
2023-06-01 00:00:00-04:00,100.5199966430664,104.01000213623047,99.62000274658203,103.0999984741211,1694500,0.0,0.0
2023-06-02 00:00:00-04:00,103.95999908447266,104.0999984741211,101.5,103.22000122070312,1149800,0.0,0.0
2023-06-05 00:00:00-04:00,102.8499984741211,103.25,100.7699966430664,101.5199966430664,1084000,0.0,0.0
2023-06-06 00:00:00-04:00,100.41999816894531,103.16000366210938,100.08999633789062,103.06999969482422,1335000,0.0,0.0
2023-06-07 00:00:00-04:00,104.12999725341797,105.80000305175781,103.18000030517578,104.22000122070312,1566100,0.0,0.0
2023-06-08 00:00:00-04:00,104.54000091552734,104.97000122070312,102.98999786376953,104.66999816894531,1129700,0.0,0.0
2023-06-09 00:00:00-04:00,105.91999816894531,106.48999786376953,104.70999908447266,105.0199966430664,1599100,0.0,0.0
2023-06-12 00:00:00-04:00,106.41000366210938,109.62999725341797,105.79000091552734,109.45999908447266,2198800,0.0,0.0
2023-06-13 00:00:00-04:00,111.05000305175781,112.16000366210938,110.45999908447266,111.38999938964844,2137600,0.0,0.0
2023-06-14 00:00:00-04:00,110.41999816894531,112.16999816894531,109.43000030517578,110.36000061035156,1855200,0.0,0.0
2023-06-15 00:00:00-04:00,108.72000122070312,110.8499984741211,108.61000061035156,110.08999633789062,1553300,0.0,0.0
2023-06-16 00:00:00-04:00,111.25,111.7699966430664,110.05000305175781,111.05999755859375,3381100,0.0,0.0
2023-06-20 00:00:00-04:00,111.05999755859375,111.98999786376953,107.7699966430664,108.69000244140625,1793900,0.0,0.0
2023-06-21 00:00:00-04:00,107.4800033569336,108.9800033569336,106.76000213623047,106.88999938964844,1450600,0.0,0.0
2023-06-22 00:00:00-04:00,106.26000213623047,107.83000183105469,105.6500015258789,107.80000305175781,1689800,0.0,0.0
2023-06-23 00:00:00-04:00,105.95999908447266,107.01000213623047,105.04000091552734,105.16000366210938,2161300,0.0,0.0
2023-06-26 00:00:00-04:00,105.43000030517578,107.5999984741211,105.30000305175781,105.98999786376953,1548800,0.0,0.0
2023-06-27 00:00:00-04:00,106.62999725341797,110.45999908447266,105.5,110.29000091552734,2173900,0.0,0.0
2023-06-28 00:00:00-04:00,108.51000213623047,109.41000366210938,107.48999786376953,107.6500015258789,1626500,0.0,0.0
2023-06-29 00:00:00-04:00,108.08999633789062,109.79000091552734,107.31999969482422,109.4000015258789,1618200,0.0,0.0
2023-06-30 00:00:00-04:00,110.23999786376953,112.56999969482422,109.88999938964844,111.33000183105469,2273500,0.0,0.0
2023-07-03 00:00:00-04:00,111.76000213623047,112.08000183105469,109.5199966430664,111.52999877929688,639400,0.0,0.0
2023-07-05 00:00:00-04:00,110.38999938964844,110.5199966430664,107.83000183105469,108.08999633789062,1900800,0.0,0.0
2023-07-06 00:00:00-04:00,106.5,107.44000244140625,106.08000183105469,107.05000305175781,1792100,0.0,0.0
2023-07-07 00:00:00-04:00,107.23999786376953,108.20999908447266,106.20999908447266,106.33999633789062,1990300,0.0,0.0
2023-07-10 00:00:00-04:00,106.54000091552734,109.44000244140625,106.54000091552734,109.41999816894531,1142500,0.0,0.0
2023-07-11 00:00:00-04:00,109.80000305175781,109.83999633789062,107.3499984741211,109.41999816894531,1161700,0.0,0.0
2023-07-12 00:00:00-04:00,111.23999786376953,111.44999694824219,109.94000244140625,111.23999786376953,1344800,0.0,0.0
2023-07-13 00:00:00-04:00,112.0,114.3499984741211,111.80999755859375,114.0199966430664,1977400,0.0,0.0
2023-07-14 00:00:00-04:00,114.33999633789062,114.97000122070312,112.68000030517578,113.08999633789062,1752200,0.0,0.0
2023-07-17 00:00:00-04:00,113.54000091552734,117.25,113.41000366210938,116.25,1788700,0.0,0.0
2023-07-18 00:00:00-04:00,116.80000305175781,117.63999938964844,115.7300033569336,117.1500015258789,1310600,0.0,0.0
2023-07-19 00:00:00-04:00,117.1500015258789,117.4000015258789,115.23999786376953,115.30999755859375,1410400,0.0,0.0
2023-07-20 00:00:00-04:00,112.88999938964844,113.62999725341797,111.80000305175781,112.2699966430664,2179700,0.0,0.0
2023-07-21 00:00:00-04:00,113.94999694824219,115.66000366210938,113.33999633789062,115.05000305175781,1772500,0.0,0.0
2023-07-24 00:00:00-04:00,115.31999969482422,117.0,114.12000274658203,115.13999938964844,1565300,0.0,0.0
2023-07-25 00:00:00-04:00,115.58000183105469,118.04000091552734,115.58000183105469,117.2300033569336,1256700,0.0,0.0
2023-07-26 00:00:00-04:00,115.33999633789062,116.36000061035156,113.19999694824219,114.63999938964844,2725300,0.0,0.0
2023-07-27 00:00:00-04:00,118.5199966430664,119.19999694824219,110.1500015258789,110.62000274658203,4265600,0.0,0.0
2023-07-28 00:00:00-04:00,112.93000030517578,112.93000030517578,109.8499984741211,112.30999755859375,3063900,0.0,0.0
2023-07-31 00:00:00-04:00,112.26000213623047,113.5999984741211,111.58999633789062,112.94000244140625,1491100,0.0,0.0
2023-08-01 00:00:00-04:00,112.0,112.88999938964844,111.16000366210938,111.2300033569336,1544100,0.0,0.0
2023-08-02 00:00:00-04:00,109.19000244140625,109.54000091552734,106.87999725341797,107.80000305175781,1912600,0.0,0.0
2023-08-03 00:00:00-04:00,106.91999816894531,108.26000213623047,105.8499984741211,107.55999755859375,1652600,0.0,0.0
2023-08-04 00:00:00-04:00,107.26000213623047,108.94999694824219,106.1500015258789,107.41000366210938,1193500,0.0,0.0
2023-08-07 00:00:00-04:00,108.94000244140625,109.05000305175781,107.62999725341797,108.91999816894531,1096000,0.0,0.0
2023-08-08 00:00:00-04:00,106.87999725341797,107.08999633789062,104.5,106.2699966430664,1685100,0.0,0.0
2023-08-09 00:00:00-04:00,106.19000244140625,107.69000244140625,105.3499984741211,106.4800033569336,1556200,0.0,0.0
2023-08-10 00:00:00-04:00,107.22000122070312,108.98999786376953,106.27999877929688,106.41999816894531,1761900,0.0,0.0
2023-08-11 00:00:00-04:00,104.30000305175781,104.37999725341797,101.41999816894531,101.7300033569336,1773300,0.0,0.0
2023-08-14 00:00:00-04:00,101.7300033569336,104.76000213623047,101.29000091552734,104.73999786376953,1463400,0.0,0.0
2023-08-15 00:00:00-04:00,103.8499984741211,104.12999725341797,101.68000030517578,101.87000274658203,1377500,0.0,0.0
2023-08-16 00:00:00-04:00,102.18000030517578,103.08000183105469,101.19000244140625,101.25,1404700,0.0,0.0
2023-08-17 00:00:00-04:00,101.61000061035156,102.02999877929688,100.33000183105469,100.62000274658203,1072000,0.0,0.0
2023-08-18 00:00:00-04:00,99.58000183105469,101.54000091552734,99.38999938964844,101.05999755859375,1385500,0.0,0.0
2023-08-21 00:00:00-04:00,101.11000061035156,103.08000183105469,100.83000183105469,102.73999786376953,1250900,0.0,0.0
2023-08-22 00:00:00-04:00,104.2300033569336,104.29000091552734,102.08000183105469,102.75,843300,0.0,0.0
2023-08-23 00:00:00-04:00,102.62000274658203,105.91999816894531,102.62000274658203,105.31999969482422,1107300,0.0,0.0
2023-08-24 00:00:00-04:00,106.58000183105469,106.58000183105469,101.83000183105469,102.11000061035156,1586000,0.0,0.0
2023-08-25 00:00:00-04:00,102.66000366210938,104.3499984741211,101.61000061035156,103.77999877929688,1285500,0.0,0.0
2023-08-28 00:00:00-04:00,104.45999908447266,105.62000274658203,103.79000091552734,104.56999969482422,917700,0.0,0.0
2023-08-29 00:00:00-04:00,103.7699966430664,107.66000366210938,103.7699966430664,107.37000274658203,1435900,0.0,0.0
2023-08-30 00:00:00-04:00,106.94999694824219,108.2699966430664,106.16000366210938,107.37000274658203,909000,0.0,0.0
2023-08-31 00:00:00-04:00,106.66000366210938,108.41999816894531,106.66000366210938,107.87000274658203,1621100,0.0,0.0
2023-09-01 00:00:00-04:00,109.0199966430664,109.16999816894531,107.58999633789062,108.45999908447266,624600,0.0,0.0
2023-09-05 00:00:00-04:00,107.87000274658203,107.9800033569336,105.93000030517578,106.62000274658203,1368300,0.0,0.0
2023-09-06 00:00:00-04:00,106.0199966430664,107.4800033569336,104.87999725341797,105.58000183105469,1463700,0.0,0.0
2023-09-07 00:00:00-04:00,103.33000183105469,104.0,98.81999969482422,99.69000244140625,3224300,0.0,0.0
2023-09-08 00:00:00-04:00,99.45999908447266,100.54000091552734,98.9800033569336,99.69999694824219,1666700,0.0,0.0
2023-09-11 00:00:00-04:00,101.0,101.0,97.61000061035156,98.9000015258789,1404000,0.0,0.0
2023-09-12 00:00:00-04:00,98.56999969482422,99.77999877929688,97.79000091552734,97.83000183105469,1235000,0.0,0.0
2023-09-13 00:00:00-04:00,97.04000091552734,98.83999633789062,97.0,97.66000366210938,1620900,0.0,0.0
2023-09-14 00:00:00-04:00,98.93000030517578,99.0199966430664,97.5199966430664,97.95999908447266,1133200,0.0,0.0
2023-09-15 00:00:00-04:00,97.11000061035156,97.3499984741211,94.88999938964844,95.48999786376953,3275400,0.0,0.0
2023-09-18 00:00:00-04:00,95.12999725341797,96.94000244140625,94.91999816894531,96.76000213623047,1239500,0.0,0.0
2023-09-19 00:00:00-04:00,96.66999816894531,98.12000274658203,96.11000061035156,97.79000091552734,2014300,0.0,0.0
2023-09-20 00:00:00-04:00,98.41000366210938,98.91000366210938,95.91000366210938,95.98999786376953,1161000,0.0,0.0
2023-09-21 00:00:00-04:00,95.37999725341797,96.6500015258789,95.20999908447266,95.61000061035156,1487800,0.0,0.0
2023-09-22 00:00:00-04:00,96.61000061035156,97.05000305175781,95.18000030517578,95.4000015258789,1019800,0.0,0.0
2023-09-25 00:00:00-04:00,95.0,96.81999969482422,94.94000244140625,96.44000244140625,966500,0.0,0.0
2023-09-26 00:00:00-04:00,97.31999969482422,97.62000274658203,95.5199966430664,95.83000183105469,1410600,0.0,0.0
2023-09-27 00:00:00-04:00,96.8499984741211,97.33999633789062,95.5,96.4800033569336,1852700,0.0,0.0
2023-09-28 00:00:00-04:00,96.38999938964844,100.66999816894531,96.25,99.68000030517578,1583900,0.0,0.0
2023-09-29 00:00:00-04:00,101.11000061035156,101.52999877929688,100.26000213623047,100.45999908447266,1331200,0.0,0.0
2023-10-02 00:00:00-04:00,100.51000213623047,101.62999725341797,99.66000366210938,100.66999816894531,1357800,0.0,0.0
2023-10-03 00:00:00-04:00,100.0999984741211,100.8499984741211,97.87999725341797,98.55999755859375,1152500,0.0,0.0
2023-10-04 00:00:00-04:00,99.1500015258789,100.72000122070312,98.33999633789062,100.2699966430664,1002700,0.0,0.0
2023-10-05 00:00:00-04:00,99.77999877929688,100.94999694824219,98.26000213623047,99.54000091552734,1069900,0.0,0.0
2023-10-06 00:00:00-04:00,98.76000213623047,101.4000015258789,97.97000122070312,100.66999816894531,1242200,0.0,0.0
2023-10-09 00:00:00-04:00,99.38999938964844,99.54000091552734,97.97000122070312,99.05000305175781,953400,0.0,0.0
2023-10-10 00:00:00-04:00,99.2300033569336,100.62999725341797,99.0,99.58999633789062,1241800,0.0,0.0
2023-10-11 00:00:00-04:00,99.75,100.43000030517578,98.52999877929688,99.55999755859375,991500,0.0,0.0
2023-10-12 00:00:00-04:00,99.56999969482422,101.47000122070312,98.51000213623047,99.38999938964844,1135500,0.0,0.0
2023-10-13 00:00:00-04:00,99.5,99.54000091552734,95.27999877929688,95.5999984741211,1532800,0.0,0.0
2023-10-16 00:00:00-04:00,95.66000366210938,97.27999877929688,95.41999816894531,97.0,1900700,0.0,0.0
2023-10-17 00:00:00-04:00,95.1500015258789,97.41999816894531,93.88999938964844,96.5199966430664,1540200,0.0,0.0
2023-10-18 00:00:00-04:00,94.62000274658203,95.41000366210938,93.08000183105469,94.08000183105469,1410900,0.0,0.0
2023-10-19 00:00:00-04:00,94.88999938964844,95.20999908447266,92.2699966430664,92.73999786376953,1927300,0.0,0.0
2023-10-20 00:00:00-04:00,92.33000183105469,93.22000122070312,91.52999877929688,91.73999786376953,1264000,0.0,0.0
2023-10-23 00:00:00-04:00,91.0,92.80999755859375,90.6500015258789,90.91999816894531,1325100,0.0,0.0
2023-10-24 00:00:00-04:00,91.29000091552734,92.12999725341797,90.44000244140625,91.61000061035156,1342900,0.0,0.0
2023-10-25 00:00:00-04:00,90.86000061035156,91.12999725341797,86.5199966430664,87.91000366210938,2722900,0.0,0.0
2023-10-26 00:00:00-04:00,85.4000015258789,89.79000091552734,84.77999877929688,85.12000274658203,2954300,0.0,0.0
2023-10-27 00:00:00-04:00,84.83000183105469,85.26000213623047,82.76000213623047,83.83999633789062,2015500,0.0,0.0
2023-10-30 00:00:00-04:00,83.81999969482422,84.19999694824219,81.94999694824219,83.45999908447266,1656300,0.0,0.0
2023-10-31 00:00:00-04:00,83.38999938964844,84.06999969482422,82.6500015258789,83.2699966430664,1540200,0.0,0.0
2023-11-01 00:00:00-04:00,83.2699966430664,83.5,81.08000183105469,82.76000213623047,2091200,0.0,0.0
2023-11-02 00:00:00-04:00,83.77999877929688,86.7300033569336,83.73999786376953,85.9000015258789,2277600,0.0,0.0
2023-11-03 00:00:00-04:00,87.13999938964844,88.33999633789062,86.86000061035156,87.69999694824219,1606700,0.0,0.0
2023-11-06 00:00:00-05:00,88.12999725341797,88.38999938964844,86.63999938964844,87.61000061035156,1250200,0.0,0.0
2023-11-07 00:00:00-05:00,87.58000183105469,87.97000122070312,86.75,87.02999877929688,1284300,0.0,0.0
2023-11-08 00:00:00-05:00,86.97000122070312,87.37999725341797,86.05999755859375,86.37999725341797,1434400,0.0,0.0
2023-11-09 00:00:00-05:00,86.93000030517578,87.01000213623047,84.66000366210938,84.93000030517578,2676700,0.0,0.0
2023-11-10 00:00:00-05:00,86.01000213623047,88.45999908447266,85.19999694824219,88.12000274658203,1798300,0.0,0.0
2023-11-13 00:00:00-05:00,87.43000030517578,87.91000366210938,85.75,86.62000274658203,1703300,0.0,0.0
2023-11-14 00:00:00-05:00,89.54000091552734,90.86000061035156,89.1500015258789,90.6500015258789,2095400,0.0,0.0
2023-11-15 00:00:00-05:00,91.11000061035156,92.48999786376953,90.43000030517578,91.37000274658203,1371900,0.0,0.0
2023-11-16 00:00:00-05:00,91.23999786376953,91.79000091552734,90.37999725341797,90.73999786376953,1995600,0.0,0.0
2023-11-17 00:00:00-05:00,91.01000213623047,92.0999984741211,90.58000183105469,92.08999633789062,1330800,0.0,0.0
2023-11-20 00:00:00-05:00,92.31999969482422,93.36000061035156,91.97000122070312,93.08000183105469,1665700,0.0,0.0
2023-11-21 00:00:00-05:00,92.76000213623047,93.22000122070312,91.2699966430664,91.76000213623047,1427100,0.0,0.0
2023-11-22 00:00:00-05:00,92.77999877929688,93.93000030517578,91.97000122070312,92.44000244140625,1306400,0.0,0.0
2023-11-24 00:00:00-05:00,92.37999725341797,92.80999755859375,92.1500015258789,92.48999786376953,472300,0.0,0.0
2023-11-27 00:00:00-05:00,91.7300033569336,92.44999694824219,91.12999725341797,91.93000030517578,818500,0.0,0.0
2023-11-28 00:00:00-05:00,91.43000030517578,91.9800033569336,90.52999877929688,91.23999786376953,1063700,0.0,0.0
2023-11-29 00:00:00-05:00,92.5999984741211,94.16999816894531,92.47000122070312,92.76000213623047,1724600,0.0,0.0
2023-11-30 00:00:00-05:00,92.94000244140625,93.55000305175781,91.29000091552734,92.2300033569336,2072900,0.0,0.0
2023-12-01 00:00:00-05:00,91.76000213623047,93.91000366210938,91.12000274658203,93.86000061035156,934500,0.0,0.0
2023-12-04 00:00:00-05:00,93.12000274658203,93.44999694824219,91.2699966430664,93.16000366210938,1381400,0.0,0.0
2023-12-05 00:00:00-05:00,92.20999908447266,92.22000122070312,90.23999786376953,91.23999786376953,1352600,0.0,0.0
2023-12-06 00:00:00-05:00,92.66999816894531,93.23999786376953,91.12000274658203,91.22000122070312,1601100,0.0,0.0
2023-12-07 00:00:00-05:00,91.91000366210938,93.02999877929688,91.11000061035156,92.61000061035156,1331900,0.0,0.0
2023-12-08 00:00:00-05:00,92.26000213623047,93.56999969482422,91.83999633789062,92.29000091552734,1688300,0.0,0.0
2023-12-11 00:00:00-05:00,93.36000061035156,97.33999633789062,93.36000061035156,96.7300033569336,2222200,0.0,0.0
2023-12-12 00:00:00-05:00,96.33999633789062,97.16999816894531,96.08999633789062,96.33999633789062,913000,0.0,0.0
2023-12-13 00:00:00-05:00,96.18000030517578,99.02999877929688,95.54000091552734,98.16000366210938,1403200,0.0,0.0
2023-12-14 00:00:00-05:00,99.48999786376953,105.66000366210938,99.48999786376953,105.38999938964844,3680700,0.0,0.0
2023-12-15 00:00:00-05:00,104.18000030517578,106.25,104.0999984741211,105.16000366210938,4609900,0.0,0.0
2023-12-18 00:00:00-05:00,105.06999969482422,105.47000122070312,103.63999938964844,105.27999877929688,2556800,0.0,0.0
2023-12-19 00:00:00-05:00,106.0,106.94000244140625,105.4800033569336,105.87999725341797,1379500,0.0,0.0
2023-12-20 00:00:00-05:00,105.06999969482422,106.76000213623047,103.43000030517578,103.61000061035156,1870700,0.0,0.0
2023-12-21 00:00:00-05:00,105.98999786376953,107.0199966430664,105.68000030517578,106.58999633789062,1812100,0.0,0.0
2023-12-22 00:00:00-05:00,107.0,107.81999969482422,106.55000305175781,107.62999725341797,832200,0.0,0.0
2023-12-26 00:00:00-05:00,108.08000183105469,110.8499984741211,108.08000183105469,110.3499984741211,1389000,0.0,0.0
2023-12-27 00:00:00-05:00,111.0,111.25,109.79000091552734,110.75,1261700,0.0,0.0
2023-12-28 00:00:00-05:00,111.06999969482422,111.18000030517578,109.91999816894531,110.44000244140625,874600,0.0,0.0
2023-12-29 00:00:00-05:00,109.94000244140625,110.63999938964844,108.3499984741211,108.5199966430664,1365800,0.0,0.0
2024-01-02 00:00:00-05:00,107.0,107.0,103.63999938964844,104.7699966430664,2383800,0.0,0.0
2024-01-03 00:00:00-05:00,102.70999908447266,103.08999633789062,101.08000183105469,101.75,1376800,0.0,0.0
2024-01-04 00:00:00-05:00,100.19000244140625,102.52999877929688,99.94999694824219,101.58000183105469,1441900,0.0,0.0
2024-01-05 00:00:00-05:00,101.69999694824219,103.16999816894531,101.56999969482422,102.7699966430664,1404500,0.0,0.0
2024-01-08 00:00:00-05:00,103.18000030517578,106.04000091552734,103.06999969482422,105.88999938964844,1421600,0.0,0.0
2024-01-09 00:00:00-05:00,104.36000061035156,105.80000305175781,104.16000366210938,105.23999786376953,1055100,0.0,0.0
2024-01-10 00:00:00-05:00,105.45999908447266,105.5,103.29000091552734,104.87999725341797,1148100,0.0,0.0
2024-01-11 00:00:00-05:00,104.83000183105469,105.68000030517578,102.95999908447266,105.0999984741211,1803500,0.0,0.0
2024-01-12 00:00:00-05:00,105.0,106.12000274658203,103.61000061035156,104.80999755859375,1191100,0.0,0.0
2024-01-16 00:00:00-05:00,103.98999786376953,105.30999755859375,103.20999908447266,104.08999633789062,1671000,0.0,0.0
2024-01-17 00:00:00-05:00,102.4800033569336,103.0,100.75,102.86000061035156,1366100,0.0,0.0
2024-01-18 00:00:00-05:00,104.80000305175781,106.43000030517578,104.33999633789062,106.0199966430664,2416600,0.0,0.0
2024-01-19 00:00:00-05:00,107.23999786376953,109.08000183105469,105.63999938964844,108.72000122070312,1934500,0.0,0.0
2024-01-22 00:00:00-05:00,110.0,111.95999908447266,108.98999786376953,110.08999633789062,1827700,0.0,0.0
2024-01-23 00:00:00-05:00,110.5999984741211,111.51000213623047,109.38999938964844,111.23999786376953,1173300,0.0,0.0
2024-01-24 00:00:00-05:00,112.05000305175781,113.5999984741211,110.45999908447266,110.66999816894531,1920900,0.0,0.0
2024-01-25 00:00:00-05:00,112.68000030517578,112.70999908447266,109.76000213623047,109.94999694824219,2007700,0.0,0.0
2024-01-26 00:00:00-05:00,108.73999786376953,108.81999969482422,104.81999969482422,105.45999908447266,2095700,0.0,0.0
2024-01-29 00:00:00-05:00,104.20999908447266,106.33999633789062,104.08999633789062,106.06999969482422,1720900,0.0,0.0
2024-01-30 00:00:00-05:00,104.88999938964844,106.44000244140625,104.31999969482422,104.58999633789062,2111100,0.0,0.0
2024-01-31 00:00:00-05:00,95.48999786376953,98.79000091552734,92.29000091552734,96.58999633789062,6316100,0.0,0.0
2024-02-01 00:00:00-05:00,97.12999725341797,97.12999725341797,93.37000274658203,95.13999938964844,2896400,0.0,0.0
2024-02-02 00:00:00-05:00,94.94999694824219,96.69000244140625,93.87000274658203,96.37000274658203,1809000,0.0,0.0
2024-02-05 00:00:00-05:00,96.30999755859375,97.16999816894531,94.63999938964844,96.25,1957800,0.0,0.0
2024-02-06 00:00:00-05:00,96.66999816894531,97.79000091552734,96.2300033569336,97.75,1543200,0.0,0.0
2024-02-07 00:00:00-05:00,98.63999938964844,98.63999938964844,96.30999755859375,97.51000213623047,1380300,0.0,0.0
2024-02-08 00:00:00-05:00,97.4000015258789,99.56999969482422,97.4000015258789,98.47000122070312,1887800,0.0,0.0
2024-02-09 00:00:00-05:00,99.31999969482422,102.41999816894531,98.80999755859375,102.30999755859375,1653900,0.0,0.0
2024-02-12 00:00:00-05:00,102.25,104.7699966430664,101.91000366210938,102.91000366210938,1361900,0.0,0.0
2024-02-13 00:00:00-05:00,99.36000061035156,100.06999969482422,97.47000122070312,98.91000366210938,1886300,0.0,0.0
2024-02-14 00:00:00-05:00,100.19999694824219,101.80999755859375,100.0199966430664,101.56999969482422,1453900,0.0,0.0
2024-02-15 00:00:00-05:00,103.58999633789062,103.94999694824219,101.69999694824219,102.55999755859375,2115900,0.0,0.0
2024-02-16 00:00:00-05:00,103.16999816894531,104.0999984741211,101.62999725341797,102.23999786376953,1608800,0.0,0.0
2024-02-20 00:00:00-05:00,100.61000061035156,101.80999755859375,98.83999633789062,100.16999816894531,1446200,0.0,0.0
2024-02-21 00:00:00-05:00,98.2699966430664,99.61000061035156,97.80999755859375,99.58000183105469,1110600,0.0,0.0
2024-02-22 00:00:00-05:00,101.51000213623047,103.33999633789062,100.3499984741211,102.4800033569336,1858500,0.0,0.0
2024-02-23 00:00:00-05:00,102.48999786376953,102.72000122070312,100.02999877929688,100.13999938964844,1451200,0.0,0.0
2024-02-26 00:00:00-05:00,100.9000015258789,102.55999755859375,100.19000244140625,102.1500015258789,1272700,0.0,0.0
2024-02-27 00:00:00-05:00,102.91000366210938,102.91000366210938,100.04000091552734,100.2699966430664,1675400,0.0,0.0
2024-02-28 00:00:00-05:00,98.98999786376953,100.69000244140625,98.76000213623047,100.3499984741211,1226200,0.0,0.0
2024-02-29 00:00:00-05:00,101.91000366210938,103.83999633789062,101.41000366210938,103.58999633789062,2391900,0.0,0.0
2024-03-01 00:00:00-05:00,104.05999755859375,106.79000091552734,102.76000213623047,105.87999725341797,2008900,0.0,0.0
2024-03-04 00:00:00-05:00,106.63999938964844,106.93000030517578,105.43000030517578,105.83000183105469,1252200,0.0,0.0
2024-03-05 00:00:00-05:00,104.70999908447266,105.41999816894531,102.43000030517578,103.76000213623047,1264900,0.0,0.0
2024-03-06 00:00:00-05:00,105.98999786376953,107.77999877929688,105.76000213623047,106.75,1497400,0.0,0.0
2024-03-07 00:00:00-05:00,107.2300033569336,110.55000305175781,107.04000091552734,109.98999786376953,1576700,0.0,0.0
2024-03-08 00:00:00-05:00,110.55999755859375,110.91999816894531,106.08000183105469,106.12000274658203,1632200,0.0,0.0
2024-03-11 00:00:00-04:00,105.80999755859375,106.5999984741211,104.55999755859375,106.3499984741211,1565600,0.0,0.0
2024-03-12 00:00:00-04:00,107.04000091552734,108.41999816894531,105.25,108.19999694824219,1505400,0.0,0.0
2024-03-13 00:00:00-04:00,106.69000244140625,108.31999969482422,104.80999755859375,105.44999694824219,1808400,0.0,0.0
2024-03-14 00:00:00-04:00,105.83000183105469,106.2300033569336,102.73999786376953,103.8499984741211,1646700,0.0,0.0
2024-03-15 00:00:00-04:00,102.61000061035156,104.33999633789062,102.52999877929688,103.05999755859375,3409700,0.0,0.0
2024-03-18 00:00:00-04:00,104.25,105.23999786376953,102.69000244140625,102.86000061035156,1767200,0.0,0.0
2024-03-19 00:00:00-04:00,101.81999969482422,103.79000091552734,101.5,103.4800033569336,2253300,0.0,0.0
2024-03-20 00:00:00-04:00,104.1500015258789,107.80000305175781,104.1500015258789,107.11000061035156,2435200,0.0,0.0
2024-03-21 00:00:00-04:00,109.36000061035156,113.0,108.8499984741211,111.44999694824219,2562700,0.0,0.0
2024-03-22 00:00:00-04:00,110.91999816894531,112.2699966430664,110.66999816894531,110.75,1812700,0.0,0.0
2024-03-25 00:00:00-04:00,108.79000091552734,110.25,108.62000274658203,108.9000015258789,1561800,0.0,0.0
2024-03-26 00:00:00-04:00,109.18000030517578,110.22000122070312,107.98999786376953,108.13999938964844,1732700,0.0,0.0
2024-03-27 00:00:00-04:00,108.98999786376953,111.68000030517578,108.5199966430664,111.54000091552734,1256500,0.0,0.0
2024-03-28 00:00:00-04:00,111.63999938964844,113.27999877929688,111.56999969482422,112.83000183105469,2046900,0.0,0.0
2024-04-01 00:00:00-04:00,112.8499984741211,114.83000183105469,111.87999725341797,112.94999694824219,1346600,0.0,0.0
2024-04-02 00:00:00-04:00,111.2699966430664,111.69000244140625,109.27999877929688,110.13999938964844,1187200,0.0,0.0
2024-04-03 00:00:00-04:00,108.95999908447266,110.41999816894531,108.4800033569336,108.8499984741211,1595600,0.0,0.0
2024-04-04 00:00:00-04:00,110.66000366210938,111.05000305175781,105.61000061035156,105.94999694824219,2475900,0.0,0.0
2024-04-05 00:00:00-04:00,105.87000274658203,107.7300033569336,105.69999694824219,107.2699966430664,1143900,0.0,0.0
2024-04-08 00:00:00-04:00,107.95999908447266,109.16000366210938,107.66999816894531,107.81999969482422,1154700,0.0,0.0
2024-04-09 00:00:00-04:00,108.94000244140625,111.26000213623047,108.70999908447266,111.19000244140625,1439400,0.0,0.0
2024-04-10 00:00:00-04:00,108.3499984741211,109.08999633789062,105.7699966430664,106.4000015258789,1516900,0.0,0.0
2024-04-11 00:00:00-04:00,107.68000030517578,109.52999877929688,105.81999969482422,109.45999908447266,1905300,0.0,0.0
2024-04-12 00:00:00-04:00,107.61000061035156,108.72000122070312,105.23999786376953,105.87000274658203,1840500,0.0,0.0
2024-04-15 00:00:00-04:00,107.44000244140625,107.98999786376953,103.94000244140625,104.41999816894531,1605200,0.0,0.0
2024-04-16 00:00:00-04:00,104.95999908447266,106.19000244140625,103.88999938964844,104.93000030517578,1269400,0.0,0.0
2024-04-17 00:00:00-04:00,104.62000274658203,104.93000030517578,101.54000091552734,102.06999969482422,2237600,0.0,0.0
2024-04-18 00:00:00-04:00,101.41999816894531,102.55999755859375,100.0199966430664,100.19999694824219,2113800,0.0,0.0
2024-04-19 00:00:00-04:00,100.12999725341797,100.66000366210938,95.80000305175781,95.97000122070312,2919500,0.0,0.0
2024-04-22 00:00:00-04:00,97.0999984741211,98.69999694824219,96.19999694824219,97.76000213623047,2302900,0.0,0.0
2024-04-23 00:00:00-04:00,98.05000305175781,100.3499984741211,98.05000305175781,99.8499984741211,1927800,0.0,0.0
2024-04-24 00:00:00-04:00,102.08999633789062,102.66999816894531,99.47000122070312,100.69999694824219,2437300,0.0,0.0
2024-04-25 00:00:00-04:00,107.41999816894531,109.83999633789062,104.0,108.91000366210938,7876500,0.0,0.0
2024-04-26 00:00:00-04:00,110.44000244140625,114.66999816894531,110.2699966430664,114.12999725341797,5205500,0.0,0.0
2024-04-29 00:00:00-04:00,114.13999938964844,118.63999938964844,114.0,118.29000091552734,2185300,0.0,0.0
2024-04-30 00:00:00-04:00,117.37000274658203,118.83000183105469,116.25,116.31999969482422,2337700,0.0,0.0
2024-05-01 00:00:00-04:00,115.05000305175781,117.2300033569336,111.79000091552734,113.73999786376953,3360100,0.0,0.0
2024-05-02 00:00:00-04:00,115.87000274658203,117.5999984741211,114.01000213623047,117.38999938964844,2468900,0.0,0.0
2024-05-03 00:00:00-04:00,120.05999755859375,121.86000061035156,119.0999984741211,120.44000244140625,2694100,0.0,0.0
2024-05-06 00:00:00-04:00,121.19999694824219,122.27999877929688,120.16999816894531,121.94999694824219,2078500,0.0,0.0
2024-05-07 00:00:00-04:00,123.04000091552734,123.6500015258789,120.77999877929688,121.08999633789062,2750500,0.0,0.0
2024-05-08 00:00:00-04:00,119.0,120.76000213623047,118.47000122070312,120.43000030517578,1795000,0.0,0.0
2024-05-09 00:00:00-04:00,120.55999755859375,123.0999984741211,120.26000213623047,122.61000061035156,1927000,0.0,0.0
2024-05-10 00:00:00-04:00,123.72000122070312,124.0999984741211,122.23999786376953,122.91999816894531,1386300,0.0,0.0
2024-05-13 00:00:00-04:00,123.0,125.94000244140625,122.91000366210938,124.8499984741211,2206300,0.0,0.0
2024-05-14 00:00:00-04:00,124.80999755859375,127.37999725341797,124.80999755859375,127.11000061035156,1738700,0.0,0.0
2024-05-15 00:00:00-04:00,129.3300018310547,132.64999389648438,128.52000427246094,131.9499969482422,3351700,0.0,0.0
2024-05-16 00:00:00-04:00,131.72999572753906,132.75999450683594,131.1699981689453,131.49000549316406,2407800,0.0,0.0
2024-05-17 00:00:00-04:00,132.58999633789062,133.4600067138672,130.89999389648438,131.91000366210938,1968100,0.0,0.0
2024-05-20 00:00:00-04:00,135.0,140.22000122070312,134.69000244140625,139.50999450683594,3406100,0.0,0.0
2024-05-21 00:00:00-04:00,137.75,140.63999938964844,137.38999938964844,140.27000427246094,1913800,0.0,0.0
2024-05-22 00:00:00-04:00,140.72999572753906,143.00999450683594,139.69000244140625,142.86000061035156,2062300,0.0,0.0
2024-05-23 00:00:00-04:00,145.22000122070312,145.63999938964844,138.92999267578125,140.25,2292400,0.0,0.0
2024-05-24 00:00:00-04:00,141.19000244140625,145.00999450683594,141.19000244140625,144.00999450683594,2134000,0.0,0.0
2024-05-28 00:00:00-04:00,144.22000122070312,146.52999877929688,143.0399932861328,145.22999572753906,2087500,0.0,0.0
2024-05-29 00:00:00-04:00,142.42999267578125,144.1199951171875,141.72000122070312,141.8699951171875,2079800,0.0,0.0
2024-05-30 00:00:00-04:00,142.0800018310547,142.66000366210938,140.1300048828125,141.27000427246094,2274400,0.0,0.0
2024-05-31 00:00:00-04:00,141.3300018310547,142.66000366210938,135.9600067138672,140.94000244140625,3212800,0.0,0.0
2024-06-03 00:00:00-04:00,143.83999633789062,145.63999938964844,138.9499969482422,141.02000427246094,1730500,0.0,0.0
2024-06-04 00:00:00-04:00,140.35000610351562,141.77999877929688,138.57000732421875,139.6199951171875,2583500,0.0,0.0
2024-06-05 00:00:00-04:00,142.0,145.5399932861328,141.05999755859375,145.38999938964844,2182900,0.0,0.0
2024-06-06 00:00:00-04:00,144.25999450683594,144.7100067138672,142.80999755859375,143.22999572753906,1319100,0.0,0.0
2024-06-07 00:00:00-04:00,142.82000732421875,144.42999267578125,139.42999267578125,140.89999389648438,1253100,0.0,0.0
2024-06-10 00:00:00-04:00,139.3000030517578,144.1699981689453,139.3000030517578,143.0800018310547,1467700,0.0,0.0
2024-06-11 00:00:00-04:00,142.00999450683594,144.55999755859375,141.2100067138672,144.4499969482422,1238700,0.0,0.0
2024-06-12 00:00:00-04:00,147.47999572753906,152.22999572753906,147.10000610351562,148.86000061035156,2573500,0.0,0.0
2024-06-13 00:00:00-04:00,145.44000244140625,148.07000732421875,144.86000061035156,147.63999938964844,1282600,0.0,0.0
2024-06-14 00:00:00-04:00,144.8800048828125,146.50999450683594,144.69000244140625,145.05999755859375,1060200,0.0,0.0
