Date,Open,High,Low,Close,Volume,Dividends,Stock Splits
1981-12-11 00:00:00-05:00,0.0,125.86139242989677,103.65055847167969,103.65055847167969,11,0.0,0.0
1981-12-14 00:00:00-05:00,0.0,111.05416297912598,88.84333038330078,88.84333038330078,71,0.0,0.0
1981-12-15 00:00:00-05:00,0.0,103.65055211385092,88.84333038330078,88.84333038330078,24,0.0,0.0
1981-12-16 00:00:00-05:00,0.0,103.65055211385092,88.84333038330078,88.84333038330078,58,0.0,0.0
1981-12-17 00:00:00-05:00,0.0,96.24694290161132,74.0361099243164,74.0361099243164,23,0.0,0.0
1981-12-18 00:00:00-05:00,0.0,96.24694199995561,81.4397201538086,81.4397201538086,65,0.0,0.0
1981-12-21 00:00:00-05:00,0.0,103.65055292302912,81.4397201538086,81.4397201538086,29,0.0,0.0
1981-12-22 00:00:00-05:00,0.0,103.65055292302912,81.4397201538086,81.4397201538086,30,0.0,0.0
1981-12-23 00:00:00-05:00,0.0,88.8433310768821,81.4397201538086,81.4397201538086,53,0.0,0.0
1981-12-24 00:00:00-05:00,0.0,88.8433310768821,81.4397201538086,81.4397201538086,9,0.0,0.0
1981-12-28 00:00:00-05:00,0.0,88.8433310768821,81.4397201538086,81.4397201538086,12,0.0,0.0
1981-12-29 00:00:00-05:00,0.0,88.84333190917968,74.0361099243164,74.0361099243164,29,0.0,0.0
1981-12-30 00:00:00-05:00,0.0,88.8433310768821,81.4397201538086,81.4397201538086,24,0.0,0.0
1981-12-31 00:00:00-05:00,0.0,88.8433310768821,81.4397201538086,81.4397201538086,106,0.0,0.0
1982-01-04 00:00:00-05:00,81.4397201538086,81.4397201538086,81.4397201538086,81.4397201538086,0,0.0,0.0
1982-01-05 00:00:00-05:00,81.4397201538086,81.4397201538086,81.4397201538086,81.4397201538086,0,0.0,0.0
1982-01-06 00:00:00-05:00,0.0,88.84333190917968,74.0361099243164,74.0361099243164,15,0.0,0.0
1982-01-07 00:00:00-05:00,0.0,88.84333190917968,74.0361099243164,74.0361099243164,8,0.0,0.0
1982-01-08 00:00:00-05:00,74.0361099243164,74.0361099243164,74.0361099243164,74.0361099243164,0,0.0,0.0
1982-01-11 00:00:00-05:00,74.0361099243164,74.0361099243164,74.0361099243164,74.0361099243164,0,0.0,0.0
1982-01-12 00:00:00-05:00,0.0,88.84333190917968,74.0361099243164,74.0361099243164,5,0.0,0.0
1982-01-13 00:00:00-05:00,74.0361099243164,74.0361099243164,74.0361099243164,74.0361099243164,0,0.0,0.0
1982-01-14 00:00:00-05:00,0.0,88.84333190917968,74.0361099243164,74.0361099243164,17,0.0,0.0
1982-01-15 00:00:00-05:00,0.0,88.84333190917968,74.0361099243164,74.0361099243164,82,0.0,0.0
1982-01-18 00:00:00-05:00,0.0,88.84333190917968,74.0361099243164,74.0361099243164,8,0.0,0.0
1982-01-19 00:00:00-05:00,0.0,88.84333190917968,74.0361099243164,74.0361099243164,168,0.0,0.0
1982-01-20 00:00:00-05:00,0.0,88.84333190917968,74.0361099243164,74.0361099243164,455,0.0,0.0
1982-01-21 00:00:00-05:00,0.0,118.45778245192308,96.2469482421875,96.2469482421875,433,0.0,0.0
1982-01-22 00:00:00-05:00,0.0,118.45778245192308,96.2469482421875,96.2469482421875,5,0.0,0.0
1982-01-25 00:00:00-05:00,0.0,118.45778245192308,96.2469482421875,96.2469482421875,15,0.0,0.0
1982-01-26 00:00:00-05:00,0.0,118.45778245192308,96.2469482421875,96.2469482421875,2,0.0,0.0
1982-01-27 00:00:00-05:00,0.0,118.45778111049107,103.65055847167969,103.65055847167969,8,0.0,0.0
1982-01-28 00:00:00-05:00,103.65055847167969,103.65055847167969,103.65055847167969,103.65055847167969,0,0.0,0.0
1982-01-29 00:00:00-05:00,0.0,140.66861248016357,118.45777893066406,118.45777893066406,79,0.0,0.0
1982-02-01 00:00:00-05:00,0.0,133.26500129699707,118.45777893066406,118.45777893066406,23,0.0,0.0
1982-02-02 00:00:00-05:00,0.0,133.26500129699707,118.45777893066406,118.45777893066406,38,0.0,0.0
1982-02-03 00:00:00-05:00,0.0,125.86139119466146,111.05416870117188,111.05416870117188,8,0.0,0.0
1982-02-04 00:00:00-05:00,0.0,125.86139011383057,118.45777893066406,118.45777893066406,102,0.0,0.0
1982-02-05 00:00:00-05:00,0.0,125.86139119466146,111.05416870117188,111.05416870117188,68,0.0,0.0
1982-02-08 00:00:00-05:00,111.05416870117188,111.05416870117188,111.05416870117188,111.05416870117188,0,0.0,0.0
1982-02-09 00:00:00-05:00,111.05416870117188,111.05416870117188,111.05416870117188,111.05416870117188,0,0.0,0.0
1982-02-10 00:00:00-05:00,0.0,125.86139119466146,111.05416870117188,111.05416870117188,3,0.0,0.0
1982-02-11 00:00:00-05:00,0.0,125.86139119466146,111.05416870117188,111.05416870117188,306,0.0,0.0
1982-02-12 00:00:00-05:00,0.0,118.45777994791666,111.05416870117188,111.05416870117188,26,0.0,0.0
1982-02-16 00:00:00-05:00,0.0,118.45777994791666,111.05416870117188,111.05416870117188,26,0.0,0.0
1982-02-17 00:00:00-05:00,0.0,118.45778111049107,103.65055847167969,103.65055847167969,33,0.0,0.0
1982-02-18 00:00:00-05:00,0.0,118.45778111049107,103.65055847167969,103.65055847167969,26,0.0,0.0
1982-02-19 00:00:00-05:00,0.0,118.45778111049107,103.65055847167969,103.65055847167969,91,0.0,0.0
1982-02-22 00:00:00-05:00,0.0,111.05416979108537,103.65055847167969,103.65055847167969,41,0.0,0.0
1982-02-23 00:00:00-05:00,0.0,111.05417104867789,96.2469482421875,96.2469482421875,56,0.0,0.0
1982-02-24 00:00:00-05:00,0.0,103.65055211385092,88.84333038330078,88.84333038330078,3,0.0,0.0
1982-02-25 00:00:00-05:00,0.0,96.24694124857585,88.84333038330078,88.84333038330078,29,0.0,0.0
1982-02-26 00:00:00-05:00,0.0,96.24694124857585,88.84333038330078,88.84333038330078,15,0.0,0.0
1982-03-01 00:00:00-05:00,0.0,96.24694124857585,88.84333038330078,88.84333038330078,23,0.0,0.0
1982-03-02 00:00:00-05:00,0.0,103.65055211385092,88.84333038330078,88.84333038330078,53,0.0,0.0
1982-03-03 00:00:00-05:00,0.0,103.65055211385092,88.84333038330078,88.84333038330078,3,0.0,0.0
1982-03-04 00:00:00-05:00,0.0,103.65055211385092,88.84333038330078,88.84333038330078,3,0.0,0.0
1982-03-05 00:00:00-05:00,88.84333038330078,88.84333038330078,88.84333038330078,88.84333038330078,0,0.0,0.0
1982-03-08 00:00:00-05:00,0.0,96.24694124857585,88.84333038330078,88.84333038330078,33,0.0,0.0
1982-03-09 00:00:00-05:00,0.0,96.24694124857585,88.84333038330078,88.84333038330078,68,0.0,0.0
1982-03-10 00:00:00-05:00,0.0,96.24694124857585,88.84333038330078,88.84333038330078,91,0.0,0.0
1982-03-11 00:00:00-05:00,0.0,103.65055211385092,88.84333038330078,88.84333038330078,121,0.0,0.0
1982-03-12 00:00:00-05:00,0.0,103.65055211385092,88.84333038330078,88.84333038330078,229,0.0,0.0
1982-03-15 00:00:00-05:00,0.0,111.05417104867789,96.2469482421875,96.2469482421875,79,0.0,0.0
1982-03-16 00:00:00-05:00,0.0,118.45778111049107,103.65055847167969,103.65055847167969,30,0.0,0.0
1982-03-17 00:00:00-05:00,0.0,125.86139242989677,103.65055847167969,103.65055847167969,318,0.0,0.0
1982-03-18 00:00:00-05:00,0.0,125.86139242989677,103.65055847167969,103.65055847167969,11,0.0,0.0
1982-03-19 00:00:00-05:00,0.0,125.86139242989677,103.65055847167969,103.65055847167969,18,0.0,0.0
1982-03-22 00:00:00-05:00,103.65055847167969,103.65055847167969,103.65055847167969,103.65055847167969,0,0.0,0.0
1982-03-23 00:00:00-05:00,0.0,125.86139119466146,111.05416870117188,111.05416870117188,91,0.0,0.0
1982-03-24 00:00:00-05:00,0.0,125.86139119466146,111.05416870117188,111.05416870117188,18,0.0,0.0
1982-03-25 00:00:00-05:00,0.0,125.86139119466146,111.05416870117188,111.05416870117188,3,0.0,0.0
1982-03-26 00:00:00-05:00,0.0,125.86139119466146,111.05416870117188,111.05416870117188,6,0.0,0.0
1982-03-29 00:00:00-05:00,0.0,125.86139119466146,111.05416870117188,111.05416870117188,8,0.0,0.0
1982-03-30 00:00:00-05:00,0.0,125.86139119466146,111.05416870117188,111.05416870117188,2,0.0,0.0
1982-03-31 00:00:00-05:00,111.05416870117188,111.05416870117188,111.05416870117188,111.05416870117188,0,0.0,0.0
1982-04-01 00:00:00-05:00,0.0,125.86139119466146,111.05416870117188,111.05416870117188,8,0.0,0.0
1982-04-02 00:00:00-05:00,0.0,118.45777994791666,111.05416870117188,111.05416870117188,18,0.0,0.0
1982-04-05 00:00:00-05:00,0.0,118.45777994791666,111.05416870117188,111.05416870117188,94,0.0,0.0
1982-04-06 00:00:00-05:00,0.0,118.45777994791666,111.05416870117188,111.05416870117188,102,0.0,0.0
1982-04-07 00:00:00-05:00,0.0,118.45777994791666,111.05416870117188,111.05416870117188,15,0.0,0.0
1982-04-08 00:00:00-05:00,0.0,133.26500129699707,118.45777893066406,118.45777893066406,339,0.0,0.0
1982-04-12 00:00:00-05:00,0.0,125.86139011383057,118.45777893066406,118.45777893066406,55,0.0,0.0
1982-04-13 00:00:00-05:00,0.0,133.26500129699707,118.45777893066406,118.45777893066406,38,0.0,0.0
1982-04-14 00:00:00-05:00,0.0,140.6686114142923,125.86138916015625,125.86138916015625,167,0.0,0.0
1982-04-15 00:00:00-05:00,0.0,148.0722225413603,125.86138916015625,125.86138916015625,111,0.0,0.0
1982-04-16 00:00:00-05:00,0.0,155.47583168431333,140.66860961914062,140.66860961914062,121,0.0,0.0
1982-04-19 00:00:00-05:00,0.0,155.47583168431333,140.66860961914062,140.66860961914062,67,0.0,0.0
1982-04-20 00:00:00-05:00,0.0,155.47583168431333,140.66860961914062,140.66860961914062,83,0.0,0.0
1982-04-21 00:00:00-05:00,0.0,148.07222065172698,140.66860961914062,140.66860961914062,39,0.0,0.0
1982-04-22 00:00:00-05:00,140.66860961914062,140.66860961914062,140.66860961914062,140.66860961914062,0,0.0,0.0
1982-04-23 00:00:00-05:00,0.0,148.07222065172698,140.66860961914062,140.66860961914062,15,0.0,0.0
1982-04-26 00:00:00-04:00,0.0,148.0722215440538,133.26499938964844,133.26499938964844,26,0.0,0.0
1982-04-27 00:00:00-04:00,0.0,148.0722215440538,133.26499938964844,133.26499938964844,91,0.0,0.0
1982-04-28 00:00:00-04:00,0.0,148.0722215440538,133.26499938964844,133.26499938964844,30,0.0,0.0
1982-04-29 00:00:00-04:00,0.0,148.0722215440538,133.26499938964844,133.26499938964844,83,0.0,0.0
1982-04-30 00:00:00-04:00,0.0,148.0722215440538,133.26499938964844,133.26499938964844,600,0.0,0.0
1982-05-03 00:00:00-04:00,0.0,155.47583168431333,140.66860961914062,140.66860961914062,20,0.0,0.0
1982-05-04 00:00:00-04:00,140.66860961914062,140.66860961914062,140.66860961914062,140.66860961914062,0,0.0,0.0
1982-05-05 00:00:00-04:00,140.66860961914062,140.66860961914062,140.66860961914062,140.66860961914062,0,0.0,0.0
1982-05-06 00:00:00-04:00,0.0,148.07222065172698,140.66860961914062,140.66860961914062,6,0.0,0.0
1982-05-07 00:00:00-04:00,0.0,133.26500244140624,111.05416870117188,111.05416870117188,148,0.0,0.0
1982-05-10 00:00:00-04:00,0.0,133.26500129699707,118.45777893066406,118.45777893066406,2,0.0,0.0
1982-05-11 00:00:00-04:00,0.0,140.6686114142923,125.86138916015625,125.86138916015625,112,0.0,0.0
1982-05-12 00:00:00-04:00,0.0,148.07222065172698,140.66860961914062,140.66860961914062,85,0.0,0.0
1982-05-13 00:00:00-04:00,0.0,148.07222065172698,140.66860961914062,140.66860961914062,23,0.0,0.0
1982-05-14 00:00:00-04:00,0.0,155.47583168431333,140.66860961914062,140.66860961914062,35,0.0,0.0
1982-05-17 00:00:00-04:00,0.0,155.47583168431333,140.66860961914062,140.66860961914062,5,0.0,0.0
1982-05-18 00:00:00-04:00,0.0,155.47583168431333,140.66860961914062,140.66860961914062,9,0.0,0.0
1982-05-19 00:00:00-04:00,0.0,155.4758326212565,133.26499938964844,133.26499938964844,15,0.0,0.0
1982-05-20 00:00:00-04:00,133.26499938964844,133.26499938964844,133.26499938964844,133.26499938964844,0,0.0,0.0
1982-05-21 00:00:00-04:00,0.0,148.0722215440538,133.26499938964844,133.26499938964844,5,0.0,0.0
1982-05-24 00:00:00-04:00,133.26499938964844,133.26499938964844,133.26499938964844,133.26499938964844,0,0.0,0.0
1982-05-25 00:00:00-04:00,133.26499938964844,133.26499938964844,133.26499938964844,133.26499938964844,0,0.0,0.0
1982-05-26 00:00:00-04:00,133.26499938964844,133.26499938964844,133.26499938964844,133.26499938964844,0,0.0,0.0
1982-05-27 00:00:00-04:00,0.0,148.0722215440538,133.26499938964844,133.26499938964844,30,0.0,0.0
1982-05-28 00:00:00-04:00,133.26499938964844,133.26499938964844,133.26499938964844,133.26499938964844,0,0.0,0.0
1982-06-01 00:00:00-04:00,0.0,148.0722215440538,133.26499938964844,133.26499938964844,41,0.0,0.0
1982-06-02 00:00:00-04:00,0.0,148.07222065172698,140.66860961914062,140.66860961914062,76,0.0,0.0
1982-06-03 00:00:00-04:00,0.0,148.0722215440538,133.26499938964844,133.26499938964844,167,0.0,0.0
1982-06-04 00:00:00-04:00,0.0,148.0722215440538,133.26499938964844,133.26499938964844,36,0.0,0.0
1982-06-07 00:00:00-04:00,0.0,148.0722215440538,133.26499938964844,133.26499938964844,15,0.0,0.0
1982-06-08 00:00:00-04:00,133.26499938964844,133.26499938964844,133.26499938964844,133.26499938964844,0,0.0,0.0
1982-06-09 00:00:00-04:00,0.0,140.66861046685113,133.26499938964844,133.26499938964844,159,0.0,0.0
1982-06-10 00:00:00-04:00,0.0,148.0722215440538,133.26499938964844,133.26499938964844,76,0.0,0.0
1982-06-11 00:00:00-04:00,0.0,148.0722215440538,133.26499938964844,133.26499938964844,15,0.0,0.0
1982-06-14 00:00:00-04:00,0.0,148.0722215440538,133.26499938964844,133.26499938964844,55,0.0,0.0
1982-06-15 00:00:00-04:00,0.0,148.0722215440538,133.26499938964844,133.26499938964844,9,0.0,0.0
1982-06-16 00:00:00-04:00,133.26499938964844,133.26499938964844,133.26499938964844,133.26499938964844,0,0.0,0.0
1982-06-17 00:00:00-04:00,0.0,140.66861046685113,133.26499938964844,133.26499938964844,23,0.0,0.0
1982-06-18 00:00:00-04:00,0.0,140.66861046685113,133.26499938964844,133.26499938964844,38,0.0,0.0
1982-06-21 00:00:00-04:00,133.26499938964844,133.26499938964844,133.26499938964844,133.26499938964844,0,0.0,0.0
1982-06-22 00:00:00-04:00,0.0,140.66861046685113,133.26499938964844,133.26499938964844,12,0.0,0.0
1982-06-23 00:00:00-04:00,0.0,140.66861046685113,133.26499938964844,133.26499938964844,212,0.0,0.0
1982-06-24 00:00:00-04:00,133.26499938964844,133.26499938964844,133.26499938964844,133.26499938964844,0,0.0,0.0
1982-06-25 00:00:00-04:00,0.0,140.66861046685113,133.26499938964844,133.26499938964844,3,0.0,0.0
1982-06-28 00:00:00-04:00,0.0,140.66861046685113,133.26499938964844,133.26499938964844,3,0.0,0.0
1982-06-29 00:00:00-04:00,0.0,140.66861046685113,133.26499938964844,133.26499938964844,11,0.0,0.0
1982-06-30 00:00:00-04:00,0.0,140.66861046685113,133.26499938964844,133.26499938964844,14,0.0,0.0
1982-07-01 00:00:00-04:00,0.0,140.66861046685113,133.26499938964844,133.26499938964844,98,0.0,0.0
1982-07-02 00:00:00-04:00,0.0,140.66861046685113,133.26499938964844,133.26499938964844,15,0.0,0.0
1982-07-06 00:00:00-04:00,0.0,140.66861046685113,133.26499938964844,133.26499938964844,8,0.0,0.0
1982-07-07 00:00:00-04:00,0.0,140.66861046685113,133.26499938964844,133.26499938964844,8,0.0,0.0
1982-07-08 00:00:00-04:00,0.0,140.66861046685113,133.26499938964844,133.26499938964844,217,0.0,0.0
1982-07-09 00:00:00-04:00,0.0,140.66861046685113,133.26499938964844,133.26499938964844,88,0.0,0.0
1982-07-12 00:00:00-04:00,133.26499938964844,133.26499938964844,133.26499938964844,133.26499938964844,0,0.0,0.0
1982-07-13 00:00:00-04:00,0.0,140.66861046685113,133.26499938964844,133.26499938964844,41,0.0,0.0
1982-07-14 00:00:00-04:00,0.0,140.66861046685113,133.26499938964844,133.26499938964844,109,0.0,0.0
1982-07-15 00:00:00-04:00,0.0,140.66861046685113,133.26499938964844,133.26499938964844,3,0.0,0.0
1982-07-16 00:00:00-04:00,0.0,140.66861046685113,133.26499938964844,133.26499938964844,2,0.0,0.0
1982-07-19 00:00:00-04:00,133.26499938964844,133.26499938964844,133.26499938964844,133.26499938964844,0,0.0,0.0
1982-07-20 00:00:00-04:00,0.0,148.0722215440538,133.26499938964844,133.26499938964844,311,0.0,0.0
1982-07-21 00:00:00-04:00,0.0,148.0722215440538,133.26499938964844,133.26499938964844,111,0.0,0.0
1982-07-22 00:00:00-04:00,133.26499938964844,133.26499938964844,133.26499938964844,133.26499938964844,0,0.0,0.0
1982-07-23 00:00:00-04:00,0.0,148.07222065172698,140.66860961914062,140.66860961914062,83,0.0,0.0
1982-07-26 00:00:00-04:00,0.0,148.0722215440538,133.26499938964844,133.26499938964844,55,0.0,0.0
1982-07-27 00:00:00-04:00,0.0,148.0722215440538,133.26499938964844,133.26499938964844,59,0.0,0.0
1982-07-28 00:00:00-04:00,0.0,148.0722215440538,133.26499938964844,133.26499938964844,39,0.0,0.0
1982-07-29 00:00:00-04:00,0.0,140.66861046685113,133.26499938964844,133.26499938964844,68,0.0,0.0
1982-07-30 00:00:00-04:00,0.0,140.66861046685113,133.26499938964844,133.26499938964844,24,0.0,0.0
1982-08-02 00:00:00-04:00,0.0,133.26500028722427,125.86138916015625,125.86138916015625,26,0.0,0.0
1982-08-03 00:00:00-04:00,0.0,133.26500028722427,125.86138916015625,125.86138916015625,30,0.0,0.0
1982-08-04 00:00:00-04:00,125.86138916015625,125.86138916015625,125.86138916015625,125.86138916015625,0,0.0,0.0
1982-08-05 00:00:00-04:00,0.0,133.26500028722427,125.86138916015625,125.86138916015625,92,0.0,0.0
1982-08-06 00:00:00-04:00,0.0,133.26500244140624,111.05416870117188,111.05416870117188,71,0.0,0.0
1982-08-09 00:00:00-04:00,0.0,118.45777994791666,111.05416870117188,111.05416870117188,15,0.0,0.0
1982-08-10 00:00:00-04:00,0.0,118.45777994791666,111.05416870117188,111.05416870117188,18,0.0,0.0
1982-08-11 00:00:00-04:00,111.05416870117188,111.05416870117188,111.05416870117188,111.05416870117188,0,0.0,0.0
1982-08-12 00:00:00-04:00,0.0,118.45778111049107,103.65055847167969,103.65055847167969,8,0.0,0.0
1982-08-13 00:00:00-04:00,0.0,118.45778111049107,103.65055847167969,103.65055847167969,76,0.0,0.0
1982-08-16 00:00:00-04:00,0.0,118.45778111049107,103.65055847167969,103.65055847167969,68,0.0,0.0
1982-08-17 00:00:00-04:00,0.0,111.05417104867789,96.2469482421875,96.2469482421875,91,0.0,0.0
1982-08-18 00:00:00-04:00,96.2469482421875,96.2469482421875,96.2469482421875,96.2469482421875,0,0.0,0.0
1982-08-19 00:00:00-04:00,0.0,118.45778245192308,96.2469482421875,96.2469482421875,17,0.0,0.0
1982-08-20 00:00:00-04:00,0.0,111.05417104867789,96.2469482421875,96.2469482421875,30,0.0,0.0
1982-08-23 00:00:00-04:00,0.0,111.05417104867789,96.2469482421875,96.2469482421875,15,0.0,0.0
1982-08-24 00:00:00-04:00,0.0,111.05417104867789,96.2469482421875,96.2469482421875,74,0.0,0.0
1982-08-25 00:00:00-04:00,0.0,111.05417104867789,96.2469482421875,96.2469482421875,18,0.0,0.0
1982-08-26 00:00:00-04:00,0.0,111.05416979108537,103.65055847167969,103.65055847167969,15,0.0,0.0
1982-08-27 00:00:00-04:00,0.0,111.05416979108537,103.65055847167969,103.65055847167969,2,0.0,0.0
1982-08-30 00:00:00-04:00,0.0,111.05417104867789,96.2469482421875,96.2469482421875,76,0.0,0.0
1982-08-31 00:00:00-04:00,0.0,111.05417104867789,96.2469482421875,96.2469482421875,17,0.0,0.0
1982-09-01 00:00:00-04:00,96.2469482421875,96.2469482421875,96.2469482421875,96.2469482421875,0,0.0,0.0
1982-09-02 00:00:00-04:00,0.0,111.05417104867789,96.2469482421875,96.2469482421875,5,0.0,0.0
1982-09-03 00:00:00-04:00,0.0,111.05416979108537,103.65055847167969,103.65055847167969,23,0.0,0.0
1982-09-07 00:00:00-04:00,0.0,111.05416979108537,103.65055847167969,103.65055847167969,103,0.0,0.0
1982-09-08 00:00:00-04:00,103.65055847167969,103.65055847167969,103.65055847167969,103.65055847167969,0,0.0,0.0
1982-09-09 00:00:00-04:00,0.0,111.05416979108537,103.65055847167969,103.65055847167969,8,0.0,0.0
1982-09-10 00:00:00-04:00,0.0,111.05416979108537,103.65055847167969,103.65055847167969,5,0.0,0.0
1982-09-13 00:00:00-04:00,0.0,103.6505596454327,96.2469482421875,96.2469482421875,15,0.0,0.0
1982-09-14 00:00:00-04:00,0.0,103.6505596454327,96.2469482421875,96.2469482421875,6,0.0,0.0
1982-09-15 00:00:00-04:00,0.0,103.6505596454327,96.2469482421875,96.2469482421875,17,0.0,0.0
1982-09-16 00:00:00-04:00,0.0,103.6505596454327,96.2469482421875,96.2469482421875,30,0.0,0.0
1982-09-17 00:00:00-04:00,96.2469482421875,96.2469482421875,96.2469482421875,96.2469482421875,0,0.0,0.0
1982-09-20 00:00:00-04:00,96.2469482421875,96.2469482421875,96.2469482421875,96.2469482421875,0,0.0,0.0
1982-09-21 00:00:00-04:00,0.0,96.24694124857585,88.84333038330078,88.84333038330078,197,0.0,0.0
1982-09-22 00:00:00-04:00,0.0,96.24694199995561,81.4397201538086,81.4397201538086,65,0.0,0.0
1982-09-23 00:00:00-04:00,0.0,96.24694199995561,81.4397201538086,81.4397201538086,245,0.0,0.0
1982-09-24 00:00:00-04:00,0.0,96.24694124857585,88.84333038330078,88.84333038330078,53,0.0,0.0
1982-09-27 00:00:00-04:00,88.84333038330078,88.84333038330078,88.84333038330078,88.84333038330078,0,0.0,0.0
1982-09-28 00:00:00-04:00,0.0,96.24694199995561,81.4397201538086,81.4397201538086,23,0.0,0.0
1982-09-29 00:00:00-04:00,0.0,96.24694199995561,81.4397201538086,81.4397201538086,56,0.0,0.0
1982-09-30 00:00:00-04:00,81.4397201538086,81.4397201538086,81.4397201538086,81.4397201538086,0,0.0,0.0
1982-10-01 00:00:00-04:00,0.0,96.24694199995561,81.4397201538086,81.4397201538086,23,0.0,0.0
1982-10-04 00:00:00-04:00,0.0,96.24694199995561,81.4397201538086,81.4397201538086,15,0.0,0.0
1982-10-05 00:00:00-04:00,0.0,96.24694199995561,81.4397201538086,81.4397201538086,3,0.0,0.0
1982-10-06 00:00:00-04:00,0.0,96.24694199995561,81.4397201538086,81.4397201538086,18,0.0,0.0
1982-10-07 00:00:00-04:00,0.0,88.84333190917968,74.0361099243164,74.0361099243164,130,0.0,0.0
1982-10-08 00:00:00-04:00,0.0,88.84333292643228,66.63249969482422,66.63249969482422,62,0.0,0.0
1982-10-11 00:00:00-04:00,0.0,88.84333292643228,66.63249969482422,66.63249969482422,29,0.0,0.0
1982-10-12 00:00:00-04:00,66.63249969482422,66.63249969482422,66.63249969482422,66.63249969482422,0,0.0,0.0
1982-10-13 00:00:00-04:00,0.0,88.84333292643228,66.63249969482422,66.63249969482422,15,0.0,0.0
1982-10-14 00:00:00-04:00,0.0,81.4397218492296,66.63249969482422,66.63249969482422,182,0.0,0.0
1982-10-15 00:00:00-04:00,0.0,81.4397218492296,66.63249969482422,66.63249969482422,2,0.0,0.0
1982-10-18 00:00:00-04:00,0.0,81.4397218492296,66.63249969482422,66.63249969482422,15,0.0,0.0
1982-10-19 00:00:00-04:00,0.0,81.4397218492296,66.63249969482422,66.63249969482422,41,0.0,0.0
1982-10-20 00:00:00-04:00,0.0,88.8433310768821,81.4397201538086,81.4397201538086,79,0.0,0.0
1982-10-21 00:00:00-04:00,0.0,96.24694124857585,88.84333038330078,88.84333038330078,126,0.0,0.0
1982-10-22 00:00:00-04:00,0.0,103.65055211385092,88.84333038330078,88.84333038330078,197,0.0,0.0
1982-10-25 00:00:00-04:00,0.0,111.05417104867789,96.2469482421875,96.2469482421875,91,0.0,0.0
1982-10-26 00:00:00-04:00,0.0,125.86139119466146,111.05416870117188,111.05416870117188,58,0.0,0.0
1982-10-27 00:00:00-04:00,0.0,140.66861248016357,118.45777893066406,118.45777893066406,391,0.0,0.0
1982-10-28 00:00:00-04:00,0.0,125.86139011383057,118.45777893066406,118.45777893066406,359,0.0,0.0
1982-10-29 00:00:00-04:00,0.0,125.86139242989677,103.65055847167969,103.65055847167969,267,0.0,0.0
1982-11-01 00:00:00-05:00,0.0,125.86139242989677,103.65055847167969,103.65055847167969,65,0.0,0.0
1982-11-02 00:00:00-05:00,0.0,125.86139119466146,111.05416870117188,111.05416870117188,23,0.0,0.0
1982-11-03 00:00:00-05:00,0.0,125.86139119466146,111.05416870117188,111.05416870117188,108,0.0,0.0
1982-11-04 00:00:00-05:00,0.0,125.86139119466146,111.05416870117188,111.05416870117188,12,0.0,0.0
1982-11-05 00:00:00-05:00,0.0,125.86139119466146,111.05416870117188,111.05416870117188,85,0.0,0.0
1982-11-08 00:00:00-05:00,0.0,125.86139119466146,111.05416870117188,111.05416870117188,11,0.0,0.0
1982-11-09 00:00:00-05:00,0.0,125.86139119466146,111.05416870117188,111.05416870117188,82,0.0,0.0
1982-11-10 00:00:00-05:00,0.0,125.86139119466146,111.05416870117188,111.05416870117188,18,0.0,0.0
1982-11-11 00:00:00-05:00,0.0,125.86139119466146,111.05416870117188,111.05416870117188,23,0.0,0.0
1982-11-12 00:00:00-05:00,0.0,125.86139119466146,111.05416870117188,111.05416870117188,52,0.0,0.0
1982-11-15 00:00:00-05:00,0.0,125.86139119466146,111.05416870117188,111.05416870117188,33,0.0,0.0
1982-11-16 00:00:00-05:00,0.0,118.45778111049107,103.65055847167969,103.65055847167969,39,0.0,0.0
1982-11-17 00:00:00-05:00,0.0,125.86139119466146,111.05416870117188,111.05416870117188,36,0.0,0.0
1982-11-18 00:00:00-05:00,111.05416870117188,111.05416870117188,111.05416870117188,111.05416870117188,0,0.0,0.0
1982-11-19 00:00:00-05:00,0.0,125.86139119466146,111.05416870117188,111.05416870117188,2,0.0,0.0
1982-11-22 00:00:00-05:00,0.0,118.45778111049107,103.65055847167969,103.65055847167969,64,0.0,0.0
1982-11-23 00:00:00-05:00,0.0,118.45778111049107,103.65055847167969,103.65055847167969,14,0.0,0.0
1982-11-24 00:00:00-05:00,0.0,118.45778111049107,103.65055847167969,103.65055847167969,3,0.0,0.0
1982-11-26 00:00:00-05:00,0.0,118.45778245192308,96.2469482421875,96.2469482421875,6,0.0,0.0
1982-11-29 00:00:00-05:00,0.0,103.65055211385092,88.84333038330078,88.84333038330078,114,0.0,0.0
1982-11-30 00:00:00-05:00,0.0,103.65055211385092,88.84333038330078,88.84333038330078,26,0.0,0.0
1982-12-01 00:00:00-05:00,0.0,103.65055211385092,88.84333038330078,88.84333038330078,21,0.0,0.0
1982-12-02 00:00:00-05:00,0.0,103.65055211385092,88.84333038330078,88.84333038330078,41,0.0,0.0
1982-12-03 00:00:00-05:00,0.0,103.65055211385092,88.84333038330078,88.84333038330078,21,0.0,0.0
1982-12-06 00:00:00-05:00,0.0,103.65055211385092,88.84333038330078,88.84333038330078,32,0.0,0.0
1982-12-07 00:00:00-05:00,0.0,103.65055292302912,81.4397201538086,81.4397201538086,21,0.0,0.0
1982-12-08 00:00:00-05:00,0.0,103.65055292302912,81.4397201538086,81.4397201538086,9,0.0,0.0
1982-12-09 00:00:00-05:00,0.0,103.65055292302912,81.4397201538086,81.4397201538086,44,0.0,0.0
1982-12-10 00:00:00-05:00,0.0,103.65055292302912,81.4397201538086,81.4397201538086,24,0.0,0.0
1982-12-13 00:00:00-05:00,0.0,103.65055211385092,88.84333038330078,88.84333038330078,186,0.0,0.0
1982-12-14 00:00:00-05:00,0.0,103.65055211385092,88.84333038330078,88.84333038330078,12,0.0,0.0
1982-12-15 00:00:00-05:00,0.0,118.45778111049107,103.65055847167969,103.65055847167969,124,0.0,0.0
1982-12-16 00:00:00-05:00,0.0,133.26500244140624,111.05416870117188,111.05416870117188,105,0.0,0.0
1982-12-17 00:00:00-05:00,0.0,155.47583168431333,140.66860961914062,140.66860961914062,586,0.0,0.0
1982-12-20 00:00:00-05:00,0.0,148.07222065172698,140.66860961914062,140.66860961914062,105,0.0,0.0
1982-12-21 00:00:00-05:00,0.0,140.6686114142923,125.86138916015625,125.86138916015625,145,0.0,0.0
1982-12-22 00:00:00-05:00,0.0,133.26500244140624,111.05416870117188,111.05416870117188,86,0.0,0.0
1982-12-23 00:00:00-05:00,0.0,125.86139119466146,111.05416870117188,111.05416870117188,32,0.0,0.0
1982-12-27 00:00:00-05:00,0.0,125.86139119466146,111.05416870117188,111.05416870117188,24,0.0,0.0
1982-12-28 00:00:00-05:00,0.0,125.86139119466146,111.05416870117188,111.05416870117188,35,0.0,0.0
1982-12-29 00:00:00-05:00,0.0,125.86139119466146,111.05416870117188,111.05416870117188,252,0.0,0.0
1982-12-30 00:00:00-05:00,0.0,140.6686114142923,125.86138916015625,125.86138916015625,168,0.0,0.0
1982-12-31 00:00:00-05:00,0.0,125.86139119466146,111.05416870117188,111.05416870117188,223,0.0,0.0
1983-01-03 00:00:00-05:00,0.0,103.65055211385092,88.84333038330078,88.84333038330078,215,0.0,0.0
1983-01-04 00:00:00-05:00,0.0,111.05416297912598,88.84333038330078,88.84333038330078,98,0.0,0.0
1983-01-05 00:00:00-05:00,0.0,111.05417104867789,96.2469482421875,96.2469482421875,115,0.0,0.0
1983-01-06 00:00:00-05:00,0.0,103.65055211385092,88.84333038330078,88.84333038330078,418,0.0,0.0
1983-01-07 00:00:00-05:00,0.0,103.65055211385092,88.84333038330078,88.84333038330078,156,0.0,0.0
1983-01-10 00:00:00-05:00,0.0,148.0722225413603,125.86138916015625,125.86138916015625,241,0.0,0.0
1983-01-11 00:00:00-05:00,0.0,170.2830512306907,162.8794403076172,162.8794403076172,386,0.0,0.0
1983-01-12 00:00:00-05:00,0.0,185.09027163187665,177.68666076660156,177.68666076660156,376,0.0,0.0
1983-01-13 00:00:00-05:00,0.0,192.4938824971517,177.68666076660156,177.68666076660156,223,0.0,0.0
1983-01-14 00:00:00-05:00,0.0,229.51195090157645,207.30111694335938,207.30111694335938,332,0.0,0.0
1983-01-17 00:00:00-05:00,0.0,229.51194973649652,214.70472717285156,214.70472717285156,518,0.0,0.0
1983-01-18 00:00:00-05:00,0.0,229.51194864908854,222.10833740234375,222.10833740234375,252,0.0,0.0
1983-01-19 00:00:00-05:00,0.0,244.31917005969632,229.51194763183594,229.51194763183594,236,0.0,0.0
1983-01-20 00:00:00-05:00,0.0,222.10833958217074,207.30111694335938,207.30111694335938,638,0.0,0.0
1983-01-21 00:00:00-05:00,0.0,214.70472826276506,207.30111694335938,207.30111694335938,455,0.0,0.0
1983-01-24 00:00:00-05:00,0.0,214.7047294334129,199.8975067138672,199.8975067138672,130,0.0,0.0
1983-01-25 00:00:00-05:00,0.0,229.51195090157645,207.30111694335938,207.30111694335938,292,0.0,0.0
1983-01-26 00:00:00-05:00,0.0,229.51194973649652,214.70472717285156,214.70472717285156,659,0.0,0.0
1983-01-27 00:00:00-05:00,0.0,229.51194973649652,214.70472717285156,214.70472717285156,205,0.0,0.0
1983-01-28 00:00:00-05:00,0.0,229.51194973649652,214.70472717285156,214.70472717285156,176,0.0,0.0
1983-01-31 00:00:00-05:00,0.0,251.7227812736265,229.51194763183594,229.51194763183594,508,0.0,0.0
1983-02-01 00:00:00-05:00,0.0,266.5300015536222,244.3191680908203,244.3191680908203,282,0.0,0.0
1983-02-02 00:00:00-05:00,0.0,273.93362688337055,259.12640380859375,259.12640380859375,568,0.0,0.0
1983-02-03 00:00:00-05:00,0.0,281.33722093370227,266.5299987792969,266.5299987792969,503,0.0,0.0
1983-02-04 00:00:00-05:00,0.0,273.93361170151655,251.7227783203125,251.7227783203125,89,0.0,0.0
1983-02-07 00:00:00-05:00,0.0,273.93362688337055,259.12640380859375,259.12640380859375,244,0.0,0.0
1983-02-08 00:00:00-05:00,0.0,281.3372384207589,259.12640380859375,259.12640380859375,98,0.0,0.0
1983-02-09 00:00:00-05:00,0.0,273.93361170151655,251.7227783203125,251.7227783203125,270,0.0,0.0
1983-02-10 00:00:00-05:00,0.0,266.53000057444854,251.7227783203125,251.7227783203125,170,0.0,0.0
1983-02-11 00:00:00-05:00,0.0,288.74084720096073,273.9336242675781,273.9336242675781,611,0.0,0.0
1983-02-14 00:00:00-05:00,0.0,340.5661024613814,325.7588806152344,325.7588806152344,844,0.0,0.0
1983-02-15 00:00:00-05:00,0.0,333.16249302455356,310.95166015625,310.95166015625,1221,0.0,0.0
1983-02-16 00:00:00-05:00,0.0,310.9516616821289,296.1444396972656,296.1444396972656,242,0.0,0.0
1983-02-17 00:00:00-05:00,0.0,340.5661024613814,325.7588806152344,325.7588806152344,750,0.0,0.0
1983-02-18 00:00:00-05:00,0.0,340.5661024613814,325.7588806152344,325.7588806152344,361,0.0,0.0
1983-02-22 00:00:00-05:00,0.0,318.3552878775248,303.5480651855469,303.5480651855469,520,0.0,0.0
1983-02-23 00:00:00-05:00,0.0,333.162508232649,318.35528564453125,318.35528564453125,262,0.0,0.0
1983-02-24 00:00:00-05:00,0.0,333.1624915383079,325.7588806152344,325.7588806152344,424,0.0,0.0
1983-02-25 00:00:00-05:00,0.0,318.3552726745605,296.1444396972656,296.1444396972656,358,0.0,0.0
1983-02-28 00:00:00-05:00,0.0,303.5480675330529,288.7408447265625,288.7408447265625,248,0.0,0.0
1983-03-01 00:00:00-05:00,0.0,318.3552878775248,303.5480651855469,303.5480651855469,474,0.0,0.0
1983-03-02 00:00:00-05:00,0.0,318.3552726745605,296.1444396972656,296.1444396972656,230,0.0,0.0
1983-03-03 00:00:00-05:00,0.0,310.9516616821289,296.1444396972656,296.1444396972656,282,0.0,0.0
1983-03-04 00:00:00-05:00,0.0,296.14444130345396,281.33721923828125,281.33721923828125,461,0.0,0.0
1983-03-07 00:00:00-05:00,0.0,288.74084720096073,273.9336242675781,273.9336242675781,326,0.0,0.0
1983-03-08 00:00:00-05:00,0.0,273.93361170151655,251.7227783203125,251.7227783203125,391,0.0,0.0
1983-03-09 00:00:00-05:00,0.0,266.53000057444854,251.7227783203125,251.7227783203125,502,0.0,0.0
1983-03-10 00:00:00-05:00,0.0,296.14444130345396,281.33721923828125,281.33721923828125,214,0.0,0.0
1983-03-11 00:00:00-05:00,0.0,303.5480675330529,288.7408447265625,288.7408447265625,833,0.0,0.0
1983-03-14 00:00:00-05:00,0.0,303.5480523360403,281.33721923828125,281.33721923828125,108,0.0,0.0
1983-03-15 00:00:00-05:00,0.0,288.74084720096073,273.9336242675781,273.9336242675781,464,0.0,0.0
1983-03-16 00:00:00-05:00,0.0,303.5480523360403,281.33721923828125,281.33721923828125,667,0.0,0.0
1983-03-17 00:00:00-05:00,0.0,310.9516789362981,288.7408447265625,288.7408447265625,402,0.0,0.0
1983-03-18 00:00:00-05:00,0.0,325.7588820684524,310.95166015625,310.95166015625,432,0.0,0.0
1983-03-21 00:00:00-05:00,0.0,340.5661024613814,325.7588806152344,325.7588806152344,303,0.0,0.0
1983-03-22 00:00:00-05:00,0.0,355.3733228600543,340.56610107421875,340.56610107421875,924,0.0,0.0
1983-03-23 00:00:00-05:00,0.0,355.3733228600543,340.56610107421875,340.56610107421875,706,0.0,0.0
1983-03-24 00:00:00-05:00,0.0,355.3733228600543,340.56610107421875,340.56610107421875,439,0.0,0.0
1983-03-25 00:00:00-05:00,0.0,325.7588969385901,318.35528564453125,318.35528564453125,329,0.0,0.0
1983-03-28 00:00:00-05:00,0.0,325.7588820684524,310.95166015625,310.95166015625,136,0.0,0.0
1983-03-29 00:00:00-05:00,0.0,310.9516789362981,288.7408447265625,288.7408447265625,161,0.0,0.0
1983-03-30 00:00:00-05:00,0.0,303.5480523360403,281.33721923828125,281.33721923828125,68,0.0,0.0
1983-03-31 00:00:00-05:00,0.0,303.5480675330529,288.7408447265625,288.7408447265625,109,0.0,0.0
1983-04-04 00:00:00-05:00,0.0,296.14444130345396,281.33721923828125,281.33721923828125,53,0.0,0.0
1983-04-05 00:00:00-05:00,0.0,318.3552878775248,303.5480651855469,303.5480651855469,494,0.0,0.0
1983-04-06 00:00:00-05:00,0.0,318.3552878775248,303.5480651855469,303.5480651855469,253,0.0,0.0
1983-04-07 00:00:00-05:00,0.0,318.3552878775248,303.5480651855469,303.5480651855469,111,0.0,0.0
1983-04-08 00:00:00-05:00,0.0,296.1444561298077,288.7408447265625,288.7408447265625,159,0.0,0.0
1983-04-11 00:00:00-05:00,0.0,296.14444130345396,281.33721923828125,281.33721923828125,53,0.0,0.0
1983-04-12 00:00:00-05:00,0.0,296.14444130345396,281.33721923828125,281.33721923828125,198,0.0,0.0
1983-04-13 00:00:00-05:00,0.0,296.14444130345396,281.33721923828125,281.33721923828125,145,0.0,0.0
1983-04-14 00:00:00-05:00,0.0,288.7408302708676,281.33721923828125,281.33721923828125,362,0.0,0.0
1983-04-15 00:00:00-05:00,0.0,325.7588820684524,310.95166015625,310.95166015625,933,0.0,0.0
1983-04-18 00:00:00-05:00,0.0,347.9697285970052,333.1625061035156,333.1625061035156,1179,0.0,0.0
1983-04-19 00:00:00-05:00,0.0,333.1624915383079,325.7588806152344,325.7588806152344,336,0.0,0.0
1983-04-20 00:00:00-05:00,0.0,333.1624915383079,325.7588806152344,325.7588806152344,277,0.0,0.0
1983-04-21 00:00:00-05:00,0.0,340.5661024613814,325.7588806152344,325.7588806152344,188,0.0,0.0
1983-04-22 00:00:00-05:00,0.0,340.5661024613814,325.7588806152344,325.7588806152344,152,0.0,0.0
1983-04-25 00:00:00-04:00,0.0,333.1624915383079,325.7588806152344,325.7588806152344,271,0.0,0.0
1983-04-26 00:00:00-04:00,0.0,325.7588820684524,310.95166015625,310.95166015625,239,0.0,0.0
1983-04-27 00:00:00-04:00,0.0,310.9516616821289,296.1444396972656,296.1444396972656,408,0.0,0.0
1983-04-28 00:00:00-04:00,0.0,310.9516616821289,296.1444396972656,296.1444396972656,565,0.0,0.0
1983-04-29 00:00:00-04:00,0.0,310.95167653153584,303.5480651855469,303.5480651855469,70,0.0,0.0
1983-05-02 00:00:00-04:00,0.0,303.5480506896973,296.1444396972656,296.1444396972656,245,0.0,0.0
1983-05-03 00:00:00-04:00,0.0,303.5480506896973,296.1444396972656,296.1444396972656,195,0.0,0.0
1983-05-04 00:00:00-04:00,0.0,303.5480506896973,296.1444396972656,296.1444396972656,161,0.0,0.0
1983-05-05 00:00:00-04:00,0.0,303.5480523360403,281.33721923828125,281.33721923828125,127,0.0,0.0
1983-05-06 00:00:00-04:00,0.0,318.3552878775248,303.5480651855469,303.5480651855469,168,0.0,0.0
1983-05-09 00:00:00-04:00,0.0,333.1624915383079,325.7588806152344,325.7588806152344,389,0.0,0.0
1983-05-10 00:00:00-04:00,0.0,399.7950008616728,377.58416748046875,377.58416748046875,1230,0.0,0.0
1983-05-11 00:00:00-04:00,0.0,399.7950157752404,384.98779296875,384.98779296875,683,0.0,0.0
1983-05-12 00:00:00-04:00,0.0,377.5841693488919,362.7769470214844,362.7769470214844,623,0.0,0.0
1983-05-13 00:00:00-04:00,0.0,407.19862478750724,399.7950134277344,399.7950134277344,692,0.0,0.0
1983-05-16 00:00:00-04:00,0.0,407.19861012584755,392.3913879394531,392.3913879394531,858,0.0,0.0
1983-05-17 00:00:00-04:00,0.0,407.19861012584755,392.3913879394531,392.3913879394531,180,0.0,0.0
1983-05-18 00:00:00-04:00,0.0,399.7950157752404,384.98779296875,384.98779296875,526,0.0,0.0
1983-05-19 00:00:00-04:00,0.0,384.98779541015625,370.1805725097656,370.1805725097656,371,0.0,0.0
1983-05-20 00:00:00-04:00,0.0,384.98779541015625,370.1805725097656,370.1805725097656,388,0.0,0.0
1983-05-23 00:00:00-04:00,0.0,384.98779541015625,370.1805725097656,370.1805725097656,230,0.0,0.0
1983-05-24 00:00:00-04:00,0.0,414.6022212190448,392.3913879394531,392.3913879394531,648,0.0,0.0
1983-05-25 00:00:00-04:00,0.0,414.60223614728005,399.7950134277344,399.7950134277344,505,0.0,0.0
1983-05-26 00:00:00-04:00,0.0,407.19862478750724,399.7950134277344,399.7950134277344,297,0.0,0.0
1983-05-27 00:00:00-04:00,0.0,407.19862478750724,399.7950134277344,399.7950134277344,538,0.0,0.0
1983-05-31 00:00:00-04:00,0.0,377.5841693488919,362.7769470214844,362.7769470214844,261,0.0,0.0
1983-06-01 00:00:00-04:00,0.0,362.7769489694149,347.9697265625,347.9697265625,226,0.0,0.0
1983-06-02 00:00:00-04:00,0.0,355.37333776595744,347.9697265625,347.9697265625,132,0.0,0.0
1983-06-03 00:00:00-04:00,0.0,392.3914043719952,384.98779296875,384.98779296875,936,0.0,0.0
1983-06-06 00:00:00-04:00,0.0,384.98779541015625,370.1805725097656,370.1805725097656,183,0.0,0.0
1983-06-07 00:00:00-04:00,0.0,370.18055818518815,362.7769470214844,362.7769470214844,300,0.0,0.0
1983-06-08 00:00:00-04:00,0.0,370.18056017287233,347.9697265625,347.9697265625,179,0.0,0.0
1983-06-09 00:00:00-04:00,0.0,347.9697119671365,340.56610107421875,340.56610107421875,153,0.0,0.0
1983-06-10 00:00:00-04:00,0.0,370.18055818518815,362.7769470214844,362.7769470214844,405,0.0,0.0
1983-06-13 00:00:00-04:00,0.0,370.18055818518815,362.7769470214844,362.7769470214844,418,0.0,0.0
1983-06-14 00:00:00-04:00,0.0,377.5841839599609,370.1805725097656,370.1805725097656,409,0.0,0.0
1983-06-15 00:00:00-04:00,0.0,377.5841839599609,370.1805725097656,370.1805725097656,161,0.0,0.0
1983-06-16 00:00:00-04:00,0.0,377.5841541290283,355.3733215332031,355.3733215332031,339,0.0,0.0
1983-06-17 00:00:00-04:00,0.0,370.1805432637533,355.3733215332031,355.3733215332031,294,0.0,0.0
1983-06-20 00:00:00-04:00,0.0,355.3733228600543,340.56610107421875,340.56610107421875,253,0.0,0.0
1983-06-21 00:00:00-04:00,0.0,355.3733228600543,340.56610107421875,340.56610107421875,183,0.0,0.0
1983-06-22 00:00:00-04:00,0.0,355.37333984375,333.1625061035156,333.1625061035156,465,0.0,0.0
1983-06-23 00:00:00-04:00,0.0,355.3733228600543,340.56610107421875,340.56610107421875,155,0.0,0.0
1983-06-24 00:00:00-04:00,0.0,399.7950008616728,377.58416748046875,377.58416748046875,538,0.0,0.0
1983-06-27 00:00:00-04:00,0.0,407.19861012584755,392.3913879394531,392.3913879394531,897,0.0,0.0
1983-06-28 00:00:00-04:00,0.0,392.3913897346048,377.58416748046875,377.58416748046875,353,0.0,0.0
1983-06-29 00:00:00-04:00,0.0,377.5841693488919,362.7769470214844,362.7769470214844,236,0.0,0.0
1983-06-30 00:00:00-04:00,0.0,384.98779541015625,370.1805725097656,370.1805725097656,226,0.0,0.0
1983-07-01 00:00:00-04:00,0.0,384.98779541015625,370.1805725097656,370.1805725097656,103,0.0,0.0
1983-07-05 00:00:00-04:00,0.0,384.98779541015625,370.1805725097656,370.1805725097656,142,0.0,0.0
1983-07-06 00:00:00-04:00,0.0,399.7950157752404,384.98779296875,384.98779296875,411,0.0,0.0
1983-07-07 00:00:00-04:00,0.0,392.3913897346048,377.58416748046875,377.58416748046875,398,0.0,0.0
1983-07-08 00:00:00-04:00,0.0,399.7950008616728,377.58416748046875,377.58416748046875,132,0.0,0.0
1983-07-11 00:00:00-04:00,0.0,384.98779541015625,370.1805725097656,370.1805725097656,124,0.0,0.0
1983-07-12 00:00:00-04:00,0.0,355.3733228600543,340.56610107421875,340.56610107421875,103,0.0,0.0
1983-07-13 00:00:00-04:00,0.0,347.9697133844549,325.7588806152344,325.7588806152344,136,0.0,0.0
1983-07-14 00:00:00-04:00,0.0,325.7588820684524,310.95166015625,310.95166015625,471,0.0,0.0
1983-07-15 00:00:00-04:00,0.0,325.7588820684524,310.95166015625,310.95166015625,65,0.0,0.0
1983-07-18 00:00:00-04:00,0.0,325.7588820684524,310.95166015625,310.95166015625,68,0.0,0.0
1983-07-19 00:00:00-04:00,0.0,340.5661024613814,325.7588806152344,325.7588806152344,238,0.0,0.0
1983-07-20 00:00:00-04:00,0.0,340.5661173502604,333.1625061035156,333.1625061035156,195,0.0,0.0
1983-07-21 00:00:00-04:00,0.0,355.3733228600543,340.56610107421875,340.56610107421875,136,0.0,0.0
1983-07-22 00:00:00-04:00,0.0,370.1805432637533,355.3733215332031,355.3733215332031,320,0.0,0.0
1983-07-25 00:00:00-04:00,0.0,370.1805432637533,355.3733215332031,355.3733215332031,348,0.0,0.0
1983-07-26 00:00:00-04:00,0.0,377.5841693488919,362.7769470214844,362.7769470214844,133,0.0,0.0
1983-07-27 00:00:00-04:00,0.0,355.37333776595744,347.9697265625,347.9697265625,206,0.0,0.0
1983-07-28 00:00:00-04:00,347.9697265625,347.9697265625,347.9697265625,347.9697265625,0,0.0,0.0
1983-07-29 00:00:00-04:00,0.0,325.7588969385901,318.35528564453125,318.35528564453125,179,0.0,0.0
1983-08-01 00:00:00-04:00,0.0,325.7588969385901,318.35528564453125,318.35528564453125,123,0.0,0.0
1983-08-02 00:00:00-04:00,0.0,333.1624915383079,325.7588806152344,325.7588806152344,273,0.0,0.0
1983-08-03 00:00:00-04:00,0.0,333.162508232649,318.35528564453125,318.35528564453125,83,0.0,0.0
1983-08-04 00:00:00-04:00,0.0,333.162508232649,318.35528564453125,318.35528564453125,162,0.0,0.0
1983-08-05 00:00:00-04:00,0.0,325.7588969385901,318.35528564453125,318.35528564453125,152,0.0,0.0
1983-08-08 00:00:00-04:00,0.0,296.14444130345396,281.33721923828125,281.33721923828125,132,0.0,0.0
1983-08-09 00:00:00-04:00,0.0,288.74084720096073,273.9336242675781,273.9336242675781,150,0.0,0.0
1983-08-10 00:00:00-04:00,0.0,296.14444130345396,281.33721923828125,281.33721923828125,68,0.0,0.0
1983-08-11 00:00:00-04:00,0.0,296.1444561298077,288.7408447265625,288.7408447265625,129,0.0,0.0
1983-08-12 00:00:00-04:00,0.0,296.14444130345396,281.33721923828125,281.33721923828125,65,0.0,0.0
1983-08-15 00:00:00-04:00,0.0,288.7408302708676,281.33721923828125,281.33721923828125,94,0.0,0.0
1983-08-16 00:00:00-04:00,0.0,288.74084720096073,273.9336242675781,273.9336242675781,203,0.0,0.0
1983-08-17 00:00:00-04:00,0.0,288.74083201090497,266.5299987792969,266.5299987792969,27,0.0,0.0
1983-08-18 00:00:00-04:00,0.0,281.33722093370227,266.5299987792969,266.5299987792969,35,0.0,0.0
1983-08-19 00:00:00-04:00,0.0,273.93361170151655,251.7227783203125,251.7227783203125,374,0.0,0.0
1983-08-22 00:00:00-04:00,0.0,281.3372384207589,259.12640380859375,259.12640380859375,176,0.0,0.0
1983-08-23 00:00:00-04:00,0.0,273.93362688337055,259.12640380859375,259.12640380859375,85,0.0,0.0
1983-08-24 00:00:00-04:00,0.0,244.31917005969632,229.51194763183594,229.51194763183594,186,0.0,0.0
1983-08-25 00:00:00-04:00,0.0,236.91556101831898,214.70472717285156,214.70472717285156,109,0.0,0.0
1983-08-26 00:00:00-04:00,0.0,222.10833958217074,207.30111694335938,207.30111694335938,298,0.0,0.0
1983-08-29 00:00:00-04:00,0.0,199.8975078876202,192.493896484375,192.493896484375,195,0.0,0.0
1983-08-30 00:00:00-04:00,0.0,207.30112060546875,185.0902862548828,185.0902862548828,302,0.0,0.0
1983-08-31 00:00:00-04:00,0.0,214.70472826276506,207.30111694335938,207.30111694335938,315,0.0,0.0
1983-09-01 00:00:00-04:00,0.0,229.51195090157645,207.30111694335938,207.30111694335938,361,0.0,0.0
1983-09-02 00:00:00-04:00,0.0,222.10833958217074,207.30111694335938,207.30111694335938,12,0.0,0.0
1983-09-06 00:00:00-04:00,0.0,222.10833958217074,207.30111694335938,207.30111694335938,56,0.0,0.0
1983-09-07 00:00:00-04:00,0.0,214.7047294334129,199.8975067138672,199.8975067138672,268,0.0,0.0
1983-09-08 00:00:00-04:00,0.0,207.30112060546875,185.0902862548828,185.0902862548828,83,0.0,0.0
1983-09-09 00:00:00-04:00,0.0,207.30112060546875,185.0902862548828,185.0902862548828,76,0.0,0.0
1983-09-12 00:00:00-04:00,0.0,170.2830528259277,148.0722198486328,148.0722198486328,208,0.0,0.0
1983-09-13 00:00:00-04:00,0.0,177.6866621537642,162.8794403076172,162.8794403076172,265,0.0,0.0
1983-09-14 00:00:00-04:00,0.0,162.8794418334961,148.0722198486328,148.0722198486328,236,0.0,0.0
1983-09-15 00:00:00-04:00,0.0,162.8794418334961,148.0722198486328,148.0722198486328,344,0.0,0.0
1983-09-16 00:00:00-04:00,0.0,170.28305199032738,155.475830078125,155.475830078125,250,0.0,0.0
1983-09-19 00:00:00-04:00,0.0,185.09027307683772,162.8794403076172,162.8794403076172,200,0.0,0.0
1983-09-20 00:00:00-04:00,0.0,185.09027307683772,162.8794403076172,162.8794403076172,45,0.0,0.0
1983-09-21 00:00:00-04:00,0.0,177.6866621537642,162.8794403076172,162.8794403076172,11,0.0,0.0
1983-09-22 00:00:00-04:00,0.0,170.28305199032738,155.475830078125,155.475830078125,145,0.0,0.0
1983-09-23 00:00:00-04:00,0.0,162.8794410342262,155.475830078125,155.475830078125,689,0.0,0.0
1983-09-26 00:00:00-04:00,0.0,170.28305199032738,155.475830078125,155.475830078125,136,0.0,0.0
1983-09-27 00:00:00-04:00,0.0,170.28305199032738,155.475830078125,155.475830078125,73,0.0,0.0
1983-09-28 00:00:00-04:00,0.0,162.8794418334961,148.0722198486328,148.0722198486328,82,0.0,0.0
1983-09-29 00:00:00-04:00,0.0,162.8794418334961,148.0722198486328,148.0722198486328,73,0.0,0.0
1983-09-30 00:00:00-04:00,0.0,155.47583084106444,148.0722198486328,148.0722198486328,105,0.0,0.0
1983-10-03 00:00:00-04:00,0.0,162.8794418334961,148.0722198486328,148.0722198486328,103,0.0,0.0
1983-10-04 00:00:00-04:00,0.0,162.8794418334961,148.0722198486328,148.0722198486328,77,0.0,0.0
1983-10-05 00:00:00-04:00,0.0,162.8794410342262,155.475830078125,155.475830078125,56,0.0,0.0
1983-10-06 00:00:00-04:00,0.0,148.0722215440538,133.26499938964844,133.26499938964844,226,0.0,0.0
1983-10-07 00:00:00-04:00,0.0,148.0722215440538,133.26499938964844,133.26499938964844,36,0.0,0.0
1983-10-10 00:00:00-04:00,0.0,148.0722215440538,133.26499938964844,133.26499938964844,33,0.0,0.0
1983-10-11 00:00:00-04:00,0.0,148.0722215440538,133.26499938964844,133.26499938964844,114,0.0,0.0
1983-10-12 00:00:00-04:00,0.0,140.6686114142923,125.86138916015625,125.86138916015625,223,0.0,0.0
1983-10-13 00:00:00-04:00,0.0,140.6686114142923,125.86138916015625,125.86138916015625,20,0.0,0.0
1983-10-14 00:00:00-04:00,0.0,125.86139242989677,103.65055847167969,103.65055847167969,144,0.0,0.0
1983-10-17 00:00:00-04:00,0.0,133.26500129699707,118.45777893066406,118.45777893066406,120,0.0,0.0
1983-10-18 00:00:00-04:00,0.0,125.86139011383057,118.45777893066406,118.45777893066406,39,0.0,0.0
1983-10-19 00:00:00-04:00,0.0,125.86139011383057,118.45777893066406,118.45777893066406,76,0.0,0.0
1983-10-20 00:00:00-04:00,0.0,133.26500129699707,118.45777893066406,118.45777893066406,142,0.0,0.0
1983-10-21 00:00:00-04:00,0.0,133.26500028722427,125.86138916015625,125.86138916015625,167,0.0,0.0
1983-10-24 00:00:00-04:00,0.0,133.26500244140624,111.05416870117188,111.05416870117188,170,0.0,0.0
1983-10-25 00:00:00-04:00,0.0,125.86139119466146,111.05416870117188,111.05416870117188,112,0.0,0.0
1983-10-26 00:00:00-04:00,0.0,125.86139119466146,111.05416870117188,111.05416870117188,159,0.0,0.0
1983-10-27 00:00:00-04:00,0.0,118.45777994791666,111.05416870117188,111.05416870117188,370,0.0,0.0
1983-10-28 00:00:00-04:00,0.0,118.45777994791666,111.05416870117188,111.05416870117188,226,0.0,0.0
1983-10-31 00:00:00-05:00,0.0,118.45777994791666,111.05416870117188,111.05416870117188,95,0.0,0.0
1983-11-01 00:00:00-05:00,0.0,133.26500028722427,125.86138916015625,125.86138916015625,445,0.0,0.0
1983-11-02 00:00:00-05:00,0.0,133.26500028722427,125.86138916015625,125.86138916015625,233,0.0,0.0
1983-11-03 00:00:00-05:00,0.0,140.6686114142923,125.86138916015625,125.86138916015625,247,0.0,0.0
1983-11-04 00:00:00-05:00,0.0,140.6686114142923,125.86138916015625,125.86138916015625,141,0.0,0.0
1983-11-07 00:00:00-05:00,0.0,140.6686114142923,125.86138916015625,125.86138916015625,67,0.0,0.0
1983-11-08 00:00:00-05:00,0.0,133.26500129699707,118.45777893066406,118.45777893066406,123,0.0,0.0
1983-11-09 00:00:00-05:00,0.0,125.86139119466146,111.05416870117188,111.05416870117188,92,0.0,0.0
1983-11-10 00:00:00-05:00,0.0,118.45778111049107,103.65055847167969,103.65055847167969,208,0.0,0.0
1983-11-11 00:00:00-05:00,0.0,133.26500129699707,118.45777893066406,118.45777893066406,212,0.0,0.0
1983-11-14 00:00:00-05:00,0.0,148.07222065172698,140.66860961914062,140.66860961914062,244,0.0,0.0
1983-11-15 00:00:00-05:00,0.0,148.07222065172698,140.66860961914062,140.66860961914062,109,0.0,0.0
1983-11-16 00:00:00-05:00,0.0,148.0722215440538,133.26499938964844,133.26499938964844,359,0.0,0.0
1983-11-17 00:00:00-05:00,0.0,140.66861046685113,133.26499938964844,133.26499938964844,100,0.0,0.0
1983-11-18 00:00:00-05:00,0.0,140.66861046685113,133.26499938964844,133.26499938964844,124,0.0,0.0
1983-11-21 00:00:00-05:00,0.0,140.66861046685113,133.26499938964844,133.26499938964844,48,0.0,0.0
1983-11-22 00:00:00-05:00,0.0,148.07222065172698,140.66860961914062,140.66860961914062,400,0.0,0.0
1983-11-23 00:00:00-05:00,0.0,148.0722215440538,133.26499938964844,133.26499938964844,21,0.0,0.0
1983-11-25 00:00:00-05:00,133.26499938964844,133.26499938964844,133.26499938964844,133.26499938964844,0,0.0,0.0
1983-11-28 00:00:00-05:00,0.0,148.0722215440538,133.26499938964844,133.26499938964844,67,0.0,0.0
1983-11-29 00:00:00-05:00,0.0,140.6686114142923,125.86138916015625,125.86138916015625,121,0.0,0.0
1983-11-30 00:00:00-05:00,0.0,133.26500028722427,125.86138916015625,125.86138916015625,183,0.0,0.0
1983-12-01 00:00:00-05:00,0.0,140.6686114142923,125.86138916015625,125.86138916015625,283,0.0,0.0
1983-12-02 00:00:00-05:00,0.0,140.6686114142923,125.86138916015625,125.86138916015625,132,0.0,0.0
1983-12-05 00:00:00-05:00,0.0,133.26500028722427,125.86138916015625,125.86138916015625,239,0.0,0.0
1983-12-06 00:00:00-05:00,0.0,133.26500028722427,125.86138916015625,125.86138916015625,198,0.0,0.0
1983-12-07 00:00:00-05:00,0.0,133.26500028722427,125.86138916015625,125.86138916015625,83,0.0,0.0
1983-12-08 00:00:00-05:00,0.0,125.86139119466146,111.05416870117188,111.05416870117188,300,0.0,0.0
1983-12-09 00:00:00-05:00,0.0,125.86139119466146,111.05416870117188,111.05416870117188,9,0.0,0.0
1983-12-12 00:00:00-05:00,0.0,125.86139011383057,118.45777893066406,118.45777893066406,117,0.0,0.0
1983-12-13 00:00:00-05:00,0.0,125.86139011383057,118.45777893066406,118.45777893066406,74,0.0,0.0
1983-12-14 00:00:00-05:00,0.0,125.86139011383057,118.45777893066406,118.45777893066406,141,0.0,0.0
1983-12-15 00:00:00-05:00,0.0,125.86139119466146,111.05416870117188,111.05416870117188,133,0.0,0.0
1983-12-16 00:00:00-05:00,0.0,118.45777994791666,111.05416870117188,111.05416870117188,159,0.0,0.0
1983-12-19 00:00:00-05:00,0.0,118.45777994791666,111.05416870117188,111.05416870117188,58,0.0,0.0
1983-12-20 00:00:00-05:00,0.0,111.05417104867789,96.2469482421875,96.2469482421875,85,0.0,0.0
1983-12-21 00:00:00-05:00,0.0,103.6505596454327,96.2469482421875,96.2469482421875,473,0.0,0.0
1983-12-22 00:00:00-05:00,0.0,111.05416979108537,103.65055847167969,103.65055847167969,614,0.0,0.0
1983-12-23 00:00:00-05:00,0.0,111.05416979108537,103.65055847167969,103.65055847167969,111,0.0,0.0
1983-12-27 00:00:00-05:00,0.0,103.65055211385092,88.84333038330078,88.84333038330078,98,0.0,0.0
1983-12-28 00:00:00-05:00,0.0,103.65055211385092,88.84333038330078,88.84333038330078,194,0.0,0.0
1983-12-29 00:00:00-05:00,0.0,96.24694124857585,88.84333038330078,88.84333038330078,344,0.0,0.0
1983-12-30 00:00:00-05:00,0.0,111.05416979108537,103.65055847167969,103.65055847167969,947,0.0,0.0
1984-01-03 00:00:00-05:00,0.0,111.05417104867789,96.2469482421875,96.2469482421875,244,0.0,0.0
1984-01-04 00:00:00-05:00,0.0,111.05416979108537,103.65055847167969,103.65055847167969,109,0.0,0.0
1984-01-05 00:00:00-05:00,0.0,111.05416979108537,103.65055847167969,103.65055847167969,183,0.0,0.0
1984-01-06 00:00:00-05:00,0.0,133.26500129699707,118.45777893066406,118.45777893066406,412,0.0,0.0
1984-01-09 00:00:00-05:00,0.0,125.86139119466146,111.05416870117188,111.05416870117188,268,0.0,0.0
1984-01-10 00:00:00-05:00,0.0,118.45778111049107,103.65055847167969,103.65055847167969,74,0.0,0.0
1984-01-11 00:00:00-05:00,0.0,118.45778111049107,103.65055847167969,103.65055847167969,83,0.0,0.0
1984-01-12 00:00:00-05:00,0.0,118.45778111049107,103.65055847167969,103.65055847167969,42,0.0,0.0
1984-01-13 00:00:00-05:00,0.0,118.45777994791666,111.05416870117188,111.05416870117188,114,0.0,0.0
1984-01-16 00:00:00-05:00,0.0,118.45777994791666,111.05416870117188,111.05416870117188,73,0.0,0.0
1984-01-17 00:00:00-05:00,0.0,118.45777994791666,111.05416870117188,111.05416870117188,5,0.0,0.0
1984-01-18 00:00:00-05:00,0.0,118.45777994791666,111.05416870117188,111.05416870117188,88,0.0,0.0
1984-01-19 00:00:00-05:00,0.0,118.45777994791666,111.05416870117188,111.05416870117188,26,0.0,0.0
1984-01-20 00:00:00-05:00,0.0,118.45778111049107,103.65055847167969,103.65055847167969,167,0.0,0.0
1984-01-23 00:00:00-05:00,0.0,118.45778111049107,103.65055847167969,103.65055847167969,2,0.0,0.0
1984-01-24 00:00:00-05:00,0.0,118.45778111049107,103.65055847167969,103.65055847167969,55,0.0,0.0
1984-01-25 00:00:00-05:00,0.0,96.24694124857585,88.84333038330078,88.84333038330078,77,0.0,0.0
1984-01-26 00:00:00-05:00,0.0,103.65055211385092,88.84333038330078,88.84333038330078,59,0.0,0.0
1984-01-27 00:00:00-05:00,0.0,96.24694199995561,81.4397201538086,81.4397201538086,447,0.0,0.0
1984-01-30 00:00:00-05:00,0.0,96.24694199995561,81.4397201538086,81.4397201538086,45,0.0,0.0
1984-01-31 00:00:00-05:00,0.0,96.24694199995561,81.4397201538086,81.4397201538086,53,0.0,0.0
1984-02-01 00:00:00-05:00,0.0,96.24694199995561,81.4397201538086,81.4397201538086,24,0.0,0.0
1984-02-02 00:00:00-05:00,0.0,96.24694199995561,81.4397201538086,81.4397201538086,121,0.0,0.0
1984-02-03 00:00:00-05:00,0.0,88.84333190917968,74.0361099243164,74.0361099243164,126,0.0,0.0
1984-02-06 00:00:00-05:00,0.0,81.4397218492296,66.63249969482422,66.63249969482422,176,0.0,0.0
1984-02-07 00:00:00-05:00,0.0,74.03611183166504,59.22888946533203,59.22888946533203,286,0.0,0.0
1984-02-08 00:00:00-05:00,0.0,81.43972091674804,74.0361099243164,74.0361099243164,508,0.0,0.0
1984-02-09 00:00:00-05:00,0.0,96.24694199995561,81.4397201538086,81.4397201538086,892,0.0,0.0
1984-02-10 00:00:00-05:00,0.0,96.24694199995561,81.4397201538086,81.4397201538086,83,0.0,0.0
1984-02-13 00:00:00-05:00,0.0,96.24694199995561,81.4397201538086,81.4397201538086,106,0.0,0.0
1984-02-14 00:00:00-05:00,0.0,96.24694199995561,81.4397201538086,81.4397201538086,48,0.0,0.0
1984-02-15 00:00:00-05:00,0.0,103.6505596454327,96.2469482421875,96.2469482421875,265,0.0,0.0
1984-02-16 00:00:00-05:00,0.0,118.45778245192308,96.2469482421875,96.2469482421875,1174,0.0,0.0
1984-02-17 00:00:00-05:00,0.0,118.45778111049107,103.65055847167969,103.65055847167969,148,0.0,0.0
1984-02-21 00:00:00-05:00,0.0,111.05417104867789,96.2469482421875,96.2469482421875,70,0.0,0.0
1984-02-22 00:00:00-05:00,0.0,118.45778111049107,103.65055847167969,103.65055847167969,83,0.0,0.0
1984-02-23 00:00:00-05:00,0.0,118.45778111049107,103.65055847167969,103.65055847167969,211,0.0,0.0
1984-02-24 00:00:00-05:00,0.0,118.45778111049107,103.65055847167969,103.65055847167969,129,0.0,0.0
1984-02-27 00:00:00-05:00,0.0,118.45778111049107,103.65055847167969,103.65055847167969,153,0.0,0.0
1984-02-28 00:00:00-05:00,0.0,118.45778111049107,103.65055847167969,103.65055847167969,161,0.0,0.0
1984-02-29 00:00:00-05:00,0.0,118.45778245192308,96.2469482421875,96.2469482421875,38,0.0,0.0
1984-03-01 00:00:00-05:00,0.0,118.45778111049107,103.65055847167969,103.65055847167969,191,0.0,0.0
1984-03-02 00:00:00-05:00,0.0,118.45778111049107,103.65055847167969,103.65055847167969,121,0.0,0.0
1984-03-05 00:00:00-05:00,0.0,118.45778111049107,103.65055847167969,103.65055847167969,15,0.0,0.0
1984-03-06 00:00:00-05:00,0.0,118.45778111049107,103.65055847167969,103.65055847167969,53,0.0,0.0
1984-03-07 00:00:00-05:00,0.0,125.86139011383057,118.45777893066406,118.45777893066406,415,0.0,0.0
1984-03-08 00:00:00-05:00,0.0,133.26500129699707,118.45777893066406,118.45777893066406,297,0.0,0.0
1984-03-09 00:00:00-05:00,0.0,125.86139242989677,103.65055847167969,103.65055847167969,108,0.0,0.0
1984-03-12 00:00:00-05:00,0.0,125.86139242989677,103.65055847167969,103.65055847167969,21,0.0,0.0
1984-03-13 00:00:00-05:00,0.0,125.86139242989677,103.65055847167969,103.65055847167969,89,0.0,0.0
1984-03-14 00:00:00-05:00,0.0,111.05416979108537,103.65055847167969,103.65055847167969,386,0.0,0.0
1984-03-15 00:00:00-05:00,0.0,111.05416979108537,103.65055847167969,103.65055847167969,365,0.0,0.0
1984-03-16 00:00:00-05:00,0.0,103.65055211385092,88.84333038330078,88.84333038330078,197,0.0,0.0
1984-03-19 00:00:00-05:00,0.0,103.65055211385092,88.84333038330078,88.84333038330078,23,0.0,0.0
1984-03-20 00:00:00-05:00,0.0,103.65055211385092,88.84333038330078,88.84333038330078,68,0.0,0.0
1984-03-21 00:00:00-05:00,0.0,103.65055211385092,88.84333038330078,88.84333038330078,24,0.0,0.0
1984-03-22 00:00:00-05:00,0.0,103.65055211385092,88.84333038330078,88.84333038330078,23,0.0,0.0
1984-03-23 00:00:00-05:00,0.0,103.65055211385092,88.84333038330078,88.84333038330078,24,0.0,0.0
1984-03-26 00:00:00-05:00,0.0,103.65055211385092,88.84333038330078,88.84333038330078,100,0.0,0.0
1984-03-27 00:00:00-05:00,0.0,96.24694124857585,88.84333038330078,88.84333038330078,53,0.0,0.0
1984-03-28 00:00:00-05:00,0.0,96.24694124857585,88.84333038330078,88.84333038330078,85,0.0,0.0
1984-03-29 00:00:00-05:00,0.0,96.24694124857585,88.84333038330078,88.84333038330078,15,0.0,0.0
1984-03-30 00:00:00-05:00,0.0,96.24694124857585,88.84333038330078,88.84333038330078,162,0.0,0.0
1984-04-02 00:00:00-05:00,0.0,96.24694124857585,88.84333038330078,88.84333038330078,23,0.0,0.0
1984-04-03 00:00:00-05:00,88.84333038330078,88.84333038330078,88.84333038330078,88.84333038330078,0,0.0,0.0
1984-04-04 00:00:00-05:00,0.0,96.24694124857585,88.84333038330078,88.84333038330078,17,0.0,0.0
1984-04-05 00:00:00-05:00,0.0,96.24694124857585,88.84333038330078,88.84333038330078,18,0.0,0.0
1984-04-06 00:00:00-05:00,0.0,96.24694124857585,88.84333038330078,88.84333038330078,9,0.0,0.0
1984-04-09 00:00:00-05:00,0.0,96.24694124857585,88.84333038330078,88.84333038330078,35,0.0,0.0
1984-04-10 00:00:00-05:00,0.0,96.24694124857585,88.84333038330078,88.84333038330078,33,0.0,0.0
1984-04-11 00:00:00-05:00,0.0,96.24694124857585,88.84333038330078,88.84333038330078,18,0.0,0.0
1984-04-12 00:00:00-05:00,0.0,96.24694124857585,88.84333038330078,88.84333038330078,18,0.0,0.0
1984-04-13 00:00:00-05:00,0.0,88.84333190917968,74.0361099243164,74.0361099243164,264,0.0,0.0
1984-04-16 00:00:00-05:00,0.0,81.4397218492296,66.63249969482422,66.63249969482422,164,0.0,0.0
1984-04-17 00:00:00-05:00,0.0,96.24694199995561,81.4397201538086,81.4397201538086,288,0.0,0.0
1984-04-18 00:00:00-05:00,0.0,96.24694199995561,81.4397201538086,81.4397201538086,35,0.0,0.0
1984-04-19 00:00:00-05:00,0.0,96.24694124857585,88.84333038330078,88.84333038330078,245,0.0,0.0
1984-04-23 00:00:00-05:00,0.0,103.6505596454327,96.2469482421875,96.2469482421875,130,0.0,0.0
1984-04-24 00:00:00-05:00,0.0,111.05417104867789,96.2469482421875,96.2469482421875,30,0.0,0.0
1984-04-25 00:00:00-05:00,0.0,111.05417104867789,96.2469482421875,96.2469482421875,64,0.0,0.0
1984-04-26 00:00:00-05:00,0.0,111.05417104867789,96.2469482421875,96.2469482421875,74,0.0,0.0
1984-04-27 00:00:00-05:00,0.0,111.05417104867789,96.2469482421875,96.2469482421875,26,0.0,0.0
1984-04-30 00:00:00-04:00,0.0,125.86139119466146,111.05416870117188,111.05416870117188,348,0.0,0.0
1984-05-01 00:00:00-04:00,0.0,125.86139119466146,111.05416870117188,111.05416870117188,98,0.0,0.0
1984-05-02 00:00:00-04:00,0.0,125.86139119466146,111.05416870117188,111.05416870117188,114,0.0,0.0
1984-05-03 00:00:00-04:00,0.0,125.86139119466146,111.05416870117188,111.05416870117188,98,0.0,0.0
1984-05-04 00:00:00-04:00,0.0,125.86139119466146,111.05416870117188,111.05416870117188,98,0.0,0.0
1984-05-07 00:00:00-04:00,0.0,125.86139119466146,111.05416870117188,111.05416870117188,15,0.0,0.0
1984-05-08 00:00:00-04:00,0.0,125.86139119466146,111.05416870117188,111.05416870117188,53,0.0,0.0
1984-05-09 00:00:00-04:00,0.0,125.86139119466146,111.05416870117188,111.05416870117188,24,0.0,0.0
1984-05-10 00:00:00-04:00,0.0,111.05416979108537,103.65055847167969,103.65055847167969,286,0.0,0.0
1984-05-11 00:00:00-04:00,0.0,111.05417104867789,96.2469482421875,96.2469482421875,380,0.0,0.0
1984-05-14 00:00:00-04:00,0.0,103.6505596454327,96.2469482421875,96.2469482421875,6,0.0,0.0
1984-05-15 00:00:00-04:00,0.0,103.6505596454327,96.2469482421875,96.2469482421875,192,0.0,0.0
1984-05-16 00:00:00-04:00,0.0,103.6505596454327,96.2469482421875,96.2469482421875,15,0.0,0.0
1984-05-17 00:00:00-04:00,0.0,103.6505596454327,96.2469482421875,96.2469482421875,71,0.0,0.0
1984-05-18 00:00:00-04:00,0.0,103.6505596454327,96.2469482421875,96.2469482421875,156,0.0,0.0
1984-05-21 00:00:00-04:00,0.0,88.8433310768821,81.4397201538086,81.4397201538086,471,0.0,0.0
1984-05-22 00:00:00-04:00,0.0,88.8433310768821,81.4397201538086,81.4397201538086,468,0.0,0.0
1984-05-23 00:00:00-04:00,0.0,88.8433310768821,81.4397201538086,81.4397201538086,27,0.0,0.0
1984-05-24 00:00:00-04:00,0.0,88.8433310768821,81.4397201538086,81.4397201538086,56,0.0,0.0
1984-05-25 00:00:00-04:00,0.0,88.8433310768821,81.4397201538086,81.4397201538086,79,0.0,0.0
1984-05-29 00:00:00-04:00,0.0,88.8433310768821,81.4397201538086,81.4397201538086,26,0.0,0.0
1984-05-30 00:00:00-04:00,0.0,88.8433310768821,81.4397201538086,81.4397201538086,86,0.0,0.0
1984-05-31 00:00:00-04:00,0.0,88.8433310768821,81.4397201538086,81.4397201538086,42,0.0,0.0
1984-06-01 00:00:00-04:00,0.0,88.8433310768821,81.4397201538086,81.4397201538086,67,0.0,0.0
1984-06-04 00:00:00-04:00,0.0,88.8433310768821,81.4397201538086,81.4397201538086,76,0.0,0.0
1984-06-05 00:00:00-04:00,0.0,88.8433310768821,81.4397201538086,81.4397201538086,8,0.0,0.0
1984-06-06 00:00:00-04:00,0.0,88.8433310768821,81.4397201538086,81.4397201538086,62,0.0,0.0
1984-06-07 00:00:00-04:00,0.0,88.8433310768821,81.4397201538086,81.4397201538086,18,0.0,0.0
1984-06-08 00:00:00-04:00,0.0,88.8433310768821,81.4397201538086,81.4397201538086,3,0.0,0.0
1984-06-11 00:00:00-04:00,0.0,88.84333190917968,74.0361099243164,74.0361099243164,98,0.0,0.0
1984-06-12 00:00:00-04:00,0.0,88.84333190917968,74.0361099243164,74.0361099243164,192,0.0,0.0
1984-06-13 00:00:00-04:00,0.0,81.4397218492296,66.63249969482422,66.63249969482422,26,0.0,0.0
1984-06-14 00:00:00-04:00,0.0,81.4397218492296,66.63249969482422,66.63249969482422,9,0.0,0.0
1984-06-15 00:00:00-04:00,0.0,81.43972091674804,74.0361099243164,74.0361099243164,52,0.0,0.0
1984-06-18 00:00:00-04:00,0.0,81.43972091674804,74.0361099243164,74.0361099243164,48,0.0,0.0
1984-06-19 00:00:00-04:00,0.0,96.24694199995561,81.4397201538086,81.4397201538086,308,0.0,0.0
1984-06-20 00:00:00-04:00,0.0,96.24694124857585,88.84333038330078,88.84333038330078,105,0.0,0.0
1984-06-21 00:00:00-04:00,0.0,103.6505596454327,96.2469482421875,96.2469482421875,318,0.0,0.0
1984-06-22 00:00:00-04:00,0.0,103.6505596454327,96.2469482421875,96.2469482421875,283,0.0,0.0
1984-06-25 00:00:00-04:00,0.0,103.6505596454327,96.2469482421875,96.2469482421875,48,0.0,0.0
1984-06-26 00:00:00-04:00,0.0,111.05417104867789,96.2469482421875,96.2469482421875,320,0.0,0.0
1984-06-27 00:00:00-04:00,0.0,111.05417104867789,96.2469482421875,96.2469482421875,153,0.0,0.0
1984-06-28 00:00:00-04:00,0.0,111.05417104867789,96.2469482421875,96.2469482421875,36,0.0,0.0
1984-06-29 00:00:00-04:00,0.0,111.05417104867789,96.2469482421875,96.2469482421875,97,0.0,0.0
1984-07-02 00:00:00-04:00,0.0,118.45778111049107,103.65055847167969,103.65055847167969,142,0.0,0.0
1984-07-03 00:00:00-04:00,0.0,118.45778111049107,103.65055847167969,103.65055847167969,455,0.0,0.0
1984-07-05 00:00:00-04:00,103.65055847167969,103.65055847167969,103.65055847167969,103.65055847167969,0,0.0,0.0
1984-07-06 00:00:00-04:00,0.0,111.05417104867789,96.2469482421875,96.2469482421875,15,0.0,0.0
1984-07-09 00:00:00-04:00,0.0,111.05417104867789,96.2469482421875,96.2469482421875,3,0.0,0.0
1984-07-10 00:00:00-04:00,0.0,111.05417104867789,96.2469482421875,96.2469482421875,83,0.0,0.0
1984-07-11 00:00:00-04:00,0.0,111.05417104867789,96.2469482421875,96.2469482421875,47,0.0,0.0
1984-07-12 00:00:00-04:00,0.0,111.05417104867789,96.2469482421875,96.2469482421875,48,0.0,0.0
1984-07-13 00:00:00-04:00,0.0,111.05417104867789,96.2469482421875,96.2469482421875,45,0.0,0.0
1984-07-16 00:00:00-04:00,0.0,103.6505596454327,96.2469482421875,96.2469482421875,11,0.0,0.0
1984-07-17 00:00:00-04:00,0.0,111.05417104867789,96.2469482421875,96.2469482421875,50,0.0,0.0
1984-07-18 00:00:00-04:00,0.0,111.05416979108537,103.65055847167969,103.65055847167969,23,0.0,0.0
1984-07-19 00:00:00-04:00,0.0,111.05416979108537,103.65055847167969,103.65055847167969,30,0.0,0.0
1984-07-20 00:00:00-04:00,0.0,111.05416979108537,103.65055847167969,103.65055847167969,8,0.0,0.0
1984-07-23 00:00:00-04:00,0.0,103.6505596454327,96.2469482421875,96.2469482421875,23,0.0,0.0
1984-07-24 00:00:00-04:00,0.0,103.65055211385092,88.84333038330078,88.84333038330078,121,0.0,0.0
1984-07-25 00:00:00-04:00,0.0,103.65055211385092,88.84333038330078,88.84333038330078,76,0.0,0.0
1984-07-26 00:00:00-04:00,0.0,103.65055211385092,88.84333038330078,88.84333038330078,18,0.0,0.0
1984-07-27 00:00:00-04:00,0.0,103.6505596454327,96.2469482421875,96.2469482421875,88,0.0,0.0
1984-07-30 00:00:00-04:00,0.0,103.6505596454327,96.2469482421875,96.2469482421875,9,0.0,0.0
1984-07-31 00:00:00-04:00,0.0,96.24694124857585,88.84333038330078,88.84333038330078,327,0.0,0.0
1984-08-01 00:00:00-04:00,0.0,96.24694124857585,88.84333038330078,88.84333038330078,23,0.0,0.0
1984-08-02 00:00:00-04:00,0.0,96.24694124857585,88.84333038330078,88.84333038330078,17,0.0,0.0
1984-08-03 00:00:00-04:00,0.0,103.65055211385092,88.84333038330078,88.84333038330078,2,0.0,0.0
1984-08-06 00:00:00-04:00,0.0,103.65055211385092,88.84333038330078,88.84333038330078,8,0.0,0.0
1984-08-07 00:00:00-04:00,0.0,96.24694124857585,88.84333038330078,88.84333038330078,155,0.0,0.0
1984-08-08 00:00:00-04:00,0.0,96.24694199995561,81.4397201538086,81.4397201538086,208,0.0,0.0
1984-08-09 00:00:00-04:00,0.0,96.24694199995561,81.4397201538086,81.4397201538086,76,0.0,0.0
1984-08-10 00:00:00-04:00,0.0,96.24694124857585,88.84333038330078,88.84333038330078,26,0.0,0.0
1984-08-13 00:00:00-04:00,0.0,96.24694124857585,88.84333038330078,88.84333038330078,21,0.0,0.0
1984-08-14 00:00:00-04:00,0.0,96.24694124857585,88.84333038330078,88.84333038330078,82,0.0,0.0
1984-08-15 00:00:00-04:00,0.0,88.84333190917968,74.0361099243164,74.0361099243164,26,0.0,0.0
1984-08-16 00:00:00-04:00,0.0,88.8433310768821,81.4397201538086,81.4397201538086,61,0.0,0.0
1984-08-17 00:00:00-04:00,0.0,88.8433310768821,81.4397201538086,81.4397201538086,15,0.0,0.0
1984-08-20 00:00:00-04:00,0.0,88.84333190917968,74.0361099243164,74.0361099243164,150,0.0,0.0
1984-08-21 00:00:00-04:00,0.0,88.84333190917968,74.0361099243164,74.0361099243164,58,0.0,0.0
1984-08-22 00:00:00-04:00,0.0,88.84333292643228,66.63249969482422,66.63249969482422,177,0.0,0.0
1984-08-23 00:00:00-04:00,0.0,81.4397218492296,66.63249969482422,66.63249969482422,11,0.0,0.0
1984-08-24 00:00:00-04:00,0.0,81.4397218492296,66.63249969482422,66.63249969482422,123,0.0,0.0
1984-08-27 00:00:00-04:00,0.0,81.4397218492296,66.63249969482422,66.63249969482422,30,0.0,0.0
1984-08-28 00:00:00-04:00,0.0,81.4397218492296,66.63249969482422,66.63249969482422,15,0.0,0.0
1984-08-29 00:00:00-04:00,0.0,81.4397218492296,66.63249969482422,66.63249969482422,3,0.0,0.0
1984-08-30 00:00:00-04:00,0.0,81.4397218492296,66.63249969482422,66.63249969482422,62,0.0,0.0
1984-08-31 00:00:00-04:00,66.63249969482422,66.63249969482422,66.63249969482422,66.63249969482422,0,0.0,0.0
1984-09-04 00:00:00-04:00,0.0,81.43972091674804,74.0361099243164,74.0361099243164,109,0.0,0.0
1984-09-05 00:00:00-04:00,0.0,81.4397218492296,66.63249969482422,66.63249969482422,127,0.0,0.0
1984-09-06 00:00:00-04:00,0.0,81.4397218492296,66.63249969482422,66.63249969482422,2,0.0,0.0
1984-09-07 00:00:00-04:00,0.0,81.43972091674804,74.0361099243164,74.0361099243164,138,0.0,0.0
1984-09-10 00:00:00-04:00,0.0,81.43972091674804,74.0361099243164,74.0361099243164,91,0.0,0.0
1984-09-11 00:00:00-04:00,0.0,88.84333190917968,74.0361099243164,74.0361099243164,53,0.0,0.0
1984-09-12 00:00:00-04:00,0.0,88.84333190917968,74.0361099243164,74.0361099243164,3,0.0,0.0
1984-09-13 00:00:00-04:00,0.0,88.84333190917968,74.0361099243164,74.0361099243164,132,0.0,0.0
1984-09-14 00:00:00-04:00,0.0,88.84333190917968,74.0361099243164,74.0361099243164,36,0.0,0.0
1984-09-17 00:00:00-04:00,0.0,88.84333190917968,74.0361099243164,74.0361099243164,12,0.0,0.0
1984-09-18 00:00:00-04:00,0.0,88.84333292643228,66.63249969482422,66.63249969482422,121,0.0,0.0
1984-09-19 00:00:00-04:00,0.0,81.4397218492296,66.63249969482422,66.63249969482422,23,0.0,0.0
1984-09-20 00:00:00-04:00,0.0,81.4397218492296,66.63249969482422,66.63249969482422,12,0.0,0.0
1984-09-21 00:00:00-04:00,0.0,74.03611183166504,59.22888946533203,59.22888946533203,380,0.0,0.0
1984-09-24 00:00:00-04:00,0.0,74.03611183166504,59.22888946533203,59.22888946533203,11,0.0,0.0
1984-09-25 00:00:00-04:00,0.0,66.63249778747559,44.42166519165039,44.42166519165039,232,0.0,0.0
1984-09-26 00:00:00-04:00,0.0,66.63250262920673,48.12347412109375,48.12347412109375,18,0.0,0.0
1984-09-27 00:00:00-04:00,0.0,59.22889122596154,48.12347412109375,48.12347412109375,144,0.0,0.0
1984-09-28 00:00:00-04:00,0.0,59.228890555245535,51.825279235839844,51.825279235839844,61,0.0,0.0
1984-10-01 00:00:00-04:00,0.0,59.22889122596154,48.12347412109375,48.12347412109375,109,0.0,0.0
1984-10-02 00:00:00-04:00,0.0,59.22889122596154,48.12347412109375,48.12347412109375,15,0.0,0.0
1984-10-03 00:00:00-04:00,0.0,59.22889122596154,48.12347412109375,48.12347412109375,30,0.0,0.0
1984-10-04 00:00:00-04:00,0.0,59.22889122596154,48.12347412109375,48.12347412109375,38,0.0,0.0
1984-10-05 00:00:00-04:00,48.12347412109375,48.12347412109375,48.12347412109375,48.12347412109375,0,0.0,0.0
1984-10-08 00:00:00-04:00,0.0,66.63250187465123,51.825279235839844,51.825279235839844,50,0.0,0.0
1984-10-09 00:00:00-04:00,0.0,66.63250064849854,59.22888946533203,59.22888946533203,38,0.0,0.0
1984-10-10 00:00:00-04:00,0.0,74.03611183166504,59.22888946533203,59.22888946533203,106,0.0,0.0
1984-10-11 00:00:00-04:00,0.0,77.73791631062825,66.63249969482422,66.63249969482422,77,0.0,0.0
1984-10-12 00:00:00-04:00,0.0,77.73791631062825,66.63249969482422,66.63249969482422,3,0.0,0.0
1984-10-15 00:00:00-04:00,0.0,77.73791631062825,66.63249969482422,66.63249969482422,70,0.0,0.0
1984-10-16 00:00:00-04:00,0.0,66.63250064849854,59.22888946533203,59.22888946533203,227,0.0,0.0
1984-10-17 00:00:00-04:00,0.0,74.03611183166504,59.22888946533203,59.22888946533203,27,0.0,0.0
1984-10-18 00:00:00-04:00,0.0,66.63250064849854,59.22888946533203,59.22888946533203,305,0.0,0.0
1984-10-19 00:00:00-04:00,0.0,66.63250064849854,59.22888946533203,59.22888946533203,48,0.0,0.0
1984-10-22 00:00:00-04:00,0.0,66.63250064849854,59.22888946533203,59.22888946533203,142,0.0,0.0
1984-10-23 00:00:00-04:00,0.0,59.228890555245535,51.825279235839844,51.825279235839844,39,0.0,0.0
1984-10-24 00:00:00-04:00,0.0,59.228890555245535,51.825279235839844,51.825279235839844,27,0.0,0.0
1984-10-25 00:00:00-04:00,0.0,59.228890555245535,51.825279235839844,51.825279235839844,20,0.0,0.0
1984-10-26 00:00:00-04:00,0.0,66.63250187465123,51.825279235839844,51.825279235839844,164,0.0,0.0
1984-10-29 00:00:00-05:00,51.825279235839844,51.825279235839844,51.825279235839844,51.825279235839844,0,0.0,0.0
1984-10-30 00:00:00-05:00,0.0,66.63250187465123,51.825279235839844,51.825279235839844,3,0.0,0.0
1984-10-31 00:00:00-05:00,0.0,66.63250187465123,51.825279235839844,51.825279235839844,21,0.0,0.0
1984-11-01 00:00:00-05:00,0.0,66.63250187465123,51.825279235839844,51.825279235839844,6,0.0,0.0
1984-11-02 00:00:00-05:00,0.0,66.63250187465123,51.825279235839844,51.825279235839844,8,0.0,0.0
1984-11-05 00:00:00-05:00,0.0,66.63250187465123,51.825279235839844,51.825279235839844,38,0.0,0.0
1984-11-06 00:00:00-05:00,0.0,66.63250187465123,51.825279235839844,51.825279235839844,76,0.0,0.0
1984-11-07 00:00:00-05:00,0.0,66.63250187465123,51.825279235839844,51.825279235839844,112,0.0,0.0
1984-11-08 00:00:00-05:00,0.0,59.228890555245535,51.825279235839844,51.825279235839844,192,0.0,0.0
1984-11-09 00:00:00-05:00,0.0,59.228890555245535,51.825279235839844,51.825279235839844,282,0.0,0.0
1984-11-12 00:00:00-05:00,0.0,59.228890555245535,51.825279235839844,51.825279235839844,9,0.0,0.0
1984-11-13 00:00:00-05:00,0.0,59.228890555245535,51.825279235839844,51.825279235839844,18,0.0,0.0
1984-11-14 00:00:00-05:00,0.0,59.228890555245535,51.825279235839844,51.825279235839844,45,0.0,0.0
1984-11-15 00:00:00-05:00,0.0,59.22888692220052,44.42166519165039,44.42166519165039,48,0.0,0.0
1984-11-16 00:00:00-05:00,0.0,59.22888692220052,44.42166519165039,44.42166519165039,5,0.0,0.0
1984-11-19 00:00:00-05:00,0.0,66.63250187465123,51.825279235839844,51.825279235839844,267,0.0,0.0
1984-11-20 00:00:00-05:00,0.0,66.63250187465123,51.825279235839844,51.825279235839844,174,0.0,0.0
1984-11-21 00:00:00-05:00,0.0,59.22888692220052,44.42166519165039,44.42166519165039,23,0.0,0.0
1984-11-23 00:00:00-05:00,0.0,59.22888692220052,44.42166519165039,44.42166519165039,76,0.0,0.0
1984-11-26 00:00:00-05:00,0.0,59.22888692220052,44.42166519165039,44.42166519165039,85,0.0,0.0
1984-11-27 00:00:00-05:00,0.0,59.22888692220052,44.42166519165039,44.42166519165039,45,0.0,0.0
1984-11-28 00:00:00-05:00,0.0,66.63250187465123,51.825279235839844,51.825279235839844,511,0.0,0.0
1984-11-29 00:00:00-05:00,0.0,74.03611183166504,59.22888946533203,59.22888946533203,468,0.0,0.0
1984-11-30 00:00:00-05:00,0.0,74.0361107720269,66.63249969482422,66.63249969482422,152,0.0,0.0
1984-12-03 00:00:00-05:00,0.0,81.4397218492296,66.63249969482422,66.63249969482422,208,0.0,0.0
1984-12-04 00:00:00-05:00,66.63249969482422,66.63249969482422,66.63249969482422,66.63249969482422,0,0.0,0.0
1984-12-05 00:00:00-05:00,0.0,81.4397218492296,66.63249969482422,66.63249969482422,15,0.0,0.0
1984-12-06 00:00:00-05:00,0.0,81.4397218492296,66.63249969482422,66.63249969482422,58,0.0,0.0
1984-12-07 00:00:00-05:00,0.0,81.4397218492296,66.63249969482422,66.63249969482422,15,0.0,0.0
1984-12-10 00:00:00-05:00,66.63249969482422,66.63249969482422,66.63249969482422,66.63249969482422,0,0.0,0.0
1984-12-11 00:00:00-05:00,0.0,81.43972301483154,59.22888946533203,59.22888946533203,15,0.0,0.0
1984-12-12 00:00:00-05:00,0.0,74.03611183166504,59.22888946533203,59.22888946533203,39,0.0,0.0
1984-12-13 00:00:00-05:00,0.0,66.63250187465123,51.825279235839844,51.825279235839844,95,0.0,0.0
1984-12-14 00:00:00-05:00,0.0,59.22888692220052,44.42166519165039,44.42166519165039,45,0.0,0.0
1984-12-17 00:00:00-05:00,0.0,59.22888692220052,44.42166519165039,44.42166519165039,17,0.0,0.0
1984-12-18 00:00:00-05:00,0.0,59.22888692220052,44.42166519165039,44.42166519165039,6,0.0,0.0
1984-12-19 00:00:00-05:00,0.0,59.22888692220052,44.42166519165039,44.42166519165039,65,0.0,0.0
1984-12-20 00:00:00-05:00,0.0,59.22888692220052,44.42166519165039,44.42166519165039,156,0.0,0.0
1984-12-21 00:00:00-05:00,0.0,59.22888692220052,44.42166519165039,44.42166519165039,85,0.0,0.0
1984-12-24 00:00:00-05:00,0.0,59.22888692220052,44.42166519165039,44.42166519165039,105,0.0,0.0
1984-12-26 00:00:00-05:00,0.0,59.22888692220052,44.42166519165039,44.42166519165039,24,0.0,0.0
1984-12-27 00:00:00-05:00,0.0,51.82527605692546,44.42166519165039,44.42166519165039,271,0.0,0.0
1984-12-28 00:00:00-05:00,0.0,51.82527605692546,44.42166519165039,44.42166519165039,477,0.0,0.0
1984-12-31 00:00:00-05:00,0.0,66.63250064849854,59.22888946533203,59.22888946533203,141,0.0,0.0
1985-01-02 00:00:00-05:00,0.0,66.63250064849854,59.22888946533203,59.22888946533203,115,0.0,0.0
1985-01-03 00:00:00-05:00,0.0,74.03611183166504,59.22888946533203,59.22888946533203,182,0.0,0.0
1985-01-04 00:00:00-05:00,0.0,74.03611183166504,59.22888946533203,59.22888946533203,48,0.0,0.0
1985-01-07 00:00:00-05:00,0.0,74.03611183166504,59.22888946533203,59.22888946533203,162,0.0,0.0
1985-01-08 00:00:00-05:00,0.0,74.03611183166504,59.22888946533203,59.22888946533203,156,0.0,0.0
1985-01-09 00:00:00-05:00,0.0,59.22888738458807,40.7198600769043,40.7198600769043,409,0.0,0.0
1985-01-10 00:00:00-05:00,0.0,59.22888738458807,40.7198600769043,40.7198600769043,195,0.0,0.0
1985-01-11 00:00:00-05:00,0.0,51.82527646151456,40.7198600769043,40.7198600769043,247,0.0,0.0
1985-01-14 00:00:00-05:00,0.0,51.82527646151456,40.7198600769043,40.7198600769043,30,0.0,0.0
1985-01-15 00:00:00-05:00,0.0,51.82527646151456,40.7198600769043,40.7198600769043,77,0.0,0.0
1985-01-16 00:00:00-05:00,0.0,51.82527605692546,44.42166519165039,44.42166519165039,23,0.0,0.0
1985-01-17 00:00:00-05:00,0.0,51.82527605692546,44.42166519165039,44.42166519165039,27,0.0,0.0
1985-01-18 00:00:00-05:00,0.0,51.82527605692546,44.42166519165039,44.42166519165039,2,0.0,0.0
1985-01-21 00:00:00-05:00,44.42166519165039,44.42166519165039,44.42166519165039,44.42166519165039,0,0.0,0.0
1985-01-22 00:00:00-05:00,44.42166519165039,44.42166519165039,44.42166519165039,44.42166519165039,0,0.0,0.0
1985-01-23 00:00:00-05:00,0.0,44.42166595458984,37.0180549621582,37.0180549621582,545,0.0,0.0
1985-01-24 00:00:00-05:00,0.0,44.42166595458984,37.0180549621582,37.0180549621582,817,0.0,0.0
1985-01-25 00:00:00-05:00,0.0,44.42166595458984,37.0180549621582,37.0180549621582,186,0.0,0.0
1985-01-28 00:00:00-05:00,37.0180549621582,37.0180549621582,37.0180549621582,37.0180549621582,0,0.0,0.0
1985-01-29 00:00:00-05:00,0.0,55.52708192305131,40.7198600769043,40.7198600769043,285,0.0,0.0
1985-01-30 00:00:00-05:00,0.0,66.63249778747559,44.42166519165039,44.42166519165039,318,0.0,0.0
1985-01-31 00:00:00-05:00,0.0,66.63250122070312,55.52708435058594,55.52708435058594,48,0.0,0.0
1985-02-01 00:00:00-05:00,0.0,66.63250187465123,51.825279235839844,51.825279235839844,136,0.0,0.0
1985-02-04 00:00:00-05:00,0.0,66.63250187465123,51.825279235839844,51.825279235839844,8,0.0,0.0
1985-02-05 00:00:00-05:00,0.0,59.22888692220052,44.42166519165039,44.42166519165039,6,0.0,0.0
1985-02-06 00:00:00-05:00,0.0,59.22888692220052,44.42166519165039,44.42166519165039,0,0.0,0.0
1985-02-07 00:00:00-05:00,44.42166519165039,44.42166519165039,44.42166519165039,44.42166519165039,0,0.0,0.0
1985-02-08 00:00:00-05:00,0.0,59.22888692220052,44.42166519165039,44.42166519165039,121,0.0,0.0
1985-02-11 00:00:00-05:00,0.0,59.22888692220052,44.42166519165039,44.42166519165039,32,0.0,0.0
1985-02-12 00:00:00-05:00,44.42166519165039,44.42166519165039,44.42166519165039,44.42166519165039,0,0.0,0.0
1985-02-13 00:00:00-05:00,0.0,59.22889122596154,48.12347412109375,48.12347412109375,8,0.0,0.0
1985-02-14 00:00:00-05:00,0.0,66.63250064849854,59.22888946533203,59.22888946533203,182,0.0,0.0
1985-02-15 00:00:00-05:00,0.0,66.63250064849854,59.22888946533203,59.22888946533203,108,0.0,0.0
1985-02-19 00:00:00-05:00,0.0,66.63250064849854,59.22888946533203,59.22888946533203,30,0.0,0.0
1985-02-20 00:00:00-05:00,0.0,66.63250122070312,55.52708435058594,55.52708435058594,53,0.0,0.0
1985-02-21 00:00:00-05:00,0.0,66.63250122070312,55.52708435058594,55.52708435058594,97,0.0,0.0
1985-02-22 00:00:00-05:00,55.52708435058594,55.52708435058594,55.52708435058594,55.52708435058594,0,0.0,0.0
1985-02-25 00:00:00-05:00,0.0,59.22888692220052,44.42166519165039,44.42166519165039,76,0.0,0.0
1985-02-26 00:00:00-05:00,44.42166519165039,44.42166519165039,44.42166519165039,44.42166519165039,0,0.0,0.0
1985-02-27 00:00:00-05:00,44.42166519165039,44.42166519165039,44.42166519165039,44.42166519165039,0,0.0,0.0
1985-02-28 00:00:00-05:00,0.0,59.22888692220052,44.42166519165039,44.42166519165039,242,0.0,0.0
1985-03-01 00:00:00-05:00,0.0,59.22888692220052,44.42166519165039,44.42166519165039,15,0.0,0.0
1985-03-04 00:00:00-05:00,0.0,59.22888692220052,44.42166519165039,44.42166519165039,20,0.0,0.0
1985-03-05 00:00:00-05:00,44.42166519165039,44.42166519165039,44.42166519165039,44.42166519165039,0,0.0,0.0
1985-03-06 00:00:00-05:00,0.0,59.22888692220052,44.42166519165039,44.42166519165039,17,0.0,0.0
1985-03-07 00:00:00-05:00,44.42166519165039,44.42166519165039,44.42166519165039,44.42166519165039,0,0.0,0.0
1985-03-08 00:00:00-05:00,0.0,59.22888692220052,44.42166519165039,44.42166519165039,30,0.0,0.0
1985-03-11 00:00:00-05:00,44.42166519165039,44.42166519165039,44.42166519165039,44.42166519165039,0,0.0,0.0
1985-03-12 00:00:00-05:00,0.0,59.22888692220052,44.42166519165039,44.42166519165039,27,0.0,0.0
1985-03-13 00:00:00-05:00,0.0,51.82527646151456,40.7198600769043,40.7198600769043,45,0.0,0.0
1985-03-14 00:00:00-05:00,0.0,51.82527646151456,40.7198600769043,40.7198600769043,35,0.0,0.0
1985-03-15 00:00:00-05:00,40.7198600769043,40.7198600769043,40.7198600769043,40.7198600769043,0,0.0,0.0
1985-03-18 00:00:00-05:00,40.7198600769043,40.7198600769043,40.7198600769043,40.7198600769043,0,0.0,0.0
1985-03-19 00:00:00-05:00,0.0,48.12347145080566,37.0180549621582,37.0180549621582,123,0.0,0.0
1985-03-20 00:00:00-05:00,0.0,48.12347145080566,37.0180549621582,37.0180549621582,2,0.0,0.0
1985-03-21 00:00:00-05:00,0.0,48.12347145080566,37.0180549621582,37.0180549621582,39,0.0,0.0
1985-03-22 00:00:00-05:00,37.0180549621582,37.0180549621582,37.0180549621582,37.0180549621582,0,0.0,0.0
1985-03-25 00:00:00-05:00,0.0,48.123470999977805,40.7198600769043,40.7198600769043,227,0.0,0.0
1985-03-26 00:00:00-05:00,0.0,51.82527646151456,40.7198600769043,40.7198600769043,115,0.0,0.0
1985-03-27 00:00:00-05:00,0.0,55.52708148956299,44.42166519165039,44.42166519165039,303,0.0,0.0
1985-03-28 00:00:00-05:00,0.0,55.52708148956299,44.42166519165039,44.42166519165039,3,0.0,0.0
1985-03-29 00:00:00-05:00,0.0,51.82527605692546,44.42166519165039,44.42166519165039,182,0.0,0.0
1985-04-01 00:00:00-05:00,0.0,51.82527694702148,37.0180549621582,37.0180549621582,106,0.0,0.0
1985-04-02 00:00:00-05:00,0.0,51.82527694702148,37.0180549621582,37.0180549621582,3,0.0,0.0
1985-04-03 00:00:00-05:00,0.0,51.82527694702148,37.0180549621582,37.0180549621582,5,0.0,0.0
1985-04-04 00:00:00-05:00,37.0180549621582,37.0180549621582,37.0180549621582,37.0180549621582,0,0.0,0.0
1985-04-08 00:00:00-05:00,37.0180549621582,37.0180549621582,37.0180549621582,37.0180549621582,0,0.0,0.0
1985-04-09 00:00:00-05:00,0.0,48.12347145080566,37.0180549621582,37.0180549621582,70,0.0,0.0
1985-04-10 00:00:00-05:00,0.0,51.82527694702148,37.0180549621582,37.0180549621582,47,0.0,0.0
1985-04-11 00:00:00-05:00,0.0,48.12347200181749,33.31624984741211,33.31624984741211,30,0.0,0.0
1985-04-12 00:00:00-05:00,0.0,44.42166595458984,37.0180549621582,37.0180549621582,1052,0.0,0.0
1985-04-15 00:00:00-05:00,0.0,51.82527694702148,37.0180549621582,37.0180549621582,238,0.0,0.0
1985-04-16 00:00:00-05:00,0.0,59.22888692220052,44.42166519165039,44.42166519165039,530,0.0,0.0
1985-04-17 00:00:00-05:00,0.0,59.22888692220052,44.42166519165039,44.42166519165039,30,0.0,0.0
1985-04-18 00:00:00-05:00,0.0,59.22888692220052,44.42166519165039,44.42166519165039,23,0.0,0.0
1985-04-19 00:00:00-05:00,44.42166519165039,44.42166519165039,44.42166519165039,44.42166519165039,0,0.0,0.0
1985-04-22 00:00:00-05:00,0.0,59.22888692220052,44.42166519165039,44.42166519165039,152,0.0,0.0
1985-04-23 00:00:00-05:00,44.42166519165039,44.42166519165039,44.42166519165039,44.42166519165039,0,0.0,0.0
1985-04-24 00:00:00-05:00,44.42166519165039,44.42166519165039,44.42166519165039,44.42166519165039,0,0.0,0.0
1985-04-25 00:00:00-05:00,44.42166519165039,44.42166519165039,44.42166519165039,44.42166519165039,0,0.0,0.0
1985-04-26 00:00:00-05:00,0.0,74.03611183166504,59.22888946533203,59.22888946533203,341,0.0,0.0
1985-04-29 00:00:00-04:00,0.0,81.4397218492296,66.63249969482422,66.63249969482422,105,0.0,0.0
1985-04-30 00:00:00-04:00,0.0,81.4397218492296,66.63249969482422,66.63249969482422,36,0.0,0.0
1985-05-01 00:00:00-04:00,0.0,81.4397218492296,66.63249969482422,66.63249969482422,220,0.0,0.0
1985-05-02 00:00:00-04:00,0.0,74.0361107720269,66.63249969482422,66.63249969482422,61,0.0,0.0
1985-05-03 00:00:00-04:00,0.0,74.03611183166504,59.22888946533203,59.22888946533203,118,0.0,0.0
1985-05-06 00:00:00-04:00,0.0,81.4397218492296,66.63249969482422,66.63249969482422,636,0.0,0.0
1985-05-07 00:00:00-04:00,0.0,81.4397218492296,66.63249969482422,66.63249969482422,68,0.0,0.0
1985-05-08 00:00:00-04:00,0.0,81.4397218492296,66.63249969482422,66.63249969482422,73,0.0,0.0
1985-05-09 00:00:00-04:00,0.0,81.43972135844983,70.33430480957031,70.33430480957031,98,0.0,0.0
1985-05-10 00:00:00-04:00,70.33430480957031,70.33430480957031,70.33430480957031,70.33430480957031,0,0.0,0.0
1985-05-13 00:00:00-04:00,0.0,81.43972135844983,70.33430480957031,70.33430480957031,20,0.0,0.0
1985-05-14 00:00:00-04:00,0.0,81.43972135844983,70.33430480957031,70.33430480957031,27,0.0,0.0
1985-05-15 00:00:00-04:00,0.0,77.73791584215667,70.33430480957031,70.33430480957031,2,0.0,0.0
1985-05-16 00:00:00-04:00,0.0,81.43972135844983,70.33430480957031,70.33430480957031,76,0.0,0.0
1985-05-17 00:00:00-04:00,0.0,88.84333147321429,77.7379150390625,77.7379150390625,226,0.0,0.0
1985-05-20 00:00:00-04:00,0.0,103.65055211385092,88.84333038330078,88.84333038330078,474,0.0,0.0
1985-05-21 00:00:00-04:00,0.0,103.65055211385092,88.84333038330078,88.84333038330078,144,0.0,0.0
1985-05-22 00:00:00-04:00,0.0,103.65055211385092,88.84333038330078,88.84333038330078,15,0.0,0.0
1985-05-23 00:00:00-04:00,0.0,103.65055211385092,88.84333038330078,88.84333038330078,39,0.0,0.0
1985-05-24 00:00:00-04:00,0.0,103.65055211385092,88.84333038330078,88.84333038330078,150,0.0,0.0
1985-05-28 00:00:00-04:00,0.0,103.65055211385092,88.84333038330078,88.84333038330078,86,0.0,0.0
1985-05-29 00:00:00-04:00,0.0,103.65055211385092,88.84333038330078,88.84333038330078,30,0.0,0.0
1985-05-30 00:00:00-04:00,0.0,111.05417104867789,96.2469482421875,96.2469482421875,61,0.0,0.0
1985-05-31 00:00:00-04:00,0.0,111.05416979108537,103.65055847167969,103.65055847167969,98,0.0,0.0
1985-06-03 00:00:00-04:00,0.0,111.05416979108537,103.65055847167969,103.65055847167969,132,0.0,0.0
1985-06-04 00:00:00-04:00,0.0,111.05416979108537,103.65055847167969,103.65055847167969,23,0.0,0.0
1985-06-05 00:00:00-04:00,0.0,103.6505596454327,96.2469482421875,96.2469482421875,67,0.0,0.0
1985-06-06 00:00:00-04:00,0.0,103.65055211385092,88.84333038330078,88.84333038330078,76,0.0,0.0
1985-06-07 00:00:00-04:00,88.84333038330078,88.84333038330078,88.84333038330078,88.84333038330078,0,0.0,0.0
1985-06-10 00:00:00-04:00,0.0,103.65055211385092,88.84333038330078,88.84333038330078,53,0.0,0.0
1985-06-11 00:00:00-04:00,88.84333038330078,88.84333038330078,88.84333038330078,88.84333038330078,0,0.0,0.0
1985-06-12 00:00:00-04:00,0.0,103.65055211385092,88.84333038330078,88.84333038330078,8,0.0,0.0
1985-06-13 00:00:00-04:00,0.0,88.8433310768821,81.4397201538086,81.4397201538086,264,0.0,0.0
1985-06-14 00:00:00-04:00,0.0,88.84333190917968,74.0361099243164,74.0361099243164,45,0.0,0.0
1985-06-17 00:00:00-04:00,0.0,81.43972091674804,74.0361099243164,74.0361099243164,30,0.0,0.0
1985-06-18 00:00:00-04:00,0.0,81.4397218492296,66.63249969482422,66.63249969482422,167,0.0,0.0
1985-06-19 00:00:00-04:00,0.0,81.43972091674804,74.0361099243164,74.0361099243164,23,0.0,0.0
1985-06-20 00:00:00-04:00,0.0,81.43972091674804,74.0361099243164,74.0361099243164,20,0.0,0.0
1985-06-21 00:00:00-04:00,0.0,88.84333190917968,74.0361099243164,74.0361099243164,182,0.0,0.0
1985-06-24 00:00:00-04:00,0.0,96.24694199995561,81.4397201538086,81.4397201538086,141,0.0,0.0
1985-06-25 00:00:00-04:00,0.0,88.8433310768821,81.4397201538086,81.4397201538086,332,0.0,0.0
1985-06-26 00:00:00-04:00,0.0,88.84333190917968,74.0361099243164,74.0361099243164,280,0.0,0.0
1985-06-27 00:00:00-04:00,0.0,81.43972091674804,74.0361099243164,74.0361099243164,17,0.0,0.0
1985-06-28 00:00:00-04:00,0.0,81.43972091674804,74.0361099243164,74.0361099243164,21,0.0,0.0
1985-07-01 00:00:00-04:00,0.0,88.84333190917968,74.0361099243164,74.0361099243164,397,0.0,0.0
1985-07-02 00:00:00-04:00,74.0361099243164,74.0361099243164,74.0361099243164,74.0361099243164,0,0.0,0.0
1985-07-03 00:00:00-04:00,0.0,66.63250187465123,51.825279235839844,51.825279235839844,305,0.0,0.0
1985-07-05 00:00:00-04:00,0.0,74.0361107720269,66.63249969482422,66.63249969482422,521,0.0,0.0
1985-07-08 00:00:00-04:00,0.0,74.03611183166504,59.22888946533203,59.22888946533203,221,0.0,0.0
1985-07-09 00:00:00-04:00,0.0,74.03611183166504,59.22888946533203,59.22888946533203,98,0.0,0.0
1985-07-10 00:00:00-04:00,0.0,81.43972091674804,74.0361099243164,74.0361099243164,261,0.0,0.0
1985-07-11 00:00:00-04:00,0.0,81.43972091674804,74.0361099243164,74.0361099243164,67,0.0,0.0
1985-07-12 00:00:00-04:00,0.0,81.4397218492296,66.63249969482422,66.63249969482422,162,0.0,0.0
1985-07-15 00:00:00-04:00,0.0,81.4397218492296,66.63249969482422,66.63249969482422,159,0.0,0.0
1985-07-16 00:00:00-04:00,0.0,81.43972091674804,74.0361099243164,74.0361099243164,388,0.0,0.0
1985-07-17 00:00:00-04:00,0.0,81.43972091674804,74.0361099243164,74.0361099243164,23,0.0,0.0
1985-07-18 00:00:00-04:00,0.0,81.43972091674804,74.0361099243164,74.0361099243164,8,0.0,0.0
1985-07-19 00:00:00-04:00,0.0,81.43972091674804,74.0361099243164,74.0361099243164,18,0.0,0.0
1985-07-22 00:00:00-04:00,0.0,81.43972091674804,74.0361099243164,74.0361099243164,88,0.0,0.0
1985-07-23 00:00:00-04:00,0.0,81.43972091674804,74.0361099243164,74.0361099243164,38,0.0,0.0
1985-07-24 00:00:00-04:00,0.0,81.43972301483154,59.22888946533203,59.22888946533203,141,0.0,0.0
1985-07-25 00:00:00-04:00,0.0,74.03611319405692,51.825279235839844,51.825279235839844,77,0.0,0.0
1985-07-26 00:00:00-04:00,0.0,74.03611183166504,59.22888946533203,59.22888946533203,47,0.0,0.0
1985-07-29 00:00:00-04:00,0.0,74.03611183166504,59.22888946533203,59.22888946533203,265,0.0,0.0
1985-07-30 00:00:00-04:00,0.0,74.03611183166504,59.22888946533203,59.22888946533203,18,0.0,0.0
1985-07-31 00:00:00-04:00,0.0,74.03611183166504,59.22888946533203,59.22888946533203,15,0.0,0.0
1985-08-01 00:00:00-04:00,0.0,74.03611183166504,59.22888946533203,59.22888946533203,20,0.0,0.0
1985-08-02 00:00:00-04:00,0.0,66.63250122070312,55.52708435058594,55.52708435058594,817,0.0,0.0
1985-08-05 00:00:00-04:00,0.0,66.63250064849854,59.22888946533203,59.22888946533203,36,0.0,0.0
1985-08-06 00:00:00-04:00,0.0,66.63250064849854,59.22888946533203,59.22888946533203,73,0.0,0.0
1985-08-07 00:00:00-04:00,0.0,74.03611127068015,62.930694580078125,62.930694580078125,235,0.0,0.0
1985-08-08 00:00:00-04:00,0.0,81.4397218492296,66.63249969482422,66.63249969482422,67,0.0,0.0
1985-08-09 00:00:00-04:00,0.0,81.4397218492296,66.63249969482422,66.63249969482422,71,0.0,0.0
1985-08-12 00:00:00-04:00,0.0,81.4397218492296,66.63249969482422,66.63249969482422,186,0.0,0.0
1985-08-13 00:00:00-04:00,0.0,66.63250064849854,59.22888946533203,59.22888946533203,400,0.0,0.0
1985-08-14 00:00:00-04:00,0.0,66.63250187465123,51.825279235839844,51.825279235839844,224,0.0,0.0
1985-08-15 00:00:00-04:00,0.0,81.4397218492296,66.63249969482422,66.63249969482422,289,0.0,0.0
1985-08-16 00:00:00-04:00,0.0,81.4397218492296,66.63249969482422,66.63249969482422,8,0.0,0.0
1985-08-19 00:00:00-04:00,0.0,74.0361107720269,66.63249969482422,66.63249969482422,52,0.0,0.0
1985-08-20 00:00:00-04:00,0.0,74.0361107720269,66.63249969482422,66.63249969482422,15,0.0,0.0
1985-08-21 00:00:00-04:00,66.63249969482422,66.63249969482422,66.63249969482422,66.63249969482422,0,0.0,0.0
1985-08-22 00:00:00-04:00,0.0,74.03611183166504,59.22888946533203,59.22888946533203,33,0.0,0.0
1985-08-23 00:00:00-04:00,59.22888946533203,59.22888946533203,59.22888946533203,59.22888946533203,0,0.0,0.0
1985-08-26 00:00:00-04:00,0.0,74.03611183166504,59.22888946533203,59.22888946533203,152,0.0,0.0
1985-08-27 00:00:00-04:00,0.0,74.0361107720269,66.63249969482422,66.63249969482422,82,0.0,0.0
1985-08-28 00:00:00-04:00,0.0,74.03611183166504,59.22888946533203,59.22888946533203,76,0.0,0.0
1985-08-29 00:00:00-04:00,0.0,74.03611183166504,59.22888946533203,59.22888946533203,6,0.0,0.0
1985-08-30 00:00:00-04:00,0.0,74.0361107720269,66.63249969482422,66.63249969482422,80,0.0,0.0
1985-09-03 00:00:00-04:00,0.0,74.0361107720269,66.63249969482422,66.63249969482422,18,0.0,0.0
1985-09-04 00:00:00-04:00,0.0,74.0361107720269,66.63249969482422,66.63249969482422,32,0.0,0.0
1985-09-05 00:00:00-04:00,0.0,74.0361107720269,66.63249969482422,66.63249969482422,2,0.0,0.0
1985-09-06 00:00:00-04:00,0.0,74.0361107720269,66.63249969482422,66.63249969482422,15,0.0,0.0
1985-09-09 00:00:00-04:00,0.0,66.63250064849854,59.22888946533203,59.22888946533203,85,0.0,0.0
1985-09-10 00:00:00-04:00,0.0,66.63250187465123,51.825279235839844,51.825279235839844,59,0.0,0.0
1985-09-11 00:00:00-04:00,51.825279235839844,51.825279235839844,51.825279235839844,51.825279235839844,0,0.0,0.0
1985-09-12 00:00:00-04:00,51.825279235839844,51.825279235839844,51.825279235839844,51.825279235839844,0,0.0,0.0
1985-09-13 00:00:00-04:00,0.0,66.63250187465123,51.825279235839844,51.825279235839844,12,0.0,0.0
1985-09-16 00:00:00-04:00,0.0,66.63250187465123,51.825279235839844,51.825279235839844,30,0.0,0.0
1985-09-17 00:00:00-04:00,51.825279235839844,51.825279235839844,51.825279235839844,51.825279235839844,0,0.0,0.0
1985-09-18 00:00:00-04:00,0.0,66.63250187465123,51.825279235839844,51.825279235839844,9,0.0,0.0
1985-09-19 00:00:00-04:00,0.0,59.22888692220052,44.42166519165039,44.42166519165039,265,0.0,0.0
1985-09-20 00:00:00-04:00,0.0,59.22888692220052,44.42166519165039,44.42166519165039,94,0.0,0.0
1985-09-23 00:00:00-04:00,0.0,59.22888692220052,44.42166519165039,44.42166519165039,8,0.0,0.0
1985-09-24 00:00:00-04:00,0.0,59.22888692220052,44.42166519165039,44.42166519165039,80,0.0,0.0
1985-09-25 00:00:00-04:00,0.0,59.22888692220052,44.42166519165039,44.42166519165039,3,0.0,0.0
1985-09-26 00:00:00-04:00,44.42166519165039,44.42166519165039,44.42166519165039,44.42166519165039,0,0.0,0.0
1985-09-30 00:00:00-04:00,0.0,59.22888692220052,44.42166519165039,44.42166519165039,44,0.0,0.0
1985-10-01 00:00:00-04:00,0.0,59.228890555245535,51.825279235839844,51.825279235839844,45,0.0,0.0
1985-10-02 00:00:00-04:00,0.0,59.228890555245535,51.825279235839844,51.825279235839844,9,0.0,0.0
1985-10-03 00:00:00-04:00,0.0,59.228890555245535,51.825279235839844,51.825279235839844,15,0.0,0.0
1985-10-04 00:00:00-04:00,51.825279235839844,51.825279235839844,51.825279235839844,51.825279235839844,0,0.0,0.0
1985-10-07 00:00:00-04:00,0.0,59.228890555245535,51.825279235839844,51.825279235839844,50,0.0,0.0
1985-10-08 00:00:00-04:00,51.825279235839844,51.825279235839844,51.825279235839844,51.825279235839844,0,0.0,0.0
1985-10-09 00:00:00-04:00,0.0,59.22888692220052,44.42166519165039,44.42166519165039,123,0.0,0.0
1985-10-10 00:00:00-04:00,0.0,59.22888692220052,44.42166519165039,44.42166519165039,2,0.0,0.0
1985-10-11 00:00:00-04:00,0.0,59.228890555245535,51.825279235839844,51.825279235839844,65,0.0,0.0
1985-10-14 00:00:00-04:00,0.0,59.228890555245535,51.825279235839844,51.825279235839844,12,0.0,0.0
1985-10-15 00:00:00-04:00,0.0,59.228890555245535,51.825279235839844,51.825279235839844,76,0.0,0.0
1985-10-16 00:00:00-04:00,0.0,59.228890555245535,51.825279235839844,51.825279235839844,156,0.0,0.0
1985-10-17 00:00:00-04:00,0.0,59.228890555245535,51.825279235839844,51.825279235839844,30,0.0,0.0
1985-10-18 00:00:00-04:00,51.825279235839844,51.825279235839844,51.825279235839844,51.825279235839844,0,0.0,0.0
1985-10-21 00:00:00-04:00,0.0,59.228890555245535,51.825279235839844,51.825279235839844,15,0.0,0.0
1985-10-22 00:00:00-04:00,0.0,66.63250187465123,51.825279235839844,51.825279235839844,227,0.0,0.0
1985-10-23 00:00:00-04:00,0.0,66.63250187465123,51.825279235839844,51.825279235839844,17,0.0,0.0
1985-10-24 00:00:00-04:00,0.0,66.63250187465123,51.825279235839844,51.825279235839844,45,0.0,0.0
1985-10-25 00:00:00-04:00,51.825279235839844,51.825279235839844,51.825279235839844,51.825279235839844,0,0.0,0.0
1985-10-28 00:00:00-05:00,0.0,66.63250187465123,51.825279235839844,51.825279235839844,3,0.0,0.0
1985-10-29 00:00:00-05:00,0.0,51.82527605692546,44.42166519165039,44.42166519165039,294,0.0,0.0
1985-10-30 00:00:00-05:00,0.0,59.228890555245535,51.825279235839844,51.825279235839844,603,0.0,0.0
1985-10-31 00:00:00-05:00,0.0,59.228890555245535,51.825279235839844,51.825279235839844,55,0.0,0.0
1985-11-01 00:00:00-05:00,0.0,59.228890555245535,51.825279235839844,51.825279235839844,180,0.0,0.0
1985-11-04 00:00:00-05:00,0.0,55.527084895542686,51.825279235839844,51.825279235839844,712,0.0,0.0
1985-11-05 00:00:00-05:00,0.0,51.82527982271635,48.12347412109375,48.12347412109375,333,0.0,0.0
1985-11-06 00:00:00-05:00,0.0,51.82527982271635,48.12347412109375,48.12347412109375,705,0.0,0.0
1985-11-07 00:00:00-05:00,0.0,59.228890555245535,51.825279235839844,51.825279235839844,174,0.0,0.0
1985-11-08 00:00:00-05:00,0.0,66.63250187465123,51.825279235839844,51.825279235839844,155,0.0,0.0
1985-11-11 00:00:00-05:00,0.0,59.228890555245535,51.825279235839844,51.825279235839844,544,0.0,0.0
1985-11-12 00:00:00-05:00,0.0,66.63250064849854,59.22888946533203,59.22888946533203,498,0.0,0.0
1985-11-13 00:00:00-05:00,0.0,66.63250064849854,59.22888946533203,59.22888946533203,392,0.0,0.0
1985-11-14 00:00:00-05:00,0.0,62.930696214948384,51.825279235839844,51.825279235839844,464,0.0,0.0
1985-11-15 00:00:00-05:00,0.0,66.63250064849854,59.22888946533203,59.22888946533203,1053,0.0,0.0
1985-11-18 00:00:00-05:00,0.0,85.14152687474301,70.33430480957031,70.33430480957031,2592,0.0,0.0
1985-11-19 00:00:00-05:00,0.0,81.43972135844983,70.33430480957031,70.33430480957031,2000,0.0,0.0
1985-11-20 00:00:00-05:00,0.0,81.43972091674804,74.0361099243164,74.0361099243164,952,0.0,0.0
1985-11-21 00:00:00-05:00,0.0,81.43972091674804,74.0361099243164,74.0361099243164,1009,0.0,0.0
1985-11-22 00:00:00-05:00,0.0,85.14152641296386,74.0361099243164,74.0361099243164,1158,0.0,0.0
1985-11-25 00:00:00-05:00,0.0,81.43972091674804,74.0361099243164,74.0361099243164,1295,0.0,0.0
1985-11-26 00:00:00-05:00,0.0,77.73791631062825,66.63249969482422,66.63249969482422,476,0.0,0.0
1985-11-27 00:00:00-05:00,0.0,77.73791584215667,70.33430480957031,70.33430480957031,127,0.0,0.0
1985-11-29 00:00:00-05:00,0.0,81.43972091674804,74.0361099243164,74.0361099243164,1265,0.0,0.0
1985-12-02 00:00:00-05:00,0.0,77.73791584215667,70.33430480957031,70.33430480957031,117,0.0,0.0
1985-12-03 00:00:00-05:00,0.0,74.0361107720269,66.63249969482422,66.63249969482422,612,0.0,0.0
1985-12-04 00:00:00-05:00,0.0,62.93069505691528,59.22888946533203,59.22888946533203,435,0.0,0.0
1985-12-05 00:00:00-05:00,0.0,70.33430570714614,62.930694580078125,62.930694580078125,173,0.0,0.0
1985-12-06 00:00:00-05:00,0.0,70.33430523342557,66.63249969482422,66.63249969482422,318,0.0,0.0
1985-12-09 00:00:00-05:00,0.0,70.33430570714614,62.930694580078125,62.930694580078125,650,0.0,0.0
1985-12-10 00:00:00-05:00,0.0,70.33430570714614,62.930694580078125,62.930694580078125,21,0.0,0.0
1985-12-11 00:00:00-05:00,0.0,70.33430570714614,62.930694580078125,62.930694580078125,218,0.0,0.0
1985-12-12 00:00:00-05:00,0.0,62.93069559733073,55.52708435058594,55.52708435058594,897,0.0,0.0
1985-12-13 00:00:00-05:00,0.0,62.93069505691528,59.22888946533203,59.22888946533203,244,0.0,0.0
1985-12-16 00:00:00-05:00,0.0,62.93069505691528,59.22888946533203,59.22888946533203,264,0.0,0.0
1985-12-17 00:00:00-05:00,0.0,59.22888997395833,55.52708435058594,55.52708435058594,426,0.0,0.0
1985-12-18 00:00:00-05:00,0.0,62.93069559733073,55.52708435058594,55.52708435058594,150,0.0,0.0
1985-12-19 00:00:00-05:00,0.0,62.93069505691528,59.22888946533203,59.22888946533203,236,0.0,0.0
1985-12-20 00:00:00-05:00,0.0,62.93069505691528,59.22888946533203,59.22888946533203,23,0.0,0.0
1985-12-23 00:00:00-05:00,0.0,62.93069505691528,59.22888946533203,59.22888946533203,58,0.0,0.0
1985-12-24 00:00:00-05:00,0.0,62.93069559733073,55.52708435058594,55.52708435058594,45,0.0,0.0
1985-12-26 00:00:00-05:00,55.52708435058594,55.52708435058594,55.52708435058594,55.52708435058594,0,0.0,0.0
1985-12-27 00:00:00-05:00,0.0,62.93069505691528,59.22888946533203,59.22888946533203,91,0.0,0.0
1985-12-30 00:00:00-05:00,0.0,62.93069559733073,55.52708435058594,55.52708435058594,448,0.0,0.0
1985-12-31 00:00:00-05:00,0.0,62.93069505691528,59.22888946533203,59.22888946533203,261,0.0,0.0
1986-01-02 00:00:00-05:00,0.0,62.93069505691528,59.22888946533203,59.22888946533203,80,0.0,0.0
1986-01-03 00:00:00-05:00,0.0,62.93069505691528,59.22888946533203,59.22888946533203,53,0.0,0.0
1986-01-06 00:00:00-05:00,0.0,62.93069505691528,59.22888946533203,59.22888946533203,258,0.0,0.0
1986-01-07 00:00:00-05:00,0.0,62.93069505691528,59.22888946533203,59.22888946533203,688,0.0,0.0
1986-01-08 00:00:00-05:00,0.0,74.03611183166504,59.22888946533203,59.22888946533203,308,0.0,0.0
1986-01-09 00:00:00-05:00,0.0,70.33430624008179,59.22888946533203,59.22888946533203,32,0.0,0.0
1986-01-10 00:00:00-05:00,0.0,70.33430624008179,59.22888946533203,59.22888946533203,18,0.0,0.0
1986-01-13 00:00:00-05:00,0.0,70.33430570714614,62.930694580078125,62.930694580078125,447,0.0,0.0
1986-01-14 00:00:00-05:00,0.0,70.33430570714614,62.930694580078125,62.930694580078125,108,0.0,0.0
1986-01-15 00:00:00-05:00,0.0,66.63250014361213,62.930694580078125,62.930694580078125,311,0.0,0.0
1986-01-16 00:00:00-05:00,0.0,66.63250064849854,59.22888946533203,59.22888946533203,305,0.0,0.0
1986-01-17 00:00:00-05:00,0.0,74.03611127068015,62.930694580078125,62.930694580078125,736,0.0,0.0
1986-01-20 00:00:00-05:00,0.0,74.03611127068015,62.930694580078125,62.930694580078125,118,0.0,0.0
1986-01-21 00:00:00-05:00,0.0,74.0361107720269,66.63249969482422,66.63249969482422,350,0.0,0.0
1986-01-22 00:00:00-05:00,0.0,81.43972091674804,74.0361099243164,74.0361099243164,3636,0.0,0.0
1986-01-23 00:00:00-05:00,0.0,96.24694124857585,88.84333038330078,88.84333038330078,1000,0.0,0.0
1986-01-24 00:00:00-05:00,0.0,99.94875457763672,92.5451431274414,92.5451431274414,2662,0.0,0.0
1986-01-27 00:00:00-05:00,0.0,111.05417039659288,99.9487533569336,99.9487533569336,397,0.0,0.0
1986-01-28 00:00:00-05:00,0.0,111.05417039659288,99.9487533569336,99.9487533569336,359,0.0,0.0
1986-01-29 00:00:00-05:00,0.0,96.24694124857585,88.84333038330078,88.84333038330078,518,0.0,0.0
1986-01-30 00:00:00-05:00,0.0,96.24694885253906,92.5451431274414,92.5451431274414,379,0.0,0.0
1986-01-31 00:00:00-05:00,0.0,103.6505596454327,96.2469482421875,96.2469482421875,682,0.0,0.0
1986-02-03 00:00:00-05:00,0.0,103.6505596454327,96.2469482421875,96.2469482421875,474,0.0,0.0
1986-02-04 00:00:00-05:00,0.0,103.6505596454327,96.2469482421875,96.2469482421875,474,0.0,0.0
1986-02-05 00:00:00-05:00,0.0,99.94875457763672,92.5451431274414,92.5451431274414,744,0.0,0.0
1986-02-06 00:00:00-05:00,0.0,99.94875457763672,92.5451431274414,92.5451431274414,92,0.0,0.0
1986-02-07 00:00:00-05:00,0.0,96.24694199995561,81.4397201538086,81.4397201538086,197,0.0,0.0
1986-02-10 00:00:00-05:00,0.0,96.24694199995561,81.4397201538086,81.4397201538086,241,0.0,0.0
1986-02-11 00:00:00-05:00,0.0,92.54513653841886,81.4397201538086,81.4397201538086,495,0.0,0.0
1986-02-12 00:00:00-05:00,0.0,88.8433310768821,81.4397201538086,81.4397201538086,273,0.0,0.0
1986-02-13 00:00:00-05:00,0.0,85.14152641296386,74.0361099243164,74.0361099243164,235,0.0,0.0
1986-02-14 00:00:00-05:00,74.0361099243164,74.0361099243164,74.0361099243164,74.0361099243164,0,0.0,0.0
1986-02-18 00:00:00-05:00,0.0,85.14152561534534,81.4397201538086,81.4397201538086,235,0.0,0.0
1986-02-19 00:00:00-05:00,0.0,85.14152561534534,81.4397201538086,81.4397201538086,79,0.0,0.0
1986-02-20 00:00:00-05:00,0.0,85.14152561534534,81.4397201538086,81.4397201538086,41,0.0,0.0
1986-02-21 00:00:00-05:00,0.0,85.14152599516369,77.7379150390625,77.7379150390625,29,0.0,0.0
1986-02-24 00:00:00-05:00,0.0,85.14152599516369,77.7379150390625,77.7379150390625,24,0.0,0.0
1986-02-25 00:00:00-05:00,0.0,81.4397205171131,77.7379150390625,77.7379150390625,12,0.0,0.0
1986-02-26 00:00:00-05:00,0.0,81.4397205171131,77.7379150390625,77.7379150390625,30,0.0,0.0
1986-02-27 00:00:00-05:00,0.0,85.14152561534534,81.4397201538086,81.4397201538086,45,0.0,0.0
1986-02-28 00:00:00-05:00,0.0,81.43972091674804,74.0361099243164,74.0361099243164,171,0.0,0.0
1986-03-03 00:00:00-05:00,0.0,77.73791584215667,70.33430480957031,70.33430480957031,197,0.0,0.0
1986-03-04 00:00:00-05:00,0.0,77.73791584215667,70.33430480957031,70.33430480957031,20,0.0,0.0
1986-03-05 00:00:00-05:00,0.0,77.73791584215667,70.33430480957031,70.33430480957031,50,0.0,0.0
1986-03-06 00:00:00-05:00,70.33430480957031,70.33430480957031,70.33430480957031,70.33430480957031,0,0.0,0.0
1986-03-07 00:00:00-05:00,0.0,77.73791584215667,70.33430480957031,70.33430480957031,20,0.0,0.0
1986-03-10 00:00:00-05:00,0.0,77.73791584215667,70.33430480957031,70.33430480957031,61,0.0,0.0
1986-03-11 00:00:00-05:00,0.0,77.73791584215667,70.33430480957031,70.33430480957031,30,0.0,0.0
1986-03-12 00:00:00-05:00,0.0,77.73791542053222,74.0361099243164,74.0361099243164,174,0.0,0.0
1986-03-13 00:00:00-05:00,0.0,88.84333147321429,77.7379150390625,77.7379150390625,385,0.0,0.0
1986-03-14 00:00:00-05:00,0.0,88.8433310768821,81.4397201538086,81.4397201538086,465,0.0,0.0
1986-03-17 00:00:00-05:00,0.0,81.43972091674804,74.0361099243164,74.0361099243164,341,0.0,0.0
1986-03-18 00:00:00-05:00,0.0,85.14152561534534,81.4397201538086,81.4397201538086,632,0.0,0.0
1986-03-19 00:00:00-05:00,0.0,85.14152561534534,81.4397201538086,81.4397201538086,503,0.0,0.0
1986-03-20 00:00:00-05:00,0.0,81.43972091674804,74.0361099243164,74.0361099243164,483,0.0,0.0
1986-03-21 00:00:00-05:00,0.0,85.14152599516369,77.7379150390625,77.7379150390625,208,0.0,0.0
1986-03-24 00:00:00-05:00,0.0,77.73791584215667,70.33430480957031,70.33430480957031,750,0.0,0.0
1986-03-25 00:00:00-05:00,0.0,77.73791584215667,70.33430480957031,70.33430480957031,324,0.0,0.0
1986-03-26 00:00:00-05:00,0.0,77.73791542053222,74.0361099243164,74.0361099243164,179,0.0,0.0
1986-03-27 00:00:00-05:00,0.0,81.4397205171131,77.7379150390625,77.7379150390625,73,0.0,0.0
1986-03-31 00:00:00-05:00,0.0,85.14152561534534,81.4397201538086,81.4397201538086,233,0.0,0.0
1986-04-01 00:00:00-05:00,0.0,96.24694199995561,81.4397201538086,81.4397201538086,621,0.0,0.0
1986-04-02 00:00:00-05:00,0.0,99.94874668121338,88.84333038330078,88.84333038330078,565,0.0,0.0
1986-04-03 00:00:00-05:00,0.0,103.65055211385092,88.84333038330078,88.84333038330078,52,0.0,0.0
1986-04-04 00:00:00-05:00,0.0,103.65055211385092,88.84333038330078,88.84333038330078,14,0.0,0.0
1986-04-07 00:00:00-05:00,0.0,103.6505596454327,96.2469482421875,96.2469482421875,288,0.0,0.0
1986-04-08 00:00:00-05:00,0.0,103.6505596454327,96.2469482421875,96.2469482421875,323,0.0,0.0
1986-04-09 00:00:00-05:00,0.0,96.24694885253906,92.5451431274414,92.5451431274414,405,0.0,0.0
1986-04-10 00:00:00-05:00,0.0,103.6505596454327,96.2469482421875,96.2469482421875,341,0.0,0.0
1986-04-11 00:00:00-05:00,0.0,103.6505596454327,96.2469482421875,96.2469482421875,288,0.0,0.0
1986-04-14 00:00:00-05:00,0.0,107.35236471670645,99.9487533569336,99.9487533569336,582,0.0,0.0
1986-04-15 00:00:00-05:00,0.0,107.35236471670645,99.9487533569336,99.9487533569336,227,0.0,0.0
1986-04-16 00:00:00-05:00,0.0,107.35236413138253,103.65055847167969,103.65055847167969,523,0.0,0.0
1986-04-17 00:00:00-05:00,0.0,103.6505596454327,96.2469482421875,96.2469482421875,830,0.0,0.0
1986-04-18 00:00:00-05:00,0.0,103.6505596454327,96.2469482421875,96.2469482421875,100,0.0,0.0
1986-04-21 00:00:00-05:00,0.0,103.65056030273438,92.5451431274414,92.5451431274414,112,0.0,0.0
1986-04-22 00:00:00-05:00,0.0,96.24694124857585,88.84333038330078,88.84333038330078,664,0.0,0.0
1986-04-23 00:00:00-05:00,0.0,107.35236471670645,99.9487533569336,99.9487533569336,870,0.0,0.0
1986-04-24 00:00:00-05:00,0.0,107.35236471670645,99.9487533569336,99.9487533569336,256,0.0,0.0
1986-04-25 00:00:00-05:00,0.0,107.3523653470553,96.2469482421875,96.2469482421875,68,0.0,0.0
1986-04-28 00:00:00-04:00,0.0,107.35236471670645,99.9487533569336,99.9487533569336,70,0.0,0.0
1986-04-29 00:00:00-04:00,0.0,103.6505596454327,96.2469482421875,96.2469482421875,232,0.0,0.0
1986-04-30 00:00:00-04:00,0.0,103.65055211385092,88.84333038330078,88.84333038330078,130,0.0,0.0
1986-05-01 00:00:00-04:00,0.0,96.24694124857585,88.84333038330078,88.84333038330078,186,0.0,0.0
1986-05-02 00:00:00-04:00,88.84333038330078,88.84333038330078,88.84333038330078,88.84333038330078,0,0.0,0.0
1986-05-05 00:00:00-04:00,0.0,99.94874668121338,88.84333038330078,88.84333038330078,202,0.0,0.0
1986-05-06 00:00:00-04:00,0.0,103.65056030273438,92.5451431274414,92.5451431274414,252,0.0,0.0
1986-05-07 00:00:00-04:00,0.0,111.05416979108537,103.65055847167969,103.65055847167969,647,0.0,0.0
1986-05-08 00:00:00-04:00,0.0,111.05416922733703,107.35236358642578,107.35236358642578,639,0.0,0.0
1986-05-09 00:00:00-04:00,0.0,114.75597486824826,107.35236358642578,107.35236358642578,155,0.0,0.0
1986-05-12 00:00:00-04:00,0.0,118.45777994791666,111.05416870117188,111.05416870117188,205,0.0,0.0
1986-05-13 00:00:00-04:00,0.0,151.77402616802016,140.66860961914062,140.66860961914062,1595,0.0,0.0
1986-05-14 00:00:00-04:00,0.0,144.37042360048036,136.96681213378906,136.96681213378906,1452,0.0,0.0
1986-05-15 00:00:00-04:00,0.0,129.56319472369026,125.86138916015625,125.86138916015625,833,0.0,0.0
1986-05-16 00:00:00-04:00,0.0,125.86139119466146,111.05416870117188,111.05416870117188,256,0.0,0.0
1986-05-19 00:00:00-04:00,0.0,111.05416979108537,103.65055847167969,103.65055847167969,394,0.0,0.0
1986-05-20 00:00:00-04:00,0.0,118.45778050915949,107.35236358642578,107.35236358642578,539,0.0,0.0
1986-05-21 00:00:00-04:00,0.0,125.86139063681325,114.75597381591797,114.75597381591797,318,0.0,0.0
1986-05-22 00:00:00-04:00,0.0,129.56319570541382,118.45777893066406,118.45777893066406,320,0.0,0.0
1986-05-23 00:00:00-04:00,0.0,129.56319519967744,122.15958404541016,122.15958404541016,294,0.0,0.0
1986-05-27 00:00:00-04:00,0.0,133.26500028722427,125.86138916015625,125.86138916015625,248,0.0,0.0
1986-05-28 00:00:00-04:00,0.0,133.2650007768111,122.15958404541016,122.15958404541016,252,0.0,0.0
1986-05-29 00:00:00-04:00,0.0,125.8613896225438,122.15958404541016,122.15958404541016,164,0.0,0.0
1986-05-30 00:00:00-04:00,0.0,125.86139011383057,118.45777893066406,118.45777893066406,580,0.0,0.0
1986-06-02 00:00:00-04:00,0.0,125.86139011383057,118.45777893066406,118.45777893066406,364,0.0,0.0
1986-06-03 00:00:00-04:00,0.0,122.15958452224731,118.45777893066406,118.45777893066406,818,0.0,0.0
1986-06-04 00:00:00-04:00,0.0,122.15958452224731,118.45777893066406,118.45777893066406,452,0.0,0.0
1986-06-05 00:00:00-04:00,0.0,159.17763633728026,148.0722198486328,148.0722198486328,2529,0.0,0.0
1986-06-06 00:00:00-04:00,0.0,155.47583826576792,151.77403259277344,151.77403259277344,2686,0.0,0.0
1986-06-09 00:00:00-04:00,0.0,151.77403506717167,136.96681213378906,136.96681213378906,829,0.0,0.0
1986-06-10 00:00:00-04:00,0.0,151.77403376652646,144.37042236328125,144.37042236328125,373,0.0,0.0
1986-06-11 00:00:00-04:00,0.0,151.77403376652646,144.37042236328125,144.37042236328125,88,0.0,0.0
1986-06-12 00:00:00-04:00,0.0,151.77403376652646,144.37042236328125,144.37042236328125,239,0.0,0.0
1986-06-13 00:00:00-04:00,0.0,148.07222065172698,140.66860961914062,140.66860961914062,482,0.0,0.0
1986-06-16 00:00:00-04:00,0.0,144.37042497907365,129.56320190429688,129.56320190429688,152,0.0,0.0
1986-06-17 00:00:00-04:00,0.0,151.77403376652646,144.37042236328125,144.37042236328125,441,0.0,0.0
1986-06-18 00:00:00-04:00,0.0,151.77402616802016,140.66860961914062,140.66860961914062,292,0.0,0.0
1986-06-19 00:00:00-04:00,0.0,140.66861046685113,133.26499938964844,133.26499938964844,562,0.0,0.0
1986-06-20 00:00:00-04:00,0.0,140.66861046685113,133.26499938964844,133.26499938964844,445,0.0,0.0
1986-06-23 00:00:00-04:00,0.0,129.56319570541382,118.45777893066406,118.45777893066406,302,0.0,0.0
1986-06-24 00:00:00-04:00,0.0,118.45777994791666,111.05416870117188,111.05416870117188,871,0.0,0.0
1986-06-25 00:00:00-04:00,0.0,118.45777994791666,111.05416870117188,111.05416870117188,1680,0.0,0.0
1986-06-26 00:00:00-04:00,0.0,111.05416922733703,107.35236358642578,107.35236358642578,3526,0.0,0.0
1986-06-27 00:00:00-04:00,0.0,114.75597432454427,111.05416870117188,111.05416870117188,353,0.0,0.0
1986-06-30 00:00:00-04:00,0.0,118.45777994791666,111.05416870117188,111.05416870117188,312,0.0,0.0
1986-07-01 00:00:00-04:00,0.0,118.45777994791666,111.05416870117188,111.05416870117188,691,0.0,0.0
1986-07-02 00:00:00-04:00,0.0,118.45777994791666,111.05416870117188,111.05416870117188,203,0.0,0.0
1986-07-03 00:00:00-04:00,0.0,114.75597432454427,111.05416870117188,111.05416870117188,176,0.0,0.0
1986-07-07 00:00:00-04:00,0.0,111.05416979108537,103.65055847167969,103.65055847167969,508,0.0,0.0
1986-07-08 00:00:00-04:00,0.0,103.65056030273438,92.5451431274414,92.5451431274414,559,0.0,0.0
1986-07-09 00:00:00-04:00,0.0,103.65056030273438,92.5451431274414,92.5451431274414,271,0.0,0.0
1986-07-10 00:00:00-04:00,0.0,103.6505596454327,96.2469482421875,96.2469482421875,514,0.0,0.0
1986-07-11 00:00:00-04:00,0.0,103.6505596454327,96.2469482421875,96.2469482421875,397,0.0,0.0
1986-07-14 00:00:00-04:00,0.0,103.6505596454327,96.2469482421875,96.2469482421875,256,0.0,0.0
1986-07-15 00:00:00-04:00,0.0,103.6505596454327,96.2469482421875,96.2469482421875,282,0.0,0.0
1986-07-16 00:00:00-04:00,0.0,99.9487539438101,96.2469482421875,96.2469482421875,385,0.0,0.0
1986-07-17 00:00:00-04:00,0.0,103.6505596454327,96.2469482421875,96.2469482421875,186,0.0,0.0
1986-07-18 00:00:00-04:00,0.0,103.6505596454327,96.2469482421875,96.2469482421875,76,0.0,0.0
1986-07-21 00:00:00-04:00,0.0,103.6505596454327,96.2469482421875,96.2469482421875,252,0.0,0.0
1986-07-22 00:00:00-04:00,0.0,103.65055903682001,99.9487533569336,99.9487533569336,523,0.0,0.0
1986-07-23 00:00:00-04:00,0.0,103.6505596454327,96.2469482421875,96.2469482421875,502,0.0,0.0
1986-07-24 00:00:00-04:00,0.0,103.6505596454327,96.2469482421875,96.2469482421875,1258,0.0,0.0
1986-07-25 00:00:00-04:00,0.0,92.54513616147248,85.14152526855469,85.14152526855469,706,0.0,0.0
1986-07-28 00:00:00-04:00,0.0,92.54513616147248,85.14152526855469,85.14152526855469,708,0.0,0.0
1986-07-29 00:00:00-04:00,0.0,88.8433310768821,81.4397201538086,81.4397201538086,67,0.0,0.0
1986-07-30 00:00:00-04:00,0.0,92.54513616147248,85.14152526855469,85.14152526855469,911,0.0,0.0
1986-07-31 00:00:00-04:00,0.0,96.24694124857585,88.84333038330078,88.84333038330078,298,0.0,0.0
1986-08-01 00:00:00-04:00,0.0,96.24694885253906,92.5451431274414,92.5451431274414,121,0.0,0.0
1986-08-04 00:00:00-04:00,0.0,103.6505596454327,96.2469482421875,96.2469482421875,288,0.0,0.0
1986-08-05 00:00:00-04:00,0.0,103.6505596454327,96.2469482421875,96.2469482421875,333,0.0,0.0
1986-08-06 00:00:00-04:00,0.0,107.35236471670645,99.9487533569336,99.9487533569336,565,0.0,0.0
1986-08-07 00:00:00-04:00,0.0,103.6505596454327,96.2469482421875,96.2469482421875,303,0.0,0.0
1986-08-08 00:00:00-04:00,0.0,103.6505596454327,96.2469482421875,96.2469482421875,245,0.0,0.0
1986-08-11 00:00:00-04:00,0.0,103.6505596454327,96.2469482421875,96.2469482421875,103,0.0,0.0
1986-08-12 00:00:00-04:00,0.0,103.65055903682001,99.9487533569336,99.9487533569336,235,0.0,0.0
1986-08-13 00:00:00-04:00,0.0,107.35236471670645,99.9487533569336,99.9487533569336,233,0.0,0.0
1986-08-14 00:00:00-04:00,0.0,107.35236471670645,99.9487533569336,99.9487533569336,91,0.0,0.0
1986-08-15 00:00:00-04:00,0.0,111.05416979108537,103.65055847167969,103.65055847167969,465,0.0,0.0
1986-08-18 00:00:00-04:00,0.0,107.35236413138253,103.65055847167969,103.65055847167969,139,0.0,0.0
1986-08-19 00:00:00-04:00,0.0,107.35236471670645,99.9487533569336,99.9487533569336,97,0.0,0.0
1986-08-20 00:00:00-04:00,0.0,107.35236413138253,103.65055847167969,103.65055847167969,108,0.0,0.0
1986-08-21 00:00:00-04:00,0.0,111.05416979108537,103.65055847167969,103.65055847167969,227,0.0,0.0
1986-08-22 00:00:00-04:00,0.0,111.05416979108537,103.65055847167969,103.65055847167969,68,0.0,0.0
1986-08-25 00:00:00-04:00,0.0,118.45778050915949,107.35236358642578,107.35236358642578,471,0.0,0.0
1986-08-26 00:00:00-04:00,0.0,133.26500028722427,125.86138916015625,125.86138916015625,1365,0.0,0.0
1986-08-27 00:00:00-04:00,0.0,122.15958557128907,111.05416870117188,111.05416870117188,341,0.0,0.0
1986-08-28 00:00:00-04:00,0.0,118.45778175636573,99.9487533569336,99.9487533569336,162,0.0,0.0
1986-08-29 00:00:00-04:00,0.0,114.75597545078823,103.65055847167969,103.65055847167969,109,0.0,0.0
1986-09-02 00:00:00-04:00,0.0,125.86139119466146,111.05416870117188,111.05416870117188,402,0.0,0.0
1986-09-03 00:00:00-04:00,0.0,136.96681344168528,129.56320190429688,129.56320190429688,791,0.0,0.0
1986-09-04 00:00:00-04:00,0.0,129.56319519967744,122.15958404541016,122.15958404541016,895,0.0,0.0
1986-09-05 00:00:00-04:00,0.0,136.96680585075828,125.86138916015625,125.86138916015625,891,0.0,0.0
1986-09-08 00:00:00-04:00,0.0,129.56319519967744,122.15958404541016,122.15958404541016,321,0.0,0.0
1986-09-09 00:00:00-04:00,0.0,133.26500028722427,125.86138916015625,125.86138916015625,695,0.0,0.0
1986-09-10 00:00:00-04:00,0.0,140.66861046685113,133.26499938964844,133.26499938964844,1080,0.0,0.0
1986-09-11 00:00:00-04:00,0.0,129.56319570541382,118.45777893066406,118.45777893066406,315,0.0,0.0
1986-09-12 00:00:00-04:00,0.0,125.86139063681325,114.75597381591797,114.75597381591797,505,0.0,0.0
1986-09-15 00:00:00-04:00,0.0,122.15958502984816,114.75597381591797,114.75597381591797,170,0.0,0.0
1986-09-16 00:00:00-04:00,0.0,129.56319472369026,125.86138916015625,125.86138916015625,317,0.0,0.0
1986-09-17 00:00:00-04:00,0.0,125.86139063681325,114.75597381591797,114.75597381591797,477,0.0,0.0
1986-09-18 00:00:00-04:00,0.0,136.96681344168528,129.56320190429688,129.56320190429688,732,0.0,0.0
1986-09-19 00:00:00-04:00,0.0,136.96681344168528,129.56320190429688,129.56320190429688,150,0.0,0.0
1986-09-22 00:00:00-04:00,0.0,148.07222065172698,140.66860961914062,140.66860961914062,468,0.0,0.0
1986-09-23 00:00:00-04:00,0.0,140.66861046685113,133.26499938964844,133.26499938964844,438,0.0,0.0
1986-09-24 00:00:00-04:00,0.0,133.26500767299106,129.56320190429688,129.56320190429688,145,0.0,0.0
1986-09-25 00:00:00-04:00,0.0,125.8613896225438,122.15958404541016,122.15958404541016,302,0.0,0.0
1986-09-26 00:00:00-04:00,0.0,129.56319519967744,122.15958404541016,122.15958404541016,267,0.0,0.0
1986-09-29 00:00:00-04:00,0.0,118.45777994791666,111.05416870117188,111.05416870117188,409,0.0,0.0
1986-09-30 00:00:00-04:00,0.0,122.15958502984816,114.75597381591797,114.75597381591797,167,0.0,0.0
1986-10-01 00:00:00-04:00,0.0,122.15958502984816,114.75597381591797,114.75597381591797,85,0.0,0.0
1986-10-02 00:00:00-04:00,0.0,114.75597432454427,111.05416870117188,111.05416870117188,124,0.0,0.0
1986-10-03 00:00:00-04:00,0.0,122.15958452224731,118.45777893066406,118.45777893066406,447,0.0,0.0
1986-10-06 00:00:00-04:00,0.0,122.15958452224731,118.45777893066406,118.45777893066406,114,0.0,0.0
1986-10-07 00:00:00-04:00,0.0,125.86139011383057,118.45777893066406,118.45777893066406,106,0.0,0.0
1986-10-08 00:00:00-04:00,0.0,125.86139011383057,118.45777893066406,118.45777893066406,539,0.0,0.0
1986-10-09 00:00:00-04:00,0.0,125.86139011383057,118.45777893066406,118.45777893066406,55,0.0,0.0
1986-10-10 00:00:00-04:00,0.0,125.86139063681325,114.75597381591797,114.75597381591797,258,0.0,0.0
1986-10-13 00:00:00-04:00,0.0,125.86139063681325,114.75597381591797,114.75597381591797,3,0.0,0.0
1986-10-14 00:00:00-04:00,0.0,122.15958502984816,114.75597381591797,114.75597381591797,136,0.0,0.0
1986-10-15 00:00:00-04:00,0.0,125.86139011383057,118.45777893066406,118.45777893066406,136,0.0,0.0
1986-10-16 00:00:00-04:00,0.0,125.86139011383057,118.45777893066406,118.45777893066406,136,0.0,0.0
1986-10-17 00:00:00-04:00,0.0,122.15958502984816,114.75597381591797,114.75597381591797,508,0.0,0.0
1986-10-20 00:00:00-04:00,0.0,122.15958502984816,114.75597381591797,114.75597381591797,88,0.0,0.0
1986-10-21 00:00:00-04:00,0.0,122.15958502984816,114.75597381591797,114.75597381591797,289,0.0,0.0
1986-10-22 00:00:00-04:00,0.0,118.45777994791666,111.05416870117188,111.05416870117188,279,0.0,0.0
1986-10-23 00:00:00-04:00,0.0,118.45777994791666,111.05416870117188,111.05416870117188,267,0.0,0.0
1986-10-24 00:00:00-04:00,0.0,118.45777994791666,111.05416870117188,111.05416870117188,3,0.0,0.0
1986-10-27 00:00:00-05:00,0.0,118.45777994791666,111.05416870117188,111.05416870117188,170,0.0,0.0
1986-10-28 00:00:00-05:00,0.0,114.75597486824826,107.35236358642578,107.35236358642578,726,0.0,0.0
1986-10-29 00:00:00-05:00,0.0,114.75597486824826,107.35236358642578,107.35236358642578,77,0.0,0.0
1986-10-30 00:00:00-05:00,0.0,111.05416979108537,103.65055847167969,103.65055847167969,124,0.0,0.0
1986-10-31 00:00:00-05:00,0.0,111.05416979108537,103.65055847167969,103.65055847167969,73,0.0,0.0
1986-11-03 00:00:00-05:00,0.0,111.05416979108537,103.65055847167969,103.65055847167969,53,0.0,0.0
1986-11-04 00:00:00-05:00,0.0,111.05416979108537,103.65055847167969,103.65055847167969,165,0.0,0.0
1986-11-05 00:00:00-05:00,0.0,103.65055903682001,99.9487533569336,99.9487533569336,105,0.0,0.0
1986-11-06 00:00:00-05:00,0.0,99.9487539438101,96.2469482421875,96.2469482421875,203,0.0,0.0
1986-11-07 00:00:00-05:00,0.0,99.9487539438101,96.2469482421875,96.2469482421875,615,0.0,0.0
1986-11-10 00:00:00-05:00,0.0,96.24694124857585,88.84333038330078,88.84333038330078,289,0.0,0.0
1986-11-11 00:00:00-05:00,0.0,96.24694124857585,88.84333038330078,88.84333038330078,76,0.0,0.0
1986-11-12 00:00:00-05:00,0.0,96.24694124857585,88.84333038330078,88.84333038330078,55,0.0,0.0
1986-11-13 00:00:00-05:00,0.0,96.24694124857585,88.84333038330078,88.84333038330078,424,0.0,0.0
1986-11-14 00:00:00-05:00,0.0,92.54513616147248,85.14152526855469,85.14152526855469,561,0.0,0.0
1986-11-17 00:00:00-05:00,0.0,88.84333071501358,85.14152526855469,85.14152526855469,652,0.0,0.0
1986-11-18 00:00:00-05:00,0.0,92.54513616147248,85.14152526855469,85.14152526855469,285,0.0,0.0
1986-11-19 00:00:00-05:00,0.0,92.54513616147248,85.14152526855469,85.14152526855469,50,0.0,0.0
1986-11-20 00:00:00-05:00,0.0,92.54513616147248,85.14152526855469,85.14152526855469,30,0.0,0.0
1986-11-21 00:00:00-05:00,0.0,88.84333071501358,85.14152526855469,85.14152526855469,100,0.0,0.0
1986-11-24 00:00:00-05:00,0.0,88.84333071501358,85.14152526855469,85.14152526855469,535,0.0,0.0
1986-11-25 00:00:00-05:00,0.0,96.24694124857585,88.84333038330078,88.84333038330078,348,0.0,0.0
1986-11-26 00:00:00-05:00,0.0,96.24694124857585,88.84333038330078,88.84333038330078,158,0.0,0.0
1986-11-28 00:00:00-05:00,0.0,96.24694124857585,88.84333038330078,88.84333038330078,45,0.0,0.0
1986-12-01 00:00:00-05:00,0.0,96.24694124857585,88.84333038330078,88.84333038330078,433,0.0,0.0
1986-12-02 00:00:00-05:00,0.0,103.65056030273438,92.5451431274414,92.5451431274414,98,0.0,0.0
1986-12-03 00:00:00-05:00,0.0,99.94875457763672,92.5451431274414,92.5451431274414,511,0.0,0.0
1986-12-04 00:00:00-05:00,0.0,99.94875457763672,92.5451431274414,92.5451431274414,88,0.0,0.0
1986-12-05 00:00:00-05:00,0.0,92.54513581593832,88.84333038330078,88.84333038330078,106,0.0,0.0
1986-12-08 00:00:00-05:00,0.0,92.54513581593832,88.84333038330078,88.84333038330078,65,0.0,0.0
1986-12-09 00:00:00-05:00,0.0,96.24694885253906,92.5451431274414,92.5451431274414,68,0.0,0.0
1986-12-10 00:00:00-05:00,0.0,96.24694885253906,92.5451431274414,92.5451431274414,159,0.0,0.0
1986-12-11 00:00:00-05:00,0.0,92.54513581593832,88.84333038330078,88.84333038330078,136,0.0,0.0
1986-12-12 00:00:00-05:00,0.0,92.54513581593832,88.84333038330078,88.84333038330078,439,0.0,0.0
1986-12-15 00:00:00-05:00,0.0,92.54513581593832,88.84333038330078,88.84333038330078,641,0.0,0.0
1986-12-16 00:00:00-05:00,0.0,92.54513581593832,88.84333038330078,88.84333038330078,250,0.0,0.0
1986-12-17 00:00:00-05:00,0.0,96.24694124857585,88.84333038330078,88.84333038330078,564,0.0,0.0
1986-12-18 00:00:00-05:00,0.0,96.24694124857585,88.84333038330078,88.84333038330078,447,0.0,0.0
1986-12-19 00:00:00-05:00,0.0,92.54513616147248,85.14152526855469,85.14152526855469,295,0.0,0.0
1986-12-22 00:00:00-05:00,0.0,92.54513616147248,85.14152526855469,85.14152526855469,24,0.0,0.0
1986-12-23 00:00:00-05:00,0.0,88.8433310768821,81.4397201538086,81.4397201538086,1495,0.0,0.0
1986-12-24 00:00:00-05:00,0.0,85.14152561534534,81.4397201538086,81.4397201538086,550,0.0,0.0
1986-12-26 00:00:00-05:00,0.0,85.14152561534534,81.4397201538086,81.4397201538086,64,0.0,0.0
1986-12-29 00:00:00-05:00,0.0,85.14152561534534,81.4397201538086,81.4397201538086,191,0.0,0.0
1986-12-30 00:00:00-05:00,0.0,85.14152561534534,81.4397201538086,81.4397201538086,106,0.0,0.0
1986-12-31 00:00:00-05:00,0.0,85.14152561534534,81.4397201538086,81.4397201538086,115,0.0,0.0
1987-01-02 00:00:00-05:00,0.0,85.14152561534534,81.4397201538086,81.4397201538086,17,0.0,0.0
1987-01-05 00:00:00-05:00,0.0,85.14152561534534,81.4397201538086,81.4397201538086,20,0.0,0.0
1987-01-06 00:00:00-05:00,0.0,85.14152561534534,81.4397201538086,81.4397201538086,142,0.0,0.0
1987-01-07 00:00:00-05:00,0.0,85.14152561534534,81.4397201538086,81.4397201538086,189,0.0,0.0
1987-01-08 00:00:00-05:00,0.0,92.54513581593832,88.84333038330078,88.84333038330078,438,0.0,0.0
1987-01-09 00:00:00-05:00,0.0,88.8433310768821,81.4397201538086,81.4397201538086,239,0.0,0.0
1987-01-12 00:00:00-05:00,0.0,85.14152599516369,77.7379150390625,77.7379150390625,958,0.0,0.0
1987-01-13 00:00:00-05:00,0.0,85.14152599516369,77.7379150390625,77.7379150390625,61,0.0,0.0
1987-01-14 00:00:00-05:00,0.0,85.14152561534534,81.4397201538086,81.4397201538086,206,0.0,0.0
1987-01-15 00:00:00-05:00,0.0,85.14152561534534,81.4397201538086,81.4397201538086,335,0.0,0.0
1987-01-16 00:00:00-05:00,0.0,85.14152561534534,81.4397201538086,81.4397201538086,42,0.0,0.0
1987-01-19 00:00:00-05:00,0.0,92.54513616147248,85.14152526855469,85.14152526855469,1129,0.0,0.0
1987-01-20 00:00:00-05:00,0.0,96.24694124857585,88.84333038330078,88.84333038330078,2415,0.0,0.0
1987-01-21 00:00:00-05:00,0.0,107.35236413138253,103.65055847167969,103.65055847167969,1424,0.0,0.0
1987-01-22 00:00:00-05:00,0.0,111.05416979108537,103.65055847167969,103.65055847167969,1361,0.0,0.0
1987-01-23 00:00:00-05:00,0.0,107.35236471670645,99.9487533569336,99.9487533569336,409,0.0,0.0
1987-01-26 00:00:00-05:00,0.0,103.6505596454327,96.2469482421875,96.2469482421875,86,0.0,0.0
1987-01-27 00:00:00-05:00,0.0,99.9487539438101,96.2469482421875,96.2469482421875,508,0.0,0.0
1987-01-28 00:00:00-05:00,0.0,103.6505596454327,96.2469482421875,96.2469482421875,412,0.0,0.0
1987-01-29 00:00:00-05:00,0.0,107.35236471670645,99.9487533569336,99.9487533569336,730,0.0,0.0
1987-01-30 00:00:00-05:00,0.0,103.6505596454327,96.2469482421875,96.2469482421875,270,0.0,0.0
1987-02-02 00:00:00-05:00,0.0,107.35236471670645,99.9487533569336,99.9487533569336,317,0.0,0.0
1987-02-03 00:00:00-05:00,0.0,107.35236471670645,99.9487533569336,99.9487533569336,289,0.0,0.0
1987-02-04 00:00:00-05:00,0.0,107.35236413138253,103.65055847167969,103.65055847167969,579,0.0,0.0
1987-02-05 00:00:00-05:00,0.0,114.75597486824826,107.35236358642578,107.35236358642578,1014,0.0,0.0
1987-02-06 00:00:00-05:00,0.0,114.75597432454427,111.05416870117188,111.05416870117188,462,0.0,0.0
1987-02-09 00:00:00-05:00,0.0,114.75597432454427,111.05416870117188,111.05416870117188,608,0.0,0.0
1987-02-10 00:00:00-05:00,0.0,114.75597486824826,107.35236358642578,107.35236358642578,506,0.0,0.0
1987-02-11 00:00:00-05:00,0.0,114.75597432454427,111.05416870117188,111.05416870117188,330,0.0,0.0
1987-02-12 00:00:00-05:00,0.0,129.56319519967744,122.15958404541016,122.15958404541016,3594,0.0,0.0
1987-02-13 00:00:00-05:00,0.0,162.87944846929506,159.17764282226562,159.17764282226562,13550,0.0,0.0
1987-02-17 00:00:00-05:00,0.0,281.3372119140625,277.6354064941406,277.6354064941406,27776,0.0,0.0
1987-02-18 00:00:00-05:00,0.0,340.5661173502604,333.1625061035156,333.1625061035156,25706,0.0,0.0
1987-02-19 00:00:00-05:00,0.0,259.1263903993549,244.3191680908203,244.3191680908203,11453,0.0,0.0
1987-02-20 00:00:00-05:00,0.0,244.31916904449463,236.91555786132812,236.91555786132812,3121,0.0,0.0
1987-02-23 00:00:00-05:00,0.0,244.31917005969632,229.51194763183594,229.51194763183594,4111,0.0,0.0
1987-02-24 00:00:00-05:00,0.0,273.9336098564996,266.5299987792969,266.5299987792969,4477,0.0,0.0
1987-02-25 00:00:00-05:00,0.0,296.14444130345396,281.33721923828125,281.33721923828125,5289,0.0,0.0
1987-02-26 00:00:00-05:00,0.0,281.3372357342694,273.9336242675781,273.9336242675781,2150,0.0,0.0
1987-02-27 00:00:00-05:00,0.0,288.7408302708676,281.33721923828125,281.33721923828125,1980,0.0,0.0
1987-03-02 00:00:00-05:00,0.0,251.72278022766113,236.91555786132812,236.91555786132812,4267,0.0,0.0
1987-03-03 00:00:00-05:00,0.0,244.31917005969632,229.51194763183594,229.51194763183594,2341,0.0,0.0
1987-03-04 00:00:00-05:00,0.0,222.10833958217074,207.30111694335938,207.30111694335938,2642,0.0,0.0
1987-03-05 00:00:00-05:00,0.0,207.3011192908654,192.493896484375,192.493896484375,2445,0.0,0.0
1987-03-06 00:00:00-05:00,0.0,251.72278022766113,236.91555786132812,236.91555786132812,4292,0.0,0.0
1987-03-09 00:00:00-05:00,0.0,244.31916904449463,236.91555786132812,236.91555786132812,1185,0.0,0.0
1987-03-10 00:00:00-05:00,0.0,251.7227792450876,244.3191680908203,244.3191680908203,965,0.0,0.0
1987-03-11 00:00:00-05:00,0.0,251.7227792450876,244.3191680908203,244.3191680908203,988,0.0,0.0
1987-03-12 00:00:00-05:00,0.0,244.31916904449463,236.91555786132812,236.91555786132812,1168,0.0,0.0
1987-03-13 00:00:00-05:00,0.0,244.31917005969632,229.51194763183594,229.51194763183594,671,0.0,0.0
1987-03-16 00:00:00-05:00,0.0,236.91555989583333,222.10833740234375,222.10833740234375,498,0.0,0.0
1987-03-17 00:00:00-05:00,0.0,251.7227783203125,222.10833381204046,251.7227783203125,980,0.0,0.0
1987-03-18 00:00:00-05:00,0.0,266.5300015536222,236.91555693655303,244.3191680908203,2348,0.0,0.0
1987-03-19 00:00:00-05:00,0.0,259.1263903993549,236.91555693655303,244.3191680908203,1305,0.0,0.0
1987-03-20 00:00:00-05:00,0.0,244.31917114257814,214.70472615559896,222.10833740234375,1462,0.0,0.0
1987-03-23 00:00:00-05:00,0.0,244.31917005969632,222.10833641790575,229.51194763183594,1464,0.0,0.0
1987-03-24 00:00:00-05:00,0.0,244.31917005969632,229.51194763183594,229.51194763183594,918,0.0,0.0
1987-03-25 00:00:00-05:00,0.0,236.91555884576613,229.51194763183594,229.51194763183594,995,0.0,0.0
1987-03-26 00:00:00-05:00,0.0,236.91555884576613,222.10833641790575,229.51194763183594,533,0.0,0.0
1987-03-27 00:00:00-05:00,0.0,236.91555884576613,214.70472520397556,229.51194763183594,1329,0.0,0.0
1987-03-30 00:00:00-05:00,0.0,222.10834079318576,199.8975067138672,199.8975067138672,1139,0.0,0.0
1987-03-31 00:00:00-05:00,0.0,222.10833845467405,199.89750460920663,214.70472717285156,685,0.0,0.0
1987-04-01 00:00:00-05:00,0.0,222.10833958217074,207.30111694335938,207.30111694335938,789,0.0,0.0
1987-04-02 00:00:00-05:00,0.0,229.51194973649652,207.3011158910291,214.70472717285156,1042,0.0,0.0
1987-04-03 00:00:00-05:00,0.0,222.10833845467405,214.70472717285156,214.70472717285156,806,0.0,0.0
1987-04-06 00:00:00-04:00,0.0,229.51194973649652,207.3011158910291,214.70472717285156,1005,0.0,0.0
1987-04-07 00:00:00-04:00,0.0,214.70472826276506,207.30111694335938,207.30111694335938,759,0.0,0.0
1987-04-08 00:00:00-04:00,0.0,214.70472717285156,199.89750460920663,214.70472717285156,205,0.0,0.0
1987-04-09 00:00:00-04:00,0.0,214.70472717285156,199.89750460920663,214.70472717285156,139,0.0,0.0
1987-04-10 00:00:00-04:00,0.0,214.70472826276506,192.49389430454798,207.30111694335938,2164,0.0,0.0
1987-04-13 00:00:00-04:00,0.0,214.70472717285156,199.89750460920663,214.70472717285156,202,0.0,0.0
1987-04-14 00:00:00-04:00,0.0,214.7047306941106,177.6866736778846,192.493896484375,1830,0.0,0.0
1987-04-15 00:00:00-04:00,0.0,192.49389770507813,185.0902862548828,185.0902862548828,430,0.0,0.0
1987-04-16 00:00:00-04:00,0.0,192.49389770507813,185.0902862548828,185.0902862548828,297,0.0,0.0
1987-04-20 00:00:00-04:00,0.0,207.30111694335938,177.6866716657366,207.30111694335938,855,0.0,0.0
1987-04-21 00:00:00-04:00,0.0,207.3011192908654,192.493896484375,192.493896484375,609,0.0,0.0
1987-04-22 00:00:00-04:00,0.0,199.8975078876202,192.493896484375,192.493896484375,412,0.0,0.0
1987-04-23 00:00:00-04:00,0.0,222.10834079318576,192.49389535409432,199.8975067138672,586,0.0,0.0
1987-04-24 00:00:00-04:00,0.0,192.49389770507813,185.0902862548828,185.0902862548828,626,0.0,0.0
1987-04-27 00:00:00-04:00,0.0,192.49389770507813,177.6866748046875,185.0902862548828,302,0.0,0.0
1987-04-28 00:00:00-04:00,0.0,192.49389770507813,177.6866748046875,185.0902862548828,683,0.0,0.0
1987-04-29 00:00:00-04:00,0.0,192.4938824971517,177.68666076660156,177.68666076660156,211,0.0,0.0
1987-04-30 00:00:00-04:00,0.0,192.4938824971517,177.68666076660156,177.68666076660156,414,0.0,0.0
1987-05-01 00:00:00-04:00,0.0,192.49388399991122,148.07221846147016,162.8794403076172,2086,0.0,0.0
1987-05-04 00:00:00-04:00,0.0,162.87945087139423,133.26500525841345,144.37042236328125,1076,0.0,0.0
1987-05-05 00:00:00-04:00,0.0,155.47583084106444,140.66860885620116,148.0722198486328,536,0.0,0.0
1987-05-06 00:00:00-04:00,0.0,155.47583084106444,140.66860885620116,148.0722198486328,627,0.0,0.0
1987-05-07 00:00:00-04:00,0.0,148.07222065172698,140.66860961914062,140.66860961914062,1026,0.0,0.0
1987-05-08 00:00:00-04:00,0.0,155.475830078125,140.66860816592262,155.475830078125,642,0.0,0.0
1987-05-11 00:00:00-04:00,0.0,170.28305053710938,140.6686069654382,170.28305053710938,1102,0.0,0.0
1987-05-12 00:00:00-04:00,0.0,177.68666294642858,155.475830078125,155.475830078125,741,0.0,0.0
1987-05-13 00:00:00-04:00,0.0,192.493896484375,155.47583946814905,192.493896484375,3253,0.0,0.0
1987-05-14 00:00:00-04:00,0.0,214.7047306941106,185.09028508112982,192.493896484375,2398,0.0,0.0
1987-05-15 00:00:00-04:00,0.0,192.49388399991122,162.8794403076172,162.8794403076172,673,0.0,0.0
1987-05-18 00:00:00-04:00,0.0,177.68666143002716,162.87943964419156,170.28305053710938,374,0.0,0.0
1987-05-19 00:00:00-04:00,0.0,177.6866621537642,162.8794403076172,162.8794403076172,267,0.0,0.0
1987-05-20 00:00:00-04:00,0.0,170.28305199032738,148.07221912202382,155.475830078125,1141,0.0,0.0
1987-05-21 00:00:00-04:00,0.0,170.2830528259277,148.0722198486328,148.0722198486328,326,0.0,0.0
1987-05-22 00:00:00-04:00,0.0,162.8794403076172,148.07221846147016,162.8794403076172,42,0.0,0.0
1987-05-26 00:00:00-04:00,0.0,162.8794418334961,148.0722198486328,148.0722198486328,111,0.0,0.0
1987-05-27 00:00:00-04:00,0.0,162.8794410342262,148.07221912202382,155.475830078125,759,0.0,0.0
1987-05-28 00:00:00-04:00,0.0,155.47583084106444,140.66860885620116,148.0722198486328,523,0.0,0.0
1987-05-29 00:00:00-04:00,0.0,192.493896484375,148.07222806490384,192.493896484375,2288,0.0,0.0
1987-06-01 00:00:00-04:00,0.0,192.4938824971517,170.2830499013265,177.68666076660156,1447,0.0,0.0
1987-06-02 00:00:00-04:00,0.0,185.09027163187665,177.68666076660156,177.68666076660156,368,0.0,0.0
1987-06-03 00:00:00-04:00,0.0,185.09027232294497,170.28305053710938,170.28305053710938,385,0.0,0.0
1987-06-04 00:00:00-04:00,0.0,185.09027163187665,170.2830499013265,177.68666076660156,130,0.0,0.0
1987-06-05 00:00:00-04:00,0.0,192.493896484375,170.28306227463943,192.493896484375,1338,0.0,0.0
1987-06-08 00:00:00-04:00,0.0,192.49389770507813,185.0902862548828,185.0902862548828,1747,0.0,0.0
1987-06-09 00:00:00-04:00,0.0,199.89750915527344,177.6866748046875,185.0902862548828,718,0.0,0.0
1987-06-10 00:00:00-04:00,0.0,185.0902862548828,177.6866748046875,185.0902862548828,136,0.0,0.0
1987-06-11 00:00:00-04:00,0.0,185.0902862548828,177.6866748046875,185.0902862548828,230,0.0,0.0
1987-06-12 00:00:00-04:00,0.0,177.68666143002716,162.87943964419156,170.28305053710938,680,0.0,0.0
1987-06-15 00:00:00-04:00,0.0,170.2830512306907,155.4758293845437,162.8794403076172,339,0.0,0.0
1987-06-16 00:00:00-04:00,0.0,162.8794410342262,148.07221912202382,155.475830078125,365,0.0,0.0
1987-06-17 00:00:00-04:00,0.0,162.8794410342262,148.07221912202382,155.475830078125,245,0.0,0.0
1987-06-18 00:00:00-04:00,0.0,177.68666143002716,148.07221785835597,170.28305053710938,489,0.0,0.0
1987-06-19 00:00:00-04:00,0.0,177.68666143002716,162.87943964419156,170.28305053710938,588,0.0,0.0
1987-06-22 00:00:00-04:00,0.0,177.68666076660156,162.87943903605145,177.68666076660156,392,0.0,0.0
1987-06-23 00:00:00-04:00,0.0,177.6866621537642,162.8794403076172,162.8794403076172,182,0.0,0.0
1987-06-24 00:00:00-04:00,0.0,177.68666143002716,162.87943964419156,170.28305053710938,189,0.0,0.0
1987-06-25 00:00:00-04:00,0.0,170.28305053710938,155.47582875127378,170.28305053710938,402,0.0,0.0
1987-06-26 00:00:00-04:00,0.0,185.09027232294497,155.47582875127378,170.28305053710938,311,0.0,0.0
1987-06-29 00:00:00-04:00,0.0,185.09027163187665,170.2830499013265,177.68666076660156,368,0.0,0.0
1987-06-30 00:00:00-04:00,0.0,185.09027232294497,170.28305053710938,170.28305053710938,688,0.0,0.0
1987-07-01 00:00:00-04:00,0.0,173.98485669222745,162.8794403076172,162.8794403076172,273,0.0,0.0
1987-07-02 00:00:00-04:00,0.0,177.68666143002716,162.87943964419156,170.28305053710938,626,0.0,0.0
1987-07-06 00:00:00-04:00,0.0,185.09027307683772,162.8794403076172,162.8794403076172,711,0.0,0.0
1987-07-07 00:00:00-04:00,0.0,177.68666294642858,155.475830078125,155.475830078125,455,0.0,0.0
1987-07-08 00:00:00-04:00,0.0,170.2830512306907,148.07221846147016,162.8794403076172,747,0.0,0.0
1987-07-09 00:00:00-04:00,0.0,162.8794410342262,155.475830078125,155.475830078125,92,0.0,0.0
1987-07-10 00:00:00-04:00,0.0,162.8794403076172,155.4758293845437,162.8794403076172,224,0.0,0.0
1987-07-13 00:00:00-04:00,0.0,162.8794418334961,148.0722198486328,148.0722198486328,491,0.0,0.0
1987-07-14 00:00:00-04:00,0.0,155.475830078125,140.66860816592262,155.475830078125,712,0.0,0.0
1987-07-15 00:00:00-04:00,0.0,162.8794403076172,148.07221846147016,162.8794403076172,88,0.0,0.0
1987-07-16 00:00:00-04:00,0.0,162.8794403076172,148.07221846147016,162.8794403076172,280,0.0,0.0
1987-07-17 00:00:00-04:00,0.0,162.8794418334961,148.0722198486328,148.0722198486328,150,0.0,0.0
1987-07-20 00:00:00-04:00,0.0,155.47583084106444,148.0722198486328,148.0722198486328,282,0.0,0.0
1987-07-21 00:00:00-04:00,0.0,155.47583084106444,148.0722198486328,148.0722198486328,235,0.0,0.0
1987-07-22 00:00:00-04:00,0.0,155.47583168431333,140.66860961914062,140.66860961914062,594,0.0,0.0
1987-07-23 00:00:00-04:00,0.0,155.47583084106444,140.66860885620116,148.0722198486328,345,0.0,0.0
1987-07-24 00:00:00-04:00,0.0,155.47583168431333,140.66860961914062,140.66860961914062,750,0.0,0.0
1987-07-27 00:00:00-04:00,0.0,155.475830078125,140.66860816592262,155.475830078125,182,0.0,0.0
1987-07-28 00:00:00-04:00,0.0,155.47583084106444,140.66860885620116,148.0722198486328,344,0.0,0.0
1987-07-29 00:00:00-04:00,0.0,155.47583946814905,140.66861666165866,144.37042236328125,424,0.0,0.0
1987-07-30 00:00:00-04:00,0.0,148.0722198486328,140.66860885620116,148.0722198486328,397,0.0,0.0
1987-07-31 00:00:00-04:00,0.0,148.07222065172698,140.66860961914062,140.66860961914062,568,0.0,0.0
1987-08-03 00:00:00-04:00,0.0,148.07222065172698,140.66860961914062,140.66860961914062,314,0.0,0.0
1987-08-04 00:00:00-04:00,0.0,148.0722215440538,133.26499938964844,133.26499938964844,779,0.0,0.0
1987-08-05 00:00:00-04:00,0.0,155.475830078125,133.26499720982144,155.475830078125,761,0.0,0.0
1987-08-06 00:00:00-04:00,0.0,177.68666294642858,140.66860816592262,155.475830078125,1091,0.0,0.0
1987-08-07 00:00:00-04:00,0.0,170.28305199032738,155.475830078125,155.475830078125,389,0.0,0.0
1987-08-10 00:00:00-04:00,0.0,162.8794410342262,155.475830078125,155.475830078125,176,0.0,0.0
1987-08-11 00:00:00-04:00,0.0,162.8794418334961,148.0722198486328,148.0722198486328,391,0.0,0.0
1987-08-12 00:00:00-04:00,0.0,155.47583168431333,140.66860961914062,140.66860961914062,379,0.0,0.0
1987-08-13 00:00:00-04:00,0.0,148.0722215440538,133.26499938964844,133.26499938964844,798,0.0,0.0
1987-08-14 00:00:00-04:00,0.0,148.0722215440538,133.26499938964844,133.26499938964844,215,0.0,0.0
1987-08-17 00:00:00-04:00,0.0,140.66860961914062,125.86138755396793,140.66860961914062,1211,0.0,0.0
1987-08-18 00:00:00-04:00,0.0,140.66861046685113,125.86138831244574,133.26499938964844,1097,0.0,0.0
1987-08-19 00:00:00-04:00,0.0,155.47583168431333,133.26499858655427,140.66860961914062,638,0.0,0.0
1987-08-20 00:00:00-04:00,0.0,162.8794418334961,148.0722198486328,148.0722198486328,362,0.0,0.0
1987-08-21 00:00:00-04:00,0.0,162.8794418334961,140.66860885620116,148.0722198486328,398,0.0,0.0
1987-08-24 00:00:00-04:00,0.0,155.47583168431333,140.66860961914062,140.66860961914062,236,0.0,0.0
1987-08-25 00:00:00-04:00,0.0,155.47583168431333,133.26499858655427,140.66860961914062,362,0.0,0.0
1987-08-26 00:00:00-04:00,0.0,148.0722215440538,133.26499938964844,133.26499938964844,658,0.0,0.0
1987-08-27 00:00:00-04:00,0.0,140.66861046685113,125.86138831244574,133.26499938964844,353,0.0,0.0
1987-08-28 00:00:00-04:00,0.0,140.66860961914062,133.26499858655427,140.66860961914062,370,0.0,0.0
1987-08-31 00:00:00-04:00,0.0,140.66860961914062,125.86138755396793,140.66860961914062,221,0.0,0.0
1987-09-01 00:00:00-04:00,0.0,140.66861046685113,125.86138831244574,133.26499938964844,261,0.0,0.0
1987-09-02 00:00:00-04:00,0.0,140.66860961914062,125.86138755396793,140.66860961914062,188,0.0,0.0
1987-09-03 00:00:00-04:00,0.0,140.66861046685113,125.86138831244574,133.26499938964844,173,0.0,0.0
1987-09-04 00:00:00-04:00,0.0,133.26499938964844,125.86138831244574,133.26499938964844,95,0.0,0.0
1987-09-08 00:00:00-04:00,0.0,133.26500129699707,118.45777893066406,118.45777893066406,621,0.0,0.0
1987-09-09 00:00:00-04:00,0.0,133.26500028722427,118.45777803308825,125.86138916015625,645,0.0,0.0
1987-09-10 00:00:00-04:00,0.0,140.66861046685113,125.86138831244574,133.26499938964844,459,0.0,0.0
1987-09-11 00:00:00-04:00,0.0,140.66861046685113,133.26499938964844,133.26499938964844,148,0.0,0.0
1987-09-14 00:00:00-04:00,0.0,140.66860961914062,133.26499858655427,140.66860961914062,195,0.0,0.0
1987-09-15 00:00:00-04:00,0.0,155.47583366842832,125.86138916015625,125.86138916015625,321,0.0,0.0
1987-09-16 00:00:00-04:00,0.0,133.26500028722427,118.45777803308825,125.86138916015625,421,0.0,0.0
1987-09-17 00:00:00-04:00,0.0,133.26500129699707,118.45777893066406,118.45777893066406,226,0.0,0.0
1987-09-18 00:00:00-04:00,0.0,125.86139011383057,111.05416774749756,118.45777893066406,321,0.0,0.0
1987-09-21 00:00:00-04:00,0.0,133.26500028722427,111.05416690602023,125.86138916015625,877,0.0,0.0
1987-09-22 00:00:00-04:00,0.0,133.26499938964844,118.45777723524306,133.26499938964844,180,0.0,0.0
1987-09-23 00:00:00-04:00,0.0,125.86139011383057,118.45777893066406,118.45777893066406,302,0.0,0.0
1987-09-24 00:00:00-04:00,0.0,125.86139119466146,111.05416870117188,111.05416870117188,400,0.0,0.0
1987-09-25 00:00:00-04:00,0.0,125.86139011383057,111.05416774749756,118.45777893066406,179,0.0,0.0
1987-09-28 00:00:00-04:00,0.0,118.45777994791666,111.05416870117188,111.05416870117188,162,0.0,0.0
1987-09-29 00:00:00-04:00,0.0,125.86139119466146,111.05416870117188,111.05416870117188,102,0.0,0.0
1987-09-30 00:00:00-04:00,0.0,125.86139119466146,111.05416870117188,111.05416870117188,186,0.0,0.0
1987-10-01 00:00:00-04:00,0.0,125.86139119466146,111.05416870117188,111.05416870117188,727,0.0,0.0
1987-10-02 00:00:00-04:00,0.0,118.45778111049107,103.65055847167969,103.65055847167969,756,0.0,0.0
1987-10-05 00:00:00-04:00,0.0,118.45778111049107,103.65055847167969,103.65055847167969,248,0.0,0.0
1987-10-06 00:00:00-04:00,0.0,111.05417104867789,96.2469482421875,96.2469482421875,905,0.0,0.0
1987-10-07 00:00:00-04:00,0.0,111.05416979108537,103.65055847167969,103.65055847167969,823,0.0,0.0
1987-10-08 00:00:00-04:00,0.0,111.05416979108537,103.65055847167969,103.65055847167969,279,0.0,0.0
1987-10-09 00:00:00-04:00,0.0,111.05416870117188,96.2469462076823,111.05416870117188,326,0.0,0.0
1987-10-12 00:00:00-04:00,0.0,111.05416979108537,103.65055847167969,103.65055847167969,215,0.0,0.0
1987-10-13 00:00:00-04:00,0.0,111.05416870117188,103.65055745442709,111.05416870117188,335,0.0,0.0
1987-10-14 00:00:00-04:00,0.0,111.05416297912598,88.84333038330078,88.84333038330078,577,0.0,0.0
1987-10-15 00:00:00-04:00,0.0,103.6505596454327,88.8433368389423,96.2469482421875,230,0.0,0.0
1987-10-16 00:00:00-04:00,0.0,96.24694199995561,81.4397201538086,81.4397201538086,862,0.0,0.0
1987-10-19 00:00:00-04:00,0.0,88.84333419799805,51.82527828216553,59.22888946533203,1161,0.0,0.0
1987-10-20 00:00:00-04:00,0.0,88.84333190917968,51.82527694702148,74.0361099243164,2439,0.0,0.0
1987-10-21 00:00:00-04:00,0.0,111.05416979108537,77.73791885375977,103.65055847167969,1359,0.0,0.0
1987-10-22 00:00:00-04:00,0.0,103.65055292302912,74.03610923073508,81.4397201538086,1180,0.0,0.0
1987-10-23 00:00:00-04:00,0.0,81.43972135844983,70.33430480957031,70.33430480957031,300,0.0,0.0
1987-10-26 00:00:00-05:00,0.0,74.03611032586349,44.42166619551809,70.33430480957031,1523,0.0,0.0
1987-10-27 00:00:00-05:00,0.0,88.84333071501358,70.3343034827191,85.14152526855469,1073,0.0,0.0
1987-10-28 00:00:00-05:00,0.0,81.43972135844983,66.63249929327714,70.33430480957031,280,0.0,0.0
1987-10-29 00:00:00-05:00,0.0,77.73791631062825,66.63249969482422,66.63249969482422,380,0.0,0.0
1987-10-30 00:00:00-05:00,0.0,88.84333038330078,66.63249778747559,88.84333038330078,629,0.0,0.0
1987-11-02 00:00:00-05:00,0.0,88.8433310768821,74.03610923073508,81.4397201538086,189,0.0,0.0
1987-11-03 00:00:00-05:00,0.0,85.14152738783095,66.63249969482422,66.63249969482422,120,0.0,0.0
1987-11-04 00:00:00-05:00,0.0,81.43972091674804,66.63249893188477,74.0361099243164,197,0.0,0.0
1987-11-05 00:00:00-05:00,0.0,77.73791631062825,66.63249969482422,66.63249969482422,58,0.0,0.0
1987-11-06 00:00:00-05:00,0.0,77.73791631062825,66.63249969482422,66.63249969482422,36,0.0,0.0
1987-11-09 00:00:00-05:00,0.0,74.0361099243164,66.63249893188477,74.0361099243164,258,0.0,0.0
1987-11-10 00:00:00-05:00,0.0,74.0361107720269,66.63249969482422,66.63249969482422,220,0.0,0.0
1987-11-11 00:00:00-05:00,0.0,74.03611032586349,66.63249929327714,70.33430480957031,582,0.0,0.0
1987-11-12 00:00:00-05:00,0.0,74.03611127068015,59.22888901654412,62.930694580078125,983,0.0,0.0
1987-11-13 00:00:00-05:00,0.0,70.33430523342557,66.63249969482422,66.63249969482422,632,0.0,0.0
1987-11-16 00:00:00-05:00,0.0,70.33430523342557,66.63249969482422,66.63249969482422,294,0.0,0.0
1987-11-17 00:00:00-05:00,0.0,70.33430523342557,62.93069415622287,66.63249969482422,352,0.0,0.0
1987-11-18 00:00:00-05:00,0.0,70.33430480957031,62.930693776983965,70.33430480957031,679,0.0,0.0
1987-11-19 00:00:00-05:00,0.0,70.33430480957031,66.63249929327714,70.33430480957031,442,0.0,0.0
1987-11-20 00:00:00-05:00,0.0,70.33430480957031,66.63249929327714,70.33430480957031,503,0.0,0.0
1987-11-23 00:00:00-05:00,0.0,66.63249969482422,66.63249969482422,66.63249969482422,44,0.0,0.0
1987-11-24 00:00:00-05:00,0.0,70.33430480957031,66.63249929327714,70.33430480957031,612,0.0,0.0
1987-11-25 00:00:00-05:00,0.0,70.33430523342557,66.63249969482422,66.63249969482422,135,0.0,0.0
1987-11-27 00:00:00-05:00,0.0,70.33430523342557,66.63249969482422,66.63249969482422,127,0.0,0.0
1987-11-30 00:00:00-05:00,0.0,66.63250122070312,55.52708435058594,55.52708435058594,624,0.0,0.0
1987-12-01 00:00:00-05:00,0.0,62.93069505691528,51.82527828216553,59.22888946533203,1459,0.0,0.0
1987-12-02 00:00:00-05:00,0.0,62.93069505691528,55.52708387374878,59.22888946533203,526,0.0,0.0
1987-12-03 00:00:00-05:00,0.0,62.93069505691528,59.22888946533203,59.22888946533203,639,0.0,0.0
1987-12-04 00:00:00-05:00,0.0,62.93069505691528,59.22888946533203,59.22888946533203,1444,0.0,0.0
1987-12-07 00:00:00-05:00,0.0,62.93069559733073,55.52708435058594,55.52708435058594,318,0.0,0.0
1987-12-08 00:00:00-05:00,0.0,62.930696214948384,51.825279235839844,51.825279235839844,1114,0.0,0.0
1987-12-09 00:00:00-05:00,0.0,59.228890555245535,51.825279235839844,51.825279235839844,750,0.0,0.0
1987-12-10 00:00:00-05:00,0.0,59.228890555245535,51.825279235839844,51.825279235839844,374,0.0,0.0
1987-12-11 00:00:00-05:00,0.0,59.22888946533203,51.82527828216553,59.22888946533203,494,0.0,0.0
1987-12-14 00:00:00-05:00,0.0,59.228890555245535,51.825279235839844,51.825279235839844,855,0.0,0.0
1987-12-15 00:00:00-05:00,0.0,59.228890555245535,51.825279235839844,51.825279235839844,379,0.0,0.0
1987-12-16 00:00:00-05:00,0.0,59.228890555245535,51.825279235839844,51.825279235839844,250,0.0,0.0
1987-12-17 00:00:00-05:00,0.0,59.228890555245535,51.825279235839844,51.825279235839844,471,0.0,0.0
1987-12-18 00:00:00-05:00,0.0,59.22888946533203,51.82527828216553,59.22888946533203,524,0.0,0.0
1987-12-21 00:00:00-05:00,0.0,59.2288916015625,44.421668701171875,46.2725715637207,3982,0.0,0.0
1987-12-22 00:00:00-05:00,0.0,51.82527605692546,44.42166519165039,44.42166519165039,1461,0.0,0.0
1987-12-23 00:00:00-05:00,0.0,59.228890555245535,44.42166791643415,51.825279235839844,1089,0.0,0.0
1987-12-24 00:00:00-05:00,0.0,62.93069559733073,51.825278727213544,55.52708435058594,1026,0.0,0.0
1987-12-28 00:00:00-05:00,0.0,62.930696214948384,51.825279235839844,51.825279235839844,885,0.0,0.0
1987-12-29 00:00:00-05:00,0.0,59.228890555245535,48.123473576136995,51.825279235839844,761,0.0,0.0
1987-12-30 00:00:00-05:00,0.0,66.63249969482422,51.82527754041884,66.63249969482422,1782,0.0,0.0
1987-12-31 00:00:00-05:00,0.0,66.63250014361213,55.527083453010114,62.930694580078125,882,0.0,0.0
1988-01-04 00:00:00-05:00,0.0,62.930696214948384,51.825279235839844,51.825279235839844,480,0.0,0.0
1988-01-05 00:00:00-05:00,0.0,62.930694580078125,59.22888901654412,62.930694580078125,688,0.0,0.0
1988-01-06 00:00:00-05:00,0.0,66.63250014361213,59.22888901654412,62.930694580078125,374,0.0,0.0
1988-01-07 00:00:00-05:00,0.0,66.63250014361213,59.22888901654412,62.930694580078125,248,0.0,0.0
1988-01-08 00:00:00-05:00,0.0,66.63250064849854,59.22888946533203,59.22888946533203,412,0.0,0.0
1988-01-11 00:00:00-05:00,0.0,62.93069559733073,51.825278727213544,55.52708435058594,415,0.0,0.0
1988-01-12 00:00:00-05:00,0.0,62.93069559733073,55.52708435058594,55.52708435058594,67,0.0,0.0
1988-01-13 00:00:00-05:00,0.0,59.22888997395833,55.52708435058594,55.52708435058594,156,0.0,0.0
1988-01-14 00:00:00-05:00,0.0,59.22888946533203,59.22888946533203,59.22888946533203,680,0.0,0.0
1988-01-15 00:00:00-05:00,0.0,62.9306948112719,59.22888923413826,61.07979202270508,382,0.0,0.0
1988-01-18 00:00:00-05:00,0.0,62.93069505691528,59.22888946533203,59.22888946533203,123,0.0,0.0
1988-01-19 00:00:00-05:00,0.0,62.93069505691528,59.22888946533203,59.22888946533203,73,0.0,0.0
1988-01-20 00:00:00-05:00,0.0,62.93069505691528,59.22888946533203,59.22888946533203,218,0.0,0.0
1988-01-21 00:00:00-05:00,0.0,62.93069505691528,55.52708387374878,59.22888946533203,89,0.0,0.0
1988-01-22 00:00:00-05:00,0.0,66.63249969482422,59.22888861762153,66.63249969482422,385,0.0,0.0
1988-01-25 00:00:00-05:00,0.0,66.63250014361213,59.22888901654412,62.930694580078125,121,0.0,0.0
1988-01-26 00:00:00-05:00,0.0,61.07979226112366,59.22888946533203,59.22888946533203,262,0.0,0.0
1988-01-27 00:00:00-05:00,0.0,62.93069505691528,59.22888946533203,59.22888946533203,26,0.0,0.0
1988-01-28 00:00:00-05:00,0.0,96.24694124857585,62.93069235483806,88.84333038330078,2309,0.0,0.0
1988-01-29 00:00:00-05:00,0.0,88.8433310768821,66.63249830766158,81.4397201538086,632,0.0,0.0
1988-02-01 00:00:00-05:00,0.0,81.4397201538086,81.4397201538086,81.4397201538086,32,0.0,0.0
1988-02-02 00:00:00-05:00,0.0,81.43972091674804,66.63249893188477,74.0361099243164,223,0.0,0.0
1988-02-03 00:00:00-05:00,0.0,74.0361099243164,66.63249893188477,74.0361099243164,142,0.0,0.0
1988-02-04 00:00:00-05:00,0.0,74.0361107720269,66.63249969482422,66.63249969482422,165,0.0,0.0
1988-02-05 00:00:00-05:00,0.0,74.0361099243164,66.63249893188477,74.0361099243164,168,0.0,0.0
1988-02-08 00:00:00-05:00,0.0,74.0361107720269,66.63249969482422,66.63249969482422,111,0.0,0.0
1988-02-09 00:00:00-05:00,0.0,74.0361099243164,66.63249893188477,74.0361099243164,117,0.0,0.0
1988-02-10 00:00:00-05:00,0.0,74.0361099243164,66.63249893188477,74.0361099243164,94,0.0,0.0
1988-02-11 00:00:00-05:00,0.0,74.0361099243164,66.63249893188477,74.0361099243164,285,0.0,0.0
1988-02-12 00:00:00-05:00,0.0,81.43972091674804,74.0361099243164,74.0361099243164,241,0.0,0.0
1988-02-16 00:00:00-05:00,0.0,81.43972091674804,74.0361099243164,74.0361099243164,241,0.0,0.0
1988-02-17 00:00:00-05:00,0.0,81.43972091674804,70.33430442810058,74.0361099243164,394,0.0,0.0
1988-02-18 00:00:00-05:00,0.0,81.43972091674804,74.0361099243164,74.0361099243164,48,0.0,0.0
1988-02-19 00:00:00-05:00,0.0,81.43972091674804,74.0361099243164,74.0361099243164,98,0.0,0.0
1988-02-22 00:00:00-05:00,0.0,81.43972091674804,74.0361099243164,74.0361099243164,79,0.0,0.0
1988-02-23 00:00:00-05:00,0.0,81.43972091674804,74.0361099243164,74.0361099243164,155,0.0,0.0
1988-02-24 00:00:00-05:00,0.0,74.0361107720269,66.63249969482422,66.63249969482422,155,0.0,0.0
1988-02-25 00:00:00-05:00,0.0,77.73791631062825,66.63249969482422,66.63249969482422,212,0.0,0.0
1988-02-26 00:00:00-05:00,0.0,77.73791631062825,66.63249969482422,66.63249969482422,521,0.0,0.0
1988-02-29 00:00:00-05:00,0.0,74.03611183166504,59.22888946533203,59.22888946533203,282,0.0,0.0
1988-03-01 00:00:00-05:00,0.0,70.33430523342557,59.22888861762153,66.63249969482422,189,0.0,0.0
1988-03-02 00:00:00-05:00,0.0,66.63249969482422,59.22888861762153,66.63249969482422,29,0.0,0.0
1988-03-03 00:00:00-05:00,0.0,66.63249969482422,59.22888861762153,66.63249969482422,8,0.0,0.0
1988-03-04 00:00:00-05:00,0.0,66.63250064849854,59.22888946533203,59.22888946533203,26,0.0,0.0
1988-03-07 00:00:00-05:00,0.0,59.22888946533203,59.22888946533203,59.22888946533203,15,0.0,0.0
1988-03-08 00:00:00-05:00,0.0,66.63249969482422,59.22888861762153,66.63249969482422,39,0.0,0.0
1988-03-09 00:00:00-05:00,0.0,88.84333147321429,70.33430408296131,77.7379150390625,1827,0.0,0.0
1988-03-10 00:00:00-05:00,0.0,88.8433310768821,74.03610923073508,81.4397201538086,1961,0.0,0.0
1988-03-11 00:00:00-05:00,0.0,77.7379150390625,74.03610956101191,77.7379150390625,150,0.0,0.0
1988-03-14 00:00:00-05:00,0.0,81.4397201538086,74.03610923073508,81.4397201538086,177,0.0,0.0
1988-03-15 00:00:00-05:00,0.0,81.4397205171131,74.03610956101191,77.7379150390625,379,0.0,0.0
1988-03-16 00:00:00-05:00,0.0,77.73791584215667,70.33430480957031,70.33430480957031,138,0.0,0.0
1988-03-17 00:00:00-05:00,0.0,70.33430480957031,70.33430480957031,70.33430480957031,33,0.0,0.0
1988-03-18 00:00:00-05:00,0.0,77.73791584215667,70.33430480957031,70.33430480957031,268,0.0,0.0
1988-03-21 00:00:00-05:00,0.0,77.73791542053222,74.0361099243164,74.0361099243164,459,0.0,0.0
1988-03-22 00:00:00-05:00,0.0,81.43972091674804,74.0361099243164,74.0361099243164,386,0.0,0.0
1988-03-23 00:00:00-05:00,0.0,77.73791584215667,70.33430480957031,70.33430480957031,83,0.0,0.0
1988-03-24 00:00:00-05:00,0.0,74.0361107720269,62.93069415622287,66.63249969482422,1002,0.0,0.0
1988-03-25 00:00:00-05:00,0.0,70.33430960518973,64.78160095214844,64.78160095214844,317,0.0,0.0
1988-03-28 00:00:00-05:00,0.0,70.33430523342557,66.63249969482422,66.63249969482422,20,0.0,0.0
1988-03-29 00:00:00-05:00,0.0,70.33430480957031,66.63249929327714,70.33430480957031,111,0.0,0.0
1988-03-30 00:00:00-05:00,0.0,74.0361099243164,66.63249893188477,74.0361099243164,162,0.0,0.0
1988-03-31 00:00:00-05:00,0.0,74.0361107720269,66.63249969482422,66.63249969482422,62,0.0,0.0
1988-04-04 00:00:00-04:00,0.0,74.03611032586349,66.63249929327714,70.33430480957031,426,0.0,0.0
1988-04-05 00:00:00-04:00,0.0,81.4397205171131,70.33430408296131,77.7379150390625,1191,0.0,0.0
1988-04-06 00:00:00-04:00,0.0,81.43972091674804,70.33430442810058,74.0361099243164,141,0.0,0.0
1988-04-07 00:00:00-04:00,0.0,81.43972091674804,74.0361099243164,74.0361099243164,124,0.0,0.0
1988-04-08 00:00:00-04:00,0.0,81.43972091674804,74.0361099243164,74.0361099243164,441,0.0,0.0
1988-04-11 00:00:00-04:00,0.0,77.73791542053222,74.0361099243164,74.0361099243164,153,0.0,0.0
1988-04-12 00:00:00-04:00,0.0,74.03611032586349,70.33430480957031,70.33430480957031,152,0.0,0.0
1988-04-13 00:00:00-04:00,0.0,74.03611032586349,70.33430480957031,70.33430480957031,100,0.0,0.0
1988-04-14 00:00:00-04:00,0.0,74.03611032586349,66.63249929327714,70.33430480957031,209,0.0,0.0
1988-04-15 00:00:00-04:00,0.0,70.33430480957031,62.930693776983965,70.33430480957031,133,0.0,0.0
1988-04-18 00:00:00-04:00,0.0,66.63250014361213,59.22888901654412,62.930694580078125,132,0.0,0.0
1988-04-19 00:00:00-04:00,0.0,70.33430480957031,62.930693776983965,70.33430480957031,52,0.0,0.0
1988-04-20 00:00:00-04:00,0.0,70.33430570714614,62.930694580078125,62.930694580078125,62,0.0,0.0
1988-04-21 00:00:00-04:00,0.0,66.63249969482422,62.93069415622287,66.63249969482422,89,0.0,0.0
1988-04-22 00:00:00-04:00,0.0,62.93069505691528,59.22888946533203,59.22888946533203,18,0.0,0.0
1988-04-25 00:00:00-04:00,0.0,62.930694580078125,62.930694580078125,62.930694580078125,3,0.0,0.0
1988-04-26 00:00:00-04:00,0.0,66.63249969482422,62.93069415622287,66.63249969482422,142,0.0,0.0
1988-04-27 00:00:00-04:00,0.0,66.63249969482422,62.93069415622287,66.63249969482422,112,0.0,0.0
1988-04-28 00:00:00-04:00,0.0,66.63250014361213,62.930694580078125,62.930694580078125,289,0.0,0.0
1988-04-29 00:00:00-04:00,0.0,70.33430480957031,62.930693776983965,70.33430480957031,58,0.0,0.0
1988-05-02 00:00:00-04:00,0.0,62.930694580078125,62.930694580078125,62.930694580078125,165,0.0,0.0
1988-05-03 00:00:00-04:00,0.0,64.78160095214844,62.93069806780134,64.78160095214844,288,0.0,0.0
1988-05-04 00:00:00-04:00,0.0,59.22888946533203,59.22888946533203,59.22888946533203,77,0.0,0.0
1988-05-05 00:00:00-04:00,0.0,62.930694580078125,59.22888901654412,62.930694580078125,245,0.0,0.0
1988-05-06 00:00:00-04:00,0.0,66.63249969482422,59.22888861762153,66.63249969482422,117,0.0,0.0
1988-05-09 00:00:00-04:00,0.0,59.22888946533203,59.22888946533203,59.22888946533203,67,0.0,0.0
1988-05-10 00:00:00-04:00,0.0,74.0361099243164,59.228887939453124,74.0361099243164,711,0.0,0.0
1988-05-11 00:00:00-04:00,0.0,74.0361107720269,66.63249969482422,66.63249969482422,198,0.0,0.0
1988-05-12 00:00:00-04:00,0.0,70.33430480957031,62.930693776983965,70.33430480957031,214,0.0,0.0
1988-05-13 00:00:00-04:00,0.0,70.33430570714614,62.930694580078125,62.930694580078125,67,0.0,0.0
1988-05-16 00:00:00-04:00,0.0,62.930694580078125,62.930694580078125,62.930694580078125,35,0.0,0.0
1988-05-17 00:00:00-04:00,0.0,70.33430523342557,62.93069415622287,66.63249969482422,383,0.0,0.0
1988-05-18 00:00:00-04:00,0.0,62.930694580078125,62.930694580078125,62.930694580078125,95,0.0,0.0
1988-05-19 00:00:00-04:00,0.0,66.63249969482422,62.93069415622287,66.63249969482422,124,0.0,0.0
1988-05-20 00:00:00-04:00,0.0,66.63249969482422,62.93069415622287,66.63249969482422,253,0.0,0.0
1988-05-23 00:00:00-04:00,0.0,66.63250014361213,62.930694580078125,62.930694580078125,283,0.0,0.0
1988-05-24 00:00:00-04:00,0.0,81.43972135844983,62.930693776983965,70.33430480957031,1529,0.0,0.0
1988-05-25 00:00:00-04:00,0.0,81.43972135844983,70.33430480957031,70.33430480957031,145,0.0,0.0
1988-05-26 00:00:00-04:00,0.0,74.0361099243164,66.63249893188477,74.0361099243164,100,0.0,0.0
1988-05-27 00:00:00-04:00,0.0,77.73791542053222,66.63249893188477,74.0361099243164,100,0.0,0.0
1988-05-31 00:00:00-04:00,0.0,74.0361099243164,74.0361099243164,74.0361099243164,53,0.0,0.0
1988-06-01 00:00:00-04:00,0.0,77.73791542053222,66.63249893188477,74.0361099243164,348,0.0,0.0
1988-06-02 00:00:00-04:00,0.0,66.63249969482422,66.63249969482422,66.63249969482422,102,0.0,0.0
1988-06-03 00:00:00-04:00,0.0,74.0361099243164,66.63249893188477,74.0361099243164,214,0.0,0.0
1988-06-06 00:00:00-04:00,0.0,74.0361099243164,66.63249893188477,74.0361099243164,71,0.0,0.0
1988-06-07 00:00:00-04:00,0.0,66.63249969482422,66.63249969482422,66.63249969482422,5,0.0,0.0
1988-06-08 00:00:00-04:00,0.0,74.0361099243164,66.63249893188477,74.0361099243164,97,0.0,0.0
1988-06-09 00:00:00-04:00,0.0,66.63249969482422,66.63249969482422,66.63249969482422,12,0.0,0.0
1988-06-10 00:00:00-04:00,0.0,66.63249969482422,66.63249969482422,66.63249969482422,42,0.0,0.0
1988-06-13 00:00:00-04:00,0.0,70.33430570714614,62.930694580078125,62.930694580078125,448,0.0,0.0
1988-06-14 00:00:00-04:00,0.0,70.33430480957031,66.63249929327714,70.33430480957031,98,0.0,0.0
1988-06-15 00:00:00-04:00,0.0,70.33430523342557,66.63249969482422,66.63249969482422,138,0.0,0.0
1988-06-16 00:00:00-04:00,0.0,70.33430480957031,66.63249929327714,70.33430480957031,18,0.0,0.0
1988-06-17 00:00:00-04:00,0.0,70.33430523342557,66.63249969482422,66.63249969482422,83,0.0,0.0
1988-06-20 00:00:00-04:00,0.0,66.63250014361213,59.22888901654412,62.930694580078125,270,0.0,0.0
1988-06-21 00:00:00-04:00,0.0,66.63250064849854,59.22888946533203,59.22888946533203,136,0.0,0.0
1988-06-22 00:00:00-04:00,0.0,66.63249969482422,59.22888861762153,66.63249969482422,114,0.0,0.0
1988-06-23 00:00:00-04:00,0.0,62.930694580078125,59.22888901654412,62.930694580078125,824,0.0,0.0
1988-06-24 00:00:00-04:00,0.0,66.63250064849854,59.22888946533203,59.22888946533203,1450,0.0,0.0
1988-06-27 00:00:00-04:00,0.0,62.93069505691528,59.22888946533203,59.22888946533203,65,0.0,0.0
1988-06-28 00:00:00-04:00,0.0,62.930694580078125,59.22888901654412,62.930694580078125,621,0.0,0.0
1988-06-29 00:00:00-04:00,0.0,66.63250064849854,59.22888946533203,59.22888946533203,42,0.0,0.0
1988-06-30 00:00:00-04:00,0.0,59.22888946533203,59.22888946533203,59.22888946533203,38,0.0,0.0
1988-07-01 00:00:00-04:00,0.0,66.63250064849854,59.22888946533203,59.22888946533203,147,0.0,0.0
1988-07-05 00:00:00-04:00,0.0,66.63250014361213,59.22888901654412,62.930694580078125,576,0.0,0.0
1988-07-06 00:00:00-04:00,0.0,74.0361107720269,66.63249969482422,66.63249969482422,411,0.0,0.0
1988-07-07 00:00:00-04:00,0.0,70.33430480957031,62.930693776983965,70.33430480957031,171,0.0,0.0
1988-07-08 00:00:00-04:00,0.0,81.43972135844983,66.63249929327714,70.33430480957031,403,0.0,0.0
1988-07-11 00:00:00-04:00,0.0,81.43972091674804,70.33430442810058,74.0361099243164,1186,0.0,0.0
1988-07-12 00:00:00-04:00,0.0,81.43972091674804,74.0361099243164,74.0361099243164,262,0.0,0.0
1988-07-13 00:00:00-04:00,0.0,77.73791542053222,74.0361099243164,74.0361099243164,83,0.0,0.0
1988-07-14 00:00:00-04:00,0.0,88.84333147321429,74.03610956101191,77.7379150390625,617,0.0,0.0
1988-07-15 00:00:00-04:00,0.0,85.14152561534534,74.03610923073508,81.4397201538086,371,0.0,0.0
1988-07-18 00:00:00-04:00,0.0,81.43972091674804,74.0361099243164,74.0361099243164,848,0.0,0.0
1988-07-19 00:00:00-04:00,0.0,85.14152599516369,74.03610956101191,77.7379150390625,165,0.0,0.0
1988-07-20 00:00:00-04:00,0.0,85.14152561534534,77.73791469227184,81.4397201538086,262,0.0,0.0
1988-07-21 00:00:00-04:00,0.0,85.14152599516369,77.7379150390625,77.7379150390625,152,0.0,0.0
1988-07-22 00:00:00-04:00,0.0,81.4397205171131,77.7379150390625,77.7379150390625,147,0.0,0.0
1988-07-25 00:00:00-04:00,0.0,81.4397201538086,74.03610923073508,81.4397201538086,121,0.0,0.0
1988-07-26 00:00:00-04:00,0.0,81.43972091674804,74.0361099243164,74.0361099243164,41,0.0,0.0
1988-07-27 00:00:00-04:00,0.0,74.03611032586349,70.33430480957031,70.33430480957031,408,0.0,0.0
1988-07-28 00:00:00-04:00,0.0,70.33430480957031,70.33430480957031,70.33430480957031,9,0.0,0.0
1988-07-29 00:00:00-04:00,0.0,77.73791584215667,70.33430480957031,70.33430480957031,21,0.0,0.0
1988-08-01 00:00:00-04:00,0.0,77.73791542053222,70.33430442810058,74.0361099243164,55,0.0,0.0
1988-08-02 00:00:00-04:00,0.0,70.33430480957031,70.33430480957031,70.33430480957031,24,0.0,0.0
1988-08-03 00:00:00-04:00,0.0,77.73791584215667,70.33430480957031,70.33430480957031,139,0.0,0.0
1988-08-04 00:00:00-04:00,0.0,77.73791631062825,66.63249969482422,66.63249969482422,376,0.0,0.0
1988-08-05 00:00:00-04:00,0.0,74.0361099243164,62.93069343566894,74.0361099243164,129,0.0,0.0
1988-08-08 00:00:00-04:00,0.0,74.0361107720269,66.63249969482422,66.63249969482422,247,0.0,0.0
1988-08-09 00:00:00-04:00,0.0,70.33430523342557,66.63249969482422,66.63249969482422,223,0.0,0.0
1988-08-10 00:00:00-04:00,0.0,70.33430523342557,66.63249969482422,66.63249969482422,617,0.0,0.0
1988-08-11 00:00:00-04:00,0.0,62.930694580078125,62.930694580078125,62.930694580078125,59,0.0,0.0
1988-08-12 00:00:00-04:00,0.0,62.93069505691528,59.22888946533203,59.22888946533203,115,0.0,0.0
1988-08-15 00:00:00-04:00,0.0,66.63250064849854,59.22888946533203,59.22888946533203,18,0.0,0.0
1988-08-16 00:00:00-04:00,0.0,66.63249969482422,59.22888861762153,66.63249969482422,41,0.0,0.0
1988-08-17 00:00:00-04:00,0.0,66.63250064849854,59.22888946533203,59.22888946533203,442,0.0,0.0
1988-08-18 00:00:00-04:00,0.0,62.93069505691528,59.22888946533203,59.22888946533203,171,0.0,0.0
1988-08-19 00:00:00-04:00,0.0,62.930694580078125,59.22888901654412,62.930694580078125,138,0.0,0.0
1988-08-22 00:00:00-04:00,0.0,62.9306948112719,59.22888923413826,61.07979202270508,191,0.0,0.0
1988-08-23 00:00:00-04:00,0.0,62.93069505691528,59.22888946533203,59.22888946533203,94,0.0,0.0
1988-08-24 00:00:00-04:00,0.0,62.930694580078125,59.22888901654412,62.930694580078125,126,0.0,0.0
1988-08-25 00:00:00-04:00,0.0,62.93069505691528,59.22888946533203,59.22888946533203,220,0.0,0.0
1988-08-26 00:00:00-04:00,0.0,59.22888946533203,59.22888946533203,59.22888946533203,2,0.0,0.0
1988-08-29 00:00:00-04:00,0.0,66.63250064849854,59.22888946533203,59.22888946533203,174,0.0,0.0
1988-08-30 00:00:00-04:00,0.0,59.22888946533203,59.22888946533203,59.22888946533203,426,0.0,0.0
1988-08-31 00:00:00-04:00,0.0,61.07979226112366,59.22888946533203,59.22888946533203,367,0.0,0.0
1988-09-01 00:00:00-04:00,0.0,59.22888946533203,59.22888946533203,59.22888946533203,15,0.0,0.0
1988-09-02 00:00:00-04:00,0.0,55.52708435058594,55.52708435058594,55.52708435058594,18,0.0,0.0
1988-09-06 00:00:00-04:00,0.0,62.93069559733073,55.52708435058594,55.52708435058594,200,0.0,0.0
1988-09-07 00:00:00-04:00,0.0,62.930694580078125,62.930694580078125,62.930694580078125,30,0.0,0.0
1988-09-08 00:00:00-04:00,0.0,59.22888946533203,55.52708387374878,59.22888946533203,95,0.0,0.0
1988-09-09 00:00:00-04:00,0.0,59.22888946533203,55.52708387374878,59.22888946533203,45,0.0,0.0
1988-09-12 00:00:00-04:00,0.0,59.22888946533203,55.52708387374878,59.22888946533203,32,0.0,0.0
1988-09-13 00:00:00-04:00,0.0,62.93069559733073,55.52708435058594,55.52708435058594,95,0.0,0.0
1988-09-14 00:00:00-04:00,0.0,66.63250064849854,55.52708387374878,59.22888946533203,548,0.0,0.0
1988-09-15 00:00:00-04:00,0.0,66.63249969482422,59.22888861762153,66.63249969482422,21,0.0,0.0
1988-09-16 00:00:00-04:00,0.0,62.93069505691528,59.22888946533203,59.22888946533203,241,0.0,0.0
1988-09-19 00:00:00-04:00,0.0,66.63249969482422,59.22888861762153,66.63249969482422,42,0.0,0.0
1988-09-20 00:00:00-04:00,0.0,77.73791542053222,66.63249893188477,74.0361099243164,603,0.0,0.0
1988-09-21 00:00:00-04:00,0.0,85.14152687474301,70.33430480957031,70.33430480957031,947,0.0,0.0
1988-09-22 00:00:00-04:00,0.0,77.73791584215667,66.63249929327714,70.33430480957031,314,0.0,0.0
1988-09-23 00:00:00-04:00,0.0,74.0361099243164,66.63249893188477,74.0361099243164,70,0.0,0.0
1988-09-26 00:00:00-04:00,0.0,74.03611032586349,66.63249929327714,70.33430480957031,173,0.0,0.0
1988-09-27 00:00:00-04:00,0.0,77.7379150390625,70.33430408296131,77.7379150390625,233,0.0,0.0
1988-09-28 00:00:00-04:00,0.0,77.7379150390625,70.33430408296131,77.7379150390625,53,0.0,0.0
1988-09-29 00:00:00-04:00,0.0,77.7379150390625,70.33430408296131,77.7379150390625,50,0.0,0.0
1988-09-30 00:00:00-04:00,0.0,74.03611032586349,70.33430480957031,70.33430480957031,277,0.0,0.0
1988-10-03 00:00:00-04:00,0.0,74.03611032586349,66.63249929327714,70.33430480957031,244,0.0,0.0
1988-10-04 00:00:00-04:00,0.0,70.33430480957031,62.930693776983965,70.33430480957031,309,0.0,0.0
1988-10-05 00:00:00-04:00,0.0,70.33430480957031,62.930693776983965,70.33430480957031,123,0.0,0.0
1988-10-06 00:00:00-04:00,0.0,70.33430480957031,62.930693776983965,70.33430480957031,414,0.0,0.0
1988-10-07 00:00:00-04:00,0.0,70.33430480957031,66.63249929327714,70.33430480957031,50,0.0,0.0
1988-10-10 00:00:00-04:00,0.0,85.14152561534534,70.33430376919833,81.4397201538086,1368,0.0,0.0
1988-10-11 00:00:00-04:00,0.0,81.4397201538086,70.33430376919833,81.4397201538086,188,0.0,0.0
1988-10-12 00:00:00-04:00,0.0,81.43972135844983,70.33430480957031,70.33430480957031,192,0.0,0.0
1988-10-13 00:00:00-04:00,0.0,77.73791584215667,70.33430480957031,70.33430480957031,139,0.0,0.0
1988-10-14 00:00:00-04:00,0.0,74.0361099243164,66.63249893188477,74.0361099243164,65,0.0,0.0
1988-10-17 00:00:00-04:00,0.0,77.7379150390625,70.33430408296131,77.7379150390625,614,0.0,0.0
1988-10-18 00:00:00-04:00,0.0,77.73791542053222,70.33430442810058,74.0361099243164,902,0.0,0.0
1988-10-19 00:00:00-04:00,0.0,77.7379150390625,74.03610956101191,77.7379150390625,189,0.0,0.0
1988-10-20 00:00:00-04:00,0.0,81.4397205171131,74.03610956101191,77.7379150390625,752,0.0,0.0
1988-10-21 00:00:00-04:00,0.0,85.14152599516369,77.7379150390625,77.7379150390625,127,0.0,0.0
1988-10-24 00:00:00-04:00,0.0,85.14152526855469,77.73791437563689,85.14152526855469,112,0.0,0.0
1988-10-25 00:00:00-04:00,0.0,85.14152561534534,77.73791469227184,81.4397201538086,244,0.0,0.0
1988-10-26 00:00:00-04:00,0.0,81.4397205171131,77.7379150390625,77.7379150390625,136,0.0,0.0
1988-10-27 00:00:00-04:00,0.0,81.4397205171131,74.03610956101191,77.7379150390625,264,0.0,0.0
1988-10-28 00:00:00-04:00,0.0,81.43972091674804,74.0361099243164,74.0361099243164,218,0.0,0.0
1988-10-31 00:00:00-05:00,0.0,77.7379150390625,74.03610956101191,77.7379150390625,79,0.0,0.0
1988-11-01 00:00:00-05:00,0.0,66.63249969482422,66.63249969482422,66.63249969482422,98,0.0,0.0
1988-11-02 00:00:00-05:00,0.0,66.63249969482422,66.63249969482422,66.63249969482422,53,0.0,0.0
1988-11-03 00:00:00-05:00,0.0,74.0361099243164,74.0361099243164,74.0361099243164,5,0.0,0.0
1988-11-04 00:00:00-05:00,0.0,74.0361107720269,66.63249969482422,66.63249969482422,53,0.0,0.0
1988-11-07 00:00:00-05:00,0.0,74.0361107720269,66.63249969482422,66.63249969482422,408,0.0,0.0
1988-11-08 00:00:00-05:00,0.0,74.0361107720269,66.63249969482422,66.63249969482422,120,0.0,0.0
1988-11-09 00:00:00-05:00,0.0,74.03611032586349,62.930693776983965,70.33430480957031,882,0.0,0.0
1988-11-10 00:00:00-05:00,0.0,62.930694580078125,62.930694580078125,62.930694580078125,2,0.0,0.0
1988-11-11 00:00:00-05:00,0.0,70.33430570714614,62.930694580078125,62.930694580078125,91,0.0,0.0
1988-11-14 00:00:00-05:00,0.0,70.33430570714614,62.930694580078125,62.930694580078125,38,0.0,0.0
1988-11-15 00:00:00-05:00,0.0,70.33430570714614,62.930694580078125,62.930694580078125,95,0.0,0.0
1988-11-16 00:00:00-05:00,0.0,70.33430570714614,62.930694580078125,62.930694580078125,133,0.0,0.0
1988-11-17 00:00:00-05:00,0.0,66.63250014361213,62.930694580078125,62.930694580078125,173,0.0,0.0
1988-11-18 00:00:00-05:00,0.0,70.33430480957031,62.930693776983965,70.33430480957031,167,0.0,0.0
1988-11-21 00:00:00-05:00,0.0,62.930694580078125,62.930694580078125,62.930694580078125,106,0.0,0.0
1988-11-22 00:00:00-05:00,0.0,66.63249969482422,62.93069415622287,66.63249969482422,32,0.0,0.0
1988-11-23 00:00:00-05:00,0.0,62.930694580078125,62.930694580078125,62.930694580078125,17,0.0,0.0
1988-11-25 00:00:00-05:00,0.0,62.930694580078125,62.930694580078125,62.930694580078125,114,0.0,0.0
1988-11-28 00:00:00-05:00,0.0,66.63250014361213,62.930694580078125,62.930694580078125,145,0.0,0.0
1988-11-29 00:00:00-05:00,0.0,62.93069505691528,59.22888946533203,59.22888946533203,364,0.0,0.0
1988-11-30 00:00:00-05:00,0.0,62.93069505691528,59.22888946533203,59.22888946533203,294,0.0,0.0
1988-12-01 00:00:00-05:00,0.0,59.22888946533203,55.52708387374878,59.22888946533203,171,0.0,0.0
1988-12-02 00:00:00-05:00,0.0,59.22888946533203,55.52708387374878,59.22888946533203,238,0.0,0.0
1988-12-05 00:00:00-05:00,0.0,59.22888997395833,55.52708435058594,55.52708435058594,241,0.0,0.0
1988-12-06 00:00:00-05:00,0.0,59.22888946533203,55.52708387374878,59.22888946533203,241,0.0,0.0
1988-12-07 00:00:00-05:00,0.0,59.22888997395833,55.52708435058594,55.52708435058594,95,0.0,0.0
1988-12-08 00:00:00-05:00,0.0,59.22888946533203,55.52708387374878,59.22888946533203,317,0.0,0.0
1988-12-09 00:00:00-05:00,0.0,62.93069505691528,59.22888946533203,59.22888946533203,86,0.0,0.0
1988-12-12 00:00:00-05:00,0.0,62.93069505691528,59.22888946533203,59.22888946533203,233,0.0,0.0
1988-12-13 00:00:00-05:00,0.0,62.93069505691528,59.22888946533203,59.22888946533203,236,0.0,0.0
1988-12-14 00:00:00-05:00,0.0,59.228890555245535,51.825279235839844,51.825279235839844,662,0.0,0.0
1988-12-15 00:00:00-05:00,0.0,55.52708435058594,51.825278727213544,55.52708435058594,553,0.0,0.0
1988-12-16 00:00:00-05:00,0.0,55.52708435058594,51.825278727213544,55.52708435058594,223,0.0,0.0
1988-12-19 00:00:00-05:00,0.0,55.52708435058594,51.825278727213544,55.52708435058594,98,0.0,0.0
1988-12-20 00:00:00-05:00,0.0,51.825279235839844,51.825279235839844,51.825279235839844,345,0.0,0.0
1988-12-21 00:00:00-05:00,0.0,59.22888997395833,51.825278727213544,55.52708435058594,330,0.0,0.0
1988-12-22 00:00:00-05:00,0.0,55.52708435058594,51.825278727213544,55.52708435058594,742,0.0,0.0
1988-12-23 00:00:00-05:00,0.0,55.527084895542686,51.825279235839844,51.825279235839844,605,0.0,0.0
1988-12-27 00:00:00-05:00,0.0,51.825279235839844,48.123473576136995,51.825279235839844,365,0.0,0.0
1988-12-28 00:00:00-05:00,0.0,55.52708552433894,48.12347412109375,48.12347412109375,297,0.0,0.0
1988-12-29 00:00:00-05:00,0.0,51.82527605692546,44.42166519165039,44.42166519165039,647,0.0,0.0
1988-12-30 00:00:00-05:00,0.0,55.52708519829644,44.421668158637154,49.9743766784668,900,0.0,0.0
1989-01-03 00:00:00-05:00,0.0,55.52708519829644,49.9743766784668,49.9743766784668,167,0.0,0.0
1989-01-04 00:00:00-05:00,0.0,49.9743766784668,49.9743766784668,49.9743766784668,8,0.0,0.0
1989-01-05 00:00:00-05:00,0.0,55.52708435058594,49.97437591552735,55.52708435058594,494,0.0,0.0
1989-01-06 00:00:00-05:00,0.0,55.527084895542686,51.825279235839844,51.825279235839844,126,0.0,0.0
1989-01-09 00:00:00-05:00,0.0,51.82527951841001,49.9743766784668,49.9743766784668,91,0.0,0.0
1989-01-10 00:00:00-05:00,0.0,59.22888946533203,49.9743754863739,59.22888946533203,1109,0.0,0.0
1989-01-11 00:00:00-05:00,0.0,61.07979226112366,59.22888946533203,59.22888946533203,280,0.0,0.0
1989-01-12 00:00:00-05:00,0.0,59.22888997395833,55.52708435058594,55.52708435058594,118,0.0,0.0
1989-01-13 00:00:00-05:00,0.0,57.377986907958984,55.52708410447644,57.377986907958984,26,0.0,0.0
1989-01-16 00:00:00-05:00,0.0,57.377987162272134,55.52708435058594,55.52708435058594,55,0.0,0.0
1989-01-17 00:00:00-05:00,0.0,55.527084895542686,51.825279235839844,51.825279235839844,159,0.0,0.0
1989-01-18 00:00:00-05:00,0.0,57.377986907958984,51.82527849751134,57.377986907958984,265,0.0,0.0
1989-01-19 00:00:00-05:00,0.0,57.377987725394114,51.825279235839844,51.825279235839844,114,0.0,0.0
1989-01-20 00:00:00-05:00,0.0,57.377987725394114,51.825279235839844,51.825279235839844,98,0.0,0.0
1989-01-23 00:00:00-05:00,0.0,57.37798743412413,51.825278972757275,53.67618179321289,64,0.0,0.0
1989-01-24 00:00:00-05:00,0.0,57.37798743412413,53.67618179321289,53.67618179321289,67,0.0,0.0
1989-01-25 00:00:00-05:00,0.0,57.37798743412413,53.67618179321289,53.67618179321289,100,0.0,0.0
1989-01-26 00:00:00-05:00,0.0,57.37798743412413,53.67618179321289,53.67618179321289,106,0.0,0.0
1989-01-27 00:00:00-05:00,0.0,55.527084613668514,53.67618179321289,53.67618179321289,194,0.0,0.0
1989-01-30 00:00:00-05:00,0.0,57.377987162272134,53.67618153889974,55.52708435058594,297,0.0,0.0
1989-01-31 00:00:00-05:00,0.0,53.67618179321289,53.67618179321289,53.67618179321289,208,0.0,0.0
1989-02-01 00:00:00-05:00,0.0,59.22888971144153,53.67618130099389,57.377986907958984,467,0.0,0.0
1989-02-02 00:00:00-05:00,0.0,57.377987162272134,53.67618153889974,55.52708435058594,268,0.0,0.0
1989-02-03 00:00:00-05:00,0.0,57.37798743412413,53.67618179321289,53.67618179321289,347,0.0,0.0
1989-02-06 00:00:00-05:00,0.0,57.37798743412413,53.67618179321289,53.67618179321289,174,0.0,0.0
1989-02-07 00:00:00-05:00,0.0,55.527084613668514,53.67618179321289,53.67618179321289,218,0.0,0.0
1989-02-08 00:00:00-05:00,0.0,55.527084613668514,53.67618179321289,53.67618179321289,391,0.0,0.0
1989-02-09 00:00:00-05:00,0.0,55.52708435058594,53.67618153889974,55.52708435058594,174,0.0,0.0
1989-02-10 00:00:00-05:00,0.0,53.67618179321289,53.67618179321289,53.67618179321289,38,0.0,0.0
1989-02-13 00:00:00-05:00,0.0,59.22888946533203,55.52708387374878,59.22888946533203,998,0.0,0.0
1989-02-14 00:00:00-05:00,0.0,64.78160095214844,57.377989414760044,64.78160095214844,1441,0.0,0.0
1989-02-15 00:00:00-05:00,0.0,68.4834024641249,62.93069415622287,66.63249969482422,732,0.0,0.0
1989-02-16 00:00:00-05:00,0.0,70.33430523342557,64.78159692552354,66.63249969482422,1191,0.0,0.0
1989-02-17 00:00:00-05:00,0.0,68.48340606689453,62.93069746687606,68.48340606689453,332,0.0,0.0
1989-02-21 00:00:00-05:00,0.0,68.4834024641249,64.78159692552354,66.63249969482422,873,0.0,0.0
1989-02-22 00:00:00-05:00,0.0,68.48340606689453,64.78160033354888,68.48340606689453,545,0.0,0.0
1989-02-23 00:00:00-05:00,0.0,68.48340672084264,64.78160095214844,64.78160095214844,203,0.0,0.0
1989-02-24 00:00:00-05:00,0.0,68.48340606689453,64.78160033354888,68.48340606689453,208,0.0,0.0
1989-02-27 00:00:00-05:00,0.0,66.63249969482422,62.93069415622287,66.63249969482422,667,0.0,0.0
1989-02-28 00:00:00-05:00,0.0,66.63250383649553,62.93069806780134,64.78160095214844,377,0.0,0.0
1989-03-01 00:00:00-05:00,0.0,62.930694580078125,62.930694580078125,62.930694580078125,89,0.0,0.0
1989-03-02 00:00:00-05:00,0.0,66.63249969482422,62.93069415622287,66.63249969482422,250,0.0,0.0
1989-03-03 00:00:00-05:00,0.0,66.63250014361213,62.930694580078125,62.930694580078125,876,0.0,0.0
1989-03-06 00:00:00-05:00,0.0,64.78159736184513,62.930694580078125,62.930694580078125,198,0.0,0.0
1989-03-07 00:00:00-05:00,0.0,64.78159736184513,62.930694580078125,62.930694580078125,58,0.0,0.0
1989-03-08 00:00:00-05:00,0.0,64.78159785270691,59.22888946533203,59.22888946533203,347,0.0,0.0
1989-03-09 00:00:00-05:00,0.0,62.93069505691528,59.22888946533203,59.22888946533203,171,0.0,0.0
1989-03-10 00:00:00-05:00,0.0,62.93069505691528,59.22888946533203,59.22888946533203,638,0.0,0.0
1989-03-13 00:00:00-05:00,0.0,59.22888971144153,57.377986907958984,57.377986907958984,309,0.0,0.0
1989-03-14 00:00:00-05:00,0.0,59.22888946533203,57.377986669540405,59.22888946533203,127,0.0,0.0
1989-03-15 00:00:00-05:00,0.0,59.22888946533203,59.22888946533203,59.22888946533203,15,0.0,0.0
1989-03-16 00:00:00-05:00,0.0,59.22888971144153,57.377986907958984,57.377986907958984,224,0.0,0.0
1989-03-17 00:00:00-05:00,0.0,59.22888997395833,55.52708435058594,55.52708435058594,227,0.0,0.0
1989-03-20 00:00:00-05:00,0.0,59.22888971144153,55.52708410447644,57.377986907958984,176,0.0,0.0
1989-03-21 00:00:00-05:00,57.377986907958984,57.377986907958984,57.377986907958984,57.377986907958984,0,0.0,0.0
1989-03-22 00:00:00-05:00,0.0,59.22888971144153,57.377986907958984,57.377986907958984,102,0.0,0.0
1989-03-23 00:00:00-05:00,0.0,59.22888997395833,51.825278727213544,55.52708435058594,456,0.0,0.0
1989-03-27 00:00:00-05:00,0.0,55.527084613668514,51.825278972757275,53.67618179321289,432,0.0,0.0
1989-03-28 00:00:00-05:00,0.0,53.67618235835322,49.9743766784668,49.9743766784668,209,0.0,0.0
1989-03-29 00:00:00-05:00,0.0,53.67618179321289,49.97437615230166,53.67618179321289,447,0.0,0.0
1989-03-30 00:00:00-05:00,0.0,53.67618179321289,51.825278972757275,53.67618179321289,205,0.0,0.0
1989-03-31 00:00:00-05:00,0.0,51.825279235839844,51.825279235839844,51.825279235839844,53,0.0,0.0
1989-04-03 00:00:00-04:00,0.0,53.676182065691265,51.825279235839844,51.825279235839844,53,0.0,0.0
1989-04-04 00:00:00-04:00,0.0,51.82527982271635,48.12347412109375,48.12347412109375,391,0.0,0.0
1989-04-05 00:00:00-04:00,0.0,49.9743766784668,48.12347383852358,49.9743766784668,259,0.0,0.0
1989-04-06 00:00:00-04:00,0.0,49.97437697190505,46.272571270282455,48.12347412109375,262,0.0,0.0
1989-04-07 00:00:00-04:00,0.0,49.97437728881836,46.2725715637207,46.2725715637207,124,0.0,0.0
1989-04-10 00:00:00-04:00,0.0,48.12347442626953,46.2725715637207,46.2725715637207,479,0.0,0.0
1989-04-11 00:00:00-04:00,0.0,49.97437728881836,46.2725715637207,46.2725715637207,82,0.0,0.0
1989-04-12 00:00:00-04:00,0.0,48.12347412109375,44.42166841947115,48.12347412109375,1526,0.0,0.0
1989-04-13 00:00:00-04:00,0.0,48.12347412109375,44.42166841947115,48.12347412109375,283,0.0,0.0
1989-04-14 00:00:00-04:00,0.0,49.97437334060669,44.42166519165039,44.42166519165039,233,0.0,0.0
1989-04-17 00:00:00-04:00,0.0,48.123470624287926,44.42166519165039,44.42166519165039,50,0.0,0.0
1989-04-18 00:00:00-04:00,0.0,48.123470624287926,44.42166519165039,44.42166519165039,239,0.0,0.0
1989-04-19 00:00:00-04:00,0.0,46.27256790796916,42.57076247533163,44.42166519165039,714,0.0,0.0
1989-04-20 00:00:00-04:00,0.0,44.42166519165039,42.57076247533163,44.42166519165039,1211,0.0,0.0
1989-04-21 00:00:00-04:00,0.0,44.42166519165039,40.71985975901286,44.42166519165039,780,0.0,0.0
1989-04-24 00:00:00-04:00,0.0,44.42166519165039,40.71985975901286,44.42166519165039,85,0.0,0.0
1989-04-25 00:00:00-04:00,0.0,40.7198600769043,40.7198600769043,40.7198600769043,9,0.0,0.0
1989-04-26 00:00:00-04:00,0.0,44.42166535750679,42.570762634277344,42.570762634277344,1105,0.0,0.0
1989-04-27 00:00:00-04:00,0.0,51.825279235839844,49.97437640598842,51.825279235839844,68,0.0,0.0
1989-04-28 00:00:00-04:00,0.0,51.825279235839844,42.570765086582725,51.825279235839844,32,0.0,0.0
1989-05-01 00:00:00-04:00,0.0,51.825279235839844,44.42166791643415,51.825279235839844,444,0.0,0.0
1989-05-02 00:00:00-04:00,0.0,53.67618179321289,46.27257051139043,53.67618179321289,541,0.0,0.0
1989-05-03 00:00:00-04:00,0.0,53.67618179321289,53.67618179321289,53.67618179321289,141,0.0,0.0
1989-05-04 00:00:00-04:00,0.0,51.82527951841001,49.9743766784668,49.9743766784668,423,0.0,0.0
1989-05-05 00:00:00-04:00,0.0,49.9743766784668,49.9743766784668,49.9743766784668,8,0.0,0.0
1989-05-08 00:00:00-04:00,0.0,49.97437697190505,48.12347412109375,48.12347412109375,208,0.0,0.0
1989-05-09 00:00:00-04:00,0.0,51.82527982271635,48.12347412109375,48.12347412109375,136,0.0,0.0
1989-05-10 00:00:00-04:00,0.0,49.9743766784668,48.12347383852358,49.9743766784668,312,0.0,0.0
1989-05-11 00:00:00-04:00,0.0,51.825279235839844,46.272570746285574,51.825279235839844,97,0.0,0.0
1989-05-12 00:00:00-04:00,0.0,51.82527982271635,46.272571270282455,48.12347412109375,494,0.0,0.0
1989-05-15 00:00:00-04:00,0.0,48.12347442626953,46.2725715637207,46.2725715637207,106,0.0,0.0
1989-05-16 00:00:00-04:00,0.0,48.12347412109375,44.42166841947115,48.12347412109375,77,0.0,0.0
1989-05-17 00:00:00-04:00,0.0,48.12347442626953,46.2725715637207,46.2725715637207,11,0.0,0.0
1989-05-18 00:00:00-04:00,0.0,46.27256790796916,44.42166519165039,44.42166519165039,50,0.0,0.0
1989-05-19 00:00:00-04:00,0.0,48.12347412109375,44.42166841947115,48.12347412109375,423,0.0,0.0
1989-05-22 00:00:00-04:00,0.0,48.12347442626953,44.421668701171875,46.2725715637207,494,0.0,0.0
1989-05-23 00:00:00-04:00,0.0,46.2725715637207,38.86896011352539,46.2725715637207,86,0.0,0.0
1989-05-24 00:00:00-04:00,46.2725715637207,46.2725715637207,46.2725715637207,46.2725715637207,0,0.0,0.0
1989-05-25 00:00:00-04:00,0.0,46.2725715637207,38.86896011352539,46.2725715637207,6,0.0,0.0
1989-05-26 00:00:00-04:00,0.0,46.2725715637207,40.71986297607422,46.2725715637207,32,0.0,0.0
1989-05-30 00:00:00-04:00,0.0,46.27256826920943,40.7198600769043,40.7198600769043,88,0.0,0.0
1989-05-31 00:00:00-04:00,0.0,46.2725715637207,40.71986297607422,46.2725715637207,702,0.0,0.0
1989-06-01 00:00:00-04:00,0.0,51.82528015136719,42.570765838623046,46.2725715637207,1079,0.0,0.0
1989-06-02 00:00:00-04:00,0.0,55.527084895542686,51.825279235839844,51.825279235839844,318,0.0,0.0
1989-06-05 00:00:00-04:00,0.0,57.377987725394114,49.97437640598842,51.825279235839844,845,0.0,0.0
1989-06-06 00:00:00-04:00,0.0,57.377987162272134,51.825278727213544,55.52708435058594,253,0.0,0.0
1989-06-07 00:00:00-04:00,0.0,55.527084613668514,48.12347333184604,53.67618179321289,344,0.0,0.0
1989-06-08 00:00:00-04:00,0.0,49.9743766784668,49.9743766784668,49.9743766784668,273,0.0,0.0
1989-06-09 00:00:00-04:00,0.0,55.52708552433894,48.12347412109375,48.12347412109375,139,0.0,0.0
1989-06-12 00:00:00-04:00,0.0,51.82527982271635,48.12347412109375,48.12347412109375,24,0.0,0.0
1989-06-13 00:00:00-04:00,0.0,51.825279235839844,48.123473576136995,51.825279235839844,200,0.0,0.0
1989-06-14 00:00:00-04:00,0.0,51.825279235839844,48.123473576136995,51.825279235839844,124,0.0,0.0
1989-06-15 00:00:00-04:00,0.0,51.825279235839844,48.123473576136995,51.825279235839844,302,0.0,0.0
1989-06-16 00:00:00-04:00,0.0,51.825279235839844,48.123473576136995,51.825279235839844,171,0.0,0.0
1989-06-19 00:00:00-04:00,0.0,51.825279235839844,48.123473576136995,51.825279235839844,247,0.0,0.0
1989-06-20 00:00:00-04:00,0.0,51.82527982271635,48.12347412109375,48.12347412109375,329,0.0,0.0
1989-06-21 00:00:00-04:00,0.0,51.825279235839844,48.123473576136995,51.825279235839844,227,0.0,0.0
1989-06-22 00:00:00-04:00,0.0,51.825279235839844,49.97437640598842,51.825279235839844,291,0.0,0.0
1989-06-23 00:00:00-04:00,0.0,51.825279235839844,49.97437640598842,51.825279235839844,306,0.0,0.0
1989-06-26 00:00:00-04:00,0.0,51.82527951841001,49.9743766784668,49.9743766784668,118,0.0,0.0
1989-06-27 00:00:00-04:00,0.0,51.825279235839844,49.97437640598842,51.825279235839844,224,0.0,0.0
1989-06-28 00:00:00-04:00,0.0,49.9743766784668,49.9743766784668,49.9743766784668,152,0.0,0.0
1989-06-29 00:00:00-04:00,0.0,51.82527951841001,49.9743766784668,49.9743766784668,230,0.0,0.0
1989-06-30 00:00:00-04:00,0.0,51.82527982271635,48.12347412109375,48.12347412109375,474,0.0,0.0
1989-07-03 00:00:00-04:00,0.0,49.97437334060669,44.42166519165039,44.42166519165039,355,0.0,0.0
1989-07-05 00:00:00-04:00,0.0,48.12347412109375,44.42166841947115,48.12347412109375,168,0.0,0.0
1989-07-06 00:00:00-04:00,0.0,48.123470624287926,44.42166519165039,44.42166519165039,391,0.0,0.0
1989-07-07 00:00:00-04:00,0.0,48.12347412109375,48.12347412109375,48.12347412109375,186,0.0,0.0
1989-07-10 00:00:00-04:00,0.0,48.12347442626953,46.2725715637207,46.2725715637207,373,0.0,0.0
1989-07-11 00:00:00-04:00,0.0,49.9743766784668,46.27257099858036,49.9743766784668,315,0.0,0.0
1989-07-12 00:00:00-04:00,0.0,49.97437728881836,46.2725715637207,46.2725715637207,161,0.0,0.0
1989-07-13 00:00:00-04:00,0.0,46.2725715637207,46.2725715637207,46.2725715637207,36,0.0,0.0
1989-07-14 00:00:00-04:00,0.0,51.82527951841001,46.27257099858036,49.9743766784668,102,0.0,0.0
1989-07-17 00:00:00-04:00,0.0,48.12347412109375,48.12347412109375,48.12347412109375,23,0.0,0.0
1989-07-18 00:00:00-04:00,0.0,49.97437697190505,48.12347412109375,48.12347412109375,112,0.0,0.0
1989-07-19 00:00:00-04:00,0.0,51.82527982271635,48.12347412109375,48.12347412109375,77,0.0,0.0
1989-07-20 00:00:00-04:00,0.0,49.97437728881836,46.2725715637207,46.2725715637207,252,0.0,0.0
1989-07-21 00:00:00-04:00,0.0,49.9743766784668,46.27257099858036,49.9743766784668,32,0.0,0.0
1989-07-24 00:00:00-04:00,0.0,51.82528015136719,46.2725715637207,46.2725715637207,179,0.0,0.0
1989-07-25 00:00:00-04:00,0.0,51.825279235839844,51.825279235839844,51.825279235839844,5,0.0,0.0
1989-07-26 00:00:00-04:00,0.0,46.2725715637207,46.2725715637207,46.2725715637207,308,0.0,0.0
1989-07-27 00:00:00-04:00,0.0,51.825279235839844,46.272570746285574,51.825279235839844,135,0.0,0.0
1989-07-28 00:00:00-04:00,0.0,48.12347412109375,44.42166841947115,48.12347412109375,605,0.0,0.0
1989-07-31 00:00:00-04:00,0.0,53.676182065691265,48.123473576136995,51.825279235839844,924,0.0,0.0
1989-08-01 00:00:00-04:00,0.0,57.377986907958984,53.67618130099389,57.377986907958984,505,0.0,0.0
1989-08-02 00:00:00-04:00,0.0,70.33430570714614,57.37798623477712,62.930694580078125,1717,0.0,0.0
1989-08-03 00:00:00-04:00,0.0,66.63250064849854,59.22888946533203,59.22888946533203,1330,0.0,0.0
1989-08-04 00:00:00-04:00,0.0,66.63250014361213,59.22888901654412,62.930694580078125,145,0.0,0.0
1989-08-07 00:00:00-04:00,0.0,66.63250014361213,55.527083453010114,62.930694580078125,112,0.0,0.0
1989-08-08 00:00:00-04:00,0.0,62.93069505691528,55.52708387374878,59.22888946533203,450,0.0,0.0
1989-08-09 00:00:00-04:00,0.0,62.930694580078125,59.22888901654412,62.930694580078125,174,0.0,0.0
1989-08-10 00:00:00-04:00,0.0,62.930694580078125,59.22888901654412,62.930694580078125,362,0.0,0.0
1989-08-11 00:00:00-04:00,0.0,66.63250064849854,59.22888946533203,59.22888946533203,42,0.0,0.0
1989-08-14 00:00:00-04:00,0.0,66.63249969482422,55.52708307902018,66.63249969482422,206,0.0,0.0
1989-08-15 00:00:00-04:00,0.0,66.63249969482422,59.22888861762153,66.63249969482422,1270,0.0,0.0
1989-08-16 00:00:00-04:00,0.0,70.33430523342557,62.93069415622287,66.63249969482422,486,0.0,0.0
1989-08-17 00:00:00-04:00,0.0,66.63250014361213,62.930694580078125,62.930694580078125,159,0.0,0.0
1989-08-18 00:00:00-04:00,0.0,70.33430523342557,64.78159692552354,66.63249969482422,1282,0.0,0.0
1989-08-21 00:00:00-04:00,0.0,66.63250014361213,62.930694580078125,62.930694580078125,277,0.0,0.0
1989-08-22 00:00:00-04:00,0.0,62.9306948112719,55.52708365700462,61.07979202270508,320,0.0,0.0
1989-08-23 00:00:00-04:00,0.0,62.930694580078125,59.22888901654412,62.930694580078125,197,0.0,0.0
1989-08-24 00:00:00-04:00,0.0,64.78160095214844,61.079795183454245,64.78160095214844,161,0.0,0.0
1989-08-25 00:00:00-04:00,0.0,62.9306948112719,61.07979202270508,61.07979202270508,74,0.0,0.0
1989-08-28 00:00:00-04:00,0.0,62.930694580078125,62.930694580078125,62.930694580078125,33,0.0,0.0
1989-08-29 00:00:00-04:00,0.0,64.78160095214844,59.228892299107144,64.78160095214844,311,0.0,0.0
1989-08-30 00:00:00-04:00,0.0,64.78159759983872,61.07979202270508,61.07979202270508,255,0.0,0.0
1989-08-31 00:00:00-04:00,0.0,64.78160095214844,61.079795183454245,64.78160095214844,148,0.0,0.0
1989-09-01 00:00:00-04:00,0.0,62.930694580078125,61.07979179831113,62.930694580078125,121,0.0,0.0
1989-09-05 00:00:00-04:00,0.0,61.07979226112366,57.377986669540405,59.22888946533203,482,0.0,0.0
1989-09-06 00:00:00-04:00,0.0,59.22888946533203,51.82527828216553,59.22888946533203,55,0.0,0.0
1989-09-07 00:00:00-04:00,0.0,59.22888997395833,55.52708435058594,55.52708435058594,135,0.0,0.0
1989-09-08 00:00:00-04:00,0.0,59.22888997395833,55.52708435058594,55.52708435058594,17,0.0,0.0
1989-09-11 00:00:00-04:00,0.0,59.22888946533203,55.52708387374878,59.22888946533203,94,0.0,0.0
1989-09-12 00:00:00-04:00,0.0,59.22888946533203,57.377986669540405,59.22888946533203,61,0.0,0.0
1989-09-13 00:00:00-04:00,0.0,61.07979251492408,57.377986907958984,57.377986907958984,108,0.0,0.0
1989-09-14 00:00:00-04:00,0.0,59.22888971144153,57.377986907958984,57.377986907958984,170,0.0,0.0
1989-09-15 00:00:00-04:00,0.0,59.22888971144153,57.377986907958984,57.377986907958984,105,0.0,0.0
1989-09-18 00:00:00-04:00,0.0,59.22888971144153,53.67618130099389,57.377986907958984,788,0.0,0.0
1989-09-19 00:00:00-04:00,0.0,59.228890254579746,53.67618179321289,53.67618179321289,127,0.0,0.0
1989-09-20 00:00:00-04:00,0.0,55.527084613668514,53.67618179321289,53.67618179321289,485,0.0,0.0
1989-09-21 00:00:00-04:00,0.0,53.67618179321289,53.67618179321289,53.67618179321289,15,0.0,0.0
1989-09-22 00:00:00-04:00,0.0,57.37798743412413,53.67618179321289,53.67618179321289,415,0.0,0.0
1989-09-25 00:00:00-04:00,0.0,55.527084613668514,53.67618179321289,53.67618179321289,42,0.0,0.0
1989-09-26 00:00:00-04:00,0.0,53.67618179321289,51.825278972757275,53.67618179321289,282,0.0,0.0
1989-09-27 00:00:00-04:00,0.0,53.676182065691265,51.825279235839844,51.825279235839844,192,0.0,0.0
1989-09-28 00:00:00-04:00,0.0,57.37798743412413,53.67618179321289,53.67618179321289,702,0.0,0.0
1989-09-29 00:00:00-04:00,0.0,53.67618179321289,53.67618179321289,53.67618179321289,8,0.0,0.0
1989-10-02 00:00:00-04:00,0.0,53.67618179321289,51.825278972757275,53.67618179321289,67,0.0,0.0
1989-10-03 00:00:00-04:00,0.0,51.825279235839844,51.825279235839844,51.825279235839844,41,0.0,0.0
1989-10-04 00:00:00-04:00,0.0,53.67618235835322,48.12347383852358,49.9743766784668,197,0.0,0.0
1989-10-05 00:00:00-04:00,0.0,51.825279235839844,48.123473576136995,51.825279235839844,382,0.0,0.0
1989-10-06 00:00:00-04:00,0.0,55.52708552433894,48.12347412109375,48.12347412109375,612,0.0,0.0
1989-10-09 00:00:00-04:00,0.0,48.12347412109375,48.12347412109375,48.12347412109375,30,0.0,0.0
1989-10-10 00:00:00-04:00,0.0,53.67618179321289,48.12347333184604,53.67618179321289,153,0.0,0.0
1989-10-11 00:00:00-04:00,0.0,53.67618179321289,49.97437615230166,53.67618179321289,95,0.0,0.0
1989-10-12 00:00:00-04:00,0.0,57.37798743412413,49.97437615230166,53.67618179321289,876,0.0,0.0
1989-10-13 00:00:00-04:00,0.0,51.825279235839844,51.825279235839844,51.825279235839844,77,0.0,0.0
1989-10-16 00:00:00-04:00,0.0,51.825279235839844,51.825279235839844,51.825279235839844,20,0.0,0.0
1989-10-17 00:00:00-04:00,0.0,51.82527951841001,49.9743766784668,49.9743766784668,220,0.0,0.0
1989-10-18 00:00:00-04:00,0.0,51.825279235839844,49.97437640598842,51.825279235839844,177,0.0,0.0
1989-10-19 00:00:00-04:00,0.0,53.676182065691265,51.825279235839844,51.825279235839844,179,0.0,0.0
1989-10-20 00:00:00-04:00,0.0,51.825279235839844,51.825279235839844,51.825279235839844,42,0.0,0.0
1989-10-23 00:00:00-04:00,0.0,51.82527951841001,49.9743766784668,49.9743766784668,503,0.0,0.0
1989-10-24 00:00:00-04:00,0.0,51.82527951841001,49.9743766784668,49.9743766784668,206,0.0,0.0
1989-10-25 00:00:00-04:00,0.0,51.82527951841001,49.9743766784668,49.9743766784668,136,0.0,0.0
1989-10-26 00:00:00-04:00,0.0,51.825279235839844,49.97437640598842,51.825279235839844,168,0.0,0.0
1989-10-27 00:00:00-04:00,0.0,49.97437728881836,46.2725715637207,46.2725715637207,109,0.0,0.0
1989-10-30 00:00:00-05:00,0.0,49.97437728881836,46.2725715637207,46.2725715637207,200,0.0,0.0
1989-10-31 00:00:00-05:00,0.0,49.9743766784668,49.9743766784668,49.9743766784668,159,0.0,0.0
1989-11-01 00:00:00-05:00,0.0,53.67618179321289,49.97437615230166,53.67618179321289,491,0.0,0.0
1989-11-02 00:00:00-05:00,0.0,53.67618235835322,49.9743766784668,49.9743766784668,265,0.0,0.0
1989-11-03 00:00:00-05:00,0.0,51.825279235839844,49.97437640598842,51.825279235839844,338,0.0,0.0
1989-11-06 00:00:00-05:00,0.0,51.82527951841001,46.27257099858036,49.9743766784668,523,0.0,0.0
1989-11-07 00:00:00-05:00,0.0,48.123470624287926,44.42166519165039,44.42166519165039,221,0.0,0.0
1989-11-08 00:00:00-05:00,0.0,48.12347442626953,44.421668701171875,46.2725715637207,1592,0.0,0.0
1989-11-09 00:00:00-05:00,0.0,48.12347442626953,46.2725715637207,46.2725715637207,38,0.0,0.0
1989-11-10 00:00:00-05:00,0.0,49.97437697190505,46.272571270282455,48.12347412109375,171,0.0,0.0
1989-11-13 00:00:00-05:00,0.0,46.2725715637207,46.2725715637207,46.2725715637207,42,0.0,0.0
1989-11-14 00:00:00-05:00,0.0,48.12347442626953,46.2725715637207,46.2725715637207,88,0.0,0.0
1989-11-15 00:00:00-05:00,0.0,48.12347442626953,46.2725715637207,46.2725715637207,64,0.0,0.0
1989-11-16 00:00:00-05:00,0.0,48.12347412109375,46.272571270282455,48.12347412109375,33,0.0,0.0
1989-11-17 00:00:00-05:00,0.0,48.123470624287926,44.42166519165039,44.42166519165039,202,0.0,0.0
1989-11-20 00:00:00-05:00,0.0,44.42166535750679,42.570762634277344,42.570762634277344,638,0.0,0.0
1989-11-21 00:00:00-05:00,0.0,44.42166553844105,40.7198600769043,40.7198600769043,735,0.0,0.0
1989-11-22 00:00:00-05:00,0.0,44.42166519165039,40.71985975901286,44.42166519165039,333,0.0,0.0
1989-11-24 00:00:00-05:00,0.0,44.42166519165039,42.57076247533163,44.42166519165039,148,0.0,0.0
1989-11-27 00:00:00-05:00,0.0,44.42166535750679,38.868957187818445,42.570762634277344,277,0.0,0.0
1989-11-28 00:00:00-05:00,0.0,42.57076280767267,40.7198600769043,40.7198600769043,1058,0.0,0.0
1989-11-29 00:00:00-05:00,0.0,40.7198600769043,40.7198600769043,40.7198600769043,26,0.0,0.0
1989-11-30 00:00:00-05:00,0.0,42.570762634277344,40.71985991104789,42.570762634277344,361,0.0,0.0
1989-12-01 00:00:00-05:00,0.0,44.42166553844105,40.7198600769043,40.7198600769043,215,0.0,0.0
1989-12-04 00:00:00-05:00,0.0,44.42166535750679,40.71985991104789,42.570762634277344,402,0.0,0.0
1989-12-05 00:00:00-05:00,0.0,44.42166519165039,40.71985975901286,44.42166519165039,145,0.0,0.0
1989-12-06 00:00:00-05:00,0.0,44.42166535750679,40.71985991104789,42.570762634277344,415,0.0,0.0
1989-12-07 00:00:00-05:00,0.0,48.12347080396569,42.570762634277344,42.570762634277344,405,0.0,0.0
1989-12-08 00:00:00-05:00,0.0,46.27256826920943,40.7198600769043,40.7198600769043,244,0.0,0.0
1989-12-11 00:00:00-05:00,0.0,44.42166519165039,40.71985975901286,44.42166519165039,139,0.0,0.0
1989-12-12 00:00:00-05:00,0.0,44.42166553844105,40.7198600769043,40.7198600769043,250,0.0,0.0
1989-12-13 00:00:00-05:00,0.0,44.42166553844105,40.7198600769043,40.7198600769043,509,0.0,0.0
1989-12-14 00:00:00-05:00,0.0,44.42166553844105,40.7198600769043,40.7198600769043,285,0.0,0.0
1989-12-15 00:00:00-05:00,0.0,44.42166535750679,40.71985991104789,42.570762634277344,733,0.0,0.0
1989-12-18 00:00:00-05:00,0.0,46.2725715637207,42.570765838623046,46.2725715637207,274,0.0,0.0
1989-12-19 00:00:00-05:00,0.0,48.12347412109375,42.57076556865986,48.12347412109375,603,0.0,0.0
1989-12-20 00:00:00-05:00,0.0,49.9743766784668,46.27257099858036,49.9743766784668,939,0.0,0.0
1989-12-21 00:00:00-05:00,0.0,48.12347412109375,46.272571270282455,48.12347412109375,464,0.0,0.0
1989-12-22 00:00:00-05:00,0.0,49.97437697190505,48.12347412109375,48.12347412109375,295,0.0,0.0
1989-12-26 00:00:00-05:00,0.0,49.97437697190505,48.12347412109375,48.12347412109375,191,0.0,0.0
1989-12-27 00:00:00-05:00,0.0,49.97437697190505,48.12347412109375,48.12347412109375,273,0.0,0.0
1989-12-28 00:00:00-05:00,0.0,48.12347412109375,48.12347412109375,48.12347412109375,915,0.0,0.0
1989-12-29 00:00:00-05:00,0.0,55.52708435058594,48.12347310384115,55.52708435058594,1667,0.0,0.0
1990-01-02 00:00:00-05:00,0.0,55.52708519829644,49.9743766784668,49.9743766784668,921,0.0,0.0
1990-01-03 00:00:00-05:00,0.0,57.377987725394114,49.97437640598842,51.825279235839844,1320,0.0,0.0
1990-01-04 00:00:00-05:00,0.0,57.377987725394114,49.97437640598842,51.825279235839844,409,0.0,0.0
1990-01-05 00:00:00-05:00,0.0,57.377986907958984,49.974375694028794,57.377986907958984,773,0.0,0.0
1990-01-08 00:00:00-05:00,0.0,66.63249969482422,55.52708307902018,66.63249969482422,1823,0.0,0.0
1990-01-09 00:00:00-05:00,0.0,70.33430893356736,61.079794600203236,68.48340606689453,1589,0.0,0.0
1990-01-10 00:00:00-05:00,0.0,68.48340672084264,62.93069806780134,64.78160095214844,521,0.0,0.0
1990-01-11 00:00:00-05:00,0.0,70.33430480957031,61.079791018837376,70.33430480957031,439,0.0,0.0
1990-01-12 00:00:00-05:00,0.0,68.4834024641249,62.93069415622287,66.63249969482422,515,0.0,0.0
1990-01-15 00:00:00-05:00,0.0,66.63250014361213,62.930694580078125,62.930694580078125,762,0.0,0.0
1990-01-16 00:00:00-05:00,0.0,66.63250383649553,61.079795183454245,64.78160095214844,515,0.0,0.0
1990-01-17 00:00:00-05:00,0.0,64.78160095214844,59.228892299107144,64.78160095214844,261,0.0,0.0
1990-01-18 00:00:00-05:00,0.0,64.78159759983872,59.22888923413826,61.07979202270508,200,0.0,0.0
1990-01-19 00:00:00-05:00,0.0,64.78159759983872,59.22888923413826,61.07979202270508,471,0.0,0.0
1990-01-22 00:00:00-05:00,0.0,62.930694580078125,59.22888901654412,62.930694580078125,530,0.0,0.0
1990-01-23 00:00:00-05:00,0.0,62.930694580078125,57.37798623477712,62.930694580078125,320,0.0,0.0
1990-01-24 00:00:00-05:00,0.0,59.22888971144153,57.377986907958984,57.377986907958984,55,0.0,0.0
1990-01-25 00:00:00-05:00,0.0,61.07979202270508,61.07979202270508,61.07979202270508,14,0.0,0.0
1990-01-26 00:00:00-05:00,0.0,61.07979202270508,57.37798644557144,61.07979202270508,405,0.0,0.0
1990-01-29 00:00:00-05:00,0.0,62.93069505691528,59.22888946533203,59.22888946533203,726,0.0,0.0
1990-01-30 00:00:00-05:00,0.0,61.079792785644536,51.825278727213544,55.52708435058594,500,0.0,0.0
1990-01-31 00:00:00-05:00,0.0,55.52708435058594,51.825278727213544,55.52708435058594,112,0.0,0.0
1990-02-01 00:00:00-05:00,0.0,59.22888946533203,59.22888946533203,59.22888946533203,3,0.0,0.0
1990-02-02 00:00:00-05:00,0.0,59.22888946533203,53.67618107795715,59.22888946533203,235,0.0,0.0
1990-02-05 00:00:00-05:00,0.0,59.22888997395833,55.52708435058594,55.52708435058594,35,0.0,0.0
1990-02-06 00:00:00-05:00,0.0,55.527084613668514,53.67618179321289,53.67618179321289,20,0.0,0.0
1990-02-07 00:00:00-05:00,0.0,59.22888997395833,55.52708435058594,55.52708435058594,30,0.0,0.0
1990-02-08 00:00:00-05:00,0.0,62.930694580078125,55.527083453010114,62.930694580078125,565,0.0,0.0
1990-02-09 00:00:00-05:00,0.0,62.930694580078125,59.22888901654412,62.930694580078125,708,0.0,0.0
1990-02-12 00:00:00-05:00,0.0,64.78159759983872,61.07979202270508,61.07979202270508,514,0.0,0.0
1990-02-13 00:00:00-05:00,0.0,64.78159736184513,61.07979179831113,62.930694580078125,533,0.0,0.0
1990-02-14 00:00:00-05:00,0.0,64.78159785270691,59.22888946533203,59.22888946533203,341,0.0,0.0
1990-02-15 00:00:00-05:00,0.0,62.930694580078125,59.22888901654412,62.930694580078125,165,0.0,0.0
1990-02-16 00:00:00-05:00,0.0,59.22888946533203,59.22888946533203,59.22888946533203,23,0.0,0.0
1990-02-20 00:00:00-05:00,0.0,62.93069559733073,55.52708435058594,55.52708435058594,988,0.0,0.0
1990-02-21 00:00:00-05:00,0.0,59.22888997395833,53.67618153889974,55.52708435058594,327,0.0,0.0
1990-02-22 00:00:00-05:00,0.0,55.52708435058594,55.52708435058594,55.52708435058594,2,0.0,0.0
1990-02-23 00:00:00-05:00,0.0,57.37798743412413,53.67618179321289,53.67618179321289,71,0.0,0.0
1990-02-26 00:00:00-05:00,0.0,57.377986907958984,53.67618130099389,57.377986907958984,71,0.0,0.0
1990-02-27 00:00:00-05:00,0.0,61.07979251492408,57.377986907958984,57.377986907958984,518,0.0,0.0
1990-02-28 00:00:00-05:00,0.0,61.07979226112366,57.377986669540405,59.22888946533203,382,0.0,0.0
1990-03-01 00:00:00-05:00,0.0,61.07979226112366,57.377986669540405,59.22888946533203,197,0.0,0.0
1990-03-02 00:00:00-05:00,0.0,61.07979251492408,53.67618130099389,57.377986907958984,189,0.0,0.0
1990-03-05 00:00:00-05:00,0.0,59.22888971144153,55.52708410447644,57.377986907958984,253,0.0,0.0
1990-03-06 00:00:00-05:00,0.0,59.22888946533203,59.22888946533203,59.22888946533203,45,0.0,0.0
1990-03-07 00:00:00-05:00,0.0,59.22888971144153,55.52708410447644,57.377986907958984,209,0.0,0.0
1990-03-08 00:00:00-05:00,0.0,59.22888946533203,55.52708387374878,59.22888946533203,294,0.0,0.0
1990-03-09 00:00:00-05:00,0.0,59.22888997395833,55.52708435058594,55.52708435058594,33,0.0,0.0
1990-03-12 00:00:00-05:00,0.0,62.930694580078125,57.37798623477712,62.930694580078125,824,0.0,0.0
1990-03-13 00:00:00-05:00,0.0,62.930694580078125,59.22888901654412,62.930694580078125,188,0.0,0.0
1990-03-14 00:00:00-05:00,0.0,62.9306948112719,61.07979202270508,61.07979202270508,500,0.0,0.0
1990-03-15 00:00:00-05:00,0.0,62.930694580078125,61.07979179831113,62.930694580078125,18,0.0,0.0
1990-03-16 00:00:00-05:00,0.0,62.9306948112719,61.07979202270508,61.07979202270508,298,0.0,0.0
1990-03-19 00:00:00-05:00,0.0,62.9306948112719,61.07979202270508,61.07979202270508,86,0.0,0.0
1990-03-20 00:00:00-05:00,0.0,62.9306948112719,59.22888923413826,61.07979202270508,532,0.0,0.0
1990-03-21 00:00:00-05:00,0.0,62.930694580078125,61.07979179831113,62.930694580078125,433,0.0,0.0
1990-03-22 00:00:00-05:00,0.0,62.9306948112719,61.07979202270508,61.07979202270508,377,0.0,0.0
1990-03-23 00:00:00-05:00,0.0,62.930694580078125,61.07979179831113,62.930694580078125,489,0.0,0.0
1990-03-26 00:00:00-05:00,61.07979179831113,62.930694580078125,61.07979179831113,62.930694580078125,109,0.0,0.0
1990-03-27 00:00:00-05:00,61.07979202270508,62.9306948112719,59.22888923413826,61.07979202270508,347,0.0,0.0
1990-03-28 00:00:00-05:00,59.22888923413826,62.9306948112719,59.22888923413826,61.07979202270508,833,0.0,0.0
1990-03-29 00:00:00-05:00,62.93069415622287,70.33430523342557,61.079791386922196,66.63249969482422,1056,0.0,0.0
1990-03-30 00:00:00-05:00,66.63250014361213,66.63250014361213,62.930694580078125,62.930694580078125,553,0.0,0.0
1990-04-02 00:00:00-04:00,61.079795183454245,64.78160095214844,61.079795183454245,64.78160095214844,152,0.0,0.0
1990-04-03 00:00:00-04:00,61.079795183454245,64.78160095214844,61.079795183454245,64.78160095214844,436,0.0,0.0
1990-04-04 00:00:00-04:00,61.079795183454245,64.78160095214844,61.079795183454245,64.78160095214844,170,0.0,0.0
1990-04-05 00:00:00-04:00,64.78160095214844,64.78160095214844,62.93069806780134,64.78160095214844,50,0.0,0.0
1990-04-06 00:00:00-04:00,62.93069806780134,64.78160095214844,62.93069806780134,64.78160095214844,129,0.0,0.0
1990-04-09 00:00:00-04:00,62.930694580078125,62.930694580078125,62.930694580078125,62.930694580078125,126,0.0,0.0
1990-04-10 00:00:00-04:00,62.93069806780134,64.78160095214844,62.93069806780134,64.78160095214844,417,0.0,0.0
1990-04-11 00:00:00-04:00,64.78160095214844,66.63250383649553,64.78160095214844,64.78160095214844,1047,0.0,0.0
1990-04-12 00:00:00-04:00,66.6325032002217,68.48340606689453,64.78160033354888,68.48340606689453,552,0.0,0.0
1990-04-16 00:00:00-04:00,64.78160033354888,68.48340606689453,64.78160033354888,68.48340606689453,88,0.0,0.0
1990-04-17 00:00:00-04:00,64.78159736184513,66.63250014361213,62.930694580078125,62.930694580078125,455,0.0,0.0
1990-04-18 00:00:00-04:00,62.930694580078125,62.930694580078125,62.930694580078125,62.930694580078125,6,0.0,0.0
1990-04-19 00:00:00-04:00,64.78159692552354,66.63249969482422,62.93069415622287,66.63249969482422,326,0.0,0.0
1990-04-20 00:00:00-04:00,66.63250014361213,66.63250014361213,62.930694580078125,62.930694580078125,229,0.0,0.0
1990-04-23 00:00:00-04:00,62.930694580078125,62.930694580078125,61.07979179831113,62.930694580078125,270,0.0,0.0
1990-04-24 00:00:00-04:00,62.93069415622287,66.63249969482422,62.93069415622287,66.63249969482422,379,0.0,0.0
1990-04-25 00:00:00-04:00,62.93069415622287,66.63249969482422,62.93069415622287,66.63249969482422,180,0.0,0.0
1990-04-26 00:00:00-04:00,62.93069806780134,64.78160095214844,62.93069806780134,64.78160095214844,326,0.0,0.0
1990-04-27 00:00:00-04:00,64.78160095214844,66.63250383649553,62.93069806780134,64.78160095214844,592,0.0,0.0
1990-04-30 00:00:00-04:00,62.93069806780134,64.78160095214844,62.93069806780134,64.78160095214844,515,0.0,0.0
1990-05-01 00:00:00-04:00,61.07979202270508,61.07979202270508,59.22888923413826,61.07979202270508,173,0.0,0.0
1990-05-02 00:00:00-04:00,62.930694580078125,62.930694580078125,57.37798623477712,62.930694580078125,139,0.0,0.0
1990-05-03 00:00:00-04:00,59.228892299107144,64.78160095214844,59.228892299107144,64.78160095214844,238,0.0,0.0
1990-05-04 00:00:00-04:00,64.78160095214844,64.78160095214844,64.78160095214844,64.78160095214844,0,0.0,0.0
1990-05-07 00:00:00-04:00,59.22888923413826,64.78159759983872,59.22888923413826,61.07979202270508,102,0.0,0.0
1990-05-08 00:00:00-04:00,64.78160095214844,66.63250383649553,62.93069806780134,64.78160095214844,359,0.0,0.0
1990-05-09 00:00:00-04:00,64.78160033354888,68.48340606689453,64.78160033354888,68.48340606689453,1311,0.0,0.0
1990-05-10 00:00:00-04:00,66.6325032002217,70.33430893356736,66.6325032002217,68.48340606689453,1138,0.0,0.0
1990-05-11 00:00:00-04:00,66.63250262920673,72.18521118164062,66.63250262920673,72.18521118164062,545,0.0,0.0
1990-05-14 00:00:00-04:00,72.1852071762085,77.73791542053222,68.48340167999267,74.0361099243164,973,0.0,0.0
1990-05-15 00:00:00-04:00,74.03610956101191,77.7379150390625,70.33430408296131,77.7379150390625,1576,0.0,0.0
1990-05-16 00:00:00-04:00,74.03610956101191,77.7379150390625,74.03610956101191,77.7379150390625,164,0.0,0.0
1990-05-17 00:00:00-04:00,77.73791469227184,81.4397201538086,74.03610923073508,81.4397201538086,636,0.0,0.0
1990-05-18 00:00:00-04:00,81.43971982209578,96.24694160793138,77.73791437563689,85.14152526855469,2039,0.0,0.0
1990-05-21 00:00:00-04:00,92.54514199716073,107.35236471670645,88.84333631727431,99.9487533569336,2042,0.0,0.0
1990-05-22 00:00:00-04:00,103.6505596454327,111.05417104867789,96.2469482421875,96.2469482421875,2614,0.0,0.0
1990-05-23 00:00:00-04:00,99.9487533569336,103.65055903682001,99.9487533569336,99.9487533569336,539,0.0,0.0
1990-05-24 00:00:00-04:00,99.94875457763672,103.65056030273438,92.5451431274414,92.5451431274414,503,0.0,0.0
1990-05-25 00:00:00-04:00,92.54513616147248,98.09784433116083,85.14152526855469,85.14152526855469,432,0.0,0.0
1990-05-29 00:00:00-04:00,85.14152526855469,88.84333071501358,83.29062254532523,85.14152526855469,477,0.0,0.0
1990-05-30 00:00:00-04:00,85.14152495066325,96.24694124857585,85.14152495066325,88.84333038330078,1011,0.0,0.0
1990-05-31 00:00:00-04:00,85.14152883976064,86.992431640625,83.29062603889628,86.992431640625,280,0.0,0.0
1990-06-01 00:00:00-04:00,85.14152526855469,85.14152526855469,83.29062254532523,85.14152526855469,167,0.0,0.0
1990-06-04 00:00:00-04:00,85.1415293375651,85.1415293375651,83.2906265258789,83.2906265258789,147,0.0,0.0
1990-06-05 00:00:00-04:00,83.29062288457698,85.14152561534534,81.4397201538086,81.4397201538086,280,0.0,0.0
1990-06-06 00:00:00-04:00,81.4397201538086,85.14152561534534,81.4397201538086,81.4397201538086,124,0.0,0.0
1990-06-07 00:00:00-04:00,81.4397205171131,85.14152599516369,77.7379150390625,77.7379150390625,732,0.0,0.0
1990-06-08 00:00:00-04:00,77.7379150390625,77.7379150390625,74.03610956101191,77.7379150390625,452,0.0,0.0
1990-06-11 00:00:00-04:00,81.4397205171131,81.4397205171131,75.8870123000372,77.7379150390625,179,0.0,0.0
1990-06-12 00:00:00-04:00,77.73791469227184,81.4397201538086,77.73791469227184,81.4397201538086,398,0.0,0.0
1990-06-13 00:00:00-04:00,85.14152561534534,85.14152561534534,81.4397201538086,81.4397201538086,850,0.0,0.0
1990-06-14 00:00:00-04:00,81.43971982209578,86.99242799178413,81.43971982209578,85.14152526855469,233,0.0,0.0
1990-06-15 00:00:00-04:00,88.84333038330078,88.84333038330078,85.14152495066325,88.84333038330078,480,0.0,0.0
1990-06-18 00:00:00-04:00,85.14152599516369,88.84333147321429,77.7379150390625,77.7379150390625,258,0.0,0.0
1990-06-19 00:00:00-04:00,77.73791469227184,81.4397201538086,74.03610923073508,81.4397201538086,226,0.0,0.0
1990-06-20 00:00:00-04:00,77.7379150390625,77.7379150390625,77.7379150390625,77.7379150390625,9,0.0,0.0
1990-06-21 00:00:00-04:00,85.14152526855469,88.84333071501358,77.73791437563689,85.14152526855469,536,0.0,0.0
1990-06-22 00:00:00-04:00,85.14152561534534,85.14152561534534,81.4397201538086,81.4397201538086,433,0.0,0.0
1990-06-25 00:00:00-04:00,81.4397201538086,88.8433310768821,81.4397201538086,81.4397201538086,114,0.0,0.0
1990-06-26 00:00:00-04:00,81.43971982209578,88.84333071501358,81.43971982209578,85.14152526855469,171,0.0,0.0
1990-06-27 00:00:00-04:00,81.43971982209578,88.84333071501358,81.43971982209578,85.14152526855469,403,0.0,0.0
1990-06-28 00:00:00-04:00,88.84333071501358,88.84333071501358,81.43971982209578,85.14152526855469,453,0.0,0.0
1990-06-29 00:00:00-04:00,85.14152561534534,85.14152561534534,81.4397201538086,81.4397201538086,271,0.0,0.0
1990-07-02 00:00:00-04:00,85.14152526855469,85.14152526855469,81.43971982209578,85.14152526855469,155,0.0,0.0
1990-07-03 00:00:00-04:00,81.4397201538086,85.14152561534534,81.4397201538086,81.4397201538086,12,0.0,0.0
1990-07-05 00:00:00-04:00,81.4397201538086,85.14152561534534,77.73791469227184,81.4397201538086,515,0.0,0.0
1990-07-06 00:00:00-04:00,77.73791469227184,81.4397201538086,77.73791469227184,81.4397201538086,170,0.0,0.0
1990-07-09 00:00:00-04:00,77.73791469227184,88.8433310768821,77.73791469227184,81.4397201538086,639,0.0,0.0
1990-07-10 00:00:00-04:00,86.99242766698202,92.54513581593832,85.14152495066325,88.84333038330078,1959,0.0,0.0
1990-07-11 00:00:00-04:00,88.8433358328683,103.65055847167969,88.8433358328683,103.65055847167969,2056,0.0,0.0
1990-07-12 00:00:00-04:00,103.65055903682001,103.65055903682001,92.54514199716073,99.9487533569336,586,0.0,0.0
1990-07-13 00:00:00-04:00,96.24694767704716,99.9487533569336,92.54514199716073,99.9487533569336,1120,0.0,0.0
1990-07-16 00:00:00-04:00,99.94875457763672,99.94875457763672,92.5451431274414,92.5451431274414,320,0.0,0.0
1990-07-17 00:00:00-04:00,98.09785051699038,99.9487533569336,96.24694767704716,99.9487533569336,459,0.0,0.0
1990-07-18 00:00:00-04:00,99.94875457763672,99.94875457763672,88.84333740234375,92.5451431274414,829,0.0,0.0
1990-07-19 00:00:00-04:00,88.84333038330078,96.24694124857585,88.84333038330078,88.84333038330078,242,0.0,0.0
1990-07-20 00:00:00-04:00,86.99242766698202,92.54513581593832,86.99242766698202,88.84333038330078,67,0.0,0.0
1990-07-23 00:00:00-04:00,86.99242799178413,88.84333071501358,77.73791437563689,85.14152526855469,253,0.0,0.0
1990-07-24 00:00:00-04:00,81.43972239774817,94.39604187011719,77.73791683421416,94.39604187011719,1132,0.0,0.0
1990-07-25 00:00:00-04:00,94.39604187011719,99.9487502154182,90.69423630658318,94.39604187011719,1464,0.0,0.0
1990-07-26 00:00:00-04:00,99.94875281197685,107.35236413138253,98.09784998212541,103.65055847167969,1082,0.0,0.0
1990-07-27 00:00:00-04:00,99.94875281197685,103.65055847167969,96.24694715227399,103.65055847167969,694,0.0,0.0
1990-07-30 00:00:00-04:00,99.94874975816258,99.94874975816258,94.39604143826466,98.09784698486328,558,0.0,0.0
1990-07-31 00:00:00-04:00,96.24694885253906,96.24694885253906,92.5451431274414,92.5451431274414,194,0.0,0.0
1990-08-01 00:00:00-04:00,92.5451431274414,96.24694885253906,92.5451431274414,92.5451431274414,589,0.0,0.0
1990-08-02 00:00:00-04:00,96.24694885253906,96.24694885253906,88.84333740234375,92.5451431274414,388,0.0,0.0
1990-08-03 00:00:00-04:00,92.54513616147248,92.54513616147248,85.14152526855469,85.14152526855469,633,0.0,0.0
1990-08-06 00:00:00-04:00,85.14152495066325,88.84333038330078,77.73791408538818,88.84333038330078,788,0.0,0.0
1990-08-07 00:00:00-04:00,83.29062288457698,88.8433310768821,81.4397201538086,81.4397201538086,377,0.0,0.0
1990-08-08 00:00:00-04:00,85.14152561534534,88.8433310768821,81.4397201538086,81.4397201538086,323,0.0,0.0
1990-08-09 00:00:00-04:00,88.84333038330078,88.84333038330078,81.43971951802573,88.84333038330078,311,0.0,0.0
1990-08-10 00:00:00-04:00,88.84333147321429,88.84333147321429,77.7379150390625,77.7379150390625,244,0.0,0.0
1990-08-13 00:00:00-04:00,77.7379150390625,85.14152599516369,77.7379150390625,77.7379150390625,255,0.0,0.0
1990-08-14 00:00:00-04:00,77.73791469227184,85.14152561534534,77.73791469227184,81.4397201538086,341,0.0,0.0
1990-08-15 00:00:00-04:00,81.4397205171131,81.4397205171131,74.03610956101191,77.7379150390625,444,0.0,0.0
1990-08-16 00:00:00-04:00,81.43972091674804,81.43972091674804,74.0361099243164,74.0361099243164,177,0.0,0.0
1990-08-17 00:00:00-04:00,77.7379150390625,77.7379150390625,74.03610956101191,77.7379150390625,206,0.0,0.0
1990-08-20 00:00:00-04:00,77.73791542053222,81.43972091674804,74.0361099243164,74.0361099243164,258,0.0,0.0
1990-08-21 00:00:00-04:00,77.7379150390625,77.7379150390625,74.03610956101191,77.7379150390625,326,0.0,0.0
1990-08-22 00:00:00-04:00,81.43972091674804,81.43972091674804,74.0361099243164,74.0361099243164,818,0.0,0.0
1990-08-23 00:00:00-04:00,77.7379150390625,77.7379150390625,74.03610956101191,77.7379150390625,539,0.0,0.0
1990-08-24 00:00:00-04:00,77.7379150390625,77.7379150390625,74.03610956101191,77.7379150390625,258,0.0,0.0
1990-08-27 00:00:00-04:00,81.43972091674804,81.43972091674804,74.0361099243164,74.0361099243164,123,0.0,0.0
1990-08-28 00:00:00-04:00,81.4397201538086,81.4397201538086,74.03610923073508,81.4397201538086,115,0.0,0.0
1990-08-29 00:00:00-04:00,74.03610923073508,81.4397201538086,74.03610923073508,81.4397201538086,39,0.0,0.0
1990-08-30 00:00:00-04:00,77.7379150390625,77.7379150390625,74.03610956101191,77.7379150390625,142,0.0,0.0
1990-08-31 00:00:00-04:00,77.7379150390625,77.7379150390625,77.7379150390625,77.7379150390625,0,0.0,0.0
1990-09-04 00:00:00-04:00,74.0361099243164,75.88701267242432,74.0361099243164,74.0361099243164,56,0.0,0.0
1990-09-05 00:00:00-04:00,75.8870123000372,77.7379150390625,74.03610956101191,77.7379150390625,156,0.0,0.0
1990-09-06 00:00:00-04:00,74.0361099243164,74.0361099243164,74.0361099243164,74.0361099243164,95,0.0,0.0
1990-09-07 00:00:00-04:00,74.03611032586349,77.73791584215667,70.33430480957031,70.33430480957031,706,0.0,0.0
1990-09-10 00:00:00-04:00,77.73791542053222,77.73791542053222,70.33430442810058,74.0361099243164,412,0.0,0.0
1990-09-11 00:00:00-04:00,74.0361099243164,74.0361099243164,66.63249893188477,74.0361099243164,148,0.0,0.0
1990-09-12 00:00:00-04:00,74.03611032586349,74.03611032586349,70.33430480957031,70.33430480957031,158,0.0,0.0
1990-09-13 00:00:00-04:00,70.33430480957031,74.03611032586349,66.63249929327714,70.33430480957031,1395,0.0,0.0
1990-09-14 00:00:00-04:00,66.63249929327714,70.33430480957031,66.63249929327714,70.33430480957031,70,0.0,0.0
1990-09-17 00:00:00-04:00,74.0361107720269,74.0361107720269,66.63249969482422,66.63249969482422,273,0.0,0.0
1990-09-18 00:00:00-04:00,66.63249893188477,74.0361099243164,66.63249893188477,74.0361099243164,433,0.0,0.0
1990-09-19 00:00:00-04:00,74.03610923073508,81.4397201538086,74.03610923073508,81.4397201538086,462,0.0,0.0
1990-09-20 00:00:00-04:00,74.0361099243164,74.0361099243164,74.0361099243164,74.0361099243164,30,0.0,0.0
1990-09-21 00:00:00-04:00,74.0361099243164,77.73791542053222,70.33430442810058,74.0361099243164,227,0.0,0.0
1990-09-24 00:00:00-04:00,70.33430442810058,77.73791542053222,70.33430442810058,74.0361099243164,271,0.0,0.0
1990-09-25 00:00:00-04:00,70.33430480957031,70.33430480957031,70.33430480957031,70.33430480957031,35,0.0,0.0
1990-09-26 00:00:00-04:00,74.03611345988949,77.73791913288396,70.33430778689501,75.88701629638672,1256,0.0,0.0
1990-09-27 00:00:00-04:00,77.73791469227184,81.4397201538086,74.03610923073508,81.4397201538086,1042,0.0,0.0
1990-09-28 00:00:00-04:00,81.4397201538086,81.4397201538086,74.03610923073508,81.4397201538086,156,0.0,0.0
1990-10-01 00:00:00-04:00,81.43971951802573,88.84333038330078,74.03610865275066,88.84333038330078,1191,0.0,0.0
1990-10-02 00:00:00-04:00,88.84333147321429,88.84333147321429,77.7379150390625,77.7379150390625,602,0.0,0.0
1990-10-03 00:00:00-04:00,77.7379150390625,81.4397205171131,77.7379150390625,77.7379150390625,85,0.0,0.0
1990-10-04 00:00:00-04:00,77.7379150390625,77.7379150390625,77.7379150390625,77.7379150390625,76,0.0,0.0
1990-10-05 00:00:00-04:00,77.7379150390625,81.4397205171131,77.7379150390625,77.7379150390625,180,0.0,0.0
1990-10-08 00:00:00-04:00,77.7379150390625,81.4397205171131,77.7379150390625,77.7379150390625,209,0.0,0.0
1990-10-09 00:00:00-04:00,77.73791542053222,77.73791542053222,74.0361099243164,74.0361099243164,306,0.0,0.0
1990-10-10 00:00:00-04:00,70.33430833082933,81.43972543569711,70.33430833082933,72.18521118164062,415,0.0,0.0
1990-10-11 00:00:00-04:00,74.03610923073508,81.4397201538086,74.03610923073508,81.4397201538086,723,0.0,0.0
1990-10-12 00:00:00-04:00,77.73791469227184,85.14152561534534,77.73791469227184,81.4397201538086,198,0.0,0.0
1990-10-15 00:00:00-04:00,77.7379150390625,85.14152599516369,77.7379150390625,77.7379150390625,212,0.0,0.0
1990-10-16 00:00:00-04:00,85.14152561534534,85.14152561534534,81.4397201538086,81.4397201538086,338,0.0,0.0
1990-10-17 00:00:00-04:00,77.73791437563689,92.54513616147248,77.73791437563689,85.14152526855469,939,0.0,0.0
1990-10-18 00:00:00-04:00,81.43971982209578,85.14152526855469,77.73791437563689,85.14152526855469,282,0.0,0.0
1990-10-19 00:00:00-04:00,81.4397205171131,81.4397205171131,77.7379150390625,77.7379150390625,723,0.0,0.0
1990-10-22 00:00:00-04:00,77.7379150390625,77.7379150390625,77.7379150390625,77.7379150390625,179,0.0,0.0
1990-10-23 00:00:00-04:00,77.73791542053222,81.43972091674804,74.0361099243164,74.0361099243164,632,0.0,0.0
1990-10-24 00:00:00-04:00,74.03611032586349,74.03611032586349,66.63249929327714,70.33430480957031,802,0.0,0.0
1990-10-25 00:00:00-04:00,66.63249969482422,70.33430523342557,59.22888861762153,66.63249969482422,659,0.0,0.0
1990-10-26 00:00:00-04:00,62.930693776983965,70.33430480957031,62.930693776983965,70.33430480957031,514,0.0,0.0
1990-10-29 00:00:00-05:00,70.33430480957031,70.33430480957031,62.930693776983965,70.33430480957031,439,0.0,0.0
1990-10-30 00:00:00-05:00,62.93069415622287,70.33430523342557,62.93069415622287,66.63249969482422,298,0.0,0.0
1990-10-31 00:00:00-05:00,59.22888861762153,66.63249969482422,59.22888861762153,66.63249969482422,1008,0.0,0.0
1990-11-01 00:00:00-05:00,62.930694580078125,66.63250014361213,59.22888901654412,62.930694580078125,755,0.0,0.0
1990-11-02 00:00:00-05:00,59.22888946533203,62.93069505691528,59.22888946533203,59.22888946533203,20,0.0,0.0
1990-11-05 00:00:00-05:00,59.22888901654412,62.930694580078125,59.22888901654412,62.930694580078125,183,0.0,0.0
1990-11-06 00:00:00-05:00,66.63249969482422,66.63249969482422,66.63249969482422,66.63249969482422,83,0.0,0.0
1990-11-07 00:00:00-05:00,61.07979226112366,61.07979226112366,59.22888946533203,59.22888946533203,56,0.0,0.0
1990-11-08 00:00:00-05:00,62.93069505691528,62.93069505691528,59.22888946533203,59.22888946533203,26,0.0,0.0
1990-11-09 00:00:00-05:00,59.22888861762153,66.63249969482422,59.22888861762153,66.63249969482422,183,0.0,0.0
1990-11-12 00:00:00-05:00,59.22888946533203,66.63250064849854,59.22888946533203,59.22888946533203,73,0.0,0.0
1990-11-13 00:00:00-05:00,59.22888946533203,59.22888946533203,55.52708387374878,59.22888946533203,429,0.0,0.0
1990-11-14 00:00:00-05:00,59.22888946533203,62.93069505691528,59.22888946533203,59.22888946533203,677,0.0,0.0
1990-11-15 00:00:00-05:00,59.22888997395833,59.22888997395833,55.52708435058594,55.52708435058594,174,0.0,0.0
1990-11-16 00:00:00-05:00,59.22888946533203,59.22888946533203,57.377986669540405,59.22888946533203,559,0.0,0.0
1990-11-19 00:00:00-05:00,61.07979202270508,62.9306948112719,59.22888923413826,61.07979202270508,342,0.0,0.0
1990-11-20 00:00:00-05:00,61.07979226112366,64.78159785270691,59.22888946533203,59.22888946533203,389,0.0,0.0
1990-11-21 00:00:00-05:00,59.22888946533203,59.22888946533203,59.22888946533203,59.22888946533203,20,0.0,0.0
1990-11-23 00:00:00-05:00,62.930694580078125,66.63250014361213,62.930694580078125,62.930694580078125,236,0.0,0.0
1990-11-26 00:00:00-05:00,66.63250064849854,66.63250064849854,59.22888946533203,59.22888946533203,162,0.0,0.0
1990-11-27 00:00:00-05:00,64.78159736184513,66.63250014361213,59.22888901654412,62.930694580078125,167,0.0,0.0
1990-11-28 00:00:00-05:00,64.78159736184513,64.78159736184513,59.22888901654412,62.930694580078125,547,0.0,0.0
1990-11-29 00:00:00-05:00,64.78159759983872,64.78159759983872,61.07979202270508,61.07979202270508,86,0.0,0.0
1990-11-30 00:00:00-05:00,61.07979226112366,61.07979226112366,59.22888946533203,59.22888946533203,321,0.0,0.0
1990-12-03 00:00:00-05:00,59.22888946533203,59.22888946533203,59.22888946533203,59.22888946533203,0,0.0,0.0
1990-12-04 00:00:00-05:00,59.22888946533203,59.22888946533203,59.22888946533203,59.22888946533203,200,0.0,0.0
1990-12-05 00:00:00-05:00,59.22888946533203,59.22888946533203,59.22888946533203,59.22888946533203,77,0.0,0.0
1990-12-06 00:00:00-05:00,59.22888923413826,61.07979202270508,59.22888923413826,61.07979202270508,150,0.0,0.0
1990-12-07 00:00:00-05:00,59.22888923413826,61.07979202270508,59.22888923413826,61.07979202270508,295,0.0,0.0
1990-12-10 00:00:00-05:00,59.22888923413826,61.07979202270508,59.22888923413826,61.07979202270508,712,0.0,0.0
1990-12-11 00:00:00-05:00,59.22888946533203,59.22888946533203,59.22888946533203,59.22888946533203,53,0.0,0.0
1990-12-12 00:00:00-05:00,57.377986669540405,61.07979226112366,57.377986669540405,59.22888946533203,120,0.0,0.0
1990-12-13 00:00:00-05:00,59.22888997395833,59.22888997395833,51.825278727213544,55.52708435058594,952,0.0,0.0
1990-12-14 00:00:00-05:00,57.377986669540405,62.93069505691528,53.67618107795715,59.22888946533203,1036,0.0,0.0
1990-12-17 00:00:00-05:00,55.52708387374878,61.07979226112366,55.52708387374878,59.22888946533203,64,0.0,0.0
1990-12-18 00:00:00-05:00,61.07979251492408,61.07979251492408,57.377986907958984,57.377986907958984,20,0.0,0.0
1990-12-19 00:00:00-05:00,59.22888971144153,61.07979251492408,57.377986907958984,57.377986907958984,209,0.0,0.0
1990-12-20 00:00:00-05:00,55.52708435058594,55.52708435058594,55.52708435058594,55.52708435058594,273,0.0,0.0
1990-12-21 00:00:00-05:00,55.52708435058594,57.377987162272134,55.52708435058594,55.52708435058594,252,0.0,0.0
1990-12-24 00:00:00-05:00,59.22888946533203,59.22888946533203,59.22888946533203,59.22888946533203,53,0.0,0.0
1990-12-26 00:00:00-05:00,61.079792785644536,61.079792785644536,55.52708435058594,55.52708435058594,148,0.0,0.0
1990-12-27 00:00:00-05:00,55.52708365700462,61.07979202270508,55.52708365700462,61.07979202270508,74,0.0,0.0
1990-12-28 00:00:00-05:00,55.52708387374878,61.07979226112366,55.52708387374878,59.22888946533203,1274,0.0,0.0
1990-12-31 00:00:00-05:00,57.377987162272134,59.22888997395833,55.52708435058594,55.52708435058594,121,0.0,0.0
1991-01-02 00:00:00-05:00,61.07979226112366,61.07979226112366,59.22888946533203,59.22888946533203,121,0.0,0.0
1991-01-03 00:00:00-05:00,59.22888997395833,59.22888997395833,55.52708435058594,55.52708435058594,148,0.0,0.0
1991-01-04 00:00:00-05:00,59.22888997395833,59.22888997395833,55.52708435058594,55.52708435058594,82,0.0,0.0
1991-01-07 00:00:00-05:00,59.22888946533203,59.22888946533203,55.52708387374878,59.22888946533203,21,0.0,0.0
1991-01-08 00:00:00-05:00,55.52708435058594,55.52708435058594,55.52708435058594,55.52708435058594,39,0.0,0.0
1991-01-09 00:00:00-05:00,55.52708435058594,59.22888997395833,55.52708435058594,55.52708435058594,176,0.0,0.0
1991-01-10 00:00:00-05:00,55.52708410447644,57.377986907958984,55.52708410447644,57.377986907958984,32,0.0,0.0
1991-01-11 00:00:00-05:00,55.52708435058594,55.52708435058594,55.52708435058594,55.52708435058594,15,0.0,0.0
1991-01-14 00:00:00-05:00,55.52708410447644,57.377986907958984,55.52708410447644,57.377986907958984,462,0.0,0.0
1991-01-15 00:00:00-05:00,57.377986907958984,61.07979251492408,55.52708410447644,57.377986907958984,1523,0.0,0.0
1991-01-16 00:00:00-05:00,59.22888861762153,66.63249969482422,59.22888861762153,66.63249969482422,2455,0.0,0.0
1991-01-17 00:00:00-05:00,66.63250038840555,66.63250038840555,59.22888923413826,61.07979202270508,427,0.0,0.0
1991-01-18 00:00:00-05:00,64.78160095214844,64.78160095214844,61.079795183454245,64.78160095214844,214,0.0,0.0
1991-01-21 00:00:00-05:00,61.079791386922196,68.4834024641249,61.079791386922196,66.63249969482422,612,0.0,0.0
1991-01-22 00:00:00-05:00,62.93069806780134,66.63250383649553,62.93069806780134,64.78160095214844,318,0.0,0.0
1991-01-23 00:00:00-05:00,66.63249830766158,81.4397201538086,66.63249830766158,81.4397201538086,2618,0.0,0.0
1991-01-24 00:00:00-05:00,81.43972423464753,88.84333552870639,74.03611294058867,79.58882141113281,2150,0.0,0.0
1991-01-25 00:00:00-05:00,81.4397201538086,85.14152561534534,77.73791469227184,81.4397201538086,744,0.0,0.0
1991-01-28 00:00:00-05:00,77.73791469227184,85.14152561534534,77.73791469227184,81.4397201538086,400,0.0,0.0
1991-01-29 00:00:00-05:00,77.7379150390625,81.4397205171131,74.03610956101191,77.7379150390625,2639,0.0,0.0
1991-01-30 00:00:00-05:00,81.43972135844983,81.43972135844983,70.33430480957031,70.33430480957031,821,0.0,0.0
1991-01-31 00:00:00-05:00,70.33430778689501,77.73791913288396,70.33430778689501,75.88701629638672,2261,0.0,0.0
1991-02-01 00:00:00-05:00,74.03610956101191,77.7379150390625,74.03610956101191,77.7379150390625,1303,0.0,0.0
1991-02-04 00:00:00-05:00,77.7379150390625,77.7379150390625,74.03610956101191,77.7379150390625,926,0.0,0.0
1991-02-05 00:00:00-05:00,77.7379150390625,85.14152599516369,74.03610956101191,77.7379150390625,1197,0.0,0.0
1991-02-06 00:00:00-05:00,81.4397205171131,85.14152599516369,77.7379150390625,77.7379150390625,1368,0.0,0.0
1991-02-07 00:00:00-05:00,77.7379185876181,81.43972423464753,74.03611294058867,79.58882141113281,792,0.0,0.0
1991-02-08 00:00:00-05:00,79.58881742304021,81.4397201538086,72.18520649996671,81.4397201538086,3308,0.0,0.0
1991-02-11 00:00:00-05:00,81.4397205171131,81.4397205171131,77.7379150390625,77.7379150390625,482,0.0,0.0
1991-02-12 00:00:00-05:00,81.43972135844983,81.43972135844983,70.33430480957031,70.33430480957031,1323,0.0,0.0
1991-02-13 00:00:00-05:00,77.73791584215667,77.73791584215667,70.33430480957031,70.33430480957031,2042,0.0,0.0
1991-02-14 00:00:00-05:00,70.33430480957031,74.03611032586349,70.33430480957031,70.33430480957031,1044,0.0,0.0
1991-02-15 00:00:00-05:00,70.33430442810058,74.0361099243164,66.63249893188477,74.0361099243164,559,0.0,0.0
1991-02-19 00:00:00-05:00,74.03611032586349,74.03611032586349,66.63249929327714,70.33430480957031,544,0.0,0.0
1991-02-20 00:00:00-05:00,74.03610956101191,77.7379150390625,70.33430408296131,77.7379150390625,635,0.0,0.0
1991-02-21 00:00:00-05:00,74.03611032586349,77.73791584215667,70.33430480957031,70.33430480957031,1023,0.0,0.0
1991-02-22 00:00:00-05:00,75.8870123000372,81.4397205171131,74.03610956101191,77.7379150390625,770,0.0,0.0
1991-02-25 00:00:00-05:00,81.43972091674804,85.14152641296386,74.0361099243164,74.0361099243164,5262,0.0,0.0
1991-02-26 00:00:00-05:00,74.0361099243164,77.73791542053222,74.0361099243164,74.0361099243164,3003,0.0,0.0
1991-02-27 00:00:00-05:00,74.03611345988949,77.73791913288396,74.03611345988949,75.88701629638672,1438,0.0,0.0
1991-02-28 00:00:00-05:00,74.0361099243164,77.73791542053222,74.0361099243164,74.0361099243164,942,0.0,0.0
1991-03-01 00:00:00-05:00,74.03610956101191,77.7379150390625,74.03610956101191,77.7379150390625,2080,0.0,0.0
1991-03-04 00:00:00-05:00,77.73791542053222,77.73791542053222,74.0361099243164,74.0361099243164,1079,0.0,0.0
1991-03-05 00:00:00-05:00,74.03610956101191,85.14152599516369,74.03610956101191,77.7379150390625,3220,0.0,0.0
1991-03-06 00:00:00-05:00,85.14152495066325,88.84333038330078,79.58881680170695,88.84333038330078,1356,0.0,0.0
1991-03-07 00:00:00-05:00,88.84333740234375,96.24694885253906,85.14153167724609,92.5451431274414,3689,0.0,0.0
1991-03-08 00:00:00-05:00,92.54513908835018,96.24694465188419,88.84333352481619,94.39604187011719,8259,0.0,0.0
1991-03-11 00:00:00-05:00,92.54513954629704,94.39604233722298,88.84333396444515,90.6942367553711,2132,0.0,0.0
1991-03-12 00:00:00-05:00,90.69423309961955,92.54513581593832,88.84333038330078,88.84333038330078,1411,0.0,0.0
1991-03-13 00:00:00-05:00,88.84333740234375,92.5451431274414,88.84333740234375,92.5451431274414,1182,0.0,0.0
1991-03-14 00:00:00-05:00,88.84333396444515,92.54513954629704,88.84333396444515,90.6942367553711,967,0.0,0.0
1991-03-15 00:00:00-05:00,90.6942367553711,92.54513954629704,88.84333396444515,90.6942367553711,758,0.0,0.0
1991-03-18 00:00:00-05:00,88.84333444148936,92.54514004321808,85.14152883976064,86.992431640625,426,0.0,0.0
1991-03-19 00:00:00-05:00,88.84333038330078,90.69423309961955,86.99242766698202,88.84333038330078,895,0.0,0.0
1991-03-20 00:00:00-05:00,90.6942367553711,90.6942367553711,86.99243117351921,90.6942367553711,1662,0.0,0.0
1991-03-21 00:00:00-05:00,90.6942367553711,96.24694512814892,86.99243117351921,90.6942367553711,2152,0.0,0.0
1991-03-22 00:00:00-05:00,88.84333038330078,96.24694124857585,88.84333038330078,88.84333038330078,991,0.0,0.0
1991-03-25 00:00:00-05:00,88.84333038330078,90.69423309961955,88.84333038330078,88.84333038330078,2476,0.0,0.0
1991-03-26 00:00:00-05:00,88.84333038330078,90.69423309961955,88.84333038330078,88.84333038330078,2091,0.0,0.0
1991-03-27 00:00:00-05:00,90.69424026489257,92.5451431274414,88.84333740234375,92.5451431274414,7270,0.0,0.0
1991-03-28 00:00:00-05:00,92.54514254056491,103.6505596454327,92.54514254056491,96.2469482421875,1614,0.0,0.0
1991-04-01 00:00:00-05:00,99.94875281197685,111.05416979108537,96.24694715227399,103.65055847167969,1718,0.0,0.0
1991-04-02 00:00:00-05:00,99.94875281197685,105.50146130153111,98.09784998212541,103.65055847167969,1342,0.0,0.0
1991-04-03 00:00:00-05:00,103.65055445620888,105.50145721435547,103.65055445620888,105.50145721435547,1556,0.0,0.0
1991-04-04 00:00:00-05:00,105.50145721435547,105.50145721435547,99.9487489399157,105.50145721435547,738,0.0,0.0
1991-04-05 00:00:00-05:00,107.35235997250206,107.35235997250206,99.9487489399157,105.50145721435547,1471,0.0,0.0
1991-04-08 00:00:00-04:00,105.50146076597017,107.35236358642578,103.65055794551455,107.35236358642578,3361,0.0,0.0
1991-04-09 00:00:00-04:00,107.35236471670645,107.35236471670645,99.9487533569336,99.9487533569336,1559,0.0,0.0
1991-04-10 00:00:00-04:00,99.94874933416193,105.50145763050426,99.94874933416193,101.79965209960938,2461,0.0,0.0
1991-04-11 00:00:00-04:00,105.50145763050426,105.50145763050426,101.79965209960938,101.79965209960938,918,0.0,0.0
1991-04-12 00:00:00-04:00,101.79965564182827,103.65055847167969,101.79965564182827,103.65055847167969,1271,0.0,0.0
1991-04-15 00:00:00-04:00,103.65055847167969,103.65055847167969,101.79965564182827,103.65055847167969,1145,0.0,0.0
1991-04-16 00:00:00-04:00,105.50145763050426,105.50145763050426,101.79965209960938,101.79965209960938,1032,0.0,0.0
1991-04-17 00:00:00-04:00,101.79965564182827,103.65055847167969,101.79965564182827,103.65055847167969,1436,0.0,0.0
1991-04-18 00:00:00-04:00,103.6505596454327,103.6505596454327,88.8433368389423,96.2469482421875,5350,0.0,0.0
1991-04-19 00:00:00-04:00,96.2469482421875,99.9487539438101,92.54514254056491,96.2469482421875,3030,0.0,0.0
1991-04-22 00:00:00-04:00,96.24694124857585,96.24694124857585,83.29062223434448,88.84333038330078,1717,0.0,0.0
1991-04-23 00:00:00-04:00,88.8433368389423,96.2469482421875,88.8433368389423,96.2469482421875,1591,0.0,0.0
1991-04-24 00:00:00-04:00,96.2469482421875,96.2469482421875,88.8433368389423,96.2469482421875,277,0.0,0.0
1991-04-25 00:00:00-04:00,96.24694124857585,96.24694124857585,88.84333038330078,88.84333038330078,238,0.0,0.0
1991-04-26 00:00:00-04:00,88.84333740234375,96.24694885253906,88.84333740234375,92.5451431274414,930,0.0,0.0
1991-04-29 00:00:00-04:00,90.69423309961955,94.39603853225708,88.84333038330078,88.84333038330078,544,0.0,0.0
1991-04-30 00:00:00-04:00,88.84333038330078,92.54513581593832,85.14152495066325,88.84333038330078,1197,0.0,0.0
1991-05-01 00:00:00-04:00,86.992431640625,88.84333444148936,86.992431640625,86.992431640625,641,0.0,0.0
1991-05-02 00:00:00-04:00,88.84333038330078,88.84333038330078,86.99242766698202,88.84333038330078,639,0.0,0.0
1991-05-03 00:00:00-04:00,86.992431640625,88.84333444148936,86.992431640625,86.992431640625,533,0.0,0.0
1991-05-06 00:00:00-04:00,86.99243270519167,88.84333552870639,79.58882141113281,79.58882141113281,700,0.0,0.0
1991-05-07 00:00:00-04:00,79.58882090250651,85.1415293375651,79.58882090250651,83.2906265258789,464,0.0,0.0
1991-05-08 00:00:00-04:00,83.29062705816224,83.29062705816224,79.58882141113281,79.58882141113281,162,0.0,0.0
1991-05-09 00:00:00-04:00,81.43972323803192,88.84333444148936,81.43972323803192,86.992431640625,1430,0.0,0.0
1991-05-10 00:00:00-04:00,86.99242766698202,88.84333038330078,85.14152495066325,88.84333038330078,376,0.0,0.0
1991-05-13 00:00:00-04:00,85.14152526855469,88.84333071501358,85.14152526855469,85.14152526855469,232,0.0,0.0
1991-05-14 00:00:00-04:00,88.84333071501358,88.84333071501358,85.14152526855469,85.14152526855469,515,0.0,0.0
1991-05-15 00:00:00-04:00,88.84333071501358,88.84333071501358,85.14152526855469,85.14152526855469,947,0.0,0.0
1991-05-16 00:00:00-04:00,88.84333444148936,88.84333444148936,86.992431640625,86.992431640625,535,0.0,0.0
1991-05-17 00:00:00-04:00,86.99243117351921,90.6942367553711,86.99243117351921,90.6942367553711,1177,0.0,0.0
1991-05-20 00:00:00-04:00,88.84333038330078,90.69423309961955,88.84333038330078,88.84333038330078,583,0.0,0.0
1991-05-21 00:00:00-04:00,88.84333396444515,92.54513954629704,88.84333396444515,90.6942367553711,970,0.0,0.0
1991-05-22 00:00:00-04:00,92.5451431274414,92.5451431274414,90.69424026489257,92.5451431274414,785,0.0,0.0
1991-05-23 00:00:00-04:00,90.69424026489257,92.5451431274414,90.69424026489257,92.5451431274414,305,0.0,0.0
1991-05-24 00:00:00-04:00,92.54513616147248,92.54513616147248,85.14152526855469,85.14152526855469,1036,0.0,0.0
1991-05-28 00:00:00-04:00,88.8433310768821,88.8433310768821,81.4397201538086,81.4397201538086,1111,0.0,0.0
1991-05-29 00:00:00-04:00,85.14152561534534,88.8433310768821,81.4397201538086,81.4397201538086,1262,0.0,0.0
1991-05-30 00:00:00-04:00,79.58881742304021,85.14152561534534,79.58881742304021,81.4397201538086,362,0.0,0.0
1991-05-31 00:00:00-04:00,79.58882090250651,83.2906265258789,79.58882090250651,83.2906265258789,1044,0.0,0.0
1991-06-03 00:00:00-04:00,83.2906265258789,83.2906265258789,79.58882090250651,83.2906265258789,929,0.0,0.0
1991-06-04 00:00:00-04:00,83.2906265258789,85.1415293375651,81.43972371419271,83.2906265258789,412,0.0,0.0
1991-06-05 00:00:00-04:00,81.43971982209578,88.84333071501358,81.43971982209578,85.14152526855469,188,0.0,0.0
1991-06-06 00:00:00-04:00,88.84333071501358,88.84333071501358,85.14152526855469,85.14152526855469,70,0.0,0.0
1991-06-07 00:00:00-04:00,85.14153167724609,92.5451431274414,85.14153167724609,92.5451431274414,571,0.0,0.0
1991-06-10 00:00:00-04:00,88.84333038330078,92.54513581593832,88.84333038330078,88.84333038330078,1874,0.0,0.0
1991-06-11 00:00:00-04:00,85.14152883976064,90.69423724235372,85.14152883976064,86.992431640625,133,0.0,0.0
1991-06-12 00:00:00-04:00,86.99242799178413,90.69423343824303,85.14152526855469,85.14152526855469,377,0.0,0.0
1991-06-13 00:00:00-04:00,85.1415293375651,86.9924321492513,83.2906265258789,83.2906265258789,303,0.0,0.0
1991-06-14 00:00:00-04:00,85.14152883976064,86.992431640625,83.29062603889628,86.992431640625,256,0.0,0.0
1991-06-17 00:00:00-04:00,83.2906265258789,86.9924321492513,83.2906265258789,83.2906265258789,79,0.0,0.0
1991-06-18 00:00:00-04:00,83.29062254532523,86.99242799178413,83.29062254532523,85.14152526855469,564,0.0,0.0
1991-06-19 00:00:00-04:00,83.2906265258789,86.9924321492513,83.2906265258789,83.2906265258789,382,0.0,0.0
1991-06-20 00:00:00-04:00,85.1415293375651,86.9924321492513,83.2906265258789,83.2906265258789,138,0.0,0.0
1991-06-21 00:00:00-04:00,86.992431640625,86.992431640625,83.29062603889628,86.992431640625,408,0.0,0.0
1991-06-24 00:00:00-04:00,83.29062254532523,85.14152526855469,79.58881709886633,85.14152526855469,517,0.0,0.0
1991-06-25 00:00:00-04:00,79.58881742304021,83.29062288457698,77.73791469227184,81.4397201538086,329,0.0,0.0
1991-06-26 00:00:00-04:00,77.73791469227184,85.14152561534534,77.73791469227184,81.4397201538086,103,0.0,0.0
1991-06-27 00:00:00-04:00,77.73791913288396,81.43972480587844,75.88701629638672,75.88701629638672,153,0.0,0.0
1991-06-28 00:00:00-04:00,79.5888219693812,79.5888219693812,75.88701629638672,75.88701629638672,214,0.0,0.0
1991-07-01 00:00:00-04:00,81.4397201538086,81.4397201538086,75.88701196150346,81.4397201538086,120,0.0,0.0
1991-07-02 00:00:00-04:00,75.88701196150346,81.4397201538086,75.88701196150346,81.4397201538086,197,0.0,0.0
1991-07-03 00:00:00-04:00,75.88701576410338,81.43972423464753,75.88701576410338,79.58882141113281,252,0.0,0.0
1991-07-05 00:00:00-04:00,74.0361099243164,74.0361099243164,70.33430442810058,74.0361099243164,130,0.0,0.0
1991-07-08 00:00:00-04:00,77.7379176363032,88.84333444148936,74.03611203457447,86.992431640625,1108,0.0,0.0
1991-07-09 00:00:00-04:00,88.84333071501358,92.54513616147248,81.43971982209578,85.14152526855469,1183,0.0,0.0
1991-07-10 00:00:00-04:00,85.14152526855469,85.14152526855469,81.43971982209578,85.14152526855469,273,0.0,0.0
1991-07-11 00:00:00-04:00,81.43971982209578,85.14152526855469,77.73791437563689,85.14152526855469,345,0.0,0.0
1991-07-12 00:00:00-04:00,77.7379150390625,81.4397205171131,77.7379150390625,77.7379150390625,161,0.0,0.0
1991-07-15 00:00:00-04:00,81.4397205171131,85.14152599516369,77.7379150390625,77.7379150390625,579,0.0,0.0
1991-07-16 00:00:00-04:00,83.29062705816224,85.14152988167696,77.7379185876181,79.58882141113281,253,0.0,0.0
1991-07-17 00:00:00-04:00,79.58881742304021,83.29062288457698,79.58881742304021,81.4397201538086,530,0.0,0.0
1991-07-18 00:00:00-04:00,83.29062705816224,85.14152988167696,79.58882141113281,79.58882141113281,305,0.0,0.0
1991-07-19 00:00:00-04:00,79.5888177780878,99.94874790736607,77.7379150390625,77.7379150390625,2123,0.0,0.0
1991-07-22 00:00:00-04:00,85.14152561534534,85.14152561534534,79.58881742304021,81.4397201538086,347,0.0,0.0
1991-07-23 00:00:00-04:00,85.14152599516369,85.14152599516369,77.7379150390625,77.7379150390625,514,0.0,0.0
1991-07-24 00:00:00-04:00,85.14152526855469,85.14152526855469,77.73791437563689,85.14152526855469,465,0.0,0.0
1991-07-25 00:00:00-04:00,77.73792022705078,92.5451431274414,77.73792022705078,92.5451431274414,817,0.0,0.0
1991-07-26 00:00:00-04:00,88.84333740234375,92.5451431274414,85.14153167724609,92.5451431274414,136,0.0,0.0
1991-07-29 00:00:00-04:00,85.14152883976064,92.54514004321808,85.14152883976064,86.992431640625,114,0.0,0.0
1991-07-30 00:00:00-04:00,90.69423309961955,90.69423309961955,85.14152495066325,88.84333038330078,179,0.0,0.0
1991-07-31 00:00:00-04:00,88.84333038330078,88.84333038330078,88.84333038330078,88.84333038330078,106,0.0,0.0
1991-08-01 00:00:00-04:00,85.14152526855469,88.84333071501358,85.14152526855469,85.14152526855469,98,0.0,0.0
1991-08-02 00:00:00-04:00,85.14152495066325,90.69423309961955,85.14152495066325,88.84333038330078,300,0.0,0.0
1991-08-05 00:00:00-04:00,86.992431640625,86.992431640625,86.992431640625,86.992431640625,147,0.0,0.0
1991-08-06 00:00:00-04:00,86.992431640625,90.69423724235372,86.992431640625,86.992431640625,261,0.0,0.0
1991-08-07 00:00:00-04:00,85.14152599516369,90.69423421223958,77.7379150390625,77.7379150390625,480,0.0,0.0
1991-08-08 00:00:00-04:00,88.84333147321429,88.84333147321429,77.7379150390625,77.7379150390625,100,0.0,0.0
1991-08-09 00:00:00-04:00,79.58881742304021,85.14152561534534,79.58881742304021,81.4397201538086,145,0.0,0.0
1991-08-12 00:00:00-04:00,81.4397201538086,85.14152561534534,81.4397201538086,81.4397201538086,162,0.0,0.0
1991-08-13 00:00:00-04:00,81.43971982209578,85.14152526855469,81.43971982209578,85.14152526855469,233,0.0,0.0
1991-08-14 00:00:00-04:00,81.43972091674804,85.14152641296386,74.0361099243164,74.0361099243164,633,0.0,0.0
1991-08-15 00:00:00-04:00,74.0361099243164,79.58881816864013,74.0361099243164,74.0361099243164,635,0.0,0.0
1991-08-16 00:00:00-04:00,79.5888177780878,79.5888177780878,74.03610956101191,77.7379150390625,455,0.0,0.0
1991-08-19 00:00:00-04:00,77.73791584215667,77.73791584215667,70.33430480957031,70.33430480957031,153,0.0,0.0
1991-08-20 00:00:00-04:00,74.03611032586349,74.03611032586349,70.33430480957031,70.33430480957031,215,0.0,0.0
1991-08-21 00:00:00-04:00,70.33430833082933,74.03611403245192,70.33430833082933,72.18521118164062,191,0.0,0.0
1991-08-22 00:00:00-04:00,74.0361099243164,74.0361099243164,72.1852071762085,74.0361099243164,591,0.0,0.0
1991-08-23 00:00:00-04:00,75.88701688326323,75.88701688326323,72.18521118164062,72.18521118164062,324,0.0,0.0
1991-08-26 00:00:00-04:00,72.18521118164062,74.03611403245192,72.18521118164062,72.18521118164062,400,0.0,0.0
1991-08-27 00:00:00-04:00,72.1852075677169,74.03611032586349,70.33430480957031,70.33430480957031,791,0.0,0.0
1991-08-28 00:00:00-04:00,74.0361107720269,74.0361107720269,66.63249969482422,66.63249969482422,276,0.0,0.0
1991-08-29 00:00:00-04:00,66.63249929327714,74.03611032586349,64.78159653513055,70.33430480957031,247,0.0,0.0
1991-08-30 00:00:00-04:00,64.78160033354888,68.48340606689453,64.78160033354888,68.48340606689453,206,0.0,0.0
1991-09-03 00:00:00-04:00,64.78160095214844,68.48340672084264,64.78160095214844,64.78160095214844,20,0.0,0.0
1991-09-04 00:00:00-04:00,64.78160095214844,66.63250383649553,64.78160095214844,64.78160095214844,712,0.0,0.0
1991-09-05 00:00:00-04:00,64.78160095214844,66.63250383649553,64.78160095214844,64.78160095214844,317,0.0,0.0
1991-09-06 00:00:00-04:00,66.63250383649553,66.63250383649553,61.079795183454245,64.78160095214844,623,0.0,0.0
1991-09-09 00:00:00-04:00,61.07979202270508,62.9306948112719,61.07979202270508,61.07979202270508,111,0.0,0.0
1991-09-10 00:00:00-04:00,61.079795183454245,70.33430960518973,61.079795183454245,64.78160095214844,876,0.0,0.0
1991-09-11 00:00:00-04:00,68.48340672084264,68.48340672084264,64.78160095214844,64.78160095214844,73,0.0,0.0
1991-09-12 00:00:00-04:00,64.78160095214844,68.48340672084264,64.78160095214844,64.78160095214844,248,0.0,0.0
1991-09-13 00:00:00-04:00,66.6325032002217,68.48340606689453,64.78160033354888,68.48340606689453,461,0.0,0.0
1991-09-16 00:00:00-04:00,68.48340205142372,72.1852075677169,68.48340205142372,70.33430480957031,956,0.0,0.0
1991-09-17 00:00:00-04:00,72.1852075677169,72.1852075677169,70.33430480957031,70.33430480957031,556,0.0,0.0
1991-09-18 00:00:00-04:00,72.18521118164062,72.18521118164062,70.33430833082933,72.18521118164062,555,0.0,0.0
1991-09-19 00:00:00-04:00,70.33430480957031,72.1852075677169,66.63249929327714,70.33430480957031,420,0.0,0.0
1991-09-20 00:00:00-04:00,68.48340205142372,74.03611032586349,68.48340205142372,70.33430480957031,1635,0.0,0.0
1991-09-23 00:00:00-04:00,74.03610956101191,77.7379150390625,72.18520682198661,77.7379150390625,262,0.0,0.0
1991-09-24 00:00:00-04:00,77.73791809082032,83.2906265258789,75.88701527913412,83.2906265258789,345,0.0,0.0
1991-09-25 00:00:00-04:00,79.58881709886633,85.14152526855469,77.73791437563689,85.14152526855469,771,0.0,0.0
1991-09-26 00:00:00-04:00,85.14152495066325,90.69423309961955,83.29062223434448,88.84333038330078,1311,0.0,0.0
1991-09-27 00:00:00-04:00,83.29062223434448,88.84333038330078,83.29062223434448,88.84333038330078,267,0.0,0.0
1991-09-30 00:00:00-04:00,83.29062254532523,92.54513616147248,83.29062254532523,85.14152526855469,1152,0.0,0.0
1991-10-01 00:00:00-04:00,92.54513908835018,103.65055577895221,85.14152796128218,94.39604187011719,3964,0.0,0.0
1991-10-02 00:00:00-04:00,94.39604598999023,98.09785171508788,88.84333740234375,92.5451431274414,3800,0.0,0.0
1991-10-03 00:00:00-04:00,92.54514004321808,92.54514004321808,86.992431640625,86.992431640625,956,0.0,0.0
1991-10-04 00:00:00-04:00,86.99243117351921,90.6942367553711,86.99243117351921,90.6942367553711,1211,0.0,0.0
1991-10-07 00:00:00-04:00,90.69423724235372,90.69423724235372,85.14152883976064,86.992431640625,980,0.0,0.0
1991-10-08 00:00:00-04:00,86.992431640625,88.84333444148936,85.14152883976064,86.992431640625,956,0.0,0.0
1991-10-09 00:00:00-04:00,85.14152526855469,88.84333071501358,85.14152526855469,85.14152526855469,412,0.0,0.0
1991-10-10 00:00:00-04:00,88.84333396444515,90.6942367553711,85.14152838259328,90.6942367553711,192,0.0,0.0
1991-10-11 00:00:00-04:00,85.14152495066325,88.84333038330078,85.14152495066325,88.84333038330078,117,0.0,0.0
1991-10-14 00:00:00-04:00,85.14152495066325,90.69423309961955,85.14152495066325,88.84333038330078,564,0.0,0.0
1991-10-15 00:00:00-04:00,85.14153167724609,92.5451431274414,83.29062881469727,92.5451431274414,1017,0.0,0.0
1991-10-16 00:00:00-04:00,86.99242766698202,92.54513581593832,85.14152495066325,88.84333038330078,421,0.0,0.0
1991-10-17 00:00:00-04:00,85.14152883976064,88.84333444148936,85.14152883976064,86.992431640625,529,0.0,0.0
1991-10-18 00:00:00-04:00,85.14152495066325,88.84333038330078,85.14152495066325,88.84333038330078,761,0.0,0.0
1991-10-21 00:00:00-04:00,85.14153167724609,92.5451431274414,85.14153167724609,92.5451431274414,667,0.0,0.0
1991-10-22 00:00:00-04:00,86.99243453979493,94.39604598999023,86.99243453979493,92.5451431274414,2592,0.0,0.0
1991-10-23 00:00:00-04:00,92.54513581593832,94.39603853225708,85.14152495066325,88.84333038330078,2080,0.0,0.0
1991-10-24 00:00:00-04:00,92.54513954629704,94.39604233722298,88.84333396444515,90.6942367553711,500,0.0,0.0
1991-10-25 00:00:00-04:00,90.6942367553711,94.39604233722298,90.6942367553711,90.6942367553711,1265,0.0,0.0
1991-10-28 00:00:00-05:00,90.69423309961955,92.54513581593832,88.84333038330078,88.84333038330078,1388,0.0,0.0
1991-10-29 00:00:00-05:00,92.54513908835018,96.24694465188419,88.84333352481619,94.39604187011719,1991,0.0,0.0
1991-10-30 00:00:00-05:00,96.24694767704716,107.35236471670645,92.54514199716073,99.9487533569336,3103,0.0,0.0
1991-10-31 00:00:00-05:00,103.6505553047612,103.6505553047612,98.09784698486328,98.09784698486328,1752,0.0,0.0
1991-11-01 00:00:00-05:00,98.09784656871449,101.79965209960938,98.09784656871449,101.79965209960938,780,0.0,0.0
1991-11-04 00:00:00-05:00,99.9487533569336,101.79965619687681,96.24694767704716,99.9487533569336,4730,0.0,0.0
1991-11-05 00:00:00-05:00,99.9487533569336,99.9487533569336,96.24694767704716,99.9487533569336,477,0.0,0.0
1991-11-06 00:00:00-05:00,98.09785051699038,99.9487533569336,96.24694767704716,99.9487533569336,1552,0.0,0.0
1991-11-07 00:00:00-05:00,96.2469482421875,99.9487539438101,96.2469482421875,96.2469482421875,1730,0.0,0.0
1991-11-08 00:00:00-05:00,98.09784516834078,122.15958077566964,92.54513695126488,116.60687255859375,15209,0.0,0.0
1991-11-11 00:00:00-05:00,127.71229610158436,136.96681031184409,114.75597620722073,124.01049041748047,12358,0.0,0.0
1991-11-12 00:00:00-05:00,125.86139301500822,177.6866724917763,124.01049017655221,175.8357696533203,24305,0.0,0.0
1991-11-13 00:00:00-05:00,177.68666294642858,225.81013416108632,170.28305199032738,194.34478759765625,42144,0.0,0.0
1991-11-14 00:00:00-05:00,201.7483976537531,207.30110584605825,148.07221846147016,162.8794403076172,26473,0.0,0.0
1991-11-15 00:00:00-05:00,155.47584228515626,157.32674516950334,125.86139613560267,129.56320190429688,10545,0.0,0.0
1991-11-18 00:00:00-05:00,118.45778346706082,140.6686178671347,118.45778346706082,136.96681213378906,5650,0.0,0.0
1991-11-19 00:00:00-05:00,138.81771632603235,140.66861921037946,122.15959036690849,129.56320190429688,1988,0.0,0.0
1991-11-20 00:00:00-05:00,148.07222806490384,157.32674231896036,140.66861666165866,144.37042236328125,6498,0.0,0.0
1991-11-21 00:00:00-05:00,142.51952073380755,146.2213264671532,129.56320066709776,136.96681213378906,2602,0.0,0.0
1991-11-22 00:00:00-05:00,136.96680410284745,140.66860961914062,129.5631930702611,140.66860961914062,1200,0.0,0.0
1991-11-25 00:00:00-05:00,140.66860816592262,238.7664533342634,135.11589994884673,233.2137451171875,34135,0.0,0.0
1991-11-26 00:00:00-05:00,301.69716190946275,312.80257891226506,233.2137570588485,255.42459106445312,61783,0.0,0.0
1991-11-27 00:00:00-05:00,262.8282032719365,270.2318146317093,192.49389535409432,199.8975067138672,20065,0.0,0.0
1991-11-29 00:00:00-05:00,207.3011123194839,259.1263903993549,199.89750116521662,244.3191680908203,12752,0.0,0.0
1991-12-02 00:00:00-05:00,248.02097275677852,255.4245838838465,229.51194493910847,251.7227783203125,8239,0.0,0.0
1991-12-03 00:00:00-05:00,240.61736551920572,248.02097676595054,218.40653177897136,222.10833740234375,4006,0.0,0.0
1991-12-04 00:00:00-05:00,225.81013937557447,229.51194493910847,203.5993059943704,220.25743103027344,5038,0.0,0.0
1991-12-05 00:00:00-05:00,216.5556227031507,222.10833097759047,199.8974978798314,211.00291442871094,4402,0.0,0.0
1991-12-06 00:00:00-05:00,214.7047306941106,214.7047306941106,188.7920907827524,192.493896484375,4174,0.0,0.0
1991-12-09 00:00:00-05:00,188.7920856881649,196.19569689162233,173.98486328125,173.98486328125,5156,0.0,0.0
1991-12-10 00:00:00-05:00,181.38847831443502,207.30111807364003,173.98486695466218,199.8975067138672,3571,0.0,0.0
1991-12-11 00:00:00-05:00,212.85382784329929,214.7047306941106,186.9411879319411,192.493896484375,4297,0.0,0.0
1991-12-12 00:00:00-05:00,199.89750277611518,236.91555884576613,192.49389156218498,229.51194763183594,8339,0.0,0.0
1991-12-13 00:00:00-05:00,233.21375050264248,255.4245838838465,225.81013937557447,251.7227783203125,10488,0.0,0.0
1991-12-16 00:00:00-05:00,248.02097463607788,255.42458581924438,229.51194667816162,236.91555786132812,5391,0.0,0.0
1991-12-17 00:00:00-05:00,236.91555989583333,244.31917114257814,214.70472615559896,222.10833740234375,2474,0.0,0.0
1991-12-18 00:00:00-05:00,214.7047243118286,236.91555786132812,214.7047243118286,236.91555786132812,2282,0.0,0.0
1991-12-19 00:00:00-05:00,236.91555989583333,236.91555989583333,218.40653177897136,222.10833740234375,1400,0.0,0.0
1991-12-20 00:00:00-05:00,229.51194973649652,229.51194973649652,207.3011158910291,214.70472717285156,1583,0.0,0.0
1991-12-23 00:00:00-05:00,220.25743459065757,222.10833740234375,211.00292053222657,222.10833740234375,1132,0.0,0.0
1991-12-24 00:00:00-05:00,222.10833097759047,225.81013649388365,211.00291442871094,211.00291442871094,688,0.0,0.0
1991-12-26 00:00:00-05:00,211.00292375352646,218.40653511329933,192.49389535409432,199.8975067138672,2186,0.0,0.0
1991-12-27 00:00:00-05:00,207.3011192908654,214.7047306941106,188.7920907827524,192.493896484375,2773,0.0,0.0
1991-12-30 00:00:00-05:00,199.89749951632515,207.3011106095224,188.79208287652932,196.19569396972656,2248,0.0,0.0
1991-12-31 00:00:00-05:00,196.19569396972656,207.3011106095224,181.3884717833321,196.19569396972656,3648,0.0,0.0
1992-01-02 00:00:00-05:00,185.0902765447443,203.59930419921875,185.0902765447443,203.59930419921875,1183,0.0,0.0
1992-01-03 00:00:00-05:00,203.59930506292378,203.59930506292378,188.79208287652932,196.19569396972656,1389,0.0,0.0
1992-01-06 00:00:00-05:00,188.7920896742079,211.00292375352646,181.38847831443502,199.8975067138672,3197,0.0,0.0
1992-01-07 00:00:00-05:00,199.8975078876202,207.3011192908654,185.09028508112982,192.493896484375,2142,0.0,0.0
1992-01-08 00:00:00-05:00,192.4938999720982,266.5300153459821,192.4938999720982,259.12640380859375,24105,0.0,0.0
1992-01-09 00:00:00-05:00,270.231796909386,285.03901865784553,251.7227697238116,262.82818603515625,15502,0.0,0.0
1992-01-10 00:00:00-05:00,255.42458482222125,266.5300015536222,236.91555693655303,244.3191680908203,4991,0.0,0.0
1992-01-13 00:00:00-05:00,244.31916554768878,273.9336098564996,233.21374893188477,266.5299987792969,9347,0.0,0.0
1992-01-14 00:00:00-05:00,266.5299987792969,277.6354153951009,255.42458216349283,266.5299987792969,3906,0.0,0.0
1992-01-15 00:00:00-05:00,259.1263877020942,270.2318043178982,259.1263877020942,266.5299987792969,3668,0.0,0.0
1992-01-16 00:00:00-05:00,259.1263967320539,266.53000806725544,248.02097972925156,255.42459106445312,2950,0.0,0.0
1992-01-17 00:00:00-05:00,248.02097366795397,255.42458482222125,233.2137513594194,244.3191680908203,2297,0.0,0.0
1992-01-20 00:00:00-05:00,244.31916081355166,251.72277174729567,233.21374441293568,240.6173553466797,1174,0.0,0.0
1992-01-21 00:00:00-05:00,248.02098083496094,248.02098083496094,236.91556378264926,248.02098083496094,2576,0.0,0.0
1992-01-22 00:00:00-05:00,236.91554987980768,251.72277174729567,233.21374441293568,240.6173553466797,1486,0.0,0.0
1992-01-23 00:00:00-05:00,244.3191740616508,266.53000806725544,244.3191740616508,255.42459106445312,4302,0.0,0.0
1992-01-24 00:00:00-05:00,255.4245751609265,270.231796909386,255.4245751609265,262.82818603515625,4065,0.0,0.0
1992-01-27 00:00:00-05:00,262.82820239965463,270.2318137348562,248.02097972925156,255.42459106445312,2071,0.0,0.0
1992-01-28 00:00:00-05:00,255.4245751609265,262.82818603515625,251.7227697238116,262.82818603515625,2206,0.0,0.0
1992-01-29 00:00:00-05:00,259.1263978872726,262.8282035713765,248.02098083496094,248.02098083496094,1595,0.0,0.0
1992-01-30 00:00:00-05:00,248.02098650251116,259.12640380859375,240.61737496512276,259.12640380859375,1567,0.0,0.0
1992-01-31 00:00:00-05:00,255.42459803989956,262.82820957728796,248.02098650251116,259.12640380859375,952,0.0,0.0
1992-02-03 00:00:00-05:00,259.12638059804135,262.82818603515625,251.7227697238116,262.82818603515625,1109,0.0,0.0
1992-02-04 00:00:00-05:00,255.42459803989956,262.82820957728796,244.31918073381698,259.12640380859375,1905,0.0,0.0
1992-02-05 00:00:00-05:00,259.12640380859375,266.5300153459821,255.42459803989956,259.12640380859375,3426,0.0,0.0
1992-02-06 00:00:00-05:00,259.12638059804135,266.52999147227115,255.4245751609265,262.82818603515625,1767,0.0,0.0
1992-02-07 00:00:00-05:00,262.8281932406955,270.2318043178982,251.72277662489148,266.5299987792969,2395,0.0,0.0
1992-02-10 00:00:00-05:00,259.1263967320539,270.2318137348562,251.72278539685234,255.42459106445312,1714,0.0,0.0
1992-02-11 00:00:00-05:00,255.42458216349283,270.2318043178982,255.42458216349283,266.5299987792969,742,0.0,0.0
1992-02-12 00:00:00-05:00,266.5300015536222,266.5300015536222,236.91555693655303,244.3191680908203,2862,0.0,0.0
1992-02-13 00:00:00-05:00,251.72277662489148,266.5299987792969,244.31916554768878,266.5299987792969,2077,0.0,0.0
1992-02-14 00:00:00-05:00,251.7227792450876,266.5300015536222,244.3191680908203,244.3191680908203,1476,0.0,0.0
1992-02-18 00:00:00-05:00,255.42457721416767,259.1263826810397,240.6173553466797,240.6173553466797,9324,0.0,0.0
1992-02-19 00:00:00-05:00,229.51194763183594,240.6173644527312,222.10833641790575,229.51194763183594,2267,0.0,0.0
1992-02-20 00:00:00-05:00,229.51194667816162,240.61736345291138,229.51194667816162,236.91555786132812,842,0.0,0.0
1992-02-21 00:00:00-05:00,233.21375226974487,236.91555786132812,229.51194667816162,236.91555786132812,958,0.0,0.0
1992-02-24 00:00:00-05:00,229.51194667816162,236.91555786132812,225.81014108657837,236.91555786132812,311,0.0,0.0
1992-02-25 00:00:00-05:00,225.81014302571614,236.91555989583333,218.40653177897136,222.10833740234375,1041,0.0,0.0
1992-02-26 00:00:00-05:00,222.1083400560462,266.53000806725544,214.70472872084466,255.42459106445312,4174,0.0,0.0
1992-02-27 00:00:00-05:00,255.42458581924438,262.8281970024109,233.21375226974487,236.91555786132812,2576,0.0,0.0
1992-02-28 00:00:00-05:00,233.2137513594194,244.3191680908203,229.51194578228575,244.3191680908203,970,0.0,0.0
1992-03-02 00:00:00-05:00,244.31916081355166,244.31916081355166,229.5119389460637,240.6173553466797,300,0.0,0.0
1992-03-03 00:00:00-05:00,236.91555786132812,244.31916904449463,229.51194667816162,236.91555786132812,947,0.0,0.0
1992-03-04 00:00:00-05:00,236.91555786132812,248.02097463607788,236.91555786132812,236.91555786132812,1080,0.0,0.0
1992-03-05 00:00:00-05:00,236.91555989583333,248.02097676595054,222.10833740234375,222.10833740234375,1970,0.0,0.0
1992-03-06 00:00:00-05:00,218.40652390777086,233.21374586761974,218.40652390777086,225.8101348876953,433,0.0,0.0
1992-03-09 00:00:00-05:00,214.70471841780864,236.91555135758196,214.70471841780864,225.8101348876953,389,0.0,0.0
1992-03-10 00:00:00-05:00,225.8101334791917,240.6173553466797,225.8101334791917,240.6173553466797,1147,0.0,0.0
1992-03-11 00:00:00-05:00,233.2137451171875,236.9155505952381,225.81013416108632,233.2137451171875,1655,0.0,0.0
1992-03-12 00:00:00-05:00,233.21374586761974,236.91555135758196,222.1083293977331,225.8101348876953,1315,0.0,0.0
1992-03-13 00:00:00-05:00,233.21375226974487,236.91555786132812,225.81014108657837,236.91555786132812,692,0.0,0.0
1992-03-16 00:00:00-05:00,236.9155505952381,236.9155505952381,222.10832868303572,233.2137451171875,797,0.0,0.0
1992-03-17 00:00:00-05:00,225.81014202487083,236.91555884576613,225.81014202487083,229.51194763183594,932,0.0,0.0
1992-03-18 00:00:00-05:00,236.91555786132812,236.91555786132812,225.81014108657837,236.91555786132812,774,0.0,0.0
1992-03-19 00:00:00-05:00,229.51195241444145,259.1263978872726,229.51195241444145,248.02098083496094,3235,0.0,0.0
1992-03-20 00:00:00-05:00,248.02096702938988,248.02096702938988,229.5119396391369,233.2137451171875,1503,0.0,0.0
1992-03-23 00:00:00-05:00,236.91555884576613,236.91555884576613,225.81014202487083,229.51194763183594,445,0.0,0.0
1992-03-24 00:00:00-05:00,229.51194667816162,240.61736345291138,229.51194667816162,236.91555786132812,955,0.0,0.0
1992-03-25 00:00:00-05:00,236.91555693655303,244.3191680908203,236.91555693655303,244.3191680908203,652,0.0,0.0
1992-03-26 00:00:00-05:00,244.31916155133928,244.31916155133928,233.2137451171875,233.2137451171875,794,0.0,0.0
1992-03-27 00:00:00-05:00,233.21374586761974,244.31916233750638,225.8101348876953,225.8101348876953,323,0.0,0.0
1992-03-30 00:00:00-05:00,225.81013416108632,233.2137451171875,222.10832868303572,233.2137451171875,445,0.0,0.0
1992-03-31 00:00:00-05:00,222.10832868303572,236.9155505952381,222.10832868303572,233.2137451171875,1048,0.0,0.0
1992-04-01 00:00:00-05:00,233.2137451171875,236.9155505952381,229.5119396391369,233.2137451171875,479,0.0,0.0
1992-04-02 00:00:00-05:00,229.51194763183594,236.91555884576613,229.51194763183594,229.51194763183594,1433,0.0,0.0
1992-04-03 00:00:00-05:00,229.51194864908854,236.91555989583333,222.10833740234375,222.10833740234375,677,0.0,0.0
1992-04-06 00:00:00-04:00,222.10833097759047,229.5119420101768,203.59930339612458,211.00291442871094,1285,0.0,0.0
1992-04-07 00:00:00-04:00,203.59930506292378,214.70472170271964,192.49388842312794,196.19569396972656,1632,0.0,0.0
1992-04-08 00:00:00-04:00,199.8975067138672,207.30111807364003,185.09028399432145,199.8975067138672,2120,0.0,0.0
1992-04-09 00:00:00-04:00,207.30111694335938,214.70472826276506,199.8975056239537,207.30111694335938,1098,0.0,0.0
1992-04-10 00:00:00-04:00,207.30110815015888,222.10833016088452,207.30110815015888,218.40652465820312,1300,0.0,0.0
1992-04-13 00:00:00-04:00,222.10833641790575,229.51194763183594,218.40653081094064,229.51194763183594,1406,0.0,0.0
1992-04-14 00:00:00-04:00,229.5119403776575,236.91555135758196,222.1083293977331,225.8101348876953,827,0.0,0.0
1992-04-15 00:00:00-04:00,240.61736345291138,240.61736345291138,229.51194667816162,236.91555786132812,1091,0.0,0.0
1992-04-16 00:00:00-04:00,236.91555217161016,236.91555217161016,207.30110815015888,218.40652465820312,2077,0.0,0.0
1992-04-20 00:00:00-04:00,222.1083318536932,222.1083318536932,199.89749866832386,203.59930419921875,798,0.0,0.0
1992-04-21 00:00:00-04:00,203.59931128365653,214.70472826276506,199.8975056239537,207.30111694335938,327,0.0,0.0
1992-04-22 00:00:00-04:00,207.30110973011364,214.7047207919034,203.59930419921875,203.59930419921875,379,0.0,0.0
1992-04-23 00:00:00-04:00,211.00292375352646,211.00292375352646,199.8975067138672,199.8975067138672,379,0.0,0.0
1992-04-24 00:00:00-04:00,199.8975004308364,207.30111155790442,188.79208374023438,188.79208374023438,794,0.0,0.0
1992-04-27 00:00:00-04:00,188.7920820756392,203.59930419921875,188.7920820756392,203.59930419921875,530,0.0,0.0
1992-04-28 00:00:00-04:00,203.59931128365653,211.00292260306222,196.19569996425082,207.30111694335938,1082,0.0,0.0
1992-04-29 00:00:00-04:00,199.89749866832386,214.7047207919034,199.89749866832386,203.59930419921875,1073,0.0,0.0
1992-04-30 00:00:00-04:00,203.59930339612458,214.70471994500411,203.59930339612458,211.00291442871094,602,0.0,0.0
1992-05-01 00:00:00-04:00,211.00292260306222,214.70472826276506,203.59931128365653,207.30111694335938,270,0.0,0.0
1992-05-04 00:00:00-04:00,203.59930928548178,222.10833740234375,203.59930928548178,222.10833740234375,453,0.0,0.0
1992-05-05 00:00:00-04:00,222.10833641790575,236.91555884576613,222.10833641790575,229.51194763183594,967,0.0,0.0
1992-05-06 00:00:00-04:00,222.10833641790575,233.21375323880102,222.10833641790575,229.51194763183594,638,0.0,0.0
1992-05-07 00:00:00-04:00,225.81014302571614,233.21375427246093,218.40653177897136,222.10833740234375,971,0.0,0.0
1992-05-08 00:00:00-04:00,218.40652390777086,233.21374586761974,218.40652390777086,225.8101348876953,426,0.0,0.0
1992-05-11 00:00:00-04:00,233.21374586761974,236.91555135758196,222.1083293977331,225.8101348876953,461,0.0,0.0
1992-05-12 00:00:00-04:00,225.8101348876953,236.91555135758196,222.1083293977331,225.8101348876953,621,0.0,0.0
1992-05-13 00:00:00-04:00,225.81014202487083,233.21375323880102,225.81014202487083,229.51194763183594,544,0.0,0.0
1992-05-14 00:00:00-04:00,233.21374586761974,233.21374586761974,225.8101348876953,225.8101348876953,453,0.0,0.0
1992-05-15 00:00:00-04:00,218.4065328137628,229.51194973649652,214.70472717285156,214.70472717285156,402,0.0,0.0
1992-05-18 00:00:00-04:00,214.70472615559896,222.10833740234375,211.00292053222657,222.10833740234375,170,0.0,0.0
1992-05-19 00:00:00-04:00,211.00291442871094,222.10833097759047,199.8974978798314,211.00291442871094,748,0.0,0.0
1992-05-20 00:00:00-04:00,214.7047207919034,214.7047207919034,196.19569313742898,203.59930419921875,742,0.0,0.0
1992-05-21 00:00:00-04:00,196.1957021859976,199.8975078876202,185.09028508112982,192.493896484375,1280,0.0,0.0
1992-05-22 00:00:00-04:00,185.09028508112982,196.1957021859976,185.09028508112982,192.493896484375,723,0.0,0.0
1992-05-26 00:00:00-04:00,203.5993135892428,203.5993135892428,188.7920907827524,192.493896484375,232,0.0,0.0
1992-05-27 00:00:00-04:00,188.7920820756392,203.59930419921875,188.7920820756392,203.59930419921875,486,0.0,0.0
1992-05-28 00:00:00-04:00,203.5993059943704,203.5993059943704,185.09027817670037,188.79208374023438,341,0.0,0.0
1992-05-29 00:00:00-04:00,192.49389535409432,199.8975067138672,188.7920896742079,199.8975067138672,1124,0.0,0.0
1992-06-01 00:00:00-04:00,192.49388930376838,199.8975004308364,185.09027817670037,188.79208374023438,1033,0.0,0.0
1992-06-02 00:00:00-04:00,199.8975004308364,199.8975004308364,188.79208374023438,188.79208374023438,259,0.0,0.0
1992-06-03 00:00:00-04:00,190.64299363356372,196.1957021859976,188.7920907827524,192.493896484375,282,0.0,0.0
1992-06-04 00:00:00-04:00,192.49389430454798,207.30111694335938,192.49389430454798,207.30111694335938,421,0.0,0.0
1992-06-05 00:00:00-04:00,199.89750460920663,229.51194973649652,199.89750460920663,214.70472717285156,1503,0.0,0.0
1992-06-08 00:00:00-04:00,222.10833740234375,229.51194864908854,214.70472615559896,222.10833740234375,908,0.0,0.0
1992-06-09 00:00:00-04:00,229.51194864908854,229.51194864908854,218.40653177897136,222.10833740234375,920,0.0,0.0
1992-06-10 00:00:00-04:00,225.8101440955853,229.51194973649652,214.70472717285156,214.70472717285156,771,0.0,0.0
1992-06-11 00:00:00-04:00,225.81014302571614,229.51194864908854,214.70472615559896,222.10833740234375,680,0.0,0.0
1992-06-12 00:00:00-04:00,229.5119403776575,229.5119403776575,214.70471841780864,225.8101348876953,512,0.0,0.0
1992-06-15 00:00:00-04:00,218.40652465820312,225.81013566356594,214.7047191555217,218.40652465820312,806,0.0,0.0
1992-06-16 00:00:00-04:00,218.4065328137628,225.8101440955853,214.70472717285156,214.70472717285156,435,0.0,0.0
1992-06-17 00:00:00-04:00,222.10833958217074,222.10833958217074,207.30111694335938,207.30111694335938,302,0.0,0.0
1992-06-18 00:00:00-04:00,207.3011158910291,214.70472717285156,196.1956989682954,214.70472717285156,700,0.0,0.0
1992-06-19 00:00:00-04:00,207.30110973011364,214.7047207919034,203.59930419921875,203.59930419921875,632,0.0,0.0
1992-06-22 00:00:00-04:00,199.8975056239537,214.70472826276506,196.19569996425082,207.30111694335938,792,0.0,0.0
1992-06-23 00:00:00-04:00,207.30111807364003,207.30111807364003,199.8975067138672,199.8975067138672,329,0.0,0.0
1992-06-24 00:00:00-04:00,192.49389535409432,207.30111807364003,188.7920896742079,199.8975067138672,612,0.0,0.0
1992-06-25 00:00:00-04:00,203.59931239375362,207.30111807364003,196.19570103398075,199.8975067138672,215,0.0,0.0
1992-06-26 00:00:00-04:00,199.8975036621094,222.10833740234375,199.8975036621094,222.10833740234375,908,0.0,0.0
1992-06-29 00:00:00-04:00,211.00292053222657,236.91555989583333,211.00292053222657,222.10833740234375,1008,0.0,0.0
1992-06-30 00:00:00-04:00,214.70472717285156,222.10833845467405,207.3011158910291,214.70472717285156,1003,0.0,0.0
1992-07-01 00:00:00-04:00,211.00292260306222,218.4065339224679,203.59931128365653,207.30111694335938,505,0.0,0.0
1992-07-02 00:00:00-04:00,203.59931128365653,207.30111694335938,199.8975056239537,207.30111694335938,615,0.0,0.0
1992-07-06 00:00:00-04:00,199.89749951632515,207.3011106095224,196.19569396972656,196.19569396972656,250,0.0,0.0
1992-07-07 00:00:00-04:00,203.5993135892428,203.5993135892428,185.09028508112982,192.493896484375,567,0.0,0.0
1992-07-08 00:00:00-04:00,192.49388842312794,199.89749951632515,192.49388842312794,196.19569396972656,688,0.0,0.0
1992-07-09 00:00:00-04:00,199.8975067138672,199.8975067138672,188.7920896742079,199.8975067138672,518,0.0,0.0
1992-07-10 00:00:00-04:00,199.89749951632515,203.59930506292378,196.19569396972656,196.19569396972656,205,0.0,0.0
1992-07-13 00:00:00-04:00,207.30111807364003,207.30111807364003,192.49389535409432,199.8975067138672,559,0.0,0.0
1992-07-14 00:00:00-04:00,196.19569313742898,203.59930419921875,192.4938876065341,203.59930419921875,318,0.0,0.0
1992-07-15 00:00:00-04:00,196.19569396972656,203.59930506292378,196.19569396972656,196.19569396972656,411,0.0,0.0
1992-07-16 00:00:00-04:00,196.19569313742898,203.59930419921875,192.4938876065341,203.59930419921875,470,0.0,0.0
1992-07-17 00:00:00-04:00,192.4938876065341,203.59930419921875,192.4938876065341,203.59930419921875,176,0.0,0.0
1992-07-20 00:00:00-04:00,192.49389098571228,205.45021057128906,188.7920853898332,205.45021057128906,489,0.0,0.0
1992-07-21 00:00:00-04:00,207.30110973011364,218.4065263227983,199.89749866832386,203.59930419921875,1294,0.0,0.0
1992-07-22 00:00:00-04:00,199.89749866832386,214.7047207919034,199.89749866832386,203.59930419921875,238,0.0,0.0
1992-07-23 00:00:00-04:00,203.59931239375362,211.00292375352646,199.8975067138672,199.8975067138672,336,0.0,0.0
1992-07-24 00:00:00-04:00,196.19570103398075,199.8975067138672,188.7920896742079,199.8975067138672,1006,0.0,0.0
1992-07-27 00:00:00-04:00,199.8975004308364,203.5993059943704,188.79208374023438,188.79208374023438,330,0.0,0.0
1992-07-28 00:00:00-04:00,192.49389430454798,207.30111694335938,192.49389430454798,207.30111694335938,453,0.0,0.0
1992-07-29 00:00:00-04:00,207.30110891241776,211.00291442871094,199.8974978798314,211.00291442871094,283,0.0,0.0
1992-07-30 00:00:00-04:00,211.00291526100852,211.00291526100852,192.4938876065341,203.59930419921875,659,0.0,0.0
1992-07-31 00:00:00-04:00,192.49388930376838,199.8975004308364,188.79208374023438,188.79208374023438,409,0.0,0.0
1992-08-03 00:00:00-04:00,199.8975067138672,211.00292375352646,188.7920896742079,199.8975067138672,783,0.0,0.0
1992-08-04 00:00:00-04:00,211.00292375352646,211.00292375352646,196.19570103398075,199.8975067138672,756,0.0,0.0
1992-08-05 00:00:00-04:00,196.19569996425082,211.00292260306222,196.19569996425082,207.30111694335938,452,0.0,0.0
1992-08-06 00:00:00-04:00,207.3011106095224,211.00291615612102,192.49388842312794,196.19569396972656,491,0.0,0.0
1992-08-07 00:00:00-04:00,192.493896484375,207.3011192908654,192.493896484375,192.493896484375,665,0.0,0.0
1992-08-10 00:00:00-04:00,192.49388930376838,199.8975004308364,188.79208374023438,188.79208374023438,252,0.0,0.0
1992-08-11 00:00:00-04:00,196.1956948673024,203.5993059943704,188.79208374023438,188.79208374023438,447,0.0,0.0
1992-08-12 00:00:00-04:00,199.8975078876202,199.8975078876202,188.7920907827524,192.493896484375,492,0.0,0.0
1992-08-13 00:00:00-04:00,192.493896484375,196.1957021859976,188.7920907827524,192.493896484375,395,0.0,0.0
1992-08-14 00:00:00-04:00,188.79208467444596,196.1956958381497,177.6866679288903,181.3884735107422,948,0.0,0.0
1992-08-17 00:00:00-04:00,185.09027462194462,192.4938856068224,177.68666363706683,186.94117736816406,1106,0.0,0.0
1992-08-18 00:00:00-04:00,185.09028399432145,199.8975067138672,185.09028399432145,199.8975067138672,373,0.0,0.0
1992-08-19 00:00:00-04:00,192.49388842312794,203.59930506292378,192.49388842312794,196.19569396972656,370,0.0,0.0
1992-08-20 00:00:00-04:00,192.49389535409432,199.8975067138672,192.49389535409432,199.8975067138672,786,0.0,0.0
1992-08-21 00:00:00-04:00,192.493896484375,199.8975078876202,188.7920907827524,192.493896484375,427,0.0,0.0
1992-08-24 00:00:00-04:00,188.79209197998046,199.89750915527344,185.0902862548828,185.0902862548828,382,0.0,0.0
1992-08-25 00:00:00-04:00,177.68666076660156,188.79207706451416,177.68666076660156,177.68666076660156,197,0.0,0.0
1992-08-26 00:00:00-04:00,185.09028008643617,185.09028008643617,173.98486328125,173.98486328125,438,0.0,0.0
1992-08-27 00:00:00-04:00,173.98486907958986,185.0902862548828,173.98486907958986,185.0902862548828,648,0.0,0.0
1992-08-28 00:00:00-04:00,177.6866679288903,188.79208467444596,177.6866679288903,181.3884735107422,326,0.0,0.0
1992-08-31 00:00:00-04:00,185.09027163187665,188.79207706451416,177.68666076660156,177.68666076660156,479,0.0,0.0
1992-09-01 00:00:00-04:00,177.68666888297872,185.09028008643617,173.98486328125,173.98486328125,79,0.0,0.0
1992-09-02 00:00:00-04:00,173.98485533396405,185.09027163187665,173.98485533396405,177.68666076660156,439,0.0,0.0
1992-09-03 00:00:00-04:00,185.09028008643617,185.09028008643617,173.98486328125,173.98486328125,642,0.0,0.0
1992-09-04 00:00:00-04:00,170.2830499013265,181.3884661992391,170.2830499013265,177.68666076660156,309,0.0,0.0
1992-09-08 00:00:00-04:00,181.3884735107422,188.79208467444596,173.98486234703842,181.3884735107422,674,0.0,0.0
1992-09-09 00:00:00-04:00,185.0902862548828,185.0902862548828,177.6866748046875,185.0902862548828,338,0.0,0.0
1992-09-10 00:00:00-04:00,185.09027909259407,188.79208467444596,181.3884735107422,181.3884735107422,298,0.0,0.0
1992-09-11 00:00:00-04:00,181.3884735107422,185.09027909259407,181.3884735107422,181.3884735107422,285,0.0,0.0
1992-09-14 00:00:00-04:00,181.3884755452474,188.79208679199218,166.5812530517578,166.5812530517578,720,0.0,0.0
1992-09-15 00:00:00-04:00,173.98485533396405,177.68666076660156,159.1776336034139,177.68666076660156,626,0.0,0.0
1992-09-16 00:00:00-04:00,177.68666143002716,177.68666143002716,170.28305053710938,170.28305053710938,705,0.0,0.0
1992-09-17 00:00:00-04:00,181.38847640465048,218.4065328137628,170.28305948191675,214.70472717285156,6121,0.0,0.0
1992-09-18 00:00:00-04:00,207.3011106095224,214.70472170271964,188.79208287652932,196.19569396972656,3753,0.0,0.0
1992-09-21 00:00:00-04:00,203.59931239375362,203.59931239375362,192.49389535409432,199.8975067138672,855,0.0,0.0
1992-09-22 00:00:00-04:00,196.19569996425082,211.00292260306222,196.19569996425082,207.30111694335938,991,0.0,0.0
1992-09-23 00:00:00-04:00,199.89750217747044,207.3011133692286,199.89750217747044,205.45021057128906,623,0.0,0.0
1992-09-24 00:00:00-04:00,199.89749951632515,207.3011106095224,196.19569396972656,196.19569396972656,398,0.0,0.0
1992-09-25 00:00:00-04:00,203.59930506292378,203.59930506292378,196.19569396972656,196.19569396972656,477,0.0,0.0
1992-09-28 00:00:00-04:00,196.1957021859976,203.5993135892428,192.493896484375,192.493896484375,220,0.0,0.0
1992-09-29 00:00:00-04:00,192.49389535409432,207.30111807364003,192.49389535409432,199.8975067138672,583,0.0,0.0
1992-09-30 00:00:00-04:00,207.30110815015888,225.81013566356594,196.19569164211467,218.40652465820312,2552,0.0,0.0
1992-10-01 00:00:00-04:00,211.00292153194033,222.10833845467405,211.00292153194033,214.70472717285156,939,0.0,0.0
1992-10-02 00:00:00-04:00,214.70472826276506,222.10833958217074,203.59931128365653,207.30111694335938,692,0.0,0.0
1992-10-05 00:00:00-04:00,214.7047294334129,214.7047294334129,196.19570103398075,199.8975067138672,750,0.0,0.0
1992-10-06 00:00:00-04:00,203.59930506292378,203.59930506292378,192.49388842312794,196.19569396972656,756,0.0,0.0
1992-10-07 00:00:00-04:00,199.89749951632515,199.89749951632515,192.49388842312794,196.19569396972656,427,0.0,0.0
1992-10-08 00:00:00-04:00,222.10833016088452,251.7227741823358,218.40652465820312,218.40652465820312,22553,0.0,0.0
1992-10-09 00:00:00-04:00,229.51194864908854,229.51194864908854,211.00292053222657,222.10833740234375,1618,0.0,0.0
1992-10-12 00:00:00-04:00,222.10833740234375,233.21375427246093,214.70472615559896,222.10833740234375,1206,0.0,0.0
1992-10-13 00:00:00-04:00,218.4065339224679,222.10833958217074,207.30111694335938,207.30111694335938,1900,0.0,0.0
1992-10-14 00:00:00-04:00,203.59931025011787,214.70472717285156,203.59931025011787,214.70472717285156,794,0.0,0.0
1992-10-15 00:00:00-04:00,203.59930419921875,211.00291526100852,196.19569313742898,203.59930419921875,877,0.0,0.0
1992-10-16 00:00:00-04:00,203.59931128365653,207.30111694335938,199.8975056239537,207.30111694335938,482,0.0,0.0
1992-10-19 00:00:00-04:00,207.30111807364003,207.30111807364003,199.8975067138672,199.8975067138672,311,0.0,0.0
1992-10-20 00:00:00-04:00,199.8975056239537,218.4065339224679,199.8975056239537,207.30111694335938,438,0.0,0.0
1992-10-21 00:00:00-04:00,214.70472826276506,214.70472826276506,199.8975056239537,207.30111694335938,1767,0.0,0.0
1992-10-22 00:00:00-04:00,203.5993080950798,203.5993080950798,166.58125207779256,173.98486328125,4553,0.0,0.0
1992-10-23 00:00:00-04:00,177.68666076660156,185.09027163187665,166.58124446868896,177.68666076660156,3238,0.0,0.0
1992-10-26 00:00:00-05:00,177.6866748046875,188.79209197998046,177.6866748046875,185.0902862548828,998,0.0,0.0
1992-10-27 00:00:00-05:00,192.49389770507813,192.49389770507813,177.6866748046875,185.0902862548828,1192,0.0,0.0
1992-10-28 00:00:00-05:00,177.6866679288903,185.09027909259407,173.98486234703842,181.3884735107422,806,0.0,0.0
1992-10-29 00:00:00-05:00,177.6866748046875,185.0902862548828,177.6866748046875,185.0902862548828,568,0.0,0.0
1992-10-30 00:00:00-05:00,179.53757766723632,185.0902862548828,173.98486907958986,185.0902862548828,688,0.0,0.0
1992-11-02 00:00:00-05:00,185.09027163187665,185.09027163187665,177.68666076660156,177.68666076660156,267,0.0,0.0
1992-11-03 00:00:00-05:00,177.6866748046875,192.49389770507813,173.98486907958986,185.0902862548828,476,0.0,0.0
1992-11-04 00:00:00-05:00,177.68666704963238,188.79208374023438,177.68666704963238,188.79208374023438,444,0.0,0.0
1992-11-05 00:00:00-05:00,185.09027817670037,192.49388930376838,181.38847261316636,188.79208374023438,1118,0.0,0.0
1992-11-06 00:00:00-05:00,185.09028166243172,199.89750419542628,185.09028166243172,190.6429901123047,567,0.0,0.0
1992-11-09 00:00:00-05:00,188.7920820756392,207.30110973011364,188.7920820756392,203.59930419921875,1123,0.0,0.0
1992-11-10 00:00:00-05:00,199.89749866832386,207.30110973011364,192.4938876065341,203.59930419921875,1061,0.0,0.0
1992-11-11 00:00:00-05:00,207.30110891241776,214.70471994500411,196.19569236353823,211.00291442871094,1236,0.0,0.0
1992-11-12 00:00:00-05:00,211.00291615612102,211.00291615612102,196.19569396972656,196.19569396972656,1217,0.0,0.0
1992-11-13 00:00:00-05:00,207.3011106095224,207.3011106095224,196.19569396972656,196.19569396972656,335,0.0,0.0
1992-11-16 00:00:00-05:00,203.5993135892428,214.7047306941106,192.493896484375,192.493896484375,855,0.0,0.0
1992-11-17 00:00:00-05:00,199.8975078876202,199.8975078876202,181.38847937950723,192.493896484375,1329,0.0,0.0
1992-11-18 00:00:00-05:00,177.68666704963238,192.49388930376838,177.68666704963238,188.79208374023438,332,0.0,0.0
1992-11-19 00:00:00-05:00,192.49389770507813,199.89750915527344,181.38848052978514,185.0902862548828,1058,0.0,0.0
1992-11-20 00:00:00-05:00,196.1957021859976,198.0466050368089,185.09028508112982,192.493896484375,594,0.0,0.0
1992-11-23 00:00:00-05:00,192.49389025629785,199.8975014200016,181.3884735107422,181.3884735107422,714,0.0,0.0
1992-11-24 00:00:00-05:00,181.3884735107422,192.49389025629785,181.3884735107422,181.3884735107422,359,0.0,0.0
1992-11-25 00:00:00-05:00,181.38847937950723,192.493896484375,181.38847937950723,192.493896484375,523,0.0,0.0
1992-11-27 00:00:00-05:00,185.09027909259407,192.49389025629785,181.3884735107422,181.3884735107422,252,0.0,0.0
1992-11-30 00:00:00-05:00,181.38847937950723,196.1957021859976,181.38847937950723,192.493896484375,576,0.0,0.0
1992-12-01 00:00:00-05:00,192.49388930376838,196.1956948673024,177.68666704963238,188.79208374023438,688,0.0,0.0
1992-12-02 00:00:00-05:00,181.38848052978514,188.79209197998046,181.38848052978514,185.0902862548828,464,0.0,0.0
1992-12-03 00:00:00-05:00,181.3884661992391,185.09027163187665,177.68666076660156,177.68666076660156,706,0.0,0.0
1992-12-04 00:00:00-05:00,177.68666076660156,183.23936891555786,173.98485533396405,177.68666076660156,938,0.0,0.0
1992-12-07 00:00:00-05:00,173.98486907958986,192.49389770507813,173.98486907958986,185.0902862548828,491,0.0,0.0
1992-12-08 00:00:00-05:00,177.68666888297872,181.38847448470744,173.98486328125,173.98486328125,1339,0.0,0.0
1992-12-09 00:00:00-05:00,181.3884661992391,181.3884661992391,173.98485533396405,177.68666076660156,665,0.0,0.0
1992-12-10 00:00:00-05:00,173.98486234703842,185.09027909259407,173.98486234703842,181.3884735107422,883,0.0,0.0
1992-12-11 00:00:00-05:00,173.98486234703842,181.3884735107422,173.98486234703842,181.3884735107422,235,0.0,0.0
1992-12-14 00:00:00-05:00,173.98486328125,181.38847448470744,170.28305767952128,173.98486328125,947,0.0,0.0
1992-12-15 00:00:00-05:00,170.28305053710938,177.68666143002716,170.28305053710938,170.28305053710938,367,0.0,0.0
1992-12-16 00:00:00-05:00,177.68666888297872,177.68666888297872,162.87944647606383,173.98486328125,706,0.0,0.0
1992-12-17 00:00:00-05:00,166.58124509065047,173.98485598356825,166.58124509065047,170.28305053710938,758,0.0,0.0
1992-12-18 00:00:00-05:00,173.98486234703842,185.09027909259407,166.58125118333467,181.3884735107422,2005,0.0,0.0
1992-12-21 00:00:00-05:00,185.09027909259407,185.09027909259407,177.6866679288903,181.3884735107422,427,0.0,0.0
1992-12-22 00:00:00-05:00,177.68666888297872,185.09028008643617,166.58125207779256,173.98486328125,835,0.0,0.0
1992-12-23 00:00:00-05:00,170.28305767952128,177.68666888297872,162.87944647606383,173.98486328125,955,0.0,0.0
1992-12-24 00:00:00-05:00,170.28305053710938,173.98485598356825,170.28305053710938,170.28305053710938,92,0.0,0.0
1992-12-28 00:00:00-05:00,177.68666143002716,177.68666143002716,166.58124509065047,170.28305053710938,645,0.0,0.0
1992-12-29 00:00:00-05:00,170.28305053710938,173.98485598356825,162.87943964419156,170.28305053710938,1005,0.0,0.0
1992-12-30 00:00:00-05:00,162.8794403076172,170.2830512306907,159.17763484608042,162.8794403076172,1291,0.0,0.0
1992-12-31 00:00:00-05:00,166.5812530517578,170.2830586751302,159.17764180501302,166.5812530517578,3211,0.0,0.0
1993-01-04 00:00:00-05:00,170.2830512306907,177.6866621537642,162.8794403076172,162.8794403076172,252,0.0,0.0
1993-01-05 00:00:00-05:00,162.87943964419156,173.98485598356825,162.87943964419156,170.28305053710938,327,0.0,0.0
1993-01-06 00:00:00-05:00,159.17764180501302,170.2830586751302,159.17764180501302,166.5812530517578,406,0.0,0.0
1993-01-07 00:00:00-05:00,170.28305767952128,177.68666888297872,162.87944647606383,173.98486328125,698,0.0,0.0
1993-01-08 00:00:00-05:00,177.6866724917763,177.6866724917763,170.2830611379523,175.8357696533203,574,0.0,0.0
1993-01-11 00:00:00-05:00,177.68666143002716,177.68666143002716,170.28305053710938,170.28305053710938,505,0.0,0.0
1993-01-12 00:00:00-05:00,177.686669921875,177.686669921875,166.5812530517578,166.5812530517578,1121,0.0,0.0
1993-01-13 00:00:00-05:00,170.28305053710938,177.68666143002716,162.87943964419156,170.28305053710938,771,0.0,0.0
1993-01-14 00:00:00-05:00,170.28305053710938,170.28305053710938,162.87943964419156,170.28305053710938,1083,0.0,0.0
1993-01-15 00:00:00-05:00,173.98485533396405,177.68666076660156,162.87943903605145,177.68666076660156,1265,0.0,0.0
1993-01-18 00:00:00-05:00,177.68666076660156,181.3884661992391,170.2830499013265,177.68666076660156,1005,0.0,0.0
1993-01-19 00:00:00-05:00,170.28305767952128,181.38847448470744,170.28305767952128,173.98486328125,797,0.0,0.0
1993-01-20 00:00:00-05:00,177.6866748046875,185.0902862548828,173.98486907958986,185.0902862548828,718,0.0,0.0
1993-01-21 00:00:00-05:00,181.3884735107422,185.09027909259407,177.6866679288903,181.3884735107422,755,0.0,0.0
1993-01-22 00:00:00-05:00,185.0902862548828,185.0902862548828,173.98486907958986,185.0902862548828,823,0.0,0.0
1993-01-25 00:00:00-05:00,185.0902862548828,185.0902862548828,173.98486907958986,185.0902862548828,312,0.0,0.0
1993-01-26 00:00:00-05:00,177.68666076660156,185.09027163187665,177.68666076660156,177.68666076660156,305,0.0,0.0
1993-01-27 00:00:00-05:00,185.09027909259407,185.09027909259407,170.28305676518656,181.3884735107422,662,0.0,0.0
1993-01-28 00:00:00-05:00,185.09028008643617,185.09028008643617,173.98486328125,173.98486328125,162,0.0,0.0
1993-01-29 00:00:00-05:00,173.98486328125,185.09028008643617,170.28305767952128,173.98486328125,185,0.0,0.0
1993-02-01 00:00:00-05:00,181.38847448470744,181.38847448470744,170.28305767952128,173.98486328125,82,0.0,0.0
1993-02-02 00:00:00-05:00,170.28305199032738,177.68666294642858,155.475830078125,155.475830078125,853,0.0,0.0
1993-02-03 00:00:00-05:00,155.475830078125,170.28305199032738,155.475830078125,155.475830078125,506,0.0,0.0
1993-02-04 00:00:00-05:00,155.47583826576792,166.58125528475134,151.77403259277344,151.77403259277344,474,0.0,0.0
1993-02-05 00:00:00-05:00,151.77402534484864,162.8794418334961,148.0722198486328,148.0722198486328,744,0.0,0.0
1993-02-08 00:00:00-05:00,155.475830078125,155.475830078125,148.07221912202382,155.475830078125,371,0.0,0.0
1993-02-09 00:00:00-05:00,148.07221912202382,159.1776355561756,148.07221912202382,155.475830078125,782,0.0,0.0
1993-02-10 00:00:00-05:00,155.47583826576792,162.87944961175688,148.07222691977898,151.77403259277344,468,0.0,0.0
1993-02-11 00:00:00-05:00,151.7740246000744,162.8794410342262,151.7740246000744,155.475830078125,345,0.0,0.0
1993-02-12 00:00:00-05:00,159.1776355561756,159.1776355561756,151.7740246000744,155.475830078125,570,0.0,0.0
1993-02-16 00:00:00-05:00,151.77402534484864,155.47583084106444,140.66860885620116,148.0722198486328,830,0.0,0.0
1993-02-17 00:00:00-05:00,140.66861557379002,151.77403259277344,140.66861557379002,151.77403259277344,223,0.0,0.0
1993-02-18 00:00:00-05:00,151.77402534484864,155.47583084106444,144.370414352417,148.0722198486328,342,0.0,0.0
1993-02-19 00:00:00-05:00,155.475830078125,155.475830078125,125.86138625372024,155.475830078125,16480,0.0,0.0
1993-02-22 00:00:00-05:00,155.4758326212565,155.4758326212565,133.26499938964844,133.26499938964844,556,0.0,0.0
1993-02-23 00:00:00-05:00,133.26499858655427,148.07222065172698,133.26499858655427,140.66860961914062,276,0.0,0.0
1993-02-24 00:00:00-05:00,140.66861666165866,148.07222806490384,138.81771381084735,144.37042236328125,308,0.0,0.0
1993-02-25 00:00:00-05:00,144.37042360048036,148.07222933382602,136.96681213378906,136.96681213378906,264,0.0,0.0
1993-02-26 00:00:00-05:00,144.37042360048036,144.37042360048036,136.96681213378906,136.96681213378906,547,0.0,0.0
1993-03-01 00:00:00-05:00,140.6686114142923,144.3704169778263,125.86138916015625,125.86138916015625,512,0.0,0.0
1993-03-02 00:00:00-05:00,136.9668049282498,136.9668049282498,118.45777723524306,133.26499938964844,883,0.0,0.0
1993-03-03 00:00:00-05:00,129.56320190429688,140.66861921037946,129.56320190429688,129.56320190429688,121,0.0,0.0
1993-03-04 00:00:00-05:00,129.56320066709776,140.6686178671347,129.56320066709776,136.96681213378906,545,0.0,0.0
1993-03-05 00:00:00-05:00,136.96680335998533,148.0722198486328,133.26499786376954,148.0722198486328,297,0.0,0.0
1993-03-08 00:00:00-05:00,151.77402967087767,177.68666888297872,148.07222406914894,173.98486328125,2045,0.0,0.0
1993-03-09 00:00:00-05:00,173.9848642985026,181.3884755452474,166.5812530517578,166.5812530517578,1544,0.0,0.0
1993-03-10 00:00:00-05:00,170.2830512306907,173.98485669222745,157.32673211531204,162.8794403076172,635,0.0,0.0
1993-03-11 00:00:00-05:00,170.2830586751302,170.2830586751302,162.87944742838542,166.5812530517578,270,0.0,0.0
1993-03-12 00:00:00-05:00,159.17763484608042,166.58124576915395,159.17763484608042,162.8794403076172,241,0.0,0.0
1993-03-15 00:00:00-05:00,159.1776355561756,166.58124651227678,155.475830078125,155.475830078125,439,0.0,0.0
1993-03-16 00:00:00-05:00,162.87944961175688,162.87944961175688,151.77403259277344,151.77403259277344,248,0.0,0.0
1993-03-17 00:00:00-05:00,151.77403152820676,162.87944846929506,148.07222588117733,159.17764282226562,406,0.0,0.0
1993-03-18 00:00:00-05:00,155.4758371752362,162.87944846929506,148.07222588117733,159.17764282226562,167,0.0,0.0
1993-03-19 00:00:00-05:00,159.17763633728026,159.17763633728026,148.0722198486328,148.0722198486328,248,0.0,0.0
1993-03-22 00:00:00-05:00,148.07221912202382,155.475830078125,144.37041364397322,155.475830078125,258,0.0,0.0
1993-03-23 00:00:00-05:00,146.22132160137227,148.07222440645293,136.96680757596894,142.51951599121094,811,0.0,0.0
1993-03-24 00:00:00-05:00,136.96680410284745,144.3704151354338,136.96680410284745,140.66860961914062,133,0.0,0.0
1993-03-25 00:00:00-05:00,136.96681213378906,144.37042360048036,136.96681213378906,136.96681213378906,212,0.0,0.0
1993-03-26 00:00:00-05:00,140.66861666165866,144.37042236328125,136.96681096003607,144.37042236328125,89,0.0,0.0
1993-03-29 00:00:00-05:00,136.96681213378906,144.37042360048036,136.96681213378906,136.96681213378906,233,0.0,0.0
1993-03-30 00:00:00-05:00,144.37042360048036,144.37042360048036,136.96681213378906,136.96681213378906,271,0.0,0.0
1993-03-31 00:00:00-05:00,144.37042360048036,144.37042360048036,133.2650064004434,136.96681213378906,503,0.0,0.0
1993-04-01 00:00:00-05:00,136.96681213378906,144.37042360048036,133.2650064004434,136.96681213378906,211,0.0,0.0
1993-04-02 00:00:00-05:00,144.3704151354338,144.3704151354338,133.26499858655427,140.66860961914062,295,0.0,0.0
1993-04-05 00:00:00-04:00,133.2650064004434,144.37042360048036,133.2650064004434,136.96681213378906,248,0.0,0.0
1993-04-06 00:00:00-04:00,140.66861046685113,140.66861046685113,133.26499938964844,133.26499938964844,239,0.0,0.0
1993-04-07 00:00:00-04:00,144.37041600545248,144.37041600545248,129.5631938510471,133.26499938964844,535,0.0,0.0
1993-04-08 00:00:00-04:00,129.56319029902068,140.66860661036532,129.56319029902068,131.41409301757812,220,0.0,0.0
1993-04-12 00:00:00-04:00,129.56320190429688,140.66861921037946,129.56320190429688,129.56320190429688,268,0.0,0.0
1993-04-13 00:00:00-04:00,129.56320066709776,136.96681213378906,125.86139493375212,136.96681213378906,144,0.0,0.0
1993-04-14 00:00:00-04:00,125.86139613560267,136.96681344168528,125.86139613560267,129.56320190429688,239,0.0,0.0
1993-04-15 00:00:00-04:00,125.86138831244574,136.9668049282498,125.86138831244574,133.26499938964844,323,0.0,0.0
1993-04-16 00:00:00-04:00,125.86138916015625,129.56319472369026,125.86138916015625,125.86138916015625,117,0.0,0.0
1993-04-19 00:00:00-04:00,125.86139613560267,129.56320190429688,118.45778459821429,129.56320190429688,639,0.0,0.0
1993-04-20 00:00:00-04:00,129.5631938510471,133.26499938964844,122.15958277384439,133.26499938964844,930,0.0,0.0
1993-04-21 00:00:00-04:00,129.56320066709776,136.96681213378906,129.56320066709776,136.96681213378906,117,0.0,0.0
1993-04-22 00:00:00-04:00,129.5631938510471,136.9668049282498,129.5631938510471,133.26499938964844,242,0.0,0.0
1993-04-23 00:00:00-04:00,129.56320066709776,136.96681213378906,125.86139493375212,136.96681213378906,814,0.0,0.0
1993-04-26 00:00:00-04:00,129.5631938510471,133.26499938964844,129.5631938510471,133.26499938964844,448,0.0,0.0
1993-04-27 00:00:00-04:00,125.86139613560267,136.96681344168528,125.86139613560267,129.56320190429688,142,0.0,0.0
1993-04-28 00:00:00-04:00,129.56320066709776,136.96681213378906,129.56320066709776,136.96681213378906,418,0.0,0.0
1993-04-29 00:00:00-04:00,136.9668049282498,136.9668049282498,129.5631938510471,133.26499938964844,505,0.0,0.0
1993-04-30 00:00:00-04:00,133.26499938964844,133.26499938964844,129.5631938510471,133.26499938964844,202,0.0,0.0
1993-05-03 00:00:00-04:00,129.56319472369026,136.96680585075828,125.86138916015625,125.86138916015625,308,0.0,0.0
1993-05-04 00:00:00-04:00,125.86139613560267,133.26500767299106,125.86139613560267,129.56320190429688,517,0.0,0.0
1993-05-05 00:00:00-04:00,129.56320190429688,136.96681344168528,129.56320190429688,129.56320190429688,442,0.0,0.0
1993-05-06 00:00:00-04:00,129.56320066709776,136.96681213378906,129.56320066709776,136.96681213378906,1092,0.0,0.0
1993-05-07 00:00:00-04:00,129.56320066709776,140.6686178671347,129.56320066709776,136.96681213378906,1467,0.0,0.0
1993-05-10 00:00:00-04:00,140.6686178671347,140.6686178671347,133.2650064004434,136.96681213378906,277,0.0,0.0
1993-05-11 00:00:00-04:00,144.3704151354338,144.3704151354338,136.96680410284745,140.66860961914062,330,0.0,0.0
1993-05-12 00:00:00-04:00,136.96681213378906,140.6686178671347,136.96681213378906,136.96681213378906,188,0.0,0.0
1993-05-13 00:00:00-04:00,136.96681213378906,140.6686178671347,136.96681213378906,136.96681213378906,130,0.0,0.0
1993-05-14 00:00:00-04:00,140.6686178671347,140.6686178671347,129.56320066709776,136.96681213378906,695,0.0,0.0
1993-05-17 00:00:00-04:00,129.56319472369026,136.96680585075828,122.15958359662226,125.86138916015625,462,0.0,0.0
1993-05-18 00:00:00-04:00,133.26500028722427,133.26500028722427,122.15958359662226,125.86138916015625,198,0.0,0.0
1993-05-19 00:00:00-04:00,122.15958359662226,129.56319472369026,118.45777803308825,125.86138916015625,377,0.0,0.0
1993-05-20 00:00:00-04:00,118.45777846827652,129.56319519967744,118.45777846827652,122.15958404541016,321,0.0,0.0
1993-05-21 00:00:00-04:00,122.15959036690849,133.26500767299106,122.15959036690849,129.56320190429688,418,0.0,0.0
1993-05-24 00:00:00-04:00,133.26500525841345,144.37042236328125,129.56319955679086,144.37042236328125,677,0.0,0.0
1993-05-25 00:00:00-04:00,133.26499858655427,144.3704151354338,125.86138755396793,140.66860961914062,467,0.0,0.0
1993-05-26 00:00:00-04:00,140.66860885620116,162.8794418334961,125.86138687133788,148.0722198486328,1227,0.0,0.0
1993-05-27 00:00:00-04:00,159.17763484608042,170.2830512306907,148.07221846147016,162.8794403076172,888,0.0,0.0
1993-05-28 00:00:00-04:00,162.87944742838542,166.5812530517578,151.77403055826824,166.5812530517578,289,0.0,0.0
1993-06-01 00:00:00-04:00,166.58124576915395,170.2830512306907,155.4758293845437,162.8794403076172,594,0.0,0.0
1993-06-02 00:00:00-04:00,162.87944846929506,170.28305976335392,159.17764282226562,159.17764282226562,1271,0.0,0.0
1993-06-03 00:00:00-04:00,170.28305976335392,170.28305976335392,159.17764282226562,159.17764282226562,205,0.0,0.0
1993-06-04 00:00:00-04:00,159.1776355561756,170.28305199032738,151.7740246000744,155.475830078125,452,0.0,0.0
1993-06-07 00:00:00-04:00,151.77403376652646,162.87945087139423,144.37042236328125,144.37042236328125,489,0.0,0.0
1993-06-08 00:00:00-04:00,144.37042236328125,151.77403376652646,144.37042236328125,144.37042236328125,426,0.0,0.0
1993-06-09 00:00:00-04:00,140.66860885620116,155.47583084106444,140.66860885620116,148.0722198486328,1177,0.0,0.0
1993-06-10 00:00:00-04:00,148.07222806490384,155.47583946814905,144.37042236328125,144.37042236328125,306,0.0,0.0
1993-06-11 00:00:00-04:00,155.47583946814905,155.47583946814905,140.66861666165866,144.37042236328125,159,0.0,0.0
1993-06-14 00:00:00-04:00,148.07222065172698,148.07222065172698,140.66860961914062,140.66860961914062,352,0.0,0.0
1993-06-15 00:00:00-04:00,140.66861046685113,140.66861046685113,129.5631938510471,133.26499938964844,405,0.0,0.0
1993-06-16 00:00:00-04:00,133.26499786376954,148.0722198486328,129.5631923675537,148.0722198486328,467,0.0,0.0
1993-06-17 00:00:00-04:00,133.2650064004434,148.07222933382602,133.2650064004434,136.96681213378906,98,0.0,0.0
1993-06-18 00:00:00-04:00,148.07222933382602,148.07222933382602,136.96681213378906,136.96681213378906,608,0.0,0.0
1993-06-21 00:00:00-04:00,133.26500108506943,151.7740290135513,133.26500108506943,149.92312622070312,494,0.0,0.0
1993-06-22 00:00:00-04:00,144.37042236328125,155.47583946814905,144.37042236328125,144.37042236328125,385,0.0,0.0
1993-06-23 00:00:00-04:00,155.47583084106444,155.47583084106444,144.370414352417,148.0722198486328,209,0.0,0.0
1993-06-24 00:00:00-04:00,148.07221912202382,155.475830078125,144.37041364397322,155.475830078125,170,0.0,0.0
1993-06-25 00:00:00-04:00,144.370414352417,155.47583084106444,144.370414352417,148.0722198486328,447,0.0,0.0
1993-06-28 00:00:00-04:00,155.47582817077637,177.68666076660156,155.47582817077637,177.68666076660156,2245,0.0,0.0
1993-06-29 00:00:00-04:00,181.3884735107422,196.1956958381497,170.28305676518656,181.3884735107422,3223,0.0,0.0
1993-06-30 00:00:00-04:00,192.49388930376838,207.30111155790442,181.38847261316636,188.79208374023438,1794,0.0,0.0
1993-07-01 00:00:00-04:00,199.8975004308364,199.8975004308364,185.09027817670037,188.79208374023438,2379,0.0,0.0
1993-07-02 00:00:00-04:00,199.8975078876202,199.8975078876202,185.09028508112982,192.493896484375,852,0.0,0.0
1993-07-06 00:00:00-04:00,196.19568792978924,196.19568792978924,173.98485533396405,177.68666076660156,865,0.0,0.0
1993-07-07 00:00:00-04:00,188.79207706451416,188.79207706451416,170.2830499013265,177.68666076660156,342,0.0,0.0
1993-07-08 00:00:00-04:00,170.28305053710938,177.68666143002716,162.87943964419156,170.28305053710938,447,0.0,0.0
1993-07-09 00:00:00-04:00,170.28305767952128,173.98486328125,166.58125207779256,173.98486328125,358,0.0,0.0
1993-07-12 00:00:00-04:00,173.98486234703842,181.3884735107422,170.28305676518656,181.3884735107422,279,0.0,0.0
1993-07-13 00:00:00-04:00,170.28305767952128,181.38847448470744,170.28305767952128,173.98486328125,168,0.0,0.0
1993-07-14 00:00:00-04:00,166.58125118333467,181.3884735107422,166.58125118333467,181.3884735107422,48,0.0,0.0
1993-07-15 00:00:00-04:00,166.58125657301684,192.493896484375,166.58125657301684,192.493896484375,889,0.0,0.0
1993-07-16 00:00:00-04:00,192.493896484375,199.8975078876202,185.09028508112982,192.493896484375,845,0.0,0.0
1993-07-19 00:00:00-04:00,192.49388930376838,196.1956948673024,188.79208374023438,188.79208374023438,467,0.0,0.0
1993-07-20 00:00:00-04:00,188.79208729568037,196.19569856217763,185.09028166243172,190.6429901123047,686,0.0,0.0
1993-07-21 00:00:00-04:00,199.89750915527344,199.89750915527344,185.0902862548828,185.0902862548828,597,0.0,0.0
1993-07-22 00:00:00-04:00,192.49389770507813,192.49389770507813,185.0902862548828,185.0902862548828,885,0.0,0.0
1993-07-23 00:00:00-04:00,196.1956948673024,196.1956948673024,185.09027817670037,188.79208374023438,573,0.0,0.0
1993-07-26 00:00:00-04:00,196.19570343017577,196.19570343017577,177.6866748046875,185.0902862548828,642,0.0,0.0
1993-07-27 00:00:00-04:00,192.4938912898936,192.4938912898936,173.98486328125,173.98486328125,165,0.0,0.0
1993-07-28 00:00:00-04:00,173.98485533396405,188.79207706451416,173.98485533396405,177.68666076660156,55,0.0,0.0
1993-07-29 00:00:00-04:00,173.98485533396405,188.79207706451416,173.98485533396405,177.68666076660156,80,0.0,0.0
1993-07-30 00:00:00-04:00,173.98485533396405,188.79207706451416,173.98485533396405,177.68666076660156,95,0.0,0.0
1993-08-02 00:00:00-04:00,177.6866679288903,188.79208467444596,177.6866679288903,181.3884735107422,382,0.0,0.0
1993-08-03 00:00:00-04:00,181.3884661992391,188.79207706451416,177.68666076660156,177.68666076660156,332,0.0,0.0
1993-08-04 00:00:00-04:00,181.38846687648606,181.38846687648606,170.28305053710938,170.28305053710938,355,0.0,0.0
1993-08-05 00:00:00-04:00,162.87943903605145,177.68666076660156,162.87943903605145,177.68666076660156,350,0.0,0.0
1993-08-06 00:00:00-04:00,166.5812530517578,177.686669921875,166.5812530517578,166.5812530517578,100,0.0,0.0
1993-08-09 00:00:00-04:00,177.686669921875,177.686669921875,162.87944742838542,166.5812530517578,458,0.0,0.0
1993-08-10 00:00:00-04:00,173.9848642985026,173.9848642985026,166.5812530517578,166.5812530517578,277,0.0,0.0
1993-08-11 00:00:00-04:00,166.58124509065047,173.98485598356825,166.58124509065047,170.28305053710938,186,0.0,0.0
1993-08-12 00:00:00-04:00,170.28305053710938,172.1339532603388,166.58124509065047,170.28305053710938,242,0.0,0.0
1993-08-13 00:00:00-04:00,166.58125657301684,170.28306227463943,166.58125657301684,168.43215942382812,256,0.0,0.0
1993-08-16 00:00:00-04:00,166.58124576915395,173.98485669222745,159.17763484608042,162.8794403076172,118,0.0,0.0
1993-08-17 00:00:00-04:00,162.8794403076172,170.2830512306907,155.4758293845437,162.8794403076172,318,0.0,0.0
1993-08-18 00:00:00-04:00,155.47582875127378,170.28305053710938,155.47582875127378,170.28305053710938,273,0.0,0.0
1993-08-19 00:00:00-04:00,170.2830586751302,170.2830586751302,159.17764180501302,166.5812530517578,364,0.0,0.0
1993-08-20 00:00:00-04:00,166.58124509065047,170.28305053710938,162.87943964419156,170.28305053710938,485,0.0,0.0
1993-08-23 00:00:00-04:00,170.28305976335392,170.28305976335392,155.4758371752362,159.17764282226562,267,0.0,0.0
1993-08-24 00:00:00-04:00,155.4758371752362,170.28305976335392,155.4758371752362,159.17764282226562,233,0.0,0.0
1993-08-25 00:00:00-04:00,159.17764282226562,170.28305976335392,159.17764282226562,159.17764282226562,855,0.0,0.0
1993-08-26 00:00:00-04:00,159.17764282226562,170.28305976335392,159.17764282226562,159.17764282226562,108,0.0,0.0
1993-08-27 00:00:00-04:00,159.17764282226562,170.28305976335392,159.17764282226562,159.17764282226562,221,0.0,0.0
1993-08-30 00:00:00-04:00,159.17764282226562,162.87944846929506,159.17764282226562,159.17764282226562,182,0.0,0.0
1993-08-31 00:00:00-04:00,170.28305976335392,170.28305976335392,159.17764282226562,159.17764282226562,761,0.0,0.0
1993-09-01 00:00:00-04:00,170.2830512306907,170.2830512306907,159.17763484608042,162.8794403076172,145,0.0,0.0
1993-09-02 00:00:00-04:00,159.17764282226562,170.28305976335392,159.17764282226562,159.17764282226562,238,0.0,0.0
1993-09-03 00:00:00-04:00,159.17763419773266,170.28305053710938,159.17763419773266,170.28305053710938,386,0.0,0.0
1993-09-07 00:00:00-04:00,162.87944742838542,177.686669921875,162.87944742838542,166.5812530517578,398,0.0,0.0
1993-09-08 00:00:00-04:00,162.87943964419156,177.68666143002716,162.87943964419156,170.28305053710938,574,0.0,0.0
1993-09-09 00:00:00-04:00,177.6866679288903,185.09027909259407,170.28305676518656,181.3884735107422,464,0.0,0.0
1993-09-10 00:00:00-04:00,173.98486234703842,181.3884735107422,173.98486234703842,181.3884735107422,847,0.0,0.0
1993-09-13 00:00:00-04:00,177.68666076660156,188.79207706451416,177.68666076660156,177.68666076660156,459,0.0,0.0
1993-09-14 00:00:00-04:00,173.98486328125,188.7920856881649,173.98486328125,173.98486328125,297,0.0,0.0
1993-09-15 00:00:00-04:00,177.6866621537642,177.6866621537642,159.17763484608042,162.8794403076172,677,0.0,0.0
1993-09-16 00:00:00-04:00,159.17764180501302,177.686669921875,159.17764180501302,166.5812530517578,326,0.0,0.0
1993-09-17 00:00:00-04:00,177.68666076660156,177.68666076660156,166.58124446868896,177.68666076660156,633,0.0,0.0
1993-09-20 00:00:00-04:00,170.2830499013265,177.68666076660156,166.58124446868896,177.68666076660156,195,0.0,0.0
1993-09-21 00:00:00-04:00,166.58125207779256,177.68666888297872,166.58125207779256,173.98486328125,256,0.0,0.0
1993-09-22 00:00:00-04:00,177.68666076660156,185.09027163187665,170.2830499013265,177.68666076660156,774,0.0,0.0
1993-09-23 00:00:00-04:00,185.09027817670037,196.1956948673024,181.38847261316636,188.79208374023438,1876,0.0,0.0
1993-09-24 00:00:00-04:00,192.493896484375,203.5993135892428,185.09028508112982,192.493896484375,1617,0.0,0.0
1993-09-27 00:00:00-04:00,192.49389430454798,207.30111694335938,192.49389430454798,207.30111694335938,1020,0.0,0.0
1993-09-28 00:00:00-04:00,203.59931239375362,211.00292375352646,196.19570103398075,199.8975067138672,1702,0.0,0.0
1993-09-29 00:00:00-04:00,199.8975056239537,207.30111694335938,196.19569996425082,207.30111694335938,767,0.0,0.0
1993-09-30 00:00:00-04:00,196.19570103398075,211.00292375352646,196.19570103398075,199.8975067138672,1394,0.0,0.0
1993-10-01 00:00:00-04:00,211.00292375352646,211.00292375352646,199.8975067138672,199.8975067138672,335,0.0,0.0
1993-10-04 00:00:00-04:00,199.8975067138672,207.30111807364003,199.8975067138672,199.8975067138672,380,0.0,0.0
1993-10-05 00:00:00-04:00,199.8975078876202,211.00292499248798,192.493896484375,192.493896484375,630,0.0,0.0
1993-10-06 00:00:00-04:00,199.89749951632515,199.89749951632515,188.79208287652932,196.19569396972656,709,0.0,0.0
1993-10-07 00:00:00-04:00,199.8975067138672,203.59931239375362,192.49389535409432,199.8975067138672,335,0.0,0.0
1993-10-08 00:00:00-04:00,199.8975067138672,207.30111807364003,199.8975067138672,199.8975067138672,1108,0.0,0.0
1993-10-11 00:00:00-04:00,203.59931128365653,207.30111694335938,196.19569996425082,207.30111694335938,265,0.0,0.0
1993-10-12 00:00:00-04:00,203.59929987814576,211.0029107828056,203.59929987814576,209.15200805664062,1641,0.0,0.0
1993-10-13 00:00:00-04:00,207.30110891241776,211.00291442871094,207.30110891241776,211.00291442871094,982,0.0,0.0
1993-10-14 00:00:00-04:00,211.00291442871094,222.10833097759047,207.30110891241776,211.00291442871094,1180,0.0,0.0
1993-10-15 00:00:00-04:00,211.00291442871094,218.4065254612973,211.00291442871094,211.00291442871094,868,0.0,0.0
1993-10-18 00:00:00-04:00,211.00292499248798,218.40653639573318,192.493896484375,192.493896484375,923,0.0,0.0
1993-10-19 00:00:00-04:00,196.19569313742898,214.7047207919034,196.19569313742898,203.59930419921875,670,0.0,0.0
1993-10-20 00:00:00-04:00,199.89750460920663,214.70472717285156,194.3447961478398,214.70472717285156,962,0.0,0.0
1993-10-21 00:00:00-04:00,211.00292260306222,225.8101452418736,207.30111694335938,207.30111694335938,3039,0.0,0.0
1993-10-22 00:00:00-04:00,218.4065254612973,222.10833097759047,207.30110891241776,211.00291442871094,1567,0.0,0.0
1993-10-25 00:00:00-04:00,222.10833097759047,222.10833097759047,211.00291442871094,211.00291442871094,642,0.0,0.0
1993-10-26 00:00:00-04:00,211.00291896510768,218.40653015686584,205.45021057128906,205.45021057128906,1691,0.0,0.0
1993-10-27 00:00:00-04:00,205.45020615427117,211.00291442871094,196.19569236353823,211.00291442871094,591,0.0,0.0
1993-10-28 00:00:00-04:00,211.00291526100852,211.00291526100852,199.89749866832386,203.59930419921875,317,0.0,0.0
1993-10-29 00:00:00-04:00,199.89750460920663,214.70472717285156,199.89750460920663,214.70472717285156,794,0.0,0.0
1993-11-01 00:00:00-05:00,207.30110891241776,214.70471994500411,207.30110891241776,211.00291442871094,1968,0.0,0.0
1993-11-02 00:00:00-05:00,214.70471994500411,218.4065254612973,207.30110891241776,211.00291442871094,598,0.0,0.0
1993-11-03 00:00:00-05:00,218.4065254612973,218.4065254612973,211.00291442871094,211.00291442871094,376,0.0,0.0
1993-11-04 00:00:00-05:00,211.00292153194033,218.4065328137628,211.00292153194033,214.70472717285156,636,0.0,0.0
1993-11-05 00:00:00-05:00,211.00292153194033,214.70472717285156,207.3011158910291,214.70472717285156,950,0.0,0.0
1993-11-08 00:00:00-05:00,214.70472826276506,214.70472826276506,207.30111694335938,207.30111694335938,482,0.0,0.0
1993-11-09 00:00:00-05:00,207.3011158910291,214.70472717285156,199.89750460920663,214.70472717285156,594,0.0,0.0
1993-11-10 00:00:00-05:00,199.89750460920663,214.70472717285156,199.89750460920663,214.70472717285156,180,0.0,0.0
1993-11-11 00:00:00-05:00,214.70472717285156,214.70472717285156,199.89750460920663,214.70472717285156,729,0.0,0.0
1993-11-12 00:00:00-05:00,199.89749951632515,214.70472170271964,196.19569396972656,196.19569396972656,1139,0.0,0.0
1993-11-15 00:00:00-05:00,211.00291526100852,211.00291526100852,196.19569313742898,203.59930419921875,355,0.0,0.0
1993-11-16 00:00:00-05:00,196.19569396972656,203.59930506292378,192.49388842312794,196.19569396972656,1370,0.0,0.0
1993-11-17 00:00:00-05:00,199.8975078876202,199.8975078876202,192.493896484375,192.493896484375,638,0.0,0.0
1993-11-18 00:00:00-05:00,192.49389770507813,199.89750915527344,185.0902862548828,185.0902862548828,1023,0.0,0.0
1993-11-19 00:00:00-05:00,185.09028008643617,192.4938912898936,173.98486328125,173.98486328125,427,0.0,0.0
1993-11-22 00:00:00-05:00,173.98485533396405,185.09027163187665,173.98485533396405,177.68666076660156,567,0.0,0.0
1993-11-23 00:00:00-05:00,185.09028508112982,198.0466050368089,173.98486797626202,192.493896484375,638,0.0,0.0
1993-11-24 00:00:00-05:00,196.19569396972656,207.3011106095224,196.19569396972656,196.19569396972656,226,0.0,0.0
1993-11-26 00:00:00-05:00,207.3011106095224,207.3011106095224,196.19569396972656,196.19569396972656,248,0.0,0.0
1993-11-29 00:00:00-05:00,196.19569396972656,203.59930506292378,196.19569396972656,196.19569396972656,776,0.0,0.0
1993-11-30 00:00:00-05:00,196.1956948673024,233.21375050264248,188.79208374023438,188.79208374023438,317,0.0,0.0
1993-12-01 00:00:00-05:00,188.7920896742079,199.8975067138672,188.7920896742079,199.8975067138672,103,0.0,0.0
1993-12-02 00:00:00-05:00,199.8975078876202,199.8975078876202,188.7920907827524,192.493896484375,206,0.0,0.0
1993-12-03 00:00:00-05:00,196.1956948673024,199.8975004308364,188.79208374023438,188.79208374023438,317,0.0,0.0
1993-12-06 00:00:00-05:00,188.7920907827524,199.8975078876202,185.09028508112982,192.493896484375,411,0.0,0.0
1993-12-07 00:00:00-05:00,192.49388930376838,192.49388930376838,185.09027817670037,188.79208374023438,245,0.0,0.0
1993-12-08 00:00:00-05:00,185.09027163187665,192.4938824971517,177.68666076660156,177.68666076660156,450,0.0,0.0
1993-12-09 00:00:00-05:00,177.6866679288903,185.09027909259407,173.98486234703842,181.3884735107422,756,0.0,0.0
1993-12-10 00:00:00-05:00,181.38848052978514,185.0902862548828,181.38848052978514,185.0902862548828,264,0.0,0.0
1993-12-13 00:00:00-05:00,185.0902862548828,192.49389770507813,185.0902862548828,185.0902862548828,474,0.0,0.0
1993-12-14 00:00:00-05:00,185.09027909259407,192.49389025629785,181.3884735107422,181.3884735107422,695,0.0,0.0
1993-12-15 00:00:00-05:00,181.38848052978514,185.0902862548828,179.53757766723632,185.0902862548828,392,0.0,0.0
1993-12-16 00:00:00-05:00,179.53756348292035,185.09027163187665,177.68666076660156,177.68666076660156,738,0.0,0.0
1993-12-17 00:00:00-05:00,185.09027163187665,185.09027163187665,177.68666076660156,177.68666076660156,441,0.0,0.0
1993-12-20 00:00:00-05:00,177.68666076660156,185.09027163187665,177.68666076660156,177.68666076660156,336,0.0,0.0
1993-12-21 00:00:00-05:00,185.09027163187665,185.09027163187665,177.68666076660156,177.68666076660156,673,0.0,0.0
1993-12-22 00:00:00-05:00,177.6866679288903,192.49389025629785,173.98486234703842,181.3884735107422,1630,0.0,0.0
1993-12-23 00:00:00-05:00,181.3884735107422,192.49389025629785,181.3884735107422,181.3884735107422,252,0.0,0.0
1993-12-27 00:00:00-05:00,181.3884735107422,192.49389025629785,181.3884735107422,181.3884735107422,403,0.0,0.0
1993-12-28 00:00:00-05:00,181.38846842447916,194.34478759765625,181.38846842447916,194.34478759765625,985,0.0,0.0
1993-12-29 00:00:00-05:00,188.79207938058036,194.34478759765625,188.79207938058036,194.34478759765625,671,0.0,0.0
1993-12-30 00:00:00-05:00,188.79208374023438,194.3447920855354,188.79208374023438,188.79208374023438,438,0.0,0.0
1993-12-31 00:00:00-05:00,188.79208287652932,201.74840228962447,188.79208287652932,196.19569396972656,717,0.0,0.0
1994-01-03 00:00:00-05:00,192.493896484375,201.7484107384315,192.493896484375,192.493896484375,245,0.0,0.0
1994-01-04 00:00:00-05:00,201.7484107384315,201.7484107384315,192.493896484375,192.493896484375,294,0.0,0.0
1994-01-05 00:00:00-05:00,192.49389025629785,199.8975014200016,181.3884735107422,181.3884735107422,433,0.0,0.0
1994-01-06 00:00:00-05:00,192.493896484375,196.1957021859976,181.38847937950723,192.493896484375,1377,0.0,0.0
1994-01-07 00:00:00-05:00,199.89749951632515,199.89749951632515,188.79208287652932,196.19569396972656,1039,0.0,0.0
1994-01-10 00:00:00-05:00,192.493896484375,201.7484107384315,192.493896484375,192.493896484375,371,0.0,0.0
1994-01-11 00:00:00-05:00,192.49388416535265,201.74839782714844,192.49388416535265,201.74839782714844,550,0.0,0.0
1994-01-12 00:00:00-05:00,203.59931239375362,211.00292375352646,196.19570103398075,199.8975067138672,1252,0.0,0.0
1994-01-13 00:00:00-05:00,211.00292375352646,211.00292375352646,199.8975067138672,199.8975067138672,565,0.0,0.0
1994-01-14 00:00:00-05:00,199.8975067138672,207.30111807364003,199.8975067138672,199.8975067138672,682,0.0,0.0
1994-01-17 00:00:00-05:00,199.8975056239537,207.30111694335938,199.8975056239537,207.30111694335938,42,0.0,0.0
1994-01-18 00:00:00-05:00,199.8975056239537,211.00292260306222,199.8975056239537,207.30111694335938,602,0.0,0.0
1994-01-19 00:00:00-05:00,203.59931025011787,214.70472717285156,203.59931025011787,214.70472717285156,979,0.0,0.0
1994-01-20 00:00:00-05:00,214.70472826276506,214.70472826276506,207.30111694335938,207.30111694335938,442,0.0,0.0
1994-01-21 00:00:00-05:00,207.30111399004537,236.91555884576613,207.30111399004537,229.51194763183594,3362,0.0,0.0
1994-01-24 00:00:00-05:00,229.5119403776575,236.91555135758196,225.8101348876953,225.8101348876953,1194,0.0,0.0
1994-01-25 00:00:00-05:00,225.81014202487083,233.21375323880102,222.10833641790575,229.51194763183594,553,0.0,0.0
1994-01-26 00:00:00-05:00,236.91556272644928,262.82820239965463,233.2137570588485,255.42459106445312,9886,0.0,0.0
1994-01-27 00:00:00-05:00,260.97729420661926,268.38090538978577,229.51194667816162,236.91555786132812,3885,0.0,0.0
1994-01-28 00:00:00-05:00,244.31916904449463,244.31916904449463,231.36284947395325,236.91555786132812,733,0.0,0.0
1994-01-31 00:00:00-05:00,236.91556919642858,266.5300153459821,236.91556919642858,259.12640380859375,3812,0.0,0.0
1994-02-01 00:00:00-05:00,259.1264030732304,310.9516836878765,259.1264030732304,307.2498779296875,15429,0.0,0.0
1994-02-02 00:00:00-05:00,310.95165750254756,347.9697119671365,307.2498520560886,340.56610107421875,30130,0.0,0.0
1994-02-03 00:00:00-05:00,359.07515305739184,362.77695875901446,325.75890174278845,336.86431884765625,9770,0.0,0.0
1994-02-04 00:00:00-05:00,336.86431220652526,403.4968135221017,336.86431220652526,357.2242431640625,13814,0.0,0.0
1994-02-07 00:00:00-05:00,355.37333776595744,362.7769489694149,333.1625041555851,347.9697265625,7195,0.0,0.0
1994-02-08 00:00:00-05:00,347.96973595252405,347.96973595252405,322.0570960411659,336.86431884765625,5800,0.0,0.0
1994-02-09 00:00:00-05:00,336.86431884765625,399.7950157752404,336.86431884765625,384.98779296875,13409,0.0,0.0
1994-02-10 00:00:00-05:00,396.0931861514137,418.30401901971726,384.9877697172619,388.6895751953125,6714,0.0,0.0
1994-02-11 00:00:00-05:00,388.68959624191814,392.3914019204126,355.373345135468,375.7332763671875,2235,0.0,0.0
1994-02-14 00:00:00-05:00,377.5841707796664,414.6022267384572,370.18055958790825,410.9004211425781,8062,0.0,0.0
1994-02-15 00:00:00-05:00,414.6022178248355,451.6202729877673,407.19860679224917,422.0058288574219,10150,0.0,0.0
1994-02-16 00:00:00-05:00,425.70765318693935,429.4094588668258,399.7950134277344,399.7950134277344,6379,0.0,0.0
1994-02-17 00:00:00-05:00,407.1986011190152,414.60221204845186,388.6895737954236,403.4967956542969,2695,0.0,0.0
1994-02-18 00:00:00-05:00,403.4968191076208,403.4968191076208,384.98779070818864,399.7950134277344,2585,0.0,0.0
1994-02-22 00:00:00-05:00,392.39139712435525,399.79500839085256,381.2859802246094,381.2859802246094,3345,0.0,0.0
1994-02-23 00:00:00-05:00,392.3913821985226,392.3913821985226,373.8823547363281,373.8823547363281,2206,0.0,0.0
1994-02-24 00:00:00-05:00,381.28598238241796,381.28598238241796,355.3733428030303,366.478759765625,5253,0.0,0.0
1994-02-25 00:00:00-05:00,359.07515533447264,373.88237823486327,347.9697381591797,370.1805725097656,3768,0.0,0.0
1994-02-28 00:00:00-05:00,370.1805640911234,436.8130656275256,359.0751471683897,429.4094543457031,9923,0.0,0.0
1994-03-01 00:00:00-05:00,436.8130583389946,436.8130583389946,414.60222486413045,425.7076416015625,4444,0.0,0.0
1994-03-02 00:00:00-05:00,407.1986083984375,422.00583052201705,392.39138627485795,407.1986083984375,3235,0.0,0.0
1994-03-03 00:00:00-05:00,399.7950134277344,414.60223614728005,384.98779070818864,399.7950134277344,1318,0.0,0.0
1994-03-04 00:00:00-05:00,384.9877752130682,407.1986083984375,384.9877752130682,407.1986083984375,1141,0.0,0.0
1994-03-07 00:00:00-05:00,407.1986271784856,407.1986271784856,384.98779296875,384.98779296875,1541,0.0,0.0
1994-03-08 00:00:00-05:00,396.09320774784794,407.19862478750724,384.98779070818864,399.7950134277344,2824,0.0,0.0
1994-03-09 00:00:00-05:00,407.1986119887408,447.9184731876149,399.7950008616728,440.5148620605469,5889,0.0,0.0
1994-03-10 00:00:00-05:00,447.91846582445044,447.91846582445044,422.0058273056806,436.81304931640625,2814,0.0,0.0
1994-03-11 00:00:00-05:00,436.8130616218813,466.42750647760204,436.8130616218813,459.0238952636719,10880,0.0,0.0
1994-03-14 00:00:00-05:00,462.72569361740983,462.72569361740983,451.620276970592,455.32208251953125,3714,0.0,0.0
1994-03-15 00:00:00-05:00,459.0238972981771,459.0238972981771,436.8130635579427,444.2166748046875,2717,0.0,0.0
1994-03-16 00:00:00-05:00,436.8130635579427,451.6202860514323,436.8130635579427,444.2166748046875,1715,0.0,0.0
1994-03-17 00:00:00-05:00,447.91848255025934,459.02389947299304,429.4094543457031,429.4094543457031,3109,0.0,0.0
1994-03-18 00:00:00-05:00,436.8130509225946,440.51485643888776,409.0495095503958,422.0058288574219,1548,0.0,0.0
1994-03-21 00:00:00-05:00,418.30402499112216,418.30402499112216,407.1986083984375,407.1986083984375,2764,0.0,0.0
1994-03-22 00:00:00-05:00,407.19860679224917,429.40943989000823,407.19860679224917,422.0058288574219,2032,0.0,0.0
1994-03-23 00:00:00-05:00,422.00584520612443,422.00584520612443,414.60223388671875,414.60223388671875,1105,0.0,0.0
1994-03-24 00:00:00-05:00,418.30403701573204,425.70764829034675,405.34771728515625,405.34771728515625,1403,0.0,0.0
1994-03-25 00:00:00-05:00,405.3477056329901,418.30402499112216,403.4968028675426,407.1986083984375,1011,0.0,0.0
1994-03-28 00:00:00-05:00,407.1986025855655,416.453116280692,370.1805478050595,388.6895751953125,2926,0.0,0.0
1994-03-29 00:00:00-05:00,403.496821476863,403.496821476863,377.5841815655048,384.98779296875,2179,0.0,0.0
1994-03-30 00:00:00-05:00,377.5841693488919,384.9877805125957,362.7769470214844,362.7769470214844,2102,0.0,0.0
1994-03-31 00:00:00-05:00,355.37333776595744,366.4787545711436,333.1625041555851,347.9697265625,3938,0.0,0.0
1994-04-04 00:00:00-04:00,325.7588792883831,355.3733228600543,325.7588792883831,340.56610107421875,1805,0.0,0.0
1994-04-05 00:00:00-04:00,344.26793025090143,384.98779296875,344.26793025090143,384.98779296875,2258,0.0,0.0
1994-04-06 00:00:00-04:00,384.9877883404917,392.3913996547319,370.1805657120113,390.5404968261719,2709,0.0,0.0
1994-04-07 00:00:00-04:00,381.2859642392113,390.5404779343378,373.88235328311015,388.6895751953125,1618,0.0,0.0
1994-04-08 00:00:00-04:00,381.28598726712744,388.6895986703726,381.28598726712744,384.98779296875,818,0.0,0.0
1994-04-11 00:00:00-04:00,392.39140686035154,392.39140686035154,370.1805725097656,370.1805725097656,626,0.0,0.0
1994-04-12 00:00:00-04:00,377.584161817413,377.584161817413,359.07513427734375,359.07513427734375,1371,0.0,0.0
1994-04-13 00:00:00-04:00,362.7769510904948,373.882367960612,318.35528361002605,333.1625061035156,3147,0.0,0.0
1994-04-14 00:00:00-04:00,320.2061711186948,347.9697119671365,299.8462411631708,340.56610107421875,4848,0.0,0.0
1994-04-15 00:00:00-04:00,344.2679279528166,355.3733449835526,333.16251092208057,351.6715393066406,2273,0.0,0.0
1994-04-18 00:00:00-04:00,351.67154165414667,355.3733473557692,325.75890174278845,336.86431884765625,1173,0.0,0.0
1994-04-19 00:00:00-04:00,344.2679251737373,344.2679251737373,310.9516743504724,318.35528564453125,1461,0.0,0.0
1994-04-20 00:00:00-04:00,314.65346563430063,325.7588820684524,303.5480492001488,310.95166015625,2320,0.0,0.0
1994-04-21 00:00:00-04:00,314.6534799975018,318.35528564453125,303.5480630564135,318.35528564453125,1455,0.0,0.0
1994-04-22 00:00:00-04:00,325.75889295212767,355.37333776595744,318.3552817486702,347.9697265625,4205,0.0,0.0
1994-04-25 00:00:00-04:00,347.9697336297286,355.3733449835526,340.5661222759046,351.6715393066406,1215,0.0,0.0
1994-04-26 00:00:00-04:00,355.3733215332031,377.5841541290283,344.2679052352905,355.3733215332031,4095,0.0,0.0
1994-04-28 00:00:00-04:00,362.77694324964887,362.77694324964887,325.7588878160112,329.460693359375,2232,0.0,0.0
1994-04-29 00:00:00-04:00,333.1625041555851,355.37333776595744,329.4606985538564,347.9697265625,871,0.0,0.0
1994-05-02 00:00:00-04:00,355.37333409926475,384.98777860753677,344.2679174086627,377.58416748046875,3823,0.0,0.0
1994-05-03 00:00:00-04:00,373.88236191693477,392.3913897346048,364.62784800809976,377.58416748046875,2538,0.0,0.0
1994-05-04 00:00:00-04:00,383.1368758257698,383.1368758257698,366.47875078986675,377.58416748046875,645,0.0,0.0
1994-05-05 00:00:00-04:00,370.1805654198232,381.28598238241796,366.478759765625,366.478759765625,889,0.0,0.0
1994-05-06 00:00:00-04:00,355.37333776595744,370.18056017287233,347.9697265625,347.9697265625,2903,0.0,0.0
1994-05-09 00:00:00-04:00,347.9697336297286,366.47876201428863,347.9697336297286,351.6715393066406,2159,0.0,0.0
1994-05-10 00:00:00-04:00,347.96973595252405,359.07515305739184,333.1625131460337,336.86431884765625,1895,0.0,0.0
1994-05-11 00:00:00-04:00,340.566127031699,344.2679327603044,322.0570983886719,322.0570983886719,1026,0.0,0.0
1994-05-12 00:00:00-04:00,329.4607098458827,329.4607098458827,318.3552926600664,322.0570983886719,1361,0.0,0.0
1994-05-13 00:00:00-04:00,318.35528361002605,333.1625061035156,318.35528361002605,333.1625061035156,782,0.0,0.0
1994-05-16 00:00:00-04:00,333.16248893737793,355.3733215332031,325.7588780721029,355.3733215332031,776,0.0,0.0
1994-05-17 00:00:00-04:00,347.9697119671365,359.07512830651325,340.56610107421875,340.56610107421875,1464,0.0,0.0
1994-05-18 00:00:00-04:00,347.9697285970052,347.9697285970052,325.75889485677084,333.1625061035156,1265,0.0,0.0
1994-05-19 00:00:00-04:00,340.56610998946627,340.56610998946627,325.7588878160112,329.460693359375,948,0.0,0.0
1994-05-20 00:00:00-04:00,329.46070048014326,333.1625061035156,318.35528361002605,333.1625061035156,1538,0.0,0.0
1994-05-23 00:00:00-04:00,333.1625061035156,340.5661173502604,325.75889485677084,333.1625061035156,350,0.0,0.0
1994-05-24 00:00:00-04:00,329.460693359375,336.8643044461025,325.7588878160112,329.460693359375,171,0.0,0.0
1994-05-25 00:00:00-04:00,329.46070744441107,336.86431884765625,329.46070744441107,336.86431884765625,106,0.0,0.0
1994-05-26 00:00:00-04:00,329.46068473484206,355.3733228600543,329.46068473484206,340.56610107421875,441,0.0,0.0
1994-05-27 00:00:00-04:00,355.3733215332031,355.3733215332031,340.566099802653,355.3733215332031,291,0.0,0.0
1994-05-31 00:00:00-04:00,355.3733215332031,355.3733215332031,340.566099802653,355.3733215332031,792,0.0,0.0
1994-06-01 00:00:00-04:00,347.9697177533022,362.7769397853576,347.9697177533022,359.07513427734375,1648,0.0,0.0
1994-06-02 00:00:00-04:00,362.7769610595703,384.98779541015625,362.7769610595703,370.1805725097656,6836,0.0,0.0
1994-06-03 00:00:00-04:00,370.1805725097656,370.1805725097656,355.373349609375,370.1805725097656,2768,0.0,0.0
1994-06-06 00:00:00-04:00,377.58417203533116,381.2859776435207,370.18056081895213,372.0314636230469,3391,0.0,0.0
1994-06-07 00:00:00-04:00,377.5841767282197,377.5841767282197,362.7769541114268,366.478759765625,1152,0.0,0.0
1994-06-08 00:00:00-04:00,373.88237823486327,373.88237823486327,362.7769610595703,370.1805725097656,465,0.0,0.0
1994-06-09 00:00:00-04:00,362.7769610595703,377.5841839599609,362.7769610595703,370.1805725097656,1392,0.0,0.0
1994-06-10 00:00:00-04:00,377.58416748046875,377.58416748046875,370.18055635340073,377.58416748046875,1045,0.0,0.0
1994-06-13 00:00:00-04:00,373.88237366852934,414.60223614728005,373.88237366852934,399.7950134277344,5024,0.0,0.0
1994-06-14 00:00:00-04:00,399.7950134277344,410.9004304673936,392.3914020679615,399.7950134277344,3050,0.0,0.0
1994-06-15 00:00:00-04:00,399.7950134277344,399.7950134277344,392.3914020679615,399.7950134277344,3909,0.0,0.0
1994-06-16 00:00:00-04:00,399.7950062974591,399.7950062974591,392.3913950697284,396.09320068359375,1232,0.0,0.0
1994-06-17 00:00:00-04:00,399.7949901895786,407.1986011190152,396.09318472486024,403.4967956542969,1805,0.0,0.0
1994-06-20 00:00:00-04:00,396.09321258544924,399.7950183105469,370.1805725097656,370.1805725097656,1700,0.0,0.0
1994-06-21 00:00:00-04:00,370.1805432637533,379.4350568453471,355.3733215332031,355.3733215332031,1064,0.0,0.0
1994-06-22 00:00:00-04:00,362.7769610595703,370.1805725097656,355.373349609375,370.1805725097656,665,0.0,0.0
1994-06-23 00:00:00-04:00,370.1805725097656,377.5841839599609,362.7769610595703,370.1805725097656,642,0.0,0.0
1994-06-24 00:00:00-04:00,362.7769323984782,370.1805432637533,355.3733215332031,355.3733215332031,570,0.0,0.0
1994-06-27 00:00:00-04:00,349.8206364681846,366.47876201428863,349.8206364681846,351.6715393066406,318,0.0,0.0
1994-06-28 00:00:00-04:00,355.37332727413366,373.8823547363281,355.37332727413366,373.8823547363281,914,0.0,0.0
1994-06-29 00:00:00-04:00,373.88236376704003,373.88236376704003,362.7769470214844,362.7769470214844,223,0.0,0.0
1994-06-30 00:00:00-04:00,373.8823547363281,373.8823547363281,359.07513276657255,373.8823547363281,582,0.0,0.0
1994-07-01 00:00:00-04:00,362.7769610595703,377.5841839599609,362.7769610595703,370.1805725097656,523,0.0,0.0
1994-07-05 00:00:00-04:00,370.1805725097656,377.5841839599609,364.62786392211916,370.1805725097656,692,0.0,0.0
1994-07-06 00:00:00-04:00,377.584160228767,377.584160228767,366.47874375145034,373.8823547363281,741,0.0,0.0
1994-07-07 00:00:00-04:00,373.88237823486327,375.7332810974121,362.7769610595703,370.1805725097656,442,0.0,0.0
1994-07-08 00:00:00-04:00,370.18056332486344,381.2859802246094,370.18056332486344,381.2859802246094,1591,0.0,0.0
1994-07-11 00:00:00-04:00,381.2859730440028,381.2859730440028,373.88236191693477,377.58416748046875,823,0.0,0.0
1994-07-12 00:00:00-04:00,373.88236191693477,381.2859730440028,373.88236191693477,377.58416748046875,280,0.0,0.0
1994-07-13 00:00:00-04:00,377.5841733290464,381.2859789499194,373.8823677081734,376.6587219238281,2102,0.0,0.0
1994-07-14 00:00:00-04:00,377.5841839599609,377.5841839599609,366.478766784668,370.1805725097656,1211,0.0,0.0
1994-07-15 00:00:00-04:00,370.1805432637533,370.1805432637533,355.3733215332031,355.3733215332031,682,0.0,0.0
1994-07-18 00:00:00-04:00,370.1805725097656,370.1805725097656,359.07515533447264,370.1805725097656,329,0.0,0.0
1994-07-19 00:00:00-04:00,359.07513427734375,370.1805508013853,359.07513427734375,359.07513427734375,323,0.0,0.0
1994-07-20 00:00:00-04:00,370.1805508013853,370.1805508013853,359.07513427734375,359.07513427734375,489,0.0,0.0
1994-07-21 00:00:00-04:00,359.07515533447264,370.1805725097656,359.07515533447264,370.1805725097656,447,0.0,0.0
1994-07-22 00:00:00-04:00,359.07515533447264,370.1805725097656,359.07515533447264,370.1805725097656,1709,0.0,0.0
1994-07-25 00:00:00-04:00,370.1805725097656,373.88237823486327,362.7769610595703,370.1805725097656,2141,0.0,0.0
1994-07-26 00:00:00-04:00,370.1805678494458,381.2859848849292,366.47876217095137,375.7332763671875,4171,0.0,0.0
1994-07-27 00:00:00-04:00,381.2859896850586,381.2859896850586,366.478766784668,370.1805725097656,2132,0.0,0.0
1994-07-28 00:00:00-04:00,377.5841839599609,377.5841839599609,366.478766784668,370.1805725097656,1559,0.0,0.0
1994-07-29 00:00:00-04:00,366.47875260333626,373.88236376704003,362.7769470214844,362.7769470214844,1286,0.0,0.0
1994-08-01 00:00:00-04:00,359.07513427734375,368.3296480473784,355.37332876932993,359.07513427734375,877,0.0,0.0
1994-08-02 00:00:00-04:00,355.3733358577806,366.47875260333626,355.3733358577806,362.7769470214844,609,0.0,0.0
1994-08-03 00:00:00-04:00,362.77694144300233,362.77694144300233,333.16249724357357,344.2679138183594,1594,0.0,0.0
1994-08-04 00:00:00-04:00,333.1625061035156,344.26792297363284,333.1625061035156,333.1625061035156,1621,0.0,0.0
1994-08-05 00:00:00-04:00,333.16249018130094,340.56610107421875,333.16249018130094,340.56610107421875,638,0.0,0.0
1994-08-08 00:00:00-04:00,340.5661024613814,340.5661024613814,325.7588806152344,325.7588806152344,752,0.0,0.0
1994-08-09 00:00:00-04:00,340.5661135303731,362.7769470214844,325.7588912029656,362.7769470214844,900,0.0,0.0
1994-08-10 00:00:00-04:00,362.7769489694149,362.7769489694149,347.9697265625,347.9697265625,598,0.0,0.0
1994-08-11 00:00:00-04:00,347.96972469407683,362.7769470214844,347.96972469407683,362.7769470214844,265,0.0,0.0
1994-08-12 00:00:00-04:00,347.9697265625,355.37333776595744,347.9697265625,347.9697265625,309,0.0,0.0
1994-08-15 00:00:00-04:00,362.7769489694149,362.7769489694149,347.9697265625,347.9697265625,724,0.0,0.0
1994-08-16 00:00:00-04:00,362.7769323984782,362.7769323984782,347.9697106679281,355.3733215332031,220,0.0,0.0
1994-08-17 00:00:00-04:00,351.67154388427736,370.1805725097656,351.67154388427736,370.1805725097656,1368,0.0,0.0
1994-08-18 00:00:00-04:00,377.5841839599609,384.98779541015625,362.7769610595703,370.1805725097656,2571,0.0,0.0
1994-08-19 00:00:00-04:00,370.1805725097656,384.98779541015625,370.1805725097656,370.1805725097656,1089,0.0,0.0
1994-08-22 00:00:00-04:00,362.77694144300233,370.18055249285953,333.16249724357357,344.2679138183594,2197,0.0,0.0
1994-08-23 00:00:00-04:00,355.3733449835526,362.77695633737665,344.2679279528166,351.6715393066406,1465,0.0,0.0
1994-08-24 00:00:00-04:00,362.7769337529721,362.7769337529721,340.56610107421875,340.56610107421875,2347,0.0,0.0
1994-08-25 00:00:00-04:00,340.566099802653,355.3733215332031,340.566099802653,355.3733215332031,1174,0.0,0.0
1994-08-26 00:00:00-04:00,347.96973595252405,355.3733473557692,336.86431884765625,336.86431884765625,974,0.0,0.0
1994-08-29 00:00:00-04:00,336.8642985026042,355.37332589285717,336.8642985026042,349.82061767578125,568,0.0,0.0
1994-08-30 00:00:00-04:00,355.3733358577806,362.7769470214844,344.267919112225,362.7769470214844,1406,0.0,0.0
1994-08-31 00:00:00-04:00,351.67154388427736,370.1805725097656,351.67154388427736,370.1805725097656,1229,0.0,0.0
1994-09-01 00:00:00-04:00,377.5841815655048,384.98779296875,362.77695875901446,384.98779296875,2014,0.0,0.0
1994-09-02 00:00:00-04:00,384.98779296875,384.98779296875,370.18057016225964,384.98779296875,1412,0.0,0.0
1994-09-06 00:00:00-04:00,370.1805546598614,392.3913879394531,370.1805546598614,392.3913879394531,1412,0.0,0.0
1994-09-07 00:00:00-04:00,381.2859850283022,422.0058475070529,381.2859850283022,399.7950134277344,4608,0.0,0.0
1994-09-08 00:00:00-04:00,399.7950134277344,399.7950134277344,384.98779070818864,399.7950134277344,1550,0.0,0.0
1994-09-09 00:00:00-04:00,399.7950134277344,399.7950134277344,384.98779070818864,399.7950134277344,1103,0.0,0.0
1994-09-12 00:00:00-04:00,399.7949901895786,414.60221204845186,388.6895737954236,403.4967956542969,944,0.0,0.0
1994-09-13 00:00:00-04:00,410.9004052086214,418.30401611328125,399.7949888516316,418.30401611328125,2006,0.0,0.0
1994-09-14 00:00:00-04:00,418.3040304432745,433.1112527598506,410.9004192849864,425.7076416015625,2867,0.0,0.0
1994-09-15 00:00:00-04:00,433.1112560149162,459.0238952636719,422.0058391940209,459.0238952636719,4785,0.0,0.0
1994-09-16 00:00:00-04:00,459.0238972981771,459.0238972981771,436.8130635579427,444.2166748046875,1914,0.0,0.0
1994-09-19 00:00:00-04:00,451.620276970592,455.32208251953125,440.51486032377414,455.32208251953125,1621,0.0,0.0
1994-09-20 00:00:00-04:00,444.2166748046875,455.3220916748047,433.1112579345703,444.2166748046875,1564,0.0,0.0
1994-09-21 00:00:00-04:00,444.2166542795907,444.2166542795907,410.9004052086214,418.30401611328125,2365,0.0,0.0
1994-09-22 00:00:00-04:00,414.6022178248355,436.8130509225946,414.6022178248355,422.0058288574219,1217,0.0,0.0
1994-09-23 00:00:00-04:00,422.0058273056806,436.81304931640625,422.0058273056806,436.81304931640625,1450,0.0,0.0
1994-09-26 00:00:00-04:00,429.4094453699449,451.62027875114893,429.4094453699449,440.5148620605469,2579,0.0,0.0
1994-09-27 00:00:00-04:00,451.6202697753906,451.6202697753906,436.8130478155417,451.6202697753906,1806,0.0,0.0
1994-09-28 00:00:00-04:00,451.6202697753906,451.6202697753906,444.2166587954662,451.6202697753906,2820,0.0,0.0
1994-09-29 00:00:00-04:00,444.2166769093481,451.6202881911706,429.4094543457031,429.4094543457031,3038,0.0,0.0
1994-09-30 00:00:00-04:00,444.21666195518094,444.21666195518094,414.6022178248355,422.0058288574219,826,0.0,0.0
1994-10-03 00:00:00-04:00,418.3040233411287,429.40943989000823,418.3040233411287,422.0058288574219,373,0.0,0.0
1994-10-04 00:00:00-04:00,436.8130433749309,440.5148488272608,418.30401611328125,418.30401611328125,738,0.0,0.0
1994-10-05 00:00:00-04:00,418.30402180299916,436.81304931640625,418.30402180299916,436.81304931640625,715,0.0,0.0
1994-10-06 00:00:00-04:00,414.6022178248355,422.0058288574219,399.7949957596628,422.0058288574219,15602,0.0,0.0
1994-10-07 00:00:00-04:00,414.6022178248355,429.40943989000823,414.6022178248355,422.0058288574219,1059,0.0,0.0
1994-10-10 00:00:00-04:00,429.40943683561727,451.6202697753906,422.0058258556929,451.6202697753906,1498,0.0,0.0
1994-10-11 00:00:00-04:00,451.62029346067516,503.4455730381297,444.21668209246735,496.0419616699219,6320,0.0,0.0
1994-10-12 00:00:00-04:00,488.6383289599236,488.6383289599236,459.02388478053433,484.9365234375,2186,0.0,0.0
1994-10-13 00:00:00-04:00,484.93651616023135,488.6383216271033,466.42748882587136,481.2347106933594,2433,0.0,0.0
1994-10-14 00:00:00-04:00,481.2347106933594,481.2347106933594,466.42748882587136,481.2347106933594,6729,0.0,0.0
1994-10-17 00:00:00-04:00,481.2347121465774,481.2347121465774,466.427490234375,466.427490234375,3429,0.0,0.0
1994-10-18 00:00:00-04:00,466.42749173523947,481.2347136950883,429.40943683561727,451.6202697753906,3842,0.0,0.0
1994-10-19 00:00:00-04:00,436.8130656275256,451.6202881911706,422.00584306388066,429.4094543457031,2264,0.0,0.0
1994-10-20 00:00:00-04:00,444.21666032176904,444.21666032176904,429.4094383110434,436.81304931640625,4723,0.0,0.0
1994-10-21 00:00:00-04:00,429.40943683561727,459.023880755315,429.40943683561727,451.6202697753906,3824,0.0,0.0
1994-10-24 00:00:00-04:00,451.6202713271319,459.0238823324947,436.81304931640625,436.81304931640625,1394,0.0,0.0
1994-10-25 00:00:00-04:00,447.9184804280599,447.9184804280599,436.8130635579427,444.2166748046875,1285,0.0,0.0
1994-10-26 00:00:00-04:00,451.6202713271319,459.0238823324947,436.81304931640625,436.81304931640625,1958,0.0,0.0
1994-10-27 00:00:00-04:00,436.8130635579427,451.6202860514323,436.8130635579427,444.2166748046875,3747,0.0,0.0
1994-10-28 00:00:00-04:00,444.2166748046875,451.6202860514323,436.8130635579427,444.2166748046875,3044,0.0,0.0
1994-10-31 00:00:00-05:00,451.6202697753906,451.6202697753906,440.51485330550395,451.6202697753906,691,0.0,0.0
1994-11-01 00:00:00-05:00,440.51486918131513,451.6202860514323,440.51486918131513,444.2166748046875,3209,0.0,0.0
1994-11-02 00:00:00-05:00,444.21665736607144,480.30926077706476,443.2912059965588,466.427490234375,1992,0.0,0.0
1994-11-03 00:00:00-05:00,455.3220724252554,488.6383216271033,451.6202669583834,481.2347106933594,4033,0.0,0.0
1994-11-04 00:00:00-05:00,481.2347106933594,481.2347106933594,462.7256833589994,481.2347106933594,2376,0.0,0.0
1994-11-07 00:00:00-05:00,466.427513671875,481.234736328125,459.02390234374997,462.7257080078125,1971,0.0,0.0
1994-11-08 00:00:00-05:00,473.83110851377955,473.83110851377955,462.7256919079878,470.1293029785156,814,0.0,0.0
1994-11-09 00:00:00-05:00,462.72569361740983,473.8311102642277,451.620276970592,455.32208251953125,1995,0.0,0.0
1994-11-10 00:00:00-05:00,459.0238972981771,459.0238972981771,444.2166748046875,444.2166748046875,1420,0.0,0.0
1994-11-11 00:00:00-05:00,459.0238792782738,477.5329066685268,444.21665736607144,466.427490234375,2241,0.0,0.0
1994-11-14 00:00:00-05:00,481.2347106933594,492.34012709397535,466.42748882587136,481.2347106933594,5171,0.0,0.0
1994-11-15 00:00:00-05:00,466.427490234375,477.5329066685268,458.09842790876115,466.427490234375,2270,0.0,0.0
1994-11-16 00:00:00-05:00,459.0238952636719,466.42750647760204,459.0238952636719,459.0238952636719,865,0.0,0.0
1994-11-17 00:00:00-05:00,451.6202881911706,459.02389947299304,429.4094543457031,429.4094543457031,2577,0.0,0.0
1994-11-18 00:00:00-05:00,444.21668419471155,444.21668419471155,429.4094613882212,433.11126708984375,832,0.0,0.0
1994-11-21 00:00:00-05:00,429.4094565255301,440.5148735046387,414.60223388671875,414.60223388671875,2094,0.0,0.0
1994-11-22 00:00:00-05:00,422.00584306388066,436.8130656275256,422.00584306388066,429.4094543457031,2014,0.0,0.0
1994-11-23 00:00:00-05:00,414.60223388671875,429.4094565255301,407.19862256731307,414.60223388671875,1961,0.0,0.0
1994-11-25 00:00:00-05:00,414.6022267384572,418.3040323343363,410.9004211425781,410.9004211425781,50,0.0,0.0
1994-11-28 00:00:00-05:00,414.6022178248355,444.21666195518094,414.6022178248355,422.0058288574219,965,0.0,0.0
1994-11-29 00:00:00-05:00,422.00584306388066,433.11125998661436,422.00584306388066,429.4094543457031,409,0.0,0.0
1994-11-30 00:00:00-05:00,433.1112454063014,433.1112454063014,407.19860679224917,422.0058288574219,1106,0.0,0.0
1994-12-01 00:00:00-05:00,422.00584520612443,422.00584520612443,407.19862256731307,414.60223388671875,1782,0.0,0.0
1994-12-02 00:00:00-05:00,410.90041230854234,422.0058288574219,407.19860679224917,422.0058288574219,461,0.0,0.0
1994-12-05 00:00:00-05:00,407.1986083984375,422.00583052201705,407.1986083984375,407.1986083984375,808,0.0,0.0
1994-12-06 00:00:00-05:00,407.19861554669905,422.00583793021536,407.19861554669905,410.9004211425781,967,0.0,0.0
1994-12-07 00:00:00-05:00,422.00584998497595,422.00584998497595,377.5841815655048,384.98779296875,2527,0.0,0.0
1994-12-08 00:00:00-05:00,396.09319348605175,414.6022212190448,384.9877768462559,392.3913879394531,2909,0.0,0.0
1994-12-09 00:00:00-05:00,392.39138627485795,414.6022194602273,392.39138627485795,407.1986083984375,1259,0.0,0.0
1994-12-12 00:00:00-05:00,407.19861012584755,407.19861012584755,392.3913879394531,392.3913879394531,570,0.0,0.0
1994-12-13 00:00:00-05:00,399.7950008616728,399.7950008616728,377.58416748046875,377.58416748046875,844,0.0,0.0
1994-12-14 00:00:00-05:00,377.58416748046875,384.98777860753677,362.7769452263327,377.58416748046875,1647,0.0,0.0
1994-12-15 00:00:00-05:00,377.5841793484158,399.7950134277344,370.1805679886429,399.7950134277344,1950,0.0,0.0
1994-12-16 00:00:00-05:00,399.7950134277344,403.4968191076208,384.98779070818864,399.7950134277344,583,0.0,0.0
1994-12-19 00:00:00-05:00,399.7950112479074,414.60223388671875,399.7950112479074,414.60223388671875,865,0.0,0.0
1994-12-20 00:00:00-05:00,414.6022317820582,436.8130656275256,407.19862050023573,429.4094543457031,815,0.0,0.0
1994-12-21 00:00:00-05:00,414.60221630031776,436.81304931640625,414.60221630031776,436.81304931640625,495,0.0,0.0
1994-12-22 00:00:00-05:00,436.8130526455966,436.8130526455966,384.9877752130682,407.1986083984375,2983,0.0,0.0
1994-12-23 00:00:00-05:00,399.7949888516316,418.30401611328125,392.3913779469718,418.30401611328125,498,0.0,0.0
1994-12-27 00:00:00-05:00,407.1986083984375,422.00583052201705,407.1986083984375,407.1986083984375,332,0.0,0.0
1994-12-28 00:00:00-05:00,407.19862256731307,422.00584520612443,407.19862256731307,414.60223388671875,144,0.0,0.0
1994-12-29 00:00:00-05:00,407.19860679224917,422.0058288574219,407.19860679224917,422.0058288574219,358,0.0,0.0
1994-12-30 00:00:00-05:00,407.19861857096356,444.2166748046875,407.19861857096356,444.2166748046875,1550,0.0,0.0
1995-01-03 00:00:00-05:00,444.21666195518094,444.21666195518094,407.19860679224917,422.0058288574219,1094,0.0,0.0
1995-01-04 00:00:00-05:00,425.7076508658273,425.7076508658273,410.9004282270159,414.60223388671875,489,0.0,0.0
1995-01-05 00:00:00-05:00,410.9004192849864,429.40944718070654,407.19861370584243,425.7076416015625,2326,0.0,0.0
1995-01-06 00:00:00-05:00,422.0058360224185,436.8130583389946,422.0058360224185,425.7076416015625,803,0.0,0.0
1995-01-09 00:00:00-05:00,422.00584520612443,429.4094565255301,410.9004282270159,414.60223388671875,959,0.0,0.0
1995-01-10 00:00:00-05:00,410.9004192849864,425.7076416015625,410.9004192849864,425.7076416015625,923,0.0,0.0
1995-01-11 00:00:00-05:00,414.6022178248355,425.70763437371505,407.19860679224917,422.0058288574219,282,0.0,0.0
1995-01-12 00:00:00-05:00,407.19861012584755,422.00583231224203,392.3913879394531,392.3913879394531,1223,0.0,0.0
1995-01-13 00:00:00-05:00,407.1986271784856,407.1986271784856,384.98779296875,384.98779296875,1439,0.0,0.0
1995-01-16 00:00:00-05:00,392.3913950697284,407.19861752518983,377.58417261426695,396.09320068359375,2782,0.0,0.0
1995-01-17 00:00:00-05:00,396.0932055882045,422.00584520612443,396.0932055882045,414.60223388671875,2273,0.0,0.0
1995-01-18 00:00:00-05:00,414.60221204845186,414.60221204845186,399.7949901895786,403.4967956542969,1350,0.0,0.0
1995-01-19 00:00:00-05:00,407.1986222832124,407.1986222832124,384.9877883404917,390.5404968261719,1641,0.0,0.0
1995-01-20 00:00:00-05:00,390.5404851661538,392.3913879394531,377.58416575305864,392.3913879394531,2161,0.0,0.0
1995-01-23 00:00:00-05:00,384.98779296875,388.6895986703726,377.5841815655048,384.98779296875,442,0.0,0.0
1995-01-24 00:00:00-05:00,384.987785857858,388.6895914911066,377.58417459136075,381.2859802246094,1223,0.0,0.0
1995-01-25 00:00:00-05:00,381.2859730440028,388.6895841710708,370.18055635340073,377.58416748046875,418,0.0,0.0
1995-01-26 00:00:00-05:00,370.1805546598614,392.3913879394531,370.1805546598614,392.3913879394531,1586,0.0,0.0
1995-01-27 00:00:00-05:00,381.28598726712744,392.3914043719952,381.28598726712744,384.98779296875,1155,0.0,0.0
1995-01-30 00:00:00-05:00,384.987785857858,384.987785857858,370.18056332486344,381.2859802246094,547,0.0,0.0
1995-01-31 00:00:00-05:00,381.28598726712744,392.3914043719952,370.18057016225964,384.98779296875,1127,0.0,0.0
1995-02-01 00:00:00-05:00,379.43507740798503,392.39139712435525,379.43507740798503,381.2859802246094,914,0.0,0.0
1995-02-02 00:00:00-05:00,392.3913950697284,407.19861752518983,381.2859782281323,396.09320068359375,788,0.0,0.0
1995-02-03 00:00:00-05:00,407.1986083984375,407.1986083984375,396.09319180575284,407.1986083984375,1820,0.0,0.0
1995-02-06 00:00:00-05:00,399.7950043549409,422.00583793021536,399.7950043549409,410.9004211425781,1064,0.0,0.0
1995-02-07 00:00:00-05:00,407.19862256731307,414.60223388671875,399.7950112479074,414.60223388671875,2018,0.0,0.0
1995-02-08 00:00:00-05:00,407.19862050023573,429.4094543457031,407.19862050023573,429.4094543457031,1842,0.0,0.0
1995-02-09 00:00:00-05:00,418.30403742296943,436.8130656275256,418.30403742296943,429.4094543457031,2650,0.0,0.0
1995-02-10 00:00:00-05:00,429.4094453699449,444.2166676240809,418.3040286793429,440.5148620605469,2364,0.0,0.0
1995-02-13 00:00:00-05:00,429.4094591377195,447.9184875488281,429.4094591377195,447.9184875488281,3538,0.0,0.0
1995-02-14 00:00:00-05:00,447.91848989633417,447.91848989633417,433.11126708984375,433.11126708984375,1095,0.0,0.0
1995-02-15 00:00:00-05:00,433.1112423255795,470.1292972252017,433.1112423255795,451.6202697753906,7802,0.0,0.0
1995-02-16 00:00:00-05:00,447.918462844122,477.5329066685268,447.918462844122,466.427490234375,11056,0.0,0.0
1995-02-17 00:00:00-05:00,455.32208776474,481.23472690582275,455.32208776474,473.83111572265625,5409,0.0,0.0
1995-02-21 00:00:00-05:00,473.83111572265625,473.83111572265625,459.02389335632324,473.83111572265625,2197,0.0,0.0
1995-02-22 00:00:00-05:00,473.83111769153226,473.83111769153226,459.0238952636719,459.0238952636719,1515,0.0,0.0
1995-02-23 00:00:00-05:00,459.0238915645715,496.04194733590793,459.0238915645715,488.6383361816406,7068,0.0,0.0
1995-02-24 00:00:00-05:00,488.63835030171407,503.4455730381297,473.8311275652985,496.0419616699219,6253,0.0,0.0
1995-02-27 00:00:00-05:00,503.445556640625,507.14736220415904,488.638334386489,503.445556640625,3512,0.0,0.0
1995-02-28 00:00:00-05:00,499.743751077091,510.849167767693,499.743751077091,503.445556640625,4853,0.0,0.0
1995-03-01 00:00:00-05:00,503.4455730381297,510.84918440633743,496.0419616699219,496.0419616699219,4152,0.0,0.0
1995-03-02 00:00:00-05:00,496.0419616699219,503.4455730381297,488.63835030171407,496.0419616699219,2500,0.0,0.0
1995-03-03 00:00:00-05:00,496.0419545568022,496.0419545568022,488.6383432947604,492.34014892578125,1745,0.0,0.0
1995-03-06 00:00:00-05:00,496.04194927215576,496.04194927215576,459.02389335632324,473.83111572265625,1683,0.0,0.0
1995-03-07 00:00:00-05:00,473.83111769153226,473.83111769153226,459.0238952636719,459.0238952636719,1102,0.0,0.0
1995-03-08 00:00:00-05:00,459.0238982465931,496.0419545568022,459.0238982465931,492.34014892578125,2620,0.0,0.0
1995-03-09 00:00:00-05:00,481.23473893350626,496.0419616699219,481.23473893350626,496.0419616699219,2277,0.0,0.0
1995-03-10 00:00:00-05:00,481.234723259421,503.445556640625,481.234723259421,503.445556640625,2512,0.0,0.0
1995-03-13 00:00:00-05:00,503.44554349459133,503.44554349459133,481.2347106933594,481.2347106933594,1909,0.0,0.0
1995-03-14 00:00:00-05:00,492.34012709397535,496.04193256084733,481.2347106933594,481.2347106933594,956,0.0,0.0
1995-03-15 00:00:00-05:00,492.34012709397535,492.34012709397535,477.53290522648734,481.2347106933594,1626,0.0,0.0
1995-03-16 00:00:00-05:00,488.6383361816406,488.6383361816406,481.2347250273734,488.6383361816406,1080,0.0,0.0
1995-03-17 00:00:00-05:00,481.2347250273734,496.04194733590793,481.2347250273734,488.6383361816406,1389,0.0,0.0
1995-03-20 00:00:00-05:00,488.6383273654514,503.4455494068287,488.6383273654514,499.7437438964844,3017,0.0,0.0
1995-03-21 00:00:00-05:00,496.0419285733935,525.6563720703125,496.0419285733935,525.6563720703125,8076,0.0,0.0
1995-03-22 00:00:00-05:00,525.6563720703125,525.6563720703125,510.849150321853,525.6563720703125,3367,0.0,0.0
1995-03-23 00:00:00-05:00,525.656386481391,540.4636086357964,510.84916432698566,533.0599975585938,3395,0.0,0.0
1995-03-24 00:00:00-05:00,540.463637068465,555.2708600018476,529.358219868428,547.8672485351562,6629,0.0,0.0
1995-03-27 00:00:00-05:00,533.0600066489362,540.4636178523937,484.9365338264628,521.95458984375,6008,0.0,0.0
1995-03-28 00:00:00-05:00,518.2527892230308,547.8672343214897,510.84917794841607,540.463623046875,5212,0.0,0.0
1995-03-29 00:00:00-05:00,533.0600161345109,547.8672388049139,510.84918212890625,510.84918212890625,5976,0.0,0.0
1995-03-30 00:00:00-05:00,510.8491960797991,525.6564191545759,496.0419730050223,518.2528076171875,2586,0.0,0.0
1995-03-31 00:00:00-05:00,503.4455845424107,533.0600306919642,503.4455845424107,518.2528076171875,1608,0.0,0.0
1995-04-03 00:00:00-04:00,533.0600306919642,533.0600306919642,510.8491960797991,518.2528076171875,617,0.0,0.0
1995-04-04 00:00:00-04:00,525.6563954454788,533.0600066489362,510.84917303856383,521.95458984375,598,0.0,0.0
1995-04-05 00:00:00-04:00,510.84916432698566,533.0599975585938,510.84916432698566,533.0599975585938,239,0.0,0.0
1995-04-06 00:00:00-04:00,518.2527611960827,533.0599829445423,518.2527611960827,525.6563720703125,989,0.0,0.0
1995-04-07 00:00:00-04:00,518.2528076171875,533.0600306919642,518.2528076171875,518.2528076171875,533,0.0,0.0
1995-04-10 00:00:00-04:00,533.0600306919642,533.0600306919642,518.2528076171875,518.2528076171875,189,0.0,0.0
1995-04-11 00:00:00-04:00,533.0600306919642,533.0600306919642,518.2528076171875,518.2528076171875,3441,0.0,0.0
1995-04-12 00:00:00-04:00,518.2527754041884,533.0599975585938,518.2527754041884,533.0599975585938,330,0.0,0.0
1995-04-13 00:00:00-04:00,525.6563720703125,533.0599829445423,518.2527611960827,525.6563720703125,639,0.0,0.0
1995-04-17 00:00:00-04:00,533.0600161345109,533.0600161345109,510.84918212890625,510.84918212890625,665,0.0,0.0
1995-04-18 00:00:00-04:00,510.849167767693,525.6563900218291,488.638334386489,503.445556640625,686,0.0,0.0
1995-04-19 00:00:00-04:00,503.44556045532227,503.44556045532227,473.83111572265625,473.83111572265625,4705,0.0,0.0
1995-04-20 00:00:00-04:00,488.6383216271033,496.04193256084733,473.83109975961537,481.2347106933594,1370,0.0,0.0
1995-04-21 00:00:00-04:00,488.638334386489,510.849167767693,481.234723259421,503.445556640625,798,0.0,0.0
1995-04-24 00:00:00-04:00,503.4455707937047,510.84918212890625,496.04195945850313,510.84918212890625,530,0.0,0.0
1995-04-25 00:00:00-04:00,510.84918212890625,525.6564047993093,503.4455707937047,510.84918212890625,1032,0.0,0.0
1995-04-26 00:00:00-04:00,525.6564047993093,525.6564047993093,510.84918212890625,510.84918212890625,521,0.0,0.0
1995-04-27 00:00:00-04:00,510.84916432698566,540.4636086357964,510.84916432698566,533.0599975585938,3355,0.0,0.0
1995-04-28 00:00:00-04:00,540.463623046875,540.463623046875,518.2527892230308,540.463623046875,4936,0.0,0.0
1995-05-01 00:00:00-04:00,540.4636086357964,540.4636086357964,518.2527754041884,533.0599975585938,9845,0.0,0.0
1995-05-02 00:00:00-04:00,533.0599975585938,533.0599975585938,518.2527754041884,533.0599975585938,7933,0.0,0.0
1995-05-03 00:00:00-04:00,533.0599975585938,533.0599975585938,518.2527754041884,533.0599975585938,1535,0.0,0.0
1995-05-04 00:00:00-04:00,518.2527892230308,570.0780681453339,518.2527892230308,540.463623046875,5521,0.0,0.0
1995-05-05 00:00:00-04:00,540.463627897351,562.6744619205298,540.463627897351,558.97265625,2677,0.0,0.0
1995-05-08 00:00:00-04:00,547.8672164113898,562.6744384765625,547.8672164113898,562.6744384765625,1582,0.0,0.0
1995-05-09 00:00:00-04:00,562.674423828125,570.0780346679688,547.8672021484375,555.2708129882812,2195,0.0,0.0
1995-05-10 00:00:00-04:00,570.0780464172364,592.2888793945312,562.6744354248046,592.2888793945312,4467,0.0,0.0
1995-05-11 00:00:00-04:00,592.2888793945312,607.0961013793946,584.8852684020995,592.2888793945312,5352,0.0,0.0
1995-05-12 00:00:00-04:00,592.2888793945312,607.0961013793946,584.8852684020995,592.2888793945312,4020,0.0,0.0
1995-05-15 00:00:00-04:00,584.88525390625,592.2888647151899,577.4816430973101,584.88525390625,2030,0.0,0.0
1995-05-16 00:00:00-04:00,577.4816751851664,584.8852864054891,570.0780639648438,570.0780639648438,1477,0.0,0.0
1995-05-17 00:00:00-04:00,581.1834951547476,584.8853008563702,570.0780780498799,577.481689453125,1326,0.0,0.0
1995-05-18 00:00:00-04:00,577.4816516507057,584.8852625693045,566.3762352728074,573.7798461914062,977,0.0,0.0
1995-05-19 00:00:00-04:00,570.0780322883703,584.88525390625,570.0780322883703,584.88525390625,652,0.0,0.0
1995-05-22 00:00:00-04:00,584.8852684020995,607.0961013793946,570.0780464172364,592.2888793945312,3588,0.0,0.0
1995-05-23 00:00:00-04:00,592.2889076791159,614.4997417170828,592.2889076791159,607.0961303710938,3120,0.0,0.0
1995-05-24 00:00:00-04:00,607.0961160542053,607.0961160542053,584.885282540027,599.6925048828125,1168,0.0,0.0
1995-05-25 00:00:00-04:00,592.2888647151899,599.6924755241298,577.4816430973101,584.88525390625,1382,0.0,0.0
1995-05-26 00:00:00-04:00,584.8852906945633,592.288901969178,533.0600117722603,540.463623046875,12802,0.0,0.0
1995-05-30 00:00:00-04:00,540.463637068465,562.6744714685389,540.463637068465,547.8672485351562,1526,0.0,0.0
1995-05-31 00:00:00-04:00,547.8672529233047,570.0780875012765,547.8672529233047,566.3762817382812,962,0.0,0.0
1995-06-01 00:00:00-04:00,562.6744214794304,592.2888647151899,562.6744214794304,584.88525390625,1214,0.0,0.0
1995-06-02 00:00:00-04:00,584.8853008563702,592.2889122596154,570.0780780498799,577.481689453125,602,0.0,0.0
1995-06-05 00:00:00-04:00,592.2888793945312,592.2888793945312,577.481657409668,592.2888793945312,276,0.0,0.0
1995-06-06 00:00:00-04:00,592.2888976258117,592.2888976258117,570.0780639648438,570.0780639648438,3045,0.0,0.0
1995-06-07 00:00:00-04:00,577.4816455078126,577.4816455078126,547.8672021484375,555.2708129882812,1095,0.0,0.0
1995-06-08 00:00:00-04:00,551.5690075683594,562.674423828125,547.8672021484375,555.2708129882812,1174,0.0,0.0
1995-06-09 00:00:00-04:00,555.2708274439761,562.6744384765625,555.2708274439761,562.6744384765625,667,0.0,0.0
1995-06-12 00:00:00-04:00,562.6744619205298,562.6744619205298,555.2708505794702,558.97265625,614,0.0,0.0
1995-06-13 00:00:00-04:00,562.674423828125,562.674423828125,555.2708129882812,555.2708129882812,744,0.0,0.0
1995-06-14 00:00:00-04:00,555.2708415241984,570.0780639648438,555.2708415241984,570.0780639648438,2097,0.0,0.0
1995-06-15 00:00:00-04:00,570.0780495091489,570.0780495091489,555.2708274439761,562.6744384765625,2348,0.0,0.0
1995-06-16 00:00:00-04:00,562.6744384765625,577.4816605417352,562.6744384765625,562.6744384765625,2235,0.0,0.0
1995-06-19 00:00:00-04:00,570.0780875012765,570.0780875012765,562.674475975286,566.3762817382812,1085,0.0,0.0
1995-06-20 00:00:00-04:00,570.0780495091489,570.0780495091489,562.6744384765625,562.6744384765625,5442,0.0,0.0
1995-06-21 00:00:00-04:00,562.6744384765625,570.0780495091489,562.6744384765625,562.6744384765625,2912,0.0,0.0
1995-06-22 00:00:00-04:00,562.6744384765625,570.0780495091489,562.6744384765625,562.6744384765625,5823,0.0,0.0
1995-06-23 00:00:00-04:00,555.2708129882812,570.0780346679688,555.2708129882812,555.2708129882812,930,0.0,0.0
1995-06-26 00:00:00-04:00,555.2708129882812,570.0780346679688,547.8672021484375,555.2708129882812,538,0.0,0.0
1995-06-27 00:00:00-04:00,570.0780529446072,570.0780529446072,525.656386481391,533.0599975585938,2364,0.0,0.0
1995-06-28 00:00:00-04:00,540.463623046875,547.8672343214897,510.84917794841607,540.463623046875,2094,0.0,0.0
1995-06-29 00:00:00-04:00,533.0599975585938,547.8672197129991,533.0599975585938,533.0599975585938,624,0.0,0.0
1995-06-30 00:00:00-04:00,547.8672021484375,555.2708129882812,533.05998046875,555.2708129882812,1697,0.0,0.0
1995-07-03 00:00:00-04:00,525.6564191545759,525.6564191545759,503.4455845424107,518.2528076171875,2185,0.0,0.0
1995-07-05 00:00:00-04:00,518.252802668391,547.8672485351562,510.8491912016998,547.8672485351562,2194,0.0,0.0
1995-07-06 00:00:00-04:00,533.05998046875,555.2708129882812,533.05998046875,555.2708129882812,877,0.0,0.0
1995-07-07 00:00:00-04:00,551.569054268502,555.2708600018476,540.463637068465,547.8672485351562,639,0.0,0.0
1995-07-10 00:00:00-04:00,555.2708217075893,555.2708217075893,540.4635997953869,544.1654052734375,805,0.0,0.0
1995-07-11 00:00:00-04:00,540.463637068465,555.2708600018476,540.463637068465,547.8672485351562,1591,0.0,0.0
1995-07-12 00:00:00-04:00,540.4636053788034,570.0780495091489,540.4636053788034,562.6744384765625,1642,0.0,0.0
1995-07-13 00:00:00-04:00,570.0780346679688,570.0780346679688,555.2708129882812,555.2708129882812,480,0.0,0.0
1995-07-14 00:00:00-04:00,555.2708463848762,592.2889028105346,555.2708463848762,588.5870971679688,1436,0.0,0.0
1995-07-17 00:00:00-04:00,592.2888793945312,614.4997123718261,577.481657409668,592.2888793945312,1558,0.0,0.0
1995-07-18 00:00:00-04:00,584.8852864054891,592.2888976258117,570.0780639648438,570.0780639648438,1092,0.0,0.0
1995-07-19 00:00:00-04:00,570.0780495091489,577.4816605417352,555.2708274439761,562.6744384765625,695,0.0,0.0
1995-07-20 00:00:00-04:00,555.2708415241984,570.0780639648438,555.2708415241984,570.0780639648438,298,0.0,0.0
1995-07-21 00:00:00-04:00,555.2708274439761,570.0780495091489,555.2708274439761,562.6744384765625,464,0.0,0.0
1995-07-24 00:00:00-04:00,555.2708552433894,584.8853008563702,555.2708552433894,577.481689453125,1130,0.0,0.0
1995-07-25 00:00:00-04:00,584.8852963331269,607.0961303710938,577.481684987138,607.0961303710938,3030,0.0,0.0
1995-07-26 00:00:00-04:00,614.4997374068859,636.7105712890625,599.6925148187681,636.7105712890625,1797,0.0,0.0
1995-07-27 00:00:00-04:00,651.5177612304688,651.5177612304688,629.3069284612482,651.5177612304688,2258,0.0,0.0
1995-07-28 00:00:00-04:00,658.9214148888221,673.7286376953125,636.7105806790865,673.7286376953125,2267,0.0,0.0
1995-07-31 00:00:00-04:00,666.3249803626019,681.1322021484375,666.3249803626019,681.1322021484375,1967,0.0,0.0
1995-08-01 00:00:00-04:00,681.1322021484375,688.5358130413553,658.9213694696841,681.1322021484375,3686,0.0,0.0
1995-08-02 00:00:00-04:00,673.7286376953125,695.9394719050481,673.7286376953125,673.7286376953125,2224,0.0,0.0
1995-08-03 00:00:00-04:00,681.1322347005208,681.1322347005208,651.5177897135417,666.3250122070312,3097,0.0,0.0
1995-08-04 00:00:00-04:00,651.5177938771802,658.9214051712391,629.3069599950036,636.7105712890625,829,0.0,0.0
1995-08-07 00:00:00-04:00,644.1141680549173,644.1141680549173,621.9033346737133,629.3069458007812,802,0.0,0.0
1995-08-08 00:00:00-04:00,636.7105393843217,658.9213721535423,636.7105393843217,651.5177612304688,758,0.0,0.0
1995-08-09 00:00:00-04:00,658.92138671875,658.92138671875,644.1141645452949,658.92138671875,412,0.0,0.0
1995-08-10 00:00:00-04:00,658.9213721535423,666.3249830766158,644.1141503073952,651.5177612304688,658,0.0,0.0
1995-08-11 00:00:00-04:00,644.1141503073952,658.9213721535423,644.1141503073952,651.5177612304688,203,0.0,0.0
1995-08-14 00:00:00-04:00,658.9214009602865,666.3250122070312,644.1141784667968,666.3250122070312,474,0.0,0.0
1995-08-15 00:00:00-04:00,651.5177897135417,666.3250122070312,651.5177897135417,666.3250122070312,295,0.0,0.0
1995-08-16 00:00:00-04:00,666.3249978054776,673.728608892205,651.5177756320224,658.92138671875,326,0.0,0.0
1995-08-17 00:00:00-04:00,673.728608892205,673.728608892205,651.5177756320224,658.92138671875,329,0.0,0.0
1995-08-18 00:00:00-04:00,658.92138671875,673.728608892205,658.92138671875,658.92138671875,2102,0.0,0.0
1995-08-21 00:00:00-04:00,681.1322021484375,681.1322021484375,658.9213694696841,681.1322021484375,3255,0.0,0.0
1995-08-22 00:00:00-04:00,681.132196010824,681.132196010824,658.9213635322102,662.6231689453125,735,0.0,0.0
1995-08-23 00:00:00-04:00,681.1322347005208,681.1322347005208,651.5177897135417,666.3250122070312,823,0.0,0.0
1995-08-24 00:00:00-04:00,666.3250215174788,666.3250215174788,651.5177988170905,655.2196044921875,630,0.0,0.0
1995-08-25 00:00:00-04:00,651.5177527060056,673.7285851846194,651.5177527060056,662.6231689453125,2839,0.0,0.0
1995-08-28 00:00:00-04:00,673.728647990399,681.1322595067771,584.8853097938629,614.499755859375,12658,0.0,0.0
1995-08-29 00:00:00-04:00,599.692497253418,599.692497253418,518.2527754041884,533.0599975585938,11695,0.0,0.0
1995-08-30 00:00:00-04:00,540.463632436899,556.196306668795,518.2527982271635,529.3582153320312,20311,0.0,0.0
1995-08-31 00:00:00-04:00,533.0600117722603,540.463623046875,518.2527892230308,540.463623046875,8021,0.0,0.0
1995-09-01 00:00:00-04:00,540.463632436899,577.481689453125,525.6564096304087,577.481689453125,14592,0.0,0.0
1995-09-05 00:00:00-04:00,570.0780780498799,584.8853008563702,570.0780780498799,577.481689453125,1241,0.0,0.0
1995-09-06 00:00:00-04:00,584.8852563476563,584.8852563476563,540.4635913085938,555.2708129882812,3108,0.0,0.0
1995-09-07 00:00:00-04:00,540.463637068465,556.196311435184,540.463637068465,547.8672485351562,1392,0.0,0.0
1995-09-08 00:00:00-04:00,540.463623046875,555.2708455961044,540.463623046875,540.463623046875,1155,0.0,0.0
1995-09-11 00:00:00-04:00,540.4636086357964,555.2708307902018,518.2527754041884,533.0599975585938,1908,0.0,0.0
1995-09-12 00:00:00-04:00,518.2527611960827,540.463593818772,518.2527611960827,525.6563720703125,2453,0.0,0.0
1995-09-13 00:00:00-04:00,525.6564004976456,540.463623046875,525.6564004976456,540.463623046875,3308,0.0,0.0
1995-09-14 00:00:00-04:00,540.463623046875,540.463623046875,525.6564004976456,540.463623046875,5241,0.0,0.0
1995-09-15 00:00:00-04:00,533.0599975585938,540.4636086357964,525.656386481391,533.0599975585938,1683,0.0,0.0
1995-09-18 00:00:00-04:00,525.6564004976456,547.8672343214897,525.6564004976456,540.463623046875,4597,0.0,0.0
1995-09-19 00:00:00-04:00,547.8672251861367,558.9726419128828,536.7618084593907,551.5690307617188,5852,0.0,0.0
1995-09-20 00:00:00-04:00,562.6744527445211,570.0780639648438,551.5690359140372,570.0780639648438,6459,0.0,0.0
1995-09-21 00:00:00-04:00,570.0780346679688,577.4816455078126,547.8672021484375,555.2708129882812,13235,0.0,0.0
1995-09-22 00:00:00-04:00,551.5690075683594,558.9726184082032,544.1653967285157,555.2708129882812,2159,0.0,0.0
1995-09-25 00:00:00-04:00,544.1653992558869,555.2708155672315,518.2527611960827,525.6563720703125,3258,0.0,0.0
1995-09-26 00:00:00-04:00,518.2527934641078,525.6564047993093,503.4455707937047,510.84918212890625,2029,0.0,0.0
1995-09-27 00:00:00-04:00,510.84915442833534,510.84915442833534,459.0238778921274,481.2347106933594,3597,0.0,0.0
1995-09-28 00:00:00-04:00,473.831112132353,503.445556640625,466.42750100528497,503.445556640625,3909,0.0,0.0
1995-09-29 00:00:00-04:00,503.4455584901752,503.4455584901752,488.6383361816406,488.6383361816406,2642,0.0,0.0
1995-10-02 00:00:00-04:00,488.638334386489,510.849167767693,488.638334386489,503.445556640625,1252,0.0,0.0
1995-10-03 00:00:00-04:00,503.4455730381297,503.4455730381297,496.0419616699219,496.0419616699219,3821,0.0,0.0
1995-10-04 00:00:00-04:00,488.6383216271033,503.44554349459133,466.42748882587136,481.2347106933594,1508,0.0,0.0
1995-10-05 00:00:00-04:00,481.2347106933594,481.2347106933594,466.42748882587136,481.2347106933594,3864,0.0,0.0
1995-10-06 00:00:00-04:00,481.23473893350626,496.0419616699219,473.8311275652985,496.0419616699219,2668,0.0,0.0
1995-10-09 00:00:00-04:00,496.041940004771,496.041940004771,481.2347179150763,484.9365234375,2636,0.0,0.0
1995-10-10 00:00:00-04:00,481.2347250273734,496.04194733590793,473.83111387310606,488.6383361816406,2347,0.0,0.0
1995-10-11 00:00:00-04:00,488.6383361816406,488.6383361816406,473.83111387310606,488.6383361816406,1167,0.0,0.0
1995-10-12 00:00:00-04:00,481.2347106933594,488.6383216271033,466.42748882587136,481.2347106933594,2068,0.0,0.0
1995-10-13 00:00:00-04:00,473.83111572265625,488.63833808898926,470.129310131073,473.83111572265625,5871,0.0,0.0
1995-10-16 00:00:00-04:00,473.83109975961537,488.6383216271033,466.42748882587136,481.2347106933594,2323,0.0,0.0
1995-10-17 00:00:00-04:00,481.23471958430736,481.23471958430736,466.42749744325175,470.1293029785156,2468,0.0,0.0
1995-10-18 00:00:00-04:00,470.1292942927434,481.2347106933594,470.1292942927434,481.2347106933594,3908,0.0,0.0
1995-10-19 00:00:00-04:00,481.23472690582275,481.23472690582275,470.129310131073,473.83111572265625,1435,0.0,0.0
1995-10-20 00:00:00-04:00,470.129310131073,481.23472690582275,470.129310131073,473.83111572265625,1650,0.0,0.0
1995-10-23 00:00:00-04:00,473.83111572265625,481.23472690582275,473.83111572265625,473.83111572265625,814,0.0,0.0
1995-10-24 00:00:00-04:00,481.23472690582275,481.23472690582275,470.129310131073,473.83111572265625,894,0.0,0.0
1995-10-25 00:00:00-04:00,473.83111572265625,481.23472690582275,466.42750453948975,473.83111572265625,2397,0.0,0.0
1995-10-26 00:00:00-04:00,473.83111572265625,481.23472690582275,470.129310131073,473.83111572265625,1635,0.0,0.0
1995-10-27 00:00:00-04:00,481.23473411382633,481.23473411382633,470.129317172738,477.5329284667969,2092,0.0,0.0
1995-10-30 00:00:00-05:00,481.2347106933594,481.2347106933594,470.1292942927434,481.2347106933594,2009,0.0,0.0
1995-10-31 00:00:00-05:00,470.129310131073,481.23472690582275,470.129310131073,473.83111572265625,2480,0.0,0.0
1995-11-01 00:00:00-05:00,481.2347250273734,488.6383361816406,473.83111387310606,488.6383361816406,5038,0.0,0.0
1995-11-02 00:00:00-05:00,488.6383361816406,488.6383361816406,473.83111387310606,488.6383361816406,2309,0.0,0.0
1995-11-03 00:00:00-05:00,488.6383361816406,488.6383361816406,477.5329194502397,488.6383361816406,6352,0.0,0.0
1995-11-06 00:00:00-05:00,477.53289373989764,540.4635851629849,477.53289373989764,536.7617797851562,5617,0.0,0.0
1995-11-07 00:00:00-05:00,540.463632436899,540.463632436899,518.2527982271635,529.3582153320312,4794,0.0,0.0
1995-11-08 00:00:00-05:00,536.7618267352765,540.463632436899,525.6564096304087,529.3582153320312,2980,0.0,0.0
1995-11-09 00:00:00-05:00,533.0600306919642,533.0600306919642,503.4455845424107,518.2528076171875,1311,0.0,0.0
1995-11-10 00:00:00-05:00,503.4455707937047,518.2527934641078,488.6383481233016,510.84918212890625,1800,0.0,0.0
1995-11-13 00:00:00-05:00,503.445556640625,518.252778894761,503.445556640625,503.445556640625,612,0.0,0.0
1995-11-14 00:00:00-05:00,503.4455730381297,510.84918440633743,496.0419616699219,496.0419616699219,655,0.0,0.0
1995-11-15 00:00:00-05:00,496.04194551355704,510.849167767693,496.04194551355704,503.445556640625,1005,0.0,0.0
1995-11-16 00:00:00-05:00,510.849167767693,510.849167767693,499.743751077091,503.445556640625,497,0.0,0.0
1995-11-17 00:00:00-05:00,503.44556376881843,518.2527862326071,503.44556376881843,507.1473693847656,1389,0.0,0.0
1995-11-20 00:00:00-05:00,510.84918212890625,510.84918212890625,503.4455707937047,510.84918212890625,2767,0.0,0.0
1995-11-21 00:00:00-05:00,503.4455707937047,510.84918212890625,503.4455707937047,510.84918212890625,759,0.0,0.0
1995-11-22 00:00:00-05:00,503.445556640625,514.550973331227,503.445556640625,503.445556640625,948,0.0,0.0
1995-11-24 00:00:00-05:00,503.44554785858816,514.5509643554688,503.44554785858816,514.5509643554688,188,0.0,0.0
1995-11-27 00:00:00-05:00,514.5509659378616,514.5509659378616,499.7437438964844,499.7437438964844,892,0.0,0.0
1995-11-28 00:00:00-05:00,499.743751077091,510.849167767693,499.743751077091,503.445556640625,933,0.0,0.0
1995-11-29 00:00:00-05:00,510.8491612484581,570.0780495091489,510.8491612484581,562.6744384765625,7248,0.0,0.0
1995-11-30 00:00:00-05:00,562.6744527445211,570.0780639648438,547.8672303038758,570.0780639648438,1723,0.0,0.0
1995-12-01 00:00:00-05:00,570.0780495091489,570.0780495091489,555.2708274439761,562.6744384765625,2279,0.0,0.0
1995-12-04 00:00:00-05:00,570.0780732615893,570.0780732615893,558.97265625,558.97265625,1330,0.0,0.0
1995-12-05 00:00:00-05:00,570.0780639648438,570.0780639648438,555.2708415241984,570.0780639648438,4150,0.0,0.0
1995-12-06 00:00:00-05:00,570.0780780498799,592.2889122596154,558.9726609450121,577.481689453125,4147,0.0,0.0
1995-12-07 00:00:00-05:00,584.8852684020995,592.2888793945312,570.0780464172364,592.2888793945312,1905,0.0,0.0
1995-12-08 00:00:00-05:00,592.2888793945312,592.2888793945312,570.0780464172364,592.2888793945312,1983,0.0,0.0
1995-12-11 00:00:00-05:00,592.2888883359873,592.2888883359873,570.0780550233877,581.1834716796875,2014,0.0,0.0
1995-12-12 00:00:00-05:00,570.0780639648438,584.8852864054891,562.6744527445211,570.0780639648438,2215,0.0,0.0
1995-12-13 00:00:00-05:00,562.674423828125,577.4816455078126,555.2708129882812,555.2708129882812,803,0.0,0.0
1995-12-14 00:00:00-05:00,570.0780780498799,570.0780780498799,525.6564096304087,529.3582153320312,2355,0.0,0.0
1995-12-15 00:00:00-05:00,533.0599975585938,533.0599975585938,503.44555324978296,533.0599975585938,3403,0.0,0.0
1995-12-18 00:00:00-05:00,525.6563919529771,533.0600031072444,488.6383361816406,488.6383361816406,1821,0.0,0.0
1995-12-19 00:00:00-05:00,503.4455845424107,518.2528076171875,488.63836146763396,518.2528076171875,2620,0.0,0.0
1995-12-20 00:00:00-05:00,518.252802668391,547.8672485351562,510.8491912016998,547.8672485351562,1741,0.0,0.0
1995-12-21 00:00:00-05:00,547.8671998615506,592.2888647151899,533.0599782436709,584.88525390625,3430,0.0,0.0
1995-12-22 00:00:00-05:00,584.885259897431,607.0960925517638,577.4816490126534,603.394287109375,3330,0.0,0.0
1995-12-26 00:00:00-05:00,614.4997417170828,636.7105757550496,599.6925190251048,607.0961303710938,3148,0.0,0.0
1995-12-27 00:00:00-05:00,621.9033487009448,644.1141825831214,607.096126112827,636.7105712890625,2576,0.0,0.0
1995-12-28 00:00:00-05:00,621.9033487009448,636.7105712890625,621.9033487009448,636.7105712890625,3268,0.0,0.0
1995-12-29 00:00:00-05:00,621.9033487009448,651.5177938771802,621.9033487009448,636.7105712890625,2106,0.0,0.0
1996-01-02 00:00:00-05:00,651.5177938771802,651.5177938771802,621.9033487009448,636.7105712890625,1988,0.0,0.0
1996-01-03 00:00:00-05:00,636.710590408509,644.1142019248871,614.499755859375,614.499755859375,2447,0.0,0.0
1996-01-04 00:00:00-05:00,614.499755859375,629.306978892131,607.0961443429969,614.499755859375,3461,0.0,0.0
1996-01-05 00:00:00-05:00,621.9033346737133,629.3069458007812,607.0961124195773,629.3069458007812,7411,0.0,0.0
1996-01-08 00:00:00-05:00,629.3069599950036,636.7105712890625,621.9033487009448,636.7105712890625,1224,0.0,0.0
1996-01-09 00:00:00-05:00,636.7105422247024,644.1141531808036,607.0960984002976,621.9033203125,3971,0.0,0.0
1996-01-10 00:00:00-05:00,607.0960863330696,614.4996971420095,584.88525390625,584.88525390625,5659,0.0,0.0
1996-01-11 00:00:00-05:00,599.6925088461343,599.6925088461343,562.6744527445211,570.0780639648438,1779,0.0,0.0
1996-01-12 00:00:00-05:00,570.0780322883703,584.88525390625,562.6744214794304,584.88525390625,2248,0.0,0.0
1996-01-15 00:00:00-05:00,584.885291525403,592.2889028105346,577.4816802402712,588.5870971679688,2003,0.0,0.0
1996-01-16 00:00:00-05:00,592.2889076791159,644.1141871010385,577.481684987138,607.0961303710938,8782,0.0,0.0
1996-01-17 00:00:00-05:00,614.4997235466452,636.7105569278493,592.2888901654412,629.3069458007812,7027,0.0,0.0
1996-01-18 00:00:00-05:00,636.7105569278493,636.7105569278493,614.4997235466452,629.3069458007812,1455,0.0,0.0
1996-01-19 00:00:00-05:00,636.7105393843217,681.1322049227628,629.3069284612482,651.5177612304688,6500,0.0,0.0
1996-01-22 00:00:00-05:00,651.5177756320224,681.1322199789325,651.5177756320224,658.92138671875,2473,0.0,0.0
1996-01-23 00:00:00-05:00,658.9213694696841,703.3430348271909,658.9213694696841,681.1322021484375,9039,0.0,0.0
1996-01-24 00:00:00-05:00,688.5358419215426,695.939453125,673.7286195146277,695.939453125,4961,0.0,0.0
1996-01-25 00:00:00-05:00,688.5358516808712,777.3791873816288,688.5358516808712,732.95751953125,13126,0.0,0.0
1996-01-26 00:00:00-05:00,732.9575052066725,762.5719498614876,703.3430605518574,725.5538940429688,3186,0.0,0.0
1996-01-29 00:00:00-05:00,725.5539175180289,777.3791973407452,710.7466947115385,769.9755859375,6136,0.0,0.0
1996-01-30 00:00:00-05:00,769.9755610251914,769.9755610251914,710.7466717155612,725.5538940429688,6312,0.0,0.0
1996-01-31 00:00:00-05:00,718.1502685546875,725.5538795707153,681.132213474549,718.1502685546875,4503,0.0,0.0
1996-02-01 00:00:00-05:00,718.1503013209292,718.1503013209292,688.5358559056332,703.3430786132812,2315,0.0,0.0
1996-02-02 00:00:00-05:00,688.5358130413553,695.939423934273,644.1141476838485,681.1322021484375,9561,0.0,0.0
1996-02-05 00:00:00-05:00,673.7285912555196,681.1322021484375,658.9213694696841,681.1322021484375,3448,0.0,0.0
1996-02-06 00:00:00-05:00,666.3250122070312,681.1322347005208,666.3250122070312,666.3250122070312,2323,0.0,0.0
1996-02-07 00:00:00-05:00,673.7286234537761,673.7286234537761,651.5177897135417,666.3250122070312,3856,0.0,0.0
1996-02-08 00:00:00-05:00,666.3249944871471,688.5358276367188,651.5177723874328,688.5358276367188,4885,0.0,0.0
1996-02-09 00:00:00-05:00,688.5358559056332,710.7466899671052,673.7286331979851,703.3430786132812,4036,0.0,0.0
1996-02-12 00:00:00-05:00,688.5358459472657,703.3430684407552,666.3250122070312,666.3250122070312,2568,0.0,0.0
1996-02-13 00:00:00-05:00,666.3250083111702,717.2248353349402,651.5177859042553,695.939453125,10100,0.0,0.0
1996-02-14 00:00:00-05:00,710.7466598731884,769.9755481959542,703.3430488328427,766.2737426757812,15321,0.0,0.0
1996-02-15 00:00:00-05:00,777.3791924838363,784.7828038408252,725.5539129849138,751.466552734375,8230,0.0,0.0
1996-02-16 00:00:00-05:00,755.1683534564394,755.1683534564394,732.95751953125,732.95751953125,2595,0.0,0.0
1996-02-20 00:00:00-05:00,725.5539082228536,755.1683534564394,710.7466856060606,732.95751953125,4911,0.0,0.0
1996-02-21 00:00:00-05:00,740.3611127068015,762.5719460880056,740.3611127068015,755.1683349609375,2576,0.0,0.0
1996-02-22 00:00:00-05:00,755.1683349609375,769.9755572150735,747.7647238338695,755.1683349609375,5517,0.0,0.0
1996-02-23 00:00:00-05:00,769.9755424272896,769.9755424272896,747.7647094726562,747.7647094726562,3586,0.0,0.0
1996-02-26 00:00:00-05:00,762.5719647648359,762.5719647648359,718.150296914457,732.95751953125,3006,0.0,0.0
1996-02-27 00:00:00-05:00,732.9574875029007,747.7647094726562,718.1502655331451,747.7647094726562,1115,0.0,0.0
1996-02-28 00:00:00-05:00,710.7466856060606,740.3611308396464,695.9394629892677,732.95751953125,5717,0.0,0.0
1996-02-29 00:00:00-05:00,710.7466755319149,718.1502867353723,688.5358419215426,695.939453125,6111,0.0,0.0
1996-03-01 00:00:00-05:00,695.939423934273,695.939423934273,666.3249803626019,681.1322021484375,4292,0.0,0.0
1996-03-04 00:00:00-05:00,681.1322445518092,703.3430786132812,651.5177991365131,703.3430786132812,4989,0.0,0.0
1996-03-05 00:00:00-05:00,747.7647517277644,792.1864201472356,740.3611403245193,769.9755859375,16736,0.0,0.0
1996-03-06 00:00:00-05:00,769.9755676839953,799.5900125949182,755.1683452285339,792.1864013671875,12070,0.0,0.0
1996-03-07 00:00:00-05:00,799.5900087098818,844.0116758604307,784.7827863263655,821.8008422851562,14567,0.0,0.0
1996-03-08 00:00:00-05:00,806.9935913085938,829.2044240969037,799.5899803791572,806.9935913085938,6823,0.0,0.0
1996-03-11 00:00:00-05:00,792.1864154956959,821.8008609347872,777.3791927761501,799.5900268554688,6174,0.0,0.0
1996-03-12 00:00:00-05:00,784.7827725497159,829.2044389204545,784.7827725497159,814.397216796875,4192,0.0,0.0
1996-03-13 00:00:00-05:00,836.6080748459389,873.6261312550512,829.2044635641164,858.8189086914062,11056,0.0,0.0
1996-03-14 00:00:00-05:00,858.8188797800165,873.6261018451892,836.6080466822574,844.0116577148438,9312,0.0,0.0
1996-03-15 00:00:00-05:00,851.4152721058239,851.4152721058239,814.397216796875,814.397216796875,7515,0.0,0.0
1996-03-18 00:00:00-05:00,821.800813167467,836.6080350263403,806.9935913085938,806.9935913085938,3426,0.0,0.0
1996-03-19 00:00:00-05:00,821.8008278586648,821.8008278586648,799.5899946732955,814.397216796875,5121,0.0,0.0
1996-03-20 00:00:00-05:00,814.3972202516951,829.2044424380896,784.7827758789062,784.7827758789062,4421,0.0,0.0
1996-03-21 00:00:00-05:00,806.9936184677781,806.9936184677781,769.9755625747608,773.6773681640625,8365,0.0,0.0
1996-03-22 00:00:00-05:00,777.379150390625,777.379150390625,755.1683175223214,777.379150390625,4770,0.0,0.0
1996-03-25 00:00:00-05:00,755.1683175223214,777.379150390625,755.1683175223214,777.379150390625,3561,0.0,0.0
1996-03-26 00:00:00-05:00,777.3791614879261,814.397216796875,762.5719393643466,814.397216796875,3332,0.0,0.0
1996-03-27 00:00:00-05:00,792.1863723028274,806.9935942150298,762.5719284784226,777.379150390625,2862,0.0,0.0
1996-03-28 00:00:00-05:00,777.3791683421416,777.3791683421416,747.7647238338695,755.1683349609375,2330,0.0,0.0
1996-03-29 00:00:00-05:00,755.168354052503,792.1864106237041,747.7647427382627,781.0809936523438,4080,0.0,0.0
1996-04-01 00:00:00-05:00,792.1864001525576,792.1864001525576,725.5538992051462,744.0629272460938,21380,0.0,0.0
1996-04-02 00:00:00-05:00,769.975571715716,769.975571715716,747.7647379162242,762.5719604492188,8268,0.0,0.0
1996-04-03 00:00:00-05:00,747.7647065662203,792.1863723028274,747.7647065662203,777.379150390625,21330,0.0,0.0
1996-04-04 00:00:00-05:00,792.1864154956959,814.3972495750145,777.3791927761501,799.5900268554688,6256,0.0,0.0
1996-04-08 00:00:00-04:00,777.3791973407452,784.7828087439904,755.1683631310096,769.9755859375,1847,0.0,0.0
1996-04-09 00:00:00-04:00,777.3791829822133,784.7827942487105,762.5719604492188,762.5719604492188,2486,0.0,0.0
1996-04-10 00:00:00-04:00,755.1683082580566,777.3791408538818,703.3430322011312,710.7466430664062,6620,0.0,0.0
1996-04-11 00:00:00-04:00,710.7466607862904,718.1502718361476,688.5358276367188,688.5358276367188,6450,0.0,0.0
1996-04-12 00:00:00-04:00,688.5358559056332,718.1503013209292,688.5358559056332,703.3430786132812,4080,0.0,0.0
1996-04-15 00:00:00-04:00,703.3430465226321,740.3611016027706,703.3430465226321,718.1502685546875,5770,0.0,0.0
1996-04-16 00:00:00-04:00,732.957533569336,747.7647564697265,725.5539221191406,740.3611450195312,4464,0.0,0.0
1996-04-17 00:00:00-04:00,747.7647126187984,747.7647126187984,718.1502685546875,718.1502685546875,2073,0.0,0.0
1996-04-18 00:00:00-04:00,725.5538795707153,725.5538795707153,710.7466575386599,718.1502685546875,4952,0.0,0.0
1996-04-19 00:00:00-04:00,718.1502685546875,718.1502685546875,695.9394355066044,718.1502685546875,3212,0.0,0.0
1996-04-22 00:00:00-04:00,703.3430605518574,725.5538940429688,703.3430605518574,725.5538940429688,6953,0.0,0.0
1996-04-23 00:00:00-04:00,710.7466856060606,732.95751953125,703.3430742976642,732.95751953125,7573,0.0,0.0
1996-04-24 00:00:00-04:00,740.3611040345713,784.7827702766456,725.5538819538799,766.2737426757812,19417,0.0,0.0
1996-04-25 00:00:00-04:00,769.9755481959542,777.3791592362999,762.5719371556085,766.2737426757812,7042,0.0,0.0
1996-04-26 00:00:00-04:00,777.3791683421416,777.3791683421416,747.7647238338695,755.1683349609375,6386,0.0,0.0
1996-04-29 00:00:00-04:00,747.7647328542834,769.9755665034204,740.3611216379043,744.0629272460938,5505,0.0,0.0
1996-04-30 00:00:00-04:00,747.7647035860168,747.7647035860168,725.5538708062342,729.2556762695312,7179,0.0,0.0
1996-05-01 00:00:00-04:00,740.3611163703763,740.3611163703763,710.7466717155612,725.5538940429688,13861,0.0,0.0
1996-05-02 00:00:00-04:00,725.5539082228536,732.95751953125,718.150296914457,732.95751953125,6724,0.0,0.0
1996-05-03 00:00:00-04:00,740.3611450195312,747.7647564697265,725.5539221191406,740.3611450195312,6244,0.0,0.0
1996-05-06 00:00:00-04:00,740.3611450195312,740.3611450195312,725.5539221191406,740.3611450195312,1800,0.0,0.0
1996-05-07 00:00:00-04:00,740.3611450195312,747.7647564697265,732.957533569336,740.3611450195312,8218,0.0,0.0
1996-05-08 00:00:00-04:00,740.3611016027706,740.3611016027706,703.3430465226321,718.1502685546875,4279,0.0,0.0
1996-05-09 00:00:00-04:00,718.1502685546875,718.1502685546875,695.9394355066044,718.1502685546875,3942,0.0,0.0
1996-05-10 00:00:00-04:00,703.3430465226321,718.1502685546875,703.3430465226321,718.1502685546875,4676,0.0,0.0
1996-05-13 00:00:00-04:00,718.1502685546875,718.1502685546875,710.7466575386599,718.1502685546875,4317,0.0,0.0
1996-05-14 00:00:00-04:00,718.150282879265,740.3611163703763,710.7466717155612,725.5538940429688,7326,0.0,0.0
1996-05-15 00:00:00-04:00,740.3611016027706,740.3611016027706,718.1502685546875,718.1502685546875,3436,0.0,0.0
1996-05-16 00:00:00-04:00,732.9575052066725,732.9575052066725,710.7466717155612,725.5538940429688,2306,0.0,0.0
1996-05-17 00:00:00-04:00,710.7466899671052,725.5539126747533,703.3430786132812,703.3430786132812,6014,0.0,0.0
1996-05-20 00:00:00-04:00,703.3430694421957,725.5539032140545,703.3430694421957,714.448486328125,5730,0.0,0.0
1996-05-21 00:00:00-04:00,725.5539082228536,740.3611308396464,710.7466856060606,732.95751953125,3518,0.0,0.0
1996-05-22 00:00:00-04:00,740.3611266497269,784.7827942487105,732.9575153832296,762.5719604492188,13076,0.0,0.0
1996-05-23 00:00:00-04:00,784.7827758789062,814.3972202516951,769.9755536925118,784.7827758789062,11805,0.0,0.0
1996-05-24 00:00:00-04:00,799.5900224958148,851.4153017316546,792.186411176409,829.2044677734375,17598,0.0,0.0
1996-05-28 00:00:00-04:00,844.0116861277613,866.2225199732287,829.2044635641164,858.8189086914062,14352,0.0,0.0
1996-05-29 00:00:00-04:00,866.2224942294034,866.2224942294034,806.9936057350852,814.397216796875,11742,0.0,0.0
1996-05-30 00:00:00-04:00,821.800813167467,829.2044240969037,792.1863694497205,806.9935913085938,5402,0.0,0.0
1996-05-31 00:00:00-04:00,814.397225797451,814.397225797451,799.5900035102246,803.2918090820312,4294,0.0,0.0
1996-06-03 00:00:00-04:00,799.5900167817051,814.3972393146996,747.7647379162242,762.5719604492188,4682,0.0,0.0
1996-06-04 00:00:00-04:00,762.5719257319739,806.9935913085938,747.7647038731006,806.9935913085938,5273,0.0,0.0
1996-06-05 00:00:00-04:00,803.2917798539282,806.9935852910431,762.5719200456646,788.4845581054688,3470,0.0,0.0
1996-06-06 00:00:00-04:00,792.1864201472356,792.1864201472356,769.9755859375,769.9755859375,3024,0.0,0.0
1996-06-07 00:00:00-04:00,762.5719604492188,777.3791829822133,755.1683491827215,762.5719604492188,3044,0.0,0.0
1996-06-10 00:00:00-04:00,755.1683491827215,777.3791829822133,755.1683491827215,762.5719604492188,1877,0.0,0.0
1996-06-11 00:00:00-04:00,755.1683516468075,777.3791855187725,755.1683516468075,771.8264770507812,2736,0.0,0.0
1996-06-12 00:00:00-04:00,777.3791973407452,777.3791973407452,755.1683631310096,769.9755859375,979,0.0,0.0
1996-06-13 00:00:00-04:00,769.9755760732323,769.9755760732323,718.150296914457,732.95751953125,4059,0.0,0.0
1996-06-14 00:00:00-04:00,729.2557278442383,762.5719793701172,725.5539221191406,740.3611450195312,3826,0.0,0.0
1996-06-17 00:00:00-04:00,762.5719647648359,762.5719647648359,732.95751953125,732.95751953125,2932,0.0,0.0
1996-06-18 00:00:00-04:00,749.6156063176654,762.5719254392053,725.5538708062342,729.2556762695312,2702,0.0,0.0
1996-06-19 00:00:00-04:00,718.1502909342448,732.9575134277344,651.5177897135417,666.3250122070312,6505,0.0,0.0
1996-06-20 00:00:00-04:00,673.7285939996892,688.5358158458363,651.5177612304688,651.5177612304688,7689,0.0,0.0
1996-06-21 00:00:00-04:00,666.3249978054776,666.3249978054776,644.1141645452949,658.92138671875,4086,0.0,0.0
1996-06-24 00:00:00-04:00,577.481689453125,592.2889122596154,518.2527982271635,529.3582153320312,42459,0.0,0.0
1996-06-25 00:00:00-04:00,540.4636086357964,562.6744418674045,525.656386481391,533.0599975585938,32889,0.0,0.0
1996-06-26 00:00:00-04:00,540.463623046875,555.2708455961044,525.6564004976456,540.463623046875,6809,0.0,0.0
1996-06-27 00:00:00-04:00,540.463637068465,547.8672485351562,518.252802668391,547.8672485351562,7527,0.0,0.0
1996-06-28 00:00:00-04:00,547.8672164113898,562.6744384765625,525.6563833136307,562.6744384765625,7311,0.0,0.0
1996-07-01 00:00:00-04:00,570.0780381278757,629.3069252060966,555.2708163583205,603.394287109375,11421,0.0,0.0
1996-07-02 00:00:00-04:00,607.0961013793946,621.9033233642577,592.2888793945312,592.2888793945312,4339,0.0,0.0
1996-07-03 00:00:00-04:00,607.0961451312296,607.0961451312296,562.674475975286,566.3762817382812,4473,0.0,0.0
1996-07-05 00:00:00-04:00,562.6744527445211,570.0780639648438,525.6563966429079,570.0780639648438,5102,0.0,0.0
1996-07-08 00:00:00-04:00,547.8672021484375,577.4816455078126,547.8672021484375,555.2708129882812,2474,0.0,0.0
1996-07-09 00:00:00-04:00,570.0780468398718,570.0780468398718,510.84915885650855,514.5509643554688,12144,0.0,0.0
1996-07-10 00:00:00-04:00,510.84917708088585,533.0600108670113,481.23473203271857,492.34014892578125,12200,0.0,0.0
1996-07-11 00:00:00-04:00,496.04194733590793,496.04194733590793,444.21666925603694,488.6383361816406,9583,0.0,0.0
1996-07-12 00:00:00-04:00,503.4455584901752,510.8491696444425,473.83111387310606,488.6383361816406,5362,0.0,0.0
1996-07-15 00:00:00-04:00,488.63833808898926,510.84917163848877,466.42750453948975,473.83111572265625,2627,0.0,0.0
1996-07-16 00:00:00-04:00,477.53290522648734,496.04193256084733,407.19860135591944,481.2347106933594,8108,0.0,0.0
1996-07-17 00:00:00-04:00,525.6564191545759,525.6564191545759,496.0419730050223,518.2528076171875,4550,0.0,0.0
1996-07-18 00:00:00-04:00,533.0600161345109,547.8672388049139,510.84918212890625,510.84918212890625,3021,0.0,0.0
1996-07-19 00:00:00-04:00,525.656386481391,540.4636086357964,510.84916432698566,533.0599975585938,2361,0.0,0.0
1996-07-22 00:00:00-04:00,540.4636422293527,540.4636422293527,510.8491960797991,518.2528076171875,3376,0.0,0.0
1996-07-23 00:00:00-04:00,525.6563940048218,525.6563940048218,466.42750453948975,473.83111572265625,2489,0.0,0.0
1996-07-24 00:00:00-04:00,436.8130635579427,466.42750854492186,429.4094523111979,444.2166748046875,4064,0.0,0.0
1996-07-25 00:00:00-04:00,466.427490234375,481.2347121465774,451.62026832217265,466.427490234375,5136,0.0,0.0
1996-07-26 00:00:00-04:00,488.63835261418274,533.0600210336538,488.63835261418274,529.3582153320312,8023,0.0,0.0
1996-07-29 00:00:00-04:00,533.0600117722603,540.463623046875,525.6564004976456,540.463623046875,2527,0.0,0.0
1996-07-30 00:00:00-04:00,562.674463983792,570.0780753519997,466.4275161970907,496.0419616699219,9191,0.0,0.0
1996-07-31 00:00:00-04:00,510.849150321853,540.463593818772,503.4455394476232,525.6563720703125,6735,0.0,0.0
1996-08-01 00:00:00-04:00,533.0599975585938,540.4636086357964,518.2527754041884,533.0599975585938,2644,0.0,0.0
1996-08-02 00:00:00-04:00,540.4636053788034,562.6744384765625,533.0599943462171,562.6744384765625,7423,0.0,0.0
1996-08-05 00:00:00-04:00,555.2708217075893,562.6744326636905,540.4635997953869,544.1654052734375,1185,0.0,0.0
1996-08-06 00:00:00-04:00,562.6744527445211,570.0780639648438,547.8672303038758,570.0780639648438,2532,0.0,0.0
1996-08-07 00:00:00-04:00,570.0780639648438,570.0780639648438,555.2708415241984,570.0780639648438,1812,0.0,0.0
1996-08-08 00:00:00-04:00,570.0780346679688,570.0780346679688,540.4635913085938,555.2708129882812,2388,0.0,0.0
1996-08-09 00:00:00-04:00,540.4636053788034,570.0780495091489,540.4636053788034,562.6744384765625,1498,0.0,0.0
1996-08-12 00:00:00-04:00,570.0780495091489,570.0780495091489,555.2708274439761,562.6744384765625,1485,0.0,0.0
1996-08-13 00:00:00-04:00,566.3762439928556,570.0780495091489,547.8672164113898,562.6744384765625,1468,0.0,0.0
1996-08-14 00:00:00-04:00,547.8672485351562,562.6744714685389,540.463637068465,547.8672485351562,1164,0.0,0.0
1996-08-15 00:00:00-04:00,551.5690595354353,555.2708653041294,514.5510018484933,518.2528076171875,3235,0.0,0.0
1996-08-16 00:00:00-04:00,503.44554785858816,525.6563808523493,503.44554785858816,514.5509643554688,2374,0.0,0.0
1996-08-19 00:00:00-04:00,525.6564047993093,533.0600161345109,510.84918212890625,510.84918212890625,3662,0.0,0.0
1996-08-20 00:00:00-04:00,518.2527934641078,525.6564047993093,496.04195945850313,510.84918212890625,5874,0.0,0.0
1996-08-21 00:00:00-04:00,510.8491960797991,518.2528076171875,488.63836146763396,518.2528076171875,4112,0.0,0.0
1996-08-22 00:00:00-04:00,518.2527982271635,533.0600210336538,510.8491868239183,529.3582153320312,7976,0.0,0.0
1996-08-23 00:00:00-04:00,533.0599861391129,577.4816516507057,518.2527643019154,573.7798461914062,6535,0.0,0.0
1996-08-26 00:00:00-04:00,584.8852963331269,607.0961303710938,577.481684987138,607.0961303710938,9367,0.0,0.0
1996-08-27 00:00:00-04:00,592.288921310241,614.499755859375,584.8853097938629,614.499755859375,5200,0.0,0.0
1996-08-28 00:00:00-04:00,614.4997374068859,651.5177938771802,607.096126112827,636.7105712890625,8255,0.0,0.0
1996-08-29 00:00:00-04:00,651.5177938771802,651.5177938771802,614.4997374068859,636.7105712890625,3850,0.0,0.0
1996-08-30 00:00:00-04:00,636.7105569278493,644.1141680549173,621.9033346737133,629.3069458007812,3202,0.0,0.0
1996-09-03 00:00:00-04:00,621.9033487009448,644.1141825831214,599.6925148187681,636.7105712890625,3379,0.0,0.0
1996-09-04 00:00:00-04:00,636.7105853201329,666.3250311489762,629.3069738629221,644.1141967773438,3986,0.0,0.0
1996-09-05 00:00:00-04:00,636.7105712890625,651.5177938771802,636.7105712890625,636.7105712890625,3580,0.0,0.0
1996-09-06 00:00:00-04:00,644.1141967773438,651.5178082345545,629.3069738629221,644.1141967773438,3353,0.0,0.0
1996-09-09 00:00:00-04:00,651.517813441265,651.517813441265,607.0961443429969,614.499755859375,3095,0.0,0.0
1996-09-10 00:00:00-04:00,599.6925190251048,614.4997417170828,592.2889076791159,607.0961303710938,3889,0.0,0.0
1996-09-11 00:00:00-04:00,607.0961398486024,607.0961398486024,591.3634654927698,595.99072265625,4542,0.0,0.0
1996-09-12 00:00:00-04:00,599.6925048828125,614.499727225598,592.2888937114197,599.6925048828125,9239,0.0,0.0
1996-09-13 00:00:00-04:00,607.0960984002976,621.9033203125,599.6924874441964,621.9033203125,6524,0.0,0.0
1996-09-16 00:00:00-04:00,621.9033175381747,651.5177612304688,607.0960956920277,651.5177612304688,8027,0.0,0.0
1996-09-17 00:00:00-04:00,651.5178034855769,681.1322490985577,636.7105806790865,673.7286376953125,8317,0.0,0.0
1996-09-18 00:00:00-04:00,688.5358130413553,695.939423934273,621.9033150050951,681.1322021484375,15956,0.0,0.0
1996-09-19 00:00:00-04:00,688.5358276367188,688.5358276367188,673.7286055370043,688.5358276367188,8667,0.0,0.0
1996-09-20 00:00:00-04:00,681.1322199789325,681.1322199789325,658.92138671875,658.92138671875,5189,0.0,0.0
1996-09-23 00:00:00-04:00,658.9214009602865,673.7286234537761,644.1141784667968,666.3250122070312,2091,0.0,0.0
1996-09-24 00:00:00-04:00,658.92138343729,688.5358276367188,644.1141613375756,688.5358276367188,5892,0.0,0.0
1996-09-25 00:00:00-04:00,688.5358276367188,703.3430497364332,673.7286055370043,688.5358276367188,8223,0.0,0.0
1996-09-26 00:00:00-04:00,695.9394623627534,703.3430736644848,681.1322397592905,684.8340454101562,3639,0.0,0.0
1996-09-27 00:00:00-04:00,681.132213474549,732.9574905867429,681.132213474549,718.1502685546875,9476,0.0,0.0
1996-09-30 00:00:00-04:00,725.5539126747533,725.5539126747533,703.3430786132812,703.3430786132812,4580,0.0,0.0
1996-10-01 00:00:00-04:00,703.3430643284574,718.1502867353723,681.1322307180851,695.939453125,4032,0.0,0.0
1996-10-02 00:00:00-04:00,695.9394428318511,703.343053925807,681.1322206439394,702.4176025390625,6532,0.0,0.0
1996-10-03 00:00:00-04:00,710.7466947115385,710.7466947115385,658.9214148888221,673.7286376953125,4477,0.0,0.0
1996-10-04 00:00:00-04:00,666.3249803626019,681.1322021484375,658.9213694696841,681.1322021484375,1717,0.0,0.0
1996-10-07 00:00:00-04:00,666.3250032018442,688.5358366419057,666.3250032018442,677.430419921875,6888,0.0,0.0
1996-10-08 00:00:00-04:00,666.3250320022171,681.1322549355997,547.8672485351562,547.8672485351562,13145,0.0,0.0
1996-10-09 00:00:00-04:00,540.4636406955949,629.306978892131,533.0600291792168,614.499755859375,24098,0.0,0.0
1996-10-10 00:00:00-04:00,599.6925236628606,607.0961350661058,570.0780780498799,577.481689453125,6197,0.0,0.0
1996-10-11 00:00:00-04:00,570.0780407321068,592.2888734879033,562.6744298135081,573.7798461914062,2673,0.0,0.0
1996-10-14 00:00:00-04:00,577.481689453125,577.481689453125,562.6744666466346,577.481689453125,7238,0.0,0.0
1996-10-15 00:00:00-04:00,577.481684602649,577.481684602649,547.8672392384105,558.97265625,4618,0.0,0.0
1996-10-16 00:00:00-04:00,570.0780681453339,570.0780681453339,540.463623046875,540.463623046875,1918,0.0,0.0
1996-10-17 00:00:00-04:00,533.0599975585938,547.8672197129991,533.0599975585938,533.0599975585938,5506,0.0,0.0
1996-10-18 00:00:00-04:00,533.0599975585938,540.4636086357964,533.0599975585938,533.0599975585938,2262,0.0,0.0
1996-10-21 00:00:00-04:00,518.2528076171875,533.0600306919642,510.8491960797991,518.2528076171875,5191,0.0,0.0
1996-10-22 00:00:00-04:00,521.9545753533891,525.6563808523493,510.84915885650855,514.5509643554688,5864,0.0,0.0
1996-10-23 00:00:00-04:00,518.2527934641078,518.2527934641078,510.84918212890625,510.84918212890625,2988,0.0,0.0
1996-10-24 00:00:00-04:00,518.2527828216553,518.2527828216553,473.83111572265625,473.83111572265625,6368,0.0,0.0
1996-10-25 00:00:00-04:00,488.63835030171407,518.2527957745452,473.8311275652985,496.0419616699219,9395,0.0,0.0
1996-10-28 00:00:00-05:00,492.3401672363281,518.2528076171875,488.63836146763396,518.2528076171875,11677,0.0,0.0
1996-10-29 00:00:00-05:00,510.84918212890625,555.2708501401155,503.4455707937047,510.84918212890625,2815,0.0,0.0
1996-10-30 00:00:00-05:00,533.0600256017736,555.2708600018476,518.252802668391,547.8672485351562,8455,0.0,0.0
1996-10-31 00:00:00-05:00,555.2708600018476,555.2708600018476,540.463637068465,547.8672485351562,4311,0.0,0.0
1996-11-01 00:00:00-05:00,540.4636274697124,555.2708501401155,510.84918212890625,510.84918212890625,3215,0.0,0.0
1996-11-04 00:00:00-05:00,510.8491960797991,525.6564191545759,510.8491960797991,518.2528076171875,1288,0.0,0.0
1996-11-05 00:00:00-05:00,525.6564047993093,533.0600161345109,510.84918212890625,510.84918212890625,2014,0.0,0.0
1996-11-06 00:00:00-05:00,510.84918440633743,518.2527957745452,496.0419616699219,496.0419616699219,2662,0.0,0.0
1996-11-07 00:00:00-05:00,510.8491750007128,510.8491750007128,496.04195253692404,507.1473693847656,1897,0.0,0.0
1996-11-08 00:00:00-05:00,510.8491696444425,510.8491696444425,488.6383361816406,488.6383361816406,2374,0.0,0.0
1996-11-11 00:00:00-05:00,503.445565818844,503.445565818844,481.23473203271857,492.34014892578125,2676,0.0,0.0
1996-11-12 00:00:00-05:00,488.6383216271033,503.44554349459133,451.6202669583834,481.2347106933594,9252,0.0,0.0
1996-11-13 00:00:00-05:00,481.2347289054624,481.2347289054624,451.62028404974166,459.0238952636719,4095,0.0,0.0
1996-11-14 00:00:00-05:00,466.42750453948975,473.83111572265625,436.81305980682373,473.83111572265625,10756,0.0,0.0
1996-11-15 00:00:00-05:00,473.8311011904762,488.63832310267856,459.0238792782738,466.427490234375,5692,0.0,0.0
1996-11-18 00:00:00-05:00,466.4275027188388,488.6383361816406,466.4275027188388,488.6383361816406,8330,0.0,0.0
1996-11-19 00:00:00-05:00,481.234723259421,503.445556640625,481.234723259421,503.445556640625,1988,0.0,0.0
1996-11-20 00:00:00-05:00,503.4455494068287,503.4455494068287,488.6383273654514,499.7437438964844,2923,0.0,0.0
1996-11-21 00:00:00-05:00,488.6383441245719,547.8672343214897,481.2347328499572,540.463623046875,10871,0.0,0.0
1996-11-22 00:00:00-05:00,529.358188829924,562.6744384765625,529.358188829924,562.6744384765625,7486,0.0,0.0
1996-11-25 00:00:00-05:00,577.4816455078126,577.4816455078126,555.2708129882812,555.2708129882812,6965,0.0,0.0
1996-11-26 00:00:00-05:00,570.0780883789063,570.0780883789063,518.2528076171875,518.2528076171875,4221,0.0,0.0
1996-11-27 00:00:00-05:00,525.6564047993093,525.6564047993093,496.04195945850313,510.84918212890625,2411,0.0,0.0
1996-11-29 00:00:00-05:00,525.6564004976456,547.8672343214897,510.84917794841607,540.463623046875,980,0.0,0.0
1996-12-02 00:00:00-05:00,547.8672485351562,562.6744714685389,533.0600256017736,547.8672485351562,5229,0.0,0.0
1996-12-03 00:00:00-05:00,555.2708106704905,592.2888647151899,540.4635890526108,584.88525390625,7471,0.0,0.0
1996-12-04 00:00:00-05:00,577.4816516507057,592.2888734879033,570.0780407321068,573.7798461914062,4932,0.0,0.0
1996-12-05 00:00:00-05:00,570.0780780498799,584.8853008563702,570.0780780498799,577.481689453125,3770,0.0,0.0
1996-12-06 00:00:00-05:00,555.2708644492953,570.0780875012765,540.4636413973142,566.3762817382812,4512,0.0,0.0
1996-12-09 00:00:00-05:00,570.0780601972415,607.0961160542053,562.6744490258487,599.6925048828125,5939,0.0,0.0
1996-12-10 00:00:00-05:00,607.0961160542053,614.499727225598,592.2888937114197,599.6925048828125,1461,0.0,0.0
1996-12-11 00:00:00-05:00,588.58705931072,599.6924755241298,577.4816430973101,584.88525390625,2535,0.0,0.0
1996-12-12 00:00:00-05:00,581.18344850178,592.2888647151899,577.4816430973101,584.88525390625,1276,0.0,0.0
1996-12-13 00:00:00-05:00,577.4816751851664,592.2888976258117,555.2708415241984,570.0780639648438,1738,0.0,0.0
1996-12-16 00:00:00-05:00,570.0780639648438,581.1834807953277,555.2708415241984,570.0780639648438,1444,0.0,0.0
1996-12-17 00:00:00-05:00,561.749015221229,577.481689453125,555.2708552433894,577.481689453125,2148,0.0,0.0
1996-12-18 00:00:00-05:00,577.481689453125,581.1834951547476,555.2708552433894,577.481689453125,2850,0.0,0.0
1996-12-19 00:00:00-05:00,562.6744214794304,599.6924755241298,562.6744214794304,584.88525390625,3538,0.0,0.0
1996-12-20 00:00:00-05:00,592.2888671875,599.6924780273438,555.2708129882812,555.2708129882812,2655,0.0,0.0
1996-12-23 00:00:00-05:00,570.0780639648438,570.0780639648438,555.2708415241984,570.0780639648438,1671,0.0,0.0
1996-12-24 00:00:00-05:00,555.2708274439761,562.6744384765625,540.4636053788034,562.6744384765625,1212,0.0,0.0
1996-12-26 00:00:00-05:00,540.4636086357964,562.6744418674045,525.656386481391,533.0599975585938,1867,0.0,0.0
1996-12-27 00:00:00-05:00,525.6563636516703,547.8671959186422,525.6563636516703,536.7617797851562,2402,0.0,0.0
1996-12-30 00:00:00-05:00,533.0599829445423,547.8672046930018,510.849150321853,525.6563720703125,2547,0.0,0.0
1996-12-31 00:00:00-05:00,525.6564191545759,540.4636422293527,518.2528076171875,518.2528076171875,4267,0.0,0.0
1997-01-02 00:00:00-05:00,533.0600117722603,540.463623046875,525.6564004976456,540.463623046875,1832,0.0,0.0
1997-01-03 00:00:00-05:00,540.463623046875,547.8672343214897,525.6564004976456,540.463623046875,1344,0.0,0.0
1997-01-06 00:00:00-05:00,547.8672438401443,592.2889122596154,540.463632436899,577.481689453125,3845,0.0,0.0
1997-01-07 00:00:00-05:00,592.2888793945312,599.6924903869628,577.481657409668,592.2888793945312,2230,0.0,0.0
1997-01-08 00:00:00-05:00,577.4816605417352,592.2888826069079,562.6744384765625,562.6744384765625,1644,0.0,0.0
1997-01-09 00:00:00-05:00,570.0780732615893,584.8852959437086,555.2708505794702,558.97265625,2256,0.0,0.0
1997-01-10 00:00:00-05:00,547.8672485351562,555.2708600018476,533.0600256017736,547.8672485351562,2618,0.0,0.0
1997-01-13 00:00:00-05:00,547.8672079763105,584.8852625693045,547.8672079763105,573.7798461914062,3971,0.0,0.0
1997-01-14 00:00:00-05:00,577.4816516507057,577.4816516507057,562.6744298135081,573.7798461914062,3635,0.0,0.0
1997-01-15 00:00:00-05:00,562.6744384765625,577.4816605417352,562.6744384765625,562.6744384765625,576,0.0,0.0
1997-01-16 00:00:00-05:00,562.6744568707192,577.4816794199486,533.0600117722603,540.463623046875,3588,0.0,0.0
1997-01-17 00:00:00-05:00,533.05998046875,555.2708129882812,533.05998046875,555.2708129882812,1959,0.0,0.0
1997-01-20 00:00:00-05:00,555.2708552433894,584.8853008563702,540.463632436899,577.481689453125,2498,0.0,0.0
1997-01-21 00:00:00-05:00,570.0780639648438,577.4816751851664,555.2708415241984,570.0780639648438,4255,0.0,0.0
1997-01-22 00:00:00-05:00,570.0780567842372,658.9213903090533,570.0780567842372,629.3069458007812,22429,0.0,0.0
1997-01-23 00:00:00-05:00,621.903367375753,629.306978892131,607.0961443429969,614.499755859375,6765,0.0,0.0
1997-01-24 00:00:00-05:00,620.052459906347,629.3069742333074,584.8853054638975,595.99072265625,4264,0.0,0.0
1997-01-27 00:00:00-05:00,599.6925190251048,651.5177984470275,592.2889076791159,607.0961303710938,7830,0.0,0.0
1997-01-28 00:00:00-05:00,629.306978892131,644.1142019248871,614.499755859375,614.499755859375,8750,0.0,0.0
1997-01-29 00:00:00-05:00,614.4997149340679,666.3249920971821,614.4997149340679,640.412353515625,6918,0.0,0.0
1997-01-30 00:00:00-05:00,651.5177938771802,651.5177938771802,636.7105712890625,636.7105712890625,3641,0.0,0.0
1997-01-31 00:00:00-05:00,636.7105534585673,658.92138671875,636.7105534585673,658.92138671875,11005,0.0,0.0
1997-02-03 00:00:00-05:00,658.9214148888221,695.9394719050481,644.1141920823318,673.7286376953125,7309,0.0,0.0
1997-02-04 00:00:00-05:00,688.535821904135,688.535821904135,651.5177669630525,670.0267944335938,3808,0.0,0.0
1997-02-05 00:00:00-05:00,673.7286234537761,688.5358459472657,651.5177897135417,666.3250122070312,3655,0.0,0.0
1997-02-06 00:00:00-05:00,666.3249830766158,673.7285939996892,644.1141503073952,651.5177612304688,2623,0.0,0.0
1997-02-07 00:00:00-05:00,666.3249768708881,673.7285877250091,629.3069226002833,633.0087280273438,2835,0.0,0.0
1997-02-10 00:00:00-05:00,629.3069599950036,651.5177938771802,629.3069599950036,636.7105712890625,5505,0.0,0.0
1997-02-11 00:00:00-05:00,629.3069692758414,681.1322490985577,629.3069692758414,673.7286376953125,11929,0.0,0.0
1997-02-12 00:00:00-05:00,681.1322307180851,703.3430643284574,673.7286195146277,695.939453125,8495,0.0,0.0
1997-02-13 00:00:00-05:00,703.3430605518574,725.5538940429688,695.9394493881537,725.5538940429688,16667,0.0,0.0
1997-02-14 00:00:00-05:00,718.150296914457,740.3611308396464,710.7466856060606,732.95751953125,11959,0.0,0.0
1997-02-18 00:00:00-05:00,725.5538795707153,740.3611016027706,710.7466575386599,718.1502685546875,4805,0.0,0.0
1997-02-19 00:00:00-05:00,710.7466430664062,732.9574756622314,695.9394213358562,710.7466430664062,3618,0.0,0.0
1997-02-20 00:00:00-05:00,695.939423934273,710.7466457201086,658.9213694696841,681.1322021484375,4644,0.0,0.0
1997-02-21 00:00:00-05:00,710.7466681985295,710.7466681985295,629.3069458007812,629.3069458007812,11179,0.0,0.0
1997-02-24 00:00:00-05:00,629.3069458007812,636.7105569278493,592.2888901654412,629.3069458007812,12921,0.0,0.0
1997-02-25 00:00:00-05:00,636.7105712890625,651.5177938771802,621.9033487009448,636.7105712890625,6003,0.0,0.0
1997-02-26 00:00:00-05:00,636.7105661723429,636.7105661723429,607.0961212340943,618.2015380859375,4806,0.0,0.0
1997-02-27 00:00:00-05:00,614.499727225598,629.3069495683835,599.6925048828125,599.6925048828125,2165,0.0,0.0
1997-02-28 00:00:00-05:00,599.6925088461343,607.0961200664569,555.2708415241984,570.0780639648438,9738,0.0,0.0
1997-03-03 00:00:00-05:00,570.0780436197916,629.3069312686013,562.6744326636905,621.9033203125,5442,0.0,0.0
1997-03-04 00:00:00-05:00,629.306978892131,636.710590408509,614.499755859375,614.499755859375,1812,0.0,0.0
1997-03-05 00:00:00-05:00,629.3069495683835,629.3069495683835,592.2888937114197,599.6925048828125,4621,0.0,0.0
1997-03-06 00:00:00-05:00,592.2888937114197,607.0961160542053,577.4816713686342,599.6925048828125,7629,0.0,0.0
1997-03-07 00:00:00-05:00,599.6925088461343,607.0961200664569,562.6744527445211,570.0780639648438,3453,0.0,0.0
1997-03-10 00:00:00-05:00,570.078073641149,614.4997417170828,562.6744622951601,607.0961303710938,3535,0.0,0.0
1997-03-11 00:00:00-05:00,607.0961160542053,614.499727225598,584.885282540027,599.6925048828125,4044,0.0,0.0
1997-03-12 00:00:00-05:00,599.6924903869628,607.0961013793946,584.8852684020995,592.2888793945312,2898,0.0,0.0
1997-03-13 00:00:00-05:00,592.2888793945312,599.6924903869628,562.6744354248046,592.2888793945312,3458,0.0,0.0
1997-03-14 00:00:00-05:00,592.2888937114197,614.499727225598,577.4816713686342,599.6925048828125,3102,0.0,0.0
1997-03-17 00:00:00-05:00,588.5871065579928,607.0961350661058,570.0780780498799,577.481689453125,2761,0.0,0.0
1997-03-18 00:00:00-05:00,570.0780829352302,584.8853058686128,547.8672485351562,547.8672485351562,3944,0.0,0.0
1997-03-19 00:00:00-05:00,547.8672251861367,577.4816697907928,547.8672251861367,551.5690307617188,2712,0.0,0.0
1997-03-20 00:00:00-05:00,570.0780780498799,570.0780780498799,518.2527982271635,529.3582153320312,5647,0.0,0.0
1997-03-21 00:00:00-05:00,540.463593818772,540.463593818772,525.6563720703125,525.6563720703125,5750,0.0,0.0
1997-03-24 00:00:00-05:00,533.0600117722603,540.463623046875,510.84917794841607,540.463623046875,3236,0.0,0.0
1997-03-25 00:00:00-05:00,547.8672343214897,555.2708455961044,526.5818519069724,540.463623046875,3418,0.0,0.0
1997-03-26 00:00:00-05:00,444.2166587954662,488.63832467501277,407.198603895844,451.6202697753906,38553,0.0,0.0
1997-03-27 00:00:00-05:00,473.8311244419643,473.8311244419643,392.39139992850164,414.60223388671875,15242,0.0,0.0
1997-03-31 00:00:00-05:00,422.0058229778885,422.0058229778885,392.39137926014195,403.4967956542969,9558,0.0,0.0
1997-04-01 00:00:00-05:00,396.0931876909615,407.19860416827817,347.9697162892559,373.8823547363281,13405,0.0,0.0
1997-04-02 00:00:00-05:00,377.5841815655048,396.0932100736178,370.18057016225964,384.98779296875,6945,0.0,0.0
1997-04-03 00:00:00-05:00,370.18054924388923,384.9877712136448,370.18054924388923,373.8823547363281,5076,0.0,0.0
1997-04-04 00:00:00-05:00,381.2859749307438,381.2859749307438,347.96972469407683,362.7769470214844,6862,0.0,0.0
1997-04-07 00:00:00-04:00,373.88237366852934,399.7950134277344,362.77695662887004,399.7950134277344,8006,0.0,0.0
1997-04-08 00:00:00-04:00,407.19860679224917,436.8130509225946,399.7949957596628,422.0058288574219,8105,0.0,0.0
1997-04-09 00:00:00-04:00,436.8130433749309,444.2166542795907,407.1985997562915,418.30401611328125,5842,0.0,0.0
1997-04-10 00:00:00-04:00,422.0058215656112,429.40943247027104,407.1985997562915,418.30401611328125,1133,0.0,0.0
1997-04-11 00:00:00-04:00,422.00583052201705,422.00583052201705,392.39138627485795,407.1986083984375,2439,0.0,0.0
1997-04-14 00:00:00-04:00,407.19861012584755,407.19861012584755,384.9877768462559,392.3913879394531,2144,0.0,0.0
1997-04-15 00:00:00-04:00,396.0932100736178,399.7950157752404,362.77695875901446,384.98779296875,6180,0.0,0.0
1997-04-16 00:00:00-04:00,384.9877768462559,407.19861012584755,370.1805546598614,392.3913879394531,3353,0.0,0.0
1997-04-17 00:00:00-04:00,393.31683932610275,414.6022212190448,384.9877768462559,392.3913879394531,4524,0.0,0.0
1997-04-18 00:00:00-04:00,399.7949957596628,425.70763437371505,384.98777369449016,422.0058288574219,1783,0.0,0.0
1997-04-21 00:00:00-04:00,429.40944718070654,436.8130583389946,414.60222486413045,425.7076416015625,1414,0.0,0.0
1997-04-22 00:00:00-04:00,436.8130656275256,444.2166769093481,422.00584306388066,429.4094543457031,2815,0.0,0.0
1997-04-23 00:00:00-04:00,429.4094523111979,444.2166748046875,429.4094523111979,444.2166748046875,1474,0.0,0.0
1997-04-24 00:00:00-04:00,429.4094543457031,444.2166769093481,422.00584306388066,429.4094543457031,2065,0.0,0.0
1997-04-25 00:00:00-04:00,377.5841541290283,384.9877649943034,344.2679052352905,355.3733215332031,10758,0.0,0.0
1997-04-28 00:00:00-04:00,362.77695633737665,362.77695633737665,347.9697336297286,351.6715393066406,3376,0.0,0.0
1997-04-29 00:00:00-04:00,362.7769470214844,384.9877805125957,347.96972469407683,362.7769470214844,7565,0.0,0.0
1997-04-30 00:00:00-04:00,355.3733215332031,362.7769323984782,347.9697106679281,355.3733215332031,2888,0.0,0.0
1997-05-01 00:00:00-04:00,362.7769323984782,362.7769323984782,347.9697106679281,355.3733215332031,2985,0.0,0.0
1997-05-02 00:00:00-04:00,362.7769520583662,388.6895914911066,355.37334079186894,381.2859802246094,2933,0.0,0.0
1997-05-05 00:00:00-04:00,384.9877768462559,414.6022212190448,370.1805546598614,392.3913879394531,3667,0.0,0.0
1997-05-06 00:00:00-04:00,407.1986083984375,429.4094415838068,384.9877752130682,407.1986083984375,4085,0.0,0.0
1997-05-07 00:00:00-04:00,392.3914043719952,407.1986271784856,377.5841815655048,384.98779296875,2100,0.0,0.0
1997-05-08 00:00:00-04:00,399.7949990326503,403.49680457924893,384.9877768462559,392.3913879394531,1779,0.0,0.0
1997-05-09 00:00:00-04:00,392.3913897346048,399.7950008616728,370.18055635340073,377.58416748046875,2400,0.0,0.0
1997-05-12 00:00:00-04:00,384.987785857858,384.987785857858,373.8823689581121,381.2859802246094,1970,0.0,0.0
1997-05-13 00:00:00-04:00,384.9877768462559,399.7949990326503,377.58416575305864,392.3913879394531,5150,0.0,0.0
1997-05-14 00:00:00-04:00,392.3913779469718,422.0058215656112,392.3913779469718,418.30401611328125,2918,0.0,0.0
1997-05-15 00:00:00-04:00,418.30401751317015,421.0803716117089,403.4967956542969,403.4967956542969,1494,0.0,0.0
1997-05-16 00:00:00-04:00,414.6022178248355,422.0058288574219,403.496801275956,422.0058288574219,886,0.0,0.0
1997-05-19 00:00:00-04:00,422.00583052201705,422.00583052201705,399.7949973366477,407.1986083984375,1561,0.0,0.0
1997-05-20 00:00:00-04:00,399.7949957596628,422.0058288574219,399.7949957596628,422.0058288574219,2152,0.0,0.0
1997-05-21 00:00:00-04:00,422.00583052201705,429.4094415838068,407.1986083984375,407.1986083984375,2176,0.0,0.0
1997-05-22 00:00:00-04:00,422.00584306388066,429.4094543457031,399.79500921841327,429.4094543457031,2291,0.0,0.0
1997-05-23 00:00:00-04:00,429.4094543457031,436.8130656275256,422.00584306388066,429.4094543457031,2456,0.0,0.0
1997-05-27 00:00:00-04:00,425.7076487047919,436.8130656275256,422.00584306388066,429.4094543457031,2644,0.0,0.0
1997-05-28 00:00:00-04:00,429.4094565255301,429.4094565255301,407.19862256731307,414.60223388671875,3291,0.0,0.0
1997-05-29 00:00:00-04:00,418.30403954642156,422.00584520612443,407.19862256731307,414.60223388671875,2148,0.0,0.0
1997-05-30 00:00:00-04:00,403.4968169076102,418.30403954642156,392.39139992850164,414.60223388671875,1547,0.0,0.0
1997-06-02 00:00:00-04:00,410.90041230854234,422.0058288574219,407.19860679224917,422.0058288574219,1148,0.0,0.0
1997-06-03 00:00:00-04:00,414.6022385817308,436.81307279146637,414.6022385817308,433.11126708984375,3873,0.0,0.0
1997-06-04 00:00:00-04:00,433.1112547178526,436.8130603137317,410.9004211425781,410.9004211425781,2018,0.0,0.0
1997-06-05 00:00:00-04:00,407.19862478750724,418.3040418271665,399.7950134277344,399.7950134277344,3915,0.0,0.0
1997-06-06 00:00:00-04:00,410.90042614114697,429.4094543457031,407.19862050023573,429.4094543457031,2933,0.0,0.0
1997-06-09 00:00:00-04:00,429.4094383110434,444.21666032176904,422.0058273056806,436.81304931640625,2597,0.0,0.0
1997-06-10 00:00:00-04:00,433.1112579345703,447.9184804280599,433.1112579345703,444.2166748046875,7339,0.0,0.0
1997-06-11 00:00:00-04:00,444.21666032176904,451.6202713271319,429.4094383110434,436.81304931640625,2023,0.0,0.0
1997-06-12 00:00:00-04:00,436.81304931640625,444.21666032176904,422.0058273056806,436.81304931640625,3303,0.0,0.0
1997-06-13 00:00:00-04:00,422.0058288574219,429.40943989000823,422.0058288574219,422.0058288574219,1756,0.0,0.0
1997-06-16 00:00:00-04:00,429.4094543457031,433.11125998661436,422.00584306388066,429.4094543457031,2100,0.0,0.0
1997-06-17 00:00:00-04:00,422.00584520612443,436.8130678449358,414.60223388671875,414.60223388671875,4795,0.0,0.0
1997-06-18 00:00:00-04:00,418.30402499112216,425.70763605291194,407.1986083984375,407.1986083984375,1526,0.0,0.0
1997-06-19 00:00:00-04:00,414.6022317820582,429.4094543457031,399.79500921841327,429.4094543457031,2098,0.0,0.0
1997-06-20 00:00:00-04:00,418.30402499112216,423.8567332874645,407.1986083984375,407.1986083984375,1359,0.0,0.0
1997-06-23 00:00:00-04:00,408.124051119374,422.0058215656112,407.1985997562915,418.30401611328125,1786,0.0,0.0
1997-06-24 00:00:00-04:00,414.6022194602273,422.00583052201705,407.1986083984375,407.1986083984375,1491,0.0,0.0
1997-06-25 00:00:00-04:00,407.19861882938795,414.6022300808314,399.79500757794455,400.720458984375,2094,0.0,0.0
1997-06-26 00:00:00-04:00,399.7949901895786,407.1986011190152,392.39137926014195,403.4967956542969,1361,0.0,0.0
1997-06-27 00:00:00-04:00,392.39138067336313,407.1986025855655,384.9877697172619,388.6895751953125,3482,0.0,0.0
1997-06-30 00:00:00-04:00,384.9877768462559,392.3913879394531,384.9877768462559,392.3913879394531,1868,0.0,0.0
1997-07-01 00:00:00-04:00,392.39139712435525,407.1986196573498,377.58417459136075,381.2859802246094,5689,0.0,0.0
1997-07-02 00:00:00-04:00,390.54049226279574,399.7950062974591,377.58417261426695,396.09320068359375,4859,0.0,0.0
1997-07-03 00:00:00-04:00,396.09319348605175,399.7949990326503,388.6895823928545,392.3913879394531,2103,0.0,0.0
1997-07-07 00:00:00-04:00,392.39140686035154,399.7950183105469,366.478766784668,370.1805725097656,2826,0.0,0.0
1997-07-08 00:00:00-04:00,366.4787576916148,384.987785857858,366.4787576916148,381.2859802246094,3623,0.0,0.0
1997-07-09 00:00:00-04:00,381.28596286598696,410.9004065837335,381.28596286598696,403.4967956542969,2292,0.0,0.0
1997-07-10 00:00:00-04:00,403.4968191076208,414.60223614728005,392.3914020679615,399.7950134277344,1005,0.0,0.0
1997-07-11 00:00:00-04:00,392.39139712435525,399.79500839085256,377.58417459136075,381.2859802246094,2564,0.0,0.0
1997-07-14 00:00:00-04:00,377.5841815655048,399.7950157752404,377.5841815655048,384.98779296875,1641,0.0,0.0
1997-07-15 00:00:00-04:00,384.9877752130682,407.1986083984375,381.2859696821733,407.1986083984375,2264,0.0,0.0
1997-07-16 00:00:00-04:00,403.496821476863,403.496821476863,384.98779296875,384.98779296875,2515,0.0,0.0
1997-07-17 00:00:00-04:00,384.9877728334407,392.39138384946847,347.9697177533022,359.07513427734375,6271,0.0,0.0
1997-07-18 00:00:00-04:00,370.18056017287233,370.18056017287233,344.2679209607713,347.9697265625,4529,0.0,0.0
1997-07-21 00:00:00-04:00,351.6715302759287,370.18055818518815,351.6715302759287,362.7769470214844,2383,0.0,0.0
1997-07-22 00:00:00-04:00,370.18055818518815,377.5841693488919,351.6715302759287,362.7769470214844,3709,0.0,0.0
1997-07-23 00:00:00-04:00,362.7769323984782,366.4787378311157,351.6715161005656,355.3733215332031,2523,0.0,0.0
1997-07-24 00:00:00-04:00,359.0751269658407,370.1805432637533,355.3733215332031,355.3733215332031,2288,0.0,0.0
1997-07-25 00:00:00-04:00,355.3733215332031,370.1805432637533,355.3733215332031,355.3733215332031,2158,0.0,0.0
1997-07-28 00:00:00-04:00,362.7769323984782,362.7769323984782,355.3733215332031,355.3733215332031,1211,0.0,0.0
1997-07-29 00:00:00-04:00,355.37332876932993,362.7769397853576,355.37332876932993,359.07513427734375,1886,0.0,0.0
1997-07-30 00:00:00-04:00,362.7769323984782,370.1805432637533,355.3733215332031,355.3733215332031,2441,0.0,0.0
1997-07-31 00:00:00-04:00,355.3733243075284,366.4787406921387,296.1444369229403,325.7588806152344,7397,0.0,0.0
1997-08-01 00:00:00-04:00,322.0570983886719,336.86432130309356,318.3552926600664,322.0570983886719,11421,0.0,0.0
1997-08-04 00:00:00-04:00,325.7588780721029,355.3733215332031,299.84624004364014,355.3733215332031,7427,0.0,0.0
1997-08-05 00:00:00-04:00,355.37333409926475,384.98777860753677,347.96972297219673,377.58416748046875,7097,0.0,0.0
1997-08-06 00:00:00-04:00,370.18056286431346,377.58417412159974,347.96972909245466,357.2242431640625,4309,0.0,0.0
1997-08-07 00:00:00-04:00,347.9697106679281,362.7769323984782,318.3552672068278,355.3733215332031,9929,0.0,0.0
1997-08-08 00:00:00-04:00,347.96973595252405,347.96973595252405,333.1625131460337,336.86431884765625,4559,0.0,0.0
1997-08-11 00:00:00-04:00,344.2679279528166,359.0751506604646,336.86431659899256,351.6715393066406,5480,0.0,0.0
1997-08-12 00:00:00-04:00,355.37333984375,359.0751454671224,333.1625061035156,333.1625061035156,2748,0.0,0.0
1997-08-13 00:00:00-04:00,333.1625131460337,351.67154165414667,333.1625131460337,336.86431884765625,3055,0.0,0.0
1997-08-14 00:00:00-04:00,333.1625041555851,347.9697265625,333.1625041555851,347.9697265625,2432,0.0,0.0
1997-08-15 00:00:00-04:00,340.56610107421875,347.9697119671365,336.8642956277598,340.56610107421875,3950,0.0,0.0
1997-08-18 00:00:00-04:00,344.2679065206776,351.67151741359544,333.16249018130094,340.56610107421875,1770,0.0,0.0
1997-08-19 00:00:00-04:00,344.26791832095284,351.67152946764,333.1625016009221,338.7152099609375,2441,0.0,0.0
1997-08-20 00:00:00-04:00,336.8642956277598,347.9697119671365,336.8642956277598,340.56610107421875,2350,0.0,0.0
1997-08-21 00:00:00-04:00,347.96973595252405,347.96973595252405,336.86431884765625,336.86431884765625,2012,0.0,0.0
1997-08-22 00:00:00-04:00,333.16249724357357,344.2679138183594,333.16249724357357,344.2679138183594,1512,0.0,0.0
1997-08-25 00:00:00-04:00,344.2679052352905,355.3733215332031,340.566099802653,355.3733215332031,1503,0.0,0.0
1997-08-26 00:00:00-04:00,355.3733215332031,359.0751269658407,347.9697106679281,355.3733215332031,5035,0.0,0.0
1997-08-27 00:00:00-04:00,355.37334034974094,359.07514597838406,355.37334034974094,357.2242431640625,1795,0.0,0.0
1997-08-28 00:00:00-04:00,359.07513649680396,407.1986083984375,340.5661088423296,407.1986083984375,30948,0.0,0.0
1997-08-29 00:00:00-04:00,407.1986083984375,410.9004139293324,384.9877752130682,407.1986083984375,4298,0.0,0.0
1997-09-02 00:00:00-04:00,407.19861012584755,407.19861012584755,377.58416575305864,392.3913879394531,3083,0.0,0.0
1997-09-03 00:00:00-04:00,392.3913950697284,399.7950062974591,388.68958945586303,396.09320068359375,2324,0.0,0.0
1997-09-04 00:00:00-04:00,388.6895823928545,399.7949990326503,384.9877768462559,392.3913879394531,1833,0.0,0.0
1997-09-05 00:00:00-04:00,388.6895823928545,396.09319348605175,384.9877768462559,392.3913879394531,2065,0.0,0.0
1997-09-08 00:00:00-04:00,392.3913879394531,399.7949990326503,384.9877768462559,392.3913879394531,5777,0.0,0.0
1997-09-09 00:00:00-04:00,388.6895751953125,392.39138067336313,384.9877697172619,388.6895751953125,3053,0.0,0.0
1997-09-10 00:00:00-04:00,392.3913779469718,429.40943247027104,388.6895724946419,418.30401611328125,8094,0.0,0.0
1997-09-11 00:00:00-04:00,422.0058258556929,459.023880755315,414.6022148757684,451.6202697753906,16580,0.0,0.0
1997-09-12 00:00:00-04:00,451.62027420740407,455.3220797336943,433.1112465759531,446.06756591796875,8185,0.0,0.0
1997-09-15 00:00:00-04:00,444.2166658727134,459.0238880684705,440.51486032377414,455.32208251953125,3376,0.0,0.0
1997-09-16 00:00:00-04:00,459.02388478053433,488.6383289599236,451.620273735687,484.9365234375,15483,0.0,0.0
1997-09-17 00:00:00-04:00,488.6383454078852,496.04195670194406,466.42751152570855,477.5329284667969,8929,0.0,0.0
1997-09-18 00:00:00-04:00,481.2347213621062,496.0419435578633,444.2166658727134,455.32208251953125,8917,0.0,0.0
1997-09-19 00:00:00-04:00,455.3220896567068,473.83111769153226,436.8130616218813,459.0238952636719,3153,0.0,0.0
1997-09-22 00:00:00-04:00,466.427490234375,481.2347121465774,459.0238792782738,466.427490234375,4906,0.0,0.0
1997-09-23 00:00:00-04:00,466.42749173523947,470.1292972252017,447.9184642854284,451.6202697753906,2239,0.0,0.0
1997-09-24 00:00:00-04:00,447.9184714216527,459.0238880684705,447.9184714216527,455.32208251953125,5333,0.0,0.0
1997-09-25 00:00:00-04:00,459.02388987821695,459.02388987821695,436.8130564970129,440.5148620605469,2682,0.0,0.0
1997-09-26 00:00:00-04:00,433.11126708984375,440.514878493089,418.3040442833534,433.11126708984375,3009,0.0,0.0
1997-09-29 00:00:00-04:00,429.40943989000823,433.1112454063014,414.6022178248355,422.0058288574219,1862,0.0,0.0
1997-09-30 00:00:00-04:00,429.4094613882212,433.11126708984375,410.9004328801082,433.11126708984375,1879,0.0,0.0
1997-10-01 00:00:00-04:00,433.111262185233,433.111262185233,414.60223388671875,414.60223388671875,1515,0.0,0.0
1997-10-02 00:00:00-04:00,414.60223388671875,425.7076508658273,410.9004282270159,414.60223388671875,1620,0.0,0.0
1997-10-03 00:00:00-04:00,414.6022267384572,422.00583793021536,407.19861554669905,410.9004211425781,941,0.0,0.0
1997-10-06 00:00:00-04:00,414.6022317820582,451.6202881911706,407.19862050023573,429.4094543457031,5595,0.0,0.0
1997-10-07 00:00:00-04:00,429.40943683561727,451.6202697753906,429.40943683561727,451.6202697753906,1123,0.0,0.0
1997-10-08 00:00:00-04:00,433.11123792260094,451.62026518425057,414.60221066095136,418.30401611328125,2859,0.0,0.0
1997-10-09 00:00:00-04:00,418.3040323343363,429.4094491219735,410.9004211425781,410.9004211425781,2003,0.0,0.0
1997-10-10 00:00:00-04:00,410.9004192849864,433.1112527598506,407.19861370584243,425.7076416015625,1648,0.0,0.0
1997-10-13 00:00:00-04:00,422.0058288574219,429.40943989000823,418.3040233411287,422.0058288574219,1218,0.0,0.0
1997-10-14 00:00:00-04:00,418.3040233411287,433.1112454063014,418.3040233411287,422.0058288574219,1683,0.0,0.0
1997-10-15 00:00:00-04:00,422.0058360224185,429.40944718070654,418.3040304432745,425.7076416015625,968,0.0,0.0
1997-10-16 00:00:00-04:00,429.40943989000823,429.40943989000823,422.0058288574219,422.0058288574219,921,0.0,0.0
1997-10-17 00:00:00-04:00,422.00583052201705,425.70763605291194,407.1986083984375,407.1986083984375,2164,0.0,0.0
1997-10-20 00:00:00-04:00,407.1986083984375,416.45312222567475,392.39138627485795,407.1986083984375,1462,0.0,0.0
1997-10-21 00:00:00-04:00,407.19861752518983,422.00583998065133,392.3913950697284,396.09320068359375,1674,0.0,0.0
1997-10-22 00:00:00-04:00,407.19861012584755,407.19861012584755,392.3913879394531,392.3913879394531,2714,0.0,0.0
1997-10-23 00:00:00-04:00,394.2423097229004,394.2423097229004,366.478766784668,370.1805725097656,3306,0.0,0.0
1997-10-24 00:00:00-04:00,303.5480651855469,355.3733446074695,285.0390368205745,303.5480651855469,71662,0.0,0.0
1997-10-27 00:00:00-05:00,309.1007760854868,310.9516789362981,271.15726764385516,288.7408447265625,11044,0.0,0.0
1997-10-28 00:00:00-05:00,277.63540533524525,299.8462377620649,270.2317945263054,292.442626953125,7423,0.0,0.0
1997-10-29 00:00:00-05:00,299.84624681974714,303.5480523360403,273.9336082056949,281.33721923828125,6371,0.0,0.0
1997-10-30 00:00:00-05:00,266.5299872036638,281.33720871497843,259.12637644800645,268.3808898925781,3927,0.0,0.0
1997-10-31 00:00:00-05:00,279.4863164801347,281.33721923828125,262.82819165681536,281.33721923828125,51391,0.0,0.0
1997-11-03 00:00:00-05:00,281.33721633184524,281.33721633184524,266.5299944196429,272.08270263671875,4367,0.0,0.0
1997-11-04 00:00:00-05:00,277.6354153951009,277.6354153951009,259.1263877020942,266.5299987792969,5362,0.0,0.0
1997-11-05 00:00:00-05:00,266.5299872036638,277.6354033371498,262.82818182583514,268.3808898925781,3935,0.0,0.0
1997-11-06 00:00:00-05:00,273.93360537574404,281.33721633184524,270.23179989769346,272.08270263671875,3015,0.0,0.0
1997-11-07 00:00:00-05:00,270.2318043178982,273.9336098564996,259.1263877020942,266.5299987792969,1965,0.0,0.0
1997-11-10 00:00:00-05:00,266.5299987792969,273.9336098564996,266.5299987792969,266.5299987792969,1909,0.0,0.0
1997-11-11 00:00:00-05:00,266.5300105168269,273.93362192007214,260.97730196439306,264.6791076660156,3147,0.0,0.0
1997-11-12 00:00:00-05:00,270.23181106452654,270.23181106452654,236.91556038533835,246.17007446289062,4102,0.0,0.0
1997-11-13 00:00:00-05:00,251.72278022766113,251.72278022766113,207.3011131286621,236.91555786132812,5530,0.0,0.0
1997-11-14 00:00:00-05:00,240.6173553466797,244.31916081355166,233.21374441293568,240.6173553466797,2902,0.0,0.0
1997-11-17 00:00:00-05:00,244.31915884958187,266.52999147227115,244.31915884958187,262.82818603515625,1992,0.0,0.0
1997-11-18 00:00:00-05:00,259.1263894473805,266.53000057444854,244.3191671932445,251.7227783203125,2665,0.0,0.0
1997-11-19 00:00:00-05:00,240.6173625136867,251.7227792450876,236.91555693655303,244.3191680908203,1244,0.0,0.0
1997-11-20 00:00:00-05:00,244.31916904449463,251.72278022766113,236.91555786132812,236.91555786132812,1264,0.0,0.0
1997-11-21 00:00:00-05:00,236.91555786132812,244.31916904449463,223.95923829078674,236.91555786132812,2900,0.0,0.0
1997-11-24 00:00:00-05:00,236.91556101831898,236.91556101831898,214.70472717285156,214.70472717285156,2456,0.0,0.0
1997-11-25 00:00:00-05:00,218.40653177897136,229.51194864908854,214.70472615559896,222.10833740234375,2358,0.0,0.0
1997-11-26 00:00:00-05:00,229.51194667816162,236.91555786132812,218.40652990341187,236.91555786132812,3203,0.0,0.0
1997-11-28 00:00:00-05:00,236.9155560661765,253.57368110207952,235.06465328440947,251.7227783203125,1856,0.0,0.0
1997-12-01 00:00:00-05:00,253.57368110207952,262.82819501091456,244.3191671932445,251.7227783203125,5788,0.0,0.0
1997-12-02 00:00:00-05:00,248.02096628042366,259.1263826810397,236.91554987980768,240.6173553466797,4058,0.0,0.0
1997-12-03 00:00:00-05:00,236.9155505952381,248.02096702938988,233.2137451171875,233.2137451171875,3977,0.0,0.0
1997-12-04 00:00:00-05:00,236.91555786132812,240.61736345291138,229.51194667816162,236.91555786132812,1847,0.0,0.0
1997-12-05 00:00:00-05:00,229.51194403423526,236.91555513211384,227.66104125976562,227.66104125976562,3164,0.0,0.0
1997-12-08 00:00:00-05:00,225.81013416108632,251.72277250744048,222.10832868303572,233.2137451171875,16598,0.0,0.0
1997-12-09 00:00:00-05:00,236.91555989583333,236.91555989583333,214.70472615559896,222.10833740234375,13432,0.0,0.0
1997-12-10 00:00:00-05:00,218.4065339224679,225.8101452418736,207.30111694335938,207.30111694335938,2371,0.0,0.0
1997-12-11 00:00:00-05:00,212.85381892942033,212.85381892942033,192.49388842312794,196.19569396972656,7135,0.0,0.0
1997-12-12 00:00:00-05:00,201.74840228962447,207.3011106095224,194.34479119642725,196.19569396972656,3927,0.0,0.0
1997-12-15 00:00:00-05:00,196.19569996425082,214.70472826276506,196.19569996425082,207.30111694335938,2785,0.0,0.0
1997-12-16 00:00:00-05:00,207.3011074378842,225.8101348876953,203.599301947922,225.8101348876953,5768,0.0,0.0
1997-12-17 00:00:00-05:00,225.81013566356594,229.51194116624734,214.7047191555217,218.40652465820312,3123,0.0,0.0
1997-12-18 00:00:00-05:00,222.10833097759047,229.5119420101768,211.00291442871094,211.00291442871094,3697,0.0,0.0
1997-12-19 00:00:00-05:00,214.70472717285156,214.70472717285156,207.3011158910291,214.70472717285156,5406,0.0,0.0
1997-12-22 00:00:00-05:00,212.85381718685753,218.4065254612973,211.00291442871094,211.00291442871094,4248,0.0,0.0
1997-12-23 00:00:00-05:00,211.00291615612102,218.40652724931823,192.49388842312794,196.19569396972656,3682,0.0,0.0
1997-12-24 00:00:00-05:00,196.19569313742898,203.59930419921875,192.4938876065341,203.59930419921875,3183,0.0,0.0
1997-12-26 00:00:00-05:00,201.7484084538051,211.00292260306222,199.8975056239537,207.30111694335938,2076,0.0,0.0
1997-12-29 00:00:00-05:00,207.30110973011364,211.00291526100852,199.89749866832386,203.59930419921875,6282,0.0,0.0
1997-12-30 00:00:00-05:00,201.7484095538104,203.59931239375362,194.34479819403754,199.8975067138672,8062,0.0,0.0
1997-12-31 00:00:00-05:00,198.04659236243012,211.00291148894425,196.19568963007097,201.74839782714844,10615,0.0,0.0
1998-01-02 00:00:00-05:00,207.3011133692286,211.00291896510768,199.89750217747044,205.45021057128906,1052,0.0,0.0
1998-01-05 00:00:00-05:00,203.59930339612458,212.85381718685753,203.59930339612458,211.00291442871094,1656,0.0,0.0
1998-01-06 00:00:00-05:00,203.59931239375362,211.00292375352646,194.34479819403754,199.8975067138672,876,0.0,0.0
1998-01-07 00:00:00-05:00,207.3011106095224,211.00291615612102,196.19569396972656,196.19569396972656,1476,0.0,0.0
1998-01-08 00:00:00-05:00,207.3011192908654,207.3011192908654,196.1957021859976,204.52476501464844,1656,0.0,0.0
1998-01-09 00:00:00-05:00,205.45021411350794,207.30111694335938,199.8975056239537,207.30111694335938,1818,0.0,0.0
1998-01-12 00:00:00-05:00,205.4502152336968,207.30111807364003,199.8975067138672,199.8975067138672,1186,0.0,0.0
1998-01-13 00:00:00-05:00,207.3011158910291,214.70472717285156,196.1956989682954,214.70472717285156,2020,0.0,0.0
1998-01-14 00:00:00-05:00,214.7047243118286,251.72278022766113,207.3011131286621,236.91555786132812,2924,0.0,0.0
1998-01-15 00:00:00-05:00,229.5119420101768,236.91555304276315,203.59930339612458,211.00291442871094,3783,0.0,0.0
1998-01-16 00:00:00-05:00,211.00292153194033,218.4065328137628,211.00292153194033,214.70472717285156,752,0.0,0.0
1998-01-20 00:00:00-05:00,211.00291442871094,222.10833097759047,211.00291442871094,211.00291442871094,1456,0.0,0.0
1998-01-21 00:00:00-05:00,222.1083293977331,236.91555135758196,211.00291292784644,225.8101348876953,1989,0.0,0.0
1998-01-22 00:00:00-05:00,214.7047191555217,229.51194116624734,203.5993026474775,218.40652465820312,2988,0.0,0.0
1998-01-23 00:00:00-05:00,214.70471994500411,222.10833097759047,207.30110891241776,211.00291442871094,1859,0.0,0.0
1998-01-26 00:00:00-05:00,218.40653511329933,218.40653511329933,199.8975067138672,199.8975067138672,1253,0.0,0.0
1998-01-27 00:00:00-05:00,201.74840742966225,214.70472717285156,199.89750460920663,214.70472717285156,715,0.0,0.0
1998-01-28 00:00:00-05:00,199.8975056239537,222.10833958217074,199.8975056239537,207.30111694335938,855,0.0,0.0
1998-01-29 00:00:00-05:00,207.30110973011364,214.7047207919034,196.19569313742898,203.59930419921875,1833,0.0,0.0
1998-01-30 00:00:00-05:00,196.19569313742898,207.30110973011364,196.19569313742898,203.59930419921875,1008,0.0,0.0
1998-02-02 00:00:00-05:00,203.5993026474775,229.51194116624734,199.89749714479606,218.40652465820312,2238,0.0,0.0
1998-02-03 00:00:00-05:00,222.10833641790575,229.51194763183594,218.40653081094064,229.51194763183594,2365,0.0,0.0
1998-02-04 00:00:00-05:00,233.21375050264248,233.21375050264248,214.70472268497244,220.25743103027344,5124,0.0,0.0
1998-02-05 00:00:00-05:00,220.25742594401044,251.72277250744048,220.25742594401044,233.2137451171875,3765,0.0,0.0
1998-02-06 00:00:00-05:00,238.76645884794348,251.7227783203125,236.9155560661765,251.7227783203125,5861,0.0,0.0
1998-02-09 00:00:00-05:00,259.1263991135817,266.5300105168269,251.72278771033655,264.6791076660156,1664,0.0,0.0
1998-02-10 00:00:00-05:00,266.529990234375,281.3372119140625,262.82818481445315,277.6354064941406,5911,0.0,0.0
1998-02-11 00:00:00-05:00,277.6354064941406,288.7408227539063,266.529990234375,277.6354064941406,1332,0.0,0.0
1998-02-12 00:00:00-05:00,277.6354235272075,277.6354235272075,236.9155614098837,238.76646423339844,2711,0.0,0.0
1998-02-13 00:00:00-05:00,238.7664666247012,248.02098083496094,238.7664666247012,248.02098083496094,876,0.0,0.0
1998-02-17 00:00:00-05:00,248.02097463607788,248.02097463607788,233.21375226974487,236.91555786132812,2035,0.0,0.0
1998-02-18 00:00:00-05:00,233.21375809854536,266.5300092554804,233.21375809854536,248.02098083496094,2532,0.0,0.0
1998-02-19 00:00:00-05:00,248.02098083496094,251.72278651906484,240.61736946675313,248.02098083496094,645,0.0,0.0
1998-02-20 00:00:00-05:00,248.02098083496094,259.1263978872726,229.51195241444145,248.02098083496094,1852,0.0,0.0
1998-02-23 00:00:00-05:00,255.42458581924438,259.12639141082764,229.51194667816162,236.91555786132812,4094,0.0,0.0
1998-02-24 00:00:00-05:00,236.91554987980768,240.6173553466797,233.21374441293568,240.6173553466797,2279,0.0,0.0
1998-02-25 00:00:00-05:00,233.2137451171875,244.31916155133928,222.10832868303572,233.2137451171875,3583,0.0,0.0
1998-02-26 00:00:00-05:00,233.21375797996836,236.9155636621901,218.4065352510815,223.95924377441406,3253,0.0,0.0
1998-02-27 00:00:00-05:00,236.9155505952381,236.9155505952381,218.40652320498512,233.2137451171875,2370,0.0,0.0
1998-03-02 00:00:00-05:00,229.5119403776575,236.91555135758196,225.8101348876953,225.8101348876953,588,0.0,0.0
1998-03-03 00:00:00-05:00,225.81013566356594,225.81013566356594,207.30110815015888,218.40652465820312,2911,0.0,0.0
1998-03-04 00:00:00-05:00,207.30110533047568,214.70471623513552,207.30110533047568,209.15200805664062,3832,0.0,0.0
1998-03-05 00:00:00-05:00,203.59930339612458,214.70471994500411,203.59930339612458,211.00291442871094,1085,0.0,0.0
1998-03-06 00:00:00-05:00,207.30111694335938,211.00292260306222,203.59931128365653,207.30111694335938,745,0.0,0.0
1998-03-09 00:00:00-05:00,205.45021411350794,211.00292260306222,203.59931128365653,207.30111694335938,1115,0.0,0.0
1998-03-10 00:00:00-05:00,199.8975004308364,199.8975004308364,155.47583366842832,188.79208374023438,9292,0.0,0.0
1998-03-11 00:00:00-05:00,185.09027817670037,192.49388930376838,185.09027817670037,188.79208374023438,12352,0.0,0.0
1998-03-12 00:00:00-05:00,188.79208467444596,192.49389025629785,177.6866679288903,181.3884735107422,1780,0.0,0.0
1998-03-13 00:00:00-05:00,181.38847448470744,185.09028008643617,170.28305767952128,173.98486328125,5039,0.0,0.0
1998-03-16 00:00:00-05:00,173.98485598356825,177.68666143002716,162.87943964419156,170.28305053710938,3847,0.0,0.0
1998-03-17 00:00:00-05:00,170.2830586751302,170.2830586751302,161.0285446166992,166.5812530517578,3538,0.0,0.0
1998-03-18 00:00:00-05:00,161.0285382952009,166.58124651227678,155.475830078125,155.475830078125,2714,0.0,0.0
1998-03-19 00:00:00-05:00,159.1776400196309,185.09027909259407,155.475834437779,181.3884735107422,4423,0.0,0.0
1998-03-20 00:00:00-05:00,192.4938876065341,236.91555397727274,192.4938876065341,203.59930419921875,9232,0.0,0.0
1998-03-23 00:00:00-05:00,218.4065263227983,218.4065263227983,196.19569313742898,203.59930419921875,3970,0.0,0.0
1998-03-24 00:00:00-05:00,207.30111694335938,211.00292260306222,203.59931128365653,207.30111694335938,1933,0.0,0.0
1998-03-25 00:00:00-05:00,211.00292499248798,211.00292499248798,192.493896484375,192.493896484375,6280,0.0,0.0
1998-03-26 00:00:00-05:00,198.04659307570685,203.59930129278274,192.49388485863096,194.34478759765625,2168,0.0,0.0
1998-03-27 00:00:00-05:00,192.49389770507813,199.89750915527344,177.6866748046875,185.0902862548828,2368,0.0,0.0
1998-03-30 00:00:00-05:00,179.53757071981624,196.1956958381497,179.53757071981624,181.3884735107422,2809,0.0,0.0
1998-03-31 00:00:00-05:00,185.09027909259407,196.1956958381497,177.6866679288903,181.3884735107422,4200,0.0,0.0
1998-04-01 00:00:00-05:00,177.68666438466497,188.7920809087065,173.9848588766511,179.53756713867188,3664,0.0,0.0
1998-04-02 00:00:00-05:00,177.68667140151516,188.79208836410984,173.98486574731692,183.2393798828125,7168,0.0,0.0
1998-04-03 00:00:00-05:00,181.3884698926788,185.09027540069266,177.68666438466497,179.53756713867188,2970,0.0,0.0
1998-04-06 00:00:00-04:00,177.68666888297872,181.38847448470744,172.13396048038564,173.98486328125,3145,0.0,0.0
1998-04-07 00:00:00-04:00,181.38847448470744,181.38847448470744,172.13396048038564,173.98486328125,5677,0.0,0.0
1998-04-08 00:00:00-04:00,177.68666888297872,181.38847448470744,173.98486328125,173.98486328125,2532,0.0,0.0
1998-04-09 00:00:00-04:00,173.98486328125,181.38847448470744,173.98486328125,173.98486328125,2288,0.0,0.0
1998-04-13 00:00:00-04:00,181.38846687648606,181.38846687648606,170.28305053710938,170.28305053710938,1891,0.0,0.0
1998-04-14 00:00:00-04:00,173.98485598356825,177.68666143002716,166.58124509065047,170.28305053710938,2089,0.0,0.0
1998-04-15 00:00:00-04:00,166.5812530517578,170.2830586751302,162.87944742838542,166.5812530517578,2580,0.0,0.0
1998-04-16 00:00:00-04:00,166.5812494513694,170.28305499473313,159.17763836464184,164.7303466796875,2008,0.0,0.0
1998-04-17 00:00:00-04:00,161.0285446166992,166.5812530517578,157.3267389933268,166.5812530517578,5459,0.0,0.0
1998-04-20 00:00:00-04:00,170.2830586751302,170.2830586751302,162.87944742838542,166.5812530517578,4035,0.0,0.0
1998-04-21 00:00:00-04:00,162.87944991500288,203.59931239375362,162.87944991500288,199.8975067138672,7979,0.0,0.0
1998-04-22 00:00:00-04:00,205.4502072071466,236.91555425688978,205.4502072071466,235.0646514892578,8530,0.0,0.0
1998-04-23 00:00:00-04:00,240.6173553466797,248.02096628042366,229.5119389460637,240.6173553466797,4991,0.0,0.0
1998-04-24 00:00:00-04:00,233.2137451171875,236.9155505952381,222.10832868303572,233.2137451171875,1911,0.0,0.0
1998-04-27 00:00:00-04:00,233.21374441293568,240.6173553466797,218.4065225454477,240.6173553466797,4318,0.0,0.0
1998-04-28 00:00:00-04:00,240.61736946675313,251.72278651906484,236.91556378264926,248.02098083496094,2333,0.0,0.0
1998-04-29 00:00:00-04:00,248.02096628042366,259.1263826810397,236.91554987980768,240.6173553466797,3091,0.0,0.0
1998-04-30 00:00:00-04:00,240.6173560732887,244.31916155133928,229.5119396391369,233.2137451171875,2652,0.0,0.0
1998-05-01 00:00:00-04:00,236.91556101831898,236.91556101831898,203.59931025011787,214.70472717285156,4127,0.0,0.0
1998-05-04 00:00:00-04:00,214.70471841780864,229.5119403776575,214.70471841780864,225.8101348876953,917,0.0,0.0
1998-05-05 00:00:00-04:00,225.8101348876953,233.21374586761974,214.70471841780864,225.8101348876953,759,0.0,0.0
1998-05-06 00:00:00-04:00,218.4065328137628,225.8101440955853,214.70472717285156,214.70472717285156,814,0.0,0.0
1998-05-07 00:00:00-04:00,214.70472826276506,225.8101452418736,207.30111694335938,207.30111694335938,1211,0.0,0.0
1998-05-08 00:00:00-04:00,214.70471707857573,244.31916081355166,207.30110614483172,240.6173553466797,2583,0.0,0.0
1998-05-11 00:00:00-04:00,236.91555884576613,236.91555884576613,222.10833641790575,229.51194763183594,1602,0.0,0.0
1998-05-12 00:00:00-04:00,229.51194318636198,238.7664570245217,222.10833211583414,235.0646514892578,2658,0.0,0.0
1998-05-13 00:00:00-04:00,229.51194116624734,236.91555217161016,218.40652465820312,218.40652465820312,3576,0.0,0.0
1998-05-14 00:00:00-04:00,223.95924021402996,225.81014302571614,222.10833740234375,222.10833740234375,932,0.0,0.0
1998-05-15 00:00:00-04:00,225.8101334791917,240.6173553466797,222.1083280123197,240.6173553466797,1926,0.0,0.0
1998-05-18 00:00:00-04:00,229.5119403776575,240.61735684754416,225.8101348876953,225.8101348876953,1114,0.0,0.0
1998-05-19 00:00:00-04:00,225.81013937557447,266.53000057444854,225.81013937557447,251.7227783203125,8035,0.0,0.0
1998-05-20 00:00:00-04:00,236.91555693655303,255.42458482222125,236.91555693655303,244.3191680908203,1947,0.0,0.0
1998-05-21 00:00:00-04:00,244.31916904449463,251.72278022766113,235.0646550655365,236.91555786132812,1142,0.0,0.0
1998-05-22 00:00:00-04:00,235.06464861260085,244.31916233750638,225.8101348876953,225.8101348876953,2179,0.0,0.0
1998-05-26 00:00:00-04:00,236.91555135758196,236.91555135758196,218.40652390777086,225.8101348876953,2336,0.0,0.0
1998-05-27 00:00:00-04:00,222.10833641790575,229.51194763183594,218.40653081094064,229.51194763183594,1200,0.0,0.0
1998-05-28 00:00:00-04:00,220.2574356342184,222.10833845467405,207.3011158910291,214.70472717285156,2958,0.0,0.0
1998-05-29 00:00:00-04:00,207.3011158910291,218.4065328137628,207.3011158910291,214.70472717285156,1129,0.0,0.0
1998-06-01 00:00:00-04:00,214.70472170271964,218.40652724931823,181.3884717833321,196.19569396972656,3458,0.0,0.0
1998-06-02 00:00:00-04:00,199.89750915527344,199.89750915527344,181.38848052978514,185.0902862548828,1408,0.0,0.0
1998-06-03 00:00:00-04:00,185.09027540069266,188.7920809087065,177.68666438466497,179.53756713867188,3561,0.0,0.0
1998-06-04 00:00:00-04:00,177.6866679288903,181.3884735107422,161.02854281055684,181.3884735107422,7621,0.0,0.0
1998-06-05 00:00:00-04:00,181.3884698926788,181.3884698926788,170.28305336863724,179.53756713867188,2289,0.0,0.0
1998-06-08 00:00:00-04:00,177.68666076660156,181.3884661992391,166.58124446868896,177.68666076660156,2800,0.0,0.0
1998-06-09 00:00:00-04:00,175.8357580502828,179.53756348292035,166.58124446868896,177.68666076660156,3067,0.0,0.0
1998-06-10 00:00:00-04:00,172.13395261764526,177.68666076660156,166.58124446868896,177.68666076660156,5130,0.0,0.0
1998-06-11 00:00:00-04:00,173.98486907958986,185.0902862548828,170.28306335449219,185.0902862548828,2047,0.0,0.0
1998-06-12 00:00:00-04:00,185.09027163187665,185.09027163187665,173.98485533396405,177.68666076660156,645,0.0,0.0
1998-06-15 00:00:00-04:00,177.68666076660156,183.23936891555786,170.2830499013265,177.68666076660156,509,0.0,0.0
1998-06-16 00:00:00-04:00,179.53757168384308,181.38847448470744,173.98486328125,173.98486328125,800,0.0,0.0
1998-06-17 00:00:00-04:00,173.98485746837798,181.38846842447916,173.98485746837798,174.91030883789062,917,0.0,0.0
1998-06-18 00:00:00-04:00,177.68666888297872,181.38847448470744,173.98486328125,173.98486328125,905,0.0,0.0
1998-06-19 00:00:00-04:00,177.68666143002716,177.68666143002716,162.87943964419156,170.28305053710938,3606,0.0,0.0
1998-06-22 00:00:00-04:00,170.28306227463943,170.28306227463943,162.87945087139423,168.43215942382812,1147,0.0,0.0
1998-06-23 00:00:00-04:00,177.68666608146066,177.68666608146066,162.8794439080056,164.7303466796875,1373,0.0,0.0
1998-06-24 00:00:00-04:00,164.7303492769282,173.98486328125,162.87944647606383,173.98486328125,1370,0.0,0.0
1998-06-25 00:00:00-04:00,170.2830586751302,177.686669921875,162.87944742838542,166.5812530517578,905,0.0,0.0
1998-06-26 00:00:00-04:00,177.68666143002716,177.68666143002716,166.58124509065047,170.28305053710938,527,0.0,0.0
1998-06-29 00:00:00-04:00,173.9848668148643,178.61212391100432,166.58125546104029,175.8357696533203,1452,0.0,0.0
1998-06-30 00:00:00-04:00,175.83576163065803,188.7920809087065,162.87944235260954,179.53756713867188,10606,0.0,0.0
1998-07-01 00:00:00-04:00,188.7920809087065,188.7920809087065,177.68666438466497,179.53756713867188,2058,0.0,0.0
1998-07-02 00:00:00-04:00,177.68666888297872,181.38847448470744,173.98486328125,173.98486328125,1141,0.0,0.0
1998-07-06 00:00:00-04:00,179.53757168384308,179.53757168384308,170.28305767952128,173.98486328125,1138,0.0,0.0
1998-07-07 00:00:00-04:00,170.28305976335392,177.68667105741278,155.4758371752362,159.17764282226562,31277,0.0,0.0
1998-07-08 00:00:00-04:00,166.58124446868896,177.68666076660156,162.87943903605145,177.68666076660156,1470,0.0,0.0
1998-07-09 00:00:00-04:00,175.83576608211436,177.68666888297872,164.7303492769282,173.98486328125,468,0.0,0.0
1998-07-10 00:00:00-04:00,170.2830586751302,177.686669921875,166.5812530517578,166.5812530517578,641,0.0,0.0
1998-07-13 00:00:00-04:00,166.58124446868896,177.68666076660156,166.58124446868896,177.68666076660156,830,0.0,0.0
1998-07-14 00:00:00-04:00,173.98485598356825,177.68666143002716,170.28305053710938,170.28305053710938,1448,0.0,0.0
1998-07-15 00:00:00-04:00,170.2830541467154,177.6866651965726,166.58124862178678,172.1339569091797,974,0.0,0.0
1998-07-16 00:00:00-04:00,166.58124509065047,170.28305053710938,166.58124509065047,170.28305053710938,744,0.0,0.0
1998-07-17 00:00:00-04:00,170.2830586751302,173.9848642985026,162.87944742838542,166.5812530517578,1294,0.0,0.0
1998-07-20 00:00:00-04:00,164.7303466796875,170.28305499473313,162.8794439080056,164.7303466796875,1221,0.0,0.0
1998-07-21 00:00:00-04:00,170.2830512306907,170.2830512306907,159.17763484608042,162.8794403076172,1206,0.0,0.0
1998-07-22 00:00:00-04:00,162.87944846929506,166.5812541163245,155.4758371752362,159.17764282226562,1220,0.0,0.0
1998-07-23 00:00:00-04:00,155.47582875127378,177.68666143002716,155.47582875127378,170.28305053710938,605,0.0,0.0
1998-07-24 00:00:00-04:00,177.6866621537642,177.6866621537642,159.17763484608042,162.8794403076172,1406,0.0,0.0
1998-07-27 00:00:00-04:00,166.58124651227678,166.58124651227678,155.475830078125,155.475830078125,1861,0.0,0.0
1998-07-28 00:00:00-04:00,159.1776408743351,173.98486328125,159.1776408743351,173.98486328125,4720,0.0,0.0
1998-07-29 00:00:00-04:00,173.98486234703842,186.94118188352002,173.98486234703842,181.3884735107422,2927,0.0,0.0
1998-07-30 00:00:00-04:00,188.79208467444596,188.79208467444596,181.3884735107422,181.3884735107422,2458,0.0,0.0
1998-07-31 00:00:00-04:00,181.38848052978514,189.7175434112549,181.38848052978514,185.0902862548828,2764,0.0,0.0
1998-08-03 00:00:00-04:00,185.0902806932681,203.59930876259492,185.0902806932681,198.04660034179688,1711,0.0,0.0
1998-08-04 00:00:00-04:00,196.1956989682954,214.70472717285156,196.1956989682954,214.70472717285156,3785,0.0,0.0
1998-08-05 00:00:00-04:00,211.00292375352646,214.7047294334129,199.8975067138672,199.8975067138672,3479,0.0,0.0
1998-08-06 00:00:00-04:00,196.1957021859976,199.8975078876202,188.7920907827524,192.493896484375,2261,0.0,0.0
1998-08-07 00:00:00-04:00,188.7920907827524,199.8975078876202,188.7920907827524,192.493896484375,302,0.0,0.0
1998-08-10 00:00:00-04:00,199.89749581473214,203.59930129278274,192.49388485863096,194.34478759765625,891,0.0,0.0
1998-08-11 00:00:00-04:00,196.19569396972656,196.19569396972656,188.79208287652932,196.19569396972656,930,0.0,0.0
1998-08-12 00:00:00-04:00,188.7920907827524,199.8975078876202,188.7920907827524,192.493896484375,614,0.0,0.0
1998-08-13 00:00:00-04:00,192.49388842312794,199.89749951632515,192.49388842312794,196.19569396972656,895,0.0,0.0
1998-08-14 00:00:00-04:00,196.19570103398075,203.59931239375362,196.19570103398075,199.8975067138672,486,0.0,0.0
1998-08-17 00:00:00-04:00,196.19569996425082,214.70472826276506,196.19569996425082,207.30111694335938,644,0.0,0.0
1998-08-18 00:00:00-04:00,207.3011158910291,222.10833845467405,207.3011158910291,214.70472717285156,1142,0.0,0.0
1998-08-19 00:00:00-04:00,214.7047191555217,222.10833016088452,207.30110815015888,218.40652465820312,1252,0.0,0.0
1998-08-20 00:00:00-04:00,222.10833845467405,222.10833845467405,211.00292153194033,214.70472717285156,859,0.0,0.0
1998-08-21 00:00:00-04:00,211.00292153194033,218.4065328137628,199.89750460920663,214.70472717285156,1030,0.0,0.0
1998-08-24 00:00:00-04:00,218.40653639573318,218.40653639573318,207.3011192908654,216.55563354492188,1471,0.0,0.0
1998-08-25 00:00:00-04:00,211.00292153194033,218.4065328137628,211.00292153194033,214.70472717285156,1603,0.0,0.0
1998-08-26 00:00:00-04:00,214.70472826276506,218.4065339224679,207.30111694335938,207.30111694335938,1688,0.0,0.0
1998-08-27 00:00:00-04:00,207.30110973011364,211.00291526100852,199.89749866832386,203.59930419921875,2783,0.0,0.0
1998-08-28 00:00:00-04:00,192.49388321586275,199.89749410878056,166.58124509065047,170.28305053710938,3159,0.0,0.0
1998-08-31 00:00:00-04:00,168.43215138425109,185.09027624642977,168.43215138425109,172.1339569091797,2779,0.0,0.0
1998-09-01 00:00:00-04:00,166.5812513563368,170.28305694203317,140.66861225646218,149.92312622070312,5786,0.0,0.0
1998-09-02 00:00:00-04:00,162.8794403076172,177.6866621537642,151.77402392300692,162.8794403076172,4044,0.0,0.0
1998-09-03 00:00:00-04:00,159.1776408743351,173.98486328125,159.1776408743351,173.98486328125,685,0.0,0.0
1998-09-04 00:00:00-04:00,159.17764282226562,162.87944846929506,159.17764282226562,159.17764282226562,1085,0.0,0.0
1998-09-08 00:00:00-04:00,162.8794430968582,177.6866651965726,159.1776375719296,172.1339569091797,1315,0.0,0.0
1998-09-09 00:00:00-04:00,177.686669921875,185.09028116861978,166.5812530517578,166.5812530517578,618,0.0,0.0
1998-09-10 00:00:00-04:00,164.73034236742103,173.98485598356825,159.17763419773266,170.28305053710938,1089,0.0,0.0
1998-09-11 00:00:00-04:00,177.6866736778846,199.8975078876202,166.58125657301684,192.493896484375,2442,0.0,0.0
1998-09-14 00:00:00-04:00,207.3011192908654,220.2574392465445,192.493896484375,192.493896484375,2291,0.0,0.0
1998-09-15 00:00:00-04:00,199.8974965917002,199.8974965917002,177.68666363706683,186.94117736816406,12150,0.0,0.0
1998-09-16 00:00:00-04:00,183.23937630166813,186.01573048805705,179.53757071981624,181.3884735107422,238,0.0,0.0
1998-09-17 00:00:00-04:00,177.68666143002716,199.89749410878056,170.28305053710938,170.28305053710938,1767,0.0,0.0
1998-09-18 00:00:00-04:00,170.28305767952128,185.09028008643617,170.28305767952128,173.98486328125,1652,0.0,0.0
1998-09-21 00:00:00-04:00,177.686669921875,177.686669921875,166.5812530517578,166.5812530517578,1658,0.0,0.0
1998-09-22 00:00:00-04:00,173.98486148609837,173.98486148609837,155.47583366842832,157.3267364501953,3312,0.0,0.0
1998-09-23 00:00:00-04:00,162.8794410342262,164.7303437732515,155.475830078125,155.475830078125,1506,0.0,0.0
1998-09-24 00:00:00-04:00,162.87944684709822,162.87944684709822,140.66861318613027,142.51951599121094,4176,0.0,0.0
1998-09-25 00:00:00-04:00,144.37042236328125,144.37042236328125,111.05417104867789,144.37042236328125,11521,0.0,0.0
1998-09-28 00:00:00-04:00,144.37041600545248,144.37041600545248,129.5631938510471,133.26499938964844,1268,0.0,0.0
1998-09-29 00:00:00-04:00,140.6686114142923,140.6686114142923,122.15958359662226,125.86138916015625,1053,0.0,0.0
1998-09-30 00:00:00-04:00,127.71229901994978,133.26500767299106,125.86139613560267,129.56320190429688,1494,0.0,0.0
1998-10-01 00:00:00-04:00,125.86138916015625,133.26500028722427,122.15958359662226,125.86138916015625,588,0.0,0.0
1998-10-02 00:00:00-04:00,133.2650007768111,133.2650007768111,120.30868125684334,122.15958404541016,788,0.0,0.0
1998-10-05 00:00:00-04:00,120.30867767333984,129.56319134051984,120.30867767333984,120.30867767333984,473,0.0,0.0
1998-10-06 00:00:00-04:00,122.15958116875319,122.15958116875319,111.05416469886654,112.90506744384766,2471,0.0,0.0
1998-10-07 00:00:00-04:00,112.90506708054316,112.90506708054316,74.03610956101191,77.7379150390625,10889,0.0,0.0
1998-10-08 00:00:00-04:00,85.14152738783095,85.14152738783095,61.079791386922196,66.63249969482422,17286,0.0,0.0
1998-10-09 00:00:00-04:00,81.43972495750144,103.65055903682001,81.43972495750144,99.9487533569336,9429,0.0,0.0
1998-10-12 00:00:00-04:00,116.60687446594238,170.2830547756619,111.05416615804036,133.26499938964844,2455,0.0,0.0
1998-10-13 00:00:00-04:00,133.26500244140624,144.37041931152345,103.65055745442709,111.05416870117188,3206,0.0,0.0
1998-10-14 00:00:00-04:00,118.45777994791666,118.45777994791666,111.05416870117188,111.05416870117188,1203,0.0,0.0
1998-10-15 00:00:00-04:00,111.05416870117188,122.15958557128907,111.05416870117188,111.05416870117188,1220,0.0,0.0
1998-10-16 00:00:00-04:00,111.05416922733703,120.3086833296151,107.35236358642578,107.35236358642578,1982,0.0,0.0
1998-10-19 00:00:00-04:00,112.90507151285807,118.45777994791666,103.65055745442709,111.05416870117188,2177,0.0,0.0
1998-10-20 00:00:00-04:00,112.90507204779264,112.90507204779264,107.35236358642578,107.35236358642578,2106,0.0,0.0
1998-10-21 00:00:00-04:00,111.05416259765626,148.072216796875,111.05416259765626,138.8177032470703,2456,0.0,0.0
1998-10-22 00:00:00-04:00,148.07223074776786,148.07223074776786,118.45778459821429,129.56320190429688,7576,0.0,0.0
1998-10-23 00:00:00-04:00,148.0722225413603,151.7740281048943,122.15958359662226,125.86138916015625,2405,0.0,0.0
1998-10-26 00:00:00-05:00,129.56319519967744,140.66861193107837,122.15958404541016,122.15958404541016,1991,0.0,0.0
1998-10-27 00:00:00-05:00,122.15959036690849,140.66861921037946,122.15959036690849,129.56320190429688,1008,0.0,0.0
1998-10-28 00:00:00-05:00,133.26500767299106,140.66861921037946,129.56320190429688,129.56320190429688,2750,0.0,0.0
1998-10-29 00:00:00-05:00,133.26500403362772,133.26500403362772,125.86139269842617,127.71229553222656,1668,0.0,0.0
1998-10-30 00:00:00-05:00,133.26500028722427,136.96680585075828,118.45777803308825,125.86138916015625,2655,0.0,0.0
1998-11-02 00:00:00-05:00,125.86139613560267,133.26500767299106,124.01049325125558,129.56320190429688,2520,0.0,0.0
1998-11-03 00:00:00-05:00,131.41410046954488,170.28305976335392,125.86139199900073,159.17764282226562,8165,0.0,0.0
1998-11-04 00:00:00-05:00,166.58125207779256,177.68666888297872,159.1776408743351,173.98486328125,4174,0.0,0.0
1998-11-05 00:00:00-05:00,181.38848052978514,185.0902862548828,170.28306335449219,185.0902862548828,3395,0.0,0.0
1998-11-06 00:00:00-05:00,188.79207706451416,203.5992987950643,173.98485533396405,177.68666076660156,2632,0.0,0.0
1998-11-09 00:00:00-05:00,173.98486148609837,199.8975004308364,173.98486148609837,188.79208374023438,2202,0.0,0.0
1998-11-10 00:00:00-05:00,185.0902862548828,192.49389770507813,181.38848052978514,185.0902862548828,1871,0.0,0.0
1998-11-11 00:00:00-05:00,188.79208467444596,188.79208467444596,181.3884735107422,181.3884735107422,2414,0.0,0.0
1998-11-12 00:00:00-05:00,177.68666888297872,188.7920856881649,173.98486328125,173.98486328125,1836,0.0,0.0
1998-11-13 00:00:00-05:00,175.83576513796436,181.3884735107422,173.98486234703842,181.3884735107422,1797,0.0,0.0
1998-11-16 00:00:00-05:00,177.6866748046875,192.49389770507813,177.6866748046875,185.0902862548828,676,0.0,0.0
1998-11-17 00:00:00-05:00,181.3884735107422,192.49389025629785,177.6866679288903,181.3884735107422,2333,0.0,0.0
1998-11-18 00:00:00-05:00,181.38848052978514,185.0902862548828,177.6866748046875,185.0902862548828,1139,0.0,0.0
1998-11-19 00:00:00-05:00,185.09027909259407,188.79208467444596,177.6866679288903,181.3884735107422,2139,0.0,0.0
1998-11-20 00:00:00-05:00,177.6866736778846,188.7920907827524,162.87945087139423,168.43215942382812,1920,0.0,0.0
1998-11-23 00:00:00-05:00,166.5812541163245,177.68667105741278,148.07222588117733,159.17764282226562,1903,0.0,0.0
1998-11-24 00:00:00-05:00,159.17763633728026,162.8794418334961,148.0722198486328,148.0722198486328,1136,0.0,0.0
1998-11-25 00:00:00-05:00,159.17763633728026,161.02853908538816,148.0722198486328,148.0722198486328,1320,0.0,0.0
1998-11-27 00:00:00-05:00,161.0285382952009,161.0285382952009,148.07221912202382,155.475830078125,467,0.0,0.0
1998-11-30 00:00:00-05:00,161.0285375768488,162.8794403076172,148.07221846147016,162.8794403076172,995,0.0,0.0
1998-12-01 00:00:00-05:00,151.77403259277344,162.87944961175688,144.3704212467845,151.77403259277344,1409,0.0,0.0
1998-12-02 00:00:00-05:00,148.07222691977898,155.47583826576792,148.07222691977898,151.77403259277344,1523,0.0,0.0
1998-12-03 00:00:00-05:00,148.07222065172698,155.47583168431333,140.66860961914062,140.66860961914062,2394,0.0,0.0
1998-12-04 00:00:00-05:00,144.37041364397322,173.98485746837798,144.37041364397322,155.475830078125,1774,0.0,0.0
1998-12-07 00:00:00-05:00,159.1776439387624,173.9848666307403,148.07222691977898,151.77403259277344,1159,0.0,0.0
1998-12-08 00:00:00-05:00,155.47583618164063,177.686669921875,155.47583618164063,166.5812530517578,1894,0.0,0.0
1998-12-09 00:00:00-05:00,159.17763484608042,173.98485669222745,159.17763484608042,162.8794403076172,1659,0.0,0.0
1998-12-10 00:00:00-05:00,159.17763633728026,166.5812473297119,148.0722198486328,148.0722198486328,1124,0.0,0.0
1998-12-11 00:00:00-05:00,148.07222691977898,162.87944961175688,144.3704212467845,151.77403259277344,1348,0.0,0.0
1998-12-14 00:00:00-05:00,148.07221912202382,177.68666294642858,148.07221912202382,155.475830078125,2736,0.0,0.0
1998-12-15 00:00:00-05:00,155.4758371752362,173.98486541038335,155.4758371752362,159.17764282226562,1598,0.0,0.0
1998-12-16 00:00:00-05:00,155.4758352726064,177.68666888297872,155.4758352726064,173.98486328125,2476,0.0,0.0
1998-12-17 00:00:00-05:00,162.8794403076172,173.98485669222745,155.4758293845437,162.8794403076172,1464,0.0,0.0
1998-12-18 00:00:00-05:00,155.47583618164063,170.2830586751302,148.07222493489584,166.5812530517578,1655,0.0,0.0
1998-12-21 00:00:00-05:00,155.47583826576792,170.28306095774582,148.07222691977898,151.77403259277344,4917,0.0,0.0
1998-12-22 00:00:00-05:00,149.92312119223854,173.98485669222745,149.92312119223854,162.8794403076172,4180,0.0,0.0
1998-12-23 00:00:00-05:00,162.87944742838542,170.2830586751302,159.17764180501302,166.5812530517578,1176,0.0,0.0
1998-12-24 00:00:00-05:00,159.17764516977164,196.1957021859976,159.17764516977164,192.493896484375,7970,0.0,0.0
1998-12-28 00:00:00-05:00,185.09028008643617,192.4938912898936,162.87944647606383,173.98486328125,4244,0.0,0.0
1998-12-29 00:00:00-05:00,170.28305053710938,185.09027232294497,170.28305053710938,170.28305053710938,2503,0.0,0.0
1998-12-30 00:00:00-05:00,166.58124576915395,173.98485669222745,155.4758293845437,162.8794403076172,3029,0.0,0.0
1998-12-31 00:00:00-05:00,159.17764282226562,166.5812541163245,151.77403152820676,159.17764282226562,3697,0.0,0.0
1999-01-04 00:00:00-05:00,162.8794403076172,170.2830512306907,159.17763484608042,162.8794403076172,1776,0.0,0.0
1999-01-05 00:00:00-05:00,159.1776355561756,162.8794410342262,151.7740246000744,155.475830078125,1697,0.0,0.0
1999-01-06 00:00:00-05:00,151.77403259277344,162.87944961175688,151.77403259277344,151.77403259277344,735,0.0,0.0
1999-01-07 00:00:00-05:00,151.77403152820676,162.87944846929506,151.77403152820676,159.17764282226562,1509,0.0,0.0
1999-01-08 00:00:00-05:00,162.87944742838542,166.5812530517578,155.47583618164063,166.5812530517578,1642,0.0,0.0
1999-01-11 00:00:00-05:00,166.58124446868896,181.3884661992391,159.1776336034139,177.68666076660156,5506,0.0,0.0
1999-01-12 00:00:00-05:00,175.8357580502828,181.3884661992391,162.87943903605145,177.68666076660156,2192,0.0,0.0
1999-01-13 00:00:00-05:00,164.7303492769282,177.68666888297872,162.87944647606383,173.98486328125,1318,0.0,0.0
1999-01-14 00:00:00-05:00,173.9848668148643,177.6866724917763,170.2830611379523,175.8357696533203,1112,0.0,0.0
1999-01-15 00:00:00-05:00,173.98486328125,177.68666888297872,173.98486328125,173.98486328125,868,0.0,0.0
1999-01-19 00:00:00-05:00,173.98486541038335,173.98486541038335,155.4758371752362,159.17764282226562,2689,0.0,0.0
1999-01-20 00:00:00-05:00,155.475830078125,164.7303437732515,155.475830078125,155.475830078125,2242,0.0,0.0
1999-01-21 00:00:00-05:00,155.47584184393824,162.87945336031626,153.62493896484375,153.62493896484375,1367,0.0,0.0
1999-01-22 00:00:00-05:00,151.77403055826824,172.13396148681642,149.92312774658203,166.5812530517578,4206,0.0,0.0
1999-01-25 00:00:00-05:00,170.28305053710938,173.98485598356825,155.47582875127378,170.28305053710938,1792,0.0,0.0
1999-01-26 00:00:00-05:00,173.9848706348833,173.9848706348833,153.62493896484375,153.62493896484375,1527,0.0,0.0
1999-01-27 00:00:00-05:00,153.6249266537753,170.2830512306907,153.6249266537753,162.8794403076172,841,0.0,0.0
1999-01-28 00:00:00-05:00,155.4758293845437,170.2830512306907,155.4758293845437,162.8794403076172,665,0.0,0.0
1999-01-29 00:00:00-05:00,153.62493435172146,162.87944846929506,153.62493435172146,159.17764282226562,1121,0.0,0.0
1999-02-01 00:00:00-05:00,155.4758371752362,166.5812541163245,155.4758371752362,159.17764282226562,1777,0.0,0.0
1999-02-02 00:00:00-05:00,166.5812541163245,170.28305976335392,155.4758371752362,159.17764282226562,1797,0.0,0.0
1999-02-03 00:00:00-05:00,170.28305767952128,173.98486328125,166.58125207779256,173.98486328125,1132,0.0,0.0
1999-02-04 00:00:00-05:00,173.98486541038335,177.68667105741278,157.3267399987509,159.17764282226562,1612,0.0,0.0
1999-02-05 00:00:00-05:00,159.17764180501302,170.2830586751302,155.47583618164063,166.5812530517578,1205,0.0,0.0
1999-02-08 00:00:00-05:00,166.5812530517578,170.2830586751302,155.47583618164063,166.5812530517578,1509,0.0,0.0
1999-02-09 00:00:00-05:00,170.28306227463943,170.28306227463943,159.17764516977164,168.43215942382812,742,0.0,0.0
1999-02-10 00:00:00-05:00,155.475830078125,170.28305199032738,155.475830078125,155.475830078125,727,0.0,0.0
1999-02-11 00:00:00-05:00,162.87945087139423,168.43215942382812,155.47583946814905,168.43215942382812,556,0.0,0.0
1999-02-12 00:00:00-05:00,168.4321478138799,172.1339532603388,153.6249260280443,170.28305053710938,2986,0.0,0.0
1999-02-16 00:00:00-05:00,177.68666143002716,181.38846687648606,166.58124509065047,170.28305053710938,4476,0.0,0.0
1999-02-17 00:00:00-05:00,173.9848642985026,177.686669921875,166.5812530517578,166.5812530517578,1552,0.0,0.0
1999-02-18 00:00:00-05:00,168.4321500778198,181.3884693145752,148.0722198486328,148.0722198486328,3552,0.0,0.0
1999-02-19 00:00:00-05:00,148.07221846147016,162.8794403076172,148.07221846147016,162.8794403076172,933,0.0,0.0
1999-02-22 00:00:00-05:00,162.87944846929506,168.43215693983922,155.4758371752362,159.17764282226562,885,0.0,0.0
1999-02-23 00:00:00-05:00,161.0285382952009,161.0285382952009,149.9231218610491,155.475830078125,798,0.0,0.0
1999-02-24 00:00:00-05:00,162.8794410342262,166.58124651227678,155.475830078125,155.475830078125,900,0.0,0.0
1999-02-25 00:00:00-05:00,155.4758371752362,159.17764282226562,149.92312870469203,159.17764282226562,603,0.0,0.0
1999-02-26 00:00:00-05:00,151.77403152820676,159.17764282226562,151.77403152820676,159.17764282226562,867,0.0,0.0
1999-03-01 00:00:00-05:00,155.4758293845437,162.8794403076172,155.4758293845437,162.8794403076172,1605,0.0,0.0
1999-03-02 00:00:00-05:00,162.8794403076172,166.58124576915395,155.4758293845437,162.8794403076172,2606,0.0,0.0
1999-03-03 00:00:00-05:00,159.17763923196233,162.87944479549634,157.3267364501953,157.3267364501953,906,0.0,0.0
1999-03-04 00:00:00-05:00,157.3267399987509,168.43215693983922,157.3267399987509,159.17764282226562,3094,0.0,0.0
1999-03-05 00:00:00-05:00,162.8794403076172,166.58124576915395,159.17763484608042,162.8794403076172,1797,0.0,0.0
1999-03-08 00:00:00-05:00,162.87944742838542,168.43215586344402,162.87944742838542,166.5812530517578,1176,0.0,0.0
1999-03-09 00:00:00-05:00,170.28306227463943,170.28306227463943,159.17764516977164,168.43215942382812,2350,0.0,0.0
1999-03-10 00:00:00-05:00,166.58124446868896,177.68666076660156,166.58124446868896,177.68666076660156,5548,0.0,0.0
1999-03-11 00:00:00-05:00,173.98485669222745,177.6866621537642,162.8794403076172,162.8794403076172,1482,0.0,0.0
1999-03-12 00:00:00-05:00,164.73035024007163,173.9848642985026,164.73035024007163,166.5812530517578,1008,0.0,0.0
1999-03-15 00:00:00-05:00,177.6866724917763,177.6866724917763,170.2830611379523,175.8357696533203,3762,0.0,0.0
1999-03-16 00:00:00-05:00,170.28305767952128,177.68666888297872,170.28305767952128,173.98486328125,1805,0.0,0.0
1999-03-17 00:00:00-05:00,177.6866724917763,177.6866724917763,173.9848668148643,175.8357696533203,3533,0.0,0.0
1999-03-18 00:00:00-05:00,173.98486328125,177.68666888297872,170.28305767952128,173.98486328125,1017,0.0,0.0
1999-03-19 00:00:00-05:00,173.98486328125,177.68666888297872,173.98486328125,173.98486328125,783,0.0,0.0
1999-03-22 00:00:00-05:00,173.98486328125,177.68666888297872,173.98486328125,173.98486328125,1282,0.0,0.0
1999-03-23 00:00:00-05:00,177.68666076660156,179.53756348292035,173.98485533396405,177.68666076660156,2086,0.0,0.0
1999-03-24 00:00:00-05:00,173.9848588766511,179.53756713867188,173.9848588766511,179.53756713867188,4083,0.0,0.0
1999-03-25 00:00:00-05:00,190.6429896036784,233.21375427246093,188.79208679199218,222.10833740234375,20629,0.0,0.0
1999-03-26 00:00:00-05:00,233.21374872162588,235.0646514892578,222.10833211583414,235.0646514892578,18547,0.0,0.0
1999-03-29 00:00:00-05:00,235.0646593911307,236.91556222098214,207.30111694335938,207.30111694335938,3442,0.0,0.0
1999-03-30 00:00:00-05:00,207.3011192908654,211.00292499248798,179.53757652869592,192.493896484375,3695,0.0,0.0
1999-03-31 00:00:00-05:00,196.19570343017577,199.89750915527344,177.6866748046875,185.0902862548828,3033,0.0,0.0
1999-04-01 00:00:00-05:00,181.38847261316636,192.49388930376838,181.38847261316636,188.79208374023438,1529,0.0,0.0
1999-04-05 00:00:00-04:00,181.38848052978514,192.49389770507813,181.38848052978514,185.0902862548828,1114,0.0,0.0
1999-04-06 00:00:00-04:00,192.49389770507813,192.49389770507813,181.38848052978514,185.0902862548828,2123,0.0,0.0
1999-04-07 00:00:00-04:00,181.3884717833321,199.89749951632515,181.3884717833321,196.19569396972656,1398,0.0,0.0
1999-04-08 00:00:00-04:00,192.493896484375,207.3011192908654,192.493896484375,192.493896484375,817,0.0,0.0
1999-04-09 00:00:00-04:00,192.493896484375,199.8975078876202,188.7920907827524,192.493896484375,530,0.0,0.0
1999-04-12 00:00:00-04:00,181.38847937950723,192.493896484375,177.6866736778846,192.493896484375,1771,0.0,0.0
1999-04-13 00:00:00-04:00,185.09027163187665,192.4938824971517,177.68666076660156,177.68666076660156,1097,0.0,0.0
1999-04-14 00:00:00-04:00,177.6866651965726,185.09027624642977,172.1339569091797,172.1339569091797,2185,0.0,0.0
1999-04-15 00:00:00-04:00,181.38846687648606,181.38846687648606,170.28305053710938,170.28305053710938,1359,0.0,0.0
1999-04-16 00:00:00-04:00,170.2830499013265,181.3884661992391,170.2830499013265,177.68666076660156,602,0.0,0.0
1999-04-19 00:00:00-04:00,181.38847831443502,211.00292375352646,173.98486695466218,199.8975067138672,2003,0.0,0.0
1999-04-20 00:00:00-04:00,207.30110973011364,209.15201249556108,196.19569313742898,203.59930419921875,2132,0.0,0.0
1999-04-21 00:00:00-04:00,203.59931239375362,211.00292375352646,196.19570103398075,199.8975067138672,2838,0.0,0.0
1999-04-22 00:00:00-04:00,199.8975014200016,199.8975014200016,177.6866679288903,181.3884735107422,1597,0.0,0.0
1999-04-23 00:00:00-04:00,185.0902862548828,192.49389770507813,185.0902862548828,185.0902862548828,412,0.0,0.0
1999-04-26 00:00:00-04:00,192.49388842312794,214.70472170271964,185.0902773299307,196.19569396972656,1383,0.0,0.0
1999-04-27 00:00:00-04:00,196.1957021859976,199.8975078876202,185.09028508112982,192.493896484375,538,0.0,0.0
1999-04-28 00:00:00-04:00,188.7920907827524,199.8975078876202,185.09028508112982,192.493896484375,505,0.0,0.0
1999-04-29 00:00:00-04:00,181.38848052978514,192.49389770507813,177.6866748046875,185.0902862548828,662,0.0,0.0
1999-04-30 00:00:00-04:00,185.09028508112982,192.493896484375,177.6866736778846,192.493896484375,1027,0.0,0.0
1999-05-03 00:00:00-04:00,181.3884717833321,199.89749951632515,177.6866662367335,196.19569396972656,771,0.0,0.0
1999-05-04 00:00:00-04:00,192.4938824971517,199.89749336242676,177.68666076660156,177.68666076660156,670,0.0,0.0
1999-05-05 00:00:00-04:00,185.09027163187665,188.79207706451416,170.2830499013265,177.68666076660156,1821,0.0,0.0
1999-05-06 00:00:00-04:00,177.6866748046875,188.79209197998046,170.28306335449219,185.0902862548828,600,0.0,0.0
1999-05-07 00:00:00-04:00,177.68666076660156,185.09027163187665,166.58124446868896,177.68666076660156,442,0.0,0.0
1999-05-10 00:00:00-04:00,185.09027163187665,185.09027163187665,170.2830499013265,177.68666076660156,486,0.0,0.0
1999-05-11 00:00:00-04:00,181.38847072150116,185.09027624642977,170.2830541467154,172.1339569091797,320,0.0,0.0
1999-05-12 00:00:00-04:00,170.2830541467154,185.09027624642977,170.2830541467154,172.1339569091797,415,0.0,0.0
1999-05-13 00:00:00-04:00,177.68666076660156,185.09027163187665,170.2830499013265,177.68666076660156,677,0.0,0.0
1999-05-14 00:00:00-04:00,181.3884735107422,185.09027909259407,177.6866679288903,181.3884735107422,335,0.0,0.0
1999-05-17 00:00:00-04:00,177.6866679288903,181.3884735107422,173.98486234703842,181.3884735107422,424,0.0,0.0
1999-05-18 00:00:00-04:00,173.98485533396405,181.3884661992391,170.2830499013265,177.68666076660156,286,0.0,0.0
1999-05-19 00:00:00-04:00,177.68666076660156,181.3884661992391,173.98485533396405,177.68666076660156,600,0.0,0.0
1999-05-20 00:00:00-04:00,181.38847072150116,181.38847072150116,170.2830541467154,172.1339569091797,602,0.0,0.0
1999-05-21 00:00:00-04:00,177.686669921875,177.686669921875,166.5812530517578,166.5812530517578,971,0.0,0.0
1999-05-24 00:00:00-04:00,170.28305053710938,177.68666143002716,170.28305053710938,170.28305053710938,1574,0.0,0.0
1999-05-25 00:00:00-04:00,175.8357671101888,177.686669921875,166.5812530517578,166.5812530517578,445,0.0,0.0
1999-05-26 00:00:00-04:00,166.58124509065047,175.83575870679772,164.73034236742103,170.28305053710938,300,0.0,0.0
1999-05-27 00:00:00-04:00,175.8357671101888,175.8357671101888,166.5812530517578,166.5812530517578,621,0.0,0.0
1999-05-28 00:00:00-04:00,173.9848642985026,175.8357671101888,166.5812530517578,166.5812530517578,480,0.0,0.0
1999-06-01 00:00:00-04:00,175.8357580502828,177.68666076660156,170.2830499013265,177.68666076660156,1692,0.0,0.0
1999-06-02 00:00:00-04:00,170.28306095774582,177.68667230373475,148.07222691977898,151.77403259277344,3080,0.0,0.0
1999-06-03 00:00:00-04:00,168.43215693983922,170.28305976335392,151.77403152820676,159.17764282226562,1756,0.0,0.0
1999-06-04 00:00:00-04:00,162.87945087139423,162.87945087139423,142.51951951246997,144.37042236328125,3518,0.0,0.0
1999-06-07 00:00:00-04:00,144.370414352417,159.17763633728026,144.370414352417,148.0722198486328,2258,0.0,0.0
1999-06-08 00:00:00-04:00,148.0722198486328,155.47583084106444,144.370414352417,148.0722198486328,3474,0.0,0.0
1999-06-09 00:00:00-04:00,148.07221912202382,159.1776355561756,148.07221912202382,155.475830078125,1282,0.0,0.0
1999-06-10 00:00:00-04:00,157.32673088709515,185.09027163187665,157.32673088709515,177.68666076660156,3364,0.0,0.0
1999-06-11 00:00:00-04:00,177.6866748046875,188.79209197998046,177.6866748046875,185.0902862548828,2617,0.0,0.0
1999-06-14 00:00:00-04:00,183.23936891555786,188.79207706451416,173.98485533396405,177.68666076660156,1276,0.0,0.0
1999-06-15 00:00:00-04:00,175.8357580502828,185.09027163187665,173.98485533396405,177.68666076660156,1492,0.0,0.0
1999-06-16 00:00:00-04:00,177.68666076660156,185.09027163187665,173.98485533396405,177.68666076660156,494,0.0,0.0
1999-06-17 00:00:00-04:00,177.68666888297872,177.68666888297872,162.87944647606383,173.98486328125,880,0.0,0.0
1999-06-18 00:00:00-04:00,172.1339532603388,177.68666143002716,168.4321478138799,170.28305053710938,1956,0.0,0.0
1999-06-21 00:00:00-04:00,166.58124446868896,177.68666076660156,166.58124446868896,177.68666076660156,1176,0.0,0.0
1999-06-22 00:00:00-04:00,173.98485598356825,177.68666143002716,170.28305053710938,170.28305053710938,524,0.0,0.0
1999-06-23 00:00:00-04:00,170.2830586751302,173.9848642985026,162.87944742838542,166.5812530517578,1403,0.0,0.0
1999-06-24 00:00:00-04:00,166.58124576915395,170.2830512306907,162.8794403076172,162.8794403076172,355,0.0,0.0
1999-06-25 00:00:00-04:00,173.98485669222745,173.98485669222745,162.8794403076172,162.8794403076172,438,0.0,0.0
1999-06-28 00:00:00-04:00,162.87945205863863,170.2830635158495,159.1776463300332,161.02854919433594,1494,0.0,0.0
1999-06-29 00:00:00-04:00,166.5812541163245,170.28305976335392,159.17764282226562,159.17764282226562,994,0.0,0.0
1999-06-30 00:00:00-04:00,159.17764180501302,170.2830586751302,159.17764180501302,166.5812530517578,1108,0.0,0.0
1999-07-01 00:00:00-04:00,166.58124509065047,177.68666143002716,166.58124509065047,170.28305053710938,2447,0.0,0.0
1999-07-02 00:00:00-04:00,170.2830499013265,181.3884661992391,170.2830499013265,177.68666076660156,3195,0.0,0.0
1999-07-06 00:00:00-04:00,177.68666860219594,205.45021057128906,172.13396020837732,205.45021057128906,4402,0.0,0.0
1999-07-07 00:00:00-04:00,201.7484014337713,207.30110973011364,188.7920820756392,203.59930419921875,2286,0.0,0.0
1999-07-08 00:00:00-04:00,203.5993005595076,203.5993005595076,196.19568963007097,201.74839782714844,882,0.0,0.0
1999-07-09 00:00:00-04:00,196.19570103398075,201.7484095538104,192.49389535409432,199.8975067138672,1397,0.0,0.0
1999-07-12 00:00:00-04:00,199.89749951632515,201.74840228962447,196.19569396972656,196.19569396972656,803,0.0,0.0
1999-07-13 00:00:00-04:00,211.00291224888394,233.2137451171875,203.59930129278274,233.2137451171875,6029,0.0,0.0
1999-07-14 00:00:00-04:00,222.10833549499512,240.61736345291138,218.40652990341187,236.91555786132812,6839,0.0,0.0
1999-07-15 00:00:00-04:00,244.3191640753495,285.0390247545744,236.91555304276315,281.33721923828125,11561,0.0,0.0
1999-07-16 00:00:00-04:00,292.4426529343064,307.249875867689,273.9336242675781,273.9336242675781,7147,0.0,0.0
1999-07-19 00:00:00-04:00,273.93362688337055,277.6354326520647,240.61737496512276,259.12640380859375,3214,0.0,0.0
1999-07-20 00:00:00-04:00,259.1263826810397,259.1263826810397,236.91554987980768,240.6173553466797,1571,0.0,0.0
1999-07-21 00:00:00-04:00,236.91556378264926,251.72278651906484,236.91556378264926,248.02098083496094,955,0.0,0.0
1999-07-22 00:00:00-04:00,273.93362062368817,273.93362062368817,248.02098083496094,248.02098083496094,1982,0.0,0.0
1999-07-23 00:00:00-04:00,255.42459220316871,262.8282035713765,229.51195241444145,248.02098083496094,1614,0.0,0.0
1999-07-26 00:00:00-04:00,244.31916081355166,251.72277174729567,222.1083280123197,240.6173553466797,1612,0.0,0.0
1999-07-27 00:00:00-04:00,244.31916233750638,248.0209678274686,214.70471841780864,225.8101348876953,1871,0.0,0.0
1999-07-28 00:00:00-04:00,236.9155560661765,259.1263894473805,236.9155560661765,251.7227783203125,2430,0.0,0.0
1999-07-29 00:00:00-04:00,251.72278022766113,259.12639141082764,236.91555786132812,236.91555786132812,1448,0.0,0.0
1999-07-30 00:00:00-04:00,248.02097463607788,248.02097463607788,236.91555786132812,236.91555786132812,1015,0.0,0.0
1999-08-02 00:00:00-04:00,240.6173625136867,248.02097366795397,236.91555693655303,244.3191680908203,1077,0.0,0.0
1999-08-03 00:00:00-04:00,248.02097366795397,248.02097366795397,236.91555693655303,244.3191680908203,752,0.0,0.0
1999-08-04 00:00:00-04:00,236.91555786132812,248.02097463607788,236.91555786132812,236.91555786132812,923,0.0,0.0
1999-08-05 00:00:00-04:00,236.91555693655303,248.02097366795397,233.2137513594194,244.3191680908203,1377,0.0,0.0
1999-08-06 00:00:00-04:00,248.02097463607788,248.02097463607788,229.51194667816162,236.91555786132812,559,0.0,0.0
1999-08-09 00:00:00-04:00,240.61735979215368,240.61735979215368,235.0646514892578,235.0646514892578,538,0.0,0.0
1999-08-10 00:00:00-04:00,227.66104583740236,235.06465708414714,222.10833740234375,222.10833740234375,714,0.0,0.0
1999-08-11 00:00:00-04:00,229.51194864908854,236.91555989583333,222.10833740234375,222.10833740234375,218,0.0,0.0
1999-08-12 00:00:00-04:00,222.10832868303572,240.6173560732887,222.10832868303572,233.2137451171875,638,0.0,0.0
1999-08-13 00:00:00-04:00,236.91555425688978,240.61735979215368,233.21374872162588,235.0646514892578,936,0.0,0.0
1999-08-16 00:00:00-04:00,236.91555884576613,238.76646164924867,229.51194763183594,229.51194763183594,503,0.0,0.0
1999-08-17 00:00:00-04:00,229.51194763183594,236.91555884576613,225.81014202487083,229.51194763183594,185,0.0,0.0
1999-08-18 00:00:00-04:00,225.81014202487083,229.51194763183594,222.10833641790575,229.51194763183594,936,0.0,0.0
1999-08-19 00:00:00-04:00,227.6610369001116,236.9155505952381,222.10832868303572,233.2137451171875,1426,0.0,0.0
1999-08-20 00:00:00-04:00,229.51194578228575,248.02097366795397,225.81014020515212,244.3191680908203,1447,0.0,0.0
1999-08-23 00:00:00-04:00,248.02096824645994,303.5480506896973,244.31916275024412,296.1444396972656,20894,0.0,0.0
1999-08-24 00:00:00-04:00,292.4426529343064,294.2935558009792,251.72278986750425,273.9336242675781,7733,0.0,0.0
1999-08-25 00:00:00-04:00,272.08270397186277,299.8462451934814,272.08270397186277,296.1444396972656,12241,0.0,0.0
1999-08-26 00:00:00-04:00,310.9516691984954,310.9516691984954,288.7408356843171,299.84625244140625,12365,0.0,0.0
1999-08-27 00:00:00-04:00,307.2498546781994,325.7588820684524,297.99534098307294,310.95166015625,7902,0.0,0.0
1999-08-30 00:00:00-04:00,323.907977884466,325.7588806152344,310.9516587690874,325.7588806152344,5877,0.0,0.0
1999-08-31 00:00:00-04:00,299.84626401703935,333.1625155744881,296.1444582884339,322.0570983886719,5795,0.0,0.0
1999-09-01 00:00:00-04:00,329.4606971269772,333.1625027126736,296.1444468557099,299.84625244140625,3327,0.0,0.0
1999-09-02 00:00:00-04:00,307.2498546781994,314.65346563430063,299.8462437220982,310.95166015625,2882,0.0,0.0
1999-09-03 00:00:00-04:00,316.5043683733259,318.3552711123512,307.2498546781994,310.95166015625,1048,0.0,0.0
1999-09-07 00:00:00-04:00,316.5043756821577,320.20618124569165,310.95166733685664,314.6534729003906,1720,0.0,0.0
1999-09-08 00:00:00-04:00,316.5043828210165,318.35528564453125,299.84625740938407,318.35528564453125,2339,0.0,0.0
1999-09-09 00:00:00-04:00,321.13162522088913,336.8642985026042,310.95166015625,310.95166015625,9633,0.0,0.0
1999-09-10 00:00:00-04:00,312.8025733460771,347.9697265625,307.24986494348406,347.9697265625,8276,0.0,0.0
1999-09-13 00:00:00-04:00,344.2679279528166,351.6715393066406,333.16251092208057,351.6715393066406,4050,0.0,0.0
1999-09-14 00:00:00-04:00,347.9697133844549,347.9697133844549,318.35526969216085,325.7588806152344,4229,0.0,0.0
1999-09-15 00:00:00-04:00,335.01339426907623,338.715199730613,322.0570751536976,325.7588806152344,1776,0.0,0.0
1999-09-16 00:00:00-04:00,327.6097877811145,333.16249604859104,316.5043712461615,320.2061767578125,2374,0.0,0.0
1999-09-17 00:00:00-04:00,320.2061845495346,355.37333776595744,318.3552817486702,347.9697265625,3609,0.0,0.0
1999-09-20 00:00:00-04:00,346.1188079516093,355.3733215332031,325.7588780721029,355.3733215332031,4148,0.0,0.0
1999-09-21 00:00:00-04:00,355.3733449835526,355.3733449835526,333.16251092208057,351.6715393066406,1268,0.0,0.0
1999-09-22 00:00:00-04:00,351.6715321642287,355.37333776595744,322.05708735039894,347.9697265625,1736,0.0,0.0
1999-09-23 00:00:00-04:00,347.9697119671365,351.67151741359544,336.8642956277598,340.56610107421875,1674,0.0,0.0
1999-09-24 00:00:00-04:00,333.1624915383079,340.5661024613814,290.5917287306352,325.7588806152344,3285,0.0,0.0
1999-09-27 00:00:00-04:00,320.2061839076451,325.7588922991071,307.24986432756697,323.9079895019531,1483,0.0,0.0
1999-09-28 00:00:00-04:00,314.6534701260654,325.75888671875003,292.44263694069605,305.3989562988281,1618,0.0,0.0
1999-09-29 00:00:00-04:00,309.1007512732397,309.1007512732397,288.74082154865505,292.442626953125,9903,0.0,0.0
1999-09-30 00:00:00-04:00,296.1444606551205,307.2498779296875,292.44265489693146,307.2498779296875,4942,0.0,0.0
1999-10-01 00:00:00-04:00,303.54807217149846,314.6534894460655,299.8462664133095,307.2498779296875,2417,0.0,0.0
1999-10-04 00:00:00-04:00,307.2498517182707,307.2498517182707,299.8462408334931,301.6971435546875,3182,0.0,0.0
1999-10-05 00:00:00-04:00,307.249863612799,310.9516691984954,285.03903009862074,299.84625244140625,3880,0.0,0.0
1999-10-06 00:00:00-04:00,296.14443359375,303.54804443359376,273.93360107421876,277.6354064941406,2126,0.0,0.0
1999-10-07 00:00:00-04:00,277.63542964540676,347.96973848890985,273.93362391680137,322.0570983886719,9139,0.0,0.0
1999-10-08 00:00:00-04:00,325.75889154128083,325.75889154128083,299.84625244140625,299.84625244140625,1579,0.0,0.0
1999-10-11 00:00:00-04:00,296.14445383955797,310.95167653153584,296.14445383955797,303.5480651855469,1182,0.0,0.0
1999-10-12 00:00:00-04:00,296.1444468557099,329.4606971269772,275.7845161343798,299.84625244140625,5198,0.0,0.0
1999-10-13 00:00:00-04:00,299.84624681974714,303.5480523360403,273.9336082056949,281.33721923828125,2797,0.0,0.0
1999-10-14 00:00:00-04:00,288.74084720096073,292.4426529343064,273.9336242675781,273.9336242675781,374,0.0,0.0
1999-10-15 00:00:00-04:00,266.53000057444854,273.93361170151655,251.7227783203125,251.7227783203125,2561,0.0,0.0
1999-10-18 00:00:00-04:00,266.5300153459821,270.23182111467634,244.31918073381698,259.12640380859375,1317,0.0,0.0
1999-10-19 00:00:00-04:00,260.9772833165988,273.9336023465009,246.17006156813932,262.82818603515625,930,0.0,0.0
1999-10-20 00:00:00-04:00,266.5300092554804,266.5300092554804,240.61736946675313,248.02098083496094,1498,0.0,0.0
1999-10-21 00:00:00-04:00,259.1263903993549,259.1263903993549,236.91555693655303,244.3191680908203,2479,0.0,0.0
1999-10-22 00:00:00-04:00,249.87187385559082,268.38090154859754,240.61736000908746,266.5299987792969,2117,0.0,0.0
1999-10-25 00:00:00-04:00,268.38091823032926,268.38091823032926,251.72279227120535,259.12640380859375,788,0.0,0.0
1999-10-26 00:00:00-04:00,255.4245751609265,270.231796909386,255.4245751609265,262.82818603515625,1948,0.0,0.0
1999-10-27 00:00:00-04:00,262.82819501091456,266.53000057444854,248.02097275677852,251.7227783203125,1018,0.0,0.0
1999-10-28 00:00:00-04:00,259.12638656965646,259.12638656965646,238.76645619632632,242.46826171875,2435,0.0,0.0
1999-10-29 00:00:00-04:00,244.31916155133928,248.02096702938988,225.81013416108632,233.2137451171875,2645,0.0,0.0
1999-11-01 00:00:00-05:00,233.21374752646997,233.21374752646997,181.38847029836555,211.00291442871094,5861,0.0,0.0
1999-11-02 00:00:00-05:00,211.00292153194033,222.10833845467405,207.3011158910291,214.70472717285156,3641,0.0,0.0
1999-11-03 00:00:00-05:00,211.00291872024536,244.31916904449463,207.3011131286621,236.91555786132812,2965,0.0,0.0
1999-11-04 00:00:00-05:00,244.31916904449463,244.31916904449463,236.91555786132812,236.91555786132812,1373,0.0,0.0
1999-11-05 00:00:00-05:00,235.064658586369,240.61736705691317,229.51195011582485,238.76646423339844,3941,0.0,0.0
1999-11-08 00:00:00-05:00,238.7664533342634,241.54280744280135,225.81013416108632,233.2137451171875,1774,0.0,0.0
1999-11-09 00:00:00-05:00,236.9155505952381,236.9155505952381,211.00291224888394,233.2137451171875,2035,0.0,0.0
1999-11-10 00:00:00-05:00,225.81014202487083,236.91555884576613,218.40653081094064,229.51194763183594,1305,0.0,0.0
1999-11-11 00:00:00-05:00,231.36284680870492,236.91555513211384,218.40652738741744,227.66104125976562,1656,0.0,0.0
1999-11-12 00:00:00-05:00,222.10833740234375,233.21375427246093,218.40653177897136,222.10833740234375,527,0.0,0.0
1999-11-15 00:00:00-05:00,218.4065328137628,229.51194973649652,211.00292153194033,214.70472717285156,2671,0.0,0.0
1999-11-16 00:00:00-05:00,222.10833097759047,222.10833097759047,207.30110891241776,211.00291442871094,2171,0.0,0.0
1999-11-17 00:00:00-05:00,216.5556310926165,222.10833958217074,207.30111694335938,207.30111694335938,3015,0.0,0.0
1999-11-18 00:00:00-05:00,207.30110891241776,214.70471994500411,207.30110891241776,211.00291442871094,3230,0.0,0.0
1999-11-19 00:00:00-05:00,209.15201977321078,218.4065339224679,207.30111694335938,207.30111694335938,2294,0.0,0.0
1999-11-22 00:00:00-05:00,211.0029136528403,244.31916317697298,207.30110815015888,218.40652465820312,3470,0.0,0.0
1999-11-23 00:00:00-05:00,225.81013566356594,233.21374666892876,218.40652465820312,218.40652465820312,1229,0.0,0.0
1999-11-24 00:00:00-05:00,220.2574336144232,236.91555884576613,220.2574336144232,229.51194763183594,2458,0.0,0.0
1999-11-26 00:00:00-05:00,244.3191680908203,251.7227792450876,236.91555693655303,244.3191680908203,311,0.0,0.0
1999-11-29 00:00:00-05:00,244.3191680908203,251.7227792450876,240.6173625136867,244.3191680908203,1298,0.0,0.0
1999-11-30 00:00:00-05:00,244.31917840081294,273.9336242675781,236.91556693412164,273.9336242675781,3559,0.0,0.0
1999-12-01 00:00:00-05:00,267.4554415893555,277.6354064941406,259.1263793945313,277.6354064941406,2180,0.0,0.0
1999-12-02 00:00:00-05:00,277.6354122161865,303.5480506896973,266.5299957275391,296.1444396972656,7859,0.0,0.0
1999-12-03 00:00:00-05:00,296.1444396972656,303.5480506896973,283.1881204605102,296.1444396972656,2859,0.0,0.0
1999-12-06 00:00:00-05:00,296.1444468557099,303.5480580271026,288.7408356843171,299.84625244140625,2947,0.0,0.0
1999-12-07 00:00:00-05:00,296.14444130345396,303.5480523360403,277.6354137219881,281.33721923828125,3306,0.0,0.0
1999-12-08 00:00:00-05:00,277.6354300009238,279.4863328675966,260.9773042008684,273.9336242675781,1192,0.0,0.0
1999-12-09 00:00:00-05:00,266.5300092554804,277.6354263077921,248.02098083496094,248.02098083496094,1118,0.0,0.0
1999-12-10 00:00:00-05:00,253.57369515555246,262.82820957728796,248.02098650251116,259.12640380859375,1588,0.0,0.0
1999-12-13 00:00:00-05:00,266.5299987792969,273.9336098564996,259.1263877020942,266.5299987792969,1194,0.0,0.0
1999-12-14 00:00:00-05:00,259.12638059804135,266.52999147227115,251.7227697238116,262.82818603515625,1479,0.0,0.0
1999-12-15 00:00:00-05:00,262.82819165681536,281.33721923828125,262.82819165681536,281.33721923828125,1842,0.0,0.0
1999-12-16 00:00:00-05:00,272.08271656865656,310.9516760784647,244.3191740616508,255.42459106445312,5803,0.0,0.0
1999-12-17 00:00:00-05:00,264.6790887537137,266.52999147227115,244.31915884958187,262.82818603515625,1717,0.0,0.0
1999-12-20 00:00:00-05:00,262.82819501091456,270.2318061379826,240.6173616297105,251.7227783203125,2495,0.0,0.0
1999-12-21 00:00:00-05:00,260.97729420661926,262.8281970024109,236.91555786132812,236.91555786132812,1986,0.0,0.0
1999-12-22 00:00:00-05:00,236.91555786132812,240.61736345291138,225.81014108657837,236.91555786132812,7261,0.0,0.0
1999-12-23 00:00:00-05:00,233.21374872162588,244.31916532741758,233.21374872162588,235.0646514892578,1908,0.0,0.0
1999-12-27 00:00:00-05:00,239.6919039799617,248.02096628042366,233.21374441293568,240.6173553466797,1591,0.0,0.0
1999-12-28 00:00:00-05:00,240.61736722713906,259.1263954753805,233.21375592784247,250.79733276367188,2436,0.0,0.0
1999-12-29 00:00:00-05:00,255.42458854044293,259.12639417146386,244.3191716473802,246.17007446289062,1371,0.0,0.0
1999-12-30 00:00:00-05:00,249.8718755385455,285.0390283921186,244.3191671932445,251.7227783203125,4441,0.0,0.0
1999-12-31 00:00:00-05:00,244.31917840081294,275.784527134251,244.31917840081294,273.9336242675781,1298,0.0,0.0
2000-01-03 00:00:00-05:00,272.08270544754834,288.7408302708676,272.08270544754834,281.33721923828125,1059,0.0,0.0
2000-01-04 00:00:00-05:00,273.9336098564996,281.33722093370227,259.1263877020942,266.5299987792969,1138,0.0,0.0
2000-01-05 00:00:00-05:00,257.2754819869995,296.1444396972656,244.31916275024412,296.1444396972656,2150,0.0,0.0
2000-01-06 00:00:00-05:00,283.1881204605102,296.1444396972656,266.5299957275391,296.1444396972656,1603,0.0,0.0
2000-01-07 00:00:00-05:00,281.33723114758004,310.95167653153584,277.6354254745856,303.5480651855469,3342,0.0,0.0
2000-01-10 00:00:00-05:00,303.5480651855469,318.3552878775248,292.44264816656346,303.5480651855469,2279,0.0,0.0
2000-01-11 00:00:00-05:00,303.5480675330529,303.5480675330529,277.6354276216947,288.7408447265625,803,0.0,0.0
2000-01-12 00:00:00-05:00,281.3372177124023,296.1444396972656,273.93360671997067,296.1444396972656,308,0.0,0.0
2000-01-13 00:00:00-05:00,267.455453566563,303.5480580271026,267.455453566563,299.84625244140625,2332,0.0,0.0
2000-01-14 00:00:00-05:00,299.84625704783315,303.548062690399,281.33722883500394,294.2935485839844,1371,0.0,0.0
2000-01-18 00:00:00-05:00,292.4426299487155,307.2498517182707,281.3372136215491,301.6971435546875,1279,0.0,0.0
2000-01-19 00:00:00-05:00,303.5480530441448,349.82062210575225,303.5480530441448,344.2679138183594,9530,0.0,0.0
2000-01-20 00:00:00-05:00,336.86430474047387,403.49680457924893,336.86430474047387,392.3913879394531,24923,0.0,0.0
2000-01-21 00:00:00-05:00,388.68959472656246,488.63834765625,384.9877890625,462.7257080078125,24721,0.0,0.0
2000-01-24 00:00:00-05:00,444.2166759898362,477.53292668907386,355.37334079186894,381.2859802246094,14223,0.0,0.0
2000-01-25 00:00:00-05:00,399.7949973366477,422.00583052201705,373.8823586203835,407.1986083984375,3794,0.0,0.0
2000-01-26 00:00:00-05:00,414.60222311580884,414.60222311580884,347.96972297219673,377.58416748046875,2532,0.0,0.0
2000-01-27 00:00:00-05:00,377.5841587611607,399.7949916294643,370.1805478050595,388.6895751953125,1797,0.0,0.0
2000-01-28 00:00:00-05:00,399.7950131064967,399.7950131064967,347.9697336297286,351.6715393066406,2070,0.0,0.0
2000-01-31 00:00:00-05:00,349.8206205073091,377.584161817413,347.9697177533022,359.07513427734375,2085,0.0,0.0
2000-02-01 00:00:00-05:00,381.2859850283022,422.0058475070529,380.3605336083306,399.7950134277344,4773,0.0,0.0
2000-02-02 00:00:00-05:00,410.9004052086214,422.0058215656112,399.7949888516316,418.30401611328125,3197,0.0,0.0
2000-02-03 00:00:00-05:00,418.30403954642156,440.5148735046387,414.60223388671875,414.60223388671875,6197,0.0,0.0
2000-02-04 00:00:00-05:00,410.9004052086214,422.0058215656112,403.49679430396156,418.30401611328125,3268,0.0,0.0
2000-02-07 00:00:00-05:00,414.60221066095136,425.7076270179411,407.1985997562915,418.30401611328125,1645,0.0,0.0
2000-02-08 00:00:00-05:00,414.6022317820582,444.2166769093481,407.19862050023573,429.4094543457031,5020,0.0,0.0
2000-02-09 00:00:00-05:00,433.1112471147017,451.62027476917615,399.7949973366477,407.1986083984375,3494,0.0,0.0
2000-02-10 00:00:00-05:00,414.60221066095136,430.3348838333535,407.1985997562915,418.30401611328125,2177,0.0,0.0
2000-02-11 00:00:00-05:00,414.6022178248355,425.70763437371505,399.7949957596628,422.0058288574219,1752,0.0,0.0
2000-02-14 00:00:00-05:00,414.6022194602273,425.70763605291194,399.7949973366477,407.1986083984375,1180,0.0,0.0
2000-02-15 00:00:00-05:00,409.0495233206914,444.2166769093481,409.0495233206914,429.4094543457031,2136,0.0,0.0
2000-02-16 00:00:00-05:00,434.96215531320286,503.4455584901752,429.4094469475024,488.6383361816406,20302,0.0,0.0
2000-02-17 00:00:00-05:00,503.44556298193993,570.0780639648438,473.83111810064935,570.0780639648438,25415,0.0,0.0
2000-02-18 00:00:00-05:00,577.4816389412715,592.2888604525862,488.6383098733836,536.7617797851562,12874,0.0,0.0
2000-02-22 00:00:00-05:00,496.04195063164894,536.7618122506649,488.6383394281915,521.95458984375,6667,0.0,0.0
2000-02-23 00:00:00-05:00,525.6563900218291,529.3581955853631,481.234723259421,503.445556640625,5374,0.0,0.0
2000-02-24 00:00:00-05:00,510.8491742022626,577.4816751851664,488.6383405412946,570.0780639648438,14388,0.0,0.0
2000-02-25 00:00:00-05:00,588.5871172223773,588.5871172223773,505.29648742675784,518.2528076171875,6145,0.0,0.0
2000-02-28 00:00:00-05:00,544.1654301133267,658.9214051712391,533.0600131722383,636.7105712890625,41871,0.0,0.0
2000-02-29 00:00:00-05:00,658.9213721535423,688.5358158458363,629.3069284612482,651.5177612304688,40486,0.0,0.0
2000-03-01 00:00:00-05:00,666.3250098290381,710.746677150974,566.3762583546824,570.0780639648438,22223,0.0,0.0
2000-03-02 00:00:00-05:00,610.7979011535645,655.2195666920055,584.8852629228072,651.5177612304688,14830,0.0,0.0
2000-03-03 00:00:00-05:00,670.0268368775817,677.4304483347926,629.3069738629221,644.1141967773438,7980,0.0,0.0
2000-03-06 00:00:00-05:00,658.9213721535423,666.3249830766158,636.7105393843217,651.5177612304688,10311,0.0,0.0
2000-03-07 00:00:00-05:00,655.2195886682581,662.6231998396509,577.4816713686342,599.6925048828125,8635,0.0,0.0
2000-03-08 00:00:00-05:00,607.0961299668874,621.9033526490066,533.0600165562914,558.97265625,5571,0.0,0.0
2000-03-09 00:00:00-05:00,558.9726329602694,592.2888826069079,544.1654108950967,562.6744384765625,4394,0.0,0.0
2000-03-10 00:00:00-05:00,566.3762723482572,607.0961350661058,562.6744666466346,577.481689453125,5253,0.0,0.0
2000-03-13 00:00:00-05:00,588.5870920156503,592.2888976258117,533.0600078632305,570.0780639648438,6133,0.0,0.0
2000-03-14 00:00:00-05:00,570.0780468398718,590.437977084153,510.84915885650855,514.5509643554688,6785,0.0,0.0
2000-03-15 00:00:00-05:00,510.8491657536204,514.5509713025597,436.8130547748349,455.32208251953125,13776,0.0,0.0
2000-03-16 00:00:00-05:00,455.32209261557216,521.9545939739486,455.32209261557216,492.34014892578125,8650,0.0,0.0
2000-03-17 00:00:00-05:00,496.04194733590793,496.04194733590793,481.2347250273734,488.6383361816406,7933,0.0,0.0
2000-03-20 00:00:00-05:00,503.445562547253,508.99827095770064,436.8130616218813,459.0238952636719,3942,0.0,0.0
2000-03-21 00:00:00-05:00,455.3220738002232,494.1910313197545,422.0058244977679,466.427490234375,6895,0.0,0.0
2000-03-22 00:00:00-05:00,462.7256989479065,518.2527828216553,444.21667098999023,473.83111572265625,7162,0.0,0.0
2000-03-23 00:00:00-05:00,510.84917708088585,510.84917708088585,473.8311207706767,492.34014892578125,5200,0.0,0.0
2000-03-24 00:00:00-05:00,481.2347250273734,510.8491696444425,481.2347250273734,488.6383361816406,6071,0.0,0.0
2000-03-27 00:00:00-05:00,481.2347337372449,488.6383450255102,444.2166772959184,453.47119140625,4126,0.0,0.0
2000-03-28 00:00:00-05:00,462.72569544175093,462.72569544175093,436.8130564970129,440.5148620605469,3850,0.0,0.0
2000-03-29 00:00:00-05:00,440.5148639181386,440.5148639181386,399.79500254755436,425.7076416015625,5348,0.0,0.0
2000-03-30 00:00:00-05:00,403.49681191132447,422.00583998065133,396.09320068359375,396.09320068359375,5838,0.0,0.0
2000-03-31 00:00:00-05:00,410.9004304673936,451.6202929461444,399.7950134277344,399.7950134277344,6829,0.0,0.0
2000-04-03 00:00:00-04:00,410.90043548583986,418.30404693603515,347.9697381591797,370.1805725097656,4639,0.0,0.0
2000-04-04 00:00:00-04:00,366.4787378311157,370.1805432637533,296.1444346110026,355.3733215332031,11112,0.0,0.0
2000-04-05 00:00:00-04:00,340.566099802653,362.7769323984782,325.7588780721029,355.3733215332031,4674,0.0,0.0
2000-04-06 00:00:00-04:00,362.7769337529721,377.58415553880775,329.46068473484206,340.56610107421875,11627,0.0,0.0
2000-04-07 00:00:00-04:00,347.9697106679281,362.7769323984782,347.9697106679281,355.3733215332031,3321,0.0,0.0
2000-04-10 00:00:00-04:00,359.07513427734375,366.47874529337145,347.9697177533022,359.07513427734375,5765,0.0,0.0
2000-04-11 00:00:00-04:00,362.7769489694149,362.7769489694149,325.75889295212767,347.9697265625,2803,0.0,0.0
2000-04-12 00:00:00-04:00,344.2679275884861,349.8206360979778,296.14445383955797,303.5480651855469,3865,0.0,0.0
2000-04-13 00:00:00-04:00,303.5480699243012,336.8643215013587,281.3372355395963,297.995361328125,4736,0.0,0.0
2000-04-14 00:00:00-04:00,285.03904418945314,285.03904418945314,236.91556919642858,259.12640380859375,6585,0.0,0.0
2000-04-17 00:00:00-04:00,244.31917630709137,288.7408447265625,222.10834209735577,288.7408447265625,10003,0.0,0.0
2000-04-18 00:00:00-04:00,288.74083693484044,370.18056017287233,283.18812853224733,347.9697265625,3618,0.0,0.0
2000-04-19 00:00:00-04:00,360.9260533219677,377.5841788599047,327.60980224609375,327.60980224609375,1826,0.0,0.0
2000-04-20 00:00:00-04:00,333.16248893737793,362.7769323984782,333.16248893737793,355.3733215332031,1282,0.0,0.0
2000-04-24 00:00:00-04:00,333.1624915383079,344.26790792291814,296.1444369229403,325.7588806152344,2268,0.0,0.0
2000-04-25 00:00:00-04:00,325.7588836669922,325.7588836669922,295.21898832321165,296.1444396972656,2305,0.0,0.0
2000-04-26 00:00:00-04:00,299.84625442306714,303.54806003322847,272.08271234685725,285.0390319824219,5708,0.0,0.0
2000-04-27 00:00:00-04:00,290.59173302901416,303.5480523360403,279.4863164801347,281.33721923828125,2097,0.0,0.0
2000-04-28 00:00:00-04:00,285.0390319824219,310.9516712535511,251.72278149096996,285.0390319824219,3461,0.0,0.0
2000-05-01 00:00:00-04:00,260.9772874832153,296.1444396972656,255.4245792388916,296.1444396972656,2662,0.0,0.0
2000-05-02 00:00:00-04:00,292.44263420104977,303.5480506896973,288.740828704834,296.1444396972656,2173,0.0,0.0
2000-05-03 00:00:00-04:00,296.14443235759495,307.24984857100475,277.63540533524525,292.442626953125,989,0.0,0.0
2000-05-04 00:00:00-04:00,294.293557776026,329.4607124788215,266.5300145896084,307.2498779296875,2677,0.0,0.0
2000-05-05 00:00:00-04:00,314.6534642306241,333.1624915383079,303.54804784601384,325.7588806152344,1311,0.0,0.0
2000-05-08 00:00:00-04:00,323.9079887484327,325.75889154128083,292.4426412700135,299.84625244140625,1630,0.0,0.0
2000-05-09 00:00:00-04:00,299.84625244140625,307.249863612799,288.7408356843171,299.84625244140625,1738,0.0,0.0
2000-05-10 00:00:00-04:00,303.54807013434333,303.54807013434333,251.72278986750425,273.9336242675781,1812,0.0,0.0
2000-05-11 00:00:00-04:00,292.4426529343064,296.14445866765203,273.9336242675781,273.9336242675781,856,0.0,0.0
2000-05-12 00:00:00-04:00,292.44263420104977,303.5480506896973,286.8899259567261,296.1444396972656,1067,0.0,0.0
2000-05-15 00:00:00-04:00,344.2679165345836,364.6278470823278,318.3552776556364,353.5224304199219,7688,0.0,0.0
2000-05-16 00:00:00-04:00,363.70239841694735,381.2859749307438,359.0751414396325,362.7769470214844,3142,0.0,0.0
2000-05-17 00:00:00-04:00,384.98777459257394,384.98777459257394,325.7588861937164,344.2679138183594,1891,0.0,0.0
2000-05-18 00:00:00-04:00,335.9388442661451,355.3733228600543,312.802560225777,340.56610107421875,2114,0.0,0.0
2000-05-19 00:00:00-04:00,307.2498546781994,355.37332589285717,303.5480492001488,310.95166015625,2264,0.0,0.0
2000-05-22 00:00:00-04:00,325.7588806152344,347.9697133844549,310.9516587690874,325.7588806152344,2274,0.0,0.0
2000-05-23 00:00:00-04:00,340.5661024613814,347.9697133844549,310.9516587690874,325.7588806152344,1579,0.0,0.0
2000-05-24 00:00:00-04:00,329.4607124788215,340.56612975338857,288.7408491387425,307.2498779296875,3932,0.0,0.0
2000-05-25 00:00:00-04:00,312.8025817871094,325.75890174278845,288.7408447265625,288.7408447265625,1400,0.0,0.0
2000-05-26 00:00:00-04:00,325.75890174278845,325.75890174278845,288.7408447265625,288.7408447265625,1239,0.0,0.0
2000-05-30 00:00:00-04:00,325.75889432073353,333.16250555529564,292.44264376520397,309.10076904296875,2508,0.0,0.0
2000-05-31 00:00:00-04:00,338.7151983509893,340.56610107421875,307.2498520560886,340.56610107421875,2376,0.0,0.0
2000-06-01 00:00:00-04:00,344.2679065206776,347.9697119671365,340.56610107421875,340.56610107421875,1220,0.0,0.0
2000-06-02 00:00:00-04:00,347.9697133844549,359.07512976906514,318.35526969216085,325.7588806152344,2635,0.0,0.0
2000-06-05 00:00:00-04:00,327.60978334600276,340.5661024613814,314.6534642306241,325.7588806152344,2595,0.0,0.0
2000-06-06 00:00:00-04:00,333.162508232649,377.5841759970022,310.9516743504724,318.35528564453125,7470,0.0,0.0
2000-06-07 00:00:00-04:00,327.609797668457,347.9697285970052,310.95167236328126,333.1625061035156,3139,0.0,0.0
2000-06-08 00:00:00-04:00,333.16249987217765,362.77694430526014,329.4606943180424,353.5224304199219,4909,0.0,0.0
2000-06-09 00:00:00-04:00,362.77695875901446,414.6022385817308,362.77695875901446,384.98779296875,14776,0.0,0.0
2000-06-12 00:00:00-04:00,418.30402180299916,473.8311043432203,414.60221630031776,436.81304931640625,21202,0.0,0.0
2000-06-13 00:00:00-04:00,436.8130433749309,444.2166542795907,403.49679430396156,418.30401611328125,4811,0.0,0.0
2000-06-14 00:00:00-04:00,429.40943247027104,436.8130433749309,410.9004052086214,418.30401611328125,3220,0.0,0.0
2000-06-15 00:00:00-04:00,416.4531133871163,429.40943247027104,410.9004052086214,418.30401611328125,3455,0.0,0.0
2000-06-16 00:00:00-04:00,422.00583793021536,433.1112547178526,410.9004211425781,410.9004211425781,1955,0.0,0.0
2000-06-19 00:00:00-04:00,418.30402499112216,423.8567332874645,399.7949973366477,407.1986083984375,3838,0.0,0.0
2000-06-20 00:00:00-04:00,410.9004282270159,414.60223388671875,399.7950112479074,414.60223388671875,3279,0.0,0.0
2000-06-21 00:00:00-04:00,414.6022267384572,414.6022267384572,399.7950043549409,410.9004211425781,4644,0.0,0.0
2000-06-22 00:00:00-04:00,414.60221204845186,414.60221204845186,401.64589292193773,403.4967956542969,3536,0.0,0.0
2000-06-23 00:00:00-04:00,396.09320275760393,410.90042529059843,362.7769520583662,381.2859802246094,4239,0.0,0.0
2000-06-26 00:00:00-04:00,377.5841707796664,410.9004211425781,355.3733372043919,410.9004211425781,4109,0.0,0.0
2000-06-27 00:00:00-04:00,410.90043060436,425.70765332884145,410.90043060436,423.85675048828125,4483,0.0,0.0
2000-06-28 00:00:00-04:00,414.6022148757684,466.42749173523947,414.6022148757684,451.6202697753906,5464,0.0,0.0
2000-06-29 00:00:00-04:00,466.42748882587136,510.84915442833534,459.0238778921274,481.2347106933594,14480,0.0,0.0
2000-06-30 00:00:00-04:00,481.2347412109375,510.8491868239183,392.3914043719952,433.11126708984375,17030,0.0,0.0
2000-07-03 00:00:00-04:00,440.5148712684368,440.5148712684368,388.6895922956796,429.4094543457031,3306,0.0,0.0
2000-07-05 00:00:00-04:00,436.81304640997024,488.63832310267856,425.70762997581846,466.427490234375,6109,0.0,0.0
2000-07-06 00:00:00-04:00,466.42749582538164,488.6383289599236,462.725690302958,484.9365234375,5329,0.0,0.0
2000-07-07 00:00:00-04:00,488.6383481233016,533.0600161345109,484.9365424557008,510.84918212890625,8662,0.0,0.0
2000-07-10 00:00:00-04:00,525.6563996049695,525.6563996049695,492.3401489257813,492.34014892578125,3506,0.0,0.0
2000-07-11 00:00:00-04:00,494.19107012067525,518.2528076171875,492.3401672363281,518.2528076171875,3636,0.0,0.0
2000-07-12 00:00:00-04:00,500.66918939443735,503.44554349459133,444.2166560246394,481.2347106933594,6997,0.0,0.0
2000-07-13 00:00:00-04:00,484.93652058760944,488.63832608827823,459.023882082928,475.6820068359375,3985,0.0,0.0
2000-07-14 00:00:00-04:00,488.63832310267856,488.63832310267856,451.62026832217265,466.427490234375,2780,0.0,0.0
2000-07-17 00:00:00-04:00,470.129310131073,473.83111572265625,444.21667098999023,473.83111572265625,2186,0.0,0.0
2000-07-18 00:00:00-04:00,470.12929571242563,481.2347121465774,451.62026832217265,466.427490234375,1314,0.0,0.0
2000-07-19 00:00:00-04:00,446.0675776163737,466.42750854492186,444.2166748046875,444.2166748046875,2197,0.0,0.0
2000-07-20 00:00:00-04:00,446.06758251953124,462.7257080078125,440.51487402343747,462.7257080078125,3338,0.0,0.0
2000-07-21 00:00:00-04:00,462.7256989479065,481.23472690582275,447.9184765815735,473.83111572265625,1674,0.0,0.0
2000-07-24 00:00:00-04:00,468.2784073352814,488.63833808898926,462.7256989479065,473.83111572265625,2897,0.0,0.0
2000-07-25 00:00:00-04:00,466.42748882587136,492.34012709397535,466.42748882587136,481.2347106933594,2091,0.0,0.0
2000-07-26 00:00:00-04:00,481.23472822473406,529.3582010472074,464.5766030169548,521.95458984375,5462,0.0,0.0
2000-07-27 00:00:00-04:00,533.0600185109608,533.0600185109608,481.23473893350626,496.0419616699219,1748,0.0,0.0
2000-07-28 00:00:00-04:00,499.7437395368304,499.7437395368304,444.21665736607144,466.427490234375,2467,0.0,0.0
2000-07-31 00:00:00-04:00,455.3220989132716,460.87480743660416,407.19862504438925,447.9184875488281,4671,0.0,0.0
2000-08-01 00:00:00-04:00,447.9184714216527,459.0238880684705,436.8130547748349,455.32208251953125,2450,0.0,0.0
2000-08-02 00:00:00-04:00,444.21666032176904,466.4274933378575,436.81304931640625,436.81304931640625,2435,0.0,0.0
2000-08-03 00:00:00-04:00,429.40943989000823,444.21666195518094,416.45312058298214,422.0058288574219,6018,0.0,0.0
2000-08-04 00:00:00-04:00,416.4531133871163,429.40943247027104,414.60221066095136,418.30401611328125,4111,0.0,0.0
2000-08-07 00:00:00-04:00,425.7076368390657,451.62027560318273,410.90041468814167,450.69482421875,3452,0.0,0.0
2000-08-08 00:00:00-04:00,451.6202881911706,451.6202881911706,429.4094543457031,429.4094543457031,988,0.0,0.0
2000-08-09 00:00:00-04:00,444.2166769093481,455.3220938320818,422.00584306388066,429.4094543457031,2314,0.0,0.0
2000-08-10 00:00:00-04:00,429.4094415838068,436.8130526455966,407.1986083984375,407.1986083984375,1505,0.0,0.0
2000-08-11 00:00:00-04:00,414.6022194602273,422.00583052201705,399.7949973366477,407.1986083984375,1398,0.0,0.0
2000-08-14 00:00:00-04:00,414.6022317820582,429.4094543457031,414.6022317820582,429.4094543457031,1848,0.0,0.0
2000-08-15 00:00:00-04:00,429.4094565255301,436.8130678449358,414.60223388671875,414.60223388671875,1148,0.0,0.0
2000-08-16 00:00:00-04:00,418.3040233411287,425.70763437371505,414.6022178248355,422.0058288574219,1538,0.0,0.0
2000-08-17 00:00:00-04:00,416.4531276537025,429.40944718070654,414.60222486413045,425.7076416015625,3005,0.0,0.0
2000-08-18 00:00:00-04:00,427.55852974410607,429.40943247027104,418.30401611328125,418.30401611328125,1506,0.0,0.0
2000-08-21 00:00:00-04:00,422.0058288574219,436.8130509225946,418.3040233411287,422.0058288574219,1082,0.0,0.0
2000-08-22 00:00:00-04:00,417.3785719620554,429.40943989000823,401.6458985178094,422.0058288574219,3185,0.0,0.0
2000-08-23 00:00:00-04:00,410.9004211425781,414.6022267384572,407.19861554669905,410.9004211425781,1692,0.0,0.0
2000-08-24 00:00:00-04:00,414.6022178248355,422.0058288574219,407.19860679224917,422.0058288574219,2361,0.0,0.0
2000-08-25 00:00:00-04:00,422.00584520612443,429.4094565255301,410.9004282270159,414.60223388671875,2071,0.0,0.0
2000-08-28 00:00:00-04:00,416.4531177469433,422.0058259835692,410.9004095103174,412.7513122558594,3964,0.0,0.0
2000-08-29 00:00:00-04:00,425.7076270179411,429.40943247027104,414.60221066095136,418.30401611328125,2683,0.0,0.0
2000-08-30 00:00:00-04:00,436.81307061887253,484.93654450061274,431.26036209405635,471.980224609375,7930,0.0,0.0
2000-08-31 00:00:00-04:00,488.6383216271033,510.84915442833534,473.83109975961537,481.2347106933594,6614,0.0,0.0
2000-09-01 00:00:00-04:00,492.3401497618793,547.8672343214897,482.16018425928405,540.463623046875,7397,0.0,0.0
2000-09-05 00:00:00-04:00,592.2888647151899,595.9906701196599,565.4507755327828,584.88525390625,20964,0.0,0.0
2000-09-06 00:00:00-04:00,582.1089515686035,584.8853058686128,525.6564141350824,547.8672485351562,8268,0.0,0.0
2000-09-07 00:00:00-04:00,558.9726363288031,558.9726363288031,507.14735878838434,533.0599975585938,4773,0.0,0.0
2000-09-08 00:00:00-04:00,540.4636204948824,547.8672317345383,518.2527867759146,531.2091064453125,5291,0.0,0.0
2000-09-11 00:00:00-04:00,529.3582153320312,538.6127295860878,508.998283973107,529.3582153320312,2986,0.0,0.0
2000-09-12 00:00:00-04:00,518.2527982271635,540.463632436899,510.8491868239183,529.3582153320312,3159,0.0,0.0
2000-09-13 00:00:00-04:00,525.6564004976456,573.7798737826413,523.8054976789919,540.463623046875,5650,0.0,0.0
2000-09-14 00:00:00-04:00,547.8672021484375,562.674423828125,529.3581750488281,555.2708129882812,2679,0.0,0.0
2000-09-15 00:00:00-04:00,543.239956756898,570.0780466137123,533.059991638796,553.419921875,3795,0.0,0.0
2000-09-18 00:00:00-04:00,577.4816455078126,592.2888671875,546.0162994384766,555.2708129882812,8747,0.0,0.0
2000-09-19 00:00:00-04:00,566.3762481346558,577.4816647647472,314.65347118591995,329.460693359375,56611,0.0,0.0
2000-09-20 00:00:00-04:00,343.3424608682849,370.1805508013853,333.1624957212468,359.07513427734375,25155,0.0,0.0
2000-09-21 00:00:00-04:00,369.2551011116274,370.18055249285953,340.5661082934308,344.2679138183594,10030,0.0,0.0
2000-09-22 00:00:00-04:00,333.16251092208057,362.77695633737665,325.75889956825654,351.6715393066406,6808,0.0,0.0
2000-09-25 00:00:00-04:00,351.6715371488321,373.8823710740215,344.2679258404356,366.478759765625,11091,0.0,0.0
2000-09-26 00:00:00-04:00,370.18056286431346,373.88236849295663,342.41702064949,357.2242431640625,5495,0.0,0.0
2000-09-27 00:00:00-04:00,359.07512976906514,360.9260324998335,322.0570751536976,325.7588806152344,5303,0.0,0.0
2000-09-28 00:00:00-04:00,331.3115862210592,377.5841541290283,325.7588780721029,355.3733215332031,5230,0.0,0.0
2000-09-29 00:00:00-04:00,349.82063484191895,416.45313671657016,344.26792635236467,414.60223388671875,7476,0.0,0.0
2000-10-02 00:00:00-04:00,409.9749566941034,410.90040806361606,370.1805478050595,388.6895751953125,2921,0.0,0.0
2000-10-03 00:00:00-04:00,388.6895986703726,399.7950157752404,384.98779296875,384.98779296875,3055,0.0,0.0
2000-10-04 00:00:00-04:00,397.9441021858378,403.4968105884309,342.41701815990695,347.9697265625,5485,0.0,0.0
2000-10-05 00:00:00-04:00,357.2242315233368,360.9260370313507,347.9697177533022,359.07513427734375,1708,0.0,0.0
2000-10-06 00:00:00-04:00,362.7769323984782,362.7769323984782,347.9697106679281,355.3733215332031,1536,0.0,0.0
2000-10-09 00:00:00-04:00,359.0751387511248,362.77694430526014,340.5661109804483,353.5224304199219,1812,0.0,0.0
2000-10-10 00:00:00-04:00,351.6715161005656,355.3733215332031,333.16248893737793,355.3733215332031,2045,0.0,0.0
2000-10-11 00:00:00-04:00,357.2242426554362,359.0751454671224,325.75889485677084,333.1625061035156,1668,0.0,0.0
2000-10-12 00:00:00-04:00,335.93887006866265,336.8643215013587,297.995361328125,297.995361328125,3008,0.0,0.0
2000-10-13 00:00:00-04:00,299.84625704783315,322.0570909032282,277.6354231924381,294.2935485839844,4365,0.0,0.0
2000-10-16 00:00:00-04:00,299.8462480024858,318.35527565696026,292.44263694069605,305.3989562988281,2400,0.0,0.0
2000-10-17 00:00:00-04:00,312.8025644302368,314.6534671783447,281.3372177124023,296.1444396972656,1765,0.0,0.0
2000-10-18 00:00:00-04:00,281.3372333233173,303.5480675330529,266.5300105168269,288.7408447265625,1747,0.0,0.0
2000-10-19 00:00:00-04:00,283.1881316562869,296.1444514052673,281.33722883500394,294.2935485839844,2085,0.0,0.0
2000-10-20 00:00:00-04:00,285.0390414676151,294.2935558009792,270.2318185342325,273.9336242675781,2120,0.0,0.0
2000-10-23 00:00:00-04:00,285.0390205383301,331.3115888075395,273.9336041537198,325.7588806152344,3244,0.0,0.0
2000-10-24 00:00:00-04:00,325.7588792883831,366.478739199431,322.05707384192425,340.56610107421875,4755,0.0,0.0
2000-10-25 00:00:00-04:00,350.74608751622645,355.3733446074695,288.740842493569,303.5480651855469,2139,0.0,0.0
2000-10-26 00:00:00-04:00,309.100758934021,325.7588836669922,288.740828704834,296.1444396972656,2308,0.0,0.0
2000-10-27 00:00:00-04:00,307.2498617733226,322.05708402745864,296.1444450827206,314.6534729003906,639,0.0,0.0
2000-10-30 00:00:00-05:00,322.0570751536976,325.7588806152344,297.9953396537087,325.7588806152344,1174,0.0,0.0
2000-10-31 00:00:00-05:00,325.75889645939895,362.7769528752398,310.95167389306266,361.85150146484375,5947,0.0,0.0
2000-11-01 00:00:00-05:00,347.9697106679281,359.0751269658407,329.4606835047404,355.3733215332031,1014,0.0,0.0
2000-11-02 00:00:00-05:00,355.37333776595744,355.37333776595744,325.75889295212767,347.9697265625,1229,0.0,0.0
2000-11-03 00:00:00-05:00,345.1933816763071,347.96973595252405,325.75890174278845,336.86431884765625,789,0.0,0.0
2000-11-06 00:00:00-05:00,329.46070744441107,340.56612454927887,325.75890174278845,336.86431884765625,1102,0.0,0.0
2000-11-07 00:00:00-05:00,325.7588820684524,340.56610398065476,296.14443824404765,310.95166015625,953,0.0,0.0
2000-11-08 00:00:00-05:00,322.05710096244354,322.05710096244354,296.1444606551205,307.2498779296875,1045,0.0,0.0
2000-11-09 00:00:00-05:00,318.3552940438647,318.3552940438647,296.1444595756881,302.62261962890625,2336,0.0,0.0
2000-11-10 00:00:00-05:00,297.0698896135603,314.65346563430063,296.14443824404765,310.95166015625,991,0.0,0.0
2000-11-13 00:00:00-05:00,297.0699075552134,297.995358980619,283.1881361741286,288.7408447265625,1980,0.0,0.0
2000-11-14 00:00:00-05:00,292.44263420104977,299.8462451934814,288.740828704834,296.1444396972656,1080,0.0,0.0
2000-11-15 00:00:00-05:00,296.14444881290586,296.14444881290586,277.6354207620992,285.0390319824219,1794,0.0,0.0
2000-11-16 00:00:00-05:00,277.6354276216947,296.1444561298077,277.6354276216947,288.7408447265625,1733,0.0,0.0
2000-11-17 00:00:00-05:00,297.9953350598299,318.35526478441454,288.74082154865505,292.442626953125,18523,0.0,0.0
2000-11-20 00:00:00-05:00,292.44263420104977,309.100758934021,285.0390232086182,296.1444396972656,5230,0.0,0.0
2000-11-21 00:00:00-05:00,299.84624681974714,303.5480523360403,277.6354137219881,281.33721923828125,2044,0.0,0.0
2000-11-22 00:00:00-05:00,288.7408375925832,296.14444881290586,277.6354207620992,285.0390319824219,1630,0.0,0.0
2000-11-24 00:00:00-05:00,288.7408375925832,296.14444881290586,285.0390319824219,285.0390319824219,820,0.0,0.0
2000-11-27 00:00:00-05:00,288.7408495136336,299.8462668026195,281.337237987643,283.1881408691406,2132,0.0,0.0
2000-11-28 00:00:00-05:00,288.740828704834,299.8462451934814,270.23180122375487,296.1444396972656,2611,0.0,0.0
2000-11-29 00:00:00-05:00,285.96447613364774,296.14444130345396,273.9336082056949,281.33721923828125,1183,0.0,0.0
2000-11-30 00:00:00-05:00,275.7845109638415,292.4426357871608,266.52999717310854,281.33721923828125,13032,0.0,0.0
2000-12-01 00:00:00-05:00,285.0390293198144,303.5480571977244,273.93361259306835,275.7845153808594,5230,0.0,0.0
2000-12-04 00:00:00-05:00,292.442632765997,292.442632765997,268.3808971586682,272.08270263671875,1568,0.0,0.0
2000-12-05 00:00:00-05:00,270.2318185342325,296.14445866765203,266.5300128008868,273.9336242675781,3147,0.0,0.0
2000-12-06 00:00:00-05:00,276.7099668907397,277.6354182850231,233.2137513594194,244.3191680908203,3230,0.0,0.0
2000-12-07 00:00:00-05:00,245.24461671123356,259.1263874684732,229.51194318636198,235.0646514892578,2364,0.0,0.0
2000-12-08 00:00:00-05:00,240.61737496512276,288.7408499581473,240.61737496512276,259.12640380859375,3044,0.0,0.0
2000-12-11 00:00:00-05:00,246.1700699750115,273.93361170151655,244.3191671932445,251.7227783203125,2088,0.0,0.0
2000-12-12 00:00:00-05:00,266.5300092554804,266.5300092554804,248.02098083496094,248.02098083496094,1842,0.0,0.0
2000-12-13 00:00:00-05:00,246.17007346048842,273.93361558009235,233.21375380467325,253.5736846923828,2032,0.0,0.0
2000-12-14 00:00:00-05:00,253.57367448073165,264.67909088134763,240.6173553466797,240.6173553466797,1314,0.0,0.0
2000-12-15 00:00:00-05:00,236.91554987980768,244.31916081355166,235.0646471463717,240.6173553466797,2283,0.0,0.0
2000-12-18 00:00:00-05:00,238.7664533342634,240.6173560732887,233.2137451171875,233.2137451171875,2186,0.0,0.0
2000-12-19 00:00:00-05:00,233.21374666892876,236.91555217161016,218.40652465820312,218.40652465820312,3886,0.0,0.0
2000-12-20 00:00:00-05:00,222.10834209735577,225.81014779897836,148.07222806490384,192.493896484375,4992,0.0,0.0
2000-12-21 00:00:00-05:00,185.09028508112982,199.8975078876202,181.38847937950723,192.493896484375,4427,0.0,0.0
2000-12-22 00:00:00-05:00,188.7920896742079,199.8975067138672,181.38847831443502,199.8975067138672,4933,0.0,0.0
2000-12-26 00:00:00-05:00,188.7920896742079,214.7047294334129,181.38847831443502,199.8975067138672,11783,0.0,0.0
2000-12-27 00:00:00-05:00,194.34479037198153,203.59930419921875,185.0902765447443,203.59930419921875,3421,0.0,0.0
2000-12-28 00:00:00-05:00,192.49389364553053,318.35528564453125,192.49389364553053,318.35528564453125,18297,0.0,0.0
2000-12-29 00:00:00-05:00,303.54807013434333,307.249875867689,270.2318185342325,273.9336242675781,3242,0.0,0.0
2001-01-02 00:00:00-05:00,281.3372357342694,288.74084720096073,262.8282070675412,273.9336242675781,3086,0.0,0.0
2001-01-03 00:00:00-05:00,270.2317945263054,296.14443235759495,259.12637831289555,292.442626953125,1533,0.0,0.0
2001-01-04 00:00:00-05:00,296.1444582884339,325.75890411727727,277.63542964540676,322.0570983886719,2491,0.0,0.0
2001-01-05 00:00:00-05:00,325.75889369419644,325.75889369419644,281.33722637226055,285.0390319824219,1295,0.0,0.0
2001-01-08 00:00:00-05:00,281.33721923828125,296.14444130345396,277.6354137219881,281.33721923828125,2717,0.0,0.0
2001-01-09 00:00:00-05:00,279.48633047250604,292.4426504281851,279.48633047250604,288.7408447265625,574,0.0,0.0
2001-01-10 00:00:00-05:00,288.74082599986684,333.1624915383079,285.0390205383301,325.7588806152344,3126,0.0,0.0
2001-01-11 00:00:00-05:00,320.2061845495346,355.37333776595744,314.6534761469415,347.9697265625,3483,0.0,0.0
2001-01-12 00:00:00-05:00,346.1188165808237,351.6715248682166,325.7588861937164,344.2679138183594,3220,0.0,0.0
2001-01-16 00:00:00-05:00,335.01338988575856,347.96970883161663,316.504362820247,331.31158447265625,3718,0.0,0.0
2001-01-17 00:00:00-05:00,340.566127031699,351.67154421751525,322.0570983886719,322.0570983886719,923,0.0,0.0
2001-01-18 00:00:00-05:00,322.98253541834214,338.71520906336167,303.5480562097886,314.6534729003906,888,0.0,0.0
2001-01-19 00:00:00-05:00,303.5480492001488,322.0570765904018,303.5480492001488,310.95166015625,1020,0.0,0.0
2001-01-22 00:00:00-05:00,303.5480506896973,310.9516616821289,292.44263420104977,296.1444396972656,2241,0.0,0.0
2001-01-23 00:00:00-05:00,306.3244048118591,306.3244048118591,279.4863149642944,296.1444396972656,3182,0.0,0.0
2001-01-24 00:00:00-05:00,293.36808557510375,299.8462451934814,288.740828704834,296.1444396972656,2215,0.0,0.0
2001-01-25 00:00:00-05:00,307.249863612799,307.249863612799,292.4426412700135,299.84625244140625,2077,0.0,0.0
2001-01-26 00:00:00-05:00,299.8462451934814,303.5480506896973,292.44263420104977,296.1444396972656,3842,0.0,0.0
2001-01-29 00:00:00-05:00,296.14445383955797,303.5480651855469,296.14445383955797,303.5480651855469,1070,0.0,0.0
2001-01-30 00:00:00-05:00,296.14444938248505,309.10076904296875,296.14444938248505,309.10076904296875,929,0.0,0.0
2001-01-31 00:00:00-05:00,303.5480630564135,322.0570912915607,299.84625740938407,318.35528564453125,5206,0.0,0.0
2001-02-01 00:00:00-05:00,322.0570867047991,335.01340628487725,312.802572719029,323.9079895019531,1033,0.0,0.0
2001-02-02 00:00:00-05:00,277.6354064941406,303.54804443359376,229.51193603515625,277.6354064941406,10864,0.0,0.0
2001-02-05 00:00:00-05:00,277.6354064941406,281.3372119140625,266.529990234375,277.6354064941406,6335,0.0,0.0
2001-02-06 00:00:00-05:00,273.9336098564996,277.6354153951009,266.5299987792969,266.5299987792969,1462,0.0,0.0
2001-02-07 00:00:00-05:00,266.5299987792969,273.9336098564996,266.5299987792969,266.5299987792969,1345,0.0,0.0
2001-02-08 00:00:00-05:00,266.5299872036638,273.9335979593211,262.82818182583514,268.3808898925781,1589,0.0,0.0
2001-02-09 00:00:00-05:00,266.53000588613014,277.6354227980522,266.53000588613014,270.2318115234375,2632,0.0,0.0
2001-02-12 00:00:00-05:00,273.93361716074486,277.6354227980522,266.53000588613014,270.2318115234375,3361,0.0,0.0
2001-02-13 00:00:00-05:00,272.0827070871989,277.6354153951009,266.5299987792969,266.5299987792969,1264,0.0,0.0
2001-02-14 00:00:00-05:00,266.5299872036638,270.23179258149247,266.5299872036638,268.3808898925781,1503,0.0,0.0
2001-02-15 00:00:00-05:00,270.2318043178982,273.9336098564996,251.72277662489148,266.5299987792969,2547,0.0,0.0
2001-02-16 00:00:00-05:00,273.93361716074486,273.93361716074486,262.8282002488228,270.2318115234375,1152,0.0,0.0
2001-02-20 00:00:00-05:00,266.5299987792969,270.2318043178982,251.72277662489148,266.5299987792969,736,0.0,0.0
2001-02-21 00:00:00-05:00,251.7227783203125,262.82819501091456,251.7227783203125,251.7227783203125,398,0.0,0.0
2001-02-22 00:00:00-05:00,252.64823474622753,273.93361716074486,251.72278333690068,270.2318115234375,2385,0.0,0.0
2001-02-23 00:00:00-05:00,270.2318026894017,281.33721923828125,255.42458062422904,281.33721923828125,1258,0.0,0.0
2001-02-26 00:00:00-05:00,273.9335999307753,292.442626953125,266.52998912183546,292.442626953125,818,0.0,0.0
2001-02-27 00:00:00-05:00,299.84625740938407,325.7588969385901,296.14445176235466,318.35528564453125,3615,0.0,0.0
2001-02-28 00:00:00-05:00,322.0570781707763,325.7588836669922,274.85905809402465,296.1444396972656,2753,0.0,0.0
2001-03-01 00:00:00-05:00,310.9516539754747,310.9516539754747,288.74082154865505,292.442626953125,1065,0.0,0.0
2001-03-02 00:00:00-05:00,288.7408491387425,318.3552952042545,288.7408491387425,307.2498779296875,621,0.0,0.0
2001-03-05 00:00:00-05:00,307.2498756550854,307.2498756550854,294.29355559734086,297.995361328125,980,0.0,0.0
2001-03-06 00:00:00-05:00,299.8462451934814,299.8462451934814,292.44263420104977,296.1444396972656,1605,0.0,0.0
2001-03-07 00:00:00-05:00,294.29354893883993,322.0570912915607,294.29354893883993,318.35528564453125,942,0.0,0.0
2001-03-08 00:00:00-05:00,315.5789170038133,318.3552711123512,303.5480492001488,310.95166015625,627,0.0,0.0
2001-03-09 00:00:00-05:00,314.6534894460655,316.50439232516,301.697169292404,307.2498779296875,1261,0.0,0.0
2001-03-12 00:00:00-05:00,307.2498656433898,318.3552824738738,273.9336151519379,285.0390319824219,1606,0.0,0.0
2001-03-13 00:00:00-05:00,277.6354122161865,299.8462451934814,273.93360671997067,296.1444396972656,1945,0.0,0.0
2001-03-14 00:00:00-05:00,281.33721860905285,370.1805508013853,281.33721860905285,359.07513427734375,6886,0.0,0.0
2001-03-15 00:00:00-05:00,349.82062668096825,370.1805573343579,316.504376520876,338.7152099609375,2921,0.0,0.0
2001-03-16 00:00:00-05:00,354.44789851396933,355.3733499461207,318.3552926600664,322.0570983886719,1558,0.0,0.0
2001-03-19 00:00:00-05:00,325.75890411727727,329.4607098458827,303.54806974564474,322.0570983886719,1295,0.0,0.0
2001-03-20 00:00:00-05:00,322.0570765904018,322.0570765904018,303.5480492001488,310.95166015625,1502,0.0,0.0
2001-03-21 00:00:00-05:00,314.65347686371246,314.65347686371246,281.33722637226055,285.0390319824219,1862,0.0,0.0
2001-03-22 00:00:00-05:00,283.1881312540133,283.1881312540133,255.42458897420804,270.2318115234375,2445,0.0,0.0
2001-03-23 00:00:00-05:00,270.2318162184495,299.8462618314303,268.38091336763824,288.7408447265625,2597,0.0,0.0
2001-03-26 00:00:00-05:00,310.9516645951705,310.9516645951705,297.99534523703835,305.3989562988281,1165,0.0,0.0
2001-03-27 00:00:00-05:00,296.1444450827206,318.35527846392466,296.1444450827206,314.6534729003906,1970,0.0,0.0
2001-03-28 00:00:00-05:00,310.9516691984954,310.9516691984954,288.7408356843171,299.84625244140625,1136,0.0,0.0
2001-03-29 00:00:00-05:00,296.1444468557099,310.9516691984954,288.7408356843171,299.84625244140625,832,0.0,0.0
2001-03-30 00:00:00-05:00,303.5480636442551,377.5841767282197,303.5480636442551,366.478759765625,7638,0.0,0.0
2001-04-02 00:00:00-04:00,349.82062210575225,360.92603868053806,333.16249724357357,344.2679138183594,3059,0.0,0.0
2001-04-03 00:00:00-04:00,340.5661024613814,351.67151884599167,303.54804784601384,325.7588806152344,1659,0.0,0.0
2001-04-04 00:00:00-04:00,325.7589067206325,325.7589067206325,303.54807217149846,307.2498779296875,921,0.0,0.0
2001-04-05 00:00:00-04:00,303.54806550678455,362.77695633737665,303.54806550678455,351.6715393066406,1920,0.0,0.0
2001-04-06 00:00:00-04:00,344.2679065206776,355.3733228600543,329.46068473484206,340.56610107421875,679,0.0,0.0
2001-04-09 00:00:00-04:00,325.7588806152344,337.0123768865821,322.7974472006849,325.7588806152344,1011,0.0,0.0
2001-04-10 00:00:00-04:00,320.42828615841006,345.8967127196202,319.8359939841144,342.3429870605469,764,0.0,0.0
2001-04-11 00:00:00-04:00,343.5275358759308,352.411890892979,313.91309218363676,325.7588806152344,1664,0.0,0.0
2001-04-12 00:00:00-04:00,325.7588806152344,334.64320824558257,319.2436942391857,325.7588806152344,795,0.0,0.0
2001-04-16 00:00:00-04:00,324.5743068668511,325.75889122593543,307.99023538647384,315.0976867675781,905,0.0,0.0
2001-04-17 00:00:00-04:00,315.09769622218124,345.8967261623032,310.9516782276844,343.5275573730469,556,0.0,0.0
2001-04-18 00:00:00-04:00,342.93527404837147,361.29622162704777,328.72031685366056,347.673583984375,2905,0.0,0.0
2001-04-19 00:00:00-04:00,345.896723928853,369.5882747349317,335.23551921944227,358.33477783203125,5203,0.0,0.0
2001-04-20 00:00:00-04:00,356.55792456092684,395.0566976038984,352.4119066406116,387.94921875,8941,0.0,0.0
2001-04-23 00:00:00-04:00,395.05668681563264,395.6489789861749,366.034534779266,379.06488037109375,4830,0.0,0.0
2001-04-24 00:00:00-04:00,384.98779296875,405.7179103751769,376.10346476219615,384.98779296875,2405,0.0,0.0
2001-04-25 00:00:00-04:00,386.17235562262624,394.4643911636329,379.6571691908638,389.1337890625,2856,0.0,0.0
2001-04-26 00:00:00-04:00,383.80321100531654,383.80321100531654,367.21913888436825,370.1805725097656,3055,0.0,0.0
2001-04-27 00:00:00-04:00,369.5882523467111,384.9877662844949,367.81137587387843,372.5497131347656,1703,0.0,0.0
2001-04-30 00:00:00-04:00,374.9188748609219,383.80320293705057,370.18056472787316,373.1419982910156,1358,0.0,0.0
2001-05-01 00:00:00-04:00,373.14199853247345,390.9106820829302,370.1805649674147,390.3183898925781,1224,0.0,0.0
2001-05-02 00:00:00-04:00,396.83357118093465,407.4947483015873,386.76465885584525,395.64898681640625,833,0.0,0.0
2001-05-03 00:00:00-04:00,385.58008028500967,387.949221662964,370.7728576660156,370.7728576660156,582,0.0,0.0
2001-05-04 00:00:00-04:00,379.06487855849554,379.06487855849554,360.70393090628585,374.3265686035156,1588,0.0,0.0
2001-05-07 00:00:00-04:00,373.73428537510296,374.9188697388569,358.33477080640426,358.92706298828125,3595,0.0,0.0
2001-05-08 00:00:00-04:00,359.51933923588524,361.29621570276316,328.720311463533,355.3733215332031,4233,0.0,0.0
2001-05-09 00:00:00-04:00,352.41189533174605,381.43404722933565,352.41189533174605,374.3265686035156,1129,0.0,0.0
2001-05-10 00:00:00-04:00,371.9574314773355,379.06488279590656,353.5964562331757,361.8885192871094,442,0.0,0.0
2001-05-11 00:00:00-04:00,364.2576731602398,364.2576731602398,340.56612230342853,355.96563720703125,732,0.0,0.0
2001-05-14 00:00:00-04:00,361.8885078583891,370.1805432637533,355.3733215332031,355.3733215332031,274,0.0,0.0
2001-05-15 00:00:00-04:00,357.15022159654717,373.1420013082063,351.22732703566896,355.96563720703125,709,0.0,0.0
2001-05-16 00:00:00-04:00,363.07308087471915,376.10345410261084,355.37333728372033,358.92706298828125,1079,0.0,0.0
2001-05-17 00:00:00-04:00,363.0730858349494,376.6957514308282,361.2962366517445,373.1419982910156,1020,0.0,0.0
2001-05-18 00:00:00-04:00,359.5193523153034,373.1419902301971,359.5193523153034,366.6268310546875,798,0.0,0.0
2001-05-21 00:00:00-04:00,365.44225838405004,367.2191349723805,361.8885325940907,363.0730895996094,1109,0.0,0.0
2001-05-22 00:00:00-04:00,364.84994912859366,364.84994912859366,350.63501924670436,352.4118957519531,2559,0.0,0.0
2001-05-23 00:00:00-04:00,353.5964562331757,367.21912146938797,349.4504383995591,361.8885192871094,2038,0.0,0.0
2001-05-24 00:00:00-04:00,364.84994754753905,367.2191162109375,358.33476110989363,367.2191162109375,633,0.0,0.0
2001-05-25 00:00:00-04:00,369.58825748763564,369.58825748763564,358.33476110989363,367.2191162109375,324,0.0,0.0
2001-05-29 00:00:00-04:00,369.5882679674576,383.8031981908174,364.2576657103601,376.10345458984375,1382,0.0,0.0
2001-05-30 00:00:00-04:00,382.0263412238049,384.3954825192734,370.7728447569034,379.06488037109375,1902,0.0,0.0
2001-05-31 00:00:00-04:00,379.0648863881347,383.8031964409851,364.2576640496396,371.3651428222656,1442,0.0,0.0
2001-06-01 00:00:00-04:00,365.4422432591625,377.8802967025861,364.84995108756607,376.69573974609375,792,0.0,0.0
2001-06-04 00:00:00-04:00,370.7728360500315,384.9877656491341,368.4036674234979,374.9188537597656,1295,0.0,0.0
2001-06-05 00:00:00-04:00,372.5497321524934,385.580078125,367.2191298485813,385.580078125,986,0.0,0.0
2001-06-06 00:00:00-04:00,375.51117025922406,387.9492241947336,367.21913430221775,382.6186218261719,1271,0.0,0.0
2001-06-07 00:00:00-04:00,382.0263593621326,393.2798289766401,382.0263593621326,384.98779296875,2086,0.0,0.0
2001-06-08 00:00:00-04:00,384.9877906062889,390.9106851698798,379.06489604269797,382.6186218261719,1765,0.0,0.0
2001-06-11 00:00:00-04:00,387.94920829740624,399.794996939173,383.21089831803965,398.61041259765625,1926,0.0,0.0
2001-06-12 00:00:00-04:00,399.20272430941054,426.4480285644531,393.2798296986011,426.4480285644531,2356,0.0,0.0
2001-06-13 00:00:00-04:00,442.439786899844,456.06245205839275,415.1945113561476,418.15594482421875,6138,0.0,0.0
2001-06-14 00:00:00-04:00,426.4480066745972,426.4480066745972,411.0484924316406,411.0484924316406,4885,0.0,0.0
2001-06-15 00:00:00-04:00,408.6793230961837,414.6022173934299,400.38728751205923,413.4176330566406,2508,0.0,0.0
2001-06-18 00:00:00-04:00,412.2330487198513,418.1559430170975,408.6793230961837,413.4176330566406,1602,0.0,0.0
2001-06-19 00:00:00-04:00,414.60221918519323,419.93282133708175,408.67932486235037,418.15594482421875,973,0.0,0.0
2001-06-20 00:00:00-04:00,415.19450932197464,484.4923095703125,409.27161502815,484.4923095703125,4479,0.0,0.0
2001-06-21 00:00:00-04:00,480.3462962658946,488.0460671357736,453.10099321457733,461.9853210449219,1721,0.0,0.0
2001-06-22 00:00:00-04:00,470.8696667777545,472.64651587601395,414.6022126744052,438.29376220703125,2508,0.0,0.0
2001-06-25 00:00:00-04:00,456.654713467436,483.3077240298818,438.886058016939,447.7703857421875,7118,0.0,0.0
2001-06-26 00:00:00-04:00,460.2084700070249,463.16990347598835,421.7096979769981,437.70147705078125,4921,0.0,0.0
2001-06-27 00:00:00-04:00,441.8475043860067,444.2166731216051,432.3708842170152,439.4783630371094,3802,0.0,0.0
2001-06-28 00:00:00-04:00,433.5554770978395,447.77040763044226,432.3708927067805,443.6243896484375,1823,0.0,0.0
2001-06-29 00:00:00-04:00,440.6629561891662,503.4455729069305,438.29378740634036,470.2773742675781,3045,0.0,0.0
2001-07-02 00:00:00-04:00,453.10098785467665,458.4315899671658,438.2937658503624,447.7703857421875,3218,0.0,0.0
2001-07-03 00:00:00-04:00,437.10920288431475,448.36269982597173,432.3708927067805,443.6243896484375,3365,0.0,0.0
2001-07-05 00:00:00-04:00,440.07065279772166,444.2166706754874,432.3708818361274,437.10919189453125,1118,0.0,0.0
2001-07-06 00:00:00-04:00,430.0017511664493,431.7786277524389,414.6022362479774,416.9714050292969,847,0.0,0.0
2001-07-09 00:00:00-04:00,420.52512901696343,422.894270401454,395.05670166015625,395.05670166015625,3033,0.0,0.0
2001-07-10 00:00:00-04:00,392.09526368340823,408.08704316271474,390.9106793111037,407.4947509765625,1273,0.0,0.0
2001-07-11 00:00:00-04:00,402.7564219773949,414.60221037125353,402.7564219773949,414.0099182128906,1026,0.0,0.0
2001-07-12 00:00:00-04:00,414.60223548705574,423.4865636272952,414.60223548705574,419.3405456542969,2826,0.0,0.0
2001-07-13 00:00:00-04:00,414.6022317820582,439.47836678444975,414.6022317820582,429.4094543457031,3886,0.0,0.0
2001-07-16 00:00:00-04:00,429.40946217650696,437.1092059998679,423.48656756569756,426.4480285644531,2467,0.0,0.0
2001-07-17 00:00:00-04:00,420.5251071022935,432.3708681808355,415.78679719353664,416.37908935546875,941,0.0,0.0
2001-07-18 00:00:00-04:00,400.38728729214046,400.9795794602098,370.18055104080656,393.8721008300781,2809,0.0,0.0
2001-07-19 00:00:00-04:00,389.1337927676593,434.74004345083864,388.54150059670496,418.15594482421875,941,0.0,0.0
2001-07-20 00:00:00-04:00,405.71790962271604,422.30198160773864,405.71790962271604,421.709716796875,1406,0.0,0.0
2001-07-23 00:00:00-04:00,412.233067366536,428.81716667163977,395.0567032529478,399.7950134277344,547,0.0,0.0
2001-07-24 00:00:00-04:00,410.4562012394231,410.4562012394231,389.133792638923,398.61041259765625,759,0.0,0.0
2001-07-25 00:00:00-04:00,391.50296372337306,402.756432876708,391.50296372337306,400.9795837402344,774,0.0,0.0
2001-07-26 00:00:00-04:00,404.5333138481764,423.4865540903111,398.61041942583415,417.56365966796875,1947,0.0,0.0
2001-07-27 00:00:00-04:00,429.40943217022686,432.3708655753416,414.0099182128906,414.0099182128906,1962,0.0,0.0
2001-07-30 00:00:00-04:00,414.60221044988845,419.93281248946585,392.0952453613281,392.0952453613281,3685,0.0,0.0
2001-07-31 00:00:00-04:00,398.0181120971914,416.37908684634226,397.4258199388285,414.0099182128906,1570,0.0,0.0
2001-08-01 00:00:00-04:00,415.786818270632,416.9714026545453,399.20271905595075,414.60223388671875,4111,0.0,0.0
2001-08-02 00:00:00-04:00,412.23305813336924,418.74824474778717,412.23305813336924,415.19451904296875,2511,0.0,0.0
2001-08-03 00:00:00-04:00,416.37909813257573,420.5251159667969,411.6407881239372,420.5251159667969,1592,0.0,0.0
2001-08-06 00:00:00-04:00,416.9713813210178,452.50869192660684,416.9713813210178,438.29376220703125,3395,0.0,0.0
2001-08-07 00:00:00-04:00,437.70147151536213,439.4783480062891,420.5251083165354,423.4865417480469,480,0.0,0.0
2001-08-08 00:00:00-04:00,417.5636481357679,436.51691524115535,417.5636481357679,421.1174011230469,903,0.0,0.0
2001-08-09 00:00:00-04:00,422.8942714330524,423.4865636272952,412.2330667100844,419.3405456542969,530,0.0,0.0
2001-08-10 00:00:00-04:00,414.00992943490616,420.5251159667969,414.00992943490616,420.5251159667969,382,0.0,0.0
2001-08-13 00:00:00-04:00,438.8860768234333,438.8860768234333,412.2330651188922,414.60223388671875,655,0.0,0.0
2001-08-14 00:00:00-04:00,414.6022216093236,420.5251159667969,408.6793272518502,420.5251159667969,988,0.0,0.0
2001-08-15 00:00:00-04:00,416.9713830014269,429.4094362861688,401.5718688964844,401.5718688964844,2095,0.0,0.0
2001-08-16 00:00:00-04:00,402.7564270180065,412.82533906279167,396.8335601336507,408.6793212890625,1002,0.0,0.0
2001-08-17 00:00:00-04:00,396.83355712890625,408.0870260333335,390.9106629026972,396.83355712890625,482,0.0,0.0
2001-08-20 00:00:00-04:00,391.50296372337306,400.9795837402344,391.50296372337306,400.9795837402344,508,0.0,0.0
2001-08-21 00:00:00-04:00,393.8720993047726,414.60221556011857,393.8720993047726,408.6793212890625,879,0.0,0.0
2001-08-22 00:00:00-04:00,408.6793447630945,422.8942753980967,400.38730873935197,409.2716369628906,1014,0.0,0.0
2001-08-23 00:00:00-04:00,409.2716152645784,415.7868017302192,404.5333053041215,413.4176330566406,1121,0.0,0.0
2001-08-24 00:00:00-04:00,403.9410225947031,414.0099349197925,395.64898681640625,395.64898681640625,1220,0.0,0.0
2001-08-27 00:00:00-04:00,394.46439545737064,408.6793254195542,393.8721032856088,396.24127197265625,850,0.0,0.0
2001-08-28 00:00:00-04:00,407.49474038563113,414.6022190480313,397.4258282561395,398.61041259765625,386,0.0,0.0
2001-08-29 00:00:00-04:00,393.8720967488488,416.37908935546875,392.68751242498456,416.37908935546875,664,0.0,0.0
2001-08-30 00:00:00-04:00,394.46440871352706,414.60223368336966,386.1723728036041,397.42584228515625,561,0.0,0.0
2001-08-31 00:00:00-04:00,402.75642396841533,410.45619467849707,391.5029550639881,396.83355712890625,1170,0.0,0.0
2001-09-04 00:00:00-04:00,397.42583896406376,405.1256100046788,383.8032008296848,387.94921875,1527,0.0,0.0
2001-09-05 00:00:00-04:00,405.1256050468764,416.9713938628416,393.8721084103796,410.4562072753906,1133,0.0,0.0
2001-09-06 00:00:00-04:00,396.8335601336507,414.60221556011857,396.8335601336507,408.6793212890625,1194,0.0,0.0
2001-09-07 00:00:00-04:00,400.3873040086369,408.67933993440613,383.21091257759895,395.05670166015625,983,0.0,0.0
2001-09-10 00:00:00-04:00,381.4340460312273,399.7949936257641,345.89670778715265,367.2191162109375,3627,0.0,0.0
2001-09-17 00:00:00-04:00,355.3733442512845,372.54973570237996,347.08130831583236,358.33477783203125,2241,0.0,0.0
2001-09-18 00:00:00-04:00,343.527549688825,352.4119050631041,316.8745657260909,317.46685791015625,1821,0.0,0.0
2001-09-19 00:00:00-04:00,319.8360064139922,357.1502231378673,302.6596422386907,343.5275573730469,4317,0.0,0.0
2001-09-20 00:00:00-04:00,350.0427249206309,352.41189357969245,318.05913973020125,328.1280517578125,1805,0.0,0.0
2001-09-21 00:00:00-04:00,302.0673408409777,340.5661134001796,287.2601185192308,334.6432189941406,2930,0.0,0.0
2001-09-24 00:00:00-04:00,343.52753818944916,350.042724609375,310.9516608632204,350.042724609375,1571,0.0,0.0
2001-09-25 00:00:00-04:00,346.48900080799774,355.37332854426427,339.9738143542754,354.7810363769531,1418,0.0,0.0
2001-09-26 00:00:00-04:00,353.59646517008196,358.334775297787,346.489013671875,346.489013671875,553,0.0,0.0
2001-09-27 00:00:00-04:00,358.3347718105352,358.3347718105352,317.4668576268114,337.01239013671875,1029,0.0,0.0
2001-09-28 00:00:00-04:00,337.0123929804538,369.58827164294337,322.7974626157292,366.0345458984375,2506,0.0,0.0
2001-10-01 00:00:00-04:00,353.59645020810717,369.58825648245227,346.48899901064283,350.042724609375,777,0.0,0.0
2001-10-02 00:00:00-04:00,345.89670778715265,390.9106659114205,340.56610568120647,367.2191162109375,2236,0.0,0.0
2001-10-03 00:00:00-04:00,367.81138444486163,376.10344745794146,355.37333100529264,357.15020751953125,2844,0.0,0.0
2001-10-04 00:00:00-04:00,363.0730681274564,364.25765244962037,341.750687262005,345.3044128417969,2279,0.0,0.0
2001-10-05 00:00:00-04:00,346.48900145449085,360.1116391679639,344.712124949242,352.4118957519531,965,0.0,0.0
2001-10-08 00:00:00-04:00,343.52754576433136,357.7425032461044,336.4200944101456,347.081298828125,747,0.0,0.0
2001-10-09 00:00:00-04:00,347.0813017446044,353.5964609762372,328.72032625415466,339.38153076171875,1156,0.0,0.0
2001-10-10 00:00:00-04:00,331.6817809675885,354.1887465399929,322.7974531728684,337.60467529296875,1883,0.0,0.0
2001-10-11 00:00:00-04:00,338.1969412241002,368.9959699111383,334.64321557150373,364.2576599121094,1792,0.0,0.0
2001-10-12 00:00:00-04:00,355.37332766734585,370.1805496534853,352.41189422479806,367.2191162109375,2186,0.0,0.0
2001-10-15 00:00:00-04:00,350.0427381934648,405.1256103515625,350.0427381934648,405.1256103515625,1235,0.0,0.0
2001-10-16 00:00:00-04:00,400.387303439864,414.60223388671875,392.0952675258741,414.60223388671875,1009,0.0,0.0
2001-10-17 00:00:00-04:00,414.60222686104885,441.2552381139395,403.9410223598926,415.19451904296875,1433,0.0,0.0
2001-10-18 00:00:00-04:00,412.82535493268523,419.93283380851926,403.34873468937406,412.2330627441406,911,0.0,0.0
2001-10-19 00:00:00-04:00,414.60223388671875,414.60223388671875,399.7950112479074,414.60223388671875,456,0.0,0.0
2001-10-22 00:00:00-04:00,410.4562072753906,420.52511955295074,406.3101894058131,410.4562072753906,614,0.0,0.0
2001-10-23 00:00:00-04:00,423.4865488556285,485.0845788811578,399.7949988458095,461.9853210449219,8812,0.0,0.0
2001-10-24 00:00:00-04:00,473.2388467770564,485.0845807474907,426.44801136427606,447.1781005859375,5086,0.0,0.0
2001-10-25 00:00:00-04:00,461.98533759772135,484.4923314534938,429.4094585903737,480.3463134765625,6461,0.0,0.0
2001-10-26 00:00:00-04:00,479.16171846414386,491.00750732421875,462.57764692408017,491.00750732421875,6698,0.0,0.0
2001-10-29 00:00:00-05:00,492.7843438190317,500.4841145962229,479.7539709304619,489.2305908203125,2627,0.0,0.0
2001-10-30 00:00:00-05:00,487.45376263059933,488.63834701435155,461.98533531343367,477.9771423339844,2520,0.0,0.0
2001-10-31 00:00:00-05:00,485.67689844144144,499.29953627374977,453.10099321457733,461.9853210449219,3209,0.0,0.0
2001-11-01 00:00:00-05:00,459.61614805890883,484.4923095703125,453.6932811517845,484.4923095703125,3535,0.0,0.0
2001-11-02 00:00:00-05:00,479.7539823828344,519.4373667755924,476.7925488665753,512.9221801757812,5047,0.0,0.0
2001-11-05 00:00:00-05:00,511.145335122784,556.7515869140625,508.18390158275855,556.7515869140625,9508,0.0,0.0
2001-11-06 00:00:00-05:00,550.2364094067334,553.7901078044645,530.0985843171128,533.6522827148438,6097,0.0,0.0
2001-11-07 00:00:00-05:00,530.0985703639549,550.8286597164094,518.2527815453801,534.8368530273438,4168,0.0,0.0
2001-11-08 00:00:00-05:00,534.8368539241808,550.8286606400623,503.445560059711,512.9221801757812,3562,0.0,0.0
2001-11-09 00:00:00-05:00,517.0681775025442,524.1756286137635,506.4069734490155,512.3298950195312,2936,0.0,0.0
2001-11-12 00:00:00-05:00,524.1756286137635,524.1756286137635,416.37908592447263,512.3298950195312,4127,0.0,0.0
2001-11-13 00:00:00-05:00,499.2995544874927,533.6522827148438,488.6383497474933,533.6522827148438,2583,0.0,0.0
2001-11-14 00:00:00-05:00,531.2831512494498,534.2445847413802,489.23059847979266,525.3602294921875,1123,0.0,0.0
2001-11-15 00:00:00-05:00,517.0681854677636,527.1371249060484,499.2995300292969,499.2995300292969,1497,0.0,0.0
2001-11-16 00:00:00-05:00,503.44554385767367,521.2141991567939,498.1149417905976,511.7375793457031,842,0.0,0.0
2001-11-19 00:00:00-05:00,517.0681836361636,536.0214233398438,506.4069794561684,536.0214233398438,3415,0.0,0.0
2001-11-20 00:00:00-05:00,536.021434645044,536.021434645044,499.29953879133905,503.445556640625,1455,0.0,0.0
2001-11-21 00:00:00-05:00,505.81473019678697,517.6605190683566,503.44556146779263,508.18389892578125,544,0.0,0.0
2001-11-23 00:00:00-05:00,504.03785219053384,527.7294311523438,504.03785219053384,527.7294311523438,248,0.0,0.0
2001-11-26 00:00:00-05:00,528.9139797372324,533.0599975585938,517.0681910590278,533.0599975585938,2105,0.0,0.0
2001-11-27 00:00:00-05:00,518.8450336828001,575.7048076703758,518.8450336828001,553.1978149414062,8179,0.0,0.0
2001-11-28 00:00:00-05:00,553.7900838077247,562.6744389638833,538.9828617297278,540.759765625,3241,0.0,0.0
2001-11-29 00:00:00-05:00,553.1978593655978,559.7130463187658,527.1371663263307,527.7294311523438,2023,0.0,0.0
2001-11-30 00:00:00-05:00,521.8065209487837,565.6358672235191,521.2142013980061,536.0214233398438,6829,0.0,0.0
2001-12-03 00:00:00-05:00,547.8672281739325,562.6744505570118,536.0214393127887,547.2749633789062,1185,0.0,0.0
2001-12-04 00:00:00-05:00,541.9443359375,547.8672027060435,536.0214143955573,541.9443359375,2170,0.0,0.0
2001-12-05 00:00:00-05:00,537.2060390367743,562.674466645771,533.0600210328356,543.12890625,1685,0.0,0.0
2001-12-06 00:00:00-05:00,537.2060023781575,604.1346602327726,537.2060023781575,573.3356323242188,8845,0.0,0.0
2001-12-07 00:00:00-05:00,574.5202266231066,591.6966173505623,562.6744380257785,584.589111328125,2338,0.0,0.0
2001-12-10 00:00:00-05:00,587.5505574211803,603.542364155516,577.4816724995998,586.3660278320312,3077,0.0,0.0
2001-12-11 00:00:00-05:00,591.1043359135417,591.1043359135417,547.867251302479,574.520263671875,2002,0.0,0.0
2001-12-12 00:00:00-05:00,557.3438578001359,573.9279296241348,533.0600148692506,541.35205078125,2542,0.0,0.0
2001-12-13 00:00:00-05:00,540.1674695744484,569.1896502105343,536.0214515940652,550.8286743164062,1815,0.0,0.0
2001-12-14 00:00:00-05:00,574.5202525815132,576.8894213627045,550.8286743164062,550.8286743164062,1903,0.0,0.0
2001-12-17 00:00:00-05:00,549.6440506893204,574.5202115692314,538.9828467084154,568.5972900390625,4815,0.0,0.0
2001-12-18 00:00:00-05:00,574.5202440554702,623.6801942819253,571.5588105096313,610.0575561523438,11265,0.0,0.0
2001-12-19 00:00:00-05:00,621.3110632120876,653.2946213097907,599.9886546313516,618.94189453125,18464,0.0,0.0
2001-12-20 00:00:00-05:00,612.4267406406994,618.9419274730585,595.2503489505534,604.1347045898438,3338,0.0,0.0
2001-12-21 00:00:00-05:00,604.1346688822672,613.0189692230443,592.2888803211638,609.4652709960938,3838,0.0,0.0
2001-12-24 00:00:00-05:00,610.0575205775701,621.9033088435558,604.1346538312769,615.3881225585938,968,0.0,0.0
2001-12-26 00:00:00-05:00,614.7958808804,615.9804652288225,593.4734721555975,606.5038452148438,1623,0.0,0.0
2001-12-27 00:00:00-05:00,608.8729678888935,649.740936789912,601.1732516735902,639.6719970703125,5180,0.0,0.0
2001-12-28 00:00:00-05:00,633.7491059697724,656.2560985124677,633.7491059697724,651.5177612304688,7005,0.0,0.0
2001-12-31 00:00:00-05:00,675.2093524958489,681.1322194512821,611.2421264648438,611.2421264648438,4741,0.0,0.0
2002-01-02 00:00:00-05:00,645.0025698107979,663.36354447487,595.2503026058478,602.9500732421875,6271,0.0,0.0
2002-01-03 00:00:00-05:00,614.2035627862994,621.9033336827332,562.6744447605681,603.5423583984375,7256,0.0,0.0
2002-01-04 00:00:00-05:00,603.542358446092,610.0575449917887,563.2667095939674,564.4512939453125,3748,0.0,0.0
2002-01-07 00:00:00-05:00,565.6358890631819,589.3274669942335,551.420986123273,553.7901000976562,5442,0.0,0.0
2002-01-08 00:00:00-05:00,553.790111053379,577.481689453125,553.790111053379,577.481689453125,4900,0.0,0.0
2002-01-09 00:00:00-05:00,582.2200349726793,586.3660530330959,562.6744743106541,574.520263671875,2958,0.0,0.0
2002-01-10 00:00:00-05:00,566.8204956054688,573.9279473533962,547.8672544287257,566.8204956054688,1958,0.0,0.0
2002-01-11 00:00:00-05:00,562.0822018342544,566.2282198381964,556.1592798476206,560.3052978515625,1944,0.0,0.0
2002-01-14 00:00:00-05:00,550.8286459689903,577.481656452235,547.8672125316076,575.1124877929688,4215,0.0,0.0
2002-01-15 00:00:00-05:00,576.2970839695325,601.1732458564068,575.112499615548,598.8040771484375,4826,0.0,0.0
2002-01-16 00:00:00-05:00,599.9886579628467,610.649862312412,583.4045318782998,589.3274536132812,3165,0.0,0.0
2002-01-17 00:00:00-05:00,586.3660528016622,592.2889200932328,580.4431307366874,591.6966552734375,4027,0.0,0.0
2002-01-18 00:00:00-05:00,576.8894278097225,586.9583130822056,562.6744697371188,569.7819213867188,1983,0.0,0.0
2002-01-22 00:00:00-05:00,568.597314005195,580.4431027914286,537.79833984375,537.79833984375,3792,0.0,0.0
2002-01-23 00:00:00-05:00,544.9058149031606,568.5973387325304,538.9828928657652,547.8672485351562,2662,0.0,0.0
2002-01-24 00:00:00-05:00,553.7901000976562,562.0821907149059,540.75978153164,553.7901000976562,2058,0.0,0.0
2002-01-25 00:00:00-05:00,559.1207023934727,569.7819069851056,549.6440821757326,553.7901000976562,3277,0.0,0.0
2002-01-28 00:00:00-05:00,568.0050406109607,574.5202270833809,553.7900833280986,562.6744384765625,2232,0.0,0.0
2002-01-29 00:00:00-05:00,560.8975970495823,571.5588014646094,544.9057904270418,559.7130126953125,1277,0.0,0.0
2002-01-30 00:00:00-05:00,562.6744418674045,562.6744418674045,518.2527754041884,533.0599975585938,3006,0.0,0.0
2002-01-31 00:00:00-05:00,527.1371583377822,553.7901157991478,518.252802668391,547.8672485351562,2408,0.0,0.0
2002-02-01 00:00:00-05:00,547.2749633789062,552.6055656277508,523.5833856566186,547.2749633789062,1400,0.0,0.0
2002-02-04 00:00:00-05:00,536.0214233398438,548.4594766253714,518.2527679643187,536.0214233398438,3444,0.0,0.0
2002-02-05 00:00:00-05:00,537.2060359846608,551.4209938984056,533.0600180042776,550.8286743164062,1856,0.0,0.0
2002-02-06 00:00:00-05:00,530.0985741292578,568.5973195963311,524.1756522911988,561.4898681640625,4079,0.0,0.0
2002-02-07 00:00:00-05:00,554.3824029681668,562.0821737797804,501.668701171875,501.668701171875,5659,0.0,0.0
2002-02-08 00:00:00-05:00,494.56121535745075,534.2446006023465,489.2306130043574,519.4373779296875,2285,0.0,0.0
2002-02-11 00:00:00-05:00,519.4373643132672,537.2060200999937,508.77615988655094,510.5530090332031,1927,0.0,0.0
2002-02-12 00:00:00-05:00,497.5226902610327,536.0214353051568,497.5226902610327,520.6219482421875,3652,0.0,0.0
2002-02-13 00:00:00-05:00,470.2773474508901,473.83110042248273,370.7728393669968,416.37908935546875,23258,0.0,0.0
2002-02-14 00:00:00-05:00,420.52511383360303,423.486547303967,356.5579153481184,357.15020751953125,9768,0.0,0.0
2002-02-15 00:00:00-05:00,370.77284245543314,370.77284245543314,334.64321198352485,335.2355041503906,11423,0.0,0.0
2002-02-19 00:00:00-05:00,337.60469017330945,352.41191294605636,325.7589010004313,343.5275573730469,16436,0.0,0.0
2002-02-20 00:00:00-05:00,345.8967083805734,349.45043399506756,331.68177853589646,335.2355041503906,6274,0.0,0.0
2002-02-21 00:00:00-05:00,335.23552388504646,342.9352951208712,296.1444576642956,302.0673522949219,6762,0.0,0.0
2002-02-22 00:00:00-05:00,310.3593700755309,335.2355041503906,276.5989082710856,335.2355041503906,7311,0.0,0.0
2002-02-25 00:00:00-05:00,320.4282963178723,335.23551898463796,319.8360041247975,331.6817932128906,2432,0.0,0.0
2002-02-26 00:00:00-05:00,331.681776710023,331.681776710023,325.75888246067075,330.4971923828125,1614,0.0,0.0
2002-02-27 00:00:00-05:00,331.6817844569353,331.6817844569353,326.35118224668435,327.5357666015625,2164,0.0,0.0
2002-02-28 00:00:00-05:00,330.4972071995633,331.6817915798807,325.7588970649951,326.9434814453125,1120,0.0,0.0
2002-03-01 00:00:00-05:00,327.5357752480685,331.6817932128906,325.7588986688441,331.6817932128906,850,0.0,0.0
2002-03-04 00:00:00-05:00,331.68178267442323,338.7892339920941,322.7974548339844,322.7974548339844,3309,0.0,0.0
2002-03-05 00:00:00-05:00,322.7974548339844,331.68178267442323,320.4282861369603,322.7974548339844,1583,0.0,0.0
2002-03-06 00:00:00-05:00,328.72032821671763,328.72032821671763,314.5053979173316,324.5743103027344,3345,0.0,0.0
2002-03-07 00:00:00-05:00,326.9434699848004,326.9434699848004,296.14444149636984,300.88275146484375,5689,0.0,0.0
2002-03-08 00:00:00-05:00,305.62106682499297,305.62106682499297,287.2601187965758,295.5521545410156,11100,0.0,0.0
2002-03-11 00:00:00-05:00,303.8441830792464,305.02876741084356,294.9598553656685,296.1444396972656,4205,0.0,0.0
2002-03-12 00:00:00-05:00,301.47503601508214,306.8056380182329,296.1444340119314,303.84417724609375,4291,0.0,0.0
2002-03-13 00:00:00-05:00,307.9902484719132,310.9516821087443,301.47506160684253,306.8056640625,7103,0.0,0.0
2002-03-14 00:00:00-05:00,312.13625493315203,324.5743086102437,306.805652675341,319.83599853515625,6044,0.0,0.0
2002-03-15 00:00:00-05:00,317.4668657345921,329.90491974641515,314.5054047412758,323.9820251464844,12283,0.0,0.0
2002-03-18 00:00:00-05:00,324.5743173451476,331.68179634240494,322.7974681358596,323.9820251464844,3897,0.0,0.0
2002-03-19 00:00:00-05:00,325.7588867548516,365.4422431459106,325.16659458343867,357.15020751953125,7482,0.0,0.0
2002-03-20 00:00:00-05:00,363.07307550539787,368.4036776767579,344.7121276855469,344.7121276855469,11671,0.0,0.0
2002-03-21 00:00:00-05:00,347.0813105569313,355.373346545925,340.56612377317816,343.5275573730469,5858,0.0,0.0
2002-03-22 00:00:00-05:00,344.71212589155124,349.45043586513367,338.19693940786266,339.97381591796875,4271,0.0,0.0
2002-03-25 00:00:00-05:00,347.0812899653191,348.8581390651429,329.9048994223555,342.9352722167969,2505,0.0,0.0
2002-03-26 00:00:00-05:00,341.75069775872754,348.2658569573396,326.3511832577066,334.6432189941406,2279,0.0,0.0
2002-03-27 00:00:00-05:00,345.89670181658704,369.5882511081273,341.15839195827897,355.3733215332031,7647,0.0,0.0
2002-03-28 00:00:00-05:00,364.2576529065344,369.58825497625884,356.5579095762103,364.8499450683594,2435,0.0,0.0
2002-04-01 00:00:00-05:00,370.18056692842134,370.18056692842134,358.33477783203125,358.33477783203125,1265,0.0,0.0
2002-04-02 00:00:00-05:00,358.92706370884434,369.588268230631,355.9656301802152,356.55792236328125,1415,0.0,0.0
2002-04-03 00:00:00-05:00,363.66537761479293,363.66537761479293,328.720330152955,346.489013671875,4585,0.0,0.0
2002-04-04 00:00:00-05:00,340.56611803862336,370.18056308546016,334.64322355191575,368.4036865234375,2159,0.0,0.0
2002-04-05 00:00:00-05:00,363.07307104999023,380.24946169952807,354.1887433356467,367.2191162109375,2889,0.0,0.0
2002-04-08 00:00:00-04:00,361.8885364492915,373.142006135163,355.373349609375,370.1805725097656,1139,0.0,0.0
2002-04-09 00:00:00-04:00,366.6268225794926,383.21089361018556,366.0345304160107,382.0263366699219,3133,0.0,0.0
2002-04-10 00:00:00-04:00,383.2109069824219,389.7260936213718,367.81139235462285,383.2109069824219,3473,0.0,0.0
2002-04-11 00:00:00-04:00,386.17237031284594,392.09526480460397,382.0263523846257,385.580078125,2252,0.0,0.0
2002-04-12 00:00:00-04:00,390.9106682205974,414.0099258916821,385.5800660831624,411.0484924316406,2989,0.0,0.0
2002-04-15 00:00:00-04:00,414.6022378127927,421.709716796875,396.8335814326394,421.709716796875,3626,0.0,0.0
2002-04-16 00:00:00-04:00,424.0788354391281,430.0017297101841,399.20270141005295,408.6793212890625,4630,0.0,0.0
2002-04-17 00:00:00-04:00,411.64078211794066,411.64078211794066,403.94101134955775,408.6793212890625,2418,0.0,0.0
2002-04-18 00:00:00-04:00,410.4561977863894,410.4561977863894,402.7564270180065,408.6793212890625,2839,0.0,0.0
2002-04-19 00:00:00-04:00,406.31017366379183,409.863899216216,399.20269517224364,406.9024658203125,1726,0.0,0.0
2002-04-22 00:00:00-04:00,407.49474402965427,417.5636562491872,368.9959716796875,368.9959716796875,5026,0.0,0.0
2002-04-23 00:00:00-04:00,393.27981044753125,402.75643040626454,373.141986188548,398.61041259765625,4256,0.0,0.0
2002-04-24 00:00:00-04:00,391.5029550639881,410.45619467849707,390.9106629026972,396.83355712890625,2332,0.0,0.0
2002-04-25 00:00:00-04:00,389.13379949685765,405.7178984102624,385.5800737963784,398.01812744140625,2086,0.0,0.0
2002-04-26 00:00:00-04:00,396.24126250570225,397.4258194342242,367.81137587387843,372.5497131347656,6935,0.0,0.0
2002-04-29 00:00:00-04:00,384.98778098119107,387.35694970207635,327.5357681401333,351.8196105957031,4642,0.0,0.0
2002-04-30 00:00:00-04:00,355.3733294133473,376.10344577313265,343.5275408115556,371.9574279785156,3439,0.0,0.0
2002-05-01 00:00:00-04:00,367.21913027550653,376.1034583301218,351.8196155337129,366.0345458984375,1611,0.0,0.0
2002-05-02 00:00:00-04:00,353.5964579302668,371.36514108537665,353.5964579302668,366.6268310546875,1100,0.0,0.0
2002-05-03 00:00:00-04:00,361.88850977707995,365.4422353429775,354.18873909981875,360.11163330078125,623,0.0,0.0
2002-05-06 00:00:00-04:00,361.29623715813767,365.4422551070287,352.41190906955666,353.5964660644531,1361,0.0,0.0
2002-05-07 00:00:00-04:00,349.450439453125,355.37333382759164,331.6817837164257,349.450439453125,2871,0.0,0.0
2002-05-08 00:00:00-04:00,346.489013671875,355.3733417379844,340.56611916556835,346.489013671875,1712,0.0,0.0
2002-05-09 00:00:00-04:00,346.48901992734494,361.2962427670887,343.5275589273751,348.265869140625,1136,0.0,0.0
2002-05-10 00:00:00-04:00,346.48900665082607,355.37333453690866,343.52754576433136,347.081298828125,1624,0.0,0.0
2002-05-13 00:00:00-04:00,354.78105434861095,355.373346545925,334.64322918673906,343.5275573730469,992,0.0,0.0
2002-05-14 00:00:00-04:00,344.11984578507327,353.5964660644531,340.56612002698114,353.5964660644531,1736,0.0,0.0
2002-05-15 00:00:00-04:00,367.2191162109375,376.1034439252811,355.37332766734585,367.2191162109375,1885,0.0,0.0
2002-05-16 00:00:00-04:00,361.2962219391417,373.1419830960331,361.2962219391417,367.2191162109375,1039,0.0,0.0
2002-05-17 00:00:00-04:00,373.1420013082063,373.1420013082063,355.96563720703125,355.96563720703125,641,0.0,0.0
2002-05-20 00:00:00-04:00,353.5964493871069,362.4808044433594,350.6350159594894,362.4808044433594,1236,0.0,0.0
2002-05-21 00:00:00-04:00,361.8885263166955,369.588269959163,355.96563184503526,361.2962341308594,2021,0.0,0.0
2002-05-22 00:00:00-04:00,358.3347644756565,367.21911966014926,349.45043667786433,357.15020751953125,950,0.0,0.0
2002-05-23 00:00:00-04:00,356.5579058444551,363.0730647829413,341.15839195827897,355.3733215332031,936,0.0,0.0
2002-05-24 00:00:00-04:00,355.373346545925,359.5193645404219,340.56612377317816,343.5275573730469,902,0.0,0.0
2002-05-28 00:00:00-04:00,347.0812929753089,354.7810363769531,342.34298302352,354.7810363769531,1055,0.0,0.0
2002-05-29 00:00:00-04:00,348.2658533375534,361.2962263727449,343.5275433393112,344.7121276855469,971,0.0,0.0
2002-05-30 00:00:00-04:00,348.2658551008915,359.5193516737081,339.3815272325419,349.450439453125,747,0.0,0.0
2002-05-31 00:00:00-04:00,344.11984491467183,354.18875735938275,344.11984491467183,346.489013671875,912,0.0,0.0
2002-06-03 00:00:00-04:00,351.22731963383467,351.22731963383467,334.6432206902126,339.38153076171875,1833,0.0,0.0
2002-06-04 00:00:00-04:00,335.23551287248847,345.3044251977767,332.27407934781,339.38153076171875,3076,0.0,0.0
2002-06-05 00:00:00-04:00,338.196937852342,354.7810363769531,336.42008873710887,354.7810363769531,1018,0.0,0.0
2002-06-06 00:00:00-04:00,345.8967056409699,351.81959987601596,338.7892270815746,342.9352722167969,1391,0.0,0.0
2002-06-07 00:00:00-04:00,351.22732211423397,351.22732211423397,331.6817895079011,341.7507019042969,1471,0.0,0.0
2002-06-10 00:00:00-04:00,339.9738089163813,345.30441095021814,332.86635779573214,340.56610107421875,1635,0.0,0.0
2002-06-11 00:00:00-04:00,332.2740742101738,344.7121276855469,332.2740742101738,344.7121276855469,1141,0.0,0.0
2002-06-12 00:00:00-04:00,335.82779365740157,344.11982915444605,326.9434659981825,342.9352722167969,2447,0.0,0.0
2002-06-13 00:00:00-04:00,341.1584009335167,342.93527744714095,325.75888664220827,337.60467529296875,1585,0.0,0.0
2002-06-14 00:00:00-04:00,326.94348461933174,346.48901753751454,326.94348461933174,336.42010498046875,1752,0.0,0.0
2002-06-17 00:00:00-04:00,337.60469017330945,349.450451959486,334.050936989425,343.5275573730469,953,0.0,0.0
2002-06-18 00:00:00-04:00,347.0812999854925,349.4504413158876,334.6432189941406,334.6432189941406,648,0.0,0.0
2002-06-19 00:00:00-04:00,334.6432189941406,342.9352821172755,334.6432189941406,334.6432189941406,917,0.0,0.0
2002-06-20 00:00:00-04:00,340.566118884332,340.566118884332,325.7588963241437,329.3126220703125,1324,0.0,0.0
2002-06-21 00:00:00-04:00,349.4504494583288,355.96563619545014,325.7588986688441,331.6817932128906,9409,0.0,0.0
2002-06-24 00:00:00-04:00,326.3511954948322,331.6817979214777,325.75890329334914,328.7203369140625,1802,0.0,0.0
2002-06-25 00:00:00-04:00,325.7588848956999,346.4890012300391,325.7588848956999,332.8663635253906,2352,0.0,0.0
2002-06-26 00:00:00-04:00,325.75890329334914,332.8663823244438,312.13626481934483,328.7203369140625,2203,0.0,0.0
2002-06-27 00:00:00-04:00,332.274082085998,332.274082085998,296.1444503763401,322.2051696777344,2568,0.0,0.0
2002-06-28 00:00:00-04:00,302.0673507295195,346.4890191489576,278.9680645284545,280.15264892578125,14759,0.0,0.0
2002-07-01 00:00:00-04:00,295.5521547140019,307.99023572464256,266.530002204775,276.0066223144531,2870,0.0,0.0
2002-07-02 00:00:00-04:00,272.45289167262024,296.1444415166089,244.61529664257077,245.7998809814453,5780,0.0,0.0
2002-07-03 00:00:00-04:00,252.90737138313122,273.0451965332031,230.99266964215826,273.0451965332031,2650,0.0,0.0
2002-07-05 00:00:00-04:00,274.82203276586114,283.70638791432503,270.0837228004739,281.33721923828125,862,0.0,0.0
2002-07-08 00:00:00-04:00,278.96806230823336,294.9598693847656,266.53000839539817,294.9598693847656,2752,0.0,0.0
2002-07-09 00:00:00-04:00,284.89093844782093,293.1830012404761,263.56855777726435,269.4914245605469,1770,0.0,0.0
2002-07-10 00:00:00-04:00,267.1223005893477,295.55216157871513,257.64568025955856,294.9598693847656,2394,0.0,0.0
2002-07-11 00:00:00-04:00,273.04518364552865,293.7752726274101,263.5685637147542,281.33721923828125,1567,0.0,0.0
2002-07-12 00:00:00-04:00,286.66782853338907,286.66782853338907,263.5685702984647,280.74493408203125,615,0.0,0.0
2002-07-15 00:00:00-04:00,272.4528949534431,280.74493065201506,247.57676047102655,251.7227783203125,2358,0.0,0.0
2002-07-16 00:00:00-04:00,263.56856907540794,263.56856907540794,235.13868131815582,236.91555786132812,3068,0.0,0.0
2002-07-17 00:00:00-04:00,242.2461553515221,260.60710305727576,239.87698667377305,245.7998809814453,3383,0.0,0.0
2002-07-18 00:00:00-04:00,248.16905452801748,251.72278022766113,236.91555786132812,236.91555786132812,3126,0.0,0.0
2002-07-19 00:00:00-04:00,236.91556025573234,248.16905703615598,225.06978498161587,239.28472900390625,2065,0.0,0.0
2002-07-22 00:00:00-04:00,244.02304002615153,251.72278371310986,225.6620780125916,246.39218139648438,1679,0.0,0.0
2002-07-23 00:00:00-04:00,247.57677016087905,247.57677016087905,208.48570407091938,213.22401428222656,2700,0.0,0.0
2002-07-24 00:00:00-04:00,209.0779771825986,265.93771194451597,196.63990977551197,261.19940185546875,2638,0.0,0.0
2002-07-25 00:00:00-04:00,266.5300012268373,267.7145855828759,222.70062653371707,235.73097229003906,3533,0.0,0.0
2002-07-26 00:00:00-04:00,235.73097561655885,251.13049030226838,230.99266551224062,245.2075958251953,847,0.0,0.0
2002-07-29 00:00:00-04:00,251.72276630413003,266.52998785143177,245.79987220786944,257.6456604003906,2192,0.0,0.0
2002-07-30 00:00:00-04:00,266.52998869719346,279.56033384095554,250.538182802554,277.1911926269531,1697,0.0,0.0
2002-07-31 00:00:00-04:00,275.4143324805864,275.4143324805864,241.06157744366786,241.65386962890625,4400,0.0,0.0
2002-08-01 00:00:00-04:00,248.1690469674348,266.52999447403687,245.79987831538287,253.49964904785156,794,0.0,0.0
2002-08-02 00:00:00-04:00,252.31508214102897,266.5300128746036,251.7227899371256,265.3454284667969,994,0.0,0.0
2002-08-05 00:00:00-04:00,251.72278204999805,278.37579345703125,251.72278204999805,278.37579345703125,611,0.0,0.0
2002-08-06 00:00:00-04:00,269.4914425919264,277.1912137440966,260.60711443586206,275.4143371582031,817,0.0,0.0
2002-08-07 00:00:00-04:00,271.86060539608076,345.3044251977767,266.53000314229865,339.38153076171875,5480,0.0,0.0
2002-08-08 00:00:00-04:00,353.5964644144544,355.37334097855967,332.2740825786977,348.858154296875,4198,0.0,0.0
2002-08-09 00:00:00-04:00,354.18874199352126,354.18874199352126,329.90490021920726,330.4971923828125,1859,0.0,0.0
2002-08-12 00:00:00-04:00,340.5661097970826,344.71212762143585,319.8359932886157,325.1665954589844,1867,0.0,0.0
2002-08-13 00:00:00-04:00,320.42828350813613,325.75888564600683,290.22154718910235,300.88275146484375,1303,0.0,0.0
2002-08-14 00:00:00-04:00,290.8138331712862,329.90489642618866,286.0755233036223,321.02056884765625,2814,0.0,0.0
2002-08-15 00:00:00-04:00,332.2740877841845,344.712141767675,326.3511931977454,343.5275573730469,1374,0.0,0.0
2002-08-16 00:00:00-04:00,345.89670310805553,345.89670310805553,326.3511714462205,340.56610107421875,1148,0.0,0.0
2002-08-19 00:00:00-04:00,343.5275378220273,353.0041576663108,330.4971923828125,330.4971923828125,2015,0.0,0.0
2002-08-20 00:00:00-04:00,328.7203394461045,330.4972160642404,299.6981856700971,313.9131164550781,1073,0.0,0.0
2002-08-21 00:00:00-04:00,310.9516619796069,331.6817782555874,310.9516619796069,315.6899719238281,1383,0.0,0.0
2002-08-22 00:00:00-04:00,316.28228055670473,334.64322912314515,312.72855476019726,316.87457275390625,824,0.0,0.0
2002-08-23 00:00:00-04:00,319.83599753973846,331.6817863839403,310.9516695999376,312.7285461425781,1344,0.0,0.0
2002-08-26 00:00:00-04:00,327.5357631558325,338.19694007747637,313.9130979914478,337.60467529296875,1655,0.0,0.0
2002-08-27 00:00:00-04:00,326.3511839505278,348.8581498772155,325.7588917699964,332.2740783691406,1221,0.0,0.0
2002-08-28 00:00:00-04:00,317.4668484229237,332.27407042195256,310.9516619796069,315.6899719238281,1109,0.0,0.0
2002-08-29 00:00:00-04:00,314.5054039651002,331.0895033266377,313.9131117678986,316.87457275390625,1658,0.0,0.0
2002-08-30 00:00:00-04:00,319.24369566333934,328.12805072002084,310.95166015625,310.95166015625,1009,0.0,0.0
2002-09-03 00:00:00-04:00,322.79744603493305,326.94346375500925,307.99022424226087,308.5824890136719,952,0.0,0.0
2002-09-04 00:00:00-04:00,300.88275823480643,329.3126186853312,296.14444815971893,319.83599853515625,1480,0.0,0.0
2002-09-05 00:00:00-04:00,330.4971919848891,330.4971919848891,302.0673324862686,310.95166015625,814,0.0,0.0
2002-09-06 00:00:00-04:00,319.83598639943557,329.31260619003365,312.72853524983697,325.7588806152344,1595,0.0,0.0
2002-09-09 00:00:00-04:00,313.9131088660049,334.64322602961687,313.9131088660049,334.0509338378906,815,0.0,0.0
2002-09-10 00:00:00-04:00,340.5661151262705,344.7121330155008,332.86637153008587,339.38153076171875,2185,0.0,0.0
2002-09-11 00:00:00-04:00,343.52753699227145,344.71212131662065,337.60467014392543,342.9352722167969,892,0.0,0.0
2002-09-12 00:00:00-04:00,344.71213930043183,344.71213930043183,326.3511908619189,331.6817932128906,1627,0.0,0.0
2002-09-13 00:00:00-04:00,330.4971923828125,334.0509179777438,320.42828037492376,330.4971923828125,1911,0.0,0.0
2002-09-16 00:00:00-04:00,330.4971958035098,335.82779794442934,319.8359915216707,320.42828369140625,1512,0.0,0.0
2002-09-17 00:00:00-04:00,336.4200901141649,337.0123822839004,319.8359915216707,320.42828369140625,582,0.0,0.0
2002-09-18 00:00:00-04:00,321.61287048547234,334.6432161590027,312.13625047077744,322.7974548339844,1642,0.0,0.0
2002-09-19 00:00:00-04:00,322.79745665482307,330.4972001901827,307.990234375,307.990234375,2489,0.0,0.0
2002-09-20 00:00:00-04:00,325.75890506630356,325.75890506630356,298.5136279700115,306.8056640625,2945,0.0,0.0
2002-09-23 00:00:00-04:00,307.99023900871214,325.75889505714883,290.2215555735742,305.0287780761719,2200,0.0,0.0
2002-09-24 00:00:00-04:00,289.03698073468576,319.8360111288291,288.4447159153425,313.9131164550781,1424,0.0,0.0
2002-09-25 00:00:00-04:00,314.50539178110085,322.7974548339844,306.805648289174,322.7974548339844,2594,0.0,0.0
2002-09-26 00:00:00-04:00,322.20516265972833,327.5357648413318,319.8359939627043,322.7974548339844,1468,0.0,0.0
2002-09-27 00:00:00-04:00,322.20515316124715,329.31260426939315,319.24369237726984,321.02056884765625,1323,0.0,0.0
2002-09-30 00:00:00-04:00,316.2822589799923,327.5357551857066,310.9516569555329,321.02056884765625,1139,0.0,0.0
2002-10-01 00:00:00-04:00,326.3511696080197,343.5275325417577,311.543947905587,335.8277893066406,1532,0.0,0.0
2002-10-02 00:00:00-04:00,322.7974674005626,347.0813105569313,322.7974674005626,343.5275573730469,2705,0.0,0.0
2002-10-03 00:00:00-04:00,344.1198398196654,355.3733364763597,331.6817861886093,332.2740783691406,2452,0.0,0.0
2002-10-04 00:00:00-04:00,342.9352949762517,342.9352949762517,310.95168041637874,328.7203369140625,2264,0.0,0.0
2002-10-07 00:00:00-04:00,325.7588806152344,333.4586239250828,316.8745529848862,325.7588806152344,897,0.0,0.0
2002-10-08 00:00:00-04:00,319.2436942391857,325.7588806152344,316.8745529848862,325.7588806152344,1664,0.0,0.0
2002-10-09 00:00:00-04:00,324.57431381646484,325.7588982009129,287.2601247999635,287.8524169921875,2405,0.0,0.0
2002-10-10 00:00:00-04:00,305.0287749982019,334.64321970456524,287.2601191290643,332.2740783691406,1361,0.0,0.0
2002-10-11 00:00:00-04:00,316.87457198256885,329.312625933419,314.5054031995298,319.24371337890625,718,0.0,0.0
2002-10-14 00:00:00-04:00,325.16659904639323,325.16659904639323,303.25192533683736,315.0976867675781,605,0.0,0.0
2002-10-15 00:00:00-04:00,309.76707019667754,325.7588761438184,309.17477804455757,318.6513977050781,717,0.0,0.0
2002-10-16 00:00:00-04:00,322.20516726605047,337.60468185676,318.0591493736866,319.83599853515625,1436,0.0,0.0
2002-10-17 00:00:00-04:00,321.02056941238374,340.56610107421875,321.02056941238374,340.56610107421875,698,0.0,0.0
2002-10-18 00:00:00-04:00,325.7588876319921,331.08948980236073,315.0976832912548,325.1665954589844,1052,0.0,0.0
2002-10-21 00:00:00-04:00,325.1665954589844,331.6817819753684,316.87455981027784,325.1665954589844,429,0.0,0.0
2002-10-22 00:00:00-04:00,323.98202192222567,329.904916463212,313.9131094185593,314.5054016113281,936,0.0,0.0
2002-10-23 00:00:00-04:00,315.6899754642625,325.7588876319921,315.6899754642625,325.1665954589844,632,0.0,0.0
2002-10-24 00:00:00-04:00,325.7588934229233,343.5275493822205,325.1666012393866,337.01239013671875,2130,0.0,0.0
2002-10-25 00:00:00-04:00,337.0123742555969,355.3733215332031,335.82778994434494,355.3733215332031,1348,0.0,0.0
2002-10-28 00:00:00-05:00,349.45043468350167,374.9188609754012,332.8663635253906,332.8663635253906,4364,0.0,0.0
2002-10-29 00:00:00-05:00,337.0123859147756,352.4119003337087,332.86636806865914,349.450439453125,1579,0.0,0.0
2002-10-30 00:00:00-05:00,349.4504383995591,364.25766059773287,339.973818383664,361.8885192871094,1438,0.0,0.0
2002-10-31 00:00:00-05:00,361.8885156732127,366.6268256338425,352.4118957519531,352.4118957519531,1555,0.0,0.0
2002-11-01 00:00:00-05:00,352.41190540771663,370.1805614002481,346.4890109479724,363.6653747558594,1908,0.0,0.0
2002-11-04 00:00:00-05:00,368.99598576493196,386.1723773660777,358.3347809623866,384.98779296875,3591,0.0,0.0
2002-11-05 00:00:00-05:00,384.3954765151973,399.2026983873699,376.1034410305246,396.83355712890625,7947,0.0,0.0
2002-11-06 00:00:00-05:00,398.6104055935552,407.49473322542093,392.09524660309364,399.20269775390625,3144,0.0,0.0
2002-11-07 00:00:00-05:00,397.4258264517938,399.20270295600176,391.50295954450115,393.8721008300781,1571,0.0,0.0
2002-11-08 00:00:00-05:00,391.50297307858574,413.4176471212299,389.13380432440727,412.2330627441406,2185,0.0,0.0
2002-11-11 00:00:00-05:00,399.2027134934636,411.0485023941342,392.6875268594247,402.7564392089844,1306,0.0,0.0
2002-11-12 00:00:00-05:00,403.3487318097984,420.525122994863,393.87211163414236,419.9328308105469,2553,0.0,0.0
2002-11-13 00:00:00-05:00,409.86390049105006,424.0788301316605,402.7564219773949,414.0099182128906,3161,0.0,0.0
2002-11-14 00:00:00-05:00,414.60222338880385,419.34053341777934,397.4258324170799,405.7178955078125,2770,0.0,0.0
2002-11-15 00:00:00-05:00,396.8335601336507,417.5636490022964,393.8720993047726,408.6793212890625,2565,0.0,0.0
2002-11-18 00:00:00-05:00,401.57189159442373,414.6022377797165,401.57189159442373,404.5333251953125,1308,0.0,0.0
2002-11-19 00:00:00-05:00,403.3487147449851,414.0099188382208,403.3487147449851,411.6407775878906,2335,0.0,0.0
2002-11-20 00:00:00-05:00,403.3487191837821,414.60221556011857,402.7564270180065,408.6793212890625,2008,0.0,0.0
2002-11-21 00:00:00-05:00,411.6407986879933,417.5636658107662,405.71790417851906,409.8639221191406,3673,0.0,0.0
2002-11-22 00:00:00-05:00,408.67934168138027,422.30198001386253,408.67934168138027,416.9714050292969,2152,0.0,0.0
2002-11-25 00:00:00-05:00,418.15594663743406,449.5472675139304,417.5636544639114,442.4397888183594,3392,0.0,0.0
2002-11-26 00:00:00-05:00,440.6629568268739,449.54728500192465,429.40945986556875,441.2552490234375,1733,0.0,0.0
2002-11-27 00:00:00-05:00,443.62439199635867,450.13957879496354,408.0870517834165,445.9935607910156,3171,0.0,0.0
2002-11-29 00:00:00-05:00,444.21665517366876,444.21665517366876,426.447999921402,431.1863098144531,802,0.0,0.0
2002-12-02 00:00:00-05:00,430.5940237799846,434.74004157204683,384.9877732938992,413.4176330566406,3464,0.0,0.0
2002-12-03 00:00:00-05:00,397.4258369423527,410.4562102104305,387.9492167764967,402.7564392089844,2242,0.0,0.0
2002-12-04 00:00:00-05:00,396.8335737859252,417.5636633677487,396.2412815997729,407.4947509765625,1247,0.0,0.0
2002-12-05 00:00:00-05:00,404.533312727149,450.7318562293542,403.941020547886,430.0017395019531,3717,0.0,0.0
2002-12-06 00:00:00-05:00,430.00173782964924,432.9631713277461,403.94101897693395,405.7178955078125,1879,0.0,0.0
2002-12-09 00:00:00-05:00,411.64078558093985,414.6022190480313,393.87210261828966,398.61041259765625,1624,0.0,0.0
2002-12-10 00:00:00-05:00,393.87210798040206,395.05669233804554,355.3733354505945,373.7342834472656,2883,0.0,0.0
2002-12-11 00:00:00-05:00,370.77284298395574,384.3954806811855,367.21911736439586,374.3265686035156,1876,0.0,0.0
2002-12-12 00:00:00-05:00,373.14198605237186,384.3954825192734,370.18055258636116,379.06488037109375,2385,0.0,0.0
2002-12-13 00:00:00-05:00,383.80320156146223,392.68752960574864,379.0648914453961,385.580078125,2636,0.0,0.0
2002-12-16 00:00:00-05:00,380.84177649409867,401.57189398376863,375.51117407142067,389.7261047363281,4059,0.0,0.0
2002-12-17 00:00:00-05:00,390.3183898925781,396.83357659974905,373.14199853247345,390.3183898925781,935,0.0,0.0
2002-12-18 00:00:00-05:00,388.5415010179209,389.13379318951735,370.18055324523345,376.69573974609375,2235,0.0,0.0
2002-12-19 00:00:00-05:00,384.9877746898156,384.9877746898156,358.9270561194597,379.06488037109375,1330,0.0,0.0
2002-12-20 00:00:00-05:00,364.2576669405039,392.09526268529123,355.3733389442382,363.6653747558594,4797,0.0,0.0
2002-12-23 00:00:00-05:00,361.29624424687165,373.142006135163,361.29624424687165,370.1805725097656,4705,0.0,0.0
2002-12-24 00:00:00-05:00,371.9574261510341,373.1419830960331,365.4422397133887,367.2191162109375,735,0.0,0.0
2002-12-26 00:00:00-05:00,364.849945479475,384.3954772949219,364.25765331698267,384.3954772949219,1589,0.0,0.0
2002-12-27 00:00:00-05:00,370.1805654748517,384.9877880938457,370.1805654748517,370.7728576660156,1256,0.0,0.0
2002-12-30 00:00:00-05:00,384.9877880938457,384.9877880938457,361.88852957195945,370.7728576660156,1048,0.0,0.0
2002-12-31 00:00:00-05:00,362.4808062708409,384.98777163962467,361.2962219391417,367.2191162109375,1370,0.0,0.0
2003-01-02 00:00:00-05:00,369.58828030734577,373.73429833758286,366.6268466819484,370.1805725097656,1094,0.0,0.0
2003-01-03 00:00:00-05:00,376.69575464928255,382.6186218261719,366.62684210718845,382.6186218261719,867,0.0,0.0
2003-01-06 00:00:00-05:00,382.61861479827184,384.98778353487216,370.18056109122324,383.2109069824219,885,0.0,0.0
2003-01-07 00:00:00-05:00,383.8031957138338,389.7260901153506,370.1805577610359,373.7342834472656,1202,0.0,0.0
2003-01-08 00:00:00-05:00,370.1805496534853,377.8802930361297,367.2191162109375,367.2191162109375,909,0.0,0.0
2003-01-09 00:00:00-05:00,367.21911912035046,382.0263412238049,367.21911912035046,379.06488037109375,4361,0.0,0.0
2003-01-10 00:00:00-05:00,380.84176563252265,387.3569522714725,368.99597672292305,383.2109069824219,1156,0.0,0.0
2003-01-13 00:00:00-05:00,377.88029779232744,386.1723608318899,367.8113856195521,383.8031921386719,1103,0.0,0.0
2003-01-14 00:00:00-05:00,382.6186014467037,385.5800622641132,377.8802915255485,382.0263366699219,1433,0.0,0.0
2003-01-15 00:00:00-05:00,384.98778421415244,384.98778421415244,341.75070117521744,344.1198425292969,5439,0.0,0.0
2003-01-16 00:00:00-05:00,344.1198412922965,367.2191268850679,344.1198412922965,356.55792236328125,1203,0.0,0.0
2003-01-17 00:00:00-05:00,354.78104581408314,361.8885246241746,340.56611558060126,356.55792236328125,927,0.0,0.0
2003-01-21 00:00:00-05:00,356.5579083561846,364.2576516601627,348.85813766550655,357.74249267578125,1012,0.0,0.0
2003-01-22 00:00:00-05:00,339.973829380658,359.5193622190106,337.6046879934009,358.33477783203125,835,0.0,0.0
2003-01-23 00:00:00-05:00,377.2880336596141,379.06488279590656,353.00416405884465,361.8885192871094,1479,0.0,0.0
2003-01-24 00:00:00-05:00,371.3651349015642,371.3651349015642,354.7810363769531,354.7810363769531,1435,0.0,0.0
2003-01-27 00:00:00-05:00,351.8196052418611,354.78103871120095,335.23550660813646,337.60467529296875,598,0.0,0.0
2003-01-28 00:00:00-05:00,334.64323390391723,346.4890232437753,329.3126314396513,331.0895080566406,903,0.0,0.0
2003-01-29 00:00:00-05:00,325.75887745351844,341.1583913104523,307.9902223652791,335.8277893066406,1692,0.0,0.0
2003-01-30 00:00:00-05:00,332.2740741483761,344.1198354484282,321.02057763463114,325.1665954589844,730,0.0,0.0
2003-01-31 00:00:00-05:00,319.8360094435951,334.0509401536769,316.87457581567463,326.3511962890625,670,0.0,0.0
2003-02-03 00:00:00-05:00,326.94346493573414,337.604669046832,316.2822608246363,325.7588806152344,726,0.0,0.0
2003-02-04 00:00:00-05:00,322.79746655346486,328.12806892860107,313.91311100377004,319.24371337890625,1132,0.0,0.0
2003-02-05 00:00:00-05:00,319.24370358924097,322.79745665482307,307.990234375,307.990234375,888,0.0,0.0
2003-02-06 00:00:00-05:00,313.32083929859914,321.6128750833269,307.39794485806453,319.83599853515625,1955,0.0,0.0
2003-02-07 00:00:00-05:00,318.0591595816023,318.6514243966332,301.4750600931891,302.0673522949219,974,0.0,0.0
2003-02-10 00:00:00-05:00,305.62105370937724,309.1747792492445,300.2904517062265,303.84417724609375,905,0.0,0.0
2003-02-11 00:00:00-05:00,307.3979508193519,328.12806806988607,303.25193284658536,312.1362609863281,3385,0.0,0.0
2003-02-12 00:00:00-05:00,306.80565538008636,310.95167330900085,300.29046869939145,302.6596374511719,1059,0.0,0.0
2003-02-13 00:00:00-05:00,305.02877174335504,305.6210639175663,300.29046173636567,303.2519226074219,956,0.0,0.0
2003-02-14 00:00:00-05:00,303.25191308794905,304.43647001248615,299.6981601542385,301.47503662109375,753,0.0,0.0
2003-02-18 00:00:00-05:00,302.067330660191,307.99022486660647,296.1444364537755,306.2133483886719,3103,0.0,0.0
2003-02-19 00:00:00-05:00,309.1748031347054,309.1748031347054,302.067351505881,304.4364929199219,1036,0.0,0.0
2003-02-20 00:00:00-05:00,308.58248511516604,308.58248511516604,297.921308563959,299.1058654785156,1141,0.0,0.0
2003-02-21 00:00:00-05:00,302.0673399857306,307.990234375,300.29046345293955,307.990234375,1527,0.0,0.0
2003-02-24 00:00:00-05:00,310.9516725545512,310.9516725545512,302.06734453033283,305.0287780761719,556,0.0,0.0
2003-02-25 00:00:00-05:00,307.99022486660647,311.5439504357758,302.65962281950254,306.2133483886719,924,0.0,0.0
2003-02-26 00:00:00-05:00,306.2133464793414,310.95165633758904,298.5136032297014,301.47503662109375,542,0.0,0.0
2003-02-27 00:00:00-05:00,303.2519124783656,305.62105370937724,296.73672616635923,303.84417724609375,1733,0.0,0.0
2003-02-28 00:00:00-05:00,299.10586739737084,310.35936355810014,299.10586739737084,303.84417724609375,839,0.0,0.0
2003-03-03 00:00:00-05:00,307.9902445692868,319.83600635321216,302.06734998397326,316.87457275390625,2002,0.0,0.0
2003-03-04 00:00:00-05:00,319.83599853515625,325.75889297569086,314.50539627734526,319.83599853515625,642,0.0,0.0
2003-03-05 00:00:00-05:00,315.09770066384283,335.23552610958035,315.09770066384283,331.0895080566406,1655,0.0,0.0
2003-03-06 00:00:00-05:00,328.7203158919968,334.643210141349,323.98200596985504,330.4971923828125,1432,0.0,0.0
2003-03-07 00:00:00-05:00,326.35117277548426,336.4200847263322,323.9820041344847,325.7588806152344,1020,0.0,0.0
2003-03-10 00:00:00-05:00,323.98202208961965,341.1584135286845,319.8360041247975,331.6817932128906,2242,0.0,0.0
2003-03-11 00:00:00-05:00,341.1584057339292,347.08130014265004,313.9131024084938,315.0976867675781,652,0.0,0.0
2003-03-12 00:00:00-05:00,315.0976953952896,319.83600557466605,314.5054031995298,319.24371337890625,347,0.0,0.0
2003-03-13 00:00:00-05:00,320.42827725454634,340.56610107421875,319.83598509670895,340.56610107421875,608,0.0,0.0
2003-03-14 00:00:00-05:00,334.0509301543818,351.81961355013254,334.0509301543818,344.1198425292969,1491,0.0,0.0
2003-03-17 00:00:00-05:00,343.5275433963453,364.2576599121094,331.6817820921234,364.2576599121094,1598,0.0,0.0
2003-03-18 00:00:00-05:00,357.15020039606486,384.98776757703877,350.635014027171,379.65716552734375,2474,0.0,0.0
2003-03-19 00:00:00-05:00,384.9877753750428,384.9877753750428,367.2191197739518,376.69573974609375,1891,0.0,0.0
2003-03-20 00:00:00-05:00,382.6185976540513,384.9877662844949,353.00415409370555,372.5497131347656,1123,0.0,0.0
2003-03-21 00:00:00-05:00,352.41189422479806,370.7728418193349,347.0812921188519,367.2191162109375,2070,0.0,0.0
2003-03-24 00:00:00-05:00,370.1805660387657,370.1805660387657,346.48901528962494,351.2273254394531,795,0.0,0.0
2003-03-25 00:00:00-05:00,349.4504383995591,363.0730762490708,349.4504383995591,361.8885192871094,1442,0.0,0.0
2003-03-26 00:00:00-05:00,357.15022159654717,363.0730887707238,355.37334501227326,355.96563720703125,968,0.0,0.0
2003-03-27 00:00:00-05:00,356.5579240308714,363.66537548750273,354.781047473363,361.2962341308594,1553,0.0,0.0
2003-03-28 00:00:00-05:00,363.073087993247,367.2191333476746,358.33477783203125,358.33477783203125,1362,0.0,0.0
2003-03-31 00:00:00-05:00,358.3347549246333,358.92704708025923,349.45042736364314,355.3733215332031,1006,0.0,0.0
2003-04-01 00:00:00-05:00,352.41190446852,367.2191268850679,352.41190446852,356.55792236328125,617,0.0,0.0
2003-04-02 00:00:00-05:00,363.665358157302,376.10343869373116,356.55790703937095,372.5497131347656,1377,0.0,0.0
2003-04-03 00:00:00-05:00,373.14199663546333,375.5111653848269,361.29623504874934,368.4036865234375,759,0.0,0.0
2003-04-04 00:00:00-05:00,370.1805709549427,372.5497397546712,364.25767634232324,365.4422607421875,544,0.0,0.0
2003-04-07 00:00:00-04:00,366.0345521578998,373.7342959671173,361.8885341539595,367.8114013671875,1411,0.0,0.0
2003-04-08 00:00:00-04:00,367.2191197739518,380.8417575605683,363.07307457277676,376.69573974609375,1948,0.0,0.0
2003-04-09 00:00:00-04:00,375.5111606951721,379.0648863881347,370.1805584623778,371.3651428222656,782,0.0,0.0
2003-04-10 00:00:00-04:00,370.18054778718476,377.88029113101015,352.4118924480799,362.4808044433594,3155,0.0,0.0
2003-04-11 00:00:00-04:00,331.681782716431,362.4808114614404,331.681782716431,361.8885192871094,2259,0.0,0.0
2003-04-14 00:00:00-04:00,352.4119061167196,370.1805621449991,343.5275507158787,361.2962341308594,2039,0.0,0.0
2003-04-15 00:00:00-04:00,360.7039297732921,370.1805496534853,356.5579119990451,367.2191162109375,3232,0.0,0.0
2003-04-16 00:00:00-04:00,367.2191365552261,368.9959857645138,355.9656395540297,367.8114013671875,2686,0.0,0.0
2003-04-17 00:00:00-04:00,369.5882708981193,369.5882708981193,364.25766859875256,368.4036865234375,906,0.0,0.0
2003-04-21 00:00:00-04:00,367.2191207781903,367.2191207781903,352.41189860788745,364.2576599121094,1180,0.0,0.0
2003-04-22 00:00:00-04:00,360.70392475594736,373.14197790567664,360.70392475594736,372.5497131347656,629,0.0,0.0
2003-04-23 00:00:00-04:00,371.3651491078107,382.0263537538456,367.2191311647307,373.1419982910156,1009,0.0,0.0
2003-04-24 00:00:00-04:00,373.7342943561891,376.69575533673986,359.51936380965003,363.0730895996094,1141,0.0,0.0
2003-04-25 00:00:00-04:00,362.4808089960441,364.2576581202514,355.37333033911364,359.51934814453125,1120,0.0,0.0
2003-04-28 00:00:00-04:00,361.29622049485556,382.0263366699219,358.334759677446,382.0263366699219,864,0.0,0.0
2003-04-29 00:00:00-04:00,361.29623894425066,382.0263561778891,361.29623894425066,375.51116943359375,1000,0.0,0.0
2003-04-30 00:00:00-04:00,370.1805654748517,376.1034599997896,364.8499631410777,370.7728576660156,1364,0.0,0.0
2003-05-01 00:00:00-04:00,382.0263465640694,382.0263465640694,364.2576633595192,373.7342834472656,1147,0.0,0.0
2003-05-02 00:00:00-04:00,379.06487585251233,384.3954779371494,367.2191147429745,382.0263366699219,1932,0.0,0.0
2003-05-05 00:00:00-04:00,382.0263387618308,406.3101806640625,379.0648779282048,406.3101806640625,2230,0.0,0.0
2003-05-06 00:00:00-04:00,393.87211285516383,417.5636633677487,388.5415105664946,407.4947509765625,2114,0.0,0.0
2003-05-07 00:00:00-04:00,408.08702463234545,416.9713796345085,396.8335557665521,411.6407775878906,2448,0.0,0.0
2003-05-08 00:00:00-04:00,410.4562102104305,412.23305937484037,398.61042130976,402.7564392089844,1183,0.0,0.0
2003-05-09 00:00:00-04:00,402.75642332931255,416.97138040433765,399.20269775390625,399.20269775390625,1718,0.0,0.0
2003-05-12 00:00:00-04:00,398.610416770999,411.640789890707,396.83356762682115,405.7178955078125,1073,0.0,0.0
2003-05-13 00:00:00-04:00,403.34871656636244,417.5636462926329,403.34871656636244,416.37908935546875,1442,0.0,0.0
2003-05-14 00:00:00-04:00,415.1945260786754,418.1559596517571,408.6793393538539,414.60223388671875,855,0.0,0.0
2003-05-15 00:00:00-04:00,414.60222443575617,414.60222443575617,401.5718786698447,412.8253479003906,1498,0.0,0.0
2003-05-16 00:00:00-04:00,392.0952490452429,414.00992218122633,391.50295688120275,401.5718688964844,1376,0.0,0.0
2003-05-19 00:00:00-04:00,401.57188762681915,414.60223368336966,395.05670090519317,397.42584228515625,1405,0.0,0.0
2003-05-20 00:00:00-04:00,398.61042903736234,411.6408025580516,392.0952696637193,399.7950134277344,879,0.0,0.0
2003-05-21 00:00:00-04:00,408.6793212890625,411.048489952165,387.94920503371657,408.6793212890625,1217,0.0,0.0
2003-05-22 00:00:00-04:00,408.6793290059094,411.640789890707,400.38729330187755,405.7178955078125,797,0.0,0.0
2003-05-23 00:00:00-04:00,411.6407953212755,411.6407953212755,395.6489884924988,400.3872985839844,417,0.0,0.0
2003-05-27 00:00:00-04:00,411.64078025502124,411.64078025502124,398.018115277233,403.9410095214844,958,0.0,0.0
2003-05-28 00:00:00-04:00,388.5414942575336,405.71788477486984,388.5414942575336,396.83355712890625,1753,0.0,0.0
2003-05-29 00:00:00-04:00,390.9106640934914,405.1255938476747,390.9106640934914,403.9410095214844,1170,0.0,0.0
2003-05-30 00:00:00-04:00,396.83355516716546,416.37908684634226,396.83355516716546,414.0099182128906,1809,0.0,0.0
2003-06-02 00:00:00-04:00,411.64078745622226,423.48654876525353,410.456203109309,422.8942565917969,1547,0.0,0.0
2003-06-03 00:00:00-04:00,422.89426765395496,429.4094543457031,416.37910834890806,429.4094543457031,1045,0.0,0.0
2003-06-04 00:00:00-04:00,429.4094456526897,450.1395622994701,389.13379671304807,405.7178955078125,9633,0.0,0.0
2003-06-05 00:00:00-04:00,398.0181254926475,435.9246331967336,396.24127634445813,432.3708801269531,2792,0.0,0.0
2003-06-06 00:00:00-04:00,432.3708924560543,436.51693782235645,399.7950134277344,399.7950134277344,1748,0.0,0.0
2003-06-09 00:00:00-04:00,402.16418220847845,407.49475719174944,399.7950134277344,399.7950134277344,929,0.0,0.0
2003-06-10 00:00:00-04:00,400.97957968045387,413.4176330566406,396.8335618883916,413.4176330566406,1889,0.0,0.0
2003-06-11 00:00:00-04:00,414.6022216093236,420.5251159667969,406.9024781152987,420.5251159667969,1577,0.0,0.0
2003-06-12 00:00:00-04:00,420.52511428467784,438.2937698993217,419.9328221126296,435.33233642578125,1664,0.0,0.0
2003-06-13 00:00:00-04:00,440.0706535172894,441.84750267540807,428.22486465856,434.74005126953125,1733,0.0,0.0
2003-06-16 00:00:00-04:00,440.6629300839003,450.7318420410156,433.5554515431777,450.7318420410156,2450,0.0,0.0
2003-06-17 00:00:00-04:00,444.8089472022995,457.8392925576677,441.25522163023544,453.1009826660156,1617,0.0,0.0
2003-06-18 00:00:00-04:00,448.95498320610085,473.8311179963788,437.10919430151097,439.4783630371094,3102,0.0,0.0
2003-06-19 00:00:00-04:00,444.21665643686276,470.8696667777545,434.1477444621592,438.29376220703125,2058,0.0,0.0
2003-06-20 00:00:00-04:00,434.74004708351646,458.4315971861534,424.0788426906546,427.632568359375,2115,0.0,0.0
2003-06-23 00:00:00-04:00,434.7400629485246,439.4783731419676,393.87212041339035,404.5333251953125,4642,0.0,0.0
2003-06-24 00:00:00-04:00,402.75642332931255,414.6022117629335,388.5414936409874,399.20269775390625,2730,0.0,0.0
2003-06-25 00:00:00-04:00,391.50296132195655,408.6793247271479,391.50296132195655,398.61041259765625,882,0.0,0.0
2003-06-26 00:00:00-04:00,414.60222338880385,414.60222338880385,387.94921235912904,405.7178955078125,1286,0.0,0.0
2003-06-27 00:00:00-04:00,402.7564392089844,434.74005280877424,402.1641744119818,402.7564392089844,1864,0.0,0.0
2003-06-30 00:00:00-04:00,402.75642258572753,413.4176266789633,402.16415781316994,411.6407775878906,2058,0.0,0.0
2003-07-01 00:00:00-04:00,412.23307057516956,413.4176549747619,402.75645015183477,409.2716369628906,941,0.0,0.0
2003-07-02 00:00:00-04:00,415.7868023997272,415.7868023997272,406.310182463554,411.0484924316406,2485,0.0,0.0
2003-07-03 00:00:00-04:00,400.3872926188748,414.6022226815526,400.3872926188748,408.0870361328125,329,0.0,0.0
2003-07-07 00:00:00-04:00,400.979572889006,416.37908684634226,400.979572889006,414.0099182128906,1273,0.0,0.0
2003-07-08 00:00:00-04:00,408.67932658893903,422.8942565917969,403.94101658798644,422.8942565917969,2736,0.0,0.0
2003-07-09 00:00:00-04:00,420.52510646356626,423.4865398820287,405.71788459785404,418.74822998046875,1461,0.0,0.0
2003-07-10 00:00:00-04:00,420.5251222723524,423.48655580214387,409.86391774638133,422.3019714355469,705,0.0,0.0
2003-07-11 00:00:00-04:00,412.233052911654,431.77861250732616,412.233052911654,420.5251159667969,2762,0.0,0.0
2003-07-14 00:00:00-04:00,407.49473853557174,414.6022171657034,393.8721008300781,393.8721008300781,8155,0.0,0.0
2003-07-15 00:00:00-04:00,393.872094450054,399.2026964896314,379.0648726482723,392.0952453613281,4379,0.0,0.0
2003-07-16 00:00:00-04:00,399.20271628535255,399.20271628535255,382.0263523846257,385.580078125,1191,0.0,0.0
2003-07-17 00:00:00-04:00,390.91067699584784,390.91067699584784,374.3265780419109,376.10345458984375,1220,0.0,0.0
2003-07-18 00:00:00-04:00,379.6571642526967,383.21088981166224,371.9574209771547,372.5497131347656,1442,0.0,0.0
2003-07-21 00:00:00-04:00,370.77285185241897,380.8417641709258,358.33477080640426,358.92706298828125,2161,0.0,0.0
2003-07-22 00:00:00-04:00,369.5882568359375,376.69573542689983,357.15020353512864,369.5882568359375,1539,0.0,0.0
2003-07-23 00:00:00-04:00,379.6571802990084,382.02634902958556,368.40368360216905,376.10345458984375,918,0.0,0.0
2003-07-24 00:00:00-04:00,376.103440082729,382.0263342940121,352.4118906242964,357.74249267578125,2464,0.0,0.0
2003-07-25 00:00:00-04:00,368.40369439361274,368.40369439361274,347.67360432733284,348.265869140625,2083,0.0,0.0
2003-07-28 00:00:00-04:00,347.67358924250715,350.6350227272848,326.94347268896166,342.3429870605469,4359,0.0,0.0
2003-07-29 00:00:00-04:00,340.56612377317816,354.78105434861095,338.19695498392184,343.5275573730469,3488,0.0,0.0
2003-07-30 00:00:00-04:00,344.11983213875317,356.55791287888655,341.1583986888977,354.7810363769531,3403,0.0,0.0
2003-07-31 00:00:00-04:00,337.6046924702161,357.7425177690965,337.6046924702161,345.896728515625,4488,0.0,0.0
2003-08-01 00:00:00-04:00,334.6432104992686,363.6653622267652,325.75888280908805,350.042724609375,2264,0.0,0.0
2003-08-04 00:00:00-04:00,355.37334400237535,355.37334400237535,326.3511908619189,331.6817932128906,1923,0.0,0.0
2003-08-05 00:00:00-04:00,341.1584135286845,350.6350338444784,329.90491663366623,331.6817932128906,3282,0.0,0.0
2003-08-06 00:00:00-04:00,344.7121450329137,345.8967294387627,325.758904086138,326.3511962890625,3870,0.0,0.0
2003-08-07 00:00:00-04:00,331.6817932128906,337.01239556386236,325.7588986688441,331.6817932128906,1532,0.0,0.0
2003-08-08 00:00:00-04:00,326.35117277548426,331.6817748310332,321.02057071993534,325.7588806152344,2933,0.0,0.0
2003-08-11 00:00:00-04:00,331.68177289657507,331.68177289657507,316.8745511367878,321.02056884765625,989,0.0,0.0
2003-08-12 00:00:00-04:00,315.0976815504867,322.7974523703485,310.95166374903823,320.42828369140625,3742,0.0,0.0
2003-08-13 00:00:00-04:00,322.7974673392198,322.7974673392198,313.9131117678986,316.87457275390625,2036,0.0,0.0
2003-08-14 00:00:00-04:00,319.83600635321216,319.83600635321216,313.9131117678986,316.87457275390625,2773,0.0,0.0
2003-08-15 00:00:00-04:00,317.46687051927546,322.2051807932929,311.5439758300781,311.5439758300781,2400,0.0,0.0
2003-08-18 00:00:00-04:00,311.5439703657942,319.83600635321216,311.5439703657942,316.87457275390625,2126,0.0,0.0
2003-08-19 00:00:00-04:00,316.8745529848862,327.535757095984,314.50538434388665,325.7588806152344,4158,0.0,0.0
2003-08-20 00:00:00-04:00,325.16661338671156,334.0509416982541,319.83601092244567,331.0895080566406,4121,0.0,0.0
2003-08-21 00:00:00-04:00,329.31260361915895,367.21910987232314,329.31260361915895,355.3733215332031,3371,0.0,0.0
2003-08-22 00:00:00-04:00,387.3569601691842,414.60223687537797,376.6957554105165,380.2494812011719,7818,0.0,0.0
2003-08-25 00:00:00-04:00,384.98778255610597,384.98778255610597,363.6653735277158,376.10345458984375,2874,0.0,0.0
2003-08-26 00:00:00-04:00,379.0648773678289,379.0648773678289,364.25765538168946,367.2191162109375,1865,0.0,0.0
2003-08-27 00:00:00-04:00,372.5497230059881,384.39548431197636,367.21912083294814,383.8031921386719,2367,0.0,0.0
2003-08-28 00:00:00-04:00,387.3569617634053,393.8721211753039,376.69575696085997,384.98779296875,4800,0.0,0.0
2003-08-29 00:00:00-04:00,381.4340420061421,386.76464405583704,376.10343995644706,379.65716552734375,1788,0.0,0.0
2003-09-02 00:00:00-04:00,382.61859634902424,393.2798003762577,376.69572956651655,387.35693359375,2059,0.0,0.0
2003-09-03 00:00:00-04:00,384.98776757703877,393.279803038031,377.2880242756459,379.65716552734375,2047,0.0,0.0
2003-09-04 00:00:00-04:00,373.7342884289044,388.54151093671663,371.9574392554557,387.94921875,1698,0.0,0.0
2003-09-05 00:00:00-04:00,393.87210431144723,393.87210431144723,380.8417586588499,383.8031921386719,2855,0.0,0.0
2003-09-08 00:00:00-04:00,390.3183709801261,444.8089485985159,382.026335490382,438.29376220703125,19138,0.0,0.0
2003-09-09 00:00:00-04:00,432.37088350864383,444.2166723938263,422.30197117224907,441.8475036621094,6541,0.0,0.0
2003-09-10 00:00:00-04:00,444.808974985184,503.445573826848,436.5169390035452,494.56121826171875,21168,0.0,0.0
2003-09-11 00:00:00-04:00,518.2527754041884,541.9443527605974,504.6301375949435,533.0599975585938,26911,0.0,0.0
2003-09-12 00:00:00-04:00,538.9828688049508,540.7597727235484,504.03782205121877,520.6219482421875,9211,0.0,0.0
2003-09-15 00:00:00-04:00,524.1756702320337,530.0985922728149,509.36844729018634,513.5144653320312,5391,0.0,0.0
2003-09-16 00:00:00-04:00,507.59154823205006,553.7900617476032,506.9992834728193,544.90576171875,8847,0.0,0.0
2003-09-17 00:00:00-04:00,547.8672344705873,568.597324135789,538.3906142274375,549.0518188476562,9277,0.0,0.0
2003-09-18 00:00:00-04:00,550.8286758687391,550.8286758687391,536.6137726883373,546.0903930664062,4921,0.0,0.0
2003-09-19 00:00:00-04:00,555.5669986344948,555.5669986344948,520.0296320840181,530.0985717773438,6214,0.0,0.0
2003-09-22 00:00:00-04:00,524.767961146001,530.0985633047026,512.922172485175,515.8836059570312,4223,0.0,0.0
2003-09-23 00:00:00-04:00,522.9910901723377,538.3905764467974,511.1453020063079,520.0296020507812,5362,0.0,0.0
2003-09-24 00:00:00-04:00,528.321679385531,533.0600169384395,501.0764027765164,509.3684387207031,3673,0.0,0.0
2003-09-25 00:00:00-04:00,507.5915847367605,509.9607534908655,473.8311216976735,502.8533020019531,6800,0.0,0.0
2003-09-26 00:00:00-04:00,500.4841184871193,509.36841889288536,479.75397466019666,486.8614807128906,4438,0.0,0.0
2003-09-29 00:00:00-04:00,493.376682633214,541.9443683114167,473.83112253731645,509.96075439453125,6274,0.0,0.0
2003-09-30 00:00:00-04:00,522.9911071295195,525.3602210208213,496.33809658511916,499.2995300292969,4912,0.0,0.0
2003-10-01 00:00:00-04:00,499.29953940622875,536.0214353051568,499.29953940622875,520.6219482421875,4986,0.0,0.0
2003-10-02 00:00:00-04:00,527.137123994926,557.9360974892206,517.0681845740447,553.1978149414062,8495,0.0,0.0
2003-10-03 00:00:00-04:00,556.7515880070335,610.0575561523438,553.1978348879852,610.0575561523438,23915,0.0,0.0
2003-10-06 00:00:00-04:00,604.1346707297265,610.0575376416903,569.7818892748151,584.589111328125,11730,0.0,0.0
2003-10-07 00:00:00-04:00,569.1896072831514,598.2117309570312,569.1896072831514,598.2117309570312,8861,0.0,0.0
2003-10-08 00:00:00-04:00,598.2117610038753,613.6113029202913,591.6966291798243,608.2807006835938,5630,0.0,0.0
2003-10-09 00:00:00-04:00,607.0961271170728,628.4185364429778,585.1814529869605,597.6195068359375,6773,0.0,0.0
2003-10-10 00:00:00-04:00,623.6801813805982,710.1544006347656,623.6801813805982,645.5949096679688,22242,0.0,0.0
2003-10-13 00:00:00-04:00,661.586690153148,722.0001659088811,660.402160526627,713.7081298828125,25298,0.0,0.0
2003-10-14 00:00:00-04:00,710.7466914882116,716.6695586745853,678.1708124163492,690.0166015625,7335,0.0,0.0
2003-10-15 00:00:00-04:00,686.4627989719821,686.4627989719821,645.5948868716896,654.4791870117188,7806,0.0,0.0
2003-10-16 00:00:00-04:00,646.1872041600528,666.3250294636687,645.5949393452717,657.440673828125,4050,0.0,0.0
2003-10-17 00:00:00-04:00,666.3249739305376,666.3249739305376,634.9336815750755,637.3027954101562,3888,0.0,0.0
2003-10-20 00:00:00-04:00,634.9337299022155,636.7105791071184,620.1265071322825,633.7491455078125,4209,0.0,0.0
2003-10-21 00:00:00-04:00,634.9336951308718,665.1404038270052,627.8261891536871,656.256103515625,5026,0.0,0.0
2003-10-22 00:00:00-04:00,657.4406564334353,678.170800776754,645.5949222639987,649.1486206054688,3883,0.0,0.0
2003-10-23 00:00:00-04:00,634.9336928841199,684.0936411319896,634.3413733347503,643.8179931640625,6720,0.0,0.0
2003-10-24 00:00:00-04:00,640.2643166397371,651.5177859513817,627.2339433932208,639.6719970703125,4192,0.0,0.0
2003-10-27 00:00:00-05:00,628.4185291822948,651.5177874273379,621.3110777469128,634.9337158203125,5089,0.0,0.0
2003-10-28 00:00:00-05:00,647.3717371439635,652.1100196060746,624.8647448220873,649.7409057617188,4165,0.0,0.0
2003-10-29 00:00:00-05:00,648.5563639138762,699.4932186634571,642.0411771751992,680.5399780273438,9915,0.0,0.0
2003-10-30 00:00:00-05:00,701.8623191940707,703.0469035577707,645.5949179454285,661.586669921875,6238,0.0,0.0
2003-10-31 00:00:00-05:00,651.5177941299902,671.6556190485805,640.8565894805363,653.886962890625,4292,0.0,0.0
2003-11-03 00:00:00-05:00,653.8869584581166,676.9862167842159,652.7023740858291,666.3250122070312,3506,0.0,0.0
2003-11-04 00:00:00-05:00,670.4710301233362,681.1322347005208,658.0329763744214,666.3250122070312,3242,0.0,0.0
2003-11-05 00:00:00-05:00,668.6941668668677,669.8787512142042,658.0329625142405,667.5095825195312,2089,0.0,0.0
2003-11-06 00:00:00-05:00,675.2093756750992,681.1322428338585,651.5177974932559,680.5399780273438,4185,0.0,0.0
2003-11-07 00:00:00-05:00,655.0715255186203,669.2864280636032,645.0025860069733,658.032958984375,5665,0.0,0.0
2003-11-10 00:00:00-05:00,655.0715090981048,658.6252072585704,624.86474609375,624.86474609375,7056,0.0,0.0
2003-11-11 00:00:00-05:00,614.795884394806,619.5341670421806,572.1510667014271,615.98046875,11938,0.0,0.0
2003-11-12 00:00:00-05:00,618.9419288382713,640.2643386008765,618.9419288382713,635.5260009765625,4191,0.0,0.0
2003-11-13 00:00:00-05:00,620.1265071322825,638.4874283120213,620.1265071322825,633.7491455078125,2642,0.0,0.0
2003-11-14 00:00:00-05:00,633.1568215124737,666.3250200044538,633.1568215124737,663.3635864257812,7988,0.0,0.0
2003-11-17 00:00:00-05:00,664.5481366973956,664.5481366973956,616.5727180014649,643.8179931640625,11480,0.0,0.0
2003-11-18 00:00:00-05:00,644.4103551221833,659.8098428182334,615.9804937632728,621.3110961914062,13579,0.0,0.0
2003-11-19 00:00:00-05:00,618.9418868847396,636.7105422247024,615.9804534569791,621.9033203125,2962,0.0,0.0
2003-11-20 00:00:00-05:00,617.7573227838853,640.2643161638479,614.7958892591697,622.49560546875,3948,0.0,0.0
2003-11-21 00:00:00-05:00,624.2724953368888,640.8565665203641,607.0961045977747,623.68017578125,17695,0.0,0.0
2003-11-24 00:00:00-05:00,629.6030882347231,657.4406280595675,629.6030882347231,651.5177612304688,6464,0.0,0.0
2003-11-25 00:00:00-05:00,657.4406229739407,659.8097915966135,634.9336853787474,646.7794189453125,3524,0.0,0.0
2003-11-26 00:00:00-05:00,646.7794596304432,659.809833101409,628.4185385832488,646.1871948242188,1839,0.0,0.0
2003-11-28 00:00:00-05:00,624.8647929998142,645.5949378433894,598.211780928591,643.2257690429688,5783,0.0,0.0
2003-12-01 00:00:00-05:00,638.4874035768967,654.479210121707,637.8951387893412,645.5949096679688,3253,0.0,0.0
2003-12-02 00:00:00-05:00,651.5177719944427,682.316800516079,639.6719833671362,679.9476318359375,5868,0.0,0.0
2003-12-03 00:00:00-05:00,674.6170543980683,701.8623308972658,664.5481692988268,668.1018676757812,8152,0.0,0.0
2003-12-04 00:00:00-05:00,650.3331916432539,676.9862025248219,646.7794386012445,667.5095825195312,4670,0.0,0.0
2003-12-05 00:00:00-05:00,658.625258231091,673.4324811080614,656.2561441985627,657.440673828125,3512,0.0,0.0
2003-12-08 00:00:00-05:00,657.4406784679763,668.6942029888734,639.6720218448913,662.1790161132812,2973,0.0,0.0
2003-12-09 00:00:00-05:00,667.5096008451557,667.5096008451557,614.795897195201,636.7105712890625,4065,0.0,0.0
2003-12-10 00:00:00-05:00,639.0797363577323,652.1100549141046,610.0575561523438,610.0575561523438,4405,0.0,0.0
2003-12-11 00:00:00-05:00,610.0575388767663,659.2175424845134,610.0575388767663,640.8565673828125,6980,0.0,0.0
2003-12-12 00:00:00-05:00,651.5177859513817,651.5177859513817,627.2339433932208,639.6719970703125,4730,0.0,0.0
2003-12-15 00:00:00-05:00,707.1929224869841,707.1929224869841,634.3413948125014,639.6719970703125,6712,0.0,0.0
2003-12-16 00:00:00-05:00,643.2257546385183,645.5949233858836,615.9804783640247,627.2339477539062,4044,0.0,0.0
2003-12-17 00:00:00-05:00,626.0493550983239,642.041161771383,601.1732479002774,613.0189819335938,6339,0.0,0.0
2003-12-18 00:00:00-05:00,618.9419001483803,659.8098137834155,592.2888891805742,642.6334228515625,40118,0.0,0.0
2003-12-19 00:00:00-05:00,640.2642949614456,655.0715168680834,633.1567890094112,643.8179931640625,6421,0.0,0.0
2003-12-22 00:00:00-05:00,651.5177787599248,659.809814453125,640.264309572496,659.809814453125,4280,0.0,0.0
2003-12-23 00:00:00-05:00,656.2561365270147,681.1322443782929,656.2561365270147,677.5784912109375,6512,0.0,0.0
2003-12-24 00:00:00-05:00,689.4242547699085,732.6613368895031,685.8705565077015,711.3389282226562,15148,0.0,0.0
2003-12-26 00:00:00-05:00,723.7770313464254,727.3307295835223,699.4931893748602,704.8237915039062,5662,0.0,0.0
2003-12-29 00:00:00-05:00,720.2233166590004,740.3611419098854,710.74669623349,730.884521484375,10229,0.0,0.0
2003-12-30 00:00:00-05:00,736.2151085672677,755.7606138245337,728.5153375151799,753.9837646484375,11126,0.0,0.0
2003-12-31 00:00:00-05:00,757.5375319252455,778.8599415303244,735.6228027348013,752.7991943359375,14042,0.0,0.0
2004-01-02 00:00:00-05:00,748.0609085101,780.0444680156243,742.7303061302787,777.6753540039062,10892,0.0,0.0
2004-01-05 00:00:00-05:00,784.7827605915845,798.4053981648946,781.2290076176514,790.7056274414062,11508,0.0,0.0
2004-01-06 00:00:00-05:00,819.1355873354516,848.7500327817359,801.3668762489586,833.9428100585938,17408,0.0,0.0
2004-01-07 00:00:00-05:00,832.1658935546875,837.4964958456835,812.6203883366367,832.1658935546875,8827,0.0,0.0
2004-01-08 00:00:00-05:00,838.0887862201712,838.0887862201712,806.1051735884888,817.358642578125,5452,0.0,0.0
2004-01-09 00:00:00-05:00,805.5128832053348,829.204461147481,794.2594138081868,810.251220703125,10124,0.0,0.0
2004-01-12 00:00:00-05:00,816.7664139024527,830.9813169626059,812.6203959454576,829.2044677734375,8008,0.0,0.0
2004-01-13 00:00:00-05:00,829.2044502899364,829.2044502899364,802.5514391473652,820.9124145507812,4108,0.0,0.0
2004-01-14 00:00:00-05:00,807.8820564656465,816.7664119369144,780.6367800214157,797.8131713867188,6411,0.0,0.0
2004-01-15 00:00:00-05:00,778.8598937417628,795.4439647399837,749.2454499458539,790.7056274414062,9289,0.0,0.0
2004-01-16 00:00:00-05:00,789.5211028396108,807.2897582738665,778.8598986243773,795.4439697265625,3877,0.0,0.0
2004-01-20 00:00:00-05:00,799.5900084684613,814.3972308475069,767.6063949841064,813.212646484375,10206,0.0,0.0
2004-01-21 00:00:00-05:00,852.896030210142,973.1306582972774,834.5350547574644,947.6622314453125,53315,0.0,0.0
2004-01-22 00:00:00-05:00,947.6622547951876,959.5079891614048,894.9485506359497,923.3783569335938,18252,0.0,0.0
2004-01-23 00:00:00-05:00,927.5244650110058,940.5547287218485,889.0256100345933,900.8713989257812,8542,0.0,0.0
2004-01-26 00:00:00-05:00,913.309464045726,946.477717174953,897.31771183186,924.56298828125,10273,0.0,0.0
2004-01-27 00:00:00-05:00,929.3012990387919,935.8164855615047,897.3176859855107,923.9706420898438,9753,0.0,0.0
2004-01-28 00:00:00-05:00,918.0478049550935,953.5851174310908,918.0478049550935,952.9927978515625,10820,0.0,0.0
2004-01-29 00:00:00-05:00,965.4309536925117,981.4227058395201,918.0477977327448,971.3538208007812,17665,0.0,0.0
2004-01-30 00:00:00-05:00,983.1995676208804,985.5687364039195,933.4473518174799,957.7311401367188,11674,0.0,0.0
2004-02-02 00:00:00-05:00,988.5301713856804,988.5301713856804,918.6400247007359,929.8934936523438,14270,0.0,0.0
2004-02-03 00:00:00-05:00,928.7090109860275,948.2545712172719,923.9706734366096,929.3013305664062,5762,0.0,0.0
2004-02-04 00:00:00-05:00,923.970673289699,939.3702155494557,904.4251678349654,912.1249389648438,8032,0.0,0.0
2004-02-05 00:00:00-05:00,911.5325936589604,929.3013041915744,832.1658801459695,850.52685546875,18405,0.0,0.0
2004-02-06 00:00:00-05:00,858.8189092339404,900.2791433930181,852.8960421141019,893.1716918945312,10511,0.0,0.0
2004-02-09 00:00:00-05:00,903.2405751454406,906.2020086994337,868.887792553594,880.7335815429688,5705,0.0,0.0
2004-02-10 00:00:00-05:00,891.3947802023184,906.2020026467868,868.295521952692,896.1331176757812,5418,0.0,0.0
2004-02-11 00:00:00-05:00,935.8164754458847,944.7007210200941,904.4251275188079,912.7171630859375,9936,0.0,0.0
2004-02-12 00:00:00-05:00,918.640048433018,918.640048433018,886.6564898565487,899.0945434570312,5379,0.0,0.0
2004-02-13 00:00:00-05:00,904.4251279255573,905.6097122604514,870.664666087975,890.802490234375,5464,0.0,0.0
2004-02-17 00:00:00-05:00,885.4719083541698,897.3176972004821,867.7032524714023,891.394775390625,4686,0.0,0.0
2004-02-18 00:00:00-05:00,899.0945683397033,900.8714175394036,870.0723876953125,870.0723876953125,4921,0.0,0.0
2004-02-19 00:00:00-05:00,835.1273101894199,856.4497189216436,812.0280523206446,841.0502319335938,23195,0.0,0.0
2004-02-20 00:00:00-05:00,846.3808138633217,846.9730786368659,812.0280328893557,820.320068359375,12688,0.0,0.0
2004-02-23 00:00:00-05:00,852.8960133491944,852.8960133491944,813.212629709756,822.0969848632812,8268,0.0,0.0
2004-02-24 00:00:00-05:00,820.9123928843799,829.2044284046826,761.0911855906521,825.0584106445312,7955,0.0,0.0
2004-02-25 00:00:00-05:00,850.5268340221005,865.9263206855352,828.0198414154806,832.7581787109375,6379,0.0,0.0
2004-02-26 00:00:00-05:00,839.8656645913268,849.3422848004974,826.2430264639818,832.1658935546875,6664,0.0,0.0
2004-02-27 00:00:00-05:00,829.7966968480649,841.0502206239684,827.4275829556541,834.5350341796875,3888,0.0,0.0
2004-03-01 00:00:00-05:00,836.3119303404151,837.4965147399614,816.1741050949344,835.7196655273438,4582,0.0,0.0
2004-03-02 00:00:00-05:00,835.1273025663799,857.6342954419946,835.1273025663799,844.0116577148438,4259,0.0,0.0
2004-03-03 00:00:00-05:00,921.009285144653,937.0010372757631,897.3177071883227,919.8246459960938,27602,0.0,0.0
2004-03-04 00:00:00-05:00,928.116687102754,971.3538253338277,923.9706691529364,958.915771484375,13336,0.0,0.0
2004-03-05 00:00:00-05:00,951.8082552489205,1012.8139942503501,919.8246415929973,932.2626953125,16076,0.0,0.0
2004-03-08 00:00:00-05:00,938.1855732834699,960.6926217917246,919.2323326983535,921.6015014648438,6633,0.0,0.0
2004-03-09 00:00:00-05:00,932.8550239373085,946.477716931908,906.2020122987049,907.3865966796875,5367,0.0,0.0
2004-03-10 00:00:00-05:00,918.0477785351304,952.9927704259378,904.425140652256,931.6704711914062,9848,0.0,0.0
2004-03-11 00:00:00-05:00,925.7475272699336,956.5466119486806,894.3562325546462,918.6400756835938,9812,0.0,0.0
2004-03-12 00:00:00-05:00,938.7778608817694,953.5850830078125,932.2626743825663,953.5850830078125,6058,0.0,0.0
2004-03-15 00:00:00-05:00,982.6072029918508,990.8993481257462,925.1552734375,925.1552734375,15265,0.0,0.0
2004-03-16 00:00:00-05:00,952.4005396840893,952.4005396840893,900.2791032165849,932.85498046875,10129,0.0,0.0
2004-03-17 00:00:00-05:00,947.6622111592997,957.1388858533574,903.2405450112075,948.8467407226562,8603,0.0,0.0
2004-03-18 00:00:00-05:00,941.739381411866,947.6622485559798,926.9321587781789,938.7778930664062,5521,0.0,0.0
2004-03-19 00:00:00-05:00,934.6318582354509,959.5079655196574,929.3013107660367,947.6622314453125,14036,0.0,0.0
2004-03-22 00:00:00-05:00,932.2626548602896,938.7778412230598,849.9345103272472,889.0255737304688,17453,0.0,0.0
2004-03-23 00:00:00-05:00,876.5875559024701,899.6868141032047,858.8188999613975,883.6950073242188,9341,0.0,0.0
2004-03-24 00:00:00-05:00,885.4719315802414,888.4333651761478,858.8189196702763,865.3341064453125,5642,0.0,0.0
2004-03-25 00:00:00-05:00,870.6646770510588,897.3176879882812,858.8188883263598,897.3176879882812,4365,0.0,0.0
2004-03-26 00:00:00-05:00,889.025631618817,898.5022520071652,878.3644816086531,879.5490112304688,2805,0.0,0.0
2004-03-29 00:00:00-05:00,878.9567222463841,908.5711669921875,878.9567222463841,908.5711669921875,9014,0.0,0.0
2004-03-30 00:00:00-05:00,909.755750451629,931.6704789786162,899.094545971852,930.48583984375,6358,0.0,0.0
2004-03-31 00:00:00-05:00,932.8550257189711,934.6318749071374,903.8328452629726,921.6015014648438,6024,0.0,0.0
2004-04-01 00:00:00-05:00,922.1937929557952,934.0395268806539,908.5711551234868,923.9706420898438,4261,0.0,0.0
2004-04-02 00:00:00-05:00,937.0010117541325,953.5850830078125,921.0092600585989,953.5850830078125,8177,0.0,0.0
2004-04-05 00:00:00-04:00,950.6237386270611,955.3619666228698,929.3013292321016,952.9927978515625,5203,0.0,0.0
2004-04-06 00:00:00-04:00,941.7393365541652,957.7310880362206,932.8549814877787,950.0313720703125,3833,0.0,0.0
2004-04-07 00:00:00-04:00,942.3316611734361,1029.3980345613343,937.5933238396346,1015.7754516601562,21161,0.0,0.0
2004-04-08 00:00:00-04:00,1024.659857261631,1036.5055916329998,986.7533758170829,1009.2603149414062,10953,0.0,0.0
2004-04-12 00:00:00-04:00,1025.844346928464,1031.1750038707416,987.9378669601864,1005.1142578125,5515,0.0,0.0
2004-04-13 00:00:00-04:00,1006.2987959119596,1007.4834350410829,964.2462977641447,980.2381591796875,5811,0.0,0.0
2004-04-14 00:00:00-04:00,985.5687177910434,1005.1142777218846,952.9927845729746,986.7533569335938,7917,0.0,0.0
2004-04-15 00:00:00-04:00,984.3841527086827,997.4144159793705,971.9460994411166,993.8607177734375,8071,0.0,0.0
2004-04-16 00:00:00-04:00,993.8607726211816,1013.406332926066,974.3152123162972,1009.2603149414062,11103,0.0,0.0
2004-04-19 00:00:00-04:00,1005.7065669859287,1020.5137889939577,984.976368537247,1015.7754516601562,7227,0.0,0.0
2004-04-20 00:00:00-04:00,1015.7754808255772,1021.6983478894889,984.9763968183504,993.2684326171875,7055,0.0,0.0
2004-04-21 00:00:00-04:00,1000.3759454808275,1012.2216796875001,977.2766870950525,1012.2216796875,3891,0.0,0.0
2004-04-22 00:00:00-04:00,1012.8140004177787,1012.8140004177787,958.323447730008,988.5302124023438,8850,0.0,0.0
2004-04-23 00:00:00-04:00,982.6072421726504,1013.9986462004189,982.6072421726504,1007.4834594726562,14273,0.0,0.0
2004-04-26 00:00:00-04:00,1012.2216811441886,1036.5055787136607,1000.9682664956963,1005.7066040039062,13918,0.0,0.0
2004-04-27 00:00:00-04:00,1012.2216627863422,1025.8443554886808,999.7836092129738,1021.1060180664062,17794,0.0,0.0
2004-04-28 00:00:00-04:00,1012.8139256151662,1031.174954711234,1003.3373608482771,1028.8057861328125,7724,0.0,0.0
2004-04-29 00:00:00-04:00,1006.8910970286606,1030.5826741622247,992.6761945672428,995.6375732421875,10768,0.0,0.0
2004-04-30 00:00:00-04:00,1000.9682449691744,1000.9682449691744,967.7999926718163,972.538330078125,6452,0.0,0.0
2004-05-03 00:00:00-04:00,968.9846498010118,1051.3127981914117,968.9846498010118,1015.1831665039062,11518,0.0,0.0
2004-05-04 00:00:00-04:00,1030.5826568361786,1036.5055236332948,1008.6679291853698,1024.6597900390625,9964,0.0,0.0
2004-05-05 00:00:00-04:00,1012.2216076013528,1060.1970796794178,1005.7065309344226,1045.982177734375,6768,0.0,0.0
2004-05-06 00:00:00-04:00,1056.051118117387,1056.051118117387,1005.7065843311653,1024.0675048828125,4567,0.0,0.0
2004-05-07 00:00:00-04:00,1018.1446372493704,1045.3899130513644,1002.745095431964,1006.89111328125,7548,0.0,0.0
2004-05-10 00:00:00-04:00,1006.2987685606857,1006.8910881091481,960.1002538102246,979.6458129882812,13485,0.0,0.0
2004-05-11 00:00:00-04:00,987.345573546294,1015.7754890487486,978.4612181051016,1005.7066040039062,8380,0.0,0.0
2004-05-12 00:00:00-04:00,1006.8910866374404,1006.8910866374404,923.378302751518,1006.2987670898438,14738,0.0,0.0
2004-05-13 00:00:00-04:00,1006.2988000288639,1011.629457038121,990.8993676616848,1008.66796875,10968,0.0,0.0
2004-05-14 00:00:00-04:00,1010.4447979473077,1011.037117502594,980.238143829729,986.1610107421875,3992,0.0,0.0
2004-05-17 00:00:00-04:00,978.4611998726497,983.1995372925664,923.3783286198262,963.061767578125,7264,0.0,0.0
2004-05-18 00:00:00-04:00,970.7614593192885,988.5301694238482,961.8771042670087,976.684326171875,6485,0.0,0.0
2004-05-19 00:00:00-04:00,985.5687031720726,995.0453779846899,960.1002765466667,972.538330078125,7067,0.0,0.0
2004-05-20 00:00:00-04:00,970.7614656368343,983.1995189722505,954.1773945229459,978.461181640625,8255,0.0,0.0
2004-05-21 00:00:00-04:00,982.6072155654575,992.6762099473175,963.06176545823,989.7147216796875,6905,0.0,0.0
2004-05-24 00:00:00-04:00,998.006760195309,1003.929627200516,980.2381591796875,980.2381591796875,4276,0.0,0.0
2004-05-25 00:00:00-04:00,977.2767021344696,992.6762444775732,974.3152137638243,989.1224365234375,4764,0.0,0.0
2004-05-26 00:00:00-04:00,986.1610576995989,995.6376233014118,978.4612317546438,989.1224365234375,8888,0.0,0.0
2004-05-27 00:00:00-04:00,995.0453807369449,1004.5219460289713,984.3841763166632,1003.9296264648438,7503,0.0,0.0
2004-05-28 00:00:00-04:00,992.0839217948563,1006.8911445082124,989.7147530151026,995.04541015625,4650,0.0,0.0
2004-06-01 00:00:00-04:00,1005.1142689794613,1016.3677930017851,992.0838958055712,1011.6294555664062,8091,0.0,0.0
2004-06-02 00:00:00-04:00,1007.4834328445203,1015.7754685430923,994.4530597333921,1006.89111328125,3873,0.0,0.0
2004-06-03 00:00:00-04:00,1003.9296495858024,1006.8911379278418,972.5383551661291,976.0921630859375,3868,0.0,0.0
2004-06-04 00:00:00-04:00,983.1995509211632,1009.8526171175433,978.4612134355662,1000.96826171875,5894,0.0,0.0
2004-06-07 00:00:00-04:00,992.6762057638606,1006.8911083856116,986.7533388003645,1002.1527709960938,4211,0.0,0.0
2004-06-08 00:00:00-04:00,1005.7065743427013,1005.7065743427013,973.7229614257812,973.7229614257812,3441,0.0,0.0
2004-06-09 00:00:00-04:00,971.9460925826536,973.7229416730819,873.6260871421571,889.0255737304688,16508,0.0,0.0
2004-06-10 00:00:00-04:00,880.1412850812758,901.4636935404649,863.5572139567513,873.6260986328125,11956,0.0,0.0
2004-06-14 00:00:00-04:00,861.7803344726562,879.5489904340034,849.3422807770535,861.7803344726562,6295,0.0,0.0
2004-06-15 00:00:00-04:00,873.6261332955958,895.5408074044241,858.8189106973654,890.210205078125,9894,0.0,0.0
2004-06-16 00:00:00-04:00,900.2791545210989,925.1553172333932,888.4333653615969,918.6400756835938,7671,0.0,0.0
2004-06-17 00:00:00-04:00,919.8246583440853,919.8246583440853,881.3259121149833,887.248779296875,6544,0.0,0.0
2004-06-18 00:00:00-04:00,879.5490032331037,892.579376688629,861.7803470131889,863.5572509765625,8627,0.0,0.0
2004-06-21 00:00:00-04:00,866.5186614263706,870.6646792745934,819.1355611799672,833.3504638671875,6439,0.0,0.0
2004-06-22 00:00:00-04:00,822.6892332009973,841.0502079236738,810.8434448242188,810.8434448242188,10659,0.0,0.0
2004-06-23 00:00:00-04:00,812.0280328893557,832.1658567908598,802.5514130988478,820.320068359375,7670,0.0,0.0
2004-06-24 00:00:00-04:00,823.873874761576,867.1109587836874,822.0970255522876,840.4579467773438,9297,0.0,0.0
2004-06-25 00:00:00-04:00,845.7884981331925,865.3340573493563,823.2815602625435,829.7966918945312,10142,0.0,0.0
2004-06-28 00:00:00-04:00,838.0888232660855,845.1962747961621,822.0970162433608,829.2044677734375,6153,0.0,0.0
2004-06-29 00:00:00-04:00,824.4661349333157,835.1273396758503,811.435816182865,833.9428100585938,9580,0.0,0.0
2004-06-30 00:00:00-04:00,833.942766715843,855.265120319316,829.2044293994711,842.2348022460938,6406,0.0,0.0
2004-07-01 00:00:00-04:00,842.23483333697,844.0116825095013,831.5736287549778,832.1658935546875,5956,0.0,0.0
2004-07-02 00:00:00-04:00,835.7196398370768,835.7196398370768,811.4357973263782,813.212646484375,4120,0.0,0.0
2004-07-06 00:00:00-04:00,809.066623089098,817.3586588011375,758.129769688397,789.5211181640625,6012,0.0,0.0
2004-07-07 00:00:00-04:00,788.3365137919907,810.8434516464991,767.0141054890668,768.7909545898438,5080,0.0,0.0
2004-07-08 00:00:00-04:00,765.2372241621946,772.3447303215214,741.5457012846434,742.7302856445312,5438,0.0,0.0
2004-07-09 00:00:00-04:00,753.3915106734797,768.7909982255375,722.0001612131492,726.1461791992188,7430,0.0,0.0
2004-07-12 00:00:00-04:00,726.1461762774602,769.9755795196451,684.6859965835863,751.0223388671875,12535,0.0,0.0
2004-07-13 00:00:00-04:00,755.1683355878272,777.0830092055882,749.2454685906166,772.3447265625,6611,0.0,0.0
2004-07-14 00:00:00-04:00,767.0141523304579,781.8213751369401,749.24549591736,752.7991943359375,6452,0.0,0.0
2004-07-15 00:00:00-04:00,758.7220838378779,769.9755529705617,755.168330798051,767.6063842773438,3232,0.0,0.0
2004-07-16 00:00:00-04:00,764.0526902227797,780.0444420566533,741.5456970599406,755.1683349609375,7615,0.0,0.0
2004-07-19 00:00:00-04:00,761.0911919175585,769.9755470622525,742.730271619512,743.9148559570312,8158,0.0,0.0
2004-07-20 00:00:00-04:00,758.1297936867605,777.6753540039062,755.1683600920605,777.6753540039062,9292,0.0,0.0
2004-07-21 00:00:00-04:00,724.9616595100853,725.553924327606,613.0190080327382,666.9172973632812,40953,0.0,0.0
2004-07-22 00:00:00-04:00,671.6555899444586,689.4242453324644,623.0879063229895,678.1707763671875,10867,0.0,0.0
2004-07-23 00:00:00-04:00,675.209338093664,678.1707715082133,650.9254964569188,651.5177612304688,5032,0.0,0.0
2004-07-26 00:00:00-04:00,653.2946052444725,655.0715090981048,612.4266929853213,624.86474609375,6936,0.0,0.0
2004-07-27 00:00:00-04:00,623.6801605789756,674.0247472312863,620.718727193169,671.6555786132812,7217,0.0,0.0
2004-07-28 00:00:00-04:00,663.9558497203992,676.9862231649731,646.779458320443,668.1018676757812,7165,0.0,0.0
2004-07-29 00:00:00-04:00,668.1018501463253,668.1018501463253,648.5563452656963,659.809814453125,4795,0.0,0.0
2004-07-30 00:00:00-04:00,659.2175807135495,687.0551225985593,659.2175807135495,684.0936889648438,3394,0.0,0.0
2004-08-02 00:00:00-04:00,691.7934539004356,694.7548875070501,646.7794658956423,647.9640502929688,8664,0.0,0.0
2004-08-03 00:00:00-04:00,647.9640145916551,667.5095739105222,637.3028103765276,653.2946166992188,6377,0.0,0.0
2004-08-04 00:00:00-04:00,650.3332271930695,662.7712813599146,621.9033656231073,627.8262329101562,7026,0.0,0.0
2004-08-05 00:00:00-04:00,634.9336931227261,646.187162057576,621.9033203125,621.9033203125,4505,0.0,0.0
2004-08-06 00:00:00-04:00,621.9033182964578,621.9033182964578,561.4898465177081,565.6358642578125,9452,0.0,0.0
2004-08-09 00:00:00-04:00,573.9279430927032,573.9279430927032,525.9525756835938,525.9525756835938,11777,0.0,0.0
2004-08-10 00:00:00-04:00,530.690808793685,556.7515538546082,530.690808793685,554.3823852539062,11152,0.0,0.0
2004-08-11 00:00:00-04:00,553.7900952178035,560.8976013985309,537.7983432446716,547.2749633789062,8302,0.0,0.0
2004-08-12 00:00:00-04:00,538.9828557311712,543.1288734849956,518.2527669620492,518.8450317382812,9933,0.0,0.0
2004-08-13 00:00:00-04:00,524.1756716797497,544.3134971272167,521.214238037882,525.9525756835938,4570,0.0,0.0
2004-08-16 00:00:00-04:00,526.5447960121608,549.0517883807535,524.7679469318558,538.9828491210938,4359,0.0,0.0
2004-08-17 00:00:00-04:00,553.1978261335291,566.2281992570959,547.8672239260156,559.7130126953125,5920,0.0,0.0
2004-08-18 00:00:00-04:00,561.4898414669186,643.8179855275649,547.8672040472015,624.86474609375,11636,0.0,0.0
2004-08-19 00:00:00-04:00,634.3414149037957,665.7327646488876,611.8344755676513,657.440673828125,12805,0.0,0.0
2004-08-20 00:00:00-04:00,662.7712262333132,668.6941478011219,649.1485887874528,663.955810546875,6971,0.0,0.0
2004-08-23 00:00:00-04:00,673.43244587034,673.43244587034,632.564532586763,658.032958984375,5083,0.0,0.0
2004-08-24 00:00:00-04:00,671.6556067053772,677.5784737247153,656.2561195910571,669.2864379882812,4503,0.0,0.0
2004-08-25 00:00:00-04:00,668.1018305825588,698.900858522142,652.1100244539253,698.30859375,4177,0.0,0.0
2004-08-26 00:00:00-04:00,699.493215310064,699.493215310064,669.878770111434,671.0633544921875,5794,0.0,0.0
2004-08-27 00:00:00-04:00,675.2093641039443,722.00014531245,671.063346209183,713.1158447265625,10526,0.0,0.0
2004-08-30 00:00:00-04:00,707.7852334820095,716.6695339551319,681.1322225158399,681.7244873046875,4559,0.0,0.0
2004-08-31 00:00:00-04:00,688.2397038231874,700.6778126647046,667.5096137096651,691.79345703125,4539,0.0,0.0
2004-09-01 00:00:00-04:00,691.7934554547019,729.1076723474092,672.8402146017022,696.53173828125,5770,0.0,0.0
2004-09-02 00:00:00-04:00,691.2010925369993,724.9616088867188,688.8319786589454,724.9616088867188,10318,0.0,0.0
2004-09-03 00:00:00-04:00,725.5539191086549,726.7385035085795,697.7163226439358,713.7081298828125,2514,0.0,0.0
2004-09-07 00:00:00-04:00,713.7081095229275,723.184729678582,705.416073733405,713.1158447265625,2605,0.0,0.0
2004-09-08 00:00:00-04:00,708.9698042956306,714.3004063870791,688.2396607073758,700.08544921875,7355,0.0,0.0
2004-09-09 00:00:00-04:00,693.5703061729575,716.077300274759,687.6474389335694,708.9698486328125,3005,0.0,0.0
2004-09-10 00:00:00-04:00,700.085459103332,714.3004164723636,698.9008747581292,711.3389282226562,2374,0.0,0.0
2004-09-13 00:00:00-04:00,713.7081236116348,744.5071534188402,706.0083524664827,711.9312744140625,23656,0.0,0.0
2004-09-14 00:00:00-04:00,708.377516510504,711.9312696552976,682.9090892396576,707.1929321289062,3173,0.0,0.0
2004-09-15 00:00:00-04:00,700.6778141530948,713.7081330635293,685.8705912481527,706.0083618164062,5227,0.0,0.0
2004-09-16 00:00:00-04:00,706.6006456152464,717.8541147345707,704.8237964841429,711.3389282226562,5953,0.0,0.0
2004-09-17 00:00:00-04:00,716.6695124690966,733.84590288494,687.6473884442299,703.046875,5376,0.0,0.0
2004-09-20 00:00:00-04:00,701.8623297984174,711.3389500777973,684.6859931987558,707.1929321289062,5673,0.0,0.0
2004-09-21 00:00:00-04:00,701.8623344898784,711.9312744140625,698.3086360947337,711.9312744140625,2994,0.0,0.0
2004-09-22 00:00:00-04:00,707.1929145984828,713.1158363596503,684.6859762262511,698.90087890625,5374,0.0,0.0
2004-09-23 00:00:00-04:00,700.6777728174712,703.0468867147121,683.5013821154215,687.6473999023438,4676,0.0,0.0
2004-09-24 00:00:00-04:00,692.3856860715713,710.7466612044437,685.8705543535207,697.1240234375,2417,0.0,0.0
2004-09-27 00:00:00-04:00,698.9008675975065,701.2700362636385,687.0550790402469,692.3856811523438,5747,0.0,0.0
2004-09-28 00:00:00-04:00,799.5899798285146,838.0887785444327,785.3750227534895,798.4053955078125,69832,0.0,0.0
2004-09-29 00:00:00-04:00,784.1905025217953,787.744200752717,745.6917033485398,770.5678100585938,12365,0.0,0.0
2004-09-30 00:00:00-04:00,763.460364462483,796.6285617609452,763.460364462483,792.4825439453125,7138,0.0,0.0
2004-10-01 00:00:00-04:00,802.5514215114365,834.5350341796875,796.6285546203087,834.5350341796875,11421,0.0,0.0
2004-10-04 00:00:00-04:00,844.0116527539242,855.8574412911155,817.9509617908236,839.2733154296875,8123,0.0,0.0
2004-10-05 00:00:00-04:00,842.2348191267513,846.380836974974,820.9124103225195,833.3504638671875,9262,0.0,0.0
2004-10-06 00:00:00-04:00,836.904248358767,840.4579467773438,811.4358207497502,840.4579467773438,6626,0.0,0.0
2004-10-07 00:00:00-04:00,835.7196126842917,835.7196126842917,790.7056274414062,790.7056274414062,4505,0.0,0.0
2004-10-08 00:00:00-04:00,803.1437395214203,813.2126241716711,778.267578125,778.267578125,5126,0.0,0.0
2004-10-11 00:00:00-04:00,785.3750413709105,803.1437518292516,778.2675900516149,801.9591674804688,3771,0.0,0.0
2004-10-12 00:00:00-04:00,793.6671501575987,799.5900172650156,769.9755721811262,788.3365478515625,4815,0.0,0.0
2004-10-13 00:00:00-04:00,829.7966816303401,829.7966816303401,773.5292828763186,774.7138671875,9892,0.0,0.0
2004-10-14 00:00:00-04:00,800.1822767544912,802.5514454910915,764.0527000016456,766.4218139648438,5692,0.0,0.0
2004-10-15 00:00:00-04:00,769.9755362778474,787.1519267711999,764.6449342203724,776.49072265625,4795,0.0,0.0
2004-10-18 00:00:00-04:00,774.7139189778654,799.5900268554688,767.0141478271488,799.5900268554688,4402,0.0,0.0
2004-10-19 00:00:00-04:00,805.5128613662905,805.5128613662905,769.9755501899605,775.30615234375,4058,0.0,0.0
2004-10-20 00:00:00-04:00,781.8213351822908,826.8352661132812,765.8295287957361,826.8352661132812,12191,0.0,0.0
2004-10-21 00:00:00-04:00,829.2044600093346,837.4964958456835,799.5900150090013,832.1658935546875,5497,0.0,0.0
2004-10-22 00:00:00-04:00,839.2733461701815,842.2348344930016,803.1437692298422,810.251220703125,3347,0.0,0.0
2004-10-25 00:00:00-04:00,801.3668500949718,804.9206031509683,767.0141229806123,777.0830078125,8908,0.0,0.0
2004-10-26 00:00:00-04:00,767.0141131454029,788.3365216611671,761.091191461357,765.8295288085938,6264,0.0,0.0
2004-10-27 00:00:00-04:00,772.344740933454,794.2594149589794,762.8681206975454,788.3365478515625,6885,0.0,0.0
2004-10-28 00:00:00-04:00,788.9288141704837,805.5128859218732,781.2290430973089,785.3750610351562,4488,0.0,0.0
2004-10-29 00:00:00-04:00,794.2593776288284,820.320068359375,794.2593776288284,820.320068359375,5917,0.0,0.0
2004-11-01 00:00:00-05:00,823.281578377015,835.1273123491953,799.5900008858514,816.174072265625,4388,0.0,0.0
2004-11-02 00:00:00-05:00,828.6121733120046,839.2733228388538,796.6285604112546,797.2208251953125,4548,0.0,0.0
2004-11-03 00:00:00-05:00,810.8434919828863,841.0502568391672,810.2512271776311,829.2044677734375,5441,0.0,0.0
2004-11-04 00:00:00-05:00,819.7278287896311,829.2044488715123,814.9894913619897,825.6506958007812,2861,0.0,0.0
2004-11-05 00:00:00-05:00,834.5350302197055,861.7803054270514,816.1740553068939,846.9730834960938,6674,0.0,0.0
2004-11-08 00:00:00-05:00,836.9042421125669,856.4497475890727,836.9042421125669,838.6810913085938,4447,0.0,0.0
2004-11-09 00:00:00-05:00,846.9731077999156,891.9870944348035,833.3504698053423,874.2183837890625,7417,0.0,0.0
2004-11-10 00:00:00-05:00,874.8107010484407,906.2019948325354,874.8107010484407,899.0945434570312,5976,0.0,0.0
2004-11-11 00:00:00-05:00,899.0945625033949,933.4473452972951,888.4333578275915,921.6015014648438,8788,0.0,0.0
2004-11-12 00:00:00-05:00,927.5244519749339,927.5244519749339,896.7253684266757,897.3176879882812,4108,0.0,0.0
2004-11-15 00:00:00-05:00,897.3176811251499,923.970637085116,897.3176811251499,917.4555053710938,5495,0.0,0.0
2004-11-16 00:00:00-05:00,922.7861358103413,934.6318700342265,912.1249311901225,915.0863647460938,6817,0.0,0.0
2004-11-17 00:00:00-05:00,932.2627123842225,933.4473515488042,903.8328513161466,904.4251708984375,5136,0.0,0.0
2004-11-18 00:00:00-05:00,833.350495167204,862.9649407801776,809.0666519555018,857.6343383789062,23030,0.0,0.0
2004-11-19 00:00:00-05:00,840.4579166185791,855.8574584578306,828.6121826171875,828.6121826171875,6580,0.0,0.0
2004-11-22 00:00:00-05:00,835.7196408157116,854.0805615322517,825.0584363084423,847.5654296875,3829,0.0,0.0
2004-11-23 00:00:00-05:00,841.6425009733986,842.827085328218,800.774587212434,828.6121826171875,8171,0.0,0.0
2004-11-24 00:00:00-05:00,832.1659060859025,839.2733576564578,817.951002944792,833.9428100585938,2986,0.0,0.0
2004-11-26 00:00:00-05:00,839.2733592832823,855.8574860112618,823.2816069118858,848.15771484375,2415,0.0,0.0
2004-11-29 00:00:00-05:00,857.0420532226562,858.8189023897671,832.1658910160938,857.0420532226562,3912,0.0,0.0
2004-11-30 00:00:00-05:00,858.8189243530139,861.7803579650678,830.3890630851708,852.8960571289062,6700,0.0,0.0
2004-12-01 00:00:00-05:00,844.6039480027217,867.7032611316067,844.0116832025258,866.5186767578125,5806,0.0,0.0
2004-12-02 00:00:00-05:00,859.4111830404973,888.4333636879339,859.4111830404973,887.248779296875,5086,0.0,0.0
2004-12-03 00:00:00-05:00,875.4029900678169,888.4333635946947,866.5186892959118,870.0723876953125,3156,0.0,0.0
2004-12-06 00:00:00-05:00,876.5875370207547,879.5489704849103,854.0805441010493,878.3644409179688,4630,0.0,0.0
2004-12-07 00:00:00-05:00,874.2184037326732,874.2184037326732,819.135585703834,821.5046997070312,6292,0.0,0.0
2004-12-08 00:00:00-05:00,817.9509529264157,867.1109008789062,816.7663686081943,867.1109008789062,5732,0.0,0.0
2004-12-09 00:00:00-05:00,874.218400889789,874.218400889789,841.0502572188557,863.5572509765625,6339,0.0,0.0
2004-12-10 00:00:00-05:00,864.7417915771215,864.7417915771215,848.1577195308973,852.8960571289062,3802,0.0,0.0
2004-12-13 00:00:00-05:00,846.3808508734811,888.433349609375,846.3808508734811,888.433349609375,4248,0.0,0.0
2004-12-14 00:00:00-05:00,875.9952717398035,903.2405472320052,873.6261030604641,900.2791137695312,3850,0.0,0.0
2004-12-15 00:00:00-05:00,890.2101867696373,910.3480112800027,890.2101867696373,903.8328247070312,7276,0.0,0.0
2004-12-16 00:00:00-05:00,890.2101853353034,915.0863472308038,890.2101853353034,906.7943115234375,7921,0.0,0.0
2004-12-17 00:00:00-05:00,897.3177071883227,932.8550193494157,897.3177071883227,919.8246459960938,6230,0.0,0.0
2004-12-20 00:00:00-05:00,909.1634456219878,930.485854927184,885.4719223288607,890.210205078125,6523,0.0,0.0
2004-12-21 00:00:00-05:00,908.5711858033453,917.4555413203898,897.3177162853716,912.1249389648438,4586,0.0,0.0
2004-12-22 00:00:00-05:00,897.9099856107221,910.940359161718,880.7335940704825,882.510498046875,6367,0.0,0.0
2004-12-23 00:00:00-05:00,884.2873163423255,903.2405564231021,880.1412984979933,894.356201171875,2953,0.0,0.0
2004-12-27 00:00:00-05:00,905.0173811427437,905.609700689323,873.6260883760417,884.2872924804688,2735,0.0,0.0
2004-12-28 00:00:00-05:00,880.1413032734191,906.2019948325354,880.1413032734191,899.0945434570312,3006,0.0,0.0
2004-12-29 00:00:00-05:00,900.2790973655809,901.4636816836663,875.9952557783281,889.0255737304688,4403,0.0,0.0
2004-12-30 00:00:00-05:00,891.3947894587918,891.3947894587918,881.3259043832284,890.210205078125,1673,0.0,0.0
2004-12-31 00:00:00-05:00,873.6261140699004,888.4333363422716,862.9649096519211,867.7032470703125,3241,0.0,0.0
2005-01-03 00:00:00-05:00,867.1109303816604,883.1027370616584,857.6343102868543,860.0034790039062,3465,0.0,0.0
2005-01-04 00:00:00-05:00,859.411148771387,887.2487439177376,830.9812888398252,831.5736083984375,3247,0.0,0.0
2005-01-05 00:00:00-05:00,829.2044417722684,841.0502304665524,806.6974487304688,806.6974487304688,5618,0.0,0.0
2005-01-06 00:00:00-05:00,811.4357805884113,830.9812852434058,807.289762789673,822.0969848632812,4741,0.0,0.0
2005-01-07 00:00:00-05:00,829.2044577168821,829.2044577168821,794.8516753202354,800.7745971679688,3286,0.0,0.0
2005-01-10 00:00:00-05:00,806.1051660603132,845.1962295428332,806.1051660603132,820.320068359375,5439,0.0,0.0
2005-01-11 00:00:00-05:00,830.9813147113636,830.9813147113636,780.6367797851562,780.6367797851562,4388,0.0,0.0
2005-01-12 00:00:00-05:00,778.8598874991932,791.8902054190429,753.9837264278443,767.0140991210938,9542,0.0,0.0
2005-01-13 00:00:00-05:00,769.9755646251244,769.9755646251244,732.6613488490466,735.030517578125,10418,0.0,0.0
2005-01-14 00:00:00-05:00,730.29222095438,742.7302743845352,722.5924501185407,736.215087890625,6412,0.0,0.0
2005-01-18 00:00:00-05:00,724.9616118870715,794.8516492070132,708.9698055836727,778.267578125,9817,0.0,0.0
2005-01-19 00:00:00-05:00,769.3833113832289,778.2676120905837,741.5457153320312,741.5457153320312,4097,0.0,0.0
2005-01-20 00:00:00-05:00,740.3611043574355,750.4299890854642,710.746660183138,740.953369140625,6944,0.0,0.0
2005-01-21 00:00:00-05:00,740.3611007235111,752.2068892897674,729.107631710938,731.4767456054688,4629,0.0,0.0
2005-01-24 00:00:00-05:00,731.4767654681045,745.0994582919224,711.3389407906633,713.1158447265625,4926,0.0,0.0
2005-01-25 00:00:00-05:00,710.7466634367554,730.2922229724987,694.1625921507194,711.3389282226562,7792,0.0,0.0
2005-01-26 00:00:00-05:00,716.6695443632473,766.4218139648438,711.3389420925976,766.4218139648438,6668,0.0,0.0
2005-01-27 00:00:00-05:00,771.7524351467897,780.6367907400454,752.7991943363544,769.9755859375,9239,0.0,0.0
2005-01-28 00:00:00-05:00,769.9755529705617,773.5293060103887,748.653144278402,767.6063842773438,7783,0.0,0.0
2005-01-31 00:00:00-05:00,768.7909763642675,794.2594031392784,754.5760736086438,764.6449584960938,11447,0.0,0.0
2005-02-01 00:00:00-05:00,771.7524275036785,793.0748368976011,758.7221088089282,790.1134033203125,11635,0.0,0.0
2005-02-02 00:00:00-05:00,803.1437734717279,804.9206226560826,771.1601595129266,780.6367797851562,6264,0.0,0.0
2005-02-03 00:00:00-05:00,782.4136320280245,782.4136320280245,756.3529398708703,772.93701171875,6770,0.0,0.0
2005-02-04 00:00:00-05:00,774.1215643928574,779.4521665217985,756.3529088875208,765.8295288085938,8450,0.0,0.0
2005-02-07 00:00:00-05:00,767.0141208611825,775.8984213165221,758.722085193505,762.8681030273438,6871,0.0,0.0
2005-02-08 00:00:00-05:00,758.1297543834606,764.0526760392052,749.2454540599446,756.3529052734375,9482,0.0,0.0
2005-02-09 00:00:00-05:00,749.8377314245867,758.722086670624,719.6310221801821,720.8155517578125,8209,0.0,0.0
2005-02-10 00:00:00-05:00,753.9837787332644,777.0830375476321,737.3997067174936,752.7991943359375,11292,0.0,0.0
2005-02-11 00:00:00-05:00,755.7605928553878,784.190507524533,746.8762924480058,775.30615234375,9670,0.0,0.0
2005-02-14 00:00:00-05:00,784.7827730991086,799.5899952330541,777.6753218113671,792.4825439453125,10979,0.0,0.0
2005-02-15 00:00:00-05:00,798.9977086332207,808.4743283492727,766.4217770092299,774.7138671875,12477,0.0,0.0
2005-02-16 00:00:00-05:00,780.0444599614001,807.8820559656343,756.9452014784833,763.4603881835938,14074,0.0,0.0
2005-02-17 00:00:00-05:00,765.2372111726129,765.8295307292033,731.4767491957859,740.953369140625,7964,0.0,0.0
2005-02-18 00:00:00-05:00,746.2839924843755,782.4136241671818,740.953390190627,775.8984375,6017,0.0,0.0
2005-02-22 00:00:00-05:00,778.859917471046,785.9673688620526,759.9066772460938,759.9066772460938,6571,0.0,0.0
2005-02-23 00:00:00-05:00,765.8295200948506,765.8295200948506,745.6916961450273,751.6145629882812,8791,0.0,0.0
2005-02-24 00:00:00-05:00,758.1297873555583,760.4989561208945,737.3996975923739,758.7221069335938,4691,0.0,0.0
2005-02-25 00:00:00-05:00,760.4989289125134,781.2290179340372,750.4299894067726,780.04443359375,5952,0.0,0.0
2005-02-28 00:00:00-05:00,770.5678299081552,775.8984321652528,735.6227828390496,752.2069091796875,6612,0.0,0.0
2005-03-01 00:00:00-05:00,759.9066638037042,772.3447172112928,731.4767491957859,740.953369140625,10780,0.0,0.0
2005-03-02 00:00:00-05:00,746.284012270326,753.9837835150821,739.7688802038133,740.3611450195312,4974,0.0,0.0
2005-03-03 00:00:00-05:00,743.322561218927,748.6531635290364,731.4767722216393,732.069091796875,5097,0.0,0.0
2005-03-04 00:00:00-05:00,731.4767568857656,743.3225456346989,693.5702767079,698.90087890625,19342,0.0,0.0
2005-03-07 00:00:00-05:00,708.3775038597751,719.0387083303572,690.6088479999389,703.6392211914062,10668,0.0,0.0
2005-03-08 00:00:00-05:00,704.8238079967729,716.6695420954868,678.1707967278626,678.7630615234375,16014,0.0,0.0
2005-03-09 00:00:00-05:00,687.0550943829023,698.3086184116321,653.2946318435168,686.4628295898438,15723,0.0,0.0
2005-03-10 00:00:00-05:00,687.055083102961,698.3086069469324,667.5095784252961,679.9476318359375,6417,0.0,0.0
2005-03-11 00:00:00-05:00,681.724513910728,687.0551163120024,659.8098394936685,682.3168334960938,9632,0.0,0.0
2005-03-14 00:00:00-05:00,681.1322177601442,718.4464328522522,681.1322177601442,714.3004150390625,8697,0.0,0.0
2005-03-15 00:00:00-05:00,713.7081329512331,742.1379943514403,710.7466993253913,723.1847534179688,13994,0.0,0.0
2005-03-16 00:00:00-05:00,731.4767783411994,731.4767783411994,709.5621041155897,716.6695556640625,9871,0.0,0.0
2005-03-17 00:00:00-05:00,708.9698408269742,716.6695571987232,694.7548829261858,711.9312744140625,5361,0.0,0.0
2005-03-18 00:00:00-05:00,711.3389564565696,734.438269944761,707.7852580533118,726.1461791992188,9744,0.0,0.0
2005-03-21 00:00:00-05:00,725.5539081124402,744.5071486771786,718.446456594014,724.3693237304688,3644,0.0,0.0
2005-03-22 00:00:00-05:00,724.3693091152593,735.6227783568291,707.1929180833355,708.3775024414062,5097,0.0,0.0
2005-03-23 00:00:00-05:00,712.5235044455403,752.7991526297116,709.5620710029925,734.438232421875,5715,0.0,0.0
2005-03-24 00:00:00-05:00,731.4767644845074,748.6531556102228,730.2922348933702,735.030517578125,4732,0.0,0.0
2005-03-28 00:00:00-05:00,743.3225469612263,744.5071313155737,714.3004219866184,733.253662109375,4486,0.0,0.0
2005-03-29 00:00:00-05:00,730.2922438424459,740.9533937071376,701.2700634890997,710.1544189453125,6368,0.0,0.0
2005-03-30 00:00:00-05:00,709.5620723606049,735.0304986073658,709.5620723606049,731.4767456054688,4939,0.0,0.0
2005-03-31 00:00:00-05:00,720.815538723014,741.5456823310958,711.3389188595311,739.176513671875,10289,0.0,0.0
2005-04-01 00:00:00-05:00,740.3611163703763,752.7991699797822,719.0387074551652,725.5538940429688,9292,0.0,0.0
2005-04-04 00:00:00-04:00,728.5153176061697,752.2068949158829,709.5620776677595,714.3004150390625,14821,0.0,0.0
2005-04-05 00:00:00-04:00,710.7466717155612,728.5153275537699,706.6006538457592,725.5538940429688,6929,0.0,0.0
2005-04-06 00:00:00-04:00,711.3389490807839,756.9452012280661,706.0083467577664,746.2839965820312,18142,0.0,0.0
2005-04-07 00:00:00-04:00,753.3914758837846,753.9837406658438,734.4382360302781,743.9148559570312,6302,0.0,0.0
2005-04-08 00:00:00-04:00,740.9533655037936,752.2068892897674,729.107631710938,731.4767456054688,5673,0.0,0.0
2005-04-11 00:00:00-04:00,729.6999070038498,740.3611113897341,716.6695339159021,720.8155517578125,5389,0.0,0.0
2005-04-12 00:00:00-04:00,698.9009009027901,716.0772923906667,681.1322446068571,711.9312744140625,14492,0.0,0.0
2005-04-13 00:00:00-04:00,706.6006817905317,710.7466998243011,648.5563745443555,652.702392578125,30573,0.0,0.0
2005-04-14 00:00:00-04:00,651.5177716646516,666.3249937479392,605.9115210753179,640.8565673828125,51433,0.0,0.0
2005-04-15 00:00:00-04:00,646.1871928602521,646.1871928602521,611.2421452907458,614.7958984375,11436,0.0,0.0
2005-04-18 00:00:00-04:00,626.0493444570038,643.8179999783562,618.9418932031431,623.68017578125,9706,0.0,0.0
2005-04-19 00:00:00-04:00,632.5645366077378,647.3717588040362,627.8261992136897,645.5949096679688,7020,0.0,0.0
2005-04-20 00:00:00-04:00,642.6334384149485,650.3332094973225,636.118306485835,636.7105712890625,6115,0.0,0.0
2005-04-21 00:00:00-04:00,637.302822653354,657.4406471394798,637.302822653354,655.071533203125,13820,0.0,0.0
2005-04-22 00:00:00-04:00,656.8483949608913,660.9944128958717,648.5563590909302,658.625244140625,18174,0.0,0.0
2005-04-25 00:00:00-04:00,663.9558142934621,673.4324340820312,652.7023454112237,673.4324340820312,13186,0.0,0.0
2005-04-26 00:00:00-04:00,674.0248006962464,675.2093850992125,656.2561441985627,657.440673828125,11715,0.0,0.0
2005-04-27 00:00:00-04:00,655.0715227995953,671.0633291763742,642.6334146576114,665.7327270507812,5874,0.0,0.0
2005-04-28 00:00:00-04:00,662.1790148603988,662.1790148603988,630.7877197265625,630.7877197265625,5153,0.0,0.0
2005-04-29 00:00:00-04:00,638.487423702884,646.1871948242188,627.2339541973972,646.1871948242188,5436,0.0,0.0
2005-05-02 00:00:00-04:00,647.9639993749169,647.9639993749169,632.5645129665955,637.3027954101562,4921,0.0,0.0
2005-05-03 00:00:00-04:00,638.4874346050568,642.0411878232923,624.86479609526,635.5260009765625,4802,0.0,0.0
2005-05-04 00:00:00-04:00,638.4874192678327,667.5095995860991,633.1568169552288,658.625244140625,5995,0.0,0.0
2005-05-05 00:00:00-04:00,654.4792402074116,663.3635958429554,651.5178065866983,657.440673828125,3680,0.0,0.0
2005-05-06 00:00:00-04:00,659.2175369527517,661.586650838413,650.3331818679711,656.256103515625,4311,0.0,0.0
2005-05-09 00:00:00-04:00,655.0715612694032,669.8787841796875,645.5949407977573,669.8787841796875,6730,0.0,0.0
2005-05-10 00:00:00-04:00,669.286466180172,675.209388222399,661.5866949119791,666.9172973632812,4641,0.0,0.0
2005-05-11 00:00:00-04:00,669.878744840309,671.6555939577064,648.5563363379373,665.7327270507812,3092,0.0,0.0
2005-05-12 00:00:00-04:00,665.7327144039174,675.2093341390116,657.4406242089852,663.955810546875,7553,0.0,0.0
2005-05-13 00:00:00-04:00,663.3635989113491,673.432484223029,658.6252612775676,666.9172973632812,8935,0.0,0.0
2005-05-16 00:00:00-04:00,673.432471708749,687.0551099926178,666.3250201635572,680.5399780273438,9348,0.0,0.0
2005-05-17 00:00:00-04:00,674.6170269872163,687.6473999023438,671.0633287546547,687.6473999023438,5565,0.0,0.0
2005-05-18 00:00:00-04:00,688.2397052851566,711.3389642531216,680.5399888114374,706.0083618164062,9679,0.0,0.0
2005-05-19 00:00:00-04:00,709.562066181471,739.7688295010427,705.4160484353964,729.6998901367188,11950,0.0,0.0
2005-05-20 00:00:00-04:00,732.0690692623183,732.0690692623183,713.7080941430397,719.0386962890625,4942,0.0,0.0
2005-05-23 00:00:00-04:00,719.6310548683459,756.3529523247615,716.6695664695447,740.3611450195312,8198,0.0,0.0
2005-05-24 00:00:00-04:00,737.3996853730562,767.6063949236326,737.3996853730562,756.9451904296875,13779,0.0,0.0
2005-05-25 00:00:00-04:00,760.4989509937054,760.4989509937054,735.0305238715536,736.807373046875,13500,0.0,0.0
2005-05-26 00:00:00-04:00,740.3611169247556,742.7302856445312,729.107647665924,742.7302856445312,5541,0.0,0.0
2005-05-27 00:00:00-04:00,746.8762779848598,746.8762779848598,725.5538697826065,737.399658203125,6520,0.0,0.0
2005-05-31 00:00:00-04:00,740.3611085151413,747.4685598203342,727.9230550377031,728.5153198242188,4338,0.0,0.0
2005-06-01 00:00:00-04:00,728.5153042858236,754.5760498046875,725.5538708696072,754.5760498046875,13556,0.0,0.0
2005-06-02 00:00:00-04:00,753.3915019108198,787.7442297920412,751.6145979564548,785.3750610351562,9577,0.0,0.0
2005-06-03 00:00:00-04:00,790.1133736312653,790.705638415107,758.1297607421875,758.1297607421875,7406,0.0,0.0
2005-06-06 00:00:00-04:00,761.0912123295492,763.4603810681273,726.1461651424297,727.3307495117188,7270,0.0,0.0
2005-06-07 00:00:00-04:00,737.3996570456837,738.5842413632162,720.2232666015625,720.2232666015625,6123,0.0,0.0
2005-06-08 00:00:00-04:00,723.7770272493102,727.9230450180542,716.6695212685488,717.2618408203125,5718,0.0,0.0
2005-06-09 00:00:00-04:00,723.7770372118904,731.4767533035991,707.1929111352385,728.5153198242188,9708,0.0,0.0
2005-06-10 00:00:00-04:00,733.2536871607997,746.8763255411073,724.3693315863626,738.5842895507812,7091,0.0,0.0
2005-06-13 00:00:00-04:00,745.0994582116633,769.9755655775512,742.7302894796543,769.38330078125,10873,0.0,0.0
2005-06-14 00:00:00-04:00,774.7138910833905,785.3750406660655,772.9369871751104,784.7827758789062,15520,0.0,0.0
2005-06-15 00:00:00-04:00,793.6671564771005,801.9591924028698,779.4521986233513,790.1134033203125,11176,0.0,0.0
2005-06-16 00:00:00-04:00,796.6285786463256,858.8189019724057,792.4825607428138,839.8656616210938,18380,0.0,0.0
2005-06-17 00:00:00-04:00,841.0502525697129,870.6646976970028,832.7582166978161,858.8189086914062,15197,0.0,0.0
2005-06-20 00:00:00-04:00,860.0034790039062,873.0338521742902,853.4882924187143,860.0034790039062,5829,0.0,0.0
2005-06-21 00:00:00-04:00,861.1880726339248,871.8492772020346,852.8960368083732,854.08056640625,5629,0.0,0.0
2005-06-22 00:00:00-04:00,852.8959974555992,864.7417310750216,823.8738186318549,849.9345092773438,13094,0.0,0.0
2005-06-23 00:00:00-04:00,860.0034810005519,888.4333413509748,858.8188966392756,874.2183837890625,10195,0.0,0.0
2005-06-24 00:00:00-04:00,877.1798909550366,883.1027581154702,858.8189151202475,877.7721557617188,12071,0.0,0.0
2005-06-27 00:00:00-04:00,876.5875712185575,879.549004798246,846.3808610682905,860.5957641601562,6077,0.0,0.0
2005-06-28 00:00:00-04:00,862.3726331768853,888.4333243047332,858.8188801612421,883.1027221679688,4192,0.0,0.0
2005-06-29 00:00:00-04:00,886.0641479492188,888.4333166057835,873.6260946623538,886.0641479492188,11189,0.0,0.0
2005-06-30 00:00:00-04:00,888.4333313963455,915.678607080217,886.0641627003389,902.0559692382812,7148,0.0,0.0
2005-07-01 00:00:00-04:00,904.425167530476,906.2020167239255,860.595764313697,877.7721557617188,8798,0.0,0.0
2005-07-05 00:00:00-04:00,877.7721181995064,909.1634113986127,877.7721181995064,907.9788818359375,8182,0.0,0.0
2005-07-06 00:00:00-04:00,907.9789149986316,947.6622452262474,906.7943306192905,927.5244750976562,19564,0.0,0.0
2005-07-07 00:00:00-04:00,918.0477585565476,942.9238650778155,910.9403073752426,932.85498046875,6715,0.0,0.0
2005-07-08 00:00:00-04:00,935.224188421012,945.2930734531998,921.6014954887306,937.0010375976562,8486,0.0,0.0
2005-07-11 00:00:00-04:00,900.8713661083416,909.1634015980857,862.3726220811869,876.5875244140625,23285,0.0,0.0
2005-07-12 00:00:00-04:00,895.540784073736,909.1634219364017,835.7196304356469,858.2266235351562,29291,0.0,0.0
2005-07-13 00:00:00-04:00,858.2266322311033,871.2569506641947,832.7582053857221,835.1273193359375,16629,0.0,0.0
2005-07-14 00:00:00-04:00,846.9731101185395,853.4882967366932,833.3504720866736,847.5654296875,9244,0.0,0.0
2005-07-15 00:00:00-04:00,835.1273277857698,870.072375105793,833.3504786117795,866.5186767578125,9250,0.0,0.0
2005-07-18 00:00:00-04:00,864.7417398752948,877.7721127173462,841.6424823995858,864.1494750976562,8877,0.0,0.0
2005-07-19 00:00:00-04:00,864.7417869233702,888.4333652391077,864.7417869233702,882.510498046875,10152,0.0,0.0
2005-07-20 00:00:00-04:00,846.380818456435,869.4800758978148,841.0502163720089,868.8877563476562,20102,0.0,0.0
2005-07-21 00:00:00-04:00,859.4111489693472,877.1798593573922,833.3504577194295,870.6646728515625,15223,0.0,0.0
2005-07-22 00:00:00-04:00,870.6646869022757,871.2569516971812,844.0116756634852,869.4801025390625,8612,0.0,0.0
2005-07-25 00:00:00-04:00,870.0723343927975,870.0723343927975,845.1962280273438,845.1962280273438,7352,0.0,0.0
2005-07-26 00:00:00-04:00,841.0502528405764,888.4333541048196,838.0888192815743,875.9953002929688,9964,0.0,0.0
2005-07-27 00:00:00-04:00,876.5875668605613,899.6868253500563,875.9953020569293,890.210205078125,10923,0.0,0.0
2005-07-28 00:00:00-04:00,894.9485551886506,899.0945731925985,886.0641995953888,891.9871215820312,15258,0.0,0.0
2005-07-29 00:00:00-04:00,891.3947627151042,894.3561961912206,881.918142727491,887.841064453125,4745,0.0,0.0
2005-08-01 00:00:00-04:00,884.8796136528357,904.4251740145189,883.1027644466476,896.7254028320312,6208,0.0,0.0
2005-08-02 00:00:00-04:00,892.579357427679,930.4858378184213,892.579357427679,916.2709350585938,6818,0.0,0.0
2005-08-03 00:00:00-04:00,911.5325723935368,920.4169274525781,898.5021995798498,910.9403076171875,10276,0.0,0.0
2005-08-04 00:00:00-04:00,907.3866043980709,913.9017911621936,885.4719300969881,887.248779296875,26267,0.0,0.0
2005-08-05 00:00:00-04:00,883.102719444263,894.3561884656569,878.9567016588337,890.802490234375,10874,0.0,0.0
2005-08-08 00:00:00-04:00,895.5407691126092,895.5407691126092,875.9952646008472,881.3258666992188,13294,0.0,0.0
2005-08-09 00:00:00-04:00,883.6950261236981,894.3562308698255,881.9181769238112,887.248779296875,12739,0.0,0.0
2005-08-10 00:00:00-04:00,893.7639335108026,893.7639335108026,854.0805495624769,862.9649047851562,14902,0.0,0.0
2005-08-11 00:00:00-04:00,861.7803037879937,877.7721100158204,849.3422505352619,871.8492431640625,16297,0.0,0.0
2005-08-12 00:00:00-04:00,867.7032349284804,867.7032349284804,835.1273025663799,844.0116577148438,9959,0.0,0.0
2005-08-15 00:00:00-04:00,838.6810489645924,864.7417398752948,835.12729597856,864.1494750976562,6608,0.0,0.0
2005-08-16 00:00:00-04:00,867.1109204125542,867.1109204125542,846.3808313101862,848.75,4618,0.0,0.0
2005-08-17 00:00:00-04:00,846.3808418970106,852.8960284887921,837.4964865857808,838.0888061523438,4147,0.0,0.0
2005-08-18 00:00:00-04:00,840.4578933793999,846.9730797640574,831.5735931240126,837.4964599609375,3662,0.0,0.0
2005-08-19 00:00:00-04:00,837.4964845964832,844.0116711727893,818.5432444327207,825.6506958007812,6824,0.0,0.0
2005-08-22 00:00:00-04:00,830.3890154517883,836.3118823361441,805.512854036013,817.358642578125,8517,0.0,0.0
2005-08-23 00:00:00-04:00,820.3201122807895,838.0888232660855,807.2897936045495,829.2044677734375,6527,0.0,0.0
2005-08-24 00:00:00-04:00,826.8352780697696,832.7581998393649,800.7745866037551,811.435791015625,11455,0.0,0.0
2005-08-25 00:00:00-04:00,808.4743375376717,817.9509573614265,787.1519292408733,790.7056274414062,15332,0.0,0.0
2005-08-26 00:00:00-04:00,791.2979523174847,792.4825366501038,749.2454549898108,773.529296875,20130,0.0,0.0
2005-08-29 00:00:00-04:00,767.0141161935381,797.2208251953125,760.4989297018964,797.2208251953125,13395,0.0,0.0
2005-08-30 00:00:00-04:00,798.997719010235,810.8434527290973,768.1986908397125,785.9673461914062,11498,0.0,0.0
2005-08-31 00:00:00-04:00,781.8213644024783,797.8131713867188,776.490762074398,797.8131713867188,9836,0.0,0.0
2005-09-01 00:00:00-04:00,794.8516451909614,814.3972043874934,784.7827605915845,790.7056274414062,5935,0.0,0.0
2005-09-02 00:00:00-04:00,791.2979731462472,800.7745932832453,769.975564144651,774.12158203125,3759,0.0,0.0
2005-09-06 00:00:00-04:00,774.713870960452,794.259375256636,771.1601180096004,784.1904907226562,10583,0.0,0.0
2005-09-07 00:00:00-04:00,782.4135965042648,817.358642578125,780.0444278411622,817.358642578125,12314,0.0,0.0
2005-09-08 00:00:00-04:00,812.028044512988,816.7663818627681,799.5899911299166,804.9205932617188,5167,0.0,0.0
2005-09-09 00:00:00-04:00,803.7360130486867,808.4743504227818,791.2979596017888,792.4825439453125,8082,0.0,0.0
2005-09-12 00:00:00-04:00,790.7056668133606,814.3972449391329,790.1134020082476,812.028076171875,7156,0.0,0.0
2005-09-13 00:00:00-04:00,814.3972497728128,844.0116952190969,799.5900270496707,833.9428100585938,13356,0.0,0.0
2005-09-14 00:00:00-04:00,837.4964680103816,839.8656366772824,810.2511926612242,812.620361328125,6498,0.0,0.0
2005-09-15 00:00:00-04:00,812.6203514266939,818.5432182483777,780.0444195872333,781.22900390625,8545,0.0,0.0
2005-09-16 00:00:00-04:00,788.3365573070391,807.2897980061854,775.8984485948343,799.5900268554688,10114,0.0,0.0
2005-09-19 00:00:00-04:00,799.5899798285146,810.2511839414335,790.7056248099489,798.4053955078125,9802,0.0,0.0
2005-09-20 00:00:00-04:00,803.1437511786283,849.934531663938,799.5899981351588,823.8738403320312,15641,0.0,0.0
2005-09-21 00:00:00-04:00,823.873832205483,826.2430008777604,784.7827682065099,787.7442016601562,8158,0.0,0.0
2005-09-22 00:00:00-04:00,810.2512017707744,813.212635250995,784.782775248754,806.6974487304688,11770,0.0,0.0
2005-09-23 00:00:00-04:00,809.0666472050418,809.0666472050418,790.70567131438,799.5900268554688,4506,0.0,0.0
2005-09-26 00:00:00-04:00,799.5900346924731,807.8820707329468,784.7828118277977,796.6286010742188,8324,0.0,0.0
2005-09-27 00:00:00-04:00,795.4439760697378,805.5128608125291,781.2290187449375,797.2208251953125,6329,0.0,0.0
2005-09-28 00:00:00-04:00,793.6671394649985,807.2897774472498,788.3365372307783,798.9977416992188,8388,0.0,0.0
2005-09-29 00:00:00-04:00,799.5900332238076,804.3283708230343,728.5153526492329,748.0609130859375,31802,0.0,0.0
2005-09-30 00:00:00-04:00,784.1905281140329,787.7442264609302,737.9919566437451,775.8984375,35697,0.0,0.0
2005-10-03 00:00:00-04:00,775.8984271577706,775.8984271577706,740.3611155220718,747.4685668945312,14367,0.0,0.0
2005-10-04 00:00:00-04:00,744.507112022242,749.2454493168416,723.1847037433445,729.6998901367188,14309,0.0,0.0
2005-10-05 00:00:00-04:00,733.8459486865997,745.0994730002998,700.6778048737656,711.9312744140625,16639,0.0,0.0
2005-10-06 00:00:00-04:00,720.8155262543954,731.476730263072,671.6555786796304,693.5702514648438,18512,0.0,0.0
2005-10-07 00:00:00-04:00,701.2700384934087,717.2618448805468,684.093647769438,704.8237915039062,12376,0.0,0.0
2005-10-10 00:00:00-04:00,728.5153021440412,730.292206007267,695.9394251146321,698.30859375,7752,0.0,0.0
2005-10-11 00:00:00-04:00,698.9008973253361,712.5235355749348,668.1018676757812,668.1018676757812,8759,0.0,0.0
2005-10-12 00:00:00-04:00,685.8705834975272,692.9780350750291,651.5178004550285,672.8402099609375,12909,0.0,0.0
2005-10-13 00:00:00-04:00,693.5703031110128,704.8238274989337,672.8402130912691,699.4932250976562,13398,0.0,0.0
2005-10-14 00:00:00-04:00,701.2700468992922,722.0001361088442,691.7934268644397,720.8155517578125,9694,0.0,0.0
2005-10-17 00:00:00-04:00,724.3693048109077,754.5760688287136,711.33893172296,720.8155517578125,17285,0.0,0.0
2005-10-18 00:00:00-04:00,747.4685854053155,747.4685854053155,708.9698393088015,716.6695556640625,14279,0.0,0.0
2005-10-19 00:00:00-04:00,716.0772908572744,718.446459631233,694.1626166316647,716.6695556640625,19758,0.0,0.0
2005-10-20 00:00:00-04:00,719.6310221801821,740.3611113897341,714.3004199872399,720.8155517578125,22218,0.0,0.0
2005-10-21 00:00:00-04:00,720.2232666936535,726.1461335086734,689.4242387540703,698.30859375,18950,0.0,0.0
2005-10-24 00:00:00-04:00,698.30858995836,713.7080764578365,698.30858995836,710.7466430664062,22726,0.0,0.0
2005-10-25 00:00:00-04:00,710.7466676551833,720.2232876996497,693.5702767079,698.90087890625,13256,0.0,0.0
2005-10-26 00:00:00-04:00,694.1626147691494,702.4546506823531,681.1322413207419,685.2782592773438,10427,0.0,0.0
2005-10-27 00:00:00-04:00,683.5013821154215,689.4242490186246,674.6170269872163,687.6473999023438,11505,0.0,0.0
2005-10-28 00:00:00-04:00,686.4628329755105,706.0083380704692,684.6859838141694,695.939453125,17898,0.0,0.0
2005-10-31 00:00:00-05:00,701.8622987076556,772.3447102634123,698.9008652715465,761.0911865234375,33879,0.0,0.0
2005-11-01 00:00:00-05:00,244.02303590800815,253.49965600281422,207.89340467987202,215.00086975097656,839147,0.0,0.0
2005-11-02 00:00:00-05:00,216.77773171855705,222.10833392366098,207.89340383895077,212.6317138671875,203762,0.0,0.0
2005-11-03 00:00:00-05:00,212.03941865717186,215.00086580579497,203.7473693796972,206.7088165283203,87511,0.0,0.0
2005-11-04 00:00:00-05:00,207.30111405482745,212.03942413775547,201.3782196044922,201.3782196044922,53403,0.0,0.0
2005-11-07 00:00:00-05:00,201.37822161521564,212.63171844454658,200.19365092933117,204.9319610595703,71120,0.0,0.0
2005-11-08 00:00:00-05:00,205.52424588488117,210.26255584533806,201.9705065678634,206.7088165283203,36145,0.0,0.0
2005-11-09 00:00:00-05:00,207.30110778005928,207.30110778005928,202.5627978405545,204.33966064453125,23547,0.0,0.0
2005-11-10 00:00:00-05:00,203.7473746459562,204.33966682965982,193.67847598974706,201.3782196044922,37405,0.0,0.0
2005-11-11 00:00:00-05:00,201.37821291893223,203.1550894110526,198.41677948543182,200.7859344482422,15279,0.0,0.0
2005-11-14 00:00:00-05:00,201.3782208013337,204.33966804410198,199.601357933013,202.56280517578125,24355,0.0,0.0
2005-11-15 00:00:00-05:00,203.7473766803352,207.89340831430744,200.78594311894872,204.9319610595703,43647,0.0,0.0
2005-11-16 00:00:00-05:00,209.07797602764515,209.07797602764515,198.4167852328569,199.00906372070312,28914,0.0,0.0
2005-11-17 00:00:00-05:00,198.41677856445312,201.37821198420767,196.6399020805804,198.41677856445312,25742,0.0,0.0
2005-11-18 00:00:00-05:00,197.8244996800242,200.78594699188432,187.75558703571033,194.86305236816406,72494,0.0,0.0
2005-11-21 00:00:00-05:00,193.6784800845921,194.27075858746744,184.20184602502593,190.12474060058594,37150,0.0,0.0
2005-11-22 00:00:00-05:00,188.94015698574293,199.00906958962446,188.34787848042998,192.493896484375,32418,0.0,0.0
2005-11-23 00:00:00-05:00,192.49388858657392,193.67847293529945,188.3478707527352,190.71702575683594,16494,0.0,0.0
2005-11-25 00:00:00-05:00,191.30931010606906,191.30931010606906,187.1632921450554,188.94015502929688,6003,0.0,0.0
2005-11-28 00:00:00-05:00,189.53243961511518,191.9015945968035,185.9787139892578,185.9787139892578,25606,0.0,0.0
2005-11-29 00:00:00-05:00,186.57099154801654,188.94014651806484,181.24040313542045,183.60955810546875,20030,0.0,0.0
2005-11-30 00:00:00-05:00,183.0172753259244,193.6784800845921,181.24041243059673,190.12474060058594,45247,0.0,0.0
2005-12-01 00:00:00-05:00,193.67847598974706,209.07797691258784,192.4938916223398,201.3782196044922,92853,0.0,0.0
2005-12-02 00:00:00-05:00,206.1165297556165,236.9155589981894,199.0090646288729,219.7391815185547,109633,0.0,0.0
2005-12-05 00:00:00-05:00,221.51604315710563,229.8080789126371,213.22400740157414,218.55459594726562,92067,0.0,0.0
2005-12-06 00:00:00-05:00,220.92374326689662,220.92374326689662,210.26255285420655,215.59315490722656,33320,0.0,0.0
2005-12-07 00:00:00-05:00,215.59315890590656,217.96231389637367,207.30110959259662,209.07797241210938,52305,0.0,0.0
2005-12-08 00:00:00-05:00,210.85484741940837,211.44712589278345,200.1936431917554,203.15509033203125,49218,0.0,0.0
2005-12-09 00:00:00-05:00,202.56280871257533,214.40858419712782,201.97051651501002,210.8548583984375,40782,0.0,0.0
2005-12-12 00:00:00-05:00,212.6317160434476,222.10833619691314,207.89340596671482,220.9237518310547,49695,0.0,0.0
2005-12-13 00:00:00-05:00,220.9237442168946,225.66206782367107,210.854845920876,217.96231079101562,28233,0.0,0.0
2005-12-14 00:00:00-05:00,217.96231079101562,230.99265620626326,215.0008636717866,217.96231079101562,30921,0.0,0.0
2005-12-15 00:00:00-05:00,217.9623186602064,221.51604437690295,215.00087143405892,219.7391815185547,18323,0.0,0.0
2005-12-16 00:00:00-05:00,220.9237442168946,222.70062070444203,214.40857150927079,217.96231079101562,30071,0.0,0.0
2005-12-19 00:00:00-05:00,217.37003067119335,218.5546013685023,206.70882592865883,208.48570251464844,18682,0.0,0.0
2005-12-20 00:00:00-05:00,201.37821198420767,206.7088140491258,197.82448640316224,198.41677856445312,27420,0.0,0.0
2005-12-21 00:00:00-05:00,201.37821259764704,201.9705047607422,197.23219484268108,201.9705047607422,22050,0.0,0.0
2005-12-22 00:00:00-05:00,200.78593224506022,207.30110489796164,194.2707458988089,197.23219299316406,41427,0.0,0.0
2005-12-23 00:00:00-05:00,197.2322017052678,204.93195901336347,195.45533884750742,201.3782196044922,23480,0.0,0.0
2005-12-27 00:00:00-05:00,203.1550881457094,209.67026082952094,197.82448608924997,199.60134887695312,19452,0.0,0.0
2005-12-28 00:00:00-05:00,199.601357933013,203.7473758568782,199.0090657457892,202.56280517578125,15471,0.0,0.0
2005-12-29 00:00:00-05:00,201.97050508297235,206.7088150085931,199.00905795612186,200.7859344482422,19248,0.0,0.0
2005-12-30 00:00:00-05:00,201.97051215296162,204.3396671987044,199.0090649224455,200.1936492919922,26047,0.0,0.0
2006-01-03 00:00:00-05:00,201.37822043702275,208.48569928414878,199.60135757191654,203.74737548828125,28545,0.0,0.0
2006-01-04 00:00:00-05:00,204.9319531388567,206.70881594568215,202.56279816530605,203.15509033203125,18489,0.0,0.0
2006-01-05 00:00:00-05:00,204.33967084069013,212.63172049525596,204.33967084069013,208.48570251464844,26894,0.0,0.0
2006-01-06 00:00:00-05:00,211.44713651445954,216.7777388960595,209.07798142189856,212.0394287109375,16208,0.0,0.0
2006-01-09 00:00:00-05:00,216.1854474973667,216.1854474973667,211.44713729475902,214.40858459472656,20958,0.0,0.0
2006-01-10 00:00:00-05:00,213.22400481626838,215.59315981674467,209.67026546887877,211.44712829589844,12427,0.0,0.0
2006-01-11 00:00:00-05:00,213.22400604405468,213.22400604405468,206.7088194852164,212.6317138671875,13129,0.0,0.0
2006-01-12 00:00:00-05:00,212.6317138671875,215.59316105817305,209.67026667620195,212.6317138671875,14502,0.0,0.0
2006-01-13 00:00:00-05:00,211.44713651445954,214.4085838034985,209.6702736183765,212.0394287109375,13311,0.0,0.0
2006-01-17 00:00:00-05:00,211.44712774437946,212.03941991629122,206.11652558387405,207.89340209960938,17462,0.0,0.0
2006-01-18 00:00:00-05:00,205.5242496561705,216.18544041615212,205.5242496561705,215.00086975097656,20953,0.0,0.0
2006-01-19 00:00:00-05:00,217.96231649626355,241.06157450551186,216.18543996220566,235.73097229003906,109171,0.0,0.0
2006-01-20 00:00:00-05:00,241.0615692138672,251.72277341078419,235.13867495039105,241.0615692138672,71232,0.0,0.0
2006-01-23 00:00:00-05:00,242.8384547394659,243.43074692650939,232.17725014608575,239.28472900390625,24997,0.0,0.0
2006-01-24 00:00:00-05:00,238.10014725872003,243.43074961426612,226.8466503540448,228.03123474121094,24794,0.0,0.0
2006-01-25 00:00:00-05:00,228.03123515623523,234.54639452410373,223.8852034869586,231.5849609375,15164,0.0,0.0
2006-01-26 00:00:00-05:00,244.6153062077973,246.39218278559053,228.62351286111317,229.21580505371094,31145,0.0,0.0
2006-01-27 00:00:00-05:00,229.80807438194842,230.4003665509094,223.88519377238902,226.2543487548828,18256,0.0,0.0
2006-01-30 00:00:00-05:00,222.10832854192623,223.88519133612363,215.5931558343024,217.96231079101562,26458,0.0,0.0
2006-01-31 00:00:00-05:00,217.9623206564171,223.2929229736328,217.37002846709296,223.2929229736328,16095,0.0,0.0
2006-02-01 00:00:00-05:00,224.47748594135,229.80807438194842,219.14688380740142,226.2543487548828,13738,0.0,0.0
2006-02-02 00:00:00-05:00,248.76134797239126,249.35361276975553,230.99266461053412,238.1001434326172,97783,0.0,0.0
2006-02-03 00:00:00-05:00,239.28473250373432,239.28473250373432,230.99266915054542,235.13868713378906,20383,0.0,0.0
2006-02-06 00:00:00-05:00,236.32326446805834,238.1001410021162,230.99266225258552,235.73097229003906,17142,0.0,0.0
2006-02-07 00:00:00-05:00,238.69243561668253,245.20759486799918,234.54639032822513,238.1001434326172,24585,0.0,0.0
2006-02-08 00:00:00-05:00,236.91556025573234,242.8384547394659,232.76954233312924,239.28472900390625,19620,0.0,0.0
2006-02-09 00:00:00-05:00,237.5078470451739,238.10013921875694,229.80807617529484,230.99266052246094,36324,0.0,0.0
2006-02-10 00:00:00-05:00,230.40036956363252,234.5463874138726,226.25435171339245,232.17724609375,22471,0.0,0.0
2006-02-13 00:00:00-05:00,232.17725354195835,235.13868713378906,229.21580625677686,235.13868713378906,17348,0.0,0.0
2006-02-14 00:00:00-05:00,235.13868369460192,239.28472900390625,231.58495795904227,239.28472900390625,18753,0.0,0.0
2006-02-15 00:00:00-05:00,237.50784482743657,245.20758823871842,236.91555265938408,242.24615478515625,23000,0.0,0.0
2006-02-16 00:00:00-05:00,242.83845564763448,247.57676577500143,242.24616345837595,246.39218139648438,21080,0.0,0.0
2006-02-17 00:00:00-05:00,248.16904634635281,258.2379583189743,242.83844427927673,255.86878967285156,33662,0.0,0.0
2006-02-21 00:00:00-05:00,255.2765119099821,259.4225298878496,245.79989156437034,248.7613525390625,22498,0.0,0.0
2006-02-22 00:00:00-05:00,251.1304856139225,252.31506996456238,244.61529907210377,248.16905212402344,14997,0.0,0.0
2006-02-23 00:00:00-05:00,249.3536161574082,249.94590834952027,239.87699585701796,247.57676696777344,21326,0.0,0.0
2006-02-24 00:00:00-05:00,230.9926671166599,231.58495930715125,222.70063122318382,226.84664916992188,43638,0.0,0.0
2006-02-27 00:00:00-05:00,230.9926553892021,246.98446156046302,228.623500440869,236.32325744628906,40864,0.0,0.0
2006-02-28 00:00:00-05:00,236.3232616904518,249.35360729362267,235.73096951939397,243.4307403564453,31038,0.0,0.0
2006-03-01 00:00:00-05:00,244.02304002615153,248.7613501535185,240.46928689060033,246.39218139648438,19265,0.0,0.0
2006-03-02 00:00:00-05:00,245.20758881200805,247.5767574897571,241.65386318208485,245.7998809814453,27679,0.0,0.0
2006-03-03 00:00:00-05:00,244.61529664257077,249.3536066113685,242.83844752095936,245.7998809814453,18441,0.0,0.0
2006-03-06 00:00:00-05:00,247.57676531883175,248.16905750699897,242.8384552001953,242.8384552001953,18105,0.0,0.0
2006-03-07 00:00:00-05:00,240.46927763168415,246.39217190951584,236.91555201966523,244.61529541015625,17306,0.0,0.0
2006-03-08 00:00:00-05:00,242.8384457089201,245.79987914730805,238.1001357754792,241.0615692138672,9248,0.0,0.0
2006-03-09 00:00:00-05:00,240.4692884611799,278.9680619208215,239.87699626805292,251.1304931640625,62330,0.0,0.0
2006-03-10 00:00:00-05:00,254.68421181645942,256.461088346168,249.3536096140344,251.7227783203125,20661,0.0,0.0
2006-03-13 00:00:00-05:00,251.13049434353405,254.68422013228502,246.39218416296555,252.31507873535156,13270,0.0,0.0
2006-03-14 00:00:00-05:00,251.13048275090435,267.71458131069346,251.13048275090435,261.79168701171875,32367,0.0,0.0
2006-03-15 00:00:00-05:00,264.16081820305317,273.6374651512351,261.79167700603216,272.452880859375,29564,0.0,0.0
2006-03-16 00:00:00-05:00,273.6374708408134,291.99841819961676,272.45288652432293,286.6678161621094,53756,0.0,0.0
2006-03-17 00:00:00-05:00,288.44469388088953,305.62105699728295,281.929507498792,293.7752685546875,58938,0.0,0.0
2006-03-20 00:00:00-05:00,296.7367293586864,300.88274709758474,288.44469388088953,293.7752685546875,22389,0.0,0.0
2006-03-21 00:00:00-05:00,284.29864501953125,296.14443330646986,284.29864501953125,284.29864501953125,44083,0.0,0.0
2006-03-22 00:00:00-05:00,334.6432243829164,340.566118884332,310.9516737639553,329.3126220703125,242965,0.0,0.0
2006-03-23 00:00:00-05:00,326.35116829593835,328.1280447522983,312.7285309572775,318.6513977050781,52482,0.0,0.0
2006-03-24 00:00:00-05:00,315.09768889266456,341.1584080347747,314.50539670912787,337.01239013671875,36176,0.0,0.0
2006-03-27 00:00:00-05:00,343.52754038987615,343.52754038987615,328.72031834916254,332.8663635253906,20668,0.0,0.0
2006-03-28 00:00:00-05:00,330.4971885829841,334.05091413705713,314.5053825096059,321.02056884765625,37124,0.0,0.0
2006-03-29 00:00:00-05:00,321.020572538529,333.45862581413854,316.8745547799925,330.4971923828125,23780,0.0,0.0
2006-03-30 00:00:00-05:00,333.45863289697684,337.60467813027765,324.5743050275907,329.9049072265625,18294,0.0,0.0
2006-03-31 00:00:00-05:00,332.2740846494134,338.78924398499896,328.1280666940313,334.0509338378906,17414,0.0,0.0
2006-04-03 00:00:00-04:00,334.05091350128447,336.4200821239573,319.8359839253468,323.38970947265625,18780,0.0,0.0
2006-04-04 00:00:00-04:00,330.4972135185116,332.27409012296073,316.87457504450725,328.7203369140625,24553,0.0,0.0
2006-04-05 00:00:00-04:00,328.1280511150917,331.681776710023,322.7974490293447,330.4971923828125,16373,0.0,0.0
2006-04-06 00:00:00-04:00,334.64321198352485,337.01238065098784,325.7588842539393,335.2355041503906,20198,0.0,0.0
2006-04-07 00:00:00-04:00,337.01240026887234,363.6653850091303,334.0509392621535,345.896728515625,55794,0.0,0.0
2006-04-10 00:00:00-04:00,349.450443087007,352.41190399838644,334.0509285079367,339.38153076171875,28603,0.0,0.0
2006-04-11 00:00:00-04:00,339.9738347962198,342.34300360791775,319.8360094435951,326.3511962890625,35027,0.0,0.0
2006-04-12 00:00:00-04:00,322.797466634672,338.1969541814934,320.428297851037,336.42010498046875,16039,0.0,0.0
2006-04-13 00:00:00-04:00,333.45863183281267,348.8581462043979,329.90490617373933,342.3429870605469,13962,0.0,0.0
2006-04-17 00:00:00-04:00,337.604686988248,339.9738283684514,328.1280666940313,334.0509338378906,17442,0.0,0.0
2006-04-18 00:00:00-04:00,353.00416011275576,383.21089634576543,353.00416011275576,374.3265686035156,100300,0.0,0.0
2006-04-19 00:00:00-04:00,377.88030634921967,393.8721132304651,373.7342884289044,387.94921875,39727,0.0,0.0
2006-04-20 00:00:00-04:00,390.9106804289121,394.4644061692864,356.5579252407572,385.580078125,27964,0.0,0.0
2006-04-21 00:00:00-04:00,386.1723608318899,386.1723608318899,377.88029779232744,383.8031921386719,12974,0.0,0.0
2006-04-24 00:00:00-04:00,382.02635778985035,383.8032069918272,371.3651530311827,380.2494812011719,20674,0.0,0.0
2006-04-25 00:00:00-04:00,379.6571795778823,381.4340561224401,370.1805594469758,378.47259521484375,15821,0.0,0.0
2006-04-26 00:00:00-04:00,382.0263617847589,382.61862660047683,361.8885364492915,370.1805725097656,23183,0.0,0.0
2006-04-27 00:00:00-04:00,361.29622816437444,369.58826385574247,325.75888930798175,368.9959716796875,39385,0.0,0.0
2006-04-28 00:00:00-04:00,367.2191197739518,390.3183775327102,360.70393327309154,376.69573974609375,20691,0.0,0.0
2006-05-01 00:00:00-04:00,376.69573542689983,384.9877709607724,368.9959646711323,369.5882568359375,12736,0.0,0.0
2006-05-02 00:00:00-04:00,369.5882787550106,372.5497397546712,355.96564031667714,365.4422607421875,15588,0.0,0.0
2006-05-03 00:00:00-04:00,368.40366798802273,408.08702344967196,364.25765027193546,394.4643859863281,30464,0.0,0.0
2006-05-04 00:00:00-04:00,393.8721100406562,423.4865548164454,386.17236644909946,415.19451904296875,34094,0.0,0.0
2006-05-05 00:00:00-04:00,417.56365794133126,420.5251188336071,404.5333121754198,412.8253479003906,16230,0.0,0.0
2006-05-08 00:00:00-04:00,410.4562072753906,417.56365865560906,405.71789722634475,410.4562072753906,13035,0.0,0.0
2006-05-09 00:00:00-04:00,408.08702912328687,414.00992339434293,402.7564270180065,408.6793212890625,10544,0.0,0.0
2006-05-10 00:00:00-04:00,408.679335348867,412.8253532652317,402.7564408740455,407.4947509765625,8186,0.0,0.0
2006-05-11 00:00:00-04:00,406.3101777603381,408.6793190236074,376.1034417934293,384.3954772949219,25621,0.0,0.0
2006-05-12 00:00:00-04:00,383.2109107470818,383.80320293705057,357.1502187086645,373.1419982910156,18048,0.0,0.0
2006-05-15 00:00:00-04:00,366.6268221967038,377.88029113101015,350.6350159594894,362.4808044433594,14326,0.0,0.0
2006-05-16 00:00:00-04:00,361.2962387994795,367.2191333476746,345.896723928853,358.33477783203125,14595,0.0,0.0
2006-05-17 00:00:00-04:00,359.51935848672673,379.06489112217093,356.5579249367235,368.4036865234375,16206,0.0,0.0
2006-05-18 00:00:00-04:00,366.0345480810037,377.88030976222336,350.04274105532073,351.2273254394531,10150,0.0,0.0
2006-05-19 00:00:00-04:00,351.2273070659167,355.3733248067906,334.6432087157212,345.3044128417969,18118,0.0,0.0
2006-05-22 00:00:00-04:00,341.1583965543065,343.5275378220273,325.1665902970655,330.4971923828125,14124,0.0,0.0
2006-05-23 00:00:00-04:00,329.312629916983,343.52756062706476,323.38973527444006,326.3511962890625,14776,0.0,0.0
2006-05-24 00:00:00-04:00,323.9820251464844,330.4972119450784,313.91311254261257,323.9820251464844,15514,0.0,0.0
2006-05-25 00:00:00-04:00,324.5743067198847,349.4504413158876,322.7974575687636,334.6432189941406,12353,0.0,0.0
2006-05-26 00:00:00-04:00,339.9738176873047,349.4504376837891,338.19694116795114,344.7121276855469,5991,0.0,0.0
2006-05-30 00:00:00-04:00,341.1583984323477,352.41189482939626,334.05091981665913,335.2355041503906,8641,0.0,0.0
2006-05-31 00:00:00-04:00,333.4586267896641,350.0427252590267,332.27406984568836,347.673583984375,11800,0.0,0.0
2006-06-01 00:00:00-04:00,348.2658557224039,367.21912323186126,345.89671440040973,366.6268310546875,9088,0.0,0.0
2006-06-02 00:00:00-04:00,367.8113891784146,371.9574344316623,347.0812998456801,354.1887512207031,6635,0.0,0.0
2006-06-05 00:00:00-04:00,354.18876131092526,359.5193636874025,334.64322839274246,336.42010498046875,7953,0.0,0.0
2006-06-06 00:00:00-04:00,337.01239013671875,339.97382366770125,326.35118560646004,337.01239013671875,9909,0.0,0.0
2006-06-07 00:00:00-04:00,339.3815335584775,345.89672023050133,317.46685956718096,322.2051696777344,15489,0.0,0.0
2006-06-08 00:00:00-04:00,319.24371254344175,319.24371254344175,293.77528512593125,312.1362609863281,26376,0.0,0.0
2006-06-09 00:00:00-04:00,312.72854262140066,313.3208347956119,300.88275391057687,303.2519226074219,8823,0.0,0.0
2006-06-12 00:00:00-04:00,303.2519366983875,307.39795472381536,291.40614743713496,302.0673522949219,11794,0.0,0.0
2006-06-13 00:00:00-04:00,300.290454936785,307.99022564048204,290.22154297658886,293.7752685546875,11820,0.0,0.0
2006-06-14 00:00:00-04:00,292.59072102848734,302.6596333124647,284.29865789734663,295.5521545410156,14326,0.0,0.0
2006-06-15 00:00:00-04:00,296.14444723803575,318.6514131779781,296.14444723803575,312.7285461425781,18850,0.0,0.0
2006-06-16 00:00:00-04:00,310.9516836224882,316.8745783116855,302.0673552820432,311.5439758300781,22129,0.0,0.0
2006-06-19 00:00:00-04:00,313.9131164550781,317.4668696913499,307.99024916802927,313.9131164550781,13017,0.0,0.0
2006-06-20 00:00:00-04:00,315.0976740667009,329.90489579830677,310.9516563637232,323.38970947265625,13376,0.0,0.0
2006-06-21 00:00:00-04:00,322.79745144223733,334.05092047475546,316.8745571486118,332.8663635253906,10368,0.0,0.0
2006-06-22 00:00:00-04:00,332.86637843327964,340.5661221891464,326.9434838743889,338.78924560546875,7139,0.0,0.0
2006-06-23 00:00:00-04:00,337.01239479652173,350.04274085439425,329.3126236907823,334.0509338378906,6717,0.0,0.0
2006-06-26 00:00:00-04:00,335.8278143467726,349.45045275593947,332.8663807401543,341.1584167480469,4358,0.0,0.0
2006-06-27 00:00:00-04:00,340.56611053765994,354.7810405606538,337.60467705288227,342.3429870605469,8209,0.0,0.0
2006-06-28 00:00:00-04:00,345.3044241807282,345.89671636125956,328.7203252859524,332.2740783691406,6909,0.0,0.0
2006-06-29 00:00:00-04:00,333.45862943428017,342.3429845981102,332.27407248090987,339.97381591796875,9665,0.0,0.0
2006-06-30 00:00:00-04:00,343.5275415514805,345.3044180615866,334.05092160431553,339.97381591796875,26264,0.0,0.0
2006-07-03 00:00:00-04:00,337.01239950084505,355.3733481538508,335.8278151008571,348.265869140625,5324,0.0,0.0
2006-07-05 00:00:00-04:00,344.7121371039726,349.4504472316777,337.0123934164649,346.489013671875,5411,0.0,0.0
2006-07-06 00:00:00-04:00,347.6735985540615,347.6735985540615,323.3897283043603,326.9434814453125,11461,0.0,0.0
2006-07-07 00:00:00-04:00,326.351176145001,326.351176145001,313.91309542473255,315.6899719238281,12891,0.0,0.0
2006-07-10 00:00:00-04:00,319.24370358924097,321.61287229962903,306.80565001980597,307.990234375,7452,0.0,0.0
2006-07-11 00:00:00-04:00,306.8056562820198,311.54396641280886,296.1444516410691,309.76708984375,10409,0.0,0.0
2006-07-12 00:00:00-04:00,309.17480153281065,309.7670937299275,296.736747553461,299.69818115234375,8111,0.0,0.0
2006-07-13 00:00:00-04:00,296.1444432396879,331.68178190579056,294.959858893921,305.6210632324219,21614,0.0,0.0
2006-07-14 00:00:00-04:00,307.9902380494683,313.9131051226995,297.92132568359375,297.92132568359375,8414,0.0,0.0
2006-07-17 00:00:00-04:00,296.14444743569214,299.6981731366442,290.2215530096381,293.1830139160156,5205,0.0,0.0
2006-07-18 00:00:00-04:00,293.18302719899793,300.88277113102293,284.2986714640508,294.3675842285156,5748,0.0,0.0
2006-07-19 00:00:00-04:00,293.77529176248606,318.0591627268654,293.77529176248606,311.5439758300781,8442,0.0,0.0
2006-07-20 00:00:00-04:00,313.9131061003902,318.65141620575343,303.8441937031558,305.0287780761719,5397,0.0,0.0
2006-07-21 00:00:00-04:00,302.6596183822842,302.6596183822842,289.0369536912371,299.1058654785156,6438,0.0,0.0
2006-07-24 00:00:00-04:00,306.8056380182329,309.76707140367233,297.9213104752149,303.84417724609375,4389,0.0,0.0
2006-07-25 00:00:00-04:00,299.6981695621544,312.72854262140066,294.959859555165,303.2519226074219,5997,0.0,0.0
2006-07-26 00:00:00-04:00,299.69815822585286,305.0287602054196,287.26010519799695,296.7367248535156,5903,0.0,0.0
2006-07-27 00:00:00-04:00,294.9598550436097,306.21335140809447,270.08372104073294,276.5989074707031,17671,0.0,0.0
2006-07-28 00:00:00-04:00,280.15265125401663,289.62927173798363,274.22975660486173,282.5218200683594,10356,0.0,0.0
2006-07-31 00:00:00-04:00,289.0369628503088,302.6596279730341,286.667821559422,300.88275146484375,11686,0.0,0.0
2006-08-01 00:00:00-04:00,297.921327009493,299.1058839973905,282.5218122998139,285.4832458496094,7726,0.0,0.0
2006-08-02 00:00:00-04:00,287.2601119836877,299.6981653053567,285.483235486292,296.1444396972656,6441,0.0,0.0
2006-08-03 00:00:00-04:00,294.36757349242936,313.9131061003902,286.6678298412271,305.0287780761719,9173,0.0,0.0
2006-08-04 00:00:00-04:00,309.7670817503444,313.9130995831225,296.1444439035875,303.2519226074219,6227,0.0,0.0
2006-08-07 00:00:00-04:00,302.06734285828225,304.43648420449927,296.1444484126883,300.29046630859375,5980,0.0,0.0
2006-08-08 00:00:00-04:00,302.0673555472428,304.4364969929805,290.2215661584481,294.3675842285156,6195,0.0,0.0
2006-08-09 00:00:00-04:00,297.9213071779643,301.47503267850067,289.62924449444705,291.9984130859375,7074,0.0,0.0
2006-08-10 00:00:00-04:00,290.2215385703342,301.47503468127496,287.26010519799695,296.7367248535156,3645,0.0,0.0
2006-08-11 00:00:00-04:00,297.32901959801933,297.9213117549915,284.29864691803215,289.0369567871094,5717,0.0,0.0
2006-08-14 00:00:00-04:00,289.62926618215806,292.5907271432782,281.33723026442476,287.8524169921875,4641,0.0,0.0
2006-08-15 00:00:00-04:00,289.0369662443818,296.14444497390383,286.66782492567495,290.8138427734375,3067,0.0,0.0
2006-08-16 00:00:00-04:00,293.7752813059213,310.3593803680431,291.4061399465903,305.0287780761719,17611,0.0,0.0
2006-08-17 00:00:00-04:00,306.21335784220895,309.7670835210903,302.6596321633276,307.990234375,4061,0.0,0.0
2006-08-18 00:00:00-04:00,310.359375,310.95166717626364,301.4750471294469,310.359375,4029,0.0,0.0
2006-08-21 00:00:00-04:00,307.9902476678812,311.5439735001416,302.06735302297926,309.1748046875,4039,0.0,0.0
2006-08-22 00:00:00-04:00,309.7670762034298,334.643210141349,306.80564277210374,330.4971923828125,13950,0.0,0.0
2006-08-23 00:00:00-04:00,329.3126167673757,338.78923686235765,325.75889107843267,334.6432189941406,6406,0.0,0.0
2006-08-24 00:00:00-04:00,335.8278016017202,343.5275451187346,319.8359950048048,329.9049072265625,6179,0.0,0.0
2006-08-25 00:00:00-04:00,328.1280604921219,337.01238842669073,323.9820152284023,332.2740783691406,3370,0.0,0.0
2006-08-28 00:00:00-04:00,334.0509354356965,340.5661221891464,331.08950184960196,338.78924560546875,4303,0.0,0.0
2006-08-29 00:00:00-04:00,338.19695651413116,353.5964715538689,334.6432307008692,348.265869140625,9008,0.0,0.0
2006-08-30 00:00:00-04:00,350.63501924670436,357.15020571258293,346.48900145449085,352.4118957519531,8608,0.0,0.0
2006-08-31 00:00:00-04:00,354.78105120514886,355.373343397215,345.8967230975588,351.2273254394531,4814,0.0,0.0
2006-09-01 00:00:00-04:00,352.4119003337087,355.37333382759164,347.6735903114755,349.450439453125,3323,0.0,0.0
2006-09-05 00:00:00-04:00,348.85816287669167,355.3733497186108,340.5661268136687,353.0041809082031,3959,0.0,0.0
2006-09-06 00:00:00-04:00,352.41191294605636,353.00417775666875,339.9738315758641,343.5275573730469,4189,0.0,0.0
2006-09-07 00:00:00-04:00,341.15841107314367,343.5275524416891,322.7974627667865,329.3126220703125,4436,0.0,0.0
2006-09-08 00:00:00-04:00,330.4971948532603,339.3815226003484,319.8359906020744,332.8663635253906,3294,0.0,0.0
2006-09-11 00:00:00-04:00,331.68180026230374,332.27409246796685,322.79747195076123,331.0895080566406,3656,0.0,0.0
2006-09-12 00:00:00-04:00,329.3126236907823,338.1969517932728,322.7974643551968,334.0509338378906,4962,0.0,0.0
2006-09-13 00:00:00-04:00,332.274086995809,337.6046893722863,324.57431583569667,336.42010498046875,9195,0.0,0.0
2006-09-14 00:00:00-04:00,334.0509285079367,344.1198408332249,328.72032625415466,339.38153076171875,7585,0.0,0.0
2006-09-15 00:00:00-04:00,341.7507002183114,342.93528458538486,330.49720350451594,337.01239013671875,8232,0.0,0.0
2006-09-18 00:00:00-04:00,335.2354971521393,339.3815148469485,330.4971873028289,335.8277893066406,3708,0.0,0.0
2006-09-19 00:00:00-04:00,335.23552058865124,340.5661229651285,326.94348461933174,336.42010498046875,4306,0.0,0.0
2006-09-20 00:00:00-04:00,339.3815237479334,344.1198337215159,335.8277981144216,339.97381591796875,3045,0.0,0.0
2006-09-21 00:00:00-04:00,342.3429870605469,345.8967127196202,334.64321618140394,342.3429870605469,5417,0.0,0.0
2006-09-22 00:00:00-04:00,342.3429987728241,342.3429987728241,332.86637843327964,338.78924560546875,3359,0.0,0.0
2006-09-25 00:00:00-04:00,337.60468232025545,349.4504438308866,335.2355135861086,337.01239013671875,4780,0.0,0.0
2006-09-26 00:00:00-04:00,335.23551117341464,345.30442344767056,334.6432189941406,334.6432189941406,10548,0.0,0.0
2006-09-27 00:00:00-04:00,332.2740854059654,335.82781117771276,328.7203322475166,331.6817932128906,12986,0.0,0.0
2006-09-28 00:00:00-04:00,351.22731771222703,360.70393780339157,339.38152890492086,354.1887512207031,19520,0.0,0.0
2006-09-29 00:00:00-04:00,353.0041640377668,355.3733327349495,340.56611053765994,342.3429870605469,6235,0.0,0.0
2006-10-02 00:00:00-04:00,342.3429924018481,343.5275493822205,335.82780576964535,337.01239013671875,3691,0.0,0.0
2006-10-03 00:00:00-04:00,336.42009795318205,341.7507002183114,335.82780576964535,337.01239013671875,3750,0.0,0.0
2006-10-04 00:00:00-04:00,336.42009961286965,343.52755107697186,332.8663738808185,341.7507019042969,6518,0.0,0.0
2006-10-05 00:00:00-04:00,339.3815192437492,348.2658469029683,337.60467014392543,342.9352722167969,4358,0.0,0.0
2006-10-06 00:00:00-04:00,340.56612377317816,344.712141767675,337.60469017330945,343.5275573730469,5244,0.0,0.0
2006-10-09 00:00:00-04:00,341.7507066929445,356.55792940178924,337.6046887163402,355.96563720703125,6894,0.0,0.0
2006-10-10 00:00:00-04:00,357.74249135459274,373.73427006328757,352.4118893227945,372.5497131347656,15167,0.0,0.0
2006-10-11 00:00:00-04:00,372.5497342395074,384.39549590268183,357.1502194293494,370.7728576660156,14517,0.0,0.0
2006-10-12 00:00:00-04:00,392.6875234951988,402.7564357584962,383.80319558916,393.2798156738281,31650,0.0,0.0
2006-10-13 00:00:00-04:00,393.8721132304651,395.0566976038984,371.9574392554557,387.94921875,11967,0.0,0.0
2006-10-16 00:00:00-04:00,396.83357983850584,406.902492383265,390.91068527334727,399.7950134277344,17809,0.0,0.0
2006-10-17 00:00:00-04:00,396.83356347208155,401.5718734514482,390.9106691511982,398.61041259765625,7170,0.0,0.0
2006-10-18 00:00:00-04:00,399.7949886481067,403.34871421225836,390.91066104437766,392.0952453613281,6021,0.0,0.0
2006-10-19 00:00:00-04:00,390.91067840101323,400.9795907687577,387.94921747714653,400.3872985839844,7203,0.0,0.0
2006-10-20 00:00:00-04:00,402.16418058703096,402.16418058703096,388.5415149260796,395.05670166015625,3830,0.0,0.0
2006-10-23 00:00:00-04:00,393.2798016712461,400.97957233257944,388.5414917976178,394.4643859863281,3947,0.0,0.0
2006-10-24 00:00:00-04:00,394.4643846874391,394.4643846874391,379.06487080217966,387.35693359375,5624,0.0,0.0
2006-10-25 00:00:00-04:00,384.98778683110464,395.0566992744631,383.80320245266216,392.6875305175781,4814,0.0,0.0
2006-10-26 00:00:00-04:00,387.3569555879896,393.2798227067994,376.1034587661886,392.6875305175781,7141,0.0,0.0
2006-10-27 00:00:00-04:00,393.27981213814274,393.27981213814274,379.0648821389364,383.8031921386719,6371,0.0,0.0
2006-10-30 00:00:00-05:00,380.84176107439987,386.17236328125,376.10345104461095,386.17236328125,4948,0.0,0.0
2006-10-31 00:00:00-05:00,383.80321011260787,396.83358376213283,382.0263608961831,389.7261047363281,7539,0.0,0.0
2006-11-01 00:00:00-05:00,390.91066970430666,394.46439534718473,376.1034475744973,376.69573974609375,5358,0.0,0.0
2006-11-02 00:00:00-05:00,376.10345458984375,380.24947248165273,368.99597578481337,376.10345458984375,5071,0.0,0.0
2006-11-03 00:00:00-05:00,376.6957521909535,378.4726013777439,367.21913190573343,370.7728576660156,5627,0.0,0.0
2006-11-06 00:00:00-05:00,370.7728576660156,374.3265834262978,367.21913190573343,370.7728576660156,4800,0.0,0.0
2006-11-07 00:00:00-05:00,370.180548173684,388.54149569482263,370.180548173684,382.0263366699219,6688,0.0,0.0
2006-11-08 00:00:00-05:00,379.65717840803933,396.24127727937537,377.28803707596325,390.9106750488281,7438,0.0,0.0
2006-11-09 00:00:00-05:00,391.50297261675803,396.2412827328242,379.0648914453961,385.580078125,5170,0.0,0.0
2006-11-10 00:00:00-05:00,384.9877806385866,391.5029672285224,380.2494705877336,390.9106750488281,5064,0.0,0.0
2006-11-13 00:00:00-05:00,389.1337890625,394.4643911636329,382.02633785212294,389.1337890625,5764,0.0,0.0
2006-11-14 00:00:00-05:00,395.0566976038984,395.0566976038984,377.2880415492042,387.94921875,15473,0.0,0.0
2006-11-15 00:00:00-05:00,387.94920017842156,421.11739672654573,387.3569354067585,414.0099182128906,33645,0.0,0.0
2006-11-16 00:00:00-05:00,413.41764249720904,421.7097056573867,411.64079333815033,415.19451904296875,11959,0.0,0.0
2006-11-17 00:00:00-05:00,415.19450440097387,420.52510646356626,410.4561944994139,418.74822998046875,8512,0.0,0.0
2006-11-20 00:00:00-05:00,417.5636462926329,419.34052277842926,405.71788521409087,416.37908935546875,6882,0.0,0.0
2006-11-21 00:00:00-05:00,417.5636456584038,421.1173986245987,407.4947336942515,418.74822998046875,5705,0.0,0.0
2006-11-22 00:00:00-05:00,417.5636669200374,435.92464268685427,417.5636669200374,434.14776611328125,13030,0.0,0.0
2006-11-24 00:00:00-05:00,432.3708719553543,432.3708719553543,424.0788363893169,425.855712890625,2797,0.0,0.0
2006-11-27 00:00:00-05:00,424.07885002872246,427.0402835727826,406.31019399095914,407.4947509765625,6945,0.0,0.0
2006-11-28 00:00:00-05:00,405.7179057807722,420.5251284195836,395.0567010989558,414.60223388671875,12891,0.0,0.0
2006-11-29 00:00:00-05:00,416.3791067383028,431.18632924467164,416.3791067383028,424.671142578125,5514,0.0,0.0
2006-11-30 00:00:00-05:00,423.48654697610726,427.04027261513284,414.60221918519323,418.15594482421875,6994,0.0,0.0
2006-12-01 00:00:00-05:00,416.3790963711305,419.9328220159006,406.31018422203147,415.78680419921875,4077,0.0,0.0
2006-12-04 00:00:00-05:00,415.78682220792336,422.894273805304,411.04851201410236,421.709716796875,5247,0.0,0.0
2006-12-05 00:00:00-05:00,421.709716796875,425.8557347931307,416.971406603054,421.709716796875,5176,0.0,0.0
2006-12-06 00:00:00-05:00,418.7482473775734,428.22486757440413,414.60222946479763,427.040283203125,5532,0.0,0.0
2006-12-07 00:00:00-05:00,428.2248612320102,431.7786142932133,422.3019668500391,425.263427734375,6361,0.0,0.0
2006-12-08 00:00:00-05:00,425.2634433841728,435.33235598805186,424.6711511855091,428.8171691894531,4264,0.0,0.0
2006-12-11 00:00:00-05:00,431.186330912553,432.9631800927016,421.7097106627563,429.4094543457031,5786,0.0,0.0
2006-12-12 00:00:00-05:00,430.00173001420814,432.96316345847987,425.26342007135327,428.224853515625,4394,0.0,0.0
2006-12-13 00:00:00-05:00,429.40944558574455,429.40944558574455,420.52511770613825,425.263427734375,4420,0.0,0.0
2006-12-14 00:00:00-05:00,421.7097073634952,426.44801745132327,416.97139727566724,419.9328308105469,5433,0.0,0.0
2006-12-15 00:00:00-05:00,416.97138606700855,426.44800598792233,411.64078393815697,413.4176330566406,7608,0.0,0.0
2006-12-18 00:00:00-05:00,414.6022117629335,424.6711237155013,398.0181134332042,399.20269775390625,7892,0.0,0.0
2006-12-19 00:00:00-05:00,399.2027151438331,410.4562119073238,395.64898941362065,407.4947509765625,5106,0.0,0.0
2006-12-20 00:00:00-05:00,409.8639259724935,414.00994395209403,398.61042903736234,399.7950134277344,6009,0.0,0.0
2006-12-21 00:00:00-05:00,399.7949935758286,411.048489952165,399.7949935758286,408.6793212890625,7076,0.0,0.0
2006-12-22 00:00:00-05:00,409.2716211828689,409.2716211828689,396.83356762682115,405.7178955078125,3005,0.0,0.0
2006-12-26 00:00:00-05:00,402.7564207246678,408.087022746654,397.4258187026817,406.9024658203125,3508,0.0,0.0
2006-12-27 00:00:00-05:00,406.90248617711137,411.6407962796283,399.79500732998537,407.4947509765625,4255,0.0,0.0
2006-12-28 00:00:00-05:00,408.0870350595301,412.2330528935693,400.9795837402344,400.9795837402344,5280,0.0,0.0
2006-12-29 00:00:00-05:00,400.3872845684042,406.90247098614526,396.24126680682355,401.5718688964844,6650,0.0,0.0
2007-01-03 00:00:00-05:00,403.9410201157549,404.53331229438425,387.9492134528647,393.2798156738281,16941,0.0,0.0
2007-01-04 00:00:00-05:00,392.095273540497,393.2798305558795,371.365156050827,389.7261047363281,8071,0.0,0.0
2007-01-05 00:00:00-05:00,386.17237031284594,387.35695468853777,370.1805634011097,385.580078125,8321,0.0,0.0
2007-01-08 00:00:00-05:00,384.395476055943,384.395476055943,370.77283852262775,377.28802490234375,4145,0.0,0.0
2007-01-09 00:00:00-05:00,375.511145916399,378.4725793128663,367.21911049693085,374.9188537597656,6748,0.0,0.0
2007-01-10 00:00:00-05:00,370.77284648607457,384.98777648528085,368.40367779285657,383.8031921386719,5405,0.0,0.0
2007-01-11 00:00:00-05:00,384.39548431197636,389.1337943117118,379.65717431224095,383.8031921386719,4485,0.0,0.0
2007-01-12 00:00:00-05:00,385.5800728182808,391.5029672285224,379.65717840803933,390.9106750488281,2555,0.0,0.0
2007-01-16 00:00:00-05:00,390.9106875686865,393.2798289766401,381.4340671634688,384.98779296875,3944,0.0,0.0
2007-01-17 00:00:00-05:00,382.02634190376114,382.61860668865705,375.5111554029009,376.69573974609375,3659,0.0,0.0
2007-01-18 00:00:00-05:00,379.0648773678289,380.8417538653777,367.2191162109375,367.2191162109375,5833,0.0,0.0
2007-01-19 00:00:00-05:00,367.2191311647307,374.9188748609219,366.0345467847932,373.1419982910156,4376,0.0,0.0
2007-01-22 00:00:00-05:00,373.73427079230504,374.9188551098375,357.7424920524162,360.11163330078125,12295,0.0,0.0
2007-01-23 00:00:00-05:00,360.7039324851364,367.2191189717643,356.5579146797188,359.51934814453125,5018,0.0,0.0
2007-01-24 00:00:00-05:00,358.9270619849573,363.0730798598056,349.45044187481784,351.8196105957031,12533,0.0,0.0
2007-01-25 00:00:00-05:00,354.1887605039039,355.37334489302236,336.4201042139334,338.78924560546875,12136,0.0,0.0
2007-01-26 00:00:00-05:00,338.78925195685696,338.78925195685696,327.535782209364,331.0895080566406,14594,0.0,0.0
2007-01-29 00:00:00-05:00,330.4971891643825,341.75068538989353,330.4971891643825,340.56610107421875,7639,0.0,0.0
2007-01-30 00:00:00-05:00,342.3429818830335,348.2658487630128,338.7892288910056,347.673583984375,6415,0.0,0.0
2007-01-31 00:00:00-05:00,347.0813105569313,352.41191294605636,341.7507081678063,343.5275573730469,6667,0.0,0.0
2007-02-01 00:00:00-05:00,344.7121206807149,351.2273070659167,341.158395100923,345.3044128417969,4415,0.0,0.0
2007-02-02 00:00:00-05:00,345.30443631428125,351.227330941017,343.52755971024993,345.896728515625,4002,0.0,0.0
2007-02-05 00:00:00-05:00,344.1198344028566,345.8967109164808,335.82779877934456,337.60467529296875,4753,0.0,0.0
2007-02-06 00:00:00-05:00,340.5661151262705,341.15840730854643,332.86637153008587,339.38153076171875,3370,0.0,0.0
2007-02-07 00:00:00-05:00,338.78924560546875,342.9352909673833,335.23551982481496,338.78924560546875,2929,0.0,0.0
2007-02-08 00:00:00-05:00,337.60466516490084,343.5275319258959,337.60466516490084,338.1969299316406,2485,0.0,0.0
2007-02-09 00:00:00-05:00,337.60468160159206,345.89671738005256,334.6432206902126,339.38153076171875,4142,0.0,0.0
2007-02-12 00:00:00-05:00,342.9352917487636,343.52755655797074,330.4972104080827,336.42010498046875,3253,0.0,0.0
2007-02-13 00:00:00-05:00,338.7892463774022,344.71214094978825,335.82781278456,336.42010498046875,4339,0.0,0.0
2007-02-14 00:00:00-05:00,337.01238245449235,350.6350202052044,337.01238245449235,339.97381591796875,3855,0.0,0.0
2007-02-15 00:00:00-05:00,339.3815237479334,342.3429845981102,332.27407248090987,339.97381591796875,4847,0.0,0.0
2007-02-16 00:00:00-05:00,349.450451959486,357.74251533518134,339.9738315758641,343.5275573730469,15214,0.0,0.0
2007-02-20 00:00:00-05:00,344.7121354498893,344.7121354498893,339.38153315846205,341.7507019042969,5694,0.0,0.0
2007-02-21 00:00:00-05:00,341.1584097178382,346.4890120092654,340.56611753137946,341.7507019042969,3939,0.0,0.0
2007-02-22 00:00:00-05:00,342.93527744714095,342.93527744714095,329.3126122827562,337.60467529296875,5512,0.0,0.0
2007-02-23 00:00:00-05:00,337.60467884462537,337.60467884462537,325.75889006924524,327.5357666015625,4403,0.0,0.0
2007-02-26 00:00:00-05:00,329.90490964701513,334.64321970456524,318.05914819649036,332.2740783691406,6130,0.0,0.0
2007-02-27 00:00:00-05:00,329.3126242704432,331.08950084874954,305.62107349319933,314.5054016113281,12679,0.0,0.0
2007-02-28 00:00:00-05:00,310.3593906055084,319.8360111288291,307.99024916802927,313.9131164550781,8856,0.0,0.0
2007-03-01 00:00:00-05:00,308.58249489360117,310.9516635711883,293.7752728187827,300.88275146484375,8067,0.0,0.0
2007-03-02 00:00:00-05:00,300.88274709758474,305.02876483648316,293.1830037805877,293.7752685546875,8974,0.0,0.0
2007-03-05 00:00:00-05:00,292.5907083981391,294.36755747427395,280.1526279316967,281.92950439453125,14315,0.0,0.0
2007-03-06 00:00:00-05:00,284.89095198197145,290.22155424952336,277.78350054970286,280.74493408203125,9180,0.0,0.0
2007-03-07 00:00:00-05:00,281.33722699705663,284.29866053708207,277.1912090863406,278.37579345703125,6698,0.0,0.0
2007-03-08 00:00:00-05:00,280.15263490025933,289.0369626620229,276.00661710388306,281.33721923828125,21905,0.0,0.0
2007-03-09 00:00:00-05:00,286.075537093118,287.2601214638086,274.8220403449594,278.37579345703125,5447,0.0,0.0
2007-03-12 00:00:00-04:00,280.1526366651377,293.7752744781071,277.78349536086944,286.0755310058594,25897,0.0,0.0
2007-03-13 00:00:00-04:00,305.02877538142275,310.9516698074768,289.0369686470871,293.1830139160156,35836,0.0,0.0
2007-03-14 00:00:00-04:00,293.18300441593743,300.8827477496204,284.2986493713878,291.4061279296875,15674,0.0,0.0
2007-03-15 00:00:00-04:00,292.5907071775637,299.10586607404554,292.5907071775637,296.7367248535156,14361,0.0,0.0
2007-03-16 00:00:00-04:00,296.1444327017083,300.88274252946763,294.9598483980935,296.7367248535156,10355,0.0,0.0
2007-03-19 00:00:00-04:00,299.1058889552269,300.2904733494606,296.1444553563441,299.69818115234375,5918,0.0,0.0
2007-03-20 00:00:00-04:00,299.69818115234375,301.47505774369444,296.736747553461,299.69818115234375,5003,0.0,0.0
2007-03-21 00:00:00-04:00,300.29046345293955,309.17479134349327,297.9213221292523,307.990234375,4820,0.0,0.0
2007-03-22 00:00:00-04:00,310.3593906055084,314.50540866112345,305.621080343848,313.9131164550781,6415,0.0,0.0
2007-03-23 00:00:00-04:00,312.7285594296896,315.68999307321405,308.58251398737247,313.9131164550781,5844,0.0,0.0
2007-03-26 00:00:00-04:00,313.32082627855885,316.2822596824133,305.02876345170654,308.5824890136719,7171,0.0,0.0
2007-03-27 00:00:00-04:00,308.5824967101385,310.35937322878885,301.47504540893834,305.6210632324219,10706,0.0,0.0
2007-03-28 00:00:00-04:00,303.25191497881406,309.17478179852964,303.25191497881406,306.2133483886719,3911,0.0,0.0
2007-03-29 00:00:00-04:00,309.17478117178274,312.13624196233707,304.4364712935956,308.5824890136719,4909,0.0,0.0
2007-03-30 00:00:00-04:00,307.99024226427446,316.28227818963444,307.99024226427446,314.5054016113281,5109,0.0,0.0
2007-04-02 00:00:00-04:00,313.9130910499698,322.79744603493305,306.80563992603913,308.5824890136719,4555,0.0,0.0
2007-04-03 00:00:00-04:00,308.5824896392181,316.8745524828798,305.0287640700488,306.2133483886719,8418,0.0,0.0
2007-04-04 00:00:00-04:00,304.43649672570086,318.6514275477532,304.43649672570086,311.5439758300781,7073,0.0,0.0
2007-04-05 00:00:00-04:00,310.3593715793027,321.0205758611418,310.3593715793027,320.42828369140625,6902,0.0,0.0
2007-04-09 00:00:00-04:00,320.4282914437819,320.4282914437819,307.99023773851286,317.46685791015625,7365,0.0,0.0
2007-04-10 00:00:00-04:00,316.87455981027784,329.9049054563453,316.87455981027784,325.1665954589844,14133,0.0,0.0
2007-04-11 00:00:00-04:00,325.7588876319921,328.1280563240228,322.7974541536542,325.1665954589844,5659,0.0,0.0
2007-04-12 00:00:00-04:00,323.98201642752014,328.1280617065851,313.9131040946217,319.83599853515625,9208,0.0,0.0
2007-04-13 00:00:00-04:00,319.2437164637376,330.4972135185116,317.46686724599033,328.7203369140625,5991,0.0,0.0
2007-04-16 00:00:00-04:00,330.4972080742348,335.8278104130693,329.3126236907823,334.0509338378906,3303,0.0,0.0
2007-04-17 00:00:00-04:00,333.45863534350246,337.01238842669073,328.7203252859524,332.2740783691406,3132,0.0,0.0
2007-04-18 00:00:00-04:00,329.9049125883418,329.9049125883418,322.79746113199934,324.5743103027344,8030,0.0,0.0
2007-04-19 00:00:00-04:00,324.5743057143671,331.08949227949626,318.651411326677,327.5357666015625,4844,0.0,0.0
2007-04-20 00:00:00-04:00,332.8663651807572,332.8663651807572,316.8745587244501,318.05914306640625,6571,0.0,0.0
2007-04-23 00:00:00-04:00,316.8745604781249,325.7588883185638,316.8745604781249,322.7974548339844,3648,0.0,0.0
2007-04-24 00:00:00-04:00,322.7974601800433,323.9820171614729,315.6899813579602,317.46685791015625,4808,0.0,0.0
2007-04-25 00:00:00-04:00,319.8359921926401,322.20516087655244,309.17478788843533,318.05914306640625,6547,0.0,0.0
2007-04-26 00:00:00-04:00,320.4282914437819,320.4282914437819,311.54396345620387,317.46685791015625,5468,0.0,0.0
2007-04-27 00:00:00-04:00,317.4668508954282,321.6128687055744,315.6899743824939,318.05914306640625,6114,0.0,0.0
2007-04-30 00:00:00-04:00,316.87456226555366,320.428287944435,302.0673399857306,307.990234375,8270,0.0,0.0
2007-05-01 00:00:00-04:00,307.3979539208502,307.3979539208502,296.14445689072613,304.4364929199219,6403,0.0,0.0
2007-05-02 00:00:00-04:00,330.4972096550427,363.07308864888915,330.4972096550427,338.78924560546875,80592,0.0,0.0
2007-05-03 00:00:00-04:00,337.6046781746237,337.6046781746237,309.76708282373636,310.359375,28070,0.0,0.0
2007-05-04 00:00:00-04:00,310.3593679933579,318.0591387242552,309.1747836675737,310.95166015625,11194,0.0,0.0
2007-05-07 00:00:00-04:00,310.9516582764643,315.09767600494513,306.2133483886719,306.2133483886719,7688,0.0,0.0
2007-05-08 00:00:00-04:00,303.84420303896695,309.1748054946244,297.9213357653049,306.8056640625,18814,0.0,0.0
2007-05-09 00:00:00-04:00,304.43648062406436,315.689977199672,299.698170600656,310.359375,9858,0.0,0.0
2007-05-10 00:00:00-04:00,309.76709920730826,313.91311727373574,306.2133733484707,311.5439758300781,9524,0.0,0.0
2007-05-11 00:00:00-04:00,307.99022170815164,329.31260229120545,306.8056374016765,316.2822570800781,13338,0.0,0.0
2007-05-14 00:00:00-04:00,316.8745711533044,320.4282969318612,309.76709220948925,312.1362609863281,9612,0.0,0.0
2007-05-15 00:00:00-04:00,310.9516742231226,316.28227654359796,307.9902406613924,309.76708984375,4671,0.0,0.0
2007-05-16 00:00:00-04:00,311.5439687921184,318.05915554172384,310.95167659790866,312.1362609863281,11106,0.0,0.0
2007-05-17 00:00:00-04:00,313.32082880781843,313.9130935840104,309.1747836675737,310.95166015625,5205,0.0,0.0
2007-05-18 00:00:00-04:00,309.7670835210903,310.9516678762843,305.0287734870149,307.990234375,5533,0.0,0.0
2007-05-21 00:00:00-04:00,307.9902336816462,315.689977199672,306.8056493291189,310.359375,4050,0.0,0.0
2007-05-22 00:00:00-04:00,308.58250017931516,317.4668554857468,308.58250017931516,315.0976867675781,4830,0.0,0.0
2007-05-23 00:00:00-04:00,315.6899719238281,321.02057403441455,314.50538759109776,315.6899719238281,5288,0.0,0.0
2007-05-24 00:00:00-04:00,314.50540554967466,319.2437157644582,302.6596437060667,304.4364929199219,5205,0.0,0.0
2007-05-25 00:00:00-04:00,305.028765914029,311.54395231914214,300.88274816048437,310.95166015625,6715,0.0,0.0
2007-05-29 00:00:00-04:00,312.7285461425781,313.91310311763755,306.21335953959704,312.7285461425781,3406,0.0,0.0
2007-05-30 00:00:00-04:00,309.7670905965514,310.3593827876771,302.65963907644584,307.39794921875,3153,0.0,0.0
2007-05-31 00:00:00-04:00,306.2133695204789,309.7670953348911,302.067351505881,304.4364929199219,4565,0.0,0.0
2007-06-01 00:00:00-04:00,305.0287710595384,309.17478888302196,302.06733758182173,305.6210632324219,4120,0.0,0.0
2007-06-04 00:00:00-04:00,304.43648420449927,307.39794512064674,300.29046630859375,300.29046630859375,4267,0.0,0.0
2007-06-05 00:00:00-04:00,299.69818115234375,300.2904733494606,296.736747553461,299.69818115234375,5427,0.0,0.0
2007-06-06 00:00:00-04:00,297.3290310805531,298.51361544024473,293.7752780014781,295.5521545410156,5033,0.0,0.0
2007-06-07 00:00:00-04:00,294.9598553656685,296.73673186306416,290.8138375917788,296.1444396972656,6420,0.0,0.0
2007-06-08 00:00:00-04:00,294.3675779595529,294.95987015504915,290.22155997778054,292.5907287597656,3664,0.0,0.0
2007-06-11 00:00:00-04:00,292.5907334862581,292.5907334862581,289.03698025587335,289.6292724609375,6917,0.0,0.0
2007-06-12 00:00:00-04:00,287.2601160391207,288.44470038744134,281.3372216842181,283.7063903808594,7218,0.0,0.0
2007-06-13 00:00:00-04:00,283.7063903808594,285.48323951663974,281.9295138583784,283.7063903808594,4630,0.0,0.0
2007-06-14 00:00:00-04:00,282.5217959471802,289.03695485696676,282.5217959471802,284.29864501953125,2909,0.0,0.0
2007-06-15 00:00:00-04:00,289.62926702592154,297.9213303545132,288.44471002472403,294.9598693847656,12395,0.0,0.0
2007-06-18 00:00:00-04:00,305.02876549750357,307.3979341458368,288.444694505971,291.4061279296875,6997,0.0,0.0
2007-06-19 00:00:00-04:00,291.99841819961676,294.3675594458979,286.6678161621094,286.6678161621094,4503,0.0,0.0
2007-06-20 00:00:00-04:00,287.8523985506134,287.8523985506134,278.37577885556186,281.92950439453125,7226,0.0,0.0
2007-06-21 00:00:00-04:00,283.70640447553075,284.89096149600016,281.337235661188,282.5218200683594,4533,0.0,0.0
2007-06-22 00:00:00-04:00,283.7063834980841,283.7063834980841,274.229736328125,274.229736328125,16268,0.0,0.0
2007-06-25 00:00:00-04:00,274.82204652451253,282.5218177204348,274.22975432584917,280.15264892578125,7314,0.0,0.0
2007-06-26 00:00:00-04:00,281.9295089145737,283.11409324212195,276.5989068273068,278.9680480957031,8538,0.0,0.0
2007-06-27 00:00:00-04:00,277.1912090863406,282.52181136774726,275.4143325303047,278.37579345703125,3135,0.0,0.0
2007-06-28 00:00:00-04:00,278.96805990271383,289.62926452847125,278.96805990271383,283.1141052246094,4709,0.0,0.0
2007-06-29 00:00:00-04:00,283.7063768586479,284.89093376380873,272.452880859375,272.452880859375,3358,0.0,0.0
2007-07-02 00:00:00-04:00,274.229736328125,280.152630539337,274.229736328125,274.229736328125,5624,0.0,0.0
2007-07-03 00:00:00-04:00,274.8220386662067,276.5989152113886,271.268312962544,273.6374816894531,9685,0.0,0.0
2007-07-05 00:00:00-04:00,274.8220291222161,274.8220291222161,271.2683035419668,271.860595703125,3956,0.0,0.0
2007-07-06 00:00:00-04:00,271.26832464886184,272.4529090633486,268.89918320659035,270.083740234375,3605,0.0,0.0
2007-07-09 00:00:00-04:00,269.4914473312465,269.4914473312465,262.3839956360829,262.9762878417969,7123,0.0,0.0
2007-07-10 00:00:00-04:00,263.568577701428,263.568577701428,257.6456830837113,260.60711669921875,11233,0.0,0.0
2007-07-11 00:00:00-04:00,259.4225224608677,270.6760190691195,258.23796549160494,268.899169921875,10709,0.0,0.0
2007-07-12 00:00:00-04:00,271.2682974571934,292.5907052338101,268.30686410452967,291.9984130859375,7145,0.0,0.0
2007-07-13 00:00:00-04:00,291.99844210308544,291.99844210308544,277.7835113016416,287.2601318359375,8517,0.0,0.0
2007-07-16 00:00:00-04:00,286.07552208777884,289.03695547247,278.9680436231404,281.92950439453125,5461,0.0,0.0
2007-07-17 00:00:00-04:00,281.3372389304019,283.706407772275,273.63749496771885,274.8220520019531,3309,0.0,0.0
2007-07-18 00:00:00-04:00,273.0451911756246,280.74493481171135,273.0451911756246,278.37579345703125,4818,0.0,0.0
2007-07-19 00:00:00-04:00,278.96804621975457,278.96804621975457,271.86059507566017,274.229736328125,3420,0.0,0.0
2007-07-20 00:00:00-04:00,273.6374702760992,273.6374702760992,265.3454074644781,267.1222839355469,7392,0.0,0.0
2007-07-23 00:00:00-04:00,267.1222839355469,269.4914251769387,260.60709759499457,267.1222839355469,4685,0.0,0.0
2007-07-24 00:00:00-04:00,265.3454126364234,267.12228914212596,260.01481050601626,261.79168701171875,6138,0.0,0.0
2007-07-25 00:00:00-04:00,263.5685616659152,267.1222872656558,254.0919418088068,257.0533752441406,6097,0.0,0.0
2007-07-26 00:00:00-04:00,257.05338298743254,259.4225243297259,251.72278073389631,254.09194946289062,7418,0.0,0.0
2007-07-27 00:00:00-04:00,252.90736319216506,260.0148145521753,251.72277883659643,255.27650451660156,8138,0.0,0.0
2007-07-30 00:00:00-04:00,254.09195112812773,258.83026123046875,249.94590582521582,258.83026123046875,10032,0.0,0.0
2007-07-31 00:00:00-04:00,260.60711470467106,267.7145936688746,249.35361775580773,252.31507873535156,10967,0.0,0.0
2007-08-01 00:00:00-04:00,248.76135485048715,260.60711669921875,248.1690626500453,260.60711669921875,9348,0.0,0.0
2007-08-02 00:00:00-04:00,264.160825160881,268.89916245312645,243.4307364408074,255.86878967285156,10518,0.0,0.0
2007-08-03 00:00:00-04:00,256.4610833442251,262.9762697727188,236.91555144544395,241.0615692138672,9638,0.0,0.0
2007-08-06 00:00:00-04:00,238.69243012089254,244.02303226804477,220.3314686910738,229.80807495117188,13332,0.0,0.0
2007-08-07 00:00:00-04:00,226.25435244817703,233.95412338365787,193.08618215183873,196.63990783691406,26615,0.0,0.0
2007-08-08 00:00:00-04:00,197.23219234371956,208.48568852654373,184.7941255430638,193.678466796875,28656,0.0,0.0
2007-08-09 00:00:00-04:00,193.08617464128426,199.60134727273257,178.27895291161553,193.678466796875,25989,0.0,0.0
2007-08-10 00:00:00-04:00,188.34786997332304,222.10833206539027,187.1632856294995,207.89340209960938,12820,0.0,0.0
2007-08-13 00:00:00-04:00,218.55459237397775,218.55459237397775,207.30110959259662,209.07797241210938,7112,0.0,0.0
2007-08-14 00:00:00-04:00,215.5931681964544,218.55460179214253,206.70882632933754,212.0394287109375,5888,0.0,0.0
2007-08-15 00:00:00-04:00,212.63171632145912,215.59316354662676,201.3782196044922,201.3782196044922,5064,0.0,0.0
2007-08-16 00:00:00-04:00,200.78594230746054,210.2625625296385,189.53244552361124,202.56280517578125,7858,0.0,0.0
2007-08-17 00:00:00-04:00,223.29292482797982,223.29292482797982,203.74737827142164,209.67027282714844,6662,0.0,0.0
2007-08-20 00:00:00-04:00,210.26256076899887,212.63171580470515,196.04763055476104,197.82449340820312,4898,0.0,0.0
2007-08-21 00:00:00-04:00,205.52425287687635,209.67027080998733,199.00906618958692,206.1165313720703,2124,0.0,0.0
2007-08-22 00:00:00-04:00,207.89340383895077,220.3314710864098,203.15509381071402,212.6317138671875,5029,0.0,0.0
2007-08-23 00:00:00-04:00,222.70062663803995,222.70062663803995,210.85485153885708,216.18544006347656,5683,0.0,0.0
2007-08-24 00:00:00-04:00,217.37002354175823,220.33147072792542,208.48569567660692,213.8162841796875,3879,0.0,0.0
2007-08-27 00:00:00-04:00,213.8162899748301,214.40858216678674,204.33966967692695,207.30111694335938,3667,0.0,0.0
2007-08-28 00:00:00-04:00,206.11652377895695,207.30110811240735,199.009058858305,203.15509033203125,4130,0.0,0.0
2007-08-29 00:00:00-04:00,203.7473758568782,208.4856996613178,198.41678725191605,202.56280517578125,4227,0.0,0.0
2007-08-30 00:00:00-04:00,200.19364462119535,210.26255675401805,196.63990528881956,209.07797241210938,3789,0.0,0.0
2007-08-31 00:00:00-04:00,212.63172010501185,213.2240122992547,201.97051538204389,209.67027282714844,5882,0.0,0.0
2007-09-04 00:00:00-04:00,209.07797275008264,210.85484926581796,201.9705077671922,207.89340209960938,4014,0.0,0.0
2007-09-05 00:00:00-04:00,205.52425241854954,209.07797815519095,200.19365012023675,202.56280517578125,3680,0.0,0.0
2007-09-06 00:00:00-04:00,220.33146635237233,222.70062131558709,212.03941713444567,221.5160369873047,7953,0.0,0.0
2007-09-07 00:00:00-04:00,218.55460259867058,219.14689479733426,213.22401389075006,214.40858459472656,4127,0.0,0.0
2007-09-10 00:00:00-04:00,215.00087225177197,217.37002730303044,203.15509699547957,203.74737548828125,10397,0.0,0.0
2007-09-11 00:00:00-04:00,239.87698839600958,257.6456714465995,236.91555491426155,250.53819274902344,58441,0.0,0.0
2007-09-12 00:00:00-04:00,247.57676409458898,248.76134846506577,239.28472827465384,241.65386962890625,8664,0.0,0.0
2007-09-13 00:00:00-04:00,241.6538684221786,242.83845278674,235.73097398607254,240.4692840576172,16892,0.0,0.0
2007-09-14 00:00:00-04:00,236.91555556634583,248.16905212402344,236.91555556634583,248.16905212402344,6552,0.0,0.0
2007-09-17 00:00:00-04:00,248.16905033820748,248.76134250926532,240.46927950115617,243.4307403564453,5630,0.0,0.0
2007-09-18 00:00:00-04:00,246.39218139648435,246.39218139648435,240.46928689060033,246.39218139648438,16485,0.0,0.0
2007-09-19 00:00:00-04:00,248.16905264759606,252.90736267345156,244.6152995881789,251.7227783203125,6642,0.0,0.0
2007-09-20 00:00:00-04:00,252.31506996456238,254.6842112791415,246.3921755980636,248.16905212402344,5380,0.0,0.0
2007-09-21 00:00:00-04:00,250.5381903644906,251.72277470059558,242.24615478515625,242.24615478515625,10658,0.0,0.0
2007-09-24 00:00:00-04:00,242.24615775752466,248.16905212402344,242.24615775752466,248.16905212402344,5167,0.0,0.0
2007-09-25 00:00:00-04:00,245.79988220794894,248.7613430699125,241.06157221550777,246.98446655273438,3971,0.0,0.0
2007-09-26 00:00:00-04:00,246.39218094249733,249.35361449663213,242.2461630120281,242.8384552001953,6368,0.0,0.0
2007-09-27 00:00:00-04:00,244.6152973118605,247.57675816714965,242.24615601432964,243.4307403564453,5685,0.0,0.0
2007-09-28 00:00:00-04:00,243.4307449690207,244.02303715130142,239.28472707975678,240.4692840576172,6200,0.0,0.0
2007-10-01 00:00:00-04:00,239.28472010551448,244.02303003895534,237.50784361046158,241.0615692138672,5823,0.0,0.0
2007-10-02 00:00:00-04:00,242.2461516637968,242.8384438242176,234.54638096502677,236.32325744628906,6673,0.0,0.0
2007-10-03 00:00:00-04:00,233.36182975554973,236.91555541855183,233.36182975554973,234.54638671875,5700,0.0,0.0
2007-10-04 00:00:00-04:00,235.13868011201976,237.50784882409693,235.13868011201976,235.73097229003906,12115,0.0,0.0
2007-10-05 00:00:00-04:00,238.69243440450043,239.87699137991436,232.76953998062703,236.91555786132812,7727,0.0,0.0
2007-10-08 00:00:00-04:00,236.9155590644865,239.87699259811217,235.73097469635582,238.1001434326172,5856,0.0,0.0
2007-10-09 00:00:00-04:00,238.10013699548907,245.20758823871842,236.32326049133158,242.24615478515625,5082,0.0,0.0
2007-10-10 00:00:00-04:00,237.50785171893867,242.24616181414464,237.50785171893867,241.65386962890625,4308,0.0,0.0
2007-10-11 00:00:00-04:00,242.2461576064053,245.20759109445694,232.76953758059926,234.54638671875,8558,0.0,0.0
2007-10-12 00:00:00-04:00,234.5463827853734,244.6152948172728,233.95411800705597,241.0615692138672,4753,0.0,0.0
2007-10-15 00:00:00-04:00,240.4692847821775,244.61530268393383,235.13868251229047,238.1001434326172,4803,0.0,0.0
2007-10-16 00:00:00-04:00,237.50785124855184,239.87699259811217,235.13868251229047,238.1001434326172,2291,0.0,0.0
2007-10-17 00:00:00-04:00,239.2847253581548,239.87699014947327,228.62350723385876,235.73097229003906,5050,0.0,0.0
2007-10-18 00:00:00-04:00,233.95411800705597,241.0615692138672,230.40036501695016,241.0615692138672,7586,0.0,0.0
2007-10-19 00:00:00-04:00,242.24615601432964,243.4307403564453,235.73096951939397,243.4307403564453,9576,0.0,0.0
2007-10-22 00:00:00-04:00,236.91555201966523,246.98446407596902,225.069777157352,244.61529541015625,7974,0.0,0.0
2007-10-23 00:00:00-04:00,245.7998887543301,249.35361449663213,240.46928644752646,242.8384552001953,5368,0.0,0.0
2007-10-24 00:00:00-04:00,241.06157325650437,242.83844978135576,231.58495323069835,234.54638671875,4561,0.0,0.0
2007-10-25 00:00:00-04:00,235.13868713378906,238.69244030802787,232.76954573766483,235.13868713378906,3317,0.0,0.0
2007-10-26 00:00:00-04:00,236.91555664607762,236.91555664607762,228.62350723385876,235.73097229003906,5389,0.0,0.0
2007-10-29 00:00:00-04:00,235.13868545428352,236.32326983723542,225.06978666594594,225.66207885742188,4171,0.0,0.0
2007-10-30 00:00:00-04:00,225.0697784423828,228.03122559820696,223.2929156262284,225.0697784423828,3727,0.0,0.0
2007-10-31 00:00:00-04:00,225.06977899759653,228.62350463867188,222.7006240057629,228.62350463867188,3098,0.0,0.0
2007-11-01 00:00:00-04:00,224.4774907339929,225.0697829155995,216.18544127155252,217.37002563476562,7252,0.0,0.0
2007-11-02 00:00:00-04:00,220.3314666748047,223.29291380649443,213.2240017747594,220.3314666748047,5111,0.0,0.0
2007-11-05 00:00:00-05:00,216.7777342924072,222.10833656080254,213.22400857571066,219.7391815185547,2830,0.0,0.0
2007-11-06 00:00:00-05:00,220.33147370245428,220.92375219300334,214.40857925015933,219.7391815185547,5818,0.0,0.0
2007-11-07 00:00:00-05:00,216.77772990488486,235.13867768734767,207.89340209960938,207.89340209960938,9927,0.0,0.0
2007-11-08 00:00:00-05:00,218.55459594726562,219.7391803085418,207.89340516253222,218.55459594726562,7186,0.0,0.0
2007-11-09 00:00:00-05:00,220.9237551982575,222.10833958217074,203.1550989863644,207.30111694335938,6474,0.0,0.0
2007-11-12 00:00:00-05:00,206.11652558387405,214.40857491058804,203.15509211101573,207.89340209960938,9274,0.0,0.0
2007-11-13 00:00:00-05:00,210.2625644373888,230.4003757455557,209.67027224479105,229.21580505371094,12191,0.0,0.0
2007-11-14 00:00:00-05:00,229.2157949835829,229.2157949835829,218.55459075860458,223.88519287109375,6579,0.0,0.0
2007-11-15 00:00:00-05:00,222.10833656080254,226.2543544613987,217.9623186602064,219.7391815185547,7826,0.0,0.0
2007-11-16 00:00:00-05:00,219.73917764424064,219.73917764424064,208.48569481531575,211.44712829589844,15485,0.0,0.0
2007-11-19 00:00:00-05:00,209.0779699714035,213.81627989702423,197.23219515735158,200.7859344482422,6609,0.0,0.0
2007-11-20 00:00:00-05:00,200.19364757526708,205.52424980581435,188.9401509344783,195.45533752441406,7291,0.0,0.0
2007-11-21 00:00:00-05:00,194.86304956790272,200.19365191397782,186.57099995252466,188.94015502929688,4053,0.0,0.0
2007-11-23 00:00:00-05:00,190.71702154772137,198.41677856445312,190.12472938643046,198.41677856445312,2432,0.0,0.0
2007-11-26 00:00:00-05:00,190.71702267932068,199.60135037799847,183.01726561690322,184.79412841796875,5136,0.0,0.0
2007-11-27 00:00:00-05:00,184.79413053681853,193.67847203071426,183.6095598869759,188.34786987304688,5667,0.0,0.0
2007-11-28 00:00:00-05:00,190.7170262838293,200.1936463264183,184.79413191053604,194.270751953125,6448,0.0,0.0
2007-11-29 00:00:00-05:00,187.16328108836652,203.15508718187436,187.16328108836652,197.23219299316406,5300,0.0,0.0
2007-11-30 00:00:00-05:00,199.60135539557285,202.5628026006936,190.71702747356102,195.45533752441406,8794,0.0,0.0
2007-12-03 00:00:00-05:00,197.23220379154276,199.00906666809837,183.60956558236535,186.5709991455078,6411,0.0,0.0
2007-12-04 00:00:00-05:00,186.57100188443852,194.86305158567944,180.05582877918906,192.493896484375,9695,0.0,0.0
2007-12-05 00:00:00-05:00,196.04762268066406,196.6399011457894,181.24040087888235,196.04762268066406,9750,0.0,0.0
2007-12-06 00:00:00-05:00,199.6013544428613,216.18543954168987,197.8244916056101,212.6317138671875,64079,0.0,0.0
2007-12-07 00:00:00-05:00,213.81627934675495,218.5545892601814,204.93195168241792,217.96231079101562,8903,0.0,0.0
2007-12-10 00:00:00-05:00,217.9623186602064,222.10833656080254,210.26256134956319,219.7391815185547,12648,0.0,0.0
2007-12-11 00:00:00-05:00,218.55459455580825,230.40036962640008,212.03942169032032,212.6317138671875,9383,0.0,0.0
2007-12-12 00:00:00-05:00,219.14688110351562,224.47748317169396,217.9623104735593,219.14688110351562,8094,0.0,0.0
2007-12-13 00:00:00-05:00,219.73917943990665,219.73917943990665,212.63171438039691,216.18544006347656,7753,0.0,0.0
2007-12-14 00:00:00-05:00,213.8162841796875,217.37002354175823,209.0779741591601,213.8162841796875,9726,0.0,0.0
2007-12-17 00:00:00-05:00,212.03942338700753,219.14688848623484,209.0779761723252,217.37002563476562,11689,0.0,0.0
2007-12-18 00:00:00-05:00,220.33146542682192,221.5160360567782,209.07796912881207,219.14688110351562,10208,0.0,0.0
2007-12-19 00:00:00-05:00,219.14688933465507,222.70062874470216,210.85485353346277,219.7391815185547,11041,0.0,0.0
2007-12-20 00:00:00-05:00,220.9237518310547,220.9237518310547,216.77773393725113,220.9237518310547,6233,0.0,0.0
2007-12-21 00:00:00-05:00,224.4774876930983,230.99266052246094,217.96231486373566,230.99266052246094,12276,0.0,0.0
2007-12-24 00:00:00-05:00,230.99266755783353,233.95412851594634,228.62351248469398,230.40037536621094,4745,0.0,0.0
2007-12-26 00:00:00-05:00,227.43894336300826,235.13868713378906,222.1083409883517,235.13868713378906,8195,0.0,0.0
2007-12-27 00:00:00-05:00,235.7309699631915,236.91555430753732,226.25434998182604,227.43893432617188,10902,0.0,0.0
2007-12-28 00:00:00-05:00,228.03123310152444,229.80808228279548,220.3314757203629,223.2929229736328,6024,0.0,0.0
2007-12-31 00:00:00-05:00,221.5160413863821,222.70062573818913,207.3011113247999,213.8162841796875,14588,0.0,0.0
2008-01-02 00:00:00-05:00,213.8162886694068,229.8080819011452,213.8162886694068,224.4774932861328,11258,0.0,0.0
2008-01-03 00:00:00-05:00,224.4774907339929,226.25435358546213,217.37002563476562,217.37002563476562,5861,0.0,0.0
2008-01-04 00:00:00-05:00,214.40857722193672,220.92375010314973,214.40857722193672,216.18544006347656,6927,0.0,0.0
2008-01-07 00:00:00-05:00,218.55459107981423,224.47748536758488,216.18543610337602,222.70062255859375,8223,0.0,0.0
2008-01-08 00:00:00-05:00,223.2929226028025,230.99266627782615,221.51604603778108,224.4774932861328,7741,0.0,0.0
2008-01-09 00:00:00-05:00,222.10833502229966,233.95412384483598,222.10833502229966,233.36183166503906,9833,0.0,0.0
2008-01-10 00:00:00-05:00,231.58496211345184,235.7309801104305,228.03123631414178,232.76954650878906,7570,0.0,0.0
2008-01-11 00:00:00-05:00,231.5849597494561,236.91556208735776,229.21580467631654,230.40037536621094,6655,0.0,0.0
2008-01-14 00:00:00-05:00,230.99266915054542,236.32327152520202,230.99266915054542,235.13868713378906,6573,0.0,0.0
2008-01-15 00:00:00-05:00,231.58496211345184,236.91556450576775,231.58496211345184,232.76954650878906,6345,0.0,0.0
2008-01-16 00:00:00-05:00,232.76954116273015,238.1001434326172,232.76954116273015,238.1001434326172,8888,0.0,0.0
2008-01-17 00:00:00-05:00,229.2157932185137,239.8769836680457,229.2157932185137,233.95411682128906,10223,0.0,0.0
2008-01-18 00:00:00-05:00,230.9926671166599,235.7309772538893,220.33147615456915,226.84664916992188,10503,0.0,0.0
2008-01-22 00:00:00-05:00,217.37002846709296,232.17725104009193,210.85485546457966,223.2929229736328,10398,0.0,0.0
2008-01-23 00:00:00-05:00,218.5545967926883,226.25435409071667,209.07797663922275,220.9237518310547,9118,0.0,0.0
2008-01-24 00:00:00-05:00,221.5160413863821,225.66207292435632,212.6317135212308,213.8162841796875,7555,0.0,0.0
2008-01-25 00:00:00-05:00,217.37002172541932,218.55459237397775,207.89340176355094,209.07797241210938,6759,0.0,0.0
2008-01-28 00:00:00-05:00,207.89341110396168,213.81629199956248,205.52425600705118,210.8548583984375,7086,0.0,0.0
2008-01-29 00:00:00-05:00,210.8548583984375,212.03942910021732,207.89341110396168,210.8548583984375,5165,0.0,0.0
2008-01-30 00:00:00-05:00,210.85485917657297,217.96232449353374,210.26256697682186,213.22401428222656,6542,0.0,0.0
2008-01-31 00:00:00-05:00,209.07797241210938,215.00086673495224,204.33966243117519,209.07797241210938,8224,0.0,0.0
2008-02-01 00:00:00-05:00,210.26256697682186,214.40858498837792,207.89341187116827,213.22401428222656,6455,0.0,0.0
2008-02-04 00:00:00-05:00,213.22400391543948,213.22400391543948,206.11652525068794,209.07797241210938,4082,0.0,0.0
2008-02-05 00:00:00-05:00,204.33966967692695,216.77773724126254,203.1550989863644,207.30111694335938,5008,0.0,0.0
2008-02-06 00:00:00-05:00,207.30110869671495,212.03941865717186,204.33966154809184,206.7088165283203,4853,0.0,0.0
2008-02-07 00:00:00-05:00,206.11653373332894,209.67027321195738,204.33967084069013,208.48570251464844,4502,0.0,0.0
2008-02-08 00:00:00-05:00,207.3011099276976,208.48569427152114,203.15509211101573,207.89340209960938,4053,0.0,0.0
2008-02-11 00:00:00-05:00,207.30110778005928,209.07797058403602,201.97050567477888,204.33966064453125,3071,0.0,0.0
2008-02-12 00:00:00-05:00,204.9319626599073,213.81629080014676,204.33967046566445,209.67027282714844,3252,0.0,0.0
2008-02-13 00:00:00-05:00,212.0394162437278,219.14688110351562,207.89339849885576,219.14688110351562,8605,0.0,0.0
2008-02-14 00:00:00-05:00,219.1468951996851,220.33147959918733,207.30111967141715,213.22401428222656,5550,0.0,0.0
2008-02-15 00:00:00-05:00,211.44713368227053,213.81628874309834,199.00906618958692,206.1165313720703,6395,0.0,0.0
2008-02-19 00:00:00-05:00,208.48570251464844,212.03942829992607,205.52425523134985,208.48570251464844,1988,0.0,0.0
2008-02-20 00:00:00-05:00,207.89340383895077,213.22400604405468,203.74737229423084,212.6317138671875,3327,0.0,0.0
2008-02-21 00:00:00-05:00,213.81628364320218,215.59316016645437,207.89340297907918,210.26255798339844,4883,0.0,0.0
2008-02-22 00:00:00-05:00,210.26256299853196,211.44713368227053,201.37822125041473,206.1165313720703,5106,0.0,0.0
2008-02-25 00:00:00-05:00,207.89340516253222,220.3314724891799,206.11652862061794,218.55459594726562,4708,0.0,0.0
2008-02-26 00:00:00-05:00,217.96232029443948,230.40037408948567,213.22401017441695,224.4774932861328,4723,0.0,0.0
2008-02-27 00:00:00-05:00,222.1083390326925,230.40037492616858,222.1083390326925,226.84664916992188,3279,0.0,0.0
2008-02-28 00:00:00-05:00,228.03122467891728,228.03122467891728,219.73917541470843,222.70062255859375,2583,0.0,0.0
2008-02-29 00:00:00-05:00,221.51604762999239,233.36183670854444,220.3314769381476,229.21580505371094,8159,0.0,0.0
2008-03-03 00:00:00-05:00,228.62351204804523,229.21580423853658,213.81628944586572,226.84664916992188,5411,0.0,0.0
2008-03-04 00:00:00-05:00,226.84664148573196,230.40036712159997,225.06977866779795,229.80807495117188,4141,0.0,0.0
2008-03-05 00:00:00-05:00,230.99266750065328,230.99266750065328,219.14689213788787,225.66207885742188,5050,0.0,0.0
2008-03-06 00:00:00-05:00,223.8852045847698,225.6620811774658,210.8548583984375,210.8548583984375,5594,0.0,0.0
2008-03-07 00:00:00-05:00,207.89341148947867,218.55460259867058,200.19365398690346,214.40858459472656,5253,0.0,0.0
2008-03-10 00:00:00-04:00,215.0008699075204,215.0008699075204,190.71702747356102,195.45533752441406,7509,0.0,0.0
2008-03-11 00:00:00-04:00,195.4553430630105,212.0394287109375,192.49389577397153,212.0394287109375,5309,0.0,0.0
2008-03-12 00:00:00-04:00,200.19364196480677,216.77772667802066,200.19364196480677,201.9705047607422,7333,0.0,0.0
2008-03-13 00:00:00-04:00,200.19364789428838,222.7006275183818,198.41678504572457,218.55459594726562,7044,0.0,0.0
2008-03-14 00:00:00-04:00,220.92375810558755,222.1083425050898,197.23220704905168,213.22401428222656,6511,0.0,0.0
2008-03-17 00:00:00-04:00,207.89341187116827,213.81629278862678,198.4167914485539,213.22401428222656,6053,0.0,0.0
2008-03-18 00:00:00-04:00,216.7777291447452,225.6620706122177,209.67026418677736,225.0697784423828,6576,0.0,0.0
2008-03-19 00:00:00-04:00,225.66207292435632,226.84664358281302,211.4471291694238,213.8162841796875,6441,0.0,0.0
2008-03-20 00:00:00-04:00,221.51603789813745,223.88519287109375,207.89340022697638,223.88519287109375,13853,0.0,0.0
2008-03-24 00:00:00-04:00,223.88519410271306,230.40036689084604,215.59315849842568,225.0697784423828,6942,0.0,0.0
2008-03-25 00:00:00-04:00,224.4774948996304,230.4003757455557,217.3700296685096,229.21580505371094,4909,0.0,0.0
2008-03-26 00:00:00-04:00,227.43894254762787,230.40037612884169,219.73918511110028,228.03123474121094,3758,0.0,0.0
2008-03-27 00:00:00-04:00,228.62350463867188,230.40036745920955,222.10833183446692,228.62350463867188,3206,0.0,0.0
2008-03-28 00:00:00-04:00,228.03123272282505,230.99266627782615,215.5931652344282,224.4774932861328,4032,0.0,0.0
2008-03-31 00:00:00-04:00,225.0697838499323,238.1001434326172,218.55459721191457,238.1001434326172,14862,0.0,0.0
2008-04-01 00:00:00-04:00,237.50784240668307,237.50784240668307,230.9926560112107,233.95411682128906,6014,0.0,0.0
2008-04-02 00:00:00-04:00,232.17724207473995,251.13048185444111,232.17724207473995,244.61529541015625,9126,0.0,0.0
2008-04-03 00:00:00-04:00,241.65386196459053,248.7613405753286,239.28472068547802,244.61529541015625,6303,0.0,0.0
2008-04-04 00:00:00-04:00,245.20759003555622,251.72277654517555,242.83844873268592,246.98446655273438,4421,0.0,0.0
2008-04-07 00:00:00-04:00,247.57676577500143,249.35361495607572,241.06157907985886,246.39218139648438,3558,0.0,0.0
2008-04-08 00:00:00-04:00,242.83843831001667,260.0148010253906,242.83843831001667,260.0148010253906,7783,0.0,0.0
2008-04-09 00:00:00-04:00,260.0148145521753,260.6071067299597,251.72277883659643,255.27650451660156,6383,0.0,0.0
2008-04-10 00:00:00-04:00,254.6842135461146,258.8302588102586,252.9073643910395,256.4610900878906,4371,0.0,0.0
2008-04-11 00:00:00-04:00,252.90736809162692,255.27650946195973,244.61530482870876,246.39218139648438,3789,0.0,0.0
2008-04-14 00:00:00-04:00,245.2075923649461,246.39217672098468,234.54638793400048,235.73097229003906,2756,0.0,0.0
2008-04-15 00:00:00-04:00,237.50785549740903,238.10014769207007,229.80808435351685,231.5849609375,5556,0.0,0.0
2008-04-16 00:00:00-04:00,234.54639150755844,240.469285991292,232.76954233312924,239.28472900390625,4909,0.0,0.0
2008-04-17 00:00:00-04:00,238.69243561668253,239.87699259811217,236.9155590644865,238.1001434326172,4162,0.0,0.0
2008-04-18 00:00:00-04:00,242.24616181414464,244.61530316839705,236.9155595337003,241.65386962890625,12336,0.0,0.0
2008-04-21 00:00:00-04:00,244.02304077148438,247.5767665311886,241.65387200721398,244.02304077148438,3688,0.0,0.0
2008-04-22 00:00:00-04:00,243.43074446625894,245.79988580378773,235.73097349921326,236.91555786132812,3152,0.0,0.0
2008-04-23 00:00:00-04:00,237.50785591661494,240.46928950844566,233.95413012907775,235.13868713378906,1809,0.0,0.0
2008-04-24 00:00:00-04:00,235.73097848438778,235.73097848438778,225.66207966022944,228.03123474121094,5052,0.0,0.0
2008-04-25 00:00:00-04:00,228.03123436186615,232.76954451594668,227.43894216926842,229.21580505371094,5691,0.0,0.0
2008-04-28 00:00:00-04:00,230.40037288277918,244.61530316839705,230.40037288277918,241.65386962890625,6089,0.0,0.0
2008-04-29 00:00:00-04:00,239.8769938042485,241.65387036537894,236.32326806868886,239.28472900390625,2744,0.0,0.0
2008-04-30 00:00:00-04:00,239.87698553541995,245.79987981498468,236.91555208898768,238.6924285888672,3832,0.0,0.0
2008-05-01 00:00:00-04:00,238.69243026374966,249.35360717773435,238.69243026374966,249.35360717773438,2544,0.0,0.0
2008-05-02 00:00:00-04:00,251.72277402089432,256.4610839658196,239.28472068547802,244.61529541015625,4208,0.0,0.0
2008-05-05 00:00:00-04:00,245.7998887543301,248.7613496951662,239.2847294578933,242.8384552001953,2886,0.0,0.0
2008-05-06 00:00:00-04:00,246.3921792361299,246.3921792361299,238.1001434326172,238.1001434326172,3703,0.0,0.0
2008-05-07 00:00:00-04:00,239.28472299622894,241.06157212604714,227.43893432617188,227.43893432617188,3783,0.0,0.0
2008-05-08 00:00:00-04:00,235.13867889370044,242.2461576064053,227.4389353927458,234.54638671875,5195,0.0,0.0
2008-05-09 00:00:00-04:00,229.2158010610363,246.39217849372324,228.6235088787556,240.4692840576172,4805,0.0,0.0
2008-05-12 00:00:00-04:00,242.24616419828158,246.3921821490534,239.87699543401115,244.02304077148438,3465,0.0,0.0
2008-05-13 00:00:00-04:00,244.61529541015625,250.53818968798794,241.65386196459053,244.61529541015625,3453,0.0,0.0
2008-05-14 00:00:00-04:00,244.02304077148438,251.13049229089285,242.83845638934918,244.02304077148438,4585,0.0,0.0
2008-05-15 00:00:00-04:00,243.4307403564453,245.20758948291834,242.24615601432964,243.4307403564453,3367,0.0,0.0
2008-05-16 00:00:00-04:00,245.20758881200805,249.94589878080578,235.73096887441258,245.7998809814453,4215,0.0,0.0
2008-05-19 00:00:00-04:00,244.61529420664723,244.61529420664723,236.3232586904999,237.50784301757812,4033,0.0,0.0
2008-05-20 00:00:00-04:00,236.32325744628906,239.28471824839292,226.25434549253592,236.32325744628906,3635,0.0,0.0
2008-05-21 00:00:00-04:00,238.10013976845275,240.46928108155393,233.95412193050018,234.54638671875,3635,0.0,0.0
2008-05-22 00:00:00-04:00,236.32325805756142,242.8384444523421,236.32325805756142,239.87698364257812,3336,0.0,0.0
2008-05-23 00:00:00-04:00,238.69242794049683,242.24615354390244,238.69242794049683,241.0615692138672,1435,0.0,0.0
2008-05-27 00:00:00-04:00,240.4692840576172,242.83845278674,236.91555835063394,240.4692840576172,1974,0.0,0.0
2008-05-28 00:00:00-04:00,241.06156986867293,241.65386203529943,238.1001364222407,238.6924285888672,2555,0.0,0.0
2008-05-29 00:00:00-04:00,238.10014552026752,247.57676577500143,238.10014552026752,246.39218139648438,4262,0.0,0.0
2008-05-30 00:00:00-04:00,246.98447238432757,251.7227824886458,245.2075958251953,245.2075958251953,6141,0.0,0.0
2008-06-02 00:00:00-04:00,245.20758881200805,248.76134182863163,242.83844752095936,245.7998809814453,4659,0.0,0.0
2008-06-03 00:00:00-04:00,247.5767592672754,253.49965361747206,244.61529839882678,250.53819274902344,4256,0.0,0.0
2008-06-04 00:00:00-04:00,248.76134239365226,253.49965237321229,245.2075893689569,249.35360717773438,4030,0.0,0.0
2008-06-05 00:00:00-04:00,249.35361966422718,266.53001131693543,248.76135485048715,260.60711669921875,7829,0.0,0.0
2008-06-06 00:00:00-04:00,260.0148016068752,260.0148016068752,248.76133294934945,257.6456604003906,4120,0.0,0.0
2008-06-09 00:00:00-04:00,257.0533872681637,258.8302638444999,244.6153060072131,247.57676696777344,3774,0.0,0.0
2008-06-10 00:00:00-04:00,247.57675994870348,254.09194649052222,245.20759124742372,248.16905212402344,5155,0.0,0.0
2008-06-11 00:00:00-04:00,248.16905089751978,257.05337871000944,245.79988220794894,246.98446655273438,3486,0.0,0.0
2008-06-12 00:00:00-04:00,249.35360785560468,255.86879436522398,246.39217438034166,246.98446655273438,2412,0.0,0.0
2008-06-13 00:00:00-04:00,251.1304931640625,253.49966193657042,244.02304161994175,251.1304931640625,2070,0.0,0.0
2008-06-16 00:00:00-04:00,250.53820097093555,252.90736974344344,246.98447519887515,251.1304931640625,1597,0.0,0.0
2008-06-17 00:00:00-04:00,251.1304856139225,251.72277778924243,245.79988342274365,248.16905212402344,1935,0.0,0.0
2008-06-18 00:00:00-04:00,246.3921825835493,248.76135135199758,244.02304120180244,247.57676696777344,2456,0.0,0.0
2008-06-19 00:00:00-04:00,247.57675805208714,249.35360717773435,244.61529719817435,249.35360717773438,2461,0.0,0.0
2008-06-20 00:00:00-04:00,248.16905022286969,251.13048369008203,245.2075893689569,249.35360717773438,5008,0.0,0.0
2008-06-23 00:00:00-04:00,251.13048369008203,251.7227758608646,246.39217371052203,249.35360717773438,3247,0.0,0.0
2008-06-24 00:00:00-04:00,247.57674865275743,260.6070937551712,247.57674865275743,257.6456604003906,3217,0.0,0.0
2008-06-25 00:00:00-04:00,258.8302588102586,261.1994001459257,252.9073643910395,256.4610900878906,2286,0.0,0.0
2008-06-26 00:00:00-04:00,254.09194825044628,256.46108958143486,248.76134602234595,252.90736389160156,1730,0.0,0.0
2008-06-27 00:00:00-04:00,252.9073590367006,253.4996512047531,238.10013699548907,242.24615478515625,13500,0.0,0.0
2008-06-30 00:00:00-04:00,242.83845176838778,247.57676182006213,233.36183166503906,233.36183166503906,5059,0.0,0.0
2008-07-01 00:00:00-04:00,230.40037076605455,241.65386740879399,230.40037076605455,233.36183166503906,2836,0.0,0.0
2008-07-02 00:00:00-04:00,232.17724609375,240.46928179423014,230.40036956363252,232.17724609375,6064,0.0,0.0
2008-07-03 00:00:00-04:00,231.58495443060482,239.87699014947327,231.58495443060482,235.73097229003906,1350,0.0,0.0
2008-07-07 00:00:00-04:00,236.91556247742946,238.6924390552227,225.6620792848259,229.21580505371094,3442,0.0,0.0
2008-07-08 00:00:00-04:00,229.80808225734935,247.57676577500143,228.03123307627507,246.39218139648438,5309,0.0,0.0
2008-07-09 00:00:00-04:00,246.98446202329146,262.383976062989,242.24615211774605,255.86878967285156,6144,0.0,0.0
2008-07-10 00:00:00-04:00,255.8687979072986,263.56856886829377,254.6842135461146,256.4610900878906,12589,0.0,0.0
2008-07-11 00:00:00-04:00,251.13049626555272,262.3839933005443,251.13049626555272,260.60711669921875,6589,0.0,0.0
2008-07-14 00:00:00-04:00,260.60711391478566,260.60711391478566,245.79989122205123,254.68421936035156,5270,0.0,0.0
2008-07-15 00:00:00-04:00,250.53820214762527,258.8302655036464,246.39218416296555,252.31507873535156,5762,0.0,0.0
2008-07-16 00:00:00-04:00,254.09194875222352,258.8302588102586,246.39217779122836,256.4610900878906,7050,0.0,0.0
2008-07-17 00:00:00-04:00,258.23796487587657,260.607106195454,247.57676047102655,251.7227783203125,4752,0.0,0.0
2008-07-18 00:00:00-04:00,252.90735688483858,255.8687903132034,244.02302921304403,253.49964904785156,5221,0.0,0.0
2008-07-21 00:00:00-04:00,254.0919418088068,260.60710084388126,251.72277315117964,257.0533752441406,5553,0.0,0.0
2008-07-22 00:00:00-04:00,256.4610866188332,272.4528931183991,255.27650227367263,266.5299987792969,13347,0.0,0.0
2008-07-23 00:00:00-04:00,272.4528964605327,296.1444467208614,266.5300020487753,295.5521545410156,9652,0.0,0.0
2008-07-24 00:00:00-04:00,295.55216157871513,300.2904717436097,289.62926702592154,294.9598693847656,6961,0.0,0.0
2008-07-25 00:00:00-04:00,302.06735302297926,309.1748046875,294.9598739717565,309.1748046875,5029,0.0,0.0
2008-07-28 00:00:00-04:00,309.1748031347054,315.09769774986034,296.14445689072613,304.4364929199219,7455,0.0,0.0
2008-07-29 00:00:00-04:00,305.6210726453729,315.689985121107,302.65963907644584,307.39794921875,5144,0.0,0.0
2008-07-30 00:00:00-04:00,309.7670758304658,319.24369566333934,307.9902267284896,310.95166015625,5539,0.0,0.0
2008-07-31 00:00:00-04:00,313.320833085282,334.0509221360129,310.9516644013696,318.05914306640625,8288,0.0,0.0
2008-08-01 00:00:00-04:00,318.6514071821996,325.7588858323258,318.05914239916444,320.42828369140625,5517,0.0,0.0
2008-08-04 00:00:00-04:00,321.0205938494441,328.7203377140585,310.9516811731317,326.3511962890625,3676,0.0,0.0
2008-08-05 00:00:00-04:00,330.4972071995633,337.6046860947664,324.5743126846777,326.9434814453125,9748,0.0,0.0
2008-08-06 00:00:00-04:00,326.9434754369806,338.19694468308364,322.7974575687636,334.6432189941406,4080,0.0,0.0
2008-08-07 00:00:00-04:00,334.6432323566014,337.6046933712238,323.38973527444006,326.3511962890625,8298,0.0,0.0
2008-08-08 00:00:00-04:00,331.0894933051976,337.6046798905105,316.87456316272466,334.6432189941406,5306,0.0,0.0
2008-08-11 00:00:00-04:00,334.0509179777438,334.0509179777438,326.351174624276,330.4971923828125,4838,0.0,0.0
2008-08-12 00:00:00-04:00,328.72031402978376,328.72031402978376,310.3593666088375,325.7588806152344,4200,0.0,0.0
2008-08-13 00:00:00-04:00,323.3897189399613,326.35117980499973,314.5053911182471,325.1665954589844,5444,0.0,0.0
2008-08-14 00:00:00-04:00,322.2051660735091,334.64321970456524,317.46685601595897,332.2740783691406,2668,0.0,0.0
2008-08-15 00:00:00-04:00,337.0123866671863,337.0123866671863,319.24370350411607,327.5357666015625,5956,0.0,0.0
2008-08-18 00:00:00-04:00,321.0205938494441,331.6817987286809,318.0591602215236,326.3511962890625,3470,0.0,0.0
2008-08-19 00:00:00-04:00,313.91311254261257,325.7589017424741,313.91311254261257,323.9820251464844,3426,0.0,0.0
2008-08-20 00:00:00-04:00,312.1362498129169,329.9049054563453,312.1362498129169,325.1665954589844,2773,0.0,0.0
2008-08-21 00:00:00-04:00,322.79747116573816,340.56612774561097,322.79747116573816,333.4586486816406,6732,0.0,0.0
2008-08-22 00:00:00-04:00,335.8278121320663,357.15022159654717,329.3126253764301,355.96563720703125,5421,0.0,0.0
2008-08-25 00:00:00-04:00,354.1887531585131,355.3733375230649,338.78923857944284,339.38153076171875,3592,0.0,0.0
2008-08-26 00:00:00-04:00,339.3815431815364,353.59647391625657,337.6046939563852,350.6350402832031,5670,0.0,0.0
2008-08-27 00:00:00-04:00,349.450451959486,351.81962074874224,339.38153937855003,343.5275573730469,3600,0.0,0.0
2008-08-28 00:00:00-04:00,344.71212315768514,348.85814092835074,340.56610538701955,347.673583984375,2698,0.0,0.0
2008-08-29 00:00:00-04:00,346.4890191493212,351.2273293519315,341.1584167480469,341.1584167480469,2994,0.0,0.0
2008-09-02 00:00:00-04:00,344.7121283710289,348.8581462043979,335.2355083556996,342.3429870605469,4152,0.0,0.0
2008-09-03 00:00:00-04:00,344.1198277738201,364.849943819961,342.3429786811251,357.74249267578125,6711,0.0,0.0
2008-09-04 00:00:00-04:00,357.15022556775267,360.7039513891134,340.566126090233,345.896728515625,4333,0.0,0.0
2008-09-05 00:00:00-04:00,345.8967190848823,351.81961355013254,338.19694806404664,344.1198425292969,2430,0.0,0.0
2008-09-08 00:00:00-04:00,350.04272872823685,354.78103871120095,328.7203201115482,337.60467529296875,4162,0.0,0.0
2008-09-09 00:00:00-04:00,337.60468775693715,348.26586507217917,331.6817932128906,331.6817932128906,4856,0.0,0.0
2008-09-10 00:00:00-04:00,337.01239479652173,337.01239479652173,325.75889792712644,334.0509338378906,3598,0.0,0.0
2008-09-11 00:00:00-04:00,334.05091981665913,337.01238065098784,323.9820077533421,335.2355041503906,4659,0.0,0.0
2008-09-12 00:00:00-04:00,333.4586447287421,334.05093692594363,314.5054039651002,316.87457275390625,2823,0.0,0.0
2008-09-15 00:00:00-04:00,313.9131141694726,313.9131141694726,283.11411138627926,302.0673522949219,4611,0.0,0.0
2008-09-16 00:00:00-04:00,298.5136136348294,310.359375,291.99842708263014,310.359375,4736,0.0,0.0
2008-09-17 00:00:00-04:00,305.6210595766421,312.136246013726,295.552147531467,296.1444396972656,4827,0.0,0.0
2008-09-18 00:00:00-04:00,304.43648984830327,312.1362609863281,266.53000851249317,312.1362609863281,12773,0.0,0.0
2008-09-19 00:00:00-04:00,331.0894826707833,331.0894826707833,308.58249012808784,325.7588806152344,14162,0.0,0.0
2008-09-22 00:00:00-04:00,323.38972972945686,340.5661211596471,312.72855241972326,314.5054016113281,5242,0.0,0.0
2008-09-23 00:00:00-04:00,313.9130935840104,319.24369566333934,299.69816383470015,310.95166015625,3024,0.0,0.0
2008-09-24 00:00:00-04:00,312.72854738301123,326.35118543718664,300.29046630859375,300.29046630859375,3836,0.0,0.0
2008-09-25 00:00:00-04:00,301.47505774369444,307.9902445252785,299.1058889552269,299.69818115234375,3448,0.0,0.0
2008-09-26 00:00:00-04:00,301.475048952773,307.9902355443763,287.2601187965758,295.5521545410156,5339,0.0,0.0
2008-09-29 00:00:00-04:00,290.2215377707152,293.1829985215926,266.52998869719346,277.1911926269531,8752,0.0,0.0
2008-09-30 00:00:00-04:00,280.7449323692922,294.9598625338094,264.16083348400497,276.0066223144531,5765,0.0,0.0
2008-10-01 00:00:00-04:00,278.96804169078007,284.8909358058354,276.0066083266022,277.1911926269531,2426,0.0,0.0
2008-10-02 00:00:00-04:00,274.8220309129709,283.70638600153524,219.14688234836564,241.0615692138672,8333,0.0,0.0
2008-10-03 00:00:00-04:00,236.91555085403903,247.5767550243428,232.17724093242623,237.50784301757812,5382,0.0,0.0
2008-10-06 00:00:00-04:00,229.808076705847,236.91555541855183,203.1550931532803,234.54638671875,7980,0.0,0.0
2008-10-07 00:00:00-04:00,238.1001466048954,238.69243879685203,203.74737748497031,207.30111694335938,5871,0.0,0.0
2008-10-08 00:00:00-04:00,201.37821102689153,219.14687992769962,188.94014416566088,196.04762268066406,7333,0.0,0.0
2008-10-09 00:00:00-04:00,199.00906578513715,207.3011153278577,184.20184326171875,184.20184326171875,3809,0.0,0.0
2008-10-10 00:00:00-04:00,177.6866687580243,201.97051129735155,162.87944636152227,197.82449340820312,13359,0.0,0.0
2008-10-13 00:00:00-04:00,209.6702671822636,225.66207383617328,208.48569651902048,216.18544006347656,6218,0.0,0.0
2008-10-14 00:00:00-04:00,221.5160503053387,235.7309809392602,203.7473801662613,213.22401428222656,4145,0.0,0.0
2008-10-15 00:00:00-04:00,210.8548461271193,219.1468816370512,189.5324378024943,201.9705047607422,9918,0.0,0.0
2008-10-16 00:00:00-04:00,201.9705104560084,233.95412384483598,195.45533755829376,233.36183166503906,4291,0.0,0.0
2008-10-17 00:00:00-04:00,220.92375769997443,230.99267030385352,207.301119290815,214.40858459472656,4679,0.0,0.0
2008-10-20 00:00:00-04:00,213.22400486177187,232.17724486962703,213.22400486177187,230.99266052246094,2750,0.0,0.0
2008-10-21 00:00:00-04:00,228.0312252617658,236.32326085381897,223.88519377238902,226.2543487548828,3121,0.0,0.0
2008-10-22 00:00:00-04:00,220.92375421633636,233.95412760806428,215.00087340314715,223.2929229736328,2314,0.0,0.0
2008-10-23 00:00:00-04:00,223.88519037339105,225.06977469332884,207.30110574771209,215.59315490722656,2714,0.0,0.0
2008-10-24 00:00:00-04:00,204.3396595199021,224.47748349863943,202.56279672570471,217.96231079101562,2591,0.0,0.0
2008-10-27 00:00:00-04:00,218.5545952060466,223.29291894173107,195.45533717300574,196.63990783691406,3082,0.0,0.0
2008-10-28 00:00:00-04:00,200.78594544461046,213.2240131038934,192.49389577397153,212.0394287109375,3173,0.0,0.0
2008-10-29 00:00:00-04:00,213.81628671595553,230.99266416744945,199.6013564857572,220.9237518310547,3961,0.0,0.0
2008-10-30 00:00:00-04:00,230.40036689084604,230.99265906068092,216.7777291447452,225.0697784423828,3029,0.0,0.0
2008-10-31 00:00:00-04:00,223.29291821656406,236.32326394399007,212.0394216325548,232.17724609375,4941,0.0,0.0
2008-11-03 00:00:00-05:00,230.9926558698286,233.36182451644123,210.26255345211837,219.14688110351562,3203,0.0,0.0
2008-11-04 00:00:00-05:00,225.06977533334714,229.21579307821918,211.44712408207465,219.14688110351562,2759,0.0,0.0
2008-11-05 00:00:00-05:00,216.18543954168987,228.6235067891489,210.85485102993633,212.6317138671875,1791,0.0,0.0
2008-11-06 00:00:00-05:00,210.26255798339844,217.37002299635623,210.26255798339844,210.26255798339844,1452,0.0,0.0
2008-11-07 00:00:00-05:00,223.88520117495412,228.03123280141574,197.23220331730374,206.1165313720703,3371,0.0,0.0
2008-11-10 00:00:00-05:00,210.8548461271193,222.70062092227204,200.19364196480677,201.9705047607422,2503,0.0,0.0
2008-11-11 00:00:00-05:00,201.37821004615483,213.22399838456974,192.49388248569355,193.678466796875,2429,0.0,0.0
2008-11-12 00:00:00-05:00,191.30930927855653,196.0476331049559,186.5709991455078,186.5709991455078,2361,0.0,0.0
2008-11-13 00:00:00-05:00,187.16328795247094,216.18544041615212,183.0172700843309,215.00086975097656,3244,0.0,0.0
2008-11-14 00:00:00-05:00,210.85485013836742,216.18543862758136,189.5324414081104,190.71702575683594,1774,0.0,0.0
2008-11-17 00:00:00-05:00,189.53244802134898,200.19365275847233,185.97872223787508,191.30931091308594,1126,0.0,0.0
2008-11-18 00:00:00-05:00,192.49388311953578,199.0090557724372,178.278953498651,197.23219299316406,2667,0.0,0.0
2008-11-19 00:00:00-05:00,196.6399001998338,199.60134728461378,177.68666076660156,177.68666076660156,5085,0.0,0.0
2008-11-20 00:00:00-05:00,176.50207861212166,199.0090575607845,176.50207861212166,181.2404022216797,3783,0.0,0.0
2008-11-21 00:00:00-05:00,184.20184193224947,190.71702855927487,165.84089380400638,178.27896118164062,4624,0.0,0.0
2008-11-24 00:00:00-05:00,177.6866630073415,206.11652251570814,165.84088821218876,201.9705047607422,4697,0.0,0.0
2008-11-25 00:00:00-05:00,202.56279692383734,213.22400108614985,184.79412788443318,201.9705047607422,2582,0.0,0.0
2008-11-26 00:00:00-05:00,197.8244985532522,234.54639571509324,187.16329376862038,232.76954650878906,3486,0.0,0.0
2008-11-28 00:00:00-05:00,230.40036322878134,236.91554960670985,216.18543353878275,236.32325744628906,2680,0.0,0.0
2008-12-01 00:00:00-05:00,229.80807939332405,229.80807939332405,177.68666864186017,179.46353149414062,3280,0.0,0.0
2008-12-02 00:00:00-05:00,188.3478745017764,207.89340709799652,188.3478745017764,203.74737548828125,2598,0.0,0.0
2008-12-03 00:00:00-05:00,198.41678314037728,236.91555541855183,195.45533595897533,234.54638671875,2795,0.0,0.0
2008-12-04 00:00:00-05:00,232.1772411684461,238.69242758729922,216.77772706087518,221.5160369873047,2656,0.0,0.0
2008-12-05 00:00:00-05:00,217.96231601291234,233.95412262386748,206.11652725219724,232.17724609375,1667,0.0,0.0
2008-12-08 00:00:00-05:00,236.32326024977598,236.32326024977598,207.8934005325173,222.70062255859375,2668,0.0,0.0
2008-12-09 00:00:00-05:00,219.73917264030882,229.80807089303,209.07796853426876,215.59315490722656,2988,0.0,0.0
2008-12-10 00:00:00-05:00,218.55460179214253,224.47749637022045,208.4857029187714,212.0394287109375,1639,0.0,0.0
2008-12-11 00:00:00-05:00,207.893409135316,219.14689231573834,207.30111694335938,207.30111694335938,1706,0.0,0.0
2008-12-12 00:00:00-05:00,203.74737748497031,207.30111694335938,197.23220445349958,207.30111694335938,2330,0.0,0.0
2008-12-15 00:00:00-05:00,209.07797691258784,222.10833648731514,201.3782196044922,201.3782196044922,2221,0.0,0.0
2008-12-16 00:00:00-05:00,205.5242540608402,218.5546001237817,204.33966967692695,207.30111694335938,2868,0.0,0.0
2008-12-17 00:00:00-05:00,204.33966967692695,210.2625642097918,200.193651719932,207.30111694335938,2291,0.0,0.0
2008-12-18 00:00:00-05:00,206.70882356061495,209.07797862144272,200.78594275522076,206.1165313720703,2233,0.0,0.0
2008-12-19 00:00:00-05:00,213.22401135596226,236.32326989573517,208.48570120968316,230.40037536621094,6286,0.0,0.0
2008-12-22 00:00:00-05:00,229.80808330420405,233.3618364559438,197.23220445349958,207.30111694335938,2380,0.0,0.0
2008-12-23 00:00:00-05:00,216.18544525885244,216.18544525885244,187.1632921450554,188.94015502929688,4074,0.0,0.0
2008-12-24 00:00:00-05:00,186.57099028025422,199.60134937365277,181.2404019038798,182.4249725341797,2420,0.0,0.0
2008-12-26 00:00:00-05:00,184.201840064758,195.45533665551946,183.60956158104713,193.086181640625,6717,0.0,0.0
2008-12-29 00:00:00-05:00,189.53244556108547,194.8630478604522,183.60956476772847,184.20184326171875,2435,0.0,0.0
2008-12-30 00:00:00-05:00,184.20184524778574,191.90160268618428,183.6095667474095,187.75558471679688,2785,0.0,0.0
2008-12-31 00:00:00-05:00,188.94014506384866,200.78593351626677,188.34786659590776,198.41677856445312,3805,0.0,0.0
2009-01-02 00:00:00-05:00,198.41678345964863,215.00086853149452,197.82449128374512,213.8162841796875,2486,0.0,0.0
2009-01-05 00:00:00-05:00,216.18544006347656,216.18544006347656,207.301112162427,216.18544006347656,1530,0.0,0.0
2009-01-06 00:00:00-05:00,217.9623117081229,225.0697766081682,212.03941744474346,220.3314666748047,1911,0.0,0.0
2009-01-07 00:00:00-05:00,216.18543918995118,218.5545942002149,210.26255851096712,213.8162841796875,798,0.0,0.0
2009-01-08 00:00:00-05:00,210.26256368961901,228.03123355090457,210.26256368961901,226.84664916992188,1986,0.0,0.0
2009-01-09 00:00:00-05:00,226.84664916992188,230.9926671166599,220.33147615456915,226.84664916992188,2550,0.0,0.0
2009-01-12 00:00:00-05:00,226.84664916992188,235.13868506339796,223.88520191081582,226.84664916992188,2262,0.0,0.0
2009-01-13 00:00:00-05:00,226.25434610178536,235.13867375862037,222.70062051639135,233.95411682128906,1250,0.0,0.0
2009-01-14 00:00:00-05:00,229.21579896601608,229.21579896601608,212.6317138671875,212.6317138671875,1658,0.0,0.0
2009-01-15 00:00:00-05:00,212.63171986815576,235.73097848438778,209.67027259359116,228.03123474121094,2053,0.0,0.0
2009-01-16 00:00:00-05:00,229.80807858625764,233.36183166503906,217.9623171504222,233.36183166503906,1971,0.0,0.0
2009-01-20 00:00:00-05:00,230.40036670159995,231.58495104029672,204.33966187712355,205.5242462158203,2455,0.0,0.0
2009-01-21 00:00:00-05:00,207.89340862100434,227.43894136041322,201.37822191230092,226.84664916992188,1650,0.0,0.0
2009-01-22 00:00:00-05:00,220.9237539255817,221.51604611412634,204.93196068833174,206.1165313720703,1794,0.0,0.0
2009-01-23 00:00:00-05:00,197.23220445349958,213.2240114762242,197.23220445349958,207.30111694335938,1217,0.0,0.0
2009-01-26 00:00:00-05:00,208.4856926999644,227.4389325114702,208.4856926999644,222.70062255859375,1432,0.0,0.0
2009-01-27 00:00:00-05:00,222.70062603985824,248.761344881411,214.40857664602774,232.17724609375,4236,0.0,0.0
2009-01-28 00:00:00-05:00,235.7309683232791,242.83844695320875,233.36182703776942,242.24615478515625,1891,0.0,0.0
2009-01-29 00:00:00-05:00,239.8769930731911,248.76134846506577,233.3618338089711,241.65386962890625,3441,0.0,0.0
2009-01-30 00:00:00-05:00,243.43073846395012,248.7613405753286,238.10013635257164,244.61529541015625,1973,0.0,0.0
2009-02-02 00:00:00-05:00,242.83843885308886,260.6070937551712,242.83843885308886,257.6456604003906,3198,0.0,0.0
2009-02-03 00:00:00-05:00,260.607118222272,271.26832311912847,255.27651577384378,265.3454284667969,1833,0.0,0.0
2009-02-04 00:00:00-05:00,264.7531204678559,276.59890906580534,256.46108488131154,261.79168701171875,3350,0.0,0.0
2009-02-05 00:00:00-05:00,260.6071096710002,267.7145884979216,251.72278167737426,261.19940185546875,1515,0.0,0.0
2009-02-06 00:00:00-05:00,261.79167700603216,273.6374651512351,261.79167700603216,272.452880859375,2136,0.0,0.0
2009-02-09 00:00:00-05:00,270.676024503113,281.3372291474135,255.2765097265346,263.5685729980469,1065,0.0,0.0
2009-02-10 00:00:00-05:00,262.3839827251626,262.3839827251626,246.984468294457,251.7227783203125,2558,0.0,0.0
2009-02-11 00:00:00-05:00,252.3150783219915,260.014822082788,242.83845797637977,248.7613525390625,848,0.0,0.0
2009-02-12 00:00:00-05:00,243.43073872235314,273.0451827562472,243.43073872235314,264.16082763671875,2356,0.0,0.0
2009-02-13 00:00:00-05:00,265.3454101480109,268.8991631260888,246.98446264140884,253.49964904785156,1788,0.0,0.0
2009-02-17 00:00:00-05:00,245.79989122205123,260.60711391478566,242.83845763818493,254.68421936035156,1526,0.0,0.0
2009-02-18 00:00:00-05:00,256.461088346168,259.42252184231495,251.7227783203125,251.7227783203125,1542,0.0,0.0
2009-02-19 00:00:00-05:00,255.86880410492054,259.4225298878496,248.7613525390625,248.7613525390625,750,0.0,0.0
2009-02-20 00:00:00-05:00,244.6153036388179,256.46109259296406,244.6153036388179,245.2075958251953,2136,0.0,0.0
2009-02-23 00:00:00-05:00,247.57676531883175,254.09195200196984,242.2461630120281,242.8384552001953,1817,0.0,0.0
2009-02-24 00:00:00-05:00,245.7998894619789,265.9377143708351,245.2075972721065,263.5685729980469,2915,0.0,0.0
2009-02-25 00:00:00-05:00,262.38398656544524,262.38398656544524,240.4692852584295,241.65386962890625,2848,0.0,0.0
2009-02-26 00:00:00-05:00,243.43074267775927,245.79988399788184,230.99266174033835,232.17724609375,3235,0.0,0.0
2009-02-27 00:00:00-05:00,230.9926666614437,241.65387129587518,223.2929229736328,223.2929229736328,3506,0.0,0.0
2009-03-02 00:00:00-05:00,219.73918739943622,226.25436051664585,213.22401428222656,213.22401428222656,2632,0.0,0.0
2009-03-03 00:00:00-05:00,213.81629199956248,221.5160494878593,209.0779818057415,210.8548583984375,2180,0.0,0.0
2009-03-04 00:00:00-05:00,214.40857150927079,220.9237442168946,207.30110663913115,217.96231079101562,2156,0.0,0.0
2009-03-05 00:00:00-05:00,211.44713406531147,219.14689145028774,197.23220367459405,204.9319610595703,3014,0.0,0.0
2009-03-06 00:00:00-05:00,207.30110869671495,210.26255584533806,204.33966154809184,206.7088165283203,1571,0.0,0.0
2009-03-09 00:00:00-04:00,203.7473789536828,214.40858371235052,188.9401562081336,190.12474060058594,2214,0.0,0.0
2009-03-10 00:00:00-04:00,196.04763103121107,202.56280397189946,194.27075448010015,201.3782196044922,2435,0.0,0.0
2009-03-11 00:00:00-04:00,201.37821198420767,209.67026116223033,197.23219424187133,198.41677856445312,2017,0.0,0.0
2009-03-12 00:00:00-04:00,197.82449470395693,222.10833740234375,194.27075528044517,222.10833740234375,3203,0.0,0.0
2009-03-13 00:00:00-04:00,223.88520191081582,232.76954368813395,219.14689177358645,226.84664916992188,1362,0.0,0.0
2009-03-16 00:00:00-04:00,229.80808228279548,236.91556116798355,222.1083385949846,223.2929229736328,2459,0.0,0.0
2009-03-17 00:00:00-04:00,226.2543533756962,236.91555786132812,214.4085782212999,236.91555786132812,2411,0.0,0.0
2009-03-18 00:00:00-04:00,225.66207716865932,242.8384547394659,225.66207716865932,239.28472900390625,1795,0.0,0.0
2009-03-19 00:00:00-04:00,242.24616419828158,248.7613509133238,236.91556186537454,244.02304077148438,1159,0.0,0.0
2009-03-20 00:00:00-04:00,246.9844701659026,248.7613467090749,235.13868131815582,236.91555786132812,3782,0.0,0.0
2009-03-23 00:00:00-04:00,244.02304463365414,260.60711669921875,233.36183979910444,260.60711669921875,3530,0.0,0.0
2009-03-24 00:00:00-04:00,252.90736273165103,262.9762749622486,230.99266174033835,232.17724609375,2252,0.0,0.0
2009-03-25 00:00:00-04:00,233.95412670721618,245.79988828798207,222.1083377397491,239.28472900390625,2629,0.0,0.0
2009-03-26 00:00:00-04:00,242.83843831001667,260.0148010253906,238.1001285209446,260.0148010253906,3542,0.0,0.0
2009-03-27 00:00:00-04:00,246.39218319547993,248.7613519698122,228.03123474121094,228.03123474121094,2708,0.0,0.0
2009-03-30 00:00:00-04:00,222.10834168542465,222.10834168542465,209.67027400330684,210.8548583984375,4788,0.0,0.0
2009-03-31 00:00:00-04:00,214.4085711969904,227.43893028660972,213.22400056703412,219.14688110351562,3226,0.0,0.0
2009-04-01 00:00:00-04:00,215.59315731242182,223.88519287109375,209.07797086677948,223.88519287109375,1905,0.0,0.0
2009-04-02 00:00:00-04:00,230.4003733258632,245.79988801157273,225.06978472851813,245.2075958251953,2938,0.0,0.0
2009-04-03 00:00:00-04:00,245.2075970179673,248.7613501535185,228.03123307627507,246.39218139648438,1800,0.0,0.0
2009-04-06 00:00:00-04:00,241.65386668353113,241.65386668353113,230.99266225258552,235.73097229003906,1532,0.0,0.0
2009-04-07 00:00:00-04:00,230.9926666614437,239.28472992528003,223.2929229736328,223.2929229736328,1739,0.0,0.0
2009-04-08 00:00:00-04:00,224.47748330908837,233.95411682128906,223.29291267840705,233.95411682128906,1279,0.0,0.0
2009-04-09 00:00:00-04:00,236.91555201966523,245.79987974306263,231.58494990828675,244.61529541015625,2356,0.0,0.0
2009-04-13 00:00:00-04:00,241.6538708238609,242.8384552001953,233.95412715108966,242.8384552001953,1309,0.0,0.0
2009-04-14 00:00:00-04:00,237.50784325901682,239.28471975144043,221.5160369873047,221.5160369873047,2447,0.0,0.0
2009-04-15 00:00:00-04:00,219.1468904978823,239.28472900390625,219.1468904978823,239.28472900390625,1742,0.0,0.0
2009-04-16 00:00:00-04:00,241.0615686121127,241.0615686121127,222.10832892566157,237.50784301757812,1659,0.0,0.0
2009-04-17 00:00:00-04:00,238.10013518111725,239.28471950819548,230.4003644418089,237.50784301757812,1497,0.0,0.0
2009-04-20 00:00:00-04:00,230.9926694514255,231.58496164790347,209.6702736183765,212.0394287109375,2930,0.0,0.0
2009-04-21 00:00:00-04:00,212.6317155686141,219.7391806678414,209.0779761723252,217.37002563476562,1555,0.0,0.0
2009-04-22 00:00:00-04:00,213.8162841796875,222.70062573818913,212.0394213453273,213.8162841796875,2011,0.0,0.0
2009-04-23 00:00:00-04:00,213.22400938666576,221.51604521939515,202.56280480932728,203.74737548828125,2297,0.0,0.0
2009-04-24 00:00:00-04:00,206.70881829494581,216.18543829685103,204.33966329446952,211.44712829589844,2315,0.0,0.0
2009-04-27 00:00:00-04:00,207.30111612468988,212.63171844454658,203.7473766803352,204.9319610595703,1771,0.0,0.0
2009-04-28 00:00:00-04:00,203.15510014338116,215.59316777855452,203.15510014338116,208.48570251464844,1518,0.0,0.0
2009-04-29 00:00:00-04:00,209.67026801109606,219.1468881279037,209.67026801109606,218.55459594726562,1898,0.0,0.0
2009-04-30 00:00:00-04:00,220.3314745404412,220.3314745404412,203.74737548828125,203.74737548828125,1982,0.0,0.0
2009-05-01 00:00:00-04:00,206.7088146788033,210.26255396402414,201.37821259764704,201.9705047607422,1538,0.0,0.0
2009-05-04 00:00:00-04:00,204.3396671987044,206.11653005967386,196.04763138527994,200.1936492919922,3170,0.0,0.0
2009-05-05 00:00:00-04:00,198.41678643102273,206.11653005967386,196.63990987670272,200.1936492919922,3265,0.0,0.0
2009-05-06 00:00:00-04:00,203.1550890869325,205.52424404596303,197.82448700577623,201.9705047607422,4158,0.0,0.0
2009-05-07 00:00:00-04:00,191.90160185575894,203.15509871447082,183.60956595286672,185.3864288330078,4082,0.0,0.0
2009-05-08 00:00:00-04:00,188.94015289373328,191.9016001295634,178.87125420127185,180.6481170654297,4470,0.0,0.0
2009-05-11 00:00:00-04:00,178.27895292222755,180.64810785138158,175.9097979930735,177.68666076660156,4297,0.0,0.0
2009-05-12 00:00:00-04:00,178.27895996842236,180.64811499121348,177.09437561035156,177.09437561035156,2248,0.0,0.0
2009-05-13 00:00:00-04:00,175.31750854269816,177.68666350840962,164.06402587890625,164.06402587890625,4721,0.0,0.0
2009-05-14 00:00:00-04:00,165.24860465741284,165.24860465741284,146.8876424984333,147.4799346923828,7312,0.0,0.0
2009-05-15 00:00:00-04:00,146.88763234720116,148.07221665323493,135.6341499066292,142.14932250976562,6702,0.0,0.0
2009-05-18 00:00:00-04:00,145.11077444877702,153.9951159619778,142.14932727771009,152.81053161621094,5703,0.0,0.0
2009-05-19 00:00:00-04:00,155.1796841835175,166.43318051861672,155.1796841835175,165.24859619140625,5073,0.0,0.0
2009-05-20 00:00:00-04:00,168.21004962278667,178.2789620081894,159.91800010146952,162.2871551513672,5377,0.0,0.0
2009-05-21 00:00:00-04:00,159.91799130640192,162.2871462260023,156.95654423356396,158.14112854003906,2389,0.0,0.0
2009-05-22 00:00:00-04:00,159.9179984086073,165.84089281732813,156.9565512042469,157.54884338378906,2173,0.0,0.0
2009-05-26 00:00:00-04:00,156.95654487768223,165.24859397698748,156.95654487768223,161.69485473632812,3009,0.0,0.0
2009-05-27 00:00:00-04:00,161.10258399798897,164.06403122496516,158.73342895507812,158.73342895507812,2120,0.0,0.0
2009-05-28 00:00:00-04:00,159.91799441889864,168.80233581032917,154.58739232271031,164.06402587890625,1835,0.0,0.0
2009-05-29 00:00:00-04:00,165.24859710108248,168.80233640892678,160.51028715285682,167.6177520751953,2659,0.0,0.0
2009-06-01 00:00:00-04:00,169.39462510293149,178.87125926450923,167.02546998587476,176.50209045410156,3653,0.0,0.0
2009-06-02 00:00:00-04:00,175.9098081928235,189.53244640200091,173.54065312629916,186.5709991455078,4444,0.0,0.0
2009-06-03 00:00:00-04:00,183.60956715110888,192.49389530314446,180.6481198693134,191.30931091308594,3553,0.0,0.0
2009-06-04 00:00:00-04:00,191.90159425673775,193.67847075986782,183.60955868219793,187.1632843017578,3938,0.0,0.0
2009-06-05 00:00:00-04:00,186.5709969711631,188.94015201007676,176.50208463244252,178.27896118164062,3035,0.0,0.0
2009-06-08 00:00:00-04:00,180.05582043268657,180.05582043268657,168.2100454752763,168.80233764648438,1559,0.0,0.0
2009-06-09 00:00:00-04:00,169.39461394994277,171.17149044075848,165.24859619140625,165.24859619140625,1592,0.0,0.0
2009-06-10 00:00:00-04:00,166.4331817626953,167.6177524054103,160.5102874690698,166.4331817626953,3865,0.0,0.0
2009-06-11 00:00:00-04:00,168.80233674147547,169.9869073841905,164.65630525859754,166.4331817626953,2395,0.0,0.0
2009-06-12 00:00:00-04:00,165.2485979854019,169.98690795898438,164.06402733868137,169.98690795898438,1685,0.0,0.0
2009-06-15 00:00:00-04:00,165.84088867985233,167.6177514807984,158.73342378271795,164.06402587890625,4824,0.0,0.0
2009-06-16 00:00:00-04:00,161.10258997650516,169.98691829378055,156.95655822753906,156.95655822753906,1647,0.0,0.0
2009-06-17 00:00:00-04:00,156.95655286575976,164.06403170880336,156.95655286575976,162.2871551513672,845,0.0,0.0
2009-06-18 00:00:00-04:00,161.6948537676692,161.6948537676692,152.21823410714865,159.32569885253906,2327,0.0,0.0
2009-06-19 00:00:00-04:00,162.2871538000395,162.2871538000395,155.77198089040888,156.36427307128906,3474,0.0,0.0
2009-06-22 00:00:00-04:00,154.58740197115597,156.36427857635442,151.03367614746094,151.03367614746094,1586,0.0,0.0
2009-06-23 00:00:00-04:00,151.62596130371094,159.32570479505594,151.03366912949969,151.62596130371094,1638,0.0,0.0
2009-06-24 00:00:00-04:00,153.40283086033227,157.54884887493017,152.21824645996094,152.21824645996094,818,0.0,0.0
2009-06-25 00:00:00-04:00,151.03367083006833,156.36427307128906,148.07222361901788,156.36427307128906,1583,0.0,0.0
2009-06-26 00:00:00-04:00,155.7719851606391,156.36427735775598,148.66451987528893,149.84909057617188,19483,0.0,0.0
2009-06-29 00:00:00-04:00,149.84908265267836,153.40282195411962,146.88763551703568,148.0722198486328,4598,0.0,0.0
2009-06-30 00:00:00-04:00,148.0722264549604,149.25681083940844,142.7416241116457,143.92620849609375,4924,0.0,0.0
2009-07-01 00:00:00-04:00,146.29536516236578,150.44138316631373,146.29536516236578,148.66452026367188,2826,0.0,0.0
2009-07-02 00:00:00-04:00,146.2953627363412,146.2953627363412,141.5570526123047,141.5570526123047,3533,0.0,0.0
2009-07-06 00:00:00-04:00,141.55705177654627,142.74162245388632,138.5956045431703,139.18789672851562,1933,0.0,0.0
2009-07-07 00:00:00-04:00,139.7801740044536,147.4799312669047,138.00331115722656,138.00331115722656,2752,0.0,0.0
2009-07-08 00:00:00-04:00,136.81874638562218,138.0033171036991,130.3035595094705,131.48814392089844,4211,0.0,0.0
2009-07-09 00:00:00-04:00,132.67271463897535,134.4495912561173,130.89585171518445,131.48814392089844,1229,0.0,0.0
2009-07-10 00:00:00-04:00,131.4881353446276,135.63415312750072,127.34210386840434,132.08041381835938,2085,0.0,0.0
2009-07-13 00:00:00-04:00,132.08041590807065,136.22644744989037,132.08041590807065,135.6341552734375,1826,0.0,0.0
2009-07-14 00:00:00-04:00,135.634156481272,137.41101933310335,135.0418642995447,136.81874084472656,1876,0.0,0.0
2009-07-15 00:00:00-04:00,136.8187354204067,147.47992580207156,136.22644326216147,143.3339080810547,3238,0.0,0.0
2009-07-16 00:00:00-04:00,142.741617743146,148.66451201443135,139.18789213505488,148.0722198486328,2464,0.0,0.0
2009-07-17 00:00:00-04:00,148.66452322646927,148.66452322646927,136.81874748385943,137.41102600097656,4921,0.0,0.0
2009-07-20 00:00:00-04:00,138.59559631347656,139.78016692047777,135.6341492559489,138.59559631347656,1817,0.0,0.0
2009-07-21 00:00:00-04:00,136.81874673891772,139.7801803884326,127.93440471031985,135.0418701171875,5665,0.0,0.0
2009-07-22 00:00:00-04:00,134.4495776852469,139.18788746598824,133.26499339338673,136.2264404296875,2479,0.0,0.0
2009-07-23 00:00:00-04:00,135.6341508123724,145.1107705505268,135.04185865540026,144.5184783935547,4844,0.0,0.0
2009-07-24 00:00:00-04:00,142.74162603039386,152.81053866014662,142.74162603039386,152.21824645996094,2736,0.0,0.0
2009-07-27 00:00:00-04:00,151.62596182911892,156.95655033544057,149.849085300328,155.1796875,3147,0.0,0.0
2009-07-28 00:00:00-04:00,154.58739567174663,155.17968784934365,147.4799306206336,153.9951171875,2209,0.0,0.0
2009-07-29 00:00:00-04:00,152.81053905930844,154.58740197115597,146.88764442868217,151.03367614746094,2498,0.0,0.0
2009-07-30 00:00:00-04:00,152.81053283230597,154.58739567174663,151.0336699928653,153.9951171875,1656,0.0,0.0
2009-07-31 00:00:00-04:00,153.99512306051795,153.99512306051795,147.47993624517738,152.21824645996094,2112,0.0,0.0
2009-08-03 00:00:00-04:00,152.21823762252248,153.40282195411962,147.47992768283424,148.0722198486328,2329,0.0,0.0
2009-08-04 00:00:00-04:00,143.33391709575224,148.6645194685171,139.7801776161254,146.2953643798828,3695,0.0,0.0
2009-08-05 00:00:00-04:00,146.29535912251032,152.2182397845719,145.70306694829907,151.62596130371094,2547,0.0,0.0
2009-08-06 00:00:00-04:00,152.2182456712886,152.81053786840548,145.70307258305533,149.84909057617188,3995,0.0,0.0
2009-08-07 00:00:00-04:00,158.73342245154797,183.60955622957712,156.95654597215304,178.87124633789062,18492,0.0,0.0
2009-08-10 00:00:00-04:00,177.68666170867562,182.42497159210563,171.7637675077131,180.05581665039062,3877,0.0,0.0
2009-08-11 00:00:00-04:00,178.27895292222755,179.46352354012961,172.94835090829352,177.68666076660156,3180,0.0,0.0
2009-08-12 00:00:00-04:00,177.09437253791404,186.57099246466726,173.54064691205664,185.9787139892578,4664,0.0,0.0
2009-08-13 00:00:00-04:00,186.57099060740111,186.57099060740111,180.05581789595266,181.2404022216797,2397,0.0,0.0
2009-08-14 00:00:00-04:00,181.2404009679231,183.01726375087188,177.68666170867562,180.05581665039062,2252,0.0,0.0
2009-08-17 00:00:00-04:00,178.87124633789062,183.01726406977883,174.72521491265243,178.87124633789062,2783,0.0,0.0
2009-08-18 00:00:00-04:00,180.0558236760176,181.83268652829807,175.31751360770272,179.46353149414062,2217,0.0,0.0
2009-08-19 00:00:00-04:00,179.46353394593473,190.12473859196967,178.87125544931664,186.5709991455078,4211,0.0,0.0
2009-08-20 00:00:00-04:00,186.57099121903428,186.57099121903428,179.46352632142205,184.79412841796875,1848,0.0,0.0
2009-08-21 00:00:00-04:00,186.57099213404777,189.53243927924777,184.79412932426783,187.1632843017578,3659,0.0,0.0
2009-08-24 00:00:00-04:00,188.34787609547675,188.94015459328998,183.60956595286672,185.3864288330078,2041,0.0,0.0
2009-08-25 00:00:00-04:00,186.57099213404777,188.34786863717787,183.60955868219793,187.1632843017578,889,0.0,0.0
2009-08-26 00:00:00-04:00,185.97871488001138,189.5324405228895,184.79413053681853,188.34786987304688,1071,0.0,0.0
2009-08-27 00:00:00-04:00,185.97871488001138,188.34786987304688,180.05582055074754,188.34786987304688,1180,0.0,0.0
2009-08-28 00:00:00-04:00,189.53243868391445,189.53243868391445,183.01726593961914,183.60955810546875,886,0.0,0.0
2009-08-31 00:00:00-04:00,183.60956430125978,184.7941349795815,177.09437764376344,180.6481170654297,2136,0.0,0.0
2009-09-01 00:00:00-04:00,180.0558299763621,187.1632953275322,176.50209045410156,176.50209045410156,2355,0.0,0.0
2009-09-02 00:00:00-04:00,176.50208463244252,180.05582403748824,176.50208463244252,178.27896118164062,850,0.0,0.0
2009-09-03 00:00:00-04:00,178.87124694993008,182.4249725341797,175.90979983415542,182.4249725341797,1529,0.0,0.0
2009-09-04 00:00:00-04:00,181.24041243059673,190.12474060058594,179.46353584191823,190.12474060058594,1923,0.0,0.0
2009-09-08 00:00:00-04:00,192.49389530314446,192.49389530314446,187.75558512961203,191.30931091308594,767,0.0,0.0
2009-09-09 00:00:00-04:00,191.90159606933594,192.49388824264042,190.12473324277272,191.90159606933594,1373,0.0,0.0
2009-09-10 00:00:00-04:00,191.30930644519745,199.00906372070312,190.1247357761545,199.00906372070312,1865,0.0,0.0
2009-09-11 00:00:00-04:00,199.00905608634048,200.19364040329097,196.04762268066406,196.04762268066406,1071,0.0,0.0
2009-09-14 00:00:00-04:00,199.00905853925087,204.33966064453125,196.63990356949847,204.33966064453125,1752,0.0,0.0
2009-09-15 00:00:00-04:00,203.74736755667757,204.33965971977273,199.60134980171165,201.9705047607422,803,0.0,0.0
2009-09-16 00:00:00-04:00,201.97051215296162,202.56280433773497,199.0090649224455,200.1936492919922,1447,0.0,0.0
2009-09-17 00:00:00-04:00,200.19364893043544,206.11652968742018,199.00906456302818,201.3782196044922,973,0.0,0.0
2009-09-18 00:00:00-04:00,201.9705074407081,210.26255675401805,201.37821526975375,209.07797241210938,5244,0.0,0.0
2009-09-21 00:00:00-04:00,207.30111967141715,216.77774009403151,207.30111967141715,213.22401428222656,1911,0.0,0.0
2009-09-22 00:00:00-04:00,214.40857925015933,222.70062874470216,213.81628706625972,219.7391815185547,2377,0.0,0.0
2009-09-23 00:00:00-04:00,222.70062517941216,222.70062517941216,209.67026580898104,210.26255798339844,1735,0.0,0.0
2009-09-24 00:00:00-04:00,208.48570012624876,217.37002818101533,202.56280562750393,206.1165313720703,2392,0.0,0.0
2009-09-25 00:00:00-04:00,206.7088174216423,212.63171174448513,203.15509178261675,209.07797241210938,1056,0.0,0.0
2009-09-28 00:00:00-04:00,210.8548468080776,220.92374514646255,207.8933996763879,220.3314666748047,1085,0.0,0.0
2009-09-29 00:00:00-04:00,219.73918739943622,235.1386887395091,212.03942988272433,213.22401428222656,5667,0.0,0.0
2009-09-30 00:00:00-04:00,218.55459455580825,222.10833392366098,207.30111166208357,212.6317138671875,2361,0.0,0.0
2009-10-01 00:00:00-04:00,210.8548464635238,212.03941709825398,200.7859344482422,200.7859344482422,1720,0.0,0.0
2009-10-02 00:00:00-04:00,201.3782196044922,204.33966682965982,195.45533884750742,201.3782196044922,3476,0.0,0.0
2009-10-05 00:00:00-04:00,201.970512623175,209.07797777695046,200.78594194422107,203.74737548828125,1371,0.0,0.0
2009-10-06 00:00:00-04:00,206.1165269729929,217.37002354175823,204.9319563145362,213.8162841796875,2008,0.0,0.0
2009-10-07 00:00:00-04:00,213.81627811752293,219.7391723219302,210.85484470866925,216.77772521972656,5815,0.0,0.0
2009-10-08 00:00:00-04:00,217.37002442007005,217.9623165983668,214.40857722193672,216.18544006347656,4148,0.0,0.0
2009-10-09 00:00:00-04:00,213.2240008775892,219.73917358521302,212.03941655255755,217.96231079101562,2668,0.0,0.0
2009-10-12 00:00:00-04:00,216.77772521972656,217.962309537948,215.00086243574435,216.77772521972656,1486,0.0,0.0
2009-10-13 00:00:00-04:00,219.14688048033992,219.73917264030882,210.85484501417542,215.59315490722656,3335,0.0,0.0
2009-10-14 00:00:00-04:00,221.51603637941042,226.25434629283683,214.40857150927079,217.96231079101562,3336,0.0,0.0
2009-10-15 00:00:00-04:00,215.59316157853021,217.9623165983668,208.48569651902048,216.18544006347656,1264,0.0,0.0
2009-10-16 00:00:00-04:00,215.00086673495224,216.18543738351067,207.89340176355094,209.07797241210938,1774,0.0,0.0
2009-10-19 00:00:00-04:00,210.85485102993633,218.55459455580825,209.67026667620195,212.6317138671875,2814,0.0,0.0
2009-10-20 00:00:00-04:00,213.22400299396116,213.22400299396116,206.7088165283203,206.7088165283203,2012,0.0,0.0
2009-10-21 00:00:00-04:00,206.70882099620883,211.44713105908147,197.8244930516602,199.00906372070312,2715,0.0,0.0
2009-10-22 00:00:00-04:00,197.82449219417276,200.19364721533978,195.45533717300574,196.63990783691406,2994,0.0,0.0
2009-10-23 00:00:00-04:00,197.82448449931027,200.785931583914,192.49388248569355,193.678466796875,3456,0.0,0.0
2009-10-26 00:00:00-04:00,193.67847969320295,196.04763477996914,190.7170324114075,191.30931091308594,3189,0.0,0.0
2009-10-27 00:00:00-04:00,191.30931129968744,192.49389569213977,190.12474060058594,190.12474060058594,2071,0.0,0.0
2009-10-28 00:00:00-04:00,190.71703160688907,207.3011171442944,188.34787653011688,188.94015502929688,3853,0.0,0.0
2009-10-29 00:00:00-04:00,190.7170262838293,206.11652700636122,190.7170262838293,194.270751953125,4286,0.0,0.0
2009-10-30 00:00:00-04:00,195.45534378434326,200.1936539869521,190.12474138307059,192.493896484375,3289,0.0,0.0
2009-11-02 00:00:00-05:00,194.8630507836936,194.8630507836936,188.34787770525824,190.12474060058594,2020,0.0,0.0
2009-11-03 00:00:00-05:00,190.71702452663132,193.67847168599226,187.16328519672817,189.53244018554688,2742,0.0,0.0
2009-11-04 00:00:00-05:00,191.30931208704735,196.63991448832004,189.53244918440674,192.493896484375,3039,0.0,0.0
2009-11-05 00:00:00-05:00,193.67847598974706,202.56280397189946,193.67847598974706,201.3782196044922,3686,0.0,0.0
2009-11-06 00:00:00-05:00,197.8244942462494,206.11653005967386,196.63990987670272,200.1936492919922,2182,0.0,0.0
2009-11-09 00:00:00-05:00,201.97051651501002,211.447136902652,200.19365361566486,210.8548583984375,4226,0.0,0.0
2009-11-10 00:00:00-05:00,215.00086708249984,216.77772990488486,204.33966276148902,207.89340209960938,3456,0.0,0.0
2009-11-11 00:00:00-05:00,211.44712863888293,213.22400516213511,209.07797363456365,210.26255798339844,2362,0.0,0.0
2009-11-12 00:00:00-05:00,211.44712493421386,215.00086422510446,199.60135012016198,200.7859344482422,2279,0.0,0.0
2009-11-13 00:00:00-05:00,201.37822431744468,210.8548583984375,201.37822431744468,210.8548583984375,7385,0.0,0.0
2009-11-16 00:00:00-05:00,266.5299987792969,274.8220344220197,247.57675880353005,266.5299987792969,54059,0.0,0.0
2009-11-17 00:00:00-05:00,268.89917379279035,310.9516725545512,268.89917379279035,305.0287780761719,47258,0.0,0.0
2009-11-18 00:00:00-05:00,313.32084605532884,313.91311086412355,281.3372318187396,292.5907287597656,17942,0.0,0.0
2009-11-19 00:00:00-05:00,289.03695347036427,290.2215377707152,274.8220240262512,277.1911926269531,7998,0.0,0.0
2009-11-20 00:00:00-05:00,275.41433501032384,296.1444521372733,270.67602487159553,290.2215576171875,7835,0.0,0.0
2009-11-23 00:00:00-05:00,296.1444438781243,300.2904617105459,280.15263733589745,283.7063903808594,5867,0.0,0.0
2009-11-24 00:00:00-05:00,285.4832474784592,290.2215576171875,281.9295217210883,290.2215576171875,5294,0.0,0.0
2009-11-25 00:00:00-05:00,292.5907052338101,293.775262142856,286.0755189939107,291.9984130859375,4280,0.0,0.0
2009-11-27 00:00:00-05:00,280.74492196635674,288.4446926368451,279.5603376498662,286.6678161621094,2633,0.0,0.0
2009-11-30 00:00:00-05:00,286.6678341915045,293.7752857640566,276.598921641471,292.5907287597656,7561,0.0,0.0
2009-12-01 00:00:00-05:00,293.7752640944788,299.69815822585286,293.7752640944788,296.7367248535156,7836,0.0,0.0
2009-12-02 00:00:00-05:00,296.14444912960374,304.4364849414883,293.1830155929881,297.92132568359375,7214,0.0,0.0
2009-12-03 00:00:00-05:00,298.5136058410857,299.10587061518544,292.59071161978795,293.7752685546875,5641,0.0,0.0
2009-12-04 00:00:00-05:00,299.10586607404554,301.47503468127496,293.182999329371,296.7367248535156,4486,0.0,0.0
2009-12-07 00:00:00-05:00,296.1444327017083,297.9213091571304,290.2215385703342,296.7367248535156,3745,0.0,0.0
2009-12-08 00:00:00-05:00,294.95985715757627,307.9902301109048,293.7752728187827,300.88275146484375,8127,0.0,0.0
2009-12-09 00:00:00-05:00,306.21336319214123,307.9902397559766,301.47505307528166,302.6596374511719,3444,0.0,0.0
2009-12-10 00:00:00-05:00,304.4364777736228,304.4364777736228,297.32902649840776,298.51361083984375,2635,0.0,0.0
2009-12-11 00:00:00-05:00,299.69818115234375,302.0673499408113,296.1444553563441,299.69818115234375,3402,0.0,0.0
2009-12-14 00:00:00-05:00,300.88276088733653,305.028778816251,299.10588432350124,302.6596374511719,2009,0.0,0.0
2009-12-15 00:00:00-05:00,300.88275849182327,306.21336075418776,299.6981741253643,300.29046630859375,3511,0.0,0.0
2009-12-16 00:00:00-05:00,302.65964601625575,310.35938990403764,302.06735381154914,306.8056640625,5042,0.0,0.0
2009-12-17 00:00:00-05:00,304.43649371515124,306.8056625220825,301.4750600931891,302.0673522949219,2642,0.0,0.0
2009-12-18 00:00:00-05:00,302.0673499408113,307.9902445252785,299.1058889552269,299.69818115234375,7786,0.0,0.0
2009-12-21 00:00:00-05:00,299.6981695621544,309.7670817503444,297.32902825201,303.2519226074219,2989,0.0,0.0
2009-12-22 00:00:00-05:00,303.2519219275886,310.9516654016723,296.7367354125713,305.6210632324219,3635,0.0,0.0
2009-12-23 00:00:00-05:00,305.6210639175663,309.17478957613315,299.10587738794317,303.2519226074219,4841,0.0,0.0
2009-12-24 00:00:00-05:00,303.25192930848584,303.25192930848584,281.9295201125146,285.4832458496094,8218,0.0,0.0
2009-12-28 00:00:00-05:00,286.0755396691379,291.99843418922364,278.96806076769474,290.2215576171875,2985,0.0,0.0
2009-12-29 00:00:00-05:00,290.22155596130284,291.4061403359015,284.2986614750107,285.4832458496094,2635,0.0,0.0
2009-12-30 00:00:00-05:00,284.89093469816544,291.9984130859375,282.5217934933744,291.9984130859375,3111,0.0,0.0
2009-12-31 00:00:00-05:00,293.18301857058105,296.73674432795195,290.2215576171875,290.2215576171875,2674,0.0,0.0
2010-01-04 00:00:00-05:00,295.5521631592272,299.69818115234375,292.5907295603444,299.69818115234375,2218,0.0,0.0
2010-01-05 00:00:00-05:00,296.14444215697176,300.8827521360153,294.95985781553577,298.51361083984375,1764,0.0,0.0
2010-01-06 00:00:00-05:00,306.8056493291189,313.3208358813182,305.028772800328,310.359375,9165,0.0,0.0
2010-01-07 00:00:00-05:00,310.95167659790866,313.3208453747476,304.43648984830327,312.1362609863281,3570,0.0,0.0
2010-01-08 00:00:00-05:00,310.9516688974838,316.8745633062046,307.99023538647384,315.0976867675781,5756,0.0,0.0
2010-01-11 00:00:00-05:00,316.87456738002413,324.5743110396605,313.91310644424004,322.2051696777344,4673,0.0,0.0
2010-01-12 00:00:00-05:00,322.20516894618726,326.35118686017057,318.65141583131486,324.5743103027344,7885,0.0,0.0
2010-01-13 00:00:00-05:00,325.1665859396609,326.9434624066655,318.0591348450419,323.38970947265625,3288,0.0,0.0
2010-01-14 00:00:00-05:00,322.7974472006849,331.6817748310332,318.6514020789358,325.7588806152344,4562,0.0,0.0
2010-01-15 00:00:00-05:00,326.9434763235997,326.9434763235997,309.7670852381772,312.7285461425781,4308,0.0,0.0
2010-01-19 00:00:00-05:00,314.5053900405377,321.0205765345963,311.5439565723477,318.05914306640625,2242,0.0,0.0
2010-01-20 00:00:00-05:00,313.91311574557534,318.6514259965262,296.73675135589167,306.8056640625,3324,0.0,0.0
2010-01-21 00:00:00-05:00,306.2133542857768,310.95166426482035,298.51361083984375,298.51361083984375,3286,0.0,0.0
2010-01-22 00:00:00-05:00,299.1058889552269,305.0287835396941,297.92133194769474,299.69818115234375,3320,0.0,0.0
2010-01-25 00:00:00-05:00,303.2519105329123,311.54394586830654,298.5136007145871,299.1058654785156,2250,0.0,0.0
2010-01-26 00:00:00-05:00,297.9213161946613,302.06733396855094,296.1444396972656,296.1444396972656,3209,0.0,0.0
2010-01-27 00:00:00-05:00,293.77528656787655,300.2904733494606,291.40614516611066,299.69818115234375,3618,0.0,0.0
2010-01-28 00:00:00-05:00,299.6981562348828,300.88274053062804,291.4061209380649,291.9984130859375,2976,0.0,0.0
2010-01-29 00:00:00-05:00,294.36758354330834,299.6981860171876,285.4832552157437,287.2601318359375,4642,0.0,0.0
2010-02-01 00:00:00-05:00,307.39793347968225,307.39793347968225,291.99841945898817,293.7752685546875,4291,0.0,0.0
2010-02-02 00:00:00-05:00,296.14444497390383,296.14444497390383,290.8138427734375,290.8138427734375,5764,0.0,0.0
2010-02-03 00:00:00-05:00,290.22155921987104,296.73674596661414,289.03697483197203,294.9598693847656,2123,0.0,0.0
2010-02-04 00:00:00-05:00,291.99844210308544,296.1444601635021,286.66783962920624,287.2601318359375,5294,0.0,0.0
2010-02-05 00:00:00-05:00,284.8909560310674,289.0369739899341,278.37579669000615,287.8524169921875,3817,0.0,0.0
2010-02-08 00:00:00-05:00,288.44471543751126,293.18302569132226,288.44471543751126,289.6292724609375,2098,0.0,0.0
2010-02-09 00:00:00-05:00,289.0369523465744,295.55213858647386,281.33720919762914,291.9984130859375,3897,0.0,0.0
2010-02-10 00:00:00-05:00,289.6292624850081,297.92132568359375,288.44470550238253,297.92132568359375,2521,0.0,0.0
2010-02-11 00:00:00-05:00,296.1444432396879,306.2133554053053,293.1830097619712,305.6210632324219,3091,0.0,0.0
2010-02-12 00:00:00-05:00,300.2904535735194,309.7670733298936,294.36755937911056,308.5824890136719,2236,0.0,0.0
2010-02-16 00:00:00-05:00,310.9516742231226,312.13625860249516,307.3979484717061,309.76708984375,1533,0.0,0.0
2010-02-17 00:00:00-05:00,310.9516742231226,313.91310778485274,305.02877971296095,309.76708984375,3418,0.0,0.0
2010-02-18 00:00:00-05:00,310.3593679933579,312.1362444820342,306.80564240270536,310.95166015625,1638,0.0,0.0
2010-02-19 00:00:00-05:00,310.9516654016723,312.7285419203226,302.6596297547052,305.6210632324219,2429,0.0,0.0
2010-02-22 00:00:00-05:00,305.62105370937724,310.35936355810014,299.10586739737084,303.84417724609375,1950,0.0,0.0
2010-02-23 00:00:00-05:00,304.43647375113693,313.32082880781843,299.1058716718081,310.95166015625,14995,0.0,0.0
2010-02-24 00:00:00-05:00,313.91308787481785,321.6128584656781,313.91308787481785,318.6513977050781,3335,0.0,0.0
2010-02-25 00:00:00-05:00,312.72853847870243,316.28226409019334,303.25191859025995,315.6899719238281,1447,0.0,0.0
2010-02-26 00:00:00-05:00,315.09769216422535,315.09769216422535,307.3979484717061,309.76708984375,2539,0.0,0.0
2010-03-01 00:00:00-05:00,313.9130903528104,322.20515316124715,312.7285334259193,321.02056884765625,4942,0.0,0.0
2010-03-02 00:00:00-05:00,319.8359939627043,323.38971962153977,314.50539178110085,322.7974548339844,3565,0.0,0.0
2010-03-03 00:00:00-05:00,323.3897242447966,324.5743086102437,319.2437063524327,319.83599853515625,2611,0.0,0.0
2010-03-04 00:00:00-05:00,319.83600714254334,325.16660954381086,318.65142274521685,323.9820251464844,1995,0.0,0.0
2010-03-05 00:00:00-05:00,324.574319680289,328.7203377140585,321.61288605236854,326.3511962890625,2885,0.0,0.0
2010-03-08 00:00:00-05:00,338.78922789988553,339.973812227096,325.1665902970655,330.4971923828125,3753,0.0,0.0
2010-03-09 00:00:00-05:00,328.7203298815008,336.4201009493515,322.7974627667865,329.3126220703125,2482,0.0,0.0
2010-03-10 00:00:00-05:00,342.93527744714095,342.93527744714095,326.9434709846244,337.60467529296875,4558,0.0,0.0
2010-03-11 00:00:00-05:00,339.9738210839563,354.7810433997385,337.60467975451553,354.1887512207031,14194,0.0,0.0
2010-03-12 00:00:00-05:00,355.3733505281098,355.3733505281098,348.85816367134987,350.6350402832031,6030,0.0,0.0
2010-03-15 00:00:00-04:00,348.8581479733211,351.8196088598158,340.5661122645374,347.081298828125,3986,0.0,0.0
2010-03-16 00:00:00-04:00,348.2658621088399,351.8196152370504,344.11984417929557,348.858154296875,4717,0.0,0.0
2010-03-17 00:00:00-04:00,350.6350332473869,353.00417462895024,348.85815667118834,351.2273254394531,3298,0.0,0.0
2010-03-18 00:00:00-04:00,352.41191609230316,353.59647311080505,348.85816287669167,353.0041809082031,2912,0.0,0.0
2010-03-19 00:00:00-04:00,354.781047473363,363.66537548750273,350.6350295592112,361.2962341308594,10402,0.0,0.0
2010-03-22 00:00:00-04:00,361.88852102399835,369.5882645538554,355.96562663896174,366.6268310546875,5645,0.0,0.0
2010-03-23 00:00:00-04:00,376.1034504056463,380.2494682513303,361.29622816437444,368.9959716796875,8261,0.0,0.0
2010-03-24 00:00:00-04:00,367.2191171170865,369.5882583996308,353.59645204233084,354.7810363769531,5285,0.0,0.0
2010-03-25 00:00:00-04:00,349.450444809352,358.33477281387684,343.5275503441017,344.1198425292969,4639,0.0,0.0
2010-03-26 00:00:00-04:00,346.4890191493212,349.45045275593947,335.2355221481086,341.1584167480469,5482,0.0,0.0
2010-03-29 00:00:00-04:00,343.5275613800224,353.00418187418154,332.86638386411994,333.4586486816406,23897,0.0,0.0
2010-03-30 00:00:00-04:00,332.8663831345299,337.6046933712238,323.98202747736457,326.3511962890625,6120,0.0,0.0
2010-03-31 00:00:00-04:00,323.9820041344847,326.94346493573414,319.2436942391857,325.7588806152344,10756,0.0,0.0
2010-04-01 00:00:00-04:00,325.1665954589844,328.1280563240228,322.2051619806465,325.1665954589844,3988,0.0,0.0
2010-04-05 00:00:00-04:00,327.5357695238615,328.1280617065851,313.32083929859914,319.83599853515625,6738,0.0,0.0
2010-04-06 00:00:00-04:00,317.4668508954282,322.79745304753055,316.28226655347197,318.05914306640625,4667,0.0,0.0
2010-04-07 00:00:00-04:00,315.6899719238281,316.8745562565585,305.0287677026553,315.6899719238281,7270,0.0,0.0
2010-04-08 00:00:00-04:00,313.91310644424004,327.53577197544456,309.76708852084346,322.2051696777344,6574,0.0,0.0
2010-04-09 00:00:00-04:00,323.3897144396894,331.08948519493924,317.4668475654359,328.1280517578125,4436,0.0,0.0
2010-04-12 00:00:00-04:00,329.9049106187064,339.97382294399466,329.9049106187064,339.38153076171875,5618,0.0,0.0
2010-04-13 00:00:00-04:00,339.3815441625201,345.3044388324491,329.9049236453144,331.0895080566406,17555,0.0,0.0
2010-04-14 00:00:00-04:00,331.0895026039915,337.6046893722863,329.904918212174,336.42010498046875,3729,0.0,0.0
2010-04-15 00:00:00-04:00,335.23551287248847,340.5661151262705,335.23551287248847,339.38153076171875,5444,0.0,0.0
2010-04-16 00:00:00-04:00,339.3815361767252,339.3815361767252,334.0509338378906,334.0509338378906,6273,0.0,0.0
2010-04-19 00:00:00-04:00,327.5357728905787,336.4201009493515,327.5357728905787,329.3126220703125,2935,0.0,0.0
2010-04-20 00:00:00-04:00,331.68178548447156,337.6046798905105,329.3126167673757,334.6432189941406,2968,0.0,0.0
2010-04-21 00:00:00-04:00,335.82779631725634,337.60467281785355,326.351176420805,335.2355041503906,18533,0.0,0.0
2010-04-22 00:00:00-04:00,329.9049026852277,334.64321264278806,319.8359906020744,332.8663635253906,4089,0.0,0.0
2010-04-23 00:00:00-04:00,332.27409246796685,332.27409246796685,328.72033923398817,331.0895080566406,2870,0.0,0.0
2010-04-26 00:00:00-04:00,331.68179082555923,333.45864000529303,329.3126220703125,329.3126220703125,3015,0.0,0.0
2010-04-27 00:00:00-04:00,328.7203158919968,336.4200866321647,325.1665902970655,330.4971923828125,4971,0.0,0.0
2010-04-28 00:00:00-04:00,332.8663635253906,334.64321264278806,328.72031834916254,332.8663635253906,2605,0.0,0.0
2010-04-29 00:00:00-04:00,334.0509354356965,339.38153780002796,330.4972096550427,338.78924560546875,4456,0.0,0.0
2010-04-30 00:00:00-04:00,337.60467348295094,339.3815226003484,332.8663635253906,332.8663635253906,3383,0.0,0.0
2010-05-03 00:00:00-04:00,333.45862943428017,340.5661080880041,331.08948814083914,339.97381591796875,2224,0.0,0.0
2010-05-04 00:00:00-04:00,335.23551898463796,335.82781117771276,326.3511908619189,331.6817932128906,4438,0.0,0.0
2010-05-05 00:00:00-04:00,329.90489579830677,329.90489579830677,322.7974447036878,323.38970947265625,3141,0.0,0.0
2010-05-06 00:00:00-04:00,322.2051733729356,322.7974655668851,260.6071138426046,294.9598693847656,5911,0.0,0.0
2010-05-07 00:00:00-04:00,296.14444149636984,313.32083224877545,296.14444149636984,300.88275146484375,7930,0.0,0.0
2010-05-10 00:00:00-04:00,317.46685956718096,322.7974618648912,314.5053986313969,322.2051696777344,5729,0.0,0.0
2010-05-11 00:00:00-04:00,319.2436960477133,331.681776710023,315.689970452782,330.4971923828125,5247,0.0,0.0
2010-05-12 00:00:00-04:00,331.6817947999003,338.7892463774022,318.0591564541035,336.42010498046875,6964,0.0,0.0
2010-05-13 00:00:00-04:00,334.0509377507806,341.1584167480469,334.0509377507806,341.1584167480469,5321,0.0,0.0
2010-05-14 00:00:00-04:00,337.01238131491834,340.5661069364136,330.4971948532603,332.8663635253906,3288,0.0,0.0
2010-05-17 00:00:00-04:00,335.82778870458253,341.75068285227724,333.4586200908248,338.1969299316406,6847,0.0,0.0
2010-05-18 00:00:00-04:00,340.56611753137946,354.18875565982637,339.38153315846205,341.7507019042969,10424,0.0,0.0
2010-05-19 00:00:00-04:00,338.78922269244725,343.5275325417577,334.64320499763807,335.8277893066406,4039,0.0,0.0
2010-05-20 00:00:00-04:00,326.35118159901606,332.8663681512153,310.359375,310.359375,9130,0.0,0.0
2010-05-21 00:00:00-04:00,304.4364959317574,323.9820291844441,304.4364959317574,313.9131164550781,6571,0.0,0.0
2010-05-24 00:00:00-04:00,313.9130903528104,330.4971885829841,313.9130903528104,321.02056884765625,4289,0.0,0.0
2010-05-25 00:00:00-04:00,313.9131057315195,326.9434790459826,313.9131057315195,324.5743103027344,5289,0.0,0.0
2010-05-26 00:00:00-04:00,327.53577753013025,338.1969549196526,315.6899883595032,316.87457275390625,7092,0.0,0.0
2010-05-27 00:00:00-04:00,325.16660413533197,335.2355165717281,319.83600182272806,329.3126220703125,4876,0.0,0.0
2010-05-28 00:00:00-04:00,326.9434624066655,329.3126036426386,319.2436917696786,323.38970947265625,10386,0.0,0.0
2010-06-01 00:00:00-04:00,319.24369237726984,330.4971885829841,319.24369237726984,321.02056884765625,4518,0.0,0.0
2010-06-02 00:00:00-04:00,320.4282844880361,337.60467529296875,319.835992316828,337.60467529296875,4033,0.0,0.0
2010-06-03 00:00:00-04:00,339.9738315758641,347.0813105569313,332.2740877841845,343.5275573730469,8630,0.0,0.0
2010-06-04 00:00:00-04:00,335.82780406562796,338.78923758158396,331.6817861886093,332.2740783691406,4241,0.0,0.0
2010-06-07 00:00:00-04:00,333.4586213456162,337.60466643529367,321.6128603923514,323.38970947265625,4617,0.0,0.0
2010-06-08 00:00:00-04:00,325.7588787153202,326.9434630289111,313.9130903528104,321.02056884765625,4868,0.0,0.0
2010-06-09 00:00:00-04:00,325.1665859396609,330.49718795397496,317.4668426893737,323.38970947265625,3473,0.0,0.0
2010-06-10 00:00:00-04:00,329.90490021920726,333.45862581413854,324.5742981334603,330.4971923828125,3373,0.0,0.0
2010-06-11 00:00:00-04:00,325.7589048001496,339.97383554138827,325.7589048001496,333.4586486816406,2832,0.0,0.0
2010-06-14 00:00:00-04:00,338.1969525633105,339.3815369494601,330.49720882674103,331.6817932128906,2012,0.0,0.0
2010-06-15 00:00:00-04:00,335.2354965511431,339.3815142385195,326.9434611763904,338.1969299316406,3645,0.0,0.0
2010-06-16 00:00:00-04:00,335.2355029615968,337.0123794558929,327.5357595930471,328.1280517578125,2627,0.0,0.0
2010-06-17 00:00:00-04:00,331.0895080566406,332.27409246796685,325.7589055923747,331.0895080566406,3112,0.0,0.0
2010-06-18 00:00:00-04:00,332.86636103723345,334.0509179777438,325.1665902970655,330.4971923828125,7683,0.0,0.0
2010-06-21 00:00:00-04:00,335.2355083332587,335.82780050751467,322.20516265972833,322.7974548339844,5141,0.0,0.0
2010-06-22 00:00:00-04:00,323.38971962153977,330.49719832591126,320.4282861369603,322.7974548339844,3927,0.0,0.0
2010-06-23 00:00:00-04:00,321.6128845214844,325.7589025355187,320.42830012127405,321.6128845214844,2895,0.0,0.0
2010-06-24 00:00:00-04:00,318.6513983063287,322.20515122575404,315.68996492684056,316.2822570800781,2921,0.0,0.0
2010-06-25 00:00:00-04:00,316.87455053370553,327.5357545623337,314.5053819110327,323.38970947265625,19305,0.0,0.0
2010-06-28 00:00:00-04:00,322.7974565687506,329.90490792461804,321.02058003643333,327.5357666015625,3086,0.0,0.0
2010-06-29 00:00:00-04:00,320.42827855968545,327.535757095984,316.8745529848862,325.7588806152344,5095,0.0,0.0
2010-06-30 00:00:00-04:00,324.5743110396605,329.90491333737066,319.83600092910706,322.2051696777344,3106,0.0,0.0
2010-07-01 00:00:00-04:00,321.6128750833269,321.6128750833269,309.1747940195342,319.83599853515625,3535,0.0,0.0
2010-07-02 00:00:00-04:00,322.20516799597794,326.3511858977343,316.8745657260909,317.46685791015625,1667,0.0,0.0
2010-07-06 00:00:00-04:00,322.2051662632592,325.1665997809592,312.13625396169795,312.7285461425781,5064,0.0,0.0
2010-07-07 00:00:00-04:00,315.09767828917677,331.08948454641774,313.9130939619663,330.4971923828125,3798,0.0,0.0
2010-07-08 00:00:00-04:00,331.6817861886093,335.82780406562796,325.7588917699964,332.2740783691406,1617,0.0,0.0
2010-07-09 00:00:00-04:00,325.1665972037766,334.6432172493485,325.1665972037766,329.9049072265625,1094,0.0,0.0
2010-07-12 00:00:00-04:00,329.9049125883418,332.8663735174021,324.5743103027344,324.5743103027344,1802,0.0,0.0
2010-07-13 00:00:00-04:00,329.90490964701513,334.64321970456524,324.5743074089337,332.2740783691406,3735,0.0,0.0
2010-07-14 00:00:00-04:00,329.90491500940465,331.6817915798807,325.7588970649951,326.9434814453125,850,0.0,0.0
2010-07-15 00:00:00-04:00,326.3511702509973,328.72031148697033,321.0205682366832,323.38970947265625,1755,0.0,0.0
2010-07-16 00:00:00-04:00,319.8360111288291,325.75890580258005,313.9131164550781,313.9131164550781,3886,0.0,0.0
2010-07-19 00:00:00-04:00,316.28226261638724,332.2740688736282,316.28226261638724,330.4971923828125,2462,0.0,0.0
2010-07-20 00:00:00-04:00,325.16660413533197,330.49720644793587,322.7974627667865,329.3126220703125,1845,0.0,0.0
2010-07-21 00:00:00-04:00,331.0895049497633,332.8663815500788,319.2437157210637,321.6128845214844,2848,0.0,0.0
2010-07-22 00:00:00-04:00,326.9434830549937,331.6817932128906,326.3511908619189,331.6817932128906,3318,0.0,0.0
2010-07-23 00:00:00-04:00,328.72031770156775,335.2355041503906,324.5742999202078,335.2355041503906,3600,0.0,0.0
2010-07-26 00:00:00-04:00,334.05092160431553,346.48900240165733,330.4971959708038,339.97381591796875,10173,0.0,0.0
2010-07-27 00:00:00-04:00,337.0123736156431,342.9352677739561,328.1280460715235,335.8277893066406,4059,0.0,0.0
2010-07-28 00:00:00-04:00,333.45863289697684,339.9738194483203,329.9049072265625,329.9049072265625,3008,0.0,0.0
2010-07-29 00:00:00-04:00,332.27407593130584,335.2355094255343,326.3511815561482,329.9049072265625,1039,0.0,0.0
2010-07-30 00:00:00-04:00,323.9820229015928,342.9352909673833,323.9820229015928,338.78924560546875,5038,0.0,0.0
2010-08-02 00:00:00-04:00,343.5275344767059,344.1198266345433,334.6432068825445,340.56610107421875,2267,0.0,0.0
2010-08-03 00:00:00-04:00,337.60467529296875,342.93527744714095,333.4586300945123,337.60467529296875,2138,0.0,0.0
2010-08-04 00:00:00-04:00,338.7892246007065,344.1198266345433,338.7892246007065,340.56610107421875,6148,0.0,0.0
2010-08-05 00:00:00-04:00,336.42010337078756,342.34299791483414,331.0895010198158,331.6817932128906,1526,0.0,0.0
2010-08-06 00:00:00-04:00,325.1666087413242,329.3126267350331,313.9131117678986,316.87457275390625,3527,0.0,0.0
2010-08-09 00:00:00-04:00,318.65142503774615,326.3511962890625,316.87457581567463,326.3511962890625,2983,0.0,0.0
2010-08-10 00:00:00-04:00,321.6128845214844,339.38154097783195,321.6128845214844,321.6128845214844,3073,0.0,0.0
2010-08-11 00:00:00-04:00,315.689990774671,319.24371659836606,302.0673522949219,302.0673522949219,3824,0.0,0.0
2010-08-12 00:00:00-04:00,296.73674455189024,311.54396716992846,296.14445236076455,307.39794921875,3348,0.0,0.0
2010-08-13 00:00:00-04:00,310.35937209410235,310.35937209410235,297.92131866912575,298.51361083984375,2353,0.0,0.0
2010-08-16 00:00:00-04:00,296.73673777405827,309.17479134349327,296.73673777405827,307.990234375,2397,0.0,0.0
2010-08-17 00:00:00-04:00,311.5439627504284,340.5661153836768,309.1747940195342,319.83599853515625,14588,0.0,0.0
2010-08-18 00:00:00-04:00,319.8360119629331,322.79747300088286,310.3593914148982,311.5439758300781,3438,0.0,0.0
2010-08-19 00:00:00-04:00,310.3593859270444,319.24371411039436,297.92133194769474,299.69818115234375,5098,0.0,0.0
2010-08-20 00:00:00-04:00,299.10586607404554,304.43646805361226,293.182999329371,296.7367248535156,2256,0.0,0.0
2010-08-23 00:00:00-04:00,300.29047822391885,300.8827704306501,287.2601318359375,287.2601318359375,2715,0.0,0.0
2010-08-24 00:00:00-04:00,283.11411147431033,290.22156312391036,283.11411147431033,284.8909606933594,2865,0.0,0.0
2010-08-25 00:00:00-04:00,283.70639143061624,294.36756844484813,281.3372227252086,290.8138427734375,3826,0.0,0.0
2010-08-26 00:00:00-04:00,291.40614275883013,292.5907271432782,287.8524169921875,287.8524169921875,2162,0.0,0.0
2010-08-27 00:00:00-04:00,292.5907200061712,295.55215350835215,282.5218077573748,288.4447021484375,4083,0.0,0.0
2010-08-30 00:00:00-04:00,286.07552208777884,290.81383193530456,281.92950439453125,281.92950439453125,2377,0.0,0.0
2010-08-31 00:00:00-04:00,282.52182156878956,289.6292732761604,280.7449449485958,287.2601318359375,6785,0.0,0.0
2010-09-01 00:00:00-04:00,291.4061297575774,296.1444396972656,289.6292532601817,296.1444396972656,3409,0.0,0.0
2010-09-02 00:00:00-04:00,297.32902825201,303.84418739493253,293.77527520674255,303.2519226074219,2453,0.0,0.0
2010-09-03 00:00:00-04:00,305.62107573681095,305.62107573681095,289.62926857476,299.69818115234375,2333,0.0,0.0
2010-09-07 00:00:00-04:00,297.921310399943,297.921310399943,281.33721224025305,281.92950439453125,2932,0.0,0.0
2010-09-08 00:00:00-04:00,283.70638970159104,286.0755310058594,280.74492883787997,286.0755310058594,1756,0.0,0.0
2010-09-09 00:00:00-04:00,290.2215576171875,292.5907263799024,285.4832474784592,290.2215576171875,1452,0.0,0.0
2010-09-10 00:00:00-04:00,290.8138338831263,294.3675594458979,283.70638275758296,286.6678161621094,1488,0.0,0.0
2010-09-13 00:00:00-04:00,290.8138505666061,290.8138505666061,284.8909560310674,287.8524169921875,2211,0.0,0.0
2010-09-14 00:00:00-04:00,286.07552400386413,290.8138338831263,284.8909396873736,286.6678161621094,1568,0.0,0.0
2010-09-15 00:00:00-04:00,286.07554509719336,288.44471390486126,284.2986684914424,284.8909606933594,1877,0.0,0.0
2010-09-16 00:00:00-04:00,284.8909423467442,288.44469532938894,277.1911989910809,278.9680480957031,4030,0.0,0.0
2010-09-17 00:00:00-04:00,281.9295293620583,289.03698106942915,280.7449449485958,287.2601318359375,4539,0.0,0.0
2010-09-20 00:00:00-04:00,287.8524065403207,298.51361083984375,283.11409656127717,298.51361083984375,3009,0.0,0.0
2010-09-21 00:00:00-04:00,298.5136225484627,301.4750561315087,293.7752849968666,294.9598693847656,1395,0.0,0.0
2010-09-22 00:00:00-04:00,294.3675556601904,299.1058654785156,293.7752635095623,299.1058654785156,1874,0.0,0.0
2010-09-23 00:00:00-04:00,295.55214312710297,300.8827451531523,289.0369567871094,289.0369567871094,2077,0.0,0.0
2010-09-24 00:00:00-04:00,294.3675708918657,295.5521552544167,290.2215530096381,293.1830139160156,2144,0.0,0.0
2010-09-27 00:00:00-04:00,293.18302569132226,294.36758271474844,286.07554661725476,289.6292724609375,1133,0.0,0.0
2010-09-28 00:00:00-04:00,289.6292532601817,297.9213161946613,286.07552765209056,296.1444396972656,2159,0.0,0.0
2010-09-29 00:00:00-04:00,294.36758271474844,294.36758271474844,287.260131027383,289.6292724609375,1679,0.0,0.0
2010-09-30 00:00:00-04:00,291.99841562205125,291.99841562205125,284.29864501953125,284.29864501953125,2871,0.0,0.0
2010-10-01 00:00:00-04:00,287.2601224115074,288.44470678610605,281.9295201125146,285.4832458496094,1468,0.0,0.0
2010-10-04 00:00:00-04:00,284.2986684914424,287.26012950102734,281.3372348685594,284.8909606933594,4068,0.0,0.0
2010-10-05 00:00:00-04:00,287.8524109764216,296.1444467208614,285.4832422570383,295.5521545410156,2948,0.0,0.0
2010-10-06 00:00:00-04:00,294.36756071548723,296.1444371978866,291.99841945898817,293.7752685546875,2518,0.0,0.0
2010-10-07 00:00:00-04:00,296.1444352840751,296.1444352840751,289.0369567871094,289.0369567871094,2114,0.0,0.0
2010-10-08 00:00:00-04:00,288.4446875854012,293.18299738168275,288.4446875854012,291.9984130859375,1658,0.0,0.0
2010-10-11 00:00:00-04:00,290.8138444889499,296.1444467208614,290.221552309104,295.5521545410156,1459,0.0,0.0
2010-10-12 00:00:00-04:00,295.55215350835215,295.55215350835215,287.2601177928848,288.4447021484375,2724,0.0,0.0
2010-10-13 00:00:00-04:00,289.03698106942915,290.22156548289166,286.075547422475,287.2601318359375,2576,0.0,0.0
2010-10-14 00:00:00-04:00,287.260131027383,290.81385687106575,286.6678388223189,289.6292724609375,2548,0.0,0.0
2010-10-15 00:00:00-04:00,293.18300441593743,293.18300441593743,288.444694505971,291.4061279296875,2192,0.0,0.0
2010-10-18 00:00:00-04:00,291.998442782778,296.1444608528455,289.6292739503382,294.3675842285156,5615,0.0,0.0
2010-10-19 00:00:00-04:00,291.4061279296875,295.55214567757065,287.85240234388766,291.4061279296875,4374,0.0,0.0
2010-10-20 00:00:00-04:00,291.4061297575774,299.1058731395582,290.22154542598025,296.1444396972656,2288,0.0,0.0
2010-10-21 00:00:00-04:00,298.5136178682571,308.58250284743053,291.99843122366144,297.92132568359375,3783,0.0,0.0
2010-10-22 00:00:00-04:00,299.6981653053567,299.6981653053567,294.36756319986995,296.1444396972656,2271,0.0,0.0
2010-10-25 00:00:00-04:00,299.10586607404554,300.29045037766025,294.9598483980935,296.7367248535156,1542,0.0,0.0
2010-10-26 00:00:00-04:00,294.36756071548723,296.7367293586864,293.1830037805877,293.7752685546875,1189,0.0,0.0
2010-10-27 00:00:00-04:00,290.8138583665581,295.55216864473556,290.8138583665581,294.3675842285156,1770,0.0,0.0
2010-10-28 00:00:00-04:00,297.3290293266076,297.3290293266076,289.0369662443818,290.8138427734375,1542,0.0,0.0
2010-10-29 00:00:00-04:00,290.8138427734375,293.18301147884506,289.6292584207337,290.8138427734375,2367,0.0,0.0
2010-11-01 00:00:00-04:00,293.18299738168275,295.55213858647386,290.2215366423196,291.9984130859375,1347,0.0,0.0
2010-11-02 00:00:00-04:00,296.1444327017083,299.10586607404554,290.2215385703342,296.7367248535156,2012,0.0,0.0
2010-11-03 00:00:00-04:00,294.95986307314115,296.14444743569214,291.4061373721891,293.1830139160156,1286,0.0,0.0
2010-11-04 00:00:00-04:00,297.92133272600796,299.1058897366347,293.7752873353583,297.32904052734375,3167,0.0,0.0
2010-11-05 00:00:00-04:00,296.73673607779875,303.84418739493253,293.1830104192319,303.2519226074219,1750,0.0,0.0
2010-11-08 00:00:00-05:00,303.2519201424309,303.2519201424309,294.3675649881795,300.88275146484375,1115,0.0,0.0
2010-11-09 00:00:00-05:00,300.88274816048437,312.72853664492635,299.69816383470015,310.95166015625,6859,0.0,0.0
2010-11-10 00:00:00-05:00,312.7285471158756,319.83599853515625,312.13625493315203,319.83599853515625,6180,0.0,0.0
2010-11-11 00:00:00-05:00,316.28227184115826,319.83599753973846,309.174793057297,312.7285461425781,2305,0.0,0.0
2010-11-12 00:00:00-05:00,308.582503808519,314.5053982868983,305.0287780761719,305.0287780761719,2071,0.0,0.0
2010-11-15 00:00:00-05:00,307.3979562672066,310.35938990403764,305.6210796530868,306.8056640625,2345,0.0,0.0
2010-11-16 00:00:00-05:00,304.4364858896638,306.80565463569604,302.06734453033283,305.0287780761719,2538,0.0,0.0
2010-11-17 00:00:00-05:00,305.0287692639209,306.80564577211123,299.1058749566534,300.88275146484375,4462,0.0,0.0
2010-11-18 00:00:00-05:00,305.62106497659164,310.359375,304.43648062406436,310.359375,2229,0.0,0.0
2010-11-19 00:00:00-05:00,310.9516812969812,310.9516812969812,305.02878665207925,309.1748046875,2047,0.0,0.0
2010-11-22 00:00:00-05:00,310.35937322878885,310.9516654016723,302.06733758182173,305.6210632324219,1588,0.0,0.0
2010-11-23 00:00:00-05:00,302.06732623165607,302.6596183822842,297.921308563959,299.1058654785156,2494,0.0,0.0
2010-11-24 00:00:00-05:00,302.0673399857306,307.990234375,300.88275563053656,307.990234375,2939,0.0,0.0
2010-11-26 00:00:00-05:00,307.3979404402,307.3979404402,303.2519226074219,303.2519226074219,720,0.0,0.0
2010-11-29 00:00:00-05:00,301.47505774369444,302.0673499408113,297.32903975057786,299.69818115234375,3206,0.0,0.0
2010-11-30 00:00:00-05:00,296.73673777405827,307.990234375,296.14444559646125,307.990234375,11109,0.0,0.0
2010-12-01 00:00:00-05:00,312.7285454361103,321.6128733558411,312.1362532565681,315.0976867675781,6933,0.0,0.0
2010-12-02 00:00:00-05:00,316.874556917734,322.7974512070441,312.1362469636261,313.3208312988281,2550,0.0,0.0
2010-12-03 00:00:00-05:00,310.359375,315.09768502340836,308.58249847120914,310.359375,2073,0.0,0.0
2010-12-06 00:00:00-05:00,307.9902267284896,313.9130935840104,307.9902267284896,310.95166015625,2129,0.0,0.0
2010-12-07 00:00:00-05:00,310.9516688974838,318.05914766528895,309.1747923588573,315.0976867675781,2742,0.0,0.0
2010-12-08 00:00:00-05:00,315.68997782618237,331.6817844569353,315.68997782618237,327.5357666015625,5535,0.0,0.0
2010-12-09 00:00:00-05:00,329.9049044539643,338.7892322486844,326.35117881341637,337.60467529296875,4817,0.0,0.0
2010-12-10 00:00:00-05:00,337.01239640849263,339.97382999458716,334.64322763025575,338.78924560546875,2739,0.0,0.0
2010-12-13 00:00:00-05:00,340.566106265482,340.566106265482,333.45862764979336,335.2355041503906,3844,0.0,0.0
2010-12-14 00:00:00-05:00,333.4586486816406,335.23552529430873,331.08950725145183,333.4586486816406,2486,0.0,0.0
2010-12-15 00:00:00-05:00,335.8278033526886,339.9738212209056,331.68178548447156,334.6432189941406,2961,0.0,0.0
2010-12-16 00:00:00-05:00,334.6432189941406,338.78923686235765,332.8663698430195,334.6432189941406,5698,0.0,0.0
2010-12-17 00:00:00-05:00,334.64322839274246,337.6046893722863,326.351192423423,336.42010498046875,9274,0.0,0.0
2010-12-20 00:00:00-05:00,334.05092681486667,338.19694468308364,326.3511832577066,334.6432189941406,7521,0.0,0.0
2010-12-21 00:00:00-05:00,335.23551982481496,339.38153780002796,333.4586432411373,338.78924560546875,2242,0.0,0.0
2010-12-22 00:00:00-05:00,338.1969299316406,339.3815142385195,332.2740631706456,338.1969299316406,1689,0.0,0.0
2010-12-23 00:00:00-05:00,338.19694468308364,338.19694468308364,332.2740776637456,334.6432189941406,1248,0.0,0.0
2010-12-27 00:00:00-05:00,337.6046780908924,353.0041651231247,337.6046780908924,349.450439453125,6874,0.0,0.0
2010-12-28 00:00:00-05:00,352.4119081781817,354.18875735938275,345.8967214825742,346.489013671875,3277,0.0,0.0
2010-12-29 00:00:00-05:00,348.85814092835074,351.22730958970266,345.30441532302314,347.673583984375,3709,0.0,0.0
2010-12-30 00:00:00-05:00,349.4504472316777,351.8196159888809,346.489013671875,346.489013671875,3192,0.0,0.0
2010-12-31 00:00:00-05:00,346.4889978031445,349.4504312273175,342.9352722167969,342.9352722167969,2233,0.0,0.0
2011-01-03 00:00:00-05:00,348.85814092835074,350.0427252590267,343.5275388270092,347.673583984375,6306,0.0,0.0
2011-01-04 00:00:00-05:00,348.2658569573396,350.04273349516154,332.8663698430195,334.6432189941406,5609,0.0,0.0
2011-01-05 00:00:00-05:00,332.86636531000465,337.60467529296875,332.2740731387966,337.60467529296875,2455,0.0,0.0
2011-01-06 00:00:00-05:00,338.78922269244725,340.56609915595106,332.2740637663327,335.8277893066406,2459,0.0,0.0
2011-01-07 00:00:00-05:00,335.8278104130693,339.9738283684514,328.1280666940313,334.0509338378906,2861,0.0,0.0
2011-01-10 00:00:00-05:00,330.4972096550427,341.75070657826484,330.4972096550427,338.78924560546875,5806,0.0,0.0
2011-01-11 00:00:00-05:00,341.7506948862512,344.7121283710289,339.3815261890686,342.3429870605469,4209,0.0,0.0
2011-01-12 00:00:00-05:00,345.8967011597628,346.48899331426406,332.86635592083394,335.8277893066406,3459,0.0,0.0
2011-01-13 00:00:00-05:00,337.6046941111995,337.6046941111995,330.4972150472292,333.4586486816406,2836,0.0,0.0
2011-01-14 00:00:00-05:00,334.0509122442643,339.3815142385195,334.0509122442643,338.1969299316406,2289,0.0,0.0
2011-01-18 00:00:00-05:00,338.78923686235765,338.78923686235765,332.2740776637456,334.6432189941406,4976,0.0,0.0
2011-01-19 00:00:00-05:00,334.64322268813714,339.3815327879325,323.38972593111026,324.5743103027344,3711,0.0,0.0
2011-01-20 00:00:00-05:00,324.57430328597667,326.94347197800744,313.9130989452394,325.1665954589844,3123,0.0,0.0
2011-01-21 00:00:00-05:00,328.72032821671763,328.72032821671763,323.38972593111026,324.5743103027344,3285,0.0,0.0
2011-01-24 00:00:00-05:00,328.72032695390584,342.3429924018481,326.35118560646004,337.01239013671875,3285,0.0,0.0
2011-01-25 00:00:00-05:00,334.64322763025575,339.38153780002796,333.4586432411373,338.78924560546875,3370,0.0,0.0
2011-01-26 00:00:00-05:00,340.566102939841,346.48899716396085,337.6046695211311,345.3044128417969,3252,0.0,0.0
2011-01-27 00:00:00-05:00,345.30441985866474,346.4890042049004,339.3815255141868,344.7121276855469,2768,0.0,0.0
2011-01-28 00:00:00-05:00,342.9352821172755,343.52754690984864,334.05092681486667,334.6432189941406,3152,0.0,0.0
2011-01-31 00:00:00-05:00,335.23551898463796,337.01239556386236,331.0895010198158,331.6817932128906,4497,0.0,0.0
2011-02-01 00:00:00-05:00,332.86635592083394,339.3815148469485,328.72031083932507,335.8277893066406,2014,0.0,0.0
2011-02-02 00:00:00-05:00,334.05092681486667,337.6046798905105,332.2740776637456,334.6432189941406,2073,0.0,0.0
2011-02-03 00:00:00-05:00,332.8663698430195,338.78923686235765,326.9434754369806,334.6432189941406,2252,0.0,0.0
2011-02-04 00:00:00-05:00,332.86638386411994,335.23552529430873,329.3126306387838,333.4586486816406,1765,0.0,0.0
2011-02-07 00:00:00-05:00,332.8663752031826,337.60468532697485,325.16660413533197,329.3126220703125,2662,0.0,0.0
2011-02-08 00:00:00-05:00,329.312629916983,331.6817987286809,325.16661188321353,326.3511962890625,2021,0.0,0.0
2011-02-09 00:00:00-05:00,323.3897189399613,329.3126132833376,323.3897189399613,325.1665954589844,2018,0.0,0.0
2011-02-10 00:00:00-05:00,322.7974681358596,326.94348613980065,322.7974681358596,323.9820251464844,3532,0.0,0.0
2011-02-11 00:00:00-05:00,322.7974618648912,325.1666032268173,320.4282931162639,322.2051696777344,1298,0.0,0.0
2011-02-14 00:00:00-05:00,323.38972067521905,329.9049072265625,321.61287153336224,329.9049072265625,2173,0.0,0.0
2011-02-15 00:00:00-05:00,329.3126036426386,332.8663565766478,323.38970947265625,323.38970947265625,4773,0.0,0.0
2011-02-16 00:00:00-05:00,324.5743057143671,328.7203235697399,324.5743057143671,327.5357666015625,1679,0.0,0.0
2011-02-17 00:00:00-05:00,327.5357683115906,333.45863534350246,325.166599589465,332.2740783691406,2080,0.0,0.0
2011-02-18 00:00:00-05:00,335.23551117341464,336.42009553196255,328.12805979552854,334.6432189941406,2476,0.0,0.0
2011-02-22 00:00:00-05:00,334.64321970456524,336.42009624615935,326.3511839505278,332.2740783691406,2350,0.0,0.0
2011-02-23 00:00:00-05:00,332.27408301437094,335.2355165717281,328.1280650793904,329.3126220703125,2686,0.0,0.0
2011-02-24 00:00:00-05:00,331.68180026230374,333.458649492591,326.9434900037009,331.0895080566406,2353,0.0,0.0
2011-02-25 00:00:00-05:00,331.68177853589646,336.42008848412206,328.72031770156775,335.2355041503906,1821,0.0,0.0
2011-02-28 00:00:00-05:00,337.60467281785355,337.60467281785355,329.31260986843347,335.2355041503906,1836,0.0,0.0
2011-03-01 00:00:00-05:00,335.82778870458253,338.1969299316406,334.0509122442643,338.1969299316406,1655,0.0,0.0
2011-03-02 00:00:00-05:00,337.01239313816313,337.60468532697485,328.1280650793904,329.3126220703125,3035,0.0,0.0
2011-03-03 00:00:00-05:00,334.6432172493485,334.6432172493485,328.72032287419086,329.9049072265625,1936,0.0,0.0
2011-03-04 00:00:00-05:00,329.3126029938263,337.60466577014444,325.75887745351844,335.8277893066406,2356,0.0,0.0
2011-03-07 00:00:00-05:00,336.42010337078756,336.42010337078756,326.3511908619189,331.6817932128906,1782,0.0,0.0
2011-03-08 00:00:00-05:00,329.9049174604835,338.78924560546875,325.7588994852705,338.78924560546875,2721,0.0,0.0
2011-03-09 00:00:00-05:00,326.9434611763904,340.56609854539835,326.9434611763904,338.1969299316406,2385,0.0,0.0
2011-03-10 00:00:00-05:00,333.45863289697684,337.0123859540918,328.72032287419086,329.9049072265625,2765,0.0,0.0
2011-03-11 00:00:00-05:00,329.9048970065451,345.30441095021814,325.7588792883831,340.56610107421875,5914,0.0,0.0
2011-03-14 00:00:00-04:00,335.827795451016,347.673583984375,335.827795451016,347.673583984375,4245,0.0,0.0
2011-03-15 00:00:00-04:00,339.38152790993956,349.45044015062,337.60467876474354,347.081298828125,5700,0.0,0.0
2011-03-16 00:00:00-04:00,345.3044347519932,346.4890191493212,337.6046909427646,341.1584167480469,5006,0.0,0.0
2011-03-17 00:00:00-04:00,346.4890030876889,346.4890030876889,335.82779877934456,337.60467529296875,2158,0.0,0.0
2011-03-18 00:00:00-04:00,339.38153780002796,341.75070657826484,337.01239640849263,338.78924560546875,2773,0.0,0.0
2011-03-21 00:00:00-04:00,341.75069949082234,345.89671738005256,336.4200972370403,339.38153076171875,2165,0.0,0.0
2011-03-22 00:00:00-04:00,340.5661221891464,341.15841438370563,335.82781201937416,338.78924560546875,1353,0.0,0.0
2011-03-23 00:00:00-04:00,337.01237551389414,342.342977547731,333.45862256686974,340.56610107421875,2491,0.0,0.0
2011-03-24 00:00:00-04:00,343.5275344767059,343.5275344767059,338.7892246007065,340.56610107421875,1126,0.0,0.0
2011-03-25 00:00:00-04:00,342.3429845981102,344.1198337215159,337.6046746245277,339.97381591796875,2358,0.0,0.0
2011-03-28 00:00:00-04:00,338.7892479533909,343.5275581560012,336.42010654543657,341.1584167480469,1868,0.0,0.0
2011-03-29 00:00:00-04:00,339.9738315758641,344.11984957036094,339.9738315758641,343.5275573730469,2039,0.0,0.0
2011-03-30 00:00:00-04:00,343.5275433393112,348.2658533375534,340.56610986042256,344.7121276855469,12348,0.0,0.0
2011-03-31 00:00:00-04:00,344.1198425292969,345.30442689968714,342.3429933604126,344.1198425292969,3888,0.0,0.0
2011-04-01 00:00:00-04:00,346.4890112700774,346.4890112700774,339.3815324344369,344.1198425292969,3779,0.0,0.0
2011-04-04 00:00:00-04:00,345.8967127196202,348.2658540301022,340.56611053765994,342.3429870605469,2712,0.0,0.0
2011-04-05 00:00:00-04:00,340.5661245493829,343.5275581560012,339.38154015205487,341.1584167480469,2350,0.0,0.0
2011-04-06 00:00:00-04:00,342.9352925624345,343.5275573730469,339.9738315758641,343.5275573730469,2118,0.0,0.0
2011-04-07 00:00:00-04:00,342.93527676814557,343.5275415514805,339.3815237479334,339.97381591796875,1494,0.0,0.0
2011-04-08 00:00:00-04:00,339.38154333716557,343.5275613800224,332.86638386411994,333.4586486816406,1798,0.0,0.0
2011-04-11 00:00:00-04:00,334.64320499763807,337.0123736156431,332.86635592083394,335.8277893066406,1530,0.0,0.0
2011-04-12 00:00:00-04:00,333.4586486816406,334.643233090086,332.86638386411994,333.4586486816406,1629,0.0,0.0
2011-04-13 00:00:00-04:00,334.0509160853327,334.0509160853327,324.5742962947346,325.7588806152344,2135,0.0,0.0
2011-04-14 00:00:00-04:00,323.38972135948893,328.12805877900155,321.61287221387244,327.5357666015625,1829,0.0,0.0
2011-04-15 00:00:00-04:00,325.1665972037766,331.0894915789342,325.1665972037766,329.9049072265625,2071,0.0,0.0
2011-04-18 00:00:00-04:00,325.7588787153202,325.7588787153202,318.0591354503787,321.02056884765625,2764,0.0,0.0
2011-04-19 00:00:00-04:00,321.6128845214844,324.5743181353084,319.8360079211689,321.6128845214844,2371,0.0,0.0
2011-04-20 00:00:00-04:00,323.3897275688969,329.3126220703125,322.7974627667865,329.3126220703125,3192,0.0,0.0
2011-04-21 00:00:00-04:00,329.312608055602,331.08948454641774,325.75888246067075,330.4971923828125,1382,0.0,0.0
2011-04-25 00:00:00-04:00,330.4972150472292,333.4586486816406,328.1280736170404,333.4586486816406,1958,0.0,0.0
2011-04-26 00:00:00-04:00,332.2740631706456,339.97380639195893,330.4971867103273,338.1969299316406,2317,0.0,0.0
2011-04-27 00:00:00-04:00,337.01238941931615,340.5661151262705,329.9049106187064,339.38153076171875,3136,0.0,0.0
2011-04-28 00:00:00-04:00,336.4201057786813,343.5275573730469,336.4201057786813,343.5275573730469,1136,0.0,0.0
2011-04-29 00:00:00-04:00,342.93527923484254,344.1198361967332,335.2355083556996,342.3429870605469,6030,0.0,0.0
2011-05-02 00:00:00-04:00,342.3430011453749,344.1198503546652,338.19695575472684,341.1584167480469,2591,0.0,0.0
2011-05-03 00:00:00-04:00,340.56609854539835,341.75068285227724,334.0509122442643,338.1969299316406,2167,0.0,0.0
2011-05-04 00:00:00-04:00,337.60466767173153,343.5275344767059,331.68177348005736,340.56610107421875,4352,0.0,0.0
2011-05-05 00:00:00-04:00,337.6046909427646,342.3430011453749,336.42010654543657,341.1584167480469,2645,0.0,0.0
2011-05-06 00:00:00-04:00,342.3430003651204,345.8967261623032,337.0123979759954,343.5275573730469,3273,0.0,0.0
2011-05-09 00:00:00-04:00,342.34297942308694,345.3044128417969,332.2740674580932,345.3044128417969,4515,0.0,0.0
2011-05-10 00:00:00-04:00,345.89671203178256,347.0812963780183,335.8277998621803,344.7121276855469,6461,0.0,0.0
2011-05-11 00:00:00-04:00,342.93527744714095,347.67358743010504,337.60467529296875,337.60467529296875,1770,0.0,0.0
2011-05-12 00:00:00-04:00,336.4200909505526,341.1584009335167,331.08948879638046,337.60467529296875,4576,0.0,0.0
2011-05-13 00:00:00-04:00,337.60467348295094,342.9352756085439,328.72031834916254,332.8663635253906,3152,0.0,0.0
2011-05-16 00:00:00-04:00,329.3126132833376,330.497197629353,322.7974541536542,325.1665954589844,3048,0.0,0.0
2011-05-17 00:00:00-04:00,328.1280634176067,329.9049125883418,323.38972593111026,324.5743103027344,3470,0.0,0.0
2011-05-18 00:00:00-04:00,326.35118760113096,328.1280641626014,320.4282931162639,322.2051696777344,2573,0.0,0.0
2011-05-19 00:00:00-04:00,323.9820171614729,324.57430934553827,310.9516712721385,317.46685791015625,4126,0.0,0.0
2011-05-20 00:00:00-04:00,315.689972582532,321.612866871842,312.7285391312271,313.3208312988281,3894,0.0,0.0
2011-05-23 00:00:00-04:00,312.1362504471894,312.1362504471894,300.88275391057687,303.2519226074219,6764,0.0,0.0
2011-05-24 00:00:00-04:00,313.91308787481785,325.7588761438184,312.1362388051575,318.6513977050781,11824,0.0,0.0
2011-05-25 00:00:00-04:00,318.6514096141923,324.5743039700518,311.54395829652145,322.7974548339844,21515,0.0,0.0
2011-05-26 00:00:00-04:00,321.0205853034207,326.35118760113096,319.83600092910706,322.2051696777344,4279,0.0,0.0
2011-05-27 00:00:00-04:00,322.7974618648912,324.5743110396605,319.24370874195023,322.2051696777344,3441,0.0,0.0
2011-05-31 00:00:00-04:00,325.7588806152344,325.7588806152344,317.466845145136,325.7588806152344,6309,0.0,0.0
2011-06-01 00:00:00-04:00,325.7588894227524,328.1280581278069,310.359375,310.359375,2455,0.0,0.0
2011-06-02 00:00:00-04:00,309.7670905965514,311.54396716992846,302.06734688532015,307.39794921875,3118,0.0,0.0
2011-06-03 00:00:00-04:00,303.8442007197362,307.9902461210359,294.36758029016914,304.4364929199219,4015,0.0,0.0
2011-06-06 00:00:00-04:00,303.25192963911695,306.21336319214123,302.06734526322674,302.6596374511719,2909,0.0,0.0
2011-06-07 00:00:00-04:00,305.6210639175663,310.35937392455565,302.6596304332106,303.2519226074219,18753,0.0,0.0
2011-06-08 00:00:00-04:00,301.4750392583845,310.35936689698116,290.8138351373886,293.7752685546875,5895,0.0,0.0
2011-06-09 00:00:00-04:00,292.5907052338101,295.55213858647386,285.48322684603806,291.9984130859375,9173,0.0,0.0
2011-06-10 00:00:00-04:00,289.6292601292582,296.1444467208614,274.82203779321515,295.5521545410156,19574,0.0,0.0
2011-06-13 00:00:00-04:00,297.32902751456044,307.397939677777,286.0755310058594,286.0755310058594,2956,0.0,0.0
2011-06-14 00:00:00-04:00,288.4447162494,290.8138576896229,284.2986708022812,287.2601318359375,2488,0.0,0.0
2011-06-15 00:00:00-04:00,283.70640447553075,293.18302495949774,280.7449434576023,282.5218200683594,3591,0.0,0.0
2011-06-16 00:00:00-04:00,282.5218146488728,294.36757633324873,281.33723026442476,287.8524169921875,3909,0.0,0.0
2011-06-17 00:00:00-04:00,289.6292489440815,294.95985097013084,287.2601077028928,289.0369567871094,4268,0.0,0.0
2011-06-20 00:00:00-04:00,289.0369523465744,291.9984130859375,286.6678111417833,291.9984130859375,2458,0.0,0.0
2011-06-21 00:00:00-04:00,294.3675556601904,302.06732623165607,293.18299874563377,299.1058654785156,3745,0.0,0.0
2011-06-22 00:00:00-04:00,297.329017005323,301.47503468127496,296.1444327017083,296.7367248535156,6292,0.0,0.0
2011-06-23 00:00:00-04:00,294.36757578738747,310.3593827876771,291.9984344095861,307.39794921875,6345,0.0,0.0
2011-06-24 00:00:00-04:00,306.80566013104476,310.3593859270444,299.1058889552269,299.69818115234375,9242,0.0,0.0
2011-06-27 00:00:00-04:00,299.6981811951672,324.57431654412267,299.6981811951672,316.87457275390625,7595,0.0,0.0
2011-06-28 00:00:00-04:00,317.4668696913499,320.4283033348744,312.7285594296896,313.9131164550781,4224,0.0,0.0
2011-06-29 00:00:00-04:00,313.9131048057642,319.8359992597166,310.9516712721385,317.46685791015625,3132,0.0,0.0
2011-06-30 00:00:00-04:00,319.24368985719815,326.9434604480583,310.9516545009175,318.6513977050781,5676,0.0,0.0
2011-07-01 00:00:00-04:00,317.46686650745005,323.9820259352032,316.2822821072397,321.6128845214844,2809,0.0,0.0
2011-07-05 00:00:00-04:00,321.02057470424097,321.02057470424097,310.951662628424,313.3208312988281,3100,0.0,0.0
2011-07-06 00:00:00-04:00,313.91311727373574,315.09770168891566,307.9902499712406,311.5439758300781,2635,0.0,0.0
2011-07-07 00:00:00-04:00,312.13625047077744,325.1665961443078,306.213356114918,322.7974548339844,7862,0.0,0.0
2011-07-08 00:00:00-04:00,319.2437172406706,335.82781676245037,313.9131148010522,326.3511962890625,4067,0.0,0.0
2011-07-11 00:00:00-04:00,322.797442769918,322.797442769918,315.09767217905784,318.6513977050781,2988,0.0,0.0
2011-07-12 00:00:00-04:00,318.6514235209586,333.45864636348216,315.0976977070294,321.6128845214844,4402,0.0,0.0
2011-07-13 00:00:00-04:00,324.57429497270834,341.75068538989353,324.57429497270834,340.56610107421875,3948,0.0,0.0
2011-07-14 00:00:00-04:00,338.19693639872355,344.7121228244426,328.1280517578125,328.1280517578125,2580,0.0,0.0
2011-07-15 00:00:00-04:00,328.7203384345611,337.6046941111995,328.1280736170404,333.4586486816406,1965,0.0,0.0
2011-07-18 00:00:00-04:00,104.83513151667803,257.6456683524084,91.80477916541851,111.94259643554688,283718,0.0,0.0
2011-07-19 00:00:00-04:00,111.35031082074323,115.4963285890988,107.79657837072058,110.16573333740234,83317,0.0,0.0
2011-07-20 00:00:00-04:00,110.75801865573526,112.5348883040841,106.6120008873797,110.16573333740234,26274,0.0,0.0
2011-07-21 00:00:00-04:00,110.16573551319264,116.088623046875,109.57344333648682,116.088623046875,29000,0.0,0.0
2011-07-22 00:00:00-04:00,116.08862494249774,124.38067447172993,116.08862494249774,122.60379791259766,27045,0.0,0.0
2011-07-25 00:00:00-04:00,121.41922639337,122.60379706458092,117.86548699303627,120.2346420288086,22488,0.0,0.0
2011-07-26 00:00:00-04:00,120.234642995646,120.82693518268947,117.8654879408227,119.64236450195312,13170,0.0,0.0
2011-07-27 00:00:00-04:00,119.64236114566032,120.23463962273817,113.71946682808002,114.90403747558594,14580,0.0,0.0
2011-07-28 00:00:00-04:00,113.12717644708854,117.273194318966,113.12717644708854,116.68091583251953,12717,0.0,0.0
2011-07-29 00:00:00-04:00,114.31175396000714,117.273194318966,113.12717644708854,116.68091583251953,10318,0.0,0.0
2011-08-01 00:00:00-04:00,117.86548588364212,118.45777806034795,114.90403869346335,116.088623046875,5786,0.0,0.0
2011-08-02 00:00:00-04:00,114.90403747558594,117.86548463437609,113.71946682808002,114.90403747558594,4300,0.0,0.0
2011-08-03 00:00:00-04:00,115.49633087016917,116.088623046875,113.12717585669623,116.088623046875,8923,0.0,0.0
2011-08-04 00:00:00-04:00,112.53488783057762,113.12717314641841,107.7965779171512,108.98115539550781,24335,0.0,0.0
2011-08-05 00:00:00-04:00,109.57344699431025,112.5348942833492,104.83513680918826,106.01971435546875,15173,0.0,0.0
2011-08-08 00:00:00-04:00,104.24284831804978,105.4274258286333,95.95079889729,98.31995391845703,23948,0.0,0.0
2011-08-09 00:00:00-04:00,100.09682157076548,111.94259643554688,98.31995191771074,111.94259643554688,17470,0.0,0.0
2011-08-10 00:00:00-04:00,109.57344615786917,111.94260123234496,101.28140339720389,103.65055847167969,17126,0.0,0.0
2011-08-11 00:00:00-04:00,105.427422960438,109.5734407113486,104.83513079792218,108.98115539550781,4206,0.0,0.0
2011-08-12 00:00:00-04:00,109.57344699431025,110.1657391907882,104.83513680918826,106.01971435546875,4159,0.0,0.0
2011-08-15 00:00:00-04:00,106.61200714111328,108.98116224676687,104.24285203545969,106.61200714111328,4865,0.0,0.0
2011-08-16 00:00:00-04:00,106.01971312746451,106.61200531708208,102.46598052978516,102.46598052978516,9288,0.0,0.0
2011-08-17 00:00:00-04:00,103.05826763595745,107.79658469394008,103.05826763595745,106.61200714111328,10827,0.0,0.0
2011-08-18 00:00:00-04:00,103.65055847167969,107.20429108339337,103.05826627972306,103.65055847167969,6915,0.0,0.0
2011-08-19 00:00:00-04:00,101.87368932268012,105.42742880130857,101.28140397402565,104.24285125732422,3730,0.0,0.0
2011-08-22 00:00:00-04:00,106.6120057381121,108.38886862063127,101.87368874248516,103.65055847167969,5430,0.0,0.0
2011-08-23 00:00:00-04:00,103.05826763595745,107.20429249418896,103.05826763595745,106.61200714111328,3759,0.0,0.0
2011-08-24 00:00:00-04:00,106.61200028351706,110.16573271341096,106.0197081218639,109.57344055175781,2286,0.0,0.0
2011-08-25 00:00:00-04:00,110.1657391907882,112.5348942833492,105.4274290056662,106.01971435546875,2976,0.0,0.0
2011-08-26 00:00:00-04:00,104.83513738853537,108.38887004701576,104.83513738853537,106.61200714111328,4597,0.0,0.0
2011-08-29 00:00:00-04:00,107.79657951513099,115.49632981525275,107.79657951513099,114.31175231933594,5706,0.0,0.0
2011-08-30 00:00:00-04:00,112.5348892211914,114.31175203734581,104.83513209338868,112.5348892211914,4344,0.0,0.0
2011-08-31 00:00:00-04:00,114.31175140850314,116.68091322813449,110.16573362916719,111.94259643554688,8905,0.0,0.0
2011-09-01 00:00:00-04:00,111.94259502450265,111.94259502450265,107.20428513831682,108.38886260986328,6420,0.0,0.0
2011-09-02 00:00:00-04:00,104.83513034711883,111.35030987340163,101.87368324062437,107.79657745361328,10192,0.0,0.0
2011-09-06 00:00:00-04:00,103.058261590682,110.75801865573526,103.058261590682,110.16573333740234,5018,0.0,0.0
2011-09-07 00:00:00-04:00,110.16573333740234,113.12717362241703,106.6120008873797,110.16573333740234,4709,0.0,0.0
2011-09-08 00:00:00-04:00,109.57344024016996,114.3117501332211,107.2042852936444,107.79657745361328,4415,0.0,0.0
2011-09-09 00:00:00-04:00,107.20429108339337,107.79658327535,103.05826627972306,103.65055847167969,8285,0.0,0.0
2011-09-12 00:00:00-04:00,101.87368932268012,106.01971414996304,100.0968264300413,104.24285125732422,2427,0.0,0.0
2011-09-13 00:00:00-04:00,104.83513680918826,107.7965840982272,104.83513680918826,106.01971435546875,3673,0.0,0.0
2011-09-14 00:00:00-04:00,107.20428707937796,114.31175203734581,106.01970958638331,112.5348892211914,6006,0.0,0.0
2011-09-15 00:00:00-04:00,112.53488949879826,114.90403764395678,109.57344233566866,114.31175231933594,1924,0.0,0.0
2011-09-16 00:00:00-04:00,114.31174996759556,114.31174996759556,106.61199982588109,108.38886260986328,6227,0.0,0.0
2011-09-19 00:00:00-04:00,106.6119999803505,109.57344024016996,105.42742250708771,107.79657745361328,3224,0.0,0.0
2011-09-20 00:00:00-04:00,107.79658449602695,111.35031714798274,106.61200694537503,107.20429229736328,3552,0.0,0.0
2011-09-21 00:00:00-04:00,106.61200634529291,108.38886923793174,104.24285125732422,104.24285125732422,3320,0.0,0.0
2011-09-22 00:00:00-04:00,101.8736883401676,104.83513559490473,100.68911080760782,102.46598052978516,5617,0.0,0.0
2011-09-23 00:00:00-04:00,102.46598151801,104.83513660597869,101.28140397402565,104.24285125732422,3483,0.0,0.0
2011-09-26 00:00:00-04:00,104.83513738853537,106.61200714111328,104.24285203545969,106.61200714111328,2258,0.0,0.0
2011-09-27 00:00:00-04:00,107.20429209856391,107.20429209856391,104.83513700165342,105.42742919921875,2708,0.0,0.0
2011-09-28 00:00:00-04:00,105.4274277845223,106.61200531708208,102.46598052978516,102.46598052978516,3803,0.0,0.0
2011-09-29 00:00:00-04:00,104.83513600891759,104.83513600891759,100.68911120524727,103.65055847167969,2320,0.0,0.0
2011-09-30 00:00:00-04:00,101.8736868917879,104.24284876989945,99.50453186035156,99.50453186035156,6917,0.0,0.0
2011-10-03 00:00:00-04:00,99.50453142904054,101.87368645020756,97.72766858650287,98.31995391845703,4091,0.0,0.0
2011-10-04 00:00:00-04:00,98.31995210585883,98.31995210585883,88.84333219589897,93.5816421508789,13217,0.0,0.0
2011-10-05 00:00:00-04:00,94.17393941309422,111.35031735242046,93.5816472133431,106.61200714111328,9877,0.0,0.0
2011-10-06 00:00:00-04:00,106.01971269897962,107.79658241397563,101.28140258789062,101.28140258789062,2661,0.0,0.0
2011-10-07 00:00:00-04:00,102.46598011566287,105.42742735843115,100.68911040066685,101.28140258789062,3738,0.0,0.0
2011-10-10 00:00:00-04:00,103.05826725563283,106.01971455010866,101.87368970717759,105.42742919921875,3336,0.0,0.0
2011-10-11 00:00:00-04:00,104.83513680918826,106.01971435546875,102.46598171662725,106.01971435546875,2862,0.0,0.0
2011-10-12 00:00:00-04:00,106.01971494136217,109.57344759984255,103.05826763595745,106.61200714111328,4464,0.0,0.0
2011-10-13 00:00:00-04:00,106.6119999803505,108.98115492687607,106.01970782038161,107.79657745361328,20008,0.0,0.0
2011-10-14 00:00:00-04:00,108.98116224676687,108.98116224676687,106.61200714111328,106.61200714111328,2027,0.0,0.0
2011-10-17 00:00:00-04:00,106.61200694537503,107.79658449602695,105.4274293947231,107.20429229736328,2632,0.0,0.0
2011-10-18 00:00:00-04:00,107.20428648963431,111.94259643554688,106.01970900315618,111.94259643554688,4503,0.0,0.0
2011-10-19 00:00:00-04:00,111.35031082074323,117.86548355578056,106.6120008873797,110.16573333740234,5926,0.0,0.0
2011-10-20 00:00:00-04:00,110.16573362916719,111.94259643554688,107.20428648963431,111.94259643554688,2055,0.0,0.0
2011-10-21 00:00:00-04:00,113.12717362241703,113.12717362241703,106.6120008873797,110.16573333740234,4474,0.0,0.0
2011-10-24 00:00:00-04:00,110.16573333740234,111.94259613907614,107.2042862057126,110.16573333740234,1935,0.0,0.0
2011-10-25 00:00:00-04:00,111.35031019004226,111.35031019004226,109.57344055175781,109.57344055175781,3009,0.0,0.0
2011-10-26 00:00:00-04:00,110.75801865573526,111.35031082074323,108.98115585406146,110.16573333740234,2033,0.0,0.0
2011-10-27 00:00:00-04:00,111.35031065779354,112.53488813940092,110.16573317618617,110.75801849365234,8365,0.0,0.0
2011-10-28 00:00:00-04:00,110.16573271341096,113.71946514330486,108.98115523677966,109.57344055175781,15048,0.0,0.0
2011-10-31 00:00:00-04:00,108.388863232992,111.35031035222102,108.388863232992,108.98115539550781,6750,0.0,0.0
2011-11-01 00:00:00-04:00,107.20428692120693,113.1271743774414,107.20428692120693,113.1271743774414,5194,0.0,0.0
2011-11-02 00:00:00-04:00,113.1271734568671,113.1271734568671,107.79657821297141,110.75801849365234,6985,0.0,0.0
2011-11-03 00:00:00-04:00,109.5734414625906,111.94259643554688,108.38886397611245,111.94259643554688,4838,0.0,0.0
2011-11-04 00:00:00-04:00,110.75801865573526,112.5348883040841,108.3888636890535,110.16573333740234,8561,0.0,0.0
2011-11-07 00:00:00-05:00,107.79657951513099,114.90403764395678,106.61200201921417,114.31175231933594,13182,0.0,0.0
2011-11-08 00:00:00-05:00,114.31175157650712,122.6037939940409,109.57344162363066,111.35031127929688,10876,0.0,0.0
2011-11-09 00:00:00-05:00,109.57344055175781,111.9425955050204,106.61200028351706,109.57344055175781,4259,0.0,0.0
2011-11-10 00:00:00-05:00,110.75801939494761,117.86548434242899,109.57344190370071,113.1271743774414,5586,0.0,0.0
2011-11-11 00:00:00-05:00,113.71946699471509,115.49632981525275,113.12717482341911,114.31175231933594,3483,0.0,0.0
2011-11-14 00:00:00-05:00,114.31175203734581,116.6809138700102,111.35031172819676,112.5348892211914,4517,0.0,0.0
2011-11-15 00:00:00-05:00,113.12717298165171,113.71946514330486,108.98115523677966,109.57344055175781,3617,0.0,0.0
2011-11-16 00:00:00-05:00,108.98115569457879,112.53488813940092,108.98115569457879,110.75801849365234,3329,0.0,0.0
2011-11-17 00:00:00-05:00,110.75801849365234,113.1271734568671,109.57344101204497,110.75801849365234,3098,0.0,0.0
2011-11-18 00:00:00-05:00,110.16573467007389,114.90403781408148,109.57344249790098,113.71946716308594,16029,0.0,0.0
2011-11-21 00:00:00-05:00,111.94259597525972,113.7194656210083,110.16573317618617,110.75801849365234,2720,0.0,0.0
2011-11-22 00:00:00-05:00,110.75801911184978,113.127174088288,109.57344162363066,111.35031127929688,2580,0.0,0.0
2011-11-23 00:00:00-05:00,110.16573287386441,112.53488783057762,106.6120004387946,108.98115539550781,9385,0.0,0.0
2011-11-25 00:00:00-05:00,108.388863232992,110.16573287386441,108.388863232992,108.98115539550781,879,0.0,0.0
2011-11-28 00:00:00-05:00,110.75801849365234,110.75801849365234,107.79657821297141,110.75801849365234,4052,0.0,0.0
2011-11-29 00:00:00-05:00,110.7580180283891,111.35031019004226,108.38886307512651,109.57344055175781,7492,0.0,0.0
2011-11-30 00:00:00-05:00,111.94260249997097,111.94260249997097,101.28140454410365,107.20429229736328,11973,0.0,0.0
2011-12-01 00:00:00-05:00,106.01971435546875,107.20429190174924,104.2428514593857,106.01971435546875,4494,0.0,0.0
2011-12-02 00:00:00-05:00,106.612006747674,107.79658429612925,104.83513700165342,105.42742919921875,5527,0.0,0.0
2011-12-05 00:00:00-05:00,106.61200694537503,108.3888698480152,104.83513719605942,107.20429229736328,8782,0.0,0.0
2011-12-06 00:00:00-05:00,107.20429249418896,110.75802515266935,105.42742958828649,106.61200714111328,3065,0.0,0.0
2011-12-07 00:00:00-05:00,106.6120004387946,108.98115539550781,104.83513079792218,108.98115539550781,8114,0.0,0.0
2011-12-08 00:00:00-05:00,107.79658469394008,107.79658469394008,106.61200714111328,106.61200714111328,3097,0.0,0.0
2011-12-09 00:00:00-05:00,107.79658449602695,109.57344739866713,106.61200694537503,107.20429229736328,4094,0.0,0.0
2011-12-12 00:00:00-05:00,106.01970827627878,109.5734407113486,106.01970827627878,108.98115539550781,5323,0.0,0.0
2011-12-13 00:00:00-05:00,109.57344739866713,111.94260249997097,106.61200694537503,107.20429229736328,5609,0.0,0.0
2011-12-14 00:00:00-05:00,107.20428707937796,114.31175203734581,107.20428707937796,112.5348892211914,6505,0.0,0.0
2011-12-15 00:00:00-05:00,111.94259688619451,113.7194665464024,108.98115658141482,113.1271743774414,4627,0.0,0.0
2011-12-16 00:00:00-05:00,114.90403719097421,115.4963293599352,109.57344190370071,113.1271743774414,4653,0.0,0.0
2011-12-19 00:00:00-05:00,113.719465787425,113.719465787425,109.57344117239438,110.16573333740234,8955,0.0,0.0
2011-12-20 00:00:00-05:00,111.94259688619451,115.4963293599352,107.20428692120693,113.1271743774414,8067,0.0,0.0
2011-12-21 00:00:00-05:00,113.12717585669623,117.86548588364212,111.94259834995975,116.088623046875,3091,0.0,0.0
2011-12-22 00:00:00-05:00,116.08862198654873,117.27319263579042,112.53488949879826,114.31175231933594,2450,0.0,0.0
2011-12-23 00:00:00-05:00,115.49632964601402,120.23463962273817,113.71946682808002,114.90403747558594,4086,0.0,0.0
2011-12-27 00:00:00-05:00,114.31175157650712,114.90403689727913,108.98115630285865,111.35031127929688,3436,0.0,0.0
2011-12-28 00:00:00-05:00,110.16573362916719,111.94259643554688,109.5734414625906,111.94259643554688,2429,0.0,0.0
2011-12-29 00:00:00-05:00,111.35031127929688,113.7194662557351,110.16573379107776,111.35031127929688,2568,0.0,0.0
2011-12-30 00:00:00-05:00,111.35031127929688,111.9425966000689,110.75801911184978,111.35031127929688,3035,0.0,0.0
2012-01-03 00:00:00-05:00,111.94259643554688,113.7194660886016,110.75801894906873,111.94259643554688,4435,0.0,0.0
2012-01-04 00:00:00-05:00,111.35031082074323,113.719465787425,108.98115585406146,110.16573333740234,5594,0.0,0.0
2012-01-05 00:00:00-05:00,109.57344101204497,111.35031065779354,109.57344101204497,110.75801849365234,2127,0.0,0.0
2012-01-06 00:00:00-05:00,110.16573333740234,111.94259613907614,109.57344117239438,110.16573333740234,1326,0.0,0.0
2012-01-09 00:00:00-05:00,110.16573224052046,110.75801755295619,104.24284488278816,108.38886260986328,3061,0.0,0.0
2012-01-10 00:00:00-05:00,108.98115539550781,109.5734407113486,107.20428575463539,108.98115539550781,1962,0.0,0.0
2012-01-11 00:00:00-05:00,108.98115492687607,109.57344024016996,106.6119999803505,107.79657745361328,2236,0.0,0.0
2012-01-12 00:00:00-05:00,108.98116204667888,109.57344739866713,106.61200694537503,107.20429229736328,2162,0.0,0.0
2012-01-13 00:00:00-05:00,106.6120065519467,107.7965840982272,106.01971435546875,106.01971435546875,9391,0.0,0.0
2012-01-17 00:00:00-05:00,106.61200634529291,107.2042916939474,104.24285125732422,104.24285125732422,8082,0.0,0.0
2012-01-18 00:00:00-05:00,103.65055887176393,104.83513641357422,103.65055887176393,104.83513641357422,1573,0.0,0.0
2012-01-19 00:00:00-05:00,104.83513540499366,105.42742759353828,103.05826568603516,103.05826568603516,3491,0.0,0.0
2012-01-20 00:00:00-05:00,103.65055887176393,106.01971395538452,103.65055887176393,104.83513641357422,6235,0.0,0.0
2012-01-23 00:00:00-05:00,104.2428514593857,107.20429190174924,104.2428514593857,106.01971435546875,1480,0.0,0.0
2012-01-24 00:00:00-05:00,105.42742958828649,107.20429249418896,103.65055983570858,106.61200714111328,3544,0.0,0.0
2012-01-25 00:00:00-05:00,106.01970782038161,108.38886276690718,105.42742250708771,107.79657745361328,2561,0.0,0.0
2012-01-26 00:00:00-05:00,108.38886260986328,108.981154768974,107.20428513831682,108.38886260986328,2367,0.0,0.0
2012-01-27 00:00:00-05:00,108.38886276690718,108.98115492687607,105.42742250708771,107.79657745361328,2548,0.0,0.0
2012-01-30 00:00:00-05:00,106.6120004387946,110.75801818970521,106.6120004387946,108.98115539550781,4186,0.0,0.0
2012-01-31 00:00:00-05:00,109.57344055175781,109.57344055175781,107.2042855984952,109.57344055175781,1092,0.0,0.0
2012-02-01 00:00:00-05:00,109.57344162363066,111.9425966000689,109.57344162363066,111.35031127929688,2159,0.0,0.0
2012-02-02 00:00:00-05:00,110.75801911184978,111.35031127929688,109.57344162363066,111.35031127929688,1662,0.0,0.0
2012-02-03 00:00:00-05:00,111.94259613907614,111.94259613907614,109.57344117239438,110.16573333740234,3124,0.0,0.0
2012-02-06 00:00:00-05:00,109.57344233566866,116.08862198654873,108.38886483975185,114.31175231933594,6289,0.0,0.0
2012-02-07 00:00:00-05:00,115.49633026123047,115.49633026123047,111.94259775975763,115.49633026123047,2317,0.0,0.0
2012-02-08 00:00:00-05:00,115.49632981525275,115.49632981525275,110.16573450696463,114.31175231933594,2839,0.0,0.0
2012-02-09 00:00:00-05:00,113.7194656210083,114.31175093847447,110.75801849365234,110.75801849365234,1864,0.0,0.0
2012-02-10 00:00:00-05:00,111.35031127929688,111.9425966000689,110.16573379107776,111.35031127929688,1524,0.0,0.0
2012-02-13 00:00:00-05:00,111.9425955050204,112.53488766667357,108.98115523677966,109.57344055175781,1917,0.0,0.0
2012-02-14 00:00:00-05:00,109.57344024016996,112.53488734666442,107.79657745361328,107.79657745361328,1361,0.0,0.0
2012-02-15 00:00:00-05:00,108.98115492687607,111.35030987340163,107.79657745361328,107.79657745361328,1844,0.0,0.0
2012-02-16 00:00:00-05:00,108.38886276690718,108.98115492687607,107.79657745361328,107.79657745361328,1392,0.0,0.0
2012-02-17 00:00:00-05:00,108.38886260986328,109.57344008140974,107.79657729742755,108.38886260986328,1395,0.0,0.0
2012-02-21 00:00:00-05:00,108.38887004701576,108.98116224676687,106.01971494136217,106.61200714111328,2279,0.0,0.0
2012-02-22 00:00:00-05:00,107.2042916939474,107.2042916939474,103.65055906199434,104.24285125732422,2556,0.0,0.0
2012-02-23 00:00:00-05:00,104.83513738853537,107.20429249418896,104.24285203545969,106.61200714111328,3618,0.0,0.0
2012-02-24 00:00:00-05:00,106.61200028351706,111.35031019004226,106.61200028351706,109.57344055175781,3524,0.0,0.0
2012-02-27 00:00:00-05:00,108.98115630285865,111.9425966000689,108.38886413541155,111.35031127929688,1756,0.0,0.0
2012-02-28 00:00:00-05:00,111.94259834995975,120.23464089711507,108.98115800645617,116.088623046875,11365,0.0,0.0
2012-02-29 00:00:00-05:00,116.08862123217332,118.45777620861155,110.75801911184978,111.35031127929688,3135,0.0,0.0
2012-03-01 00:00:00-05:00,111.35031065779354,116.08862058422305,109.57344101204497,110.75801849365234,3052,0.0,0.0
2012-03-02 00:00:00-05:00,111.35031127929688,111.9425966000689,110.16573379107776,111.35031127929688,2556,0.0,0.0
2012-03-05 00:00:00-05:00,110.16573287386441,110.75801818970521,105.427422960438,108.98115539550781,4459,0.0,0.0
2012-03-06 00:00:00-05:00,107.2042852936444,108.98115492687607,106.6119999803505,107.79657745361328,2338,0.0,0.0
2012-03-07 00:00:00-05:00,107.79657745361328,108.38886276690718,106.6119999803505,107.79657745361328,1697,0.0,0.0
2012-03-08 00:00:00-05:00,107.79657776014837,111.9425955050204,107.2042855984952,109.57344055175781,2091,0.0,0.0
2012-03-09 00:00:00-05:00,110.16573271341096,111.9425955050204,109.57344055175781,109.57344055175781,1323,0.0,0.0
2012-03-12 00:00:00-04:00,110.16573224052046,110.75801755295619,107.20428513831682,108.38886260986328,2180,0.0,0.0
2012-03-13 00:00:00-04:00,108.98115523677966,109.57344055175781,107.2042855984952,109.57344055175781,1467,0.0,0.0
2012-03-14 00:00:00-04:00,108.98115523677966,113.71946514330486,108.38886307512651,109.57344055175781,3708,0.0,0.0
2012-03-15 00:00:00-04:00,109.57344055175781,109.57344055175781,108.38886307512651,109.57344055175781,1870,0.0,0.0
2012-03-16 00:00:00-04:00,110.16573240013885,110.16573240013885,106.6119999803505,107.79657745361328,2867,0.0,0.0
2012-03-19 00:00:00-04:00,107.79658469394008,108.98116224676687,106.61200714111328,106.61200714111328,4244,0.0,0.0
2012-03-20 00:00:00-04:00,106.6119999803505,108.98115492687607,106.6119999803505,107.79657745361328,4235,0.0,0.0
2012-03-21 00:00:00-04:00,107.79657729742755,108.38886260986328,107.79657729742755,108.38886260986328,1539,0.0,0.0
2012-03-22 00:00:00-04:00,107.2042855984952,110.16573271341096,107.2042855984952,109.57344055175781,1450,0.0,0.0
2012-03-23 00:00:00-04:00,109.57344055175781,111.35031019004226,107.79657776014837,109.57344055175781,1732,0.0,0.0
2012-03-26 00:00:00-04:00,109.57344055175781,110.7580180283891,107.79657776014837,109.57344055175781,3730,0.0,0.0
2012-03-27 00:00:00-04:00,110.16573271341096,113.12717298165171,108.38886307512651,109.57344055175781,5435,0.0,0.0
2012-03-28 00:00:00-04:00,109.57344101204497,110.75801849365234,108.38886353043759,110.75801849365234,2224,0.0,0.0
2012-03-29 00:00:00-04:00,109.57344055175781,111.35031019004226,108.38886307512651,109.57344055175781,2035,0.0,0.0
2012-03-30 00:00:00-04:00,109.57344117239438,110.75801865573526,108.98115585406146,110.16573333740234,2174,0.0,0.0
2012-04-02 00:00:00-04:00,110.16573379107776,112.53488876751598,108.98115630285865,111.35031127929688,4065,0.0,0.0
2012-04-03 00:00:00-04:00,111.35031216774456,115.4963299862544,110.75801999557166,113.71946716308594,3108,0.0,0.0
2012-04-04 00:00:00-04:00,113.1271743774414,114.3117518686883,111.94259688619451,113.1271743774414,1742,0.0,0.0
2012-04-05 00:00:00-04:00,111.3503115639086,113.1271743774414,111.3503115639086,113.1271743774414,2979,0.0,0.0
2012-04-09 00:00:00-04:00,111.35031065779354,112.53488813940092,110.16573317618617,110.75801849365234,4045,0.0,0.0
2012-04-10 00:00:00-04:00,110.75801849365234,110.75801849365234,108.38886353043759,110.75801849365234,3498,0.0,0.0
2012-04-11 00:00:00-04:00,110.75801865573526,110.75801865573526,108.98115585406146,110.16573333740234,3391,0.0,0.0
2012-04-12 00:00:00-04:00,110.7580180283891,111.35031019004226,108.38886307512651,109.57344055175781,4380,0.0,0.0
2012-04-13 00:00:00-04:00,108.98115523677966,110.7580180283891,108.38886307512651,109.57344055175781,3509,0.0,0.0
2012-04-16 00:00:00-04:00,109.57344008140974,109.57344008140974,107.79657729742755,108.38886260986328,2176,0.0,0.0
2012-04-17 00:00:00-04:00,108.98115539550781,110.75801818970521,108.388863232992,108.98115539550781,1671,0.0,0.0
2012-04-18 00:00:00-04:00,108.981154768974,109.57344008140974,107.79657729742755,108.38886260986328,3956,0.0,0.0
2012-04-19 00:00:00-04:00,108.98115523677966,110.16573271341096,107.79657776014837,109.57344055175781,2780,0.0,0.0
2012-04-20 00:00:00-04:00,110.16573271341096,110.16573271341096,108.38886307512651,109.57344055175781,4295,0.0,0.0
2012-04-23 00:00:00-04:00,95.95079889729,98.91224609708638,93.58164387612298,98.31995391845703,46105,0.0,0.0
2012-04-24 00:00:00-04:00,97.72766876220703,99.50453160793931,96.54309124949377,97.72766876220703,10961,0.0,0.0
2012-04-25 00:00:00-04:00,98.91224520784019,99.50453053446954,95.95079803466797,95.95079803466797,2817,0.0,0.0
2012-04-26 00:00:00-04:00,95.95079889729,98.91224609708638,95.95079889729,98.31995391845703,6026,0.0,0.0
2012-04-27 00:00:00-04:00,100.09682422195472,100.09682422195472,97.72766918624842,98.91224670410156,8788,0.0,0.0
2012-04-30 00:00:00-04:00,99.50453203969052,100.09682422195472,98.31995452183737,98.91224670410156,12336,0.0,0.0
2012-05-01 00:00:00-04:00,98.9122465258301,100.09682404154826,98.9122465258301,99.50453186035156,4030,0.0,0.0
2012-05-02 00:00:00-04:00,98.31995391845703,98.91224609708638,97.13537640787352,98.31995391845703,2953,0.0,0.0
2012-05-03 00:00:00-04:00,98.91224753234613,102.46598011566287,97.7276700045739,101.28140258789062,8632,0.0,0.0
2012-05-04 00:00:00-04:00,100.68910998409415,100.68910998409415,97.72766960025331,100.0968246459961,3383,0.0,0.0
2012-05-07 00:00:00-04:00,99.50453228151409,101.8736873229781,98.31995476078208,100.6891098022461,5427,0.0,0.0
2012-05-08 00:00:00-04:00,100.0968248790344,103.05826526976986,100.0968248790344,101.87368774414062,25202,0.0,0.0
2012-05-09 00:00:00-04:00,101.87368774414062,101.87368774414062,101.28140240466364,101.87368774414062,1758,0.0,0.0
2012-05-10 00:00:00-04:00,101.87368750696554,103.05826502983693,99.50453246122275,100.0968246459961,2348,0.0,0.0
2012-05-11 00:00:00-04:00,100.09682506011838,101.8736879284391,99.5045328728946,101.28140258789062,2930,0.0,0.0
2012-05-14 00:00:00-04:00,100.68910998409415,100.68910998409415,98.9122471231247,100.0968246459961,2376,0.0,0.0
2012-05-15 00:00:00-04:00,98.9122465258301,101.28140155726643,98.3199543446334,99.50453186035156,3242,0.0,0.0
2012-05-16 00:00:00-04:00,98.91224538456909,99.5045307122567,94.7662207040552,95.35851287841797,3817,0.0,0.0
2012-05-17 00:00:00-04:00,95.35851243304117,95.95079775796249,94.17393493652344,94.17393493652344,4091,0.0,0.0
2012-05-18 00:00:00-04:00,94.17393476890632,95.35851226331566,94.17393476890632,94.76622009277344,5355,0.0,0.0
2012-05-21 00:00:00-04:00,94.76622009277344,97.72766725213437,94.76622009277344,94.76622009277344,3353,0.0,0.0
2012-05-22 00:00:00-04:00,94.17393580541804,97.13537615069852,94.17393580541804,96.5430908203125,3303,0.0,0.0
2012-05-23 00:00:00-04:00,95.3585127080386,96.54309020797247,94.17393520810475,95.95079803466797,2106,0.0,0.0
2012-05-24 00:00:00-04:00,95.95079820610557,97.72766788251872,94.1739353763676,95.35851287841797,1877,0.0,0.0
2012-05-25 00:00:00-04:00,95.95079712836888,95.95079712836888,93.5816421508789,93.5816421508789,2574,0.0,0.0
2012-05-29 00:00:00-04:00,94.17393476890632,97.13537508159213,93.58164259836408,94.76622009277344,2477,0.0,0.0
2012-05-30 00:00:00-04:00,94.76622009277344,96.54308975772501,94.17393476890632,94.76622009277344,3458,0.0,0.0
2012-05-31 00:00:00-04:00,94.76621963962388,95.95079712836888,91.21248717338894,93.5816421508789,16750,0.0,0.0
2012-06-01 00:00:00-04:00,91.80477950378476,94.76621980755759,91.21248733502513,92.9893569946289,6074,0.0,0.0
2012-06-04 00:00:00-04:00,93.58164231671344,95.35851197631722,91.80477950378476,92.9893569946289,3398,0.0,0.0
2012-06-05 00:00:00-04:00,92.39706553486639,95.95079803466797,91.80478020823703,95.95079803466797,1461,0.0,0.0
2012-06-06 00:00:00-04:00,96.54308975772501,96.54308975772501,93.58164259836408,94.76622009277344,2744,0.0,0.0
2012-06-07 00:00:00-04:00,95.95079803466797,97.72766770790632,94.7662205347341,95.95079803466797,1997,0.0,0.0
2012-06-08 00:00:00-04:00,94.76622138670649,98.31995391845703,94.76622138670649,98.31995391845703,3256,0.0,0.0
2012-06-11 00:00:00-04:00,98.91224609708638,100.09682360766989,95.95079889729,98.31995391845703,2635,0.0,0.0
2012-06-12 00:00:00-04:00,98.31995409522605,98.31995409522605,95.95079906979953,97.72766876220703,2436,0.0,0.0
2012-06-13 00:00:00-04:00,97.13537570815595,99.5045307122567,94.7662207040552,95.35851287841797,3073,0.0,0.0
2012-06-14 00:00:00-04:00,94.76622009277344,97.72766725213437,93.58164259836408,94.76622009277344,3741,0.0,0.0
2012-06-15 00:00:00-04:00,94.17393448547307,97.1353747892459,92.9893569946289,92.9893569946289,6017,0.0,0.0
2012-06-18 00:00:00-04:00,93.58164259836408,95.35851226331566,92.98935727449697,94.76622009277344,3468,0.0,0.0
2012-06-19 00:00:00-04:00,94.76621963962388,95.35851180733391,92.39706466213391,93.5816421508789,4982,0.0,0.0
2012-06-20 00:00:00-04:00,93.5816421508789,94.76621963962388,90.62020185235399,93.5816421508789,9900,0.0,0.0
2012-06-21 00:00:00-04:00,93.58164231671344,94.17393448547307,91.80477950378476,92.9893569946289,6202,0.0,0.0
2012-06-22 00:00:00-04:00,92.39706420898438,96.5430888225957,92.39706420898438,92.39706420898438,101177,0.0,0.0
2012-06-25 00:00:00-04:00,91.80477950378476,96.54308946716137,91.80477950378476,92.9893569946289,5302,0.0,0.0
2012-06-26 00:00:00-04:00,92.98935744000569,95.35851243304117,91.80477994348794,94.17393493652344,5485,0.0,0.0
2012-06-27 00:00:00-04:00,94.17393431858893,94.76621963962388,92.98935682984396,93.5816421508789,2289,0.0,0.0
2012-06-28 00:00:00-04:00,93.5816421508789,94.76621963962388,93.5816421508789,93.5816421508789,3042,0.0,0.0
2012-06-29 00:00:00-04:00,94.17393431858893,94.17393431858893,91.80477934109896,93.5816421508789,7656,0.0,0.0
2012-07-02 00:00:00-04:00,97.13537700398422,98.91224670410156,96.54309166839526,98.91224670410156,7623,0.0,0.0
2012-07-03 00:00:00-04:00,97.7276681525619,98.31995348188613,97.1353759765625,97.1353759765625,2800,0.0,0.0
2012-07-05 00:00:00-04:00,97.13537640787352,99.50453142904054,97.13537640787352,98.31995391845703,2492,0.0,0.0
2012-07-06 00:00:00-04:00,97.7276681525619,99.50453098720975,94.76622096591527,97.1353759765625,2065,0.0,0.0
2012-07-09 00:00:00-04:00,97.1353759765625,98.31995348188613,95.95079847123888,97.1353759765625,2191,0.0,0.0
2012-07-10 00:00:00-04:00,97.13537553460182,97.13537553460182,95.3585127080386,95.95079803466797,7292,0.0,0.0
2012-07-11 00:00:00-04:00,95.95079803466797,97.13537553460182,95.3585127080386,95.95079803466797,3411,0.0,0.0
2012-07-12 00:00:00-04:00,96.54309038046834,96.54309038046834,94.7662207040552,95.35851287841797,3908,0.0,0.0
2012-07-13 00:00:00-04:00,95.95079803466797,97.13537553460182,95.3585127080386,95.95079803466797,2465,0.0,0.0
2012-07-16 00:00:00-04:00,95.35851226331566,96.54308975772501,93.58164259836408,94.76622009277344,6547,0.0,0.0
2012-07-17 00:00:00-04:00,94.7662205347341,95.95079803466797,94.7662205347341,95.95079803466797,2462,0.0,0.0
2012-07-18 00:00:00-04:00,94.7662207040552,96.54309038046834,93.58164320200484,95.35851287841797,2048,0.0,0.0
2012-07-19 00:00:00-04:00,95.95079820610557,95.95079820610557,95.35851287841797,95.35851287841797,2208,0.0,0.0
2012-07-20 00:00:00-04:00,95.35851287841797,95.95079820610557,94.1739353763676,95.35851287841797,3432,0.0,0.0
2012-07-23 00:00:00-04:00,95.35851287841797,95.95079820610557,94.7662207040552,95.35851287841797,1814,0.0,0.0
2012-07-24 00:00:00-04:00,94.17393493652344,95.95079775796249,94.17393493652344,94.17393493652344,3082,0.0,0.0
2012-07-25 00:00:00-04:00,94.7662207040552,95.35851287841797,94.7662207040552,95.35851287841797,5315,0.0,0.0
2012-07-26 00:00:00-04:00,95.95079820610557,95.95079820610557,94.1739353763676,95.35851287841797,1303,0.0,0.0
2012-07-27 00:00:00-04:00,94.76621963962388,95.95079712836888,93.5816421508789,93.5816421508789,3505,0.0,0.0
2012-07-30 00:00:00-04:00,94.76622009277344,96.54308975772501,94.76622009277344,94.76622009277344,2877,0.0,0.0
2012-07-31 00:00:00-04:00,94.7662205347341,95.95079803466797,94.7662205347341,95.95079803466797,1029,0.0,0.0
2012-08-01 00:00:00-04:00,95.95079712836888,95.95079712836888,92.39706466213391,93.5816421508789,3067,0.0,0.0
2012-08-02 00:00:00-04:00,92.98935682984396,94.17393431858893,92.39706466213391,93.5816421508789,1050,0.0,0.0
2012-08-03 00:00:00-04:00,93.5816421508789,94.17393431858893,91.80477934109896,93.5816421508789,1311,0.0,0.0
2012-08-06 00:00:00-04:00,93.5816421508789,94.17393431858893,93.5816421508789,93.5816421508789,1088,0.0,0.0
2012-08-07 00:00:00-04:00,93.58164259836408,94.76622009277344,93.58164259836408,94.76622009277344,3905,0.0,0.0
2012-08-08 00:00:00-04:00,94.17393563659104,97.1353759765625,94.17393563659104,97.1353759765625,2291,0.0,0.0
2012-08-09 00:00:00-04:00,95.95079820610557,95.95079820610557,95.35851287841797,95.35851287841797,3285,0.0,0.0
2012-08-10 00:00:00-04:00,95.35851287841797,96.54309038046834,94.1739353763676,95.35851287841797,6980,0.0,0.0
2012-08-13 00:00:00-04:00,94.76621963962388,95.35851180733391,93.5816421508789,93.5816421508789,1739,0.0,0.0
2012-08-14 00:00:00-04:00,94.17393476890632,95.35851226331566,94.17393476890632,94.76622009277344,4441,0.0,0.0
2012-08-15 00:00:00-04:00,94.76622009277344,95.35851226331566,94.17393476890632,94.76622009277344,1562,0.0,0.0
2012-08-16 00:00:00-04:00,95.35851287841797,101.28140038866982,94.7662207040552,95.35851287841797,7750,0.0,0.0
2012-08-17 00:00:00-04:00,95.35851287841797,95.95079820610557,94.7662207040552,95.35851287841797,938,0.0,0.0
2012-08-20 00:00:00-04:00,95.35851226331566,95.35851226331566,94.76622009277344,94.76622009277344,1044,0.0,0.0
2012-08-21 00:00:00-04:00,95.3585127080386,97.72766770790632,94.7662205347341,95.95079803466797,1094,0.0,0.0
2012-08-22 00:00:00-04:00,95.95079758718279,97.13537508159213,94.76622009277344,94.76622009277344,1724,0.0,0.0
2012-08-23 00:00:00-04:00,95.35851287841797,96.54309038046834,94.7662207040552,95.35851287841797,1547,0.0,0.0
2012-08-24 00:00:00-04:00,95.95079820610557,96.54309038046834,95.35851287841797,95.35851287841797,1311,0.0,0.0
2012-08-27 00:00:00-04:00,94.7662207040552,96.54309038046834,94.7662207040552,95.35851287841797,1202,0.0,0.0
2012-08-28 00:00:00-04:00,94.7662207040552,96.54309038046834,94.7662207040552,95.35851287841797,556,0.0,0.0
2012-08-29 00:00:00-04:00,95.35851287841797,95.95079820610557,95.35851287841797,95.35851287841797,658,0.0,0.0
2012-08-30 00:00:00-04:00,95.35851314191466,97.1353759765625,95.35851314191466,97.1353759765625,662,0.0,0.0
2012-08-31 00:00:00-04:00,97.13537508159213,97.13537508159213,94.76622009277344,94.76622009277344,588,0.0,0.0
2012-09-04 00:00:00-04:00,95.95079864325129,97.13537615069852,95.95079864325129,96.5430908203125,252,0.0,0.0
2012-09-05 00:00:00-04:00,95.95079820610557,97.13537570815595,95.35851287841797,95.35851287841797,547,0.0,0.0
2012-09-06 00:00:00-04:00,95.95079803466797,97.13537553460182,95.95079803466797,95.95079803466797,1079,0.0,0.0
2012-09-07 00:00:00-04:00,97.72766770790632,98.91224520784019,95.3585127080386,95.95079803466797,1648,0.0,0.0
2012-09-10 00:00:00-04:00,95.95079847123888,97.1353759765625,95.95079847123888,97.1353759765625,806,0.0,0.0
2012-09-11 00:00:00-04:00,98.31995391845703,98.31995391845703,96.54309107591936,98.31995391845703,859,0.0,0.0
2012-09-12 00:00:00-04:00,98.31995476078208,103.05826484371009,97.13537724005008,100.6891098022461,1279,0.0,0.0
2012-09-13 00:00:00-04:00,100.0968248790344,104.83513498155136,97.13537764162365,101.87368774414062,2067,0.0,0.0
2012-09-14 00:00:00-04:00,100.68911080760782,106.61200531708208,100.68911080760782,102.46598052978516,3152,0.0,0.0
2012-09-17 00:00:00-04:00,102.46598011566287,103.65055764343512,98.91224753234613,101.28140258789062,1333,0.0,0.0
2012-09-18 00:00:00-04:00,102.46598034416587,104.24285006312438,102.46598034416587,103.05826568603516,8527,0.0,0.0
2012-09-19 00:00:00-04:00,102.46598171662725,106.6120065519467,102.46598171662725,106.01971435546875,1492,0.0,0.0
2012-09-20 00:00:00-04:00,104.83513660597869,105.42742880130857,103.65055906199434,104.24285125732422,4067,0.0,0.0
2012-09-21 00:00:00-04:00,104.24285184407118,107.79658449602695,102.46598209475557,107.20429229736328,3712,0.0,0.0
2012-09-24 00:00:00-04:00,107.79658369143763,107.79658369143763,104.83513641357422,104.83513641357422,315,0.0,0.0
2012-09-25 00:00:00-04:00,104.24285125732422,106.01971414996304,104.24285125732422,104.24285125732422,509,0.0,0.0
2012-09-26 00:00:00-04:00,103.65055887176393,106.01971395538452,103.65055887176393,104.83513641357422,1018,0.0,0.0
2012-09-27 00:00:00-04:00,104.83513680918826,107.20429190174924,104.2428514593857,106.01971435546875,1445,0.0,0.0
2012-09-28 00:00:00-04:00,104.83513641357422,107.2042914971948,104.83513641357422,104.83513641357422,1005,0.0,0.0
2012-10-01 00:00:00-04:00,104.2428516507635,107.20429209856391,104.2428516507635,105.42742919921875,509,0.0,0.0
2012-10-02 00:00:00-04:00,104.83513700165342,107.20429209856391,104.83513700165342,105.42742919921875,2170,0.0,0.0
2012-10-03 00:00:00-04:00,106.01971474671134,107.20429229736328,104.83513719605942,107.20429229736328,685,0.0,0.0
2012-10-04 00:00:00-04:00,106.01971395538452,106.01971395538452,104.83513641357422,104.83513641357422,5662,0.0,0.0
2012-10-05 00:00:00-04:00,104.83513700165342,106.612006747674,104.83513700165342,105.42742919921875,3971,0.0,0.0
2012-10-08 00:00:00-04:00,104.83513680918826,106.01971435546875,104.83513680918826,106.01971435546875,1015,0.0,0.0
2012-10-09 00:00:00-04:00,104.83513641357422,106.01971395538452,104.24285106600678,104.83513641357422,3574,0.0,0.0
2012-10-10 00:00:00-04:00,104.2428516507635,106.01971455010866,104.2428516507635,105.42742919921875,3645,0.0,0.0
2012-10-11 00:00:00-04:00,105.42742919921875,106.01971455010866,105.42742919921875,105.42742919921875,1791,0.0,0.0
2012-10-12 00:00:00-04:00,105.42742919921875,107.20429209856391,105.42742919921875,105.42742919921875,865,0.0,0.0
2012-10-15 00:00:00-04:00,105.42742919921875,110.16573939303974,105.42742919921875,105.42742919921875,3535,0.0,0.0
2012-10-16 00:00:00-04:00,105.42742880130857,105.42742880130857,99.50453423471143,104.24285125732422,3877,0.0,0.0
2012-10-17 00:00:00-04:00,104.83513680918826,107.7965840982272,100.68911197386879,106.01971435546875,1598,0.0,0.0
2012-10-18 00:00:00-04:00,106.01971494136217,106.61200714111328,104.24285203545969,106.61200714111328,1908,0.0,0.0
2012-10-19 00:00:00-04:00,106.61200714111328,108.98116224676687,106.01971494136217,106.61200714111328,4832,0.0,0.0
2012-10-22 00:00:00-04:00,107.20429249418896,107.20429249418896,103.65055983570858,106.61200714111328,1958,0.0,0.0
2012-10-23 00:00:00-04:00,106.01971414996304,106.01971414996304,100.0968264300413,104.24285125732422,7992,0.0,0.0
2012-10-24 00:00:00-04:00,102.46598093444179,105.4274282008742,102.46598093444179,103.65055847167969,1030,0.0,0.0
2012-10-25 00:00:00-04:00,104.2428516507635,106.612006747674,104.2428516507635,105.42742919921875,1883,0.0,0.0
2012-10-26 00:00:00-04:00,106.61200694537503,107.79658449602695,106.01971474671134,107.20429229736328,11892,0.0,0.0
2012-10-31 00:00:00-04:00,105.42742735843115,107.20429022675187,92.39706770626113,101.28140258789062,6586,0.0,0.0
2012-11-01 00:00:00-04:00,100.68910998409415,101.87368750696554,97.72766960025331,100.0968246459961,2483,0.0,0.0
2012-11-02 00:00:00-04:00,101.28140198594973,104.83513454814573,98.91224694448572,100.6891098022461,2262,0.0,0.0
2012-11-05 00:00:00-05:00,107.79658327535,109.57344615786917,102.46598093444179,103.65055847167969,9767,0.0,0.0
2012-11-06 00:00:00-05:00,103.65055906199434,106.01971414996304,103.05826686666447,104.24285125732422,4017,0.0,0.0
2012-11-07 00:00:00-05:00,103.65055926290775,106.6120065519467,103.05826706642979,106.01971435546875,7070,0.0,0.0
2012-11-08 00:00:00-05:00,107.79658469394008,108.38887004701576,104.83513738853537,106.61200714111328,9515,0.0,0.0
2012-11-09 00:00:00-05:00,48.95000076293945,48.95000076293945,44.0,45.31999969482422,5964,12.188,0.16666666666666666
2012-11-12 00:00:00-05:00,46.63999938964844,46.63999938964844,44.0,44.77000045776367,7709,0.0,0.0
2012-11-13 00:00:00-05:00,46.310001373291016,46.970001220703125,44.33000183105469,46.970001220703125,1682,0.0,0.0
2012-11-14 00:00:00-05:00,46.20000076293945,48.5099983215332,44.65999984741211,48.5099983215332,6018,0.0,0.0
2012-11-15 00:00:00-05:00,47.849998474121094,49.38999938964844,47.849998474121094,48.06999969482422,8618,0.0,0.0
2012-11-16 00:00:00-05:00,51.810001373291016,51.810001373291016,46.41999816894531,47.7400016784668,33436,0.0,0.0
2012-11-19 00:00:00-05:00,46.75,46.75,45.650001525878906,46.310001373291016,7300,0.0,0.0
2012-11-20 00:00:00-05:00,46.75,46.86000061035156,46.310001373291016,46.63999938964844,827,0.0,0.0
2012-11-21 00:00:00-05:00,46.20000076293945,48.18000030517578,45.7599983215332,46.310001373291016,16173,0.0,0.0
2012-11-23 00:00:00-05:00,48.290000915527344,48.619998931884766,45.97999954223633,46.310001373291016,1755,0.0,0.0
2012-11-26 00:00:00-05:00,46.20000076293945,47.630001068115234,46.20000076293945,47.40999984741211,618,0.0,0.0
2012-11-27 00:00:00-05:00,47.189998626708984,47.7400016784668,46.970001220703125,47.7400016784668,327,0.0,0.0
2012-11-28 00:00:00-05:00,47.40999984741211,47.959999084472656,47.29999923706055,47.29999923706055,1018,0.0,0.0
2012-11-29 00:00:00-05:00,47.29999923706055,47.849998474121094,47.29999923706055,47.52000045776367,636,0.0,0.0
2012-11-30 00:00:00-05:00,47.08000183105469,48.400001525878906,47.08000183105469,48.400001525878906,5564,0.0,0.0
2012-12-03 00:00:00-05:00,48.400001525878906,49.16999816894531,46.970001220703125,47.29999923706055,3373,0.0,0.0
2012-12-04 00:00:00-05:00,47.189998626708984,47.630001068115234,46.75,47.08000183105469,1818,0.0,0.0
2012-12-05 00:00:00-05:00,47.08000183105469,47.29999923706055,46.529998779296875,47.08000183105469,2109,0.0,0.0
2012-12-06 00:00:00-05:00,47.08000183105469,47.189998626708984,46.310001373291016,46.63999938964844,1091,0.0,0.0
2012-12-07 00:00:00-05:00,46.63999938964844,47.29999923706055,46.63999938964844,46.63999938964844,900,0.0,0.0
2012-12-10 00:00:00-05:00,46.75,46.970001220703125,46.63999938964844,46.75,1609,0.0,0.0
2012-12-11 00:00:00-05:00,46.970001220703125,47.29999923706055,46.41999816894531,46.75,8100,0.0,0.0
2012-12-12 00:00:00-05:00,46.63999938964844,46.75,46.310001373291016,46.310001373291016,1609,0.0,0.0
2012-12-13 00:00:00-05:00,46.09000015258789,46.20000076293945,45.099998474121094,45.209999084472656,1136,0.0,0.0
2012-12-14 00:00:00-05:00,45.099998474121094,45.7599983215332,44.33000183105469,45.209999084472656,3964,0.0,0.0
2012-12-17 00:00:00-05:00,44.54999923706055,45.7599983215332,44.220001220703125,44.54999923706055,3673,0.0,0.0
2012-12-18 00:00:00-05:00,44.54999923706055,45.209999084472656,44.439998626708984,44.77000045776367,1791,0.0,0.0
2012-12-19 00:00:00-05:00,44.54999923706055,44.880001068115234,44.0,44.0,1827,0.0,0.0
2012-12-20 00:00:00-05:00,44.0,44.54999923706055,44.0,44.220001220703125,2600,0.0,0.0
2012-12-21 00:00:00-05:00,43.22999954223633,44.65999984741211,38.720001220703125,44.439998626708984,12400,0.0,0.0
2012-12-24 00:00:00-05:00,43.560001373291016,43.560001373291016,41.90999984741211,43.119998931884766,509,0.0,0.0
2012-12-26 00:00:00-05:00,43.0099983215332,43.45000076293945,42.900001525878906,42.900001525878906,2509,0.0,0.0
2012-12-27 00:00:00-05:00,43.34000015258789,43.34000015258789,42.02000045776367,42.900001525878906,964,0.0,0.0
2012-12-28 00:00:00-05:00,42.349998474121094,44.0,42.349998474121094,43.560001373291016,2355,0.0,0.0
2012-12-31 00:00:00-05:00,44.0,44.33000183105469,43.45000076293945,43.88999938964844,3500,0.0,0.0
2013-01-02 00:00:00-05:00,44.0,44.0,43.45000076293945,43.45000076293945,964,0.0,0.0
2013-01-03 00:00:00-05:00,44.0,44.0,43.45000076293945,44.0,1427,0.0,0.0
2013-01-04 00:00:00-05:00,44.0,48.400001525878906,43.45000076293945,45.7599983215332,15100,0.0,0.0
2013-01-07 00:00:00-05:00,46.20000076293945,46.970001220703125,44.54999923706055,46.09000015258789,2891,0.0,0.0
2013-01-08 00:00:00-05:00,45.650001525878906,45.650001525878906,43.779998779296875,43.779998779296875,2818,0.0,0.0
2013-01-09 00:00:00-05:00,43.88999938964844,45.099998474121094,42.900001525878906,43.0099983215332,2618,0.0,0.0
2013-01-10 00:00:00-05:00,43.779998779296875,44.33000183105469,43.45000076293945,43.45000076293945,2745,0.0,0.0
2013-01-11 00:00:00-05:00,44.33000183105469,47.959999084472656,44.33000183105469,46.310001373291016,13300,0.0,0.0
2013-01-14 00:00:00-05:00,46.20000076293945,46.529998779296875,44.77000045776367,45.43000030517578,2900,0.0,0.0
2013-01-15 00:00:00-05:00,45.099998474121094,45.099998474121094,44.220001220703125,44.77000045776367,8955,0.0,0.0
2013-01-16 00:00:00-05:00,44.77000045776367,45.43000030517578,44.33000183105469,45.209999084472656,2545,0.0,0.0
2013-01-17 00:00:00-05:00,45.650001525878906,46.63999938964844,45.099998474121094,45.869998931884766,2927,0.0,0.0
2013-01-18 00:00:00-05:00,47.08000183105469,47.08000183105469,45.099998474121094,45.209999084472656,718,0.0,0.0
2013-01-22 00:00:00-05:00,44.65999984741211,45.7599983215332,44.0,45.209999084472656,1345,0.0,0.0
2013-01-23 00:00:00-05:00,44.54999923706055,46.09000015258789,43.119998931884766,43.45000076293945,4418,0.0,0.0
2013-01-24 00:00:00-05:00,43.119998931884766,44.0,43.119998931884766,43.779998779296875,800,0.0,0.0
2013-01-25 00:00:00-05:00,43.45000076293945,43.779998779296875,43.34000015258789,43.45000076293945,1591,0.0,0.0
2013-01-28 00:00:00-05:00,43.45000076293945,44.0,43.119998931884766,43.119998931884766,382,0.0,0.0
2013-01-29 00:00:00-05:00,43.119998931884766,44.54999923706055,43.119998931884766,43.779998779296875,245,0.0,0.0
2013-01-30 00:00:00-05:00,44.0,44.220001220703125,43.119998931884766,43.119998931884766,555,0.0,0.0
2013-01-31 00:00:00-05:00,43.119998931884766,44.880001068115234,43.119998931884766,43.45000076293945,1418,0.0,0.0
2013-02-01 00:00:00-05:00,43.45000076293945,44.11000061035156,43.45000076293945,43.45000076293945,827,0.0,0.0
2013-02-04 00:00:00-05:00,43.119998931884766,43.560001373291016,43.119998931884766,43.45000076293945,964,0.0,0.0
2013-02-05 00:00:00-05:00,43.34000015258789,43.88999938964844,43.119998931884766,43.45000076293945,2027,0.0,0.0
2013-02-06 00:00:00-05:00,43.119998931884766,43.88999938964844,43.119998931884766,43.779998779296875,1164,0.0,0.0
2013-02-07 00:00:00-05:00,43.45000076293945,43.779998779296875,43.22999954223633,43.779998779296875,518,0.0,0.0
2013-02-08 00:00:00-05:00,43.34000015258789,43.560001373291016,42.900001525878906,42.900001525878906,1573,0.0,0.0
2013-02-11 00:00:00-05:00,42.900001525878906,43.119998931884766,42.790000915527344,42.900001525878906,600,0.0,0.0
2013-02-12 00:00:00-05:00,43.0099983215332,44.0,42.900001525878906,44.0,3291,0.0,0.0
2013-02-13 00:00:00-05:00,43.34000015258789,44.77000045776367,43.34000015258789,44.77000045776367,3645,0.0,0.0
2013-02-14 00:00:00-05:00,44.77000045776367,46.20000076293945,44.33000183105469,45.099998474121094,6800,0.0,0.0
2013-02-15 00:00:00-05:00,45.97999954223633,46.63999938964844,43.66999816894531,43.66999816894531,1582,0.0,0.0
2013-02-19 00:00:00-05:00,43.560001373291016,45.540000915527344,43.560001373291016,44.77000045776367,1973,0.0,0.0
2013-02-20 00:00:00-05:00,44.880001068115234,45.540000915527344,44.77000045776367,44.77000045776367,809,0.0,0.0
2013-02-21 00:00:00-05:00,44.220001220703125,45.31999969482422,44.220001220703125,44.65999984741211,782,0.0,0.0
2013-02-22 00:00:00-05:00,44.880001068115234,46.20000076293945,43.88999938964844,44.439998626708984,1955,0.0,0.0
2013-02-25 00:00:00-05:00,43.560001373291016,45.31999969482422,43.560001373291016,44.439998626708984,1309,0.0,0.0
2013-02-26 00:00:00-05:00,43.560001373291016,44.54999923706055,43.560001373291016,44.0,2191,0.0,0.0
2013-02-27 00:00:00-05:00,44.0,44.880001068115234,43.779998779296875,44.439998626708984,1082,0.0,0.0
2013-02-28 00:00:00-05:00,43.560001373291016,44.220001220703125,43.560001373291016,43.88999938964844,182,0.0,0.0
2013-03-01 00:00:00-05:00,43.779998779296875,44.33000183105469,43.560001373291016,43.560001373291016,209,0.0,0.0
2013-03-04 00:00:00-05:00,43.34000015258789,44.9900016784668,43.34000015258789,44.77000045776367,4055,0.0,0.0
2013-03-05 00:00:00-05:00,44.220001220703125,45.099998474121094,43.0099983215332,43.0099983215332,1836,0.0,0.0
2013-03-06 00:00:00-05:00,43.119998931884766,44.880001068115234,42.56999969482422,43.779998779296875,1882,0.0,0.0
2013-03-07 00:00:00-05:00,43.88999938964844,44.0,42.68000030517578,43.0099983215332,1473,0.0,0.0
2013-03-08 00:00:00-05:00,43.0099983215332,43.560001373291016,42.790000915527344,43.119998931884766,1109,0.0,0.0
2013-03-11 00:00:00-04:00,43.22999954223633,43.45000076293945,42.900001525878906,43.22999954223633,755,0.0,0.0
2013-03-12 00:00:00-04:00,42.900001525878906,43.45000076293945,42.68000030517578,42.790000915527344,1545,0.0,0.0
2013-03-13 00:00:00-04:00,42.900001525878906,43.34000015258789,42.459999084472656,42.56999969482422,1527,0.0,0.0
2013-03-14 00:00:00-04:00,42.349998474121094,45.099998474121094,42.349998474121094,44.54999923706055,1227,0.0,0.0
2013-03-15 00:00:00-04:00,44.0,44.0,43.34000015258789,43.779998779296875,955,0.0,0.0
2013-03-18 00:00:00-04:00,44.11000061035156,44.11000061035156,43.0099983215332,43.22999954223633,336,0.0,0.0
2013-03-19 00:00:00-04:00,43.34000015258789,44.0,42.349998474121094,42.900001525878906,655,0.0,0.0
2013-03-20 00:00:00-04:00,44.0,44.0,41.79999923706055,42.349998474121094,6427,0.0,0.0
2013-03-21 00:00:00-04:00,41.79999923706055,43.779998779296875,41.79999923706055,43.779998779296875,2136,0.0,0.0
2013-03-22 00:00:00-04:00,42.56999969482422,43.88999938964844,42.130001068115234,43.88999938964844,727,0.0,0.0
2013-03-25 00:00:00-04:00,43.88999938964844,43.88999938964844,43.88999938964844,43.88999938964844,155,0.0,0.0
2013-03-26 00:00:00-04:00,43.45000076293945,43.88999938964844,42.56999969482422,42.68000030517578,1991,0.0,0.0
2013-03-27 00:00:00-04:00,43.66999816894531,43.88999938964844,42.790000915527344,43.88999938964844,636,0.0,0.0
2013-03-28 00:00:00-04:00,43.119998931884766,44.880001068115234,43.119998931884766,44.65999984741211,2736,0.0,0.0
2013-04-01 00:00:00-04:00,44.11000061035156,44.880001068115234,43.560001373291016,43.779998779296875,582,0.0,0.0
2013-04-02 00:00:00-04:00,43.22999954223633,45.099998474121094,42.790000915527344,43.66999816894531,1673,0.0,0.0
2013-04-03 00:00:00-04:00,43.34000015258789,44.880001068115234,43.0099983215332,44.54999923706055,1827,0.0,0.0
2013-04-04 00:00:00-04:00,44.0,45.099998474121094,44.0,45.099998474121094,891,0.0,0.0
2013-04-05 00:00:00-04:00,44.9900016784668,47.29999923706055,44.0,46.63999938964844,5200,0.0,0.0
2013-04-08 00:00:00-04:00,46.20000076293945,48.290000915527344,45.869998931884766,46.529998779296875,11945,0.0,0.0
2013-04-09 00:00:00-04:00,46.529998779296875,47.40999984741211,44.220001220703125,44.9900016784668,4982,0.0,0.0
2013-04-10 00:00:00-04:00,45.7599983215332,47.29999923706055,44.220001220703125,46.529998779296875,4636,0.0,0.0
2013-04-11 00:00:00-04:00,46.20000076293945,47.40999984741211,45.43000030517578,46.970001220703125,6073,0.0,0.0
2013-04-12 00:00:00-04:00,46.75,47.849998474121094,45.97999954223633,46.20000076293945,5927,0.0,0.0
2013-04-15 00:00:00-04:00,46.20000076293945,47.29999923706055,44.11000061035156,46.09000015258789,9282,0.0,0.0
2013-04-16 00:00:00-04:00,45.869998931884766,46.41999816894531,44.0,45.97999954223633,9600,0.0,0.0
2013-04-17 00:00:00-04:00,45.209999084472656,46.63999938964844,44.33000183105469,44.880001068115234,9355,0.0,0.0
2013-04-18 00:00:00-04:00,44.33000183105469,45.7599983215332,43.34000015258789,43.88999938964844,3636,0.0,0.0
2013-04-19 00:00:00-04:00,43.22999954223633,45.97999954223633,43.22999954223633,45.869998931884766,2036,0.0,0.0
2013-04-22 00:00:00-04:00,45.540000915527344,46.63999938964844,43.34000015258789,46.529998779296875,7155,0.0,0.0
2013-04-23 00:00:00-04:00,46.09000015258789,46.63999938964844,44.9900016784668,46.20000076293945,1300,0.0,0.0
2013-04-24 00:00:00-04:00,46.20000076293945,46.63999938964844,45.650001525878906,46.63999938964844,1727,0.0,0.0
2013-04-25 00:00:00-04:00,46.86000061035156,47.29999923706055,44.77000045776367,45.650001525878906,2991,0.0,0.0
2013-04-26 00:00:00-04:00,46.63999938964844,46.63999938964844,45.31999969482422,46.529998779296875,2255,0.0,0.0
2013-04-29 00:00:00-04:00,46.529998779296875,47.29999923706055,46.529998779296875,47.189998626708984,4491,0.0,0.0
2013-04-30 00:00:00-04:00,47.08000183105469,47.08000183105469,45.099998474121094,46.20000076293945,3645,0.0,0.0
2013-05-01 00:00:00-04:00,47.189998626708984,47.189998626708984,44.54999923706055,44.54999923706055,1255,0.0,0.0
2013-05-02 00:00:00-04:00,44.0,44.0,42.2400016784668,42.900001525878906,16936,0.0,0.0
2013-05-03 00:00:00-04:00,41.90999984741211,43.0099983215332,41.90999984741211,41.90999984741211,3691,0.0,0.0
2013-05-06 00:00:00-04:00,41.79999923706055,43.119998931884766,41.79999923706055,42.02000045776367,1018,0.0,0.0
2013-05-07 00:00:00-04:00,44.0,44.0,41.79999923706055,42.349998474121094,2782,0.0,0.0
2013-05-08 00:00:00-04:00,41.79999923706055,43.119998931884766,41.79999923706055,42.459999084472656,2082,0.0,0.0
2013-05-09 00:00:00-04:00,41.90999984741211,43.22999954223633,41.79999923706055,41.90999984741211,936,0.0,0.0
2013-05-10 00:00:00-04:00,42.790000915527344,42.790000915527344,41.90999984741211,42.2400016784668,1545,0.0,0.0
2013-05-13 00:00:00-04:00,42.130001068115234,42.56999969482422,41.58000183105469,41.58000183105469,3255,0.0,0.0
2013-05-14 00:00:00-04:00,41.58000183105469,42.02000045776367,40.810001373291016,40.810001373291016,3055,0.0,0.0
2013-05-15 00:00:00-04:00,40.810001373291016,41.79999923706055,40.70000076293945,41.58000183105469,6018,0.0,0.0
2013-05-16 00:00:00-04:00,41.13999938964844,41.36000061035156,39.709999084472656,39.81999969482422,4973,0.0,0.0
2013-05-17 00:00:00-04:00,39.709999084472656,40.70000076293945,39.599998474121094,39.81999969482422,3291,0.0,0.0
2013-05-20 00:00:00-04:00,39.81999969482422,42.02000045776367,39.81999969482422,40.91999816894531,3073,0.0,0.0
2013-05-21 00:00:00-04:00,40.91999816894531,41.79999923706055,40.91999816894531,40.91999816894531,1355,0.0,0.0
2013-05-22 00:00:00-04:00,40.91999816894531,41.25,40.040000915527344,40.47999954223633,4700,0.0,0.0
2013-05-23 00:00:00-04:00,39.599998474121094,40.2599983215332,39.04999923706055,39.27000045776367,9418,0.0,0.0
2013-05-24 00:00:00-04:00,40.59000015258789,41.689998626708984,39.15999984741211,41.13999938964844,3336,0.0,0.0
2013-05-28 00:00:00-04:00,41.25,41.25,39.04999923706055,39.27000045776367,10009,0.0,0.0
2013-05-29 00:00:00-04:00,39.380001068115234,39.81999969482422,39.04999923706055,39.380001068115234,4027,0.0,0.0
2013-05-30 00:00:00-04:00,38.83000183105469,40.91999816894531,38.61000061035156,39.27000045776367,3182,0.0,0.0
2013-05-31 00:00:00-04:00,38.5,40.59000015258789,38.5,39.81999969482422,3982,0.0,0.0
2013-06-03 00:00:00-04:00,39.380001068115234,40.91999816894531,39.04999923706055,39.81999969482422,3464,0.0,0.0
2013-06-04 00:00:00-04:00,39.81999969482422,40.040000915527344,39.04999923706055,39.4900016784668,936,0.0,0.0
2013-06-05 00:00:00-04:00,38.939998626708984,40.59000015258789,38.61000061035156,38.61000061035156,1982,0.0,0.0
2013-06-06 00:00:00-04:00,38.5,38.939998626708984,38.5,38.61000061035156,2682,0.0,0.0
2013-06-07 00:00:00-04:00,38.61000061035156,39.93000030517578,38.61000061035156,38.939998626708984,1518,0.0,0.0
2013-06-10 00:00:00-04:00,38.720001220703125,39.4900016784668,38.720001220703125,39.27000045776367,773,0.0,0.0
2013-06-11 00:00:00-04:00,38.5,38.5,38.16999816894531,38.5,3418,0.0,0.0
2013-06-12 00:00:00-04:00,38.16999816894531,39.599998474121094,38.16999816894531,38.83000183105469,4818,0.0,0.0
2013-06-13 00:00:00-04:00,38.5,38.5,38.060001373291016,38.279998779296875,673,0.0,0.0
2013-06-14 00:00:00-04:00,38.060001373291016,38.279998779296875,38.060001373291016,38.16999816894531,636,0.0,0.0
2013-06-17 00:00:00-04:00,37.95000076293945,38.060001373291016,37.95000076293945,38.060001373291016,609,0.0,0.0
2013-06-18 00:00:00-04:00,37.95000076293945,38.279998779296875,37.95000076293945,38.060001373291016,1573,0.0,0.0
2013-06-19 00:00:00-04:00,37.95000076293945,37.95000076293945,36.7400016784668,36.959999084472656,2282,0.0,0.0
2013-06-20 00:00:00-04:00,36.849998474121094,37.400001525878906,35.75,35.75,7064,0.0,0.0
2013-06-21 00:00:00-04:00,35.75,35.75,34.650001525878906,34.7599983215332,3618,0.0,0.0
2013-06-24 00:00:00-04:00,34.650001525878906,34.97999954223633,34.099998474121094,34.209999084472656,1745,0.0,0.0
2013-06-25 00:00:00-04:00,33.54999923706055,35.75,33.54999923706055,34.099998474121094,5709,0.0,0.0
2013-06-26 00:00:00-04:00,33.65999984741211,35.75,33.54999923706055,34.31999969482422,1445,0.0,0.0
2013-06-27 00:00:00-04:00,35.20000076293945,35.41999816894531,34.31999969482422,34.540000915527344,2118,0.0,0.0
2013-06-28 00:00:00-04:00,33.11000061035156,37.95000076293945,33.11000061035156,37.95000076293945,16009,0.0,0.0
2013-07-01 00:00:00-04:00,37.400001525878906,37.84000015258789,36.189998626708984,36.29999923706055,855,0.0,0.0
2013-07-02 00:00:00-04:00,36.959999084472656,37.72999954223633,36.29999923706055,37.06999969482422,982,0.0,0.0
2013-07-03 00:00:00-04:00,36.630001068115234,37.84000015258789,36.630001068115234,37.84000015258789,336,0.0,0.0
2013-07-05 00:00:00-04:00,36.7400016784668,37.18000030517578,36.29999923706055,36.849998474121094,1073,0.0,0.0
2013-07-08 00:00:00-04:00,35.970001220703125,35.970001220703125,35.310001373291016,35.529998779296875,1227,0.0,0.0
2013-07-09 00:00:00-04:00,35.529998779296875,35.86000061035156,35.529998779296875,35.529998779296875,655,0.0,0.0
2013-07-10 00:00:00-04:00,35.529998779296875,37.95000076293945,35.20000076293945,37.5099983215332,1273,0.0,0.0
2013-07-11 00:00:00-04:00,37.400001525878906,38.38999938964844,35.970001220703125,35.970001220703125,3182,0.0,0.0
2013-07-12 00:00:00-04:00,36.849998474121094,36.849998474121094,35.75,36.40999984741211,8182,0.0,0.0
2013-07-15 00:00:00-04:00,35.970001220703125,37.18000030517578,35.970001220703125,37.18000030517578,1436,0.0,0.0
2013-07-16 00:00:00-04:00,36.29999923706055,37.400001525878906,36.08000183105469,36.52000045776367,1609,0.0,0.0
2013-07-17 00:00:00-04:00,36.29999923706055,38.38999938964844,36.29999923706055,38.279998779296875,95309,0.0,0.0
2013-07-18 00:00:00-04:00,38.720001220703125,40.150001525878906,38.61000061035156,39.380001068115234,4382,0.0,0.0
2013-07-19 00:00:00-04:00,38.61000061035156,40.70000076293945,38.61000061035156,39.81999969482422,1509,0.0,0.0
2013-07-22 00:00:00-04:00,40.150001525878906,40.70000076293945,39.380001068115234,39.709999084472656,1718,0.0,0.0
2013-07-23 00:00:00-04:00,39.27000045776367,40.150001525878906,39.27000045776367,39.599998474121094,973,0.0,0.0
2013-07-24 00:00:00-04:00,37.06999969482422,40.369998931884766,37.06999969482422,39.599998474121094,4364,0.0,0.0
2013-07-25 00:00:00-04:00,39.93000030517578,40.91999816894531,39.27000045776367,39.81999969482422,309,0.0,0.0
2013-07-26 00:00:00-04:00,39.4900016784668,40.70000076293945,39.27000045776367,39.709999084472656,527,0.0,0.0
2013-07-29 00:00:00-04:00,39.709999084472656,41.58000183105469,39.709999084472656,40.59000015258789,436,0.0,0.0
2013-07-30 00:00:00-04:00,40.150001525878906,41.36000061035156,40.150001525878906,40.810001373291016,1045,0.0,0.0
2013-07-31 00:00:00-04:00,41.13999938964844,45.540000915527344,41.13999938964844,44.54999923706055,6527,0.0,0.0
2013-08-01 00:00:00-04:00,44.54999923706055,44.54999923706055,41.90999984741211,43.88999938964844,3264,0.0,0.0
2013-08-02 00:00:00-04:00,44.54999923706055,46.20000076293945,44.439998626708984,44.77000045776367,4218,0.0,0.0
2013-08-05 00:00:00-04:00,44.65999984741211,45.97999954223633,44.33000183105469,45.869998931884766,5436,0.0,0.0
2013-08-06 00:00:00-04:00,45.97999954223633,45.97999954223633,44.11000061035156,44.11000061035156,3136,0.0,0.0
2013-08-07 00:00:00-04:00,44.220001220703125,44.880001068115234,44.0,44.54999923706055,1727,0.0,0.0
2013-08-08 00:00:00-04:00,44.439998626708984,44.439998626708984,42.56999969482422,43.88999938964844,5545,0.0,0.0
2013-08-09 00:00:00-04:00,43.22999954223633,47.849998474121094,42.56999969482422,47.52000045776367,4700,0.0,0.0
2013-08-12 00:00:00-04:00,48.400001525878906,48.400001525878906,44.33000183105469,44.33000183105469,1891,0.0,0.0
2013-08-13 00:00:00-04:00,44.0,46.63999938964844,44.0,45.650001525878906,2891,0.0,0.0
2013-08-14 00:00:00-04:00,45.099998474121094,46.41999816894531,44.33000183105469,45.540000915527344,2218,0.0,0.0
2013-08-15 00:00:00-04:00,45.099998474121094,46.20000076293945,44.880001068115234,45.43000030517578,2418,0.0,0.0
2013-08-16 00:00:00-04:00,44.65999984741211,45.31999969482422,44.54999923706055,44.880001068115234,1409,0.0,0.0
2013-08-19 00:00:00-04:00,44.439998626708984,47.29999923706055,44.11000061035156,46.09000015258789,8773,0.0,0.0
2013-08-20 00:00:00-04:00,46.09000015258789,46.75,45.650001525878906,45.650001525878906,3973,0.0,0.0
2013-08-21 00:00:00-04:00,45.7599983215332,46.529998779296875,45.099998474121094,46.529998779296875,291,0.0,0.0
2013-08-22 00:00:00-04:00,46.41999816894531,46.86000061035156,45.31999969482422,45.650001525878906,1036,0.0,0.0
2013-08-23 00:00:00-04:00,45.7599983215332,47.189998626708984,44.11000061035156,44.11000061035156,1491,0.0,0.0
2013-08-26 00:00:00-04:00,44.77000045776367,47.08000183105469,44.77000045776367,46.20000076293945,1391,0.0,0.0
2013-08-27 00:00:00-04:00,46.20000076293945,46.75,46.20000076293945,46.20000076293945,1236,0.0,0.0
2013-08-28 00:00:00-04:00,46.20000076293945,47.849998474121094,46.20000076293945,46.310001373291016,5055,0.0,0.0
2013-08-29 00:00:00-04:00,46.310001373291016,47.52000045776367,46.310001373291016,46.970001220703125,3282,0.0,0.0
2013-08-30 00:00:00-04:00,46.529998779296875,47.40999984741211,45.099998474121094,47.29999923706055,4464,0.0,0.0
2013-09-03 00:00:00-04:00,46.75,47.40999984741211,45.869998931884766,47.40999984741211,1264,0.0,0.0
2013-09-04 00:00:00-04:00,46.75,47.630001068115234,46.41999816894531,47.40999984741211,4064,0.0,0.0
2013-09-05 00:00:00-04:00,47.189998626708984,47.630001068115234,46.75,47.189998626708984,609,0.0,0.0
2013-09-06 00:00:00-04:00,46.75,48.290000915527344,42.349998474121094,45.43000030517578,11309,0.0,0.0
2013-09-09 00:00:00-04:00,45.650001525878906,46.63999938964844,44.33000183105469,46.09000015258789,4500,0.0,0.0
2013-09-10 00:00:00-04:00,45.650001525878906,46.63999938964844,44.9900016784668,46.63999938964844,1927,0.0,0.0
2013-09-11 00:00:00-04:00,46.20000076293945,46.529998779296875,45.43000030517578,46.20000076293945,1291,0.0,0.0
2013-09-12 00:00:00-04:00,46.20000076293945,46.20000076293945,44.77000045776367,46.09000015258789,4100,0.0,0.0
2013-09-13 00:00:00-04:00,45.7599983215332,46.63999938964844,45.7599983215332,46.63999938964844,655,0.0,0.0
2013-09-16 00:00:00-04:00,46.20000076293945,48.84000015258789,45.650001525878906,48.84000015258789,3791,0.0,0.0
2013-09-17 00:00:00-04:00,47.29999923706055,48.400001525878906,45.97999954223633,48.18000030517578,3382,0.0,0.0
2013-09-18 00:00:00-04:00,46.20000076293945,46.75,44.220001220703125,46.75,6827,0.0,0.0
2013-09-19 00:00:00-04:00,44.65999984741211,47.630001068115234,44.33000183105469,47.189998626708984,1791,0.0,0.0
2013-09-20 00:00:00-04:00,44.33000183105469,46.63999938964844,44.33000183105469,46.63999938964844,2436,0.0,0.0
2013-09-23 00:00:00-04:00,45.099998474121094,46.09000015258789,44.880001068115234,45.209999084472656,2300,0.0,0.0
2013-09-24 00:00:00-04:00,44.65999984741211,46.86000061035156,44.0,44.54999923706055,10327,0.0,0.0
2013-09-25 00:00:00-04:00,44.439998626708984,45.97999954223633,44.439998626708984,45.209999084472656,1200,0.0,0.0
2013-09-26 00:00:00-04:00,45.099998474121094,45.31999969482422,44.11000061035156,45.31999969482422,973,0.0,0.0
2013-09-27 00:00:00-04:00,44.880001068115234,45.650001525878906,44.54999923706055,45.209999084472656,10464,0.0,0.0
2013-09-30 00:00:00-04:00,44.880001068115234,45.97999954223633,44.65999984741211,45.97999954223633,6327,0.0,0.0
2013-10-01 00:00:00-04:00,45.31999969482422,45.869998931884766,45.31999969482422,45.869998931884766,1400,0.0,0.0
2013-10-02 00:00:00-04:00,45.209999084472656,46.529998779296875,45.209999084472656,46.529998779296875,2400,0.0,0.0
2013-10-03 00:00:00-04:00,45.650001525878906,45.869998931884766,44.65999984741211,45.31999969482422,2327,0.0,0.0
2013-10-04 00:00:00-04:00,45.099998474121094,46.41999816894531,45.099998474121094,45.31999969482422,836,0.0,0.0
2013-10-07 00:00:00-04:00,45.31999969482422,45.650001525878906,45.31999969482422,45.31999969482422,518,0.0,0.0
2013-10-08 00:00:00-04:00,45.099998474121094,45.869998931884766,44.0,44.11000061035156,2764,0.0,0.0
2013-10-09 00:00:00-04:00,44.220001220703125,44.54999923706055,43.22999954223633,43.66999816894531,2982,0.0,0.0
2013-10-10 00:00:00-04:00,44.0,44.0,43.66999816894531,43.66999816894531,1055,0.0,0.0
2013-10-11 00:00:00-04:00,43.45000076293945,44.0,43.45000076293945,43.66999816894531,1364,0.0,0.0
2013-10-14 00:00:00-04:00,43.119998931884766,43.34000015258789,42.459999084472656,42.459999084472656,1209,0.0,0.0
2013-10-15 00:00:00-04:00,42.790000915527344,42.790000915527344,42.349998474121094,42.349998474121094,818,0.0,0.0
2013-10-16 00:00:00-04:00,42.349998474121094,43.22999954223633,42.349998474121094,42.790000915527344,709,0.0,0.0
2013-10-17 00:00:00-04:00,43.34000015258789,43.45000076293945,42.790000915527344,43.45000076293945,609,0.0,0.0
2013-10-18 00:00:00-04:00,43.119998931884766,43.34000015258789,42.790000915527344,43.0099983215332,3391,0.0,0.0
2013-10-21 00:00:00-04:00,42.790000915527344,43.0099983215332,42.349998474121094,42.56999969482422,1600,0.0,0.0
2013-10-22 00:00:00-04:00,42.349998474121094,42.900001525878906,42.349998474121094,42.900001525878906,2309,0.0,0.0
2013-10-23 00:00:00-04:00,42.349998474121094,43.34000015258789,42.349998474121094,43.22999954223633,3236,0.0,0.0
2013-10-24 00:00:00-04:00,42.790000915527344,43.66999816894531,42.68000030517578,43.0099983215332,3964,0.0,0.0
2013-10-25 00:00:00-04:00,43.45000076293945,44.54999923706055,42.900001525878906,44.439998626708984,364,0.0,0.0
2013-10-28 00:00:00-04:00,44.220001220703125,45.650001525878906,43.22999954223633,44.54999923706055,2300,0.0,0.0
2013-10-29 00:00:00-04:00,44.33000183105469,44.439998626708984,43.779998779296875,44.439998626708984,227,0.0,0.0
2013-10-30 00:00:00-04:00,44.0,44.0,43.22999954223633,43.779998779296875,982,0.0,0.0
2013-10-31 00:00:00-04:00,43.560001373291016,43.560001373291016,42.130001068115234,42.130001068115234,2018,0.0,0.0
2013-11-01 00:00:00-04:00,43.22999954223633,43.560001373291016,42.349998474121094,42.900001525878906,709,0.0,0.0
2013-11-04 00:00:00-05:00,42.56999969482422,43.560001373291016,42.349998474121094,43.560001373291016,2882,0.0,0.0
2013-11-05 00:00:00-05:00,42.900001525878906,43.22999954223633,42.459999084472656,42.459999084472656,82,0.0,0.0
2013-11-06 00:00:00-05:00,42.459999084472656,43.45000076293945,42.349998474121094,42.349998474121094,791,0.0,0.0
2013-11-07 00:00:00-05:00,41.90999984741211,43.34000015258789,41.90999984741211,41.90999984741211,755,0.0,0.0
2013-11-08 00:00:00-05:00,42.130001068115234,43.34000015258789,41.25,41.25,209,0.0,0.0
2013-11-11 00:00:00-05:00,42.349998474121094,43.45000076293945,42.349998474121094,43.0099983215332,1627,0.0,0.0
2013-11-12 00:00:00-05:00,42.68000030517578,43.0099983215332,42.349998474121094,42.900001525878906,818,0.0,0.0
2013-11-13 00:00:00-05:00,42.900001525878906,43.119998931884766,42.68000030517578,42.900001525878906,573,0.0,0.0
2013-11-14 00:00:00-05:00,43.22999954223633,43.22999954223633,42.02000045776367,42.68000030517578,509,0.0,0.0
2013-11-15 00:00:00-05:00,42.56999969482422,43.560001373291016,42.56999969482422,43.119998931884766,436,0.0,0.0
2013-11-18 00:00:00-05:00,42.900001525878906,43.22999954223633,42.68000030517578,42.68000030517578,691,0.0,0.0
2013-11-19 00:00:00-05:00,42.130001068115234,43.0099983215332,41.25,42.900001525878906,1145,0.0,0.0
2013-11-20 00:00:00-05:00,42.349998474121094,44.54999923706055,42.130001068115234,44.0,1218,0.0,0.0
2013-11-21 00:00:00-05:00,42.790000915527344,43.779998779296875,42.790000915527344,43.22999954223633,836,0.0,0.0
2013-11-22 00:00:00-05:00,43.119998931884766,44.0,42.130001068115234,43.88999938964844,1273,0.0,0.0
2013-11-25 00:00:00-05:00,44.439998626708984,44.439998626708984,42.900001525878906,43.779998779296875,1609,0.0,0.0
2013-11-26 00:00:00-05:00,43.22999954223633,43.88999938964844,43.22999954223633,43.779998779296875,1636,0.0,0.0
2013-11-27 00:00:00-05:00,44.33000183105469,47.29999923706055,42.900001525878906,46.63999938964844,197645,0.0,0.0
2013-11-29 00:00:00-05:00,46.86000061035156,46.86000061035156,46.20000076293945,46.63999938964844,5145,0.0,0.0
2013-12-02 00:00:00-05:00,46.20000076293945,46.970001220703125,44.220001220703125,46.970001220703125,6691,0.0,0.0
2013-12-03 00:00:00-05:00,46.63999938964844,46.75,44.220001220703125,45.869998931884766,2727,0.0,0.0
2013-12-04 00:00:00-05:00,44.0,45.209999084472656,43.66999816894531,45.209999084472656,5236,0.0,0.0
2013-12-05 00:00:00-05:00,45.540000915527344,45.650001525878906,43.45000076293945,45.43000030517578,3045,0.0,0.0
2013-12-06 00:00:00-05:00,45.43000030517578,45.97999954223633,43.66999816894531,43.66999816894531,3409,0.0,0.0
2013-12-09 00:00:00-05:00,44.65999984741211,46.86000061035156,44.11000061035156,46.63999938964844,2082,0.0,0.0
2013-12-10 00:00:00-05:00,44.220001220703125,45.97999954223633,44.0,44.11000061035156,2891,0.0,0.0
2013-12-11 00:00:00-05:00,44.9900016784668,45.43000030517578,43.45000076293945,43.45000076293945,4145,0.0,0.0
2013-12-12 00:00:00-05:00,43.45000076293945,43.560001373291016,42.900001525878906,43.34000015258789,891,0.0,0.0
2013-12-13 00:00:00-05:00,43.0099983215332,45.31999969482422,42.459999084472656,43.22999954223633,5173,0.0,0.0
2013-12-16 00:00:00-05:00,43.0099983215332,43.45000076293945,42.349998474121094,43.34000015258789,2627,0.0,0.0
2013-12-17 00:00:00-05:00,43.34000015258789,45.209999084472656,42.900001525878906,43.119998931884766,1936,0.0,0.0
2013-12-18 00:00:00-05:00,43.66999816894531,43.66999816894531,42.349998474121094,42.790000915527344,2118,0.0,0.0
2013-12-19 00:00:00-05:00,42.349998474121094,45.099998474121094,42.349998474121094,42.900001525878906,2455,0.0,0.0
2013-12-20 00:00:00-05:00,42.56999969482422,46.86000061035156,42.56999969482422,46.86000061035156,5364,0.0,0.0
2013-12-23 00:00:00-05:00,44.0,46.86000061035156,43.66999816894531,45.97999954223633,8045,0.0,0.0
2013-12-24 00:00:00-05:00,44.220001220703125,45.43000030517578,44.0,44.220001220703125,3318,0.0,0.0
2013-12-26 00:00:00-05:00,45.099998474121094,45.099998474121094,44.0,44.65999984741211,2055,0.0,0.0
2013-12-27 00:00:00-05:00,44.9900016784668,46.20000076293945,43.779998779296875,46.09000015258789,3373,0.0,0.0
2013-12-30 00:00:00-05:00,45.540000915527344,47.29999923706055,45.540000915527344,46.75,11518,0.0,0.0
2013-12-31 00:00:00-05:00,45.540000915527344,47.08000183105469,45.209999084472656,46.09000015258789,3027,0.0,0.0
2014-01-02 00:00:00-05:00,46.20000076293945,51.70000076293945,45.869998931884766,50.380001068115234,27082,0.0,0.0
2014-01-03 00:00:00-05:00,51.59000015258789,53.349998474121094,50.27000045776367,53.130001068115234,11418,0.0,0.0
2014-01-06 00:00:00-05:00,53.349998474121094,53.349998474121094,47.959999084472656,50.599998474121094,6809,0.0,0.0
2014-01-07 00:00:00-05:00,51.150001525878906,52.689998626708984,50.15999984741211,51.040000915527344,3573,0.0,0.0
2014-01-08 00:00:00-05:00,51.150001525878906,52.689998626708984,50.380001068115234,50.380001068115234,1555,0.0,0.0
2014-01-09 00:00:00-05:00,50.15999984741211,52.79999923706055,50.15999984741211,51.810001373291016,2545,0.0,0.0
2014-01-10 00:00:00-05:00,49.5,52.90999984741211,49.5,51.810001373291016,51827,0.0,0.0
2014-01-13 00:00:00-05:00,51.150001525878906,51.59000015258789,50.599998474121094,50.709999084472656,6509,0.0,0.0
2014-01-14 00:00:00-05:00,49.5,51.150001525878906,49.38999938964844,51.150001525878906,6073,0.0,0.0
2014-01-15 00:00:00-05:00,50.27000045776367,51.59000015258789,50.15999984741211,51.040000915527344,3382,0.0,0.0
2014-01-16 00:00:00-05:00,50.599998474121094,52.470001220703125,50.599998474121094,52.470001220703125,7000,0.0,0.0
2014-01-17 00:00:00-05:00,52.470001220703125,57.09000015258789,51.810001373291016,57.09000015258789,21527,0.0,0.0
2014-01-21 00:00:00-05:00,57.09000015258789,61.81999969482422,55.0,60.38999938964844,31482,0.0,0.0
2014-01-22 00:00:00-05:00,61.04999923706055,61.04999923706055,58.849998474121094,60.16999816894531,12564,0.0,0.0
2014-01-23 00:00:00-05:00,58.7400016784668,60.5,56.099998474121094,59.290000915527344,14200,0.0,0.0
2014-01-24 00:00:00-05:00,58.29999923706055,59.290000915527344,54.34000015258789,54.560001373291016,7527,0.0,0.0
2014-01-27 00:00:00-05:00,55.9900016784668,55.9900016784668,51.2599983215332,52.79999923706055,10209,0.0,0.0
2014-01-28 00:00:00-05:00,52.689998626708984,53.459999084472656,50.709999084472656,51.47999954223633,7445,0.0,0.0
2014-01-29 00:00:00-05:00,50.4900016784668,56.540000915527344,50.04999923706055,54.119998931884766,7382,0.0,0.0
2014-01-30 00:00:00-05:00,53.68000030517578,54.88999938964844,51.70000076293945,54.22999954223633,4736,0.0,0.0
2014-01-31 00:00:00-05:00,52.36000061035156,59.5099983215332,52.36000061035156,55.11000061035156,7527,0.0,0.0
2014-02-03 00:00:00-05:00,53.56999969482422,54.779998779296875,51.59000015258789,54.45000076293945,7600,0.0,0.0
2014-02-04 00:00:00-05:00,54.45000076293945,55.0,52.90999984741211,53.900001525878906,9655,0.0,0.0
2014-02-05 00:00:00-05:00,54.22999954223633,54.88999938964844,51.91999816894531,54.560001373291016,8364,0.0,0.0
2014-02-06 00:00:00-05:00,56.099998474121094,59.400001525878906,54.119998931884766,55.11000061035156,26400,0.0,0.0
2014-02-07 00:00:00-05:00,54.779998779296875,58.08000183105469,54.779998779296875,58.08000183105469,6864,0.0,0.0
2014-02-10 00:00:00-05:00,57.20000076293945,59.18000030517578,55.33000183105469,59.18000030517578,13336,0.0,0.0
2014-02-11 00:00:00-05:00,59.95000076293945,59.95000076293945,56.099998474121094,58.189998626708984,6909,0.0,0.0
2014-02-12 00:00:00-05:00,58.189998626708984,59.06999969482422,56.209999084472656,58.40999984741211,9791,0.0,0.0
2014-02-13 00:00:00-05:00,57.41999816894531,59.400001525878906,57.09000015258789,58.849998474121094,4845,0.0,0.0
2014-02-14 00:00:00-05:00,59.18000030517578,59.290000915527344,57.529998779296875,58.7400016784668,9618,0.0,0.0
2014-02-18 00:00:00-05:00,58.849998474121094,64.23999786376953,58.849998474121094,63.25,34836,0.0,0.0
2014-02-19 00:00:00-05:00,62.59000015258789,66.0,62.040000915527344,64.9000015258789,28591,0.0,0.0
2014-02-20 00:00:00-05:00,65.44999694824219,65.77999877929688,64.23999786376953,64.9000015258789,19073,0.0,0.0
2014-02-21 00:00:00-05:00,63.470001220703125,70.4000015258789,63.470001220703125,69.62999725341797,40736,0.0,0.0
2014-02-24 00:00:00-05:00,70.7300033569336,70.83999633789062,66.55000305175781,69.8499984741211,25964,0.0,0.0
2014-02-25 00:00:00-05:00,68.97000122070312,74.02999877929688,67.6500015258789,70.51000213623047,25827,0.0,0.0
2014-02-26 00:00:00-05:00,71.5,74.25,70.4000015258789,72.16000366210938,25691,0.0,0.0
2014-02-27 00:00:00-05:00,69.41000366210938,73.37000274658203,69.30000305175781,72.2699966430664,20018,0.0,0.0
2014-02-28 00:00:00-05:00,71.5,73.80999755859375,70.62000274658203,72.81999969482422,16900,0.0,0.0
2014-03-03 00:00:00-05:00,71.83000183105469,74.80000305175781,69.73999786376953,74.25,20855,0.0,0.0
2014-03-04 00:00:00-05:00,74.80000305175781,76.44999694824219,72.81999969482422,73.1500015258789,10736,0.0,0.0
2014-03-05 00:00:00-05:00,73.1500015258789,77.0,70.62000274658203,76.12000274658203,18255,0.0,0.0
2014-03-06 00:00:00-05:00,76.44999694824219,77.7699966430664,74.80000305175781,76.33999633789062,32664,0.0,0.0
2014-03-07 00:00:00-05:00,76.44999694824219,77.33000183105469,74.58000183105469,76.77999877929688,15609,0.0,0.0
2014-03-10 00:00:00-04:00,75.9000015258789,77.44000244140625,74.91000366210938,75.68000030517578,14427,0.0,0.0
2014-03-11 00:00:00-04:00,75.0199966430664,75.9000015258789,74.80000305175781,75.45999908447266,12627,0.0,0.0
2014-03-12 00:00:00-04:00,74.58000183105469,75.79000091552734,64.9000015258789,66.44000244140625,42091,0.0,0.0
2014-03-13 00:00:00-04:00,64.79000091552734,69.08000183105469,64.3499984741211,68.08999633789062,15673,0.0,0.0
2014-03-14 00:00:00-04:00,66.55000305175781,68.63999938964844,64.9000015258789,67.76000213623047,8345,0.0,0.0
2014-03-17 00:00:00-04:00,66.98999786376953,68.75,64.9000015258789,65.77999877929688,9191,0.0,0.0
2014-03-18 00:00:00-04:00,66.55000305175781,68.52999877929688,66.0,68.08999633789062,11327,0.0,0.0
2014-03-19 00:00:00-04:00,67.54000091552734,69.8499984741211,67.54000091552734,67.9800033569336,6091,0.0,0.0
2014-03-20 00:00:00-04:00,68.19999694824219,68.19999694824219,65.01000213623047,66.11000061035156,17555,0.0,0.0
2014-03-21 00:00:00-04:00,66.66000366210938,72.81999969482422,65.12000274658203,72.81999969482422,40882,0.0,0.0
2014-03-24 00:00:00-04:00,71.5,71.5,65.2300033569336,65.88999938964844,15809,0.0,0.0
2014-03-25 00:00:00-04:00,64.9000015258789,65.88999938964844,63.36000061035156,65.44999694824219,9482,0.0,0.0
2014-03-26 00:00:00-04:00,65.55999755859375,66.7699966430664,61.04999923706055,63.13999938964844,15782,0.0,0.0
2014-03-27 00:00:00-04:00,62.70000076293945,64.12999725341797,54.0099983215332,63.13999938964844,14936,0.0,0.0
2014-03-28 00:00:00-04:00,62.810001373291016,65.77999877929688,62.47999954223633,63.36000061035156,9827,0.0,0.0
2014-03-31 00:00:00-04:00,65.12000274658203,67.54000091552734,64.9000015258789,67.20999908447266,15445,0.0,0.0
2014-04-01 00:00:00-04:00,67.76000213623047,67.87000274658203,65.44999694824219,66.87999725341797,11282,0.0,0.0
2014-04-02 00:00:00-04:00,66.55000305175781,67.0999984741211,65.33999633789062,66.11000061035156,10209,0.0,0.0
2014-04-03 00:00:00-04:00,65.66999816894531,66.11000061035156,61.81999969482422,62.810001373291016,12800,0.0,0.0
2014-04-04 00:00:00-04:00,62.91999816894531,64.3499984741211,59.290000915527344,62.040000915527344,21509,0.0,0.0
2014-04-07 00:00:00-04:00,61.380001068115234,62.59000015258789,59.95000076293945,62.040000915527344,7800,0.0,0.0
2014-04-08 00:00:00-04:00,62.040000915527344,63.13999938964844,59.72999954223633,62.369998931884766,23400,0.0,0.0
2014-04-09 00:00:00-04:00,63.029998779296875,66.0,60.38999938964844,65.88999938964844,8045,0.0,0.0
2014-04-10 00:00:00-04:00,64.3499984741211,65.88999938964844,63.029998779296875,64.3499984741211,10064,0.0,0.0
2014-04-11 00:00:00-04:00,63.689998626708984,65.2300033569336,63.029998779296875,63.36000061035156,7455,0.0,0.0
2014-04-14 00:00:00-04:00,63.58000183105469,65.44999694824219,60.38999938964844,61.81999969482422,14936,0.0,0.0
2014-04-15 00:00:00-04:00,61.4900016784668,61.4900016784668,55.11000061035156,58.630001068115234,25191,0.0,0.0
2014-04-16 00:00:00-04:00,58.849998474121094,60.939998626708984,54.88999938964844,56.7599983215332,15345,0.0,0.0
2014-04-17 00:00:00-04:00,57.09000015258789,60.5,56.43000030517578,60.16999816894531,10373,0.0,0.0
2014-04-21 00:00:00-04:00,58.08000183105469,63.90999984741211,57.970001220703125,63.029998779296875,10391,0.0,0.0
2014-04-22 00:00:00-04:00,62.91999816894531,65.88999938964844,62.59000015258789,65.88999938964844,8027,0.0,0.0
2014-04-23 00:00:00-04:00,64.45999908447266,64.79000091552734,60.720001220703125,61.380001068115234,8400,0.0,0.0
2014-04-24 00:00:00-04:00,64.12999725341797,64.79000091552734,60.279998779296875,64.56999969482422,10200,0.0,0.0
2014-04-25 00:00:00-04:00,64.0199966430664,64.0199966430664,59.619998931884766,59.72999954223633,5518,0.0,0.0
2014-04-28 00:00:00-04:00,60.16999816894531,62.70000076293945,58.52000045776367,61.27000045776367,9418,0.0,0.0
2014-04-29 00:00:00-04:00,42.349998474121094,48.72999954223633,38.5,40.47999954223633,94100,0.0,0.0
2014-04-30 00:00:00-04:00,39.599998474121094,41.13999938964844,38.720001220703125,40.59000015258789,22155,0.0,0.0
2014-05-01 00:00:00-04:00,41.25,45.650001525878906,39.709999084472656,40.369998931884766,32355,0.0,0.0
2014-05-02 00:00:00-04:00,39.81999969482422,40.47999954223633,38.5,39.4900016784668,7818,0.0,0.0
2014-05-05 00:00:00-04:00,38.5,38.5,35.75,36.52000045776367,13073,0.0,0.0
2014-05-06 00:00:00-04:00,36.29999923706055,38.060001373291016,36.29999923706055,36.52000045776367,9709,0.0,0.0
2014-05-07 00:00:00-04:00,36.29999923706055,37.400001525878906,34.97999954223633,35.63999938964844,13945,0.0,0.0
2014-05-08 00:00:00-04:00,33.0,35.09000015258789,31.459999084472656,33.439998626708984,60536,0.0,0.0
2014-05-09 00:00:00-04:00,32.88999938964844,33.880001068115234,31.68000030517578,33.11000061035156,19900,0.0,0.0
2014-05-12 00:00:00-04:00,31.899999618530273,32.45000076293945,31.350000381469727,31.68000030517578,22891,0.0,0.0
2014-05-13 00:00:00-04:00,30.690000534057617,31.56999969482422,30.25,31.020000457763672,24327,0.0,0.0
2014-05-14 00:00:00-04:00,31.56999969482422,32.34000015258789,30.90999984741211,31.350000381469727,8145,0.0,0.0
2014-05-15 00:00:00-04:00,31.899999618530273,32.22999954223633,30.90999984741211,31.350000381469727,14245,0.0,0.0
2014-05-16 00:00:00-04:00,31.350000381469727,31.899999618530273,30.690000534057617,31.459999084472656,7336,0.0,0.0
2014-05-19 00:00:00-04:00,31.56999969482422,31.68000030517578,30.799999237060547,31.350000381469727,5973,0.0,0.0
2014-05-20 00:00:00-04:00,30.90999984741211,31.459999084472656,30.25,30.799999237060547,10791,0.0,0.0
2014-05-21 00:00:00-04:00,30.690000534057617,31.020000457763672,30.25,30.690000534057617,11691,0.0,0.0
2014-05-22 00:00:00-04:00,30.469999313354492,31.68000030517578,30.25,31.1299991607666,8164,0.0,0.0
2014-05-23 00:00:00-04:00,30.799999237060547,31.459999084472656,30.469999313354492,30.799999237060547,8345,0.0,0.0
2014-05-27 00:00:00-04:00,30.579999923706055,31.020000457763672,30.360000610351562,30.799999237060547,5782,0.0,0.0
2014-05-28 00:00:00-04:00,31.1299991607666,31.350000381469727,30.360000610351562,30.690000534057617,3900,0.0,0.0
2014-05-29 00:00:00-04:00,30.690000534057617,30.90999984741211,30.360000610351562,30.469999313354492,5936,0.0,0.0
2014-05-30 00:00:00-04:00,30.579999923706055,30.799999237060547,29.479999542236328,29.59000015258789,9527,0.0,0.0
2014-06-02 00:00:00-04:00,30.030000686645508,31.020000457763672,28.049999237060547,28.15999984741211,23791,0.0,0.0
2014-06-03 00:00:00-04:00,28.15999984741211,29.149999618530273,26.290000915527344,27.059999465942383,26645,0.0,0.0
2014-06-04 00:00:00-04:00,26.290000915527344,27.059999465942383,26.290000915527344,26.399999618530273,8364,0.0,0.0
2014-06-05 00:00:00-04:00,26.950000762939453,26.950000762939453,25.850000381469727,25.959999084472656,7891,0.0,0.0
2014-06-06 00:00:00-04:00,25.959999084472656,27.059999465942383,25.959999084472656,26.6200008392334,8655,0.0,0.0
2014-06-09 00:00:00-04:00,26.84000015258789,26.84000015258789,25.959999084472656,26.6200008392334,36600,0.0,0.0
2014-06-10 00:00:00-04:00,26.6200008392334,30.139999389648438,26.399999618530273,29.479999542236328,26164,0.0,0.0
2014-06-11 00:00:00-04:00,29.3700008392334,34.650001525878906,29.260000228881836,33.77000045776367,27127,0.0,0.0
2014-06-12 00:00:00-04:00,33.54999923706055,34.099998474121094,32.22999954223633,33.54999923706055,9509,0.0,0.0
2014-06-13 00:00:00-04:00,36.959999084472656,38.16999816894531,35.20000076293945,37.18000030517578,30118,0.0,0.0
2014-06-16 00:00:00-04:00,36.29999923706055,36.630001068115234,35.20000076293945,35.63999938964844,9255,0.0,0.0
2014-06-17 00:00:00-04:00,35.09000015258789,36.40999984741211,33.54999923706055,35.41999816894531,7300,0.0,0.0
2014-06-18 00:00:00-04:00,35.20000076293945,36.29999923706055,35.20000076293945,36.29999923706055,3391,0.0,0.0
2014-06-19 00:00:00-04:00,36.7400016784668,36.959999084472656,35.63999938964844,36.7400016784668,3891,0.0,0.0
2014-06-20 00:00:00-04:00,36.849998474121094,38.720001220703125,36.40999984741211,38.5,12845,0.0,0.0
2014-06-23 00:00:00-04:00,38.38999938964844,38.5,35.86000061035156,36.189998626708984,6418,0.0,0.0
2014-06-24 00:00:00-04:00,36.29999923706055,37.06999969482422,34.209999084472656,34.31999969482422,7127,0.0,0.0
2014-06-25 00:00:00-04:00,34.209999084472656,34.31999969482422,31.899999618530273,32.88999938964844,6964,0.0,0.0
2014-06-26 00:00:00-04:00,33.0,33.220001220703125,31.350000381469727,31.68000030517578,11618,0.0,0.0
2014-06-27 00:00:00-04:00,31.459999084472656,31.459999084472656,30.139999389648438,30.139999389648438,19791,0.0,0.0
2014-06-30 00:00:00-04:00,30.690000534057617,31.790000915527344,30.360000610351562,31.350000381469727,7655,0.0,0.0
2014-07-01 00:00:00-04:00,31.68000030517578,33.439998626708984,31.68000030517578,32.45000076293945,10018,0.0,0.0
2014-07-02 00:00:00-04:00,32.45000076293945,34.209999084472656,31.68000030517578,33.33000183105469,12218,0.0,0.0
2014-07-03 00:00:00-04:00,33.439998626708984,34.7599983215332,33.33000183105469,33.77000045776367,10009,0.0,0.0
2014-07-07 00:00:00-04:00,33.77000045776367,34.099998474121094,33.11000061035156,33.11000061035156,6064,0.0,0.0
2014-07-08 00:00:00-04:00,33.0,33.0,31.68000030517578,32.22999954223633,7318,0.0,0.0
2014-07-09 00:00:00-04:00,32.0099983215332,33.0,31.899999618530273,33.0,8773,0.0,0.0
2014-07-10 00:00:00-04:00,32.66999816894531,33.9900016784668,31.899999618530273,33.220001220703125,11582,0.0,0.0
2014-07-11 00:00:00-04:00,33.54999923706055,34.650001525878906,33.0,33.77000045776367,6264,0.0,0.0
2014-07-14 00:00:00-04:00,33.880001068115234,35.310001373291016,32.779998779296875,34.97999954223633,7664,0.0,0.0
2014-07-15 00:00:00-04:00,34.650001525878906,34.650001525878906,32.22999954223633,33.33000183105469,8609,0.0,0.0
2014-07-16 00:00:00-04:00,33.439998626708984,33.65999984741211,32.779998779296875,33.0,5809,0.0,0.0
2014-07-17 00:00:00-04:00,33.0,33.33000183105469,32.779998779296875,33.0,4727,0.0,0.0
2014-07-18 00:00:00-04:00,33.33000183105469,33.9900016784668,33.11000061035156,33.11000061035156,1345,0.0,0.0
2014-07-21 00:00:00-04:00,32.66999816894531,34.099998474121094,32.66999816894531,33.33000183105469,2845,0.0,0.0
2014-07-22 00:00:00-04:00,33.439998626708984,33.54999923706055,32.66999816894531,33.33000183105469,2827,0.0,0.0
2014-07-23 00:00:00-04:00,33.0,33.439998626708984,32.560001373291016,33.439998626708984,6400,0.0,0.0
2014-07-24 00:00:00-04:00,33.0,34.31999969482422,32.88999938964844,33.880001068115234,4182,0.0,0.0
2014-07-25 00:00:00-04:00,33.65999984741211,34.209999084472656,33.33000183105469,33.65999984741211,2382,0.0,0.0
2014-07-28 00:00:00-04:00,33.33000183105469,33.54999923706055,32.45000076293945,32.45000076293945,2573,0.0,0.0
2014-07-29 00:00:00-04:00,32.45000076293945,37.06999969482422,32.45000076293945,36.7400016784668,12264,0.0,0.0
2014-07-30 00:00:00-04:00,37.18000030517578,37.84000015258789,34.650001525878906,35.970001220703125,6718,0.0,0.0
2014-07-31 00:00:00-04:00,35.75,35.970001220703125,34.099998474121094,35.310001373291016,4582,0.0,0.0
2014-08-01 00:00:00-04:00,26.06999969482422,28.3799991607666,25.190000534057617,26.6200008392334,142964,0.0,0.0
2014-08-04 00:00:00-04:00,26.510000228881836,27.280000686645508,25.40999984741211,27.280000686645508,19227,0.0,0.0
2014-08-05 00:00:00-04:00,26.950000762939453,28.3799991607666,26.729999542236328,28.15999984741211,16700,0.0,0.0
2014-08-06 00:00:00-04:00,28.270000457763672,28.709999084472656,27.610000610351562,28.489999771118164,6327,0.0,0.0
2014-08-07 00:00:00-04:00,28.3799991607666,28.3799991607666,27.5,28.270000457763672,12373,0.0,0.0
2014-08-08 00:00:00-04:00,27.610000610351562,28.270000457763672,27.610000610351562,28.270000457763672,12636,0.0,0.0
2014-08-11 00:00:00-04:00,28.049999237060547,28.049999237060547,26.950000762939453,27.5,3518,0.0,0.0
2014-08-12 00:00:00-04:00,27.719999313354492,27.719999313354492,26.729999542236328,26.84000015258789,2373,0.0,0.0
2014-08-13 00:00:00-04:00,26.729999542236328,27.389999389648438,26.510000228881836,26.950000762939453,2536,0.0,0.0
2014-08-14 00:00:00-04:00,27.170000076293945,27.280000686645508,26.84000015258789,26.950000762939453,3291,0.0,0.0
2014-08-15 00:00:00-04:00,26.950000762939453,27.5,26.729999542236328,27.5,1800,0.0,0.0
2014-08-18 00:00:00-04:00,26.399999618530273,27.280000686645508,26.399999618530273,27.280000686645508,4082,0.0,0.0
2014-08-19 00:00:00-04:00,26.950000762939453,27.280000686645508,26.6200008392334,26.729999542236328,2018,0.0,0.0
2014-08-20 00:00:00-04:00,26.510000228881836,26.729999542236328,26.290000915527344,26.729999542236328,4418,0.0,0.0
2014-08-21 00:00:00-04:00,26.950000762939453,26.950000762939453,25.850000381469727,26.290000915527344,3736,0.0,0.0
2014-08-22 00:00:00-04:00,26.18000030517578,26.510000228881836,25.520000457763672,25.850000381469727,2591,0.0,0.0
2014-08-25 00:00:00-04:00,26.290000915527344,27.170000076293945,26.290000915527344,26.510000228881836,2000,0.0,0.0
2014-08-26 00:00:00-04:00,26.6200008392334,27.280000686645508,26.18000030517578,26.6200008392334,5355,0.0,0.0
2014-08-27 00:00:00-04:00,26.399999618530273,26.510000228881836,25.520000457763672,26.399999618530273,3891,0.0,0.0
2014-08-28 00:00:00-04:00,25.959999084472656,26.290000915527344,25.6299991607666,25.739999771118164,1627,0.0,0.0
2014-08-29 00:00:00-04:00,25.520000457763672,26.06999969482422,25.299999237060547,25.299999237060547,2427,0.0,0.0
2014-09-02 00:00:00-04:00,25.520000457763672,25.850000381469727,25.299999237060547,25.6299991607666,1055,0.0,0.0
2014-09-03 00:00:00-04:00,25.299999237060547,25.299999237060547,24.860000610351562,25.079999923706055,4055,0.0,0.0
2014-09-04 00:00:00-04:00,25.299999237060547,25.299999237060547,24.75,25.079999923706055,3236,0.0,0.0
2014-09-05 00:00:00-04:00,25.190000534057617,25.299999237060547,24.860000610351562,25.190000534057617,2782,0.0,0.0
2014-09-08 00:00:00-04:00,25.299999237060547,25.959999084472656,25.190000534057617,25.6299991607666,2782,0.0,0.0
2014-09-09 00:00:00-04:00,25.520000457763672,25.739999771118164,25.190000534057617,25.299999237060547,1391,0.0,0.0
2014-09-10 00:00:00-04:00,25.520000457763672,25.520000457763672,25.079999923706055,25.40999984741211,2164,0.0,0.0
2014-09-11 00:00:00-04:00,25.079999923706055,25.520000457763672,24.969999313354492,24.969999313354492,3245,0.0,0.0
2014-09-12 00:00:00-04:00,25.190000534057617,25.520000457763672,25.190000534057617,25.299999237060547,1464,0.0,0.0
2014-09-15 00:00:00-04:00,25.6299991607666,25.6299991607666,24.860000610351562,24.860000610351562,2936,0.0,0.0
2014-09-16 00:00:00-04:00,24.860000610351562,25.299999237060547,24.09000015258789,24.530000686645508,4827,0.0,0.0
2014-09-17 00:00:00-04:00,24.639999389648438,24.639999389648438,23.100000381469727,24.09000015258789,11600,0.0,0.0
2014-09-18 00:00:00-04:00,24.420000076293945,24.420000076293945,23.760000228881836,24.09000015258789,3673,0.0,0.0
2014-09-19 00:00:00-04:00,23.760000228881836,25.079999923706055,23.540000915527344,25.079999923706055,2764,0.0,0.0
2014-09-22 00:00:00-04:00,24.639999389648438,24.75,23.979999542236328,24.09000015258789,4227,0.0,0.0
2014-09-23 00:00:00-04:00,23.649999618530273,23.8700008392334,23.43000030517578,23.649999618530273,9282,0.0,0.0
2014-09-24 00:00:00-04:00,23.31999969482422,24.860000610351562,23.100000381469727,23.979999542236328,5282,0.0,0.0
2014-09-25 00:00:00-04:00,23.649999618530273,27.389999389648438,23.649999618530273,25.6299991607666,11818,0.0,0.0
2014-09-26 00:00:00-04:00,24.860000610351562,27.829999923706055,24.200000762939453,27.059999465942383,20727,0.0,0.0
2014-09-29 00:00:00-04:00,27.610000610351562,27.719999313354492,25.520000457763672,27.170000076293945,14209,0.0,0.0
2014-09-30 00:00:00-04:00,26.510000228881836,27.5,26.510000228881836,27.170000076293945,10718,0.0,0.0
2014-10-01 00:00:00-04:00,27.5,27.5,26.6200008392334,26.950000762939453,2845,0.0,0.0
2014-10-02 00:00:00-04:00,26.6200008392334,26.950000762939453,26.399999618530273,26.84000015258789,2564,0.0,0.0
2014-10-03 00:00:00-04:00,26.950000762939453,28.3799991607666,26.6200008392334,27.829999923706055,5800,0.0,0.0
2014-10-06 00:00:00-04:00,27.719999313354492,28.489999771118164,27.389999389648438,27.389999389648438,2491,0.0,0.0
2014-10-07 00:00:00-04:00,26.950000762939453,27.280000686645508,26.950000762939453,26.950000762939453,1236,0.0,0.0
2014-10-08 00:00:00-04:00,26.729999542236328,27.170000076293945,26.399999618530273,26.729999542236328,3055,0.0,0.0
2014-10-09 00:00:00-04:00,26.399999618530273,26.84000015258789,26.18000030517578,26.510000228881836,2864,0.0,0.0
2014-10-10 00:00:00-04:00,26.290000915527344,26.729999542236328,25.959999084472656,26.510000228881836,1182,0.0,0.0
2014-10-13 00:00:00-04:00,26.290000915527344,26.6200008392334,25.959999084472656,26.18000030517578,3173,0.0,0.0
2014-10-14 00:00:00-04:00,26.18000030517578,27.170000076293945,25.739999771118164,26.950000762939453,2291,0.0,0.0
2014-10-15 00:00:00-04:00,26.399999618530273,26.84000015258789,26.18000030517578,26.510000228881836,2564,0.0,0.0
2014-10-16 00:00:00-04:00,25.299999237060547,26.729999542236328,25.299999237060547,26.06999969482422,2509,0.0,0.0
2014-10-17 00:00:00-04:00,26.290000915527344,26.399999618530273,26.18000030517578,26.399999618530273,4327,0.0,0.0
2014-10-20 00:00:00-04:00,26.06999969482422,27.170000076293945,26.06999969482422,27.059999465942383,1227,0.0,0.0
2014-10-21 00:00:00-04:00,27.059999465942383,27.280000686645508,26.510000228881836,27.170000076293945,1791,0.0,0.0
2014-10-22 00:00:00-04:00,27.829999923706055,27.829999923706055,26.84000015258789,27.059999465942383,791,0.0,0.0
2014-10-23 00:00:00-04:00,26.6200008392334,28.049999237060547,26.399999618530273,26.950000762939453,2264,0.0,0.0
2014-10-24 00:00:00-04:00,26.84000015258789,26.950000762939453,25.6299991607666,26.84000015258789,2636,0.0,0.0
2014-10-27 00:00:00-04:00,26.510000228881836,26.84000015258789,26.510000228881836,26.729999542236328,218,0.0,0.0
2014-10-28 00:00:00-04:00,26.6200008392334,27.5,26.399999618530273,27.170000076293945,3855,0.0,0.0
2014-10-29 00:00:00-04:00,26.6200008392334,26.950000762939453,26.6200008392334,26.84000015258789,1291,0.0,0.0
2014-10-30 00:00:00-04:00,26.6200008392334,26.6200008392334,26.06999969482422,26.399999618530273,4645,0.0,0.0
2014-10-31 00:00:00-04:00,26.399999618530273,26.950000762939453,26.399999618530273,26.950000762939453,2236,0.0,0.0
2014-11-03 00:00:00-05:00,26.84000015258789,26.950000762939453,26.6200008392334,26.950000762939453,1700,0.0,0.0
2014-11-04 00:00:00-05:00,26.729999542236328,26.84000015258789,25.6299991607666,26.18000030517578,1355,0.0,0.0
2014-11-05 00:00:00-05:00,25.959999084472656,26.950000762939453,25.079999923706055,25.6299991607666,6791,0.0,0.0
2014-11-06 00:00:00-05:00,25.40999984741211,25.520000457763672,24.75,25.40999984741211,4364,0.0,0.0
2014-11-07 00:00:00-05:00,24.200000762939453,25.40999984741211,24.200000762939453,25.299999237060547,13482,0.0,0.0
2014-11-10 00:00:00-05:00,24.75,25.739999771118164,24.75,24.860000610351562,4136,0.0,0.0
2014-11-11 00:00:00-05:00,24.530000686645508,25.299999237060547,24.530000686645508,24.860000610351562,736,0.0,0.0
2014-11-12 00:00:00-05:00,24.75,25.299999237060547,24.75,25.190000534057617,1045,0.0,0.0
2014-11-13 00:00:00-05:00,24.75,24.860000610351562,24.639999389648438,24.75,5173,0.0,0.0
2014-11-14 00:00:00-05:00,24.309999465942383,24.860000610351562,23.8700008392334,24.75,2745,0.0,0.0
2014-11-17 00:00:00-05:00,25.190000534057617,25.299999237060547,24.639999389648438,24.639999389648438,4518,0.0,0.0
2014-11-18 00:00:00-05:00,24.639999389648438,25.190000534057617,24.639999389648438,24.75,2264,0.0,0.0
2014-11-19 00:00:00-05:00,25.190000534057617,25.190000534057617,24.309999465942383,24.420000076293945,1973,0.0,0.0
2014-11-20 00:00:00-05:00,24.420000076293945,25.190000534057617,24.420000076293945,24.530000686645508,1409,0.0,0.0
2014-11-21 00:00:00-05:00,24.200000762939453,24.969999313354492,24.200000762939453,24.200000762939453,6145,0.0,0.0
2014-11-24 00:00:00-05:00,23.979999542236328,24.75,23.649999618530273,24.200000762939453,14800,0.0,0.0
2014-11-25 00:00:00-05:00,24.200000762939453,24.309999465942383,24.09000015258789,24.200000762939453,1764,0.0,0.0
2014-11-26 00:00:00-05:00,23.8700008392334,24.639999389648438,23.8700008392334,23.979999542236328,2045,0.0,0.0
2014-11-28 00:00:00-05:00,23.979999542236328,24.75,23.979999542236328,24.200000762939453,2000,0.0,0.0
2014-12-01 00:00:00-05:00,23.760000228881836,24.75,23.760000228881836,24.639999389648438,5182,0.0,0.0
2014-12-02 00:00:00-05:00,24.309999465942383,24.969999313354492,24.200000762939453,24.530000686645508,4064,0.0,0.0
2014-12-03 00:00:00-05:00,24.420000076293945,25.520000457763672,24.09000015258789,25.079999923706055,80173,0.0,0.0
2014-12-04 00:00:00-05:00,25.299999237060547,25.40999984741211,23.979999542236328,23.979999542236328,15118,0.0,0.0
2014-12-05 00:00:00-05:00,24.200000762939453,25.299999237060547,24.200000762939453,24.309999465942383,18545,0.0,0.0
2014-12-08 00:00:00-05:00,24.09000015258789,25.299999237060547,23.979999542236328,23.979999542236328,4473,0.0,0.0
2014-12-09 00:00:00-05:00,23.649999618530273,25.190000534057617,23.649999618530273,24.75,8973,0.0,0.0
2014-12-10 00:00:00-05:00,24.75,25.40999984741211,23.649999618530273,23.649999618530273,41291,0.0,0.0
2014-12-11 00:00:00-05:00,24.09000015258789,25.520000457763672,24.09000015258789,24.969999313354492,2491,0.0,0.0
2014-12-12 00:00:00-05:00,24.75,26.18000030517578,24.75,25.520000457763672,13964,0.0,0.0
2014-12-15 00:00:00-05:00,25.6299991607666,27.170000076293945,25.40999984741211,25.40999984741211,2909,0.0,0.0
2014-12-16 00:00:00-05:00,25.190000534057617,25.6299991607666,24.860000610351562,25.299999237060547,6400,0.0,0.0
2014-12-17 00:00:00-05:00,25.40999984741211,27.170000076293945,25.079999923706055,26.729999542236328,6791,0.0,0.0
2014-12-18 00:00:00-05:00,26.510000228881836,27.170000076293945,26.399999618530273,26.399999618530273,33500,0.0,0.0
2014-12-19 00:00:00-05:00,26.729999542236328,27.5,26.06999969482422,26.84000015258789,54273,0.0,0.0
2014-12-22 00:00:00-05:00,26.6200008392334,26.6200008392334,25.6299991607666,25.739999771118164,3891,0.0,0.0
2014-12-23 00:00:00-05:00,25.520000457763672,25.959999084472656,24.75,24.860000610351562,13782,0.0,0.0
2014-12-24 00:00:00-05:00,24.75,27.389999389648438,24.75,24.860000610351562,2827,0.0,0.0
2014-12-26 00:00:00-05:00,25.079999923706055,25.299999237060547,24.420000076293945,24.75,2645,0.0,0.0
2014-12-29 00:00:00-05:00,24.420000076293945,25.190000534057617,24.200000762939453,24.200000762939453,26609,0.0,0.0
2014-12-30 00:00:00-05:00,24.200000762939453,24.860000610351562,24.200000762939453,24.530000686645508,32027,0.0,0.0
2014-12-31 00:00:00-05:00,24.09000015258789,25.299999237060547,23.979999542236328,24.639999389648438,37836,0.0,0.0
2015-01-02 00:00:00-05:00,24.420000076293945,27.059999465942383,24.309999465942383,27.059999465942383,5300,0.0,0.0
2015-01-05 00:00:00-05:00,27.280000686645508,32.22999954223633,26.729999542236328,31.350000381469727,140073,0.0,0.0
2015-01-06 00:00:00-05:00,32.88999938964844,33.0,28.93000030517578,29.149999618530273,57664,0.0,0.0
2015-01-07 00:00:00-05:00,29.920000076293945,30.90999984741211,28.600000381469727,29.920000076293945,67955,0.0,0.0
2015-01-08 00:00:00-05:00,30.25,31.020000457763672,29.260000228881836,29.260000228881836,26682,0.0,0.0
2015-01-09 00:00:00-05:00,29.260000228881836,31.68000030517578,28.049999237060547,29.920000076293945,69273,0.0,0.0
2015-01-12 00:00:00-05:00,30.25,30.90999984741211,30.25,30.690000534057617,14718,0.0,0.0
2015-01-13 00:00:00-05:00,30.469999313354492,31.239999771118164,29.59000015258789,29.59000015258789,7436,0.0,0.0
2015-01-14 00:00:00-05:00,29.809999465942383,30.469999313354492,29.260000228881836,30.139999389648438,3327,0.0,0.0
2015-01-15 00:00:00-05:00,30.25,30.469999313354492,28.3799991607666,28.709999084472656,7245,0.0,0.0
2015-01-16 00:00:00-05:00,29.920000076293945,29.920000076293945,28.3799991607666,29.3700008392334,5500,0.0,0.0
2015-01-20 00:00:00-05:00,29.040000915527344,29.809999465942383,28.600000381469727,28.709999084472656,12836,0.0,0.0
2015-01-21 00:00:00-05:00,28.600000381469727,28.600000381469727,27.5,27.610000610351562,7909,0.0,0.0
2015-01-22 00:00:00-05:00,27.5,28.049999237060547,25.6299991607666,27.280000686645508,12255,0.0,0.0
2015-01-23 00:00:00-05:00,26.6200008392334,27.940000534057617,25.850000381469727,26.510000228881836,4955,0.0,0.0
2015-01-26 00:00:00-05:00,26.6200008392334,29.040000915527344,26.6200008392334,29.040000915527344,5491,0.0,0.0
2015-01-27 00:00:00-05:00,28.93000030517578,28.93000030517578,27.610000610351562,28.049999237060547,3164,0.0,0.0
2015-01-28 00:00:00-05:00,28.489999771118164,28.489999771118164,27.5,27.610000610351562,1873,0.0,0.0
2015-01-29 00:00:00-05:00,27.059999465942383,27.940000534057617,26.18000030517578,26.510000228881836,4973,0.0,0.0
2015-01-30 00:00:00-05:00,26.510000228881836,27.5,26.399999618530273,26.399999618530273,2082,0.0,0.0
2015-02-02 00:00:00-05:00,25.850000381469727,27.610000610351562,25.850000381469727,26.399999618530273,4236,0.0,0.0
2015-02-03 00:00:00-05:00,26.290000915527344,28.270000457763672,26.290000915527344,26.950000762939453,3527,0.0,0.0
2015-02-04 00:00:00-05:00,27.5,28.3799991607666,26.399999618530273,27.280000686645508,2418,0.0,0.0
2015-02-05 00:00:00-05:00,29.920000076293945,31.350000381469727,24.860000610351562,27.280000686645508,27982,0.0,0.0
2015-02-06 00:00:00-05:00,26.84000015258789,27.170000076293945,26.18000030517578,26.950000762939453,5627,0.0,0.0
2015-02-09 00:00:00-05:00,26.510000228881836,27.059999465942383,26.510000228881836,26.6200008392334,3300,0.0,0.0
2015-02-10 00:00:00-05:00,26.84000015258789,29.149999618530273,26.510000228881836,28.709999084472656,5964,0.0,0.0
2015-02-11 00:00:00-05:00,28.81999969482422,29.149999618530273,28.15999984741211,28.15999984741211,2409,0.0,0.0
2015-02-12 00:00:00-05:00,28.489999771118164,29.260000228881836,27.170000076293945,29.260000228881836,3336,0.0,0.0
2015-02-13 00:00:00-05:00,25.850000381469727,29.3700008392334,25.850000381469727,28.600000381469727,5664,0.0,0.0
2015-02-17 00:00:00-05:00,28.600000381469727,29.040000915527344,28.270000457763672,28.3799991607666,5391,0.0,0.0
2015-02-18 00:00:00-05:00,28.3799991607666,28.489999771118164,28.15999984741211,28.270000457763672,1209,0.0,0.0
2015-02-19 00:00:00-05:00,28.270000457763672,28.270000457763672,27.170000076293945,27.719999313354492,2755,0.0,0.0
2015-02-20 00:00:00-05:00,27.610000610351562,28.049999237060547,26.399999618530273,27.059999465942383,20418,0.0,0.0
2015-02-23 00:00:00-05:00,27.389999389648438,27.389999389648438,26.729999542236328,27.170000076293945,2227,0.0,0.0
2015-02-24 00:00:00-05:00,26.950000762939453,28.489999771118164,26.729999542236328,26.950000762939453,10227,0.0,0.0
2015-02-25 00:00:00-05:00,26.399999618530273,27.719999313354492,26.290000915527344,27.280000686645508,10655,0.0,0.0
2015-02-26 00:00:00-05:00,27.5,28.270000457763672,27.5,27.940000534057617,19700,0.0,0.0
2015-02-27 00:00:00-05:00,26.6200008392334,28.270000457763672,26.6200008392334,27.719999313354492,7373,0.0,0.0
2015-03-02 00:00:00-05:00,28.15999984741211,28.270000457763672,27.610000610351562,28.270000457763672,9882,0.0,0.0
2015-03-03 00:00:00-05:00,28.270000457763672,28.270000457763672,27.719999313354492,28.049999237060547,4727,0.0,0.0
2015-03-04 00:00:00-05:00,28.270000457763672,28.270000457763672,27.829999923706055,28.049999237060547,9536,0.0,0.0
2015-03-05 00:00:00-05:00,27.059999465942383,27.5,25.520000457763672,26.399999618530273,96864,0.0,0.0
2015-03-06 00:00:00-05:00,26.399999618530273,26.729999542236328,26.18000030517578,26.6200008392334,15055,0.0,0.0
2015-03-09 00:00:00-04:00,26.510000228881836,26.950000762939453,26.290000915527344,26.950000762939453,11509,0.0,0.0
2015-03-10 00:00:00-04:00,26.510000228881836,26.950000762939453,26.399999618530273,26.729999542236328,7882,0.0,0.0
2015-03-11 00:00:00-04:00,26.84000015258789,26.84000015258789,26.290000915527344,26.399999618530273,7109,0.0,0.0
2015-03-12 00:00:00-04:00,26.399999618530273,26.6200008392334,26.399999618530273,26.510000228881836,4809,0.0,0.0
2015-03-13 00:00:00-04:00,26.510000228881836,26.729999542236328,26.399999618530273,26.510000228881836,3509,0.0,0.0
2015-03-16 00:00:00-04:00,26.290000915527344,27.829999923706055,25.739999771118164,26.399999618530273,30118,0.0,0.0
2015-03-17 00:00:00-04:00,26.399999618530273,26.950000762939453,26.399999618530273,26.950000762939453,3864,0.0,0.0
2015-03-18 00:00:00-04:00,26.6200008392334,27.170000076293945,26.510000228881836,26.6200008392334,2955,0.0,0.0
2015-03-19 00:00:00-04:00,26.399999618530273,27.389999389648438,26.399999618530273,27.170000076293945,9245,0.0,0.0
2015-03-20 00:00:00-04:00,26.950000762939453,27.170000076293945,26.6200008392334,27.059999465942383,5873,0.0,0.0
2015-03-23 00:00:00-04:00,27.170000076293945,27.170000076293945,26.399999618530273,26.399999618530273,5027,0.0,0.0
2015-03-24 00:00:00-04:00,26.510000228881836,27.059999465942383,25.6299991607666,25.959999084472656,9909,0.0,0.0
2015-03-25 00:00:00-04:00,26.399999618530273,26.84000015258789,24.200000762939453,24.969999313354492,12709,0.0,0.0
2015-03-26 00:00:00-04:00,25.079999923706055,25.739999771118164,24.309999465942383,25.299999237060547,4091,0.0,0.0
2015-03-27 00:00:00-04:00,25.520000457763672,25.520000457763672,24.639999389648438,24.969999313354492,5855,0.0,0.0
2015-03-30 00:00:00-04:00,24.969999313354492,25.299999237060547,24.75,24.860000610351562,8718,0.0,0.0
2015-03-31 00:00:00-04:00,25.190000534057617,25.6299991607666,24.969999313354492,25.299999237060547,5045,0.0,0.0
2015-04-01 00:00:00-04:00,25.190000534057617,25.850000381469727,24.860000610351562,25.739999771118164,6491,0.0,0.0
2015-04-02 00:00:00-04:00,25.739999771118164,25.959999084472656,25.40999984741211,25.850000381469727,9127,0.0,0.0
2015-04-06 00:00:00-04:00,25.850000381469727,25.959999084472656,25.6299991607666,25.6299991607666,2291,0.0,0.0
2015-04-07 00:00:00-04:00,25.959999084472656,26.290000915527344,25.739999771118164,26.18000030517578,3891,0.0,0.0
2015-04-08 00:00:00-04:00,26.06999969482422,26.290000915527344,25.959999084472656,25.959999084472656,1964,0.0,0.0
2015-04-09 00:00:00-04:00,25.850000381469727,26.6200008392334,25.739999771118164,26.06999969482422,26073,0.0,0.0
2015-04-10 00:00:00-04:00,25.850000381469727,26.18000030517578,25.850000381469727,26.18000030517578,1291,0.0,0.0
2015-04-13 00:00:00-04:00,26.18000030517578,27.280000686645508,26.06999969482422,26.84000015258789,10436,0.0,0.0
2015-04-14 00:00:00-04:00,26.6200008392334,27.170000076293945,26.510000228881836,26.84000015258789,3373,0.0,0.0
2015-04-15 00:00:00-04:00,27.059999465942383,27.829999923706055,26.510000228881836,27.5,4164,0.0,0.0
2015-04-16 00:00:00-04:00,27.5,27.5,26.729999542236328,26.84000015258789,1300,0.0,0.0
2015-04-17 00:00:00-04:00,26.729999542236328,26.84000015258789,25.959999084472656,26.399999618530273,2655,0.0,0.0
2015-04-20 00:00:00-04:00,26.399999618530273,26.6200008392334,25.850000381469727,25.959999084472656,2591,0.0,0.0
2015-04-21 00:00:00-04:00,25.739999771118164,26.399999618530273,25.739999771118164,25.959999084472656,2864,0.0,0.0
2015-04-22 00:00:00-04:00,25.6299991607666,26.18000030517578,25.520000457763672,25.739999771118164,2955,0.0,0.0
2015-04-23 00:00:00-04:00,25.520000457763672,25.959999084472656,25.520000457763672,25.6299991607666,3627,0.0,0.0
2015-04-24 00:00:00-04:00,25.520000457763672,26.510000228881836,25.520000457763672,26.510000228881836,2745,0.0,0.0
2015-04-27 00:00:00-04:00,26.18000030517578,26.399999618530273,25.6299991607666,25.739999771118164,5627,0.0,0.0
2015-04-28 00:00:00-04:00,25.739999771118164,25.739999771118164,24.969999313354492,25.40999984741211,5818,0.0,0.0
2015-04-29 00:00:00-04:00,25.299999237060547,25.850000381469727,25.190000534057617,25.6299991607666,4191,0.0,0.0
2015-04-30 00:00:00-04:00,25.6299991607666,25.739999771118164,24.969999313354492,24.969999313354492,6145,0.0,0.0
2015-05-01 00:00:00-04:00,24.860000610351562,25.520000457763672,24.860000610351562,25.40999984741211,3382,0.0,0.0
2015-05-04 00:00:00-04:00,25.190000534057617,25.739999771118164,24.75,25.40999984741211,4664,0.0,0.0
2015-05-05 00:00:00-04:00,25.190000534057617,25.299999237060547,24.75,24.860000610351562,3664,0.0,0.0
2015-05-06 00:00:00-04:00,24.530000686645508,25.850000381469727,24.530000686645508,25.190000534057617,9082,0.0,0.0
2015-05-07 00:00:00-04:00,23.649999618530273,24.969999313354492,23.100000381469727,24.75,13327,0.0,0.0
2015-05-08 00:00:00-04:00,24.420000076293945,24.530000686645508,23.8700008392334,23.8700008392334,3964,0.0,0.0
2015-05-11 00:00:00-04:00,23.100000381469727,24.420000076293945,23.100000381469727,23.979999542236328,10645,0.0,0.0
2015-05-12 00:00:00-04:00,24.09000015258789,24.200000762939453,23.540000915527344,24.200000762939453,3691,0.0,0.0
2015-05-13 00:00:00-04:00,24.200000762939453,24.639999389648438,23.979999542236328,24.09000015258789,7136,0.0,0.0
2015-05-14 00:00:00-04:00,24.200000762939453,24.530000686645508,23.979999542236328,24.309999465942383,4027,0.0,0.0
2015-05-15 00:00:00-04:00,24.639999389648438,25.190000534057617,24.420000076293945,25.190000534057617,7245,0.0,0.0
2015-05-18 00:00:00-04:00,24.969999313354492,25.739999771118164,24.530000686645508,24.969999313354492,7955,0.0,0.0
2015-05-19 00:00:00-04:00,24.639999389648438,25.190000534057617,24.309999465942383,24.309999465942383,3909,0.0,0.0
2015-05-20 00:00:00-04:00,24.530000686645508,25.299999237060547,24.309999465942383,25.299999237060547,10036,0.0,0.0
2015-05-21 00:00:00-04:00,24.969999313354492,25.299999237060547,24.309999465942383,24.420000076293945,2591,0.0,0.0
2015-05-22 00:00:00-04:00,24.530000686645508,24.530000686645508,24.309999465942383,24.420000076293945,773,0.0,0.0
2015-05-26 00:00:00-04:00,24.309999465942383,25.299999237060547,23.979999542236328,23.979999542236328,4555,0.0,0.0
2015-05-27 00:00:00-04:00,23.649999618530273,24.200000762939453,23.649999618530273,23.649999618530273,2055,0.0,0.0
2015-05-28 00:00:00-04:00,23.649999618530273,24.200000762939453,23.31999969482422,23.979999542236328,3318,0.0,0.0
2015-05-29 00:00:00-04:00,23.760000228881836,24.200000762939453,23.760000228881836,24.200000762939453,2918,0.0,0.0
2015-06-01 00:00:00-04:00,24.200000762939453,24.309999465942383,23.43000030517578,23.540000915527344,14273,0.0,0.0
2015-06-02 00:00:00-04:00,23.209999084472656,23.979999542236328,23.209999084472656,23.649999618530273,2882,0.0,0.0
2015-06-03 00:00:00-04:00,23.31999969482422,23.979999542236328,23.31999969482422,23.540000915527344,7100,0.0,0.0
2015-06-04 00:00:00-04:00,23.31999969482422,23.540000915527344,22.770000457763672,22.989999771118164,11509,0.0,0.0
2015-06-05 00:00:00-04:00,23.43000030517578,23.43000030517578,22.0,22.549999237060547,35473,0.0,0.0
2015-06-08 00:00:00-04:00,22.110000610351562,22.549999237060547,21.559999465942383,22.110000610351562,13682,0.0,0.0
2015-06-09 00:00:00-04:00,21.780000686645508,22.329999923706055,21.559999465942383,21.889999389648438,9900,0.0,0.0
2015-06-10 00:00:00-04:00,22.329999923706055,22.549999237060547,21.34000015258789,22.329999923706055,11255,0.0,0.0
2015-06-11 00:00:00-04:00,22.110000610351562,22.8799991607666,22.110000610351562,22.440000534057617,3518,0.0,0.0
2015-06-12 00:00:00-04:00,22.549999237060547,23.540000915527344,22.549999237060547,22.989999771118164,9591,0.0,0.0
2015-06-15 00:00:00-04:00,22.989999771118164,22.989999771118164,22.219999313354492,22.549999237060547,9000,0.0,0.0
2015-06-16 00:00:00-04:00,22.549999237060547,22.989999771118164,22.549999237060547,22.549999237060547,6045,0.0,0.0
2015-06-17 00:00:00-04:00,22.8799991607666,23.649999618530273,22.8799991607666,23.31999969482422,6536,0.0,0.0
2015-06-18 00:00:00-04:00,23.31999969482422,23.979999542236328,23.209999084472656,23.649999618530273,2636,0.0,0.0
2015-06-19 00:00:00-04:00,23.209999084472656,23.979999542236328,23.209999084472656,23.979999542236328,6100,0.0,0.0
2015-06-22 00:00:00-04:00,23.979999542236328,24.309999465942383,23.43000030517578,23.760000228881836,7500,0.0,0.0
2015-06-23 00:00:00-04:00,23.979999542236328,24.200000762939453,23.31999969482422,24.09000015258789,2527,0.0,0.0
2015-06-24 00:00:00-04:00,23.540000915527344,24.09000015258789,23.43000030517578,23.649999618530273,2973,0.0,0.0
2015-06-25 00:00:00-04:00,24.309999465942383,24.75,23.540000915527344,23.760000228881836,5836,0.0,0.0
2015-06-26 00:00:00-04:00,23.540000915527344,24.09000015258789,23.540000915527344,23.540000915527344,8518,0.0,0.0
2015-06-29 00:00:00-04:00,23.540000915527344,24.639999389648438,22.65999984741211,22.989999771118164,8355,0.0,0.0
2015-06-30 00:00:00-04:00,23.979999542236328,23.979999542236328,22.65999984741211,22.770000457763672,3709,0.0,0.0
2015-07-01 00:00:00-04:00,22.770000457763672,23.31999969482422,22.770000457763672,22.770000457763672,10855,0.0,0.0
2015-07-02 00:00:00-04:00,23.209999084472656,23.31999969482422,22.770000457763672,23.100000381469727,3564,0.0,0.0
2015-07-06 00:00:00-04:00,22.549999237060547,23.649999618530273,22.549999237060547,22.770000457763672,3564,0.0,0.0
2015-07-07 00:00:00-04:00,22.770000457763672,23.209999084472656,22.329999923706055,22.989999771118164,2964,0.0,0.0
2015-07-08 00:00:00-04:00,22.329999923706055,22.989999771118164,22.110000610351562,22.110000610351562,5409,0.0,0.0
2015-07-09 00:00:00-04:00,22.219999313354492,23.649999618530273,22.0,22.8799991607666,154691,0.0,0.0
2015-07-10 00:00:00-04:00,24.09000015258789,25.079999923706055,23.100000381469727,24.969999313354492,10555,0.0,0.0
2015-07-13 00:00:00-04:00,24.420000076293945,26.06999969482422,24.420000076293945,25.520000457763672,12273,0.0,0.0
2015-07-14 00:00:00-04:00,25.520000457763672,27.5,25.520000457763672,26.6200008392334,12873,0.0,0.0
2015-07-15 00:00:00-04:00,26.950000762939453,26.950000762939453,25.739999771118164,25.959999084472656,13173,0.0,0.0
2015-07-16 00:00:00-04:00,26.290000915527344,26.399999618530273,24.75,25.850000381469727,6991,0.0,0.0
2015-07-17 00:00:00-04:00,26.84000015258789,26.84000015258789,26.06999969482422,26.399999618530273,4527,0.0,0.0
2015-07-20 00:00:00-04:00,26.18000030517578,26.290000915527344,25.520000457763672,26.06999969482422,1718,0.0,0.0
2015-07-21 00:00:00-04:00,25.850000381469727,26.06999969482422,25.6299991607666,25.959999084472656,3718,0.0,0.0
2015-07-22 00:00:00-04:00,25.520000457763672,26.6200008392334,25.520000457763672,26.18000030517578,3000,0.0,0.0
2015-07-23 00:00:00-04:00,26.290000915527344,26.84000015258789,25.739999771118164,26.399999618530273,5727,0.0,0.0
2015-07-24 00:00:00-04:00,26.06999969482422,26.6200008392334,25.6299991607666,25.739999771118164,2191,0.0,0.0
2015-07-27 00:00:00-04:00,25.520000457763672,26.06999969482422,25.299999237060547,25.40999984741211,3145,0.0,0.0
2015-07-28 00:00:00-04:00,25.520000457763672,26.06999969482422,25.40999984741211,25.40999984741211,1336,0.0,0.0
2015-07-29 00:00:00-04:00,25.6299991607666,26.510000228881836,25.520000457763672,26.18000030517578,6418,0.0,0.0
2015-07-30 00:00:00-04:00,26.399999618530273,26.399999618530273,25.299999237060547,25.299999237060547,2009,0.0,0.0
2015-07-31 00:00:00-04:00,25.6299991607666,26.290000915527344,25.299999237060547,25.959999084472656,1591,0.0,0.0
2015-08-03 00:00:00-04:00,25.850000381469727,27.389999389648438,25.520000457763672,26.6200008392334,4945,0.0,0.0
2015-08-04 00:00:00-04:00,26.290000915527344,27.389999389648438,26.290000915527344,27.059999465942383,5136,0.0,0.0
2015-08-05 00:00:00-04:00,27.5,27.5,26.399999618530273,27.059999465942383,2618,0.0,0.0
2015-08-06 00:00:00-04:00,27.280000686645508,27.280000686645508,26.06999969482422,26.18000030517578,1355,0.0,0.0
2015-08-07 00:00:00-04:00,26.18000030517578,27.5,26.18000030517578,26.84000015258789,4173,0.0,0.0
2015-08-10 00:00:00-04:00,27.389999389648438,28.049999237060547,26.84000015258789,26.84000015258789,9282,0.0,0.0
2015-08-11 00:00:00-04:00,27.170000076293945,29.260000228881836,26.84000015258789,27.389999389648438,23009,0.0,0.0
2015-08-12 00:00:00-04:00,26.510000228881836,27.829999923706055,25.739999771118164,26.290000915527344,9273,0.0,0.0
2015-08-13 00:00:00-04:00,26.510000228881836,27.170000076293945,25.850000381469727,26.18000030517578,1991,0.0,0.0
2015-08-14 00:00:00-04:00,26.399999618530273,26.399999618530273,25.299999237060547,25.6299991607666,2364,0.0,0.0
2015-08-17 00:00:00-04:00,25.190000534057617,25.739999771118164,24.639999389648438,25.40999984741211,7036,0.0,0.0
2015-08-18 00:00:00-04:00,24.75,26.18000030517578,24.75,25.299999237060547,5027,0.0,0.0
2015-08-19 00:00:00-04:00,24.969999313354492,25.520000457763672,24.200000762939453,25.190000534057617,3355,0.0,0.0
2015-08-20 00:00:00-04:00,24.639999389648438,27.170000076293945,24.420000076293945,24.75,9082,0.0,0.0
2015-08-21 00:00:00-04:00,24.200000762939453,25.40999984741211,24.200000762939453,24.200000762939453,5536,0.0,0.0
2015-08-24 00:00:00-04:00,22.8799991607666,24.200000762939453,22.110000610351562,23.100000381469727,7900,0.0,0.0
2015-08-25 00:00:00-04:00,22.65999984741211,24.200000762939453,22.0,22.110000610351562,6482,0.0,0.0
2015-08-26 00:00:00-04:00,22.549999237060547,23.8700008392334,22.549999237060547,22.770000457763672,6509,0.0,0.0
2015-08-27 00:00:00-04:00,22.770000457763672,23.540000915527344,22.110000610351562,22.8799991607666,2573,0.0,0.0
2015-08-28 00:00:00-04:00,22.65999984741211,23.649999618530273,22.65999984741211,22.8799991607666,3491,0.0,0.0
2015-08-31 00:00:00-04:00,22.989999771118164,24.09000015258789,22.770000457763672,23.649999618530273,3382,0.0,0.0
2015-09-01 00:00:00-04:00,23.43000030517578,24.639999389648438,23.209999084472656,24.09000015258789,3527,0.0,0.0
2015-09-02 00:00:00-04:00,24.309999465942383,24.309999465942383,23.760000228881836,23.760000228881836,1555,0.0,0.0
2015-09-03 00:00:00-04:00,23.760000228881836,24.420000076293945,23.649999618530273,23.760000228881836,3427,0.0,0.0
2015-09-04 00:00:00-04:00,23.649999618530273,23.649999618530273,22.989999771118164,23.649999618530273,4209,0.0,0.0
2015-09-08 00:00:00-04:00,23.649999618530273,24.200000762939453,23.31999969482422,23.43000030517578,3018,0.0,0.0
2015-09-09 00:00:00-04:00,23.43000030517578,24.200000762939453,23.43000030517578,23.649999618530273,2109,0.0,0.0
2015-09-10 00:00:00-04:00,22.989999771118164,23.979999542236328,22.989999771118164,23.760000228881836,8855,0.0,0.0
2015-09-11 00:00:00-04:00,23.209999084472656,23.43000030517578,22.329999923706055,22.8799991607666,7445,0.0,0.0
2015-09-14 00:00:00-04:00,22.770000457763672,23.540000915527344,22.440000534057617,22.65999984741211,8882,0.0,0.0
2015-09-15 00:00:00-04:00,22.329999923706055,22.65999984741211,22.110000610351562,22.440000534057617,4318,0.0,0.0
2015-09-16 00:00:00-04:00,22.549999237060547,22.8799991607666,22.219999313354492,22.549999237060547,4091,0.0,0.0
2015-09-17 00:00:00-04:00,22.65999984741211,23.100000381469727,22.329999923706055,22.549999237060547,4091,0.0,0.0
2015-09-18 00:00:00-04:00,22.440000534057617,22.549999237060547,22.0,22.0,4382,0.0,0.0
2015-09-21 00:00:00-04:00,22.110000610351562,22.549999237060547,21.1200008392334,21.450000762939453,18973,0.0,0.0
2015-09-22 00:00:00-04:00,21.450000762939453,22.329999923706055,21.450000762939453,22.110000610351562,13291,0.0,0.0
2015-09-23 00:00:00-04:00,22.65999984741211,22.65999984741211,21.780000686645508,22.329999923706055,4464,0.0,0.0
2015-09-24 00:00:00-04:00,22.0,22.65999984741211,21.450000762939453,21.559999465942383,5618,0.0,0.0
2015-09-25 00:00:00-04:00,21.780000686645508,22.110000610351562,20.350000381469727,20.350000381469727,8373,0.0,0.0
2015-09-28 00:00:00-04:00,21.1200008392334,21.1200008392334,19.799999237060547,21.010000228881836,6373,0.0,0.0
2015-09-29 00:00:00-04:00,20.68000030517578,21.670000076293945,18.700000762939453,21.670000076293945,11082,0.0,0.0
2015-09-30 00:00:00-04:00,20.68000030517578,22.219999313354492,20.68000030517578,21.780000686645508,4455,0.0,0.0
2015-10-01 00:00:00-04:00,22.0,24.09000015258789,21.450000762939453,23.31999969482422,14136,0.0,0.0
2015-10-02 00:00:00-04:00,22.8799991607666,23.979999542236328,22.219999313354492,23.649999618530273,8436,0.0,0.0
2015-10-05 00:00:00-04:00,23.8700008392334,25.40999984741211,22.219999313354492,23.760000228881836,13318,0.0,0.0
2015-10-06 00:00:00-04:00,23.649999618530273,24.200000762939453,23.100000381469727,23.43000030517578,5300,0.0,0.0
2015-10-07 00:00:00-04:00,23.43000030517578,23.979999542236328,22.440000534057617,23.43000030517578,1945,0.0,0.0
2015-10-08 00:00:00-04:00,23.31999969482422,23.979999542236328,22.65999984741211,23.209999084472656,2000,0.0,0.0
2015-10-09 00:00:00-04:00,23.540000915527344,24.09000015258789,23.100000381469727,23.100000381469727,2282,0.0,0.0
2015-10-12 00:00:00-04:00,23.43000030517578,23.43000030517578,22.549999237060547,23.100000381469727,673,0.0,0.0
2015-10-13 00:00:00-04:00,23.209999084472656,23.43000030517578,22.8799991607666,22.989999771118164,809,0.0,0.0
2015-10-14 00:00:00-04:00,22.65999984741211,22.989999771118164,22.0,22.440000534057617,4318,0.0,0.0
2015-10-15 00:00:00-04:00,22.219999313354492,23.760000228881836,22.219999313354492,23.649999618530273,4882,0.0,0.0
2015-10-16 00:00:00-04:00,22.989999771118164,24.09000015258789,22.989999771118164,23.31999969482422,3073,0.0,0.0
2015-10-19 00:00:00-04:00,22.989999771118164,23.8700008392334,22.549999237060547,22.549999237060547,2009,0.0,0.0
2015-10-20 00:00:00-04:00,22.549999237060547,23.209999084472656,22.440000534057617,22.440000534057617,2018,0.0,0.0
2015-10-21 00:00:00-04:00,22.549999237060547,22.65999984741211,21.450000762939453,22.110000610351562,5255,0.0,0.0
2015-10-22 00:00:00-04:00,21.889999389648438,23.209999084472656,20.899999618530273,20.899999618530273,4182,0.0,0.0
2015-10-23 00:00:00-04:00,21.670000076293945,22.329999923706055,21.559999465942383,22.329999923706055,1509,0.0,0.0
2015-10-26 00:00:00-04:00,21.889999389648438,22.0,20.899999618530273,22.0,3573,0.0,0.0
2015-10-27 00:00:00-04:00,22.0,22.219999313354492,21.34000015258789,22.0,1836,0.0,0.0
2015-10-28 00:00:00-04:00,21.34000015258789,22.0,21.34000015258789,21.670000076293945,800,0.0,0.0
2015-10-29 00:00:00-04:00,21.229999542236328,22.440000534057617,21.229999542236328,21.889999389648438,1082,0.0,0.0
2015-10-30 00:00:00-04:00,22.219999313354492,22.219999313354492,21.229999542236328,21.229999542236328,1073,0.0,0.0
2015-11-02 00:00:00-05:00,21.559999465942383,22.440000534057617,21.559999465942383,22.219999313354492,3264,0.0,0.0
2015-11-03 00:00:00-05:00,22.549999237060547,22.8799991607666,21.450000762939453,21.780000686645508,2764,0.0,0.0
2015-11-04 00:00:00-05:00,22.110000610351562,22.989999771118164,21.780000686645508,22.770000457763672,1409,0.0,0.0
2015-11-05 00:00:00-05:00,22.110000610351562,22.65999984741211,21.780000686645508,22.65999984741211,1918,0.0,0.0
2015-11-06 00:00:00-05:00,22.440000534057617,22.770000457763672,22.110000610351562,22.65999984741211,1400,0.0,0.0
2015-11-09 00:00:00-05:00,22.110000610351562,22.440000534057617,21.780000686645508,22.219999313354492,1627,0.0,0.0
2015-11-10 00:00:00-05:00,21.780000686645508,22.329999923706055,21.780000686645508,22.219999313354492,873,0.0,0.0
2015-11-11 00:00:00-05:00,22.0,22.329999923706055,21.780000686645508,22.110000610351562,1473,0.0,0.0
2015-11-12 00:00:00-05:00,21.889999389648438,22.219999313354492,21.889999389648438,22.110000610351562,718,0.0,0.0
2015-11-13 00:00:00-05:00,21.780000686645508,22.110000610351562,20.899999618530273,21.229999542236328,2027,0.0,0.0
2015-11-16 00:00:00-05:00,21.1200008392334,21.670000076293945,21.010000228881836,21.559999465942383,827,0.0,0.0
2015-11-17 00:00:00-05:00,21.229999542236328,21.229999542236328,19.030000686645508,20.899999618530273,2745,0.0,0.0
2015-11-18 00:00:00-05:00,20.239999771118164,21.1200008392334,19.469999313354492,20.1299991607666,1809,0.0,0.0
2015-11-19 00:00:00-05:00,19.799999237060547,20.350000381469727,19.25,19.579999923706055,3664,0.0,0.0
2015-11-20 00:00:00-05:00,20.350000381469727,20.68000030517578,19.690000534057617,20.350000381469727,1709,0.0,0.0
2015-11-23 00:00:00-05:00,20.56999969482422,21.34000015258789,20.459999084472656,21.1200008392334,636,0.0,0.0
2015-11-24 00:00:00-05:00,20.899999618530273,21.229999542236328,20.459999084472656,20.68000030517578,945,0.0,0.0
2015-11-25 00:00:00-05:00,20.459999084472656,21.229999542236328,20.350000381469727,20.350000381469727,3736,0.0,0.0
2015-11-27 00:00:00-05:00,20.350000381469727,20.56999969482422,20.350000381469727,20.56999969482422,618,0.0,0.0
2015-11-30 00:00:00-05:00,20.350000381469727,20.790000915527344,19.690000534057617,20.459999084472656,2818,0.0,0.0
2015-12-01 00:00:00-05:00,21.1200008392334,21.559999465942383,20.68000030517578,21.010000228881836,3336,0.0,0.0
2015-12-02 00:00:00-05:00,20.68000030517578,20.899999618530273,19.90999984741211,20.790000915527344,2455,0.0,0.0
2015-12-03 00:00:00-05:00,20.350000381469727,20.68000030517578,19.360000610351562,20.350000381469727,2036,0.0,0.0
2015-12-04 00:00:00-05:00,19.90999984741211,20.56999969482422,19.90999984741211,20.350000381469727,1918,0.0,0.0
2015-12-07 00:00:00-05:00,20.1299991607666,25.079999923706055,20.1299991607666,22.219999313354492,25309,0.0,0.0
2015-12-08 00:00:00-05:00,21.670000076293945,24.09000015258789,21.670000076293945,22.770000457763672,9064,0.0,0.0
2015-12-09 00:00:00-05:00,22.770000457763672,23.649999618530273,22.329999923706055,23.540000915527344,6345,0.0,0.0
2015-12-10 00:00:00-05:00,23.31999969482422,24.09000015258789,23.100000381469727,24.09000015258789,3955,0.0,0.0
2015-12-11 00:00:00-05:00,23.100000381469727,24.639999389648438,21.559999465942383,23.31999969482422,5255,0.0,0.0
2015-12-14 00:00:00-05:00,23.8700008392334,24.639999389648438,23.209999084472656,24.200000762939453,3591,0.0,0.0
2015-12-15 00:00:00-05:00,23.8700008392334,24.75,21.889999389648438,22.0,5964,0.0,0.0
2015-12-16 00:00:00-05:00,21.559999465942383,23.43000030517578,21.1200008392334,22.110000610351562,5591,0.0,0.0
2015-12-17 00:00:00-05:00,22.0,24.09000015258789,19.690000534057617,20.350000381469727,7427,0.0,0.0
2015-12-18 00:00:00-05:00,22.0,22.65999984741211,20.790000915527344,20.790000915527344,14518,0.0,0.0
2015-12-21 00:00:00-05:00,21.010000228881836,21.34000015258789,20.020000457763672,20.020000457763672,4409,0.0,0.0
2015-12-22 00:00:00-05:00,22.110000610351562,22.329999923706055,20.350000381469727,21.34000015258789,7473,0.0,0.0
2015-12-23 00:00:00-05:00,22.549999237060547,22.549999237060547,21.229999542236328,21.670000076293945,4036,0.0,0.0
2015-12-24 00:00:00-05:00,22.110000610351562,22.219999313354492,21.229999542236328,21.34000015258789,3682,0.0,0.0
2015-12-28 00:00:00-05:00,21.670000076293945,23.100000381469727,21.1200008392334,22.110000610351562,9545,0.0,0.0
2015-12-29 00:00:00-05:00,22.329999923706055,22.8799991607666,21.1200008392334,21.559999465942383,8636,0.0,0.0
2015-12-30 00:00:00-05:00,21.010000228881836,22.549999237060547,21.010000228881836,21.229999542236328,28009,0.0,0.0
2015-12-31 00:00:00-05:00,21.450000762939453,21.889999389648438,20.459999084472656,21.34000015258789,8591,0.0,0.0
2016-01-04 00:00:00-05:00,22.329999923706055,22.440000534057617,21.1200008392334,21.780000686645508,7373,0.0,0.0
2016-01-05 00:00:00-05:00,21.780000686645508,24.969999313354492,21.450000762939453,23.979999542236328,19564,0.0,0.0
2016-01-06 00:00:00-05:00,23.649999618530273,23.979999542236328,22.549999237060547,22.989999771118164,3155,0.0,0.0
2016-01-07 00:00:00-05:00,22.549999237060547,22.65999984741211,21.229999542236328,22.0,14164,0.0,0.0
2016-01-08 00:00:00-05:00,22.770000457763672,24.420000076293945,21.34000015258789,22.440000534057617,3191,0.0,0.0
2016-01-11 00:00:00-05:00,22.110000610351562,23.43000030517578,20.1299991607666,20.459999084472656,11573,0.0,0.0
2016-01-12 00:00:00-05:00,21.450000762939453,21.559999465942383,20.020000457763672,21.559999465942383,4427,0.0,0.0
2016-01-13 00:00:00-05:00,21.34000015258789,21.670000076293945,18.3700008392334,19.030000686645508,7364,0.0,0.0
2016-01-14 00:00:00-05:00,19.90999984741211,20.1299991607666,18.700000762939453,19.25,2891,0.0,0.0
2016-01-15 00:00:00-05:00,18.59000015258789,18.920000076293945,17.270000457763672,18.149999618530273,11482,0.0,0.0
2016-01-19 00:00:00-05:00,18.149999618530273,19.139999389648438,17.81999969482422,17.81999969482422,1945,0.0,0.0
2016-01-20 00:00:00-05:00,17.489999771118164,18.149999618530273,15.84000015258789,18.040000915527344,6964,0.0,0.0
2016-01-21 00:00:00-05:00,19.030000686645508,19.030000686645508,18.149999618530273,18.920000076293945,1836,0.0,0.0
2016-01-22 00:00:00-05:00,19.139999389648438,19.25,18.260000228881836,19.030000686645508,3464,0.0,0.0
2016-01-25 00:00:00-05:00,18.149999618530273,19.25,18.149999618530273,18.59000015258789,1409,0.0,0.0
2016-01-26 00:00:00-05:00,18.3700008392334,18.809999465942383,18.149999618530273,18.260000228881836,3909,0.0,0.0
2016-01-27 00:00:00-05:00,18.260000228881836,18.920000076293945,18.260000228881836,18.260000228881836,4709,0.0,0.0
2016-01-28 00:00:00-05:00,18.700000762939453,18.809999465942383,17.600000381469727,18.479999542236328,5791,0.0,0.0
2016-01-29 00:00:00-05:00,18.920000076293945,18.920000076293945,17.709999084472656,17.709999084472656,2573,0.0,0.0
2016-02-01 00:00:00-05:00,17.81999969482422,18.149999618530273,17.489999771118164,18.040000915527344,2973,0.0,0.0
2016-02-02 00:00:00-05:00,17.93000030517578,18.3700008392334,17.709999084472656,18.260000228881836,5055,0.0,0.0
2016-02-03 00:00:00-05:00,18.149999618530273,18.700000762939453,17.3799991607666,17.709999084472656,2291,0.0,0.0
2016-02-04 00:00:00-05:00,17.489999771118164,19.030000686645508,17.489999771118164,18.260000228881836,2282,0.0,0.0
2016-02-05 00:00:00-05:00,17.489999771118164,17.93000030517578,16.280000686645508,16.610000610351562,5673,0.0,0.0
2016-02-08 00:00:00-05:00,17.93000030517578,17.93000030517578,15.069999694824219,15.949999809265137,5127,0.0,0.0
2016-02-09 00:00:00-05:00,15.729999542236328,18.700000762939453,13.529999732971191,14.079999923706055,11518,0.0,0.0
2016-02-10 00:00:00-05:00,15.619999885559082,16.389999389648438,15.619999885559082,15.619999885559082,2818,0.0,0.0
2016-02-11 00:00:00-05:00,15.619999885559082,15.619999885559082,14.520000457763672,15.069999694824219,2173,0.0,0.0
2016-02-12 00:00:00-05:00,15.289999961853027,15.289999961853027,14.079999923706055,14.520000457763672,945,0.0,0.0
2016-02-16 00:00:00-05:00,15.289999961853027,16.719999313354492,15.180000305175781,15.180000305175781,8982,0.0,0.0
2016-02-17 00:00:00-05:00,15.949999809265137,18.479999542236328,14.520000457763672,18.149999618530273,7127,0.0,0.0
2016-02-18 00:00:00-05:00,18.149999618530273,18.809999465942383,18.040000915527344,18.149999618530273,2382,0.0,0.0
2016-02-19 00:00:00-05:00,18.149999618530273,18.479999542236328,18.149999618530273,18.149999618530273,1927,0.0,0.0
2016-02-22 00:00:00-05:00,18.3700008392334,18.3700008392334,17.600000381469727,17.93000030517578,1282,0.0,0.0
2016-02-23 00:00:00-05:00,17.600000381469727,17.600000381469727,16.829999923706055,17.15999984741211,918,0.0,0.0
2016-02-24 00:00:00-05:00,16.5,17.049999237060547,16.280000686645508,16.829999923706055,518,0.0,0.0
2016-02-25 00:00:00-05:00,16.5,17.15999984741211,15.949999809265137,16.719999313354492,1764,0.0,0.0
2016-02-26 00:00:00-05:00,17.93000030517578,18.920000076293945,17.049999237060547,17.709999084472656,3827,0.0,0.0
2016-02-29 00:00:00-05:00,17.3799991607666,18.479999542236328,16.829999923706055,16.940000534057617,2109,0.0,0.0
2016-03-01 00:00:00-05:00,16.719999313354492,17.270000457763672,16.059999465942383,17.270000457763672,5573,0.0,0.0
2016-03-02 00:00:00-05:00,17.3799991607666,18.149999618530273,16.5,18.149999618530273,2355,0.0,0.0
2016-03-03 00:00:00-05:00,18.040000915527344,18.040000915527344,17.709999084472656,17.709999084472656,1655,0.0,0.0
2016-03-04 00:00:00-05:00,18.149999618530273,18.149999618530273,17.270000457763672,17.270000457763672,936,0.0,0.0
2016-03-07 00:00:00-05:00,17.270000457763672,17.489999771118164,16.719999313354492,17.049999237060547,1391,0.0,0.0
2016-03-08 00:00:00-05:00,17.049999237060547,17.15999984741211,16.940000534057617,16.940000534057617,518,0.0,0.0
2016-03-09 00:00:00-05:00,17.3799991607666,17.3799991607666,16.719999313354492,16.940000534057617,673,0.0,0.0
2016-03-10 00:00:00-05:00,17.600000381469727,17.600000381469727,16.610000610351562,16.940000534057617,336,0.0,0.0
2016-03-11 00:00:00-05:00,17.489999771118164,17.600000381469727,16.719999313354492,17.049999237060547,4691,0.0,0.0
2016-03-14 00:00:00-04:00,16.829999923706055,17.3799991607666,16.719999313354492,17.15999984741211,2582,0.0,0.0
2016-03-15 00:00:00-04:00,17.709999084472656,17.81999969482422,17.049999237060547,17.600000381469727,4055,0.0,0.0
2016-03-16 00:00:00-04:00,17.600000381469727,17.600000381469727,16.5,16.829999923706055,2791,0.0,0.0
2016-03-17 00:00:00-04:00,16.5,17.049999237060547,16.5,17.049999237060547,15664,0.0,0.0
2016-03-18 00:00:00-04:00,17.270000457763672,17.81999969482422,16.5,17.600000381469727,17582,0.0,0.0
2016-03-21 00:00:00-04:00,17.049999237060547,17.3799991607666,16.610000610351562,16.610000610351562,4182,0.0,0.0
2016-03-22 00:00:00-04:00,16.610000610351562,16.940000534057617,16.5,16.610000610351562,736,0.0,0.0
2016-03-23 00:00:00-04:00,16.719999313354492,17.15999984741211,16.5,16.5,2818,0.0,0.0
2016-03-24 00:00:00-04:00,16.5,17.049999237060547,16.5,16.719999313354492,2973,0.0,0.0
2016-03-28 00:00:00-04:00,16.829999923706055,16.940000534057617,16.5,16.5,409,0.0,0.0
2016-03-29 00:00:00-04:00,16.5,17.15999984741211,16.5,16.5,1218,0.0,0.0
2016-03-30 00:00:00-04:00,16.5,17.049999237060547,16.5,16.829999923706055,1055,0.0,0.0
2016-03-31 00:00:00-04:00,16.5,16.829999923706055,16.5,16.5,5091,0.0,0.0
2016-04-01 00:00:00-04:00,16.5,18.040000915527344,16.5,17.489999771118164,3382,0.0,0.0
2016-04-04 00:00:00-04:00,17.15999984741211,17.600000381469727,17.15999984741211,17.3799991607666,1455,0.0,0.0
2016-04-05 00:00:00-04:00,17.049999237060547,17.270000457763672,16.610000610351562,16.719999313354492,1109,0.0,0.0
2016-04-06 00:00:00-04:00,16.829999923706055,17.270000457763672,16.5,16.829999923706055,345,0.0,0.0
2016-04-07 00:00:00-04:00,16.829999923706055,17.049999237060547,16.829999923706055,16.940000534057617,1273,0.0,0.0
2016-04-08 00:00:00-04:00,16.829999923706055,17.049999237060547,16.829999923706055,16.829999923706055,527,0.0,0.0
2016-04-11 00:00:00-04:00,16.829999923706055,17.709999084472656,16.829999923706055,17.489999771118164,964,0.0,0.0
2016-04-12 00:00:00-04:00,17.489999771118164,17.709999084472656,16.940000534057617,17.049999237060547,1055,0.0,0.0
2016-04-13 00:00:00-04:00,17.049999237060547,17.049999237060547,17.049999237060547,17.049999237060547,0,0.0,0.0
2016-04-14 00:00:00-04:00,18.149999618530273,18.479999542236328,17.709999084472656,17.709999084472656,1018,0.0,0.0
2016-04-15 00:00:00-04:00,17.049999237060547,17.600000381469727,15.84000015258789,16.059999465942383,3082,0.0,0.0
2016-04-18 00:00:00-04:00,14.850000381469727,16.389999389648438,14.520000457763672,14.960000038146973,2445,0.0,0.0
2016-04-19 00:00:00-04:00,15.399999618530273,16.940000534057617,15.399999618530273,16.829999923706055,16536,0.0,0.0
2016-04-20 00:00:00-04:00,17.049999237060547,17.709999084472656,16.5,16.829999923706055,1027,0.0,0.0
2016-04-21 00:00:00-04:00,16.5,17.049999237060547,16.280000686645508,17.049999237060547,2182,0.0,0.0
2016-04-22 00:00:00-04:00,17.049999237060547,18.479999542236328,16.5,16.5,918,0.0,0.0
2016-04-25 00:00:00-04:00,17.709999084472656,18.700000762939453,17.3799991607666,17.489999771118164,5918,0.0,0.0
2016-04-26 00:00:00-04:00,16.940000534057617,17.489999771118164,16.5,16.829999923706055,3082,0.0,0.0
2016-04-27 00:00:00-04:00,16.610000610351562,16.719999313354492,16.059999465942383,16.5,2036,0.0,0.0
2016-04-28 00:00:00-04:00,16.5,17.600000381469727,16.280000686645508,17.3799991607666,4082,0.0,0.0
2016-04-29 00:00:00-04:00,17.3799991607666,17.600000381469727,17.049999237060547,17.489999771118164,464,0.0,0.0
2016-05-02 00:00:00-04:00,17.15999984741211,17.81999969482422,17.15999984741211,17.600000381469727,1073,0.0,0.0
2016-05-03 00:00:00-04:00,17.270000457763672,17.600000381469727,17.15999984741211,17.270000457763672,555,0.0,0.0
2016-05-04 00:00:00-04:00,16.829999923706055,17.3799991607666,16.719999313354492,17.049999237060547,2145,0.0,0.0
2016-05-05 00:00:00-04:00,16.829999923706055,18.479999542236328,16.610000610351562,17.81999969482422,2127,0.0,0.0
2016-05-06 00:00:00-04:00,16.829999923706055,18.260000228881836,16.610000610351562,17.709999084472656,1045,0.0,0.0
2016-05-09 00:00:00-04:00,17.709999084472656,18.149999618530273,16.719999313354492,17.709999084472656,1955,0.0,0.0
2016-05-10 00:00:00-04:00,17.3799991607666,17.81999969482422,17.049999237060547,17.049999237060547,3191,0.0,0.0
2016-05-11 00:00:00-04:00,17.049999237060547,17.709999084472656,16.940000534057617,17.15999984741211,736,0.0,0.0
2016-05-12 00:00:00-04:00,16.610000610351562,17.600000381469727,16.5,16.5,30555,0.0,0.0
2016-05-13 00:00:00-04:00,16.5,16.940000534057617,16.5,16.940000534057617,1927,0.0,0.0
2016-05-16 00:00:00-04:00,16.829999923706055,17.3799991607666,16.389999389648438,17.15999984741211,3245,0.0,0.0
2016-05-17 00:00:00-04:00,16.610000610351562,17.3799991607666,16.610000610351562,17.270000457763672,1009,0.0,0.0
2016-05-18 00:00:00-04:00,17.600000381469727,17.600000381469727,17.15999984741211,17.489999771118164,1373,0.0,0.0
2016-05-19 00:00:00-04:00,17.489999771118164,17.600000381469727,17.489999771118164,17.600000381469727,127,0.0,0.0
2016-05-20 00:00:00-04:00,16.610000610351562,18.040000915527344,16.5,17.600000381469727,700,0.0,0.0
2016-05-23 00:00:00-04:00,17.81999969482422,18.040000915527344,17.709999084472656,17.81999969482422,318,0.0,0.0
2016-05-24 00:00:00-04:00,18.149999618530273,18.149999618530273,17.3799991607666,17.3799991607666,327,0.0,0.0
2016-05-25 00:00:00-04:00,17.049999237060547,17.93000030517578,17.049999237060547,17.600000381469727,1291,0.0,0.0
2016-05-26 00:00:00-04:00,17.489999771118164,17.600000381469727,16.389999389648438,17.489999771118164,6082,0.0,0.0
2016-05-27 00:00:00-04:00,16.280000686645508,16.829999923706055,15.729999542236328,15.949999809265137,10945,0.0,0.0
2016-05-31 00:00:00-04:00,15.510000228881836,16.280000686645508,15.510000228881836,16.170000076293945,1691,0.0,0.0
2016-06-01 00:00:00-04:00,16.5,16.719999313354492,16.059999465942383,16.280000686645508,591,0.0,0.0
2016-06-02 00:00:00-04:00,16.170000076293945,16.5,15.949999809265137,15.949999809265137,3545,0.0,0.0
2016-06-03 00:00:00-04:00,16.389999389648438,16.389999389648438,15.729999542236328,16.059999465942383,427,0.0,0.0
2016-06-06 00:00:00-04:00,15.949999809265137,16.5,15.729999542236328,16.280000686645508,2336,0.0,0.0
2016-06-07 00:00:00-04:00,16.280000686645508,16.280000686645508,15.84000015258789,16.059999465942383,1309,0.0,0.0
2016-06-08 00:00:00-04:00,15.949999809265137,16.610000610351562,15.949999809265137,16.5,3000,0.0,0.0
2016-06-09 00:00:00-04:00,15.949999809265137,16.610000610351562,15.949999809265137,15.949999809265137,1609,0.0,0.0
2016-06-10 00:00:00-04:00,15.510000228881836,16.170000076293945,15.510000228881836,15.729999542236328,2391,0.0,0.0
2016-06-13 00:00:00-04:00,16.280000686645508,16.280000686645508,15.619999885559082,15.84000015258789,545,0.0,0.0
2016-06-14 00:00:00-04:00,15.84000015258789,17.049999237060547,14.960000038146973,15.180000305175781,2918,0.0,0.0
2016-06-15 00:00:00-04:00,14.960000038146973,15.399999618530273,14.960000038146973,15.399999618530273,1509,0.0,0.0
2016-06-16 00:00:00-04:00,15.289999961853027,16.059999465942383,15.069999694824219,15.949999809265137,19718,0.0,0.0
2016-06-17 00:00:00-04:00,16.280000686645508,16.280000686645508,15.510000228881836,15.84000015258789,1382,0.0,0.0
2016-06-20 00:00:00-04:00,15.510000228881836,15.949999809265137,15.289999961853027,15.510000228881836,1700,0.0,0.0
2016-06-21 00:00:00-04:00,15.180000305175781,16.280000686645508,14.960000038146973,15.289999961853027,2573,0.0,0.0
2016-06-22 00:00:00-04:00,15.619999885559082,16.389999389648438,15.180000305175781,15.399999618530273,827,0.0,0.0
2016-06-23 00:00:00-04:00,15.619999885559082,15.949999809265137,15.180000305175781,15.180000305175781,1245,0.0,0.0
2016-06-24 00:00:00-04:00,14.960000038146973,16.280000686645508,14.960000038146973,15.289999961853027,1255,0.0,0.0
2016-06-27 00:00:00-04:00,15.180000305175781,15.949999809265137,14.960000038146973,15.289999961853027,1591,0.0,0.0
2016-06-28 00:00:00-04:00,15.729999542236328,15.84000015258789,15.180000305175781,15.289999961853027,9509,0.0,0.0
2016-06-29 00:00:00-04:00,15.069999694824219,15.729999542236328,15.069999694824219,15.729999542236328,7164,0.0,0.0
2016-06-30 00:00:00-04:00,15.180000305175781,16.5,15.180000305175781,15.399999618530273,3427,0.0,0.0
2016-07-01 00:00:00-04:00,15.399999618530273,15.729999542236328,15.289999961853027,15.399999618530273,2773,0.0,0.0
2016-07-05 00:00:00-04:00,15.289999961853027,16.280000686645508,15.289999961853027,15.619999885559082,500,0.0,0.0
2016-07-06 00:00:00-04:00,15.729999542236328,16.059999465942383,15.289999961853027,15.399999618530273,2400,0.0,0.0
2016-07-07 00:00:00-04:00,15.289999961853027,15.399999618530273,15.180000305175781,15.399999618530273,282,0.0,0.0
2016-07-08 00:00:00-04:00,15.949999809265137,15.949999809265137,15.399999618530273,15.399999618530273,2291,0.0,0.0
2016-07-11 00:00:00-04:00,15.180000305175781,15.949999809265137,15.180000305175781,15.729999542236328,3855,0.0,0.0
2016-07-12 00:00:00-04:00,15.949999809265137,15.949999809265137,15.510000228881836,15.729999542236328,3336,0.0,0.0
2016-07-13 00:00:00-04:00,15.84000015258789,17.3799991607666,15.84000015258789,15.949999809265137,43518,0.0,0.0
2016-07-14 00:00:00-04:00,15.949999809265137,15.949999809265137,15.619999885559082,15.84000015258789,3609,0.0,0.0
2016-07-15 00:00:00-04:00,15.399999618530273,17.049999237060547,14.960000038146973,15.180000305175781,10827,0.0,0.0
2016-07-18 00:00:00-04:00,14.960000038146973,15.619999885559082,14.960000038146973,15.180000305175781,7509,0.0,0.0
2016-07-19 00:00:00-04:00,15.619999885559082,16.280000686645508,14.850000381469727,15.180000305175781,1455,0.0,0.0
2016-07-20 00:00:00-04:00,15.510000228881836,15.949999809265137,14.850000381469727,15.399999618530273,755,0.0,0.0
2016-07-21 00:00:00-04:00,15.289999961853027,15.399999618530273,14.960000038146973,15.289999961853027,636,0.0,0.0
2016-07-22 00:00:00-04:00,14.960000038146973,15.399999618530273,14.850000381469727,14.960000038146973,2200,0.0,0.0
2016-07-25 00:00:00-04:00,15.289999961853027,15.289999961853027,14.960000038146973,15.069999694824219,255,0.0,0.0
2016-07-26 00:00:00-04:00,15.069999694824219,15.180000305175781,14.960000038146973,15.069999694824219,582,0.0,0.0
2016-07-27 00:00:00-04:00,14.739999771118164,14.960000038146973,14.739999771118164,14.739999771118164,1900,0.0,0.0
2016-07-28 00:00:00-04:00,14.850000381469727,14.960000038146973,14.739999771118164,14.960000038146973,3518,0.0,0.0
2016-07-29 00:00:00-04:00,14.850000381469727,15.399999618530273,14.739999771118164,15.069999694824219,11473,0.0,0.0
2016-08-01 00:00:00-04:00,14.739999771118164,15.399999618530273,14.739999771118164,14.850000381469727,1709,0.0,0.0
2016-08-02 00:00:00-04:00,14.850000381469727,15.180000305175781,14.739999771118164,14.739999771118164,627,0.0,0.0
2016-08-03 00:00:00-04:00,14.739999771118164,14.850000381469727,14.520000457763672,14.630000114440918,3582,0.0,0.0
2016-08-04 00:00:00-04:00,14.40999984741211,16.059999465942383,14.40999984741211,14.630000114440918,20318,0.0,0.0
2016-08-05 00:00:00-04:00,14.520000457763672,15.180000305175781,14.40999984741211,14.520000457763672,6918,0.0,0.0
2016-08-08 00:00:00-04:00,14.40999984741211,15.399999618530273,14.300000190734863,15.399999618530273,3609,0.0,0.0
2016-08-09 00:00:00-04:00,14.850000381469727,15.399999618530273,14.630000114440918,14.850000381469727,3091,0.0,0.0
2016-08-10 00:00:00-04:00,14.630000114440918,14.850000381469727,14.520000457763672,14.739999771118164,1909,0.0,0.0
2016-08-11 00:00:00-04:00,14.850000381469727,14.850000381469727,14.300000190734863,14.300000190734863,2627,0.0,0.0
2016-08-12 00:00:00-04:00,14.300000190734863,14.850000381469727,14.300000190734863,14.850000381469727,1955,0.0,0.0
2016-08-15 00:00:00-04:00,14.40999984741211,14.960000038146973,14.40999984741211,14.850000381469727,2118,0.0,0.0
2016-08-16 00:00:00-04:00,14.1899995803833,14.850000381469727,14.1899995803833,14.739999771118164,464,0.0,0.0
2016-08-17 00:00:00-04:00,14.850000381469727,14.960000038146973,14.520000457763672,14.850000381469727,6518,0.0,0.0
2016-08-18 00:00:00-04:00,14.739999771118164,15.619999885559082,14.739999771118164,15.399999618530273,3555,0.0,0.0
2016-08-19 00:00:00-04:00,15.399999618530273,15.399999618530273,15.069999694824219,15.399999618530273,1336,0.0,0.0
2016-08-22 00:00:00-04:00,14.960000038146973,15.399999618530273,14.960000038146973,15.399999618530273,2018,0.0,0.0
2016-08-23 00:00:00-04:00,15.399999618530273,15.619999885559082,15.399999618530273,15.619999885559082,1136,0.0,0.0
2016-08-24 00:00:00-04:00,15.510000228881836,15.619999885559082,15.069999694824219,15.399999618530273,673,0.0,0.0
2016-08-25 00:00:00-04:00,15.069999694824219,15.399999618530273,14.630000114440918,14.630000114440918,264,0.0,0.0
2016-08-26 00:00:00-04:00,14.520000457763672,15.069999694824219,14.40999984741211,14.850000381469727,2391,0.0,0.0
2016-08-29 00:00:00-04:00,14.630000114440918,15.069999694824219,14.300000190734863,14.739999771118164,8073,0.0,0.0
2016-08-30 00:00:00-04:00,14.739999771118164,14.850000381469727,14.630000114440918,14.739999771118164,2382,0.0,0.0
2016-08-31 00:00:00-04:00,14.850000381469727,15.180000305175781,14.630000114440918,14.630000114440918,2136,0.0,0.0
2016-09-01 00:00:00-04:00,14.739999771118164,15.069999694824219,14.40999984741211,14.630000114440918,2764,0.0,0.0
2016-09-02 00:00:00-04:00,14.739999771118164,14.850000381469727,14.520000457763672,14.630000114440918,2500,0.0,0.0
2016-09-06 00:00:00-04:00,14.630000114440918,14.850000381469727,14.520000457763672,14.630000114440918,4582,0.0,0.0
2016-09-07 00:00:00-04:00,14.520000457763672,15.949999809265137,14.520000457763672,14.960000038146973,4945,0.0,0.0
2016-09-08 00:00:00-04:00,14.960000038146973,16.059999465942383,14.960000038146973,15.399999618530273,11000,0.0,0.0
2016-09-09 00:00:00-04:00,15.399999618530273,15.729999542236328,14.630000114440918,14.960000038146973,5764,0.0,0.0
2016-09-12 00:00:00-04:00,14.850000381469727,15.84000015258789,14.850000381469727,15.619999885559082,3100,0.0,0.0
2016-09-13 00:00:00-04:00,15.510000228881836,15.84000015258789,15.399999618530273,15.510000228881836,5227,0.0,0.0
2016-09-14 00:00:00-04:00,15.510000228881836,15.949999809265137,15.510000228881836,15.619999885559082,7727,0.0,0.0
2016-09-15 00:00:00-04:00,15.510000228881836,15.729999542236328,15.399999618530273,15.510000228881836,2373,0.0,0.0
2016-09-16 00:00:00-04:00,15.619999885559082,17.3799991607666,15.619999885559082,17.3799991607666,9527,0.0,0.0
2016-09-19 00:00:00-04:00,16.719999313354492,17.270000457763672,16.389999389648438,16.610000610351562,2627,0.0,0.0
2016-09-20 00:00:00-04:00,16.829999923706055,18.149999618530273,16.829999923706055,17.600000381469727,9036,0.0,0.0
2016-09-21 00:00:00-04:00,18.700000762939453,18.700000762939453,17.81999969482422,18.149999618530273,10864,0.0,0.0
2016-09-22 00:00:00-04:00,18.59000015258789,18.920000076293945,18.3700008392334,18.479999542236328,8591,0.0,0.0
2016-09-23 00:00:00-04:00,18.149999618530273,18.700000762939453,18.149999618530273,18.260000228881836,6964,0.0,0.0
2016-09-26 00:00:00-04:00,18.3700008392334,20.790000915527344,18.3700008392334,20.459999084472656,21045,0.0,0.0
2016-09-27 00:00:00-04:00,21.010000228881836,21.559999465942383,20.459999084472656,20.899999618530273,16045,0.0,0.0
2016-09-28 00:00:00-04:00,20.899999618530273,21.889999389648438,20.790000915527344,21.34000015258789,14100,0.0,0.0
2016-09-29 00:00:00-04:00,20.899999618530273,22.0,19.579999923706055,21.229999542236328,11964,0.0,0.0
2016-09-30 00:00:00-04:00,21.34000015258789,21.889999389648438,20.68000030517578,21.1200008392334,6073,0.0,0.0
2016-10-03 00:00:00-04:00,20.899999618530273,20.899999618530273,19.360000610351562,19.469999313354492,9327,0.0,0.0
2016-10-04 00:00:00-04:00,19.139999389648438,20.459999084472656,18.479999542236328,19.799999237060547,9827,0.0,0.0
2016-10-05 00:00:00-04:00,19.690000534057617,20.899999618530273,19.690000534057617,20.350000381469727,7800,0.0,0.0
2016-10-06 00:00:00-04:00,20.459999084472656,20.68000030517578,19.360000610351562,19.360000610351562,9891,0.0,0.0
2016-10-07 00:00:00-04:00,19.25,19.579999923706055,19.030000686645508,19.25,3218,0.0,0.0
2016-10-10 00:00:00-04:00,19.030000686645508,19.469999313354492,18.920000076293945,19.139999389648438,2545,0.0,0.0
2016-10-11 00:00:00-04:00,18.809999465942383,19.25,18.3700008392334,18.59000015258789,4618,0.0,0.0
2016-10-12 00:00:00-04:00,18.260000228881836,19.030000686645508,17.93000030517578,17.93000030517578,6073,0.0,0.0
2016-10-13 00:00:00-04:00,18.149999618530273,19.030000686645508,17.3799991607666,17.489999771118164,8673,0.0,0.0
2016-10-14 00:00:00-04:00,17.489999771118164,18.149999618530273,17.270000457763672,17.93000030517578,1618,0.0,0.0
2016-10-17 00:00:00-04:00,17.81999969482422,17.81999969482422,16.719999313354492,17.15999984741211,2564,0.0,0.0
2016-10-18 00:00:00-04:00,16.940000534057617,17.489999771118164,15.729999542236328,16.719999313354492,5055,0.0,0.0
2016-10-19 00:00:00-04:00,16.610000610351562,17.049999237060547,16.610000610351562,16.610000610351562,773,0.0,0.0
2016-10-20 00:00:00-04:00,16.5,16.610000610351562,16.170000076293945,16.5,555,0.0,0.0
2016-10-21 00:00:00-04:00,16.829999923706055,17.049999237060547,16.5,16.610000610351562,518,0.0,0.0
2016-10-24 00:00:00-04:00,16.389999389648438,16.389999389648438,15.399999618530273,15.619999885559082,4891,0.0,0.0
2016-10-25 00:00:00-04:00,15.399999618530273,15.949999809265137,15.069999694824219,15.069999694824219,5709,0.0,0.0
2016-10-26 00:00:00-04:00,13.970000267028809,14.960000038146973,13.529999732971191,14.520000457763672,5927,0.0,0.0
2016-10-27 00:00:00-04:00,14.300000190734863,14.630000114440918,13.75,13.970000267028809,13155,0.0,0.0
2016-10-28 00:00:00-04:00,14.300000190734863,14.300000190734863,13.75,14.1899995803833,6273,0.0,0.0
2016-10-31 00:00:00-04:00,14.300000190734863,14.520000457763672,13.420000076293945,13.859999656677246,4427,0.0,0.0
2016-11-01 00:00:00-04:00,13.640000343322754,13.640000343322754,12.649999618530273,12.649999618530273,7373,0.0,0.0
2016-11-02 00:00:00-04:00,12.869999885559082,13.529999732971191,12.649999618530273,13.529999732971191,6782,0.0,0.0
2016-11-03 00:00:00-04:00,13.3100004196167,13.640000343322754,12.979999542236328,13.199999809265137,4145,0.0,0.0
2016-11-04 00:00:00-04:00,12.979999542236328,13.529999732971191,12.760000228881836,12.869999885559082,6773,0.0,0.0
2016-11-07 00:00:00-05:00,13.199999809265137,13.3100004196167,12.869999885559082,13.3100004196167,10518,0.0,0.0
2016-11-08 00:00:00-05:00,12.979999542236328,13.3100004196167,12.869999885559082,13.3100004196167,8364,0.0,0.0
2016-11-09 00:00:00-05:00,13.420000076293945,15.399999618530273,13.420000076293945,14.960000038146973,7345,0.0,0.0
2016-11-10 00:00:00-05:00,15.069999694824219,16.059999465942383,14.520000457763672,15.399999618530273,10136,0.0,0.0
2016-11-11 00:00:00-05:00,15.729999542236328,15.729999542236328,14.079999923706055,15.069999694824219,3600,0.0,0.0
2016-11-14 00:00:00-05:00,14.850000381469727,15.729999542236328,14.520000457763672,14.960000038146973,2118,0.0,0.0
2016-11-15 00:00:00-05:00,14.850000381469727,15.399999618530273,13.859999656677246,14.850000381469727,3527,0.0,0.0
2016-11-16 00:00:00-05:00,14.630000114440918,16.170000076293945,13.75,15.180000305175781,4400,0.0,0.0
2016-11-17 00:00:00-05:00,15.619999885559082,16.389999389648438,14.739999771118164,14.850000381469727,2636,0.0,0.0
2016-11-18 00:00:00-05:00,14.739999771118164,15.289999961853027,14.739999771118164,15.289999961853027,1845,0.0,0.0
2016-11-21 00:00:00-05:00,14.960000038146973,15.289999961853027,14.739999771118164,14.850000381469727,3509,0.0,0.0
2016-11-22 00:00:00-05:00,15.069999694824219,15.289999961853027,14.850000381469727,14.960000038146973,1600,0.0,0.0
2016-11-23 00:00:00-05:00,14.630000114440918,17.600000381469727,14.630000114440918,15.949999809265137,8964,0.0,0.0
2016-11-25 00:00:00-05:00,16.280000686645508,16.5,16.059999465942383,16.280000686645508,2409,0.0,0.0
2016-11-28 00:00:00-05:00,16.170000076293945,16.5,15.510000228881836,15.510000228881836,3373,0.0,0.0
2016-11-29 00:00:00-05:00,15.84000015258789,15.84000015258789,15.069999694824219,15.399999618530273,2264,0.0,0.0
2016-11-30 00:00:00-05:00,15.289999961853027,15.949999809265137,15.069999694824219,15.289999961853027,1645,0.0,0.0
2016-12-01 00:00:00-05:00,15.289999961853027,15.949999809265137,14.960000038146973,15.069999694824219,3000,0.0,0.0
2016-12-02 00:00:00-05:00,14.850000381469727,15.069999694824219,14.40999984741211,14.40999984741211,2491,0.0,0.0
2016-12-05 00:00:00-05:00,14.300000190734863,14.960000038146973,14.1899995803833,14.40999984741211,2545,0.0,0.0
2016-12-06 00:00:00-05:00,14.300000190734863,15.069999694824219,14.300000190734863,14.520000457763672,982,0.0,0.0
2016-12-07 00:00:00-05:00,14.300000190734863,14.630000114440918,13.3100004196167,13.3100004196167,7127,0.0,0.0
2016-12-08 00:00:00-05:00,14.079999923706055,14.1899995803833,13.529999732971191,13.859999656677246,2673,0.0,0.0
2016-12-09 00:00:00-05:00,14.079999923706055,14.520000457763672,14.079999923706055,14.520000457763672,627,0.0,0.0
2016-12-12 00:00:00-05:00,14.520000457763672,14.520000457763672,14.079999923706055,14.079999923706055,6809,0.0,0.0
2016-12-13 00:00:00-05:00,13.640000343322754,14.1899995803833,12.979999542236328,13.859999656677246,4318,0.0,0.0
2016-12-14 00:00:00-05:00,13.75,13.970000267028809,13.75,13.75,4073,0.0,0.0
2016-12-15 00:00:00-05:00,13.529999732971191,13.970000267028809,13.529999732971191,13.970000267028809,2164,0.0,0.0
2016-12-16 00:00:00-05:00,14.079999923706055,14.630000114440918,13.75,14.630000114440918,5373,0.0,0.0
2016-12-19 00:00:00-05:00,14.300000190734863,14.630000114440918,13.529999732971191,14.079999923706055,3082,0.0,0.0
2016-12-20 00:00:00-05:00,14.079999923706055,14.850000381469727,13.640000343322754,13.75,7073,0.0,0.0
2016-12-21 00:00:00-05:00,13.640000343322754,14.1899995803833,13.640000343322754,13.859999656677246,1564,0.0,0.0
2016-12-22 00:00:00-05:00,13.75,14.1899995803833,12.539999961853027,12.760000228881836,12064,0.0,0.0
2016-12-23 00:00:00-05:00,13.3100004196167,13.859999656677246,12.979999542236328,13.859999656677246,3873,0.0,0.0
2016-12-27 00:00:00-05:00,13.859999656677246,14.300000190734863,13.199999809265137,13.970000267028809,12927,0.0,0.0
2016-12-28 00:00:00-05:00,13.859999656677246,14.300000190734863,13.640000343322754,14.079999923706055,5700,0.0,0.0
2016-12-29 00:00:00-05:00,13.970000267028809,14.300000190734863,13.859999656677246,13.970000267028809,3655,0.0,0.0
2016-12-30 00:00:00-05:00,14.079999923706055,14.079999923706055,13.3100004196167,13.529999732971191,7945,0.0,0.0
2017-01-03 00:00:00-05:00,13.75,13.75,13.199999809265137,13.3100004196167,5400,0.0,0.0
2017-01-04 00:00:00-05:00,13.640000343322754,13.75,13.529999732971191,13.529999732971191,4673,0.0,0.0
2017-01-05 00:00:00-05:00,13.75,13.75,13.3100004196167,13.529999732971191,4045,0.0,0.0
2017-01-06 00:00:00-05:00,13.640000343322754,13.75,13.529999732971191,13.640000343322754,1627,0.0,0.0
2017-01-09 00:00:00-05:00,13.75,14.1899995803833,13.640000343322754,13.859999656677246,4682,0.0,0.0
2017-01-10 00:00:00-05:00,13.75,14.300000190734863,13.199999809265137,13.75,4964,0.0,0.0
2017-01-11 00:00:00-05:00,13.75,14.300000190734863,13.529999732971191,13.970000267028809,4527,0.0,0.0
2017-01-12 00:00:00-05:00,14.1899995803833,14.300000190734863,13.640000343322754,13.859999656677246,3755,0.0,0.0
2017-01-13 00:00:00-05:00,13.859999656677246,15.729999542236328,13.529999732971191,15.399999618530273,23436,0.0,0.0
2017-01-17 00:00:00-05:00,16.170000076293945,16.5,14.40999984741211,15.180000305175781,13373,0.0,0.0
2017-01-18 00:00:00-05:00,14.850000381469727,15.510000228881836,14.850000381469727,15.289999961853027,3727,0.0,0.0
2017-01-19 00:00:00-05:00,15.180000305175781,15.180000305175781,13.859999656677246,14.1899995803833,7082,0.0,0.0
2017-01-20 00:00:00-05:00,14.300000190734863,15.069999694824219,14.079999923706055,14.300000190734863,3791,0.0,0.0
2017-01-23 00:00:00-05:00,14.300000190734863,14.520000457763672,13.529999732971191,13.640000343322754,4455,0.0,0.0
2017-01-24 00:00:00-05:00,13.529999732971191,15.180000305175781,13.3100004196167,14.739999771118164,18300,0.0,0.0
2017-01-25 00:00:00-05:00,14.850000381469727,14.960000038146973,13.75,14.739999771118164,5736,0.0,0.0
2017-01-26 00:00:00-05:00,14.630000114440918,14.850000381469727,14.300000190734863,14.520000457763672,3564,0.0,0.0
2017-01-27 00:00:00-05:00,14.1899995803833,15.180000305175781,14.1899995803833,15.069999694824219,11582,0.0,0.0
2017-01-30 00:00:00-05:00,15.289999961853027,15.729999542236328,14.630000114440918,14.960000038146973,8191,0.0,0.0
2017-01-31 00:00:00-05:00,15.399999618530273,15.399999618530273,13.970000267028809,14.300000190734863,19409,0.0,0.0
2017-02-01 00:00:00-05:00,14.300000190734863,14.300000190734863,13.09000015258789,13.529999732971191,45564,0.0,0.0
2017-02-02 00:00:00-05:00,10.34000015258789,13.529999732971191,10.229999542236328,13.09000015258789,60364,0.0,0.0
2017-02-03 00:00:00-05:00,13.199999809265137,13.420000076293945,12.319999694824219,12.760000228881836,9682,0.0,0.0
2017-02-06 00:00:00-05:00,12.539999961853027,13.3100004196167,11.989999771118164,12.210000038146973,10709,0.0,0.0
2017-02-07 00:00:00-05:00,12.319999694824219,12.869999885559082,12.319999694824219,12.539999961853027,3573,0.0,0.0
2017-02-08 00:00:00-05:00,12.430000305175781,12.760000228881836,11.880000114440918,12.319999694824219,17882,0.0,0.0
2017-02-09 00:00:00-05:00,12.100000381469727,12.430000305175781,11.989999771118164,12.319999694824219,3691,0.0,0.0
2017-02-10 00:00:00-05:00,12.210000038146973,12.979999542236328,11.989999771118164,12.539999961853027,15155,0.0,0.0
2017-02-13 00:00:00-05:00,12.539999961853027,12.539999961853027,11.550000190734863,11.880000114440918,36127,0.0,0.0
2017-02-14 00:00:00-05:00,7.369999885559082,8.140000343322754,7.150000095367432,7.480000019073486,178073,0.0,0.0
2017-02-15 00:00:00-05:00,7.699999809265137,7.920000076293945,7.369999885559082,7.699999809265137,30282,0.0,0.0
2017-02-16 00:00:00-05:00,7.699999809265137,8.140000343322754,7.369999885559082,7.699999809265137,16545,0.0,0.0
2017-02-17 00:00:00-05:00,7.699999809265137,7.809999942779541,7.590000152587891,7.699999809265137,7391,0.0,0.0
2017-02-21 00:00:00-05:00,7.369999885559082,7.699999809265137,7.260000228881836,7.590000152587891,13236,0.0,0.0
2017-02-22 00:00:00-05:00,7.260000228881836,7.699999809265137,7.260000228881836,7.369999885559082,9064,0.0,0.0
2017-02-23 00:00:00-05:00,7.260000228881836,7.480000019073486,6.929999828338623,7.150000095367432,10718,0.0,0.0
2017-02-24 00:00:00-05:00,6.929999828338623,6.929999828338623,6.599999904632568,6.929999828338623,3627,0.0,0.0
2017-02-27 00:00:00-05:00,6.599999904632568,6.929999828338623,6.269999980926514,6.599999904632568,22536,0.0,0.0
2017-02-28 00:00:00-05:00,6.489999771118164,6.710000038146973,6.489999771118164,6.489999771118164,15000,0.0,0.0
2017-03-01 00:00:00-05:00,6.269999980926514,6.710000038146973,6.159999847412109,6.599999904632568,14591,0.0,0.0
2017-03-02 00:00:00-05:00,6.489999771118164,6.820000171661377,6.269999980926514,6.599999904632568,13427,0.0,0.0
2017-03-03 00:00:00-05:00,6.820000171661377,7.590000152587891,6.269999980926514,7.260000228881836,27618,0.0,0.0
2017-03-06 00:00:00-05:00,7.369999885559082,7.699999809265137,6.599999904632568,6.599999904632568,13691,0.0,0.0
2017-03-07 00:00:00-05:00,6.269999980926514,6.929999828338623,6.159999847412109,6.489999771118164,14118,0.0,0.0
2017-03-08 00:00:00-05:00,6.269999980926514,6.929999828338623,6.269999980926514,6.820000171661377,6627,0.0,0.0
2017-03-09 00:00:00-05:00,6.820000171661377,6.929999828338623,6.489999771118164,6.820000171661377,3145,0.0,0.0
2017-03-10 00:00:00-05:00,7.039999961853027,8.359999656677246,6.489999771118164,7.920000076293945,78636,0.0,0.0
2017-03-13 00:00:00-04:00,8.25,8.359999656677246,7.480000019073486,7.699999809265137,30745,0.0,0.0
2017-03-14 00:00:00-04:00,7.809999942779541,8.029999732971191,6.929999828338623,7.260000228881836,10691,0.0,0.0
2017-03-15 00:00:00-04:00,7.260000228881836,7.480000019073486,6.599999904632568,6.929999828338623,5073,0.0,0.0
2017-03-16 00:00:00-04:00,7.150000095367432,7.809999942779541,6.710000038146973,7.590000152587891,33191,0.0,0.0
2017-03-17 00:00:00-04:00,7.699999809265137,7.699999809265137,7.039999961853027,7.150000095367432,17073,0.0,0.0
2017-03-20 00:00:00-04:00,7.260000228881836,7.260000228881836,6.929999828338623,7.260000228881836,7109,0.0,0.0
2017-03-21 00:00:00-04:00,7.039999961853027,7.369999885559082,6.820000171661377,6.929999828338623,5155,0.0,0.0
2017-03-22 00:00:00-04:00,7.039999961853027,7.150000095367432,6.489999771118164,6.599999904632568,8409,0.0,0.0
2017-03-23 00:00:00-04:00,6.710000038146973,7.150000095367432,6.599999904632568,7.039999961853027,10382,0.0,0.0
2017-03-24 00:00:00-04:00,7.039999961853027,7.150000095367432,6.710000038146973,7.150000095367432,3300,0.0,0.0
2017-03-27 00:00:00-04:00,6.929999828338623,7.150000095367432,6.710000038146973,7.150000095367432,2818,0.0,0.0
2017-03-28 00:00:00-04:00,6.929999828338623,7.039999961853027,6.710000038146973,6.929999828338623,3945,0.0,0.0
2017-03-29 00:00:00-04:00,6.820000171661377,7.590000152587891,6.710000038146973,7.369999885559082,13436,0.0,0.0
2017-03-30 00:00:00-04:00,7.369999885559082,7.480000019073486,7.150000095367432,7.260000228881836,8055,0.0,0.0
2017-03-31 00:00:00-04:00,7.369999885559082,7.480000019073486,7.039999961853027,7.150000095367432,2036,0.0,0.0
2017-04-03 00:00:00-04:00,7.150000095367432,7.809999942779541,7.150000095367432,7.260000228881836,8545,0.0,0.0
2017-04-04 00:00:00-04:00,6.929999828338623,7.369999885559082,6.710000038146973,6.820000171661377,12436,0.0,0.0
2017-04-05 00:00:00-04:00,7.150000095367432,7.150000095367432,6.599999904632568,6.599999904632568,4009,0.0,0.0
2017-04-06 00:00:00-04:00,6.599999904632568,6.929999828338623,6.489999771118164,6.599999904632568,26000,0.0,0.0
2017-04-07 00:00:00-04:00,6.710000038146973,6.929999828338623,6.599999904632568,6.599999904632568,4636,0.0,0.0
2017-04-10 00:00:00-04:00,6.820000171661377,6.929999828338623,6.489999771118164,6.599999904632568,2555,0.0,0.0
2017-04-11 00:00:00-04:00,6.489999771118164,6.710000038146973,6.489999771118164,6.489999771118164,6882,0.0,0.0
2017-04-12 00:00:00-04:00,6.380000114440918,6.489999771118164,6.269999980926514,6.269999980926514,9655,0.0,0.0
2017-04-13 00:00:00-04:00,6.269999980926514,6.380000114440918,6.269999980926514,6.380000114440918,2555,0.0,0.0
2017-04-17 00:00:00-04:00,6.159999847412109,6.710000038146973,6.159999847412109,6.599999904632568,6636,0.0,0.0
2017-04-18 00:00:00-04:00,6.599999904632568,6.820000171661377,6.599999904632568,6.599999904632568,20664,0.0,0.0
2017-04-19 00:00:00-04:00,6.710000038146973,7.150000095367432,6.599999904632568,6.599999904632568,18564,0.0,0.0
2017-04-20 00:00:00-04:00,6.820000171661377,6.820000171661377,6.599999904632568,6.599999904632568,2164,0.0,0.0
2017-04-21 00:00:00-04:00,6.710000038146973,6.820000171661377,6.599999904632568,6.599999904632568,4564,0.0,0.0
2017-04-24 00:00:00-04:00,6.599999904632568,6.929999828338623,6.599999904632568,6.599999904632568,3355,0.0,0.0
2017-04-25 00:00:00-04:00,6.820000171661377,6.929999828338623,6.599999904632568,6.820000171661377,1818,0.0,0.0
2017-04-26 00:00:00-04:00,6.820000171661377,6.929999828338623,6.710000038146973,6.820000171661377,4400,0.0,0.0
2017-04-27 00:00:00-04:00,6.820000171661377,6.929999828338623,6.710000038146973,6.710000038146973,1055,0.0,0.0
2017-04-28 00:00:00-04:00,6.820000171661377,6.820000171661377,6.489999771118164,6.599999904632568,4282,0.0,0.0
2017-05-01 00:00:00-04:00,6.599999904632568,6.599999904632568,6.159999847412109,6.380000114440918,4691,0.0,0.0
2017-05-02 00:00:00-04:00,6.380000114440918,6.489999771118164,5.71999979019165,5.940000057220459,10927,0.0,0.0
2017-05-03 00:00:00-04:00,5.940000057220459,6.489999771118164,5.829999923706055,6.050000190734863,7545,0.0,0.0
2017-05-04 00:00:00-04:00,6.489999771118164,6.599999904632568,5.829999923706055,5.940000057220459,6891,0.0,0.0
2017-05-05 00:00:00-04:00,5.71999979019165,6.380000114440918,5.389999866485596,5.5,15273,0.0,0.0
2017-05-08 00:00:00-04:00,5.389999866485596,5.829999923706055,5.389999866485596,5.389999866485596,19091,0.0,0.0
2017-05-09 00:00:00-04:00,5.940000057220459,5.940000057220459,5.28000020980835,5.389999866485596,7900,0.0,0.0
2017-05-10 00:00:00-04:00,5.389999866485596,5.5,5.170000076293945,5.28000020980835,15336,0.0,0.0
2017-05-11 00:00:00-04:00,5.5,5.5,5.170000076293945,5.28000020980835,27673,0.0,0.0
2017-05-12 00:00:00-04:00,5.28000020980835,5.71999979019165,5.28000020980835,5.5,30091,0.0,0.0
2017-05-15 00:00:00-04:00,5.389999866485596,5.71999979019165,5.28000020980835,5.5,41518,0.0,0.0
2017-05-16 00:00:00-04:00,5.5,5.829999923706055,5.5,5.5,10809,0.0,0.0
2017-05-17 00:00:00-04:00,5.5,5.829999923706055,5.28000020980835,5.5,12045,0.0,0.0
2017-05-18 00:00:00-04:00,5.389999866485596,5.71999979019165,5.389999866485596,5.389999866485596,9636,0.0,0.0
2017-05-19 00:00:00-04:00,5.28000020980835,5.610000133514404,5.28000020980835,5.610000133514404,7209,0.0,0.0
2017-05-22 00:00:00-04:00,5.5,5.71999979019165,5.5,5.5,14264,0.0,0.0
2017-05-23 00:00:00-04:00,5.389999866485596,5.610000133514404,5.389999866485596,5.5,23555,0.0,0.0
2017-05-24 00:00:00-04:00,5.5,5.610000133514404,5.5,5.5,10136,0.0,0.0
2017-05-25 00:00:00-04:00,5.28000020980835,5.5,5.28000020980835,5.5,7718,0.0,0.0
2017-05-26 00:00:00-04:00,5.389999866485596,5.5,5.28000020980835,5.389999866485596,20845,0.0,0.0
2017-05-30 00:00:00-04:00,5.28000020980835,5.389999866485596,4.949999809265137,5.28000020980835,7682,0.0,0.0
2017-05-31 00:00:00-04:00,5.28000020980835,5.5,5.170000076293945,5.170000076293945,10664,0.0,0.0
2017-06-01 00:00:00-04:00,5.5,5.5,5.059999942779541,5.059999942779541,15818,0.0,0.0
2017-06-02 00:00:00-04:00,4.949999809265137,5.389999866485596,4.730000019073486,4.840000152587891,25573,0.0,0.0
2017-06-05 00:00:00-04:00,4.840000152587891,5.389999866485596,4.840000152587891,5.059999942779541,11382,0.0,0.0
2017-06-06 00:00:00-04:00,5.059999942779541,5.170000076293945,4.949999809265137,5.059999942779541,10555,0.0,0.0
2017-06-07 00:00:00-04:00,5.059999942779541,5.389999866485596,4.949999809265137,5.170000076293945,36764,0.0,0.0
2017-06-08 00:00:00-04:00,5.28000020980835,5.829999923706055,5.170000076293945,5.5,72509,0.0,0.0
2017-06-09 00:00:00-04:00,5.5,7.039999961853027,5.28000020980835,5.610000133514404,144418,0.0,0.0
2017-06-12 00:00:00-04:00,5.5,5.610000133514404,5.28000020980835,5.5,29345,0.0,0.0
2017-06-13 00:00:00-04:00,5.389999866485596,5.829999923706055,5.389999866485596,5.389999866485596,40645,0.0,0.0
2017-06-14 00:00:00-04:00,5.389999866485596,5.610000133514404,5.389999866485596,5.610000133514404,79827,0.0,0.0
2017-06-15 00:00:00-04:00,5.610000133514404,6.159999847412109,5.389999866485596,5.610000133514404,127527,0.0,0.0
2017-06-16 00:00:00-04:00,5.610000133514404,6.269999980926514,5.610000133514404,5.940000057220459,124064,0.0,0.0
2017-06-19 00:00:00-04:00,5.610000133514404,6.159999847412109,5.610000133514404,5.829999923706055,77845,0.0,0.0
2017-06-20 00:00:00-04:00,5.5,6.050000190734863,5.5,5.5,117136,0.0,0.0
2017-06-21 00:00:00-04:00,5.170000076293945,5.610000133514404,5.170000076293945,5.28000020980835,62118,0.0,0.0
2017-06-22 00:00:00-04:00,5.28000020980835,6.929999828338623,5.170000076293945,6.380000114440918,367682,0.0,0.0
2017-06-23 00:00:00-04:00,6.380000114440918,6.710000038146973,6.050000190734863,6.380000114440918,116100,0.0,0.0
2017-06-26 00:00:00-04:00,6.050000190734863,6.489999771118164,5.829999923706055,6.380000114440918,41673,0.0,0.0
2017-06-27 00:00:00-04:00,6.380000114440918,7.150000095367432,6.269999980926514,6.820000171661377,67373,0.0,0.0
2017-06-28 00:00:00-04:00,6.820000171661377,7.480000019073486,6.599999904632568,7.369999885559082,51618,0.0,0.0
2017-06-29 00:00:00-04:00,7.369999885559082,7.699999809265137,6.599999904632568,7.150000095367432,68227,0.0,0.0
2017-06-30 00:00:00-04:00,7.150000095367432,8.6899995803833,6.599999904632568,7.369999885559082,182182,0.0,0.0
2017-07-03 00:00:00-04:00,7.699999809265137,7.699999809265137,7.260000228881836,7.590000152587891,17036,0.0,0.0
2017-07-05 00:00:00-04:00,7.369999885559082,7.590000152587891,6.929999828338623,7.369999885559082,38227,0.0,0.0
2017-07-06 00:00:00-04:00,7.369999885559082,7.590000152587891,7.150000095367432,7.369999885559082,26127,0.0,0.0
2017-07-07 00:00:00-04:00,7.699999809265137,8.25,7.150000095367432,7.369999885559082,45318,0.0,0.0
2017-07-10 00:00:00-04:00,7.369999885559082,7.369999885559082,6.710000038146973,6.929999828338623,31773,0.0,0.0
2017-07-11 00:00:00-04:00,6.820000171661377,6.929999828338623,6.159999847412109,6.599999904632568,34600,0.0,0.0
2017-07-12 00:00:00-04:00,6.710000038146973,6.820000171661377,6.050000190734863,6.489999771118164,21218,0.0,0.0
2017-07-13 00:00:00-04:00,6.269999980926514,6.489999771118164,6.159999847412109,6.269999980926514,12127,0.0,0.0
2017-07-14 00:00:00-04:00,6.159999847412109,7.039999961853027,6.159999847412109,6.710000038146973,20618,0.0,0.0
2017-07-17 00:00:00-04:00,6.489999771118164,6.820000171661377,6.269999980926514,6.820000171661377,13600,0.0,0.0
2017-07-18 00:00:00-04:00,6.710000038146973,6.820000171661377,6.380000114440918,6.599999904632568,7127,0.0,0.0
2017-07-19 00:00:00-04:00,6.489999771118164,6.820000171661377,6.380000114440918,6.380000114440918,11773,0.0,0.0
2017-07-20 00:00:00-04:00,6.489999771118164,6.710000038146973,6.380000114440918,6.599999904632568,17091,0.0,0.0
2017-07-21 00:00:00-04:00,6.599999904632568,6.599999904632568,6.380000114440918,6.380000114440918,12318,0.0,0.0
2017-07-24 00:00:00-04:00,6.159999847412109,6.599999904632568,5.829999923706055,6.159999847412109,41736,0.0,0.0
2017-07-25 00:00:00-04:00,6.050000190734863,6.489999771118164,6.050000190734863,6.159999847412109,10364,0.0,0.0
2017-07-26 00:00:00-04:00,6.050000190734863,6.489999771118164,6.050000190734863,6.269999980926514,4973,0.0,0.0
2017-07-27 00:00:00-04:00,6.269999980926514,6.489999771118164,5.71999979019165,6.050000190734863,9855,0.0,0.0
2017-07-28 00:00:00-04:00,5.829999923706055,6.159999847412109,5.610000133514404,5.829999923706055,13645,0.0,0.0
2017-07-31 00:00:00-04:00,5.829999923706055,6.269999980926514,5.829999923706055,6.050000190734863,19582,0.0,0.0
2017-08-01 00:00:00-04:00,6.050000190734863,6.599999904632568,6.050000190734863,6.489999771118164,14582,0.0,0.0
2017-08-02 00:00:00-04:00,6.599999904632568,6.820000171661377,6.269999980926514,6.489999771118164,13545,0.0,0.0
2017-08-03 00:00:00-04:00,6.489999771118164,7.039999961853027,6.380000114440918,6.820000171661377,82391,0.0,0.0
2017-08-04 00:00:00-04:00,7.150000095367432,7.150000095367432,6.269999980926514,6.489999771118164,14655,0.0,0.0
2017-08-07 00:00:00-04:00,6.599999904632568,6.929999828338623,5.940000057220459,6.929999828338623,17127,0.0,0.0
2017-08-08 00:00:00-04:00,6.599999904632568,6.929999828338623,6.599999904632568,6.710000038146973,12427,0.0,0.0
2017-08-09 00:00:00-04:00,6.380000114440918,6.929999828338623,6.380000114440918,6.710000038146973,10827,0.0,0.0
2017-08-10 00:00:00-04:00,6.929999828338623,6.929999828338623,6.489999771118164,6.710000038146973,9745,0.0,0.0
2017-08-11 00:00:00-04:00,6.599999904632568,6.710000038146973,6.380000114440918,6.599999904632568,11073,0.0,0.0
2017-08-14 00:00:00-04:00,6.159999847412109,6.710000038146973,6.159999847412109,6.489999771118164,8609,0.0,0.0
2017-08-15 00:00:00-04:00,6.489999771118164,6.599999904632568,6.380000114440918,6.380000114440918,4000,0.0,0.0
2017-08-16 00:00:00-04:00,6.599999904632568,6.599999904632568,6.380000114440918,6.489999771118164,5045,0.0,0.0
2017-08-17 00:00:00-04:00,6.159999847412109,6.599999904632568,6.050000190734863,6.269999980926514,11318,0.0,0.0
2017-08-18 00:00:00-04:00,6.380000114440918,6.599999904632568,6.380000114440918,6.599999904632568,3600,0.0,0.0
2017-08-21 00:00:00-04:00,6.599999904632568,6.599999904632568,6.380000114440918,6.380000114440918,3573,0.0,0.0
2017-08-22 00:00:00-04:00,6.489999771118164,6.599999904632568,6.380000114440918,6.380000114440918,13509,0.0,0.0
2017-08-23 00:00:00-04:00,6.050000190734863,6.489999771118164,6.050000190734863,6.380000114440918,20955,0.0,0.0
2017-08-24 00:00:00-04:00,6.489999771118164,7.039999961853027,6.380000114440918,6.929999828338623,17627,0.0,0.0
2017-08-25 00:00:00-04:00,6.929999828338623,7.260000228881836,6.599999904632568,7.260000228881836,22645,0.0,0.0
2017-08-28 00:00:00-04:00,7.369999885559082,7.369999885559082,6.710000038146973,6.820000171661377,13991,0.0,0.0
2017-08-29 00:00:00-04:00,6.710000038146973,7.150000095367432,6.710000038146973,6.929999828338623,7164,0.0,0.0
2017-08-30 00:00:00-04:00,6.820000171661377,7.150000095367432,6.599999904632568,6.710000038146973,14400,0.0,0.0
2017-08-31 00:00:00-04:00,6.710000038146973,7.260000228881836,6.710000038146973,6.929999828338623,10391,0.0,0.0
2017-09-01 00:00:00-04:00,7.369999885559082,7.369999885559082,6.820000171661377,7.150000095367432,8855,0.0,0.0
2017-09-05 00:00:00-04:00,7.150000095367432,7.260000228881836,6.710000038146973,7.260000228881836,13845,0.0,0.0
2017-09-06 00:00:00-04:00,7.260000228881836,7.260000228881836,6.820000171661377,6.929999828338623,4218,0.0,0.0
2017-09-07 00:00:00-04:00,6.820000171661377,7.150000095367432,6.710000038146973,6.820000171661377,12327,0.0,0.0
2017-09-08 00:00:00-04:00,6.929999828338623,7.039999961853027,6.710000038146973,6.820000171661377,2864,0.0,0.0
2017-09-11 00:00:00-04:00,6.820000171661377,7.039999961853027,6.489999771118164,6.710000038146973,17536,0.0,0.0
2017-09-12 00:00:00-04:00,6.599999904632568,7.150000095367432,6.599999904632568,7.039999961853027,9664,0.0,0.0
2017-09-13 00:00:00-04:00,6.710000038146973,7.480000019073486,6.710000038146973,7.039999961853027,33445,0.0,0.0
2017-09-14 00:00:00-04:00,7.150000095367432,8.140000343322754,7.150000095367432,7.699999809265137,38882,0.0,0.0
2017-09-15 00:00:00-04:00,8.029999732971191,8.140000343322754,7.480000019073486,8.029999732971191,55918,0.0,0.0
2017-09-18 00:00:00-04:00,8.029999732971191,8.470000267028809,7.699999809265137,7.920000076293945,22909,0.0,0.0
2017-09-19 00:00:00-04:00,8.140000343322754,8.140000343322754,6.929999828338623,7.480000019073486,23255,0.0,0.0
2017-09-20 00:00:00-04:00,6.710000038146973,7.369999885559082,6.159999847412109,6.929999828338623,14645,0.0,0.0
2017-09-21 00:00:00-04:00,6.599999904632568,7.150000095367432,6.599999904632568,6.929999828338623,10200,0.0,0.0
2017-09-22 00:00:00-04:00,6.929999828338623,7.150000095367432,6.599999904632568,7.150000095367432,5891,0.0,0.0
2017-09-25 00:00:00-04:00,7.150000095367432,7.369999885559082,6.710000038146973,7.039999961853027,6518,0.0,0.0
2017-09-26 00:00:00-04:00,7.039999961853027,7.260000228881836,6.820000171661377,7.150000095367432,6591,0.0,0.0
2017-09-27 00:00:00-04:00,7.150000095367432,7.150000095367432,6.820000171661377,7.150000095367432,6418,0.0,0.0
2017-09-28 00:00:00-04:00,7.150000095367432,7.150000095367432,6.820000171661377,7.150000095367432,11636,0.0,0.0
2017-09-29 00:00:00-04:00,7.150000095367432,8.029999732971191,7.039999961853027,7.590000152587891,30291,0.0,0.0
2017-10-02 00:00:00-04:00,8.140000343322754,8.470000267028809,7.920000076293945,8.140000343322754,26027,0.0,0.0
2017-10-03 00:00:00-04:00,8.25,8.359999656677246,7.809999942779541,7.809999942779541,17327,0.0,0.0
2017-10-04 00:00:00-04:00,7.809999942779541,7.809999942779541,7.480000019073486,7.480000019073486,19764,0.0,0.0
2017-10-05 00:00:00-04:00,7.369999885559082,8.25,7.369999885559082,7.699999809265137,15227,0.0,0.0
2017-10-06 00:00:00-04:00,7.699999809265137,7.920000076293945,7.590000152587891,7.699999809265137,14327,0.0,0.0
2017-10-09 00:00:00-04:00,7.590000152587891,7.920000076293945,7.590000152587891,7.590000152587891,9664,0.0,0.0
2017-10-10 00:00:00-04:00,7.699999809265137,10.34000015258789,7.590000152587891,8.6899995803833,337964,0.0,0.0
2017-10-11 00:00:00-04:00,8.359999656677246,8.470000267028809,7.809999942779541,8.029999732971191,41291,0.0,0.0
2017-10-12 00:00:00-04:00,8.140000343322754,8.359999656677246,7.920000076293945,8.029999732971191,18600,0.0,0.0
2017-10-13 00:00:00-04:00,7.920000076293945,8.359999656677246,7.920000076293945,8.029999732971191,16891,0.0,0.0
2017-10-16 00:00:00-04:00,8.029999732971191,8.029999732971191,7.699999809265137,7.809999942779541,15882,0.0,0.0
2017-10-17 00:00:00-04:00,7.699999809265137,8.6899995803833,7.480000019073486,8.140000343322754,68127,0.0,0.0
2017-10-18 00:00:00-04:00,8.140000343322754,8.140000343322754,7.809999942779541,7.920000076293945,14155,0.0,0.0
2017-10-19 00:00:00-04:00,7.920000076293945,8.029999732971191,7.699999809265137,7.920000076293945,9364,0.0,0.0
2017-10-20 00:00:00-04:00,7.809999942779541,8.579999923706055,7.809999942779541,8.359999656677246,30655,0.0,0.0
2017-10-23 00:00:00-04:00,8.579999923706055,9.239999771118164,8.579999923706055,9.130000114440918,53700,0.0,0.0
2017-10-24 00:00:00-04:00,9.130000114440918,9.350000381469727,8.800000190734863,8.90999984741211,38473,0.0,0.0
2017-10-25 00:00:00-04:00,9.239999771118164,9.239999771118164,8.6899995803833,8.800000190734863,21291,0.0,0.0
2017-10-26 00:00:00-04:00,8.6899995803833,9.020000457763672,8.359999656677246,8.800000190734863,13000,0.0,0.0
2017-10-27 00:00:00-04:00,8.579999923706055,9.130000114440918,8.579999923706055,9.130000114440918,8045,0.0,0.0
2017-10-30 00:00:00-04:00,10.5600004196167,11.880000114440918,6.820000171661377,7.480000019073486,1373082,0.0,0.0
2017-10-31 00:00:00-04:00,7.590000152587891,7.699999809265137,6.710000038146973,6.820000171661377,136509,0.0,0.0
2017-11-01 00:00:00-04:00,6.820000171661377,6.820000171661377,6.269999980926514,6.710000038146973,127018,0.0,0.0
2017-11-02 00:00:00-04:00,7.039999961853027,7.260000228881836,6.269999980926514,6.599999904632568,63127,0.0,0.0
2017-11-03 00:00:00-04:00,6.820000171661377,6.820000171661377,6.159999847412109,6.380000114440918,48609,0.0,0.0
2017-11-06 00:00:00-05:00,6.380000114440918,6.380000114440918,5.829999923706055,6.159999847412109,30000,0.0,0.0
2017-11-07 00:00:00-05:00,6.050000190734863,6.159999847412109,5.829999923706055,5.829999923706055,53736,0.0,0.0
2017-11-08 00:00:00-05:00,5.829999923706055,6.489999771118164,5.71999979019165,6.050000190734863,32727,0.0,0.0
2017-11-09 00:00:00-05:00,5.71999979019165,6.159999847412109,5.71999979019165,5.940000057220459,25745,0.0,0.0
2017-11-10 00:00:00-05:00,5.940000057220459,6.489999771118164,5.829999923706055,5.829999923706055,26991,0.0,0.0
2017-11-13 00:00:00-05:00,5.940000057220459,6.820000171661377,5.829999923706055,6.269999980926514,126236,0.0,0.0
2017-11-14 00:00:00-05:00,6.599999904632568,6.599999904632568,6.050000190734863,6.159999847412109,25718,0.0,0.0
2017-11-15 00:00:00-05:00,6.489999771118164,6.489999771118164,6.050000190734863,6.269999980926514,21955,0.0,0.0
2017-11-16 00:00:00-05:00,6.380000114440918,6.380000114440918,6.159999847412109,6.269999980926514,21591,0.0,0.0
2017-11-17 00:00:00-05:00,6.269999980926514,6.380000114440918,6.050000190734863,6.159999847412109,15018,0.0,0.0
2017-11-20 00:00:00-05:00,6.050000190734863,6.489999771118164,6.050000190734863,6.269999980926514,8655,0.0,0.0
2017-11-21 00:00:00-05:00,6.269999980926514,6.380000114440918,6.050000190734863,6.269999980926514,11118,0.0,0.0
2017-11-22 00:00:00-05:00,6.269999980926514,6.489999771118164,6.050000190734863,6.380000114440918,24664,0.0,0.0
2017-11-24 00:00:00-05:00,6.489999771118164,6.489999771118164,6.159999847412109,6.380000114440918,6155,0.0,0.0
2017-11-27 00:00:00-05:00,6.159999847412109,7.039999961853027,6.050000190734863,6.710000038146973,108436,0.0,0.0
2017-11-28 00:00:00-05:00,6.489999771118164,7.039999961853027,6.380000114440918,6.489999771118164,50818,0.0,0.0
2017-11-29 00:00:00-05:00,6.710000038146973,7.480000019073486,6.159999847412109,7.150000095367432,154864,0.0,0.0
2017-11-30 00:00:00-05:00,7.480000019073486,7.480000019073486,6.929999828338623,7.039999961853027,47091,0.0,0.0
2017-12-01 00:00:00-05:00,7.369999885559082,7.369999885559082,6.489999771118164,6.820000171661377,28782,0.0,0.0
2017-12-04 00:00:00-05:00,6.820000171661377,6.929999828338623,6.380000114440918,6.489999771118164,15964,0.0,0.0
2017-12-05 00:00:00-05:00,6.599999904632568,6.599999904632568,6.380000114440918,6.599999904632568,16800,0.0,0.0
2017-12-06 00:00:00-05:00,6.489999771118164,6.599999904632568,6.380000114440918,6.489999771118164,16255,0.0,0.0
2017-12-07 00:00:00-05:00,6.380000114440918,6.599999904632568,6.380000114440918,6.489999771118164,10273,0.0,0.0
2017-12-08 00:00:00-05:00,6.380000114440918,6.599999904632568,6.380000114440918,6.489999771118164,5936,0.0,0.0
2017-12-11 00:00:00-05:00,6.599999904632568,6.599999904632568,6.159999847412109,6.380000114440918,11764,0.0,0.0
2017-12-12 00:00:00-05:00,6.380000114440918,6.929999828338623,6.380000114440918,6.489999771118164,21682,0.0,0.0
2017-12-13 00:00:00-05:00,6.489999771118164,6.820000171661377,6.269999980926514,6.599999904632568,15564,0.0,0.0
2017-12-14 00:00:00-05:00,6.599999904632568,6.710000038146973,6.380000114440918,6.489999771118164,17427,0.0,0.0
2017-12-15 00:00:00-05:00,6.489999771118164,6.599999904632568,6.489999771118164,6.489999771118164,7991,0.0,0.0
2017-12-18 00:00:00-05:00,6.489999771118164,6.599999904632568,6.380000114440918,6.489999771118164,17418,0.0,0.0
2017-12-19 00:00:00-05:00,6.380000114440918,6.489999771118164,6.380000114440918,6.489999771118164,7718,0.0,0.0
2017-12-20 00:00:00-05:00,6.599999904632568,6.599999904632568,6.380000114440918,6.380000114440918,5755,0.0,0.0
2017-12-21 00:00:00-05:00,6.489999771118164,6.599999904632568,6.159999847412109,6.380000114440918,18191,0.0,0.0
2017-12-22 00:00:00-05:00,6.269999980926514,6.269999980926514,5.829999923706055,6.269999980926514,18073,0.0,0.0
2017-12-26 00:00:00-05:00,6.050000190734863,6.599999904632568,5.940000057220459,6.269999980926514,55164,0.0,0.0
2017-12-27 00:00:00-05:00,6.269999980926514,6.380000114440918,6.159999847412109,6.269999980926514,16782,0.0,0.0
2017-12-28 00:00:00-05:00,6.269999980926514,6.380000114440918,5.940000057220459,6.159999847412109,35564,0.0,0.0
2017-12-29 00:00:00-05:00,6.159999847412109,6.380000114440918,6.050000190734863,6.269999980926514,14036,0.0,0.0
2018-01-02 00:00:00-05:00,6.050000190734863,6.269999980926514,5.940000057220459,5.940000057220459,36473,0.0,0.0
2018-01-03 00:00:00-05:00,6.050000190734863,6.269999980926514,5.940000057220459,6.050000190734863,32264,0.0,0.0
2018-01-04 00:00:00-05:00,6.050000190734863,6.269999980926514,5.940000057220459,6.159999847412109,12245,0.0,0.0
2018-01-05 00:00:00-05:00,6.050000190734863,6.269999980926514,5.940000057220459,6.159999847412109,11682,0.0,0.0
2018-01-08 00:00:00-05:00,6.050000190734863,6.820000171661377,6.050000190734863,6.269999980926514,112927,0.0,0.0
2018-01-09 00:00:00-05:00,6.380000114440918,6.599999904632568,6.159999847412109,6.380000114440918,17227,0.0,0.0
2018-01-10 00:00:00-05:00,6.489999771118164,6.599999904632568,6.269999980926514,6.380000114440918,10336,0.0,0.0
2018-01-11 00:00:00-05:00,6.489999771118164,6.710000038146973,6.380000114440918,6.599999904632568,15836,0.0,0.0
2018-01-12 00:00:00-05:00,6.820000171661377,8.25,6.599999904632568,7.480000019073486,309973,0.0,0.0
2018-01-16 00:00:00-05:00,7.699999809265137,7.699999809265137,6.929999828338623,7.150000095367432,112718,0.0,0.0
2018-01-17 00:00:00-05:00,7.039999961853027,7.590000152587891,7.039999961853027,7.260000228881836,28100,0.0,0.0
2018-01-18 00:00:00-05:00,7.260000228881836,7.920000076293945,7.150000095367432,7.369999885559082,39391,0.0,0.0
2018-01-19 00:00:00-05:00,7.480000019073486,7.920000076293945,7.260000228881836,7.369999885559082,20227,0.0,0.0
2018-01-22 00:00:00-05:00,7.369999885559082,7.590000152587891,6.269999980926514,6.820000171661377,66191,0.0,0.0
2018-01-23 00:00:00-05:00,6.489999771118164,6.929999828338623,6.489999771118164,6.929999828338623,20618,0.0,0.0
2018-01-24 00:00:00-05:00,6.710000038146973,7.150000095367432,6.489999771118164,6.710000038146973,26200,0.0,0.0
2018-01-25 00:00:00-05:00,6.710000038146973,6.820000171661377,6.380000114440918,6.489999771118164,24691,0.0,0.0
2018-01-26 00:00:00-05:00,6.489999771118164,6.710000038146973,6.489999771118164,6.710000038146973,16936,0.0,0.0
2018-01-29 00:00:00-05:00,6.820000171661377,6.929999828338623,6.489999771118164,6.599999904632568,32464,0.0,0.0
2018-01-30 00:00:00-05:00,6.489999771118164,6.820000171661377,6.380000114440918,6.380000114440918,22964,0.0,0.0
2018-01-31 00:00:00-05:00,6.380000114440918,6.710000038146973,6.159999847412109,6.380000114440918,16455,0.0,0.0
2018-02-01 00:00:00-05:00,6.599999904632568,6.929999828338623,6.489999771118164,6.489999771118164,20791,0.0,0.0
2018-02-02 00:00:00-05:00,6.710000038146973,6.820000171661377,6.380000114440918,6.710000038146973,31509,0.0,0.0
2018-02-05 00:00:00-05:00,6.599999904632568,7.369999885559082,6.489999771118164,6.929999828338623,50991,0.0,0.0
2018-02-06 00:00:00-05:00,6.929999828338623,7.260000228881836,6.489999771118164,6.820000171661377,26682,0.0,0.0
2018-02-07 00:00:00-05:00,6.820000171661377,7.920000076293945,6.489999771118164,7.260000228881836,117109,0.0,0.0
2018-02-08 00:00:00-05:00,8.140000343322754,8.800000190734863,7.480000019073486,8.6899995803833,218345,0.0,0.0
2018-02-09 00:00:00-05:00,8.800000190734863,9.460000038146973,7.920000076293945,8.359999656677246,272655,0.0,0.0
2018-02-12 00:00:00-05:00,8.579999923706055,9.239999771118164,8.359999656677246,8.800000190734863,88782,0.0,0.0
2018-02-13 00:00:00-05:00,9.239999771118164,9.239999771118164,8.470000267028809,9.020000457763672,74200,0.0,0.0
2018-02-14 00:00:00-05:00,9.0,9.0,7.650000095367432,8.5,13300,0.0,0.09090909090909091
2018-02-15 00:00:00-05:00,7.599999904632568,8.479999542236328,7.019999980926514,7.78000020980835,28700,0.0,0.0
2018-02-16 00:00:00-05:00,7.610000133514404,7.889999866485596,5.929999828338623,6.559999942779541,89300,0.0,0.0
2018-02-20 00:00:00-05:00,6.730000019073486,6.730000019073486,6.019999980926514,6.179999828338623,61500,0.0,0.0
2018-02-21 00:00:00-05:00,6.21999979019165,6.300000190734863,5.619999885559082,6.190000057220459,47900,0.0,0.0
2018-02-22 00:00:00-05:00,5.929999828338623,6.039999961853027,5.039999961853027,5.900000095367432,29700,0.0,0.0
2018-02-23 00:00:00-05:00,5.659999847412109,5.880000114440918,5.53000020980835,5.690000057220459,39700,0.0,0.0
2018-02-26 00:00:00-05:00,5.739999771118164,6.28000020980835,5.739999771118164,5.900000095367432,18300,0.0,0.0
2018-02-27 00:00:00-05:00,5.559999942779541,6.230000019073486,5.5,5.630000114440918,19400,0.0,0.0
2018-02-28 00:00:00-05:00,5.630000114440918,6.090000152587891,5.510000228881836,5.590000152587891,25300,0.0,0.0
2018-03-01 00:00:00-05:00,5.5,5.849999904632568,5.210000038146973,5.300000190734863,47500,0.0,0.0
2018-03-02 00:00:00-05:00,5.400000095367432,5.5,4.849999904632568,4.949999809265137,45200,0.0,0.0
2018-03-05 00:00:00-05:00,4.900000095367432,5.619999885559082,4.900000095367432,5.53000020980835,92500,0.0,0.0
2018-03-06 00:00:00-05:00,5.260000228881836,6.5,5.199999809265137,5.869999885559082,96700,0.0,0.0
2018-03-07 00:00:00-05:00,5.929999828338623,6.699999809265137,5.480000019073486,5.75,58200,0.0,0.0
2018-03-08 00:00:00-05:00,5.739999771118164,6.099999904632568,5.570000171661377,5.769999980926514,19200,0.0,0.0
2018-03-09 00:00:00-05:00,5.900000095367432,6.099999904632568,5.559999942779541,5.800000190734863,29500,0.0,0.0
2018-03-12 00:00:00-04:00,5.75,6.389999866485596,5.75,6.110000133514404,108600,0.0,0.0
2018-03-13 00:00:00-04:00,5.75,6.980000019073486,5.75,6.940000057220459,110900,0.0,0.0
2018-03-14 00:00:00-04:00,7.0,8.050000190734863,6.849999904632568,6.920000076293945,219700,0.0,0.0
2018-03-15 00:00:00-04:00,6.96999979019165,7.150000095367432,6.239999771118164,6.539999961853027,56800,0.0,0.0
2018-03-16 00:00:00-04:00,6.760000228881836,6.949999809265137,5.840000152587891,6.300000190734863,53200,0.0,0.0
2018-03-19 00:00:00-04:00,6.25,6.25,5.769999980926514,5.909999847412109,40800,0.0,0.0
2018-03-20 00:00:00-04:00,5.75,5.840000152587891,5.150000095367432,5.53000020980835,14300,0.0,0.0
2018-03-21 00:00:00-04:00,5.53000020980835,5.929999828338623,5.300000190734863,5.650000095367432,18000,0.0,0.0
2018-03-22 00:00:00-04:00,5.559999942779541,6.260000228881836,5.25,5.420000076293945,23300,0.0,0.0
2018-03-23 00:00:00-04:00,5.099999904632568,6.070000171661377,5.099999904632568,5.460000038146973,12700,0.0,0.0
2018-03-26 00:00:00-04:00,5.840000152587891,5.840000152587891,5.179999828338623,5.789999961853027,17900,0.0,0.0
2018-03-27 00:00:00-04:00,5.679999828338623,5.699999809265137,5.170000076293945,5.340000152587891,27300,0.0,0.0
2018-03-28 00:00:00-04:00,5.599999904632568,5.599999904632568,5.110000133514404,5.199999809265137,20600,0.0,0.0
2018-03-29 00:00:00-04:00,5.199999809265137,5.309999942779541,5.070000171661377,5.309999942779541,12200,0.0,0.0
2018-04-02 00:00:00-04:00,5.269999980926514,5.869999885559082,5.070000171661377,5.079999923706055,46400,0.0,0.0
2018-04-03 00:00:00-04:00,5.0,6.199999809265137,5.0,6.0,200800,0.0,0.0
2018-04-04 00:00:00-04:00,6.119999885559082,6.639999866485596,5.28000020980835,5.380000114440918,179000,0.0,0.0
2018-04-05 00:00:00-04:00,5.400000095367432,5.400000095367432,5.110000133514404,5.139999866485596,75300,0.0,0.0
2018-04-06 00:00:00-04:00,5.050000190734863,5.190000057220459,5.039999961853027,5.059999942779541,29100,0.0,0.0
2018-04-09 00:00:00-04:00,5.190000057220459,5.239999771118164,5.0,5.010000228881836,25400,0.0,0.0
2018-04-10 00:00:00-04:00,5.079999923706055,5.289999961853027,5.039999961853027,5.269999980926514,26100,0.0,0.0
2018-04-11 00:00:00-04:00,5.389999866485596,5.590000152587891,5.130000114440918,5.150000095367432,76900,0.0,0.0
2018-04-12 00:00:00-04:00,5.150000095367432,5.320000171661377,5.099999904632568,5.119999885559082,29600,0.0,0.0
2018-04-13 00:00:00-04:00,5.099999904632568,5.5,5.0,5.119999885559082,35200,0.0,0.0
2018-04-16 00:00:00-04:00,5.369999885559082,5.369999885559082,4.980000019073486,5.019999980926514,31400,0.0,0.0
2018-04-17 00:00:00-04:00,5.269999980926514,5.460000038146973,5.059999942779541,5.25,65800,0.0,0.0
2018-04-18 00:00:00-04:00,5.349999904632568,5.590000152587891,5.300000190734863,5.369999885559082,46600,0.0,0.0
2018-04-19 00:00:00-04:00,5.610000133514404,5.869999885559082,5.400000095367432,5.570000171661377,149900,0.0,0.0
2018-04-20 00:00:00-04:00,6.349999904632568,6.659999847412109,5.699999809265137,5.769999980926514,923100,0.0,0.0
2018-04-23 00:00:00-04:00,5.900000095367432,5.900000095367432,5.199999809265137,5.590000152587891,59700,0.0,0.0
2018-04-24 00:00:00-04:00,5.480000019073486,5.639999866485596,5.28000020980835,5.360000133514404,30800,0.0,0.0
2018-04-25 00:00:00-04:00,5.400000095367432,5.730000019073486,5.130000114440918,5.190000057220459,185700,0.0,0.0
2018-04-26 00:00:00-04:00,5.179999828338623,5.440000057220459,5.179999828338623,5.28000020980835,14100,0.0,0.0
2018-04-27 00:00:00-04:00,5.25,5.429999828338623,5.190000057220459,5.260000228881836,23600,0.0,0.0
2018-04-30 00:00:00-04:00,5.239999771118164,5.489999771118164,5.239999771118164,5.25,23200,0.0,0.0
2018-05-01 00:00:00-04:00,5.150000095367432,5.369999885559082,5.099999904632568,5.199999809265137,24500,0.0,0.0
2018-05-02 00:00:00-04:00,5.170000076293945,5.349999904632568,5.170000076293945,5.25,24900,0.0,0.0
2018-05-03 00:00:00-04:00,5.199999809265137,5.340000152587891,5.119999885559082,5.130000114440918,30200,0.0,0.0
2018-05-04 00:00:00-04:00,5.139999866485596,5.690000057220459,5.139999866485596,5.449999809265137,191800,0.0,0.0
2018-05-07 00:00:00-04:00,5.46999979019165,5.510000228881836,5.170000076293945,5.190000057220459,49800,0.0,0.0
2018-05-08 00:00:00-04:00,5.159999847412109,5.360000133514404,5.150000095367432,5.239999771118164,43700,0.0,0.0
2018-05-09 00:00:00-04:00,5.179999828338623,5.210000038146973,5.099999904632568,5.159999847412109,16700,0.0,0.0
2018-05-10 00:00:00-04:00,5.179999828338623,5.239999771118164,5.019999980926514,5.019999980926514,36200,0.0,0.0
2018-05-11 00:00:00-04:00,5.079999923706055,5.239999771118164,5.019999980926514,5.130000114440918,12700,0.0,0.0
2018-05-14 00:00:00-04:00,5.190000057220459,5.239999771118164,5.019999980926514,5.159999847412109,18200,0.0,0.0
2018-05-15 00:00:00-04:00,5.179999828338623,5.199999809265137,5.019999980926514,5.130000114440918,6800,0.0,0.0
2018-05-16 00:00:00-04:00,5.170000076293945,5.28000020980835,5.059999942779541,5.059999942779541,21300,0.0,0.0
2018-05-17 00:00:00-04:00,5.090000152587891,5.159999847412109,5.010000228881836,5.079999923706055,8100,0.0,0.0
2018-05-18 00:00:00-04:00,5.050000190734863,5.360000133514404,5.050000190734863,5.300000190734863,31900,0.0,0.0
2018-05-21 00:00:00-04:00,5.340000152587891,5.460000038146973,5.199999809265137,5.199999809265137,8000,0.0,0.0
2018-05-22 00:00:00-04:00,5.159999847412109,6.25,5.159999847412109,5.309999942779541,821200,0.0,0.0
2018-05-23 00:00:00-04:00,5.300000190734863,5.5,5.070000171661377,5.090000152587891,33800,0.0,0.0
2018-05-24 00:00:00-04:00,5.170000076293945,5.25,5.110000133514404,5.190000057220459,15700,0.0,0.0
2018-05-25 00:00:00-04:00,5.099999904632568,5.289999961853027,5.099999904632568,5.170000076293945,11900,0.0,0.0
2018-05-29 00:00:00-04:00,5.139999866485596,5.269999980926514,5.090000152587891,5.110000133514404,24900,0.0,0.0
2018-05-30 00:00:00-04:00,5.079999923706055,5.289999961853027,4.980000019073486,5.059999942779541,24100,0.0,0.0
2018-05-31 00:00:00-04:00,5.019999980926514,5.150000095367432,5.019999980926514,5.119999885559082,39400,0.0,0.0
2018-06-01 00:00:00-04:00,5.170000076293945,5.400000095367432,5.119999885559082,5.239999771118164,69100,0.0,0.0
2018-06-04 00:00:00-04:00,4.46999979019165,4.5,4.110000133514404,4.28000020980835,112400,0.0,0.0
2018-06-05 00:00:00-04:00,4.409999847412109,4.510000228881836,2.759999990463257,3.359999895095825,674200,0.0,0.0
2018-06-06 00:00:00-04:00,3.4600000381469727,3.5999999046325684,3.0799999237060547,3.5399999618530273,179400,0.0,0.0
2018-06-07 00:00:00-04:00,3.630000114440918,3.630000114440918,3.3499999046325684,3.4600000381469727,70600,0.0,0.0
2018-06-08 00:00:00-04:00,3.5,3.5,3.390000104904175,3.490000009536743,28900,0.0,0.0
2018-06-11 00:00:00-04:00,3.5799999237060547,3.5799999237060547,3.450000047683716,3.450000047683716,25800,0.0,0.0
2018-06-12 00:00:00-04:00,3.359999895095825,3.450000047683716,3.0999999046325684,3.2300000190734863,30800,0.0,0.0
2018-06-13 00:00:00-04:00,3.2200000286102295,3.3399999141693115,3.200000047683716,3.259999990463257,12400,0.0,0.0
2018-06-14 00:00:00-04:00,3.309999942779541,3.309999942779541,3.140000104904175,3.190000057220459,39300,0.0,0.0
2018-06-15 00:00:00-04:00,3.2200000286102295,3.25,3.0999999046325684,3.119999885559082,26800,0.0,0.0
2018-06-18 00:00:00-04:00,3.180000066757202,3.3299999237060547,3.119999885559082,3.240000009536743,82200,0.0,0.0
2018-06-19 00:00:00-04:00,3.240000009536743,3.25,3.119999885559082,3.130000114440918,33700,0.0,0.0
2018-06-20 00:00:00-04:00,3.140000104904175,3.240000009536743,3.049999952316284,3.059999942779541,78600,0.0,0.0
2018-06-21 00:00:00-04:00,3.0199999809265137,3.1600000858306885,2.9100000858306885,3.069999933242798,46200,0.0,0.0
2018-06-22 00:00:00-04:00,3.0799999237060547,3.200000047683716,3.0799999237060547,3.0999999046325684,51000,0.0,0.0
2018-06-25 00:00:00-04:00,3.119999885559082,3.2100000381469727,2.9200000762939453,3.0299999713897705,48700,0.0,0.0
2018-06-26 00:00:00-04:00,3.049999952316284,3.049999952316284,2.930000066757202,2.9700000286102295,26300,0.0,0.0
2018-06-27 00:00:00-04:00,2.9700000286102295,3.0899999141693115,2.809999942779541,2.880000114440918,71300,0.0,0.0
2018-06-28 00:00:00-04:00,2.880000114440918,2.9800000190734863,2.8499999046325684,2.9700000286102295,13900,0.0,0.0
2018-06-29 00:00:00-04:00,2.950000047683716,3.130000114440918,2.890000104904175,3.0299999713897705,81700,0.0,0.0
2018-07-02 00:00:00-04:00,2.9700000286102295,3.0,2.859999895095825,2.9800000190734863,27200,0.0,0.0
2018-07-03 00:00:00-04:00,3.0,3.049999952316284,3.0,3.0199999809265137,12600,0.0,0.0
2018-07-05 00:00:00-04:00,3.0199999809265137,3.359999895095825,3.0199999809265137,3.2899999618530273,109000,0.0,0.0
2018-07-06 00:00:00-04:00,3.3399999141693115,3.430000066757202,3.1500000953674316,3.1500000953674316,75400,0.0,0.0
2018-07-09 00:00:00-04:00,3.200000047683716,3.259999990463257,3.0799999237060547,3.240000009536743,32100,0.0,0.0
2018-07-10 00:00:00-04:00,3.319999933242798,3.3299999237060547,3.2100000381469727,3.2200000286102295,6900,0.0,0.0
2018-07-11 00:00:00-04:00,3.180000066757202,3.240000009536743,3.109999895095825,3.190000057220459,3500,0.0,0.0
2018-07-12 00:00:00-04:00,3.3499999046325684,3.5999999046325684,3.140000104904175,3.140000104904175,37100,0.0,0.0
2018-07-13 00:00:00-04:00,3.190000057220459,3.190000057220459,3.140000104904175,3.1600000858306885,7700,0.0,0.0
2018-07-16 00:00:00-04:00,3.140000104904175,3.1700000762939453,3.069999933242798,3.119999885559082,21500,0.0,0.0
2018-07-17 00:00:00-04:00,3.069999933242798,3.2300000190734863,3.049999952316284,3.2300000190734863,8700,0.0,0.0
2018-07-18 00:00:00-04:00,3.1700000762939453,3.1700000762939453,3.0999999046325684,3.119999885559082,4800,0.0,0.0
2018-07-19 00:00:00-04:00,3.0999999046325684,3.1700000762939453,3.0999999046325684,3.109999895095825,6900,0.0,0.0
2018-07-20 00:00:00-04:00,3.190000057220459,3.190000057220459,3.049999952316284,3.0899999141693115,12500,0.0,0.0
2018-07-23 00:00:00-04:00,3.069999933242798,3.1500000953674316,3.059999942779541,3.130000114440918,9800,0.0,0.0
2018-07-24 00:00:00-04:00,3.109999895095825,3.2200000286102295,3.049999952316284,3.0899999141693115,27400,0.0,0.0
2018-07-25 00:00:00-04:00,3.0799999237060547,3.140000104904175,3.059999942779541,3.0899999141693115,7500,0.0,0.0
2018-07-26 00:00:00-04:00,3.0899999141693115,3.130000114440918,3.0899999141693115,3.130000114440918,1300,0.0,0.0
2018-07-27 00:00:00-04:00,3.140000104904175,3.1700000762939453,3.059999942779541,3.059999942779541,15300,0.0,0.0
2018-07-30 00:00:00-04:00,3.119999885559082,3.190000057220459,3.119999885559082,3.190000057220459,1100,0.0,0.0
2018-07-31 00:00:00-04:00,3.109999895095825,3.109999895095825,3.049999952316284,3.049999952316284,5900,0.0,0.0
2018-08-01 00:00:00-04:00,3.109999895095825,3.200000047683716,3.0899999141693115,3.0899999141693115,7700,0.0,0.0
2018-08-02 00:00:00-04:00,3.109999895095825,3.140000104904175,3.049999952316284,3.0899999141693115,15600,0.0,0.0
2018-08-03 00:00:00-04:00,3.059999942779541,3.1500000953674316,3.049999952316284,3.119999885559082,4700,0.0,0.0
2018-08-06 00:00:00-04:00,3.0999999046325684,3.200000047683716,3.049999952316284,3.109999895095825,15700,0.0,0.0
2018-08-07 00:00:00-04:00,3.130000114440918,3.1600000858306885,3.049999952316284,3.069999933242798,8900,0.0,0.0
2018-08-08 00:00:00-04:00,3.0899999141693115,3.200000047683716,3.009999990463257,3.0799999237060547,21600,0.0,0.0
2018-08-09 00:00:00-04:00,3.0399999618530273,3.1500000953674316,3.0299999713897705,3.059999942779541,36500,0.0,0.0
2018-08-10 00:00:00-04:00,3.049999952316284,3.130000114440918,3.049999952316284,3.0999999046325684,2700,0.0,0.0
2018-08-13 00:00:00-04:00,3.0999999046325684,3.1500000953674316,3.0199999809265137,3.0299999713897705,12900,0.0,0.0
2018-08-14 00:00:00-04:00,3.119999885559082,3.119999885559082,3.0199999809265137,3.049999952316284,6400,0.0,0.0
2018-08-15 00:00:00-04:00,3.0199999809265137,3.069999933242798,2.8399999141693115,2.9100000858306885,15700,0.0,0.0
2018-08-16 00:00:00-04:00,2.9600000381469727,3.0299999713897705,2.950000047683716,3.009999990463257,8100,0.0,0.0
2018-08-17 00:00:00-04:00,2.9600000381469727,3.109999895095825,2.9600000381469727,3.0,5000,0.0,0.0
2018-08-20 00:00:00-04:00,3.0999999046325684,3.0999999046325684,3.0399999618530273,3.0399999618530273,4100,0.0,0.0
2018-08-21 00:00:00-04:00,3.0199999809265137,3.0999999046325684,3.009999990463257,3.0999999046325684,8300,0.0,0.0
2018-08-22 00:00:00-04:00,3.0799999237060547,3.0999999046325684,3.0399999618530273,3.0399999618530273,2300,0.0,0.0
2018-08-23 00:00:00-04:00,3.0899999141693115,3.2100000381469727,3.0799999237060547,3.2100000381469727,6600,0.0,0.0
2018-08-24 00:00:00-04:00,3.25,3.25,3.069999933242798,3.1600000858306885,13400,0.0,0.0
2018-08-27 00:00:00-04:00,3.1600000858306885,3.180000066757202,3.0999999046325684,3.1700000762939453,9100,0.0,0.0
2018-08-28 00:00:00-04:00,3.0999999046325684,3.1700000762939453,3.0,3.0899999141693115,18600,0.0,0.0
2018-08-29 00:00:00-04:00,3.049999952316284,3.0999999046325684,3.049999952316284,3.069999933242798,22100,0.0,0.0
2018-08-30 00:00:00-04:00,3.0799999237060547,3.1500000953674316,3.049999952316284,3.059999942779541,15100,0.0,0.0
2018-08-31 00:00:00-04:00,3.0799999237060547,3.1500000953674316,3.049999952316284,3.049999952316284,12200,0.0,0.0
2018-09-04 00:00:00-04:00,3.049999952316284,3.0999999046325684,3.0299999713897705,3.0299999713897705,19900,0.0,0.0
2018-09-05 00:00:00-04:00,3.059999942779541,3.109999895095825,3.009999990463257,3.049999952316284,6900,0.0,0.0
2018-09-06 00:00:00-04:00,3.0399999618530273,3.1500000953674316,3.0399999618530273,3.049999952316284,7100,0.0,0.0
2018-09-07 00:00:00-04:00,3.0899999141693115,3.109999895095825,3.0199999809265137,3.0899999141693115,8400,0.0,0.0
2018-09-10 00:00:00-04:00,3.130000114440918,3.1500000953674316,3.0199999809265137,3.0399999618530273,16300,0.0,0.0
2018-09-11 00:00:00-04:00,3.0199999809265137,3.0999999046325684,2.950000047683716,2.950000047683716,34100,0.0,0.0
2018-09-12 00:00:00-04:00,3.0999999046325684,3.0999999046325684,2.930000066757202,3.0799999237060547,17400,0.0,0.0
2018-09-13 00:00:00-04:00,2.930000066757202,3.0,2.9000000953674316,2.9000000953674316,25100,0.0,0.0
2018-09-14 00:00:00-04:00,2.9000000953674316,2.9800000190734863,2.799999952316284,2.809999942779541,15600,0.0,0.0
2018-09-17 00:00:00-04:00,2.809999942779541,2.809999942779541,2.5899999141693115,2.6700000762939453,15300,0.0,0.0
2018-09-18 00:00:00-04:00,2.569999933242798,2.7100000381469727,2.369999885559082,2.5399999618530273,58100,0.0,0.0
2018-09-19 00:00:00-04:00,2.490000009536743,2.559999942779541,2.4200000762939453,2.4200000762939453,17300,0.0,0.0
2018-09-20 00:00:00-04:00,2.4100000858306885,3.0,2.4100000858306885,2.799999952316284,97600,0.0,0.0
2018-09-21 00:00:00-04:00,2.9800000190734863,3.190000057220459,2.7100000381469727,3.190000057220459,50400,0.0,0.0
2018-09-24 00:00:00-04:00,3.190000057220459,3.190000057220459,2.9000000953674316,3.0299999713897705,13800,0.0,0.0
2018-09-25 00:00:00-04:00,2.9100000858306885,3.0399999618530273,2.8499999046325684,2.9200000762939453,14100,0.0,0.0
2018-09-26 00:00:00-04:00,2.880000114440918,2.9000000953674316,2.799999952316284,2.8399999141693115,24500,0.0,0.0
2018-09-27 00:00:00-04:00,2.8299999237060547,3.0399999618530273,2.740000009536743,2.740000009536743,27000,0.0,0.0
2018-09-28 00:00:00-04:00,2.7300000190734863,3.049999952316284,2.7300000190734863,2.8499999046325684,10600,0.0,0.0
2018-10-01 00:00:00-04:00,2.7799999713897705,2.8499999046325684,2.7100000381469727,2.799999952316284,14000,0.0,0.0
2018-10-02 00:00:00-04:00,2.75,2.890000104904175,2.75,2.799999952316284,5500,0.0,0.0
2018-10-03 00:00:00-04:00,2.759999990463257,2.890000104904175,2.7300000190734863,2.7799999713897705,13900,0.0,0.0
2018-10-04 00:00:00-04:00,4.28000020980835,7.599999904632568,4.25,5.25,17875300,0.0,0.0
2018-10-05 00:00:00-04:00,5.039999961853027,6.480000019073486,4.599999904632568,5.079999923706055,3479900,0.0,0.0
2018-10-08 00:00:00-04:00,5.369999885559082,5.389999866485596,4.849999904632568,4.900000095367432,376200,0.0,0.0
2018-10-09 00:00:00-04:00,4.659999847412109,4.670000076293945,3.9100000858306885,4.099999904632568,304200,0.0,0.0
2018-10-10 00:00:00-04:00,3.990000009536743,3.990000009536743,3.5299999713897705,3.6500000953674316,186500,0.0,0.0
2018-10-11 00:00:00-04:00,3.440000057220459,3.799999952316284,3.299999952316284,3.75,171000,0.0,0.0
2018-10-12 00:00:00-04:00,3.700000047683716,3.9200000762939453,3.450000047683716,3.880000114440918,160400,0.0,0.0
2018-10-15 00:00:00-04:00,3.890000104904175,3.990000009536743,3.5999999046325684,3.7200000286102295,170000,0.0,0.0
2018-10-16 00:00:00-04:00,3.6500000953674316,3.7300000190734863,3.1600000858306885,3.200000047683716,237000,0.0,0.0
2018-10-17 00:00:00-04:00,3.25,3.5999999046325684,3.25,3.559999942779541,139600,0.0,0.0
2018-10-18 00:00:00-04:00,3.430000066757202,3.5899999141693115,3.200000047683716,3.2200000286102295,145200,0.0,0.0
2018-10-19 00:00:00-04:00,3.200000047683716,3.450000047683716,3.200000047683716,3.2300000190734863,66100,0.0,0.0
2018-10-22 00:00:00-04:00,3.1500000953674316,3.2899999618530273,3.0999999046325684,3.140000104904175,38200,0.0,0.0
2018-10-23 00:00:00-04:00,3.069999933242798,3.25,2.869999885559082,3.0899999141693115,104200,0.0,0.0
2018-10-24 00:00:00-04:00,3.119999885559082,3.309999942779541,2.799999952316284,2.8299999237060547,148100,0.0,0.0
2018-10-25 00:00:00-04:00,2.799999952316284,2.930000066757202,2.75,2.859999895095825,34300,0.0,0.0
2018-10-26 00:00:00-04:00,2.819999933242798,2.890000104904175,2.75,2.799999952316284,26500,0.0,0.0
2018-10-29 00:00:00-04:00,2.799999952316284,2.9600000381469727,2.6500000953674316,2.75,62900,0.0,0.0
2018-10-30 00:00:00-04:00,2.759999990463257,2.890000104904175,2.6600000858306885,2.75,93000,0.0,0.0
2018-10-31 00:00:00-04:00,2.799999952316284,3.049999952316284,2.7300000190734863,2.930000066757202,194100,0.0,0.0
2018-11-01 00:00:00-04:00,2.9100000858306885,3.069999933242798,2.7899999618530273,3.049999952316284,69100,0.0,0.0
2018-11-02 00:00:00-04:00,3.0899999141693115,3.0999999046325684,2.9000000953674316,2.930000066757202,71700,0.0,0.0
2018-11-05 00:00:00-05:00,2.930000066757202,3.069999933242798,2.9000000953674316,2.930000066757202,24300,0.0,0.0
2018-11-06 00:00:00-05:00,2.930000066757202,2.930000066757202,2.8299999237060547,2.880000114440918,27700,0.0,0.0
2018-11-07 00:00:00-05:00,2.890000104904175,2.9800000190734863,2.859999895095825,2.859999895095825,12400,0.0,0.0
2018-11-08 00:00:00-05:00,3.0299999713897705,3.0299999713897705,2.809999942779541,2.9800000190734863,12600,0.0,0.0
2018-11-09 00:00:00-05:00,2.9100000858306885,2.9100000858306885,2.390000104904175,2.640000104904175,183700,0.0,0.0
2018-11-12 00:00:00-05:00,2.5999999046325684,2.5999999046325684,2.4100000858306885,2.509999990463257,38100,0.0,0.0
2018-11-13 00:00:00-05:00,2.5199999809265137,2.640000104904175,2.4100000858306885,2.5399999618530273,51200,0.0,0.0
2018-11-14 00:00:00-05:00,2.559999942779541,2.6500000953674316,2.380000114440918,2.619999885559082,75400,0.0,0.0
2018-11-15 00:00:00-05:00,2.5799999237060547,2.8299999237060547,2.5799999237060547,2.8299999237060547,79100,0.0,0.0
2018-11-16 00:00:00-05:00,2.690000057220459,2.7699999809265137,2.490000009536743,2.640000104904175,61700,0.0,0.0
2018-11-19 00:00:00-05:00,2.6600000858306885,2.799999952316284,2.630000114440918,2.7899999618530273,52800,0.0,0.0
2018-11-20 00:00:00-05:00,2.740000009536743,2.7799999713897705,2.5199999809265137,2.5399999618530273,39200,0.0,0.0
2018-11-21 00:00:00-05:00,2.5,2.859999895095825,2.5,2.8499999046325684,58900,0.0,0.0
2018-11-23 00:00:00-05:00,2.8499999046325684,3.0999999046325684,2.680000066757202,3.0999999046325684,51800,0.0,0.0
2018-11-26 00:00:00-05:00,2.9700000286102295,3.2799999713897705,2.5999999046325684,2.7899999618530273,185800,0.0,0.0
2018-11-27 00:00:00-05:00,2.759999990463257,2.9600000381469727,2.549999952316284,2.6700000762939453,164300,0.0,0.0
2018-11-28 00:00:00-05:00,2.690000057220459,3.4000000953674316,2.5799999237060547,3.200000047683716,452100,0.0,0.0
2018-11-29 00:00:00-05:00,2.9000000953674316,3.0999999046325684,2.700000047683716,2.950000047683716,187100,0.0,0.0
2018-11-30 00:00:00-05:00,2.9000000953674316,3.2300000190734863,2.890000104904175,3.0799999237060547,124200,0.0,0.0
2018-12-03 00:00:00-05:00,3.240000009536743,3.240000009536743,3.0,3.0199999809265137,33900,0.0,0.0
2018-12-04 00:00:00-05:00,2.990000009536743,3.0899999141693115,2.930000066757202,2.9600000381469727,16700,0.0,0.0
2018-12-06 00:00:00-05:00,2.9100000858306885,2.950000047683716,2.7200000286102295,2.7300000190734863,50500,0.0,0.0
2018-12-07 00:00:00-05:00,2.7300000190734863,3.0,2.7200000286102295,3.0,59900,0.0,0.0
2018-12-10 00:00:00-05:00,2.869999885559082,2.880000114440918,2.740000009536743,2.759999990463257,27900,0.0,0.0
2018-12-11 00:00:00-05:00,2.809999942779541,2.930000066757202,2.700000047683716,2.700000047683716,11200,0.0,0.0
2018-12-12 00:00:00-05:00,2.759999990463257,2.759999990463257,2.7100000381469727,2.75,6400,0.0,0.0
2018-12-13 00:00:00-05:00,2.7200000286102295,2.7200000286102295,2.6500000953674316,2.680000066757202,20500,0.0,0.0
2018-12-14 00:00:00-05:00,2.6500000953674316,2.700000047683716,2.5,2.5,23200,0.0,0.0
2018-12-17 00:00:00-05:00,2.5,2.6700000762939453,2.380000114440918,2.430000066757202,25800,0.0,0.0
2018-12-18 00:00:00-05:00,2.430000066757202,2.549999952316284,2.1500000953674316,2.4000000953674316,42000,0.0,0.0
2018-12-19 00:00:00-05:00,2.369999885559082,2.5,2.240000009536743,2.25,25100,0.0,0.0
2018-12-20 00:00:00-05:00,2.25,2.799999952316284,2.25,2.7899999618530273,285200,0.0,0.0
2018-12-21 00:00:00-05:00,2.569999933242798,2.7100000381469727,2.5,2.6500000953674316,50200,0.0,0.0
2018-12-24 00:00:00-05:00,2.619999885559082,2.640000104904175,2.5299999713897705,2.640000104904175,8800,0.0,0.0
2018-12-26 00:00:00-05:00,2.559999942779541,2.559999942779541,2.25,2.369999885559082,26900,0.0,0.0
2018-12-27 00:00:00-05:00,2.2799999713897705,2.390000104904175,2.25,2.25,26500,0.0,0.0
2018-12-28 00:00:00-05:00,2.299999952316284,2.380000114440918,2.25,2.25,25100,0.0,0.0
2018-12-31 00:00:00-05:00,2.25,2.3499999046325684,1.8300000429153442,1.8799999952316284,174800,0.0,0.0
2019-01-02 00:00:00-05:00,1.9500000476837158,1.9900000095367432,1.7100000381469727,1.9800000190734863,91800,0.0,0.0
2019-01-03 00:00:00-05:00,1.940000057220459,1.940000057220459,1.649999976158142,1.8200000524520874,303000,0.0,0.0
2019-01-04 00:00:00-05:00,1.75,1.9199999570846558,1.649999976158142,1.690000057220459,277700,0.0,0.0
2019-01-07 00:00:00-05:00,1.7699999809265137,2.0,1.7000000476837158,1.909999966621399,117200,0.0,0.0
2019-01-08 00:00:00-05:00,1.9500000476837158,2.0999999046325684,1.899999976158142,2.059999942779541,54000,0.0,0.0
2019-01-09 00:00:00-05:00,2.059999942779541,2.059999942779541,1.940000057220459,1.940000057220459,18400,0.0,0.0
2019-01-10 00:00:00-05:00,1.9199999570846558,2.0999999046325684,1.909999966621399,2.0999999046325684,35300,0.0,0.0
2019-01-11 00:00:00-05:00,2.0999999046325684,2.180000066757202,2.0,2.1500000953674316,79200,0.0,0.0
2019-01-14 00:00:00-05:00,2.140000104904175,2.299999952316284,2.009999990463257,2.259999990463257,164800,0.0,0.0
2019-01-15 00:00:00-05:00,2.299999952316284,2.299999952316284,2.0999999046325684,2.109999895095825,50400,0.0,0.0
2019-01-16 00:00:00-05:00,2.109999895095825,2.2300000190734863,2.009999990463257,2.190000057220459,38800,0.0,0.0
2019-01-17 00:00:00-05:00,2.1500000953674316,2.2300000190734863,2.0999999046325684,2.0999999046325684,11200,0.0,0.0
2019-01-18 00:00:00-05:00,2.1600000858306885,2.1600000858306885,1.9299999475479126,1.9500000476837158,79200,0.0,0.0
2019-01-22 00:00:00-05:00,1.9199999570846558,1.940000057220459,1.850000023841858,1.850000023841858,15200,0.0,0.0
2019-01-23 00:00:00-05:00,1.899999976158142,1.9199999570846558,1.809999942779541,1.809999942779541,19600,0.0,0.0
2019-01-24 00:00:00-05:00,1.8200000524520874,1.840000033378601,1.7699999809265137,1.8300000429153442,79500,0.0,0.0
2019-01-25 00:00:00-05:00,1.850000023841858,1.899999976158142,1.7899999618530273,1.8700000047683716,22000,0.0,0.0
2019-01-28 00:00:00-05:00,1.8899999856948853,1.909999966621399,1.8799999952316284,1.899999976158142,24300,0.0,0.0
2019-01-29 00:00:00-05:00,1.899999976158142,2.0199999809265137,1.7799999713897705,2.0199999809265137,34700,0.0,0.0
2019-01-30 00:00:00-05:00,1.9299999475479126,1.9900000095367432,1.9299999475479126,1.9700000286102295,22100,0.0,0.0
2019-01-31 00:00:00-05:00,1.9700000286102295,2.049999952316284,1.9700000286102295,2.049999952316284,37600,0.0,0.0
2019-02-01 00:00:00-05:00,2.049999952316284,2.299999952316284,2.0299999713897705,2.1600000858306885,141300,0.0,0.0
2019-02-04 00:00:00-05:00,2.2100000381469727,2.240000009536743,2.049999952316284,2.1700000762939453,24000,0.0,0.0
2019-02-05 00:00:00-05:00,2.25,2.259999990463257,2.200000047683716,2.2100000381469727,30400,0.0,0.0
2019-02-06 00:00:00-05:00,2.240000009536743,2.259999990463257,2.190000057220459,2.259999990463257,15900,0.0,0.0
2019-02-07 00:00:00-05:00,2.069999933242798,2.119999885559082,2.0,2.0,55500,0.0,0.0
2019-02-08 00:00:00-05:00,2.0,2.049999952316284,1.8799999952316284,2.049999952316284,26400,0.0,0.0
2019-02-11 00:00:00-05:00,1.9900000095367432,2.1500000953674316,1.8799999952316284,1.940000057220459,55600,0.0,0.0
2019-02-12 00:00:00-05:00,1.9700000286102295,2.009999990463257,1.899999976158142,1.899999976158142,15600,0.0,0.0
2019-02-13 00:00:00-05:00,1.9199999570846558,2.0799999237060547,1.909999966621399,1.9500000476837158,19100,0.0,0.0
2019-02-14 00:00:00-05:00,2.140000104904175,2.140000104904175,1.899999976158142,1.9299999475479126,8900,0.0,0.0
2019-02-15 00:00:00-05:00,1.9900000095367432,2.0199999809265137,1.9299999475479126,1.9299999475479126,18900,0.0,0.0
2019-02-19 00:00:00-05:00,2.0199999809265137,2.0199999809265137,1.8899999856948853,1.909999966621399,23100,0.0,0.0
2019-02-20 00:00:00-05:00,1.9199999570846558,1.9900000095367432,1.899999976158142,1.9299999475479126,33400,0.0,0.0
2019-02-21 00:00:00-05:00,1.9500000476837158,1.9800000190734863,1.850000023841858,1.909999966621399,37500,0.0,0.0
2019-02-22 00:00:00-05:00,1.8899999856948853,1.9299999475479126,1.8600000143051147,1.8899999856948853,36100,0.0,0.0
2019-02-25 00:00:00-05:00,1.8899999856948853,1.8899999856948853,1.7999999523162842,1.8300000429153442,22900,0.0,0.0
2019-02-26 00:00:00-05:00,1.8600000143051147,1.8700000047683716,1.6200000047683716,1.6799999475479126,53700,0.0,0.0
2019-02-27 00:00:00-05:00,1.7300000190734863,1.809999942779541,1.6299999952316284,1.6399999856948853,15300,0.0,0.0
2019-02-28 00:00:00-05:00,1.809999942779541,1.809999942779541,1.6799999475479126,1.7200000286102295,3300,0.0,0.0
2019-03-01 00:00:00-05:00,1.7100000381469727,1.840000033378601,1.6299999952316284,1.7599999904632568,64500,0.0,0.0
2019-03-04 00:00:00-05:00,1.75,1.7599999904632568,1.6299999952316284,1.6699999570846558,23400,0.0,0.0
2019-03-05 00:00:00-05:00,1.6799999475479126,1.7200000286102295,1.5,1.5,57600,0.0,0.0
2019-03-06 00:00:00-05:00,1.5,1.6200000047683716,1.440000057220459,1.5399999618530273,55400,0.0,0.0
2019-03-07 00:00:00-05:00,1.5299999713897705,1.75,1.4800000190734863,1.5700000524520874,178400,0.0,0.0
2019-03-08 00:00:00-05:00,1.6100000143051147,1.649999976158142,1.5700000524520874,1.649999976158142,48200,0.0,0.0
2019-03-11 00:00:00-04:00,1.75,1.899999976158142,1.649999976158142,1.6799999475479126,144500,0.0,0.0
2019-03-12 00:00:00-04:00,1.7200000286102295,1.7899999618530273,1.6299999952316284,1.75,40200,0.0,0.0
2019-03-13 00:00:00-04:00,1.6200000047683716,1.7899999618530273,1.6200000047683716,1.649999976158142,38900,0.0,0.0
2019-03-14 00:00:00-04:00,1.7000000476837158,1.7599999904632568,1.5800000429153442,1.5800000429153442,137000,0.0,0.0
2019-03-15 00:00:00-04:00,1.649999976158142,1.7300000190734863,1.5199999809265137,1.6399999856948853,114100,0.0,0.0
2019-03-18 00:00:00-04:00,1.6100000143051147,1.6799999475479126,1.600000023841858,1.6200000047683716,35800,0.0,0.0
2019-03-19 00:00:00-04:00,2.049999952316284,5.0,2.0299999713897705,2.3399999141693115,33678900,0.0,0.0
2019-03-20 00:00:00-04:00,2.140000104904175,2.2699999809265137,2.009999990463257,2.0799999237060547,1138500,0.0,0.0
2019-03-21 00:00:00-04:00,2.0,2.3499999046325684,2.0,2.130000114440918,515900,0.0,0.0
2019-03-22 00:00:00-04:00,2.049999952316284,2.1700000762939453,1.9700000286102295,2.0,328900,0.0,0.0
2019-03-25 00:00:00-04:00,1.9800000190734863,2.0,1.8799999952316284,1.9500000476837158,212600,0.0,0.0
2019-03-26 00:00:00-04:00,1.9700000286102295,1.9700000286102295,1.809999942779541,1.8600000143051147,213500,0.0,0.0
2019-03-27 00:00:00-04:00,1.7599999904632568,1.940000057220459,1.7599999904632568,1.909999966621399,180700,0.0,0.0
2019-03-28 00:00:00-04:00,1.8700000047683716,1.899999976158142,1.8200000524520874,1.8600000143051147,81000,0.0,0.0
2019-03-29 00:00:00-04:00,1.8600000143051147,2.0,1.8200000524520874,1.940000057220459,283500,0.0,0.0
2019-04-01 00:00:00-04:00,2.0399999618530273,2.140000104904175,2.0,2.0399999618530273,212300,0.0,0.0
2019-04-02 00:00:00-04:00,2.0399999618530273,2.0799999237060547,1.899999976158142,1.9900000095367432,190100,0.0,0.0
2019-04-03 00:00:00-04:00,1.9900000095367432,2.009999990463257,1.9299999475479126,2.0,83000,0.0,0.0
2019-04-04 00:00:00-04:00,1.9500000476837158,2.0,1.8700000047683716,1.9199999570846558,92600,0.0,0.0
2019-04-05 00:00:00-04:00,1.9199999570846558,1.9800000190734863,1.899999976158142,1.899999976158142,82400,0.0,0.0
2019-04-08 00:00:00-04:00,1.9199999570846558,1.9299999475479126,1.4600000381469727,1.4900000095367432,1533100,0.0,0.0
2019-04-09 00:00:00-04:00,0.949999988079071,1.0,0.949999988079071,0.9800000190734863,4636600,0.0,0.0
2019-04-10 00:00:00-04:00,1.0,1.0,0.9200000166893005,0.9300000071525574,713800,0.0,0.0
2019-04-11 00:00:00-04:00,0.949999988079071,0.9599999785423279,0.8999999761581421,0.8999999761581421,552400,0.0,0.0
2019-04-12 00:00:00-04:00,0.949999988079071,0.9599999785423279,0.8600000143051147,0.8799999952316284,1475700,0.0,0.0
2019-04-15 00:00:00-04:00,0.8999999761581421,0.9100000262260437,0.8399999737739563,0.8500000238418579,535200,0.0,0.0
2019-04-16 00:00:00-04:00,0.8500000238418579,0.8600000143051147,0.8100000023841858,0.8199999928474426,333000,0.0,0.0
2019-04-17 00:00:00-04:00,0.8399999737739563,0.8799999952316284,0.8100000023841858,0.8199999928474426,1542500,0.0,0.0
2019-04-18 00:00:00-04:00,0.8199999928474426,0.8399999737739563,0.75,0.7699999809265137,907700,0.0,0.0
2019-04-22 00:00:00-04:00,0.800000011920929,0.8299999833106995,0.7099999785423279,0.7599999904632568,1207900,0.0,0.0
2019-04-23 00:00:00-04:00,0.7699999809265137,0.7799999713897705,0.7400000095367432,0.75,589300,0.0,0.0
2019-04-24 00:00:00-04:00,0.75,0.7900000214576721,0.7200000286102295,0.7400000095367432,2645000,0.0,0.0
2019-04-25 00:00:00-04:00,0.7799999713897705,0.7900000214576721,0.7099999785423279,0.7099999785423279,3693400,0.0,0.0
2019-04-26 00:00:00-04:00,0.6800000071525574,0.7599999904632568,0.6000000238418579,0.699999988079071,2415800,0.0,0.0
2019-04-29 00:00:00-04:00,0.7200000286102295,0.7200000286102295,0.6899999976158142,0.7099999785423279,336800,0.0,0.0
2019-04-30 00:00:00-04:00,0.6899999976158142,0.7599999904632568,0.6800000071525574,0.7400000095367432,891200,0.0,0.0
2019-05-01 00:00:00-04:00,0.7300000190734863,0.7599999904632568,0.7099999785423279,0.7400000095367432,413600,0.0,0.0
2019-05-02 00:00:00-04:00,0.7400000095367432,0.7400000095367432,0.6499999761581421,0.6899999976158142,451900,0.0,0.0
2019-05-03 00:00:00-04:00,0.699999988079071,0.7200000286102295,0.6700000166893005,0.7200000286102295,138200,0.0,0.0
2019-05-06 00:00:00-04:00,0.7200000286102295,0.7300000190734863,0.7099999785423279,0.7099999785423279,196700,0.0,0.0
2019-05-07 00:00:00-04:00,0.7200000286102295,0.7300000190734863,0.7099999785423279,0.7200000286102295,119500,0.0,0.0
2019-05-08 00:00:00-04:00,0.7200000286102295,0.7200000286102295,0.6899999976158142,0.7099999785423279,208400,0.0,0.0
2019-05-09 00:00:00-04:00,0.7200000286102295,0.7200000286102295,0.6800000071525574,0.699999988079071,373800,0.0,0.0
2019-05-10 00:00:00-04:00,0.7200000286102295,0.7900000214576721,0.6800000071525574,0.7699999809265137,1392900,0.0,0.0
2019-05-13 00:00:00-04:00,0.75,0.7599999904632568,0.7200000286102295,0.75,438500,0.0,0.0
2019-05-14 00:00:00-04:00,0.75,0.800000011920929,0.75,0.7799999713897705,555500,0.0,0.0
2019-05-15 00:00:00-04:00,0.7799999713897705,0.7799999713897705,0.75,0.7599999904632568,172900,0.0,0.0
2019-05-16 00:00:00-04:00,0.7799999713897705,0.7799999713897705,0.699999988079071,0.7400000095367432,271200,0.0,0.0
2019-05-17 00:00:00-04:00,0.7200000286102295,0.75,0.699999988079071,0.7300000190734863,223400,0.0,0.0
2019-05-20 00:00:00-04:00,0.7200000286102295,0.7400000095367432,0.699999988079071,0.7099999785423279,124900,0.0,0.0
2019-05-21 00:00:00-04:00,0.7099999785423279,0.7400000095367432,0.699999988079071,0.7200000286102295,195800,0.0,0.0
2019-05-22 00:00:00-04:00,0.699999988079071,0.7400000095367432,0.699999988079071,0.7099999785423279,93600,0.0,0.0
2019-05-23 00:00:00-04:00,0.7099999785423279,0.7300000190734863,0.6700000166893005,0.699999988079071,210700,0.0,0.0
2019-05-24 00:00:00-04:00,0.699999988079071,0.7200000286102295,0.6800000071525574,0.6800000071525574,63000,0.0,0.0
2019-05-28 00:00:00-04:00,0.699999988079071,0.699999988079071,0.6600000262260437,0.6800000071525574,147600,0.0,0.0
2019-05-29 00:00:00-04:00,0.6899999976158142,0.699999988079071,0.6600000262260437,0.6700000166893005,184200,0.0,0.0
2019-05-30 00:00:00-04:00,0.6800000071525574,0.6800000071525574,0.6399999856948853,0.6800000071525574,227100,0.0,0.0
2019-05-31 00:00:00-04:00,0.6800000071525574,0.6800000071525574,0.6399999856948853,0.6499999761581421,175000,0.0,0.0
2019-06-03 00:00:00-04:00,0.6499999761581421,0.6600000262260437,0.6100000143051147,0.6299999952316284,169500,0.0,0.0
2019-06-04 00:00:00-04:00,0.6499999761581421,0.6499999761581421,0.6100000143051147,0.6399999856948853,120400,0.0,0.0
2019-06-05 00:00:00-04:00,0.6399999856948853,0.6600000262260437,0.6200000047683716,0.6299999952316284,69800,0.0,0.0
2019-06-06 00:00:00-04:00,0.6600000262260437,0.6800000071525574,0.6200000047683716,0.6299999952316284,143700,0.0,0.0
2019-06-07 00:00:00-04:00,0.6299999952316284,0.6600000262260437,0.6200000047683716,0.6499999761581421,114400,0.0,0.0
2019-06-10 00:00:00-04:00,0.6600000262260437,0.6800000071525574,0.6399999856948853,0.6700000166893005,143000,0.0,0.0
2019-06-11 00:00:00-04:00,0.6800000071525574,0.7300000190734863,0.6499999761581421,0.7200000286102295,279500,0.0,0.0
2019-06-12 00:00:00-04:00,0.699999988079071,0.7200000286102295,0.6499999761581421,0.6800000071525574,168300,0.0,0.0
2019-06-13 00:00:00-04:00,0.6800000071525574,0.7099999785423279,0.6499999761581421,0.6899999976158142,57000,0.0,0.0
2019-06-14 00:00:00-04:00,0.7099999785423279,0.7099999785423279,0.6700000166893005,0.6700000166893005,45900,0.0,0.0
2019-06-17 00:00:00-04:00,0.699999988079071,0.699999988079071,0.6800000071525574,0.6899999976158142,54300,0.0,0.0
2019-06-18 00:00:00-04:00,0.6800000071525574,0.699999988079071,0.6800000071525574,0.6899999976158142,80600,0.0,0.0
2019-06-19 00:00:00-04:00,0.699999988079071,0.7099999785423279,0.6899999976158142,0.7099999785423279,65700,0.0,0.0
2019-06-20 00:00:00-04:00,0.7099999785423279,0.7699999809265137,0.699999988079071,0.75,462100,0.0,0.0
2019-06-21 00:00:00-04:00,0.75,0.75,0.699999988079071,0.7300000190734863,123200,0.0,0.0
2019-06-24 00:00:00-04:00,0.7300000190734863,0.75,0.6899999976158142,0.7400000095367432,84800,0.0,0.0
2019-06-25 00:00:00-04:00,0.7200000286102295,0.7400000095367432,0.699999988079071,0.7099999785423279,139500,0.0,0.0
2019-06-26 00:00:00-04:00,0.7099999785423279,0.7099999785423279,0.6499999761581421,0.6700000166893005,166300,0.0,0.0
2019-06-27 00:00:00-04:00,0.6700000166893005,0.7200000286102295,0.6700000166893005,0.6800000071525574,105200,0.0,0.0
2019-06-28 00:00:00-04:00,0.6700000166893005,0.699999988079071,0.6600000262260437,0.6700000166893005,197200,0.0,0.0
2019-07-01 00:00:00-04:00,0.699999988079071,0.7200000286102295,0.6800000071525574,0.6800000071525574,56000,0.0,0.0
2019-07-02 00:00:00-04:00,0.6800000071525574,0.7200000286102295,0.6800000071525574,0.6899999976158142,75600,0.0,0.0
2019-07-03 00:00:00-04:00,0.7099999785423279,0.7099999785423279,0.6899999976158142,0.699999988079071,55700,0.0,0.0
2019-07-05 00:00:00-04:00,0.7099999785423279,0.7200000286102295,0.6899999976158142,0.7099999785423279,115600,0.0,0.0
2019-07-08 00:00:00-04:00,0.7200000286102295,0.7200000286102295,0.699999988079071,0.699999988079071,21200,0.0,0.0
2019-07-09 00:00:00-04:00,0.7300000190734863,0.75,0.7099999785423279,0.7400000095367432,454500,0.0,0.0
2019-07-10 00:00:00-04:00,0.7300000190734863,0.7400000095367432,0.7099999785423279,0.7200000286102295,189000,0.0,0.0
2019-07-11 00:00:00-04:00,0.7099999785423279,0.7400000095367432,0.699999988079071,0.699999988079071,210500,0.0,0.0
2019-07-12 00:00:00-04:00,0.6899999976158142,0.7300000190734863,0.6899999976158142,0.7200000286102295,37000,0.0,0.0
2019-07-15 00:00:00-04:00,0.7200000286102295,0.7200000286102295,0.699999988079071,0.7200000286102295,61200,0.0,0.0
2019-07-16 00:00:00-04:00,0.699999988079071,0.7200000286102295,0.6899999976158142,0.7099999785423279,22500,0.0,0.0
2019-07-17 00:00:00-04:00,0.7200000286102295,0.7200000286102295,0.699999988079071,0.7099999785423279,69700,0.0,0.0
2019-07-18 00:00:00-04:00,0.699999988079071,0.7200000286102295,0.699999988079071,0.699999988079071,56400,0.0,0.0
2019-07-19 00:00:00-04:00,0.699999988079071,0.7200000286102295,0.699999988079071,0.7200000286102295,11500,0.0,0.0
2019-07-22 00:00:00-04:00,0.7099999785423279,0.7400000095367432,0.7099999785423279,0.7099999785423279,98800,0.0,0.0
2019-07-23 00:00:00-04:00,0.7099999785423279,0.7300000190734863,0.6600000262260437,0.7099999785423279,81500,0.0,0.0
2019-07-24 00:00:00-04:00,0.699999988079071,0.7300000190734863,0.699999988079071,0.699999988079071,152700,0.0,0.0
2019-07-25 00:00:00-04:00,0.699999988079071,0.7200000286102295,0.699999988079071,0.699999988079071,65200,0.0,0.0
2019-07-26 00:00:00-04:00,0.699999988079071,0.7099999785423279,0.6700000166893005,0.6899999976158142,87500,0.0,0.0
2019-07-29 00:00:00-04:00,0.7099999785423279,0.7099999785423279,0.6800000071525574,0.6899999976158142,89900,0.0,0.0
2019-07-30 00:00:00-04:00,0.6899999976158142,0.7200000286102295,0.6899999976158142,0.699999988079071,39000,0.0,0.0
2019-07-31 00:00:00-04:00,0.6899999976158142,0.7099999785423279,0.6899999976158142,0.6899999976158142,67100,0.0,0.0
2019-08-01 00:00:00-04:00,0.6899999976158142,0.7099999785423279,0.6899999976158142,0.6899999976158142,22600,0.0,0.0
2019-08-02 00:00:00-04:00,0.7099999785423279,0.7099999785423279,0.6800000071525574,0.699999988079071,43700,0.0,0.0
2019-08-05 00:00:00-04:00,0.699999988079071,0.699999988079071,0.6700000166893005,0.6899999976158142,84800,0.0,0.0
2019-08-06 00:00:00-04:00,0.6800000071525574,0.699999988079071,0.6000000238418579,0.6399999856948853,295800,0.0,0.0
2019-08-07 00:00:00-04:00,0.6399999856948853,0.6600000262260437,0.550000011920929,0.5699999928474426,335500,0.0,0.0
2019-08-08 00:00:00-04:00,0.5799999833106995,0.6000000238418579,0.5699999928474426,0.5799999833106995,114900,0.0,0.0
2019-08-09 00:00:00-04:00,0.6299999952316284,0.7200000286102295,0.6299999952316284,0.6899999976158142,1300000,0.0,0.0
2019-08-12 00:00:00-04:00,0.699999988079071,0.699999988079071,0.6299999952316284,0.6499999761581421,316200,0.0,0.0
2019-08-13 00:00:00-04:00,0.6899999976158142,0.6899999976158142,0.6399999856948853,0.6700000166893005,37200,0.0,0.0
2019-08-14 00:00:00-04:00,0.6700000166893005,0.6800000071525574,0.6299999952316284,0.6700000166893005,169300,0.0,0.0
2019-08-15 00:00:00-04:00,0.6800000071525574,0.6800000071525574,0.6299999952316284,0.6499999761581421,47300,0.0,0.0
2019-08-16 00:00:00-04:00,0.6499999761581421,0.6499999761581421,0.6299999952316284,0.6399999856948853,45600,0.0,0.0
2019-08-19 00:00:00-04:00,0.6499999761581421,0.6800000071525574,0.6399999856948853,0.6600000262260437,23000,0.0,0.0
2019-08-20 00:00:00-04:00,0.6600000262260437,0.6700000166893005,0.6399999856948853,0.6600000262260437,60100,0.0,0.0
2019-08-21 00:00:00-04:00,0.6600000262260437,0.6800000071525574,0.6600000262260437,0.6700000166893005,148400,0.0,0.0
2019-08-22 00:00:00-04:00,0.6800000071525574,0.6899999976158142,0.6600000262260437,0.6800000071525574,105300,0.0,0.0
2019-08-23 00:00:00-04:00,0.6399999856948853,0.6800000071525574,0.6299999952316284,0.6600000262260437,136000,0.0,0.0
2019-08-26 00:00:00-04:00,0.6700000166893005,0.6700000166893005,0.6600000262260437,0.6600000262260437,31700,0.0,0.0
2019-08-27 00:00:00-04:00,0.6600000262260437,0.6899999976158142,0.6399999856948853,0.6800000071525574,360000,0.0,0.0
2019-08-28 00:00:00-04:00,0.699999988079071,0.7200000286102295,0.6700000166893005,0.7099999785423279,421800,0.0,0.0
2019-08-29 00:00:00-04:00,0.7200000286102295,0.75,0.699999988079071,0.7099999785423279,515300,0.0,0.0
2019-08-30 00:00:00-04:00,0.7200000286102295,0.7200000286102295,0.6800000071525574,0.699999988079071,204000,0.0,0.0
2019-09-03 00:00:00-04:00,0.699999988079071,0.699999988079071,0.6800000071525574,0.6800000071525574,92300,0.0,0.0
2019-09-04 00:00:00-04:00,0.6800000071525574,0.699999988079071,0.6800000071525574,0.699999988079071,61900,0.0,0.0
2019-09-05 00:00:00-04:00,0.699999988079071,0.699999988079071,0.6800000071525574,0.6899999976158142,41000,0.0,0.0
2019-09-06 00:00:00-04:00,0.7200000286102295,0.7200000286102295,0.6800000071525574,0.699999988079071,54400,0.0,0.0
2019-09-09 00:00:00-04:00,0.6800000071525574,0.7400000095367432,0.6800000071525574,0.7200000286102295,496200,0.0,0.0
2019-09-10 00:00:00-04:00,0.7300000190734863,0.7699999809265137,0.7200000286102295,0.75,1010600,0.0,0.0
2019-09-11 00:00:00-04:00,0.7200000286102295,0.7799999713897705,0.6899999976158142,0.7400000095367432,565300,0.0,0.0
2019-09-12 00:00:00-04:00,0.6899999976158142,0.7200000286102295,0.6000000238418579,0.6200000047683716,1501900,0.0,0.0
2019-09-13 00:00:00-04:00,0.6299999952316284,0.6600000262260437,0.6100000143051147,0.6499999761581421,214400,0.0,0.0
2019-09-16 00:00:00-04:00,0.6499999761581421,0.6800000071525574,0.6399999856948853,0.6600000262260437,81200,0.0,0.0
2019-09-17 00:00:00-04:00,0.6700000166893005,0.6700000166893005,0.6299999952316284,0.6499999761581421,134000,0.0,0.0
2019-09-18 00:00:00-04:00,0.6499999761581421,0.6600000262260437,0.6299999952316284,0.6399999856948853,134900,0.0,0.0
2019-09-19 00:00:00-04:00,0.6499999761581421,0.6499999761581421,0.6000000238418579,0.6100000143051147,304000,0.0,0.0
2019-09-20 00:00:00-04:00,0.6200000047683716,0.6200000047683716,0.5600000023841858,0.5600000023841858,580700,0.0,0.0
2019-09-23 00:00:00-04:00,0.5400000214576721,0.5699999928474426,0.5199999809265137,0.5199999809265137,567200,0.0,0.0
2019-09-24 00:00:00-04:00,0.5199999809265137,0.550000011920929,0.44999998807907104,0.49000000953674316,670400,0.0,0.0
2019-09-25 00:00:00-04:00,0.5,0.5099999904632568,0.25,0.3100000023841858,6326700,0.0,0.0
2019-09-26 00:00:00-04:00,0.3199999928474426,0.41999998688697815,0.27000001072883606,0.30000001192092896,11731500,0.0,0.0
2019-09-27 00:00:00-04:00,0.2800000011920929,0.3100000023841858,0.25999999046325684,0.3100000023841858,2009600,0.0,0.0
2019-09-30 00:00:00-04:00,0.27000001072883606,0.36000001430511475,0.27000001072883606,0.36000001430511475,3009400,0.0,0.0
2019-10-01 00:00:00-04:00,0.36000001430511475,0.3700000047683716,0.33000001311302185,0.3499999940395355,980400,0.0,0.0
2019-10-02 00:00:00-04:00,0.38999998569488525,0.38999998569488525,0.3400000035762787,0.36000001430511475,583700,0.0,0.0
2019-10-03 00:00:00-04:00,0.3700000047683716,0.3700000047683716,0.3100000023841858,0.3400000035762787,1083800,0.0,0.0
2019-10-04 00:00:00-04:00,0.36000001430511475,0.36000001430511475,0.33000001311302185,0.3400000035762787,464400,0.0,0.0
2019-10-07 00:00:00-04:00,0.36000001430511475,0.3799999952316284,0.3499999940395355,0.3700000047683716,805500,0.0,0.0
2019-10-08 00:00:00-04:00,0.3700000047683716,0.3700000047683716,0.3499999940395355,0.36000001430511475,272400,0.0,0.0
2019-10-09 00:00:00-04:00,0.36000001430511475,0.3799999952316284,0.3499999940395355,0.36000001430511475,311100,0.0,0.0
2019-10-10 00:00:00-04:00,0.38999998569488525,0.38999998569488525,0.36000001430511475,0.3799999952316284,196600,0.0,0.0
2019-10-11 00:00:00-04:00,0.3799999952316284,0.3799999952316284,0.3499999940395355,0.3499999940395355,498800,0.0,0.0
2019-10-14 00:00:00-04:00,0.36000001430511475,0.38999998569488525,0.36000001430511475,0.3799999952316284,1049700,0.0,0.0
2019-10-15 00:00:00-04:00,0.38999998569488525,0.38999998569488525,0.3700000047683716,0.3799999952316284,300800,0.0,0.0
2019-10-16 00:00:00-04:00,0.3700000047683716,0.38999998569488525,0.36000001430511475,0.3700000047683716,184300,0.0,0.0
2019-10-17 00:00:00-04:00,0.3700000047683716,0.3799999952316284,0.36000001430511475,0.3799999952316284,156800,0.0,0.0
2019-10-18 00:00:00-04:00,0.3799999952316284,0.3799999952316284,0.3700000047683716,0.3700000047683716,190900,0.0,0.0
2019-10-21 00:00:00-04:00,0.3700000047683716,0.3799999952316284,0.3400000035762787,0.3499999940395355,225000,0.0,0.0
2019-10-22 00:00:00-04:00,0.3700000047683716,0.3700000047683716,0.3400000035762787,0.3499999940395355,88400,0.0,0.0
2019-10-23 00:00:00-04:00,0.3499999940395355,0.36000001430511475,0.3199999928474426,0.3400000035762787,224400,0.0,0.0
2019-10-24 00:00:00-04:00,0.3400000035762787,0.3400000035762787,0.3100000023841858,0.3199999928474426,299100,0.0,0.0
2019-10-25 00:00:00-04:00,0.33000001311302185,0.3400000035762787,0.3199999928474426,0.33000001311302185,110300,0.0,0.0
2019-10-28 00:00:00-04:00,0.33000001311302185,0.3400000035762787,0.3199999928474426,0.3199999928474426,149800,0.0,0.0
2019-10-29 00:00:00-04:00,0.3199999928474426,0.33000001311302185,0.3100000023841858,0.3100000023841858,117700,0.0,0.0
2019-10-30 00:00:00-04:00,0.3199999928474426,0.33000001311302185,0.3100000023841858,0.33000001311302185,217700,0.0,0.0
2019-10-31 00:00:00-04:00,0.3199999928474426,0.33000001311302185,0.30000001192092896,0.3199999928474426,50600,0.0,0.0
2019-11-01 00:00:00-04:00,0.3100000023841858,0.3199999928474426,0.3100000023841858,0.3199999928474426,88000,0.0,0.0
2019-11-04 00:00:00-05:00,0.3199999928474426,0.33000001311302185,0.3199999928474426,0.3199999928474426,183100,0.0,0.0
2019-11-05 00:00:00-05:00,0.3199999928474426,0.3400000035762787,0.3199999928474426,0.3400000035762787,356700,0.0,0.0
2019-11-06 00:00:00-05:00,0.3400000035762787,0.3499999940395355,0.3199999928474426,0.3499999940395355,262600,0.0,0.0
2019-11-07 00:00:00-05:00,0.3400000035762787,0.3499999940395355,0.33000001311302185,0.33000001311302185,105300,0.0,0.0
2019-11-08 00:00:00-05:00,0.3499999940395355,0.3499999940395355,0.33000001311302185,0.3499999940395355,259500,0.0,0.0
2019-11-11 00:00:00-05:00,0.3499999940395355,0.3499999940395355,0.33000001311302185,0.3499999940395355,113100,0.0,0.0
2019-11-12 00:00:00-05:00,0.3499999940395355,0.3499999940395355,0.3100000023841858,0.33000001311302185,166200,0.0,0.0
2019-11-13 00:00:00-05:00,0.3499999940395355,0.3499999940395355,0.33000001311302185,0.3400000035762787,86000,0.0,0.0
2019-11-14 00:00:00-05:00,0.3400000035762787,0.3400000035762787,0.3100000023841858,0.3100000023841858,172700,0.0,0.0
2019-11-15 00:00:00-05:00,0.33000001311302185,0.33000001311302185,0.3100000023841858,0.3100000023841858,99200,0.0,0.0
2019-11-18 00:00:00-05:00,0.3199999928474426,0.33000001311302185,0.30000001192092896,0.3100000023841858,185300,0.0,0.0
2019-11-19 00:00:00-05:00,0.3100000023841858,0.3199999928474426,0.2800000011920929,0.28999999165534973,450200,0.0,0.0
2019-11-20 00:00:00-05:00,0.2800000011920929,0.3100000023841858,0.2800000011920929,0.28999999165534973,189300,0.0,0.0
2019-11-21 00:00:00-05:00,0.30000001192092896,0.3100000023841858,0.2800000011920929,0.2800000011920929,172400,0.0,0.0
2019-11-22 00:00:00-05:00,0.28999999165534973,0.28999999165534973,0.27000001072883606,0.2800000011920929,294900,0.0,0.0
2019-11-25 00:00:00-05:00,0.2800000011920929,0.3100000023841858,0.2800000011920929,0.3100000023841858,325800,0.0,0.0
2019-11-26 00:00:00-05:00,0.3100000023841858,0.38999998569488525,0.2800000011920929,0.38999998569488525,3528700,0.0,0.0
2019-11-27 00:00:00-05:00,0.4000000059604645,0.41999998688697815,0.3199999928474426,0.33000001311302185,2542200,0.0,0.0
2019-11-29 00:00:00-05:00,0.3400000035762787,0.3400000035762787,0.33000001311302185,0.33000001311302185,221600,0.0,0.0
2019-12-02 00:00:00-05:00,0.3499999940395355,0.3499999940395355,0.30000001192092896,0.3199999928474426,588900,0.0,0.0
2019-12-03 00:00:00-05:00,0.33000001311302185,0.3400000035762787,0.3199999928474426,0.3199999928474426,200900,0.0,0.0
2019-12-04 00:00:00-05:00,0.3400000035762787,0.3400000035762787,0.3100000023841858,0.3199999928474426,349200,0.0,0.0
2019-12-05 00:00:00-05:00,0.3400000035762787,0.3400000035762787,0.3100000023841858,0.3199999928474426,215700,0.0,0.0
2019-12-06 00:00:00-05:00,0.3100000023841858,0.33000001311302185,0.3100000023841858,0.3199999928474426,189700,0.0,0.0
2019-12-09 00:00:00-05:00,0.33000001311302185,0.3400000035762787,0.3100000023841858,0.33000001311302185,644500,0.0,0.0
2019-12-10 00:00:00-05:00,0.3199999928474426,0.3400000035762787,0.3199999928474426,0.3199999928474426,151800,0.0,0.0
2019-12-11 00:00:00-05:00,0.3199999928474426,0.33000001311302185,0.3100000023841858,0.3100000023841858,359700,0.0,0.0
2019-12-12 00:00:00-05:00,0.3100000023841858,0.3199999928474426,0.30000001192092896,0.3199999928474426,90000,0.0,0.0
2019-12-13 00:00:00-05:00,0.3199999928474426,0.3199999928474426,0.30000001192092896,0.3100000023841858,115400,0.0,0.0
2019-12-16 00:00:00-05:00,0.3199999928474426,0.3199999928474426,0.30000001192092896,0.3100000023841858,143300,0.0,0.0
2019-12-17 00:00:00-05:00,0.3199999928474426,0.3199999928474426,0.3100000023841858,0.3100000023841858,146900,0.0,0.0
2019-12-18 00:00:00-05:00,0.3100000023841858,0.3100000023841858,0.2800000011920929,0.30000001192092896,396500,0.0,0.0
2019-12-19 00:00:00-05:00,0.30000001192092896,0.3100000023841858,0.2800000011920929,0.3100000023841858,250100,0.0,0.0
2019-12-20 00:00:00-05:00,0.3100000023841858,0.3100000023841858,0.2800000011920929,0.28999999165534973,270500,0.0,0.0
2019-12-23 00:00:00-05:00,0.2800000011920929,0.30000001192092896,0.2800000011920929,0.30000001192092896,156900,0.0,0.0
2019-12-24 00:00:00-05:00,0.2800000011920929,0.30000001192092896,0.2800000011920929,0.30000001192092896,67100,0.0,0.0
2019-12-26 00:00:00-05:00,0.30000001192092896,0.33000001311302185,0.30000001192092896,0.3199999928474426,673800,0.0,0.0
2019-12-27 00:00:00-05:00,0.28999999165534973,0.3499999940395355,0.28999999165534973,0.3400000035762787,696000,0.0,0.0
2019-12-30 00:00:00-05:00,0.3700000047683716,0.38999998569488525,0.3499999940395355,0.36000001430511475,884400,0.0,0.0
2019-12-31 00:00:00-05:00,0.36000001430511475,0.3700000047683716,0.33000001311302185,0.3499999940395355,334400,0.0,0.0
2020-01-02 00:00:00-05:00,0.3400000035762787,0.3700000047683716,0.3400000035762787,0.36000001430511475,228800,0.0,0.0
2020-01-03 00:00:00-05:00,0.36000001430511475,0.36000001430511475,0.30000001192092896,0.3400000035762787,518000,0.0,0.0
2020-01-06 00:00:00-05:00,0.3400000035762787,0.36000001430511475,0.33000001311302185,0.3400000035762787,184800,0.0,0.0
2020-01-07 00:00:00-05:00,0.3499999940395355,0.3700000047683716,0.3400000035762787,0.36000001430511475,708600,0.0,0.0
2020-01-08 00:00:00-05:00,0.36000001430511475,0.36000001430511475,0.3400000035762787,0.3400000035762787,193400,0.0,0.0
2020-01-09 00:00:00-05:00,0.3400000035762787,0.36000001430511475,0.3400000035762787,0.36000001430511475,363200,0.0,0.0
2020-01-10 00:00:00-05:00,0.36000001430511475,0.36000001430511475,0.3400000035762787,0.3499999940395355,179000,0.0,0.0
2020-01-13 00:00:00-05:00,0.36000001430511475,0.36000001430511475,0.3400000035762787,0.3499999940395355,501300,0.0,0.0
2020-01-14 00:00:00-05:00,0.3499999940395355,0.3799999952316284,0.3499999940395355,0.36000001430511475,491800,0.0,0.0
2020-01-15 00:00:00-05:00,0.3700000047683716,0.41999998688697815,0.3700000047683716,0.4099999964237213,1114400,0.0,0.0
2020-01-16 00:00:00-05:00,0.38999998569488525,0.4000000059604645,0.38999998569488525,0.4000000059604645,324400,0.0,0.0
2020-01-17 00:00:00-05:00,0.4000000059604645,0.41999998688697815,0.3700000047683716,0.3799999952316284,243300,0.0,0.0
2020-01-21 00:00:00-05:00,0.4000000059604645,0.5299999713897705,0.4000000059604645,0.5299999713897705,5328500,0.0,0.0
2020-01-22 00:00:00-05:00,0.6499999761581421,0.7200000286102295,0.5299999713897705,0.5899999737739563,20047200,0.0,0.0
2020-01-23 00:00:00-05:00,0.5400000214576721,0.5600000023841858,0.5099999904632568,0.5299999713897705,3364500,0.0,0.0
2020-01-24 00:00:00-05:00,0.5199999809265137,0.5299999713897705,0.44999998807907104,0.49000000953674316,2465300,0.0,0.0
2020-01-27 00:00:00-05:00,0.6600000262260437,0.6600000262260437,0.5600000023841858,0.6399999856948853,9693300,0.0,0.0
2020-01-28 00:00:00-05:00,0.9599999785423279,1.1299999952316284,0.8199999928474426,0.8799999952316284,42789000,0.0,0.0
2020-01-29 00:00:00-05:00,0.9200000166893005,0.9200000166893005,0.6700000166893005,0.7200000286102295,12210500,0.0,0.0
2020-01-30 00:00:00-05:00,0.75,0.800000011920929,0.699999988079071,0.7300000190734863,4785800,0.0,0.0
2020-01-31 00:00:00-05:00,1.0499999523162842,1.3899999856948853,0.9599999785423279,1.25,83709200,0.0,0.0
2020-02-03 00:00:00-05:00,1.4199999570846558,1.8300000429153442,1.3200000524520874,1.600000023841858,78391600,0.0,0.0
2020-02-04 00:00:00-05:00,1.409999966621399,1.4199999570846558,0.9700000286102295,1.1799999475479126,28873600,0.0,0.0
2020-02-05 00:00:00-05:00,1.1100000143051147,1.1799999475479126,1.0,1.090000033378601,7987200,0.0,0.0
2020-02-06 00:00:00-05:00,1.0399999618530273,1.090000033378601,1.0,1.0299999713897705,5200800,0.0,0.0
2020-02-07 00:00:00-05:00,1.0099999904632568,1.25,1.0099999904632568,1.1100000143051147,13622000,0.0,0.0
2020-02-10 00:00:00-05:00,1.159999966621399,1.309999942779541,1.149999976158142,1.1799999475479126,11890700,0.0,0.0
2020-02-11 00:00:00-05:00,1.159999966621399,1.1799999475479126,1.0499999523162842,1.0800000429153442,5335600,0.0,0.0
2020-02-12 00:00:00-05:00,1.059999942779541,1.0700000524520874,1.0199999809265137,1.059999942779541,3092100,0.0,0.0
2020-02-13 00:00:00-05:00,1.1699999570846558,1.1699999570846558,1.059999942779541,1.0700000524520874,4464900,0.0,0.0
2020-02-14 00:00:00-05:00,1.1399999856948853,1.1399999856948853,1.0700000524520874,1.100000023841858,3716200,0.0,0.0
2020-02-18 00:00:00-05:00,1.090000033378601,1.100000023841858,1.0499999523162842,1.100000023841858,2685600,0.0,0.0
2020-02-19 00:00:00-05:00,1.0399999618530273,1.0800000429153442,1.0099999904632568,1.0399999618530273,3119000,0.0,0.0
2020-02-20 00:00:00-05:00,1.0399999618530273,1.100000023841858,1.0099999904632568,1.090000033378601,2554100,0.0,0.0
2020-02-21 00:00:00-05:00,1.0700000524520874,1.1200000047683716,1.0299999713897705,1.090000033378601,2976000,0.0,0.0
2020-02-24 00:00:00-05:00,1.1799999475479126,1.2999999523162842,1.1200000047683716,1.2799999713897705,12346300,0.0,0.0
2020-02-25 00:00:00-05:00,1.2699999809265137,1.2699999809265137,1.100000023841858,1.2100000381469727,5338200,0.0,0.0
2020-02-26 00:00:00-05:00,1.2300000190734863,1.909999966621399,1.2100000381469727,1.649999976158142,32427500,0.0,0.0
2020-02-27 00:00:00-05:00,2.549999952316284,3.4000000953674316,1.850000023841858,2.4700000286102295,62526300,0.0,0.0
2020-02-28 00:00:00-05:00,3.4700000286102295,3.5,2.4000000953674316,2.869999885559082,28980500,0.0,0.0
2020-03-02 00:00:00-05:00,2.9600000381469727,2.9600000381469727,2.0,2.3399999141693115,13050900,0.0,0.0
2020-03-03 00:00:00-05:00,2.0399999618530273,2.299999952316284,1.6699999570846558,2.1600000858306885,11263900,0.0,0.0
2020-03-04 00:00:00-05:00,2.0299999713897705,2.3499999046325684,2.0,2.0999999046325684,7564200,0.0,0.0
2020-03-05 00:00:00-05:00,2.180000066757202,2.490000009536743,2.119999885559082,2.4000000953674316,9328800,0.0,0.0
2020-03-06 00:00:00-05:00,2.4000000953674316,2.700000047683716,2.309999942779541,2.559999942779541,9488700,0.0,0.0
2020-03-09 00:00:00-04:00,2.9700000286102295,3.450000047683716,2.450000047683716,2.759999990463257,25825000,0.0,0.0
2020-03-10 00:00:00-04:00,2.5299999713897705,2.549999952316284,1.7999999523162842,1.899999976158142,10417500,0.0,0.0
2020-03-11 00:00:00-04:00,2.069999933242798,2.2200000286102295,1.9500000476837158,2.069999933242798,7031300,0.0,0.0
2020-03-12 00:00:00-04:00,2.200000047683716,2.200000047683716,1.75,1.8700000047683716,5060100,0.0,0.0
2020-03-13 00:00:00-04:00,2.0199999809265137,2.0199999809265137,1.2999999523162842,1.4600000381469727,6461000,0.0,0.0
2020-03-16 00:00:00-04:00,1.25,1.350000023841858,1.0800000429153442,1.1799999475479126,3923200,0.0,0.0
2020-03-17 00:00:00-04:00,1.2300000190734863,2.0399999618530273,1.2300000190734863,1.9299999475479126,18409600,0.0,0.0
2020-03-18 00:00:00-04:00,2.75,2.8399999141693115,2.0199999809265137,2.3399999141693115,30548900,0.0,0.0
2020-03-19 00:00:00-04:00,2.2200000286102295,2.2899999618530273,1.7799999713897705,1.9199999570846558,9221300,0.0,0.0
2020-03-20 00:00:00-04:00,1.9600000381469727,1.9700000286102295,1.7599999904632568,1.7999999523162842,3660900,0.0,0.0
2020-03-23 00:00:00-04:00,1.8300000429153442,1.9800000190734863,1.7999999523162842,1.850000023841858,3760000,0.0,0.0
2020-03-24 00:00:00-04:00,1.8300000429153442,1.840000033378601,1.600000023841858,1.7000000476837158,3888900,0.0,0.0
2020-03-25 00:00:00-04:00,1.6399999856948853,1.7200000286102295,1.6100000143051147,1.6799999475479126,2565500,0.0,0.0
2020-03-26 00:00:00-04:00,1.6799999475479126,1.75,1.6299999952316284,1.7000000476837158,2571100,0.0,0.0
2020-03-27 00:00:00-04:00,1.7000000476837158,1.850000023841858,1.649999976158142,1.7400000095367432,3858600,0.0,0.0
2020-03-30 00:00:00-04:00,1.7999999523162842,1.8200000524520874,1.659999966621399,1.7000000476837158,3110400,0.0,0.0
2020-03-31 00:00:00-04:00,1.899999976158142,2.049999952316284,1.7000000476837158,1.7699999809265137,7462500,0.0,0.0
2020-04-01 00:00:00-04:00,1.7799999713897705,1.7799999713897705,1.6299999952316284,1.7300000190734863,3127900,0.0,0.0
2020-04-02 00:00:00-04:00,1.659999966621399,1.690000057220459,1.600000023841858,1.6799999475479126,1621200,0.0,0.0
2020-04-03 00:00:00-04:00,1.6200000047683716,1.7000000476837158,1.600000023841858,1.7000000476837158,2165100,0.0,0.0
2020-04-06 00:00:00-04:00,1.7000000476837158,1.7200000286102295,1.6100000143051147,1.7200000286102295,1964900,0.0,0.0
2020-04-07 00:00:00-04:00,1.6699999570846558,1.7000000476837158,1.6200000047683716,1.6799999475479126,1579200,0.0,0.0
2020-04-08 00:00:00-04:00,1.649999976158142,1.6799999475479126,1.6200000047683716,1.6799999475479126,1170400,0.0,0.0
2020-04-09 00:00:00-04:00,1.6799999475479126,1.7400000095367432,1.6299999952316284,1.7200000286102295,2190500,0.0,0.0
2020-04-13 00:00:00-04:00,1.7200000286102295,1.75,1.659999966621399,1.7100000381469727,1922800,0.0,0.0
2020-04-14 00:00:00-04:00,1.7000000476837158,1.7599999904632568,1.6399999856948853,1.75,2459700,0.0,0.0
2020-04-15 00:00:00-04:00,1.75,2.049999952316284,1.75,2.0399999618530273,7506100,0.0,0.0
2020-04-16 00:00:00-04:00,1.9700000286102295,2.049999952316284,1.8600000143051147,1.9500000476837158,3426100,0.0,0.0
2020-04-17 00:00:00-04:00,1.9500000476837158,2.0,1.840000033378601,1.9900000095367432,3055400,0.0,0.0
2020-04-20 00:00:00-04:00,2.049999952316284,2.5899999141693115,2.0199999809265137,2.369999885559082,15517300,0.0,0.0
2020-04-21 00:00:00-04:00,2.9000000953674316,3.450000047683716,2.75,3.1600000858306885,59522500,0.0,0.0
2020-04-22 00:00:00-04:00,2.930000066757202,3.0799999237060547,2.799999952316284,2.950000047683716,9971000,0.0,0.0
2020-04-23 00:00:00-04:00,2.7799999713897705,2.9100000858306885,2.5399999618530273,2.680000066757202,6710600,0.0,0.0
2020-04-24 00:00:00-04:00,2.7799999713897705,3.180000066757202,2.759999990463257,3.0199999809265137,14246900,0.0,0.0
2020-04-27 00:00:00-04:00,3.25,4.119999885559082,3.2300000190734863,3.6600000858306885,36854100,0.0,0.0
2020-04-28 00:00:00-04:00,3.7899999618530273,3.8499999046325684,3.180000066757202,3.2699999809265137,12049000,0.0,0.0
2020-04-29 00:00:00-04:00,3.359999895095825,3.369999885559082,2.950000047683716,3.0,8495200,0.0,0.0
2020-04-30 00:00:00-04:00,3.299999952316284,3.3399999141693115,2.680000066757202,2.700000047683716,15343800,0.0,0.0
2020-05-01 00:00:00-04:00,2.8499999046325684,2.940000057220459,2.509999990463257,2.7100000381469727,7720700,0.0,0.0
2020-05-04 00:00:00-04:00,2.7200000286102295,2.809999942779541,2.5899999141693115,2.5899999141693115,5347000,0.0,0.0
2020-05-05 00:00:00-04:00,2.5999999046325684,2.7200000286102295,2.5999999046325684,2.609999895095825,4355500,0.0,0.0
2020-05-06 00:00:00-04:00,2.619999885559082,2.6600000858306885,2.509999990463257,2.569999933242798,2951200,0.0,0.0
2020-05-07 00:00:00-04:00,2.5199999809265137,2.5999999046325684,2.3299999237060547,2.5399999618530273,5232800,0.0,0.0
2020-05-08 00:00:00-04:00,2.5199999809265137,2.569999933242798,2.450000047683716,2.549999952316284,2537300,0.0,0.0
2020-05-11 00:00:00-04:00,2.5399999618530273,2.9100000858306885,2.5299999713897705,2.8499999046325684,6997300,0.0,0.0
2020-05-12 00:00:00-04:00,3.0899999141693115,3.180000066757202,2.9000000953674316,2.930000066757202,10595800,0.0,0.0
2020-05-13 00:00:00-04:00,3.049999952316284,3.0999999046325684,2.630000114440918,2.880000114440918,6282100,0.0,0.0
2020-05-14 00:00:00-04:00,2.990000009536743,3.049999952316284,2.9100000858306885,3.009999990463257,5388800,0.0,0.0
2020-05-15 00:00:00-04:00,3.0,3.0299999713897705,2.75,2.7899999618530273,6393400,0.0,0.0
2020-05-18 00:00:00-04:00,2.9000000953674316,2.940000057220459,2.75,2.869999885559082,6470600,0.0,0.0
2020-05-19 00:00:00-04:00,2.950000047683716,3.0999999046325684,2.819999933242798,3.069999933242798,5081900,0.0,0.0
2020-05-20 00:00:00-04:00,3.4200000762939453,3.4700000286102295,2.890000104904175,3.190000057220459,15535500,0.0,0.0
2020-05-21 00:00:00-04:00,3.0999999046325684,3.109999895095825,2.9200000762939453,3.009999990463257,4548700,0.0,0.0
2020-05-22 00:00:00-04:00,3.0,3.009999990463257,2.819999933242798,2.9100000858306885,4403300,0.0,0.0
2020-05-26 00:00:00-04:00,2.9000000953674316,2.9100000858306885,2.7200000286102295,2.7799999713897705,4921800,0.0,0.0
2020-05-27 00:00:00-04:00,2.7200000286102295,2.7200000286102295,2.5,2.630000114440918,4520000,0.0,0.0
2020-05-28 00:00:00-04:00,2.6500000953674316,2.700000047683716,2.5899999141693115,2.6500000953674316,2516900,0.0,0.0
2020-05-29 00:00:00-04:00,2.6500000953674316,2.690000057220459,2.559999942779541,2.680000066757202,2724100,0.0,0.0
2020-06-01 00:00:00-04:00,2.690000057220459,2.7799999713897705,2.6600000858306885,2.7799999713897705,2660300,0.0,0.0
2020-06-02 00:00:00-04:00,2.759999990463257,2.9600000381469727,2.5999999046325684,2.9200000762939453,5224000,0.0,0.0
2020-06-03 00:00:00-04:00,2.9100000858306885,2.9100000858306885,2.6500000953674316,2.740000009536743,5289300,0.0,0.0
2020-06-04 00:00:00-04:00,2.6500000953674316,2.759999990463257,2.5799999237060547,2.619999885559082,4052100,0.0,0.0
2020-06-05 00:00:00-04:00,2.549999952316284,2.569999933242798,2.3499999046325684,2.4200000762939453,6098400,0.0,0.0
2020-06-08 00:00:00-04:00,2.440000057220459,2.450000047683716,2.3299999237060547,2.390000104904175,3318000,0.0,0.0
2020-06-09 00:00:00-04:00,2.359999895095825,2.440000057220459,2.2300000190734863,2.440000057220459,3841100,0.0,0.0
2020-06-10 00:00:00-04:00,2.4800000190734863,2.5199999809265137,2.359999895095825,2.490000009536743,2600300,0.0,0.0
2020-06-11 00:00:00-04:00,2.4000000953674316,2.430000066757202,2.25,2.259999990463257,3678300,0.0,0.0
2020-06-12 00:00:00-04:00,2.2899999618530273,2.369999885559082,2.25,2.3299999237060547,2220000,0.0,0.0
2020-06-15 00:00:00-04:00,2.259999990463257,2.4800000190734863,2.259999990463257,2.4600000381469727,2846600,0.0,0.0
2020-06-16 00:00:00-04:00,2.490000009536743,2.490000009536743,2.4000000953674316,2.440000057220459,1512100,0.0,0.0
2020-06-17 00:00:00-04:00,2.4000000953674316,2.4200000762939453,2.3499999046325684,2.390000104904175,1770600,0.0,0.0
2020-06-18 00:00:00-04:00,2.380000114440918,2.680000066757202,2.369999885559082,2.569999933242798,7353200,0.0,0.0
2020-06-19 00:00:00-04:00,2.5999999046325684,2.700000047683716,2.5299999713897705,2.5999999046325684,4622600,0.0,0.0
2020-06-22 00:00:00-04:00,2.569999933242798,2.700000047683716,2.509999990463257,2.6700000762939453,2618000,0.0,0.0
2020-06-23 00:00:00-04:00,2.700000047683716,2.700000047683716,2.5799999237060547,2.6600000858306885,2418300,0.0,0.0
2020-06-24 00:00:00-04:00,2.619999885559082,3.369999885559082,2.609999895095825,3.190000057220459,19402200,0.0,0.0
2020-06-25 00:00:00-04:00,3.609999895095825,6.480000019073486,3.450000047683716,6.260000228881836,141914900,0.0,0.0
2020-06-26 00:00:00-04:00,11.489999771118164,14.300000190734863,7.889999866485596,8.039999961853027,230619000,0.0,0.0
2020-06-29 00:00:00-04:00,9.869999885559082,9.890000343322754,7.320000171661377,7.489999771118164,75421900,0.0,0.0
2020-06-30 00:00:00-04:00,6.769999980926514,9.760000228881836,6.329999923706055,8.850000381469727,94251600,0.0,0.0
2020-07-01 00:00:00-04:00,8.449999809265137,8.850000381469727,7.809999942779541,8.0,29311500,0.0,0.0
2020-07-02 00:00:00-04:00,8.050000190734863,8.149999618530273,7.099999904632568,7.369999885559082,17873800,0.0,0.0
2020-07-06 00:00:00-04:00,7.119999885559082,7.119999885559082,6.019999980926514,6.440000057220459,23134700,0.0,0.0
2020-07-07 00:00:00-04:00,7.5,8.979999542236328,7.079999923706055,8.869999885559082,62500100,0.0,0.0
2020-07-08 00:00:00-04:00,8.369999885559082,8.859999656677246,7.849999904632568,8.149999618530273,31387600,0.0,0.0
2020-07-09 00:00:00-04:00,7.980000019073486,8.5,7.889999866485596,8.1899995803833,12825500,0.0,0.0
2020-07-10 00:00:00-04:00,8.050000190734863,8.149999618530273,7.610000133514404,7.980000019073486,10347200,0.0,0.0
2020-07-13 00:00:00-04:00,9.020000457763672,13.529999732971191,8.5600004196167,12.119999885559082,134329000,0.0,0.0
2020-07-14 00:00:00-04:00,13.170000076293945,17.489999771118164,13.029999732971191,16.969999313354492,127590400,0.0,0.0
2020-07-15 00:00:00-04:00,15.529999732971191,15.979999542236328,13.5,14.489999771118164,55411700,0.0,0.0
2020-07-16 00:00:00-04:00,14.09000015258789,17.149999618530273,14.0,15.630000114440918,56496000,0.0,0.0
2020-07-17 00:00:00-04:00,15.949999809265137,16.649999618530273,15.399999618530273,15.75,27925000,0.0,0.0
2020-07-20 00:00:00-04:00,16.56999969482422,16.8799991607666,14.770000457763672,15.1899995803833,31418100,0.0,0.0
2020-07-21 00:00:00-04:00,14.579999923706055,15.970000267028809,13.609999656677246,15.119999885559082,21434100,0.0,0.0
2020-07-22 00:00:00-04:00,14.649999618530273,14.75,14.130000114440918,14.529999732971191,9481800,0.0,0.0
2020-07-23 00:00:00-04:00,14.069999694824219,14.699999809265137,13.220000267028809,13.850000381469727,14769600,0.0,0.0
2020-07-24 00:00:00-04:00,13.010000228881836,13.119999885559082,12.0,12.289999961853027,14633900,0.0,0.0
2020-07-27 00:00:00-04:00,10.34000015258789,11.989999771118164,9.15999984741211,11.15999984741211,42445300,0.0,0.0
2020-07-28 00:00:00-04:00,11.300000190734863,12.25,10.510000228881836,11.1899995803833,18545500,0.0,0.0
2020-07-29 00:00:00-04:00,10.920000076293945,11.460000038146973,9.8100004196167,10.020000457763672,17892400,0.0,0.0
2020-07-30 00:00:00-04:00,9.539999961853027,10.399999618530273,9.529999732971191,9.920000076293945,9948700,0.0,0.0
2020-07-31 00:00:00-04:00,9.970000267028809,10.149999618530273,9.34000015258789,9.390000343322754,9213100,0.0,0.0
2020-08-03 00:00:00-04:00,9.170000076293945,9.739999771118164,8.449999809265137,9.25,13960300,0.0,0.0
2020-08-04 00:00:00-04:00,8.949999809265137,9.229999542236328,8.8100004196167,8.899999618530273,8743400,0.0,0.0
2020-08-05 00:00:00-04:00,9.75,10.989999771118164,9.619999885559082,9.65999984741211,20479900,0.0,0.0
2020-08-06 00:00:00-04:00,9.859999656677246,10.039999961853027,9.039999961853027,9.100000381469727,11934900,0.0,0.0
2020-08-07 00:00:00-04:00,9.890000343322754,10.199999809265137,9.1899995803833,9.1899995803833,13781900,0.0,0.0
2020-08-10 00:00:00-04:00,9.609999656677246,9.859999656677246,9.270000457763672,9.399999618530273,12351600,0.0,0.0
2020-08-11 00:00:00-04:00,9.380000114440918,12.489999771118164,8.84000015258789,10.75,74252500,0.0,0.0
2020-08-12 00:00:00-04:00,10.5600004196167,10.699999809265137,8.90999984741211,9.199999809265137,24245300,0.0,0.0
2020-08-13 00:00:00-04:00,8.989999771118164,9.59000015258789,8.930000305175781,9.09000015258789,10426800,0.0,0.0
2020-08-14 00:00:00-04:00,9.149999618530273,9.539999961853027,9.039999961853027,9.140000343322754,9078200,0.0,0.0
2020-08-17 00:00:00-04:00,9.149999618530273,10.489999771118164,9.149999618530273,10.170000076293945,13758500,0.0,0.0
2020-08-18 00:00:00-04:00,10.0,10.3100004196167,9.40999984741211,9.510000228881836,8389600,0.0,0.0
2020-08-19 00:00:00-04:00,9.279999732971191,9.520000457763672,9.079999923706055,9.210000038146973,6981400,0.0,0.0
2020-08-20 00:00:00-04:00,9.100000381469727,9.199999809265137,8.770000457763672,8.8100004196167,8920300,0.0,0.0
2020-08-21 00:00:00-04:00,8.760000228881836,8.84000015258789,8.100000381469727,8.220000267028809,9656900,0.0,0.0
2020-08-24 00:00:00-04:00,7.889999866485596,7.980000019073486,6.849999904632568,7.360000133514404,13321900,0.0,0.0
2020-08-25 00:00:00-04:00,6.929999828338623,7.550000190734863,6.650000095367432,6.949999809265137,10715000,0.0,0.0
2020-08-26 00:00:00-04:00,6.920000076293945,7.159999847412109,6.550000190734863,6.710000038146973,9490100,0.0,0.0
2020-08-27 00:00:00-04:00,6.599999904632568,6.599999904632568,6.210000038146973,6.289999961853027,8647900,0.0,0.0
2020-08-28 00:00:00-04:00,6.300000190734863,6.409999847412109,5.880000114440918,6.230000019073486,8544600,0.0,0.0
2020-08-31 00:00:00-04:00,6.300000190734863,6.599999904632568,5.900000095367432,5.929999828338623,9384000,0.0,0.0
2020-09-01 00:00:00-04:00,5.610000133514404,5.880000114440918,5.010000228881836,5.239999771118164,12674100,0.0,0.0
2020-09-02 00:00:00-04:00,4.889999866485596,6.940000057220459,4.510000228881836,5.519999980926514,38665300,0.0,0.0
2020-09-03 00:00:00-04:00,5.25,5.989999771118164,5.179999828338623,5.199999809265137,11476500,0.0,0.0
2020-09-04 00:00:00-04:00,5.199999809265137,5.449999809265137,4.630000114440918,4.929999828338623,10117900,0.0,0.0
2020-09-08 00:00:00-04:00,5.539999961853027,5.690000057220459,4.789999961853027,4.820000171661377,25402500,0.0,0.0
2020-09-09 00:00:00-04:00,4.869999885559082,5.349999904632568,4.869999885559082,4.949999809265137,9991600,0.0,0.0
2020-09-10 00:00:00-04:00,5.03000020980835,5.130000114440918,4.71999979019165,4.78000020980835,7355000,0.0,0.0
2020-09-11 00:00:00-04:00,4.889999866485596,5.46999979019165,4.789999961853027,5.300000190734863,19038200,0.0,0.0
2020-09-14 00:00:00-04:00,6.380000114440918,8.470000267028809,6.039999961853027,7.78000020980835,204175700,0.0,0.0
2020-09-15 00:00:00-04:00,7.539999961853027,7.579999923706055,6.400000095367432,6.5,35470300,0.0,0.0
2020-09-16 00:00:00-04:00,6.400000095367432,7.539999961853027,6.059999942779541,7.380000114440918,40101200,0.0,0.0
2020-09-17 00:00:00-04:00,7.610000133514404,9.430000305175781,7.5,7.980000019073486,90922700,0.0,0.0
2020-09-18 00:00:00-04:00,8.100000381469727,8.430000305175781,7.619999885559082,8.220000267028809,29654500,0.0,0.0
2020-09-21 00:00:00-04:00,8.069999694824219,9.25,7.809999942779541,8.989999771118164,42038800,0.0,0.0
2020-09-22 00:00:00-04:00,8.9399995803833,9.289999961853027,8.420000076293945,8.75,17814300,0.0,0.0
2020-09-23 00:00:00-04:00,8.670000076293945,8.670000076293945,7.090000152587891,7.190000057220459,21290800,0.0,0.0
2020-09-24 00:00:00-04:00,6.460000038146973,7.429999828338623,6.230000019073486,6.889999866485596,18458200,0.0,0.0
2020-09-25 00:00:00-04:00,7.090000152587891,7.579999923706055,7.090000152587891,7.400000095367432,11125400,0.0,0.0
2020-09-28 00:00:00-04:00,7.5,7.610000133514404,6.809999942779541,7.0,11823700,0.0,0.0
2020-09-29 00:00:00-04:00,6.880000114440918,7.03000020980835,6.710000038146973,6.829999923706055,6572500,0.0,0.0
2020-09-30 00:00:00-04:00,6.739999771118164,6.900000095367432,6.510000228881836,6.650000095367432,7340300,0.0,0.0
2020-10-01 00:00:00-04:00,6.539999961853027,6.960000038146973,6.53000020980835,6.860000133514404,9464500,0.0,0.0
2020-10-02 00:00:00-04:00,7.119999885559082,7.420000076293945,6.849999904632568,6.900000095367432,12291100,0.0,0.0
2020-10-05 00:00:00-04:00,6.670000076293945,7.019999980926514,6.610000133514404,7.010000228881836,6301800,0.0,0.0
2020-10-06 00:00:00-04:00,6.900000095367432,7.179999828338623,6.650000095367432,6.739999771118164,7223000,0.0,0.0
2020-10-07 00:00:00-04:00,6.800000190734863,7.050000190734863,6.800000190734863,6.980000019073486,5841400,0.0,0.0
2020-10-08 00:00:00-04:00,7.03000020980835,7.489999771118164,6.880000114440918,7.21999979019165,10306100,0.0,0.0
2020-10-09 00:00:00-04:00,7.199999809265137,7.429999828338623,7.130000114440918,7.289999961853027,5405800,0.0,0.0
2020-10-12 00:00:00-04:00,7.489999771118164,7.559999942779541,6.96999979019165,7.050000190734863,6442300,0.0,0.0
2020-10-13 00:00:00-04:00,7.409999847412109,8.430000305175781,7.380000114440918,7.670000076293945,33655100,0.0,0.0
2020-10-14 00:00:00-04:00,7.610000133514404,7.769999980926514,6.900000095367432,6.900000095367432,19363100,0.0,0.0
2020-10-15 00:00:00-04:00,6.78000020980835,6.889999866485596,6.260000228881836,6.300000190734863,13973400,0.0,0.0
2020-10-16 00:00:00-04:00,6.360000133514404,6.71999979019165,6.010000228881836,6.079999923706055,11867600,0.0,0.0
2020-10-19 00:00:00-04:00,5.730000019073486,5.940000057220459,5.510000228881836,5.670000076293945,11572800,0.0,0.0
2020-10-20 00:00:00-04:00,5.599999904632568,5.760000228881836,5.179999828338623,5.340000152587891,8232700,0.0,0.0
2020-10-21 00:00:00-04:00,5.320000171661377,5.349999904632568,4.989999771118164,5.199999809265137,7143500,0.0,0.0
2020-10-22 00:00:00-04:00,5.170000076293945,5.449999809265137,5.070000171661377,5.449999809265137,6117400,0.0,0.0
2020-10-23 00:00:00-04:00,5.489999771118164,5.650000095367432,5.360000133514404,5.639999866485596,5388000,0.0,0.0
2020-10-26 00:00:00-04:00,5.539999961853027,5.550000190734863,5.130000114440918,5.25,5982800,0.0,0.0
2020-10-27 00:00:00-04:00,5.25,5.5,5.179999828338623,5.440000057220459,3775300,0.0,0.0
2020-10-28 00:00:00-04:00,5.21999979019165,5.289999961853027,4.929999828338623,5.0,5278300,0.0,0.0
2020-10-29 00:00:00-04:00,5.119999885559082,5.369999885559082,4.900000095367432,5.300000190734863,6089900,0.0,0.0
2020-10-30 00:00:00-04:00,5.230000019073486,5.289999961853027,4.849999904632568,4.920000076293945,7446300,0.0,0.0
2020-11-02 00:00:00-05:00,5.019999980926514,5.059999942779541,4.849999904632568,4.980000019073486,3453100,0.0,0.0
2020-11-03 00:00:00-05:00,5.03000020980835,5.610000133514404,4.920000076293945,5.400000095367432,7657900,0.0,0.0
2020-11-04 00:00:00-05:00,5.360000133514404,5.380000114440918,5.079999923706055,5.119999885559082,4743200,0.0,0.0
2020-11-05 00:00:00-05:00,5.25,5.329999923706055,5.050000190734863,5.309999942779541,4590600,0.0,0.0
2020-11-06 00:00:00-05:00,5.199999809265137,5.239999771118164,5.019999980926514,5.119999885559082,4086400,0.0,0.0
2020-11-09 00:00:00-05:00,4.829999923706055,4.849999904632568,3.5,3.5,27667800,0.0,0.0
2020-11-10 00:00:00-05:00,3.940000057220459,4.099999904632568,3.5899999141693115,3.890000104904175,18438400,0.0,0.0
2020-11-11 00:00:00-05:00,3.950000047683716,4.849999904632568,3.7100000381469727,4.610000133514404,30156000,0.0,0.0
2020-11-12 00:00:00-05:00,5.190000057220459,5.650000095367432,4.920000076293945,5.309999942779541,44457700,0.0,0.0
2020-11-13 00:00:00-05:00,5.110000133514404,5.170000076293945,4.769999980926514,5.070000171661377,12448600,0.0,0.0
2020-11-16 00:00:00-05:00,4.860000133514404,5.630000114440918,4.820000171661377,5.570000171661377,13344900,0.0,0.0
2020-11-17 00:00:00-05:00,5.869999885559082,6.050000190734863,5.269999980926514,5.670000076293945,12268500,0.0,0.0
2020-11-18 00:00:00-05:00,5.53000020980835,5.929999828338623,5.409999847412109,5.699999809265137,8994100,0.0,0.0
2020-11-19 00:00:00-05:00,5.889999866485596,5.960000038146973,5.639999866485596,5.909999847412109,9228500,0.0,0.0
2020-11-20 00:00:00-05:00,5.900000095367432,6.550000190734863,5.860000133514404,6.400000095367432,12281100,0.0,0.0
2020-11-23 00:00:00-05:00,6.610000133514404,7.130000114440918,6.010000228881836,7.119999885559082,12802000,0.0,0.0
2020-11-24 00:00:00-05:00,6.860000133514404,6.940000057220459,6.150000095367432,6.260000228881836,11447400,0.0,0.0
2020-11-25 00:00:00-05:00,6.340000152587891,6.840000152587891,6.300000190734863,6.400000095367432,8255900,0.0,0.0
2020-11-27 00:00:00-05:00,6.650000095367432,7.230000019073486,6.5,7.03000020980835,9710100,0.0,0.0
2020-11-30 00:00:00-05:00,7.340000152587891,8.170000076293945,7.309999942779541,7.980000019073486,25497000,0.0,0.0
2020-12-01 00:00:00-05:00,8.479999542236328,8.5,7.409999847412109,7.650000095367432,16616600,0.0,0.0
2020-12-02 00:00:00-05:00,7.230000019073486,7.480000019073486,6.829999923706055,7.28000020980835,9067700,0.0,0.0
2020-12-03 00:00:00-05:00,7.550000190734863,7.75,7.349999904632568,7.71999979019165,7521300,0.0,0.0
2020-12-04 00:00:00-05:00,7.800000190734863,7.889999866485596,7.46999979019165,7.800000190734863,8701100,0.0,0.0
2020-12-07 00:00:00-05:00,7.989999771118164,8.289999961853027,7.610000133514404,7.699999809265137,7448400,0.0,0.0
2020-12-08 00:00:00-05:00,7.570000171661377,7.789999961853027,7.179999828338623,7.730000019073486,7771800,0.0,0.0
2020-12-09 00:00:00-05:00,7.75,7.78000020980835,7.059999942779541,7.409999847412109,6147100,0.0,0.0
2020-12-10 00:00:00-05:00,7.090000152587891,7.480000019073486,7.019999980926514,7.460000038146973,4189700,0.0,0.0
2020-12-11 00:00:00-05:00,7.340000152587891,7.940000057220459,7.300000190734863,7.440000057220459,7338700,0.0,0.0
2020-12-14 00:00:00-05:00,7.639999866485596,8.1899995803833,7.579999923706055,7.71999979019165,12151500,0.0,0.0
2020-12-15 00:00:00-05:00,8.020000457763672,8.029999732971191,7.590000152587891,7.75,5520900,0.0,0.0
2020-12-16 00:00:00-05:00,7.650000095367432,7.670000076293945,7.230000019073486,7.5,4581900,0.0,0.0
2020-12-17 00:00:00-05:00,7.599999904632568,7.699999809265137,7.420000076293945,7.599999904632568,4102700,0.0,0.0
2020-12-18 00:00:00-05:00,7.550000190734863,7.619999885559082,7.300000190734863,7.369999885559082,16901100,0.0,0.0
2020-12-21 00:00:00-05:00,7.260000228881836,7.650000095367432,7.21999979019165,7.650000095367432,5761700,0.0,0.0
2020-12-22 00:00:00-05:00,7.659999847412109,7.699999809265137,6.550000190734863,7.139999866485596,16033800,0.0,0.0
2020-12-23 00:00:00-05:00,6.880000114440918,7.139999866485596,6.679999828338623,7.019999980926514,5141600,0.0,0.0
2020-12-24 00:00:00-05:00,6.980000019073486,7.019999980926514,6.75,6.78000020980835,2699400,0.0,0.0
2020-12-28 00:00:00-05:00,6.929999828338623,6.989999771118164,6.300000190734863,6.329999923706055,6756900,0.0,0.0
2020-12-29 00:00:00-05:00,6.25,6.25,5.590000152587891,5.71999979019165,9646700,0.0,0.0
2020-12-30 00:00:00-05:00,5.889999866485596,6.070000171661377,5.78000020980835,5.980000019073486,5854300,0.0,0.0
2020-12-31 00:00:00-05:00,6.03000020980835,6.039999961853027,5.650000095367432,5.710000038146973,5598800,0.0,0.0
2021-01-04 00:00:00-05:00,5.769999980926514,6.449999809265137,5.28000020980835,6.329999923706055,8988600,0.0,0.0
2021-01-05 00:00:00-05:00,6.389999866485596,6.610000133514404,6.099999904632568,6.519999980926514,5538900,0.0,0.0
2021-01-06 00:00:00-05:00,6.570000171661377,6.849999904632568,6.420000076293945,6.489999771118164,5597400,0.0,0.0
2021-01-07 00:00:00-05:00,6.639999866485596,6.769999980926514,6.449999809265137,6.730000019073486,4641500,0.0,0.0
2021-01-08 00:00:00-05:00,6.860000133514404,7.0,6.460000038146973,6.550000190734863,5875300,0.0,0.0
2021-01-11 00:00:00-05:00,6.539999961853027,6.559999942779541,6.090000152587891,6.289999961853027,4596200,0.0,0.0
2021-01-12 00:00:00-05:00,6.300000190734863,6.650000095367432,6.210000038146973,6.650000095367432,5389700,0.0,0.0
2021-01-13 00:00:00-05:00,6.619999885559082,6.900000095367432,6.519999980926514,6.78000020980835,4313200,0.0,0.0
2021-01-14 00:00:00-05:00,6.880000114440918,7.340000152587891,6.769999980926514,7.340000152587891,7869800,0.0,0.0
2021-01-15 00:00:00-05:00,7.489999771118164,7.739999771118164,6.949999809265137,7.179999828338623,9183500,0.0,0.0
2021-01-19 00:00:00-05:00,7.21999979019165,7.28000020980835,6.75,6.909999847412109,5836900,0.0,0.0
2021-01-20 00:00:00-05:00,6.949999809265137,7.119999885559082,6.829999923706055,7.050000190734863,4542500,0.0,0.0
2021-01-21 00:00:00-05:00,7.070000171661377,7.099999904632568,6.809999942779541,6.960000038146973,3082000,0.0,0.0
2021-01-22 00:00:00-05:00,6.960000038146973,7.230000019073486,6.869999885559082,7.139999866485596,5037400,0.0,0.0
2021-01-25 00:00:00-05:00,7.570000171661377,10.699999809265137,7.309999942779541,10.050000190734863,37148700,0.0,0.0
2021-01-26 00:00:00-05:00,10.720000267028809,10.8100004196167,8.65999984741211,9.380000114440918,24296000,0.0,0.0
2021-01-27 00:00:00-05:00,8.75,10.300000190734863,8.390000343322754,9.300000190734863,15104800,0.0,0.0
2021-01-28 00:00:00-05:00,9.300000190734863,9.779999732971191,8.800000190734863,8.920000076293945,8561700,0.0,0.0
2021-01-29 00:00:00-05:00,9.489999771118164,13.5,9.449999809265137,11.979999542236328,60833300,0.0,0.0
2021-02-01 00:00:00-05:00,14.0,15.800000190734863,13.180000305175781,15.569999694824219,38174600,0.0,0.0
2021-02-02 00:00:00-05:00,17.100000381469727,24.899999618530273,14.579999923706055,23.329999923706055,72930200,0.0,0.0
2021-02-03 00:00:00-05:00,10.84000015258789,12.739999771118164,8.800000190734863,9.850000381469727,170025400,0.0,0.0
2021-02-04 00:00:00-05:00,9.9399995803833,10.5,8.90999984741211,9.050000190734863,37896600,0.0,0.0
2021-02-05 00:00:00-05:00,8.670000076293945,8.739999771118164,7.510000228881836,7.699999809265137,38648000,0.0,0.0
2021-02-08 00:00:00-05:00,8.119999885559082,9.9399995803833,8.0600004196167,9.510000228881836,38764600,0.0,0.0
2021-02-09 00:00:00-05:00,9.770000457763672,9.850000381469727,8.8100004196167,8.979999542236328,16049700,0.0,0.0
2021-02-10 00:00:00-05:00,9.010000228881836,9.210000038146973,8.25,8.430000305175781,12184900,0.0,0.0
2021-02-11 00:00:00-05:00,8.399999618530273,9.34000015258789,8.020000457763672,8.65999984741211,18874300,0.0,0.0
2021-02-12 00:00:00-05:00,8.520000457763672,8.850000381469727,8.350000381469727,8.479999542236328,6226400,0.0,0.0
2021-02-16 00:00:00-05:00,8.470000267028809,8.5,7.849999904632568,8.09000015258789,12153900,0.0,0.0
2021-02-17 00:00:00-05:00,7.78000020980835,8.0,7.53000020980835,7.940000057220459,8903500,0.0,0.0
2021-02-18 00:00:00-05:00,7.659999847412109,7.800000190734863,7.179999828338623,7.289999961853027,7928800,0.0,0.0
2021-02-19 00:00:00-05:00,7.400000095367432,7.71999979019165,7.199999809265137,7.460000038146973,7322200,0.0,0.0
2021-02-22 00:00:00-05:00,7.320000171661377,7.389999866485596,6.809999942779541,6.840000152587891,9381500,0.0,0.0
2021-02-23 00:00:00-05:00,6.110000133514404,6.820000171661377,5.679999828338623,6.789999961853027,12453000,0.0,0.0
2021-02-24 00:00:00-05:00,6.880000114440918,7.389999866485596,6.650000095367432,7.340000152587891,7035900,0.0,0.0
2021-02-25 00:00:00-05:00,7.480000019073486,8.449999809265137,7.349999904632568,7.5,14447600,0.0,0.0
2021-02-26 00:00:00-05:00,7.329999923706055,7.820000171661377,6.920000076293945,7.150000095367432,6468200,0.0,0.0
2021-03-01 00:00:00-05:00,7.409999847412109,7.639999866485596,7.079999923706055,7.550000190734863,6029600,0.0,0.0
2021-03-02 00:00:00-05:00,7.480000019073486,7.590000152587891,7.130000114440918,7.139999866485596,4712200,0.0,0.0
2021-03-03 00:00:00-05:00,6.659999847412109,6.940000057220459,6.260000228881836,6.360000133514404,9370000,0.0,0.0
2021-03-04 00:00:00-05:00,6.119999885559082,6.429999828338623,5.710000038146973,5.920000076293945,10548000,0.0,0.0
2021-03-05 00:00:00-05:00,6.130000114440918,6.170000076293945,5.28000020980835,6.019999980926514,9166700,0.0,0.0
2021-03-08 00:00:00-05:00,6.090000152587891,6.519999980926514,5.860000133514404,6.039999961853027,5494700,0.0,0.0
2021-03-09 00:00:00-05:00,6.21999979019165,6.670000076293945,6.150000095367432,6.519999980926514,6707800,0.0,0.0
2021-03-10 00:00:00-05:00,6.789999961853027,6.960000038146973,6.380000114440918,6.400000095367432,4745500,0.0,0.0
2021-03-11 00:00:00-05:00,6.650000095367432,7.050000190734863,6.619999885559082,6.929999828338623,5760600,0.0,0.0
2021-03-12 00:00:00-05:00,6.75,6.829999923706055,6.559999942779541,6.739999771118164,3988800,0.0,0.0
2021-03-15 00:00:00-04:00,6.909999847412109,7.070000171661377,6.610000133514404,6.880000114440918,3458500,0.0,0.0
2021-03-16 00:00:00-04:00,6.889999866485596,7.690000057220459,6.769999980926514,7.070000171661377,9145600,0.0,0.0
2021-03-17 00:00:00-04:00,6.929999828338623,7.019999980926514,6.610000133514404,6.920000076293945,5228900,0.0,0.0
2021-03-18 00:00:00-04:00,6.849999904632568,7.150000095367432,6.570000171661377,6.619999885559082,4357700,0.0,0.0
2021-03-19 00:00:00-04:00,6.659999847412109,6.929999828338623,6.53000020980835,6.880000114440918,6682400,0.0,0.0
2021-03-22 00:00:00-04:00,7.0,7.170000076293945,6.789999961853027,6.869999885559082,3261500,0.0,0.0
2021-03-23 00:00:00-04:00,6.800000190734863,6.840000152587891,6.210000038146973,6.269999980926514,4754300,0.0,0.0
2021-03-24 00:00:00-04:00,6.340000152587891,6.420000076293945,5.869999885559082,5.869999885559082,4444300,0.0,0.0
2021-03-25 00:00:00-04:00,5.78000020980835,6.269999980926514,5.650000095367432,6.269999980926514,4768900,0.0,0.0
2021-03-26 00:00:00-04:00,6.25,6.269999980926514,5.800000190734863,5.989999771118164,3894800,0.0,0.0
2021-03-29 00:00:00-04:00,5.940000057220459,5.949999809265137,5.610000133514404,5.639999866485596,3866800,0.0,0.0
2021-03-30 00:00:00-04:00,5.630000114440918,5.840000152587891,5.579999923706055,5.789999961853027,2687000,0.0,0.0
2021-03-31 00:00:00-04:00,5.849999904632568,6.190000057220459,5.78000020980835,6.050000190734863,2986400,0.0,0.0
2021-04-01 00:00:00-04:00,6.150000095367432,6.320000171661377,6.039999961853027,6.099999904632568,2202800,0.0,0.0
2021-04-05 00:00:00-04:00,6.25,6.25,5.929999828338623,5.989999771118164,2657500,0.0,0.0
2021-04-06 00:00:00-04:00,5.989999771118164,6.050000190734863,5.78000020980835,5.78000020980835,2527200,0.0,0.0
2021-04-07 00:00:00-04:00,5.760000228881836,5.949999809265137,5.670000076293945,5.690000057220459,2494900,0.0,0.0
2021-04-08 00:00:00-04:00,5.78000020980835,5.809999942779541,5.539999961853027,5.670000076293945,2983000,0.0,0.0
2021-04-09 00:00:00-04:00,5.699999809265137,5.730000019073486,5.5,5.53000020980835,2333100,0.0,0.0
2021-04-12 00:00:00-04:00,5.550000190734863,5.559999942779541,5.099999904632568,5.21999979019165,4195400,0.0,0.0
2021-04-13 00:00:00-04:00,5.179999828338623,5.559999942779541,5.130000114440918,5.519999980926514,2894600,0.0,0.0
2021-04-14 00:00:00-04:00,5.610000133514404,5.699999809265137,5.380000114440918,5.480000019073486,2579900,0.0,0.0
2021-04-15 00:00:00-04:00,5.619999885559082,5.789999961853027,5.269999980926514,5.429999828338623,3105400,0.0,0.0
2021-04-16 00:00:00-04:00,5.449999809265137,5.449999809265137,5.150000095367432,5.349999904632568,3855000,0.0,0.0
2021-04-19 00:00:00-04:00,5.28000020980835,5.46999979019165,5.059999942779541,5.110000133514404,3536100,0.0,0.0
2021-04-20 00:00:00-04:00,5.090000152587891,5.130000114440918,4.860000133514404,5.059999942779541,3501600,0.0,0.0
2021-04-21 00:00:00-04:00,5.010000228881836,5.590000152587891,4.940000057220459,5.570000171661377,3716600,0.0,0.0
2021-04-22 00:00:00-04:00,5.929999828338623,6.139999866485596,5.690000057220459,5.760000228881836,7354500,0.0,0.0
2021-04-23 00:00:00-04:00,5.829999923706055,5.829999923706055,5.420000076293945,5.559999942779541,5543200,0.0,0.0
2021-04-26 00:00:00-04:00,5.679999828338623,6.079999923706055,5.539999961853027,6.059999942779541,4961600,0.0,0.0
2021-04-27 00:00:00-04:00,6.210000038146973,9.5,6.139999866485596,8.329999923706055,220596000,0.0,0.0
2021-04-28 00:00:00-04:00,8.069999694824219,8.869999885559082,7.78000020980835,8.4399995803833,50882800,0.0,0.0
2021-04-29 00:00:00-04:00,9.6899995803833,11.0,8.920000076293945,9.210000038146973,123332500,0.0,0.0
2021-04-30 00:00:00-04:00,9.520000457763672,11.109999656677246,9.350000381469727,10.779999732971191,112224800,0.0,0.0
2021-05-03 00:00:00-04:00,9.970000267028809,10.5600004196167,7.909999847412109,8.020000457763672,108169600,0.0,0.0
2021-05-04 00:00:00-04:00,9.5,9.550000190734863,8.180000305175781,8.760000228881836,71557400,0.0,0.0
2021-05-05 00:00:00-04:00,8.279999732971191,8.4399995803833,7.320000171661377,7.380000114440918,33313800,0.0,0.0
2021-05-06 00:00:00-04:00,6.789999961853027,7.21999979019165,6.329999923706055,6.929999828338623,23003200,0.0,0.0
2021-05-07 00:00:00-04:00,6.75,7.460000038146973,6.699999809265137,7.199999809265137,11763200,0.0,0.0
2021-05-10 00:00:00-04:00,7.110000133514404,7.150000095367432,6.510000228881836,6.539999961853027,10330500,0.0,0.0
2021-05-11 00:00:00-04:00,6.159999847412109,7.079999923706055,6.059999942779541,6.860000133514404,10683700,0.0,0.0
2021-05-12 00:00:00-04:00,6.690000057220459,7.0,6.5,6.510000228881836,5178000,0.0,0.0
2021-05-13 00:00:00-04:00,6.619999885559082,6.75,6.099999904632568,6.300000190734863,6208600,0.0,0.0
2021-05-14 00:00:00-04:00,6.260000228881836,6.809999942779541,6.179999828338623,6.610000133514404,5641400,0.0,0.0
2021-05-17 00:00:00-04:00,6.46999979019165,6.619999885559082,6.309999942779541,6.429999828338623,4556000,0.0,0.0
2021-05-18 00:00:00-04:00,6.360000133514404,6.989999771118164,6.360000133514404,6.800000190734863,5899500,0.0,0.0
2021-05-19 00:00:00-04:00,6.610000133514404,6.800000190734863,6.46999979019165,6.579999923706055,3630700,0.0,0.0
2021-05-20 00:00:00-04:00,6.610000133514404,7.400000095367432,6.559999942779541,6.960000038146973,9180700,0.0,0.0
2021-05-21 00:00:00-04:00,7.03000020980835,7.059999942779541,6.659999847412109,6.699999809265137,4873900,0.0,0.0
2021-05-24 00:00:00-04:00,6.75,6.800000190734863,6.28000020980835,6.349999904632568,6323200,0.0,0.0
2021-05-25 00:00:00-04:00,6.349999904632568,6.449999809265137,6.21999979019165,6.21999979019165,3456900,0.0,0.0
2021-05-26 00:00:00-04:00,6.21999979019165,6.539999961853027,6.199999809265137,6.519999980926514,3884000,0.0,0.0
2021-05-27 00:00:00-04:00,6.5,6.730000019073486,6.369999885559082,6.690000057220459,4105800,0.0,0.0
2021-05-28 00:00:00-04:00,6.650000095367432,6.940000057220459,6.579999923706055,6.619999885559082,3928500,0.0,0.0
2021-06-01 00:00:00-04:00,6.619999885559082,6.699999809265137,6.449999809265137,6.590000152587891,3611900,0.0,0.0
2021-06-02 00:00:00-04:00,6.630000114440918,7.380000114440918,6.619999885559082,7.360000133514404,8791800,0.0,0.0
2021-06-03 00:00:00-04:00,7.170000076293945,7.380000114440918,7.010000228881836,7.070000171661377,4947700,0.0,0.0
2021-06-04 00:00:00-04:00,7.21999979019165,7.309999942779541,6.840000152587891,6.869999885559082,3959400,0.0,0.0
2021-06-07 00:00:00-04:00,6.860000133514404,7.570000171661377,6.840000152587891,7.340000152587891,8616500,0.0,0.0
2021-06-08 00:00:00-04:00,7.570000171661377,7.760000228881836,7.099999904632568,7.400000095367432,6568000,0.0,0.0
2021-06-09 00:00:00-04:00,7.5,8.109999656677246,7.400000095367432,7.639999866485596,9480400,0.0,0.0
2021-06-10 00:00:00-04:00,7.650000095367432,7.699999809265137,7.059999942779541,7.170000076293945,5273600,0.0,0.0
2021-06-11 00:00:00-04:00,7.53000020980835,10.0,7.440000057220459,8.739999771118164,104095800,0.0,0.0
2021-06-14 00:00:00-04:00,9.199999809265137,9.680000305175781,8.329999923706055,8.739999771118164,24115100,0.0,0.0
2021-06-15 00:00:00-04:00,8.75,8.850000381469727,7.679999828338623,7.809999942779541,12945000,0.0,0.0
2021-06-16 00:00:00-04:00,7.71999979019165,8.069999694824219,7.5,7.789999961853027,7187300,0.0,0.0
2021-06-17 00:00:00-04:00,7.730000019073486,8.0,7.599999904632568,7.940000057220459,6173300,0.0,0.0
2021-06-18 00:00:00-04:00,8.329999923706055,9.0,7.710000038146973,7.800000190734863,25480000,0.0,0.0
2021-06-21 00:00:00-04:00,7.900000095367432,7.980000019073486,7.570000171661377,7.900000095367432,6503200,0.0,0.0
2021-06-22 00:00:00-04:00,7.760000228881836,7.909999847412109,7.639999866485596,7.889999866485596,4857000,0.0,0.0
2021-06-23 00:00:00-04:00,7.860000133514404,8.029999732971191,7.650000095367432,7.849999904632568,4200000,0.0,0.0
2021-06-24 00:00:00-04:00,8.350000381469727,8.779999732971191,8.109999656677246,8.319999694824219,14602000,0.0,0.0
2021-06-25 00:00:00-04:00,8.399999618530273,8.770000457763672,8.1899995803833,8.539999961853027,16763600,0.0,0.0
2021-06-28 00:00:00-04:00,8.619999885559082,8.8100004196167,8.25,8.729999542236328,6353400,0.0,0.0
2021-06-29 00:00:00-04:00,8.729999542236328,8.75,7.989999771118164,8.25,7294100,0.0,0.0
2021-06-30 00:00:00-04:00,8.100000381469727,8.119999885559082,7.380000114440918,7.489999771118164,10166100,0.0,0.0
2021-07-01 00:00:00-04:00,7.590000152587891,7.769999980926514,7.449999809265137,7.679999828338623,4722100,0.0,0.0
2021-07-02 00:00:00-04:00,7.619999885559082,7.650000095367432,7.159999847412109,7.480000019073486,4896300,0.0,0.0
2021-07-06 00:00:00-04:00,7.489999771118164,7.619999885559082,7.289999961853027,7.360000133514404,3847300,0.0,0.0
2021-07-07 00:00:00-04:00,7.820000171661377,8.390000343322754,7.019999980926514,7.079999923706055,20940300,0.0,0.0
2021-07-08 00:00:00-04:00,6.96999979019165,7.46999979019165,6.829999923706055,7.230000019073486,6554600,0.0,0.0
2021-07-09 00:00:00-04:00,7.340000152587891,7.389999866485596,7.099999904632568,7.360000133514404,3374900,0.0,0.0
2021-07-12 00:00:00-04:00,7.329999923706055,7.349999904632568,6.96999979019165,6.989999771118164,4089900,0.0,0.0
2021-07-13 00:00:00-04:00,6.929999828338623,7.03000020980835,6.71999979019165,6.75,3982100,0.0,0.0
2021-07-14 00:00:00-04:00,6.75,7.0,6.630000114440918,6.670000076293945,3805900,0.0,0.0
2021-07-15 00:00:00-04:00,6.590000152587891,7.050000190734863,6.559999942779541,7.019999980926514,4111200,0.0,0.0
2021-07-16 00:00:00-04:00,7.050000190734863,7.329999923706055,7.0,7.159999847412109,4840800,0.0,0.0
2021-07-19 00:00:00-04:00,6.840000152587891,8.09000015258789,6.78000020980835,7.840000152587891,12199400,0.0,0.0
2021-07-20 00:00:00-04:00,7.739999771118164,8.579999923706055,7.320000171661377,7.960000038146973,12006600,0.0,0.0
2021-07-21 00:00:00-04:00,7.920000076293945,8.319999694824219,7.630000114440918,8.279999732971191,7262100,0.0,0.0
2021-07-22 00:00:00-04:00,8.1899995803833,8.569999694824219,8.069999694824219,8.300000190734863,9270200,0.0,0.0
2021-07-23 00:00:00-04:00,8.279999732971191,8.3100004196167,7.880000114440918,8.140000343322754,4452800,0.0,0.0
2021-07-26 00:00:00-04:00,8.0,8.479999542236328,7.96999979019165,8.079999923706055,3976100,0.0,0.0
2021-07-27 00:00:00-04:00,8.069999694824219,8.15999984741211,7.659999847412109,8.029999732971191,4290800,0.0,0.0
2021-07-28 00:00:00-04:00,8.0,8.270000457763672,7.929999828338623,8.210000038146973,4526900,0.0,0.0
2021-07-29 00:00:00-04:00,8.779999732971191,9.300000190734863,7.75,7.800000190734863,36535000,0.0,0.0
2021-07-30 00:00:00-04:00,7.78000020980835,7.960000038146973,7.130000114440918,7.190000057220459,8987200,0.0,0.0
2021-08-02 00:00:00-04:00,8.199999809265137,8.449999809265137,7.610000133514404,7.989999771118164,25206600,0.0,0.0
2021-08-03 00:00:00-04:00,8.069999694824219,8.75,7.869999885559082,8.579999923706055,17048200,0.0,0.0
2021-08-04 00:00:00-04:00,8.390000343322754,8.880000114440918,8.119999885559082,8.300000190734863,10643200,0.0,0.0
2021-08-05 00:00:00-04:00,8.5,8.850000381469727,8.1899995803833,8.6899995803833,8961400,0.0,0.0
2021-08-06 00:00:00-04:00,8.350000381469727,9.15999984741211,8.319999694824219,8.75,12311600,0.0,0.0
2021-08-09 00:00:00-04:00,8.899999618530273,10.0,8.6899995803833,9.800000190734863,22645600,0.0,0.0
2021-08-10 00:00:00-04:00,10.010000228881836,10.329999923706055,9.15999984741211,9.260000228881836,14494000,0.0,0.0
2021-08-11 00:00:00-04:00,9.260000228881836,9.449999809265137,8.59000015258789,8.9399995803833,8925600,0.0,0.0
2021-08-12 00:00:00-04:00,8.989999771118164,9.520000457763672,8.84000015258789,9.130000114440918,8929300,0.0,0.0
2021-08-13 00:00:00-04:00,9.220000267028809,9.239999771118164,8.609999656677246,8.649999618530273,4956200,0.0,0.0
2021-08-16 00:00:00-04:00,8.529999732971191,8.619999885559082,8.109999656677246,8.4399995803833,5050700,0.0,0.0
2021-08-17 00:00:00-04:00,8.279999732971191,8.630000114440918,8.130000114440918,8.359999656677246,4217500,0.0,0.0
2021-08-18 00:00:00-04:00,8.380000114440918,8.649999618530273,8.180000305175781,8.430000305175781,3817800,0.0,0.0
2021-08-19 00:00:00-04:00,8.40999984741211,8.40999984741211,7.699999809265137,7.71999979019165,6709800,0.0,0.0
2021-08-20 00:00:00-04:00,7.840000152587891,8.369999885559082,7.800000190734863,8.34000015258789,5546900,0.0,0.0
2021-08-23 00:00:00-04:00,8.550000190734863,8.819999694824219,8.359999656677246,8.800000190734863,5224000,0.0,0.0
2021-08-24 00:00:00-04:00,8.699999809265137,9.050000190734863,8.5600004196167,9.010000228881836,5216700,0.0,0.0
2021-08-25 00:00:00-04:00,8.970000267028809,9.399999618530273,8.869999885559082,9.210000038146973,5693600,0.0,0.0
2021-08-26 00:00:00-04:00,9.239999771118164,9.5,8.890000343322754,9.010000228881836,4878900,0.0,0.0
2021-08-27 00:00:00-04:00,9.039999961853027,9.199999809265137,8.90999984741211,9.050000190734863,3862200,0.0,0.0
2021-08-30 00:00:00-04:00,9.130000114440918,9.210000038146973,8.800000190734863,8.829999923706055,2725600,0.0,0.0
2021-08-31 00:00:00-04:00,8.90999984741211,9.119999885559082,8.859999656677246,8.949999809265137,2330900,0.0,0.0
2021-09-01 00:00:00-04:00,8.90999984741211,9.140000343322754,8.869999885559082,8.989999771118164,3122900,0.0,0.0
2021-09-02 00:00:00-04:00,9.0,9.020000457763672,8.8100004196167,8.890000343322754,2622400,0.0,0.0
2021-09-03 00:00:00-04:00,8.90999984741211,8.90999984741211,8.520000457763672,8.710000038146973,2885800,0.0,0.0
2021-09-07 00:00:00-04:00,8.699999809265137,8.869999885559082,8.579999923706055,8.720000267028809,1845100,0.0,0.0
2021-09-08 00:00:00-04:00,8.609999656677246,8.729999542236328,8.34000015258789,8.619999885559082,2494600,0.0,0.0
2021-09-09 00:00:00-04:00,8.649999618530273,9.130000114440918,8.529999732971191,9.029999732971191,4637800,0.0,0.0
2021-09-10 00:00:00-04:00,9.09000015258789,9.399999618530273,8.760000228881836,8.760000228881836,3452500,0.0,0.0
2021-09-13 00:00:00-04:00,8.789999961853027,8.800000190734863,8.239999771118164,8.359999656677246,4473200,0.0,0.0
2021-09-14 00:00:00-04:00,8.399999618530273,8.5,8.029999732971191,8.119999885559082,3059200,0.0,0.0
2021-09-15 00:00:00-04:00,8.0600004196167,8.399999618530273,7.929999828338623,8.1899995803833,2479800,0.0,0.0
2021-09-16 00:00:00-04:00,8.140000343322754,8.270000457763672,8.020000457763672,8.220000267028809,1939300,0.0,0.0
2021-09-17 00:00:00-04:00,8.279999732971191,8.420000076293945,8.020000457763672,8.40999984741211,3752800,0.0,0.0
2021-09-20 00:00:00-04:00,8.039999961853027,8.229999542236328,7.739999771118164,7.869999885559082,4615500,0.0,0.0
2021-09-21 00:00:00-04:00,7.920000076293945,8.140000343322754,7.880000114440918,8.079999923706055,2527800,0.0,0.0
2021-09-22 00:00:00-04:00,8.149999618530273,8.3100004196167,8.0,8.1899995803833,2285400,0.0,0.0
2021-09-23 00:00:00-04:00,8.239999771118164,8.479999542236328,8.180000305175781,8.449999809265137,3105100,0.0,0.0
2021-09-24 00:00:00-04:00,8.369999885559082,8.390000343322754,8.109999656677246,8.170000076293945,2269300,0.0,0.0
2021-09-27 00:00:00-04:00,8.149999618530273,8.489999771118164,8.069999694824219,8.260000228881836,2761300,0.0,0.0
2021-09-28 00:00:00-04:00,8.170000076293945,8.180000305175781,7.900000095367432,7.949999809265137,3018700,0.0,0.0
2021-09-29 00:00:00-04:00,8.020000457763672,8.40999984741211,7.96999979019165,8.020000457763672,3258500,0.0,0.0
2021-09-30 00:00:00-04:00,8.100000381469727,8.199999809265137,7.889999866485596,7.949999809265137,2602600,0.0,0.0
2021-10-01 00:00:00-04:00,7.949999809265137,7.960000038146973,6.860000133514404,7.179999828338623,9511400,0.0,0.0
2021-10-04 00:00:00-04:00,6.869999885559082,7.079999923706055,6.690000057220459,6.960000038146973,4199300,0.0,0.0
2021-10-05 00:00:00-04:00,7.199999809265137,7.300000190734863,7.0,7.300000190734863,3776200,0.0,0.0
2021-10-06 00:00:00-04:00,7.150000095367432,7.320000171661377,7.03000020980835,7.099999904632568,2927800,0.0,0.0
2021-10-07 00:00:00-04:00,7.090000152587891,7.320000171661377,6.960000038146973,7.090000152587891,5641800,0.0,0.0
2021-10-08 00:00:00-04:00,7.440000057220459,7.460000038146973,6.909999847412109,6.989999771118164,9381300,0.0,0.0
2021-10-11 00:00:00-04:00,6.920000076293945,7.079999923706055,6.699999809265137,6.809999942779541,5409000,0.0,0.0
2021-10-12 00:00:00-04:00,6.800000190734863,6.869999885559082,6.699999809265137,6.760000228881836,3669100,0.0,0.0
2021-10-13 00:00:00-04:00,6.769999980926514,6.980000019073486,6.71999979019165,6.889999866485596,2908400,0.0,0.0
2021-10-14 00:00:00-04:00,6.940000057220459,7.28000020980835,6.940000057220459,7.199999809265137,3162600,0.0,0.0
2021-10-15 00:00:00-04:00,7.210000038146973,7.210000038146973,6.940000057220459,6.940000057220459,2845400,0.0,0.0
2021-10-18 00:00:00-04:00,6.940000057220459,6.949999809265137,6.849999904632568,6.889999866485596,2253700,0.0,0.0
2021-10-19 00:00:00-04:00,6.949999809265137,7.059999942779541,6.809999942779541,7.050000190734863,2368200,0.0,0.0
2021-10-20 00:00:00-04:00,7.010000228881836,7.039999961853027,6.869999885559082,6.900000095367432,2125000,0.0,0.0
2021-10-21 00:00:00-04:00,6.929999828338623,7.059999942779541,6.860000133514404,6.880000114440918,2885900,0.0,0.0
2021-10-22 00:00:00-04:00,6.809999942779541,6.820000171661377,6.409999847412109,6.739999771118164,5036700,0.0,0.0
2021-10-25 00:00:00-04:00,6.639999866485596,6.929999828338623,6.550000190734863,6.869999885559082,2660300,0.0,0.0
2021-10-26 00:00:00-04:00,6.940000057220459,7.010000228881836,6.75,6.840000152587891,2990100,0.0,0.0
2021-10-27 00:00:00-04:00,6.800000190734863,6.920000076293945,6.679999828338623,6.679999828338623,2116600,0.0,0.0
2021-10-28 00:00:00-04:00,6.710000038146973,6.920000076293945,6.570000171661377,6.900000095367432,2252800,0.0,0.0
2021-10-29 00:00:00-04:00,6.869999885559082,6.949999809265137,6.679999828338623,6.710000038146973,2024100,0.0,0.0
2021-11-01 00:00:00-04:00,6.75,7.039999961853027,6.590000152587891,6.96999979019165,3613100,0.0,0.0
2021-11-02 00:00:00-04:00,7.010000228881836,7.21999979019165,6.949999809265137,7.210000038146973,3926200,0.0,0.0
2021-11-03 00:00:00-04:00,7.170000076293945,7.329999923706055,7.079999923706055,7.260000228881836,2743800,0.0,0.0
2021-11-04 00:00:00-04:00,7.199999809265137,7.230000019073486,6.800000190734863,6.889999866485596,3814100,0.0,0.0
2021-11-05 00:00:00-04:00,6.699999809265137,6.940000057220459,6.409999847412109,6.679999828338623,5588100,0.0,0.0
2021-11-08 00:00:00-05:00,6.730000019073486,7.010000228881836,6.710000038146973,6.880000114440918,3316000,0.0,0.0
2021-11-09 00:00:00-05:00,6.820000171661377,6.889999866485596,6.670000076293945,6.769999980926514,2187800,0.0,0.0
2021-11-10 00:00:00-05:00,6.679999828338623,6.889999866485596,6.579999923706055,6.619999885559082,2600800,0.0,0.0
2021-11-11 00:00:00-05:00,6.619999885559082,6.739999771118164,6.53000020980835,6.53000020980835,2369400,0.0,0.0
2021-11-12 00:00:00-05:00,6.539999961853027,6.860000133514404,6.510000228881836,6.809999942779541,3063700,0.0,0.0
2021-11-15 00:00:00-05:00,6.800000190734863,6.960000038146973,6.659999847412109,6.75,2008700,0.0,0.0
2021-11-16 00:00:00-05:00,6.75,6.880000114440918,6.619999885559082,6.840000152587891,2329600,0.0,0.0
2021-11-17 00:00:00-05:00,6.809999942779541,6.869999885559082,6.670000076293945,6.75,2352100,0.0,0.0
2021-11-18 00:00:00-05:00,6.769999980926514,7.289999961853027,6.769999980926514,7.059999942779541,6105700,0.0,0.0
2021-11-19 00:00:00-05:00,7.119999885559082,7.170000076293945,6.849999904632568,7.039999961853027,2966000,0.0,0.0
2021-11-22 00:00:00-05:00,7.070000171661377,7.130000114440918,6.820000171661377,6.860000133514404,2442000,0.0,0.0
2021-11-23 00:00:00-05:00,6.809999942779541,6.849999904632568,6.53000020980835,6.800000190734863,3053200,0.0,0.0
2021-11-24 00:00:00-05:00,6.699999809265137,7.239999771118164,6.559999942779541,7.119999885559082,3771700,0.0,0.0
2021-11-26 00:00:00-05:00,7.400000095367432,7.829999923706055,7.360000133514404,7.480000019073486,6236500,0.0,0.0
2021-11-29 00:00:00-05:00,7.820000171661377,7.960000038146973,7.400000095367432,7.550000190734863,6570500,0.0,0.0
2021-11-30 00:00:00-05:00,7.699999809265137,8.130000114440918,7.510000228881836,7.960000038146973,6538600,0.0,0.0
2021-12-01 00:00:00-05:00,7.800000190734863,8.0,7.03000020980835,7.039999961853027,6648800,0.0,0.0
2021-12-02 00:00:00-05:00,6.929999828338623,6.940000057220459,6.53000020980835,6.690000057220459,4965600,0.0,0.0
2021-12-03 00:00:00-05:00,6.679999828338623,6.760000228881836,6.25,6.320000171661377,4397000,0.0,0.0
2021-12-06 00:00:00-05:00,6.050000190734863,6.099999904632568,5.510000228881836,5.769999980926514,5082800,0.0,0.0
2021-12-07 00:00:00-05:00,5.940000057220459,6.400000095367432,5.920000076293945,6.349999904632568,4729800,0.0,0.0
2021-12-08 00:00:00-05:00,6.349999904632568,6.639999866485596,6.090000152587891,6.559999942779541,2147700,0.0,0.0
2021-12-09 00:00:00-05:00,6.559999942779541,6.590000152587891,6.21999979019165,6.230000019073486,2746200,0.0,0.0
2021-12-10 00:00:00-05:00,6.230000019073486,6.429999828338623,6.179999828338623,6.21999979019165,2059600,0.0,0.0
2021-12-13 00:00:00-05:00,6.199999809265137,6.5,6.130000114440918,6.360000133514404,2519700,0.0,0.0
2021-12-14 00:00:00-05:00,6.239999771118164,6.25,6.039999961853027,6.110000133514404,3167500,0.0,0.0
2021-12-15 00:00:00-05:00,6.110000133514404,6.5,5.940000057220459,6.489999771118164,3503000,0.0,0.0
2021-12-16 00:00:00-05:00,6.53000020980835,6.800000190734863,6.380000114440918,6.590000152587891,3660800,0.0,0.0
2021-12-17 00:00:00-05:00,6.570000171661377,7.25,6.400000095367432,7.199999809265137,9322600,0.0,0.0
2021-12-20 00:00:00-05:00,7.199999809265137,7.610000133514404,6.920000076293945,7.519999980926514,7051500,0.0,0.0
2021-12-21 00:00:00-05:00,7.429999828338623,7.480000019073486,6.869999885559082,6.960000038146973,5106100,0.0,0.0
2021-12-22 00:00:00-05:00,6.960000038146973,7.099999904632568,6.699999809265137,6.920000076293945,3045300,0.0,0.0
2021-12-23 00:00:00-05:00,6.849999904632568,7.0,6.550000190734863,6.900000095367432,3271600,0.0,0.0
2021-12-27 00:00:00-05:00,6.900000095367432,7.03000020980835,6.679999828338623,6.690000057220459,2487800,0.0,0.0
2021-12-28 00:00:00-05:00,6.650000095367432,6.960000038146973,6.449999809265137,6.460000038146973,2618700,0.0,0.0
2021-12-29 00:00:00-05:00,6.539999961853027,6.579999923706055,6.190000057220459,6.409999847412109,3666200,0.0,0.0
2021-12-30 00:00:00-05:00,6.28000020980835,6.670000076293945,6.28000020980835,6.440000057220459,2365400,0.0,0.0
2021-12-31 00:00:00-05:00,6.460000038146973,6.559999942779541,6.25,6.269999980926514,2005300,0.0,0.0
2022-01-03 00:00:00-05:00,6.349999904632568,6.639999866485596,6.179999828338623,6.639999866485596,2294400,0.0,0.0
2022-01-04 00:00:00-05:00,6.599999904632568,6.630000114440918,6.260000228881836,6.539999961853027,2657400,0.0,0.0
2022-01-05 00:00:00-05:00,6.539999961853027,6.800000190734863,6.239999771118164,6.239999771118164,3257400,0.0,0.0
2022-01-06 00:00:00-05:00,6.239999771118164,6.519999980926514,6.010000228881836,6.190000057220459,2509200,0.0,0.0
2022-01-07 00:00:00-05:00,6.190000057220459,6.360000133514404,6.099999904632568,6.099999904632568,1965500,0.0,0.0
2022-01-10 00:00:00-05:00,6.110000133514404,6.170000076293945,5.920000076293945,6.150000095367432,2946900,0.0,0.0
2022-01-11 00:00:00-05:00,6.070000171661377,6.190000057220459,5.980000019073486,6.039999961853027,2167900,0.0,0.0
2022-01-12 00:00:00-05:00,6.099999904632568,6.239999771118164,5.849999904632568,5.849999904632568,3416900,0.0,0.0
2022-01-13 00:00:00-05:00,5.809999942779541,5.949999809265137,5.590000152587891,5.610000133514404,2773300,0.0,0.0
2022-01-14 00:00:00-05:00,5.559999942779541,5.880000114440918,5.420000076293945,5.869999885559082,3203500,0.0,0.0
2022-01-18 00:00:00-05:00,5.800000190734863,5.800000190734863,5.449999809265137,5.460000038146973,3187600,0.0,0.0
2022-01-19 00:00:00-05:00,5.519999980926514,5.619999885559082,5.230000019073486,5.239999771118164,2537400,0.0,0.0
2022-01-20 00:00:00-05:00,5.329999923706055,5.429999828338623,5.03000020980835,5.050000190734863,2505500,0.0,0.0
2022-01-21 00:00:00-05:00,4.920000076293945,5.099999904632568,4.519999980926514,4.800000190734863,4046600,0.0,0.0
2022-01-24 00:00:00-05:00,4.369999885559082,4.650000095367432,4.099999904632568,4.619999885559082,4907500,0.0,0.0
2022-01-25 00:00:00-05:00,4.559999942779541,4.800000190734863,4.380000114440918,4.699999809265137,2406100,0.0,0.0
2022-01-26 00:00:00-05:00,4.769999980926514,5.019999980926514,4.510000228881836,4.53000020980835,2864500,0.0,0.0
2022-01-27 00:00:00-05:00,4.610000133514404,4.679999828338623,4.289999961853027,4.300000190734863,2448400,0.0,0.0
2022-01-28 00:00:00-05:00,4.309999942779541,4.610000133514404,4.210000038146973,4.590000152587891,2778800,0.0,0.0
2022-01-31 00:00:00-05:00,4.690000057220459,4.949999809265137,4.639999866485596,4.949999809265137,2356400,0.0,0.0
2022-02-01 00:00:00-05:00,4.909999847412109,5.179999828338623,4.820000171661377,5.170000076293945,2168400,0.0,0.0
2022-02-02 00:00:00-05:00,5.230000019073486,5.230000019073486,4.829999923706055,4.920000076293945,2139800,0.0,0.0
2022-02-03 00:00:00-05:00,4.800000190734863,4.920000076293945,4.670000076293945,4.679999828338623,2212300,0.0,0.0
2022-02-04 00:00:00-05:00,4.690000057220459,4.860000133514404,4.630000114440918,4.800000190734863,1844900,0.0,0.0
2022-02-07 00:00:00-05:00,4.78000020980835,5.0,4.78000020980835,4.949999809265137,1793100,0.0,0.0
2022-02-08 00:00:00-05:00,4.900000095367432,4.960000038146973,4.710000038146973,4.920000076293945,1795100,0.0,0.0
2022-02-09 00:00:00-05:00,4.96999979019165,5.28000020980835,4.96999979019165,5.269999980926514,2369500,0.0,0.0
2022-02-10 00:00:00-05:00,5.050000190734863,5.420000076293945,4.929999828338623,5.03000020980835,3260800,0.0,0.0
2022-02-11 00:00:00-05:00,5.03000020980835,5.269999980926514,4.860000133514404,4.889999866485596,2011900,0.0,0.0
2022-02-14 00:00:00-05:00,4.880000114440918,5.0,4.659999847412109,4.670000076293945,2070400,0.0,0.0
2022-02-15 00:00:00-05:00,4.840000152587891,5.099999904632568,4.800000190734863,5.070000171661377,2430500,0.0,0.0
2022-02-16 00:00:00-05:00,5.0,5.090000152587891,4.849999904632568,5.039999961853027,1320100,0.0,0.0
2022-02-17 00:00:00-05:00,5.019999980926514,5.070000171661377,4.71999979019165,4.739999771118164,2011300,0.0,0.0
2022-02-18 00:00:00-05:00,4.739999771118164,4.880000114440918,4.610000133514404,4.75,2085000,0.0,0.0
2022-02-22 00:00:00-05:00,4.730000019073486,4.849999904632568,4.610000133514404,4.679999828338623,1789900,0.0,0.0
2022-02-23 00:00:00-05:00,4.75,4.75,4.380000114440918,4.380000114440918,2362400,0.0,0.0
2022-02-24 00:00:00-05:00,3.9800000190734863,5.079999923706055,3.9100000858306885,5.079999923706055,4672500,0.0,0.0
2022-02-25 00:00:00-05:00,4.880000114440918,5.28000020980835,4.78000020980835,5.210000038146973,2905500,0.0,0.0
2022-02-28 00:00:00-05:00,5.190000057220459,5.260000228881836,5.0,5.079999923706055,2476100,0.0,0.0
2022-03-01 00:00:00-05:00,5.059999942779541,5.25,4.880000114440918,4.940000057220459,2137000,0.0,0.0
2022-03-02 00:00:00-05:00,4.940000057220459,5.050000190734863,4.800000190734863,4.889999866485596,1732900,0.0,0.0
2022-03-03 00:00:00-05:00,4.96999979019165,4.989999771118164,4.619999885559082,4.690000057220459,2682100,0.0,0.0
2022-03-04 00:00:00-05:00,4.619999885559082,4.820000171661377,4.380000114440918,4.380000114440918,2483100,0.0,0.0
2022-03-07 00:00:00-05:00,4.340000152587891,4.53000020980835,4.25,4.329999923706055,2813900,0.0,0.0
2022-03-08 00:00:00-05:00,4.260000228881836,4.559999942779541,4.119999885559082,4.380000114440918,2760900,0.0,0.0
2022-03-09 00:00:00-05:00,4.5,4.789999961853027,4.46999979019165,4.760000228881836,3075900,0.0,0.0
2022-03-10 00:00:00-05:00,4.679999828338623,4.789999961853027,4.550000190734863,4.789999961853027,1755400,0.0,0.0
2022-03-11 00:00:00-05:00,4.800000190734863,4.840000152587891,4.449999809265137,4.460000038146973,2068300,0.0,0.0
2022-03-14 00:00:00-04:00,4.489999771118164,4.690000057220459,4.260000228881836,4.289999961853027,2564200,0.0,0.0
2022-03-15 00:00:00-04:00,4.329999923706055,4.5,4.210000038146973,4.460000038146973,1887700,0.0,0.0
2022-03-16 00:00:00-04:00,4.539999961853027,4.730000019073486,4.389999866485596,4.730000019073486,3396400,0.0,0.0
2022-03-17 00:00:00-04:00,4.679999828338623,5.059999942779541,4.619999885559082,5.059999942779541,2553600,0.0,0.0
2022-03-18 00:00:00-04:00,5.0,5.429999828338623,4.96999979019165,5.260000228881836,4277800,0.0,0.0
2022-03-21 00:00:00-04:00,5.210000038146973,5.25,4.96999979019165,5.0,2535600,0.0,0.0
2022-03-22 00:00:00-04:00,5.119999885559082,5.320000171661377,5.03000020980835,5.199999809265137,3099500,0.0,0.0
2022-03-23 00:00:00-04:00,5.150000095367432,5.269999980926514,5.03000020980835,5.050000190734863,2323400,0.0,0.0
2022-03-24 00:00:00-04:00,5.079999923706055,5.269999980926514,5.050000190734863,5.230000019073486,1831400,0.0,0.0
2022-03-25 00:00:00-04:00,5.210000038146973,5.289999961853027,4.989999771118164,4.989999771118164,1899500,0.0,0.0
2022-03-28 00:00:00-04:00,5.050000190734863,5.25,4.949999809265137,5.090000152587891,1787200,0.0,0.0
2022-03-29 00:00:00-04:00,5.150000095367432,5.260000228881836,5.079999923706055,5.230000019073486,2809700,0.0,0.0
2022-03-30 00:00:00-04:00,5.199999809265137,5.300000190734863,4.989999771118164,4.989999771118164,2354200,0.0,0.0
2022-03-31 00:00:00-04:00,5.050000190734863,5.190000057220459,5.010000228881836,5.039999961853027,1872800,0.0,0.0
2022-04-01 00:00:00-04:00,5.050000190734863,5.25,5.0,5.199999809265137,2348200,0.0,0.0
2022-04-04 00:00:00-04:00,5.199999809265137,5.320000171661377,5.130000114440918,5.28000020980835,2279500,0.0,0.0
2022-04-05 00:00:00-04:00,5.25,5.320000171661377,5.0,5.079999923706055,2938500,0.0,0.0
2022-04-06 00:00:00-04:00,4.949999809265137,5.119999885559082,4.849999904632568,5.010000228881836,1868000,0.0,0.0
2022-04-07 00:00:00-04:00,4.960000038146973,5.079999923706055,4.699999809265137,4.849999904632568,1760600,0.0,0.0
2022-04-08 00:00:00-04:00,4.860000133514404,4.949999809265137,4.699999809265137,4.710000038146973,1606800,0.0,0.0
2022-04-11 00:00:00-04:00,4.659999847412109,4.800000190734863,4.570000171661377,4.630000114440918,1840100,0.0,0.0
2022-04-12 00:00:00-04:00,4.730000019073486,4.840000152587891,4.579999923706055,4.659999847412109,1546400,0.0,0.0
2022-04-13 00:00:00-04:00,4.730000019073486,4.909999847412109,4.639999866485596,4.880000114440918,1731400,0.0,0.0
2022-04-14 00:00:00-04:00,4.829999923706055,4.880000114440918,4.659999847412109,4.659999847412109,1515400,0.0,0.0
2022-04-18 00:00:00-04:00,4.650000095367432,4.690000057220459,4.409999847412109,4.420000076293945,2913300,0.0,0.0
2022-04-19 00:00:00-04:00,4.409999847412109,4.579999923706055,4.309999942779541,4.489999771118164,1899900,0.0,0.0
2022-04-20 00:00:00-04:00,4.53000020980835,4.550000190734863,4.340000152587891,4.480000019073486,1265700,0.0,0.0
2022-04-21 00:00:00-04:00,4.480000019073486,4.480000019073486,4.0,4.010000228881836,3630200,0.0,0.0
2022-04-22 00:00:00-04:00,4.0,4.050000190734863,3.8299999237060547,3.859999895095825,2314600,0.0,0.0
2022-04-25 00:00:00-04:00,3.809999942779541,3.9800000190734863,3.809999942779541,3.9700000286102295,2032800,0.0,0.0
2022-04-26 00:00:00-04:00,3.9200000762939453,4.0,3.609999895095825,3.609999895095825,3458200,0.0,0.0
2022-04-27 00:00:00-04:00,3.559999942779541,3.759999990463257,3.549999952316284,3.5999999046325684,2060300,0.0,0.0
2022-04-28 00:00:00-04:00,3.640000104904175,3.740000009536743,3.430000066757202,3.690000057220459,2593700,0.0,0.0
2022-04-29 00:00:00-04:00,3.640000104904175,3.8399999141693115,3.4800000190734863,3.4800000190734863,2851500,0.0,0.0
2022-05-02 00:00:00-04:00,3.450000047683716,3.7899999618530273,3.440000057220459,3.7899999618530273,3106900,0.0,0.0
2022-05-03 00:00:00-04:00,3.759999990463257,3.9700000286102295,3.700000047683716,3.9100000858306885,2004500,0.0,0.0
2022-05-04 00:00:00-04:00,3.9000000953674316,4.090000152587891,3.6500000953674316,4.090000152587891,2492800,0.0,0.0
2022-05-05 00:00:00-04:00,4.019999980926514,4.019999980926514,3.609999895095825,3.759999990463257,2856200,0.0,0.0
2022-05-06 00:00:00-04:00,3.7100000381469727,3.7100000381469727,3.5,3.559999942779541,2666500,0.0,0.0
2022-05-09 00:00:00-04:00,3.4800000190734863,3.5,3.109999895095825,3.1600000858306885,4563200,0.0,0.0
2022-05-10 00:00:00-04:00,2.9700000286102295,3.319999933242798,2.9100000858306885,3.2200000286102295,5319300,0.0,0.0
2022-05-11 00:00:00-04:00,3.109999895095825,3.109999895095825,2.7100000381469727,2.7300000190734863,3873200,0.0,0.0
2022-05-12 00:00:00-04:00,2.490000009536743,2.990000009536743,2.490000009536743,2.890000104904175,5108200,0.0,0.0
2022-05-13 00:00:00-04:00,2.9700000286102295,3.380000114440918,2.890000104904175,3.3399999141693115,4402600,0.0,0.0
2022-05-16 00:00:00-04:00,3.3299999237060547,3.380000114440918,3.109999895095825,3.130000114440918,2876800,0.0,0.0
2022-05-17 00:00:00-04:00,3.25,3.380000114440918,3.1600000858306885,3.380000114440918,3140900,0.0,0.0
2022-05-18 00:00:00-04:00,3.2699999809265137,3.3299999237060547,3.0399999618530273,3.1600000858306885,2799500,0.0,0.0
2022-05-19 00:00:00-04:00,3.109999895095825,3.549999952316284,3.0799999237060547,3.5199999809265137,3335200,0.0,0.0
2022-05-20 00:00:00-04:00,3.559999942779541,3.740000009536743,3.3299999237060547,3.7200000286102295,3742400,0.0,0.0
2022-05-23 00:00:00-04:00,3.75,3.759999990463257,3.3499999046325684,3.369999885559082,2642400,0.0,0.0
2022-05-24 00:00:00-04:00,3.319999933242798,3.390000104904175,3.180000066757202,3.240000009536743,2360100,0.0,0.0
2022-05-25 00:00:00-04:00,3.240000009536743,3.380000114440918,3.2100000381469727,3.3399999141693115,1786500,0.0,0.0
2022-05-26 00:00:00-04:00,3.319999933242798,3.5,3.309999942779541,3.4000000953674316,1765200,0.0,0.0
2022-05-27 00:00:00-04:00,3.450000047683716,3.75,3.359999895095825,3.7300000190734863,3158900,0.0,0.0
2022-05-31 00:00:00-04:00,3.7200000286102295,3.8299999237060547,3.609999895095825,3.640000104904175,3364200,0.0,0.0
2022-06-01 00:00:00-04:00,3.6700000762939453,3.7200000286102295,3.359999895095825,3.450000047683716,2099500,0.0,0.0
2022-06-02 00:00:00-04:00,3.4100000858306885,3.5899999141693115,3.359999895095825,3.5299999713897705,1885700,0.0,0.0
2022-06-03 00:00:00-04:00,3.5,3.700000047683716,3.4200000762939453,3.6500000953674316,2814800,0.0,0.0
2022-06-06 00:00:00-04:00,3.6700000762939453,3.8399999141693115,3.380000114440918,3.430000066757202,2697900,0.0,0.0
2022-06-07 00:00:00-04:00,3.380000114440918,3.75,3.369999885559082,3.740000009536743,2952800,0.0,0.0
2022-06-08 00:00:00-04:00,3.640000104904175,3.869999885559082,3.630000114440918,3.740000009536743,1732700,0.0,0.0
2022-06-09 00:00:00-04:00,3.7100000381469727,3.7300000190734863,3.4600000381469727,3.4600000381469727,2094300,0.0,0.0
2022-06-10 00:00:00-04:00,3.4600000381469727,3.4700000286102295,3.1700000762939453,3.2100000381469727,3130900,0.0,0.0
2022-06-13 00:00:00-04:00,3.009999990463257,3.0799999237060547,2.740000009536743,2.8299999237060547,3443300,0.0,0.0
2022-06-14 00:00:00-04:00,2.869999885559082,2.869999885559082,2.700000047683716,2.809999942779541,2029300,0.0,0.0
2022-06-15 00:00:00-04:00,2.8399999141693115,2.9600000381469727,2.7100000381469727,2.9200000762939453,3073100,0.0,0.0
2022-06-16 00:00:00-04:00,2.809999942779541,2.8399999141693115,2.619999885559082,2.700000047683716,2556200,0.0,0.0
2022-06-17 00:00:00-04:00,2.7300000190734863,3.130000114440918,2.700000047683716,3.119999885559082,7821900,0.0,0.0
2022-06-21 00:00:00-04:00,3.1700000762939453,3.4700000286102295,3.0799999237060547,3.3299999237060547,3414400,0.0,0.0
2022-06-22 00:00:00-04:00,3.2200000286102295,3.619999885559082,3.180000066757202,3.430000066757202,2779600,0.0,0.0
2022-06-23 00:00:00-04:00,3.4200000762939453,3.690000057220459,3.4200000762939453,3.690000057220459,2775000,0.0,0.0
2022-06-24 00:00:00-04:00,3.7699999809265137,3.8499999046325684,3.549999952316284,3.7799999713897705,5129500,0.0,0.0
2022-06-27 00:00:00-04:00,3.75,3.759999990463257,3.5899999141693115,3.6500000953674316,1961900,0.0,0.0
2022-06-28 00:00:00-04:00,3.640000104904175,3.75,3.430000066757202,3.4800000190734863,1958400,0.0,0.0
2022-06-29 00:00:00-04:00,3.450000047683716,3.5999999046325684,3.319999933242798,3.5199999809265137,1740900,0.0,0.0
2022-06-30 00:00:00-04:00,3.4100000858306885,3.619999885559082,3.4000000953674316,3.5,1733500,0.0,0.0
2022-07-01 00:00:00-04:00,3.490000009536743,3.75,3.4700000286102295,3.75,2057700,0.0,0.0
2022-07-05 00:00:00-04:00,3.6700000762939453,4.190000057220459,3.640000104904175,4.179999828338623,3091900,0.0,0.0
2022-07-06 00:00:00-04:00,4.190000057220459,4.400000095367432,4.130000114440918,4.28000020980835,2755000,0.0,0.0
2022-07-07 00:00:00-04:00,4.289999961853027,4.53000020980835,4.269999980926514,4.5,2874700,0.0,0.0
2022-07-08 00:00:00-04:00,4.420000076293945,4.489999771118164,4.340000152587891,4.480000019073486,1720200,0.0,0.0
2022-07-11 00:00:00-04:00,4.449999809265137,4.5,4.21999979019165,4.239999771118164,1982300,0.0,0.0
2022-07-12 00:00:00-04:00,4.28000020980835,4.409999847412109,4.039999961853027,4.329999923706055,2364900,0.0,0.0
2022-07-13 00:00:00-04:00,4.179999828338623,4.460000038146973,4.130000114440918,4.409999847412109,2124300,0.0,0.0
2022-07-14 00:00:00-04:00,4.369999885559082,4.420000076293945,4.190000057220459,4.210000038146973,1530100,0.0,0.0
2022-07-15 00:00:00-04:00,4.349999904632568,4.349999904632568,4.079999923706055,4.28000020980835,1331800,0.0,0.0
2022-07-18 00:00:00-04:00,4.329999923706055,4.460000038146973,3.75,3.7899999618530273,4715900,0.0,0.0
2022-07-19 00:00:00-04:00,3.799999952316284,4.070000171661377,3.700000047683716,3.9600000381469727,3148400,0.0,0.0
2022-07-20 00:00:00-04:00,4.059999942779541,4.389999866485596,4.03000020980835,4.260000228881836,4096600,0.0,0.0
2022-07-21 00:00:00-04:00,4.230000019073486,4.320000171661377,4.079999923706055,4.119999885559082,2122800,0.0,0.0
2022-07-22 00:00:00-04:00,4.199999809265137,4.199999809265137,3.740000009536743,3.740000009536743,2470400,0.0,0.0
2022-07-25 00:00:00-04:00,3.819999933242798,3.819999933242798,3.640000104904175,3.75,1230600,0.0,0.0
2022-07-26 00:00:00-04:00,3.690000057220459,3.880000114440918,3.6500000953674316,3.759999990463257,1978000,0.0,0.0
2022-07-27 00:00:00-04:00,3.799999952316284,3.819999933242798,3.6600000858306885,3.799999952316284,2289900,0.0,0.0
2022-07-28 00:00:00-04:00,3.7799999713897705,3.8299999237060547,3.609999895095825,3.700000047683716,1458700,0.0,0.0
2022-07-29 00:00:00-04:00,3.6700000762939453,3.690000057220459,3.5799999237060547,3.680000066757202,1653100,0.0,0.0
2022-08-01 00:00:00-04:00,3.630000114440918,3.799999952316284,3.569999933242798,3.5799999237060547,1689300,0.0,0.0
2022-08-02 00:00:00-04:00,3.559999942779541,3.8299999237060547,3.5299999713897705,3.759999990463257,1703700,0.0,0.0
2022-08-03 00:00:00-04:00,3.7899999618530273,3.940000057220459,3.75,3.809999942779541,2730300,0.0,0.0
2022-08-04 00:00:00-04:00,3.8499999046325684,3.9800000190734863,3.7699999809265137,3.9100000858306885,2537400,0.0,0.0
2022-08-05 00:00:00-04:00,3.8499999046325684,4.139999866485596,3.7799999713897705,4.110000133514404,4449000,0.0,0.0
2022-08-08 00:00:00-04:00,4.070000171661377,4.340000152587891,4.019999980926514,4.289999961853027,3965200,0.0,0.0
2022-08-09 00:00:00-04:00,3.9800000190734863,4.389999866485596,3.8499999046325684,4.25,3445100,0.0,0.0
2022-08-10 00:00:00-04:00,4.320000171661377,4.480000019073486,4.28000020980835,4.460000038146973,2790900,0.0,0.0
2022-08-11 00:00:00-04:00,4.449999809265137,4.619999885559082,4.0,4.070000171661377,3567600,0.0,0.0
2022-08-12 00:00:00-04:00,4.090000152587891,4.170000076293945,4.010000228881836,4.159999847412109,2728500,0.0,0.0
2022-08-15 00:00:00-04:00,4.079999923706055,4.360000133514404,4.079999923706055,4.349999904632568,1827700,0.0,0.0
2022-08-16 00:00:00-04:00,4.329999923706055,4.340000152587891,4.119999885559082,4.159999847412109,2079600,0.0,0.0
2022-08-17 00:00:00-04:00,4.130000114440918,4.190000057220459,3.990000009536743,4.03000020980835,1890100,0.0,0.0
2022-08-18 00:00:00-04:00,4.039999961853027,4.039999961853027,3.7899999618530273,3.880000114440918,1928000,0.0,0.0
2022-08-19 00:00:00-04:00,3.819999933242798,3.869999885559082,3.619999885559082,3.6500000953674316,1802200,0.0,0.0
2022-08-22 00:00:00-04:00,3.5799999237060547,3.7300000190734863,3.359999895095825,3.4000000953674316,2569800,0.0,0.0
2022-08-23 00:00:00-04:00,3.4200000762939453,3.5899999141693115,3.380000114440918,3.509999990463257,1694600,0.0,0.0
2022-08-24 00:00:00-04:00,3.509999990463257,3.640000104904175,3.440000057220459,3.549999952316284,1707500,0.0,0.0
2022-08-25 00:00:00-04:00,3.569999933242798,3.619999885559082,3.3299999237060547,3.359999895095825,1937500,0.0,0.0
2022-08-26 00:00:00-04:00,3.3499999046325684,3.359999895095825,3.0399999618530273,3.059999942779541,3263100,0.0,0.0
2022-08-29 00:00:00-04:00,3.069999933242798,3.190000057220459,2.9700000286102295,3.0,2818800,0.0,0.0
2022-08-30 00:00:00-04:00,3.049999952316284,3.119999885559082,2.930000066757202,2.990000009536743,1708900,0.0,0.0
2022-08-31 00:00:00-04:00,3.0299999713897705,3.1500000953674316,3.009999990463257,3.0999999046325684,2299300,0.0,0.0
2022-09-01 00:00:00-04:00,3.0299999713897705,3.1700000762939453,2.9100000858306885,3.1500000953674316,5247000,0.0,0.0
2022-09-02 00:00:00-04:00,3.0799999237060547,3.0999999046325684,2.8499999046325684,2.8499999046325684,3109300,0.0,0.0
2022-09-06 00:00:00-04:00,2.880000114440918,2.890000104904175,2.700000047683716,2.740000009536743,2643800,0.0,0.0
2022-09-07 00:00:00-04:00,2.7200000286102295,2.859999895095825,2.7200000286102295,2.8299999237060547,3413500,0.0,0.0
2022-09-08 00:00:00-04:00,2.7799999713897705,2.9100000858306885,2.759999990463257,2.859999895095825,2730400,0.0,0.0
2022-09-09 00:00:00-04:00,2.890000104904175,2.940000057220459,2.819999933242798,2.869999885559082,1640600,0.0,0.0
2022-09-12 00:00:00-04:00,2.890000104904175,2.940000057220459,2.8399999141693115,2.890000104904175,2080500,0.0,0.0
2022-09-13 00:00:00-04:00,2.8499999046325684,2.869999885559082,2.6500000953674316,2.680000066757202,3004900,0.0,0.0
2022-09-14 00:00:00-04:00,2.680000066757202,2.7899999618530273,2.6500000953674316,2.7200000286102295,2903200,0.0,0.0
2022-09-15 00:00:00-04:00,2.7100000381469727,2.819999933242798,2.690000057220459,2.759999990463257,2208300,0.0,0.0
2022-09-16 00:00:00-04:00,2.700000047683716,2.7300000190734863,2.509999990463257,2.5899999141693115,5831200,0.0,0.0
2022-09-19 00:00:00-04:00,2.5299999713897705,2.549999952316284,2.3499999046325684,2.4200000762939453,3579800,0.0,0.0
2022-09-20 00:00:00-04:00,2.359999895095825,2.450000047683716,2.2699999809265137,2.309999942779541,2379800,0.0,0.0
2022-09-21 00:00:00-04:00,2.309999942779541,2.369999885559082,2.190000057220459,2.190000057220459,3616200,0.0,0.0
2022-09-22 00:00:00-04:00,2.1600000858306885,2.2100000381469727,2.109999895095825,2.180000066757202,3072700,0.0,0.0
2022-09-23 00:00:00-04:00,2.140000104904175,2.1600000858306885,2.0199999809265137,2.0999999046325684,4179200,0.0,0.0
2022-09-26 00:00:00-04:00,2.0999999046325684,2.2799999713897705,2.0799999237060547,2.0899999141693115,2236900,0.0,0.0
2022-09-27 00:00:00-04:00,2.1500000953674316,2.2300000190734863,2.119999885559082,2.1700000762939453,2837900,0.0,0.0
2022-09-28 00:00:00-04:00,2.200000047683716,2.3499999046325684,2.190000057220459,2.3299999237060547,3385100,0.0,0.0
2022-09-29 00:00:00-04:00,2.2799999713897705,2.299999952316284,2.0899999141693115,2.130000114440918,2709300,0.0,0.0
2022-09-30 00:00:00-04:00,2.0899999141693115,2.309999942779541,2.0899999141693115,2.180000066757202,2224700,0.0,0.0
2022-10-03 00:00:00-04:00,2.240000009536743,2.25,2.059999942779541,2.1500000953674316,2639900,0.0,0.0
2022-10-04 00:00:00-04:00,2.1700000762939453,2.259999990463257,2.1500000953674316,2.240000009536743,2947500,0.0,0.0
2022-10-05 00:00:00-04:00,2.190000057220459,2.2300000190734863,2.0399999618530273,2.140000104904175,1908200,0.0,0.0
2022-10-06 00:00:00-04:00,2.0999999046325684,2.1700000762939453,1.9700000286102295,1.9900000095367432,4671900,0.0,0.0
2022-10-07 00:00:00-04:00,1.9299999475479126,1.9900000095367432,1.899999976158142,1.9299999475479126,3938700,0.0,0.0
2022-10-10 00:00:00-04:00,1.9199999570846558,1.9199999570846558,1.7999999523162842,1.8200000524520874,3752700,0.0,0.0
2022-10-11 00:00:00-04:00,1.8200000524520874,1.9600000381469727,1.7100000381469727,1.850000023841858,4290400,0.0,0.0
2022-10-12 00:00:00-04:00,1.840000033378601,1.8700000047683716,1.7000000476837158,1.75,2803500,0.0,0.0
2022-10-13 00:00:00-04:00,1.7300000190734863,1.840000033378601,1.659999966621399,1.8300000429153442,2562100,0.0,0.0
2022-10-14 00:00:00-04:00,1.850000023841858,1.8899999856948853,1.690000057220459,1.7000000476837158,2359600,0.0,0.0
2022-10-17 00:00:00-04:00,1.7200000286102295,1.809999942779541,1.7100000381469727,1.7899999618530273,3013600,0.0,0.0
2022-10-18 00:00:00-04:00,1.840000033378601,1.850000023841858,1.690000057220459,1.7200000286102295,2551500,0.0,0.0
2022-10-19 00:00:00-04:00,1.7100000381469727,1.7400000095367432,1.590000033378601,1.6100000143051147,4117400,0.0,0.0
2022-10-20 00:00:00-04:00,1.6200000047683716,1.7100000381469727,1.600000023841858,1.6100000143051147,2155100,0.0,0.0
2022-10-21 00:00:00-04:00,1.6200000047683716,1.6799999475479126,1.5700000524520874,1.6699999570846558,3090600,0.0,0.0
2022-10-24 00:00:00-04:00,1.659999966621399,1.6699999570846558,1.559999942779541,1.6100000143051147,2067800,0.0,0.0
2022-10-25 00:00:00-04:00,1.6299999952316284,1.7200000286102295,1.6100000143051147,1.7000000476837158,3031600,0.0,0.0
2022-10-26 00:00:00-04:00,1.7400000095367432,1.8200000524520874,1.6799999475479126,1.7000000476837158,2377800,0.0,0.0
2022-10-27 00:00:00-04:00,1.7300000190734863,1.7599999904632568,1.649999976158142,1.659999966621399,2258400,0.0,0.0
2022-10-28 00:00:00-04:00,1.659999966621399,1.7400000095367432,1.6299999952316284,1.7300000190734863,3218900,0.0,0.0
2022-10-31 00:00:00-04:00,1.7200000286102295,1.7300000190734863,1.649999976158142,1.6699999570846558,2209800,0.0,0.0
2022-11-01 00:00:00-04:00,1.7000000476837158,1.7799999713897705,1.6100000143051147,1.6200000047683716,3631300,0.0,0.0
2022-11-02 00:00:00-04:00,1.6100000143051147,1.6799999475479126,1.5399999618530273,1.5399999618530273,3541800,0.0,0.0
2022-11-03 00:00:00-04:00,1.5099999904632568,1.5700000524520874,1.4800000190734863,1.4800000190734863,3103900,0.0,0.0
2022-11-04 00:00:00-04:00,1.5199999809265137,1.5199999809265137,1.409999966621399,1.4700000286102295,3510500,0.0,0.0
2022-11-07 00:00:00-05:00,1.5099999904632568,1.5299999713897705,1.4199999570846558,1.4299999475479126,2709700,0.0,0.0
2022-11-08 00:00:00-05:00,1.4800000190734863,1.4800000190734863,1.350000023841858,1.3899999856948853,3396500,0.0,0.0
2022-11-09 00:00:00-05:00,1.4500000476837158,1.590000033378601,1.2599999904632568,1.2599999904632568,4433900,0.0,0.0
2022-11-10 00:00:00-05:00,1.2699999809265137,1.600000023841858,1.2699999809265137,1.5499999523162842,8143500,0.0,0.0
2022-11-11 00:00:00-05:00,1.5800000429153442,1.690000057220459,1.5099999904632568,1.659999966621399,5442900,0.0,0.0
2022-11-14 00:00:00-05:00,1.649999976158142,1.7300000190734863,1.5800000429153442,1.590000033378601,4074400,0.0,0.0
2022-11-15 00:00:00-05:00,1.6399999856948853,1.659999966621399,1.5499999523162842,1.590000033378601,3059000,0.0,0.0
2022-11-16 00:00:00-05:00,1.5499999523162842,1.5700000524520874,1.3899999856948853,1.4299999475479126,3850100,0.0,0.0
2022-11-17 00:00:00-05:00,1.4299999475479126,1.4299999475479126,1.340000033378601,1.399999976158142,2421600,0.0,0.0
2022-11-18 00:00:00-05:00,1.4500000476837158,1.4500000476837158,1.3200000524520874,1.3600000143051147,1878800,0.0,0.0
2022-11-21 00:00:00-05:00,1.3600000143051147,1.3700000047683716,1.3300000429153442,1.340000033378601,1252700,0.0,0.0
2022-11-22 00:00:00-05:00,1.340000033378601,1.3600000143051147,1.2999999523162842,1.3600000143051147,1844900,0.0,0.0
2022-11-23 00:00:00-05:00,1.340000033378601,1.3799999952316284,1.2999999523162842,1.2999999523162842,1954600,0.0,0.0
2022-11-25 00:00:00-05:00,1.309999942779541,1.3200000524520874,1.2699999809265137,1.2799999713897705,993800,0.0,0.0
2022-11-28 00:00:00-05:00,1.2599999904632568,1.2999999523162842,1.2200000286102295,1.2300000190734863,2772000,0.0,0.0
2022-11-29 00:00:00-05:00,1.2300000190734863,1.2699999809265137,1.2200000286102295,1.2300000190734863,1988500,0.0,0.0
2022-11-30 00:00:00-05:00,1.2400000095367432,1.25,1.1100000143051147,1.1799999475479126,6069300,0.0,0.0
2022-12-01 00:00:00-05:00,1.2000000476837158,1.2000000476837158,1.1200000047683716,1.1699999570846558,3837100,0.0,0.0
2022-12-02 00:00:00-05:00,1.1699999570846558,1.2999999523162842,1.149999976158142,1.2999999523162842,3840700,0.0,0.0
2022-12-05 00:00:00-05:00,1.309999942779541,1.309999942779541,1.1399999856948853,1.1699999570846558,3353600,0.0,0.0
2022-12-06 00:00:00-05:00,1.1699999570846558,1.1699999570846558,1.0700000524520874,1.0800000429153442,3390200,0.0,0.0
2022-12-07 00:00:00-05:00,1.0700000524520874,1.1200000047683716,1.0499999523162842,1.090000033378601,2040900,0.0,0.0
2022-12-08 00:00:00-05:00,1.090000033378601,1.1399999856948853,1.0499999523162842,1.1399999856948853,2349800,0.0,0.0
2022-12-09 00:00:00-05:00,1.149999976158142,1.1799999475479126,1.0199999809265137,1.0299999713897705,2846800,0.0,0.0
2022-12-12 00:00:00-05:00,1.0099999904632568,1.0700000524520874,0.9300000071525574,1.0499999523162842,5612300,0.0,0.0
2022-12-13 00:00:00-05:00,1.090000033378601,1.190000057220459,1.059999942779541,1.1799999475479126,5066100,0.0,0.0
2022-12-14 00:00:00-05:00,1.1699999570846558,1.2300000190734863,1.1299999952316284,1.190000057220459,4697800,0.0,0.0
2022-12-15 00:00:00-05:00,1.149999976158142,1.1699999570846558,1.100000023841858,1.1100000143051147,4912000,0.0,0.0
2022-12-16 00:00:00-05:00,1.0700000524520874,1.1200000047683716,1.0499999523162842,1.059999942779541,25343100,0.0,0.0
2022-12-19 00:00:00-05:00,1.0299999713897705,1.0499999523162842,0.8999999761581421,0.9100000262260437,6743300,0.0,0.0
2022-12-20 00:00:00-05:00,0.8999999761581421,0.9399999976158142,0.8500000238418579,0.9200000166893005,3609100,0.0,0.0
2022-12-21 00:00:00-05:00,0.9399999976158142,0.9700000286102295,0.9100000262260437,0.9200000166893005,2249800,0.0,0.0
2022-12-22 00:00:00-05:00,0.8999999761581421,0.9100000262260437,0.8600000143051147,0.8999999761581421,1922600,0.0,0.0
2022-12-23 00:00:00-05:00,0.8799999952316284,0.8999999761581421,0.8100000023841858,0.8299999833106995,2130300,0.0,0.0
2022-12-27 00:00:00-05:00,0.8299999833106995,0.8399999737739563,0.7400000095367432,0.75,4046100,0.0,0.0
2022-12-28 00:00:00-05:00,0.75,0.7799999713897705,0.7300000190734863,0.7799999713897705,2313200,0.0,0.0
2022-12-29 00:00:00-05:00,0.8199999928474426,0.9599999785423279,0.800000011920929,0.949999988079071,4170400,0.0,0.0
2022-12-30 00:00:00-05:00,0.9399999976158142,0.9700000286102295,0.8899999856948853,0.9599999785423279,3783200,0.0,0.0
2023-01-03 00:00:00-05:00,0.9900000095367432,1.0299999713897705,0.9100000262260437,0.9399999976158142,2515300,0.0,0.0
2023-01-04 00:00:00-05:00,0.949999988079071,1.100000023841858,0.9399999976158142,1.0399999618530273,2399200,0.0,0.0
2023-01-05 00:00:00-05:00,1.0700000524520874,1.0700000524520874,0.949999988079071,0.9700000286102295,3330900,0.0,0.0
2023-01-06 00:00:00-05:00,1.0,1.0199999809265137,0.9200000166893005,0.9700000286102295,1850700,0.0,0.0
2023-01-09 00:00:00-05:00,1.0,1.059999942779541,0.9700000286102295,0.9700000286102295,2283700,0.0,0.0
2023-01-10 00:00:00-05:00,1.0,1.0800000429153442,0.9800000190734863,1.059999942779541,1468900,0.0,0.0
2023-01-11 00:00:00-05:00,1.0800000429153442,1.159999966621399,1.0299999713897705,1.149999976158142,2374900,0.0,0.0
2023-01-12 00:00:00-05:00,1.149999976158142,1.25,1.1100000143051147,1.25,3003200,0.0,0.0
2023-01-13 00:00:00-05:00,1.2400000095367432,1.2599999904632568,1.1299999952316284,1.1699999570846558,2374800,0.0,0.0
2023-01-17 00:00:00-05:00,1.1399999856948853,1.1699999570846558,1.059999942779541,1.0800000429153442,2134500,0.0,0.0
2023-01-18 00:00:00-05:00,1.0700000524520874,1.2000000476837158,1.0299999713897705,1.0700000524520874,2549000,0.0,0.0
2023-01-19 00:00:00-05:00,1.090000033378601,1.1100000143051147,1.0499999523162842,1.059999942779541,2075400,0.0,0.0
2023-01-20 00:00:00-05:00,1.0800000429153442,1.149999976158142,1.0800000429153442,1.1299999952316284,1454400,0.0,0.0
2023-01-23 00:00:00-05:00,1.149999976158142,1.159999966621399,1.100000023841858,1.100000023841858,1726600,0.0,0.0
2023-01-24 00:00:00-05:00,1.100000023841858,1.1399999856948853,1.0800000429153442,1.0800000429153442,1089600,0.0,0.0
2023-01-25 00:00:00-05:00,1.0700000524520874,1.1399999856948853,1.0399999618530273,1.1100000143051147,1571100,0.0,0.0
2023-01-26 00:00:00-05:00,1.1399999856948853,1.1799999475479126,1.059999942779541,1.0800000429153442,1601800,0.0,0.0
2023-01-27 00:00:00-05:00,1.0700000524520874,1.1299999952316284,1.059999942779541,1.1100000143051147,1408200,0.0,0.0
2023-01-30 00:00:00-05:00,1.090000033378601,1.1100000143051147,1.059999942779541,1.0700000524520874,1180500,0.0,0.0
2023-01-31 00:00:00-05:00,1.0700000524520874,1.100000023841858,1.059999942779541,1.0800000429153442,902500,0.0,0.0
2023-02-01 00:00:00-05:00,1.0800000429153442,1.1100000143051147,1.059999942779541,1.090000033378601,1845400,0.0,0.0
2023-02-02 00:00:00-05:00,1.100000023841858,1.1699999570846558,1.0700000524520874,1.100000023841858,2242400,0.0,0.0
2023-02-03 00:00:00-05:00,1.100000023841858,1.1299999952316284,1.0700000524520874,1.0800000429153442,1933700,0.0,0.0
2023-02-06 00:00:00-05:00,1.0800000429153442,1.1100000143051147,1.059999942779541,1.0700000524520874,1336400,0.0,0.0
2023-02-07 00:00:00-05:00,1.0700000524520874,1.0800000429153442,1.0299999713897705,1.0700000524520874,1148100,0.0,0.0
2023-02-08 00:00:00-05:00,1.059999942779541,1.0700000524520874,1.0,1.0,1393100,0.0,0.0
2023-02-09 00:00:00-05:00,1.0,1.0199999809265137,0.9200000166893005,0.9200000166893005,2180100,0.0,0.0
2023-02-10 00:00:00-05:00,0.9399999976158142,0.9599999785423279,0.9100000262260437,0.9399999976158142,1063300,0.0,0.0
2023-02-13 00:00:00-05:00,0.949999988079071,0.9700000286102295,0.8999999761581421,0.9100000262260437,1049900,0.0,0.0
2023-02-14 00:00:00-05:00,0.9300000071525574,1.0299999713897705,0.8799999952316284,0.9399999976158142,2846600,0.0,0.0
2023-02-15 00:00:00-05:00,0.9399999976158142,0.9900000095367432,0.8999999761581421,0.9800000190734863,1230700,0.0,0.0
2023-02-16 00:00:00-05:00,0.9800000190734863,1.0199999809265137,0.9599999785423279,0.9800000190734863,1351900,0.0,0.0
2023-02-17 00:00:00-05:00,1.0099999904632568,1.0199999809265137,0.9399999976158142,0.9900000095367432,813900,0.0,0.0
2023-02-21 00:00:00-05:00,0.9900000095367432,1.0,0.9300000071525574,0.9399999976158142,963200,0.0,0.0
2023-02-22 00:00:00-05:00,0.9300000071525574,0.949999988079071,0.8999999761581421,0.9200000166893005,898800,0.0,0.0
2023-02-23 00:00:00-05:00,0.9200000166893005,0.9399999976158142,0.8600000143051147,0.8799999952316284,1212500,0.0,0.0
2023-02-24 00:00:00-05:00,0.8700000047683716,0.8999999761581421,0.8100000023841858,0.8100000023841858,1433300,0.0,0.0
2023-02-27 00:00:00-05:00,0.8199999928474426,0.8399999737739563,0.7699999809265137,0.7799999713897705,1414700,0.0,0.0
2023-02-28 00:00:00-05:00,0.7799999713897705,0.8100000023841858,0.7599999904632568,0.7799999713897705,1195100,0.0,0.0
2023-03-01 00:00:00-05:00,0.7699999809265137,0.800000011920929,0.75,0.7699999809265137,1306600,0.0,0.0
2023-03-02 00:00:00-05:00,0.7799999713897705,0.8899999856948853,0.75,0.8700000047683716,4638400,0.0,0.0
2023-03-03 00:00:00-05:00,0.8799999952316284,0.8999999761581421,0.8500000238418579,0.8700000047683716,1218500,0.0,0.0
2023-03-06 00:00:00-05:00,0.8799999952316284,0.8799999952316284,0.800000011920929,0.8100000023841858,1487300,0.0,0.0
2023-03-07 00:00:00-05:00,0.800000011920929,0.8700000047683716,0.800000011920929,0.8299999833106995,1280000,0.0,0.0
2023-03-08 00:00:00-05:00,0.8500000238418579,0.8600000143051147,0.8100000023841858,0.8199999928474426,1348800,0.0,0.0
2023-03-09 00:00:00-05:00,0.8299999833106995,0.8299999833106995,0.7300000190734863,0.7400000095367432,2531300,0.0,0.0
2023-03-10 00:00:00-05:00,0.7400000095367432,0.7699999809265137,0.7400000095367432,0.7599999904632568,1235000,0.0,0.0
2023-03-13 00:00:00-04:00,0.7699999809265137,0.8199999928474426,0.7699999809265137,0.800000011920929,1240000,0.0,0.0
2023-03-14 00:00:00-04:00,0.800000011920929,0.800000011920929,0.7699999809265137,0.7900000214576721,1019400,0.0,0.0
2023-03-15 00:00:00-04:00,0.800000011920929,0.800000011920929,0.75,0.7599999904632568,1397100,0.0,0.0
2023-03-16 00:00:00-04:00,0.7400000095367432,0.800000011920929,0.7300000190734863,0.7900000214576721,1093100,0.0,0.0
2023-03-17 00:00:00-04:00,0.7900000214576721,0.8100000023841858,0.75,0.7799999713897705,1755900,0.0,0.0
2023-03-20 00:00:00-04:00,0.75,0.7599999904632568,0.699999988079071,0.7099999785423279,1936600,0.0,0.0
2023-03-21 00:00:00-04:00,0.699999988079071,0.75,0.699999988079071,0.75,1063300,0.0,0.0
2023-03-22 00:00:00-04:00,0.75,0.7699999809265137,0.7400000095367432,0.7400000095367432,847200,0.0,0.0
2023-03-23 00:00:00-04:00,0.75,0.7599999904632568,0.7300000190734863,0.75,1011200,0.0,0.0
2023-03-24 00:00:00-04:00,0.75,0.7699999809265137,0.7300000190734863,0.7599999904632568,691200,0.0,0.0
2023-03-27 00:00:00-04:00,0.7599999904632568,0.7599999904632568,0.7400000095367432,0.7599999904632568,1023900,0.0,0.0
2023-03-28 00:00:00-04:00,0.7599999904632568,0.7799999713897705,0.7400000095367432,0.75,1016500,0.0,0.0
2023-03-29 00:00:00-04:00,0.7799999713897705,0.8100000023841858,0.7599999904632568,0.800000011920929,992000,0.0,0.0
2023-03-30 00:00:00-04:00,0.8100000023841858,0.8299999833106995,0.75,0.7599999904632568,996000,0.0,0.0
2023-03-31 00:00:00-04:00,0.7599999904632568,0.7699999809265137,0.7400000095367432,0.7599999904632568,833100,0.0,0.0
2023-04-03 00:00:00-04:00,0.7599999904632568,0.7799999713897705,0.7400000095367432,0.7599999904632568,556600,0.0,0.0
2023-04-04 00:00:00-04:00,0.75,0.7599999904632568,0.7300000190734863,0.7300000190734863,1101800,0.0,0.0
2023-04-05 00:00:00-04:00,0.7300000190734863,0.7599999904632568,0.7200000286102295,0.7400000095367432,783400,0.0,0.0
2023-04-06 00:00:00-04:00,0.7300000190734863,0.75,0.7300000190734863,0.7400000095367432,563300,0.0,0.0
2023-04-10 00:00:00-04:00,0.7200000286102295,0.7300000190734863,0.6200000047683716,0.6299999952316284,3442800,0.0,0.0
2023-04-11 00:00:00-04:00,0.6399999856948853,0.6600000262260437,0.6100000143051147,0.6100000143051147,1566900,0.0,0.0
2023-04-12 00:00:00-04:00,0.6200000047683716,0.6200000047683716,0.5600000023841858,0.6000000238418579,1859900,0.0,0.0
2023-04-13 00:00:00-04:00,0.6000000238418579,0.6800000071525574,0.5899999737739563,0.6800000071525574,1753000,0.0,0.0
2023-04-14 00:00:00-04:00,0.6899999976158142,0.7099999785423279,0.6399999856948853,0.6600000262260437,1139200,0.0,0.0
2023-04-17 00:00:00-04:00,0.6600000262260437,0.7099999785423279,0.6499999761581421,0.6899999976158142,929700,0.0,0.0
2023-04-18 00:00:00-04:00,0.6899999976158142,0.7099999785423279,0.6600000262260437,0.6899999976158142,681100,0.0,0.0
2023-04-19 00:00:00-04:00,0.6800000071525574,0.7200000286102295,0.6700000166893005,0.7200000286102295,915200,0.0,0.0
2023-04-20 00:00:00-04:00,0.7200000286102295,0.7200000286102295,0.6600000262260437,0.6800000071525574,845200,0.0,0.0
2023-04-21 00:00:00-04:00,0.699999988079071,0.7099999785423279,0.6800000071525574,0.7099999785423279,816500,0.0,0.0
2023-04-24 00:00:00-04:00,0.7099999785423279,0.7300000190734863,0.699999988079071,0.7200000286102295,575700,0.0,0.0
2023-04-25 00:00:00-04:00,0.7200000286102295,0.75,0.7200000286102295,0.7300000190734863,728200,0.0,0.0
2023-04-26 00:00:00-04:00,0.7300000190734863,0.7400000095367432,0.7099999785423279,0.7200000286102295,613500,0.0,0.0
2023-04-27 00:00:00-04:00,0.7200000286102295,0.7699999809265137,0.7200000286102295,0.7699999809265137,746800,0.0,0.0
2023-04-28 00:00:00-04:00,0.7699999809265137,0.8199999928474426,0.7599999904632568,0.8100000023841858,1141100,0.0,0.0
2023-05-01 00:00:00-04:00,0.8199999928474426,0.8299999833106995,0.7799999713897705,0.8100000023841858,855300,0.0,0.0
2023-05-02 00:00:00-04:00,0.8199999928474426,0.8299999833106995,0.8100000023841858,0.8299999833106995,882400,0.0,0.0
2023-05-03 00:00:00-04:00,0.8299999833106995,0.9100000262260437,0.8299999833106995,0.8700000047683716,1460100,0.0,0.0
2023-05-04 00:00:00-04:00,0.8999999761581421,0.9300000071525574,0.8500000238418579,0.8600000143051147,965500,0.0,0.0
2023-05-05 00:00:00-04:00,0.800000011920929,0.8999999761581421,0.800000011920929,0.8700000047683716,663100,0.0,0.0
2023-05-08 00:00:00-04:00,0.8899999856948853,0.8999999761581421,0.8500000238418579,0.8600000143051147,530700,0.0,0.0
2023-05-09 00:00:00-04:00,0.8600000143051147,0.8899999856948853,0.8199999928474426,0.8700000047683716,962200,0.0,0.0
2023-05-10 00:00:00-04:00,0.8700000047683716,1.0299999713897705,0.8700000047683716,1.0099999904632568,2212800,0.0,0.0
2023-05-11 00:00:00-04:00,0.9599999785423279,1.100000023841858,0.9599999785423279,1.0399999618530273,2196900,0.0,0.0
2023-05-12 00:00:00-04:00,1.0399999618530273,1.100000023841858,1.0199999809265137,1.0499999523162842,1038300,0.0,0.0
2023-05-15 00:00:00-04:00,1.0700000524520874,1.4800000190734863,1.059999942779541,1.3700000047683716,8808600,0.0,0.0
2023-05-16 00:00:00-04:00,1.3799999952316284,1.590000033378601,1.2300000190734863,1.2699999809265137,6525700,0.0,0.0
2023-05-17 00:00:00-04:00,1.2699999809265137,1.3899999856948853,1.190000057220459,1.3700000047683716,2588200,0.0,0.0
2023-05-18 00:00:00-04:00,1.350000023841858,1.3799999952316284,1.2400000095367432,1.2999999523162842,1889400,0.0,0.0
2023-05-19 00:00:00-04:00,1.350000023841858,1.5,1.2999999523162842,1.340000033378601,2769600,0.0,0.0
2023-05-22 00:00:00-04:00,1.350000023841858,1.5,1.350000023841858,1.409999966621399,2509800,0.0,0.0
2023-05-23 00:00:00-04:00,1.409999966621399,1.4299999475479126,1.340000033378601,1.399999976158142,2301800,0.0,0.0
2023-05-24 00:00:00-04:00,1.4199999570846558,1.440000057220459,1.2799999713897705,1.2899999618530273,2021600,0.0,0.0
2023-05-25 00:00:00-04:00,1.2899999618530273,1.309999942779541,1.2100000381469727,1.2100000381469727,1235600,0.0,0.0
2023-05-26 00:00:00-04:00,1.2100000381469727,1.25,1.1699999570846558,1.2000000476837158,1474800,0.0,0.0
2023-05-30 00:00:00-04:00,1.25,1.350000023841858,1.1799999475479126,1.2300000190734863,1777300,0.0,0.0
2023-05-31 00:00:00-04:00,1.2400000095367432,1.2599999904632568,1.1799999475479126,1.2200000286102295,1164800,0.0,0.0
2023-06-01 00:00:00-04:00,1.2000000476837158,1.2699999809265137,1.190000057220459,1.25,1168600,0.0,0.0
2023-06-02 00:00:00-04:00,1.2599999904632568,1.2899999618530273,1.190000057220459,1.2599999904632568,1511500,0.0,0.0
2023-06-05 00:00:00-04:00,1.25,1.3700000047683716,1.2300000190734863,1.2699999809265137,1720800,0.0,0.0
2023-06-06 00:00:00-04:00,1.3200000524520874,1.3300000429153442,1.2000000476837158,1.2400000095367432,2912900,0.0,0.0
2023-06-07 00:00:00-04:00,0.9100000262260437,0.9200000166893005,0.8700000047683716,0.8999999761581421,12846300,0.0,0.0
2023-06-08 00:00:00-04:00,0.9200000166893005,0.9200000166893005,0.8799999952316284,0.8999999761581421,4108500,0.0,0.0
2023-06-09 00:00:00-04:00,0.8899999856948853,0.9100000262260437,0.8299999833106995,0.8500000238418579,4051300,0.0,0.0
2023-06-12 00:00:00-04:00,0.8600000143051147,0.8999999761581421,0.8399999737739563,0.8799999952316284,1989200,0.0,0.0
2023-06-13 00:00:00-04:00,0.8600000143051147,0.8999999761581421,0.8500000238418579,0.8899999856948853,2422300,0.0,0.0
2023-06-14 00:00:00-04:00,0.9300000071525574,0.9300000071525574,0.8500000238418579,0.8700000047683716,2064300,0.0,0.0
2023-06-15 00:00:00-04:00,0.8700000047683716,0.8799999952316284,0.8399999737739563,0.8700000047683716,1631900,0.0,0.0
2023-06-16 00:00:00-04:00,0.8899999856948853,0.9700000286102295,0.8700000047683716,0.9599999785423279,6311800,0.0,0.0
2023-06-20 00:00:00-04:00,0.9599999785423279,0.9900000095367432,0.9200000166893005,0.9399999976158142,2498600,0.0,0.0
2023-06-21 00:00:00-04:00,0.9300000071525574,0.9399999976158142,0.8600000143051147,0.9200000166893005,1780900,0.0,0.0
2023-06-22 00:00:00-04:00,0.8999999761581421,0.9800000190734863,0.8799999952316284,0.9700000286102295,1780500,0.0,0.0
2023-06-23 00:00:00-04:00,0.949999988079071,0.9599999785423279,0.8799999952316284,0.8799999952316284,17924700,0.0,0.0
2023-06-26 00:00:00-04:00,0.8799999952316284,0.8999999761581421,0.7400000095367432,0.7400000095367432,4726100,0.0,0.0
2023-06-27 00:00:00-04:00,0.7599999904632568,0.7599999904632568,0.699999988079071,0.7300000190734863,2565200,0.0,0.0
2023-06-28 00:00:00-04:00,0.75,0.7799999713897705,0.7300000190734863,0.7599999904632568,1270600,0.0,0.0
2023-06-29 00:00:00-04:00,0.7799999713897705,0.7799999713897705,0.7300000190734863,0.7599999904632568,1278700,0.0,0.0
2023-06-30 00:00:00-04:00,0.75,0.7599999904632568,0.7300000190734863,0.7300000190734863,2035300,0.0,0.0
2023-07-03 00:00:00-04:00,0.7400000095367432,0.75,0.699999988079071,0.7200000286102295,1295700,0.0,0.0
2023-07-05 00:00:00-04:00,0.7400000095367432,0.75,0.7200000286102295,0.7300000190734863,1109700,0.0,0.0
2023-07-06 00:00:00-04:00,0.7300000190734863,0.7599999904632568,0.6800000071525574,0.7200000286102295,1823400,0.0,0.0
2023-07-07 00:00:00-04:00,0.7300000190734863,0.7400000095367432,0.6899999976158142,0.7200000286102295,1923500,0.0,0.0
2023-07-10 00:00:00-04:00,0.7200000286102295,0.7699999809265137,0.7099999785423279,0.7599999904632568,2116400,0.0,0.0
2023-07-11 00:00:00-04:00,0.7599999904632568,0.7699999809265137,0.75,0.7699999809265137,610100,0.0,0.0
2023-07-12 00:00:00-04:00,0.7699999809265137,0.7799999713897705,0.75,0.7799999713897705,1017600,0.0,0.0
2023-07-13 00:00:00-04:00,0.7900000214576721,0.7900000214576721,0.7699999809265137,0.7900000214576721,843300,0.0,0.0
2023-07-14 00:00:00-04:00,0.7699999809265137,0.7900000214576721,0.75,0.7699999809265137,1491900,0.0,0.0
2023-07-17 00:00:00-04:00,0.7799999713897705,0.7900000214576721,0.7599999904632568,0.7599999904632568,778300,0.0,0.0
2023-07-18 00:00:00-04:00,0.7699999809265137,0.7900000214576721,0.7599999904632568,0.7799999713897705,813800,0.0,0.0
2023-07-19 00:00:00-04:00,0.7900000214576721,0.8299999833106995,0.7699999809265137,0.8199999928474426,2265400,0.0,0.0
2023-07-20 00:00:00-04:00,0.8199999928474426,0.8299999833106995,0.7900000214576721,0.7900000214576721,972100,0.0,0.0
2023-07-21 00:00:00-04:00,0.8100000023841858,0.8299999833106995,0.7799999713897705,0.8299999833106995,981100,0.0,0.0
2023-07-24 00:00:00-04:00,0.8299999833106995,0.8299999833106995,0.7599999904632568,0.7900000214576721,1150700,0.0,0.0
2023-07-25 00:00:00-04:00,0.7900000214576721,0.800000011920929,0.7599999904632568,0.7699999809265137,853500,0.0,0.0
2023-07-26 00:00:00-04:00,0.7599999904632568,0.7799999713897705,0.7300000190734863,0.7699999809265137,855700,0.0,0.0
2023-07-27 00:00:00-04:00,0.7900000214576721,0.7900000214576721,0.7400000095367432,0.75,1207800,0.0,0.0
2023-07-28 00:00:00-04:00,0.75,0.7900000214576721,0.75,0.7900000214576721,737400,0.0,0.0
2023-07-31 00:00:00-04:00,0.7900000214576721,0.8199999928474426,0.7900000214576721,0.8199999928474426,1083800,0.0,0.0
2023-08-01 00:00:00-04:00,0.8199999928474426,0.8199999928474426,0.7699999809265137,0.7799999713897705,685700,0.0,0.0
2023-08-02 00:00:00-04:00,0.7799999713897705,0.7900000214576721,0.7400000095367432,0.7599999904632568,1002500,0.0,0.0
2023-08-03 00:00:00-04:00,0.7799999713897705,0.7900000214576721,0.75,0.75,549300,0.0,0.0
2023-08-04 00:00:00-04:00,0.75,0.7900000214576721,0.7200000286102295,0.7699999809265137,718300,0.0,0.0
2023-08-07 00:00:00-04:00,0.7599999904632568,0.7699999809265137,0.699999988079071,0.7200000286102295,1251700,0.0,0.0
2023-08-08 00:00:00-04:00,0.7200000286102295,0.7300000190734863,0.7099999785423279,0.7300000190734863,629800,0.0,0.0
2023-08-09 00:00:00-04:00,0.7200000286102295,0.75,0.7099999785423279,0.7400000095367432,843200,0.0,0.0
2023-08-10 00:00:00-04:00,0.75,0.75,0.699999988079071,0.7099999785423279,1051100,0.0,0.0
2023-08-11 00:00:00-04:00,0.7099999785423279,0.7200000286102295,0.6800000071525574,0.6899999976158142,1336600,0.0,0.0
2023-08-14 00:00:00-04:00,0.7099999785423279,0.7200000286102295,0.6700000166893005,0.7200000286102295,1336600,0.0,0.0
2023-08-15 00:00:00-04:00,0.699999988079071,0.699999988079071,0.6800000071525574,0.699999988079071,740500,0.0,0.0
2023-08-16 00:00:00-04:00,0.6800000071525574,0.7099999785423279,0.6700000166893005,0.699999988079071,1008800,0.0,0.0
2023-08-17 00:00:00-04:00,0.7099999785423279,0.7200000286102295,0.6800000071525574,0.6899999976158142,1026900,0.0,0.0
2023-08-18 00:00:00-04:00,0.699999988079071,0.7200000286102295,0.6899999976158142,0.7099999785423279,941900,0.0,0.0
2023-08-21 00:00:00-04:00,0.7099999785423279,0.8500000238418579,0.7099999785423279,0.7900000214576721,4527500,0.0,0.0
2023-08-22 00:00:00-04:00,0.800000011920929,0.8500000238418579,0.7799999713897705,0.8199999928474426,1953900,0.0,0.0
2023-08-23 00:00:00-04:00,0.8299999833106995,0.8500000238418579,0.8100000023841858,0.8399999737739563,1000000,0.0,0.0
2023-08-24 00:00:00-04:00,0.8500000238418579,0.8500000238418579,0.7699999809265137,0.800000011920929,1084700,0.0,0.0
2023-08-25 00:00:00-04:00,0.7900000214576721,0.8100000023841858,0.7799999713897705,0.7900000214576721,747000,0.0,0.0
2023-08-28 00:00:00-04:00,0.8100000023841858,0.8299999833106995,0.7799999713897705,0.8199999928474426,698200,0.0,0.0
2023-08-29 00:00:00-04:00,0.8199999928474426,0.8500000238418579,0.800000011920929,0.8500000238418579,1280900,0.0,0.0
2023-08-30 00:00:00-04:00,0.8399999737739563,0.8500000238418579,0.800000011920929,0.8100000023841858,457700,0.0,0.0
2023-08-31 00:00:00-04:00,0.800000011920929,0.8399999737739563,0.800000011920929,0.8199999928474426,527900,0.0,0.0
2023-09-01 00:00:00-04:00,0.8399999737739563,0.8500000238418579,0.800000011920929,0.8299999833106995,538000,0.0,0.0
2023-09-05 00:00:00-04:00,0.8299999833106995,0.8500000238418579,0.8199999928474426,0.8299999833106995,477500,0.0,0.0
2023-09-06 00:00:00-04:00,0.8399999737739563,0.8399999737739563,0.800000011920929,0.800000011920929,570000,0.0,0.0
2023-09-07 00:00:00-04:00,0.7900000214576721,0.800000011920929,0.7099999785423279,0.7400000095367432,1508100,0.0,0.0
2023-09-08 00:00:00-04:00,0.7400000095367432,0.8299999833106995,0.7400000095367432,0.7799999713897705,1572400,0.0,0.0
2023-09-11 00:00:00-04:00,0.800000011920929,0.8100000023841858,0.7699999809265137,0.7900000214576721,442600,0.0,0.0
2023-09-12 00:00:00-04:00,0.7900000214576721,0.7900000214576721,0.7400000095367432,0.7699999809265137,663600,0.0,0.0
2023-09-13 00:00:00-04:00,0.7799999713897705,0.800000011920929,0.7599999904632568,0.7599999904632568,462700,0.0,0.0
2023-09-14 00:00:00-04:00,0.7699999809265137,0.7799999713897705,0.7400000095367432,0.7400000095367432,707500,0.0,0.0
2023-09-15 00:00:00-04:00,0.7699999809265137,0.7699999809265137,0.7099999785423279,0.7099999785423279,1709000,0.0,0.0
2023-09-18 00:00:00-04:00,0.7400000095367432,0.7400000095367432,0.7099999785423279,0.7200000286102295,715400,0.0,0.0
2023-09-19 00:00:00-04:00,0.7200000286102295,0.7300000190734863,0.7099999785423279,0.7099999785423279,443300,0.0,0.0
2023-09-20 00:00:00-04:00,0.7300000190734863,0.75,0.7099999785423279,0.7400000095367432,390400,0.0,0.0
2023-09-21 00:00:00-04:00,0.7300000190734863,0.7400000095367432,0.7099999785423279,0.7099999785423279,383700,0.0,0.0
2023-09-22 00:00:00-04:00,0.7200000286102295,0.7200000286102295,0.6899999976158142,0.7099999785423279,629500,0.0,0.0
2023-09-25 00:00:00-04:00,0.699999988079071,0.7300000190734863,0.6700000166893005,0.7200000286102295,947600,0.0,0.0
2023-09-26 00:00:00-04:00,0.7099999785423279,0.75,0.699999988079071,0.7099999785423279,483200,0.0,0.0
2023-09-27 00:00:00-04:00,0.7200000286102295,0.7400000095367432,0.7099999785423279,0.7200000286102295,520800,0.0,0.0
2023-09-28 00:00:00-04:00,0.7200000286102295,0.7699999809265137,0.7200000286102295,0.75,982300,0.0,0.0
2023-09-29 00:00:00-04:00,0.7599999904632568,0.7699999809265137,0.7099999785423279,0.75,486400,0.0,0.0
2023-10-02 00:00:00-04:00,0.7400000095367432,0.75,0.699999988079071,0.7400000095367432,550200,0.0,0.0
2023-10-03 00:00:00-04:00,0.7099999785423279,0.7300000190734863,0.699999988079071,0.7099999785423279,630600,0.0,0.0
2023-10-04 00:00:00-04:00,0.7099999785423279,0.7300000190734863,0.6800000071525574,0.699999988079071,859700,0.0,0.0
2023-10-05 00:00:00-04:00,0.699999988079071,0.7200000286102295,0.6700000166893005,0.6800000071525574,705100,0.0,0.0
2023-10-06 00:00:00-04:00,0.699999988079071,0.7300000190734863,0.6800000071525574,0.7200000286102295,477200,0.0,0.0
2023-10-09 00:00:00-04:00,0.699999988079071,0.7099999785423279,0.6899999976158142,0.6899999976158142,277200,0.0,0.0
2023-10-10 00:00:00-04:00,0.6899999976158142,0.7300000190734863,0.6899999976158142,0.7200000286102295,467200,0.0,0.0
2023-10-11 00:00:00-04:00,0.7200000286102295,0.7200000286102295,0.6899999976158142,0.699999988079071,470400,0.0,0.0
2023-10-12 00:00:00-04:00,0.699999988079071,0.699999988079071,0.6700000166893005,0.6899999976158142,744100,0.0,0.0
2023-10-13 00:00:00-04:00,0.6700000166893005,0.6899999976158142,0.6499999761581421,0.6700000166893005,926600,0.0,0.0
2023-10-16 00:00:00-04:00,0.6600000262260437,0.6800000071525574,0.6299999952316284,0.6700000166893005,987800,0.0,0.0
2023-10-17 00:00:00-04:00,0.6499999761581421,0.7300000190734863,0.6499999761581421,0.7200000286102295,891800,0.0,0.0
2023-10-18 00:00:00-04:00,0.699999988079071,0.7200000286102295,0.6800000071525574,0.699999988079071,495400,0.0,0.0
2023-10-19 00:00:00-04:00,0.699999988079071,0.7099999785423279,0.6800000071525574,0.699999988079071,544800,0.0,0.0
2023-10-20 00:00:00-04:00,0.6800000071525574,0.699999988079071,0.6399999856948853,0.6800000071525574,659200,0.0,0.0
2023-10-23 00:00:00-04:00,0.6499999761581421,0.6700000166893005,0.6399999856948853,0.6600000262260437,461100,0.0,0.0
2023-10-24 00:00:00-04:00,0.6499999761581421,0.6700000166893005,0.6100000143051147,0.6499999761581421,1016900,0.0,0.0
2023-10-25 00:00:00-04:00,0.6499999761581421,0.6700000166893005,0.6100000143051147,0.6499999761581421,621400,0.0,0.0
2023-10-26 00:00:00-04:00,0.6299999952316284,0.6700000166893005,0.6100000143051147,0.6600000262260437,807500,0.0,0.0
2023-10-27 00:00:00-04:00,0.6399999856948853,0.6899999976158142,0.6399999856948853,0.6700000166893005,580200,0.0,0.0
2023-10-30 00:00:00-04:00,0.6899999976158142,0.7099999785423279,0.6399999856948853,0.6600000262260437,1116000,0.0,0.0
2023-10-31 00:00:00-04:00,0.6399999856948853,0.6700000166893005,0.6399999856948853,0.6600000262260437,405900,0.0,0.0
2023-11-01 00:00:00-04:00,0.6600000262260437,0.6600000262260437,0.5799999833106995,0.6499999761581421,1076600,0.0,0.0
2023-11-02 00:00:00-04:00,0.6299999952316284,0.6800000071525574,0.6299999952316284,0.6700000166893005,520800,0.0,0.0
2023-11-03 00:00:00-04:00,0.6399999856948853,0.7200000286102295,0.6100000143051147,0.699999988079071,1250300,0.0,0.0
2023-11-06 00:00:00-05:00,0.6899999976158142,0.7300000190734863,0.6800000071525574,0.7200000286102295,374800,0.0,0.0
2023-11-07 00:00:00-05:00,0.7200000286102295,0.75,0.6800000071525574,0.7300000190734863,491900,0.0,0.0
2023-11-08 00:00:00-05:00,0.75,0.800000011920929,0.7300000190734863,0.7599999904632568,1494000,0.0,0.0
2023-11-09 00:00:00-05:00,0.7599999904632568,0.7699999809265137,0.6800000071525574,0.7300000190734863,718200,0.0,0.0
2023-11-10 00:00:00-05:00,0.7099999785423279,0.75,0.6899999976158142,0.75,565900,0.0,0.0
2023-11-13 00:00:00-05:00,0.75,0.75,0.6899999976158142,0.7200000286102295,672100,0.0,0.0
2023-11-14 00:00:00-05:00,0.7099999785423279,0.7799999713897705,0.7099999785423279,0.7699999809265137,770200,0.0,0.0
2023-11-15 00:00:00-05:00,0.75,0.8899999856948853,0.75,0.8500000238418579,2014800,0.0,0.0
2023-11-16 00:00:00-05:00,0.8500000238418579,0.8600000143051147,0.7699999809265137,0.800000011920929,743000,0.0,0.0
2023-11-17 00:00:00-05:00,0.800000011920929,0.8100000023841858,0.7900000214576721,0.800000011920929,253100,0.0,0.0
2023-11-20 00:00:00-05:00,0.7799999713897705,0.8500000238418579,0.7699999809265137,0.7799999713897705,407000,0.0,0.0
2023-11-21 00:00:00-05:00,0.7599999904632568,0.7799999713897705,0.75,0.7699999809265137,299800,0.0,0.0
2023-11-22 00:00:00-05:00,0.7599999904632568,0.7699999809265137,0.7200000286102295,0.7200000286102295,387700,0.0,0.0
2023-11-24 00:00:00-05:00,0.7099999785423279,0.7300000190734863,0.699999988079071,0.7200000286102295,306600,0.0,0.0
2023-11-27 00:00:00-05:00,0.699999988079071,0.75,0.699999988079071,0.7400000095367432,512700,0.0,0.0
2023-11-28 00:00:00-05:00,0.7300000190734863,0.7300000190734863,0.699999988079071,0.7099999785423279,438500,0.0,0.0
2023-11-29 00:00:00-05:00,0.699999988079071,0.7300000190734863,0.6899999976158142,0.699999988079071,341800,0.0,0.0
2023-11-30 00:00:00-05:00,0.7099999785423279,0.75,0.7099999785423279,0.7200000286102295,599500,0.0,0.0
2023-12-01 00:00:00-05:00,0.7300000190734863,0.7300000190734863,0.699999988079071,0.7300000190734863,460000,0.0,0.0
2023-12-04 00:00:00-05:00,0.7200000286102295,0.7400000095367432,0.7099999785423279,0.7300000190734863,411300,0.0,0.0
2023-12-05 00:00:00-05:00,0.7200000286102295,0.7300000190734863,0.6899999976158142,0.7099999785423279,587000,0.0,0.0
2023-12-06 00:00:00-05:00,0.7099999785423279,0.7200000286102295,0.6899999976158142,0.6899999976158142,427800,0.0,0.0
2023-12-07 00:00:00-05:00,0.6899999976158142,0.7099999785423279,0.6899999976158142,0.699999988079071,311800,0.0,0.0
2023-12-08 00:00:00-05:00,0.6899999976158142,0.7099999785423279,0.6800000071525574,0.7099999785423279,448600,0.0,0.0
2023-12-11 00:00:00-05:00,0.699999988079071,0.7099999785423279,0.6800000071525574,0.6899999976158142,365500,0.0,0.0
2023-12-12 00:00:00-05:00,0.6700000166893005,0.6899999976158142,0.6600000262260437,0.6600000262260437,488000,0.0,0.0
2023-12-13 00:00:00-05:00,0.6800000071525574,0.6899999976158142,0.6499999761581421,0.6800000071525574,524300,0.0,0.0
2023-12-14 00:00:00-05:00,0.6600000262260437,0.6899999976158142,0.6600000262260437,0.6700000166893005,747300,0.0,0.0
2023-12-15 00:00:00-05:00,0.6600000262260437,0.6800000071525574,0.6299999952316284,0.6299999952316284,1028300,0.0,0.0
2023-12-18 00:00:00-05:00,0.6399999856948853,0.6499999761581421,0.6200000047683716,0.6200000047683716,542700,0.0,0.0
2023-12-19 00:00:00-05:00,0.6200000047683716,0.6299999952316284,0.5899999737739563,0.6100000143051147,1621100,0.0,0.0
2023-12-20 00:00:00-05:00,0.6000000238418579,0.6200000047683716,0.5899999737739563,0.6000000238418579,855800,0.0,0.0
2023-12-21 00:00:00-05:00,0.6100000143051147,0.6200000047683716,0.5799999833106995,0.6000000238418579,949500,0.0,0.0
2023-12-22 00:00:00-05:00,0.5799999833106995,0.6100000143051147,0.5600000023841858,0.5799999833106995,1104000,0.0,0.0
2023-12-26 00:00:00-05:00,0.6000000238418579,0.6200000047683716,0.5899999737739563,0.6000000238418579,740600,0.0,0.0
2023-12-27 00:00:00-05:00,0.6000000238418579,0.6100000143051147,0.5799999833106995,0.6000000238418579,861900,0.0,0.0
2023-12-28 00:00:00-05:00,0.5899999737739563,0.6000000238418579,0.5600000023841858,0.5699999928474426,1263500,0.0,0.0
2023-12-29 00:00:00-05:00,0.5699999928474426,0.5899999737739563,0.5299999713897705,0.5699999928474426,1464000,0.0,0.0
2024-01-02 00:00:00-05:00,0.5799999833106995,0.6499999761581421,0.550000011920929,0.6100000143051147,1533800,0.0,0.0
2024-01-03 00:00:00-05:00,0.6100000143051147,0.6100000143051147,0.5600000023841858,0.5600000023841858,1249200,0.0,0.0
2024-01-04 00:00:00-05:00,0.5600000023841858,0.5899999737739563,0.5600000023841858,0.5799999833106995,440100,0.0,0.0
2024-01-05 00:00:00-05:00,0.5699999928474426,0.5899999737739563,0.5600000023841858,0.5699999928474426,537100,0.0,0.0
2024-01-08 00:00:00-05:00,0.550000011920929,0.5699999928474426,0.550000011920929,0.5699999928474426,435700,0.0,0.0
2024-01-09 00:00:00-05:00,0.5600000023841858,0.6100000143051147,0.5600000023841858,0.6000000238418579,895000,0.0,0.0
2024-01-10 00:00:00-05:00,0.6100000143051147,0.6100000143051147,0.5699999928474426,0.5899999737739563,784900,0.0,0.0
2024-01-11 00:00:00-05:00,0.5899999737739563,0.6000000238418579,0.5600000023841858,0.5799999833106995,626500,0.0,0.0
2024-01-12 00:00:00-05:00,0.5699999928474426,0.5799999833106995,0.550000011920929,0.5600000023841858,471800,0.0,0.0
2024-01-16 00:00:00-05:00,0.6000000238418579,0.8500000238418579,0.5799999833106995,0.7200000286102295,13920900,0.0,0.0
2024-01-17 00:00:00-05:00,0.7400000095367432,0.8299999833106995,0.7300000190734863,0.7699999809265137,3847600,0.0,0.0
2024-01-18 00:00:00-05:00,0.7900000214576721,0.8600000143051147,0.7900000214576721,0.7900000214576721,2731700,0.0,0.0
2024-01-19 00:00:00-05:00,0.8100000023841858,0.8199999928474426,0.7200000286102295,0.7400000095367432,1980000,0.0,0.0
2024-01-22 00:00:00-05:00,0.75,0.8199999928474426,0.75,0.7699999809265137,889100,0.0,0.0
2024-01-23 00:00:00-05:00,0.800000011920929,0.8199999928474426,0.7699999809265137,0.800000011920929,1016800,0.0,0.0
2024-01-24 00:00:00-05:00,0.8100000023841858,0.8399999737739563,0.7799999713897705,0.800000011920929,1275200,0.0,0.0
2024-01-25 00:00:00-05:00,0.8100000023841858,0.8399999737739563,0.800000011920929,0.8199999928474426,919900,0.0,0.0
2024-01-26 00:00:00-05:00,0.8199999928474426,0.8799999952316284,0.8100000023841858,0.8700000047683716,2282900,0.0,0.0
2024-01-29 00:00:00-05:00,0.8999999761581421,0.8999999761581421,0.8600000143051147,0.8799999952316284,1516600,0.0,0.0
2024-01-30 00:00:00-05:00,0.9200000166893005,1.0199999809265137,0.8999999761581421,0.9800000190734863,6777600,0.0,0.0
2024-01-31 00:00:00-05:00,1.0199999809265137,1.2999999523162842,1.0199999809265137,1.1799999475479126,9610800,0.0,0.0
2024-02-01 00:00:00-05:00,1.2100000381469727,1.2699999809265137,1.100000023841858,1.2000000476837158,3093800,0.0,0.0
2024-02-02 00:00:00-05:00,1.2000000476837158,1.2200000286102295,1.100000023841858,1.2000000476837158,1830200,0.0,0.0
2024-02-05 00:00:00-05:00,1.2100000381469727,1.2599999904632568,1.1299999952316284,1.1699999570846558,1445000,0.0,0.0
2024-02-06 00:00:00-05:00,1.159999966621399,1.2000000476837158,1.0800000429153442,1.2000000476837158,2130600,0.0,0.0
2024-02-07 00:00:00-05:00,1.2000000476837158,1.2300000190734863,1.1699999570846558,1.190000057220459,1113200,0.0,0.0
2024-02-08 00:00:00-05:00,1.1799999475479126,1.2100000381469727,1.1200000047683716,1.1799999475479126,876400,0.0,0.0
2024-02-09 00:00:00-05:00,1.1799999475479126,1.2100000381469727,1.149999976158142,1.190000057220459,934800,0.0,0.0
2024-02-12 00:00:00-05:00,1.1799999475479126,1.340000033378601,1.1399999856948853,1.25,4189400,0.0,0.0
2024-02-13 00:00:00-05:00,1.2599999904632568,1.2599999904632568,1.159999966621399,1.190000057220459,1239000,0.0,0.0
2024-02-14 00:00:00-05:00,1.190000057220459,1.2000000476837158,1.149999976158142,1.190000057220459,1007200,0.0,0.0
2024-02-15 00:00:00-05:00,1.1699999570846558,1.190000057220459,1.149999976158142,1.1799999475479126,869200,0.0,0.0
2024-02-16 00:00:00-05:00,1.1699999570846558,1.2400000095367432,1.149999976158142,1.2000000476837158,1215300,0.0,0.0
2024-02-20 00:00:00-05:00,1.1699999570846558,1.25,1.1699999570846558,1.2300000190734863,1514300,0.0,0.0
2024-02-21 00:00:00-05:00,1.25,1.4500000476837158,1.25,1.409999966621399,5367800,0.0,0.0
2024-02-22 00:00:00-05:00,1.4500000476837158,1.5399999618530273,1.3799999952316284,1.399999976158142,4460600,0.0,0.0
2024-02-23 00:00:00-05:00,1.409999966621399,1.4299999475479126,1.2400000095367432,1.2699999809265137,2371800,0.0,0.0
2024-02-26 00:00:00-05:00,1.2599999904632568,1.2799999713897705,1.1799999475479126,1.2300000190734863,1906400,0.0,0.0
2024-02-27 00:00:00-05:00,1.2599999904632568,1.2899999618530273,1.2300000190734863,1.2699999809265137,1398100,0.0,0.0
2024-02-28 00:00:00-05:00,1.340000033378601,1.340000033378601,1.2699999809265137,1.2999999523162842,1313900,0.0,0.0
2024-02-29 00:00:00-05:00,1.2899999618530273,1.309999942779541,1.2100000381469727,1.2200000286102295,1231500,0.0,0.0
2024-03-01 00:00:00-05:00,1.25,1.2599999904632568,1.2200000286102295,1.25,1510400,0.0,0.0
2024-03-04 00:00:00-05:00,1.2300000190734863,1.2599999904632568,1.2000000476837158,1.2300000190734863,1230500,0.0,0.0
2024-03-05 00:00:00-05:00,1.2200000286102295,1.2400000095367432,1.149999976158142,1.2100000381469727,1299300,0.0,0.0
2024-03-06 00:00:00-05:00,1.2000000476837158,1.2400000095367432,1.1200000047683716,1.2000000476837158,1343300,0.0,0.0
2024-03-07 00:00:00-05:00,1.1399999856948853,1.2000000476837158,1.0700000524520874,1.1100000143051147,2104300,0.0,0.0
2024-03-08 00:00:00-05:00,1.1100000143051147,1.2200000286102295,1.1100000143051147,1.190000057220459,1798900,0.0,0.0
2024-03-11 00:00:00-04:00,1.190000057220459,1.25,1.149999976158142,1.149999976158142,1405800,0.0,0.0
2024-03-12 00:00:00-04:00,1.190000057220459,1.190000057220459,1.1100000143051147,1.1399999856948853,1018100,0.0,0.0
2024-03-13 00:00:00-04:00,1.1399999856948853,1.1699999570846558,1.1200000047683716,1.1299999952316284,997100,0.0,0.0
2024-03-14 00:00:00-04:00,1.1100000143051147,1.1299999952316284,1.090000033378601,1.100000023841858,1206300,0.0,0.0
2024-03-15 00:00:00-04:00,1.1100000143051147,1.159999966621399,1.0299999713897705,1.0800000429153442,2086300,0.0,0.0
2024-03-18 00:00:00-04:00,1.1100000143051147,1.159999966621399,1.0800000429153442,1.159999966621399,1158700,0.0,0.0
2024-03-19 00:00:00-04:00,1.159999966621399,1.2899999618530273,1.1399999856948853,1.159999966621399,2924400,0.0,0.0
2024-03-20 00:00:00-04:00,1.190000057220459,1.25,1.1699999570846558,1.2400000095367432,1492600,0.0,0.0
2024-03-21 00:00:00-04:00,1.2400000095367432,1.2699999809265137,1.2200000286102295,1.2300000190734863,1201700,0.0,0.0
2024-03-22 00:00:00-04:00,1.25,1.2799999713897705,1.1799999475479126,1.2599999904632568,1806500,0.0,0.0
2024-03-25 00:00:00-04:00,1.2799999713897705,1.2799999713897705,1.2200000286102295,1.2300000190734863,2289500,0.0,0.0
2024-03-26 00:00:00-04:00,1.2400000095367432,1.25,1.2100000381469727,1.2200000286102295,813400,0.0,0.0
2024-03-27 00:00:00-04:00,1.2200000286102295,1.309999942779541,1.2100000381469727,1.2899999618530273,1635100,0.0,0.0
2024-03-28 00:00:00-04:00,1.3300000429153442,1.409999966621399,1.2799999713897705,1.2999999523162842,2788500,0.0,0.0
2024-04-01 00:00:00-04:00,1.3300000429153442,1.340000033378601,1.25,1.2999999523162842,1551800,0.0,0.0
2024-04-02 00:00:00-04:00,1.2599999904632568,1.2799999713897705,1.2200000286102295,1.2400000095367432,1276600,0.0,0.0
2024-04-03 00:00:00-04:00,1.25,1.25,1.1799999475479126,1.2300000190734863,1173400,0.0,0.0
2024-04-04 00:00:00-04:00,1.2200000286102295,1.2999999523162842,1.0700000524520874,1.1299999952316284,4674300,0.0,0.0
2024-04-05 00:00:00-04:00,1.100000023841858,1.159999966621399,1.0099999904632568,1.0800000429153442,2015900,0.0,0.0
2024-04-08 00:00:00-04:00,1.059999942779541,1.1100000143051147,1.0099999904632568,1.0800000429153442,1524900,0.0,0.0
2024-04-09 00:00:00-04:00,1.100000023841858,1.100000023841858,1.0,1.0399999618530273,1433400,0.0,0.0
2024-04-10 00:00:00-04:00,1.0399999618530273,1.0399999618530273,1.0,1.0099999904632568,1176200,0.0,0.0
2024-04-11 00:00:00-04:00,1.0099999904632568,1.0399999618530273,0.9599999785423279,1.0399999618530273,1563400,0.0,0.0
2024-04-12 00:00:00-04:00,1.0,1.0399999618530273,0.8999999761581421,0.9100000262260437,2472800,0.0,0.0
2024-04-15 00:00:00-04:00,0.9300000071525574,0.949999988079071,0.8700000047683716,0.9100000262260437,1624800,0.0,0.0
2024-04-16 00:00:00-04:00,0.9100000262260437,0.9200000166893005,0.8600000143051147,0.8899999856948853,1279200,0.0,0.0
2024-04-17 00:00:00-04:00,0.8899999856948853,0.9100000262260437,0.8600000143051147,0.8700000047683716,1074600,0.0,0.0
2024-04-18 00:00:00-04:00,0.8600000143051147,0.8999999761581421,0.8299999833106995,0.8399999737739563,883500,0.0,0.0
2024-04-19 00:00:00-04:00,0.8199999928474426,0.8600000143051147,0.75,0.7599999904632568,1905600,0.0,0.0
2024-04-22 00:00:00-04:00,0.7799999713897705,0.800000011920929,0.7599999904632568,0.7599999904632568,937100,0.0,0.0
2024-04-23 00:00:00-04:00,0.7699999809265137,0.8199999928474426,0.7099999785423279,0.75,1586300,0.0,0.0
2024-04-24 00:00:00-04:00,0.7599999904632568,0.7599999904632568,0.699999988079071,0.7099999785423279,1463800,0.0,0.0
2024-04-25 00:00:00-04:00,0.699999988079071,0.7200000286102295,0.6299999952316284,0.6600000262260437,1940100,0.0,0.0
2024-04-26 00:00:00-04:00,0.699999988079071,0.7099999785423279,0.6600000262260437,0.7099999785423279,1321600,0.0,0.0
2024-04-29 00:00:00-04:00,0.7099999785423279,0.75,0.699999988079071,0.7099999785423279,1012600,0.0,0.0
2024-04-30 00:00:00-04:00,0.75,0.7699999809265137,0.6800000071525574,0.7099999785423279,1973600,0.0,0.0
2024-05-01 00:00:00-04:00,0.7099999785423279,0.7300000190734863,0.699999988079071,0.699999988079071,715900,0.0,0.0
2024-05-02 00:00:00-04:00,0.7200000286102295,0.75,0.6899999976158142,0.75,1243100,0.0,0.0
2024-05-03 00:00:00-04:00,0.75,0.75,0.6899999976158142,0.7300000190734863,2158400,0.0,0.0
2024-05-06 00:00:00-04:00,0.7400000095367432,0.7799999713897705,0.7300000190734863,0.7699999809265137,960700,0.0,0.0
2024-05-07 00:00:00-04:00,0.7699999809265137,0.7699999809265137,0.7200000286102295,0.7400000095367432,617300,0.0,0.0
2024-05-08 00:00:00-04:00,0.7300000190734863,0.7400000095367432,0.7099999785423279,0.7300000190734863,434300,0.0,0.0
2024-05-09 00:00:00-04:00,0.75,0.75,0.699999988079071,0.7300000190734863,930800,0.0,0.0
2024-05-10 00:00:00-04:00,0.7200000286102295,0.7400000095367432,0.6899999976158142,0.7099999785423279,1985400,0.0,0.0
2024-05-13 00:00:00-04:00,0.7200000286102295,0.8500000238418579,0.7099999785423279,0.8199999928474426,3119500,0.0,0.0
2024-05-14 00:00:00-04:00,0.8999999761581421,0.8999999761581421,0.800000011920929,0.8600000143051147,2327200,0.0,0.0
2024-05-15 00:00:00-04:00,0.8799999952316284,0.949999988079071,0.8600000143051147,0.9399999976158142,2136400,0.0,0.0
2024-05-16 00:00:00-04:00,1.0,1.059999942779541,0.9399999976158142,1.0199999809265137,3201600,0.0,0.0
2024-05-17 00:00:00-04:00,1.0399999618530273,1.0399999618530273,0.949999988079071,0.9599999785423279,1565100,0.0,0.0
2024-05-20 00:00:00-04:00,0.9599999785423279,0.9700000286102295,0.8600000143051147,0.8999999761581421,1593900,0.0,0.0
2024-05-21 00:00:00-04:00,0.8799999952316284,0.8899999856948853,0.8399999737739563,0.8600000143051147,767200,0.0,0.0
2024-05-22 00:00:00-04:00,0.9100000262260437,0.9900000095367432,0.8600000143051147,0.9900000095367432,2048800,0.0,0.0
2024-05-23 00:00:00-04:00,0.9900000095367432,0.9900000095367432,0.8799999952316284,0.8999999761581421,1034200,0.0,0.0
2024-05-24 00:00:00-04:00,0.9100000262260437,0.9100000262260437,0.8500000238418579,0.8700000047683716,929800,0.0,0.0
2024-05-28 00:00:00-04:00,0.8600000143051147,0.8899999856948853,0.7900000214576721,0.8299999833106995,1135500,0.0,0.0
2024-05-29 00:00:00-04:00,0.8299999833106995,0.8299999833106995,0.7799999713897705,0.8199999928474426,885800,0.0,0.0
2024-05-30 00:00:00-04:00,0.8199999928474426,0.8399999737739563,0.800000011920929,0.8100000023841858,518200,0.0,0.0
2024-05-31 00:00:00-04:00,0.8199999928474426,0.8600000143051147,0.8199999928474426,0.8199999928474426,981000,0.0,0.0
2024-06-03 00:00:00-04:00,0.8199999928474426,0.8399999737739563,0.7900000214576721,0.8299999833106995,916800,0.0,0.0
2024-06-04 00:00:00-04:00,0.8199999928474426,0.8399999737739563,0.7900000214576721,0.800000011920929,568600,0.0,0.0
2024-06-05 00:00:00-04:00,0.8100000023841858,0.8100000023841858,0.7599999904632568,0.7799999713897705,795200,0.0,0.0
2024-06-06 00:00:00-04:00,0.7699999809265137,0.8100000023841858,0.7599999904632568,0.800000011920929,888700,0.0,0.0
2024-06-07 00:00:00-04:00,0.7900000214576721,0.8100000023841858,0.7400000095367432,0.7699999809265137,985900,0.0,0.0
2024-06-10 00:00:00-04:00,0.800000011920929,0.8100000023841858,0.7599999904632568,0.800000011920929,606800,0.0,0.0
2024-06-11 00:00:00-04:00,0.800000011920929,0.800000011920929,0.75,0.7699999809265137,660000,0.0,0.0
2024-06-12 00:00:00-04:00,0.7900000214576721,0.800000011920929,0.75,0.7599999904632568,546600,0.0,0.0
2024-06-13 00:00:00-04:00,0.75,0.7799999713897705,0.7300000190734863,0.75,14913200,0.0,0.0
2024-06-14 00:00:00-04:00,0.75,0.7799999713897705,0.5600000023841858,0.5699999928474426,63048200,0.0,0.0
