Date,Open,High,Low,Close,Volume,Dividends,Stock Splits
2001-02-28 00:00:00+09:00,2006.4534198113208,2037.8042544958726,1630.243403596698,1661.59423828125,293600,0.0,0.0
2001-03-01 00:00:00+09:00,1645.9189714704241,1664.7294740015145,1395.1122710558832,1536.1910400390625,42000,0.0,0.0
2001-03-02 00:00:00+09:00,1536.190939670139,1551.8663574218751,1379.4367621527779,1410.78759765625,12600,0.0,0.0
2001-03-05 00:00:00+09:00,1426.4631652832031,1426.4631652832031,1301.059810093471,1316.7352294921875,4600,0.0,0.0
2001-03-06 00:00:00+09:00,1285.3845275125386,1301.0599485797648,1238.3582643108605,1269.7091064453125,19400,0.0,0.0
2001-03-07 00:00:00+09:00,1285.3842556423613,1442.1384331597224,1285.3842556423613,1410.78759765625,17000,0.0,0.0
2001-03-08 00:00:00+09:00,1395.1121410734447,1410.7875583888767,1332.410471811717,1344.9508056640625,4400,0.0,0.0
2001-03-09 00:00:00+09:00,1285.3845275125386,1285.3845275125386,1254.0336853780864,1269.7091064453125,3800,0.0,0.0
2001-03-12 00:00:00+09:00,1301.0596866383273,1348.0859403722427,1301.0596866383273,1332.4105224609375,9600,0.0,0.0
2001-03-13 00:00:00+09:00,1269.708859327363,1285.38427734375,1238.3580232945885,1285.38427734375,9000,0.0,0.0
2001-03-14 00:00:00+09:00,1285.38427734375,1285.38427734375,1285.38427734375,1285.38427734375,0,0.0,0.0
2001-03-15 00:00:00+09:00,1238.3580353565706,1254.033453525641,1222.6826171875,1222.6826171875,7400,0.0,0.0
2001-03-16 00:00:00+09:00,1222.6826171875,1222.6826171875,1207.0071990184294,1222.6826171875,7200,0.0,0.0
2001-03-19 00:00:00+09:00,1222.682373046875,1238.3577880859375,1222.682373046875,1238.3577880859375,600,0.0,0.0
2001-03-20 00:00:00+09:00,1238.3577880859375,1238.3577880859375,1238.3577880859375,1238.3577880859375,0,0.0,0.0
2001-03-21 00:00:00+09:00,1207.0069580078125,1238.3577880859375,1207.0069580078125,1238.3577880859375,1800,0.0,0.0
2001-03-22 00:00:00+09:00,1222.6826171875,1254.033453525641,1222.6826171875,1222.6826171875,6000,0.0,0.0
2001-03-23 00:00:00+09:00,1238.358136648155,1332.4106533556098,1222.6827171969126,1301.059814453125,6800,0.0,0.0
2001-03-26 00:00:00+09:00,1348.086014728157,1567.54187759088,1348.086014728157,1536.1910400390625,12000,0.0,0.0
2001-03-27 00:00:00+09:00,1567.5416351646506,1567.5416351646506,1442.1383043514786,1457.813720703125,4400,0.0,0.0
2001-03-28 00:00:00+09:00,1410.7874742445056,1457.813723385989,1379.4366414835165,1426.462890625,3800,0.0,0.0
2001-03-29 00:00:00+09:00,1379.436885533708,1395.1123046875002,1348.0860472261238,1395.1123046875,2800,0.0,0.0
2001-03-30 00:00:00+09:00,1363.761358283548,1379.436776194853,1332.4105224609375,1332.4105224609375,1800,0.0,0.0
2001-04-02 00:00:00+09:00,1363.7616023573764,1363.7616023573764,1316.7353402071221,1348.086181640625,3400,0.0,0.0
2001-04-03 00:00:00+09:00,1363.7613525390623,1395.1121882296156,1348.0859346937857,1363.7613525390625,4000,0.0,0.0
2001-04-04 00:00:00+09:00,1348.0859346937857,1363.7613525390623,1332.4105168485091,1363.7613525390625,4800,0.0,0.0
2001-04-05 00:00:00+09:00,1379.436767578125,1379.436767578125,1332.4105141379616,1379.436767578125,5400,0.0,0.0
2001-04-06 00:00:00+09:00,1348.086181640625,1379.4370230741279,1348.086181640625,1348.086181640625,2000,0.0,0.0
2001-04-09 00:00:00+09:00,1348.086181640625,1348.086181640625,1348.086181640625,1348.086181640625,200,0.0,0.0
2001-04-10 00:00:00+09:00,1348.0859346937857,1379.436770384339,1348.0859346937857,1363.7613525390625,1800,0.0,0.0
2001-04-11 00:00:00+09:00,1363.7613525390623,1379.436770384339,1332.4105168485091,1363.7613525390625,3400,0.0,0.0
2001-04-12 00:00:00+09:00,1332.4105168485091,1363.7613525390623,1332.4105168485091,1363.7613525390625,1000,0.0,0.0
2001-04-13 00:00:00+09:00,1363.7616023573764,1363.7616023573764,1332.4107609238736,1348.086181640625,600,0.0,0.0
2001-04-16 00:00:00+09:00,1363.7616023573764,1363.7616023573764,1332.4107609238736,1348.086181640625,2200,0.0,0.0
2001-04-17 00:00:00+09:00,1363.7613525390623,1363.7613525390623,1332.4105168485091,1363.7613525390625,800,0.0,0.0
2001-04-18 00:00:00+09:00,1363.7613444010417,1410.78759765625,1348.0859266493057,1410.78759765625,8000,0.0,0.0
2001-04-19 00:00:00+09:00,1410.787472932235,1489.1645547618036,1410.787472932235,1442.1383056640625,4000,0.0,0.0
2001-04-20 00:00:00+09:00,1442.1383043514786,1457.8137207031252,1410.7874716481856,1457.813720703125,8800,0.0,0.0
2001-04-23 00:00:00+09:00,1473.489501953125,1489.164922186669,1442.138661486037,1473.489501953125,1800,0.0,0.0
2001-04-24 00:00:00+09:00,1473.489501953125,1473.489501953125,1442.138661486037,1473.489501953125,4000,0.0,0.0
2001-04-25 00:00:00+09:00,1489.1645446777345,1567.5416259765625,1473.489128417969,1567.5416259765625,15600,0.0,0.0
2001-04-26 00:00:00+09:00,1489.1645446777345,1567.5416259765625,1473.489128417969,1567.5416259765625,15600,0.0,0.0
2001-04-27 00:00:00+09:00,1536.1911828873006,1551.8666031208443,1473.489501953125,1473.489501953125,7400,0.0,0.0
2001-04-30 00:00:00+09:00,1473.489501953125,1473.489501953125,1473.489501953125,1473.489501953125,0,0.0,0.0
2001-05-01 00:00:00+09:00,1473.489250261759,1520.5155029296875,1473.489250261759,1520.5155029296875,800,0.0,0.0
2001-05-02 00:00:00+09:00,1520.5156212631537,1536.1910400390625,1504.8402024872448,1536.1910400390625,1800,0.0,0.0
2001-05-03 00:00:00+09:00,1536.1910400390625,1536.1910400390625,1536.1910400390625,1536.1910400390625,0,0.0,0.0
2001-05-04 00:00:00+09:00,1536.1910400390625,1536.1910400390625,1536.1910400390625,1536.1910400390625,0,0.0,0.0
2001-05-07 00:00:00+09:00,1489.1644287109377,1489.1644287109377,1489.1644287109377,1489.1644287109375,600,0.0,0.0
2001-05-08 00:00:00+09:00,1489.1644287109377,1504.8398437500002,1457.8135986328127,1489.1644287109375,5800,0.0,0.0
2001-05-09 00:00:00+09:00,1504.8399711277173,1504.8399711277173,1442.1383056640625,1442.1383056640625,1400,0.0,0.0
2001-05-10 00:00:00+09:00,1504.8398437500002,1520.5152587890627,1489.1644287109377,1489.1644287109375,2200,0.0,0.0
2001-05-11 00:00:00+09:00,1504.8401723130842,1724.2960307754088,1489.1647538514894,1677.269775390625,21800,0.0,0.0
2001-05-14 00:00:00+09:00,1677.2691555578733,1692.9445682266385,1614.5675048828125,1614.5675048828125,7200,0.0,0.0
2001-05-15 00:00:00+09:00,1642.783369430693,1642.783369430693,1583.216796875,1583.216796875,4000,0.0,0.0
2001-05-16 00:00:00+09:00,1583.2169189453127,1583.2169189453127,1551.8660888671877,1551.8660888671875,1200,0.0,0.0
2001-05-17 00:00:00+09:00,1567.541755597616,1567.541755597616,1520.5155029296875,1520.5155029296875,1800,0.0,0.0
2001-05-18 00:00:00+09:00,1551.8664588149713,1551.8664588149713,1520.5156212631537,1536.1910400390625,9400,0.0,0.0
2001-05-21 00:00:00+09:00,1536.1907934570313,1567.5416259765625,1536.1907934570313,1567.5416259765625,1400,0.0,0.0
2001-05-22 00:00:00+09:00,1551.8664588149713,1567.54187759088,1536.1910400390625,1536.1910400390625,4200,0.0,0.0
2001-05-23 00:00:00+09:00,1536.1906738281252,1551.8660888671877,1536.1906738281252,1551.8660888671875,2000,0.0,0.0
2001-05-24 00:00:00+09:00,1520.5152587890627,1551.8660888671877,1504.8398437500002,1551.8660888671875,2800,0.0,0.0
2001-05-25 00:00:00+09:00,1551.8660888671877,1551.8660888671877,1551.8660888671877,1551.8660888671875,600,0.0,0.0
2001-05-28 00:00:00+09:00,1567.5415039062502,1567.5415039062502,1536.1906738281252,1551.8660888671875,1000,0.0,0.0
2001-05-29 00:00:00+09:00,1551.8660888671877,1598.8923339843752,1551.8660888671877,1551.8660888671875,3200,0.0,0.0
2001-05-30 00:00:00+09:00,1551.8660888671877,1551.8660888671877,1520.5152587890627,1551.8660888671875,2600,0.0,0.0
2001-05-31 00:00:00+09:00,1536.1906738281252,1567.5415039062502,1536.1906738281252,1551.8660888671875,2400,0.0,0.0
2001-06-01 00:00:00+09:00,1567.5416259765625,1567.5416259765625,1536.1907934570313,1567.5416259765625,3000,0.0,0.0
2001-06-04 00:00:00+09:00,1567.541982613358,1614.5682420917587,1536.191142961091,1598.892822265625,2800,0.0,0.0
2001-06-05 00:00:00+09:00,1598.8928222656252,1614.5682420917587,1567.541982613358,1598.892822265625,2400,0.0,0.0
2001-06-06 00:00:00+09:00,1598.892458496094,1598.892458496094,1551.866209716797,1567.5416259765625,1200,0.0,0.0
2001-06-07 00:00:00+09:00,1567.5416259765625,1567.5416259765625,1520.5153771972657,1567.5416259765625,3000,0.0,0.0
2001-06-08 00:00:00+09:00,1567.5416259765625,1583.2170422363283,1551.866209716797,1567.5416259765625,2200,0.0,0.0
2001-06-11 00:00:00+09:00,1583.216796875,1583.216796875,1551.8659692141089,1583.216796875,5600,0.0,0.0
2001-06-12 00:00:00+09:00,1567.5413830445545,1583.216796875,1567.5413830445545,1583.216796875,1000,0.0,0.0
2001-06-13 00:00:00+09:00,1583.2169189453127,1583.2169189453127,1551.8660888671877,1551.8660888671875,1600,0.0,0.0
2001-06-14 00:00:00+09:00,1583.2169189453127,1583.2169189453127,1551.8660888671877,1551.8660888671875,800,0.0,0.0
2001-06-15 00:00:00+09:00,1536.1906738281252,1551.8660888671877,1520.5152587890627,1551.8660888671875,1800,0.0,0.0
2001-06-18 00:00:00+09:00,1551.866209716797,1583.2170422363283,1551.866209716797,1567.5416259765625,4000,0.0,0.0
2001-06-19 00:00:00+09:00,1551.8659692141089,1583.216796875,1551.8659692141089,1583.216796875,1000,0.0,0.0
2001-06-20 00:00:00+09:00,1583.216796875,1583.216796875,1567.5413830445545,1583.216796875,1000,0.0,0.0
2001-06-21 00:00:00+09:00,1567.5417342275944,1661.59423828125,1567.5417342275944,1661.59423828125,3200,0.0,0.0
2001-06-22 00:00:00+09:00,1677.269775390625,1708.6206123138143,1630.243520005841,1677.269775390625,13800,0.0,0.0
2001-06-25 00:00:00+09:00,1692.9451837713068,1786.997693980824,1677.269765403054,1724.2960205078125,4200,0.0,0.0
2001-06-26 00:00:00+09:00,1727.436873824508,1727.436873824508,1680.3249590838395,1696.0289306640625,2800,5.0,0.0
2001-06-27 00:00:00+09:00,1696.028377199636,1696.028377199636,1570.3966455552184,1617.508544921875,4800,0.0,0.0
2001-06-28 00:00:00+09:00,1617.5093946269915,1617.5093946269915,1573.5382654526654,1601.805419921875,3200,0.0,0.0
2001-06-29 00:00:00+09:00,1617.5093946269915,1617.5093946269915,1601.805419921875,1601.805419921875,1400,0.0,0.0
2001-07-02 00:00:00+09:00,1617.508544921875,1648.9164778329794,1617.508544921875,1617.508544921875,800,0.0,0.0
2001-07-03 00:00:00+09:00,1617.5091623159556,1648.9171072152944,1617.5091623159556,1633.213134765625,2600,0.0,0.0
2001-07-04 00:00:00+09:00,1648.9171072152944,1648.9171072152944,1601.805189866286,1633.213134765625,3000,0.0,0.0
2001-07-05 00:00:00+09:00,1633.213134765625,1633.213134765625,1633.213134765625,1633.213134765625,600,0.0,0.0
2001-07-06 00:00:00+09:00,1630.0717180863167,1630.0717180863167,1617.508544921875,1617.508544921875,1600,0.0,0.0
2001-07-09 00:00:00+09:00,1617.508544921875,1617.508544921875,1604.9453717574333,1617.508544921875,2200,0.0,0.0
2001-07-10 00:00:00+09:00,1617.508544921875,1617.508544921875,1601.804578466323,1617.508544921875,2000,0.0,0.0
2001-07-11 00:00:00+09:00,1617.5091623159556,1633.213134765625,1617.5091623159556,1633.213134765625,2000,0.0,0.0
2001-07-12 00:00:00+09:00,1636.353583109154,1680.3246966667896,1633.2127892836086,1664.6207275390625,8600,0.0,0.0
2001-07-13 00:00:00+09:00,1664.6210796649639,1664.6210796649639,1633.213134765625,1633.213134765625,2400,0.0,0.0
2001-07-16 00:00:00+09:00,1633.213134765625,1633.213134765625,1633.213134765625,1633.213134765625,0,0.0,0.0
2001-07-17 00:00:00+09:00,1633.2131417410715,1648.9171142578125,1617.5091692243304,1648.9171142578125,1400,0.0,0.0
2001-07-18 00:00:00+09:00,1617.508544921875,1648.9164778329794,1586.1006120107706,1617.508544921875,1800,0.0,0.0
2001-07-19 00:00:00+09:00,1617.508544921875,1617.508544921875,1617.508544921875,1617.508544921875,0,0.0,0.0
2001-07-20 00:00:00+09:00,1617.508544921875,1617.508544921875,1617.508544921875,1617.508544921875,0,0.0,0.0
2001-07-23 00:00:00+09:00,1586.1010742187502,1586.1010742187502,1586.1010742187502,1586.10107421875,400,0.0,0.0
2001-07-24 00:00:00+09:00,1586.1009324199022,1586.1009324199022,1554.6929931640625,1554.6929931640625,1600,0.0,0.0
2001-07-25 00:00:00+09:00,1554.6929931640625,1554.6929931640625,1554.6929931640625,1554.6929931640625,600,0.0,0.0
2001-07-26 00:00:00+09:00,1570.3968505859375,1570.3968505859375,1554.692882080078,1570.3968505859375,1400,0.0,0.0
2001-07-27 00:00:00+09:00,1570.3968505859375,1570.3968505859375,1570.3968505859375,1570.3968505859375,400,0.0,0.0
2001-07-30 00:00:00+09:00,1538.9892425537107,1538.9892425537107,1507.5812988281248,1507.581298828125,800,0.0,0.0
2001-07-31 00:00:00+09:00,1520.1438466282893,1520.1438466282893,1476.1727436266447,1491.876708984375,800,0.0,0.0
2001-08-01 00:00:00+09:00,1491.8770541939684,1491.8770541939684,1444.765147219422,1460.4691162109375,3200,0.0,0.0
2001-08-02 00:00:00+09:00,1429.0612611547904,1479.31396484375,1429.0612611547904,1479.31396484375,4800,0.0,0.0
2001-08-03 00:00:00+09:00,1491.876708984375,1491.876708984375,1491.876708984375,1491.876708984375,600,0.0,0.0
2001-08-06 00:00:00+09:00,1523.284917011797,1570.3968216616465,1523.284917011797,1564.115234375,1600,0.0,0.0
2001-08-07 00:00:00+09:00,1564.115234375,1564.115234375,1564.115234375,1564.115234375,0,0.0,0.0
2001-08-08 00:00:00+09:00,1570.3968505859375,1570.3968505859375,1570.3968505859375,1570.3968505859375,400,0.0,0.0
2001-08-09 00:00:00+09:00,1570.3968505859375,1570.3968505859375,1570.3968505859375,1570.3968505859375,400,0.0,0.0
2001-08-10 00:00:00+09:00,1592.3824064941407,1592.3824064941407,1570.3968505859375,1570.3968505859375,1800,0.0,0.0
2001-08-13 00:00:00+09:00,1570.3968505859375,1570.3968505859375,1570.3968505859375,1570.3968505859375,0,0.0,0.0
2001-08-14 00:00:00+09:00,1570.3968505859375,1570.3968505859375,1570.3968505859375,1570.3968505859375,0,0.0,0.0
2001-08-15 00:00:00+09:00,1570.3968505859375,1570.3968505859375,1570.3968505859375,1570.3968505859375,0,0.0,0.0
2001-08-16 00:00:00+09:00,1633.213369332108,1633.213369332108,1601.805419921875,1601.805419921875,1000,0.0,0.0
2001-08-17 00:00:00+09:00,1589.2415771484375,1589.2415771484375,1589.2415771484375,1589.2415771484375,600,0.0,0.0
2001-08-20 00:00:00+09:00,1589.2415771484375,1589.2415771484375,1589.2415771484375,1589.2415771484375,0,0.0,0.0
2001-08-21 00:00:00+09:00,1554.6932144165037,1554.6932144165037,1476.1733551025388,1507.581298828125,2000,0.0,0.0
2001-08-22 00:00:00+09:00,1444.765147219422,1460.4691162109375,1444.765147219422,1460.4691162109375,800,0.0,0.0
2001-08-23 00:00:00+09:00,1460.4693359374999,1460.4693359374999,1381.9494791666666,1413.357421875,2400,0.0,0.0
2001-08-24 00:00:00+09:00,1366.2454833984375,1381.9494544719828,1366.2454833984375,1366.2454833984375,1600,0.0,0.0
2001-08-27 00:00:00+09:00,1319.1336669921875,1366.2455836704798,1319.1336669921875,1319.1336669921875,4400,0.0,0.0
2001-08-28 00:00:00+09:00,1272.0217503138952,1319.1336669921875,1272.0217503138952,1319.1336669921875,600,0.0,0.0
2001-08-29 00:00:00+09:00,1319.1336669921875,1319.1336669921875,1256.3177780877977,1319.1336669921875,600,0.0,0.0
2001-08-30 00:00:00+09:00,1256.3177490234375,1319.1336364746094,1240.6137771606445,1256.3177490234375,2400,0.0,0.0
2001-08-31 00:00:00+09:00,1177.7978348405395,1209.2057771029538,1146.389892578125,1146.389892578125,4600,0.0,0.0
2001-09-03 00:00:00+09:00,1130.6859044894366,1130.6859044894366,1099.2779626980634,1114.98193359375,1600,0.0,0.0
2001-09-04 00:00:00+09:00,1114.9818216959636,1130.685791015625,1114.9818216959636,1130.685791015625,3600,0.0,0.0
2001-09-05 00:00:00+09:00,1130.685791015625,1130.685791015625,1130.685791015625,1130.685791015625,200,0.0,0.0
2001-09-06 00:00:00+09:00,1099.2779626980634,1114.98193359375,1099.2779626980634,1114.98193359375,400,0.0,0.0
2001-09-07 00:00:00+09:00,1130.686141304348,1130.686141304348,1083.57421875,1083.57421875,1400,0.0,0.0
2001-09-10 00:00:00+09:00,1083.5738830566406,1130.685791015625,1083.5738830566406,1130.685791015625,2400,0.0,0.0
2001-09-11 00:00:00+09:00,1130.685791015625,1130.685791015625,1130.685791015625,1130.685791015625,0,0.0,0.0
2001-09-12 00:00:00+09:00,1118.122744541952,1146.389892578125,989.3501812660531,1146.389892578125,1400,0.0,0.0
2001-09-13 00:00:00+09:00,1067.8698508522727,1067.8698508522727,1036.4619140625,1036.4619140625,1200,0.0,0.0
2001-09-14 00:00:00+09:00,1036.4619140625,1052.1658824573865,1036.4619140625,1036.4619140625,1200,0.0,0.0
2001-09-17 00:00:00+09:00,1036.4619140625,1036.4619140625,1036.4619140625,1036.4619140625,0,0.0,0.0
2001-09-18 00:00:00+09:00,1067.8701171875,1067.8701171875,1067.8701171875,1067.8701171875,600,0.0,0.0
2001-09-19 00:00:00+09:00,1130.685791015625,1130.685791015625,1130.685791015625,1130.685791015625,600,0.0,0.0
2001-09-20 00:00:00+09:00,1130.685791015625,1130.685791015625,1130.685791015625,1130.685791015625,0,0.0,0.0
2001-09-21 00:00:00+09:00,1099.2778716216217,1162.09375,1099.2778716216217,1162.09375,400,0.0,0.0
2001-09-24 00:00:00+09:00,1162.09375,1162.09375,1162.09375,1162.09375,0,0.0,0.0
2001-09-25 00:00:00+09:00,1162.09375,1162.09375,1162.09375,1162.09375,0,0.0,0.0
2001-09-26 00:00:00+09:00,1162.09375,1162.09375,1162.09375,1162.09375,0,0.0,0.0
2001-09-27 00:00:00+09:00,1162.09375,1162.09375,1162.09375,1162.09375,0,0.0,0.0
2001-09-28 00:00:00+09:00,1162.09375,1162.09375,1162.09375,1162.09375,0,0.0,0.0
2001-10-01 00:00:00+09:00,1224.90966796875,1224.90966796875,1224.90966796875,1224.90966796875,200,0.0,0.0
2001-10-02 00:00:00+09:00,1224.90966796875,1224.90966796875,1224.90966796875,1224.90966796875,0,0.0,0.0
2001-10-03 00:00:00+09:00,1240.6137771606445,1256.3177490234375,1240.6137771606445,1256.3177490234375,800,0.0,0.0
2001-10-04 00:00:00+09:00,1319.1337709780094,1350.541717906057,1272.0218505859375,1272.0218505859375,3400,0.0,0.0
2001-10-05 00:00:00+09:00,1284.5848983764647,1284.5848983764647,1256.3177490234375,1256.3177490234375,400,0.0,0.0
2001-10-08 00:00:00+09:00,1256.3177490234375,1256.3177490234375,1256.3177490234375,1256.3177490234375,0,0.0,0.0
2001-10-09 00:00:00+09:00,1256.3177490234375,1256.3177490234375,1256.3177490234375,1256.3177490234375,0,0.0,0.0
2001-10-10 00:00:00+09:00,1262.5991962139424,1262.5991962139424,1224.90966796875,1224.90966796875,2200,0.0,0.0
2001-10-11 00:00:00+09:00,1224.9097656249999,1224.9097656249999,1177.7978515625,1177.7978515625,1400,0.0,0.0
2001-10-12 00:00:00+09:00,1177.7977391293173,1193.501708984375,1177.7977391293173,1193.501708984375,400,0.0,0.0
2001-10-15 00:00:00+09:00,1162.09375,1193.5016891891892,1162.09375,1162.09375,800,0.0,0.0
2001-10-16 00:00:00+09:00,1162.09375,1162.09375,1162.09375,1162.09375,400,0.0,0.0
2001-10-17 00:00:00+09:00,1177.7978515625,1177.7978515625,1177.7978515625,1177.7978515625,200,0.0,0.0
2001-10-18 00:00:00+09:00,1177.7978515625,1177.7978515625,1177.7978515625,1177.7978515625,0,0.0,0.0
2001-10-19 00:00:00+09:00,1224.9096584567776,1224.9096584567776,1146.389808555702,1209.2056884765625,4200,0.0,0.0
2001-10-22 00:00:00+09:00,1240.61376953125,1240.61376953125,1240.61376953125,1240.61376953125,200,0.0,0.0
2001-10-23 00:00:00+09:00,1240.61376953125,1240.61376953125,1240.61376953125,1240.61376953125,0,0.0,0.0
2001-10-24 00:00:00+09:00,1177.7978897094727,1256.3177490234375,1177.7978897094727,1256.3177490234375,600,0.0,0.0
2001-10-25 00:00:00+09:00,1193.5018229166665,1193.5018229166665,1177.7978515625,1177.7978515625,600,0.0,0.0
2001-10-26 00:00:00+09:00,1177.7978515625,1177.7978515625,1177.7978515625,1177.7978515625,0,0.0,0.0
2001-10-29 00:00:00+09:00,1177.7978515625,1177.7978515625,1177.7978515625,1177.7978515625,0,0.0,0.0
2001-10-30 00:00:00+09:00,1224.90964869449,1224.90964869449,1193.501708984375,1193.501708984375,600,0.0,0.0
2001-10-31 00:00:00+09:00,1193.5018229166665,1193.5018229166665,1162.0938802083333,1177.7978515625,2000,0.0,0.0
2001-11-01 00:00:00+09:00,1177.7977195945946,1177.7977195945946,1162.09375,1162.09375,400,0.0,0.0
2001-11-02 00:00:00+09:00,1209.2056884765625,1209.2056884765625,1209.2056884765625,1209.2056884765625,200,0.0,0.0
2001-11-05 00:00:00+09:00,1209.2056788394325,1209.2056788394325,1193.501708984375,1193.501708984375,1200,0.0,0.0
2001-11-06 00:00:00+09:00,1209.2056788394325,1209.2056788394325,1177.7977391293173,1193.501708984375,1400,0.0,0.0
2001-11-07 00:00:00+09:00,1209.2057331364329,1319.1335270579268,1193.5017625762196,1287.7255859375,10400,0.0,0.0
2001-11-08 00:00:00+09:00,1303.42969476609,1381.9495558965775,1303.42969476609,1319.1336669921875,2600,0.0,0.0
2001-11-09 00:00:00+09:00,1319.1336669921875,1319.1336669921875,1319.1336669921875,1319.1336669921875,0,0.0,0.0
2001-11-12 00:00:00+09:00,1256.3177490234375,1256.3177490234375,1240.6137771606445,1256.3177490234375,1400,0.0,0.0
2001-11-13 00:00:00+09:00,1212.3463134765625,1212.3463134765625,1212.3463134765625,1212.3463134765625,200,0.0,0.0
2001-11-14 00:00:00+09:00,1212.3463134765625,1212.3463134765625,1212.3463134765625,1212.3463134765625,0,0.0,0.0
2001-11-15 00:00:00+09:00,1212.3463134765625,1212.3463134765625,1212.3463134765625,1212.3463134765625,0,0.0,0.0
2001-11-16 00:00:00+09:00,1212.3463134765625,1212.3463134765625,1212.3463134765625,1212.3463134765625,0,0.0,0.0
2001-11-19 00:00:00+09:00,1212.3463134765625,1212.3463134765625,1212.3463134765625,1212.3463134765625,0,0.0,0.0
2001-11-20 00:00:00+09:00,1212.3463134765625,1212.3463134765625,1212.3463134765625,1212.3463134765625,0,0.0,0.0
2001-11-21 00:00:00+09:00,1177.7977391293173,1193.501708984375,1177.7977391293173,1193.501708984375,1000,0.0,0.0
2001-11-22 00:00:00+09:00,1193.501708984375,1193.501708984375,1193.501708984375,1193.501708984375,800,0.0,0.0
2001-11-23 00:00:00+09:00,1193.501708984375,1193.501708984375,1193.501708984375,1193.501708984375,0,0.0,0.0
2001-11-26 00:00:00+09:00,1193.501708984375,1193.501708984375,1193.501708984375,1193.501708984375,0,0.0,0.0
2001-11-27 00:00:00+09:00,1193.501708984375,1193.501708984375,1193.501708984375,1193.501708984375,0,0.0,0.0
2001-11-28 00:00:00+09:00,1177.7977391293173,1193.501708984375,1177.7977391293173,1193.501708984375,1000,0.0,0.0
2001-11-29 00:00:00+09:00,1193.5018229166665,1193.5018229166665,1162.0938802083333,1177.7978515625,1000,0.0,0.0
2001-11-30 00:00:00+09:00,1162.0938462808099,1162.0938462808099,1114.98193359375,1114.98193359375,600,0.0,0.0
2001-12-03 00:00:00+09:00,1146.3897603352866,1146.3897603352866,1130.685791015625,1130.685791015625,1000,0.0,0.0
2001-12-04 00:00:00+09:00,1146.389892578125,1146.389892578125,1146.389892578125,1146.389892578125,200,0.0,0.0
2001-12-05 00:00:00+09:00,1146.389892578125,1146.389892578125,1146.389892578125,1146.389892578125,200,0.0,0.0
2001-12-06 00:00:00+09:00,1130.685791015625,1130.685791015625,1130.685791015625,1130.685791015625,200,0.0,0.0
2001-12-07 00:00:00+09:00,1083.5739918023767,1114.98193359375,1083.5739918023767,1114.98193359375,1200,0.0,0.0
2001-12-10 00:00:00+09:00,1130.685791015625,1130.685791015625,1114.9818216959636,1130.685791015625,1200,0.0,0.0
2001-12-11 00:00:00+09:00,1130.6859044894366,1130.6859044894366,1114.98193359375,1114.98193359375,1800,0.0,0.0
2001-12-12 00:00:00+09:00,1083.57421875,1083.57421875,1083.57421875,1083.57421875,200,0.0,0.0
2001-12-13 00:00:00+09:00,1099.2779541015625,1099.2779541015625,1099.2779541015625,1099.2779541015625,400,0.0,0.0
2001-12-14 00:00:00+09:00,1071.0106445312501,1071.0106445312501,1036.4619140625,1036.4619140625,3000,0.0,0.0
2001-12-17 00:00:00+09:00,1083.573819247159,1083.573819247159,1036.4619140625,1036.4619140625,400,0.0,0.0
2001-12-18 00:00:00+09:00,1036.4619140625,1052.1658824573865,1036.4619140625,1036.4619140625,1200,0.0,0.0
2001-12-19 00:00:00+09:00,1036.4619140625,1036.4619140625,1005.0539772727273,1036.4619140625,1600,0.0,0.0
2001-12-20 00:00:00+09:00,1052.1658824573865,1052.1658824573865,1036.4619140625,1036.4619140625,1000,0.0,0.0
2001-12-21 00:00:00+09:00,1020.7581176757812,1020.7581176757812,1020.7581176757812,1020.7581176757812,400,0.0,0.0
2001-12-24 00:00:00+09:00,1020.7581176757812,1020.7581176757812,1020.7581176757812,1020.7581176757812,0,0.0,0.0
2001-12-25 00:00:00+09:00,989.3500471115111,1020.7579851150512,989.3500471115111,1005.0540161132812,800,0.0,0.0
2001-12-26 00:00:00+09:00,1005.0540161132811,1005.0540161132811,1005.0540161132811,1005.0540161132812,0,0.0,0.0
2001-12-27 00:00:00+09:00,1020.7581176757812,1020.7581176757812,1020.7581176757812,1020.7581176757812,1400,0.0,0.0
2001-12-28 00:00:00+09:00,1005.0540161132811,1005.0540161132811,1005.0540161132811,1005.0540161132812,400,0.0,0.0
2001-12-31 00:00:00+09:00,1005.0540161132811,1005.0540161132811,1005.0540161132811,1005.0540161132812,0,0.0,0.0
2002-01-01 00:00:00+09:00,1005.0540161132811,1005.0540161132811,1005.0540161132811,1005.0540161132812,0,0.0,0.0
2002-01-02 00:00:00+09:00,1005.0540161132811,1005.0540161132811,1005.0540161132811,1005.0540161132812,0,0.0,0.0
2002-01-03 00:00:00+09:00,1005.0540161132811,1005.0540161132811,1005.0540161132811,1005.0540161132812,0,0.0,0.0
2002-01-04 00:00:00+09:00,1005.0540161132811,1005.0540161132811,1005.0540161132811,1005.0540161132812,0,0.0,0.0
2002-01-07 00:00:00+09:00,1005.0540161132811,1005.0540161132811,1005.0540161132811,1005.0540161132812,0,0.0,0.0
2002-01-08 00:00:00+09:00,1067.8701171875,1067.8701171875,1067.8701171875,1067.8701171875,200,0.0,0.0
2002-01-09 00:00:00+09:00,1020.7583220108696,1083.57421875,1020.7583220108696,1083.57421875,400,0.0,0.0
2002-01-10 00:00:00+09:00,1099.2779541015625,1099.2779541015625,1099.2779541015625,1099.2779541015625,200,0.0,0.0
2002-01-11 00:00:00+09:00,1099.2779541015625,1099.2779541015625,1099.2779541015625,1099.2779541015625,0,0.0,0.0
2002-01-14 00:00:00+09:00,1099.2779541015625,1099.2779541015625,1099.2779541015625,1099.2779541015625,0,0.0,0.0
2002-01-15 00:00:00+09:00,1099.2779541015625,1099.2779541015625,1099.2779541015625,1099.2779541015625,200,0.0,0.0
2002-01-16 00:00:00+09:00,1052.1658824573865,1067.8698508522727,1036.4619140625,1036.4619140625,800,0.0,0.0
2002-01-17 00:00:00+09:00,1005.0540161132811,1005.0540161132811,1005.0540161132811,1005.0540161132812,200,0.0,0.0
2002-01-18 00:00:00+09:00,1005.0540161132811,1005.0540161132811,1005.0540161132811,1005.0540161132812,200,0.0,0.0
2002-01-21 00:00:00+09:00,1005.0539772727273,1036.4619140625,1005.0539772727273,1036.4619140625,400,0.0,0.0
2002-01-22 00:00:00+09:00,1036.4619140625,1036.4619140625,1036.4619140625,1036.4619140625,0,0.0,0.0
2002-01-23 00:00:00+09:00,1036.4619140625,1036.4619140625,1036.4619140625,1036.4619140625,0,0.0,0.0
2002-01-24 00:00:00+09:00,1052.166259765625,1052.166259765625,1052.166259765625,1052.166259765625,200,0.0,0.0
2002-01-25 00:00:00+09:00,1052.166259765625,1052.166259765625,1052.166259765625,1052.166259765625,0,0.0,0.0
2002-01-28 00:00:00+09:00,989.3501755934495,1020.7581176757812,989.3501755934495,1020.7581176757812,600,0.0,0.0
2002-01-29 00:00:00+09:00,1020.7581176757812,1020.7581176757812,1020.7581176757812,1020.7581176757812,0,0.0,0.0
2002-01-30 00:00:00+09:00,1020.7581176757812,1020.7581176757812,1020.7581176757812,1020.7581176757812,0,0.0,0.0
2002-01-31 00:00:00+09:00,1020.7581176757812,1020.7581176757812,1020.7581176757812,1020.7581176757812,0,0.0,0.0
2002-02-01 00:00:00+09:00,1020.7581176757812,1020.7581176757812,1020.7581176757812,1020.7581176757812,0,0.0,0.0
2002-02-04 00:00:00+09:00,1020.7581176757812,1020.7581176757812,1020.7581176757812,1020.7581176757812,0,0.0,0.0
2002-02-05 00:00:00+09:00,1020.7581176757812,1020.7581176757812,1020.7581176757812,1020.7581176757812,0,0.0,0.0
2002-02-06 00:00:00+09:00,1020.7581176757812,1020.7581176757812,1020.7581176757812,1020.7581176757812,0,0.0,0.0
2002-02-07 00:00:00+09:00,1020.7581176757812,1020.7581176757812,1020.7581176757812,1020.7581176757812,0,0.0,0.0
2002-02-08 00:00:00+09:00,1020.7581176757812,1020.7581176757812,1020.7581176757812,1020.7581176757812,0,0.0,0.0
2002-02-11 00:00:00+09:00,1020.7581176757812,1020.7581176757812,1020.7581176757812,1020.7581176757812,0,0.0,0.0
2002-02-12 00:00:00+09:00,1067.8698921203613,1067.8698921203613,992.4908409118651,1005.0540161132812,600,0.0,0.0
2002-02-13 00:00:00+09:00,992.4909667968751,992.4909667968751,992.4909667968751,992.490966796875,200,0.0,0.0
2002-02-14 00:00:00+09:00,992.4909667968751,992.4909667968751,992.4909667968751,992.490966796875,200,0.0,0.0
2002-02-15 00:00:00+09:00,1005.0540161132811,1005.0540161132811,1005.0540161132811,1005.0540161132812,200,0.0,0.0
2002-02-18 00:00:00+09:00,989.35009765625,992.4908916170635,989.35009765625,989.35009765625,4000,0.0,0.0
2002-02-19 00:00:00+09:00,989.35009765625,989.35009765625,989.35009765625,989.35009765625,0,0.0,0.0
2002-02-20 00:00:00+09:00,973.6461278521825,989.35009765625,957.9421580481151,989.35009765625,2000,0.0,0.0
2002-02-21 00:00:00+09:00,989.35009765625,989.35009765625,989.35009765625,989.35009765625,0,0.0,0.0
2002-02-22 00:00:00+09:00,989.35009765625,989.35009765625,989.35009765625,989.35009765625,0,0.0,0.0
2002-02-25 00:00:00+09:00,973.646240234375,973.646240234375,973.646240234375,973.646240234375,800,0.0,0.0
2002-02-26 00:00:00+09:00,973.646240234375,973.646240234375,973.646240234375,973.646240234375,0,0.0,0.0
2002-02-27 00:00:00+09:00,973.646240234375,973.646240234375,973.646240234375,973.646240234375,0,0.0,0.0
2002-02-28 00:00:00+09:00,973.646240234375,973.646240234375,973.646240234375,973.646240234375,0,0.0,0.0
2002-03-01 00:00:00+09:00,973.646240234375,973.646240234375,973.646240234375,973.646240234375,0,0.0,0.0
2002-03-04 00:00:00+09:00,973.646240234375,973.646240234375,973.646240234375,973.646240234375,0,0.0,0.0
2002-03-05 00:00:00+09:00,945.3790142822266,961.0829846191407,942.2382202148439,942.2382202148438,2400,0.0,0.0
2002-03-06 00:00:00+09:00,942.2382202148439,942.2382202148439,942.2382202148439,942.2382202148438,800,0.0,0.0
2002-03-07 00:00:00+09:00,942.2382202148439,942.2382202148439,910.8302795410157,942.2382202148438,1800,0.0,0.0
2002-03-08 00:00:00+09:00,942.2382202148439,942.2382202148439,942.2382202148439,942.2382202148438,0,0.0,0.0
2002-03-11 00:00:00+09:00,957.942138671875,957.942138671875,957.942138671875,957.942138671875,600,0.0,0.0
2002-03-12 00:00:00+09:00,1005.054183467742,1005.054183467742,973.646240234375,973.646240234375,1400,0.0,0.0
2002-03-13 00:00:00+09:00,942.2382202148439,942.2382202148439,879.4223388671876,942.2382202148438,3000,0.0,0.0
2002-03-14 00:00:00+09:00,879.422291239754,957.942138671875,879.422291239754,957.942138671875,800,0.0,0.0
2002-03-15 00:00:00+09:00,1005.0540161132811,1005.0540161132811,1005.0540161132811,1005.0540161132812,200,0.0,0.0
2002-03-18 00:00:00+09:00,1005.0540161132811,1005.0540161132811,1005.0540161132811,1005.0540161132812,0,0.0,0.0
2002-03-19 00:00:00+09:00,942.2382463727678,942.2382463727678,879.42236328125,879.42236328125,2000,0.0,0.0
2002-03-20 00:00:00+09:00,942.2382202148439,942.2382202148439,942.2382202148439,942.2382202148438,200,0.0,0.0
2002-03-21 00:00:00+09:00,942.2382202148439,942.2382202148439,942.2382202148439,942.2382202148438,0,0.0,0.0
2002-03-22 00:00:00+09:00,910.8302612304686,910.8302612304686,879.4223211880387,910.8302612304688,800,0.0,0.0
2002-03-25 00:00:00+09:00,910.8302612304686,910.8302612304686,879.4223211880387,910.8302612304688,1400,0.0,0.0
2002-03-26 00:00:00+09:00,879.4223211880387,942.2382012728987,879.4223211880387,910.8302612304688,1000,0.0,0.0
2002-03-27 00:00:00+09:00,942.2382202148439,942.2382202148439,942.2382202148439,942.2382202148438,200,0.0,0.0
2002-03-28 00:00:00+09:00,910.830304827009,910.830304827009,879.42236328125,879.42236328125,600,0.0,0.0
2002-03-29 00:00:00+09:00,879.4222519188597,895.126220703125,848.014314350329,895.126220703125,6400,0.0,0.0
2002-04-01 00:00:00+09:00,895.126220703125,895.126220703125,895.126220703125,895.126220703125,0,0.0,0.0
2002-04-02 00:00:00+09:00,926.5341186523439,926.5341186523439,926.5341186523439,926.5341186523438,400,0.0,0.0
2002-04-03 00:00:00+09:00,973.646160888672,973.646160888672,942.2382202148439,942.2382202148438,400,0.0,0.0
2002-04-04 00:00:00+09:00,942.2382202148439,942.2382202148439,942.2382202148439,942.2382202148438,0,0.0,0.0
2002-04-05 00:00:00+09:00,942.2382202148439,942.2382202148439,942.2382202148439,942.2382202148438,200,0.0,0.0
2002-04-08 00:00:00+09:00,942.2382202148439,942.2382202148439,942.2382202148439,942.2382202148438,0,0.0,0.0
2002-04-09 00:00:00+09:00,917.1119424143145,1005.054183467742,917.1119424143145,973.646240234375,1400,0.0,0.0
2002-04-10 00:00:00+09:00,1005.054183467742,1005.054183467742,973.646240234375,973.646240234375,1800,0.0,0.0
2002-04-11 00:00:00+09:00,973.646240234375,973.646240234375,973.646240234375,973.646240234375,200,0.0,0.0
2002-04-12 00:00:00+09:00,973.646240234375,973.646240234375,973.646240234375,973.646240234375,0,0.0,0.0
2002-04-15 00:00:00+09:00,973.646240234375,973.646240234375,973.646240234375,973.646240234375,0,0.0,0.0
2002-04-16 00:00:00+09:00,973.646240234375,973.646240234375,973.646240234375,973.646240234375,0,0.0,0.0
2002-04-17 00:00:00+09:00,973.646240234375,973.646240234375,973.646240234375,973.646240234375,0,0.0,0.0
2002-04-18 00:00:00+09:00,973.646240234375,973.646240234375,973.646240234375,973.646240234375,0,0.0,0.0
2002-04-19 00:00:00+09:00,973.646240234375,973.646240234375,973.646240234375,973.646240234375,600,0.0,0.0
2002-04-22 00:00:00+09:00,973.646240234375,973.646240234375,973.646240234375,973.646240234375,0,0.0,0.0
2002-04-23 00:00:00+09:00,973.646240234375,973.646240234375,973.646240234375,973.646240234375,0,0.0,0.0
2002-04-24 00:00:00+09:00,1020.7579851150512,1020.7579851150512,1005.0540161132811,1005.0540161132812,400,0.0,0.0
2002-04-25 00:00:00+09:00,1005.0540161132811,1005.0540161132811,1005.0540161132811,1005.0540161132812,0,0.0,0.0
2002-04-26 00:00:00+09:00,1005.0540161132811,1005.0540161132811,1005.0540161132811,1005.0540161132812,0,0.0,0.0
2002-04-29 00:00:00+09:00,1005.0540161132811,1005.0540161132811,1005.0540161132811,1005.0540161132812,0,0.0,0.0
2002-04-30 00:00:00+09:00,1005.0540161132811,1005.0540161132811,1005.0540161132811,1005.0540161132812,0,0.0,0.0
2002-05-01 00:00:00+09:00,1005.0540161132811,1005.0540161132811,1005.0540161132811,1005.0540161132812,0,0.0,0.0
2002-05-02 00:00:00+09:00,1005.0540161132811,1005.0540161132811,1005.0540161132811,1005.0540161132812,0,0.0,0.0
2002-05-03 00:00:00+09:00,1005.0540161132811,1005.0540161132811,1005.0540161132811,1005.0540161132812,0,0.0,0.0
2002-05-06 00:00:00+09:00,1005.0540161132811,1005.0540161132811,1005.0540161132811,1005.0540161132812,0,0.0,0.0
2002-05-07 00:00:00+09:00,973.646240234375,973.646240234375,973.646240234375,973.646240234375,400,0.0,0.0
2002-05-08 00:00:00+09:00,973.646240234375,973.646240234375,973.646240234375,973.646240234375,0,0.0,0.0
2002-05-09 00:00:00+09:00,973.646240234375,973.646240234375,973.646240234375,973.646240234375,0,0.0,0.0
2002-05-10 00:00:00+09:00,942.2382202148439,989.350131225586,942.2382202148439,942.2382202148438,1400,0.0,0.0
2002-05-13 00:00:00+09:00,942.2382202148439,942.2382202148439,942.2382202148439,942.2382202148438,0,0.0,0.0
2002-05-14 00:00:00+09:00,942.2382202148439,942.2382202148439,942.2382202148439,942.2382202148438,0,0.0,0.0
2002-05-15 00:00:00+09:00,942.2382202148439,942.2382202148439,942.2382202148439,942.2382202148438,0,0.0,0.0
2002-05-16 00:00:00+09:00,957.942138671875,957.942138671875,957.942138671875,957.942138671875,400,0.0,0.0
2002-05-17 00:00:00+09:00,957.942138671875,957.942138671875,957.942138671875,957.942138671875,0,0.0,0.0
2002-05-20 00:00:00+09:00,957.942138671875,957.942138671875,957.942138671875,957.942138671875,0,0.0,0.0
2002-05-21 00:00:00+09:00,926.5342498779297,942.2382202148439,926.5342498779297,942.2382202148438,400,0.0,0.0
2002-05-22 00:00:00+09:00,942.2382202148439,942.2382202148439,942.2382202148439,942.2382202148438,600,0.0,0.0
2002-05-23 00:00:00+09:00,973.646160888672,973.646160888672,942.2382202148439,942.2382202148438,1000,0.0,0.0
2002-05-24 00:00:00+09:00,942.238297001008,973.646240234375,942.238297001008,973.646240234375,1000,0.0,0.0
2002-05-27 00:00:00+09:00,973.646240234375,973.646240234375,973.646240234375,973.646240234375,0,0.0,0.0
2002-05-28 00:00:00+09:00,973.6461278521825,989.35009765625,973.6461278521825,989.35009765625,2000,0.0,0.0
2002-05-29 00:00:00+09:00,1005.0540161132811,1005.0540161132811,961.0829029083251,1005.0540161132812,1800,0.0,0.0
2002-05-30 00:00:00+09:00,989.35009765625,989.35009765625,973.6461278521825,989.35009765625,1000,0.0,0.0
2002-05-31 00:00:00+09:00,989.35009765625,989.35009765625,989.35009765625,989.35009765625,0,0.0,0.0
2002-06-03 00:00:00+09:00,992.4909667968751,992.4909667968751,992.4909667968751,992.490966796875,400,0.0,0.0
2002-06-04 00:00:00+09:00,957.942138671875,957.942138671875,957.942138671875,957.942138671875,200,0.0,0.0
2002-06-05 00:00:00+09:00,926.5341186523439,926.5341186523439,926.5341186523439,926.5341186523438,200,0.0,0.0
2002-06-06 00:00:00+09:00,926.5341186523439,926.5341186523439,926.5341186523439,926.5341186523438,0,0.0,0.0
2002-06-07 00:00:00+09:00,926.5341186523439,926.5341186523439,926.5341186523439,926.5341186523438,0,0.0,0.0
2002-06-10 00:00:00+09:00,973.646240234375,973.646240234375,973.646240234375,973.646240234375,1000,0.0,0.0
2002-06-11 00:00:00+09:00,1005.0540161132811,1005.0540161132811,1005.0540161132811,1005.0540161132812,200,0.0,0.0
2002-06-12 00:00:00+09:00,973.646389633862,1052.166259765625,973.646389633862,1052.166259765625,2400,0.0,0.0
2002-06-13 00:00:00+09:00,1036.4619140625,1036.4619140625,1036.4619140625,1036.4619140625,1400,0.0,0.0
2002-06-14 00:00:00+09:00,1036.4619140625,1036.4619140625,1036.4619140625,1036.4619140625,0,0.0,0.0
2002-06-17 00:00:00+09:00,1067.8701171875,1067.8701171875,1005.0542279411765,1067.8701171875,800,0.0,0.0
2002-06-18 00:00:00+09:00,1067.8699501439144,1193.501708984375,1067.8699501439144,1193.501708984375,4600,0.0,0.0
2002-06-19 00:00:00+09:00,1240.6135762532554,1256.3175455729167,1130.685791015625,1130.685791015625,5400,0.0,0.0
2002-06-20 00:00:00+09:00,1099.2779541015625,1099.2779541015625,1099.2779541015625,1099.2779541015625,400,0.0,0.0
2002-06-21 00:00:00+09:00,1099.2779541015625,1099.2779541015625,1099.2779541015625,1099.2779541015625,400,0.0,0.0
2002-06-24 00:00:00+09:00,1067.8700307992788,1067.8700307992788,1020.7581176757812,1020.7581176757812,1600,0.0,0.0
2002-06-25 00:00:00+09:00,1025.4908825102307,1025.4908825102307,993.9373168945311,993.9373168945312,1000,7.5,0.0
2002-06-26 00:00:00+09:00,993.9373168945311,993.9373168945311,993.9373168945311,993.9373168945312,0,0.0,0.0
2002-06-27 00:00:00+09:00,1009.7146634615385,1025.491455078125,1009.7146634615385,1025.491455078125,400,0.0,0.0
2002-06-28 00:00:00+09:00,1025.4908825102307,1025.4908825102307,993.9373168945311,993.9373168945312,600,0.0,0.0
2002-07-01 00:00:00+09:00,993.9373168945311,993.9373168945311,993.9373168945311,993.9373168945312,0,0.0,0.0
2002-07-02 00:00:00+09:00,1009.7144356343284,1057.0447998046875,978.1608595207556,1057.0447998046875,2600,0.0,0.0
2002-07-03 00:00:00+09:00,1088.598388671875,1088.598388671875,1088.598388671875,1088.598388671875,400,0.0,0.0
2002-07-04 00:00:00+09:00,1088.598388671875,1088.598388671875,1088.598388671875,1088.598388671875,0,0.0,0.0
2002-07-05 00:00:00+09:00,1041.2680549621582,1041.2680549621582,1009.7144775390625,1009.7144775390625,800,0.0,0.0
2002-07-08 00:00:00+09:00,1009.7144775390625,1009.7144775390625,1009.7144775390625,1009.7144775390625,0,0.0,0.0
2002-07-09 00:00:00+09:00,1009.7144775390625,1009.7144775390625,1009.7144775390625,1009.7144775390625,0,0.0,0.0
2002-07-10 00:00:00+09:00,1041.2676653180804,1041.2676653180804,993.9373168945311,993.9373168945312,2400,0.0,0.0
2002-07-11 00:00:00+09:00,978.1609395345052,978.1609395345052,946.6073608398439,946.6073608398438,2400,0.0,0.0
2002-07-12 00:00:00+09:00,946.6073608398439,946.6073608398439,946.6073608398439,946.6073608398438,0,0.0,0.0
2002-07-15 00:00:00+09:00,962.3840942382812,962.3840942382812,962.3840942382812,962.3840942382812,200,0.0,0.0
2002-07-16 00:00:00+09:00,962.3840942382812,962.3840942382812,962.3840942382812,962.3840942382812,0,0.0,0.0
2002-07-17 00:00:00+09:00,959.2286612817796,959.2286612817796,930.8304443359375,930.8304443359375,1200,0.0,0.0
2002-07-18 00:00:00+09:00,946.6070168791805,946.6070168791805,943.4516601562499,943.45166015625,1000,0.0,0.0
2002-07-19 00:00:00+09:00,946.607231528072,946.607231528072,930.8304443359375,930.8304443359375,600,0.0,0.0
2002-07-22 00:00:00+09:00,918.2090145822299,930.8304443359375,918.2090145822299,930.8304443359375,400,0.0,0.0
2002-07-23 00:00:00+09:00,930.8305173780097,962.3840942382812,918.209086633901,962.3840942382812,3000,0.0,0.0
2002-07-24 00:00:00+09:00,946.6073608398439,946.6073608398439,946.6073608398439,946.6073608398438,200,0.0,0.0
2002-07-25 00:00:00+09:00,946.6073608398439,946.6073608398439,946.6073608398439,946.6073608398438,400,0.0,0.0
2002-07-26 00:00:00+09:00,946.6073608398439,946.6073608398439,946.6073608398439,946.6073608398438,0,0.0,0.0
2002-07-29 00:00:00+09:00,946.6073608398439,946.6073608398439,946.6073608398439,946.6073608398438,0,0.0,0.0
2002-07-30 00:00:00+09:00,946.6073608398439,946.6073608398439,946.6073608398439,946.6073608398438,0,0.0,0.0
2002-07-31 00:00:00+09:00,993.9373168945311,993.9373168945311,993.9373168945311,993.9373168945312,400,0.0,0.0
2002-08-01 00:00:00+09:00,993.9373168945311,993.9373168945311,993.9373168945311,993.9373168945312,0,0.0,0.0
2002-08-02 00:00:00+09:00,993.9373168945311,993.9373168945311,993.9373168945311,993.9373168945312,0,0.0,0.0
2002-08-05 00:00:00+09:00,993.9373168945311,993.9373168945311,993.9373168945311,993.9373168945312,0,0.0,0.0
2002-08-06 00:00:00+09:00,962.3840942382812,962.3840942382812,962.3840942382812,962.3840942382812,200,0.0,0.0
2002-08-07 00:00:00+09:00,978.1608059123411,978.1608059123411,930.8304443359375,930.8304443359375,600,0.0,0.0
2002-08-08 00:00:00+09:00,930.8304443359375,930.8304443359375,930.8304443359375,930.8304443359375,0,0.0,0.0
2002-08-09 00:00:00+09:00,930.8304443359375,930.8304443359375,930.8304443359375,930.8304443359375,0,0.0,0.0
2002-08-12 00:00:00+09:00,946.6073608398439,946.6073608398439,946.6073608398439,946.6073608398438,400,0.0,0.0
2002-08-13 00:00:00+09:00,946.6073608398439,946.6073608398439,946.6073608398439,946.6073608398438,0,0.0,0.0
2002-08-14 00:00:00+09:00,946.6073608398439,946.6073608398439,946.6073608398439,946.6073608398438,0,0.0,0.0
2002-08-15 00:00:00+09:00,946.6073608398439,946.6073608398439,946.6073608398439,946.6073608398438,0,0.0,0.0
2002-08-16 00:00:00+09:00,930.8304443359375,930.8304443359375,930.8304443359375,930.8304443359375,400,0.0,0.0
2002-08-19 00:00:00+09:00,930.8304443359375,930.8304443359375,930.8304443359375,930.8304443359375,0,0.0,0.0
2002-08-20 00:00:00+09:00,930.8304443359375,930.8304443359375,930.8304443359375,930.8304443359375,0,0.0,0.0
2002-08-21 00:00:00+09:00,930.8304443359375,930.8304443359375,930.8304443359375,930.8304443359375,0,0.0,0.0
2002-08-22 00:00:00+09:00,899.2769099644253,899.2769099644253,883.5001220703125,883.5001220703125,1000,0.0,0.0
2002-08-23 00:00:00+09:00,883.5001220703125,883.5001220703125,883.5001220703125,883.5001220703125,0,0.0,0.0
2002-08-26 00:00:00+09:00,946.607231528072,946.607231528072,930.8304443359375,930.8304443359375,1200,0.0,0.0
2002-08-27 00:00:00+09:00,915.0535278320312,915.0535278320312,915.0535278320312,915.0535278320312,400,0.0,0.0
2002-08-28 00:00:00+09:00,915.0535278320312,915.0535278320312,915.0535278320312,915.0535278320312,400,0.0,0.0
2002-08-29 00:00:00+09:00,915.0535278320312,915.0535278320312,915.0535278320312,915.0535278320312,0,0.0,0.0
2002-08-30 00:00:00+09:00,915.0535278320312,915.0535278320312,915.0535278320312,915.0535278320312,0,0.0,0.0
2002-09-02 00:00:00+09:00,915.0535278320312,915.0535278320312,915.0535278320312,915.0535278320312,0,0.0,0.0
2002-09-03 00:00:00+09:00,915.0535278320312,915.0535278320312,915.0535278320312,915.0535278320312,0,0.0,0.0
2002-09-04 00:00:00+09:00,915.0535278320312,915.0535278320312,915.0535278320312,915.0535278320312,0,0.0,0.0
2002-09-05 00:00:00+09:00,930.8304443359375,930.8304443359375,930.8304443359375,930.8304443359375,400,0.0,0.0
2002-09-06 00:00:00+09:00,899.2768699516685,930.8304443359375,899.2768699516685,930.8304443359375,800,0.0,0.0
2002-09-09 00:00:00+09:00,930.8304443359375,930.8304443359375,930.8304443359375,930.8304443359375,0,0.0,0.0
2002-09-10 00:00:00+09:00,930.8305714925131,946.6073608398439,930.8305714925131,946.6073608398438,800,0.0,0.0
2002-09-11 00:00:00+09:00,946.6073608398439,946.6073608398439,946.6073608398439,946.6073608398438,0,0.0,0.0
2002-09-12 00:00:00+09:00,946.6073608398439,946.6073608398439,946.6073608398439,946.6073608398438,0,0.0,0.0
2002-09-13 00:00:00+09:00,946.6073608398439,946.6073608398439,946.6073608398439,946.6073608398438,0,0.0,0.0
2002-09-16 00:00:00+09:00,946.6073608398439,946.6073608398439,946.6073608398439,946.6073608398438,0,0.0,0.0
2002-09-17 00:00:00+09:00,946.6073608398439,946.6073608398439,946.6073608398439,946.6073608398438,0,0.0,0.0
2002-09-18 00:00:00+09:00,946.6073608398439,946.6073608398439,946.6073608398439,946.6073608398438,0,0.0,0.0
2002-09-19 00:00:00+09:00,946.6073608398439,946.6073608398439,946.6073608398439,946.6073608398438,0,0.0,0.0
2002-09-20 00:00:00+09:00,946.6073608398439,946.6073608398439,946.6073608398439,946.6073608398438,0,0.0,0.0
2002-09-23 00:00:00+09:00,946.6073608398439,946.6073608398439,946.6073608398439,946.6073608398438,0,0.0,0.0
2002-09-24 00:00:00+09:00,946.6073608398439,946.6073608398439,946.6073608398439,946.6073608398438,0,0.0,0.0
2002-09-25 00:00:00+09:00,946.6073608398439,946.6073608398439,946.6073608398439,946.6073608398438,0,0.0,0.0
2002-09-26 00:00:00+09:00,946.6073608398439,946.6073608398439,946.6073608398439,946.6073608398438,0,0.0,0.0
2002-09-27 00:00:00+09:00,946.6073608398439,946.6073608398439,946.6073608398439,946.6073608398438,0,0.0,0.0
2002-09-30 00:00:00+09:00,946.6073608398439,946.6073608398439,946.6073608398439,946.6073608398438,0,0.0,0.0
2002-10-01 00:00:00+09:00,946.6073608398439,946.6073608398439,946.6073608398439,946.6073608398438,0,0.0,0.0
2002-10-02 00:00:00+09:00,978.1607055664062,1022.335705172631,978.1607055664062,978.1607055664062,800,0.0,0.0
2002-10-03 00:00:00+09:00,978.1607055664062,978.1607055664062,978.1607055664062,978.1607055664062,0,0.0,0.0
2002-10-04 00:00:00+09:00,978.1607055664062,978.1607055664062,978.1607055664062,978.1607055664062,0,0.0,0.0
2002-10-07 00:00:00+09:00,962.3841501871746,962.3841501871746,946.6073608398439,946.6073608398438,800,0.0,0.0
2002-10-08 00:00:00+09:00,946.6073608398439,946.6073608398439,946.6073608398439,946.6073608398438,0,0.0,0.0
2002-10-09 00:00:00+09:00,883.5001220703125,883.5001220703125,851.9465462820871,883.5001220703125,600,0.0,0.0
2002-10-10 00:00:00+09:00,915.0536838107638,915.0536838107638,820.3929578993055,851.946533203125,3400,0.0,0.0
2002-10-11 00:00:00+09:00,851.9461388221154,851.9461388221154,788.8390174278846,820.392578125,800,0.0,0.0
2002-10-14 00:00:00+09:00,820.392578125,820.392578125,820.392578125,820.392578125,0,0.0,0.0
2002-10-15 00:00:00+09:00,820.392578125,820.392578125,820.392578125,820.392578125,0,0.0,0.0
2002-10-16 00:00:00+09:00,820.392578125,820.392578125,820.392578125,820.392578125,0,0.0,0.0
2002-10-17 00:00:00+09:00,836.1695556640625,836.1695556640625,836.1695556640625,836.1695556640625,200,0.0,0.0
2002-10-18 00:00:00+09:00,836.1695556640625,836.1695556640625,836.1695556640625,836.1695556640625,0,0.0,0.0
2002-10-21 00:00:00+09:00,820.392578125,820.392578125,820.392578125,820.392578125,200,0.0,0.0
2002-10-22 00:00:00+09:00,820.392578125,820.392578125,820.392578125,820.392578125,0,0.0,0.0
2002-10-23 00:00:00+09:00,820.392578125,820.392578125,820.392578125,820.392578125,0,0.0,0.0
2002-10-24 00:00:00+09:00,820.392578125,820.392578125,820.392578125,820.392578125,0,0.0,0.0
2002-10-25 00:00:00+09:00,820.392578125,820.392578125,820.392578125,820.392578125,0,0.0,0.0
2002-10-28 00:00:00+09:00,851.9465332031249,851.9465332031249,851.9465332031249,851.946533203125,400,0.0,0.0
2002-10-29 00:00:00+09:00,851.9465332031249,851.9465332031249,851.9465332031249,851.946533203125,200,0.0,0.0
2002-10-30 00:00:00+09:00,851.9465332031249,851.9465332031249,851.9465332031249,851.946533203125,0,0.0,0.0
2002-10-31 00:00:00+09:00,851.9465332031249,851.9465332031249,851.9465332031249,851.946533203125,0,0.0,0.0
2002-11-01 00:00:00+09:00,851.9465332031249,851.9465332031249,851.9465332031249,851.946533203125,0,0.0,0.0
2002-11-04 00:00:00+09:00,851.9465332031249,851.9465332031249,851.9465332031249,851.946533203125,0,0.0,0.0
2002-11-05 00:00:00+09:00,851.9465332031249,851.9465332031249,851.9465332031249,851.946533203125,0,0.0,0.0
2002-11-06 00:00:00+09:00,883.5001220703125,883.5001220703125,883.5001220703125,883.5001220703125,600,0.0,0.0
2002-11-07 00:00:00+09:00,883.5001220703125,883.5001220703125,883.5001220703125,883.5001220703125,0,0.0,0.0
2002-11-08 00:00:00+09:00,883.5001220703125,883.5001220703125,883.5001220703125,883.5001220703125,0,0.0,0.0
2002-11-11 00:00:00+09:00,915.0536512790766,915.0536512790766,839.3250732421875,839.3250732421875,600,0.0,0.0
2002-11-12 00:00:00+09:00,836.1695556640625,836.1695556640625,836.1695556640625,836.1695556640625,200,0.0,0.0
2002-11-13 00:00:00+09:00,836.1695556640625,836.1695556640625,836.1695556640625,836.1695556640625,0,0.0,0.0
2002-11-14 00:00:00+09:00,788.8394775390625,788.8394775390625,788.8394775390625,788.8394775390625,600,0.0,0.0
2002-11-15 00:00:00+09:00,773.0626879882813,788.8394775390625,773.0626879882813,788.8394775390625,1600,0.0,0.0
2002-11-18 00:00:00+09:00,788.8394775390625,788.8394775390625,788.8394775390625,788.8394775390625,0,0.0,0.0
2002-11-19 00:00:00+09:00,788.8394775390625,788.8394775390625,788.8394775390625,788.8394775390625,0,0.0,0.0
2002-11-20 00:00:00+09:00,788.8394775390625,788.8394775390625,788.8394775390625,788.8394775390625,0,0.0,0.0
2002-11-21 00:00:00+09:00,788.8394775390625,788.8394775390625,788.8394775390625,788.8394775390625,0,0.0,0.0
2002-11-22 00:00:00+09:00,788.8394775390625,788.8394775390625,788.8394775390625,788.8394775390625,0,0.0,0.0
2002-11-25 00:00:00+09:00,788.8394775390625,788.8394775390625,788.8394775390625,788.8394775390625,0,0.0,0.0
2002-11-26 00:00:00+09:00,788.8394775390625,788.8394775390625,788.8394775390625,788.8394775390625,0,0.0,0.0
2002-11-27 00:00:00+09:00,836.1695556640625,836.1695556640625,836.1695556640625,836.1695556640625,200,0.0,0.0
2002-11-28 00:00:00+09:00,851.9465332031249,851.9465332031249,851.9465332031249,851.946533203125,200,0.0,0.0
2002-11-29 00:00:00+09:00,836.1695556640625,836.1695556640625,836.1695556640625,836.1695556640625,400,0.0,0.0
2002-12-02 00:00:00+09:00,836.1695556640625,836.1695556640625,836.1695556640625,836.1695556640625,0,0.0,0.0
2002-12-03 00:00:00+09:00,867.7232055664061,867.7232055664061,867.7232055664061,867.7232055664062,200,0.0,0.0
2002-12-04 00:00:00+09:00,867.7232055664061,867.7232055664061,867.7232055664061,867.7232055664062,0,0.0,0.0
2002-12-05 00:00:00+09:00,842.4802692917158,842.4802692917158,836.1695556640625,836.1695556640625,800,0.0,0.0
2002-12-06 00:00:00+09:00,836.1695556640625,836.1695556640625,836.1695556640625,836.1695556640625,0,0.0,0.0
2002-12-09 00:00:00+09:00,836.1695556640625,836.1695556640625,836.1695556640625,836.1695556640625,0,0.0,0.0
2002-12-10 00:00:00+09:00,867.7232055664061,867.7232055664061,867.7232055664061,867.7232055664062,400,0.0,0.0
2002-12-11 00:00:00+09:00,867.7232055664061,867.7232055664061,867.7232055664061,867.7232055664062,0,0.0,0.0
2002-12-12 00:00:00+09:00,867.7232055664061,867.7232055664061,867.7232055664061,867.7232055664062,0,0.0,0.0
2002-12-13 00:00:00+09:00,804.6160278320312,804.6160278320312,804.6160278320312,804.6160278320312,200,0.0,0.0
2002-12-16 00:00:00+09:00,788.8394775390625,788.8394775390625,788.8394775390625,788.8394775390625,200,0.0,0.0
2002-12-17 00:00:00+09:00,788.8394775390625,788.8394775390625,788.8394775390625,788.8394775390625,600,0.0,0.0
2002-12-18 00:00:00+09:00,757.2857055664062,788.8392766316732,757.2857055664062,757.2857055664062,1200,0.0,0.0
2002-12-19 00:00:00+09:00,725.732245262633,741.509033203125,725.732245262633,741.509033203125,1200,0.0,0.0
2002-12-20 00:00:00+09:00,725.7322248979049,725.7322248979049,662.6250749067826,694.1786499023438,3600,0.0,0.0
2002-12-23 00:00:00+09:00,694.1786499023438,694.1786499023438,694.1786499023438,694.1786499023438,0,0.0,0.0
2002-12-24 00:00:00+09:00,725.7322387695312,725.7322387695312,662.6250875721806,725.7322387695312,3000,0.0,0.0
2002-12-25 00:00:00+09:00,725.7322387695312,725.7322387695312,725.7322387695312,725.7322387695312,0,0.0,0.0
2002-12-26 00:00:00+09:00,725.7322387695312,725.7322387695312,725.7322387695312,725.7322387695312,0,0.0,0.0
2002-12-27 00:00:00+09:00,738.3537509765625,788.8394775390625,738.3537509765625,788.8394775390625,1800,0.0,0.0
2002-12-30 00:00:00+09:00,820.3928571428572,820.3928571428572,773.0625,773.0625,400,0.0,0.0
2002-12-31 00:00:00+09:00,773.0625,773.0625,773.0625,773.0625,0,0.0,0.0
2003-01-01 00:00:00+09:00,773.0625,773.0625,773.0625,773.0625,0,0.0,0.0
2003-01-02 00:00:00+09:00,773.0625,773.0625,773.0625,773.0625,0,0.0,0.0
2003-01-03 00:00:00+09:00,773.0625,773.0625,773.0625,773.0625,0,0.0,0.0
2003-01-06 00:00:00+09:00,788.8394775390625,788.8394775390625,788.8394775390625,788.8394775390625,200,0.0,0.0
2003-01-07 00:00:00+09:00,788.8394775390625,788.8394775390625,788.8394775390625,788.8394775390625,1400,0.0,0.0
2003-01-08 00:00:00+09:00,788.8394775390625,788.8394775390625,757.2858984375,788.8394775390625,600,0.0,0.0
2003-01-09 00:00:00+09:00,788.8394775390625,788.8394775390625,788.8394775390625,788.8394775390625,0,0.0,0.0
2003-01-10 00:00:00+09:00,788.8394775390625,788.8394775390625,788.8394775390625,788.8394775390625,600,0.0,0.0
2003-01-13 00:00:00+09:00,788.8394775390625,788.8394775390625,788.8394775390625,788.8394775390625,0,0.0,0.0
2003-01-14 00:00:00+09:00,788.8394775390625,788.8394775390625,788.8394775390625,788.8394775390625,0,0.0,0.0
2003-01-15 00:00:00+09:00,788.8394775390625,788.8394775390625,788.8394775390625,788.8394775390625,0,0.0,0.0
2003-01-16 00:00:00+09:00,757.2857055664062,757.2857055664062,757.2857055664062,757.2857055664062,200,0.0,0.0
2003-01-17 00:00:00+09:00,757.2857055664062,757.2857055664062,757.2857055664062,757.2857055664062,0,0.0,0.0
2003-01-20 00:00:00+09:00,820.392578125,820.392578125,820.392578125,820.392578125,200,0.0,0.0
2003-01-21 00:00:00+09:00,788.8392857142858,788.8392857142858,773.0625,773.0625,1400,0.0,0.0
2003-01-22 00:00:00+09:00,773.0625,773.0625,773.0625,773.0625,0,0.0,0.0
2003-01-23 00:00:00+09:00,820.392578125,820.392578125,820.392578125,820.392578125,600,0.0,0.0
2003-01-24 00:00:00+09:00,820.392578125,820.392578125,820.392578125,820.392578125,0,0.0,0.0
2003-01-27 00:00:00+09:00,820.392578125,820.392578125,820.392578125,820.392578125,0,0.0,0.0
2003-01-28 00:00:00+09:00,820.392578125,820.392578125,820.392578125,820.392578125,0,0.0,0.0
2003-01-29 00:00:00+09:00,820.392578125,820.392578125,820.392578125,820.392578125,200,0.0,0.0
2003-01-30 00:00:00+09:00,820.392578125,820.392578125,820.392578125,820.392578125,0,0.0,0.0
2003-01-31 00:00:00+09:00,820.392578125,820.392578125,820.392578125,820.392578125,0,0.0,0.0
2003-02-03 00:00:00+09:00,839.3250732421875,839.3250732421875,839.3250732421875,839.3250732421875,400,0.0,0.0
2003-02-04 00:00:00+09:00,839.3250732421875,839.3250732421875,839.3250732421875,839.3250732421875,0,0.0,0.0
2003-02-05 00:00:00+09:00,839.3250732421875,839.3250732421875,839.3250732421875,839.3250732421875,0,0.0,0.0
2003-02-06 00:00:00+09:00,839.3250732421875,839.3250732421875,839.3250732421875,839.3250732421875,0,0.0,0.0
2003-02-07 00:00:00+09:00,851.9465332031249,851.9465332031249,851.9465332031249,851.946533203125,600,0.0,0.0
2003-02-10 00:00:00+09:00,883.5001220703125,915.0536978585379,883.5001220703125,883.5001220703125,600,0.0,0.0
2003-02-11 00:00:00+09:00,883.5001220703125,883.5001220703125,883.5001220703125,883.5001220703125,0,0.0,0.0
2003-02-12 00:00:00+09:00,883.5001220703125,883.5001220703125,883.5001220703125,883.5001220703125,0,0.0,0.0
2003-02-13 00:00:00+09:00,883.5001220703125,883.5001220703125,883.5001220703125,883.5001220703125,0,0.0,0.0
2003-02-14 00:00:00+09:00,883.5001220703125,883.5001220703125,883.5001220703125,883.5001220703125,0,0.0,0.0
2003-02-17 00:00:00+09:00,883.5001220703125,883.5001220703125,883.5001220703125,883.5001220703125,0,0.0,0.0
2003-02-18 00:00:00+09:00,883.5001220703125,883.5001220703125,883.5001220703125,883.5001220703125,0,0.0,0.0
2003-02-19 00:00:00+09:00,883.5001220703125,883.5001220703125,883.5001220703125,883.5001220703125,0,0.0,0.0
2003-02-20 00:00:00+09:00,883.5001220703125,883.5001220703125,883.5001220703125,883.5001220703125,0,0.0,0.0
2003-02-21 00:00:00+09:00,883.5001220703125,883.5001220703125,883.5001220703125,883.5001220703125,0,0.0,0.0
2003-02-24 00:00:00+09:00,930.8304443359375,930.8304443359375,930.8304443359375,930.8304443359375,200,0.0,0.0
2003-02-25 00:00:00+09:00,943.4516601562499,946.6070168791805,930.8302332645275,943.45166015625,1400,0.0,0.0
2003-02-26 00:00:00+09:00,943.4516601562499,943.4516601562499,943.4516601562499,943.45166015625,0,0.0,0.0
2003-02-27 00:00:00+09:00,915.0535278320312,915.0535278320312,915.0535278320312,915.0535278320312,200,0.0,0.0
2003-02-28 00:00:00+09:00,915.0535278320312,915.0535278320312,915.0535278320312,915.0535278320312,600,0.0,0.0
2003-03-03 00:00:00+09:00,946.6073608398439,946.6073608398439,943.4520029703776,946.6073608398438,1600,0.0,0.0
2003-03-04 00:00:00+09:00,946.6073608398439,946.6073608398439,946.6073608398439,946.6073608398438,0,0.0,0.0
2003-03-05 00:00:00+09:00,930.8304293448465,930.8304293448465,851.9464946546053,899.27685546875,5600,0.0,0.0
2003-03-06 00:00:00+09:00,899.27685546875,899.27685546875,899.27685546875,899.27685546875,0,0.0,0.0
2003-03-07 00:00:00+09:00,915.0535278320312,915.0535278320312,915.0535278320312,915.0535278320312,400,0.0,0.0
2003-03-10 00:00:00+09:00,915.0535278320312,915.0535278320312,915.0535278320312,915.0535278320312,200,0.0,0.0
2003-03-11 00:00:00+09:00,915.0535278320312,915.0535278320312,915.0535278320312,915.0535278320312,0,0.0,0.0
2003-03-12 00:00:00+09:00,915.0535278320312,915.0535278320312,915.0535278320312,915.0535278320312,0,0.0,0.0
2003-03-13 00:00:00+09:00,915.0535278320312,915.0535278320312,915.0535278320312,915.0535278320312,400,0.0,0.0
2003-03-14 00:00:00+09:00,915.0535278320312,915.0535278320312,915.0535278320312,915.0535278320312,0,0.0,0.0
2003-03-17 00:00:00+09:00,915.0535278320312,915.0535278320312,915.0535278320312,915.0535278320312,0,0.0,0.0
2003-03-18 00:00:00+09:00,915.0535278320312,915.0535278320312,915.0535278320312,915.0535278320312,200,0.0,0.0
2003-03-19 00:00:00+09:00,915.0535278320312,915.0535278320312,915.0535278320312,915.0535278320312,0,0.0,0.0
2003-03-20 00:00:00+09:00,915.0535278320312,915.0535278320312,915.0535278320312,915.0535278320312,0,0.0,0.0
2003-03-21 00:00:00+09:00,915.0535278320312,915.0535278320312,915.0535278320312,915.0535278320312,0,0.0,0.0
2003-03-24 00:00:00+09:00,915.0535278320312,915.0535278320312,915.0535278320312,915.0535278320312,0,0.0,0.0
2003-03-25 00:00:00+09:00,915.0535278320312,915.0535278320312,915.0535278320312,915.0535278320312,0,0.0,0.0
2003-03-26 00:00:00+09:00,915.053657143803,930.8304443359375,915.053657143803,930.8304443359375,400,0.0,0.0
2003-03-27 00:00:00+09:00,930.8304443359375,930.8304443359375,930.8304443359375,930.8304443359375,0,0.0,0.0
2003-03-28 00:00:00+09:00,930.8304443359375,930.8304443359375,930.8304443359375,930.8304443359375,0,0.0,0.0
2003-03-31 00:00:00+09:00,946.6073608398439,946.6073608398439,946.6073608398439,946.6073608398438,200,0.0,0.0
2003-04-01 00:00:00+09:00,946.6073608398439,946.6073608398439,946.6073608398439,946.6073608398438,0,0.0,0.0
2003-04-02 00:00:00+09:00,946.6073608398439,946.6073608398439,946.6073608398439,946.6073608398438,0,0.0,0.0
2003-04-03 00:00:00+09:00,946.6073608398439,946.6073608398439,946.6073608398439,946.6073608398438,0,0.0,0.0
2003-04-04 00:00:00+09:00,946.6073608398439,946.6073608398439,946.6073608398439,946.6073608398438,0,0.0,0.0
2003-04-07 00:00:00+09:00,946.6073608398439,946.6073608398439,946.6073608398439,946.6073608398438,0,0.0,0.0
2003-04-08 00:00:00+09:00,899.2767428694101,915.0535278320312,899.2767428694101,915.0535278320312,400,0.0,0.0
2003-04-09 00:00:00+09:00,915.0535278320312,915.0535278320312,915.0535278320312,915.0535278320312,0,0.0,0.0
2003-04-10 00:00:00+09:00,915.0535278320312,915.0535278320312,915.0535278320312,915.0535278320312,400,0.0,0.0
2003-04-11 00:00:00+09:00,915.0535278320312,915.0535278320312,915.0535278320312,915.0535278320312,200,0.0,0.0
2003-04-14 00:00:00+09:00,899.2769099644253,899.2769099644253,883.5001220703125,883.5001220703125,600,0.0,0.0
2003-04-15 00:00:00+09:00,915.0535278320312,915.0535278320312,915.0535278320312,915.0535278320312,200,0.0,0.0
2003-04-16 00:00:00+09:00,915.0535278320312,915.0535278320312,915.0535278320312,915.0535278320312,0,0.0,0.0
2003-04-17 00:00:00+09:00,915.0535278320312,915.0535278320312,915.0535278320312,915.0535278320312,0,0.0,0.0
2003-04-18 00:00:00+09:00,915.0535278320312,915.0535278320312,915.0535278320312,915.0535278320312,0,0.0,0.0
2003-04-21 00:00:00+09:00,915.0535278320312,915.0535278320312,915.0535278320312,915.0535278320312,0,0.0,0.0
2003-04-22 00:00:00+09:00,915.0535278320312,915.0535278320312,915.0535278320312,915.0535278320312,0,0.0,0.0
2003-04-23 00:00:00+09:00,915.0535278320312,915.0535278320312,915.0535278320312,915.0535278320312,0,0.0,0.0
2003-04-24 00:00:00+09:00,915.0535278320312,915.0535278320312,915.0535278320312,915.0535278320312,400,0.0,0.0
2003-04-25 00:00:00+09:00,915.0535278320312,915.0535278320312,915.0535278320312,915.0535278320312,0,0.0,0.0
2003-04-28 00:00:00+09:00,915.0535278320312,915.0535278320312,915.0535278320312,915.0535278320312,0,0.0,0.0
2003-04-29 00:00:00+09:00,915.0535278320312,915.0535278320312,915.0535278320312,915.0535278320312,0,0.0,0.0
2003-04-30 00:00:00+09:00,915.0535278320312,915.0535278320312,915.0535278320312,915.0535278320312,400,0.0,0.0
2003-05-01 00:00:00+09:00,915.0535278320312,915.0535278320312,915.0535278320312,915.0535278320312,400,0.0,0.0
2003-05-02 00:00:00+09:00,915.0535278320312,915.0535278320312,915.0535278320312,915.0535278320312,0,0.0,0.0
2003-05-05 00:00:00+09:00,915.0535278320312,915.0535278320312,915.0535278320312,915.0535278320312,0,0.0,0.0
2003-05-06 00:00:00+09:00,946.6073608398439,946.6073608398439,946.6073608398439,946.6073608398438,400,0.0,0.0
2003-05-07 00:00:00+09:00,946.6073608398439,946.6073608398439,946.6073608398439,946.6073608398438,0,0.0,0.0
2003-05-08 00:00:00+09:00,946.6073608398439,946.6073608398439,946.6073608398439,946.6073608398438,0,0.0,0.0
2003-05-09 00:00:00+09:00,946.6073608398439,946.6073608398439,946.6073608398439,946.6073608398438,0,0.0,0.0
2003-05-12 00:00:00+09:00,946.6073058081455,962.3840942382812,946.6073058081455,962.3840942382812,1000,0.0,0.0
2003-05-13 00:00:00+09:00,978.1607055664062,978.1607055664062,946.6071344191029,978.1607055664062,800,0.0,0.0
2003-05-14 00:00:00+09:00,978.1609001159668,1025.4912662506104,978.1609001159668,1009.7144775390625,2800,0.0,0.0
2003-05-15 00:00:00+09:00,1009.7146634615385,1041.2682466947115,1009.7146634615385,1025.491455078125,2800,0.0,0.0
2003-05-16 00:00:00+09:00,1041.2682466947115,1041.2682466947115,1025.491455078125,1025.491455078125,1600,0.0,0.0
2003-05-19 00:00:00+09:00,1041.267822265625,1041.267822265625,1041.267822265625,1041.267822265625,200,0.0,0.0
2003-05-20 00:00:00+09:00,1041.267822265625,1057.0446074514678,1025.4910370797822,1041.267822265625,1000,0.0,0.0
2003-05-21 00:00:00+09:00,1041.267822265625,1041.267822265625,1041.267822265625,1041.267822265625,0,0.0,0.0
2003-05-22 00:00:00+09:00,1041.2682466947115,1041.2682466947115,1025.491455078125,1025.491455078125,400,0.0,0.0
2003-05-23 00:00:00+09:00,993.9376888275146,1009.7144775390625,993.9376888275146,1009.7144775390625,400,0.0,0.0
2003-05-26 00:00:00+09:00,1009.7144775390625,1009.7144775390625,1009.7144775390625,1009.7144775390625,0,0.0,0.0
2003-05-27 00:00:00+09:00,1016.0251930236816,1025.4912662506104,1009.7144775390625,1009.7144775390625,600,0.0,0.0
2003-05-28 00:00:00+09:00,1025.491455078125,1025.491455078125,1025.491455078125,1025.491455078125,400,0.0,0.0
2003-05-29 00:00:00+09:00,1057.0447998046875,1057.0447998046875,1057.0447998046875,1057.0447998046875,200,0.0,0.0
2003-05-30 00:00:00+09:00,1057.0447998046875,1057.0447998046875,1057.0447998046875,1057.0447998046875,0,0.0,0.0
2003-06-02 00:00:00+09:00,1057.0447998046875,1057.0447998046875,1057.0447998046875,1057.0447998046875,0,0.0,0.0
2003-06-03 00:00:00+09:00,1072.8213926373107,1072.8213926373107,1041.267822265625,1041.267822265625,1000,0.0,0.0
2003-06-04 00:00:00+09:00,1041.267822265625,1041.267822265625,1041.267822265625,1041.267822265625,0,0.0,0.0
2003-06-05 00:00:00+09:00,1041.267822265625,1041.267822265625,1041.267822265625,1041.267822265625,0,0.0,0.0
2003-06-06 00:00:00+09:00,1041.267822265625,1041.267822265625,1041.267822265625,1041.267822265625,0,0.0,0.0
2003-06-09 00:00:00+09:00,1016.025146484375,1028.6465768754854,1016.025146484375,1016.025146484375,600,0.0,0.0
2003-06-10 00:00:00+09:00,1041.267822265625,1041.267822265625,1041.267822265625,1041.267822265625,200,0.0,0.0
2003-06-11 00:00:00+09:00,1057.0447998046875,1057.0447998046875,1057.0447998046875,1057.0447998046875,200,0.0,0.0
2003-06-12 00:00:00+09:00,1057.0447998046875,1057.0447998046875,1057.0447998046875,1057.0447998046875,0,0.0,0.0
2003-06-13 00:00:00+09:00,1057.0447998046875,1057.0447998046875,1057.0447998046875,1057.0447998046875,0,0.0,0.0
2003-06-16 00:00:00+09:00,1057.0447998046875,1057.0447998046875,1057.0447998046875,1057.0447998046875,0,0.0,0.0
2003-06-17 00:00:00+09:00,1034.957275390625,1041.2679904844701,1034.957275390625,1034.957275390625,600,0.0,0.0
2003-06-18 00:00:00+09:00,1028.6468134014424,1034.957530048077,1009.7146634615385,1025.491455078125,2200,0.0,0.0
2003-06-19 00:00:00+09:00,1034.957101632883,1057.0446007530968,1034.957101632883,1050.73388671875,600,0.0,0.0
2003-06-20 00:00:00+09:00,1050.73388671875,1050.73388671875,1050.73388671875,1050.73388671875,0,0.0,0.0
2003-06-23 00:00:00+09:00,1050.73388671875,1050.73388671875,1050.73388671875,1050.73388671875,0,0.0,0.0
2003-06-24 00:00:00+09:00,1028.646394116951,1041.267822265625,1028.646394116951,1041.267822265625,1000,0.0,0.0
2003-06-25 00:00:00+09:00,1046.0225830078125,1046.0225830078125,1046.0225830078125,1046.0225830078125,0,7.5,0.0
2003-06-26 00:00:00+09:00,1046.0225830078125,1046.0225830078125,1046.0225830078125,1046.0225830078125,0,0.0,0.0
2003-06-27 00:00:00+09:00,1046.0225830078125,1046.0225830078125,1046.0225830078125,1046.0225830078125,0,0.0,0.0
2003-06-30 00:00:00+09:00,1046.022636599657,1046.022636599657,1039.68310546875,1039.68310546875,400,0.0,0.0
2003-07-01 00:00:00+09:00,1030.1738087723895,1046.022636599657,1030.1738087723895,1039.68310546875,800,0.0,0.0
2003-07-02 00:00:00+09:00,1061.8714100230825,1061.8714100230825,1046.0225830078125,1046.0225830078125,400,0.0,0.0
2003-07-03 00:00:00+09:00,1077.7203369140625,1077.7203369140625,1061.8715084300322,1077.7203369140625,1000,0.0,0.0
2003-07-04 00:00:00+09:00,1077.7203369140625,1109.4179938821233,1061.8715084300322,1077.7203369140625,1600,0.0,0.0
2003-07-07 00:00:00+09:00,1046.0226799460017,1077.7203369140625,1046.0226799460017,1077.7203369140625,400,0.0,0.0
2003-07-08 00:00:00+09:00,1077.7203369140625,1077.7203369140625,1077.7203369140625,1077.7203369140625,0,0.0,0.0
2003-07-09 00:00:00+09:00,1077.7203369140625,1077.7203369140625,1077.7203369140625,1077.7203369140625,0,0.0,0.0
2003-07-10 00:00:00+09:00,1093.5689897679572,1093.5689897679572,1061.871337890625,1061.871337890625,1200,0.0,0.0
2003-07-11 00:00:00+09:00,1061.871337890625,1061.871337890625,1061.871337890625,1061.871337890625,0,0.0,0.0
2003-07-14 00:00:00+09:00,1030.173583984375,1030.173583984375,1030.173583984375,1030.173583984375,200,0.0,0.0
2003-07-15 00:00:00+09:00,1030.173583984375,1030.173583984375,1030.173583984375,1030.173583984375,0,0.0,0.0
2003-07-16 00:00:00+09:00,1014.324951171875,1014.324951171875,1014.324951171875,1014.324951171875,200,0.0,0.0
2003-07-17 00:00:00+09:00,1030.1736860132928,1061.871337890625,1030.1736860132928,1061.871337890625,600,0.0,0.0
2003-07-18 00:00:00+09:00,1061.871337890625,1061.871337890625,1061.871337890625,1061.871337890625,0,0.0,0.0
2003-07-21 00:00:00+09:00,1061.871337890625,1061.871337890625,1061.871337890625,1061.871337890625,0,0.0,0.0
2003-07-22 00:00:00+09:00,1061.871337890625,1061.871337890625,1061.871337890625,1061.871337890625,0,0.0,0.0
2003-07-23 00:00:00+09:00,1014.324951171875,1014.324951171875,1014.324951171875,1014.324951171875,200,0.0,0.0
2003-07-24 00:00:00+09:00,1014.324951171875,1014.324951171875,1014.324951171875,1014.324951171875,0,0.0,0.0
2003-07-25 00:00:00+09:00,1046.0225830078125,1046.0225830078125,1046.0225830078125,1046.0225830078125,200,0.0,0.0
2003-07-28 00:00:00+09:00,1061.871337890625,1061.871337890625,1061.871337890625,1061.871337890625,600,0.0,0.0
2003-07-29 00:00:00+09:00,1077.720163829291,1077.720163829291,1061.871337890625,1061.871337890625,600,0.0,0.0
2003-07-30 00:00:00+09:00,1061.871337890625,1061.871337890625,1061.871337890625,1061.871337890625,200,0.0,0.0
2003-07-31 00:00:00+09:00,1061.871337890625,1061.871337890625,1061.871337890625,1061.871337890625,0,0.0,0.0
2003-08-01 00:00:00+09:00,1061.871337890625,1061.871337890625,1061.871337890625,1061.871337890625,0,0.0,0.0
2003-08-04 00:00:00+09:00,1093.5690573758857,1093.5690573758857,1090.3992919921875,1090.3992919921875,400,0.0,0.0
2003-08-05 00:00:00+09:00,1061.8714100230825,1061.8714100230825,1046.0225830078125,1046.0225830078125,400,0.0,0.0
2003-08-06 00:00:00+09:00,1046.0225830078125,1046.0225830078125,1046.0225830078125,1046.0225830078125,0,0.0,0.0
2003-08-07 00:00:00+09:00,1046.0225830078125,1046.0225830078125,1046.0225830078125,1046.0225830078125,0,0.0,0.0
2003-08-08 00:00:00+09:00,1046.022605895996,1046.022605895996,1014.324951171875,1014.324951171875,400,0.0,0.0
2003-08-11 00:00:00+09:00,982.6272964477539,1014.324951171875,982.6272964477539,1014.324951171875,400,0.0,0.0
2003-08-12 00:00:00+09:00,1027.003819110577,1030.173583984375,1027.003819110577,1030.173583984375,400,0.0,0.0
2003-08-13 00:00:00+09:00,1030.173583984375,1030.173583984375,1030.173583984375,1030.173583984375,0,0.0,0.0
2003-08-14 00:00:00+09:00,1030.173583984375,1030.173583984375,1030.173583984375,1030.173583984375,0,0.0,0.0
2003-08-15 00:00:00+09:00,1030.173583984375,1030.173583984375,1030.173583984375,1030.173583984375,0,0.0,0.0
2003-08-18 00:00:00+09:00,1014.324951171875,1014.324951171875,1014.324951171875,1014.324951171875,200,0.0,0.0
2003-08-19 00:00:00+09:00,1030.173583984375,1030.173583984375,1030.173583984375,1030.173583984375,200,0.0,0.0
2003-08-20 00:00:00+09:00,1046.0225830078125,1046.0225830078125,1046.0225830078125,1046.0225830078125,200,0.0,0.0
2003-08-21 00:00:00+09:00,1046.0225830078125,1046.0225830078125,1046.0225830078125,1046.0225830078125,0,0.0,0.0
2003-08-22 00:00:00+09:00,1046.0224083533656,1061.871232722356,1014.3247596153847,1030.173583984375,1000,0.0,0.0
2003-08-25 00:00:00+09:00,1046.0225830078125,1061.8714100230825,1046.0225830078125,1046.0225830078125,600,0.0,0.0
2003-08-26 00:00:00+09:00,1014.324951171875,1014.324951171875,998.4761238098145,1014.324951171875,3000,0.0,0.0
2003-08-27 00:00:00+09:00,998.4761238098145,1014.324951171875,998.4761238098145,1014.324951171875,400,0.0,0.0
2003-08-28 00:00:00+09:00,1014.324951171875,1014.324951171875,1014.324951171875,1014.324951171875,0,0.0,0.0
2003-08-29 00:00:00+09:00,998.4760131835938,998.4760131835938,998.4760131835938,998.4760131835938,200,0.0,0.0
2003-09-01 00:00:00+09:00,982.6270751953125,1001.6456637474798,982.6270751953125,982.6270751953125,1800,0.0,0.0
2003-09-02 00:00:00+09:00,998.4761592677382,998.4761592677382,966.7785034179688,966.7785034179688,400,0.0,0.0
2003-09-03 00:00:00+09:00,950.929427608367,982.6270751953125,950.929427608367,982.6270751953125,1000,0.0,0.0
2003-09-04 00:00:00+09:00,979.4574224562872,998.4760131835938,979.4574224562872,998.4760131835938,600,0.0,0.0
2003-09-05 00:00:00+09:00,998.4760131835938,998.4760131835938,998.4760131835938,998.4760131835938,0,0.0,0.0
2003-09-08 00:00:00+09:00,1030.173583984375,1030.173583984375,1030.173583984375,1030.173583984375,200,0.0,0.0
2003-09-09 00:00:00+09:00,1061.8715084300322,1077.7203369140625,1046.0226799460017,1077.7203369140625,1000,0.0,0.0
2003-09-10 00:00:00+09:00,1077.720163829291,1093.5689897679572,1061.871337890625,1061.871337890625,1800,0.0,0.0
2003-09-11 00:00:00+09:00,1061.8715084300322,1077.7203369140625,1061.8715084300322,1077.7203369140625,400,0.0,0.0
2003-09-12 00:00:00+09:00,1077.7203369140625,1077.7203369140625,1077.7203369140625,1077.7203369140625,0,0.0,0.0
2003-09-15 00:00:00+09:00,1077.7203369140625,1077.7203369140625,1077.7203369140625,1077.7203369140625,0,0.0,0.0
2003-09-16 00:00:00+09:00,1077.720163829291,1077.720163829291,1061.871337890625,1061.871337890625,400,0.0,0.0
2003-09-17 00:00:00+09:00,1061.871337890625,1077.720163829291,1061.871337890625,1061.871337890625,1200,0.0,0.0
2003-09-18 00:00:00+09:00,1061.871337890625,1061.871337890625,1061.871337890625,1061.871337890625,0,0.0,0.0
2003-09-19 00:00:00+09:00,1061.871337890625,1061.871337890625,1061.871337890625,1061.871337890625,0,0.0,0.0
2003-09-22 00:00:00+09:00,1061.871337890625,1061.871337890625,1061.871337890625,1061.871337890625,0,0.0,0.0
2003-09-23 00:00:00+09:00,1061.871337890625,1061.871337890625,1061.871337890625,1061.871337890625,0,0.0,0.0
2003-09-24 00:00:00+09:00,1109.41796875,1109.41796875,1109.41796875,1109.41796875,200,0.0,0.0
2003-09-25 00:00:00+09:00,1109.4178263346355,1144.285243733724,1109.4178263346355,1141.115478515625,7400,0.0,0.0
2003-09-26 00:00:00+09:00,1163.3038330078125,1163.3038330078125,1156.9643025827017,1163.3038330078125,800,0.0,0.0
2003-09-29 00:00:00+09:00,1141.115478515625,1141.115478515625,1141.115478515625,1141.115478515625,2600,0.0,0.0
2003-09-30 00:00:00+09:00,1141.115478515625,1156.9643046061199,1141.115478515625,1141.115478515625,3200,0.0,0.0
2003-10-01 00:00:00+09:00,1141.115478515625,1156.9643046061199,1141.115478515625,1141.115478515625,2000,0.0,0.0
2003-10-02 00:00:00+09:00,1141.1154466711957,1141.1154466711957,1093.5689697265625,1093.5689697265625,400,0.0,0.0
2003-10-03 00:00:00+09:00,1109.41796875,1109.41796875,1109.41796875,1109.41796875,200,0.0,0.0
2003-10-06 00:00:00+09:00,1061.8715084300322,1077.7203369140625,1061.8715084300322,1077.7203369140625,400,0.0,0.0
2003-10-07 00:00:00+09:00,1046.0225830078125,1046.0225830078125,1046.0225830078125,1046.0225830078125,200,0.0,0.0
2003-10-08 00:00:00+09:00,1046.0225830078125,1046.0225830078125,1046.0225830078125,1046.0225830078125,200,0.0,0.0
2003-10-09 00:00:00+09:00,1046.0225830078125,1046.0225830078125,1046.0225830078125,1046.0225830078125,200,0.0,0.0
2003-10-10 00:00:00+09:00,1061.871337890625,1061.871337890625,1061.871337890625,1061.871337890625,200,0.0,0.0
2003-10-13 00:00:00+09:00,1061.871337890625,1061.871337890625,1061.871337890625,1061.871337890625,0,0.0,0.0
2003-10-14 00:00:00+09:00,1077.7203369140625,1077.7203369140625,1077.7203369140625,1077.7203369140625,200,0.0,0.0
2003-10-15 00:00:00+09:00,1077.7202304573946,1093.5690573758857,1077.7202304573946,1090.3992919921875,800,0.0,0.0
2003-10-16 00:00:00+09:00,1093.5689697265625,1093.5689697265625,1093.5689697265625,1093.5689697265625,200,0.0,0.0
2003-10-17 00:00:00+09:00,1093.5689697265625,1093.5689697265625,1093.5689697265625,1093.5689697265625,0,0.0,0.0
2003-10-20 00:00:00+09:00,1030.1737559925427,1052.3621138139206,1030.1737559925427,1046.0225830078125,1800,0.0,0.0
2003-10-21 00:00:00+09:00,1052.3621138139206,1052.3621138139206,1046.0225830078125,1046.0225830078125,800,0.0,0.0
2003-10-22 00:00:00+09:00,1052.362060546875,1052.362060546875,1052.362060546875,1052.362060546875,200,0.0,0.0
2003-10-23 00:00:00+09:00,1052.362060546875,1052.362060546875,1052.362060546875,1052.362060546875,0,0.0,0.0
2003-10-24 00:00:00+09:00,1052.362060546875,1052.362060546875,1052.362060546875,1052.362060546875,0,0.0,0.0
2003-10-27 00:00:00+09:00,1030.1737559925427,1046.0225830078125,1030.1737559925427,1046.0225830078125,600,0.0,0.0
2003-10-28 00:00:00+09:00,1020.6642893629809,1030.173583984375,1020.6642893629809,1030.173583984375,600,0.0,0.0
2003-10-29 00:00:00+09:00,1030.173583984375,1030.173583984375,1030.173583984375,1030.173583984375,0,0.0,0.0
2003-10-30 00:00:00+09:00,1030.173583984375,1030.173583984375,1030.173583984375,1030.173583984375,0,0.0,0.0
2003-10-31 00:00:00+09:00,1030.173583984375,1030.173583984375,1030.173583984375,1030.173583984375,0,0.0,0.0
2003-11-03 00:00:00+09:00,1030.173583984375,1030.173583984375,1030.173583984375,1030.173583984375,0,0.0,0.0
2003-11-04 00:00:00+09:00,1030.173583984375,1030.173583984375,1030.173583984375,1030.173583984375,0,0.0,0.0
2003-11-05 00:00:00+09:00,1014.3247939033743,1033.3433837890625,1014.3247939033743,1033.3433837890625,400,0.0,0.0
2003-11-06 00:00:00+09:00,1030.173583984375,1033.3433488581732,1030.173583984375,1030.173583984375,1600,0.0,0.0
2003-11-07 00:00:00+09:00,1033.3434185063072,1036.51318359375,1030.1736534188647,1036.51318359375,600,0.0,0.0
2003-11-10 00:00:00+09:00,1030.1737785339355,1036.5133094787598,1014.324951171875,1014.324951171875,4400,0.0,0.0
2003-11-11 00:00:00+09:00,998.4761238098145,1014.324951171875,998.4761238098145,1014.324951171875,400,0.0,0.0
2003-11-12 00:00:00+09:00,1030.173583984375,1030.173583984375,1030.173583984375,1030.173583984375,800,0.0,0.0
2003-11-13 00:00:00+09:00,1030.173583984375,1030.173583984375,1030.173583984375,1030.173583984375,0,0.0,0.0
2003-11-14 00:00:00+09:00,1030.173583984375,1030.173583984375,1030.173583984375,1030.173583984375,0,0.0,0.0
2003-11-17 00:00:00+09:00,1030.173583984375,1033.3433488581732,1030.173583984375,1030.173583984375,3200,0.0,0.0
2003-11-18 00:00:00+09:00,1030.173583984375,1030.173583984375,1027.003819110577,1030.173583984375,2800,0.0,0.0
2003-11-19 00:00:00+09:00,1014.3247596153847,1030.173583984375,1014.3247596153847,1030.173583984375,7000,0.0,0.0
2003-11-20 00:00:00+09:00,1017.4945244891827,1030.173583984375,1017.4945244891827,1030.173583984375,600,0.0,0.0
2003-11-21 00:00:00+09:00,1030.173583984375,1030.173583984375,1030.173583984375,1030.173583984375,0,0.0,0.0
2003-11-24 00:00:00+09:00,1030.173583984375,1030.173583984375,1030.173583984375,1030.173583984375,0,0.0,0.0
2003-11-25 00:00:00+09:00,1030.173583984375,1030.173583984375,1030.173583984375,1030.173583984375,0,0.0,0.0
2003-11-26 00:00:00+09:00,1030.173583984375,1030.173583984375,1030.173583984375,1030.173583984375,200,0.0,0.0
2003-11-27 00:00:00+09:00,1030.173583984375,1036.5131137319713,1030.173583984375,1030.173583984375,800,0.0,0.0
2003-11-28 00:00:00+09:00,1030.173583984375,1030.173583984375,1030.173583984375,1030.173583984375,0,0.0,0.0
2003-12-01 00:00:00+09:00,1023.8340542367789,1030.173583984375,1023.8340542367789,1030.173583984375,400,0.0,0.0
2003-12-02 00:00:00+09:00,1030.173583984375,1030.173583984375,1030.173583984375,1030.173583984375,0,0.0,0.0
2003-12-03 00:00:00+09:00,1023.8342628008053,1030.1737938398196,1023.8342628008053,1027.0040283203125,1000,0.0,0.0
2003-12-04 00:00:00+09:00,1027.003819110577,1030.173583984375,1027.003819110577,1030.173583984375,1600,0.0,0.0
2003-12-05 00:00:00+09:00,1030.173583984375,1030.173583984375,1030.173583984375,1030.173583984375,0,0.0,0.0
2003-12-08 00:00:00+09:00,1033.3433837890625,1033.3433837890625,1030.1736188081145,1033.3433837890625,600,0.0,0.0
2003-12-09 00:00:00+09:00,1042.85302734375,1042.85302734375,1042.85302734375,1042.85302734375,400,0.0,0.0
2003-12-10 00:00:00+09:00,1042.85302734375,1042.85302734375,1042.85302734375,1042.85302734375,0,0.0,0.0
2003-12-11 00:00:00+09:00,1061.8714100230825,1061.8714100230825,1046.0225830078125,1046.0225830078125,400,0.0,0.0
2003-12-12 00:00:00+09:00,1046.0225830078125,1046.0225830078125,1046.0225830078125,1046.0225830078125,0,0.0,0.0
2003-12-15 00:00:00+09:00,1046.0225830078125,1046.0225830078125,1046.0225830078125,1046.0225830078125,200,0.0,0.0
2003-12-16 00:00:00+09:00,1046.0225830078125,1046.0225830078125,1046.0225830078125,1046.0225830078125,200,0.0,0.0
2003-12-17 00:00:00+09:00,1046.0225830078125,1046.0225830078125,1046.0225830078125,1046.0225830078125,0,0.0,0.0
2003-12-18 00:00:00+09:00,1046.0225830078125,1046.0225830078125,1046.0225830078125,1046.0225830078125,0,0.0,0.0
2003-12-19 00:00:00+09:00,1046.0225830078125,1046.0225830078125,1046.0225830078125,1046.0225830078125,0,0.0,0.0
2003-12-22 00:00:00+09:00,1030.173583984375,1033.3433488581732,1030.173583984375,1030.173583984375,1600,0.0,0.0
2003-12-23 00:00:00+09:00,1030.173583984375,1030.173583984375,1030.173583984375,1030.173583984375,0,0.0,0.0
2003-12-24 00:00:00+09:00,1030.173583984375,1030.173583984375,1030.173583984375,1030.173583984375,600,0.0,0.0
2003-12-25 00:00:00+09:00,1030.173583984375,1030.173583984375,1030.173583984375,1030.173583984375,0,0.0,0.0
2003-12-26 00:00:00+09:00,1030.173583984375,1030.173583984375,1030.173583984375,1030.173583984375,400,0.0,0.0
2003-12-29 00:00:00+09:00,1033.3434322633605,1093.5689697265625,1033.3434322633605,1093.5689697265625,1400,0.0,0.0
2003-12-30 00:00:00+09:00,1125.266796875,1125.266796875,1109.41796875,1109.41796875,400,0.0,0.0
2003-12-31 00:00:00+09:00,1109.41796875,1109.41796875,1109.41796875,1109.41796875,0,0.0,0.0
2004-01-01 00:00:00+09:00,1109.41796875,1109.41796875,1109.41796875,1109.41796875,0,0.0,0.0
2004-01-02 00:00:00+09:00,1109.41796875,1109.41796875,1109.41796875,1109.41796875,0,0.0,0.0
2004-01-05 00:00:00+09:00,1093.5690640536222,1093.5690640536222,1046.0225830078125,1046.0225830078125,600,0.0,0.0
2004-01-06 00:00:00+09:00,1042.8529142491957,1077.7203369140625,1042.8529142491957,1077.7203369140625,1400,0.0,0.0
2004-01-07 00:00:00+09:00,1077.7203369140625,1077.7203369140625,1077.7203369140625,1077.7203369140625,0,0.0,0.0
2004-01-08 00:00:00+09:00,1077.7203369140625,1077.7203369140625,1077.7203369140625,1077.7203369140625,0,0.0,0.0
2004-01-09 00:00:00+09:00,1077.7203369140625,1077.7203369140625,1077.7203369140625,1077.7203369140625,0,0.0,0.0
2004-01-12 00:00:00+09:00,1077.7203369140625,1077.7203369140625,1077.7203369140625,1077.7203369140625,0,0.0,0.0
2004-01-13 00:00:00+09:00,1109.41796875,1109.41796875,1109.41796875,1109.41796875,200,0.0,0.0
2004-01-14 00:00:00+09:00,1109.41796875,1109.41796875,1109.41796875,1109.41796875,0,0.0,0.0
2004-01-15 00:00:00+09:00,1109.4176409995719,1156.964111328125,1099.9083469338611,1156.964111328125,1800,0.0,0.0
2004-01-16 00:00:00+09:00,1141.115478515625,1141.115478515625,1141.115478515625,1141.115478515625,400,0.0,0.0
2004-01-19 00:00:00+09:00,1109.41796875,1109.41796875,1109.41796875,1109.41796875,200,0.0,0.0
2004-01-20 00:00:00+09:00,1077.7201440783515,1093.5689697265625,1077.7201440783515,1093.5689697265625,400,0.0,0.0
2004-01-21 00:00:00+09:00,1093.5689697265625,1093.5689697265625,1093.5689697265625,1093.5689697265625,0,0.0,0.0
2004-01-22 00:00:00+09:00,1093.5689697265625,1093.5689697265625,1093.5689697265625,1093.5689697265625,0,0.0,0.0
2004-01-23 00:00:00+09:00,1093.5689697265625,1093.5689697265625,1093.5689697265625,1093.5689697265625,0,0.0,0.0
2004-01-26 00:00:00+09:00,1093.5689697265625,1093.5689697265625,1093.5689697265625,1093.5689697265625,0,0.0,0.0
2004-01-27 00:00:00+09:00,1093.5689697265625,1093.5689697265625,1093.5689697265625,1093.5689697265625,0,0.0,0.0
2004-01-28 00:00:00+09:00,1093.5689697265625,1093.5689697265625,1093.5689697265625,1093.5689697265625,0,0.0,0.0
2004-01-29 00:00:00+09:00,1093.5689697265625,1093.5689697265625,1093.5689697265625,1093.5689697265625,0,0.0,0.0
2004-01-30 00:00:00+09:00,1093.5689697265625,1093.5689697265625,1093.5689697265625,1093.5689697265625,0,0.0,0.0
2004-02-02 00:00:00+09:00,1093.5689697265625,1093.5689697265625,1093.5689697265625,1093.5689697265625,0,0.0,0.0
2004-02-03 00:00:00+09:00,1093.5689697265625,1093.5689697265625,1093.5689697265625,1093.5689697265625,0,0.0,0.0
2004-02-04 00:00:00+09:00,1093.5689697265625,1093.5689697265625,1093.5689697265625,1093.5689697265625,0,0.0,0.0
2004-02-05 00:00:00+09:00,1093.5689697265625,1093.5689697265625,1093.5689697265625,1093.5689697265625,0,0.0,0.0
2004-02-06 00:00:00+09:00,1093.5689697265625,1093.5689697265625,1093.5689697265625,1093.5689697265625,0,0.0,0.0
2004-02-09 00:00:00+09:00,1077.7203369140625,1096.7389310948988,1077.7203369140625,1077.7203369140625,800,0.0,0.0
2004-02-10 00:00:00+09:00,1046.0226799460017,1077.7203369140625,1046.0226799460017,1077.7203369140625,400,0.0,0.0
2004-02-11 00:00:00+09:00,1077.7203369140625,1077.7203369140625,1077.7203369140625,1077.7203369140625,0,0.0,0.0
2004-02-12 00:00:00+09:00,1077.7203369140625,1077.7203369140625,1077.7203369140625,1077.7203369140625,0,0.0,0.0
2004-02-13 00:00:00+09:00,1109.41796875,1109.41796875,1109.41796875,1109.41796875,200,0.0,0.0
2004-02-16 00:00:00+09:00,1084.0597086118134,1096.73876953125,1084.0597086118134,1096.73876953125,600,0.0,0.0
2004-02-17 00:00:00+09:00,1093.5689697265625,1093.5689697265625,1093.5689697265625,1093.5689697265625,400,0.0,0.0
2004-02-18 00:00:00+09:00,1084.0596923828125,1084.0596923828125,1084.0596923828125,1084.0596923828125,200,0.0,0.0
2004-02-19 00:00:00+09:00,1084.0596942047575,1084.0596942047575,1061.871337890625,1061.871337890625,1400,0.0,0.0
2004-02-20 00:00:00+09:00,1061.871337890625,1061.871337890625,1061.871337890625,1061.871337890625,0,0.0,0.0
2004-02-23 00:00:00+09:00,1030.173583984375,1030.173583984375,1030.173583984375,1030.173583984375,200,0.0,0.0
2004-02-24 00:00:00+09:00,1030.1737559925427,1055.5318792169744,1030.1737559925427,1046.0225830078125,1000,0.0,0.0
2004-02-25 00:00:00+09:00,1046.0225830078125,1046.0225830078125,1046.0225830078125,1046.0225830078125,200,0.0,0.0
2004-02-26 00:00:00+09:00,1046.0225830078125,1046.0225830078125,1046.0225830078125,1046.0225830078125,0,0.0,0.0
2004-02-27 00:00:00+09:00,1061.871337890625,1061.871337890625,1061.871337890625,1061.871337890625,200,0.0,0.0
2004-03-01 00:00:00+09:00,1077.7201620180006,1093.56898793003,1061.8713361059713,1084.0596923828125,2400,0.0,0.0
2004-03-02 00:00:00+09:00,1077.7202370383523,1077.7202370383523,1046.0225830078125,1046.0225830078125,600,0.0,0.0
2004-03-03 00:00:00+09:00,1061.871337890625,1061.871337890625,1061.871337890625,1061.871337890625,200,0.0,0.0
2004-03-04 00:00:00+09:00,1061.871337890625,1061.871337890625,1061.871337890625,1061.871337890625,800,0.0,0.0
2004-03-05 00:00:00+09:00,1077.720268294656,1077.720268294656,1065.041206314719,1071.3807373046875,2400,0.0,0.0
2004-03-08 00:00:00+09:00,1077.7203369140625,1077.7203369140625,1071.3808055204504,1077.7203369140625,1400,0.0,0.0
2004-03-09 00:00:00+09:00,1071.3808055204504,1077.7203369140625,1071.3808055204504,1077.7203369140625,400,0.0,0.0
2004-03-10 00:00:00+09:00,1061.8715084300322,1077.7203369140625,1061.8715084300322,1077.7203369140625,2000,0.0,0.0
2004-03-11 00:00:00+09:00,1077.7203369140625,1093.5691653980928,1061.8715084300322,1077.7203369140625,2400,0.0,0.0
2004-03-12 00:00:00+09:00,1077.7203369140625,1077.7203369140625,1077.7203369140625,1077.7203369140625,0,0.0,0.0
2004-03-15 00:00:00+09:00,1061.871337890625,1061.871337890625,1061.871337890625,1061.871337890625,200,0.0,0.0
2004-03-16 00:00:00+09:00,1077.720163829291,1077.720163829291,1061.871337890625,1061.871337890625,400,0.0,0.0
2004-03-17 00:00:00+09:00,1093.5691653980928,1093.5691653980928,1077.7203369140625,1077.7203369140625,400,0.0,0.0
2004-03-18 00:00:00+09:00,1077.7203369140625,1077.7203369140625,1077.7203369140625,1077.7203369140625,0,0.0,0.0
2004-03-19 00:00:00+09:00,1077.7203369140625,1077.7203369140625,1077.7203369140625,1077.7203369140625,0,0.0,0.0
2004-03-22 00:00:00+09:00,1109.4177421987572,1109.4177421987572,1093.5689173102037,1099.908447265625,1200,0.0,0.0
2004-03-23 00:00:00+09:00,1099.908447265625,1099.908447265625,1099.908447265625,1099.908447265625,0,0.0,0.0
2004-03-24 00:00:00+09:00,1109.41796875,1109.41796875,1109.41796875,1109.41796875,600,0.0,0.0
2004-03-25 00:00:00+09:00,1109.41796875,1109.41796875,1109.41796875,1109.41796875,200,0.0,0.0
2004-03-26 00:00:00+09:00,1141.115478515625,1141.115478515625,1141.115478515625,1141.115478515625,200,0.0,0.0
2004-03-29 00:00:00+09:00,1141.115478515625,1141.115478515625,1141.115478515625,1141.115478515625,200,0.0,0.0
2004-03-30 00:00:00+09:00,1125.2666524251301,1141.115478515625,1125.2666524251301,1141.115478515625,400,0.0,0.0
2004-03-31 00:00:00+09:00,1141.115478515625,1141.115478515625,1141.115478515625,1141.115478515625,0,0.0,0.0
2004-04-01 00:00:00+09:00,1141.115478515625,1141.115478515625,1141.115478515625,1141.115478515625,0,0.0,0.0
2004-04-02 00:00:00+09:00,1156.964111328125,1156.964111328125,1156.964111328125,1156.964111328125,400,0.0,0.0
2004-04-05 00:00:00+09:00,1185.4919935252567,1188.661758213827,1156.964111328125,1156.964111328125,800,0.0,0.0
2004-04-06 00:00:00+09:00,1156.964111328125,1156.964111328125,1156.964111328125,1156.964111328125,0,0.0,0.0
2004-04-07 00:00:00+09:00,1156.964111328125,1156.964111328125,1156.964111328125,1156.964111328125,0,0.0,0.0
2004-04-08 00:00:00+09:00,1156.9643417358398,1267.9061279296875,1156.9643417358398,1267.9061279296875,4000,0.0,0.0
2004-04-09 00:00:00+09:00,1283.7549545288086,1283.7549545288086,1267.9061279296875,1267.9061279296875,1200,0.0,0.0
2004-04-12 00:00:00+09:00,1267.9060570987654,1299.6037085262346,1267.9060570987654,1283.7548828125,1400,0.0,0.0
2004-04-13 00:00:00+09:00,1283.7548828125,1283.7548828125,1283.7548828125,1283.7548828125,400,0.0,0.0
2004-04-14 00:00:00+09:00,1283.7549334270198,1299.603759765625,1283.7549334270198,1299.603759765625,400,0.0,0.0
2004-04-15 00:00:00+09:00,1283.7549545288086,1299.6037811279298,1267.9061279296875,1267.9061279296875,3400,0.0,0.0
2004-04-16 00:00:00+09:00,1283.7548828125,1283.7548828125,1267.9060570987654,1283.7548828125,600,0.0,0.0
2004-04-19 00:00:00+09:00,1283.7548828125,1283.7548828125,1283.7548828125,1283.7548828125,0,0.0,0.0
2004-04-20 00:00:00+09:00,1283.7548828125,1283.7548828125,1283.7548828125,1283.7548828125,0,0.0,0.0
2004-04-21 00:00:00+09:00,1283.7548828125,1283.7548828125,1283.7548828125,1283.7548828125,0,0.0,0.0
2004-04-22 00:00:00+09:00,1283.7548828125,1283.7548828125,1283.7548828125,1283.7548828125,0,0.0,0.0
2004-04-23 00:00:00+09:00,1283.7548828125,1283.7548828125,1283.7548828125,1283.7548828125,0,0.0,0.0
2004-04-26 00:00:00+09:00,1267.9062005537976,1267.9062005537976,1252.057373046875,1252.057373046875,400,0.0,0.0
2004-04-27 00:00:00+09:00,1248.8875154820882,1299.603759765625,1236.2084544112042,1299.603759765625,2200,0.0,0.0
2004-04-28 00:00:00+09:00,1302.7734357766544,1347.150146484375,1302.7734357766544,1347.150146484375,1600,0.0,0.0
2004-04-29 00:00:00+09:00,1347.150146484375,1347.150146484375,1347.150146484375,1347.150146484375,0,0.0,0.0
2004-04-30 00:00:00+09:00,1347.150146484375,1347.150146484375,1347.150146484375,1347.150146484375,0,0.0,0.0
2004-05-03 00:00:00+09:00,1347.150146484375,1347.150146484375,1347.150146484375,1347.150146484375,0,0.0,0.0
2004-05-04 00:00:00+09:00,1347.150146484375,1347.150146484375,1347.150146484375,1347.150146484375,0,0.0,0.0
2004-05-05 00:00:00+09:00,1347.150146484375,1347.150146484375,1347.150146484375,1347.150146484375,0,0.0,0.0
2004-05-06 00:00:00+09:00,1331.301252498183,1362.9989013671875,1331.301252498183,1362.9989013671875,800,0.0,0.0
2004-05-07 00:00:00+09:00,1315.4525146484375,1315.4525146484375,1315.4525146484375,1315.4525146484375,200,0.0,0.0
2004-05-10 00:00:00+09:00,1283.7549334270198,1299.603759765625,1267.9061070884145,1299.603759765625,600,0.0,0.0
2004-05-11 00:00:00+09:00,1312.2826059194713,1315.4523706680689,1175.9827217297677,1236.208251953125,2600,0.0,0.0
2004-05-12 00:00:00+09:00,1252.057373046875,1252.057373046875,1252.057373046875,1252.057373046875,200,0.0,0.0
2004-05-13 00:00:00+09:00,1252.057373046875,1252.057373046875,1252.057373046875,1252.057373046875,0,0.0,0.0
2004-05-14 00:00:00+09:00,1252.057421875,1252.057421875,1077.7203125,1109.41796875,1800,0.0,0.0
2004-05-17 00:00:00+09:00,1109.41796875,1109.41796875,1109.41796875,1109.41796875,400,0.0,0.0
2004-05-18 00:00:00+09:00,1109.41796875,1109.41796875,1109.41796875,1109.41796875,0,0.0,0.0
2004-05-19 00:00:00+09:00,1077.720125440141,1125.2666015625,1077.720125440141,1125.2666015625,600,0.0,0.0
2004-05-20 00:00:00+09:00,1125.2666015625,1125.2666015625,1125.2666015625,1125.2666015625,0,0.0,0.0
2004-05-21 00:00:00+09:00,1125.2666015625,1125.2666015625,1125.2666015625,1125.2666015625,0,0.0,0.0
2004-05-24 00:00:00+09:00,1172.81298828125,1172.81298828125,1172.81298828125,1172.81298828125,200,0.0,0.0
2004-05-25 00:00:00+09:00,1150.624634448902,1172.81298828125,1150.624634448902,1172.81298828125,800,0.0,0.0
2004-05-26 00:00:00+09:00,1172.81298828125,1172.81298828125,1172.81298828125,1172.81298828125,0,0.0,0.0
2004-05-27 00:00:00+09:00,1160.1340838738208,1175.98291015625,1160.1340838738208,1175.98291015625,400,0.0,0.0
2004-05-28 00:00:00+09:00,1156.9643046061199,1156.9643046061199,1109.4178263346355,1141.115478515625,1600,0.0,0.0
2004-05-31 00:00:00+09:00,1144.2852783203125,1144.2852783203125,1144.2852783203125,1144.2852783203125,200,0.0,0.0
2004-06-01 00:00:00+09:00,1144.2852783203125,1144.2852783203125,1144.2852783203125,1144.2852783203125,0,0.0,0.0
2004-06-02 00:00:00+09:00,1144.2852783203125,1144.2852783203125,1144.2852783203125,1144.2852783203125,0,0.0,0.0
2004-06-03 00:00:00+09:00,1156.964111328125,1156.964111328125,1156.964111328125,1156.964111328125,200,0.0,0.0
2004-06-04 00:00:00+09:00,1156.964111328125,1156.964111328125,1156.964111328125,1156.964111328125,0,0.0,0.0
2004-06-07 00:00:00+09:00,1156.964111328125,1156.964111328125,1156.964111328125,1156.964111328125,0,0.0,0.0
2004-06-08 00:00:00+09:00,1156.964457968007,1166.4737548828125,1156.964457968007,1166.4737548828125,400,0.0,0.0
2004-06-09 00:00:00+09:00,1144.2851920114438,1147.4549570862675,1125.2666015625,1125.2666015625,6200,0.0,0.0
2004-06-10 00:00:00+09:00,1141.1152878852738,1172.812934770976,1141.1152878852738,1156.964111328125,800,0.0,0.0
2004-06-11 00:00:00+09:00,1156.964111328125,1156.964111328125,1156.964111328125,1156.964111328125,0,0.0,0.0
2004-06-14 00:00:00+09:00,1172.81298828125,1172.81298828125,1172.81298828125,1172.81298828125,200,0.0,0.0
2004-06-15 00:00:00+09:00,1188.661812447213,1201.3408717799832,1172.81298828125,1172.81298828125,1200,0.0,0.0
2004-06-16 00:00:00+09:00,1179.152621299342,1236.2083932976973,1179.152621299342,1204.5107421875,2000,0.0,0.0
2004-06-17 00:00:00+09:00,1220.3595677425985,1220.3595677425985,1204.5107421875,1204.5107421875,1800,0.0,0.0
2004-06-18 00:00:00+09:00,1220.3596376748608,1220.3596376748608,1207.680576504213,1210.850341796875,1800,0.0,0.0
2004-06-21 00:00:00+09:00,1207.6805581625406,1220.359619140625,1207.6805581625406,1220.359619140625,400,0.0,0.0
2004-06-22 00:00:00+09:00,1220.359619140625,1220.359619140625,1220.359619140625,1220.359619140625,0,0.0,0.0
2004-06-23 00:00:00+09:00,1236.208251953125,1267.9058994391025,1233.0384872045272,1236.208251953125,2000,0.0,0.0
2004-06-24 00:00:00+09:00,1223.5294189453125,1223.5294189453125,1223.5294189453125,1223.5294189453125,200,0.0,0.0
2004-06-25 00:00:00+09:00,1215.5737204527245,1241.03076171875,1215.5737204527245,1241.03076171875,400,7.5,0.0
2004-06-28 00:00:00+09:00,1241.0310153713474,1241.0310153713474,1225.120361328125,1225.120361328125,400,0.0,0.0
2004-06-29 00:00:00+09:00,1193.2990532416802,1241.0310153713474,1193.2990532416802,1225.120361328125,1400,0.0,0.0
2004-06-30 00:00:00+09:00,1212.391702000099,1266.487919674644,1209.209571548655,1256.9415283203125,2600,0.0,0.0
2004-07-01 00:00:00+09:00,1266.487916576472,1266.487916576472,1247.395133914515,1263.3057861328125,800,0.0,0.0
2004-07-02 00:00:00+09:00,1269.670285949707,1272.8524169921875,1263.306023864746,1272.8524169921875,1000,0.0,0.0
2004-07-05 00:00:00+09:00,1272.8524169921875,1272.8524169921875,1272.8524169921875,1272.8524169921875,0,0.0,0.0
2004-07-06 00:00:00+09:00,1272.8524169921875,1272.8524169921875,1272.8524169921875,1272.8524169921875,0,0.0,0.0
2004-07-07 00:00:00+09:00,1263.306023864746,1272.8524169921875,1263.306023864746,1272.8524169921875,400,0.0,0.0
2004-07-08 00:00:00+09:00,1272.8524169921875,1272.8524169921875,1272.8524169921875,1272.8524169921875,0,0.0,0.0
2004-07-09 00:00:00+09:00,1272.8524169921875,1272.8524169921875,1272.8524169921875,1272.8524169921875,0,0.0,0.0
2004-07-12 00:00:00+09:00,1298.3093225990854,1304.673583984375,1298.3093225990854,1304.673583984375,800,0.0,0.0
2004-07-13 00:00:00+09:00,1282.398552090514,1298.3092041015625,1282.398552090514,1298.3092041015625,400,0.0,0.0
2004-07-14 00:00:00+09:00,1279.2164306640625,1279.2164306640625,1279.2164306640625,1279.2164306640625,400,0.0,0.0
2004-07-15 00:00:00+09:00,1279.2164306640625,1279.2164306640625,1279.2164306640625,1279.2164306640625,0,0.0,0.0
2004-07-16 00:00:00+09:00,1279.2164306640625,1279.2164306640625,1279.2164306640625,1279.2164306640625,0,0.0,0.0
2004-07-19 00:00:00+09:00,1279.2164306640625,1279.2164306640625,1279.2164306640625,1279.2164306640625,0,0.0,0.0
2004-07-20 00:00:00+09:00,1279.2164306640625,1279.2164306640625,1279.2164306640625,1279.2164306640625,0,0.0,0.0
2004-07-21 00:00:00+09:00,1269.670285949707,1272.8524169921875,1269.670285949707,1272.8524169921875,400,0.0,0.0
2004-07-22 00:00:00+09:00,1272.8524169921875,1272.8524169921875,1272.8524169921875,1272.8524169921875,0,0.0,0.0
2004-07-23 00:00:00+09:00,1272.8522770579268,1304.673583984375,1272.8522770579268,1304.673583984375,400,0.0,0.0
2004-07-26 00:00:00+09:00,1266.4879150390625,1272.8521759186558,1266.4879150390625,1266.4879150390625,600,0.0,0.0
2004-07-27 00:00:00+09:00,1256.9416813108098,1256.9416813108098,1206.027587890625,1206.027587890625,1600,0.0,0.0
2004-07-28 00:00:00+09:00,1206.027587890625,1206.027587890625,1206.027587890625,1206.027587890625,1000,0.0,0.0
2004-07-29 00:00:00+09:00,1212.391847630551,1212.391847630551,1209.209716796875,1209.209716796875,2200,0.0,0.0
2004-07-30 00:00:00+09:00,1256.9415283203125,1256.9415283203125,1256.9415283203125,1256.9415283203125,200,0.0,0.0
2004-08-02 00:00:00+09:00,1225.1203651527821,1225.1203651527821,1218.756103515625,1218.756103515625,1000,0.0,0.0
2004-08-03 00:00:00+09:00,1209.2098739833048,1209.2098739833048,1161.4779052734375,1161.4779052734375,800,0.0,0.0
2004-08-04 00:00:00+09:00,1164.659912109375,1164.659912109375,1164.659912109375,1164.659912109375,400,0.0,0.0
2004-08-05 00:00:00+09:00,1164.659912109375,1164.659912109375,1164.659912109375,1164.659912109375,0,0.0,0.0
2004-08-06 00:00:00+09:00,1129.6564920832602,1132.838623046875,1129.6564920832602,1132.838623046875,400,0.0,0.0
2004-08-09 00:00:00+09:00,1129.6564920832602,1136.0207540104898,1129.6564920832602,1132.838623046875,600,0.0,0.0
2004-08-10 00:00:00+09:00,1145.5672607421875,1145.5672607421875,1145.5672607421875,1145.5672607421875,200,0.0,0.0
2004-08-11 00:00:00+09:00,1145.5672607421875,1145.5672607421875,1145.5672607421875,1145.5672607421875,0,0.0,0.0
2004-08-12 00:00:00+09:00,1209.209716796875,1209.209716796875,1209.209716796875,1209.209716796875,400,0.0,0.0
2004-08-13 00:00:00+09:00,1209.209716796875,1209.209716796875,1209.209716796875,1209.209716796875,0,0.0,0.0
2004-08-16 00:00:00+09:00,1209.209716796875,1209.209716796875,1209.209716796875,1209.209716796875,0,0.0,0.0
2004-08-17 00:00:00+09:00,1209.209716796875,1209.209716796875,1209.209716796875,1209.209716796875,0,0.0,0.0
2004-08-18 00:00:00+09:00,1212.391847630551,1212.391847630551,1209.209716796875,1209.209716796875,400,0.0,0.0
2004-08-19 00:00:00+09:00,1209.209716796875,1209.209716796875,1209.209716796875,1209.209716796875,200,0.0,0.0
2004-08-20 00:00:00+09:00,1209.209716796875,1209.209716796875,1209.209716796875,1209.209716796875,0,0.0,0.0
2004-08-23 00:00:00+09:00,1190.11694140625,1193.299072265625,1190.11694140625,1193.299072265625,400,0.0,0.0
2004-08-24 00:00:00+09:00,1177.3885615100598,1180.5706927573844,1148.7493802841395,1161.4779052734375,2200,0.0,0.0
2004-08-25 00:00:00+09:00,1158.295774026113,1161.4779052734375,1158.295774026113,1161.4779052734375,400,0.0,0.0
2004-08-26 00:00:00+09:00,1174.206053367821,1177.38818359375,1174.206053367821,1177.38818359375,600,0.0,0.0
2004-08-27 00:00:00+09:00,1177.38818359375,1177.38818359375,1177.38818359375,1177.38818359375,0,0.0,0.0
2004-08-30 00:00:00+09:00,1164.6597818133002,1180.5704345703125,1164.6597818133002,1180.5704345703125,1000,0.0,0.0
2004-08-31 00:00:00+09:00,1193.299072265625,1193.299072265625,1193.299072265625,1193.299072265625,400,0.0,0.0
2004-09-01 00:00:00+09:00,1193.299072265625,1193.299072265625,1193.299072265625,1193.299072265625,600,0.0,0.0
2004-09-02 00:00:00+09:00,1193.299072265625,1193.299072265625,1193.299072265625,1193.299072265625,0,0.0,0.0
2004-09-03 00:00:00+09:00,1196.4813232421875,1196.4813232421875,1196.4813232421875,1196.4813232421875,200,0.0,0.0
2004-09-06 00:00:00+09:00,1193.299192063352,1196.4813232421875,1193.299192063352,1196.4813232421875,800,0.0,0.0
2004-09-07 00:00:00+09:00,1212.391847630551,1212.391847630551,1206.027585963199,1209.209716796875,800,0.0,0.0
2004-09-08 00:00:00+09:00,1212.3919791363655,1212.3919791363655,1193.299192063352,1196.4813232421875,3200,0.0,0.0
2004-09-09 00:00:00+09:00,1209.20984795753,1209.20984795753,1196.4813232421875,1196.4813232421875,400,0.0,0.0
2004-09-10 00:00:00+09:00,1196.481193462171,1212.391847630551,1196.481193462171,1209.209716796875,600,0.0,0.0
2004-09-13 00:00:00+09:00,1209.209716796875,1209.209716796875,1209.209716796875,1209.209716796875,0,0.0,0.0
2004-09-14 00:00:00+09:00,1196.4810873273248,1196.4810873273248,1177.38830401891,1180.5704345703125,1000,0.0,0.0
2004-09-15 00:00:00+09:00,1177.38830401891,1193.2989567759223,1161.4776512618978,1180.5704345703125,3800,0.0,0.0
2004-09-16 00:00:00+09:00,1183.752565121715,1183.752565121715,1180.5704345703125,1180.5704345703125,400,0.0,0.0
2004-09-17 00:00:00+09:00,1180.5704345703125,1180.5704345703125,1180.5704345703125,1180.5704345703125,0,0.0,0.0
2004-09-20 00:00:00+09:00,1180.5704345703125,1180.5704345703125,1180.5704345703125,1180.5704345703125,0,0.0,0.0
2004-09-21 00:00:00+09:00,1177.3884141350297,1199.663330078125,1177.3884141350297,1199.663330078125,1400,0.0,0.0
2004-09-22 00:00:00+09:00,1196.4811992291113,1199.663330078125,1196.4811992291113,1199.663330078125,2800,0.0,0.0
2004-09-23 00:00:00+09:00,1199.663330078125,1199.663330078125,1199.663330078125,1199.663330078125,0,0.0,0.0
2004-09-24 00:00:00+09:00,1196.4810873273248,1199.6632178787272,1180.5704345703125,1180.5704345703125,1200,0.0,0.0
2004-09-27 00:00:00+09:00,1174.206053367821,1177.38818359375,1174.206053367821,1177.38818359375,400,0.0,0.0
2004-09-28 00:00:00+09:00,1174.2064422607423,1177.3885735405815,1145.5672607421875,1145.5672607421875,1200,0.0,0.0
2004-09-29 00:00:00+09:00,1145.5672607421875,1145.5672607421875,1145.5672607421875,1145.5672607421875,0,0.0,0.0
2004-09-30 00:00:00+09:00,1142.3849620819092,1221.938232421875,1142.3849620819092,1221.938232421875,3200,0.0,0.0
2004-10-01 00:00:00+09:00,1209.209716796875,1212.391847630551,1209.209716796875,1209.209716796875,600,0.0,0.0
2004-10-04 00:00:00+09:00,1193.299062628495,1209.209716796875,1193.299062628495,1209.209716796875,400,0.0,0.0
2004-10-05 00:00:00+09:00,1209.209716796875,1209.209716796875,1209.209716796875,1209.209716796875,0,0.0,0.0
2004-10-06 00:00:00+09:00,1209.209716796875,1209.209716796875,1209.209716796875,1209.209716796875,0,0.0,0.0
2004-10-07 00:00:00+09:00,1206.027587890625,1209.2097187293866,1206.027587890625,1206.027587890625,1600,0.0,0.0
2004-10-08 00:00:00+09:00,1193.299072265625,1193.299072265625,1193.299072265625,1193.299072265625,200,0.0,0.0
2004-10-11 00:00:00+09:00,1193.299072265625,1193.299072265625,1193.299072265625,1193.299072265625,0,0.0,0.0
2004-10-12 00:00:00+09:00,1206.027587890625,1206.027587890625,1206.027587890625,1206.027587890625,600,0.0,0.0
2004-10-13 00:00:00+09:00,1206.027587890625,1206.027587890625,1206.027587890625,1206.027587890625,200,0.0,0.0
2004-10-14 00:00:00+09:00,1206.027587890625,1206.027587890625,1206.027587890625,1206.027587890625,0,0.0,0.0
2004-10-15 00:00:00+09:00,1206.027587890625,1206.027587890625,1206.027587890625,1206.027587890625,0,0.0,0.0
2004-10-18 00:00:00+09:00,1206.027587890625,1206.027587890625,1206.027587890625,1206.027587890625,0,0.0,0.0
2004-10-19 00:00:00+09:00,1193.299072265625,1193.299072265625,1193.299072265625,1193.299072265625,200,0.0,0.0
2004-10-20 00:00:00+09:00,1193.299072265625,1193.299072265625,1193.299072265625,1193.299072265625,200,0.0,0.0
2004-10-21 00:00:00+09:00,1193.299072265625,1193.299072265625,1193.299072265625,1193.299072265625,0,0.0,0.0
2004-10-22 00:00:00+09:00,1193.2988347233952,1193.2988347233952,1174.206053367821,1177.38818359375,1600,0.0,0.0
2004-10-25 00:00:00+09:00,1177.3885615100598,1177.3885615100598,1161.4779052734375,1161.4779052734375,2400,0.0,0.0
2004-10-26 00:00:00+09:00,1142.3851414640185,1145.5672727772887,1129.6566162109375,1129.6566162109375,1800,0.0,0.0
2004-10-27 00:00:00+09:00,1129.6566162109375,1129.6566162109375,1129.6566162109375,1129.6566162109375,200,0.0,0.0
2004-10-28 00:00:00+09:00,1113.7460234670928,1113.7460234670928,1050.1033935546875,1050.1033935546875,3400,0.0,0.0
2004-10-29 00:00:00+09:00,1075.5603005738385,1078.742431640625,1075.5603005738385,1078.742431640625,1200,0.0,0.0
2004-11-01 00:00:00+09:00,1078.742431640625,1078.742431640625,1078.742431640625,1078.742431640625,0,0.0,0.0
2004-11-02 00:00:00+09:00,1078.7423113760863,1078.7423113760863,1075.5601806640625,1075.5601806640625,1600,0.0,0.0
2004-11-03 00:00:00+09:00,1075.5601806640625,1075.5601806640625,1075.5601806640625,1075.5601806640625,0,0.0,0.0
2004-11-04 00:00:00+09:00,1078.7424189028532,1132.8386463994566,1078.7424189028532,1097.835205078125,1600,0.0,0.0
2004-11-05 00:00:00+09:00,1094.653074048913,1107.3815981657608,1094.653074048913,1097.835205078125,800,0.0,0.0
2004-11-08 00:00:00+09:00,1094.65283203125,1094.65283203125,1091.4707017055778,1094.65283203125,1000,0.0,0.0
2004-11-09 00:00:00+09:00,1094.65283203125,1094.65283203125,1094.65283203125,1094.65283203125,0,0.0,0.0
2004-11-10 00:00:00+09:00,1107.3817138671875,1107.3817138671875,1107.3817138671875,1107.3817138671875,200,0.0,0.0
2004-11-11 00:00:00+09:00,1107.3817138671875,1107.3817138671875,1107.3817138671875,1107.3817138671875,0,0.0,0.0
2004-11-12 00:00:00+09:00,1107.3817138671875,1107.3817138671875,1107.3817138671875,1107.3817138671875,0,0.0,0.0
2004-11-15 00:00:00+09:00,1107.3817138671875,1107.3817138671875,1107.3817138671875,1107.3817138671875,0,0.0,0.0
2004-11-16 00:00:00+09:00,1104.199467136549,1107.3815981657608,1097.835205078125,1097.835205078125,1600,0.0,0.0
2004-11-17 00:00:00+09:00,1097.835205078125,1097.835205078125,1097.835205078125,1097.835205078125,0,0.0,0.0
2004-11-18 00:00:00+09:00,1091.4710693359375,1091.4710693359375,1091.4710693359375,1091.4710693359375,400,0.0,0.0
2004-11-19 00:00:00+09:00,1088.2889715021306,1088.2889715021306,1050.1033935546875,1050.1033935546875,1400,0.0,0.0
2004-11-22 00:00:00+09:00,1050.1033935546875,1050.1033935546875,1050.1033935546875,1050.1033935546875,0,0.0,0.0
2004-11-23 00:00:00+09:00,1050.1033935546875,1050.1033935546875,1050.1033935546875,1050.1033935546875,0,0.0,0.0
2004-11-24 00:00:00+09:00,1050.1033935546875,1050.1033935546875,1050.1033935546875,1050.1033935546875,0,0.0,0.0
2004-11-25 00:00:00+09:00,1034.1925048828125,1034.1925048828125,1034.1925048828125,1034.1925048828125,200,0.0,0.0
2004-11-26 00:00:00+09:00,1034.1925048828125,1034.1925048828125,1034.1925048828125,1034.1925048828125,0,0.0,0.0
2004-11-29 00:00:00+09:00,1053.2852783203125,1053.2852783203125,1053.2852783203125,1053.2852783203125,200,0.0,0.0
2004-11-30 00:00:00+09:00,1053.2851547792734,1056.46728515625,1053.2851547792734,1056.46728515625,400,0.0,0.0
2004-12-01 00:00:00+09:00,1066.0139204145553,1066.0139204145553,1053.285395991695,1059.649658203125,800,0.0,0.0
2004-12-02 00:00:00+09:00,1053.2851547792734,1056.46728515625,1053.2851547792734,1056.46728515625,400,0.0,0.0
2004-12-03 00:00:00+09:00,1062.831787109375,1062.831787109375,1062.831787109375,1062.831787109375,800,0.0,0.0
2004-12-06 00:00:00+09:00,1062.831787109375,1062.831787109375,1062.831787109375,1062.831787109375,0,0.0,0.0
2004-12-07 00:00:00+09:00,1062.831787109375,1062.831787109375,1062.831787109375,1062.831787109375,400,0.0,0.0
2004-12-08 00:00:00+09:00,1062.831847466363,1145.5672607421875,1059.6497161865234,1145.5672607421875,4000,0.0,0.0
2004-12-09 00:00:00+09:00,1161.4779495986807,1272.8525475054037,1034.1926948481405,1104.1995849609375,13200,0.0,0.0
2004-12-10 00:00:00+09:00,1104.1994566127232,1158.29568359375,1104.1994566127232,1113.745849609375,5000,0.0,0.0
2004-12-13 00:00:00+09:00,1116.9278547113593,1272.8522560813212,1113.745724071156,1120.1099853515625,13800,0.0,0.0
2004-12-14 00:00:00+09:00,1110.563828331316,1129.6566162109375,1081.9246465118838,1129.6566162109375,3800,0.0,0.0
2004-12-15 00:00:00+09:00,1174.2064774073913,1925.1894819281076,1174.2064774073913,1416.0484619140625,67200,0.0,0.0
2004-12-16 00:00:00+09:00,1428.7768832701038,1463.7803258446497,1193.2991786777036,1215.5740966796875,16200,0.0,0.0
2004-12-17 00:00:00+09:00,1212.3916160789695,1215.5737463048986,1177.38818359375,1177.38818359375,6400,0.0,0.0
2004-12-20 00:00:00+09:00,1193.2988347233952,1196.4809649493243,1151.9311417863175,1177.38818359375,3000,0.0,0.0
2004-12-21 00:00:00+09:00,1193.2992177466824,1193.2992177466824,1161.4779052734375,1161.4779052734375,2400,0.0,0.0
2004-12-22 00:00:00+09:00,1158.2956328125,1193.299072265625,1158.2956328125,1193.299072265625,2800,0.0,0.0
2004-12-23 00:00:00+09:00,1193.299072265625,1193.299072265625,1193.299072265625,1193.299072265625,0,0.0,0.0
2004-12-24 00:00:00+09:00,1196.4809649493243,1196.4809649493243,1174.206053367821,1177.38818359375,2600,0.0,0.0
2004-12-27 00:00:00+09:00,1167.8421607639477,1177.3885544486666,1167.8421607639477,1171.0242919921875,2600,0.0,0.0
2004-12-28 00:00:00+09:00,1171.0242919921875,1171.0242919921875,1167.8421607639477,1171.0242919921875,1800,0.0,0.0
2004-12-29 00:00:00+09:00,1167.8421470927683,1190.1170654296875,1167.8421470927683,1190.1170654296875,800,0.0,0.0
2004-12-30 00:00:00+09:00,1196.4810468159635,1263.3057861328125,1196.4810468159635,1263.3057861328125,1800,0.0,0.0
2004-12-31 00:00:00+09:00,1263.3057861328125,1263.3057861328125,1263.3057861328125,1263.3057861328125,0,0.0,0.0
2005-01-03 00:00:00+09:00,1263.3057861328125,1263.3057861328125,1263.3057861328125,1263.3057861328125,0,0.0,0.0
2005-01-04 00:00:00+09:00,1263.3059175452406,1263.3059175452406,1244.2131328972018,1247.395263671875,2000,0.0,0.0
2005-01-05 00:00:00+09:00,1247.3953686523437,1272.8524169921875,1247.3953686523437,1272.8524169921875,1400,0.0,0.0
2005-01-06 00:00:00+09:00,1269.670162362648,1282.3986852936018,1269.670162362648,1276.034423828125,1600,0.0,0.0
2005-01-07 00:00:00+09:00,1304.673583984375,1304.673583984375,1304.673583984375,1304.673583984375,200,0.0,0.0
2005-01-10 00:00:00+09:00,1304.673583984375,1304.673583984375,1304.673583984375,1304.673583984375,0,0.0,0.0
2005-01-11 00:00:00+09:00,1320.5842197963168,1336.494873046875,1320.5842197963168,1336.494873046875,1200,0.0,0.0
2005-01-12 00:00:00+09:00,1336.4951775368681,1435.1412501645893,1336.4951775368681,1416.0484619140625,6200,0.0,0.0
2005-01-13 00:00:00+09:00,1416.0484619140625,1431.9591187895014,1406.5020677887992,1416.0484619140625,5400,0.0,0.0
2005-01-14 00:00:00+09:00,1400.137451171875,1400.137451171875,1384.2267983176491,1400.137451171875,4600,0.0,0.0
2005-01-17 00:00:00+09:00,1384.2268327985491,1384.2268327985491,1336.494873046875,1336.494873046875,1600,0.0,0.0
2005-01-18 00:00:00+09:00,1336.4951775368681,1416.0484619140625,1276.0346814102002,1416.0484619140625,6600,0.0,0.0
2005-01-19 00:00:00+09:00,1381.0447920011059,1403.319708001124,1381.0447920011059,1393.7733154296875,1200,0.0,0.0
2005-01-20 00:00:00+09:00,1403.3195817427202,1403.3195817427202,1390.5910594593395,1400.137451171875,5400,0.0,0.0
2005-01-21 00:00:00+09:00,1400.137451171875,1400.137451171875,1400.137451171875,1400.137451171875,1200,0.0,0.0
2005-01-24 00:00:00+09:00,1400.1375830639367,1400.1375830639367,1384.2269287109375,1384.2269287109375,1400,0.0,0.0
2005-01-25 00:00:00+09:00,1368.3161422246183,1406.5017089843752,1365.1340116613053,1406.501708984375,1400,0.0,0.0
2005-01-26 00:00:00+09:00,1387.4090365894156,1422.4124755859375,1387.4090365894156,1422.4124755859375,2600,0.0,0.0
2005-01-27 00:00:00+09:00,1431.9586114569026,1451.0513929429947,1431.9586114569026,1447.8692626953125,3400,0.0,0.0
2005-01-28 00:00:00+09:00,1451.0517708333332,1451.0517708333332,1431.958984375,1431.958984375,4000,0.0,0.0
2005-01-31 00:00:00+09:00,1416.0483289930555,1431.958984375,1416.0483289930555,1431.958984375,400,0.0,0.0
2005-02-01 00:00:00+09:00,1435.141115451389,1435.141115451389,1425.5947222222221,1431.958984375,3800,0.0,0.0
2005-02-02 00:00:00+09:00,1431.9588566457987,1441.5052490234375,1431.9588566457987,1441.5052490234375,6000,0.0,0.0
2005-02-03 00:00:00+09:00,1438.3231182308912,1444.6873798159836,1435.140987438345,1441.5052490234375,4400,0.0,0.0
2005-02-04 00:00:00+09:00,1438.3229980468748,1441.5051285735274,1438.3229980468748,1438.322998046875,2400,0.0,0.0
2005-02-07 00:00:00+09:00,1431.958984375,1431.958984375,1431.958984375,1431.958984375,800,0.0,0.0
2005-02-08 00:00:00+09:00,1431.9589865499722,1431.9589865499722,1428.77685546875,1428.77685546875,1600,0.0,0.0
2005-02-09 00:00:00+09:00,1428.7769874144137,1428.7769874144137,1416.0484619140625,1416.0484619140625,2400,0.0,0.0
2005-02-10 00:00:00+09:00,1412.8659701110012,1416.0481006743144,1403.319578421062,1406.501708984375,1600,0.0,0.0
2005-02-11 00:00:00+09:00,1406.5017089843752,1406.5017089843752,1406.5017089843752,1406.501708984375,0,0.0,0.0
2005-02-14 00:00:00+09:00,1416.04809900977,1419.2302295693426,1406.5017073310526,1409.683837890625,1200,0.0,0.0
2005-02-15 00:00:00+09:00,1406.5019553394275,1406.5019553394275,1403.31982421875,1403.31982421875,600,0.0,0.0
2005-02-16 00:00:00+09:00,1400.137451171875,1403.3195817427202,1393.7731900301847,1400.137451171875,2200,0.0,0.0
2005-02-17 00:00:00+09:00,1396.9553206010298,1400.137451171875,1387.4089288884943,1400.137451171875,1000,0.0,0.0
2005-02-18 00:00:00+09:00,1416.0479602184926,1466.9620441814047,1416.0479602184926,1447.8692626953125,5600,0.0,0.0
2005-02-21 00:00:00+09:00,1463.7803955078125,1463.7803955078125,1441.505476445737,1463.7803955078125,8200,0.0,0.0
2005-02-22 00:00:00+09:00,1454.2336708762427,1495.60136829723,1400.137451171875,1400.137451171875,18200,0.0,0.0
2005-02-23 00:00:00+09:00,1396.9554642541702,1400.1375951522436,1365.1341552734375,1365.1341552734375,9800,0.0,0.0
2005-02-24 00:00:00+09:00,1352.4056687552272,1358.7699307258401,1304.673703975631,1307.8558349609375,11000,0.0,0.0
2005-02-25 00:00:00+09:00,1301.4914641427522,1311.0378563002785,1285.580810546875,1285.580810546875,6400,0.0,0.0
2005-02-28 00:00:00+09:00,1285.5806915131375,1291.9449523622122,1272.8521698149875,1279.2164306640625,6600,0.0,0.0
2005-03-01 00:00:00+09:00,1272.8523156330334,1276.034446422116,1225.1203537967947,1237.848876953125,7000,0.0,0.0
2005-03-02 00:00:00+09:00,1237.8486315604969,1272.852063301282,1237.8486315604969,1241.03076171875,1600,0.0,0.0
2005-03-03 00:00:00+09:00,1244.213125517874,1266.4880408084753,1244.213125517874,1260.123779296875,3600,0.0,0.0
2005-03-04 00:00:00+09:00,1269.670045478859,1279.216436798249,1263.3057845992657,1266.4879150390625,9000,0.0,0.0
2005-03-07 00:00:00+09:00,1272.8522930953866,1276.034423828125,1272.8522930953866,1276.034423828125,1800,0.0,0.0
2005-03-08 00:00:00+09:00,1279.2164261429398,1288.7628173828125,1279.2164261429398,1288.7628173828125,3200,0.0,0.0
2005-03-09 00:00:00+09:00,1295.1271919064407,1304.673583984375,1295.1271919064407,1304.673583984375,1200,0.0,0.0
2005-03-10 00:00:00+09:00,1304.673583984375,1304.673583984375,1304.673583984375,1304.673583984375,0,0.0,0.0
2005-03-11 00:00:00+09:00,1301.49169921875,1304.6738305126833,1301.49169921875,1301.49169921875,5600,0.0,0.0
2005-03-14 00:00:00+09:00,1301.49169921875,1304.6738305126833,1301.49169921875,1301.49169921875,5200,0.0,0.0
2005-03-15 00:00:00+09:00,1314.2200589911881,1368.3162841796875,1314.2200589911881,1368.3162841796875,15600,0.0,0.0
2005-03-16 00:00:00+09:00,1368.316399483978,1406.501973423066,1365.1342683223875,1377.86279296875,10400,0.0,0.0
2005-03-17 00:00:00+09:00,1393.773333356097,1431.9589041329764,1336.494977190778,1365.1341552734375,6400,0.0,0.0
2005-03-18 00:00:00+09:00,1361.951912954344,1365.1340435920877,1342.859129127881,1346.041259765625,3000,0.0,0.0
2005-03-21 00:00:00+09:00,1346.041259765625,1346.041259765625,1346.041259765625,1346.041259765625,0,0.0,0.0
2005-03-22 00:00:00+09:00,1371.4983994296697,1396.955446286833,1368.3162685725245,1393.7733154296875,2800,0.0,0.0
2005-03-23 00:00:00+09:00,1377.8626768600109,1377.8626768600109,1352.4056297124816,1368.3162841796875,4400,0.0,0.0
2005-03-24 00:00:00+09:00,1371.4983994296697,1393.7733154296875,1368.3162685725245,1393.7733154296875,8800,0.0,0.0
2005-03-25 00:00:00+09:00,1381.0447978403377,1384.2269287109375,1381.0447978403377,1384.2269287109375,3400,0.0,0.0
2005-03-28 00:00:00+09:00,1381.0447978403377,1396.955452193337,1381.0447978403377,1384.2269287109375,3400,0.0,0.0
2005-03-29 00:00:00+09:00,1381.044805752429,1384.2269366412595,1371.4984130859375,1371.4984130859375,2400,0.0,0.0
2005-03-30 00:00:00+09:00,1368.3162841796875,1371.4984150731286,1358.7698914993641,1368.3162841796875,3200,0.0,0.0
2005-03-31 00:00:00+09:00,1371.4984130859375,1377.8626748635986,1368.316282197107,1371.4984130859375,1800,0.0,0.0
2005-04-01 00:00:00+09:00,1365.1341532862464,1368.3162841796875,1365.1341532862464,1368.3162841796875,400,0.0,0.0
2005-04-04 00:00:00+09:00,1365.1342683223875,1377.86279296875,1365.1342683223875,1377.86279296875,600,0.0,0.0
2005-04-05 00:00:00+09:00,1368.3162743579383,1384.2269287109375,1368.3162743579383,1384.2269287109375,1400,0.0,0.0
2005-04-06 00:00:00+09:00,1377.8626669697378,1384.2269287109375,1377.8626669697378,1384.2269287109375,1200,0.0,0.0
2005-04-07 00:00:00+09:00,1371.4984130859375,1371.4984130859375,1371.4984130859375,1371.4984130859375,200,0.0,0.0
2005-04-08 00:00:00+09:00,1371.4984111079464,1374.6805419921875,1371.4984111079464,1374.6805419921875,1000,0.0,0.0
2005-04-11 00:00:00+09:00,1371.498405228538,1384.2269287109375,1371.498405228538,1384.2269287109375,1800,0.0,0.0
2005-04-12 00:00:00+09:00,1393.7733272976345,1393.7733272976345,1374.6805419921875,1374.6805419921875,3000,0.0,0.0
2005-04-13 00:00:00+09:00,1374.6805479676573,1384.2269406618773,1365.1341552734375,1365.1341552734375,3800,0.0,0.0
2005-04-14 00:00:00+09:00,1355.5876569475445,1358.7697875976562,1336.494873046875,1336.494873046875,2000,0.0,0.0
2005-04-15 00:00:00+09:00,1320.5842267549956,1355.5876640906702,1320.5842267549956,1323.766357421875,4400,0.0,0.0
2005-04-18 00:00:00+09:00,1326.9484880887546,1352.4055334237908,1311.0378347543572,1323.766357421875,6200,0.0,0.0
2005-04-19 00:00:00+09:00,1323.7665005387933,1323.7665005387933,1288.763059418777,1291.9451904296875,3800,0.0,0.0
2005-04-20 00:00:00+09:00,1314.2199760623096,1326.9484988328888,1298.3093225990854,1304.673583984375,1600,0.0,0.0
2005-04-21 00:00:00+09:00,1295.1274366308833,1301.49169921875,1291.9453053369498,1301.49169921875,1800,0.0,0.0
2005-04-22 00:00:00+09:00,1304.673583984375,1311.0378453696646,1301.4914532917303,1304.673583984375,1800,0.0,0.0
2005-04-25 00:00:00+09:00,1314.2200927734375,1314.2200927734375,1314.2200927734375,1314.2200927734375,200,0.0,0.0
2005-04-26 00:00:00+09:00,1336.494873046875,1336.494873046875,1333.3127423967633,1336.494873046875,800,0.0,0.0
2005-04-27 00:00:00+09:00,1349.2233956473215,1349.2233956473215,1336.494873046875,1336.494873046875,400,0.0,0.0
2005-04-28 00:00:00+09:00,1349.2235888231983,1416.0483420432151,1339.677195506053,1412.8662109375,4000,0.0,0.0
2005-04-29 00:00:00+09:00,1412.8662109375,1412.8662109375,1412.8662109375,1412.8662109375,0,0.0,0.0
2005-05-02 00:00:00+09:00,1400.1375931140988,1403.31972400754,1368.3162841796875,1368.3162841796875,1000,0.0,0.0
2005-05-03 00:00:00+09:00,1368.3162841796875,1368.3162841796875,1368.3162841796875,1368.3162841796875,0,0.0,0.0
2005-05-04 00:00:00+09:00,1368.3162841796875,1368.3162841796875,1368.3162841796875,1368.3162841796875,0,0.0,0.0
2005-05-05 00:00:00+09:00,1368.3162841796875,1368.3162841796875,1368.3162841796875,1368.3162841796875,0,0.0,0.0
2005-05-06 00:00:00+09:00,1368.3162841796875,1368.3162841796875,1368.3162841796875,1368.3162841796875,0,0.0,0.0
2005-05-09 00:00:00+09:00,1384.2269287109375,1390.5911904521372,1368.3162743579383,1384.2269287109375,1600,0.0,0.0
2005-05-10 00:00:00+09:00,1384.2269287109375,1396.955452193337,1381.0447978403377,1384.2269287109375,2200,0.0,0.0
2005-05-11 00:00:00+09:00,1393.7733154296875,1409.6839697154146,1393.7733154296875,1393.7733154296875,7200,0.0,0.0
2005-05-12 00:00:00+09:00,1393.7731900301847,1406.5017123135653,1393.7731900301847,1400.137451171875,3600,0.0,0.0
2005-05-13 00:00:00+09:00,1400.137447857749,1492.4192341938278,1400.137447857749,1406.501708984375,9000,0.0,0.0
2005-05-16 00:00:00+09:00,1406.5017089843752,1406.5017089843752,1400.137447857749,1406.501708984375,4200,0.0,0.0
2005-05-17 00:00:00+09:00,1400.1375771439784,1400.1375771439784,1393.7733154296875,1393.7733154296875,400,0.0,0.0
2005-05-18 00:00:00+09:00,1381.0447978403377,1384.2269287109375,1381.0447978403377,1384.2269287109375,1600,0.0,0.0
2005-05-19 00:00:00+09:00,1393.7733154296875,1393.7733154296875,1393.7733154296875,1393.7733154296875,200,0.0,0.0
2005-05-20 00:00:00+09:00,1381.0447978403377,1384.2269287109375,1381.0447978403377,1384.2269287109375,400,0.0,0.0
2005-05-23 00:00:00+09:00,1444.6875960811492,1501.965958921371,1444.6875960811492,1479.6910400390625,13000,0.0,0.0
2005-05-24 00:00:00+09:00,1479.6909505208332,1495.6016059027777,1412.8661979166666,1431.958984375,7200,0.0,0.0
2005-05-25 00:00:00+09:00,1416.0484619140625,1416.0484619140625,1416.0484619140625,1416.0484619140625,200,0.0,0.0
2005-05-26 00:00:00+09:00,1416.0481040261009,1473.3264543013138,1400.137451171875,1400.137451171875,2200,0.0,0.0
2005-05-27 00:00:00+09:00,1393.7733134832358,1396.9554443359375,1393.7733134832358,1396.9554443359375,400,0.0,0.0
2005-05-30 00:00:00+09:00,1387.409168615363,1431.959004304847,1387.409168615363,1403.31982421875,4000,0.0,0.0
2005-05-31 00:00:00+09:00,1403.3194392277644,1447.8692626953125,1403.3194392277644,1447.8692626953125,1000,0.0,0.0
2005-06-01 00:00:00+09:00,1431.958984375,1431.958984375,1431.958984375,1431.958984375,400,0.0,0.0
2005-06-02 00:00:00+09:00,1428.776853298611,1431.958984375,1428.776853298611,1431.958984375,1200,0.0,0.0
2005-06-03 00:00:00+09:00,1428.7766263094813,1428.7766263094813,1400.137451171875,1400.137451171875,800,0.0,0.0
2005-06-06 00:00:00+09:00,1431.9588473790598,1460.598024326641,1431.9588473790598,1457.4158935546875,4400,0.0,0.0
2005-06-07 00:00:00+09:00,1479.6911594898404,1540.1516584797478,1479.6911594898404,1482.873291015625,7800,0.0,0.0
2005-06-08 00:00:00+09:00,1495.601566673344,1495.601566673344,1489.2373046875,1489.2373046875,1400,0.0,0.0
2005-06-09 00:00:00+09:00,1479.6910400390625,1482.8731713079637,1476.5089087701615,1479.6910400390625,2200,0.0,0.0
2005-06-10 00:00:00+09:00,1476.5090201892324,1492.419677734375,1476.5090201892324,1492.419677734375,2600,0.0,0.0
2005-06-13 00:00:00+09:00,1492.4196399026666,1543.3337427564888,1492.4196399026666,1540.151611328125,3600,0.0,0.0
2005-06-14 00:00:00+09:00,1533.7872360229492,1543.3336296081543,1527.4229736328125,1527.4229736328125,4400,0.0,0.0
2005-06-15 00:00:00+09:00,1508.330209545379,1508.330209545379,1479.6910283514792,1495.6016845703125,2400,0.0,0.0
2005-06-16 00:00:00+09:00,1505.148185665868,1517.8767115488774,1495.6017912536108,1514.694580078125,5600,0.0,0.0
2005-06-17 00:00:00+09:00,1511.5124334438215,1543.3337478321125,1511.5124334438215,1533.787353515625,5200,0.0,0.0
2005-06-20 00:00:00+09:00,1533.7872360229492,1536.9693672180176,1524.2408424377443,1527.4229736328125,1600,0.0,0.0
2005-06-21 00:00:00+09:00,1527.4229970079787,1527.4229970079787,1495.6016845703125,1495.6016845703125,1400,0.0,0.0
2005-06-22 00:00:00+09:00,1473.326904296875,1479.6911673823906,1473.326904296875,1473.326904296875,600,0.0,0.0
2005-06-23 00:00:00+09:00,1466.9625149634578,1479.6910400390625,1466.9625149634578,1479.6910400390625,1800,0.0,0.0
2005-06-24 00:00:00+09:00,1476.508782789079,1486.05517578125,1470.1445207942986,1486.05517578125,2600,0.0,0.0
2005-06-27 00:00:00+09:00,1481.2664850528743,1484.4588697189365,1471.6893310546875,1471.6893310546875,2200,7.5,0.0
2005-06-28 00:00:00+09:00,1449.3426494891826,1452.5350341796875,1449.3426494891826,1452.5350341796875,800,0.0,0.0
2005-06-29 00:00:00+09:00,1446.150146484375,1458.9196842016763,1446.150146484375,1446.150146484375,600,0.0,0.0
2005-06-30 00:00:00+09:00,1446.150365423387,1484.458984375,1446.150365423387,1484.458984375,1800,0.0,0.0
2005-07-01 00:00:00+09:00,1484.458984375,1484.458984375,1484.458984375,1484.458984375,0,0.0,0.0
2005-07-04 00:00:00+09:00,1503.6131609977558,1503.6131609977558,1500.4207763671875,1500.4207763671875,400,0.0,0.0
2005-07-05 00:00:00+09:00,1513.1904215154289,1525.9599609375,1513.1904215154289,1525.9599609375,1600,0.0,0.0
2005-07-06 00:00:00+09:00,1513.1903148894614,1513.1903148894614,1500.4207763671875,1500.4207763671875,400,0.0,0.0
2005-07-07 00:00:00+09:00,1503.6131573693226,1506.8055419921875,1500.420772746458,1506.8055419921875,1000,0.0,0.0
2005-07-08 00:00:00+09:00,1506.8055419921875,1506.8055419921875,1506.8055419921875,1506.8055419921875,0,0.0,0.0
2005-07-11 00:00:00+09:00,1500.4207837018844,1500.4207837018844,1484.4588604710134,1487.6512451171875,1800,0.0,0.0
2005-07-12 00:00:00+09:00,1487.6512451171875,1487.6512451171875,1487.6512451171875,1487.6512451171875,0,0.0,0.0
2005-07-13 00:00:00+09:00,1458.9197942319124,1468.4969482421875,1458.9197942319124,1468.4969482421875,800,0.0,0.0
2005-07-14 00:00:00+09:00,1452.535032305801,1455.7274169921875,1452.535032305801,1455.7274169921875,800,0.0,0.0
2005-07-15 00:00:00+09:00,1452.5351352486557,1484.458984375,1452.5351352486557,1484.458984375,800,0.0,0.0
2005-07-18 00:00:00+09:00,1484.458984375,1484.458984375,1484.458984375,1484.458984375,0,0.0,0.0
2005-07-19 00:00:00+09:00,1484.458984375,1484.458984375,1484.458984375,1484.458984375,0,0.0,0.0
2005-07-20 00:00:00+09:00,1487.651291769802,1644.0781443378712,1484.4589070235147,1612.154296875,15800,0.0,0.0
2005-07-21 00:00:00+09:00,1624.9238281249998,1653.6552907048133,1621.7314433939096,1624.923828125,8000,0.0,0.0
2005-07-22 00:00:00+09:00,1628.1161758624762,1707.9257923263233,1628.1161758624762,1688.771484375,8200,0.0,0.0
2005-07-25 00:00:00+09:00,1688.7714880811195,1691.9638727466793,1640.885718097723,1682.38671875,2800,0.0,0.0
2005-07-26 00:00:00+09:00,1656.847793340683,1660.0401782989502,1631.3087136745453,1634.5010986328125,800,0.0,0.0
2005-07-27 00:00:00+09:00,1624.923926955003,1660.0401611328125,1624.923926955003,1660.0401611328125,1400,0.0,0.0
2005-07-28 00:00:00+09:00,1634.5008612204724,1637.6932457150438,1621.7313232421875,1621.7313232421875,800,0.0,0.0
2005-07-29 00:00:00+09:00,1602.5771426361384,1612.154296875,1599.3847578898515,1612.154296875,600,0.0,0.0
2005-08-01 00:00:00+09:00,1596.1923789218126,1612.1543027110308,1580.2304551325947,1602.5771484375,2200,0.0,0.0
2005-08-02 00:00:00+09:00,1570.6534468670282,1573.8458319216359,1564.2686767578127,1564.2686767578125,1000,0.0,0.0
2005-08-03 00:00:00+09:00,1564.2686767578127,1564.2686767578127,1564.2686767578127,1564.2686767578125,400,0.0,0.0
2005-08-04 00:00:00+09:00,1551.49891204834,1551.49891204834,1529.1522198994955,1532.3446044921875,1800,0.0,0.0
2005-08-05 00:00:00+09:00,1532.3446044921875,1532.3446044921875,1532.3446044921875,1532.3446044921875,0,0.0,0.0
2005-08-08 00:00:00+09:00,1532.3446044921875,1532.3446044921875,1532.3446044921875,1532.3446044921875,0,0.0,0.0
2005-08-09 00:00:00+09:00,1513.190427631579,1516.3828125,1513.190427631579,1516.3828125,400,0.0,0.0
2005-08-10 00:00:00+09:00,1548.306396484375,1564.268318097616,1545.1140121617268,1548.306396484375,2400,0.0,0.0
2005-08-11 00:00:00+09:00,1561.0761678971485,1567.4609375,1548.306628691446,1567.4609375,6800,0.0,0.0
2005-08-12 00:00:00+09:00,1593.0000159114052,1596.192400712831,1564.2685526985742,1567.4609375,4200,0.0,0.0
2005-08-15 00:00:00+09:00,1596.192265900088,1596.192265900088,1586.6151123046875,1586.6151123046875,1200,0.0,0.0
2005-08-16 00:00:00+09:00,1583.4228515625,1586.615236343876,1583.4228515625,1583.4228515625,600,0.0,0.0
2005-08-17 00:00:00+09:00,1589.8074951171875,1589.8074951171875,1589.8074951171875,1589.8074951171875,200,0.0,0.0
2005-08-18 00:00:00+09:00,1577.0382307068376,1580.2306157892401,1541.92199480041,1545.1143798828125,3200,0.0,0.0
2005-08-19 00:00:00+09:00,1541.92199480041,1545.1143798828125,1541.92199480041,1545.1143798828125,400,0.0,0.0
2005-08-22 00:00:00+09:00,1548.3067514847737,1567.4610618124204,1548.3067514847737,1564.2686767578125,1000,0.0,0.0
2005-08-23 00:00:00+09:00,1564.2684689785572,1567.4608536091255,1500.4207763671875,1500.4207763671875,11000,0.0,0.0
2005-08-24 00:00:00+09:00,1516.3826832940533,1532.344606276096,1516.3826832940533,1529.1522216796875,600,0.0,0.0
2005-08-25 00:00:00+09:00,1529.1522198994955,1532.3446044921875,1529.1522198994955,1532.3446044921875,4400,0.0,0.0
2005-08-26 00:00:00+09:00,1516.3828125,1516.3828125,1513.190427631579,1516.3828125,1200,0.0,0.0
2005-08-29 00:00:00+09:00,1516.3828125,1519.575197368421,1513.190427631579,1516.3828125,2000,0.0,0.0
2005-08-30 00:00:00+09:00,1513.1904296875,1513.1904296875,1513.1904296875,1513.1904296875,400,0.0,0.0
2005-08-31 00:00:00+09:00,1509.997930258893,1513.1903148894614,1494.0360071060504,1500.4207763671875,3000,0.0,0.0
2005-09-01 00:00:00+09:00,1494.0357653001731,1497.2281494140625,1494.0357653001731,1497.2281494140625,400,0.0,0.0
2005-09-02 00:00:00+09:00,1494.0360181084995,1497.2284027625776,1481.2664794921875,1481.2664794921875,3400,0.0,0.0
2005-09-05 00:00:00+09:00,1481.2664794921875,1484.4588641462656,1478.0740948381097,1481.2664794921875,3000,0.0,0.0
2005-09-06 00:00:00+09:00,1497.2281494140625,1500.4205335279516,1497.2281494140625,1497.2281494140625,1600,0.0,0.0
2005-09-07 00:00:00+09:00,1497.228391736619,1500.4207763671875,1494.0360071060504,1500.4207763671875,1800,0.0,0.0
2005-09-08 00:00:00+09:00,1500.4208963641188,1503.61328125,1500.4208963641188,1503.61328125,400,0.0,0.0
2005-09-09 00:00:00+09:00,1503.61328125,1503.61328125,1503.61328125,1503.61328125,0,0.0,0.0
2005-09-12 00:00:00+09:00,1503.6132669488757,1532.3447306485357,1503.6132669488757,1525.9599609375,1200,0.0,0.0
2005-09-13 00:00:00+09:00,1535.537224635605,1548.306764965215,1532.3448395532025,1545.1143798828125,2800,0.0,0.0
2005-09-14 00:00:00+09:00,1545.1143798828125,1545.1143798828125,1545.1143798828125,1545.1143798828125,0,0.0,0.0
2005-09-15 00:00:00+09:00,1538.7293683480525,1541.9217529296875,1535.5369837664175,1541.9217529296875,2200,0.0,0.0
2005-09-16 00:00:00+09:00,1541.9217529296875,1541.9217529296875,1541.9217529296875,1541.9217529296875,0,0.0,0.0
2005-09-19 00:00:00+09:00,1541.9217529296875,1541.9217529296875,1541.9217529296875,1541.9217529296875,0,0.0,0.0
2005-09-20 00:00:00+09:00,1525.959967105263,1529.1523519736843,1516.3828125,1516.3828125,1400,0.0,0.0
2005-09-21 00:00:00+09:00,1545.1141375113225,1545.1141375113225,1532.3445991847827,1541.9217529296875,1200,0.0,0.0
2005-09-22 00:00:00+09:00,1541.9217529296875,1541.9217529296875,1532.3445991847827,1541.9217529296875,2600,0.0,0.0
2005-09-23 00:00:00+09:00,1541.9217529296875,1541.9217529296875,1541.9217529296875,1541.9217529296875,0,0.0,0.0
2005-09-26 00:00:00+09:00,1538.7293736775716,1541.9217582702638,1532.3446044921875,1532.3446044921875,1800,0.0,0.0
2005-09-27 00:00:00+09:00,1529.152458982349,1538.7296142578125,1529.152458982349,1538.7296142578125,3800,0.0,0.0
2005-09-28 00:00:00+09:00,1538.7296142578125,1538.7296142578125,1538.7296142578125,1538.7296142578125,200,0.0,0.0
2005-09-29 00:00:00+09:00,1532.3446044921875,1532.3446044921875,1532.3446044921875,1532.3446044921875,200,0.0,0.0
2005-09-30 00:00:00+09:00,1529.1522198994955,1532.3446044921875,1529.1522198994955,1532.3446044921875,800,0.0,0.0
2005-10-03 00:00:00+09:00,1525.959837083279,1529.1522216796875,1525.959837083279,1529.1522216796875,400,0.0,0.0
2005-10-04 00:00:00+09:00,1516.3824450068114,1519.5748291015625,1516.3824450068114,1519.5748291015625,400,0.0,0.0
2005-10-05 00:00:00+09:00,1519.5749496363994,1522.7673339843752,1519.5749496363994,1522.767333984375,400,0.0,0.0
2005-10-06 00:00:00+09:00,1519.5749496363994,1522.7673339843752,1519.5749496363994,1522.767333984375,400,0.0,0.0
2005-10-07 00:00:00+09:00,1519.5749496363994,1522.7673339843752,1519.5749496363994,1522.767333984375,800,0.0,0.0
2005-10-10 00:00:00+09:00,1522.7673339843752,1522.7673339843752,1522.7673339843752,1522.767333984375,0,0.0,0.0
2005-10-11 00:00:00+09:00,1519.5749496363994,1522.7673339843752,1519.5749496363994,1522.767333984375,1200,0.0,0.0
2005-10-12 00:00:00+09:00,1522.7674507141114,1532.3446044921875,1522.7674507141114,1532.3446044921875,1400,0.0,0.0
2005-10-13 00:00:00+09:00,1535.5369890848797,1535.5369890848797,1532.3446044921875,1532.3446044921875,600,0.0,0.0
2005-10-14 00:00:00+09:00,1532.3446044921875,1532.3446044921875,1532.3446044921875,1532.3446044921875,2200,0.0,0.0
2005-10-17 00:00:00+09:00,1532.3446044921875,1532.3446044921875,1522.7674507141114,1532.3446044921875,800,0.0,0.0
2005-10-18 00:00:00+09:00,1532.3446044921875,1535.5369890848797,1532.3446044921875,1532.3446044921875,1200,0.0,0.0
2005-10-19 00:00:00+09:00,1532.3446044921875,1532.3446044921875,1532.3446044921875,1532.3446044921875,800,0.0,0.0
2005-10-20 00:00:00+09:00,1535.5369890848797,1535.5369890848797,1532.3446044921875,1532.3446044921875,1000,0.0,0.0
2005-10-21 00:00:00+09:00,1516.3824450068114,1519.5748291015625,1516.3824450068114,1519.5748291015625,400,0.0,0.0
2005-10-24 00:00:00+09:00,1535.5367495753185,1535.5367495753185,1516.3824450068114,1519.5748291015625,1000,0.0,0.0
2005-10-25 00:00:00+09:00,1519.5749496363994,1522.7673339843752,1519.5749496363994,1522.767333984375,1800,0.0,0.0
2005-10-26 00:00:00+09:00,1532.344606276096,1532.344606276096,1529.1522216796875,1529.1522216796875,2000,0.0,0.0
2005-10-27 00:00:00+09:00,1532.344606276096,1532.344606276096,1529.1522216796875,1529.1522216796875,3600,0.0,0.0
2005-10-28 00:00:00+09:00,1529.1522216796875,1529.1522216796875,1525.959837083279,1529.1522216796875,800,0.0,0.0
2005-10-31 00:00:00+09:00,1529.1522216796875,1532.344606276096,1516.3826832940533,1529.1522216796875,6800,0.0,0.0
2005-11-01 00:00:00+09:00,1525.959837083279,1532.344606276096,1525.959837083279,1529.1522216796875,3600,0.0,0.0
2005-11-02 00:00:00+09:00,1529.1522198994955,1535.5369890848797,1529.1522198994955,1532.3446044921875,3200,0.0,0.0
2005-11-03 00:00:00+09:00,1532.3446044921875,1532.3446044921875,1532.3446044921875,1532.3446044921875,0,0.0,0.0
2005-11-04 00:00:00+09:00,1532.3445991847827,1548.3065220929575,1529.1522146031477,1541.9217529296875,7400,0.0,0.0
2005-11-07 00:00:00+09:00,1570.6530717329545,1583.422608901515,1564.268303148674,1580.230224609375,3000,0.0,0.0
2005-11-08 00:00:00+09:00,1564.2686903772276,1567.4610754596301,1541.92199480041,1545.1143798828125,10800,0.0,0.0
2005-11-09 00:00:00+09:00,1548.306769533276,1548.306769533276,1538.7296142578125,1538.7296142578125,5200,0.0,0.0
2005-11-10 00:00:00+09:00,1532.3443746668443,1535.5367587807336,1484.4586129585055,1497.2281494140625,7600,0.0,0.0
2005-11-11 00:00:00+09:00,1494.035989379883,1532.3446044921875,1490.8436047871908,1532.3446044921875,3000,0.0,0.0
2005-11-14 00:00:00+09:00,1529.151981385816,1545.113901859572,1516.3824450068114,1519.5748291015625,1600,0.0,0.0
2005-11-15 00:00:00+09:00,1519.575197368421,1519.575197368421,1516.3828125,1516.3828125,400,0.0,0.0
2005-11-16 00:00:00+09:00,1519.5752056794054,1519.5752056794054,1500.4208963641188,1503.61328125,2400,0.0,0.0
2005-11-17 00:00:00+09:00,1506.8053017557302,1506.8053017557302,1494.0357653001731,1497.2281494140625,3600,0.0,0.0
2005-11-18 00:00:00+09:00,1503.613041804387,1503.613041804387,1494.0358886718748,1494.035888671875,2400,0.0,0.0
2005-11-21 00:00:00+09:00,1494.0358902402302,1497.2282746210853,1490.843505859375,1490.843505859375,2800,0.0,0.0
2005-11-22 00:00:00+09:00,1490.843505859375,1490.843505859375,1490.843505859375,1490.843505859375,200,0.0,0.0
2005-11-23 00:00:00+09:00,1490.843505859375,1490.843505859375,1490.843505859375,1490.843505859375,0,0.0,0.0
2005-11-24 00:00:00+09:00,1490.843505859375,1494.0358902402302,1490.843505859375,1490.843505859375,1800,0.0,0.0
2005-11-25 00:00:00+09:00,1484.458853214345,1500.4207763671875,1484.458853214345,1500.4207763671875,600,0.0,0.0
2005-11-28 00:00:00+09:00,1500.4207763671875,1500.4207763671875,1500.4207763671875,1500.4207763671875,0,0.0,0.0
2005-11-29 00:00:00+09:00,1490.843505859375,1494.0358902402302,1487.6511214785198,1490.843505859375,1000,0.0,0.0
2005-11-30 00:00:00+09:00,1490.843505859375,1494.0358902402302,1487.6511214785198,1490.843505859375,1200,0.0,0.0
2005-12-01 00:00:00+09:00,1503.6131609977558,1503.6131609977558,1500.4207763671875,1500.4207763671875,1200,0.0,0.0
2005-12-02 00:00:00+09:00,1503.6131609977558,1503.6131609977558,1500.4207763671875,1500.4207763671875,400,0.0,0.0
2005-12-05 00:00:00+09:00,1532.3446044921875,1548.306527455648,1529.1522198994955,1532.3446044921875,3000,0.0,0.0
2005-12-06 00:00:00+09:00,1500.4207763671875,1500.4207763671875,1497.228391736619,1500.4207763671875,3600,0.0,0.0
2005-12-07 00:00:00+09:00,1503.6131573693226,1506.8055419921875,1503.6131573693226,1506.8055419921875,1400,0.0,0.0
2005-12-08 00:00:00+09:00,1532.3447389240505,1535.537123796809,1506.805659941983,1513.1904296875,2600,0.0,0.0
2005-12-09 00:00:00+09:00,1513.1904296875,1513.1904296875,1513.1904296875,1513.1904296875,0,0.0,0.0
2005-12-12 00:00:00+09:00,1509.9980448147414,1513.1904296875,1509.9980448147414,1513.1904296875,1000,0.0,0.0
2005-12-13 00:00:00+09:00,1516.3826815287273,1541.9217582702638,1516.3826815287273,1532.3446044921875,2000,0.0,0.0
2005-12-14 00:00:00+09:00,1532.3446044921875,1532.3446044921875,1529.1522198994955,1532.3446044921875,1600,0.0,0.0
2005-12-15 00:00:00+09:00,1545.1141375113225,1545.1141375113225,1541.9217529296875,1541.9217529296875,400,0.0,0.0
2005-12-16 00:00:00+09:00,1551.4987777929284,1561.0759307422677,1548.306393476482,1554.691162109375,1800,0.0,0.0
2005-12-19 00:00:00+09:00,1564.268654785156,1599.384889892578,1564.268654785156,1596.1925048828125,5800,0.0,0.0
2005-12-20 00:00:00+09:00,1592.9998627910466,1628.11609223133,1592.9998627910466,1621.7313232421875,2600,0.0,0.0
2005-12-21 00:00:00+09:00,1628.1162128560902,1628.1162128560902,1621.7314433939096,1624.923828125,2600,0.0,0.0
2005-12-22 00:00:00+09:00,1628.1162109374998,1644.078134574142,1628.1162109374998,1628.1162109375,3000,0.0,0.0
2005-12-23 00:00:00+09:00,1628.1162109374998,1628.1162109374998,1628.1162109374998,1628.1162109375,0,0.0,0.0
2005-12-26 00:00:00+09:00,1628.1163118802585,1691.9640103853667,1583.4229229266828,1660.0401611328125,7200,0.0,0.0
2005-12-27 00:00:00+09:00,1660.0401611328125,1663.232546058068,1656.8477762075572,1660.0401611328125,1200,0.0,0.0
2005-12-28 00:00:00+09:00,1660.0400582107843,1663.2324429381126,1624.9238262101715,1628.1162109375,4400,0.0,0.0
2005-12-29 00:00:00+09:00,1631.3087136745453,1634.5010986328125,1621.7315587997437,1634.5010986328125,2400,0.0,0.0
2005-12-30 00:00:00+09:00,1612.154403924942,1637.6934835910797,1612.154403924942,1634.5010986328125,800,0.0,0.0
2006-01-02 00:00:00+09:00,1634.5010986328125,1634.5010986328125,1634.5010986328125,1634.5010986328125,0,0.0,0.0
2006-01-03 00:00:00+09:00,1634.5010986328125,1634.5010986328125,1634.5010986328125,1634.5010986328125,0,0.0,0.0
2006-01-04 00:00:00+09:00,1634.5009652509652,1656.8476581352556,1634.5009652509652,1653.6552734375,3400,0.0,0.0
2006-01-05 00:00:00+09:00,1676.0020689530807,1691.9639934193003,1676.0020689530807,1685.5792236328125,1600,0.0,0.0
2006-01-06 00:00:00+09:00,1685.5794502044394,1707.9261474609375,1672.8099089150116,1707.9261474609375,4200,0.0,0.0
2006-01-09 00:00:00+09:00,1707.9261474609375,1707.9261474609375,1707.9261474609375,1707.9261474609375,0,0.0,0.0
2006-01-10 00:00:00+09:00,1736.6573466169725,1752.6192707586727,1733.4649617886325,1739.8497314453125,8600,0.0,0.0
2006-01-11 00:00:00+09:00,1739.8497354918422,1746.234505163372,1730.2725809845476,1733.4649658203125,5400,0.0,0.0
2006-01-12 00:00:00+09:00,1733.4649617886325,1743.0421162736525,1730.2725769602926,1739.8497314453125,6800,0.0,0.0
2006-01-13 00:00:00+09:00,1739.8494952166523,1752.619032796224,1723.8875732421875,1723.8875732421875,16200,0.0,0.0
2006-01-16 00:00:00+09:00,1720.6954264772532,1739.8497354918422,1720.6954264772532,1733.4649658203125,1600,0.0,0.0
2006-01-17 00:00:00+09:00,1739.84949681666,1743.0418812144885,1720.6951904296875,1720.6951904296875,6800,0.0,0.0
2006-01-18 00:00:00+09:00,1707.9258291207107,1711.1182138480392,1592.9999789368871,1628.1162109375,5000,0.0,0.0
2006-01-19 00:00:00+09:00,1564.2684023399054,1628.11609223133,1564.2684023399054,1621.7313232421875,10400,0.0,0.0
2006-01-20 00:00:00+09:00,1644.0781326443248,1676.0019798801368,1631.3085937499998,1631.30859375,1800,0.0,0.0
2006-01-23 00:00:00+09:00,1628.1162206064355,1631.3086053527227,1608.9619121287128,1612.154296875,2000,0.0,0.0
2006-01-24 00:00:00+09:00,1612.154296875,1615.346681621287,1612.154296875,1612.154296875,2800,0.0,0.0
2006-01-25 00:00:00+09:00,1615.346672028186,1631.3085956648283,1612.1542873008577,1628.1162109375,2000,0.0,0.0
2006-01-26 00:00:00+09:00,1624.9235754513047,1647.2702650940535,1624.9235754513047,1644.077880859375,800,0.0,0.0
2006-01-27 00:00:00+09:00,1647.270621431791,1663.232546058068,1644.0782365065354,1660.0401611328125,1200,0.0,0.0
2006-01-30 00:00:00+09:00,1688.7713754254887,1691.963759878089,1660.0399153520873,1663.2322998046875,1200,0.0,0.0
2006-01-31 00:00:00+09:00,1672.809453162488,1676.001837615088,1660.0399153520873,1663.2322998046875,1800,0.0,0.0
2006-02-01 00:00:00+09:00,1688.7716190491308,1688.7716190491308,1666.4249246571762,1669.6173095703125,2400,0.0,0.0
2006-02-02 00:00:00+09:00,1669.6173095703125,1676.0020793965853,1666.4249246571762,1669.6173095703125,2600,0.0,0.0
2006-02-03 00:00:00+09:00,1669.6173095703125,1669.6173095703125,1669.6173095703125,1669.6173095703125,0,0.0,0.0
2006-02-06 00:00:00+09:00,1676.0018294301776,1679.1942138671875,1676.0018294301776,1679.1942138671875,1200,0.0,0.0
2006-02-07 00:00:00+09:00,1676.0018294301776,1682.3865983041972,1676.0018294301776,1679.1942138671875,2000,0.0,0.0
2006-02-08 00:00:00+09:00,1679.194337797619,1695.1562611607142,1676.001953125,1676.001953125,6600,0.0,0.0
2006-02-09 00:00:00+09:00,1672.809568452381,1676.001953125,1672.809568452381,1676.001953125,800,0.0,0.0
2006-02-10 00:00:00+09:00,1676.001723206159,1676.001723206159,1644.077880859375,1644.077880859375,5600,0.0,0.0
2006-02-13 00:00:00+09:00,1624.9238262101715,1628.1162109374998,1624.9238262101715,1628.1162109375,800,0.0,0.0
2006-02-14 00:00:00+09:00,1612.1544525769293,1612.1544525769293,1481.2666653380104,1564.2686767578125,5200,0.0,0.0
2006-02-15 00:00:00+09:00,1567.4610618124204,1567.4610618124204,1564.2686767578127,1564.2686767578125,3600,0.0,0.0
2006-02-16 00:00:00+09:00,1545.1141428629558,1564.2684504191081,1532.3446044921875,1532.3446044921875,600,0.0,0.0
2006-02-17 00:00:00+09:00,1529.1522380423037,1532.3446226728722,1497.228391736619,1500.4207763671875,2400,0.0,0.0
2006-02-20 00:00:00+09:00,1500.4207763671875,1500.4207763671875,1497.228391736619,1500.4207763671875,1000,0.0,0.0
2006-02-21 00:00:00+09:00,1468.4969300615026,1500.4207763671875,1468.4969300615026,1500.4207763671875,1600,0.0,0.0
2006-02-22 00:00:00+09:00,1433.3807963053387,1436.5731811523438,1318.4549418131512,1340.8016357421875,11200,0.0,0.0
2006-02-23 00:00:00+09:00,1340.8013801931222,1375.9176068172278,1340.8013801931222,1366.3404541015625,9800,0.0,0.0
2006-02-24 00:00:00+09:00,1372.7254540454383,1388.6873779296875,1372.7254540454383,1388.6873779296875,1600,0.0,0.0
2006-02-27 00:00:00+09:00,1385.4950451362424,1388.6874300328698,1273.7615737542874,1308.8778076171875,5800,0.0,0.0
2006-02-28 00:00:00+09:00,1305.6854124505835,1337.6092611657568,1305.6854124505835,1324.8397216796875,5800,0.0,0.0
2006-03-01 00:00:00+09:00,1324.8397216796875,1328.0321065512048,1321.6473368081702,1324.8397216796875,3200,0.0,0.0
2006-03-02 00:00:00+09:00,1324.8397216796875,1328.0321065512048,1321.6473368081702,1324.8397216796875,3200,0.0,0.0
2006-03-03 00:00:00+09:00,1324.8397216796875,1328.0321065512048,1321.6473368081702,1324.8397216796875,2000,0.0,0.0
2006-03-06 00:00:00+09:00,1321.6473368081702,1324.8397216796875,1321.6473368081702,1324.8397216796875,2000,0.0,0.0
2006-03-07 00:00:00+09:00,1340.8015067622346,1353.571044921875,1340.8015067622346,1353.571044921875,400,0.0,0.0
2006-03-08 00:00:00+09:00,1337.6092508951824,1340.8016357421875,1337.6092508951824,1340.8016357421875,400,0.0,0.0
2006-03-09 00:00:00+09:00,1353.5712867647057,1356.763671875,1353.5712867647057,1356.763671875,400,0.0,0.0
2006-03-10 00:00:00+09:00,1356.763671875,1356.763671875,1356.763671875,1356.763671875,0,0.0,0.0
2006-03-13 00:00:00+09:00,1356.763671875,1356.763671875,1353.5712867647057,1356.763671875,1200,0.0,0.0
2006-03-14 00:00:00+09:00,1369.5332100022008,1379.1103653169016,1359.9560546875,1359.9560546875,4200,0.0,0.0
2006-03-15 00:00:00+09:00,1359.9558003743489,1379.110107421875,1359.9558003743489,1379.110107421875,1000,0.0,0.0
2006-03-16 00:00:00+09:00,1356.7635703948606,1359.955955266378,1276.9539486069277,1324.8397216796875,14000,0.0,0.0
2006-03-17 00:00:00+09:00,1318.4549623070693,1321.6473472036967,1248.222494581269,1308.8778076171875,16200,0.0,0.0
2006-03-20 00:00:00+09:00,1270.569207474478,1286.531132191494,1270.569207474478,1280.1463623046875,4200,0.0,0.0
2006-03-21 00:00:00+09:00,1280.1463623046875,1280.1463623046875,1280.1463623046875,1280.1463623046875,0,0.0,0.0
2006-03-22 00:00:00+09:00,1276.953853777985,1305.6853154879896,1276.953853777985,1283.338623046875,4400,0.0,0.0
2006-03-23 00:00:00+09:00,1283.3388599537036,1296.1084008487655,1283.3388599537036,1292.916015625,800,0.0,0.0
2006-03-24 00:00:00+09:00,1292.916015625,1292.916015625,1292.916015625,1292.916015625,0,0.0,0.0
2006-03-27 00:00:00+09:00,1276.9537263315888,1315.2623381215362,1273.7613420157597,1296.1080322265625,2200,0.0,0.0
2006-03-28 00:00:00+09:00,1299.3004165423915,1299.3004165423915,1296.1080322265625,1296.1080322265625,400,0.0,0.0
2006-03-29 00:00:00+09:00,1280.146465273533,1305.685546875,1280.146465273533,1305.685546875,1800,0.0,0.0
2006-03-30 00:00:00+09:00,1305.685546875,1305.685546875,1305.685546875,1305.685546875,0,0.0,0.0
2006-03-31 00:00:00+09:00,1308.8778076171875,1308.8778076171875,1308.8778076171875,1308.8778076171875,400,0.0,0.0
2006-04-03 00:00:00+09:00,1312.0701925138148,1312.0701925138148,1308.8778076171875,1308.8778076171875,2000,0.0,0.0
2006-04-04 00:00:00+09:00,1283.3386212294508,1286.531005859375,1283.3386212294508,1286.531005859375,400,0.0,0.0
2006-04-05 00:00:00+09:00,1312.0701925138148,1312.0701925138148,1280.1463435475418,1308.8778076171875,3200,0.0,0.0
2006-04-06 00:00:00+09:00,1280.1461106474176,1296.1080322265625,1280.1461106474176,1296.1080322265625,1000,0.0,0.0
2006-04-07 00:00:00+09:00,1296.1080322265625,1296.1080322265625,1296.1080322265625,1296.1080322265625,400,0.0,0.0
2006-04-10 00:00:00+09:00,1296.1080322265625,1296.1080322265625,1296.1080322265625,1296.1080322265625,400,0.0,0.0
2006-04-11 00:00:00+09:00,1296.1080322265625,1296.1080322265625,1292.9156479107335,1296.1080322265625,2800,0.0,0.0
2006-04-12 00:00:00+09:00,1296.1084008487655,1296.1084008487655,1292.916015625,1292.916015625,400,0.0,0.0
2006-04-13 00:00:00+09:00,1283.3388599537036,1292.916015625,1283.3388599537036,1292.916015625,2400,0.0,0.0
2006-04-14 00:00:00+09:00,1292.916015625,1292.916015625,1292.916015625,1292.916015625,0,0.0,0.0
2006-04-17 00:00:00+09:00,1273.761594543457,1276.9539794921875,1273.761594543457,1276.9539794921875,800,0.0,0.0
2006-04-18 00:00:00+09:00,1276.9539794921875,1276.9539794921875,1276.9539794921875,1276.9539794921875,400,0.0,0.0
2006-04-19 00:00:00+09:00,1276.9539794921875,1276.9539794921875,1276.9539794921875,1276.9539794921875,0,0.0,0.0
2006-04-20 00:00:00+09:00,1276.9539794921875,1276.9539794921875,1276.9539794921875,1276.9539794921875,0,0.0,0.0
2006-04-21 00:00:00+09:00,1238.6452890624998,1238.6452890624998,1193.95190234375,1197.144287109375,2400,0.0,0.0
2006-04-24 00:00:00+09:00,1229.068134765625,1229.068134765625,1197.144287109375,1197.144287109375,3600,0.0,0.0
2006-04-25 00:00:00+09:00,1197.144287109375,1197.144287109375,1197.144287109375,1197.144287109375,0,0.0,0.0
2006-04-26 00:00:00+09:00,1177.9901099952492,1184.374880239126,1177.9901099952492,1181.1824951171875,1200,0.0,0.0
2006-04-27 00:00:00+09:00,1181.1824951171875,1181.1824951171875,1181.1824951171875,1181.1824951171875,1000,0.0,0.0
2006-04-28 00:00:00+09:00,1181.1824951171875,1181.1824951171875,1181.1824951171875,1181.1824951171875,200,0.0,0.0
2006-05-01 00:00:00+09:00,1181.1824951171875,1181.1824951171875,1181.1824951171875,1181.1824951171875,1800,0.0,0.0
2006-05-02 00:00:00+09:00,1155.6431918674043,1158.8355763753254,1146.0660383436414,1149.2584228515625,2600,0.0,0.0
2006-05-03 00:00:00+09:00,1149.2584228515625,1149.2584228515625,1149.2584228515625,1149.2584228515625,0,0.0,0.0
2006-05-04 00:00:00+09:00,1149.2584228515625,1149.2584228515625,1149.2584228515625,1149.2584228515625,0,0.0,0.0
2006-05-05 00:00:00+09:00,1149.2584228515625,1149.2584228515625,1149.2584228515625,1149.2584228515625,0,0.0,0.0
2006-05-08 00:00:00+09:00,1142.8736693988158,1142.8736693988158,1098.180285679309,1120.5269775390625,5400,0.0,0.0
2006-05-09 00:00:00+09:00,1120.527101702009,1120.527101702009,1114.1423318917412,1117.334716796875,1600,0.0,0.0
2006-05-10 00:00:00+09:00,1117.334716796875,1117.334716796875,1117.334716796875,1117.334716796875,600,0.0,0.0
2006-05-11 00:00:00+09:00,1104.565183436149,1107.757568359375,1104.565183436149,1107.757568359375,400,0.0,0.0
2006-05-12 00:00:00+09:00,1085.4108996035447,1130.1042895872201,1069.448974609375,1069.448974609375,19000,0.0,0.0
2006-05-15 00:00:00+09:00,1162.0278695913462,1165.2202538484653,1079.02587890625,1079.02587890625,4400,0.0,0.0
2006-05-16 00:00:00+09:00,1066.2565044934236,1069.4488892374159,999.2164248695857,1008.7935791015625,6000,0.0,0.0
2006-05-17 00:00:00+09:00,992.8316650390626,996.0240498141078,980.0621259388816,992.8316650390625,4200,0.0,0.0
2006-05-18 00:00:00+09:00,992.8316650390626,992.8316650390626,992.8316650390626,992.8316650390625,0,0.0,0.0
2006-05-19 00:00:00+09:00,1005.6011962890624,1005.6011962890624,1005.6011962890624,1005.6011962890625,400,0.0,0.0
2006-05-22 00:00:00+09:00,1005.6011962890624,1005.6011962890624,1005.6011962890624,1005.6011962890625,200,0.0,0.0
2006-05-23 00:00:00+09:00,1005.6011962890624,1008.7935810391864,1002.4088115389384,1005.6011962890625,3000,0.0,0.0
2006-05-24 00:00:00+09:00,1005.6010665893555,1021.56298828125,992.8315292358399,1021.56298828125,2000,0.0,0.0
2006-05-25 00:00:00+09:00,1018.3708080660912,1021.5631930443548,980.0621883269279,989.6393432617188,4400,0.0,0.0
2006-05-26 00:00:00+09:00,957.7155936700085,960.9079789822418,935.368896484375,935.368896484375,2800,0.0,0.0
2006-05-29 00:00:00+09:00,935.368896484375,935.368896484375,893.8678874253413,935.368896484375,4400,0.0,0.0
2006-05-30 00:00:00+09:00,903.4449356926813,919.4068603515625,903.4449356926813,919.4068603515625,1000,0.0,0.0
2006-05-31 00:00:00+09:00,900.2524396808745,903.44482421875,900.2524396808745,903.44482421875,400,0.0,0.0
2006-06-01 00:00:00+09:00,906.6372739309942,906.6372739309942,897.0601196289061,897.0601196289062,400,0.0,0.0
2006-06-02 00:00:00+09:00,893.8677348615436,897.0601196289061,893.8677348615436,897.0601196289062,800,0.0,0.0
2006-06-05 00:00:00+09:00,938.5612048339844,957.7155151367189,938.5612048339844,957.7155151367188,2600,0.0,0.0
2006-06-06 00:00:00+09:00,957.7154250372023,1015.1783505394344,957.7154250372023,1005.6011962890625,4000,0.0,0.0
2006-06-07 00:00:00+09:00,1008.7935810391864,1037.5250437903026,1002.4088115389384,1005.6011962890625,2800,0.0,0.0
2006-06-08 00:00:00+09:00,960.9079001871745,960.9079001871745,957.7155151367189,957.7155151367188,1000,0.0,0.0
2006-06-09 00:00:00+09:00,951.3307450358074,957.7155151367189,951.3307450358074,957.7155151367188,600,0.0,0.0
2006-06-12 00:00:00+09:00,957.7155151367189,957.7155151367189,957.7155151367189,957.7155151367188,0,0.0,0.0
2006-06-13 00:00:00+09:00,957.7155151367189,957.7155151367189,957.7155151367189,957.7155151367188,400,0.0,0.0
2006-06-14 00:00:00+09:00,957.7154250372023,1005.6011962890624,957.7154250372023,1005.6011962890625,1000,0.0,0.0
2006-06-15 00:00:00+09:00,1018.3707753356074,1133.296630859375,1018.3707753356074,1133.296630859375,9000,0.0,0.0
2006-06-16 00:00:00+09:00,1168.4129569200966,1197.1444230738693,1149.2586461509147,1177.9901123046875,7800,0.0,0.0
2006-06-19 00:00:00+09:00,1171.6052226190982,1190.759531435759,1165.2204530135446,1174.797607421875,2400,0.0,0.0
2006-06-20 00:00:00+09:00,1168.4127298990884,1171.6051144070095,1146.0660383436414,1149.2584228515625,3400,0.0,0.0
2006-06-21 00:00:00+09:00,1149.2586599302688,1158.8358154296875,1149.2586599302688,1158.8358154296875,1800,0.0,0.0
2006-06-22 00:00:00+09:00,1165.2203369140625,1165.2203369140625,1165.2203369140625,1165.2203369140625,400,0.0,0.0
2006-06-23 00:00:00+09:00,1133.2965003119573,1149.2584228515625,1133.2965003119573,1149.2584228515625,600,0.0,0.0
2006-06-26 00:00:00+09:00,1146.0661703620158,1149.258555237676,1130.104245983715,1133.296630859375,5600,0.0,0.0
2006-06-27 00:00:00+09:00,1138.10546875,1138.10546875,1138.10546875,1138.10546875,400,7.5,0.0
2006-06-28 00:00:00+09:00,1122.0759220895052,1122.0759220895052,1109.252197265625,1109.252197265625,1400,0.0,0.0
2006-06-29 00:00:00+09:00,1122.0759235129233,1122.0759235129233,1109.2521986727756,1112.4581298828125,600,0.0,0.0
2006-06-30 00:00:00+09:00,1106.0462574678309,1109.2521886488971,1057.9572897518383,1090.0166015625,3000,0.0,0.0
2006-07-03 00:00:00+09:00,1090.0166015625,1090.0166015625,1090.0166015625,1090.0166015625,0,0.0,0.0
2006-07-04 00:00:00+09:00,1106.046271623884,1122.075927734375,1102.8403404017859,1122.075927734375,3800,0.0,0.0
2006-07-05 00:00:00+09:00,1122.075927734375,1122.075927734375,1122.075927734375,1122.075927734375,400,0.0,0.0
2006-07-06 00:00:00+09:00,1118.8699965122769,1122.075927734375,1118.8699965122769,1122.075927734375,1600,0.0,0.0
2006-07-07 00:00:00+09:00,1083.6046160582596,1086.810546875,1083.6046160582596,1086.810546875,400,0.0,0.0
2006-07-10 00:00:00+09:00,1090.016615513393,1128.4877901785715,1090.016615513393,1122.075927734375,2200,0.0,0.0
2006-07-11 00:00:00+09:00,1122.075927734375,1122.075927734375,1122.075927734375,1122.075927734375,0,0.0,0.0
2006-07-12 00:00:00+09:00,1118.8699821920957,1122.075913373162,1090.0166015625,1090.0166015625,1200,0.0,0.0
2006-07-13 00:00:00+09:00,1115.663942178546,1118.869873046875,1115.663942178546,1118.869873046875,400,0.0,0.0
2006-07-14 00:00:00+09:00,1090.0166015625,1090.0166015625,1090.0166015625,1090.0166015625,400,0.0,0.0
2006-07-17 00:00:00+09:00,1090.0166015625,1090.0166015625,1090.0166015625,1090.0166015625,0,0.0,0.0
2006-07-18 00:00:00+09:00,1077.1929876321753,1077.1929876321753,1057.957398567315,1061.163330078125,2200,0.0,0.0
2006-07-19 00:00:00+09:00,1057.957156997129,1064.3690185546875,1057.957156997129,1064.3690185546875,800,0.0,0.0
2006-07-20 00:00:00+09:00,1064.3690185546875,1067.5749493334667,1064.3690185546875,1064.3690185546875,800,0.0,0.0
2006-07-21 00:00:00+09:00,1067.5749493334667,1067.5749493334667,1064.3690185546875,1064.3690185546875,800,0.0,0.0
2006-07-24 00:00:00+09:00,1054.7512074346128,1057.9571381562985,1029.1037616611268,1032.3096923828125,1800,0.0,0.0
2006-07-25 00:00:00+09:00,1032.3096923828125,1032.3096923828125,1032.3096923828125,1032.3096923828125,0,0.0,0.0
2006-07-26 00:00:00+09:00,1032.3098659939237,1035.5157972547743,1009.8683471679688,1009.8683471679688,1600,0.0,0.0
2006-07-27 00:00:00+09:00,1006.6624801923645,1022.6921375202684,1006.6624801923645,1019.4862060546875,800,0.0,0.0
2006-07-28 00:00:00+09:00,1025.8980689858492,1025.8980689858492,1009.8684116579452,1019.4862060546875,1000,0.0,0.0
2006-07-31 00:00:00+09:00,1019.4862060546876,1019.4862060546876,1019.4862060546876,1019.4862060546875,0,0.0,0.0
2006-08-01 00:00:00+09:00,1019.4862060546876,1019.4862060546876,1019.4862060546876,1019.4862060546875,0,0.0,0.0
2006-08-02 00:00:00+09:00,1019.4862060546876,1019.4862060546876,1019.4862060546876,1019.4862060546875,0,0.0,0.0
2006-08-03 00:00:00+09:00,1019.4862060546876,1019.4862060546876,1019.4862060546876,1019.4862060546875,0,0.0,0.0
2006-08-04 00:00:00+09:00,1019.4859657287598,1041.9274806976318,1019.4859657287598,1025.8978271484375,800,0.0,0.0
2006-08-07 00:00:00+09:00,1048.3394745342548,1057.9572678786058,1041.9276123046875,1041.9276123046875,1600,0.0,0.0
2006-08-08 00:00:00+09:00,1041.9276123046875,1041.9276123046875,1041.9276123046875,1041.9276123046875,0,0.0,0.0
2006-08-09 00:00:00+09:00,1041.9276123046875,1041.9276123046875,1041.9276123046875,1041.9276123046875,0,0.0,0.0
2006-08-10 00:00:00+09:00,1041.9276123046875,1041.9276123046875,1041.9276123046875,1041.9276123046875,0,0.0,0.0
2006-08-11 00:00:00+09:00,1038.7216811899038,1041.9276123046875,1038.7216811899038,1041.9276123046875,1200,0.0,0.0
2006-08-14 00:00:00+09:00,1041.9276123046875,1041.9276123046875,1041.9276123046875,1041.9276123046875,0,0.0,0.0
2006-08-15 00:00:00+09:00,1073.9868340975995,1115.6639351222825,1073.9868340975995,1106.046142578125,1600,0.0,0.0
2006-08-16 00:00:00+09:00,1090.016595749628,1090.016595749628,1077.19287109375,1077.19287109375,600,0.0,0.0
2006-08-17 00:00:00+09:00,1077.19287109375,1077.19287109375,1077.19287109375,1077.19287109375,0,0.0,0.0
2006-08-18 00:00:00+09:00,1093.2225327435663,1093.2225327435663,1090.0166015625,1090.0166015625,800,0.0,0.0
2006-08-21 00:00:00+09:00,1115.664059677565,1118.8699908835351,1109.252197265625,1109.252197265625,1600,0.0,0.0
2006-08-22 00:00:00+09:00,1186.194384025805,1362.520576245857,1186.194384025805,1269.548583984375,18400,0.0,0.0
2006-08-23 00:00:00+09:00,1269.5485802664975,1269.5485802664975,1250.3129957170052,1263.13671875,3200,0.0,0.0
2006-08-24 00:00:00+09:00,1243.9013489095923,1243.9013489095923,1199.018310546875,1199.018310546875,3000,0.0,0.0
2006-08-25 00:00:00+09:00,1218.253904961659,1218.253904961659,1215.0479736328125,1215.0479736328125,1000,0.0,0.0
2006-08-28 00:00:00+09:00,1138.1055795631078,1141.3115107731448,1067.5750929422957,1112.4581298828125,4600,0.0,0.0
2006-08-29 00:00:00+09:00,1122.0759220895052,1122.0759220895052,1106.046266059655,1109.252197265625,1200,0.0,0.0
2006-08-30 00:00:00+09:00,1106.046266059655,1109.252197265625,1106.046266059655,1109.252197265625,400,0.0,0.0
2006-08-31 00:00:00+09:00,1109.252197265625,1109.252197265625,1109.252197265625,1109.252197265625,0,0.0,0.0
2006-09-01 00:00:00+09:00,1122.075927734375,1122.075927734375,1122.075927734375,1122.075927734375,800,0.0,0.0
2006-09-04 00:00:00+09:00,1106.0463780253153,1106.0463780253153,1077.1929942507418,1080.39892578125,1200,0.0,0.0
2006-09-05 00:00:00+09:00,1115.6640524766312,1115.6640524766312,1090.0166029944098,1093.2225341796875,600,0.0,0.0
2006-09-06 00:00:00+09:00,1093.2225356074105,1096.428466796875,1093.2225356074105,1096.428466796875,400,0.0,0.0
2006-09-07 00:00:00+09:00,1096.428466796875,1096.428466796875,1096.428466796875,1096.428466796875,400,0.0,0.0
2006-09-08 00:00:00+09:00,1093.2225341796875,1093.2225341796875,1093.2225341796875,1093.2225341796875,200,0.0,0.0
2006-09-11 00:00:00+09:00,1096.428466796875,1096.428466796875,1096.428466796875,1096.428466796875,2400,0.0,0.0
2006-09-12 00:00:00+09:00,1096.428466796875,1096.428466796875,1096.428466796875,1096.428466796875,0,0.0,0.0
2006-09-13 00:00:00+09:00,1093.2225356074105,1096.428466796875,1093.2225356074105,1096.428466796875,1000,0.0,0.0
2006-09-14 00:00:00+09:00,1090.0166029944098,1093.2225341796875,1090.0166029944098,1093.2225341796875,400,0.0,0.0
2006-09-15 00:00:00+09:00,1070.7808763908617,1096.4283225319602,1029.1037764115767,1057.9571533203125,1600,0.0,0.0
2006-09-18 00:00:00+09:00,1057.9571533203125,1057.9571533203125,1057.9571533203125,1057.9571533203125,0,0.0,0.0
2006-09-19 00:00:00+09:00,1067.574952999275,1070.7808837890625,1067.574952999275,1070.7808837890625,400,0.0,0.0
2006-09-20 00:00:00+09:00,1070.7808837890625,1070.7808837890625,1070.7808837890625,1070.7808837890625,0,0.0,0.0
2006-09-21 00:00:00+09:00,1070.7808837890625,1070.7808837890625,1070.7808837890625,1070.7808837890625,0,0.0,0.0
2006-09-22 00:00:00+09:00,1070.7808837890625,1070.7808837890625,1070.7808837890625,1070.7808837890625,0,0.0,0.0
2006-09-25 00:00:00+09:00,1054.751220703125,1057.9571514651407,1054.751220703125,1054.751220703125,1400,0.0,0.0
2006-09-26 00:00:00+09:00,1054.751220703125,1054.751220703125,1054.751220703125,1054.751220703125,0,0.0,0.0
2006-09-27 00:00:00+09:00,1057.9572663483796,1057.9572663483796,1038.7216796875,1038.7216796875,400,0.0,0.0
2006-09-28 00:00:00+09:00,1038.7216796875,1038.7216796875,1038.7216796875,1038.7216796875,0,0.0,0.0
2006-09-29 00:00:00+09:00,1038.7216811899038,1041.9276123046875,1038.7216811899038,1041.9276123046875,600,0.0,0.0
2006-10-02 00:00:00+09:00,1041.9276123046875,1041.9276123046875,1041.9276123046875,1041.9276123046875,200,0.0,0.0
2006-10-03 00:00:00+09:00,1029.1038818359375,1029.1038818359375,1029.1038818359375,1029.1038818359375,400,0.0,0.0
2006-10-04 00:00:00+09:00,1029.1038818359375,1029.1038818359375,1029.1038818359375,1029.1038818359375,0,0.0,0.0
2006-10-05 00:00:00+09:00,1029.1038818359375,1029.1038818359375,1029.1038818359375,1029.1038818359375,0,0.0,0.0
2006-10-06 00:00:00+09:00,1029.1038818359375,1029.1038818359375,1029.1038818359375,1029.1038818359375,0,0.0,0.0
2006-10-09 00:00:00+09:00,1029.1038818359375,1029.1038818359375,1029.1038818359375,1029.1038818359375,0,0.0,0.0
2006-10-10 00:00:00+09:00,1025.8979507398753,1029.1038818359375,1025.8979507398753,1029.1038818359375,2000,0.0,0.0
2006-10-11 00:00:00+09:00,1029.1038818359375,1029.1038818359375,1029.1038818359375,1029.1038818359375,0,0.0,0.0
2006-10-12 00:00:00+09:00,1029.1038818359375,1029.1038818359375,1029.1038818359375,1029.1038818359375,0,0.0,0.0
2006-10-13 00:00:00+09:00,1029.1038818359375,1029.1038818359375,1029.1038818359375,1029.1038818359375,0,0.0,0.0
2006-10-16 00:00:00+09:00,1029.1038818359375,1029.1038818359375,1029.1038818359375,1029.1038818359375,0,0.0,0.0
2006-10-17 00:00:00+09:00,1041.9276138024827,1045.133544921875,1041.9276138024827,1045.133544921875,400,0.0,0.0
2006-10-18 00:00:00+09:00,1045.133544921875,1045.133544921875,1045.133544921875,1045.133544921875,0,0.0,0.0
2006-10-19 00:00:00+09:00,1045.133544921875,1045.133544921875,1045.133544921875,1045.133544921875,0,0.0,0.0
2006-10-20 00:00:00+09:00,1045.1335434194712,1045.1335434194712,1041.9276123046875,1041.9276123046875,400,0.0,0.0
2006-10-23 00:00:00+09:00,1041.9276123046875,1041.9276123046875,1041.9276123046875,1041.9276123046875,0,0.0,0.0
2006-10-24 00:00:00+09:00,1054.7512225526752,1057.9571533203125,1054.7512225526752,1057.9571533203125,400,0.0,0.0
2006-10-25 00:00:00+09:00,1061.1630840879498,1061.1630840879498,1057.9571533203125,1057.9571533203125,400,0.0,0.0
2006-10-26 00:00:00+09:00,1057.9571533203125,1057.9571533203125,1057.9571533203125,1057.9571533203125,0,0.0,0.0
2006-10-27 00:00:00+09:00,1057.9571533203125,1057.9571533203125,1057.9571533203125,1057.9571533203125,0,0.0,0.0
2006-10-30 00:00:00+09:00,1057.9571533203125,1057.9571533203125,1057.9571533203125,1057.9571533203125,0,0.0,0.0
2006-10-31 00:00:00+09:00,1057.9571533203125,1057.9571533203125,1057.9571533203125,1057.9571533203125,0,0.0,0.0
2006-11-01 00:00:00+09:00,1057.9571533203125,1057.9571533203125,1057.9571533203125,1057.9571533203125,0,0.0,0.0
2006-11-02 00:00:00+09:00,1057.9571533203125,1057.9571533203125,1057.9571533203125,1057.9571533203125,0,0.0,0.0
2006-11-03 00:00:00+09:00,1057.9571533203125,1057.9571533203125,1057.9571533203125,1057.9571533203125,0,0.0,0.0
2006-11-06 00:00:00+09:00,1013.0743408203125,1013.0743408203125,1013.0743408203125,1013.0743408203125,400,0.0,0.0
2006-11-07 00:00:00+09:00,1025.8978252351096,1025.8978252351096,1022.69189453125,1022.69189453125,1400,0.0,0.0
2006-11-08 00:00:00+09:00,1013.0743408203125,1013.0743408203125,1013.0743408203125,1013.0743408203125,800,0.0,0.0
2006-11-09 00:00:00+09:00,1013.0743408203125,1013.0743408203125,1013.0743408203125,1013.0743408203125,0,0.0,0.0
2006-11-10 00:00:00+09:00,1009.8684093620204,1013.0743408203125,1009.8684093620204,1013.0743408203125,1400,0.0,0.0
2006-11-13 00:00:00+09:00,1013.0743408203125,1013.0743408203125,1013.0743408203125,1013.0743408203125,0,0.0,0.0
2006-11-14 00:00:00+09:00,1013.0743408203125,1013.0743408203125,1013.0743408203125,1013.0743408203125,0,0.0,0.0
2006-11-15 00:00:00+09:00,1013.0743408203125,1013.0743408203125,1013.0743408203125,1013.0743408203125,0,0.0,0.0
2006-11-16 00:00:00+09:00,997.0445556640625,997.0445556640625,997.0445556640625,997.0445556640625,400,0.0,0.0
2006-11-17 00:00:00+09:00,997.0445556640625,997.0445556640625,997.0445556640625,997.0445556640625,0,0.0,0.0
2006-11-20 00:00:00+09:00,997.0445556640625,997.0445556640625,997.0445556640625,997.0445556640625,400,0.0,0.0
2006-11-21 00:00:00+09:00,993.8385620117186,993.8385620117186,993.8385620117186,993.8385620117188,2000,0.0,0.0
2006-11-22 00:00:00+09:00,990.6328125,993.8387439320388,990.6328125,990.6328125,5000,0.0,0.0
2006-11-23 00:00:00+09:00,990.6328125,990.6328125,990.6328125,990.6328125,0,0.0,0.0
2006-11-24 00:00:00+09:00,990.6328125,990.6328125,987.4268810679612,990.6328125,800,0.0,0.0
2006-11-27 00:00:00+09:00,990.6328125,990.6328125,990.6328125,990.6328125,0,0.0,0.0
2006-11-28 00:00:00+09:00,990.6328125,990.6328125,990.6328125,990.6328125,0,0.0,0.0
2006-11-29 00:00:00+09:00,990.6328125,990.6328125,990.6328125,990.6328125,0,0.0,0.0
2006-11-30 00:00:00+09:00,1006.6621528575623,1006.6621528575623,977.808779049543,981.0147094726562,600,0.0,0.0
2006-12-01 00:00:00+09:00,981.0147094726562,981.0147094726562,981.0147094726562,981.0147094726562,0,0.0,0.0
2006-12-04 00:00:00+09:00,981.0147094726562,981.0147094726562,981.0147094726562,981.0147094726562,0,0.0,0.0
2006-12-05 00:00:00+09:00,981.0148386309223,993.8385620117186,981.0148386309223,993.8385620117188,400,0.0,0.0
2006-12-06 00:00:00+09:00,993.8385620117186,993.8385620117186,993.8385620117186,993.8385620117188,0,0.0,0.0
2006-12-07 00:00:00+09:00,993.8385620117186,993.8385620117186,993.8385620117186,993.8385620117188,0,0.0,0.0
2006-12-08 00:00:00+09:00,993.8385620117186,993.8385620117186,993.8385620117186,993.8385620117188,0,0.0,0.0
2006-12-11 00:00:00+09:00,993.8385620117186,993.8385620117186,993.8385620117186,993.8385620117188,0,0.0,0.0
2006-12-12 00:00:00+09:00,1009.8680832806756,1009.8680832806756,981.0147094726562,981.0147094726562,800,0.0,0.0
2006-12-13 00:00:00+09:00,993.8385620117186,993.8385620117186,993.8385620117186,993.8385620117188,200,0.0,0.0
2006-12-14 00:00:00+09:00,993.8385620117186,993.8385620117186,993.8385620117186,993.8385620117188,0,0.0,0.0
2006-12-15 00:00:00+09:00,993.8385620117186,993.8385620117186,993.8385620117186,993.8385620117188,0,0.0,0.0
2006-12-18 00:00:00+09:00,993.8385620117186,993.8385620117186,993.8385620117186,993.8385620117188,0,0.0,0.0
2006-12-19 00:00:00+09:00,993.8385620117186,993.8385620117186,993.8385620117186,993.8385620117188,0,0.0,0.0
2006-12-20 00:00:00+09:00,1000.2504272460939,1000.2504272460939,1000.2504272460939,1000.2504272460938,200,0.0,0.0
2006-12-21 00:00:00+09:00,1000.2504272460939,1000.2504272460939,1000.2504272460939,1000.2504272460938,0,0.0,0.0
2006-12-22 00:00:00+09:00,1009.8683471679688,1009.8683471679688,1009.8683471679688,1009.8683471679688,200,0.0,0.0
2006-12-25 00:00:00+09:00,997.0445556640625,997.0445556640625,993.8386246169111,997.0445556640625,600,0.0,0.0
2006-12-26 00:00:00+09:00,993.8386246169111,997.0445556640625,977.8089693811545,997.0445556640625,2000,0.0,0.0
2006-12-27 00:00:00+09:00,997.0445556640625,997.0445556640625,997.0445556640625,997.0445556640625,200,0.0,0.0
2006-12-28 00:00:00+09:00,1016.2802722786047,1016.2802722786047,1013.0743408203125,1013.0743408203125,600,0.0,0.0
2006-12-29 00:00:00+09:00,1009.8680832806756,1029.103665819355,981.0147094726562,981.0147094726562,1200,0.0,0.0
2007-01-04 00:00:00+09:00,981.0147094726562,981.0147094726562,981.0147094726562,981.0147094726562,0,0.0,0.0
2007-01-05 00:00:00+09:00,981.0147094726562,981.0147094726562,981.0147094726562,981.0147094726562,0,0.0,0.0
2007-01-09 00:00:00+09:00,981.0147094726562,981.0147094726562,981.0147094726562,981.0147094726562,0,0.0,0.0
2007-01-10 00:00:00+09:00,1022.69189453125,1022.69189453125,1022.69189453125,1022.69189453125,200,0.0,0.0
2007-01-11 00:00:00+09:00,1022.69189453125,1022.69189453125,1022.69189453125,1022.69189453125,0,0.0,0.0
2007-01-12 00:00:00+09:00,1025.8978252351096,1025.8978252351096,1022.69189453125,1022.69189453125,400,0.0,0.0
2007-01-15 00:00:00+09:00,1022.69189453125,1022.69189453125,1022.69189453125,1022.69189453125,0,0.0,0.0
2007-01-16 00:00:00+09:00,1022.69189453125,1022.69189453125,1022.69189453125,1022.69189453125,0,0.0,0.0
2007-01-17 00:00:00+09:00,1022.69189453125,1022.69189453125,1022.69189453125,1022.69189453125,0,0.0,0.0
2007-01-18 00:00:00+09:00,1009.8683471679688,1009.8683471679688,1009.8683471679688,1009.8683471679688,200,0.0,0.0
2007-01-19 00:00:00+09:00,1073.9869384765625,1073.9869384765625,1073.9869384765625,1073.9869384765625,200,0.0,0.0
2007-01-22 00:00:00+09:00,1073.9869384765625,1073.9869384765625,1073.9869384765625,1073.9869384765625,0,0.0,0.0
2007-01-23 00:00:00+09:00,1073.9869384765625,1073.9869384765625,1073.9869384765625,1073.9869384765625,0,0.0,0.0
2007-01-24 00:00:00+09:00,1073.9869384765625,1073.9869384765625,1073.9869384765625,1073.9869384765625,0,0.0,0.0
2007-01-25 00:00:00+09:00,1013.0742784288195,1013.0742784288195,1009.8683471679688,1009.8683471679688,400,0.0,0.0
2007-01-26 00:00:00+09:00,1013.0743408203125,1013.0743408203125,1013.0743408203125,1013.0743408203125,200,0.0,0.0
2007-01-29 00:00:00+09:00,1019.4862060546876,1019.4862060546876,1019.4862060546876,1019.4862060546875,200,0.0,0.0
2007-01-30 00:00:00+09:00,1025.8978271484375,1025.8978271484375,1025.8978271484375,1025.8978271484375,200,0.0,0.0
2007-01-31 00:00:00+09:00,1041.9276123046875,1041.9276123046875,1041.9276123046875,1041.9276123046875,1200,0.0,0.0
2007-02-01 00:00:00+09:00,1041.9276123046875,1041.9276123046875,1041.9276123046875,1041.9276123046875,0,0.0,0.0
2007-02-02 00:00:00+09:00,1025.8978271484375,1025.8978271484375,1025.8978271484375,1025.8978271484375,400,0.0,0.0
2007-02-05 00:00:00+09:00,1029.1037616611268,1032.3096923828125,1029.1037616611268,1032.3096923828125,600,0.0,0.0
2007-02-06 00:00:00+09:00,1032.3096923828125,1032.3096923828125,1032.3096923828125,1032.3096923828125,0,0.0,0.0
2007-02-07 00:00:00+09:00,1029.1037578582764,1032.3096885681152,1013.074104309082,1025.8978271484375,2000,0.0,0.0
2007-02-08 00:00:00+09:00,1025.8978271484375,1025.8978271484375,1025.8978271484375,1025.8978271484375,800,0.0,0.0
2007-02-09 00:00:00+09:00,1057.9571533203125,1057.9571533203125,1054.7512225526752,1057.9571533203125,800,0.0,0.0
2007-02-13 00:00:00+09:00,1057.9571533203125,1057.9571533203125,1057.9571533203125,1057.9571533203125,0,0.0,0.0
2007-02-14 00:00:00+09:00,1057.9571533203125,1057.9571533203125,1057.9571533203125,1057.9571533203125,0,0.0,0.0
2007-02-15 00:00:00+09:00,1057.9571533203125,1057.9571533203125,1057.9571533203125,1057.9571533203125,0,0.0,0.0
2007-02-16 00:00:00+09:00,1057.9571533203125,1057.9571533203125,1057.9571533203125,1057.9571533203125,0,0.0,0.0
2007-02-19 00:00:00+09:00,1090.0166015625,1093.2225327435663,1090.0166015625,1090.0166015625,600,0.0,0.0
2007-02-20 00:00:00+09:00,1090.0166015625,1090.0166015625,1090.0166015625,1090.0166015625,200,0.0,0.0
2007-02-21 00:00:00+09:00,1122.075927734375,1122.075927734375,1118.8699965122769,1122.075927734375,1600,0.0,0.0
2007-02-22 00:00:00+09:00,1109.2521986727756,1112.4581298828125,1109.2521986727756,1112.4581298828125,400,0.0,0.0
2007-02-23 00:00:00+09:00,1064.369014855587,1064.369014855587,1057.9571533203125,1057.9571533203125,1000,0.0,0.0
2007-02-26 00:00:00+09:00,1064.3690185546875,1064.3690185546875,1064.3690185546875,1064.3690185546875,200,0.0,0.0
2007-02-27 00:00:00+09:00,1064.3690185546875,1064.3690185546875,1064.3690185546875,1064.3690185546875,0,0.0,0.0
2007-02-28 00:00:00+09:00,1054.751220703125,1057.9571514651407,1054.751220703125,1054.751220703125,1000,0.0,0.0
2007-03-01 00:00:00+09:00,1054.751220703125,1054.751220703125,1054.751220703125,1054.751220703125,0,0.0,0.0
2007-03-02 00:00:00+09:00,1057.9571533203125,1057.9571533203125,1057.9571533203125,1057.9571533203125,200,0.0,0.0
2007-03-05 00:00:00+09:00,1057.9571533203125,1057.9571533203125,1057.9571533203125,1057.9571533203125,0,0.0,0.0
2007-03-06 00:00:00+09:00,1029.1037616611268,1032.3096923828125,1029.1037616611268,1032.3096923828125,1400,0.0,0.0
2007-03-07 00:00:00+09:00,1032.3096923828125,1032.3096923828125,1032.3096923828125,1032.3096923828125,0,0.0,0.0
2007-03-08 00:00:00+09:00,1032.3096923828125,1032.3096923828125,1032.3096923828125,1032.3096923828125,0,0.0,0.0
2007-03-09 00:00:00+09:00,1032.3096923828125,1032.3096923828125,1032.3096923828125,1032.3096923828125,0,0.0,0.0
2007-03-12 00:00:00+09:00,1032.3096923828125,1032.3096923828125,1032.3096923828125,1032.3096923828125,0,0.0,0.0
2007-03-13 00:00:00+09:00,1032.3096923828125,1032.3096923828125,1032.3096923828125,1032.3096923828125,0,0.0,0.0
2007-03-14 00:00:00+09:00,1029.1038818359375,1032.3098129319997,1029.1038818359375,1029.1038818359375,600,0.0,0.0
2007-03-15 00:00:00+09:00,1029.1038818359375,1029.1038818359375,1029.1038818359375,1029.1038818359375,200,0.0,0.0
2007-03-16 00:00:00+09:00,1025.8979507398753,1029.1038818359375,1025.8979507398753,1029.1038818359375,400,0.0,0.0
2007-03-19 00:00:00+09:00,1025.8978271484375,1025.8978271484375,1025.8978271484375,1025.8978271484375,200,0.0,0.0
2007-03-20 00:00:00+09:00,1025.8978271484375,1025.8978271484375,1025.8978271484375,1025.8978271484375,200,0.0,0.0
2007-03-22 00:00:00+09:00,1025.8978271484375,1025.8978271484375,1025.8978271484375,1025.8978271484375,400,0.0,0.0
2007-03-23 00:00:00+09:00,1029.1038818359375,1029.1038818359375,1029.1038818359375,1029.1038818359375,200,0.0,0.0
2007-03-26 00:00:00+09:00,1029.1038818359375,1029.1038818359375,1029.1038818359375,1029.1038818359375,0,0.0,0.0
2007-03-27 00:00:00+09:00,1029.1038818359375,1029.1038818359375,1029.1038818359375,1029.1038818359375,0,0.0,0.0
2007-03-28 00:00:00+09:00,1029.1038818359375,1029.1038818359375,1029.1038818359375,1029.1038818359375,0,0.0,0.0
2007-03-29 00:00:00+09:00,1035.5157485773534,1038.7216796875,1035.5157485773534,1038.7216796875,400,0.0,0.0
2007-03-30 00:00:00+09:00,1038.7216796875,1038.7216796875,1038.7216796875,1038.7216796875,0,0.0,0.0
2007-04-02 00:00:00+09:00,1038.7216796875,1038.7216796875,1038.7216796875,1038.7216796875,0,0.0,0.0
2007-04-03 00:00:00+09:00,1038.7216796875,1038.7216796875,1038.7216796875,1038.7216796875,0,0.0,0.0
2007-04-04 00:00:00+09:00,1038.7216796875,1038.7216796875,1038.7216796875,1038.7216796875,0,0.0,0.0
2007-04-05 00:00:00+09:00,1038.7216796875,1038.7216796875,1038.7216796875,1038.7216796875,0,0.0,0.0
2007-04-06 00:00:00+09:00,1038.7216796875,1038.7216796875,1038.7216796875,1038.7216796875,400,0.0,0.0
2007-04-09 00:00:00+09:00,1009.8684093620204,1013.0743408203125,1009.8684093620204,1013.0743408203125,400,0.0,0.0
2007-04-10 00:00:00+09:00,1022.6918964385986,1025.8978271484375,1022.6918964385986,1025.8978271484375,400,0.0,0.0
2007-04-11 00:00:00+09:00,1022.6920722113716,1025.8980034722222,1009.8683471679688,1009.8683471679688,3200,0.0,0.0
2007-04-12 00:00:00+09:00,1006.6623488055164,1009.8682798526678,993.8386246169111,997.0445556640625,2400,0.0,0.0
2007-04-13 00:00:00+09:00,993.8386246169111,997.0445556640625,993.8386246169111,997.0445556640625,1200,0.0,0.0
2007-04-16 00:00:00+09:00,993.8384311651092,993.8384311651092,981.0147094726562,981.0147094726562,1600,0.0,0.0
2007-04-17 00:00:00+09:00,981.0147094726562,981.0147094726562,981.0147094726562,981.0147094726562,0,0.0,0.0
2007-04-18 00:00:00+09:00,981.0147094726562,981.0147094726562,981.0147094726562,981.0147094726562,0,0.0,0.0
2007-04-19 00:00:00+09:00,981.0147094726562,981.0147094726562,981.0147094726562,981.0147094726562,0,0.0,0.0
2007-04-20 00:00:00+09:00,984.2208251953124,984.2208251953124,984.2208251953124,984.2208251953125,200,0.0,0.0
2007-04-23 00:00:00+09:00,993.8385620117186,993.8385620117186,993.8385620117186,993.8385620117188,400,0.0,0.0
2007-04-24 00:00:00+09:00,993.8385620117186,993.8385620117186,993.8385620117186,993.8385620117188,0,0.0,0.0
2007-04-25 00:00:00+09:00,993.8385620117186,993.8385620117186,993.8385620117186,993.8385620117188,0,0.0,0.0
2007-04-26 00:00:00+09:00,993.8385620117186,993.8385620117186,993.8385620117186,993.8385620117188,0,0.0,0.0
2007-04-27 00:00:00+09:00,984.2208251953124,984.2208251953124,984.2208251953124,984.2208251953125,200,0.0,0.0
2007-05-01 00:00:00+09:00,984.2208251953124,984.2208251953124,984.2208251953124,984.2208251953125,400,0.0,0.0
2007-05-02 00:00:00+09:00,984.2209496359224,990.6328125,984.2209496359224,990.6328125,400,0.0,0.0
2007-05-07 00:00:00+09:00,984.2208251953124,984.2208251953124,984.2208251953124,984.2208251953125,200,0.0,0.0
2007-05-08 00:00:00+09:00,984.2208251953124,984.2208251953124,984.2208251953124,984.2208251953125,0,0.0,0.0
2007-05-09 00:00:00+09:00,984.2208251953124,984.2208251953124,984.2208251953124,984.2208251953125,0,0.0,0.0
2007-05-10 00:00:00+09:00,1009.8683471679688,1009.8683471679688,1009.8683471679688,1009.8683471679688,400,0.0,0.0
2007-05-11 00:00:00+09:00,987.4269409179688,987.4269409179688,987.4269409179688,987.4269409179688,1000,0.0,0.0
2007-05-14 00:00:00+09:00,987.4269409179688,987.4269409179688,987.4269409179688,987.4269409179688,0,0.0,0.0
2007-05-15 00:00:00+09:00,984.2210092916117,987.4269409179688,984.2210092916117,987.4269409179688,400,0.0,0.0
2007-05-16 00:00:00+09:00,984.2208251953124,987.4267562220073,984.2208251953124,984.2208251953125,800,0.0,0.0
2007-05-17 00:00:00+09:00,984.2208251953124,984.2208251953124,984.2208251953124,984.2208251953125,0,0.0,0.0
2007-05-18 00:00:00+09:00,984.2208251953124,984.2208251953124,984.2208251953124,984.2208251953125,0,0.0,0.0
2007-05-21 00:00:00+09:00,984.2208251953124,984.2208251953124,984.2208251953124,984.2208251953125,0,0.0,0.0
2007-05-22 00:00:00+09:00,984.2208251953124,984.2208251953124,984.2208251953124,984.2208251953125,0,0.0,0.0
2007-05-23 00:00:00+09:00,984.2208251953124,984.2208251953124,984.2208251953124,984.2208251953125,0,0.0,0.0
2007-05-24 00:00:00+09:00,984.2208251953124,984.2208251953124,984.2208251953124,984.2208251953125,0,0.0,0.0
2007-05-25 00:00:00+09:00,984.2208251953124,984.2208251953124,984.2208251953124,984.2208251953125,0,0.0,0.0
2007-05-28 00:00:00+09:00,1009.8682162377141,1009.8682162377141,993.8385620117186,993.8385620117188,400,0.0,0.0
2007-05-29 00:00:00+09:00,993.8385620117186,993.8385620117186,993.8385620117186,993.8385620117188,0,0.0,0.0
2007-05-30 00:00:00+09:00,993.8385620117186,993.8385620117186,993.8385620117186,993.8385620117188,0,0.0,0.0
2007-05-31 00:00:00+09:00,993.8385620117186,993.8385620117186,993.8385620117186,993.8385620117188,0,0.0,0.0
2007-06-01 00:00:00+09:00,993.8385620117186,993.8385620117186,993.8385620117186,993.8385620117188,0,0.0,0.0
2007-06-04 00:00:00+09:00,993.8385620117186,993.8385620117186,993.8385620117186,993.8385620117188,0,0.0,0.0
2007-06-05 00:00:00+09:00,993.8385620117186,993.8385620117186,993.8385620117186,993.8385620117188,0,0.0,0.0
2007-06-06 00:00:00+09:00,993.8385620117186,993.8385620117186,993.8385620117186,993.8385620117188,0,0.0,0.0
2007-06-07 00:00:00+09:00,993.8385620117186,993.8385620117186,993.8385620117186,993.8385620117188,0,0.0,0.0
2007-06-08 00:00:00+09:00,993.8385620117186,993.8385620117186,993.8385620117186,993.8385620117188,0,0.0,0.0
2007-06-11 00:00:00+09:00,990.6328125,993.8387439320388,990.6328125,990.6328125,600,0.0,0.0
2007-06-12 00:00:00+09:00,990.6328125,990.6328125,990.6328125,990.6328125,0,0.0,0.0
2007-06-13 00:00:00+09:00,990.6328125,990.6328125,990.6328125,990.6328125,0,0.0,0.0
2007-06-14 00:00:00+09:00,981.0147094726562,981.0147094726562,981.0147094726562,981.0147094726562,200,0.0,0.0
2007-06-15 00:00:00+09:00,981.0147094726562,981.0147094726562,981.0147094726562,981.0147094726562,0,0.0,0.0
2007-06-18 00:00:00+09:00,981.0147094726562,981.0147094726562,981.0147094726562,981.0147094726562,0,0.0,0.0
2007-06-19 00:00:00+09:00,981.0147094726562,981.0147094726562,981.0147094726562,981.0147094726562,0,0.0,0.0
2007-06-20 00:00:00+09:00,981.0147094726562,981.0147094726562,981.0147094726562,981.0147094726562,0,0.0,0.0
2007-06-21 00:00:00+09:00,981.0147094726562,981.0147094726562,981.0147094726562,981.0147094726562,0,0.0,0.0
2007-06-22 00:00:00+09:00,981.0147094726562,981.0147094726562,981.0147094726562,981.0147094726562,0,0.0,0.0
2007-06-25 00:00:00+09:00,977.8090209960938,977.8090209960938,977.8090209960938,977.8090209960938,400,0.0,0.0
2007-06-26 00:00:00+09:00,982.6416625976562,982.6416625976562,982.6416625976562,982.6416625976562,0,7.5,0.0
2007-06-27 00:00:00+09:00,982.6416625976562,982.6416625976562,982.6416625976562,982.6416625976562,0,0.0,0.0
2007-06-28 00:00:00+09:00,982.6416625976562,982.6416625976562,982.6416625976562,982.6416625976562,0,0.0,0.0
2007-06-29 00:00:00+09:00,982.6416625976562,982.6416625976562,982.6416625976562,982.6416625976562,0,0.0,0.0
2007-07-02 00:00:00+09:00,982.6416625976562,982.6416625976562,982.6416625976562,982.6416625976562,0,0.0,0.0
2007-07-03 00:00:00+09:00,1001.9721415858115,1001.9721415858115,998.7503662109375,998.7503662109375,800,0.0,0.0
2007-07-04 00:00:00+09:00,998.7503662109375,998.7503662109375,998.7503662109375,998.7503662109375,0,0.0,0.0
2007-07-05 00:00:00+09:00,998.7503662109375,998.7503662109375,998.7503662109375,998.7503662109375,0,0.0,0.0
2007-07-06 00:00:00+09:00,998.7503662109375,998.7503662109375,998.7503662109375,998.7503662109375,0,0.0,0.0
2007-07-09 00:00:00+09:00,998.7503662109375,998.7503662109375,995.5285908360635,998.7503662109375,1600,0.0,0.0
2007-07-10 00:00:00+09:00,995.5285908360635,998.7503662109375,995.5285908360635,998.7503662109375,400,0.0,0.0
2007-07-11 00:00:00+09:00,998.7503662109375,998.7503662109375,998.7503662109375,998.7503662109375,0,0.0,0.0
2007-07-12 00:00:00+09:00,998.7503662109375,998.7503662109375,998.7503662109375,998.7503662109375,0,0.0,0.0
2007-07-13 00:00:00+09:00,998.7503662109375,998.7503662109375,998.7503662109375,998.7503662109375,0,0.0,0.0
2007-07-17 00:00:00+09:00,998.7503662109375,1001.9721415858115,998.7503662109375,998.7503662109375,1600,0.0,0.0
2007-07-18 00:00:00+09:00,998.7503662109375,998.7503662109375,998.7503662109375,998.7503662109375,400,0.0,0.0
2007-07-19 00:00:00+09:00,998.7503662109375,998.7503662109375,998.7503662109375,998.7503662109375,400,0.0,0.0
2007-07-20 00:00:00+09:00,998.7503662109375,998.7503662109375,998.7503662109375,998.7503662109375,400,0.0,0.0
2007-07-23 00:00:00+09:00,998.7503662109375,998.7503662109375,998.7503662109375,998.7503662109375,400,0.0,0.0
2007-07-24 00:00:00+09:00,979.4198866547131,982.6416625976562,979.4198866547131,982.6416625976562,400,0.0,0.0
2007-07-25 00:00:00+09:00,982.6416625976562,982.6416625976562,982.6416625976562,982.6416625976562,0,0.0,0.0
2007-07-26 00:00:00+09:00,982.6416625976562,982.6416625976562,982.6416625976562,982.6416625976562,0,0.0,0.0
2007-07-27 00:00:00+09:00,982.6416625976562,982.6416625976562,982.6416625976562,982.6416625976562,0,0.0,0.0
2007-07-30 00:00:00+09:00,966.5329232960444,969.7546997070312,966.5329232960444,969.7546997070312,1200,0.0,0.0
2007-07-31 00:00:00+09:00,969.7546997070312,969.7546997070312,969.7546997070312,969.7546997070312,0,0.0,0.0
2007-08-01 00:00:00+09:00,969.7546997070312,969.7546997070312,969.7546997070312,969.7546997070312,0,0.0,0.0
2007-08-02 00:00:00+09:00,969.754429321289,969.754429321289,966.5326538085938,966.5326538085938,400,0.0,0.0
2007-08-03 00:00:00+09:00,934.3149065889443,937.5366821289061,934.3149065889443,937.5366821289062,400,0.0,0.0
2007-08-06 00:00:00+09:00,937.5366821289061,937.5366821289061,937.5366821289061,937.5366821289062,0,0.0,0.0
2007-08-07 00:00:00+09:00,937.5366821289061,937.5366821289061,937.5366821289061,937.5366821289062,400,0.0,0.0
2007-08-08 00:00:00+09:00,918.2060199017292,921.4277954101562,918.2060199017292,921.4277954101562,400,0.0,0.0
2007-08-09 00:00:00+09:00,921.4277954101562,921.4277954101562,921.4277954101562,921.4277954101562,0,0.0,0.0
2007-08-10 00:00:00+09:00,937.5366558206492,937.5366558206492,934.3148803710938,934.3148803710938,400,0.0,0.0
2007-08-13 00:00:00+09:00,934.3148803710938,934.3148803710938,934.3148803710938,934.3148803710938,0,0.0,0.0
2007-08-14 00:00:00+09:00,902.0972900390625,908.5408421107701,902.0972900390625,902.0972900390625,800,0.0,0.0
2007-08-15 00:00:00+09:00,902.0972900390625,902.0972900390625,902.0972900390625,902.0972900390625,0,0.0,0.0
2007-08-16 00:00:00+09:00,902.0972900390625,902.0972900390625,902.0972900390625,902.0972900390625,0,0.0,0.0
2007-08-17 00:00:00+09:00,902.0972900390625,902.0972900390625,902.0972900390625,902.0972900390625,0,0.0,0.0
2007-08-20 00:00:00+09:00,902.0972900390625,902.0972900390625,898.8755140032087,902.0972900390625,600,0.0,0.0
2007-08-21 00:00:00+09:00,902.0972900390625,902.0972900390625,902.0972900390625,902.0972900390625,1000,0.0,0.0
2007-08-22 00:00:00+09:00,918.2060284681723,918.2060284681723,914.9842529296875,914.9842529296875,400,0.0,0.0
2007-08-23 00:00:00+09:00,931.0933837890626,934.3151602035576,931.0933837890626,931.0933837890625,600,0.0,0.0
2007-08-24 00:00:00+09:00,905.3190917968751,905.3190917968751,905.3190917968751,905.319091796875,200,0.0,0.0
2007-08-27 00:00:00+09:00,902.0972900390625,902.0972900390625,902.0972900390625,902.0972900390625,200,0.0,0.0
2007-08-28 00:00:00+09:00,902.0972900390625,902.0972900390625,902.0972900390625,902.0972900390625,0,0.0,0.0
2007-08-29 00:00:00+09:00,869.8796638967366,873.1014404296875,869.8796638967366,873.1014404296875,2400,0.0,0.0
2007-08-30 00:00:00+09:00,873.1014404296875,873.1014404296875,873.1014404296875,873.1014404296875,0,0.0,0.0
2007-08-31 00:00:00+09:00,873.1014404296875,873.1014404296875,873.1014404296875,873.1014404296875,0,0.0,0.0
2007-09-03 00:00:00+09:00,873.1014404296875,873.1014404296875,873.1014404296875,873.1014404296875,0,0.0,0.0
2007-09-04 00:00:00+09:00,873.1014404296875,873.1014404296875,873.1014404296875,873.1014404296875,0,0.0,0.0
2007-09-05 00:00:00+09:00,873.1014404296875,873.1014404296875,873.1014404296875,873.1014404296875,0,0.0,0.0
2007-09-06 00:00:00+09:00,873.1014404296875,873.1014404296875,873.1014404296875,873.1014404296875,0,0.0,0.0
2007-09-07 00:00:00+09:00,873.1014404296875,873.1014404296875,873.1014404296875,873.1014404296875,200,0.0,0.0
2007-09-10 00:00:00+09:00,869.8796638967366,873.1014404296875,869.8796638967366,873.1014404296875,400,0.0,0.0
2007-09-11 00:00:00+09:00,840.8835803692158,844.1053565392128,837.6618041992189,837.6618041992188,1400,0.0,0.0
2007-09-12 00:00:00+09:00,837.6618041992189,837.6618041992189,837.6618041992189,837.6618041992188,0,0.0,0.0
2007-09-13 00:00:00+09:00,837.6618041992189,837.6618041992189,837.6618041992189,837.6618041992188,0,0.0,0.0
2007-09-14 00:00:00+09:00,805.4441528320312,808.6659294433593,805.4441528320312,805.4441528320312,1000,0.0,0.0
2007-09-18 00:00:00+09:00,805.4441528320312,808.6659294433593,805.4441528320312,805.4441528320312,600,0.0,0.0
2007-09-19 00:00:00+09:00,773.2262829032676,776.4480590820312,770.004506724504,776.4480590820312,1200,0.0,0.0
2007-09-20 00:00:00+09:00,776.4480590820312,776.4480590820312,776.4480590820312,776.4480590820312,0,0.0,0.0
2007-09-21 00:00:00+09:00,776.4480590820312,776.4480590820312,776.4480590820312,776.4480590820312,0,0.0,0.0
2007-09-25 00:00:00+09:00,776.4480590820312,776.4480590820312,776.4480590820312,776.4480590820312,0,0.0,0.0
2007-09-26 00:00:00+09:00,741.008544921875,741.008544921875,741.008544921875,741.008544921875,200,0.0,0.0
2007-09-27 00:00:00+09:00,741.008544921875,741.008544921875,741.008544921875,741.008544921875,0,0.0,0.0
2007-09-28 00:00:00+09:00,744.2303212041439,744.2303212041439,741.008544921875,741.008544921875,400,0.0,0.0
2007-10-01 00:00:00+09:00,757.1173447829027,757.1173447829027,753.8955688476562,753.8955688476562,1400,0.0,0.0
2007-10-02 00:00:00+09:00,757.1173095703125,757.1173095703125,757.1173095703125,757.1173095703125,600,0.0,0.0
2007-10-03 00:00:00+09:00,750.6737929124099,753.8955688476562,750.6737929124099,753.8955688476562,400,0.0,0.0
2007-10-04 00:00:00+09:00,753.8955688476562,753.8955688476562,753.8955688476562,753.8955688476562,0,0.0,0.0
2007-10-05 00:00:00+09:00,741.008544921875,741.008544921875,741.008544921875,741.008544921875,800,0.0,0.0
2007-10-09 00:00:00+09:00,741.008544921875,741.008544921875,741.008544921875,741.008544921875,0,0.0,0.0
2007-10-10 00:00:00+09:00,753.8955337849069,757.1173095703125,753.8955337849069,757.1173095703125,400,0.0,0.0
2007-10-11 00:00:00+09:00,757.1173095703125,757.1173095703125,757.1173095703125,757.1173095703125,0,0.0,0.0
2007-10-12 00:00:00+09:00,757.1173095703125,757.1173095703125,757.1173095703125,757.1173095703125,400,0.0,0.0
2007-10-15 00:00:00+09:00,757.1175177622649,760.3392944335938,757.1175177622649,760.3392944335938,400,0.0,0.0
2007-10-16 00:00:00+09:00,760.3392944335938,760.3392944335938,760.3392944335938,760.3392944335938,0,0.0,0.0
2007-10-17 00:00:00+09:00,760.339120718149,760.339120718149,753.8955688476562,753.8955688476562,1200,0.0,0.0
2007-10-18 00:00:00+09:00,753.8955688476562,753.8955688476562,753.8955688476562,753.8955688476562,0,0.0,0.0
2007-10-19 00:00:00+09:00,757.1175177622649,760.3392944335938,757.1175177622649,760.3392944335938,400,0.0,0.0
2007-10-22 00:00:00+09:00,760.3392944335938,760.3392944335938,760.3392944335938,760.3392944335938,0,0.0,0.0
2007-10-23 00:00:00+09:00,760.3392944335938,760.3392944335938,760.3392944335938,760.3392944335938,0,0.0,0.0
2007-10-24 00:00:00+09:00,724.8995012941614,728.1212768554688,724.8995012941614,728.1212768554688,400,0.0,0.0
2007-10-25 00:00:00+09:00,728.1212768554688,728.1212768554688,728.1212768554688,728.1212768554688,0,0.0,0.0
2007-10-26 00:00:00+09:00,724.8995012941614,728.1212768554688,724.8995012941614,728.1212768554688,400,0.0,0.0
2007-10-29 00:00:00+09:00,724.8995012941614,728.1212768554688,724.8995012941614,728.1212768554688,400,0.0,0.0
2007-10-30 00:00:00+09:00,728.1212768554688,728.1212768554688,728.1212768554688,728.1212768554688,0,0.0,0.0
2007-10-31 00:00:00+09:00,731.3430524167761,731.3430524167761,728.1212768554688,728.1212768554688,400,0.0,0.0
2007-11-01 00:00:00+09:00,728.1212768554688,728.1212768554688,728.1212768554688,728.1212768554688,0,0.0,0.0
2007-11-02 00:00:00+09:00,728.1212768554688,728.1212768554688,728.1212768554688,728.1212768554688,0,0.0,0.0
2007-11-05 00:00:00+09:00,728.1212768554688,728.1212768554688,728.1212768554688,728.1212768554688,0,0.0,0.0
2007-11-06 00:00:00+09:00,728.1212768554688,728.1212768554688,728.1212768554688,728.1212768554688,0,0.0,0.0
2007-11-07 00:00:00+09:00,728.1212768554688,728.1212768554688,728.1212768554688,728.1212768554688,0,0.0,0.0
2007-11-08 00:00:00+09:00,728.1212768554688,728.1212768554688,728.1212768554688,728.1212768554688,0,0.0,0.0
2007-11-09 00:00:00+09:00,728.1212768554688,728.1212768554688,728.1212768554688,728.1212768554688,0,0.0,0.0
2007-11-12 00:00:00+09:00,734.5648193359375,734.5648193359375,731.3430438125342,734.5648193359375,1400,0.0,0.0
2007-11-13 00:00:00+09:00,734.5648193359375,734.5648193359375,734.5648193359375,734.5648193359375,0,0.0,0.0
2007-11-14 00:00:00+09:00,734.5648193359375,734.5648193359375,734.5648193359375,734.5648193359375,0,0.0,0.0
2007-11-15 00:00:00+09:00,734.5648193359375,734.5648193359375,734.5648193359375,734.5648193359375,0,0.0,0.0
2007-11-16 00:00:00+09:00,734.5648193359375,734.5648193359375,734.5648193359375,734.5648193359375,0,0.0,0.0
2007-11-19 00:00:00+09:00,676.5729020105155,679.794677734375,676.5729020105155,679.794677734375,400,0.0,0.0
2007-11-20 00:00:00+09:00,679.794677734375,679.794677734375,679.794677734375,679.794677734375,0,0.0,0.0
2007-11-21 00:00:00+09:00,657.2422744378811,660.4640502929688,657.2422744378811,660.4640502929688,400,0.0,0.0
2007-11-22 00:00:00+09:00,660.4640502929688,660.4640502929688,660.4640502929688,660.4640502929688,0,0.0,0.0
2007-11-26 00:00:00+09:00,660.4640502929688,660.4640502929688,660.4640502929688,660.4640502929688,0,0.0,0.0
2007-11-27 00:00:00+09:00,660.4640502929688,660.4640502929688,660.4640502929688,660.4640502929688,0,0.0,0.0
2007-11-28 00:00:00+09:00,660.4640502929688,660.4640502929688,660.4640502929688,660.4640502929688,0,0.0,0.0
2007-11-29 00:00:00+09:00,660.4640502929688,660.4640502929688,660.4640502929688,660.4640502929688,0,0.0,0.0
2007-11-30 00:00:00+09:00,660.4640502929688,660.4640502929688,660.4640502929688,660.4640502929688,0,0.0,0.0
2007-12-03 00:00:00+09:00,660.4640502929688,660.4640502929688,660.4640502929688,660.4640502929688,0,0.0,0.0
2007-12-04 00:00:00+09:00,660.4640502929688,660.4640502929688,660.4640502929688,660.4640502929688,0,0.0,0.0
2007-12-05 00:00:00+09:00,660.4640502929688,660.4640502929688,660.4640502929688,660.4640502929688,0,0.0,0.0
2007-12-06 00:00:00+09:00,660.4640502929688,660.4640502929688,660.4640502929688,660.4640502929688,0,0.0,0.0
2007-12-07 00:00:00+09:00,660.4640502929688,660.4640502929688,660.4640502929688,660.4640502929688,0,0.0,0.0
2007-12-10 00:00:00+09:00,708.7906232163242,708.7906232163242,705.56884765625,705.56884765625,400,0.0,0.0
2007-12-11 00:00:00+09:00,705.56884765625,705.56884765625,705.56884765625,705.56884765625,0,0.0,0.0
2007-12-12 00:00:00+09:00,705.56884765625,705.56884765625,705.56884765625,705.56884765625,0,0.0,0.0
2007-12-13 00:00:00+09:00,705.56884765625,705.56884765625,705.56884765625,705.56884765625,0,0.0,0.0
2007-12-14 00:00:00+09:00,705.56884765625,705.56884765625,705.56884765625,705.56884765625,0,0.0,0.0
2007-12-17 00:00:00+09:00,708.7906319754464,789.3350219726562,708.7906319754464,789.3350219726562,2600,0.0,0.0
2007-12-18 00:00:00+09:00,789.3350219726562,789.3350219726562,789.3350219726562,789.3350219726562,0,0.0,0.0
2007-12-19 00:00:00+09:00,789.3350219726562,789.3350219726562,789.3350219726562,789.3350219726562,0,0.0,0.0
2007-12-20 00:00:00+09:00,708.7907104492188,708.7907104492188,708.7907104492188,708.7907104492188,4000,0.0,0.0
2007-12-21 00:00:00+09:00,705.5689344926313,708.7907104492188,705.5689344926313,708.7907104492188,400,0.0,0.0
2007-12-25 00:00:00+09:00,679.794677734375,679.794677734375,679.794677734375,679.794677734375,6000,0.0,0.0
2007-12-26 00:00:00+09:00,679.794677734375,679.794677734375,679.794677734375,679.794677734375,0,0.0,0.0
2007-12-27 00:00:00+09:00,679.794677734375,679.794677734375,679.794677734375,679.794677734375,0,0.0,0.0
2007-12-28 00:00:00+09:00,679.794677734375,679.794677734375,679.794677734375,679.794677734375,0,0.0,0.0
2008-01-04 00:00:00+09:00,679.794677734375,679.794677734375,679.794677734375,679.794677734375,0,0.0,0.0
2008-01-07 00:00:00+09:00,654.0205078125,654.0205078125,654.0205078125,654.0205078125,400,0.0,0.0
2008-01-08 00:00:00+09:00,654.0205078125,654.0205078125,654.0205078125,654.0205078125,0,0.0,0.0
2008-01-09 00:00:00+09:00,654.0205078125,654.0205078125,654.0205078125,654.0205078125,0,0.0,0.0
2008-01-10 00:00:00+09:00,673.3511749267577,737.786694058505,670.1293989701704,708.7907104492188,1000,0.0,0.0
2008-01-11 00:00:00+09:00,705.5689344926313,708.7907104492188,705.5689344926313,708.7907104492188,800,0.0,0.0
2008-01-15 00:00:00+09:00,708.7907104492188,708.7907104492188,708.7907104492188,708.7907104492188,0,0.0,0.0
2008-01-16 00:00:00+09:00,657.2422744378811,660.4640502929688,657.2422744378811,660.4640502929688,400,0.0,0.0
2008-01-17 00:00:00+09:00,644.3552856445312,647.577062072754,644.3552856445312,644.3552856445312,1000,0.0,0.0
2008-01-18 00:00:00+09:00,644.3552856445312,644.3552856445312,644.3552856445312,644.3552856445312,0,0.0,0.0
2008-01-21 00:00:00+09:00,644.3552856445312,644.3552856445312,644.3552856445312,644.3552856445312,0,0.0,0.0
2008-01-22 00:00:00+09:00,644.3552856445312,644.3552856445312,644.3552856445312,644.3552856445312,0,0.0,0.0
2008-01-23 00:00:00+09:00,644.3552856445312,644.3552856445312,644.3552856445312,644.3552856445312,0,0.0,0.0
2008-01-24 00:00:00+09:00,644.3552856445312,644.3552856445312,644.3552856445312,644.3552856445312,0,0.0,0.0
2008-01-25 00:00:00+09:00,628.246337890625,628.246337890625,628.246337890625,628.246337890625,200,0.0,0.0
2008-01-28 00:00:00+09:00,628.246337890625,628.246337890625,628.246337890625,628.246337890625,0,0.0,0.0
2008-01-29 00:00:00+09:00,628.246337890625,628.246337890625,628.246337890625,628.246337890625,0,0.0,0.0
2008-01-30 00:00:00+09:00,644.3552856445312,644.3552856445312,628.2464035034179,644.3552856445312,1600,0.0,0.0
2008-01-31 00:00:00+09:00,644.3552856445312,644.3552856445312,644.3552856445312,644.3552856445312,0,0.0,0.0
2008-02-01 00:00:00+09:00,628.246337890625,628.246337890625,628.246337890625,628.246337890625,1400,0.0,0.0
2008-02-04 00:00:00+09:00,612.1374160207379,615.3591918945312,612.1374160207379,615.3591918945312,400,0.0,0.0
2008-02-05 00:00:00+09:00,615.3591918945312,615.3591918945312,615.3591918945312,615.3591918945312,0,0.0,0.0
2008-02-06 00:00:00+09:00,615.3591918945312,615.3591918945312,615.3591918945312,615.3591918945312,0,0.0,0.0
2008-02-07 00:00:00+09:00,605.6938734912368,608.9156494140625,605.6938734912368,608.9156494140625,400,0.0,0.0
2008-02-08 00:00:00+09:00,605.6937255859375,605.6937255859375,605.6937255859375,605.6937255859375,600,0.0,0.0
2008-02-12 00:00:00+09:00,602.4719504498421,605.6937255859375,602.4719504498421,605.6937255859375,400,0.0,0.0
2008-02-13 00:00:00+09:00,605.6937255859375,605.6937255859375,605.6937255859375,605.6937255859375,0,0.0,0.0
2008-02-14 00:00:00+09:00,605.6937255859375,605.6937255859375,605.6937255859375,605.6937255859375,0,0.0,0.0
2008-02-15 00:00:00+09:00,605.6937255859375,605.6937255859375,605.6937255859375,605.6937255859375,0,0.0,0.0
2008-02-18 00:00:00+09:00,605.6937255859375,605.6937255859375,605.6937255859375,605.6937255859375,0,0.0,0.0
2008-02-19 00:00:00+09:00,605.6937255859375,605.6937255859375,605.6937255859375,605.6937255859375,0,0.0,0.0
2008-02-20 00:00:00+09:00,599.2502702519218,602.4720458984375,599.2502702519218,602.4720458984375,400,0.0,0.0
2008-02-21 00:00:00+09:00,602.4720458984375,602.4720458984375,602.4720458984375,602.4720458984375,0,0.0,0.0
2008-02-22 00:00:00+09:00,602.4720458984375,602.4720458984375,602.4720458984375,602.4720458984375,0,0.0,0.0
2008-02-25 00:00:00+09:00,602.4720458984375,602.4720458984375,602.4720458984375,602.4720458984375,0,0.0,0.0
2008-02-26 00:00:00+09:00,612.1373728379847,612.1373728379847,602.4720458984375,602.4720458984375,400,0.0,0.0
2008-02-27 00:00:00+09:00,602.4720458984375,602.4720458984375,602.4720458984375,602.4720458984375,0,0.0,0.0
2008-02-28 00:00:00+09:00,615.3591658742805,615.3591658742805,612.1373901367188,612.1373901367188,400,0.0,0.0
2008-02-29 00:00:00+09:00,612.1373901367188,612.1373901367188,612.1373901367188,612.1373901367188,0,0.0,0.0
2008-03-03 00:00:00+09:00,612.1373901367188,612.1373901367188,612.1373901367188,612.1373901367188,0,0.0,0.0
2008-03-04 00:00:00+09:00,570.2543688687412,573.4761449640448,567.0325927734375,567.0325927734375,1000,0.0,0.0
2008-03-05 00:00:00+09:00,567.0325927734375,567.0325927734375,567.0325927734375,567.0325927734375,0,0.0,0.0
2008-03-06 00:00:00+09:00,567.0325927734375,567.0325927734375,567.0325927734375,567.0325927734375,0,0.0,0.0
2008-03-07 00:00:00+09:00,567.0325927734375,567.0325927734375,567.0325927734375,567.0325927734375,0,0.0,0.0
2008-03-10 00:00:00+09:00,567.0325927734375,567.0325927734375,567.0325927734375,567.0325927734375,0,0.0,0.0
2008-03-11 00:00:00+09:00,567.0325927734375,567.0325927734375,567.0325927734375,567.0325927734375,400,0.0,0.0
2008-03-12 00:00:00+09:00,567.0325927734375,567.0325927734375,567.0325927734375,567.0325927734375,0,0.0,0.0
2008-03-13 00:00:00+09:00,567.0325927734375,567.0325927734375,567.0325927734375,567.0325927734375,0,0.0,0.0
2008-03-14 00:00:00+09:00,547.7019653320312,547.7019653320312,547.7019653320312,547.7019653320312,400,0.0,0.0
2008-03-17 00:00:00+09:00,544.4801635742188,544.4801635742188,544.4801635742188,544.4801635742188,400,0.0,0.0
2008-03-18 00:00:00+09:00,544.4801635742188,544.4801635742188,544.4801635742188,544.4801635742188,0,0.0,0.0
2008-03-19 00:00:00+09:00,544.4801635742188,544.4801635742188,544.4801635742188,544.4801635742188,0,0.0,0.0
2008-03-21 00:00:00+09:00,544.4801635742188,544.4801635742188,544.4801635742188,544.4801635742188,0,0.0,0.0
2008-03-24 00:00:00+09:00,538.0364990234375,538.0364990234375,538.0364990234375,538.0364990234375,200,0.0,0.0
2008-03-25 00:00:00+09:00,544.4801572474038,544.4801572474038,528.3712768554688,528.3712768554688,1400,0.0,0.0
2008-03-26 00:00:00+09:00,515.484130859375,515.484130859375,515.484130859375,515.484130859375,200,0.0,0.0
2008-03-27 00:00:00+09:00,515.484130859375,515.484130859375,515.484130859375,515.484130859375,0,0.0,0.0
2008-03-28 00:00:00+09:00,531.5930099487305,531.5930099487305,515.484130859375,515.484130859375,400,0.0,0.0
2008-03-31 00:00:00+09:00,515.484130859375,515.484130859375,515.484130859375,515.484130859375,0,0.0,0.0
2008-04-01 00:00:00+09:00,515.484130859375,515.484130859375,515.484130859375,515.484130859375,0,0.0,0.0
2008-04-02 00:00:00+09:00,505.8187561035156,505.8187561035156,505.8187561035156,505.8187561035156,200,0.0,0.0
2008-04-03 00:00:00+09:00,505.8187561035156,505.8187561035156,505.8187561035156,505.8187561035156,0,0.0,0.0
2008-04-04 00:00:00+09:00,509.04052734375,509.04052734375,509.04052734375,509.04052734375,200,0.0,0.0
2008-04-07 00:00:00+09:00,515.484130859375,515.484130859375,515.484130859375,515.484130859375,200,0.0,0.0
2008-04-08 00:00:00+09:00,515.484130859375,515.484130859375,515.484130859375,515.484130859375,800,0.0,0.0
2008-04-09 00:00:00+09:00,515.4840826532643,515.4840826532643,505.8187561035156,505.8187561035156,600,0.0,0.0
2008-04-10 00:00:00+09:00,515.484130859375,515.484130859375,515.484130859375,515.484130859375,200,0.0,0.0
2008-04-11 00:00:00+09:00,515.484130859375,515.484130859375,515.484130859375,515.484130859375,0,0.0,0.0
2008-04-14 00:00:00+09:00,512.262355041504,515.484130859375,512.262355041504,515.484130859375,400,0.0,0.0
2008-04-15 00:00:00+09:00,515.484130859375,515.484130859375,515.484130859375,515.484130859375,200,0.0,0.0
2008-04-16 00:00:00+09:00,515.4840599798387,515.4840599798387,499.37518310546875,499.37518310546875,600,0.0,0.0
2008-04-17 00:00:00+09:00,499.37518310546875,499.37518310546875,499.37518310546875,499.37518310546875,0,0.0,0.0
2008-04-18 00:00:00+09:00,499.37518310546875,499.37518310546875,499.37518310546875,499.37518310546875,0,0.0,0.0
2008-04-21 00:00:00+09:00,499.37518310546875,499.37518310546875,499.37518310546875,499.37518310546875,0,0.0,0.0
2008-04-22 00:00:00+09:00,486.48815917968744,486.48815917968744,486.48815917968744,486.4881591796875,200,0.0,0.0
2008-04-23 00:00:00+09:00,486.48815917968744,486.48815917968744,486.48815917968744,486.4881591796875,200,0.0,0.0
2008-04-24 00:00:00+09:00,486.48815917968744,486.48815917968744,486.48815917968744,486.4881591796875,0,0.0,0.0
2008-04-25 00:00:00+09:00,486.48815917968744,486.48815917968744,486.48815917968744,486.4881591796875,0,0.0,0.0
2008-04-28 00:00:00+09:00,509.04052734375,509.04052734375,509.04052734375,509.04052734375,600,0.0,0.0
2008-04-30 00:00:00+09:00,509.04052734375,509.04052734375,509.04052734375,509.04052734375,0,0.0,0.0
2008-05-01 00:00:00+09:00,509.04052734375,509.04052734375,509.04052734375,509.04052734375,0,0.0,0.0
2008-05-02 00:00:00+09:00,509.04052734375,509.04052734375,509.04052734375,509.04052734375,0,0.0,0.0
2008-05-07 00:00:00+09:00,509.04052734375,509.04052734375,509.04052734375,509.04052734375,0,0.0,0.0
2008-05-08 00:00:00+09:00,509.04052734375,509.04052734375,509.04052734375,509.04052734375,0,0.0,0.0
2008-05-09 00:00:00+09:00,509.04052734375,509.04052734375,509.04052734375,509.04052734375,400,0.0,0.0
2008-05-12 00:00:00+09:00,509.04052734375,509.04052734375,509.04052734375,509.04052734375,400,0.0,0.0
2008-05-13 00:00:00+09:00,509.04052734375,509.04052734375,509.04052734375,509.04052734375,0,0.0,0.0
2008-05-14 00:00:00+09:00,509.04052734375,509.04052734375,509.04052734375,509.04052734375,0,0.0,0.0
2008-05-15 00:00:00+09:00,509.04052734375,509.04052734375,509.04052734375,509.04052734375,0,0.0,0.0
2008-05-16 00:00:00+09:00,499.37518310546875,499.37518310546875,499.37518310546875,499.37518310546875,600,0.0,0.0
2008-05-19 00:00:00+09:00,499.37518310546875,499.37518310546875,499.37518310546875,499.37518310546875,0,0.0,0.0
2008-05-20 00:00:00+09:00,509.0405792236328,515.484130859375,509.0405792236328,515.484130859375,4200,0.0,0.0
2008-05-21 00:00:00+09:00,515.484130859375,515.484130859375,515.484130859375,515.484130859375,0,0.0,0.0
2008-05-22 00:00:00+09:00,499.37525177001953,515.484130859375,499.37525177001953,515.484130859375,600,0.0,0.0
2008-05-23 00:00:00+09:00,515.4840790719697,531.5929565429688,515.4840790719697,531.5929565429688,600,0.0,0.0
2008-05-26 00:00:00+09:00,521.9276733398438,521.9276733398438,521.9276733398438,521.9276733398438,200,0.0,0.0
2008-05-27 00:00:00+09:00,521.9276733398438,521.9276733398438,521.9276733398438,521.9276733398438,0,0.0,0.0
2008-05-28 00:00:00+09:00,528.3712248625578,528.3712248625578,521.9276733398438,521.9276733398438,1000,0.0,0.0
2008-05-29 00:00:00+09:00,528.3712768554688,528.3712768554688,528.3712768554688,528.3712768554688,200,0.0,0.0
2008-05-30 00:00:00+09:00,528.3712341308594,528.3712341308594,515.484130859375,515.484130859375,2400,0.0,0.0
2008-06-02 00:00:00+09:00,515.484130859375,515.484130859375,515.484130859375,515.484130859375,0,0.0,0.0
2008-06-03 00:00:00+09:00,515.484130859375,515.484130859375,515.484130859375,515.484130859375,1200,0.0,0.0
2008-06-04 00:00:00+09:00,486.4881030040182,505.8187561035156,486.4881030040182,505.8187561035156,1400,0.0,0.0
2008-06-05 00:00:00+09:00,499.37518310546875,499.37518310546875,499.37518310546875,499.37518310546875,200,0.0,0.0
2008-06-06 00:00:00+09:00,492.9317321777344,492.9317321777344,492.9317321777344,492.9317321777344,200,0.0,0.0
2008-06-09 00:00:00+09:00,489.7099609375,489.7099609375,489.7099609375,489.7099609375,200,0.0,0.0
2008-06-10 00:00:00+09:00,502.59710693359375,502.59710693359375,502.59710693359375,502.59710693359375,200,0.0,0.0
2008-06-11 00:00:00+09:00,486.48815917968744,486.48815917968744,486.48815917968744,486.4881591796875,400,0.0,0.0
2008-06-12 00:00:00+09:00,486.48815917968744,486.48815917968744,486.48815917968744,486.4881591796875,0,0.0,0.0
2008-06-13 00:00:00+09:00,470.37926466921544,470.37926466921544,454.2703857421875,454.2703857421875,600,0.0,0.0
2008-06-16 00:00:00+09:00,454.2703857421875,454.2703857421875,454.2703857421875,454.2703857421875,0,0.0,0.0
2008-06-17 00:00:00+09:00,454.2703857421875,454.2703857421875,454.2703857421875,454.2703857421875,0,0.0,0.0
2008-06-18 00:00:00+09:00,454.2703857421875,454.2703857421875,454.2703857421875,454.2703857421875,0,0.0,0.0
2008-06-19 00:00:00+09:00,454.2703857421875,454.2703857421875,454.2703857421875,454.2703857421875,0,0.0,0.0
2008-06-20 00:00:00+09:00,454.2703857421875,454.2703857421875,454.2703857421875,454.2703857421875,0,0.0,0.0
2008-06-23 00:00:00+09:00,454.2703857421875,454.2703857421875,454.2703857421875,454.2703857421875,0,0.0,0.0
2008-06-24 00:00:00+09:00,502.5969584803427,502.5969584803427,499.37518310546875,499.37518310546875,600,0.0,0.0
2008-06-25 00:00:00+09:00,504.2552185058594,504.2552185058594,504.2552185058594,504.2552185058594,0,7.5,0.0
2008-06-26 00:00:00+09:00,429.4301508513974,461.9627380371093,429.4301508513974,461.9627380371094,400,0.0,0.0
2008-06-27 00:00:00+09:00,461.9627380371093,461.9627380371093,461.9627380371093,461.9627380371094,0,0.0,0.0
2008-06-30 00:00:00+09:00,494.4953308105469,494.4953308105469,494.4953308105469,494.4953308105469,800,0.0,0.0
2008-07-01 00:00:00+09:00,504.2551879882813,520.521484375,504.2551879882813,520.521484375,800,0.0,0.0
2008-07-02 00:00:00+09:00,520.521484375,520.521484375,520.521484375,520.521484375,1000,0.0,0.0
2008-07-03 00:00:00+09:00,520.521484375,520.521484375,520.521484375,520.521484375,0,0.0,0.0
2008-07-04 00:00:00+09:00,520.521484375,520.521484375,520.521484375,520.521484375,0,0.0,0.0
2008-07-07 00:00:00+09:00,520.521484375,520.521484375,520.521484375,520.521484375,0,0.0,0.0
2008-07-08 00:00:00+09:00,520.521484375,520.521484375,520.521484375,520.521484375,0,0.0,0.0
2008-07-09 00:00:00+09:00,478.2291137695313,478.2291137695313,471.7225952148438,471.72259521484375,400,0.0,0.0
2008-07-10 00:00:00+09:00,471.7225952148438,471.7225952148438,471.7225952148438,471.72259521484375,200,0.0,0.0
2008-07-11 00:00:00+09:00,487.98889160156256,487.98889160156256,487.98889160156256,487.9888916015625,1000,0.0,0.0
2008-07-14 00:00:00+09:00,452.2029724121094,452.2029724121094,452.2029724121094,452.2029724121094,600,0.0,0.0
2008-07-15 00:00:00+09:00,435.93670654296875,435.93670654296875,435.93670654296875,435.93670654296875,400,0.0,0.0
2008-07-16 00:00:00+09:00,435.93670654296875,435.93670654296875,435.93670654296875,435.93670654296875,0,0.0,0.0
2008-07-17 00:00:00+09:00,435.93670654296875,435.93670654296875,435.93670654296875,435.93670654296875,0,0.0,0.0
2008-07-18 00:00:00+09:00,435.93670654296875,435.93670654296875,435.93670654296875,435.93670654296875,0,0.0,0.0
2008-07-22 00:00:00+09:00,435.93670654296875,435.93670654296875,435.93670654296875,435.93670654296875,0,0.0,0.0
2008-07-23 00:00:00+09:00,448.9497935377707,448.9497935377707,413.1639404296875,413.1639404296875,2200,0.0,0.0
2008-07-24 00:00:00+09:00,413.1639404296875,413.1639404296875,413.1639404296875,413.1639404296875,0,0.0,0.0
2008-07-25 00:00:00+09:00,419.6703796386719,419.6703796386719,419.6703796386719,419.6703796386719,200,0.0,0.0
2008-07-28 00:00:00+09:00,419.6703796386719,419.6703796386719,419.6703796386719,419.6703796386719,0,0.0,0.0
2008-07-29 00:00:00+09:00,419.6703796386719,419.6703796386719,419.6703796386719,419.6703796386719,0,0.0,0.0
2008-07-30 00:00:00+09:00,419.6703796386719,419.6703796386719,419.6703796386719,419.6703796386719,0,0.0,0.0
2008-07-31 00:00:00+09:00,426.1769104003906,426.1769104003906,426.1769104003906,426.1769104003906,400,0.0,0.0
2008-08-01 00:00:00+09:00,426.1769104003906,426.1769104003906,426.1769104003906,426.1769104003906,0,0.0,0.0
2008-08-04 00:00:00+09:00,426.1769104003906,426.1769104003906,426.1769104003906,426.1769104003906,0,0.0,0.0
2008-08-05 00:00:00+09:00,426.1769104003906,426.1769104003906,426.1769104003906,426.1769104003906,0,0.0,0.0
2008-08-06 00:00:00+09:00,426.1769104003906,426.1769104003906,426.1769104003906,426.1769104003906,0,0.0,0.0
2008-08-07 00:00:00+09:00,445.69647216796875,445.69647216796875,445.69647216796875,445.69647216796875,200,0.0,0.0
2008-08-08 00:00:00+09:00,445.69647216796875,445.69647216796875,445.69647216796875,445.69647216796875,0,0.0,0.0
2008-08-11 00:00:00+09:00,445.69647216796875,445.69647216796875,445.69647216796875,445.69647216796875,400,0.0,0.0
2008-08-12 00:00:00+09:00,455.456298828125,455.456298828125,455.456298828125,455.456298828125,400,0.0,0.0
2008-08-13 00:00:00+09:00,455.456248930771,455.456248930771,445.69647216796875,445.69647216796875,600,0.0,0.0
2008-08-14 00:00:00+09:00,445.69647216796875,445.69647216796875,445.69647216796875,445.69647216796875,0,0.0,0.0
2008-08-15 00:00:00+09:00,445.69647216796875,445.69647216796875,445.69647216796875,445.69647216796875,0,0.0,0.0
2008-08-18 00:00:00+09:00,445.69647216796875,445.69647216796875,445.69647216796875,445.69647216796875,0,0.0,0.0
2008-08-19 00:00:00+09:00,445.69647216796875,445.69647216796875,445.69647216796875,445.69647216796875,0,0.0,0.0
2008-08-20 00:00:00+09:00,445.69647216796875,445.69647216796875,445.69647216796875,445.69647216796875,0,0.0,0.0
2008-08-21 00:00:00+09:00,445.69647216796875,445.69647216796875,445.69647216796875,445.69647216796875,0,0.0,0.0
2008-08-22 00:00:00+09:00,445.69647216796875,445.69647216796875,445.69647216796875,445.69647216796875,0,0.0,0.0
2008-08-25 00:00:00+09:00,445.69647216796875,445.69647216796875,445.69647216796875,445.69647216796875,0,0.0,0.0
2008-08-26 00:00:00+09:00,445.69647216796875,445.69647216796875,445.69647216796875,445.69647216796875,0,0.0,0.0
2008-08-27 00:00:00+09:00,445.69647216796875,445.69647216796875,445.69647216796875,445.69647216796875,0,0.0,0.0
2008-08-28 00:00:00+09:00,445.69647216796875,445.69647216796875,445.69647216796875,445.69647216796875,0,0.0,0.0
2008-08-29 00:00:00+09:00,445.69647216796875,445.69647216796875,445.69647216796875,445.69647216796875,0,0.0,0.0
2008-09-01 00:00:00+09:00,445.69647216796875,445.69647216796875,445.69647216796875,445.69647216796875,0,0.0,0.0
2008-09-02 00:00:00+09:00,445.69647216796875,445.69647216796875,445.69647216796875,445.69647216796875,0,0.0,0.0
2008-09-03 00:00:00+09:00,445.69647216796875,445.69647216796875,445.69647216796875,445.69647216796875,0,0.0,0.0
2008-09-04 00:00:00+09:00,419.6703796386719,419.6703796386719,419.6703796386719,419.6703796386719,200,0.0,0.0
2008-09-05 00:00:00+09:00,419.6703796386719,419.6703796386719,419.6703796386719,419.6703796386719,0,0.0,0.0
2008-09-08 00:00:00+09:00,419.6703796386719,419.6703796386719,419.6703796386719,419.6703796386719,0,0.0,0.0
2008-09-09 00:00:00+09:00,419.6703796386719,419.6703796386719,419.6703796386719,419.6703796386719,200,0.0,0.0
2008-09-10 00:00:00+09:00,422.923642578125,422.923642578125,406.65734863281244,406.6573486328125,1000,0.0,0.0
2008-09-11 00:00:00+09:00,406.65734863281244,406.65734863281244,406.65734863281244,406.6573486328125,0,0.0,0.0
2008-09-12 00:00:00+09:00,406.65734863281244,406.65734863281244,406.65734863281244,406.6573486328125,0,0.0,0.0
2008-09-16 00:00:00+09:00,396.8975830078125,396.8975830078125,396.8975830078125,396.8975830078125,400,0.0,0.0
2008-09-17 00:00:00+09:00,406.65735292040614,406.65735292040614,393.6443176269532,393.6443176269531,1400,0.0,0.0
2008-09-18 00:00:00+09:00,361.1117248535156,361.1117248535156,361.1117248535156,361.1117248535156,600,0.0,0.0
2008-09-19 00:00:00+09:00,361.1117489901456,361.1117489901456,357.8584899902344,357.8584899902344,1600,0.0,0.0
2008-09-22 00:00:00+09:00,361.1117248535156,361.1117248535156,361.1117248535156,361.1117248535156,800,0.0,0.0
2008-09-24 00:00:00+09:00,361.111754219487,361.111754219487,344.845458984375,344.845458984375,2400,0.0,0.0
2008-09-25 00:00:00+09:00,344.84541870117187,344.84541870117187,325.32586669921875,325.32586669921875,4200,0.0,0.0
2008-09-26 00:00:00+09:00,341.5921600341797,341.5921600341797,325.32586669921875,325.32586669921875,1200,0.0,0.0
2008-09-29 00:00:00+09:00,325.32586669921875,325.32586669921875,325.32586669921875,325.32586669921875,3000,0.0,0.0
2008-09-30 00:00:00+09:00,315.5661315917969,315.5661315917969,315.5661315917969,315.5661315917969,400,0.0,0.0
2008-10-01 00:00:00+09:00,312.312890625,315.5661499023438,276.52703857421875,292.7933349609375,10400,0.0,0.0
2008-10-02 00:00:00+09:00,309.0596523055111,309.0596523055111,270.0205383300781,270.0205383300781,2600,0.0,0.0
2008-10-03 00:00:00+09:00,270.02047343637753,283.03350830078125,270.02047343637753,283.03350830078125,2200,0.0,0.0
2008-10-06 00:00:00+09:00,283.0335377018626,283.0335377018626,266.7672424316406,266.7672424316406,2000,0.0,0.0
2008-10-07 00:00:00+09:00,250.5009307861328,250.5009307861328,250.5009307861328,250.5009307861328,800,0.0,0.0
2008-10-08 00:00:00+09:00,243.99444580078128,243.99444580078128,227.7281494140625,227.7281494140625,4400,0.0,0.0
2008-10-09 00:00:00+09:00,227.7281494140625,227.7281494140625,227.7281494140625,227.7281494140625,1600,0.0,0.0
2008-10-10 00:00:00+09:00,230.98136901855466,230.98136901855466,230.98136901855466,230.9813690185547,1400,0.0,0.0
2008-10-14 00:00:00+09:00,283.03355147990777,305.8063659667969,283.03355147990777,305.8063659667969,1000,0.0,0.0
2008-10-15 00:00:00+09:00,305.80637207031253,318.8194091796875,305.80637207031253,309.05963134765625,2000,0.0,0.0
2008-10-16 00:00:00+09:00,309.05963134765625,309.05963134765625,309.05963134765625,309.05963134765625,400,0.0,0.0
2008-10-17 00:00:00+09:00,325.32586669921875,325.32586669921875,325.32586669921875,325.32586669921875,1000,0.0,0.0
2008-10-20 00:00:00+09:00,305.8063659667969,305.8063659667969,305.8063659667969,305.8063659667969,200,0.0,0.0
2008-10-21 00:00:00+09:00,305.80638963349014,318.8194274902344,305.80638963349014,318.8194274902344,1800,0.0,0.0
2008-10-22 00:00:00+09:00,318.8194274902344,318.8194274902344,318.8194274902344,318.8194274902344,0,0.0,0.0
2008-10-23 00:00:00+09:00,318.8194274902344,318.8194274902344,318.8194274902344,318.8194274902344,0,0.0,0.0
2008-10-24 00:00:00+09:00,309.05963134765625,309.05963134765625,309.05963134765625,309.05963134765625,400,0.0,0.0
2008-10-27 00:00:00+09:00,309.05963134765625,309.05963134765625,309.05963134765625,309.05963134765625,200,0.0,0.0
2008-10-28 00:00:00+09:00,312.3128967285156,312.3128967285156,312.3128967285156,312.3128967285156,200,0.0,0.0
2008-10-29 00:00:00+09:00,312.3128967285156,312.3128967285156,312.3128967285156,312.3128967285156,0,0.0,0.0
2008-10-30 00:00:00+09:00,309.05963134765625,309.05963134765625,309.05963134765625,309.05963134765625,600,0.0,0.0
2008-10-31 00:00:00+09:00,312.3128725032216,315.5661315917969,312.3128725032216,315.5661315917969,400,0.0,0.0
2008-11-04 00:00:00+09:00,315.5661315917969,315.5661315917969,315.5661315917969,315.5661315917969,400,0.0,0.0
2008-11-05 00:00:00+09:00,318.8194274902344,318.8194274902344,318.8194274902344,318.8194274902344,600,0.0,0.0
2008-11-06 00:00:00+09:00,322.0726623535156,322.0726623535156,322.0726623535156,322.0726623535156,800,0.0,0.0
2008-11-07 00:00:00+09:00,419.6703796386719,419.6703796386719,419.6703796386719,419.6703796386719,8600,0.0,0.0
2008-11-10 00:00:00+09:00,435.93670654296875,448.94974255917674,419.6704115227087,435.93670654296875,3200,0.0,0.0
2008-11-11 00:00:00+09:00,429.4302062988281,429.4302062988281,422.9236880215731,429.4302062988281,1000,0.0,0.0
2008-11-12 00:00:00+09:00,406.65740966796875,406.65740966796875,390.39111328125,390.39111328125,600,0.0,0.0
2008-11-13 00:00:00+09:00,396.8975830078125,396.8975830078125,393.64432413069926,396.8975830078125,1600,0.0,0.0
2008-11-14 00:00:00+09:00,396.8975830078125,396.8975830078125,396.8975830078125,396.8975830078125,1000,0.0,0.0
2008-11-17 00:00:00+09:00,396.8975830078125,396.8975830078125,390.391065253586,396.8975830078125,2200,0.0,0.0
2008-11-18 00:00:00+09:00,396.8975830078125,396.8975830078125,396.8975830078125,396.8975830078125,600,0.0,0.0
2008-11-19 00:00:00+09:00,396.8975830078125,396.8975830078125,396.8975830078125,396.8975830078125,1000,0.0,0.0
2008-11-20 00:00:00+09:00,396.8975830078125,396.8975830078125,396.8975830078125,396.8975830078125,200,0.0,0.0
2008-11-21 00:00:00+09:00,396.8975830078125,396.8975830078125,396.8975830078125,396.8975830078125,600,0.0,0.0
2008-11-25 00:00:00+09:00,396.8975830078125,396.8975830078125,396.8975830078125,396.8975830078125,1000,0.0,0.0
2008-11-26 00:00:00+09:00,396.8975830078125,396.8975830078125,396.8975830078125,396.8975830078125,400,0.0,0.0
2008-11-27 00:00:00+09:00,396.8975830078125,396.8975830078125,396.8975830078125,396.8975830078125,1000,0.0,0.0
2008-11-28 00:00:00+09:00,396.8975830078125,396.8975830078125,396.8975830078125,396.8975830078125,800,0.0,0.0
2008-12-01 00:00:00+09:00,396.8975830078125,396.8975830078125,396.8975830078125,396.8975830078125,0,0.0,0.0
2008-12-02 00:00:00+09:00,396.8975830078125,396.8975830078125,396.8975830078125,396.8975830078125,0,0.0,0.0
2008-12-03 00:00:00+09:00,396.8975830078125,396.8975830078125,396.8975830078125,396.8975830078125,200,0.0,0.0
2008-12-04 00:00:00+09:00,396.8975830078125,396.8975830078125,396.8975830078125,396.8975830078125,400,0.0,0.0
2008-12-05 00:00:00+09:00,396.89757226562494,406.65734863281244,390.39105468749995,406.6573486328125,1000,0.0,0.0
2008-12-08 00:00:00+09:00,406.65734863281244,406.65734863281244,406.65734863281244,406.6573486328125,0,0.0,0.0
2008-12-09 00:00:00+09:00,406.65734863281244,406.65734863281244,406.65734863281244,406.6573486328125,0,0.0,0.0
2008-12-10 00:00:00+09:00,406.65734863281244,406.65734863281244,406.65734863281244,406.6573486328125,0,0.0,0.0
2008-12-11 00:00:00+09:00,406.65734863281244,406.65734863281244,406.65734863281244,406.6573486328125,0,0.0,0.0
2008-12-12 00:00:00+09:00,406.65734863281244,406.65734863281244,406.65734863281244,406.6573486328125,0,0.0,0.0
2008-12-15 00:00:00+09:00,422.9236880215731,429.4302062988281,422.9236880215731,429.4302062988281,600,0.0,0.0
2008-12-16 00:00:00+09:00,432.6835021972656,432.6835021972656,432.6835021972656,432.6835021972656,800,0.0,0.0
2008-12-17 00:00:00+09:00,432.6835021972656,432.6835021972656,432.6835021972656,432.6835021972656,600,0.0,0.0
2008-12-18 00:00:00+09:00,432.6835021972656,432.6835021972656,432.6835021972656,432.6835021972656,600,0.0,0.0
2008-12-19 00:00:00+09:00,432.6835021972656,432.6835021972656,432.6835021972656,432.6835021972656,600,0.0,0.0
2008-12-22 00:00:00+09:00,429.4302062988281,429.4302062988281,429.4302062988281,429.4302062988281,800,0.0,0.0
2008-12-24 00:00:00+09:00,429.4302062988281,429.4302062988281,429.4302062988281,429.4302062988281,0,0.0,0.0
2008-12-25 00:00:00+09:00,429.4302062988281,429.4302062988281,429.4302062988281,429.4302062988281,0,0.0,0.0
2008-12-26 00:00:00+09:00,429.4302062988281,429.4302062988281,429.4302062988281,429.4302062988281,0,0.0,0.0
2008-12-29 00:00:00+09:00,432.6834581163194,432.6834581163194,409.91064453125,409.91064453125,1200,0.0,0.0
2008-12-30 00:00:00+09:00,409.91064453125,409.91064453125,409.91064453125,409.91064453125,0,0.0,0.0
2009-01-05 00:00:00+09:00,413.1639457071634,432.6835021972656,413.1639457071634,432.6835021972656,1800,0.0,0.0
2009-01-06 00:00:00+09:00,432.6835021972656,432.6835021972656,432.6835021972656,432.6835021972656,600,0.0,0.0
2009-01-07 00:00:00+09:00,435.93670654296875,435.93670654296875,435.93670654296875,435.93670654296875,200,0.0,0.0
2009-01-08 00:00:00+09:00,432.6835021972656,432.6835021972656,432.6835021972656,432.6835021972656,400,0.0,0.0
2009-01-09 00:00:00+09:00,432.6835021972656,432.6835021972656,432.6835021972656,432.6835021972656,0,0.0,0.0
2009-01-13 00:00:00+09:00,432.6835021972656,432.6835021972656,432.6835021972656,432.6835021972656,400,0.0,0.0
2009-01-14 00:00:00+09:00,432.6835021972656,432.6835021972656,432.6835021972656,432.6835021972656,0,0.0,0.0
2009-01-15 00:00:00+09:00,432.6835021972656,432.6835021972656,432.6835021972656,432.6835021972656,0,0.0,0.0
2009-01-16 00:00:00+09:00,432.6835021972656,432.6835021972656,432.6835021972656,432.6835021972656,0,0.0,0.0
2009-01-19 00:00:00+09:00,432.6835021972656,432.6835021972656,432.6835021972656,432.6835021972656,0,0.0,0.0
2009-01-20 00:00:00+09:00,432.6835021972656,432.6835021972656,432.6835021972656,432.6835021972656,0,0.0,0.0
2009-01-21 00:00:00+09:00,432.6835021972656,432.6835021972656,432.6835021972656,432.6835021972656,0,0.0,0.0
2009-01-22 00:00:00+09:00,432.6835021972656,432.6835021972656,432.6835021972656,432.6835021972656,0,0.0,0.0
2009-01-23 00:00:00+09:00,432.6835021972656,432.6835021972656,432.6835021972656,432.6835021972656,0,0.0,0.0
2009-01-26 00:00:00+09:00,432.6835021972656,432.6835021972656,432.6835021972656,432.6835021972656,0,0.0,0.0
2009-01-27 00:00:00+09:00,390.39109663529825,429.4302062988281,390.39109663529825,429.4302062988281,400,0.0,0.0
2009-01-28 00:00:00+09:00,403.4040983942629,426.1769104003906,400.15083953624463,426.1769104003906,800,0.0,0.0
2009-01-29 00:00:00+09:00,409.91064453125,409.91064453125,409.91064453125,409.91064453125,200,0.0,0.0
2009-01-30 00:00:00+09:00,409.91064453125,409.91064453125,409.91064453125,409.91064453125,0,0.0,0.0
2009-02-02 00:00:00+09:00,400.15083527367966,400.15083527367966,393.6443176269532,393.6443176269531,800,0.0,0.0
2009-02-03 00:00:00+09:00,393.6443176269532,393.6443176269532,393.6443176269532,393.6443176269531,400,0.0,0.0
2009-02-04 00:00:00+09:00,393.6443176269532,393.6443176269532,393.6443176269532,393.6443176269531,200,0.0,0.0
2009-02-05 00:00:00+09:00,393.6443176269532,393.6443176269532,393.6443176269532,393.6443176269531,0,0.0,0.0
2009-02-06 00:00:00+09:00,393.6443176269532,393.6443176269532,393.6443176269532,393.6443176269531,0,0.0,0.0
2009-02-09 00:00:00+09:00,393.6443176269532,393.6443176269532,393.6443176269532,393.6443176269531,0,0.0,0.0
2009-02-10 00:00:00+09:00,409.91064453125,409.91064453125,409.91064453125,409.91064453125,200,0.0,0.0
2009-02-12 00:00:00+09:00,409.91064453125,409.91064453125,409.91064453125,409.91064453125,600,0.0,0.0
2009-02-13 00:00:00+09:00,409.91064453125,409.91064453125,409.91064453125,409.91064453125,0,0.0,0.0
2009-02-16 00:00:00+09:00,409.91064453125,409.91064453125,409.91064453125,409.91064453125,0,0.0,0.0
2009-02-17 00:00:00+09:00,409.91064453125,409.91064453125,409.91064453125,409.91064453125,200,0.0,0.0
2009-02-18 00:00:00+09:00,409.91064453125,409.91064453125,409.91064453125,409.91064453125,0,0.0,0.0
2009-02-19 00:00:00+09:00,409.91064453125,409.91064453125,409.91064453125,409.91064453125,0,0.0,0.0
2009-02-20 00:00:00+09:00,409.91064453125,409.91064453125,409.91064453125,409.91064453125,600,0.0,0.0
2009-02-23 00:00:00+09:00,409.91064453125,409.91064453125,409.91064453125,409.91064453125,200,0.0,0.0
2009-02-24 00:00:00+09:00,422.9236450195312,422.9236450195312,422.9236450195312,422.92364501953125,1200,0.0,0.0
2009-02-25 00:00:00+09:00,422.9236450195312,422.9236450195312,422.9236450195312,422.92364501953125,200,0.0,0.0
2009-02-26 00:00:00+09:00,422.9236450195312,422.9236450195312,422.9236450195312,422.92364501953125,0,0.0,0.0
2009-02-27 00:00:00+09:00,422.9236450195312,422.9236450195312,422.9236450195312,422.92364501953125,0,0.0,0.0
2009-03-02 00:00:00+09:00,422.9236450195312,422.9236450195312,422.9236450195312,422.92364501953125,600,0.0,0.0
2009-03-03 00:00:00+09:00,422.9236450195312,422.9236450195312,422.9236450195312,422.92364501953125,0,0.0,0.0
2009-03-04 00:00:00+09:00,422.9236450195312,422.9236450195312,422.9236450195312,422.92364501953125,0,0.0,0.0
2009-03-05 00:00:00+09:00,422.9236450195312,422.9236450195312,422.9236450195312,422.92364501953125,0,0.0,0.0
2009-03-06 00:00:00+09:00,422.9236450195312,422.9236450195312,422.9236450195312,422.92364501953125,0,0.0,0.0
2009-03-09 00:00:00+09:00,422.9236450195312,422.9236450195312,422.9236450195312,422.92364501953125,400,0.0,0.0
2009-03-10 00:00:00+09:00,432.6835021972656,432.6835021972656,432.6835021972656,432.6835021972656,1000,0.0,0.0
2009-03-11 00:00:00+09:00,432.6835021972656,432.6835021972656,432.6835021972656,432.6835021972656,800,0.0,0.0
2009-03-12 00:00:00+09:00,432.6835021972656,432.6835021972656,432.6835021972656,432.6835021972656,600,0.0,0.0
2009-03-13 00:00:00+09:00,432.6835021972656,432.6835021972656,432.6835021972656,432.6835021972656,600,0.0,0.0
2009-03-16 00:00:00+09:00,432.6834214430589,432.6834214430589,422.9236450195312,422.92364501953125,800,0.0,0.0
2009-03-17 00:00:00+09:00,422.9236450195312,422.9236450195312,422.9236450195312,422.92364501953125,0,0.0,0.0
2009-03-18 00:00:00+09:00,422.9236450195312,422.9236450195312,422.9236450195312,422.92364501953125,0,0.0,0.0
2009-03-19 00:00:00+09:00,422.9236450195312,422.9236450195312,422.9236450195312,422.92364501953125,0,0.0,0.0
2009-03-23 00:00:00+09:00,426.1769104003906,426.1769104003906,426.1769104003906,426.1769104003906,400,0.0,0.0
2009-03-24 00:00:00+09:00,426.1769104003906,426.1769104003906,426.1769104003906,426.1769104003906,0,0.0,0.0
2009-03-25 00:00:00+09:00,429.4302062988281,429.4302062988281,429.4302062988281,429.4302062988281,600,0.0,0.0
2009-03-26 00:00:00+09:00,429.4302062988281,429.4302062988281,429.4302062988281,429.4302062988281,0,0.0,0.0
2009-03-27 00:00:00+09:00,429.4302062988281,429.4302062988281,429.4302062988281,429.4302062988281,0,0.0,0.0
2009-03-30 00:00:00+09:00,429.4302062988281,429.4302062988281,429.4302062988281,429.4302062988281,200,0.0,0.0
2009-03-31 00:00:00+09:00,429.4302062988281,429.4302062988281,429.4302062988281,429.4302062988281,0,0.0,0.0
2009-04-01 00:00:00+09:00,429.4302062988281,429.4302062988281,429.4302062988281,429.4302062988281,0,0.0,0.0
2009-04-02 00:00:00+09:00,487.98889160156256,520.521484375,487.98889160156256,487.9888916015625,2000,0.0,0.0
2009-04-03 00:00:00+09:00,504.2551879882813,504.2551879882813,487.98889160156256,487.9888916015625,400,0.0,0.0
2009-04-06 00:00:00+09:00,471.7225952148438,471.7225952148438,471.7225952148438,471.72259521484375,200,0.0,0.0
2009-04-07 00:00:00+09:00,455.456298828125,455.456298828125,455.456298828125,455.456298828125,200,0.0,0.0
2009-04-08 00:00:00+09:00,455.456248930771,455.456248930771,445.69647216796875,445.69647216796875,400,0.0,0.0
2009-04-09 00:00:00+09:00,445.69647216796875,445.69647216796875,445.69647216796875,445.69647216796875,200,0.0,0.0
2009-04-10 00:00:00+09:00,445.69647216796875,445.69647216796875,445.69647216796875,445.69647216796875,0,0.0,0.0
2009-04-13 00:00:00+09:00,484.7355651855469,484.7355651855469,484.7355651855469,484.7355651855469,200,0.0,0.0
2009-04-14 00:00:00+09:00,484.7355651855469,484.7355651855469,484.7355651855469,484.7355651855469,0,0.0,0.0
2009-04-15 00:00:00+09:00,484.7355651855469,484.7355651855469,484.7355651855469,484.7355651855469,0,0.0,0.0
2009-04-16 00:00:00+09:00,484.7355651855469,484.7355651855469,484.7355651855469,484.7355651855469,0,0.0,0.0
2009-04-17 00:00:00+09:00,484.7355651855469,484.7355651855469,484.7355651855469,484.7355651855469,0,0.0,0.0
2009-04-20 00:00:00+09:00,435.9366827843173,484.7355651855469,435.9366827843173,484.7355651855469,800,0.0,0.0
2009-04-21 00:00:00+09:00,484.7355651855469,484.7355651855469,484.7355651855469,484.7355651855469,0,0.0,0.0
2009-04-22 00:00:00+09:00,484.7355651855469,484.7355651855469,484.7355651855469,484.7355651855469,0,0.0,0.0
2009-04-23 00:00:00+09:00,484.7355651855469,484.7355651855469,484.7355651855469,484.7355651855469,0,0.0,0.0
2009-04-24 00:00:00+09:00,487.98889160156256,487.98889160156256,487.98889160156256,487.9888916015625,200,0.0,0.0
2009-04-27 00:00:00+09:00,487.98889160156256,487.98889160156256,487.98889160156256,487.9888916015625,0,0.0,0.0
2009-04-28 00:00:00+09:00,455.456298828125,455.456298828125,455.456298828125,455.456298828125,200,0.0,0.0
2009-04-30 00:00:00+09:00,468.4693642893145,504.2552185058594,468.4693642893145,504.2552185058594,400,0.0,0.0
2009-05-01 00:00:00+09:00,504.2552185058594,504.2552185058594,504.2552185058594,504.2552185058594,0,0.0,0.0
2009-05-07 00:00:00+09:00,504.2552185058594,504.2552185058594,504.2552185058594,504.2552185058594,0,0.0,0.0
2009-05-08 00:00:00+09:00,510.7616271972656,510.7616271972656,510.7616271972656,510.7616271972656,200,0.0,0.0
2009-05-11 00:00:00+09:00,514.0149658203126,520.521484375,514.0149658203126,520.521484375,1200,0.0,0.0
2009-05-12 00:00:00+09:00,520.521484375,520.521484375,520.521484375,520.521484375,0,0.0,0.0
2009-05-13 00:00:00+09:00,523.7745971679688,523.7745971679688,523.7745971679688,523.7745971679688,200,0.0,0.0
2009-05-14 00:00:00+09:00,523.7745971679688,523.7745971679688,523.7745971679688,523.7745971679688,0,0.0,0.0
2009-05-15 00:00:00+09:00,523.7745971679688,523.7745971679688,523.7745971679688,523.7745971679688,0,0.0,0.0
2009-05-18 00:00:00+09:00,527.0279541015625,527.0279541015625,527.0279541015625,527.0279541015625,200,0.0,0.0
2009-05-19 00:00:00+09:00,527.0279541015625,527.0279541015625,527.0279541015625,527.0279541015625,200,0.0,0.0
2009-05-20 00:00:00+09:00,536.7877197265625,536.7877197265625,536.7877197265625,536.7877197265625,200,0.0,0.0
2009-05-21 00:00:00+09:00,549.8007202148438,549.8007202148438,549.8007202148438,549.8007202148438,400,0.0,0.0
2009-05-22 00:00:00+09:00,549.8007202148438,549.8007202148438,549.8007202148438,549.8007202148438,200,0.0,0.0
2009-05-25 00:00:00+09:00,549.8007589285714,569.3203125,549.8007589285714,569.3203125,800,0.0,0.0
2009-05-26 00:00:00+09:00,569.3203125,569.3203125,569.3203125,569.3203125,200,0.0,0.0
2009-05-27 00:00:00+09:00,608.359375,608.359375,608.359375,608.359375,200,0.0,0.0
2009-05-28 00:00:00+09:00,598.5997070312501,618.1192626953125,598.5997070312501,618.1192626953125,800,0.0,0.0
2009-05-29 00:00:00+09:00,618.1192626953125,618.1192626953125,618.1192626953125,618.1192626953125,200,0.0,0.0
2009-06-01 00:00:00+09:00,650.6517333984375,650.6517333984375,650.6517333984375,650.6517333984375,400,0.0,0.0
2009-06-02 00:00:00+09:00,650.6517333984375,650.6517333984375,650.6517333984375,650.6517333984375,0,0.0,0.0
2009-06-03 00:00:00+09:00,683.1843872070312,683.1843872070312,683.1843872070312,683.1843872070312,400,0.0,0.0
2009-06-04 00:00:00+09:00,683.1843872070312,683.1843872070312,683.1843872070312,683.1843872070312,0,0.0,0.0
2009-06-05 00:00:00+09:00,686.4376476199128,699.45068359375,686.4376476199128,699.45068359375,1200,0.0,0.0
2009-06-08 00:00:00+09:00,699.45068359375,699.45068359375,699.45068359375,699.45068359375,0,0.0,0.0
2009-06-09 00:00:00+09:00,699.45068359375,699.45068359375,699.45068359375,699.45068359375,0,0.0,0.0
2009-06-10 00:00:00+09:00,758.0094116210938,797.0485229492188,748.2496337890625,797.0485229492188,1400,0.0,0.0
2009-06-11 00:00:00+09:00,813.3148193359375,910.91259765625,813.3148193359375,910.91259765625,1600,0.0,0.0
2009-06-12 00:00:00+09:00,894.6461769386574,894.6461769386574,845.8472945601852,878.3798828125,1600,0.0,0.0
2009-06-15 00:00:00+09:00,875.1266720899895,875.1266720899895,845.8473410535214,871.8734130859375,1000,0.0,0.0
2009-06-16 00:00:00+09:00,845.847287645527,845.847287645527,829.5809936523438,829.5809936523438,800,0.0,0.0
2009-06-17 00:00:00+09:00,829.5809936523438,829.5809936523438,829.5809936523438,829.5809936523438,0,0.0,0.0
2009-06-18 00:00:00+09:00,813.3148193359375,813.3148193359375,780.7822265625,780.7822265625,400,0.0,0.0
2009-06-19 00:00:00+09:00,764.515869140625,764.515869140625,764.515869140625,764.515869140625,200,0.0,0.0
2009-06-22 00:00:00+09:00,764.5159301757812,797.0485229492188,764.5159301757812,797.0485229492188,800,0.0,0.0
2009-06-23 00:00:00+09:00,797.0485229492188,797.0485229492188,797.0485229492188,797.0485229492188,0,0.0,0.0
2009-06-24 00:00:00+09:00,797.0485229492188,797.0485229492188,797.0485229492188,797.0485229492188,0,0.0,0.0
2009-06-25 00:00:00+09:00,801.9583740234375,801.9583740234375,801.9583740234375,801.9583740234375,0,7.5,0.0
2009-06-26 00:00:00+09:00,743.0390663306583,782.3186645507812,743.0390663306583,782.3186645507812,400,0.0,0.0
2009-06-29 00:00:00+09:00,716.8525390625,736.4923346532535,716.8525390625,716.8525390625,1600,0.0,0.0
2009-06-30 00:00:00+09:00,716.8525390625,716.8525390625,716.8525390625,716.8525390625,0,0.0,0.0
2009-07-01 00:00:00+09:00,716.8525390625,716.8525390625,716.8525390625,716.8525390625,0,0.0,0.0
2009-07-02 00:00:00+09:00,752.85888671875,752.85888671875,752.85888671875,752.85888671875,600,0.0,0.0
2009-07-03 00:00:00+09:00,697.2128295898438,697.2128295898438,697.2128295898438,697.2128295898438,200,0.0,0.0
2009-07-06 00:00:00+09:00,697.2128295898438,697.2128295898438,697.2128295898438,697.2128295898438,200,0.0,0.0
2009-07-07 00:00:00+09:00,671.0264282226562,671.0264282226562,671.0264282226562,671.0264282226562,600,0.0,0.0
2009-07-08 00:00:00+09:00,671.0264282226562,671.0264282226562,671.0264282226562,671.0264282226562,0,0.0,0.0
2009-07-09 00:00:00+09:00,671.0264282226562,671.0264282226562,671.0264282226562,671.0264282226562,0,0.0,0.0
2009-07-10 00:00:00+09:00,707.0327758789062,707.0327758789062,707.0327758789062,707.0327758789062,200,0.0,0.0
2009-07-13 00:00:00+09:00,707.0327758789062,707.0327758789062,707.0327758789062,707.0327758789062,0,0.0,0.0
2009-07-14 00:00:00+09:00,707.0327758789062,707.0327758789062,707.0327758789062,707.0327758789062,0,0.0,0.0
2009-07-15 00:00:00+09:00,707.0327758789062,707.0327758789062,707.0327758789062,707.0327758789062,0,0.0,0.0
2009-07-16 00:00:00+09:00,713.5792397973745,716.8525390625,713.5792397973745,716.8525390625,400,0.0,0.0
2009-07-17 00:00:00+09:00,716.8525390625,716.8525390625,716.8525390625,716.8525390625,0,0.0,0.0
2009-07-21 00:00:00+09:00,716.8525390625,716.8525390625,716.8525390625,716.8525390625,0,0.0,0.0
2009-07-22 00:00:00+09:00,654.6600341796875,654.6600341796875,654.6600341796875,654.6600341796875,200,0.0,0.0
2009-07-23 00:00:00+09:00,654.6600341796875,654.6600341796875,654.6600341796875,654.6600341796875,0,0.0,0.0
2009-07-24 00:00:00+09:00,654.6600341796875,654.6600341796875,654.6600341796875,654.6600341796875,0,0.0,0.0
2009-07-27 00:00:00+09:00,654.6600341796875,654.6600341796875,654.6600341796875,654.6600341796875,0,0.0,0.0
2009-07-28 00:00:00+09:00,654.6600341796875,654.6600341796875,654.6600341796875,654.6600341796875,0,0.0,0.0
2009-07-29 00:00:00+09:00,638.293376721834,638.293376721834,621.9268798828125,621.9268798828125,400,0.0,0.0
2009-07-30 00:00:00+09:00,621.9268798828125,621.9268798828125,621.9268798828125,621.9268798828125,200,0.0,0.0
2009-07-31 00:00:00+09:00,621.9268798828125,621.9268798828125,621.9268798828125,621.9268798828125,0,0.0,0.0
2009-08-03 00:00:00+09:00,621.9268798828125,621.9268798828125,621.9268798828125,621.9268798828125,0,0.0,0.0
2009-08-04 00:00:00+09:00,621.9268798828125,621.9268798828125,621.9268798828125,621.9268798828125,0,0.0,0.0
2009-08-05 00:00:00+09:00,621.9268798828125,621.9268798828125,621.9268798828125,621.9268798828125,0,0.0,0.0
2009-08-06 00:00:00+09:00,621.9268798828125,621.9268798828125,621.9268798828125,621.9268798828125,0,0.0,0.0
2009-08-07 00:00:00+09:00,621.9268798828125,621.9268798828125,621.9268798828125,621.9268798828125,0,0.0,0.0
2009-08-10 00:00:00+09:00,657.9332275390625,657.9332275390625,657.9332275390625,657.9332275390625,200,0.0,0.0
2009-08-11 00:00:00+09:00,654.6600341796875,654.6600341796875,654.6600341796875,654.6600341796875,200,0.0,0.0
2009-08-12 00:00:00+09:00,654.6600341796875,654.6600341796875,654.6600341796875,654.6600341796875,0,0.0,0.0
2009-08-13 00:00:00+09:00,680.846435546875,680.846435546875,680.846435546875,680.846435546875,200,0.0,0.0
2009-08-14 00:00:00+09:00,687.3929407100866,687.3929407100866,661.20654296875,661.20654296875,400,0.0,0.0
2009-08-17 00:00:00+09:00,661.20654296875,661.20654296875,661.20654296875,661.20654296875,0,0.0,0.0
2009-08-18 00:00:00+09:00,661.20654296875,661.20654296875,661.20654296875,661.20654296875,0,0.0,0.0
2009-08-19 00:00:00+09:00,788.8651892291613,792.1384887695312,749.5855947447217,792.1384887695312,2200,0.0,0.0
2009-08-20 00:00:00+09:00,792.1384887695312,792.1384887695312,762.6787929062016,792.1384887695312,1400,0.0,0.0
2009-08-21 00:00:00+09:00,792.138564105812,792.138564105812,762.6788654407198,782.3186645507812,1400,0.0,0.0
2009-08-24 00:00:00+09:00,785.5919799804688,801.9584795633953,785.5919799804688,785.5919799804688,1200,0.0,0.0
2009-08-25 00:00:00+09:00,785.5919516958841,808.5050502870141,785.5919516958841,805.2317504882812,1000,0.0,0.0
2009-08-26 00:00:00+09:00,805.2316735092475,805.2316735092475,801.9583740234375,801.9583740234375,600,0.0,0.0
2009-08-27 00:00:00+09:00,801.9583740234375,801.9583740234375,801.9583740234375,801.9583740234375,600,0.0,0.0
2009-08-28 00:00:00+09:00,815.0516849864613,864.1511840820311,815.0516849864613,864.1511840820312,1400,0.0,0.0
2009-08-31 00:00:00+09:00,782.318539837214,831.4180297851562,782.318539837214,831.4180297851562,400,0.0,0.0
2009-09-02 00:00:00+09:00,782.3186645507812,782.3186645507812,782.3186645507812,782.3186645507812,200,0.0,0.0
2009-09-03 00:00:00+09:00,782.3186645507812,782.3186645507812,782.3186645507812,782.3186645507812,0,0.0,0.0
2009-09-04 00:00:00+09:00,782.3186645507812,782.3186645507812,782.3186645507812,782.3186645507812,0,0.0,0.0
2009-09-07 00:00:00+09:00,782.3186645507812,782.3186645507812,782.3186645507812,782.3186645507812,0,0.0,0.0
2009-09-08 00:00:00+09:00,782.3186645507812,782.3186645507812,782.3186645507812,782.3186645507812,0,0.0,0.0
2009-09-09 00:00:00+09:00,736.4924760298295,736.4924760298295,720.1259765625,720.1259765625,800,0.0,0.0
2009-09-10 00:00:00+09:00,720.1259765625,720.1259765625,720.1259765625,720.1259765625,0,0.0,0.0
2009-09-11 00:00:00+09:00,720.1259765625,720.1259765625,720.1259765625,720.1259765625,0,0.0,0.0
2009-09-14 00:00:00+09:00,690.6662440708706,690.6662440708706,687.3929443359375,687.3929443359375,400,0.0,0.0
2009-09-15 00:00:00+09:00,680.846435546875,680.846435546875,680.846435546875,680.846435546875,600,0.0,0.0
2009-09-16 00:00:00+09:00,680.84630017032,690.6661987304688,680.84630017032,690.6661987304688,1000,0.0,0.0
2009-09-17 00:00:00+09:00,690.6661987304688,690.6661987304688,690.6661987304688,690.6661987304688,200,0.0,0.0
2009-09-18 00:00:00+09:00,690.6661987304688,690.6661987304688,690.6661987304688,690.6661987304688,200,0.0,0.0
2009-09-21 00:00:00+09:00,690.6661987304688,690.6661987304688,690.6661987304688,690.6661987304688,0,0.0,0.0
2009-09-24 00:00:00+09:00,690.6661987304688,690.6661987304688,690.6661987304688,690.6661987304688,0,0.0,0.0
2009-09-25 00:00:00+09:00,690.6661987304688,690.6661987304688,690.6661987304688,690.6661987304688,0,0.0,0.0
2009-09-28 00:00:00+09:00,690.6661987304688,690.6661987304688,690.6661987304688,690.6661987304688,0,0.0,0.0
2009-09-29 00:00:00+09:00,690.6661987304688,690.6661987304688,690.6661987304688,690.6661987304688,0,0.0,0.0
2009-09-30 00:00:00+09:00,690.6661987304688,690.6661987304688,690.6661987304688,690.6661987304688,0,0.0,0.0
2009-10-01 00:00:00+09:00,690.6661987304688,690.6661987304688,690.6661987304688,690.6661987304688,0,0.0,0.0
2009-10-02 00:00:00+09:00,690.6661987304688,690.6661987304688,690.6661987304688,690.6661987304688,0,0.0,0.0
2009-10-05 00:00:00+09:00,690.6661987304688,690.6661987304688,690.6661987304688,690.6661987304688,0,0.0,0.0
2009-10-06 00:00:00+09:00,690.6661987304688,690.6661987304688,690.6661987304688,690.6661987304688,0,0.0,0.0
2009-10-07 00:00:00+09:00,697.2128295898438,697.2128295898438,697.2128295898438,697.2128295898438,200,0.0,0.0
2009-10-08 00:00:00+09:00,697.2128295898438,697.2128295898438,697.2128295898438,697.2128295898438,0,0.0,0.0
2009-10-09 00:00:00+09:00,697.2128295898438,697.2128295898438,697.2128295898438,697.2128295898438,0,0.0,0.0
2009-10-13 00:00:00+09:00,697.2128295898438,697.2128295898438,697.2128295898438,697.2128295898438,0,0.0,0.0
2009-10-14 00:00:00+09:00,772.498779296875,772.498779296875,772.498779296875,772.498779296875,800,0.0,0.0
2009-10-15 00:00:00+09:00,772.498779296875,772.498779296875,772.498779296875,772.498779296875,0,0.0,0.0
2009-10-16 00:00:00+09:00,772.498779296875,772.498779296875,772.498779296875,772.498779296875,0,0.0,0.0
2009-10-19 00:00:00+09:00,772.498779296875,772.498779296875,772.498779296875,772.498779296875,0,0.0,0.0
2009-10-20 00:00:00+09:00,772.498779296875,772.498779296875,772.498779296875,772.498779296875,0,0.0,0.0
2009-10-21 00:00:00+09:00,772.498779296875,772.498779296875,772.498779296875,772.498779296875,0,0.0,0.0
2009-10-22 00:00:00+09:00,772.498779296875,772.498779296875,772.498779296875,772.498779296875,0,0.0,0.0
2009-10-23 00:00:00+09:00,772.498779296875,772.498779296875,772.498779296875,772.498779296875,0,0.0,0.0
2009-10-26 00:00:00+09:00,772.498779296875,772.498779296875,772.498779296875,772.498779296875,0,0.0,0.0
2009-10-27 00:00:00+09:00,772.498779296875,772.498779296875,772.498779296875,772.498779296875,0,0.0,0.0
2009-10-28 00:00:00+09:00,772.498779296875,772.498779296875,772.498779296875,772.498779296875,0,0.0,0.0
2009-10-29 00:00:00+09:00,638.2935180664062,638.2935180664062,638.2935180664062,638.2935180664062,200,0.0,0.0
2009-10-30 00:00:00+09:00,703.7594604492188,703.7594604492188,703.7594604492188,703.7594604492188,200,0.0,0.0
2009-11-02 00:00:00+09:00,703.7594604492188,703.7594604492188,703.7594604492188,703.7594604492188,0,0.0,0.0
2009-11-04 00:00:00+09:00,703.7594604492188,703.7594604492188,703.7594604492188,703.7594604492188,0,0.0,0.0
2009-11-05 00:00:00+09:00,703.7594604492188,703.7594604492188,703.7594604492188,703.7594604492188,0,0.0,0.0
2009-11-06 00:00:00+09:00,703.7594604492188,703.7594604492188,703.7594604492188,703.7594604492188,0,0.0,0.0
2009-11-09 00:00:00+09:00,720.1259765625,720.1259765625,720.1259765625,720.1259765625,200,0.0,0.0
2009-11-10 00:00:00+09:00,638.2935180664062,638.2935180664062,638.2935180664062,638.2935180664062,200,0.0,0.0
2009-11-11 00:00:00+09:00,638.293376721834,638.293376721834,621.9268798828125,621.9268798828125,400,0.0,0.0
2009-11-12 00:00:00+09:00,621.9268798828125,621.9268798828125,621.9268798828125,621.9268798828125,0,0.0,0.0
2009-11-13 00:00:00+09:00,621.9268798828125,621.9268798828125,621.9268798828125,621.9268798828125,0,0.0,0.0
2009-11-16 00:00:00+09:00,621.9268798828125,621.9268798828125,621.9268798828125,621.9268798828125,0,0.0,0.0
2009-11-17 00:00:00+09:00,621.9268798828125,621.9268798828125,621.9268798828125,621.9268798828125,0,0.0,0.0
2009-11-18 00:00:00+09:00,621.9268798828125,621.9268798828125,621.9268798828125,621.9268798828125,0,0.0,0.0
2009-11-19 00:00:00+09:00,621.9268798828125,621.9268798828125,621.9268798828125,621.9268798828125,0,0.0,0.0
2009-11-20 00:00:00+09:00,621.9268798828125,621.9268798828125,621.9268798828125,621.9268798828125,0,0.0,0.0
2009-11-24 00:00:00+09:00,621.9268798828125,621.9268798828125,621.9268798828125,621.9268798828125,0,0.0,0.0
2009-11-25 00:00:00+09:00,621.9268798828125,621.9268798828125,621.9268798828125,621.9268798828125,0,0.0,0.0
2009-11-26 00:00:00+09:00,621.9268798828125,621.9268798828125,621.9268798828125,621.9268798828125,0,0.0,0.0
2009-11-27 00:00:00+09:00,621.9268798828125,621.9268798828125,621.9268798828125,621.9268798828125,0,0.0,0.0
2009-11-30 00:00:00+09:00,621.9268798828125,621.9268798828125,621.9268798828125,621.9268798828125,0,0.0,0.0
2009-12-01 00:00:00+09:00,621.9268798828125,621.9268798828125,621.9268798828125,621.9268798828125,0,0.0,0.0
2009-12-02 00:00:00+09:00,631.7468872070312,631.7468872070312,631.7468872070312,631.7468872070312,200,0.0,0.0
2009-12-03 00:00:00+09:00,625.2002563476562,625.2002563476562,625.2002563476562,625.2002563476562,200,0.0,0.0
2009-12-04 00:00:00+09:00,625.2002563476562,625.2002563476562,625.2002563476562,625.2002563476562,200,0.0,0.0
2009-12-07 00:00:00+09:00,625.2002563476562,625.2002563476562,625.2002563476562,625.2002563476562,0,0.0,0.0
2009-12-08 00:00:00+09:00,625.2002563476562,625.2002563476562,625.2002563476562,625.2002563476562,0,0.0,0.0
2009-12-09 00:00:00+09:00,625.2002563476562,625.2002563476562,625.2002563476562,625.2002563476562,0,0.0,0.0
2009-12-10 00:00:00+09:00,625.2002563476562,625.2002563476562,625.2002563476562,625.2002563476562,0,0.0,0.0
2009-12-11 00:00:00+09:00,657.9332275390625,657.9332275390625,657.9332275390625,657.9332275390625,200,0.0,0.0
2009-12-14 00:00:00+09:00,657.9332275390625,657.9332275390625,657.9332275390625,657.9332275390625,0,0.0,0.0
2009-12-15 00:00:00+09:00,657.9332275390625,657.9332275390625,657.9332275390625,657.9332275390625,0,0.0,0.0
2009-12-16 00:00:00+09:00,657.9332275390625,657.9332275390625,657.9332275390625,657.9332275390625,0,0.0,0.0
2009-12-17 00:00:00+09:00,657.9332275390625,657.9332275390625,657.9332275390625,657.9332275390625,0,0.0,0.0
2009-12-18 00:00:00+09:00,657.9332275390625,657.9332275390625,657.9332275390625,657.9332275390625,0,0.0,0.0
2009-12-21 00:00:00+09:00,657.9332275390625,657.9332275390625,657.9332275390625,657.9332275390625,0,0.0,0.0
2009-12-22 00:00:00+09:00,657.9332275390625,657.9332275390625,657.9332275390625,657.9332275390625,0,0.0,0.0
2009-12-24 00:00:00+09:00,657.9332275390625,657.9332275390625,657.9332275390625,657.9332275390625,0,0.0,0.0
2009-12-25 00:00:00+09:00,654.6600341796875,654.6600341796875,654.6600341796875,654.6600341796875,200,0.0,0.0
2009-12-28 00:00:00+09:00,654.6600341796875,654.6600341796875,654.6600341796875,654.6600341796875,0,0.0,0.0
2009-12-29 00:00:00+09:00,654.6600341796875,654.6600341796875,654.6600341796875,654.6600341796875,0,0.0,0.0
2009-12-30 00:00:00+09:00,572.8275146484375,572.8275146484375,572.8275146484375,572.8275146484375,200,0.0,0.0
2010-01-04 00:00:00+09:00,572.8275146484375,572.8275146484375,572.8275146484375,572.8275146484375,0,0.0,0.0
2010-01-05 00:00:00+09:00,618.6536865234375,618.6536865234375,618.6536865234375,618.6536865234375,600,0.0,0.0
2010-01-06 00:00:00+09:00,618.6536865234375,618.6536865234375,618.6536865234375,618.6536865234375,0,0.0,0.0
2010-01-07 00:00:00+09:00,618.6536865234375,618.6536865234375,618.6536865234375,618.6536865234375,0,0.0,0.0
2010-01-08 00:00:00+09:00,618.6536865234375,618.6536865234375,618.6536865234375,618.6536865234375,0,0.0,0.0
2010-01-12 00:00:00+09:00,618.6536865234375,618.6536865234375,618.6536865234375,618.6536865234375,200,0.0,0.0
2010-01-13 00:00:00+09:00,618.6536865234375,618.6536865234375,618.6536865234375,618.6536865234375,0,0.0,0.0
2010-01-14 00:00:00+09:00,618.6536865234375,618.6536865234375,618.6536865234375,618.6536865234375,0,0.0,0.0
2010-01-15 00:00:00+09:00,618.6536865234375,618.6536865234375,618.6536865234375,618.6536865234375,0,0.0,0.0
2010-01-18 00:00:00+09:00,618.6536865234375,618.6536865234375,618.6536865234375,618.6536865234375,0,0.0,0.0
2010-01-19 00:00:00+09:00,618.6536865234375,618.6536865234375,618.6536865234375,618.6536865234375,0,0.0,0.0
2010-01-20 00:00:00+09:00,618.6536865234375,618.6536865234375,618.6536865234375,618.6536865234375,0,0.0,0.0
2010-01-21 00:00:00+09:00,618.6536865234375,618.6536865234375,618.6536865234375,618.6536865234375,0,0.0,0.0
2010-01-22 00:00:00+09:00,618.6536865234375,618.6536865234375,618.6536865234375,618.6536865234375,0,0.0,0.0
2010-01-25 00:00:00+09:00,618.6536865234375,618.6536865234375,618.6536865234375,618.6536865234375,0,0.0,0.0
2010-01-26 00:00:00+09:00,618.6536865234375,618.6536865234375,618.6536865234375,618.6536865234375,0,0.0,0.0
2010-01-27 00:00:00+09:00,618.6536865234375,618.6536865234375,618.6536865234375,618.6536865234375,0,0.0,0.0
2010-01-28 00:00:00+09:00,618.6536865234375,618.6536865234375,618.6536865234375,618.6536865234375,0,0.0,0.0
2010-01-29 00:00:00+09:00,618.6536865234375,618.6536865234375,618.6536865234375,618.6536865234375,0,0.0,0.0
2010-02-01 00:00:00+09:00,618.6536865234375,618.6536865234375,618.6536865234375,618.6536865234375,0,0.0,0.0
2010-02-02 00:00:00+09:00,618.6536865234375,618.6536865234375,618.6536865234375,618.6536865234375,0,0.0,0.0
2010-02-03 00:00:00+09:00,618.6536865234375,618.6536865234375,618.6536865234375,618.6536865234375,0,0.0,0.0
2010-02-04 00:00:00+09:00,599.0137939453125,599.0137939453125,599.0137939453125,599.0137939453125,200,0.0,0.0
2010-02-05 00:00:00+09:00,599.0137939453125,599.0137939453125,599.0137939453125,599.0137939453125,0,0.0,0.0
2010-02-08 00:00:00+09:00,605.5604248046875,605.5604248046875,605.5604248046875,605.5604248046875,600,0.0,0.0
2010-02-09 00:00:00+09:00,605.5604248046875,605.5604248046875,605.5604248046875,605.5604248046875,0,0.0,0.0
2010-02-10 00:00:00+09:00,612.1071166992188,612.1071166992188,612.1071166992188,612.1071166992188,200,0.0,0.0
2010-02-12 00:00:00+09:00,612.1071166992188,612.1071166992188,612.1071166992188,612.1071166992188,0,0.0,0.0
2010-02-15 00:00:00+09:00,612.1071166992188,612.1071166992188,612.1071166992188,612.1071166992188,0,0.0,0.0
2010-02-16 00:00:00+09:00,612.1071166992188,612.1071166992188,612.1071166992188,612.1071166992188,0,0.0,0.0
2010-02-17 00:00:00+09:00,612.1071166992188,612.1071166992188,612.1071166992188,612.1071166992188,0,0.0,0.0
2010-02-18 00:00:00+09:00,612.1071166992188,612.1071166992188,612.1071166992188,612.1071166992188,0,0.0,0.0
2010-02-19 00:00:00+09:00,615.3804321289062,615.3804321289062,615.3804321289062,615.3804321289062,200,0.0,0.0
2010-02-22 00:00:00+09:00,615.3804321289062,615.3804321289062,615.3804321289062,615.3804321289062,0,0.0,0.0
2010-02-23 00:00:00+09:00,615.3804321289062,615.3804321289062,615.3804321289062,615.3804321289062,0,0.0,0.0
2010-02-24 00:00:00+09:00,615.3804321289062,615.3804321289062,615.3804321289062,615.3804321289062,0,0.0,0.0
2010-02-25 00:00:00+09:00,615.3804321289062,615.3804321289062,615.3804321289062,615.3804321289062,0,0.0,0.0
2010-02-26 00:00:00+09:00,595.740478515625,595.740478515625,595.740478515625,595.740478515625,200,0.0,0.0
2010-03-01 00:00:00+09:00,595.740478515625,595.740478515625,595.740478515625,595.740478515625,0,0.0,0.0
2010-03-02 00:00:00+09:00,595.740478515625,595.740478515625,595.740478515625,595.740478515625,0,0.0,0.0
2010-03-03 00:00:00+09:00,595.740478515625,595.740478515625,595.740478515625,595.740478515625,0,0.0,0.0
2010-03-04 00:00:00+09:00,595.740478515625,595.740478515625,595.740478515625,595.740478515625,0,0.0,0.0
2010-03-05 00:00:00+09:00,595.740478515625,595.740478515625,595.740478515625,595.740478515625,0,0.0,0.0
2010-03-08 00:00:00+09:00,595.740478515625,595.740478515625,595.740478515625,595.740478515625,0,0.0,0.0
2010-03-09 00:00:00+09:00,595.740478515625,595.740478515625,595.740478515625,595.740478515625,0,0.0,0.0
2010-03-10 00:00:00+09:00,595.740478515625,595.740478515625,595.740478515625,595.740478515625,0,0.0,0.0
2010-03-11 00:00:00+09:00,595.740478515625,595.740478515625,595.740478515625,595.740478515625,0,0.0,0.0
2010-03-12 00:00:00+09:00,595.740478515625,595.740478515625,595.740478515625,595.740478515625,0,0.0,0.0
2010-03-15 00:00:00+09:00,595.740478515625,595.740478515625,595.740478515625,595.740478515625,0,0.0,0.0
2010-03-16 00:00:00+09:00,595.740478515625,595.740478515625,595.740478515625,595.740478515625,0,0.0,0.0
2010-03-17 00:00:00+09:00,595.740478515625,595.740478515625,595.740478515625,595.740478515625,200,0.0,0.0
2010-03-18 00:00:00+09:00,589.1939697265625,589.1939697265625,589.1939697265625,589.1939697265625,600,0.0,0.0
2010-03-19 00:00:00+09:00,589.1939697265625,589.1939697265625,589.1939697265625,589.1939697265625,200,0.0,0.0
2010-03-23 00:00:00+09:00,589.1939697265625,589.1939697265625,589.1939697265625,589.1939697265625,0,0.0,0.0
2010-03-24 00:00:00+09:00,589.1939697265625,589.1939697265625,589.1939697265625,589.1939697265625,0,0.0,0.0
2010-03-25 00:00:00+09:00,589.1939697265625,589.1939697265625,589.1939697265625,589.1939697265625,0,0.0,0.0
2010-03-26 00:00:00+09:00,589.1939697265625,589.1939697265625,589.1939697265625,589.1939697265625,0,0.0,0.0
2010-03-29 00:00:00+09:00,592.46728515625,592.46728515625,592.46728515625,592.46728515625,200,0.0,0.0
2010-03-30 00:00:00+09:00,592.46728515625,592.46728515625,592.46728515625,592.46728515625,0,0.0,0.0
2010-03-31 00:00:00+09:00,592.46728515625,592.46728515625,592.46728515625,592.46728515625,0,0.0,0.0
2010-04-01 00:00:00+09:00,592.46728515625,592.46728515625,592.46728515625,592.46728515625,0,0.0,0.0
2010-04-02 00:00:00+09:00,500.814778388301,520.4545736192148,497.5414791831487,517.1812744140625,3200,0.0,0.0
2010-04-05 00:00:00+09:00,651.3866577148438,651.3866577148438,651.3866577148438,651.3866577148438,200,0.0,0.0
2010-04-06 00:00:00+09:00,651.3866577148438,651.3866577148438,651.3866577148438,651.3866577148438,0,0.0,0.0
2010-04-07 00:00:00+09:00,651.3866577148438,651.3866577148438,651.3866577148438,651.3866577148438,0,0.0,0.0
2010-04-08 00:00:00+09:00,651.3866577148438,651.3866577148438,651.3866577148438,651.3866577148438,0,0.0,0.0
2010-04-09 00:00:00+09:00,651.3866577148438,651.3866577148438,651.3866577148438,651.3866577148438,0,0.0,0.0
2010-04-12 00:00:00+09:00,671.0264282226562,671.0264282226562,671.0264282226562,671.0264282226562,200,0.0,0.0
2010-04-13 00:00:00+09:00,671.0264282226562,671.0264282226562,671.0264282226562,671.0264282226562,0,0.0,0.0
2010-04-14 00:00:00+09:00,671.0264282226562,671.0264282226562,671.0264282226562,671.0264282226562,0,0.0,0.0
2010-04-15 00:00:00+09:00,671.0264282226562,671.0264282226562,671.0264282226562,671.0264282226562,0,0.0,0.0
2010-04-16 00:00:00+09:00,579.3740234375,579.3740234375,579.3740234375,579.3740234375,200,0.0,0.0
2010-04-19 00:00:00+09:00,638.2935180664062,638.2935180664062,638.2935180664062,638.2935180664062,200,0.0,0.0
2010-04-20 00:00:00+09:00,605.5604248046875,605.5604248046875,605.5604248046875,605.5604248046875,200,0.0,0.0
2010-04-21 00:00:00+09:00,605.5604248046875,605.5604248046875,605.5604248046875,605.5604248046875,0,0.0,0.0
2010-04-22 00:00:00+09:00,605.5604248046875,605.5604248046875,605.5604248046875,605.5604248046875,0,0.0,0.0
2010-04-23 00:00:00+09:00,589.1939683393999,589.1939683393999,572.827469218861,576.1007690429688,1640,0.0,0.0
2010-04-26 00:00:00+09:00,576.1007690429688,576.1007690429688,576.1007690429688,576.1007690429688,0,0.0,0.0
2010-04-27 00:00:00+09:00,576.1007690429688,576.1007690429688,576.1007690429688,576.1007690429688,0,0.0,0.0
2010-04-28 00:00:00+09:00,621.9268798828125,621.9268798828125,621.9268798828125,621.9268798828125,200,0.0,0.0
2010-04-30 00:00:00+09:00,671.0264282226562,671.0264282226562,671.0264282226562,671.0264282226562,200,0.0,0.0
2010-05-06 00:00:00+09:00,671.0264282226562,671.0264282226562,671.0264282226562,671.0264282226562,0,0.0,0.0
2010-05-07 00:00:00+09:00,671.0264282226562,671.0264282226562,671.0264282226562,671.0264282226562,0,0.0,0.0
2010-05-10 00:00:00+09:00,680.846435546875,680.846435546875,680.846435546875,680.846435546875,200,0.0,0.0
2010-05-11 00:00:00+09:00,680.846435546875,680.846435546875,680.846435546875,680.846435546875,0,0.0,0.0
2010-05-12 00:00:00+09:00,680.846435546875,680.846435546875,680.846435546875,680.846435546875,0,0.0,0.0
2010-05-13 00:00:00+09:00,680.846435546875,680.846435546875,680.846435546875,680.846435546875,0,0.0,0.0
2010-05-14 00:00:00+09:00,680.846435546875,680.846435546875,680.846435546875,680.846435546875,0,0.0,0.0
2010-05-17 00:00:00+09:00,680.846435546875,680.846435546875,680.846435546875,680.846435546875,0,0.0,0.0
2010-05-18 00:00:00+09:00,680.846435546875,680.846435546875,680.846435546875,680.846435546875,0,0.0,0.0
2010-05-19 00:00:00+09:00,631.7468872070312,631.7468872070312,631.7468872070312,631.7468872070312,200,0.0,0.0
2010-05-20 00:00:00+09:00,631.7468872070312,631.7468872070312,631.7468872070312,631.7468872070312,0,0.0,0.0
2010-05-21 00:00:00+09:00,631.7468872070312,631.7468872070312,631.7468872070312,631.7468872070312,0,0.0,0.0
2010-05-24 00:00:00+09:00,631.7468872070312,631.7468872070312,631.7468872070312,631.7468872070312,0,0.0,0.0
2010-05-25 00:00:00+09:00,631.7468872070312,631.7468872070312,631.7468872070312,631.7468872070312,0,0.0,0.0
2010-05-26 00:00:00+09:00,631.7468872070312,631.7468872070312,631.7468872070312,631.7468872070312,0,0.0,0.0
2010-05-27 00:00:00+09:00,631.7468872070312,631.7468872070312,631.7468872070312,631.7468872070312,0,0.0,0.0
2010-05-28 00:00:00+09:00,631.7468872070312,631.7468872070312,631.7468872070312,631.7468872070312,0,0.0,0.0
2010-05-31 00:00:00+09:00,631.7468872070312,631.7468872070312,631.7468872070312,631.7468872070312,0,0.0,0.0
2010-06-01 00:00:00+09:00,631.7468872070312,631.7468872070312,631.7468872070312,631.7468872070312,0,0.0,0.0
2010-06-02 00:00:00+09:00,680.846435546875,680.846435546875,680.846435546875,680.846435546875,400,0.0,0.0
2010-06-03 00:00:00+09:00,680.846435546875,680.846435546875,680.846435546875,680.846435546875,0,0.0,0.0
2010-06-04 00:00:00+09:00,680.846435546875,680.846435546875,680.846435546875,680.846435546875,0,0.0,0.0
2010-06-07 00:00:00+09:00,671.0264282226562,671.0264282226562,671.0264282226562,671.0264282226562,200,0.0,0.0
2010-06-08 00:00:00+09:00,671.0264282226562,671.0264282226562,671.0264282226562,671.0264282226562,0,0.0,0.0
2010-06-09 00:00:00+09:00,671.0264282226562,671.0264282226562,671.0264282226562,671.0264282226562,0,0.0,0.0
2010-06-10 00:00:00+09:00,671.0264282226562,671.0264282226562,671.0264282226562,671.0264282226562,0,0.0,0.0
2010-06-11 00:00:00+09:00,671.0264282226562,671.0264282226562,671.0264282226562,671.0264282226562,0,0.0,0.0
2010-06-14 00:00:00+09:00,671.0264282226562,671.0264282226562,671.0264282226562,671.0264282226562,0,0.0,0.0
2010-06-15 00:00:00+09:00,671.0264282226562,671.0264282226562,671.0264282226562,671.0264282226562,0,0.0,0.0
2010-06-16 00:00:00+09:00,671.0264282226562,671.0264282226562,671.0264282226562,671.0264282226562,0,0.0,0.0
2010-06-17 00:00:00+09:00,671.0264282226562,671.0264282226562,671.0264282226562,671.0264282226562,0,0.0,0.0
2010-06-18 00:00:00+09:00,671.0264282226562,671.0264282226562,671.0264282226562,671.0264282226562,0,0.0,0.0
2010-06-21 00:00:00+09:00,671.0264282226562,671.0264282226562,671.0264282226562,671.0264282226562,0,0.0,0.0
2010-06-22 00:00:00+09:00,644.8400710423787,644.8400710423787,628.4735717773438,628.4735717773438,600,0.0,0.0
2010-06-23 00:00:00+09:00,628.4735717773438,628.4735717773438,628.4735717773438,628.4735717773438,0,0.0,0.0
2010-06-24 00:00:00+09:00,474.62853983145993,484.44844065555907,474.62853983145993,481.1751403808594,1840,0.0,0.0
2010-06-25 00:00:00+09:00,481.1751403808594,481.1751403808594,481.1751403808594,481.1751403808594,0,0.0,0.0
2010-06-28 00:00:00+09:00,486.1356506347656,486.1356506347656,486.1356506347656,486.1356506347656,0,7.5,0.0
2010-06-29 00:00:00+09:00,486.1356506347656,486.1356506347656,486.1356506347656,486.1356506347656,0,0.0,0.0
2010-06-30 00:00:00+09:00,611.80322265625,611.80322265625,611.80322265625,611.80322265625,200,0.0,0.0
2010-07-01 00:00:00+09:00,611.80322265625,611.80322265625,611.80322265625,611.80322265625,0,0.0,0.0
2010-07-02 00:00:00+09:00,595.26806640625,595.26806640625,595.26806640625,595.26806640625,600,0.0,0.0
2010-07-05 00:00:00+09:00,595.26806640625,595.26806640625,595.26806640625,595.26806640625,0,0.0,0.0
2010-07-06 00:00:00+09:00,595.26806640625,595.26806640625,595.26806640625,595.26806640625,0,0.0,0.0
2010-07-07 00:00:00+09:00,595.26806640625,595.26806640625,595.26806640625,595.26806640625,0,0.0,0.0
2010-07-08 00:00:00+09:00,578.7328491210938,578.7328491210938,578.7328491210938,578.7328491210938,200,0.0,0.0
2010-07-09 00:00:00+09:00,578.7328491210938,578.7328491210938,578.7328491210938,578.7328491210938,0,0.0,0.0
2010-07-12 00:00:00+09:00,578.7328491210938,578.7328491210938,578.7328491210938,578.7328491210938,200,0.0,0.0
2010-07-13 00:00:00+09:00,578.7328491210938,578.7328491210938,578.7328491210938,578.7328491210938,0,0.0,0.0
2010-07-14 00:00:00+09:00,545.6624755859375,545.6624755859375,545.6624755859375,545.6624755859375,400,0.0,0.0
2010-07-15 00:00:00+09:00,545.6624755859375,545.6624755859375,545.6624755859375,545.6624755859375,0,0.0,0.0
2010-07-16 00:00:00+09:00,545.6624755859375,545.6624755859375,545.6624755859375,545.6624755859375,0,0.0,0.0
2010-07-21 00:00:00+09:00,545.6624755859375,545.6624755859375,545.6624755859375,545.6624755859375,0,0.0,0.0
2010-07-22 00:00:00+09:00,545.6624755859375,545.6624755859375,545.6624755859375,545.6624755859375,0,0.0,0.0
2010-07-23 00:00:00+09:00,545.6624755859375,545.6624755859375,545.6624755859375,545.6624755859375,0,0.0,0.0
2010-07-26 00:00:00+09:00,545.6624755859375,545.6624755859375,545.6624755859375,545.6624755859375,0,0.0,0.0
2010-07-27 00:00:00+09:00,545.6624755859375,545.6624755859375,545.6624755859375,545.6624755859375,0,0.0,0.0
2010-07-28 00:00:00+09:00,545.6624755859375,545.6624755859375,545.6624755859375,545.6624755859375,0,0.0,0.0
2010-07-29 00:00:00+09:00,545.6624755859375,545.6624755859375,545.6624755859375,545.6624755859375,0,0.0,0.0
2010-07-30 00:00:00+09:00,545.6624755859375,545.6624755859375,545.6624755859375,545.6624755859375,0,0.0,0.0
2010-08-02 00:00:00+09:00,545.6624755859375,545.6624755859375,545.6624755859375,545.6624755859375,0,0.0,0.0
2010-08-03 00:00:00+09:00,545.6624755859375,545.6624755859375,545.6624755859375,545.6624755859375,0,0.0,0.0
2010-08-04 00:00:00+09:00,545.6624755859375,545.6624755859375,545.6624755859375,545.6624755859375,0,0.0,0.0
2010-08-05 00:00:00+09:00,545.6624755859375,545.6624755859375,545.6624755859375,545.6624755859375,0,0.0,0.0
2010-08-06 00:00:00+09:00,545.6624755859375,545.6624755859375,545.6624755859375,545.6624755859375,0,0.0,0.0
2010-08-09 00:00:00+09:00,545.6624755859375,545.6624755859375,545.6624755859375,545.6624755859375,0,0.0,0.0
2010-08-10 00:00:00+09:00,545.6624755859375,545.6624755859375,545.6624755859375,545.6624755859375,0,0.0,0.0
2010-08-11 00:00:00+09:00,555.5835192076554,558.8905639648438,555.5835192076554,558.8905639648438,600,0.0,0.0
2010-08-12 00:00:00+09:00,558.8905639648438,558.8905639648438,558.8905639648438,558.8905639648438,0,0.0,0.0
2010-08-13 00:00:00+09:00,558.8905639648438,558.8905639648438,558.8905639648438,558.8905639648438,0,0.0,0.0
2010-08-16 00:00:00+09:00,558.8905639648438,558.8905639648438,558.8905639648438,558.8905639648438,0,0.0,0.0
2010-08-17 00:00:00+09:00,578.7329422800165,578.7329422800165,562.1977153577302,565.5047607421875,800,0.0,0.0
2010-08-18 00:00:00+09:00,565.5047607421875,565.5047607421875,565.5047607421875,565.5047607421875,0,0.0,0.0
2010-08-19 00:00:00+09:00,552.2765502929688,552.2765502929688,552.2765502929688,552.2765502929688,200,0.0,0.0
2010-08-20 00:00:00+09:00,552.2765502929688,552.2765502929688,552.2765502929688,552.2765502929688,0,0.0,0.0
2010-08-23 00:00:00+09:00,552.2765502929688,552.2765502929688,552.2765502929688,552.2765502929688,0,0.0,0.0
2010-08-24 00:00:00+09:00,552.2765502929688,552.2765502929688,552.2765502929688,552.2765502929688,0,0.0,0.0
2010-08-25 00:00:00+09:00,535.7412719726562,535.7412719726562,535.7412719726562,535.7412719726562,400,0.0,0.0
2010-08-26 00:00:00+09:00,535.7412719726562,535.7412719726562,535.7412719726562,535.7412719726562,0,0.0,0.0
2010-08-27 00:00:00+09:00,535.7412719726562,535.7412719726562,535.7412719726562,535.7412719726562,0,0.0,0.0
2010-08-30 00:00:00+09:00,535.7412719726562,535.7412719726562,535.7412719726562,535.7412719726562,0,0.0,0.0
2010-08-31 00:00:00+09:00,535.7412719726562,535.7412719726562,535.7412719726562,535.7412719726562,0,0.0,0.0
2010-09-01 00:00:00+09:00,535.7412719726562,535.7412719726562,535.7412719726562,535.7412719726562,0,0.0,0.0
2010-09-02 00:00:00+09:00,535.7412719726562,535.7412719726562,535.7412719726562,535.7412719726562,0,0.0,0.0
2010-09-03 00:00:00+09:00,535.7412719726562,535.7412719726562,535.7412719726562,535.7412719726562,0,0.0,0.0
2010-09-06 00:00:00+09:00,562.1976928710938,562.1976928710938,562.1976928710938,562.1976928710938,200,0.0,0.0
2010-09-07 00:00:00+09:00,562.1976928710938,562.1976928710938,562.1976928710938,562.1976928710938,0,0.0,0.0
2010-09-08 00:00:00+09:00,562.1976928710938,562.1976928710938,562.1976928710938,562.1976928710938,0,0.0,0.0
2010-09-09 00:00:00+09:00,562.1976928710938,562.1976928710938,562.1976928710938,562.1976928710938,0,0.0,0.0
2010-09-10 00:00:00+09:00,575.4258422851562,575.4258422851562,575.4258422851562,575.4258422851562,200,0.0,0.0
2010-09-13 00:00:00+09:00,575.4258422851562,575.4258422851562,575.4258422851562,575.4258422851562,0,0.0,0.0
2010-09-14 00:00:00+09:00,575.4258422851562,575.4258422851562,575.4258422851562,575.4258422851562,0,0.0,0.0
2010-09-16 00:00:00+09:00,575.4258422851562,575.4258422851562,575.4258422851562,575.4258422851562,0,0.0,0.0
2010-09-17 00:00:00+09:00,575.4258422851562,575.4258422851562,575.4258422851562,575.4258422851562,0,0.0,0.0
2010-09-21 00:00:00+09:00,575.4258422851562,575.4258422851562,575.4258422851562,575.4258422851562,0,0.0,0.0
2010-09-22 00:00:00+09:00,575.4258422851562,575.4258422851562,575.4258422851562,575.4258422851562,0,0.0,0.0
2010-09-24 00:00:00+09:00,575.4258422851562,575.4258422851562,575.4258422851562,575.4258422851562,0,0.0,0.0
2010-09-27 00:00:00+09:00,575.4258422851562,575.4258422851562,575.4258422851562,575.4258422851562,0,0.0,0.0
2010-09-28 00:00:00+09:00,578.7329286517519,578.7329286517519,545.6624755859375,545.6624755859375,800,0.0,0.0
2010-09-29 00:00:00+09:00,545.6624755859375,545.6624755859375,545.6624755859375,545.6624755859375,0,0.0,0.0
2010-09-30 00:00:00+09:00,545.6624755859375,545.6624755859375,545.6624755859375,545.6624755859375,0,0.0,0.0
2010-10-01 00:00:00+09:00,545.6624755859375,545.6624755859375,545.6624755859375,545.6624755859375,0,0.0,0.0
2010-10-04 00:00:00+09:00,545.6624755859375,545.6624755859375,545.6624755859375,545.6624755859375,0,0.0,0.0
2010-10-05 00:00:00+09:00,545.6624755859375,545.6624755859375,545.6624755859375,545.6624755859375,0,0.0,0.0
2010-10-06 00:00:00+09:00,545.6624755859375,545.6624755859375,545.6624755859375,545.6624755859375,0,0.0,0.0
2010-10-07 00:00:00+09:00,446.4511039040305,456.3722395463423,429.9158778335109,436.52996826171875,38380,0.0,0.0
2010-10-08 00:00:00+09:00,436.52996826171875,436.52996826171875,436.52996826171875,436.52996826171875,0,0.0,0.0
2010-10-12 00:00:00+09:00,575.4258422851562,575.4258422851562,575.4258422851562,575.4258422851562,1000,0.0,0.0
2010-10-13 00:00:00+09:00,575.4258422851562,575.4258422851562,575.4258422851562,575.4258422851562,1000,0.0,0.0
2010-10-14 00:00:00+09:00,575.4258422851562,575.4258422851562,575.4258422851562,575.4258422851562,1000,0.0,0.0
2010-10-15 00:00:00+09:00,575.4258422851562,575.4258422851562,575.4258422851562,575.4258422851562,1000,0.0,0.0
2010-10-18 00:00:00+09:00,575.4258422851562,575.4258422851562,575.4258422851562,575.4258422851562,1000,0.0,0.0
2010-10-19 00:00:00+09:00,575.4258422851562,575.4258422851562,575.4258422851562,575.4258422851562,1000,0.0,0.0
2010-10-20 00:00:00+09:00,575.4258422851562,575.4258422851562,575.4258422851562,575.4258422851562,1000,0.0,0.0
2010-10-21 00:00:00+09:00,575.4258422851562,575.4258422851562,575.4258422851562,575.4258422851562,1000,0.0,0.0
2010-10-22 00:00:00+09:00,575.4258422851562,575.4258422851562,575.4258422851562,575.4258422851562,1000,0.0,0.0
2010-10-25 00:00:00+09:00,575.4258422851562,575.4258422851562,575.4258422851562,575.4258422851562,1000,0.0,0.0
2010-10-26 00:00:00+09:00,575.4258422851562,575.4258422851562,575.4258422851562,575.4258422851562,1000,0.0,0.0
2010-10-27 00:00:00+09:00,575.4258422851562,575.4258422851562,575.4258422851562,575.4258422851562,1000,0.0,0.0
2010-10-28 00:00:00+09:00,575.4258422851562,575.4258422851562,575.4258422851562,575.4258422851562,1000,0.0,0.0
2010-10-29 00:00:00+09:00,575.4258422851562,575.4258422851562,575.4258422851562,575.4258422851562,1000,0.0,0.0
2010-11-01 00:00:00+09:00,575.4258422851562,575.4258422851562,575.4258422851562,575.4258422851562,1000,0.0,0.0
2010-11-02 00:00:00+09:00,575.4258422851562,575.4258422851562,575.4258422851562,575.4258422851562,1000,0.0,0.0
2010-11-04 00:00:00+09:00,545.6624755859375,545.6624755859375,545.6624755859375,545.6624755859375,400,0.0,0.0
2010-11-05 00:00:00+09:00,545.6624755859375,545.6624755859375,545.6624755859375,545.6624755859375,400,0.0,0.0
2010-11-08 00:00:00+09:00,545.6624755859375,545.6624755859375,545.6624755859375,545.6624755859375,400,0.0,0.0
2010-11-09 00:00:00+09:00,545.6624755859375,545.6624755859375,545.6624755859375,545.6624755859375,400,0.0,0.0
2010-11-10 00:00:00+09:00,562.1976928710938,562.1976928710938,562.1976928710938,562.1976928710938,200,0.0,0.0
2010-11-11 00:00:00+09:00,562.1976928710938,562.1976928710938,562.1976928710938,562.1976928710938,200,0.0,0.0
2010-11-12 00:00:00+09:00,562.1976928710938,562.1976928710938,562.1976928710938,562.1976928710938,200,0.0,0.0
2010-11-15 00:00:00+09:00,562.1976928710938,562.1976928710938,562.1976928710938,562.1976928710938,200,0.0,0.0
2010-11-16 00:00:00+09:00,562.1976928710938,562.1976928710938,562.1976928710938,562.1976928710938,200,0.0,0.0
2010-11-17 00:00:00+09:00,562.1976928710938,562.1976928710938,562.1976928710938,562.1976928710938,200,0.0,0.0
2010-11-18 00:00:00+09:00,562.1976928710938,562.1976928710938,562.1976928710938,562.1976928710938,200,0.0,0.0
2010-11-19 00:00:00+09:00,578.7328491210938,578.7328491210938,578.7328491210938,578.7328491210938,200,0.0,0.0
2010-11-22 00:00:00+09:00,578.7328491210938,578.7328491210938,578.7328491210938,578.7328491210938,200,0.0,0.0
2010-11-24 00:00:00+09:00,578.7328491210938,578.7328491210938,578.7328491210938,578.7328491210938,200,0.0,0.0
2010-11-25 00:00:00+09:00,578.7328491210938,578.7328491210938,578.7328491210938,578.7328491210938,200,0.0,0.0
2010-11-26 00:00:00+09:00,578.7328491210938,578.7328491210938,578.7328491210938,578.7328491210938,200,0.0,0.0
2010-11-29 00:00:00+09:00,578.7328491210938,578.7328491210938,578.7328491210938,578.7328491210938,200,0.0,0.0
2010-11-30 00:00:00+09:00,578.7328491210938,578.7328491210938,578.7328491210938,578.7328491210938,200,0.0,0.0
2010-12-01 00:00:00+09:00,578.7328491210938,578.7328491210938,578.7328491210938,578.7328491210938,200,0.0,0.0
2010-12-02 00:00:00+09:00,578.7328491210938,578.7328491210938,578.7328491210938,578.7328491210938,200,0.0,0.0
2010-12-03 00:00:00+09:00,578.7328491210938,578.7328491210938,578.7328491210938,578.7328491210938,200,0.0,0.0
2010-12-06 00:00:00+09:00,578.7328491210938,578.7328491210938,578.7328491210938,578.7328491210938,200,0.0,0.0
2010-12-07 00:00:00+09:00,578.7328491210938,578.7328491210938,578.7328491210938,578.7328491210938,200,0.0,0.0
2010-12-08 00:00:00+09:00,578.7328491210938,578.7328491210938,578.7328491210938,578.7328491210938,200,0.0,0.0
2010-12-09 00:00:00+09:00,552.2765502929688,552.2765502929688,552.2765502929688,552.2765502929688,400,0.0,0.0
2010-12-10 00:00:00+09:00,568.811767578125,568.811767578125,568.811767578125,568.811767578125,200,0.0,0.0
2010-12-13 00:00:00+09:00,568.811767578125,568.811767578125,568.811767578125,568.811767578125,200,0.0,0.0
2010-12-14 00:00:00+09:00,568.811767578125,568.811767578125,568.811767578125,568.811767578125,200,0.0,0.0
2010-12-15 00:00:00+09:00,568.811767578125,568.811767578125,568.811767578125,568.811767578125,200,0.0,0.0
2010-12-16 00:00:00+09:00,552.2765502929688,552.2765502929688,552.2765502929688,552.2765502929688,400,0.0,0.0
2010-12-17 00:00:00+09:00,552.2765502929688,552.2765502929688,552.2765502929688,552.2765502929688,400,0.0,0.0
2010-12-20 00:00:00+09:00,552.2765502929688,552.2765502929688,552.2765502929688,552.2765502929688,400,0.0,0.0
2010-12-21 00:00:00+09:00,568.811767578125,568.811767578125,568.811767578125,568.811767578125,200,0.0,0.0
2010-12-22 00:00:00+09:00,562.1976928710938,562.1976928710938,562.1976928710938,562.1976928710938,400,0.0,0.0
2010-12-24 00:00:00+09:00,562.1976928710938,562.1976928710938,562.1976928710938,562.1976928710938,400,0.0,0.0
2010-12-27 00:00:00+09:00,562.1976928710938,562.1976928710938,562.1976928710938,562.1976928710938,400,0.0,0.0
2010-12-28 00:00:00+09:00,575.4258422851562,575.4258422851562,575.4258422851562,575.4258422851562,400,0.0,0.0
2010-12-29 00:00:00+09:00,575.4258422851562,575.4258422851562,575.4258422851562,575.4258422851562,400,0.0,0.0
2010-12-30 00:00:00+09:00,575.4258422851562,575.4258422851562,575.4258422851562,575.4258422851562,400,0.0,0.0
2011-01-04 00:00:00+09:00,585.3468627929688,585.3468627929688,585.3468627929688,585.3468627929688,400,0.0,0.0
2011-01-05 00:00:00+09:00,585.3468627929688,585.3468627929688,585.3468627929688,585.3468627929688,400,0.0,0.0
2011-01-06 00:00:00+09:00,585.3468627929688,585.3468627929688,585.3468627929688,585.3468627929688,400,0.0,0.0
2011-01-07 00:00:00+09:00,585.3468627929688,585.3468627929688,585.3468627929688,585.3468627929688,400,0.0,0.0
2011-01-11 00:00:00+09:00,585.3468627929688,585.3468627929688,585.3468627929688,585.3468627929688,600,0.0,0.0
2011-01-12 00:00:00+09:00,588.6539846951844,605.189208984375,588.6539846951844,605.189208984375,400,0.0,0.0
2011-01-13 00:00:00+09:00,588.6539640727796,628.3385009765625,588.6539640727796,628.3385009765625,800,0.0,0.0
2011-01-14 00:00:00+09:00,628.3385009765625,628.3385009765625,628.3385009765625,628.3385009765625,800,0.0,0.0
2011-01-17 00:00:00+09:00,628.3385009765625,628.3385009765625,628.3385009765625,628.3385009765625,800,0.0,0.0
2011-01-18 00:00:00+09:00,628.3385009765625,628.3385009765625,628.3385009765625,628.3385009765625,800,0.0,0.0
2011-01-19 00:00:00+09:00,654.7948608398438,654.7948608398438,654.7948608398438,654.7948608398438,400,0.0,0.0
2011-01-20 00:00:00+09:00,628.3385935137348,628.3385935137348,598.575186452558,615.1104125976562,600,0.0,0.0
2011-01-21 00:00:00+09:00,605.189208984375,605.189208984375,605.189208984375,605.189208984375,200,0.0,0.0
2011-01-24 00:00:00+09:00,605.189208984375,605.189208984375,605.189208984375,605.189208984375,200,0.0,0.0
2011-01-25 00:00:00+09:00,575.4258344426501,591.9610595703125,575.4258344426501,591.9610595703125,600,0.0,0.0
2011-01-26 00:00:00+09:00,591.9610595703125,591.9610595703125,591.9610595703125,591.9610595703125,0,0.0,0.0
2011-01-27 00:00:00+09:00,648.1807861328125,648.1807861328125,648.1807861328125,648.1807861328125,200,0.0,0.0
2011-01-28 00:00:00+09:00,648.1807861328125,648.1807861328125,648.1807861328125,648.1807861328125,200,0.0,0.0
2011-01-31 00:00:00+09:00,625.0314331054688,625.0314331054688,625.0314331054688,625.0314331054688,200,0.0,0.0
2011-02-01 00:00:00+09:00,605.189208984375,605.189208984375,605.189208984375,605.189208984375,200,0.0,0.0
2011-02-02 00:00:00+09:00,605.189208984375,605.189208984375,605.189208984375,605.189208984375,200,0.0,0.0
2011-02-03 00:00:00+09:00,605.189208984375,605.189208984375,605.189208984375,605.189208984375,200,0.0,0.0
2011-02-04 00:00:00+09:00,595.26806640625,595.26806640625,595.26806640625,595.26806640625,200,0.0,0.0
2011-02-07 00:00:00+09:00,628.3385009765625,628.3385009765625,628.3385009765625,628.3385009765625,200,0.0,0.0
2011-02-08 00:00:00+09:00,654.7948608398438,654.7948608398438,654.7948608398438,654.7948608398438,400,0.0,0.0
2011-02-09 00:00:00+09:00,621.7244262695312,621.7244262695312,621.7244262695312,621.7244262695312,800,0.0,0.0
2011-02-10 00:00:00+09:00,634.95263671875,634.95263671875,634.95263671875,634.95263671875,200,0.0,0.0
2011-02-14 00:00:00+09:00,634.95263671875,634.95263671875,634.95263671875,634.95263671875,200,0.0,0.0
2011-02-15 00:00:00+09:00,638.2597045898438,638.2597045898438,638.2597045898438,638.2597045898438,200,0.0,0.0
2011-02-16 00:00:00+09:00,638.2597045898438,638.2597045898438,638.2597045898438,638.2597045898438,200,0.0,0.0
2011-02-17 00:00:00+09:00,638.2597045898438,638.2597045898438,638.2597045898438,638.2597045898438,200,0.0,0.0
2011-02-18 00:00:00+09:00,638.2597045898438,638.2597045898438,638.2597045898438,638.2597045898438,200,0.0,0.0
2011-02-21 00:00:00+09:00,638.2597045898438,638.2597045898438,638.2597045898438,638.2597045898438,200,0.0,0.0
2011-02-22 00:00:00+09:00,638.2597045898438,638.2597045898438,638.2597045898438,638.2597045898438,200,0.0,0.0
2011-02-23 00:00:00+09:00,638.2597045898438,638.2597045898438,638.2597045898438,638.2597045898438,200,0.0,0.0
2011-02-24 00:00:00+09:00,611.80322265625,611.80322265625,611.80322265625,611.80322265625,400,0.0,0.0
2011-02-25 00:00:00+09:00,611.80322265625,611.80322265625,611.80322265625,611.80322265625,400,0.0,0.0
2011-02-28 00:00:00+09:00,611.80322265625,611.80322265625,611.80322265625,611.80322265625,400,0.0,0.0
2011-03-01 00:00:00+09:00,611.80322265625,611.80322265625,611.80322265625,611.80322265625,400,0.0,0.0
2011-03-02 00:00:00+09:00,615.1104125976562,615.1104125976562,615.1104125976562,615.1104125976562,200,0.0,0.0
2011-03-03 00:00:00+09:00,615.1104125976562,615.1104125976562,615.1104125976562,615.1104125976562,200,0.0,0.0
2011-03-04 00:00:00+09:00,615.1104125976562,615.1104125976562,615.1104125976562,615.1104125976562,200,0.0,0.0
2011-03-07 00:00:00+09:00,615.1104125976562,615.1104125976562,615.1104125976562,615.1104125976562,200,0.0,0.0
2011-03-08 00:00:00+09:00,615.1104125976562,615.1104125976562,615.1104125976562,615.1104125976562,0,0.0,0.0
2011-03-09 00:00:00+09:00,615.1104125976562,615.1104125976562,615.1104125976562,615.1104125976562,200,0.0,0.0
2011-03-10 00:00:00+09:00,615.1104125976562,615.1104125976562,615.1104125976562,615.1104125976562,200,0.0,0.0
2011-03-11 00:00:00+09:00,615.1104125976562,615.1104125976562,615.1104125976562,615.1104125976562,200,0.0,0.0
2011-03-14 00:00:00+09:00,615.1104125976562,615.1104125976562,615.1104125976562,615.1104125976562,0,0.0,0.0
2011-03-15 00:00:00+09:00,777.1555143657483,777.1555143657483,628.3385009765625,628.3385009765625,2800,0.0,0.0
2011-03-16 00:00:00+09:00,621.7245258188502,621.7245258188502,618.41748046875,618.41748046875,600,0.0,0.0
2011-03-17 00:00:00+09:00,654.7949282997533,691.1724243164062,654.7949282997533,691.1724243164062,400,0.0,0.0
2011-03-18 00:00:00+09:00,691.1724243164062,691.1724243164062,691.1724243164062,691.1724243164062,400,0.0,0.0
2011-03-22 00:00:00+09:00,744.0851338704426,892.9021606445311,744.0851338704426,892.9021606445312,4000,0.0,0.0
2011-03-23 00:00:00+09:00,925.9724731445312,959.0429186139788,906.1302058628628,925.9724731445312,2800,0.0,0.0
2011-03-24 00:00:00+09:00,959.0430297851562,992.1134790880926,959.0430297851562,959.0430297851562,1200,0.0,0.0
2011-03-25 00:00:00+09:00,959.0430297851562,959.0430297851562,959.0430297851562,959.0430297851562,1200,0.0,0.0
2011-03-28 00:00:00+09:00,959.0430297851562,959.0430297851562,959.0430297851562,959.0430297851562,1200,0.0,0.0
2011-03-29 00:00:00+09:00,925.9724731445312,925.9724731445312,925.9724731445312,925.9724731445312,1200,0.0,0.0
2011-03-30 00:00:00+09:00,925.9724731445312,925.9724731445312,925.9724731445312,925.9724731445312,1200,0.0,0.0
2011-03-31 00:00:00+09:00,892.9021606445311,892.9021606445311,892.9021606445311,892.9021606445312,400,0.0,0.0
2011-04-01 00:00:00+09:00,892.9022006330819,892.9022006330819,863.1387939453125,863.1387939453125,800,0.0,0.0
2011-04-04 00:00:00+09:00,866.4458786612344,922.6656494140626,866.4458786612344,922.6656494140625,1200,0.0,0.0
2011-04-05 00:00:00+09:00,922.6656494140626,922.6656494140626,922.6656494140626,922.6656494140625,1200,0.0,0.0
2011-04-06 00:00:00+09:00,922.665557972301,922.665557972301,909.4373779296874,909.4373779296875,400,0.0,0.0
2011-04-07 00:00:00+09:00,912.7444304322167,919.3585205078125,912.7444304322167,919.3585205078125,600,0.0,0.0
2011-04-08 00:00:00+09:00,909.4373779296874,909.4373779296874,909.4373779296874,909.4373779296875,400,0.0,0.0
2011-04-11 00:00:00+09:00,919.3583840506418,925.9724731445312,919.3583840506418,925.9724731445312,800,0.0,0.0
2011-04-12 00:00:00+09:00,992.1134795118498,992.1134795118498,985.4993896484375,985.4993896484375,400,0.0,0.0
2011-04-13 00:00:00+09:00,985.4993896484375,985.4993896484375,985.4993896484375,985.4993896484375,400,0.0,0.0
2011-04-14 00:00:00+09:00,985.4993896484375,985.4993896484375,985.4993896484375,985.4993896484375,200,0.0,0.0
2011-04-15 00:00:00+09:00,959.0430297851562,959.0430297851562,959.0430297851562,959.0430297851562,200,0.0,0.0
2011-04-18 00:00:00+09:00,925.9724731445312,925.9724731445312,925.9724731445312,925.9724731445312,200,0.0,0.0
2011-04-19 00:00:00+09:00,925.9724731445312,925.9724731445312,925.9724731445312,925.9724731445312,200,0.0,0.0
2011-04-20 00:00:00+09:00,955.7360374321372,975.5783081054688,955.7360374321372,975.5783081054688,1000,0.0,0.0
2011-04-21 00:00:00+09:00,982.1923973159035,1008.6487581863655,982.1923973159035,1002.03466796875,2200,0.0,0.0
2011-04-22 00:00:00+09:00,1015.2628409830729,1015.2628409830729,992.113525390625,992.113525390625,1000,0.0,0.0
2011-04-25 00:00:00+09:00,959.0431556701661,1058.2545166015625,959.0431556701661,1058.2545166015625,1800,0.0,0.0
2011-04-26 00:00:00+09:00,1058.2542348130842,1071.4824127482477,992.1133451372664,1061.561279296875,1800,0.0,0.0
2011-04-27 00:00:00+09:00,1008.648750813802,1008.648750813802,975.5782999674478,992.113525390625,1400,0.0,0.0
2011-04-28 00:00:00+09:00,985.4992936141007,985.4992936141007,945.8147583007812,945.8147583007812,1000,0.0,0.0
2011-05-02 00:00:00+09:00,945.8147583007812,945.8147583007812,945.8147583007812,945.8147583007812,0,0.0,0.0
2011-05-06 00:00:00+09:00,945.8147583007812,945.8147583007812,945.8147583007812,945.8147583007812,0,0.0,0.0
2011-05-09 00:00:00+09:00,945.8147583007812,945.8147583007812,945.8147583007812,945.8147583007812,0,0.0,0.0
2011-05-10 00:00:00+09:00,988.8065185546875,988.8065185546875,988.8065185546875,988.8065185546875,600,0.0,0.0
2011-05-11 00:00:00+09:00,962.3500747154499,962.3500747154499,959.0430297851562,959.0430297851562,600,0.0,0.0
2011-05-12 00:00:00+09:00,955.7360229492188,955.7360229492188,955.7360229492188,955.7360229492188,200,0.0,0.0
2011-05-13 00:00:00+09:00,955.7360229492188,955.7360229492188,955.7360229492188,955.7360229492188,200,0.0,0.0
2011-05-16 00:00:00+09:00,955.7360229492188,955.7360229492188,955.7360229492188,955.7360229492188,200,0.0,0.0
2011-05-17 00:00:00+09:00,955.7360229492188,955.7360229492188,955.7360229492188,955.7360229492188,200,0.0,0.0
2011-05-18 00:00:00+09:00,955.7360229492188,955.7360229492188,955.7360229492188,955.7360229492188,200,0.0,0.0
2011-05-19 00:00:00+09:00,955.7360229492188,955.7360229492188,955.7360229492188,955.7360229492188,200,0.0,0.0
2011-05-20 00:00:00+09:00,909.4373779296874,909.4373779296874,909.4373779296874,909.4373779296875,200,0.0,0.0
2011-05-23 00:00:00+09:00,892.9021606445311,892.9021606445311,892.9021606445311,892.9021606445312,200,0.0,0.0
2011-05-24 00:00:00+09:00,892.9021606445311,892.9021606445311,892.9021606445311,892.9021606445312,200,0.0,0.0
2011-05-25 00:00:00+09:00,866.4457547701321,866.4457547701321,859.8316650390624,859.8316650390625,600,0.0,0.0
2011-05-26 00:00:00+09:00,859.8316650390624,859.8316650390624,859.8316650390624,859.8316650390625,600,0.0,0.0
2011-05-27 00:00:00+09:00,859.8316650390624,859.8316650390624,859.8316650390624,859.8316650390625,600,0.0,0.0
2011-05-30 00:00:00+09:00,859.8316650390624,859.8316650390624,859.8316650390624,859.8316650390625,0,0.0,0.0
2011-05-31 00:00:00+09:00,859.8316650390624,859.8316650390624,859.8316650390624,859.8316650390625,0,0.0,0.0
2011-06-01 00:00:00+09:00,859.8316650390624,859.8316650390624,859.8316650390624,859.8316650390625,600,0.0,0.0
2011-06-02 00:00:00+09:00,859.8316650390624,859.8316650390624,859.8316650390624,859.8316650390625,600,0.0,0.0
2011-06-03 00:00:00+09:00,859.8316650390624,859.8316650390624,859.8316650390624,859.8316650390625,600,0.0,0.0
2011-06-06 00:00:00+09:00,859.8316650390624,859.8316650390624,859.8316650390624,859.8316650390625,600,0.0,0.0
2011-06-07 00:00:00+09:00,859.8316650390624,859.8316650390624,859.8316650390624,859.8316650390625,600,0.0,0.0
2011-06-08 00:00:00+09:00,859.8316650390624,859.8316650390624,859.8316650390624,859.8316650390625,600,0.0,0.0
2011-06-09 00:00:00+09:00,859.8316650390624,859.8316650390624,859.8316650390624,859.8316650390625,600,0.0,0.0
2011-06-10 00:00:00+09:00,886.2879638671875,886.2879638671875,886.2879638671875,886.2879638671875,200,0.0,0.0
2011-06-13 00:00:00+09:00,866.4458618164061,866.4458618164061,866.4458618164061,866.4458618164062,400,0.0,0.0
2011-06-14 00:00:00+09:00,945.8147583007812,945.8147583007812,945.8147583007812,945.8147583007812,200,0.0,0.0
2011-06-15 00:00:00+09:00,945.8147583007812,945.8147583007812,945.8147583007812,945.8147583007812,200,0.0,0.0
2011-06-16 00:00:00+09:00,945.8147583007812,945.8147583007812,945.8147583007812,945.8147583007812,200,0.0,0.0
2011-06-17 00:00:00+09:00,892.9021606445311,892.9021606445311,892.9021606445311,892.9021606445312,400,0.0,0.0
2011-06-20 00:00:00+09:00,892.9021606445311,892.9021606445311,892.9021606445311,892.9021606445312,400,0.0,0.0
2011-06-21 00:00:00+09:00,896.209228515625,896.209228515625,896.209228515625,896.209228515625,200,0.0,0.0
2011-06-22 00:00:00+09:00,892.9021606445311,892.9021606445311,892.9021606445311,892.9021606445312,200,0.0,0.0
2011-06-23 00:00:00+09:00,892.9021606445311,892.9021606445311,892.9021606445311,892.9021606445312,200,0.0,0.0
2011-06-24 00:00:00+09:00,899.51611328125,899.51611328125,899.51611328125,899.51611328125,400,0.0,0.0
2011-06-27 00:00:00+09:00,899.51611328125,899.51611328125,899.51611328125,899.51611328125,400,0.0,0.0
2011-06-28 00:00:00+09:00,881.2266235351564,881.2266235351564,881.2266235351564,881.2266235351562,400,7.5,0.0
2011-06-29 00:00:00+09:00,881.2266235351564,881.2266235351564,881.2266235351564,881.2266235351562,400,0.0,0.0
2011-06-30 00:00:00+09:00,881.2266235351564,881.2266235351564,881.2266235351564,881.2266235351562,400,0.0,0.0
2011-07-01 00:00:00+09:00,874.5758666992186,874.5758666992186,874.5758666992186,874.5758666992188,200,0.0,0.0
2011-07-04 00:00:00+09:00,904.5043334960938,904.5043334960938,904.5043334960938,904.5043334960938,200,0.0,0.0
2011-07-05 00:00:00+09:00,901.1788555405045,927.7819213867186,901.1788555405045,927.7819213867188,400,0.0,0.0
2011-07-06 00:00:00+09:00,927.7819213867186,927.7819213867186,927.7819213867186,927.7819213867188,200,0.0,0.0
2011-07-07 00:00:00+09:00,927.7819213867186,927.7819213867186,927.7819213867186,927.7819213867188,200,0.0,0.0
2011-07-08 00:00:00+09:00,927.7819213867186,927.7819213867186,927.7819213867186,927.7819213867188,200,0.0,0.0
2011-07-11 00:00:00+09:00,937.7582397460936,937.7582397460936,937.7582397460936,937.7582397460938,200,0.0,0.0
2011-07-12 00:00:00+09:00,937.7582397460936,937.7582397460936,937.7582397460936,937.7582397460938,200,0.0,0.0
2011-07-13 00:00:00+09:00,937.7582397460936,937.7582397460936,937.7582397460936,937.7582397460938,200,0.0,0.0
2011-07-14 00:00:00+09:00,937.7582397460936,937.7582397460936,937.7582397460936,937.7582397460938,0,0.0,0.0
2011-07-15 00:00:00+09:00,937.7582397460936,937.7582397460936,937.7582397460936,937.7582397460938,200,0.0,0.0
2011-07-19 00:00:00+09:00,937.7582397460936,937.7582397460936,937.7582397460936,937.7582397460938,200,0.0,0.0
2011-07-20 00:00:00+09:00,937.7582397460936,937.7582397460936,937.7582397460936,937.7582397460938,200,0.0,0.0
2011-07-21 00:00:00+09:00,937.7582397460936,937.7582397460936,937.7582397460936,937.7582397460938,200,0.0,0.0
2011-07-22 00:00:00+09:00,937.7582397460936,937.7582397460936,937.7582397460936,937.7582397460938,200,0.0,0.0
2011-07-25 00:00:00+09:00,937.7582397460936,937.7582397460936,937.7582397460936,937.7582397460938,200,0.0,0.0
2011-07-26 00:00:00+09:00,937.7582397460936,937.7582397460936,937.7582397460936,937.7582397460938,200,0.0,0.0
2011-07-27 00:00:00+09:00,937.7582397460936,937.7582397460936,937.7582397460936,937.7582397460938,200,0.0,0.0
2011-07-28 00:00:00+09:00,937.7582397460936,937.7582397460936,937.7582397460936,937.7582397460938,200,0.0,0.0
2011-07-29 00:00:00+09:00,937.7582397460936,937.7582397460936,937.7582397460936,937.7582397460938,200,0.0,0.0
2011-08-01 00:00:00+09:00,937.7582397460936,937.7582397460936,937.7582397460936,937.7582397460938,200,0.0,0.0
2011-08-02 00:00:00+09:00,937.7582397460936,937.7582397460936,937.7582397460936,937.7582397460938,200,0.0,0.0
2011-08-03 00:00:00+09:00,937.7582397460936,937.7582397460936,937.7582397460936,937.7582397460938,200,0.0,0.0
2011-08-04 00:00:00+09:00,937.7582397460936,937.7582397460936,937.7582397460936,937.7582397460938,200,0.0,0.0
2011-08-05 00:00:00+09:00,937.7582397460936,937.7582397460936,937.7582397460936,937.7582397460938,200,0.0,0.0
2011-08-08 00:00:00+09:00,937.7582397460936,937.7582397460936,937.7582397460936,937.7582397460938,200,0.0,0.0
2011-08-09 00:00:00+09:00,831.3459043149594,897.8535766601562,831.3459043149594,897.8535766601562,400,0.0,0.0
2011-08-10 00:00:00+09:00,897.8535766601562,897.8535766601562,897.8535766601562,897.8535766601562,400,0.0,0.0
2011-08-11 00:00:00+09:00,924.4567260742188,924.4567260742188,924.4567260742188,924.4567260742188,200,0.0,0.0
2011-08-12 00:00:00+09:00,924.4567260742188,924.4567260742188,924.4567260742188,924.4567260742188,200,0.0,0.0
2011-08-15 00:00:00+09:00,924.4567260742188,924.4567260742188,924.4567260742188,924.4567260742188,200,0.0,0.0
2011-08-16 00:00:00+09:00,924.4567260742188,924.4567260742188,924.4567260742188,924.4567260742188,200,0.0,0.0
2011-08-17 00:00:00+09:00,871.2505766278575,871.2505766278575,854.6236572265625,854.6236572265625,400,0.0,0.0
2011-08-18 00:00:00+09:00,854.6236572265625,854.6236572265625,854.6236572265625,854.6236572265625,400,0.0,0.0
2011-08-19 00:00:00+09:00,904.5043334960938,904.5043334960938,904.5043334960938,904.5043334960938,200,0.0,0.0
2011-08-22 00:00:00+09:00,904.5043334960938,904.5043334960938,904.5043334960938,904.5043334960938,200,0.0,0.0
2011-08-23 00:00:00+09:00,837.9965006510416,837.9965006510416,804.7426712601273,808.0680541992188,800,0.0,0.0
2011-08-24 00:00:00+09:00,831.3459056292394,857.948974609375,831.3459056292394,857.948974609375,800,0.0,0.0
2011-08-25 00:00:00+09:00,857.948974609375,857.948974609375,857.948974609375,857.948974609375,800,0.0,0.0
2011-08-26 00:00:00+09:00,857.948974609375,857.948974609375,857.948974609375,857.948974609375,800,0.0,0.0
2011-08-29 00:00:00+09:00,857.948974609375,857.948974609375,857.948974609375,857.948974609375,0,0.0,0.0
2011-08-30 00:00:00+09:00,857.948974609375,857.948974609375,857.948974609375,857.948974609375,800,0.0,0.0
2011-08-31 00:00:00+09:00,857.948974609375,857.948974609375,857.948974609375,857.948974609375,800,0.0,0.0
2011-09-01 00:00:00+09:00,857.948974609375,857.948974609375,857.948974609375,857.948974609375,800,0.0,0.0
2011-09-02 00:00:00+09:00,857.948974609375,857.948974609375,857.948974609375,857.948974609375,800,0.0,0.0
2011-09-05 00:00:00+09:00,857.948974609375,857.948974609375,857.948974609375,857.948974609375,800,0.0,0.0
2011-09-06 00:00:00+09:00,857.948974609375,857.948974609375,857.948974609375,857.948974609375,800,0.0,0.0
2011-09-07 00:00:00+09:00,857.948974609375,857.948974609375,857.948974609375,857.948974609375,800,0.0,0.0
2011-09-08 00:00:00+09:00,857.948974609375,857.948974609375,857.948974609375,857.948974609375,800,0.0,0.0
2011-09-09 00:00:00+09:00,857.948974609375,857.948974609375,857.948974609375,857.948974609375,800,0.0,0.0
2011-09-12 00:00:00+09:00,877.9012451171875,877.9012451171875,877.9012451171875,877.9012451171875,200,0.0,0.0
2011-09-13 00:00:00+09:00,877.9012451171875,877.9012451171875,877.9012451171875,877.9012451171875,200,0.0,0.0
2011-09-14 00:00:00+09:00,877.9012451171875,877.9012451171875,877.9012451171875,877.9012451171875,200,0.0,0.0
2011-09-15 00:00:00+09:00,877.9012451171875,877.9012451171875,877.9012451171875,877.9012451171875,200,0.0,0.0
2011-09-16 00:00:00+09:00,877.9012451171875,877.9012451171875,877.9012451171875,877.9012451171875,200,0.0,0.0
2011-09-20 00:00:00+09:00,877.9012451171875,877.9012451171875,877.9012451171875,877.9012451171875,200,0.0,0.0
2011-09-21 00:00:00+09:00,897.8535766601562,897.8535766601562,897.8535766601562,897.8535766601562,400,0.0,0.0
2011-09-22 00:00:00+09:00,897.8535766601562,897.8535766601562,897.8535766601562,897.8535766601562,400,0.0,0.0
2011-09-26 00:00:00+09:00,897.8535766601562,897.8535766601562,897.8535766601562,897.8535766601562,400,0.0,0.0
2011-09-27 00:00:00+09:00,897.8535766601562,897.8535766601562,897.8535766601562,897.8535766601562,400,0.0,0.0
2011-09-28 00:00:00+09:00,897.8535766601562,897.8535766601562,897.8535766601562,897.8535766601562,400,0.0,0.0
2011-09-29 00:00:00+09:00,897.8535766601562,897.8535766601562,897.8535766601562,897.8535766601562,400,0.0,0.0
2011-09-30 00:00:00+09:00,897.8535766601562,897.8535766601562,897.8535766601562,897.8535766601562,400,0.0,0.0
2011-10-03 00:00:00+09:00,897.8535766601562,897.8535766601562,897.8535766601562,897.8535766601562,400,0.0,0.0
2011-10-04 00:00:00+09:00,897.8535766601562,897.8535766601562,897.8535766601562,897.8535766601562,400,0.0,0.0
2011-10-05 00:00:00+09:00,897.8535766601562,897.8535766601562,897.8535766601562,897.8535766601562,400,0.0,0.0
2011-10-06 00:00:00+09:00,897.8535766601562,897.8535766601562,897.8535766601562,897.8535766601562,400,0.0,0.0
2011-10-07 00:00:00+09:00,897.8535766601562,897.8535766601562,897.8535766601562,897.8535766601562,400,0.0,0.0
2011-10-11 00:00:00+09:00,894.5281372070311,894.5281372070311,894.5281372070311,894.5281372070312,600,0.0,0.0
2011-10-12 00:00:00+09:00,894.5281372070311,894.5281372070311,894.5281372070311,894.5281372070312,600,0.0,0.0
2011-10-13 00:00:00+09:00,894.5281372070311,894.5281372070311,894.5281372070311,894.5281372070312,600,0.0,0.0
2011-10-14 00:00:00+09:00,894.5281372070311,894.5281372070311,894.5281372070311,894.5281372070312,600,0.0,0.0
2011-10-17 00:00:00+09:00,894.5281372070311,894.5281372070311,894.5281372070311,894.5281372070312,600,0.0,0.0
2011-10-18 00:00:00+09:00,894.5281372070311,894.5281372070311,894.5281372070311,894.5281372070312,0,0.0,0.0
2011-10-19 00:00:00+09:00,894.5281372070311,894.5281372070311,894.5281372070311,894.5281372070312,600,0.0,0.0
2011-10-20 00:00:00+09:00,894.5281372070311,894.5281372070311,894.5281372070311,894.5281372070312,600,0.0,0.0
2011-10-21 00:00:00+09:00,894.5281372070311,894.5281372070311,894.5281372070311,894.5281372070312,600,0.0,0.0
2011-10-24 00:00:00+09:00,894.5281372070311,894.5281372070311,894.5281372070311,894.5281372070312,600,0.0,0.0
2011-10-25 00:00:00+09:00,894.5281372070311,894.5281372070311,894.5281372070311,894.5281372070312,600,0.0,0.0
2011-10-26 00:00:00+09:00,894.5281372070311,894.5281372070311,894.5281372070311,894.5281372070312,600,0.0,0.0
2011-10-27 00:00:00+09:00,894.5281372070311,894.5281372070311,894.5281372070311,894.5281372070312,600,0.0,0.0
2011-10-28 00:00:00+09:00,894.5281372070311,894.5281372070311,894.5281372070311,894.5281372070312,600,0.0,0.0
2011-10-31 00:00:00+09:00,894.5281372070311,894.5281372070311,894.5281372070311,894.5281372070312,600,0.0,0.0
2011-11-01 00:00:00+09:00,894.5281372070311,894.5281372070311,894.5281372070311,894.5281372070312,600,0.0,0.0
2011-11-02 00:00:00+09:00,894.5281372070311,894.5281372070311,894.5281372070311,894.5281372070312,600,0.0,0.0
2011-11-04 00:00:00+09:00,894.5281372070311,894.5281372070311,894.5281372070311,894.5281372070312,600,0.0,0.0
2011-11-07 00:00:00+09:00,894.5281372070311,894.5281372070311,894.5281372070311,894.5281372070312,600,0.0,0.0
2011-11-08 00:00:00+09:00,894.5281372070311,894.5281372070311,894.5281372070311,894.5281372070312,600,0.0,0.0
2011-11-09 00:00:00+09:00,894.5281372070311,894.5281372070311,894.5281372070311,894.5281372070312,600,0.0,0.0
2011-11-10 00:00:00+09:00,894.5281372070311,894.5281372070311,894.5281372070311,894.5281372070312,600,0.0,0.0
2011-11-11 00:00:00+09:00,894.5281372070311,894.5281372070311,894.5281372070311,894.5281372070312,600,0.0,0.0
2011-11-14 00:00:00+09:00,894.5281372070311,894.5281372070311,894.5281372070311,894.5281372070312,600,0.0,0.0
2011-11-15 00:00:00+09:00,894.5281372070311,894.5281372070311,894.5281372070311,894.5281372070312,600,0.0,0.0
2011-11-16 00:00:00+09:00,894.5281372070311,894.5281372070311,894.5281372070311,894.5281372070312,600,0.0,0.0
2011-11-17 00:00:00+09:00,894.5281372070311,894.5281372070311,894.5281372070311,894.5281372070312,600,0.0,0.0
2011-11-18 00:00:00+09:00,894.5281372070311,894.5281372070311,894.5281372070311,894.5281372070312,600,0.0,0.0
2011-11-21 00:00:00+09:00,894.5281372070311,894.5281372070311,894.5281372070311,894.5281372070312,600,0.0,0.0
2011-11-22 00:00:00+09:00,894.5281372070311,894.5281372070311,894.5281372070311,894.5281372070312,0,0.0,0.0
2011-11-24 00:00:00+09:00,894.5281372070311,894.5281372070311,894.5281372070311,894.5281372070312,600,0.0,0.0
2011-11-25 00:00:00+09:00,894.5281372070311,894.5281372070311,894.5281372070311,894.5281372070312,600,0.0,0.0
2011-11-28 00:00:00+09:00,894.5281372070311,894.5281372070311,894.5281372070311,894.5281372070312,600,0.0,0.0
2011-11-29 00:00:00+09:00,894.5281372070311,894.5281372070311,894.5281372070311,894.5281372070312,600,0.0,0.0
2011-11-30 00:00:00+09:00,894.5281372070311,894.5281372070311,894.5281372070311,894.5281372070312,600,0.0,0.0
2011-12-01 00:00:00+09:00,894.5281372070311,894.5281372070311,894.5281372070311,894.5281372070312,600,0.0,0.0
2011-12-02 00:00:00+09:00,894.5281372070311,894.5281372070311,894.5281372070311,894.5281372070312,600,0.0,0.0
2011-12-05 00:00:00+09:00,894.5281372070311,894.5281372070311,894.5281372070311,894.5281372070312,600,0.0,0.0
2011-12-06 00:00:00+09:00,894.5281372070311,894.5281372070311,894.5281372070311,894.5281372070312,600,0.0,0.0
2011-12-07 00:00:00+09:00,894.5281372070311,894.5281372070311,894.5281372070311,894.5281372070312,600,0.0,0.0
2011-12-08 00:00:00+09:00,894.5281372070311,894.5281372070311,894.5281372070311,894.5281372070312,600,0.0,0.0
2011-12-09 00:00:00+09:00,894.5281372070311,894.5281372070311,894.5281372070311,894.5281372070312,600,0.0,0.0
2011-12-12 00:00:00+09:00,921.1312866210936,921.1312866210936,921.1312866210936,921.1312866210938,200,0.0,0.0
2011-12-13 00:00:00+09:00,921.1312866210936,921.1312866210936,921.1312866210936,921.1312866210938,200,0.0,0.0
2011-12-14 00:00:00+09:00,881.2266235351564,881.2266235351564,881.2266235351564,881.2266235351562,200,0.0,0.0
2011-12-15 00:00:00+09:00,881.2266235351564,881.2266235351564,881.2266235351564,881.2266235351562,0,0.0,0.0
2011-12-16 00:00:00+09:00,881.2266235351564,881.2266235351564,881.2266235351564,881.2266235351562,200,0.0,0.0
2011-12-19 00:00:00+09:00,828.0203857421875,828.0203857421875,828.0203857421875,828.0203857421875,200,0.0,0.0
2011-12-20 00:00:00+09:00,828.0203857421875,828.0203857421875,828.0203857421875,828.0203857421875,200,0.0,0.0
2011-12-21 00:00:00+09:00,828.0203857421875,828.0203857421875,828.0203857421875,828.0203857421875,200,0.0,0.0
2011-12-22 00:00:00+09:00,847.9728393554688,847.9728393554688,847.9728393554688,847.9728393554688,200,0.0,0.0
2011-12-26 00:00:00+09:00,847.9728393554688,847.9728393554688,847.9728393554688,847.9728393554688,0,0.0,0.0
2011-12-27 00:00:00+09:00,867.925048828125,867.925048828125,867.925048828125,867.925048828125,200,0.0,0.0
2011-12-28 00:00:00+09:00,867.925048828125,867.925048828125,867.925048828125,867.925048828125,200,0.0,0.0
2011-12-29 00:00:00+09:00,841.3219604492188,841.3219604492188,841.3219604492188,841.3219604492188,200,0.0,0.0
2011-12-30 00:00:00+09:00,841.3219604492188,841.3219604492188,841.3219604492188,841.3219604492188,200,0.0,0.0
2012-01-04 00:00:00+09:00,841.3219604492188,841.3219604492188,841.3219604492188,841.3219604492188,200,0.0,0.0
2012-01-05 00:00:00+09:00,841.3219604492188,841.3219604492188,841.3219604492188,841.3219604492188,200,0.0,0.0
2012-01-06 00:00:00+09:00,841.3219604492188,841.3219604492188,841.3219604492188,841.3219604492188,200,0.0,0.0
2012-01-10 00:00:00+09:00,841.3219604492188,841.3219604492188,841.3219604492188,841.3219604492188,200,0.0,0.0
2012-01-11 00:00:00+09:00,831.3458251953125,831.3458251953125,831.3458251953125,831.3458251953125,200,0.0,0.0
2012-01-12 00:00:00+09:00,831.3458251953125,831.3458251953125,831.3458251953125,831.3458251953125,200,0.0,0.0
2012-01-13 00:00:00+09:00,831.3458251953125,831.3458251953125,831.3458251953125,831.3458251953125,200,0.0,0.0
2012-01-16 00:00:00+09:00,831.3458251953125,831.3458251953125,831.3458251953125,831.3458251953125,200,0.0,0.0
2012-01-17 00:00:00+09:00,831.3458251953125,831.3458251953125,831.3458251953125,831.3458251953125,200,0.0,0.0
2012-01-18 00:00:00+09:00,831.3458251953125,831.3458251953125,831.3458251953125,831.3458251953125,200,0.0,0.0
2012-01-19 00:00:00+09:00,831.3458251953125,831.3458251953125,831.3458251953125,831.3458251953125,200,0.0,0.0
2012-01-20 00:00:00+09:00,831.3458251953125,831.3458251953125,831.3458251953125,831.3458251953125,200,0.0,0.0
2012-01-23 00:00:00+09:00,831.3458251953125,831.3458251953125,831.3458251953125,831.3458251953125,200,0.0,0.0
2012-01-24 00:00:00+09:00,831.3458251953125,831.3458251953125,831.3458251953125,831.3458251953125,200,0.0,0.0
2012-01-25 00:00:00+09:00,831.3458251953125,831.3458251953125,831.3458251953125,831.3458251953125,200,0.0,0.0
2012-01-26 00:00:00+09:00,831.3458251953125,831.3458251953125,831.3458251953125,831.3458251953125,200,0.0,0.0
2012-01-27 00:00:00+09:00,831.3458251953125,831.3458251953125,831.3458251953125,831.3458251953125,200,0.0,0.0
2012-01-30 00:00:00+09:00,831.3458251953125,831.3458251953125,831.3458251953125,831.3458251953125,200,0.0,0.0
2012-01-31 00:00:00+09:00,831.3458251953125,831.3458251953125,831.3458251953125,831.3458251953125,200,0.0,0.0
2012-02-01 00:00:00+09:00,831.3458251953125,831.3458251953125,831.3458251953125,831.3458251953125,200,0.0,0.0
2012-02-02 00:00:00+09:00,831.3458251953125,831.3458251953125,831.3458251953125,831.3458251953125,200,0.0,0.0
2012-02-03 00:00:00+09:00,831.3458251953125,831.3458251953125,831.3458251953125,831.3458251953125,200,0.0,0.0
2012-02-06 00:00:00+09:00,831.3458251953125,831.3458251953125,831.3458251953125,831.3458251953125,200,0.0,0.0
2012-02-07 00:00:00+09:00,897.8535766601562,931.1074128327546,897.8535766601562,897.8535766601562,3600,0.0,0.0
2012-02-08 00:00:00+09:00,897.8535766601562,897.8535766601562,897.8535766601562,897.8535766601562,400,0.0,0.0
2012-02-09 00:00:00+09:00,897.8535977700599,897.8535977700599,884.5520629882812,884.5520629882812,400,0.0,0.0
2012-02-10 00:00:00+09:00,931.1073342347756,931.1073342347756,907.8296508789062,907.8296508789062,800,0.0,0.0
2012-02-13 00:00:00+09:00,907.8296508789062,907.8296508789062,907.8296508789062,907.8296508789062,800,0.0,0.0
2012-02-14 00:00:00+09:00,897.8535766601562,897.8535766601562,897.8535766601562,897.8535766601562,400,0.0,0.0
2012-02-15 00:00:00+09:00,897.8535766601562,897.8535766601562,897.8535766601562,897.8535766601562,400,0.0,0.0
2012-02-16 00:00:00+09:00,914.4805635724749,957.7105538504464,914.4805635724749,931.1074829101562,1200,0.0,0.0
2012-02-17 00:00:00+09:00,951.0597973281531,951.0597973281531,897.8536548202844,924.4567260742188,2800,0.0,0.0
2012-02-20 00:00:00+09:00,931.1074431046195,931.1074431046195,917.805908203125,917.805908203125,800,0.0,0.0
2012-02-21 00:00:00+09:00,924.4567260742188,924.4567260742188,924.4567260742188,924.4567260742188,200,0.0,0.0
2012-02-22 00:00:00+09:00,931.1073046174954,931.1073046174954,927.7819213867186,927.7819213867188,800,0.0,0.0
2012-02-23 00:00:00+09:00,941.0834303305182,944.4088134765625,941.0834303305182,944.4088134765625,1000,0.0,0.0
2012-02-24 00:00:00+09:00,947.7344022478376,947.7344022478376,931.1074829101562,931.1074829101562,1200,0.0,0.0
2012-02-27 00:00:00+09:00,941.0835675548404,947.7343348167121,934.4328002929688,934.4328002929688,600,0.0,0.0
2012-02-28 00:00:00+09:00,934.4328002929688,934.4328002929688,934.4328002929688,934.4328002929688,600,0.0,0.0
2012-02-29 00:00:00+09:00,934.4328002929688,934.4328002929688,934.4328002929688,934.4328002929688,600,0.0,0.0
2012-03-01 00:00:00+09:00,934.4328002929688,934.4328002929688,934.4328002929688,934.4328002929688,600,0.0,0.0
2012-03-02 00:00:00+09:00,934.4328002929688,934.4328002929688,934.4328002929688,934.4328002929688,600,0.0,0.0
2012-03-05 00:00:00+09:00,881.226658573857,897.8535766601562,881.226658573857,897.8535766601562,1000,0.0,0.0
2012-03-06 00:00:00+09:00,897.8535766601562,897.8535766601562,897.8535766601562,897.8535766601562,0,0.0,0.0
2012-03-07 00:00:00+09:00,907.8296508789062,907.8296508789062,907.8296508789062,907.8296508789062,200,0.0,0.0
2012-03-08 00:00:00+09:00,907.8296508789062,907.8296508789062,907.8296508789062,907.8296508789062,0,0.0,0.0
2012-03-09 00:00:00+09:00,947.7341918945312,947.7341918945312,947.7341918945312,947.7341918945312,200,0.0,0.0
2012-03-12 00:00:00+09:00,947.7341918945312,947.7341918945312,947.7341918945312,947.7341918945312,0,0.0,0.0
2012-03-13 00:00:00+09:00,947.7342334998108,961.0357666015625,934.4327003980591,961.0357666015625,800,0.0,0.0
2012-03-14 00:00:00+09:00,961.0357009361529,964.361083984375,957.710317887931,964.361083984375,800,0.0,0.0
2012-03-15 00:00:00+09:00,974.3372331290409,974.3372331290409,964.361083984375,964.361083984375,600,0.0,0.0
2012-03-16 00:00:00+09:00,964.361083984375,964.361083984375,964.361083984375,964.361083984375,200,0.0,0.0
2012-03-19 00:00:00+09:00,967.6865044028071,980.9880371093749,967.6865044028071,980.988037109375,1600,0.0,0.0
2012-03-21 00:00:00+09:00,1007.5912475585936,1014.2420148692114,1007.5912475585936,1007.5912475585938,1800,0.0,0.0
2012-03-22 00:00:00+09:00,1007.5912687882133,1007.5912687882133,994.2897338867188,994.2897338867188,1400,0.0,0.0
2012-03-23 00:00:00+09:00,990.9644165039062,990.9644165039062,990.9644165039062,990.9644165039062,200,0.0,0.0
2012-03-26 00:00:00+09:00,990.9644165039062,990.9644165039062,990.9644165039062,990.9644165039062,200,0.0,0.0
2012-03-27 00:00:00+09:00,977.662841796875,977.662841796875,977.662841796875,977.662841796875,600,0.0,0.0
2012-03-28 00:00:00+09:00,997.614990234375,997.614990234375,997.614990234375,997.614990234375,200,0.0,0.0
2012-03-29 00:00:00+09:00,997.614990234375,997.614990234375,997.614990234375,997.614990234375,200,0.0,0.0
2012-03-30 00:00:00+09:00,987.6388549804686,987.6388549804686,987.6388549804686,987.6388549804688,200,0.0,0.0
2012-04-02 00:00:00+09:00,974.3374633789064,974.3374633789064,974.3374633789064,974.3374633789062,200,0.0,0.0
2012-04-03 00:00:00+09:00,954.3851371711784,954.3851371711784,951.0597534179688,951.0597534179688,800,0.0,0.0
2012-04-04 00:00:00+09:00,994.2897338867188,994.2897338867188,994.2897338867188,994.2897338867188,400,0.0,0.0
2012-04-05 00:00:00+09:00,951.0597534179688,951.0597534179688,951.0597534179688,951.0597534179688,800,0.0,0.0
2012-04-06 00:00:00+09:00,951.0597534179688,951.0597534179688,951.0597534179688,951.0597534179688,800,0.0,0.0
2012-04-09 00:00:00+09:00,951.0597534179688,951.0597534179688,951.0597534179688,951.0597534179688,800,0.0,0.0
2012-04-10 00:00:00+09:00,937.7582397460936,937.7582397460936,937.7582397460936,937.7582397460938,200,0.0,0.0
2012-04-11 00:00:00+09:00,931.1074829101562,931.1074829101562,931.1074829101562,931.1074829101562,200,0.0,0.0
2012-04-12 00:00:00+09:00,931.1074829101562,931.1074829101562,931.1074829101562,931.1074829101562,600,0.0,0.0
2012-04-13 00:00:00+09:00,941.0836021583397,951.0597534179688,941.0836021583397,951.0597534179688,400,0.0,0.0
2012-04-16 00:00:00+09:00,947.7341918945312,947.7341918945312,947.7341918945312,947.7341918945312,200,0.0,0.0
2012-04-17 00:00:00+09:00,954.3851371711784,954.3851371711784,951.0597534179688,951.0597534179688,400,0.0,0.0
2012-04-18 00:00:00+09:00,947.7341918945312,947.7341918945312,947.7341918945312,947.7341918945312,200,0.0,0.0
2012-04-19 00:00:00+09:00,951.0597534179688,951.0597534179688,951.0597534179688,951.0597534179688,200,0.0,0.0
2012-04-20 00:00:00+09:00,951.0596462290196,951.0596462290196,941.0834960937501,941.08349609375,400,0.0,0.0
2012-04-23 00:00:00+09:00,941.0834960937501,941.0834960937501,941.0834960937501,941.08349609375,200,0.0,0.0
2012-04-24 00:00:00+09:00,951.0597534179688,951.0597534179688,951.0597534179688,951.0597534179688,800,0.0,0.0
2012-04-25 00:00:00+09:00,951.0597712717899,977.662841796875,951.0597712717899,977.662841796875,800,0.0,0.0
2012-04-26 00:00:00+09:00,977.6628807119075,990.9644165039062,957.7105770239094,990.9644165039062,1400,0.0,0.0
2012-04-27 00:00:00+09:00,997.614990234375,997.614990234375,997.614990234375,997.614990234375,200,0.0,0.0
2012-05-01 00:00:00+09:00,997.614990234375,997.614990234375,997.614990234375,997.614990234375,0,0.0,0.0
2012-05-02 00:00:00+09:00,997.614990234375,997.614990234375,997.614990234375,997.614990234375,200,0.0,0.0
2012-05-07 00:00:00+09:00,997.614990234375,997.614990234375,997.614990234375,997.614990234375,200,0.0,0.0
2012-05-08 00:00:00+09:00,814.7190946691177,831.3460149684875,778.1398700105043,791.44140625,3600,0.0,0.0
2012-05-09 00:00:00+09:00,781.4651234944662,781.4651234944662,758.1874389648438,758.1874389648438,1400,0.0,0.0
2012-05-10 00:00:00+09:00,758.187458620233,824.6951304290253,758.187458620233,784.79052734375,1600,0.0,0.0
2012-05-11 00:00:00+09:00,784.790486302869,784.790486302869,771.4889526367188,771.4889526367188,600,0.0,0.0
2012-05-14 00:00:00+09:00,771.4889729817709,771.4889729817709,758.1874389648438,758.1874389648438,1000,0.0,0.0
2012-05-15 00:00:00+09:00,794.7666737196181,794.7666737196181,748.2113037109375,748.2113037109375,1000,0.0,0.0
2012-05-16 00:00:00+09:00,748.2113037109375,748.2113037109375,748.2113037109375,748.2113037109375,1000,0.0,0.0
2012-05-17 00:00:00+09:00,791.44140625,791.44140625,791.44140625,791.44140625,800,0.0,0.0
2012-05-18 00:00:00+09:00,764.8382568359375,764.8382568359375,764.8382568359375,764.8382568359375,200,0.0,0.0
2012-05-21 00:00:00+09:00,738.2352185930524,744.885986328125,738.2352185930524,744.885986328125,600,0.0,0.0
2012-05-22 00:00:00+09:00,754.8621215820312,754.8621215820312,754.8621215820312,754.8621215820312,200,0.0,0.0
2012-05-23 00:00:00+09:00,728.2589772075688,731.5843606651376,711.6320599197247,724.93359375,1600,0.0,0.0
2012-05-24 00:00:00+09:00,728.2589772075688,728.2589772075688,724.93359375,724.93359375,400,0.0,0.0
2012-05-25 00:00:00+09:00,724.93359375,724.93359375,724.93359375,724.93359375,400,0.0,0.0
2012-05-28 00:00:00+09:00,731.5843858506945,748.2113037109375,731.5843858506945,748.2113037109375,600,0.0,0.0
2012-05-29 00:00:00+09:00,764.8382568359375,764.8382568359375,764.8382568359375,764.8382568359375,600,0.0,0.0
2012-05-30 00:00:00+09:00,764.8382568359375,764.8382568359375,764.8382568359375,764.8382568359375,400,0.0,0.0
2012-05-31 00:00:00+09:00,758.1874389648438,758.1874389648438,758.1874389648438,758.1874389648438,600,0.0,0.0
2012-06-01 00:00:00+09:00,758.1874389648438,758.1874389648438,758.1874389648438,758.1874389648438,600,0.0,0.0
2012-06-04 00:00:00+09:00,771.4889526367188,771.4889526367188,771.4889526367188,771.4889526367188,200,0.0,0.0
2012-06-05 00:00:00+09:00,771.4889526367188,771.4889526367188,771.4889526367188,771.4889526367188,200,0.0,0.0
2012-06-06 00:00:00+09:00,764.8382568359375,764.8382568359375,764.8382568359375,764.8382568359375,200,0.0,0.0
2012-06-07 00:00:00+09:00,771.4889427250267,778.1397094726562,771.4889427250267,778.1397094726562,400,0.0,0.0
2012-06-08 00:00:00+09:00,778.1397094726562,778.1397094726562,778.1397094726562,778.1397094726562,400,0.0,0.0
2012-06-11 00:00:00+09:00,818.0443725585938,818.0443725585938,818.0443725585938,818.0443725585938,400,0.0,0.0
2012-06-12 00:00:00+09:00,814.7188110351562,814.7188110351562,814.7188110351562,814.7188110351562,400,0.0,0.0
2012-06-13 00:00:00+09:00,814.7189889303068,818.0443725585938,814.7189889303068,818.0443725585938,400,0.0,0.0
2012-06-14 00:00:00+09:00,818.0443725585938,818.0443725585938,818.0443725585938,818.0443725585938,400,0.0,0.0
2012-06-15 00:00:00+09:00,798.0921020507812,798.0921020507812,798.0921020507812,798.0921020507812,1000,0.0,0.0
2012-06-18 00:00:00+09:00,834.6712646484375,834.6712646484375,834.6712646484375,834.6712646484375,600,0.0,0.0
2012-06-19 00:00:00+09:00,828.0203857421875,828.0203857421875,828.0203857421875,828.0203857421875,400,0.0,0.0
2012-06-20 00:00:00+09:00,824.6950073242188,824.6950073242188,824.6950073242188,824.6950073242188,200,0.0,0.0
2012-06-21 00:00:00+09:00,824.6950073242188,824.6950073242188,824.6950073242188,824.6950073242188,200,0.0,0.0
2012-06-22 00:00:00+09:00,778.1397601628707,784.7905273437499,778.1397601628707,784.79052734375,600,0.0,0.0
2012-06-25 00:00:00+09:00,784.7905273437499,784.7905273437499,784.7905273437499,784.79052734375,600,0.0,0.0
2012-06-26 00:00:00+09:00,781.4650928464711,794.7666263417301,778.1397094726562,778.1397094726562,600,0.0,0.0
2012-06-27 00:00:00+09:00,783.1599943741509,783.1599943741509,769.7726440429689,769.7726440429688,600,7.5,0.0
2012-06-28 00:00:00+09:00,759.7320556640625,759.7320556640625,759.7320556640625,759.7320556640625,200,0.0,0.0
2012-06-29 00:00:00+09:00,779.813167638946,779.813167638946,763.0789794921875,763.0789794921875,600,0.0,0.0
2012-07-02 00:00:00+09:00,763.0789794921875,763.0789794921875,763.0789794921875,763.0789794921875,200,0.0,0.0
2012-07-03 00:00:00+09:00,753.0384521484375,753.0384521484375,753.0384521484375,753.0384521484375,200,0.0,0.0
2012-07-04 00:00:00+09:00,753.0384628227473,753.0384628227473,746.3447875976561,746.3447875976562,400,0.0,0.0
2012-07-05 00:00:00+09:00,753.0384521484375,753.0384521484375,753.0384521484375,753.0384521484375,200,0.0,0.0
2012-07-06 00:00:00+09:00,749.691650390625,749.691650390625,749.691650390625,749.691650390625,200,0.0,0.0
2012-07-09 00:00:00+09:00,749.6916145833333,753.0384521484375,749.6916145833333,753.0384521484375,400,0.0,0.0
2012-07-10 00:00:00+09:00,769.7725984737344,769.7725984737344,739.6510620117188,739.6510620117188,600,0.0,0.0
2012-07-11 00:00:00+09:00,739.6510620117188,739.6510620117188,739.6510620117188,739.6510620117188,600,0.0,0.0
2012-07-12 00:00:00+09:00,739.6510620117188,739.6510620117188,739.6510620117188,739.6510620117188,600,0.0,0.0
2012-07-13 00:00:00+09:00,789.8536376953125,789.8536376953125,789.8536376953125,789.8536376953125,200,0.0,0.0
2012-07-17 00:00:00+09:00,789.8536376953125,789.8536376953125,789.8536376953125,789.8536376953125,200,0.0,0.0
2012-07-18 00:00:00+09:00,789.8536376953125,789.8536376953125,789.8536376953125,789.8536376953125,200,0.0,0.0
2012-07-19 00:00:00+09:00,789.8536376953125,789.8536376953125,789.8536376953125,789.8536376953125,200,0.0,0.0
2012-07-20 00:00:00+09:00,796.5473022460938,796.5473022460938,796.5473022460938,796.5473022460938,200,0.0,0.0
2012-07-23 00:00:00+09:00,793.2005004882812,793.2005004882812,793.2005004882812,793.2005004882812,200,0.0,0.0
2012-07-24 00:00:00+09:00,746.3447875976561,746.3447875976561,746.3447875976561,746.3447875976562,200,0.0,0.0
2012-07-25 00:00:00+09:00,746.3447875976561,746.3447875976561,746.3447875976561,746.3447875976562,200,0.0,0.0
2012-07-26 00:00:00+09:00,746.3447875976561,746.3447875976561,746.3447875976561,746.3447875976562,200,0.0,0.0
2012-07-27 00:00:00+09:00,746.3447875976561,746.3447875976561,746.3447875976561,746.3447875976562,200,0.0,0.0
2012-07-30 00:00:00+09:00,746.3447875976561,746.3447875976561,746.3447875976561,746.3447875976562,200,0.0,0.0
2012-07-31 00:00:00+09:00,746.3447875976561,746.3447875976561,746.3447875976561,746.3447875976562,200,0.0,0.0
2012-08-01 00:00:00+09:00,746.3447875976561,746.3447875976561,746.3447875976561,746.3447875976562,200,0.0,0.0
2012-08-02 00:00:00+09:00,746.3447875976561,746.3447875976561,746.3447875976561,746.3447875976562,200,0.0,0.0
2012-08-03 00:00:00+09:00,756.3853149414062,756.3853149414062,756.3853149414062,756.3853149414062,200,0.0,0.0
2012-08-06 00:00:00+09:00,756.3853149414062,756.3853149414062,756.3853149414062,756.3853149414062,200,0.0,0.0
2012-08-07 00:00:00+09:00,756.3853149414062,756.3853149414062,756.3853149414062,756.3853149414062,200,0.0,0.0
2012-08-08 00:00:00+09:00,763.0789794921875,763.0789794921875,763.0789794921875,763.0789794921875,400,0.0,0.0
2012-08-09 00:00:00+09:00,763.0789794921875,763.0789794921875,763.0789794921875,763.0789794921875,400,0.0,0.0
2012-08-10 00:00:00+09:00,799.8941040039062,799.8941040039062,799.8941040039062,799.8941040039062,200,0.0,0.0
2012-08-13 00:00:00+09:00,796.5472593565245,796.5472593565245,742.9978637695312,742.9978637695312,600,0.0,0.0
2012-08-14 00:00:00+09:00,742.9978637695312,742.9978637695312,742.9978637695312,742.9978637695312,600,0.0,0.0
2012-08-15 00:00:00+09:00,742.9978637695312,742.9978637695312,742.9978637695312,742.9978637695312,600,0.0,0.0
2012-08-16 00:00:00+09:00,742.9978637695312,742.9978637695312,742.9978637695312,742.9978637695312,600,0.0,0.0
2012-08-17 00:00:00+09:00,742.9978637695312,742.9978637695312,742.9978637695312,742.9978637695312,600,0.0,0.0
2012-08-20 00:00:00+09:00,742.9978637695312,742.9978637695312,742.9978637695312,742.9978637695312,600,0.0,0.0
2012-08-21 00:00:00+09:00,742.9978637695312,742.9978637695312,742.9978637695312,742.9978637695312,200,0.0,0.0
2012-08-22 00:00:00+09:00,742.9978637695312,742.9978637695312,742.9978637695312,742.9978637695312,200,0.0,0.0
2012-08-23 00:00:00+09:00,742.9978637695312,742.9978637695312,742.9978637695312,742.9978637695312,200,0.0,0.0
2012-08-24 00:00:00+09:00,742.9978637695312,742.9978637695312,742.9978637695312,742.9978637695312,200,0.0,0.0
2012-08-27 00:00:00+09:00,716.2232308321221,719.570068359375,716.2232308321221,719.570068359375,1200,0.0,0.0
2012-08-28 00:00:00+09:00,719.570068359375,719.570068359375,719.570068359375,719.570068359375,1200,0.0,0.0
2012-08-29 00:00:00+09:00,719.570068359375,719.570068359375,719.570068359375,719.570068359375,1200,0.0,0.0
2012-08-30 00:00:00+09:00,719.570068359375,719.570068359375,719.570068359375,719.570068359375,1200,0.0,0.0
2012-08-31 00:00:00+09:00,719.570068359375,719.570068359375,719.570068359375,719.570068359375,1200,0.0,0.0
2012-09-03 00:00:00+09:00,719.570068359375,719.570068359375,719.570068359375,719.570068359375,1200,0.0,0.0
2012-09-04 00:00:00+09:00,719.570068359375,719.570068359375,719.570068359375,719.570068359375,1200,0.0,0.0
2012-09-05 00:00:00+09:00,719.570068359375,719.570068359375,719.570068359375,719.570068359375,1200,0.0,0.0
2012-09-06 00:00:00+09:00,692.7952880859375,692.7952880859375,692.7952880859375,692.7952880859375,200,0.0,0.0
2012-09-07 00:00:00+09:00,692.7952880859375,692.7952880859375,692.7952880859375,692.7952880859375,200,0.0,0.0
2012-09-10 00:00:00+09:00,692.7952880859375,692.7952880859375,692.7952880859375,692.7952880859375,200,0.0,0.0
2012-09-11 00:00:00+09:00,712.8764038085938,712.8764038085938,712.8764038085938,712.8764038085938,200,0.0,0.0
2012-09-12 00:00:00+09:00,712.8764038085938,712.8764038085938,712.8764038085938,712.8764038085938,200,0.0,0.0
2012-09-13 00:00:00+09:00,712.8764038085938,712.8764038085938,712.8764038085938,712.8764038085938,200,0.0,0.0
2012-09-14 00:00:00+09:00,712.8764038085938,712.8764038085938,712.8764038085938,712.8764038085938,200,0.0,0.0
2012-09-18 00:00:00+09:00,696.1422119140625,696.1422119140625,696.1422119140625,696.1422119140625,400,0.0,0.0
2012-09-19 00:00:00+09:00,726.2637329101562,726.2637329101562,726.2637329101562,726.2637329101562,200,0.0,0.0
2012-09-20 00:00:00+09:00,726.2637329101562,726.2637329101562,726.2637329101562,726.2637329101562,200,0.0,0.0
2012-09-21 00:00:00+09:00,726.2637329101562,726.2637329101562,726.2637329101562,726.2637329101562,200,0.0,0.0
2012-09-24 00:00:00+09:00,726.2637329101562,726.2637329101562,726.2637329101562,726.2637329101562,200,0.0,0.0
2012-09-25 00:00:00+09:00,726.2637329101562,726.2637329101562,726.2637329101562,726.2637329101562,200,0.0,0.0
2012-09-26 00:00:00+09:00,726.2637329101562,726.2637329101562,726.2637329101562,726.2637329101562,200,0.0,0.0
2012-09-27 00:00:00+09:00,726.2637329101562,726.2637329101562,726.2637329101562,726.2637329101562,200,0.0,0.0
2012-09-28 00:00:00+09:00,726.2637329101562,726.2637329101562,726.2637329101562,726.2637329101562,200,0.0,0.0
2012-10-01 00:00:00+09:00,726.2637329101562,726.2637329101562,726.2637329101562,726.2637329101562,200,0.0,0.0
2012-10-02 00:00:00+09:00,719.570068359375,719.570068359375,719.570068359375,719.570068359375,400,0.0,0.0
2012-10-03 00:00:00+09:00,719.570068359375,719.570068359375,719.570068359375,719.570068359375,200,0.0,0.0
2012-10-04 00:00:00+09:00,719.570068359375,719.570068359375,719.570068359375,719.570068359375,200,0.0,0.0
2012-10-05 00:00:00+09:00,719.570068359375,719.570068359375,719.570068359375,719.570068359375,200,0.0,0.0
2012-10-09 00:00:00+09:00,719.570068359375,719.570068359375,719.570068359375,719.570068359375,200,0.0,0.0
2012-10-10 00:00:00+09:00,746.3447875976561,746.3447875976561,746.3447875976561,746.3447875976562,1200,0.0,0.0
2012-10-11 00:00:00+09:00,746.3447875976561,746.3447875976561,746.3447875976561,746.3447875976562,1200,0.0,0.0
2012-10-12 00:00:00+09:00,746.3447875976561,746.3447875976561,746.3447875976561,746.3447875976562,1200,0.0,0.0
2012-10-15 00:00:00+09:00,746.3447875976561,746.3447875976561,746.3447875976561,746.3447875976562,1200,0.0,0.0
2012-10-16 00:00:00+09:00,746.3447875976561,746.3447875976561,746.3447875976561,746.3447875976562,1200,0.0,0.0
2012-10-17 00:00:00+09:00,746.3447875976561,746.3447875976561,746.3447875976561,746.3447875976562,1200,0.0,0.0
2012-10-18 00:00:00+09:00,746.3447875976561,746.3447875976561,746.3447875976561,746.3447875976562,1200,0.0,0.0
2012-10-19 00:00:00+09:00,719.570068359375,719.570068359375,719.570068359375,719.570068359375,200,0.0,0.0
2012-10-22 00:00:00+09:00,719.570068359375,719.570068359375,719.570068359375,719.570068359375,200,0.0,0.0
2012-10-23 00:00:00+09:00,719.570068359375,719.570068359375,719.570068359375,719.570068359375,200,0.0,0.0
2012-10-24 00:00:00+09:00,692.7952880859375,692.7952880859375,692.7952880859375,692.7952880859375,200,0.0,0.0
2012-10-25 00:00:00+09:00,692.7952880859375,692.7952880859375,692.7952880859375,692.7952880859375,200,0.0,0.0
2012-10-26 00:00:00+09:00,676.0611572265625,676.0611572265625,676.0611572265625,676.0611572265625,200,0.0,0.0
2012-10-29 00:00:00+09:00,679.4080200195312,679.4080200195312,679.4080200195312,679.4080200195312,200,0.0,0.0
2012-10-30 00:00:00+09:00,679.4080200195312,679.4080200195312,679.4080200195312,679.4080200195312,200,0.0,0.0
2012-10-31 00:00:00+09:00,702.8358764648438,702.8358764648438,702.8358764648438,702.8358764648438,400,0.0,0.0
2012-11-01 00:00:00+09:00,702.8358764648438,702.8358764648438,702.8358764648438,702.8358764648438,400,0.0,0.0
2012-11-02 00:00:00+09:00,702.8358764648438,702.8358764648438,702.8358764648438,702.8358764648438,400,0.0,0.0
2012-11-05 00:00:00+09:00,702.8358764648438,702.8358764648438,702.8358764648438,702.8358764648438,400,0.0,0.0
2012-11-06 00:00:00+09:00,702.8358764648438,702.8358764648438,702.8358764648438,702.8358764648438,400,0.0,0.0
2012-11-07 00:00:00+09:00,702.8358764648438,702.8358764648438,702.8358764648438,702.8358764648438,400,0.0,0.0
2012-11-08 00:00:00+09:00,702.8358764648438,702.8358764648438,702.8358764648438,702.8358764648438,400,0.0,0.0
2012-11-09 00:00:00+09:00,702.8358764648438,702.8358764648438,702.8358764648438,702.8358764648438,400,0.0,0.0
2012-11-12 00:00:00+09:00,726.2637329101562,726.2637329101562,726.2637329101562,726.2637329101562,200,0.0,0.0
2012-11-13 00:00:00+09:00,726.2637329101562,726.2637329101562,726.2637329101562,726.2637329101562,200,0.0,0.0
2012-11-14 00:00:00+09:00,726.2637329101562,726.2637329101562,726.2637329101562,726.2637329101562,200,0.0,0.0
2012-11-15 00:00:00+09:00,726.2637329101562,726.2637329101562,726.2637329101562,726.2637329101562,200,0.0,0.0
2012-11-16 00:00:00+09:00,726.2637329101562,726.2637329101562,726.2637329101562,726.2637329101562,200,0.0,0.0
2012-11-19 00:00:00+09:00,726.2637329101562,726.2637329101562,726.2637329101562,726.2637329101562,200,0.0,0.0
2012-11-20 00:00:00+09:00,716.2232666015625,716.2232666015625,716.2232666015625,716.2232666015625,200,0.0,0.0
2012-11-21 00:00:00+09:00,716.2232666015625,716.2232666015625,716.2232666015625,716.2232666015625,200,0.0,0.0
2012-11-22 00:00:00+09:00,716.2232666015625,716.2232666015625,716.2232666015625,716.2232666015625,200,0.0,0.0
2012-11-26 00:00:00+09:00,716.2232666015625,716.2232666015625,716.2232666015625,716.2232666015625,200,0.0,0.0
2012-11-27 00:00:00+09:00,702.8358764648438,702.8358764648438,702.8358764648438,702.8358764648438,200,0.0,0.0
2012-11-28 00:00:00+09:00,702.8358764648438,702.8358764648438,702.8358764648438,702.8358764648438,200,0.0,0.0
2012-11-29 00:00:00+09:00,722.9168701171875,722.9168701171875,722.9168701171875,722.9168701171875,600,0.0,0.0
2012-11-30 00:00:00+09:00,722.9168701171875,722.9168701171875,722.9168701171875,722.9168701171875,600,0.0,0.0
2012-12-03 00:00:00+09:00,722.9168701171875,722.9168701171875,722.9168701171875,722.9168701171875,600,0.0,0.0
2012-12-04 00:00:00+09:00,702.8358764648438,702.8358764648438,702.8358764648438,702.8358764648438,200,0.0,0.0
2012-12-05 00:00:00+09:00,702.8358764648438,702.8358764648438,702.8358764648438,702.8358764648438,200,0.0,0.0
2012-12-06 00:00:00+09:00,679.4080200195312,679.4080200195312,679.4080200195312,679.4080200195312,400,0.0,0.0
2012-12-07 00:00:00+09:00,679.4080200195312,679.4080200195312,679.4080200195312,679.4080200195312,400,0.0,0.0
2012-12-10 00:00:00+09:00,679.4080200195312,679.4080200195312,679.4080200195312,679.4080200195312,400,0.0,0.0
2012-12-11 00:00:00+09:00,682.7548828125,682.7548828125,682.7548828125,682.7548828125,200,0.0,0.0
2012-12-12 00:00:00+09:00,682.7548828125,682.7548828125,682.7548828125,682.7548828125,200,0.0,0.0
2012-12-13 00:00:00+09:00,679.4080451516544,682.7548828125,679.4080451516544,682.7548828125,400,0.0,0.0
2012-12-14 00:00:00+09:00,676.0611572265625,676.0611572265625,676.0611572265625,676.0611572265625,200,0.0,0.0
2012-12-17 00:00:00+09:00,676.0611572265625,676.0611572265625,676.0611572265625,676.0611572265625,200,0.0,0.0
2012-12-18 00:00:00+09:00,682.7548828125,682.7548828125,682.7548828125,682.7548828125,400,0.0,0.0
2012-12-19 00:00:00+09:00,686.1016845703125,686.1016845703125,686.1016845703125,686.1016845703125,200,0.0,0.0
2012-12-20 00:00:00+09:00,686.1016845703125,686.1016845703125,686.1016845703125,686.1016845703125,200,0.0,0.0
2012-12-21 00:00:00+09:00,679.4080200195312,679.4080200195312,679.4080200195312,679.4080200195312,200,0.0,0.0
2012-12-25 00:00:00+09:00,679.4080200195312,679.4080200195312,679.4080200195312,679.4080200195312,200,0.0,0.0
2012-12-26 00:00:00+09:00,679.4080200195312,679.4080200195312,679.4080200195312,679.4080200195312,0,0.0,0.0
2012-12-27 00:00:00+09:00,679.4080200195312,679.4080200195312,679.4080200195312,679.4080200195312,200,0.0,0.0
2012-12-28 00:00:00+09:00,692.7952880859375,692.7952880859375,692.7952880859375,692.7952880859375,200,0.0,0.0
2013-01-04 00:00:00+09:00,692.7952880859375,692.7952880859375,692.7952880859375,692.7952880859375,200,0.0,0.0
2013-01-07 00:00:00+09:00,692.7952880859375,692.7952880859375,692.7952880859375,692.7952880859375,600,0.0,0.0
2013-01-08 00:00:00+09:00,716.2232666015625,716.2232666015625,716.2232666015625,716.2232666015625,400,0.0,0.0
2013-01-09 00:00:00+09:00,716.2232372577373,716.2232372577373,696.1422119140625,696.1422119140625,400,0.0,0.0
2013-01-10 00:00:00+09:00,702.8358870286207,719.5700748150165,696.1422119140625,696.1422119140625,1400,0.0,0.0
2013-01-11 00:00:00+09:00,732.9574227072976,736.3042602539062,732.9574227072976,736.3042602539062,800,0.0,0.0
2013-01-15 00:00:00+09:00,736.3042602539062,736.3042602539062,736.3042602539062,736.3042602539062,800,0.0,0.0
2013-01-16 00:00:00+09:00,706.1827325383457,729.610595703125,706.1827325383457,729.610595703125,1000,0.0,0.0
2013-01-17 00:00:00+09:00,706.1827139718192,726.2637390136719,702.8358764648438,702.8358764648438,2800,0.0,0.0
2013-01-18 00:00:00+09:00,702.8358764648438,702.8358764648438,702.8358764648438,702.8358764648438,2800,0.0,0.0
2013-01-21 00:00:00+09:00,712.8764038085938,712.8764038085938,712.8764038085938,712.8764038085938,400,0.0,0.0
2013-01-22 00:00:00+09:00,719.570068359375,719.570068359375,719.570068359375,719.570068359375,200,0.0,0.0
2013-01-23 00:00:00+09:00,722.916885166952,732.9573974609375,722.916885166952,732.9573974609375,1000,0.0,0.0
2013-01-24 00:00:00+09:00,732.9574032189711,732.9574032189711,709.529541015625,709.529541015625,600,0.0,0.0
2013-01-25 00:00:00+09:00,719.570068359375,719.570068359375,719.570068359375,719.570068359375,400,0.0,0.0
2013-01-28 00:00:00+09:00,706.1827035580042,712.8763784732458,706.1827035580042,709.529541015625,1800,0.0,0.0
2013-01-29 00:00:00+09:00,709.5295354416381,732.9573974609375,709.5295354416381,732.9573974609375,800,0.0,0.0
2013-01-30 00:00:00+09:00,726.2637329101562,729.6105703890049,726.2637329101562,726.2637329101562,600,0.0,0.0
2013-01-31 00:00:00+09:00,732.9573974609375,732.9573974609375,726.2637225982805,732.9573974609375,600,0.0,0.0
2013-02-01 00:00:00+09:00,732.9573974609375,732.9573974609375,732.9573974609375,732.9573974609375,600,0.0,0.0
2013-02-04 00:00:00+09:00,726.2637329101562,726.2637329101562,726.2637329101562,726.2637329101562,400,0.0,0.0
2013-02-05 00:00:00+09:00,732.9573974609375,732.9573974609375,732.9573974609375,732.9573974609375,400,0.0,0.0
2013-02-06 00:00:00+09:00,732.9573974609375,732.9573974609375,732.9573974609375,732.9573974609375,400,0.0,0.0
2013-02-07 00:00:00+09:00,739.6510620117188,739.6510620117188,739.6510620117188,739.6510620117188,200,0.0,0.0
2013-02-08 00:00:00+09:00,726.2637329101562,726.2637329101562,726.2637329101562,726.2637329101562,200,0.0,0.0
2013-02-12 00:00:00+09:00,722.9168701171875,722.9168701171875,722.9168701171875,722.9168701171875,400,0.0,0.0
2013-02-13 00:00:00+09:00,722.9168701171875,722.9168701171875,722.9168701171875,722.9168701171875,400,0.0,0.0
2013-02-14 00:00:00+09:00,722.9168908461085,722.9168908461085,709.529541015625,709.529541015625,600,0.0,0.0
2013-02-15 00:00:00+09:00,732.9573974609375,732.9573974609375,732.9573974609375,732.9573974609375,200,0.0,0.0
2013-02-18 00:00:00+09:00,706.1826782226562,706.1826782226562,706.1826782226562,706.1826782226562,400,0.0,0.0
2013-02-19 00:00:00+09:00,709.529541015625,709.529541015625,709.529541015625,709.529541015625,200,0.0,0.0
2013-02-20 00:00:00+09:00,709.529541015625,709.529541015625,709.529541015625,709.529541015625,200,0.0,0.0
2013-02-21 00:00:00+09:00,709.529541015625,709.529541015625,709.529541015625,709.529541015625,200,0.0,0.0
2013-02-22 00:00:00+09:00,709.529541015625,709.529541015625,709.529541015625,709.529541015625,200,0.0,0.0
2013-02-25 00:00:00+09:00,716.2232666015625,716.2232666015625,716.2232666015625,716.2232666015625,200,0.0,0.0
2013-02-26 00:00:00+09:00,716.2232666015625,716.2232666015625,716.2232666015625,716.2232666015625,200,0.0,0.0
2013-02-27 00:00:00+09:00,732.9573974609375,732.9573974609375,732.9573974609375,732.9573974609375,1000,0.0,0.0
2013-02-28 00:00:00+09:00,732.9573974609375,732.9573974609375,732.9573974609375,732.9573974609375,1000,0.0,0.0
2013-03-01 00:00:00+09:00,722.9168701171875,722.9168701171875,722.9168701171875,722.9168701171875,400,0.0,0.0
2013-03-04 00:00:00+09:00,722.9168701171875,722.9168701171875,722.9168701171875,722.9168701171875,400,0.0,0.0
2013-03-05 00:00:00+09:00,722.9168701171875,722.9168701171875,722.9168701171875,722.9168701171875,400,0.0,0.0
2013-03-06 00:00:00+09:00,736.3042747600196,746.3447875976561,732.957437147474,746.3447875976562,1800,0.0,0.0
2013-03-07 00:00:00+09:00,759.7321272786457,759.7321272786457,753.0384521484375,753.0384521484375,400,0.0,0.0
2013-03-08 00:00:00+09:00,759.7320761822639,786.5067749023438,759.7320761822639,786.5067749023438,600,0.0,0.0
2013-03-11 00:00:00+09:00,786.5067848672672,819.9751586914062,786.5067848672672,819.9751586914062,400,0.0,0.0
2013-03-12 00:00:00+09:00,783.1600341796875,783.1600341796875,783.1600341796875,783.1600341796875,400,0.0,0.0
2013-03-13 00:00:00+09:00,783.1600341796875,783.1600341796875,783.1600341796875,783.1600341796875,400,0.0,0.0
2013-03-14 00:00:00+09:00,783.1600341796875,783.1600341796875,783.1600341796875,783.1600341796875,400,0.0,0.0
2013-03-15 00:00:00+09:00,783.1600616455078,803.2410888671875,783.1600616455078,803.2410888671875,600,0.0,0.0
2013-03-18 00:00:00+09:00,786.5067749023438,786.5067749023438,786.5067749023438,786.5067749023438,600,0.0,0.0
2013-03-19 00:00:00+09:00,799.8941040039062,799.8941040039062,799.8941040039062,799.8941040039062,200,0.0,0.0
2013-03-21 00:00:00+09:00,796.5472667486598,799.8941040039062,796.5472667486598,799.8941040039062,400,0.0,0.0
2013-03-22 00:00:00+09:00,786.5067749023438,786.5067749023438,786.5067749023438,786.5067749023438,200,0.0,0.0
2013-03-25 00:00:00+09:00,806.587890625,806.587890625,806.587890625,806.587890625,200,0.0,0.0
2013-03-26 00:00:00+09:00,799.8941040039062,799.8941040039062,799.8941040039062,799.8941040039062,400,0.0,0.0
2013-03-27 00:00:00+09:00,796.5473125910355,796.5473125910355,789.8536376953125,789.8536376953125,1000,0.0,0.0
2013-03-28 00:00:00+09:00,803.2410888671875,803.2410888671875,789.8537373860677,803.2410888671875,1400,0.0,0.0
2013-03-29 00:00:00+09:00,803.2410606971154,803.2410606971154,783.1600341796875,783.1600341796875,1000,0.0,0.0
2013-04-01 00:00:00+09:00,786.506871932592,786.506871932592,783.1600341796875,783.1600341796875,600,0.0,0.0
2013-04-02 00:00:00+09:00,779.813167638946,779.813167638946,763.0789794921875,763.0789794921875,800,0.0,0.0
2013-04-03 00:00:00+09:00,763.0789794921875,763.0789794921875,763.0789794921875,763.0789794921875,800,0.0,0.0
2013-04-04 00:00:00+09:00,766.42578125,766.42578125,766.42578125,766.42578125,400,0.0,0.0
2013-04-05 00:00:00+09:00,769.7725730106748,776.4662475585938,769.7725730106748,776.4662475585938,600,0.0,0.0
2013-04-08 00:00:00+09:00,779.8131822197985,779.8131822197985,773.1195068359375,773.1195068359375,1000,0.0,0.0
2013-04-09 00:00:00+09:00,779.8131103515626,779.8131103515626,779.8131103515626,779.8131103515625,800,0.0,0.0
2013-04-10 00:00:00+09:00,796.547344705333,796.547344705333,769.7726440429689,769.7726440429688,1600,0.0,0.0
2013-04-11 00:00:00+09:00,753.0384772646743,756.3853149414062,753.0384772646743,756.3853149414062,1200,0.0,0.0
2013-04-12 00:00:00+09:00,756.3853149414062,756.3853149414062,756.3853149414062,756.3853149414062,1200,0.0,0.0
2013-04-15 00:00:00+09:00,783.1600199117289,783.1600199117289,773.1195068359375,773.1195068359375,400,0.0,0.0
2013-04-16 00:00:00+09:00,773.1195209209735,783.1600341796875,773.1195209209735,783.1600341796875,1000,0.0,0.0
2013-04-17 00:00:00+09:00,789.8536695397419,793.2005071225374,769.7726440429689,769.7726440429688,2400,0.0,0.0
2013-04-18 00:00:00+09:00,769.7726440429689,769.7726440429689,769.7726440429689,769.7726440429688,2400,0.0,0.0
2013-04-19 00:00:00+09:00,769.7726440429689,769.7726440429689,769.7726440429689,769.7726440429688,2400,0.0,0.0
2013-04-22 00:00:00+09:00,773.1194102846343,776.4662475585938,773.1194102846343,776.4662475585938,600,0.0,0.0
2013-04-23 00:00:00+09:00,830.0156870696504,830.0156870696504,776.4662879038666,789.8536376953125,4200,0.0,0.0
2013-04-24 00:00:00+09:00,786.5068995157877,803.2410888671875,786.5068995157877,803.2410888671875,400,0.0,0.0
2013-04-25 00:00:00+09:00,803.2410777698864,809.9347534179688,803.2410777698864,809.9347534179688,600,0.0,0.0
2013-04-26 00:00:00+09:00,809.9345673710467,843.4029379235693,809.9345673710467,833.3624267578125,3000,0.0,0.0
2013-04-30 00:00:00+09:00,833.3624267578125,836.7092638130648,833.3624267578125,833.3624267578125,800,0.0,0.0
2013-05-01 00:00:00+09:00,836.7093505859376,836.7093505859376,836.7093505859376,836.7093505859375,600,0.0,0.0
2013-05-02 00:00:00+09:00,853.4436035156249,863.4841164981617,853.4436035156249,853.443603515625,1400,0.0,0.0
2013-05-07 00:00:00+09:00,903.64599609375,903.64599609375,900.2991590711805,903.64599609375,1600,0.0,0.0
2013-05-08 00:00:00+09:00,846.7499137757316,870.1777770027281,843.403076171875,843.403076171875,4600,0.0,0.0
2013-05-09 00:00:00+09:00,863.484228230636,863.484228230636,850.0968758549673,860.1373901367188,1400,0.0,0.0
2013-05-10 00:00:00+09:00,860.1373901367188,860.1373901367188,860.1373901367188,860.1373901367188,1400,0.0,0.0
2013-05-13 00:00:00+09:00,860.1373901367188,860.1373901367188,860.1373901367188,860.1373901367188,1400,0.0,0.0
2013-05-14 00:00:00+09:00,860.1373901367188,860.1373901367188,860.1373901367188,860.1373901367188,1400,0.0,0.0
2013-05-15 00:00:00+09:00,843.403076171875,846.7499137757316,843.403076171875,843.403076171875,1200,0.0,0.0
2013-05-16 00:00:00+09:00,846.749755859375,850.0965928390564,833.3624079406497,846.749755859375,3800,0.0,0.0
2013-05-17 00:00:00+09:00,846.749755859375,846.749755859375,846.749755859375,846.749755859375,3800,0.0,0.0
2013-05-20 00:00:00+09:00,850.0967447288248,866.8309326171875,850.0967447288248,866.8309326171875,2200,0.0,0.0
2013-05-21 00:00:00+09:00,866.8309577355018,880.2183084341195,866.8309577355018,870.1777954101562,2800,0.0,0.0
2013-05-22 00:00:00+09:00,863.4840803146361,863.4840803146361,856.7904052734375,856.7904052734375,400,0.0,0.0
2013-05-23 00:00:00+09:00,856.790266798419,856.790266798419,846.749755859375,846.749755859375,600,0.0,0.0
2013-05-24 00:00:00+09:00,843.4030253906251,843.4030253906251,836.7093505859376,836.7093505859375,3400,0.0,0.0
2013-05-27 00:00:00+09:00,846.7497749788216,850.0966120340738,833.3624267578125,833.3624267578125,800,0.0,0.0
2013-05-28 00:00:00+09:00,830.0157257564483,843.403076171875,830.0157257564483,843.403076171875,600,0.0,0.0
2013-05-29 00:00:00+09:00,846.749755859375,846.749755859375,846.749755859375,846.749755859375,200,0.0,0.0
2013-05-30 00:00:00+09:00,833.3624267578125,833.3624267578125,833.3624267578125,833.3624267578125,200,0.0,0.0
2013-05-31 00:00:00+09:00,850.0967658547794,853.4436035156249,850.0967658547794,853.443603515625,400,0.0,0.0
2013-06-03 00:00:00+09:00,836.7093505859376,836.7093505859376,836.7093505859376,836.7093505859375,200,0.0,0.0
2013-06-04 00:00:00+09:00,836.7093505859376,836.7093505859376,836.7093505859376,836.7093505859375,200,0.0,0.0
2013-06-05 00:00:00+09:00,836.7093505859376,836.7093505859376,836.7093505859376,836.7093505859375,600,0.0,0.0
2013-06-06 00:00:00+09:00,836.7093505859376,836.7093505859376,836.7093505859376,836.7093505859375,200,0.0,0.0
2013-06-07 00:00:00+09:00,833.3625082210618,833.3625082210618,819.9751586914062,819.9751586914062,1000,0.0,0.0
2013-06-10 00:00:00+09:00,846.749755859375,846.749755859375,846.749755859375,846.749755859375,200,0.0,0.0
2013-06-11 00:00:00+09:00,846.749755859375,846.749755859375,846.749755859375,846.749755859375,200,0.0,0.0
2013-06-12 00:00:00+09:00,823.3220825195312,823.3220825195312,823.3220825195312,823.3220825195312,200,0.0,0.0
2013-06-13 00:00:00+09:00,823.3220825195312,823.3220825195312,823.3220825195312,823.3220825195312,200,0.0,0.0
2013-06-14 00:00:00+09:00,823.3220825195312,823.3220825195312,823.3220825195312,823.3220825195312,200,0.0,0.0
2013-06-17 00:00:00+09:00,823.3220825195312,823.3220825195312,823.3220825195312,823.3220825195312,200,0.0,0.0
2013-06-18 00:00:00+09:00,823.3220825195312,823.3220825195312,823.3220825195312,823.3220825195312,200,0.0,0.0
2013-06-19 00:00:00+09:00,783.1600341796875,783.1600341796875,783.1600341796875,783.1600341796875,800,0.0,0.0
2013-06-20 00:00:00+09:00,796.5472869223736,796.5472869223736,786.5067749023438,786.5067749023438,2200,0.0,0.0
2013-06-21 00:00:00+09:00,786.5067749023438,786.5067749023438,783.1599375623338,786.5067749023438,1600,0.0,0.0
2013-06-24 00:00:00+09:00,796.5473022460938,796.5473022460938,796.5473022460938,796.5473022460938,200,0.0,0.0
2013-06-25 00:00:00+09:00,769.7726440429689,776.4663192085599,769.7726440429689,769.7726440429688,1400,0.0,0.0
2013-06-26 00:00:00+09:00,697.34326171875,697.34326171875,697.34326171875,697.34326171875,200,7.5,0.0
2013-06-27 00:00:00+09:00,710.8184204101562,710.8184204101562,710.8184204101562,710.8184204101562,200,0.0,0.0
2013-06-28 00:00:00+09:00,710.8184204101562,710.8184204101562,710.8184204101562,710.8184204101562,200,0.0,0.0
2013-07-01 00:00:00+09:00,710.8184204101562,710.8184204101562,710.8184204101562,710.8184204101562,200,0.0,0.0
2013-07-02 00:00:00+09:00,747.8753662109375,747.8753662109375,747.8753662109375,747.8753662109375,200,0.0,0.0
2013-07-03 00:00:00+09:00,727.6625090843023,727.6625090843023,724.293701171875,724.293701171875,800,0.0,0.0
2013-07-04 00:00:00+09:00,724.293701171875,724.293701171875,724.293701171875,724.293701171875,800,0.0,0.0
2013-07-05 00:00:00+09:00,737.7689819335938,737.7689819335938,737.7689819335938,737.7689819335938,200,0.0,0.0
2013-07-08 00:00:00+09:00,741.1377563476562,741.1377563476562,741.1377563476562,741.1377563476562,200,0.0,0.0
2013-07-09 00:00:00+09:00,741.1377563476562,741.1377563476562,741.1377563476562,741.1377563476562,200,0.0,0.0
2013-07-10 00:00:00+09:00,741.1377563476562,741.1377563476562,741.1377563476562,741.1377563476562,200,0.0,0.0
2013-07-11 00:00:00+09:00,741.1377563476562,741.1377563476562,741.1377563476562,741.1377563476562,200,0.0,0.0
2013-07-12 00:00:00+09:00,741.1377563476562,741.1377563476562,741.1377563476562,741.1377563476562,0,0.0,0.0
2013-07-16 00:00:00+09:00,741.1377563476562,741.1377563476562,741.1377563476562,741.1377563476562,0,0.0,0.0
2013-07-17 00:00:00+09:00,741.1377563476562,741.1377563476562,741.1377563476562,741.1377563476562,0,0.0,0.0
2013-07-18 00:00:00+09:00,741.1377563476562,741.1377563476562,741.1377563476562,741.1377563476562,0,0.0,0.0
2013-07-19 00:00:00+09:00,741.1377563476562,741.1377563476562,741.1377563476562,741.1377563476562,200,0.0,0.0
2013-07-22 00:00:00+09:00,741.1377563476562,741.1377563476562,741.1377563476562,741.1377563476562,0,0.0,0.0
2013-07-23 00:00:00+09:00,741.1377563476562,741.1377563476562,741.1377563476562,741.1377563476562,0,0.0,0.0
2013-07-24 00:00:00+09:00,741.1377563476562,741.1377563476562,741.1377563476562,741.1377563476562,0,0.0,0.0
2013-07-25 00:00:00+09:00,744.5065307617188,744.5065307617188,744.5065307617188,744.5065307617188,200,0.0,0.0
2013-07-26 00:00:00+09:00,744.5065307617188,744.5065307617188,744.5065307617188,744.5065307617188,200,0.0,0.0
2013-07-29 00:00:00+09:00,744.506576820656,744.506576820656,727.6625366210938,727.6625366210938,600,0.0,0.0
2013-07-30 00:00:00+09:00,727.6625366210938,727.6625366210938,727.6625366210938,727.6625366210938,0,0.0,0.0
2013-07-31 00:00:00+09:00,727.6625558035714,727.6625558035714,707.44970703125,707.44970703125,400,0.0,0.0
2013-08-01 00:00:00+09:00,707.44970703125,707.44970703125,707.44970703125,707.44970703125,0,0.0,0.0
2013-08-02 00:00:00+09:00,707.44970703125,707.44970703125,707.44970703125,707.44970703125,200,0.0,0.0
2013-08-05 00:00:00+09:00,707.44970703125,707.44970703125,707.44970703125,707.44970703125,0,0.0,0.0
2013-08-06 00:00:00+09:00,724.293701171875,724.293701171875,724.293701171875,724.293701171875,200,0.0,0.0
2013-08-07 00:00:00+09:00,724.293701171875,724.293701171875,724.293701171875,724.293701171875,0,0.0,0.0
2013-08-08 00:00:00+09:00,724.293701171875,724.293701171875,724.293701171875,724.293701171875,0,0.0,0.0
2013-08-09 00:00:00+09:00,737.7689819335938,737.7689819335938,737.7689819335938,737.7689819335938,200,0.0,0.0
2013-08-12 00:00:00+09:00,734.400172061012,734.400172061012,707.44970703125,707.44970703125,600,0.0,0.0
2013-08-13 00:00:00+09:00,710.8184204101562,710.8184204101562,710.8184204101562,710.8184204101562,200,0.0,0.0
2013-08-14 00:00:00+09:00,710.8184204101562,710.8184204101562,710.8184204101562,710.8184204101562,0,0.0,0.0
2013-08-15 00:00:00+09:00,710.8184204101562,710.8184204101562,710.8184204101562,710.8184204101562,0,0.0,0.0
2013-08-16 00:00:00+09:00,710.8184204101562,710.8184204101562,710.8184204101562,710.8184204101562,0,0.0,0.0
2013-08-19 00:00:00+09:00,710.8184204101562,710.8184204101562,710.8184204101562,710.8184204101562,0,0.0,0.0
2013-08-20 00:00:00+09:00,710.8184204101562,710.8184204101562,710.8184204101562,710.8184204101562,0,0.0,0.0
2013-08-21 00:00:00+09:00,710.8184204101562,710.8184204101562,710.8184204101562,710.8184204101562,0,0.0,0.0
2013-08-22 00:00:00+09:00,710.8184204101562,710.8184204101562,710.8184204101562,710.8184204101562,0,0.0,0.0
2013-08-23 00:00:00+09:00,720.9249267578125,720.9249267578125,720.9249267578125,720.9249267578125,800,0.0,0.0
2013-08-26 00:00:00+09:00,720.9249267578125,720.9249267578125,720.9249267578125,720.9249267578125,200,0.0,0.0
2013-08-27 00:00:00+09:00,720.9249267578125,720.9249267578125,720.9249267578125,720.9249267578125,0,0.0,0.0
2013-08-28 00:00:00+09:00,720.9249267578125,720.9249267578125,720.9249267578125,720.9249267578125,0,0.0,0.0
2013-08-29 00:00:00+09:00,717.55615234375,717.55615234375,717.55615234375,717.55615234375,400,0.0,0.0
2013-08-30 00:00:00+09:00,717.55615234375,717.55615234375,717.55615234375,717.55615234375,0,0.0,0.0
2013-09-02 00:00:00+09:00,717.55615234375,717.55615234375,717.55615234375,717.55615234375,0,0.0,0.0
2013-09-03 00:00:00+09:00,717.55615234375,717.55615234375,717.55615234375,717.55615234375,0,0.0,0.0
2013-09-04 00:00:00+09:00,737.7689819335938,737.7689819335938,737.7689819335938,737.7689819335938,200,0.0,0.0
2013-09-05 00:00:00+09:00,737.7689483642578,741.1377563476562,737.7689483642578,741.1377563476562,400,0.0,0.0
2013-09-06 00:00:00+09:00,741.1377563476562,741.1377563476562,741.1377563476562,741.1377563476562,0,0.0,0.0
2013-09-09 00:00:00+09:00,741.1377563476562,741.1377563476562,741.1377563476562,741.1377563476562,0,0.0,0.0
2013-09-10 00:00:00+09:00,741.1378043038504,754.613037109375,741.1378043038504,754.613037109375,600,0.0,0.0
2013-09-11 00:00:00+09:00,741.1377563476562,741.1377563476562,741.1377563476562,741.1377563476562,400,0.0,0.0
2013-09-12 00:00:00+09:00,741.1377563476562,741.1377563476562,741.1377563476562,741.1377563476562,0,0.0,0.0
2013-09-13 00:00:00+09:00,741.1377563476562,741.1377563476562,741.1377563476562,741.1377563476562,0,0.0,0.0
2013-09-17 00:00:00+09:00,741.1377563476562,741.1377563476562,741.1377563476562,741.1377563476562,0,0.0,0.0
2013-09-18 00:00:00+09:00,717.55615234375,717.55615234375,717.55615234375,717.55615234375,200,0.0,0.0
2013-09-19 00:00:00+09:00,717.55615234375,717.55615234375,717.55615234375,717.55615234375,0,0.0,0.0
2013-09-20 00:00:00+09:00,741.1377563476562,741.1377563476562,741.1377563476562,741.1377563476562,200,0.0,0.0
2013-09-24 00:00:00+09:00,741.1377563476562,741.1377563476562,741.1377563476562,741.1377563476562,0,0.0,0.0
2013-09-25 00:00:00+09:00,727.6625366210938,727.6625366210938,727.6625366210938,727.6625366210938,400,0.0,0.0
2013-09-26 00:00:00+09:00,727.6625366210938,727.6625366210938,727.6625366210938,727.6625366210938,400,0.0,0.0
2013-09-27 00:00:00+09:00,727.6625366210938,727.6625366210938,727.6625366210938,727.6625366210938,200,0.0,0.0
2013-09-30 00:00:00+09:00,724.2937348267742,724.2937348267742,720.9249267578125,720.9249267578125,600,0.0,0.0
2013-10-01 00:00:00+09:00,720.9249267578125,720.9249267578125,720.9249267578125,720.9249267578125,0,0.0,0.0
2013-10-02 00:00:00+09:00,720.9249267578125,720.9249267578125,720.9249267578125,720.9249267578125,0,0.0,0.0
2013-10-03 00:00:00+09:00,724.293701171875,724.293701171875,724.293701171875,724.293701171875,200,0.0,0.0
2013-10-04 00:00:00+09:00,724.293701171875,724.293701171875,724.293701171875,724.293701171875,0,0.0,0.0
2013-10-07 00:00:00+09:00,724.293701171875,724.293701171875,724.293701171875,724.293701171875,200,0.0,0.0
2013-10-08 00:00:00+09:00,724.293701171875,724.293701171875,724.293701171875,724.293701171875,0,0.0,0.0
2013-10-09 00:00:00+09:00,724.293701171875,724.293701171875,724.293701171875,724.293701171875,0,0.0,0.0
2013-10-10 00:00:00+09:00,741.1377563476562,741.1377563476562,741.1377563476562,741.1377563476562,800,0.0,0.0
2013-10-11 00:00:00+09:00,741.1377563476562,741.1377563476562,741.1377563476562,741.1377563476562,0,0.0,0.0
2013-10-15 00:00:00+09:00,741.1377563476562,741.1377563476562,741.1377563476562,741.1377563476562,0,0.0,0.0
2013-10-16 00:00:00+09:00,741.1377563476562,741.1377563476562,741.1377563476562,741.1377563476562,2000,0.0,0.0
2013-10-17 00:00:00+09:00,741.1377563476562,741.1377563476562,741.1377563476562,741.1377563476562,0,0.0,0.0
2013-10-18 00:00:00+09:00,724.293701171875,724.293701171875,724.293701171875,724.293701171875,200,0.0,0.0
2013-10-21 00:00:00+09:00,724.293701171875,724.293701171875,724.293701171875,724.293701171875,0,0.0,0.0
2013-10-22 00:00:00+09:00,727.6625366210938,727.6625366210938,727.6625366210938,727.6625366210938,600,0.0,0.0
2013-10-23 00:00:00+09:00,720.9249605707159,720.9249605707159,717.55615234375,717.55615234375,400,0.0,0.0
2013-10-24 00:00:00+09:00,717.55615234375,717.55615234375,717.55615234375,717.55615234375,0,0.0,0.0
2013-10-25 00:00:00+09:00,717.5561249930903,717.5561249930903,714.1873168945312,714.1873168945312,400,0.0,0.0
2013-10-28 00:00:00+09:00,720.9249267578125,720.9249267578125,720.9249267578125,720.9249267578125,200,0.0,0.0
2013-10-29 00:00:00+09:00,720.9249267578125,720.9249267578125,720.9249267578125,720.9249267578125,0,0.0,0.0
2013-10-30 00:00:00+09:00,710.8184204101562,710.8184204101562,710.8184204101562,710.8184204101562,200,0.0,0.0
2013-10-31 00:00:00+09:00,710.8184204101562,710.8184204101562,710.8184204101562,710.8184204101562,0,0.0,0.0
2013-11-01 00:00:00+09:00,717.55615234375,717.55615234375,717.55615234375,717.55615234375,200,0.0,0.0
2013-11-05 00:00:00+09:00,724.293701171875,724.293701171875,724.293701171875,724.293701171875,200,0.0,0.0
2013-11-06 00:00:00+09:00,720.9249267578125,720.9249267578125,720.9249267578125,720.9249267578125,200,0.0,0.0
2013-11-07 00:00:00+09:00,717.55615234375,717.55615234375,717.55615234375,717.55615234375,400,0.0,0.0
2013-11-08 00:00:00+09:00,714.1873168945312,714.1873168945312,707.449700697413,714.1873168945312,2600,0.0,0.0
2013-11-11 00:00:00+09:00,714.1873168945312,714.1873168945312,714.1873168945312,714.1873168945312,200,0.0,0.0
2013-11-12 00:00:00+09:00,714.1873168945312,714.1873168945312,714.1873168945312,714.1873168945312,0,0.0,0.0
2013-11-13 00:00:00+09:00,714.1873168945312,714.1873168945312,714.1873168945312,714.1873168945312,0,0.0,0.0
2013-11-14 00:00:00+09:00,714.1873168945312,714.1873168945312,714.1873168945312,714.1873168945312,0,0.0,0.0
2013-11-15 00:00:00+09:00,714.1873168945312,714.1873168945312,714.1873168945312,714.1873168945312,0,0.0,0.0
2013-11-18 00:00:00+09:00,714.1873168945312,714.1873168945312,714.1873168945312,714.1873168945312,0,0.0,0.0
2013-11-19 00:00:00+09:00,717.55615234375,717.55615234375,717.55615234375,717.55615234375,200,0.0,0.0
2013-11-20 00:00:00+09:00,724.2937493868615,737.7689819335938,724.2937493868615,737.7689819335938,400,0.0,0.0
2013-11-21 00:00:00+09:00,737.7689819335938,737.7689819335938,737.7689819335938,737.7689819335938,0,0.0,0.0
2013-11-22 00:00:00+09:00,724.293701171875,724.293701171875,724.293701171875,724.293701171875,800,0.0,0.0
2013-11-25 00:00:00+09:00,724.293768797682,724.293768797682,717.55615234375,717.55615234375,2800,0.0,0.0
2013-11-26 00:00:00+09:00,717.55615234375,717.55615234375,717.55615234375,717.55615234375,400,0.0,0.0
2013-11-27 00:00:00+09:00,710.8185358898181,717.55615234375,710.8185358898181,717.55615234375,1800,0.0,0.0
2013-11-28 00:00:00+09:00,717.55615234375,717.55615234375,717.55615234375,717.55615234375,0,0.0,0.0
2013-11-29 00:00:00+09:00,717.55615234375,717.55615234375,717.55615234375,717.55615234375,0,0.0,0.0
2013-12-02 00:00:00+09:00,717.55615234375,717.55615234375,717.55615234375,717.55615234375,200,0.0,0.0
2013-12-03 00:00:00+09:00,714.1873168945312,714.1873168945312,714.1873168945312,714.1873168945312,200,0.0,0.0
2013-12-04 00:00:00+09:00,704.0809194358861,717.55615234375,704.0809194358861,717.55615234375,600,0.0,0.0
2013-12-05 00:00:00+09:00,717.55615234375,717.55615234375,717.55615234375,717.55615234375,400,0.0,0.0
2013-12-06 00:00:00+09:00,717.55615234375,717.55615234375,717.55615234375,717.55615234375,0,0.0,0.0
2013-12-09 00:00:00+09:00,717.55615234375,717.55615234375,717.55615234375,717.55615234375,0,0.0,0.0
2013-12-10 00:00:00+09:00,717.55615234375,717.55615234375,717.55615234375,717.55615234375,1400,0.0,0.0
2013-12-11 00:00:00+09:00,717.55615234375,717.55615234375,717.55615234375,717.55615234375,0,0.0,0.0
2013-12-12 00:00:00+09:00,714.1873168945312,714.1873168945312,714.1873168945312,714.1873168945312,200,0.0,0.0
2013-12-13 00:00:00+09:00,714.1873168945312,714.1873168945312,714.1873168945312,714.1873168945312,0,0.0,0.0
2013-12-16 00:00:00+09:00,717.5560357694942,717.5560357694942,710.8184204101562,710.8184204101562,2200,0.0,0.0
2013-12-17 00:00:00+09:00,707.44970703125,707.44970703125,707.44970703125,707.44970703125,200,0.0,0.0
2013-12-18 00:00:00+09:00,707.44970703125,707.44970703125,707.44970703125,707.44970703125,0,0.0,0.0
2013-12-19 00:00:00+09:00,707.44970703125,707.44970703125,707.44970703125,707.44970703125,0,0.0,0.0
2013-12-20 00:00:00+09:00,724.2937285811812,727.6625366210938,724.2937285811812,727.6625366210938,600,0.0,0.0
2013-12-24 00:00:00+09:00,754.6130009403935,754.6130009403935,727.6625366210938,727.6625366210938,1000,0.0,0.0
2013-12-25 00:00:00+09:00,714.1873168945312,714.1873168945312,714.1873168945312,714.1873168945312,800,0.0,0.0
2013-12-26 00:00:00+09:00,714.1873168945312,714.1873168945312,714.1873168945312,714.1873168945312,0,0.0,0.0
2013-12-27 00:00:00+09:00,741.137781683004,741.137781683004,714.1873168945312,714.1873168945312,400,0.0,0.0
2013-12-30 00:00:00+09:00,714.1873168945312,714.1873168945312,714.1873168945312,714.1873168945312,200,0.0,0.0
2014-01-06 00:00:00+09:00,737.7689671026212,737.7689671026212,720.9249267578125,720.9249267578125,400,0.0,0.0
2014-01-07 00:00:00+09:00,714.1873168945312,714.1873168945312,714.1873168945312,714.1873168945312,400,0.0,0.0
2014-01-08 00:00:00+09:00,717.55615234375,717.55615234375,717.55615234375,717.55615234375,600,0.0,0.0
2014-01-09 00:00:00+09:00,717.55615234375,717.55615234375,717.55615234375,717.55615234375,400,0.0,0.0
2014-01-10 00:00:00+09:00,734.4002075195312,734.4002075195312,734.4002075195312,734.4002075195312,200,0.0,0.0
2014-01-14 00:00:00+09:00,741.1377502991272,747.8753662109375,741.1377502991272,747.8753662109375,600,0.0,0.0
2014-01-15 00:00:00+09:00,757.9818400930851,791.669921875,757.9818400930851,791.669921875,1200,0.0,0.0
2014-01-16 00:00:00+09:00,791.669921875,791.669921875,791.669921875,791.669921875,400,0.0,0.0
2014-01-17 00:00:00+09:00,798.4075190753857,811.8827514648438,798.4075190753857,811.8827514648438,800,0.0,0.0
2014-01-20 00:00:00+09:00,764.7193898847027,764.7193898847027,731.0313110351562,731.0313110351562,13600,0.0,0.0
2014-01-21 00:00:00+09:00,757.9818453107561,966.8479537963867,754.613037109375,754.613037109375,51400,0.0,0.0
2014-01-22 00:00:00+09:00,784.9322695290989,784.9322695290989,761.3506133629886,764.7194213867188,4600,0.0,0.0
2014-01-23 00:00:00+09:00,798.4074666876542,798.4074666876542,768.0881958007812,768.0881958007812,2000,0.0,0.0
2014-01-24 00:00:00+09:00,768.0882017422566,768.0882017422566,761.3505859375,761.3505859375,1000,0.0,0.0
2014-01-27 00:00:00+09:00,744.5065582550324,747.8753662109375,744.5065582550324,747.8753662109375,1200,0.0,0.0
2014-01-28 00:00:00+09:00,741.1377774225757,801.7763228480592,741.1377774225757,751.2442016601562,2000,0.0,0.0
2014-01-29 00:00:00+09:00,751.2442016601562,751.2442016601562,751.2442016601562,751.2442016601562,0,0.0,0.0
2014-01-30 00:00:00+09:00,757.9818115234375,757.9818115234375,757.9818115234375,757.9818115234375,200,0.0,0.0
2014-01-31 00:00:00+09:00,747.8753543279867,761.3505859375,741.13773852323,761.3505859375,800,0.0,0.0
2014-02-03 00:00:00+09:00,744.5065307617188,744.5065307617188,741.1377229302178,744.5065307617188,1200,0.0,0.0
2014-02-04 00:00:00+09:00,710.8185216463529,727.6625624436599,700.7120971679688,700.7120971679688,5000,0.0,0.0
2014-02-05 00:00:00+09:00,720.9249267578125,724.2937348267742,707.4496944819655,720.9249267578125,1200,0.0,0.0
2014-02-06 00:00:00+09:00,720.9249267578125,720.9249267578125,720.9249267578125,720.9249267578125,0,0.0,0.0
2014-02-07 00:00:00+09:00,737.7689819335938,737.7689819335938,737.7689819335938,737.7689819335938,200,0.0,0.0
2014-02-10 00:00:00+09:00,761.3505800481428,768.0881958007812,757.9817721718235,768.0881958007812,1400,0.0,0.0
2014-02-12 00:00:00+09:00,768.0881958007812,768.0881958007812,768.0881958007812,768.0881958007812,0,0.0,0.0
2014-02-13 00:00:00+09:00,768.0881958007812,768.0881958007812,768.0881958007812,768.0881958007812,0,0.0,0.0
2014-02-14 00:00:00+09:00,744.5065643310547,744.5065643310547,741.1377563476562,741.1377563476562,1400,0.0,0.0
2014-02-17 00:00:00+09:00,741.1377563476562,741.1377563476562,741.1377563476562,741.1377563476562,200,0.0,0.0
2014-02-18 00:00:00+09:00,741.1377563476562,741.1377563476562,741.1377563476562,741.1377563476562,0,0.0,0.0
2014-02-19 00:00:00+09:00,741.1377563476562,741.1377563476562,741.1377563476562,741.1377563476562,0,0.0,0.0
2014-02-20 00:00:00+09:00,741.1377563476562,741.1377563476562,741.1377563476562,741.1377563476562,0,0.0,0.0
2014-02-21 00:00:00+09:00,751.2441802978516,751.2441802978516,741.1377563476562,741.1377563476562,800,0.0,0.0
2014-02-24 00:00:00+09:00,741.1377563476562,741.1377563476562,741.1377563476562,741.1377563476562,0,0.0,0.0
2014-02-25 00:00:00+09:00,768.0881958007812,768.0881958007812,768.0881958007812,768.0881958007812,200,0.0,0.0
2014-02-26 00:00:00+09:00,768.0881958007812,768.0881958007812,768.0881958007812,768.0881958007812,0,0.0,0.0
2014-02-27 00:00:00+09:00,768.0881958007812,768.0881958007812,768.0881958007812,768.0881958007812,0,0.0,0.0
2014-02-28 00:00:00+09:00,768.0881958007812,768.0881958007812,768.0881958007812,768.0881958007812,0,0.0,0.0
2014-03-03 00:00:00+09:00,768.0881958007812,768.0881958007812,768.0881958007812,768.0881958007812,0,0.0,0.0
2014-03-04 00:00:00+09:00,768.0881958007812,768.0881958007812,768.0881958007812,768.0881958007812,0,0.0,0.0
2014-03-05 00:00:00+09:00,768.0881958007812,768.0881958007812,768.0881958007812,768.0881958007812,0,0.0,0.0
2014-03-06 00:00:00+09:00,768.0881958007812,768.0881958007812,768.0881958007812,768.0881958007812,0,0.0,0.0
2014-03-07 00:00:00+09:00,768.0881958007812,768.0881958007812,768.0881958007812,768.0881958007812,0,0.0,0.0
2014-03-10 00:00:00+09:00,768.0881958007812,768.0881958007812,768.0881958007812,768.0881958007812,200,0.0,0.0
2014-03-11 00:00:00+09:00,757.9818115234375,757.9818115234375,757.9818115234375,757.9818115234375,200,0.0,0.0
2014-03-12 00:00:00+09:00,757.9818115234375,757.9818115234375,757.9818115234375,757.9818115234375,0,0.0,0.0
2014-03-13 00:00:00+09:00,757.9818115234375,757.9818115234375,757.9818115234375,757.9818115234375,0,0.0,0.0
2014-03-14 00:00:00+09:00,744.5065643310547,744.5065643310547,737.7689483642578,741.1377563476562,800,0.0,0.0
2014-03-17 00:00:00+09:00,741.1377563476562,741.1377563476562,741.1377563476562,741.1377563476562,0,0.0,0.0
2014-03-18 00:00:00+09:00,741.1377563476562,741.1377563476562,741.1377563476562,741.1377563476562,0,0.0,0.0
2014-03-19 00:00:00+09:00,734.4002075195312,734.4002075195312,734.4002075195312,734.4002075195312,200,0.0,0.0
2014-03-20 00:00:00+09:00,737.7689268050656,737.7689268050656,731.0313110351562,731.0313110351562,600,0.0,0.0
2014-03-24 00:00:00+09:00,731.0313110351562,731.0313110351562,731.0313110351562,731.0313110351562,0,0.0,0.0
2014-03-25 00:00:00+09:00,741.1377563476562,741.1377563476562,741.1377563476562,741.1377563476562,600,0.0,0.0
2014-03-26 00:00:00+09:00,741.1377563476562,741.1377563476562,741.1377563476562,741.1377563476562,0,0.0,0.0
2014-03-27 00:00:00+09:00,741.1377327902275,768.0881958007812,741.1377327902275,768.0881958007812,400,0.0,0.0
2014-03-28 00:00:00+09:00,768.0881958007812,768.0881958007812,768.0881958007812,768.0881958007812,200,0.0,0.0
2014-03-31 00:00:00+09:00,768.0881958007812,768.0881958007812,768.0881958007812,768.0881958007812,0,0.0,0.0
2014-04-01 00:00:00+09:00,768.0881958007812,768.0881958007812,768.0881958007812,768.0881958007812,0,0.0,0.0
2014-04-02 00:00:00+09:00,768.0881958007812,768.0881958007812,768.0881958007812,768.0881958007812,0,0.0,0.0
2014-04-03 00:00:00+09:00,764.7194213867186,764.7194213867186,764.7194213867186,764.7194213867188,200,0.0,0.0
2014-04-04 00:00:00+09:00,751.2442016601562,751.2442016601562,751.2442016601562,751.2442016601562,200,0.0,0.0
2014-04-07 00:00:00+09:00,751.2442016601562,751.2442016601562,751.2442016601562,751.2442016601562,0,0.0,0.0
2014-04-08 00:00:00+09:00,744.5065643310547,744.5065643310547,741.1377563476562,741.1377563476562,400,0.0,0.0
2014-04-09 00:00:00+09:00,737.7689483642578,764.7194122314453,727.6625244140625,741.1377563476562,1400,0.0,0.0
2014-04-10 00:00:00+09:00,741.1377563476562,741.1377563476562,741.1377563476562,741.1377563476562,0,0.0,0.0
2014-04-11 00:00:00+09:00,731.0313110351562,731.0313110351562,731.0313110351562,731.0313110351562,200,0.0,0.0
2014-04-14 00:00:00+09:00,731.0313110351562,731.0313110351562,731.0313110351562,731.0313110351562,0,0.0,0.0
2014-04-15 00:00:00+09:00,757.9818115234375,757.9818115234375,757.9818115234375,757.9818115234375,200,0.0,0.0
2014-04-16 00:00:00+09:00,761.3505859375,761.3505859375,761.3505859375,761.3505859375,200,0.0,0.0
2014-04-17 00:00:00+09:00,761.3505859375,761.3505859375,761.3505859375,761.3505859375,0,0.0,0.0
2014-04-18 00:00:00+09:00,761.3505859375,761.3505859375,761.3505859375,761.3505859375,0,0.0,0.0
2014-04-21 00:00:00+09:00,757.9818115234375,757.9818115234375,757.9818115234375,757.9818115234375,400,0.0,0.0
2014-04-22 00:00:00+09:00,731.0313110351562,731.0313110351562,731.0313110351562,731.0313110351562,200,0.0,0.0
2014-04-23 00:00:00+09:00,731.0313110351562,731.0313110351562,731.0313110351562,731.0313110351562,0,0.0,0.0
2014-04-24 00:00:00+09:00,731.0313110351562,731.0313110351562,731.0313110351562,731.0313110351562,0,0.0,0.0
2014-04-25 00:00:00+09:00,731.0313110351562,731.0313110351562,731.0313110351562,731.0313110351562,0,0.0,0.0
2014-04-28 00:00:00+09:00,731.0313110351562,731.0313110351562,731.0313110351562,731.0313110351562,0,0.0,0.0
2014-04-30 00:00:00+09:00,731.0313110351562,731.0313110351562,731.0313110351562,731.0313110351562,0,0.0,0.0
2014-05-01 00:00:00+09:00,741.1377563476562,741.1377563476562,741.1377563476562,741.1377563476562,400,0.0,0.0
2014-05-02 00:00:00+09:00,741.1377563476562,741.1377563476562,741.1377563476562,741.1377563476562,200,0.0,0.0
2014-05-07 00:00:00+09:00,731.0313110351562,731.0313110351562,731.0313110351562,731.0313110351562,800,0.0,0.0
2014-05-08 00:00:00+09:00,737.7689819335938,737.7689819335938,737.7689819335938,737.7689819335938,200,0.0,0.0
2014-05-09 00:00:00+09:00,747.8753662109375,747.8753662109375,747.8753662109375,747.8753662109375,200,0.0,0.0
2014-05-12 00:00:00+09:00,747.8753662109375,747.8753662109375,747.8753662109375,747.8753662109375,600,0.0,0.0
2014-05-13 00:00:00+09:00,747.8753662109375,747.8753662109375,747.8753662109375,747.8753662109375,0,0.0,0.0
2014-05-14 00:00:00+09:00,747.8753662109375,747.8753662109375,747.8753662109375,747.8753662109375,0,0.0,0.0
2014-05-15 00:00:00+09:00,751.2442016601562,751.2442016601562,751.2442016601562,751.2442016601562,600,0.0,0.0
2014-05-16 00:00:00+09:00,741.1377563476562,741.1377563476562,741.1377563476562,741.1377563476562,200,0.0,0.0
2014-05-19 00:00:00+09:00,741.1377563476562,741.1377563476562,741.1377563476562,741.1377563476562,0,0.0,0.0
2014-05-20 00:00:00+09:00,734.4001249091571,734.4001249091571,724.293701171875,724.293701171875,600,0.0,0.0
2014-05-21 00:00:00+09:00,734.4001590336594,734.4001590336594,720.9249267578125,720.9249267578125,1800,0.0,0.0
2014-05-22 00:00:00+09:00,720.9249267578125,720.9249267578125,720.9249267578125,720.9249267578125,0,0.0,0.0
2014-05-23 00:00:00+09:00,727.6625366210938,727.6625366210938,727.6625366210938,727.6625366210938,200,0.0,0.0
2014-05-26 00:00:00+09:00,731.0313110351562,731.0313110351562,731.0313110351562,731.0313110351562,400,0.0,0.0
2014-05-27 00:00:00+09:00,731.0313110351562,731.0313110351562,731.0313110351562,731.0313110351562,800,0.0,0.0
2014-05-28 00:00:00+09:00,744.5065643310547,744.5065643310547,737.7689483642578,741.1377563476562,1200,0.0,0.0
2014-05-29 00:00:00+09:00,744.5065855017692,751.2442016601562,744.5065855017692,751.2442016601562,1200,0.0,0.0
2014-05-30 00:00:00+09:00,751.2442016601562,751.2442016601562,751.2442016601562,751.2442016601562,1200,0.0,0.0
2014-06-02 00:00:00+09:00,751.244195421007,757.9818115234375,751.244195421007,757.9818115234375,1400,0.0,0.0
2014-06-03 00:00:00+09:00,757.9818053392586,764.7194213867186,757.9818053392586,764.7194213867188,1200,0.0,0.0
2014-06-04 00:00:00+09:00,761.3505859375,761.3505859375,761.3505859375,761.3505859375,200,0.0,0.0
2014-06-05 00:00:00+09:00,764.7194213867186,764.7194213867186,764.7194213867186,764.7194213867188,600,0.0,0.0
2014-06-06 00:00:00+09:00,764.719387924462,768.0881958007812,764.719387924462,768.0881958007812,1200,0.0,0.0
2014-06-09 00:00:00+09:00,774.8258666992188,774.8258666992188,774.8258666992188,774.8258666992188,200,0.0,0.0
2014-06-10 00:00:00+09:00,778.1946622408353,788.3010864257812,778.1946622408353,788.3010864257812,600,0.0,0.0
2014-06-11 00:00:00+09:00,771.45703125,771.45703125,771.45703125,771.45703125,400,0.0,0.0
2014-06-12 00:00:00+09:00,771.45703125,771.45703125,771.45703125,771.45703125,600,0.0,0.0
2014-06-13 00:00:00+09:00,781.5634312368143,798.407470703125,781.5634312368143,798.407470703125,5000,0.0,0.0
2014-06-16 00:00:00+09:00,805.145149541095,828.7268066406249,805.145149541095,828.726806640625,4400,0.0,0.0
2014-06-17 00:00:00+09:00,838.8332209048064,838.8332209048064,774.8258666992188,774.8258666992188,6200,0.0,0.0
2014-06-18 00:00:00+09:00,808.5139284295551,859.0460489564024,795.0386962890625,795.0386962890625,12400,0.0,0.0
2014-06-19 00:00:00+09:00,848.9396149049322,848.9396149049322,825.3579589353508,838.8331909179688,2200,0.0,0.0
2014-06-20 00:00:00+09:00,835.464367475666,838.8331754090356,821.9891357421875,821.9891357421875,2200,0.0,0.0
2014-06-23 00:00:00+09:00,842.2019989136232,842.2019989136232,821.9891509396963,838.8331909179688,1600,0.0,0.0
2014-06-24 00:00:00+09:00,838.8331909179688,838.8331909179688,825.3579589353508,838.8331909179688,3000,0.0,0.0
2014-06-25 00:00:00+09:00,838.8332246349704,838.8332246349704,825.3579921107139,835.4644165039062,5000,0.0,0.0
2014-06-26 00:00:00+09:00,793.0980419511556,813.4338891806723,793.0980419511556,806.6552734375,3400,7.5,0.0
2014-06-27 00:00:00+09:00,803.2659718263815,803.2659718263815,789.708740234375,789.708740234375,1400,0.0,0.0
2014-06-30 00:00:00+09:00,776.1515273725937,803.2659912109375,776.1515273725937,803.2659912109375,600,0.0,0.0
2014-07-01 00:00:00+09:00,782.9301525419227,810.0446166992188,782.9301525419227,810.0446166992188,400,0.0,0.0
2014-07-02 00:00:00+09:00,813.4338989257812,813.4338989257812,813.4338989257812,813.4338989257812,200,0.0,0.0
2014-07-03 00:00:00+09:00,796.4873560303782,796.4873560303782,789.708740234375,789.708740234375,800,0.0,0.0
2014-07-04 00:00:00+09:00,796.4873657226562,796.4873657226562,796.4873657226562,796.4873657226562,400,0.0,0.0
2014-07-07 00:00:00+09:00,810.0445910135905,813.4338989257812,810.0445910135905,813.4338989257812,800,0.0,0.0
2014-07-08 00:00:00+09:00,806.6553111502794,871.0521637211001,799.876695090193,833.769775390625,11200,0.0,0.0
2014-07-09 00:00:00+09:00,823.601806640625,823.601806640625,823.601806640625,823.601806640625,2200,0.0,0.0
2014-07-10 00:00:00+09:00,830.3804931640624,830.3804931640624,830.3804931640624,830.3804931640625,200,0.0,0.0
2014-07-11 00:00:00+09:00,796.4874008954581,799.876708984375,789.7087847176244,799.876708984375,2600,0.0,0.0
2014-07-14 00:00:00+09:00,799.876708984375,799.876708984375,799.876708984375,799.876708984375,0,0.0,0.0
2014-07-15 00:00:00+09:00,799.8766380375267,803.2659458258214,793.0980224609375,793.0980224609375,1400,0.0,0.0
2014-07-16 00:00:00+09:00,803.265975189209,813.4338989257812,803.265975189209,813.4338989257812,1400,0.0,0.0
2014-07-17 00:00:00+09:00,813.4338891806723,813.4338891806723,806.6552734375,806.6552734375,800,0.0,0.0
2014-07-18 00:00:00+09:00,806.6552734375,806.6552734375,806.6552734375,806.6552734375,0,0.0,0.0
2014-07-22 00:00:00+09:00,820.2124633789062,820.2124633789062,820.2124633789062,820.2124633789062,600,0.0,0.0
2014-07-23 00:00:00+09:00,823.6018226623536,823.6018226623536,813.4338989257812,813.4338989257812,400,0.0,0.0
2014-07-24 00:00:00+09:00,813.4338579021517,826.9910888671875,813.4338579021517,826.9910888671875,1200,0.0,0.0
2014-07-25 00:00:00+09:00,820.2124733846696,826.9910888671875,820.2124733846696,826.9910888671875,400,0.0,0.0
2014-07-28 00:00:00+09:00,826.9910888671875,826.9910888671875,826.9910888671875,826.9910888671875,0,0.0,0.0
2014-07-29 00:00:00+09:00,826.9910888671875,826.9910888671875,826.9910888671875,826.9910888671875,0,0.0,0.0
2014-07-30 00:00:00+09:00,813.4338989257812,813.4338989257812,813.4338989257812,813.4338989257812,200,0.0,0.0
2014-07-31 00:00:00+09:00,813.4338989257812,813.4338989257812,813.4338989257812,813.4338989257812,0,0.0,0.0
2014-08-01 00:00:00+09:00,813.4338989257812,813.4338989257812,813.4338989257812,813.4338989257812,0,0.0,0.0
2014-08-04 00:00:00+09:00,813.4338989257812,813.4338989257812,813.4338989257812,813.4338989257812,0,0.0,0.0
2014-08-05 00:00:00+09:00,813.4338989257812,813.4338989257812,813.4338989257812,813.4338989257812,0,0.0,0.0
2014-08-06 00:00:00+09:00,813.4339151503165,813.4339151503165,803.2659912109375,803.2659912109375,400,0.0,0.0
2014-08-07 00:00:00+09:00,793.0980224609375,793.0980224609375,793.0980224609375,793.0980224609375,400,0.0,0.0
2014-08-08 00:00:00+09:00,820.2124372209822,843.9375903637379,782.9300537109375,782.9300537109375,5400,0.0,0.0
2014-08-11 00:00:00+09:00,762.5942926821501,779.5408325195312,762.5942926821501,779.5408325195312,2400,0.0,0.0
2014-08-12 00:00:00+09:00,769.3728679428754,793.0980224609375,769.3728679428754,793.0980224609375,800,0.0,0.0
2014-08-13 00:00:00+09:00,803.2660006598946,810.0446166992188,803.2660006598946,810.0446166992188,400,0.0,0.0
2014-08-14 00:00:00+09:00,810.0446166992188,810.0446166992188,810.0446166992188,810.0446166992188,0,0.0,0.0
2014-08-15 00:00:00+09:00,782.9301664527327,786.3194745326147,762.594317973441,776.1515502929688,1400,0.0,0.0
2014-08-18 00:00:00+09:00,776.1515502929688,776.1515502929688,776.1515502929688,776.1515502929688,0,0.0,0.0
2014-08-19 00:00:00+09:00,786.3194513119726,803.2659912109375,786.3194513119726,803.2659912109375,600,0.0,0.0
2014-08-20 00:00:00+09:00,803.2659912109375,803.2659912109375,803.2659912109375,803.2659912109375,0,0.0,0.0
2014-08-21 00:00:00+09:00,803.2659912109375,803.2659912109375,803.2659912109375,803.2659912109375,0,0.0,0.0
2014-08-22 00:00:00+09:00,796.4873657226562,796.4873657226562,796.4873657226562,796.4873657226562,200,0.0,0.0
2014-08-25 00:00:00+09:00,803.2659912109375,803.2659912109375,803.2659912109375,803.2659912109375,200,0.0,0.0
2014-08-26 00:00:00+09:00,799.8766639283798,799.8766639283798,789.708740234375,789.708740234375,1000,0.0,0.0
2014-08-27 00:00:00+09:00,786.3193969726562,786.3193969726562,786.3193969726562,786.3193969726562,200,0.0,0.0
2014-08-28 00:00:00+09:00,786.3193613027597,786.3193613027597,782.9300537109375,782.9300537109375,400,0.0,0.0
2014-08-29 00:00:00+09:00,793.0980124637998,796.4873202093715,786.3193969726562,786.3193969726562,600,0.0,0.0
2014-09-01 00:00:00+09:00,786.3193969726562,786.3193969726562,786.3193969726562,786.3193969726562,0,0.0,0.0
2014-09-02 00:00:00+09:00,796.4873560303782,796.4873560303782,789.708740234375,789.708740234375,1400,0.0,0.0
2014-09-03 00:00:00+09:00,793.0980928065413,799.876708984375,789.7087847176244,799.876708984375,1400,0.0,0.0
2014-09-04 00:00:00+09:00,799.876708984375,799.876708984375,799.876708984375,799.876708984375,0,0.0,0.0
2014-09-05 00:00:00+09:00,789.7087847176244,799.876708984375,789.7087847176244,799.876708984375,400,0.0,0.0
2014-09-08 00:00:00+09:00,793.0980577834109,796.4873657226562,793.0980577834109,796.4873657226562,400,0.0,0.0
2014-09-09 00:00:00+09:00,796.4873657226562,796.4873657226562,796.4873657226562,796.4873657226562,0,0.0,0.0
2014-09-10 00:00:00+09:00,796.4873657226562,796.4873657226562,796.4873657226562,796.4873657226562,0,0.0,0.0
2014-09-11 00:00:00+09:00,796.4873657226562,796.4873657226562,796.4873657226562,796.4873657226562,0,0.0,0.0
2014-09-12 00:00:00+09:00,793.098054584704,793.098054584704,772.76220703125,772.76220703125,1800,0.0,0.0
2014-09-16 00:00:00+09:00,776.1515502929688,776.1515502929688,776.1515502929688,776.1515502929688,200,0.0,0.0
2014-09-17 00:00:00+09:00,776.1515502929688,779.5408583728507,772.7622422130868,776.1515502929688,800,0.0,0.0
2014-09-18 00:00:00+09:00,769.3728637695312,769.3728637695312,769.3728637695312,769.3728637695312,200,0.0,0.0
2014-09-19 00:00:00+09:00,769.3728637695312,769.3728637695312,769.3728637695312,769.3728637695312,0,0.0,0.0
2014-09-22 00:00:00+09:00,765.9835815429688,765.9835815429688,765.9835815429688,765.9835815429688,400,0.0,0.0
2014-09-24 00:00:00+09:00,765.9835717337472,765.9835717337472,759.2049560546875,759.2049560546875,1000,0.0,0.0
2014-09-25 00:00:00+09:00,765.9835815429688,765.9835815429688,765.9835815429688,765.9835815429688,400,0.0,0.0
2014-09-26 00:00:00+09:00,759.2049560546875,759.2049560546875,759.2049560546875,759.2049560546875,400,0.0,0.0
2014-09-29 00:00:00+09:00,759.2049560546875,759.2049560546875,759.2049560546875,759.2049560546875,0,0.0,0.0
2014-09-30 00:00:00+09:00,755.8156996718399,755.8156996718399,752.4263916015625,752.4263916015625,400,0.0,0.0
2014-10-01 00:00:00+09:00,752.4263916015625,752.4263916015625,752.4263916015625,752.4263916015625,0,0.0,0.0
2014-10-02 00:00:00+09:00,752.4263562508838,752.4263562508838,749.0370483398438,749.0370483398438,400,0.0,0.0
2014-10-03 00:00:00+09:00,755.8156127929688,755.8156127929688,755.8156127929688,755.8156127929688,600,0.0,0.0
2014-10-06 00:00:00+09:00,749.0370483398438,749.0370483398438,749.0370483398438,749.0370483398438,600,0.0,0.0
2014-10-07 00:00:00+09:00,749.0370483398438,749.0370483398438,749.0370483398438,749.0370483398438,200,0.0,0.0
2014-10-08 00:00:00+09:00,752.4263562508838,752.4263562508838,749.0370483398438,749.0370483398438,800,0.0,0.0
2014-10-09 00:00:00+09:00,738.869140625,738.869140625,738.869140625,738.869140625,600,0.0,0.0
2014-10-10 00:00:00+09:00,755.8156805475918,762.5942965166284,738.869140625,738.869140625,2600,0.0,0.0
2014-10-14 00:00:00+09:00,708.3653347876765,735.4797973632812,708.3653347876765,735.4797973632812,1000,0.0,0.0
2014-10-15 00:00:00+09:00,735.4797973632812,735.4797973632812,735.4797973632812,735.4797973632812,0,0.0,0.0
2014-10-16 00:00:00+09:00,715.1439208984375,715.1439208984375,715.1439208984375,715.1439208984375,400,0.0,0.0
2014-10-17 00:00:00+09:00,715.1439208984375,715.1439208984375,715.1439208984375,715.1439208984375,600,0.0,0.0
2014-10-20 00:00:00+09:00,721.922607421875,721.922607421875,721.922607421875,721.922607421875,200,0.0,0.0
2014-10-21 00:00:00+09:00,728.7012329101562,728.7012329101562,728.7012329101562,728.7012329101562,400,0.0,0.0
2014-10-22 00:00:00+09:00,728.7012329101562,728.7012329101562,728.7012329101562,728.7012329101562,0,0.0,0.0
2014-10-23 00:00:00+09:00,728.7012329101562,728.7012329101562,728.7012329101562,728.7012329101562,0,0.0,0.0
2014-10-24 00:00:00+09:00,728.7012234540052,728.7012234540052,721.922607421875,721.922607421875,800,0.0,0.0
2014-10-27 00:00:00+09:00,721.922607421875,721.922607421875,721.922607421875,721.922607421875,0,0.0,0.0
2014-10-28 00:00:00+09:00,721.922607421875,721.922607421875,721.922607421875,721.922607421875,0,0.0,0.0
2014-10-29 00:00:00+09:00,711.754638671875,711.754638671875,711.754638671875,711.754638671875,400,0.0,0.0
2014-10-30 00:00:00+09:00,715.1439208984375,715.1439208984375,715.1439208984375,715.1439208984375,200,0.0,0.0
2014-10-31 00:00:00+09:00,715.1440170575987,718.5333251953125,715.1440170575987,718.5333251953125,400,0.0,0.0
2014-11-04 00:00:00+09:00,725.3118896484375,725.3118896484375,725.3118896484375,725.3118896484375,400,0.0,0.0
2014-11-05 00:00:00+09:00,718.5333251953125,718.5333251953125,718.5333251953125,718.5333251953125,200,0.0,0.0
2014-11-06 00:00:00+09:00,721.9225817528841,725.3118896484375,721.9225817528841,725.3118896484375,1200,0.0,0.0
2014-11-07 00:00:00+09:00,725.3118896484375,725.3118896484375,725.3118896484375,725.3118896484375,4000,0.0,0.0
2014-11-10 00:00:00+09:00,725.3118896484375,725.3118896484375,725.3118896484375,725.3118896484375,200,0.0,0.0
2014-11-11 00:00:00+09:00,725.3118896484375,725.3118896484375,725.3118896484375,725.3118896484375,200,0.0,0.0
2014-11-12 00:00:00+09:00,721.9226333330262,721.9226333330262,718.5333251953125,718.5333251953125,1800,0.0,0.0
2014-11-13 00:00:00+09:00,718.5333251953125,718.5333251953125,718.5333251953125,718.5333251953125,600,0.0,0.0
2014-11-14 00:00:00+09:00,718.5333251953125,718.5333251953125,718.5333251953125,718.5333251953125,600,0.0,0.0
2014-11-17 00:00:00+09:00,718.5333251953125,718.5333251953125,718.5333251953125,718.5333251953125,400,0.0,0.0
2014-11-18 00:00:00+09:00,718.5333251953125,718.5333251953125,718.5333251953125,718.5333251953125,200,0.0,0.0
2014-11-19 00:00:00+09:00,718.5333251953125,718.5333251953125,718.5333251953125,718.5333251953125,0,0.0,0.0
2014-11-20 00:00:00+09:00,718.5333251953125,718.5333251953125,718.5333251953125,718.5333251953125,0,0.0,0.0
2014-11-21 00:00:00+09:00,718.5333251953125,718.5333251953125,718.5333251953125,718.5333251953125,200,0.0,0.0
2014-11-25 00:00:00+09:00,728.7012329101562,728.7012329101562,728.7012329101562,728.7012329101562,200,0.0,0.0
2014-11-26 00:00:00+09:00,728.7012329101562,728.7012329101562,728.7012329101562,728.7012329101562,0,0.0,0.0
2014-11-27 00:00:00+09:00,728.7012329101562,728.7012329101562,728.7012329101562,728.7012329101562,0,0.0,0.0
2014-11-28 00:00:00+09:00,728.7012329101562,728.7012329101562,728.7012329101562,728.7012329101562,400,0.0,0.0
2014-12-01 00:00:00+09:00,742.2584228515625,742.2584228515625,742.2584228515625,742.2584228515625,200,0.0,0.0
2014-12-02 00:00:00+09:00,728.701216671445,738.869140625,728.701216671445,738.869140625,800,0.0,0.0
2014-12-03 00:00:00+09:00,738.869140625,738.869140625,738.869140625,738.869140625,0,0.0,0.0
2014-12-04 00:00:00+09:00,738.869140625,738.869140625,738.869140625,738.869140625,0,0.0,0.0
2014-12-05 00:00:00+09:00,732.0904541015625,732.0904541015625,732.0904541015625,732.0904541015625,400,0.0,0.0
2014-12-08 00:00:00+09:00,749.0370483398438,749.0370483398438,749.0370483398438,749.0370483398438,200,0.0,0.0
2014-12-09 00:00:00+09:00,749.0370483398438,749.0370483398438,749.0370483398438,749.0370483398438,400,0.0,0.0
2014-12-10 00:00:00+09:00,749.0370483398438,749.0370483398438,749.0370483398438,749.0370483398438,200,0.0,0.0
2014-12-11 00:00:00+09:00,749.0370483398438,749.0370483398438,749.0370483398438,749.0370483398438,600,0.0,0.0
2014-12-12 00:00:00+09:00,749.0370483398438,749.0370483398438,749.0370483398438,749.0370483398438,0,0.0,0.0
2014-12-15 00:00:00+09:00,749.0370483398438,749.0370483398438,749.0370483398438,749.0370483398438,0,0.0,0.0
2014-12-16 00:00:00+09:00,738.8691051852319,738.8691051852319,735.4797973632812,735.4797973632812,400,0.0,0.0
2014-12-17 00:00:00+09:00,735.4797973632812,735.4797973632812,735.4797973632812,735.4797973632812,0,0.0,0.0
2014-12-18 00:00:00+09:00,735.4797617594402,735.4797617594402,732.0904541015625,732.0904541015625,800,0.0,0.0
2014-12-19 00:00:00+09:00,732.0904541015625,732.0904541015625,732.0904541015625,732.0904541015625,0,0.0,0.0
2014-12-22 00:00:00+09:00,732.0904541015625,732.0904541015625,732.0904541015625,732.0904541015625,0,0.0,0.0
2014-12-24 00:00:00+09:00,732.0905409702035,732.0905409702035,728.7012329101562,728.7012329101562,1000,0.0,0.0
2014-12-25 00:00:00+09:00,728.7012329101562,728.7012329101562,728.7012329101562,728.7012329101562,200,0.0,0.0
2014-12-26 00:00:00+09:00,728.7012329101562,728.7012329101562,728.7012329101562,728.7012329101562,0,0.0,0.0
2014-12-29 00:00:00+09:00,742.2584694941492,776.1515502929688,742.2584694941492,776.1515502929688,600,0.0,0.0
2014-12-30 00:00:00+09:00,738.869140625,738.869140625,738.869140625,738.869140625,200,0.0,0.0
2015-01-05 00:00:00+09:00,738.869140625,738.869140625,738.869140625,738.869140625,0,0.0,0.0
2015-01-06 00:00:00+09:00,752.4263916015625,752.4263916015625,752.4263916015625,752.4263916015625,200,0.0,0.0
2015-01-07 00:00:00+09:00,752.4263916015625,752.4263916015625,752.4263916015625,752.4263916015625,0,0.0,0.0
2015-01-08 00:00:00+09:00,752.4263916015625,752.4263916015625,752.4263916015625,752.4263916015625,0,0.0,0.0
2015-01-09 00:00:00+09:00,755.8156127929688,755.8156127929688,755.8156127929688,755.8156127929688,400,0.0,0.0
2015-01-13 00:00:00+09:00,755.8156127929688,755.8156127929688,755.8156127929688,755.8156127929688,0,0.0,0.0
2015-01-14 00:00:00+09:00,755.8156127929688,755.8156127929688,755.8156127929688,755.8156127929688,0,0.0,0.0
2015-01-15 00:00:00+09:00,755.8156127929688,755.8156127929688,755.8156127929688,755.8156127929688,0,0.0,0.0
2015-01-16 00:00:00+09:00,755.8156127929688,755.8156127929688,755.8156127929688,755.8156127929688,0,0.0,0.0
2015-01-19 00:00:00+09:00,755.8156127929688,755.8156127929688,755.8156127929688,755.8156127929688,0,0.0,0.0
2015-01-20 00:00:00+09:00,759.2049560546875,759.2049560546875,759.2049560546875,759.2049560546875,200,0.0,0.0
2015-01-21 00:00:00+09:00,759.2049560546875,759.2049560546875,759.2049560546875,759.2049560546875,0,0.0,0.0
2015-01-22 00:00:00+09:00,759.2049560546875,759.2049560546875,759.2049560546875,759.2049560546875,0,0.0,0.0
2015-01-23 00:00:00+09:00,759.2049560546875,759.2049560546875,759.2049560546875,759.2049560546875,0,0.0,0.0
2015-01-26 00:00:00+09:00,759.2049560546875,759.2049560546875,759.2049560546875,759.2049560546875,0,0.0,0.0
2015-01-27 00:00:00+09:00,759.2049560546875,759.2049560546875,759.2049560546875,759.2049560546875,0,0.0,0.0
2015-01-28 00:00:00+09:00,759.2049560546875,759.2049560546875,759.2049560546875,759.2049560546875,0,0.0,0.0
2015-01-29 00:00:00+09:00,759.2049560546875,759.2049560546875,759.2049560546875,759.2049560546875,0,0.0,0.0
2015-01-30 00:00:00+09:00,759.2049560546875,759.2049560546875,759.2049560546875,759.2049560546875,0,0.0,0.0
2015-02-02 00:00:00+09:00,759.2049560546875,759.2049560546875,759.2049560546875,759.2049560546875,0,0.0,0.0
2015-02-03 00:00:00+09:00,749.0370128284802,749.0370128284802,745.647705078125,745.647705078125,400,0.0,0.0
2015-02-04 00:00:00+09:00,745.647705078125,745.647705078125,745.647705078125,745.647705078125,0,0.0,0.0
2015-02-05 00:00:00+09:00,745.647705078125,745.647705078125,745.647705078125,745.647705078125,0,0.0,0.0
2015-02-06 00:00:00+09:00,745.647705078125,745.647705078125,745.647705078125,745.647705078125,0,0.0,0.0
2015-02-09 00:00:00+09:00,745.647705078125,745.647705078125,745.647705078125,745.647705078125,0,0.0,0.0
2015-02-10 00:00:00+09:00,759.2049560546875,759.2049560546875,759.2049560546875,759.2049560546875,200,0.0,0.0
2015-02-12 00:00:00+09:00,745.647705078125,745.647705078125,745.647705078125,745.647705078125,400,0.0,0.0
2015-02-13 00:00:00+09:00,745.647705078125,745.647705078125,745.647705078125,745.647705078125,0,0.0,0.0
2015-02-16 00:00:00+09:00,745.647705078125,745.647705078125,745.647705078125,745.647705078125,200,0.0,0.0
2015-02-17 00:00:00+09:00,745.647705078125,745.647705078125,745.647705078125,745.647705078125,0,0.0,0.0
2015-02-18 00:00:00+09:00,745.6477754610079,752.4263916015625,745.6477754610079,752.4263916015625,800,0.0,0.0
2015-02-19 00:00:00+09:00,752.4263533563573,830.3804350103943,752.4263533563573,789.708740234375,7400,0.0,0.0
2015-02-20 00:00:00+09:00,796.4873792860243,796.4873792860243,752.4263753255209,762.5942993164062,4800,0.0,0.0
2015-02-23 00:00:00+09:00,762.5942736600352,765.9835815429688,759.2049657771017,765.9835815429688,1600,0.0,0.0
2015-02-24 00:00:00+09:00,755.8156127929688,755.8156127929688,755.8156127929688,755.8156127929688,1000,0.0,0.0
2015-02-25 00:00:00+09:00,765.9836073133681,765.9836073133681,762.5942993164062,762.5942993164062,400,0.0,0.0
2015-02-26 00:00:00+09:00,769.3728637695312,769.3728637695312,769.3728637695312,769.3728637695312,200,0.0,0.0
2015-02-27 00:00:00+09:00,769.372879573277,769.372879573277,759.2049560546875,759.2049560546875,800,0.0,0.0
2015-03-02 00:00:00+09:00,765.9835849483637,789.708740234375,765.9835849483637,789.708740234375,2000,0.0,0.0
2015-03-03 00:00:00+09:00,786.3194484544837,786.3194484544837,779.5408325195312,779.5408325195312,1200,0.0,0.0
2015-03-04 00:00:00+09:00,779.5408325195312,779.5408325195312,779.5408325195312,779.5408325195312,200,0.0,0.0
2015-03-05 00:00:00+09:00,779.5408325195312,779.5408325195312,779.5408325195312,779.5408325195312,0,0.0,0.0
2015-03-06 00:00:00+09:00,789.708740234375,789.708740234375,789.708740234375,789.708740234375,200,0.0,0.0
2015-03-09 00:00:00+09:00,789.708740234375,789.708740234375,789.708740234375,789.708740234375,200,0.0,0.0
2015-03-10 00:00:00+09:00,789.708740234375,789.708740234375,789.708740234375,789.708740234375,400,0.0,0.0
2015-03-11 00:00:00+09:00,786.3193969726562,786.3193969726562,786.3193969726562,786.3193969726562,400,0.0,0.0
2015-03-12 00:00:00+09:00,786.3193969726562,786.3193969726562,786.3193969726562,786.3193969726562,200,0.0,0.0
2015-03-13 00:00:00+09:00,789.708704718228,789.708704718228,786.3193969726562,786.3193969726562,600,0.0,0.0
2015-03-16 00:00:00+09:00,789.708668894582,796.4872840782265,782.9300537109375,782.9300537109375,1000,0.0,0.0
2015-03-17 00:00:00+09:00,782.9300537109375,782.9300537109375,782.9300537109375,782.9300537109375,0,0.0,0.0
2015-03-18 00:00:00+09:00,782.9300537109375,782.9300537109375,782.9300537109375,782.9300537109375,0,0.0,0.0
2015-03-19 00:00:00+09:00,793.0980224609375,793.0980224609375,793.0980224609375,793.0980224609375,200,0.0,0.0
2015-03-20 00:00:00+09:00,793.0980928065413,799.876708984375,793.0980928065413,799.876708984375,2000,0.0,0.0
2015-03-23 00:00:00+09:00,799.8766832311445,803.2659912109375,799.8766832311445,803.2659912109375,400,0.0,0.0
2015-03-24 00:00:00+09:00,796.4873657226562,796.4873657226562,796.4873657226562,796.4873657226562,200,0.0,0.0
2015-03-25 00:00:00+09:00,796.4873657226562,796.4873657226562,796.4873657226562,796.4873657226562,0,0.0,0.0
2015-03-26 00:00:00+09:00,796.4873657226562,796.4873657226562,796.4873657226562,796.4873657226562,0,0.0,0.0
2015-03-27 00:00:00+09:00,810.0446166992188,810.0446166992188,810.0446166992188,810.0446166992188,400,0.0,0.0
2015-03-30 00:00:00+09:00,803.2659816011469,803.2659816011469,796.4873657226562,796.4873657226562,1000,0.0,0.0
2015-03-31 00:00:00+09:00,799.8766736619016,799.8766736619016,796.4873657226562,796.4873657226562,400,0.0,0.0
2015-04-01 00:00:00+09:00,796.4873657226562,796.4873657226562,796.4873657226562,796.4873657226562,200,0.0,0.0
2015-04-02 00:00:00+09:00,803.265975189209,813.4338989257812,803.265975189209,813.4338989257812,1000,0.0,0.0
2015-04-03 00:00:00+09:00,803.2659912109375,803.2659912109375,803.2659912109375,803.2659912109375,200,0.0,0.0
2015-04-06 00:00:00+09:00,803.2659912109375,803.2659912109375,803.2659912109375,803.2659912109375,200,0.0,0.0
2015-04-07 00:00:00+09:00,813.4339413400423,813.4339413400423,796.4874008954581,799.876708984375,1000,0.0,0.0
2015-04-08 00:00:00+09:00,799.8766380375267,799.8766380375267,779.5407913077592,793.0980224609375,3200,0.0,0.0
2015-04-09 00:00:00+09:00,796.4873202093715,796.4873202093715,786.3193969726562,786.3193969726562,400,0.0,0.0
2015-04-10 00:00:00+09:00,786.3193969726562,786.3193969726562,786.3193969726562,786.3193969726562,0,0.0,0.0
2015-04-13 00:00:00+09:00,786.3193969726562,786.3193969726562,786.3193969726562,786.3193969726562,0,0.0,0.0
2015-04-14 00:00:00+09:00,799.876708984375,799.876708984375,799.876708984375,799.876708984375,200,0.0,0.0
2015-04-15 00:00:00+09:00,799.876708984375,799.876708984375,799.876708984375,799.876708984375,0,0.0,0.0
2015-04-16 00:00:00+09:00,799.876708984375,799.876708984375,799.876708984375,799.876708984375,0,0.0,0.0
2015-04-17 00:00:00+09:00,799.8766736619016,799.8766736619016,796.4873657226562,796.4873657226562,1400,0.0,0.0
2015-04-20 00:00:00+09:00,796.4873657226562,796.4873657226562,796.4873657226562,796.4873657226562,0,0.0,0.0
2015-04-21 00:00:00+09:00,799.876708984375,799.876708984375,799.876708984375,799.876708984375,400,0.0,0.0
2015-04-22 00:00:00+09:00,799.876708984375,799.876708984375,799.876708984375,799.876708984375,2200,0.0,0.0
2015-04-23 00:00:00+09:00,796.4873657226562,796.4873657226562,796.4873657226562,796.4873657226562,200,0.0,0.0
2015-04-24 00:00:00+09:00,796.4873657226562,796.4873657226562,796.4873657226562,796.4873657226562,0,0.0,0.0
2015-04-27 00:00:00+09:00,796.4873657226562,796.4873657226562,796.4873657226562,796.4873657226562,200,0.0,0.0
2015-04-28 00:00:00+09:00,796.4873657226562,796.4873657226562,796.4873657226562,796.4873657226562,1400,0.0,0.0
2015-04-30 00:00:00+09:00,793.0980224609375,793.0980224609375,793.0980224609375,793.0980224609375,200,0.0,0.0
2015-05-01 00:00:00+09:00,799.8766380375267,799.8766380375267,793.0980224609375,793.0980224609375,800,0.0,0.0
2015-05-07 00:00:00+09:00,793.0980224609375,793.0980224609375,793.0980224609375,793.0980224609375,0,0.0,0.0
2015-05-08 00:00:00+09:00,793.0980672715585,803.2659912109375,793.0980672715585,803.2659912109375,1000,0.0,0.0
2015-05-11 00:00:00+09:00,803.2659912109375,803.2659912109375,803.2659912109375,803.2659912109375,200,0.0,0.0
2015-05-12 00:00:00+09:00,799.8766279549434,799.8766279549434,786.3193969726562,786.3193969726562,600,0.0,0.0
2015-05-13 00:00:00+09:00,796.4874008954581,799.876708984375,796.4874008954581,799.876708984375,2000,0.0,0.0
2015-05-14 00:00:00+09:00,799.876708984375,799.876708984375,799.876708984375,799.876708984375,0,0.0,0.0
2015-05-15 00:00:00+09:00,799.876708984375,799.876708984375,799.876708984375,799.876708984375,1000,0.0,0.0
2015-05-18 00:00:00+09:00,799.876708984375,803.2660170732918,799.876708984375,799.876708984375,1200,0.0,0.0
2015-05-19 00:00:00+09:00,799.8766736619016,799.8766736619016,796.4873657226562,796.4873657226562,400,0.0,0.0
2015-05-20 00:00:00+09:00,799.876708984375,799.876708984375,799.876708984375,799.876708984375,200,0.0,0.0
2015-05-21 00:00:00+09:00,799.876708984375,799.876708984375,799.876708984375,799.876708984375,600,0.0,0.0
2015-05-22 00:00:00+09:00,799.8766736619016,799.8766736619016,796.4873657226562,796.4873657226562,600,0.0,0.0
2015-05-25 00:00:00+09:00,803.2659816011469,803.2659816011469,793.0980577834109,796.4873657226562,1200,0.0,0.0
2015-05-26 00:00:00+09:00,796.4873657226562,796.4873657226562,796.4873657226562,796.4873657226562,200,0.0,0.0
2015-05-27 00:00:00+09:00,796.4873657226562,796.4873657226562,796.4873657226562,796.4873657226562,1400,0.0,0.0
2015-05-28 00:00:00+09:00,803.2659655659139,813.4338891806723,796.4873498227416,806.6552734375,2200,0.0,0.0
2015-05-29 00:00:00+09:00,799.8766576943278,806.6552734375,799.8766576943278,806.6552734375,400,0.0,0.0
2015-06-01 00:00:00+09:00,932.0596227684174,932.0596227684174,843.9376220703125,843.9376220703125,6600,0.0,0.0
2015-06-02 00:00:00+09:00,854.1055772569443,854.1055772569443,823.601806640625,823.601806640625,2400,0.0,0.0
2015-06-03 00:00:00+09:00,840.5483095783833,840.5483095783833,820.2124633789062,820.2124633789062,400,0.0,0.0
2015-06-04 00:00:00+09:00,830.3803864786447,830.3803864786447,820.2124633789062,820.2124633789062,400,0.0,0.0
2015-06-05 00:00:00+09:00,820.2124633789062,820.2124633789062,820.2124633789062,820.2124633789062,800,0.0,0.0
2015-06-08 00:00:00+09:00,826.9910888671875,826.9910888671875,826.9910888671875,826.9910888671875,600,0.0,0.0
2015-06-09 00:00:00+09:00,823.6017811259285,826.9910888671875,823.6017811259285,826.9910888671875,1000,0.0,0.0
2015-06-10 00:00:00+09:00,830.3804931640624,830.3804931640624,826.991185028699,830.3804931640625,800,0.0,0.0
2015-06-11 00:00:00+09:00,823.6018583052386,823.6018583052386,816.8232421875,816.8232421875,1000,0.0,0.0
2015-06-12 00:00:00+09:00,826.9910888671875,826.9910888671875,826.9910888671875,826.9910888671875,800,0.0,0.0
2015-06-15 00:00:00+09:00,823.6018103027344,847.3269653320312,820.2125024414063,847.3269653320312,1000,0.0,0.0
2015-06-16 00:00:00+09:00,826.9910888671875,826.9910888671875,826.9910888671875,826.9910888671875,200,0.0,0.0
2015-06-17 00:00:00+09:00,830.3803911936809,843.9376220703125,830.3803911936809,843.9376220703125,1400,0.0,0.0
2015-06-18 00:00:00+09:00,840.548417570153,840.548417570153,830.3804931640624,830.3804931640625,400,0.0,0.0
2015-06-19 00:00:00+09:00,826.9911593305386,833.769775390625,826.9911593305386,833.769775390625,600,0.0,0.0
2015-06-22 00:00:00+09:00,840.548417570153,840.548417570153,830.3804931640624,830.3804931640625,1400,0.0,0.0
2015-06-23 00:00:00+09:00,823.6018513004955,833.769775390625,823.6018513004955,833.769775390625,1200,0.0,0.0
2015-06-24 00:00:00+09:00,826.9911305745443,837.1590543111166,813.4338989257812,813.4338989257812,5400,0.0,0.0
2015-06-25 00:00:00+09:00,837.1590120909643,837.1590120909643,813.4338579021517,826.9910888671875,2800,0.0,0.0
2015-06-26 00:00:00+09:00,830.6024945792506,855.8817009360102,830.6024945792506,852.2703857421875,7800,75.0,0.0
2015-06-29 00:00:00+09:00,830.6024036657342,830.6024036657342,816.1571444715476,826.9910888671875,3000,0.0,0.0
2015-06-30 00:00:00+09:00,819.7684854614787,834.2137451171875,819.7684854614787,834.2137451171875,600,0.0,0.0
2015-07-01 00:00:00+09:00,834.2137184642809,834.2137184642809,826.9910888671875,826.9910888671875,400,0.0,0.0
2015-07-02 00:00:00+09:00,826.991048357128,834.2136776004218,794.4892167623063,816.1571044921875,5200,0.0,0.0
2015-07-03 00:00:00+09:00,812.5458721622758,812.5458721622758,801.7119272001121,805.3232421875,2200,0.0,0.0
2015-07-06 00:00:00+09:00,801.7119008059955,801.7119008059955,794.4892710690045,798.1005859375,3600,0.0,0.0
2015-07-07 00:00:00+09:00,805.3232421875,805.3232421875,805.3232421875,805.3232421875,600,0.0,0.0
2015-07-08 00:00:00+09:00,794.4892710690045,798.1005859375,794.4892710690045,798.1005859375,2800,0.0,0.0
2015-07-09 00:00:00+09:00,794.4892710690045,798.1005859375,790.877956200509,798.1005859375,1600,0.0,0.0
2015-07-10 00:00:00+09:00,798.1005991342905,801.7119140625,798.1005991342905,801.7119140625,600,0.0,0.0
2015-07-13 00:00:00+09:00,801.7119140625,801.7119140625,801.7119140625,801.7119140625,0,0.0,0.0
2015-07-14 00:00:00+09:00,805.3232421875,805.3232421875,801.7119272001121,805.3232421875,800,0.0,0.0
2015-07-15 00:00:00+09:00,805.3231738926555,819.7684326171875,794.4892298492566,819.7684326171875,1800,0.0,0.0
2015-07-16 00:00:00+09:00,819.7684326171875,819.7684326171875,819.7684326171875,819.7684326171875,0,0.0,0.0
2015-07-17 00:00:00+09:00,834.2137184642809,834.2137184642809,826.9910888671875,826.9910888671875,2400,0.0,0.0
2015-07-21 00:00:00+09:00,826.9910888671875,826.9910888671875,826.9910888671875,826.9910888671875,0,0.0,0.0
2015-07-22 00:00:00+09:00,812.5458984375,812.5458984375,812.5458984375,812.5458984375,200,0.0,0.0
2015-07-23 00:00:00+09:00,816.1571179360544,819.7684326171875,816.1571179360544,819.7684326171875,400,0.0,0.0
2015-07-24 00:00:00+09:00,812.5458721622758,812.5458721622758,805.3232421875,805.3232421875,1800,0.0,0.0
2015-07-27 00:00:00+09:00,812.5458984375,812.5458984375,812.5458984375,812.5458984375,400,0.0,0.0
2015-07-28 00:00:00+09:00,812.5458984375,812.5458984375,812.5458984375,812.5458984375,0,0.0,0.0
2015-07-29 00:00:00+09:00,812.5458984375,812.5458984375,812.5458984375,812.5458984375,0,0.0,0.0
2015-07-30 00:00:00+09:00,805.3232022372159,805.3232022372159,794.4892578125,794.4892578125,800,0.0,0.0
2015-07-31 00:00:00+09:00,801.7119140625,801.7119140625,801.7119140625,801.7119140625,200,0.0,0.0
2015-08-03 00:00:00+09:00,801.7119140625,801.7119140625,801.7119140625,801.7119140625,0,0.0,0.0
2015-08-04 00:00:00+09:00,798.1005859375,798.1005859375,794.4892710690045,798.1005859375,1400,0.0,0.0
2015-08-05 00:00:00+09:00,794.4892578125,794.4892578125,794.4892578125,794.4892578125,400,0.0,0.0
2015-08-06 00:00:00+09:00,801.7119140625,801.7119140625,801.7119140625,801.7119140625,200,0.0,0.0
2015-08-07 00:00:00+09:00,812.5458032549215,819.7684326171875,801.7118592115226,819.7684326171875,2200,0.0,0.0
2015-08-10 00:00:00+09:00,816.1571179360544,819.7684326171875,801.7118592115226,819.7684326171875,1800,0.0,0.0
2015-08-11 00:00:00+09:00,819.7684326171875,819.7684326171875,819.7684326171875,819.7684326171875,0,0.0,0.0
2015-08-12 00:00:00+09:00,812.5458984375,812.5458984375,812.5458984375,812.5458984375,200,0.0,0.0
2015-08-13 00:00:00+09:00,819.7684326171875,819.7684326171875,819.7684326171875,819.7684326171875,600,0.0,0.0
2015-08-14 00:00:00+09:00,834.2136974992424,837.8250122070312,834.2136974992424,837.8250122070312,600,0.0,0.0
2015-08-17 00:00:00+09:00,837.8250122070312,837.8250122070312,837.8250122070312,837.8250122070312,400,0.0,0.0
2015-08-18 00:00:00+09:00,834.2137451171875,834.2137451171875,834.2137451171875,834.2137451171875,200,0.0,0.0
2015-08-19 00:00:00+09:00,819.7684326171875,819.7684326171875,819.7684326171875,819.7684326171875,200,0.0,0.0
2015-08-20 00:00:00+09:00,819.7684326171875,819.7684326171875,819.7684326171875,819.7684326171875,0,0.0,0.0
2015-08-21 00:00:00+09:00,819.7684326171875,819.7684326171875,819.7684326171875,819.7684326171875,0,0.0,0.0
2015-08-24 00:00:00+09:00,787.2666304891143,787.2666304891143,751.1534823015403,761.9874267578125,2600,0.0,0.0
2015-08-25 00:00:00+09:00,725.8743154907227,725.8743154907227,722.2630004882812,722.2630004882812,400,0.0,0.0
2015-08-26 00:00:00+09:00,736.70823872383,736.70823872383,733.096923828125,733.096923828125,1600,0.0,0.0
2015-08-27 00:00:00+09:00,743.9308471679688,743.9308471679688,743.9308471679688,743.9308471679688,200,0.0,0.0
2015-08-28 00:00:00+09:00,743.9308471679688,743.9308471679688,743.9308471679688,743.9308471679688,0,0.0,0.0
2015-08-31 00:00:00+09:00,743.9308471679688,743.9308471679688,743.9308471679688,743.9308471679688,0,0.0,0.0
2015-09-01 00:00:00+09:00,747.5421752929688,747.5421752929688,747.5421752929688,747.5421752929688,1000,0.0,0.0
2015-09-02 00:00:00+09:00,736.7081909179688,736.7081909179688,736.7081909179688,736.7081909179688,400,0.0,0.0
2015-09-03 00:00:00+09:00,736.7081909179688,736.7081909179688,736.7081909179688,736.7081909179688,200,0.0,0.0
2015-09-04 00:00:00+09:00,736.7081909179688,736.7081909179688,736.7081909179688,736.7081909179688,1000,0.0,0.0
2015-09-07 00:00:00+09:00,736.7081909179688,736.7081909179688,736.7081909179688,736.7081909179688,0,0.0,0.0
2015-09-08 00:00:00+09:00,743.930820240694,743.930820240694,736.7081909179688,736.7081909179688,400,0.0,0.0
2015-09-09 00:00:00+09:00,765.5987548828125,765.5987548828125,765.5987548828125,765.5987548828125,200,0.0,0.0
2015-09-10 00:00:00+09:00,765.5987548828125,765.5987548828125,765.5987548828125,765.5987548828125,0,0.0,0.0
2015-09-11 00:00:00+09:00,765.5987548828125,765.5987548828125,765.5987548828125,765.5987548828125,0,0.0,0.0
2015-09-14 00:00:00+09:00,765.5987548828125,765.5987548828125,765.5987548828125,765.5987548828125,0,0.0,0.0
2015-09-15 00:00:00+09:00,758.376125119767,765.5987548828125,758.376125119767,765.5987548828125,1600,0.0,0.0
2015-09-16 00:00:00+09:00,765.5987548828125,765.5987548828125,765.5987548828125,765.5987548828125,200,0.0,0.0
2015-09-17 00:00:00+09:00,765.5987548828125,765.5987548828125,765.5987548828125,765.5987548828125,0,0.0,0.0
2015-09-18 00:00:00+09:00,751.153484684406,751.153484684406,729.485595703125,729.485595703125,1600,0.0,0.0
2015-09-24 00:00:00+09:00,733.0968762566062,736.7081909179688,733.0968762566062,736.7081909179688,600,0.0,0.0
2015-09-25 00:00:00+09:00,754.7648315429688,754.7648315429688,754.7648315429688,754.7648315429688,200,0.0,0.0
2015-09-28 00:00:00+09:00,754.7648315429688,754.7648315429688,754.7648315429688,754.7648315429688,0,0.0,0.0
2015-09-29 00:00:00+09:00,740.3195536195351,740.3195536195351,733.096923828125,733.096923828125,1400,0.0,0.0
2015-09-30 00:00:00+09:00,733.096923828125,733.096923828125,733.096923828125,733.096923828125,0,0.0,0.0
2015-10-01 00:00:00+09:00,740.3195323758912,743.9308471679688,740.3195323758912,743.9308471679688,400,0.0,0.0
2015-10-02 00:00:00+09:00,743.9308471679688,743.9308471679688,743.9308471679688,743.9308471679688,0,0.0,0.0
2015-10-05 00:00:00+09:00,754.7648050059443,754.7648050059443,743.930860436481,747.5421752929688,1400,0.0,0.0
2015-10-06 00:00:00+09:00,751.1535034179688,751.1535034179688,751.1535034179688,751.1535034179688,200,0.0,0.0
2015-10-07 00:00:00+09:00,754.7648183382474,754.7648183382474,751.1535034179688,751.1535034179688,400,0.0,0.0
2015-10-08 00:00:00+09:00,747.5421752929688,747.5421752929688,747.5421752929688,747.5421752929688,600,0.0,0.0
2015-10-09 00:00:00+09:00,747.5421752929688,747.5421752929688,747.5421752929688,747.5421752929688,400,0.0,0.0
2015-10-13 00:00:00+09:00,765.5987548828125,765.5987548828125,765.5987548828125,765.5987548828125,400,0.0,0.0
2015-10-14 00:00:00+09:00,765.5987548828125,765.5987548828125,765.5987548828125,765.5987548828125,0,0.0,0.0
2015-10-15 00:00:00+09:00,747.5421884976901,751.1535034179688,747.5421884976901,751.1535034179688,400,0.0,0.0
2015-10-16 00:00:00+09:00,751.1535034179688,751.1535034179688,751.1535034179688,751.1535034179688,0,0.0,0.0
2015-10-19 00:00:00+09:00,751.1535034179688,751.1535034179688,751.1535034179688,751.1535034179688,0,0.0,0.0
2015-10-20 00:00:00+09:00,751.1535034179688,751.1535034179688,751.1535034179688,751.1535034179688,0,0.0,0.0
2015-10-21 00:00:00+09:00,751.1535034179688,751.1535034179688,751.1535034179688,751.1535034179688,0,0.0,0.0
2015-10-22 00:00:00+09:00,751.1535034179688,751.1535034179688,751.1535034179688,751.1535034179688,200,0.0,0.0
2015-10-23 00:00:00+09:00,751.1535034179688,751.1535034179688,751.1535034179688,751.1535034179688,0,0.0,0.0
2015-10-26 00:00:00+09:00,772.8212890625,772.8212890625,772.8212890625,772.8212890625,200,0.0,0.0
2015-10-27 00:00:00+09:00,772.8212890625,772.8212890625,772.8212890625,772.8212890625,0,0.0,0.0
2015-10-28 00:00:00+09:00,772.8212890625,772.8212890625,772.8212890625,772.8212890625,0,0.0,0.0
2015-10-29 00:00:00+09:00,758.3761596679688,758.3761596679688,758.3761596679688,758.3761596679688,1400,0.0,0.0
2015-10-30 00:00:00+09:00,758.3761596679688,758.3761596679688,758.3761596679688,758.3761596679688,0,0.0,0.0
2015-11-02 00:00:00+09:00,772.821424191497,776.4327392578125,772.821424191497,776.4327392578125,400,0.0,0.0
2015-11-04 00:00:00+09:00,780.044054324128,780.044054324128,776.4327392578125,776.4327392578125,600,0.0,0.0
2015-11-05 00:00:00+09:00,780.043958813364,783.6552734375,780.043958813364,783.6552734375,400,0.0,0.0
2015-11-06 00:00:00+09:00,783.6552734375,783.6552734375,783.6552734375,783.6552734375,0,0.0,0.0
2015-11-09 00:00:00+09:00,787.266588061636,787.266588061636,783.6552734375,783.6552734375,800,0.0,0.0
2015-11-10 00:00:00+09:00,805.3232421875,805.3232421875,805.3232421875,805.3232421875,200,0.0,0.0
2015-11-11 00:00:00+09:00,805.3232421875,805.3232421875,805.3232421875,805.3232421875,0,0.0,0.0
2015-11-12 00:00:00+09:00,805.3232421875,805.3232421875,805.3232421875,805.3232421875,0,0.0,0.0
2015-11-13 00:00:00+09:00,805.3232421875,805.3232421875,805.3232421875,805.3232421875,0,0.0,0.0
2015-11-16 00:00:00+09:00,801.7118874289773,801.7118874289773,794.4892578125,794.4892578125,600,0.0,0.0
2015-11-17 00:00:00+09:00,801.7119140625,801.7119140625,801.7119140625,801.7119140625,600,0.0,0.0
2015-11-18 00:00:00+09:00,801.7119140625,801.7119140625,801.7119140625,801.7119140625,0,0.0,0.0
2015-11-19 00:00:00+09:00,801.7119140625,801.7119140625,801.7119140625,801.7119140625,0,0.0,0.0
2015-11-20 00:00:00+09:00,801.7119140625,801.7119140625,801.7119140625,801.7119140625,0,0.0,0.0
2015-11-24 00:00:00+09:00,772.8212890625,772.8212890625,772.8212890625,772.8212890625,200,0.0,0.0
2015-11-25 00:00:00+09:00,772.8213979515111,772.8213979515111,769.2100830078125,769.2100830078125,400,0.0,0.0
2015-11-26 00:00:00+09:00,765.5987680641139,769.2100830078125,765.5987680641139,769.2100830078125,400,0.0,0.0
2015-11-27 00:00:00+09:00,769.2099746276285,772.8212890625,769.2099746276285,772.8212890625,800,0.0,0.0
2015-11-30 00:00:00+09:00,772.8212890625,772.8212890625,772.8212890625,772.8212890625,0,0.0,0.0
2015-12-01 00:00:00+09:00,772.8212890625,772.8212890625,772.8212890625,772.8212890625,0,0.0,0.0
2015-12-02 00:00:00+09:00,794.4892578125,794.4892578125,794.4892578125,794.4892578125,400,0.0,0.0
2015-12-03 00:00:00+09:00,794.4892578125,794.4892578125,794.4892578125,794.4892578125,0,0.0,0.0
2015-12-04 00:00:00+09:00,780.0440673828125,780.0440673828125,780.0440673828125,780.0440673828125,200,0.0,0.0
2015-12-07 00:00:00+09:00,794.4892925297448,794.4892925297448,787.2666625976562,787.2666625976562,800,0.0,0.0
2015-12-08 00:00:00+09:00,790.8779296875,790.8779296875,787.2666149400684,790.8779296875,1200,0.0,0.0
2015-12-09 00:00:00+09:00,790.8779296875,790.8779296875,790.8779296875,790.8779296875,200,0.0,0.0
2015-12-10 00:00:00+09:00,801.7119140625,801.7119140625,801.7119140625,801.7119140625,400,0.0,0.0
2015-12-11 00:00:00+09:00,801.7119140625,801.7119140625,801.7119140625,801.7119140625,0,0.0,0.0
2015-12-14 00:00:00+09:00,780.0440278389085,780.0440278389085,769.2100830078125,769.2100830078125,600,0.0,0.0
2015-12-15 00:00:00+09:00,769.2100830078125,769.2100830078125,769.2100830078125,769.2100830078125,400,0.0,0.0
2015-12-16 00:00:00+09:00,769.2100830078125,769.2100830078125,769.2100830078125,769.2100830078125,0,0.0,0.0
2015-12-17 00:00:00+09:00,769.2100830078125,769.2100830078125,769.2100830078125,769.2100830078125,0,0.0,0.0
2015-12-18 00:00:00+09:00,769.2100830078125,769.2100830078125,769.2100830078125,769.2100830078125,0,0.0,0.0
2015-12-21 00:00:00+09:00,772.8213559503424,790.8779296875,772.8213559503424,790.8779296875,400,0.0,0.0
2015-12-22 00:00:00+09:00,790.8779296875,790.8779296875,790.8779296875,790.8779296875,0,0.0,0.0
2015-12-24 00:00:00+09:00,772.8214198521205,772.8214198521205,758.3761596679688,758.3761596679688,1400,0.0,0.0
2015-12-25 00:00:00+09:00,758.3761596679688,758.3761596679688,758.3761596679688,758.3761596679688,0,0.0,0.0
2015-12-28 00:00:00+09:00,740.3195190429688,740.3195190429688,740.3195190429688,740.3195190429688,200,0.0,0.0
2015-12-29 00:00:00+09:00,780.0440673828125,780.0440673828125,780.0440673828125,780.0440673828125,200,0.0,0.0
2015-12-30 00:00:00+09:00,787.2666625976562,787.2666625976562,787.2666625976562,787.2666625976562,400,0.0,0.0
2016-01-04 00:00:00+09:00,787.2666625976562,787.2666625976562,787.2666625976562,787.2666625976562,0,0.0,0.0
2016-01-05 00:00:00+09:00,783.6552734375,783.6552734375,783.6552734375,783.6552734375,200,0.0,0.0
2016-01-06 00:00:00+09:00,769.2100830078125,769.2100830078125,769.2100830078125,769.2100830078125,200,0.0,0.0
2016-01-07 00:00:00+09:00,761.9874267578125,761.9874267578125,761.9874267578125,761.9874267578125,400,0.0,0.0
2016-01-08 00:00:00+09:00,761.9874267578125,761.9874267578125,761.9874267578125,761.9874267578125,0,0.0,0.0
2016-01-12 00:00:00+09:00,780.0440227801984,780.0440227801984,751.1535034179688,751.1535034179688,400,0.0,0.0
2016-01-13 00:00:00+09:00,754.7648315429688,754.7648315429688,754.7648315429688,754.7648315429688,200,0.0,0.0
2016-01-14 00:00:00+09:00,754.7648315429688,754.7648315429688,754.7648315429688,754.7648315429688,200,0.0,0.0
2016-01-15 00:00:00+09:00,754.7648315429688,754.7648315429688,754.7648315429688,754.7648315429688,0,0.0,0.0
2016-01-18 00:00:00+09:00,754.7648315429688,754.7648315429688,754.7648315429688,754.7648315429688,0,0.0,0.0
2016-01-19 00:00:00+09:00,754.7648315429688,754.7648315429688,754.7648315429688,754.7648315429688,0,0.0,0.0
2016-01-20 00:00:00+09:00,743.9308471679688,743.9308471679688,743.9308471679688,743.9308471679688,200,0.0,0.0
2016-01-21 00:00:00+09:00,729.485595703125,729.485595703125,729.485595703125,729.485595703125,400,0.0,0.0
2016-01-22 00:00:00+09:00,722.2630004882812,722.2630004882812,722.2630004882812,722.2630004882812,600,0.0,0.0
2016-01-25 00:00:00+09:00,736.70823872383,736.70823872383,733.096923828125,733.096923828125,400,0.0,0.0
2016-01-26 00:00:00+09:00,733.0969105333385,733.0969105333385,729.485595703125,729.485595703125,400,0.0,0.0
2016-01-27 00:00:00+09:00,729.485595703125,729.485595703125,729.485595703125,729.485595703125,0,0.0,0.0
2016-01-28 00:00:00+09:00,729.485595703125,729.485595703125,729.485595703125,729.485595703125,0,0.0,0.0
2016-01-29 00:00:00+09:00,729.485595703125,729.485595703125,729.485595703125,729.485595703125,0,0.0,0.0
2016-02-01 00:00:00+09:00,736.7081909179688,736.7081909179688,736.7081909179688,736.7081909179688,600,0.0,0.0
2016-02-02 00:00:00+09:00,736.7081909179688,736.7081909179688,736.7081909179688,736.7081909179688,0,0.0,0.0
2016-02-03 00:00:00+09:00,736.7081909179688,736.7081909179688,736.7081909179688,736.7081909179688,0,0.0,0.0
2016-02-04 00:00:00+09:00,751.1535034179688,751.1535034179688,751.1535034179688,751.1535034179688,200,0.0,0.0
2016-02-05 00:00:00+09:00,798.1004901066004,798.1004901066004,772.8212890625,772.8212890625,1400,0.0,0.0
2016-02-08 00:00:00+09:00,801.7118739297945,801.7118739297945,790.8779296875,790.8779296875,1000,0.0,0.0
2016-02-09 00:00:00+09:00,787.2666185673196,787.2666185673196,725.874267578125,725.874267578125,1200,0.0,0.0
2016-02-10 00:00:00+09:00,733.096889588891,740.3195190429688,733.096889588891,740.3195190429688,800,0.0,0.0
2016-02-12 00:00:00+09:00,733.0968971062656,733.0968971062656,725.874267578125,725.874267578125,1200,0.0,0.0
2016-02-15 00:00:00+09:00,696.9837748710745,733.096923828125,696.9837748710745,733.096923828125,4000,0.0,0.0
2016-02-16 00:00:00+09:00,733.096923828125,733.096923828125,733.096923828125,733.096923828125,0,0.0,0.0
2016-02-17 00:00:00+09:00,733.096923828125,733.096923828125,733.096923828125,733.096923828125,0,0.0,0.0
2016-02-18 00:00:00+09:00,733.096923828125,733.096923828125,733.096923828125,733.096923828125,0,0.0,0.0
2016-02-19 00:00:00+09:00,761.9874267578125,761.9874267578125,761.9874267578125,761.9874267578125,800,0.0,0.0
2016-02-22 00:00:00+09:00,733.096923828125,733.096923828125,733.096923828125,733.096923828125,3000,0.0,0.0
2016-02-23 00:00:00+09:00,733.096923828125,733.096923828125,733.096923828125,733.096923828125,200,0.0,0.0
2016-02-24 00:00:00+09:00,733.096923828125,733.096923828125,733.096923828125,733.096923828125,0,0.0,0.0
2016-02-25 00:00:00+09:00,747.5421752929688,747.5421752929688,747.5421752929688,747.5421752929688,600,0.0,0.0
2016-02-26 00:00:00+09:00,747.5421752929688,747.5421752929688,747.5421752929688,747.5421752929688,0,0.0,0.0
2016-02-29 00:00:00+09:00,747.5421752929688,747.5421752929688,747.5421752929688,747.5421752929688,0,0.0,0.0
2016-03-01 00:00:00+09:00,747.5421752929688,747.5421752929688,747.5421752929688,747.5421752929688,400,0.0,0.0
2016-03-02 00:00:00+09:00,747.5421752929688,747.5421752929688,747.5421752929688,747.5421752929688,0,0.0,0.0
2016-03-03 00:00:00+09:00,747.5421752929688,747.5421752929688,747.5421752929688,747.5421752929688,0,0.0,0.0
2016-03-04 00:00:00+09:00,747.5421752929688,747.5421752929688,747.5421752929688,747.5421752929688,0,0.0,0.0
2016-03-07 00:00:00+09:00,747.5421752929688,747.5421752929688,747.5421752929688,747.5421752929688,0,0.0,0.0
2016-03-08 00:00:00+09:00,747.5421752929688,747.5421752929688,747.5421752929688,747.5421752929688,0,0.0,0.0
2016-03-09 00:00:00+09:00,747.5421752929688,747.5421752929688,747.5421752929688,747.5421752929688,0,0.0,0.0
2016-03-10 00:00:00+09:00,776.4327522560402,780.0440673828125,776.4327522560402,780.0440673828125,1000,0.0,0.0
2016-03-11 00:00:00+09:00,780.0440673828125,780.0440673828125,780.0440673828125,780.0440673828125,0,0.0,0.0
2016-03-14 00:00:00+09:00,765.5987548828125,765.5987548828125,765.5987548828125,765.5987548828125,400,0.0,0.0
2016-03-15 00:00:00+09:00,754.7648315429688,754.7648315429688,754.7648315429688,754.7648315429688,200,0.0,0.0
2016-03-16 00:00:00+09:00,754.7648315429688,754.7648315429688,754.7648315429688,754.7648315429688,0,0.0,0.0
2016-03-17 00:00:00+09:00,754.7648315429688,754.7648315429688,754.7648315429688,754.7648315429688,0,0.0,0.0
2016-03-18 00:00:00+09:00,754.7648315429688,754.7648315429688,754.7648315429688,754.7648315429688,0,0.0,0.0
2016-03-22 00:00:00+09:00,765.598660192757,772.8212890625,765.598660192757,772.8212890625,400,0.0,0.0
2016-03-23 00:00:00+09:00,772.8212890625,772.8212890625,772.8212890625,772.8212890625,0,0.0,0.0
2016-03-24 00:00:00+09:00,772.8212890625,772.8212890625,772.8212890625,772.8212890625,0,0.0,0.0
2016-03-25 00:00:00+09:00,794.4892578125,794.4892578125,794.4892578125,794.4892578125,200,0.0,0.0
2016-03-28 00:00:00+09:00,801.7119140625,801.7119140625,801.7119140625,801.7119140625,200,0.0,0.0
2016-03-29 00:00:00+09:00,801.7119140625,801.7119140625,801.7119140625,801.7119140625,0,0.0,0.0
2016-03-30 00:00:00+09:00,790.8779296875,790.8779296875,790.8779296875,790.8779296875,200,0.0,0.0
2016-03-31 00:00:00+09:00,798.100559182363,798.100559182363,790.8779296875,790.8779296875,400,0.0,0.0
2016-04-01 00:00:00+09:00,772.8212890625,772.8212890625,772.8212890625,772.8212890625,400,0.0,0.0
2016-04-04 00:00:00+09:00,776.4327392578125,776.4327392578125,776.4327392578125,776.4327392578125,200,0.0,0.0
2016-04-05 00:00:00+09:00,769.2100697643351,769.2100697643351,765.5987548828125,765.5987548828125,600,0.0,0.0
2016-04-06 00:00:00+09:00,765.5987548828125,765.5987548828125,765.5987548828125,765.5987548828125,200,0.0,0.0
2016-04-07 00:00:00+09:00,765.5987548828125,765.5987548828125,765.5987548828125,765.5987548828125,0,0.0,0.0
2016-04-08 00:00:00+09:00,765.5987548828125,765.5987548828125,765.5987548828125,765.5987548828125,0,0.0,0.0
2016-04-11 00:00:00+09:00,765.5987548828125,765.5987548828125,765.5987548828125,765.5987548828125,0,0.0,0.0
2016-04-12 00:00:00+09:00,765.5987548828125,765.5987548828125,765.5987548828125,765.5987548828125,0,0.0,0.0
2016-04-13 00:00:00+09:00,758.3761063362788,758.3761063362788,743.9308471679688,743.9308471679688,600,0.0,0.0
2016-04-14 00:00:00+09:00,758.3761596679688,758.3761596679688,758.3761596679688,758.3761596679688,200,0.0,0.0
2016-04-15 00:00:00+09:00,780.043917932243,787.266546801986,772.8212890625,772.8212890625,1600,0.0,0.0
2016-04-18 00:00:00+09:00,794.4892357135642,845.0476416226091,790.8779210057752,837.8250122070312,8200,0.0,0.0
2016-04-19 00:00:00+09:00,830.6024036657342,834.2137184642809,826.9910888671875,826.9910888671875,1800,0.0,0.0
2016-04-20 00:00:00+09:00,826.9910888671875,826.9910888671875,826.9910888671875,826.9910888671875,400,0.0,0.0
2016-04-21 00:00:00+09:00,830.6024169921875,830.6024169921875,830.6024169921875,830.6024169921875,200,0.0,0.0
2016-04-22 00:00:00+09:00,834.2137108012842,841.4363403320312,834.2137108012842,841.4363403320312,1800,0.0,0.0
2016-04-25 00:00:00+09:00,841.4363968163206,841.4363968163206,823.3798217773436,823.3798217773438,1400,0.0,0.0
2016-04-26 00:00:00+09:00,826.9911046262647,884.7721425040824,808.9345302894467,881.1608276367188,9000,0.0,0.0
2016-04-27 00:00:00+09:00,884.7721425040824,891.9947722388096,881.1608276367188,881.1608276367188,1200,0.0,0.0
2016-04-28 00:00:00+09:00,881.1608276367188,881.1608276367188,881.1608276367188,881.1608276367188,0,0.0,0.0
2016-05-02 00:00:00+09:00,881.1608276367188,881.1608276367188,881.1608276367188,881.1608276367188,0,0.0,0.0
2016-05-06 00:00:00+09:00,873.9382126266892,873.9382126266892,758.3761349239865,801.7119140625,4800,0.0,0.0
2016-05-09 00:00:00+09:00,812.5458721622758,812.5458721622758,783.6553522631726,805.3232421875,3000,0.0,0.0
2016-05-10 00:00:00+09:00,805.3232129967731,830.6024169921875,805.3232129967731,830.6024169921875,1400,0.0,0.0
2016-05-11 00:00:00+09:00,830.6023766605864,830.6023766605864,819.7684326171875,819.7684326171875,600,0.0,0.0
2016-05-12 00:00:00+09:00,823.3798217773436,823.3798217773436,823.3798217773436,823.3798217773438,400,0.0,0.0
2016-05-13 00:00:00+09:00,826.9911152893332,834.2137451171875,826.9911152893332,834.2137451171875,1200,0.0,0.0
2016-05-16 00:00:00+09:00,834.2137451171875,834.2137451171875,834.2137451171875,834.2137451171875,1400,0.0,0.0
2016-05-17 00:00:00+09:00,866.715576171875,866.715576171875,866.715576171875,866.715576171875,1000,0.0,0.0
2016-05-18 00:00:00+09:00,873.9381103515625,873.9381103515625,873.9381103515625,873.9381103515625,200,0.0,0.0
2016-05-19 00:00:00+09:00,873.9381103515625,873.9381103515625,873.9381103515625,873.9381103515625,0,0.0,0.0
2016-05-20 00:00:00+09:00,866.715576171875,866.715576171875,866.715576171875,866.715576171875,400,0.0,0.0
2016-05-23 00:00:00+09:00,866.715576171875,866.715576171875,866.715576171875,866.715576171875,0,0.0,0.0
2016-05-24 00:00:00+09:00,866.715576171875,866.715576171875,866.715576171875,866.715576171875,800,0.0,0.0
2016-05-25 00:00:00+09:00,866.715576171875,866.715576171875,866.715576171875,866.715576171875,0,0.0,0.0
2016-05-26 00:00:00+09:00,866.715576171875,866.715576171875,866.715576171875,866.715576171875,0,0.0,0.0
2016-05-27 00:00:00+09:00,863.1042289242723,866.7155436896459,841.4363403320312,841.4363403320312,1400,0.0,0.0
2016-05-30 00:00:00+09:00,830.6025013497206,888.383544921875,830.6025013497206,888.383544921875,1800,0.0,0.0
2016-05-31 00:00:00+09:00,888.3834382385767,888.3834382385767,859.492919921875,859.492919921875,5200,0.0,0.0
2016-06-01 00:00:00+09:00,834.213716394761,859.492919921875,834.213716394761,859.492919921875,1200,0.0,0.0
2016-06-02 00:00:00+09:00,855.8815378236376,873.9381103515625,855.8815378236376,873.9381103515625,1200,0.0,0.0
2016-06-03 00:00:00+09:00,884.7721557617188,888.3834706831951,881.1608408402423,884.7721557617188,1800,0.0,0.0
2016-06-06 00:00:00+09:00,884.7721557617188,884.7721557617188,884.7721557617188,884.7721557617188,200,0.0,0.0
2016-06-07 00:00:00+09:00,884.7721557617188,884.7721557617188,884.7721557617188,884.7721557617188,0,0.0,0.0
2016-06-08 00:00:00+09:00,884.7721557617188,884.7721557617188,884.7721557617188,884.7721557617188,0,0.0,0.0
2016-06-09 00:00:00+09:00,881.1608756108539,881.1608756108539,877.549560546875,877.549560546875,1000,0.0,0.0
2016-06-10 00:00:00+09:00,881.1608756108539,881.1608756108539,877.549560546875,877.549560546875,600,0.0,0.0
2016-06-13 00:00:00+09:00,877.5495992520961,888.383544921875,877.5495992520961,888.383544921875,400,0.0,0.0
2016-06-14 00:00:00+09:00,884.7721506754558,888.383465576172,866.715576171875,866.715576171875,1600,0.0,0.0
2016-06-15 00:00:00+09:00,866.715576171875,866.715576171875,866.715576171875,866.715576171875,0,0.0,0.0
2016-06-16 00:00:00+09:00,866.715576171875,866.715576171875,866.715576171875,866.715576171875,0,0.0,0.0
2016-06-17 00:00:00+09:00,816.1572135416667,819.7685286458334,812.5458984375,812.5458984375,800,0.0,0.0
2016-06-20 00:00:00+09:00,805.3232682291667,812.5458984375,805.3232682291667,812.5458984375,1000,0.0,0.0
2016-06-21 00:00:00+09:00,798.1005859375,798.1005859375,798.1005859375,798.1005859375,200,0.0,0.0
2016-06-22 00:00:00+09:00,819.7684887035473,819.7684887035473,798.1005991342905,801.7119140625,1000,0.0,0.0
2016-06-23 00:00:00+09:00,812.5458984375,812.5458984375,812.5458984375,812.5458984375,200,0.0,0.0
2016-06-24 00:00:00+09:00,826.9911321118274,826.9911321118274,805.3232421875,805.3232421875,1400,0.0,0.0
2016-06-27 00:00:00+09:00,812.5458240509033,826.9910831451416,808.9345092773438,808.9345092773438,1000,0.0,0.0
2016-06-28 00:00:00+09:00,808.9344980184314,808.9344980184314,797.322998046875,797.322998046875,800,75.0,0.0
2016-06-29 00:00:00+09:00,797.3229699228324,812.8049693388097,789.5819702148438,789.5819702148438,1600,0.0,0.0
2016-06-30 00:00:00+09:00,789.5820480872844,801.1935487944504,785.7115478515625,785.7115478515625,7000,0.0,0.0
2016-07-01 00:00:00+09:00,785.7115478515625,793.4525483230065,785.7115478515625,785.7115478515625,1000,0.0,0.0
2016-07-04 00:00:00+09:00,801.1935424804688,801.1935424804688,801.1935424804688,801.1935424804688,200,0.0,0.0
2016-07-05 00:00:00+09:00,801.1935424804688,801.1935424804688,801.1935424804688,801.1935424804688,0,0.0,0.0
2016-07-06 00:00:00+09:00,801.1935424804688,801.1935424804688,801.1935424804688,801.1935424804688,0,0.0,0.0
2016-07-07 00:00:00+09:00,801.1935424804688,801.1935424804688,801.1935424804688,801.1935424804688,0,0.0,0.0
2016-07-08 00:00:00+09:00,801.1935424804688,801.1935424804688,801.1935424804688,801.1935424804688,0,0.0,0.0
2016-07-11 00:00:00+09:00,801.1935424804688,801.1935424804688,801.1935424804688,801.1935424804688,0,0.0,0.0
2016-07-12 00:00:00+09:00,789.5819980658374,797.322998046875,789.5819980658374,797.322998046875,400,0.0,0.0
2016-07-13 00:00:00+09:00,805.0640092329545,808.9345092773438,805.0640092329545,808.9345092773438,600,0.0,0.0
2016-07-14 00:00:00+09:00,812.8049926757812,812.8049926757812,812.8049926757812,812.8049926757812,200,0.0,0.0
2016-07-15 00:00:00+09:00,812.8050430961277,812.8050430961277,801.1935424804688,801.1935424804688,600,0.0,0.0
2016-07-19 00:00:00+09:00,801.1935424804688,801.1935424804688,801.1935424804688,801.1935424804688,400,0.0,0.0
2016-07-20 00:00:00+09:00,801.1935424804688,801.1935424804688,801.1935424804688,801.1935424804688,0,0.0,0.0
2016-07-21 00:00:00+09:00,801.1935424804688,801.1935424804688,801.1935424804688,801.1935424804688,0,0.0,0.0
2016-07-22 00:00:00+09:00,801.1935424804688,801.1935424804688,801.1935424804688,801.1935424804688,0,0.0,0.0
2016-07-25 00:00:00+09:00,801.1935864962064,805.0640869140625,801.1935864962064,805.0640869140625,400,0.0,0.0
2016-07-26 00:00:00+09:00,793.4525756835938,793.4525756835938,793.4525756835938,793.4525756835938,200,0.0,0.0
2016-07-27 00:00:00+09:00,793.4525756835938,793.4525756835938,793.4525756835938,793.4525756835938,0,0.0,0.0
2016-07-28 00:00:00+09:00,793.4525756835938,793.4525756835938,793.4525756835938,793.4525756835938,0,0.0,0.0
2016-07-29 00:00:00+09:00,793.4525756835938,793.4525756835938,793.4525756835938,793.4525756835938,0,0.0,0.0
2016-08-01 00:00:00+09:00,797.3230422752491,801.1935424804688,793.4525420700294,801.1935424804688,2200,0.0,0.0
2016-08-02 00:00:00+09:00,793.4525756835938,793.4525756835938,793.4525756835938,793.4525756835938,1000,0.0,0.0
2016-08-03 00:00:00+09:00,793.4525756835938,793.4525756835938,793.4525756835938,793.4525756835938,0,0.0,0.0
2016-08-04 00:00:00+09:00,793.4525756835938,793.4525756835938,793.4525756835938,793.4525756835938,0,0.0,0.0
2016-08-05 00:00:00+09:00,793.4525420700294,801.1935424804688,793.4525420700294,801.1935424804688,1400,0.0,0.0
2016-08-08 00:00:00+09:00,801.1935424804688,801.1935424804688,801.1935424804688,801.1935424804688,600,0.0,0.0
2016-08-09 00:00:00+09:00,801.1935424804688,801.1935424804688,801.1935424804688,801.1935424804688,200,0.0,0.0
2016-08-10 00:00:00+09:00,828.2870483398438,828.2870483398438,828.2870483398438,828.2870483398438,800,0.0,0.0
2016-08-12 00:00:00+09:00,828.2870483398438,828.2870483398438,828.2870483398438,828.2870483398438,0,0.0,0.0
2016-08-15 00:00:00+09:00,797.322998046875,797.322998046875,797.322998046875,797.322998046875,200,0.0,0.0
2016-08-16 00:00:00+09:00,805.0639980279127,805.0639980279127,797.322998046875,797.322998046875,800,0.0,0.0
2016-08-17 00:00:00+09:00,797.322998046875,797.322998046875,797.322998046875,797.322998046875,0,0.0,0.0
2016-08-18 00:00:00+09:00,797.322998046875,797.322998046875,797.322998046875,797.322998046875,0,0.0,0.0
2016-08-19 00:00:00+09:00,797.322998046875,797.322998046875,797.322998046875,797.322998046875,0,0.0,0.0
2016-08-22 00:00:00+09:00,828.2870483398438,828.2870483398438,828.2870483398438,828.2870483398438,800,0.0,0.0
2016-08-23 00:00:00+09:00,828.2870483398438,828.2870483398438,828.2870483398438,828.2870483398438,0,0.0,0.0
2016-08-24 00:00:00+09:00,828.2870483398438,828.2870483398438,828.2870483398438,828.2870483398438,0,0.0,0.0
2016-08-25 00:00:00+09:00,828.2870483398438,828.2870483398438,828.2870483398438,828.2870483398438,0,0.0,0.0
2016-08-26 00:00:00+09:00,847.6395263671875,847.6395263671875,847.6395263671875,847.6395263671875,200,0.0,0.0
2016-08-29 00:00:00+09:00,847.6395263671875,847.6395263671875,847.6395263671875,847.6395263671875,0,0.0,0.0
2016-08-30 00:00:00+09:00,847.6395263671875,847.6395263671875,847.6395263671875,847.6395263671875,0,0.0,0.0
2016-08-31 00:00:00+09:00,847.6395263671875,847.6395263671875,847.6395263671875,847.6395263671875,0,0.0,0.0
2016-09-01 00:00:00+09:00,847.6395263671875,847.6395263671875,847.6395263671875,847.6395263671875,3000,0.0,0.0
2016-09-02 00:00:00+09:00,847.6395263671875,847.6395263671875,847.6395263671875,847.6395263671875,0,0.0,0.0
2016-09-05 00:00:00+09:00,847.6395263671875,847.6395263671875,847.6395263671875,847.6395263671875,0,0.0,0.0
2016-09-06 00:00:00+09:00,847.6395415593443,890.2150436467999,847.6395415593443,886.3445434570312,1600,0.0,0.0
2016-09-07 00:00:00+09:00,882.4740600585938,882.4740600585938,882.4740600585938,882.4740600585938,200,0.0,0.0
2016-09-08 00:00:00+09:00,882.4740600585938,882.4740600585938,882.4740600585938,882.4740600585938,0,0.0,0.0
2016-09-09 00:00:00+09:00,882.4740600585938,882.4740600585938,882.4740600585938,882.4740600585938,0,0.0,0.0
2016-09-12 00:00:00+09:00,882.4740600585938,882.4740600585938,882.4740600585938,882.4740600585938,0,0.0,0.0
2016-09-13 00:00:00+09:00,874.7329711914062,874.7329711914062,874.7329711914062,874.7329711914062,200,0.0,0.0
2016-09-14 00:00:00+09:00,874.7329711914062,874.7329711914062,874.7329711914062,874.7329711914062,0,0.0,0.0
2016-09-15 00:00:00+09:00,851.5100264875856,851.5100264875856,820.5460255244006,847.6395263671875,600,0.0,0.0
2016-09-16 00:00:00+09:00,847.6395263671875,847.6395263671875,847.6395263671875,847.6395263671875,0,0.0,0.0
2016-09-20 00:00:00+09:00,832.1574707031249,832.1574707031249,832.1574707031249,832.157470703125,600,0.0,0.0
2016-09-21 00:00:00+09:00,832.1574707031249,832.1574707031249,832.1574707031249,832.157470703125,0,0.0,0.0
2016-09-23 00:00:00+09:00,863.1215209960938,863.1215209960938,863.1215209960938,863.1215209960938,200,0.0,0.0
2016-09-26 00:00:00+09:00,863.1215209960938,863.1215209960938,863.1215209960938,863.1215209960938,0,0.0,0.0
2016-09-27 00:00:00+09:00,863.1215209960938,863.1215209960938,863.1215209960938,863.1215209960938,0,0.0,0.0
2016-09-28 00:00:00+09:00,863.1215209960938,863.1215209960938,863.1215209960938,863.1215209960938,0,0.0,0.0
2016-09-29 00:00:00+09:00,863.1215209960938,863.1215209960938,863.1215209960938,863.1215209960938,0,0.0,0.0
2016-09-30 00:00:00+09:00,863.1215209960938,863.1215209960938,863.1215209960938,863.1215209960938,0,0.0,0.0
2016-10-03 00:00:00+09:00,832.1574707031249,832.1574707031249,832.1574707031249,832.157470703125,400,0.0,0.0
2016-10-04 00:00:00+09:00,832.1574707031249,832.1574707031249,832.1574707031249,832.157470703125,0,0.0,0.0
2016-10-05 00:00:00+09:00,832.1574707031249,832.1574707031249,832.1574707031249,832.157470703125,0,0.0,0.0
2016-10-06 00:00:00+09:00,832.1574707031249,832.1574707031249,832.1574707031249,832.157470703125,0,0.0,0.0
2016-10-07 00:00:00+09:00,863.1215209960938,863.1215209960938,863.1215209960938,863.1215209960938,200,0.0,0.0
2016-10-11 00:00:00+09:00,874.7329984744024,874.7329984744024,839.8984985351562,839.8984985351562,2200,0.0,0.0
2016-10-12 00:00:00+09:00,839.8985427716457,843.76904296875,839.8985427716457,843.76904296875,600,0.0,0.0
2016-10-13 00:00:00+09:00,851.5100372589386,859.2510375976562,851.5100372589386,859.2510375976562,400,0.0,0.0
2016-10-14 00:00:00+09:00,859.2510375976562,859.2510375976562,859.2510375976562,859.2510375976562,200,0.0,0.0
2016-10-17 00:00:00+09:00,859.2510375976562,859.2510375976562,859.2510375976562,859.2510375976562,800,0.0,0.0
2016-10-18 00:00:00+09:00,843.76904296875,843.76904296875,843.76904296875,843.76904296875,1000,0.0,0.0
2016-10-19 00:00:00+09:00,843.76904296875,843.76904296875,843.76904296875,843.76904296875,400,0.0,0.0
2016-10-20 00:00:00+09:00,870.8626098632812,870.8626098632812,843.7691064453124,870.8626098632812,2400,0.0,0.0
2016-10-21 00:00:00+09:00,874.7329711914062,874.7329711914062,874.7329711914062,874.7329711914062,400,0.0,0.0
2016-10-24 00:00:00+09:00,882.4740432672626,890.2150436467999,882.4740432672626,886.3445434570312,1000,0.0,0.0
2016-10-25 00:00:00+09:00,886.3445434570312,886.3445434570312,886.3445434570312,886.3445434570312,0,0.0,0.0
2016-10-26 00:00:00+09:00,905.6970273225204,905.6970273225204,890.2150268554688,890.2150268554688,600,0.0,0.0
2016-10-27 00:00:00+09:00,905.697021484375,905.697021484375,905.697021484375,905.697021484375,800,0.0,0.0
2016-10-28 00:00:00+09:00,913.4379717991825,917.3084716796875,913.4379717991825,917.3084716796875,800,0.0,0.0
2016-10-31 00:00:00+09:00,905.697021484375,905.697021484375,905.697021484375,905.697021484375,400,0.0,0.0
2016-11-01 00:00:00+09:00,905.697021484375,905.697021484375,905.697021484375,905.697021484375,0,0.0,0.0
2016-11-02 00:00:00+09:00,909.5675048828125,909.5675048828125,909.5675048828125,909.5675048828125,200,0.0,0.0
2016-11-04 00:00:00+09:00,890.2150047789229,909.5675048828125,878.6035047165891,909.5675048828125,600,0.0,0.0
2016-11-07 00:00:00+09:00,890.2150453340023,890.2150453340023,824.4165419832283,843.76904296875,3800,0.0,0.0
2016-11-08 00:00:00+09:00,851.5099324360152,855.3804321289062,851.5099324360152,855.3804321289062,400,0.0,0.0
2016-11-09 00:00:00+09:00,843.7689985284059,843.7689985284059,839.8984985351562,839.8984985351562,400,0.0,0.0
2016-11-10 00:00:00+09:00,851.5100264875856,851.5100264875856,847.6395263671875,847.6395263671875,400,0.0,0.0
2016-11-11 00:00:00+09:00,847.6395263671875,847.6395263671875,847.6395263671875,847.6395263671875,0,0.0,0.0
2016-11-14 00:00:00+09:00,859.2510375976562,859.2510375976562,859.2510375976562,859.2510375976562,200,0.0,0.0
2016-11-15 00:00:00+09:00,897.956067766462,897.956067766462,866.9920654296875,866.9920654296875,400,0.0,0.0
2016-11-16 00:00:00+09:00,863.1216088867187,870.8626098632812,863.1216088867187,870.8626098632812,600,0.0,0.0
2016-11-17 00:00:00+09:00,870.8626098632812,870.8626098632812,870.8626098632812,870.8626098632812,0,0.0,0.0
2016-11-18 00:00:00+09:00,874.7329711914062,874.7329711914062,874.7329711914062,874.7329711914062,200,0.0,0.0
2016-11-21 00:00:00+09:00,874.7329711914062,874.7329711914062,874.7329711914062,874.7329711914062,0,0.0,0.0
2016-11-22 00:00:00+09:00,874.7329711914062,874.7329711914062,874.7329711914062,874.7329711914062,0,0.0,0.0
2016-11-24 00:00:00+09:00,874.7329711914062,874.7329711914062,874.7329711914062,874.7329711914062,0,0.0,0.0
2016-11-25 00:00:00+09:00,874.7329711914062,874.7329711914062,874.7329711914062,874.7329711914062,200,0.0,0.0
2016-11-28 00:00:00+09:00,874.7329711914062,874.7329711914062,874.7329711914062,874.7329711914062,0,0.0,0.0
2016-11-29 00:00:00+09:00,874.7329711914062,874.7329711914062,874.7329711914062,874.7329711914062,0,0.0,0.0
2016-11-30 00:00:00+09:00,882.4739727551424,917.3084716796875,866.9919732331224,917.3084716796875,1200,0.0,0.0
2016-12-01 00:00:00+09:00,917.3084716796875,917.3084716796875,917.3084716796875,917.3084716796875,0,0.0,0.0
2016-12-02 00:00:00+09:00,886.3445434570312,886.3445434570312,886.3445434570312,886.3445434570312,200,0.0,0.0
2016-12-05 00:00:00+09:00,886.3445434570312,886.3445434570312,886.3445434570312,886.3445434570312,0,0.0,0.0
2016-12-06 00:00:00+09:00,882.4740600585938,882.4740600585938,882.4740600585938,882.4740600585938,400,0.0,0.0
2016-12-07 00:00:00+09:00,882.4740600585938,882.4740600585938,882.4740600585938,882.4740600585938,0,0.0,0.0
2016-12-08 00:00:00+09:00,874.7329547898885,882.473954389799,874.7329547898885,878.6034545898438,2200,0.0,0.0
2016-12-09 00:00:00+09:00,878.6034545898438,882.473954389799,878.6034545898438,878.6034545898438,600,0.0,0.0
2016-12-12 00:00:00+09:00,909.5675215761886,909.5675215761886,901.8265213925614,905.697021484375,1000,0.0,0.0
2016-12-13 00:00:00+09:00,905.697021484375,905.697021484375,905.697021484375,905.697021484375,0,0.0,0.0
2016-12-14 00:00:00+09:00,886.3444541897543,886.3444541897543,874.7329547898885,878.6034545898438,5600,0.0,0.0
2016-12-15 00:00:00+09:00,878.6034545898438,878.6034545898438,878.6034545898438,878.6034545898438,0,0.0,0.0
2016-12-16 00:00:00+09:00,878.6034545898438,878.6034545898438,878.6034545898438,878.6034545898438,200,0.0,0.0
2016-12-19 00:00:00+09:00,882.4740432672626,886.3445434570312,882.4740432672626,886.3445434570312,4800,0.0,0.0
2016-12-20 00:00:00+09:00,882.473954389799,882.473954389799,878.6034545898438,878.6034545898438,1800,0.0,0.0
2016-12-21 00:00:00+09:00,882.4740600585938,897.9560611122533,882.4740600585938,882.4740600585938,2800,0.0,0.0
2016-12-22 00:00:00+09:00,882.4740600585938,882.4740600585938,882.4740600585938,882.4740600585938,200,0.0,0.0
2016-12-26 00:00:00+09:00,878.6035265051801,890.2150268554688,878.6035265051801,890.2150268554688,2200,0.0,0.0
2016-12-27 00:00:00+09:00,894.0855269722317,894.0855269722317,890.2150268554688,890.2150268554688,800,0.0,0.0
2016-12-28 00:00:00+09:00,878.6035430774938,886.3445434570312,878.6035430774938,886.3445434570312,600,0.0,0.0
2016-12-29 00:00:00+09:00,886.3445434570312,886.3445434570312,886.3445434570312,886.3445434570312,0,0.0,0.0
2016-12-30 00:00:00+09:00,886.3445434570312,886.3445434570312,886.3445434570312,886.3445434570312,0,0.0,0.0
2017-01-04 00:00:00+09:00,886.3445267387059,890.2150268554688,886.3445267387059,890.2150268554688,800,0.0,0.0
2017-01-05 00:00:00+09:00,886.3444541897543,886.3444541897543,878.6034545898438,878.6034545898438,2000,0.0,0.0
2017-01-06 00:00:00+09:00,894.0855102539062,894.0855102539062,894.0855102539062,894.0855102539062,200,0.0,0.0
2017-01-10 00:00:00+09:00,897.9560270889946,917.3085276728091,890.2150268554688,890.2150268554688,800,0.0,0.0
2017-01-11 00:00:00+09:00,913.4380216680022,913.4380216680022,905.697021484375,905.697021484375,3800,0.0,0.0
2017-01-12 00:00:00+09:00,913.4380493164062,917.308549525374,905.6970488984706,913.4380493164062,1800,0.0,0.0
2017-01-13 00:00:00+09:00,913.4380493164062,913.4380493164062,913.4380493164062,913.4380493164062,0,0.0,0.0
2017-01-16 00:00:00+09:00,901.8264770507812,901.8264770507812,901.8264770507812,901.8264770507812,400,0.0,0.0
2017-01-17 00:00:00+09:00,901.8264770507812,901.8264770507812,901.8264770507812,901.8264770507812,200,0.0,0.0
2017-01-18 00:00:00+09:00,909.5675491074385,913.4380493164062,909.5675491074385,913.4380493164062,1000,0.0,0.0
2017-01-19 00:00:00+09:00,897.9560213007479,905.697021484375,897.9560213007479,905.697021484375,400,0.0,0.0
2017-01-20 00:00:00+09:00,913.4380493164062,913.4380493164062,913.4380493164062,913.4380493164062,200,0.0,0.0
2017-01-23 00:00:00+09:00,925.0494995117188,925.0494995117188,925.0494995117188,925.0494995117188,800,0.0,0.0
2017-01-24 00:00:00+09:00,925.0494995117188,925.0494995117188,925.0494995117188,925.0494995117188,0,0.0,0.0
2017-01-25 00:00:00+09:00,925.0494995117188,925.0494995117188,925.0494995117188,925.0494995117188,0,0.0,0.0
2017-01-26 00:00:00+09:00,897.9559326171875,897.9559326171875,897.9559326171875,897.9559326171875,200,0.0,0.0
2017-01-27 00:00:00+09:00,917.308543395996,928.9200439453125,901.8265426635742,928.9200439453125,3800,0.0,0.0
2017-01-30 00:00:00+09:00,932.7905883789062,932.7905883789062,925.0495876454713,932.7905883789062,800,0.0,0.0
2017-01-31 00:00:00+09:00,936.6610887456236,936.6610887456236,932.7905883789062,932.7905883789062,600,0.0,0.0
2017-02-01 00:00:00+09:00,932.7905883789062,932.7905883789062,932.7905883789062,932.7905883789062,0,0.0,0.0
2017-02-02 00:00:00+09:00,932.7905883789062,932.7905883789062,932.7905883789062,932.7905883789062,0,0.0,0.0
2017-02-03 00:00:00+09:00,917.308543395996,928.9200439453125,917.308543395996,928.9200439453125,600,0.0,0.0
2017-02-06 00:00:00+09:00,932.7905883789062,932.7905883789062,932.7905883789062,932.7905883789062,200,0.0,0.0
2017-02-07 00:00:00+09:00,909.5674768537923,909.5674768537923,901.8264770507812,901.8264770507812,1600,0.0,0.0
2017-02-08 00:00:00+09:00,921.1789765583088,921.1789765583088,901.8264770507812,901.8264770507812,600,0.0,0.0
2017-02-09 00:00:00+09:00,901.8264770507812,901.8264770507812,901.8264770507812,901.8264770507812,0,0.0,0.0
2017-02-10 00:00:00+09:00,905.697021484375,905.697021484375,905.697021484375,905.697021484375,200,0.0,0.0
2017-02-13 00:00:00+09:00,925.0495049659243,925.0495049659243,909.5675048828125,909.5675048828125,1400,0.0,0.0
2017-02-14 00:00:00+09:00,917.3085049243683,917.3085049243683,909.5675048828125,909.5675048828125,600,0.0,0.0
2017-02-15 00:00:00+09:00,901.8265157747669,921.1790161132812,901.8265157747669,921.1790161132812,1000,0.0,0.0
2017-02-16 00:00:00+09:00,921.1790161132812,921.1790161132812,921.1790161132812,921.1790161132812,200,0.0,0.0
2017-02-17 00:00:00+09:00,921.1790161132812,921.1790161132812,921.1790161132812,921.1790161132812,0,0.0,0.0
2017-02-20 00:00:00+09:00,936.6610443115234,936.6610443115234,928.9200439453125,928.9200439453125,1200,0.0,0.0
2017-02-21 00:00:00+09:00,936.6610717773438,936.6610717773438,936.6610717773438,936.6610717773438,600,0.0,0.0
2017-02-22 00:00:00+09:00,936.6610717773438,936.6610717773438,936.6610717773438,936.6610717773438,0,0.0,0.0
2017-02-23 00:00:00+09:00,932.7905883789062,932.7905883789062,932.7905883789062,932.7905883789062,200,0.0,0.0
2017-02-24 00:00:00+09:00,948.2724325548966,948.2724325548966,940.5314331054688,940.5314331054688,1200,0.0,0.0
2017-02-27 00:00:00+09:00,944.4019775390625,944.4019775390625,944.4019775390625,944.4019775390625,200,0.0,0.0
2017-02-28 00:00:00+09:00,940.5314331054688,940.5314331054688,940.5314331054688,940.5314331054688,200,0.0,0.0
2017-03-01 00:00:00+09:00,940.5314331054688,940.5314331054688,940.5314331054688,940.5314331054688,0,0.0,0.0
2017-03-02 00:00:00+09:00,956.013427734375,956.013427734375,936.6609291972419,956.013427734375,1800,0.0,0.0
2017-03-03 00:00:00+09:00,959.8840840242347,959.8840840242347,948.2725830078125,948.2725830078125,1200,0.0,0.0
2017-03-06 00:00:00+09:00,932.7904294898153,956.013427734375,932.7904294898153,956.013427734375,2400,0.0,0.0
2017-03-07 00:00:00+09:00,956.013427734375,956.013427734375,956.013427734375,956.013427734375,200,0.0,0.0
2017-03-08 00:00:00+09:00,963.7544392089844,967.6249389648438,963.7544392089844,967.6249389648438,1600,0.0,0.0
2017-03-09 00:00:00+09:00,963.7544392089844,967.6249389648438,963.7544392089844,967.6249389648438,800,0.0,0.0
2017-03-10 00:00:00+09:00,986.9775390624999,986.9775390624999,979.2365387561274,986.9775390625,2000,0.0,0.0
2017-03-13 00:00:00+09:00,975.3661254407831,994.7186279296876,975.3661254407831,994.7186279296875,600,0.0,0.0
2017-03-14 00:00:00+09:00,986.9775390624999,986.9775390624999,986.9775390624999,986.9775390625,200,0.0,0.0
2017-03-15 00:00:00+09:00,983.10693359375,983.10693359375,983.10693359375,983.10693359375,200,0.0,0.0
2017-03-16 00:00:00+09:00,979.2365112304688,979.2365112304688,971.4955111416904,979.2365112304688,800,0.0,0.0
2017-03-17 00:00:00+09:00,975.3661499023438,975.3661499023438,975.3661499023438,975.3661499023438,1000,0.0,0.0
2017-03-21 00:00:00+09:00,971.4955444335938,971.4955444335938,971.4955444335938,971.4955444335938,800,0.0,0.0
2017-03-22 00:00:00+09:00,967.6251487126426,975.3661499023438,967.6251487126426,975.3661499023438,800,0.0,0.0
2017-03-23 00:00:00+09:00,986.9775390624999,986.9775390624999,979.2365387561274,986.9775390625,1000,0.0,0.0
2017-03-24 00:00:00+09:00,990.8481274319067,994.7186279296876,990.8481274319067,994.7186279296875,400,0.0,0.0
2017-03-27 00:00:00+09:00,998.5889892578126,998.5889892578126,998.5889892578126,998.5889892578125,200,0.0,0.0
2017-03-28 00:00:00+09:00,998.5889892578126,998.5889892578126,998.5889892578126,998.5889892578125,0,0.0,0.0
2017-03-29 00:00:00+09:00,1006.3299676583295,1017.9414672851562,1006.3299676583295,1017.9414672851562,400,0.0,0.0
2017-03-30 00:00:00+09:00,998.5891284274685,1002.4596289252494,994.7186279296876,994.7186279296875,600,0.0,0.0
2017-03-31 00:00:00+09:00,1002.45947265625,1002.45947265625,1002.45947265625,1002.45947265625,1200,0.0,0.0
2017-04-03 00:00:00+09:00,998.5891284274685,998.5891284274685,994.7186279296876,994.7186279296875,600,0.0,0.0
2017-04-04 00:00:00+09:00,998.5890226364135,998.5890226364135,983.1070222854614,990.8480224609375,1400,0.0,0.0
2017-04-05 00:00:00+09:00,994.7185454957513,994.7185454957513,948.2725433714361,971.4955444335938,2600,0.0,0.0
2017-04-06 00:00:00+09:00,944.402082669005,959.8840840242347,936.6610819913902,948.2725830078125,1000,0.0,0.0
2017-04-07 00:00:00+09:00,948.2724325548966,948.2724325548966,928.9199339313273,940.5314331054688,2200,0.0,0.0
2017-04-10 00:00:00+09:00,948.2725328014743,959.884033203125,948.2725328014743,959.884033203125,600,0.0,0.0
2017-04-11 00:00:00+09:00,967.6250779485127,967.6250779485127,948.2725763895426,963.7545776367188,1400,0.0,0.0
2017-04-12 00:00:00+09:00,967.6250847018495,967.6250847018495,948.2725830078125,948.2725830078125,400,0.0,0.0
2017-04-13 00:00:00+09:00,936.660933380755,952.1429322796104,917.3084347571856,940.5314331054688,4200,0.0,0.0
2017-04-14 00:00:00+09:00,956.0134704847376,956.0134704847376,905.6969720381725,917.3084716796875,2200,0.0,0.0
2017-04-17 00:00:00+09:00,901.8265426635742,928.9200439453125,901.8265426635742,928.9200439453125,800,0.0,0.0
2017-04-18 00:00:00+09:00,928.9199339313273,940.5314331054688,928.9199339313273,940.5314331054688,1000,0.0,0.0
2017-04-19 00:00:00+09:00,944.402082669005,948.2725830078125,944.402082669005,948.2725830078125,800,0.0,0.0
2017-04-20 00:00:00+09:00,948.2725830078125,948.2725830078125,948.2725830078125,948.2725830078125,200,0.0,0.0
2017-04-21 00:00:00+09:00,963.7544392089844,967.6249389648438,963.7544392089844,967.6249389648438,400,0.0,0.0
2017-04-24 00:00:00+09:00,967.6249389648438,967.6249389648438,967.6249389648438,967.6249389648438,0,0.0,0.0
2017-04-25 00:00:00+09:00,975.3661499023438,975.3661499023438,975.3661499023438,975.3661499023438,400,0.0,0.0
2017-04-26 00:00:00+09:00,975.3661499023438,975.3661499023438,975.3661499023438,975.3661499023438,0,0.0,0.0
2017-04-27 00:00:00+09:00,956.013427734375,956.013427734375,956.013427734375,956.013427734375,200,0.0,0.0
2017-04-28 00:00:00+09:00,956.013427734375,956.013427734375,956.013427734375,956.013427734375,0,0.0,0.0
2017-05-01 00:00:00+09:00,994.7186279296876,994.7186279296876,994.7186279296876,994.7186279296875,200,0.0,0.0
2017-05-02 00:00:00+09:00,963.7545776367188,963.7545776367188,963.7545776367188,963.7545776367188,200,0.0,0.0
2017-05-08 00:00:00+09:00,971.4954895492673,998.5889892578126,971.4954895492673,998.5889892578125,1200,0.0,0.0
2017-05-09 00:00:00+09:00,967.6249389648438,979.2364382324218,967.6249389648438,967.6249389648438,800,0.0,0.0
2017-05-10 00:00:00+09:00,986.9775390624999,994.7185393688725,986.9775390624999,986.9775390625,1000,0.0,0.0
2017-05-11 00:00:00+09:00,998.5889892578126,998.5889892578126,998.5889892578126,998.5889892578125,200,0.0,0.0
2017-05-12 00:00:00+09:00,998.5889892578126,998.5889892578126,998.5889892578126,998.5889892578125,800,0.0,0.0
2017-05-15 00:00:00+09:00,998.5889892578126,998.5889892578126,998.5889892578126,998.5889892578125,0,0.0,0.0
2017-05-16 00:00:00+09:00,998.5890226364135,998.5890226364135,990.8480224609375,990.8480224609375,600,0.0,0.0
2017-05-17 00:00:00+09:00,994.7186279296876,994.7186279296876,994.7186279296876,994.7186279296875,200,0.0,0.0
2017-05-18 00:00:00+09:00,979.2365112304688,979.2365112304688,979.2365112304688,979.2365112304688,200,0.0,0.0
2017-05-19 00:00:00+09:00,990.8480224609375,990.8480224609375,990.8480224609375,990.8480224609375,200,0.0,0.0
2017-05-22 00:00:00+09:00,990.8480224609375,990.8480224609375,990.8480224609375,990.8480224609375,200,0.0,0.0
2017-05-23 00:00:00+09:00,990.8480224609375,990.8480224609375,990.8480224609375,990.8480224609375,400,0.0,0.0
2017-05-24 00:00:00+09:00,994.718489299449,998.5889892578126,986.9774893827217,998.5889892578125,1400,0.0,0.0
2017-05-25 00:00:00+09:00,998.5889892578126,998.5889892578126,998.5889892578126,998.5889892578125,800,0.0,0.0
2017-05-26 00:00:00+09:00,998.5889892578126,998.5889892578126,998.5889892578126,998.5889892578125,0,0.0,0.0
2017-05-29 00:00:00+09:00,1014.0709838867188,1014.0709838867188,1014.0709838867188,1014.0709838867188,400,0.0,0.0
2017-05-30 00:00:00+09:00,1014.0709838867188,1014.0709838867188,1014.0709838867188,1014.0709838867188,400,0.0,0.0
2017-05-31 00:00:00+09:00,1017.9414672851562,1017.9414672851562,1017.9414672851562,1017.9414672851562,200,0.0,0.0
2017-06-01 00:00:00+09:00,1017.9414672851562,1017.9414672851562,1017.9414672851562,1017.9414672851562,0,0.0,0.0
2017-06-02 00:00:00+09:00,986.9775167611929,1006.3300170898436,986.9775167611929,1006.3300170898438,6200,0.0,0.0
2017-06-05 00:00:00+09:00,1014.0709788386984,1029.552978515625,1014.0709788386984,1029.552978515625,1200,0.0,0.0
2017-06-06 00:00:00+09:00,1029.552978515625,1029.552978515625,1029.552978515625,1029.552978515625,800,0.0,0.0
2017-06-07 00:00:00+09:00,1029.552978515625,1029.552978515625,1029.552978515625,1029.552978515625,0,0.0,0.0
2017-06-08 00:00:00+09:00,1006.3301220890205,1010.2006225585938,1006.3301220890205,1010.2006225585938,400,0.0,0.0
2017-06-09 00:00:00+09:00,986.9774893827217,1002.4594892161762,986.9774893827217,998.5889892578125,800,0.0,0.0
2017-06-12 00:00:00+09:00,1029.5530836698267,1033.423583984375,1021.8120830407303,1033.423583984375,1600,0.0,0.0
2017-06-13 00:00:00+09:00,1014.070946536847,1037.2939453125,1014.070946536847,1037.2939453125,800,0.0,0.0
2017-06-14 00:00:00+09:00,1037.2939453125,1037.2939453125,1037.2939453125,1037.2939453125,0,0.0,0.0
2017-06-15 00:00:00+09:00,1017.9414463327893,1037.2939453125,1017.9414463327893,1037.2939453125,600,0.0,0.0
2017-06-16 00:00:00+09:00,1033.423583984375,1033.423583984375,1033.423583984375,1033.423583984375,200,0.0,0.0
2017-06-19 00:00:00+09:00,1014.0709674095473,1017.9414672851562,998.5889679071115,1017.9414672851562,2200,0.0,0.0
2017-06-20 00:00:00+09:00,1006.3299840097209,1017.9414838252177,1006.3299840097209,1014.0709838867188,2000,0.0,0.0
2017-06-21 00:00:00+09:00,1017.9415724783232,1021.8120727539062,1017.9415724783232,1021.8120727539062,1000,0.0,0.0
2017-06-22 00:00:00+09:00,1014.0710722027403,1021.8120727539062,1014.0710722027403,1021.8120727539062,1000,0.0,0.0
2017-06-23 00:00:00+09:00,1017.9414672851562,1017.9414672851562,1010.2004675339383,1017.9414672851562,1400,0.0,0.0
2017-06-26 00:00:00+09:00,1017.9415827261821,1037.2940842989233,1017.9415827261821,1033.423583984375,2000,0.0,0.0
2017-06-27 00:00:00+09:00,1037.293966663201,1037.293966663201,1017.9414672851562,1017.9414672851562,2000,0.0,0.0
2017-06-28 00:00:00+09:00,1034.3599534254809,1067.19677734375,1034.3599534254809,1067.19677734375,2200,75.0,0.0
2017-06-29 00:00:00+09:00,1067.19677734375,1067.19677734375,1067.19677734375,1067.19677734375,0,0.0,0.0
2017-06-30 00:00:00+09:00,1067.19677734375,1067.19677734375,1067.19677734375,1067.19677734375,0,0.0,0.0
2017-07-03 00:00:00+09:00,1075.406005859375,1075.406005859375,1075.406005859375,1075.406005859375,400,0.0,0.0
2017-07-04 00:00:00+09:00,1075.4059719247707,1075.4059719247707,1063.0921630859375,1063.0921630859375,1000,0.0,0.0
2017-07-05 00:00:00+09:00,1063.0921630859375,1063.0921630859375,1063.0921630859375,1063.0921630859375,200,0.0,0.0
2017-07-06 00:00:00+09:00,1063.0921630859375,1063.0921630859375,1063.0921630859375,1063.0921630859375,0,0.0,0.0
2017-07-07 00:00:00+09:00,1050.7783653846154,1067.19677734375,1050.7783653846154,1067.19677734375,1200,0.0,0.0
2017-07-10 00:00:00+09:00,1063.0921630859375,1063.0921630859375,1063.0921630859375,1063.0921630859375,200,0.0,0.0
2017-07-11 00:00:00+09:00,1063.0921630859375,1063.0921630859375,1063.0921630859375,1063.0921630859375,0,0.0,0.0
2017-07-12 00:00:00+09:00,1063.0921630859375,1063.0921630859375,1063.0921630859375,1063.0921630859375,0,0.0,0.0
2017-07-13 00:00:00+09:00,1067.1967885686063,1071.3013916015625,1067.1967885686063,1071.3013916015625,400,0.0,0.0
2017-07-14 00:00:00+09:00,1071.3013916015625,1071.3013916015625,1071.3013916015625,1071.3013916015625,0,0.0,0.0
2017-07-17 00:00:00+09:00,1071.3013916015625,1071.3013916015625,1071.3013916015625,1071.3013916015625,0,0.0,0.0
2017-07-18 00:00:00+09:00,1071.3013916015625,1071.3013916015625,1071.3013916015625,1071.3013916015625,0,0.0,0.0
2017-07-19 00:00:00+09:00,1071.3013916015625,1071.3013916015625,1071.3013916015625,1071.3013916015625,0,0.0,0.0
2017-07-20 00:00:00+09:00,1075.406005859375,1075.406005859375,1075.406005859375,1075.406005859375,400,0.0,0.0
2017-07-21 00:00:00+09:00,1100.033470775463,1108.24267578125,1100.033470775463,1108.24267578125,1000,0.0,0.0
2017-07-24 00:00:00+09:00,1100.033447265625,1100.033447265625,1100.033447265625,1100.033447265625,800,0.0,0.0
2017-07-25 00:00:00+09:00,1100.033447265625,1100.033447265625,1100.033447265625,1100.033447265625,0,0.0,0.0
2017-07-26 00:00:00+09:00,1128.7658037458148,1149.288818359375,1128.7658037458148,1149.288818359375,3000,0.0,0.0
2017-07-27 00:00:00+09:00,1149.2887989294982,1186.230224609375,1149.2887989294982,1186.230224609375,600,0.0,0.0
2017-07-28 00:00:00+09:00,1169.811767578125,1169.811767578125,1169.811767578125,1169.811767578125,800,0.0,0.0
2017-07-31 00:00:00+09:00,1165.7071416740282,1165.7071416740282,1161.6025390625,1161.6025390625,800,0.0,0.0
2017-08-01 00:00:00+09:00,1149.288818359375,1149.288818359375,1149.288818359375,1149.288818359375,200,0.0,0.0
2017-08-02 00:00:00+09:00,1178.02099609375,1178.02099609375,1178.02099609375,1178.02099609375,200,0.0,0.0
2017-08-03 00:00:00+09:00,1169.811755972849,1169.811755972849,1165.7071533203125,1165.7071533203125,400,0.0,0.0
2017-08-04 00:00:00+09:00,1161.602527374917,1161.602527374917,1157.4979248046875,1157.4979248046875,400,0.0,0.0
2017-08-07 00:00:00+09:00,1161.6025390625,1161.6025390625,1161.6025390625,1161.6025390625,600,0.0,0.0
2017-08-08 00:00:00+09:00,1157.4979895856836,1157.4979895856836,1128.765769986039,1136.9749755859375,1400,0.0,0.0
2017-08-09 00:00:00+09:00,1132.870361328125,1136.9749640865602,1132.870361328125,1132.870361328125,600,0.0,0.0
2017-08-10 00:00:00+09:00,1132.870361328125,1132.870361328125,1132.870361328125,1132.870361328125,0,0.0,0.0
2017-08-11 00:00:00+09:00,1132.870361328125,1132.870361328125,1132.870361328125,1132.870361328125,0,0.0,0.0
2017-08-14 00:00:00+09:00,1132.870361328125,1132.870361328125,1132.870361328125,1132.870361328125,0,0.0,0.0
2017-08-15 00:00:00+09:00,1132.870361328125,1132.870361328125,1132.870361328125,1132.870361328125,0,0.0,0.0
2017-08-16 00:00:00+09:00,1132.870361328125,1132.870361328125,1132.870361328125,1132.870361328125,0,0.0,0.0
2017-08-17 00:00:00+09:00,1132.870361328125,1132.870361328125,1132.870361328125,1132.870361328125,0,0.0,0.0
2017-08-18 00:00:00+09:00,1120.556640625,1120.556640625,1120.556640625,1120.556640625,400,0.0,0.0
2017-08-21 00:00:00+09:00,1120.556640625,1120.556640625,1120.556640625,1120.556640625,0,0.0,0.0
2017-08-22 00:00:00+09:00,1108.24267578125,1108.24267578125,1108.24267578125,1108.24267578125,200,0.0,0.0
2017-08-23 00:00:00+09:00,1108.24267578125,1108.24267578125,1108.24267578125,1108.24267578125,0,0.0,0.0
2017-08-24 00:00:00+09:00,1108.24267578125,1108.24267578125,1108.24267578125,1108.24267578125,0,0.0,0.0
2017-08-25 00:00:00+09:00,1108.24267578125,1108.24267578125,1108.24267578125,1108.24267578125,0,0.0,0.0
2017-08-28 00:00:00+09:00,1104.1380615234375,1104.1380615234375,1104.1380615234375,1104.1380615234375,400,0.0,0.0
2017-08-29 00:00:00+09:00,1104.1380615234375,1104.1380615234375,1104.1380615234375,1104.1380615234375,0,0.0,0.0
2017-08-30 00:00:00+09:00,1104.1380615234375,1104.1380615234375,1104.1380615234375,1104.1380615234375,0,0.0,0.0
2017-08-31 00:00:00+09:00,1132.8703727859884,1136.9749755859375,1132.8703727859884,1136.9749755859375,400,0.0,0.0
2017-09-01 00:00:00+09:00,1104.138206115948,1112.347412109375,1104.138206115948,1112.347412109375,1600,0.0,0.0
2017-09-04 00:00:00+09:00,1104.138206115948,1112.347412109375,1104.138206115948,1112.347412109375,400,0.0,0.0
2017-09-05 00:00:00+09:00,1112.347412109375,1112.347412109375,1112.347412109375,1112.347412109375,0,0.0,0.0
2017-09-06 00:00:00+09:00,1108.24267578125,1108.24267578125,1108.24267578125,1108.24267578125,200,0.0,0.0
2017-09-07 00:00:00+09:00,1108.24267578125,1108.24267578125,1108.24267578125,1108.24267578125,0,0.0,0.0
2017-09-08 00:00:00+09:00,1108.24267578125,1108.24267578125,1108.24267578125,1108.24267578125,0,0.0,0.0
2017-09-11 00:00:00+09:00,1108.24267578125,1108.24267578125,1108.24267578125,1108.24267578125,400,0.0,0.0
2017-09-12 00:00:00+09:00,1100.033447265625,1100.033447265625,1100.033447265625,1100.033447265625,200,0.0,0.0
2017-09-13 00:00:00+09:00,1100.033447265625,1100.033447265625,1100.033447265625,1100.033447265625,0,0.0,0.0
2017-09-14 00:00:00+09:00,1100.033447265625,1100.033447265625,1100.033447265625,1100.033447265625,0,0.0,0.0
2017-09-15 00:00:00+09:00,1100.033447265625,1100.033447265625,1100.033447265625,1100.033447265625,0,0.0,0.0
2017-09-18 00:00:00+09:00,1100.033447265625,1100.033447265625,1100.033447265625,1100.033447265625,0,0.0,0.0
2017-09-19 00:00:00+09:00,1095.9288566050475,1108.2426639826324,1095.9288566050475,1104.1380615234375,1800,0.0,0.0
2017-09-20 00:00:00+09:00,1104.1380615234375,1104.1380615234375,1104.1380615234375,1104.1380615234375,0,0.0,0.0
2017-09-21 00:00:00+09:00,1104.1380615234375,1104.1380615234375,1104.1380615234375,1104.1380615234375,0,0.0,0.0
2017-09-22 00:00:00+09:00,1095.928955078125,1095.928955078125,1095.928955078125,1095.928955078125,400,0.0,0.0
2017-09-25 00:00:00+09:00,1095.928955078125,1095.928955078125,1095.928955078125,1095.928955078125,0,0.0,0.0
2017-09-26 00:00:00+09:00,1104.1380615234375,1104.1380615234375,1104.1380615234375,1104.1380615234375,200,0.0,0.0
2017-09-27 00:00:00+09:00,1104.1380615234375,1104.1380615234375,1104.1380615234375,1104.1380615234375,0,0.0,0.0
2017-09-28 00:00:00+09:00,1104.1380615234375,1104.1380615234375,1104.1380615234375,1104.1380615234375,0,0.0,0.0
2017-09-29 00:00:00+09:00,1104.1380615234375,1104.1380615234375,1104.1380615234375,1104.1380615234375,400,0.0,0.0
2017-10-02 00:00:00+09:00,1108.24267578125,1108.24267578125,1108.24267578125,1108.24267578125,400,0.0,0.0
2017-10-03 00:00:00+09:00,1120.5566955127304,1141.0797119140625,1120.5566955127304,1141.0797119140625,800,0.0,0.0
2017-10-04 00:00:00+09:00,1141.0797119140625,1141.0797119140625,1141.0797119140625,1141.0797119140625,0,0.0,0.0
2017-10-05 00:00:00+09:00,1141.0797119140625,1141.0797119140625,1141.0797119140625,1141.0797119140625,0,0.0,0.0
2017-10-06 00:00:00+09:00,1136.9749755859375,1141.0795783858869,1136.9749755859375,1136.9749755859375,4400,0.0,0.0
2017-10-09 00:00:00+09:00,1136.9749755859375,1136.9749755859375,1136.9749755859375,1136.9749755859375,0,0.0,0.0
2017-10-10 00:00:00+09:00,1145.1842041015625,1145.1842041015625,1145.1842041015625,1145.1842041015625,600,0.0,0.0
2017-10-11 00:00:00+09:00,1145.1842041015625,1145.1842041015625,1145.1842041015625,1145.1842041015625,0,0.0,0.0
2017-10-12 00:00:00+09:00,1149.288818359375,1149.288818359375,1149.288818359375,1149.288818359375,400,0.0,0.0
2017-10-13 00:00:00+09:00,1149.288818359375,1149.288818359375,1149.288818359375,1149.288818359375,400,0.0,0.0
2017-10-16 00:00:00+09:00,1136.9749460320722,1169.811767578125,1132.8703433388157,1169.811767578125,1800,0.0,0.0
2017-10-17 00:00:00+09:00,1161.6025390625,1161.6025390625,1161.6025390625,1161.6025390625,400,0.0,0.0
2017-10-18 00:00:00+09:00,1161.6025390625,1161.6025390625,1161.6025390625,1161.6025390625,0,0.0,0.0
2017-10-19 00:00:00+09:00,1161.6025390625,1161.6025390625,1161.6025390625,1161.6025390625,0,0.0,0.0
2017-10-20 00:00:00+09:00,1161.6025390625,1161.6025390625,1161.6025390625,1161.6025390625,0,0.0,0.0
2017-10-23 00:00:00+09:00,1161.6025390625,1161.6025390625,1161.6025390625,1161.6025390625,0,0.0,0.0
2017-10-24 00:00:00+09:00,1149.288818359375,1157.498024204799,1145.184215436663,1149.288818359375,1200,0.0,0.0
2017-10-25 00:00:00+09:00,1149.288818359375,1149.288818359375,1149.288818359375,1149.288818359375,0,0.0,0.0
2017-10-26 00:00:00+09:00,1149.288818359375,1149.288818359375,1149.288818359375,1149.288818359375,0,0.0,0.0
2017-10-27 00:00:00+09:00,1149.288818359375,1149.288818359375,1149.288818359375,1149.288818359375,0,0.0,0.0
2017-10-30 00:00:00+09:00,1149.288818359375,1149.288818359375,1149.288818359375,1149.288818359375,0,0.0,0.0
2017-10-31 00:00:00+09:00,1149.288818359375,1149.288818359375,1149.288818359375,1149.288818359375,0,0.0,0.0
2017-11-01 00:00:00+09:00,1149.288818359375,1149.288818359375,1149.288818359375,1149.288818359375,400,0.0,0.0
2017-11-02 00:00:00+09:00,1149.288818359375,1149.288818359375,1149.288818359375,1149.288818359375,0,0.0,0.0
2017-11-03 00:00:00+09:00,1149.288818359375,1149.288818359375,1149.288818359375,1149.288818359375,0,0.0,0.0
2017-11-06 00:00:00+09:00,1149.288818359375,1149.288818359375,1149.288818359375,1149.288818359375,0,0.0,0.0
2017-11-07 00:00:00+09:00,1141.0797119140625,1141.0797119140625,1141.0797119140625,1141.0797119140625,400,0.0,0.0
2017-11-08 00:00:00+09:00,1149.288818359375,1149.288818359375,1149.288818359375,1149.288818359375,200,0.0,0.0
2017-11-09 00:00:00+09:00,1149.288818359375,1149.288818359375,1149.288818359375,1149.288818359375,0,0.0,0.0
2017-11-10 00:00:00+09:00,1149.288818359375,1149.288818359375,1149.288818359375,1149.288818359375,0,0.0,0.0
2017-11-13 00:00:00+09:00,1141.0797119140625,1141.0797119140625,1141.0797119140625,1141.0797119140625,200,0.0,0.0
2017-11-14 00:00:00+09:00,1141.0797119140625,1141.0797119140625,1141.0797119140625,1141.0797119140625,0,0.0,0.0
2017-11-15 00:00:00+09:00,1132.870438519646,1132.870438519646,1116.4520263671875,1116.4520263671875,600,0.0,0.0
2017-11-16 00:00:00+09:00,1136.974952503551,1136.974952503551,1054.8828981711647,1128.7657470703125,2400,0.0,0.0
2017-11-17 00:00:00+09:00,1128.7657470703125,1128.7657470703125,1128.7657470703125,1128.7657470703125,0,0.0,0.0
2017-11-20 00:00:00+09:00,1149.2889184745952,1149.2889184745952,1141.0797119140625,1141.0797119140625,1000,0.0,0.0
2017-11-21 00:00:00+09:00,1141.0797119140625,1141.0797119140625,1141.0797119140625,1141.0797119140625,0,0.0,0.0
2017-11-22 00:00:00+09:00,1141.0797119140625,1141.0797119140625,1141.0797119140625,1141.0797119140625,0,0.0,0.0
2017-11-23 00:00:00+09:00,1141.0797119140625,1141.0797119140625,1141.0797119140625,1141.0797119140625,0,0.0,0.0
2017-11-24 00:00:00+09:00,1141.0797119140625,1141.0797119140625,1141.0797119140625,1141.0797119140625,1600,0.0,0.0
2017-11-27 00:00:00+09:00,1165.707331595661,1165.707331595661,1141.0797119140625,1141.0797119140625,2600,0.0,0.0
2017-11-28 00:00:00+09:00,1141.0797119140625,1141.0797119140625,1141.0797119140625,1141.0797119140625,0,0.0,0.0
2017-11-29 00:00:00+09:00,1141.0797119140625,1141.0797119140625,1141.0797119140625,1141.0797119140625,600,0.0,0.0
2017-11-30 00:00:00+09:00,1141.0797119140625,1141.0797119140625,1141.0797119140625,1141.0797119140625,0,0.0,0.0
2017-12-01 00:00:00+09:00,1141.0797119140625,1141.0797119140625,1141.0797119140625,1141.0797119140625,1400,0.0,0.0
2017-12-04 00:00:00+09:00,1141.0797119140625,1141.0797119140625,1141.0797119140625,1141.0797119140625,0,0.0,0.0
2017-12-05 00:00:00+09:00,1141.0797119140625,1141.0797119140625,1141.0797119140625,1141.0797119140625,0,0.0,0.0
2017-12-06 00:00:00+09:00,1132.870349786932,1132.870349786932,1128.7657470703125,1128.7657470703125,1200,0.0,0.0
2017-12-07 00:00:00+09:00,1128.7657470703125,1128.7657470703125,1128.7657470703125,1128.7657470703125,0,0.0,0.0
2017-12-08 00:00:00+09:00,1128.7657470703125,1128.7657470703125,1128.7657470703125,1128.7657470703125,0,0.0,0.0
2017-12-11 00:00:00+09:00,1128.7657470703125,1128.7657470703125,1128.7657470703125,1128.7657470703125,0,0.0,0.0
2017-12-12 00:00:00+09:00,1128.7657470703125,1128.7657470703125,1128.7657470703125,1128.7657470703125,0,0.0,0.0
2017-12-13 00:00:00+09:00,1128.7657470703125,1128.7657470703125,1128.7657470703125,1128.7657470703125,0,0.0,0.0
2017-12-14 00:00:00+09:00,1128.7657470703125,1128.7657470703125,1128.7657470703125,1128.7657470703125,0,0.0,0.0
2017-12-15 00:00:00+09:00,1128.7657470703125,1128.7657470703125,1128.7657470703125,1128.7657470703125,0,0.0,0.0
2017-12-18 00:00:00+09:00,1128.7657470703125,1128.7657470703125,1128.7657470703125,1128.7657470703125,0,0.0,0.0
2017-12-19 00:00:00+09:00,1128.7658467834249,1128.7658467834249,1120.556640625,1120.556640625,400,0.0,0.0
2017-12-20 00:00:00+09:00,1120.556640625,1120.556640625,1120.556640625,1120.556640625,1000,0.0,0.0
2017-12-21 00:00:00+09:00,1120.556640625,1120.556640625,1120.556640625,1120.556640625,0,0.0,0.0
2017-12-22 00:00:00+09:00,1120.5566294053021,1120.5566294053021,1116.4520263671875,1116.4520263671875,1200,0.0,0.0
2017-12-25 00:00:00+09:00,1116.4520263671875,1116.4520263671875,1116.4520263671875,1116.4520263671875,0,0.0,0.0
2017-12-26 00:00:00+09:00,1128.7657470703125,1128.7657470703125,1128.7657470703125,1128.7657470703125,20,0.0,0.0
2017-12-27 00:00:00+09:00,1128.7657470703125,1128.7657470703125,1128.7657470703125,1128.7657470703125,0,0.0,0.1
2017-12-28 00:00:00+09:00,1128.7657470703125,1128.7657470703125,1128.7657470703125,1128.7657470703125,0,0.0,0.0
2017-12-29 00:00:00+09:00,1128.765769986039,1136.9749755859375,1128.765769986039,1136.9749755859375,400,0.0,0.0
2018-01-01 00:00:00+09:00,1136.9749755859375,1136.9749755859375,1136.9749755859375,1136.9749755859375,0,0.0,0.0
2018-01-02 00:00:00+09:00,1136.9749755859375,1136.9749755859375,1136.9749755859375,1136.9749755859375,0,0.0,0.0
2018-01-03 00:00:00+09:00,1136.9749755859375,1136.9749755859375,1136.9749755859375,1136.9749755859375,0,0.0,0.0
2018-01-04 00:00:00+09:00,1148.4677616157694,1148.4677616157694,1144.3631591796875,1144.3631591796875,1000,0.0,0.0
2018-01-05 00:00:00+09:00,1144.3631591796875,1144.3631591796875,1144.3631591796875,1144.3631591796875,0,0.0,0.0
2018-01-08 00:00:00+09:00,1144.3631591796875,1144.3631591796875,1144.3631591796875,1144.3631591796875,0,0.0,0.0
2018-01-09 00:00:00+09:00,1138.206388221288,1161.6026248345636,1138.206388221288,1148.4678955078125,1600,0.0,0.0
2018-01-10 00:00:00+09:00,1148.4678955078125,1148.4678955078125,1148.4678955078125,1148.4678955078125,0,0.0,0.0
2018-01-11 00:00:00+09:00,1149.288818359375,1149.288818359375,1149.288818359375,1149.288818359375,600,0.0,0.0
2018-01-12 00:00:00+09:00,1149.288818359375,1149.288818359375,1149.288818359375,1149.288818359375,0,0.0,0.0
2018-01-15 00:00:00+09:00,1152.982861977435,1157.4979248046875,1152.982861977435,1157.4979248046875,3800,0.0,0.0
2018-01-16 00:00:00+09:00,1157.4979248046875,1157.4979248046875,1157.4979248046875,1157.4979248046875,0,0.0,0.0
2018-01-17 00:00:00+09:00,1157.0874969396698,1168.9908447265625,1153.393354523048,1168.9908447265625,3200,0.0,0.0
2018-01-18 00:00:00+09:00,1168.9908447265625,1168.9908447265625,1168.9908447265625,1168.9908447265625,0,0.0,0.0
2018-01-19 00:00:00+09:00,1168.9908447265625,1168.9908447265625,1168.9908447265625,1168.9908447265625,0,0.0,0.0
2018-01-22 00:00:00+09:00,1171.8641357421875,1171.8641357421875,1171.8641357421875,1171.8641357421875,200,0.0,0.0
2018-01-23 00:00:00+09:00,1171.8641357421875,1171.8641357421875,1171.8641357421875,1171.8641357421875,0,0.0,0.0
2018-01-24 00:00:00+09:00,1171.4537353515625,1171.8641956652807,1151.341179979374,1171.4537353515625,6400,0.0,0.0
2018-01-25 00:00:00+09:00,1171.4537353515625,1171.4537353515625,1171.4537353515625,1171.4537353515625,0,0.0,0.0
2018-01-26 00:00:00+09:00,1171.4537353515625,1171.4537353515625,1171.4537353515625,1171.4537353515625,0,0.0,0.0
2018-01-29 00:00:00+09:00,1157.908440370712,1157.908440370712,1155.4456787109375,1155.4456787109375,1400,0.0,0.0
2018-01-30 00:00:00+09:00,1155.4456787109375,1155.4456787109375,1155.4456787109375,1155.4456787109375,0,0.0,0.0
2018-01-31 00:00:00+09:00,1153.8038709178475,1189.513916015625,1153.8038709178475,1189.513916015625,400,0.0,0.0
2018-02-01 00:00:00+09:00,1181.7151523566263,1182.946533203125,1161.192138248314,1182.946533203125,1600,0.0,0.0
2018-02-02 00:00:00+09:00,1162.4234232506137,1170.22216796875,1162.4234232506137,1170.22216796875,1000,0.0,0.0
2018-02-05 00:00:00+09:00,1162.4234595848056,1162.4234595848056,1161.6025390625,1161.6025390625,1200,0.0,0.0
2018-02-06 00:00:00+09:00,1155.4456787109375,1155.4456787109375,1155.4456787109375,1155.4456787109375,200,0.0,0.0
2018-02-07 00:00:00+09:00,1155.4456351452077,1161.6025390625,1155.4456351452077,1161.6025390625,400,0.0,0.0
2018-02-08 00:00:00+09:00,1161.6025390625,1161.6025390625,1161.6025390625,1161.6025390625,0,0.0,0.0
2018-02-09 00:00:00+09:00,1128.7656872110426,1129.5866077108324,1128.7656872110426,1129.1761474609375,1600,0.0,0.0
2018-02-12 00:00:00+09:00,1129.1761474609375,1129.1761474609375,1129.1761474609375,1129.1761474609375,0,0.0,0.0
2018-02-13 00:00:00+09:00,1129.1761474609375,1129.1761474609375,1129.1761474609375,1129.1761474609375,0,0.0,0.0
2018-02-14 00:00:00+09:00,1141.4901123046875,1141.4901123046875,1141.4901123046875,1141.4901123046875,400,0.0,0.0
2018-02-15 00:00:00+09:00,1141.4901123046875,1141.4901123046875,1141.4901123046875,1141.4901123046875,0,0.0,0.0
2018-02-16 00:00:00+09:00,1142.3109338740628,1149.69921875,1129.17620520573,1149.69921875,800,0.0,0.0
2018-02-19 00:00:00+09:00,1149.69921875,1149.69921875,1149.69921875,1149.69921875,0,0.0,0.0
2018-02-20 00:00:00+09:00,1151.7515222833806,1151.7515222833806,1110.7054951171876,1128.7657470703125,2000,0.0,0.0
2018-02-21 00:00:00+09:00,1128.7657470703125,1128.7657470703125,1128.7657470703125,1128.7657470703125,0,0.0,0.0
2018-02-22 00:00:00+09:00,1128.7657470703125,1128.7657470703125,1128.7657470703125,1128.7657470703125,0,0.0,0.0
2018-02-23 00:00:00+09:00,1128.7657470703125,1128.7657470703125,1128.7657470703125,1128.7657470703125,0,0.0,0.0
2018-02-26 00:00:00+09:00,1128.7657470703125,1128.7657470703125,1128.7657470703125,1128.7657470703125,0,0.0,0.0
2018-02-27 00:00:00+09:00,1129.9971923828125,1129.9971923828125,1129.9971923828125,1129.9971923828125,600,0.0,0.0
2018-02-28 00:00:00+09:00,1129.9971923828125,1129.9971923828125,1129.9971923828125,1129.9971923828125,0,0.0,0.0
2018-03-01 00:00:00+09:00,1129.9971923828125,1129.9971923828125,1129.9971923828125,1129.9971923828125,0,0.0,0.0
2018-03-02 00:00:00+09:00,1129.1761474609375,1129.1761474609375,1129.1761474609375,1129.1761474609375,200,0.0,0.0
2018-03-05 00:00:00+09:00,1129.1761474609375,1129.1761474609375,1129.1761474609375,1129.1761474609375,0,0.0,0.0
2018-03-06 00:00:00+09:00,1136.9749755859375,1136.9749755859375,1136.9749755859375,1136.9749755859375,400,0.0,0.0
2018-03-07 00:00:00+09:00,1136.9749755859375,1136.9749755859375,1136.9749755859375,1136.9749755859375,0,0.0,0.0
2018-03-08 00:00:00+09:00,1136.9749755859375,1136.9749755859375,1136.9749755859375,1136.9749755859375,0,0.0,0.0
2018-03-09 00:00:00+09:00,1136.9749755859375,1136.9749755859375,1136.9749755859375,1136.9749755859375,0,0.0,0.0
2018-03-12 00:00:00+09:00,1148.8782958984375,1148.8782958984375,1148.8782958984375,1148.8782958984375,200,0.0,0.0
2018-03-13 00:00:00+09:00,1148.8782958984375,1148.8782958984375,1148.8782958984375,1148.8782958984375,0,0.0,0.0
2018-03-14 00:00:00+09:00,1148.8782958984375,1148.8782958984375,1148.8782958984375,1148.8782958984375,0,0.0,0.0
2018-03-15 00:00:00+09:00,1148.8782958984375,1148.8782958984375,1148.8782958984375,1148.8782958984375,0,0.0,0.0
2018-03-16 00:00:00+09:00,1148.8782958984375,1148.8782958984375,1148.8782958984375,1148.8782958984375,0,0.0,0.0
2018-03-19 00:00:00+09:00,1137.3854266697733,1137.3854266697733,1133.6912841796875,1133.6912841796875,1200,0.0,0.0
2018-03-20 00:00:00+09:00,1133.6912841796875,1133.6912841796875,1133.6912841796875,1133.6912841796875,0,0.0,0.0
2018-03-21 00:00:00+09:00,1133.6912841796875,1133.6912841796875,1133.6912841796875,1133.6912841796875,0,0.0,0.0
2018-03-22 00:00:00+09:00,1133.6912841796875,1133.6912841796875,1133.6912841796875,1133.6912841796875,0,0.0,0.0
2018-03-23 00:00:00+09:00,1133.6912841796875,1133.6912841796875,1133.6912841796875,1133.6912841796875,0,0.0,0.0
2018-03-26 00:00:00+09:00,1133.6912841796875,1133.6912841796875,1133.6912841796875,1133.6912841796875,0,0.0,0.0
2018-03-27 00:00:00+09:00,1133.6912841796875,1133.6912841796875,1133.6912841796875,1133.6912841796875,0,0.0,0.0
2018-03-28 00:00:00+09:00,1133.6912841796875,1133.6912841796875,1133.6912841796875,1133.6912841796875,0,0.0,0.0
2018-03-29 00:00:00+09:00,1133.6912841796875,1133.6912841796875,1133.6912841796875,1133.6912841796875,0,0.0,0.0
2018-03-30 00:00:00+09:00,1133.6912841796875,1133.6912841796875,1133.6912841796875,1133.6912841796875,0,0.0,0.0
2018-04-02 00:00:00+09:00,1137.38546988351,1149.288818359375,1137.38546988351,1149.288818359375,600,0.0,0.0
2018-04-03 00:00:00+09:00,1149.288818359375,1149.288818359375,1149.288818359375,1149.288818359375,0,0.0,0.0
2018-04-04 00:00:00+09:00,1149.288818359375,1149.288818359375,1149.288818359375,1149.288818359375,0,0.0,0.0
2018-04-05 00:00:00+09:00,1149.288818359375,1149.288818359375,1149.288818359375,1149.288818359375,0,0.0,0.0
2018-04-06 00:00:00+09:00,1149.288818359375,1149.288818359375,1149.288818359375,1149.288818359375,0,0.0,0.0
2018-04-09 00:00:00+09:00,1149.288818359375,1149.288818359375,1149.288818359375,1149.288818359375,0,0.0,0.0
2018-04-10 00:00:00+09:00,1149.288818359375,1149.288818359375,1149.288818359375,1149.288818359375,0,0.0,0.0
2018-04-11 00:00:00+09:00,1149.288818359375,1149.288818359375,1149.288818359375,1149.288818359375,0,0.0,0.0
2018-04-12 00:00:00+09:00,1149.288818359375,1149.288818359375,1149.288818359375,1149.288818359375,0,0.0,0.0
2018-04-13 00:00:00+09:00,1168.1700439453125,1168.1700439453125,1168.1700439453125,1168.1700439453125,600,0.0,0.0
2018-04-16 00:00:00+09:00,1168.1700439453125,1168.1700439453125,1168.1700439453125,1168.1700439453125,0,0.0,0.0
2018-04-17 00:00:00+09:00,1168.1700935638207,1168.1700935638207,1141.0797119140625,1141.0797119140625,1600,0.0,0.0
2018-04-18 00:00:00+09:00,1141.0797119140625,1141.0797119140625,1141.0797119140625,1141.0797119140625,0,0.0,0.0
2018-04-19 00:00:00+09:00,1141.0797119140625,1141.0797119140625,1141.0797119140625,1141.0797119140625,0,0.0,0.0
2018-04-20 00:00:00+09:00,1141.0797119140625,1141.0797119140625,1141.0797119140625,1141.0797119140625,0,0.0,0.0
2018-04-23 00:00:00+09:00,1141.9004234666925,1153.393310546875,1141.9004234666925,1153.393310546875,800,0.0,0.0
2018-04-24 00:00:00+09:00,1153.393310546875,1153.393310546875,1153.393310546875,1153.393310546875,0,0.0,0.0
2018-04-25 00:00:00+09:00,1153.393310546875,1153.393310546875,1153.393310546875,1153.393310546875,0,0.0,0.0
2018-04-26 00:00:00+09:00,1153.393310546875,1153.393310546875,1153.393310546875,1153.393310546875,0,0.0,0.0
2018-04-27 00:00:00+09:00,1153.393310546875,1153.393310546875,1153.393310546875,1153.393310546875,0,0.0,0.0
2018-04-30 00:00:00+09:00,1153.393310546875,1153.393310546875,1153.393310546875,1153.393310546875,0,0.0,0.0
2018-05-01 00:00:00+09:00,1168.5804443359375,1168.5804443359375,1168.5804443359375,1168.5804443359375,600,0.0,0.0
2018-05-02 00:00:00+09:00,1168.5804443359375,1168.5804443359375,1168.5804443359375,1168.5804443359375,0,0.0,0.0
2018-05-03 00:00:00+09:00,1168.5804443359375,1168.5804443359375,1168.5804443359375,1168.5804443359375,0,0.0,0.0
2018-05-04 00:00:00+09:00,1168.5804443359375,1168.5804443359375,1168.5804443359375,1168.5804443359375,0,0.0,0.0
2018-05-07 00:00:00+09:00,1168.5804443359375,1168.5804443359375,1168.5804443359375,1168.5804443359375,0,0.0,0.0
2018-05-08 00:00:00+09:00,1168.5804443359375,1168.5804443359375,1168.5804443359375,1168.5804443359375,0,0.0,0.0
2018-05-09 00:00:00+09:00,1168.5804443359375,1168.5804443359375,1168.5804443359375,1168.5804443359375,0,0.0,0.0
2018-05-10 00:00:00+09:00,1168.5804443359375,1168.5804443359375,1168.5804443359375,1168.5804443359375,0,0.0,0.0
2018-05-11 00:00:00+09:00,1168.5804443359375,1168.5804443359375,1168.5804443359375,1168.5804443359375,0,0.0,0.0
2018-05-14 00:00:00+09:00,1168.5804443359375,1168.5804443359375,1168.5804443359375,1168.5804443359375,0,0.0,0.0
2018-05-15 00:00:00+09:00,1168.5804443359375,1168.5804443359375,1168.5804443359375,1168.5804443359375,0,0.0,0.0
2018-05-16 00:00:00+09:00,1137.3854957985595,1137.3854957985595,1136.5645751953125,1136.5645751953125,2600,0.0,0.0
2018-05-17 00:00:00+09:00,1136.5645751953125,1136.5645751953125,1136.5645751953125,1136.5645751953125,0,0.0,0.0
2018-05-18 00:00:00+09:00,1136.5645751953125,1136.5645751953125,1136.5645751953125,1136.5645751953125,0,0.0,0.0
2018-05-21 00:00:00+09:00,1136.5645751953125,1136.5645751953125,1136.5645751953125,1136.5645751953125,0,0.0,0.0
2018-05-22 00:00:00+09:00,1136.5645751953125,1136.5645751953125,1136.5645751953125,1136.5645751953125,0,0.0,0.0
2018-05-23 00:00:00+09:00,1136.5645751953125,1136.5645751953125,1136.5645751953125,1136.5645751953125,0,0.0,0.0
2018-05-24 00:00:00+09:00,1136.5645751953125,1136.5645751953125,1136.5645751953125,1136.5645751953125,0,0.0,0.0
2018-05-25 00:00:00+09:00,1136.5645751953125,1136.5645751953125,1136.5645751953125,1136.5645751953125,0,0.0,0.0
2018-05-28 00:00:00+09:00,1136.5645751953125,1136.5645751953125,1136.5645751953125,1136.5645751953125,0,0.0,0.0
2018-05-29 00:00:00+09:00,1170.632628217073,1170.632628217073,1170.22216796875,1170.22216796875,2800,0.0,0.0
2018-05-30 00:00:00+09:00,1170.22216796875,1170.22216796875,1170.22216796875,1170.22216796875,0,0.0,0.0
2018-05-31 00:00:00+09:00,1170.22216796875,1170.22216796875,1170.22216796875,1170.22216796875,0,0.0,0.0
2018-06-01 00:00:00+09:00,1170.22216796875,1170.22216796875,1170.22216796875,1170.22216796875,0,0.0,0.0
2018-06-04 00:00:00+09:00,1178.4315606847708,1178.4315606847708,1171.4537353515625,1171.4537353515625,2400,0.0,0.0
2018-06-05 00:00:00+09:00,1178.431396484375,1178.431396484375,1178.431396484375,1178.431396484375,200,0.0,0.0
2018-06-06 00:00:00+09:00,1178.431396484375,1178.431396484375,1178.431396484375,1178.431396484375,0,0.0,0.0
2018-06-07 00:00:00+09:00,1178.431396484375,1178.431396484375,1178.431396484375,1178.431396484375,0,0.0,0.0
2018-06-08 00:00:00+09:00,1178.431396484375,1178.431396484375,1178.431396484375,1178.431396484375,0,0.0,0.0
2018-06-11 00:00:00+09:00,1169.811767578125,1169.811767578125,1169.811767578125,1169.811767578125,200,0.0,0.0
2018-06-12 00:00:00+09:00,1169.811767578125,1169.811767578125,1169.811767578125,1169.811767578125,0,0.0,0.0
2018-06-13 00:00:00+09:00,1169.811767578125,1169.811767578125,1169.811767578125,1169.811767578125,0,0.0,0.0
2018-06-14 00:00:00+09:00,1169.8118581575845,1169.8118581575845,1158.3189697265625,1158.3189697265625,600,0.0,0.0
2018-06-15 00:00:00+09:00,1158.3189697265625,1158.3189697265625,1158.3189697265625,1158.3189697265625,0,0.0,0.0
2018-06-18 00:00:00+09:00,1181.7150995103327,1185.8197021484375,1181.7150995103327,1185.8197021484375,600,0.0,0.0
2018-06-19 00:00:00+09:00,1185.8197230983426,1251.903826739337,1185.8197230983426,1214.96240234375,3800,0.0,0.0
2018-06-20 00:00:00+09:00,1214.96240234375,1214.96240234375,1214.96240234375,1214.96240234375,0,0.0,0.0
2018-06-21 00:00:00+09:00,1219.0670707152062,1219.0670707152062,1192.7976119523196,1194.439453125,6400,0.0,0.0
2018-06-22 00:00:00+09:00,1190.3347747285488,1210.8577880859375,1190.3347747285488,1210.8577880859375,600,0.0,0.0
2018-06-25 00:00:00+09:00,1193.207909106888,1222.3505859375,1193.207909106888,1222.3505859375,800,0.0,0.0
2018-06-26 00:00:00+09:00,1194.4394867566166,1222.350787478077,1192.3871852329798,1206.7532958984375,3400,0.0,0.0
2018-06-27 00:00:00+09:00,1232.7048288714823,1239.1927490234375,1232.7048288714823,1239.1927490234375,3400,75.0,0.0
2018-06-28 00:00:00+09:00,1239.1927490234375,1239.1927490234375,1239.1927490234375,1239.1927490234375,0,0.0,0.0
2018-06-29 00:00:00+09:00,1249.1409512083114,1249.1409512083114,1228.8121337890625,1228.8121337890625,400,0.0,0.0
2018-07-02 00:00:00+09:00,1228.8120965772364,1228.8120965772364,1224.48681640625,1224.48681640625,800,0.0,0.0
2018-07-03 00:00:00+09:00,1224.48681640625,1224.48681640625,1224.48681640625,1224.48681640625,0,0.0,0.0
2018-07-04 00:00:00+09:00,1244.383071770102,1244.383071770102,1224.9193115234375,1224.9193115234375,600,0.0,0.0
2018-07-05 00:00:00+09:00,1249.140869140625,1249.140869140625,1249.140869140625,1249.140869140625,400,0.0,0.0
2018-07-06 00:00:00+09:00,1249.140869140625,1249.140869140625,1249.140869140625,1249.140869140625,0,0.0,0.0
2018-07-09 00:00:00+09:00,1249.140869140625,1249.140869140625,1249.140869140625,1249.140869140625,0,0.0,0.0
2018-07-10 00:00:00+09:00,1245.248291015625,1245.248291015625,1245.248291015625,1245.248291015625,200,0.0,0.0
2018-07-11 00:00:00+09:00,1245.248291015625,1245.248291015625,1245.248291015625,1245.248291015625,0,0.0,0.0
2018-07-12 00:00:00+09:00,1245.248291015625,1245.248291015625,1245.248291015625,1245.248291015625,0,0.0,0.0
2018-07-13 00:00:00+09:00,1233.1373639906617,1271.1998291015625,1233.1373639906617,1271.1998291015625,2800,0.0,0.0
2018-07-16 00:00:00+09:00,1271.1998291015625,1271.1998291015625,1271.1998291015625,1271.1998291015625,0,0.0,0.0
2018-07-17 00:00:00+09:00,1271.1998291015625,1271.1998291015625,1271.1998291015625,1271.1998291015625,0,0.0,0.0
2018-07-18 00:00:00+09:00,1271.1998291015625,1271.1998291015625,1271.1998291015625,1271.1998291015625,0,0.0,0.0
2018-07-19 00:00:00+09:00,1254.763704749798,1254.763704749798,1254.3311767578125,1254.3311767578125,2000,0.0,0.0
2018-07-20 00:00:00+09:00,1254.3313627856212,1264.7120361328125,1254.3313627856212,1264.7120361328125,2000,0.0,0.0
2018-07-23 00:00:00+09:00,1264.7118950774855,1275.957623282689,1245.6806627302183,1268.172119140625,6000,0.0,0.0
2018-07-24 00:00:00+09:00,1268.172119140625,1268.172119140625,1268.172119140625,1268.172119140625,0,0.0,0.0
2018-07-25 00:00:00+09:00,1275.0925203731142,1275.0925203731142,1254.3311767578125,1254.3311767578125,400,0.0,0.0
2018-07-26 00:00:00+09:00,1254.7638830793553,1255.1964111328125,1254.7638830793553,1255.1964111328125,600,0.0,0.0
2018-07-27 00:00:00+09:00,1255.1964111328125,1255.1964111328125,1255.1964111328125,1255.1964111328125,0,0.0,0.0
2018-07-30 00:00:00+09:00,1254.7638660608245,1278.552908678317,1254.7638660608245,1274.66015625,2800,0.0,0.0
2018-07-31 00:00:00+09:00,1274.66015625,1274.66015625,1274.66015625,1274.66015625,0,0.0,0.0
2018-08-01 00:00:00+09:00,1282.445556640625,1282.445556640625,1282.445556640625,1282.445556640625,1800,0.0,0.0
2018-08-02 00:00:00+09:00,1268.6046471485174,1268.6046471485174,1268.172119140625,1268.172119140625,600,0.0,0.0
2018-08-03 00:00:00+09:00,1269.4697213900292,1275.9576416015625,1269.4697213900292,1275.9576416015625,400,0.0,0.0
2018-08-06 00:00:00+09:00,1280.715487011059,1280.715487011059,1280.282958984375,1280.282958984375,1000,0.0,0.0
2018-08-07 00:00:00+09:00,1267.3070497437154,1267.3070497437154,1246.113177580766,1253.898681640625,1800,0.0,0.0
2018-08-08 00:00:00+09:00,1253.898681640625,1253.898681640625,1253.898681640625,1253.898681640625,0,0.0,0.0
2018-08-09 00:00:00+09:00,1253.898681640625,1253.898681640625,1253.898681640625,1253.898681640625,0,0.0,0.0
2018-08-10 00:00:00+09:00,1253.898681640625,1253.898681640625,1253.898681640625,1253.898681640625,0,0.0,0.0
2018-08-13 00:00:00+09:00,1253.898681640625,1253.898681640625,1253.898681640625,1253.898681640625,0,0.0,0.0
2018-08-14 00:00:00+09:00,1253.898681640625,1253.898681640625,1253.898681640625,1253.898681640625,0,0.0,0.0
2018-08-15 00:00:00+09:00,1253.898681640625,1253.898681640625,1253.898681640625,1253.898681640625,0,0.0,0.0
2018-08-16 00:00:00+09:00,1253.898681640625,1253.898681640625,1253.898681640625,1253.898681640625,0,0.0,0.0
2018-08-17 00:00:00+09:00,1253.898681640625,1253.898681640625,1253.898681640625,1253.898681640625,0,0.0,0.0
2018-08-20 00:00:00+09:00,1253.898681640625,1253.898681640625,1253.898681640625,1253.898681640625,0,0.0,0.0
2018-08-21 00:00:00+09:00,1253.898681640625,1253.898681640625,1253.898681640625,1253.898681640625,0,0.0,0.0
2018-08-22 00:00:00+09:00,1253.898681640625,1253.898681640625,1253.898681640625,1253.898681640625,0,0.0,0.0
2018-08-23 00:00:00+09:00,1253.898681640625,1253.898681640625,1253.898681640625,1253.898681640625,0,0.0,0.0
2018-08-24 00:00:00+09:00,1253.898681640625,1253.898681640625,1253.898681640625,1253.898681640625,0,0.0,0.0
2018-08-27 00:00:00+09:00,1253.898681640625,1253.898681640625,1253.898681640625,1253.898681640625,0,0.0,0.0
2018-08-28 00:00:00+09:00,1253.898681640625,1253.898681640625,1253.898681640625,1253.898681640625,0,0.0,0.0
2018-08-29 00:00:00+09:00,1253.898681640625,1253.898681640625,1253.898681640625,1253.898681640625,0,0.0,0.0
2018-08-30 00:00:00+09:00,1253.898681640625,1253.898681640625,1253.898681640625,1253.898681640625,0,0.0,0.0
2018-08-31 00:00:00+09:00,1253.898681640625,1253.898681640625,1253.898681640625,1253.898681640625,0,0.0,0.0
2018-09-03 00:00:00+09:00,1253.898681640625,1253.898681640625,1253.898681640625,1253.898681640625,0,0.0,0.0
2018-09-04 00:00:00+09:00,1280.715392578125,1297.583984375,1280.715392578125,1297.583984375,2400,0.0,0.0
2018-09-05 00:00:00+09:00,1317.0479310082608,1319.2105712890625,1317.0479310082608,1319.2105712890625,400,0.0,0.0
2018-09-06 00:00:00+09:00,1319.2105712890625,1319.2105712890625,1319.2105712890625,1319.2105712890625,0,0.0,0.0
2018-09-07 00:00:00+09:00,1319.2105712890625,1319.2105712890625,1319.2105712890625,1319.2105712890625,0,0.0,0.0
2018-09-10 00:00:00+09:00,1319.2105712890625,1319.2105712890625,1319.2105712890625,1319.2105712890625,0,0.0,0.0
2018-09-11 00:00:00+09:00,1319.2105712890625,1319.2105712890625,1319.2105712890625,1319.2105712890625,0,0.0,0.0
2018-09-12 00:00:00+09:00,1319.2105712890625,1319.2105712890625,1319.2105712890625,1319.2105712890625,0,0.0,0.0
2018-09-13 00:00:00+09:00,1319.2105712890625,1319.2105712890625,1319.2105712890625,1319.2105712890625,0,0.0,0.0
2018-09-14 00:00:00+09:00,1287.2033967391303,1293.2587890625,1271.6323879076085,1293.2587890625,1000,0.0,0.0
2018-09-17 00:00:00+09:00,1293.2587890625,1293.2587890625,1293.2587890625,1293.2587890625,0,0.0,0.0
2018-09-18 00:00:00+09:00,1293.2587890625,1293.2587890625,1293.2587890625,1293.2587890625,0,0.0,0.0
2018-09-19 00:00:00+09:00,1293.2587890625,1293.2587890625,1293.2587890625,1293.2587890625,0,0.0,0.0
2018-09-20 00:00:00+09:00,1314.8852768456377,1314.8852768456377,1280.7155607697148,1288.93359375,1800,0.0,0.0
2018-09-21 00:00:00+09:00,1284.6082956544617,1284.6082956544617,1280.7155432433876,1281.1480712890625,1200,0.0,0.0
2018-09-24 00:00:00+09:00,1281.1480712890625,1281.1480712890625,1281.1480712890625,1281.1480712890625,0,0.0,0.0
2018-09-25 00:00:00+09:00,1281.1480712890625,1281.1480712890625,1281.1480712890625,1281.1480712890625,0,0.0,0.0
2018-09-26 00:00:00+09:00,1281.1480712890625,1281.1480712890625,1281.1480712890625,1281.1480712890625,0,0.0,0.0
2018-09-27 00:00:00+09:00,1281.1480712890625,1281.1480712890625,1281.1480712890625,1281.1480712890625,0,0.0,0.0
2018-09-28 00:00:00+09:00,1281.1480712890625,1281.1480712890625,1281.1480712890625,1281.1480712890625,0,0.0,0.0
2018-10-01 00:00:00+09:00,1281.1480712890625,1281.1480712890625,1281.1480712890625,1281.1480712890625,0,0.0,0.0
2018-10-02 00:00:00+09:00,1281.1480712890625,1281.1480712890625,1281.1480712890625,1281.1480712890625,0,0.0,0.0
2018-10-03 00:00:00+09:00,1281.1480712890625,1281.1480712890625,1281.1480712890625,1281.1480712890625,0,0.0,0.0
2018-10-04 00:00:00+09:00,1281.1480712890625,1281.1480712890625,1281.1480712890625,1281.1480712890625,0,0.0,0.0
2018-10-05 00:00:00+09:00,1281.1480712890625,1281.1480712890625,1281.1480712890625,1281.1480712890625,0,0.0,0.0
2018-10-08 00:00:00+09:00,1281.1480712890625,1281.1480712890625,1281.1480712890625,1281.1480712890625,0,0.0,0.0
2018-10-09 00:00:00+09:00,1288.5009765625,1288.5009765625,1288.5009765625,1288.5009765625,600,0.0,0.0
2018-10-10 00:00:00+09:00,1288.5009765625,1288.5009765625,1288.5009765625,1288.5009765625,0,0.0,0.0
2018-10-11 00:00:00+09:00,1288.5009765625,1288.5009765625,1288.5009765625,1288.5009765625,0,0.0,0.0
2018-10-12 00:00:00+09:00,1288.5009765625,1288.5009765625,1288.5009765625,1288.5009765625,0,0.0,0.0
2018-10-15 00:00:00+09:00,1288.5009765625,1288.5009765625,1288.5009765625,1288.5009765625,0,0.0,0.0
2018-10-16 00:00:00+09:00,1288.5009765625,1288.5009765625,1288.5009765625,1288.5009765625,0,0.0,0.0
2018-10-17 00:00:00+09:00,1288.5009765625,1288.5009765625,1288.5009765625,1288.5009765625,0,0.0,0.0
2018-10-18 00:00:00+09:00,1288.5009765625,1288.5009765625,1288.5009765625,1288.5009765625,0,0.0,0.0
2018-10-19 00:00:00+09:00,1288.5009765625,1288.5009765625,1288.5009765625,1288.5009765625,0,0.0,0.0
2018-10-22 00:00:00+09:00,1288.5009765625,1288.5009765625,1288.5009765625,1288.5009765625,0,0.0,0.0
2018-10-23 00:00:00+09:00,1288.5009765625,1288.5009765625,1288.5009765625,1288.5009765625,0,0.0,0.0
2018-10-24 00:00:00+09:00,1288.5009765625,1288.5009765625,1288.5009765625,1288.5009765625,0,0.0,0.0
2018-10-25 00:00:00+09:00,1297.583984375,1297.583984375,1297.583984375,1297.583984375,200,0.0,0.0
2018-10-26 00:00:00+09:00,1297.583984375,1297.583984375,1297.583984375,1297.583984375,0,0.0,0.0
2018-10-29 00:00:00+09:00,1297.583984375,1297.583984375,1297.583984375,1297.583984375,0,0.0,0.0
2018-10-30 00:00:00+09:00,1306.2345818300976,1306.2345818300976,1301.9093017578125,1301.9093017578125,400,0.0,0.0
2018-10-31 00:00:00+09:00,1301.9093017578125,1301.9093017578125,1301.9093017578125,1301.9093017578125,0,0.0,0.0
2018-11-01 00:00:00+09:00,1301.9093017578125,1301.9093017578125,1301.9093017578125,1301.9093017578125,0,0.0,0.0
2018-11-02 00:00:00+09:00,1301.9093017578125,1301.9093017578125,1301.9093017578125,1301.9093017578125,0,0.0,0.0
2018-11-05 00:00:00+09:00,1301.9093017578125,1301.9093017578125,1301.9093017578125,1301.9093017578125,0,0.0,0.0
2018-11-06 00:00:00+09:00,1301.9093017578125,1301.9093017578125,1301.9093017578125,1301.9093017578125,0,0.0,0.0
2018-11-07 00:00:00+09:00,1301.9093017578125,1301.9093017578125,1301.9093017578125,1301.9093017578125,0,0.0,0.0
2018-11-08 00:00:00+09:00,1301.9093017578125,1301.9093017578125,1301.9093017578125,1301.9093017578125,0,0.0,0.0
2018-11-09 00:00:00+09:00,1301.9093017578125,1301.9093017578125,1301.9093017578125,1301.9093017578125,0,0.0,0.0
2018-11-12 00:00:00+09:00,1301.9093017578125,1301.9093017578125,1301.9093017578125,1301.9093017578125,0,0.0,0.0
2018-11-13 00:00:00+09:00,1327.861083984375,1327.861083984375,1327.861083984375,1327.861083984375,4000,0.0,0.0
2018-11-14 00:00:00+09:00,1327.861083984375,1327.861083984375,1327.861083984375,1327.861083984375,0,0.0,0.0
2018-11-15 00:00:00+09:00,1327.861083984375,1327.861083984375,1327.861083984375,1327.861083984375,0,0.0,0.0
2018-11-16 00:00:00+09:00,1327.861083984375,1327.861083984375,1327.861083984375,1327.861083984375,0,0.0,0.0
2018-11-19 00:00:00+09:00,1330.023681640625,1330.023681640625,1330.023681640625,1330.023681640625,6600,0.0,0.0
2018-11-20 00:00:00+09:00,1330.023681640625,1330.023681640625,1330.023681640625,1330.023681640625,0,0.0,0.0
2018-11-21 00:00:00+09:00,1299.7467197821393,1330.023681640625,1299.7467197821393,1330.023681640625,1400,0.0,0.0
2018-11-22 00:00:00+09:00,1330.023681640625,1330.023681640625,1330.023681640625,1330.023681640625,0,0.0,0.0
2018-11-23 00:00:00+09:00,1330.023681640625,1330.023681640625,1330.023681640625,1330.023681640625,0,0.0,0.0
2018-11-26 00:00:00+09:00,1330.023681640625,1330.023681640625,1330.023681640625,1330.023681640625,0,0.0,0.0
2018-11-27 00:00:00+09:00,1330.023681640625,1330.023681640625,1330.023681640625,1330.023681640625,0,0.0,0.0
2018-11-28 00:00:00+09:00,1330.023681640625,1330.023681640625,1330.023681640625,1330.023681640625,0,0.0,0.0
2018-11-29 00:00:00+09:00,1308.3973698850536,1319.2105712890625,1297.584168481045,1319.2105712890625,2800,0.0,0.0
2018-11-30 00:00:00+09:00,1319.2105712890625,1319.2105712890625,1319.2105712890625,1319.2105712890625,0,0.0,0.0
2018-12-03 00:00:00+09:00,1319.2105712890625,1319.2105712890625,1319.2105712890625,1319.2105712890625,0,0.0,0.0
2018-12-04 00:00:00+09:00,1314.88525390625,1314.88525390625,1314.88525390625,1314.88525390625,200,0.0,0.0
2018-12-05 00:00:00+09:00,1314.88525390625,1314.88525390625,1314.88525390625,1314.88525390625,0,0.0,0.0
2018-12-06 00:00:00+09:00,1295.8539572010868,1297.5840692934783,1293.2587890625,1293.2587890625,1000,0.0,0.0
2018-12-07 00:00:00+09:00,1293.2587890625,1293.2587890625,1293.2587890625,1293.2587890625,0,0.0,0.0
2018-12-10 00:00:00+09:00,1293.2587890625,1293.2587890625,1293.2587890625,1293.2587890625,0,0.0,0.0
2018-12-11 00:00:00+09:00,1271.6324462890625,1271.6324462890625,1271.6324462890625,1271.6324462890625,200,0.0,0.0
2018-12-12 00:00:00+09:00,1271.6324462890625,1271.6324462890625,1271.6324462890625,1271.6324462890625,0,0.0,0.0
2018-12-13 00:00:00+09:00,1271.6324462890625,1271.6324462890625,1271.6324462890625,1271.6324462890625,0,0.0,0.0
2018-12-14 00:00:00+09:00,1271.6324462890625,1271.6324462890625,1271.6324462890625,1271.6324462890625,0,0.0,0.0
2018-12-17 00:00:00+09:00,1267.3072083455334,1269.4698486328125,1267.3072083455334,1269.4698486328125,1600,0.0,0.0
2018-12-18 00:00:00+09:00,1269.4698486328125,1269.4698486328125,1269.4698486328125,1269.4698486328125,0,0.0,0.0
2018-12-19 00:00:00+09:00,1247.4107666015625,1247.4107666015625,1247.4107666015625,1247.4107666015625,200,0.0,0.0
2018-12-20 00:00:00+09:00,1096.0259561570172,1098.62112416686,1031.1467559109426,1048.4478759765625,33200,0.0,0.0
2018-12-21 00:00:00+09:00,1026.821539823702,1026.821539823702,964.5375037097118,964.9700317382812,4600,0.0,0.0
2018-12-24 00:00:00+09:00,964.9700317382812,964.9700317382812,964.9700317382812,964.9700317382812,0,0.0,0.0
2018-12-25 00:00:00+09:00,878.4644087166622,878.4644087166622,748.7060027023841,752.5987548828125,50600,0.0,0.0
2018-12-26 00:00:00+09:00,856.4054601720861,856.4054601720861,781.1455863993876,800.1768188476562,15800,0.0,0.0
2018-12-27 00:00:00+09:00,821.3707210580097,839.1043701171875,821.3707210580097,839.1043701171875,2000,0.0,0.0
2018-12-28 00:00:00+09:00,839.1043701171875,839.1043701171875,839.1043701171875,839.1043701171875,0,0.0,0.0
2018-12-31 00:00:00+09:00,839.1043701171875,839.1043701171875,839.1043701171875,839.1043701171875,0,0.0,0.0
2019-01-04 00:00:00+09:00,839.1043761185523,839.1043761185523,826.9935913085938,826.9935913085938,1000,0.0,0.0
2019-01-07 00:00:00+09:00,826.9935913085938,826.9935913085938,826.9935913085938,826.9935913085938,0,0.0,0.0
2019-01-08 00:00:00+09:00,884.5198364257812,884.5198364257812,884.5198364257812,884.5198364257812,400,0.0,0.0
2019-01-09 00:00:00+09:00,862.8934050111804,862.8934050111804,856.8380126953125,856.8380126953125,600,0.0,0.0
2019-01-10 00:00:00+09:00,866.3536424841778,866.3536424841778,865.4885864257812,865.4885864257812,400,0.0,0.0
2019-01-11 00:00:00+09:00,865.4885864257812,865.4885864257812,865.4885864257812,865.4885864257812,0,0.0,0.0
2019-01-15 00:00:00+09:00,865.4885864257812,865.4885864257812,865.4885864257812,865.4885864257812,0,0.0,0.0
2019-01-16 00:00:00+09:00,870.2464057693985,870.2464057693985,852.5127563476562,852.5127563476562,800,0.0,0.0
2019-01-17 00:00:00+09:00,848.6199951171875,848.6199951171875,848.6199951171875,848.6199951171875,2000,0.0,0.0
2019-01-18 00:00:00+09:00,848.6199951171875,848.6199951171875,848.6199951171875,848.6199951171875,0,0.0,0.0
2019-01-21 00:00:00+09:00,867.6512531829774,899.6583283253204,867.6512531829774,877.1668701171875,2800,0.0,0.0
2019-01-22 00:00:00+09:00,856.8380031633737,874.1391238733863,856.4054751456234,858.568115234375,2400,0.0,0.0
2019-01-23 00:00:00+09:00,875.8692626953125,875.8692626953125,875.8692626953125,875.8692626953125,600,0.0,0.0
2019-01-24 00:00:00+09:00,875.8692626953125,875.8692626953125,875.8692626953125,875.8692626953125,0,0.0,0.0
2019-01-25 00:00:00+09:00,887.114948562096,893.602868712477,878.0318603515625,878.0318603515625,1600,0.0,0.0
2019-01-28 00:00:00+09:00,881.4920844317658,881.4920844317658,864.6234920407751,878.0318603515625,1000,0.0,0.0
2019-01-29 00:00:00+09:00,890.1426858236624,894.0354380940282,890.1426858236624,892.7378540039062,800,0.0,0.0
2019-01-30 00:00:00+09:00,875.4367644042968,875.4367644042968,865.0560913085938,865.0560913085938,600,0.0,0.0
2019-01-31 00:00:00+09:00,865.0560488427369,867.2186889648438,865.0560488427369,867.2186889648438,800,0.0,0.0
2019-02-01 00:00:00+09:00,867.2186889648438,867.2186889648438,867.2186889648438,867.2186889648438,0,0.0,0.0
2019-02-04 00:00:00+09:00,886.6824369884673,908.308837890625,886.6824369884673,908.308837890625,800,0.0,0.0
2019-02-05 00:00:00+09:00,908.308837890625,908.308837890625,908.308837890625,908.308837890625,0,0.0,0.0
2019-02-06 00:00:00+09:00,879.3294440226058,899.2257324756505,879.3294440226058,883.6547241210938,1200,0.0,0.0
2019-02-07 00:00:00+09:00,878.0318974513633,882.357177734375,871.5439770268459,882.357177734375,1800,0.0,0.0
2019-02-08 00:00:00+09:00,882.357177734375,882.357177734375,882.357177734375,882.357177734375,0,0.0,0.0
2019-02-12 00:00:00+09:00,882.357177734375,882.357177734375,882.357177734375,882.357177734375,0,0.0,0.0
2019-02-13 00:00:00+09:00,873.7066040039062,873.7066040039062,873.7066040039062,873.7066040039062,1600,0.0,0.0
2019-02-14 00:00:00+09:00,873.7066040039062,873.7066040039062,873.7066040039062,873.7066040039062,0,0.0,0.0
2019-02-15 00:00:00+09:00,871.9765014648438,871.9765014648438,871.9765014648438,871.9765014648438,200,0.0,0.0
2019-02-18 00:00:00+09:00,871.9765014648438,871.9765014648438,871.9765014648438,871.9765014648438,0,0.0,0.0
2019-02-19 00:00:00+09:00,886.2498779296875,886.2498779296875,886.2498779296875,886.2498779296875,1000,0.0,0.0
2019-02-20 00:00:00+09:00,875.8692626953125,875.8692626953125,875.8692626953125,875.8692626953125,600,0.0,0.0
2019-02-21 00:00:00+09:00,874.1390991210938,874.1390991210938,874.1390991210938,874.1390991210938,200,0.0,0.0
2019-02-22 00:00:00+09:00,874.1390991210938,874.1390991210938,874.1390991210938,874.1390991210938,0,0.0,0.0
2019-02-25 00:00:00+09:00,875.869253703526,894.4679588438972,871.9765014648438,871.9765014648438,1600,0.0,0.0
2019-02-26 00:00:00+09:00,865.4885953533117,871.976515858209,865.4885953533117,869.38134765625,3000,0.0,0.0
2019-02-27 00:00:00+09:00,865.9211473999023,865.9211473999023,858.5681706237792,865.0560913085938,4200,0.0,0.0
2019-02-28 00:00:00+09:00,865.0560913085938,865.0560913085938,865.0560913085938,865.0560913085938,0,0.0,0.0
2019-03-01 00:00:00+09:00,865.0560913085938,865.0560913085938,865.0560913085938,865.0560913085938,0,0.0,0.0
2019-03-04 00:00:00+09:00,886.2498779296875,886.2498779296875,886.2498779296875,886.2498779296875,200,0.0,0.0
2019-03-05 00:00:00+09:00,886.2498779296875,886.2498779296875,886.2498779296875,886.2498779296875,0,0.0,0.0
2019-03-06 00:00:00+09:00,890.5751678286574,898.3606719670333,878.8969116210938,878.8969116210938,1800,0.0,0.0
2019-03-07 00:00:00+09:00,878.8969116210938,878.8969116210938,878.8969116210938,878.8969116210938,0,0.0,0.0
2019-03-08 00:00:00+09:00,891.0077493392413,891.0077493392413,869.38134765625,869.38134765625,1400,0.0,0.0
2019-03-11 00:00:00+09:00,873.7066040039062,873.7066040039062,873.7066040039062,873.7066040039062,200,0.0,0.0
2019-03-12 00:00:00+09:00,873.7066040039062,873.7066040039062,873.7066040039062,873.7066040039062,0,0.0,0.0
2019-03-13 00:00:00+09:00,873.7066040039062,873.7066040039062,873.7066040039062,873.7066040039062,0,0.0,0.0
2019-03-14 00:00:00+09:00,878.0318603515625,878.0318603515625,878.0318603515625,878.0318603515625,200,0.0,0.0
2019-03-15 00:00:00+09:00,876.3017721346109,889.2776127881342,873.7066040039062,873.7066040039062,1400,0.0,0.0
2019-03-18 00:00:00+09:00,884.519825542404,897.4956665039062,884.519825542404,897.4956665039062,4800,0.0,0.0
2019-03-19 00:00:00+09:00,903.551025390625,903.551025390625,903.551025390625,903.551025390625,1000,0.0,0.0
2019-03-20 00:00:00+09:00,903.551025390625,903.551025390625,903.551025390625,903.551025390625,0,0.0,0.0
2019-03-22 00:00:00+09:00,903.5510283296718,925.1774291992188,903.5510283296718,925.1774291992188,800,0.0,0.0
2019-03-25 00:00:00+09:00,925.1774291992188,925.1774291992188,925.1774291992188,925.1774291992188,0,0.0,0.0
2019-03-26 00:00:00+09:00,936.423132418503,951.994140625,936.423132418503,951.994140625,400,0.0,0.0
2019-03-27 00:00:00+09:00,947.2363980697903,951.129150390625,945.506285927197,951.129150390625,600,0.0,0.0
2019-03-28 00:00:00+09:00,951.129150390625,951.129150390625,951.129150390625,951.129150390625,0,0.0,0.0
2019-03-29 00:00:00+09:00,951.129150390625,951.129150390625,951.129150390625,951.129150390625,0,0.0,0.0
2019-04-01 00:00:00+09:00,951.129150390625,951.129150390625,951.129150390625,951.129150390625,0,0.0,0.0
2019-04-02 00:00:00+09:00,951.129150390625,951.129150390625,951.129150390625,951.129150390625,0,0.0,0.0
2019-04-03 00:00:00+09:00,951.129150390625,951.129150390625,951.129150390625,951.129150390625,0,0.0,0.0
2019-04-04 00:00:00+09:00,951.129150390625,951.129150390625,951.129150390625,951.129150390625,0,0.0,0.0
2019-04-05 00:00:00+09:00,951.129150390625,951.129150390625,951.129150390625,951.129150390625,0,0.0,0.0
2019-04-08 00:00:00+09:00,951.129150390625,951.129150390625,951.129150390625,951.129150390625,0,0.0,0.0
2019-04-09 00:00:00+09:00,934.2605590820312,934.2605590820312,934.2605590820312,934.2605590820312,400,0.0,0.0
2019-04-10 00:00:00+09:00,921.2847290039062,921.2847290039062,921.2847290039062,921.2847290039062,400,0.0,0.0
2019-04-11 00:00:00+09:00,926.4750366210938,926.4750366210938,926.4750366210938,926.4750366210938,200,0.0,0.0
2019-04-12 00:00:00+09:00,926.4750695475792,926.4750695475792,926.0425415039062,926.0425415039062,400,0.0,0.0
2019-04-15 00:00:00+09:00,947.2363868784682,947.2363868784682,925.6099853515625,925.6099853515625,600,0.0,0.0
2019-04-16 00:00:00+09:00,925.6099853515625,925.6099853515625,925.6099853515625,925.6099853515625,0,0.0,0.0
2019-04-17 00:00:00+09:00,929.93526917068,935.9906616210938,929.93526917068,935.9906616210938,400,0.0,0.0
2019-04-18 00:00:00+09:00,939.0183653924724,951.129150390625,929.9352766438581,951.129150390625,1000,0.0,0.0
2019-04-19 00:00:00+09:00,972.7554975391489,977.5133056640624,972.7554975391489,977.5133056640625,1200,0.0,0.0
2019-04-22 00:00:00+09:00,977.0808773754752,977.0808773754752,970.5929565429688,970.5929565429688,1600,0.0,0.0
2019-04-23 00:00:00+09:00,960.2122506394418,971.0254516601562,960.2122506394418,971.0254516601562,400,0.0,0.0
2019-04-24 00:00:00+09:00,971.0254516601562,971.0254516601562,971.0254516601562,971.0254516601562,400,0.0,0.0
2019-04-25 00:00:00+09:00,971.0254516601562,971.0254516601562,971.0254516601562,971.0254516601562,200,0.0,0.0
2019-04-26 00:00:00+09:00,971.0254516601562,971.0254516601562,971.0254516601562,971.0254516601562,0,0.0,0.0
2019-05-07 00:00:00+09:00,971.0254516601562,971.0254516601562,971.0254516601562,971.0254516601562,0,0.0,0.0
2019-05-08 00:00:00+09:00,971.0253854937257,977.5133056640624,964.537465323389,977.5133056640625,1600,0.0,0.0
2019-05-09 00:00:00+09:00,956.7519486880963,956.7519486880963,951.994140625,951.994140625,1000,0.0,0.0
2019-05-10 00:00:00+09:00,973.62060546875,973.62060546875,973.62060546875,973.62060546875,200,0.0,0.0
2019-05-13 00:00:00+09:00,951.5617182689348,965.8351440429688,951.5617182689348,965.8351440429688,1800,0.0,0.0
2019-05-14 00:00:00+09:00,965.8351440429688,965.8351440429688,965.8351440429688,965.8351440429688,400,0.0,0.0
2019-05-15 00:00:00+09:00,965.8351440429688,965.8351440429688,965.8351440429688,965.8351440429688,0,0.0,0.0
2019-05-16 00:00:00+09:00,990.4891967773438,990.4891967773438,968.8627951009826,990.4891967773438,800,0.0,0.0
2019-05-17 00:00:00+09:00,990.4891967773438,990.4891967773438,968.8627951009826,990.4891967773438,800,0.0,0.0
2019-05-20 00:00:00+09:00,1009.5204467773438,1009.5204467773438,1009.5204467773438,1009.5204467773438,3800,0.0,0.0
2019-05-21 00:00:00+09:00,1009.5204467773438,1009.5204467773438,1009.5204467773438,1009.5204467773438,4400,0.0,0.0
2019-05-22 00:00:00+09:00,1009.5204467773438,1009.5204467773438,1009.5204467773438,1009.5204467773438,4000,0.0,0.0
2019-05-23 00:00:00+09:00,1010.3854370117188,1010.3854370117188,1010.3854370117188,1010.3854370117188,1000,0.0,0.0
2019-05-24 00:00:00+09:00,1010.3854370117188,1010.3854370117188,1010.3854370117188,1010.3854370117188,2200,0.0,0.0
2019-05-27 00:00:00+09:00,1010.3854370117188,1010.3854370117188,1010.3854370117188,1010.3854370117188,0,0.0,0.0
2019-05-28 00:00:00+09:00,1010.8179321289062,1010.8179321289062,1010.8179321289062,1010.8179321289062,200,0.0,0.0
2019-05-29 00:00:00+09:00,1010.8179321289062,1010.8179321289062,1010.8179321289062,1010.8179321289062,0,0.0,0.0
2019-05-30 00:00:00+09:00,1010.8179321289062,1010.8179321289062,1010.8179321289062,1010.8179321289062,0,0.0,0.0
2019-05-31 00:00:00+09:00,989.1915322117281,1010.8179321289062,989.1915322117281,1010.8179321289062,400,0.0,0.0
2019-06-03 00:00:00+09:00,1010.8179321289062,1010.8179321289062,1010.8179321289062,1010.8179321289062,0,0.0,0.0
2019-06-04 00:00:00+09:00,1010.8179321289062,1010.8179321289062,1010.8179321289062,1010.8179321289062,0,0.0,0.0
2019-06-05 00:00:00+09:00,1010.8179321289062,1010.8179321289062,1010.8179321289062,1010.8179321289062,0,0.0,0.0
2019-06-06 00:00:00+09:00,1007.790283203125,1007.790283203125,1007.790283203125,1007.790283203125,200,0.0,0.0
2019-06-07 00:00:00+09:00,1007.790283203125,1007.790283203125,1007.790283203125,1007.790283203125,0,0.0,0.0
2019-06-10 00:00:00+09:00,1007.790283203125,1007.790283203125,1007.790283203125,1007.790283203125,0,0.0,0.0
2019-06-11 00:00:00+09:00,1007.790283203125,1007.790283203125,1007.790283203125,1007.790283203125,0,0.0,0.0
2019-06-12 00:00:00+09:00,1006.4927978515625,1006.4927978515625,1006.4927978515625,1006.4927978515625,200,0.0,0.0
2019-06-13 00:00:00+09:00,1006.4927978515625,1006.4927978515625,1006.4927978515625,1006.4927978515625,0,0.0,0.0
2019-06-14 00:00:00+09:00,1006.4927978515625,1006.4927978515625,1006.4927978515625,1006.4927978515625,0,0.0,0.0
2019-06-17 00:00:00+09:00,1006.4927978515625,1006.4927978515625,1006.4927978515625,1006.4927978515625,0,0.0,0.0
2019-06-18 00:00:00+09:00,987.029013171128,999.5723266601562,986.1639570684363,999.5723266601562,600,0.0,0.0
2019-06-19 00:00:00+09:00,999.1397050921425,999.1397050921425,980.5410006250594,994.3818969726562,1000,0.0,0.0
2019-06-20 00:00:00+09:00,993.516928656684,993.516928656684,955.8869883897569,973.1881103515625,2400,0.0,0.0
2019-06-21 00:00:00+09:00,981.4060577662644,981.4060577662644,956.3194331076293,977.5133056640625,1000,0.0,0.0
2019-06-24 00:00:00+09:00,977.5133056640624,977.5133056640624,977.5133056640624,977.5133056640625,0,0.0,0.0
2019-06-25 00:00:00+09:00,945.0737330630856,966.7001342773438,945.0737330630856,966.7001342773438,400,0.0,0.0
2019-06-26 00:00:00+09:00,996.8370902321554,1020.0193481445311,996.8370902321554,1020.0193481445312,400,75.0,0.0
2019-06-27 00:00:00+09:00,1020.0193481445311,1020.0193481445311,1020.0193481445311,1020.0193481445312,0,0.0,0.0
2019-06-28 00:00:00+09:00,1020.0193481445311,1020.0193481445311,1020.0193481445311,1020.0193481445312,0,0.0,0.0
2019-07-01 00:00:00+09:00,1020.0193481445311,1020.0193481445311,1020.0193481445311,1020.0193481445312,0,0.0,0.0
2019-07-02 00:00:00+09:00,1018.1647817524637,1018.1647817524637,994.9825235158411,1005.6463623046875,600,0.0,0.0
2019-07-03 00:00:00+09:00,1001.4735717773438,1001.4735717773438,1001.4735717773438,1001.4735717773438,200,0.0,0.0
2019-07-04 00:00:00+09:00,1001.4735717773438,1001.4735717773438,1001.4735717773438,1001.4735717773438,0,0.0,0.0
2019-07-05 00:00:00+09:00,979.2185852465986,1022.3375854492188,979.2185852465986,1022.3375854492188,2600,0.0,0.0
2019-07-08 00:00:00+09:00,1022.3375854492188,1022.3375854492188,1022.3375854492188,1022.3375854492188,0,0.0,0.0
2019-07-09 00:00:00+09:00,1022.3375854492188,1022.3375854492188,1022.3375854492188,1022.3375854492188,0,0.0,0.0
2019-07-10 00:00:00+09:00,1022.3375854492188,1022.3375854492188,1022.3375854492188,1022.3375854492188,0,0.0,0.0
2019-07-11 00:00:00+09:00,1010.7464440678178,1014.9192504882812,1010.7464440678178,1014.9192504882812,2800,0.0,0.0
2019-07-12 00:00:00+09:00,1036.2469482421875,1036.2469482421875,1036.2469482421875,1036.2469482421875,3800,0.0,0.0
2019-07-16 00:00:00+09:00,1036.2469482421875,1036.2469482421875,1036.2469482421875,1036.2469482421875,1400,0.0,0.0
2019-07-17 00:00:00+09:00,1036.2469482421875,1036.2469482421875,1036.2469482421875,1036.2469482421875,0,0.0,0.0
2019-07-18 00:00:00+09:00,1020.0193481445311,1020.0193481445311,1020.0193481445311,1020.0193481445312,200,0.0,0.0
2019-07-19 00:00:00+09:00,1020.0193481445311,1020.0193481445311,1020.0193481445311,1020.0193481445312,0,0.0,0.0
2019-07-22 00:00:00+09:00,1020.0193481445311,1020.0193481445311,1020.0193481445311,1020.0193481445312,800,0.0,0.0
2019-07-23 00:00:00+09:00,1020.0193481445311,1020.0193481445311,1020.0193481445311,1020.0193481445312,0,0.0,0.0
2019-07-24 00:00:00+09:00,1020.0193481445311,1020.0193481445311,1020.0193481445311,1020.0193481445312,0,0.0,0.0
2019-07-25 00:00:00+09:00,1020.0193481445311,1020.0193481445311,1020.0193481445311,1020.0193481445312,0,0.0,0.0
2019-07-26 00:00:00+09:00,1020.0193481445311,1020.0193481445311,1020.0193481445311,1020.0193481445312,0,0.0,0.0
2019-07-29 00:00:00+09:00,1020.0193481445311,1020.0193481445311,1020.0193481445311,1020.0193481445312,0,0.0,0.0
2019-07-30 00:00:00+09:00,1020.0193481445311,1020.0193481445311,1020.0193481445311,1020.0193481445312,0,0.0,0.0
2019-07-31 00:00:00+09:00,1020.0193481445311,1020.0193481445311,1020.0193481445311,1020.0193481445312,0,0.0,0.0
2019-08-01 00:00:00+09:00,996.8370971679688,996.8370971679688,996.8370971679688,996.8370971679688,200,0.0,0.0
2019-08-02 00:00:00+09:00,996.8370971679688,996.8370971679688,996.8370971679688,996.8370971679688,0,0.0,0.0
2019-08-05 00:00:00+09:00,1017.7011108398438,1017.7011108398438,1017.7011108398438,1017.7011108398438,400,0.0,0.0
2019-08-06 00:00:00+09:00,982.9277337024363,1009.8191528320312,950.4725726839596,1009.8191528320312,2000,0.0,0.0
2019-08-07 00:00:00+09:00,1009.8191528320312,1009.8191528320312,1009.8191528320312,1009.8191528320312,0,0.0,0.0
2019-08-08 00:00:00+09:00,1033.00146484375,1033.00146484375,1033.00146484375,1033.00146484375,200,0.0,0.0
2019-08-09 00:00:00+09:00,1033.00146484375,1033.00146484375,1033.00146484375,1033.00146484375,0,0.0,0.0
2019-08-13 00:00:00+09:00,1033.00146484375,1033.00146484375,1033.00146484375,1033.00146484375,0,0.0,0.0
2019-08-14 00:00:00+09:00,1033.00146484375,1033.00146484375,1033.00146484375,1033.00146484375,0,0.0,0.0
2019-08-15 00:00:00+09:00,1033.00146484375,1033.00146484375,1033.00146484375,1033.00146484375,0,0.0,0.0
2019-08-16 00:00:00+09:00,1020.0193481445311,1020.0193481445311,1020.0193481445311,1020.0193481445312,200,0.0,0.0
2019-08-19 00:00:00+09:00,1020.0193481445311,1020.0193481445311,1020.0193481445311,1020.0193481445312,400,0.0,0.0
2019-08-20 00:00:00+09:00,1017.7011108398438,1017.7011108398438,1017.7011108398438,1017.7011108398438,1000,0.0,0.0
2019-08-21 00:00:00+09:00,1017.7011108398438,1017.7011108398438,1017.7011108398438,1017.7011108398438,0,0.0,0.0
2019-08-22 00:00:00+09:00,1017.7011108398438,1017.7011108398438,1017.7011108398438,1017.7011108398438,0,0.0,0.0
2019-08-23 00:00:00+09:00,1017.7011108398438,1017.7011108398438,1017.7011108398438,1017.7011108398438,0,0.0,0.0
2019-08-26 00:00:00+09:00,1017.7011108398438,1017.7011108398438,1017.7011108398438,1017.7011108398438,0,0.0,0.0
2019-08-27 00:00:00+09:00,1017.7011108398438,1017.7011108398438,1017.7011108398438,1017.7011108398438,0,0.0,0.0
2019-08-28 00:00:00+09:00,1017.7011108398438,1017.7011108398438,1017.7011108398438,1017.7011108398438,0,0.0,0.0
2019-08-29 00:00:00+09:00,1017.7011108398438,1017.7011108398438,1017.7011108398438,1017.7011108398438,0,0.0,0.0
2019-08-30 00:00:00+09:00,1017.7011108398438,1017.7011108398438,1017.7011108398438,1017.7011108398438,0,0.0,0.0
2019-09-02 00:00:00+09:00,1017.7011108398438,1017.7011108398438,1017.7011108398438,1017.7011108398438,0,0.0,0.0
2019-09-03 00:00:00+09:00,1017.7011108398438,1017.7011108398438,1017.7011108398438,1017.7011108398438,0,0.0,0.0
2019-09-04 00:00:00+09:00,987.5641852765044,1009.8191528320312,987.5641852765044,1009.8191528320312,400,0.0,0.0
2019-09-05 00:00:00+09:00,1009.8191528320312,1009.8191528320312,1009.8191528320312,1009.8191528320312,0,0.0,0.0
2019-09-06 00:00:00+09:00,987.5641626449528,1005.1826782226562,987.5641626449528,1005.1826782226562,400,0.0,0.0
2019-09-09 00:00:00+09:00,1005.1826782226562,1005.1826782226562,1005.1826782226562,1005.1826782226562,0,0.0,0.0
2019-09-10 00:00:00+09:00,999.1553344726562,999.1553344726562,999.1553344726562,999.1553344726562,1000,0.0,0.0
2019-09-11 00:00:00+09:00,999.1553344726562,999.1553344726562,999.1553344726562,999.1553344726562,1200,0.0,0.0
2019-09-12 00:00:00+09:00,999.1553405959244,1002.864501953125,996.8371147476739,1002.864501953125,1400,0.0,0.0
2019-09-13 00:00:00+09:00,1002.864501953125,1002.864501953125,1002.864501953125,1002.864501953125,0,0.0,0.0
2019-09-17 00:00:00+09:00,1002.864501953125,1002.864501953125,1002.864501953125,1002.864501953125,0,0.0,0.0
2019-09-18 00:00:00+09:00,1002.864501953125,1002.864501953125,1002.864501953125,1002.864501953125,0,0.0,0.0
2019-09-19 00:00:00+09:00,1009.3555297851562,1009.3555297851562,1009.3555297851562,1009.3555297851562,200,0.0,0.0
2019-09-20 00:00:00+09:00,1009.3555297851562,1009.3555297851562,1009.3555297851562,1009.3555297851562,800,0.0,0.0
2019-09-24 00:00:00+09:00,996.8370962834013,1023.728515625,996.8370962834013,1023.728515625,2200,0.0,0.0
2019-09-25 00:00:00+09:00,1024.6557763802198,1042.2742919921875,1024.6557763802198,1042.2742919921875,600,0.0,0.0
2019-09-26 00:00:00+09:00,1042.2742919921875,1042.2742919921875,1042.2742919921875,1042.2742919921875,0,0.0,0.0
2019-09-27 00:00:00+09:00,1042.2742919921875,1042.2742919921875,1042.2742919921875,1042.2742919921875,0,0.0,0.0
2019-09-30 00:00:00+09:00,1042.2742919921875,1042.2742919921875,1042.2742919921875,1042.2742919921875,0,0.0,0.0
2019-10-01 00:00:00+09:00,1042.2742919921875,1042.2742919921875,1042.2742919921875,1042.2742919921875,0,0.0,0.0
2019-10-02 00:00:00+09:00,1042.2742919921875,1042.2742919921875,1042.2742919921875,1042.2742919921875,0,0.0,0.0
2019-10-03 00:00:00+09:00,1042.2742919921875,1042.2742919921875,1042.2742919921875,1042.2742919921875,0,0.0,0.0
2019-10-04 00:00:00+09:00,1042.2742919921875,1042.2742919921875,1042.2742919921875,1042.2742919921875,0,0.0,0.0
2019-10-07 00:00:00+09:00,1042.2743141028316,1042.2743141028316,1020.019346541917,1041.8106689453125,600,0.0,0.0
2019-10-08 00:00:00+09:00,1020.0193135588497,1039.9560546875,1016.7737975611625,1039.9560546875,1200,0.0,0.0
2019-10-09 00:00:00+09:00,1020.0193898768097,1040.8834228515625,1020.0193898768097,1040.8834228515625,2800,0.0,0.0
2019-10-10 00:00:00+09:00,1040.8833287103428,1071.020262503738,1040.8833287103428,1065.920166015625,4000,0.0,0.0
2019-10-11 00:00:00+09:00,1065.4565962534102,1065.4565962534102,1050.1563057066903,1051.5472412109375,6000,0.0,0.0
2019-10-15 00:00:00+09:00,1038.1014921901658,1038.1014921901658,996.8370737868943,1019.092041015625,2600,0.0,0.0
2019-10-16 00:00:00+09:00,1018.6284117509155,1018.6284117509155,996.8370893329396,1014.9192504882812,4600,0.0,0.0
2019-10-17 00:00:00+09:00,998.228023896861,1009.8191528320312,994.5188626376065,1009.8191528320312,3600,0.0,0.0
2019-10-18 00:00:00+09:00,1002.4008355783046,1008.42822265625,1002.4008355783046,1008.42822265625,600,0.0,0.0
2019-10-21 00:00:00+09:00,1053.8653994940023,1053.8653994940023,1047.8380126953125,1047.8380126953125,1800,0.0,0.0
2019-10-23 00:00:00+09:00,1046.4471214436344,1046.9107666015625,1046.4471214436344,1046.9107666015625,1600,0.0,0.0
2019-10-24 00:00:00+09:00,1046.9107666015625,1046.9107666015625,1046.9107666015625,1046.9107666015625,0,0.0,0.0
2019-10-25 00:00:00+09:00,1046.9107666015625,1046.9107666015625,1046.9107666015625,1046.9107666015625,200,0.0,0.0
2019-10-28 00:00:00+09:00,1023.7284974201066,1045.9834647553262,1023.7284974201066,1044.592529296875,1000,0.0,0.0
2019-10-29 00:00:00+09:00,1044.592529296875,1044.592529296875,1044.592529296875,1044.592529296875,0,0.0,0.0
2019-10-30 00:00:00+09:00,1009.3554752807345,1039.9560546875,1009.3554752807345,1039.9560546875,800,0.0,0.0
2019-10-31 00:00:00+09:00,1038.5652076820008,1038.5652076820008,1038.1015625,1038.1015625,1000,0.0,0.0
2019-11-01 00:00:00+09:00,1020.0193332981419,1029.292236328125,1020.0193332981419,1029.292236328125,5000,0.0,0.0
2019-11-05 00:00:00+09:00,1006.1100220056779,1028.364990234375,1006.1100220056779,1028.364990234375,600,0.0,0.0
2019-11-06 00:00:00+09:00,1006.1100220056779,1028.364990234375,1006.1100220056779,1028.364990234375,600,0.0,0.0
2019-11-07 00:00:00+09:00,1028.364990234375,1028.364990234375,1028.364990234375,1028.364990234375,0,0.0,0.0
2019-11-08 00:00:00+09:00,1028.364990234375,1028.364990234375,1028.364990234375,1028.364990234375,0,0.0,0.0
2019-11-11 00:00:00+09:00,1020.0193632633315,1020.0193632633315,1010.7464599609375,1010.7464599609375,400,0.0,0.0
2019-11-12 00:00:00+09:00,1020.0193632633315,1020.0193632633315,1010.7464599609375,1010.7464599609375,400,0.0,0.0
2019-11-13 00:00:00+09:00,1009.8191528320312,1009.8191528320312,1009.8191528320312,1009.8191528320312,1200,0.0,0.0
2019-11-14 00:00:00+09:00,991.7370039636949,991.7370039636949,985.2459716796875,985.2459716796875,400,0.0,0.0
2019-11-15 00:00:00+09:00,991.7370039636949,991.7370039636949,985.2459716796875,985.2459716796875,400,0.0,0.0
2019-11-18 00:00:00+09:00,985.2459716796875,985.2459716796875,985.2459716796875,985.2459716796875,800,0.0,0.0
2019-11-19 00:00:00+09:00,982.927734375,984.7823150058963,982.927734375,982.927734375,2200,0.0,0.0
2019-11-20 00:00:00+09:00,982.927734375,984.7823150058963,982.927734375,982.927734375,2200,0.0,0.0
2019-11-21 00:00:00+09:00,964.3819580078125,964.3819580078125,964.3819580078125,964.3819580078125,200,0.0,0.0
2019-11-22 00:00:00+09:00,964.3819580078125,964.3819580078125,964.3819580078125,964.3819580078125,200,0.0,0.0
2019-11-25 00:00:00+09:00,973.6548461914062,973.6548461914062,973.6548461914062,973.6548461914062,400,0.0,0.0
2019-11-26 00:00:00+09:00,964.3819580078125,964.3819580078125,964.3819580078125,964.3819580078125,400,0.0,0.0
2019-11-27 00:00:00+09:00,964.3819580078125,964.3819580078125,964.3819580078125,964.3819580078125,600,0.0,0.0
2019-11-28 00:00:00+09:00,964.3819580078125,964.3819580078125,964.3819580078125,964.3819580078125,600,0.0,0.0
2019-11-29 00:00:00+09:00,964.3819428943452,1153.54917015439,963.4546525646391,973.6548461914062,6800,0.0,0.0
2019-12-02 00:00:00+09:00,973.6548168171379,973.6548168171379,965.3092041015625,965.3092041015625,400,0.0,0.0
2019-12-03 00:00:00+09:00,973.6548168171379,973.6548168171379,965.3092041015625,965.3092041015625,400,0.0,0.0
2019-12-04 00:00:00+09:00,964.3819580078125,964.3819580078125,964.3819580078125,964.3819580078125,400,0.0,0.0
2019-12-05 00:00:00+09:00,964.3819580078125,964.3819580078125,964.3819580078125,964.3819580078125,400,0.0,0.0
2019-12-06 00:00:00+09:00,964.3819085356714,966.7001342773438,964.3819085356714,966.7001342773438,1800,0.0,0.0
2019-12-09 00:00:00+09:00,992.2006225585938,992.2006225585938,992.2006225585938,992.2006225585938,200,0.0,0.0
2019-12-10 00:00:00+09:00,992.2006225585938,992.2006225585938,992.2006225585938,992.2006225585938,200,0.0,0.0
2019-12-11 00:00:00+09:00,969.0183945428757,973.6548461914062,969.0183945428757,973.6548461914062,1000,0.0,0.0
2019-12-12 00:00:00+09:00,973.6548461914062,973.6548461914062,973.6548461914062,973.6548461914062,1800,0.0,0.0
2019-12-13 00:00:00+09:00,973.6548461914062,973.6548461914062,973.6548461914062,973.6548461914062,800,0.0,0.0
2019-12-16 00:00:00+09:00,975.0457763671875,975.0457763671875,975.0457763671875,975.0457763671875,200,0.0,0.0
2019-12-17 00:00:00+09:00,997.3007202148438,997.3007202148438,997.3007202148438,997.3007202148438,7000,0.0,0.0
2019-12-18 00:00:00+09:00,997.3007202148438,997.3007202148438,997.3007202148438,997.3007202148438,7000,0.0,0.0
2019-12-19 00:00:00+09:00,978.7549154767519,978.7549154767519,975.5093994140625,975.5093994140625,1800,0.0,0.0
2019-12-20 00:00:00+09:00,978.7549154767519,978.7549154767519,975.5093994140625,975.5093994140625,1800,0.0,0.0
2019-12-23 00:00:00+09:00,986.6368850320438,986.6368850320438,985.7095947265625,985.7095947265625,600,0.0,0.0
2019-12-24 00:00:00+09:00,970.8729752022879,973.6548461914062,970.8729752022879,973.6548461914062,600,0.0,0.0
2019-12-25 00:00:00+09:00,973.6548461914062,981.536813993908,964.3819428943452,973.6548461914062,9000,0.0,0.0
2019-12-26 00:00:00+09:00,973.6548461914062,981.536813993908,964.3819428943452,973.6548461914062,9000,0.0,0.0
2019-12-27 00:00:00+09:00,982.927734375,982.927734375,982.927734375,982.927734375,400,0.0,0.0
2019-12-30 00:00:00+09:00,1004.2554321289062,1004.2554321289062,1004.2554321289062,1004.2554321289062,1400,0.0,0.0
2020-01-06 00:00:00+09:00,985.7095947265625,985.7095947265625,985.7095947265625,985.7095947265625,200,0.0,0.0
2020-01-07 00:00:00+09:00,985.7095947265625,985.7095947265625,985.7095947265625,985.7095947265625,200,0.0,0.0
2020-01-08 00:00:00+09:00,974.5821215359671,982.927734375,974.5821215359671,982.927734375,800,0.0,0.0
2020-01-09 00:00:00+09:00,1007.5009358818587,1007.5009358818587,996.8370971679688,996.8370971679688,400,0.0,0.0
2020-01-10 00:00:00+09:00,1007.5009358818587,1007.5009358818587,996.8370971679688,996.8370971679688,400,0.0,0.0
2020-01-14 00:00:00+09:00,975.509417116276,995.4461590060098,975.509417116276,981.5368041992188,4600,0.0,0.0
2020-01-15 00:00:00+09:00,1027.9013284684117,1182.2951680624492,991.7370056806191,995.4461669921875,24400,0.0,0.0
2020-01-16 00:00:00+09:00,1000.0826239799386,1000.5462691463641,982.9277528221928,994.0552368164062,2200,0.0,0.0
2020-01-17 00:00:00+09:00,1003.7917960927908,1003.7917960927908,990.3460861220328,991.2733764648438,2000,0.0,0.0
2020-01-20 00:00:00+09:00,999.1553008196133,999.6189459708057,997.3007202148438,997.3007202148438,1600,0.0,0.0
2020-01-21 00:00:00+09:00,999.1553008196133,999.6189459708057,997.3007202148438,997.3007202148438,1600,0.0,0.0
2020-01-22 00:00:00+09:00,997.3007501724663,1010.7464599609375,996.8371050073466,1010.7464599609375,2400,0.0,0.0
2020-01-23 00:00:00+09:00,1007.9645980210995,1007.9645980210995,997.764404296875,997.764404296875,1600,0.0,0.0
2020-01-24 00:00:00+09:00,994.0552413438968,994.518886512434,987.564208984375,987.564208984375,1800,0.0,0.0
2020-01-27 00:00:00+09:00,1001.9372092090302,1001.9372092090302,982.9277572990025,987.564208984375,600,0.0,0.0
2020-01-28 00:00:00+09:00,982.0004440595519,982.927734375,981.5367989018279,982.927734375,1600,0.0,0.0
2020-01-29 00:00:00+09:00,982.0004272460938,982.0004272460938,982.0004272460938,982.0004272460938,800,0.0,0.0
2020-01-30 00:00:00+09:00,996.8370971679688,996.8370971679688,996.8370971679688,996.8370971679688,200,0.0,0.0
2020-01-31 00:00:00+09:00,996.8370971679688,996.8370971679688,996.8370971679688,996.8370971679688,200,0.0,0.0
2020-02-03 00:00:00+09:00,996.8370971679688,996.8370971679688,996.8370971679688,996.8370971679688,0,0.0,0.0
2020-02-04 00:00:00+09:00,996.8370971679688,996.8370971679688,996.8370971679688,996.8370971679688,0,0.0,0.0
2020-02-05 00:00:00+09:00,986.6369262695313,1001.4735717773438,986.6369262695313,1001.4735717773438,800,0.0,0.0
2020-02-06 00:00:00+09:00,986.6369262695313,1001.4735717773438,986.6369262695313,1001.4735717773438,800,0.0,0.0
2020-02-07 00:00:00+09:00,992.2006340827141,996.8370856438484,992.2006340827141,994.5188598632812,800,0.0,0.0
2020-02-10 00:00:00+09:00,983.3914024675397,987.564208984375,983.3914024675397,987.564208984375,1200,0.0,0.0
2020-02-12 00:00:00+09:00,995.9097900390625,995.9097900390625,995.9097900390625,995.9097900390625,200,0.0,0.0
2020-02-13 00:00:00+09:00,995.9097900390625,995.9097900390625,995.9097900390625,995.9097900390625,200,0.0,0.0
2020-02-14 00:00:00+09:00,995.9097900390625,995.9097900390625,995.9097900390625,995.9097900390625,200,0.0,0.0
2020-02-17 00:00:00+09:00,998.691669737618,1000.5462503685142,982.927734375,982.927734375,3400,0.0,0.0
2020-02-18 00:00:00+09:00,998.691669737618,1000.5462503685142,982.927734375,982.927734375,3400,0.0,0.0
2020-02-19 00:00:00+09:00,1010.7464599609375,1010.7464599609375,1010.7464599609375,1010.7464599609375,800,0.0,0.0
2020-02-20 00:00:00+09:00,1010.7464599609375,1010.7464599609375,1010.7464599609375,1010.7464599609375,800,0.0,0.0
2020-02-21 00:00:00+09:00,1010.7464599609375,1010.7464599609375,1010.7464599609375,1010.7464599609375,0,0.0,0.0
2020-02-25 00:00:00+09:00,987.5641859522406,987.5641859522406,982.927734375,982.927734375,1200,0.0,0.0
2020-02-26 00:00:00+09:00,969.0183715820312,969.0183715820312,969.0183715820312,969.0183715820312,200,0.0,0.0
2020-02-27 00:00:00+09:00,982.9277648925781,982.9277648925781,964.3819580078125,964.3819580078125,800,0.0,0.0
2020-02-28 00:00:00+09:00,931.9267936206192,931.9267936206192,911.9900512695312,911.9900512695312,1400,0.0,0.0
2020-03-02 00:00:00+09:00,885.5622419605913,899.9352416992188,858.6708230947723,899.9352416992188,1400,0.0,0.0
2020-03-03 00:00:00+09:00,899.9352416992188,899.9352416992188,899.9352416992188,899.9352416992188,0,0.0,0.0
2020-03-04 00:00:00+09:00,899.9352416992188,899.9352416992188,899.9352416992188,899.9352416992188,400,0.0,0.0
2020-03-05 00:00:00+09:00,899.9352416992188,899.9352416992188,899.9352416992188,899.9352416992188,0,0.0,0.0
2020-03-06 00:00:00+09:00,899.9352416992188,899.9352416992188,899.9352416992188,899.9352416992188,400,0.0,0.0
2020-03-09 00:00:00+09:00,880.9258107388956,880.9258107388956,806.7425845714097,825.2883911132812,2000,0.0,0.0
2020-03-10 00:00:00+09:00,825.2883911132812,825.2883911132812,825.2883911132812,825.2883911132812,200,0.0,0.0
2020-03-11 00:00:00+09:00,811.3790283203125,811.3790283203125,811.3790283203125,811.3790283203125,200,0.0,0.0
2020-03-12 00:00:00+09:00,811.3790283203125,811.3790283203125,811.3790283203125,811.3790283203125,0,0.0,0.0
2020-03-13 00:00:00+09:00,778.9238659431605,778.9238659431605,740.9049629626015,742.2958984375,11800,0.0,0.0
2020-03-16 00:00:00+09:00,756.2052603639202,756.2052603639202,751.1051635742188,751.1051635742188,800,0.0,0.0
2020-03-17 00:00:00+09:00,741.832275390625,741.832275390625,741.832275390625,741.832275390625,600,0.0,0.0
2020-03-18 00:00:00+09:00,752.032470703125,752.032470703125,752.032470703125,752.032470703125,200,0.0,0.0
2020-03-19 00:00:00+09:00,760.3780401853976,760.3780401853976,758.059814453125,758.059814453125,400,0.0,0.0
2020-03-23 00:00:00+09:00,795.1514382711271,795.1514382711271,760.3780517578125,760.3780517578125,3200,0.0,0.0
2020-03-24 00:00:00+09:00,760.3780517578125,760.3780517578125,760.3780517578125,760.3780517578125,0,0.0,0.0
2020-03-25 00:00:00+09:00,778.9238891601562,778.9238891601562,778.9238891601562,778.9238891601562,600,0.0,0.0
2020-03-26 00:00:00+09:00,778.9238891601562,778.9238891601562,778.9238891601562,778.9238891601562,0,0.0,0.0
2020-03-27 00:00:00+09:00,778.9238891601562,778.9238891601562,778.9238891601562,778.9238891601562,0,0.0,0.0
2020-03-30 00:00:00+09:00,778.9238891601562,778.9238891601562,778.9238891601562,778.9238891601562,0,0.0,0.0
2020-03-31 00:00:00+09:00,778.9238891601562,778.9238891601562,778.9238891601562,778.9238891601562,0,0.0,0.0
2020-04-01 00:00:00+09:00,778.9238891601562,778.9238891601562,778.9238891601562,778.9238891601562,800,0.0,0.0
2020-04-02 00:00:00+09:00,778.9238891601562,778.9238891601562,778.9238891601562,778.9238891601562,0,0.0,0.0
2020-04-03 00:00:00+09:00,778.9238891601562,778.9238891601562,778.9238891601562,778.9238891601562,0,0.0,0.0
2020-04-06 00:00:00+09:00,778.9238891601562,778.9238891601562,778.9238891601562,778.9238891601562,0,0.0,0.0
2020-04-07 00:00:00+09:00,770.1146240234375,770.1146240234375,770.1146240234375,770.1146240234375,600,0.0,0.0
2020-04-08 00:00:00+09:00,778.9238891601562,778.9238891601562,778.9238891601562,778.9238891601562,200,0.0,0.0
2020-04-09 00:00:00+09:00,778.9238891601562,778.9238891601562,778.9238891601562,778.9238891601562,0,0.0,0.0
2020-04-10 00:00:00+09:00,778.9238891601562,778.9238891601562,778.9238891601562,778.9238891601562,0,0.0,0.0
2020-04-13 00:00:00+09:00,778.9238891601562,778.9238891601562,778.9238891601562,778.9238891601562,0,0.0,0.0
2020-04-14 00:00:00+09:00,778.9238891601562,778.9238891601562,778.9238891601562,778.9238891601562,0,0.0,0.0
2020-04-15 00:00:00+09:00,778.9238891601562,778.9238891601562,778.9238891601562,778.9238891601562,0,0.0,0.0
2020-04-16 00:00:00+09:00,778.9238891601562,778.9238891601562,778.9238891601562,778.9238891601562,0,0.0,0.0
2020-04-17 00:00:00+09:00,798.3969751602564,813.697265625,798.3969751602564,813.697265625,1200,0.0,0.0
2020-04-20 00:00:00+09:00,829.4612066887286,829.4612066887286,812.3063354492188,812.3063354492188,1600,0.0,0.0
2020-04-21 00:00:00+09:00,812.3063354492188,812.3063354492188,812.3063354492188,812.3063354492188,0,0.0,0.0
2020-04-22 00:00:00+09:00,812.3063354492188,812.3063354492188,812.3063354492188,812.3063354492188,0,0.0,0.0
2020-04-23 00:00:00+09:00,812.3063354492188,812.3063354492188,812.3063354492188,812.3063354492188,0,0.0,0.0
2020-04-24 00:00:00+09:00,812.3063354492188,812.3063354492188,812.3063354492188,812.3063354492188,0,0.0,0.0
2020-04-27 00:00:00+09:00,812.3063354492188,812.3063354492188,812.3063354492188,812.3063354492188,0,0.0,0.0
2020-04-28 00:00:00+09:00,811.3790283203125,811.3790283203125,811.3790283203125,811.3790283203125,200,0.0,0.0
2020-04-30 00:00:00+09:00,811.3790283203125,811.3790283203125,811.3790283203125,811.3790283203125,1800,0.0,0.0
2020-05-01 00:00:00+09:00,825.2883680095781,825.2883680095781,820.6519165039062,820.6519165039062,5600,0.0,0.0
2020-05-07 00:00:00+09:00,820.6519165039062,820.6519165039062,820.6519165039062,820.6519165039062,200,0.0,0.0
2020-05-08 00:00:00+09:00,822.9701652955473,825.2883911132812,820.6519394778134,825.2883911132812,1000,0.0,0.0
2020-05-11 00:00:00+09:00,827.6066116101944,827.6066116101944,826.6793212890625,826.6793212890625,5600,0.0,0.0
2020-05-12 00:00:00+09:00,826.6793212890625,826.6793212890625,826.6793212890625,826.6793212890625,200,0.0,0.0
2020-05-13 00:00:00+09:00,826.6793212890625,826.6793212890625,826.6793212890625,826.6793212890625,0,0.0,0.0
2020-05-14 00:00:00+09:00,826.6793212890625,826.6793212890625,826.6793212890625,826.6793212890625,0,0.0,0.0
2020-05-15 00:00:00+09:00,826.6793212890625,826.6793212890625,826.6793212890625,826.6793212890625,0,0.0,0.0
2020-05-18 00:00:00+09:00,848.4706702982529,851.7161865234375,848.4706702982529,851.7161865234375,800,0.0,0.0
2020-05-19 00:00:00+09:00,880.9258232999276,901.7898559570312,880.9258232999276,901.7898559570312,600,0.0,0.0
2020-05-20 00:00:00+09:00,901.326171875,901.326171875,901.326171875,901.326171875,1000,0.0,0.0
2020-05-21 00:00:00+09:00,901.326171875,901.326171875,901.326171875,901.326171875,0,0.0,0.0
2020-05-22 00:00:00+09:00,882.780378692659,882.780378692659,881.8530883789062,881.8530883789062,800,0.0,0.0
2020-05-25 00:00:00+09:00,915.2355682403904,917.0901489257812,888.8077934735705,917.0901489257812,1000,0.0,0.0
2020-05-26 00:00:00+09:00,925.4357490466889,973.6548461914062,925.4357490466889,973.6548461914062,1400,0.0,0.0
2020-05-27 00:00:00+09:00,973.191162109375,973.191162109375,973.191162109375,973.191162109375,400,0.0,0.0
2020-05-28 00:00:00+09:00,973.191162109375,973.191162109375,973.191162109375,973.191162109375,200,0.0,0.0
2020-05-29 00:00:00+09:00,950.0089058680842,951.3998413085938,950.0089058680842,951.3998413085938,400,0.0,0.0
2020-06-01 00:00:00+09:00,951.3998413085938,951.3998413085938,951.3998413085938,951.3998413085938,0,0.0,0.0
2020-06-02 00:00:00+09:00,951.3998413085938,951.3998413085938,951.3998413085938,951.3998413085938,200,0.0,0.0
2020-06-03 00:00:00+09:00,951.3998413085938,951.3998413085938,951.3998413085938,951.3998413085938,0,0.0,0.0
2020-06-04 00:00:00+09:00,951.399874049702,1017.701132328994,948.1543579101562,948.1543579101562,6400,0.0,0.0
2020-06-05 00:00:00+09:00,948.1543482309631,956.0363159179688,948.1543482309631,956.0363159179688,1600,0.0,0.0
2020-06-08 00:00:00+09:00,962.0636850173676,972.2638783042986,950.0089111328125,950.0089111328125,2400,0.0,0.0
2020-06-09 00:00:00+09:00,973.1911895242113,973.1911895242113,971.3366088867188,971.3366088867188,600,0.0,0.0
2020-06-10 00:00:00+09:00,948.154323183257,948.154323183257,941.1996459960938,941.1996459960938,600,0.0,0.0
2020-06-11 00:00:00+09:00,931.9267652600691,972.7275390625,931.9267652600691,972.7275390625,1800,0.0,0.0
2020-06-12 00:00:00+09:00,971.8002319335938,971.8002319335938,971.8002319335938,971.8002319335938,200,0.0,0.0
2020-06-15 00:00:00+09:00,925.4357256685323,931.9267578125,925.4357256685323,931.9267578125,600,0.0,0.0
2020-06-16 00:00:00+09:00,941.1996459960938,941.1996459960938,941.1996459960938,941.1996459960938,200,0.0,0.0
2020-06-17 00:00:00+09:00,941.1996459960938,941.1996459960938,941.1996459960938,941.1996459960938,0,0.0,0.0
2020-06-18 00:00:00+09:00,950.9362182617188,950.9362182617188,950.9362182617188,950.9362182617188,200,0.0,0.0
2020-06-19 00:00:00+09:00,963.9182977294921,973.6548461914062,963.9182977294921,973.6548461914062,600,0.0,0.0
2020-06-22 00:00:00+09:00,973.6548072556873,973.6548072556873,950.4725499400756,973.191162109375,1400,0.0,0.0
2020-06-23 00:00:00+09:00,951.3998413085938,951.3998413085938,951.3998413085938,951.3998413085938,200,0.0,0.0
2020-06-24 00:00:00+09:00,951.3998413085938,951.3998413085938,951.3998413085938,951.3998413085938,400,0.0,0.0
2020-06-25 00:00:00+09:00,951.39985055281,970.4093017578125,951.39985055281,970.4093017578125,600,0.0,0.0
2020-06-26 00:00:00+09:00,966.2364870590084,966.2364870590084,933.3176815977849,956.4999389648438,2200,0.0,0.0
2020-06-29 00:00:00+09:00,955.0,960.0,950.0,950.0,3400,75.0,0.0
2020-06-30 00:00:00+09:00,950.0,950.0,950.0,950.0,200,0.0,0.0
2020-07-01 00:00:00+09:00,950.0,950.0,950.0,950.0,0,0.0,0.0
2020-07-02 00:00:00+09:00,950.0,950.0,950.0,950.0,0,0.0,0.0
2020-07-03 00:00:00+09:00,950.0,950.0,950.0,950.0,0,0.0,0.0
2020-07-06 00:00:00+09:00,962.0,962.5,962.0,962.5,400,0.0,0.0
2020-07-07 00:00:00+09:00,962.5,962.5,962.5,962.5,0,0.0,0.0
2020-07-08 00:00:00+09:00,962.5,962.5,962.5,962.5,0,0.0,0.0
2020-07-09 00:00:00+09:00,962.5,962.5,962.5,962.5,0,0.0,0.0
2020-07-10 00:00:00+09:00,973.5,973.5,973.5,973.5,200,0.0,0.0
2020-07-13 00:00:00+09:00,955.0,955.0,955.0,955.0,200,0.0,0.0
2020-07-14 00:00:00+09:00,955.0,955.0,955.0,955.0,0,0.0,0.0
2020-07-15 00:00:00+09:00,955.0,955.0,955.0,955.0,0,0.0,0.0
2020-07-16 00:00:00+09:00,955.0,955.0,955.0,955.0,0,0.0,0.0
2020-07-17 00:00:00+09:00,969.5,969.5,969.5,969.5,600,0.0,0.0
2020-07-20 00:00:00+09:00,989.5,989.5,989.5,989.5,1000,0.0,0.0
2020-07-21 00:00:00+09:00,989.5,989.5,989.5,989.5,0,0.0,0.0
2020-07-22 00:00:00+09:00,989.5,989.5,989.5,989.5,0,0.0,0.0
2020-07-27 00:00:00+09:00,989.5,989.5,989.5,989.5,0,0.0,0.0
2020-07-28 00:00:00+09:00,989.5,989.5,989.5,989.5,0,0.0,0.0
2020-07-29 00:00:00+09:00,969.5,969.5,969.5,969.5,200,0.0,0.0
2020-07-30 00:00:00+09:00,955.0,955.0,955.0,955.0,400,0.0,0.0
2020-07-31 00:00:00+09:00,915.0,925.0,915.0,925.0,400,0.0,0.0
2020-08-03 00:00:00+09:00,965.0,965.0,933.5,941.5,800,0.0,0.0
2020-08-04 00:00:00+09:00,941.5,941.5,941.5,941.5,0,0.0,0.0
2020-08-05 00:00:00+09:00,941.5,941.5,941.5,941.5,0,0.0,0.0
2020-08-06 00:00:00+09:00,941.5,941.5,941.5,941.5,0,0.0,0.0
2020-08-07 00:00:00+09:00,941.5,941.5,941.5,941.5,0,0.0,0.0
2020-08-11 00:00:00+09:00,949.0,949.0,949.0,949.0,400,0.0,0.0
2020-08-12 00:00:00+09:00,949.0,949.0,949.0,949.0,0,0.0,0.0
2020-08-13 00:00:00+09:00,949.0,949.0,949.0,949.0,0,0.0,0.0
2020-08-14 00:00:00+09:00,964.0,964.0,964.0,964.0,200,0.0,0.0
2020-08-17 00:00:00+09:00,964.0,964.0,964.0,964.0,200,0.0,0.0
2020-08-18 00:00:00+09:00,964.0,964.0,964.0,964.0,200,0.0,0.0
2020-08-19 00:00:00+09:00,964.0,964.0,964.0,964.0,200,0.0,0.0
2020-08-20 00:00:00+09:00,990.0,990.0,980.0,980.0,1200,0.0,0.0
2020-08-21 00:00:00+09:00,980.0,980.0,980.0,980.0,0,0.0,0.0
2020-08-24 00:00:00+09:00,975.0,975.0,975.0,975.0,1000,0.0,0.0
2020-08-25 00:00:00+09:00,975.0,975.0,975.0,975.0,0,0.0,0.0
2020-08-26 00:00:00+09:00,975.0,975.0,975.0,975.0,0,0.0,0.0
2020-08-27 00:00:00+09:00,975.0,975.0,975.0,975.0,0,0.0,0.0
2020-08-28 00:00:00+09:00,975.0,975.0,975.0,975.0,0,0.0,0.0
2020-08-31 00:00:00+09:00,975.0,975.0,975.0,975.0,0,0.0,0.0
2020-09-01 00:00:00+09:00,975.0,975.0,975.0,975.0,0,0.0,0.0
2020-09-02 00:00:00+09:00,975.0,980.0,950.0,980.0,3400,0.0,0.0
2020-09-03 00:00:00+09:00,990.0,990.0,990.0,990.0,200,0.0,0.0
2020-09-04 00:00:00+09:00,996.0,996.0,985.0,995.0,600,0.0,0.0
2020-09-07 00:00:00+09:00,984.0,1004.5,984.0,1004.5,800,0.0,0.0
2020-09-08 00:00:00+09:00,979.5,987.5,979.5,987.5,400,0.0,0.0
2020-09-09 00:00:00+09:00,987.5,987.5,987.5,987.5,0,0.0,0.0
2020-09-10 00:00:00+09:00,1005.0,1005.5,1005.0,1005.5,2600,0.0,0.0
2020-09-11 00:00:00+09:00,1005.5,1005.5,1005.5,1005.5,0,0.0,0.0
2020-09-14 00:00:00+09:00,1022.5,1097.0,1012.5,1012.5,7200,0.0,0.0
2020-09-15 00:00:00+09:00,1013.0,1013.0,1013.0,1013.0,200,0.0,0.0
2020-09-16 00:00:00+09:00,1025.0,1025.0,1025.0,1025.0,200,0.0,0.0
2020-09-17 00:00:00+09:00,1025.0,1025.0,1025.0,1025.0,0,0.0,0.0
2020-09-18 00:00:00+09:00,1025.0,1025.0,1025.0,1025.0,800,0.0,0.0
2020-09-23 00:00:00+09:00,1044.5,1044.5,1044.5,1044.5,1000,0.0,0.0
2020-09-24 00:00:00+09:00,1044.5,1044.5,1044.5,1044.5,0,0.0,0.0
2020-09-25 00:00:00+09:00,1044.5,1044.5,1044.5,1044.5,0,0.0,0.0
2020-09-28 00:00:00+09:00,1000.0,1000.0,979.5,979.5,1200,0.0,0.0
2020-09-29 00:00:00+09:00,975.0,995.0,975.0,995.0,800,0.0,0.0
2020-09-30 00:00:00+09:00,995.0,995.0,995.0,995.0,0,0.0,0.0
2020-10-02 00:00:00+09:00,995.0,995.0,995.0,995.0,0,0.0,0.0
2020-10-05 00:00:00+09:00,995.0,995.0,995.0,995.0,0,0.0,0.0
2020-10-06 00:00:00+09:00,995.0,995.0,995.0,995.0,0,0.0,0.0
2020-10-07 00:00:00+09:00,1000.0,1000.0,1000.0,1000.0,200,0.0,0.0
2020-10-08 00:00:00+09:00,1000.0,1000.0,1000.0,1000.0,0,0.0,0.0
2020-10-09 00:00:00+09:00,1000.0,1000.0,1000.0,1000.0,0,0.0,0.0
2020-10-12 00:00:00+09:00,1014.0,1014.0,1014.0,1014.0,600,0.0,0.0
2020-10-13 00:00:00+09:00,989.0,989.0,989.0,989.0,200,0.0,0.0
2020-10-14 00:00:00+09:00,989.0,989.0,989.0,989.0,200,0.0,0.0
2020-10-15 00:00:00+09:00,989.0,989.0,989.0,989.0,0,0.0,0.0
2020-10-16 00:00:00+09:00,1000.0,1000.0,1000.0,1000.0,200,0.0,0.0
2020-10-19 00:00:00+09:00,1000.5,1024.5,1000.5,1024.5,1000,0.0,0.0
2020-10-20 00:00:00+09:00,1049.5,1049.5,1038.5,1038.5,2400,0.0,0.0
2020-10-21 00:00:00+09:00,997.0,1025.0,997.0,1025.0,400,0.0,0.0
2020-10-22 00:00:00+09:00,1025.0,1025.0,1025.0,1025.0,200,0.0,0.0
2020-10-23 00:00:00+09:00,1025.0,1025.0,1025.0,1025.0,0,0.0,0.0
2020-10-26 00:00:00+09:00,1000.0,1000.0,1000.0,1000.0,400,0.0,0.0
2020-10-27 00:00:00+09:00,1025.0,1025.0,1025.0,1025.0,200,0.0,0.0
2020-10-28 00:00:00+09:00,1025.0,1025.0,1025.0,1025.0,0,0.0,0.0
2020-10-29 00:00:00+09:00,1025.0,1025.0,1025.0,1025.0,0,0.0,0.0
2020-10-30 00:00:00+09:00,1025.0,1025.0,1025.0,1025.0,0,0.0,0.0
2020-11-02 00:00:00+09:00,1025.0,1025.0,1025.0,1025.0,0,0.0,0.0
2020-11-04 00:00:00+09:00,1025.0,1025.0,1025.0,1025.0,0,0.0,0.0
2020-11-05 00:00:00+09:00,1025.0,1025.0,1025.0,1025.0,0,0.0,0.0
2020-11-06 00:00:00+09:00,1025.0,1025.0,1025.0,1025.0,0,0.0,0.0
2020-11-09 00:00:00+09:00,1025.0,1025.0,1025.0,1025.0,0,0.0,0.0
2020-11-10 00:00:00+09:00,1024.0,1024.0,999.0,999.0,400,0.0,0.0
2020-11-11 00:00:00+09:00,999.0,999.0,999.0,999.0,0,0.0,0.0
2020-11-12 00:00:00+09:00,999.0,999.0,999.0,999.0,0,0.0,0.0
2020-11-13 00:00:00+09:00,986.0,986.0,986.0,986.0,200,0.0,0.0
2020-11-16 00:00:00+09:00,986.0,986.0,986.0,986.0,0,0.0,0.0
2020-11-17 00:00:00+09:00,1006.0,1006.0,1006.0,1006.0,200,0.0,0.0
2020-11-18 00:00:00+09:00,1008.0,1008.0,1008.0,1008.0,200,0.0,0.0
2020-11-19 00:00:00+09:00,1005.5,1005.5,1005.5,1005.5,200,0.0,0.0
2020-11-20 00:00:00+09:00,1017.5,1017.5,1017.5,1017.5,1200,0.0,0.0
2020-11-24 00:00:00+09:00,1017.5,1017.5,1017.5,1017.5,0,0.0,0.0
2020-11-25 00:00:00+09:00,952.5,962.0,952.5,960.5,2600,0.0,0.0
2020-11-26 00:00:00+09:00,960.5,960.5,960.5,960.5,200,0.0,0.0
2020-11-27 00:00:00+09:00,960.5,960.5,960.5,960.5,0,0.0,0.0
2020-11-30 00:00:00+09:00,964.5,964.5,964.5,964.5,200,0.0,0.0
2020-12-01 00:00:00+09:00,964.5,964.5,964.5,964.5,0,0.0,0.0
2020-12-02 00:00:00+09:00,944.5,978.0,944.5,978.0,1600,0.0,0.0
2020-12-03 00:00:00+09:00,974.5,974.5,974.5,974.5,800,0.0,0.0
2020-12-04 00:00:00+09:00,975.0,982.0,975.0,982.0,1200,0.0,0.0
2020-12-07 00:00:00+09:00,978.5,988.5,978.5,988.5,400,0.0,0.0
2020-12-08 00:00:00+09:00,988.5,988.5,988.5,988.5,0,0.0,0.0
2020-12-09 00:00:00+09:00,979.0,979.0,977.5,977.5,400,0.0,0.0
2020-12-10 00:00:00+09:00,997.5,997.5,997.5,997.5,200,0.0,0.0
2020-12-11 00:00:00+09:00,997.5,997.5,997.5,997.5,0,0.0,0.0
2020-12-14 00:00:00+09:00,985.0,994.0,985.0,994.0,600,0.0,0.0
2020-12-15 00:00:00+09:00,994.0,994.0,994.0,994.0,0,0.0,0.0
2020-12-16 00:00:00+09:00,975.0,975.0,975.0,975.0,1000,0.0,0.0
2020-12-17 00:00:00+09:00,975.0,975.0,975.0,975.0,0,0.0,0.0
2020-12-18 00:00:00+09:00,985.0,990.0,985.0,990.0,400,0.0,0.0
2020-12-21 00:00:00+09:00,1010.0,1010.0,1010.0,1010.0,1000,0.0,0.0
2020-12-22 00:00:00+09:00,992.5,992.5,992.5,992.5,200,0.0,0.0
2020-12-23 00:00:00+09:00,992.5,992.5,992.5,992.5,0,0.0,0.0
2020-12-24 00:00:00+09:00,992.5,992.5,992.5,992.5,0,0.0,0.0
2020-12-25 00:00:00+09:00,992.5,992.5,992.5,992.5,400,0.0,0.0
2020-12-28 00:00:00+09:00,992.5,992.5,992.5,992.5,600,0.0,0.0
2020-12-29 00:00:00+09:00,1037.5,1037.5,1005.0,1005.0,800,0.0,0.0
2020-12-30 00:00:00+09:00,1005.0,1005.0,1005.0,1005.0,0,0.0,0.0
2021-01-04 00:00:00+09:00,980.0,980.0,980.0,980.0,200,0.0,0.0
2021-01-05 00:00:00+09:00,980.0,980.0,980.0,980.0,200,0.0,0.0
2021-01-06 00:00:00+09:00,980.0,980.0,980.0,980.0,0,0.0,0.0
2021-01-07 00:00:00+09:00,980.0,980.0,980.0,980.0,0,0.0,0.0
2021-01-08 00:00:00+09:00,980.0,980.0,980.0,980.0,0,0.0,0.0
2021-01-12 00:00:00+09:00,980.0,980.0,980.0,980.0,0,0.0,0.0
2021-01-13 00:00:00+09:00,995.0,995.0,983.0,983.0,600,0.0,0.0
2021-01-14 00:00:00+09:00,991.0,991.0,991.0,991.0,400,0.0,0.0
2021-01-15 00:00:00+09:00,1005.0,1005.0,1005.0,1005.0,200,0.0,0.0
2021-01-18 00:00:00+09:00,1000.0,1000.0,1000.0,1000.0,600,0.0,0.0
2021-01-19 00:00:00+09:00,1008.0,1008.0,1008.0,1008.0,400,0.0,0.0
2021-01-20 00:00:00+09:00,1008.0,1008.0,1008.0,1008.0,1000,0.0,0.0
2021-01-21 00:00:00+09:00,1008.0,1008.0,1008.0,1008.0,0,0.0,0.0
2021-01-22 00:00:00+09:00,1008.0,1008.0,1008.0,1008.0,0,0.0,0.0
2021-01-25 00:00:00+09:00,1008.0,1008.0,1008.0,1008.0,0,0.0,0.0
2021-01-26 00:00:00+09:00,1008.0,1008.0,1008.0,1008.0,0,0.0,0.0
2021-01-27 00:00:00+09:00,1008.0,1008.0,1008.0,1008.0,0,0.0,0.0
2021-01-28 00:00:00+09:00,1008.0,1008.0,1008.0,1008.0,0,0.0,0.0
2021-01-29 00:00:00+09:00,1008.0,1008.0,1008.0,1008.0,0,0.0,0.0
2021-02-01 00:00:00+09:00,983.0,983.0,983.0,983.0,400,0.0,0.0
2021-02-02 00:00:00+09:00,1003.0,1003.0,1003.0,1003.0,600,0.0,0.0
2021-02-03 00:00:00+09:00,1003.0,1003.0,1003.0,1003.0,0,0.0,0.0
2021-02-04 00:00:00+09:00,1003.0,1003.0,1003.0,1003.0,0,0.0,0.0
2021-02-05 00:00:00+09:00,1003.0,1003.0,1003.0,1003.0,0,0.0,0.0
2021-02-08 00:00:00+09:00,1003.0,1003.0,1003.0,1003.0,200,0.0,0.0
2021-02-09 00:00:00+09:00,978.0,978.0,978.0,978.0,400,0.0,0.0
2021-02-10 00:00:00+09:00,982.0,982.0,982.0,982.0,200,0.0,0.0
2021-02-12 00:00:00+09:00,982.0,982.0,982.0,982.0,0,0.0,0.0
2021-02-15 00:00:00+09:00,1002.0,1002.0,1002.0,1002.0,200,0.0,0.0
2021-02-16 00:00:00+09:00,1012.0,1012.0,981.0,981.0,1400,0.0,0.0
2021-02-17 00:00:00+09:00,982.5,982.5,980.5,980.5,400,0.0,0.0
2021-02-18 00:00:00+09:00,997.5,997.5,997.5,997.5,200,0.0,0.0
2021-02-19 00:00:00+09:00,997.5,997.5,997.5,997.5,0,0.0,0.0
2021-02-22 00:00:00+09:00,1015.0,1015.0,1015.0,1015.0,1000,0.0,0.0
2021-02-24 00:00:00+09:00,990.0,1010.0,990.0,1010.0,600,0.0,0.0
2021-02-25 00:00:00+09:00,1010.0,1010.0,1010.0,1010.0,0,0.0,0.0
2021-02-26 00:00:00+09:00,990.5,990.5,990.5,990.5,200,0.0,0.0
2021-03-01 00:00:00+09:00,990.0,990.0,985.0,985.0,400,0.0,0.0
2021-03-02 00:00:00+09:00,985.0,985.0,985.0,985.0,800,0.0,0.0
2021-03-03 00:00:00+09:00,985.0,985.0,985.0,985.0,0,0.0,0.0
2021-03-04 00:00:00+09:00,985.0,985.0,985.0,985.0,0,0.0,0.0
2021-03-05 00:00:00+09:00,997.0,997.0,997.0,997.0,200,0.0,0.0
2021-03-08 00:00:00+09:00,988.5,988.5,988.5,988.5,200,0.0,0.0
2021-03-09 00:00:00+09:00,988.5,988.5,988.5,988.5,0,0.0,0.0
2021-03-10 00:00:00+09:00,1007.5,1007.5,1007.5,1007.5,200,0.0,0.0
2021-03-11 00:00:00+09:00,1009.0,1009.0,1009.0,1009.0,200,0.0,0.0
2021-03-12 00:00:00+09:00,1009.0,1009.0,1009.0,1009.0,0,0.0,0.0
2021-03-15 00:00:00+09:00,1009.0,1009.0,1009.0,1009.0,0,0.0,0.0
2021-03-16 00:00:00+09:00,1009.0,1009.0,1009.0,1009.0,0,0.0,0.0
2021-03-17 00:00:00+09:00,1008.5,1008.5,1005.5,1005.5,600,0.0,0.0
2021-03-18 00:00:00+09:00,1012.5,1033.0,1012.5,1014.5,1200,0.0,0.0
2021-03-19 00:00:00+09:00,1034.5,1034.5,1034.5,1034.5,200,0.0,0.0
2021-03-22 00:00:00+09:00,1009.5,1009.5,1009.5,1009.5,1000,0.0,0.0
2021-03-23 00:00:00+09:00,1009.5,1009.5,1009.5,1009.5,200,0.0,0.0
2021-03-24 00:00:00+09:00,1000.5,1000.5,1000.0,1000.0,1400,0.0,0.0
2021-03-25 00:00:00+09:00,1000.0,1000.0,1000.0,1000.0,0,0.0,0.0
2021-03-26 00:00:00+09:00,1000.0,1000.0,1000.0,1000.0,0,0.0,0.0
2021-03-29 00:00:00+09:00,1000.0,1000.0,1000.0,1000.0,0,0.0,0.0
2021-03-30 00:00:00+09:00,1000.0,1000.0,1000.0,1000.0,0,0.0,0.0
2021-03-31 00:00:00+09:00,1012.5,1012.5,1012.5,1012.5,200,0.0,0.0
2021-04-01 00:00:00+09:00,1012.5,1012.5,1012.5,1012.5,200,0.0,0.0
2021-04-02 00:00:00+09:00,1012.5,1012.5,1012.5,1012.5,200,0.0,0.0
2021-04-05 00:00:00+09:00,1012.5,1012.5,1012.5,1012.5,0,0.0,0.0
2021-04-06 00:00:00+09:00,1012.5,1012.5,1012.5,1012.5,0,0.0,0.0
2021-04-07 00:00:00+09:00,1012.5,1012.5,1012.5,1012.5,0,0.0,0.0
2021-04-08 00:00:00+09:00,1012.5,1012.5,1012.5,1012.5,200,0.0,0.0
2021-04-09 00:00:00+09:00,1012.5,1012.5,1012.5,1012.5,0,0.0,0.0
2021-04-12 00:00:00+09:00,1012.5,1012.5,1012.5,1012.5,0,0.0,0.0
2021-04-13 00:00:00+09:00,1012.5,1012.5,1012.5,1012.5,0,0.0,0.0
2021-04-14 00:00:00+09:00,1010.0,1010.0,1010.0,1010.0,200,0.0,0.0
2021-04-15 00:00:00+09:00,1000.0,1000.0,1000.0,1000.0,200,0.0,0.0
2021-04-16 00:00:00+09:00,1008.5,1009.0,1008.5,1009.0,400,0.0,0.0
2021-04-19 00:00:00+09:00,1009.0,1009.0,1009.0,1009.0,200,0.0,0.0
2021-04-20 00:00:00+09:00,994.0,994.0,994.0,994.0,1000,0.0,0.0
2021-04-21 00:00:00+09:00,994.0,994.0,994.0,994.0,0,0.0,0.0
2021-04-22 00:00:00+09:00,994.0,994.0,994.0,994.0,200,0.0,0.0
2021-04-23 00:00:00+09:00,974.0,974.0,974.0,974.0,200,0.0,0.0
2021-04-26 00:00:00+09:00,974.0,974.0,974.0,974.0,0,0.0,0.0
2021-04-27 00:00:00+09:00,992.5,994.0,992.5,994.0,800,0.0,0.0
2021-04-28 00:00:00+09:00,994.0,994.0,994.0,994.0,200,0.0,0.0
2021-04-30 00:00:00+09:00,994.0,1014.0,994.0,1014.0,600,0.0,0.0
2021-05-06 00:00:00+09:00,1019.5,1020.0,1000.0,1000.0,1000,0.0,0.0
2021-05-07 00:00:00+09:00,1024.0,1024.0,986.5,986.5,1200,0.0,0.0
2021-05-10 00:00:00+09:00,986.5,986.5,986.5,986.5,0,0.0,0.0
2021-05-11 00:00:00+09:00,1006.5,1006.5,1006.5,1006.5,200,0.0,0.0
2021-05-12 00:00:00+09:00,1006.5,1006.5,1006.5,1006.5,0,0.0,0.0
2021-05-13 00:00:00+09:00,1006.5,1006.5,1006.5,1006.5,200,0.0,0.0
2021-05-14 00:00:00+09:00,1006.0,1006.0,1006.0,1006.0,200,0.0,0.0
2021-05-17 00:00:00+09:00,1007.5,1007.5,1007.5,1007.5,200,0.0,0.0
2021-05-18 00:00:00+09:00,1007.5,1007.5,1007.5,1007.5,0,0.0,0.0
2021-05-19 00:00:00+09:00,1019.5,1020.0,1019.5,1020.0,400,0.0,0.0
2021-05-20 00:00:00+09:00,1030.0,1030.0,984.0,1004.0,3000,0.0,0.0
2021-05-21 00:00:00+09:00,1004.0,1004.0,1004.0,1004.0,0,0.0,0.0
2021-05-24 00:00:00+09:00,1004.0,1004.0,1004.0,1004.0,0,0.0,0.0
2021-05-25 00:00:00+09:00,1004.0,1004.0,1004.0,1004.0,0,0.0,0.0
2021-05-26 00:00:00+09:00,1003.5,1004.0,1003.5,1004.0,400,0.0,0.0
2021-05-27 00:00:00+09:00,1004.0,1004.0,984.0,984.0,1200,0.0,0.0
2021-05-28 00:00:00+09:00,988.5,989.0,988.0,988.0,2000,0.0,0.0
2021-05-31 00:00:00+09:00,993.5,996.0,993.5,996.0,800,0.0,0.0
2021-06-01 00:00:00+09:00,1009.5,1009.5,1009.5,1009.5,200,0.0,0.0
2021-06-02 00:00:00+09:00,990.0,990.0,990.0,990.0,200,0.0,0.0
2021-06-03 00:00:00+09:00,990.0,990.0,990.0,990.0,0,0.0,0.0
2021-06-04 00:00:00+09:00,990.0,990.0,990.0,990.0,1200,0.0,0.0
2021-06-07 00:00:00+09:00,990.0,990.0,980.0,980.0,800,0.0,0.0
2021-06-08 00:00:00+09:00,980.0,980.0,980.0,980.0,0,0.0,0.0
2021-06-09 00:00:00+09:00,988.5,988.5,988.5,988.5,200,0.0,0.0
2021-06-10 00:00:00+09:00,995.0,995.0,984.0,984.0,1000,0.0,0.0
2021-06-11 00:00:00+09:00,982.5,984.0,982.5,984.0,600,0.0,0.0
2021-06-14 00:00:00+09:00,984.0,984.0,984.0,984.0,200,0.0,0.0
2021-06-15 00:00:00+09:00,984.0,984.0,984.0,984.0,0,0.0,0.0
2021-06-16 00:00:00+09:00,994.5,994.5,994.5,994.5,200,0.0,0.0
2021-06-17 00:00:00+09:00,994.5,995.0,994.5,995.0,400,0.0,0.0
2021-06-18 00:00:00+09:00,999.5,1005.0,999.5,1005.0,800,0.0,0.0
2021-06-21 00:00:00+09:00,1005.0,1005.0,1005.0,1005.0,1000,0.0,0.0
2021-06-22 00:00:00+09:00,1002.5,1002.5,1002.5,1002.5,200,0.0,0.0
2021-06-23 00:00:00+09:00,1005.0,1005.0,1005.0,1005.0,400,0.0,0.0
2021-06-24 00:00:00+09:00,1005.0,1005.0,1005.0,1005.0,0,0.0,0.0
2021-06-25 00:00:00+09:00,986.0,995.0,986.0,995.0,1000,0.0,0.0
2021-06-28 00:00:00+09:00,995.0,1006.5,986.5,986.5,2200,0.0,0.0
2021-06-29 00:00:00+09:00,969.0,974.5,967.5,970.0,1800,0.0,0.0
2021-06-30 00:00:00+09:00,977.0,977.0,977.0,977.0,600,0.0,0.0
2021-07-01 00:00:00+09:00,958.0,987.5,958.0,987.5,1400,0.0,0.0
2021-07-02 00:00:00+09:00,994.0,994.0,994.0,994.0,200,0.0,0.0
2021-07-05 00:00:00+09:00,994.0,994.0,994.0,994.0,0,0.0,0.0
2021-07-06 00:00:00+09:00,994.0,994.0,994.0,994.0,0,0.0,0.0
2021-07-07 00:00:00+09:00,994.0,994.0,994.0,994.0,0,0.0,0.0
2021-07-08 00:00:00+09:00,994.0,994.0,994.0,994.0,0,0.0,0.0
2021-07-09 00:00:00+09:00,974.0,974.0,972.5,972.5,800,0.0,0.0
2021-07-12 00:00:00+09:00,972.5,980.0,970.0,980.0,1600,0.0,0.0
2021-07-13 00:00:00+09:00,980.0,980.0,980.0,980.0,0,0.0,0.0
2021-07-14 00:00:00+09:00,980.0,980.0,980.0,980.0,0,0.0,0.0
2021-07-15 00:00:00+09:00,980.0,980.0,980.0,980.0,0,0.0,0.0
2021-07-16 00:00:00+09:00,990.0,990.0,990.0,990.0,200,0.0,0.0
2021-07-19 00:00:00+09:00,989.0,992.5,989.0,992.5,800,0.0,0.0
2021-07-20 00:00:00+09:00,991.5,991.5,991.5,991.5,1000,0.0,0.0
2021-07-21 00:00:00+09:00,991.5,991.5,991.5,991.5,0,0.0,0.0
2021-07-26 00:00:00+09:00,991.5,991.5,991.5,991.5,0,0.0,0.0
2021-07-27 00:00:00+09:00,971.5,971.5,971.5,971.5,400,0.0,0.0
2021-07-28 00:00:00+09:00,980.0,980.0,980.0,980.0,200,0.0,0.0
2021-07-29 00:00:00+09:00,980.0,980.0,980.0,980.0,0,0.0,0.0
2021-07-30 00:00:00+09:00,990.0,990.0,990.0,990.0,200,0.0,0.0
2021-08-02 00:00:00+09:00,1000.0,1005.0,999.0,1000.0,4000,0.0,0.0
2021-08-03 00:00:00+09:00,1005.0,1005.5,1005.0,1005.5,600,0.0,0.0
2021-08-04 00:00:00+09:00,1005.5,1005.5,1005.5,1005.5,0,0.0,0.0
2021-08-05 00:00:00+09:00,1005.5,1005.5,1005.5,1005.5,0,0.0,0.0
2021-08-06 00:00:00+09:00,1000.0,1000.0,991.0,991.0,1000,0.0,0.0
2021-08-10 00:00:00+09:00,991.0,991.0,991.0,991.0,0,0.0,0.0
2021-08-11 00:00:00+09:00,990.0,990.0,990.0,990.0,200,0.0,0.0
2021-08-12 00:00:00+09:00,990.0,997.5,990.0,992.5,1600,0.0,0.0
2021-08-13 00:00:00+09:00,992.5,992.5,992.5,992.5,0,0.0,0.0
2021-08-16 00:00:00+09:00,992.5,992.5,992.5,992.5,0,0.0,0.0
2021-08-17 00:00:00+09:00,995.0,995.0,990.0,990.0,600,0.0,0.0
2021-08-18 00:00:00+09:00,990.0,990.0,990.0,990.0,400,0.0,0.0
2021-08-19 00:00:00+09:00,990.0,990.0,990.0,990.0,0,0.0,0.0
2021-08-20 00:00:00+09:00,1009.0,1009.0,1009.0,1009.0,1000,0.0,0.0
2021-08-23 00:00:00+09:00,1009.0,1009.0,1009.0,1009.0,600,0.0,0.0
2021-08-24 00:00:00+09:00,1009.0,1009.0,1009.0,1009.0,0,0.0,0.0
2021-08-25 00:00:00+09:00,1009.0,1009.0,1009.0,1009.0,0,0.0,0.0
2021-08-26 00:00:00+09:00,1009.0,1009.0,1009.0,1009.0,0,0.0,0.0
2021-08-27 00:00:00+09:00,1009.0,1009.0,1009.0,1009.0,0,0.0,0.0
2021-08-30 00:00:00+09:00,984.0,984.0,984.0,984.0,400,0.0,0.0
2021-08-31 00:00:00+09:00,984.0,984.0,984.0,984.0,200,0.0,0.0
2021-09-01 00:00:00+09:00,984.0,1010.0,964.5,1010.0,1000,0.0,0.0
2021-09-02 00:00:00+09:00,1000.5,1000.5,1000.5,1000.5,800,0.0,0.0
2021-09-03 00:00:00+09:00,984.5,1064.5,984.5,1024.0,6400,0.0,0.0
2021-09-06 00:00:00+09:00,1024.0,1024.5,1023.5,1023.5,600,0.0,0.0
2021-09-07 00:00:00+09:00,1023.5,1023.5,1023.5,1023.5,0,0.0,0.0
2021-09-08 00:00:00+09:00,1023.5,1023.5,1023.5,1023.5,0,0.0,0.0
2021-09-09 00:00:00+09:00,1001.0,1022.0,1000.0,1022.0,1000,0.0,0.0
2021-09-10 00:00:00+09:00,1012.5,1022.5,1012.5,1015.5,1200,0.0,0.0
2021-09-13 00:00:00+09:00,1000.5,1015.5,1000.5,1015.5,400,0.0,0.0
2021-09-14 00:00:00+09:00,1015.5,1015.5,1015.5,1015.5,0,0.0,0.0
2021-09-15 00:00:00+09:00,1008.0,1032.0,1008.0,1032.0,1000,0.0,0.0
2021-09-16 00:00:00+09:00,1021.5,1034.0,1012.5,1034.0,600,0.0,0.0
2021-09-17 00:00:00+09:00,1033.0,1033.0,1032.5,1032.5,400,0.0,0.0
2021-09-21 00:00:00+09:00,1030.0,1030.0,1030.0,1030.0,1000,0.0,0.0
2021-09-22 00:00:00+09:00,1030.0,1030.0,1030.0,1030.0,0,0.0,0.0
2021-09-24 00:00:00+09:00,1005.0,1031.0,1005.0,1017.5,800,0.0,0.0
2021-09-27 00:00:00+09:00,1017.5,1017.5,1017.5,1017.5,0,0.0,0.0
2021-09-28 00:00:00+09:00,1017.5,1017.5,998.5,1010.0,800,0.0,0.0
2021-09-29 00:00:00+09:00,1010.0,1010.0,1010.0,1010.0,0,0.0,0.0
2021-09-30 00:00:00+09:00,1010.0,1010.0,1010.0,1010.0,0,0.0,0.0
2021-10-01 00:00:00+09:00,1010.0,1010.0,1010.0,1010.0,0,0.0,0.0
2021-10-04 00:00:00+09:00,1010.0,1010.0,1010.0,1010.0,200,0.0,0.0
2021-10-05 00:00:00+09:00,1010.0,1010.0,1010.0,1010.0,0,0.0,0.0
2021-10-06 00:00:00+09:00,1010.0,1010.0,1010.0,1010.0,0,0.0,0.0
2021-10-07 00:00:00+09:00,1010.0,1010.0,1010.0,1010.0,400,0.0,0.0
2021-10-08 00:00:00+09:00,1010.0,1010.0,1010.0,1010.0,0,0.0,0.0
2021-10-11 00:00:00+09:00,1022.5,1022.5,1022.5,1022.5,400,0.0,0.0
2021-10-12 00:00:00+09:00,1022.5,1022.5,1022.5,1022.5,0,0.0,0.0
2021-10-13 00:00:00+09:00,997.5,997.5,997.5,997.5,200,0.0,0.0
2021-10-14 00:00:00+09:00,997.5,1024.5,983.0,1024.0,1400,0.0,0.0
2021-10-15 00:00:00+09:00,1016.5,1016.5,1015.0,1015.0,600,0.0,0.0
2021-10-18 00:00:00+09:00,1015.0,1015.0,1015.0,1015.0,600,0.0,0.0
2021-10-19 00:00:00+09:00,1015.0,1021.0,1015.0,1021.0,400,0.0,0.0
2021-10-20 00:00:00+09:00,1033.0,1033.0,1032.0,1032.0,2600,0.0,0.0
2021-10-21 00:00:00+09:00,1032.0,1049.0,1024.5,1024.5,3200,0.0,0.0
2021-10-22 00:00:00+09:00,1032.0,1032.0,1032.0,1032.0,400,0.0,0.0
2021-10-25 00:00:00+09:00,1032.0,1032.0,1032.0,1032.0,400,0.0,0.0
2021-10-26 00:00:00+09:00,1032.0,1032.0,1032.0,1032.0,0,0.0,0.0
2021-10-27 00:00:00+09:00,1032.0,1032.0,1032.0,1032.0,0,0.0,0.0
2021-10-28 00:00:00+09:00,1032.0,1032.0,1032.0,1032.0,0,0.0,0.0
2021-10-29 00:00:00+09:00,1032.0,1032.0,1032.0,1032.0,0,0.0,0.0
2021-11-01 00:00:00+09:00,1032.0,1032.0,1032.0,1032.0,0,0.0,0.0
2021-11-02 00:00:00+09:00,1032.0,1032.0,1032.0,1032.0,0,0.0,0.0
2021-11-04 00:00:00+09:00,1031.0,1031.0,1020.0,1020.0,800,0.0,0.0
2021-11-05 00:00:00+09:00,1020.0,1020.0,1020.0,1020.0,0,0.0,0.0
2021-11-08 00:00:00+09:00,1020.0,1020.0,1020.0,1020.0,200,0.0,0.0
2021-11-09 00:00:00+09:00,1001.0,1030.5,1001.0,1005.5,1000,0.0,0.0
2021-11-10 00:00:00+09:00,1029.5,1031.0,1029.5,1031.0,1200,0.0,0.0
2021-11-11 00:00:00+09:00,1031.0,1031.0,1031.0,1031.0,200,0.0,0.0
2021-11-12 00:00:00+09:00,1031.0,1031.0,1031.0,1031.0,0,0.0,0.0
2021-11-15 00:00:00+09:00,1033.0,1033.0,1033.0,1033.0,200,0.0,0.0
2021-11-16 00:00:00+09:00,1033.0,1033.0,1033.0,1033.0,0,0.0,0.0
2021-11-17 00:00:00+09:00,1035.0,1035.0,1025.0,1025.0,800,0.0,0.0
2021-11-18 00:00:00+09:00,1025.0,1025.0,1014.0,1014.0,400,0.0,0.0
2021-11-19 00:00:00+09:00,1024.5,1024.5,1024.5,1024.5,200,0.0,0.0
2021-11-22 00:00:00+09:00,1050.0,1050.0,1000.0,1000.0,1600,0.0,0.0
2021-11-24 00:00:00+09:00,1005.0,1005.0,1005.0,1005.0,600,0.0,0.0
2021-11-25 00:00:00+09:00,1005.0,1022.5,1005.0,1022.5,400,0.0,0.0
2021-11-26 00:00:00+09:00,1022.5,1050.0,1022.5,1050.0,400,0.0,0.0
2021-11-29 00:00:00+09:00,1049.5,1049.5,1049.5,1049.5,200,0.0,0.0
2021-11-30 00:00:00+09:00,1049.5,1065.0,1049.5,1065.0,400,0.0,0.0
2021-12-01 00:00:00+09:00,1065.0,1075.0,1050.0,1050.0,2800,0.0,0.0
2021-12-02 00:00:00+09:00,1080.0,1100.0,1080.0,1100.0,3600,0.0,0.0
2021-12-03 00:00:00+09:00,1107.5,1107.5,1107.0,1107.0,600,0.0,0.0
2021-12-06 00:00:00+09:00,1112.5,1112.5,1112.5,1112.5,600,0.0,0.0
2021-12-07 00:00:00+09:00,1137.5,1137.5,1125.0,1125.0,1200,0.0,0.0
2021-12-08 00:00:00+09:00,1145.0,1146.5,1145.0,1146.5,400,0.0,0.0
2021-12-09 00:00:00+09:00,1145.5,1145.5,1145.5,1145.5,200,0.0,0.0
2021-12-10 00:00:00+09:00,1070.5,1096.0,1070.5,1096.0,1800,0.0,0.0
2021-12-13 00:00:00+09:00,1071.0,1071.0,1071.0,1071.0,200,0.0,0.0
2021-12-14 00:00:00+09:00,1070.0,1070.0,1070.0,1070.0,200,0.0,0.0
2021-12-15 00:00:00+09:00,1050.0,1050.0,1050.0,1050.0,400,0.0,0.0
2021-12-16 00:00:00+09:00,1074.5,1098.5,1049.0,1049.0,8400,0.0,0.0
2021-12-17 00:00:00+09:00,1049.0,1067.0,1049.0,1067.0,4600,0.0,0.0
2021-12-20 00:00:00+09:00,1067.0,1067.0,1060.5,1060.5,1200,0.0,0.0
2021-12-21 00:00:00+09:00,1069.0,1069.0,1069.0,1069.0,200,0.0,0.0
2021-12-22 00:00:00+09:00,1030.0,1030.0,1030.0,1030.0,200,0.0,0.0
2021-12-23 00:00:00+09:00,1005.0,1055.0,1005.0,1055.0,1400,0.0,0.0
2021-12-24 00:00:00+09:00,1005.0,1030.0,1005.0,1030.0,400,0.0,0.0
2021-12-27 00:00:00+09:00,1030.0,1030.0,1030.0,1030.0,0,0.0,0.0
2021-12-28 00:00:00+09:00,1045.0,1045.0,1000.0,1025.0,1400,0.0,0.0
2021-12-29 00:00:00+09:00,1025.0,1025.0,1025.0,1025.0,0,0.0,0.0
2021-12-30 00:00:00+09:00,1000.0,1049.5,1000.0,1049.5,800,0.0,0.0
2022-01-04 00:00:00+09:00,1049.5,1050.0,1015.0,1030.0,1800,0.0,0.0
2022-01-05 00:00:00+09:00,1030.0,1030.0,1030.0,1030.0,200,0.0,0.0
2022-01-06 00:00:00+09:00,980.0,1030.0,959.5,1030.0,6600,0.0,0.0
2022-01-07 00:00:00+09:00,1000.0,1000.0,1000.0,1000.0,400,0.0,0.0
2022-01-11 00:00:00+09:00,1000.0,1000.0,1000.0,1000.0,200,0.0,0.0
2022-01-12 00:00:00+09:00,1000.0,1000.0,1000.0,1000.0,0,0.0,0.0
2022-01-13 00:00:00+09:00,1000.0,1000.0,1000.0,1000.0,400,0.0,0.0
2022-01-14 00:00:00+09:00,1000.0,1000.0,998.5,1000.0,2400,0.0,0.0
2022-01-17 00:00:00+09:00,1005.0,1016.0,1005.0,1016.0,600,0.0,0.0
2022-01-18 00:00:00+09:00,1020.0,1020.0,1020.0,1020.0,600,0.0,0.0
2022-01-19 00:00:00+09:00,1020.0,1054.5,1020.0,1054.5,600,0.0,0.0
2022-01-20 00:00:00+09:00,1079.5,1079.5,1038.5,1038.5,2000,0.0,0.0
2022-01-21 00:00:00+09:00,1018.5,1043.5,1018.5,1043.5,2600,0.0,0.0
2022-01-24 00:00:00+09:00,1043.5,1043.5,1043.5,1043.5,400,0.0,0.0
2022-01-25 00:00:00+09:00,1043.5,1043.5,1018.0,1018.0,400,0.0,0.0
2022-01-26 00:00:00+09:00,1030.0,1040.0,1030.0,1035.5,800,0.0,0.0
2022-01-27 00:00:00+09:00,1035.5,1035.5,1035.5,1035.5,0,0.0,0.0
2022-01-28 00:00:00+09:00,1035.5,1035.5,1035.5,1035.5,0,0.0,0.0
2022-01-31 00:00:00+09:00,1035.5,1035.5,1035.5,1035.5,200,0.0,0.0
2022-02-01 00:00:00+09:00,986.0,996.5,986.0,996.5,1000,0.0,0.0
2022-02-02 00:00:00+09:00,996.5,996.5,996.5,996.5,0,0.0,0.0
2022-02-03 00:00:00+09:00,996.5,996.5,996.5,996.5,0,0.0,0.0
2022-02-04 00:00:00+09:00,996.5,996.5,996.5,996.5,0,0.0,0.0
2022-02-07 00:00:00+09:00,996.5,996.5,996.5,996.5,0,0.0,0.0
2022-02-08 00:00:00+09:00,993.0,993.0,993.0,993.0,400,0.0,0.0
2022-02-09 00:00:00+09:00,1000.0,1000.0,1000.0,1000.0,200,0.0,0.0
2022-02-10 00:00:00+09:00,978.5,978.5,978.5,978.5,200,0.0,0.0
2022-02-14 00:00:00+09:00,978.5,978.5,977.5,977.5,400,0.0,0.0
2022-02-15 00:00:00+09:00,977.5,977.5,977.5,977.5,600,0.0,0.0
2022-02-16 00:00:00+09:00,989.5,989.5,989.5,989.5,200,0.0,0.0
2022-02-17 00:00:00+09:00,962.5,1010.0,962.5,1010.0,2000,0.0,0.0
2022-02-18 00:00:00+09:00,1010.0,1010.0,1010.0,1010.0,200,0.0,0.0
2022-02-21 00:00:00+09:00,1034.5,1034.5,1034.5,1034.5,800,0.0,0.0
2022-02-22 00:00:00+09:00,1034.5,1034.5,1034.5,1034.5,0,0.0,0.0
2022-02-24 00:00:00+09:00,1034.5,1034.5,1034.5,1034.5,0,0.0,0.0
2022-02-25 00:00:00+09:00,1034.5,1034.5,1034.5,1034.5,0,0.0,0.0
2022-02-28 00:00:00+09:00,1034.5,1034.5,1034.5,1034.5,0,0.0,0.0
2022-03-01 00:00:00+09:00,1034.5,1034.5,1034.5,1034.5,0,0.0,0.0
2022-03-02 00:00:00+09:00,1034.5,1034.5,1034.5,1034.5,0,0.0,0.0
2022-03-03 00:00:00+09:00,1034.5,1034.5,1034.5,1034.5,0,0.0,0.0
2022-03-04 00:00:00+09:00,1034.5,1034.5,1034.5,1034.5,0,0.0,0.0
2022-03-07 00:00:00+09:00,1034.5,1034.5,1034.5,1034.5,0,0.0,0.0
2022-03-08 00:00:00+09:00,1034.5,1034.5,1034.5,1034.5,0,0.0,0.0
2022-03-09 00:00:00+09:00,1034.5,1034.5,1034.5,1034.5,0,0.0,0.0
2022-03-10 00:00:00+09:00,1034.5,1034.5,1034.5,1034.5,0,0.0,0.0
2022-03-11 00:00:00+09:00,1034.5,1034.5,1034.5,1034.5,0,0.0,0.0
2022-03-14 00:00:00+09:00,1034.5,1034.5,1034.5,1034.5,0,0.0,0.0
2022-03-15 00:00:00+09:00,1037.5,1037.5,1037.5,1037.5,200,0.0,0.0
2022-03-16 00:00:00+09:00,1038.0,1038.0,1038.0,1038.0,600,0.0,0.0
2022-03-17 00:00:00+09:00,1063.0,1063.0,1063.0,1063.0,600,0.0,0.0
2022-03-18 00:00:00+09:00,1089.0,1089.0,1089.0,1089.0,200,0.0,0.0
2022-03-22 00:00:00+09:00,1114.0,1114.0,1114.0,1114.0,1000,0.0,0.0
2022-03-23 00:00:00+09:00,1050.0,1050.0,1038.0,1038.0,400,0.0,0.0
2022-03-24 00:00:00+09:00,1035.0,1035.0,1035.0,1035.0,200,0.0,0.0
2022-03-25 00:00:00+09:00,1035.0,1035.0,1035.0,1035.0,0,0.0,0.0
2022-03-28 00:00:00+09:00,1035.0,1035.0,1035.0,1035.0,0,0.0,0.0
2022-03-29 00:00:00+09:00,1035.0,1035.0,1035.0,1035.0,0,0.0,0.0
2022-03-30 00:00:00+09:00,1035.0,1035.0,1035.0,1035.0,0,0.0,0.0
2022-03-31 00:00:00+09:00,990.5,998.0,990.5,998.0,800,0.0,0.0
2022-04-01 00:00:00+09:00,986.0,1005.5,985.5,1005.5,3800,0.0,0.0
2022-04-04 00:00:00+09:00,993.0,993.5,993.0,993.5,2200,0.0,0.0
2022-04-05 00:00:00+09:00,1006.0,1006.0,994.0,994.0,400,0.0,0.0
2022-04-06 00:00:00+09:00,983.0,983.0,983.0,983.0,1000,0.0,0.0
2022-04-07 00:00:00+09:00,983.0,983.0,983.0,983.0,0,0.0,0.0
2022-04-08 00:00:00+09:00,983.0,983.0,983.0,983.0,0,0.0,0.0
2022-04-11 00:00:00+09:00,986.0,986.0,986.0,986.0,200,0.0,0.0
2022-04-12 00:00:00+09:00,986.0,986.0,986.0,986.0,0,0.0,0.0
2022-04-13 00:00:00+09:00,986.0,986.0,986.0,986.0,0,0.0,0.0
2022-04-14 00:00:00+09:00,986.0,986.0,986.0,986.0,0,0.0,0.0
2022-04-15 00:00:00+09:00,1004.0,1006.5,1004.0,1006.5,600,0.0,0.0
2022-04-18 00:00:00+09:00,1008.0,1008.0,1008.0,1008.0,400,0.0,0.0
2022-04-19 00:00:00+09:00,1008.0,1008.0,1008.0,1008.0,0,0.0,0.0
2022-04-20 00:00:00+09:00,992.0,1012.0,992.0,1012.0,1400,0.0,0.0
2022-04-21 00:00:00+09:00,1012.0,1012.0,1012.0,1012.0,0,0.0,0.0
2022-04-22 00:00:00+09:00,1037.0,1037.0,1012.0,1012.0,400,0.0,0.0
2022-04-25 00:00:00+09:00,1012.0,1012.0,1012.0,1012.0,0,0.0,0.0
2022-04-26 00:00:00+09:00,1012.0,1012.0,1012.0,1012.0,0,0.0,0.0
2022-04-27 00:00:00+09:00,1012.0,1012.0,1012.0,1012.0,0,0.0,0.0
2022-04-28 00:00:00+09:00,1012.0,1012.0,1012.0,1012.0,0,0.0,0.0
2022-05-02 00:00:00+09:00,1009.5,1009.5,1009.5,1009.5,200,0.0,0.0
2022-05-06 00:00:00+09:00,1009.5,1009.5,1009.5,1009.5,0,0.0,0.0
2022-05-09 00:00:00+09:00,964.5,964.5,953.0,955.0,2000,0.0,0.0
2022-05-10 00:00:00+09:00,995.0,995.0,995.0,995.0,400,0.0,0.0
2022-05-11 00:00:00+09:00,995.0,995.0,995.0,995.0,0,0.0,0.0
2022-05-12 00:00:00+09:00,995.0,995.0,995.0,995.0,0,0.0,0.0
2022-05-13 00:00:00+09:00,995.0,995.0,995.0,995.0,0,0.0,0.0
2022-05-16 00:00:00+09:00,995.0,1002.5,995.0,1002.5,600,0.0,0.0
2022-05-17 00:00:00+09:00,1006.0,1006.0,1006.0,1006.0,200,0.0,0.0
2022-05-18 00:00:00+09:00,1006.0,1006.0,1006.0,1006.0,0,0.0,0.0
2022-05-19 00:00:00+09:00,1024.5,1024.5,1024.5,1024.5,400,0.0,0.0
2022-05-20 00:00:00+09:00,1031.5,1031.5,1031.5,1031.5,1000,0.0,0.0
2022-05-23 00:00:00+09:00,1031.5,1031.5,1031.5,1031.5,0,0.0,0.0
2022-05-24 00:00:00+09:00,1031.5,1031.5,1031.5,1031.5,0,0.0,0.0
2022-05-25 00:00:00+09:00,1031.5,1031.5,1031.5,1031.5,0,0.0,0.0
2022-05-26 00:00:00+09:00,1031.5,1031.5,1031.5,1031.5,0,0.0,0.0
2022-05-27 00:00:00+09:00,1031.5,1031.5,1031.5,1031.5,0,0.0,0.0
2022-05-30 00:00:00+09:00,1024.5,1024.5,1023.5,1023.5,600,0.0,0.0
2022-05-31 00:00:00+09:00,1023.5,1025.0,1023.5,1025.0,400,0.0,0.0
2022-06-01 00:00:00+09:00,1023.5,1025.0,1023.5,1025.0,1000,0.0,0.0
2022-06-02 00:00:00+09:00,1025.0,1025.0,1025.0,1025.0,0,0.0,0.0
2022-06-03 00:00:00+09:00,1032.5,1076.5,1032.5,1076.5,800,0.0,0.0
2022-06-06 00:00:00+09:00,1057.5,1057.5,1057.5,1057.5,200,0.0,0.0
2022-06-07 00:00:00+09:00,1057.5,1057.5,1057.5,1057.5,200,0.0,0.0
2022-06-08 00:00:00+09:00,1057.5,1057.5,1057.5,1057.5,0,0.0,0.0
2022-06-09 00:00:00+09:00,1030.5,1054.0,1025.0,1025.0,1600,0.0,0.0
2022-06-10 00:00:00+09:00,1048.5,1048.5,1025.0,1047.0,800,0.0,0.0
2022-06-13 00:00:00+09:00,1047.0,1047.0,1047.0,1047.0,0,0.0,0.0
2022-06-14 00:00:00+09:00,1047.0,1047.0,1047.0,1047.0,0,0.0,0.0
2022-06-15 00:00:00+09:00,1047.5,1053.5,1047.5,1053.5,600,0.0,0.0
2022-06-16 00:00:00+09:00,1057.5,1057.5,1057.5,1057.5,200,0.0,0.0
2022-06-17 00:00:00+09:00,1057.0,1096.5,1057.0,1096.5,1400,0.0,0.0
2022-06-20 00:00:00+09:00,1095.0,1095.0,1070.0,1084.5,1200,0.0,0.0
2022-06-21 00:00:00+09:00,1084.5,1084.5,1083.5,1083.5,600,0.0,0.0
2022-06-22 00:00:00+09:00,1097.0,1097.0,1047.0,1065.5,2000,0.0,0.0
2022-06-23 00:00:00+09:00,1086.5,1090.0,1065.0,1084.0,1000,0.0,0.0
2022-06-24 00:00:00+09:00,1084.0,1084.0,1084.0,1084.0,400,0.0,0.0
2022-06-27 00:00:00+09:00,1084.0,1102.0,1084.0,1102.0,1200,0.0,0.0
2022-06-28 00:00:00+09:00,1102.5,1113.5,1096.0,1113.5,2400,0.0,0.0
2022-06-29 00:00:00+09:00,1016.5,1039.5,1016.5,1025.5,1400,0.0,0.0
2022-06-30 00:00:00+09:00,1049.0,1050.0,1018.0,1050.0,1800,0.0,0.0
2022-07-01 00:00:00+09:00,1071.5,1071.5,1071.5,1071.5,200,0.0,0.0
2022-07-04 00:00:00+09:00,1071.5,1071.5,1071.5,1071.5,2600,0.0,0.0
2022-07-05 00:00:00+09:00,1071.5,1071.5,1071.5,1071.5,1400,0.0,0.0
2022-07-06 00:00:00+09:00,1071.5,1071.5,1071.5,1071.5,0,0.0,0.0
2022-07-07 00:00:00+09:00,1032.5,1065.5,1032.5,1065.5,1000,0.0,0.0
2022-07-08 00:00:00+09:00,1070.0,1070.0,1070.0,1070.0,400,0.0,0.0
2022-07-11 00:00:00+09:00,1070.5,1070.5,1070.5,1070.5,200,0.0,0.0
2022-07-12 00:00:00+09:00,1070.5,1070.5,1070.5,1070.5,0,0.0,0.0
2022-07-13 00:00:00+09:00,1070.0,1070.0,1070.0,1070.0,400,0.0,0.0
2022-07-14 00:00:00+09:00,1069.5,1069.5,1044.5,1045.5,1800,0.0,0.0
2022-07-15 00:00:00+09:00,1045.5,1045.5,1045.5,1045.5,0,0.0,0.0
2022-07-19 00:00:00+09:00,1057.5,1057.5,1050.0,1050.0,1200,0.0,0.0
2022-07-20 00:00:00+09:00,1050.0,1050.0,1040.0,1040.0,1600,0.0,0.0
2022-07-21 00:00:00+09:00,1040.0,1040.0,1040.0,1040.0,0,0.0,0.0
2022-07-22 00:00:00+09:00,1040.0,1040.0,1040.0,1040.0,0,0.0,0.0
2022-07-25 00:00:00+09:00,1040.0,1040.0,1040.0,1040.0,0,0.0,0.0
2022-07-26 00:00:00+09:00,1064.0,1064.0,1064.0,1064.0,200,0.0,0.0
2022-07-27 00:00:00+09:00,1086.5,1086.5,1086.5,1086.5,200,0.0,0.0
2022-07-28 00:00:00+09:00,1079.0,1079.0,1079.0,1079.0,200,0.0,0.0
2022-07-29 00:00:00+09:00,1079.0,1079.0,1079.0,1079.0,0,0.0,0.0
2022-08-01 00:00:00+09:00,1079.0,1079.0,1079.0,1079.0,200,0.0,0.0
2022-08-02 00:00:00+09:00,1078.5,1079.0,1077.5,1077.5,1000,0.0,0.0
2022-08-03 00:00:00+09:00,1077.5,1077.5,1077.5,1077.5,0,0.0,0.0
2022-08-04 00:00:00+09:00,1052.5,1052.5,1052.5,1052.5,200,0.0,0.0
2022-08-05 00:00:00+09:00,1030.5,1075.0,1030.5,1075.0,2000,0.0,0.0
2022-08-08 00:00:00+09:00,1039.0,1080.0,1039.0,1080.0,4600,0.0,0.0
2022-08-09 00:00:00+09:00,1280.0,1330.0,1280.0,1330.0,32800,0.0,0.0
2022-08-10 00:00:00+09:00,1580.0,1580.0,1580.0,1580.0,9800,0.0,0.0
2022-08-12 00:00:00+09:00,1650.0,1930.0,1650.0,1930.0,42800,0.0,0.0
2022-08-15 00:00:00+09:00,2245.0,2250.0,1580.0,1957.5,312600,0.0,0.0
2022-08-16 00:00:00+09:00,1887.5,1995.0,1642.5,1642.5,118200,0.0,0.0
2022-08-17 00:00:00+09:00,1677.5,1935.0,1570.0,1760.0,189800,0.0,0.0
2022-08-18 00:00:00+09:00,1745.0,1745.0,1537.5,1575.0,71200,0.0,0.0
2022-08-19 00:00:00+09:00,1537.5,1925.0,1460.0,1925.0,297800,0.0,0.0
2022-08-22 00:00:00+09:00,1995.0,2275.0,1930.0,2275.0,203800,0.0,0.0
2022-08-23 00:00:00+09:00,2625.0,2625.0,2525.0,2625.0,154200,0.0,0.0
2022-08-24 00:00:00+09:00,2925.0,3125.0,2850.0,3125.0,136000,0.0,0.0
2022-08-25 00:00:00+09:00,3325.0,3475.0,2825.0,3085.0,891800,0.0,0.0
2022-08-26 00:00:00+09:00,3075.0,3240.0,2775.0,2825.0,235400,0.0,0.0
2022-08-29 00:00:00+09:00,2625.0,3000.0,2535.0,3000.0,178000,0.0,0.0
2022-08-30 00:00:00+09:00,3095.0,3125.0,2875.0,2880.0,147200,0.0,0.0
2022-08-31 00:00:00+09:00,2780.0,2865.0,2380.0,2382.5,107600,0.0,0.0
2022-09-01 00:00:00+09:00,2417.5,2625.0,2325.0,2525.0,97400,0.0,0.0
2022-09-02 00:00:00+09:00,2355.0,2690.0,2255.0,2370.0,129000,0.0,0.0
2022-09-05 00:00:00+09:00,2347.5,2372.5,2265.0,2272.5,22800,0.0,0.0
2022-09-06 00:00:00+09:00,2250.0,2250.0,2020.0,2020.0,43400,0.0,0.0
2022-09-07 00:00:00+09:00,2125.0,2370.0,2042.5,2090.0,293800,0.0,0.0
2022-09-08 00:00:00+09:00,2027.5,2050.0,1922.5,1997.5,70000,0.0,0.0
2022-09-09 00:00:00+09:00,2067.5,2165.0,2000.0,2005.0,25800,0.0,0.0
2022-09-12 00:00:00+09:00,1970.0,2120.0,1877.5,2035.0,53600,0.0,0.0
2022-09-13 00:00:00+09:00,2007.5,2020.0,1937.5,1937.5,21600,0.0,0.0
2022-09-14 00:00:00+09:00,1902.5,1952.5,1837.5,1900.0,15200,0.0,0.0
2022-09-15 00:00:00+09:00,1970.0,1970.0,1857.5,1912.5,18600,0.0,0.0
2022-09-16 00:00:00+09:00,1877.5,1877.5,1675.0,1727.5,21200,0.0,0.0
2022-09-20 00:00:00+09:00,1902.5,2077.5,1680.0,1705.0,319400,0.0,0.0
2022-09-21 00:00:00+09:00,1685.0,1685.0,1491.0,1580.0,100600,0.0,0.0
2022-09-22 00:00:00+09:00,1537.5,1592.5,1522.5,1527.5,37600,0.0,0.0
2022-09-26 00:00:00+09:00,1570.0,1570.0,1405.0,1411.0,54200,0.0,0.0
2022-09-27 00:00:00+09:00,1425.0,1483.5,1424.5,1458.5,20600,0.0,0.0
2022-09-28 00:00:00+09:00,1411.5,1430.0,1359.5,1395.0,17200,0.0,0.0
2022-09-29 00:00:00+09:00,1400.0,1437.5,1390.5,1390.5,5400,0.0,0.0
2022-09-30 00:00:00+09:00,1350.0,1375.0,1309.0,1334.5,9800,0.0,0.0
2022-10-03 00:00:00+09:00,1312.5,1439.5,1312.5,1360.5,13800,0.0,0.0
2022-10-04 00:00:00+09:00,1367.0,1405.0,1345.5,1353.0,6200,0.0,0.0
2022-10-05 00:00:00+09:00,1378.5,1378.5,1321.0,1325.5,5200,0.0,0.0
2022-10-06 00:00:00+09:00,1310.0,1480.5,1305.5,1317.5,35200,0.0,0.0
2022-10-07 00:00:00+09:00,1327.5,1530.0,1327.5,1375.0,78400,0.0,0.0
2022-10-11 00:00:00+09:00,1355.0,1355.0,1275.5,1280.0,15200,0.0,0.0
2022-10-12 00:00:00+09:00,1302.5,1302.5,1205.5,1222.5,18000,0.0,0.0
2022-10-13 00:00:00+09:00,1240.0,1247.5,1200.0,1225.0,12600,0.0,0.0
2022-10-14 00:00:00+09:00,1225.0,1237.5,1200.5,1210.0,6200,0.0,0.0
2022-10-17 00:00:00+09:00,1210.0,1210.0,1167.0,1175.5,3600,0.0,0.0
2022-10-18 00:00:00+09:00,1176.0,1191.0,1168.0,1175.5,2400,0.0,0.0
2022-10-19 00:00:00+09:00,1191.0,1210.5,1166.0,1201.0,6800,0.0,0.0
2022-10-20 00:00:00+09:00,1218.0,1224.5,1195.0,1202.5,4200,0.0,0.0
2022-10-21 00:00:00+09:00,1187.0,1229.5,1187.0,1206.0,3600,0.0,0.0
2022-10-24 00:00:00+09:00,1206.0,1216.5,1192.5,1194.0,1800,0.0,0.0
2022-10-25 00:00:00+09:00,1218.0,1218.0,1185.0,1193.0,1200,0.0,0.0
2022-10-26 00:00:00+09:00,1179.0,1208.5,1128.5,1203.0,10200,0.0,0.0
2022-10-27 00:00:00+09:00,1196.5,1203.0,1172.0,1181.0,5400,0.0,0.0
2022-10-28 00:00:00+09:00,1166.0,1214.0,1166.0,1181.0,2400,0.0,0.0
2022-10-31 00:00:00+09:00,1159.0,1182.0,1158.0,1160.5,3200,0.0,0.0
2022-11-01 00:00:00+09:00,1152.5,1177.5,1152.5,1156.5,1400,0.0,0.0
2022-11-02 00:00:00+09:00,1151.0,1202.0,1140.0,1199.5,6600,0.0,0.0
2022-11-04 00:00:00+09:00,1199.0,1199.0,1155.0,1175.0,7400,0.0,0.0
2022-11-07 00:00:00+09:00,1156.0,1202.5,1110.5,1180.0,12600,0.0,0.0
2022-11-08 00:00:00+09:00,1195.5,1195.5,1160.0,1172.5,3200,0.0,0.0
2022-11-09 00:00:00+09:00,1164.5,1164.5,1135.5,1150.0,1200,0.0,0.0
2022-11-10 00:00:00+09:00,1138.0,1138.0,1135.0,1135.0,1400,0.0,0.0
2022-11-11 00:00:00+09:00,1157.0,1157.0,1065.5,1128.0,10200,0.0,0.0
2022-11-14 00:00:00+09:00,1128.0,1129.5,1102.5,1107.5,2400,0.0,0.0
2022-11-15 00:00:00+09:00,1100.0,1124.0,1086.0,1108.5,3000,0.0,0.0
2022-11-16 00:00:00+09:00,1100.5,1142.0,1098.0,1134.5,2000,0.0,0.0
2022-11-17 00:00:00+09:00,1134.0,1325.0,1110.5,1298.5,40000,0.0,0.0
2022-11-18 00:00:00+09:00,1259.5,1259.5,1166.5,1194.0,17400,0.0,0.0
2022-11-21 00:00:00+09:00,1200.5,1201.0,1155.0,1175.5,5600,0.0,0.0
2022-11-22 00:00:00+09:00,1175.5,1175.5,1151.5,1161.5,3400,0.0,0.0
2022-11-24 00:00:00+09:00,1157.5,1175.5,1145.0,1174.0,5200,0.0,0.0
2022-11-25 00:00:00+09:00,1174.0,1197.0,1165.0,1189.5,2600,0.0,0.0
2022-11-28 00:00:00+09:00,1177.5,1190.0,1177.5,1190.0,1400,0.0,0.0
2022-11-29 00:00:00+09:00,1415.0,1440.0,1350.0,1440.0,116400,0.0,0.0
2022-11-30 00:00:00+09:00,1690.0,1690.0,1665.0,1690.0,53800,0.0,0.0
2022-12-01 00:00:00+09:00,2040.0,2040.0,2040.0,2040.0,6000,0.0,0.0
2022-12-02 00:00:00+09:00,2145.0,2147.5,1690.0,1740.0,265200,0.0,0.0
2022-12-05 00:00:00+09:00,1650.0,1650.0,1540.0,1547.5,37200,0.0,0.0
2022-12-06 00:00:00+09:00,1537.5,1897.5,1464.0,1897.5,118400,0.0,0.0
2022-12-07 00:00:00+09:00,1985.0,2025.0,1730.0,1780.0,208800,0.0,0.0
2022-12-08 00:00:00+09:00,1745.0,1845.0,1707.5,1810.0,31400,0.0,0.0
2022-12-09 00:00:00+09:00,1810.0,1825.0,1760.0,1815.0,10800,0.0,0.0
2022-12-12 00:00:00+09:00,1750.0,1772.5,1702.5,1735.0,5600,0.0,0.0
2022-12-13 00:00:00+09:00,1737.5,1745.0,1627.5,1677.5,12400,0.0,0.0
2022-12-14 00:00:00+09:00,1665.0,1680.0,1647.5,1680.0,9000,0.0,0.0
2022-12-15 00:00:00+09:00,1647.5,1720.0,1647.5,1682.5,6400,0.0,0.0
2022-12-16 00:00:00+09:00,1717.5,1717.5,1650.0,1695.0,1800,0.0,0.0
2022-12-19 00:00:00+09:00,1665.0,1700.0,1652.5,1690.0,2000,0.0,0.0
2022-12-20 00:00:00+09:00,1690.0,1690.0,1545.0,1552.5,7200,0.0,0.0
2022-12-21 00:00:00+09:00,1517.5,1557.5,1517.5,1532.5,4400,0.0,0.0
2022-12-22 00:00:00+09:00,1527.5,1882.5,1527.5,1662.5,74400,0.0,0.0
2022-12-23 00:00:00+09:00,1727.5,1727.5,1577.5,1622.5,16000,0.0,0.0
2022-12-26 00:00:00+09:00,1677.5,1680.0,1592.5,1657.5,8400,0.0,0.0
2022-12-27 00:00:00+09:00,1622.5,1670.0,1622.5,1640.0,3600,0.0,0.0
2022-12-28 00:00:00+09:00,1605.0,1627.5,1582.5,1582.5,8200,0.0,0.0
2022-12-29 00:00:00+09:00,1503.0,1550.0,1471.0,1520.0,5400,0.0,0.0
2022-12-30 00:00:00+09:00,1491.0,1520.0,1490.0,1500.0,1800,0.0,0.0
2023-01-04 00:00:00+09:00,1500.0,1500.0,1407.0,1440.0,1000,0.0,0.0
2023-01-05 00:00:00+09:00,1430.0,1435.0,1402.0,1402.0,1500,0.0,0.0
2023-01-06 00:00:00+09:00,1372.0,1390.0,1355.0,1359.0,2600,0.0,0.0
2023-01-10 00:00:00+09:00,1427.0,1641.0,1426.0,1499.0,9300,0.0,0.0
2023-01-11 00:00:00+09:00,1480.0,1480.0,1422.0,1428.0,3400,0.0,0.0
2023-01-12 00:00:00+09:00,1497.0,1518.0,1462.0,1477.0,3000,0.0,0.0
2023-01-13 00:00:00+09:00,1457.0,1457.0,1457.0,1457.0,400,0.0,0.0
2023-01-16 00:00:00+09:00,1456.0,1456.0,1426.0,1445.0,500,0.0,0.0
2023-01-17 00:00:00+09:00,1475.0,1490.0,1422.0,1427.0,1700,0.0,0.0
2023-01-18 00:00:00+09:00,1427.0,1468.0,1427.0,1430.0,800,0.0,0.0
2023-01-19 00:00:00+09:00,1401.0,1458.0,1401.0,1445.0,1600,0.0,0.0
2023-01-20 00:00:00+09:00,1492.0,1492.0,1450.0,1450.0,1500,0.0,0.0
2023-01-23 00:00:00+09:00,1450.0,1450.0,1432.0,1438.0,500,0.0,0.0
2023-01-24 00:00:00+09:00,1426.0,1455.0,1426.0,1436.0,1500,0.0,0.0
2023-01-25 00:00:00+09:00,1465.0,1465.0,1439.0,1439.0,900,0.0,0.0
2023-01-26 00:00:00+09:00,1439.0,1439.0,1439.0,1439.0,0,0.0,0.0
2023-01-27 00:00:00+09:00,1450.0,1478.0,1434.0,1434.0,1400,0.0,0.0
2023-01-30 00:00:00+09:00,1441.0,1460.0,1441.0,1460.0,600,0.0,0.0
2023-01-31 00:00:00+09:00,1446.0,1460.0,1446.0,1460.0,200,0.0,0.0
2023-02-01 00:00:00+09:00,1465.0,1465.0,1422.0,1447.0,900,0.0,0.0
2023-02-02 00:00:00+09:00,1475.0,1479.0,1433.0,1444.0,1200,0.0,0.0
2023-02-03 00:00:00+09:00,1444.0,1444.0,1406.0,1406.0,1100,0.0,0.0
2023-02-06 00:00:00+09:00,1706.0,1706.0,1706.0,1706.0,7300,0.0,0.0
2023-02-07 00:00:00+09:00,1710.0,1725.0,1501.0,1597.0,52400,0.0,0.0
2023-02-08 00:00:00+09:00,1549.0,1549.0,1503.0,1503.0,6500,0.0,0.0
2023-02-09 00:00:00+09:00,1503.0,1503.0,1442.0,1481.0,2600,0.0,0.0
2023-02-10 00:00:00+09:00,1463.0,1494.0,1443.0,1450.0,3300,0.0,0.0
2023-02-13 00:00:00+09:00,1420.0,1461.0,1404.0,1420.0,4200,0.0,0.0
2023-02-14 00:00:00+09:00,1421.0,1422.0,1405.0,1405.0,2500,0.0,0.0
2023-02-15 00:00:00+09:00,1406.0,1428.0,1406.0,1424.0,1000,0.0,0.0
2023-02-16 00:00:00+09:00,1413.0,1424.0,1409.0,1416.0,1300,0.0,0.0
2023-02-17 00:00:00+09:00,1411.0,1411.0,1392.0,1407.0,2700,0.0,0.0
2023-02-20 00:00:00+09:00,1411.0,1411.0,1380.0,1410.0,2100,0.0,0.0
2023-02-21 00:00:00+09:00,1409.0,1423.0,1392.0,1412.0,800,0.0,0.0
2023-02-22 00:00:00+09:00,1402.0,1414.0,1392.0,1414.0,1100,0.0,0.0
2023-02-24 00:00:00+09:00,1400.0,1420.0,1400.0,1403.0,900,0.0,0.0
2023-02-27 00:00:00+09:00,1410.0,1428.0,1405.0,1410.0,1100,0.0,0.0
2023-02-28 00:00:00+09:00,1400.0,1417.0,1392.0,1392.0,3500,0.0,0.0
2023-03-01 00:00:00+09:00,1392.0,1419.0,1392.0,1410.0,2000,0.0,0.0
2023-03-02 00:00:00+09:00,1395.0,1421.0,1395.0,1410.0,1800,0.0,0.0
2023-03-03 00:00:00+09:00,1404.0,1404.0,1404.0,1404.0,500,0.0,0.0
2023-03-06 00:00:00+09:00,1402.0,1426.0,1402.0,1417.0,1900,0.0,0.0
2023-03-07 00:00:00+09:00,1417.0,1519.0,1400.0,1461.0,14600,0.0,0.0
2023-03-08 00:00:00+09:00,1473.0,1761.0,1473.0,1574.0,130100,0.0,0.0
2023-03-09 00:00:00+09:00,1654.0,1689.0,1504.0,1540.0,44100,0.0,0.0
2023-03-10 00:00:00+09:00,1540.0,1550.0,1465.0,1514.0,10000,0.0,0.0
2023-03-13 00:00:00+09:00,1500.0,1502.0,1438.0,1446.0,4400,0.0,0.0
2023-03-14 00:00:00+09:00,1448.0,1746.0,1448.0,1746.0,156900,0.0,0.0
2023-03-15 00:00:00+09:00,1840.0,2146.0,1601.0,1687.0,439600,0.0,0.0
2023-03-16 00:00:00+09:00,1647.0,1950.0,1600.0,1728.0,80100,0.0,0.0
2023-03-17 00:00:00+09:00,1749.0,1749.0,1641.0,1642.0,26000,0.0,0.0
2023-03-20 00:00:00+09:00,1635.0,1636.0,1534.0,1534.0,11100,0.0,0.0
2023-03-22 00:00:00+09:00,1613.0,1613.0,1531.0,1531.0,6600,0.0,0.0
2023-03-23 00:00:00+09:00,1522.0,1650.0,1514.0,1650.0,10400,0.0,0.0
2023-03-24 00:00:00+09:00,1610.0,1616.0,1579.0,1601.0,3200,0.0,0.0
2023-03-27 00:00:00+09:00,1601.0,1621.0,1541.0,1574.0,4100,0.0,0.0
2023-03-28 00:00:00+09:00,1575.0,1601.0,1554.0,1554.0,2600,0.0,0.0
2023-03-29 00:00:00+09:00,1555.0,1597.0,1555.0,1570.0,1600,0.0,0.0
2023-03-30 00:00:00+09:00,1603.0,1603.0,1557.0,1566.0,2600,0.0,0.0
2023-03-31 00:00:00+09:00,1566.0,1605.0,1566.0,1581.0,1700,0.0,0.0
2023-04-03 00:00:00+09:00,1581.0,1582.0,1543.0,1543.0,2800,0.0,0.0
2023-04-04 00:00:00+09:00,1537.0,1555.0,1535.0,1539.0,2800,0.0,0.0
2023-04-05 00:00:00+09:00,1530.0,1570.0,1530.0,1530.0,1600,0.0,0.0
2023-04-06 00:00:00+09:00,1550.0,1557.0,1514.0,1530.0,2700,0.0,0.0
2023-04-07 00:00:00+09:00,1522.0,1536.0,1484.0,1484.0,4800,0.0,0.0
2023-04-10 00:00:00+09:00,1500.0,1598.0,1500.0,1593.0,9600,0.0,0.0
2023-04-11 00:00:00+09:00,1553.0,1580.0,1551.0,1551.0,2700,0.0,0.0
2023-04-12 00:00:00+09:00,1541.0,1555.0,1524.0,1535.0,1600,0.0,0.0
2023-04-13 00:00:00+09:00,1550.0,1560.0,1535.0,1535.0,1100,0.0,0.0
2023-04-14 00:00:00+09:00,1563.0,1563.0,1525.0,1556.0,1600,0.0,0.0
2023-04-17 00:00:00+09:00,1522.0,1561.0,1503.0,1507.0,5300,0.0,0.0
2023-04-18 00:00:00+09:00,1536.0,1545.0,1517.0,1517.0,2700,0.0,0.0
2023-04-19 00:00:00+09:00,1521.0,1539.0,1511.0,1520.0,1800,0.0,0.0
2023-04-20 00:00:00+09:00,1520.0,1520.0,1517.0,1517.0,1100,0.0,0.0
2023-04-21 00:00:00+09:00,1515.0,1515.0,1512.0,1513.0,1100,0.0,0.0
2023-04-24 00:00:00+09:00,1503.0,1525.0,1500.0,1502.0,1800,0.0,0.0
2023-04-25 00:00:00+09:00,1501.0,1501.0,1473.0,1480.0,2300,0.0,0.0
2023-04-26 00:00:00+09:00,1470.0,1470.0,1451.0,1456.0,3200,0.0,0.0
2023-04-27 00:00:00+09:00,1455.0,1489.0,1450.0,1455.0,2600,0.0,0.0
2023-04-28 00:00:00+09:00,1455.0,1455.0,1394.0,1411.0,5800,0.0,0.0
2023-05-01 00:00:00+09:00,1428.0,1588.0,1427.0,1588.0,7300,0.0,0.0
2023-05-02 00:00:00+09:00,1555.0,1572.0,1502.0,1548.0,6400,0.0,0.0
2023-05-08 00:00:00+09:00,1574.0,1610.0,1551.0,1610.0,9900,0.0,0.0
2023-05-09 00:00:00+09:00,1504.0,1519.0,1475.0,1495.0,9900,0.0,0.0
2023-05-10 00:00:00+09:00,1520.0,1526.0,1507.0,1512.0,4300,0.0,0.0
2023-05-11 00:00:00+09:00,1494.0,1495.0,1460.0,1461.0,4400,0.0,0.0
2023-05-12 00:00:00+09:00,1463.0,1463.0,1455.0,1455.0,400,0.0,0.0
2023-05-15 00:00:00+09:00,1455.0,1455.0,1430.0,1443.0,2600,0.0,0.0
2023-05-16 00:00:00+09:00,1432.0,1453.0,1432.0,1450.0,1400,0.0,0.0
2023-05-17 00:00:00+09:00,1480.0,1480.0,1421.0,1432.0,2900,0.0,0.0
2023-05-18 00:00:00+09:00,1436.0,1466.0,1420.0,1425.0,2800,0.0,0.0
2023-05-19 00:00:00+09:00,1425.0,1450.0,1417.0,1450.0,900,0.0,0.0
2023-05-22 00:00:00+09:00,1480.0,1480.0,1436.0,1436.0,1400,0.0,0.0
2023-05-23 00:00:00+09:00,1428.0,1433.0,1428.0,1430.0,1200,0.0,0.0
2023-05-24 00:00:00+09:00,1430.0,1433.0,1430.0,1433.0,300,0.0,0.0
2023-05-25 00:00:00+09:00,1436.0,1440.0,1436.0,1440.0,200,0.0,0.0
2023-05-26 00:00:00+09:00,1430.0,1430.0,1421.0,1423.0,900,0.0,0.0
2023-05-29 00:00:00+09:00,1413.0,1432.0,1404.0,1430.0,1100,0.0,0.0
2023-05-30 00:00:00+09:00,1407.0,1409.0,1360.0,1381.0,5700,0.0,0.0
2023-05-31 00:00:00+09:00,1407.0,1407.0,1377.0,1392.0,1100,0.0,0.0
2023-06-01 00:00:00+09:00,1363.0,1396.0,1363.0,1376.0,900,0.0,0.0
2023-06-02 00:00:00+09:00,1351.0,1359.0,1321.0,1334.0,8000,0.0,0.0
2023-06-05 00:00:00+09:00,1340.0,1340.0,1339.0,1339.0,400,0.0,0.0
2023-06-06 00:00:00+09:00,1369.0,1373.0,1333.0,1345.0,1700,0.0,0.0
2023-06-07 00:00:00+09:00,1337.0,1377.0,1330.0,1377.0,1800,0.0,0.0
2023-06-08 00:00:00+09:00,1377.0,1380.0,1376.0,1380.0,1700,0.0,0.0
2023-06-09 00:00:00+09:00,1368.0,1420.0,1368.0,1420.0,2000,0.0,0.0
2023-06-12 00:00:00+09:00,1425.0,1439.0,1400.0,1439.0,1300,0.0,0.0
2023-06-13 00:00:00+09:00,1409.0,1420.0,1409.0,1410.0,600,0.0,0.0
2023-06-14 00:00:00+09:00,1440.0,1440.0,1400.0,1414.0,500,0.0,0.0
2023-06-15 00:00:00+09:00,1408.0,1408.0,1400.0,1405.0,400,0.0,0.0
2023-06-16 00:00:00+09:00,1420.0,1420.0,1400.0,1401.0,500,0.0,0.0
2023-06-19 00:00:00+09:00,1415.0,1420.0,1406.0,1406.0,500,0.0,0.0
2023-06-20 00:00:00+09:00,1408.0,1408.0,1390.0,1391.0,1100,0.0,0.0
2023-06-21 00:00:00+09:00,1392.0,1394.0,1390.0,1394.0,800,0.0,0.0
2023-06-22 00:00:00+09:00,1400.0,1430.0,1400.0,1423.0,400,0.0,0.0
2023-06-23 00:00:00+09:00,1412.0,1412.0,1385.0,1385.0,1600,0.0,0.0
2023-06-26 00:00:00+09:00,1406.0,1406.0,1393.0,1393.0,300,0.0,0.0
2023-06-27 00:00:00+09:00,1400.0,1400.0,1400.0,1400.0,100,0.0,0.0
2023-06-28 00:00:00+09:00,1423.0,1423.0,1401.0,1401.0,900,0.0,0.0
2023-06-29 00:00:00+09:00,1357.0,1369.0,1357.0,1368.0,1000,0.0,0.0
2023-06-30 00:00:00+09:00,1368.0,1368.0,1368.0,1368.0,0,0.0,0.0
2023-07-03 00:00:00+09:00,1371.0,1397.0,1370.0,1370.0,1000,0.0,0.0
2023-07-04 00:00:00+09:00,1383.0,1383.0,1383.0,1383.0,200,0.0,0.0
2023-07-05 00:00:00+09:00,1394.0,1394.0,1394.0,1394.0,100,0.0,0.0
2023-07-06 00:00:00+09:00,1394.0,1394.0,1394.0,1394.0,0,0.0,0.0
2023-07-07 00:00:00+09:00,1389.0,1389.0,1389.0,1389.0,100,0.0,0.0
2023-07-10 00:00:00+09:00,1387.0,1387.0,1387.0,1387.0,100,0.0,0.0
2023-07-11 00:00:00+09:00,1338.0,1388.0,1338.0,1368.0,1400,0.0,0.0
2023-07-12 00:00:00+09:00,1368.0,1368.0,1368.0,1368.0,0,0.0,0.0
2023-07-13 00:00:00+09:00,1368.0,1368.0,1339.0,1339.0,300,0.0,0.0
2023-07-14 00:00:00+09:00,1341.0,1341.0,1321.0,1323.0,1500,0.0,0.0
2023-07-18 00:00:00+09:00,1349.0,1349.0,1345.0,1345.0,300,0.0,0.0
2023-07-19 00:00:00+09:00,1360.0,1360.0,1331.0,1346.0,800,0.0,0.0
2023-07-20 00:00:00+09:00,1346.0,1346.0,1331.0,1336.0,1600,0.0,0.0
2023-07-21 00:00:00+09:00,1336.0,1336.0,1336.0,1336.0,0,0.0,0.0
2023-07-24 00:00:00+09:00,1331.0,1341.0,1331.0,1341.0,400,0.0,0.0
2023-07-25 00:00:00+09:00,1331.0,1339.0,1331.0,1339.0,500,0.0,0.0
2023-07-26 00:00:00+09:00,1339.0,1339.0,1339.0,1339.0,0,0.0,0.0
2023-07-27 00:00:00+09:00,1331.0,1338.0,1331.0,1338.0,300,0.0,0.0
2023-07-28 00:00:00+09:00,1337.0,1337.0,1300.0,1323.0,1100,0.0,0.0
2023-07-31 00:00:00+09:00,1348.0,1348.0,1318.0,1318.0,600,0.0,0.0
2023-08-01 00:00:00+09:00,1318.0,1334.0,1318.0,1334.0,200,0.0,0.0
2023-08-02 00:00:00+09:00,1334.0,1334.0,1333.0,1333.0,200,0.0,0.0
2023-08-03 00:00:00+09:00,1334.0,1363.0,1321.0,1322.0,1600,0.0,0.0
2023-08-04 00:00:00+09:00,1322.0,1329.0,1287.0,1314.0,5200,0.0,0.0
2023-08-07 00:00:00+09:00,1309.0,1341.0,1309.0,1341.0,900,0.0,0.0
2023-08-08 00:00:00+09:00,1341.0,1341.0,1341.0,1341.0,0,0.0,0.0
2023-08-09 00:00:00+09:00,1348.0,1348.0,1348.0,1348.0,200,0.0,0.0
2023-08-10 00:00:00+09:00,1341.0,1341.0,1310.0,1310.0,500,0.0,0.0
2023-08-14 00:00:00+09:00,1340.0,1340.0,1311.0,1311.0,1200,0.0,0.0
2023-08-15 00:00:00+09:00,1313.0,1313.0,1300.0,1305.0,1200,0.0,0.0
2023-08-16 00:00:00+09:00,1335.0,1335.0,1315.0,1320.0,600,0.0,0.0
2023-08-17 00:00:00+09:00,1328.0,1328.0,1328.0,1328.0,100,0.0,0.0
2023-08-18 00:00:00+09:00,1325.0,1325.0,1313.0,1313.0,500,0.0,0.0
2023-08-21 00:00:00+09:00,1323.0,1323.0,1297.0,1297.0,1800,0.0,0.0
2023-08-22 00:00:00+09:00,1314.0,1314.0,1303.0,1303.0,300,0.0,0.0
2023-08-23 00:00:00+09:00,1303.0,1303.0,1303.0,1303.0,0,0.0,0.0
2023-08-24 00:00:00+09:00,1303.0,1303.0,1291.0,1291.0,400,0.0,0.0
2023-08-25 00:00:00+09:00,1292.0,1300.0,1292.0,1300.0,300,0.0,0.0
2023-08-28 00:00:00+09:00,1300.0,1300.0,1300.0,1300.0,0,0.0,0.0
2023-08-29 00:00:00+09:00,1291.0,1291.0,1291.0,1291.0,300,0.0,0.0
2023-08-30 00:00:00+09:00,1293.0,1294.0,1293.0,1294.0,200,0.0,0.0
2023-08-31 00:00:00+09:00,1294.0,1589.0,1294.0,1585.0,73300,0.0,0.0
2023-09-01 00:00:00+09:00,1505.0,1505.0,1444.0,1490.0,26000,0.0,0.0
2023-09-04 00:00:00+09:00,1489.0,1489.0,1368.0,1385.0,23700,0.0,0.0
2023-09-05 00:00:00+09:00,1408.0,1408.0,1387.0,1389.0,2300,0.0,0.0
2023-09-06 00:00:00+09:00,1380.0,1460.0,1363.0,1386.0,16300,0.0,0.0
2023-09-07 00:00:00+09:00,1400.0,1686.0,1400.0,1686.0,72900,0.0,0.0
2023-09-08 00:00:00+09:00,2006.0,2086.0,2000.0,2086.0,42900,0.0,0.0
2023-09-11 00:00:00+09:00,2286.0,2586.0,2257.0,2586.0,715200,0.0,0.0
2023-09-12 00:00:00+09:00,2636.0,2999.0,2086.0,2086.0,1117200,0.0,0.0
2023-09-13 00:00:00+09:00,1920.0,1989.0,1778.0,1810.0,137800,0.0,0.0
2023-09-14 00:00:00+09:00,1880.0,2080.0,1708.0,1750.0,221800,0.0,0.0
2023-09-15 00:00:00+09:00,1721.0,1770.0,1686.0,1686.0,33100,0.0,0.0
2023-09-19 00:00:00+09:00,1722.0,1787.0,1670.0,1685.0,20200,0.0,0.0
2023-09-20 00:00:00+09:00,1705.0,1705.0,1651.0,1679.0,13500,0.0,0.0
2023-09-21 00:00:00+09:00,1643.0,1730.0,1643.0,1645.0,9000,0.0,0.0
2023-09-22 00:00:00+09:00,1640.0,1643.0,1604.0,1620.0,7000,0.0,0.0
2023-09-25 00:00:00+09:00,1602.0,1640.0,1553.0,1601.0,6200,0.0,0.0
2023-09-26 00:00:00+09:00,1570.0,1808.0,1566.0,1655.0,48300,0.0,0.0
2023-09-27 00:00:00+09:00,1615.0,1720.0,1615.0,1698.0,13000,0.0,0.0
2023-09-28 00:00:00+09:00,1738.0,1749.0,1645.0,1680.0,13000,0.0,0.0
2023-09-29 00:00:00+09:00,1679.0,1718.0,1670.0,1670.0,3000,0.0,0.0
2023-10-02 00:00:00+09:00,1708.0,1708.0,1640.0,1699.0,4800,0.0,0.0
2023-10-03 00:00:00+09:00,1679.0,1679.0,1598.0,1634.0,4900,0.0,0.0
2023-10-04 00:00:00+09:00,1567.0,1585.0,1533.0,1533.0,10100,0.0,0.0
2023-10-05 00:00:00+09:00,1535.0,1580.0,1517.0,1540.0,3700,0.0,0.0
2023-10-06 00:00:00+09:00,1539.0,1590.0,1530.0,1590.0,6000,0.0,0.0
2023-10-10 00:00:00+09:00,1623.0,1684.0,1615.0,1650.0,4600,0.0,0.0
2023-10-11 00:00:00+09:00,1687.0,1687.0,1621.0,1639.0,900,0.0,0.0
2023-10-12 00:00:00+09:00,1630.0,1665.0,1624.0,1624.0,1000,0.0,0.0
2023-10-13 00:00:00+09:00,1584.0,1640.0,1575.0,1636.0,3100,0.0,0.0
2023-10-16 00:00:00+09:00,1649.0,1649.0,1605.0,1639.0,1700,0.0,0.0
2023-10-17 00:00:00+09:00,1602.0,1649.0,1602.0,1649.0,700,0.0,0.0
2023-10-18 00:00:00+09:00,1660.0,1680.0,1637.0,1679.0,2400,0.0,0.0
2023-10-19 00:00:00+09:00,1661.0,1677.0,1650.0,1663.0,2200,0.0,0.0
2023-10-20 00:00:00+09:00,1696.0,1696.0,1642.0,1642.0,3000,0.0,0.0
2023-10-23 00:00:00+09:00,1623.0,1668.0,1556.0,1598.0,4200,0.0,0.0
2023-10-24 00:00:00+09:00,1598.0,1634.0,1580.0,1601.0,1500,0.0,0.0
2023-10-25 00:00:00+09:00,1600.0,1673.0,1600.0,1660.0,3200,0.0,0.0
2023-10-26 00:00:00+09:00,1605.0,1670.0,1605.0,1669.0,2600,0.0,0.0
2023-10-27 00:00:00+09:00,1617.0,1669.0,1617.0,1622.0,3400,0.0,0.0
2023-10-30 00:00:00+09:00,1604.0,1655.0,1604.0,1655.0,3200,0.0,0.0
2023-10-31 00:00:00+09:00,1665.0,1711.0,1631.0,1693.0,5900,0.0,0.0
2023-11-01 00:00:00+09:00,1691.0,1716.0,1655.0,1655.0,1200,0.0,0.0
2023-11-02 00:00:00+09:00,1670.0,1698.0,1670.0,1698.0,300,0.0,0.0
2023-11-06 00:00:00+09:00,1658.0,1722.0,1658.0,1718.0,5200,0.0,0.0
2023-11-07 00:00:00+09:00,1677.0,1705.0,1656.0,1675.0,3500,0.0,0.0
2023-11-08 00:00:00+09:00,1674.0,1695.0,1655.0,1695.0,300,0.0,0.0
2023-11-09 00:00:00+09:00,1655.0,1698.0,1651.0,1698.0,600,0.0,0.0
2023-11-10 00:00:00+09:00,1699.0,1699.0,1681.0,1681.0,200,0.0,0.0
2023-11-13 00:00:00+09:00,1679.0,1679.0,1592.0,1643.0,2600,0.0,0.0
2023-11-14 00:00:00+09:00,1643.0,1643.0,1643.0,1643.0,0,0.0,0.0
2023-11-15 00:00:00+09:00,1630.0,1630.0,1550.0,1556.0,3900,0.0,0.0
2023-11-16 00:00:00+09:00,1551.0,1564.0,1549.0,1551.0,1900,0.0,0.0
2023-11-17 00:00:00+09:00,1561.0,1747.0,1561.0,1679.0,14600,0.0,0.0
2023-11-20 00:00:00+09:00,1745.0,1750.0,1656.0,1749.0,12200,0.0,0.0
2023-11-21 00:00:00+09:00,1725.0,1763.0,1685.0,1702.0,3800,0.0,0.0
2023-11-22 00:00:00+09:00,1697.0,1697.0,1659.0,1659.0,800,0.0,0.0
2023-11-24 00:00:00+09:00,1652.0,1679.0,1640.0,1679.0,1400,0.0,0.0
2023-11-27 00:00:00+09:00,1639.0,1757.0,1632.0,1749.0,13800,0.0,0.0
2023-11-28 00:00:00+09:00,1748.0,1748.0,1680.0,1696.0,3900,0.0,0.0
2023-11-29 00:00:00+09:00,1695.0,1695.0,1610.0,1631.0,2200,0.0,0.0
2023-11-30 00:00:00+09:00,1625.0,1698.0,1605.0,1672.0,2300,0.0,0.0
2023-12-01 00:00:00+09:00,1670.0,1709.0,1650.0,1656.0,3600,0.0,0.0
2023-12-04 00:00:00+09:00,1660.0,1697.0,1657.0,1665.0,500,0.0,0.0
2023-12-05 00:00:00+09:00,1633.0,1633.0,1610.0,1613.0,1200,0.0,0.0
2023-12-06 00:00:00+09:00,1618.0,1640.0,1600.0,1640.0,1200,0.0,0.0
2023-12-07 00:00:00+09:00,1679.0,1679.0,1633.0,1633.0,600,0.0,0.0
2023-12-08 00:00:00+09:00,1633.0,1633.0,1586.0,1586.0,1400,0.0,0.0
2023-12-11 00:00:00+09:00,1625.0,1625.0,1450.0,1465.0,12100,0.0,0.0
2023-12-12 00:00:00+09:00,1472.0,1505.0,1472.0,1499.0,3200,0.0,0.0
2023-12-13 00:00:00+09:00,1498.0,1510.0,1460.0,1510.0,3500,0.0,0.0
2023-12-14 00:00:00+09:00,1510.0,1527.0,1510.0,1515.0,900,0.0,0.0
2023-12-15 00:00:00+09:00,1516.0,1516.0,1460.0,1460.0,1600,0.0,0.0
2023-12-18 00:00:00+09:00,1460.0,1483.0,1432.0,1483.0,1600,0.0,0.0
2023-12-19 00:00:00+09:00,1483.0,1500.0,1482.0,1500.0,1500,0.0,0.0
2023-12-20 00:00:00+09:00,1530.0,1530.0,1430.0,1494.0,4100,0.0,0.0
2023-12-21 00:00:00+09:00,1464.0,1468.0,1434.0,1468.0,2500,0.0,0.0
2023-12-22 00:00:00+09:00,1444.0,1459.0,1430.0,1430.0,2500,0.0,0.0
2023-12-25 00:00:00+09:00,1441.0,1441.0,1421.0,1424.0,1500,0.0,0.0
2023-12-26 00:00:00+09:00,1423.0,1423.0,1381.0,1392.0,3700,0.0,0.0
2023-12-27 00:00:00+09:00,1395.0,1401.0,1372.0,1372.0,1900,0.0,0.0
2023-12-28 00:00:00+09:00,1380.0,1426.0,1375.0,1410.0,3000,0.0,0.0
2023-12-29 00:00:00+09:00,1414.0,1419.0,1401.0,1405.0,1000,0.0,0.0
2024-01-04 00:00:00+09:00,1565.0,1696.0,1524.0,1629.0,24800,0.0,0.0
2024-01-05 00:00:00+09:00,1627.0,1627.0,1554.0,1582.0,7300,0.0,0.0
2024-01-09 00:00:00+09:00,1582.0,1595.0,1560.0,1589.0,1900,0.0,0.0
2024-01-10 00:00:00+09:00,1592.0,1602.0,1560.0,1582.0,1600,0.0,0.0
2024-01-11 00:00:00+09:00,1542.0,1581.0,1542.0,1566.0,600,0.0,0.0
2024-01-12 00:00:00+09:00,1570.0,1570.0,1546.0,1546.0,1800,0.0,0.0
2024-01-15 00:00:00+09:00,1534.0,1534.0,1534.0,1534.0,300,0.0,0.0
2024-01-16 00:00:00+09:00,1534.0,1545.0,1507.0,1507.0,1200,0.0,0.0
2024-01-17 00:00:00+09:00,1507.0,1544.0,1507.0,1520.0,700,0.0,0.0
2024-01-18 00:00:00+09:00,1521.0,1521.0,1520.0,1521.0,600,0.0,0.0
2024-01-19 00:00:00+09:00,1521.0,1521.0,1502.0,1510.0,400,0.0,0.0
2024-01-22 00:00:00+09:00,1550.0,1550.0,1547.0,1548.0,2200,0.0,0.0
2024-01-23 00:00:00+09:00,1548.0,1548.0,1509.0,1513.0,500,0.0,0.0
2024-01-24 00:00:00+09:00,1513.0,1520.0,1513.0,1520.0,200,0.0,0.0
2024-01-25 00:00:00+09:00,1480.0,1571.0,1480.0,1560.0,5000,0.0,0.0
2024-01-26 00:00:00+09:00,1565.0,1610.0,1557.0,1557.0,2500,0.0,0.0
2024-01-29 00:00:00+09:00,1558.0,1638.0,1558.0,1565.0,1500,0.0,0.0
2024-01-30 00:00:00+09:00,1620.0,1643.0,1582.0,1625.0,3900,0.0,0.0
2024-01-31 00:00:00+09:00,1625.0,1625.0,1605.0,1605.0,600,0.0,0.0
2024-02-01 00:00:00+09:00,1605.0,1605.0,1605.0,1605.0,0,0.0,0.0
2024-02-02 00:00:00+09:00,1627.0,1627.0,1590.0,1590.0,400,0.0,0.0
2024-02-05 00:00:00+09:00,1589.0,1589.0,1558.0,1570.0,1300,0.0,0.0
2024-02-06 00:00:00+09:00,1567.0,1567.0,1565.0,1565.0,200,0.0,0.0
2024-02-07 00:00:00+09:00,1557.0,1557.0,1557.0,1557.0,200,0.0,0.0
2024-02-08 00:00:00+09:00,1557.0,1557.0,1557.0,1557.0,0,0.0,0.0
2024-02-09 00:00:00+09:00,1557.0,1557.0,1542.0,1542.0,500,0.0,0.0
2024-02-13 00:00:00+09:00,1546.0,1588.0,1518.0,1573.0,1500,0.0,0.0
2024-02-14 00:00:00+09:00,1573.0,1573.0,1573.0,1573.0,100,0.0,0.0
2024-02-15 00:00:00+09:00,1572.0,1572.0,1546.0,1546.0,400,0.0,0.0
2024-02-16 00:00:00+09:00,1528.0,1570.0,1528.0,1570.0,1000,0.0,0.0
2024-02-19 00:00:00+09:00,1570.0,1630.0,1570.0,1627.0,2400,0.0,0.0
2024-02-20 00:00:00+09:00,1634.0,1634.0,1597.0,1597.0,900,0.0,0.0
2024-02-21 00:00:00+09:00,1597.0,1597.0,1571.0,1571.0,300,0.0,0.0
2024-02-22 00:00:00+09:00,1543.0,1551.0,1543.0,1550.0,600,0.0,0.0
2024-02-26 00:00:00+09:00,1550.0,1550.0,1550.0,1550.0,0,0.0,0.0
2024-02-27 00:00:00+09:00,1550.0,1550.0,1550.0,1550.0,0,0.0,0.0
2024-02-28 00:00:00+09:00,1550.0,1550.0,1550.0,1550.0,100,0.0,0.0
2024-02-29 00:00:00+09:00,1543.0,1543.0,1542.0,1542.0,600,0.0,0.0
2024-03-01 00:00:00+09:00,1549.0,1549.0,1541.0,1541.0,200,0.0,0.0
2024-03-04 00:00:00+09:00,1541.0,1541.0,1530.0,1535.0,700,0.0,0.0
2024-03-05 00:00:00+09:00,1532.0,1532.0,1516.0,1516.0,800,0.0,0.0
2024-03-06 00:00:00+09:00,1520.0,1525.0,1520.0,1520.0,300,0.0,0.0
2024-03-07 00:00:00+09:00,1517.0,1517.0,1508.0,1508.0,400,0.0,0.0
2024-03-08 00:00:00+09:00,1504.0,1504.0,1493.0,1494.0,900,0.0,0.0
2024-03-11 00:00:00+09:00,1481.0,1481.0,1451.0,1451.0,1700,0.0,0.0
2024-03-12 00:00:00+09:00,1421.0,1439.0,1421.0,1436.0,2400,0.0,0.0
2024-03-13 00:00:00+09:00,1436.0,1477.0,1436.0,1477.0,200,0.0,0.0
2024-03-14 00:00:00+09:00,1431.0,1478.0,1430.0,1448.0,2400,0.0,0.0
2024-03-15 00:00:00+09:00,1448.0,1473.0,1448.0,1473.0,400,0.0,0.0
2024-03-18 00:00:00+09:00,1462.0,1462.0,1451.0,1455.0,400,0.0,0.0
2024-03-19 00:00:00+09:00,1455.0,1527.0,1450.0,1509.0,1200,0.0,0.0
2024-03-21 00:00:00+09:00,1514.0,1514.0,1472.0,1472.0,900,0.0,0.0
2024-03-22 00:00:00+09:00,1480.0,1520.0,1480.0,1520.0,400,0.0,0.0
2024-03-25 00:00:00+09:00,1500.0,1500.0,1488.0,1488.0,200,0.0,0.0
2024-03-26 00:00:00+09:00,1485.0,1500.0,1485.0,1500.0,400,0.0,0.0
2024-03-27 00:00:00+09:00,1460.0,1460.0,1460.0,1460.0,100,0.0,0.0
2024-03-28 00:00:00+09:00,1470.0,1470.0,1470.0,1470.0,100,0.0,0.0
2024-03-29 00:00:00+09:00,1457.0,1482.0,1457.0,1470.0,900,0.0,0.0
2024-04-01 00:00:00+09:00,1520.0,1520.0,1520.0,1520.0,1300,0.0,0.0
2024-04-02 00:00:00+09:00,1526.0,1528.0,1520.0,1526.0,700,0.0,0.0
2024-04-03 00:00:00+09:00,1525.0,1526.0,1525.0,1526.0,300,0.0,0.0
2024-04-04 00:00:00+09:00,1511.0,1533.0,1503.0,1533.0,700,0.0,0.0
2024-04-05 00:00:00+09:00,1533.0,1579.0,1531.0,1545.0,2100,0.0,0.0
2024-04-08 00:00:00+09:00,1555.0,1555.0,1546.0,1546.0,300,0.0,0.0
2024-04-09 00:00:00+09:00,1546.0,1546.0,1546.0,1546.0,0,0.0,0.0
2024-04-10 00:00:00+09:00,1546.0,1546.0,1546.0,1546.0,0,0.0,0.0
2024-04-11 00:00:00+09:00,1546.0,1560.0,1546.0,1560.0,200,0.0,0.0
2024-04-12 00:00:00+09:00,1571.0,1571.0,1571.0,1571.0,200,0.0,0.0
2024-04-15 00:00:00+09:00,1577.0,1577.0,1576.0,1577.0,600,0.0,0.0
2024-04-16 00:00:00+09:00,1577.0,1577.0,1577.0,1577.0,100,0.0,0.0
2024-04-17 00:00:00+09:00,1579.0,1583.0,1579.0,1583.0,500,0.0,0.0
2024-04-18 00:00:00+09:00,1597.0,1597.0,1552.0,1583.0,600,0.0,0.0
2024-04-19 00:00:00+09:00,1583.0,1640.0,1583.0,1600.0,2200,0.0,0.0
2024-04-22 00:00:00+09:00,1639.0,1668.0,1639.0,1668.0,3200,0.0,0.0
2024-04-23 00:00:00+09:00,1668.0,1672.0,1668.0,1672.0,1000,0.0,0.0
2024-04-24 00:00:00+09:00,1670.0,1677.0,1651.0,1677.0,1600,0.0,0.0
2024-04-25 00:00:00+09:00,1680.0,1750.0,1680.0,1750.0,3700,0.0,0.0
2024-04-26 00:00:00+09:00,1758.0,1780.0,1726.0,1755.0,6500,0.0,0.0
2024-04-30 00:00:00+09:00,1755.0,1769.0,1755.0,1769.0,1300,0.0,0.0
2024-05-01 00:00:00+09:00,1733.0,1741.0,1715.0,1715.0,1400,0.0,0.0
2024-05-02 00:00:00+09:00,1682.0,1700.0,1550.0,1588.0,7100,0.0,0.0
2024-05-07 00:00:00+09:00,1628.0,1629.0,1588.0,1590.0,1900,0.0,0.0
2024-05-08 00:00:00+09:00,1627.0,1627.0,1514.0,1562.0,2800,0.0,0.0
2024-05-09 00:00:00+09:00,1522.0,1530.0,1522.0,1530.0,1200,0.0,0.0
2024-05-10 00:00:00+09:00,1535.0,1540.0,1535.0,1540.0,400,0.0,0.0
2024-05-13 00:00:00+09:00,1523.0,1530.0,1500.0,1530.0,1500,0.0,0.0
2024-05-14 00:00:00+09:00,1510.0,1570.0,1510.0,1570.0,2800,0.0,0.0
2024-05-15 00:00:00+09:00,1598.0,1920.0,1598.0,1670.0,52100,0.0,0.0
2024-05-16 00:00:00+09:00,1630.0,1630.0,1580.0,1581.0,5500,0.0,0.0
2024-05-17 00:00:00+09:00,1581.0,1586.0,1562.0,1566.0,1700,0.0,0.0
2024-05-20 00:00:00+09:00,1526.0,1647.0,1522.0,1573.0,11500,0.0,0.0
2024-05-21 00:00:00+09:00,1571.0,1770.0,1571.0,1636.0,29700,0.0,0.0
2024-05-22 00:00:00+09:00,1669.0,1669.0,1574.0,1574.0,8700,0.0,0.0
2024-05-23 00:00:00+09:00,1574.0,1574.0,1531.0,1559.0,3900,0.0,0.0
2024-05-24 00:00:00+09:00,1525.0,1537.0,1525.0,1528.0,2000,0.0,0.0
2024-05-27 00:00:00+09:00,1529.0,1530.0,1526.0,1526.0,2700,0.0,0.0
2024-05-28 00:00:00+09:00,1530.0,1600.0,1530.0,1532.0,3600,0.0,0.0
2024-05-29 00:00:00+09:00,1555.0,1588.0,1555.0,1588.0,1500,0.0,0.0
2024-05-30 00:00:00+09:00,1561.0,1988.0,1536.0,1988.0,121800,0.0,0.0
2024-05-31 00:00:00+09:00,2200.0,2388.0,2172.0,2388.0,226800,0.0,0.0
2024-06-03 00:00:00+09:00,2638.0,2888.0,2600.0,2888.0,243000,0.0,0.0
2024-06-04 00:00:00+09:00,3390.0,3390.0,3390.0,3390.0,105200,0.0,0.0
2024-06-05 00:00:00+09:00,2690.0,2690.0,2690.0,2690.0,2500,0.0,0.0
2024-06-06 00:00:00+09:00,2240.0,2350.0,2190.0,2190.0,548100,0.0,0.0
2024-06-07 00:00:00+09:00,2140.0,2189.0,1969.0,1990.0,160200,0.0,0.0
2024-06-10 00:00:00+09:00,2051.0,2150.0,1845.0,1870.0,128200,0.0,0.0
2024-06-11 00:00:00+09:00,1872.0,1998.0,1820.0,1828.0,79500,0.0,0.0
2024-06-12 00:00:00+09:00,1829.0,1829.0,1775.0,1794.0,41200,0.0,0.0
2024-06-13 00:00:00+09:00,1868.0,1869.0,1787.0,1797.0,28900,0.0,0.0
2024-06-14 00:00:00+09:00,1816.0,1845.0,1737.0,1845.0,41800,0.0,0.0
2024-06-17 00:00:00+09:00,1805.0,1840.0,1780.0,1824.0,19200,0.0,0.0
2024-06-18 00:00:00+09:00,1824.0,1860.0,1772.0,1799.0,52100,0.0,0.0
2024-06-19 00:00:00+09:00,1810.0,1834.0,1768.0,1774.0,30500,0.0,0.0
2024-06-20 00:00:00+09:00,1742.0,1778.0,1705.0,1722.0,24800,0.0,0.0
2024-06-21 00:00:00+09:00,1704.0,1785.0,1704.0,1756.0,34800,0.0,0.0
2024-06-24 00:00:00+09:00,1744.0,1754.0,1709.0,1751.0,12700,0.0,0.0
2024-06-25 00:00:00+09:00,1759.0,1805.0,1741.0,1802.0,22700,0.0,0.0
2024-06-26 00:00:00+09:00,1834.0,1836.0,1731.0,1731.0,34100,0.0,0.0
2024-06-27 00:00:00+09:00,1694.0,1749.0,1683.0,1748.0,17200,0.0,0.0
2024-06-28 00:00:00+09:00,1723.0,1755.0,1693.0,1713.0,33800,0.0,0.0
2024-07-01 00:00:00+09:00,1710.0,1710.0,1601.0,1625.0,40700,0.0,0.0
2024-07-02 00:00:00+09:00,1626.0,1629.0,1585.0,1600.0,17700,0.0,0.0
2024-07-03 00:00:00+09:00,1600.0,1622.0,1585.0,1598.0,9900,0.0,0.0
2024-07-04 00:00:00+09:00,1598.0,1611.0,1561.0,1582.0,10700,0.0,0.0
2024-07-05 00:00:00+09:00,1577.0,1598.0,1577.0,1584.0,4500,0.0,0.0
2024-07-08 00:00:00+09:00,1591.0,1591.0,1559.0,1572.0,5300,0.0,0.0
2024-07-09 00:00:00+09:00,1590.0,1619.0,1590.0,1607.0,8700,0.0,0.0
2024-07-10 00:00:00+09:00,1623.0,1654.0,1618.0,1653.0,8000,0.0,0.0
2024-07-11 00:00:00+09:00,1634.0,1674.0,1612.0,1643.0,9000,0.0,0.0
2024-07-12 00:00:00+09:00,1643.0,1747.0,1617.0,1690.0,17800,0.0,0.0
2024-07-16 00:00:00+09:00,1690.0,1820.0,1681.0,1717.0,25200,0.0,0.0
2024-07-17 00:00:00+09:00,1729.0,1809.0,1720.0,1735.0,27900,0.0,0.0
2024-07-18 00:00:00+09:00,1770.0,1775.0,1664.0,1708.0,12300,0.0,0.0
2024-07-19 00:00:00+09:00,1702.0,1730.0,1650.0,1678.0,7100,0.0,0.0
2024-07-22 00:00:00+09:00,1673.0,1673.0,1598.0,1606.0,11000,0.0,0.0
2024-07-23 00:00:00+09:00,1610.0,1647.0,1607.0,1610.0,2100,0.0,0.0
2024-07-24 00:00:00+09:00,1605.0,1650.0,1584.0,1611.0,11500,0.0,0.0
2024-07-25 00:00:00+09:00,1610.0,1631.0,1604.0,1615.0,5600,0.0,0.0
2024-07-26 00:00:00+09:00,1611.0,1646.0,1611.0,1620.0,2600,0.0,0.0
2024-07-29 00:00:00+09:00,1645.0,1649.0,1621.0,1638.0,1500,0.0,0.0
2024-07-30 00:00:00+09:00,1640.0,1640.0,1594.0,1594.0,5500,0.0,0.0
2024-07-31 00:00:00+09:00,1591.0,1619.0,1576.0,1605.0,4400,0.0,0.0
2024-08-01 00:00:00+09:00,1601.0,1601.0,1532.0,1580.0,5600,0.0,0.0
2024-08-02 00:00:00+09:00,1516.0,1553.0,1420.0,1420.0,11100,0.0,0.0
2024-08-05 00:00:00+09:00,1396.0,1396.0,1140.0,1140.0,23300,0.0,0.0
2024-08-06 00:00:00+09:00,1172.0,1277.0,1172.0,1235.0,9600,0.0,0.0
2024-08-07 00:00:00+09:00,1235.0,1291.0,1235.0,1291.0,4400,0.0,0.0
2024-08-08 00:00:00+09:00,1267.0,1349.0,1267.0,1344.0,3100,0.0,0.0
2024-08-09 00:00:00+09:00,1404.0,1409.0,1377.0,1397.0,3800,0.0,0.0
2024-08-13 00:00:00+09:00,1427.0,1458.0,1427.0,1458.0,2900,0.0,0.0
2024-08-14 00:00:00+09:00,1453.0,1479.0,1440.0,1479.0,2300,0.0,0.0
2024-08-15 00:00:00+09:00,1479.0,1515.0,1479.0,1495.0,3200,0.0,0.0
2024-08-16 00:00:00+09:00,1522.0,1577.0,1522.0,1577.0,900,0.0,0.0
2024-08-19 00:00:00+09:00,1569.0,1569.0,1563.0,1563.0,300,0.0,0.0
2024-08-20 00:00:00+09:00,1582.0,1582.0,1582.0,1582.0,700,0.0,0.0
2024-08-21 00:00:00+09:00,1588.0,1600.0,1570.0,1596.0,2600,0.0,0.0
2024-08-22 00:00:00+09:00,1596.0,1600.0,1596.0,1600.0,800,0.0,0.0
2024-08-23 00:00:00+09:00,1617.0,1640.0,1600.0,1640.0,2900,0.0,0.0
2024-08-26 00:00:00+09:00,1640.0,1645.0,1590.0,1615.0,3700,0.0,0.0
2024-08-27 00:00:00+09:00,1644.0,1644.0,1607.0,1643.0,800,0.0,0.0
2024-08-28 00:00:00+09:00,1646.0,1668.0,1625.0,1668.0,2400,0.0,0.0
2024-08-29 00:00:00+09:00,1669.0,1679.0,1642.0,1658.0,4000,0.0,0.0
2024-08-30 00:00:00+09:00,1646.0,1646.0,1575.0,1614.0,3000,0.0,0.0
2024-09-02 00:00:00+09:00,1614.0,1631.0,1600.0,1631.0,2800,0.0,0.0
2024-09-05 00:00:00+09:00,1551.0,1600.0,1525.0,1600.0,900,0.0,0.0
2024-09-06 00:00:00+09:00,1552.0,1587.0,1540.0,1587.0,700,0.0,0.0
