Date,Open,High,Low,Close,Volume,Dividends,Stock Splits
2000-01-04 00:00:00+09:00,942.4982299804688,1229.3455173658288,942.4982299804688,942.4982299804688,0,0.0,0.0
2000-01-05 00:00:00+09:00,942.4982299804688,1393.258253014606,942.4982299804688,942.4982299804688,0,0.0,0.0
2000-01-06 00:00:00+09:00,942.4982299804688,942.4982299804688,942.4982299804688,942.4982299804688,0,0.0,0.0
2000-01-07 00:00:00+09:00,983.4763793945312,1311.3018391927083,983.4763793945312,983.4763793945312,0,0.0,0.0
2000-01-10 00:00:00+09:00,983.4763793945312,983.4763793945312,983.4763793945312,983.4763793945312,0,0.0,0.0
2000-01-11 00:00:00+09:00,983.4763793945312,983.4763793945312,983.4763793945312,983.4763793945312,0,0.0,0.0
2000-01-12 00:00:00+09:00,942.4982299804688,942.4982299804688,942.4982299804688,942.4982299804688,1200,0.0,0.0
2000-01-13 00:00:00+09:00,942.4982299804688,942.4982299804688,942.4982299804688,942.4982299804688,0,0.0,0.0
2000-01-14 00:00:00+09:00,942.4982299804688,942.4982299804688,942.4982299804688,942.4982299804688,0,0.0,0.0
2000-01-17 00:00:00+09:00,942.4982299804688,942.4982299804688,942.4982299804688,942.4982299804688,0,0.0,0.0
2000-01-18 00:00:00+09:00,905.6179809570312,905.6179809570312,905.6179809570312,905.6179809570312,1400,0.0,0.0
2000-01-19 00:00:00+09:00,905.6179788208008,905.6179788208008,819.5637817382812,819.5637817382812,2200,0.0,0.0
2000-01-20 00:00:00+09:00,819.5637394831731,819.5637394831731,799.0746459960938,799.0746459960938,1400,0.0,0.0
2000-01-21 00:00:00+09:00,799.0746459960938,799.0746459960938,799.0746459960938,799.0746459960938,0,0.0,0.0
2000-01-24 00:00:00+09:00,799.0746459960938,799.0746459960938,799.0746459960938,799.0746459960938,0,0.0,0.0
2000-01-25 00:00:00+09:00,799.0746459960938,799.0746459960938,799.0746459960938,799.0746459960938,0,0.0,0.0
2000-01-26 00:00:00+09:00,799.0746459960938,799.0746459960938,799.0746459960938,799.0746459960938,0,0.0,0.0
2000-01-27 00:00:00+09:00,799.0746459960938,799.0746459960938,799.0746459960938,799.0746459960938,0,0.0,0.0
2000-01-28 00:00:00+09:00,799.0746459960938,799.0746459960938,799.0746459960938,799.0746459960938,0,0.0,0.0
2000-01-31 00:00:00+09:00,799.0746459960938,799.0746459960938,799.0746459960938,799.0746459960938,0,0.0,0.0
2000-02-01 00:00:00+09:00,786.7811889648438,786.7811889648438,786.7811889648438,786.7811889648438,200,0.0,0.0
2000-02-02 00:00:00+09:00,786.7811889648438,786.7811889648438,786.7811889648438,786.7811889648438,0,0.0,0.0
2000-02-03 00:00:00+09:00,786.7811889648438,786.7811889648438,786.7811889648438,786.7811889648438,0,0.0,0.0
2000-02-04 00:00:00+09:00,786.7811889648438,786.7811889648438,786.7811889648438,786.7811889648438,0,0.0,0.0
2000-02-07 00:00:00+09:00,786.7811889648438,786.7811889648438,786.7811889648438,786.7811889648438,0,0.0,0.0
2000-02-08 00:00:00+09:00,786.7811889648438,786.7811889648438,786.7811889648438,786.7811889648438,0,0.0,0.0
2000-02-09 00:00:00+09:00,778.5855102539062,778.5855102539062,778.5855102539062,778.5855102539062,200,0.0,0.0
2000-02-10 00:00:00+09:00,778.5855102539062,778.5855102539062,778.5855102539062,778.5855102539062,200,0.0,0.0
2000-02-11 00:00:00+09:00,778.5855102539062,778.5855102539062,778.5855102539062,778.5855102539062,0,0.0,0.0
2000-02-14 00:00:00+09:00,778.5855102539062,778.5855102539062,778.5855102539062,778.5855102539062,800,0.0,0.0
2000-02-15 00:00:00+09:00,778.5855102539062,778.5855102539062,778.5855102539062,778.5855102539062,0,0.0,0.0
2000-02-16 00:00:00+09:00,778.5855102539062,778.5855102539062,778.5855102539062,778.5855102539062,0,0.0,0.0
2000-02-17 00:00:00+09:00,778.5855102539062,778.5855102539062,778.5855102539062,778.5855102539062,0,0.0,0.0
2000-02-18 00:00:00+09:00,778.5855102539062,778.5855102539062,778.5855102539062,778.5855102539062,0,0.0,0.0
2000-02-21 00:00:00+09:00,778.5855102539062,778.5855102539062,778.5855102539062,778.5855102539062,1600,0.0,0.0
2000-02-22 00:00:00+09:00,778.5855102539062,778.5855102539062,778.5855102539062,778.5855102539062,0,0.0,0.0
2000-02-23 00:00:00+09:00,778.5855102539062,778.5855102539062,778.5855102539062,778.5855102539062,0,0.0,0.0
2000-02-24 00:00:00+09:00,778.5855102539062,778.5855102539062,778.5855102539062,778.5855102539062,0,0.0,0.0
2000-02-25 00:00:00+09:00,778.5855102539062,778.5855102539062,778.5855102539062,778.5855102539062,0,0.0,0.0
2000-02-28 00:00:00+09:00,778.5855102539062,778.5855102539062,778.5855102539062,778.5855102539062,0,0.0,0.0
2000-02-29 00:00:00+09:00,778.5855102539062,778.5855102539062,778.5855102539062,778.5855102539062,0,0.0,0.0
2000-03-01 00:00:00+09:00,778.5855102539062,778.5855102539062,778.5855102539062,778.5855102539062,600,0.0,0.0
2000-03-02 00:00:00+09:00,778.5855102539062,778.5855102539062,778.5855102539062,778.5855102539062,0,0.0,0.0
2000-03-03 00:00:00+09:00,803.1725463867188,803.1725463867188,803.1725463867188,803.1725463867188,400,0.0,0.0
2000-03-06 00:00:00+09:00,799.0746459960938,799.0746459960938,799.0746459960938,799.0746459960938,200,0.0,0.0
2000-03-07 00:00:00+09:00,799.0746459960938,799.0746459960938,799.0746459960938,799.0746459960938,0,0.0,0.0
2000-03-08 00:00:00+09:00,799.0746459960938,799.0746459960938,799.0746459960938,799.0746459960938,0,0.0,0.0
2000-03-09 00:00:00+09:00,741.7052203130455,741.7052203130455,733.5095825195312,733.5095825195312,400,0.0,0.0
2000-03-10 00:00:00+09:00,733.5095825195312,733.5095825195312,733.5095825195312,733.5095825195312,0,0.0,0.0
2000-03-13 00:00:00+09:00,737.6074014162884,737.6074014162884,733.5095825195312,733.5095825195312,1400,0.0,0.0
2000-03-14 00:00:00+09:00,733.5095825195312,733.5095825195312,733.5095825195312,733.5095825195312,1600,0.0,0.0
2000-03-15 00:00:00+09:00,721.2158813476562,721.2158813476562,721.2158813476562,721.2158813476562,200,0.0,0.0
2000-03-16 00:00:00+09:00,721.2158813476562,721.2158813476562,721.2158813476562,721.2158813476562,0,0.0,0.0
2000-03-17 00:00:00+09:00,729.4116821289062,729.4116821289062,729.4116821289062,729.4116821289062,400,0.0,0.0
2000-03-20 00:00:00+09:00,729.4116821289062,729.4116821289062,729.4116821289062,729.4116821289062,0,0.0,0.0
2000-03-21 00:00:00+09:00,729.4116821289062,729.4116821289062,729.4116821289062,729.4116821289062,600,0.0,0.0
2000-03-22 00:00:00+09:00,729.4116821289062,729.4116821289062,729.4116821289062,729.4116821289062,0,0.0,0.0
2000-03-23 00:00:00+09:00,729.4116821289062,729.4116821289062,729.4116821289062,729.4116821289062,0,0.0,0.0
2000-03-24 00:00:00+09:00,729.4116821289062,729.4116821289062,729.4116821289062,729.4116821289062,0,0.0,0.0
2000-03-27 00:00:00+09:00,729.4116821289062,729.4116821289062,729.4116821289062,729.4116821289062,0,0.0,0.0
2000-03-28 00:00:00+09:00,729.4116821289062,729.4116821289062,729.4116821289062,729.4116821289062,0,0.0,0.0
2000-03-29 00:00:00+09:00,729.4116821289062,729.4116821289062,729.4116821289062,729.4116821289062,0,0.0,0.0
2000-03-30 00:00:00+09:00,729.4116821289062,729.4116821289062,729.4116821289062,729.4116821289062,0,0.0,0.0
2000-03-31 00:00:00+09:00,729.4116821289062,729.4116821289062,729.4116821289062,729.4116821289062,0,0.0,0.0
2000-04-03 00:00:00+09:00,729.4116821289062,729.4116821289062,729.4116821289062,729.4116821289062,0,0.0,0.0
2000-04-04 00:00:00+09:00,729.4116821289062,729.4116821289062,729.4116821289062,729.4116821289062,0,0.0,0.0
2000-04-05 00:00:00+09:00,729.4116821289062,729.4116821289062,729.4116821289062,729.4116821289062,0,0.0,0.0
2000-04-06 00:00:00+09:00,729.4116821289062,729.4116821289062,729.4116821289062,729.4116821289062,0,0.0,0.0
2000-04-07 00:00:00+09:00,729.4116821289062,729.4116821289062,729.4116821289062,729.4116821289062,0,0.0,0.0
2000-04-10 00:00:00+09:00,729.4116821289062,729.4116821289062,729.4116821289062,729.4116821289062,0,0.0,0.0
2000-04-11 00:00:00+09:00,729.4116821289062,729.4116821289062,729.4116821289062,729.4116821289062,0,0.0,0.0
2000-04-12 00:00:00+09:00,737.6073190067591,737.6073190067591,729.4116821289062,729.4116821289062,400,0.0,0.0
2000-04-13 00:00:00+09:00,729.4116821289062,729.4116821289062,729.4116821289062,729.4116821289062,0,0.0,0.0
2000-04-14 00:00:00+09:00,729.4116821289062,729.4116821289062,729.4116821289062,729.4116821289062,0,0.0,0.0
2000-04-17 00:00:00+09:00,729.4116821289062,729.4116821289062,729.4116821289062,729.4116821289062,0,0.0,0.0
2000-04-18 00:00:00+09:00,729.4116821289062,729.4116821289062,729.4116821289062,729.4116821289062,0,0.0,0.0
2000-04-19 00:00:00+09:00,729.4116821289062,729.4116821289062,729.4116821289062,729.4116821289062,0,0.0,0.0
2000-04-20 00:00:00+09:00,745.8029174804688,745.8029174804688,745.8029174804688,745.8029174804688,200,0.0,0.0
2000-04-21 00:00:00+09:00,840.0526885986328,1352.2799377441406,840.0526885986328,901.5199584960938,7800,0.0,0.0
2000-04-24 00:00:00+09:00,983.47640625,1024.45458984375,983.47640625,1024.45458984375,400,0.0,0.0
2000-04-25 00:00:00+09:00,1010.0256093343098,1010.0256093343098,989.412841796875,989.412841796875,400,7.5,0.0
2000-04-26 00:00:00+09:00,989.412841796875,989.412841796875,989.412841796875,989.412841796875,0,0.0,0.0
2000-04-27 00:00:00+09:00,948.1874159071181,948.1874159071181,927.5746459960938,927.5746459960938,400,0.0,0.0
2000-04-28 00:00:00+09:00,927.5746459960938,927.5746459960938,927.5746459960938,927.5746459960938,0,0.0,0.0
2000-05-01 00:00:00+09:00,927.5746459960938,927.5746459960938,927.5746459960938,927.5746459960938,0,0.0,0.0
2000-05-02 00:00:00+09:00,865.736328125,865.736328125,865.736328125,865.736328125,200,0.0,0.0
2000-05-03 00:00:00+09:00,865.736328125,865.736328125,865.736328125,865.736328125,0,0.0,0.0
2000-05-04 00:00:00+09:00,865.736328125,865.736328125,865.736328125,865.736328125,0,0.0,0.0
2000-05-05 00:00:00+09:00,865.736328125,865.736328125,865.736328125,865.736328125,0,0.0,0.0
2000-05-08 00:00:00+09:00,865.736328125,865.736328125,865.736328125,865.736328125,0,0.0,0.0
2000-05-09 00:00:00+09:00,865.736328125,865.736328125,865.736328125,865.736328125,0,0.0,0.0
2000-05-10 00:00:00+09:00,865.736328125,865.736328125,865.736328125,865.736328125,0,0.0,0.0
2000-05-11 00:00:00+09:00,865.7363725142045,906.9619140625,865.7363725142045,906.9619140625,1000,0.0,0.0
2000-05-12 00:00:00+09:00,906.9619140625,906.9619140625,906.9619140625,906.9619140625,200,0.0,0.0
2000-05-15 00:00:00+09:00,906.9619140625,906.9619140625,906.9619140625,906.9619140625,0,0.0,0.0
2000-05-16 00:00:00+09:00,906.9619140625,906.9619140625,906.9619140625,906.9619140625,0,0.0,0.0
2000-05-17 00:00:00+09:00,906.9619140625,906.9619140625,906.9619140625,906.9619140625,200,0.0,0.0
2000-05-18 00:00:00+09:00,906.9619140625,906.9619140625,906.9619140625,906.9619140625,0,0.0,0.0
2000-05-19 00:00:00+09:00,906.9619140625,906.9619140625,906.9619140625,906.9619140625,0,0.0,0.0
2000-05-22 00:00:00+09:00,948.1873967097356,1092.476783165565,906.9618577223557,1071.864013671875,3200,0.0,0.0
2000-05-23 00:00:00+09:00,989.412841796875,989.412841796875,989.412841796875,989.412841796875,200,0.0,0.0
2000-05-24 00:00:00+09:00,906.9619140625,906.9619140625,906.9619140625,906.9619140625,200,0.0,0.0
2000-05-25 00:00:00+09:00,906.9619140625,906.9619140625,906.9619140625,906.9619140625,600,0.0,0.0
2000-05-26 00:00:00+09:00,906.9619140625,906.9619140625,906.9619140625,906.9619140625,0,0.0,0.0
2000-05-29 00:00:00+09:00,906.9619140625,906.9619140625,906.9619140625,906.9619140625,0,0.0,0.0
2000-05-30 00:00:00+09:00,906.9619140625,906.9619140625,906.9619140625,906.9619140625,0,0.0,0.0
2000-05-31 00:00:00+09:00,906.9619140625,906.9619140625,906.9619140625,906.9619140625,0,0.0,0.0
2000-06-01 00:00:00+09:00,906.9619140625,906.9619140625,906.9619140625,906.9619140625,0,0.0,0.0
2000-06-02 00:00:00+09:00,906.9619140625,906.9619140625,906.9619140625,906.9619140625,0,0.0,0.0
2000-06-05 00:00:00+09:00,906.9619140625,906.9619140625,906.9619140625,906.9619140625,400,0.0,0.0
2000-06-06 00:00:00+09:00,906.9619140625,906.9619140625,906.9619140625,906.9619140625,0,0.0,0.0
2000-06-07 00:00:00+09:00,906.9619140625,906.9619140625,906.9619140625,906.9619140625,0,0.0,0.0
2000-06-08 00:00:00+09:00,906.9619140625,906.9619140625,906.9619140625,906.9619140625,0,0.0,0.0
2000-06-09 00:00:00+09:00,865.736328125,865.736328125,865.736328125,865.736328125,400,0.0,0.0
2000-06-12 00:00:00+09:00,865.736328125,865.736328125,865.736328125,865.736328125,0,0.0,0.0
2000-06-13 00:00:00+09:00,886.34912109375,886.34912109375,886.34912109375,886.34912109375,1000,0.0,0.0
2000-06-14 00:00:00+09:00,865.736328125,865.736328125,865.736328125,865.736328125,400,0.0,0.0
2000-06-15 00:00:00+09:00,886.34912109375,886.34912109375,886.34912109375,886.34912109375,200,0.0,0.0
2000-06-16 00:00:00+09:00,886.34912109375,886.34912109375,886.34912109375,886.34912109375,0,0.0,0.0
2000-06-19 00:00:00+09:00,886.34912109375,886.34912109375,886.34912109375,886.34912109375,0,0.0,0.0
2000-06-20 00:00:00+09:00,927.5746848366476,927.5746848366476,906.9619140625,906.9619140625,1800,0.0,0.0
2000-06-21 00:00:00+09:00,906.9619140625,906.9619140625,906.9619140625,906.9619140625,0,0.0,0.0
2000-06-22 00:00:00+09:00,927.5746459960938,927.5746459960938,927.5746459960938,927.5746459960938,400,0.0,0.0
2000-06-23 00:00:00+09:00,906.9618760850694,927.5746459960938,906.9618760850694,927.5746459960938,400,0.0,0.0
2000-06-26 00:00:00+09:00,948.1873168945312,948.1873168945312,948.1873168945312,948.1873168945312,200,0.0,0.0
2000-06-27 00:00:00+09:00,948.1873168945312,948.1873168945312,948.1873168945312,948.1873168945312,400,0.0,0.0
2000-06-28 00:00:00+09:00,927.5746459960938,927.5746459960938,927.5746459960938,927.5746459960938,200,0.0,0.0
2000-06-29 00:00:00+09:00,927.5746459960938,927.5746459960938,927.5746459960938,927.5746459960938,0,0.0,0.0
2000-06-30 00:00:00+09:00,948.1873168945312,948.1873168945312,948.1873168945312,948.1873168945312,200,0.0,0.0
2000-07-03 00:00:00+09:00,968.7998657226562,968.7998657226562,968.7998657226562,968.7998657226562,200,0.0,0.0
2000-07-04 00:00:00+09:00,968.7998657226562,968.7998657226562,968.7998657226562,968.7998657226562,0,0.0,0.0
2000-07-05 00:00:00+09:00,989.412841796875,989.412841796875,989.412841796875,989.412841796875,200,0.0,0.0
2000-07-06 00:00:00+09:00,989.412841796875,989.412841796875,989.412841796875,989.412841796875,0,0.0,0.0
2000-07-07 00:00:00+09:00,989.412841796875,989.412841796875,989.412841796875,989.412841796875,0,0.0,0.0
2000-07-10 00:00:00+09:00,989.412841796875,989.412841796875,989.412841796875,989.412841796875,0,0.0,0.0
2000-07-11 00:00:00+09:00,989.412841796875,989.412841796875,927.5745391845703,989.412841796875,5600,0.0,0.0
2000-07-12 00:00:00+09:00,1010.0253919236204,1010.0253919236204,968.7998657226562,968.7998657226562,800,0.0,0.0
2000-07-13 00:00:00+09:00,968.7998657226562,968.7998657226562,968.7998657226562,968.7998657226562,200,0.0,0.0
2000-07-14 00:00:00+09:00,968.7998657226562,968.7998657226562,968.7998657226562,968.7998657226562,0,0.0,0.0
2000-07-17 00:00:00+09:00,968.7998657226562,968.7998657226562,968.7998657226562,968.7998657226562,0,0.0,0.0
2000-07-18 00:00:00+09:00,989.4132421875,1051.2515698242187,968.8004663085937,1030.6387939453125,4400,0.0,0.0
2000-07-19 00:00:00+09:00,989.4132421875,1051.2515698242187,968.8004663085937,1030.6387939453125,4400,0.0,0.0
2000-07-20 00:00:00+09:00,1030.6387939453125,1030.6387939453125,1030.6387939453125,1030.6387939453125,0,0.0,0.0
2000-07-21 00:00:00+09:00,1030.6387939453125,1030.6387939453125,1030.6387939453125,1030.6387939453125,0,0.0,0.0
2000-07-24 00:00:00+09:00,1030.6387939453125,1030.6387939453125,1030.6387939453125,1030.6387939453125,600,0.0,0.0
2000-07-25 00:00:00+09:00,1030.6387939453125,1030.6387939453125,1030.6387939453125,1030.6387939453125,600,0.0,0.0
2000-07-26 00:00:00+09:00,1030.6387939453125,1030.6387939453125,1030.6387939453125,1030.6387939453125,0,0.0,0.0
2000-07-27 00:00:00+09:00,1030.6387939453125,1030.6387939453125,1030.6387939453125,1030.6387939453125,0,0.0,0.0
2000-07-28 00:00:00+09:00,1030.6387939453125,1030.6387939453125,1030.6387939453125,1030.6387939453125,0,0.0,0.0
2000-07-31 00:00:00+09:00,1030.6387939453125,1030.6387939453125,1030.6387939453125,1030.6387939453125,0,0.0,0.0
2000-08-01 00:00:00+09:00,1030.6387939453125,1030.6387939453125,1030.6387939453125,1030.6387939453125,200,0.0,0.0
2000-08-02 00:00:00+09:00,1030.638465102838,1030.638465102838,1010.0256958007812,1010.0256958007812,600,0.0,0.0
2000-08-03 00:00:00+09:00,1071.8641764322917,1236.766357421875,1071.8641764322917,1113.0897216796875,7400,0.0,0.0
2000-08-04 00:00:00+09:00,1071.8641764322917,1113.0897216796875,1071.8641764322917,1113.0897216796875,400,0.0,0.0
2000-08-07 00:00:00+09:00,1092.4766845703125,1092.4766845703125,1092.4766845703125,1092.4766845703125,200,0.0,0.0
2000-08-08 00:00:00+09:00,1092.4766845703125,1092.4766845703125,1092.4766845703125,1092.4766845703125,0,0.0,0.0
2000-08-09 00:00:00+09:00,1092.4766845703125,1092.4766845703125,1092.4766845703125,1092.4766845703125,0,0.0,0.0
2000-08-10 00:00:00+09:00,1092.4766845703125,1092.4766845703125,1092.4766845703125,1092.4766845703125,0,0.0,0.0
2000-08-11 00:00:00+09:00,1133.7024557179418,1236.7663153286637,1133.7024557179418,1195.540771484375,1600,0.0,0.0
2000-08-14 00:00:00+09:00,1195.540771484375,1195.540771484375,1195.540771484375,1195.540771484375,0,0.0,0.0
2000-08-15 00:00:00+09:00,1216.153076171875,1216.153076171875,1195.540312168962,1216.153076171875,1200,0.0,0.0
2000-08-16 00:00:00+09:00,1195.5405016447369,1195.5405016447369,1174.927734375,1174.927734375,1800,0.0,0.0
2000-08-17 00:00:00+09:00,1174.927734375,1174.927734375,1174.927734375,1174.927734375,0,0.0,0.0
2000-08-18 00:00:00+09:00,1174.927734375,1174.927734375,1174.927734375,1174.927734375,0,0.0,0.0
2000-08-21 00:00:00+09:00,1195.5405016447369,1195.5405016447369,1174.927734375,1174.927734375,1400,0.0,0.0
2000-08-22 00:00:00+09:00,1154.3150634765625,1154.3150634765625,1154.3150634765625,1154.3150634765625,400,0.0,0.0
2000-08-23 00:00:00+09:00,1154.3150634765625,1154.3150634765625,1154.3150634765625,1154.3150634765625,0,0.0,0.0
2000-08-24 00:00:00+09:00,1154.3150634765625,1154.3150634765625,1154.3150634765625,1154.3150634765625,0,0.0,0.0
2000-08-25 00:00:00+09:00,1154.3150634765625,1154.3150634765625,1154.3150634765625,1154.3150634765625,0,0.0,0.0
2000-08-28 00:00:00+09:00,1154.3150634765625,1154.3150634765625,1154.3150634765625,1154.3150634765625,0,0.0,0.0
2000-08-29 00:00:00+09:00,1154.3150634765625,1154.3150634765625,1154.3150634765625,1154.3150634765625,0,0.0,0.0
2000-08-30 00:00:00+09:00,1154.3150634765625,1154.3150634765625,1154.3150634765625,1154.3150634765625,0,0.0,0.0
2000-08-31 00:00:00+09:00,1154.3150634765625,1154.3150634765625,1154.3150634765625,1154.3150634765625,20000,0.0,0.0
2000-09-01 00:00:00+09:00,1154.3150634765625,1154.3150634765625,1154.3150634765625,1154.3150634765625,200,0.0,0.0
2000-09-04 00:00:00+09:00,1154.3150634765625,1154.3150634765625,1154.3150634765625,1154.3150634765625,0,0.0,0.0
2000-09-05 00:00:00+09:00,1154.3150634765625,1154.3150634765625,1154.3150634765625,1154.3150634765625,0,0.0,0.0
2000-09-06 00:00:00+09:00,1154.3150634765625,1154.3150634765625,1154.3150634765625,1154.3150634765625,0,0.0,0.0
2000-09-07 00:00:00+09:00,1154.3150634765625,1154.3150634765625,1154.3150634765625,1154.3150634765625,0,0.0,0.0
2000-09-08 00:00:00+09:00,1195.540771484375,1195.540771484375,1195.540771484375,1195.540771484375,1000,0.0,0.0
2000-09-11 00:00:00+09:00,1154.3150634765625,1154.3150634765625,1154.3150634765625,1154.3150634765625,200,0.0,0.0
2000-09-12 00:00:00+09:00,1133.7024557179418,1195.540771484375,1133.7024557179418,1195.540771484375,1400,0.0,0.0
2000-09-13 00:00:00+09:00,1195.540771484375,1195.540771484375,1195.540771484375,1195.540771484375,0,0.0,0.0
2000-09-14 00:00:00+09:00,1195.540771484375,1195.540771484375,1195.540771484375,1195.540771484375,0,0.0,0.0
2000-09-15 00:00:00+09:00,1195.540771484375,1195.540771484375,1195.540771484375,1195.540771484375,0,0.0,0.0
2000-09-18 00:00:00+09:00,1195.540771484375,1195.540771484375,1195.540771484375,1195.540771484375,0,0.0,0.0
2000-09-19 00:00:00+09:00,1195.540771484375,1195.540771484375,1195.540771484375,1195.540771484375,0,0.0,0.0
2000-09-20 00:00:00+09:00,1174.927734375,1174.927734375,1174.927734375,1174.927734375,1200,0.0,0.0
2000-09-21 00:00:00+09:00,1174.927734375,1174.927734375,1174.927734375,1174.927734375,0,0.0,0.0
2000-09-22 00:00:00+09:00,1174.927734375,1174.927734375,1174.927734375,1174.927734375,0,0.0,0.0
2000-09-25 00:00:00+09:00,1174.927734375,1174.927734375,1174.927734375,1174.927734375,0,0.0,0.0
2000-09-26 00:00:00+09:00,1174.927734375,1174.927734375,1174.927734375,1174.927734375,0,0.0,0.0
2000-09-27 00:00:00+09:00,1174.927734375,1174.927734375,1174.927734375,1174.927734375,0,0.0,0.0
2000-09-28 00:00:00+09:00,1174.927734375,1174.927734375,1174.927734375,1174.927734375,0,0.0,0.0
2000-09-29 00:00:00+09:00,1174.927734375,1174.927734375,1174.927734375,1174.927734375,0,0.0,0.0
2000-10-02 00:00:00+09:00,1174.927734375,1174.927734375,1174.927734375,1174.927734375,0,0.0,0.0
2000-10-03 00:00:00+09:00,1174.927734375,1174.927734375,1174.927734375,1174.927734375,0,0.0,0.0
2000-10-04 00:00:00+09:00,1174.927734375,1174.927734375,1174.927734375,1174.927734375,0,0.0,0.0
2000-10-05 00:00:00+09:00,1174.927734375,1174.927734375,1174.927734375,1174.927734375,0,0.0,0.0
2000-10-06 00:00:00+09:00,1174.927734375,1174.927734375,1174.927734375,1174.927734375,0,0.0,0.0
2000-10-09 00:00:00+09:00,1174.927734375,1174.927734375,1174.927734375,1174.927734375,0,0.0,0.0
2000-10-10 00:00:00+09:00,1174.927734375,1174.927734375,1174.927734375,1174.927734375,0,0.0,0.0
2000-10-11 00:00:00+09:00,1154.3150390624999,1154.3150390624999,1133.7022705078125,1133.7022705078125,1800,0.0,0.0
2000-10-12 00:00:00+09:00,1133.7022705078125,1133.7022705078125,1133.7022705078125,1133.7022705078125,0,0.0,0.0
2000-10-13 00:00:00+09:00,1133.7022705078125,1133.7022705078125,1133.7022705078125,1133.7022705078125,0,0.0,0.0
2000-10-16 00:00:00+09:00,1133.7022705078125,1133.7022705078125,1133.7022705078125,1133.7022705078125,0,0.0,0.0
2000-10-17 00:00:00+09:00,1133.7022705078125,1133.7022705078125,1133.7022705078125,1133.7022705078125,0,0.0,0.0
2000-10-18 00:00:00+09:00,1133.7022705078125,1133.7022705078125,1133.7022705078125,1133.7022705078125,0,0.0,0.0
2000-10-19 00:00:00+09:00,1133.7022705078125,1133.7022705078125,1133.7022705078125,1133.7022705078125,0,0.0,0.0
2000-10-20 00:00:00+09:00,1174.927734375,1174.927734375,1174.927734375,1174.927734375,1000,0.0,0.0
2000-10-23 00:00:00+09:00,1174.927734375,1174.927734375,1174.927734375,1174.927734375,0,0.0,0.0
2000-10-24 00:00:00+09:00,1174.927734375,1174.927734375,1174.927734375,1174.927734375,0,0.0,0.0
2000-10-25 00:00:00+09:00,1174.927734375,1174.927734375,1174.927734375,1174.927734375,0,0.0,0.0
2000-10-26 00:00:00+09:00,1174.927734375,1174.927734375,1174.927734375,1174.927734375,0,0.0,0.0
2000-10-27 00:00:00+09:00,1174.927734375,1174.927734375,1174.927734375,1174.927734375,0,0.0,0.0
2000-10-30 00:00:00+09:00,1174.927734375,1174.927734375,1174.927734375,1174.927734375,0,0.0,0.0
2000-10-31 00:00:00+09:00,1174.927734375,1174.927734375,1174.927734375,1174.927734375,0,0.0,0.0
2000-11-01 00:00:00+09:00,1174.927734375,1174.927734375,1174.927734375,1174.927734375,0,0.0,0.0
2000-11-02 00:00:00+09:00,1174.927734375,1174.927734375,1174.927734375,1174.927734375,0,0.0,0.0
2000-11-03 00:00:00+09:00,1174.927734375,1174.927734375,1174.927734375,1174.927734375,0,0.0,0.0
2000-11-06 00:00:00+09:00,1174.927734375,1174.927734375,1174.927734375,1174.927734375,0,0.0,0.0
2000-11-07 00:00:00+09:00,1174.927734375,1174.927734375,1174.927734375,1174.927734375,0,0.0,0.0
2000-11-08 00:00:00+09:00,1174.927734375,1174.927734375,1174.927734375,1174.927734375,0,0.0,0.0
2000-11-09 00:00:00+09:00,1154.3150390624999,1154.3150390624999,1133.7022705078125,1133.7022705078125,1600,0.0,0.0
2000-11-10 00:00:00+09:00,1113.0894522037147,1113.0894522037147,1092.4766845703125,1092.4766845703125,400,0.0,0.0
2000-11-13 00:00:00+09:00,1051.2515698242187,1051.2515698242187,1030.6387939453125,1030.6387939453125,1400,0.0,0.0
2000-11-14 00:00:00+09:00,1030.6387939453125,1030.6387939453125,1030.6387939453125,1030.6387939453125,0,0.0,0.0
2000-11-15 00:00:00+09:00,1030.6387939453125,1030.6387939453125,1030.6387939453125,1030.6387939453125,0,0.0,0.0
2000-11-16 00:00:00+09:00,1030.6387939453125,1030.6387939453125,1030.6387939453125,1030.6387939453125,0,0.0,0.0
2000-11-17 00:00:00+09:00,1030.6387939453125,1030.6387939453125,1030.6387939453125,1030.6387939453125,0,0.0,0.0
2000-11-20 00:00:00+09:00,968.8001858181424,968.8001858181424,927.5746459960938,927.5746459960938,1400,0.0,0.0
2000-11-21 00:00:00+09:00,927.5746459960938,927.5746459960938,927.5746459960938,927.5746459960938,0,0.0,0.0
2000-11-22 00:00:00+09:00,927.5746459960938,927.5746459960938,927.5746459960938,927.5746459960938,0,0.0,0.0
2000-11-23 00:00:00+09:00,927.5746459960938,927.5746459960938,927.5746459960938,927.5746459960938,0,0.0,0.0
2000-11-24 00:00:00+09:00,927.5746459960938,927.5746459960938,927.5746459960938,927.5746459960938,0,0.0,0.0
2000-11-27 00:00:00+09:00,927.5746459960938,927.5746459960938,927.5746459960938,927.5746459960938,0,0.0,0.0
2000-11-28 00:00:00+09:00,927.5746459960938,927.5746459960938,927.5746459960938,927.5746459960938,0,0.0,0.0
2000-11-29 00:00:00+09:00,927.5746459960938,927.5746459960938,927.5746459960938,927.5746459960938,1800,0.0,0.0
2000-11-30 00:00:00+09:00,927.5746459960938,927.5746459960938,927.5746459960938,927.5746459960938,200,0.0,0.0
2000-12-01 00:00:00+09:00,927.5746459960938,927.5746459960938,927.5746459960938,927.5746459960938,0,0.0,0.0
2000-12-04 00:00:00+09:00,927.5746459960938,927.5746459960938,927.5746459960938,927.5746459960938,0,0.0,0.0
2000-12-05 00:00:00+09:00,927.5746459960938,927.5746459960938,927.5746459960938,927.5746459960938,0,0.0,0.0
2000-12-06 00:00:00+09:00,927.5746459960938,927.5746459960938,927.5746459960938,927.5746459960938,0,0.0,0.0
2000-12-07 00:00:00+09:00,906.9619140625,906.9619140625,906.9619140625,906.9619140625,200,0.0,0.0
2000-12-08 00:00:00+09:00,906.9619140625,906.9619140625,906.9619140625,906.9619140625,0,0.0,0.0
2000-12-11 00:00:00+09:00,906.9619140625,906.9619140625,906.9619140625,906.9619140625,0,0.0,0.0
2000-12-12 00:00:00+09:00,906.9615764212101,968.7998657226562,906.9615764212101,968.7998657226562,800,0.0,0.0
2000-12-13 00:00:00+09:00,968.7998657226562,968.7998657226562,968.7998657226562,968.7998657226562,0,0.0,0.0
2000-12-14 00:00:00+09:00,968.7998657226562,968.7998657226562,968.7998657226562,968.7998657226562,0,0.0,0.0
2000-12-15 00:00:00+09:00,968.7998657226562,968.7998657226562,968.7998657226562,968.7998657226562,0,0.0,0.0
2000-12-18 00:00:00+09:00,948.1873067220051,989.412841796875,948.1873067220051,989.412841796875,2200,0.0,0.0
2000-12-19 00:00:00+09:00,989.412841796875,989.412841796875,989.412841796875,989.412841796875,1600,0.0,0.0
2000-12-20 00:00:00+09:00,1071.864013671875,1133.7023221529446,1030.6384746844951,1071.864013671875,1600,0.0,0.0
2000-12-21 00:00:00+09:00,1071.864013671875,1071.864013671875,1071.864013671875,1071.864013671875,0,0.0,0.0
2000-12-22 00:00:00+09:00,1092.4766845703125,1092.4766845703125,1092.4766845703125,1092.4766845703125,200,0.0,0.0
2000-12-25 00:00:00+09:00,1092.4766845703125,1092.4766845703125,1092.4766845703125,1092.4766845703125,0,0.0,0.0
2000-12-26 00:00:00+09:00,1092.4766845703125,1092.4766845703125,1092.4766845703125,1092.4766845703125,0,0.0,0.0
2000-12-27 00:00:00+09:00,1092.4766845703125,1092.4766845703125,1092.4766845703125,1092.4766845703125,0,0.0,0.0
2000-12-28 00:00:00+09:00,1092.4766845703125,1092.4766845703125,1092.4766845703125,1092.4766845703125,0,0.0,0.0
2000-12-29 00:00:00+09:00,1092.4766845703125,1092.4766845703125,1092.4766845703125,1092.4766845703125,0,0.0,0.0
2001-01-01 00:00:00+09:00,1092.4766845703125,1092.4766845703125,1092.4766845703125,1092.4766845703125,0,0.0,0.0
2001-01-02 00:00:00+09:00,1092.4766845703125,1092.4766845703125,1092.4766845703125,1092.4766845703125,0,0.0,0.0
2001-01-03 00:00:00+09:00,1092.4766845703125,1092.4766845703125,1092.4766845703125,1092.4766845703125,0,0.0,0.0
2001-01-04 00:00:00+09:00,1092.4766845703125,1092.4766845703125,1092.4766845703125,1092.4766845703125,0,0.0,0.0
2001-01-05 00:00:00+09:00,1092.4766845703125,1092.4766845703125,1092.4766845703125,1092.4766845703125,0,0.0,0.0
2001-01-08 00:00:00+09:00,1092.4766845703125,1092.4766845703125,1092.4766845703125,1092.4766845703125,0,0.0,0.0
2001-01-09 00:00:00+09:00,1092.4766845703125,1092.4766845703125,1092.4766845703125,1092.4766845703125,0,0.0,0.0
2001-01-10 00:00:00+09:00,1174.927734375,1174.927734375,1174.927734375,1174.927734375,200,0.0,0.0
2001-01-11 00:00:00+09:00,1174.927734375,1174.927734375,1174.927734375,1174.927734375,2000,0.0,0.0
2001-01-12 00:00:00+09:00,1195.5406014578684,1195.5406014578684,1154.3150634765625,1154.3150634765625,800,0.0,0.0
2001-01-15 00:00:00+09:00,1154.3150634765625,1154.3150634765625,1154.3150634765625,1154.3150634765625,200,0.0,0.0
2001-01-16 00:00:00+09:00,1154.3150634765625,1154.3150634765625,1154.3150634765625,1154.3150634765625,400,0.0,0.0
2001-01-17 00:00:00+09:00,1154.3150634765625,1154.3150634765625,1154.3150634765625,1154.3150634765625,0,0.0,0.0
2001-01-18 00:00:00+09:00,1133.7022705078125,1133.7022705078125,1133.7022705078125,1133.7022705078125,200,0.0,0.0
2001-01-19 00:00:00+09:00,1113.0894522037147,1113.0894522037147,1092.4766845703125,1092.4766845703125,1000,0.0,0.0
2001-01-22 00:00:00+09:00,1154.3152669270833,1154.3152669270833,1113.0897216796875,1113.0897216796875,1400,0.0,0.0
2001-01-23 00:00:00+09:00,1113.0897216796875,1113.0897216796875,1113.0897216796875,1113.0897216796875,0,0.0,0.0
2001-01-24 00:00:00+09:00,1113.0897216796875,1113.0897216796875,1113.0897216796875,1113.0897216796875,0,0.0,0.0
2001-01-25 00:00:00+09:00,1113.0897216796875,1113.0897216796875,1113.0897216796875,1113.0897216796875,0,0.0,0.0
2001-01-26 00:00:00+09:00,1113.0897216796875,1113.0897216796875,1113.0897216796875,1113.0897216796875,0,0.0,0.0
2001-01-29 00:00:00+09:00,1113.0897216796875,1113.0897216796875,1113.0897216796875,1113.0897216796875,0,0.0,0.0
2001-01-30 00:00:00+09:00,1113.0897216796875,1113.0897216796875,1113.0897216796875,1113.0897216796875,0,0.0,0.0
2001-01-31 00:00:00+09:00,1113.0897216796875,1113.0897216796875,1113.0897216796875,1113.0897216796875,0,0.0,0.0
2001-02-01 00:00:00+09:00,1113.0897216796875,1113.0897216796875,1113.0897216796875,1113.0897216796875,0,0.0,0.0
2001-02-02 00:00:00+09:00,1113.0897216796875,1113.0897216796875,1113.0897216796875,1113.0897216796875,0,0.0,0.0
2001-02-05 00:00:00+09:00,1113.0897216796875,1113.0897216796875,1113.0897216796875,1113.0897216796875,0,0.0,0.0
2001-02-06 00:00:00+09:00,1113.0897216796875,1113.0897216796875,1113.0897216796875,1113.0897216796875,0,0.0,0.0
2001-02-07 00:00:00+09:00,1113.0897216796875,1113.0897216796875,1113.0897216796875,1113.0897216796875,0,0.0,0.0
2001-02-08 00:00:00+09:00,1113.0897216796875,1113.0897216796875,1113.0897216796875,1113.0897216796875,0,0.0,0.0
2001-02-09 00:00:00+09:00,1113.0897216796875,1113.0897216796875,1113.0897216796875,1113.0897216796875,0,0.0,0.0
2001-02-12 00:00:00+09:00,1113.0897216796875,1113.0897216796875,1113.0897216796875,1113.0897216796875,0,0.0,0.0
2001-02-13 00:00:00+09:00,1113.0897216796875,1113.0897216796875,1113.0897216796875,1113.0897216796875,0,0.0,0.0
2001-02-14 00:00:00+09:00,1154.3150634765625,1154.3150634765625,1154.3150634765625,1154.3150634765625,400,0.0,0.0
2001-02-15 00:00:00+09:00,1133.7022705078125,1133.7022705078125,1133.7022705078125,1133.7022705078125,200,0.0,0.0
2001-02-16 00:00:00+09:00,1133.7022705078125,1133.7022705078125,1133.7022705078125,1133.7022705078125,0,0.0,0.0
2001-02-19 00:00:00+09:00,1133.7022705078125,1133.7022705078125,1133.7022705078125,1133.7022705078125,0,0.0,0.0
2001-02-20 00:00:00+09:00,1195.540312168962,1216.153076171875,1174.9275481660488,1216.153076171875,1400,0.0,0.0
2001-02-21 00:00:00+09:00,1216.153076171875,1216.153076171875,1216.153076171875,1216.153076171875,0,0.0,0.0
2001-02-22 00:00:00+09:00,1216.153076171875,1216.153076171875,1216.153076171875,1216.153076171875,0,0.0,0.0
2001-02-23 00:00:00+09:00,1216.153076171875,1216.153076171875,1216.153076171875,1216.153076171875,0,0.0,0.0
2001-02-26 00:00:00+09:00,1216.153076171875,1216.153076171875,1216.153076171875,1216.153076171875,0,0.0,0.0
2001-02-27 00:00:00+09:00,1216.153076171875,1216.153076171875,1216.153076171875,1216.153076171875,0,0.0,0.0
2001-02-28 00:00:00+09:00,1216.153076171875,1216.153076171875,1216.153076171875,1216.153076171875,0,0.0,0.0
2001-03-01 00:00:00+09:00,1216.153076171875,1216.153076171875,1216.153076171875,1216.153076171875,0,0.0,0.0
2001-03-02 00:00:00+09:00,1174.927734375,1174.927734375,1174.927734375,1174.927734375,1800,0.0,0.0
2001-03-05 00:00:00+09:00,1154.3150634765625,1154.3150634765625,1154.3150634765625,1154.3150634765625,1600,0.0,0.0
2001-03-06 00:00:00+09:00,1154.3150634765625,1154.3150634765625,1154.3150634765625,1154.3150634765625,0,0.0,0.0
2001-03-07 00:00:00+09:00,1154.3150634765625,1154.3150634765625,1154.3150634765625,1154.3150634765625,0,0.0,0.0
2001-03-08 00:00:00+09:00,1154.3150634765625,1154.3150634765625,1154.3150634765625,1154.3150634765625,0,0.0,0.0
2001-03-09 00:00:00+09:00,1154.3150634765625,1154.3150634765625,1154.3150634765625,1154.3150634765625,0,0.0,0.0
2001-03-12 00:00:00+09:00,1154.3150634765625,1154.3150634765625,1154.3150634765625,1154.3150634765625,0,0.0,0.0
2001-03-13 00:00:00+09:00,1113.0894522037147,1113.0894522037147,1092.4766845703125,1092.4766845703125,1400,0.0,0.0
2001-03-14 00:00:00+09:00,1092.4766845703125,1092.4766845703125,1092.4766845703125,1092.4766845703125,0,0.0,0.0
2001-03-15 00:00:00+09:00,1092.4766845703125,1092.4766845703125,1092.4766845703125,1092.4766845703125,0,0.0,0.0
2001-03-16 00:00:00+09:00,1092.4766845703125,1092.4766845703125,1092.4766845703125,1092.4766845703125,0,0.0,0.0
2001-03-19 00:00:00+09:00,1092.4766845703125,1092.4766845703125,1092.4766845703125,1092.4766845703125,0,0.0,0.0
2001-03-20 00:00:00+09:00,1092.4766845703125,1092.4766845703125,1092.4766845703125,1092.4766845703125,0,0.0,0.0
2001-03-21 00:00:00+09:00,1133.7022944859095,1154.3150634765625,1133.7022944859095,1154.3150634765625,1400,0.0,0.0
2001-03-22 00:00:00+09:00,1154.3150634765625,1154.3150634765625,1154.3150634765625,1154.3150634765625,0,0.0,0.0
2001-03-23 00:00:00+09:00,1154.3150634765625,1154.3150634765625,1154.3150634765625,1154.3150634765625,0,0.0,0.0
2001-03-26 00:00:00+09:00,1154.3150634765625,1154.3150634765625,1154.3150634765625,1154.3150634765625,0,0.0,0.0
2001-03-27 00:00:00+09:00,1154.3150634765625,1154.3150634765625,1154.3150634765625,1154.3150634765625,0,0.0,0.0
2001-03-28 00:00:00+09:00,1154.3150634765625,1154.3150634765625,1154.3150634765625,1154.3150634765625,0,0.0,0.0
2001-03-29 00:00:00+09:00,1154.3150634765625,1154.3150634765625,1154.3150634765625,1154.3150634765625,0,0.0,0.0
2001-03-30 00:00:00+09:00,1154.3150634765625,1154.3150634765625,1154.3150634765625,1154.3150634765625,0,0.0,0.0
2001-04-02 00:00:00+09:00,1154.3150634765625,1154.3150634765625,1154.3150634765625,1154.3150634765625,0,0.0,0.0
2001-04-03 00:00:00+09:00,1174.927734375,1174.927734375,1174.927734375,1174.927734375,600,0.0,0.0
2001-04-04 00:00:00+09:00,1174.927734375,1174.927734375,1174.927734375,1174.927734375,0,0.0,0.0
2001-04-05 00:00:00+09:00,1174.927734375,1174.927734375,1174.927734375,1174.927734375,0,0.0,0.0
2001-04-06 00:00:00+09:00,1174.927734375,1174.927734375,1174.927734375,1174.927734375,0,0.0,0.0
2001-04-09 00:00:00+09:00,1174.927734375,1174.927734375,1174.927734375,1174.927734375,0,0.0,0.0
2001-04-10 00:00:00+09:00,1174.927734375,1174.927734375,1174.927734375,1174.927734375,0,0.0,0.0
2001-04-11 00:00:00+09:00,1133.7022944859095,1216.1533704485212,1133.7022944859095,1154.3150634765625,1400,0.0,0.0
2001-04-12 00:00:00+09:00,1154.3150634765625,1154.3150634765625,1154.3150634765625,1154.3150634765625,0,0.0,0.0
2001-04-13 00:00:00+09:00,1154.3150634765625,1154.3150634765625,1154.3150634765625,1154.3150634765625,0,0.0,0.0
2001-04-16 00:00:00+09:00,1154.3150634765625,1154.3150634765625,1154.3150634765625,1154.3150634765625,0,0.0,0.0
2001-04-17 00:00:00+09:00,1154.3150634765625,1154.3150634765625,1154.3150634765625,1154.3150634765625,0,0.0,0.0
2001-04-18 00:00:00+09:00,1154.3150634765625,1154.3150634765625,1154.3150634765625,1154.3150634765625,0,0.0,0.0
2001-04-19 00:00:00+09:00,1154.3150634765625,1154.3150634765625,1154.3150634765625,1154.3150634765625,0,0.0,0.0
2001-04-20 00:00:00+09:00,1195.5405016447369,1236.7660361842106,1174.927734375,1174.927734375,2000,0.0,0.0
2001-04-23 00:00:00+09:00,1174.927734375,1174.927734375,1174.927734375,1174.927734375,0,0.0,0.0
2001-04-24 00:00:00+09:00,1181.1441650390625,1181.1441650390625,1181.1441650390625,1181.1441650390625,0,7.5,0.0
2001-04-25 00:00:00+09:00,1181.1441650390625,1181.1441650390625,1181.1441650390625,1181.1441650390625,0,0.0,0.0
2001-04-26 00:00:00+09:00,1181.1441650390625,1181.1441650390625,1181.1441650390625,1181.1441650390625,0,0.0,0.0
2001-04-27 00:00:00+09:00,1181.1441650390625,1181.1441650390625,1181.1441650390625,1181.1441650390625,0,0.0,0.0
2001-04-30 00:00:00+09:00,1181.1441650390625,1181.1441650390625,1181.1441650390625,1181.1441650390625,0,0.0,0.0
2001-05-01 00:00:00+09:00,1181.1441650390625,1181.1441650390625,1181.1441650390625,1181.1441650390625,0,0.0,0.0
2001-05-02 00:00:00+09:00,1181.1441650390625,1181.1441650390625,1181.1441650390625,1181.1441650390625,0,0.0,0.0
2001-05-03 00:00:00+09:00,1181.1441650390625,1181.1441650390625,1181.1441650390625,1181.1441650390625,0,0.0,0.0
2001-05-04 00:00:00+09:00,1181.1441650390625,1181.1441650390625,1181.1441650390625,1181.1441650390625,0,0.0,0.0
2001-05-07 00:00:00+09:00,1181.1441650390625,1181.1441650390625,1181.1441650390625,1181.1441650390625,0,0.0,0.0
2001-05-08 00:00:00+09:00,1181.1441650390625,1181.1441650390625,1181.1441650390625,1181.1441650390625,0,0.0,0.0
2001-05-09 00:00:00+09:00,1181.1441650390625,1181.1441650390625,1181.1441650390625,1181.1441650390625,0,0.0,0.0
2001-05-10 00:00:00+09:00,1160.4224853515625,1160.4224853515625,1160.4224853515625,1160.4224853515625,200,0.0,0.0
2001-05-11 00:00:00+09:00,1160.4225142045455,1168.7112464488637,1131.4119513494318,1139.70068359375,2200,0.0,0.0
2001-05-14 00:00:00+09:00,1139.70068359375,1139.70068359375,1139.70068359375,1139.70068359375,0,0.0,0.0
2001-05-15 00:00:00+09:00,1139.70068359375,1139.70068359375,1139.70068359375,1139.70068359375,0,0.0,0.0
2001-05-16 00:00:00+09:00,1139.70068359375,1139.70068359375,1139.70068359375,1139.70068359375,0,0.0,0.0
2001-05-17 00:00:00+09:00,1139.70068359375,1139.70068359375,1139.70068359375,1139.70068359375,0,0.0,0.0
2001-05-18 00:00:00+09:00,1139.70068359375,1139.70068359375,1139.70068359375,1139.70068359375,0,0.0,0.0
2001-05-21 00:00:00+09:00,1160.4224853515625,1160.4224853515625,1160.4224853515625,1160.4224853515625,1000,0.0,0.0
2001-05-22 00:00:00+09:00,1160.4224853515625,1160.4224853515625,1160.4224853515625,1160.4224853515625,0,0.0,0.0
2001-05-23 00:00:00+09:00,1160.4224853515625,1160.4224853515625,1160.4224853515625,1160.4224853515625,0,0.0,0.0
2001-05-24 00:00:00+09:00,1160.4224853515625,1160.4224853515625,1160.4224853515625,1160.4224853515625,0,0.0,0.0
2001-05-25 00:00:00+09:00,1160.4224853515625,1160.4224853515625,1160.4224853515625,1160.4224853515625,0,0.0,0.0
2001-05-28 00:00:00+09:00,1160.4224853515625,1160.4224853515625,1160.4224853515625,1160.4224853515625,0,0.0,0.0
2001-05-29 00:00:00+09:00,1160.4224853515625,1160.4224853515625,1160.4224853515625,1160.4224853515625,0,0.0,0.0
2001-05-30 00:00:00+09:00,1160.4224853515625,1160.4224853515625,1160.4224853515625,1160.4224853515625,0,0.0,0.0
2001-05-31 00:00:00+09:00,1098.2569580078125,1098.2569580078125,1098.2569580078125,1098.2569580078125,400,0.0,0.0
2001-06-01 00:00:00+09:00,1098.2569580078125,1098.2569580078125,1098.2569580078125,1098.2569580078125,0,0.0,0.0
2001-06-04 00:00:00+09:00,1098.2569580078125,1098.2569580078125,1098.2569580078125,1098.2569580078125,0,0.0,0.0
2001-06-05 00:00:00+09:00,1098.2569580078125,1098.2569580078125,1098.2569580078125,1098.2569580078125,0,0.0,0.0
2001-06-06 00:00:00+09:00,1098.2569580078125,1098.2569580078125,1098.2569580078125,1098.2569580078125,0,0.0,0.0
2001-06-07 00:00:00+09:00,1098.2569580078125,1098.2569580078125,1098.2569580078125,1098.2569580078125,0,0.0,0.0
2001-06-08 00:00:00+09:00,1098.2569580078125,1098.2569580078125,1098.2569580078125,1098.2569580078125,0,0.0,0.0
2001-06-11 00:00:00+09:00,1098.2569580078125,1098.2569580078125,1098.2569580078125,1098.2569580078125,0,0.0,0.0
2001-06-12 00:00:00+09:00,1118.97900390625,1139.7008373119213,1118.97900390625,1118.97900390625,1000,0.0,0.0
2001-06-13 00:00:00+09:00,1118.97900390625,1118.97900390625,1118.97900390625,1118.97900390625,0,0.0,0.0
2001-06-14 00:00:00+09:00,1118.97900390625,1118.97900390625,1118.97900390625,1118.97900390625,0,0.0,0.0
2001-06-15 00:00:00+09:00,1118.97900390625,1118.97900390625,1118.97900390625,1118.97900390625,0,0.0,0.0
2001-06-18 00:00:00+09:00,1118.97900390625,1118.97900390625,1118.97900390625,1118.97900390625,0,0.0,0.0
2001-06-19 00:00:00+09:00,1118.97900390625,1118.97900390625,1118.97900390625,1118.97900390625,0,0.0,0.0
2001-06-20 00:00:00+09:00,1160.4224853515625,1181.144315447126,1139.7006552559988,1160.4224853515625,3600,0.0,0.0
2001-06-21 00:00:00+09:00,1160.4224853515625,1160.4224853515625,1160.4224853515625,1160.4224853515625,0,0.0,0.0
2001-06-22 00:00:00+09:00,1160.4224853515625,1160.4224853515625,1160.4224853515625,1160.4224853515625,200,0.0,0.0
2001-06-25 00:00:00+09:00,1143.8450497159092,1143.8450497159092,1139.70068359375,1139.70068359375,400,0.0,0.0
2001-06-26 00:00:00+09:00,1118.97900390625,1118.97900390625,1118.97900390625,1118.97900390625,200,0.0,0.0
2001-06-27 00:00:00+09:00,1118.97900390625,1118.97900390625,1118.97900390625,1118.97900390625,0,0.0,0.0
2001-06-28 00:00:00+09:00,1118.97900390625,1118.97900390625,1118.97900390625,1118.97900390625,0,0.0,0.0
2001-06-29 00:00:00+09:00,1118.97900390625,1118.97900390625,1118.97900390625,1118.97900390625,0,0.0,0.0
2001-07-02 00:00:00+09:00,1118.97900390625,1118.97900390625,1118.97900390625,1118.97900390625,0,0.0,0.0
2001-07-03 00:00:00+09:00,1118.97900390625,1118.97900390625,1118.97900390625,1118.97900390625,0,0.0,0.0
2001-07-04 00:00:00+09:00,1118.97900390625,1118.97900390625,1118.97900390625,1118.97900390625,200,0.0,0.0
2001-07-05 00:00:00+09:00,1118.97900390625,1118.97900390625,1118.97900390625,1118.97900390625,0,0.0,0.0
2001-07-06 00:00:00+09:00,1118.97900390625,1118.97900390625,1118.97900390625,1118.97900390625,0,0.0,0.0
2001-07-09 00:00:00+09:00,1118.97900390625,1118.97900390625,1118.97900390625,1118.97900390625,0,0.0,0.0
2001-07-10 00:00:00+09:00,1056.8134765625,1056.8134765625,1056.8134765625,1056.8134765625,200,0.0,0.0
2001-07-11 00:00:00+09:00,1056.8134765625,1077.5353094362745,1056.8134765625,1056.8134765625,800,0.0,0.0
2001-07-12 00:00:00+09:00,1056.8134765625,1056.8134765625,1056.8134765625,1056.8134765625,0,0.0,0.0
2001-07-13 00:00:00+09:00,1056.8134765625,1056.8134765625,1056.8134765625,1056.8134765625,0,0.0,0.0
2001-07-16 00:00:00+09:00,1056.8134765625,1056.8134765625,1056.8134765625,1056.8134765625,0,0.0,0.0
2001-07-17 00:00:00+09:00,1077.5351286114387,1139.70061680056,1077.5351286114387,1098.2569580078125,3000,0.0,0.0
2001-07-18 00:00:00+09:00,1139.70068359375,1139.70068359375,1139.70068359375,1139.70068359375,800,0.0,0.0
2001-07-19 00:00:00+09:00,1139.70068359375,1139.70068359375,1139.70068359375,1139.70068359375,0,0.0,0.0
2001-07-20 00:00:00+09:00,1139.70068359375,1139.70068359375,1139.70068359375,1139.70068359375,0,0.0,0.0
2001-07-23 00:00:00+09:00,1201.8661754261364,1201.8661754261364,1139.70068359375,1139.70068359375,1200,0.0,0.0
2001-07-24 00:00:00+09:00,1139.70068359375,1139.70068359375,1139.70068359375,1139.70068359375,0,0.0,0.0
2001-07-25 00:00:00+09:00,1139.70068359375,1139.70068359375,1139.70068359375,1139.70068359375,200,0.0,0.0
2001-07-26 00:00:00+09:00,1118.97900390625,1118.97900390625,1118.97900390625,1118.97900390625,200,0.0,0.0
2001-07-27 00:00:00+09:00,1118.97900390625,1118.97900390625,1118.97900390625,1118.97900390625,800,0.0,0.0
2001-07-30 00:00:00+09:00,1118.97900390625,1118.97900390625,1118.97900390625,1118.97900390625,800,0.0,0.0
2001-07-31 00:00:00+09:00,1118.97900390625,1118.97900390625,1118.97900390625,1118.97900390625,0,0.0,0.0
2001-08-01 00:00:00+09:00,1118.97900390625,1118.97900390625,1118.97900390625,1118.97900390625,0,0.0,0.0
2001-08-02 00:00:00+09:00,1139.7008330246497,1222.5881663355333,1118.978999696929,1201.8663330078125,6400,0.0,0.0
2001-08-03 00:00:00+09:00,1201.8659924958881,1201.8659924958881,1181.1441650390625,1181.1441650390625,1400,0.0,0.0
2001-08-06 00:00:00+09:00,1181.1441650390625,1181.1441650390625,1181.1441650390625,1181.1441650390625,1400,0.0,0.0
2001-08-07 00:00:00+09:00,1181.1441650390625,1181.1441650390625,1181.1441650390625,1181.1441650390625,0,0.0,0.0
2001-08-08 00:00:00+09:00,1181.1441650390625,1181.1441650390625,1181.1441650390625,1181.1441650390625,0,0.0,0.0
2001-08-09 00:00:00+09:00,1181.1441650390625,1181.1441650390625,1181.1441650390625,1181.1441650390625,0,0.0,0.0
2001-08-10 00:00:00+09:00,1181.1441650390625,1181.1441650390625,1181.1441650390625,1181.1441650390625,0,0.0,0.0
2001-08-13 00:00:00+09:00,1172.8553466796875,1172.8553466796875,1172.8553466796875,1172.8553466796875,1200,0.0,0.0
2001-08-14 00:00:00+09:00,1172.8553466796875,1172.8553466796875,1172.8553466796875,1172.8553466796875,0,0.0,0.0
2001-08-15 00:00:00+09:00,1172.8553466796875,1172.8553466796875,1172.8553466796875,1172.8553466796875,0,0.0,0.0
2001-08-16 00:00:00+09:00,1181.1441650390625,1181.1441650390625,1181.1441650390625,1181.1441650390625,200,0.0,0.0
2001-08-17 00:00:00+09:00,1181.1441650390625,1181.1441650390625,1181.1441650390625,1181.1441650390625,0,0.0,0.0
2001-08-20 00:00:00+09:00,1243.3099996632543,1284.753666318696,1201.8663330078125,1201.8663330078125,1800,0.0,0.0
2001-08-21 00:00:00+09:00,1222.587890625,1222.587890625,1222.587890625,1222.587890625,1000,0.0,0.0
2001-08-22 00:00:00+09:00,1222.587890625,1222.587890625,1222.587890625,1222.587890625,1000,0.0,0.0
2001-08-23 00:00:00+09:00,1222.587890625,1222.587890625,1222.587890625,1222.587890625,1400,0.0,0.0
2001-08-24 00:00:00+09:00,1222.587890625,1222.587890625,1222.587890625,1222.587890625,0,0.0,0.0
2001-08-27 00:00:00+09:00,1222.587890625,1222.587890625,1222.587890625,1222.587890625,0,0.0,0.0
2001-08-28 00:00:00+09:00,1222.587890625,1222.587890625,1222.587890625,1222.587890625,0,0.0,0.0
2001-08-29 00:00:00+09:00,1222.587890625,1222.587890625,1222.587890625,1222.587890625,0,0.0,0.0
2001-08-30 00:00:00+09:00,1222.587890625,1222.587890625,1222.587890625,1222.587890625,0,0.0,0.0
2001-08-31 00:00:00+09:00,1222.587890625,1222.587890625,1222.587890625,1222.587890625,0,0.0,0.0
2001-09-03 00:00:00+09:00,1222.587890625,1222.587890625,1222.587890625,1222.587890625,0,0.0,0.0
2001-09-04 00:00:00+09:00,1201.8663330078125,1201.8663330078125,1201.8663330078125,1201.8663330078125,800,0.0,0.0
2001-09-05 00:00:00+09:00,1201.8663330078125,1201.8663330078125,1201.8663330078125,1201.8663330078125,0,0.0,0.0
2001-09-06 00:00:00+09:00,1201.8663330078125,1201.8663330078125,1201.8663330078125,1201.8663330078125,0,0.0,0.0
2001-09-07 00:00:00+09:00,1201.8663330078125,1201.8663330078125,1201.8663330078125,1201.8663330078125,0,0.0,0.0
2001-09-10 00:00:00+09:00,1201.8663330078125,1201.8663330078125,1201.8663330078125,1201.8663330078125,0,0.0,0.0
2001-09-11 00:00:00+09:00,1160.4224461969338,1160.4224461969338,1077.5351286114387,1098.2569580078125,2800,0.0,0.0
2001-09-12 00:00:00+09:00,1077.53515625,1077.53515625,1077.53515625,1077.53515625,2000,0.0,0.0
2001-09-13 00:00:00+09:00,1077.53515625,1077.53515625,1077.53515625,1077.53515625,0,0.0,0.0
2001-09-14 00:00:00+09:00,1077.53515625,1077.53515625,1077.53515625,1077.53515625,0,0.0,0.0
2001-09-17 00:00:00+09:00,1077.53515625,1077.53515625,1077.53515625,1077.53515625,0,0.0,0.0
2001-09-18 00:00:00+09:00,994.6479791135204,1015.3698120117188,994.6479791135204,1015.3698120117188,2000,0.0,0.0
2001-09-19 00:00:00+09:00,1015.3698120117188,1015.3698120117188,1015.3698120117188,1015.3698120117188,0,0.0,0.0
2001-09-20 00:00:00+09:00,1056.813503689236,1118.97900390625,1056.813503689236,1118.97900390625,2000,0.0,0.0
2001-09-21 00:00:00+09:00,1118.97900390625,1118.97900390625,1118.97900390625,1118.97900390625,0,0.0,0.0
2001-09-24 00:00:00+09:00,1118.97900390625,1118.97900390625,1118.97900390625,1118.97900390625,0,0.0,0.0
2001-09-25 00:00:00+09:00,1118.97900390625,1118.97900390625,1118.97900390625,1118.97900390625,200,0.0,0.0
2001-09-26 00:00:00+09:00,1118.97900390625,1118.97900390625,1118.97900390625,1118.97900390625,0,0.0,0.0
2001-09-27 00:00:00+09:00,1118.97900390625,1118.97900390625,1118.97900390625,1118.97900390625,0,0.0,0.0
2001-09-28 00:00:00+09:00,1118.97900390625,1118.97900390625,1118.97900390625,1118.97900390625,0,0.0,0.0
2001-10-01 00:00:00+09:00,1118.97900390625,1118.97900390625,1118.97900390625,1118.97900390625,0,0.0,0.0
2001-10-02 00:00:00+09:00,1118.97900390625,1118.97900390625,1118.97900390625,1118.97900390625,0,0.0,0.0
2001-10-03 00:00:00+09:00,1118.97900390625,1118.97900390625,1118.97900390625,1118.97900390625,0,0.0,0.0
2001-10-04 00:00:00+09:00,1118.97900390625,1118.97900390625,1118.97900390625,1118.97900390625,0,0.0,0.0
2001-10-05 00:00:00+09:00,1118.97900390625,1118.97900390625,1118.97900390625,1118.97900390625,0,0.0,0.0
2001-10-08 00:00:00+09:00,1118.97900390625,1118.97900390625,1118.97900390625,1118.97900390625,0,0.0,0.0
2001-10-09 00:00:00+09:00,1118.97900390625,1118.97900390625,1118.97900390625,1118.97900390625,0,0.0,0.0
2001-10-10 00:00:00+09:00,1118.97900390625,1118.97900390625,1118.97900390625,1118.97900390625,0,0.0,0.0
2001-10-11 00:00:00+09:00,1139.7008373119213,1139.7008373119213,1118.97900390625,1118.97900390625,2800,0.0,0.0
2001-10-12 00:00:00+09:00,1118.97900390625,1118.97900390625,1118.97900390625,1118.97900390625,0,0.0,0.0
2001-10-15 00:00:00+09:00,1118.97900390625,1118.97900390625,1118.97900390625,1118.97900390625,0,0.0,0.0
2001-10-16 00:00:00+09:00,1118.97900390625,1118.97900390625,1118.97900390625,1118.97900390625,0,0.0,0.0
2001-10-17 00:00:00+09:00,1118.97900390625,1118.97900390625,1118.97900390625,1118.97900390625,0,0.0,0.0
2001-10-18 00:00:00+09:00,1118.97900390625,1118.97900390625,1118.97900390625,1118.97900390625,0,0.0,0.0
2001-10-19 00:00:00+09:00,1118.97900390625,1118.97900390625,1118.97900390625,1118.97900390625,0,0.0,0.0
2001-10-22 00:00:00+09:00,1118.97900390625,1118.97900390625,1118.97900390625,1118.97900390625,1200,0.0,0.0
2001-10-23 00:00:00+09:00,1118.97900390625,1118.97900390625,1118.97900390625,1118.97900390625,0,0.0,0.0
2001-10-24 00:00:00+09:00,1077.53515625,1077.53515625,1077.53515625,1077.53515625,200,0.0,0.0
2001-10-25 00:00:00+09:00,1077.53515625,1077.53515625,1077.53515625,1077.53515625,0,0.0,0.0
2001-10-26 00:00:00+09:00,1077.53515625,1077.53515625,1077.53515625,1077.53515625,0,0.0,0.0
2001-10-29 00:00:00+09:00,1077.53515625,1077.53515625,1077.53515625,1077.53515625,0,0.0,0.0
2001-10-30 00:00:00+09:00,1118.9787874041863,1118.9787874041863,1098.2569580078125,1098.2569580078125,800,0.0,0.0
2001-10-31 00:00:00+09:00,1077.53515625,1077.53515625,1077.53515625,1077.53515625,800,0.0,0.0
2001-11-01 00:00:00+09:00,1077.53515625,1077.53515625,1077.53515625,1077.53515625,0,0.0,0.0
2001-11-02 00:00:00+09:00,1077.53515625,1077.53515625,1077.53515625,1077.53515625,0,0.0,0.0
2001-11-05 00:00:00+09:00,1077.53515625,1077.53515625,1077.53515625,1077.53515625,0,0.0,0.0
2001-11-06 00:00:00+09:00,1077.53515625,1077.53515625,1077.53515625,1077.53515625,0,0.0,0.0
2001-11-07 00:00:00+09:00,1077.53515625,1077.53515625,1077.53515625,1077.53515625,0,0.0,0.0
2001-11-08 00:00:00+09:00,1077.53515625,1077.53515625,1077.53515625,1077.53515625,0,0.0,0.0
2001-11-09 00:00:00+09:00,1077.53515625,1077.53515625,1077.53515625,1077.53515625,0,0.0,0.0
2001-11-12 00:00:00+09:00,1036.091796875,1036.091796875,1036.091796875,1036.091796875,400,0.0,0.0
2001-11-13 00:00:00+09:00,994.6478855298913,994.6478855298913,953.2042236328125,953.2042236328125,1400,0.0,0.0
2001-11-14 00:00:00+09:00,953.2042236328125,953.2042236328125,953.2042236328125,953.2042236328125,0,0.0,0.0
2001-11-15 00:00:00+09:00,932.4824829101562,932.4824829101562,932.4824829101562,932.4824829101562,400,0.0,0.0
2001-11-16 00:00:00+09:00,932.4824829101562,932.4824829101562,932.4824829101562,932.4824829101562,0,0.0,0.0
2001-11-19 00:00:00+09:00,932.4824829101562,932.4824829101562,932.4824829101562,932.4824829101562,0,0.0,0.0
2001-11-20 00:00:00+09:00,953.204187853583,961.492919921875,953.204187853583,961.492919921875,1600,0.0,0.0
2001-11-21 00:00:00+09:00,961.492919921875,961.492919921875,961.492919921875,961.492919921875,0,0.0,0.0
2001-11-22 00:00:00+09:00,961.492919921875,961.492919921875,961.492919921875,961.492919921875,0,0.0,0.0
2001-11-23 00:00:00+09:00,961.492919921875,961.492919921875,961.492919921875,961.492919921875,0,0.0,0.0
2001-11-26 00:00:00+09:00,961.492919921875,961.492919921875,961.492919921875,961.492919921875,0,0.0,0.0
2001-11-27 00:00:00+09:00,961.492919921875,961.492919921875,961.492919921875,961.492919921875,0,0.0,0.0
2001-11-28 00:00:00+09:00,961.492919921875,961.492919921875,961.492919921875,961.492919921875,0,0.0,0.0
2001-11-29 00:00:00+09:00,932.4824829101562,932.4824829101562,932.4824829101562,932.4824829101562,200,0.0,0.0
2001-11-30 00:00:00+09:00,932.4824829101562,932.4824829101562,932.4824829101562,932.4824829101562,0,0.0,0.0
2001-12-03 00:00:00+09:00,932.4824829101562,932.4824829101562,932.4824829101562,932.4824829101562,0,0.0,0.0
2001-12-04 00:00:00+09:00,932.4824829101562,932.4824829101562,932.4824829101562,932.4824829101562,0,0.0,0.0
2001-12-05 00:00:00+09:00,932.4824829101562,932.4824829101562,932.4824829101562,932.4824829101562,0,0.0,0.0
2001-12-06 00:00:00+09:00,932.4824829101562,932.4824829101562,932.4824829101562,932.4824829101562,0,0.0,0.0
2001-12-07 00:00:00+09:00,932.4824829101562,932.4824829101562,932.4824829101562,932.4824829101562,0,0.0,0.0
2001-12-10 00:00:00+09:00,932.4824829101562,932.4824829101562,932.4824829101562,932.4824829101562,1400,0.0,0.0
2001-12-11 00:00:00+09:00,953.2042467271959,953.2042467271959,766.707763671875,766.707763671875,6600,0.0,0.0
2001-12-12 00:00:00+09:00,828.8732299804688,828.8732299804688,828.8732299804688,828.8732299804688,1200,0.0,0.0
2001-12-13 00:00:00+09:00,828.8732299804688,828.8732299804688,828.8732299804688,828.8732299804688,600,0.0,0.0
2001-12-14 00:00:00+09:00,828.8732299804688,828.8732299804688,828.8732299804688,828.8732299804688,0,0.0,0.0
2001-12-17 00:00:00+09:00,870.3169555664062,891.0387878417969,870.3169555664062,870.3169555664062,2400,0.0,0.0
2001-12-18 00:00:00+09:00,870.3169555664062,870.3169555664062,870.3169555664062,870.3169555664062,0,0.0,0.0
2001-12-19 00:00:00+09:00,870.3169555664062,870.3169555664062,870.3169555664062,870.3169555664062,0,0.0,0.0
2001-12-20 00:00:00+09:00,932.4824829101562,932.4824829101562,932.4824829101562,932.4824829101562,1200,0.0,0.0
2001-12-21 00:00:00+09:00,932.4824829101562,932.4824829101562,932.4824829101562,932.4824829101562,0,0.0,0.0
2001-12-24 00:00:00+09:00,932.4824829101562,932.4824829101562,932.4824829101562,932.4824829101562,0,0.0,0.0
2001-12-25 00:00:00+09:00,932.4824829101562,932.4824829101562,932.4824829101562,932.4824829101562,0,0.0,0.0
2001-12-26 00:00:00+09:00,932.4824829101562,932.4824829101562,932.4824829101562,932.4824829101562,0,0.0,0.0
2001-12-27 00:00:00+09:00,932.4824829101562,932.4824829101562,932.4824829101562,932.4824829101562,0,0.0,0.0
2001-12-28 00:00:00+09:00,932.4824829101562,932.4824829101562,932.4824829101562,932.4824829101562,0,0.0,0.0
2001-12-31 00:00:00+09:00,932.4824829101562,932.4824829101562,932.4824829101562,932.4824829101562,0,0.0,0.0
2002-01-01 00:00:00+09:00,932.4824829101562,932.4824829101562,932.4824829101562,932.4824829101562,0,0.0,0.0
2002-01-02 00:00:00+09:00,932.4824829101562,932.4824829101562,932.4824829101562,932.4824829101562,0,0.0,0.0
2002-01-03 00:00:00+09:00,932.4824829101562,932.4824829101562,932.4824829101562,932.4824829101562,0,0.0,0.0
2002-01-04 00:00:00+09:00,932.4824829101562,932.4824829101562,932.4824829101562,932.4824829101562,0,0.0,0.0
2002-01-07 00:00:00+09:00,932.4824829101562,932.4824829101562,932.4824829101562,932.4824829101562,0,0.0,0.0
2002-01-08 00:00:00+09:00,932.4824829101562,932.4824829101562,932.4824829101562,932.4824829101562,0,0.0,0.0
2002-01-09 00:00:00+09:00,932.4824829101562,932.4824829101562,932.4824829101562,932.4824829101562,0,0.0,0.0
2002-01-10 00:00:00+09:00,932.4824829101562,932.4824829101562,932.4824829101562,932.4824829101562,0,0.0,0.0
2002-01-11 00:00:00+09:00,911.7604944388855,911.7604944388855,841.3062744140625,841.3062744140625,3200,0.0,0.0
2002-01-14 00:00:00+09:00,841.3062744140625,841.3062744140625,841.3062744140625,841.3062744140625,0,0.0,0.0
2002-01-15 00:00:00+09:00,841.3062744140625,841.3062744140625,841.3062744140625,841.3062744140625,0,0.0,0.0
2002-01-16 00:00:00+09:00,841.3062744140625,841.3062744140625,841.3062744140625,841.3062744140625,0,0.0,0.0
2002-01-17 00:00:00+09:00,841.3062744140625,841.3062744140625,841.3062744140625,841.3062744140625,0,0.0,0.0
2002-01-18 00:00:00+09:00,841.3062744140625,841.3062744140625,841.3062744140625,841.3062744140625,0,0.0,0.0
2002-01-21 00:00:00+09:00,932.4821894219581,973.9258422851562,932.4821894219581,973.9258422851562,1400,0.0,0.0
2002-01-22 00:00:00+09:00,911.7605590820312,911.7605590820312,911.7605590820312,911.7605590820312,200,0.0,0.0
2002-01-23 00:00:00+09:00,911.7605590820312,911.7605590820312,911.7605590820312,911.7605590820312,0,0.0,0.0
2002-01-24 00:00:00+09:00,911.7605590820312,911.7605590820312,911.7605590820312,911.7605590820312,0,0.0,0.0
2002-01-25 00:00:00+09:00,911.7605590820312,911.7605590820312,911.7605590820312,911.7605590820312,0,0.0,0.0
2002-01-28 00:00:00+09:00,911.7605590820312,911.7605590820312,911.7605590820312,911.7605590820312,0,0.0,0.0
2002-01-29 00:00:00+09:00,911.7605590820312,911.7605590820312,911.7605590820312,911.7605590820312,0,0.0,0.0
2002-01-30 00:00:00+09:00,911.7605590820312,911.7605590820312,911.7605590820312,911.7605590820312,200,0.0,0.0
2002-01-31 00:00:00+09:00,911.7605590820312,911.7605590820312,911.7605590820312,911.7605590820312,0,0.0,0.0
2002-02-01 00:00:00+09:00,911.7605590820312,911.7605590820312,911.7605590820312,911.7605590820312,200,0.0,0.0
2002-02-04 00:00:00+09:00,911.7605590820312,911.7605590820312,911.7605590820312,911.7605590820312,0,0.0,0.0
2002-02-05 00:00:00+09:00,911.7605590820312,911.7605590820312,911.7605590820312,911.7605590820312,0,0.0,0.0
2002-02-06 00:00:00+09:00,911.7605590820312,911.7605590820312,911.7605590820312,911.7605590820312,200,0.0,0.0
2002-02-07 00:00:00+09:00,911.7605590820312,911.7605590820312,911.7605590820312,911.7605590820312,0,0.0,0.0
2002-02-08 00:00:00+09:00,911.7605590820312,911.7605590820312,911.7605590820312,911.7605590820312,0,0.0,0.0
2002-02-11 00:00:00+09:00,911.7605590820312,911.7605590820312,911.7605590820312,911.7605590820312,0,0.0,0.0
2002-02-12 00:00:00+09:00,953.2042208584871,953.2042208584871,911.7605590820312,911.7605590820312,2200,0.0,0.0
2002-02-13 00:00:00+09:00,911.7605590820312,911.7605590820312,911.7605590820312,911.7605590820312,0,0.0,0.0
2002-02-14 00:00:00+09:00,911.7605590820312,911.7605590820312,911.7605590820312,911.7605590820312,0,0.0,0.0
2002-02-15 00:00:00+09:00,911.7605590820312,911.7605590820312,911.7605590820312,911.7605590820312,0,0.0,0.0
2002-02-18 00:00:00+09:00,911.7605590820312,911.7605590820312,911.7605590820312,911.7605590820312,0,0.0,0.0
2002-02-19 00:00:00+09:00,911.7605590820312,911.7605590820312,911.7605590820312,911.7605590820312,0,0.0,0.0
2002-02-20 00:00:00+09:00,953.2041676839193,994.6478271484375,953.2041676839193,994.6478271484375,1200,0.0,0.0
2002-02-21 00:00:00+09:00,994.6478271484375,994.6478271484375,994.6478271484375,994.6478271484375,0,0.0,0.0
2002-02-22 00:00:00+09:00,994.6478271484375,994.6478271484375,994.6478271484375,994.6478271484375,0,0.0,0.0
2002-02-25 00:00:00+09:00,994.6478271484375,994.6478271484375,994.6478271484375,994.6478271484375,0,0.0,0.0
2002-02-26 00:00:00+09:00,994.6478271484375,994.6478271484375,994.6478271484375,994.6478271484375,0,0.0,0.0
2002-02-27 00:00:00+09:00,994.6478271484375,994.6478271484375,994.6478271484375,994.6478271484375,0,0.0,0.0
2002-02-28 00:00:00+09:00,994.6478271484375,994.6478271484375,994.6478271484375,994.6478271484375,0,0.0,0.0
2002-03-01 00:00:00+09:00,953.2042236328125,953.2042236328125,953.2042236328125,953.2042236328125,400,0.0,0.0
2002-03-04 00:00:00+09:00,953.2042236328125,953.2042236328125,953.2042236328125,953.2042236328125,0,0.0,0.0
2002-03-05 00:00:00+09:00,953.2042236328125,953.2042236328125,953.2042236328125,953.2042236328125,0,0.0,0.0
2002-03-06 00:00:00+09:00,953.2042236328125,953.2042236328125,953.2042236328125,953.2042236328125,0,0.0,0.0
2002-03-07 00:00:00+09:00,953.2042236328125,953.2042236328125,953.2042236328125,953.2042236328125,0,0.0,0.0
2002-03-08 00:00:00+09:00,953.2042236328125,953.2042236328125,953.2042236328125,953.2042236328125,0,0.0,0.0
2002-03-11 00:00:00+09:00,870.3168914794921,973.9260452270507,828.8732299804688,828.8732299804688,6400,0.0,0.0
2002-03-12 00:00:00+09:00,828.8732299804688,828.8732299804688,828.8732299804688,828.8732299804688,0,0.0,0.0
2002-03-13 00:00:00+09:00,828.8732299804688,828.8732299804688,828.8732299804688,828.8732299804688,1000,0.0,0.0
2002-03-14 00:00:00+09:00,828.8732299804688,828.8732299804688,828.8732299804688,828.8732299804688,1400,0.0,0.0
2002-03-15 00:00:00+09:00,828.8732299804688,828.8732299804688,828.8732299804688,828.8732299804688,0,0.0,0.0
2002-03-18 00:00:00+09:00,828.8732299804688,828.8732299804688,828.8732299804688,828.8732299804688,0,0.0,0.0
2002-03-19 00:00:00+09:00,828.8732299804688,828.8732299804688,828.8732299804688,828.8732299804688,0,0.0,0.0
2002-03-20 00:00:00+09:00,870.3168973055753,911.7605590820312,870.3168973055753,911.7605590820312,1600,0.0,0.0
2002-03-21 00:00:00+09:00,911.7605590820312,911.7605590820312,911.7605590820312,911.7605590820312,0,0.0,0.0
2002-03-22 00:00:00+09:00,911.7605590820312,911.7605590820312,911.7605590820312,911.7605590820312,0,0.0,0.0
2002-03-25 00:00:00+09:00,911.7605590820312,911.7605590820312,911.7605590820312,911.7605590820312,0,0.0,0.0
2002-03-26 00:00:00+09:00,828.8732299804688,828.8732299804688,828.8732299804688,828.8732299804688,1000,0.0,0.0
2002-03-27 00:00:00+09:00,828.8732299804688,828.8732299804688,828.8732299804688,828.8732299804688,0,0.0,0.0
2002-03-28 00:00:00+09:00,828.8732299804688,828.8732299804688,828.8732299804688,828.8732299804688,0,0.0,0.0
2002-03-29 00:00:00+09:00,828.8732299804688,828.8732299804688,828.8732299804688,828.8732299804688,0,0.0,0.0
2002-04-01 00:00:00+09:00,828.8732299804688,828.8732299804688,828.8732299804688,828.8732299804688,0,0.0,0.0
2002-04-02 00:00:00+09:00,828.8732299804688,828.8732299804688,828.8732299804688,828.8732299804688,0,0.0,0.0
2002-04-03 00:00:00+09:00,828.8732299804688,828.8732299804688,828.8732299804688,828.8732299804688,0,0.0,0.0
2002-04-04 00:00:00+09:00,828.8732299804688,828.8732299804688,828.8732299804688,828.8732299804688,0,0.0,0.0
2002-04-05 00:00:00+09:00,828.8732299804688,828.8732299804688,828.8732299804688,828.8732299804688,0,0.0,0.0
2002-04-08 00:00:00+09:00,828.8732299804688,828.8732299804688,828.8732299804688,828.8732299804688,0,0.0,0.0
2002-04-09 00:00:00+09:00,828.8732299804688,828.8732299804688,828.8732299804688,828.8732299804688,0,0.0,0.0
2002-04-10 00:00:00+09:00,828.8732299804688,828.8732299804688,828.8732299804688,828.8732299804688,0,0.0,0.0
2002-04-11 00:00:00+09:00,973.9258422851562,973.9258422851562,953.2040158535572,973.9258422851562,1200,0.0,0.0
2002-04-12 00:00:00+09:00,973.9258422851562,973.9258422851562,973.9258422851562,973.9258422851562,0,0.0,0.0
2002-04-15 00:00:00+09:00,1036.091796875,1036.091796875,1036.091796875,1036.091796875,200,0.0,0.0
2002-04-16 00:00:00+09:00,1139.7007751464844,1367.6409301757812,1139.7007751464844,1243.3099365234375,2000,0.0,0.0
2002-04-17 00:00:00+09:00,1243.3099365234375,1243.3099365234375,1243.3099365234375,1243.3099365234375,0,0.0,0.0
2002-04-18 00:00:00+09:00,1222.587890625,1222.587890625,1222.587890625,1222.587890625,200,0.0,0.0
2002-04-19 00:00:00+09:00,1222.587890625,1222.587890625,1222.587890625,1222.587890625,0,0.0,0.0
2002-04-22 00:00:00+09:00,1375.9294226694915,1375.9294226694915,1222.587890625,1222.587890625,1400,0.0,0.0
2002-04-23 00:00:00+09:00,1222.587890625,1222.587890625,1222.587890625,1222.587890625,0,0.0,0.0
2002-04-24 00:00:00+09:00,1374.6306030273436,1374.6306030273436,1249.6641845703125,1249.6641845703125,400,7.5,0.0
2002-04-25 00:00:00+09:00,1249.6641845703125,1249.6641845703125,1249.6641845703125,1249.6641845703125,0,0.0,0.0
2002-04-26 00:00:00+09:00,1249.6641845703125,1249.6641845703125,1249.6641845703125,1249.6641845703125,0,0.0,0.0
2002-04-29 00:00:00+09:00,1249.6641845703125,1249.6641845703125,1249.6641845703125,1249.6641845703125,0,0.0,0.0
2002-04-30 00:00:00+09:00,1249.6641845703125,1249.6641845703125,1249.6641845703125,1249.6641845703125,0,0.0,0.0
2002-05-01 00:00:00+09:00,1249.6641845703125,1249.6641845703125,1249.6641845703125,1249.6641845703125,0,0.0,0.0
2002-05-02 00:00:00+09:00,1249.6641845703125,1249.6641845703125,1249.6641845703125,1249.6641845703125,0,0.0,0.0
2002-05-03 00:00:00+09:00,1249.6641845703125,1249.6641845703125,1249.6641845703125,1249.6641845703125,0,0.0,0.0
2002-05-06 00:00:00+09:00,1249.6641845703125,1249.6641845703125,1249.6641845703125,1249.6641845703125,0,0.0,0.0
2002-05-07 00:00:00+09:00,1249.6641845703125,1249.6641845703125,1249.6641845703125,1249.6641845703125,0,0.0,0.0
2002-05-08 00:00:00+09:00,1249.6641845703125,1249.6641845703125,1249.6641845703125,1249.6641845703125,0,0.0,0.0
2002-05-09 00:00:00+09:00,1249.6641845703125,1249.6641845703125,1249.6641845703125,1249.6641845703125,0,0.0,0.0
2002-05-10 00:00:00+09:00,1249.6641845703125,1249.6641845703125,1249.6641845703125,1249.6641845703125,0,0.0,0.0
2002-05-13 00:00:00+09:00,1249.6641845703125,1249.6641845703125,1249.6641845703125,1249.6641845703125,0,0.0,0.0
2002-05-14 00:00:00+09:00,1249.6641845703125,1249.6641845703125,1249.6641845703125,1249.6641845703125,0,0.0,0.0
2002-05-15 00:00:00+09:00,1291.3197021484375,1291.3197021484375,1291.3197021484375,1291.3197021484375,600,0.0,0.0
2002-05-16 00:00:00+09:00,1291.3197021484375,1291.3197021484375,1291.3197021484375,1291.3197021484375,0,0.0,0.0
2002-05-17 00:00:00+09:00,1291.3197021484375,1291.3197021484375,1291.3197021484375,1291.3197021484375,0,0.0,0.0
2002-05-20 00:00:00+09:00,1249.6641845703125,1291.3196573893229,1249.6641845703125,1249.6641845703125,2000,0.0,0.0
2002-05-21 00:00:00+09:00,1249.6641845703125,1249.6641845703125,1249.6641845703125,1249.6641845703125,0,0.0,0.0
2002-05-22 00:00:00+09:00,1249.6641845703125,1249.6641845703125,1249.6641845703125,1249.6641845703125,0,0.0,0.0
2002-05-23 00:00:00+09:00,1245.49853515625,1245.49853515625,1245.49853515625,1245.49853515625,600,0.0,0.0
2002-05-24 00:00:00+09:00,1245.49853515625,1245.49853515625,1245.49853515625,1245.49853515625,0,0.0,0.0
2002-05-27 00:00:00+09:00,1245.49853515625,1245.49853515625,1245.49853515625,1245.49853515625,0,0.0,0.0
2002-05-28 00:00:00+09:00,1245.49853515625,1245.49853515625,1245.49853515625,1245.49853515625,0,0.0,0.0
2002-05-29 00:00:00+09:00,1245.49853515625,1245.49853515625,1245.49853515625,1245.49853515625,0,0.0,0.0
2002-05-30 00:00:00+09:00,1245.49853515625,1245.49853515625,1245.49853515625,1245.49853515625,0,0.0,0.0
2002-05-31 00:00:00+09:00,1249.6640119881465,1291.319479054418,1208.008544921875,1208.008544921875,3000,0.0,0.0
2002-06-03 00:00:00+09:00,1208.008544921875,1208.008544921875,1208.008544921875,1208.008544921875,0,0.0,0.0
2002-06-04 00:00:00+09:00,1124.697919921875,1124.697919921875,1041.386962890625,1041.386962890625,1600,0.0,0.0
2002-06-05 00:00:00+09:00,1041.386962890625,1041.386962890625,1041.386962890625,1041.386962890625,0,0.0,0.0
2002-06-06 00:00:00+09:00,1041.386962890625,1041.386962890625,1041.386962890625,1041.386962890625,0,0.0,0.0
2002-06-07 00:00:00+09:00,1041.386962890625,1041.386962890625,1041.386962890625,1041.386962890625,0,0.0,0.0
2002-06-10 00:00:00+09:00,1041.386962890625,1041.386962890625,1041.386962890625,1041.386962890625,0,0.0,0.0
2002-06-11 00:00:00+09:00,1041.386962890625,1041.386962890625,1041.386962890625,1041.386962890625,0,0.0,0.0
2002-06-12 00:00:00+09:00,1041.386962890625,1041.386962890625,1041.386962890625,1041.386962890625,0,0.0,0.0
2002-06-13 00:00:00+09:00,958.0756835937501,958.0756835937501,958.0756835937501,958.07568359375,1000,0.0,0.0
2002-06-14 00:00:00+09:00,958.0756835937501,958.0756835937501,958.0756835937501,958.07568359375,0,0.0,0.0
2002-06-17 00:00:00+09:00,1041.386962890625,1041.386962890625,999.731484375,1041.386962890625,1200,0.0,0.0
2002-06-18 00:00:00+09:00,1041.386962890625,1041.386962890625,1041.386962890625,1041.386962890625,0,0.0,0.0
2002-06-19 00:00:00+09:00,1041.386962890625,1041.386962890625,1041.386962890625,1041.386962890625,0,0.0,0.0
2002-06-20 00:00:00+09:00,1124.6978337214543,1124.6978337214543,1083.0423583984375,1083.0423583984375,1200,0.0,0.0
2002-06-21 00:00:00+09:00,1083.0423583984375,1083.0423583984375,1083.0423583984375,1083.0423583984375,0,0.0,0.0
2002-06-24 00:00:00+09:00,1083.0423583984375,1083.0423583984375,1083.0423583984375,1083.0423583984375,0,0.0,0.0
2002-06-25 00:00:00+09:00,1083.0423583984375,1083.0423583984375,1083.0423583984375,1083.0423583984375,0,0.0,0.0
2002-06-26 00:00:00+09:00,1124.6978337214543,1124.6978337214543,1083.0423583984375,1083.0423583984375,1200,0.0,0.0
2002-06-27 00:00:00+09:00,1083.0423583984375,1083.0423583984375,1083.0423583984375,1083.0423583984375,0,0.0,0.0
2002-06-28 00:00:00+09:00,1083.0423583984375,1083.0423583984375,1083.0423583984375,1083.0423583984375,0,0.0,0.0
2002-07-01 00:00:00+09:00,1083.0423583984375,1083.0423583984375,1083.0423583984375,1083.0423583984375,0,0.0,0.0
2002-07-02 00:00:00+09:00,1083.0423583984375,1083.0423583984375,1083.0423583984375,1083.0423583984375,0,0.0,0.0
2002-07-03 00:00:00+09:00,1083.0423583984375,1083.0423583984375,1083.0423583984375,1083.0423583984375,0,0.0,0.0
2002-07-04 00:00:00+09:00,1083.0423583984375,1083.0423583984375,1083.0423583984375,1083.0423583984375,0,0.0,0.0
2002-07-05 00:00:00+09:00,1083.0423583984375,1083.0423583984375,1083.0423583984375,1083.0423583984375,0,0.0,0.0
2002-07-08 00:00:00+09:00,1083.0423583984375,1083.0423583984375,1083.0423583984375,1083.0423583984375,0,0.0,0.0
2002-07-09 00:00:00+09:00,1083.0423583984375,1083.0423583984375,1083.0423583984375,1083.0423583984375,0,0.0,0.0
2002-07-10 00:00:00+09:00,1083.0423583984375,1083.0423583984375,1083.0423583984375,1083.0423583984375,0,0.0,0.0
2002-07-11 00:00:00+09:00,1083.0423583984375,1083.0423583984375,1083.0423583984375,1083.0423583984375,0,0.0,0.0
2002-07-12 00:00:00+09:00,1083.0423583984375,1083.0423583984375,1083.0423583984375,1083.0423583984375,0,0.0,0.0
2002-07-15 00:00:00+09:00,1145.5253399543042,1145.5253399543042,1103.869873046875,1103.869873046875,1200,0.0,0.0
2002-07-16 00:00:00+09:00,1103.869873046875,1103.869873046875,1103.869873046875,1103.869873046875,0,0.0,0.0
2002-07-17 00:00:00+09:00,1103.869873046875,1103.869873046875,1103.869873046875,1103.869873046875,0,0.0,0.0
2002-07-18 00:00:00+09:00,1103.869873046875,1103.869873046875,1103.869873046875,1103.869873046875,0,0.0,0.0
2002-07-19 00:00:00+09:00,1103.869873046875,1103.869873046875,1103.869873046875,1103.869873046875,0,0.0,0.0
2002-07-22 00:00:00+09:00,1187.1809624565972,1187.1809624565972,1124.69775390625,1124.69775390625,2200,0.0,0.0
2002-07-23 00:00:00+09:00,1124.69775390625,1124.69775390625,1124.69775390625,1124.69775390625,0,0.0,0.0
2002-07-24 00:00:00+09:00,1124.69775390625,1124.69775390625,1124.69775390625,1124.69775390625,0,0.0,0.0
2002-07-25 00:00:00+09:00,1124.69775390625,1166.3532262731483,1103.8700177228009,1124.69775390625,5200,0.0,0.0
2002-07-26 00:00:00+09:00,1124.69775390625,1124.69775390625,1124.69775390625,1124.69775390625,0,0.0,0.0
2002-07-29 00:00:00+09:00,1124.69775390625,1124.69775390625,1124.69775390625,1124.69775390625,0,0.0,0.0
2002-07-30 00:00:00+09:00,1124.69775390625,1124.69775390625,1124.69775390625,1124.69775390625,0,0.0,0.0
2002-07-31 00:00:00+09:00,1124.69775390625,1124.69775390625,1124.69775390625,1124.69775390625,0,0.0,0.0
2002-08-01 00:00:00+09:00,1124.69775390625,1124.69775390625,1124.69775390625,1124.69775390625,0,0.0,0.0
2002-08-02 00:00:00+09:00,1083.0423583984375,1083.0423583984375,1083.0423583984375,1083.0423583984375,400,0.0,0.0
2002-08-05 00:00:00+09:00,1083.0423583984375,1083.0423583984375,1083.0423583984375,1083.0423583984375,0,0.0,0.0
2002-08-06 00:00:00+09:00,1083.0423583984375,1083.0423583984375,1083.0423583984375,1083.0423583984375,0,0.0,0.0
2002-08-07 00:00:00+09:00,1124.6975620814733,1187.1807599748884,1083.0420968191963,1166.35302734375,9400,0.0,0.0
2002-08-08 00:00:00+09:00,1166.35302734375,1166.35302734375,1166.35302734375,1166.35302734375,0,0.0,0.0
2002-08-09 00:00:00+09:00,1166.35302734375,1166.35302734375,1166.35302734375,1166.35302734375,0,0.0,0.0
2002-08-12 00:00:00+09:00,1166.35302734375,1166.35302734375,1166.35302734375,1166.35302734375,0,0.0,0.0
2002-08-13 00:00:00+09:00,1166.35302734375,1166.35302734375,1166.35302734375,1166.35302734375,0,0.0,0.0
2002-08-14 00:00:00+09:00,1166.35302734375,1166.35302734375,1166.35302734375,1166.35302734375,0,0.0,0.0
2002-08-15 00:00:00+09:00,1145.5252685546875,1291.319393643466,1145.5252685546875,1145.5252685546875,2600,0.0,0.0
2002-08-16 00:00:00+09:00,1145.5252685546875,1145.5252685546875,1145.5252685546875,1145.5252685546875,0,0.0,0.0
2002-08-19 00:00:00+09:00,1145.5252685546875,1145.5252685546875,1145.5252685546875,1145.5252685546875,0,0.0,0.0
2002-08-20 00:00:00+09:00,1145.5254900896991,1187.1809624565972,1124.69775390625,1124.69775390625,2400,0.0,0.0
2002-08-21 00:00:00+09:00,1103.869873046875,1103.869873046875,1103.869873046875,1103.869873046875,200,0.0,0.0
2002-08-22 00:00:00+09:00,1103.869873046875,1103.869873046875,1103.869873046875,1103.869873046875,0,0.0,0.0
2002-08-23 00:00:00+09:00,1103.869873046875,1103.869873046875,1103.869873046875,1103.869873046875,0,0.0,0.0
2002-08-26 00:00:00+09:00,1103.869873046875,1103.869873046875,1103.869873046875,1103.869873046875,0,0.0,0.0
2002-08-27 00:00:00+09:00,1103.869873046875,1103.869873046875,1103.869873046875,1103.869873046875,0,0.0,0.0
2002-08-28 00:00:00+09:00,1103.869873046875,1103.869873046875,1103.869873046875,1103.869873046875,0,0.0,0.0
2002-08-29 00:00:00+09:00,1103.869873046875,1103.869873046875,1103.869873046875,1103.869873046875,0,0.0,0.0
2002-08-30 00:00:00+09:00,1103.869873046875,1103.869873046875,1103.869873046875,1103.869873046875,0,0.0,0.0
2002-09-02 00:00:00+09:00,1103.869873046875,1103.869873046875,1103.869873046875,1103.869873046875,0,0.0,0.0
2002-09-03 00:00:00+09:00,1103.869873046875,1103.869873046875,1103.869873046875,1103.869873046875,0,0.0,0.0
2002-09-04 00:00:00+09:00,1103.869873046875,1103.869873046875,1103.869873046875,1103.869873046875,0,0.0,0.0
2002-09-05 00:00:00+09:00,1103.869873046875,1103.869873046875,1103.869873046875,1103.869873046875,0,0.0,0.0
2002-09-06 00:00:00+09:00,1103.869873046875,1103.869873046875,1103.869873046875,1103.869873046875,0,0.0,0.0
2002-09-09 00:00:00+09:00,1103.869873046875,1103.869873046875,1103.869873046875,1103.869873046875,0,0.0,0.0
2002-09-10 00:00:00+09:00,1062.21435546875,1062.21435546875,1062.21435546875,1062.21435546875,200,0.0,0.0
2002-09-11 00:00:00+09:00,1062.21435546875,1062.21435546875,1062.21435546875,1062.21435546875,0,0.0,0.0
2002-09-12 00:00:00+09:00,1062.21435546875,1062.21435546875,1062.21435546875,1062.21435546875,0,0.0,0.0
2002-09-13 00:00:00+09:00,1062.21435546875,1062.21435546875,1062.21435546875,1062.21435546875,0,0.0,0.0
2002-09-16 00:00:00+09:00,1062.21435546875,1062.21435546875,1062.21435546875,1062.21435546875,0,0.0,0.0
2002-09-17 00:00:00+09:00,1049.7178955078125,1049.7178955078125,1049.7178955078125,1049.7178955078125,1200,0.0,0.0
2002-09-18 00:00:00+09:00,1020.5591430664062,1020.5591430664062,1020.5591430664062,1020.5591430664062,200,0.0,0.0
2002-09-19 00:00:00+09:00,1020.5591430664062,1020.5591430664062,1020.5591430664062,1020.5591430664062,0,0.0,0.0
2002-09-20 00:00:00+09:00,1083.0423583984375,1083.0423583984375,1083.0423583984375,1083.0423583984375,1000,0.0,0.0
2002-09-23 00:00:00+09:00,1083.0423583984375,1083.0423583984375,1083.0423583984375,1083.0423583984375,0,0.0,0.0
2002-09-24 00:00:00+09:00,1083.0423583984375,1083.0423583984375,1083.0423583984375,1083.0423583984375,0,0.0,0.0
2002-09-25 00:00:00+09:00,1083.0423583984375,1083.0423583984375,1083.0423583984375,1083.0423583984375,0,0.0,0.0
2002-09-26 00:00:00+09:00,1083.0423583984375,1083.0423583984375,1083.0423583984375,1083.0423583984375,0,0.0,0.0
2002-09-27 00:00:00+09:00,1083.0423583984375,1083.0423583984375,1083.0423583984375,1083.0423583984375,0,0.0,0.0
2002-09-30 00:00:00+09:00,1083.0423583984375,1083.0423583984375,1083.0423583984375,1083.0423583984375,0,0.0,0.0
2002-10-01 00:00:00+09:00,1062.21435546875,1062.21435546875,1062.21435546875,1062.21435546875,600,0.0,0.0
2002-10-02 00:00:00+09:00,1062.21435546875,1062.21435546875,1062.21435546875,1062.21435546875,0,0.0,0.0
2002-10-03 00:00:00+09:00,1062.21435546875,1062.21435546875,1062.21435546875,1062.21435546875,200,0.0,0.0
2002-10-04 00:00:00+09:00,1062.21435546875,1062.21435546875,1062.21435546875,1062.21435546875,0,0.0,0.0
2002-10-07 00:00:00+09:00,1062.21435546875,1062.21435546875,1062.21435546875,1062.21435546875,0,0.0,0.0
2002-10-08 00:00:00+09:00,1062.21435546875,1062.21435546875,1062.21435546875,1062.21435546875,0,0.0,0.0
2002-10-09 00:00:00+09:00,1062.21435546875,1062.21435546875,1062.21435546875,1062.21435546875,0,0.0,0.0
2002-10-10 00:00:00+09:00,1041.386962890625,1041.386962890625,1041.386962890625,1041.386962890625,400,0.0,0.0
2002-10-11 00:00:00+09:00,1041.386962890625,1041.386962890625,1041.386962890625,1041.386962890625,0,0.0,0.0
2002-10-14 00:00:00+09:00,1041.386962890625,1041.386962890625,1041.386962890625,1041.386962890625,0,0.0,0.0
2002-10-15 00:00:00+09:00,1062.2146182936065,1062.2146182936065,1020.5591430664062,1020.5591430664062,1000,0.0,0.0
2002-10-16 00:00:00+09:00,1020.5591430664062,1020.5591430664062,1020.5591430664062,1020.5591430664062,0,0.0,0.0
2002-10-17 00:00:00+09:00,1020.5591430664062,1020.5591430664062,1020.5591430664062,1020.5591430664062,0,0.0,0.0
2002-10-18 00:00:00+09:00,1020.5591430664062,1020.5591430664062,1020.5591430664062,1020.5591430664062,0,0.0,0.0
2002-10-21 00:00:00+09:00,1124.6976065005897,1124.6976065005897,1103.869873046875,1103.869873046875,1800,0.0,0.0
2002-10-22 00:00:00+09:00,1103.869873046875,1103.869873046875,1103.869873046875,1103.869873046875,0,0.0,0.0
2002-10-23 00:00:00+09:00,1103.869873046875,1103.869873046875,1103.869873046875,1103.869873046875,0,0.0,0.0
2002-10-24 00:00:00+09:00,1103.869873046875,1103.869873046875,1103.869873046875,1103.869873046875,0,0.0,0.0
2002-10-25 00:00:00+09:00,1216.340087890625,1216.340087890625,1216.340087890625,1216.340087890625,200,0.0,0.0
2002-10-28 00:00:00+09:00,1216.340087890625,1216.340087890625,1216.340087890625,1216.340087890625,200,0.0,0.0
2002-10-29 00:00:00+09:00,1216.340087890625,1216.340087890625,1216.340087890625,1216.340087890625,0,0.0,0.0
2002-10-30 00:00:00+09:00,1216.340087890625,1216.340087890625,1216.340087890625,1216.340087890625,0,0.0,0.0
2002-10-31 00:00:00+09:00,1216.340087890625,1216.340087890625,1216.340087890625,1216.340087890625,0,0.0,0.0
2002-11-01 00:00:00+09:00,1166.35302734375,1166.35302734375,1166.35302734375,1166.35302734375,200,0.0,0.0
2002-11-04 00:00:00+09:00,1166.35302734375,1166.35302734375,1166.35302734375,1166.35302734375,0,0.0,0.0
2002-11-05 00:00:00+09:00,1166.35302734375,1166.35302734375,1166.35302734375,1166.35302734375,0,0.0,0.0
2002-11-06 00:00:00+09:00,1166.35302734375,1166.35302734375,1166.35302734375,1166.35302734375,0,0.0,0.0
2002-11-07 00:00:00+09:00,1103.870096059946,1103.870096059946,1083.0423583984375,1083.0423583984375,800,0.0,0.0
2002-11-08 00:00:00+09:00,1083.0423583984375,1083.0423583984375,1083.0423583984375,1083.0423583984375,0,0.0,0.0
2002-11-11 00:00:00+09:00,1083.0423583984375,1083.0423583984375,1083.0423583984375,1083.0423583984375,0,0.0,0.0
2002-11-12 00:00:00+09:00,1041.386962890625,1041.386962890625,1041.386962890625,1041.386962890625,200,0.0,0.0
2002-11-13 00:00:00+09:00,1041.386962890625,1041.386962890625,1041.386962890625,1041.386962890625,0,0.0,0.0
2002-11-14 00:00:00+09:00,1041.386962890625,1041.386962890625,1041.386962890625,1041.386962890625,0,0.0,0.0
2002-11-15 00:00:00+09:00,1008.0624363786084,1008.0624363786084,958.0758692854542,983.0691528320312,1000,0.0,0.0
2002-11-18 00:00:00+09:00,983.0691528320312,983.0691528320312,983.0691528320312,983.0691528320312,0,0.0,0.0
2002-11-19 00:00:00+09:00,874.7650146484375,874.7650146484375,874.7650146484375,874.7650146484375,200,0.0,0.0
2002-11-20 00:00:00+09:00,791.4538937130491,803.9505341400971,770.6261596679688,770.6261596679688,2800,0.0,0.0
2002-11-21 00:00:00+09:00,853.9370727539062,853.9370727539062,853.9370727539062,853.9370727539062,1600,0.0,0.0
2002-11-22 00:00:00+09:00,853.9370727539062,853.9370727539062,853.9370727539062,853.9370727539062,0,0.0,0.0
2002-11-25 00:00:00+09:00,874.7650146484375,874.7650146484375,874.7650146484375,874.7650146484375,600,0.0,0.0
2002-11-26 00:00:00+09:00,958.0756835937501,958.0756835937501,958.0756835937501,958.07568359375,400,0.0,0.0
2002-11-27 00:00:00+09:00,958.0756835937501,958.0756835937501,958.0756835937501,958.07568359375,0,0.0,0.0
2002-11-28 00:00:00+09:00,999.731484375,1041.386962890625,999.731484375,1041.386962890625,400,0.0,0.0
2002-11-29 00:00:00+09:00,1041.386962890625,1041.386962890625,1041.386962890625,1041.386962890625,0,0.0,0.0
2002-12-02 00:00:00+09:00,1041.386962890625,1041.386962890625,1041.386962890625,1041.386962890625,0,0.0,0.0
2002-12-03 00:00:00+09:00,1041.386962890625,1041.386962890625,1041.386962890625,1041.386962890625,0,0.0,0.0
2002-12-04 00:00:00+09:00,1041.386962890625,1041.386962890625,1041.386962890625,1041.386962890625,0,0.0,0.0
2002-12-05 00:00:00+09:00,1041.386962890625,1041.386962890625,1041.386962890625,1041.386962890625,0,0.0,0.0
2002-12-06 00:00:00+09:00,1041.386962890625,1041.386962890625,1041.386962890625,1041.386962890625,0,0.0,0.0
2002-12-09 00:00:00+09:00,1041.386962890625,1041.386962890625,1041.386962890625,1041.386962890625,0,0.0,0.0
2002-12-10 00:00:00+09:00,1041.386962890625,1041.386962890625,1041.386962890625,1041.386962890625,0,0.0,0.0
2002-12-11 00:00:00+09:00,1041.386962890625,1041.386962890625,1041.386962890625,1041.386962890625,0,0.0,0.0
2002-12-12 00:00:00+09:00,1041.386962890625,1041.386962890625,1041.386962890625,1041.386962890625,0,0.0,0.0
2002-12-13 00:00:00+09:00,1041.386962890625,1041.386962890625,1041.386962890625,1041.386962890625,0,0.0,0.0
2002-12-16 00:00:00+09:00,1070.5454000270113,1070.5454000270113,978.9033813476562,978.9033813476562,2000,0.0,0.0
2002-12-17 00:00:00+09:00,978.9033813476562,978.9033813476562,978.9033813476562,978.9033813476562,0,0.0,0.0
2002-12-18 00:00:00+09:00,978.9033813476562,978.9033813476562,978.9033813476562,978.9033813476562,0,0.0,0.0
2002-12-19 00:00:00+09:00,978.9033813476562,978.9033813476562,978.9033813476562,978.9033813476562,0,0.0,0.0
2002-12-20 00:00:00+09:00,1124.697919921875,1124.697919921875,1041.386962890625,1041.386962890625,1200,0.0,0.0
2002-12-23 00:00:00+09:00,1041.386962890625,1041.386962890625,1041.386962890625,1041.386962890625,0,0.0,0.0
2002-12-24 00:00:00+09:00,1083.0422932942708,1249.6641845703125,1083.0422932942708,1249.6641845703125,3000,0.0,0.0
2002-12-25 00:00:00+09:00,1208.0084926060267,1208.0084926060267,1166.35302734375,1166.35302734375,1200,0.0,0.0
2002-12-26 00:00:00+09:00,1166.35302734375,1166.35302734375,1166.35302734375,1166.35302734375,0,0.0,0.0
2002-12-27 00:00:00+09:00,1166.35302734375,1166.35302734375,1166.35302734375,1166.35302734375,0,0.0,0.0
2002-12-30 00:00:00+09:00,1166.35302734375,1166.35302734375,1166.35302734375,1166.35302734375,0,0.0,0.0
2002-12-31 00:00:00+09:00,1166.35302734375,1166.35302734375,1166.35302734375,1166.35302734375,0,0.0,0.0
2003-01-01 00:00:00+09:00,1166.35302734375,1166.35302734375,1166.35302734375,1166.35302734375,0,0.0,0.0
2003-01-02 00:00:00+09:00,1166.35302734375,1166.35302734375,1166.35302734375,1166.35302734375,0,0.0,0.0
2003-01-03 00:00:00+09:00,1166.35302734375,1166.35302734375,1166.35302734375,1166.35302734375,0,0.0,0.0
2003-01-06 00:00:00+09:00,1166.35302734375,1166.35302734375,1166.35302734375,1166.35302734375,0,0.0,0.0
2003-01-07 00:00:00+09:00,1166.35302734375,1166.35302734375,1166.35302734375,1166.35302734375,0,0.0,0.0
2003-01-08 00:00:00+09:00,1166.35302734375,1166.35302734375,1166.35302734375,1166.35302734375,0,0.0,0.0
2003-01-09 00:00:00+09:00,1166.35302734375,1166.35302734375,1166.35302734375,1166.35302734375,0,0.0,0.0
2003-01-10 00:00:00+09:00,1166.35302734375,1166.35302734375,1166.35302734375,1166.35302734375,0,0.0,0.0
2003-01-13 00:00:00+09:00,1166.35302734375,1166.35302734375,1166.35302734375,1166.35302734375,0,0.0,0.0
2003-01-14 00:00:00+09:00,1124.69775390625,1124.69775390625,1124.69775390625,1124.69775390625,400,0.0,0.0
2003-01-15 00:00:00+09:00,1208.0084650213068,1208.0084650213068,1145.5252685546875,1145.5252685546875,1000,0.0,0.0
2003-01-16 00:00:00+09:00,1145.5252685546875,1145.5252685546875,1145.5252685546875,1145.5252685546875,0,0.0,0.0
2003-01-17 00:00:00+09:00,1145.5252685546875,1145.5252685546875,1145.5252685546875,1145.5252685546875,0,0.0,0.0
2003-01-20 00:00:00+09:00,1208.008544921875,1208.008544921875,1208.008544921875,1208.008544921875,800,0.0,0.0
2003-01-21 00:00:00+09:00,1208.008544921875,1208.008544921875,1208.008544921875,1208.008544921875,0,0.0,0.0
2003-01-22 00:00:00+09:00,1208.008544921875,1208.008544921875,1208.008544921875,1208.008544921875,0,0.0,0.0
2003-01-23 00:00:00+09:00,1208.008544921875,1208.008544921875,1208.008544921875,1208.008544921875,0,0.0,0.0
2003-01-24 00:00:00+09:00,1208.008544921875,1208.008544921875,1208.008544921875,1208.008544921875,0,0.0,0.0
2003-01-27 00:00:00+09:00,1208.008544921875,1208.008544921875,1208.008544921875,1208.008544921875,0,0.0,0.0
2003-01-28 00:00:00+09:00,1208.008395010965,1208.008395010965,1187.1806640625,1187.1806640625,400,0.0,0.0
2003-01-29 00:00:00+09:00,1166.35302734375,1166.35302734375,1166.35302734375,1166.35302734375,200,0.0,0.0
2003-01-30 00:00:00+09:00,1166.35302734375,1166.35302734375,1166.35302734375,1166.35302734375,0,0.0,0.0
2003-01-31 00:00:00+09:00,1166.35302734375,1166.35302734375,1166.35302734375,1166.35302734375,0,0.0,0.0
2003-02-03 00:00:00+09:00,1166.35302734375,1166.35302734375,1166.35302734375,1166.35302734375,0,0.0,0.0
2003-02-04 00:00:00+09:00,1166.35302734375,1166.35302734375,1166.35302734375,1166.35302734375,0,0.0,0.0
2003-02-05 00:00:00+09:00,1166.35302734375,1166.35302734375,1166.35302734375,1166.35302734375,0,0.0,0.0
2003-02-06 00:00:00+09:00,1166.35302734375,1166.35302734375,1166.35302734375,1166.35302734375,0,0.0,0.0
2003-02-07 00:00:00+09:00,1166.35302734375,1166.35302734375,1166.35302734375,1166.35302734375,0,0.0,0.0
2003-02-10 00:00:00+09:00,1166.35302734375,1166.35302734375,1166.35302734375,1166.35302734375,0,0.0,0.0
2003-02-11 00:00:00+09:00,1166.35302734375,1166.35302734375,1166.35302734375,1166.35302734375,0,0.0,0.0
2003-02-12 00:00:00+09:00,1166.35302734375,1166.35302734375,1166.35302734375,1166.35302734375,0,0.0,0.0
2003-02-13 00:00:00+09:00,1166.35302734375,1166.35302734375,1166.35302734375,1166.35302734375,0,0.0,0.0
2003-02-14 00:00:00+09:00,1166.35302734375,1166.35302734375,1166.35302734375,1166.35302734375,0,0.0,0.0
2003-02-17 00:00:00+09:00,1187.1808357885327,1228.8363037109375,1187.1808357885327,1228.8363037109375,800,0.0,0.0
2003-02-18 00:00:00+09:00,1228.8363037109375,1228.8363037109375,1228.8363037109375,1228.8363037109375,0,0.0,0.0
2003-02-19 00:00:00+09:00,1187.1806640625,1187.1806640625,1187.1806640625,1187.1806640625,200,0.0,0.0
2003-02-20 00:00:00+09:00,1291.3196573893229,1291.3196573893229,1249.6641845703125,1249.6641845703125,1200,0.0,0.0
2003-02-21 00:00:00+09:00,1249.6641845703125,1249.6641845703125,1249.6641845703125,1249.6641845703125,400,0.0,0.0
2003-02-24 00:00:00+09:00,1249.6641845703125,1249.6641845703125,1249.6641845703125,1249.6641845703125,400,0.0,0.0
2003-02-25 00:00:00+09:00,1249.6641845703125,1249.6641845703125,1249.6641845703125,1249.6641845703125,0,0.0,0.0
2003-02-26 00:00:00+09:00,1208.008711751302,1249.6641845703125,1208.008711751302,1249.6641845703125,400,0.0,0.0
2003-02-27 00:00:00+09:00,1208.008544921875,1208.008544921875,1208.008544921875,1208.008544921875,400,0.0,0.0
2003-02-28 00:00:00+09:00,1208.008544921875,1208.008544921875,1208.008544921875,1208.008544921875,0,0.0,0.0
2003-03-03 00:00:00+09:00,1208.008544921875,1208.008544921875,1208.008544921875,1208.008544921875,0,0.0,0.0
2003-03-04 00:00:00+09:00,1208.008544921875,1208.008544921875,1208.008544921875,1208.008544921875,0,0.0,0.0
2003-03-05 00:00:00+09:00,1208.008544921875,1208.008544921875,1208.008544921875,1208.008544921875,0,0.0,0.0
2003-03-06 00:00:00+09:00,1187.1806640625,1187.1806640625,1187.1806640625,1187.1806640625,200,0.0,0.0
2003-03-07 00:00:00+09:00,1208.008544921875,1208.008544921875,1208.008544921875,1208.008544921875,400,0.0,0.0
2003-03-10 00:00:00+09:00,1208.008544921875,1208.008544921875,1208.008544921875,1208.008544921875,0,0.0,0.0
2003-03-11 00:00:00+09:00,1208.008544921875,1208.008544921875,1208.008544921875,1208.008544921875,0,0.0,0.0
2003-03-12 00:00:00+09:00,1208.008544921875,1208.008544921875,1208.008544921875,1208.008544921875,0,0.0,0.0
2003-03-13 00:00:00+09:00,1208.008544921875,1208.008544921875,1208.008544921875,1208.008544921875,0,0.0,0.0
2003-03-14 00:00:00+09:00,1208.008544921875,1208.008544921875,1208.008544921875,1208.008544921875,0,0.0,0.0
2003-03-17 00:00:00+09:00,1249.6639293323863,1249.6639293323863,1145.5252685546875,1145.5252685546875,1200,0.0,0.0
2003-03-18 00:00:00+09:00,1145.5252685546875,1145.5252685546875,1145.5252685546875,1145.5252685546875,0,0.0,0.0
2003-03-19 00:00:00+09:00,1145.5252685546875,1145.5252685546875,1145.5252685546875,1145.5252685546875,0,0.0,0.0
2003-03-20 00:00:00+09:00,1291.3197021484375,1312.1474392798639,1291.3197021484375,1291.3197021484375,2000,0.0,0.0
2003-03-21 00:00:00+09:00,1291.3197021484375,1291.3197021484375,1291.3197021484375,1291.3197021484375,0,0.0,0.0
2003-03-24 00:00:00+09:00,1291.3197021484375,1291.3197021484375,1291.3197021484375,1291.3197021484375,0,0.0,0.0
2003-03-25 00:00:00+09:00,1291.3197021484375,1291.3197021484375,1291.3197021484375,1291.3197021484375,0,0.0,0.0
2003-03-26 00:00:00+09:00,1208.008544921875,1208.008544921875,1208.008544921875,1208.008544921875,400,0.0,0.0
2003-03-27 00:00:00+09:00,1208.008544921875,1208.008544921875,1208.008544921875,1208.008544921875,0,0.0,0.0
2003-03-28 00:00:00+09:00,1208.008544921875,1208.008544921875,1208.008544921875,1208.008544921875,0,0.0,0.0
2003-03-31 00:00:00+09:00,1208.008544921875,1208.008544921875,1208.008544921875,1208.008544921875,200,0.0,0.0
2003-04-01 00:00:00+09:00,1208.008544921875,1208.008544921875,1208.008544921875,1208.008544921875,0,0.0,0.0
2003-04-02 00:00:00+09:00,1208.008544921875,1208.008544921875,1208.008544921875,1208.008544921875,0,0.0,0.0
2003-04-03 00:00:00+09:00,1208.008544921875,1208.008544921875,1208.008544921875,1208.008544921875,0,0.0,0.0
2003-04-04 00:00:00+09:00,1208.008544921875,1208.008544921875,1208.008544921875,1208.008544921875,0,0.0,0.0
2003-04-07 00:00:00+09:00,1208.008544921875,1208.008544921875,1208.008544921875,1208.008544921875,0,0.0,0.0
2003-04-08 00:00:00+09:00,1208.008544921875,1208.008544921875,1208.008544921875,1208.008544921875,0,0.0,0.0
2003-04-09 00:00:00+09:00,1208.008544921875,1208.008544921875,1208.008544921875,1208.008544921875,0,0.0,0.0
2003-04-10 00:00:00+09:00,1208.008544921875,1208.008544921875,1208.008544921875,1208.008544921875,0,0.0,0.0
2003-04-11 00:00:00+09:00,1208.008544921875,1208.008544921875,1208.008544921875,1208.008544921875,0,0.0,0.0
2003-04-14 00:00:00+09:00,1249.6641845703125,1249.6641845703125,1249.6641845703125,1249.6641845703125,200,0.0,0.0
2003-04-15 00:00:00+09:00,1228.836225237165,1228.836225237165,1145.5252947126116,1166.35302734375,3800,0.0,0.0
2003-04-16 00:00:00+09:00,1166.35302734375,1166.35302734375,1166.35302734375,1166.35302734375,0,0.0,0.0
2003-04-17 00:00:00+09:00,1166.35302734375,1166.35302734375,1166.35302734375,1166.35302734375,0,0.0,0.0
2003-04-18 00:00:00+09:00,1166.35302734375,1166.35302734375,1166.35302734375,1166.35302734375,0,0.0,0.0
2003-04-21 00:00:00+09:00,1249.6641845703125,1249.6641845703125,1249.6641845703125,1249.6641845703125,1800,0.0,0.0
2003-04-22 00:00:00+09:00,1199.6773995535714,1199.6773995535714,1166.35302734375,1166.35302734375,800,0.0,0.0
2003-04-23 00:00:00+09:00,1166.3529968261719,1199.6773681640625,1166.3529968261719,1199.6773681640625,1600,0.0,0.0
2003-04-24 00:00:00+09:00,1130.586181640625,1130.586181640625,1130.586181640625,1130.586181640625,400,7.5,0.0
2003-04-25 00:00:00+09:00,1130.586181640625,1130.586181640625,1130.586181640625,1130.586181640625,0,0.0,0.0
2003-04-28 00:00:00+09:00,1130.586181640625,1130.586181640625,1130.586181640625,1130.586181640625,0,0.0,0.0
2003-04-29 00:00:00+09:00,1130.586181640625,1130.586181640625,1130.586181640625,1130.586181640625,0,0.0,0.0
2003-04-30 00:00:00+09:00,1130.586181640625,1130.586181640625,1130.586181640625,1130.586181640625,0,0.0,0.0
2003-05-01 00:00:00+09:00,1130.586181640625,1130.586181640625,1130.586181640625,1130.586181640625,0,0.0,0.0
2003-05-02 00:00:00+09:00,1130.586181640625,1130.586181640625,1130.586181640625,1130.586181640625,0,0.0,0.0
2003-05-05 00:00:00+09:00,1130.586181640625,1130.586181640625,1130.586181640625,1130.586181640625,0,0.0,0.0
2003-05-06 00:00:00+09:00,1130.586181640625,1130.586181640625,1130.586181640625,1130.586181640625,0,0.0,0.0
2003-05-07 00:00:00+09:00,1130.586181640625,1130.586181640625,1130.586181640625,1130.586181640625,0,0.0,0.0
2003-05-08 00:00:00+09:00,1130.586181640625,1130.586181640625,1130.586181640625,1130.586181640625,0,0.0,0.0
2003-05-09 00:00:00+09:00,1130.586181640625,1130.586181640625,1130.586181640625,1130.586181640625,0,0.0,0.0
2003-05-12 00:00:00+09:00,1130.586181640625,1130.586181640625,1130.586181640625,1130.586181640625,0,0.0,0.0
2003-05-13 00:00:00+09:00,1130.586181640625,1130.586181640625,1130.586181640625,1130.586181640625,0,0.0,0.0
2003-05-14 00:00:00+09:00,1130.586181640625,1130.586181640625,1130.586181640625,1130.586181640625,0,0.0,0.0
2003-05-15 00:00:00+09:00,1172.4595947265625,1172.4595947265625,1172.4595947265625,1172.4595947265625,800,0.0,0.0
2003-05-16 00:00:00+09:00,1172.4595947265625,1172.4595947265625,1172.4595947265625,1172.4595947265625,0,0.0,0.0
2003-05-19 00:00:00+09:00,1172.4595947265625,1172.4595947265625,1172.4595947265625,1172.4595947265625,0,0.0,0.0
2003-05-20 00:00:00+09:00,1172.4594640899122,1235.2697925233003,1172.4594640899122,1193.396240234375,1600,0.0,0.0
2003-05-21 00:00:00+09:00,1193.396240234375,1193.396240234375,1193.396240234375,1193.396240234375,0,0.0,0.0
2003-05-22 00:00:00+09:00,1193.396240234375,1193.396240234375,1193.396240234375,1193.396240234375,0,0.0,0.0
2003-05-23 00:00:00+09:00,1193.396240234375,1193.396240234375,1193.396240234375,1193.396240234375,0,0.0,0.0
2003-05-26 00:00:00+09:00,1193.396240234375,1193.396240234375,1193.396240234375,1193.396240234375,0,0.0,0.0
2003-05-27 00:00:00+09:00,1193.396240234375,1193.396240234375,1193.396240234375,1193.396240234375,0,0.0,0.0
2003-05-28 00:00:00+09:00,1193.396240234375,1193.396240234375,1193.396240234375,1193.396240234375,0,0.0,0.0
2003-05-29 00:00:00+09:00,1193.396240234375,1193.396240234375,1193.396240234375,1193.396240234375,0,0.0,0.0
2003-05-30 00:00:00+09:00,1193.396240234375,1193.396240234375,1193.396240234375,1193.396240234375,0,0.0,0.0
2003-06-02 00:00:00+09:00,1193.396240234375,1193.396240234375,1193.396240234375,1193.396240234375,0,0.0,0.0
2003-06-03 00:00:00+09:00,1193.396240234375,1193.396240234375,1193.396240234375,1193.396240234375,0,0.0,0.0
2003-06-04 00:00:00+09:00,1193.396240234375,1193.396240234375,1193.396240234375,1193.396240234375,0,0.0,0.0
2003-06-05 00:00:00+09:00,1193.396240234375,1193.396240234375,1193.396240234375,1193.396240234375,0,0.0,0.0
2003-06-06 00:00:00+09:00,1193.396240234375,1193.396240234375,1193.396240234375,1193.396240234375,0,0.0,0.0
2003-06-09 00:00:00+09:00,1151.522962782118,1151.522962782118,1130.586181640625,1130.586181640625,600,0.0,0.0
2003-06-10 00:00:00+09:00,1130.586181640625,1130.586181640625,1130.586181640625,1130.586181640625,0,0.0,0.0
2003-06-11 00:00:00+09:00,1130.586181640625,1130.586181640625,1130.586181640625,1130.586181640625,0,0.0,0.0
2003-06-12 00:00:00+09:00,1130.586181640625,1130.586181640625,1130.586181640625,1130.586181640625,0,0.0,0.0
2003-06-13 00:00:00+09:00,1092.8997802734375,1151.5227569930855,1092.8997802734375,1092.8997802734375,1400,0.0,0.0
2003-06-16 00:00:00+09:00,1004.965587797619,1055.2138671875,1004.965587797619,1055.2138671875,1200,0.0,0.0
2003-06-17 00:00:00+09:00,1055.2138671875,1055.2138671875,1055.2138671875,1055.2138671875,0,0.0,0.0
2003-06-18 00:00:00+09:00,1046.8392333984375,1046.8392333984375,1046.8392333984375,1046.8392333984375,200,0.0,0.0
2003-06-19 00:00:00+09:00,1067.7756998697917,1067.7756998697917,921.2182508680555,942.155029296875,1400,0.0,0.0
2003-06-20 00:00:00+09:00,1046.8392333984375,1046.8392333984375,1046.8392333984375,1046.8392333984375,1200,0.0,0.0
2003-06-23 00:00:00+09:00,1046.8392333984375,1067.7760180664063,1046.8392333984375,1046.8392333984375,600,0.0,0.0
2003-06-24 00:00:00+09:00,1046.8392333984375,1046.8392333984375,1046.8392333984375,1046.8392333984375,0,0.0,0.0
2003-06-25 00:00:00+09:00,1046.8392333984375,1046.8392333984375,1046.8392333984375,1046.8392333984375,0,0.0,0.0
2003-06-26 00:00:00+09:00,1046.8392333984375,1046.8392333984375,1046.8392333984375,1046.8392333984375,0,0.0,0.0
2003-06-27 00:00:00+09:00,1046.8392333984375,1046.8392333984375,1046.8392333984375,1046.8392333984375,0,0.0,0.0
2003-06-30 00:00:00+09:00,1046.8392333984375,1046.8392333984375,1046.8392333984375,1046.8392333984375,0,0.0,0.0
2003-07-01 00:00:00+09:00,1030.0895536534927,1067.7757568359375,1030.0895536534927,1067.7757568359375,400,0.0,0.0
2003-07-02 00:00:00+09:00,1109.649169921875,1109.649169921875,1109.649169921875,1109.649169921875,200,0.0,0.0
2003-07-03 00:00:00+09:00,1088.7124470718034,1109.6492249001074,1088.7124470718034,1097.087158203125,1000,0.0,0.0
2003-07-04 00:00:00+09:00,1097.087158203125,1097.087158203125,1097.087158203125,1097.087158203125,0,0.0,0.0
2003-07-07 00:00:00+09:00,1097.087158203125,1097.087158203125,1097.087158203125,1097.087158203125,0,0.0,0.0
2003-07-08 00:00:00+09:00,1097.087158203125,1097.087158203125,1097.087158203125,1097.087158203125,0,0.0,0.0
2003-07-09 00:00:00+09:00,1046.839020131627,1076.1505126953125,1046.839020131627,1076.1505126953125,400,0.0,0.0
2003-07-10 00:00:00+09:00,1067.7757568359375,1067.7757568359375,1067.7757568359375,1067.7757568359375,200,0.0,0.0
2003-07-11 00:00:00+09:00,1088.712619357639,1130.586181640625,1088.712619357639,1130.586181640625,600,0.0,0.0
2003-07-14 00:00:00+09:00,1130.586181640625,1130.586181640625,1130.586181640625,1130.586181640625,0,0.0,0.0
2003-07-15 00:00:00+09:00,1109.649169921875,1109.649169921875,963.0917323850235,1109.649169921875,1800,0.0,0.0
2003-07-16 00:00:00+09:00,1109.649169921875,1109.649169921875,1109.649169921875,1109.649169921875,0,0.0,0.0
2003-07-17 00:00:00+09:00,1109.649169921875,1109.649169921875,1109.649169921875,1109.649169921875,0,0.0,0.0
2003-07-18 00:00:00+09:00,1109.649169921875,1109.649169921875,1109.649169921875,1109.649169921875,0,0.0,0.0
2003-07-21 00:00:00+09:00,1109.649169921875,1109.649169921875,1109.649169921875,1109.649169921875,0,0.0,0.0
2003-07-22 00:00:00+09:00,1130.5860377720426,1235.2699301583427,1130.5860377720426,1172.4595947265625,1800,0.0,0.0
2003-07-23 00:00:00+09:00,1172.4595947265625,1172.4595947265625,1172.4595947265625,1172.4595947265625,0,0.0,0.0
2003-07-24 00:00:00+09:00,1172.4595947265625,1172.4595947265625,1172.4595947265625,1172.4595947265625,0,0.0,0.0
2003-07-25 00:00:00+09:00,1143.148115678267,1172.4596058238637,1138.960759943182,1151.5228271484375,2200,0.0,0.0
2003-07-28 00:00:00+09:00,1151.5228271484375,1151.5228271484375,1151.5228271484375,1151.5228271484375,400,0.0,0.0
2003-07-29 00:00:00+09:00,1176.6469504220145,1176.6469504220145,1151.5228162493024,1172.4595947265625,1600,0.0,0.0
2003-07-30 00:00:00+09:00,1172.4595947265625,1193.3963732038226,1172.4595947265625,1172.4595947265625,600,0.0,0.0
2003-07-31 00:00:00+09:00,1172.4595947265625,1172.4595947265625,1172.4595947265625,1172.4595947265625,0,0.0,0.0
2003-08-01 00:00:00+09:00,1172.4595947265625,1172.4595947265625,1172.4595947265625,1172.4595947265625,400,0.0,0.0
2003-08-04 00:00:00+09:00,1172.4595947265625,1172.4595947265625,1172.4595947265625,1172.4595947265625,0,0.0,0.0
2003-08-05 00:00:00+09:00,1197.5836971994174,1402.7641208454713,1197.5836971994174,1235.2698974609375,10400,0.0,0.0
2003-08-06 00:00:00+09:00,1235.2698974609375,1235.2698974609375,1235.2698974609375,1235.2698974609375,0,0.0,0.0
2003-08-07 00:00:00+09:00,1235.2698974609375,1235.2698974609375,1235.2698974609375,1235.2698974609375,0,0.0,0.0
2003-08-08 00:00:00+09:00,1235.2698974609375,1235.2698974609375,1235.2698974609375,1235.2698974609375,0,0.0,0.0
2003-08-11 00:00:00+09:00,1235.2698974609375,1235.2698974609375,1235.2698974609375,1235.2698974609375,0,0.0,0.0
2003-08-12 00:00:00+09:00,1256.2066860856683,1256.2066860856683,1214.3331298828125,1214.3331298828125,1600,0.0,0.0
2003-08-13 00:00:00+09:00,1256.2069091796875,1256.2069091796875,1256.2069091796875,1256.2069091796875,200,0.0,0.0
2003-08-14 00:00:00+09:00,1235.2699079842403,1235.2699079842403,1214.3331298828125,1214.3331298828125,400,0.0,0.0
2003-08-15 00:00:00+09:00,1214.3331298828125,1214.3331298828125,1214.3331298828125,1214.3331298828125,0,0.0,0.0
2003-08-18 00:00:00+09:00,1256.2069091796875,1256.2069091796875,1256.2069091796875,1256.2069091796875,200,0.0,0.0
2003-08-19 00:00:00+09:00,1235.2698974609375,1235.2698974609375,1235.2698974609375,1235.2698974609375,200,0.0,0.0
2003-08-20 00:00:00+09:00,1256.2065349641393,1277.143310546875,1256.2065349641393,1277.143310546875,1000,0.0,0.0
2003-08-21 00:00:00+09:00,1235.2698974609375,1235.2698974609375,1235.2698974609375,1235.2698974609375,200,0.0,0.0
2003-08-22 00:00:00+09:00,1235.2698974609375,1235.2698974609375,1235.2698974609375,1235.2698974609375,0,0.0,0.0
2003-08-25 00:00:00+09:00,1243.6447971011169,1247.8321533203125,1243.6447971011169,1247.8321533203125,1000,0.0,0.0
2003-08-26 00:00:00+09:00,1247.8321533203125,1247.8321533203125,1247.8321533203125,1247.8321533203125,0,0.0,0.0
2003-08-27 00:00:00+09:00,1247.8321533203125,1247.8321533203125,1247.8321533203125,1247.8321533203125,0,0.0,0.0
2003-08-28 00:00:00+09:00,1247.8321533203125,1247.8321533203125,1247.8321533203125,1247.8321533203125,0,0.0,0.0
2003-08-29 00:00:00+09:00,1235.2697925233003,1235.2697925233003,1193.396240234375,1193.396240234375,400,0.0,0.0
2003-09-01 00:00:00+09:00,1193.396240234375,1193.396240234375,1193.396240234375,1193.396240234375,0,0.0,0.0
2003-09-02 00:00:00+09:00,1193.396240234375,1193.396240234375,1193.396240234375,1193.396240234375,400,0.0,0.0
2003-09-03 00:00:00+09:00,1193.396240234375,1193.396240234375,1193.396240234375,1193.396240234375,0,0.0,0.0
2003-09-04 00:00:00+09:00,1193.396240234375,1193.396240234375,1193.396240234375,1193.396240234375,0,0.0,0.0
2003-09-05 00:00:00+09:00,1235.2698974609375,1235.2698974609375,1235.2698974609375,1235.2698974609375,400,0.0,0.0
2003-09-08 00:00:00+09:00,1235.2703230348352,1235.2703230348352,1222.708251953125,1222.708251953125,400,0.0,0.0
2003-09-09 00:00:00+09:00,1256.206830763659,1264.58154296875,1256.206830763659,1264.58154296875,1200,0.0,0.0
2003-09-10 00:00:00+09:00,1264.58154296875,1264.58154296875,1264.58154296875,1264.58154296875,0,0.0,0.0
2003-09-11 00:00:00+09:00,1264.58154296875,1264.58154296875,1264.58154296875,1264.58154296875,0,0.0,0.0
2003-09-12 00:00:00+09:00,1264.58154296875,1264.58154296875,1264.58154296875,1264.58154296875,0,0.0,0.0
2003-09-15 00:00:00+09:00,1264.58154296875,1264.58154296875,1264.58154296875,1264.58154296875,0,0.0,0.0
2003-09-16 00:00:00+09:00,1256.2068684895833,1319.0172119140625,1256.2068684895833,1319.0172119140625,800,0.0,0.0
2003-09-17 00:00:00+09:00,1277.1436496310764,1319.0172119140625,1277.1436496310764,1319.0172119140625,400,0.0,0.0
2003-09-18 00:00:00+09:00,1298.0800861296107,1298.0800861296107,1277.143310546875,1277.143310546875,400,0.0,0.0
2003-09-19 00:00:00+09:00,1277.143310546875,1277.143310546875,1277.143310546875,1277.143310546875,0,0.0,0.0
2003-09-22 00:00:00+09:00,1277.143310546875,1289.7053758965164,1277.143310546875,1277.143310546875,1400,0.0,0.0
2003-09-23 00:00:00+09:00,1277.143310546875,1277.143310546875,1277.143310546875,1277.143310546875,0,0.0,0.0
2003-09-24 00:00:00+09:00,1277.143310546875,1277.143310546875,1277.143310546875,1277.143310546875,200,0.0,0.0
2003-09-25 00:00:00+09:00,1272.9563346354169,1272.9563346354169,1256.2069091796875,1256.2069091796875,400,0.0,0.0
2003-09-26 00:00:00+09:00,1214.3331195378707,1235.2698974609375,1214.3331195378707,1235.2698974609375,400,0.0,0.0
2003-09-29 00:00:00+09:00,1235.2698974609375,1235.2698974609375,1235.2698974609375,1235.2698974609375,0,0.0,0.0
2003-09-30 00:00:00+09:00,1235.2698974609375,1235.2698974609375,1235.2698974609375,1235.2698974609375,0,0.0,0.0
2003-10-01 00:00:00+09:00,1235.2698974609375,1235.2698974609375,1235.2698974609375,1235.2698974609375,0,0.0,0.0
2003-10-02 00:00:00+09:00,1235.2698974609375,1235.2698974609375,1235.2698974609375,1235.2698974609375,0,0.0,0.0
2003-10-03 00:00:00+09:00,1235.2698974609375,1235.2698974609375,1235.2698974609375,1235.2698974609375,0,0.0,0.0
2003-10-06 00:00:00+09:00,1214.3331195378707,1235.2698974609375,1214.3331195378707,1235.2698974609375,400,0.0,0.0
2003-10-07 00:00:00+09:00,1252.0193197993908,1252.0193197993908,1235.2698974609375,1235.2698974609375,400,0.0,0.0
2003-10-08 00:00:00+09:00,1235.2698974609375,1235.2698974609375,1235.2698974609375,1235.2698974609375,0,0.0,0.0
2003-10-09 00:00:00+09:00,1235.2698974609375,1235.2698974609375,1235.2698974609375,1235.2698974609375,0,0.0,0.0
2003-10-10 00:00:00+09:00,1235.2698974609375,1235.2698974609375,1235.2698974609375,1235.2698974609375,0,0.0,0.0
2003-10-13 00:00:00+09:00,1235.2698974609375,1235.2698974609375,1235.2698974609375,1235.2698974609375,0,0.0,0.0
2003-10-14 00:00:00+09:00,1235.2698974609375,1235.2698974609375,1235.2698974609375,1235.2698974609375,0,0.0,0.0
2003-10-15 00:00:00+09:00,1277.143310546875,1277.143310546875,1277.143310546875,1277.143310546875,400,0.0,0.0
2003-10-16 00:00:00+09:00,1277.143310546875,1277.143310546875,1277.143310546875,1277.143310546875,0,0.0,0.0
2003-10-17 00:00:00+09:00,1235.2698974609375,1235.2698974609375,1235.2698974609375,1235.2698974609375,200,0.0,0.0
2003-10-20 00:00:00+09:00,1277.143690999349,1277.143690999349,1256.2069091796875,1256.2069091796875,1400,0.0,0.0
2003-10-21 00:00:00+09:00,1256.2069091796875,1256.2069091796875,1256.2069091796875,1256.2069091796875,0,0.0,0.0
2003-10-22 00:00:00+09:00,1256.2069091796875,1256.2069091796875,1256.2069091796875,1256.2069091796875,0,0.0,0.0
2003-10-23 00:00:00+09:00,1235.2698974609375,1235.2698974609375,1235.2698974609375,1235.2698974609375,200,0.0,0.0
2003-10-24 00:00:00+09:00,1235.2698974609375,1235.2698974609375,1235.2698974609375,1235.2698974609375,0,0.0,0.0
2003-10-27 00:00:00+09:00,1235.2698974609375,1235.2698974609375,1235.2698974609375,1235.2698974609375,0,0.0,0.0
2003-10-28 00:00:00+09:00,1214.3331298828125,1214.3331298828125,1214.3331298828125,1214.3331298828125,200,0.0,0.0
2003-10-29 00:00:00+09:00,1239.45751953125,1239.45751953125,1231.0828065614442,1239.45751953125,600,0.0,0.0
2003-10-30 00:00:00+09:00,1239.45751953125,1239.45751953125,1239.45751953125,1239.45751953125,0,0.0,0.0
2003-10-31 00:00:00+09:00,1252.01953125,1252.01953125,1252.01953125,1252.01953125,200,0.0,0.0
2003-11-03 00:00:00+09:00,1252.01953125,1252.01953125,1252.01953125,1252.01953125,0,0.0,0.0
2003-11-04 00:00:00+09:00,1252.01953125,1252.01953125,1252.01953125,1252.01953125,0,0.0,0.0
2003-11-05 00:00:00+09:00,1235.270163046347,1239.45751953125,1235.270163046347,1239.45751953125,1000,0.0,0.0
2003-11-06 00:00:00+09:00,1239.45751953125,1239.45751953125,1239.45751953125,1239.45751953125,0,0.0,0.0
2003-11-07 00:00:00+09:00,1235.270163046347,1239.45751953125,1235.270163046347,1239.45751953125,400,0.0,0.0
2003-11-10 00:00:00+09:00,1239.45751953125,1239.45751953125,1239.45751953125,1239.45751953125,0,0.0,0.0
2003-11-11 00:00:00+09:00,1235.270163046347,1239.45751953125,1235.270163046347,1239.45751953125,600,0.0,0.0
2003-11-12 00:00:00+09:00,1239.45751953125,1239.45751953125,1239.45751953125,1239.45751953125,0,0.0,0.0
2003-11-13 00:00:00+09:00,1239.45751953125,1239.45751953125,1239.45751953125,1239.45751953125,0,0.0,0.0
2003-11-14 00:00:00+09:00,1235.2698974609375,1235.2698974609375,1235.2698974609375,1235.2698974609375,200,0.0,0.0
2003-11-17 00:00:00+09:00,1235.270163046347,1239.45751953125,1235.270163046347,1239.45751953125,1200,0.0,0.0
2003-11-18 00:00:00+09:00,1239.45751953125,1239.45751953125,1239.45751953125,1239.45751953125,0,0.0,0.0
2003-11-19 00:00:00+09:00,1239.45751953125,1239.45751953125,1239.45751953125,1239.45751953125,0,0.0,0.0
2003-11-20 00:00:00+09:00,1235.2698974609375,1256.2066753840043,1235.2698974609375,1235.2698974609375,1400,0.0,0.0
2003-11-21 00:00:00+09:00,1235.2698974609375,1235.2698974609375,1235.2698974609375,1235.2698974609375,0,0.0,0.0
2003-11-24 00:00:00+09:00,1235.2698974609375,1235.2698974609375,1235.2698974609375,1235.2698974609375,0,0.0,0.0
2003-11-25 00:00:00+09:00,1222.7077268366227,1222.7077268366227,1193.396240234375,1193.396240234375,400,0.0,0.0
2003-11-26 00:00:00+09:00,1193.396240234375,1193.396240234375,1193.396240234375,1193.396240234375,0,0.0,0.0
2003-11-27 00:00:00+09:00,1193.396240234375,1193.396240234375,1193.396240234375,1193.396240234375,0,0.0,0.0
2003-11-28 00:00:00+09:00,1151.5228271484375,1155.7101828835227,1151.5228271484375,1151.5228271484375,600,0.0,0.0
2003-12-01 00:00:00+09:00,1109.649169921875,1109.649169921875,1109.649169921875,1109.649169921875,400,0.0,0.0
2003-12-02 00:00:00+09:00,1109.649169921875,1109.649169921875,1109.649169921875,1109.649169921875,0,0.0,0.0
2003-12-03 00:00:00+09:00,1109.649169921875,1109.649169921875,1109.649169921875,1109.649169921875,0,0.0,0.0
2003-12-04 00:00:00+09:00,1088.7127685546875,1088.7127685546875,1088.7127685546875,1088.7127685546875,200,0.0,0.0
2003-12-05 00:00:00+09:00,1109.6495525653545,1109.6495525653545,1088.7127685546875,1088.7127685546875,600,0.0,0.0
2003-12-08 00:00:00+09:00,1088.7127685546875,1088.7127685546875,1088.7127685546875,1088.7127685546875,0,0.0,0.0
2003-12-09 00:00:00+09:00,1088.7127685546875,1088.7127685546875,1088.7127685546875,1088.7127685546875,0,0.0,0.0
2003-12-10 00:00:00+09:00,1088.7127685546875,1088.7127685546875,1088.7127685546875,1088.7127685546875,600,0.0,0.0
2003-12-11 00:00:00+09:00,1088.7127685546875,1088.7127685546875,1088.7127685546875,1088.7127685546875,0,0.0,0.0
2003-12-12 00:00:00+09:00,1088.7127685546875,1088.7127685546875,1088.7127685546875,1088.7127685546875,0,0.0,0.0
2003-12-15 00:00:00+09:00,1151.5226879454494,1214.3330163788376,1151.5226879454494,1193.396240234375,1000,0.0,0.0
2003-12-16 00:00:00+09:00,1193.396240234375,1193.396240234375,1193.396240234375,1193.396240234375,0,0.0,0.0
2003-12-17 00:00:00+09:00,1214.3330163788376,1214.3330163788376,1193.396240234375,1193.396240234375,1800,0.0,0.0
2003-12-18 00:00:00+09:00,1172.4594640899122,1193.396240234375,1172.4594640899122,1193.396240234375,400,0.0,0.0
2003-12-19 00:00:00+09:00,1151.5228271484375,1151.5228271484375,1151.5228271484375,1151.5228271484375,200,0.0,0.0
2003-12-22 00:00:00+09:00,1151.5228162493024,1214.3331516810827,1151.5228162493024,1172.4595947265625,1200,0.0,0.0
2003-12-23 00:00:00+09:00,1172.4595947265625,1172.4595947265625,1172.4595947265625,1172.4595947265625,0,0.0,0.0
2003-12-24 00:00:00+09:00,1193.3965637207032,1256.2069091796875,1193.3965637207032,1256.2069091796875,2800,0.0,0.0
2003-12-25 00:00:00+09:00,1172.4595947265625,1193.3963732038226,1172.4595947265625,1172.4595947265625,800,0.0,0.0
2003-12-26 00:00:00+09:00,1172.4595947265625,1172.4595947265625,1172.4595947265625,1172.4595947265625,0,0.0,0.0
2003-12-29 00:00:00+09:00,1172.4595947265625,1172.4595947265625,1172.4595947265625,1172.4595947265625,0,0.0,0.0
2003-12-30 00:00:00+09:00,1172.4595947265625,1172.4595947265625,1172.4595947265625,1172.4595947265625,0,0.0,0.0
2003-12-31 00:00:00+09:00,1172.4595947265625,1172.4595947265625,1172.4595947265625,1172.4595947265625,0,0.0,0.0
2004-01-01 00:00:00+09:00,1172.4595947265625,1172.4595947265625,1172.4595947265625,1172.4595947265625,0,0.0,0.0
2004-01-02 00:00:00+09:00,1172.4595947265625,1172.4595947265625,1172.4595947265625,1172.4595947265625,0,0.0,0.0
2004-01-05 00:00:00+09:00,1172.4595947265625,1172.4595947265625,1172.4595947265625,1172.4595947265625,0,0.0,0.0
2004-01-06 00:00:00+09:00,1214.3330163788376,1214.3330163788376,1193.396240234375,1193.396240234375,1000,0.0,0.0
2004-01-07 00:00:00+09:00,1193.3963517813847,1214.3331298828125,1193.3963517813847,1214.3331298828125,600,0.0,0.0
2004-01-08 00:00:00+09:00,1214.3331298828125,1214.3331298828125,1214.3331298828125,1214.3331298828125,0,0.0,0.0
2004-01-09 00:00:00+09:00,1214.3331298828125,1214.3331298828125,1214.3331298828125,1214.3331298828125,0,0.0,0.0
2004-01-12 00:00:00+09:00,1214.3331298828125,1214.3331298828125,1214.3331298828125,1214.3331298828125,0,0.0,0.0
2004-01-13 00:00:00+09:00,1214.3331298828125,1214.3331298828125,1214.3331298828125,1214.3331298828125,0,0.0,0.0
2004-01-14 00:00:00+09:00,1214.3331298828125,1214.3331298828125,1214.3331298828125,1214.3331298828125,0,0.0,0.0
2004-01-15 00:00:00+09:00,1239.4574837239584,1319.017254638672,1239.4574837239584,1256.2069091796875,1200,0.0,0.0
2004-01-16 00:00:00+09:00,1277.143690999349,1277.143690999349,1256.2069091796875,1256.2069091796875,400,0.0,0.0
2004-01-19 00:00:00+09:00,1256.2069091796875,1256.2069091796875,1256.2069091796875,1256.2069091796875,0,0.0,0.0
2004-01-20 00:00:00+09:00,1272.9565461189516,1298.0806884765625,1272.9565461189516,1298.0806884765625,1600,0.0,0.0
2004-01-21 00:00:00+09:00,1310.6424560546875,1310.6424560546875,1310.6424560546875,1310.6424560546875,200,0.0,0.0
2004-01-22 00:00:00+09:00,1298.0806884765625,1310.6427596553679,1298.0806884765625,1298.0806884765625,3200,0.0,0.0
2004-01-23 00:00:00+09:00,1298.0806884765625,1298.0806884765625,1298.0806884765625,1298.0806884765625,0,0.0,0.0
2004-01-26 00:00:00+09:00,1298.0806884765625,1298.0806884765625,1298.0806884765625,1298.0806884765625,0,0.0,0.0
2004-01-27 00:00:00+09:00,1319.0174737745715,1319.0174737745715,1281.3312602381552,1298.0806884765625,800,0.0,0.0
2004-01-28 00:00:00+09:00,1298.0806884765625,1298.0806884765625,1298.0806884765625,1298.0806884765625,0,0.0,0.0
2004-01-29 00:00:00+09:00,1281.3306656634222,1281.3306656634222,1277.143310546875,1277.143310546875,600,0.0,0.0
2004-01-30 00:00:00+09:00,1256.2069091796875,1256.2069091796875,1256.2069091796875,1256.2069091796875,200,0.0,0.0
2004-02-02 00:00:00+09:00,1277.143310546875,1277.143310546875,1277.143310546875,1277.143310546875,200,0.0,0.0
2004-02-03 00:00:00+09:00,1277.143310546875,1277.143310546875,1277.143310546875,1277.143310546875,0,0.0,0.0
2004-02-04 00:00:00+09:00,1277.143310546875,1277.143310546875,1277.143310546875,1277.143310546875,0,0.0,0.0
2004-02-05 00:00:00+09:00,1298.0804007393974,1298.0804007393974,1289.7056884765625,1289.7056884765625,400,0.0,0.0
2004-02-06 00:00:00+09:00,1289.7056884765625,1289.7056884765625,1289.7056884765625,1289.7056884765625,0,0.0,0.0
2004-02-09 00:00:00+09:00,1289.7056884765625,1289.7056884765625,1289.7056884765625,1289.7056884765625,0,0.0,0.0
2004-02-10 00:00:00+09:00,1289.7056884765625,1289.7056884765625,1289.7056884765625,1289.7056884765625,0,0.0,0.0
2004-02-11 00:00:00+09:00,1289.7056884765625,1289.7056884765625,1289.7056884765625,1289.7056884765625,0,0.0,0.0
2004-02-12 00:00:00+09:00,1289.705789075224,1289.705789075224,1285.5184326171875,1285.5184326171875,400,0.0,0.0
2004-02-13 00:00:00+09:00,1285.5184326171875,1285.5184326171875,1285.5184326171875,1285.5184326171875,0,0.0,0.0
2004-02-16 00:00:00+09:00,1339.953857421875,1339.953857421875,1339.953857421875,1339.953857421875,400,0.0,0.0
2004-02-17 00:00:00+09:00,1285.5184326171875,1285.5184326171875,1285.5184326171875,1285.5184326171875,200,0.0,0.0
2004-02-18 00:00:00+09:00,1285.5184326171875,1285.5184326171875,1285.5184326171875,1285.5184326171875,0,0.0,0.0
2004-02-19 00:00:00+09:00,1360.8908260569854,1423.701171875,1339.954044117647,1423.701171875,1200,0.0,0.0
2004-02-20 00:00:00+09:00,1465.574462890625,1528.3847970145089,1465.574462890625,1465.574462890625,1000,0.0,0.0
2004-02-23 00:00:00+09:00,1444.6375732421875,1444.6375732421875,1444.6375732421875,1444.6375732421875,200,0.0,0.0
2004-02-24 00:00:00+09:00,1444.6375732421875,1444.6375732421875,1444.6375732421875,1444.6375732421875,200,0.0,0.0
2004-02-25 00:00:00+09:00,1507.448108411815,1528.3848876953125,1486.5113291283176,1528.3848876953125,3400,0.0,0.0
2004-02-26 00:00:00+09:00,1528.3848876953125,1528.3848876953125,1528.3848876953125,1528.3848876953125,0,0.0,0.0
2004-02-27 00:00:00+09:00,1507.4483642578125,1507.4483642578125,1507.4483642578125,1507.4483642578125,200,0.0,0.0
2004-03-01 00:00:00+09:00,1507.4483642578125,1507.4483642578125,1507.4483642578125,1507.4483642578125,0,0.0,0.0
2004-03-02 00:00:00+09:00,1507.4483642578125,1507.4483642578125,1507.4483642578125,1507.4483642578125,0,0.0,0.0
2004-03-03 00:00:00+09:00,1528.3848539653577,1591.1951904296875,1528.3848539653577,1591.1951904296875,600,0.0,0.0
2004-03-04 00:00:00+09:00,1591.1951904296875,1591.1951904296875,1591.1951904296875,1591.1951904296875,0,0.0,0.0
2004-03-05 00:00:00+09:00,1612.1321061197916,1612.1321061197916,1570.258544921875,1570.258544921875,800,0.0,0.0
2004-03-08 00:00:00+09:00,1570.258544921875,1570.258544921875,1570.258544921875,1570.258544921875,0,0.0,0.0
2004-03-09 00:00:00+09:00,1570.258544921875,1570.258544921875,1570.258544921875,1570.258544921875,0,0.0,0.0
2004-03-10 00:00:00+09:00,1570.258544921875,1570.258544921875,1570.258544921875,1570.258544921875,0,0.0,0.0
2004-03-11 00:00:00+09:00,1570.258544921875,1570.258544921875,1570.258544921875,1570.258544921875,0,0.0,0.0
2004-03-12 00:00:00+09:00,1570.258544921875,1570.258544921875,1570.258544921875,1570.258544921875,0,0.0,0.0
2004-03-15 00:00:00+09:00,1591.1951904296875,1591.1951904296875,1591.1951904296875,1591.1951904296875,400,0.0,0.0
2004-03-16 00:00:00+09:00,1515.822998046875,1515.822998046875,1515.822998046875,1515.822998046875,200,0.0,0.0
2004-03-17 00:00:00+09:00,1465.574462890625,1465.574462890625,1465.574462890625,1465.574462890625,200,0.0,0.0
2004-03-18 00:00:00+09:00,1465.574462890625,1465.574462890625,1465.574462890625,1465.574462890625,0,0.0,0.0
2004-03-19 00:00:00+09:00,1423.7009068080358,1465.574462890625,1423.7009068080358,1465.574462890625,400,0.0,0.0
2004-03-22 00:00:00+09:00,1591.195213524071,1591.195213524071,1549.3216552734375,1549.3216552734375,1400,0.0,0.0
2004-03-23 00:00:00+09:00,1591.195420302354,1612.1322021484375,1570.2586384562703,1612.1322021484375,1400,0.0,0.0
2004-03-24 00:00:00+09:00,1612.1321880634014,1654.0057513897236,1612.1321880634014,1633.0689697265625,1600,0.0,0.0
2004-03-25 00:00:00+09:00,1633.0689697265625,1633.0689697265625,1633.0689697265625,1633.0689697265625,400,0.0,0.0
2004-03-26 00:00:00+09:00,1654.005615234375,1654.005615234375,1654.005615234375,1654.005615234375,200,0.0,0.0
2004-03-29 00:00:00+09:00,1654.005615234375,1654.005615234375,1654.005615234375,1654.005615234375,0,0.0,0.0
2004-03-30 00:00:00+09:00,1654.0055795064789,1716.81591796875,1654.0055795064789,1716.81591796875,800,0.0,0.0
2004-03-31 00:00:00+09:00,1737.7526974561738,1737.7526974561738,1716.81591796875,1716.81591796875,400,0.0,0.0
2004-04-01 00:00:00+09:00,1695.8791384813262,1737.7526974561738,1695.8791384813262,1716.81591796875,800,0.0,0.0
2004-04-02 00:00:00+09:00,1716.81591796875,1716.81591796875,1716.81591796875,1716.81591796875,600,0.0,0.0
2004-04-05 00:00:00+09:00,1721.003608921596,1758.6898193359375,1716.8162522088912,1758.6898193359375,600,0.0,0.0
2004-04-06 00:00:00+09:00,1758.6894769435976,1758.6894769435976,1716.81591796875,1716.81591796875,1800,0.0,0.0
2004-04-07 00:00:00+09:00,1737.7530517578125,1737.7530517578125,1737.7530517578125,1737.7530517578125,800,0.0,0.0
2004-04-08 00:00:00+09:00,1737.7526974561738,1758.6894769435976,1716.81591796875,1716.81591796875,800,0.0,0.0
2004-04-09 00:00:00+09:00,1716.8159399473466,1721.0032958984375,1716.8159399473466,1721.0032958984375,400,0.0,0.0
2004-04-12 00:00:00+09:00,1721.0032859519677,1721.0032859519677,1695.879150390625,1695.879150390625,1600,0.0,0.0
2004-04-13 00:00:00+09:00,1716.815930025077,1716.815930025077,1695.879150390625,1695.879150390625,400,0.0,0.0
2004-04-14 00:00:00+09:00,1716.81591796875,1716.81591796875,1716.81591796875,1716.81591796875,200,0.0,0.0
2004-04-15 00:00:00+09:00,1674.942674823836,1708.4415283203125,1674.942674823836,1708.4415283203125,2400,0.0,0.0
2004-04-16 00:00:00+09:00,1708.4415283203125,1708.4415283203125,1708.4415283203125,1708.4415283203125,400,0.0,0.0
2004-04-19 00:00:00+09:00,1708.4415283203125,1708.4415283203125,1695.8794582591338,1708.4415283203125,800,0.0,0.0
2004-04-20 00:00:00+09:00,1737.7530357724145,1863.3737371535528,1737.7530357724145,1758.6898193359375,3000,0.0,0.0
2004-04-21 00:00:00+09:00,1758.6898193359375,1758.6898193359375,1737.7530357724145,1758.6898193359375,1400,0.0,0.0
2004-04-22 00:00:00+09:00,1737.7530357724145,1779.6266028994605,1737.7530357724145,1758.6898193359375,800,0.0,0.0
2004-04-23 00:00:00+09:00,1779.6266028994605,1779.6266028994605,1758.6898193359375,1758.6898193359375,400,0.0,0.0
2004-04-26 00:00:00+09:00,1731.3743505271084,1743.9814453125,1731.3743505271084,1743.9814453125,800,7.5,0.0
2004-04-27 00:00:00+09:00,1786.0047607421875,1807.0165814568015,1786.0047607421875,1786.0047607421875,600,0.0,0.0
2004-04-28 00:00:00+09:00,1790.2071248851103,1828.0284021714156,1786.0047607421875,1786.0047607421875,2800,0.0,0.0
2004-04-29 00:00:00+09:00,1786.0047607421875,1786.0047607421875,1786.0047607421875,1786.0047607421875,0,0.0,0.0
2004-04-30 00:00:00+09:00,1807.016751672165,1811.2191162109375,1807.016751672165,1811.2191162109375,1400,0.0,0.0
2004-05-03 00:00:00+09:00,1811.2191162109375,1811.2191162109375,1811.2191162109375,1811.2191162109375,0,0.0,0.0
2004-05-04 00:00:00+09:00,1811.2191162109375,1811.2191162109375,1811.2191162109375,1811.2191162109375,0,0.0,0.0
2004-05-05 00:00:00+09:00,1811.2191162109375,1811.2191162109375,1811.2191162109375,1811.2191162109375,0,0.0,0.0
2004-05-06 00:00:00+09:00,1743.981268310547,1743.981268310547,1680.94580078125,1680.94580078125,1000,0.0,0.0
2004-05-07 00:00:00+09:00,1659.933796672078,1659.933796672078,1617.91015625,1617.91015625,2200,0.0,0.0
2004-05-10 00:00:00+09:00,1638.9219970703125,1638.9219970703125,1638.9219970703125,1638.9219970703125,200,0.0,0.0
2004-05-11 00:00:00+09:00,1638.9223907548753,1643.124755859375,1596.8987397098786,1643.124755859375,600,0.0,0.0
2004-05-12 00:00:00+09:00,1643.124755859375,1643.124755859375,1643.124755859375,1643.124755859375,0,0.0,0.0
2004-05-13 00:00:00+09:00,1643.124755859375,1643.124755859375,1643.124755859375,1643.124755859375,0,0.0,0.0
2004-05-14 00:00:00+09:00,1554.8746956168832,1617.91015625,1554.8746956168832,1617.91015625,400,0.0,0.0
2004-05-17 00:00:00+09:00,1386.7801714085822,1407.7919921875,1365.7683506296642,1407.7919921875,2000,0.0,0.0
2004-05-18 00:00:00+09:00,1428.80419921875,1428.80419921875,1428.80419921875,1428.80419921875,200,0.0,0.0
2004-05-19 00:00:00+09:00,1428.803989955357,1470.82763671875,1428.803989955357,1470.82763671875,600,0.0,0.0
2004-05-20 00:00:00+09:00,1554.8750772596916,1680.9460294699368,1554.8750772596916,1659.9342041015625,1000,0.0,0.0
2004-05-21 00:00:00+09:00,1659.9342041015625,1659.9342041015625,1659.9342041015625,1659.9342041015625,0,0.0,0.0
2004-05-24 00:00:00+09:00,1701.957701087603,1701.957701087603,1655.731689453125,1655.731689453125,400,0.0,0.0
2004-05-25 00:00:00+09:00,1655.731689453125,1655.731689453125,1655.731689453125,1655.731689453125,200,0.0,0.0
2004-05-26 00:00:00+09:00,1638.9219970703125,1659.933817545573,1638.9219970703125,1638.9219970703125,600,0.0,0.0
2004-05-27 00:00:00+09:00,1638.9219970703125,1638.9219970703125,1638.9219970703125,1638.9219970703125,0,0.0,0.0
2004-05-28 00:00:00+09:00,1596.8985595703125,1596.8985595703125,1596.8985595703125,1596.8985595703125,200,0.0,0.0
2004-05-31 00:00:00+09:00,1596.8985595703125,1596.8985595703125,1596.8985595703125,1596.8985595703125,0,0.0,0.0
2004-06-01 00:00:00+09:00,1596.8985595703125,1596.8985595703125,1596.8985595703125,1596.8985595703125,0,0.0,0.0
2004-06-02 00:00:00+09:00,1596.8985595703125,1596.8985595703125,1596.8985595703125,1596.8985595703125,0,0.0,0.0
2004-06-03 00:00:00+09:00,1638.9219970703125,1638.9219970703125,1638.9219970703125,1638.9219970703125,200,0.0,0.0
2004-06-04 00:00:00+09:00,1680.94580078125,1680.94580078125,1659.9339782714844,1680.94580078125,1000,0.0,0.0
2004-06-07 00:00:00+09:00,1680.94580078125,1680.94580078125,1680.94580078125,1680.94580078125,2200,0.0,0.0
2004-06-08 00:00:00+09:00,1701.957763671875,1701.957763671875,1701.957763671875,1701.957763671875,200,0.0,0.0
2004-06-09 00:00:00+09:00,1718.76708984375,1718.76708984375,1718.76708984375,1718.76708984375,600,0.0,0.0
2004-06-10 00:00:00+09:00,1722.969482421875,1722.969482421875,1722.969482421875,1722.969482421875,600,0.0,0.0
2004-06-11 00:00:00+09:00,1680.94580078125,1680.94580078125,1638.9221557617188,1680.94580078125,1600,0.0,0.0
2004-06-14 00:00:00+09:00,1659.933817545573,1659.933817545573,1638.9219970703125,1638.9219970703125,400,0.0,0.0
2004-06-15 00:00:00+09:00,1680.9460294699368,1680.9460294699368,1659.9342041015625,1659.9342041015625,1000,0.0,0.0
2004-06-16 00:00:00+09:00,1617.91015625,1617.91015625,1617.91015625,1617.91015625,200,0.0,0.0
2004-06-17 00:00:00+09:00,1596.8985595703125,1596.8985595703125,1596.8985595703125,1596.8985595703125,200,0.0,0.0
2004-06-18 00:00:00+09:00,1554.8746337890625,1554.8746337890625,1554.8746337890625,1554.8746337890625,200,0.0,0.0
2004-06-21 00:00:00+09:00,1596.8985595703125,1596.8985595703125,1596.8985595703125,1596.8985595703125,600,0.0,0.0
2004-06-22 00:00:00+09:00,1596.8985595703125,1596.8985595703125,1596.8985595703125,1596.8985595703125,0,0.0,0.0
2004-06-23 00:00:00+09:00,1596.8985595703125,1596.8985595703125,1596.8985595703125,1596.8985595703125,0,0.0,0.0
2004-06-24 00:00:00+09:00,1596.8985595703125,1596.8985595703125,1596.8985595703125,1596.8985595703125,0,0.0,0.0
2004-06-25 00:00:00+09:00,1596.8985595703125,1596.8985595703125,1596.8985595703125,1596.8985595703125,0,0.0,0.0
2004-06-28 00:00:00+09:00,1554.8746337890625,1554.8746337890625,1554.8746337890625,1554.8746337890625,200,0.0,0.0
2004-06-29 00:00:00+09:00,1533.8627709282769,1533.8627709282769,1512.8509521484375,1512.8509521484375,400,0.0,0.0
2004-06-30 00:00:00+09:00,1512.8509521484375,1512.8509521484375,1512.8509521484375,1512.8509521484375,0,0.0,0.0
2004-07-01 00:00:00+09:00,1512.8509521484375,1512.8509521484375,1512.8509521484375,1512.8509521484375,0,0.0,0.0
2004-07-02 00:00:00+09:00,1512.8509521484375,1512.8509521484375,1512.8509521484375,1512.8509521484375,0,0.0,0.0
2004-07-05 00:00:00+09:00,1512.8509521484375,1512.8509521484375,1512.8509521484375,1512.8509521484375,0,0.0,0.0
2004-07-06 00:00:00+09:00,1512.8509521484375,1512.8509521484375,1512.8509521484375,1512.8509521484375,0,0.0,0.0
2004-07-07 00:00:00+09:00,1512.8509521484375,1512.8509521484375,1512.8509521484375,1512.8509521484375,0,0.0,0.0
2004-07-08 00:00:00+09:00,1512.8509521484375,1512.8509521484375,1512.8509521484375,1512.8509521484375,0,0.0,0.0
2004-07-09 00:00:00+09:00,1512.8509521484375,1512.8509521484375,1512.8509521484375,1512.8509521484375,0,0.0,0.0
2004-07-12 00:00:00+09:00,1512.8509521484375,1512.8509521484375,1512.8509521484375,1512.8509521484375,0,0.0,0.0
2004-07-13 00:00:00+09:00,1470.82763671875,1470.82763671875,1470.82763671875,1470.82763671875,400,0.0,0.0
2004-07-14 00:00:00+09:00,1458.2205426897322,1470.82763671875,1458.2205426897322,1470.82763671875,600,0.0,0.0
2004-07-15 00:00:00+09:00,1449.8158133370537,1470.82763671875,1449.8158133370537,1470.82763671875,800,0.0,0.0
2004-07-16 00:00:00+09:00,1470.82763671875,1470.82763671875,1470.82763671875,1470.82763671875,0,0.0,0.0
2004-07-19 00:00:00+09:00,1470.82763671875,1470.82763671875,1470.82763671875,1470.82763671875,0,0.0,0.0
2004-07-20 00:00:00+09:00,1466.6249508327908,1529.6604071723089,1466.6249508327908,1512.8509521484375,1200,0.0,0.0
2004-07-21 00:00:00+09:00,1512.8509521484375,1512.8509521484375,1512.8509521484375,1512.8509521484375,0,0.0,0.0
2004-07-22 00:00:00+09:00,1441.4111604912337,1445.613525390625,1441.4111604912337,1445.613525390625,800,0.0,0.0
2004-07-23 00:00:00+09:00,1445.6134384931145,1487.6370849609375,1445.6134384931145,1487.6370849609375,2600,0.0,0.0
2004-07-26 00:00:00+09:00,1487.6370849609375,1487.6370849609375,1487.6370849609375,1487.6370849609375,0,0.0,0.0
2004-07-27 00:00:00+09:00,1454.0179979011195,1454.0179979011195,1407.7919921875,1407.7919921875,1400,0.0,0.0
2004-07-28 00:00:00+09:00,1390.982421875,1390.982421875,1390.982421875,1390.982421875,400,0.0,0.0
2004-07-29 00:00:00+09:00,1344.7565815916398,1353.1613102265876,1302.732938416901,1306.935302734375,1600,0.0,0.0
2004-07-30 00:00:00+09:00,1306.935302734375,1306.935302734375,1306.935302734375,1306.935302734375,0,0.0,0.0
2004-08-02 00:00:00+09:00,1592.6961949398644,1596.8985595703125,1533.8630901135898,1596.8985595703125,4200,0.0,0.0
2004-08-03 00:00:00+09:00,1596.8985595703125,1596.8985595703125,1596.8985595703125,1596.8985595703125,0,0.0,0.0
2004-08-04 00:00:00+09:00,1554.8746337890625,1554.8746337890625,1554.8746337890625,1554.8746337890625,200,0.0,0.0
2004-08-05 00:00:00+09:00,1676.7434719178734,1722.969482421875,1676.7434719178734,1722.969482421875,2800,0.0,0.0
2004-08-06 00:00:00+09:00,1651.5290685876623,1651.5290685876623,1617.91015625,1617.91015625,400,0.0,0.0
2004-08-09 00:00:00+09:00,1617.91015625,1617.91015625,1617.91015625,1617.91015625,0,0.0,0.0
2004-08-10 00:00:00+09:00,1617.91015625,1617.91015625,1617.91015625,1617.91015625,0,0.0,0.0
2004-08-11 00:00:00+09:00,1617.91015625,1617.91015625,1617.91015625,1617.91015625,0,0.0,0.0
2004-08-12 00:00:00+09:00,1617.91015625,1617.91015625,1617.91015625,1617.91015625,0,0.0,0.0
2004-08-13 00:00:00+09:00,1617.91015625,1617.91015625,1617.91015625,1617.91015625,0,0.0,0.0
2004-08-16 00:00:00+09:00,1617.91015625,1630.5172483766235,1617.91015625,1617.91015625,1600,0.0,0.0
2004-08-17 00:00:00+09:00,1554.8746337890625,1554.8746337890625,1554.8746337890625,1554.8746337890625,200,0.0,0.0
2004-08-18 00:00:00+09:00,1491.839599609375,1491.839599609375,1491.839599609375,1491.839599609375,200,0.0,0.0
2004-08-19 00:00:00+09:00,1491.839599609375,1491.839599609375,1491.839599609375,1491.839599609375,0,0.0,0.0
2004-08-20 00:00:00+09:00,1722.969482421875,1722.969482421875,1722.969482421875,1722.969482421875,600,0.0,0.0
2004-08-23 00:00:00+09:00,1722.969482421875,1722.969482421875,1722.969482421875,1722.969482421875,0,0.0,0.0
2004-08-24 00:00:00+09:00,1722.969482421875,1722.969482421875,1722.969482421875,1722.969482421875,0,0.0,0.0
2004-08-25 00:00:00+09:00,1722.969482421875,1722.969482421875,1722.969482421875,1722.969482421875,0,0.0,0.0
2004-08-26 00:00:00+09:00,1722.969482421875,1722.969482421875,1722.969482421875,1722.969482421875,0,0.0,0.0
2004-08-27 00:00:00+09:00,1722.969482421875,1722.969482421875,1722.969482421875,1722.969482421875,0,0.0,0.0
2004-08-30 00:00:00+09:00,1554.8746337890625,1554.8746337890625,1554.8746337890625,1554.8746337890625,200,0.0,0.0
2004-08-31 00:00:00+09:00,1554.8746337890625,1554.8746337890625,1554.8746337890625,1554.8746337890625,0,0.0,0.0
2004-09-01 00:00:00+09:00,1554.8746337890625,1554.8746337890625,1554.8746337890625,1554.8746337890625,0,0.0,0.0
2004-09-02 00:00:00+09:00,1584.2913818359375,1584.2913818359375,1584.2913818359375,1584.2913818359375,400,0.0,0.0
2004-09-03 00:00:00+09:00,1584.2913818359375,1584.2913818359375,1584.2913818359375,1584.2913818359375,0,0.0,0.0
2004-09-06 00:00:00+09:00,1584.2913818359375,1584.2913818359375,1584.2913818359375,1584.2913818359375,0,0.0,0.0
2004-09-07 00:00:00+09:00,1584.2913818359375,1584.2913818359375,1584.2913818359375,1584.2913818359375,0,0.0,0.0
2004-09-08 00:00:00+09:00,1584.2913818359375,1584.2913818359375,1584.2913818359375,1584.2913818359375,0,0.0,0.0
2004-09-09 00:00:00+09:00,1584.2913818359375,1584.2913818359375,1584.2913818359375,1584.2913818359375,0,0.0,0.0
2004-09-10 00:00:00+09:00,1554.8746337890625,1554.8746337890625,1554.8746337890625,1554.8746337890625,200,0.0,0.0
2004-09-13 00:00:00+09:00,1575.8867639256275,1601.1009521484375,1575.8867639256275,1601.1009521484375,600,0.0,0.0
2004-09-14 00:00:00+09:00,1601.1009521484375,1601.1009521484375,1601.1009521484375,1601.1009521484375,0,0.0,0.0
2004-09-15 00:00:00+09:00,1659.9340580016608,1659.9340580016608,1601.1009521484375,1601.1009521484375,600,0.0,0.0
2004-09-16 00:00:00+09:00,1601.1009521484375,1601.1009521484375,1601.1009521484375,1601.1009521484375,0,0.0,0.0
2004-09-17 00:00:00+09:00,1601.1009521484375,1601.1009521484375,1601.1009521484375,1601.1009521484375,0,0.0,0.0
2004-09-20 00:00:00+09:00,1601.1009521484375,1601.1009521484375,1601.1009521484375,1601.1009521484375,0,0.0,0.0
2004-09-21 00:00:00+09:00,1756.5885067033178,1764.9932364004628,1701.957763671875,1701.957763671875,1200,0.0,0.0
2004-09-22 00:00:00+09:00,1680.94580078125,1680.94580078125,1680.94580078125,1680.94580078125,200,0.0,0.0
2004-09-23 00:00:00+09:00,1680.94580078125,1680.94580078125,1680.94580078125,1680.94580078125,0,0.0,0.0
2004-09-24 00:00:00+09:00,1638.9219970703125,1638.9219970703125,1638.9219970703125,1638.9219970703125,400,0.0,0.0
2004-09-27 00:00:00+09:00,1638.9219970703125,1638.9219970703125,1638.9219970703125,1638.9219970703125,0,0.0,0.0
2004-09-28 00:00:00+09:00,1638.9219970703125,1638.9219970703125,1638.9219970703125,1638.9219970703125,0,0.0,0.0
2004-09-29 00:00:00+09:00,1638.9219970703125,1638.9219970703125,1638.9219970703125,1638.9219970703125,0,0.0,0.0
2004-09-30 00:00:00+09:00,1638.9219970703125,1638.9219970703125,1638.9219970703125,1638.9219970703125,0,0.0,0.0
2004-10-01 00:00:00+09:00,1638.9219970703125,1647.3267252604167,1638.9219970703125,1638.9219970703125,1400,0.0,0.0
2004-10-04 00:00:00+09:00,1638.9219970703125,1638.9219970703125,1638.9219970703125,1638.9219970703125,0,0.0,0.0
2004-10-05 00:00:00+09:00,1638.9219970703125,1638.9219970703125,1638.9219970703125,1638.9219970703125,0,0.0,0.0
2004-10-06 00:00:00+09:00,1617.91015625,1617.91015625,1617.91015625,1617.91015625,400,0.0,0.0
2004-10-07 00:00:00+09:00,1601.1009242007608,1613.7080180921052,1596.8985595703125,1596.8985595703125,1000,0.0,0.0
2004-10-08 00:00:00+09:00,1596.8985595703125,1596.8985595703125,1596.8985595703125,1596.8985595703125,0,0.0,0.0
2004-10-11 00:00:00+09:00,1596.8985595703125,1596.8985595703125,1596.8985595703125,1596.8985595703125,0,0.0,0.0
2004-10-12 00:00:00+09:00,1596.8985595703125,1596.8985595703125,1596.8985595703125,1596.8985595703125,0,0.0,0.0
2004-10-13 00:00:00+09:00,1554.8746337890625,1554.8746337890625,1554.8746337890625,1554.8746337890625,200,0.0,0.0
2004-10-14 00:00:00+09:00,1554.8746337890625,1554.8746337890625,1554.8746337890625,1554.8746337890625,0,0.0,0.0
2004-10-15 00:00:00+09:00,1462.4230441241198,1491.839599609375,1462.4230441241198,1491.839599609375,1800,0.0,0.0
2004-10-18 00:00:00+09:00,1491.839599609375,1491.839599609375,1491.839599609375,1491.839599609375,0,0.0,0.0
2004-10-19 00:00:00+09:00,1491.839599609375,1491.839599609375,1491.839599609375,1491.839599609375,0,0.0,0.0
2004-10-20 00:00:00+09:00,1470.82763671875,1470.82763671875,1470.82763671875,1470.82763671875,800,0.0,0.0
2004-10-21 00:00:00+09:00,1470.82763671875,1470.82763671875,1470.82763671875,1470.82763671875,0,0.0,0.0
2004-10-22 00:00:00+09:00,1470.82763671875,1470.82763671875,1470.82763671875,1470.82763671875,0,0.0,0.0
2004-10-25 00:00:00+09:00,1470.82763671875,1470.82763671875,1470.82763671875,1470.82763671875,0,0.0,0.0
2004-10-26 00:00:00+09:00,1470.82763671875,1470.82763671875,1470.82763671875,1470.82763671875,0,0.0,0.0
2004-10-27 00:00:00+09:00,1437.2086181640625,1437.2086181640625,1437.2086181640625,1437.2086181640625,200,0.0,0.0
2004-10-28 00:00:00+09:00,1449.8154296875,1449.8154296875,1428.803611865942,1449.8154296875,600,0.0,0.0
2004-10-29 00:00:00+09:00,1470.82763671875,1470.82763671875,1470.82763671875,1470.82763671875,200,0.0,0.0
2004-11-01 00:00:00+09:00,1449.8154296875,1449.8154296875,1449.8154296875,1449.8154296875,200,0.0,0.0
2004-11-02 00:00:00+09:00,1449.8154296875,1449.8154296875,1449.8154296875,1449.8154296875,0,0.0,0.0
2004-11-03 00:00:00+09:00,1449.8154296875,1449.8154296875,1449.8154296875,1449.8154296875,0,0.0,0.0
2004-11-04 00:00:00+09:00,1428.80419921875,1428.80419921875,1428.80419921875,1428.80419921875,400,0.0,0.0
2004-11-05 00:00:00+09:00,1428.80419921875,1428.80419921875,1428.80419921875,1428.80419921875,0,0.0,0.0
2004-11-08 00:00:00+09:00,1428.80419921875,1428.80419921875,1428.80419921875,1428.80419921875,400,0.0,0.0
2004-11-09 00:00:00+09:00,1575.8866974801729,1743.9812785447245,1575.8866974801729,1664.1363525390625,4600,0.0,0.0
2004-11-10 00:00:00+09:00,1596.8982725401181,1596.8982725401181,1550.6722699139568,1554.8746337890625,3200,0.0,0.0
2004-11-11 00:00:00+09:00,1575.8868020678321,1596.8986260954034,1575.8868020678321,1588.493896484375,1600,0.0,0.0
2004-11-12 00:00:00+09:00,1588.493896484375,1588.493896484375,1588.493896484375,1588.493896484375,0,0.0,0.0
2004-11-15 00:00:00+09:00,1596.8983360389611,1722.9692573051948,1596.8983360389611,1617.91015625,600,0.0,0.0
2004-11-16 00:00:00+09:00,1596.8985595703125,1596.8985595703125,1596.8985595703125,1596.8985595703125,200,0.0,0.0
2004-11-17 00:00:00+09:00,1617.91015625,1617.91015625,1596.8983360389611,1617.91015625,600,0.0,0.0
2004-11-18 00:00:00+09:00,1617.91015625,1617.91015625,1617.91015625,1617.91015625,200,0.0,0.0
2004-11-19 00:00:00+09:00,1575.886474609375,1575.886474609375,1575.886474609375,1575.886474609375,200,0.0,0.0
2004-11-22 00:00:00+09:00,1575.8866882324219,1680.94580078125,1575.8866882324219,1680.94580078125,1200,0.0,0.0
2004-11-23 00:00:00+09:00,1680.94580078125,1680.94580078125,1680.94580078125,1680.94580078125,0,0.0,0.0
2004-11-24 00:00:00+09:00,1680.945585255611,1685.14794921875,1680.945585255611,1685.14794921875,400,0.0,0.0
2004-11-25 00:00:00+09:00,1638.9219970703125,1638.9219970703125,1638.9219970703125,1638.9219970703125,200,0.0,0.0
2004-11-26 00:00:00+09:00,1638.9219970703125,1638.9219970703125,1638.9219970703125,1638.9219970703125,0,0.0,0.0
2004-11-29 00:00:00+09:00,1638.9219970703125,1638.9219970703125,1638.9219970703125,1638.9219970703125,0,0.0,0.0
2004-11-30 00:00:00+09:00,1638.9219970703125,1638.9219970703125,1638.9219970703125,1638.9219970703125,200,0.0,0.0
2004-12-01 00:00:00+09:00,1638.9219970703125,1638.9219970703125,1638.9219970703125,1638.9219970703125,0,0.0,0.0
2004-12-02 00:00:00+09:00,1638.9219970703125,1638.9219970703125,1638.9219970703125,1638.9219970703125,0,0.0,0.0
2004-12-03 00:00:00+09:00,1659.9342041015625,1659.9342041015625,1659.9342041015625,1659.9342041015625,800,0.0,0.0
2004-12-06 00:00:00+09:00,1651.5289306640625,1651.5289306640625,1651.5289306640625,1651.5289306640625,200,0.0,0.0
2004-12-07 00:00:00+09:00,1617.9103344663476,1626.3150634765625,1617.9103344663476,1626.3150634765625,800,0.0,0.0
2004-12-08 00:00:00+09:00,1626.3150634765625,1626.3150634765625,1626.3150634765625,1626.3150634765625,0,0.0,0.0
2004-12-09 00:00:00+09:00,1626.3150634765625,1626.3150634765625,1626.3150634765625,1626.3150634765625,0,0.0,0.0
2004-12-10 00:00:00+09:00,1596.8983360389611,1617.91015625,1596.8983360389611,1617.91015625,2000,0.0,0.0
2004-12-13 00:00:00+09:00,1617.91015625,1617.91015625,1617.91015625,1617.91015625,0,0.0,0.0
2004-12-14 00:00:00+09:00,1596.89872799644,1659.9342041015625,1596.89872799644,1659.9342041015625,1000,0.0,0.0
2004-12-15 00:00:00+09:00,1470.8277757861947,1668.3389342489122,1470.8277757861947,1659.9342041015625,2400,0.0,0.0
2004-12-16 00:00:00+09:00,1659.9341373779912,1668.3388671875,1659.9341373779912,1668.3388671875,2600,0.0,0.0
2004-12-17 00:00:00+09:00,1668.3388671875,1668.3388671875,1668.3388671875,1668.3388671875,0,0.0,0.0
2004-12-20 00:00:00+09:00,1676.743436279297,1689.3505297851564,1638.9221557617188,1680.94580078125,2800,0.0,0.0
2004-12-21 00:00:00+09:00,1680.94580078125,1680.94580078125,1680.94580078125,1680.94580078125,0,0.0,0.0
2004-12-22 00:00:00+09:00,1680.94580078125,1680.94580078125,1680.94580078125,1680.94580078125,0,0.0,0.0
2004-12-23 00:00:00+09:00,1680.94580078125,1680.94580078125,1680.94580078125,1680.94580078125,0,0.0,0.0
2004-12-24 00:00:00+09:00,1718.767117830602,1722.969482421875,1718.767117830602,1722.969482421875,2000,0.0,0.0
2004-12-27 00:00:00+09:00,1722.969482421875,1722.969482421875,1722.969482421875,1722.969482421875,1200,0.0,0.0
2004-12-28 00:00:00+09:00,1680.94580078125,1689.3505297851564,1680.94580078125,1680.94580078125,1800,0.0,0.0
2004-12-29 00:00:00+09:00,1680.94580078125,1680.94580078125,1680.94580078125,1680.94580078125,0,0.0,0.0
2004-12-30 00:00:00+09:00,1680.94580078125,1680.94580078125,1680.94580078125,1680.94580078125,0,0.0,0.0
2004-12-31 00:00:00+09:00,1680.94580078125,1680.94580078125,1680.94580078125,1680.94580078125,0,0.0,0.0
2005-01-03 00:00:00+09:00,1680.94580078125,1680.94580078125,1680.94580078125,1680.94580078125,0,0.0,0.0
2005-01-04 00:00:00+09:00,1659.9342041015625,1659.9342041015625,1638.9223787331885,1659.9342041015625,600,0.0,0.0
2005-01-05 00:00:00+09:00,1643.124520263672,1680.94580078125,1638.9221557617188,1680.94580078125,1000,0.0,0.0
2005-01-06 00:00:00+09:00,1680.94580078125,1680.94580078125,1680.94580078125,1680.94580078125,0,0.0,0.0
2005-01-07 00:00:00+09:00,1680.94580078125,1680.94580078125,1680.94580078125,1680.94580078125,200,0.0,0.0
2005-01-10 00:00:00+09:00,1680.94580078125,1680.94580078125,1680.94580078125,1680.94580078125,0,0.0,0.0
2005-01-11 00:00:00+09:00,1743.9814453125,1743.9814453125,1743.9814453125,1743.9814453125,200,0.0,0.0
2005-01-12 00:00:00+09:00,1743.9814453125,1743.9814453125,1735.5767154555722,1743.9814453125,800,0.0,0.0
2005-01-13 00:00:00+09:00,1743.981268310547,1743.981268310547,1680.94580078125,1680.94580078125,4200,0.0,0.0
2005-01-14 00:00:00+09:00,1680.9459394290122,1701.957763671875,1680.9459394290122,1701.957763671875,1400,0.0,0.0
2005-01-17 00:00:00+09:00,1706.1599405924478,1764.9930419921875,1706.1599405924478,1764.9930419921875,1200,0.0,0.0
2005-01-18 00:00:00+09:00,1764.9930419921875,1764.9930419921875,1760.7906776064917,1764.9930419921875,600,0.0,0.0
2005-01-19 00:00:00+09:00,1764.9931918980108,1769.195556640625,1764.9931918980108,1769.195556640625,600,0.0,0.0
2005-01-20 00:00:00+09:00,1773.397927643532,1807.016845703125,1773.397927643532,1807.016845703125,1600,0.0,0.0
2005-01-21 00:00:00+09:00,1807.0165814568015,1807.0165814568015,1786.0047607421875,1786.0047607421875,1200,0.0,0.0
2005-01-24 00:00:00+09:00,1794.4094890280332,1794.4094890280332,1786.0047607421875,1786.0047607421875,400,0.0,0.0
2005-01-25 00:00:00+09:00,1786.0047607421875,1786.0047607421875,1786.0047607421875,1786.0047607421875,0,0.0,0.0
2005-01-26 00:00:00+09:00,1828.0286694903707,1828.0286694903707,1807.016845703125,1807.016845703125,600,0.0,0.0
2005-01-27 00:00:00+09:00,1819.6239399754725,1819.6239399754725,1807.016845703125,1807.016845703125,600,0.0,0.0
2005-01-28 00:00:00+09:00,1807.016845703125,1807.016845703125,1807.016845703125,1807.016845703125,1400,0.0,0.0
2005-01-31 00:00:00+09:00,1807.016845703125,1807.016845703125,1807.016845703125,1807.016845703125,400,0.0,0.0
2005-02-01 00:00:00+09:00,1807.016845703125,1815.4215752180232,1807.016845703125,1807.016845703125,1400,0.0,0.0
2005-02-02 00:00:00+09:00,1819.623973499645,1849.04052734375,1819.623973499645,1849.04052734375,3400,0.0,0.0
2005-02-03 00:00:00+09:00,1853.2428921786222,1874.254716352983,1849.04052734375,1849.04052734375,2200,0.0,0.0
2005-02-04 00:00:00+09:00,1870.0522082192558,1886.8616662706647,1870.0522082192558,1882.6593017578125,3400,0.0,0.0
2005-02-07 00:00:00+09:00,1891.0641704358552,2004.5280206620066,1891.0641704358552,1996.123291015625,4400,0.0,0.0
2005-02-08 00:00:00+09:00,1996.123291015625,1996.123291015625,1996.123291015625,1996.123291015625,400,0.0,0.0
2005-02-09 00:00:00+09:00,1933.0877176920571,2017.1350097656248,1933.0877176920571,2017.135009765625,4600,0.0,0.0
2005-02-10 00:00:00+09:00,2046.5517537264643,2046.5517537264643,2008.7304687499998,2008.73046875,4000,0.0,0.0
2005-02-11 00:00:00+09:00,2008.7304687499998,2008.7304687499998,2008.7304687499998,2008.73046875,0,0.0,0.0
2005-02-14 00:00:00+09:00,2008.730280558268,2017.1350097656248,2008.730280558268,2017.135009765625,2400,0.0,0.0
2005-02-15 00:00:00+09:00,1979.3137456205702,2038.1468505859375,1979.3137456205702,2038.1468505859375,8200,0.0,0.0
2005-02-16 00:00:00+09:00,2038.1467655066288,2080.17041015625,2029.7420365767045,2080.17041015625,5000,0.0,0.0
2005-02-17 00:00:00+09:00,2088.575139086174,2088.575139086174,2080.17041015625,2080.17041015625,1200,0.0,0.0
2005-02-18 00:00:00+09:00,2080.1708194508274,2151.611029411765,2080.1708194508274,2143.206298828125,3600,0.0,0.0
2005-02-21 00:00:00+09:00,2189.431893517836,2231.455538307046,2189.431893517836,2227.253173828125,3800,0.0,0.0
2005-02-22 00:00:00+09:00,2248.2649306551034,2311.3003960005735,2248.2649306551034,2290.28857421875,5000,0.0,0.0
2005-02-23 00:00:00+09:00,2307.0978324436182,2307.0978324436182,2185.229276631478,2189.431640625,5200,0.0,0.0
2005-02-24 00:00:00+09:00,2210.4434605926103,2210.4434605926103,2185.229276631478,2189.431640625,4400,0.0,0.0
2005-02-25 00:00:00+09:00,2193.6346037946428,2206.24169921875,2193.6346037946428,2206.24169921875,2600,0.0,0.0
2005-02-28 00:00:00+09:00,2227.2530711521613,2248.264892578125,2202.0388854410044,2248.264892578125,2400,0.0,0.0
2005-03-01 00:00:00+09:00,2231.455538307046,2256.669725180572,2223.050809349204,2227.253173828125,1800,0.0,0.0
2005-03-02 00:00:00+09:00,2265.074388080562,2311.3003960005735,2248.2649306551034,2290.28857421875,5600,0.0,0.0
2005-03-03 00:00:00+09:00,2290.28857421875,2290.28857421875,2290.28857421875,2290.28857421875,400,0.0,0.0
2005-03-04 00:00:00+09:00,2290.2886782045716,2290.2886782045716,2269.27685546875,2269.27685546875,4000,0.0,0.0
2005-03-07 00:00:00+09:00,2269.27685546875,2269.27685546875,2269.27685546875,2269.27685546875,2000,0.0,0.0
2005-03-08 00:00:00+09:00,2269.27685546875,2269.27685546875,2269.27685546875,2269.27685546875,1000,0.0,0.0
2005-03-09 00:00:00+09:00,2265.0744909215855,2269.27685546875,2265.0744909215855,2269.27685546875,600,0.0,0.0
2005-03-10 00:00:00+09:00,2269.27685546875,2269.27685546875,2269.27685546875,2269.27685546875,0,0.0,0.0
2005-03-11 00:00:00+09:00,2269.27685546875,2269.27685546875,2265.0744909215855,2269.27685546875,1200,0.0,0.0
2005-03-14 00:00:00+09:00,2290.289118673949,2395.3482525580753,2290.289118673949,2374.33642578125,2400,0.0,0.0
2005-03-15 00:00:00+09:00,2311.3004066204203,2437.371337890625,2294.4909491177264,2437.371337890625,9000,0.0,0.0
2005-03-16 00:00:00+09:00,2441.573758574286,2445.776123046875,2437.3713941016968,2445.776123046875,1600,0.0,0.0
2005-03-17 00:00:00+09:00,2445.7760279605263,2449.9783922697366,2395.34765625,2395.34765625,1800,0.0,0.0
2005-03-18 00:00:00+09:00,2416.359375,2416.359375,2416.359375,2416.359375,200,0.0,0.0
2005-03-21 00:00:00+09:00,2416.359375,2416.359375,2416.359375,2416.359375,0,0.0,0.0
2005-03-22 00:00:00+09:00,2416.3590770656783,2479.39453125,2416.3590770656783,2479.39453125,2200,0.0,0.0
2005-03-23 00:00:00+09:00,2521.4193246384298,2550.8358834258784,2513.014593556302,2542.43115234375,4000,0.0,0.0
2005-03-24 00:00:00+09:00,2563.442626953125,2563.442626953125,2555.037897028689,2563.442626953125,1000,0.0,0.0
2005-03-25 00:00:00+09:00,2521.4193246384298,2542.43115234375,2479.3956692277893,2542.43115234375,4600,0.0,0.0
2005-03-28 00:00:00+09:00,2542.430769856771,2546.633134765625,2521.4189453125,2521.4189453125,2200,0.0,0.0
2005-03-29 00:00:00+09:00,2529.8236751302084,2534.0260400390625,2513.0142154947916,2521.4189453125,2600,0.0,0.0
2005-03-30 00:00:00+09:00,2517.2162712779473,2584.4541015625,2517.2162712779473,2584.4541015625,2800,0.0,0.0
2005-03-31 00:00:00+09:00,2639.0850167410713,2647.48974609375,2613.8708286830356,2647.48974609375,2000,0.0,0.0
2005-04-01 00:00:00+09:00,2613.8710386214716,2613.8710386214716,2605.46630859375,2605.46630859375,1200,0.0,0.0
2005-04-04 00:00:00+09:00,2605.4660993303573,2647.48974609375,2605.4660993303573,2647.48974609375,1200,0.0,0.0
2005-04-05 00:00:00+09:00,2668.5015694754466,2676.9062988281253,2647.48974609375,2647.48974609375,1600,0.0,0.0
2005-04-06 00:00:00+09:00,2710.5247592926025,2710.5247592926025,2689.512939453125,2689.512939453125,800,0.0,0.0
2005-04-07 00:00:00+09:00,2689.5129807692306,2773.560261418269,2689.5129807692306,2731.53662109375,4400,0.0,0.0
2005-04-08 00:00:00+09:00,2752.5484412560095,2752.5484412560095,2731.53662109375,2731.53662109375,3600,0.0,0.0
2005-04-11 00:00:00+09:00,2693.715614453125,2710.525072265625,2605.4659609375,2626.477783203125,1800,0.0,0.0
2005-04-12 00:00:00+09:00,2601.2639116130895,2605.4662765753073,2521.4189773309427,2563.442626953125,2000,0.0,0.0
2005-04-13 00:00:00+09:00,2563.442626953125,2563.442626953125,2559.240261990907,2563.442626953125,2400,0.0,0.0
2005-04-14 00:00:00+09:00,2521.4181673728813,2563.441803495763,2479.39453125,2479.39453125,3400,0.0,0.0
2005-04-15 00:00:00+09:00,2475.192931315104,2521.4189453125,2437.3716471354164,2521.4189453125,9800,0.0,0.0
2005-04-18 00:00:00+09:00,2496.203985699153,2500.406349311441,2479.39453125,2479.39453125,1400,0.0,0.0
2005-04-19 00:00:00+09:00,2496.204374015231,2500.40673828125,2496.204374015231,2500.40673828125,400,0.0,0.0
2005-04-20 00:00:00+09:00,2521.418635670732,2605.4659235264226,2521.418635670732,2584.4541015625,1400,0.0,0.0
2005-04-21 00:00:00+09:00,2584.4541015625,2584.4541015625,2584.4541015625,2584.4541015625,0,0.0,0.0
2005-04-22 00:00:00+09:00,2584.4541015625,2584.4541015625,2584.4541015625,2584.4541015625,0,0.0,0.0
2005-04-25 00:00:00+09:00,2569.710205078125,2569.710205078125,2565.497565397669,2569.710205078125,1400,7.5,0.0
2005-04-26 00:00:00+09:00,2569.710205078125,2569.710205078125,2569.710205078125,2569.710205078125,400,0.0,0.0
2005-04-27 00:00:00+09:00,2569.710205078125,2569.710205078125,2569.710205078125,2569.710205078125,0,0.0,0.0
2005-04-28 00:00:00+09:00,2565.497565397669,2569.710205078125,2561.284925717213,2569.710205078125,2000,0.0,0.0
2005-04-29 00:00:00+09:00,2569.710205078125,2569.710205078125,2569.710205078125,2569.710205078125,0,0.0,0.0
2005-05-02 00:00:00+09:00,2590.773193359375,2590.773193359375,2590.773193359375,2590.773193359375,200,0.0,0.0
2005-05-03 00:00:00+09:00,2590.773193359375,2590.773193359375,2590.773193359375,2590.773193359375,0,0.0,0.0
2005-05-04 00:00:00+09:00,2590.773193359375,2590.773193359375,2590.773193359375,2590.773193359375,0,0.0,0.0
2005-05-05 00:00:00+09:00,2590.773193359375,2590.773193359375,2590.773193359375,2590.773193359375,0,0.0,0.0
2005-05-06 00:00:00+09:00,2569.710205078125,2569.710205078125,2565.497565397669,2569.710205078125,1000,0.0,0.0
2005-05-09 00:00:00+09:00,2569.7099824441784,2582.347900390625,2569.7099824441784,2582.347900390625,400,0.0,0.0
2005-05-10 00:00:00+09:00,2590.773470970892,2611.836669921875,2590.773470970892,2611.836669921875,3200,0.0,0.0
2005-05-11 00:00:00+09:00,2611.836669921875,2611.836669921875,2611.836669921875,2611.836669921875,0,0.0,0.0
2005-05-12 00:00:00+09:00,2611.836669921875,2611.836669921875,2611.836669921875,2611.836669921875,0,0.0,0.0
2005-05-13 00:00:00+09:00,2632.899658203125,2632.899658203125,2632.899658203125,2632.899658203125,200,0.0,0.0
2005-05-16 00:00:00+09:00,2628.6866455078125,2696.0888671875,2628.6866455078125,2696.0888671875,3400,0.0,0.0
2005-05-17 00:00:00+09:00,2696.0888671875,2696.0888671875,2696.0888671875,2696.0888671875,0,0.0,0.0
2005-05-18 00:00:00+09:00,2696.0888671875,2696.0888671875,2696.0888671875,2696.0888671875,0,0.0,0.0
2005-05-19 00:00:00+09:00,2628.6865234375,2628.6865234375,2628.6865234375,2628.6865234375,400,0.0,0.0
2005-05-20 00:00:00+09:00,2653.9630678238404,2653.9630678238404,2603.411390341482,2611.836669921875,1200,0.0,0.0
2005-05-23 00:00:00+09:00,2616.0493097120716,2616.0493097120716,2611.836669921875,2611.836669921875,400,0.0,0.0
2005-05-24 00:00:00+09:00,2611.836669921875,2611.836669921875,2611.836669921875,2611.836669921875,0,0.0,0.0
2005-05-25 00:00:00+09:00,2611.836669921875,2611.836669921875,2611.836669921875,2611.836669921875,0,0.0,0.0
2005-05-26 00:00:00+09:00,2611.836669921875,2611.836669921875,2611.836669921875,2611.836669921875,0,0.0,0.0
2005-05-27 00:00:00+09:00,2611.836669921875,2611.836669921875,2611.836669921875,2611.836669921875,0,0.0,0.0
2005-05-30 00:00:00+09:00,2569.710205078125,2569.710205078125,2569.710205078125,2569.710205078125,3600,0.0,0.0
2005-05-31 00:00:00+09:00,2569.710205078125,2569.710205078125,2569.710205078125,2569.710205078125,400,0.0,0.0
2005-06-01 00:00:00+09:00,2590.773403480405,2590.773403480405,2569.710205078125,2569.710205078125,600,0.0,0.0
2005-06-02 00:00:00+09:00,2569.710205078125,2569.710205078125,2569.710205078125,2569.710205078125,200,0.0,0.0
2005-06-03 00:00:00+09:00,2573.9228447585806,2573.9228447585806,2569.710205078125,2569.710205078125,1200,0.0,0.0
2005-06-06 00:00:00+09:00,2569.7099966653964,2590.773193359375,2569.7099966653964,2590.773193359375,800,0.0,0.0
2005-06-07 00:00:00+09:00,2569.710205078125,2569.710205078125,2569.710205078125,2569.710205078125,400,0.0,0.0
2005-06-08 00:00:00+09:00,2569.710205078125,2569.710205078125,2569.710205078125,2569.710205078125,200,0.0,0.0
2005-06-09 00:00:00+09:00,2582.347900390625,2582.347900390625,2582.347900390625,2582.347900390625,400,0.0,0.0
2005-06-10 00:00:00+09:00,2582.348191390499,2611.836669921875,2582.348191390499,2611.836669921875,600,0.0,0.0
2005-06-13 00:00:00+09:00,2582.3479146817835,2590.773193359375,2565.4973573266006,2590.773193359375,2400,0.0,0.0
2005-06-14 00:00:00+09:00,2569.710205078125,2569.710205078125,2569.710205078125,2569.710205078125,200,0.0,0.0
2005-06-15 00:00:00+09:00,2548.6462482918214,2552.85888671875,2548.6462482918214,2552.85888671875,2600,0.0,0.0
2005-06-16 00:00:00+09:00,2569.710205078125,2569.710205078125,2569.710205078125,2569.710205078125,600,0.0,0.0
2005-06-17 00:00:00+09:00,2557.072286036757,2569.710205078125,2557.072286036757,2569.710205078125,6400,0.0,0.0
2005-06-20 00:00:00+09:00,2586.5607637999487,2590.773403480405,2569.710205078125,2569.710205078125,1000,0.0,0.0
2005-06-21 00:00:00+09:00,2569.7094404264644,2569.7094404264644,2544.433609864893,2552.85888671875,1200,0.0,0.0
2005-06-22 00:00:00+09:00,2552.85888671875,2552.85888671875,2552.85888671875,2552.85888671875,0,0.0,0.0
2005-06-23 00:00:00+09:00,2552.85888671875,2552.85888671875,2552.85888671875,2552.85888671875,0,0.0,0.0
2005-06-24 00:00:00+09:00,2552.85888671875,2552.85888671875,2552.85888671875,2552.85888671875,0,0.0,0.0
2005-06-27 00:00:00+09:00,2565.497314453125,2565.497314453125,2565.497314453125,2565.497314453125,200,0.0,0.0
2005-06-28 00:00:00+09:00,2565.497565397669,2569.710205078125,2548.647006675845,2569.710205078125,1000,0.0,0.0
2005-06-29 00:00:00+09:00,2607.624267578125,2607.624267578125,2607.624267578125,2607.624267578125,200,0.0,0.0
2005-06-30 00:00:00+09:00,2611.836495535714,2653.962890625,2611.836495535714,2653.962890625,600,0.0,0.0
2005-07-01 00:00:00+09:00,2628.6865234375,2628.6865234375,2628.6865234375,2628.6865234375,400,0.0,0.0
2005-07-04 00:00:00+09:00,2628.6865234375,2628.6865234375,2628.6865234375,2628.6865234375,0,0.0,0.0
2005-07-05 00:00:00+09:00,2628.6865234375,2628.6865234375,2628.6865234375,2628.6865234375,0,0.0,0.0
2005-07-06 00:00:00+09:00,2628.6865234375,2628.6865234375,2628.6865234375,2628.6865234375,0,0.0,0.0
2005-07-07 00:00:00+09:00,2628.6865234375,2628.6865234375,2628.6865234375,2628.6865234375,0,0.0,0.0
2005-07-08 00:00:00+09:00,2628.6865234375,2628.6865234375,2628.6865234375,2628.6865234375,0,0.0,0.0
2005-07-11 00:00:00+09:00,2653.9624177956885,2662.3876953125,2653.9624177956885,2662.3876953125,1000,0.0,0.0
2005-07-12 00:00:00+09:00,2675.025611587718,2675.025611587718,2641.3245015204707,2662.3876953125,3800,0.0,0.0
2005-07-13 00:00:00+09:00,2666.600830078125,2675.0261091621,2653.962911452162,2666.600830078125,2800,0.0,0.0
2005-07-14 00:00:00+09:00,2729.789810697115,2738.215087890625,2696.0887019230768,2738.215087890625,1000,0.0,0.0
2005-07-15 00:00:00+09:00,2569.710272019909,2611.836669921875,2569.710272019909,2611.836669921875,4400,0.0,0.0
2005-07-18 00:00:00+09:00,2611.836669921875,2611.836669921875,2611.836669921875,2611.836669921875,0,0.0,0.0
2005-07-19 00:00:00+09:00,2586.5607637999487,2586.5607637999487,2569.710205078125,2569.710205078125,400,0.0,0.0
2005-07-20 00:00:00+09:00,2590.773403480405,2594.9860431608604,2569.710205078125,2569.710205078125,800,0.0,0.0
2005-07-21 00:00:00+09:00,2569.710205078125,2569.710205078125,2569.710205078125,2569.710205078125,1400,0.0,0.0
2005-07-22 00:00:00+09:00,2548.647216796875,2548.647216796875,2548.647216796875,2548.647216796875,200,0.0,0.0
2005-07-25 00:00:00+09:00,2590.773193359375,2607.623750714558,2590.773193359375,2590.773193359375,1000,0.0,0.0
2005-07-26 00:00:00+09:00,2586.5605540205793,2590.773193359375,2586.5605540205793,2590.773193359375,400,0.0,0.0
2005-07-27 00:00:00+09:00,2590.773193359375,2590.773193359375,2590.773193359375,2590.773193359375,0,0.0,0.0
2005-07-28 00:00:00+09:00,2590.7732004933546,2594.98583984375,2590.7732004933546,2594.98583984375,800,0.0,0.0
2005-07-29 00:00:00+09:00,2632.899658203125,2632.899658203125,2632.899658203125,2632.899658203125,400,0.0,0.0
2005-08-01 00:00:00+09:00,2738.2159064797793,2792.980224609375,2696.089507918552,2792.980224609375,3800,0.0,0.0
2005-08-02 00:00:00+09:00,2927.783824744591,2957.2722949218746,2738.215087890625,2738.215087890625,6400,0.0,0.0
2005-08-03 00:00:00+09:00,2822.467859825721,2948.8470177283652,2611.8359299879808,2738.215087890625,2800,0.0,0.0
2005-08-04 00:00:00+09:00,2746.6403650841344,2746.6403650841344,2738.215087890625,2738.215087890625,400,0.0,0.0
2005-08-05 00:00:00+09:00,2776.1294363839284,2990.9740513392853,2527.5837053571427,2653.962890625,3800,0.0,0.0
2005-08-08 00:00:00+09:00,2653.962890625,2653.962890625,2653.962890625,2653.962890625,0,0.0,0.0
2005-08-09 00:00:00+09:00,2653.962890625,2653.962890625,2653.962890625,2653.962890625,0,0.0,0.0
2005-08-10 00:00:00+09:00,2653.962890625,2653.962890625,2653.962890625,2653.962890625,600,0.0,0.0
2005-08-11 00:00:00+09:00,2696.0887019230768,2742.4277264873795,2632.899122971755,2738.215087890625,1400,0.0,0.0
2005-08-12 00:00:00+09:00,2712.93984375,2712.93984375,2653.962890625,2653.962890625,800,0.0,0.0
2005-08-15 00:00:00+09:00,2611.836601882684,2616.04924156314,2527.5838082735654,2569.710205078125,1400,0.0,0.0
2005-08-16 00:00:00+09:00,2548.647006675845,2569.710205078125,2548.647006675845,2569.710205078125,400,0.0,0.0
2005-08-17 00:00:00+09:00,2569.710205078125,2569.710205078125,2569.710205078125,2569.710205078125,0,0.0,0.0
2005-08-18 00:00:00+09:00,2569.710205078125,2569.710205078125,2569.710205078125,2569.710205078125,0,0.0,0.0
2005-08-19 00:00:00+09:00,2590.773193359375,2590.773193359375,2590.773193359375,2590.773193359375,200,0.0,0.0
2005-08-22 00:00:00+09:00,2687.663338101526,2691.8759765625,2687.663338101526,2691.8759765625,800,0.0,0.0
2005-08-23 00:00:00+09:00,2696.08925,2696.08925,2632.899658203125,2632.899658203125,400,0.0,0.0
2005-08-24 00:00:00+09:00,2683.45115726501,2683.45115726501,2675.02587890625,2675.02587890625,400,0.0,0.0
2005-08-25 00:00:00+09:00,2675.02587890625,2675.02587890625,2675.02587890625,2675.02587890625,0,0.0,0.0
2005-08-26 00:00:00+09:00,2675.02587890625,2675.02587890625,2675.02587890625,2675.02587890625,0,0.0,0.0
2005-08-29 00:00:00+09:00,2675.02587890625,2675.02587890625,2675.02587890625,2675.02587890625,0,0.0,0.0
2005-08-30 00:00:00+09:00,2675.02587890625,2675.02587890625,2675.02587890625,2675.02587890625,0,0.0,0.0
2005-08-31 00:00:00+09:00,2611.836669921875,2611.836669921875,2611.836669921875,2611.836669921875,200,0.0,0.0
2005-09-01 00:00:00+09:00,2700.3015060424805,2700.3015060424805,2696.0888671875,2696.0888671875,600,0.0,0.0
2005-09-02 00:00:00+09:00,2738.215087890625,2742.4277264873795,2696.0887019230768,2738.215087890625,2400,0.0,0.0
2005-09-05 00:00:00+09:00,2717.152628393217,2742.428466796875,2717.152628393217,2742.428466796875,600,0.0,0.0
2005-09-06 00:00:00+09:00,2826.681039032681,2826.681039032681,2755.0661691913165,2759.27880859375,1600,0.0,0.0
2005-09-07 00:00:00+09:00,2759.27880859375,2759.27880859375,2759.27880859375,2759.27880859375,0,0.0,0.0
2005-09-08 00:00:00+09:00,2759.27880859375,2759.27880859375,2759.27880859375,2759.27880859375,0,0.0,0.0
2005-09-09 00:00:00+09:00,2750.8531574306203,2826.6806564103313,2750.8531574306203,2822.468017578125,1800,0.0,0.0
2005-09-12 00:00:00+09:00,2826.680686882766,2885.6576311694407,2826.680686882766,2839.318603515625,1400,0.0,0.0
2005-09-13 00:00:00+09:00,2839.3185729069496,2906.7207942222485,2822.468017578125,2822.468017578125,1800,0.0,0.0
2005-09-14 00:00:00+09:00,2797.1923901550754,2801.405029296875,2797.1923901550754,2801.405029296875,600,0.0,0.0
2005-09-15 00:00:00+09:00,2856.169483491104,2885.657958984375,2729.790302805657,2885.657958984375,2000,0.0,0.0
2005-09-16 00:00:00+09:00,2940.422241390189,2940.422241390189,2868.807373046875,2868.807373046875,1200,0.0,0.0
2005-09-19 00:00:00+09:00,2868.807373046875,2868.807373046875,2868.807373046875,2868.807373046875,0,0.0,0.0
2005-09-20 00:00:00+09:00,2931.9962890625,2931.9962890625,2906.720458984375,2906.720458984375,1400,0.0,0.0
2005-09-21 00:00:00+09:00,2868.807401559649,2898.29587705292,2868.807401559649,2885.657958984375,1000,0.0,0.0
2005-09-22 00:00:00+09:00,2868.8076103659237,2877.2328896915215,2864.594970703125,2864.594970703125,1200,0.0,0.0
2005-09-23 00:00:00+09:00,2864.594970703125,2864.594970703125,2864.594970703125,2864.594970703125,0,0.0,0.0
2005-09-26 00:00:00+09:00,2843.5317723891317,2864.594970703125,2843.5317723891317,2864.594970703125,800,0.0,0.0
2005-09-27 00:00:00+09:00,2851.956527777778,2851.956527777778,2843.53125,2843.53125,800,0.0,0.0
2005-09-28 00:00:00+09:00,2868.8076103659237,2868.8076103659237,2864.594970703125,2864.594970703125,400,0.0,0.0
2005-09-29 00:00:00+09:00,2835.105934074744,2843.531211739156,2822.468017578125,2822.468017578125,1800,0.0,0.0
2005-09-30 00:00:00+09:00,2801.405029296875,2801.405029296875,2801.405029296875,2801.405029296875,200,0.0,0.0
2005-10-03 00:00:00+09:00,2801.405029296875,2801.405029296875,2801.405029296875,2801.405029296875,0,0.0,0.0
2005-10-04 00:00:00+09:00,2784.554472729676,2809.8303075804747,2784.554472729676,2801.405029296875,1400,0.0,0.0
2005-10-05 00:00:00+09:00,2801.405029296875,2801.405029296875,2801.405029296875,2801.405029296875,0,0.0,0.0
2005-10-06 00:00:00+09:00,2801.405029296875,2801.405029296875,2801.405029296875,2801.405029296875,0,0.0,0.0
2005-10-07 00:00:00+09:00,2801.405029296875,2801.405029296875,2801.405029296875,2801.405029296875,0,0.0,0.0
2005-10-10 00:00:00+09:00,2801.405029296875,2801.405029296875,2801.405029296875,2801.405029296875,0,0.0,0.0
2005-10-11 00:00:00+09:00,2801.405029296875,2801.405029296875,2801.405029296875,2801.405029296875,0,0.0,0.0
2005-10-12 00:00:00+09:00,2801.405029296875,2801.405029296875,2801.405029296875,2801.405029296875,0,0.0,0.0
2005-10-13 00:00:00+09:00,2801.405029296875,2801.405029296875,2801.405029296875,2801.405029296875,0,0.0,0.0
2005-10-14 00:00:00+09:00,2738.215087890625,2738.215087890625,2738.215087890625,2738.215087890625,600,0.0,0.0
2005-10-17 00:00:00+09:00,2734.00244929387,2738.215087890625,2734.00244929387,2738.215087890625,800,0.0,0.0
2005-10-18 00:00:00+09:00,2738.215087890625,2738.215087890625,2738.215087890625,2738.215087890625,0,0.0,0.0
2005-10-19 00:00:00+09:00,2725.5773391723633,2729.7899780273438,2696.0888671875,2696.0888671875,1400,0.0,0.0
2005-10-20 00:00:00+09:00,2738.215087890625,2742.4277264873795,2738.215087890625,2738.215087890625,800,0.0,0.0
2005-10-21 00:00:00+09:00,2738.215087890625,2738.215087890625,2738.215087890625,2738.215087890625,0,0.0,0.0
2005-10-24 00:00:00+09:00,2738.215087890625,2738.215087890625,2738.215087890625,2738.215087890625,0,0.0,0.0
2005-10-25 00:00:00+09:00,2742.4284204819623,2864.594970703125,2738.2157808191637,2864.594970703125,1800,0.0,0.0
2005-10-26 00:00:00+09:00,2864.594970703125,2864.594970703125,2864.594970703125,2864.594970703125,0,0.0,0.0
2005-10-27 00:00:00+09:00,2868.807373046875,2868.807373046875,2860.38209441825,2868.807373046875,4400,0.0,0.0
2005-10-28 00:00:00+09:00,2927.784565645106,2927.784565645106,2843.5317723891317,2864.594970703125,1200,0.0,0.0
2005-10-31 00:00:00+09:00,2864.5944444444444,2864.5944444444444,2696.088888888889,2843.53125,2000,0.0,0.0
2005-11-01 00:00:00+09:00,2864.594970703125,2864.594970703125,2864.594970703125,2864.594970703125,200,0.0,0.0
2005-11-02 00:00:00+09:00,2864.594970703125,2864.594970703125,2864.594970703125,2864.594970703125,0,0.0,0.0
2005-11-03 00:00:00+09:00,2864.594970703125,2864.594970703125,2864.594970703125,2864.594970703125,0,0.0,0.0
2005-11-04 00:00:00+09:00,2923.571012369792,2927.783650716146,2906.720458984375,2906.720458984375,800,0.0,0.0
2005-11-07 00:00:00+09:00,2927.784458705357,2948.84765625,2927.784458705357,2948.84765625,600,0.0,0.0
2005-11-08 00:00:00+09:00,2948.84765625,2948.84765625,2948.84765625,2948.84765625,400,0.0,0.0
2005-11-09 00:00:00+09:00,2948.84765625,2948.84765625,2948.84765625,2948.84765625,0,0.0,0.0
2005-11-10 00:00:00+09:00,2948.84765625,2948.84765625,2948.84765625,2948.84765625,0,0.0,0.0
2005-11-11 00:00:00+09:00,3033.099609375,3075.2259928385415,2885.657267252604,2906.720458984375,13000,0.0,0.0
2005-11-14 00:00:00+09:00,2944.634441121419,3033.099853515625,2906.720692952474,3033.099853515625,5200,0.0,0.0
2005-11-15 00:00:00+09:00,3037.312590899719,3037.312590899719,2944.6345368084653,2953.059814453125,2200,0.0,0.0
2005-11-16 00:00:00+09:00,2948.8476908798757,2969.910888671875,2948.8476908798757,2969.910888671875,800,0.0,0.0
2005-11-17 00:00:00+09:00,2969.910888671875,2969.910888671875,2969.910888671875,2969.910888671875,0,0.0,0.0
2005-11-18 00:00:00+09:00,2999.3994003080984,2999.3994003080984,2990.97412109375,2990.97412109375,400,0.0,0.0
2005-11-21 00:00:00+09:00,3028.8872148301866,3033.099853515625,3012.036660088433,3033.099853515625,2400,0.0,0.0
2005-11-22 00:00:00+09:00,3033.099853515625,3037.3124922010634,3007.8240214029947,3033.099853515625,3600,0.0,0.0
2005-11-23 00:00:00+09:00,3033.099853515625,3033.099853515625,3033.099853515625,3033.099853515625,0,0.0,0.0
2005-11-24 00:00:00+09:00,3033.10079763986,3037.313437636582,3012.03759765625,3012.03759765625,3200,0.0,0.0
2005-11-25 00:00:00+09:00,3012.03759765625,3012.03759765625,3012.03759765625,3012.03759765625,0,0.0,0.0
2005-11-28 00:00:00+09:00,3012.03759765625,3012.03759765625,3012.03759765625,3012.03759765625,0,0.0,0.0
2005-11-29 00:00:00+09:00,3037.3124922010634,3037.3124922010634,3033.099853515625,3033.099853515625,2400,0.0,0.0
2005-11-30 00:00:00+09:00,3071.0135917968746,3163.6916425781246,3071.0135917968746,3159.47900390625,4400,0.0,0.0
2005-12-01 00:00:00+09:00,3222.6689817750607,3327.9849615716316,3222.6689817750607,3243.732177734375,2400,0.0,0.0
2005-12-02 00:00:00+09:00,3277.433818044355,3285.8590977822582,3247.945338961694,3264.7958984375,1600,0.0,0.0
2005-12-05 00:00:00+09:00,3264.795256824028,3454.364013671875,3264.795256824028,3454.364013671875,4400,0.0,0.0
2005-12-06 00:00:00+09:00,3450.1514195492396,3500.7030887001442,3201.605712890625,3201.605712890625,6000,0.0,0.0
2005-12-07 00:00:00+09:00,3243.732177734375,3285.858569653003,3235.3068993506495,3243.732177734375,4200,0.0,0.0
2005-12-08 00:00:00+09:00,3306.921593299279,3306.921593299279,3285.8583984375,3285.8583984375,1000,0.0,0.0
2005-12-09 00:00:00+09:00,3273.2207175415197,3290.071274645981,3273.2207175415197,3281.64599609375,1200,0.0,0.0
2005-12-12 00:00:00+09:00,3285.8586353698656,3285.8586353698656,3281.64599609375,3281.64599609375,800,0.0,0.0
2005-12-13 00:00:00+09:00,3285.8586353698656,3290.071274645981,3281.64599609375,3281.64599609375,1000,0.0,0.0
2005-12-14 00:00:00+09:00,3277.433356817635,3281.64599609375,3277.433356817635,3281.64599609375,600,0.0,0.0
2005-12-15 00:00:00+09:00,3218.4568728885138,3277.43383129223,3214.2442330025337,3273.22119140625,2800,0.0,0.0
2005-12-16 00:00:00+09:00,3273.22119140625,3273.22119140625,3273.22119140625,3273.22119140625,200,0.0,0.0
2005-12-19 00:00:00+09:00,3269.00839596519,3327.9853515625,3269.00839596519,3327.9853515625,2600,0.0,0.0
2005-12-20 00:00:00+09:00,3327.9853780355797,3580.7437611775226,3327.9853780355797,3496.490966796875,2600,0.0,0.0
2005-12-21 00:00:00+09:00,3496.490966796875,3496.490966796875,3496.490966796875,3496.490966796875,400,0.0,0.0
2005-12-22 00:00:00+09:00,3534.4040602911086,3652.357950265067,3534.4040602911086,3538.61669921875,3000,0.0,0.0
2005-12-23 00:00:00+09:00,3538.61669921875,3538.61669921875,3538.61669921875,3538.61669921875,0,0.0,0.0
2005-12-26 00:00:00+09:00,3622.869554227941,3622.869554227941,3580.7431640625,3580.7431640625,3200,0.0,0.0
2005-12-27 00:00:00+09:00,3622.8698516810095,3622.8698516810095,3593.381376144071,3610.23193359375,2000,0.0,0.0
2005-12-28 00:00:00+09:00,3622.8701443142363,3660.783901638455,3622.8701443142363,3639.720703125,1400,0.0,0.0
2005-12-29 00:00:00+09:00,3660.7837677001953,3707.122802734375,3660.7837677001953,3707.122802734375,1600,0.0,0.0
2005-12-30 00:00:00+09:00,3707.122802734375,3707.122802734375,3707.122802734375,3707.122802734375,0,0.0,0.0
2006-01-02 00:00:00+09:00,3707.122802734375,3707.122802734375,3707.122802734375,3707.122802734375,0,0.0,0.0
2006-01-03 00:00:00+09:00,3707.122802734375,3707.122802734375,3707.122802734375,3707.122802734375,0,0.0,0.0
2006-01-04 00:00:00+09:00,3875.627685546875,3875.627685546875,3875.627685546875,3875.627685546875,600,0.0,0.0
2006-01-05 00:00:00+09:00,3926.180056537829,4002.007568359375,3926.180056537829,4002.007568359375,3200,0.0,0.0
2006-01-06 00:00:00+09:00,4048.34684029981,4212.639792195432,4048.34684029981,4149.4501953125,600,0.0,0.0
2006-01-09 00:00:00+09:00,4149.4501953125,4149.4501953125,4149.4501953125,4149.4501953125,0,0.0,0.0
2006-01-10 00:00:00+09:00,4166.3002011138615,4258.978264232674,4166.3002011138615,4254.765625,2200,0.0,0.0
2006-01-11 00:00:00+09:00,4292.679801757812,4347.4441171875,4212.6396484375,4212.6396484375,4600,0.0,0.0
2006-01-12 00:00:00+09:00,4208.427008789063,4221.0649277343755,4170.513251953125,4212.6396484375,3600,0.0,0.0
2006-01-13 00:00:00+09:00,4212.6396484375,4275.829243164063,4208.427008789063,4212.6396484375,5000,0.0,0.0
2006-01-16 00:00:00+09:00,4166.300056226326,4275.828672466856,4166.300056226326,4170.5126953125,3000,0.0,0.0
2006-01-17 00:00:00+09:00,4208.426797579736,4212.639437016753,4086.26025390625,4086.26025390625,2800,0.0,0.0
2006-01-18 00:00:00+09:00,4056.771431980776,4065.1967101364994,3749.248779296875,3749.248779296875,4800,0.0,0.0
2006-01-19 00:00:00+09:00,3732.398637438322,4023.0707660875823,3707.1228001644736,4002.007568359375,6600,0.0,0.0
2006-01-20 00:00:00+09:00,4212.638721955128,4296.891496394231,4107.32275390625,4107.32275390625,3800,0.0,0.0
2006-01-23 00:00:00+09:00,4086.2601392574034,4086.2601392574034,4002.0073528809617,4018.85791015625,1600,0.0,0.0
2006-01-24 00:00:00+09:00,4018.85791015625,4018.85791015625,4018.85791015625,4018.85791015625,0,0.0,0.0
2006-01-25 00:00:00+09:00,4170.513256962435,4174.7258966159325,4065.197265625,4065.197265625,1600,0.0,0.0
2006-01-26 00:00:00+09:00,4018.85840508426,4023.0710449218745,4018.85840508426,4023.071044921875,400,0.0,0.0
2006-01-27 00:00:00+09:00,4018.85840508426,4023.0710449218745,4018.85840508426,4023.071044921875,400,0.0,0.0
2006-01-30 00:00:00+09:00,4018.8579528808596,4128.386576334636,4018.8579528808596,4044.1337890625,3600,0.0,0.0
2006-01-31 00:00:00+09:00,4023.0708642578124,4212.6396484375,4023.0708642578124,4212.6396484375,600,0.0,0.0
2006-02-01 00:00:00+09:00,4212.6396484375,4221.0649277343755,4212.6396484375,4212.6396484375,1600,0.0,0.0
2006-02-02 00:00:00+09:00,4162.087417140152,4170.5126953125,4162.087417140152,4170.5126953125,800,0.0,0.0
2006-02-03 00:00:00+09:00,4170.512191216473,4170.512191216473,4153.661636908528,4162.0869140625,2000,0.0,0.0
2006-02-06 00:00:00+09:00,4162.0869140625,4162.0869140625,4162.0869140625,4162.0869140625,0,0.0,0.0
2006-02-07 00:00:00+09:00,4212.6396484375,4212.6396484375,4212.6396484375,4212.6396484375,2200,0.0,0.0
2006-02-08 00:00:00+09:00,4212.639354386959,4212.639354386959,4183.15087890625,4183.15087890625,800,0.0,0.0
2006-02-09 00:00:00+09:00,4212.6396484375,4212.6396484375,4212.6396484375,4212.6396484375,600,0.0,0.0
2006-02-10 00:00:00+09:00,4212.6396484375,4212.6396484375,4212.6396484375,4212.6396484375,1200,0.0,0.0
2006-02-13 00:00:00+09:00,4212.6396484375,4212.6396484375,4212.6396484375,4212.6396484375,1400,0.0,0.0
2006-02-14 00:00:00+09:00,4212.639437016753,4212.639437016753,4027.2833017880153,4086.26025390625,6000,0.0,0.0
2006-02-15 00:00:00+09:00,4086.260748724736,4128.387148196125,4002.007949781958,4090.473388671875,5000,0.0,0.0
2006-02-16 00:00:00+09:00,4086.26025390625,4090.4728933432666,4086.26025390625,4086.26025390625,4000,0.0,0.0
2006-02-17 00:00:00+09:00,4060.9843465169274,4065.196985880534,4044.1337890625,4044.1337890625,1800,0.0,0.0
2006-02-20 00:00:00+09:00,4048.3464231418916,4052.5590625,3875.6282094594594,3896.69140625,9000,0.0,0.0
2006-02-21 00:00:00+09:00,3787.1624837622103,3791.3751227875296,3580.7431715215557,3584.955810546875,4600,0.0,0.0
2006-02-22 00:00:00+09:00,3686.0592651367188,3791.375244140625,3686.0592651367188,3791.375244140625,400,0.0,0.0
2006-02-23 00:00:00+09:00,3791.375244140625,3791.375244140625,3791.375244140625,3791.375244140625,0,0.0,0.0
2006-02-24 00:00:00+09:00,3841.9268901209675,3917.75439453125,3833.5016118531585,3917.75439453125,600,0.0,0.0
2006-02-27 00:00:00+09:00,3993.582289268092,4002.007568359375,3959.8811729029603,4002.007568359375,2800,0.0,0.0
2006-02-28 00:00:00+09:00,4010.4328543966876,4010.4328543966876,4002.007575290812,4006.22021484375,600,0.0,0.0
2006-03-01 00:00:00+09:00,4006.22021484375,4006.22021484375,4006.22021484375,4006.22021484375,0,0.0,0.0
2006-03-02 00:00:00+09:00,3959.880615234375,3980.94380999626,3959.880615234375,3959.880615234375,800,0.0,0.0
2006-03-03 00:00:00+09:00,3959.880378877192,3964.093017578125,3959.880378877192,3964.093017578125,400,0.0,0.0
2006-03-06 00:00:00+09:00,3875.627685546875,3875.627685546875,3875.627685546875,3875.627685546875,200,0.0,0.0
2006-03-07 00:00:00+09:00,3875.627685546875,3875.627685546875,3875.627685546875,3875.627685546875,0,0.0,0.0
2006-03-08 00:00:00+09:00,3875.627685546875,3875.627685546875,3875.627685546875,3875.627685546875,0,0.0,0.0
2006-03-09 00:00:00+09:00,3896.691198861727,3926.179672799059,3875.6280031922042,3917.75439453125,1000,0.0,0.0
2006-03-10 00:00:00+09:00,3875.627685546875,3875.627685546875,3875.627685546875,3875.627685546875,400,0.0,0.0
2006-03-13 00:00:00+09:00,3854.5643510839627,3862.9896283540916,3799.800048828125,3799.800048828125,2800,0.0,0.0
2006-03-14 00:00:00+09:00,3812.4384765625,3812.4384765625,3812.4384765625,3812.4384765625,400,0.0,0.0
2006-03-15 00:00:00+09:00,3660.782920521997,3770.3115234375,3660.782920521997,3770.3115234375,3400,0.0,0.0
2006-03-16 00:00:00+09:00,3791.3747163058656,3791.3747163058656,3766.0988848638267,3770.3115234375,600,0.0,0.0
2006-03-17 00:00:00+09:00,3766.0988848638267,3770.3115234375,3766.0988848638267,3770.3115234375,400,0.0,0.0
2006-03-20 00:00:00+09:00,3770.312048339844,3791.375244140625,3770.312048339844,3791.375244140625,1400,0.0,0.0
2006-03-21 00:00:00+09:00,3791.375244140625,3791.375244140625,3791.375244140625,3791.375244140625,0,0.0,0.0
2006-03-22 00:00:00+09:00,3791.375244140625,3791.375244140625,3791.375244140625,3791.375244140625,0,0.0,0.0
2006-03-23 00:00:00+09:00,3791.3754812204534,3791.3754812204534,3782.950202373297,3787.162841796875,800,0.0,0.0
2006-03-24 00:00:00+09:00,3787.162841796875,3787.162841796875,3787.162841796875,3787.162841796875,0,0.0,0.0
2006-03-27 00:00:00+09:00,3791.374771557996,3812.4379647333185,3791.374771557996,3799.800048828125,2200,0.0,0.0
2006-03-28 00:00:00+09:00,3791.3750712656783,3812.438266106043,3622.8695125427594,3694.484375,10800,0.0,0.0
2006-03-29 00:00:00+09:00,3812.4378432905623,4023.0697683342396,3812.4378432905623,3993.581298828125,4000,0.0,0.0
2006-03-30 00:00:00+09:00,3993.582566058573,4027.2836847594895,3989.3699262209584,4023.071044921875,4000,0.0,0.0
2006-03-31 00:00:00+09:00,4023.0706623509986,4170.513042646585,3955.6684313587307,4086.26025390625,7800,0.0,0.0
2006-04-03 00:00:00+09:00,4166.300501410697,4292.6796875,4166.300501410697,4292.6796875,10200,0.0,0.0
2006-04-04 00:00:00+09:00,4292.679112830529,4503.311061448318,4292.679112830529,4381.14453125,12600,0.0,0.0
2006-04-05 00:00:00+09:00,4372.719400427476,4465.3974609375,4372.719400427476,4465.3974609375,5400,0.0,0.0
2006-04-06 00:00:00+09:00,4465.397749174009,4781.345703125,4465.397749174009,4781.345703125,10600,0.0,0.0
2006-04-07 00:00:00+09:00,4718.155610795455,4722.368249733665,4633.90283203125,4633.90283203125,4800,0.0,0.0
2006-04-10 00:00:00+09:00,4633.904003042036,4760.283203125,4633.904003042036,4760.283203125,9600,0.0,0.0
2006-04-11 00:00:00+09:00,4671.8171457101635,4676.02978515625,4633.903390695383,4676.02978515625,4600,0.0,0.0
2006-04-12 00:00:00+09:00,4633.902798356681,4907.724327350485,4629.690159449084,4886.6611328125,6800,0.0,0.0
2006-04-13 00:00:00+09:00,4886.662176148504,4991.978171324118,4878.236896534455,4928.78857421875,7000,0.0,0.0
2006-04-14 00:00:00+09:00,4911.938526471998,4970.9154899116265,4907.72588622631,4945.6396484375,3600,0.0,0.0
2006-04-17 00:00:00+09:00,4941.426493639823,4945.639133446848,4924.575934411725,4928.78857421875,3400,0.0,0.0
2006-04-18 00:00:00+09:00,4844.53466796875,4865.59786217731,4802.408279551631,4844.53466796875,1200,0.0,0.0
2006-04-19 00:00:00+09:00,4852.959945652174,4852.959945652174,4844.53466796875,4844.53466796875,400,0.0,0.0
2006-04-20 00:00:00+09:00,4840.322104828933,4886.6611328125,4831.896827013739,4886.6611328125,2800,0.0,0.0
2006-04-21 00:00:00+09:00,4802.409880084114,4945.6396484375,4802.409880084114,4945.6396484375,2000,0.0,0.0
2006-04-24 00:00:00+09:00,4886.661056385869,4886.661056385869,4739.218696925951,4844.53466796875,1600,0.0,0.0
2006-04-25 00:00:00+09:00,4852.97509765625,4852.97509765625,4852.97509765625,4852.97509765625,0,10.0,0.0
2006-04-26 00:00:00+09:00,4852.97509765625,4852.97509765625,4852.97509765625,4852.97509765625,0,0.0,0.0
2006-04-27 00:00:00+09:00,4641.976725260417,4646.196704101562,4473.177571614583,4557.5771484375,1600,0.0,0.0
2006-04-28 00:00:00+09:00,4603.9957856889205,4684.175363991477,4557.576029829545,4641.9755859375,2800,0.0,0.0
2006-05-01 00:00:00+09:00,4641.9755859375,4641.9755859375,4641.9755859375,4641.9755859375,0,0.0,0.0
2006-05-02 00:00:00+09:00,4684.17626953125,4684.17626953125,4684.17626953125,4684.17626953125,200,0.0,0.0
2006-05-03 00:00:00+09:00,4684.17626953125,4684.17626953125,4684.17626953125,4684.17626953125,0,0.0,0.0
2006-05-04 00:00:00+09:00,4684.17626953125,4684.17626953125,4684.17626953125,4684.17626953125,0,0.0,0.0
2006-05-05 00:00:00+09:00,4684.17626953125,4684.17626953125,4684.17626953125,4684.17626953125,0,0.0,0.0
2006-05-08 00:00:00+09:00,4684.17674112663,4692.61669921875,4684.17674112663,4692.61669921875,1600,0.0,0.0
2006-05-09 00:00:00+09:00,4768.576171875,4768.576171875,4768.576171875,4768.576171875,200,0.0,0.0
2006-05-10 00:00:00+09:00,4810.775999391234,4874.07568359375,4810.775999391234,4874.07568359375,3600,0.0,0.0
2006-05-11 00:00:00+09:00,4874.074913287985,4937.37458748653,4874.074913287985,4895.1748046875,2600,0.0,0.0
2006-05-12 00:00:00+09:00,4861.414978448276,4895.1748046875,4844.535065328664,4895.1748046875,3400,0.0,0.0
2006-05-15 00:00:00+09:00,4726.3759765625,4768.575762067522,4684.176191057478,4726.3759765625,2200,0.0,0.0
2006-05-16 00:00:00+09:00,4717.936019461496,4726.3759765625,4688.39616960798,4726.3759765625,1000,0.0,0.0
2006-05-17 00:00:00+09:00,4722.155164240056,4726.375142045455,4641.9755859375,4641.9755859375,1200,0.0,0.0
2006-05-18 00:00:00+09:00,4591.337232142857,4591.337232142857,4430.97802734375,4430.97802734375,800,0.0,0.0
2006-05-19 00:00:00+09:00,4591.335852272727,4641.9755859375,4591.335852272727,4641.9755859375,1400,0.0,0.0
2006-05-22 00:00:00+09:00,4848.755119310462,4852.97509765625,4848.755119310462,4852.97509765625,2200,0.0,0.0
2006-05-23 00:00:00+09:00,4806.5556640625,4806.5556640625,4806.5556640625,4806.5556640625,200,0.0,0.0
2006-05-24 00:00:00+09:00,4557.576584002294,4599.7763671875,4430.977234446675,4599.7763671875,1800,0.0,0.0
2006-05-25 00:00:00+09:00,4515.377608816964,4515.377608816964,4430.97802734375,4430.97802734375,600,0.0,0.0
2006-05-26 00:00:00+09:00,4430.97802734375,4430.97802734375,4430.97802734375,4430.97802734375,0,0.0,0.0
2006-05-29 00:00:00+09:00,4430.97802734375,4430.97802734375,4430.97802734375,4430.97802734375,0,0.0,0.0
2006-05-30 00:00:00+09:00,4430.97802734375,4430.97802734375,4430.97802734375,4430.97802734375,0,0.0,0.0
2006-05-31 00:00:00+09:00,4430.97802734375,4430.97802734375,4430.97802734375,4430.97802734375,0,0.0,0.0
2006-06-01 00:00:00+09:00,4388.777580151297,4392.99755859375,4388.777580151297,4392.99755859375,600,0.0,0.0
2006-06-02 00:00:00+09:00,4367.677528159133,4371.897506447209,4262.178070957221,4346.57763671875,1400,0.0,0.0
2006-06-05 00:00:00+09:00,4430.97802734375,4430.97802734375,4430.97802734375,4430.97802734375,400,0.0,0.0
2006-06-06 00:00:00+09:00,4430.97802734375,4430.97802734375,4430.97802734375,4430.97802734375,0,0.0,0.0
2006-06-07 00:00:00+09:00,4338.137834545173,4346.577791421721,4135.578869508045,4262.17822265625,1000,0.0,0.0
2006-06-08 00:00:00+09:00,4114.478515625,4114.478515625,4114.478515625,4114.478515625,400,0.0,0.0
2006-06-09 00:00:00+09:00,3966.779296875,3966.779296875,3966.779296875,3966.779296875,800,0.0,0.0
2006-06-12 00:00:00+09:00,4135.57861328125,4135.57861328125,4135.57861328125,4135.57861328125,200,0.0,0.0
2006-06-13 00:00:00+09:00,4219.978719682836,4241.07861328125,4219.978719682836,4241.07861328125,400,0.0,0.0
2006-06-14 00:00:00+09:00,3797.980728149414,4051.179443359375,3797.980728149414,4051.179443359375,600,0.0,0.0
2006-06-15 00:00:00+09:00,3823.3009178524926,4253.73876953125,3823.3009178524926,4253.73876953125,5000,0.0,0.0
2006-06-16 00:00:00+09:00,4346.578445870536,4430.97802734375,4346.578445870536,4430.97802734375,800,0.0,0.0
2006-06-19 00:00:00+09:00,4173.558454777644,4388.77734375,4173.558454777644,4388.77734375,4000,0.0,0.0
2006-06-20 00:00:00+09:00,4384.55712890625,4388.777106893648,4384.55712890625,4384.55712890625,1600,0.0,0.0
2006-06-21 00:00:00+09:00,4384.55712890625,4384.55712890625,4384.55712890625,4384.55712890625,0,0.0,0.0
2006-06-22 00:00:00+09:00,4388.77734375,4388.77734375,4384.557365534855,4388.77734375,800,0.0,0.0
2006-06-23 00:00:00+09:00,4388.77734375,4388.77734375,4388.77734375,4388.77734375,0,0.0,0.0
2006-06-26 00:00:00+09:00,4219.97900390625,4219.97900390625,4219.97900390625,4219.97900390625,400,0.0,0.0
2006-06-27 00:00:00+09:00,4219.97900390625,4219.97900390625,4219.97900390625,4219.97900390625,0,0.0,0.0
2006-06-28 00:00:00+09:00,4219.97900390625,4219.97900390625,4219.97900390625,4219.97900390625,0,0.0,0.0
2006-06-29 00:00:00+09:00,4219.97900390625,4219.97900390625,4219.97900390625,4219.97900390625,0,0.0,0.0
2006-06-30 00:00:00+09:00,4127.1396484375,4135.579606818763,4127.1396484375,4127.1396484375,800,0.0,0.0
2006-07-03 00:00:00+09:00,4127.1396484375,4127.1396484375,4127.1396484375,4127.1396484375,0,0.0,0.0
2006-07-04 00:00:00+09:00,4181.999372340816,4494.27783203125,4181.999372340816,4494.27783203125,6600,0.0,0.0
2006-07-05 00:00:00+09:00,4388.777994791667,4599.776936848958,4388.777994791667,4557.5771484375,3400,0.0,0.0
2006-07-06 00:00:00+09:00,4430.97802734375,4439.417985491071,4295.938696986607,4430.97802734375,3000,0.0,0.0
2006-07-07 00:00:00+09:00,4430.97802734375,4430.97802734375,4430.97802734375,4430.97802734375,0,0.0,0.0
2006-07-10 00:00:00+09:00,4253.738265779703,4262.17822265625,4241.078330464883,4262.17822265625,1400,0.0,0.0
2006-07-11 00:00:00+09:00,4262.17822265625,4262.17822265625,4262.17822265625,4262.17822265625,0,0.0,0.0
2006-07-12 00:00:00+09:00,4232.638655841884,4241.07861328125,4232.638655841884,4241.07861328125,600,0.0,0.0
2006-07-13 00:00:00+09:00,4241.0789492816275,4241.0789492816275,4194.6591796875,4194.6591796875,800,0.0,0.0
2006-07-14 00:00:00+09:00,4194.6591796875,4194.6591796875,4194.6591796875,4194.6591796875,0,0.0,0.0
2006-07-17 00:00:00+09:00,4194.6591796875,4194.6591796875,4194.6591796875,4194.6591796875,0,0.0,0.0
2006-07-18 00:00:00+09:00,4211.538019448139,4215.757997423538,3966.779296875,3966.779296875,1400,0.0,0.0
2006-07-19 00:00:00+09:00,3924.5795171210107,3970.999274850399,3924.5795171210107,3966.779296875,600,0.0,0.0
2006-07-20 00:00:00+09:00,4008.979484485903,4013.199462890625,4008.979484485903,4013.199462890625,400,0.0,0.0
2006-07-21 00:00:00+09:00,4013.199462890625,4013.199462890625,4013.199462890625,4013.199462890625,0,0.0,0.0
2006-07-24 00:00:00+09:00,4013.199462890625,4013.199462890625,4013.199462890625,4013.199462890625,0,0.0,0.0
2006-07-25 00:00:00+09:00,4215.758552750031,4215.758552750031,4211.53857421875,4211.53857421875,600,0.0,0.0
2006-07-26 00:00:00+09:00,4211.53857421875,4211.53857421875,4211.53857421875,4211.53857421875,0,0.0,0.0
2006-07-27 00:00:00+09:00,4008.979736328125,4008.979736328125,4008.979736328125,4008.979736328125,200,0.0,0.0
2006-07-28 00:00:00+09:00,4008.979736328125,4008.979736328125,4008.979736328125,4008.979736328125,0,0.0,0.0
2006-07-31 00:00:00+09:00,4008.979736328125,4008.979736328125,4008.979736328125,4008.979736328125,0,0.0,0.0
2006-08-01 00:00:00+09:00,4135.57861328125,4135.57861328125,4135.57861328125,4135.57861328125,200,0.0,0.0
2006-08-02 00:00:00+09:00,4346.57763671875,4346.57763671875,4346.57763671875,4346.57763671875,1000,0.0,0.0
2006-08-03 00:00:00+09:00,4346.57763671875,4346.57763671875,4346.57763671875,4346.57763671875,0,0.0,0.0
2006-08-04 00:00:00+09:00,4228.418057528409,4228.418057528409,4177.7783203125,4177.7783203125,600,0.0,0.0
2006-08-07 00:00:00+09:00,4219.97900390625,4430.977954101562,4219.97900390625,4219.97900390625,1800,0.0,0.0
2006-08-08 00:00:00+09:00,4219.97900390625,4219.97900390625,4219.97900390625,4219.97900390625,0,0.0,0.0
2006-08-09 00:00:00+09:00,4219.97900390625,4219.97900390625,4219.97900390625,4219.97900390625,0,0.0,0.0
2006-08-10 00:00:00+09:00,4135.57861328125,4135.57861328125,4135.57861328125,4135.57861328125,200,0.0,0.0
2006-08-11 00:00:00+09:00,4135.57861328125,4135.57861328125,4135.57861328125,4135.57861328125,0,0.0,0.0
2006-08-14 00:00:00+09:00,4135.57861328125,4135.57861328125,4135.57861328125,4135.57861328125,0,0.0,0.0
2006-08-15 00:00:00+09:00,4135.578743326005,4198.87841796875,4135.578743326005,4198.87841796875,2200,0.0,0.0
2006-08-16 00:00:00+09:00,4270.6180492305275,4270.6180492305275,4198.87841796875,4198.87841796875,600,0.0,0.0
2006-08-17 00:00:00+09:00,4198.87841796875,4198.87841796875,4198.87841796875,4198.87841796875,0,0.0,0.0
2006-08-18 00:00:00+09:00,4346.57763671875,4346.57763671875,4346.57763671875,4346.57763671875,200,0.0,0.0
2006-08-21 00:00:00+09:00,4388.777451261468,4599.7763671875,4388.777451261468,4599.7763671875,2400,0.0,0.0
2006-08-22 00:00:00+09:00,4599.77610001474,4608.2160561615565,4468.956779739092,4473.1767578125,2400,0.0,0.0
2006-08-23 00:00:00+09:00,4595.557211216517,4599.777190290179,4426.758048270089,4430.97802734375,800,0.0,0.0
2006-08-24 00:00:00+09:00,4553.357169596354,4557.5771484375,4553.357169596354,4557.5771484375,1200,0.0,0.0
2006-08-25 00:00:00+09:00,4473.1767578125,4494.27664817954,4468.956779739092,4473.1767578125,1800,0.0,0.0
2006-08-28 00:00:00+09:00,4430.97802734375,4430.97802734375,4430.97802734375,4430.97802734375,400,0.0,0.0
2006-08-29 00:00:00+09:00,4430.97802734375,4430.97802734375,4430.97802734375,4430.97802734375,600,0.0,0.0
2006-08-30 00:00:00+09:00,4388.778236607142,4430.97802734375,4367.678341238839,4430.97802734375,1200,0.0,0.0
2006-08-31 00:00:00+09:00,4430.97802734375,4430.97802734375,4430.97802734375,4430.97802734375,0,0.0,0.0
2006-09-01 00:00:00+09:00,4430.97802734375,4430.97802734375,4430.97802734375,4430.97802734375,0,0.0,0.0
2006-09-04 00:00:00+09:00,4329.698529575892,4435.19800641741,4329.698529575892,4430.97802734375,800,0.0,0.0
2006-09-05 00:00:00+09:00,4439.417985491071,4439.417985491071,4430.97802734375,4430.97802734375,1200,0.0,0.0
2006-09-06 00:00:00+09:00,4430.97802734375,4430.97802734375,4430.97802734375,4430.97802734375,1600,0.0,0.0
2006-09-07 00:00:00+09:00,4219.978719682836,4241.07861328125,4219.978719682836,4241.07861328125,400,0.0,0.0
2006-09-08 00:00:00+09:00,4430.97802734375,4430.97802734375,4430.97802734375,4430.97802734375,400,0.0,0.0
2006-09-11 00:00:00+09:00,4768.5757774767135,4937.374920042261,4532.256977884947,4587.11669921875,83600,0.0,0.0
2006-09-12 00:00:00+09:00,4848.756063865049,4852.976043032903,4587.117355458057,4625.09716796875,35200,0.0,0.0
2006-09-13 00:00:00+09:00,4646.196128691227,4739.035651698681,4473.1770176318805,4599.7763671875,27800,0.0,0.0
2006-09-14 00:00:00+09:00,4599.775114155251,4629.3149543378995,4515.375570776256,4620.875,22000,0.0,0.0
2006-09-15 00:00:00+09:00,4595.556998108738,4663.07666015625,4595.556998108738,4663.07666015625,50200,0.0,0.0
2006-09-18 00:00:00+09:00,4663.07666015625,4663.07666015625,4663.07666015625,4663.07666015625,0,0.0,0.0
2006-09-19 00:00:00+09:00,4658.856263130252,5042.87430655856,4658.856263130252,5021.7744140625,19200,0.0,0.0
2006-09-20 00:00:00+09:00,4996.454361413043,5063.974014945652,4852.97509765625,4852.97509765625,33000,0.0,0.0
2006-09-21 00:00:00+09:00,4958.474533145438,5000.67431640625,4895.1748582542195,5000.67431640625,3400,0.0,0.0
2006-09-22 00:00:00+09:00,4937.374794628487,4979.574579197961,4916.27490234375,4916.27490234375,2000,0.0,0.0
2006-09-25 00:00:00+09:00,4937.37458748653,4937.37458748653,4895.1748046875,4895.1748046875,1200,0.0,0.0
2006-09-26 00:00:00+09:00,4768.575762067522,4768.575762067522,4658.856319754464,4726.3759765625,3800,0.0,0.0
2006-09-27 00:00:00+09:00,4764.356547602395,4768.576526829677,4705.276838420435,4713.716796875,5000,0.0,0.0
2006-09-28 00:00:00+09:00,4713.716796875,4713.716796875,4713.716796875,4713.716796875,0,0.0,0.0
2006-09-29 00:00:00+09:00,4713.716796875,4789.676422966092,4658.857066920323,4713.716796875,4600,0.0,0.0
2006-10-02 00:00:00+09:00,4688.396938498458,4705.27685546875,4658.857083800448,4705.27685546875,7800,0.0,0.0
2006-10-03 00:00:00+09:00,4722.1564038301985,4772.796150788164,4722.1564038301985,4768.576171875,6600,0.0,0.0
2006-10-04 00:00:00+09:00,4789.674876302083,4793.894854166667,4743.255119791667,4747.47509765625,2600,0.0,0.0
2006-10-05 00:00:00+09:00,4760.1357421875,4760.1357421875,4760.1357421875,4760.1357421875,200,0.0,0.0
2006-10-06 00:00:00+09:00,4760.1357421875,4760.1357421875,4760.1357421875,4760.1357421875,0,0.0,0.0
2006-10-09 00:00:00+09:00,4760.1357421875,4760.1357421875,4760.1357421875,4760.1357421875,0,0.0,0.0
2006-10-10 00:00:00+09:00,4561.797127278646,4578.6770426432295,4557.5771484375,4557.5771484375,1000,0.0,0.0
2006-10-11 00:00:00+09:00,4430.9767994395215,4435.19677734375,4430.9767994395215,4435.19677734375,400,0.0,0.0
2006-10-12 00:00:00+09:00,4473.1767578125,4481.616713959316,4447.856889372052,4473.1767578125,2400,0.0,0.0
2006-10-13 00:00:00+09:00,4435.19800641741,4443.637964564732,4426.758048270089,4430.97802734375,2400,0.0,0.0
2006-10-16 00:00:00+09:00,4426.7569990050115,4561.796297354068,4426.7569990050115,4473.1767578125,16000,0.0,0.0
2006-10-17 00:00:00+09:00,4477.396735885908,4481.616713959316,4473.1767578125,4473.1767578125,3200,0.0,0.0
2006-10-18 00:00:00+09:00,4490.056699810606,4494.276677911932,4430.977006392045,4456.296875,3600,0.0,0.0
2006-10-19 00:00:00+09:00,4464.7373064313615,4726.3759765625,4464.7373064313615,4726.3759765625,17200,0.0,0.0
2006-10-20 00:00:00+09:00,4262.178629557292,4599.776936848958,4262.178629557292,4557.5771484375,13800,0.0,0.0
2006-10-23 00:00:00+09:00,4494.2777134486605,4494.2777134486605,4430.97802734375,4430.97802734375,2800,0.0,0.0
2006-10-24 00:00:00+09:00,4494.2777134486605,4502.717671595982,4430.97802734375,4430.97802734375,2200,0.0,0.0
2006-10-25 00:00:00+09:00,4430.97802734375,4430.97802734375,4430.97802734375,4430.97802734375,0,0.0,0.0
2006-10-26 00:00:00+09:00,4346.577459292361,4346.577459292361,4262.177896976004,4308.59765625,2400,0.0,0.0
2006-10-27 00:00:00+09:00,4300.157656802771,4473.1767578125,4300.157656802771,4473.1767578125,3800,0.0,0.0
2006-10-30 00:00:00+09:00,4473.177212533277,4473.177212533277,4346.577857461581,4359.23779296875,1000,0.0,0.0
2006-10-31 00:00:00+09:00,4388.77700617284,4447.856696640551,4388.77700617284,4443.63671875,1200,0.0,0.0
2006-11-01 00:00:00+09:00,4392.998215680804,4430.97802734375,4392.998215680804,4430.97802734375,600,0.0,0.0
2006-11-02 00:00:00+09:00,4430.97802734375,4430.97802734375,4430.97802734375,4430.97802734375,400,0.0,0.0
2006-11-03 00:00:00+09:00,4430.97802734375,4430.97802734375,4430.97802734375,4430.97802734375,0,0.0,0.0
2006-11-06 00:00:00+09:00,4473.177230461393,4481.6171875,4473.177230461393,4481.6171875,1600,0.0,0.0
2006-11-07 00:00:00+09:00,4511.157381184896,4561.797127278646,4511.157381184896,4557.5771484375,2000,0.0,0.0
2006-11-08 00:00:00+09:00,4511.156783756174,4515.376762038452,4452.077087804269,4485.8369140625,2800,0.0,0.0
2006-11-09 00:00:00+09:00,4485.8369140625,4485.8369140625,4485.8369140625,4485.8369140625,0,0.0,0.0
2006-11-10 00:00:00+09:00,4490.0566701061325,4494.27664817954,4464.736801665684,4473.1767578125,1800,0.0,0.0
2006-11-13 00:00:00+09:00,4473.1767578125,4477.396735885908,4435.196955151828,4473.1767578125,1800,0.0,0.0
2006-11-14 00:00:00+09:00,4452.07686744546,4519.5965166199885,4452.07686744546,4473.1767578125,2800,0.0,0.0
2006-11-15 00:00:00+09:00,4409.87811534577,4452.077905923242,4409.87811534577,4439.41796875,6400,0.0,0.0
2006-11-16 00:00:00+09:00,4447.856918797348,4456.296875,4447.856918797348,4456.296875,1200,0.0,0.0
2006-11-17 00:00:00+09:00,4447.857657916173,4456.297615521327,4426.757763903288,4452.07763671875,2400,0.0,0.0
2006-11-20 00:00:00+09:00,4473.1767578125,4481.616713959316,4443.636911298644,4473.1767578125,2600,0.0,0.0
2006-11-21 00:00:00+09:00,4481.617143958997,4637.75634765625,4481.617143958997,4637.75634765625,1800,0.0,0.0
2006-11-22 00:00:00+09:00,4637.755608132102,4641.9755859375,4637.755608132102,4641.9755859375,1400,0.0,0.0
2006-11-23 00:00:00+09:00,4641.9755859375,4641.9755859375,4641.9755859375,4641.9755859375,0,0.0,0.0
2006-11-24 00:00:00+09:00,4646.19677734375,4646.19677734375,4633.536840620743,4646.19677734375,3400,0.0,0.0
2006-11-27 00:00:00+09:00,4658.855497159091,4663.075474964488,4641.9755859375,4641.9755859375,1400,0.0,0.0
2006-11-28 00:00:00+09:00,4595.556958007813,4595.556958007813,4557.5771484375,4557.5771484375,600,0.0,0.0
2006-11-29 00:00:00+09:00,4599.776936848958,4608.21689453125,4557.5771484375,4557.5771484375,3200,0.0,0.0
2006-11-30 00:00:00+09:00,4772.79489790483,4874.074365234374,4599.775807883522,4641.9755859375,33600,0.0,0.0
2006-12-01 00:00:00+09:00,4641.976326134554,4646.1963046128585,4582.896627438296,4637.75634765625,6600,0.0,0.0
2006-12-04 00:00:00+09:00,4599.777015348451,4781.236108614491,4599.777015348451,4768.576171875,13200,0.0,0.0
2006-12-05 00:00:00+09:00,4810.77490234375,4882.514528080455,4747.475232576069,4810.77490234375,11800,0.0,0.0
2006-12-06 00:00:00+09:00,4802.334946374726,4810.77490234375,4772.795100483142,4810.77490234375,3200,0.0,0.0
2006-12-07 00:00:00+09:00,4772.795405122422,4912.0546875,4768.575426868557,4912.0546875,12600,0.0,0.0
2006-12-08 00:00:00+09:00,4852.975788859578,4895.175578327922,4827.655915178571,4874.07568359375,5600,0.0,0.0
2006-12-11 00:00:00+09:00,4874.074794224331,4962.6943359375,4869.854816047513,4962.6943359375,4400,0.0,0.0
2006-12-12 00:00:00+09:00,4962.694665370172,4962.694665370172,4895.1750100590125,4916.27490234375,3600,0.0,0.0
2006-12-13 00:00:00+09:00,4954.254708456277,4958.474686913224,4916.27490234375,4916.27490234375,4000,0.0,0.0
2006-12-14 00:00:00+09:00,4899.3947829674025,4916.274696087015,4895.1748046875,4895.1748046875,3800,0.0,0.0
2006-12-15 00:00:00+09:00,4890.955031602065,4916.27490234375,4890.955031602065,4916.27490234375,3600,0.0,0.0
2006-12-18 00:00:00+09:00,4937.3754740515715,5068.19482421875,4933.155495013921,5068.19482421875,3600,0.0,0.0
2006-12-19 00:00:00+09:00,4861.414933533448,4950.034476592651,4861.414933533448,4920.49462890625,11600,0.0,0.0
2006-12-20 00:00:00+09:00,4975.353752731065,4983.793708206435,4928.933997616526,4979.57373046875,4000,0.0,0.0
2006-12-21 00:00:00+09:00,4979.575264428081,5127.274530745863,4979.575264428081,5068.19482421875,16000,0.0,0.0
2006-12-22 00:00:00+09:00,5047.0943046875,5274.97314453125,5047.0943046875,5274.97314453125,12600,0.0,0.0
2006-12-25 00:00:00+09:00,5274.9729907418805,5359.37255859375,5270.753012349287,5359.37255859375,4800,0.0,0.0
2006-12-26 00:00:00+09:00,5422.671988383661,5781.370135475187,5401.572097378277,5633.6708984375,20200,0.0,0.0
2006-12-27 00:00:00+09:00,5629.450741371809,5633.6707194388055,5456.431640625,5456.431640625,15200,0.0,0.0
2006-12-28 00:00:00+09:00,5473.312001439145,5650.55109477796,5473.312001439145,5612.5712890625,14000,0.0,0.0
2006-12-29 00:00:00+09:00,5612.571082694576,5612.571082694576,5485.971734964623,5591.47119140625,1600,0.0,0.0
2007-01-04 00:00:00+09:00,5587.251418585526,5654.77107319079,5587.251418585526,5612.5712890625,2000,0.0,0.0
2007-01-05 00:00:00+09:00,5608.351261858259,5907.9697265625,5608.351261858259,5907.9697265625,7800,0.0,0.0
2007-01-09 00:00:00+09:00,5869.990502788973,5907.97031193714,5802.470842081119,5857.33056640625,9200,0.0,0.0
2007-01-10 00:00:00+09:00,5832.011129235348,5832.011129235348,5760.271484375,5760.271484375,1000,0.0,0.0
2007-01-11 00:00:00+09:00,5756.05130256204,5781.371176326976,5739.17138671875,5739.17138671875,1800,0.0,0.0
2007-01-12 00:00:00+09:00,5768.710733162918,5768.710733162918,5616.79150390625,5616.79150390625,2000,0.0,0.0
2007-01-15 00:00:00+09:00,5612.57223195043,5642.112085802802,5507.07275390625,5507.07275390625,3000,0.0,0.0
2007-01-16 00:00:00+09:00,5507.0716796875,5705.410659722223,5507.0716796875,5696.970703125,3400,0.0,0.0
2007-01-17 00:00:00+09:00,5768.710334201389,5768.710334201389,5696.970703125,5696.970703125,1000,0.0,0.0
2007-01-18 00:00:00+09:00,5696.970703125,5701.190681423611,5696.970703125,5696.970703125,3400,0.0,0.0
2007-01-19 00:00:00+09:00,5675.871188256048,5680.091166834677,5625.2314453125,5625.2314453125,1400,0.0,0.0
2007-01-22 00:00:00+09:00,5675.870397767024,5680.090375757929,5604.130771921642,5654.7705078125,2600,0.0,0.0
2007-01-23 00:00:00+09:00,5667.431105651177,5734.950761414705,5654.771170195515,5692.7509765625,2200,0.0,0.0
2007-01-24 00:00:00+09:00,5781.369793316663,5827.78955078125,5781.369793316663,5827.78955078125,1800,0.0,0.0
2007-01-25 00:00:00+09:00,5865.769942801339,6000.809250837054,5827.790137416295,5907.9697265625,9000,0.0,0.0
2007-01-26 00:00:00+09:00,5865.770383522728,5941.7300000000005,5802.470703125,5802.470703125,6600,0.0,0.0
2007-01-29 00:00:00+09:00,5903.749748186384,5912.189704938616,5903.749748186384,5907.9697265625,1200,0.0,0.0
2007-01-30 00:00:00+09:00,5903.749872284818,5950.1696353978505,5840.4501953125,5840.4501953125,5600,0.0,0.0
2007-01-31 00:00:00+09:00,5865.7705078125,5869.990486595099,5823.570719986511,5865.7705078125,3000,0.0,0.0
2007-02-01 00:00:00+09:00,5865.768621914629,5865.768621914629,5819.348870230412,5823.56884765625,4000,0.0,0.0
2007-02-02 00:00:00+09:00,5869.989761209728,5869.989761209728,5844.669891643043,5861.5498046875,1800,0.0,0.0
2007-02-05 00:00:00+09:00,5886.869554187056,5929.0693359375,5886.869554187056,5929.0693359375,5000,0.0,0.0
2007-02-06 00:00:00+09:00,5912.189423237322,5941.729270462633,5912.189423237322,5929.0693359375,1200,0.0,0.0
2007-02-07 00:00:00+09:00,5907.969445062278,5929.0693359375,5907.969445062278,5929.0693359375,1600,0.0,0.0
2007-02-08 00:00:00+09:00,5899.529769810268,5907.9697265625,5899.529769810268,5907.9697265625,2400,0.0,0.0
2007-02-09 00:00:00+09:00,5907.9697265625,5929.06961844308,5865.769942801339,5907.9697265625,1800,0.0,0.0
2007-02-13 00:00:00+09:00,5924.850372869319,6156.949212262347,5924.850372869319,6034.56982421875,7800,0.0,0.0
2007-02-14 00:00:00+09:00,6034.569105174443,6182.268349007385,6034.569105174443,6161.16845703125,4200,0.0,0.0
2007-02-15 00:00:00+09:00,6038.788462705869,6245.5673828125,6038.788462705869,6245.5673828125,4600,0.0,0.0
2007-02-16 00:00:00+09:00,6169.608480092085,6321.5277039520815,6140.068631008197,6258.22802734375,4400,0.0,0.0
2007-02-19 00:00:00+09:00,6266.668203792216,6798.385505932162,6266.668203792216,6794.16552734375,14600,0.0,0.0
2007-02-20 00:00:00+09:00,6878.566105021766,6895.446021843905,6773.066624883395,6785.7265625,4600,0.0,0.0
2007-02-21 00:00:00+09:00,6730.865253155048,6730.865253155048,6536.746255258413,6583.166015625,2600,0.0,0.0
2007-02-22 00:00:00+09:00,6583.166071076498,6730.86530985065,6583.166071076498,6688.66552734375,1200,0.0,0.0
2007-02-23 00:00:00+09:00,6735.085288101341,6735.085288101341,6625.365853583399,6688.66552734375,2000,0.0,0.0
2007-02-26 00:00:00+09:00,6625.3671875,6625.3671875,6621.147208399681,6625.3671875,800,0.0,0.0
2007-02-27 00:00:00+09:00,6625.36646118164,6760.405777587891,6625.36646118164,6751.9658203125,6800,0.0,0.0
2007-02-28 00:00:00+09:00,6583.166324013158,6583.166324013158,6026.129173519737,6414.3671875,10000,0.0,0.0
2007-03-01 00:00:00+09:00,6751.965663580247,6836.365234375,6498.7669511959875,6836.365234375,12200,0.0,0.0
2007-03-02 00:00:00+09:00,6958.743843049823,6962.963821123231,6709.76513671875,6709.76513671875,11800,0.0,0.0
2007-03-05 00:00:00+09:00,6540.9658932376215,6667.565233106737,6372.166773412135,6498.76611328125,5000,0.0,0.0
2007-03-06 00:00:00+09:00,6329.968065464228,6646.46646873744,6287.7682783611335,6562.06689453125,8400,0.0,0.0
2007-03-07 00:00:00+09:00,6642.246021792764,6646.4660002055925,6414.3671875,6414.3671875,3600,0.0,0.0
2007-03-08 00:00:00+09:00,6313.087830822476,6477.6669921875,6304.647873829397,6477.6669921875,4000,0.0,0.0
2007-03-09 00:00:00+09:00,6502.986804618011,6642.24609375,6502.986804618011,6642.24609375,3400,0.0,0.0
2007-03-12 00:00:00+09:00,6709.766033935547,6760.405777587891,6625.36646118164,6751.9658203125,8200,0.0,0.0
2007-03-13 00:00:00+09:00,6751.966560509553,6751.966560509553,6621.147208399681,6625.3671875,2200,0.0,0.0
2007-03-14 00:00:00+09:00,6625.3671875,6629.587166600318,6469.2279607882165,6625.3671875,6400,0.0,0.0
2007-03-15 00:00:00+09:00,6583.166071076498,6688.66552734375,6583.166071076498,6688.66552734375,5400,0.0,0.0
2007-03-16 00:00:00+09:00,6684.446052787429,6684.446052787429,6680.22607421875,6680.22607421875,400,0.0,0.0
2007-03-19 00:00:00+09:00,6730.86530985065,6730.86530985065,6663.345657839609,6688.66552734375,1400,0.0,0.0
2007-03-20 00:00:00+09:00,6751.965709886292,6751.965709886292,6680.22607421875,6680.22607421875,3200,0.0,0.0
2007-03-22 00:00:00+09:00,6756.185642119985,6920.764805169753,6756.185642119985,6836.365234375,4800,0.0,0.0
2007-03-23 00:00:00+09:00,6836.365059793995,6836.365059793995,6794.165275474278,6798.38525390625,1400,0.0,0.0
2007-03-26 00:00:00+09:00,6802.6064793221385,6836.366312966417,6756.186708061256,6785.7265625,2800,0.0,0.0
2007-03-27 00:00:00+09:00,6785.725037225402,6819.48486328125,6785.725037225402,6819.48486328125,1800,0.0,0.0
2007-03-28 00:00:00+09:00,6878.564011548913,7406.06125169837,6878.564011548913,7279.4619140625,15000,0.0,0.0
2007-03-29 00:00:00+09:00,7258.361960018382,7511.56063304228,7173.96240234375,7173.96240234375,16200,0.0,0.0
2007-03-30 00:00:00+09:00,7173.963630950192,7173.963630950192,7169.74365234375,7169.74365234375,800,0.0,0.0
2007-04-02 00:00:00+09:00,7380.741318646599,7469.360854204963,7173.96240234375,7173.96240234375,7800,0.0,0.0
2007-04-03 00:00:00+09:00,7195.062560682351,7300.562011718749,7169.742692433616,7300.56201171875,4000,0.0,0.0
2007-04-04 00:00:00+09:00,7300.561803668478,7304.781781589674,7258.362024456522,7279.4619140625,2000,0.0,0.0
2007-04-05 00:00:00+09:00,7262.584085234015,7334.323730468749,7254.144126971105,7334.32373046875,3000,0.0,0.0
2007-04-06 00:00:00+09:00,7330.102681640626,7384.96240234375,7330.102681640626,7384.96240234375,2400,0.0,0.0
2007-04-09 00:00:00+09:00,7422.942661283263,7549.542024466036,7422.942661283263,7532.662109375,3400,0.0,0.0
2007-04-10 00:00:00+09:00,7427.162130837913,7680.36083984375,7427.162130837913,7680.36083984375,5800,0.0,0.0
2007-04-11 00:00:00+09:00,7718.3413760112635,8397.757976086612,7718.3413760112635,8313.3583984375,16000,0.0,0.0
2007-04-12 00:00:00+09:00,8309.13783747355,8313.357816060385,8102.35888671875,8102.35888671875,3800,0.0,0.0
2007-04-13 00:00:00+09:00,8102.358730670103,8271.157870892397,8102.358730670103,8186.75830078125,1800,0.0,0.0
2007-04-16 00:00:00+09:00,8017.958153257979,8022.178131233378,7933.55859375,7933.55859375,4600,0.0,0.0
2007-04-17 00:00:00+09:00,7891.360260009766,7891.360260009766,7338.543043934215,7427.16259765625,8000,0.0,0.0
2007-04-18 00:00:00+09:00,7507.341779296876,7520.00171484375,7384.96240234375,7384.96240234375,4000,0.0,0.0
2007-04-19 00:00:00+09:00,7376.522493397887,7494.681892605634,7376.522493397887,7490.4619140625,2800,0.0,0.0
2007-04-20 00:00:00+09:00,7591.7421875,7722.561535922735,7591.7421875,7591.7421875,6000,0.0,0.0
2007-04-23 00:00:00+09:00,7595.961474867724,7595.961474867724,7169.743636555702,7178.18359375,4400,0.0,0.0
2007-04-24 00:00:00+09:00,7176.4935884232955,7180.720027521307,6922.907242542614,6973.62451171875,2200,13.0,0.0
2007-04-25 00:00:00+09:00,6762.302215189873,6766.528654074366,6470.67793215981,6677.7734375,5800,0.0,0.0
2007-04-26 00:00:00+09:00,6698.905631922468,6703.132070806962,6550.980270965189,6677.7734375,7200,0.0,0.0
2007-04-27 00:00:00+09:00,6758.075612598256,7176.493052027416,6758.075612598256,6889.09521484375,5800,0.0,0.0
2007-05-01 00:00:00+09:00,6889.095271777175,7358.22998046875,6889.095271777175,7358.22998046875,5000,0.0,0.0
2007-05-02 00:00:00+09:00,7400.493619697857,7404.720058087176,7332.87060546875,7332.87060546875,1400,0.0,0.0
2007-05-07 00:00:00+09:00,7480.79550187759,7649.85302734375,7480.79550187759,7649.85302734375,2400,0.0,0.0
2007-05-08 00:00:00+09:00,7734.381541946172,8072.49658203125,7734.381541946172,8072.49658203125,6400,0.0,0.0
2007-05-09 00:00:00+09:00,8026.0084238795225,8034.461302682977,8026.0084238795225,8030.23486328125,4000,0.0,0.0
2007-05-10 00:00:00+09:00,8152.801346261161,8157.027785528274,7831.591961960566,7987.97021484375,5200,0.0,0.0
2007-05-11 00:00:00+09:00,7818.910376507302,7818.910376507302,7649.85285485309,7776.64599609375,2000,0.0,0.0
2007-05-14 00:00:00+09:00,7776.646817294034,7835.816956121271,7438.53173828125,7438.53173828125,4400,0.0,0.0
2007-05-15 00:00:00+09:00,7434.30512681241,7438.531565201729,7332.87060546875,7332.87060546875,1400,0.0,0.0
2007-05-16 00:00:00+09:00,7227.210063249522,7227.210063249522,7180.71923828125,7180.71923828125,1000,0.0,0.0
2007-05-17 00:00:00+09:00,7311.737886762888,7565.324171852931,7311.737886762888,7480.79541015625,1200,0.0,0.0
2007-05-18 00:00:00+09:00,7480.795056668134,7501.92724609375,7480.795056668134,7501.92724609375,600,0.0,0.0
2007-05-21 00:00:00+09:00,7518.833663736979,7607.5888671875,7518.833663736979,7607.5888671875,2200,0.0,0.0
2007-05-22 00:00:00+09:00,7607.5888671875,7611.815305447049,7561.098046332465,7607.5888671875,2800,0.0,0.0
2007-05-23 00:00:00+09:00,7645.627515388258,7649.853954036897,7531.513671875001,7531.513671875,2800,0.0,0.0
2007-05-24 00:00:00+09:00,7396.26669430866,7573.777094972067,7396.26669430866,7565.32421875,1000,0.0,0.0
2007-05-25 00:00:00+09:00,7396.26739159059,7565.324931969803,7396.26739159059,7523.060546875,1000,0.0,0.0
2007-05-28 00:00:00+09:00,7514.607669856039,7523.060546875,7514.607669856039,7523.060546875,400,0.0,0.0
2007-05-29 00:00:00+09:00,7523.060546875,7527.28698538448,7523.060546875,7523.060546875,2000,0.0,0.0
2007-05-30 00:00:00+09:00,7514.607669856039,7531.513423893961,7514.607669856039,7523.060546875,800,0.0,0.0
2007-05-31 00:00:00+09:00,7607.589066015185,7607.589066015185,7506.154545134983,7514.607421875,1600,0.0,0.0
2007-06-01 00:00:00+09:00,7645.62743410232,7654.08031130973,7603.36304806527,7628.7216796875,2000,0.0,0.0
2007-06-04 00:00:00+09:00,7628.721058485243,7632.947496744791,7501.927910698784,7607.5888671875,2200,0.0,0.0
2007-06-05 00:00:00+09:00,7396.267076717911,7861.17529296875,7396.267076717911,7861.17529296875,9800,0.0,0.0
2007-06-06 00:00:00+09:00,7747.061329752604,7751.287768012153,7607.5888671875,7607.5888671875,3000,0.0,0.0
2007-06-07 00:00:00+09:00,7692.118087254214,7692.118087254214,7514.607669856039,7523.060546875,1000,0.0,0.0
2007-06-08 00:00:00+09:00,7607.589317064607,7607.589317064607,7472.343284761236,7523.060546875,1600,0.0,0.0
2007-06-11 00:00:00+09:00,7607.5899465460525,7611.816385405245,6994.756311963176,7227.21044921875,15600,0.0,0.0
2007-06-12 00:00:00+09:00,7222.983446388473,7227.209884917665,6931.359187874252,7058.15234375,4400,0.0,0.0
2007-06-13 00:00:00+09:00,7049.699342795087,7100.416604254045,6931.35906605752,7053.92578125,7800,0.0,0.0
2007-06-14 00:00:00+09:00,7058.152103697855,7083.5107340105415,7058.152103697855,7066.60498046875,3000,0.0,0.0
2007-06-15 00:00:00+09:00,7163.813345102164,7218.757046274039,7138.454713792067,7142.68115234375,7400,0.0,0.0
2007-06-18 00:00:00+09:00,7218.755540081522,7320.190044157609,7218.755540081522,7290.60498046875,1800,0.0,0.0
2007-06-19 00:00:00+09:00,7282.154575494032,7392.0419921875,7282.154575494032,7392.0419921875,2200,0.0,0.0
2007-06-20 00:00:00+09:00,7396.267353404652,7480.796123157847,7396.267353404652,7438.53173828125,2200,0.0,0.0
2007-06-21 00:00:00+09:00,7459.663930719549,7459.663930719549,7434.30529979359,7438.53173828125,2400,0.0,0.0
2007-06-22 00:00:00+09:00,7438.5318113772455,7438.5318113772455,7020.1143969872755,7058.15234375,9600,0.0,0.0
2007-06-25 00:00:00+09:00,7058.151945454116,7062.378383744807,6994.75537109375,6994.75537109375,5400,0.0,0.0
2007-06-26 00:00:00+09:00,6994.75537109375,6994.75537109375,6986.302494512368,6994.75537109375,600,0.0,0.0
2007-06-27 00:00:00+09:00,7015.888902698864,7015.888902698864,6965.1716335227275,6973.62451171875,1600,0.0,0.0
2007-06-28 00:00:00+09:00,6973.623573166167,7058.15234375,6931.359187874252,7058.15234375,4000,0.0,0.0
2007-06-29 00:00:00+09:00,7142.681754424966,7903.440757854844,7142.681754424966,7797.77978515625,17000,0.0,0.0
2007-07-02 00:00:00+09:00,7776.646748310811,7987.968670819257,7776.646748310811,7818.9111328125,5000,0.0,0.0
2007-07-03 00:00:00+09:00,7818.9111328125,7945.7042863175675,7818.9111328125,7818.9111328125,3000,0.0,0.0
2007-07-04 00:00:00+09:00,7818.910909673219,7861.17529296875,7818.910909673219,7861.17529296875,1800,0.0,0.0
2007-07-05 00:00:00+09:00,7945.704326119653,7945.704326119653,7903.43994140625,7903.43994140625,1600,0.0,0.0
2007-07-06 00:00:00+09:00,7903.43994140625,7907.666379877591,7903.43994140625,7903.43994140625,800,0.0,0.0
2007-07-09 00:00:00+09:00,7945.7021484375,7945.7021484375,7945.7021484375,7945.7021484375,1000,0.0,0.0
2007-07-10 00:00:00+09:00,7966.834335002493,7987.966521567487,7861.173402177527,7945.7021484375,1800,0.0,0.0
2007-07-11 00:00:00+09:00,7861.17529296875,7861.17529296875,7861.17529296875,7861.17529296875,400,0.0,0.0
2007-07-12 00:00:00+09:00,7818.9111328125,7818.9111328125,7818.9111328125,7818.9111328125,200,0.0,0.0
2007-07-13 00:00:00+09:00,7670.98521802702,7670.98521802702,7611.815084113864,7649.85302734375,1000,0.0,0.0
2007-07-17 00:00:00+09:00,7607.588869985673,7607.588869985673,7354.002574319485,7375.134765625,4800,0.0,0.0
2007-07-18 00:00:00+09:00,7370.907973214285,7438.530982142857,7354.002220982143,7396.2666015625,2800,0.0,0.0
2007-07-19 00:00:00+09:00,7396.2666015625,7396.2666015625,7396.2666015625,7396.2666015625,0,0.0,0.0
2007-07-20 00:00:00+09:00,7523.060599808145,7645.627317445468,7518.834161268926,7641.40087890625,2400,0.0,0.0
2007-07-23 00:00:00+09:00,7607.5893705925055,7641.40087890625,7607.5893705925055,7641.40087890625,400,0.0,0.0
2007-07-24 00:00:00+09:00,7645.627317445468,7645.627317445468,7641.40087890625,7641.40087890625,400,0.0,0.0
2007-07-25 00:00:00+09:00,7641.402159009972,7645.628598257212,7417.40087890625,7417.40087890625,2000,0.0,0.0
2007-07-26 00:00:00+09:00,7485.022495249155,8009.100863070102,7485.022495249155,7818.9111328125,15400,0.0,0.0
2007-07-27 00:00:00+09:00,7810.458255912162,7823.137571262669,7692.1179793074325,7818.9111328125,6200,0.0,0.0
2007-07-30 00:00:00+09:00,7818.9111328125,7840.043325063345,7814.684694362331,7818.9111328125,1000,0.0,0.0
2007-07-31 00:00:00+09:00,7941.4763899995905,8051.363769531251,7941.4763899995905,8051.36376953125,1800,0.0,0.0
2007-08-01 00:00:00+09:00,8068.271867370605,8161.253523254394,8051.366111755371,8114.7626953125,4400,0.0,0.0
2007-08-02 00:00:00+09:00,8406.388289181472,8537.407915609137,8326.0859375,8326.0859375,5600,0.0,0.0
2007-08-03 00:00:00+09:00,8326.0859375,8368.350333121827,8199.292750634519,8326.0859375,4600,0.0,0.0
2007-08-06 00:00:00+09:00,8448.651330102848,8452.87776898734,8321.858163568038,8347.216796875,4000,0.0,0.0
2007-08-07 00:00:00+09:00,8359.89621332908,8364.12265226403,8199.29153380102,8283.8203125,3400,0.0,0.0
2007-08-08 00:00:00+09:00,8279.594696471631,8279.594696471631,8161.254394531251,8161.25439453125,400,0.0,0.0
2007-08-09 00:00:00+09:00,8030.234607514881,8030.234607514881,7987.97021484375,7987.97021484375,600,0.0,0.0
2007-08-10 00:00:00+09:00,7861.17493417645,7861.17493417645,7607.58864597721,7649.85302734375,1600,0.0,0.0
2007-08-13 00:00:00+09:00,7649.85302734375,7649.85302734375,7649.85302734375,7649.85302734375,0,0.0,0.0
2007-08-14 00:00:00+09:00,7649.85302734375,7649.85302734375,7649.85302734375,7649.85302734375,0,0.0,0.0
2007-08-15 00:00:00+09:00,7696.34521484375,7696.34521484375,7696.34521484375,7696.34521484375,200,0.0,0.0
2007-08-16 00:00:00+09:00,7649.852980970671,7649.852980970671,7548.418466305866,7565.32421875,2200,0.0,0.0
2007-08-17 00:00:00+09:00,7544.192814753606,7544.192814753606,7142.68115234375,7142.68115234375,1000,0.0,0.0
2007-08-20 00:00:00+09:00,7561.097733768096,7569.550609937764,7396.266648459569,7480.79541015625,3000,0.0,0.0
2007-08-21 00:00:00+09:00,7459.663969232794,7523.060546875,7459.663969232794,7523.060546875,1800,0.0,0.0
2007-08-22 00:00:00+09:00,7480.797467614851,7480.797467614851,7396.26868267005,7417.40087890625,1800,0.0,0.0
2007-08-23 00:00:00+09:00,7413.17443965901,7417.40087890625,7413.17443965901,7417.40087890625,400,0.0,0.0
2007-08-24 00:00:00+09:00,7442.757467392743,7485.021848241084,7442.757467392743,7480.79541015625,2400,0.0,0.0
2007-08-27 00:00:00+09:00,7485.021534811644,7649.8526132179995,7485.021534811644,7569.55029296875,3400,0.0,0.0
2007-08-28 00:00:00+09:00,7607.588503348834,7611.81494140625,7607.588503348834,7611.81494140625,4000,0.0,0.0
2007-08-29 00:00:00+09:00,7586.4560546875,7586.4560546875,7586.4560546875,7586.4560546875,200,0.0,0.0
2007-08-30 00:00:00+09:00,7611.815305447049,7611.815305447049,7607.5888671875,7607.5888671875,400,0.0,0.0
2007-08-31 00:00:00+09:00,7611.815305447049,7637.17393500434,7607.5888671875,7607.5888671875,1600,0.0,0.0
2007-09-03 00:00:00+09:00,7692.11767578125,7692.11767578125,7692.11767578125,7692.11767578125,200,0.0,0.0
2007-09-04 00:00:00+09:00,7628.721058485243,7649.8532497829865,7607.5888671875,7607.5888671875,1800,0.0,0.0
2007-09-05 00:00:00+09:00,7607.5888671875,7607.5888671875,7607.5888671875,7607.5888671875,0,0.0,0.0
2007-09-06 00:00:00+09:00,7628.721913649944,7628.721913649944,7603.36328125,7603.36328125,1200,0.0,0.0
2007-09-07 00:00:00+09:00,7480.795362723214,7480.795362723214,7379.360849330357,7396.2666015625,1200,0.0,0.0
2007-09-10 00:00:00+09:00,6973.623990486005,7062.379204910372,6889.09521484375,6889.09521484375,5000,0.0,0.0
2007-09-11 00:00:00+09:00,6889.09521484375,6889.09521484375,6846.830827022623,6889.09521484375,800,0.0,0.0
2007-09-12 00:00:00+09:00,7180.719729576582,7184.946168499228,6846.8310546875,6846.8310546875,1800,0.0,0.0
2007-09-13 00:00:00+09:00,6762.302276234568,6846.8310546875,6724.264325930748,6846.8310546875,1000,0.0,0.0
2007-09-14 00:00:00+09:00,6884.868942840189,6884.868942840189,6559.433148734177,6677.7734375,4600,0.0,0.0
2007-09-18 00:00:00+09:00,6698.906628292982,6703.1330678061,6191.73388671875,6191.73388671875,3800,0.0,0.0
2007-09-19 00:00:00+09:00,6339.6575410487285,6550.979459083686,6233.99658203125,6233.99658203125,6400,0.0,0.0
2007-09-20 00:00:00+09:00,6233.99658203125,6339.6575410487285,6233.99658203125,6233.99658203125,7400,0.0,0.0
2007-09-21 00:00:00+09:00,6255.128463541667,6339.6572265625,6255.128463541667,6339.6572265625,800,0.0,0.0
2007-09-25 00:00:00+09:00,6301.619283203125,6339.6572265625,6301.619283203125,6339.6572265625,800,0.0,0.0
2007-09-26 00:00:00+09:00,6339.6572265625,6339.6572265625,6339.6572265625,6339.6572265625,400,0.0,0.0
2007-09-27 00:00:00+09:00,6470.677961730957,6762.30224609375,6466.451522827148,6762.30224609375,1400,0.0,0.0
2007-09-28 00:00:00+09:00,6762.3020513803685,6889.09521484375,6762.3020513803685,6889.09521484375,3200,0.0,0.0
2007-10-01 00:00:00+09:00,6973.623782843712,6982.07666015625,6969.397344187443,6982.07666015625,800,0.0,0.0
2007-10-02 00:00:00+09:00,6982.07666015625,6982.07666015625,6982.07666015625,6982.07666015625,200,0.0,0.0
2007-10-03 00:00:00+09:00,6982.077160203314,7015.888671875001,6982.077160203314,7015.888671875,1200,0.0,0.0
2007-10-04 00:00:00+09:00,7011.66223291604,7015.888671875001,7011.66223291604,7015.888671875,800,0.0,0.0
2007-10-05 00:00:00+09:00,7015.888671875001,7015.888671875001,7015.888671875001,7015.888671875,0,0.0,0.0
2007-10-09 00:00:00+09:00,7015.888245192308,7020.114683894231,6867.962890625,6867.962890625,3800,0.0,0.0
2007-10-10 00:00:00+09:00,6867.962890625,6867.962890625,6867.962890625,6867.962890625,200,0.0,0.0
2007-10-11 00:00:00+09:00,6867.962890625,6867.962890625,6867.962890625,6867.962890625,0,0.0,0.0
2007-10-12 00:00:00+09:00,6846.831024169922,6867.963218688965,6762.30224609375,6762.30224609375,600,0.0,0.0
2007-10-15 00:00:00+09:00,6762.30224609375,6762.30224609375,6762.30224609375,6762.30224609375,800,0.0,0.0
2007-10-16 00:00:00+09:00,6762.30224609375,6762.30224609375,6762.30224609375,6762.30224609375,0,0.0,0.0
2007-10-17 00:00:00+09:00,6635.508526141827,6639.73496469351,6593.244140625,6593.244140625,600,0.0,0.0
2007-10-18 00:00:00+09:00,6555.206907762097,6555.206907762097,6487.583883568548,6550.98046875,600,0.0,0.0
2007-10-19 00:00:00+09:00,6770.755123901367,6770.755123901367,6762.30224609375,6762.30224609375,400,0.0,0.0
2007-10-22 00:00:00+09:00,6762.30224609375,6762.30224609375,6762.30224609375,6762.30224609375,0,0.0,0.0
2007-10-23 00:00:00+09:00,6550.98046875,6550.98046875,6550.98046875,6550.98046875,200,0.0,0.0
2007-10-24 00:00:00+09:00,6403.053933178468,6407.280371418189,6339.657359582641,6360.78955078125,2800,0.0,0.0
2007-10-25 00:00:00+09:00,6301.619637071489,6369.242651285535,6297.39319868311,6318.525390625,2600,0.0,0.0
2007-10-26 00:00:00+09:00,6318.525390625,6318.525390625,6318.525390625,6318.525390625,0,0.0,0.0
2007-10-29 00:00:00+09:00,6217.090924172466,6217.090924172466,5904.334480672287,5921.240234375,15400,0.0,0.0
2007-10-30 00:00:00+09:00,5933.9189453125,6170.599473045762,5917.013193331553,5933.9189453125,7400,0.0,0.0
2007-10-31 00:00:00+09:00,5959.27880859375,5959.27880859375,5959.27880859375,5959.27880859375,400,0.0,0.0
2007-11-01 00:00:00+09:00,5963.504543347305,6043.806872421436,5963.504543347305,6018.4482421875,4800,0.0,0.0
2007-11-02 00:00:00+09:00,5955.052807795392,5959.279246977646,5790.2216796875,5790.2216796875,4400,0.0,0.0
2007-11-05 00:00:00+09:00,5790.221321022727,5811.353515625,5790.221321022727,5811.353515625,800,0.0,0.0
2007-11-06 00:00:00+09:00,5726.82421875,5726.82421875,5726.82421875,5726.82421875,400,0.0,0.0
2007-11-07 00:00:00+09:00,5680.333317490495,5684.55975597077,5557.7666015625,5557.7666015625,1200,0.0,0.0
2007-11-08 00:00:00+09:00,5494.36962890625,5494.36962890625,5494.36962890625,5494.36962890625,200,0.0,0.0
2007-11-09 00:00:00+09:00,5494.36962890625,5494.36962890625,5494.36962890625,5494.36962890625,0,0.0,0.0
2007-11-12 00:00:00+09:00,5232.330461989183,5494.36962890625,4987.197047776443,5494.36962890625,5400,0.0,0.0
2007-11-13 00:00:00+09:00,5494.37078125,5494.37078125,5283.048828125,5283.048828125,800,0.0,0.0
2007-11-14 00:00:00+09:00,5071.726499240891,5494.370374177632,5071.726499240891,5219.65185546875,3600,0.0,0.0
2007-11-15 00:00:00+09:00,5219.651145598017,5283.047718216617,5219.651145598017,5261.91552734375,2800,0.0,0.0
2007-11-16 00:00:00+09:00,5177.38818359375,5177.38818359375,5177.38818359375,5177.38818359375,200,0.0,0.0
2007-11-19 00:00:00+09:00,5075.9537030081465,5080.180142394498,4944.93408203125,4944.93408203125,1200,0.0,0.0
2007-11-20 00:00:00+09:00,4906.895488689213,4906.895488689213,4856.17822265625,4856.17822265625,1600,0.0,0.0
2007-11-21 00:00:00+09:00,4767.423517815421,4775.876396393108,4268.703681731893,4522.2900390625,13400,0.0,0.0
2007-11-22 00:00:00+09:00,4272.929596954642,4395.496321298543,4184.174382774575,4353.23193359375,6800,0.0,0.0
2007-11-26 00:00:00+09:00,4437.760913085937,4437.760913085937,4205.3067700195315,4226.43896484375,8200,0.0,0.0
2007-11-27 00:00:00+09:00,4184.17387163521,4277.155513227104,4184.17387163521,4268.70263671875,3200,0.0,0.0
2007-11-28 00:00:00+09:00,4226.438001063481,4226.438001063481,3972.8517209996726,4036.248291015625,13000,0.0,0.0
2007-11-29 00:00:00+09:00,4057.3816142638034,4213.759863980221,4057.3816142638034,4133.45751953125,9200,0.0,0.0
2007-11-30 00:00:00+09:00,4163.04258133436,4564.5543023767605,4163.04258133436,4501.15771484375,6000,0.0,0.0
2007-12-03 00:00:00+09:00,4881.53608972886,5122.4430655856095,4881.53608972886,5029.46142578125,14400,0.0,0.0
2007-12-04 00:00:00+09:00,5113.9908395686625,5287.274826694543,5092.858646016725,5101.3115234375,5200,0.0,0.0
2007-12-05 00:00:00+09:00,5050.593346547272,5050.593346547272,4966.064587609242,4987.19677734375,1400,0.0,0.0
2007-12-06 00:00:00+09:00,4987.19677734375,4987.19677734375,4987.19677734375,4987.19677734375,0,0.0,0.0
2007-12-07 00:00:00+09:00,4999.87656399984,5004.103002346416,4944.932865494347,4953.3857421875,2800,0.0,0.0
2007-12-10 00:00:00+09:00,4822.366705615448,4839.2724609375,4822.366705615448,4839.2724609375,400,0.0,0.0
2007-12-11 00:00:00+09:00,4797.007456996985,4822.366086725603,4797.007456996985,4818.1396484375,2200,0.0,0.0
2007-12-12 00:00:00+09:00,4758.969113715278,4763.195551649306,4653.308165364583,4754.74267578125,2400,0.0,0.0
2007-12-13 00:00:00+09:00,4691.347302802446,4742.064570940851,4691.347302802446,4729.38525390625,1000,0.0,0.0
2007-12-14 00:00:00+09:00,4733.611692917783,4775.876083033121,4678.667985767845,4729.38525390625,1200,0.0,0.0
2007-12-17 00:00:00+09:00,4860.404990059988,4864.63142918178,4729.385377284459,4733.61181640625,2200,0.0,0.0
2007-12-18 00:00:00+09:00,4725.15814668148,4729.384585095327,4606.81787109375,4606.81787109375,1200,0.0,0.0
2007-12-19 00:00:00+09:00,4606.81787109375,4606.81787109375,4606.81787109375,4606.81787109375,0,0.0,0.0
2007-12-20 00:00:00+09:00,4691.34677333048,4695.573211865011,4619.497318243436,4627.9501953125,800,0.0,0.0
2007-12-21 00:00:00+09:00,4623.7234386045,4627.949876848197,4475.798100075106,4484.2509765625,1800,0.0,0.0
2007-12-25 00:00:00+09:00,4492.703853049894,4492.703853049894,4484.2509765625,4484.2509765625,400,0.0,0.0
2007-12-26 00:00:00+09:00,4623.7237567779675,4627.9501953125,4623.7237567779675,4627.9501953125,800,0.0,0.0
2007-12-27 00:00:00+09:00,4627.951048688871,4627.951048688871,4623.724609375,4623.724609375,600,0.0,0.0
2007-12-28 00:00:00+09:00,4403.94886244926,4425.0810546875,4395.495985553964,4425.0810546875,800,0.0,0.0
2008-01-04 00:00:00+09:00,4298.287901258059,4425.0810546875,4298.287901258059,4425.0810546875,400,0.0,0.0
2008-01-07 00:00:00+09:00,4425.081125057445,4425.081125057445,4268.70290000766,4310.96728515625,2400,0.0,0.0
2008-01-08 00:00:00+09:00,4184.173828125,4184.173828125,4163.041637073864,4184.173828125,600,0.0,0.0
2008-01-09 00:00:00+09:00,4184.175166560914,4184.175166560914,4086.9670566307104,4163.04296875,1200,0.0,0.0
2008-01-10 00:00:00+09:00,4167.2680752840915,4184.173828125,4163.041637073864,4184.173828125,2600,0.0,0.0
2008-01-11 00:00:00+09:00,4188.400266335228,4234.891086647727,3905.2289062500004,4184.173828125,3200,0.0,0.0
2008-01-15 00:00:00+09:00,4222.212229180091,4226.438667847939,4078.5133144732604,4099.6455078125,6800,0.0,0.0
2008-01-16 00:00:00+09:00,3850.285142491799,3888.323085721685,3769.982817895373,3824.926513671875,3000,0.0,0.0
2008-01-17 00:00:00+09:00,3820.7001866319442,3824.9266248914932,3803.79443359375,3803.79443359375,1400,0.0,0.0
2008-01-18 00:00:00+09:00,3731.9449831814236,4074.286482204861,3731.9449831814236,3803.79443359375,2200,0.0,0.0
2008-01-21 00:00:00+09:00,3799.567814174107,3841.832194754464,3685.4539866071427,3698.13330078125,2400,0.0,0.0
2008-01-22 00:00:00+09:00,3689.6807880881724,3693.9072265625,3689.6807880881724,3693.9072265625,600,0.0,0.0
2008-01-23 00:00:00+09:00,3719.2655146539546,3740.397705078125,3719.2655146539546,3740.397705078125,1200,0.0,0.0
2008-01-24 00:00:00+09:00,3778.435804036458,3803.79443359375,3761.530050998264,3803.79443359375,1800,0.0,0.0
2008-01-25 00:00:00+09:00,3685.454162326389,3846.058816189236,3685.454162326389,3803.79443359375,5000,0.0,0.0
2008-01-28 00:00:00+09:00,3761.5302772693035,3769.983154296875,3757.3038387555175,3769.983154296875,1400,0.0,0.0
2008-01-29 00:00:00+09:00,3761.5302734375,3761.5302734375,3761.5302734375,3761.5302734375,200,0.0,0.0
2008-01-30 00:00:00+09:00,3799.5685635246637,3799.5685635246637,3685.4547134521763,3689.68115234375,800,0.0,0.0
2008-01-31 00:00:00+09:00,3757.303815529563,3757.303815529563,3719.265869140625,3719.265869140625,800,0.0,0.0
2008-02-01 00:00:00+09:00,3761.530050998264,3854.511692708333,3761.530050998264,3803.79443359375,1200,0.0,0.0
2008-02-04 00:00:00+09:00,3803.79443359375,3816.4737483723957,3799.5679953342014,3803.79443359375,3400,0.0,0.0
2008-02-05 00:00:00+09:00,3803.7942763506353,3803.7942763506353,3740.397705078125,3740.397705078125,2400,0.0,0.0
2008-02-06 00:00:00+09:00,3634.7370879219106,3698.133665036828,3592.472703178633,3693.9072265625,1200,0.0,0.0
2008-02-07 00:00:00+09:00,3693.9072265625,3693.9072265625,3693.9072265625,3693.9072265625,0,0.0,0.0
2008-02-08 00:00:00+09:00,3719.2659254807695,3719.2659254807695,3165.6024752103367,3296.6220703125,5600,0.0,0.0
2008-02-12 00:00:00+09:00,3169.828342747044,3169.828342747044,3127.56396484375,3127.56396484375,3000,0.0,0.0
2008-02-13 00:00:00+09:00,2975.4126498287674,3182.5081325583265,2975.4126498287674,3085.300048828125,6600,0.0,0.0
2008-02-14 00:00:00+09:00,3085.30031593897,3190.9612856629074,3085.30031593897,3144.470458984375,5400,0.0,0.0
2008-02-15 00:00:00+09:00,3136.0176987126774,3148.697015553834,3131.791259765625,3131.791259765625,1600,0.0,0.0
2008-02-18 00:00:00+09:00,3131.79121340981,3355.7924742879745,3131.79121340981,3338.88671875,11200,0.0,0.0
2008-02-19 00:00:00+09:00,3423.415496439873,3465.67988528481,3292.3958910205693,3338.88671875,7800,0.0,0.0
2008-02-20 00:00:00+09:00,3338.886455829327,3381.150841346154,3296.6220703125,3296.6220703125,3200,0.0,0.0
2008-02-21 00:00:00+09:00,3292.39599609375,3296.622435113126,3212.0936547256097,3292.39599609375,1200,0.0,0.0
2008-02-22 00:00:00+09:00,3338.88671875,3338.88671875,3338.88671875,3338.88671875,200,0.0,0.0
2008-02-25 00:00:00+09:00,3385.377064460486,3385.377064460486,3364.244873046875,3364.244873046875,400,0.0,0.0
2008-02-26 00:00:00+09:00,3461.453462219238,3465.679901123047,3381.151123046875,3381.151123046875,3000,0.0,0.0
2008-02-27 00:00:00+09:00,3550.2083834134614,3571.340576171875,3550.2083834134614,3571.340576171875,400,0.0,0.0
2008-02-28 00:00:00+09:00,3596.6990946691176,3600.925533088235,3592.47265625,3592.47265625,7800,0.0,0.0
2008-02-29 00:00:00+09:00,3457.226626838235,3596.6990946691176,3457.226626838235,3592.47265625,1200,0.0,0.0
2008-03-03 00:00:00+09:00,3736.1715413411457,3740.397979736328,3537.5289367675778,3550.208251953125,13200,0.0,0.0
2008-03-04 00:00:00+09:00,3592.4735177217035,3719.2667007001164,3545.9826839629523,3622.05859375,47400,0.0,0.0
2008-03-05 00:00:00+09:00,3668.548694479054,3922.135009765625,3660.0958173028353,3922.135009765625,25600,0.0,0.0
2008-03-06 00:00:00+09:00,3972.8525988520405,4196.853862404337,3972.8525988520405,4141.91015625,19200,0.0,0.0
2008-03-07 00:00:00+09:00,4125.004139819588,4222.212229180091,3905.229329091495,4099.6455078125,14800,0.0,0.0
2008-03-10 00:00:00+09:00,4070.0602636163885,4074.2867021040483,3698.133676702326,3719.265869140625,6600,0.0,0.0
2008-03-11 00:00:00+09:00,3778.4366049876044,4048.9287109375,3719.2664568110645,4048.9287109375,8200,0.0,0.0
2008-03-12 00:00:00+09:00,4108.097886743012,4188.4002116896345,4078.5128196574146,4082.7392578125,3200,0.0,0.0
2008-03-13 00:00:00+09:00,4053.1548550237076,4057.3812938714905,3879.8708622646127,3913.682373046875,4000,0.0,0.0
2008-03-14 00:00:00+09:00,3909.4556212693115,3913.682059778792,3761.5302734375,3761.5302734375,2400,0.0,0.0
2008-03-17 00:00:00+09:00,3778.436007967862,3778.436007967862,3491.0381908069958,3719.265869140625,5000,0.0,0.0
2008-03-18 00:00:00+09:00,3723.492517941497,3723.492517941497,3571.3407237917877,3634.7373046875,2800,0.0,0.0
2008-03-19 00:00:00+09:00,3634.7373046875,3744.6247115734013,3626.2844272347384,3634.7373046875,3200,0.0,0.0
2008-03-21 00:00:00+09:00,3761.5302179252467,3765.7566563723535,3643.18994140625,3643.18994140625,2400,0.0,0.0
2008-03-24 00:00:00+09:00,3761.5292085688166,3972.85107421875,3761.5292085688166,3972.85107421875,2000,0.0,0.0
2008-03-25 00:00:00+09:00,3846.058617633322,3888.322998046875,3837.605741550611,3888.322998046875,2400,0.0,0.0
2008-03-26 00:00:00+09:00,3972.85107421875,3972.85107421875,3972.85107421875,3972.85107421875,800,0.0,0.0
2008-03-27 00:00:00+09:00,3803.7946546399917,3803.7946546399917,3753.077392578125,3753.077392578125,1400,0.0,0.0
2008-03-28 00:00:00+09:00,3803.794638893821,3803.794638893821,3719.265869140625,3719.265869140625,1000,0.0,0.0
2008-03-31 00:00:00+09:00,3613.6049144624044,3761.5302618380583,3613.6049144624044,3736.171630859375,1400,0.0,0.0
2008-04-01 00:00:00+09:00,3660.095553148813,3677.0013062811404,3605.15185546875,3605.15185546875,1600,0.0,0.0
2008-04-02 00:00:00+09:00,3731.9456773269203,3761.530750646613,3727.71923828125,3727.71923828125,1000,0.0,0.0
2008-04-03 00:00:00+09:00,3698.13330078125,3698.13330078125,3698.13330078125,3698.13330078125,1000,0.0,0.0
2008-04-04 00:00:00+09:00,3740.397811576826,3803.7943846543994,3710.812744140625,3710.812744140625,2800,0.0,0.0
2008-04-07 00:00:00+09:00,3719.2654910714286,3719.2654910714286,3677.0011104910714,3698.13330078125,2800,0.0,0.0
2008-04-08 00:00:00+09:00,3617.8315497819767,3634.7373046875,3592.472917423692,3634.7373046875,3200,0.0,0.0
2008-04-09 00:00:00+09:00,3592.472749812874,3592.472749812874,3486.8117865830836,3529.076171875,1800,0.0,0.0
2008-04-10 00:00:00+09:00,3507.94333799042,3507.94333799042,3469.905398180885,3474.1318359375,800,0.0,0.0
2008-04-11 00:00:00+09:00,3516.3966431095405,3588.24609375,3516.3966431095405,3588.24609375,1000,0.0,0.0
2008-04-14 00:00:00+09:00,3465.679593937126,3529.076171875,3465.679593937126,3529.076171875,1200,0.0,0.0
2008-04-15 00:00:00+09:00,3465.679484049479,3550.208251953125,3465.679484049479,3550.208251953125,1200,0.0,0.0
2008-04-16 00:00:00+09:00,3571.340920321913,3571.340920321913,3465.679946347892,3507.9443359375,2400,0.0,0.0
2008-04-17 00:00:00+09:00,3571.3412079987706,3651.6435546875,3571.3412079987706,3651.6435546875,2400,0.0,0.0
2008-04-18 00:00:00+09:00,3634.7373046875,3634.7373046875,3558.6614076126452,3634.7373046875,1400,0.0,0.0
2008-04-21 00:00:00+09:00,3660.0957109823994,3706.5865341011136,3638.963518655711,3677.00146484375,3800,0.0,0.0
2008-04-22 00:00:00+09:00,3681.22802734375,3753.0774836753735,3681.22802734375,3681.22802734375,4400,0.0,0.0
2008-04-23 00:00:00+09:00,3719.265730006721,3930.587646484375,3719.265730006721,3930.587646484375,5000,0.0,0.0
2008-04-24 00:00:00+09:00,3888.18671468099,3888.18671468099,3816.1047363281255,3816.104736328125,2400,15.0,0.0
2008-04-25 00:00:00+09:00,3858.5061178768383,3964.509033203125,3816.1049517463234,3964.509033203125,4400,0.0,0.0
2008-04-28 00:00:00+09:00,3977.2299693369496,4197.716065718102,3977.2299693369496,4091.713134765625,7200,0.0,0.0
2008-04-30 00:00:00+09:00,4155.313785725502,4282.517268961998,4155.313785725502,4218.91552734375,7400,0.0,0.0
2008-05-01 00:00:00+09:00,4346.1201171875,4617.4876171875,4324.91953125,4452.123046875,7400,0.0,0.0
2008-05-02 00:00:00+09:00,4664.128233626841,4748.93056514733,4566.605552378281,4604.7666015625,3400,0.0,0.0
2008-05-07 00:00:00+09:00,4664.128233626841,4664.128233626841,4604.7666015625,4604.7666015625,1800,0.0,0.0
2008-05-08 00:00:00+09:00,4456.362246325417,4647.16748046875,4409.720966868157,4647.16748046875,4600,0.0,0.0
2008-05-09 00:00:00+09:00,4791.331729084922,4854.933477701093,4706.529397596692,4727.72998046875,4000,0.0,0.0
2008-05-12 00:00:00+09:00,4727.729963450905,4744.6904296875,4596.286350117292,4744.6904296875,4000,0.0,0.0
2008-05-13 00:00:00+09:00,4897.334260017641,4994.85693359375,4812.53193516885,4994.85693359375,3800,0.0,0.0
2008-05-14 00:00:00+09:00,5088.139145556478,5164.461232739825,5003.33682646387,5105.099609375,4600,0.0,0.0
2008-05-15 00:00:00+09:00,5300.144807072997,5575.752337040793,5300.144807072997,5554.5517578125,5400,0.0,0.0
2008-05-16 00:00:00+09:00,5601.193226599921,5851.360070180084,5601.193226599921,5753.83740234375,7200,0.0,0.0
2008-05-19 00:00:00+09:00,5775.038624131945,6020.965379050926,5724.1572265625,5724.1572265625,5400,0.0,0.0
2008-05-20 00:00:00+09:00,5711.436877170139,5728.397343026621,5346.786861255787,5724.1572265625,4400,0.0,0.0
2008-05-21 00:00:00+09:00,5681.756242148242,6004.005103643216,5596.953910175879,5906.482421875,5200,0.0,0.0
2008-05-22 00:00:00+09:00,5936.163484815142,6020.9658203125,5936.163484815142,6020.9658203125,2000,0.0,0.0
2008-05-23 00:00:00+09:00,6063.3660818917415,6063.3660818917415,5936.16259765625,5936.16259765625,1800,0.0,0.0
2008-05-26 00:00:00+09:00,5766.558191426224,5830.159936184601,5766.558191426224,5804.71923828125,1000,0.0,0.0
2008-05-27 00:00:00+09:00,5813.19873046875,5813.19873046875,5808.958614691603,5813.19873046875,600,0.0,0.0
2008-05-28 00:00:00+09:00,6131.2081675631225,6131.2081675631225,5876.801189655939,5961.603515625,1600,0.0,0.0
2008-05-29 00:00:00+09:00,5876.801335110629,5876.801335110629,5808.95947265625,5808.95947265625,800,0.0,0.0
2008-05-30 00:00:00+09:00,5978.563862322064,5978.563862322064,5893.7615380338075,5957.36328125,600,0.0,0.0
2008-06-02 00:00:00+09:00,6016.725059934952,6016.725059934952,5893.761686617042,5927.6826171875,800,0.0,0.0
2008-06-03 00:00:00+09:00,5927.682816840278,5927.682816840278,5724.1572265625,5724.1572265625,2400,0.0,0.0
2008-06-04 00:00:00+09:00,5724.1572265625,5851.360720486111,5724.1572265625,5724.1572265625,2000,0.0,0.0
2008-06-05 00:00:00+09:00,5639.354545385457,5639.354545385457,5346.78652761734,5448.54931640625,2000,0.0,0.0
2008-06-06 00:00:00+09:00,5363.7462518457105,5635.1136511485765,5300.144517634101,5473.9892578125,3200,0.0,0.0
2008-06-09 00:00:00+09:00,5469.749872116816,5469.749872116816,5172.9417395213295,5342.54638671875,3800,0.0,0.0
2008-06-10 00:00:00+09:00,5274.704793099581,5317.10595703125,5274.704793099581,5317.10595703125,1600,0.0,0.0
2008-06-11 00:00:00+09:00,4469.08203125,4469.08203125,4469.08203125,4469.08203125,1000,0.0,0.0
2008-06-12 00:00:00+09:00,3913.627720767162,3985.7097047899592,3824.5852699154716,3879.706787109375,10600,0.0,0.0
2008-06-13 00:00:00+09:00,3879.7067009420957,3964.509033203125,3756.743319163603,3964.509033203125,6200,0.0,0.0
2008-06-16 00:00:00+09:00,3951.7883828922195,4176.514546297035,3939.068034020249,4155.31396484375,5000,0.0,0.0
2008-06-17 00:00:00+09:00,4159.553967038905,4464.842331592219,4159.553967038905,4413.9609375,5400,0.0,0.0
2008-06-18 00:00:00+09:00,4498.764109460382,4655.6484375,4498.764109460382,4655.6484375,2600,0.0,0.0
2008-06-19 00:00:00+09:00,4638.687094740634,4638.687094740634,4413.9609375,4413.9609375,2600,0.0,0.0
2008-06-20 00:00:00+09:00,4413.9619921875,4413.9619921875,4240.1171875,4240.1171875,2200,0.0,0.0
2008-06-23 00:00:00+09:00,4324.91796875,4324.91796875,4324.91796875,4324.91796875,600,0.0,0.0
2008-06-24 00:00:00+09:00,4405.47998046875,4405.47998046875,4405.47998046875,4405.47998046875,200,0.0,0.0
2008-06-25 00:00:00+09:00,4409.721875,4409.721875,4159.5549609375,4240.1171875,1200,0.0,0.0
2008-06-26 00:00:00+09:00,4324.91953125,4367.320703124999,4240.1171875,4240.1171875,600,0.0,0.0
2008-06-27 00:00:00+09:00,4240.116290656888,4240.116290656888,4155.31396484375,4155.31396484375,400,0.0,0.0
2008-06-30 00:00:00+09:00,4070.5113031914893,4070.5113031914893,3985.708984375,3985.708984375,1400,0.0,0.0
2008-07-01 00:00:00+09:00,3773.702952348066,3858.5052658839777,3773.702952348066,3837.3046875,1600,0.0,0.0
2008-07-02 00:00:00+09:00,3858.5061968051323,3858.5061968051323,3646.5003618158394,3650.740478515625,3000,0.0,0.0
2008-07-03 00:00:00+09:00,3481.135379847085,3498.095844547923,3476.895263671875,3476.895263671875,800,0.0,0.0
2008-07-04 00:00:00+09:00,3493.8557283727137,3519.2964254239714,3434.494101919779,3476.895263671875,2000,0.0,0.0
2008-07-07 00:00:00+09:00,3434.494442471591,3498.09619140625,3392.0932765151515,3498.09619140625,600,0.0,0.0
2008-07-08 00:00:00+09:00,3498.095844547923,3498.095844547923,3476.895263671875,3476.895263671875,400,0.0,0.0
2008-07-09 00:00:00+09:00,3557.45703125,3557.45703125,3557.45703125,3557.45703125,400,0.0,0.0
2008-07-10 00:00:00+09:00,3442.9745433272947,3510.81640625,3438.734426894626,3510.81640625,800,0.0,0.0
2008-07-11 00:00:00+09:00,3476.8955914505427,3515.056640625,3438.7345422760854,3515.056640625,1200,0.0,0.0
2008-07-14 00:00:00+09:00,3540.4970703125,3540.4970703125,3540.4970703125,3540.4970703125,200,0.0,0.0
2008-07-15 00:00:00+09:00,3540.4972016558995,3540.4972016558995,3404.8134765625,3404.8134765625,1600,0.0,0.0
2008-07-16 00:00:00+09:00,3392.093017578125,3392.093017578125,3392.093017578125,3392.093017578125,200,0.0,0.0
2008-07-17 00:00:00+09:00,3434.494384765625,3434.494384765625,3434.494384765625,3434.494384765625,200,0.0,0.0
2008-07-18 00:00:00+09:00,3434.494384765625,3434.494384765625,3434.494384765625,3434.494384765625,400,0.0,0.0
2008-07-22 00:00:00+09:00,3519.296558308152,3595.61865234375,3519.296558308152,3595.61865234375,600,0.0,0.0
2008-07-23 00:00:00+09:00,3582.8982558139533,3646.5,3582.8982558139533,3646.5,2400,0.0,0.0
2008-07-24 00:00:00+09:00,3731.3017846903667,3739.7820160192086,3688.900628046158,3697.380859375,800,0.0,0.0
2008-07-25 00:00:00+09:00,3790.66357421875,3790.66357421875,3790.66357421875,3790.66357421875,600,0.0,0.0
2008-07-28 00:00:00+09:00,3943.30810546875,3943.30810546875,3943.30810546875,3943.30810546875,1000,0.0,0.0
2008-07-29 00:00:00+09:00,3943.307898479959,3943.307898479959,3900.90673828125,3900.90673828125,400,0.0,0.0
2008-07-30 00:00:00+09:00,3900.907105863764,3900.907105863764,3773.70361328125,3773.70361328125,400,0.0,0.0
2008-07-31 00:00:00+09:00,3688.901123046875,3688.901123046875,3688.901123046875,3688.901123046875,200,0.0,0.0
2008-08-01 00:00:00+09:00,3604.098388671875,3604.098388671875,3604.098388671875,3604.098388671875,200,0.0,0.0
2008-08-04 00:00:00+09:00,3595.6181571691177,3604.098388671875,3595.6181571691177,3604.098388671875,2000,0.0,0.0
2008-08-05 00:00:00+09:00,3604.098388671875,3604.098388671875,3604.098388671875,3604.098388671875,0,0.0,0.0
2008-08-06 00:00:00+09:00,3544.7371865643713,3544.7371865643713,3540.4970703125,3540.4970703125,1400,0.0,0.0
2008-08-07 00:00:00+09:00,3540.4970703125,3540.4970703125,3540.4970703125,3540.4970703125,0,0.0,0.0
2008-08-08 00:00:00+09:00,3519.296505737305,3519.296505737305,3392.093017578125,3392.093017578125,600,0.0,0.0
2008-08-11 00:00:00+09:00,3434.493994985852,3434.493994985852,3180.0870323943077,3184.3271484375,2000,0.0,0.0
2008-08-12 00:00:00+09:00,3311.53061426428,3311.53061426428,3201.28759765625,3201.28759765625,600,0.0,0.0
2008-08-13 00:00:00+09:00,3201.28759765625,3201.28759765625,3201.28759765625,3201.28759765625,0,0.0,0.0
2008-08-14 00:00:00+09:00,3243.6889013671876,3243.6889013671876,3180.087158203125,3180.087158203125,1000,0.0,0.0
2008-08-15 00:00:00+09:00,3222.488037109375,3222.488037109375,3222.488037109375,3222.488037109375,400,0.0,0.0
2008-08-18 00:00:00+09:00,3222.488037109375,3222.488037109375,3222.488037109375,3222.488037109375,400,0.0,0.0
2008-08-19 00:00:00+09:00,3222.4883203125,3222.4883203125,3180.087158203125,3180.087158203125,400,0.0,0.0
2008-08-20 00:00:00+09:00,3175.8465873099663,3175.8465873099663,3052.883234797297,3137.685546875,1400,0.0,0.0
2008-08-21 00:00:00+09:00,3095.2852456536093,3095.2852456536093,3010.48291015625,3010.48291015625,1600,0.0,0.0
2008-08-22 00:00:00+09:00,3010.482563857491,3010.482563857491,2989.281982421875,2989.281982421875,400,0.0,0.0
2008-08-25 00:00:00+09:00,2862.078993661063,2862.078993661063,2819.677823384603,2849.358642578125,800,0.0,0.0
2008-08-26 00:00:00+09:00,2883.279052734375,2883.279052734375,2794.236611399931,2883.279052734375,1400,0.0,0.0
2008-08-27 00:00:00+09:00,2968.081298828125,2968.081298828125,2968.081298828125,2968.081298828125,400,0.0,0.0
2008-08-28 00:00:00+09:00,2968.081298828125,2968.081298828125,2968.081298828125,2968.081298828125,0,0.0,0.0
2008-08-29 00:00:00+09:00,3048.643310546875,3048.643310546875,3048.643310546875,3048.643310546875,200,0.0,0.0
2008-09-01 00:00:00+09:00,3048.643310546875,3048.643310546875,3048.643310546875,3048.643310546875,0,0.0,0.0
2008-09-02 00:00:00+09:00,3048.643310546875,3048.643310546875,3048.643310546875,3048.643310546875,0,0.0,0.0
2008-09-03 00:00:00+09:00,3048.643310546875,3048.643310546875,3048.643310546875,3048.643310546875,0,0.0,0.0
2008-09-04 00:00:00+09:00,2840.8779296875,2840.8779296875,2840.8779296875,2840.8779296875,200,0.0,0.0
2008-09-05 00:00:00+09:00,2840.8779296875,2840.8779296875,2840.8779296875,2840.8779296875,0,0.0,0.0
2008-09-08 00:00:00+09:00,2764.556396484375,2764.556396484375,2764.556396484375,2764.556396484375,200,0.0,0.0
2008-09-09 00:00:00+09:00,2798.47705078125,2798.47705078125,2798.47705078125,2798.47705078125,200,0.0,0.0
2008-09-10 00:00:00+09:00,2798.47705078125,2798.47705078125,2798.47705078125,2798.47705078125,0,0.0,0.0
2008-09-11 00:00:00+09:00,3222.488037109375,3222.488037109375,3222.488037109375,3222.488037109375,2000,0.0,0.0
2008-09-12 00:00:00+09:00,3264.8895543649655,3264.8895543649655,3171.606995668824,3235.208740234375,3000,0.0,0.0
2008-09-16 00:00:00+09:00,2857.8385468411307,3409.053696825325,2857.8385468411307,2934.16064453125,6600,0.0,0.0
2008-09-17 00:00:00+09:00,2972.3212890625,2993.5218688703635,2972.3212890625,2972.3212890625,1600,0.0,0.0
2008-09-18 00:00:00+09:00,2849.3578464673915,2925.679931640625,2849.3578464673915,2925.679931640625,1200,0.0,0.0
2008-09-19 00:00:00+09:00,2891.7590233560068,3052.8834264168986,2891.7590233560068,3048.643310546875,1600,0.0,0.0
2008-09-22 00:00:00+09:00,3260.649599272629,3260.649599272629,3074.08447265625,3074.08447265625,1400,0.0,0.0
2008-09-24 00:00:00+09:00,3116.4853637695314,3116.4853637695314,2968.081298828125,2968.081298828125,600,0.0,0.0
2008-09-25 00:00:00+09:00,2955.3612102640086,2955.3612102640086,2951.12109375,2951.12109375,400,0.0,0.0
2008-09-26 00:00:00+09:00,2955.361336907037,2955.361336907037,2946.881103515625,2946.881103515625,2200,0.0,0.0
2008-09-29 00:00:00+09:00,2891.759236715204,2891.759236715204,2802.716796875,2802.716796875,3800,0.0,0.0
2008-09-30 00:00:00+09:00,2548.310284171617,2713.6748450413224,2544.0701672262394,2565.270751953125,2600,0.0,0.0
2008-10-01 00:00:00+09:00,2633.1120094119096,2692.4736328125,2586.470733882874,2692.4736328125,1200,0.0,0.0
2008-10-02 00:00:00+09:00,2650.0725180415784,2650.0725180415784,2501.66845703125,2501.66845703125,400,0.0,0.0
2008-10-03 00:00:00+09:00,2501.66845703125,2501.66845703125,2501.66845703125,2501.66845703125,200,0.0,0.0
2008-10-06 00:00:00+09:00,2374.464685921717,2374.464685921717,2077.6566001815027,2098.857177734375,5000,0.0,0.0
2008-10-07 00:00:00+09:00,1929.2532394376506,1980.1346435546875,1886.85206934012,1980.1346435546875,3600,0.0,0.0
2008-10-08 00:00:00+09:00,1852.930768566597,1852.930768566597,1738.4476318359375,1738.4476318359375,5200,0.0,0.0
2008-10-09 00:00:00+09:00,1738.4474937037417,1738.4474937037417,1526.4417017886512,1611.2440185546875,16600,0.0,0.0
2008-10-10 00:00:00+09:00,1484.040730794271,1530.6820109049481,1424.6791015625001,1526.44189453125,3800,0.0,0.0
2008-10-14 00:00:00+09:00,1738.447635715923,1738.447635715923,1691.8063576845202,1734.20751953125,13600,0.0,0.0
2008-10-15 00:00:00+09:00,1729.967438964844,1734.2075552368165,1696.0465087890625,1696.0465087890625,4800,0.0,0.0
2008-10-16 00:00:00+09:00,1611.24395365229,1611.24395365229,1539.1619873046875,1539.1619873046875,2200,0.0,0.0
2008-10-17 00:00:00+09:00,1640.9248294228,1640.9248294228,1611.2440185546875,1611.2440185546875,1400,0.0,0.0
2008-10-20 00:00:00+09:00,1674.8459842662119,1674.8459842662119,1636.6849365234375,1636.6849365234375,1200,0.0,0.0
2008-10-21 00:00:00+09:00,1683.3261599731447,1717.247090148926,1683.3261599731447,1696.0465087890625,3200,0.0,0.0
2008-10-22 00:00:00+09:00,1653.645393922157,1653.645393922157,1645.1651611328125,1645.1651611328125,400,0.0,0.0
2008-10-23 00:00:00+09:00,1590.0433514569256,1590.0433514569256,1547.6421954180744,1568.8427734375,1600,0.0,0.0
2008-10-24 00:00:00+09:00,1568.8430139878217,1568.8430139878217,1441.6395263671875,1441.6395263671875,3200,0.0,0.0
2008-10-27 00:00:00+09:00,1420.4390147300696,1420.4390147300696,1369.5576171875,1369.5576171875,3800,0.0,0.0
2008-10-28 00:00:00+09:00,1365.3175132751464,1365.3175132751464,1335.636697769165,1356.8372802734375,3800,0.0,0.0
2008-10-29 00:00:00+09:00,1484.0408712037854,1530.6821557273329,1479.8007544289173,1505.241455078125,3800,0.0,0.0
2008-10-30 00:00:00+09:00,1484.04052734375,1640.9248116629465,1484.04052734375,1632.444580078125,8600,0.0,0.0
2008-10-31 00:00:00+09:00,1640.925255884098,1687.566542227057,1640.925255884098,1674.84619140625,2600,0.0,0.0
2008-11-04 00:00:00+09:00,1759.6483576268326,1759.6483576268326,1717.2471923828125,1717.2471923828125,1200,0.0,0.0
2008-11-05 00:00:00+09:00,1751.1677920468205,1819.0096435546875,1751.1677920468205,1819.0096435546875,1600,0.0,0.0
2008-11-06 00:00:00+09:00,1734.2075716269137,1734.2075716269137,1679.0860595703125,1679.0860595703125,600,0.0,0.0
2008-11-07 00:00:00+09:00,1645.1651776631675,1645.1651776631675,1628.2047119140625,1628.2047119140625,4000,0.0,0.0
2008-11-10 00:00:00+09:00,1607.00390625,1632.444601335752,1602.7637904023748,1607.00390625,7800,0.0,0.0
2008-11-11 00:00:00+09:00,1611.24416015625,1611.24416015625,1590.0435791015625,1590.0435791015625,3400,0.0,0.0
2008-11-12 00:00:00+09:00,1590.0435791015625,1590.0435791015625,1590.0435791015625,1590.0435791015625,4000,0.0,0.0
2008-11-13 00:00:00+09:00,1556.1224921680243,1556.1224921680243,1488.2806396484375,1488.2806396484375,1800,0.0,0.0
2008-11-14 00:00:00+09:00,1509.4814290364584,1526.44189453125,1509.4814290364584,1526.44189453125,800,0.0,0.0
2008-11-17 00:00:00+09:00,1517.9616617838542,1526.44189453125,1517.9616617838542,1526.44189453125,2000,0.0,0.0
2008-11-18 00:00:00+09:00,1526.44189453125,1526.44189453125,1522.201778157552,1526.44189453125,1400,0.0,0.0
2008-11-19 00:00:00+09:00,1526.442021021936,1526.442021021936,1522.201904296875,1522.201904296875,1400,0.0,0.0
2008-11-20 00:00:00+09:00,1517.9614791647687,1517.9614791647687,1454.3597412109375,1454.3597412109375,1200,0.0,0.0
2008-11-21 00:00:00+09:00,1411.9585825750503,1454.3597412109375,1411.9585825750503,1454.3597412109375,1400,0.0,0.0
2008-11-25 00:00:00+09:00,1501.001220703125,1501.001220703125,1501.001220703125,1501.001220703125,200,0.0,0.0
2008-11-26 00:00:00+09:00,1509.4814453125,1509.4814453125,1509.4814453125,1509.4814453125,200,0.0,0.0
2008-11-27 00:00:00+09:00,1547.6425651882007,1568.8431482729704,1547.6425651882007,1560.3629150390625,600,0.0,0.0
2008-11-28 00:00:00+09:00,1568.84303545711,1679.0860595703125,1568.84303545711,1679.0860595703125,4200,0.0,0.0
2008-12-01 00:00:00+09:00,1615.484417773964,1615.484417773964,1556.1227856247895,1573.083251953125,3200,0.0,0.0
2008-12-02 00:00:00+09:00,1573.0832824707031,1573.0832824707031,1509.4815325055804,1543.4024658203125,3400,0.0,0.0
2008-12-03 00:00:00+09:00,1568.8429903794347,1611.2441522815816,1568.8429903794347,1598.5238037109375,1200,0.0,0.0
2008-12-04 00:00:00+09:00,1598.5239050101234,1619.7244873046875,1598.5239050101234,1619.7244873046875,400,0.0,0.0
2008-12-05 00:00:00+09:00,1568.8431658063616,1568.8431658063616,1543.4024658203125,1543.4024658203125,1600,0.0,0.0
2008-12-08 00:00:00+09:00,1543.4020798141892,1568.8427734375,1543.4020798141892,1568.8427734375,600,0.0,0.0
2008-12-09 00:00:00+09:00,1602.7639316824032,1602.7639316824032,1577.323234354111,1585.803466796875,2000,0.0,0.0
2008-12-10 00:00:00+09:00,1479.8007435191762,1479.8007435191762,1378.0379416725852,1399.238525390625,4600,0.0,0.0
2008-12-11 00:00:00+09:00,1361.0772937593006,1361.0772937593006,1314.43601578001,1335.6365966796875,8400,0.0,0.0
2008-12-12 00:00:00+09:00,1288.9954789959017,1327.156529360912,1267.7948954597848,1293.235595703125,6000,0.0,0.0
2008-12-15 00:00:00+09:00,1356.8371855031949,1369.5575341172873,1293.2354424327325,1327.1563720703125,2400,0.0,0.0
2008-12-16 00:00:00+09:00,1314.4361615721077,1314.4361615721077,1276.2751117200141,1310.196044921875,2000,0.0,0.0
2008-12-17 00:00:00+09:00,1284.755261230469,1293.2354939778647,1272.034912109375,1272.034912109375,2200,0.0,0.0
2008-12-18 00:00:00+09:00,1267.794677734375,1267.794677734375,1221.153401964883,1267.794677734375,1200,0.0,0.0
2008-12-19 00:00:00+09:00,1238.1138113839286,1238.1138113839286,1144.831263950893,1187.232421875,5800,0.0,0.0
2008-12-22 00:00:00+09:00,1229.6340231699487,1250.834609776327,1208.4334365635702,1238.1142578125,1600,0.0,0.0
2008-12-24 00:00:00+09:00,1238.1140220905172,1238.1140220905172,1229.6337890625,1229.6337890625,400,0.0,0.0
2008-12-25 00:00:00+09:00,1314.4361747791563,1314.4361747791563,1297.4757080078125,1297.4757080078125,2200,0.0,0.0
2008-12-26 00:00:00+09:00,1297.475482116902,1297.475482116902,1276.27490234375,1276.27490234375,600,0.0,0.0
2008-12-29 00:00:00+09:00,1284.7553622886783,1293.235595703125,1284.7553622886783,1293.235595703125,600,0.0,0.0
2008-12-30 00:00:00+09:00,1327.1562465011693,1331.3963623046875,1327.1562465011693,1331.3963623046875,400,0.0,0.0
2009-01-05 00:00:00+09:00,1378.0377197265625,1378.0377197265625,1378.0377197265625,1378.0377197265625,200,0.0,0.0
2009-01-06 00:00:00+09:00,1399.238284960344,1399.238284960344,1390.758052930281,1394.9981689453125,1400,0.0,0.0
2009-01-07 00:00:00+09:00,1394.9981123329937,1462.8399658203125,1394.9981123329937,1462.8399658203125,3400,0.0,0.0
2009-01-08 00:00:00+09:00,1462.8399658203125,1462.8399658203125,1462.8399658203125,1462.8399658203125,1200,0.0,0.0
2009-01-09 00:00:00+09:00,1458.5999755859375,1458.5999755859375,1458.5999755859375,1458.5999755859375,400,0.0,0.0
2009-01-13 00:00:00+09:00,1433.159240343556,1433.159240343556,1365.3173828125,1365.3173828125,1800,0.0,0.0
2009-01-14 00:00:00+09:00,1369.5576171875,1369.5576171875,1369.5576171875,1369.5576171875,200,0.0,0.0
2009-01-15 00:00:00+09:00,1369.5576171875,1369.5576171875,1365.3175007256193,1369.5576171875,1000,0.0,0.0
2009-01-16 00:00:00+09:00,1369.557498908191,1369.557498908191,1365.3173828125,1365.3173828125,400,0.0,0.0
2009-01-19 00:00:00+09:00,1365.3173828125,1365.3173828125,1365.3173828125,1365.3173828125,200,0.0,0.0
2009-01-20 00:00:00+09:00,1450.1197588752298,1450.1197588752298,1437.3994101131664,1441.6395263671875,1200,0.0,0.0
2009-01-21 00:00:00+09:00,1356.8372802734375,1356.8372802734375,1356.8372802734375,1356.8372802734375,200,0.0,0.0
2009-01-22 00:00:00+09:00,1356.8372802734375,1356.8372802734375,1356.8372802734375,1356.8372802734375,600,0.0,0.0
2009-01-23 00:00:00+09:00,1399.2384452819824,1399.2384452819824,1356.8372802734375,1356.8372802734375,1000,0.0,0.0
2009-01-26 00:00:00+09:00,1356.8372802734375,1356.8372802734375,1356.8372802734375,1356.8372802734375,200,0.0,0.0
2009-01-27 00:00:00+09:00,1399.2384452819824,1399.2384452819824,1335.636697769165,1356.8372802734375,800,0.0,0.0
2009-01-28 00:00:00+09:00,1339.8768570438508,1339.8768570438508,1314.4361572265625,1314.4361572265625,800,0.0,0.0
2009-01-29 00:00:00+09:00,1314.43601578001,1335.6365966796875,1314.43601578001,1335.6365966796875,1000,0.0,0.0
2009-01-30 00:00:00+09:00,1327.1563643198165,1335.6365966796875,1327.1563643198165,1335.6365966796875,800,0.0,0.0
2009-02-02 00:00:00+09:00,1356.8372802734375,1356.8372802734375,1356.8372802734375,1356.8372802734375,800,0.0,0.0
2009-02-03 00:00:00+09:00,1356.837139423077,1378.0377197265625,1356.837139423077,1378.0377197265625,2400,0.0,0.0
2009-02-04 00:00:00+09:00,1399.2384115079553,1399.2384115079553,1390.7581787109375,1390.7581787109375,2000,0.0,0.0
2009-02-05 00:00:00+09:00,1390.7581787109375,1390.7581787109375,1390.7581787109375,1390.7581787109375,0,0.0,0.0
2009-02-06 00:00:00+09:00,1390.7581787109375,1390.7581787109375,1390.7581787109375,1390.7581787109375,0,0.0,0.0
2009-02-09 00:00:00+09:00,1378.0378585292544,1378.0378585292544,1361.077392578125,1361.077392578125,600,0.0,0.0
2009-02-10 00:00:00+09:00,1356.8372802734375,1356.8372802734375,1356.8372802734375,1356.8372802734375,200,0.0,0.0
2009-02-12 00:00:00+09:00,1356.8372802734375,1356.8372802734375,1356.8372802734375,1356.8372802734375,800,0.0,0.0
2009-02-13 00:00:00+09:00,1335.6367404076361,1335.6367404076361,1310.1960405903478,1314.4361572265625,600,0.0,0.0
2009-02-16 00:00:00+09:00,1356.8373235887098,1356.8373235887098,1314.4361572265625,1314.4361572265625,1000,0.0,0.0
2009-02-17 00:00:00+09:00,1314.4361572265625,1314.4361572265625,1314.4361572265625,1314.4361572265625,800,0.0,0.0
2009-02-18 00:00:00+09:00,1284.7553579293044,1297.4757080078125,1284.7553579293044,1297.4757080078125,600,0.0,0.0
2009-02-19 00:00:00+09:00,1314.4361572265625,1314.4361572265625,1314.4361572265625,1314.4361572265625,600,0.0,0.0
2009-02-20 00:00:00+09:00,1327.1563643198165,1335.6365966796875,1327.1563643198165,1335.6365966796875,800,0.0,0.0
2009-02-23 00:00:00+09:00,1314.4361572265625,1314.4361572265625,1314.4361572265625,1314.4361572265625,400,0.0,0.0
2009-02-24 00:00:00+09:00,1314.4361572265625,1314.4361572265625,1314.4361572265625,1314.4361572265625,0,0.0,0.0
2009-02-25 00:00:00+09:00,1314.4361572265625,1314.4361572265625,1314.4361572265625,1314.4361572265625,0,0.0,0.0
2009-02-26 00:00:00+09:00,1272.034912109375,1272.034912109375,1272.034912109375,1272.034912109375,200,0.0,0.0
2009-02-27 00:00:00+09:00,1272.034912109375,1272.034912109375,1272.034912109375,1272.034912109375,1600,0.0,0.0
2009-03-02 00:00:00+09:00,1267.794677734375,1267.794677734375,1267.794677734375,1267.794677734375,200,0.0,0.0
2009-03-03 00:00:00+09:00,1246.5941124867584,1250.834228515625,1246.5941124867584,1250.834228515625,400,0.0,0.0
2009-03-04 00:00:00+09:00,1238.1138804290254,1250.834228515625,1238.1138804290254,1250.834228515625,800,0.0,0.0
2009-03-05 00:00:00+09:00,1250.834228515625,1250.834228515625,1250.834228515625,1250.834228515625,1600,0.0,0.0
2009-03-06 00:00:00+09:00,1250.834228515625,1250.834228515625,1250.834228515625,1250.834228515625,0,0.0,0.0
2009-03-09 00:00:00+09:00,1246.5941162109375,1246.5941162109375,1246.5941162109375,1246.5941162109375,200,0.0,0.0
2009-03-10 00:00:00+09:00,1246.5941162109375,1246.5941162109375,1242.354000169404,1246.5941162109375,2000,0.0,0.0
2009-03-11 00:00:00+09:00,1272.0349244397096,1272.0349244397096,1259.3145751953125,1259.3145751953125,800,0.0,0.0
2009-03-12 00:00:00+09:00,1259.3145751953125,1259.3145751953125,1259.3145751953125,1259.3145751953125,1200,0.0,0.0
2009-03-13 00:00:00+09:00,1259.3145751953125,1259.3145751953125,1259.3145751953125,1259.3145751953125,0,0.0,0.0
2009-03-16 00:00:00+09:00,1267.7949063387784,1399.238525390625,1267.7949063387784,1399.238525390625,5000,0.0,0.0
2009-03-17 00:00:00+09:00,1399.238525390625,1399.238525390625,1399.238525390625,1399.238525390625,0,0.0,0.0
2009-03-18 00:00:00+09:00,1314.4360758463542,1314.4360758463542,1187.2325846354167,1272.034912109375,5000,0.0,0.0
2009-03-19 00:00:00+09:00,1272.034912109375,1272.034912109375,1272.034912109375,1272.034912109375,200,0.0,0.0
2009-03-23 00:00:00+09:00,1288.9954789959017,1293.235595703125,1272.0350121670083,1293.235595703125,1200,0.0,0.0
2009-03-24 00:00:00+09:00,1314.4359896642081,1365.3173828125,1314.4359896642081,1365.3173828125,1000,0.0,0.0
2009-03-25 00:00:00+09:00,1386.5179989360772,1386.5179989360772,1327.1563720703125,1327.1563720703125,1000,0.0,0.0
2009-03-26 00:00:00+09:00,1339.8765869140625,1339.8765869140625,1339.8765869140625,1339.8765869140625,200,0.0,0.0
2009-03-27 00:00:00+09:00,1339.8765869140625,1339.8765869140625,1339.8765869140625,1339.8765869140625,0,0.0,0.0
2009-03-30 00:00:00+09:00,1361.0772820238797,1361.0772820238797,1348.35693359375,1348.35693359375,800,0.0,0.0
2009-03-31 00:00:00+09:00,1352.597163772583,1356.8372802734375,1352.597163772583,1356.8372802734375,600,0.0,0.0
2009-04-01 00:00:00+09:00,1399.2383273142689,1399.2383273142689,1339.876701306997,1348.35693359375,1200,0.0,0.0
2009-04-02 00:00:00+09:00,1339.876754897388,1420.43896484375,1339.876754897388,1420.43896484375,800,0.0,0.0
2009-04-03 00:00:00+09:00,1484.0408712037854,1505.241455078125,1484.0408712037854,1505.241455078125,800,0.0,0.0
2009-04-06 00:00:00+09:00,1526.441870517418,1551.882568359375,1526.441870517418,1551.882568359375,800,0.0,0.0
2009-04-07 00:00:00+09:00,1611.2440185546875,1611.2440185546875,1611.2440185546875,1611.2440185546875,200,0.0,0.0
2009-04-08 00:00:00+09:00,1547.6425316993227,1594.2838134765625,1547.6425316993227,1594.2838134765625,600,0.0,0.0
2009-04-09 00:00:00+09:00,1653.6453857421875,1653.6453857421875,1653.6453857421875,1653.6453857421875,400,0.0,0.0
2009-04-10 00:00:00+09:00,1696.0466097608025,1759.6483576268326,1696.0466097608025,1717.2471923828125,2800,0.0,0.0
2009-04-13 00:00:00+09:00,1717.2471923828125,1717.2471923828125,1717.2471923828125,1717.2471923828125,600,0.0,0.0
2009-04-14 00:00:00+09:00,1717.247090148926,1717.247090148926,1696.0465087890625,1696.0465087890625,400,0.0,0.0
2009-04-15 00:00:00+09:00,1696.046665736607,1780.8489990234375,1696.046665736607,1780.8489990234375,2000,0.0,0.0
2009-04-16 00:00:00+09:00,1780.8487022190618,1802.049282007384,1700.2864990234375,1700.2864990234375,2200,0.0,0.0
2009-04-17 00:00:00+09:00,1700.2864990234375,1700.2864990234375,1700.2864990234375,1700.2864990234375,0,0.0,0.0
2009-04-20 00:00:00+09:00,1848.6907588658707,1891.091923060042,1844.4506424464537,1886.851806640625,2400,0.0,0.0
2009-04-21 00:00:00+09:00,1865.651123046875,1865.651123046875,1865.651123046875,1865.651123046875,400,0.0,0.0
2009-04-22 00:00:00+09:00,1865.651123046875,1865.651123046875,1865.651123046875,1865.651123046875,0,0.0,0.0
2009-04-23 00:00:00+09:00,1738.4476318359375,1746.9278641863568,1738.4476318359375,1738.4476318359375,800,0.0,0.0
2009-04-24 00:00:00+09:00,1725.633552797379,1742.7190335181451,1721.3621826171875,1721.3621826171875,600,15.0,0.0
2009-04-27 00:00:00+09:00,1717.0908247399207,1717.0908247399207,1648.7489013671875,1648.7489013671875,1200,0.0,0.0
2009-04-28 00:00:00+09:00,1640.2060076871658,1644.4773774988512,1512.064913336606,1597.4923095703125,1600,0.0,0.0
2009-04-30 00:00:00+09:00,1597.4923095703125,1597.4923095703125,1597.4923095703125,1597.4923095703125,0,0.0,0.0
2009-05-01 00:00:00+09:00,1610.306549972248,1610.306549972248,1580.4069588587047,1593.2210693359375,800,0.0,0.0
2009-05-07 00:00:00+09:00,1700.005265727796,1700.005265727796,1623.12060546875,1623.12060546875,1200,0.0,0.0
2009-05-08 00:00:00+09:00,1614.5780029296875,1614.5780029296875,1614.5780029296875,1614.5780029296875,200,0.0,0.0
2009-05-11 00:00:00+09:00,1618.8493733078083,1618.8493733078083,1614.5780029296875,1614.5780029296875,800,0.0,0.0
2009-05-12 00:00:00+09:00,1657.29150390625,1657.29150390625,1657.29150390625,1657.29150390625,200,0.0,0.0
2009-05-13 00:00:00+09:00,1678.6484156558388,1678.6484156558388,1623.12060546875,1623.12060546875,600,0.0,0.0
2009-05-14 00:00:00+09:00,1665.8343505859375,1665.8343505859375,1665.8343505859375,1665.8343505859375,200,0.0,0.0
2009-05-15 00:00:00+09:00,1687.1912841796875,1687.1912841796875,1687.1912841796875,1687.1912841796875,800,0.0,0.0
2009-05-18 00:00:00+09:00,1687.1912841796875,1687.1912841796875,1687.1912841796875,1687.1912841796875,400,0.0,0.0
2009-05-19 00:00:00+09:00,1708.5480032615292,1759.804443359375,1704.2766332533754,1759.804443359375,600,0.0,0.0
2009-05-20 00:00:00+09:00,1819.6036454503676,1819.6036454503676,1793.9754250919116,1815.332275390625,1200,0.0,0.0
2009-05-21 00:00:00+09:00,1815.332275390625,1815.332275390625,1815.332275390625,1815.332275390625,200,0.0,0.0
2009-05-22 00:00:00+09:00,1811.06067615987,1811.06067615987,1806.789306640625,1806.789306640625,400,0.0,0.0
2009-05-25 00:00:00+09:00,1806.789306640625,1806.789306640625,1806.789306640625,1806.789306640625,200,0.0,0.0
2009-05-26 00:00:00+09:00,1806.7894971270894,1836.6890869140625,1806.7894971270894,1836.6890869140625,1000,0.0,0.0
2009-05-27 00:00:00+09:00,1900.7596435546875,1905.0310135402037,1900.7596435546875,1900.7596435546875,1000,0.0,0.0
2009-05-28 00:00:00+09:00,1896.4882735691715,1900.7596435546875,1896.4882735691715,1900.7596435546875,400,0.0,0.0
2009-05-29 00:00:00+09:00,1900.7596435546875,1900.7596435546875,1900.7596435546875,1900.7596435546875,0,0.0,0.0
2009-06-01 00:00:00+09:00,1922.1164934822684,1922.1164934822684,1883.674163612623,1900.7596435546875,600,0.0,0.0
2009-06-02 00:00:00+09:00,2028.9010425324134,2071.6147486909904,2007.5441894531248,2007.544189453125,2200,0.0,0.0
2009-06-03 00:00:00+09:00,2050.257895611702,2050.257895611702,2007.5441894531248,2007.544189453125,1000,0.0,0.0
2009-06-04 00:00:00+09:00,2007.544148334704,2050.257853618421,2007.544148334704,2028.9010009765625,1600,0.0,0.0
2009-06-05 00:00:00+09:00,2028.9010009765625,2028.9010009765625,2028.9010009765625,2028.9010009765625,0,0.0,0.0
2009-06-08 00:00:00+09:00,2092.9716796875,2114.328533561862,2092.9716796875,2092.9716796875,1000,0.0,0.0
2009-06-09 00:00:00+09:00,2092.9716796875,2092.9716796875,2092.9716796875,2092.9716796875,800,0.0,0.0
2009-06-10 00:00:00+09:00,2092.971599146263,2092.971599146263,2054.5292636517397,2071.61474609375,1000,0.0,0.0
2009-06-11 00:00:00+09:00,1943.4735027112458,1964.8303543893912,1922.1166510331002,1947.744873046875,3600,0.0,0.0
2009-06-12 00:00:00+09:00,1947.744873046875,1947.744873046875,1947.744873046875,1947.744873046875,200,0.0,0.0
2009-06-15 00:00:00+09:00,1947.7449304255472,1947.7449304255472,1853.7747802734375,1853.7747802734375,1600,0.0,0.0
2009-06-16 00:00:00+09:00,1875.1314166401708,1875.1314166401708,1815.3322370662245,1836.6890869140625,7400,0.0,0.0
2009-06-17 00:00:00+09:00,1815.332275390625,1815.332275390625,1815.332275390625,1815.332275390625,600,0.0,0.0
2009-06-18 00:00:00+09:00,1823.8752691880711,1823.8752691880711,1811.0611572265625,1811.0611572265625,600,0.0,0.0
2009-06-19 00:00:00+09:00,1811.0610842180024,1823.8751956629412,1785.432861328125,1785.432861328125,1000,0.0,0.0
2009-06-22 00:00:00+09:00,1862.3175048828125,1862.3175048828125,1862.3175048828125,1862.3175048828125,1000,0.0,0.0
2009-06-23 00:00:00+09:00,1849.50341796875,1849.50341796875,1849.50341796875,1849.50341796875,200,0.0,0.0
2009-06-24 00:00:00+09:00,1785.432861328125,1785.432861328125,1785.432861328125,1785.432861328125,600,0.0,0.0
2009-06-25 00:00:00+09:00,1836.6890869140625,1836.6890869140625,1836.6890869140625,1836.6890869140625,200,0.0,0.0
2009-06-26 00:00:00+09:00,1858.0458984375,1858.0458984375,1858.0458984375,1858.0458984375,200,0.0,0.0
2009-06-29 00:00:00+09:00,1836.6890869140625,1836.6890869140625,1836.6890869140625,1836.6890869140625,600,0.0,0.0
2009-06-30 00:00:00+09:00,1836.6890637880322,1836.6890637880322,1781.1612548828125,1781.1612548828125,800,0.0,0.0
2009-07-01 00:00:00+09:00,1798.246567602135,1811.06067615987,1793.97519808289,1806.789306640625,1000,0.0,0.0
2009-07-02 00:00:00+09:00,1819.6036454503676,1819.6036454503676,1815.332275390625,1815.332275390625,400,0.0,0.0
2009-07-03 00:00:00+09:00,1815.332275390625,1815.332275390625,1815.332275390625,1815.332275390625,0,0.0,0.0
2009-07-06 00:00:00+09:00,1704.276725463867,1708.548095703125,1704.276725463867,1708.548095703125,400,0.0,0.0
2009-07-07 00:00:00+09:00,1687.1912841796875,1687.1912841796875,1687.1912841796875,1687.1912841796875,200,0.0,0.0
2009-07-08 00:00:00+09:00,1687.1912841796875,1687.1912841796875,1687.1912841796875,1687.1912841796875,0,0.0,0.0
2009-07-09 00:00:00+09:00,1687.1912841796875,1687.1912841796875,1687.1912841796875,1687.1912841796875,0,0.0,0.0
2009-07-10 00:00:00+09:00,1687.1912841796875,1687.1912841796875,1687.1912841796875,1687.1912841796875,0,0.0,0.0
2009-07-13 00:00:00+09:00,1665.8343056126644,1665.8343056126644,1623.12060546875,1623.12060546875,400,0.0,0.0
2009-07-14 00:00:00+09:00,1623.12060546875,1623.12060546875,1623.12060546875,1623.12060546875,0,0.0,0.0
2009-07-15 00:00:00+09:00,1665.8343505859375,1665.8343505859375,1665.8343505859375,1665.8343505859375,800,0.0,0.0
2009-07-16 00:00:00+09:00,1665.8343056126644,1665.8343056126644,1623.12060546875,1623.12060546875,600,0.0,0.0
2009-07-17 00:00:00+09:00,1623.12060546875,1623.12060546875,1623.12060546875,1623.12060546875,400,0.0,0.0
2009-07-21 00:00:00+09:00,1623.12060546875,1623.12060546875,1623.12060546875,1623.12060546875,800,0.0,0.0
2009-07-22 00:00:00+09:00,1682.9197856702303,1708.548005756579,1610.3064954255756,1623.12060546875,1400,0.0,0.0
2009-07-23 00:00:00+09:00,1729.9047479396913,1751.2615966796875,1729.9047479396913,1751.2615966796875,800,0.0,0.0
2009-07-24 00:00:00+09:00,1840.96045688363,1862.317306731468,1836.6890869140625,1836.6890869140625,600,0.0,0.0
2009-07-27 00:00:00+09:00,1836.6892903645833,1922.11669921875,1836.6892903645833,1922.11669921875,400,0.0,0.0
2009-07-28 00:00:00+09:00,1943.4735514322915,2007.5441080729165,1922.11669921875,1922.11669921875,2600,0.0,0.0
2009-07-29 00:00:00+09:00,1922.1164863054141,1922.1164863054141,1836.6890869140625,1836.6890869140625,1400,0.0,0.0
2009-07-30 00:00:00+09:00,1900.7596878219438,1943.473388671875,1900.7596878219438,1943.473388671875,400,0.0,0.0
2009-07-31 00:00:00+09:00,2007.5441894531248,2045.9865249958443,2007.5441894531248,2007.544189453125,800,0.0,0.0
2009-08-03 00:00:00+09:00,2050.2574611009413,2050.2574611009413,2037.4433519690604,2041.7147216796875,800,0.0,0.0
2009-08-04 00:00:00+09:00,2041.7147216796873,2041.7147216796873,2041.7147216796873,2041.7147216796875,0,0.0,0.0
2009-08-05 00:00:00+09:00,1964.830078125,1964.830078125,1964.830078125,1964.830078125,200,0.0,0.0
2009-08-06 00:00:00+09:00,2135.6853874362246,2221.1128029336733,2092.9716796875,2092.9716796875,5200,0.0,0.0
2009-08-07 00:00:00+09:00,1986.1869268002717,1986.1869268002717,1964.830078125,1964.830078125,400,0.0,0.0
2009-08-10 00:00:00+09:00,1964.8304036458333,1964.8304036458333,1922.11669921875,1922.11669921875,400,0.0,0.0
2009-08-11 00:00:00+09:00,1922.11669921875,1922.11669921875,1922.11669921875,1922.11669921875,0,0.0,0.0
2009-08-12 00:00:00+09:00,1943.473388671875,1943.473388671875,1943.473388671875,1943.473388671875,200,0.0,0.0
2009-08-13 00:00:00+09:00,1943.473388671875,1943.473388671875,1943.473388671875,1943.473388671875,0,0.0,0.0
2009-08-14 00:00:00+09:00,1943.473388671875,1943.473388671875,1943.473388671875,1943.473388671875,0,0.0,0.0
2009-08-17 00:00:00+09:00,2080.1572265625,2080.1572265625,2080.1572265625,2080.1572265625,400,0.0,0.0
2009-08-18 00:00:00+09:00,2080.1572265625,2080.1572265625,2080.1572265625,2080.1572265625,0,0.0,0.0
2009-08-19 00:00:00+09:00,2050.257853618421,2050.257853618421,2028.9010009765625,2028.9010009765625,600,0.0,0.0
2009-08-20 00:00:00+09:00,2050.2578125,2050.2578125,2050.2578125,2050.2578125,400,0.0,0.0
2009-08-21 00:00:00+09:00,2050.2578125,2050.2578125,2050.2578125,2050.2578125,0,0.0,0.0
2009-08-24 00:00:00+09:00,2050.2578125,2050.2578125,2050.2578125,2050.2578125,0,0.0,0.0
2009-08-25 00:00:00+09:00,2050.2578125,2050.2578125,2050.2578125,2050.2578125,400,0.0,0.0
2009-08-26 00:00:00+09:00,2050.2578125,2050.2578125,2050.2578125,2050.2578125,0,0.0,0.0
2009-08-27 00:00:00+09:00,2050.2578125,2050.2578125,2050.2578125,2050.2578125,0,0.0,0.0
2009-08-28 00:00:00+09:00,1999.0015869140625,1999.0015869140625,1999.0015869140625,1999.0015869140625,200,0.0,0.0
2009-08-31 00:00:00+09:00,1999.0015869140625,1999.0015869140625,1999.0015869140625,1999.0015869140625,0,0.0,0.0
2009-09-02 00:00:00+09:00,1999.0015869140625,1999.0015869140625,1999.0015869140625,1999.0015869140625,0,0.0,0.0
2009-09-03 00:00:00+09:00,1999.0015869140625,1999.0015869140625,1999.0015869140625,1999.0015869140625,0,0.0,0.0
2009-09-04 00:00:00+09:00,1986.18701171875,1986.18701171875,1986.18701171875,1986.18701171875,200,0.0,0.0
2009-09-07 00:00:00+09:00,1845.232177734375,1845.232177734375,1845.232177734375,1845.232177734375,200,0.0,0.0
2009-09-08 00:00:00+09:00,1802.5182120748805,1802.5182120748805,1789.7041015625,1789.7041015625,400,0.0,0.0
2009-09-09 00:00:00+09:00,1789.7041015625,1789.7041015625,1789.7041015625,1789.7041015625,0,0.0,0.0
2009-09-10 00:00:00+09:00,1789.7041015625,1789.7041015625,1789.7041015625,1789.7041015625,0,0.0,0.0
2009-09-11 00:00:00+09:00,1793.9754638671875,1793.9754638671875,1793.9754638671875,1793.9754638671875,400,0.0,0.0
2009-09-14 00:00:00+09:00,1772.61865234375,1772.61865234375,1772.61865234375,1772.61865234375,200,0.0,0.0
2009-09-15 00:00:00+09:00,1823.8749922993027,1828.1463623046875,1823.8749922993027,1828.1463623046875,600,0.0,0.0
2009-09-16 00:00:00+09:00,1828.1463623046875,1828.1463623046875,1828.1463623046875,1828.1463623046875,0,0.0,0.0
2009-09-17 00:00:00+09:00,1776.890284503632,1776.890284503632,1764.076171875,1764.076171875,1000,0.0,0.0
2009-09-18 00:00:00+09:00,1764.076171875,1764.076171875,1764.076171875,1764.076171875,0,0.0,0.0
2009-09-21 00:00:00+09:00,1764.076171875,1764.076171875,1764.076171875,1764.076171875,0,0.0,0.0
2009-09-24 00:00:00+09:00,1900.7598470052083,1922.11669921875,1900.7598470052083,1922.11669921875,600,0.0,0.0
2009-09-25 00:00:00+09:00,1922.11669921875,1922.11669921875,1922.11669921875,1922.11669921875,0,0.0,0.0
2009-09-28 00:00:00+09:00,1922.11669921875,1922.11669921875,1922.11669921875,1922.11669921875,0,0.0,0.0
2009-09-29 00:00:00+09:00,1922.11669921875,1922.11669921875,1922.11669921875,1922.11669921875,0,0.0,0.0
2009-09-30 00:00:00+09:00,1922.11669921875,1922.11669921875,1922.11669921875,1922.11669921875,0,0.0,0.0
2009-10-01 00:00:00+09:00,1815.332275390625,1815.332275390625,1815.332275390625,1815.332275390625,200,0.0,0.0
2009-10-02 00:00:00+09:00,1793.9754638671875,1793.9754638671875,1793.9754638671875,1793.9754638671875,400,0.0,0.0
2009-10-05 00:00:00+09:00,1721.3621826171875,1721.3621826171875,1721.3621826171875,1721.3621826171875,400,0.0,0.0
2009-10-06 00:00:00+09:00,1729.9049072265625,1729.9049072265625,1729.9049072265625,1729.9049072265625,200,0.0,0.0
2009-10-07 00:00:00+09:00,1729.9049793590198,1729.9049793590198,1691.462646484375,1691.462646484375,2000,0.0,0.0
2009-10-08 00:00:00+09:00,1717.090796802662,1729.9049072265625,1717.090796802662,1729.9049072265625,600,0.0,0.0
2009-10-09 00:00:00+09:00,1729.9049072265625,1729.9049072265625,1729.9049072265625,1729.9049072265625,400,0.0,0.0
2009-10-13 00:00:00+09:00,1772.61865234375,1772.61865234375,1772.61865234375,1772.61865234375,200,0.0,0.0
2009-10-14 00:00:00+09:00,1772.61865234375,1772.61865234375,1772.61865234375,1772.61865234375,0,0.0,0.0
2009-10-15 00:00:00+09:00,1900.7596435546875,1900.7596435546875,1900.7596435546875,1900.7596435546875,400,0.0,0.0
2009-10-16 00:00:00+09:00,1900.7596435546875,1900.7596435546875,1900.7596435546875,1900.7596435546875,0,0.0,0.0
2009-10-19 00:00:00+09:00,1922.11669921875,1922.11669921875,1922.11669921875,1922.11669921875,200,0.0,0.0
2009-10-20 00:00:00+09:00,1922.11669921875,1922.11669921875,1922.11669921875,1922.11669921875,400,0.0,0.0
2009-10-21 00:00:00+09:00,1836.689165387835,1836.689165387835,1793.9754638671875,1793.9754638671875,400,0.0,0.0
2009-10-22 00:00:00+09:00,1793.9754638671875,1793.9754638671875,1793.9754638671875,1793.9754638671875,0,0.0,0.0
2009-10-23 00:00:00+09:00,1793.9754638671875,1793.9754638671875,1793.9754638671875,1793.9754638671875,0,0.0,0.0
2009-10-26 00:00:00+09:00,1815.3323146275113,1815.3323146275113,1793.9754638671875,1793.9754638671875,1000,0.0,0.0
2009-10-27 00:00:00+09:00,1793.9754638671875,1793.9754638671875,1793.9754638671875,1793.9754638671875,0,0.0,0.0
2009-10-28 00:00:00+09:00,1793.9754638671875,1793.9754638671875,1793.9754638671875,1793.9754638671875,0,0.0,0.0
2009-10-29 00:00:00+09:00,1793.9754638671875,1793.9754638671875,1793.9754638671875,1793.9754638671875,400,0.0,0.0
2009-10-30 00:00:00+09:00,1793.9754638671875,1793.9754638671875,1793.9754638671875,1793.9754638671875,400,0.0,0.0
2009-11-02 00:00:00+09:00,1793.9755035768071,1793.9755035768071,1772.61865234375,1772.61865234375,400,0.0,0.0
2009-11-04 00:00:00+09:00,1793.9754638671875,1793.9754638671875,1793.9754638671875,1793.9754638671875,1400,0.0,0.0
2009-11-05 00:00:00+09:00,1798.2468340192522,1798.2468340192522,1793.9754638671875,1793.9754638671875,1000,0.0,0.0
2009-11-06 00:00:00+09:00,1793.9754638671875,1793.9754638671875,1793.9754638671875,1793.9754638671875,800,0.0,0.0
2009-11-09 00:00:00+09:00,1789.7041015625,1789.7041015625,1789.7041015625,1789.7041015625,200,0.0,0.0
2009-11-10 00:00:00+09:00,1793.9754638671875,1793.9754638671875,1793.9754638671875,1793.9754638671875,600,0.0,0.0
2009-11-11 00:00:00+09:00,1793.9754638671875,1793.9754638671875,1793.9754638671875,1793.9754638671875,0,0.0,0.0
2009-11-12 00:00:00+09:00,1793.9754638671875,1793.9754638671875,1793.9754638671875,1793.9754638671875,0,0.0,0.0
2009-11-13 00:00:00+09:00,1793.9754638671875,1793.9754638671875,1793.9754638671875,1793.9754638671875,0,0.0,0.0
2009-11-16 00:00:00+09:00,1836.6890869140625,1836.6890869140625,1836.6890869140625,1836.6890869140625,600,0.0,0.0
2009-11-17 00:00:00+09:00,1836.6890869140625,1836.6890869140625,1836.6890869140625,1836.6890869140625,0,0.0,0.0
2009-11-18 00:00:00+09:00,1751.2615966796875,1751.2615966796875,1751.2615966796875,1751.2615966796875,200,0.0,0.0
2009-11-19 00:00:00+09:00,1708.548095703125,1708.548095703125,1708.548095703125,1708.548095703125,200,0.0,0.0
2009-11-20 00:00:00+09:00,1793.9755426720726,1793.9755426720726,1687.1912841796875,1687.1912841796875,800,0.0,0.0
2009-11-24 00:00:00+09:00,1687.1912841796875,1687.1912841796875,1687.1912841796875,1687.1912841796875,0,0.0,0.0
2009-11-25 00:00:00+09:00,1793.9754638671875,1793.9754638671875,1793.9754638671875,1793.9754638671875,200,0.0,0.0
2009-11-26 00:00:00+09:00,1793.9754638671875,1793.9754638671875,1793.9754638671875,1793.9754638671875,0,0.0,0.0
2009-11-27 00:00:00+09:00,1793.9754638671875,1793.9754638671875,1793.9754638671875,1793.9754638671875,0,0.0,0.0
2009-11-30 00:00:00+09:00,1793.9754638671875,1793.9754638671875,1793.9754638671875,1793.9754638671875,0,0.0,0.0
2009-12-01 00:00:00+09:00,1751.2615966796875,1751.2615966796875,1751.2615966796875,1751.2615966796875,200,0.0,0.0
2009-12-02 00:00:00+09:00,1751.2615966796875,1751.2615966796875,1751.2615966796875,1751.2615966796875,0,0.0,0.0
2009-12-03 00:00:00+09:00,1712.8194580078125,1712.8194580078125,1708.5480877883417,1712.8194580078125,600,0.0,0.0
2009-12-04 00:00:00+09:00,1712.8194580078125,1712.8194580078125,1712.8194580078125,1712.8194580078125,0,0.0,0.0
2009-12-07 00:00:00+09:00,1772.61865234375,1772.61865234375,1772.61865234375,1772.61865234375,200,0.0,0.0
2009-12-08 00:00:00+09:00,1772.61865234375,1772.61865234375,1772.61865234375,1772.61865234375,0,0.0,0.0
2009-12-09 00:00:00+09:00,1772.61865234375,1772.61865234375,1772.61865234375,1772.61865234375,0,0.0,0.0
2009-12-10 00:00:00+09:00,1772.61865234375,1772.61865234375,1772.61865234375,1772.61865234375,0,0.0,0.0
2009-12-11 00:00:00+09:00,1772.6186492919921,1772.6186492919921,1708.548095703125,1708.548095703125,600,0.0,0.0
2009-12-14 00:00:00+09:00,1708.548095703125,1708.548095703125,1708.548095703125,1708.548095703125,0,0.0,0.0
2009-12-15 00:00:00+09:00,1793.9754638671875,1793.9754638671875,1793.9754638671875,1793.9754638671875,800,0.0,0.0
2009-12-16 00:00:00+09:00,1793.9754638671875,1793.9754638671875,1793.9754638671875,1793.9754638671875,0,0.0,0.0
2009-12-17 00:00:00+09:00,1751.2615966796875,1751.2615966796875,1751.2615966796875,1751.2615966796875,200,0.0,0.0
2009-12-18 00:00:00+09:00,1751.2615966796875,1793.9752941596798,1751.2615966796875,1751.2615966796875,1000,0.0,0.0
2009-12-21 00:00:00+09:00,1879.4029541015625,1879.4029541015625,1879.4029541015625,1879.4029541015625,600,0.0,0.0
2009-12-22 00:00:00+09:00,1879.4029541015625,1879.4029541015625,1879.4029541015625,1879.4029541015625,0,0.0,0.0
2009-12-24 00:00:00+09:00,1879.4029541015625,1879.4029541015625,1879.4029541015625,1879.4029541015625,0,0.0,0.0
2009-12-25 00:00:00+09:00,1986.1870432650105,1986.1870432650105,1900.7596435546875,1900.7596435546875,1400,0.0,0.0
2009-12-28 00:00:00+09:00,1900.7596435546875,1900.7596435546875,1900.7596435546875,1900.7596435546875,0,0.0,0.0
2009-12-29 00:00:00+09:00,1900.7596435546875,1900.7596435546875,1900.7596435546875,1900.7596435546875,0,0.0,0.0
2009-12-30 00:00:00+09:00,1900.7596435546875,1900.7596435546875,1900.7596435546875,1900.7596435546875,200,0.0,0.0
2010-01-04 00:00:00+09:00,1900.7596435546875,1900.7596435546875,1900.7596435546875,1900.7596435546875,0,0.0,0.0
2010-01-05 00:00:00+09:00,1900.7596435546875,1900.7596435546875,1900.7596435546875,1900.7596435546875,0,0.0,0.0
2010-01-06 00:00:00+09:00,1900.7596435546875,1900.7596435546875,1900.7596435546875,1900.7596435546875,0,0.0,0.0
2010-01-07 00:00:00+09:00,1900.7596435546875,1900.7596435546875,1900.7596435546875,1900.7596435546875,0,0.0,0.0
2010-01-08 00:00:00+09:00,1900.7596435546875,1900.7596435546875,1900.7596435546875,1900.7596435546875,0,0.0,0.0
2010-01-12 00:00:00+09:00,1900.7596435546875,1900.7596435546875,1900.7596435546875,1900.7596435546875,0,0.0,0.0
2010-01-13 00:00:00+09:00,1900.7596435546875,1900.7596435546875,1900.7596435546875,1900.7596435546875,0,0.0,0.0
2010-01-14 00:00:00+09:00,1900.7596435546875,1900.7596435546875,1900.7596435546875,1900.7596435546875,0,0.0,0.0
2010-01-15 00:00:00+09:00,2003.2724609375,2003.2724609375,2003.2724609375,2003.2724609375,600,0.0,0.0
2010-01-18 00:00:00+09:00,2003.2724609375,2003.2724609375,2003.2724609375,2003.2724609375,0,0.0,0.0
2010-01-19 00:00:00+09:00,1986.18701171875,1986.18701171875,1986.18701171875,1986.18701171875,400,0.0,0.0
2010-01-20 00:00:00+09:00,2020.35791015625,2020.35791015625,2020.35791015625,2020.35791015625,400,0.0,0.0
2010-01-21 00:00:00+09:00,2020.35791015625,2020.35791015625,2020.35791015625,2020.35791015625,0,0.0,0.0
2010-01-22 00:00:00+09:00,2020.35791015625,2020.35791015625,2020.35791015625,2020.35791015625,0,0.0,0.0
2010-01-25 00:00:00+09:00,1922.11669921875,1922.11669921875,1922.11669921875,1922.11669921875,200,0.0,0.0
2010-01-26 00:00:00+09:00,1922.11669921875,1922.11669921875,1922.11669921875,1922.11669921875,0,0.0,0.0
2010-01-27 00:00:00+09:00,1922.11669921875,1922.11669921875,1922.11669921875,1922.11669921875,0,0.0,0.0
2010-01-28 00:00:00+09:00,1922.11669921875,1922.11669921875,1922.11669921875,1922.11669921875,0,0.0,0.0
2010-01-29 00:00:00+09:00,1823.875244140625,1823.875244140625,1823.875244140625,1823.875244140625,200,0.0,0.0
2010-02-01 00:00:00+09:00,1823.875244140625,1823.875244140625,1823.875244140625,1823.875244140625,0,0.0,0.0
2010-02-02 00:00:00+09:00,1823.875244140625,1823.875244140625,1823.875244140625,1823.875244140625,0,0.0,0.0
2010-02-03 00:00:00+09:00,1823.875244140625,1823.875244140625,1823.875244140625,1823.875244140625,0,0.0,0.0
2010-02-04 00:00:00+09:00,1823.875244140625,1823.875244140625,1823.875244140625,1823.875244140625,0,0.0,0.0
2010-02-05 00:00:00+09:00,1862.3172683189655,1862.3172683189655,1858.0458984375,1858.0458984375,400,0.0,0.0
2010-02-08 00:00:00+09:00,1858.0458984375,1858.0458984375,1858.0458984375,1858.0458984375,0,0.0,0.0
2010-02-09 00:00:00+09:00,1858.0458984375,1858.0458984375,1858.0458984375,1858.0458984375,0,0.0,0.0
2010-02-10 00:00:00+09:00,1858.0458984375,1858.0458984375,1858.0458984375,1858.0458984375,0,0.0,0.0
2010-02-12 00:00:00+09:00,1836.6890869140625,1836.6890869140625,1836.6890869140625,1836.6890869140625,200,0.0,0.0
2010-02-15 00:00:00+09:00,1905.031005859375,1905.031005859375,1905.031005859375,1905.031005859375,400,0.0,0.0
2010-02-16 00:00:00+09:00,1905.031005859375,1905.031005859375,1905.031005859375,1905.031005859375,0,0.0,0.0
2010-02-17 00:00:00+09:00,1905.031005859375,1905.031005859375,1905.031005859375,1905.031005859375,0,0.0,0.0
2010-02-18 00:00:00+09:00,1905.031005859375,1905.031005859375,1905.031005859375,1905.031005859375,0,0.0,0.0
2010-02-19 00:00:00+09:00,1858.0458984375,1858.0458984375,1858.0458984375,1858.0458984375,400,0.0,0.0
2010-02-22 00:00:00+09:00,1926.3879301746213,1926.3879301746213,1798.246826171875,1798.246826171875,1000,0.0,0.0
2010-02-23 00:00:00+09:00,1798.246826171875,1798.246826171875,1798.246826171875,1798.246826171875,0,0.0,0.0
2010-02-24 00:00:00+09:00,1798.246826171875,1798.246826171875,1798.246826171875,1798.246826171875,0,0.0,0.0
2010-02-25 00:00:00+09:00,1798.246826171875,1798.246826171875,1798.246826171875,1798.246826171875,0,0.0,0.0
2010-02-26 00:00:00+09:00,1798.246826171875,1798.246826171875,1798.246826171875,1798.246826171875,0,0.0,0.0
2010-03-01 00:00:00+09:00,1798.246826171875,1798.246826171875,1798.246826171875,1798.246826171875,0,0.0,0.0
2010-03-02 00:00:00+09:00,1798.246826171875,1798.246826171875,1798.246826171875,1798.246826171875,0,0.0,0.0
2010-03-03 00:00:00+09:00,1798.246826171875,1798.246826171875,1798.246826171875,1798.246826171875,0,0.0,0.0
2010-03-04 00:00:00+09:00,1798.246826171875,1798.246826171875,1798.246826171875,1798.246826171875,0,0.0,0.0
2010-03-05 00:00:00+09:00,1798.246826171875,1798.246826171875,1798.246826171875,1798.246826171875,0,0.0,0.0
2010-03-08 00:00:00+09:00,1798.246826171875,1798.246826171875,1798.246826171875,1798.246826171875,0,0.0,0.0
2010-03-09 00:00:00+09:00,1883.6743244517932,1883.6743244517932,1879.4029541015625,1879.4029541015625,400,0.0,0.0
2010-03-10 00:00:00+09:00,1879.4029541015625,1879.4029541015625,1879.4029541015625,1879.4029541015625,0,0.0,0.0
2010-03-11 00:00:00+09:00,2071.6148258131375,2199.755949059311,2071.6148258131375,2092.9716796875,2600,0.0,0.0
2010-03-12 00:00:00+09:00,2135.6852641858554,2135.6852641858554,2028.9010009765625,2028.9010009765625,800,0.0,0.0
2010-03-15 00:00:00+09:00,2097.24267578125,2097.24267578125,2097.24267578125,2097.24267578125,600,0.0,0.0
2010-03-16 00:00:00+09:00,2157.0419921875,2157.0419921875,2157.0419921875,2157.0419921875,400,0.0,0.0
2010-03-17 00:00:00+09:00,2285.1827641459345,2285.1827641459345,2199.75537109375,2199.75537109375,800,0.0,0.0
2010-03-18 00:00:00+09:00,2199.75537109375,2199.75537109375,2199.75537109375,2199.75537109375,0,0.0,0.0
2010-03-19 00:00:00+09:00,2285.18359375,2285.18359375,2285.18359375,2285.18359375,200,0.0,0.0
2010-03-23 00:00:00+09:00,2327.896614074707,2327.896614074707,2323.625244140625,2323.625244140625,800,0.0,0.0
2010-03-24 00:00:00+09:00,2323.625244140625,2323.625244140625,2323.625244140625,2323.625244140625,0,0.0,0.0
2010-03-25 00:00:00+09:00,2263.826171875,2263.826171875,2263.826171875,2263.826171875,400,0.0,0.0
2010-03-26 00:00:00+09:00,2263.826171875,2263.826171875,2263.826171875,2263.826171875,0,0.0,0.0
2010-03-29 00:00:00+09:00,2285.1831076882104,2349.253662109375,2285.1831076882104,2349.253662109375,600,0.0,0.0
2010-03-30 00:00:00+09:00,2349.253662109375,2349.253662109375,2349.253662109375,2349.253662109375,0,0.0,0.0
2010-03-31 00:00:00+09:00,2413.3244968353106,2413.3244968353106,2396.239013671875,2396.239013671875,400,0.0,0.0
2010-04-01 00:00:00+09:00,2498.7518394156677,2498.7518394156677,2494.48046875,2494.48046875,400,0.0,0.0
2010-04-02 00:00:00+09:00,2451.7666015625,2451.7666015625,2451.7666015625,2451.7666015625,200,0.0,0.0
2010-04-05 00:00:00+09:00,2861.817959550498,2947.245361328125,2776.3905577728715,2947.245361328125,2600,0.0,0.0
2010-04-06 00:00:00+09:00,2861.818455870403,2874.632568359375,2861.818455870403,2874.632568359375,400,0.0,0.0
2010-04-07 00:00:00+09:00,2831.918757672991,2989.95947265625,2831.918757672991,2989.95947265625,800,0.0,0.0
2010-04-08 00:00:00+09:00,3032.6728515625,3032.6728515625,3032.6728515625,3032.6728515625,200,0.0,0.0
2010-04-09 00:00:00+09:00,3032.673179408482,3032.673179408482,2989.95947265625,2989.95947265625,400,0.0,0.0
2010-04-12 00:00:00+09:00,2989.95947265625,2989.95947265625,2989.95947265625,2989.95947265625,0,0.0,0.0
2010-04-13 00:00:00+09:00,2913.074310576026,2913.074310576026,2861.81787109375,2861.81787109375,1600,0.0,0.0
2010-04-14 00:00:00+09:00,2695.234890036387,2806.29052734375,2695.234890036387,2806.29052734375,600,0.0,0.0
2010-04-15 00:00:00+09:00,2844.732307330827,2844.732307330827,2840.4609375,2840.4609375,600,0.0,0.0
2010-04-16 00:00:00+09:00,2844.7322221235795,2844.7322221235795,2819.10400390625,2819.10400390625,600,0.0,0.0
2010-04-19 00:00:00+09:00,2716.591522542939,2797.74755859375,2716.591522542939,2797.74755859375,800,0.0,0.0
2010-04-20 00:00:00+09:00,2810.561339393029,2810.561339393029,2776.390380859375,2776.390380859375,1000,0.0,0.0
2010-04-21 00:00:00+09:00,2776.390380859375,2776.390380859375,2776.390380859375,2776.390380859375,0,0.0,0.0
2010-04-22 00:00:00+09:00,2776.390380859375,2776.390380859375,2776.390380859375,2776.390380859375,0,0.0,0.0
2010-04-23 00:00:00+09:00,2776.390380859375,2776.390380859375,2776.390380859375,2776.390380859375,0,0.0,0.0
2010-04-26 00:00:00+09:00,2776.390380859375,2776.390380859375,2776.390380859375,2776.390380859375,0,0.0,0.0
2010-04-27 00:00:00+09:00,2784.9727407602163,2789.263916015625,2784.9727407602163,2789.263916015625,600,15.0,0.0
2010-04-28 00:00:00+09:00,2832.175537109375,2832.175537109375,2832.175537109375,2832.175537109375,200,0.0,0.0
2010-04-30 00:00:00+09:00,2750.643310546875,2750.643310546875,2750.643310546875,2750.643310546875,200,0.0,0.0
2010-05-06 00:00:00+09:00,2750.643310546875,2750.643310546875,2750.643310546875,2750.643310546875,0,0.0,0.0
2010-05-07 00:00:00+09:00,2707.73193359375,2707.73193359375,2707.73193359375,2707.73193359375,200,0.0,0.0
2010-05-10 00:00:00+09:00,2707.73193359375,2707.73193359375,2707.73193359375,2707.73193359375,200,0.0,0.0
2010-05-11 00:00:00+09:00,2707.73193359375,2707.73193359375,2707.73193359375,2707.73193359375,200,0.0,0.0
2010-05-12 00:00:00+09:00,2707.73193359375,2707.73193359375,2707.73193359375,2707.73193359375,0,0.0,0.0
2010-05-13 00:00:00+09:00,2707.73193359375,2707.73193359375,2707.73193359375,2707.73193359375,0,0.0,0.0
2010-05-14 00:00:00+09:00,2707.73193359375,2707.73193359375,2707.73193359375,2707.73193359375,0,0.0,0.0
2010-05-17 00:00:00+09:00,2789.263916015625,2789.263916015625,2789.263916015625,2789.263916015625,600,0.0,0.0
2010-05-18 00:00:00+09:00,2789.263916015625,2789.263916015625,2789.263916015625,2789.263916015625,200,0.0,0.0
2010-05-19 00:00:00+09:00,2789.264394722733,2789.264394722733,2626.19970703125,2626.19970703125,1200,0.0,0.0
2010-05-20 00:00:00+09:00,2712.0233338776125,2712.0233338776125,2669.111572265625,2669.111572265625,800,0.0,0.0
2010-05-21 00:00:00+09:00,2639.0732421875,2639.0732421875,2639.0732421875,2639.0732421875,200,0.0,0.0
2010-05-24 00:00:00+09:00,2639.0732421875,2639.0732421875,2639.0732421875,2639.0732421875,0,0.0,0.0
2010-05-25 00:00:00+09:00,2613.325439453125,2613.325439453125,2613.325439453125,2613.325439453125,1200,0.0,0.0
2010-05-26 00:00:00+09:00,2609.034555288462,2609.034555288462,2566.122802734375,2566.122802734375,400,0.0,0.0
2010-05-27 00:00:00+09:00,2574.705322265625,2574.705322265625,2574.705322265625,2574.705322265625,200,0.0,0.0
2010-05-28 00:00:00+09:00,2574.704866456281,2613.325439453125,2574.704866456281,2613.325439453125,400,0.0,0.0
2010-05-31 00:00:00+09:00,2617.61669921875,2617.61669921875,2617.61669921875,2617.61669921875,800,0.0,0.0
2010-06-01 00:00:00+09:00,2617.61669921875,2617.61669921875,2617.61669921875,2617.61669921875,0,0.0,0.0
2010-06-02 00:00:00+09:00,2617.61669921875,2617.61669921875,2617.61669921875,2617.61669921875,200,0.0,0.0
2010-06-03 00:00:00+09:00,2639.0732421875,2639.0732421875,2639.0732421875,2639.0732421875,200,0.0,0.0
2010-06-04 00:00:00+09:00,2647.65576171875,2647.65576171875,2647.65576171875,2647.65576171875,200,0.0,0.0
2010-06-07 00:00:00+09:00,2643.364013671875,2643.364013671875,2643.364013671875,2643.364013671875,200,0.0,0.0
2010-06-08 00:00:00+09:00,2600.452392578125,2600.452392578125,2600.452392578125,2600.452392578125,200,0.0,0.0
2010-06-09 00:00:00+09:00,2600.452392578125,2600.452392578125,2600.452392578125,2600.452392578125,0,0.0,0.0
2010-06-10 00:00:00+09:00,2600.452392578125,2600.452392578125,2600.452392578125,2600.452392578125,0,0.0,0.0
2010-06-11 00:00:00+09:00,2617.61669921875,2617.61669921875,2617.61669921875,2617.61669921875,400,0.0,0.0
2010-06-14 00:00:00+09:00,2832.176131063433,2875.087890625,2832.176131063433,2875.087890625,1600,0.0,0.0
2010-06-15 00:00:00+09:00,2909.4174673897883,2909.4174673897883,2866.5057053338915,2883.67041015625,1800,0.0,0.0
2010-06-16 00:00:00+09:00,2917.999267578125,2917.999267578125,2917.999267578125,2917.999267578125,600,0.0,0.0
2010-06-17 00:00:00+09:00,2917.999267578125,2917.999267578125,2917.999267578125,2917.999267578125,0,0.0,0.0
2010-06-18 00:00:00+09:00,2960.9114815848216,3003.8232421875,2960.9114815848216,3003.8232421875,800,0.0,0.0
2010-06-21 00:00:00+09:00,3085.3548210991753,3089.64599609375,3085.3548210991753,3089.64599609375,600,0.0,0.0
2010-06-22 00:00:00+09:00,3089.64599609375,3089.64599609375,3089.64599609375,3089.64599609375,0,0.0,0.0
2010-06-23 00:00:00+09:00,3089.64599609375,3089.64599609375,3089.64599609375,3089.64599609375,0,0.0,0.0
2010-06-24 00:00:00+09:00,3046.7345930200163,3046.7345930200163,3008.114013671875,3008.114013671875,400,0.0,0.0
2010-06-25 00:00:00+09:00,3008.114013671875,3008.114013671875,3008.114013671875,3008.114013671875,0,0.0,0.0
2010-06-28 00:00:00+09:00,3042.443359375,3042.443359375,3042.443359375,3042.443359375,200,0.0,0.0
2010-06-29 00:00:00+09:00,3003.8232421875,3003.8232421875,3003.8232421875,3003.8232421875,800,0.0,0.0
2010-06-30 00:00:00+09:00,2960.9111328125,2960.9111328125,2960.9111328125,2960.9111328125,200,0.0,0.0
2010-07-01 00:00:00+09:00,2917.999267578125,2917.999267578125,2917.999267578125,2917.999267578125,200,0.0,0.0
2010-07-02 00:00:00+09:00,2917.999267578125,2917.999267578125,2917.999267578125,2917.999267578125,0,0.0,0.0
2010-07-05 00:00:00+09:00,2917.999267578125,2917.999267578125,2917.999267578125,2917.999267578125,0,0.0,0.0
2010-07-06 00:00:00+09:00,2917.999267578125,2917.999267578125,2917.999267578125,2917.999267578125,0,0.0,0.0
2010-07-07 00:00:00+09:00,2875.0873735344176,2875.0873735344176,2836.466796875,2836.466796875,400,0.0,0.0
2010-07-08 00:00:00+09:00,2836.466796875,2836.466796875,2836.466796875,2836.466796875,0,0.0,0.0
2010-07-09 00:00:00+09:00,2836.466796875,2836.466796875,2836.466796875,2836.466796875,0,0.0,0.0
2010-07-12 00:00:00+09:00,2836.466796875,2836.466796875,2836.466796875,2836.466796875,0,0.0,0.0
2010-07-13 00:00:00+09:00,2836.466796875,2836.466796875,2836.466796875,2836.466796875,0,0.0,0.0
2010-07-14 00:00:00+09:00,2836.466796875,2836.466796875,2836.466796875,2836.466796875,0,0.0,0.0
2010-07-15 00:00:00+09:00,3003.8228883605075,3003.8228883605075,2960.9111328125,2960.9111328125,800,0.0,0.0
2010-07-16 00:00:00+09:00,2982.3670105865035,2982.3670105865035,2960.9111328125,2960.9111328125,400,0.0,0.0
2010-07-21 00:00:00+09:00,2960.9111328125,2960.9111328125,2960.9111328125,2960.9111328125,200,0.0,0.0
2010-07-22 00:00:00+09:00,2845.0498046875,2845.0498046875,2845.0498046875,2845.0498046875,400,0.0,0.0
2010-07-23 00:00:00+09:00,2845.0498046875,2845.0498046875,2845.0498046875,2845.0498046875,0,0.0,0.0
2010-07-26 00:00:00+09:00,2875.087890625,2875.087890625,2875.087890625,2875.087890625,200,0.0,0.0
2010-07-27 00:00:00+09:00,2879.3786890366496,2917.999267578125,2879.3786890366496,2917.999267578125,600,0.0,0.0
2010-07-28 00:00:00+09:00,3046.734375,3046.734375,3046.734375,3046.734375,800,0.0,0.0
2010-07-29 00:00:00+09:00,3046.734375,3046.734375,3046.734375,3046.734375,800,0.0,0.0
2010-07-30 00:00:00+09:00,3046.734375,3046.734375,3046.734375,3046.734375,0,0.0,0.0
2010-08-02 00:00:00+09:00,3046.734584163458,3046.734584163458,2995.240478515625,2995.240478515625,1000,0.0,0.0
2010-08-03 00:00:00+09:00,2995.240478515625,2995.240478515625,2995.240478515625,2995.240478515625,200,0.0,0.0
2010-08-04 00:00:00+09:00,2995.240478515625,2995.240478515625,2995.240478515625,2995.240478515625,0,0.0,0.0
2010-08-05 00:00:00+09:00,2995.240478515625,2995.240478515625,2995.240478515625,2995.240478515625,0,0.0,0.0
2010-08-06 00:00:00+09:00,3102.52001953125,3102.52001953125,3102.52001953125,3102.52001953125,2000,0.0,0.0
2010-08-09 00:00:00+09:00,3166.8876194309546,3175.469970703125,3166.8876194309546,3175.469970703125,2000,0.0,0.0
2010-08-10 00:00:00+09:00,3175.469970703125,3175.469970703125,3175.469970703125,3175.469970703125,0,0.0,0.0
2010-08-11 00:00:00+09:00,3003.8232421875,3003.8232421875,3003.8232421875,3003.8232421875,400,0.0,0.0
2010-08-12 00:00:00+09:00,3003.8233019160934,3003.8233019160934,2806.42919921875,2806.42919921875,600,0.0,0.0
2010-08-13 00:00:00+09:00,2815.0108368844694,2832.175537109375,2806.428486772017,2832.175537109375,800,0.0,0.0
2010-08-16 00:00:00+09:00,2960.9109749471336,3003.822728207237,2853.631591796875,2853.631591796875,1000,0.0,0.0
2010-08-17 00:00:00+09:00,2767.8081897463962,2772.099365234375,2767.8081897463962,2772.099365234375,1000,0.0,0.0
2010-08-18 00:00:00+09:00,2772.099365234375,2772.099365234375,2772.099365234375,2772.099365234375,0,0.0,0.0
2010-08-19 00:00:00+09:00,2875.087890625,2875.087890625,2875.087890625,2875.087890625,200,0.0,0.0
2010-08-20 00:00:00+09:00,2875.087890625,2875.087890625,2875.087890625,2875.087890625,200,0.0,0.0
2010-08-23 00:00:00+09:00,2875.087890625,2875.087890625,2875.087890625,2875.087890625,0,0.0,0.0
2010-08-24 00:00:00+09:00,2875.087890625,2875.087890625,2875.087890625,2875.087890625,0,0.0,0.0
2010-08-25 00:00:00+09:00,2875.087890625,2875.087890625,2875.087890625,2875.087890625,0,0.0,0.0
2010-08-26 00:00:00+09:00,2875.087890625,2875.087890625,2875.087890625,2875.087890625,0,0.0,0.0
2010-08-27 00:00:00+09:00,2832.175537109375,2832.175537109375,2832.175537109375,2832.175537109375,200,0.0,0.0
2010-08-30 00:00:00+09:00,2832.175537109375,2832.175537109375,2832.175537109375,2832.175537109375,0,0.0,0.0
2010-08-31 00:00:00+09:00,2789.263916015625,2789.263916015625,2789.263916015625,2789.263916015625,200,0.0,0.0
2010-09-01 00:00:00+09:00,2789.263916015625,2789.263916015625,2789.263916015625,2789.263916015625,0,0.0,0.0
2010-09-02 00:00:00+09:00,2789.263916015625,2789.263916015625,2789.263916015625,2789.263916015625,0,0.0,0.0
2010-09-03 00:00:00+09:00,2789.263916015625,2789.263916015625,2789.263916015625,2789.263916015625,0,0.0,0.0
2010-09-06 00:00:00+09:00,2789.263916015625,2789.263916015625,2789.263916015625,2789.263916015625,0,0.0,0.0
2010-09-07 00:00:00+09:00,2789.263916015625,2789.263916015625,2789.263916015625,2789.263916015625,0,0.0,0.0
2010-09-08 00:00:00+09:00,2789.263916015625,2789.263916015625,2789.263916015625,2789.263916015625,0,0.0,0.0
2010-09-09 00:00:00+09:00,2789.263916015625,2789.263916015625,2789.263916015625,2789.263916015625,0,0.0,0.0
2010-09-10 00:00:00+09:00,2789.263916015625,2789.263916015625,2789.263916015625,2789.263916015625,0,0.0,0.0
2010-09-13 00:00:00+09:00,2917.999267578125,2917.999267578125,2917.999267578125,2917.999267578125,400,0.0,0.0
2010-09-14 00:00:00+09:00,2917.999377264493,2960.9111328125,2917.999377264493,2960.9111328125,600,0.0,0.0
2010-09-16 00:00:00+09:00,3003.8229387358756,3038.15234375,3003.8229387358756,3038.15234375,800,0.0,0.0
2010-09-17 00:00:00+09:00,3051.025390625,3051.025390625,3051.025390625,3051.025390625,1000,0.0,0.0
2010-09-21 00:00:00+09:00,3179.76123046875,3179.76123046875,3179.76123046875,3179.76123046875,600,0.0,0.0
2010-09-22 00:00:00+09:00,3068.190673828125,3068.190673828125,3068.190673828125,3068.190673828125,400,0.0,0.0
2010-09-24 00:00:00+09:00,3089.64599609375,3089.64599609375,3089.64599609375,3089.64599609375,200,0.0,0.0
2010-09-27 00:00:00+09:00,3132.557861328125,3132.557861328125,3132.557861328125,3132.557861328125,200,0.0,0.0
2010-09-28 00:00:00+09:00,3132.557861328125,3132.557861328125,3132.557861328125,3132.557861328125,600,0.0,0.0
2010-09-29 00:00:00+09:00,3132.557861328125,3132.557861328125,3132.557861328125,3132.557861328125,400,0.0,0.0
2010-09-30 00:00:00+09:00,3132.5577460394966,3132.5577460394966,3089.64599609375,3089.64599609375,600,0.0,0.0
2010-10-01 00:00:00+09:00,3089.64613648317,3089.64613648317,3059.60791015625,3059.60791015625,2000,0.0,0.0
2010-10-04 00:00:00+09:00,3059.60791015625,3059.60791015625,3059.60791015625,3059.60791015625,0,0.0,0.0
2010-10-05 00:00:00+09:00,3059.60791015625,3059.60791015625,3059.60791015625,3059.60791015625,0,0.0,0.0
2010-10-06 00:00:00+09:00,3059.60791015625,3059.60791015625,3059.60791015625,3059.60791015625,0,0.0,0.0
2010-10-07 00:00:00+09:00,3059.60791015625,3059.60791015625,3059.60791015625,3059.60791015625,0,0.0,0.0
2010-10-08 00:00:00+09:00,3059.60791015625,3059.60791015625,3059.60791015625,3059.60791015625,0,0.0,0.0
2010-10-12 00:00:00+09:00,3063.8989461263022,3089.64599609375,3063.8989461263022,3089.64599609375,1000,0.0,0.0
2010-10-13 00:00:00+09:00,3089.64599609375,3089.64599609375,3089.64599609375,3089.64599609375,400,0.0,0.0
2010-10-14 00:00:00+09:00,3089.64599609375,3089.64599609375,3089.64599609375,3089.64599609375,400,0.0,0.0
2010-10-15 00:00:00+09:00,3218.3818359375,3218.3818359375,3218.3818359375,3218.3818359375,600,0.0,0.0
2010-10-18 00:00:00+09:00,3218.381996307577,3218.381996307577,3214.0908203125,3214.0908203125,400,0.0,0.0
2010-10-19 00:00:00+09:00,3218.3818359375,3218.3818359375,3218.3818359375,3218.3818359375,400,0.0,0.0
2010-10-20 00:00:00+09:00,3295.622794117647,3295.622794117647,3282.749267578125,3282.749267578125,400,0.0,0.0
2010-10-21 00:00:00+09:00,3282.749267578125,3282.749267578125,3282.749267578125,3282.749267578125,400,0.0,0.0
2010-10-22 00:00:00+09:00,3089.64599609375,3089.64599609375,3089.64599609375,3089.64599609375,200,0.0,0.0
2010-10-25 00:00:00+09:00,3089.64599609375,3089.64599609375,3089.64599609375,3089.64599609375,200,0.0,0.0
2010-10-26 00:00:00+09:00,2960.9111328125,2960.9111328125,2960.9111328125,2960.9111328125,200,0.0,0.0
2010-10-27 00:00:00+09:00,2960.9111328125,2960.9111328125,2960.9111328125,2960.9111328125,200,0.0,0.0
2010-10-28 00:00:00+09:00,3003.8232421875,3003.8232421875,3003.8232421875,3003.8232421875,200,0.0,0.0
2010-10-29 00:00:00+09:00,2939.45556640625,2939.45556640625,2939.45556640625,2939.45556640625,200,0.0,0.0
2010-11-01 00:00:00+09:00,3025.27880859375,3025.27880859375,3025.27880859375,3025.27880859375,200,0.0,0.0
2010-11-02 00:00:00+09:00,3025.27880859375,3025.27880859375,3025.27880859375,3025.27880859375,200,0.0,0.0
2010-11-04 00:00:00+09:00,3046.734375,3046.734375,3046.734375,3046.734375,200,0.0,0.0
2010-11-05 00:00:00+09:00,3089.646457981419,3184.052321975296,3089.646457981419,3175.469970703125,1000,0.0,0.0
2010-11-08 00:00:00+09:00,3196.92626953125,3196.92626953125,3196.92626953125,3196.92626953125,200,0.0,0.0
2010-11-09 00:00:00+09:00,3196.92626953125,3196.92626953125,3196.92626953125,3196.92626953125,800,0.0,0.0
2010-11-10 00:00:00+09:00,3196.92626953125,3196.92626953125,3196.92626953125,3196.92626953125,800,0.0,0.0
2010-11-11 00:00:00+09:00,3196.92626953125,3196.92626953125,3196.92626953125,3196.92626953125,800,0.0,0.0
2010-11-12 00:00:00+09:00,3299.913818359375,3299.913818359375,3299.913818359375,3299.913818359375,400,0.0,0.0
2010-11-15 00:00:00+09:00,3304.205262642593,3338.53466796875,3304.205262642593,3338.53466796875,800,0.0,0.0
2010-11-16 00:00:00+09:00,3304.2050564922865,3390.028564453125,3304.2050564922865,3390.028564453125,400,0.0,0.0
2010-11-17 00:00:00+09:00,3432.940673828125,3432.940673828125,3432.940673828125,3432.940673828125,200,0.0,0.0
2010-11-18 00:00:00+09:00,3432.940673828125,3432.940673828125,3432.940673828125,3432.940673828125,400,0.0,0.0
2010-11-19 00:00:00+09:00,3432.940673828125,3432.940673828125,3432.940673828125,3432.940673828125,400,0.0,0.0
2010-11-22 00:00:00+09:00,3432.940711273006,3497.308349609375,3432.940711273006,3497.308349609375,800,0.0,0.0
2010-11-24 00:00:00+09:00,3497.308349609375,3497.308349609375,3497.308349609375,3497.308349609375,800,0.0,0.0
2010-11-25 00:00:00+09:00,3475.8525745738634,3540.22021484375,3475.8525745738634,3540.22021484375,600,0.0,0.0
2010-11-26 00:00:00+09:00,3540.22021484375,3540.22021484375,3540.22021484375,3540.22021484375,600,0.0,0.0
2010-11-29 00:00:00+09:00,3583.1319050616526,3583.1319050616526,3561.676025390625,3561.676025390625,1000,0.0,0.0
2010-11-30 00:00:00+09:00,3561.6756970229567,3561.6756970229567,3437.2316064040824,3557.384521484375,600,0.0,0.0
2010-12-01 00:00:00+09:00,3540.22021484375,3540.22021484375,3540.22021484375,3540.22021484375,200,0.0,0.0
2010-12-02 00:00:00+09:00,3518.7642660485694,3561.676025390625,3518.7642660485694,3561.676025390625,600,0.0,0.0
2010-12-03 00:00:00+09:00,3561.676025390625,3561.676025390625,3561.676025390625,3561.676025390625,600,0.0,0.0
2010-12-06 00:00:00+09:00,3561.676025390625,3561.676025390625,3561.676025390625,3561.676025390625,600,0.0,0.0
2010-12-07 00:00:00+09:00,3690.41064453125,3690.41064453125,3690.41064453125,3690.41064453125,200,0.0,0.0
2010-12-08 00:00:00+09:00,3733.322509765625,3733.322509765625,3733.322509765625,3733.322509765625,1200,0.0,0.0
2010-12-09 00:00:00+09:00,3776.23486328125,3776.23486328125,3776.23486328125,3776.23486328125,600,0.0,0.0
2010-12-10 00:00:00+09:00,3862.058349609375,3862.058349609375,3862.058349609375,3862.058349609375,800,0.0,0.0
2010-12-13 00:00:00+09:00,3690.411209620787,3819.1464843750005,3690.411209620787,3819.146484375,400,0.0,0.0
2010-12-14 00:00:00+09:00,3660.372802734375,3664.6639783530554,3660.372802734375,3660.372802734375,800,0.0,0.0
2010-12-15 00:00:00+09:00,3814.855224609375,3814.855224609375,3814.855224609375,3814.855224609375,400,0.0,0.0
2010-12-16 00:00:00+09:00,3814.855224609375,3814.855224609375,3814.855224609375,3814.855224609375,400,0.0,0.0
2010-12-17 00:00:00+09:00,3750.487295717925,3750.487295717925,3737.61376953125,3737.61376953125,400,0.0,0.0
2010-12-20 00:00:00+09:00,3797.6901392443424,3797.6901392443424,3733.322509765625,3733.322509765625,400,0.0,0.0
2010-12-21 00:00:00+09:00,3733.322509765625,3733.322509765625,3733.322509765625,3733.322509765625,200,0.0,0.0
2010-12-22 00:00:00+09:00,3647.499267578125,3647.499267578125,3647.499267578125,3647.499267578125,400,0.0,0.0
2010-12-24 00:00:00+09:00,3462.978759765625,3462.978759765625,3462.978759765625,3462.978759765625,400,0.0,0.0
2010-12-27 00:00:00+09:00,3527.3459219494935,3600.2958984375,3527.3459219494935,3600.2958984375,1000,0.0,0.0
2010-12-28 00:00:00+09:00,3600.2958984375,3600.2958984375,3600.2958984375,3600.2958984375,200,0.0,0.0
2010-12-29 00:00:00+09:00,3608.87890625,3608.87890625,3608.87890625,3608.87890625,200,0.0,0.0
2010-12-30 00:00:00+09:00,3544.511053831075,3544.511053831075,3523.05517578125,3523.05517578125,400,0.0,0.0
2011-01-04 00:00:00+09:00,3561.676025390625,3561.676025390625,3561.676025390625,3561.676025390625,600,0.0,0.0
2011-01-05 00:00:00+09:00,3583.13134765625,3583.13134765625,3583.13134765625,3583.13134765625,1000,0.0,0.0
2011-01-06 00:00:00+09:00,3578.8400131298595,3587.42236328125,3578.8400131298595,3587.42236328125,800,0.0,0.0
2011-01-07 00:00:00+09:00,3587.4222756410254,3681.828125,3587.4222756410254,3681.828125,1000,0.0,0.0
2011-01-11 00:00:00+09:00,3647.4992758783337,3668.955153971736,3647.4992758783337,3660.372802734375,2400,0.0,0.0
2011-01-12 00:00:00+09:00,3660.372886782787,3729.0316982581967,3600.2964267418033,3664.6640625,1200,0.0,0.0
2011-01-13 00:00:00+09:00,3608.87890625,3608.87890625,3608.87890625,3608.87890625,600,0.0,0.0
2011-01-14 00:00:00+09:00,3570.2580901954975,3621.752197265625,3561.675739017143,3621.752197265625,1600,0.0,0.0
2011-01-17 00:00:00+09:00,3596.0047134326405,3613.1694137354216,3587.42236328125,3587.42236328125,2200,0.0,0.0
2011-01-18 00:00:00+09:00,3505.890869140625,3505.890869140625,3505.890869140625,3505.890869140625,800,0.0,0.0
2011-01-19 00:00:00+09:00,3501.5996930462056,3505.890869140625,3484.434988668528,3505.890869140625,2600,0.0,0.0
2011-01-20 00:00:00+09:00,3475.8526364796894,3505.890869140625,3467.2702842908507,3505.890869140625,2200,0.0,0.0
2011-01-21 00:00:00+09:00,3484.4344232100475,3484.4344232100475,3368.5726874629154,3390.028564453125,1200,0.0,0.0
2011-01-24 00:00:00+09:00,3368.5725754957934,3368.5725754957934,3347.11669921875,3347.11669921875,1000,0.0,0.0
2011-01-25 00:00:00+09:00,3347.1168104727058,3390.028564453125,3347.1168104727058,3390.028564453125,800,0.0,0.0
2011-01-26 00:00:00+09:00,3390.028564453125,3390.028564453125,3390.028564453125,3390.028564453125,0,0.0,0.0
2011-01-27 00:00:00+09:00,3377.154926006611,3390.028451772837,3347.11669921875,3347.11669921875,2200,0.0,0.0
2011-01-28 00:00:00+09:00,3304.205011970766,3325.660888671875,3299.913836630544,3325.660888671875,1400,0.0,0.0
2011-01-31 00:00:00+09:00,3308.496187310988,3325.660888671875,3304.205011970766,3325.660888671875,1000,0.0,0.0
2011-02-01 00:00:00+09:00,3368.5725754957934,3518.763709435096,3368.5725754957934,3458.687255859375,2800,0.0,0.0
2011-02-02 00:00:00+09:00,3475.852470163919,3540.2201085002876,3475.852470163919,3497.308349609375,2600,0.0,0.0
2011-02-03 00:00:00+09:00,3497.3079276379244,3497.3079276379244,3475.85205078125,3475.85205078125,400,0.0,0.0
2011-02-04 00:00:00+09:00,3497.308038478944,3518.763916015625,3497.308038478944,3518.763916015625,800,0.0,0.0
2011-02-07 00:00:00+09:00,3604.587063584031,3767.6517164604516,3587.42236328125,3587.42236328125,2200,0.0,0.0
2011-02-08 00:00:00+09:00,3690.4110390183614,3797.6904296875,3690.4110390183614,3797.6904296875,1800,0.0,0.0
2011-02-09 00:00:00+09:00,3797.6904296875,3797.6904296875,3733.3227952860166,3797.6904296875,3400,0.0,0.0
2011-02-10 00:00:00+09:00,3677.537296220195,3711.86669921875,3677.537296220195,3711.86669921875,800,0.0,0.0
2011-02-14 00:00:00+09:00,3776.2345341753853,3896.387451171875,3776.2345341753853,3896.387451171875,1800,0.0,0.0
2011-02-15 00:00:00+09:00,3943.5898785501554,3943.5898785501554,3883.513427734375,3883.513427734375,1400,0.0,0.0
2011-02-16 00:00:00+09:00,3904.969584923664,3935.0078125,3904.969584923664,3935.0078125,1800,0.0,0.0
2011-02-17 00:00:00+09:00,3883.513087400718,3883.513087400718,3862.0572139896644,3866.348388671875,2800,0.0,0.0
2011-02-18 00:00:00+09:00,3866.348717530921,3926.425168191779,3866.348717530921,3870.639892578125,1000,0.0,0.0
2011-02-21 00:00:00+09:00,3900.6787269467213,3930.7169569672133,3892.0963755122953,3926.42578125,3200,0.0,0.0
2011-02-22 00:00:00+09:00,3883.5142293294275,3904.9701090494796,3862.058349609375,3862.058349609375,1000,0.0,0.0
2011-02-23 00:00:00+09:00,3857.766377384755,3883.513427734375,3857.766377384755,3883.513427734375,600,0.0,0.0
2011-02-24 00:00:00+09:00,3862.0577687230602,3862.0577687230602,3733.322509765625,3733.322509765625,2600,0.0,0.0
2011-02-25 00:00:00+09:00,3733.322509765625,3733.322509765625,3733.322509765625,3733.322509765625,2600,0.0,0.0
2011-02-28 00:00:00+09:00,3780.5257271804376,3840.602185955155,3780.5257271804376,3797.6904296875,1400,0.0,0.0
2011-03-01 00:00:00+09:00,3896.386559749725,3900.677734375,3896.386559749725,3900.677734375,600,0.0,0.0
2011-03-02 00:00:00+09:00,3904.9696685857502,3939.299072265625,3904.9696685857502,3939.299072265625,400,0.0,0.0
2011-03-03 00:00:00+09:00,3939.298956298828,4119.5283203125,3939.298956298828,4119.5283203125,1600,0.0,0.0
2011-03-04 00:00:00+09:00,4162.440295161033,4231.09910415338,4110.946188416773,4205.35205078125,1200,0.0,0.0
2011-03-07 00:00:00+09:00,4205.351621211173,4282.5927734375,4205.351621211173,4282.5927734375,1400,0.0,0.0
2011-03-08 00:00:00+09:00,4282.5927734375,4282.5927734375,4282.5927734375,4282.5927734375,0,0.0,0.0
2011-03-09 00:00:00+09:00,4282.5927734375,4282.5927734375,4282.5927734375,4282.5927734375,1400,0.0,0.0
2011-03-10 00:00:00+09:00,4492.86012970267,4492.86012970267,4291.174908980583,4419.91015625,1400,0.0,0.0
2011-03-11 00:00:00+09:00,4248.263671875,4248.263671875,4248.263671875,4248.263671875,1400,0.0,0.0
2011-03-14 00:00:00+09:00,4248.263671875,4248.263671875,4248.263671875,4248.263671875,0,0.0,0.0
2011-03-15 00:00:00+09:00,3862.0577298677886,3862.0577298677886,3347.11669921875,3347.11669921875,5400,0.0,0.0
2011-03-16 00:00:00+09:00,3282.7495896672626,3561.676025390625,3282.7495896672626,3561.676025390625,2600,0.0,0.0
2011-03-17 00:00:00+09:00,3462.9786344202553,3518.763916015625,3450.105107898247,3518.763916015625,1400,0.0,0.0
2011-03-18 00:00:00+09:00,3565.9669973881287,3733.3228492511093,3561.6758216993344,3626.04345703125,3000,0.0,0.0
2011-03-22 00:00:00+09:00,3870.6406390251,4162.440598508145,3870.6406390251,4033.705322265625,2200,0.0,0.0
2011-03-23 00:00:00+09:00,4059.4519531250003,4248.263671875,4033.704900568182,4248.263671875,2800,0.0,0.0
2011-03-24 00:00:00+09:00,4248.2631598907765,4419.91015625,4248.2631598907765,4419.91015625,2600,0.0,0.0
2011-03-25 00:00:00+09:00,4548.646016861399,4634.469526613501,4338.37841796875,4338.37841796875,2000,0.0,0.0
2011-03-28 00:00:00+09:00,4467.113479980469,4467.113479980469,4291.17529296875,4291.17529296875,1000,0.0,0.0
2011-03-29 00:00:00+09:00,4291.17529296875,4291.17529296875,4119.52828125,4291.17529296875,1200,0.0,0.0
2011-03-30 00:00:00+09:00,4419.910915261448,4419.910915261448,4291.175645884901,4334.08740234375,800,0.0,0.0
2011-03-31 00:00:00+09:00,4334.087045898437,4334.087045898437,4256.845890625,4291.17529296875,600,0.0,0.0
2011-04-01 00:00:00+09:00,4291.17529296875,4291.17529296875,4291.17529296875,4291.17529296875,200,0.0,0.0
2011-04-04 00:00:00+09:00,4205.351917613637,4248.263671875,4205.351917613637,4248.263671875,600,0.0,0.0
2011-04-05 00:00:00+09:00,4183.896300070288,4183.896300070288,4149.56689453125,4149.56689453125,800,0.0,0.0
2011-04-06 00:00:00+09:00,4140.984417350925,4205.35205078125,3947.8815170599487,4205.35205078125,2200,0.0,0.0
2011-04-07 00:00:00+09:00,4076.61739388692,4162.44091796875,4076.61739388692,4162.44091796875,400,0.0,0.0
2011-04-08 00:00:00+09:00,4205.35205078125,4205.35205078125,4205.35205078125,4205.35205078125,200,0.0,0.0
2011-04-11 00:00:00+09:00,4248.263918810158,4248.263918810158,4123.81982421875,4123.81982421875,400,0.0,0.0
2011-04-12 00:00:00+09:00,4119.528365384615,4183.89599609375,4119.528365384615,4183.89599609375,400,0.0,0.0
2011-04-13 00:00:00+09:00,4209.64404296875,4209.64404296875,4209.64404296875,4209.64404296875,200,0.0,0.0
2011-04-14 00:00:00+09:00,4291.17529296875,4291.17529296875,4291.17529296875,4291.17529296875,200,0.0,0.0
2011-04-15 00:00:00+09:00,4205.352067618534,4239.681472252155,4205.352067618534,4231.09912109375,1000,0.0,0.0
2011-04-18 00:00:00+09:00,4269.719248066445,4282.5927734375,4269.719248066445,4282.5927734375,600,0.0,0.0
2011-04-19 00:00:00+09:00,4226.808113376139,4248.263992124241,4226.808113376139,4239.681640625,800,0.0,0.0
2011-04-20 00:00:00+09:00,4274.0104231901305,4282.5927734375,4248.263372448021,4282.5927734375,800,0.0,0.0
2011-04-21 00:00:00+09:00,4411.327806432038,4419.91015625,4411.327806432038,4419.91015625,1200,0.0,0.0
2011-04-22 00:00:00+09:00,4419.910551757813,4419.910551757813,4291.17529296875,4291.17529296875,1800,0.0,0.0
2011-04-25 00:00:00+09:00,4462.822619047619,4505.734375,4462.822619047619,4505.734375,1600,0.0,0.0
2011-04-26 00:00:00+09:00,4518.64501953125,4518.64501953125,4518.64501953125,4518.64501953125,200,15.0,0.0
2011-04-27 00:00:00+09:00,4604.715224519782,4690.78466796875,4604.715224519782,4690.78466796875,2000,0.0,0.0
2011-04-28 00:00:00+09:00,4819.88828125,5164.166015625,4819.88828125,5164.166015625,3400,0.0,0.0
2011-05-02 00:00:00+09:00,5164.166015625,5164.166015625,5164.166015625,5164.166015625,0,0.0,0.0
2011-05-06 00:00:00+09:00,5185.68310546875,5185.68310546875,5185.68310546875,5185.68310546875,0,0.0,0.0
2011-05-09 00:00:00+09:00,5185.68310546875,5185.68310546875,5185.68310546875,5185.68310546875,0,0.0,0.0
2011-05-10 00:00:00+09:00,4948.99178564021,4948.99178564021,4862.92236328125,4862.92236328125,400,0.0,0.0
2011-05-11 00:00:00+09:00,5250.23486328125,5250.23486328125,5250.23486328125,5250.23486328125,400,0.0,0.0
2011-05-12 00:00:00+09:00,5207.2001953125,5207.2001953125,5207.2001953125,5207.2001953125,800,0.0,0.0
2011-05-13 00:00:00+09:00,4905.956947063578,4992.0263671875,4905.956947063578,4992.0263671875,600,0.0,0.0
2011-05-16 00:00:00+09:00,5116.8271592401825,5116.8271592401825,4862.92236328125,4862.92236328125,600,0.0,0.0
2011-05-17 00:00:00+09:00,4738.12130225929,4776.8525390625,4738.12130225929,4776.8525390625,400,0.0,0.0
2011-05-18 00:00:00+09:00,4819.88818359375,4819.88818359375,4819.88818359375,4819.88818359375,200,0.0,0.0
2011-05-19 00:00:00+09:00,4776.853209878796,4776.853209878796,4604.71435546875,4604.71435546875,600,0.0,0.0
2011-05-20 00:00:00+09:00,4733.818591889882,4733.818591889882,4518.64501953125,4518.64501953125,800,0.0,0.0
2011-05-23 00:00:00+09:00,4475.6103515625,4518.64506648137,4475.6103515625,4475.6103515625,1200,0.0,0.0
2011-05-24 00:00:00+09:00,4432.5751953125,4432.5751953125,4432.5751953125,4432.5751953125,400,0.0,0.0
2011-05-25 00:00:00+09:00,4307.774397543532,4350.809106809701,4307.774397543532,4324.98828125,1600,0.0,0.0
2011-05-26 00:00:00+09:00,4389.541015625,4389.541015625,4389.541015625,4389.541015625,600,0.0,0.0
2011-05-27 00:00:00+09:00,4389.541015625,4389.541015625,4389.541015625,4389.541015625,600,0.0,0.0
2011-05-30 00:00:00+09:00,4389.541015625,4389.541015625,4389.541015625,4389.541015625,0,0.0,0.0
2011-05-31 00:00:00+09:00,4389.541015625,4389.541015625,4389.541015625,4389.541015625,0,0.0,0.0
2011-06-01 00:00:00+09:00,4488.52099609375,4488.52099609375,4488.52099609375,4488.52099609375,400,0.0,0.0
2011-06-02 00:00:00+09:00,4359.4169921875,4359.4169921875,4359.4169921875,4359.4169921875,200,0.0,0.0
2011-06-03 00:00:00+09:00,4359.4169921875,4359.4169921875,4359.4169921875,4359.4169921875,200,0.0,0.0
2011-06-06 00:00:00+09:00,4389.541015625,4389.541015625,4389.541015625,4389.541015625,200,0.0,0.0
2011-06-07 00:00:00+09:00,4432.5751953125,4432.5751953125,4432.5751953125,4432.5751953125,200,0.0,0.0
2011-06-08 00:00:00+09:00,4432.5751953125,4432.5751953125,4432.5751953125,4432.5751953125,200,0.0,0.0
2011-06-09 00:00:00+09:00,4510.03857421875,4510.03857421875,4510.03857421875,4510.03857421875,200,0.0,0.0
2011-06-10 00:00:00+09:00,4510.03857421875,4510.03857421875,4510.03857421875,4510.03857421875,200,0.0,0.0
2011-06-13 00:00:00+09:00,4294.864431762695,4294.864431762695,4131.33251953125,4131.33251953125,600,0.0,0.0
2011-06-14 00:00:00+09:00,4131.33308531746,4131.33308531746,3959.194206762566,4066.781005859375,1200,0.0,0.0
2011-06-15 00:00:00+09:00,4066.77955919631,4066.77955919631,4019.4413844331784,4045.26220703125,1000,0.0,0.0
2011-06-16 00:00:00+09:00,3959.193513859463,3959.193513859463,3808.572021484375,3808.572021484375,1200,0.0,0.0
2011-06-17 00:00:00+09:00,3744.020216508345,3808.5722892067647,3744.020216508345,3787.054931640625,1200,0.0,0.0
2011-06-20 00:00:00+09:00,3851.6068962545955,3851.6068962545955,3657.95068359375,3657.95068359375,600,0.0,0.0
2011-06-21 00:00:00+09:00,3657.95068359375,3657.95068359375,3657.95068359375,3657.95068359375,600,0.0,0.0
2011-06-22 00:00:00+09:00,3787.0543619791665,3873.123779296875,3787.0543619791665,3873.123779296875,600,0.0,0.0
2011-06-23 00:00:00+09:00,3830.0896467729044,3830.0896467729044,3787.054931640625,3787.054931640625,1200,0.0,0.0
2011-06-24 00:00:00+09:00,3791.35791015625,3791.35791015625,3791.35791015625,3791.35791015625,400,0.0,0.0
2011-06-27 00:00:00+09:00,3791.35791015625,3791.35791015625,3791.35791015625,3791.35791015625,200,0.0,0.0
2011-06-28 00:00:00+09:00,3791.35791015625,3791.35791015625,3791.35791015625,3791.35791015625,200,0.0,0.0
2011-06-29 00:00:00+09:00,3808.572021484375,3808.572021484375,3808.572021484375,3808.572021484375,200,0.0,0.0
2011-06-30 00:00:00+09:00,3808.572021484375,3808.572021484375,3808.572021484375,3808.572021484375,200,0.0,0.0
2011-07-01 00:00:00+09:00,3808.572021484375,3808.572021484375,3808.572021484375,3808.572021484375,200,0.0,0.0
2011-07-04 00:00:00+09:00,3808.572021484375,3808.572021484375,3808.572021484375,3808.572021484375,200,0.0,0.0
2011-07-05 00:00:00+09:00,3868.82080078125,3868.82080078125,3868.82080078125,3868.82080078125,200,0.0,0.0
2011-07-06 00:00:00+09:00,3873.123779296875,3916.158487955729,3873.123779296875,3873.123779296875,800,0.0,0.0
2011-07-07 00:00:00+09:00,3873.123779296875,3873.123779296875,3873.123779296875,3873.123779296875,1800,0.0,0.0
2011-07-08 00:00:00+09:00,3873.1242174636386,4002.22835804576,3873.1242174636386,3920.46240234375,1200,0.0,0.0
2011-07-11 00:00:00+09:00,3920.46240234375,3920.46240234375,3920.46240234375,3920.46240234375,600,0.0,0.0
2011-07-12 00:00:00+09:00,3886.033962249756,3911.8547859191895,3851.6061973571777,3855.90966796875,1200,0.0,0.0
2011-07-13 00:00:00+09:00,3808.571491241455,3855.90966796875,3787.0541381835938,3855.90966796875,1800,0.0,0.0
2011-07-14 00:00:00+09:00,3855.90966796875,3855.90966796875,3808.571491241455,3855.90966796875,1000,0.0,0.0
2011-07-15 00:00:00+09:00,3855.90966796875,3855.90966796875,3808.571491241455,3855.90966796875,1000,0.0,0.0
2011-07-19 00:00:00+09:00,3937.6758422851562,3937.6758422851562,3873.123779296875,3873.123779296875,600,0.0,0.0
2011-07-20 00:00:00+09:00,3873.124262971698,3877.427734375,3873.124262971698,3877.427734375,800,0.0,0.0
2011-07-21 00:00:00+09:00,3808.572021484375,3808.572021484375,3808.572021484375,3808.572021484375,200,0.0,0.0
2011-07-22 00:00:00+09:00,3808.572021484375,3808.572021484375,3808.572021484375,3808.572021484375,1200,0.0,0.0
2011-07-25 00:00:00+09:00,3808.571793970807,3808.571793970807,3791.35791015625,3791.35791015625,400,0.0,0.0
2011-07-26 00:00:00+09:00,3787.054931640625,3787.054931640625,3787.054931640625,3787.054931640625,200,0.0,0.0
2011-07-27 00:00:00+09:00,3787.0544769567086,3787.0544769567086,3752.626708984375,3752.626708984375,1200,0.0,0.0
2011-07-28 00:00:00+09:00,3748.323486328125,3748.323486328125,3748.323486328125,3748.323486328125,1000,0.0,0.0
2011-07-29 00:00:00+09:00,3705.2887735114987,3748.323486328125,3705.2887735114987,3748.323486328125,600,0.0,0.0
2011-08-01 00:00:00+09:00,3748.3234773790987,3756.930419921875,3688.074879579664,3756.930419921875,800,0.0,0.0
2011-08-02 00:00:00+09:00,3744.019775390625,3744.019775390625,3744.019775390625,3744.019775390625,200,0.0,0.0
2011-08-03 00:00:00+09:00,3679.468031332526,3679.468031332526,3666.5576171875,3666.5576171875,400,0.0,0.0
2011-08-04 00:00:00+09:00,3666.5576171875,3666.5576171875,3666.5576171875,3666.5576171875,400,0.0,0.0
2011-08-05 00:00:00+09:00,3662.254150390625,3662.254150390625,3662.254150390625,3662.254150390625,1600,0.0,0.0
2011-08-08 00:00:00+09:00,3653.64697265625,3653.64697265625,3653.64697265625,3653.64697265625,1400,0.0,0.0
2011-08-09 00:00:00+09:00,3330.887080078125,3485.812060546875,3330.887080078125,3442.77734375,800,0.0,0.0
2011-08-10 00:00:00+09:00,3386.8322119140626,3442.77734375,3386.8322119140626,3442.77734375,1000,0.0,0.0
2011-08-11 00:00:00+09:00,3442.77734375,3442.77734375,3442.77734375,3442.77734375,1000,0.0,0.0
2011-08-12 00:00:00+09:00,3507.3291015625,3507.3291015625,3507.3291015625,3507.3291015625,200,0.0,0.0
2011-08-15 00:00:00+09:00,3571.881103515625,3571.881103515625,3571.881103515625,3571.881103515625,200,0.0,0.0
2011-08-16 00:00:00+09:00,3571.881103515625,3571.881103515625,3571.881103515625,3571.881103515625,200,0.0,0.0
2011-08-17 00:00:00+09:00,3571.881103515625,3571.881103515625,3571.881103515625,3571.881103515625,200,0.0,0.0
2011-08-18 00:00:00+09:00,3571.881103515625,3571.881103515625,3571.881103515625,3571.881103515625,200,0.0,0.0
2011-08-19 00:00:00+09:00,3507.3290615637325,3546.060302734375,3507.3290615637325,3546.060302734375,400,0.0,0.0
2011-08-22 00:00:00+09:00,3352.404354170062,3356.7078257415255,3300.7626953125,3300.7626953125,1200,0.0,0.0
2011-08-23 00:00:00+09:00,3365.314453125,3365.314453125,3365.314453125,3365.314453125,200,0.0,0.0
2011-08-24 00:00:00+09:00,3365.314453125,3365.314453125,3365.314453125,3365.314453125,400,0.0,0.0
2011-08-25 00:00:00+09:00,3365.314453125,3365.314453125,3365.314453125,3365.314453125,400,0.0,0.0
2011-08-26 00:00:00+09:00,3365.314453125,3365.314453125,3365.314453125,3365.314453125,400,0.0,0.0
2011-08-29 00:00:00+09:00,3365.314453125,3365.314453125,3365.314453125,3365.314453125,0,0.0,0.0
2011-08-30 00:00:00+09:00,3361.0109819573213,3365.314453125,3361.0109819573213,3365.314453125,400,0.0,0.0
2011-08-31 00:00:00+09:00,3365.314453125,3365.314453125,3365.314453125,3365.314453125,400,0.0,0.0
2011-09-01 00:00:00+09:00,3356.7074977607485,3399.742209270502,3356.7074977607485,3378.224853515625,1000,0.0,0.0
2011-09-02 00:00:00+09:00,3399.742431640625,3399.742431640625,3399.742431640625,3399.742431640625,400,0.0,0.0
2011-09-05 00:00:00+09:00,3343.797119140625,3343.797119140625,3343.797119140625,3343.797119140625,200,0.0,0.0
2011-09-06 00:00:00+09:00,3343.797119140625,3343.797119140625,3343.797119140625,3343.797119140625,200,0.0,0.0
2011-09-07 00:00:00+09:00,3356.7074977607485,3378.224853515625,3356.7074977607485,3378.224853515625,400,0.0,0.0
2011-09-08 00:00:00+09:00,3378.224853515625,3378.224853515625,3378.224853515625,3378.224853515625,200,0.0,0.0
2011-09-09 00:00:00+09:00,3442.77734375,3442.77734375,3442.77734375,3442.77734375,200,0.0,0.0
2011-09-12 00:00:00+09:00,3313.6728515625,3313.6728515625,3313.6728515625,3313.6728515625,200,0.0,0.0
2011-09-13 00:00:00+09:00,3313.6731196384803,3313.6731196384803,3292.15576171875,3292.15576171875,1000,0.0,0.0
2011-09-14 00:00:00+09:00,3292.15576171875,3292.15576171875,3292.15576171875,3292.15576171875,1000,0.0,0.0
2011-09-15 00:00:00+09:00,3343.797119140625,3343.797119140625,3343.797119140625,3343.797119140625,200,0.0,0.0
2011-09-16 00:00:00+09:00,3356.70751953125,3356.70751953125,3356.70751953125,3356.70751953125,400,0.0,0.0
2011-09-20 00:00:00+09:00,3395.439030997984,3395.439030997984,3335.1904296875,3335.1904296875,600,0.0,0.0
2011-09-21 00:00:00+09:00,3335.1904296875,3335.1904296875,3335.1904296875,3335.1904296875,600,0.0,0.0
2011-09-22 00:00:00+09:00,3335.1904296875,3335.1904296875,3335.1904296875,3335.1904296875,600,0.0,0.0
2011-09-26 00:00:00+09:00,3270.63818359375,3270.63818359375,3270.63818359375,3270.63818359375,200,0.0,0.0
2011-09-27 00:00:00+09:00,3227.603515625,3227.603515625,3227.603515625,3227.603515625,200,0.0,0.0
2011-09-28 00:00:00+09:00,3206.085693359375,3206.085693359375,3206.085693359375,3206.085693359375,200,0.0,0.0
2011-09-29 00:00:00+09:00,3206.085693359375,3206.085693359375,3206.085693359375,3206.085693359375,200,0.0,0.0
2011-09-30 00:00:00+09:00,3206.085693359375,3206.085693359375,3206.085693359375,3206.085693359375,200,0.0,0.0
2011-10-03 00:00:00+09:00,3206.085693359375,3206.085693359375,3206.085693359375,3206.085693359375,200,0.0,0.0
2011-10-04 00:00:00+09:00,3120.0169179137324,3120.0169179137324,3021.037070862676,3055.46484375,1000,0.0,0.0
2011-10-05 00:00:00+09:00,3016.733158482143,3016.733158482143,3012.4296875,3012.4296875,600,0.0,0.0
2011-10-06 00:00:00+09:00,3012.4296875,3012.4296875,3012.4296875,3012.4296875,400,0.0,0.0
2011-10-07 00:00:00+09:00,3012.4296875,3012.4296875,3012.4296875,3012.4296875,400,0.0,0.0
2011-10-11 00:00:00+09:00,3012.4296875,3012.4296875,3012.4296875,3012.4296875,400,0.0,0.0
2011-10-12 00:00:00+09:00,3012.4296875,3012.4296875,3012.4296875,3012.4296875,200,0.0,0.0
2011-10-13 00:00:00+09:00,3055.46484375,3055.46484375,3055.46484375,3055.46484375,200,0.0,0.0
2011-10-14 00:00:00+09:00,3055.4640199829932,3163.05078125,3055.4640199829932,3163.05078125,600,0.0,0.0
2011-10-17 00:00:00+09:00,3378.224853515625,3378.224853515625,3378.224853515625,3378.224853515625,800,0.0,0.0
2011-10-18 00:00:00+09:00,3378.224853515625,3378.224853515625,3378.224853515625,3378.224853515625,0,0.0,0.0
2011-10-19 00:00:00+09:00,3378.2252685546873,3442.77734375,3378.2252685546873,3442.77734375,400,0.0,0.0
2011-10-20 00:00:00+09:00,3434.170166015625,3434.170166015625,3434.170166015625,3434.170166015625,400,0.0,0.0
2011-10-21 00:00:00+09:00,3421.260009765625,3421.260009765625,3421.260009765625,3421.260009765625,200,0.0,0.0
2011-10-24 00:00:00+09:00,3421.260009765625,3421.260009765625,3421.260009765625,3421.260009765625,200,0.0,0.0
2011-10-25 00:00:00+09:00,3421.260009765625,3421.260009765625,3421.260009765625,3421.260009765625,200,0.0,0.0
2011-10-26 00:00:00+09:00,3442.77734375,3442.77734375,3442.77734375,3442.77734375,200,0.0,0.0
2011-10-27 00:00:00+09:00,3442.77734375,3442.77734375,3442.77734375,3442.77734375,200,0.0,0.0
2011-10-28 00:00:00+09:00,3442.77734375,3442.77734375,3442.77734375,3442.77734375,200,0.0,0.0
2011-10-31 00:00:00+09:00,3442.77734375,3442.77734375,3442.77734375,3442.77734375,200,0.0,0.0
2011-11-01 00:00:00+09:00,3442.77734375,3442.77734375,3442.77734375,3442.77734375,200,0.0,0.0
2011-11-02 00:00:00+09:00,3442.77734375,3442.77734375,3442.77734375,3442.77734375,200,0.0,0.0
2011-11-04 00:00:00+09:00,3442.77734375,3442.77734375,3442.77734375,3442.77734375,200,0.0,0.0
2011-11-07 00:00:00+09:00,3442.77734375,3442.77734375,3442.77734375,3442.77734375,200,0.0,0.0
2011-11-08 00:00:00+09:00,3442.77734375,3442.77734375,3442.77734375,3442.77734375,200,0.0,0.0
2011-11-09 00:00:00+09:00,3313.6728515625,3313.6728515625,3313.6728515625,3313.6728515625,200,0.0,0.0
2011-11-10 00:00:00+09:00,3270.63818359375,3270.63818359375,3270.63818359375,3270.63818359375,200,0.0,0.0
2011-11-11 00:00:00+09:00,3227.603515625,3227.603515625,3227.603515625,3227.603515625,200,0.0,0.0
2011-11-14 00:00:00+09:00,3227.603515625,3227.603515625,3227.603515625,3227.603515625,200,0.0,0.0
2011-11-15 00:00:00+09:00,3395.438720703125,3395.438720703125,3395.438720703125,3395.438720703125,400,0.0,0.0
2011-11-16 00:00:00+09:00,3395.438720703125,3395.438720703125,3395.438720703125,3395.438720703125,400,0.0,0.0
2011-11-17 00:00:00+09:00,3395.438720703125,3395.438720703125,3395.438720703125,3395.438720703125,400,0.0,0.0
2011-11-18 00:00:00+09:00,3266.3348853326615,3335.1904296875,3266.3348853326615,3335.1904296875,1200,0.0,0.0
2011-11-21 00:00:00+09:00,3395.438720703125,3395.438720703125,3395.438720703125,3395.438720703125,200,0.0,0.0
2011-11-22 00:00:00+09:00,3395.438720703125,3395.438720703125,3395.438720703125,3395.438720703125,0,0.0,0.0
2011-11-24 00:00:00+09:00,3395.438720703125,3395.438720703125,3395.438720703125,3395.438720703125,200,0.0,0.0
2011-11-25 00:00:00+09:00,3395.438720703125,3395.438720703125,3395.438720703125,3395.438720703125,200,0.0,0.0
2011-11-28 00:00:00+09:00,3395.438720703125,3395.438720703125,3395.438720703125,3395.438720703125,200,0.0,0.0
2011-11-29 00:00:00+09:00,3266.334716796875,3266.334716796875,3266.334716796875,3266.334716796875,200,0.0,0.0
2011-11-30 00:00:00+09:00,3266.334716796875,3266.334716796875,3266.334716796875,3266.334716796875,200,0.0,0.0
2011-12-01 00:00:00+09:00,3201.7826428865133,3270.63818359375,3201.7826428865133,3270.63818359375,400,0.0,0.0
2011-12-02 00:00:00+09:00,3391.13525390625,3391.13525390625,3391.13525390625,3391.13525390625,200,0.0,0.0
2011-12-05 00:00:00+09:00,3326.583186890268,3391.13525390625,3326.583186890268,3391.13525390625,400,0.0,0.0
2011-12-06 00:00:00+09:00,3391.135461241756,3425.563232421875,3361.0111614591515,3425.563232421875,600,0.0,0.0
2011-12-07 00:00:00+09:00,3313.6727862509956,3378.224853515625,3313.6727862509956,3378.224853515625,600,0.0,0.0
2011-12-08 00:00:00+09:00,3378.224875425681,3378.224875425681,3356.70751953125,3356.70751953125,400,0.0,0.0
2011-12-09 00:00:00+09:00,3485.8115234375,3485.8115234375,3485.8115234375,3485.8115234375,200,0.0,0.0
2011-12-12 00:00:00+09:00,3485.8115234375,3485.8115234375,3485.8115234375,3485.8115234375,200,0.0,0.0
2011-12-13 00:00:00+09:00,3442.77734375,3442.77734375,3442.77734375,3442.77734375,200,0.0,0.0
2011-12-14 00:00:00+09:00,3399.7423177511087,3399.7423177511087,3274.941650390625,3274.941650390625,400,0.0,0.0
2011-12-15 00:00:00+09:00,3274.9417005208334,3274.9417005208334,3227.603515625,3227.603515625,400,0.0,0.0
2011-12-16 00:00:00+09:00,3274.9417005208334,3274.9417005208334,3227.603515625,3227.603515625,400,0.0,0.0
2011-12-19 00:00:00+09:00,3227.603470651727,3270.63818359375,3227.603470651727,3270.63818359375,600,0.0,0.0
2011-12-20 00:00:00+09:00,3330.88671875,3330.88671875,3330.88671875,3330.88671875,400,0.0,0.0
2011-12-21 00:00:00+09:00,3330.88671875,3330.88671875,3330.88671875,3330.88671875,400,0.0,0.0
2011-12-22 00:00:00+09:00,3330.88671875,3330.88671875,3330.88671875,3330.88671875,400,0.0,0.0
2011-12-26 00:00:00+09:00,3330.88671875,3330.88671875,3330.88671875,3330.88671875,0,0.0,0.0
2011-12-27 00:00:00+09:00,3459.99072265625,3459.99072265625,3459.99072265625,3459.99072265625,400,0.0,0.0
2011-12-28 00:00:00+09:00,3459.99072265625,3459.99072265625,3459.99072265625,3459.99072265625,400,0.0,0.0
2011-12-29 00:00:00+09:00,3459.99072265625,3459.99072265625,3459.99072265625,3459.99072265625,400,0.0,0.0
2011-12-30 00:00:00+09:00,3477.204833984375,3477.204833984375,3477.204833984375,3477.204833984375,200,0.0,0.0
2012-01-04 00:00:00+09:00,3477.204833984375,3477.204833984375,3477.204833984375,3477.204833984375,200,0.0,0.0
2012-01-05 00:00:00+09:00,3442.77734375,3442.77734375,3442.77734375,3442.77734375,200,0.0,0.0
2012-01-06 00:00:00+09:00,3442.77734375,3442.77734375,3442.77734375,3442.77734375,200,0.0,0.0
2012-01-10 00:00:00+09:00,3442.77734375,3442.77734375,3442.77734375,3442.77734375,200,0.0,0.0
2012-01-11 00:00:00+09:00,3442.77734375,3442.77734375,3442.77734375,3442.77734375,200,0.0,0.0
2012-01-12 00:00:00+09:00,3507.3294189453127,3507.3294189453127,3442.77734375,3442.77734375,400,0.0,0.0
2012-01-13 00:00:00+09:00,3442.77734375,3442.77734375,3442.77734375,3442.77734375,400,0.0,0.0
2012-01-16 00:00:00+09:00,3442.77734375,3442.77734375,3442.77734375,3442.77734375,600,0.0,0.0
2012-01-17 00:00:00+09:00,3442.777032208589,3507.3291015625,3442.777032208589,3507.3291015625,400,0.0,0.0
2012-01-18 00:00:00+09:00,3507.3291015625,3507.3291015625,3507.3291015625,3507.3291015625,400,0.0,0.0
2012-01-19 00:00:00+09:00,3735.413296875,3765.5375976562505,3735.413296875,3765.53759765625,400,0.0,0.0
2012-01-20 00:00:00+09:00,3890.33837890625,3890.33837890625,3890.33837890625,3890.33837890625,200,0.0,0.0
2012-01-23 00:00:00+09:00,3890.33837890625,3890.33837890625,3890.33837890625,3890.33837890625,200,0.0,0.0
2012-01-24 00:00:00+09:00,3890.33837890625,3890.33837890625,3890.33837890625,3890.33837890625,200,0.0,0.0
2012-01-25 00:00:00+09:00,3890.33837890625,3890.33837890625,3890.33837890625,3890.33837890625,200,0.0,0.0
2012-01-26 00:00:00+09:00,3744.019775390625,3744.019775390625,3744.019775390625,3744.019775390625,200,0.0,0.0
2012-01-27 00:00:00+09:00,3744.019775390625,3744.019775390625,3744.019775390625,3744.019775390625,200,0.0,0.0
2012-01-30 00:00:00+09:00,3744.019775390625,3744.019775390625,3744.019775390625,3744.019775390625,200,0.0,0.0
2012-01-31 00:00:00+09:00,3722.50244140625,3722.50244140625,3722.50244140625,3722.50244140625,200,0.0,0.0
2012-02-01 00:00:00+09:00,3722.50244140625,3722.50244140625,3722.50244140625,3722.50244140625,200,0.0,0.0
2012-02-02 00:00:00+09:00,3722.50244140625,3722.50244140625,3722.50244140625,3722.50244140625,200,0.0,0.0
2012-02-03 00:00:00+09:00,3722.50244140625,3722.50244140625,3722.50244140625,3722.50244140625,200,0.0,0.0
2012-02-06 00:00:00+09:00,3571.881103515625,3571.881103515625,3571.881103515625,3571.881103515625,200,0.0,0.0
2012-02-07 00:00:00+09:00,3571.881103515625,3571.881103515625,3571.881103515625,3571.881103515625,600,0.0,0.0
2012-02-08 00:00:00+09:00,3378.224440920914,3567.5771484375,3378.224440920914,3567.5771484375,600,0.0,0.0
2012-02-09 00:00:00+09:00,3571.881103515625,3571.881103515625,3571.881103515625,3571.881103515625,400,0.0,0.0
2012-02-10 00:00:00+09:00,3571.881103515625,3571.881103515625,3571.881103515625,3571.881103515625,400,0.0,0.0
2012-02-13 00:00:00+09:00,3571.881103515625,3571.881103515625,3571.881103515625,3571.881103515625,400,0.0,0.0
2012-02-14 00:00:00+09:00,3576.1847271369484,3657.95068359375,3576.1847271369484,3657.95068359375,800,0.0,0.0
2012-02-15 00:00:00+09:00,3787.054931640625,3787.054931640625,3787.054931640625,3787.054931640625,200,0.0,0.0
2012-02-16 00:00:00+09:00,3787.054931640625,3787.054931640625,3787.054931640625,3787.054931640625,200,0.0,0.0
2012-02-17 00:00:00+09:00,3787.0543619791665,3873.123779296875,3787.0543619791665,3873.123779296875,600,0.0,0.0
2012-02-20 00:00:00+09:00,3911.8559519338087,3916.1594238281255,3834.3934578361095,3916.159423828125,1200,0.0,0.0
2012-02-21 00:00:00+09:00,3916.1594238281255,3916.1594238281255,3916.1594238281255,3916.159423828125,1200,0.0,0.0
2012-02-22 00:00:00+09:00,3873.123779296875,3873.123779296875,3873.123779296875,3873.123779296875,400,0.0,0.0
2012-02-23 00:00:00+09:00,3873.123779296875,3873.123779296875,3873.123779296875,3873.123779296875,400,0.0,0.0
2012-02-24 00:00:00+09:00,3873.124010459925,3886.034423828125,3821.482356987126,3886.034423828125,1200,0.0,0.0
2012-02-27 00:00:00+09:00,3963.4975186482443,4002.228764758813,3963.4975186482443,3997.92529296875,800,0.0,0.0
2012-02-28 00:00:00+09:00,3997.92529296875,3997.92529296875,3997.92529296875,3997.92529296875,800,0.0,0.0
2012-02-29 00:00:00+09:00,3959.193196614583,3959.193196614583,3834.392541503906,3873.123779296875,600,0.0,0.0
2012-03-01 00:00:00+09:00,3765.5375976562505,3765.5375976562505,3765.5375976562505,3765.53759765625,200,0.0,0.0
2012-03-02 00:00:00+09:00,3765.5375976562505,3765.5375976562505,3765.5375976562505,3765.53759765625,200,0.0,0.0
2012-03-05 00:00:00+09:00,3787.054931640625,3787.054931640625,3787.054931640625,3787.054931640625,400,0.0,0.0
2012-03-06 00:00:00+09:00,3787.054931640625,3787.054931640625,3787.054931640625,3787.054931640625,0,0.0,0.0
2012-03-07 00:00:00+09:00,3804.268798828125,3804.268798828125,3804.268798828125,3804.268798828125,200,0.0,0.0
2012-03-08 00:00:00+09:00,3804.268798828125,3804.268798828125,3804.268798828125,3804.268798828125,0,0.0,0.0
2012-03-09 00:00:00+09:00,3791.35791015625,3791.35791015625,3791.35791015625,3791.35791015625,200,0.0,0.0
2012-03-12 00:00:00+09:00,3791.35791015625,3791.35791015625,3791.35791015625,3791.35791015625,0,0.0,0.0
2012-03-13 00:00:00+09:00,3602.005615234375,3602.005615234375,3602.005615234375,3602.005615234375,800,0.0,0.0
2012-03-14 00:00:00+09:00,3636.432805621999,3696.681396484375,3636.432805621999,3696.681396484375,400,0.0,0.0
2012-03-15 00:00:00+09:00,3774.1445407366073,3774.1445407366073,3765.5375976562505,3765.53759765625,800,0.0,0.0
2012-03-16 00:00:00+09:00,3825.78612814914,3830.0895996093755,3825.78612814914,3830.089599609375,400,0.0,0.0
2012-03-19 00:00:00+09:00,3830.0893379911213,3847.30322265625,3787.0546263283,3847.30322265625,1000,0.0,0.0
2012-03-21 00:00:00+09:00,3873.123779296875,3873.123779296875,3873.123779296875,3873.123779296875,600,0.0,0.0
2012-03-22 00:00:00+09:00,3787.054931640625,3787.054931640625,3787.054931640625,3787.054931640625,600,0.0,0.0
2012-03-23 00:00:00+09:00,3782.751460127397,3787.054931640625,3782.751460127397,3787.054931640625,400,0.0,0.0
2012-03-26 00:00:00+09:00,3722.50244140625,3722.50244140625,3722.50244140625,3722.50244140625,200,0.0,0.0
2012-03-27 00:00:00+09:00,3722.50244140625,3722.50244140625,3722.50244140625,3722.50244140625,200,0.0,0.0
2012-03-28 00:00:00+09:00,3722.50244140625,3722.50244140625,3722.50244140625,3722.50244140625,200,0.0,0.0
2012-03-29 00:00:00+09:00,3787.054931640625,3787.054931640625,3787.054931640625,3787.054931640625,400,0.0,0.0
2012-03-30 00:00:00+09:00,3787.054931640625,3787.054931640625,3787.054931640625,3787.054931640625,200,0.0,0.0
2012-04-02 00:00:00+09:00,3851.606689453125,3851.606689453125,3851.606689453125,3851.606689453125,200,0.0,0.0
2012-04-03 00:00:00+09:00,3959.193196614583,4002.2279052734375,3847.302954101562,3873.123779296875,1600,0.0,0.0
2012-04-04 00:00:00+09:00,3855.91059602649,3898.9453125,3834.393237789735,3898.9453125,600,0.0,0.0
2012-04-05 00:00:00+09:00,3868.8213307116303,3868.8213307116303,3834.3935546875,3834.3935546875,600,0.0,0.0
2012-04-06 00:00:00+09:00,3834.3928487486755,3834.3928487486755,3808.572021484375,3808.572021484375,800,0.0,0.0
2012-04-09 00:00:00+09:00,3756.930419921875,3756.930419921875,3756.930419921875,3756.930419921875,600,0.0,0.0
2012-04-10 00:00:00+09:00,3756.930419921875,3756.930419921875,3756.930419921875,3756.930419921875,600,0.0,0.0
2012-04-11 00:00:00+09:00,3756.930419921875,3756.930419921875,3756.930419921875,3756.930419921875,600,0.0,0.0
2012-04-12 00:00:00+09:00,3700.9848672602593,3700.9848672602593,3696.681396484375,3696.681396484375,400,0.0,0.0
2012-04-13 00:00:00+09:00,3713.895751953125,3713.895751953125,3713.895751953125,3713.895751953125,200,0.0,0.0
2012-04-16 00:00:00+09:00,3692.378633287218,3718.199462890625,3683.7716900860823,3718.199462890625,1000,0.0,0.0
2012-04-17 00:00:00+09:00,3718.199462890625,3718.199462890625,3718.199462890625,3718.199462890625,1000,0.0,0.0
2012-04-18 00:00:00+09:00,3739.7165798925444,3739.7165798925444,3700.9853379834153,3713.895751953125,800,0.0,0.0
2012-04-19 00:00:00+09:00,3692.378173828125,3692.378173828125,3692.378173828125,3692.378173828125,200,0.0,0.0
2012-04-20 00:00:00+09:00,3692.378676672149,3700.9856199744154,3679.46826171875,3679.46826171875,3000,0.0,0.0
2012-04-23 00:00:00+09:00,3735.4130859375,3735.4130859375,3735.4130859375,3735.4130859375,200,0.0,0.0
2012-04-24 00:00:00+09:00,3679.468031332526,3679.468031332526,3666.5576171875,3666.5576171875,600,0.0,0.0
2012-04-25 00:00:00+09:00,3718.3814392089844,3718.3814392089844,3627.689208984375,3627.689208984375,800,15.0,0.0
2012-04-26 00:00:00+09:00,3627.689208984375,3627.689208984375,3627.689208984375,3627.689208984375,800,0.0,0.0
2012-04-27 00:00:00+09:00,3562.9099115267004,3619.052734375,3562.9099115267004,3619.052734375,400,0.0,0.0
2012-05-01 00:00:00+09:00,3627.689208984375,3627.689208984375,3627.689208984375,3627.689208984375,200,0.0,0.0
2012-05-02 00:00:00+09:00,3627.689208984375,3627.689208984375,3627.689208984375,3627.689208984375,200,0.0,0.0
2012-05-07 00:00:00+09:00,3619.05262124381,3619.05262124381,3541.3164074223437,3597.459228515625,600,0.0,0.0
2012-05-08 00:00:00+09:00,3597.459228515625,3597.459228515625,3597.459228515625,3597.459228515625,600,0.0,0.0
2012-05-09 00:00:00+09:00,3623.370849609375,3623.370849609375,3623.370849609375,3623.370849609375,400,0.0,0.0
2012-05-10 00:00:00+09:00,3627.689208984375,3627.689208984375,3627.689208984375,3627.689208984375,400,0.0,0.0
2012-05-11 00:00:00+09:00,3627.689208984375,3627.689208984375,3627.689208984375,3627.689208984375,400,0.0,0.0
2012-05-14 00:00:00+09:00,3627.689208984375,3627.689208984375,3627.689208984375,3627.689208984375,400,0.0,0.0
2012-05-15 00:00:00+09:00,3498.129150390625,3498.129150390625,3498.129150390625,3498.129150390625,200,0.0,0.0
2012-05-16 00:00:00+09:00,3411.756103515625,3411.756103515625,3411.756103515625,3411.756103515625,200,0.0,0.0
2012-05-17 00:00:00+09:00,3411.755627754407,3411.755627754407,3368.56884765625,3368.56884765625,600,0.0,0.0
2012-05-18 00:00:00+09:00,3282.1949585780203,3282.1949585780203,3217.414794921875,3217.414794921875,1000,0.0,0.0
2012-05-21 00:00:00+09:00,3316.7451171875,3316.7451171875,3316.7451171875,3316.7451171875,400,0.0,0.0
2012-05-22 00:00:00+09:00,3316.7451171875,3316.7451171875,3316.7451171875,3316.7451171875,400,0.0,0.0
2012-05-23 00:00:00+09:00,3316.7451171875,3316.7451171875,3316.7451171875,3316.7451171875,400,0.0,0.0
2012-05-24 00:00:00+09:00,3316.7451171875,3316.7451171875,3316.7451171875,3316.7451171875,400,0.0,0.0
2012-05-25 00:00:00+09:00,3316.7451171875,3316.7451171875,3316.7451171875,3316.7451171875,400,0.0,0.0
2012-05-28 00:00:00+09:00,3251.964579101563,3251.964579101563,3239.008544921875,3239.008544921875,600,0.0,0.0
2012-05-29 00:00:00+09:00,3239.008544921875,3239.008544921875,3239.008544921875,3239.008544921875,600,0.0,0.0
2012-05-30 00:00:00+09:00,3260.602294921875,3260.602294921875,3260.602294921875,3260.602294921875,200,0.0,0.0
2012-05-31 00:00:00+09:00,3260.602294921875,3260.602294921875,3260.602294921875,3260.602294921875,400,0.0,0.0
2012-06-01 00:00:00+09:00,3260.602294921875,3260.602294921875,3260.602294921875,3260.602294921875,400,0.0,0.0
2012-06-04 00:00:00+09:00,3260.602294921875,3260.602294921875,3260.602294921875,3260.602294921875,400,0.0,0.0
2012-06-05 00:00:00+09:00,3260.602294921875,3260.602294921875,3260.602294921875,3260.602294921875,400,0.0,0.0
2012-06-06 00:00:00+09:00,3251.9649378492345,3260.602294921875,3251.9649378492345,3260.602294921875,600,0.0,0.0
2012-06-07 00:00:00+09:00,3260.602294921875,3260.602294921875,3260.602294921875,3260.602294921875,600,0.0,0.0
2012-06-08 00:00:00+09:00,3239.008544921875,3239.008544921875,3239.008544921875,3239.008544921875,200,0.0,0.0
2012-06-11 00:00:00+09:00,3239.008544921875,3239.008544921875,3239.008544921875,3239.008544921875,200,0.0,0.0
2012-06-12 00:00:00+09:00,3239.008544921875,3239.008544921875,3239.008544921875,3239.008544921875,200,0.0,0.0
2012-06-13 00:00:00+09:00,3239.008544921875,3239.008544921875,3239.008544921875,3239.008544921875,200,0.0,0.0
2012-06-14 00:00:00+09:00,3239.008544921875,3239.008544921875,3239.008544921875,3239.008544921875,200,0.0,0.0
2012-06-15 00:00:00+09:00,3303.78857421875,3303.78857421875,3303.78857421875,3303.78857421875,200,0.0,0.0
2012-06-18 00:00:00+09:00,3346.975830078125,3346.975830078125,3346.975830078125,3346.975830078125,200,0.0,0.0
2012-06-19 00:00:00+09:00,3282.195184844771,3303.78857421875,3282.195184844771,3303.78857421875,1000,0.0,0.0
2012-06-20 00:00:00+09:00,3299.4697265625,3299.4697265625,3299.4697265625,3299.4697265625,400,0.0,0.0
2012-06-21 00:00:00+09:00,3299.4697265625,3299.4697265625,3299.4697265625,3299.4697265625,400,0.0,0.0
2012-06-22 00:00:00+09:00,3299.4697265625,3299.4697265625,3299.4697265625,3299.4697265625,400,0.0,0.0
2012-06-25 00:00:00+09:00,3239.008544921875,3239.008544921875,3239.008544921875,3239.008544921875,400,0.0,0.0
2012-06-26 00:00:00+09:00,3239.008544921875,3239.008544921875,3239.008544921875,3239.008544921875,400,0.0,0.0
2012-06-27 00:00:00+09:00,3239.008544921875,3239.008544921875,3239.008544921875,3239.008544921875,200,0.0,0.0
2012-06-28 00:00:00+09:00,3239.008544921875,3239.008544921875,3239.008544921875,3239.008544921875,200,0.0,0.0
2012-06-29 00:00:00+09:00,3239.008544921875,3239.008544921875,3239.008544921875,3239.008544921875,200,0.0,0.0
2012-07-02 00:00:00+09:00,3152.634521484375,3152.634521484375,3152.634521484375,3152.634521484375,800,0.0,0.0
2012-07-03 00:00:00+09:00,3152.634521484375,3152.634521484375,3152.634521484375,3152.634521484375,800,0.0,0.0
2012-07-04 00:00:00+09:00,3152.634521484375,3152.634521484375,3152.634521484375,3152.634521484375,800,0.0,0.0
2012-07-05 00:00:00+09:00,3239.0080700181934,3239.0080700181934,3152.634521484375,3152.634521484375,800,0.0,0.0
2012-07-06 00:00:00+09:00,3152.634521484375,3152.634521484375,3152.634521484375,3152.634521484375,800,0.0,0.0
2012-07-09 00:00:00+09:00,3044.66796875,3044.66796875,3044.66796875,3044.66796875,1000,0.0,0.0
2012-07-10 00:00:00+09:00,3031.7117771803087,3096.491943359375,3031.7117771803087,3096.491943359375,400,0.0,0.0
2012-07-11 00:00:00+09:00,3096.491943359375,3096.491943359375,3096.491943359375,3096.491943359375,400,0.0,0.0
2012-07-12 00:00:00+09:00,3023.075101573693,3023.075101573693,3014.437744140625,3014.437744140625,400,0.0,0.0
2012-07-13 00:00:00+09:00,3001.481226490162,3001.481226490162,2915.107666015625,2915.107666015625,800,0.0,0.0
2012-07-17 00:00:00+09:00,2945.338134765625,2949.6568123825837,2945.338134765625,2945.338134765625,1200,0.0,0.0
2012-07-18 00:00:00+09:00,2971.25048828125,2971.25048828125,2971.25048828125,2971.25048828125,200,0.0,0.0
2012-07-19 00:00:00+09:00,2971.25048828125,2971.25048828125,2971.25048828125,2971.25048828125,200,0.0,0.0
2012-07-20 00:00:00+09:00,3053.305419921875,3053.305419921875,3053.305419921875,3053.305419921875,400,0.0,0.0
2012-07-23 00:00:00+09:00,3053.305419921875,3053.305419921875,3053.305419921875,3053.305419921875,400,0.0,0.0
2012-07-24 00:00:00+09:00,3053.305419921875,3053.305419921875,3053.305419921875,3053.305419921875,400,0.0,0.0
2012-07-25 00:00:00+09:00,3053.305419921875,3053.305419921875,3053.305419921875,3053.305419921875,400,0.0,0.0
2012-07-26 00:00:00+09:00,3053.305419921875,3053.305419921875,3053.305419921875,3053.305419921875,400,0.0,0.0
2012-07-27 00:00:00+09:00,3247.645751953125,3247.645751953125,3247.645751953125,3247.645751953125,800,0.0,0.0
2012-07-30 00:00:00+09:00,3247.645751953125,3247.645751953125,3247.645751953125,3247.645751953125,800,0.0,0.0
2012-07-31 00:00:00+09:00,3239.008544921875,3239.008544921875,3239.008544921875,3239.008544921875,2200,0.0,0.0
2012-08-01 00:00:00+09:00,3174.22802734375,3174.22802734375,3174.22802734375,3174.22802734375,200,0.0,0.0
2012-08-02 00:00:00+09:00,3174.22802734375,3174.22802734375,3174.22802734375,3174.22802734375,200,0.0,0.0
2012-08-03 00:00:00+09:00,3174.22802734375,3174.22802734375,3174.22802734375,3174.22802734375,200,0.0,0.0
2012-08-06 00:00:00+09:00,3239.008191167092,3239.008191167092,3174.22802734375,3174.22802734375,1800,0.0,0.0
2012-08-07 00:00:00+09:00,3174.22802734375,3174.22802734375,3174.22802734375,3174.22802734375,1800,0.0,0.0
2012-08-08 00:00:00+09:00,3174.22802734375,3174.22802734375,3174.22802734375,3174.22802734375,1800,0.0,0.0
2012-08-09 00:00:00+09:00,3174.22802734375,3174.22802734375,3174.22802734375,3174.22802734375,1800,0.0,0.0
2012-08-10 00:00:00+09:00,3174.22802734375,3174.22802734375,3174.22802734375,3174.22802734375,1800,0.0,0.0
2012-08-13 00:00:00+09:00,3174.22802734375,3174.22802734375,3174.22802734375,3174.22802734375,1800,0.0,0.0
2012-08-14 00:00:00+09:00,3174.22802734375,3174.22802734375,3174.22802734375,3174.22802734375,1800,0.0,0.0
2012-08-15 00:00:00+09:00,3161.272216796875,3161.272216796875,3161.272216796875,3161.272216796875,400,0.0,0.0
2012-08-16 00:00:00+09:00,3161.272216796875,3161.272216796875,3161.272216796875,3161.272216796875,400,0.0,0.0
2012-08-17 00:00:00+09:00,3096.4922078450522,3109.4482421875,3096.4922078450522,3109.4482421875,400,0.0,0.0
2012-08-20 00:00:00+09:00,3109.4482421875,3109.4482421875,3109.4482421875,3109.4482421875,200,0.0,0.0
2012-08-21 00:00:00+09:00,3109.4482421875,3109.4482421875,3109.4482421875,3109.4482421875,200,0.0,0.0
2012-08-22 00:00:00+09:00,3109.4482421875,3109.4482421875,3109.4482421875,3109.4482421875,200,0.0,0.0
2012-08-23 00:00:00+09:00,3109.4482421875,3109.4482421875,3109.4482421875,3109.4482421875,200,0.0,0.0
2012-08-24 00:00:00+09:00,3109.4482421875,3109.4482421875,3109.4482421875,3109.4482421875,200,0.0,0.0
2012-08-27 00:00:00+09:00,3023.074462890625,3023.074462890625,3023.074462890625,3023.074462890625,200,0.0,0.0
2012-08-28 00:00:00+09:00,3023.074462890625,3023.074462890625,3023.074462890625,3023.074462890625,200,0.0,0.0
2012-08-29 00:00:00+09:00,3023.074462890625,3023.074462890625,3023.074462890625,3023.074462890625,200,0.0,0.0
2012-08-30 00:00:00+09:00,2958.294677734375,2958.294677734375,2958.294677734375,2958.294677734375,200,0.0,0.0
2012-08-31 00:00:00+09:00,2958.294677734375,2958.294677734375,2958.294677734375,2958.294677734375,200,0.0,0.0
2012-09-03 00:00:00+09:00,2915.107666015625,2915.107666015625,2915.107666015625,2915.107666015625,200,0.0,0.0
2012-09-04 00:00:00+09:00,2915.107666015625,2915.107666015625,2915.107666015625,2915.107666015625,200,0.0,0.0
2012-09-05 00:00:00+09:00,2837.3716169621393,2837.3716169621393,2807.140869140625,2807.140869140625,600,0.0,0.0
2012-09-06 00:00:00+09:00,2807.140869140625,2807.140869140625,2807.140869140625,2807.140869140625,600,0.0,0.0
2012-09-07 00:00:00+09:00,2599.844482421875,2599.844482421875,2599.844482421875,2599.844482421875,600,0.0,0.0
2012-09-10 00:00:00+09:00,2595.52587890625,2595.52587890625,2595.52587890625,2595.52587890625,1000,0.0,0.0
2012-09-11 00:00:00+09:00,2595.52587890625,2595.52587890625,2595.52587890625,2595.52587890625,1000,0.0,0.0
2012-09-12 00:00:00+09:00,2595.52587890625,2595.52587890625,2595.52587890625,2595.52587890625,1000,0.0,0.0
2012-09-13 00:00:00+09:00,2595.52587890625,2595.52587890625,2595.52587890625,2595.52587890625,1000,0.0,0.0
2012-09-14 00:00:00+09:00,2595.52587890625,2595.52587890625,2595.52587890625,2595.52587890625,1000,0.0,0.0
2012-09-18 00:00:00+09:00,2638.71240234375,2638.71240234375,2638.71240234375,2638.71240234375,400,0.0,0.0
2012-09-19 00:00:00+09:00,2599.844371958248,2634.393798828125,2595.5256935995135,2634.393798828125,1200,0.0,0.0
2012-09-20 00:00:00+09:00,2625.756103515625,2625.756103515625,2625.756103515625,2625.756103515625,600,0.0,0.0
2012-09-21 00:00:00+09:00,2625.756103515625,2625.756103515625,2625.756103515625,2625.756103515625,600,0.0,0.0
2012-09-24 00:00:00+09:00,2625.756103515625,2625.756103515625,2625.756103515625,2625.756103515625,600,0.0,0.0
2012-09-25 00:00:00+09:00,2625.756103515625,2625.756103515625,2625.756103515625,2625.756103515625,600,0.0,0.0
2012-09-26 00:00:00+09:00,2625.756103515625,2625.756103515625,2625.756103515625,2625.756103515625,600,0.0,0.0
2012-09-27 00:00:00+09:00,2625.756103515625,2625.756103515625,2625.756103515625,2625.756103515625,600,0.0,0.0
2012-09-28 00:00:00+09:00,2625.756103515625,2625.756103515625,2625.756103515625,2625.756103515625,600,0.0,0.0
2012-10-01 00:00:00+09:00,2625.756103515625,2625.756103515625,2625.756103515625,2625.756103515625,600,0.0,0.0
2012-10-02 00:00:00+09:00,2625.756103515625,2625.756103515625,2625.756103515625,2625.756103515625,600,0.0,0.0
2012-10-03 00:00:00+09:00,2625.756103515625,2625.756103515625,2625.756103515625,2625.756103515625,600,0.0,0.0
2012-10-04 00:00:00+09:00,2625.756103515625,2625.756103515625,2625.756103515625,2625.756103515625,600,0.0,0.0
2012-10-05 00:00:00+09:00,2625.756103515625,2625.756103515625,2625.756103515625,2625.756103515625,600,0.0,0.0
2012-10-09 00:00:00+09:00,2625.756103515625,2625.756103515625,2625.756103515625,2625.756103515625,600,0.0,0.0
2012-10-10 00:00:00+09:00,2625.756103515625,2625.756103515625,2625.756103515625,2625.756103515625,600,0.0,0.0
2012-10-11 00:00:00+09:00,2625.756103515625,2625.756103515625,2625.756103515625,2625.756103515625,600,0.0,0.0
2012-10-12 00:00:00+09:00,2625.756103515625,2625.756103515625,2625.756103515625,2625.756103515625,600,0.0,0.0
2012-10-15 00:00:00+09:00,2582.5693359375,2582.5693359375,2582.5693359375,2582.5693359375,200,0.0,0.0
2012-10-16 00:00:00+09:00,2582.5693359375,2582.5693359375,2582.5693359375,2582.5693359375,200,0.0,0.0
2012-10-17 00:00:00+09:00,2582.5693359375,2582.5693359375,2582.5693359375,2582.5693359375,200,0.0,0.0
2012-10-18 00:00:00+09:00,2582.5693359375,2582.5693359375,2582.5693359375,2582.5693359375,200,0.0,0.0
2012-10-19 00:00:00+09:00,2582.5690755208334,2582.5690755208334,2526.42626953125,2526.42626953125,400,0.0,0.0
2012-10-22 00:00:00+09:00,2565.294921875,2565.294921875,2565.294921875,2565.294921875,400,0.0,0.0
2012-10-23 00:00:00+09:00,2565.294921875,2565.294921875,2565.294921875,2565.294921875,400,0.0,0.0
2012-10-24 00:00:00+09:00,2565.294921875,2565.294921875,2565.294921875,2565.294921875,400,0.0,0.0
2012-10-25 00:00:00+09:00,2565.294921875,2565.294921875,2565.294921875,2565.294921875,400,0.0,0.0
2012-10-26 00:00:00+09:00,2504.833251953125,2504.833251953125,2504.833251953125,2504.833251953125,200,0.0,0.0
2012-10-29 00:00:00+09:00,2504.833251953125,2504.833251953125,2504.833251953125,2504.833251953125,400,0.0,0.0
2012-10-30 00:00:00+09:00,2504.833251953125,2504.833251953125,2504.833251953125,2504.833251953125,400,0.0,0.0
2012-10-31 00:00:00+09:00,2504.833251953125,2504.833251953125,2504.833251953125,2504.833251953125,400,0.0,0.0
2012-11-01 00:00:00+09:00,2504.8328954646017,2504.8328954646017,2440.052734375,2440.052734375,400,0.0,0.0
2012-11-02 00:00:00+09:00,2418.4599609375,2418.4599609375,2418.4599609375,2418.4599609375,400,0.0,0.0
2012-11-05 00:00:00+09:00,2418.4599609375,2418.4599609375,2418.4599609375,2418.4599609375,400,0.0,0.0
2012-11-06 00:00:00+09:00,2418.4599609375,2418.4599609375,2418.4599609375,2418.4599609375,400,0.0,0.0
2012-11-07 00:00:00+09:00,2470.283874817404,2586.88818359375,2461.646518611749,2586.88818359375,1600,0.0,0.0
2012-11-08 00:00:00+09:00,2591.20654296875,2591.20654296875,2591.20654296875,2591.20654296875,400,0.0,0.0
2012-11-09 00:00:00+09:00,2591.20654296875,2591.20654296875,2591.20654296875,2591.20654296875,400,0.0,0.0
2012-11-12 00:00:00+09:00,2591.20654296875,2591.20654296875,2591.20654296875,2591.20654296875,400,0.0,0.0
2012-11-13 00:00:00+09:00,2591.20654296875,2591.20654296875,2591.20654296875,2591.20654296875,400,0.0,0.0
2012-11-14 00:00:00+09:00,2591.20654296875,2591.20654296875,2591.20654296875,2591.20654296875,400,0.0,0.0
2012-11-15 00:00:00+09:00,2673.26171875,2673.26171875,2673.26171875,2673.26171875,400,0.0,0.0
2012-11-16 00:00:00+09:00,2673.26171875,2673.26171875,2673.26171875,2673.26171875,400,0.0,0.0
2012-11-19 00:00:00+09:00,2673.26171875,2673.26171875,2673.26171875,2673.26171875,400,0.0,0.0
2012-11-20 00:00:00+09:00,2673.26171875,2673.26171875,2673.26171875,2673.26171875,600,0.0,0.0
2012-11-21 00:00:00+09:00,2673.26171875,2673.26171875,2673.26171875,2673.26171875,600,0.0,0.0
2012-11-22 00:00:00+09:00,2591.20654296875,2591.20654296875,2591.20654296875,2591.20654296875,200,0.0,0.0
2012-11-26 00:00:00+09:00,2591.20654296875,2591.20654296875,2591.20654296875,2591.20654296875,600,0.0,0.0
2012-11-27 00:00:00+09:00,2591.20654296875,2591.20654296875,2591.20654296875,2591.20654296875,600,0.0,0.0
2012-11-28 00:00:00+09:00,2591.20654296875,2591.20654296875,2591.20654296875,2591.20654296875,600,0.0,0.0
2012-11-29 00:00:00+09:00,2591.2066266977927,2591.2066266977927,2543.701171875,2543.701171875,600,0.0,0.0
2012-11-30 00:00:00+09:00,2543.701171875,2543.701171875,2543.701171875,2543.701171875,600,0.0,0.0
2012-12-03 00:00:00+09:00,2548.0200810469983,2742.360595703125,2548.0200810469983,2742.360595703125,3000,0.0,0.0
2012-12-04 00:00:00+09:00,2742.360595703125,2742.360595703125,2742.360595703125,2742.360595703125,3000,0.0,0.0
2012-12-05 00:00:00+09:00,2742.360595703125,2742.360595703125,2742.360595703125,2742.360595703125,3000,0.0,0.0
2012-12-06 00:00:00+09:00,2742.360595703125,2742.360595703125,2742.360595703125,2742.360595703125,3000,0.0,0.0
2012-12-07 00:00:00+09:00,2742.360595703125,2742.360595703125,2742.360595703125,2742.360595703125,3000,0.0,0.0
2012-12-10 00:00:00+09:00,2742.360595703125,2742.360595703125,2742.360595703125,2742.360595703125,3000,0.0,0.0
2012-12-11 00:00:00+09:00,2586.888134344693,2586.888134344693,2465.9651497676455,2504.833251953125,1400,0.0,0.0
2012-12-12 00:00:00+09:00,2504.833251953125,2504.833251953125,2504.833251953125,2504.833251953125,400,0.0,0.0
2012-12-13 00:00:00+09:00,2548.019913383152,2582.5693359375,2548.019913383152,2582.5693359375,800,0.0,0.0
2012-12-14 00:00:00+09:00,2582.5693359375,2582.5693359375,2582.5693359375,2582.5693359375,800,0.0,0.0
2012-12-17 00:00:00+09:00,2560.97607421875,2560.97607421875,2560.97607421875,2560.97607421875,400,0.0,0.0
2012-12-18 00:00:00+09:00,2591.20654296875,2591.20654296875,2591.20654296875,2591.20654296875,200,0.0,0.0
2012-12-19 00:00:00+09:00,2595.52587890625,2595.52587890625,2595.52587890625,2595.52587890625,800,0.0,0.0
2012-12-20 00:00:00+09:00,2634.393798828125,2634.393798828125,2634.393798828125,2634.393798828125,400,0.0,0.0
2012-12-21 00:00:00+09:00,2634.393798828125,2634.393798828125,2634.393798828125,2634.393798828125,400,0.0,0.0
2012-12-25 00:00:00+09:00,2634.393798828125,2634.393798828125,2634.393798828125,2634.393798828125,400,0.0,0.0
2012-12-26 00:00:00+09:00,2634.393798828125,2634.393798828125,2634.393798828125,2634.393798828125,0,0.0,0.0
2012-12-27 00:00:00+09:00,2634.393798828125,2634.393798828125,2634.393798828125,2634.393798828125,400,0.0,0.0
2012-12-28 00:00:00+09:00,2807.140869140625,2807.140869140625,2807.140869140625,2807.140869140625,400,0.0,0.0
2013-01-04 00:00:00+09:00,2807.140613902699,2850.327392578125,2807.140613902699,2850.327392578125,600,0.0,0.0
2013-01-07 00:00:00+09:00,2850.327392578125,2850.327392578125,2850.327392578125,2850.327392578125,600,0.0,0.0
2013-01-08 00:00:00+09:00,2893.51416015625,2893.51416015625,2893.51416015625,2893.51416015625,200,0.0,0.0
2013-01-09 00:00:00+09:00,2936.700927734375,2936.700927734375,2936.700927734375,2936.700927734375,200,0.0,0.0
2013-01-10 00:00:00+09:00,2936.700927734375,2936.700927734375,2936.700927734375,2936.700927734375,200,0.0,0.0
2013-01-11 00:00:00+09:00,2936.700927734375,2936.700927734375,2936.700927734375,2936.700927734375,200,0.0,0.0
2013-01-15 00:00:00+09:00,3213.09619140625,3213.09619140625,3213.09619140625,3213.09619140625,200,0.0,0.0
2013-01-16 00:00:00+09:00,3174.2285904637474,3174.2285904637474,3169.909912109375,3169.909912109375,400,0.0,0.0
2013-01-17 00:00:00+09:00,3169.909912109375,3169.909912109375,3169.909912109375,3169.909912109375,400,0.0,0.0
2013-01-18 00:00:00+09:00,3169.9093497555273,3174.22802734375,3169.9093497555273,3174.22802734375,4200,0.0,0.0
2013-01-21 00:00:00+09:00,3061.9425196578936,3061.9425196578936,2997.162353515625,2997.162353515625,600,0.0,0.0
2013-01-22 00:00:00+09:00,2997.162353515625,2997.162353515625,2997.162353515625,2997.162353515625,600,0.0,0.0
2013-01-23 00:00:00+09:00,2936.700927734375,2936.700927734375,2936.700927734375,2936.700927734375,1400,0.0,0.0
2013-01-24 00:00:00+09:00,2936.700927734375,2936.700927734375,2936.700927734375,2936.700927734375,1400,0.0,0.0
2013-01-25 00:00:00+09:00,2893.51416015625,2893.51416015625,2893.51416015625,2893.51416015625,200,0.0,0.0
2013-01-28 00:00:00+09:00,2789.865966796875,2789.865966796875,2789.865966796875,2789.865966796875,200,0.0,0.0
2013-01-29 00:00:00+09:00,2789.865966796875,2789.865966796875,2789.865966796875,2789.865966796875,200,0.0,0.0
2013-01-30 00:00:00+09:00,2768.2727647986776,2807.140869140625,2768.2727647986776,2807.140869140625,1000,0.0,0.0
2013-01-31 00:00:00+09:00,2807.140869140625,2811.459547400841,2807.140869140625,2807.140869140625,1400,0.0,0.0
2013-02-01 00:00:00+09:00,2807.140613902699,2850.327392578125,2807.140613902699,2850.327392578125,1600,0.0,0.0
2013-02-04 00:00:00+09:00,2889.1953125,2889.1953125,2889.1953125,2889.1953125,400,0.0,0.0
2013-02-05 00:00:00+09:00,2889.1953125,2889.1953125,2889.1953125,2889.1953125,400,0.0,0.0
2013-02-06 00:00:00+09:00,2897.8332159441834,2971.250748985988,2897.8332159441834,2928.06396484375,1400,0.0,0.0
2013-02-07 00:00:00+09:00,2893.51416015625,2893.51416015625,2893.51416015625,2893.51416015625,600,0.0,0.0
2013-02-08 00:00:00+09:00,2893.51416015625,2893.51416015625,2893.51416015625,2893.51416015625,600,0.0,0.0
2013-02-12 00:00:00+09:00,2971.25048828125,2971.25048828125,2971.25048828125,2971.25048828125,200,0.0,0.0
2013-02-13 00:00:00+09:00,2902.1511863425926,2902.1511863425926,2798.5029296875,2798.5029296875,2000,0.0,0.0
2013-02-14 00:00:00+09:00,2807.140869140625,2807.140869140625,2807.140869140625,2807.140869140625,1400,0.0,0.0
2013-02-15 00:00:00+09:00,2850.3274794756358,2850.3274794756358,2802.822021484375,2802.822021484375,1600,0.0,0.0
2013-02-18 00:00:00+09:00,2802.822021484375,2802.822021484375,2802.822021484375,2802.822021484375,1200,0.0,0.0
2013-02-19 00:00:00+09:00,2802.822021484375,2802.822021484375,2802.822021484375,2802.822021484375,2000,0.0,0.0
2013-02-20 00:00:00+09:00,2880.55810546875,2880.55810546875,2880.55810546875,2880.55810546875,400,0.0,0.0
2013-02-21 00:00:00+09:00,2811.45947265625,2811.45947265625,2811.45947265625,2811.45947265625,800,0.0,0.0
2013-02-22 00:00:00+09:00,2807.140869140625,2807.140869140625,2807.140869140625,2807.140869140625,1000,0.0,0.0
2013-02-25 00:00:00+09:00,2807.140869140625,2807.140869140625,2807.140869140625,2807.140869140625,600,0.0,0.0
2013-02-26 00:00:00+09:00,2807.140869140625,2807.140869140625,2807.140869140625,2807.140869140625,800,0.0,0.0
2013-02-27 00:00:00+09:00,2802.822021484375,2802.822021484375,2802.822021484375,2802.822021484375,200,0.0,0.0
2013-02-28 00:00:00+09:00,2871.920654296875,2871.920654296875,2871.920654296875,2871.920654296875,200,0.0,0.0
2013-03-01 00:00:00+09:00,2871.920654296875,2871.920654296875,2871.920654296875,2871.920654296875,200,0.0,0.0
2013-03-04 00:00:00+09:00,2828.7341852378554,2828.7341852378554,2811.45947265625,2811.45947265625,800,0.0,0.0
2013-03-05 00:00:00+09:00,2828.73388671875,2828.73388671875,2828.73388671875,2828.73388671875,200,0.0,0.0
2013-03-06 00:00:00+09:00,2846.0087890625,2846.0087890625,2846.0087890625,2846.0087890625,200,0.0,0.0
2013-03-07 00:00:00+09:00,2893.51416015625,2893.51416015625,2893.51416015625,2893.51416015625,200,0.0,0.0
2013-03-08 00:00:00+09:00,2850.327392578125,2850.327392578125,2850.327392578125,2850.327392578125,1000,0.0,0.0
2013-03-11 00:00:00+09:00,2850.327495659722,2936.701056134259,2850.327495659722,2915.107666015625,1800,0.0,0.0
2013-03-12 00:00:00+09:00,2997.1624174230237,2997.1624174230237,2936.700927734375,2936.700927734375,1200,0.0,0.0
2013-03-13 00:00:00+09:00,2958.294677734375,2958.294677734375,2958.294677734375,2958.294677734375,1200,0.0,0.0
2013-03-14 00:00:00+09:00,2958.294920825685,3014.437744140625,2958.294920825685,3014.437744140625,1200,0.0,0.0
2013-03-15 00:00:00+09:00,3014.4373999130676,3014.4373999130676,2858.964983871706,2949.6572265625,3600,0.0,0.0
2013-03-18 00:00:00+09:00,2958.294677734375,2958.294677734375,2958.294677734375,2958.294677734375,400,0.0,0.0
2013-03-19 00:00:00+09:00,2958.294677734375,2958.294677734375,2958.294677734375,2958.294677734375,800,0.0,0.0
2013-03-21 00:00:00+09:00,2958.294677734375,2958.294677734375,2958.294677734375,2958.294677734375,800,0.0,0.0
2013-03-22 00:00:00+09:00,2958.294677734375,2958.294677734375,2958.294677734375,2958.294677734375,800,0.0,0.0
2013-03-25 00:00:00+09:00,2958.2943062160325,2979.8876953125,2958.2943062160325,2979.8876953125,800,0.0,0.0
2013-03-26 00:00:00+09:00,3014.437744140625,3014.437744140625,3014.437744140625,3014.437744140625,200,0.0,0.0
2013-03-27 00:00:00+09:00,3014.437744140625,3014.437744140625,3014.437744140625,3014.437744140625,200,0.0,0.0
2013-03-28 00:00:00+09:00,3044.6682449674954,3079.217671860744,2958.294677734375,2958.294677734375,3800,0.0,0.0
2013-03-29 00:00:00+09:00,2889.1954823052706,2893.51416015625,2889.1954823052706,2893.51416015625,1000,0.0,0.0
2013-04-01 00:00:00+09:00,2893.51416015625,2893.51416015625,2893.51416015625,2893.51416015625,800,0.0,0.0
2013-04-02 00:00:00+09:00,2893.51416015625,2893.51416015625,2893.51416015625,2893.51416015625,800,0.0,0.0
2013-04-03 00:00:00+09:00,2893.51416015625,2893.51416015625,2893.51416015625,2893.51416015625,1000,0.0,0.0
2013-04-04 00:00:00+09:00,2893.51416015625,2893.51416015625,2871.9207709013526,2893.51416015625,1000,0.0,0.0
2013-04-05 00:00:00+09:00,2932.382607564439,2958.294677734375,2932.382607564439,2958.294677734375,400,0.0,0.0
2013-04-08 00:00:00+09:00,3001.48095703125,3001.48095703125,3001.48095703125,3001.48095703125,200,0.0,0.0
2013-04-09 00:00:00+09:00,3044.6677988225765,3044.6677988225765,3040.34912109375,3040.34912109375,400,0.0,0.0
2013-04-10 00:00:00+09:00,3040.34912109375,3040.34912109375,3040.34912109375,3040.34912109375,400,0.0,0.0
2013-04-11 00:00:00+09:00,3040.34912109375,3040.34912109375,3040.34912109375,3040.34912109375,400,0.0,0.0
2013-04-12 00:00:00+09:00,3040.34912109375,3040.34912109375,3040.34912109375,3040.34912109375,400,0.0,0.0
2013-04-15 00:00:00+09:00,3044.6680704752607,3109.4482421875,3044.6680704752607,3109.4482421875,2000,0.0,0.0
2013-04-16 00:00:00+09:00,3109.4482421875,3109.4482421875,3109.4482421875,3109.4482421875,200,0.0,0.0
2013-04-17 00:00:00+09:00,3109.4482421875,3109.4482421875,3109.4482421875,3109.4482421875,200,0.0,0.0
2013-04-18 00:00:00+09:00,3109.4482421875,3109.4482421875,3109.4482421875,3109.4482421875,200,0.0,0.0
2013-04-19 00:00:00+09:00,3109.4482421875,3109.4482421875,3109.4482421875,3109.4482421875,200,0.0,0.0
2013-04-22 00:00:00+09:00,3109.4482421875,3109.4482421875,3109.4482421875,3109.4482421875,400,0.0,0.0
2013-04-23 00:00:00+09:00,3109.4482421875,3109.4482421875,3109.4482421875,3109.4482421875,400,0.0,0.0
2013-04-24 00:00:00+09:00,3109.4482421875,3109.4482421875,3109.4482421875,3109.4482421875,400,0.0,0.0
2013-04-25 00:00:00+09:00,3074.7537142761753,3074.7537142761753,3044.396484375,3044.396484375,400,15.0,0.0
2013-04-26 00:00:00+09:00,3066.0808983548573,3074.75439453125,3066.0808983548573,3074.75439453125,400,0.0,0.0
2013-04-30 00:00:00+09:00,3044.3968840680805,3044.3968840680805,3035.723388671875,3035.723388671875,800,0.0,0.0
2013-05-01 00:00:00+09:00,3035.723388671875,3035.723388671875,3035.723388671875,3035.723388671875,800,0.0,0.0
2013-05-02 00:00:00+09:00,3035.723388671875,3035.723388671875,3035.723388671875,3035.723388671875,800,0.0,0.0
2013-05-07 00:00:00+09:00,3035.723388671875,3035.723388671875,3035.723388671875,3035.723388671875,1400,0.0,0.0
2013-05-08 00:00:00+09:00,3027.050117757954,3118.121826171875,3027.050117757954,3118.121826171875,400,0.0,0.0
2013-05-09 00:00:00+09:00,3079.0908203125,3079.0908203125,3079.0908203125,3079.0908203125,200,0.0,0.0
2013-05-10 00:00:00+09:00,3118.121826171875,3118.121826171875,3118.121826171875,3118.121826171875,400,0.0,0.0
2013-05-13 00:00:00+09:00,3083.4275679467432,3083.4275679467432,3079.0908203125,3079.0908203125,400,0.0,0.0
2013-05-14 00:00:00+09:00,3079.0908203125,3079.0908203125,3079.0908203125,3079.0908203125,200,0.0,0.0
2013-05-15 00:00:00+09:00,3239.5502630936476,3295.927978515625,3187.509295011822,3295.927978515625,1800,0.0,0.0
2013-05-16 00:00:00+09:00,3295.927978515625,3295.927978515625,3295.927978515625,3295.927978515625,200,0.0,0.0
2013-05-17 00:00:00+09:00,3295.9283577127662,3317.612096908245,3261.234375,3261.234375,800,0.0,0.0
2013-05-20 00:00:00+09:00,3391.3364493278077,3456.3876599926634,3391.3364493278077,3417.35693359375,800,0.0,0.0
2013-05-21 00:00:00+09:00,3417.3572204589846,3469.398193359375,3417.3572204589846,3469.398193359375,1000,0.0,0.0
2013-05-22 00:00:00+09:00,3404.34716796875,3404.34716796875,3404.34716796875,3404.34716796875,200,0.0,0.0
2013-05-23 00:00:00+09:00,3373.989932076035,3404.34716796875,3373.989932076035,3404.34716796875,800,0.0,0.0
2013-05-24 00:00:00+09:00,3447.71435546875,3447.71435546875,3447.71435546875,3447.71435546875,200,0.0,0.0
2013-05-27 00:00:00+09:00,3447.71435546875,3447.71435546875,3447.71435546875,3447.71435546875,200,0.0,0.0
2013-05-28 00:00:00+09:00,3469.398193359375,3469.398193359375,3469.398193359375,3469.398193359375,200,0.0,0.0
2013-05-29 00:00:00+09:00,3469.398193359375,3469.398193359375,3469.398193359375,3469.398193359375,200,0.0,0.0
2013-05-30 00:00:00+09:00,3469.398193359375,3469.398193359375,3469.398193359375,3469.398193359375,800,0.0,0.0
2013-05-31 00:00:00+09:00,3469.398193359375,3469.398193359375,3469.398193359375,3469.398193359375,800,0.0,0.0
2013-06-03 00:00:00+09:00,3469.398193359375,3469.398193359375,3469.398193359375,3469.398193359375,800,0.0,0.0
2013-06-04 00:00:00+09:00,3469.398193359375,3469.398193359375,3469.398193359375,3469.398193359375,400,0.0,0.0
2013-06-05 00:00:00+09:00,3469.398193359375,3469.398193359375,3469.398193359375,3469.398193359375,200,0.0,0.0
2013-06-06 00:00:00+09:00,3469.398171835642,3469.398171835642,3430.367442402491,3443.377685546875,600,0.0,0.0
2013-06-07 00:00:00+09:00,3313.2753021961125,3313.2753021961125,3304.601806640625,3304.601806640625,1000,0.0,0.0
2013-06-10 00:00:00+09:00,3434.7041126179247,3447.71435546875,3404.3468792993317,3447.71435546875,1200,0.0,0.0
2013-06-11 00:00:00+09:00,3447.71435546875,3447.71435546875,3447.71435546875,3447.71435546875,1200,0.0,0.0
2013-06-12 00:00:00+09:00,3439.041093614366,3439.041093614366,3434.704345703125,3434.704345703125,1000,0.0,0.0
2013-06-13 00:00:00+09:00,3434.704345703125,3434.704345703125,3434.704345703125,3434.704345703125,1000,0.0,0.0
2013-06-14 00:00:00+09:00,3434.704345703125,3434.704345703125,3434.704345703125,3434.704345703125,600,0.0,0.0
2013-06-17 00:00:00+09:00,3469.39823971519,3469.39823971519,3426.03076171875,3426.03076171875,600,0.0,0.0
2013-06-18 00:00:00+09:00,3426.03076171875,3426.03076171875,3426.03076171875,3426.03076171875,600,0.0,0.0
2013-06-19 00:00:00+09:00,3426.03076171875,3426.03076171875,3426.03076171875,3426.03076171875,600,0.0,0.0
2013-06-20 00:00:00+09:00,3556.133056640625,3556.133056640625,3556.133056640625,3556.133056640625,200,0.0,0.0
2013-06-21 00:00:00+09:00,3469.3981609513276,3469.3981609513276,3430.367431640625,3430.367431640625,400,0.0,0.0
2013-06-24 00:00:00+09:00,3430.367431640625,3430.367431640625,3430.367431640625,3430.367431640625,400,0.0,0.0
2013-06-25 00:00:00+09:00,3426.03076171875,3426.03076171875,3426.03076171875,3426.03076171875,600,0.0,0.0
2013-06-26 00:00:00+09:00,3426.03076171875,3426.03076171875,3426.03076171875,3426.03076171875,600,0.0,0.0
2013-06-27 00:00:00+09:00,3491.08154296875,3491.08154296875,3491.08154296875,3491.08154296875,200,0.0,0.0
2013-06-28 00:00:00+09:00,3491.08154296875,3491.08154296875,3491.08154296875,3491.08154296875,200,0.0,0.0
2013-07-01 00:00:00+09:00,3491.08154296875,3491.08154296875,3491.08154296875,3491.08154296875,200,0.0,0.0
2013-07-02 00:00:00+09:00,3491.08154296875,3491.08154296875,3491.08154296875,3491.08154296875,200,0.0,0.0
2013-07-03 00:00:00+09:00,3491.08154296875,3491.08154296875,3491.08154296875,3491.08154296875,200,0.0,0.0
2013-07-04 00:00:00+09:00,3426.03076171875,3426.03076171875,3426.03076171875,3426.03076171875,600,0.0,0.0
2013-07-05 00:00:00+09:00,3426.03076171875,3426.03076171875,3426.03076171875,3426.03076171875,600,0.0,0.0
2013-07-08 00:00:00+09:00,3426.03076171875,3426.03076171875,3426.03076171875,3426.03076171875,600,0.0,0.0
2013-07-09 00:00:00+09:00,3426.03076171875,3426.03076171875,3426.03076171875,3426.03076171875,600,0.0,0.0
2013-07-10 00:00:00+09:00,3426.03076171875,3426.03076171875,3426.03076171875,3426.03076171875,600,0.0,0.0
2013-07-11 00:00:00+09:00,3469.398193359375,3469.398193359375,3469.398193359375,3469.398193359375,1000,0.0,0.0
2013-07-12 00:00:00+09:00,3512.765625,3512.765625,3512.765625,3512.765625,200,0.0,0.0
2013-07-16 00:00:00+09:00,3573.48046875,3573.48046875,3573.48046875,3573.48046875,400,0.0,0.0
2013-07-17 00:00:00+09:00,3573.48046875,3573.48046875,3573.48046875,3573.48046875,0,0.0,0.0
2013-07-18 00:00:00+09:00,3556.1327518439443,3556.1327518439443,3491.08154296875,3491.08154296875,2000,0.0,0.0
2013-07-19 00:00:00+09:00,3521.4390425111746,3521.4390425111746,3517.102294921875,3517.102294921875,400,0.0,0.0
2013-07-22 00:00:00+09:00,3517.102294921875,3517.102294921875,3517.102294921875,3517.102294921875,0,0.0,0.0
2013-07-23 00:00:00+09:00,3534.44921875,3534.44921875,3534.44921875,3534.44921875,200,0.0,0.0
2013-07-24 00:00:00+09:00,3534.44921875,3534.44921875,3534.44921875,3534.44921875,0,0.0,0.0
2013-07-25 00:00:00+09:00,3534.449318490377,3556.133056640625,3534.449318490377,3556.133056640625,600,0.0,0.0
2013-07-26 00:00:00+09:00,3577.8168402777774,3577.8168402777774,3512.765625,3512.765625,1000,0.0,0.0
2013-07-29 00:00:00+09:00,3512.765625,3512.765625,3512.765625,3512.765625,0,0.0,0.0
2013-07-30 00:00:00+09:00,3512.765625,3512.765625,3512.765625,3512.765625,0,0.0,0.0
2013-07-31 00:00:00+09:00,3512.765625,3512.765625,3512.765625,3512.765625,0,0.0,0.0
2013-08-01 00:00:00+09:00,3772.970458984375,3772.970458984375,3772.970458984375,3772.970458984375,1800,0.0,0.0
2013-08-02 00:00:00+09:00,3599.50048828125,3599.50048828125,3599.50048828125,3599.50048828125,1200,0.0,0.0
2013-08-05 00:00:00+09:00,3599.50048828125,3599.50048828125,3599.50048828125,3599.50048828125,0,0.0,0.0
2013-08-06 00:00:00+09:00,3751.286865234375,3751.286865234375,3751.286865234375,3751.286865234375,1400,0.0,0.0
2013-08-07 00:00:00+09:00,3772.970010446948,3772.970010446948,3729.6025390625,3729.6025390625,400,0.0,0.0
2013-08-08 00:00:00+09:00,3729.6025390625,3729.6025390625,3729.6025390625,3729.6025390625,0,0.0,0.0
2013-08-09 00:00:00+09:00,3729.6033203125003,3729.6033203125003,3534.449658203125,3686.23583984375,600,0.0,0.0
2013-08-12 00:00:00+09:00,3686.2356296973894,3686.2356296973894,3360.9795447240904,3426.03076171875,4400,0.0,0.0
2013-08-13 00:00:00+09:00,3469.398193359375,3469.398193359375,3469.398193359375,3469.398193359375,200,0.0,0.0
2013-08-14 00:00:00+09:00,3469.3980061349694,3534.44921875,3469.3980061349694,3534.44921875,400,0.0,0.0
2013-08-15 00:00:00+09:00,3534.44921875,3534.44921875,3534.44921875,3534.44921875,0,0.0,0.0
2013-08-16 00:00:00+09:00,3534.44921875,3534.44921875,3534.44921875,3534.44921875,200,0.0,0.0
2013-08-19 00:00:00+09:00,3534.44921875,3573.4799463190184,3534.44921875,3534.44921875,1000,0.0,0.0
2013-08-20 00:00:00+09:00,3586.490234375,3586.490234375,3586.490234375,3586.490234375,200,0.0,0.0
2013-08-21 00:00:00+09:00,3595.1640250960327,3651.541748046875,3586.4905292574413,3651.541748046875,1200,0.0,0.0
2013-08-22 00:00:00+09:00,3651.541748046875,3651.541748046875,3651.541748046875,3651.541748046875,0,0.0,0.0
2013-08-23 00:00:00+09:00,3660.2151553199405,3686.235642206101,3642.8681640625,3642.8681640625,2400,0.0,0.0
2013-08-26 00:00:00+09:00,3517.102306019176,3530.112548828125,3517.102306019176,3530.112548828125,400,0.0,0.0
2013-08-27 00:00:00+09:00,3556.133056640625,3556.133056640625,3556.133056640625,3556.133056640625,200,0.0,0.0
2013-08-28 00:00:00+09:00,3556.133056640625,3556.133056640625,3556.133056640625,3556.133056640625,200,0.0,0.0
2013-08-29 00:00:00+09:00,3556.133056640625,3556.133056640625,3556.133056640625,3556.133056640625,200,0.0,0.0
2013-08-30 00:00:00+09:00,3556.133056640625,3556.133056640625,3556.133056640625,3556.133056640625,800,0.0,0.0
2013-09-02 00:00:00+09:00,3556.133056640625,3595.163785311071,3556.133056640625,3556.133056640625,600,0.0,0.0
2013-09-03 00:00:00+09:00,3556.133056640625,3556.133056640625,3556.133056640625,3556.133056640625,400,0.0,0.0
2013-09-04 00:00:00+09:00,3556.133056640625,3556.133056640625,3556.133056640625,3556.133056640625,400,0.0,0.0
2013-09-05 00:00:00+09:00,3556.132979027101,3560.4697265625,3556.132979027101,3560.4697265625,600,0.0,0.0
2013-09-06 00:00:00+09:00,3556.133056640625,3556.133056640625,3556.133056640625,3556.133056640625,600,0.0,0.0
2013-09-09 00:00:00+09:00,3556.133056640625,3556.133056640625,3556.133056640625,3556.133056640625,1200,0.0,0.0
2013-09-10 00:00:00+09:00,3556.133056640625,3556.133056640625,3491.081842189882,3556.133056640625,1600,0.0,0.0
2013-09-11 00:00:00+09:00,3556.133313448924,3677.562255859375,3556.133313448924,3677.562255859375,2000,0.0,0.0
2013-09-12 00:00:00+09:00,3677.562255859375,3677.562255859375,3677.562255859375,3677.562255859375,0,0.0,0.0
2013-09-13 00:00:00+09:00,3686.23583984375,3686.23583984375,3686.23583984375,3686.23583984375,400,0.0,0.0
2013-09-17 00:00:00+09:00,3556.133056640625,3556.133056640625,3556.133056640625,3556.133056640625,200,0.0,0.0
2013-09-18 00:00:00+09:00,3686.23583984375,3686.23583984375,3686.23583984375,3686.23583984375,800,0.0,0.0
2013-09-19 00:00:00+09:00,3686.23583984375,3686.23583984375,3686.23583984375,3686.23583984375,200,0.0,0.0
2013-09-20 00:00:00+09:00,3686.23583984375,3686.23583984375,3686.23583984375,3686.23583984375,400,0.0,0.0
2013-09-24 00:00:00+09:00,3686.23583984375,3686.23583984375,3686.23583984375,3686.23583984375,0,0.0,0.0
2013-09-25 00:00:00+09:00,3686.23583984375,3686.23583984375,3686.23583984375,3686.23583984375,0,0.0,0.0
2013-09-26 00:00:00+09:00,3686.23583984375,3686.23583984375,3686.23583984375,3686.23583984375,400,0.0,0.0
2013-09-27 00:00:00+09:00,3686.23583984375,3686.23583984375,3686.23583984375,3686.23583984375,0,0.0,0.0
2013-09-30 00:00:00+09:00,3686.23583984375,3686.23583984375,3686.23583984375,3686.23583984375,0,0.0,0.0
2013-10-01 00:00:00+09:00,3686.23583984375,3686.23583984375,3686.23583984375,3686.23583984375,0,0.0,0.0
2013-10-02 00:00:00+09:00,3621.184814453125,3621.184814453125,3621.184814453125,3621.184814453125,400,0.0,0.0
2013-10-03 00:00:00+09:00,3621.184814453125,3621.184814453125,3621.184814453125,3621.184814453125,0,0.0,0.0
2013-10-04 00:00:00+09:00,3642.8681640625,3642.8681640625,3642.8681640625,3642.8681640625,400,0.0,0.0
2013-10-07 00:00:00+09:00,3642.8681640625,3642.8681640625,3642.8681640625,3642.8681640625,0,0.0,0.0
2013-10-08 00:00:00+09:00,3642.8681640625,3642.8681640625,3642.8681640625,3642.8681640625,400,0.0,0.0
2013-10-09 00:00:00+09:00,3772.970458984375,3772.970458984375,3772.970458984375,3772.970458984375,400,0.0,0.0
2013-10-10 00:00:00+09:00,3772.970458984375,3772.970458984375,3772.970458984375,3772.970458984375,400,0.0,0.0
2013-10-11 00:00:00+09:00,3772.970458984375,3772.970458984375,3772.970458984375,3772.970458984375,200,0.0,0.0
2013-10-15 00:00:00+09:00,3772.970458984375,3772.970458984375,3772.970458984375,3772.970458984375,1600,0.0,0.0
2013-10-16 00:00:00+09:00,3772.970458984375,3772.970458984375,3772.970458984375,3772.970458984375,1400,0.0,0.0
2013-10-17 00:00:00+09:00,3772.97065596147,3816.338134765625,3772.97065596147,3816.338134765625,1000,0.0,0.0
2013-10-18 00:00:00+09:00,3816.338134765625,3820.6748826460407,3816.338134765625,3816.338134765625,800,0.0,0.0
2013-10-21 00:00:00+09:00,3903.072888604526,3903.072888604526,3772.970458984375,3772.970458984375,4600,0.0,0.0
2013-10-22 00:00:00+09:00,3772.970458984375,3772.970458984375,3772.970458984375,3772.970458984375,200,0.0,0.0
2013-10-23 00:00:00+09:00,3772.970458984375,3772.970458984375,3772.970458984375,3772.970458984375,0,0.0,0.0
2013-10-24 00:00:00+09:00,3772.970458984375,3772.970458984375,3772.970458984375,3772.970458984375,0,0.0,0.0
2013-10-25 00:00:00+09:00,3751.286865234375,3751.286865234375,3751.286865234375,3751.286865234375,200,0.0,0.0
2013-10-28 00:00:00+09:00,3686.23583984375,3686.23583984375,3686.23583984375,3686.23583984375,200,0.0,0.0
2013-10-29 00:00:00+09:00,3686.23583984375,3686.23583984375,3686.23583984375,3686.23583984375,0,0.0,0.0
2013-10-30 00:00:00+09:00,3686.23583984375,3686.23583984375,3686.23583984375,3686.23583984375,0,0.0,0.0
2013-10-31 00:00:00+09:00,3621.184814453125,3621.184814453125,3621.184814453125,3621.184814453125,200,0.0,0.0
2013-11-01 00:00:00+09:00,3491.08154296875,3491.08154296875,3491.08154296875,3491.08154296875,200,0.0,0.0
2013-11-05 00:00:00+09:00,3430.367431640625,3430.367431640625,3430.367431640625,3430.367431640625,200,0.0,0.0
2013-11-06 00:00:00+09:00,3447.71435546875,3447.71435546875,3447.71435546875,3447.71435546875,200,0.0,0.0
2013-11-07 00:00:00+09:00,3426.03076171875,3426.03076171875,3426.03076171875,3426.03076171875,200,0.0,0.0
2013-11-08 00:00:00+09:00,3426.03076171875,3426.03076171875,3426.03076171875,3426.03076171875,200,0.0,0.0
2013-11-11 00:00:00+09:00,3426.03076171875,3426.03076171875,3426.03076171875,3426.03076171875,200,0.0,0.0
2013-11-12 00:00:00+09:00,3426.03076171875,3430.367509518394,3426.03076171875,3426.03076171875,2800,0.0,0.0
2013-11-13 00:00:00+09:00,3491.08154296875,3491.08154296875,3491.08154296875,3491.08154296875,400,0.0,0.0
2013-11-14 00:00:00+09:00,3447.71435546875,3447.71435546875,3447.71435546875,3447.71435546875,1000,0.0,0.0
2013-11-15 00:00:00+09:00,3508.428955078125,3508.428955078125,3508.428955078125,3508.428955078125,600,0.0,0.0
2013-11-18 00:00:00+09:00,3508.428955078125,3508.428955078125,3508.428955078125,3508.428955078125,0,0.0,0.0
2013-11-19 00:00:00+09:00,3504.091796875,3504.091796875,3504.091796875,3504.091796875,400,0.0,0.0
2013-11-20 00:00:00+09:00,3699.245849609375,3699.245849609375,3699.245849609375,3699.245849609375,200,0.0,0.0
2013-11-21 00:00:00+09:00,3699.245849609375,3699.245849609375,3699.245849609375,3699.245849609375,0,0.0,0.0
2013-11-22 00:00:00+09:00,3699.245849609375,3699.245849609375,3699.245849609375,3699.245849609375,0,0.0,0.0
2013-11-25 00:00:00+09:00,3699.246083984375,3699.246083984375,3686.23583984375,3686.23583984375,600,0.0,0.0
2013-11-26 00:00:00+09:00,3621.184814453125,3621.184814453125,3621.184814453125,3621.184814453125,600,0.0,0.0
2013-11-27 00:00:00+09:00,3621.184814453125,3621.184814453125,3621.184814453125,3621.184814453125,0,0.0,0.0
2013-11-28 00:00:00+09:00,3538.786597118263,3621.184814453125,3538.786597118263,3621.184814453125,1800,0.0,0.0
2013-11-29 00:00:00+09:00,3621.184814453125,3621.184814453125,3621.184814453125,3621.184814453125,0,0.0,0.0
2013-12-02 00:00:00+09:00,3621.184814453125,3621.184814453125,3621.184814453125,3621.184814453125,200,0.0,0.0
2013-12-03 00:00:00+09:00,3621.184814453125,3621.184814453125,3621.184814453125,3621.184814453125,0,0.0,0.0
2013-12-04 00:00:00+09:00,3599.50048828125,3599.50048828125,3599.50048828125,3599.50048828125,600,0.0,0.0
2013-12-05 00:00:00+09:00,3599.50048828125,3599.50048828125,3599.50048828125,3599.50048828125,1200,0.0,0.0
2013-12-06 00:00:00+09:00,3664.5520120296837,3681.8990038026054,3621.18453259738,3677.562255859375,2000,0.0,0.0
2013-12-09 00:00:00+09:00,3547.4594839563033,3603.837201916489,3547.4594839563033,3560.4697265625,600,0.0,0.0
2013-12-10 00:00:00+09:00,3599.50048828125,3599.50048828125,3599.50048828125,3599.50048828125,400,0.0,0.0
2013-12-11 00:00:00+09:00,3590.8273828125,3590.8273828125,3573.4803906250004,3577.817138671875,1200,0.0,0.0
2013-12-12 00:00:00+09:00,3595.1637407050075,3599.50048828125,3530.1125270613707,3599.50048828125,800,0.0,0.0
2013-12-13 00:00:00+09:00,3599.50048828125,3599.50048828125,3599.50048828125,3599.50048828125,200,0.0,0.0
2013-12-16 00:00:00+09:00,3681.8992903840754,3681.8992903840754,3560.470338522174,3621.184814453125,800,0.0,0.0
2013-12-17 00:00:00+09:00,3621.184814453125,3621.184814453125,3621.184814453125,3621.184814453125,0,0.0,0.0
2013-12-18 00:00:00+09:00,3590.826981937727,3590.826981937727,3586.490234375,3586.490234375,600,0.0,0.0
2013-12-19 00:00:00+09:00,3564.806884765625,3564.806884765625,3564.806884765625,3564.806884765625,4200,0.0,0.0
2013-12-20 00:00:00+09:00,3629.858105290545,3629.858105290545,3556.1333886956354,3564.806884765625,1400,0.0,0.0
2013-12-24 00:00:00+09:00,3551.796264942583,3599.50048828125,3551.796264942583,3599.50048828125,1000,0.0,0.0
2013-12-25 00:00:00+09:00,3642.86797501156,3642.86797501156,3517.102294921875,3517.102294921875,1800,0.0,0.0
2013-12-26 00:00:00+09:00,3556.133056640625,3556.133056640625,3556.133056640625,3556.133056640625,200,0.0,0.0
2013-12-27 00:00:00+09:00,3538.7860328683723,3538.7860328683723,3517.102294921875,3517.102294921875,600,0.0,0.0
2013-12-30 00:00:00+09:00,3517.102294921875,3517.102294921875,3517.102294921875,3517.102294921875,0,0.0,0.0
2014-01-06 00:00:00+09:00,3517.102294921875,3517.102294921875,3517.102294921875,3517.102294921875,0,0.0,0.0
2014-01-07 00:00:00+09:00,3517.102294921875,3517.102294921875,3517.102294921875,3517.102294921875,0,0.0,0.0
2014-01-08 00:00:00+09:00,3517.102294921875,3517.102294921875,3517.102294921875,3517.102294921875,0,0.0,0.0
2014-01-09 00:00:00+09:00,3517.102294921875,3517.102294921875,3517.102294921875,3517.102294921875,0,0.0,0.0
2014-01-10 00:00:00+09:00,3573.4800471608232,3638.5312616115666,3556.133056640625,3556.133056640625,800,0.0,0.0
2014-01-14 00:00:00+09:00,3543.12255859375,3543.12255859375,3543.12255859375,3543.12255859375,200,0.0,0.0
2014-01-15 00:00:00+09:00,3599.5004313650306,3599.5004313650306,3534.44921875,3534.44921875,400,0.0,0.0
2014-01-16 00:00:00+09:00,3534.44921875,3534.44921875,3534.44921875,3534.44921875,0,0.0,0.0
2014-01-17 00:00:00+09:00,3556.1330125188256,3599.50048828125,3556.1330125188256,3599.50048828125,600,0.0,0.0
2014-01-20 00:00:00+09:00,3664.5517578125,3664.5517578125,3664.5517578125,3664.5517578125,400,0.0,0.0
2014-01-21 00:00:00+09:00,3664.5517578125,3664.5517578125,3664.5517578125,3664.5517578125,600,0.0,0.0
2014-01-22 00:00:00+09:00,3664.5517578125,3664.5517578125,3664.5517578125,3664.5517578125,200,0.0,0.0
2014-01-23 00:00:00+09:00,3686.2354960244083,3729.602972448225,3664.5517578125,3664.5517578125,1600,0.0,0.0
2014-01-24 00:00:00+09:00,3664.5517578125,3664.5517578125,3664.5517578125,3664.5517578125,400,0.0,0.0
2014-01-27 00:00:00+09:00,3664.5517578125,3664.5517578125,3664.5517578125,3664.5517578125,0,0.0,0.0
2014-01-28 00:00:00+09:00,3664.5517578125,3664.5517578125,3664.5517578125,3664.5517578125,0,0.0,0.0
2014-01-29 00:00:00+09:00,3664.5517578125,3664.5517578125,3664.5517578125,3664.5517578125,0,0.0,0.0
2014-01-30 00:00:00+09:00,3577.8169468470983,3642.8681640625,3577.8169468470983,3642.8681640625,600,0.0,0.0
2014-01-31 00:00:00+09:00,3642.8681640625,3642.8681640625,3642.8681640625,3642.8681640625,0,0.0,0.0
2014-02-03 00:00:00+09:00,3642.8681640625,3642.8681640625,3642.8681640625,3642.8681640625,0,0.0,0.0
2014-02-04 00:00:00+09:00,3603.837158203125,3603.837158203125,3603.837158203125,3603.837158203125,400,0.0,0.0
2014-02-05 00:00:00+09:00,3603.837158203125,3603.837158203125,3603.837158203125,3603.837158203125,0,0.0,0.0
2014-02-06 00:00:00+09:00,3603.837158203125,3603.837158203125,3603.837158203125,3603.837158203125,0,0.0,0.0
2014-02-07 00:00:00+09:00,3603.837158203125,3603.837158203125,3603.837158203125,3603.837158203125,0,0.0,0.0
2014-02-10 00:00:00+09:00,3603.837158203125,3603.837158203125,3603.837158203125,3603.837158203125,0,0.0,0.0
2014-02-12 00:00:00+09:00,3603.837158203125,3603.837158203125,3603.837158203125,3603.837158203125,0,0.0,0.0
2014-02-13 00:00:00+09:00,3603.837158203125,3603.837158203125,3603.837158203125,3603.837158203125,0,0.0,0.0
2014-02-14 00:00:00+09:00,3603.837158203125,3603.837158203125,3603.837158203125,3603.837158203125,0,0.0,0.0
2014-02-17 00:00:00+09:00,3664.5517578125,3664.5517578125,3664.5517578125,3664.5517578125,400,0.0,0.0
2014-02-18 00:00:00+09:00,3664.5517578125,3664.5517578125,3664.5517578125,3664.5517578125,0,0.0,0.0
2014-02-19 00:00:00+09:00,3599.50048828125,3599.50048828125,3599.50048828125,3599.50048828125,200,0.0,0.0
2014-02-20 00:00:00+09:00,3647.204833984375,3647.204833984375,3647.204833984375,3647.204833984375,200,0.0,0.0
2014-02-21 00:00:00+09:00,3647.204833984375,3647.204833984375,3647.204833984375,3647.204833984375,0,0.0,0.0
2014-02-24 00:00:00+09:00,3647.204833984375,3647.204833984375,3647.204833984375,3647.204833984375,0,0.0,0.0
2014-02-25 00:00:00+09:00,3582.154052734375,3582.154052734375,3582.154052734375,3582.154052734375,200,0.0,0.0
2014-02-26 00:00:00+09:00,3582.154052734375,3582.154052734375,3582.154052734375,3582.154052734375,0,0.0,0.0
2014-02-27 00:00:00+09:00,3534.44921875,3534.44921875,3530.1124712423316,3534.44921875,600,0.0,0.0
2014-02-28 00:00:00+09:00,3534.44921875,3534.44921875,3534.44921875,3534.44921875,0,0.0,0.0
2014-03-03 00:00:00+09:00,3534.44921875,3534.44921875,3534.44921875,3534.44921875,0,0.0,0.0
2014-03-04 00:00:00+09:00,3534.44921875,3534.44921875,3534.44921875,3534.44921875,200,0.0,0.0
2014-03-05 00:00:00+09:00,3534.44921875,3534.44921875,3534.44921875,3534.44921875,0,0.0,0.0
2014-03-06 00:00:00+09:00,3534.44921875,3534.44921875,3534.44921875,3534.44921875,0,0.0,0.0
2014-03-07 00:00:00+09:00,3556.133056640625,3556.133056640625,3556.133056640625,3556.133056640625,200,0.0,0.0
2014-03-10 00:00:00+09:00,3556.133056640625,3556.133056640625,3556.133056640625,3556.133056640625,0,0.0,0.0
2014-03-11 00:00:00+09:00,3491.08154296875,3491.08154296875,3491.08154296875,3491.08154296875,600,0.0,0.0
2014-03-12 00:00:00+09:00,3491.08154296875,3491.08154296875,3491.08154296875,3491.08154296875,0,0.0,0.0
2014-03-13 00:00:00+09:00,3469.398148148148,3512.765625,3469.398148148148,3512.765625,400,0.0,0.0
2014-03-14 00:00:00+09:00,3512.765625,3512.765625,3512.765625,3512.765625,0,0.0,0.0
2014-03-17 00:00:00+09:00,3573.48046875,3573.48046875,3573.48046875,3573.48046875,400,0.0,0.0
2014-03-18 00:00:00+09:00,3573.48046875,3573.48046875,3573.48046875,3573.48046875,0,0.0,0.0
2014-03-19 00:00:00+09:00,3517.102294921875,3517.102294921875,3517.102294921875,3517.102294921875,200,0.0,0.0
2014-03-20 00:00:00+09:00,3556.133056640625,3556.133056640625,3556.133056640625,3556.133056640625,200,0.0,0.0
2014-03-24 00:00:00+09:00,3556.133056640625,3556.133056640625,3556.133056640625,3556.133056640625,0,0.0,0.0
2014-03-25 00:00:00+09:00,3556.133056640625,3556.133056640625,3556.133056640625,3556.133056640625,0,0.0,0.0
2014-03-26 00:00:00+09:00,3556.133056640625,3556.133056640625,3556.133056640625,3556.133056640625,0,0.0,0.0
2014-03-27 00:00:00+09:00,3556.133056640625,3556.133056640625,3556.133056640625,3556.133056640625,0,0.0,0.0
2014-03-28 00:00:00+09:00,3556.133056640625,3556.133056640625,3556.133056640625,3556.133056640625,0,0.0,0.0
2014-03-31 00:00:00+09:00,3491.08154296875,3491.08154296875,3491.08154296875,3491.08154296875,200,0.0,0.0
2014-04-01 00:00:00+09:00,3525.776123046875,3525.776123046875,3525.776123046875,3525.776123046875,600,0.0,0.0
2014-04-02 00:00:00+09:00,3525.776123046875,3525.776123046875,3525.776123046875,3525.776123046875,0,0.0,0.0
2014-04-03 00:00:00+09:00,3525.776123046875,3525.776123046875,3525.776123046875,3525.776123046875,0,0.0,0.0
2014-04-04 00:00:00+09:00,3525.776123046875,3525.776123046875,3525.776123046875,3525.776123046875,0,0.0,0.0
2014-04-07 00:00:00+09:00,3504.092441454715,3504.092441454715,3495.4189453125,3495.4189453125,400,0.0,0.0
2014-04-08 00:00:00+09:00,3495.4189453125,3495.4189453125,3495.4189453125,3495.4189453125,0,0.0,0.0
2014-04-09 00:00:00+09:00,3473.735076904297,3473.735076904297,3434.704345703125,3434.704345703125,400,0.0,0.0
2014-04-10 00:00:00+09:00,3434.704345703125,3434.704345703125,3434.704345703125,3434.704345703125,0,0.0,0.0
2014-04-11 00:00:00+09:00,3439.04052734375,3439.04052734375,3439.04052734375,3439.04052734375,200,0.0,0.0
2014-04-14 00:00:00+09:00,3439.04052734375,3439.04052734375,3439.04052734375,3439.04052734375,0,0.0,0.0
2014-04-15 00:00:00+09:00,3499.755615234375,3499.755615234375,3499.755615234375,3499.755615234375,400,0.0,0.0
2014-04-16 00:00:00+09:00,3499.755615234375,3499.755615234375,3499.755615234375,3499.755615234375,0,0.0,0.0
2014-04-17 00:00:00+09:00,3499.755615234375,3499.755615234375,3499.755615234375,3499.755615234375,0,0.0,0.0
2014-04-18 00:00:00+09:00,3499.755615234375,3499.755615234375,3499.755615234375,3499.755615234375,0,0.0,0.0
2014-04-21 00:00:00+09:00,3525.7760725666703,3525.7760725666703,3460.724853515625,3460.724853515625,600,0.0,0.0
2014-04-22 00:00:00+09:00,3460.724853515625,3460.724853515625,3460.724853515625,3460.724853515625,200,0.0,0.0
2014-04-23 00:00:00+09:00,3495.4189453125,3495.4189453125,3495.4189453125,3495.4189453125,400,0.0,0.0
2014-04-24 00:00:00+09:00,3460.7248331705728,3491.082068549262,3426.030849880642,3434.704345703125,800,0.0,0.0
2014-04-25 00:00:00+09:00,3447.76416015625,3447.76416015625,3447.76416015625,3447.76416015625,0,15.0,0.0
2014-04-28 00:00:00+09:00,3447.76416015625,3447.76416015625,3447.76416015625,3447.76416015625,0,0.0,0.0
2014-04-30 00:00:00+09:00,3447.76416015625,3447.76416015625,3447.76416015625,3447.76416015625,0,0.0,0.0
2014-05-01 00:00:00+09:00,3447.76416015625,3447.76416015625,3447.76416015625,3447.76416015625,0,0.0,0.0
2014-05-02 00:00:00+09:00,3447.76416015625,3447.76416015625,3447.76416015625,3447.76416015625,0,0.0,0.0
2014-05-07 00:00:00+09:00,3447.76416015625,3447.76416015625,3447.76416015625,3447.76416015625,0,0.0,0.0
2014-05-08 00:00:00+09:00,3447.76416015625,3447.76416015625,3447.76416015625,3447.76416015625,0,0.0,0.0
2014-05-09 00:00:00+09:00,3308.460205078125,3308.460205078125,3308.460205078125,3308.460205078125,200,0.0,0.0
2014-05-12 00:00:00+09:00,3417.291259765625,3417.291259765625,3417.291259765625,3417.291259765625,200,0.0,0.0
2014-05-13 00:00:00+09:00,3286.694091796875,3286.694091796875,3286.694091796875,3286.694091796875,200,0.0,0.0
2014-05-14 00:00:00+09:00,3286.6941171621347,3351.99267578125,3286.6941171621347,3351.99267578125,400,0.0,0.0
2014-05-15 00:00:00+09:00,3351.992700661823,3417.291259765625,3351.992700661823,3417.291259765625,400,0.0,0.0
2014-05-16 00:00:00+09:00,3417.291259765625,3417.291259765625,3417.291259765625,3417.291259765625,0,0.0,0.0
2014-05-19 00:00:00+09:00,3417.291259765625,3417.291259765625,3417.291259765625,3417.291259765625,0,0.0,0.0
2014-05-20 00:00:00+09:00,3473.883544921875,3473.883544921875,3473.883544921875,3473.883544921875,200,0.0,0.0
2014-05-21 00:00:00+09:00,3473.883544921875,3473.883544921875,3473.883544921875,3473.883544921875,0,0.0,0.0
2014-05-22 00:00:00+09:00,3473.883544921875,3473.883544921875,3473.883544921875,3473.883544921875,0,0.0,0.0
2014-05-23 00:00:00+09:00,3473.883544921875,3473.883544921875,3473.883544921875,3473.883544921875,0,0.0,0.0
2014-05-26 00:00:00+09:00,3473.883544921875,3473.883544921875,3473.883544921875,3473.883544921875,0,0.0,0.0
2014-05-27 00:00:00+09:00,3473.883544921875,3473.883544921875,3473.883544921875,3473.883544921875,0,0.0,0.0
2014-05-28 00:00:00+09:00,3473.883544921875,3473.883544921875,3473.883544921875,3473.883544921875,0,0.0,0.0
2014-05-29 00:00:00+09:00,3473.883544921875,3473.883544921875,3473.883544921875,3473.883544921875,0,0.0,0.0
2014-05-30 00:00:00+09:00,3473.883544921875,3473.883544921875,3473.883544921875,3473.883544921875,0,0.0,0.0
2014-06-02 00:00:00+09:00,3473.883544921875,3473.883544921875,3473.883544921875,3473.883544921875,0,0.0,0.0
2014-06-03 00:00:00+09:00,3408.584716796875,3408.584716796875,3408.584716796875,3408.584716796875,200,0.0,0.0
2014-06-04 00:00:00+09:00,3408.584716796875,3408.584716796875,3408.584716796875,3408.584716796875,0,0.0,0.0
2014-06-05 00:00:00+09:00,3343.2861328125,3343.2861328125,3343.2861328125,3343.2861328125,400,0.0,0.0
2014-06-06 00:00:00+09:00,3351.9926848234954,3351.9926848234954,3291.04736328125,3291.04736328125,800,0.0,0.0
2014-06-09 00:00:00+09:00,3291.04736328125,3291.04736328125,3291.04736328125,3291.04736328125,0,0.0,0.0
2014-06-10 00:00:00+09:00,3291.04736328125,3291.04736328125,3291.04736328125,3291.04736328125,0,0.0,0.0
2014-06-11 00:00:00+09:00,3291.04736328125,3291.04736328125,3291.04736328125,3291.04736328125,0,0.0,0.0
2014-06-12 00:00:00+09:00,3291.04736328125,3291.04736328125,3291.04736328125,3291.04736328125,0,0.0,0.0
2014-06-13 00:00:00+09:00,3321.5202504750846,3382.465576171875,3321.5202504750846,3382.465576171875,400,0.0,0.0
2014-06-16 00:00:00+09:00,3439.057373046875,3439.057373046875,3439.057373046875,3439.057373046875,200,0.0,0.0
2014-06-17 00:00:00+09:00,3439.057373046875,3439.057373046875,3439.057373046875,3439.057373046875,0,0.0,0.0
2014-06-18 00:00:00+09:00,3439.057373046875,3439.057373046875,3439.057373046875,3439.057373046875,0,0.0,0.0
2014-06-19 00:00:00+09:00,3408.584716796875,3408.584716796875,3408.584716796875,3408.584716796875,200,0.0,0.0
2014-06-20 00:00:00+09:00,3408.584716796875,3408.584716796875,3408.584716796875,3408.584716796875,200,0.0,0.0
2014-06-23 00:00:00+09:00,3408.584716796875,3408.584716796875,3408.584716796875,3408.584716796875,0,0.0,0.0
2014-06-24 00:00:00+09:00,3343.2862057667107,3343.2862057667107,3321.52001953125,3321.52001953125,600,0.0,0.0
2014-06-25 00:00:00+09:00,3321.52001953125,3321.52001953125,3321.52001953125,3321.52001953125,0,0.0,0.0
2014-06-26 00:00:00+09:00,3386.818603515625,3386.818603515625,3386.818603515625,3386.818603515625,200,0.0,0.0
2014-06-27 00:00:00+09:00,3386.818603515625,3386.818603515625,3386.818603515625,3386.818603515625,0,0.0,0.0
2014-06-30 00:00:00+09:00,3443.41064453125,3443.41064453125,3443.41064453125,3443.41064453125,200,0.0,0.0
2014-07-01 00:00:00+09:00,3443.41064453125,3443.41064453125,3443.41064453125,3443.41064453125,0,0.0,0.0
2014-07-02 00:00:00+09:00,3443.41064453125,3443.41064453125,3443.41064453125,3443.41064453125,0,0.0,0.0
2014-07-03 00:00:00+09:00,3443.41064453125,3443.41064453125,3443.41064453125,3443.41064453125,0,0.0,0.0
2014-07-04 00:00:00+09:00,3443.41064453125,3443.41064453125,3443.41064453125,3443.41064453125,0,0.0,0.0
2014-07-07 00:00:00+09:00,3443.41064453125,3443.41064453125,3443.41064453125,3443.41064453125,0,0.0,0.0
2014-07-08 00:00:00+09:00,3334.57958984375,3334.57958984375,3334.57958984375,3334.57958984375,1000,0.0,0.0
2014-07-09 00:00:00+09:00,3334.57958984375,3334.57958984375,3334.57958984375,3334.57958984375,0,0.0,0.0
2014-07-10 00:00:00+09:00,3334.57958984375,3334.57958984375,3334.57958984375,3334.57958984375,0,0.0,0.0
2014-07-11 00:00:00+09:00,3317.166607306985,3330.226318359375,3308.4601332720586,3330.226318359375,800,0.0,0.0
2014-07-14 00:00:00+09:00,3330.226318359375,3330.226318359375,3330.226318359375,3330.226318359375,0,0.0,0.0
2014-07-15 00:00:00+09:00,3373.7587890625,3373.7587890625,3373.7587890625,3373.7587890625,200,0.0,0.0
2014-07-16 00:00:00+09:00,3308.4601041666665,3308.4601041666665,3177.8629947916666,3264.927734375,4800,0.0,0.0
2014-07-17 00:00:00+09:00,3264.927734375,3264.927734375,3264.927734375,3264.927734375,0,0.0,0.0
2014-07-18 00:00:00+09:00,3264.927734375,3264.927734375,3264.927734375,3264.927734375,200,0.0,0.0
2014-07-22 00:00:00+09:00,3304.10693359375,3304.10693359375,3304.10693359375,3304.10693359375,400,0.0,0.0
2014-07-23 00:00:00+09:00,3304.10693359375,3304.10693359375,3304.10693359375,3304.10693359375,0,0.0,0.0
2014-07-24 00:00:00+09:00,3291.04736328125,3291.04736328125,3291.04736328125,3291.04736328125,200,0.0,0.0
2014-07-25 00:00:00+09:00,3291.04736328125,3291.04736328125,3291.04736328125,3291.04736328125,0,0.0,0.0
2014-07-28 00:00:00+09:00,3291.04736328125,3291.04736328125,3291.04736328125,3291.04736328125,0,0.0,0.0
2014-07-29 00:00:00+09:00,3291.04736328125,3291.04736328125,3291.04736328125,3291.04736328125,800,0.0,0.0
2014-07-30 00:00:00+09:00,3286.694091796875,3286.694091796875,3286.694091796875,3286.694091796875,200,0.0,0.0
2014-07-31 00:00:00+09:00,3286.694091796875,3286.694091796875,3286.694091796875,3286.694091796875,0,0.0,0.0
2014-08-01 00:00:00+09:00,3286.694091796875,3286.694091796875,3286.694091796875,3286.694091796875,400,0.0,0.0
2014-08-04 00:00:00+09:00,3286.694091796875,3286.694091796875,3286.694091796875,3286.694091796875,0,0.0,0.0
2014-08-05 00:00:00+09:00,3539.181884765625,3539.181884765625,3539.181884765625,3539.181884765625,1600,0.0,0.0
2014-08-06 00:00:00+09:00,3539.181884765625,3539.181884765625,3539.181884765625,3539.181884765625,0,0.0,0.0
2014-08-07 00:00:00+09:00,3722.01806640625,3722.01806640625,3722.01806640625,3722.01806640625,1400,0.0,0.0
2014-08-08 00:00:00+09:00,3722.01806640625,3722.01806640625,3722.01806640625,3722.01806640625,0,0.0,0.0
2014-08-11 00:00:00+09:00,3722.01806640625,3722.01806640625,3722.01806640625,3722.01806640625,0,0.0,0.0
2014-08-12 00:00:00+09:00,3722.01806640625,3722.01806640625,3722.01806640625,3722.01806640625,0,0.0,0.0
2014-08-13 00:00:00+09:00,3356.3459379354103,3417.291259765625,3356.3459379354103,3417.291259765625,1200,0.0,0.0
2014-08-14 00:00:00+09:00,3417.291259765625,3417.291259765625,3351.992700661823,3417.291259765625,800,0.0,0.0
2014-08-15 00:00:00+09:00,3417.291259765625,3417.291259765625,3417.291259765625,3417.291259765625,200,0.0,0.0
2014-08-18 00:00:00+09:00,3417.291259765625,3417.291259765625,3417.291259765625,3417.291259765625,0,0.0,0.0
2014-08-19 00:00:00+09:00,3417.291259765625,3417.291259765625,3417.291259765625,3417.291259765625,200,0.0,0.0
2014-08-20 00:00:00+09:00,3351.99267578125,3351.99267578125,3351.99267578125,3351.99267578125,1000,0.0,0.0
2014-08-21 00:00:00+09:00,3351.99267578125,3351.99267578125,3351.99267578125,3351.99267578125,0,0.0,0.0
2014-08-22 00:00:00+09:00,3351.99267578125,3351.99267578125,3351.99267578125,3351.99267578125,0,0.0,0.0
2014-08-25 00:00:00+09:00,3308.460205078125,3308.460205078125,3308.460205078125,3308.460205078125,200,0.0,0.0
2014-08-26 00:00:00+09:00,3308.460205078125,3308.460205078125,3308.460205078125,3308.460205078125,200,0.0,0.0
2014-08-27 00:00:00+09:00,3308.460205078125,3308.460205078125,3308.460205078125,3308.460205078125,0,0.0,0.0
2014-08-28 00:00:00+09:00,3308.460205078125,3308.460205078125,3308.460205078125,3308.460205078125,0,0.0,0.0
2014-08-29 00:00:00+09:00,3308.460205078125,3308.460205078125,3308.460205078125,3308.460205078125,0,0.0,0.0
2014-09-01 00:00:00+09:00,3308.460205078125,3308.460205078125,3308.460205078125,3308.460205078125,0,0.0,0.0
2014-09-02 00:00:00+09:00,3317.166748046875,3317.166748046875,3317.166748046875,3317.166748046875,200,0.0,0.0
2014-09-03 00:00:00+09:00,3317.166748046875,3317.166748046875,3317.166748046875,3317.166748046875,400,0.0,0.0
2014-09-04 00:00:00+09:00,3395.525146484375,3395.525146484375,3395.525146484375,3395.525146484375,1800,0.0,0.0
2014-09-05 00:00:00+09:00,3395.525146484375,3395.525146484375,3395.525146484375,3395.525146484375,0,0.0,0.0
2014-09-08 00:00:00+09:00,3299.7537308542355,3308.460205078125,3299.7537308542355,3308.460205078125,1000,0.0,0.0
2014-09-09 00:00:00+09:00,3308.460205078125,3308.460205078125,3308.460205078125,3308.460205078125,200,0.0,0.0
2014-09-10 00:00:00+09:00,3308.460205078125,3308.460205078125,3308.460205078125,3308.460205078125,0,0.0,0.0
2014-09-11 00:00:00+09:00,3308.460205078125,3308.460205078125,3308.460205078125,3308.460205078125,200,0.0,0.0
2014-09-12 00:00:00+09:00,3308.460205078125,3308.460205078125,3308.460205078125,3308.460205078125,0,0.0,0.0
2014-09-16 00:00:00+09:00,3430.35107421875,3430.35107421875,3430.35107421875,3430.35107421875,200,0.0,0.0
2014-09-17 00:00:00+09:00,3430.35107421875,3430.35107421875,3430.35107421875,3430.35107421875,0,0.0,0.0
2014-09-18 00:00:00+09:00,3430.35107421875,3430.35107421875,3430.35107421875,3430.35107421875,0,0.0,0.0
2014-09-19 00:00:00+09:00,3395.525146484375,3395.525146484375,3395.525146484375,3395.525146484375,200,0.0,0.0
2014-09-22 00:00:00+09:00,3447.763608379389,3447.763608379389,3347.63916015625,3347.63916015625,800,0.0,0.0
2014-09-24 00:00:00+09:00,3291.04736328125,3291.04736328125,3291.04736328125,3291.04736328125,600,0.0,0.0
2014-09-25 00:00:00+09:00,3291.04736328125,3291.04736328125,3291.04736328125,3291.04736328125,0,0.0,0.0
2014-09-26 00:00:00+09:00,3330.226318359375,3330.226318359375,3330.226318359375,3330.226318359375,200,0.0,0.0
2014-09-29 00:00:00+09:00,3330.226318359375,3330.226318359375,3330.226318359375,3330.226318359375,0,0.0,0.0
2014-09-30 00:00:00+09:00,3330.226318359375,3330.226318359375,3330.226318359375,3330.226318359375,0,0.0,0.0
2014-10-01 00:00:00+09:00,3330.226318359375,3330.226318359375,3330.226318359375,3330.226318359375,0,0.0,0.0
2014-10-02 00:00:00+09:00,3330.226318359375,3330.226318359375,3330.226318359375,3330.226318359375,200,0.0,0.0
2014-10-03 00:00:00+09:00,3330.226318359375,3330.226318359375,3330.226318359375,3330.226318359375,0,0.0,0.0
2014-10-06 00:00:00+09:00,3312.813720703125,3312.813720703125,3312.813720703125,3312.813720703125,200,0.0,0.0
2014-10-07 00:00:00+09:00,3351.99267578125,3351.99267578125,3351.99267578125,3351.99267578125,200,0.0,0.0
2014-10-08 00:00:00+09:00,3417.291259765625,3417.291259765625,3417.291259765625,3417.291259765625,200,0.0,0.0
2014-10-09 00:00:00+09:00,3417.291259765625,3417.291259765625,3417.291259765625,3417.291259765625,0,0.0,0.0
2014-10-10 00:00:00+09:00,3286.694100363213,3286.694100363213,3225.748779296875,3225.748779296875,600,0.0,0.0
2014-10-14 00:00:00+09:00,3291.04736328125,3291.04736328125,3291.04736328125,3291.04736328125,200,0.0,0.0
2014-10-15 00:00:00+09:00,3330.226318359375,3330.226318359375,3330.226318359375,3330.226318359375,400,0.0,0.0
2014-10-16 00:00:00+09:00,3330.226318359375,3330.226318359375,3330.226318359375,3330.226318359375,0,0.0,0.0
2014-10-17 00:00:00+09:00,3286.694091796875,3286.694091796875,3286.694091796875,3286.694091796875,200,0.0,0.0
2014-10-20 00:00:00+09:00,3291.04736328125,3291.04736328125,3291.04736328125,3291.04736328125,200,0.0,0.0
2014-10-21 00:00:00+09:00,3291.04736328125,3291.04736328125,3291.04736328125,3291.04736328125,0,0.0,0.0
2014-10-22 00:00:00+09:00,3291.04736328125,3291.04736328125,3291.04736328125,3291.04736328125,0,0.0,0.0
2014-10-23 00:00:00+09:00,3225.748779296875,3225.748779296875,3225.748779296875,3225.748779296875,200,0.0,0.0
2014-10-24 00:00:00+09:00,3264.927734375,3264.927734375,3264.927734375,3264.927734375,200,0.0,0.0
2014-10-27 00:00:00+09:00,3264.927734375,3264.927734375,3264.927734375,3264.927734375,0,0.0,0.0
2014-10-28 00:00:00+09:00,3221.395751953125,3221.395751953125,3221.395751953125,3221.395751953125,200,0.0,0.0
2014-10-29 00:00:00+09:00,3221.395751953125,3221.395751953125,3221.395751953125,3221.395751953125,0,0.0,0.0
2014-10-30 00:00:00+09:00,3225.748813516046,3230.10205078125,3225.748813516046,3230.10205078125,600,0.0,0.0
2014-10-31 00:00:00+09:00,3225.7489894557643,3225.7489894557643,3221.395751953125,3221.395751953125,400,0.0,0.0
2014-11-04 00:00:00+09:00,3264.927763097426,3330.226318359375,3264.927763097426,3330.226318359375,400,0.0,0.0
2014-11-05 00:00:00+09:00,3330.226318359375,3330.226318359375,3330.226318359375,3330.226318359375,0,0.0,0.0
2014-11-06 00:00:00+09:00,3264.9276651800633,3264.9276651800633,3256.22119140625,3256.22119140625,400,0.0,0.0
2014-11-07 00:00:00+09:00,3256.22119140625,3256.22119140625,3256.22119140625,3256.22119140625,600,0.0,0.0
2014-11-10 00:00:00+09:00,3256.22119140625,3256.22119140625,3256.22119140625,3256.22119140625,0,0.0,0.0
2014-11-11 00:00:00+09:00,3321.52001953125,3321.52001953125,3321.52001953125,3321.52001953125,200,0.0,0.0
2014-11-12 00:00:00+09:00,3321.52001953125,3321.52001953125,3321.52001953125,3321.52001953125,0,0.0,0.0
2014-11-13 00:00:00+09:00,3321.52001953125,3321.52001953125,3321.52001953125,3321.52001953125,200,0.0,0.0
2014-11-14 00:00:00+09:00,3256.221499081489,3295.400634765625,3256.221499081489,3295.400634765625,600,0.0,0.0
2014-11-17 00:00:00+09:00,3291.0472223937745,3304.10693359375,3291.0472223937745,3304.10693359375,400,0.0,0.0
2014-11-18 00:00:00+09:00,3238.808349609375,3238.808349609375,3238.808349609375,3238.808349609375,600,0.0,0.0
2014-11-19 00:00:00+09:00,3243.16162109375,3243.16162109375,3243.16162109375,3243.16162109375,400,0.0,0.0
2014-11-20 00:00:00+09:00,3243.16162109375,3251.868095244337,3243.16162109375,3243.16162109375,2400,0.0,0.0
2014-11-21 00:00:00+09:00,3243.16162109375,3243.16162109375,3243.16162109375,3243.16162109375,0,0.0,0.0
2014-11-25 00:00:00+09:00,3243.161307292543,3243.161307292543,3234.454833984375,3234.454833984375,400,0.0,0.0
2014-11-26 00:00:00+09:00,3234.454833984375,3234.454833984375,3234.454833984375,3234.454833984375,2000,0.0,0.0
2014-11-27 00:00:00+09:00,3234.454833984375,3234.454833984375,3234.454833984375,3234.454833984375,1200,0.0,0.0
2014-11-28 00:00:00+09:00,3277.9873046875,3277.9873046875,3277.9873046875,3277.9873046875,400,0.0,0.0
2014-12-01 00:00:00+09:00,3221.395364583333,3264.927734375,3221.395364583333,3264.927734375,800,0.0,0.0
2014-12-02 00:00:00+09:00,3221.395751953125,3221.395751953125,3221.395751953125,3221.395751953125,800,0.0,0.0
2014-12-03 00:00:00+09:00,3264.927734375,3264.927734375,3264.927734375,3264.927734375,600,0.0,0.0
2014-12-04 00:00:00+09:00,3221.3955118093454,3221.3955118093454,3190.9228515625,3190.9228515625,1800,0.0,0.0
2014-12-05 00:00:00+09:00,3190.9228515625,3190.9228515625,3177.863140028138,3190.9228515625,3400,0.0,0.0
2014-12-08 00:00:00+09:00,3190.9229199883075,3199.62939453125,3116.917886373299,3199.62939453125,4000,0.0,0.0
2014-12-09 00:00:00+09:00,3251.868316566781,3251.868316566781,3177.86328125,3177.86328125,2000,0.0,0.0
2014-12-10 00:00:00+09:00,3177.86328125,3177.86328125,3177.86328125,3177.86328125,400,0.0,0.0
2014-12-11 00:00:00+09:00,3160.4503317636986,3177.86328125,3160.4503317636986,3177.86328125,400,0.0,0.0
2014-12-12 00:00:00+09:00,3177.8632470904067,3177.8632470904067,3173.510009765625,3173.510009765625,1000,0.0,0.0
2014-12-15 00:00:00+09:00,3177.863109509698,3177.863109509698,3156.096923828125,3156.096923828125,1200,0.0,0.0
2014-12-16 00:00:00+09:00,3169.15673828125,3169.15673828125,3169.15673828125,3169.15673828125,400,0.0,0.0
2014-12-17 00:00:00+09:00,3177.86328125,3177.86328125,3156.0970943921234,3177.86328125,1000,0.0,0.0
2014-12-18 00:00:00+09:00,3177.863217590586,3177.863217590586,3138.68408203125,3138.68408203125,1000,0.0,0.0
2014-12-19 00:00:00+09:00,3173.5101118244106,3225.7489614017672,3173.5101118244106,3186.56982421875,2600,0.0,0.0
2014-12-22 00:00:00+09:00,3186.569755993151,3186.569755993151,3177.86328125,3177.86328125,1000,0.0,0.0
2014-12-24 00:00:00+09:00,3164.8037109375,3164.8037109375,3164.8037109375,3164.8037109375,200,0.0,0.0
2014-12-25 00:00:00+09:00,3199.629373644044,3199.629373644044,3103.858154296875,3103.858154296875,1800,0.0,0.0
2014-12-26 00:00:00+09:00,3129.9776466209573,3129.9776466209573,3112.564697265625,3112.564697265625,400,0.0,0.0
2014-12-29 00:00:00+09:00,3112.564697265625,3112.564697265625,3112.564697265625,3112.564697265625,200,0.0,0.0
2014-12-30 00:00:00+09:00,3112.564697265625,3112.564697265625,3112.564697265625,3112.564697265625,0,0.0,0.0
2015-01-05 00:00:00+09:00,3116.91748046875,3116.91748046875,3112.5642437641845,3116.91748046875,1600,0.0,0.0
2015-01-06 00:00:00+09:00,3112.564697265625,3112.564697265625,3112.564697265625,3112.564697265625,400,0.0,0.0
2015-01-07 00:00:00+09:00,3112.564697265625,3112.564697265625,3112.564697265625,3112.564697265625,0,0.0,0.0
2015-01-08 00:00:00+09:00,3108.211181640625,3108.211181640625,3108.211181640625,3108.211181640625,200,0.0,0.0
2015-01-09 00:00:00+09:00,3108.211181640625,3108.211181640625,3108.211181640625,3108.211181640625,0,0.0,0.0
2015-01-13 00:00:00+09:00,3108.211181640625,3108.211181640625,3108.211181640625,3108.211181640625,0,0.0,0.0
2015-01-14 00:00:00+09:00,3090.798583984375,3090.798583984375,3090.798583984375,3090.798583984375,200,0.0,0.0
2015-01-15 00:00:00+09:00,3199.6291575712316,3199.6291575712316,3108.211181640625,3108.211181640625,400,0.0,0.0
2015-01-16 00:00:00+09:00,3108.211181640625,3108.211181640625,3108.211181640625,3108.211181640625,0,0.0,0.0
2015-01-19 00:00:00+09:00,3090.798583984375,3090.798583984375,3090.798583984375,3090.798583984375,600,0.0,0.0
2015-01-20 00:00:00+09:00,3090.798060241358,3116.91748046875,3090.798060241358,3116.91748046875,1600,0.0,0.0
2015-01-21 00:00:00+09:00,3116.91748046875,3116.91748046875,3116.91748046875,3116.91748046875,0,0.0,0.0
2015-01-22 00:00:00+09:00,3090.7982993224846,3147.390380859375,3090.7982993224846,3147.390380859375,1000,0.0,0.0
2015-01-23 00:00:00+09:00,3147.390380859375,3147.390380859375,3147.390380859375,3147.390380859375,0,0.0,0.0
2015-01-26 00:00:00+09:00,3147.390380859375,3147.390380859375,3147.390380859375,3147.390380859375,0,0.0,0.0
2015-01-27 00:00:00+09:00,3090.7985157077596,3090.7985157077596,3082.092041015625,3082.092041015625,2000,0.0,0.0
2015-01-28 00:00:00+09:00,3064.679273962804,3064.679273962804,3021.146897912196,3042.9130859375,4200,0.0,0.0
2015-01-29 00:00:00+09:00,3025.5,3025.5,3025.5,3025.5,200,0.0,0.0
2015-01-30 00:00:00+09:00,3025.5003113931357,3034.206787109375,3025.5003113931357,3034.206787109375,600,0.0,0.0
2015-02-02 00:00:00+09:00,3025.4999019873403,3025.4999019873403,2981.967529296875,2981.967529296875,1800,0.0,0.0
2015-02-03 00:00:00+09:00,2981.967529296875,2981.967529296875,2981.967529296875,2981.967529296875,600,0.0,0.0
2015-02-04 00:00:00+09:00,2981.967529296875,2981.967529296875,2981.967529296875,2981.967529296875,0,0.0,0.0
2015-02-05 00:00:00+09:00,2986.3207665659215,2986.3207665659215,2981.967529296875,2981.967529296875,600,0.0,0.0
2015-02-06 00:00:00+09:00,2981.9675387568695,2986.3207760397263,2921.022216796875,2921.022216796875,3000,0.0,0.0
2015-02-09 00:00:00+09:00,2921.022216796875,2921.022216796875,2921.022216796875,2921.022216796875,0,0.0,0.0
2015-02-10 00:00:00+09:00,3008.0869140625,3008.0869140625,3008.0869140625,3008.0869140625,200,0.0,0.0
2015-02-12 00:00:00+09:00,3008.0869140625,3008.0869140625,3008.0869140625,3008.0869140625,200,0.0,0.0
2015-02-13 00:00:00+09:00,3042.9130859375,3042.9130859375,3042.9130859375,3042.9130859375,200,0.0,0.0
2015-02-16 00:00:00+09:00,3047.26611328125,3047.26611328125,3047.26611328125,3047.26611328125,400,0.0,0.0
2015-02-17 00:00:00+09:00,3047.26611328125,3047.26611328125,3047.26611328125,3047.26611328125,200,0.0,0.0
2015-02-18 00:00:00+09:00,3021.14697265625,3021.14697265625,3021.14697265625,3021.14697265625,200,0.0,0.0
2015-02-19 00:00:00+09:00,3025.5,3025.5,3025.5,3025.5,200,0.0,0.0
2015-02-20 00:00:00+09:00,3090.798583984375,3090.798583984375,3090.798583984375,3090.798583984375,600,0.0,0.0
2015-02-23 00:00:00+09:00,3090.798583984375,3090.798583984375,3090.798583984375,3090.798583984375,0,0.0,0.0
2015-02-24 00:00:00+09:00,3090.798583984375,3090.798583984375,3090.798583984375,3090.798583984375,0,0.0,0.0
2015-02-25 00:00:00+09:00,3090.798583984375,3090.798583984375,3090.798583984375,3090.798583984375,0,0.0,0.0
2015-02-26 00:00:00+09:00,3047.2660701371847,3103.858154296875,3047.2660701371847,3103.858154296875,400,0.0,0.0
2015-02-27 00:00:00+09:00,3108.211181640625,3108.211181640625,3108.211181640625,3108.211181640625,200,0.0,0.0
2015-03-02 00:00:00+09:00,3112.564697265625,3112.564697265625,3112.564697265625,3112.564697265625,400,0.0,0.0
2015-03-03 00:00:00+09:00,3112.564697265625,3112.564697265625,3112.564697265625,3112.564697265625,600,0.0,0.0
2015-03-04 00:00:00+09:00,3112.564697265625,3112.564697265625,3112.564697265625,3112.564697265625,0,0.0,0.0
2015-03-05 00:00:00+09:00,3112.564697265625,3112.564697265625,3112.564697265625,3112.564697265625,1000,0.0,0.0
2015-03-06 00:00:00+09:00,3177.863430447049,3177.863430447049,3134.3310546875,3134.3310546875,400,0.0,0.0
2015-03-09 00:00:00+09:00,3099.5051540798613,3134.3310546875,3099.5051540798613,3134.3310546875,800,0.0,0.0
2015-03-10 00:00:00+09:00,3108.211181640625,3108.211181640625,3108.211181640625,3108.211181640625,200,0.0,0.0
2015-03-11 00:00:00+09:00,3103.8583304489716,3103.8583304489716,3095.15185546875,3095.15185546875,400,0.0,0.0
2015-03-12 00:00:00+09:00,3147.390380859375,3147.390380859375,3147.390380859375,3147.390380859375,200,0.0,0.0
2015-03-13 00:00:00+09:00,3134.3310546875,3134.3310546875,3134.3310546875,3134.3310546875,200,0.0,0.0
2015-03-16 00:00:00+09:00,3129.9775047195985,3129.9775047195985,3125.624267578125,3125.624267578125,800,0.0,0.0
2015-03-17 00:00:00+09:00,3125.624267578125,3125.624267578125,3125.624267578125,3125.624267578125,600,0.0,0.0
2015-03-18 00:00:00+09:00,3125.624267578125,3125.624267578125,3125.624267578125,3125.624267578125,400,0.0,0.0
2015-03-19 00:00:00+09:00,3125.6244776684534,3125.6244776684534,3121.271240234375,3121.271240234375,800,0.0,0.0
2015-03-20 00:00:00+09:00,3121.271171943291,3121.271171943291,3112.564697265625,3112.564697265625,1200,0.0,0.0
2015-03-23 00:00:00+09:00,3125.6239538778805,3125.6239538778805,3112.5642437641845,3116.91748046875,800,0.0,0.0
2015-03-24 00:00:00+09:00,3151.74368669181,3156.096923828125,3151.74368669181,3156.096923828125,400,0.0,0.0
2015-03-25 00:00:00+09:00,3147.3903463685942,3147.3903463685942,3143.037109375,3143.037109375,400,0.0,0.0
2015-03-26 00:00:00+09:00,3129.977190582446,3129.977190582446,3116.91748046875,3116.91748046875,600,0.0,0.0
2015-03-27 00:00:00+09:00,3116.91748046875,3116.91748046875,3116.91748046875,3116.91748046875,200,0.0,0.0
2015-03-30 00:00:00+09:00,3116.9180028002966,3121.271240234375,3116.9180028002966,3121.271240234375,400,0.0,0.0
2015-03-31 00:00:00+09:00,3164.8031880192193,3164.8031880192193,3160.449951171875,3160.449951171875,400,0.0,0.0
2015-04-01 00:00:00+09:00,3195.2760887406207,3195.2760887406207,3173.509902850017,3190.9228515625,1000,0.0,0.0
2015-04-02 00:00:00+09:00,3190.9227109162703,3203.982421875,3190.9227109162703,3203.982421875,400,0.0,0.0
2015-04-03 00:00:00+09:00,3199.62950240734,3199.62950240734,3182.216552734375,3182.216552734375,600,0.0,0.0
2015-04-06 00:00:00+09:00,3203.9825932017548,3230.1020165158993,3203.9825932017548,3225.748779296875,1000,0.0,0.0
2015-04-07 00:00:00+09:00,3256.22119140625,3256.22119140625,3256.22119140625,3256.22119140625,200,0.0,0.0
2015-04-08 00:00:00+09:00,3225.748360676207,3234.454833984375,3225.748360676207,3234.454833984375,400,0.0,0.0
2015-04-09 00:00:00+09:00,3234.454833984375,3234.454833984375,3234.454833984375,3234.454833984375,0,0.0,0.0
2015-04-10 00:00:00+09:00,3234.4551125803305,3238.808349609375,3234.4551125803305,3238.808349609375,800,0.0,0.0
2015-04-13 00:00:00+09:00,3238.8083125,3264.927734375,3217.0421276041666,3264.927734375,1400,0.0,0.0
2015-04-14 00:00:00+09:00,3264.927905758485,3286.694091796875,3264.927905758485,3286.694091796875,800,0.0,0.0
2015-04-15 00:00:00+09:00,3277.9874453125,3277.9874453125,3264.927734375,3264.927734375,400,0.0,0.0
2015-04-16 00:00:00+09:00,3282.3407824064557,3308.460205078125,3282.3407824064557,3308.460205078125,2000,0.0,0.0
2015-04-17 00:00:00+09:00,3286.694091796875,3286.694091796875,3286.694091796875,3286.694091796875,200,0.0,0.0
2015-04-20 00:00:00+09:00,3291.04736328125,3291.04736328125,3291.04736328125,3291.04736328125,400,0.0,0.0
2015-04-21 00:00:00+09:00,3291.04736328125,3291.04736328125,3291.04736328125,3291.04736328125,0,0.0,0.0
2015-04-22 00:00:00+09:00,3291.04736328125,3291.04736328125,3291.04736328125,3291.04736328125,0,0.0,0.0
2015-04-23 00:00:00+09:00,3221.395751953125,3221.395751953125,3221.395751953125,3221.395751953125,600,0.0,0.0
2015-04-24 00:00:00+09:00,3243.161446240692,3251.867919921875,3243.161446240692,3251.867919921875,600,0.0,0.0
2015-04-27 00:00:00+09:00,3125.114990234375,3125.114990234375,3125.114990234375,3125.114990234375,200,15.0,0.0
2015-04-28 00:00:00+09:00,3146.968887544014,3146.968887544014,3081.4070357201804,3103.260986328125,800,0.0,0.0
2015-04-30 00:00:00+09:00,3164.4521484375,3164.4521484375,3164.4521484375,3164.4521484375,200,0.0,0.0
2015-05-01 00:00:00+09:00,3208.16064453125,3208.16064453125,3208.16064453125,3208.16064453125,400,0.0,0.0
2015-05-07 00:00:00+09:00,3238.755859375,3238.755859375,3238.755859375,3238.755859375,200,0.0,0.0
2015-05-08 00:00:00+09:00,3238.755859375,3238.755859375,3238.755859375,3238.755859375,200,0.0,0.0
2015-05-11 00:00:00+09:00,3190.677001953125,3190.677001953125,3190.677001953125,3190.677001953125,200,0.0,0.0
2015-05-12 00:00:00+09:00,3225.643310546875,3225.643310546875,3225.643310546875,3225.643310546875,200,0.0,0.0
2015-05-13 00:00:00+09:00,3230.0141156758345,3230.0141156758345,3190.677001953125,3190.677001953125,600,0.0,0.0
2015-05-14 00:00:00+09:00,3212.531005859375,3234.384958280187,3212.531005859375,3212.531005859375,2000,0.0,0.0
2015-05-15 00:00:00+09:00,3251.867919921875,3251.867919921875,3251.867919921875,3251.867919921875,400,0.0,0.0
2015-05-18 00:00:00+09:00,3251.867919921875,3251.867919921875,3251.867919921875,3251.867919921875,0,0.0,0.0
2015-05-19 00:00:00+09:00,3120.7445361328123,3120.7445361328123,3059.553466796875,3059.553466796875,1200,0.0,0.0
2015-05-20 00:00:00+09:00,3068.2951880867527,3142.5986328125,3055.1828154880914,3142.5986328125,1200,0.0,0.0
2015-05-21 00:00:00+09:00,3168.822998046875,3168.822998046875,3168.822998046875,3168.822998046875,400,0.0,0.0
2015-05-22 00:00:00+09:00,3168.822998046875,3168.822998046875,3168.822998046875,3168.822998046875,0,0.0,0.0
2015-05-25 00:00:00+09:00,3168.822998046875,3168.822998046875,3168.822998046875,3168.822998046875,0,0.0,0.0
2015-05-26 00:00:00+09:00,3168.822998046875,3168.822998046875,3168.822998046875,3168.822998046875,0,0.0,0.0
2015-05-27 00:00:00+09:00,3168.822998046875,3168.822998046875,3168.822998046875,3168.822998046875,0,0.0,0.0
2015-05-28 00:00:00+09:00,3168.822998046875,3168.822998046875,3168.822998046875,3168.822998046875,0,0.0,0.0
2015-05-29 00:00:00+09:00,3085.7780097132845,3098.890380859375,3085.7780097132845,3098.890380859375,400,0.0,0.0
2015-06-01 00:00:00+09:00,3098.890380859375,3098.890380859375,3098.890380859375,3098.890380859375,0,0.0,0.0
2015-06-02 00:00:00+09:00,3077.036298076923,3125.114990234375,3077.036298076923,3125.114990234375,400,0.0,0.0
2015-06-03 00:00:00+09:00,3125.114990234375,3125.114990234375,3125.114990234375,3125.114990234375,0,0.0,0.0
2015-06-04 00:00:00+09:00,3125.114990234375,3125.114990234375,3125.114990234375,3125.114990234375,0,0.0,0.0
2015-06-05 00:00:00+09:00,3125.114990234375,3125.114990234375,3125.114990234375,3125.114990234375,0,0.0,0.0
2015-06-08 00:00:00+09:00,3273.7216796875,3273.7216796875,3273.7216796875,3273.7216796875,1000,0.0,0.0
2015-06-09 00:00:00+09:00,3208.16064453125,3208.16064453125,3208.16064453125,3208.16064453125,200,0.0,0.0
2015-06-10 00:00:00+09:00,3090.148681640625,3090.148681640625,3090.148681640625,3090.148681640625,1200,0.0,0.0
2015-06-11 00:00:00+09:00,3125.115293364285,3129.486083984375,3125.115293364285,3129.486083984375,600,0.0,0.0
2015-06-12 00:00:00+09:00,3190.6768565737716,3190.6768565737716,3090.148681640625,3090.148681640625,1000,0.0,0.0
2015-06-15 00:00:00+09:00,3151.3396776656027,3151.3396776656027,3094.519406084947,3103.260986328125,1600,0.0,0.0
2015-06-16 00:00:00+09:00,3164.452115286864,3164.452115286864,3090.148681640625,3090.148681640625,2200,0.0,0.0
2015-06-17 00:00:00+09:00,3142.598097422425,3142.598097422425,3103.260986328125,3103.260986328125,400,0.0,0.0
2015-06-18 00:00:00+09:00,3146.9693142969845,3146.9693142969845,3103.261407153971,3116.373779296875,600,0.0,0.0
2015-06-19 00:00:00+09:00,3142.598455844645,3142.598455844645,3129.486083984375,3129.486083984375,400,0.0,0.0
2015-06-22 00:00:00+09:00,3195.047607421875,3195.047607421875,3195.047607421875,3195.047607421875,600,0.0,0.0
2015-06-23 00:00:00+09:00,3195.047607421875,3195.047607421875,3195.047607421875,3195.047607421875,200,0.0,0.0
2015-06-24 00:00:00+09:00,3195.047607421875,3195.047607421875,3195.047607421875,3195.047607421875,200,0.0,0.0
2015-06-25 00:00:00+09:00,3195.047607421875,3195.047607421875,3195.047607421875,3195.047607421875,200,0.0,0.0
2015-06-26 00:00:00+09:00,3212.531005859375,3212.531005859375,3212.531005859375,3212.531005859375,200,0.0,0.0
2015-06-29 00:00:00+09:00,3230.014404296875,3230.014404296875,3230.014404296875,3230.014404296875,200,0.0,0.0
2015-06-30 00:00:00+09:00,3230.014404296875,3230.014404296875,3230.014404296875,3230.014404296875,200,0.0,0.0
2015-07-01 00:00:00+09:00,3234.38525390625,3234.38525390625,3234.38525390625,3234.38525390625,400,0.0,0.0
2015-07-02 00:00:00+09:00,3234.38525390625,3234.38525390625,3234.38525390625,3234.38525390625,200,0.0,0.0
2015-07-03 00:00:00+09:00,3190.677152665634,3190.677152665634,3129.486083984375,3129.486083984375,600,0.0,0.0
2015-07-06 00:00:00+09:00,3221.272705078125,3221.272705078125,3221.272705078125,3221.272705078125,200,0.0,0.0
2015-07-07 00:00:00+09:00,3247.4970703125,3247.4970703125,3247.4970703125,3247.4970703125,200,0.0,0.0
2015-07-08 00:00:00+09:00,3251.867919921875,3251.867919921875,3251.867919921875,3251.867919921875,200,0.0,0.0
2015-07-09 00:00:00+09:00,3243.1267011528066,3243.1267011528066,3133.85693359375,3133.85693359375,400,0.0,0.0
2015-07-10 00:00:00+09:00,3164.4521484375,3164.4521484375,3164.4521484375,3164.4521484375,200,0.0,0.0
2015-07-13 00:00:00+09:00,3195.047607421875,3195.047607421875,3195.047607421875,3195.047607421875,200,0.0,0.0
2015-07-14 00:00:00+09:00,3195.0477777910105,3225.643310546875,3195.0477777910105,3225.643310546875,400,0.0,0.0
2015-07-15 00:00:00+09:00,3225.6433252622005,3225.6433252622005,3190.677001953125,3190.677001953125,400,0.0,0.0
2015-07-16 00:00:00+09:00,3190.6769873973153,3225.643310546875,3190.6769873973153,3225.643310546875,400,0.0,0.0
2015-07-17 00:00:00+09:00,3225.643310546875,3225.643310546875,3225.643310546875,3225.643310546875,200,0.0,0.0
2015-07-21 00:00:00+09:00,3225.643310546875,3225.643310546875,3225.643310546875,3225.643310546875,400,0.0,0.0
2015-07-22 00:00:00+09:00,3225.643310546875,3225.643310546875,3225.643310546875,3225.643310546875,0,0.0,0.0
2015-07-23 00:00:00+09:00,3221.272705078125,3221.272705078125,3221.272705078125,3221.272705078125,200,0.0,0.0
2015-07-24 00:00:00+09:00,3221.272705078125,3221.272705078125,3221.272705078125,3221.272705078125,0,0.0,0.0
2015-07-27 00:00:00+09:00,3186.3064297164547,3243.126708984375,3186.3064297164547,3243.126708984375,400,0.0,0.0
2015-07-28 00:00:00+09:00,3256.239013671875,3256.239013671875,3256.239013671875,3256.239013671875,1000,0.0,0.0
2015-07-29 00:00:00+09:00,3256.239013671875,3256.239013671875,3256.239013671875,3256.239013671875,0,0.0,0.0
2015-07-30 00:00:00+09:00,3256.239013671875,3256.239013671875,3256.239013671875,3256.239013671875,0,0.0,0.0
2015-07-31 00:00:00+09:00,3225.643310546875,3225.643310546875,3225.643310546875,3225.643310546875,200,0.0,0.0
2015-08-03 00:00:00+09:00,3190.677001953125,3190.677001953125,3190.677001953125,3190.677001953125,200,0.0,0.0
2015-08-04 00:00:00+09:00,3190.6769497575433,3190.6769497575433,3168.822998046875,3168.822998046875,1000,0.0,0.0
2015-08-05 00:00:00+09:00,3256.23886570786,3256.23886570786,3168.823057232481,3173.19384765625,2400,0.0,0.0
2015-08-06 00:00:00+09:00,3234.38525390625,3234.38525390625,3234.38525390625,3234.38525390625,1200,0.0,0.0
2015-08-07 00:00:00+09:00,3199.418470519682,3199.418470519682,3164.4521484375,3164.4521484375,600,0.0,0.0
2015-08-10 00:00:00+09:00,3164.4521484375,3164.4521484375,3164.4521484375,3164.4521484375,200,0.0,0.0
2015-08-11 00:00:00+09:00,3164.4522077047413,3168.822998046875,3164.4522077047413,3168.822998046875,400,0.0,0.0
2015-08-12 00:00:00+09:00,3168.8228509364985,3168.8228509364985,3068.294677734375,3068.294677734375,1400,0.0,0.0
2015-08-13 00:00:00+09:00,3068.2947176846587,3125.114990234375,3068.2947176846587,3125.114990234375,400,0.0,0.0
2015-08-14 00:00:00+09:00,3125.114990234375,3125.114990234375,3125.114990234375,3125.114990234375,200,0.0,0.0
2015-08-17 00:00:00+09:00,3212.531005859375,3212.531005859375,3212.531005859375,3212.531005859375,400,0.0,0.0
2015-08-18 00:00:00+09:00,3212.531005859375,3212.531005859375,3212.531005859375,3212.531005859375,200,0.0,0.0
2015-08-19 00:00:00+09:00,3203.78955078125,3203.78955078125,3203.78955078125,3203.78955078125,200,0.0,0.0
2015-08-20 00:00:00+09:00,3203.78915912467,3203.78915912467,3103.260986328125,3103.260986328125,800,0.0,0.0
2015-08-21 00:00:00+09:00,3138.2275618858444,3138.2275618858444,3085.778076171875,3085.778076171875,400,0.0,0.0
2015-08-24 00:00:00+09:00,3081.4073577425374,3081.4073577425374,2928.4296875,2928.4296875,1000,0.0,0.0
2015-08-25 00:00:00+09:00,3015.845458984375,3015.845458984375,3015.845458984375,3015.845458984375,200,0.0,0.0
2015-08-26 00:00:00+09:00,2950.28371681455,2950.28371681455,2897.834228515625,2897.834228515625,1200,0.0,0.0
2015-08-27 00:00:00+09:00,2941.5419476980187,2941.5419476980187,2902.204833984375,2902.204833984375,400,0.0,0.0
2015-08-28 00:00:00+09:00,2928.42948902338,2967.7666015625,2928.42948902338,2967.7666015625,600,0.0,0.0
2015-08-31 00:00:00+09:00,2967.7669219970703,2967.7669219970703,2937.17138671875,2937.17138671875,400,0.0,0.0
2015-09-01 00:00:00+09:00,2937.17138671875,2937.17138671875,2937.17138671875,2937.17138671875,200,0.0,0.0
2015-09-02 00:00:00+09:00,2937.17138671875,2937.17138671875,2937.17138671875,2937.17138671875,200,0.0,0.0
2015-09-03 00:00:00+09:00,2972.137451171875,2972.137451171875,2972.137451171875,2972.137451171875,200,0.0,0.0
2015-09-04 00:00:00+09:00,2928.4296875,2928.4296875,2928.4296875,2928.4296875,200,0.0,0.0
2015-09-07 00:00:00+09:00,2884.7216796875,2884.7216796875,2884.7216796875,2884.7216796875,200,0.0,0.0
2015-09-08 00:00:00+09:00,2884.7217178344727,2884.7217178344727,2797.305908203125,2797.305908203125,1400,0.0,0.0
2015-09-09 00:00:00+09:00,2880.3505859375,2880.3505859375,2880.3505859375,2880.3505859375,400,0.0,0.0
2015-09-10 00:00:00+09:00,2884.7216796875,2884.7216796875,2884.7216796875,2884.7216796875,200,0.0,0.0
2015-09-11 00:00:00+09:00,2884.7216796875,2884.7216796875,2884.7216796875,2884.7216796875,200,0.0,0.0
2015-09-14 00:00:00+09:00,2967.7666015625,2967.7666015625,2967.7666015625,2967.7666015625,200,0.0,0.0
2015-09-15 00:00:00+09:00,2972.1373918446243,2972.1373918446243,2967.7666015625,2967.7666015625,600,0.0,0.0
2015-09-16 00:00:00+09:00,2967.7666015625,2967.7666015625,2967.7666015625,2967.7666015625,0,0.0,0.0
2015-09-17 00:00:00+09:00,2967.7666015625,2967.7666015625,2967.7666015625,2967.7666015625,0,0.0,0.0
2015-09-18 00:00:00+09:00,2937.17138671875,2937.17138671875,2937.17138671875,2937.17138671875,200,0.0,0.0
2015-09-24 00:00:00+09:00,3007.103759765625,3007.103759765625,3007.103759765625,3007.103759765625,400,0.0,0.0
2015-09-25 00:00:00+09:00,2915.317138671875,2915.317138671875,2915.317138671875,2915.317138671875,200,0.0,0.0
2015-09-28 00:00:00+09:00,2906.575439453125,2906.575439453125,2906.575439453125,2906.575439453125,200,0.0,0.0
2015-09-29 00:00:00+09:00,2875.97998046875,2875.97998046875,2875.97998046875,2875.97998046875,200,0.0,0.0
2015-09-30 00:00:00+09:00,2875.97998046875,2875.97998046875,2875.97998046875,2875.97998046875,0,0.0,0.0
2015-10-01 00:00:00+09:00,2875.97998046875,2875.97998046875,2875.97998046875,2875.97998046875,0,0.0,0.0
2015-10-02 00:00:00+09:00,2757.9688247289414,2757.9688247289414,2727.373291015625,2727.373291015625,600,0.0,0.0
2015-10-05 00:00:00+09:00,2727.3733338270144,2766.71044921875,2727.3733338270144,2766.71044921875,400,0.0,0.0
2015-10-06 00:00:00+09:00,2766.71044921875,2766.71044921875,2766.71044921875,2766.71044921875,200,0.0,0.0
2015-10-07 00:00:00+09:00,2766.71044921875,2766.71044921875,2766.71044921875,2766.71044921875,200,0.0,0.0
2015-10-08 00:00:00+09:00,2766.71044921875,2766.71044921875,2766.71044921875,2766.71044921875,0,0.0,0.0
2015-10-09 00:00:00+09:00,2766.71044921875,2766.71044921875,2766.71044921875,2766.71044921875,200,0.0,0.0
2015-10-13 00:00:00+09:00,2766.71044921875,2766.71044921875,2766.71044921875,2766.71044921875,200,0.0,0.0
2015-10-14 00:00:00+09:00,2766.71044921875,2766.71044921875,2766.71044921875,2766.71044921875,0,0.0,0.0
2015-10-15 00:00:00+09:00,2806.047607421875,2806.047607421875,2806.047607421875,2806.047607421875,200,0.0,0.0
2015-10-16 00:00:00+09:00,2775.4520980592756,2775.4520980592756,2753.59814453125,2753.59814453125,400,0.0,0.0
2015-10-19 00:00:00+09:00,2753.59814453125,2753.59814453125,2753.59814453125,2753.59814453125,800,0.0,0.0
2015-10-20 00:00:00+09:00,2753.59814453125,2753.59814453125,2753.59814453125,2753.59814453125,400,0.0,0.0
2015-10-21 00:00:00+09:00,2709.8896484375,2709.8896484375,2709.8896484375,2709.8896484375,200,0.0,0.0
2015-10-22 00:00:00+09:00,2709.8896484375,2709.8896484375,2709.8896484375,2709.8896484375,200,0.0,0.0
2015-10-23 00:00:00+09:00,2709.8896484375,2709.8896484375,2709.8896484375,2709.8896484375,200,0.0,0.0
2015-10-26 00:00:00+09:00,2709.8896484375,2709.8896484375,2709.8896484375,2709.8896484375,200,0.0,0.0
2015-10-27 00:00:00+09:00,2705.519168402426,2709.8899586583266,2696.777587890625,2696.777587890625,1000,0.0,0.0
2015-10-28 00:00:00+09:00,2692.4064894153225,2709.8896484375,2692.4064894153225,2709.8896484375,400,0.0,0.0
2015-10-29 00:00:00+09:00,2692.4072265625,2692.4072265625,2692.4072265625,2692.4072265625,200,0.0,0.0
2015-10-30 00:00:00+09:00,2696.7772791708667,2709.8896484375,2696.7772791708667,2709.8896484375,400,0.0,0.0
2015-11-02 00:00:00+09:00,2709.8896484375,2709.8896484375,2709.8896484375,2709.8896484375,0,0.0,0.0
2015-11-04 00:00:00+09:00,2709.8896484375,2709.8896484375,2709.8896484375,2709.8896484375,400,0.0,0.0
2015-11-05 00:00:00+09:00,2709.8896484375,2709.8896484375,2705.5188586819554,2709.8896484375,1000,0.0,0.0
2015-11-06 00:00:00+09:00,2692.4072265625,2692.4072265625,2692.4072265625,2692.4072265625,200,0.0,0.0
2015-11-09 00:00:00+09:00,2692.4072265625,2692.4072265625,2692.4072265625,2692.4072265625,200,0.0,0.0
2015-11-10 00:00:00+09:00,2688.0364650611086,2749.2275390625,2688.0364650611086,2749.2275390625,1400,0.0,0.0
2015-11-11 00:00:00+09:00,2753.59814453125,2753.59814453125,2753.59814453125,2753.59814453125,600,0.0,0.0
2015-11-12 00:00:00+09:00,2753.5979595879558,2757.96875,2753.5979595879558,2757.96875,1000,0.0,0.0
2015-11-13 00:00:00+09:00,2736.11468671875,2736.11468671875,2731.743896484375,2731.743896484375,600,0.0,0.0
2015-11-16 00:00:00+09:00,2775.451955795288,2797.305908203125,2775.451955795288,2797.305908203125,800,0.0,0.0
2015-11-17 00:00:00+09:00,2797.305908203125,2797.305908203125,2797.305908203125,2797.305908203125,0,0.0,0.0
2015-11-18 00:00:00+09:00,2797.305908203125,2797.305908203125,2797.305908203125,2797.305908203125,0,0.0,0.0
2015-11-19 00:00:00+09:00,2797.305908203125,2797.305908203125,2797.305908203125,2797.305908203125,0,0.0,0.0
2015-11-20 00:00:00+09:00,2797.305908203125,2797.305908203125,2797.305908203125,2797.305908203125,400,0.0,0.0
2015-11-24 00:00:00+09:00,2740.4855506674758,2740.4855506674758,2701.1484375,2701.1484375,400,0.0,0.0
2015-11-25 00:00:00+09:00,2709.8903041517146,2740.48583984375,2709.8903041517146,2740.48583984375,400,0.0,0.0
2015-11-26 00:00:00+09:00,2714.260748914227,2714.260748914227,2696.777587890625,2696.777587890625,800,0.0,0.0
2015-11-27 00:00:00+09:00,2696.777587890625,2696.777587890625,2696.777587890625,2696.777587890625,200,0.0,0.0
2015-11-30 00:00:00+09:00,2696.777587890625,2696.777587890625,2696.777587890625,2696.777587890625,200,0.0,0.0
2015-12-01 00:00:00+09:00,2688.0361328125,2688.0361328125,2688.0361328125,2688.0361328125,200,0.0,0.0
2015-12-02 00:00:00+09:00,2683.6654092626636,2683.6654092626636,2674.923828125,2674.923828125,400,0.0,0.0
2015-12-03 00:00:00+09:00,2648.6992099449285,2666.182373046875,2648.6992099449285,2666.182373046875,400,0.0,0.0
2015-12-04 00:00:00+09:00,2639.95703125,2644.3278210368376,2639.95703125,2639.95703125,800,0.0,0.0
2015-12-07 00:00:00+09:00,2639.957527669271,2639.957527669271,2622.474365234375,2622.474365234375,2200,0.0,0.0
2015-12-08 00:00:00+09:00,2618.103523421087,2618.103523421087,2600.620361328125,2600.620361328125,2400,0.0,0.0
2015-12-09 00:00:00+09:00,2600.620203478583,2600.620203478583,2535.058349609375,2535.058349609375,2000,0.0,0.0
2015-12-10 00:00:00+09:00,2517.575447989511,2517.575447989511,2500.09228515625,2500.09228515625,2600,0.0,0.0
2015-12-11 00:00:00+09:00,2513.2041015625,2513.2041015625,2513.2041015625,2513.2041015625,200,0.0,0.0
2015-12-14 00:00:00+09:00,2491.350830078125,2491.350830078125,2447.6429207785086,2491.350830078125,2200,0.0,0.0
2015-12-15 00:00:00+09:00,2491.3507712955843,2491.3507712955843,2486.97998046875,2486.97998046875,1000,0.0,0.0
2015-12-16 00:00:00+09:00,2465.1260844983553,2491.350830078125,2465.1260844983553,2491.350830078125,800,0.0,0.0
2015-12-17 00:00:00+09:00,2491.350353960465,2491.350353960465,2456.384033203125,2456.384033203125,1200,0.0,0.0
2015-12-18 00:00:00+09:00,2456.3844037737167,2460.7551945277623,2447.642822265625,2447.642822265625,1800,0.0,0.0
2015-12-21 00:00:00+09:00,2447.642978766026,2447.642978766026,2386.451904296875,2386.451904296875,1600,0.0,0.0
2015-12-22 00:00:00+09:00,2386.451563784951,2390.822354194813,2325.260498046875,2325.260498046875,6400,0.0,0.0
2015-12-24 00:00:00+09:00,2338.3728692764626,2338.3728692764626,2294.664965177837,2325.260498046875,2000,0.0,0.0
2015-12-25 00:00:00+09:00,2325.260498046875,2325.260498046875,2325.260498046875,2325.260498046875,0,0.0,0.0
2015-12-28 00:00:00+09:00,2368.9683874059606,2368.9683874059606,2360.226806640625,2360.226806640625,4600,0.0,0.0
2015-12-29 00:00:00+09:00,2382.0810835446473,2382.0810835446473,2329.631591796875,2329.631591796875,2600,0.0,0.0
2015-12-30 00:00:00+09:00,2347.1149103501266,2377.71044921875,2347.1149103501266,2377.71044921875,400,0.0,0.0
2016-01-04 00:00:00+09:00,2377.71044921875,2377.71044921875,2377.71044921875,2377.71044921875,200,0.0,0.0
2016-01-05 00:00:00+09:00,2351.485166758465,2355.85595703125,2351.485166758465,2355.85595703125,400,0.0,0.0
2016-01-06 00:00:00+09:00,2355.8558975843694,2355.8558975843694,2351.485107421875,2351.485107421875,600,0.0,0.0
2016-01-07 00:00:00+09:00,2351.485107421875,2351.485107421875,2351.485107421875,2351.485107421875,200,0.0,0.0
2016-01-08 00:00:00+09:00,2338.3730046377436,2338.3730046377436,2299.035888671875,2299.035888671875,600,0.0,0.0
2016-01-12 00:00:00+09:00,2294.6650980090008,2299.035888671875,2255.327982043132,2299.035888671875,800,0.0,0.0
2016-01-13 00:00:00+09:00,2277.181884765625,2277.181884765625,2277.181884765625,2277.181884765625,200,0.0,0.0
2016-01-14 00:00:00+09:00,2277.1818331932836,2277.1818331932836,2255.327880859375,2255.327880859375,400,0.0,0.0
2016-01-15 00:00:00+09:00,2312.148061021466,2355.855963876314,2312.148061021466,2338.372802734375,1000,0.0,0.0
2016-01-18 00:00:00+09:00,2338.372802734375,2338.372802734375,2338.372802734375,2338.372802734375,200,0.0,0.0
2016-01-19 00:00:00+09:00,2250.95703125,2250.95703125,2250.95703125,2250.95703125,200,0.0,0.0
2016-01-20 00:00:00+09:00,2294.665283203125,2294.665283203125,2294.665283203125,2294.665283203125,400,0.0,0.0
2016-01-21 00:00:00+09:00,2242.215576171875,2242.215576171875,2242.215576171875,2242.215576171875,200,0.0,0.0
2016-01-22 00:00:00+09:00,2242.215576171875,2242.215576171875,2242.215576171875,2242.215576171875,200,0.0,0.0
2016-01-25 00:00:00+09:00,2220.361328125,2220.361328125,2220.361328125,2220.361328125,200,0.0,0.0
2016-01-26 00:00:00+09:00,2198.5078125,2198.5078125,2150.4291128230616,2198.5078125,800,0.0,0.0
2016-01-27 00:00:00+09:00,2198.5078125,2198.5078125,2198.5078125,2198.5078125,200,0.0,0.0
2016-01-28 00:00:00+09:00,2412.6761322564503,2456.384033203125,2412.6761322564503,2456.384033203125,600,0.0,0.0
2016-01-29 00:00:00+09:00,2412.67626953125,2412.67626953125,2412.67626953125,2412.67626953125,200,0.0,0.0
2016-02-01 00:00:00+09:00,2412.67626953125,2412.67626953125,2412.67626953125,2412.67626953125,0,0.0,0.0
2016-02-02 00:00:00+09:00,2412.67626953125,2412.67626953125,2412.67626953125,2412.67626953125,0,0.0,0.0
2016-02-03 00:00:00+09:00,2368.968505859375,2368.968505859375,2368.968505859375,2368.968505859375,200,0.0,0.0
2016-02-04 00:00:00+09:00,2368.968505859375,2368.968505859375,2368.968505859375,2368.968505859375,200,0.0,0.0
2016-02-05 00:00:00+09:00,2368.968505859375,2368.968505859375,2368.968505859375,2368.968505859375,200,0.0,0.0
2016-02-08 00:00:00+09:00,2368.968505859375,2368.968505859375,2368.968505859375,2368.968505859375,200,0.0,0.0
2016-02-09 00:00:00+09:00,2368.968505859375,2368.968505859375,2368.968505859375,2368.968505859375,200,0.0,0.0
2016-02-10 00:00:00+09:00,2360.226806640625,2360.226806640625,2360.226806640625,2360.226806640625,200,0.0,0.0
2016-02-12 00:00:00+09:00,2163.5414540816328,2163.5414540816328,2141.6875,2141.6875,1000,0.0,0.0
2016-02-15 00:00:00+09:00,2272.81103515625,2272.81103515625,2272.81103515625,2272.81103515625,800,0.0,0.0
2016-02-16 00:00:00+09:00,2272.81103515625,2272.81103515625,2272.81103515625,2272.81103515625,200,0.0,0.0
2016-02-17 00:00:00+09:00,2272.81103515625,2272.81103515625,2272.81103515625,2272.81103515625,0,0.0,0.0
2016-02-18 00:00:00+09:00,2272.81103515625,2272.81103515625,2272.81103515625,2272.81103515625,600,0.0,0.0
2016-02-19 00:00:00+09:00,2272.81103515625,2272.81103515625,2272.81103515625,2272.81103515625,200,0.0,0.0
2016-02-22 00:00:00+09:00,2395.193115234375,2395.193115234375,2395.193115234375,2395.193115234375,800,0.0,0.0
2016-02-23 00:00:00+09:00,2399.56396484375,2399.56396484375,2399.56396484375,2399.56396484375,200,0.0,0.0
2016-02-24 00:00:00+09:00,2377.71044921875,2377.71044921875,2377.71044921875,2377.71044921875,200,0.0,0.0
2016-02-25 00:00:00+09:00,2377.71044921875,2377.71044921875,2377.71044921875,2377.71044921875,200,0.0,0.0
2016-02-26 00:00:00+09:00,2377.71044921875,2377.71044921875,2377.71044921875,2377.71044921875,200,0.0,0.0
2016-02-29 00:00:00+09:00,2360.226806640625,2360.226806640625,2360.226806640625,2360.226806640625,200,0.0,0.0
2016-03-01 00:00:00+09:00,2360.226806640625,2360.226806640625,2360.226806640625,2360.226806640625,200,0.0,0.0
2016-03-02 00:00:00+09:00,2360.226806640625,2360.226806640625,2360.226806640625,2360.226806640625,200,0.0,0.0
2016-03-03 00:00:00+09:00,2360.226806640625,2360.226806640625,2360.226806640625,2360.226806640625,200,0.0,0.0
2016-03-04 00:00:00+09:00,2360.226806640625,2360.226806640625,2360.226806640625,2360.226806640625,0,0.0,0.0
2016-03-07 00:00:00+09:00,2360.226806640625,2360.226806640625,2360.226806640625,2360.226806640625,600,0.0,0.0
2016-03-08 00:00:00+09:00,2360.226806640625,2360.226806640625,2360.226806640625,2360.226806640625,200,0.0,0.0
2016-03-09 00:00:00+09:00,2360.226806640625,2360.226806640625,2360.226806640625,2360.226806640625,200,0.0,0.0
2016-03-10 00:00:00+09:00,2360.226806640625,2360.226806640625,2360.226806640625,2360.226806640625,0,0.0,0.0
2016-03-11 00:00:00+09:00,2403.9345703125,2403.9345703125,2403.9345703125,2403.9345703125,200,0.0,0.0
2016-03-14 00:00:00+09:00,2377.71044921875,2377.71044921875,2377.71044921875,2377.71044921875,200,0.0,0.0
2016-03-15 00:00:00+09:00,2421.417724609375,2421.417724609375,2421.417724609375,2421.417724609375,600,0.0,0.0
2016-03-16 00:00:00+09:00,2421.417724609375,2421.417724609375,2421.417724609375,2421.417724609375,200,0.0,0.0
2016-03-17 00:00:00+09:00,2421.417724609375,2421.417724609375,2421.417724609375,2421.417724609375,0,0.0,0.0
2016-03-18 00:00:00+09:00,2421.417724609375,2421.417724609375,2421.417724609375,2421.417724609375,200,0.0,0.0
2016-03-22 00:00:00+09:00,2425.788818359375,2425.788818359375,2425.788818359375,2425.788818359375,600,0.0,0.0
2016-03-23 00:00:00+09:00,2425.788818359375,2425.788818359375,2425.788818359375,2425.788818359375,0,0.0,0.0
2016-03-24 00:00:00+09:00,2425.788818359375,2425.788818359375,2425.788818359375,2425.788818359375,200,0.0,0.0
2016-03-25 00:00:00+09:00,2425.788818359375,2425.788818359375,2425.788818359375,2425.788818359375,200,0.0,0.0
2016-03-28 00:00:00+09:00,2425.788818359375,2425.788818359375,2425.788818359375,2425.788818359375,0,0.0,0.0
2016-03-29 00:00:00+09:00,2425.788818359375,2425.788818359375,2425.788818359375,2425.788818359375,0,0.0,0.0
2016-03-30 00:00:00+09:00,2425.788818359375,2425.788818359375,2425.788818359375,2425.788818359375,0,0.0,0.0
2016-03-31 00:00:00+09:00,2452.013427734375,2452.013427734375,2452.013427734375,2452.013427734375,200,0.0,0.0
2016-04-01 00:00:00+09:00,2425.788818359375,2425.788818359375,2425.788818359375,2425.788818359375,200,0.0,0.0
2016-04-04 00:00:00+09:00,2425.788818359375,2425.788818359375,2425.788818359375,2425.788818359375,0,0.0,0.0
2016-04-05 00:00:00+09:00,2425.788818359375,2425.788818359375,2425.788818359375,2425.788818359375,0,0.0,0.0
2016-04-06 00:00:00+09:00,2425.788818359375,2425.788818359375,2425.788818359375,2425.788818359375,0,0.0,0.0
2016-04-07 00:00:00+09:00,2425.788818359375,2425.788818359375,2425.788818359375,2425.788818359375,0,0.0,0.0
2016-04-08 00:00:00+09:00,2425.788818359375,2425.788818359375,2425.788818359375,2425.788818359375,0,0.0,0.0
2016-04-11 00:00:00+09:00,2338.372802734375,2338.372802734375,2338.372802734375,2338.372802734375,200,0.0,0.0
2016-04-12 00:00:00+09:00,2338.372802734375,2338.372802734375,2338.372802734375,2338.372802734375,0,0.0,0.0
2016-04-13 00:00:00+09:00,2338.372802734375,2338.372802734375,2338.372802734375,2338.372802734375,0,0.0,0.0
2016-04-14 00:00:00+09:00,2360.226806640625,2360.226806640625,2360.226806640625,2360.226806640625,200,0.0,0.0
2016-04-15 00:00:00+09:00,2425.788818359375,2425.788818359375,2425.788818359375,2425.788818359375,600,0.0,0.0
2016-04-18 00:00:00+09:00,2425.788818359375,2425.788818359375,2425.788818359375,2425.788818359375,0,0.0,0.0
2016-04-19 00:00:00+09:00,2386.451904296875,2386.451904296875,2386.451904296875,2386.451904296875,200,0.0,0.0
2016-04-20 00:00:00+09:00,2408.305859464429,2408.305859464429,2386.451904296875,2386.451904296875,600,0.0,0.0
2016-04-21 00:00:00+09:00,2412.676144376128,2421.417724609375,2412.676144376128,2421.417724609375,400,0.0,0.0
2016-04-22 00:00:00+09:00,2421.417724609375,2421.417724609375,2421.417724609375,2421.417724609375,0,0.0,0.0
2016-04-25 00:00:00+09:00,2395.193115234375,2395.193115234375,2395.193115234375,2395.193115234375,400,0.0,0.0
2016-04-26 00:00:00+09:00,2462.600341796875,2462.600341796875,2462.600341796875,2462.600341796875,0,75.0,0.0
2016-04-27 00:00:00+09:00,2462.600341796875,2462.600341796875,2462.600341796875,2462.600341796875,0,0.0,0.0
2016-04-28 00:00:00+09:00,2462.600341796875,2462.600341796875,2462.600341796875,2462.600341796875,0,0.0,0.0
2016-05-02 00:00:00+09:00,2462.600341796875,2462.600341796875,2462.600341796875,2462.600341796875,0,0.0,0.0
2016-05-06 00:00:00+09:00,2359.242919921875,2359.242919921875,2359.242919921875,2359.242919921875,200,0.0,0.0
2016-05-09 00:00:00+09:00,2359.242919921875,2359.242919921875,2359.242919921875,2359.242919921875,0,0.0,0.0
2016-05-10 00:00:00+09:00,2359.242919921875,2359.242919921875,2359.242919921875,2359.242919921875,600,0.0,0.0
2016-05-11 00:00:00+09:00,2359.242919921875,2359.242919921875,2359.242919921875,2359.242919921875,0,0.0,0.0
2016-05-12 00:00:00+09:00,2246.898006492296,2273.860782570204,2246.898006492296,2260.37939453125,1200,0.0,0.0
2016-05-13 00:00:00+09:00,2246.89794921875,2246.89794921875,2246.89794921875,2246.89794921875,200,0.0,0.0
2016-05-16 00:00:00+09:00,2291.83544921875,2291.83544921875,2291.83544921875,2291.83544921875,400,0.0,0.0
2016-05-17 00:00:00+09:00,2291.83544921875,2291.83544921875,2291.83544921875,2291.83544921875,0,0.0,0.0
2016-05-18 00:00:00+09:00,2291.83544921875,2291.83544921875,2291.83544921875,2291.83544921875,0,0.0,0.0
2016-05-19 00:00:00+09:00,2269.36669921875,2269.36669921875,2269.36669921875,2269.36669921875,200,0.0,0.0
2016-05-20 00:00:00+09:00,2269.36669921875,2269.36669921875,2269.36669921875,2269.36669921875,400,0.0,0.0
2016-05-23 00:00:00+09:00,2269.36669921875,2269.36669921875,2269.36669921875,2269.36669921875,0,0.0,0.0
2016-05-24 00:00:00+09:00,2269.36669921875,2269.36669921875,2269.36669921875,2269.36669921875,0,0.0,0.0
2016-05-25 00:00:00+09:00,2246.8976702008927,2246.8976702008927,2201.959716796875,2201.959716796875,800,0.0,0.0
2016-05-26 00:00:00+09:00,2201.959716796875,2201.959716796875,2201.959716796875,2201.959716796875,0,0.0,0.0
2016-05-27 00:00:00+09:00,2201.959716796875,2201.959716796875,2201.959716796875,2201.959716796875,0,0.0,0.0
2016-05-30 00:00:00+09:00,2201.959716796875,2201.959716796875,2201.959716796875,2201.959716796875,0,0.0,0.0
2016-05-31 00:00:00+09:00,2201.960032512864,2237.910400390625,2201.960032512864,2237.910400390625,400,0.0,0.0
2016-06-01 00:00:00+09:00,2210.947639371142,2210.947639371142,2183.98486328125,2183.98486328125,600,0.0,0.0
2016-06-02 00:00:00+09:00,2183.98486328125,2183.98486328125,2183.98486328125,2183.98486328125,0,0.0,0.0
2016-06-03 00:00:00+09:00,2183.98486328125,2183.98486328125,2183.98486328125,2183.98486328125,0,0.0,0.0
2016-06-06 00:00:00+09:00,2237.9100795200893,2237.9100795200893,2201.959716796875,2201.959716796875,400,0.0,0.0
2016-06-07 00:00:00+09:00,2201.959716796875,2201.959716796875,2201.959716796875,2201.959716796875,0,0.0,0.0
2016-06-08 00:00:00+09:00,2201.959716796875,2201.959716796875,2201.959716796875,2201.959716796875,0,0.0,0.0
2016-06-09 00:00:00+09:00,2201.959716796875,2201.959716796875,2201.959716796875,2201.959716796875,0,0.0,0.0
2016-06-10 00:00:00+09:00,2201.959716796875,2201.959716796875,2201.959716796875,2201.959716796875,200,0.0,0.0
2016-06-13 00:00:00+09:00,2112.083740234375,2112.083740234375,2112.083740234375,2112.083740234375,200,0.0,0.0
2016-06-14 00:00:00+09:00,2112.083740234375,2112.083740234375,2112.083740234375,2112.083740234375,200,0.0,0.0
2016-06-15 00:00:00+09:00,2179.490966796875,2179.490966796875,2179.490966796875,2179.490966796875,600,0.0,0.0
2016-06-16 00:00:00+09:00,2179.490966796875,2179.490966796875,2179.490966796875,2179.490966796875,0,0.0,0.0
2016-06-17 00:00:00+09:00,2134.55322265625,2134.55322265625,2134.55322265625,2134.55322265625,200,0.0,0.0
2016-06-20 00:00:00+09:00,2323.292236328125,2323.292236328125,2323.292236328125,2323.292236328125,600,0.0,0.0
2016-06-21 00:00:00+09:00,2323.292236328125,2323.292236328125,2323.292236328125,2323.292236328125,0,0.0,0.0
2016-06-22 00:00:00+09:00,2323.292236328125,2323.292236328125,2323.292236328125,2323.292236328125,0,0.0,0.0
2016-06-23 00:00:00+09:00,2323.292236328125,2323.292236328125,2323.292236328125,2323.292236328125,0,0.0,0.0
2016-06-24 00:00:00+09:00,2323.292236328125,2323.292236328125,2323.292236328125,2323.292236328125,0,0.0,0.0
2016-06-27 00:00:00+09:00,2323.292236328125,2323.292236328125,2323.292236328125,2323.292236328125,0,0.0,0.0
2016-06-28 00:00:00+09:00,2323.292236328125,2323.292236328125,2323.292236328125,2323.292236328125,0,0.0,0.0
2016-06-29 00:00:00+09:00,2323.292236328125,2323.292236328125,2323.292236328125,2323.292236328125,0,0.0,0.0
2016-06-30 00:00:00+09:00,2323.292236328125,2323.292236328125,2323.292236328125,2323.292236328125,0,0.0,0.0
2016-07-01 00:00:00+09:00,2323.292236328125,2323.292236328125,2323.292236328125,2323.292236328125,0,0.0,0.0
2016-07-04 00:00:00+09:00,2323.292236328125,2323.292236328125,2323.292236328125,2323.292236328125,0,0.0,0.0
2016-07-05 00:00:00+09:00,2323.292236328125,2323.292236328125,2323.292236328125,2323.292236328125,0,0.0,0.0
2016-07-06 00:00:00+09:00,2323.292236328125,2323.292236328125,2323.292236328125,2323.292236328125,0,0.0,0.0
2016-07-07 00:00:00+09:00,2323.292236328125,2323.292236328125,2323.292236328125,2323.292236328125,0,0.0,0.0
2016-07-08 00:00:00+09:00,2323.292236328125,2323.292236328125,2323.292236328125,2323.292236328125,0,0.0,0.0
2016-07-11 00:00:00+09:00,2323.292236328125,2323.292236328125,2323.292236328125,2323.292236328125,0,0.0,0.0
2016-07-12 00:00:00+09:00,2246.89794921875,2246.89794921875,2246.89794921875,2246.89794921875,200,0.0,0.0
2016-07-13 00:00:00+09:00,2246.89794921875,2246.89794921875,2246.89794921875,2246.89794921875,0,0.0,0.0
2016-07-14 00:00:00+09:00,2246.89794921875,2246.89794921875,2246.89794921875,2246.89794921875,0,0.0,0.0
2016-07-15 00:00:00+09:00,2314.3046875,2314.3046875,2314.3046875,2314.3046875,400,0.0,0.0
2016-07-19 00:00:00+09:00,2291.83544921875,2291.83544921875,2291.83544921875,2291.83544921875,200,0.0,0.0
2016-07-20 00:00:00+09:00,2291.83544921875,2291.83544921875,2291.83544921875,2291.83544921875,400,0.0,0.0
2016-07-21 00:00:00+09:00,2291.83544921875,2291.83544921875,2291.83544921875,2291.83544921875,0,0.0,0.0
2016-07-22 00:00:00+09:00,2291.83544921875,2291.83544921875,2291.83544921875,2291.83544921875,1200,0.0,0.0
2016-07-25 00:00:00+09:00,2291.8357099514565,2314.3046875,2291.8357099514565,2314.3046875,600,0.0,0.0
2016-07-26 00:00:00+09:00,2471.587890625,2471.587890625,2471.587890625,2471.587890625,1400,0.0,0.0
2016-07-27 00:00:00+09:00,2471.587890625,2471.587890625,2471.587890625,2471.587890625,0,0.0,0.0
2016-07-28 00:00:00+09:00,2345.761474609375,2345.761474609375,2345.761474609375,2345.761474609375,200,0.0,0.0
2016-07-29 00:00:00+09:00,2345.761474609375,2345.761474609375,2345.761474609375,2345.761474609375,200,0.0,0.0
2016-08-01 00:00:00+09:00,2345.761474609375,2390.6994338930795,2345.761474609375,2345.761474609375,1200,0.0,0.0
2016-08-02 00:00:00+09:00,2345.761674953781,2354.749267578125,2345.761674953781,2354.749267578125,1000,0.0,0.0
2016-08-03 00:00:00+09:00,2579.4389557169975,2579.4389557169975,2404.180908203125,2404.180908203125,4600,0.0,0.0
2016-08-04 00:00:00+09:00,2404.180908203125,2404.180908203125,2404.180908203125,2404.180908203125,0,0.0,0.0
2016-08-05 00:00:00+09:00,2404.180908203125,2404.180908203125,2404.180908203125,2404.180908203125,0,0.0,0.0
2016-08-08 00:00:00+09:00,2359.242919921875,2359.242919921875,2359.242919921875,2359.242919921875,400,0.0,0.0
2016-08-09 00:00:00+09:00,2359.242919921875,2359.242919921875,2359.242919921875,2359.242919921875,0,0.0,0.0
2016-08-10 00:00:00+09:00,2359.242919921875,2359.242919921875,2359.242919921875,2359.242919921875,0,0.0,0.0
2016-08-12 00:00:00+09:00,2336.773681640625,2336.773681640625,2336.773681640625,2336.773681640625,200,0.0,0.0
2016-08-15 00:00:00+09:00,2336.773681640625,2359.242659348708,2336.773681640625,2336.773681640625,800,0.0,0.0
2016-08-16 00:00:00+09:00,2336.773681640625,2336.773681640625,2336.773681640625,2336.773681640625,0,0.0,0.0
2016-08-17 00:00:00+09:00,2336.773681640625,2336.773681640625,2336.773681640625,2336.773681640625,0,0.0,0.0
2016-08-18 00:00:00+09:00,2336.773681640625,2336.773681640625,2336.773681640625,2336.773681640625,0,0.0,0.0
2016-08-19 00:00:00+09:00,2336.773681640625,2336.773681640625,2336.773681640625,2336.773681640625,200,0.0,0.0
2016-08-22 00:00:00+09:00,2377.2177734375,2377.2177734375,2377.2177734375,2377.2177734375,600,0.0,0.0
2016-08-23 00:00:00+09:00,2422.156005859375,2422.156005859375,2422.156005859375,2422.156005859375,400,0.0,0.0
2016-08-24 00:00:00+09:00,2422.156005859375,2422.156005859375,2422.156005859375,2422.156005859375,0,0.0,0.0
2016-08-25 00:00:00+09:00,2422.156005859375,2422.156005859375,2422.156005859375,2422.156005859375,0,0.0,0.0
2016-08-26 00:00:00+09:00,2422.156005859375,2422.156005859375,2422.156005859375,2422.156005859375,0,0.0,0.0
2016-08-29 00:00:00+09:00,2422.156005859375,2422.156005859375,2422.156005859375,2422.156005859375,0,0.0,0.0
2016-08-30 00:00:00+09:00,2422.156005859375,2422.156005859375,2422.156005859375,2422.156005859375,0,0.0,0.0
2016-08-31 00:00:00+09:00,2296.32958984375,2296.32958984375,2296.32958984375,2296.32958984375,200,0.0,0.0
2016-09-01 00:00:00+09:00,2296.32958984375,2296.32958984375,2296.32958984375,2296.32958984375,0,0.0,0.0
2016-09-02 00:00:00+09:00,2296.32958984375,2296.32958984375,2296.32958984375,2296.32958984375,0,0.0,0.0
2016-09-05 00:00:00+09:00,2296.32958984375,2296.32958984375,2296.32958984375,2296.32958984375,0,0.0,0.0
2016-09-06 00:00:00+09:00,2296.32958984375,2296.32958984375,2296.32958984375,2296.32958984375,0,0.0,0.0
2016-09-07 00:00:00+09:00,2296.32958984375,2296.32958984375,2296.32958984375,2296.32958984375,0,0.0,0.0
2016-09-08 00:00:00+09:00,2296.32958984375,2296.32958984375,2296.32958984375,2296.32958984375,0,0.0,0.0
2016-09-09 00:00:00+09:00,2296.32958984375,2296.32958984375,2296.32958984375,2296.32958984375,0,0.0,0.0
2016-09-12 00:00:00+09:00,2296.32958984375,2296.32958984375,2296.32958984375,2296.32958984375,0,0.0,0.0
2016-09-13 00:00:00+09:00,2296.32958984375,2296.32958984375,2296.32958984375,2296.32958984375,0,0.0,0.0
2016-09-14 00:00:00+09:00,2296.32958984375,2296.32958984375,2296.32958984375,2296.32958984375,0,0.0,0.0
2016-09-15 00:00:00+09:00,2314.3046875,2314.3046875,2314.3046875,2314.3046875,200,0.0,0.0
2016-09-16 00:00:00+09:00,2314.3046875,2314.3046875,2314.3046875,2314.3046875,400,0.0,0.0
2016-09-20 00:00:00+09:00,2314.3046875,2314.3046875,2314.3046875,2314.3046875,400,0.0,0.0
2016-09-21 00:00:00+09:00,2314.3046875,2314.3046875,2314.3046875,2314.3046875,0,0.0,0.0
2016-09-23 00:00:00+09:00,2314.3046875,2314.3046875,2314.3046875,2314.3046875,0,0.0,0.0
2016-09-26 00:00:00+09:00,2246.89794921875,2246.89794921875,2246.89794921875,2246.89794921875,400,0.0,0.0
2016-09-27 00:00:00+09:00,2246.89794921875,2246.89794921875,2246.89794921875,2246.89794921875,0,0.0,0.0
2016-09-28 00:00:00+09:00,2246.89794921875,2246.89794921875,2246.89794921875,2246.89794921875,0,0.0,0.0
2016-09-29 00:00:00+09:00,2246.89794921875,2246.89794921875,2246.89794921875,2246.89794921875,0,0.0,0.0
2016-09-30 00:00:00+09:00,2246.89794921875,2246.89794921875,2246.89794921875,2246.89794921875,0,0.0,0.0
2016-10-03 00:00:00+09:00,2264.8729037747526,2305.31706277073,2264.8729037747526,2269.36669921875,1200,0.0,0.0
2016-10-04 00:00:00+09:00,2269.3669287109374,2269.3669287109374,2246.89794921875,2246.89794921875,1000,0.0,0.0
2016-10-05 00:00:00+09:00,2246.89794921875,2246.89794921875,2246.89794921875,2246.89794921875,1400,0.0,0.0
2016-10-06 00:00:00+09:00,2246.89794921875,2246.89794921875,2246.89794921875,2246.89794921875,0,0.0,0.0
2016-10-07 00:00:00+09:00,2246.89794921875,2246.89794921875,2246.89794921875,2246.89794921875,200,0.0,0.0
2016-10-11 00:00:00+09:00,2246.89794921875,2246.89794921875,2246.89794921875,2246.89794921875,0,0.0,0.0
2016-10-12 00:00:00+09:00,2246.89794921875,2246.89794921875,2246.89794921875,2246.89794921875,0,0.0,0.0
2016-10-13 00:00:00+09:00,2246.8978484312374,2246.8978484312374,2242.404052734375,2242.404052734375,600,0.0,0.0
2016-10-14 00:00:00+09:00,2242.404052734375,2242.404052734375,2242.404052734375,2242.404052734375,0,0.0,0.0
2016-10-17 00:00:00+09:00,2318.798519011467,2318.798519011467,2228.922607421875,2228.922607421875,1600,0.0,0.0
2016-10-18 00:00:00+09:00,2228.9229643924305,2255.8857421875,2228.9229643924305,2255.8857421875,600,0.0,0.0
2016-10-19 00:00:00+09:00,2269.3664742264095,2305.3168342141544,2269.3664742264095,2291.83544921875,1000,0.0,0.0
2016-10-20 00:00:00+09:00,2327.786349078802,2327.786349078802,2282.848388671875,2282.848388671875,1000,0.0,0.0
2016-10-21 00:00:00+09:00,2282.848388671875,2282.848388671875,2282.848388671875,2282.848388671875,400,0.0,0.0
2016-10-24 00:00:00+09:00,2327.786376953125,2327.786376953125,2327.786376953125,2327.786376953125,200,0.0,0.0
2016-10-25 00:00:00+09:00,2327.786376953125,2327.786376953125,2327.786376953125,2327.786376953125,0,0.0,0.0
2016-10-26 00:00:00+09:00,2314.3046875,2314.3046875,2314.3046875,2314.3046875,200,0.0,0.0
2016-10-27 00:00:00+09:00,2314.3046875,2314.3046875,2314.3046875,2314.3046875,0,0.0,0.0
2016-10-28 00:00:00+09:00,2314.304959542411,2363.7367159598216,2314.304959542411,2359.242919921875,1200,0.0,0.0
2016-10-31 00:00:00+09:00,2404.180908203125,2404.180908203125,2404.180908203125,2404.180908203125,200,0.0,0.0
2016-11-01 00:00:00+09:00,2404.180908203125,2404.180908203125,2404.180908203125,2404.180908203125,0,0.0,0.0
2016-11-02 00:00:00+09:00,2404.180908203125,2404.180908203125,2404.180908203125,2404.180908203125,0,0.0,0.0
2016-11-04 00:00:00+09:00,2359.242919921875,2359.242919921875,2359.242919921875,2359.242919921875,200,0.0,0.0
2016-11-07 00:00:00+09:00,2359.242919921875,2359.242919921875,2359.242919921875,2359.242919921875,0,0.0,0.0
2016-11-08 00:00:00+09:00,2359.242919921875,2359.242919921875,2359.242919921875,2359.242919921875,0,0.0,0.0
2016-11-09 00:00:00+09:00,2359.242919921875,2359.242919921875,2359.242919921875,2359.242919921875,400,0.0,0.0
2016-11-10 00:00:00+09:00,2368.230612635159,2368.230612635159,2363.73681640625,2363.73681640625,400,0.0,0.0
2016-11-11 00:00:00+09:00,2368.230224609375,2368.230224609375,2368.230224609375,2368.230224609375,200,0.0,0.0
2016-11-14 00:00:00+09:00,2368.230224609375,2368.230224609375,2368.230224609375,2368.230224609375,0,0.0,0.0
2016-11-15 00:00:00+09:00,2368.230224609375,2368.230224609375,2368.230224609375,2368.230224609375,600,0.0,0.0
2016-11-16 00:00:00+09:00,2368.230224609375,2368.230224609375,2368.230224609375,2368.230224609375,0,0.0,0.0
2016-11-17 00:00:00+09:00,2368.230224609375,2368.230224609375,2368.230224609375,2368.230224609375,400,0.0,0.0
2016-11-18 00:00:00+09:00,2368.230224609375,2368.230224609375,2368.230224609375,2368.230224609375,0,0.0,0.0
2016-11-21 00:00:00+09:00,2440.1310880866636,2440.1310880866636,2372.724151951673,2417.662109375,1000,0.0,0.0
2016-11-22 00:00:00+09:00,2417.662109375,2417.662109375,2417.662109375,2417.662109375,0,0.0,0.0
2016-11-24 00:00:00+09:00,2417.662109375,2417.662109375,2417.662109375,2417.662109375,0,0.0,0.0
2016-11-25 00:00:00+09:00,2417.662109375,2417.662109375,2417.662109375,2417.662109375,0,0.0,0.0
2016-11-28 00:00:00+09:00,2417.662109375,2417.662109375,2417.662109375,2417.662109375,0,0.0,0.0
2016-11-29 00:00:00+09:00,2417.662109375,2417.662109375,2417.662109375,2417.662109375,0,0.0,0.0
2016-11-30 00:00:00+09:00,2417.662109375,2417.662109375,2417.662109375,2417.662109375,0,0.0,0.0
2016-12-01 00:00:00+09:00,2381.711669921875,2381.711669921875,2381.711669921875,2381.711669921875,200,0.0,0.0
2016-12-02 00:00:00+09:00,2336.7739827318355,2350.25537109375,2336.7739827318355,2350.25537109375,800,0.0,0.0
2016-12-05 00:00:00+09:00,2799.634765625,2799.634765625,2799.634765625,2799.634765625,6000,0.0,0.0
2016-12-06 00:00:00+09:00,2795.141069418697,2795.141069418697,2615.3892321570443,2651.339599609375,14000,0.0,0.0
2016-12-07 00:00:00+09:00,2651.3396285042345,2660.327220465266,2547.9823209523747,2619.883056640625,3400,0.0,0.0
2016-12-08 00:00:00+09:00,2651.339903296494,2858.0545398246954,2651.339903296494,2763.684814453125,12400,0.0,0.0
2016-12-09 00:00:00+09:00,2768.178252296326,2844.572781986322,2768.178252296326,2813.1162109375,1800,0.0,0.0
2016-12-12 00:00:00+09:00,2817.609712600708,2876.029052734375,2817.609712600708,2876.029052734375,1000,0.0,0.0
2016-12-13 00:00:00+09:00,2898.4980968128552,2965.905029296875,2840.0787553267046,2965.905029296875,5000,0.0,0.0
2016-12-14 00:00:00+09:00,2925.460869806463,2965.905029296875,2925.460869806463,2965.905029296875,800,0.0,0.0
2016-12-15 00:00:00+09:00,3015.336845487707,3060.274801456227,3015.336845487707,3055.781005859375,2800,0.0,0.0
2016-12-16 00:00:00+09:00,3190.5951726899734,3195.0889687078466,3123.188232421875,3123.188232421875,2000,0.0,0.0
2016-12-19 00:00:00+09:00,3082.743727626306,3118.694091796875,3078.2499321049845,3118.694091796875,1000,0.0,0.0
2016-12-20 00:00:00+09:00,3114.2005101254113,3118.6943059553178,3073.75634765625,3073.75634765625,1000,0.0,0.0
2016-12-21 00:00:00+09:00,3073.7561365836636,3118.694091796875,3060.2747500197,3118.694091796875,1200,0.0,0.0
2016-12-22 00:00:00+09:00,3118.6942351810517,3118.6942351810517,3114.200439453125,3114.200439453125,400,0.0,0.0
2016-12-26 00:00:00+09:00,3159.1386146763393,3159.1386146763393,3100.719266183036,3145.6572265625,2800,0.0,0.0
2016-12-27 00:00:00+09:00,3145.657009548611,3145.657009548611,3114.200439453125,3114.200439453125,1200,0.0,0.0
2016-12-28 00:00:00+09:00,3114.200439453125,3114.200439453125,3114.200439453125,3114.200439453125,200,0.0,0.0
2016-12-29 00:00:00+09:00,3114.200439453125,3114.200439453125,3114.200439453125,3114.200439453125,0,0.0,0.0
2016-12-30 00:00:00+09:00,2965.905029296875,3010.8429842862215,2943.4360518022017,2965.905029296875,1200,0.0,0.0
2017-01-04 00:00:00+09:00,3010.843081266984,3123.1879723590355,3010.843081266984,3100.718994140625,1800,0.0,0.0
2017-01-05 00:00:00+09:00,3100.718994140625,3100.718994140625,3100.718994140625,3100.718994140625,400,0.0,0.0
2017-01-06 00:00:00+09:00,3046.7933560572837,3046.7933560572837,3042.299560546875,3042.299560546875,600,0.0,0.0
2017-01-10 00:00:00+09:00,3042.299560546875,3042.299560546875,3042.299560546875,3042.299560546875,0,0.0,0.0
2017-01-11 00:00:00+09:00,3082.743896484375,3082.743896484375,3082.743896484375,3082.743896484375,400,0.0,0.0
2017-01-12 00:00:00+09:00,3082.743896484375,3082.743896484375,3082.743896484375,3082.743896484375,0,0.0,0.0
2017-01-13 00:00:00+09:00,2970.399140696282,3078.250244140625,2965.905344719434,3078.250244140625,1600,0.0,0.0
2017-01-16 00:00:00+09:00,3123.188232421875,3123.188232421875,3123.188232421875,3123.188232421875,400,0.0,0.0
2017-01-17 00:00:00+09:00,3123.188232421875,3123.188232421875,3123.188232421875,3123.188232421875,0,0.0,0.0
2017-01-18 00:00:00+09:00,3123.188232421875,3123.188232421875,3123.188232421875,3123.188232421875,0,0.0,0.0
2017-01-19 00:00:00+09:00,3033.312241283815,3033.312241283815,3006.3494658057366,3010.84326171875,1000,0.0,0.0
2017-01-20 00:00:00+09:00,3046.793587428565,3096.225341796875,3046.793587428565,3096.225341796875,800,0.0,0.0
2017-01-23 00:00:00+09:00,3006.3489183142806,3010.8427134089206,2979.3861477464393,2997.361328125,1800,0.0,0.0
2017-01-24 00:00:00+09:00,2970.39892578125,2997.3616996915184,2965.9051301295385,2970.39892578125,1200,0.0,0.0
2017-01-25 00:00:00+09:00,2970.39892578125,2970.39892578125,2970.39892578125,2970.39892578125,0,0.0,0.0
2017-01-26 00:00:00+09:00,2970.39892578125,2970.39892578125,2970.39892578125,2970.39892578125,0,0.0,0.0
2017-01-27 00:00:00+09:00,2965.905302588619,3010.84326171875,2965.905302588619,3010.84326171875,800,0.0,0.0
2017-01-30 00:00:00+09:00,3069.262392649931,3073.756188246783,3051.287210262523,3055.781005859375,3000,0.0,0.0
2017-01-31 00:00:00+09:00,3055.7810377038045,3132.1755636463995,3055.7810377038045,3100.718994140625,2400,0.0,0.0
2017-02-01 00:00:00+09:00,3100.719082698035,3159.138427734375,3060.2749207498,3159.138427734375,2000,0.0,0.0
2017-02-02 00:00:00+09:00,3159.138427734375,3159.138427734375,3159.138427734375,3159.138427734375,0,0.0,0.0
2017-02-03 00:00:00+09:00,3159.138427734375,3159.138427734375,3159.138427734375,3159.138427734375,0,0.0,0.0
2017-02-06 00:00:00+09:00,3311.92724609375,3311.92724609375,3311.92724609375,3311.92724609375,1000,0.0,0.0
2017-02-07 00:00:00+09:00,3311.927389393682,3311.927389393682,3266.9894329568615,3307.43359375,1600,0.0,0.0
2017-02-08 00:00:00+09:00,3325.4087153244473,3761.306884765625,3325.4087153244473,3761.306884765625,5000,0.0,0.0
2017-02-09 00:00:00+09:00,3725.356588612432,3725.356588612432,3482.6916238536005,3514.148193359375,1600,0.0,0.0
2017-02-10 00:00:00+09:00,3554.5924285502374,3554.5924285502374,3550.0986328125,3550.0986328125,1200,0.0,0.0
2017-02-13 00:00:00+09:00,3550.0986328125,3595.036590189873,3518.6420626483387,3550.0986328125,2200,0.0,0.0
2017-02-14 00:00:00+09:00,3550.0986058559442,3586.0489714848654,3523.1358316342535,3581.55517578125,1200,0.0,0.0
2017-02-15 00:00:00+09:00,3581.55517578125,3581.55517578125,3581.55517578125,3581.55517578125,0,0.0,0.0
2017-02-16 00:00:00+09:00,3581.55517578125,3595.0365628920954,3581.55517578125,3581.55517578125,2400,0.0,0.0
2017-02-17 00:00:00+09:00,3586.048854051438,3586.048854051438,3554.59228515625,3554.59228515625,3000,0.0,0.0
2017-02-20 00:00:00+09:00,3550.098776388229,3550.098776388229,3518.6422049518774,3545.60498046875,1400,0.0,0.0
2017-02-21 00:00:00+09:00,3545.60498046875,3545.60498046875,3545.60498046875,3545.60498046875,0,0.0,0.0
2017-02-22 00:00:00+09:00,3550.0986328125,3550.0986328125,3550.0986328125,3550.0986328125,400,0.0,0.0
2017-02-23 00:00:00+09:00,3545.60498046875,3545.60498046875,3545.60498046875,3545.60498046875,200,0.0,0.0
2017-02-24 00:00:00+09:00,3545.60498046875,3545.60498046875,3541.1111845492715,3545.60498046875,800,0.0,0.0
2017-02-27 00:00:00+09:00,3545.6048370747626,3554.5924285502374,3545.6048370747626,3550.0986328125,1600,0.0,0.0
2017-02-28 00:00:00+09:00,3550.0984895997944,3572.5674673820718,3550.0984895997944,3554.59228515625,2200,0.0,0.0
2017-03-01 00:00:00+09:00,3577.061195068359,3595.036376953125,3554.5922177124025,3595.036376953125,1400,0.0,0.0
2017-03-02 00:00:00+09:00,3639.974365234375,3639.974365234375,3639.974365234375,3639.974365234375,600,0.0,0.0
2017-03-03 00:00:00+09:00,3639.974365234375,3639.974365234375,3639.974365234375,3639.974365234375,0,0.0,0.0
2017-03-06 00:00:00+09:00,3693.900289542215,3842.195556640625,3693.900289542215,3842.195556640625,7600,0.0,0.0
2017-03-07 00:00:00+09:00,4044.4161442006266,4372.463231452455,3959.034025600836,4300.5625,28600,0.0,0.0
2017-03-08 00:00:00+09:00,4367.96961765553,4920.706513716877,4336.513046334965,4875.7685546875,20200,0.0,0.0
2017-03-09 00:00:00+09:00,5415.023733880323,5549.8376027736085,4790.386141341431,5145.39599609375,9000,0.0,0.0
2017-03-10 00:00:00+09:00,5010.581853773452,5145.395715309957,4965.64389992795,4970.1376953125,8800,0.0,0.0
2017-03-13 00:00:00+09:00,4767.917509191177,4781.398897058823,4628.609834558823,4660.06640625,5200,0.0,0.0
2017-03-14 00:00:00+09:00,4718.4853641749305,4871.2744140625,4718.4853641749305,4871.2744140625,2400,0.0,0.0
2017-03-15 00:00:00+09:00,4929.693335933962,4961.14990234375,4925.199540732563,4961.14990234375,600,0.0,0.0
2017-03-16 00:00:00+09:00,5158.877155230978,5172.358541525136,5158.877155230978,5167.86474609375,1800,0.0,0.0
2017-03-17 00:00:00+09:00,5033.051704545454,5033.051704545454,4898.237819602273,4943.17578125,1000,0.0,0.0
2017-03-21 00:00:00+09:00,5033.051094171918,5033.051094171918,4992.60693359375,4992.60693359375,1200,0.0,0.0
2017-03-22 00:00:00+09:00,4808.36181640625,4808.36181640625,4651.078953252774,4808.36181640625,2400,0.0,0.0
2017-03-23 00:00:00+09:00,4749.941946964136,4749.941946964136,4687.02880859375,4687.02880859375,1200,0.0,0.0
2017-03-24 00:00:00+09:00,4687.02880859375,4687.02880859375,4687.02880859375,4687.02880859375,0,0.0,0.0
2017-03-27 00:00:00+09:00,5051.0263671875,5051.0263671875,5051.0263671875,5051.0263671875,600,0.0,0.0
2017-03-28 00:00:00+09:00,5051.026512815241,5122.92724609375,5033.051329495614,5122.92724609375,6000,0.0,0.0
2017-03-29 00:00:00+09:00,5212.8031626918855,5212.8031626918855,5122.92724609375,5122.92724609375,1200,0.0,0.0
2017-03-30 00:00:00+09:00,5208.3089722723025,5257.74072265625,5167.864812867254,5257.74072265625,2200,0.0,0.0
2017-03-31 00:00:00+09:00,5298.185171048935,5302.678966783497,5167.8650947466285,5248.75341796875,1400,0.0,0.0
2017-04-03 00:00:00+09:00,5244.2600506622775,5338.629768797588,5244.2600506622775,5311.6669921875,3800,0.0,0.0
2017-04-04 00:00:00+09:00,5311.6669921875,5311.6669921875,5311.6669921875,5311.6669921875,0,0.0,0.0
2017-04-05 00:00:00+09:00,5383.567525986494,5383.567525986494,5302.67919921875,5302.67919921875,1000,0.0,0.0
2017-04-06 00:00:00+09:00,5167.8643953068595,5190.333370938628,4979.125,4979.125,3400,0.0,0.0
2017-04-07 00:00:00+09:00,4943.175580245333,4943.175580245333,4740.954761053478,4934.18798828125,4000,0.0,0.0
2017-04-10 00:00:00+09:00,4943.17578125,4943.17578125,4943.17578125,4943.17578125,200,0.0,0.0
2017-04-11 00:00:00+09:00,4943.17578125,4943.17578125,4943.17578125,4943.17578125,0,0.0,0.0
2017-04-12 00:00:00+09:00,4722.979635881697,4722.979635881697,4655.5726953125,4718.48583984375,1600,0.0,0.0
2017-04-13 00:00:00+09:00,4673.547765505268,4691.52294921875,4426.388989444894,4691.52294921875,1800,0.0,0.0
2017-04-14 00:00:00+09:00,4673.548060825893,4673.548060825893,4529.74658203125,4529.74658203125,6400,0.0,0.0
2017-04-17 00:00:00+09:00,4529.746380131965,4597.1533203125,4529.746380131965,4597.1533203125,1000,0.0,0.0
2017-04-18 00:00:00+09:00,4682.53515625,4682.53515625,4682.53515625,4682.53515625,200,0.0,0.0
2017-04-19 00:00:00+09:00,4547.721337700633,4619.6220703125,4547.721337700633,4619.6220703125,800,0.0,0.0
2017-04-20 00:00:00+09:00,4624.11572265625,4624.11572265625,4624.11572265625,4624.11572265625,600,0.0,0.0
2017-04-21 00:00:00+09:00,4507.277600969587,4579.178340366909,4507.277600969587,4529.74658203125,1000,0.0,0.0
2017-04-24 00:00:00+09:00,4516.264877929687,4547.7214492187495,4493.7958984375,4493.7958984375,2000,0.0,0.0
2017-04-25 00:00:00+09:00,4448.858336186504,4516.265280674178,4444.364539887326,4511.771484375,2600,0.0,0.0
2017-04-26 00:00:00+09:00,4520.89501953125,4520.89501953125,4520.89501953125,4520.89501953125,200,75.0,0.0
2017-04-27 00:00:00+09:00,4520.89501953125,4520.89501953125,4520.89501953125,4520.89501953125,400,0.0,0.0
2017-04-28 00:00:00+09:00,4484.39990234375,4484.39990234375,4484.39990234375,4484.39990234375,200,0.0,0.0
2017-05-01 00:00:00+09:00,4625.81982421875,4625.81982421875,4625.81982421875,4625.81982421875,200,0.0,0.0
2017-05-02 00:00:00+09:00,4507.208984375,4507.208984375,4507.208984375,4507.208984375,400,0.0,0.0
2017-05-08 00:00:00+09:00,4520.895062988281,4621.258020996094,4520.895062988281,4561.95263671875,1800,0.0,0.0
2017-05-09 00:00:00+09:00,4516.333268615542,4612.13427734375,4516.333268615542,4612.13427734375,600,0.0,0.0
2017-05-10 00:00:00+09:00,4612.133550498076,4612.133550498076,4593.8857421875,4593.8857421875,600,0.0,0.0
2017-05-11 00:00:00+09:00,4616.6960526723715,4616.6960526723715,4561.952621217758,4598.4482421875,1600,0.0,0.0
2017-05-12 00:00:00+09:00,4552.828255930254,4552.828255930254,4525.45654296875,4525.45654296875,800,0.0,0.0
2017-05-15 00:00:00+09:00,4625.820017305191,4625.820017305191,4603.01025390625,4603.01025390625,800,0.0,0.0
2017-05-16 00:00:00+09:00,4598.448653017242,4630.38232421875,4598.448653017242,4630.38232421875,2000,0.0,0.0
2017-05-17 00:00:00+09:00,4607.572265625,4607.572265625,4607.572265625,4607.572265625,400,0.0,0.0
2017-05-18 00:00:00+09:00,4557.39077569797,4557.39077569797,4493.5234375,4493.5234375,1000,0.0,0.0
2017-05-19 00:00:00+09:00,4552.828173488704,4593.8857421875,4552.828173488704,4593.8857421875,400,0.0,0.0
2017-05-22 00:00:00+09:00,4616.6957284255395,4648.62939453125,4616.6957284255395,4648.62939453125,1000,0.0,0.0
2017-05-23 00:00:00+09:00,4625.820212314803,4625.820212314803,4557.390919233223,4580.20068359375,1600,0.0,0.0
2017-05-24 00:00:00+09:00,4561.95263671875,4561.95263671875,4561.95263671875,4561.95263671875,200,0.0,0.0
2017-05-25 00:00:00+09:00,4561.95263671875,4561.95263671875,4561.95263671875,4561.95263671875,400,0.0,0.0
2017-05-26 00:00:00+09:00,4561.95263671875,4561.95263671875,4561.95263671875,4561.95263671875,600,0.0,0.0
2017-05-29 00:00:00+09:00,4561.95235324848,4561.95235324848,4502.64697265625,4502.64697265625,2600,0.0,0.0
2017-05-30 00:00:00+09:00,4475.2753622194705,4552.828554021439,4475.2753622194705,4548.2666015625,1600,0.0,0.0
2017-05-31 00:00:00+09:00,4548.2666015625,4561.952458939318,4548.2666015625,4548.2666015625,2200,0.0,0.0
2017-06-01 00:00:00+09:00,4561.952592867054,4598.44821360999,4516.333066938383,4520.89501953125,2000,0.0,0.0
2017-06-02 00:00:00+09:00,4584.762366688513,4967.966385396806,4584.762366688513,4785.48828125,10400,0.0,0.0
2017-06-05 00:00:00+09:00,4443.341487013818,4511.7707706947285,4384.036107823696,4457.02734375,13800,0.0,0.0
2017-06-06 00:00:00+09:00,4452.4654565768415,4452.4654565768415,4215.243936349387,4274.54931640625,3400,0.0,0.0
2017-06-07 00:00:00+09:00,4206.120880194025,4206.120880194025,4096.634002618475,4151.37744140625,3800,0.0,0.0
2017-06-08 00:00:00+09:00,4114.881037422307,4128.56689453125,4114.881037422307,4128.56689453125,400,0.0,0.0
2017-06-09 00:00:00+09:00,4128.567071990295,4160.50073995044,4128.567071990295,4142.2529296875,1200,0.0,0.0
2017-06-12 00:00:00+09:00,4151.37744140625,4151.37744140625,4151.37744140625,4151.37744140625,400,0.0,0.0
2017-06-13 00:00:00+09:00,4155.9384765625,4155.9384765625,4155.9384765625,4155.9384765625,400,0.0,0.0
2017-06-14 00:00:00+09:00,4155.9384765625,4155.9384765625,4151.376524337953,4155.9384765625,1000,0.0,0.0
2017-06-15 00:00:00+09:00,4292.79709154212,4292.79709154212,4196.99609375,4196.99609375,800,0.0,0.0
2017-06-16 00:00:00+09:00,4160.500428787047,4160.500428787047,4155.9384765625,4155.9384765625,400,0.0,0.0
2017-06-19 00:00:00+09:00,4155.9384765625,4155.9384765625,4155.9384765625,4155.9384765625,0,0.0,0.0
2017-06-20 00:00:00+09:00,4292.7978515625,4292.7978515625,4292.7978515625,4292.7978515625,400,0.0,0.0
2017-06-21 00:00:00+09:00,4174.186332370924,4196.99609375,4174.186332370924,4196.99609375,400,0.0,0.0
2017-06-22 00:00:00+09:00,4151.37744140625,4151.37744140625,4151.37744140625,4151.37744140625,200,0.0,0.0
2017-06-23 00:00:00+09:00,4151.37744140625,4151.37744140625,4151.37744140625,4151.37744140625,0,0.0,0.0
2017-06-26 00:00:00+09:00,4215.24462890625,4215.24462890625,4215.24462890625,4215.24462890625,200,0.0,0.0
2017-06-27 00:00:00+09:00,4155.939394638564,4155.939394638564,4151.37744140625,4151.37744140625,400,0.0,0.0
2017-06-28 00:00:00+09:00,4151.376834818971,4151.376834818971,4142.2529296875,4142.2529296875,400,0.0,0.0
2017-06-29 00:00:00+09:00,4146.814882253235,4146.814882253235,4105.757309161619,4142.2529296875,2000,0.0,0.0
2017-06-30 00:00:00+09:00,4142.2529296875,4142.2529296875,4142.2529296875,4142.2529296875,0,0.0,0.0
2017-07-03 00:00:00+09:00,4073.823171657986,4105.7568359375,4073.823171657986,4105.7568359375,600,0.0,0.0
2017-07-04 00:00:00+09:00,4142.2529296875,4142.2529296875,4142.2529296875,4142.2529296875,200,0.0,0.0
2017-07-05 00:00:00+09:00,4187.8720703125,4187.8720703125,4187.8720703125,4187.8720703125,200,0.0,0.0
2017-07-06 00:00:00+09:00,4187.8720703125,4187.8720703125,4187.8720703125,4187.8720703125,0,0.0,0.0
2017-07-07 00:00:00+09:00,4187.8720703125,4187.8720703125,4187.8720703125,4187.8720703125,0,0.0,0.0
2017-07-10 00:00:00+09:00,4187.8720703125,4187.8720703125,4187.8720703125,4187.8720703125,0,0.0,0.0
2017-07-11 00:00:00+09:00,4187.8720703125,4187.8720703125,4187.8720703125,4187.8720703125,0,0.0,0.0
2017-07-12 00:00:00+09:00,4160.5011905589545,4160.5011905589545,4101.19580078125,4101.19580078125,600,0.0,0.0
2017-07-13 00:00:00+09:00,4151.37744140625,4151.37744140625,4151.37744140625,4151.37744140625,200,0.0,0.0
2017-07-14 00:00:00+09:00,4151.37744140625,4151.37744140625,4151.37744140625,4151.37744140625,0,0.0,0.0
2017-07-17 00:00:00+09:00,4151.37744140625,4151.37744140625,4151.37744140625,4151.37744140625,0,0.0,0.0
2017-07-18 00:00:00+09:00,4196.99609375,4196.99609375,4196.99609375,4196.99609375,400,0.0,0.0
2017-07-19 00:00:00+09:00,4151.376819860467,4178.74853515625,4151.376819860467,4178.74853515625,400,0.0,0.0
2017-07-20 00:00:00+09:00,4247.177823395708,4247.177823395708,4178.74853515625,4178.74853515625,400,0.0,0.0
2017-07-21 00:00:00+09:00,4178.74853515625,4178.74853515625,4169.624630057656,4178.74853515625,800,0.0,0.0
2017-07-24 00:00:00+09:00,4174.1862138735705,4187.8720703125,4174.1862138735705,4187.8720703125,400,0.0,0.0
2017-07-25 00:00:00+09:00,4283.673828125,4283.673828125,4283.673828125,4283.673828125,200,0.0,0.0
2017-07-26 00:00:00+09:00,4297.359460449219,4379.474609375,4297.359460449219,4379.474609375,2000,0.0,0.0
2017-07-27 00:00:00+09:00,4507.208637464708,4507.208637464708,4443.34130859375,4443.34130859375,2200,0.0,0.0
2017-07-28 00:00:00+09:00,4384.03626523642,4415.969932100786,4356.66455078125,4356.66455078125,1400,0.0,0.0
2017-07-31 00:00:00+09:00,4347.5403715538005,4347.5403715538005,4260.86328125,4260.86328125,1400,0.0,0.0
2017-08-01 00:00:00+09:00,4260.863651128286,4260.863651128286,4251.73974609375,4251.73974609375,400,0.0,0.0
2017-08-02 00:00:00+09:00,4320.168839526915,4320.168839526915,4265.425411782117,4274.54931640625,1800,0.0,0.0
2017-08-03 00:00:00+09:00,4274.54931640625,4274.54931640625,4274.54931640625,4274.54931640625,0,0.0,0.0
2017-08-04 00:00:00+09:00,4247.177734375,4247.177734375,4247.177734375,4247.177734375,200,0.0,0.0
2017-08-07 00:00:00+09:00,4251.739547324391,4288.23516575636,4124.0048828125,4124.0048828125,2000,0.0,0.0
2017-08-08 00:00:00+09:00,4124.0048828125,4124.0048828125,4124.0048828125,4124.0048828125,0,0.0,0.0
2017-08-09 00:00:00+09:00,4124.0048828125,4124.0048828125,4124.0048828125,4124.0048828125,0,0.0,0.0
2017-08-10 00:00:00+09:00,4242.61572265625,4242.61572265625,4242.61572265625,4242.61572265625,400,0.0,0.0
2017-08-11 00:00:00+09:00,4242.61572265625,4242.61572265625,4242.61572265625,4242.61572265625,0,0.0,0.0
2017-08-14 00:00:00+09:00,4242.61557886156,4411.407811568955,4242.61557886156,4306.48291015625,1600,0.0,0.0
2017-08-15 00:00:00+09:00,4411.407515545281,4470.712890625,4393.159707828444,4470.712890625,1800,0.0,0.0
2017-08-16 00:00:00+09:00,4470.713673857868,4493.5234375,4461.589768401015,4493.5234375,1400,0.0,0.0
2017-08-17 00:00:00+09:00,4493.5234375,4493.5234375,4493.5234375,4493.5234375,0,0.0,0.0
2017-08-18 00:00:00+09:00,4484.399489105725,4484.399489105725,4452.4658203125,4452.4658203125,1200,0.0,0.0
2017-08-21 00:00:00+09:00,4502.6476558522145,4502.6476558522145,4479.837890625,4479.837890625,1000,0.0,0.0
2017-08-22 00:00:00+09:00,4479.837387547348,4516.3330078125,4479.837387547348,4516.3330078125,1000,0.0,0.0
2017-08-23 00:00:00+09:00,4475.27587890625,4475.27587890625,4475.27587890625,4475.27587890625,200,0.0,0.0
2017-08-24 00:00:00+09:00,4484.39990234375,4484.39990234375,4484.39990234375,4484.39990234375,200,0.0,0.0
2017-08-25 00:00:00+09:00,4484.39990234375,4484.39990234375,4484.39990234375,4484.39990234375,0,0.0,0.0
2017-08-28 00:00:00+09:00,4488.9609375,4488.9609375,4488.9609375,4488.9609375,200,0.0,0.0
2017-08-29 00:00:00+09:00,4539.143113858267,4694.24951171875,4539.143113858267,4694.24951171875,2800,0.0,0.0
2017-08-30 00:00:00+09:00,4694.24925977886,4730.7448808461395,4694.24925977886,4712.4970703125,1000,0.0,0.0
2017-08-31 00:00:00+09:00,4589.324248342803,4671.439393939394,4520.894960345644,4666.87744140625,2400,0.0,0.0
2017-09-01 00:00:00+09:00,4940.5948532516895,5310.113027871622,4885.851419974662,5063.767578125,19600,0.0,0.0
2017-09-04 00:00:00+09:00,5191.501421440972,5191.501421440972,4835.669162326389,4926.908203125,2200,0.0,0.0
2017-09-05 00:00:00+09:00,4926.908735795454,4949.718498461174,4621.25791607481,4666.87744140625,3600,0.0,0.0
2017-09-06 00:00:00+09:00,4561.952489367603,4625.81982421875,4516.332964473927,4625.81982421875,8000,0.0,0.0
2017-09-07 00:00:00+09:00,4625.820033482143,4634.943938873626,4539.142932263049,4566.5146484375,2600,0.0,0.0
2017-09-08 00:00:00+09:00,4561.952461316748,4698.81103515625,4561.952461316748,4698.81103515625,3200,0.0,0.0
2017-09-11 00:00:00+09:00,4657.7529296875,4657.7529296875,4657.7529296875,4657.7529296875,200,0.0,0.0
2017-09-12 00:00:00+09:00,4657.7529296875,4657.7529296875,4657.7529296875,4657.7529296875,0,0.0,0.0
2017-09-13 00:00:00+09:00,4721.62109375,4721.62109375,4721.62109375,4721.62109375,200,0.0,0.0
2017-09-14 00:00:00+09:00,4698.81103515625,4698.81103515625,4698.81103515625,4698.81103515625,200,0.0,0.0
2017-09-15 00:00:00+09:00,4812.8603515625,4812.8603515625,4812.8603515625,4812.8603515625,200,0.0,0.0
2017-09-18 00:00:00+09:00,4812.8603515625,4812.8603515625,4812.8603515625,4812.8603515625,0,0.0,0.0
2017-09-19 00:00:00+09:00,4771.80262475152,4876.7275390625,4771.80262475152,4876.7275390625,1800,0.0,0.0
2017-09-20 00:00:00+09:00,4863.04165521774,4867.6036079899895,4799.17431640625,4799.17431640625,1200,0.0,0.0
2017-09-21 00:00:00+09:00,4744.430016527914,4744.430016527914,4657.7529296875,4657.7529296875,600,0.0,0.0
2017-09-22 00:00:00+09:00,4657.7529296875,4657.7529296875,4657.7529296875,4657.7529296875,0,0.0,0.0
2017-09-25 00:00:00+09:00,4657.7529296875,4657.7529296875,4657.7529296875,4657.7529296875,200,0.0,0.0
2017-09-26 00:00:00+09:00,4762.6787109375,4762.6787109375,4762.6787109375,4762.6787109375,200,0.0,0.0
2017-09-27 00:00:00+09:00,4762.6787109375,4762.6787109375,4762.6787109375,4762.6787109375,200,0.0,0.0
2017-09-28 00:00:00+09:00,4762.678281997607,4767.240234375,4762.678281997607,4767.240234375,400,0.0,0.0
2017-09-29 00:00:00+09:00,4726.182809468963,4726.182809468963,4703.373046875,4703.373046875,600,0.0,0.0
2017-10-02 00:00:00+09:00,4703.373046875,4703.373046875,4703.373046875,4703.373046875,0,0.0,0.0
2017-10-03 00:00:00+09:00,4922.3466796875,4922.3466796875,4922.3466796875,4922.3466796875,200,0.0,0.0
2017-10-04 00:00:00+09:00,4922.3466796875,4922.3466796875,4922.3466796875,4922.3466796875,0,0.0,0.0
2017-10-05 00:00:00+09:00,4922.3466796875,4922.3466796875,4922.3466796875,4922.3466796875,0,0.0,0.0
2017-10-06 00:00:00+09:00,4922.3466796875,4922.3466796875,4922.3466796875,4922.3466796875,0,0.0,0.0
2017-10-09 00:00:00+09:00,4922.3466796875,4922.3466796875,4922.3466796875,4922.3466796875,0,0.0,0.0
2017-10-10 00:00:00+09:00,4922.3466796875,4922.3466796875,4922.3466796875,4922.3466796875,0,0.0,0.0
2017-10-11 00:00:00+09:00,4748.99267578125,4748.99267578125,4721.620960070695,4748.99267578125,600,0.0,0.0
2017-10-12 00:00:00+09:00,4689.687424516908,4721.62109375,4689.687424516908,4721.62109375,600,0.0,0.0
2017-10-13 00:00:00+09:00,4858.47900390625,4858.47900390625,4858.47900390625,4858.47900390625,200,0.0,0.0
2017-10-16 00:00:00+09:00,4858.47900390625,4858.47900390625,4858.47900390625,4858.47900390625,0,0.0,0.0
2017-10-17 00:00:00+09:00,4858.47900390625,4858.47900390625,4858.47900390625,4858.47900390625,0,0.0,0.0
2017-10-18 00:00:00+09:00,4858.47900390625,4858.47900390625,4858.47900390625,4858.47900390625,0,0.0,0.0
2017-10-19 00:00:00+09:00,4858.47900390625,4858.47900390625,4858.47900390625,4858.47900390625,0,0.0,0.0
2017-10-20 00:00:00+09:00,4849.355243425161,4853.917195676737,4794.61181640625,4794.61181640625,800,0.0,0.0
2017-10-23 00:00:00+09:00,4794.61181640625,4794.61181640625,4794.61181640625,4794.61181640625,0,0.0,0.0
2017-10-24 00:00:00+09:00,4853.9169921875,4853.9169921875,4853.9169921875,4853.9169921875,200,0.0,0.0
2017-10-25 00:00:00+09:00,4853.9169921875,4853.9169921875,4853.9169921875,4853.9169921875,0,0.0,0.0
2017-10-26 00:00:00+09:00,4885.851419974662,5063.767578125,4885.851419974662,5063.767578125,200,0.0,0.0
2017-10-27 00:00:00+09:00,5063.767578125,5063.767578125,5063.767578125,5063.767578125,0,0.0,0.2
2017-10-30 00:00:00+09:00,5018.147772054757,5200.625872856748,5018.147772054757,5155.00634765625,1600,0.0,0.0
2017-10-31 00:00:00+09:00,5155.00634765625,5155.00634765625,5155.00634765625,5155.00634765625,0,0.0,0.0
2017-11-01 00:00:00+09:00,5063.767311789773,5136.758552320076,5063.767311789773,5118.5107421875,800,0.0,0.0
2017-11-02 00:00:00+09:00,5155.006243024553,5200.625767299107,5109.38671875,5109.38671875,1800,0.0,0.0
2017-11-03 00:00:00+09:00,5109.38671875,5109.38671875,5109.38671875,5109.38671875,0,0.0,0.0
2017-11-06 00:00:00+09:00,5109.386955071174,5127.634765625,5109.386955071174,5127.634765625,1300,0.0,0.0
2017-11-07 00:00:00+09:00,5127.634765625,5127.634765625,5127.634765625,5127.634765625,0,0.0,0.0
2017-11-08 00:00:00+09:00,5218.873741543171,5383.104034109214,5218.873741543171,5310.11279296875,5500,0.0,0.0
2017-11-09 00:00:00+09:00,5310.112864364496,5638.573453912815,5310.112864364496,5428.7236328125,5300,0.0,0.0
2017-11-10 00:00:00+09:00,5474.342981557377,5565.58203125,5474.342981557377,5565.58203125,2500,0.0,0.0
2017-11-13 00:00:00+09:00,5620.325505591555,5620.325505591555,5437.8474047606605,5456.09521484375,2100,0.0,0.0
2017-11-14 00:00:00+09:00,5328.360558712121,5328.360558712121,5109.386837121212,5118.5107421875,2100,0.0,0.0
2017-11-15 00:00:00+09:00,5118.5107421875,5118.5107421875,5118.5107421875,5118.5107421875,0,0.0,0.0
2017-11-16 00:00:00+09:00,5118.5107421875,5118.5107421875,5118.5107421875,5118.5107421875,0,0.0,0.0
2017-11-17 00:00:00+09:00,5209.748894987206,5237.12060546875,5182.377184505663,5237.12060546875,500,0.0,0.0
2017-11-20 00:00:00+09:00,5237.12060546875,5237.12060546875,5237.12060546875,5237.12060546875,0,0.0,0.0
2017-11-21 00:00:00+09:00,5355.732216956967,5565.58203125,5355.732216956967,5565.58203125,1300,0.0,0.0
2017-11-22 00:00:00+09:00,5583.829900568182,5738.936286695076,5583.829900568182,5720.6884765625,2200,0.0,0.0
2017-11-23 00:00:00+09:00,5720.6884765625,5720.6884765625,5720.6884765625,5720.6884765625,0,0.0,0.0
2017-11-24 00:00:00+09:00,5665.9455840320115,5738.936831491362,5611.2021484375,5611.2021484375,2200,0.0,0.0
2017-11-27 00:00:00+09:00,5702.44026184082,5839.298828125,5702.44026184082,5839.298828125,3300,0.0,0.0
2017-11-28 00:00:00+09:00,5738.936243000538,5903.16653294332,5738.936243000538,5830.17529296875,5000,0.0,0.0
2017-11-29 00:00:00+09:00,5930.53857421875,5930.53857421875,5830.175613731972,5930.53857421875,2700,0.0,0.0
2017-11-30 00:00:00+09:00,5939.661632414027,5994.405057597566,5848.422590441461,5903.166015625,2600,0.0,0.0
2017-12-01 00:00:00+09:00,5857.547330228365,5930.53857421875,5766.308275240385,5930.53857421875,3400,0.0,0.0
2017-12-04 00:00:00+09:00,5967.034147233761,6113.016634016239,5967.034147233761,6040.025390625,3300,0.0,0.0
2017-12-05 00:00:00+09:00,6058.273251201923,6067.397156700721,5912.290763221154,5930.53857421875,4400,0.0,0.0
2017-12-06 00:00:00+09:00,6021.777547807836,6113.0166015625,5839.299440298508,6113.0166015625,6400,0.0,0.0
2017-12-07 00:00:00+09:00,7025.40673828125,7025.40673828125,7025.40673828125,7025.40673828125,4600,0.0,0.0
2017-12-08 00:00:00+09:00,7025.406641794536,8366.62063704622,6852.052451932073,7618.46044921875,100500,0.0,0.0
2017-12-11 00:00:00+09:00,7627.583933800863,7746.194688752312,7235.256052038379,7399.486328125,10300,0.0,0.0
2017-12-12 00:00:00+09:00,7481.602245240324,7481.602245240324,7107.522132978308,7308.248046875,7200,0.0,0.0
2017-12-13 00:00:00+09:00,7362.991817684933,7362.991817684933,7052.779027348764,7107.5224609375,7900,0.0,0.0
2017-12-14 00:00:00+09:00,7052.778645418129,7162.265506666534,7025.406930106027,7153.1416015625,1700,0.0,0.0
2017-12-15 00:00:00+09:00,7344.743408203125,7344.743408203125,6943.291594587054,7025.40673828125,3400,0.0,0.0
2017-12-18 00:00:00+09:00,7025.406795268982,7098.398034700348,6751.689647401359,6879.42431640625,5700,0.0,0.0
2017-12-19 00:00:00+09:00,6779.061553996598,6779.061553996598,6596.583450255102,6706.0703125,7500,0.0,0.0
2017-12-20 00:00:00+09:00,6642.203340022936,6970.663944749344,6550.964283154489,6961.5400390625,3200,0.0,0.0
2017-12-21 00:00:00+09:00,6897.672230113636,6925.0439453125,6788.185369318182,6925.0439453125,1700,0.0,0.0
2017-12-22 00:00:00+09:00,6925.044234013497,7253.5048300931885,6925.044234013497,7098.3984375,5000,0.0,0.0
2017-12-25 00:00:00+09:00,7235.2571052056865,7235.2571052056865,6998.035560772713,7180.513671875,3100,0.0,0.0
2017-12-26 00:00:00+09:00,7226.1324270148025,7226.1324270148025,6934.16748046875,6934.16748046875,1000,0.0,0.0
2017-12-27 00:00:00+09:00,6915.920358099274,6915.920358099274,6760.81396484375,6760.81396484375,1000,0.0,0.0
2017-12-28 00:00:00+09:00,6979.7874490214135,7235.256793560759,6925.044018048697,7043.65478515625,4700,0.0,0.0
2017-12-29 00:00:00+09:00,7125.770203752244,7134.89410926281,6861.176943945823,6988.91162109375,1400,0.0,0.0
2018-01-01 00:00:00+09:00,6988.91162109375,6988.91162109375,6988.91162109375,6988.91162109375,0,0.0,0.0
2018-01-02 00:00:00+09:00,6988.91162109375,6988.91162109375,6988.91162109375,6988.91162109375,0,0.0,0.0
2018-01-03 00:00:00+09:00,6988.91162109375,6988.91162109375,6988.91162109375,6988.91162109375,0,0.0,0.0
2018-01-04 00:00:00+09:00,6988.910907946135,6988.910907946135,6870.300148411801,6934.16748046875,800,0.0,0.0
2018-01-05 00:00:00+09:00,7007.158810143043,7052.778333646578,7007.158810143043,7016.28271484375,1300,0.0,0.0
2018-01-08 00:00:00+09:00,7016.28271484375,7016.28271484375,7016.28271484375,7016.28271484375,0,0.0,0.0
2018-01-09 00:00:00+09:00,7016.28271484375,7016.28271484375,7016.28271484375,7016.28271484375,0,0.0,0.0
2018-01-10 00:00:00+09:00,7134.893527492089,7226.132575158228,7116.645717958861,7207.884765625,3600,0.0,0.0
2018-01-11 00:00:00+09:00,7198.7612460191085,7198.7612460191085,7153.141719745223,7162.265625,1300,0.0,0.0
2018-01-12 00:00:00+09:00,7262.62841796875,7262.62841796875,7189.637177587154,7262.62841796875,1400,0.0,0.0
2018-01-15 00:00:00+09:00,7262.628460477941,7755.3193359375,7262.628460477941,7755.3193359375,5200,0.0,0.0
2018-01-16 00:00:00+09:00,7892.17724609375,7937.796767747471,7718.823063809609,7892.17724609375,3300,0.0,0.0
2018-01-17 00:00:00+09:00,7892.177402755416,7892.177402755416,7572.840744840456,7791.814453125,4900,0.0,0.0
2018-01-18 00:00:00+09:00,7773.567069437967,7837.4344045155085,7326.495723895173,7335.61962890625,4500,0.0,0.0
2018-01-19 00:00:00+09:00,7472.478803523833,7472.478803523833,7326.4963116357,7381.23974609375,1600,0.0,0.0
2018-01-22 00:00:00+09:00,7518.098003798559,7518.098003798559,7271.752559499334,7280.87646484375,2100,0.0,0.0
2018-01-23 00:00:00+09:00,7290.000338646673,7353.86767578125,7290.000338646673,7353.86767578125,1200,0.0,0.0
2018-01-24 00:00:00+09:00,7353.86767578125,7353.86767578125,7353.86767578125,7353.86767578125,0,0.0,0.0
2018-01-25 00:00:00+09:00,7289.999736752718,7390.362686820652,7271.751927649457,7344.7431640625,1300,0.0,0.0
2018-01-26 00:00:00+09:00,7326.495812072379,7481.60219912746,7299.124096709717,7417.73486328125,4400,0.0,0.0
2018-01-29 00:00:00+09:00,7408.611226475371,7426.85903737802,7353.867793767426,7362.99169921875,1400,0.0,0.0
2018-01-30 00:00:00+09:00,7335.619643554687,7445.10650390625,7290.000118408203,7299.1240234375,6900,0.0,0.0
2018-01-31 00:00:00+09:00,7217.00824358431,7472.477561941276,7180.512626676171,7399.486328125,3500,0.0,0.0
2018-02-01 00:00:00+09:00,7527.221589929918,7527.221589929918,7308.247870950138,7445.1064453125,2700,0.0,0.0
2018-02-02 00:00:00+09:00,7445.1064453125,7445.1064453125,7445.1064453125,7445.1064453125,0,0.0,0.0
2018-02-05 00:00:00+09:00,7271.752154998385,7271.752154998385,7025.4067244024545,7061.90234375,5500,0.0,0.0
2018-02-06 00:00:00+09:00,6788.185564159292,6925.044144081859,5857.54722068584,6186.0078125,12200,0.0,0.0
2018-02-07 00:00:00+09:00,6441.477320033482,6560.088092215402,6377.609981166294,6386.73388671875,4600,0.0,0.0
2018-02-08 00:00:00+09:00,6423.228766025642,6432.352670522837,6404.98095703125,6404.98095703125,900,0.0,0.0
2018-02-09 00:00:00+09:00,5903.166042911305,6331.989542164522,5903.166042911305,6204.2548828125,5700,0.0,0.0
2018-02-12 00:00:00+09:00,6204.2548828125,6204.2548828125,6204.2548828125,6204.2548828125,0,0.0,0.0
2018-02-13 00:00:00+09:00,6395.857690254047,6468.848933509443,6341.1142578125,6341.1142578125,1200,0.0,0.0
2018-02-14 00:00:00+09:00,6432.353788056598,6432.353788056598,6368.48644548015,6377.6103515625,1100,0.0,0.0
2018-02-15 00:00:00+09:00,6377.609785183415,6560.087890625,6377.609785183415,6560.087890625,1300,0.0,0.0
2018-02-16 00:00:00+09:00,6715.194554413747,6815.55751650417,6715.194554413747,6769.93798828125,3000,0.0,0.0
2018-02-19 00:00:00+09:00,6769.937630292665,7061.902595480488,6751.689819968426,7043.65478515625,2100,0.0,0.0
2018-02-20 00:00:00+09:00,7089.274310966847,7089.274310966847,6614.831242536634,7043.65478515625,3000,0.0,0.0
2018-02-21 00:00:00+09:00,7107.522310601543,7189.637459247773,6669.574851154978,7171.3896484375,5100,0.0,0.0
2018-02-22 00:00:00+09:00,7171.3896484375,7171.3896484375,7171.3896484375,7171.3896484375,0,0.0,0.0
2018-02-23 00:00:00+09:00,7171.389146558544,7207.884765625,6952.41543215981,7207.884765625,4200,0.0,0.0
2018-02-26 00:00:00+09:00,7344.7439560308685,7481.6025390625,7280.8766172827745,7481.6025390625,3900,0.0,0.0
2018-02-27 00:00:00+09:00,7618.460686067242,7654.956306120259,7490.726015881683,7636.70849609375,4600,0.0,0.0
2018-02-28 00:00:00+09:00,7499.849920894938,7746.195356252801,7390.363060735887,7636.70849609375,9700,0.0,0.0
2018-03-01 00:00:00+09:00,6678.698965961342,6952.416136697463,6523.592569210874,6696.94677734375,21300,0.0,0.0
2018-03-02 00:00:00+09:00,6523.592048206302,6578.33547798146,6414.105188655987,6505.34423828125,3000,0.0,0.0
2018-03-05 00:00:00+09:00,6505.344898365162,6505.344898365162,5894.04320384838,5912.291015625,6700,0.0,0.0
2018-03-06 00:00:00+09:00,6021.7776475694445,6186.007947048612,5985.282025462963,6158.63623046875,2700,0.0,0.0
2018-03-07 00:00:00+09:00,5967.033795879173,6067.396749632493,5930.538176332511,6012.6533203125,2000,0.0,0.0
2018-03-08 00:00:00+09:00,6113.016303043395,6113.016303043395,5848.423060075846,5939.662109375,1400,0.0,0.0
2018-03-09 00:00:00+09:00,6122.140467756886,6122.140467756886,5866.671118878804,5921.41455078125,1500,0.0,0.0
2018-03-12 00:00:00+09:00,5921.414769203245,6049.149448354008,5884.919146588741,5976.158203125,1600,0.0,0.0
2018-03-13 00:00:00+09:00,5976.15739440918,5985.281298828125,5766.307592773437,5839.298828125,2600,0.0,0.0
2018-03-14 00:00:00+09:00,5793.679411185804,5884.91845703125,5793.679411185804,5884.91845703125,800,0.0,0.0
2018-03-15 00:00:00+09:00,5884.918913906968,5957.91015625,5875.795008614089,5957.91015625,1500,0.0,0.0
2018-03-16 00:00:00+09:00,5976.157333836411,6021.77685546875,5957.909525183475,6021.77685546875,1200,0.0,0.0
2018-03-19 00:00:00+09:00,6049.14920917879,6067.3970197645485,5839.299387442573,5957.91015625,1900,0.0,0.0
2018-03-20 00:00:00+09:00,5957.910290715145,5957.910290715145,5903.166857722356,5930.53857421875,700,0.0,0.0
2018-03-21 00:00:00+09:00,5930.53857421875,5930.53857421875,5930.53857421875,5930.53857421875,0,0.0,0.0
2018-03-22 00:00:00+09:00,6021.777509269068,6021.777509269068,5866.671118878804,5921.41455078125,2200,0.0,0.0
2018-03-23 00:00:00+09:00,5574.706585732235,5793.6803305073145,5483.467525409285,5729.81298828125,2300,0.0,0.0
2018-03-26 00:00:00+09:00,5811.927259207148,5811.927259207148,5656.820880233017,5775.431640625,1000,0.0,0.0
2018-03-27 00:00:00+09:00,5684.192359597861,5830.174827902139,5684.192359597861,5757.18359375,700,0.0,0.0
2018-03-28 00:00:00+09:00,5793.6803305073145,5821.0520486042,5729.81298828125,5729.81298828125,700,0.0,0.0
2018-03-29 00:00:00+09:00,5766.307854396688,5784.5556640625,5693.316615733438,5784.5556640625,400,0.0,0.0
2018-03-30 00:00:00+09:00,5793.679805731624,5821.051521349254,5793.679805731624,5802.8037109375,1200,0.0,0.0
2018-04-02 00:00:00+09:00,5839.298828125,5839.298828125,5757.183688354492,5839.298828125,1100,0.0,0.0
2018-04-03 00:00:00+09:00,5884.918617224467,5884.918617224467,5757.183949563781,5784.5556640625,700,0.0,0.0
2018-04-04 00:00:00+09:00,5766.308090113994,5848.4232369668825,5766.308090113994,5802.8037109375,1800,0.0,0.0
2018-04-05 00:00:00+09:00,5811.927378561219,5821.051283394125,5784.5556640625,5784.5556640625,1200,0.0,0.0
2018-04-06 00:00:00+09:00,5784.555464024697,5830.174986611643,5656.82080078125,5656.82080078125,1800,0.0,0.0
2018-04-09 00:00:00+09:00,5620.32611589371,5729.81298828125,5620.32611589371,5729.81298828125,900,0.0,0.0
2018-04-10 00:00:00+09:00,5729.812036920363,5729.812036920363,5656.82080078125,5656.82080078125,400,0.0,0.0
2018-04-11 00:00:00+09:00,5647.697028211102,5720.68826605551,5629.44921875,5629.44921875,500,0.0,0.0
2018-04-12 00:00:00+09:00,5620.325112717662,5620.325112717662,5501.71435546875,5501.71435546875,800,0.0,0.0
2018-04-13 00:00:00+09:00,5510.839317172182,5592.954472560508,5510.839317172182,5583.83056640625,1300,0.0,0.0
2018-04-16 00:00:00+09:00,5592.9537461577875,5592.9537461577875,5529.086411372951,5565.58203125,900,0.0,0.0
2018-04-17 00:00:00+09:00,5565.581589001999,5565.581589001999,5401.351312605219,5419.59912109375,1500,0.0,0.0
2018-04-18 00:00:00+09:00,5419.599332897868,5510.83837890625,5419.599332897868,5510.83837890625,1300,0.0,0.0
2018-04-19 00:00:00+09:00,5510.8384839388345,5565.581912587233,5510.8384839388345,5556.4580078125,1100,0.0,0.0
2018-04-20 00:00:00+09:00,5629.449690519324,5665.9453125,5629.449690519324,5665.9453125,1500,0.0,0.0
2018-04-23 00:00:00+09:00,5574.7060546875,5592.953865013809,5574.7060546875,5574.7060546875,2700,0.0,0.0
2018-04-24 00:00:00+09:00,5574.70625754831,5665.9453125,5574.70625754831,5665.9453125,1500,0.0,0.0
2018-04-25 00:00:00+09:00,5665.944671433972,5730.6455078125,5665.944671433972,5730.6455078125,400,80.0,0.0
2018-04-26 00:00:00+09:00,5721.402946781301,5721.402946781301,5628.973173812297,5702.9169921875,1400,0.0,0.0
2018-04-27 00:00:00+09:00,5638.2163794861335,5665.9453125,5582.7585134584015,5665.9453125,800,0.0,0.0
2018-04-30 00:00:00+09:00,5665.9453125,5665.9453125,5665.9453125,5665.9453125,0,0.0,0.0
2018-05-01 00:00:00+09:00,5582.758719191972,5582.758719191972,5555.02978515625,5555.02978515625,1600,0.0,0.0
2018-05-02 00:00:00+09:00,5628.973401814845,5684.431267842578,5628.973401814845,5665.9453125,1200,0.0,0.0
2018-05-03 00:00:00+09:00,5665.9453125,5665.9453125,5665.9453125,5665.9453125,0,0.0,0.0
2018-05-04 00:00:00+09:00,5665.9453125,5665.9453125,5665.9453125,5665.9453125,0,0.0,0.0
2018-05-07 00:00:00+09:00,5582.75830078125,5592.001278100424,5527.300436866204,5582.75830078125,2200,0.0,0.0
2018-05-08 00:00:00+09:00,5499.57177734375,5508.8147551207985,5499.57177734375,5499.57177734375,1400,0.0,0.0
2018-05-09 00:00:00+09:00,5508.8141521409125,5518.05712890625,5508.8141521409125,5518.05712890625,500,0.0,0.0
2018-05-10 00:00:00+09:00,5499.571562366681,5518.057517198165,5416.384765625,5416.384765625,1200,0.0,0.0
2018-05-11 00:00:00+09:00,5407.141773561404,5536.54345703125,5407.141773561404,5536.54345703125,1800,0.0,0.0
2018-05-14 00:00:00+09:00,5536.543372043053,5647.45909902889,5536.543372043053,5628.97314453125,1800,0.0,0.0
2018-05-15 00:00:00+09:00,5656.702162322275,5915.5055292259085,5656.702162322275,5850.8046875,4000,0.0,0.0
2018-05-16 00:00:00+09:00,5850.804489916424,5970.963191921027,5850.804489916424,5961.72021484375,3000,0.0,0.0
2018-05-17 00:00:00+09:00,5961.720401539522,5980.206356272978,5961.720401539522,5970.96337890625,2300,0.0,0.0
2018-05-18 00:00:00+09:00,5915.5053294573645,5961.72021484375,5906.262352380087,5961.72021484375,600,0.0,0.0
2018-05-21 00:00:00+09:00,6044.907431914427,6044.907431914427,5878.533832870911,5933.99169921875,5300,0.0,0.0
2018-05-22 00:00:00+09:00,5933.99169921875,5933.99169921875,5933.99169921875,5933.99169921875,200,0.0,0.0
2018-05-23 00:00:00+09:00,5933.991170184506,5989.449031588099,5933.991170184506,5980.2060546875,1500,0.0,0.0
2018-05-24 00:00:00+09:00,5924.748348236084,5980.206211090088,5915.50537109375,5915.50537109375,600,0.0,0.0
2018-05-25 00:00:00+09:00,5860.047807242762,5906.2626953125,5860.047807242762,5906.2626953125,500,0.0,0.0
2018-05-28 00:00:00+09:00,5924.748420489891,6072.636056570762,5924.748420489891,5943.234375,1700,0.0,0.0
2018-05-29 00:00:00+09:00,5933.991556419516,5952.477511423938,5878.53369140625,5878.53369140625,1200,0.0,0.0
2018-05-30 00:00:00+09:00,5850.804829628814,5952.477583382238,5850.804829628814,5906.2626953125,1200,0.0,0.0
2018-05-31 00:00:00+09:00,5897.01937530281,5961.72021484375,5776.860673298207,5961.72021484375,5300,0.0,0.0
2018-06-01 00:00:00+09:00,6793.588264289348,6886.018036592605,6599.48574245251,6812.07421875,52800,0.0,0.0
2018-06-04 00:00:00+09:00,6904.5044351649185,6904.5044351649185,6608.729144769634,6664.18701171875,13500,0.0,0.0
2018-06-05 00:00:00+09:00,6636.45765964674,6664.186591372283,6211.280706521739,6377.654296875,8900,0.0,0.0
2018-06-06 00:00:00+09:00,6396.140351952568,6544.0279901480035,6396.140351952568,6479.3271484375,1400,0.0,0.0
2018-06-07 00:00:00+09:00,6608.728860658718,6691.915657506171,6534.785041238761,6553.27099609375,3600,0.0,0.0
2018-06-08 00:00:00+09:00,6617.971765447946,6617.971765447946,6423.86924160101,6525.5419921875,1400,0.0,0.0
2018-06-11 00:00:00+09:00,6525.5419921875,6525.5419921875,6525.5419921875,6525.5419921875,0,0.0,0.0
2018-06-12 00:00:00+09:00,6479.32749620616,6479.32749620616,6377.654739489658,6423.86962890625,1900,0.0,0.0
2018-06-13 00:00:00+09:00,6368.411332596705,6368.411332596705,6202.037741904774,6257.49560546875,2900,0.0,0.0
2018-06-14 00:00:00+09:00,6349.925991753472,6349.925991753472,6239.01025390625,6239.01025390625,1400,0.0,0.0
2018-06-15 00:00:00+09:00,6368.411184478624,6396.140115615686,6202.03759765625,6202.03759765625,2100,0.0,0.0
2018-06-18 00:00:00+09:00,6202.037899370336,6377.654471781717,6165.065989388992,6192.794921875,1600,0.0,0.0
2018-06-19 00:00:00+09:00,6266.738565584508,6266.738565584508,6063.39306640625,6063.39306640625,2200,0.0,0.0
2018-06-20 00:00:00+09:00,6026.421115615545,6109.60791015625,5970.963252588408,6109.60791015625,2400,0.0,0.0
2018-06-21 00:00:00+09:00,6109.60772298177,6109.60772298177,6100.36474609375,6100.36474609375,300,0.0,0.0
2018-06-22 00:00:00+09:00,6044.9072265625,6044.9072265625,6035.664249151854,6044.9072265625,600,0.0,0.0
2018-06-25 00:00:00+09:00,6054.150409639067,6054.150409639067,5933.99169921875,5933.99169921875,1500,0.0,0.0
2018-06-26 00:00:00+09:00,5915.505952380952,5915.505952380952,5730.646391369048,5823.076171875,2900,0.0,0.0
2018-06-27 00:00:00+09:00,5758.375440852657,5906.263092624154,5758.375440852657,5804.59033203125,1400,0.0,0.0
2018-06-28 00:00:00+09:00,5776.860621068385,5786.103598062094,5693.673828125,5693.673828125,1800,0.0,0.0
2018-06-29 00:00:00+09:00,5693.674618902439,5767.6184451219515,5675.188662347561,5684.431640625,1700,0.0,0.0
2018-07-02 00:00:00+09:00,5739.888713093547,5749.131690087256,5684.43085113129,5693.673828125,1700,0.0,0.0
2018-07-03 00:00:00+09:00,5693.673828125,5693.673828125,5693.673828125,5693.673828125,0,0.0,0.0
2018-07-04 00:00:00+09:00,5693.673828125,5693.673828125,5693.673828125,5693.673828125,0,0.0,0.0
2018-07-05 00:00:00+09:00,5628.973466222426,5721.40324399291,5471.8428440126045,5499.57177734375,2000,0.0,0.0
2018-07-06 00:00:00+09:00,5508.814918154762,5518.057896205358,5360.9272693452385,5434.87109375,2100,0.0,0.0
2018-07-09 00:00:00+09:00,5462.60009765625,5555.029879342481,5462.60009765625,5462.60009765625,1900,0.0,0.0
2018-07-10 00:00:00+09:00,5462.60009765625,5462.60009765625,5462.60009765625,5462.60009765625,0,0.0,0.0
2018-07-11 00:00:00+09:00,5582.75796626361,5582.75796626361,5518.05712890625,5518.05712890625,300,0.0,0.0
2018-07-12 00:00:00+09:00,5527.300179036458,5564.272086588541,5527.300179036458,5545.7861328125,500,0.0,0.0
2018-07-13 00:00:00+09:00,5545.786505917774,5573.515438447363,5545.786505917774,5564.2724609375,800,0.0,0.0
2018-07-16 00:00:00+09:00,5564.2724609375,5564.2724609375,5564.2724609375,5564.2724609375,0,0.0,0.0
2018-07-17 00:00:00+09:00,5638.215975785137,5638.215975785137,5573.51513671875,5573.51513671875,400,0.0,0.0
2018-07-18 00:00:00+09:00,5573.51513671875,5573.51513671875,5573.51513671875,5573.51513671875,0,0.0,0.0
2018-07-19 00:00:00+09:00,5592.001650970761,5601.24462890625,5592.001650970761,5601.24462890625,300,0.0,0.0
2018-07-20 00:00:00+09:00,5628.973562712717,5776.861209680539,5601.24462890625,5601.24462890625,2100,0.0,0.0
2018-07-23 00:00:00+09:00,5601.24462890625,5601.24462890625,5601.24462890625,5601.24462890625,0,0.0,0.0
2018-07-24 00:00:00+09:00,5739.889369419643,5823.076171875,5702.917457217262,5823.076171875,2100,0.0,0.0
2018-07-25 00:00:00+09:00,5961.720632392669,5961.720632392669,5933.99169921875,5933.99169921875,900,0.0,0.0
2018-07-26 00:00:00+09:00,5952.477395180251,5970.963349823668,5897.01953125,5897.01953125,1500,0.0,0.0
2018-07-27 00:00:00+09:00,5869.29094531868,5869.29094531868,5823.0760559854625,5841.56201171875,500,0.0,0.0
2018-07-30 00:00:00+09:00,6091.122301407443,6091.122301407443,6054.150390625,6054.150390625,1400,0.0,0.0
2018-07-31 00:00:00+09:00,5961.720472903024,5998.6923828125,5952.4774954256545,5998.6923828125,300,0.0,0.0
2018-08-01 00:00:00+09:00,6007.935546875,6007.935546875,5998.692569110577,6007.935546875,1400,0.0,0.0
2018-08-02 00:00:00+09:00,6035.664220473345,6035.664220473345,5970.96337890625,5970.96337890625,200,0.0,0.0
2018-08-03 00:00:00+09:00,5933.991229961444,5933.991229961444,5693.673828125,5693.673828125,2800,0.0,0.0
2018-08-06 00:00:00+09:00,5693.673828125,5693.673828125,5693.673828125,5693.673828125,0,0.0,0.0
2018-08-07 00:00:00+09:00,5693.673828125,5693.673828125,5693.673828125,5693.673828125,0,0.0,0.0
2018-08-08 00:00:00+09:00,5693.673828125,5693.673828125,5693.673828125,5693.673828125,0,0.0,0.0
2018-08-09 00:00:00+09:00,5693.673828125,5693.673828125,5693.673828125,5693.673828125,0,0.0,0.0
2018-08-10 00:00:00+09:00,5702.9175275416155,5712.160505706189,5545.786898743872,5656.70263671875,1300,0.0,0.0
2018-08-13 00:00:00+09:00,5749.132488567073,5758.375466844513,5684.431640625,5684.431640625,700,0.0,0.0
2018-08-14 00:00:00+09:00,5776.86095505618,5776.86095505618,5758.375,5758.375,200,0.0,0.0
2018-08-15 00:00:00+09:00,5758.374698736729,5767.61767578125,5758.374698736729,5767.61767578125,500,0.0,0.0
2018-08-16 00:00:00+09:00,5767.61767578125,5767.61767578125,5767.61767578125,5767.61767578125,0,0.0,0.0
2018-08-17 00:00:00+09:00,5647.459330610795,5647.459330610795,5592.00146484375,5592.00146484375,800,0.0,0.0
2018-08-20 00:00:00+09:00,5628.973512811175,5628.973512811175,5453.35693359375,5453.35693359375,1100,0.0,0.0
2018-08-21 00:00:00+09:00,5471.843075824873,5481.086053993496,5453.357119487627,5462.60009765625,1600,0.0,0.0
2018-08-22 00:00:00+09:00,5518.057054924242,5518.057054924242,5490.328125,5490.328125,200,0.0,0.0
2018-08-23 00:00:00+09:00,5555.029537065129,5712.16015625,5555.029537065129,5712.16015625,1200,0.0,0.0
2018-08-24 00:00:00+09:00,5804.589320816533,5813.832297442036,5628.972764931956,5730.6455078125,700,0.0,0.0
2018-08-27 00:00:00+09:00,5693.67438661147,5730.646298212843,5693.67438661147,5721.4033203125,1000,0.0,0.0
2018-08-28 00:00:00+09:00,5804.589758032916,5897.01953125,5804.589758032916,5897.01953125,900,0.0,0.0
2018-08-29 00:00:00+09:00,5952.47745245604,6044.9072265625,5952.47745245604,6044.9072265625,2500,0.0,0.0
2018-08-30 00:00:00+09:00,6091.122185508229,6091.122185508229,5970.963477751618,6072.63623046875,1400,0.0,0.0
2018-08-31 00:00:00+09:00,6081.879191930971,6239.009809351679,6072.636214435634,6192.794921875,10700,0.0,0.0
2018-09-03 00:00:00+09:00,5638.216281016404,5721.40307860517,5564.2724609375,5564.2724609375,7500,0.0,0.0
2018-09-04 00:00:00+09:00,5564.2724609375,5647.459258526266,5564.2724609375,5564.2724609375,900,0.0,0.0
2018-09-05 00:00:00+09:00,5499.571679520281,5545.786567583476,5388.655948168611,5397.89892578125,3200,0.0,0.0
2018-09-06 00:00:00+09:00,5397.898810793516,5545.7864494453925,5397.898810793516,5416.384765625,1100,0.0,0.0
2018-09-07 00:00:00+09:00,5407.1416015625,5407.1416015625,5314.71183059562,5407.1416015625,1600,0.0,0.0
2018-09-10 00:00:00+09:00,5499.572010330742,5499.572010330742,5462.60009765625,5462.60009765625,300,0.0,0.0
2018-09-11 00:00:00+09:00,5370.17041015625,5370.17041015625,5360.927431825517,5370.17041015625,600,0.0,0.0
2018-09-12 00:00:00+09:00,5351.684550644429,5397.89944313704,5277.74072265625,5277.74072265625,1300,0.0,0.0
2018-09-13 00:00:00+09:00,5185.309944979463,5250.010782082593,5185.309944979463,5203.7958984375,1400,0.0,0.0
2018-09-14 00:00:00+09:00,5573.515307575311,5573.515307575311,5388.65576171875,5388.65576171875,700,0.0,0.0
2018-09-17 00:00:00+09:00,5388.65576171875,5388.65576171875,5388.65576171875,5388.65576171875,0,0.0,0.0
2018-09-18 00:00:00+09:00,5555.029664344394,5555.029664344394,5379.4130859375,5379.4130859375,900,0.0,0.0
2018-09-19 00:00:00+09:00,5471.842059039429,5564.271823550231,5471.842059039429,5508.81396484375,2100,0.0,0.0
2018-09-20 00:00:00+09:00,5536.543155924479,5564.272086588541,5536.543155924479,5545.7861328125,700,0.0,0.0
2018-09-21 00:00:00+09:00,5582.758443263319,5721.403106589395,5582.758443263319,5638.21630859375,2100,0.0,0.0
2018-09-24 00:00:00+09:00,5638.21630859375,5638.21630859375,5638.21630859375,5638.21630859375,0,0.0,0.0
2018-09-25 00:00:00+09:00,5508.81396484375,5582.75777645239,5508.81396484375,5508.81396484375,1000,0.0,0.0
2018-09-26 00:00:00+09:00,5499.571101641414,5499.571101641414,5490.328125,5490.328125,700,0.0,0.0
2018-09-27 00:00:00+09:00,5499.571618368459,5582.758415957225,5499.571618368459,5564.2724609375,600,0.0,0.0
2018-09-28 00:00:00+09:00,5545.786391504553,5582.75830078125,5490.328527589508,5582.75830078125,700,0.0,0.0
2018-10-01 00:00:00+09:00,5582.75830078125,5582.75830078125,5582.75830078125,5582.75830078125,0,0.0,0.0
2018-10-02 00:00:00+09:00,5582.75830078125,5582.75830078125,5582.75830078125,5582.75830078125,0,0.0,0.0
2018-10-03 00:00:00+09:00,5564.272667836334,5564.272667836334,5453.35693359375,5453.35693359375,1800,0.0,0.0
2018-10-04 00:00:00+09:00,5481.0859375,5481.0859375,5481.0859375,5481.0859375,200,0.0,0.0
2018-10-05 00:00:00+09:00,5481.085461004849,5481.085461004849,5314.711871969289,5360.9267578125,900,0.0,0.0
2018-10-08 00:00:00+09:00,5360.9267578125,5360.9267578125,5360.9267578125,5360.9267578125,0,0.0,0.0
2018-10-09 00:00:00+09:00,5360.9267578125,5360.9267578125,5360.9267578125,5360.9267578125,0,0.0,0.0
2018-10-10 00:00:00+09:00,5360.9267578125,5360.9267578125,5360.9267578125,5360.9267578125,0,0.0,0.0
2018-10-11 00:00:00+09:00,5259.253947805851,5259.253947805851,5194.55310837766,5213.0390625,1000,0.0,0.0
2018-10-12 00:00:00+09:00,5213.0390625,5213.0390625,5213.0390625,5213.0390625,0,0.0,0.0
2018-10-15 00:00:00+09:00,5176.067498319892,5176.067498319892,5092.880699239751,5157.58154296875,600,0.0,0.0
2018-10-16 00:00:00+09:00,5157.581471706081,5176.067426801802,5129.8525390625,5129.8525390625,1600,0.0,0.0
2018-10-17 00:00:00+09:00,5166.82433358814,5185.31028827003,5148.33837890625,5148.33837890625,3800,0.0,0.0
2018-10-18 00:00:00+09:00,5148.33837890625,5148.33837890625,5148.33837890625,5148.33837890625,0,0.0,0.0
2018-10-19 00:00:00+09:00,5194.553641058252,5213.039597076253,5148.33875101325,5166.82470703125,1600,0.0,0.0
2018-10-22 00:00:00+09:00,5222.282412903048,5231.525390625,5222.282412903048,5231.525390625,400,0.0,0.0
2018-10-23 00:00:00+09:00,5231.525390625,5231.525390625,5231.525390625,5231.525390625,0,0.0,0.0
2018-10-24 00:00:00+09:00,5203.796242951918,5203.796242951918,5148.33837890625,5148.33837890625,300,0.0,0.0
2018-10-25 00:00:00+09:00,5092.880155105447,5092.880155105447,4889.53466796875,4889.53466796875,1700,0.0,0.0
2018-10-26 00:00:00+09:00,4834.0771484375,4834.0771484375,4834.0771484375,4834.0771484375,200,0.0,0.0
2018-10-29 00:00:00+09:00,4834.077450573216,4834.077450573216,4824.83447265625,4824.83447265625,300,0.0,0.0
2018-10-30 00:00:00+09:00,4963.47859715963,4972.721574063093,4871.048828125,4871.048828125,600,0.0,0.0
2018-10-31 00:00:00+09:00,4926.506681315104,4991.20751953125,4898.777750651041,4991.20751953125,2500,0.0,0.0
2018-11-01 00:00:00+09:00,4991.20751953125,4991.20751953125,4991.20751953125,4991.20751953125,0,0.0,0.0
2018-11-02 00:00:00+09:00,5083.637495482095,5194.55322265625,5083.637495482095,5194.55322265625,1300,0.0,0.0
2018-11-05 00:00:00+09:00,5129.85227941385,5176.067164813974,5055.90846277365,5092.88037109375,800,0.0,0.0
2018-11-06 00:00:00+09:00,5092.88037109375,5092.88037109375,5092.88037109375,5092.88037109375,0,0.0,0.0
2018-11-07 00:00:00+09:00,5092.88037109375,5092.88037109375,5092.88037109375,5092.88037109375,0,0.0,0.0
2018-11-08 00:00:00+09:00,5129.8522477123615,5129.8522477123615,5018.9365234375,5018.9365234375,700,0.0,0.0
2018-11-09 00:00:00+09:00,5018.936896143922,5046.665829271789,5018.936896143922,5037.4228515625,900,0.0,0.0
2018-11-12 00:00:00+09:00,5046.666015625,5046.666015625,5046.666015625,5046.666015625,200,0.0,0.0
2018-11-13 00:00:00+09:00,5037.423037574405,5046.666015625,5037.423037574405,5046.666015625,400,0.0,0.0
2018-11-14 00:00:00+09:00,5046.666015625,5046.666015625,5046.666015625,5046.666015625,500,0.0,0.0
2018-11-15 00:00:00+09:00,5046.666015625,5046.666015625,5046.666015625,5046.666015625,0,0.0,0.0
2018-11-16 00:00:00+09:00,5028.179427083333,5028.179427083333,4981.964542643229,4991.20751953125,400,0.0,0.0
2018-11-19 00:00:00+09:00,4898.778436834162,4954.236305930397,4834.07758955522,4880.29248046875,5000,0.0,0.0
2018-11-20 00:00:00+09:00,4880.291691280719,4889.53466796875,4880.291691280719,4889.53466796875,500,0.0,0.0
2018-11-21 00:00:00+09:00,4917.263806573275,5092.88037109375,4917.263806573275,5092.88037109375,1000,0.0,0.0
2018-11-22 00:00:00+09:00,5092.88037109375,5092.88037109375,5092.88037109375,5092.88037109375,0,0.0,0.0
2018-11-23 00:00:00+09:00,5092.88037109375,5092.88037109375,5092.88037109375,5092.88037109375,0,0.0,0.0
2018-11-26 00:00:00+09:00,5028.1796875,5028.1796875,4981.96480066636,5028.1796875,700,0.0,0.0
2018-11-27 00:00:00+09:00,5028.1796875,5028.1796875,5028.1796875,5028.1796875,0,0.0,0.0
2018-11-28 00:00:00+09:00,4991.207963016055,5037.4228515625,4991.207963016055,5037.4228515625,2500,0.0,0.0
2018-11-29 00:00:00+09:00,5037.422099750395,5120.60888671875,5037.422099750395,5120.60888671875,8300,0.0,0.0
2018-11-30 00:00:00+09:00,4972.72173414964,5000.4506657527045,4676.946463716948,4806.34814453125,9400,0.0,0.0
2018-12-03 00:00:00+09:00,4861.806384324114,4861.806384324114,4824.83447265625,4824.83447265625,600,0.0,0.0
2018-12-04 00:00:00+09:00,4824.83447265625,4824.83447265625,4824.83447265625,4824.83447265625,0,0.0,0.0
2018-12-05 00:00:00+09:00,4723.16169139105,4778.61955860895,4723.16169139105,4750.890625,2100,0.0,0.0
2018-12-06 00:00:00+09:00,4750.890646441492,4760.133624352857,4630.73193359375,4630.73193359375,1400,0.0,0.0
2018-12-07 00:00:00+09:00,4649.21788941648,4658.460867327844,4621.4889556823855,4630.73193359375,1500,0.0,0.0
2018-12-10 00:00:00+09:00,4630.731774037278,4695.4326171875,4630.731774037278,4695.4326171875,800,0.0,0.0
2018-12-11 00:00:00+09:00,4695.432778973303,4695.432778973303,4630.73193359375,4630.73193359375,500,0.0,0.0
2018-12-12 00:00:00+09:00,4468.9794921875,4468.9794921875,4468.9794921875,4468.9794921875,200,0.0,0.0
2018-12-13 00:00:00+09:00,4482.84423828125,4482.84423828125,4482.84423828125,4482.84423828125,200,0.0,0.0
2018-12-14 00:00:00+09:00,4482.84423828125,4482.84423828125,4482.84423828125,4482.84423828125,0,0.0,0.0
2018-12-17 00:00:00+09:00,4547.544547193877,4630.731337691327,4529.05859375,4529.05859375,6500,0.0,0.0
2018-12-18 00:00:00+09:00,4459.736840795425,4542.923641970884,4459.736840795425,4533.6806640625,4700,0.0,0.0
2018-12-19 00:00:00+09:00,4542.92390076188,4542.92390076188,4473.6015625,4473.6015625,600,0.0,0.0
2018-12-20 00:00:00+09:00,4492.087519369835,4492.087519369835,4367.3073104984505,4473.6015625,1600,0.0,0.0
2018-12-21 00:00:00+09:00,4473.6010021439715,4473.6010021439715,4279.4984793236745,4445.8720703125,1200,0.0,0.0
2018-12-24 00:00:00+09:00,4445.8720703125,4445.8720703125,4445.8720703125,4445.8720703125,0,0.0,0.0
2018-12-25 00:00:00+09:00,4436.62849069149,4436.62849069149,4297.98385035738,4344.19873046875,2000,0.0,0.0
2018-12-26 00:00:00+09:00,4344.19873046875,4344.19873046875,4344.19873046875,4344.19873046875,0,0.0,0.0
2018-12-27 00:00:00+09:00,4441.250929790296,4501.330286800987,4390.41455078125,4390.41455078125,900,0.0,0.0
2018-12-28 00:00:00+09:00,4344.199613951012,4344.199613951012,4339.578125,4339.578125,500,0.0,0.0
2018-12-31 00:00:00+09:00,4339.578125,4339.578125,4339.578125,4339.578125,0,0.0,0.0
2019-01-04 00:00:00+09:00,4339.577960493227,4339.577960493227,4219.419252321955,4307.2275390625,900,0.0,0.0
2019-01-07 00:00:00+09:00,4307.228145204742,4334.957081761853,4288.7421875,4288.7421875,1600,0.0,0.0
2019-01-08 00:00:00+09:00,4288.7421875,4321.092613483298,4288.7421875,4288.7421875,800,0.0,0.0
2019-01-09 00:00:00+09:00,4339.577938442169,4339.577938442169,4256.391140900147,4330.3349609375,500,0.0,0.0
2019-01-10 00:00:00+09:00,4330.3349609375,4330.3349609375,4330.3349609375,4330.3349609375,0,0.0,0.0
2019-01-11 00:00:00+09:00,4330.334795026882,4330.334795026882,4297.984375,4297.984375,500,0.0,0.0
2019-01-15 00:00:00+09:00,4297.984375,4297.984375,4297.984375,4297.984375,0,0.0,0.0
2019-01-16 00:00:00+09:00,4288.741171375266,4334.9560546875,4288.741171375266,4334.9560546875,500,0.0,0.0
2019-01-17 00:00:00+09:00,4288.741440217392,4288.741440217392,4251.76953125,4251.76953125,300,0.0,0.0
2019-01-18 00:00:00+09:00,4251.76945859546,4251.76945859546,4205.554573175944,4224.04052734375,2600,0.0,0.0
2019-01-21 00:00:00+09:00,4224.04052734375,4224.04052734375,4224.04052734375,4224.04052734375,0,0.0,0.0
2019-01-22 00:00:00+09:00,4251.76953125,4284.119951596467,4251.76953125,4251.76953125,500,0.0,0.0
2019-01-23 00:00:00+09:00,4113.125,4150.096910112359,4113.125,4113.125,400,0.0,0.0
2019-01-24 00:00:00+09:00,4113.125,4113.125,4113.125,4113.125,0,0.0,0.0
2019-01-25 00:00:00+09:00,4113.125347608454,4154.71875,4113.125347608454,4154.71875,500,0.0,0.0
2019-01-28 00:00:00+09:00,4154.717922440998,4251.769175356751,4154.717922440998,4210.17578125,500,0.0,0.0
2019-01-29 00:00:00+09:00,4154.718168194947,4154.718168194947,4150.0966796875,4150.0966796875,300,0.0,0.0
2019-01-30 00:00:00+09:00,4099.26025390625,4099.26025390625,4099.26025390625,4099.26025390625,200,0.0,0.0
2019-01-31 00:00:00+09:00,4099.26025390625,4099.26025390625,4099.26025390625,4099.26025390625,0,0.0,0.0
2019-02-01 00:00:00+09:00,4113.124872622283,4251.76953125,4113.124872622283,4251.76953125,2700,0.0,0.0
2019-02-04 00:00:00+09:00,4261.012537768764,4325.71337890625,4261.012537768764,4325.71337890625,700,0.0,0.0
2019-02-05 00:00:00+09:00,4371.928365368933,4445.872185502022,4344.199432819024,4427.38623046875,4700,0.0,0.0
2019-02-06 00:00:00+09:00,4432.008159542872,4473.6015625,4427.386670325413,4473.6015625,800,0.0,0.0
2019-02-07 00:00:00+09:00,4464.35791015625,4464.35791015625,4464.35791015625,4464.35791015625,200,0.0,0.0
2019-02-08 00:00:00+09:00,4464.35791015625,4464.35791015625,4464.35791015625,4464.35791015625,0,0.0,0.0
2019-02-12 00:00:00+09:00,4464.358046385189,4464.358046385189,4422.7646484375,4422.7646484375,500,0.0,0.0
2019-02-13 00:00:00+09:00,4404.278901745938,4408.900390625,4404.278901745938,4408.900390625,300,0.0,0.0
2019-02-14 00:00:00+09:00,4473.6015625,4473.6015625,4473.6015625,4473.6015625,300,0.0,0.0
2019-02-15 00:00:00+09:00,4473.6015625,4473.6015625,4473.6015625,4473.6015625,0,0.0,0.0
2019-02-18 00:00:00+09:00,4496.708798315203,4496.708798315203,4487.4658203125,4487.4658203125,600,0.0,0.0
2019-02-19 00:00:00+09:00,4487.465425467785,4492.0869140625,4478.222448278357,4492.0869140625,400,0.0,0.0
2019-02-20 00:00:00+09:00,4529.059173583984,4529.059173583984,4436.62939453125,4436.62939453125,1000,0.0,0.0
2019-02-21 00:00:00+09:00,4501.32958984375,4501.32958984375,4501.32958984375,4501.32958984375,300,0.0,0.0
2019-02-22 00:00:00+09:00,4432.007625759209,4432.007625759209,4422.7646484375,4422.7646484375,2600,0.0,0.0
2019-02-25 00:00:00+09:00,4422.764655926477,4519.81591796875,4422.764655926477,4519.81591796875,3100,0.0,0.0
2019-02-26 00:00:00+09:00,4492.087145033714,4492.087145033714,4436.629279045644,4455.115234375,700,0.0,0.0
2019-02-27 00:00:00+09:00,4455.115076607234,4519.81591796875,4455.115076607234,4519.81591796875,600,0.0,0.0
2019-02-28 00:00:00+09:00,4529.059360694303,4589.138719560656,4519.816382407172,4542.923828125,2600,0.0,0.0
2019-03-01 00:00:00+09:00,4316.470749627976,4316.470749627976,4228.662458147322,4270.255859375,5800,0.0,0.0
2019-03-04 00:00:00+09:00,4261.0126953125,4261.0126953125,4251.769717665401,4261.0126953125,1000,0.0,0.0
2019-03-05 00:00:00+09:00,4261.0126953125,4261.0126953125,4261.0126953125,4261.0126953125,0,0.0,0.0
2019-03-06 00:00:00+09:00,4261.0126953125,4261.0126953125,4251.769717665401,4261.0126953125,1100,0.0,0.0
2019-03-07 00:00:00+09:00,4261.012095269098,4261.012095269098,4145.474890950521,4159.33935546875,3400,0.0,0.0
2019-03-08 00:00:00+09:00,4094.638521050347,4159.33935546875,4066.909592013889,4159.33935546875,4300,0.0,0.0
2019-03-11 00:00:00+09:00,4182.447376598011,4182.447376598011,4066.91015625,4066.91015625,2200,0.0,0.0
2019-03-12 00:00:00+09:00,4150.096379123264,4177.825308159722,4145.474890950521,4159.33935546875,1500,0.0,0.0
2019-03-13 00:00:00+09:00,4163.961403684637,4187.06884765625,4159.3399148903145,4187.06884765625,800,0.0,0.0
2019-03-14 00:00:00+09:00,4187.06884765625,4187.06884765625,4187.06884765625,4187.06884765625,0,0.0,0.0
2019-03-15 00:00:00+09:00,4316.470277007957,4316.470277007957,4247.14794921875,4247.14794921875,900,0.0,0.0
2019-03-18 00:00:00+09:00,4325.71337890625,4325.71337890625,4325.71337890625,4325.71337890625,300,0.0,0.0
2019-03-19 00:00:00+09:00,4381.171595982143,4432.007975260417,4367.30712890625,4367.30712890625,600,0.0,0.0
2019-03-20 00:00:00+09:00,4381.171525559105,4432.0079040202345,4339.578125,4339.578125,1000,0.0,0.0
2019-03-22 00:00:00+09:00,4339.578125,4339.578125,4339.578125,4339.578125,0,0.0,0.0
2019-03-25 00:00:00+09:00,4237.9052734375,4237.9052734375,4237.9052734375,4237.9052734375,100,0.0,0.0
2019-03-26 00:00:00+09:00,4334.9560546875,4334.9560546875,4334.9560546875,4334.9560546875,200,0.0,0.0
2019-03-27 00:00:00+09:00,4339.578125,4339.578125,4339.578125,4339.578125,200,0.0,0.0
2019-03-28 00:00:00+09:00,4339.578125,4339.578125,4339.578125,4339.578125,0,0.0,0.0
2019-03-29 00:00:00+09:00,4307.22745289522,4399.6572265625,4307.22745289522,4399.6572265625,1200,0.0,0.0
2019-04-01 00:00:00+09:00,4413.521484375,4413.521484375,4413.521484375,4413.521484375,100,0.0,0.0
2019-04-02 00:00:00+09:00,4413.52143109855,4413.52143109855,4362.68505859375,4362.68505859375,200,0.0,0.0
2019-04-03 00:00:00+09:00,4390.41455078125,4390.41455078125,4390.41455078125,4390.41455078125,100,0.0,0.0
2019-04-04 00:00:00+09:00,4381.17138671875,4381.17138671875,4381.17138671875,4381.17138671875,100,0.0,0.0
2019-04-05 00:00:00+09:00,4381.17138671875,4381.17138671875,4381.17138671875,4381.17138671875,100,0.0,0.0
2019-04-08 00:00:00+09:00,4376.549711263709,4376.549711263709,4371.92822265625,4371.92822265625,200,0.0,0.0
2019-04-09 00:00:00+09:00,4376.5492039629335,4395.03515625,4371.927715891167,4395.03515625,300,0.0,0.0
2019-04-10 00:00:00+09:00,4362.68505859375,4362.68505859375,4362.68505859375,4362.68505859375,100,0.0,0.0
2019-04-11 00:00:00+09:00,4362.68505859375,4362.68505859375,4362.68505859375,4362.68505859375,100,0.0,0.0
2019-04-12 00:00:00+09:00,4362.685360270701,4362.685360270701,4353.4423828125,4353.4423828125,500,0.0,0.0
2019-04-15 00:00:00+09:00,4408.900182454938,4422.7646484375,4404.278693794084,4422.7646484375,1400,0.0,0.0
2019-04-16 00:00:00+09:00,4358.063570184223,4413.52143109855,4344.199104955641,4362.68505859375,1100,0.0,0.0
2019-04-17 00:00:00+09:00,4367.30712890625,4413.522019159226,4362.685639880952,4367.30712890625,400,0.0,0.0
2019-04-18 00:00:00+09:00,4381.171595982143,4381.171595982143,4367.30712890625,4367.30712890625,200,0.0,0.0
2019-04-19 00:00:00+09:00,4367.306805778952,4413.521692612592,4367.306805778952,4399.6572265625,800,0.0,0.0
2019-04-22 00:00:00+09:00,4422.764997209822,4422.764997209822,4367.30712890625,4367.30712890625,500,0.0,0.0
2019-04-23 00:00:00+09:00,4367.306827275277,4376.5498046875,4367.306827275277,4376.5498046875,400,0.0,0.0
2019-04-24 00:00:00+09:00,4414.157087201043,4447.0634765625,4376.549785073666,4447.0634765625,800,80.0,0.0
2019-04-25 00:00:00+09:00,4494.881297323326,4499.6630859375,4494.881297323326,4499.6630859375,500,80.0,0.0
2019-04-26 00:00:00+09:00,4451.84536637931,4456.627155172414,4437.5,4437.5,1000,0.0,0.0
2019-05-07 00:00:00+09:00,4437.5,4437.5,4437.5,4437.5,300,0.0,0.0
2019-05-08 00:00:00+09:00,4437.499915081522,4437.499915081522,4399.24560546875,4399.24560546875,800,0.0,0.0
2019-05-09 00:00:00+09:00,4399.245621565934,4399.245621565934,4284.482692307693,4351.427734375,2000,0.0,0.0
2019-05-10 00:00:00+09:00,4351.427715742494,4351.427715742494,4260.57373046875,4260.57373046875,2400,0.0,0.0
2019-05-13 00:00:00+09:00,4255.7919921875,4260.573780942767,4255.7919921875,4255.7919921875,600,0.0,0.0
2019-05-14 00:00:00+09:00,4255.7916913713725,4284.482421875,4246.228114536831,4284.482421875,600,0.0,0.0
2019-05-15 00:00:00+09:00,4346.646115306229,4346.646115306229,4289.2646484375,4289.2646484375,2900,0.0,0.0
2019-05-16 00:00:00+09:00,4284.482775590551,4298.82814202668,4251.01025390625,4251.01025390625,400,0.0,0.0
2019-05-17 00:00:00+09:00,4284.482775590551,4298.82814202668,4251.01025390625,4251.01025390625,400,0.0,0.0
2019-05-20 00:00:00+09:00,4289.264274364407,4289.264274364407,4212.755658545198,4231.8828125,1100,0.0,0.0
2019-05-21 00:00:00+09:00,4227.101267021393,4227.101267021393,4064.5204490590318,4093.211181640625,700,0.0,0.0
2019-05-22 00:00:00+09:00,4097.99267578125,4097.99267578125,4097.99267578125,4097.99267578125,200,0.0,0.0
2019-05-23 00:00:00+09:00,4097.9928572766785,4097.9928572766785,3988.01171875,3988.01171875,800,0.0,0.0
2019-05-24 00:00:00+09:00,3997.5752529649853,4007.1388301251886,3916.284847103257,3968.884521484375,1100,0.0,0.0
2019-05-27 00:00:00+09:00,3873.248735700335,4016.702392578125,3873.248735700335,4016.702392578125,300,0.0,0.0
2019-05-28 00:00:00+09:00,3949.7574096972426,3988.01171875,3921.066677907674,3988.01171875,1000,0.0,0.0
2019-05-29 00:00:00+09:00,3964.1027329042736,3968.884521484375,3964.1027329042736,3968.884521484375,600,0.0,0.0
2019-05-30 00:00:00+09:00,3968.884698275862,3968.884698275862,3882.8125,3882.8125,1300,0.0,0.0
2019-05-31 00:00:00+09:00,3882.8124913249526,3882.8124913249526,3768.049560546875,3768.049560546875,1800,0.0,0.0
2019-06-03 00:00:00+09:00,3748.9223530016448,3748.9223530016448,3576.7779592413654,3634.159423828125,1600,0.0,0.0
2019-06-04 00:00:00+09:00,3634.15944840604,3634.15944840604,3562.4326171875,3562.4326171875,400,0.0,0.0
2019-06-05 00:00:00+09:00,3610.2504723243464,3658.068359375,3610.2504723243464,3658.068359375,800,0.0,0.0
2019-06-06 00:00:00+09:00,3658.0684098648153,3658.0684098648153,3643.72304355162,3653.28662109375,400,0.0,0.0
2019-06-07 00:00:00+09:00,3658.0685081433708,3820.649330727521,3658.0685081433708,3782.39501953125,700,0.0,0.0
2019-06-10 00:00:00+09:00,3581.5597500915915,3772.831298828125,3581.5597500915915,3772.831298828125,2400,0.0,0.0
2019-06-11 00:00:00+09:00,3772.831190866442,3806.3037109375,3768.049402284862,3806.3037109375,500,0.0,0.0
2019-06-12 00:00:00+09:00,3811.08544921875,3811.08544921875,3811.08544921875,3811.08544921875,100,0.0,0.0
2019-06-13 00:00:00+09:00,3811.08544921875,3811.08544921875,3811.08544921875,3811.08544921875,0,0.0,0.0
2019-06-14 00:00:00+09:00,3811.08544921875,3811.08544921875,3811.08544921875,3811.08544921875,0,0.0,0.0
2019-06-17 00:00:00+09:00,3897.1577652314954,3897.1577652314954,3892.3759765625,3892.3759765625,700,0.0,0.0
2019-06-18 00:00:00+09:00,3887.5941019744496,3887.5941019744496,3854.12158203125,3854.12158203125,600,0.0,0.0
2019-06-19 00:00:00+09:00,3873.2488884456725,3873.2488884456725,3839.7763671875,3839.7763671875,600,0.0,0.0
2019-06-20 00:00:00+09:00,3906.721536797834,3906.721536797834,3897.157958984375,3897.157958984375,600,0.0,0.0
2019-06-21 00:00:00+09:00,3897.1577730874346,3897.1577730874346,3868.467041015625,3868.467041015625,400,0.0,0.0
2019-06-24 00:00:00+09:00,3873.248779296875,3873.248779296875,3873.248779296875,3873.248779296875,300,0.0,0.0
2019-06-25 00:00:00+09:00,3873.24882969426,3873.24882969426,3868.467041015625,3868.467041015625,400,0.0,0.0
2019-06-26 00:00:00+09:00,3868.467091475383,3868.467091475383,3854.121725252359,3863.685302734375,2300,0.0,0.0
2019-06-27 00:00:00+09:00,3844.5580627441404,3844.5580627441404,3825.430908203125,3825.430908203125,1800,0.0,0.0
2019-06-28 00:00:00+09:00,3834.994377807466,3858.9033203125,3834.994377807466,3858.9033203125,200,0.0,0.0
2019-07-01 00:00:00+09:00,3858.9034286499023,3882.812371826172,3811.085542297363,3825.430908203125,1600,0.0,0.0
2019-07-02 00:00:00+09:00,3825.430908203125,3858.9034286499023,3825.430908203125,3825.430908203125,1600,0.0,0.0
2019-07-03 00:00:00+09:00,3825.4309315286623,3830.2127201930734,3753.7041015625,3753.7041015625,600,0.0,0.0
2019-07-04 00:00:00+09:00,3758.485924708753,3796.740234375,3753.7041360004723,3796.740234375,600,0.0,0.0
2019-07-05 00:00:00+09:00,3796.740083663347,3811.08544921875,3791.9582951448792,3811.08544921875,500,0.0,0.0
2019-07-08 00:00:00+09:00,3825.430908203125,3825.430908203125,3825.430908203125,3825.430908203125,100,0.0,0.0
2019-07-09 00:00:00+09:00,3825.430771201135,3825.430771201135,3739.358578849109,3791.958251953125,900,0.0,0.0
2019-07-10 00:00:00+09:00,3791.958418782552,3791.958418782552,3729.795166015625,3729.795166015625,1200,0.0,0.0
2019-07-11 00:00:00+09:00,3729.795166015625,3729.795166015625,3729.795166015625,3729.795166015625,0,0.0,0.0
2019-07-12 00:00:00+09:00,3729.795138605581,3729.795138605581,3662.85009765625,3662.85009765625,1100,0.0,0.0
2019-07-16 00:00:00+09:00,3796.740240157278,3796.740240157278,3634.159423828125,3634.159423828125,2600,0.0,0.0
2019-07-17 00:00:00+09:00,3634.159423828125,3634.159423828125,3634.159423828125,3634.159423828125,700,0.0,0.0
2019-07-18 00:00:00+09:00,3686.759033203125,3686.759033203125,3686.759033203125,3686.759033203125,200,0.0,0.0
2019-07-19 00:00:00+09:00,3686.759033203125,3686.759033203125,3686.759033203125,3686.759033203125,300,0.0,0.0
2019-07-22 00:00:00+09:00,3825.430865263819,3825.430865263819,3806.3037109375,3806.3037109375,1300,0.0,0.0
2019-07-23 00:00:00+09:00,3772.8312407871463,3820.6491272356525,3748.922297562893,3801.52197265625,700,0.0,0.0
2019-07-24 00:00:00+09:00,3801.5220151287745,3820.649169921875,3801.5220151287745,3820.649169921875,300,0.0,0.0
2019-07-25 00:00:00+09:00,3844.558206534445,3844.558206534445,3834.99462890625,3834.99462890625,1200,0.0,0.0
2019-07-26 00:00:00+09:00,3825.430908203125,3825.430908203125,3825.430908203125,3825.430908203125,100,0.0,0.0
2019-07-29 00:00:00+09:00,3844.55810546875,3844.55810546875,3844.55810546875,3844.55810546875,100,0.0,0.0
2019-07-30 00:00:00+09:00,3964.102696965876,4007.1387937966274,3925.848388671875,3925.848388671875,3600,0.0,0.0
2019-07-31 00:00:00+09:00,3815.8672238034387,3858.9033203125,3815.8672238034387,3858.9033203125,600,0.0,0.0
2019-08-01 00:00:00+09:00,4011.92061870529,4011.92061870529,3968.884521484375,3968.884521484375,1800,0.0,0.0
2019-08-02 00:00:00+09:00,4011.9207046982215,4011.9207046982215,4007.138916015625,4007.138916015625,1100,0.0,0.0
2019-08-05 00:00:00+09:00,3964.1028065974356,3964.1028065974356,3892.3759765625,3892.3759765625,600,0.0,0.0
2019-08-06 00:00:00+09:00,3892.375961155567,3949.7574249563863,3887.594172505499,3940.19384765625,600,0.0,0.0
2019-08-07 00:00:00+09:00,3921.066885653409,3964.1029856178975,3921.066885653409,3944.975830078125,600,0.0,0.0
2019-08-08 00:00:00+09:00,3944.975830078125,3944.975830078125,3944.975830078125,3944.975830078125,100,0.0,0.0
2019-08-09 00:00:00+09:00,3906.7215189985795,3944.975830078125,3906.7215189985795,3944.975830078125,500,0.0,0.0
2019-08-13 00:00:00+09:00,3944.975830078125,3944.975830078125,3944.975830078125,3944.975830078125,0,0.0,0.0
2019-08-14 00:00:00+09:00,3944.9757795356954,3949.757568359375,3944.9757795356954,3949.757568359375,200,0.0,0.0
2019-08-15 00:00:00+09:00,3954.539306640625,3954.539306640625,3892.37605272729,3954.539306640625,1000,0.0,0.0
2019-08-16 00:00:00+09:00,3949.757568359375,3949.757568359375,3949.757568359375,3949.757568359375,100,0.0,0.0
2019-08-19 00:00:00+09:00,3949.757568359375,3949.757568359375,3949.757568359375,3949.757568359375,100,0.0,0.0
2019-08-20 00:00:00+09:00,3949.757568359375,3949.757568359375,3944.9757795356954,3949.757568359375,700,0.0,0.0
2019-08-21 00:00:00+09:00,3944.975830078125,3944.975830078125,3944.975830078125,3944.975830078125,100,0.0,0.0
2019-08-22 00:00:00+09:00,3944.975628640022,3964.102783203125,3944.975628640022,3964.102783203125,200,0.0,0.0
2019-08-23 00:00:00+09:00,3921.066650390625,3921.066650390625,3921.066650390625,3921.066650390625,200,0.0,0.0
2019-08-26 00:00:00+09:00,3921.0667512702476,3921.0667512702476,3858.903497896451,3911.503173828125,400,0.0,0.0
2019-08-27 00:00:00+09:00,3911.503173828125,3911.503173828125,3911.503173828125,3911.503173828125,100,0.0,0.0
2019-08-28 00:00:00+09:00,3911.503173828125,3911.503173828125,3911.503173828125,3911.503173828125,100,0.0,0.0
2019-08-29 00:00:00+09:00,3911.503173828125,3911.503173828125,3911.503173828125,3911.503173828125,100,0.0,0.0
2019-08-30 00:00:00+09:00,3911.503173828125,3911.503173828125,3911.503173828125,3911.503173828125,0,0.0,0.0
2019-09-02 00:00:00+09:00,3911.503173828125,3911.503173828125,3911.503173828125,3911.503173828125,100,0.0,0.0
2019-09-03 00:00:00+09:00,3911.503173828125,3911.503173828125,3911.503173828125,3911.503173828125,100,0.0,0.0
2019-09-04 00:00:00+09:00,3911.503123449901,3916.284912109375,3911.503123449901,3916.284912109375,300,0.0,0.0
2019-09-05 00:00:00+09:00,3916.284912109375,3916.284912109375,3916.284912109375,3916.284912109375,100,0.0,0.0
2019-09-06 00:00:00+09:00,3916.284912109375,3916.284912109375,3916.284912109375,3916.284912109375,100,0.0,0.0
2019-09-09 00:00:00+09:00,3916.2849044059085,3968.8845795566594,3916.2849044059085,3940.19384765625,600,0.0,0.0
2019-09-10 00:00:00+09:00,3940.19384765625,3940.19384765625,3940.19384765625,3940.19384765625,100,0.0,0.0
2019-09-11 00:00:00+09:00,3940.19384765625,3940.19384765625,3940.19384765625,3940.19384765625,100,0.0,0.0
2019-09-12 00:00:00+09:00,3940.19384765625,3940.19384765625,3940.19384765625,3940.19384765625,100,0.0,0.0
2019-09-13 00:00:00+09:00,3930.63032871237,3978.448215922983,3882.8124415017573,3911.503173828125,1700,0.0,0.0
2019-09-17 00:00:00+09:00,3968.884521484375,4016.702407285392,3968.884521484375,3968.884521484375,1100,0.0,0.0
2019-09-18 00:00:00+09:00,3968.884521484375,3968.884521484375,3968.884521484375,3968.884521484375,200,0.0,0.0
2019-09-19 00:00:00+09:00,3968.884521484375,3968.884521484375,3968.884521484375,3968.884521484375,100,0.0,0.0
2019-09-20 00:00:00+09:00,3968.8847066340836,3997.575439453125,3968.8847066340836,3997.575439453125,500,0.0,0.0
2019-09-24 00:00:00+09:00,3964.102783203125,3964.102783203125,3964.102783203125,3964.102783203125,100,0.0,0.0
2019-09-25 00:00:00+09:00,3964.1028925020905,3964.1028925020905,3930.63037109375,3930.63037109375,700,0.0,0.0
2019-09-26 00:00:00+09:00,3930.63037109375,3954.5393149568504,3925.8485823211295,3930.63037109375,600,0.0,0.0
2019-09-27 00:00:00+09:00,3930.63037109375,3930.63037109375,3930.63037109375,3930.63037109375,100,0.0,0.0
2019-09-30 00:00:00+09:00,3930.63037109375,3930.63037109375,3930.63037109375,3930.63037109375,100,0.0,0.0
2019-10-01 00:00:00+09:00,3930.63037109375,3930.63037109375,3930.63037109375,3930.63037109375,100,0.0,0.0
2019-10-02 00:00:00+09:00,3930.63037109375,3930.63037109375,3930.63037109375,3930.63037109375,100,0.0,0.0
2019-10-03 00:00:00+09:00,3930.63037109375,3930.63037109375,3930.63037109375,3930.63037109375,100,0.0,0.0
2019-10-04 00:00:00+09:00,3916.284912109375,3916.284912109375,3916.284912109375,3916.284912109375,100,0.0,0.0
2019-10-07 00:00:00+09:00,3911.503173828125,3911.503173828125,3911.503173828125,3911.503173828125,300,0.0,0.0
2019-10-08 00:00:00+09:00,3940.194041193182,3944.975830078125,3940.194041193182,3944.975830078125,300,0.0,0.0
2019-10-09 00:00:00+09:00,3944.9757291154965,3954.539306640625,3944.9757291154965,3954.539306640625,200,0.0,0.0
2019-10-10 00:00:00+09:00,3968.884377594731,3968.884377594731,3959.32080078125,3959.32080078125,300,0.0,0.0
2019-10-11 00:00:00+09:00,3954.5391557440703,3968.884521484375,3954.5391557440703,3968.884521484375,200,0.0,0.0
2019-10-15 00:00:00+09:00,3968.884521484375,4011.92061870529,3968.884521484375,3968.884521484375,600,0.0,0.0
2019-10-16 00:00:00+09:00,3968.8845795566594,3968.8845795566594,3940.19384765625,3940.19384765625,300,0.0,0.0
2019-10-17 00:00:00+09:00,3940.193990712016,3949.757568359375,3940.193990712016,3949.757568359375,200,0.0,0.0
2019-10-18 00:00:00+09:00,3949.757568359375,3949.757568359375,3949.757568359375,3949.757568359375,100,0.0,0.0
2019-10-21 00:00:00+09:00,3992.7934643848835,4007.1388301251886,3968.884521484375,3968.884521484375,1100,0.0,0.0
2019-10-23 00:00:00+09:00,3973.666352855216,3997.5752960131895,3973.666352855216,3988.01171875,900,0.0,0.0
2019-10-24 00:00:00+09:00,3988.011661202567,4021.484181140718,3988.011661202567,4016.702392578125,1300,0.0,0.0
2019-10-25 00:00:00+09:00,4016.7025439628137,4016.7025439628137,4002.357177734375,4002.357177734375,300,0.0,0.0
2019-10-28 00:00:00+09:00,3997.575288429306,4011.920654296875,3997.575288429306,4011.920654296875,300,0.0,0.0
2019-10-29 00:00:00+09:00,4011.9205679222136,4011.9205679222136,3973.666259765625,3973.666259765625,300,0.0,0.0
2019-10-30 00:00:00+09:00,3973.6665633877838,3973.6665633877838,3935.4122523082383,3944.975830078125,800,0.0,0.0
2019-10-31 00:00:00+09:00,3944.9755428188755,3954.5391198923758,3925.848388671875,3925.848388671875,600,0.0,0.0
2019-11-01 00:00:00+09:00,3921.0666001351246,3925.848388671875,3887.594080377874,3925.848388671875,900,0.0,0.0
2019-11-05 00:00:00+09:00,3906.721241670496,3906.721241670496,3901.939453125,3901.939453125,200,0.0,0.0
2019-11-06 00:00:00+09:00,3906.7213851070637,3911.503173828125,3906.7213851070637,3911.503173828125,200,0.0,0.0
2019-11-07 00:00:00+09:00,3911.503173828125,3911.503173828125,3911.503173828125,3911.503173828125,100,0.0,0.0
2019-11-08 00:00:00+09:00,3911.503173828125,3911.503173828125,3911.503173828125,3911.503173828125,100,0.0,0.0
2019-11-11 00:00:00+09:00,3930.63037109375,3930.63037109375,3930.63037109375,3930.63037109375,100,0.0,0.0
2019-11-12 00:00:00+09:00,3930.63037109375,3930.63037109375,3930.63037109375,3930.63037109375,100,0.0,0.0
2019-11-13 00:00:00+09:00,3925.848388671875,3925.848388671875,3925.848388671875,3925.848388671875,100,0.0,0.0
2019-11-14 00:00:00+09:00,3968.884571843901,3968.884571843901,3964.102783203125,3964.102783203125,700,0.0,0.0
2019-11-15 00:00:00+09:00,3968.884571843901,3968.884571843901,3964.102783203125,3964.102783203125,700,0.0,0.0
2019-11-18 00:00:00+09:00,3949.7574249563863,3949.7574249563863,3940.19384765625,3940.19384765625,300,0.0,0.0
2019-11-19 00:00:00+09:00,3940.1938047827744,3940.1938047827744,3921.066650390625,3921.066650390625,500,0.0,0.0
2019-11-20 00:00:00+09:00,3940.1938047827744,3940.1938047827744,3921.066650390625,3921.066650390625,500,0.0,0.0
2019-11-21 00:00:00+09:00,3892.3759765625,3892.3759765625,3892.3759765625,3892.3759765625,200,0.0,0.0
2019-11-22 00:00:00+09:00,3892.3759765625,3892.3759765625,3892.3759765625,3892.3759765625,200,0.0,0.0
2019-11-25 00:00:00+09:00,3911.5029798902233,3921.0665568581703,3906.72119140625,3906.72119140625,600,0.0,0.0
2019-11-26 00:00:00+09:00,3911.5029798902233,3921.0665568581703,3906.72119140625,3906.72119140625,600,0.0,0.0
2019-11-27 00:00:00+09:00,3911.5029167138437,3959.32080078125,3911.5029167138437,3959.32080078125,300,0.0,0.0
2019-11-28 00:00:00+09:00,3968.884521484375,3968.884521484375,3968.884521484375,3968.884521484375,400,0.0,0.0
2019-11-29 00:00:00+09:00,3968.8844712460514,3973.666259765625,3968.8844712460514,3973.666259765625,500,0.0,0.0
2019-12-02 00:00:00+09:00,3964.1028925020905,3964.1028925020905,3873.248905822308,3930.63037109375,2600,0.0,0.0
2019-12-03 00:00:00+09:00,3911.503173828125,3911.503173828125,3911.503173828125,3911.503173828125,200,0.0,0.0
2019-12-04 00:00:00+09:00,3911.503173828125,3911.503173828125,3911.503173828125,3911.503173828125,100,0.0,0.0
2019-12-05 00:00:00+09:00,3911.503173828125,3911.503173828125,3911.503173828125,3911.503173828125,100,0.0,0.0
2019-12-06 00:00:00+09:00,3911.503173828125,3911.503173828125,3911.503173828125,3911.503173828125,0,0.0,0.0
2019-12-09 00:00:00+09:00,3887.59423828125,3887.59423828125,3878.030660819303,3887.59423828125,600,0.0,0.0
2019-12-10 00:00:00+09:00,3878.030517578125,3878.030517578125,3878.030517578125,3878.030517578125,200,0.0,0.0
2019-12-11 00:00:00+09:00,3878.030517578125,3878.030517578125,3878.030517578125,3878.030517578125,200,0.0,0.0
2019-12-12 00:00:00+09:00,3878.030517578125,3878.030517578125,3873.2487290237746,3878.030517578125,500,0.0,0.0
2019-12-13 00:00:00+09:00,3873.2487644102516,3921.066650390625,3873.2487644102516,3921.066650390625,1100,0.0,0.0
2019-12-16 00:00:00+09:00,3921.066607306985,3921.066607306985,3901.939453125,3901.939453125,1800,0.0,0.0
2019-12-17 00:00:00+09:00,3901.9395109953703,3901.9395109953703,3873.248779296875,3873.248779296875,400,0.0,0.0
2019-12-18 00:00:00+09:00,3873.2487290237746,3878.030517578125,3873.2487290237746,3878.030517578125,400,0.0,0.0
2019-12-19 00:00:00+09:00,3873.2487290237746,3878.030517578125,3873.2487290237746,3878.030517578125,400,0.0,0.0
2019-12-20 00:00:00+09:00,3878.030517578125,3878.030517578125,3873.2487290237746,3878.030517578125,1000,0.0,0.0
2019-12-23 00:00:00+09:00,3878.0306689573986,3878.0306689573986,3863.685302734375,3863.685302734375,600,0.0,0.0
2019-12-24 00:00:00+09:00,3863.685302734375,3878.0306689573986,3863.685302734375,3863.685302734375,1500,0.0,0.0
2019-12-25 00:00:00+09:00,3901.939747891104,3901.939747891104,3854.1218588238116,3897.157958984375,7000,0.0,0.0
2019-12-26 00:00:00+09:00,3863.6851591578784,3863.6851591578784,3854.12158203125,3854.12158203125,3500,0.0,0.0
2019-12-27 00:00:00+09:00,3854.121725252359,3868.467091475383,3854.121725252359,3863.685302734375,700,0.0,0.0
2019-12-30 00:00:00+09:00,3863.6852946263834,3887.59423828125,3863.6852946263834,3887.59423828125,300,0.0,0.0
2020-01-06 00:00:00+09:00,3873.248922413793,3892.3760775862065,3873.248922413793,3882.8125,700,0.0,0.0
2020-01-07 00:00:00+09:00,3873.248922413793,3892.3760775862065,3873.248922413793,3882.8125,700,0.0,0.0
2020-01-08 00:00:00+09:00,3897.1576717955263,3897.1576717955263,3878.030517578125,3878.030517578125,200,0.0,0.0
2020-01-09 00:00:00+09:00,3882.8125,3882.8125,3882.8125,3882.8125,500,0.0,0.0
2020-01-10 00:00:00+09:00,3882.8125,3882.8125,3882.8125,3882.8125,500,0.0,0.0
2020-01-14 00:00:00+09:00,3911.503181936116,3911.503181936116,3887.59423828125,3887.59423828125,900,0.0,0.0
2020-01-15 00:00:00+09:00,3911.503181936116,3911.503181936116,3887.59423828125,3887.59423828125,900,0.0,0.0
2020-01-16 00:00:00+09:00,3916.2848333543348,3916.2848333543348,3854.12158203125,3854.12158203125,1600,0.0,0.0
2020-01-17 00:00:00+09:00,3916.2848333543348,3916.2848333543348,3854.12158203125,3854.12158203125,1600,0.0,0.0
2020-01-20 00:00:00+09:00,3834.99462890625,3834.99462890625,3834.99462890625,3834.99462890625,500,0.0,0.0
2020-01-21 00:00:00+09:00,3834.99462890625,3834.99462890625,3834.99462890625,3834.99462890625,500,0.0,0.0
2020-01-22 00:00:00+09:00,3825.430908203125,3825.430908203125,3825.430908203125,3825.430908203125,100,0.0,0.0
2020-01-23 00:00:00+09:00,3825.430908203125,3825.430908203125,3825.430908203125,3825.430908203125,100,0.0,0.0
2020-01-24 00:00:00+09:00,3815.8673812235998,3820.649169921875,3815.8673812235998,3820.649169921875,200,0.0,0.0
2020-01-27 00:00:00+09:00,3825.430908203125,3834.9944854736327,3825.430908203125,3825.430908203125,700,0.0,0.0
2020-01-28 00:00:00+09:00,3820.649169921875,3820.649169921875,3820.649169921875,3820.649169921875,200,0.0,0.0
2020-01-29 00:00:00+09:00,3820.649169921875,3820.649169921875,3820.649169921875,3820.649169921875,0,0.0,0.0
2020-01-30 00:00:00+09:00,3768.049560546875,3768.049560546875,3768.049560546875,3768.049560546875,100,0.0,0.0
2020-01-31 00:00:00+09:00,3768.049560546875,3768.049560546875,3768.049560546875,3768.049560546875,100,0.0,0.0
2020-02-03 00:00:00+09:00,3806.303854117716,3820.6492204020797,3806.303854117716,3815.867431640625,500,0.0,0.0
2020-02-04 00:00:00+09:00,3815.867431640625,3815.867431640625,3815.867431640625,3815.867431640625,0,0.0,0.0
2020-02-05 00:00:00+09:00,3815.867431640625,3815.867431640625,3815.867431640625,3815.867431640625,0,0.0,0.0
2020-02-06 00:00:00+09:00,3801.52197265625,3801.52197265625,3801.52197265625,3801.52197265625,100,0.0,0.0
2020-02-07 00:00:00+09:00,3801.52197265625,3801.52197265625,3801.52197265625,3801.52197265625,100,0.0,0.0
2020-02-10 00:00:00+09:00,3806.3037109375,3806.3037109375,3806.3037109375,3806.3037109375,100,0.0,0.0
2020-02-12 00:00:00+09:00,3801.52197265625,3801.52197265625,3801.52197265625,3801.52197265625,100,0.0,0.0
2020-02-13 00:00:00+09:00,3801.52197265625,3801.52197265625,3801.52197265625,3801.52197265625,100,0.0,0.0
2020-02-14 00:00:00+09:00,3825.4309586201502,3825.4309586201502,3820.649169921875,3820.649169921875,400,0.0,0.0
2020-02-17 00:00:00+09:00,3825.431009163534,3839.7763754478974,3801.522065356262,3815.867431640625,2600,0.0,0.0
2020-02-18 00:00:00+09:00,3768.049560546875,3768.049560546875,3768.049560546875,3768.049560546875,100,0.0,0.0
2020-02-19 00:00:00+09:00,3815.8673812235998,3820.649169921875,3777.613071637398,3820.649169921875,500,0.0,0.0
2020-02-20 00:00:00+09:00,3815.8673812235998,3820.649169921875,3777.613071637398,3820.649169921875,500,0.0,0.0
2020-02-21 00:00:00+09:00,3820.649169921875,3820.649169921875,3820.649169921875,3820.649169921875,0,0.0,0.0
2020-02-25 00:00:00+09:00,3777.6130875465383,3820.6491860122583,3772.831298828125,3772.831298828125,800,0.0,0.0
2020-02-26 00:00:00+09:00,3772.831298828125,3772.831298828125,3772.831298828125,3772.831298828125,0,0.0,0.0
2020-02-27 00:00:00+09:00,3806.303725846851,3806.303725846851,3758.48583984375,3758.48583984375,500,0.0,0.0
2020-02-28 00:00:00+09:00,3758.4858417916807,3758.4858417916807,3595.905029296875,3595.905029296875,2000,0.0,0.0
2020-03-02 00:00:00+09:00,3533.741749502456,3533.741749502456,3528.9599609375,3528.9599609375,400,0.0,0.0
2020-03-03 00:00:00+09:00,3538.523681640625,3538.523681640625,3538.523681640625,3538.523681640625,100,0.0,0.0
2020-03-04 00:00:00+09:00,3442.887939453125,3442.887939453125,3442.887939453125,3442.887939453125,100,0.0,0.0
2020-03-05 00:00:00+09:00,3442.887939453125,3442.887939453125,3442.887939453125,3442.887939453125,0,0.0,0.0
2020-03-06 00:00:00+09:00,3476.3603315622795,3490.705697442179,3385.50634765625,3385.50634765625,2400,0.0,0.0
2020-03-09 00:00:00+09:00,3050.781077296021,3050.781077296021,2974.2724609375,2974.2724609375,1400,0.0,0.0
2020-03-10 00:00:00+09:00,2849.946002032306,2849.946002032306,2830.81884765625,2830.81884765625,1400,0.0,0.0
2020-03-11 00:00:00+09:00,2869.073112643495,2869.073112643495,2811.691650390625,2811.691650390625,300,0.0,0.0
2020-03-12 00:00:00+09:00,2859.509521484375,2859.509521484375,2858.5531637848817,2859.509521484375,300,0.0,0.0
2020-03-13 00:00:00+09:00,2726.575927734375,2726.575927734375,2726.575927734375,2726.575927734375,200,0.0,0.0
2020-03-16 00:00:00+09:00,3007.7450059335442,3007.7450059335442,2795.43359375,2795.43359375,600,0.0,0.0
2020-03-17 00:00:00+09:00,2795.4334976710393,2821.2551550220887,2730.401175453581,2753.353759765625,1300,0.0,0.0
2020-03-18 00:00:00+09:00,3098.59912109375,3098.59912109375,3098.59912109375,3098.59912109375,600,0.0,0.0
2020-03-19 00:00:00+09:00,3155.9804255787917,3155.9804255787917,3136.853271484375,3136.853271484375,200,0.0,0.0
2020-03-23 00:00:00+09:00,3199.0166015625,3199.0166015625,3199.0166015625,3199.0166015625,400,0.0,0.0
2020-03-24 00:00:00+09:00,3132.071533203125,3132.071533203125,3132.071533203125,3132.071533203125,300,0.0,0.0
2020-03-25 00:00:00+09:00,3065.126713757049,3184.671437382519,3060.34492481203,3179.8896484375,700,0.0,0.0
2020-03-26 00:00:00+09:00,3041.217529296875,3041.217529296875,3041.217529296875,3041.217529296875,100,0.0,0.0
2020-03-27 00:00:00+09:00,2936.018310546875,2936.018310546875,2936.018310546875,2936.018310546875,100,0.0,0.0
2020-03-30 00:00:00+09:00,2926.4546671875,2993.3997085937503,2926.4546671875,2988.617919921875,400,0.0,0.0
2020-03-31 00:00:00+09:00,3017.30857220818,3089.035400390625,3017.30857220818,3089.035400390625,700,0.0,0.0
2020-04-01 00:00:00+09:00,3022.090573586422,3160.762451171875,3022.090573586422,3160.762451171875,900,0.0,0.0
2020-04-02 00:00:00+09:00,3026.8722481105638,3093.8172899329143,3026.8722481105638,3079.471923828125,300,0.0,0.0
2020-04-03 00:00:00+09:00,3041.2175720214846,3136.8533447265627,3012.526840209961,3060.3447265625,900,0.0,0.0
2020-04-06 00:00:00+09:00,3261.179833233173,3261.179833233173,3108.16259765625,3108.16259765625,300,0.0,0.0
2020-04-07 00:00:00+09:00,3108.16259765625,3108.16259765625,3108.16259765625,3108.16259765625,0,0.0,0.0
2020-04-08 00:00:00+09:00,3108.16259765625,3108.16259765625,3108.16259765625,3108.16259765625,0,0.0,0.0
2020-04-09 00:00:00+09:00,3108.16259765625,3108.16259765625,3108.16259765625,3108.16259765625,0,0.0,0.0
2020-04-10 00:00:00+09:00,3103.380859375,3103.380859375,3103.380859375,3103.380859375,100,0.0,0.0
2020-04-13 00:00:00+09:00,3155.98046875,3155.98046875,3155.98046875,3155.98046875,200,0.0,0.0
2020-04-14 00:00:00+09:00,3155.98046875,3155.98046875,3155.98046875,3155.98046875,0,0.0,0.0
2020-04-15 00:00:00+09:00,3127.289794921875,3127.289794921875,3127.289794921875,3127.289794921875,400,0.0,0.0
2020-04-16 00:00:00+09:00,3031.6541118257364,3031.6541118257364,3002.96337890625,3002.96337890625,300,0.0,0.0
2020-04-17 00:00:00+09:00,3103.38102048496,3103.38102048496,3041.2177642965094,3065.126708984375,300,0.0,0.0
2020-04-20 00:00:00+09:00,3065.126708984375,3065.126708984375,3065.126708984375,3065.126708984375,400,0.0,0.0
2020-04-21 00:00:00+09:00,3065.126708984375,3065.126708984375,3065.126708984375,3065.126708984375,0,0.0,0.0
2020-04-22 00:00:00+09:00,3065.126708984375,3065.126708984375,3065.126708984375,3065.126708984375,0,0.0,0.0
2020-04-23 00:00:00+09:00,2936.018310546875,2936.018310546875,2936.018310546875,2936.018310546875,1000,0.0,0.0
2020-04-24 00:00:00+09:00,2950.36376953125,2950.36376953125,2950.36376953125,2950.36376953125,100,0.0,0.0
2020-04-27 00:00:00+09:00,2950.36376953125,2950.36376953125,2950.36376953125,2950.36376953125,0,0.0,0.0
2020-04-28 00:00:00+09:00,2994.54541015625,2994.54541015625,2994.54541015625,2994.54541015625,100,80.0,0.0
2020-04-30 00:00:00+09:00,2994.54541015625,2994.54541015625,2994.54541015625,2994.54541015625,0,0.0,0.0
2020-05-01 00:00:00+09:00,3043.636474609375,3043.636474609375,3043.636474609375,3043.636474609375,400,0.0,0.0
2020-05-07 00:00:00+09:00,3181.0910451991326,3181.0910451991326,3112.36376953125,3112.36376953125,500,0.0,0.0
2020-05-08 00:00:00+09:00,3112.36376953125,3112.36376953125,3112.36376953125,3112.36376953125,0,0.0,0.0
2020-05-11 00:00:00+09:00,3141.8183479532163,3799.6365645559213,3141.8183479532163,3357.818359375,2000,0.0,0.0
2020-05-12 00:00:00+09:00,3240.000043989302,3269.45458984375,3215.454589110595,3269.45458984375,700,0.0,0.0
2020-05-13 00:00:00+09:00,3225.272771062078,3269.45458984375,3225.272771062078,3269.45458984375,300,0.0,0.0
2020-05-14 00:00:00+09:00,3269.45458984375,3269.45458984375,3269.45458984375,3269.45458984375,0,0.0,0.0
2020-05-15 00:00:00+09:00,3406.9092031762484,3406.9092031762484,3367.636474609375,3367.636474609375,500,0.0,0.0
2020-05-18 00:00:00+09:00,3505.091064453125,3505.091064453125,3505.091064453125,3505.091064453125,100,0.0,0.0
2020-05-19 00:00:00+09:00,3431.4546784319195,3436.36376953125,3431.4546784319195,3436.36376953125,200,0.0,0.0
2020-05-20 00:00:00+09:00,3480.5454545454545,3480.5454545454545,3456.0,3456.0,500,0.0,0.0
2020-05-21 00:00:00+09:00,3387.2727496293337,3387.2727496293337,3362.727294921875,3362.727294921875,500,0.0,0.0
2020-05-22 00:00:00+09:00,3436.363796060481,3436.363796060481,3343.091064453125,3343.091064453125,300,0.0,0.0
2020-05-25 00:00:00+09:00,3343.090865782817,3460.9090460747225,3343.090865782817,3426.54541015625,600,0.0,0.0
2020-05-26 00:00:00+09:00,3441.2727496267735,3475.636386213632,3416.727294921875,3416.727294921875,700,0.0,0.0
2020-05-27 00:00:00+09:00,3348.0,3402.0,3338.181818181818,3402.0,300,0.0,0.0
2020-05-28 00:00:00+09:00,3402.0,3402.0,3402.0,3402.0,0,0.0,0.0
2020-05-29 00:00:00+09:00,3333.2728821786664,3343.091064453125,3333.2728821786664,3343.091064453125,200,0.0,0.0
2020-06-01 00:00:00+09:00,3343.0909757726336,3343.0909757726336,3338.181884765625,3338.181884765625,500,0.0,0.0
2020-06-02 00:00:00+09:00,3352.9090453183744,3352.9090453183744,3264.54541015625,3264.54541015625,900,0.0,0.0
2020-06-03 00:00:00+09:00,3274.3636363636365,3348.0,3274.3636363636365,3348.0,900,0.0,0.0
2020-06-04 00:00:00+09:00,3416.7273387419873,3446.181884765625,3416.7273387419873,3446.181884765625,400,0.0,0.0
2020-06-05 00:00:00+09:00,3446.181884765625,3446.181884765625,3446.181884765625,3446.181884765625,0,0.0,0.0
2020-06-08 00:00:00+09:00,3446.181884765625,3446.181884765625,3446.181884765625,3446.181884765625,0,0.0,0.0
2020-06-09 00:00:00+09:00,3446.181884765625,3446.181884765625,3446.181884765625,3446.181884765625,0,0.0,0.0
2020-06-10 00:00:00+09:00,3446.181884765625,3446.181884765625,3446.181884765625,3446.181884765625,0,0.0,0.0
2020-06-11 00:00:00+09:00,3436.3635903984837,3436.3635903984837,3308.7272284693972,3318.54541015625,800,0.0,0.0
2020-06-12 00:00:00+09:00,3338.181908017113,3367.6364542643228,3298.9091796875,3298.9091796875,400,0.0,0.0
2020-06-15 00:00:00+09:00,3298.9091349704577,3402.000045438285,3298.9091349704577,3323.45458984375,600,0.0,0.0
2020-06-16 00:00:00+09:00,3392.1818627645803,3406.9091356854105,3377.45458984375,3377.45458984375,700,0.0,0.0
2020-06-17 00:00:00+09:00,3411.818359375,3411.818359375,3411.818359375,3411.818359375,100,0.0,0.0
2020-06-18 00:00:00+09:00,3411.818362230446,3411.818362230446,3357.818359375,3357.818359375,300,0.0,0.0
2020-06-19 00:00:00+09:00,3411.818181818182,3411.818181818182,3294.0,3294.0,900,0.0,0.0
2020-06-22 00:00:00+09:00,3632.7272956019324,3637.636386541935,3524.727294921875,3524.727294921875,1200,0.0,0.0
2020-06-23 00:00:00+09:00,3524.727294921875,3524.727294921875,3524.727294921875,3524.727294921875,100,0.0,0.0
2020-06-24 00:00:00+09:00,3524.727294921875,3524.727294921875,3524.727294921875,3524.727294921875,0,0.0,0.0
2020-06-25 00:00:00+09:00,3387.272705078125,3387.272705078125,3387.272705078125,3387.272705078125,100,0.0,0.0
2020-06-26 00:00:00+09:00,3387.272705078125,3387.272705078125,3387.272705078125,3387.272705078125,0,0.0,0.0
2020-06-29 00:00:00+09:00,3274.3638095074925,3357.818359375,3274.3638095074925,3357.818359375,200,0.0,0.0
2020-06-30 00:00:00+09:00,3357.818359375,3357.818359375,3357.818359375,3357.818359375,0,0.0,0.0
2020-07-01 00:00:00+09:00,3377.45458984375,3377.45458984375,3377.45458984375,3377.45458984375,300,0.0,0.0
2020-07-02 00:00:00+09:00,3485.454678434863,3490.36376953125,3485.454678434863,3490.36376953125,300,0.0,0.0
2020-07-03 00:00:00+09:00,3490.36376953125,3490.36376953125,3490.36376953125,3490.36376953125,0,0.0,0.0
2020-07-06 00:00:00+09:00,3387.2727937601753,3397.0909757710747,3357.818247727478,3392.181884765625,700,0.0,0.0
2020-07-07 00:00:00+09:00,3392.181884765625,3392.181884765625,3392.181884765625,3392.181884765625,0,0.0,0.0
2020-07-08 00:00:00+09:00,3392.1819975557382,3392.1819975557382,3357.818359375,3357.818359375,600,0.0,0.0
2020-07-09 00:00:00+09:00,3357.818359375,3357.818359375,3357.818359375,3357.818359375,100,0.0,0.0
2020-07-10 00:00:00+09:00,3357.818359375,3357.818359375,3357.818359375,3357.818359375,500,0.0,0.0
2020-07-13 00:00:00+09:00,3357.8182259493096,3377.45458984375,3357.8182259493096,3377.45458984375,500,0.0,0.0
2020-07-14 00:00:00+09:00,3377.454502380113,3480.54541015625,3377.454502380113,3480.54541015625,200,0.0,0.0
2020-07-15 00:00:00+09:00,3549.272705078125,3549.272705078125,3549.272705078125,3549.272705078125,400,0.0,0.0
2020-07-16 00:00:00+09:00,3485.454678434863,3490.36376953125,3485.454678434863,3490.36376953125,300,0.0,0.0
2020-07-17 00:00:00+09:00,3490.36379107307,3505.091064453125,3490.36379107307,3505.091064453125,600,0.0,0.0
2020-07-20 00:00:00+09:00,3505.091064453125,3505.091064453125,3505.091064453125,3505.091064453125,500,0.0,0.0
2020-07-21 00:00:00+09:00,3505.091064453125,3505.091064453125,3505.091064453125,3505.091064453125,0,0.0,0.0
2020-07-22 00:00:00+09:00,3505.091064453125,3505.091064453125,3505.091064453125,3505.091064453125,0,0.0,0.0
2020-07-27 00:00:00+09:00,3711.2726827066735,3711.2726827066735,3696.54541015625,3696.54541015625,1100,0.0,0.0
2020-07-28 00:00:00+09:00,3696.54541015625,3696.54541015625,3696.54541015625,3696.54541015625,0,0.0,0.0
2020-07-29 00:00:00+09:00,3637.6363636363635,3726.0,3632.7272727272725,3726.0,400,0.0,0.0
2020-07-30 00:00:00+09:00,3696.54541015625,3696.54541015625,3696.54541015625,3696.54541015625,100,0.0,0.0
2020-07-31 00:00:00+09:00,3971.454613639735,3971.454613639735,3878.181884765625,3878.181884765625,2000,0.0,0.0
2020-08-03 00:00:00+09:00,3946.9091796875,3946.9091796875,3902.7273605118935,3946.9091796875,1800,0.0,0.0
2020-08-04 00:00:00+09:00,3878.181884765625,3878.181884765625,3878.181884765625,3878.181884765625,200,0.0,0.0
2020-08-05 00:00:00+09:00,3672.0,3672.0,3672.0,3672.0,100,0.0,0.0
2020-08-06 00:00:00+09:00,3672.0,3672.0,3672.0,3672.0,0,0.0,0.0
2020-08-07 00:00:00+09:00,3672.0,3672.0,3672.0,3672.0,0,0.0,0.0
2020-08-11 00:00:00+09:00,3672.0,3672.0,3672.0,3672.0,0,0.0,0.0
2020-08-12 00:00:00+09:00,3672.0,3672.0,3672.0,3672.0,0,0.0,0.0
2020-08-13 00:00:00+09:00,3672.0,3672.0,3672.0,3672.0,100,0.0,0.0
2020-08-14 00:00:00+09:00,3672.0,3672.0,3672.0,3672.0,200,0.0,0.0
2020-08-17 00:00:00+09:00,3784.9091796875,3784.9091796875,3784.9091796875,3784.9091796875,500,0.0,0.0
2020-08-18 00:00:00+09:00,3730.9091796875,3730.9091796875,3730.9091796875,3730.9091796875,100,0.0,0.0
2020-08-19 00:00:00+09:00,3730.9091796875,3730.9091796875,3730.9091796875,3730.9091796875,200,0.0,0.0
2020-08-20 00:00:00+09:00,3730.9091796875,3730.9091796875,3730.9091796875,3730.9091796875,300,0.0,0.0
2020-08-21 00:00:00+09:00,3730.9091796875,3730.9091796875,3730.9091796875,3730.9091796875,0,0.0,0.0
2020-08-24 00:00:00+09:00,3730.9091796875,3730.9091796875,3730.9091796875,3730.9091796875,0,0.0,0.0
2020-08-25 00:00:00+09:00,3730.9091796875,3730.9091796875,3730.9091796875,3730.9091796875,0,0.0,0.0
2020-08-26 00:00:00+09:00,3730.9091796875,3730.9091796875,3730.9091796875,3730.9091796875,0,0.0,0.0
2020-08-27 00:00:00+09:00,3632.727294921875,3632.727294921875,3632.727294921875,3632.727294921875,100,0.0,0.0
2020-08-28 00:00:00+09:00,3632.727294921875,3632.727294921875,3632.727294921875,3632.727294921875,100,0.0,0.0
2020-08-31 00:00:00+09:00,3632.7274479166663,3681.818359375,3632.7274479166663,3681.818359375,200,0.0,0.0
2020-09-01 00:00:00+09:00,3686.727294921875,3686.727294921875,3686.727294921875,3686.727294921875,100,0.0,0.0
2020-09-02 00:00:00+09:00,3686.727294921875,3686.727294921875,3686.727294921875,3686.727294921875,100,0.0,0.0
2020-09-03 00:00:00+09:00,3583.636474609375,3583.636474609375,3583.636474609375,3583.636474609375,200,0.0,0.0
2020-09-04 00:00:00+09:00,3583.636474609375,3583.636474609375,3583.636474609375,3583.636474609375,0,0.0,0.0
2020-09-07 00:00:00+09:00,3583.636474609375,3583.636474609375,3583.636474609375,3583.636474609375,100,0.0,0.0
2020-09-08 00:00:00+09:00,3564.0,3564.0,3564.0,3564.0,100,0.0,0.0
2020-09-09 00:00:00+09:00,3583.636432875935,3583.636432875935,3446.181884765625,3446.181884765625,700,0.0,0.0
2020-09-10 00:00:00+09:00,3652.3636590149176,3652.3636590149176,3446.1818395543983,3578.727294921875,2800,0.0,0.0
2020-09-11 00:00:00+09:00,3578.727294921875,3578.727294921875,3578.727294921875,3578.727294921875,0,0.0,0.0
2020-09-14 00:00:00+09:00,3480.5454761311516,3578.727294921875,3480.5454761311516,3578.727294921875,500,0.0,0.0
2020-09-15 00:00:00+09:00,3578.727294921875,3642.5454771358454,3578.727294921875,3578.727294921875,500,0.0,0.0
2020-09-16 00:00:00+09:00,3578.727294921875,3578.727294921875,3578.727294921875,3578.727294921875,0,0.0,0.0
2020-09-17 00:00:00+09:00,3578.727294921875,3578.727294921875,3578.727294921875,3578.727294921875,0,0.0,0.0
2020-09-18 00:00:00+09:00,3568.9091796875,3568.9091796875,3568.9091796875,3568.9091796875,100,0.0,0.0
2020-09-23 00:00:00+09:00,3568.9091796875,3568.9091796875,3568.9091796875,3568.9091796875,300,0.0,0.0
2020-09-24 00:00:00+09:00,3568.9091796875,3568.9091796875,3568.9091796875,3568.9091796875,0,0.0,0.0
2020-09-25 00:00:00+09:00,3568.9091796875,3568.9091796875,3568.9091796875,3568.9091796875,0,0.0,0.0
2020-09-28 00:00:00+09:00,3568.9091796875,3568.9091796875,3568.9091796875,3568.9091796875,100,0.0,0.0
2020-09-29 00:00:00+09:00,3431.454655016883,3475.636474609375,3431.454655016883,3475.636474609375,800,0.0,0.0
2020-09-30 00:00:00+09:00,3475.6363858623586,3505.09093150526,3470.727294921875,3470.727294921875,700,0.0,0.0
2020-10-02 00:00:00+09:00,3470.727294921875,3470.727294921875,3470.727294921875,3470.727294921875,200,0.0,0.0
2020-10-05 00:00:00+09:00,3470.727294921875,3470.727294921875,3470.727294921875,3470.727294921875,400,0.0,0.0
2020-10-06 00:00:00+09:00,3470.7272284632845,3495.272682695698,3470.7272284632845,3480.54541015625,500,0.0,0.0
2020-10-07 00:00:00+09:00,3480.54541015625,3480.54541015625,3480.54541015625,3480.54541015625,600,0.0,0.0
2020-10-08 00:00:00+09:00,3480.545587338476,3490.36376953125,3480.545587338476,3490.36376953125,300,0.0,0.0
2020-10-09 00:00:00+09:00,3490.36376953125,3490.36376953125,3490.36376953125,3490.36376953125,200,0.0,0.0
2020-10-12 00:00:00+09:00,3490.3637461018993,3529.636474609375,3490.3637461018993,3529.636474609375,500,0.0,0.0
2020-10-13 00:00:00+09:00,3534.545583417339,3652.36376953125,3534.545583417339,3652.36376953125,600,0.0,0.0
2020-10-14 00:00:00+09:00,3583.6363855310387,3637.6363858609584,3583.6363855310387,3632.727294921875,300,0.0,0.0
2020-10-15 00:00:00+09:00,3632.727294921875,3632.727294921875,3632.727294921875,3632.727294921875,400,0.0,0.0
2020-10-16 00:00:00+09:00,3632.7272284577157,3642.54541015625,3632.7272284577157,3642.54541015625,300,0.0,0.0
2020-10-19 00:00:00+09:00,3642.5454982282,3701.45458984375,3642.5454982282,3701.45458984375,300,0.0,0.0
2020-10-20 00:00:00+09:00,3701.45458984375,3701.45458984375,3701.45458984375,3701.45458984375,300,0.0,0.0
2020-10-21 00:00:00+09:00,3701.45458984375,3701.45458984375,3701.45458984375,3701.45458984375,0,0.0,0.0
2020-10-22 00:00:00+09:00,3696.54541015625,3696.54541015625,3696.54541015625,3696.54541015625,400,0.0,0.0
2020-10-23 00:00:00+09:00,3559.090887168448,3603.272705078125,3559.090887168448,3603.272705078125,200,0.0,0.0
2020-10-26 00:00:00+09:00,3603.272705078125,3603.272705078125,3603.272705078125,3603.272705078125,100,0.0,0.0
2020-10-27 00:00:00+09:00,3603.272705078125,3603.272705078125,3603.272705078125,3603.272705078125,1400,0.0,0.0
2020-10-28 00:00:00+09:00,3603.272705078125,3603.272705078125,3603.272705078125,3603.272705078125,0,0.0,0.0
2020-10-29 00:00:00+09:00,3603.272705078125,3603.272705078125,3603.272705078125,3603.272705078125,0,0.0,0.0
2020-10-30 00:00:00+09:00,3603.272705078125,3603.272705078125,3603.272705078125,3603.272705078125,0,0.0,0.0
2020-11-02 00:00:00+09:00,3544.3636145318887,3603.272705078125,3544.3636145318887,3603.272705078125,700,0.0,0.0
2020-11-04 00:00:00+09:00,3775.0910242572327,3775.0910242572327,3637.636474609375,3637.636474609375,200,0.0,0.0
2020-11-05 00:00:00+09:00,3549.2728626878957,3549.2728626878957,3480.545587338476,3490.36376953125,600,0.0,0.0
2020-11-06 00:00:00+09:00,3421.6365389297093,3465.818359375,3421.6365389297093,3465.818359375,1400,0.0,0.0
2020-11-09 00:00:00+09:00,3465.8181382921007,3534.54541015625,3465.8181382921007,3534.54541015625,1100,0.0,0.0
2020-11-10 00:00:00+09:00,3534.5454327741827,3603.272705078125,3534.5454327741827,3603.272705078125,400,0.0,0.0
2020-11-11 00:00:00+09:00,3603.272705078125,3603.272705078125,3603.272705078125,3603.272705078125,200,0.0,0.0
2020-11-12 00:00:00+09:00,3603.272704740448,3603.272704740448,3534.545432442946,3549.272705078125,400,0.0,0.0
2020-11-13 00:00:00+09:00,3480.54541015625,3480.54541015625,3480.54541015625,3480.54541015625,400,0.0,0.0
2020-11-16 00:00:00+09:00,3544.3637461205053,3583.636474609375,3544.3637461205053,3583.636474609375,600,0.0,0.0
2020-11-17 00:00:00+09:00,3583.6365177320395,3613.091064453125,3583.6365177320395,3613.091064453125,300,0.0,0.0
2020-11-18 00:00:00+09:00,3613.091064453125,3613.091064453125,3613.091064453125,3613.091064453125,100,0.0,0.0
2020-11-19 00:00:00+09:00,3613.091064453125,3613.091064453125,3613.091064453125,3613.091064453125,100,0.0,0.0
2020-11-20 00:00:00+09:00,3681.8183401356573,3681.8183401356573,3613.091064453125,3613.091064453125,500,0.0,0.0
2020-11-24 00:00:00+09:00,3613.090996328438,3691.636452770361,3554.181903996996,3676.9091796875,500,0.0,0.0
2020-11-25 00:00:00+09:00,3676.9091796875,3676.9091796875,3676.9091796875,3676.9091796875,0,0.0,0.0
2020-11-26 00:00:00+09:00,3676.9091796875,3676.9091796875,3676.9091796875,3676.9091796875,0,0.0,0.0
2020-11-27 00:00:00+09:00,3676.9091796875,3676.9091796875,3676.9091796875,3676.9091796875,0,0.0,0.0
2020-11-30 00:00:00+09:00,3676.9091796875,3676.9091796875,3676.9091796875,3676.9091796875,0,0.0,0.0
2020-12-01 00:00:00+09:00,3676.9091796875,3676.9091796875,3676.9091796875,3676.9091796875,0,0.0,0.0
2020-12-02 00:00:00+09:00,3632.727360438919,3676.9091796875,3632.727360438919,3676.9091796875,700,0.0,0.0
2020-12-03 00:00:00+09:00,3632.727359169408,3730.9091796875,3632.727359169408,3730.9091796875,300,0.0,0.0
2020-12-04 00:00:00+09:00,3730.9091796875,3730.9091796875,3730.9091796875,3730.9091796875,0,0.0,0.0
2020-12-07 00:00:00+09:00,3730.9091796875,3730.9091796875,3726.0000886615953,3730.9091796875,400,0.0,0.0
2020-12-08 00:00:00+09:00,3711.27268204599,3711.27268204599,3642.54541015625,3642.54541015625,300,0.0,0.0
2020-12-09 00:00:00+09:00,3642.5454327618636,3711.272705078125,3642.5454327618636,3711.272705078125,300,0.0,0.0
2020-12-10 00:00:00+09:00,3711.272705078125,3711.272705078125,3711.272705078125,3711.272705078125,600,0.0,0.0
2020-12-11 00:00:00+09:00,3711.272705078125,3711.272705078125,3711.272705078125,3711.272705078125,0,0.0,0.0
2020-12-14 00:00:00+09:00,3711.272705078125,3711.272705078125,3711.272705078125,3711.272705078125,100,0.0,0.0
2020-12-15 00:00:00+09:00,3912.545409535027,3912.545409535027,3858.54541015625,3858.54541015625,700,0.0,0.0
2020-12-16 00:00:00+09:00,3681.818203663263,3740.727294921875,3681.818203663263,3740.727294921875,500,0.0,0.0
2020-12-17 00:00:00+09:00,3745.636474609375,3745.636474609375,3740.7273835548413,3745.636474609375,400,0.0,0.0
2020-12-18 00:00:00+09:00,3701.454723958333,3701.454723958333,3681.818359375,3681.818359375,500,0.0,0.0
2020-12-21 00:00:00+09:00,3706.36376953125,3706.36376953125,3706.36376953125,3706.36376953125,300,0.0,0.0
2020-12-22 00:00:00+09:00,3681.818359375,3681.818359375,3681.818359375,3681.818359375,300,0.0,0.0
2020-12-23 00:00:00+09:00,3681.818292496052,3691.636474609375,3681.818292496052,3691.636474609375,300,0.0,0.0
2020-12-24 00:00:00+09:00,3701.4546784457784,3706.36376953125,3701.4546784457784,3706.36376953125,200,0.0,0.0
2020-12-25 00:00:00+09:00,3868.3636583628145,3902.727294921875,3863.4545674258056,3902.727294921875,1200,0.0,0.0
2020-12-28 00:00:00+09:00,3829.091000205592,3829.091000205592,3730.9091796875,3730.9091796875,500,0.0,0.0
2020-12-29 00:00:00+09:00,3730.9091796875,3730.9091796875,3730.9091796875,3730.9091796875,100,0.0,0.0
2020-12-30 00:00:00+09:00,3730.9092230336164,3829.091044692396,3730.9092230336164,3760.36376953125,600,0.0,0.0
2021-01-04 00:00:00+09:00,3760.3636151123046,3927.272705078125,3760.3636151123046,3927.272705078125,600,0.0,0.0
2021-01-05 00:00:00+09:00,3946.9091796875,3946.9091796875,3946.9091796875,3946.9091796875,100,0.0,0.0
2021-01-06 00:00:00+09:00,3878.1817729334675,3878.1817729334675,3804.54541015625,3804.54541015625,200,0.0,0.0
2021-01-07 00:00:00+09:00,3829.091064453125,3829.091064453125,3829.091064453125,3829.091064453125,100,0.0,0.0
2021-01-08 00:00:00+09:00,3819.272682070108,3819.272682070108,3750.54541015625,3750.54541015625,300,0.0,0.0
2021-01-12 00:00:00+09:00,3750.545432437663,3765.272705078125,3750.545432437663,3765.272705078125,200,0.0,0.0
2021-01-13 00:00:00+09:00,3780.0001533703926,3829.091064453125,3780.0001533703926,3829.091064453125,300,0.0,0.0
2021-01-14 00:00:00+09:00,3824.1819733448515,3829.091064453125,3780.0001533703926,3829.091064453125,700,0.0,0.0
2021-01-15 00:00:00+09:00,3829.091044692396,3829.091044692396,3760.36376953125,3760.36376953125,500,0.0,0.0
2021-01-18 00:00:00+09:00,3760.36376953125,3760.36376953125,3760.36376953125,3760.36376953125,0,0.0,0.0
2021-01-19 00:00:00+09:00,3780.0,3780.0,3780.0,3780.0,100,0.0,0.0
2021-01-20 00:00:00+09:00,3809.45458984375,3809.45458984375,3809.45458984375,3809.45458984375,300,0.0,0.0
2021-01-21 00:00:00+09:00,3809.45458984375,3809.45458984375,3809.45458984375,3809.45458984375,0,0.0,0.0
2021-01-22 00:00:00+09:00,3809.45458984375,3809.45458984375,3809.45458984375,3809.45458984375,0,0.0,0.0
2021-01-25 00:00:00+09:00,3809.45458984375,3809.45458984375,3809.45458984375,3809.45458984375,100,0.0,0.0
2021-01-26 00:00:00+09:00,3809.45458984375,3809.45458984375,3809.45458984375,3809.45458984375,0,0.0,0.0
2021-01-27 00:00:00+09:00,3799.636407911163,3809.45458984375,3799.636407911163,3809.45458984375,300,0.0,0.0
2021-01-28 00:00:00+09:00,3809.45458984375,3809.45458984375,3809.45458984375,3809.45458984375,0,0.0,0.0
2021-01-29 00:00:00+09:00,3809.45458984375,3809.45458984375,3809.45458984375,3809.45458984375,0,0.0,0.0
2021-02-01 00:00:00+09:00,3809.45458984375,3809.45458984375,3809.45458984375,3809.45458984375,100,0.0,0.0
2021-02-02 00:00:00+09:00,3809.45458984375,3809.45458984375,3809.45458984375,3809.45458984375,100,0.0,0.0
2021-02-03 00:00:00+09:00,3775.091091145833,3775.091091145833,3681.818359375,3681.818359375,600,0.0,0.0
2021-02-04 00:00:00+09:00,3809.45458984375,3809.45458984375,3799.636407911163,3809.45458984375,500,0.0,0.0
2021-02-05 00:00:00+09:00,3809.45458984375,3809.45458984375,3809.45458984375,3809.45458984375,100,0.0,0.0
2021-02-08 00:00:00+09:00,3829.091064453125,3829.091064453125,3829.091064453125,3829.091064453125,200,0.0,0.0
2021-02-09 00:00:00+09:00,3829.091064453125,3829.091064453125,3829.091064453125,3829.091064453125,100,0.0,0.0
2021-02-10 00:00:00+09:00,3829.091064453125,3829.091064453125,3829.091064453125,3829.091064453125,0,0.0,0.0
2021-02-12 00:00:00+09:00,3829.090929998868,4064.727294921875,3829.090929998868,4064.727294921875,2200,0.0,0.0
2021-02-15 00:00:00+09:00,4064.727294921875,4064.727294921875,4064.727294921875,4064.727294921875,600,0.0,0.0
2021-02-16 00:00:00+09:00,4064.727294921875,4064.727294921875,4064.727294921875,4064.727294921875,100,0.0,0.0
2021-02-17 00:00:00+09:00,4064.727294921875,4064.727294921875,4064.727294921875,4064.727294921875,0,0.0,0.0
2021-02-18 00:00:00+09:00,4064.727294921875,4064.727294921875,4064.727294921875,4064.727294921875,0,0.0,0.0
2021-02-19 00:00:00+09:00,4000.909069194084,4089.272705078125,4000.909069194084,4089.272705078125,500,0.0,0.0
2021-02-22 00:00:00+09:00,4123.63623046875,4123.63623046875,4123.63623046875,4123.63623046875,300,0.0,0.0
2021-02-24 00:00:00+09:00,4123.636453919492,4123.636453919492,4054.9091796875,4054.9091796875,400,0.0,0.0
2021-02-25 00:00:00+09:00,4054.9093431945244,4280.7275390625,4054.9093431945244,4280.7275390625,1200,0.0,0.0
2021-02-26 00:00:00+09:00,4123.63623046875,4123.63623046875,4123.63623046875,4123.63623046875,200,0.0,0.0
2021-03-01 00:00:00+09:00,4123.636319299941,4221.81813642613,4123.636319299941,4128.54541015625,600,0.0,0.0
2021-03-02 00:00:00+09:00,4128.545322942678,4177.63623046875,4123.636232190071,4177.63623046875,500,0.0,0.0
2021-03-03 00:00:00+09:00,4108.909047301387,4182.54541015625,4108.909047301387,4182.54541015625,400,0.0,0.0
2021-03-04 00:00:00+09:00,4123.636453919492,4123.636453919492,4054.9091796875,4054.9091796875,200,0.0,0.0
2021-03-05 00:00:00+09:00,4182.54541015625,4182.54541015625,4182.54541015625,4182.54541015625,600,0.0,0.0
2021-03-08 00:00:00+09:00,4113.818425474208,4496.7275390625,4113.818425474208,4496.7275390625,4000,0.0,0.0
2021-03-09 00:00:00+09:00,4427.999911123057,4427.999911123057,4369.090821396365,4423.0908203125,600,0.0,0.0
2021-03-10 00:00:00+09:00,4423.0908203125,4423.0908203125,4423.0908203125,4423.0908203125,0,0.0,0.0
2021-03-11 00:00:00+09:00,4427.999870563375,4555.63623046875,4427.999870563375,4555.63623046875,900,0.0,0.0
2021-03-12 00:00:00+09:00,4418.181818181818,4536.0,4418.181818181818,4536.0,700,0.0,0.0
2021-03-15 00:00:00+09:00,4575.2726827401775,4575.2726827401775,4560.54541015625,4560.54541015625,800,0.0,0.0
2021-03-16 00:00:00+09:00,4575.27294921875,4575.27294921875,4575.27294921875,4575.27294921875,500,0.0,0.0
2021-03-17 00:00:00+09:00,4575.27294921875,4575.27294921875,4575.27294921875,4575.27294921875,0,0.0,0.0
2021-03-18 00:00:00+09:00,4516.363855451985,4575.27294921875,4516.363855451985,4575.27294921875,200,0.0,0.0
2021-03-19 00:00:00+09:00,4575.27294921875,4575.27294921875,4575.27294921875,4575.27294921875,400,0.0,0.0
2021-03-22 00:00:00+09:00,4575.2725935311155,4575.2725935311155,4526.181685875202,4555.63623046875,800,0.0,0.0
2021-03-23 00:00:00+09:00,4486.9091345346105,4565.45458984375,4418.181861139113,4565.45458984375,800,0.0,0.0
2021-03-24 00:00:00+09:00,4477.0908203125,4477.0908203125,4477.0908203125,4477.0908203125,100,0.0,0.0
2021-03-25 00:00:00+09:00,4477.0908203125,4477.0908203125,4477.0908203125,4477.0908203125,0,0.0,0.0
2021-03-26 00:00:00+09:00,4477.0908203125,4477.0908203125,4477.0908203125,4477.0908203125,0,0.0,0.0
2021-03-29 00:00:00+09:00,4496.7275390625,4496.7275390625,4496.7275390625,4496.7275390625,100,0.0,0.0
2021-03-30 00:00:00+09:00,4516.36376953125,4516.36376953125,4516.36376953125,4516.36376953125,100,0.0,0.0
2021-03-31 00:00:00+09:00,4653.818181818182,4653.818181818182,4447.636363636364,4590.0,1000,0.0,0.0
2021-04-01 00:00:00+09:00,4575.272954584478,4575.272954584478,4467.27294921875,4467.27294921875,500,0.0,0.0
2021-04-02 00:00:00+09:00,4536.000225360577,4536.000225360577,4467.27294921875,4467.27294921875,700,0.0,0.0
2021-04-05 00:00:00+09:00,4432.909311147837,4467.27294921875,4418.182037688874,4467.27294921875,1000,0.0,0.0
2021-04-06 00:00:00+09:00,4467.27294921875,4467.27294921875,4467.27294921875,4467.27294921875,200,0.0,0.0
2021-04-07 00:00:00+09:00,4428.0,4428.0,4428.0,4428.0,100,0.0,0.0
2021-04-08 00:00:00+09:00,4428.0,4428.0,4428.0,4428.0,100,0.0,0.0
2021-04-09 00:00:00+09:00,4428.0,4428.0,4428.0,4428.0,200,0.0,0.0
2021-04-12 00:00:00+09:00,4428.0,4428.0,4428.0,4428.0,200,0.0,0.0
2021-04-13 00:00:00+09:00,4442.727585177951,4452.545767686632,4418.18212890625,4418.18212890625,600,0.0,0.0
2021-04-14 00:00:00+09:00,4373.999955858503,4398.54541015625,4373.999955858503,4398.54541015625,600,0.0,0.0
2021-04-15 00:00:00+09:00,4383.818048948149,4462.363501112954,4383.818048948149,4393.63623046875,800,0.0,0.0
2021-04-16 00:00:00+09:00,4398.545763888888,4418.18212890625,4398.545763888888,4418.18212890625,200,0.0,0.0
2021-04-19 00:00:00+09:00,4418.181905600383,4486.9091796875,4418.181905600383,4486.9091796875,400,0.0,0.0
2021-04-20 00:00:00+09:00,4477.091223958333,4477.091223958333,4418.18212890625,4418.18212890625,800,0.0,0.0
2021-04-21 00:00:00+09:00,4413.272816747828,4413.272816747828,4374.000088678882,4378.9091796875,400,0.0,0.0
2021-04-22 00:00:00+09:00,4364.181818181818,4364.181818181818,4320.0,4320.0,400,0.0,0.0
2021-04-23 00:00:00+09:00,4320.000311432233,4320.000311432233,4310.18212890625,4310.18212890625,300,0.0,0.0
2021-04-26 00:00:00+09:00,4383.81809274052,4383.81809274052,4369.0908203125,4369.0908203125,600,0.0,0.0
2021-04-27 00:00:00+09:00,4378.909090909091,4378.909090909091,4320.0,4320.0,200,0.0,0.0
2021-04-28 00:00:00+09:00,4280.0,4280.0,4180.0,4180.0,700,80.0,0.0
2021-04-30 00:00:00+09:00,4150.0,4180.0,4150.0,4155.0,900,0.0,0.0
2021-05-06 00:00:00+09:00,4155.0,4155.0,4120.0,4155.0,800,0.0,0.0
2021-05-07 00:00:00+09:00,4155.0,4350.0,4155.0,4350.0,600,0.0,0.0
2021-05-10 00:00:00+09:00,4420.0,4560.0,4205.0,4300.0,1000,0.0,0.0
2021-05-11 00:00:00+09:00,4300.0,4300.0,4300.0,4300.0,0,0.0,0.0
2021-05-12 00:00:00+09:00,4300.0,4300.0,4300.0,4300.0,100,0.0,0.0
2021-05-13 00:00:00+09:00,4300.0,4300.0,4300.0,4300.0,0,0.0,0.0
2021-05-14 00:00:00+09:00,4250.0,4250.0,4180.0,4180.0,300,0.0,0.0
2021-05-17 00:00:00+09:00,4330.0,4330.0,4330.0,4330.0,400,0.0,0.0
2021-05-18 00:00:00+09:00,4330.0,4330.0,4330.0,4330.0,0,0.0,0.0
2021-05-19 00:00:00+09:00,4330.0,4330.0,4330.0,4330.0,100,0.0,0.0
2021-05-20 00:00:00+09:00,4470.0,4470.0,4400.0,4400.0,500,0.0,0.0
2021-05-21 00:00:00+09:00,4300.0,4300.0,4300.0,4300.0,100,0.0,0.0
2021-05-24 00:00:00+09:00,4250.0,4250.0,4250.0,4250.0,300,0.0,0.0
2021-05-25 00:00:00+09:00,4250.0,4250.0,4250.0,4250.0,0,0.0,0.0
2021-05-26 00:00:00+09:00,4250.0,4250.0,4250.0,4250.0,0,0.0,0.0
2021-05-27 00:00:00+09:00,4245.0,4315.0,4200.0,4200.0,500,0.0,0.0
2021-05-28 00:00:00+09:00,4200.0,4200.0,4200.0,4200.0,100,0.0,0.0
2021-05-31 00:00:00+09:00,4200.0,4200.0,4200.0,4200.0,0,0.0,0.0
2021-06-01 00:00:00+09:00,4200.0,4200.0,4200.0,4200.0,0,0.0,0.0
2021-06-02 00:00:00+09:00,4400.0,4400.0,4385.0,4390.0,400,0.0,0.0
2021-06-03 00:00:00+09:00,4290.0,4290.0,4290.0,4290.0,100,0.0,0.0
2021-06-04 00:00:00+09:00,4300.0,4300.0,4300.0,4300.0,100,0.0,0.0
2021-06-07 00:00:00+09:00,4300.0,4300.0,4300.0,4300.0,0,0.0,0.0
2021-06-08 00:00:00+09:00,4400.0,4400.0,4380.0,4380.0,200,0.0,0.0
2021-06-09 00:00:00+09:00,4375.0,4375.0,4305.0,4375.0,600,0.0,0.0
2021-06-10 00:00:00+09:00,4375.0,4375.0,4360.0,4360.0,200,0.0,0.0
2021-06-11 00:00:00+09:00,4400.0,4485.0,4400.0,4485.0,900,0.0,0.0
2021-06-14 00:00:00+09:00,4480.0,4480.0,4280.0,4350.0,1100,0.0,0.0
2021-06-15 00:00:00+09:00,4380.0,4380.0,4380.0,4380.0,400,0.0,0.0
2021-06-16 00:00:00+09:00,4400.0,4400.0,4400.0,4400.0,100,0.0,0.0
2021-06-17 00:00:00+09:00,4340.0,4340.0,4330.0,4330.0,200,0.0,0.0
2021-06-18 00:00:00+09:00,4300.0,4320.0,4280.0,4280.0,500,0.0,0.0
2021-06-21 00:00:00+09:00,4140.0,4140.0,4140.0,4140.0,400,0.0,0.0
2021-06-22 00:00:00+09:00,4200.0,4200.0,4200.0,4200.0,100,0.0,0.0
2021-06-23 00:00:00+09:00,4270.0,4270.0,4200.0,4200.0,300,0.0,0.0
2021-06-24 00:00:00+09:00,4200.0,4200.0,4200.0,4200.0,0,0.0,0.0
2021-06-25 00:00:00+09:00,4200.0,4200.0,4200.0,4200.0,0,0.0,0.0
2021-06-28 00:00:00+09:00,4300.0,4300.0,4300.0,4300.0,100,0.0,0.0
2021-06-29 00:00:00+09:00,4300.0,4300.0,4300.0,4300.0,0,0.0,0.0
2021-06-30 00:00:00+09:00,4300.0,4300.0,4300.0,4300.0,0,0.0,0.0
2021-07-01 00:00:00+09:00,4300.0,4300.0,4300.0,4300.0,0,0.0,0.0
2021-07-02 00:00:00+09:00,4300.0,4300.0,4300.0,4300.0,200,0.0,0.0
2021-07-05 00:00:00+09:00,4235.0,4235.0,4235.0,4235.0,200,0.0,0.0
2021-07-06 00:00:00+09:00,4235.0,4235.0,4235.0,4235.0,0,0.0,0.0
2021-07-07 00:00:00+09:00,4235.0,4235.0,4235.0,4235.0,0,0.0,0.0
2021-07-08 00:00:00+09:00,4165.0,4165.0,4125.0,4125.0,700,0.0,0.0
2021-07-09 00:00:00+09:00,4100.0,4180.0,4100.0,4120.0,400,0.0,0.0
2021-07-12 00:00:00+09:00,4110.0,4205.0,4075.0,4075.0,1300,0.0,0.0
2021-07-13 00:00:00+09:00,4075.0,4075.0,4060.0,4070.0,1600,0.0,0.0
2021-07-14 00:00:00+09:00,4070.0,4070.0,4045.0,4050.0,1000,0.0,0.0
2021-07-15 00:00:00+09:00,4060.0,4100.0,4060.0,4100.0,800,0.0,0.0
2021-07-16 00:00:00+09:00,4100.0,4100.0,4100.0,4100.0,0,0.0,0.0
2021-07-19 00:00:00+09:00,4180.0,4180.0,4170.0,4180.0,600,0.0,0.0
2021-07-20 00:00:00+09:00,4290.0,4290.0,4270.0,4270.0,400,0.0,0.0
2021-07-21 00:00:00+09:00,4270.0,4270.0,4270.0,4270.0,0,0.0,0.0
2021-07-26 00:00:00+09:00,4270.0,4270.0,4220.0,4220.0,300,0.0,0.0
2021-07-27 00:00:00+09:00,4350.0,4370.0,4315.0,4370.0,1100,0.0,0.0
2021-07-28 00:00:00+09:00,4300.0,4300.0,4280.0,4280.0,400,0.0,0.0
2021-07-29 00:00:00+09:00,4355.0,4355.0,4340.0,4340.0,200,0.0,0.0
2021-07-30 00:00:00+09:00,4480.0,4480.0,4450.0,4450.0,2000,0.0,0.0
2021-08-02 00:00:00+09:00,4450.0,4450.0,4375.0,4375.0,500,0.0,0.0
2021-08-03 00:00:00+09:00,4500.0,4500.0,4335.0,4335.0,1600,0.0,0.0
2021-08-04 00:00:00+09:00,4265.0,4310.0,4265.0,4310.0,400,0.0,0.0
2021-08-05 00:00:00+09:00,4310.0,4310.0,4310.0,4310.0,0,0.0,0.0
2021-08-06 00:00:00+09:00,4310.0,4310.0,4310.0,4310.0,0,0.0,0.0
2021-08-10 00:00:00+09:00,4310.0,4310.0,4310.0,4310.0,0,0.0,0.0
2021-08-11 00:00:00+09:00,4310.0,4310.0,4310.0,4310.0,0,0.0,0.0
2021-08-12 00:00:00+09:00,4310.0,4310.0,4310.0,4310.0,100,0.0,0.0
2021-08-13 00:00:00+09:00,4300.0,4300.0,4295.0,4295.0,200,0.0,0.0
2021-08-16 00:00:00+09:00,4295.0,4295.0,4245.0,4245.0,700,0.0,0.0
2021-08-17 00:00:00+09:00,4245.0,4245.0,4245.0,4245.0,0,0.0,0.0
2021-08-18 00:00:00+09:00,4315.0,4340.0,4265.0,4340.0,1100,0.0,0.0
2021-08-19 00:00:00+09:00,4340.0,4340.0,4340.0,4340.0,0,0.0,0.0
2021-08-20 00:00:00+09:00,4350.0,4350.0,4350.0,4350.0,300,0.0,0.0
2021-08-23 00:00:00+09:00,4350.0,4350.0,4350.0,4350.0,0,0.0,0.0
2021-08-24 00:00:00+09:00,4350.0,4350.0,4350.0,4350.0,0,0.0,0.0
2021-08-25 00:00:00+09:00,4350.0,4350.0,4350.0,4350.0,0,0.0,0.0
2021-08-26 00:00:00+09:00,4220.0,4220.0,4220.0,4220.0,200,0.0,0.0
2021-08-27 00:00:00+09:00,4215.0,4245.0,4215.0,4245.0,200,0.0,0.0
2021-08-30 00:00:00+09:00,4245.0,4245.0,4245.0,4245.0,0,0.0,0.0
2021-08-31 00:00:00+09:00,4305.0,4305.0,4305.0,4305.0,100,0.0,0.0
2021-09-01 00:00:00+09:00,4305.0,4305.0,4305.0,4305.0,200,0.0,0.0
2021-09-02 00:00:00+09:00,4375.0,4375.0,4315.0,4315.0,200,0.0,0.0
2021-09-03 00:00:00+09:00,4245.0,4310.0,4245.0,4280.0,800,0.0,0.0
2021-09-06 00:00:00+09:00,4280.0,4280.0,4280.0,4280.0,0,0.0,0.0
2021-09-07 00:00:00+09:00,4280.0,4280.0,4280.0,4280.0,100,0.0,0.0
2021-09-08 00:00:00+09:00,4285.0,4305.0,4285.0,4305.0,200,0.0,0.0
2021-09-09 00:00:00+09:00,4305.0,4305.0,4305.0,4305.0,0,0.0,0.0
2021-09-10 00:00:00+09:00,4320.0,4360.0,4320.0,4360.0,300,0.0,0.0
2021-09-13 00:00:00+09:00,4460.0,4500.0,4190.0,4190.0,6100,0.0,0.0
2021-09-14 00:00:00+09:00,4215.0,4250.0,4180.0,4250.0,1600,0.0,0.0
2021-09-15 00:00:00+09:00,4250.0,4295.0,4210.0,4295.0,800,0.0,0.0
2021-09-16 00:00:00+09:00,4260.0,4260.0,4195.0,4195.0,800,0.0,0.0
2021-09-17 00:00:00+09:00,4215.0,4215.0,4215.0,4215.0,100,0.0,0.0
2021-09-21 00:00:00+09:00,4215.0,4220.0,4215.0,4220.0,600,0.0,0.0
2021-09-22 00:00:00+09:00,4215.0,4215.0,4190.0,4190.0,1100,0.0,0.0
2021-09-24 00:00:00+09:00,4190.0,4220.0,4190.0,4220.0,600,0.0,0.0
2021-09-27 00:00:00+09:00,4225.0,4230.0,4225.0,4230.0,200,0.0,0.0
2021-09-28 00:00:00+09:00,4230.0,4230.0,4225.0,4225.0,200,0.0,0.0
2021-09-29 00:00:00+09:00,4220.0,4220.0,4220.0,4220.0,200,0.0,0.0
2021-09-30 00:00:00+09:00,4220.0,4220.0,4220.0,4220.0,100,0.0,0.0
2021-10-01 00:00:00+09:00,4200.0,4210.0,4180.0,4190.0,700,0.0,0.0
2021-10-04 00:00:00+09:00,4260.0,4260.0,4110.0,4110.0,1000,0.0,0.0
2021-10-05 00:00:00+09:00,4180.0,4295.0,4180.0,4200.0,600,0.0,0.0
2021-10-06 00:00:00+09:00,4220.0,4220.0,4180.0,4180.0,1000,0.0,0.0
2021-10-07 00:00:00+09:00,4180.0,4190.0,4180.0,4190.0,2200,0.0,0.0
2021-10-08 00:00:00+09:00,4230.0,4250.0,4230.0,4250.0,900,0.0,0.0
2021-10-11 00:00:00+09:00,4250.0,4265.0,4250.0,4265.0,700,0.0,0.0
2021-10-12 00:00:00+09:00,4265.0,4265.0,4265.0,4265.0,100,0.0,0.0
2021-10-13 00:00:00+09:00,4265.0,4265.0,4265.0,4265.0,100,0.0,0.0
2021-10-14 00:00:00+09:00,4270.0,4285.0,4270.0,4285.0,400,0.0,0.0
2021-10-15 00:00:00+09:00,4425.0,4425.0,4380.0,4385.0,700,0.0,0.0
2021-10-18 00:00:00+09:00,4395.0,4395.0,4345.0,4350.0,1300,0.0,0.0
2021-10-19 00:00:00+09:00,4350.0,4360.0,4350.0,4350.0,600,0.0,0.0
2021-10-20 00:00:00+09:00,4380.0,4380.0,4320.0,4320.0,500,0.0,0.0
2021-10-21 00:00:00+09:00,4320.0,4320.0,4320.0,4320.0,0,0.0,0.0
2021-10-22 00:00:00+09:00,4320.0,4320.0,4320.0,4320.0,0,0.0,0.0
2021-10-25 00:00:00+09:00,4330.0,4330.0,4270.0,4270.0,400,0.0,0.0
2021-10-26 00:00:00+09:00,4270.0,4270.0,4270.0,4270.0,100,0.0,0.0
2021-10-27 00:00:00+09:00,4270.0,4270.0,4270.0,4270.0,0,0.0,0.0
2021-10-28 00:00:00+09:00,4270.0,4270.0,4270.0,4270.0,100,0.0,0.0
2021-10-29 00:00:00+09:00,4285.0,4310.0,4280.0,4310.0,500,0.0,0.0
2021-11-01 00:00:00+09:00,4315.0,4325.0,4315.0,4325.0,300,0.0,0.0
2021-11-02 00:00:00+09:00,4400.0,4400.0,4400.0,4400.0,100,0.0,0.0
2021-11-04 00:00:00+09:00,4400.0,4405.0,4350.0,4350.0,700,0.0,0.0
2021-11-05 00:00:00+09:00,4400.0,4450.0,4400.0,4450.0,200,0.0,0.0
2021-11-08 00:00:00+09:00,4450.0,4450.0,4195.0,4220.0,3300,0.0,0.0
2021-11-09 00:00:00+09:00,4300.0,4340.0,4245.0,4245.0,1200,0.0,0.0
2021-11-10 00:00:00+09:00,4250.0,4250.0,4250.0,4250.0,100,0.0,0.0
2021-11-11 00:00:00+09:00,4255.0,4260.0,4255.0,4260.0,400,0.0,0.0
2021-11-12 00:00:00+09:00,4270.0,4300.0,4270.0,4300.0,300,0.0,0.0
2021-11-15 00:00:00+09:00,4250.0,4295.0,4250.0,4295.0,1200,0.0,0.0
2021-11-16 00:00:00+09:00,4320.0,4330.0,4320.0,4330.0,400,0.0,0.0
2021-11-17 00:00:00+09:00,4330.0,4330.0,4330.0,4330.0,100,0.0,0.0
2021-11-18 00:00:00+09:00,4330.0,4330.0,4330.0,4330.0,0,0.0,0.0
2021-11-19 00:00:00+09:00,4325.0,4330.0,4325.0,4330.0,300,0.0,0.0
2021-11-22 00:00:00+09:00,4380.0,4380.0,4380.0,4380.0,300,0.0,0.0
2021-11-24 00:00:00+09:00,4380.0,4380.0,4380.0,4380.0,200,0.0,0.0
2021-11-25 00:00:00+09:00,4400.0,4400.0,4330.0,4330.0,700,0.0,0.0
2021-11-26 00:00:00+09:00,4330.0,4370.0,4330.0,4340.0,500,0.0,0.0
2021-11-29 00:00:00+09:00,4425.0,4425.0,4415.0,4425.0,1200,0.0,0.0
2021-11-30 00:00:00+09:00,4425.0,4425.0,4425.0,4425.0,100,0.0,0.0
2021-12-01 00:00:00+09:00,4425.0,4450.0,4400.0,4400.0,700,0.0,0.0
2021-12-02 00:00:00+09:00,4470.0,4555.0,4425.0,4540.0,2900,0.0,0.0
2021-12-03 00:00:00+09:00,4540.0,4545.0,4455.0,4455.0,1800,0.0,0.0
2021-12-06 00:00:00+09:00,4455.0,4535.0,4455.0,4535.0,400,0.0,0.0
2021-12-07 00:00:00+09:00,4555.0,4690.0,4555.0,4685.0,2800,0.0,0.0
2021-12-08 00:00:00+09:00,4685.0,4690.0,4615.0,4660.0,1400,0.0,0.0
2021-12-09 00:00:00+09:00,4700.0,4910.0,4700.0,4910.0,7400,0.0,0.0
2021-12-10 00:00:00+09:00,4560.0,4605.0,4380.0,4455.0,11500,0.0,0.0
2021-12-13 00:00:00+09:00,4455.0,4455.0,4400.0,4440.0,2300,0.0,0.0
2021-12-14 00:00:00+09:00,4410.0,4415.0,4160.0,4320.0,3800,0.0,0.0
2021-12-15 00:00:00+09:00,4360.0,4360.0,4180.0,4280.0,3300,0.0,0.0
2021-12-16 00:00:00+09:00,4210.0,4210.0,4130.0,4130.0,2000,0.0,0.0
2021-12-17 00:00:00+09:00,4140.0,4150.0,4090.0,4140.0,1800,0.0,0.0
2021-12-20 00:00:00+09:00,4140.0,4140.0,4055.0,4055.0,1400,0.0,0.0
2021-12-21 00:00:00+09:00,4000.0,4050.0,3910.0,3965.0,2300,0.0,0.0
2021-12-22 00:00:00+09:00,3965.0,3975.0,3965.0,3970.0,2100,0.0,0.0
2021-12-23 00:00:00+09:00,3970.0,4005.0,3970.0,4005.0,900,0.0,0.0
2021-12-24 00:00:00+09:00,4015.0,4040.0,3955.0,3955.0,1600,0.0,0.0
2021-12-27 00:00:00+09:00,4005.0,4025.0,3850.0,4025.0,2000,0.0,0.0
2021-12-28 00:00:00+09:00,4025.0,4030.0,4025.0,4030.0,200,0.0,0.0
2021-12-29 00:00:00+09:00,4030.0,4030.0,4030.0,4030.0,0,0.0,0.0
2021-12-30 00:00:00+09:00,4035.0,4065.0,4035.0,4055.0,1000,0.0,0.0
2022-01-04 00:00:00+09:00,4065.0,4125.0,4065.0,4125.0,600,0.0,0.0
2022-01-05 00:00:00+09:00,4125.0,4125.0,4020.0,4020.0,1600,0.0,0.0
2022-01-06 00:00:00+09:00,4015.0,4065.0,3915.0,3965.0,1100,0.0,0.0
2022-01-07 00:00:00+09:00,4015.0,4015.0,3995.0,3995.0,300,0.0,0.0
2022-01-11 00:00:00+09:00,3925.0,3955.0,3875.0,3920.0,1800,0.0,0.0
2022-01-12 00:00:00+09:00,3920.0,4050.0,3920.0,4050.0,1900,0.0,0.0
2022-01-13 00:00:00+09:00,3960.0,4000.0,3960.0,4000.0,800,0.0,0.0
2022-01-14 00:00:00+09:00,4000.0,4020.0,3980.0,4010.0,1000,0.0,0.0
2022-01-17 00:00:00+09:00,4050.0,4070.0,3990.0,4045.0,1400,0.0,0.0
2022-01-18 00:00:00+09:00,4060.0,4100.0,4060.0,4085.0,1400,0.0,0.0
2022-01-19 00:00:00+09:00,4090.0,4090.0,4005.0,4055.0,1000,0.0,0.0
2022-01-20 00:00:00+09:00,4110.0,4110.0,4030.0,4030.0,1700,0.0,0.0
2022-01-21 00:00:00+09:00,4030.0,4050.0,4000.0,4000.0,1600,0.0,0.0
2022-01-24 00:00:00+09:00,3995.0,4085.0,3990.0,4085.0,700,0.0,0.0
2022-01-25 00:00:00+09:00,4085.0,4110.0,4050.0,4050.0,400,0.0,0.0
2022-01-26 00:00:00+09:00,4065.0,4145.0,4065.0,4145.0,500,0.0,0.0
2022-01-27 00:00:00+09:00,4150.0,4150.0,4050.0,4095.0,1200,0.0,0.0
2022-01-28 00:00:00+09:00,4095.0,4100.0,4095.0,4100.0,200,0.0,0.0
2022-01-31 00:00:00+09:00,4030.0,4100.0,4030.0,4055.0,700,0.0,0.0
2022-02-01 00:00:00+09:00,4060.0,4110.0,4060.0,4110.0,300,0.0,0.0
2022-02-02 00:00:00+09:00,4180.0,4180.0,4040.0,4105.0,1000,0.0,0.0
2022-02-03 00:00:00+09:00,4100.0,4200.0,4100.0,4125.0,1400,0.0,0.0
2022-02-04 00:00:00+09:00,4130.0,4150.0,4105.0,4150.0,900,0.0,0.0
2022-02-07 00:00:00+09:00,4150.0,4190.0,4150.0,4190.0,600,0.0,0.0
2022-02-08 00:00:00+09:00,4190.0,4190.0,4190.0,4190.0,0,0.0,0.0
2022-02-09 00:00:00+09:00,4190.0,4265.0,4190.0,4210.0,1700,0.0,0.0
2022-02-10 00:00:00+09:00,4235.0,4290.0,4235.0,4280.0,400,0.0,0.0
2022-02-14 00:00:00+09:00,4290.0,4290.0,4255.0,4255.0,700,0.0,0.0
2022-02-15 00:00:00+09:00,4255.0,4390.0,4255.0,4345.0,500,0.0,0.0
2022-02-16 00:00:00+09:00,4300.0,4300.0,4280.0,4280.0,300,0.0,0.0
2022-02-17 00:00:00+09:00,4280.0,4325.0,4280.0,4325.0,500,0.0,0.0
2022-02-18 00:00:00+09:00,4285.0,4325.0,4285.0,4325.0,300,0.0,0.0
2022-02-21 00:00:00+09:00,4355.0,4365.0,4335.0,4360.0,800,0.0,0.0
2022-02-22 00:00:00+09:00,4360.0,4360.0,4340.0,4340.0,200,0.0,0.0
2022-02-24 00:00:00+09:00,4200.0,4250.0,4200.0,4205.0,900,0.0,0.0
2022-02-25 00:00:00+09:00,4210.0,4230.0,4210.0,4230.0,500,0.0,0.0
2022-02-28 00:00:00+09:00,4230.0,4285.0,4230.0,4285.0,500,0.0,0.0
2022-03-01 00:00:00+09:00,4280.0,4280.0,4210.0,4265.0,400,0.0,0.0
2022-03-02 00:00:00+09:00,4270.0,4285.0,4250.0,4280.0,700,0.0,0.0
2022-03-03 00:00:00+09:00,4210.0,4290.0,4210.0,4235.0,900,0.0,0.0
2022-03-04 00:00:00+09:00,4340.0,4340.0,4300.0,4300.0,300,0.0,0.0
2022-03-07 00:00:00+09:00,4300.0,4300.0,4300.0,4300.0,0,0.0,0.0
2022-03-08 00:00:00+09:00,4190.0,4190.0,4190.0,4190.0,100,0.0,0.0
2022-03-09 00:00:00+09:00,4190.0,4190.0,4190.0,4190.0,0,0.0,0.0
2022-03-10 00:00:00+09:00,4205.0,4215.0,4205.0,4215.0,300,0.0,0.0
2022-03-11 00:00:00+09:00,4285.0,4380.0,4215.0,4380.0,1100,0.0,0.0
2022-03-14 00:00:00+09:00,4320.0,4465.0,4315.0,4425.0,2900,0.0,0.0
2022-03-15 00:00:00+09:00,4425.0,4425.0,4365.0,4365.0,1100,0.0,0.0
2022-03-16 00:00:00+09:00,4435.0,4435.0,4375.0,4400.0,700,0.0,0.0
2022-03-17 00:00:00+09:00,4400.0,4400.0,4375.0,4375.0,400,0.0,0.0
2022-03-18 00:00:00+09:00,4370.0,4370.0,4360.0,4360.0,300,0.0,0.0
2022-03-22 00:00:00+09:00,4350.0,4350.0,4315.0,4320.0,2000,0.0,0.0
2022-03-23 00:00:00+09:00,4320.0,4320.0,4320.0,4320.0,200,0.0,0.0
2022-03-24 00:00:00+09:00,4320.0,4355.0,4320.0,4340.0,800,0.0,0.0
2022-03-25 00:00:00+09:00,4320.0,4325.0,4320.0,4320.0,700,0.0,0.0
2022-03-28 00:00:00+09:00,4320.0,4340.0,4320.0,4340.0,200,0.0,0.0
2022-03-29 00:00:00+09:00,4345.0,4365.0,4345.0,4365.0,400,0.0,0.0
2022-03-30 00:00:00+09:00,4365.0,4370.0,4355.0,4355.0,1000,0.0,0.0
2022-03-31 00:00:00+09:00,4360.0,4400.0,4360.0,4400.0,1600,0.0,0.0
2022-04-01 00:00:00+09:00,4540.0,4540.0,4460.0,4530.0,2600,0.0,0.0
2022-04-04 00:00:00+09:00,4600.0,4600.0,4530.0,4580.0,2100,0.0,0.0
2022-04-05 00:00:00+09:00,4550.0,4550.0,4440.0,4470.0,1700,0.0,0.0
2022-04-06 00:00:00+09:00,4480.0,4530.0,4480.0,4525.0,300,0.0,0.0
2022-04-07 00:00:00+09:00,4495.0,4495.0,4420.0,4420.0,1400,0.0,0.0
2022-04-08 00:00:00+09:00,4465.0,4465.0,4430.0,4440.0,400,0.0,0.0
2022-04-11 00:00:00+09:00,4440.0,4465.0,4440.0,4465.0,300,0.0,0.0
2022-04-12 00:00:00+09:00,4490.0,4490.0,4480.0,4480.0,400,0.0,0.0
2022-04-13 00:00:00+09:00,4435.0,4440.0,4435.0,4435.0,500,0.0,0.0
2022-04-14 00:00:00+09:00,4440.0,4475.0,4440.0,4475.0,200,0.0,0.0
2022-04-15 00:00:00+09:00,4480.0,4490.0,4480.0,4490.0,900,0.0,0.0
2022-04-18 00:00:00+09:00,4420.0,4420.0,4370.0,4370.0,1700,0.0,0.0
2022-04-19 00:00:00+09:00,4370.0,4370.0,4370.0,4370.0,600,0.0,0.0
2022-04-20 00:00:00+09:00,4470.0,4470.0,4370.0,4470.0,1500,0.0,0.0
2022-04-21 00:00:00+09:00,4450.0,4460.0,4440.0,4460.0,800,0.0,0.0
2022-04-22 00:00:00+09:00,4460.0,4460.0,4420.0,4420.0,600,0.0,0.0
2022-04-25 00:00:00+09:00,4420.0,4480.0,4420.0,4480.0,1600,0.0,0.0
2022-04-26 00:00:00+09:00,4480.0,4515.0,4425.0,4515.0,4200,0.0,0.0
2022-04-27 00:00:00+09:00,4215.0,4230.0,4140.0,4165.0,3500,0.0,0.0
2022-04-28 00:00:00+09:00,4065.0,4095.0,4030.0,4030.0,1800,0.0,0.0
2022-05-02 00:00:00+09:00,3820.0,3915.0,3800.0,3885.0,4100,0.0,0.0
2022-05-06 00:00:00+09:00,3955.0,3955.0,3880.0,3885.0,800,0.0,0.0
2022-05-09 00:00:00+09:00,3885.0,3885.0,3800.0,3800.0,1700,0.0,0.0
2022-05-10 00:00:00+09:00,3780.0,3815.0,3690.0,3815.0,1800,0.0,0.0
2022-05-11 00:00:00+09:00,3775.0,3795.0,3760.0,3795.0,500,0.0,0.0
2022-05-12 00:00:00+09:00,3775.0,3810.0,3735.0,3735.0,1100,0.0,0.0
2022-05-13 00:00:00+09:00,3750.0,3775.0,3750.0,3775.0,200,0.0,0.0
2022-05-16 00:00:00+09:00,3775.0,3860.0,3775.0,3820.0,800,0.0,0.0
2022-05-17 00:00:00+09:00,3820.0,3875.0,3820.0,3875.0,500,0.0,0.0
2022-05-18 00:00:00+09:00,3890.0,3895.0,3870.0,3895.0,600,0.0,0.0
2022-05-19 00:00:00+09:00,3850.0,3890.0,3850.0,3890.0,400,0.0,0.0
2022-05-20 00:00:00+09:00,3955.0,3955.0,3950.0,3950.0,500,0.0,0.0
2022-05-23 00:00:00+09:00,3950.0,3970.0,3900.0,3925.0,600,0.0,0.0
2022-05-24 00:00:00+09:00,3925.0,3925.0,3805.0,3840.0,1000,0.0,0.0
2022-05-25 00:00:00+09:00,3910.0,3910.0,3905.0,3905.0,300,0.0,0.0
2022-05-26 00:00:00+09:00,4040.0,4040.0,3970.0,3985.0,1100,0.0,0.0
2022-05-27 00:00:00+09:00,4040.0,4040.0,3975.0,4000.0,500,0.0,0.0
2022-05-30 00:00:00+09:00,3980.0,3980.0,3980.0,3980.0,100,0.0,0.0
2022-05-31 00:00:00+09:00,3990.0,3990.0,3980.0,3980.0,300,0.0,0.0
2022-06-01 00:00:00+09:00,3910.0,3975.0,3910.0,3970.0,500,0.0,0.0
2022-06-02 00:00:00+09:00,4040.0,4040.0,4040.0,4040.0,200,0.0,0.0
2022-06-03 00:00:00+09:00,3970.0,3970.0,3970.0,3970.0,100,0.0,0.0
2022-06-06 00:00:00+09:00,4040.0,4070.0,4035.0,4070.0,600,0.0,0.0
2022-06-07 00:00:00+09:00,4100.0,4150.0,4100.0,4150.0,300,0.0,0.0
2022-06-08 00:00:00+09:00,4150.0,4150.0,4150.0,4150.0,600,0.0,0.0
2022-06-09 00:00:00+09:00,4190.0,4190.0,4105.0,4130.0,1200,0.0,0.0
2022-06-10 00:00:00+09:00,4130.0,4240.0,4130.0,4210.0,3000,0.0,0.0
2022-06-13 00:00:00+09:00,4005.0,4030.0,3940.0,3940.0,2100,0.0,0.0
2022-06-14 00:00:00+09:00,3910.0,3910.0,3890.0,3890.0,600,0.0,0.0
2022-06-15 00:00:00+09:00,3945.0,3945.0,3840.0,3840.0,800,0.0,0.0
2022-06-16 00:00:00+09:00,3895.0,3895.0,3810.0,3810.0,500,0.0,0.0
2022-06-17 00:00:00+09:00,3810.0,3810.0,3775.0,3775.0,400,0.0,0.0
2022-06-20 00:00:00+09:00,3775.0,3805.0,3755.0,3800.0,900,0.0,0.0
2022-06-21 00:00:00+09:00,3800.0,3810.0,3800.0,3800.0,400,0.0,0.0
2022-06-22 00:00:00+09:00,3800.0,3800.0,3800.0,3800.0,300,0.0,0.0
2022-06-23 00:00:00+09:00,3800.0,3855.0,3800.0,3810.0,1700,0.0,0.0
2022-06-24 00:00:00+09:00,3815.0,3855.0,3815.0,3840.0,300,0.0,0.0
2022-06-27 00:00:00+09:00,3875.0,3875.0,3800.0,3800.0,600,0.0,0.0
2022-06-28 00:00:00+09:00,3850.0,3850.0,3850.0,3850.0,100,0.0,0.0
2022-06-29 00:00:00+09:00,3845.0,3845.0,3845.0,3845.0,100,0.0,0.0
2022-06-30 00:00:00+09:00,3845.0,3845.0,3845.0,3845.0,100,0.0,0.0
2022-07-01 00:00:00+09:00,3855.0,3855.0,3815.0,3815.0,200,0.0,0.0
2022-07-04 00:00:00+09:00,3955.0,3955.0,3955.0,3955.0,100,0.0,0.0
2022-07-05 00:00:00+09:00,3820.0,3820.0,3820.0,3820.0,200,0.0,0.0
2022-07-06 00:00:00+09:00,3875.0,3875.0,3840.0,3840.0,300,0.0,0.0
2022-07-07 00:00:00+09:00,3840.0,3845.0,3840.0,3845.0,200,0.0,0.0
2022-07-08 00:00:00+09:00,3840.0,3840.0,3840.0,3840.0,100,0.0,0.0
2022-07-11 00:00:00+09:00,3840.0,3840.0,3840.0,3840.0,0,0.0,0.0
2022-07-12 00:00:00+09:00,3840.0,3840.0,3825.0,3825.0,300,0.0,0.0
2022-07-13 00:00:00+09:00,3840.0,3980.0,3840.0,3910.0,300,0.0,0.0
2022-07-14 00:00:00+09:00,3920.0,3920.0,3910.0,3910.0,300,0.0,0.0
2022-07-15 00:00:00+09:00,3910.0,3910.0,3870.0,3870.0,500,0.0,0.0
2022-07-19 00:00:00+09:00,3850.0,3855.0,3850.0,3855.0,300,0.0,0.0
2022-07-20 00:00:00+09:00,3995.0,4000.0,3980.0,3980.0,800,0.0,0.0
2022-07-21 00:00:00+09:00,3970.0,4060.0,3970.0,4060.0,800,0.0,0.0
2022-07-22 00:00:00+09:00,4060.0,4080.0,4060.0,4080.0,700,0.0,0.0
2022-07-25 00:00:00+09:00,4080.0,4080.0,4080.0,4080.0,300,0.0,0.0
2022-07-26 00:00:00+09:00,4150.0,4155.0,4110.0,4110.0,1400,0.0,0.0
2022-07-27 00:00:00+09:00,4180.0,4210.0,4180.0,4210.0,300,0.0,0.0
2022-07-28 00:00:00+09:00,4255.0,4255.0,4220.0,4235.0,700,0.0,0.0
2022-07-29 00:00:00+09:00,4305.0,4305.0,4305.0,4305.0,2600,0.0,0.0
2022-08-01 00:00:00+09:00,4295.0,4295.0,4255.0,4270.0,600,0.0,0.0
2022-08-02 00:00:00+09:00,4285.0,4285.0,4240.0,4250.0,300,0.0,0.0
2022-08-03 00:00:00+09:00,4320.0,4330.0,4320.0,4330.0,1400,0.0,0.0
2022-08-04 00:00:00+09:00,4225.0,4225.0,4225.0,4225.0,100,0.0,0.0
2022-08-05 00:00:00+09:00,4225.0,4225.0,4225.0,4225.0,0,0.0,0.0
2022-08-08 00:00:00+09:00,4225.0,4225.0,4225.0,4225.0,0,0.0,0.0
2022-08-09 00:00:00+09:00,4225.0,4225.0,4225.0,4225.0,0,0.0,0.0
2022-08-10 00:00:00+09:00,4225.0,4225.0,4220.0,4220.0,300,0.0,0.0
2022-08-12 00:00:00+09:00,4200.0,4200.0,4200.0,4200.0,600,0.0,0.0
2022-08-15 00:00:00+09:00,4270.0,4270.0,4270.0,4270.0,300,0.0,0.0
2022-08-16 00:00:00+09:00,4270.0,4270.0,4270.0,4270.0,0,0.0,0.0
2022-08-17 00:00:00+09:00,4270.0,4270.0,4270.0,4270.0,100,0.0,0.0
2022-08-18 00:00:00+09:00,4235.0,4305.0,4235.0,4305.0,300,0.0,0.0
2022-08-19 00:00:00+09:00,4235.0,4255.0,4235.0,4255.0,300,0.0,0.0
2022-08-22 00:00:00+09:00,4315.0,4315.0,4315.0,4315.0,500,0.0,0.0
2022-08-23 00:00:00+09:00,4315.0,4315.0,4315.0,4315.0,0,0.0,0.0
2022-08-24 00:00:00+09:00,4315.0,4315.0,4315.0,4315.0,200,0.0,0.0
2022-08-25 00:00:00+09:00,4315.0,4315.0,4315.0,4315.0,100,0.0,0.0
2022-08-26 00:00:00+09:00,4315.0,4315.0,4315.0,4315.0,0,0.0,0.0
2022-08-29 00:00:00+09:00,4310.0,4310.0,4310.0,4310.0,100,0.0,0.0
2022-08-30 00:00:00+09:00,4310.0,4310.0,4310.0,4310.0,0,0.0,0.0
2022-08-31 00:00:00+09:00,4310.0,4310.0,4310.0,4310.0,0,0.0,0.0
2022-09-01 00:00:00+09:00,4310.0,4310.0,4310.0,4310.0,0,0.0,0.0
2022-09-02 00:00:00+09:00,4310.0,4310.0,4310.0,4310.0,100,0.0,0.0
2022-09-05 00:00:00+09:00,4240.0,4245.0,4070.0,4110.0,3300,0.0,0.0
2022-09-06 00:00:00+09:00,4210.0,4250.0,4200.0,4250.0,1700,0.0,0.0
2022-09-07 00:00:00+09:00,4250.0,4250.0,4250.0,4250.0,0,0.0,0.0
2022-09-08 00:00:00+09:00,4250.0,4250.0,4250.0,4250.0,0,0.0,0.0
2022-09-09 00:00:00+09:00,4245.0,4245.0,4245.0,4245.0,100,0.0,0.0
2022-09-12 00:00:00+09:00,4105.0,4105.0,4075.0,4075.0,700,0.0,0.0
2022-09-13 00:00:00+09:00,4105.0,4105.0,4105.0,4105.0,200,0.0,0.0
2022-09-14 00:00:00+09:00,4100.0,4105.0,4100.0,4100.0,300,0.0,0.0
2022-09-15 00:00:00+09:00,4240.0,4240.0,4200.0,4200.0,500,0.0,0.0
2022-09-16 00:00:00+09:00,4195.0,4200.0,4195.0,4200.0,200,0.0,0.0
2022-09-20 00:00:00+09:00,4295.0,4295.0,4120.0,4120.0,600,0.0,0.0
2022-09-21 00:00:00+09:00,4135.0,4135.0,4135.0,4135.0,100,0.0,0.0
2022-09-22 00:00:00+09:00,4135.0,4135.0,4135.0,4135.0,1100,0.0,0.0
2022-09-26 00:00:00+09:00,4135.0,4135.0,4135.0,4135.0,0,0.0,0.0
2022-09-27 00:00:00+09:00,4075.0,4075.0,4075.0,4075.0,700,0.0,0.0
2022-09-28 00:00:00+09:00,4075.0,4075.0,4075.0,4075.0,300,0.0,0.0
2022-09-29 00:00:00+09:00,4075.0,4075.0,4075.0,4075.0,0,0.0,0.0
2022-09-30 00:00:00+09:00,4075.0,4075.0,4075.0,4075.0,0,0.0,0.0
2022-10-03 00:00:00+09:00,4020.0,4020.0,3970.0,3970.0,200,0.0,0.0
2022-10-04 00:00:00+09:00,3970.0,3985.0,3970.0,3970.0,1000,0.0,0.0
2022-10-05 00:00:00+09:00,3970.0,3980.0,3970.0,3980.0,1200,0.0,0.0
2022-10-06 00:00:00+09:00,4310.0,4310.0,4125.0,4285.0,1700,0.0,0.0
2022-10-07 00:00:00+09:00,4285.0,4285.0,4285.0,4285.0,200,0.0,0.0
2022-10-11 00:00:00+09:00,4285.0,4285.0,4285.0,4285.0,0,0.0,0.0
2022-10-12 00:00:00+09:00,4100.0,4100.0,4005.0,4005.0,700,0.0,0.0
2022-10-13 00:00:00+09:00,4005.0,4005.0,4005.0,4005.0,200,0.0,0.0
2022-10-14 00:00:00+09:00,4010.0,4010.0,3985.0,3985.0,600,0.0,0.0
2022-10-17 00:00:00+09:00,4125.0,4125.0,4125.0,4125.0,300,0.0,0.0
2022-10-18 00:00:00+09:00,3995.0,4025.0,3965.0,3965.0,2000,0.0,0.0
2022-10-19 00:00:00+09:00,3965.0,3975.0,3965.0,3975.0,200,0.0,0.0
2022-10-20 00:00:00+09:00,4010.0,4010.0,4010.0,4010.0,300,0.0,0.0
2022-10-21 00:00:00+09:00,3980.0,3980.0,3980.0,3980.0,100,0.0,0.0
2022-10-24 00:00:00+09:00,3980.0,3980.0,3980.0,3980.0,100,0.0,0.0
2022-10-25 00:00:00+09:00,3980.0,3980.0,3980.0,3980.0,100,0.0,0.0
2022-10-26 00:00:00+09:00,3980.0,3980.0,3980.0,3980.0,0,0.0,0.0
2022-10-27 00:00:00+09:00,3980.0,3980.0,3980.0,3980.0,0,0.0,0.0
2022-10-28 00:00:00+09:00,4010.0,4020.0,4010.0,4020.0,700,0.0,0.0
2022-10-31 00:00:00+09:00,4020.0,4020.0,4020.0,4020.0,0,0.0,0.0
2022-11-01 00:00:00+09:00,4020.0,4020.0,3990.0,3990.0,300,0.0,0.0
2022-11-02 00:00:00+09:00,3995.0,4000.0,3965.0,4000.0,700,0.0,0.0
2022-11-04 00:00:00+09:00,3970.0,3970.0,3965.0,3965.0,300,0.0,0.0
2022-11-07 00:00:00+09:00,3965.0,4025.0,3955.0,3955.0,1000,0.0,0.0
2022-11-08 00:00:00+09:00,3965.0,4025.0,3965.0,4025.0,300,0.0,0.0
2022-11-09 00:00:00+09:00,4025.0,4025.0,4025.0,4025.0,0,0.0,0.0
2022-11-10 00:00:00+09:00,3980.0,3980.0,3980.0,3980.0,300,0.0,0.0
2022-11-11 00:00:00+09:00,3980.0,3980.0,3980.0,3980.0,100,0.0,0.0
2022-11-14 00:00:00+09:00,3980.0,3985.0,3980.0,3985.0,200,0.0,0.0
2022-11-15 00:00:00+09:00,3995.0,3995.0,3975.0,3975.0,500,0.0,0.0
2022-11-16 00:00:00+09:00,3975.0,3975.0,3975.0,3975.0,0,0.0,0.0
2022-11-17 00:00:00+09:00,3970.0,3975.0,3970.0,3975.0,600,0.0,0.0
2022-11-18 00:00:00+09:00,3975.0,3980.0,3975.0,3980.0,200,0.0,0.0
2022-11-21 00:00:00+09:00,4020.0,4020.0,3980.0,3980.0,600,0.0,0.0
2022-11-22 00:00:00+09:00,3985.0,3985.0,3985.0,3985.0,200,0.0,0.0
2022-11-24 00:00:00+09:00,3985.0,3985.0,3985.0,3985.0,100,0.0,0.0
2022-11-25 00:00:00+09:00,4050.0,4050.0,4050.0,4050.0,100,0.0,0.0
2022-11-28 00:00:00+09:00,4020.0,4020.0,4020.0,4020.0,300,0.0,0.0
2022-11-29 00:00:00+09:00,4020.0,4020.0,4020.0,4020.0,0,0.0,0.0
2022-11-30 00:00:00+09:00,4020.0,4020.0,4020.0,4020.0,0,0.0,0.0
2022-12-01 00:00:00+09:00,3985.0,3985.0,3985.0,3985.0,300,0.0,0.0
2022-12-02 00:00:00+09:00,3990.0,3995.0,3990.0,3995.0,200,0.0,0.0
2022-12-05 00:00:00+09:00,3930.0,3930.0,3930.0,3930.0,600,0.0,0.0
2022-12-06 00:00:00+09:00,3920.0,3920.0,3920.0,3920.0,200,0.0,0.0
2022-12-07 00:00:00+09:00,3920.0,3920.0,3920.0,3920.0,200,0.0,0.0
2022-12-08 00:00:00+09:00,3920.0,3920.0,3920.0,3920.0,100,0.0,0.0
2022-12-09 00:00:00+09:00,3920.0,3950.0,3920.0,3950.0,300,0.0,0.0
2022-12-12 00:00:00+09:00,3950.0,3950.0,3905.0,3905.0,200,0.0,0.0
2022-12-13 00:00:00+09:00,3905.0,3915.0,3845.0,3845.0,1600,0.0,0.0
2022-12-14 00:00:00+09:00,3855.0,3960.0,3855.0,3960.0,2300,0.0,0.0
2022-12-15 00:00:00+09:00,3975.0,3975.0,3975.0,3975.0,500,0.0,0.0
2022-12-16 00:00:00+09:00,3945.0,3945.0,3910.0,3910.0,600,0.0,0.0
2022-12-19 00:00:00+09:00,3915.0,3915.0,3910.0,3910.0,200,0.0,0.0
2022-12-20 00:00:00+09:00,3980.0,3980.0,3910.0,3910.0,1600,0.0,0.0
2022-12-21 00:00:00+09:00,3910.0,3910.0,3910.0,3910.0,0,0.0,0.0
2022-12-22 00:00:00+09:00,3915.0,3915.0,3915.0,3915.0,100,0.0,0.0
2022-12-23 00:00:00+09:00,3950.0,3950.0,3950.0,3950.0,100,0.0,0.0
2022-12-26 00:00:00+09:00,4020.0,4020.0,4020.0,4020.0,700,0.0,0.0
2022-12-27 00:00:00+09:00,3950.0,3950.0,3950.0,3950.0,200,0.0,0.0
2022-12-28 00:00:00+09:00,4000.0,4000.0,3930.0,3930.0,200,0.0,0.0
2022-12-29 00:00:00+09:00,3880.0,3890.0,3880.0,3890.0,1000,0.0,0.0
2022-12-30 00:00:00+09:00,3890.0,3915.0,3890.0,3915.0,200,0.0,0.0
2023-01-04 00:00:00+09:00,3915.0,3990.0,3915.0,3990.0,3100,0.0,0.0
2023-01-05 00:00:00+09:00,4020.0,4020.0,4015.0,4020.0,400,0.0,0.0
2023-01-06 00:00:00+09:00,3925.0,3925.0,3915.0,3920.0,800,0.0,0.0
2023-01-10 00:00:00+09:00,3925.0,3925.0,3915.0,3915.0,500,0.0,0.0
2023-01-11 00:00:00+09:00,3915.0,3915.0,3915.0,3915.0,200,0.0,0.0
2023-01-12 00:00:00+09:00,3915.0,3950.0,3915.0,3950.0,300,0.0,0.0
2023-01-13 00:00:00+09:00,3955.0,3955.0,3950.0,3950.0,1200,0.0,0.0
2023-01-16 00:00:00+09:00,4020.0,4020.0,4015.0,4015.0,400,0.0,0.0
2023-01-17 00:00:00+09:00,3970.0,3975.0,3970.0,3975.0,200,0.0,0.0
2023-01-18 00:00:00+09:00,3975.0,3980.0,3975.0,3980.0,200,0.0,0.0
2023-01-19 00:00:00+09:00,4000.0,4015.0,4000.0,4015.0,300,0.0,0.0
2023-01-20 00:00:00+09:00,4075.0,4075.0,4075.0,4075.0,400,0.0,0.0
2023-01-23 00:00:00+09:00,4075.0,4075.0,4075.0,4075.0,0,0.0,0.0
2023-01-24 00:00:00+09:00,4075.0,4080.0,4075.0,4080.0,600,0.0,0.0
2023-01-25 00:00:00+09:00,4080.0,4080.0,4080.0,4080.0,100,0.0,0.0
2023-01-26 00:00:00+09:00,4080.0,4080.0,4080.0,4080.0,0,0.0,0.0
2023-01-27 00:00:00+09:00,4085.0,4085.0,4085.0,4085.0,100,0.0,0.0
2023-01-30 00:00:00+09:00,4085.0,4090.0,4085.0,4090.0,200,0.0,0.0
2023-01-31 00:00:00+09:00,4100.0,4115.0,4070.0,4070.0,1900,0.0,0.0
2023-02-01 00:00:00+09:00,4080.0,4120.0,4080.0,4120.0,400,0.0,0.0
2023-02-02 00:00:00+09:00,3955.0,4015.0,3950.0,3995.0,7400,0.0,0.0
2023-02-03 00:00:00+09:00,3995.0,3995.0,3900.0,3940.0,500,0.0,0.0
2023-02-06 00:00:00+09:00,3950.0,3975.0,3950.0,3975.0,300,0.0,0.0
2023-02-07 00:00:00+09:00,3975.0,3975.0,3975.0,3975.0,0,0.0,0.0
2023-02-08 00:00:00+09:00,3975.0,3990.0,3975.0,3975.0,500,0.0,0.0
2023-02-09 00:00:00+09:00,3985.0,3985.0,3985.0,3985.0,100,0.0,0.0
2023-02-10 00:00:00+09:00,3975.0,4000.0,3975.0,3985.0,600,0.0,0.0
2023-02-13 00:00:00+09:00,4005.0,4005.0,4005.0,4005.0,400,0.0,0.0
2023-02-14 00:00:00+09:00,4005.0,4010.0,4005.0,4010.0,300,0.0,0.0
2023-02-15 00:00:00+09:00,4045.0,4045.0,4045.0,4045.0,500,0.0,0.0
2023-02-16 00:00:00+09:00,4045.0,4045.0,4045.0,4045.0,0,0.0,0.0
2023-02-17 00:00:00+09:00,4045.0,4045.0,4045.0,4045.0,200,0.0,0.0
2023-02-20 00:00:00+09:00,4150.0,4150.0,4045.0,4045.0,1100,0.0,0.0
2023-02-21 00:00:00+09:00,4050.0,4050.0,4050.0,4050.0,200,0.0,0.0
2023-02-22 00:00:00+09:00,4050.0,4145.0,4050.0,4145.0,1200,0.0,0.0
2023-02-24 00:00:00+09:00,4100.0,4100.0,4055.0,4055.0,200,0.0,0.0
2023-02-27 00:00:00+09:00,4075.0,4110.0,4075.0,4110.0,400,0.0,0.0
2023-02-28 00:00:00+09:00,4110.0,4110.0,4110.0,4110.0,200,0.0,0.0
2023-03-01 00:00:00+09:00,4165.0,4170.0,4100.0,4115.0,700,0.0,0.0
2023-03-02 00:00:00+09:00,4150.0,4165.0,4130.0,4130.0,800,0.0,0.0
2023-03-03 00:00:00+09:00,4130.0,4140.0,4125.0,4140.0,1400,0.0,0.0
2023-03-06 00:00:00+09:00,4170.0,4185.0,4170.0,4185.0,1200,0.0,0.0
2023-03-07 00:00:00+09:00,4175.0,4175.0,4175.0,4175.0,100,0.0,0.0
2023-03-08 00:00:00+09:00,4175.0,4175.0,4175.0,4175.0,300,0.0,0.0
2023-03-09 00:00:00+09:00,4175.0,4175.0,4165.0,4175.0,400,0.0,0.0
2023-03-10 00:00:00+09:00,4115.0,4175.0,4115.0,4175.0,200,0.0,0.0
2023-03-13 00:00:00+09:00,4175.0,4175.0,4135.0,4135.0,400,0.0,0.0
2023-03-14 00:00:00+09:00,4150.0,4195.0,4055.0,4195.0,1600,0.0,0.0
2023-03-15 00:00:00+09:00,4200.0,4200.0,4100.0,4100.0,700,0.0,0.0
2023-03-16 00:00:00+09:00,4030.0,4065.0,4030.0,4065.0,300,0.0,0.0
2023-03-17 00:00:00+09:00,4065.0,4065.0,4065.0,4065.0,200,0.0,0.0
2023-03-20 00:00:00+09:00,4065.0,4080.0,4045.0,4060.0,1600,0.0,0.0
2023-03-22 00:00:00+09:00,4060.0,4180.0,4055.0,4100.0,500,0.0,0.0
2023-03-23 00:00:00+09:00,4095.0,4100.0,4095.0,4100.0,300,0.0,0.0
2023-03-24 00:00:00+09:00,4060.0,4060.0,4060.0,4060.0,100,0.0,0.0
2023-03-27 00:00:00+09:00,4060.0,4065.0,4025.0,4065.0,2400,0.0,0.0
2023-03-28 00:00:00+09:00,4040.0,4040.0,4040.0,4040.0,200,0.0,0.0
2023-03-29 00:00:00+09:00,4045.0,4120.0,4045.0,4115.0,1100,0.0,0.0
2023-03-30 00:00:00+09:00,4120.0,4200.0,4120.0,4200.0,2500,0.0,0.0
2023-03-31 00:00:00+09:00,4205.0,4205.0,4140.0,4205.0,1100,0.0,0.0
2023-04-03 00:00:00+09:00,4215.0,4235.0,4195.0,4200.0,1900,0.0,0.0
2023-04-04 00:00:00+09:00,4205.0,4300.0,4200.0,4300.0,2200,0.0,0.0
2023-04-05 00:00:00+09:00,4305.0,4305.0,4195.0,4230.0,2200,0.0,0.0
2023-04-06 00:00:00+09:00,4285.0,4285.0,4215.0,4225.0,500,0.0,0.0
2023-04-07 00:00:00+09:00,4280.0,4280.0,4270.0,4270.0,300,0.0,0.0
2023-04-10 00:00:00+09:00,4255.0,4275.0,4240.0,4270.0,800,0.0,0.0
2023-04-11 00:00:00+09:00,4230.0,4270.0,4230.0,4270.0,500,0.0,0.0
2023-04-12 00:00:00+09:00,4245.0,4255.0,4240.0,4255.0,1200,0.0,0.0
2023-04-13 00:00:00+09:00,4255.0,4265.0,4235.0,4265.0,1500,0.0,0.0
2023-04-14 00:00:00+09:00,4265.0,4305.0,4250.0,4250.0,1200,0.0,0.0
2023-04-17 00:00:00+09:00,4310.0,4375.0,4270.0,4375.0,1900,0.0,0.0
2023-04-18 00:00:00+09:00,4335.0,4420.0,4335.0,4420.0,1200,0.0,0.0
2023-04-19 00:00:00+09:00,4420.0,4450.0,4380.0,4440.0,1400,0.0,0.0
2023-04-20 00:00:00+09:00,4440.0,4450.0,4420.0,4450.0,1200,0.0,0.0
2023-04-21 00:00:00+09:00,4405.0,4460.0,4400.0,4405.0,700,0.0,0.0
2023-04-24 00:00:00+09:00,4430.0,4440.0,4405.0,4425.0,1700,0.0,0.0
2023-04-25 00:00:00+09:00,4430.0,4465.0,4425.0,4440.0,1700,0.0,0.0
2023-04-26 00:00:00+09:00,4510.0,4510.0,4435.0,4505.0,2500,0.0,0.0
2023-04-27 00:00:00+09:00,4355.0,4430.0,4290.0,4290.0,4200,0.0,0.0
2023-04-28 00:00:00+09:00,4220.0,4290.0,4200.0,4260.0,1400,0.0,0.0
2023-05-01 00:00:00+09:00,4260.0,4260.0,4155.0,4155.0,600,0.0,0.0
2023-05-02 00:00:00+09:00,4275.0,4275.0,4160.0,4205.0,800,0.0,0.0
2023-05-08 00:00:00+09:00,4205.0,4215.0,4205.0,4215.0,300,0.0,0.0
2023-05-09 00:00:00+09:00,4160.0,4160.0,4115.0,4150.0,400,0.0,0.0
2023-05-10 00:00:00+09:00,4185.0,4215.0,4185.0,4215.0,300,0.0,0.0
2023-05-11 00:00:00+09:00,4210.0,4215.0,4210.0,4210.0,300,0.0,0.0
2023-05-12 00:00:00+09:00,4215.0,4215.0,4190.0,4190.0,500,0.0,0.0
2023-05-15 00:00:00+09:00,4180.0,4180.0,4025.0,4085.0,3600,0.0,0.0
2023-05-16 00:00:00+09:00,4125.0,4125.0,4030.0,4065.0,1300,0.0,0.0
2023-05-17 00:00:00+09:00,4040.0,4060.0,4030.0,4030.0,1300,0.0,0.0
2023-05-18 00:00:00+09:00,4040.0,4045.0,4035.0,4045.0,700,0.0,0.0
2023-05-19 00:00:00+09:00,4035.0,4075.0,4025.0,4075.0,5100,0.0,0.0
2023-05-22 00:00:00+09:00,4075.0,4095.0,4070.0,4080.0,1700,0.0,0.0
2023-05-23 00:00:00+09:00,4045.0,4085.0,4040.0,4065.0,3200,0.0,0.0
2023-05-24 00:00:00+09:00,4065.0,4065.0,4015.0,4035.0,1100,0.0,0.0
2023-05-25 00:00:00+09:00,4025.0,4030.0,4015.0,4015.0,600,0.0,0.0
2023-05-26 00:00:00+09:00,4055.0,4055.0,3995.0,4055.0,1800,0.0,0.0
2023-05-29 00:00:00+09:00,4020.0,4060.0,4020.0,4060.0,500,0.0,0.0
2023-05-30 00:00:00+09:00,4050.0,4080.0,4045.0,4080.0,1400,0.0,0.0
2023-05-31 00:00:00+09:00,4080.0,4080.0,4075.0,4075.0,700,0.0,0.0
2023-06-01 00:00:00+09:00,4075.0,4075.0,4035.0,4050.0,1800,0.0,0.0
2023-06-02 00:00:00+09:00,4050.0,4080.0,4035.0,4080.0,900,0.0,0.0
2023-06-05 00:00:00+09:00,4050.0,4090.0,4050.0,4090.0,1300,0.0,0.0
2023-06-06 00:00:00+09:00,4085.0,4085.0,4060.0,4060.0,1000,0.0,0.0
2023-06-07 00:00:00+09:00,4075.0,4095.0,4070.0,4095.0,300,0.0,0.0
2023-06-08 00:00:00+09:00,4100.0,4100.0,4060.0,4070.0,1000,0.0,0.0
2023-06-09 00:00:00+09:00,4140.0,4200.0,4115.0,4140.0,4600,0.0,0.0
2023-06-12 00:00:00+09:00,4140.0,4140.0,4030.0,4100.0,3600,0.0,0.0
2023-06-13 00:00:00+09:00,4090.0,4090.0,4050.0,4050.0,500,0.0,0.0
2023-06-14 00:00:00+09:00,4090.0,4090.0,4045.0,4045.0,1700,0.0,0.0
2023-06-15 00:00:00+09:00,4055.0,4055.0,4035.0,4040.0,2400,0.0,0.0
2023-06-16 00:00:00+09:00,4040.0,4050.0,4030.0,4050.0,3900,0.0,0.0
2023-06-19 00:00:00+09:00,4055.0,4055.0,4035.0,4035.0,1200,0.0,0.0
2023-06-20 00:00:00+09:00,4030.0,4030.0,4020.0,4020.0,1800,0.0,0.0
2023-06-21 00:00:00+09:00,4025.0,4050.0,4025.0,4050.0,200,0.0,0.0
2023-06-22 00:00:00+09:00,4070.0,4075.0,4035.0,4035.0,1500,0.0,0.0
2023-06-23 00:00:00+09:00,4050.0,4060.0,4035.0,4035.0,900,0.0,0.0
2023-06-26 00:00:00+09:00,4040.0,4065.0,4035.0,4050.0,1100,0.0,0.0
2023-06-27 00:00:00+09:00,4100.0,4100.0,4035.0,4035.0,3600,0.0,0.0
2023-06-28 00:00:00+09:00,4045.0,4060.0,4035.0,4060.0,1200,0.0,0.0
2023-06-29 00:00:00+09:00,4045.0,4050.0,4035.0,4035.0,1300,0.0,0.0
2023-06-30 00:00:00+09:00,4030.0,4050.0,4020.0,4045.0,2900,0.0,0.0
2023-07-03 00:00:00+09:00,4050.0,4095.0,4050.0,4080.0,2100,0.0,0.0
2023-07-04 00:00:00+09:00,4080.0,4095.0,4060.0,4060.0,1300,0.0,0.0
2023-07-05 00:00:00+09:00,4060.0,4085.0,4060.0,4065.0,700,0.0,0.0
2023-07-06 00:00:00+09:00,4060.0,4060.0,4055.0,4055.0,400,0.0,0.0
2023-07-07 00:00:00+09:00,4050.0,4050.0,4000.0,4020.0,3600,0.0,0.0
2023-07-10 00:00:00+09:00,4020.0,4040.0,4005.0,4020.0,1200,0.0,0.0
2023-07-11 00:00:00+09:00,4025.0,4025.0,4015.0,4015.0,400,0.0,0.0
2023-07-12 00:00:00+09:00,4025.0,4040.0,4025.0,4025.0,700,0.0,0.0
2023-07-13 00:00:00+09:00,4025.0,4025.0,4020.0,4020.0,800,0.0,0.0
2023-07-14 00:00:00+09:00,4015.0,4035.0,4000.0,4010.0,1400,0.0,0.0
2023-07-18 00:00:00+09:00,4020.0,4040.0,4010.0,4025.0,1800,0.0,0.0
2023-07-19 00:00:00+09:00,4025.0,4045.0,4025.0,4045.0,800,0.0,0.0
2023-07-20 00:00:00+09:00,4050.0,4060.0,4045.0,4045.0,1300,0.0,0.0
2023-07-21 00:00:00+09:00,4045.0,4055.0,4045.0,4050.0,900,0.0,0.0
2023-07-24 00:00:00+09:00,4060.0,4070.0,4045.0,4045.0,900,0.0,0.0
2023-07-25 00:00:00+09:00,4040.0,4060.0,4035.0,4055.0,2400,0.0,0.0
2023-07-26 00:00:00+09:00,4100.0,4170.0,4100.0,4155.0,8400,0.0,0.0
2023-07-27 00:00:00+09:00,4100.0,4140.0,4095.0,4110.0,10900,0.0,0.0
2023-07-28 00:00:00+09:00,4180.0,4180.0,4110.0,4110.0,3600,0.0,0.0
2023-07-31 00:00:00+09:00,4120.0,4180.0,4120.0,4150.0,3600,0.0,0.0
2023-08-01 00:00:00+09:00,4155.0,4155.0,4140.0,4140.0,1200,0.0,0.0
2023-08-02 00:00:00+09:00,4130.0,4170.0,4125.0,4130.0,2500,0.0,0.0
2023-08-03 00:00:00+09:00,4130.0,4160.0,4120.0,4125.0,2000,0.0,0.0
2023-08-04 00:00:00+09:00,4110.0,4180.0,4110.0,4125.0,900,0.0,0.0
2023-08-07 00:00:00+09:00,4125.0,4135.0,4090.0,4090.0,2500,0.0,0.0
2023-08-08 00:00:00+09:00,4100.0,4115.0,4075.0,4075.0,1900,0.0,0.0
2023-08-09 00:00:00+09:00,4075.0,4145.0,4075.0,4100.0,1900,0.0,0.0
2023-08-10 00:00:00+09:00,4100.0,4145.0,4100.0,4105.0,1500,0.0,0.0
2023-08-14 00:00:00+09:00,4105.0,4130.0,4105.0,4125.0,3700,0.0,0.0
2023-08-15 00:00:00+09:00,4125.0,4195.0,4125.0,4165.0,3800,0.0,0.0
2023-08-16 00:00:00+09:00,4165.0,4165.0,4125.0,4140.0,1000,0.0,0.0
2023-08-17 00:00:00+09:00,4135.0,4135.0,4100.0,4105.0,5300,0.0,0.0
2023-08-18 00:00:00+09:00,4105.0,4105.0,4070.0,4105.0,4100,0.0,0.0
2023-08-21 00:00:00+09:00,4105.0,4140.0,4065.0,4120.0,10300,0.0,0.0
2023-08-22 00:00:00+09:00,4185.0,4185.0,4150.0,4185.0,1400,0.0,0.0
2023-08-23 00:00:00+09:00,4185.0,4190.0,4165.0,4165.0,1300,0.0,0.0
2023-08-24 00:00:00+09:00,4135.0,4150.0,4120.0,4120.0,900,0.0,0.0
2023-08-25 00:00:00+09:00,4120.0,4140.0,4120.0,4140.0,2400,0.0,0.0
2023-08-28 00:00:00+09:00,4145.0,4230.0,4145.0,4215.0,7100,0.0,0.0
2023-08-29 00:00:00+09:00,4170.0,4220.0,4170.0,4220.0,3300,0.0,0.0
2023-08-30 00:00:00+09:00,4225.0,4230.0,4185.0,4230.0,1300,0.0,0.0
2023-08-31 00:00:00+09:00,4180.0,4220.0,4180.0,4200.0,1500,0.0,0.0
2023-09-01 00:00:00+09:00,4200.0,4240.0,4195.0,4205.0,1400,0.0,0.0
2023-09-04 00:00:00+09:00,4295.0,4295.0,4215.0,4290.0,3900,0.0,0.0
2023-09-05 00:00:00+09:00,4255.0,4275.0,4235.0,4260.0,3400,0.0,0.0
2023-09-06 00:00:00+09:00,4260.0,4350.0,4260.0,4325.0,7300,0.0,0.0
2023-09-07 00:00:00+09:00,4350.0,4475.0,4350.0,4435.0,11000,0.0,0.0
2023-09-08 00:00:00+09:00,4500.0,4500.0,4425.0,4430.0,4700,0.0,0.0
2023-09-11 00:00:00+09:00,4500.0,4515.0,4395.0,4515.0,11300,0.0,0.0
2023-09-12 00:00:00+09:00,4515.0,4545.0,4420.0,4545.0,5100,0.0,0.0
2023-09-13 00:00:00+09:00,4475.0,4480.0,4450.0,4480.0,1500,0.0,0.0
2023-09-14 00:00:00+09:00,4550.0,4610.0,4505.0,4610.0,3700,0.0,0.0
2023-09-15 00:00:00+09:00,4675.0,4865.0,4650.0,4865.0,4200,0.0,0.0
2023-09-19 00:00:00+09:00,4855.0,4865.0,4800.0,4800.0,1100,0.0,0.0
2023-09-20 00:00:00+09:00,4870.0,4875.0,4765.0,4850.0,2500,0.0,0.0
2023-09-21 00:00:00+09:00,4850.0,4850.0,4775.0,4775.0,1800,0.0,0.0
2023-09-22 00:00:00+09:00,4750.0,4835.0,4750.0,4820.0,1200,0.0,0.0
2023-09-25 00:00:00+09:00,4755.0,4780.0,4690.0,4690.0,1500,0.0,0.0
2023-09-26 00:00:00+09:00,4690.0,4750.0,4665.0,4690.0,1500,0.0,0.0
2023-09-27 00:00:00+09:00,4660.0,4730.0,4660.0,4680.0,1000,0.0,0.0
2023-09-28 00:00:00+09:00,4655.0,4730.0,4650.0,4705.0,1000,0.0,0.0
2023-09-29 00:00:00+09:00,4710.0,4730.0,4625.0,4625.0,1200,0.0,0.0
2023-10-02 00:00:00+09:00,4625.0,4780.0,4625.0,4780.0,400,0.0,0.0
2023-10-03 00:00:00+09:00,4755.0,4755.0,4650.0,4745.0,2400,0.0,0.0
2023-10-04 00:00:00+09:00,4610.0,4720.0,4500.0,4645.0,3400,0.0,0.0
2023-10-05 00:00:00+09:00,4575.0,4585.0,4515.0,4585.0,500,0.0,0.0
2023-10-06 00:00:00+09:00,4585.0,4600.0,4585.0,4600.0,400,0.0,0.0
2023-10-10 00:00:00+09:00,4605.0,4655.0,4605.0,4655.0,600,0.0,0.0
2023-10-11 00:00:00+09:00,4610.0,4685.0,4610.0,4655.0,500,0.0,0.0
2023-10-12 00:00:00+09:00,4620.0,4670.0,4620.0,4655.0,700,0.0,0.0
2023-10-13 00:00:00+09:00,4640.0,4675.0,4640.0,4670.0,700,0.0,0.0
2023-10-16 00:00:00+09:00,4670.0,4670.0,4655.0,4665.0,800,0.0,0.0
2023-10-17 00:00:00+09:00,4735.0,4735.0,4685.0,4685.0,800,0.0,0.0
2023-10-18 00:00:00+09:00,4690.0,4705.0,4690.0,4705.0,400,0.0,0.0
2023-10-19 00:00:00+09:00,4705.0,4705.0,4685.0,4705.0,600,0.0,0.0
2023-10-20 00:00:00+09:00,4725.0,4725.0,4725.0,4725.0,700,0.0,0.0
2023-10-23 00:00:00+09:00,4720.0,4720.0,4630.0,4700.0,1700,0.0,0.0
2023-10-24 00:00:00+09:00,4700.0,4715.0,4630.0,4715.0,2100,0.0,0.0
2023-10-25 00:00:00+09:00,4645.0,4720.0,4645.0,4720.0,900,0.0,0.0
2023-10-26 00:00:00+09:00,4675.0,4705.0,4675.0,4700.0,500,0.0,0.0
2023-10-27 00:00:00+09:00,4710.0,4720.0,4685.0,4685.0,1200,0.0,0.0
2023-10-30 00:00:00+09:00,4640.0,4640.0,4545.0,4580.0,1100,0.0,0.0
2023-10-31 00:00:00+09:00,4470.0,4510.0,4470.0,4510.0,1200,0.0,0.0
2023-11-01 00:00:00+09:00,4440.0,4465.0,4430.0,4460.0,800,0.0,0.0
2023-11-02 00:00:00+09:00,4490.0,4490.0,4415.0,4430.0,800,0.0,0.0
2023-11-06 00:00:00+09:00,4440.0,4465.0,4380.0,4380.0,2900,0.0,0.0
2023-11-07 00:00:00+09:00,4410.0,4430.0,4395.0,4425.0,1100,0.0,0.0
2023-11-08 00:00:00+09:00,4390.0,4410.0,4385.0,4400.0,1200,0.0,0.0
2023-11-09 00:00:00+09:00,4405.0,4405.0,4385.0,4385.0,300,0.0,0.0
2023-11-10 00:00:00+09:00,4430.0,4445.0,4395.0,4415.0,1500,0.0,0.0
2023-11-13 00:00:00+09:00,4430.0,4570.0,4420.0,4500.0,2500,0.0,0.0
2023-11-14 00:00:00+09:00,4530.0,4560.0,4530.0,4560.0,500,0.0,0.0
2023-11-15 00:00:00+09:00,4585.0,4600.0,4550.0,4550.0,1000,0.0,0.0
2023-11-16 00:00:00+09:00,4550.0,4550.0,4480.0,4520.0,700,0.0,0.0
2023-11-17 00:00:00+09:00,4545.0,4545.0,4510.0,4535.0,700,0.0,0.0
2023-11-20 00:00:00+09:00,4605.0,4605.0,4505.0,4505.0,1600,0.0,0.0
2023-11-21 00:00:00+09:00,4500.0,4535.0,4480.0,4510.0,700,0.0,0.0
2023-11-22 00:00:00+09:00,4555.0,4555.0,4500.0,4545.0,2600,0.0,0.0
2023-11-24 00:00:00+09:00,4525.0,4585.0,4525.0,4585.0,1200,0.0,0.0
2023-11-27 00:00:00+09:00,4610.0,4620.0,4545.0,4620.0,1000,0.0,0.0
2023-11-28 00:00:00+09:00,4680.0,4680.0,4680.0,4680.0,200,0.0,0.0
2023-11-29 00:00:00+09:00,4660.0,4660.0,4555.0,4640.0,1700,0.0,0.0
2023-11-30 00:00:00+09:00,4665.0,4665.0,4590.0,4665.0,1600,0.0,0.0
2023-12-01 00:00:00+09:00,4600.0,4640.0,4600.0,4620.0,1200,0.0,0.0
2023-12-04 00:00:00+09:00,4660.0,4680.0,4605.0,4680.0,1300,0.0,0.0
2023-12-05 00:00:00+09:00,4680.0,4680.0,4620.0,4655.0,2100,0.0,0.0
2023-12-06 00:00:00+09:00,4650.0,4800.0,4630.0,4770.0,2600,0.0,0.0
2023-12-07 00:00:00+09:00,4750.0,4795.0,4735.0,4735.0,900,0.0,0.0
2023-12-08 00:00:00+09:00,4665.0,4740.0,4625.0,4740.0,2200,0.0,0.0
2023-12-11 00:00:00+09:00,4870.0,4870.0,4715.0,4725.0,9900,0.0,0.0
2023-12-12 00:00:00+09:00,4790.0,4790.0,4745.0,4760.0,3300,0.0,0.0
2023-12-13 00:00:00+09:00,4745.0,4775.0,4735.0,4735.0,1100,0.0,0.0
2023-12-14 00:00:00+09:00,4740.0,4740.0,4645.0,4670.0,2000,0.0,0.0
2023-12-15 00:00:00+09:00,4700.0,4720.0,4650.0,4700.0,2300,0.0,0.0
2023-12-18 00:00:00+09:00,4700.0,4715.0,4660.0,4685.0,2300,0.0,0.0
2023-12-19 00:00:00+09:00,4685.0,4710.0,4680.0,4710.0,2100,0.0,0.0
2023-12-20 00:00:00+09:00,4710.0,4710.0,4700.0,4700.0,1700,0.0,0.0
2023-12-21 00:00:00+09:00,4705.0,4735.0,4700.0,4705.0,900,0.0,0.0
2023-12-22 00:00:00+09:00,4755.0,4800.0,4755.0,4800.0,1200,0.0,0.0
2023-12-25 00:00:00+09:00,4800.0,4800.0,4730.0,4730.0,1800,0.0,0.0
2023-12-26 00:00:00+09:00,4730.0,4755.0,4690.0,4695.0,2700,0.0,0.0
2023-12-27 00:00:00+09:00,4625.0,4715.0,4560.0,4675.0,8700,0.0,0.0
2023-12-28 00:00:00+09:00,4645.0,4675.0,4635.0,4665.0,1500,0.0,0.0
2023-12-29 00:00:00+09:00,4670.0,4740.0,4670.0,4695.0,900,0.0,0.0
2024-01-04 00:00:00+09:00,4675.0,4745.0,4675.0,4745.0,2400,0.0,0.0
2024-01-05 00:00:00+09:00,4780.0,4780.0,4740.0,4740.0,1600,0.0,0.0
2024-01-09 00:00:00+09:00,4775.0,4775.0,4735.0,4750.0,2900,0.0,0.0
2024-01-10 00:00:00+09:00,4780.0,4780.0,4770.0,4780.0,800,0.0,0.0
2024-01-11 00:00:00+09:00,4765.0,4830.0,4685.0,4830.0,5600,0.0,0.0
2024-01-12 00:00:00+09:00,4845.0,4895.0,4810.0,4860.0,2300,0.0,0.0
2024-01-15 00:00:00+09:00,4915.0,4915.0,4875.0,4875.0,1300,0.0,0.0
2024-01-16 00:00:00+09:00,4915.0,5000.0,4875.0,4935.0,1800,0.0,0.0
2024-01-17 00:00:00+09:00,4955.0,4980.0,4955.0,4980.0,400,0.0,0.0
2024-01-18 00:00:00+09:00,4980.0,5050.0,4980.0,5040.0,3200,0.0,0.0
2024-01-19 00:00:00+09:00,5030.0,5030.0,5020.0,5030.0,1400,0.0,0.0
2024-01-22 00:00:00+09:00,5030.0,5060.0,4965.0,5060.0,3800,0.0,0.0
2024-01-23 00:00:00+09:00,5130.0,5160.0,5030.0,5030.0,2200,0.0,0.0
2024-01-24 00:00:00+09:00,5070.0,5080.0,5060.0,5060.0,1000,0.0,0.0
2024-01-25 00:00:00+09:00,5070.0,5070.0,5070.0,5070.0,1300,0.0,0.0
2024-01-26 00:00:00+09:00,5100.0,5180.0,5070.0,5180.0,2500,0.0,0.0
2024-01-29 00:00:00+09:00,5110.0,5120.0,5010.0,5110.0,3100,0.0,0.0
2024-01-30 00:00:00+09:00,5050.0,5060.0,5030.0,5060.0,1300,0.0,0.0
2024-01-31 00:00:00+09:00,5120.0,5150.0,5120.0,5150.0,600,0.0,0.0
2024-02-01 00:00:00+09:00,5150.0,5150.0,5020.0,5050.0,2100,0.0,0.0
2024-02-02 00:00:00+09:00,5060.0,5180.0,5060.0,5120.0,1700,0.0,0.0
2024-02-05 00:00:00+09:00,5130.0,5210.0,5120.0,5210.0,1400,0.0,0.0
2024-02-06 00:00:00+09:00,5220.0,5490.0,5220.0,5490.0,2600,0.0,0.0
2024-02-07 00:00:00+09:00,5330.0,5430.0,5200.0,5350.0,4700,0.0,0.0
2024-02-08 00:00:00+09:00,5350.0,5350.0,5260.0,5320.0,2100,0.0,0.0
2024-02-09 00:00:00+09:00,5320.0,5450.0,5320.0,5450.0,1100,0.0,0.0
2024-02-13 00:00:00+09:00,5450.0,5700.0,5450.0,5700.0,4300,0.0,0.0
2024-02-14 00:00:00+09:00,5730.0,5960.0,5730.0,5920.0,4200,0.0,0.0
2024-02-15 00:00:00+09:00,5980.0,5980.0,5460.0,5500.0,7100,0.0,0.0
2024-02-16 00:00:00+09:00,5520.0,5520.0,4990.0,5260.0,16800,0.0,0.0
2024-02-19 00:00:00+09:00,5260.0,5480.0,5260.0,5480.0,3600,0.0,0.0
2024-02-20 00:00:00+09:00,5540.0,5540.0,5320.0,5410.0,2000,0.0,0.0
2024-02-21 00:00:00+09:00,5390.0,5480.0,5390.0,5480.0,1200,0.0,0.0
2024-02-22 00:00:00+09:00,5550.0,5640.0,5500.0,5600.0,2600,0.0,0.0
2024-02-26 00:00:00+09:00,5650.0,5730.0,5580.0,5730.0,5900,0.0,0.0
2024-02-27 00:00:00+09:00,5950.0,5950.0,5780.0,5810.0,5900,0.0,0.0
2024-02-28 00:00:00+09:00,5810.0,5880.0,5710.0,5810.0,2000,0.0,0.0
2024-02-29 00:00:00+09:00,5900.0,5900.0,5680.0,5680.0,2400,0.0,0.0
2024-03-01 00:00:00+09:00,5720.0,5720.0,5520.0,5610.0,2300,0.0,0.0
2024-03-04 00:00:00+09:00,5610.0,5660.0,5570.0,5660.0,1600,0.0,0.0
2024-03-05 00:00:00+09:00,5660.0,5660.0,5500.0,5620.0,3500,0.0,0.0
2024-03-06 00:00:00+09:00,5620.0,5650.0,5610.0,5620.0,1000,0.0,0.0
2024-03-07 00:00:00+09:00,5650.0,5770.0,5570.0,5580.0,2100,0.0,0.0
2024-03-08 00:00:00+09:00,5600.0,5600.0,5600.0,5600.0,100,0.0,0.0
2024-03-11 00:00:00+09:00,5640.0,5680.0,5530.0,5540.0,2300,0.0,0.0
2024-03-12 00:00:00+09:00,5500.0,5680.0,5500.0,5680.0,800,0.0,0.0
2024-03-13 00:00:00+09:00,5720.0,5720.0,5510.0,5510.0,1200,0.0,0.0
2024-03-14 00:00:00+09:00,5610.0,5680.0,5540.0,5650.0,1800,0.0,0.0
2024-03-15 00:00:00+09:00,5690.0,5880.0,5660.0,5720.0,6200,0.0,0.0
2024-03-18 00:00:00+09:00,5350.0,5510.0,5170.0,5510.0,26600,0.0,0.0
2024-03-19 00:00:00+09:00,5510.0,5530.0,5400.0,5470.0,7700,0.0,0.0
2024-03-21 00:00:00+09:00,5530.0,5650.0,5420.0,5650.0,7400,0.0,0.0
2024-03-22 00:00:00+09:00,5650.0,5690.0,5540.0,5590.0,5800,0.0,0.0
2024-03-25 00:00:00+09:00,5630.0,5630.0,5540.0,5570.0,2400,0.0,0.0
2024-03-26 00:00:00+09:00,5560.0,5600.0,5560.0,5560.0,1400,0.0,0.0
2024-03-27 00:00:00+09:00,5600.0,5690.0,5600.0,5690.0,2400,0.0,0.0
2024-03-28 00:00:00+09:00,5690.0,5850.0,5690.0,5850.0,4000,0.0,0.0
2024-03-29 00:00:00+09:00,5850.0,6050.0,5850.0,6050.0,2700,0.0,0.0
2024-04-01 00:00:00+09:00,6590.0,6600.0,6180.0,6280.0,5300,0.0,0.0
2024-04-02 00:00:00+09:00,6300.0,6300.0,5960.0,5960.0,3900,0.0,0.0
2024-04-03 00:00:00+09:00,5900.0,6190.0,5880.0,6190.0,3100,0.0,0.0
2024-04-04 00:00:00+09:00,6190.0,6300.0,6150.0,6300.0,2800,0.0,0.0
2024-04-05 00:00:00+09:00,6300.0,6300.0,5990.0,6110.0,4100,0.0,0.0
2024-04-08 00:00:00+09:00,6090.0,6100.0,6090.0,6100.0,500,0.0,0.0
2024-04-09 00:00:00+09:00,6280.0,6300.0,6180.0,6300.0,4700,0.0,0.0
2024-04-10 00:00:00+09:00,6290.0,6290.0,6210.0,6220.0,1000,0.0,0.0
2024-04-11 00:00:00+09:00,6220.0,6220.0,6210.0,6210.0,500,0.0,0.0
2024-04-12 00:00:00+09:00,6260.0,6310.0,6200.0,6280.0,1700,0.0,0.0
2024-04-15 00:00:00+09:00,6260.0,6260.0,6210.0,6260.0,2000,0.0,0.0
2024-04-16 00:00:00+09:00,6260.0,6260.0,6050.0,6050.0,3100,0.0,0.0
2024-04-17 00:00:00+09:00,6110.0,6170.0,6110.0,6170.0,300,0.0,0.0
2024-04-18 00:00:00+09:00,6070.0,6160.0,5850.0,6160.0,4300,0.0,0.0
2024-04-19 00:00:00+09:00,6160.0,6160.0,5960.0,6110.0,2800,0.0,0.0
2024-04-22 00:00:00+09:00,6120.0,6120.0,5990.0,5990.0,1700,0.0,0.0
2024-04-23 00:00:00+09:00,5990.0,6040.0,5980.0,6000.0,1700,0.0,0.0
2024-04-24 00:00:00+09:00,5990.0,6030.0,5970.0,6000.0,1700,0.0,0.0
2024-04-25 00:00:00+09:00,6000.0,6030.0,5980.0,5980.0,2500,0.0,0.0
2024-04-26 00:00:00+09:00,5750.0,6020.0,5590.0,6020.0,5600,0.0,0.0
2024-04-30 00:00:00+09:00,6200.0,6200.0,6010.0,6200.0,6700,0.0,0.0
2024-05-01 00:00:00+09:00,6190.0,6190.0,6010.0,6010.0,600,0.0,0.0
2024-05-02 00:00:00+09:00,6050.0,6050.0,5970.0,6040.0,1900,0.0,0.0
2024-05-07 00:00:00+09:00,6000.0,6140.0,5960.0,6080.0,2600,0.0,0.0
2024-05-08 00:00:00+09:00,5880.0,6040.0,5880.0,6010.0,300,0.0,0.0
2024-05-09 00:00:00+09:00,6030.0,6060.0,5960.0,5990.0,1200,0.0,0.0
2024-05-10 00:00:00+09:00,5990.0,6010.0,5980.0,5980.0,400,0.0,0.0
2024-05-13 00:00:00+09:00,5990.0,6020.0,5970.0,6020.0,600,0.0,0.0
2024-05-14 00:00:00+09:00,6050.0,6140.0,6010.0,6140.0,2400,0.0,0.0
2024-05-15 00:00:00+09:00,6140.0,6140.0,6000.0,6070.0,1600,0.0,0.0
2024-05-16 00:00:00+09:00,5980.0,5980.0,5890.0,5920.0,1400,0.0,0.0
2024-05-17 00:00:00+09:00,5880.0,5990.0,5830.0,5940.0,600,0.0,0.0
2024-05-20 00:00:00+09:00,5990.0,6080.0,5990.0,6050.0,3500,0.0,0.0
2024-05-21 00:00:00+09:00,5990.0,5990.0,5890.0,5950.0,2500,0.0,0.0
2024-05-22 00:00:00+09:00,5960.0,5960.0,5910.0,5910.0,300,0.0,0.0
2024-05-23 00:00:00+09:00,5940.0,5950.0,5940.0,5950.0,1100,0.0,0.0
2024-05-24 00:00:00+09:00,5940.0,5940.0,5940.0,5940.0,100,0.0,0.0
2024-05-27 00:00:00+09:00,5940.0,5940.0,5910.0,5910.0,400,0.0,0.0
2024-05-28 00:00:00+09:00,5830.0,5910.0,5830.0,5910.0,700,0.0,0.0
2024-05-29 00:00:00+09:00,5940.0,5940.0,5850.0,5910.0,1100,0.0,0.0
2024-05-30 00:00:00+09:00,5830.0,5830.0,5570.0,5770.0,1900,0.0,0.0
2024-05-31 00:00:00+09:00,5860.0,6180.0,5800.0,6170.0,3500,0.0,0.0
2024-06-03 00:00:00+09:00,6170.0,6170.0,6070.0,6070.0,200,0.0,0.0
2024-06-04 00:00:00+09:00,6070.0,6070.0,5880.0,5990.0,600,0.0,0.0
2024-06-05 00:00:00+09:00,5980.0,5990.0,5960.0,5960.0,700,0.0,0.0
2024-06-06 00:00:00+09:00,5970.0,5970.0,5880.0,5880.0,300,0.0,0.0
2024-06-07 00:00:00+09:00,5850.0,5850.0,5850.0,5850.0,100,0.0,0.0
2024-06-10 00:00:00+09:00,5840.0,5840.0,5840.0,5840.0,200,0.0,0.0
2024-06-11 00:00:00+09:00,5830.0,5950.0,5820.0,5950.0,1100,0.0,0.0
2024-06-12 00:00:00+09:00,5860.0,5960.0,5860.0,5870.0,1100,0.0,0.0
2024-06-13 00:00:00+09:00,5900.0,6000.0,5900.0,6000.0,700,0.0,0.0
2024-06-14 00:00:00+09:00,6010.0,6070.0,5870.0,5900.0,1600,0.0,0.0
2024-06-17 00:00:00+09:00,5530.0,5800.0,5530.0,5710.0,5900,0.0,0.0
2024-06-18 00:00:00+09:00,5810.0,5840.0,5470.0,5840.0,3500,0.0,0.0
2024-06-19 00:00:00+09:00,5640.0,5740.0,5640.0,5650.0,500,0.0,0.0
2024-06-20 00:00:00+09:00,5680.0,5680.0,5500.0,5570.0,1600,0.0,0.0
2024-06-21 00:00:00+09:00,5650.0,5690.0,5550.0,5680.0,2200,0.0,0.0
2024-06-24 00:00:00+09:00,5680.0,5700.0,5580.0,5700.0,500,0.0,0.0
2024-06-25 00:00:00+09:00,5750.0,5940.0,5750.0,5930.0,1300,0.0,0.0
2024-06-26 00:00:00+09:00,5930.0,6090.0,5930.0,6080.0,1800,0.0,0.0
2024-06-27 00:00:00+09:00,6080.0,6090.0,5880.0,6080.0,1500,0.0,0.0
2024-06-28 00:00:00+09:00,6000.0,6010.0,5910.0,5990.0,800,0.0,0.0
2024-07-01 00:00:00+09:00,5990.0,5990.0,5990.0,5990.0,100,0.0,0.0
2024-07-02 00:00:00+09:00,6090.0,6090.0,6090.0,6090.0,100,0.0,0.0
2024-07-03 00:00:00+09:00,6000.0,6000.0,6000.0,6000.0,100,0.0,0.0
2024-07-04 00:00:00+09:00,5900.0,5980.0,5850.0,5980.0,500,0.0,0.0
2024-07-05 00:00:00+09:00,5920.0,5920.0,5920.0,5920.0,100,0.0,0.0
2024-07-08 00:00:00+09:00,5920.0,6080.0,5920.0,6080.0,400,0.0,0.0
2024-07-09 00:00:00+09:00,6000.0,6000.0,6000.0,6000.0,100,0.0,0.0
2024-07-10 00:00:00+09:00,5950.0,5950.0,5880.0,5880.0,200,0.0,0.0
2024-07-11 00:00:00+09:00,6000.0,6000.0,6000.0,6000.0,100,0.0,0.0
2024-07-12 00:00:00+09:00,5890.0,5890.0,5690.0,5860.0,900,0.0,0.0
2024-07-16 00:00:00+09:00,6060.0,6060.0,5900.0,5990.0,900,0.0,0.0
2024-07-17 00:00:00+09:00,5990.0,5990.0,5800.0,5970.0,1100,0.0,0.0
2024-07-18 00:00:00+09:00,5980.0,5990.0,5980.0,5990.0,200,0.0,0.0
2024-07-19 00:00:00+09:00,5960.0,5990.0,5960.0,5990.0,500,0.0,0.0
2024-07-22 00:00:00+09:00,6040.0,6040.0,5760.0,5760.0,700,0.0,0.0
2024-07-23 00:00:00+09:00,5870.0,5870.0,5870.0,5870.0,400,0.0,0.0
2024-07-24 00:00:00+09:00,5770.0,5790.0,5770.0,5790.0,300,0.0,0.0
2024-07-25 00:00:00+09:00,5870.0,5870.0,5660.0,5700.0,1700,0.0,0.0
2024-07-26 00:00:00+09:00,5620.0,5630.0,5540.0,5540.0,400,0.0,0.0
2024-07-29 00:00:00+09:00,5490.0,5490.0,5440.0,5440.0,900,0.0,0.0
2024-07-30 00:00:00+09:00,5500.0,5700.0,5490.0,5700.0,3500,0.0,0.0
2024-07-31 00:00:00+09:00,5570.0,5700.0,5570.0,5700.0,1300,0.0,0.0
2024-08-01 00:00:00+09:00,5690.0,5780.0,5680.0,5680.0,700,0.0,0.0
2024-08-02 00:00:00+09:00,5630.0,5630.0,5300.0,5350.0,2000,0.0,0.0
2024-08-05 00:00:00+09:00,4950.0,4950.0,4450.0,4450.0,6100,0.0,0.0
2024-08-06 00:00:00+09:00,4450.0,4560.0,4390.0,4520.0,4100,0.0,0.0
2024-08-07 00:00:00+09:00,4525.0,4700.0,4450.0,4700.0,1100,0.0,0.0
2024-08-08 00:00:00+09:00,4550.0,4555.0,4460.0,4555.0,1600,0.0,0.0
2024-08-09 00:00:00+09:00,4625.0,4625.0,4625.0,4625.0,200,0.0,0.0
2024-08-13 00:00:00+09:00,4625.0,4750.0,4625.0,4750.0,1400,0.0,0.0
2024-08-14 00:00:00+09:00,4705.0,4750.0,4705.0,4740.0,700,0.0,0.0
2024-08-15 00:00:00+09:00,4860.0,4885.0,4840.0,4870.0,1500,0.0,0.0
2024-08-16 00:00:00+09:00,4870.0,4870.0,4750.0,4750.0,600,0.0,0.0
2024-08-19 00:00:00+09:00,4785.0,4785.0,4770.0,4785.0,1000,0.0,0.0
2024-08-20 00:00:00+09:00,4785.0,4785.0,4750.0,4785.0,1900,0.0,0.0
2024-08-21 00:00:00+09:00,4785.0,4785.0,4785.0,4785.0,0,0.0,0.0
2024-08-22 00:00:00+09:00,4750.0,4885.0,4725.0,4885.0,2600,0.0,0.0
2024-08-23 00:00:00+09:00,4815.0,4875.0,4815.0,4875.0,300,0.0,0.0
2024-08-26 00:00:00+09:00,4870.0,4875.0,4870.0,4875.0,500,0.0,0.0
2024-08-27 00:00:00+09:00,4805.0,4805.0,4770.0,4770.0,700,0.0,0.0
2024-08-28 00:00:00+09:00,4790.0,4790.0,4790.0,4790.0,1100,0.0,0.0
2024-08-29 00:00:00+09:00,4935.0,4985.0,4840.0,4840.0,700,0.0,0.0
2024-08-30 00:00:00+09:00,4840.0,4840.0,4840.0,4840.0,0,0.0,0.0
2024-09-02 00:00:00+09:00,4910.0,5050.0,4910.0,5050.0,400,0.0,0.0
2024-09-05 00:00:00+09:00,4980.0,4995.0,4925.0,4925.0,800,0.0,0.0
2024-09-06 00:00:00+09:00,4925.0,4925.0,4925.0,4925.0,0,0.0,0.0
