Date,Open,High,Low,Close,Volume,Dividends,Stock Splits
2000-01-04 00:00:00+09:00,273.8748779296875,292.13320312499997,273.8748779296875,273.8748779296875,0,0.0,0.0
2000-01-05 00:00:00+09:00,283.0039873123169,292.1331481933594,273.8748264312744,292.1331481933594,4400,0.0,0.0
2000-01-06 00:00:00+09:00,292.13320312499997,292.13320312499997,273.8748779296875,273.8748779296875,2800,0.0,0.0
2000-01-07 00:00:00+09:00,273.87490609975964,296.69781494140625,273.87490609975964,296.69781494140625,300,0.0,0.0
2000-01-10 00:00:00+09:00,296.69781494140625,296.69781494140625,296.69781494140625,296.69781494140625,0,0.0,0.0
2000-01-11 00:00:00+09:00,296.69771018935126,310.391450659629,296.69771018935126,297.6106262207031,300,0.0,0.0
2000-01-12 00:00:00+09:00,297.610634358724,301.2622985839844,297.610634358724,301.2622985839844,300,0.0,0.0
2000-01-13 00:00:00+09:00,301.2622985839844,301.2622985839844,301.2622985839844,301.2622985839844,1000,0.0,0.0
2000-01-14 00:00:00+09:00,301.2622985839844,301.2622985839844,301.2622985839844,301.2622985839844,3100,0.0,0.0
2000-01-17 00:00:00+09:00,301.2622985839844,301.2622985839844,301.2622985839844,301.2622985839844,2700,0.0,0.0
2000-01-18 00:00:00+09:00,301.2622985839844,301.2622985839844,301.2622985839844,301.2622985839844,2600,0.0,0.0
2000-01-19 00:00:00+09:00,301.2622985839844,301.2622985839844,301.2622985839844,301.2622985839844,1900,0.0,0.0
2000-01-20 00:00:00+09:00,301.2622985839844,301.2622985839844,301.2622985839844,301.2622985839844,800,0.0,0.0
2000-01-21 00:00:00+09:00,301.2622985839844,301.2622985839844,301.2622985839844,301.2622985839844,400,0.0,0.0
2000-01-24 00:00:00+09:00,301.2623479506549,310.3915100097656,301.2623479506549,310.3915100097656,2300,0.0,0.0
2000-01-25 00:00:00+09:00,310.3914986746652,319.5206604003906,310.3914986746652,319.5206604003906,4200,0.0,0.0
2000-01-26 00:00:00+09:00,320.43359375,337.7790019586895,320.43359375,320.43359375,5300,0.0,0.0
2000-01-27 00:00:00+09:00,320.43359375,346.9081641737892,320.43359375,320.43359375,0,0.0,0.0
2000-01-28 00:00:00+09:00,328.6498107910156,328.6498107910156,328.6498107910156,328.6498107910156,3100,0.0,0.0
2000-01-31 00:00:00+09:00,327.73687744140625,327.73687744140625,319.5206326030423,327.73687744140625,1400,0.0,0.0
2000-02-01 00:00:00+09:00,323.17234026519947,326.8240051269531,323.17234026519947,326.8240051269531,2000,0.0,0.0
2000-02-02 00:00:00+09:00,255.61648559570312,255.61648559570312,255.61648559570312,255.61648559570312,2000,0.0,0.0
2000-02-03 00:00:00+09:00,292.13317522321427,323.17232509068083,292.13317522321427,319.5206604003906,1900,0.0,0.0
2000-02-04 00:00:00+09:00,292.1332070053808,292.1332070053808,275.7007141113281,275.7007141113281,16100,0.0,0.0
2000-02-07 00:00:00+09:00,292.13313802083337,318.6077036539714,283.0039774576823,301.2622985839844,7200,0.0,0.0
2000-02-08 00:00:00+09:00,310.39146995544434,310.39146995544434,292.1331481933594,292.1331481933594,2900,0.0,0.0
2000-02-09 00:00:00+09:00,283.0039978027344,283.0039978027344,283.0039978027344,283.0039978027344,100,0.0,0.0
2000-02-10 00:00:00+09:00,283.0040653416368,283.0040653416368,278.4394836425781,278.4394836425781,3100,0.0,0.0
2000-02-11 00:00:00+09:00,278.4394836425781,278.4394836425781,278.4394836425781,278.4394836425781,0,0.0,0.0
2000-02-14 00:00:00+09:00,278.43941719301284,283.0039978027344,278.43941719301284,283.0039978027344,5100,0.0,0.0
2000-02-15 00:00:00+09:00,283.00404052734376,283.00404052734376,273.8748779296875,273.8748779296875,6100,0.0,0.0
2000-02-16 00:00:00+09:00,273.8748365832913,283.0039978027344,273.8748365832913,283.0039978027344,1100,0.0,0.0
2000-02-17 00:00:00+09:00,283.00404052734376,283.00404052734376,273.8748779296875,273.8748779296875,2300,0.0,0.0
2000-02-18 00:00:00+09:00,273.8748779296875,273.8748779296875,273.8748779296875,273.8748779296875,1700,0.0,0.0
2000-02-21 00:00:00+09:00,273.8748779296875,273.8748779296875,273.8748779296875,273.8748779296875,3100,0.0,0.0
2000-02-22 00:00:00+09:00,274.7877502441406,283.0039952680518,274.7877502441406,274.7877502441406,1100,0.0,0.0
2000-02-23 00:00:00+09:00,278.4394629270036,278.4394629270036,275.7007141113281,275.7007141113281,1000,0.0,0.0
2000-02-24 00:00:00+09:00,278.4394836425781,278.4394836425781,278.4394836425781,278.4394836425781,300,0.0,0.0
2000-02-25 00:00:00+09:00,279.3523643379781,305.8269348144531,279.3523643379781,305.8269348144531,3800,0.0,0.0
2000-02-28 00:00:00+09:00,305.826900851342,305.826900851342,283.0039978027344,283.0039978027344,3000,0.0,0.0
2000-02-29 00:00:00+09:00,283.00404052734376,283.00404052734376,273.8748779296875,273.8748779296875,3600,0.0,0.0
2000-03-01 00:00:00+09:00,273.8748779296875,274.7877941894531,273.8748779296875,273.8748779296875,2600,0.0,0.0
2000-03-02 00:00:00+09:00,274.7878182833312,283.0040653416368,274.7878182833312,278.4394836425781,700,0.0,0.0
2000-03-03 00:00:00+09:00,278.4394592285156,279.3523754882812,273.8748779296875,273.8748779296875,4300,0.0,0.0
2000-03-06 00:00:00+09:00,274.7877502441406,278.43941469921225,273.87483413037273,274.7877502441406,3200,0.0,0.0
2000-03-07 00:00:00+09:00,278.4394359588623,278.4394359588623,275.70068740844727,277.5265197753906,600,0.0,0.0
2000-03-08 00:00:00+09:00,277.5265197753906,277.5265197753906,277.5265197753906,277.5265197753906,100,0.0,0.0
2000-03-09 00:00:00+09:00,273.8748779296875,273.8748779296875,273.8748779296875,273.8748779296875,100,0.0,0.0
2000-03-10 00:00:00+09:00,279.35232396619074,283.00398833176183,264.74566650390625,264.74566650390625,3300,0.0,0.0
2000-03-13 00:00:00+09:00,283.00399497703273,295.7848205566406,283.00399497703273,295.7848205566406,4800,0.0,0.0
2000-03-14 00:00:00+09:00,283.0039978027344,283.0039978027344,283.0039978027344,283.0039978027344,1000,0.0,0.0
2000-03-15 00:00:00+09:00,282.091064453125,282.091064453125,282.091064453125,282.091064453125,100,0.0,0.0
2000-03-16 00:00:00+09:00,281.1781360387015,283.00396809090086,273.87480782990406,276.6135559082031,3000,0.0,0.0
2000-03-17 00:00:00+09:00,283.004014975005,283.91693115234375,283.004014975005,283.91693115234375,1200,0.0,0.0
2000-03-20 00:00:00+09:00,283.91693115234375,283.91693115234375,283.91693115234375,283.91693115234375,0,0.0,0.0
2000-03-21 00:00:00+09:00,292.13316086440057,312.2173156738281,292.13316086440057,312.2173156738281,6800,0.0,0.0
2000-03-22 00:00:00+09:00,320.4335733514083,365.16646535773026,312.2173278808594,346.90814208984375,46100,0.0,0.0
2000-03-23 00:00:00+09:00,419.9414367675781,419.9414367675781,419.9414367675781,419.9414367675781,32300,0.0,0.0
2000-03-24 00:00:00+09:00,492.9747314453125,492.9747314453125,492.9747314453125,492.9747314453125,56800,0.0,0.0
2000-03-27 00:00:00+09:00,538.620548248291,543.1851291656494,410.81228256225586,438.19976806640625,195600,0.0,0.0
2000-03-28 00:00:00+09:00,415.1366329193115,472.33323567708334,396.6861159006755,442.8124084472656,31400,5.0,0.0
2000-03-29 00:00:00+09:00,442.8123845880682,516.6144486860795,424.36186856356534,507.3891906738281,38600,0.0,0.0
2000-03-30 00:00:00+09:00,507.38916857489227,535.06494140625,470.4881381330819,535.06494140625,90500,0.0,0.0
2000-03-31 00:00:00+09:00,534.1424389093572,534.1424389093572,498.1639326615767,507.3891906738281,7900,0.0,0.0
2000-04-03 00:00:00+09:00,498.16386862362134,498.16386862362134,470.48809814453125,470.48809814453125,15800,0.0,0.0
2000-04-04 00:00:00+09:00,470.48809814453125,470.48809814453125,459.41778995289525,470.48809814453125,25600,0.0,0.0
2000-04-05 00:00:00+09:00,461.2629215891768,461.2629215891768,378.235595703125,378.235595703125,11500,0.0,0.0
2000-04-06 00:00:00+09:00,396.68611838600856,405.911376953125,396.68611838600856,405.911376953125,7700,0.0,0.0
2000-04-07 00:00:00+09:00,415.13657973283284,442.8123517150217,415.13657973283284,425.28436279296875,34000,0.0,0.0
2000-04-10 00:00:00+09:00,424.36186641095634,424.36186641095634,378.23557658367844,382.84820556640625,5200,0.0,0.0
2000-04-11 00:00:00+09:00,383.77069580078125,384.6932215118408,369.0102844238281,369.0102844238281,7900,0.0,0.0
2000-04-12 00:00:00+09:00,369.01031978546627,369.01031978546627,332.1092878069196,348.7147521972656,32800,0.0,0.0
2000-04-13 00:00:00+09:00,348.7147476196289,348.7147476196289,322.88402557373047,332.1092834472656,21900,0.0,0.0
2000-04-14 00:00:00+09:00,332.109307362096,349.6372985839844,332.109307362096,349.6372985839844,10900,0.0,0.0
2000-04-17 00:00:00+09:00,333.95435126809514,341.33455792595356,313.6587829589844,313.6587829589844,11200,0.0,0.0
2000-04-18 00:00:00+09:00,332.1092996036305,357.0174970739028,313.6587829589844,313.6587829589844,5100,0.0,0.0
2000-04-19 00:00:00+09:00,356.0949712416705,356.0949712416705,309.96867963005514,313.6587829589844,4200,0.0,0.0
2000-04-20 00:00:00+09:00,317.3488843289747,318.27141015551246,303.51099693090896,305.3560485839844,10900,0.0,0.0
2000-04-21 00:00:00+09:00,305.3560485839844,309.04615189013526,303.51099693090896,305.3560485839844,7600,0.0,0.0
2000-04-24 00:00:00+09:00,305.3560690822371,306.2785949707031,305.3560690822371,306.2785949707031,3000,0.0,0.0
2000-04-25 00:00:00+09:00,325.6516014142225,334.87685924465376,325.6516014142225,326.5741271972656,2400,0.0,0.0
2000-04-26 00:00:00+09:00,331.18677571031634,331.18677571031634,321.9615173339844,321.9615173339844,6900,0.0,0.0
2000-04-27 00:00:00+09:00,305.3560485839844,336.7219266862668,305.3560485839844,305.3560485839844,0,0.0,0.0
2000-04-28 00:00:00+09:00,304.4335221081245,304.4335221081245,297.975841336134,302.5884704589844,4600,0.0,0.0
2000-05-01 00:00:00+09:00,309.04610897134415,309.04610897134415,299.82085198712497,300.7433776855469,4900,0.0,0.0
2000-05-02 00:00:00+09:00,304.4335021972656,304.4335021972656,297.0532960833925,304.4335021972656,3800,0.0,0.0
2000-05-03 00:00:00+09:00,304.4335021972656,304.4335021972656,304.4335021972656,304.4335021972656,0,0.0,0.0
2000-05-04 00:00:00+09:00,304.4335021972656,304.4335021972656,304.4335021972656,304.4335021972656,0,0.0,0.0
2000-05-05 00:00:00+09:00,304.4335021972656,304.4335021972656,304.4335021972656,304.4335021972656,0,0.0,0.0
2000-05-08 00:00:00+09:00,304.43358342097355,304.43358342097355,291.5182192758414,299.8209533691406,2500,0.0,0.0
2000-05-09 00:00:00+09:00,299.8209533691406,299.8209533691406,299.8209533691406,299.8209533691406,0,0.0,0.0
2000-05-10 00:00:00+09:00,293.3632712965745,299.8209533691406,290.5956932654748,299.8209533691406,2200,0.0,0.0
2000-05-11 00:00:00+09:00,303.5109747427481,303.5109747427481,298.8983459472656,298.8983459472656,1700,0.0,0.0
2000-05-12 00:00:00+09:00,299.8208808898926,332.1092834472656,299.8208808898926,332.1092834472656,6200,0.0,0.0
2000-05-15 00:00:00+09:00,350.559814453125,404.06631244860193,350.559814453125,350.559814453125,22000,0.0,0.0
2000-05-16 00:00:00+09:00,351.4823514071378,356.09498069069605,351.4823514071378,355.1724548339844,7800,0.0,0.0
2000-05-17 00:00:00+09:00,355.1724519471864,355.1724519471864,341.3345642089844,341.3345642089844,2200,0.0,0.0
2000-05-18 00:00:00+09:00,327.4966741806968,330.2642517089844,313.65878653925887,330.2642517089844,700,0.0,0.0
2000-05-19 00:00:00+09:00,322.883994447673,322.883994447673,300.7433776855469,300.7433776855469,2600,0.0,0.0
2000-05-22 00:00:00+09:00,312.7362365722656,313.6587623438652,303.51097885626956,312.7362365722656,4700,0.0,0.0
2000-05-23 00:00:00+09:00,309.0461310184363,309.0461310184363,302.58845066879735,304.4335021972656,1500,0.0,0.0
2000-05-24 00:00:00+09:00,302.58844811745524,304.43349963036655,296.1307678222656,296.1307678222656,5500,0.0,0.0
2000-05-25 00:00:00+09:00,304.43358342097355,304.43358342097355,299.8209533691406,299.8209533691406,6300,0.0,0.0
2000-05-26 00:00:00+09:00,304.43358342097355,304.43358342097355,299.8209533691406,299.8209533691406,1900,0.0,0.0
2000-05-29 00:00:00+09:00,299.8208808898926,299.8208808898926,295.208251953125,295.208251953125,2500,0.0,0.0
2000-05-30 00:00:00+09:00,295.208251953125,295.208251953125,295.208251953125,295.208251953125,0,0.0,0.0
2000-05-31 00:00:00+09:00,293.36322021484375,293.36322021484375,276.7577549196639,293.36322021484375,4500,0.0,0.0
2000-06-01 00:00:00+09:00,292.4406714501319,292.4406714501319,281.37036212078937,284.137939453125,4300,0.0,0.0
2000-06-02 00:00:00+09:00,285.9830017089844,285.9830017089844,284.1379500850554,285.9830017089844,2800,0.0,0.0
2000-06-05 00:00:00+09:00,284.13793131510414,295.20824032738096,282.29287981305805,290.5956115722656,4800,0.0,0.0
2000-06-06 00:00:00+09:00,290.5956286053325,290.5956286053325,276.75774152888806,277.6802673339844,3500,0.0,0.0
2000-06-07 00:00:00+09:00,281.37038187263835,282.29290771484375,276.7577526616115,282.29290771484375,9000,0.0,0.0
2000-06-08 00:00:00+09:00,277.68031846343496,281.37042236328125,276.75779248847334,281.37042236328125,3200,0.0,0.0
2000-06-09 00:00:00+09:00,280.4478330869932,280.4478330869932,272.14510118639146,273.067626953125,3500,0.0,0.0
2000-06-12 00:00:00+09:00,273.0675673468855,276.7576696083299,272.14504178152436,275.83514404296875,12700,0.0,0.0
2000-06-13 00:00:00+09:00,276.7577819824219,282.2929376220703,275.83525604248047,276.7577819824219,4000,0.0,0.0
2000-06-14 00:00:00+09:00,276.7577819824219,276.7577819824219,272.14515228271483,276.7577819824219,8800,0.0,0.0
2000-06-15 00:00:00+09:00,286.90553382424747,317.3488862879136,285.9830079920152,313.6587829589844,19000,0.0,0.0
2000-06-16 00:00:00+09:00,313.6587677001953,314.58129348754886,287.8280456542969,295.208251953125,7000,0.0,0.0
2000-06-19 00:00:00+09:00,295.2082707331731,295.2082707331731,286.90553811880255,287.82806396484375,1900,0.0,0.0
2000-06-20 00:00:00+09:00,285.06048524145984,285.06048524145984,282.29290771484375,282.29290771484375,400,0.0,0.0
2000-06-21 00:00:00+09:00,282.2928984611265,285.9830017089844,276.7577435893397,285.9830017089844,3800,0.0,0.0
2000-06-22 00:00:00+09:00,279.5253598022461,279.5253598022461,276.7577819824219,276.7577819824219,4500,0.0,0.0
2000-06-23 00:00:00+09:00,277.68026803669176,285.9830003035696,277.68026803669176,280.4478454589844,11800,0.0,0.0
2000-06-26 00:00:00+09:00,281.37037264916205,285.9830017089844,280.4478468371976,285.9830017089844,4000,0.0,0.0
2000-06-27 00:00:00+09:00,276.7577819824219,277.6803079223633,276.7577819824219,276.7577819824219,5600,0.0,0.0
2000-06-28 00:00:00+09:00,277.6802673339844,278.60279313908063,276.75774152888806,277.6802673339844,7200,0.0,0.0
2000-06-29 00:00:00+09:00,277.6802694013042,285.9830017089844,277.6802694013042,285.9830017089844,1500,0.0,0.0
2000-06-30 00:00:00+09:00,281.37037264916205,285.9830017089844,277.6802694013042,285.9830017089844,1900,0.0,0.0
2000-07-03 00:00:00+09:00,285.9830017089844,286.90552752094885,285.9830017089844,285.9830017089844,4900,0.0,0.0
2000-07-04 00:00:00+09:00,285.9830017089844,295.208259828629,285.9830017089844,285.9830017089844,3000,0.0,0.0
2000-07-05 00:00:00+09:00,285.98300306102897,291.5181579589844,285.98300306102897,291.5181579589844,4000,0.0,0.0
2000-07-06 00:00:00+09:00,295.208259828629,295.208259828629,285.9830017089844,285.9830017089844,3600,0.0,0.0
2000-07-07 00:00:00+09:00,286.90550856817333,290.5956115722656,286.90550856817333,290.5956115722656,5900,0.0,0.0
2000-07-10 00:00:00+09:00,295.2083233173077,299.8209533691406,295.2083233173077,299.8209533691406,5500,0.0,0.0
2000-07-11 00:00:00+09:00,299.8208808898926,299.8208808898926,295.208251953125,295.208251953125,2400,0.0,0.0
2000-07-12 00:00:00+09:00,299.82087337609494,304.4335021972656,299.82087337609494,304.4335021972656,4700,0.0,0.0
2000-07-13 00:00:00+09:00,309.9687202785326,318.2714538574219,309.9687202785326,318.2714538574219,6000,0.0,0.0
2000-07-14 00:00:00+09:00,316.426339658664,316.426339658664,304.4335046278692,312.7362365722656,3100,0.0,0.0
2000-07-17 00:00:00+09:00,313.6587677001953,313.6587677001953,290.5956230163574,295.208251953125,5800,0.0,0.0
2000-07-18 00:00:00+09:00,295.20826256793475,297.0533142089844,295.20826256793475,297.0533142089844,800,0.0,0.0
2000-07-19 00:00:00+09:00,295.20826256793475,297.0533142089844,295.20826256793475,297.0533142089844,800,0.0,0.0
2000-07-20 00:00:00+09:00,297.0533142089844,297.0533142089844,297.0533142089844,297.0533142089844,0,0.0,0.0
2000-07-21 00:00:00+09:00,283.2154038315066,285.98298106764514,283.2154038315066,285.0604553222656,1000,0.0,0.0
2000-07-24 00:00:00+09:00,283.2154235839844,284.13794939370416,281.37037196454474,283.2154235839844,3600,0.0,0.0
2000-07-25 00:00:00+09:00,285.98305223808916,287.8281041880123,281.37042236328125,281.37042236328125,11300,0.0,0.0
2000-07-26 00:00:00+09:00,281.3704116821289,281.3704116821289,276.7577819824219,276.7577819824219,5500,0.0,0.0
2000-07-27 00:00:00+09:00,276.7577922896834,278.60284423828125,274.91274034108545,278.60284423828125,3100,0.0,0.0
2000-07-28 00:00:00+09:00,276.7577922896834,278.60284423828125,276.7577922896834,278.60284423828125,5800,0.0,0.0
2000-07-31 00:00:00+09:00,276.7577922896834,278.60284423828125,276.7577922896834,278.60284423828125,600,0.0,0.0
2000-08-01 00:00:00+09:00,276.7577819824219,276.7577819824219,276.7577819824219,276.7577819824219,400,0.0,0.0
2000-08-02 00:00:00+09:00,276.7577819824219,276.7577819824219,276.7577819824219,276.7577819824219,2100,0.0,0.0
2000-08-03 00:00:00+09:00,276.7577819824219,276.7577819824219,276.7577819824219,276.7577819824219,200,0.0,0.0
2000-08-04 00:00:00+09:00,276.75777112023303,276.75777112023303,272.1451416015625,272.1451416015625,1700,0.0,0.0
2000-08-07 00:00:00+09:00,272.1450995083513,272.1450995083513,267.532470703125,267.532470703125,1800,0.0,0.0
2000-08-08 00:00:00+09:00,267.53251208289197,272.1451416015625,267.53251208289197,272.1451416015625,3300,0.0,0.0
2000-08-09 00:00:00+09:00,272.14504869016884,272.14504869016884,269.3774719238281,269.3774719238281,500,0.0,0.0
2000-08-10 00:00:00+09:00,272.1450948869526,285.0604553222656,269.3775176508141,285.0604553222656,5800,0.0,0.0
2000-08-11 00:00:00+09:00,275.83514404296875,275.83514404296875,275.83514404296875,275.83514404296875,1000,0.0,0.0
2000-08-14 00:00:00+09:00,275.83514404296875,275.83514404296875,275.83514404296875,275.83514404296875,100,0.0,0.0
2000-08-15 00:00:00+09:00,275.83525604248047,276.7577819824219,275.83525604248047,276.7577819824219,900,0.0,0.0
2000-08-16 00:00:00+09:00,276.75767663407,276.75767663407,267.53242074626763,269.3774719238281,4000,0.0,0.0
2000-08-17 00:00:00+09:00,272.14510044907075,312.73623407537286,272.14510044907075,304.4335021972656,5400,0.0,0.0
2000-08-18 00:00:00+09:00,304.4335179482737,304.4335179482737,278.6027952132686,285.9830017089844,3400,0.0,0.0
2000-08-21 00:00:00+09:00,285.98301108366525,285.98301108366525,282.29290771484375,282.29290771484375,400,0.0,0.0
2000-08-22 00:00:00+09:00,314.581308315455,356.094970703125,313.65878248461786,356.094970703125,43900,0.0,0.0
2000-08-23 00:00:00+09:00,356.09501793902854,356.09501793902854,309.0461943253227,318.2714538574219,27000,0.0,0.0
2000-08-24 00:00:00+09:00,319.1939798106318,323.8066095766814,305.35609051248304,318.2714538574219,6900,0.0,0.0
2000-08-25 00:00:00+09:00,321.0389601867323,327.49664042037347,319.19390869140625,319.19390869140625,11000,0.0,0.0
2000-08-28 00:00:00+09:00,319.1939798106318,319.1939798106318,318.2714538574219,318.2714538574219,2800,0.0,0.0
2000-08-29 00:00:00+09:00,382.84820987016724,382.84820987016724,341.3345485589443,359.7850646972656,42400,0.0,0.0
2000-08-30 00:00:00+09:00,359.7850273132324,378.2355415344238,359.7850273132324,369.0102844238281,29700,0.0,0.0
2000-08-31 00:00:00+09:00,369.01032276642627,369.01032276642627,359.7850646972656,359.7850646972656,5900,0.0,0.0
2000-09-01 00:00:00+09:00,359.78507272820724,359.78507272820724,341.33455617804276,350.559814453125,4200,0.0,0.0
2000-09-04 00:00:00+09:00,345.9471934550517,350.55982270111906,341.3345642089844,341.3345642089844,2300,0.0,0.0
2000-09-05 00:00:00+09:00,341.33454864238115,341.33454864238115,319.19392927098346,320.116455078125,5600,0.0,0.0
2000-09-06 00:00:00+09:00,322.8840365475171,341.33455292166093,322.8840365475171,336.721923828125,5000,0.0,0.0
2000-09-07 00:00:00+09:00,341.3345450846354,345.9471740722656,341.3345450846354,345.9471740722656,3000,0.0,0.0
2000-09-08 00:00:00+09:00,341.33455292166093,341.33455292166093,336.721923828125,336.721923828125,500,0.0,0.0
2000-09-11 00:00:00+09:00,336.7219123840332,336.7219123840332,332.1092834472656,332.1092834472656,4800,0.0,0.0
2000-09-12 00:00:00+09:00,331.1867654854911,336.72192034040177,322.884033203125,322.884033203125,4800,0.0,0.0
2000-09-13 00:00:00+09:00,322.88400549078386,332.1092627905206,320.1164283008629,331.1867370605469,11200,0.0,0.0
2000-09-14 00:00:00+09:00,332.10929129464284,332.10929129464284,321.03898158482144,322.884033203125,7000,0.0,0.0
2000-09-15 00:00:00+09:00,322.884033203125,322.884033203125,322.884033203125,322.884033203125,0,0.0,0.0
2000-09-18 00:00:00+09:00,312.7362571267521,313.6587829589844,312.7362571267521,313.6587829589844,1500,0.0,0.0
2000-09-19 00:00:00+09:00,314.581369535006,314.581369535006,299.8209533691406,299.8209533691406,2600,0.0,0.0
2000-09-20 00:00:00+09:00,304.4335046278692,312.7362365722656,304.4335046278692,312.7362365722656,3900,0.0,0.0
2000-09-21 00:00:00+09:00,304.4335021972656,304.4335021972656,304.4335021972656,304.4335021972656,100,0.0,0.0
2000-09-22 00:00:00+09:00,304.4335021972656,304.4335021972656,304.4335021972656,304.4335021972656,500,0.0,0.0
2000-09-25 00:00:00+09:00,321.03898961684285,321.03898961684285,309.04615379782285,313.6587829589844,5300,0.0,0.0
2000-09-26 00:00:00+09:00,312.7362659901112,312.7362659901112,307.20111083984375,307.20111083984375,200,0.0,0.0
2000-09-27 00:00:00+09:00,304.4335021972656,304.4335021972656,304.4335021972656,304.4335021972656,500,0.0,0.0
2000-09-28 00:00:00+09:00,304.4335021972656,306.2785537257339,304.4335021972656,304.4335021972656,500,0.0,0.0
2000-09-29 00:00:00+09:00,304.4335291935847,304.4335291935847,276.75775381234973,287.82806396484375,7100,0.0,0.0
2000-10-02 00:00:00+09:00,297.05331551156394,302.5884704589844,297.05331551156394,302.5884704589844,300,0.0,0.0
2000-10-03 00:00:00+09:00,304.4335717373207,304.4335717373207,281.37042236328125,281.37042236328125,800,0.0,0.0
2000-10-04 00:00:00+09:00,282.29287981305805,290.5956115722656,282.29287981305805,290.5956115722656,2300,0.0,0.0
2000-10-05 00:00:00+09:00,290.5956230163574,295.208251953125,290.5956230163574,295.208251953125,1900,0.0,0.0
2000-10-06 00:00:00+09:00,295.20824455492425,304.4335021972656,291.5181414979877,304.4335021972656,1500,0.0,0.0
2000-10-09 00:00:00+09:00,304.4335021972656,304.4335021972656,304.4335021972656,304.4335021972656,0,0.0,0.0
2000-10-10 00:00:00+09:00,304.4335021972656,304.4335021972656,304.4335021972656,304.4335021972656,700,0.0,0.0
2000-10-11 00:00:00+09:00,281.37042236328125,282.2929483382428,281.37042236328125,281.37042236328125,11200,0.0,0.0
2000-10-12 00:00:00+09:00,281.3703788308536,318.2714121201459,281.3703788308536,313.6587829589844,5500,0.0,0.0
2000-10-13 00:00:00+09:00,290.5956115722656,290.5956115722656,290.5956115722656,290.5956115722656,300,0.0,0.0
2000-10-16 00:00:00+09:00,290.5956115722656,290.5956115722656,290.5956115722656,290.5956115722656,0,0.0,0.0
2000-10-17 00:00:00+09:00,287.8280456542969,295.208251953125,287.8280456542969,295.208251953125,900,0.0,0.0
2000-10-18 00:00:00+09:00,285.982999579851,285.982999579851,276.75774152888806,277.6802673339844,8400,0.0,0.0
2000-10-19 00:00:00+09:00,277.6802022228502,277.6802022228502,269.3774719238281,269.3774719238281,5600,0.0,0.0
2000-10-20 00:00:00+09:00,276.7577300200591,276.7577300200591,273.067626953125,273.067626953125,5600,0.0,0.0
2000-10-23 00:00:00+09:00,276.7577819824219,276.7577819824219,269.37757446289066,276.7577819824219,1500,0.0,0.0
2000-10-24 00:00:00+09:00,276.7577283135776,276.7577283135776,267.532470703125,267.532470703125,4400,0.0,0.0
2000-10-25 00:00:00+09:00,276.75776343636954,290.59565160818806,276.75776343636954,286.9055480957031,5700,0.0,0.0
2000-10-26 00:00:00+09:00,286.90551345412797,286.90551345412797,273.067626953125,273.067626953125,1700,0.0,0.0
2000-10-27 00:00:00+09:00,273.067626953125,273.067626953125,273.067626953125,273.067626953125,0,0.0,0.0
2000-10-30 00:00:00+09:00,273.0676675052966,273.0676675052966,272.1451416015625,272.1451416015625,13800,0.0,0.0
2000-10-31 00:00:00+09:00,272.14512104890787,272.14512104890787,267.5324918785874,271.22259521484375,2300,0.0,0.0
2000-11-01 00:00:00+09:00,271.22259521484375,271.22259521484375,271.22259521484375,271.22259521484375,2500,0.0,0.0
2000-11-02 00:00:00+09:00,271.22257459204354,271.22257459204354,267.5324715363695,270.300048828125,6300,0.0,0.0
2000-11-03 00:00:00+09:00,270.300048828125,270.300048828125,270.300048828125,270.300048828125,0,0.0,0.0
2000-11-06 00:00:00+09:00,270.3000479862608,270.3000479862608,267.532470703125,267.532470703125,2000,0.0,0.0
2000-11-07 00:00:00+09:00,267.532470703125,267.532470703125,267.532470703125,267.532470703125,3800,0.0,0.0
2000-11-08 00:00:00+09:00,267.53252258300785,276.7577819824219,267.53252258300785,276.7577819824219,4000,0.0,0.0
2000-11-09 00:00:00+09:00,276.7577283135776,276.7577283135776,267.532470703125,267.532470703125,2300,0.0,0.0
2000-11-10 00:00:00+09:00,267.532470703125,267.532470703125,267.532470703125,267.532470703125,300,0.0,0.0
2000-11-13 00:00:00+09:00,267.532470703125,272.1450995083513,267.532470703125,267.532470703125,5500,0.0,0.0
2000-11-14 00:00:00+09:00,258.3072317023026,262.91986083984375,258.3072317023026,262.91986083984375,200,0.0,0.0
2000-11-15 00:00:00+09:00,262.9198928833008,276.7577819824219,262.9198928833008,276.7577819824219,3400,0.0,0.0
2000-11-16 00:00:00+09:00,273.067626953125,273.067626953125,273.067626953125,273.067626953125,100,0.0,0.0
2000-11-17 00:00:00+09:00,273.0676449424342,273.0676449424342,262.91986083984375,262.91986083984375,1500,0.0,0.0
2000-11-20 00:00:00+09:00,262.91986083984375,262.91986083984375,262.91986083984375,262.91986083984375,700,0.0,0.0
2000-11-21 00:00:00+09:00,267.53248997738484,267.53248997738484,262.91986083984375,262.91986083984375,6300,0.0,0.0
2000-11-22 00:00:00+09:00,262.91986083984375,262.91986083984375,262.91986083984375,262.91986083984375,700,0.0,0.0
2000-11-23 00:00:00+09:00,262.91986083984375,262.91986083984375,262.91986083984375,262.91986083984375,0,0.0,0.0
2000-11-24 00:00:00+09:00,262.91981833321705,262.91981833321705,258.30718994140625,258.30718994140625,2900,0.0,0.0
2000-11-27 00:00:00+09:00,258.3072283709491,258.3072283709491,247.23691858362267,249.08197021484375,13300,0.0,0.0
2000-11-28 00:00:00+09:00,230.6314239501953,230.6314239501953,221.4061669921875,230.6314239501953,9100,0.0,0.0
2000-11-29 00:00:00+09:00,230.63142065908397,248.15940862917435,230.63142065908397,235.24404907226562,4700,0.0,0.0
2000-11-30 00:00:00+09:00,235.2440508674173,266.60992431640625,235.2440508674173,266.60992431640625,2000,0.0,0.0
2000-12-01 00:00:00+09:00,235.24404907226562,235.24404907226562,235.24404907226562,235.24404907226562,5000,0.0,0.0
2000-12-04 00:00:00+09:00,240.7792297803968,261.9973228261789,240.7792297803968,255.53964233398438,1800,0.0,0.0
2000-12-05 00:00:00+09:00,250.00449603045428,250.00449603045428,249.08197021484375,249.08197021484375,1100,0.0,0.0
2000-12-06 00:00:00+09:00,244.469305898629,244.469305898629,235.24404907226562,235.24404907226562,3000,0.0,0.0
2000-12-07 00:00:00+09:00,235.24404907226562,244.469305898629,235.24404907226562,235.24404907226562,5800,0.0,0.0
2000-12-08 00:00:00+09:00,230.6314432396079,244.46932983398438,230.6314432396079,244.46932983398438,3100,0.0,0.0
2000-12-11 00:00:00+09:00,244.46934920090894,244.46934920090894,239.85671997070312,239.85671997070312,300,0.0,0.0
2000-12-12 00:00:00+09:00,239.85670096919222,244.46932983398438,239.85670096919222,244.46932983398438,3800,0.0,0.0
2000-12-13 00:00:00+09:00,244.46934920090894,244.46934920090894,239.85671997070312,239.85671997070312,6500,0.0,0.0
2000-12-14 00:00:00+09:00,235.24406885441113,235.24406885441113,230.63144005334425,233.39901733398438,3100,0.0,0.0
2000-12-15 00:00:00+09:00,233.39901733398438,233.39901733398438,233.39901733398438,233.39901733398438,4400,0.0,0.0
2000-12-18 00:00:00+09:00,230.6314239501953,231.55394964599608,230.6314239501953,230.6314239501953,5300,0.0,0.0
2000-12-19 00:00:00+09:00,226.01883347829184,228.78641103108725,221.4062042236328,221.4062042236328,5700,0.0,0.0
2000-12-20 00:00:00+09:00,221.4062042236328,221.4062042236328,218.6386266708374,221.4062042236328,4300,0.0,0.0
2000-12-21 00:00:00+09:00,213.10347290039064,213.10347290039064,202.9556884765625,202.9556884765625,5000,0.0,0.0
2000-12-22 00:00:00+09:00,198.3430633544922,198.3430633544922,193.73043397415518,198.3430633544922,3600,0.0,0.0
2000-12-25 00:00:00+09:00,199.26558504971592,202.9556884765625,198.34305919300428,202.9556884765625,5400,0.0,0.0
2000-12-26 00:00:00+09:00,202.9556535600542,204.8007049560547,202.9556535600542,204.8007049560547,6000,0.0,0.0
2000-12-27 00:00:00+09:00,204.80072945411052,204.80072945411052,199.26557460399943,201.11062622070312,2900,0.0,0.0
2000-12-28 00:00:00+09:00,207.5682815551758,230.6314239501953,207.5682815551758,230.6314239501953,1200,0.0,0.0
2000-12-29 00:00:00+09:00,211.25841011257347,211.25841011257347,201.11062622070312,201.11062622070312,200,0.0,0.0
2001-01-01 00:00:00+09:00,201.11062622070312,201.11062622070312,201.11062622070312,201.11062622070312,0,0.0,0.0
2001-01-02 00:00:00+09:00,201.11062622070312,201.11062622070312,201.11062622070312,201.11062622070312,0,0.0,0.0
2001-01-03 00:00:00+09:00,201.11062622070312,201.11062622070312,201.11062622070312,201.11062622070312,0,0.0,0.0
2001-01-04 00:00:00+09:00,198.3430633544922,219.5611585040425,198.3430633544922,198.3430633544922,0,0.0,0.0
2001-01-05 00:00:00+09:00,220.4836564240632,220.4836564240632,199.26556396484375,199.26556396484375,4500,0.0,0.0
2001-01-08 00:00:00+09:00,199.26556396484375,199.26556396484375,199.26556396484375,199.26556396484375,0,0.0,0.0
2001-01-09 00:00:00+09:00,194.65292503356932,198.3430278778076,184.50514221191406,184.50514221191406,3200,0.0,0.0
2001-01-10 00:00:00+09:00,184.50516681281889,184.50516681281889,179.8925376424984,180.8150634765625,9100,0.0,0.0
2001-01-11 00:00:00+09:00,180.81505815554888,180.81505815554888,175.2799033140525,179.8925323486328,1700,0.0,0.0
2001-01-12 00:00:00+09:00,179.8925323486328,184.50516138321314,179.8925323486328,179.8925323486328,5600,0.0,0.0
2001-01-15 00:00:00+09:00,179.8925323486328,179.8925323486328,179.8925323486328,179.8925323486328,500,0.0,0.0
2001-01-16 00:00:00+09:00,179.8925136566162,184.50514221191406,179.8925136566162,184.50514221191406,1600,0.0,0.0
2001-01-17 00:00:00+09:00,184.5051686356707,189.1177978515625,184.5051686356707,189.1177978515625,1300,0.0,0.0
2001-01-18 00:00:00+09:00,189.11778339972864,191.88536071777344,189.11778339972864,191.88536071777344,1600,0.0,0.0
2001-01-19 00:00:00+09:00,191.88536071777344,191.88536071777344,191.88536071777344,191.88536071777344,1400,0.0,0.0
2001-01-22 00:00:00+09:00,191.88537132626487,193.7304229736328,191.88537132626487,193.7304229736328,800,0.0,0.0
2001-01-23 00:00:00+09:00,193.73039932250975,193.73039932250975,184.50514221191406,184.50514221191406,1500,0.0,0.0
2001-01-24 00:00:00+09:00,184.50514221191406,184.50514221191406,175.27988510131834,184.50514221191406,3900,0.0,0.0
2001-01-25 00:00:00+09:00,184.5051686356707,193.73042706745426,184.5051686356707,189.1177978515625,4400,0.0,0.0
2001-01-26 00:00:00+09:00,189.1177978515625,190.04032369474083,189.1177978515625,189.1177978515625,5100,0.0,0.0
2001-01-29 00:00:00+09:00,193.7304229736328,193.7304229736328,193.7304229736328,193.7304229736328,4200,0.0,0.0
2001-01-30 00:00:00+09:00,193.73039360621468,193.73039360621468,183.58261108398438,183.58261108398438,2600,0.0,0.0
2001-01-31 00:00:00+09:00,184.50514221191406,184.50514221191406,184.50514221191406,184.50514221191406,1100,0.0,0.0
2001-02-01 00:00:00+09:00,184.50516473679315,193.7304229736328,184.50516473679315,193.7304229736328,4800,0.0,0.0
2001-02-02 00:00:00+09:00,193.73043245482214,193.73043245482214,184.50517376649728,190.0403289794922,1600,0.0,0.0
2001-02-05 00:00:00+09:00,190.04029647827147,190.04029647827147,184.50514221191406,184.50514221191406,1000,0.0,0.0
2001-02-06 00:00:00+09:00,184.5051367678235,184.5051367678235,179.8925083486279,183.58261108398438,5900,0.0,0.0
2001-02-07 00:00:00+09:00,183.5826362841057,183.5826362841057,182.6601104736328,182.6601104736328,900,0.0,0.0
2001-02-08 00:00:00+09:00,180.81505885268703,183.5826362841057,180.81505885268703,182.6601104736328,5900,0.0,0.0
2001-02-09 00:00:00+09:00,182.6601104736328,182.6601104736328,179.89253304221413,182.6601104736328,3500,0.0,0.0
2001-02-12 00:00:00+09:00,182.6601104736328,182.6601104736328,182.6601104736328,182.6601104736328,0,0.0,0.0
2001-02-13 00:00:00+09:00,182.6600907897949,193.73039932250975,182.6600907897949,184.50514221191406,10700,0.0,0.0
2001-02-14 00:00:00+09:00,185.42767423741958,188.19525146484375,185.42767423741958,188.19525146484375,3200,0.0,0.0
2001-02-15 00:00:00+09:00,188.19526138681496,188.19526138681496,187.27273559570312,187.27273559570312,600,0.0,0.0
2001-02-16 00:00:00+09:00,187.2727324001452,189.11778395088555,176.20242309570312,176.20242309570312,1700,0.0,0.0
2001-02-19 00:00:00+09:00,179.8925323486328,179.8925323486328,178.04748073480067,179.8925323486328,9900,0.0,0.0
2001-02-20 00:00:00+09:00,179.8925116627487,179.8925116627487,178.04746026107946,178.96998596191406,2100,0.0,0.0
2001-02-21 00:00:00+09:00,178.97001118239962,178.97001118239962,177.12495952072538,178.0474853515625,2100,0.0,0.0
2001-02-22 00:00:00+09:00,175.2799072265625,178.04748470908717,175.2799072265625,175.2799072265625,4200,0.0,0.0
2001-02-23 00:00:00+09:00,175.2799072265625,175.2799072265625,175.2799072265625,175.2799072265625,500,0.0,0.0
2001-02-26 00:00:00+09:00,178.04746223449706,184.50514221191406,178.04746223449706,184.50514221191406,3200,0.0,0.0
2001-02-27 00:00:00+09:00,184.50516138321314,184.50516138321314,179.8925323486328,179.8925323486328,5700,0.0,0.0
2001-02-28 00:00:00+09:00,179.8925323486328,179.8925323486328,179.8925323486328,179.8925323486328,2500,0.0,0.0
2001-03-01 00:00:00+09:00,175.27991674279653,175.27991674279653,171.58981323242188,171.58981323242188,6200,0.0,0.0
2001-03-02 00:00:00+09:00,171.58981323242188,171.58981323242188,171.58981323242188,171.58981323242188,2900,0.0,0.0
2001-03-05 00:00:00+09:00,173.43486498760922,173.43486498760922,171.58981323242188,171.58981323242188,1000,0.0,0.0
2001-03-06 00:00:00+09:00,175.27990785905115,178.0474853515625,175.27990785905115,178.0474853515625,1300,0.0,0.0
2001-03-07 00:00:00+09:00,178.0474853515625,178.0474853515625,178.0474853515625,178.0474853515625,600,0.0,0.0
2001-03-08 00:00:00+09:00,178.0474853515625,178.0474853515625,178.0474853515625,178.0474853515625,400,0.0,0.0
2001-03-09 00:00:00+09:00,177.1249488710733,177.1249488710733,176.20242309570312,176.20242309570312,1200,0.0,0.0
2001-03-12 00:00:00+09:00,176.20242309570312,178.97000042181364,176.20242309570312,176.20242309570312,4300,0.0,0.0
2001-03-13 00:00:00+09:00,176.20240885941024,178.96998596191406,171.5897803552372,178.96998596191406,4000,0.0,0.0
2001-03-14 00:00:00+09:00,178.96998596191406,178.96998596191406,178.96998596191406,178.96998596191406,0,0.0,0.0
2001-03-15 00:00:00+09:00,167.89968872070312,175.27989481831645,167.89968872070312,167.89968872070312,0,0.0,0.0
2001-03-16 00:00:00+09:00,173.43485557154605,175.2799072265625,173.43485557154605,175.2799072265625,600,0.0,0.0
2001-03-19 00:00:00+09:00,175.27990785905115,179.8925370132367,175.27990785905115,178.0474853515625,3800,0.0,0.0
2001-03-20 00:00:00+09:00,178.0474853515625,178.0474853515625,178.0474853515625,178.0474853515625,0,0.0,0.0
2001-03-21 00:00:00+09:00,178.04748142126834,182.6601104736328,178.04748142126834,182.6601104736328,4400,0.0,0.0
2001-03-22 00:00:00+09:00,182.6600887652525,182.6600887652525,178.96998596191406,178.96998596191406,3100,0.0,0.0
2001-03-23 00:00:00+09:00,178.97000723174122,182.6601104736328,177.12495561079544,182.6601104736328,2500,0.0,0.0
2001-03-26 00:00:00+09:00,184.50514936216786,190.96282958984375,184.50514936216786,190.96282958984375,6700,0.0,0.0
2001-03-27 00:00:00+09:00,194.65295291063262,194.65295291063262,189.1177978515625,189.1177978515625,5900,0.0,0.0
2001-03-28 00:00:00+09:00,190.9628523393111,212.180947043679,190.9628523393111,202.9556884765625,7500,0.0,0.0
2001-03-29 00:00:00+09:00,202.9556884765625,202.9556884765625,202.9556884765625,202.9556884765625,2500,0.0,0.0
2001-03-30 00:00:00+09:00,202.955689023963,205.7232666015625,202.955689023963,205.7232666015625,2000,0.0,0.0
2001-04-02 00:00:00+09:00,202.95565643310545,202.95565643310545,184.50514221191406,184.50514221191406,400,0.0,0.0
2001-04-03 00:00:00+09:00,187.27274220784506,193.7304229736328,187.27274220784506,193.7304229736328,700,0.0,0.0
2001-04-04 00:00:00+09:00,202.9556884765625,202.9556884765625,202.9556884765625,202.9556884765625,200,0.0,0.0
2001-04-05 00:00:00+09:00,202.9556884765625,202.9556884765625,202.9556884765625,202.9556884765625,400,0.0,0.0
2001-04-06 00:00:00+09:00,198.34305628334602,198.34305628334602,189.1177978515625,189.1177978515625,1800,0.0,0.0
2001-04-09 00:00:00+09:00,189.1177978515625,189.1177978515625,189.1177978515625,189.1177978515625,100,0.0,0.0
2001-04-10 00:00:00+09:00,190.96281205362348,190.96281205362348,185.4276580810547,185.4276580810547,1000,0.0,0.0
2001-04-11 00:00:00+09:00,187.27272572236905,188.19525146484375,187.27272572236905,188.19525146484375,1400,0.0,0.0
2001-04-12 00:00:00+09:00,190.0403289794922,199.26558766781704,190.0403289794922,190.0403289794922,0,0.0,0.0
2001-04-13 00:00:00+09:00,194.65294556224018,201.11062622070312,194.65294556224018,201.11062622070312,5200,0.0,0.0
2001-04-16 00:00:00+09:00,202.0331553867885,207.5683103288923,193.7304229736328,193.7304229736328,4900,0.0,0.0
2001-04-17 00:00:00+09:00,195.57545471191406,198.34303190123362,195.57545471191406,195.57545471191406,700,0.0,0.0
2001-04-18 00:00:00+09:00,195.57545471191406,195.57545471191406,195.57545471191406,195.57545471191406,500,0.0,0.0
2001-04-19 00:00:00+09:00,207.5682891989654,207.5682891989654,195.57545471191406,195.57545471191406,1700,0.0,0.0
2001-04-20 00:00:00+09:00,202.95567626953124,266.60995655406606,198.34304726340554,253.69459533691406,43000,0.0,0.0
2001-04-23 00:00:00+09:00,313.6587567396567,327.49664306640625,295.20824163732397,327.49664306640625,91100,0.0,0.0
2001-04-24 00:00:00+09:00,326.5741231462597,326.5741231462597,285.9829891958771,312.7362365722656,96000,0.0,0.0
2001-04-25 00:00:00+09:00,312.73616665741275,312.73616665741275,262.91978612791337,275.83514404296875,43200,0.0,0.0
2001-04-26 00:00:00+09:00,312.73616665741275,312.73616665741275,262.91978612791337,275.83514404296875,43200,0.0,0.0
2001-04-27 00:00:00+09:00,289.6731337725106,289.6731337725106,272.1451416015625,272.1451416015625,16000,0.0,0.0
2001-04-30 00:00:00+09:00,272.1451416015625,272.1451416015625,272.1451416015625,272.1451416015625,0,0.0,0.0
2001-05-01 00:00:00+09:00,267.53246898382486,267.53246898382486,258.30721143265845,261.997314453125,9700,0.0,0.0
2001-05-02 00:00:00+09:00,263.8423815798682,285.98300101314385,263.8423815798682,283.2154235839844,6400,0.0,0.0
2001-05-03 00:00:00+09:00,283.2154235839844,283.2154235839844,283.2154235839844,283.2154235839844,0,0.0,0.0
2001-05-04 00:00:00+09:00,283.2154235839844,283.2154235839844,283.2154235839844,283.2154235839844,0,0.0,0.0
2001-05-07 00:00:00+09:00,262.91986612173224,262.91986612173224,239.85671997070312,239.85671997070312,15800,0.0,0.0
2001-05-08 00:00:00+09:00,249.0819331577846,267.5324467250279,249.0819331577846,258.30718994140625,7500,0.0,0.0
2001-05-09 00:00:00+09:00,267.5324467250279,267.5324467250279,254.61708722795757,258.30718994140625,1900,0.0,0.0
2001-05-10 00:00:00+09:00,251.84952957328707,251.84952957328707,240.7792205810547,240.7792205810547,9800,0.0,0.0
2001-05-11 00:00:00+09:00,244.46932531921158,249.08195409881935,244.46932531921158,246.3143768310547,3300,0.0,0.0
2001-05-14 00:00:00+09:00,246.31440089299127,246.31440089299127,239.85671997070312,239.85671997070312,8700,0.0,0.0
2001-05-15 00:00:00+09:00,239.85669653960383,246.3143768310547,239.85669653960383,246.3143768310547,1400,0.0,0.0
2001-05-16 00:00:00+09:00,246.31438137990125,246.31438137990125,244.46932983398438,244.46932983398438,500,0.0,0.0
2001-05-17 00:00:00+09:00,244.469305898629,244.469305898629,230.63142065908397,235.24404907226562,5100,0.0,0.0
2001-05-18 00:00:00+09:00,239.85671997070312,239.85671997070312,239.85671997070312,239.85671997070312,800,0.0,0.0
2001-05-21 00:00:00+09:00,239.85670387493408,239.85670387493408,212.18093035090322,218.63861083984375,12600,0.0,0.0
2001-05-22 00:00:00+09:00,221.40618522799747,226.01881408691406,218.6386079126475,226.01881408691406,8200,0.0,0.0
2001-05-23 00:00:00+09:00,229.70891259073727,235.244067110996,227.86386108398438,227.86386108398438,8200,0.0,0.0
2001-05-24 00:00:00+09:00,230.63146035502277,234.32156372070312,230.63146035502277,234.32156372070312,1400,0.0,0.0
2001-05-25 00:00:00+09:00,235.24404383417385,247.23687744140625,235.24404383417385,247.23687744140625,1100,0.0,0.0
2001-05-28 00:00:00+09:00,250.00445442769066,250.00445442769066,247.23687744140625,247.23687744140625,5300,0.0,0.0
2001-05-29 00:00:00+09:00,238.9341797377347,238.9341797377347,223.25124129935057,224.17376708984375,1400,0.0,0.0
2001-05-30 00:00:00+09:00,225.09628295898438,225.09628295898438,225.09628295898438,225.09628295898438,400,0.0,0.0
2001-05-31 00:00:00+09:00,224.17376282889887,244.46932983398438,224.17376282889887,244.46932983398438,3600,0.0,0.0
2001-06-01 00:00:00+09:00,244.4693504969279,244.4693504969279,221.4062042236328,221.4062042236328,7200,0.0,0.0
2001-06-04 00:00:00+09:00,235.24404907226562,239.8566774854473,234.3215233896293,235.24404907226562,2900,0.0,0.0
2001-06-05 00:00:00+09:00,235.24404907226562,235.24404907226562,235.24404907226562,235.24404907226562,200,0.0,0.0
2001-06-06 00:00:00+09:00,226.01881408691406,235.2440718047473,222.32871099978078,226.01881408691406,2500,0.0,0.0
2001-06-07 00:00:00+09:00,226.0187954711914,230.6314239501953,224.17374407958985,230.6314239501953,900,0.0,0.0
2001-06-08 00:00:00+09:00,235.24405242919923,235.24405242919923,230.6314239501953,230.6314239501953,1200,0.0,0.0
2001-06-11 00:00:00+09:00,230.63144294583068,262.919844958247,226.01881408691406,226.01881408691406,8600,0.0,0.0
2001-06-12 00:00:00+09:00,226.9413581261268,248.1594525850736,226.01883228008563,239.85671997070312,20300,0.0,0.0
2001-06-13 00:00:00+09:00,238.93419412466196,240.7792458167443,231.5539873563326,239.85671997070312,4000,0.0,0.0
2001-06-14 00:00:00+09:00,232.47647534179688,232.47647534179688,230.6314239501953,230.6314239501953,800,0.0,0.0
2001-06-15 00:00:00+09:00,221.4061827578787,221.4061827578787,217.71607971191406,217.71607971191406,1900,0.0,0.0
2001-06-18 00:00:00+09:00,217.7161008199056,226.01883347829184,212.1809457143148,221.4062042236328,3500,0.0,0.0
2001-06-19 00:00:00+09:00,221.40618522799747,226.01881408691406,221.40618522799747,226.01881408691406,1000,0.0,0.0
2001-06-20 00:00:00+09:00,220.48366777436073,220.48366777436073,219.56114196777344,219.56114196777344,2500,0.0,0.0
2001-06-21 00:00:00+09:00,219.56114196777344,219.56114196777344,216.79356454801157,219.56114196777344,4600,0.0,0.0
2001-06-22 00:00:00+09:00,219.56112930359626,227.86386108398438,219.56112930359626,227.86386108398438,4900,0.0,0.0
2001-06-25 00:00:00+09:00,227.86384361117496,235.24404907226562,227.86384361117496,235.24404907226562,11300,0.0,0.0
2001-06-26 00:00:00+09:00,236.1666087962963,253.6945992928964,236.1666087962963,249.08197021484375,10500,0.0,0.0
2001-06-27 00:00:00+09:00,258.3072283709491,258.3072283709491,249.08197021484375,249.08197021484375,7400,0.0,0.0
2001-06-28 00:00:00+09:00,248.15940310350106,248.15940310350106,247.23687744140625,247.23687744140625,1100,0.0,0.0
2001-06-29 00:00:00+09:00,247.23687744140625,247.23687744140625,247.23687744140625,247.23687744140625,100,0.0,0.0
2001-07-02 00:00:00+09:00,249.0819331577846,258.30718994140625,244.46930476597376,258.30718994140625,8800,0.0,0.0
2001-07-03 00:00:00+09:00,257.38469854181466,258.30722434303976,249.08196633078836,253.69459533691406,4200,0.0,0.0
2001-07-04 00:00:00+09:00,257.38470255533855,260.15228000217013,249.08197021484375,249.08197021484375,6000,0.0,0.0
2001-07-05 00:00:00+09:00,249.08195869877653,256.462164882444,244.46932983398438,244.46932983398438,3500,0.0,0.0
2001-07-06 00:00:00+09:00,234.32156372070312,256.4621839147853,234.32156372070312,234.32156372070312,0,0.0,0.0
2001-07-09 00:00:00+09:00,239.85671997070312,239.85671997070312,239.85671997070312,239.85671997070312,200,0.0,0.0
2001-07-10 00:00:00+09:00,235.24409198760986,235.24409198760986,221.4062042236328,221.4062042236328,300,0.0,0.0
2001-07-11 00:00:00+09:00,235.24409074049728,241.70177166278546,227.86388397216797,239.85671997070312,3300,0.0,0.0
2001-07-12 00:00:00+09:00,243.54680406102594,250.9270102446934,239.85670096919222,244.46932983398438,12400,0.0,0.0
2001-07-13 00:00:00+09:00,230.63146151029144,239.85671997070312,230.63146151029144,239.85671997070312,1500,0.0,0.0
2001-07-16 00:00:00+09:00,235.24404907226562,235.24404907226562,235.24404907226562,235.24404907226562,100,0.0,0.0
2001-07-17 00:00:00+09:00,235.24404907226562,235.24404907226562,235.24404907226562,235.24404907226562,100,0.0,0.0
2001-07-18 00:00:00+09:00,249.08197843111478,249.08197843111478,226.01883228008563,239.85671997070312,2200,0.0,0.0
2001-07-19 00:00:00+09:00,221.4062042236328,246.3144021987915,221.4062042236328,221.4062042236328,0,0.0,0.0
2001-07-20 00:00:00+09:00,221.4062042236328,221.4062042236328,221.4062042236328,221.4062042236328,0,0.0,0.0
2001-07-23 00:00:00+09:00,230.63146273295084,230.63146273295084,221.4062042236328,221.4062042236328,1600,0.0,0.0
2001-07-24 00:00:00+09:00,212.18093872070312,230.63145513119903,212.18093872070312,212.18093872070312,0,0.0,0.0
2001-07-25 00:00:00+09:00,222.3286895751953,222.3286895751953,222.3286895751953,222.3286895751953,500,0.0,0.0
2001-07-26 00:00:00+09:00,235.24409074049728,239.85671997070312,235.24409074049728,239.85671997070312,1200,0.0,0.0
2001-07-27 00:00:00+09:00,239.85671997070312,243.54682335486777,239.85671997070312,239.85671997070312,3300,0.0,0.0
2001-07-30 00:00:00+09:00,222.3286895751953,239.85667755000324,222.3286895751953,222.3286895751953,0,0.0,0.0
2001-07-31 00:00:00+09:00,230.6314239501953,230.6314239501953,230.6314239501953,230.6314239501953,200,0.0,0.0
2001-08-01 00:00:00+09:00,209.41336059570312,230.6314544005541,209.41336059570312,209.41336059570312,0,0.0,0.0
2001-08-02 00:00:00+09:00,230.6314239501953,230.6314239501953,229.70889825439454,230.6314239501953,600,0.0,0.0
2001-08-03 00:00:00+09:00,230.6314239501953,230.6314239501953,230.6314239501953,230.6314239501953,1000,0.0,0.0
2001-08-06 00:00:00+09:00,228.78640620964617,228.78640620964617,223.25125122070312,223.25125122070312,700,0.0,0.0
2001-08-07 00:00:00+09:00,223.25125122070312,223.25125122070312,203.87820875940244,223.25125122070312,2700,0.0,0.0
2001-08-08 00:00:00+09:00,221.4062042236328,221.4062042236328,221.4062042236328,221.4062042236328,1200,0.0,0.0
2001-08-09 00:00:00+09:00,216.7935791015625,216.7935791015625,216.7935791015625,216.7935791015625,300,0.0,0.0
2001-08-10 00:00:00+09:00,216.7935791015625,216.7935791015625,216.7935791015625,216.7935791015625,100,0.0,0.0
2001-08-13 00:00:00+09:00,217.71610497007978,217.71610497007978,216.7935791015625,216.7935791015625,2000,0.0,0.0
2001-08-14 00:00:00+09:00,216.7935791015625,216.7935791015625,216.7935791015625,216.7935791015625,200,0.0,0.0
2001-08-15 00:00:00+09:00,221.4061638923107,226.01879230673384,216.79353547788756,222.3286895751953,2100,0.0,0.0
2001-08-16 00:00:00+09:00,225.09628295898438,225.09628295898438,222.32870570948867,225.09628295898438,3800,0.0,0.0
2001-08-17 00:00:00+09:00,216.7935791015625,223.2512601811835,216.7935791015625,216.7935791015625,2100,0.0,0.0
2001-08-20 00:00:00+09:00,216.7935791015625,221.40620844414894,216.7935791015625,216.7935791015625,900,0.0,0.0
2001-08-21 00:00:00+09:00,221.40620844414894,221.40620844414894,216.7935791015625,216.7935791015625,3600,0.0,0.0
2001-08-22 00:00:00+09:00,221.40620844414894,230.6314671293218,216.7935791015625,216.7935791015625,4700,0.0,0.0
2001-08-23 00:00:00+09:00,216.7935791015625,221.40620844414894,216.7935791015625,216.7935791015625,500,0.0,0.0
2001-08-24 00:00:00+09:00,216.7935678233271,219.56114528490147,212.18093872070312,212.18093872070312,500,0.0,0.0
2001-08-27 00:00:00+09:00,216.7935678233271,221.40619692595106,212.18093872070312,212.18093872070312,8600,0.0,0.0
2001-08-28 00:00:00+09:00,216.7935749689738,221.4062042236328,216.7935749689738,221.4062042236328,1300,0.0,0.0
2001-08-29 00:00:00+09:00,213.1034698486328,213.1034698486328,213.1034698486328,213.1034698486328,300,0.0,0.0
2001-08-30 00:00:00+09:00,212.18093872070312,212.18093872070312,212.18093872070312,212.18093872070312,300,0.0,0.0
2001-08-31 00:00:00+09:00,212.18091003417967,230.6314239501953,212.18091003417967,230.6314239501953,1400,0.0,0.0
2001-09-03 00:00:00+09:00,213.1034698486328,221.406202440138,213.1034698486328,213.1034698486328,0,0.0,0.0
2001-09-04 00:00:00+09:00,212.1809207691866,212.1809207691866,203.87818908691406,203.87818908691406,1100,0.0,0.0
2001-09-05 00:00:00+09:00,189.1177978515625,189.1177978515625,189.1177978515625,189.1177978515625,200,0.0,0.0
2001-09-06 00:00:00+09:00,190.04031967889694,193.7304229736328,190.04031967889694,193.7304229736328,200,0.0,0.0
2001-09-07 00:00:00+09:00,192.8078844601705,202.03314208984375,192.8078844601705,202.03314208984375,500,0.0,0.0
2001-09-10 00:00:00+09:00,202.03315202905497,202.03315202905497,201.11062622070312,201.11062622070312,300,0.0,0.0
2001-09-11 00:00:00+09:00,201.11062622070312,201.11062622070312,201.11062622070312,201.11062622070312,3100,0.0,0.0
2001-09-12 00:00:00+09:00,201.11063039679274,201.11063039679274,175.2799072265625,175.2799072265625,7800,0.0,0.0
2001-09-13 00:00:00+09:00,167.89967941284178,184.50514221191406,167.89967941284178,184.50514221191406,5400,0.0,0.0
2001-09-14 00:00:00+09:00,191.88536071777344,191.88536071777344,191.88536071777344,191.88536071777344,100,0.0,0.0
2001-09-17 00:00:00+09:00,184.50517134232956,202.9556884765625,184.50517134232956,202.9556884765625,6100,0.0,0.0
2001-09-18 00:00:00+09:00,202.03315965605944,202.03315965605944,184.5051686356707,189.1177978515625,3100,0.0,0.0
2001-09-19 00:00:00+09:00,184.50514221191406,184.50514221191406,176.20241081237793,184.50514221191406,2400,0.0,0.0
2001-09-20 00:00:00+09:00,184.50514221191406,184.50514221191406,184.50514221191406,184.50514221191406,400,0.0,0.0
2001-09-21 00:00:00+09:00,186.35022696561592,198.3430633544922,186.35022696561592,198.3430633544922,800,0.0,0.0
2001-09-24 00:00:00+09:00,198.3430633544922,198.3430633544922,198.3430633544922,198.3430633544922,0,0.0,0.0
2001-09-25 00:00:00+09:00,216.7935808758403,216.7935808758403,198.3430633544922,198.3430633544922,6800,0.0,0.0
2001-09-26 00:00:00+09:00,201.1106045446663,201.1106045446663,192.80787316438193,197.42050170898438,6200,0.0,0.0
2001-09-27 00:00:00+09:00,197.42053333629264,202.9556884765625,197.42053333629264,202.9556884765625,2100,0.0,0.0
2001-09-28 00:00:00+09:00,202.9556884765625,202.9556884765625,202.9556884765625,202.9556884765625,0,0.0,0.0
2001-10-01 00:00:00+09:00,185.4276580810547,186.3501837431495,185.4276580810547,185.4276580810547,2900,0.0,0.0
2001-10-02 00:00:00+09:00,200.18810796970274,200.18810796970274,188.19527200838414,189.1177978515625,3300,0.0,0.0
2001-10-03 00:00:00+09:00,194.65293516936126,199.26556396484375,194.65293516936126,199.26556396484375,1700,0.0,0.0
2001-10-04 00:00:00+09:00,194.65290447272878,194.65290447272878,185.4276483365805,186.3501739501953,1700,0.0,0.0
2001-10-05 00:00:00+09:00,198.3430633544922,204.80074448696402,198.3430633544922,198.3430633544922,7300,0.0,0.0
2001-10-08 00:00:00+09:00,198.3430633544922,198.3430633544922,198.3430633544922,198.3430633544922,0,0.0,0.0
2001-10-09 00:00:00+09:00,198.34305919300428,202.9556884765625,198.34305919300428,202.9556884765625,1100,0.0,0.0
2001-10-10 00:00:00+09:00,198.3430633544922,198.3430633544922,198.3430633544922,198.3430633544922,200,0.0,0.0
2001-10-11 00:00:00+09:00,194.65293884277344,194.65293884277344,194.65293884277344,194.65293884277344,1000,0.0,0.0
2001-10-12 00:00:00+09:00,196.49797367405247,204.8007049560547,195.5754479760522,204.8007049560547,2500,0.0,0.0
2001-10-15 00:00:00+09:00,207.56830068734976,215.87103271484375,205.72324912568442,215.87103271484375,4800,0.0,0.0
2001-10-16 00:00:00+09:00,215.87103271484375,221.40618739983972,215.87103271484375,215.87103271484375,6100,0.0,0.0
2001-10-17 00:00:00+09:00,202.03316261985086,202.9556884765625,202.03316261985086,202.9556884765625,1600,0.0,0.0
2001-10-18 00:00:00+09:00,212.18093872070312,212.18093872070312,202.03315469493035,212.18093872070312,4100,0.0,0.0
2001-10-19 00:00:00+09:00,199.26556396484375,199.26556396484375,199.26556396484375,199.26556396484375,100,0.0,0.0
2001-10-22 00:00:00+09:00,199.26556396484375,199.26556396484375,199.26556396484375,199.26556396484375,200,0.0,0.0
2001-10-23 00:00:00+09:00,201.11062622070312,201.11062622070312,201.11062622070312,201.11062622070312,300,0.0,0.0
2001-10-24 00:00:00+09:00,202.95565596250728,202.95565596250728,197.42050170898438,197.42050170898438,1600,0.0,0.0
2001-10-25 00:00:00+09:00,198.34305919300428,202.9556884765625,197.42053333629264,202.9556884765625,4100,0.0,0.0
2001-10-26 00:00:00+09:00,207.56830961807913,212.18093872070312,204.80073215650475,212.18093872070312,2700,0.0,0.0
2001-10-29 00:00:00+09:00,221.4062042236328,226.01883347829184,220.483678372701,221.4062042236328,7000,0.0,0.0
2001-10-30 00:00:00+09:00,221.4062042236328,226.01883347829184,221.4062042236328,221.4062042236328,5100,0.0,0.0
2001-10-31 00:00:00+09:00,207.5683135986328,216.79357198079427,207.5683135986328,207.5683135986328,0,0.0,0.0
2001-11-01 00:00:00+09:00,207.5683135986328,212.18094278971355,207.5683135986328,207.5683135986328,0,0.0,0.0
2001-11-02 00:00:00+09:00,212.1809457143148,221.4062042236328,202.95568720499674,221.4062042236328,4000,0.0,0.0
2001-11-05 00:00:00+09:00,221.4062042236328,221.4062042236328,221.4062042236328,221.4062042236328,1000,0.0,0.0
2001-11-06 00:00:00+09:00,198.34304642989645,211.25840759277344,193.73041744315466,211.25840759277344,5800,0.0,0.0
2001-11-07 00:00:00+09:00,211.25840759277344,211.25840759277344,211.25840759277344,211.25840759277344,200,0.0,0.0
2001-11-08 00:00:00+09:00,190.96282958984375,211.2583960196822,190.96282958984375,190.96282958984375,0,0.0,0.0
2001-11-09 00:00:00+09:00,190.96282958984375,190.96282958984375,190.96282958984375,190.96282958984375,0,0.0,0.0
2001-11-12 00:00:00+09:00,190.96284232883278,210.33588430422162,190.96284232883278,201.11062622070312,1000,0.0,0.0
2001-11-13 00:00:00+09:00,203.8781713229507,203.8781713229507,185.4276580810547,185.4276580810547,7000,0.0,0.0
2001-11-14 00:00:00+09:00,189.11776072943388,193.7303890399079,185.4276580810547,185.4276580810547,900,0.0,0.0
2001-11-15 00:00:00+09:00,184.50514221191406,184.50514221191406,184.50514221191406,184.50514221191406,200,0.0,0.0
2001-11-16 00:00:00+09:00,179.8925323486328,179.8925323486328,179.8925323486328,179.8925323486328,100,0.0,0.0
2001-11-19 00:00:00+09:00,185.4276580810547,189.11776072943388,180.8150297705807,185.4276580810547,4200,0.0,0.0
2001-11-20 00:00:00+09:00,189.11776072943388,192.80786337781308,185.4276580810547,185.4276580810547,1800,0.0,0.0
2001-11-21 00:00:00+09:00,180.8150634765625,180.8150634765625,180.8150634765625,180.8150634765625,100,0.0,0.0
2001-11-22 00:00:00+09:00,180.81506704776845,180.81506704776845,166.05465341121592,173.4348602294922,3800,0.0,0.0
2001-11-23 00:00:00+09:00,173.4348602294922,173.4348602294922,173.4348602294922,173.4348602294922,0,0.0,0.0
2001-11-26 00:00:00+09:00,173.4348602294922,173.4348602294922,173.4348602294922,173.4348602294922,0,0.0,0.0
2001-11-27 00:00:00+09:00,194.65294556224018,201.11062622070312,191.88536813718463,201.11062622070312,5200,0.0,0.0
2001-11-28 00:00:00+09:00,197.42050170898438,197.42050170898438,197.42050170898438,197.42050170898438,3300,0.0,0.0
2001-11-29 00:00:00+09:00,184.50514221191406,184.50514221191406,184.50514221191406,184.50514221191406,2000,0.0,0.0
2001-11-30 00:00:00+09:00,174.35737750713642,179.8925323486328,174.35737750713642,179.8925323486328,1800,0.0,0.0
2001-12-03 00:00:00+09:00,176.20240885941024,178.96998596191406,175.27988315857564,178.96998596191406,1800,0.0,0.0
2001-12-04 00:00:00+09:00,175.2799072265625,175.2799072265625,175.2799072265625,175.2799072265625,3700,0.0,0.0
2001-12-05 00:00:00+09:00,175.27991135055953,175.27991135055953,170.6672821044922,170.6672821044922,2200,0.0,0.0
2001-12-06 00:00:00+09:00,175.2799072265625,180.81506219161184,170.66727808902138,175.2799072265625,4000,0.0,0.0
2001-12-07 00:00:00+09:00,170.6672821044922,170.6672821044922,170.6672821044922,170.6672821044922,100,0.0,0.0
2001-12-10 00:00:00+09:00,170.6672821044922,170.6672821044922,170.6672821044922,170.6672821044922,900,0.0,0.0
2001-12-11 00:00:00+09:00,170.6672821044922,170.6672821044922,170.6672821044922,170.6672821044922,100,0.0,0.0
2001-12-12 00:00:00+09:00,170.6672821044922,175.27991135055953,170.6672821044922,170.6672821044922,1600,0.0,0.0
2001-12-13 00:00:00+09:00,170.66727611900035,170.66727611900035,166.9771728515625,166.9771728515625,4900,0.0,0.0
2001-12-14 00:00:00+09:00,166.9771728515625,166.9771728515625,166.05464703470304,166.9771728515625,1100,0.0,0.0
2001-12-17 00:00:00+09:00,166.0546384538923,166.9771642230806,154.06180345444452,154.9843292236328,2900,0.0,0.0
2001-12-18 00:00:00+09:00,147.6041259765625,148.52665176391602,147.6041259765625,147.6041259765625,3600,0.0,0.0
2001-12-19 00:00:00+09:00,152.21675491333008,152.21675491333008,147.6041259765625,147.6041259765625,1400,0.0,0.0
2001-12-20 00:00:00+09:00,147.6041259765625,152.21675491333008,147.6041259765625,147.6041259765625,13200,0.0,0.0
2001-12-21 00:00:00+09:00,147.6041259765625,147.6041259765625,147.6041259765625,147.6041259765625,4700,0.0,0.0
2001-12-24 00:00:00+09:00,147.6041259765625,147.6041259765625,147.6041259765625,147.6041259765625,0,0.0,0.0
2001-12-25 00:00:00+09:00,147.6041259765625,147.6041259765625,142.99149703979492,147.6041259765625,16800,0.0,0.0
2001-12-26 00:00:00+09:00,147.60413315716912,156.8293914794922,147.60413315716912,156.8293914794922,6100,0.0,0.0
2001-12-27 00:00:00+09:00,156.8293799198035,156.8293799198035,152.2167510986328,152.2167510986328,1400,0.0,0.0
2001-12-28 00:00:00+09:00,152.2167510986328,156.8293799198035,152.2167510986328,152.2167510986328,0,0.0,0.0
2001-12-31 00:00:00+09:00,152.2167510986328,152.2167510986328,152.2167510986328,152.2167510986328,0,0.0,0.0
2002-01-01 00:00:00+09:00,152.2167510986328,152.2167510986328,152.2167510986328,152.2167510986328,0,0.0,0.0
2002-01-02 00:00:00+09:00,152.2167510986328,152.2167510986328,152.2167510986328,152.2167510986328,0,0.0,0.0
2002-01-03 00:00:00+09:00,152.2167510986328,152.2167510986328,152.2167510986328,152.2167510986328,0,0.0,0.0
2002-01-04 00:00:00+09:00,147.6041259765625,156.82938385009766,147.6041259765625,147.6041259765625,0,0.0,0.0
2002-01-07 00:00:00+09:00,153.13928431919643,161.4420166015625,152.21675851004466,161.4420166015625,2200,0.0,0.0
2002-01-08 00:00:00+09:00,152.2167510986328,165.13211179791074,152.2167510986328,152.2167510986328,0,0.0,0.0
2002-01-09 00:00:00+09:00,156.82938385009766,166.0546417236328,156.82938385009766,166.0546417236328,3400,0.0,0.0
2002-01-10 00:00:00+09:00,161.4420166015625,161.4420166015625,161.4420166015625,161.4420166015625,400,0.0,0.0
2002-01-11 00:00:00+09:00,161.4420166015625,161.4420166015625,161.4420166015625,161.4420166015625,1000,0.0,0.0
2002-01-14 00:00:00+09:00,161.4420166015625,161.4420166015625,161.4420166015625,161.4420166015625,0,0.0,0.0
2002-01-15 00:00:00+09:00,162.3645654296875,162.3645654296875,138.37889099121094,138.37889099121094,9800,0.0,0.0
2002-01-16 00:00:00+09:00,152.21675491333008,152.21675491333008,142.99149703979492,147.6041259765625,800,0.0,0.0
2002-01-17 00:00:00+09:00,147.6041259765625,147.6041259765625,147.6041259765625,147.6041259765625,1000,0.0,0.0
2002-01-18 00:00:00+09:00,152.21674836439894,161.4420058410292,151.2942226167359,159.59695434570312,1900,0.0,0.0
2002-01-21 00:00:00+09:00,153.13928431919643,161.4420166015625,153.13928431919643,161.4420166015625,11900,0.0,0.0
2002-01-22 00:00:00+09:00,161.44203706221145,166.05466669256037,161.44203706221145,162.36456298828125,2700,0.0,0.0
2002-01-23 00:00:00+09:00,157.75190568403764,157.75190568403764,152.2167510986328,152.2167510986328,1200,0.0,0.0
2002-01-24 00:00:00+09:00,158.6744285980401,159.59695434570312,153.13927411206197,159.59695434570312,2000,0.0,0.0
2002-01-25 00:00:00+09:00,160.51948383876257,160.51948383876257,154.9843292236328,154.9843292236328,8700,0.0,0.0
2002-01-28 00:00:00+09:00,162.36453857421876,166.0546417236328,162.36453857421876,166.0546417236328,1100,0.0,0.0
2002-01-29 00:00:00+09:00,157.7519073486328,165.1321135403817,157.7519073486328,157.7519073486328,0,0.0,0.0
2002-01-30 00:00:00+09:00,156.8293914794922,160.51949480842143,156.8293914794922,156.8293914794922,0,0.0,0.0
2002-01-31 00:00:00+09:00,156.8293914794922,156.8293914794922,156.8293914794922,156.8293914794922,0,0.0,0.0
2002-02-01 00:00:00+09:00,156.8293799198035,156.8293799198035,142.99149345629144,152.2167510986328,29900,0.0,0.0
2002-02-04 00:00:00+09:00,150.37170874554178,155.90686366869056,146.6816054634426,148.5266571044922,6500,0.0,0.0
2002-02-05 00:00:00+09:00,143.91400895381997,150.37168884277344,142.99148325539804,150.37168884277344,2400,0.0,0.0
2002-02-06 00:00:00+09:00,150.37169957016454,152.2167510986328,150.37169957016454,152.2167510986328,300,0.0,0.0
2002-02-07 00:00:00+09:00,147.60413595715409,147.60413595715409,138.37887745983195,146.68161010742188,2300,0.0,0.0
2002-02-08 00:00:00+09:00,145.7590744018555,147.6041259765625,145.7590744018555,147.6041259765625,2000,0.0,0.0
2002-02-11 00:00:00+09:00,147.6041259765625,147.6041259765625,147.6041259765625,147.6041259765625,0,0.0,0.0
2002-02-12 00:00:00+09:00,148.52665176391602,161.44201278686523,147.6041259765625,147.6041259765625,15700,0.0,0.0
2002-02-13 00:00:00+09:00,152.2167596937735,152.2167596937735,145.7590789794922,145.7590789794922,4200,0.0,0.0
2002-02-14 00:00:00+09:00,145.7590789794922,145.7590789794922,145.7590789794922,145.7590789794922,1000,0.0,0.0
2002-02-15 00:00:00+09:00,145.7590744018555,147.6041259765625,145.7590744018555,147.6041259765625,2300,0.0,0.0
2002-02-18 00:00:00+09:00,149.4491729736328,154.9843275282118,149.4491729736328,149.4491729736328,0,0.0,0.0
2002-02-19 00:00:00+09:00,152.2167510986328,154.98432839133523,152.2167510986328,152.2167510986328,2300,0.0,0.0
2002-02-20 00:00:00+09:00,151.29422449182582,151.29422449182582,149.4491729736328,149.4491729736328,200,0.0,0.0
2002-02-21 00:00:00+09:00,148.52664249348192,195.57545471191406,147.60411676370873,195.57545471191406,17000,0.0,0.0
2002-02-22 00:00:00+09:00,193.73042990944603,207.56831776012075,189.11780062588778,202.9556884765625,14600,0.0,0.0
2002-02-25 00:00:00+09:00,202.95567244428642,211.25840449882543,200.18809509277344,200.18809509277344,11100,0.0,0.0
2002-02-26 00:00:00+09:00,185.42766792297363,189.1177707672119,184.50514221191406,184.50514221191406,5300,0.0,0.0
2002-02-27 00:00:00+09:00,176.20242912096853,183.58263557629706,176.20242912096853,179.8925323486328,2600,0.0,0.0
2002-02-28 00:00:00+09:00,179.8925323486328,183.58263557629706,175.2799033140525,179.8925323486328,2200,0.0,0.0
2002-03-01 00:00:00+09:00,188.19525146484375,188.19525146484375,188.19525146484375,188.19525146484375,2900,0.0,0.0
2002-03-04 00:00:00+09:00,187.27271934509275,187.27271934509275,184.50514221191406,184.50514221191406,2600,0.0,0.0
2002-03-05 00:00:00+09:00,179.8925323486328,179.8925323486328,166.05464524489182,179.8925323486328,7900,0.0,0.0
2002-03-06 00:00:00+09:00,173.43484880624572,173.43484880624572,166.97716826558764,168.8222198486328,2700,0.0,0.0
2002-03-07 00:00:00+09:00,166.05465341121592,173.4348602294922,166.05465341121592,173.4348602294922,4100,0.0,0.0
2002-03-08 00:00:00+09:00,175.2799033140525,179.8925323486328,170.66727427947214,179.8925323486328,6900,0.0,0.0
2002-03-11 00:00:00+09:00,176.2024284203847,177.1249542236328,175.27990261713663,177.1249542236328,7000,0.0,0.0
2002-03-12 00:00:00+09:00,189.11779041779346,189.11779041779346,178.04748073480067,179.8925323486328,11000,0.0,0.0
2002-03-13 00:00:00+09:00,179.89253941977896,193.73042706745426,179.89253941977896,189.1177978515625,2500,0.0,0.0
2002-03-14 00:00:00+09:00,193.73043397415518,198.3430633544922,184.5051752134811,198.3430633544922,8600,0.0,0.0
2002-03-15 00:00:00+09:00,198.34305628334602,199.26558212652438,184.5051686356707,189.1177978515625,5700,0.0,0.0
2002-03-18 00:00:00+09:00,193.73041764400793,198.34304663553192,187.27273705587433,192.80789184570312,1500,0.0,0.0
2002-03-19 00:00:00+09:00,184.5051524403331,184.5051524403331,167.89968872070312,167.89968872070312,4700,0.0,0.0
2002-03-20 00:00:00+09:00,171.58978810029873,179.89251978257124,171.58978810029873,172.51231384277344,3500,0.0,0.0
2002-03-21 00:00:00+09:00,172.51231384277344,172.51231384277344,172.51231384277344,172.51231384277344,0,0.0,0.0
2002-03-22 00:00:00+09:00,173.43485101064044,177.1249542236328,171.5897994041443,177.1249542236328,2700,0.0,0.0
2002-03-25 00:00:00+09:00,178.04748073480067,182.660109769381,170.66727427947214,179.8925323486328,10600,0.0,0.0
2002-03-26 00:00:00+09:00,175.2799072265625,175.2799072265625,166.05464895148026,175.2799072265625,1700,0.0,0.0
2002-03-27 00:00:00+09:00,174.3573908652029,174.3573908652029,170.6672873548282,171.58981323242188,2200,0.0,0.0
2002-03-28 00:00:00+09:00,170.6672821044922,170.6672821044922,170.6672821044922,170.6672821044922,2000,0.0,0.0
2002-03-29 00:00:00+09:00,171.5897964477539,171.5897964477539,166.0546417236328,166.0546417236328,2900,0.0,0.0
2002-04-01 00:00:00+09:00,167.89970592151988,202.9556884765625,167.89970592151988,202.9556884765625,24700,0.0,0.0
2002-04-02 00:00:00+09:00,211.25842118696735,229.7089383212003,184.50517134232956,202.9556884765625,36000,0.0,0.0
2002-04-03 00:00:00+09:00,202.95568121047245,207.5683103288923,188.195268031529,193.7304229736328,9700,0.0,0.0
2002-04-04 00:00:00+09:00,192.8079040527344,211.25842118696735,184.50517134232956,202.9556884765625,7400,0.0,0.0
2002-04-05 00:00:00+09:00,203.8781936157784,203.8781936157784,185.42767835643193,202.03314208984375,5300,0.0,0.0
2002-04-08 00:00:00+09:00,202.9556910738032,216.7935791015625,199.26558759973403,216.7935791015625,2300,0.0,0.0
2002-04-09 00:00:00+09:00,216.79357632723722,216.79357632723722,202.9556884765625,202.9556884765625,7700,0.0,0.0
2002-04-10 00:00:00+09:00,208.49083943684897,212.18094278971355,184.50516764322919,207.5683135986328,7500,0.0,0.0
2002-04-11 00:00:00+09:00,193.7304229736328,193.7304229736328,193.7304229736328,193.7304229736328,100,0.0,0.0
2002-04-12 00:00:00+09:00,193.73042990944603,202.9556884765625,193.73042990944603,202.9556884765625,2300,0.0,0.0
2002-04-15 00:00:00+09:00,207.56831776012075,210.33589533025568,202.9556884765625,202.9556884765625,2100,0.0,0.0
2002-04-16 00:00:00+09:00,203.87821433327414,203.87821433327414,202.9556884765625,202.9556884765625,2100,0.0,0.0
2002-04-17 00:00:00+09:00,202.9556884765625,202.9556884765625,202.9556884765625,202.9556884765625,3700,0.0,0.0
2002-04-18 00:00:00+09:00,194.65293884277344,206.64577393735192,194.65293884277344,194.65293884277344,0,0.0,0.0
2002-04-19 00:00:00+09:00,190.0403289794922,202.955691143147,190.0403289794922,190.0403289794922,0,0.0,0.0
2002-04-22 00:00:00+09:00,190.96282174654095,197.42050170898438,184.50514178409753,197.42050170898438,7900,0.0,0.0
2002-04-23 00:00:00+09:00,193.7304229736328,193.7304229736328,193.7304229736328,193.7304229736328,5500,0.0,0.0
2002-04-24 00:00:00+09:00,197.4205374784248,198.3430633544922,185.42770108954852,198.3430633544922,4600,0.0,0.0
2002-04-25 00:00:00+09:00,198.34305141283116,212.18093872070312,189.11779320758322,212.18093872070312,14800,0.0,0.0
2002-04-26 00:00:00+09:00,202.9556844075521,207.5683135986328,193.73042602539064,207.5683135986328,7400,0.0,0.0
2002-04-29 00:00:00+09:00,207.5683135986328,207.5683135986328,207.5683135986328,207.5683135986328,0,0.0,0.0
2002-04-30 00:00:00+09:00,207.5683135986328,209.4133652750651,193.73042602539064,207.5683135986328,4100,0.0,0.0
2002-05-01 00:00:00+09:00,198.34302202541025,198.34302202541025,181.73755971630615,183.58261108398438,9600,0.0,0.0
2002-05-02 00:00:00+09:00,191.88536071777344,191.88536071777344,191.88536071777344,191.88536071777344,1600,0.0,0.0
2002-05-03 00:00:00+09:00,191.88536071777344,191.88536071777344,191.88536071777344,191.88536071777344,0,0.0,0.0
2002-05-06 00:00:00+09:00,191.88536071777344,191.88536071777344,191.88536071777344,191.88536071777344,0,0.0,0.0
2002-05-07 00:00:00+09:00,186.3501837431495,186.3501837431495,185.4276580810547,185.4276580810547,200,0.0,0.0
2002-05-08 00:00:00+09:00,184.5051324189599,185.4276580810547,184.5051324189599,185.4276580810547,700,0.0,0.0
2002-05-09 00:00:00+09:00,189.1177871779268,189.1177871779268,179.89252926680842,187.27273559570312,300,0.0,0.0
2002-05-10 00:00:00+09:00,186.3501837431495,186.3501837431495,180.8150297705807,185.4276580810547,400,0.0,0.0
2002-05-13 00:00:00+09:00,186.3501837431495,186.3501837431495,185.4276580810547,185.4276580810547,1500,0.0,0.0
2002-05-14 00:00:00+09:00,185.4276580810547,187.27270940524429,185.4276580810547,185.4276580810547,9200,0.0,0.0
2002-05-15 00:00:00+09:00,185.42766792297363,185.42766792297363,175.27988510131834,184.50514221191406,700,0.0,0.0
2002-05-16 00:00:00+09:00,184.50514221191406,189.1177707672119,184.50514221191406,184.50514221191406,0,0.0,0.0
2002-05-17 00:00:00+09:00,189.1177978515625,190.9628495379192,189.1177978515625,189.1177978515625,1500,0.0,0.0
2002-05-20 00:00:00+09:00,189.1177978515625,193.73042706745426,189.1177978515625,189.1177978515625,3200,0.0,0.0
2002-05-21 00:00:00+09:00,190.9628455025809,193.7304229736328,190.9628455025809,193.7304229736328,900,0.0,0.0
2002-05-22 00:00:00+09:00,193.73043397415518,198.3430633544922,193.73043397415518,198.3430633544922,1300,0.0,0.0
2002-05-23 00:00:00+09:00,200.18808972394024,200.18808972394024,199.26556396484375,199.26556396484375,200,0.0,0.0
2002-05-24 00:00:00+09:00,199.26556124005998,206.64576721191406,198.34303549357824,206.64576721191406,5700,0.0,0.0
2002-05-27 00:00:00+09:00,206.64578379755434,212.18093872070312,206.64578379755434,212.18093872070312,6200,0.0,0.0
2002-05-28 00:00:00+09:00,210.33589974336846,211.25842561943588,198.3430633544922,198.3430633544922,3600,0.0,0.0
2002-05-29 00:00:00+09:00,216.7935749689738,244.4693504969279,214.9485232671102,221.4062042236328,31500,0.0,0.0
2002-05-30 00:00:00+09:00,227.86386563048072,227.86386563048072,217.71608214086416,226.01881408691406,6500,0.0,0.0
2002-05-31 00:00:00+09:00,221.4061857524671,221.4061857524671,210.33587646484375,210.33587646484375,8800,0.0,0.0
2002-06-03 00:00:00+09:00,211.2584129001783,219.56114528490147,201.11062887440556,212.18093872070312,8600,0.0,0.0
2002-06-04 00:00:00+09:00,216.7935678233271,216.7935678233271,212.18093872070312,212.18093872070312,200,0.0,0.0
2002-06-05 00:00:00+09:00,201.11061872515762,210.33587646484375,201.11061872515762,210.33587646484375,400,0.0,0.0
2002-06-06 00:00:00+09:00,200.1880905639091,202.03314208984375,200.1880905639091,202.03314208984375,1100,0.0,0.0
2002-06-07 00:00:00+09:00,201.11061273302352,206.64576721191406,201.11061273302352,206.64576721191406,1600,0.0,0.0
2002-06-10 00:00:00+09:00,200.18808336077998,202.9556605500995,195.57545471191406,195.57545471191406,1300,0.0,0.0
2002-06-11 00:00:00+09:00,198.3430435250981,201.1106208766111,198.3430435250981,200.18809509277344,2500,0.0,0.0
2002-06-12 00:00:00+09:00,202.95566785281108,202.95566785281108,200.1880905639091,202.03314208984375,6900,0.0,0.0
2002-06-13 00:00:00+09:00,202.03313482032632,202.03313482032632,195.57545471191406,195.57545471191406,1600,0.0,0.0
2002-06-14 00:00:00+09:00,194.65295985022257,198.3430633544922,194.65295985022257,198.3430633544922,2100,0.0,0.0
2002-06-17 00:00:00+09:00,193.73043397415518,202.0331668587618,193.73043397415518,198.3430633544922,15700,0.0,0.0
2002-06-18 00:00:00+09:00,198.34305209205263,200.18810373942057,193.7304229736328,193.7304229736328,4400,0.0,0.0
2002-06-19 00:00:00+09:00,193.73039932250975,193.73039932250975,177.1249365234375,184.50514221191406,10000,0.0,0.0
2002-06-20 00:00:00+09:00,184.5051367678235,184.5051367678235,178.9699826647888,183.58261108398438,2900,0.0,0.0
2002-06-21 00:00:00+09:00,175.2799072265625,183.58263967413652,175.2799072265625,175.2799072265625,8300,0.0,0.0
2002-06-24 00:00:00+09:00,176.20242309570312,179.89252619718383,176.20242309570312,176.20242309570312,0,0.0,0.0
2002-06-25 00:00:00+09:00,179.89253941977896,189.1177978515625,179.89253941977896,189.1177978515625,3800,0.0,0.0
2002-06-26 00:00:00+09:00,188.19525146484375,188.19525146484375,177.12494255514707,188.19525146484375,5600,0.0,0.0
2002-06-27 00:00:00+09:00,178.0474853515625,187.2727436599336,178.0474853515625,178.0474853515625,0,0.0,0.0
2002-06-28 00:00:00+09:00,184.50514221191406,184.50514221191406,184.50514221191406,184.50514221191406,1000,0.0,0.0
2002-07-01 00:00:00+09:00,184.50516138321314,184.50516138321314,179.8925323486328,179.8925323486328,400,0.0,0.0
2002-07-02 00:00:00+09:00,184.50516138321314,188.1952646108774,179.8925323486328,179.8925323486328,7900,0.0,0.0
2002-07-03 00:00:00+09:00,179.8925323486328,183.58263557629706,179.8925323486328,179.8925323486328,0,0.0,0.0
2002-07-04 00:00:00+09:00,180.8150634765625,184.50516681281889,180.8150634765625,180.8150634765625,0,0.0,0.0
2002-07-05 00:00:00+09:00,184.5051620945786,184.5051620945786,182.6601104736328,182.6601104736328,2600,0.0,0.0
2002-07-08 00:00:00+09:00,185.42768790505147,185.42768790505147,182.6601104736328,182.6601104736328,3100,0.0,0.0
2002-07-09 00:00:00+09:00,177.1249542236328,182.66010904312134,177.1249542236328,177.1249542236328,0,0.0,0.0
2002-07-10 00:00:00+09:00,179.89253163337708,190.04031546910602,177.1249542236328,177.1249542236328,7800,0.0,0.0
2002-07-11 00:00:00+09:00,178.0474853515625,178.0474853515625,178.0474853515625,178.0474853515625,400,0.0,0.0
2002-07-12 00:00:00+09:00,178.04748773342226,189.1177978515625,178.04748773342226,189.1177978515625,2500,0.0,0.0
2002-07-15 00:00:00+09:00,189.11777720731848,192.80788017721738,179.89251978257124,188.19525146484375,5600,0.0,0.0
2002-07-16 00:00:00+09:00,179.89253304221413,182.6601104736328,179.89253304221413,182.6601104736328,5400,0.0,0.0
2002-07-17 00:00:00+09:00,177.1249542236328,177.1249542236328,177.1249542236328,177.1249542236328,1300,0.0,0.0
2002-07-18 00:00:00+09:00,170.6672821044922,170.6672821044922,170.6672821044922,170.6672821044922,600,0.0,0.0
2002-07-19 00:00:00+09:00,175.2799033140525,179.8925323486328,175.2799033140525,179.8925323486328,4100,0.0,0.0
2002-07-22 00:00:00+09:00,175.2799072265625,179.89253636410362,175.2799072265625,175.2799072265625,0,0.0,0.0
2002-07-23 00:00:00+09:00,176.20240985076438,182.660089792939,175.27988414473944,181.73756408691406,3900,0.0,0.0
2002-07-24 00:00:00+09:00,175.2799072265625,175.2799072265625,175.2799072265625,175.2799072265625,400,0.0,0.0
2002-07-25 00:00:00+09:00,180.8150634765625,180.8150634765625,180.8150634765625,180.8150634765625,1900,0.0,0.0
2002-07-26 00:00:00+09:00,180.815051972554,180.815051972554,176.20242309570312,176.20242309570312,3500,0.0,0.0
2002-07-29 00:00:00+09:00,175.27991674279653,175.27991674279653,171.58981323242188,171.58981323242188,400,0.0,0.0
2002-07-30 00:00:00+09:00,170.6672873548282,171.58981323242188,170.6672873548282,171.58981323242188,200,0.0,0.0
2002-07-31 00:00:00+09:00,171.58981323242188,171.58981323242188,171.58981323242188,171.58981323242188,1700,0.0,0.0
2002-08-01 00:00:00+09:00,171.58981323242188,171.58981323242188,171.58981323242188,171.58981323242188,100,0.0,0.0
2002-08-02 00:00:00+09:00,170.6672821044922,170.6672821044922,170.6672821044922,170.6672821044922,2800,0.0,0.0
2002-08-05 00:00:00+09:00,170.66730524530473,175.27993511679946,139.30142211914062,139.30142211914062,4500,0.0,0.0
2002-08-06 00:00:00+09:00,156.8293914794922,172.5123306274414,156.8293914794922,156.8293914794922,3900,0.0,0.0
2002-08-07 00:00:00+09:00,156.8293943662901,170.6672821044922,156.8293943662901,170.6672821044922,2600,0.0,0.0
2002-08-08 00:00:00+09:00,161.44200036692064,161.44200036692064,156.82937178500862,158.67442321777344,1500,0.0,0.0
2002-08-09 00:00:00+09:00,161.4420166015625,166.05464564732142,161.4420166015625,161.4420166015625,0,0.0,0.0
2002-08-12 00:00:00+09:00,166.05467721317592,166.05467721317592,164.20962524414062,164.20962524414062,600,0.0,0.0
2002-08-13 00:00:00+09:00,166.0546417236328,166.0546417236328,164.2095901489258,166.0546417236328,2100,0.0,0.0
2002-08-14 00:00:00+09:00,166.0546417236328,166.0546417236328,166.0546417236328,166.0546417236328,3900,0.0,0.0
2002-08-15 00:00:00+09:00,166.0546417236328,166.0546417236328,166.0546417236328,166.0546417236328,700,0.0,0.0
2002-08-16 00:00:00+09:00,166.05464895148026,175.2799072265625,166.05464895148026,175.2799072265625,600,0.0,0.0
2002-08-19 00:00:00+09:00,166.0546417236328,175.27989959716797,166.0546417236328,166.0546417236328,0,0.0,0.0
2002-08-20 00:00:00+09:00,166.9771728515625,175.27990520329766,166.9771728515625,166.9771728515625,0,0.0,0.0
2002-08-21 00:00:00+09:00,175.27991135055953,175.27991135055953,170.6672821044922,170.6672821044922,600,0.0,0.0
2002-08-22 00:00:00+09:00,161.4420166015625,170.66727469308037,161.4420166015625,161.4420166015625,0,0.0,0.0
2002-08-23 00:00:00+09:00,161.4420166015625,161.4420166015625,161.4420166015625,161.4420166015625,0,0.0,0.0
2002-08-26 00:00:00+09:00,175.27991135055953,175.27991135055953,170.6672821044922,170.6672821044922,2500,0.0,0.0
2002-08-27 00:00:00+09:00,174.35738550134607,174.35738550134607,170.6672821044922,170.6672821044922,400,0.0,0.0
2002-08-28 00:00:00+09:00,170.6672821044922,170.6672821044922,170.6672821044922,170.6672821044922,800,0.0,0.0
2002-08-29 00:00:00+09:00,170.6672821044922,170.6672821044922,170.6672821044922,170.6672821044922,2400,0.0,0.0
2002-08-30 00:00:00+09:00,169.7447509765625,169.7447509765625,169.7447509765625,169.7447509765625,42200,0.0,0.0
2002-09-02 00:00:00+09:00,166.0546417236328,166.0546417236328,166.0546417236328,166.0546417236328,200,0.0,0.0
2002-09-03 00:00:00+09:00,166.05465285842482,170.6672821044922,161.44202361235747,170.6672821044922,2600,0.0,0.0
2002-09-04 00:00:00+09:00,157.7519073486328,166.0546393143503,157.7519073486328,157.7519073486328,0,0.0,0.0
2002-09-05 00:00:00+09:00,161.44202064065374,164.20959813735064,156.8293914794922,156.8293914794922,2700,0.0,0.0
2002-09-06 00:00:00+09:00,156.8293914794922,156.8293914794922,156.8293914794922,156.8293914794922,2100,0.0,0.0
2002-09-09 00:00:00+09:00,156.8293914794922,156.8293914794922,156.8293914794922,156.8293914794922,800,0.0,0.0
2002-09-10 00:00:00+09:00,157.7519073486328,157.7519073486328,157.7519073486328,157.7519073486328,1000,0.0,0.0
2002-09-11 00:00:00+09:00,157.7519073486328,157.7519073486328,157.7519073486328,157.7519073486328,700,0.0,0.0
2002-09-12 00:00:00+09:00,157.7519073486328,157.7519073486328,157.7519073486328,157.7519073486328,1200,0.0,0.0
2002-09-13 00:00:00+09:00,157.7519073486328,157.7519073486328,157.7519073486328,157.7519073486328,3000,0.0,0.0
2002-09-16 00:00:00+09:00,157.7519073486328,157.7519073486328,157.7519073486328,157.7519073486328,0,0.0,0.0
2002-09-17 00:00:00+09:00,157.75190963745118,166.0546417236328,157.75190963745118,166.0546417236328,3600,0.0,0.0
2002-09-18 00:00:00+09:00,161.44202361235747,170.6672821044922,161.44202361235747,170.6672821044922,900,0.0,0.0
2002-09-19 00:00:00+09:00,161.44203706221145,175.27992595325816,161.44203706221145,162.36456298828125,4200,0.0,0.0
2002-09-20 00:00:00+09:00,161.4420166015625,161.4420166015625,161.4420166015625,161.4420166015625,1700,0.0,0.0
2002-09-23 00:00:00+09:00,161.4420166015625,161.4420166015625,161.4420166015625,161.4420166015625,0,0.0,0.0
2002-09-24 00:00:00+09:00,143.91403198242188,162.36454890324518,143.91403198242188,143.91403198242188,0,0.0,0.0
2002-09-25 00:00:00+09:00,161.44201278686523,166.0546417236328,161.44201278686523,166.0546417236328,2100,0.0,0.0
2002-09-26 00:00:00+09:00,166.0546417236328,166.0546417236328,166.0546417236328,166.0546417236328,2900,0.0,0.0
2002-09-27 00:00:00+09:00,156.8293914794922,156.8293914794922,156.8293914794922,156.8293914794922,500,0.0,0.0
2002-09-30 00:00:00+09:00,152.2167510986328,156.8293799198035,152.2167510986328,152.2167510986328,0,0.0,0.0
2002-10-01 00:00:00+09:00,156.82938385009766,156.82938385009766,147.6041259765625,147.6041259765625,3500,0.0,0.0
2002-10-02 00:00:00+09:00,149.44918482163374,156.8293914794922,149.44918482163374,156.8293914794922,6300,0.0,0.0
2002-10-03 00:00:00+09:00,143.91403198242188,156.8293938269982,143.91403198242188,143.91403198242188,0,0.0,0.0
2002-10-04 00:00:00+09:00,152.2167510986328,152.2167510986328,152.2167510986328,152.2167510986328,1100,0.0,0.0
2002-10-07 00:00:00+09:00,143.91402595921568,143.91402595921568,139.30139692206131,140.2239227294922,900,0.0,0.0
2002-10-08 00:00:00+09:00,142.99152069091798,142.99152069091798,138.37889099121094,138.37889099121094,1300,0.0,0.0
2002-10-09 00:00:00+09:00,138.37887179466986,142.9915008544922,138.37887179466986,142.9915008544922,1000,0.0,0.0
2002-10-10 00:00:00+09:00,142.99152069091798,142.99152069091798,138.37889099121094,138.37889099121094,1000,0.0,0.0
2002-10-11 00:00:00+09:00,138.3788961448417,142.9915260163364,138.3788961448417,139.30142211914062,1000,0.0,0.0
2002-10-14 00:00:00+09:00,139.30142211914062,139.30142211914062,139.30142211914062,139.30142211914062,0,0.0,0.0
2002-10-15 00:00:00+09:00,148.52664804169626,152.2167510986328,148.52664804169626,152.2167510986328,2000,0.0,0.0
2002-10-16 00:00:00+09:00,161.44200818292026,161.44200818292026,133.7662353515625,133.7662353515625,10800,0.0,0.0
2002-10-17 00:00:00+09:00,138.37889099121094,138.37889099121094,133.76626129150392,138.37889099121094,19600,0.0,0.0
2002-10-18 00:00:00+09:00,142.9915008544922,143.91402666645666,142.9915008544922,142.9915008544922,2900,0.0,0.0
2002-10-21 00:00:00+09:00,142.9915008544922,142.9915008544922,142.9915008544922,142.9915008544922,100,0.0,0.0
2002-10-22 00:00:00+09:00,143.91402666645666,147.6041299143145,142.9915008544922,142.9915008544922,2300,0.0,0.0
2002-10-23 00:00:00+09:00,142.9915008544922,142.9915008544922,142.9915008544922,142.9915008544922,700,0.0,0.0
2002-10-24 00:00:00+09:00,138.37889099121094,138.37889099121094,138.37889099121094,138.37889099121094,500,0.0,0.0
2002-10-25 00:00:00+09:00,142.99150670849303,146.68161010742188,142.99150670849303,146.68161010742188,2400,0.0,0.0
2002-10-28 00:00:00+09:00,147.60413595715409,151.29423935608295,146.68161010742188,146.68161010742188,3700,0.0,0.0
2002-10-29 00:00:00+09:00,146.68161010742188,148.5266618068863,146.68161010742188,146.68161010742188,0,0.0,0.0
2002-10-30 00:00:00+09:00,138.37889099121094,148.5266763305664,138.37889099121094,138.37889099121094,0,0.0,0.0
2002-10-31 00:00:00+09:00,138.3788961448417,139.30142211914062,138.3788961448417,139.30142211914062,700,0.0,0.0
2002-11-01 00:00:00+09:00,133.7662353515625,133.7662353515625,133.7662353515625,133.7662353515625,200,0.0,0.0
2002-11-04 00:00:00+09:00,133.7662353515625,133.7662353515625,133.7662353515625,133.7662353515625,0,0.0,0.0
2002-11-05 00:00:00+09:00,138.37887633080575,141.14645385742188,138.37887633080575,141.14645385742188,1300,0.0,0.0
2002-11-06 00:00:00+09:00,138.37889099121094,138.37889099121094,138.37889099121094,138.37889099121094,300,0.0,0.0
2002-11-07 00:00:00+09:00,138.37884131898272,138.37884131898272,130.07611083984375,130.07611083984375,6300,0.0,0.0
2002-11-08 00:00:00+09:00,132.84373535156251,138.37889099121094,132.84373535156251,138.37889099121094,400,0.0,0.0
2002-11-11 00:00:00+09:00,129.15359497070312,129.15359497070312,129.15359497070312,129.15359497070312,1100,0.0,0.0
2002-11-12 00:00:00+09:00,130.0761575317383,138.37889099121094,130.0761575317383,138.37889099121094,1600,0.0,0.0
2002-11-13 00:00:00+09:00,138.37889099121094,138.37889099121094,138.37889099121094,138.37889099121094,5700,0.0,0.0
2002-11-14 00:00:00+09:00,139.30141693115235,139.30141693115235,138.37889099121094,138.37889099121094,300,0.0,0.0
2002-11-15 00:00:00+09:00,129.15359497070312,129.15359497070312,129.15359497070312,129.15359497070312,200,0.0,0.0
2002-11-18 00:00:00+09:00,138.37885175432478,138.37885175432478,129.15359497070312,129.15359497070312,4000,0.0,0.0
2002-11-19 00:00:00+09:00,127.30855560302734,127.30855560302734,127.30855560302734,127.30855560302734,100,0.0,0.0
2002-11-20 00:00:00+09:00,127.30855560302734,127.30855560302734,127.30855560302734,127.30855560302734,100,0.0,0.0
2002-11-21 00:00:00+09:00,129.15361844576321,143.91403198242188,129.15361844576321,143.91403198242188,4500,0.0,0.0
2002-11-22 00:00:00+09:00,128.2310791015625,142.06896533554405,128.2310791015625,128.2310791015625,0,0.0,0.0
2002-11-25 00:00:00+09:00,135.61129991063532,147.60413595715409,134.6887740609031,146.68161010742188,8200,0.0,0.0
2002-11-26 00:00:00+09:00,146.68161486971908,146.68161486971908,142.06898547130027,144.83656311035156,5100,0.0,0.0
2002-11-27 00:00:00+09:00,137.45635986328125,142.9915152940174,137.45635986328125,137.45635986328125,0,0.0,0.0
2002-11-28 00:00:00+09:00,142.9915008544922,142.9915008544922,142.9915008544922,142.9915008544922,1000,0.0,0.0
2002-11-29 00:00:00+09:00,129.15359497070312,129.15359497070312,129.15359497070312,129.15359497070312,100,0.0,0.0
2002-12-02 00:00:00+09:00,129.15359497070312,129.15359497070312,129.15359497070312,129.15359497070312,0,0.0,0.0
2002-12-03 00:00:00+09:00,130.07612172373524,138.3788528975907,130.07612172373524,131.92117309570312,2500,0.0,0.0
2002-12-04 00:00:00+09:00,130.9986572265625,130.9986572265625,130.9986572265625,130.9986572265625,800,0.0,0.0
2002-12-05 00:00:00+09:00,129.15359497070312,129.15359497070312,129.15359497070312,129.15359497070312,3100,0.0,0.0
2002-12-06 00:00:00+09:00,129.15361418547454,129.15361418547454,124.54098510742188,124.54098510742188,1300,0.0,0.0
2002-12-09 00:00:00+09:00,126.38603210449219,126.38603210449219,126.38603210449219,126.38603210449219,800,0.0,0.0
2002-12-10 00:00:00+09:00,130.0761305994267,130.0761305994267,128.2310791015625,128.2310791015625,1500,0.0,0.0
2002-12-11 00:00:00+09:00,126.38604090763972,126.38604090763972,119.0058341393104,119.92835998535156,7200,0.0,0.0
2002-12-12 00:00:00+09:00,119.92837038907138,121.77342224121094,119.92837038907138,121.77342224121094,2800,0.0,0.0
2002-12-13 00:00:00+09:00,122.69594816728072,122.69594816728072,121.77342224121094,121.77342224121094,6100,0.0,0.0
2002-12-16 00:00:00+09:00,129.15362964976916,129.15362964976916,121.77342224121094,121.77342224121094,600,0.0,0.0
2002-12-17 00:00:00+09:00,119.92835998535156,121.77341167743388,119.92835998535156,119.92835998535156,3900,0.0,0.0
2002-12-18 00:00:00+09:00,119.92834045410156,119.92834045410156,110.70308349609375,115.31571197509766,1100,0.0,0.0
2002-12-19 00:00:00+09:00,110.70308997982838,112.54814147949219,110.70308997982838,112.54814147949219,1700,0.0,0.0
2002-12-20 00:00:00+09:00,112.54815010402513,112.54815010402513,106.09046936035156,106.09046936035156,3900,0.0,0.0
2002-12-23 00:00:00+09:00,106.09046936035156,106.09046936035156,106.09046936035156,106.09046936035156,0,0.0,0.0
2002-12-24 00:00:00+09:00,106.09046796046266,107.93551957716635,100.55531311035156,100.55531311035156,8700,0.0,0.0
2002-12-25 00:00:00+09:00,102.40035785947528,115.3157183102199,102.40035785947528,103.32288360595703,5900,0.0,0.0
2002-12-26 00:00:00+09:00,110.70311112837358,121.77342224121094,110.70311112837358,121.77342224121094,700,0.0,0.0
2002-12-27 00:00:00+09:00,121.77342224121094,121.77342224121094,121.77342224121094,121.77342224121094,4900,0.0,0.0
2002-12-30 00:00:00+09:00,124.54097610583408,128.2310791015625,106.09046112719199,128.2310791015625,3300,0.0,0.0
2002-12-31 00:00:00+09:00,128.2310791015625,128.2310791015625,128.2310791015625,128.2310791015625,0,0.0,0.0
2003-01-01 00:00:00+09:00,128.2310791015625,128.2310791015625,128.2310791015625,128.2310791015625,0,0.0,0.0
2003-01-02 00:00:00+09:00,128.2310791015625,128.2310791015625,128.2310791015625,128.2310791015625,0,0.0,0.0
2003-01-03 00:00:00+09:00,128.2310791015625,128.2310791015625,128.2310791015625,128.2310791015625,0,0.0,0.0
2003-01-06 00:00:00+09:00,129.15360654633622,133.7662353515625,129.15360654633622,133.7662353515625,2100,0.0,0.0
2003-01-07 00:00:00+09:00,138.37888576840393,141.146463483772,137.45635986328125,137.45635986328125,4400,0.0,0.0
2003-01-08 00:00:00+09:00,137.4563260759626,137.4563260759626,129.15359497070312,129.15359497070312,4100,0.0,0.0
2003-01-09 00:00:00+09:00,129.15359497070312,129.15359497070312,129.15359497070312,129.15359497070312,300,0.0,0.0
2003-01-10 00:00:00+09:00,119.92835998535156,119.92835998535156,119.92835998535156,119.92835998535156,1000,0.0,0.0
2003-01-13 00:00:00+09:00,119.92835998535156,119.92835998535156,119.92835998535156,119.92835998535156,0,0.0,0.0
2003-01-14 00:00:00+09:00,126.38604090763972,126.38604090763972,119.92835998535156,119.92835998535156,4800,0.0,0.0
2003-01-15 00:00:00+09:00,124.54098510742188,166.05464680989581,124.54098510742188,124.54098510742188,65500,0.0,0.0
2003-01-16 00:00:00+09:00,176.20242309570312,212.1809283351399,176.20242309570312,176.20242309570312,201200,0.0,0.0
2003-01-17 00:00:00+09:00,276.757755279541,284.13796208699546,213.1034715652466,221.4062042236328,319200,0.0,0.0
2003-01-20 00:00:00+09:00,221.4061669921875,252.77204064941407,198.34302459716798,230.6314239501953,113600,0.0,0.0
2003-01-21 00:00:00+09:00,239.8567193101495,243.5468226841518,213.1034698486328,213.1034698486328,55300,0.0,0.0
2003-01-22 00:00:00+09:00,208.4908177992877,208.4908177992877,170.667262357824,172.51231384277344,59000,0.0,0.0
2003-01-23 00:00:00+09:00,178.97000487113112,192.80789184570312,178.97000487113112,192.80789184570312,27500,0.0,0.0
2003-01-24 00:00:00+09:00,195.57547875381096,195.57547875381096,183.58264279249238,189.1177978515625,22700,0.0,0.0
2003-01-27 00:00:00+09:00,193.73041282773642,195.57546437847677,176.20242309570312,176.20242309570312,16300,0.0,0.0
2003-01-28 00:00:00+09:00,177.124951171875,177.124951171875,156.82938385009766,166.0546417236328,12800,0.0,0.0
2003-01-29 00:00:00+09:00,166.0546516972547,166.0546516972547,156.82939326962943,165.1321258544922,7600,0.0,0.0
2003-01-30 00:00:00+09:00,165.1321258544922,211.2584179926185,165.1321258544922,165.1321258544922,79200,0.0,0.0
2003-01-31 00:00:00+09:00,215.87101638793945,247.23689056396483,183.58261650085447,184.50514221191406,100500,0.0,0.0
2003-02-03 00:00:00+09:00,185.42769056047712,193.7304229736328,172.5123290289016,193.7304229736328,20600,0.0,0.0
2003-02-04 00:00:00+09:00,184.50516681281889,193.73042515345983,180.8150634765625,180.8150634765625,2600,0.0,0.0
2003-02-05 00:00:00+09:00,180.8150373635833,180.8150373635833,176.20240885941024,178.96998596191406,3700,0.0,0.0
2003-02-06 00:00:00+09:00,184.50516550164474,190.04032046669408,175.2799072265625,175.2799072265625,7300,0.0,0.0
2003-02-07 00:00:00+09:00,176.20243719977302,176.20243719977302,170.6672821044922,170.6672821044922,2500,0.0,0.0
2003-02-10 00:00:00+09:00,175.27989732033296,182.66010352329434,172.51231999422242,176.20242309570312,9500,0.0,0.0
2003-02-11 00:00:00+09:00,176.20242309570312,176.20242309570312,176.20242309570312,176.20242309570312,0,0.0,0.0
2003-02-12 00:00:00+09:00,185.42768084940485,186.35020662477504,176.20242309570312,176.20242309570312,8000,0.0,0.0
2003-02-13 00:00:00+09:00,180.81506644584036,183.5826439934808,170.6672821044922,170.6672821044922,5900,0.0,0.0
2003-02-14 00:00:00+09:00,170.66727808902138,175.2799072265625,170.66727808902138,175.2799072265625,5700,0.0,0.0
2003-02-17 00:00:00+09:00,175.27991135055953,175.27991135055953,168.82223040606524,170.6672821044922,9600,0.0,0.0
2003-02-18 00:00:00+09:00,170.66727143167796,170.66727143167796,168.8222198486328,168.8222198486328,4600,0.0,0.0
2003-02-19 00:00:00+09:00,168.82223040606524,170.6672821044922,166.9771787076383,170.6672821044922,4300,0.0,0.0
2003-02-20 00:00:00+09:00,170.66728349165484,208.4908436168324,170.66728349165484,202.9556884765625,35600,0.0,0.0
2003-02-21 00:00:00+09:00,198.34305628334602,198.34305628334602,175.2799102038872,189.1177978515625,12000,0.0,0.0
2003-02-24 00:00:00+09:00,183.58264279249238,189.1177978515625,178.04748773342226,189.1177978515625,2200,0.0,0.0
2003-02-25 00:00:00+09:00,187.27274616520577,189.1177978515625,166.97717761528202,189.1177978515625,14300,0.0,0.0
2003-02-26 00:00:00+09:00,175.27988510131834,184.50514221191406,175.27988510131834,184.50514221191406,400,0.0,0.0
2003-02-27 00:00:00+09:00,167.8996993355129,170.66727679708728,167.8996993355129,169.7447509765625,2900,0.0,0.0
2003-02-28 00:00:00+09:00,169.7447491270123,182.6601104736328,169.7447491270123,182.6601104736328,1300,0.0,0.0
2003-03-03 00:00:00+09:00,175.2799033140525,179.8925323486328,172.51232589330428,179.8925323486328,2000,0.0,0.0
2003-03-04 00:00:00+09:00,179.8925323486328,179.8925323486328,179.8925323486328,179.8925323486328,100,0.0,0.0
2003-03-05 00:00:00+09:00,166.97717477898848,175.2799072265625,166.97717477898848,175.2799072265625,3800,0.0,0.0
2003-03-06 00:00:00+09:00,167.89970455685176,171.58980795370564,167.89970455685176,170.6672821044922,1700,0.0,0.0
2003-03-07 00:00:00+09:00,170.66727290077813,175.27990189809648,166.0546439034598,174.3573760986328,4900,0.0,0.0
2003-03-10 00:00:00+09:00,172.51232449970547,174.3573760986328,172.51232449970547,174.3573760986328,1200,0.0,0.0
2003-03-11 00:00:00+09:00,173.4348596521326,175.27991135055953,170.6672821044922,170.6672821044922,1500,0.0,0.0
2003-03-12 00:00:00+09:00,170.6672821044922,170.6672821044922,170.6672821044922,170.6672821044922,5500,0.0,0.0
2003-03-13 00:00:00+09:00,164.20962524414062,174.35741107383473,164.20962524414062,164.20962524414062,0,0.0,0.0
2003-03-14 00:00:00+09:00,175.27989422833477,203.87819276032624,173.43484271014177,199.26556396484375,73600,0.0,0.0
2003-03-17 00:00:00+09:00,217.71606781005858,220.4836449432373,184.50514221191406,184.50514221191406,49100,0.0,0.0
2003-03-18 00:00:00+09:00,189.11779385521297,193.7304229736328,179.89253561837333,193.7304229736328,6000,0.0,0.0
2003-03-19 00:00:00+09:00,185.42767423741958,189.11777720731848,176.20241681267234,188.19525146484375,4800,0.0,0.0
2003-03-20 00:00:00+09:00,184.50517045690657,184.50517045690657,173.4348602294922,173.4348602294922,4600,0.0,0.0
2003-03-21 00:00:00+09:00,173.4348602294922,173.4348602294922,173.4348602294922,173.4348602294922,0,0.0,0.0
2003-03-24 00:00:00+09:00,184.50517045690657,184.50517045690657,167.899705115785,173.4348602294922,10100,0.0,0.0
2003-03-25 00:00:00+09:00,175.27991193406126,175.27991193406126,165.1321275589314,173.4348602294922,10300,0.0,0.0
2003-03-26 00:00:00+09:00,173.89983630571209,173.89983630571209,168.3201624135502,170.1800537109375,2100,1.5,0.0
2003-03-27 00:00:00+09:00,171.11000146236515,183.1992950439453,168.3201644820005,183.1992950439453,3900,0.0,0.0
2003-03-28 00:00:00+09:00,176.68966674804688,176.68966674804688,176.68966674804688,176.68966674804688,500,0.0,0.0
2003-03-31 00:00:00+09:00,172.03993225097656,176.68966014965162,172.03993225097656,172.03993225097656,0,0.0,0.0
2003-04-01 00:00:00+09:00,176.6896632208896,185.05917358398438,176.6896632208896,185.05917358398438,12300,0.0,0.0
2003-04-02 00:00:00+09:00,188.77893488615462,199.00833529870488,188.77893488615462,191.5687713623047,17800,0.0,0.0
2003-04-03 00:00:00+09:00,199.00835658482143,199.00835658482143,186.9190638950893,195.28857421875,4800,0.0,0.0
2003-04-04 00:00:00+09:00,198.07839829067015,204.5880170138377,186.91905190809717,197.14845275878906,24100,0.0,0.0
2003-04-07 00:00:00+09:00,197.14845275878906,199.00834382255124,197.14845275878906,197.14845275878906,4600,0.0,0.0
2003-04-08 00:00:00+09:00,199.93829073480597,204.58801842631308,193.42867196669602,198.07839965820312,14700,0.0,0.0
2003-04-09 00:00:00+09:00,204.58802596382475,229.6965564230214,204.58802596382475,213.88748168945312,128400,0.0,0.0
2003-04-10 00:00:00+09:00,222.25697742808947,227.836650501598,204.5880126953125,204.5880126953125,26900,0.0,0.0
2003-04-11 00:00:00+09:00,204.58803682549055,204.58803682549055,199.9383087158203,199.9383087158203,10600,0.0,0.0
2003-04-14 00:00:00+09:00,206.44792131696428,206.44792131696428,195.28857421875,195.28857421875,6800,0.0,0.0
2003-04-15 00:00:00+09:00,197.14846540178573,197.14846540178573,195.28857421875,195.28857421875,2800,0.0,0.0
2003-04-16 00:00:00+09:00,195.28857421875,196.21851981026785,195.28857421875,195.28857421875,3500,0.0,0.0
2003-04-17 00:00:00+09:00,195.28856662888603,195.28856662888603,176.68965552137306,179.4794921875,10800,0.0,0.0
2003-04-18 00:00:00+09:00,185.98912048339844,185.98912048339844,181.3393924713135,185.98912048339844,11700,0.0,0.0
2003-04-21 00:00:00+09:00,185.98910967508954,185.98910967508954,176.68965419133505,178.54954528808594,12600,0.0,0.0
2003-04-22 00:00:00+09:00,184.12921857833862,184.12921857833862,178.54954528808594,178.54954528808594,5500,0.0,0.0
2003-04-23 00:00:00+09:00,177.61960881678903,185.9891191798838,177.61960881678903,185.05917358398438,5400,0.0,0.0
2003-04-24 00:00:00+09:00,186.91907000874363,203.6580912035565,186.91907000874363,199.9383087158203,15000,0.0,0.0
2003-04-25 00:00:00+09:00,212.9575501191451,212.9575501191451,201.79820251464844,201.79820251464844,8700,0.0,0.0
2003-04-28 00:00:00+09:00,201.798193359375,203.6580845424107,195.28857421875,195.28857421875,6700,0.0,0.0
2003-04-29 00:00:00+09:00,195.28857421875,195.28857421875,195.28857421875,195.28857421875,0,0.0,0.0
2003-04-30 00:00:00+09:00,199.93829531785917,199.93829531785917,190.6388397216797,190.6388397216797,1900,0.0,0.0
2003-05-01 00:00:00+09:00,195.28857290459592,195.28857290459592,190.63884497829602,194.35862731933594,3300,0.0,0.0
2003-05-02 00:00:00+09:00,194.35863373658367,199.00836181640625,189.7089056567611,199.00836181640625,2200,0.0,0.0
2003-05-05 00:00:00+09:00,199.00836181640625,199.00836181640625,199.00836181640625,199.00836181640625,0,0.0,0.0
2003-05-06 00:00:00+09:00,199.00833529870488,199.00833529870488,190.63882587025466,191.5687713623047,7500,0.0,0.0
2003-05-07 00:00:00+09:00,200.8682608971229,200.8682608971229,192.49875002640943,193.42869567871094,2500,0.0,0.0
2003-05-08 00:00:00+09:00,193.42868797377784,193.42868797377784,187.84901428222656,187.84901428222656,4000,0.0,0.0
2003-05-09 00:00:00+09:00,184.12921819076163,190.63883701568753,184.12921819076163,188.77894592285156,600,0.0,0.0
2003-05-12 00:00:00+09:00,188.77892777931632,190.63881869339826,185.98909140819342,186.91903686523438,9200,0.0,0.0
2003-05-13 00:00:00+09:00,180.40944686889648,185.98912048339844,180.40944686889648,185.98912048339844,4500,0.0,0.0
2003-05-14 00:00:00+09:00,185.98912048339844,185.98912048339844,185.98912048339844,185.98912048339844,1000,0.0,0.0
2003-05-15 00:00:00+09:00,186.91906866696803,192.4987423585193,186.91906866696803,187.84901428222656,2000,0.0,0.0
2003-05-16 00:00:00+09:00,191.5687873210382,202.72813415527344,191.5687873210382,202.72813415527344,9100,0.0,0.0
2003-05-19 00:00:00+09:00,204.58804740724972,204.58804740724972,196.21853637695312,196.21853637695312,9300,0.0,0.0
2003-05-20 00:00:00+09:00,190.63881869339826,196.21849143564407,185.98909140819342,186.91903686523438,6600,0.0,0.0
2003-05-21 00:00:00+09:00,185.98911830357144,195.28857421875,184.12922712053572,195.28857421875,6500,0.0,0.0
2003-05-22 00:00:00+09:00,195.28857421875,195.28857421875,185.98911830357144,195.28857421875,3600,0.0,0.0
2003-05-23 00:00:00+09:00,198.07841331481933,199.93830451965331,185.98912048339844,185.98912048339844,10100,0.0,0.0
2003-05-26 00:00:00+09:00,193.42867640053353,193.42867640053353,190.6388397216797,190.6388397216797,2600,0.0,0.0
2003-05-27 00:00:00+09:00,192.49872810852352,192.49872810852352,188.77894592285156,188.77894592285156,5000,0.0,0.0
2003-05-28 00:00:00+09:00,188.77895123025647,199.0083525284477,188.77895123025647,192.4987335205078,4400,0.0,0.0
2003-05-29 00:00:00+09:00,266.8944396972656,266.8944396972656,266.8944396972656,266.8944396972656,91000,0.0,0.0
2003-05-30 00:00:00+09:00,267.8243137463521,267.8243137463521,227.83665579116763,238.99600219726562,120600,0.0,0.0
2003-06-02 00:00:00+09:00,241.7858387987901,251.08529413720512,238.99600219726562,238.99600219726562,15600,0.0,0.0
2003-06-03 00:00:00+09:00,238.99599116398738,241.78582763671875,229.69653625488283,241.78582763671875,20300,0.0,0.0
2003-06-04 00:00:00+09:00,241.78586713005512,241.78586713005512,232.4864107019761,237.13613891601562,17100,0.0,0.0
2003-06-05 00:00:00+09:00,236.20617091153318,245.50562645923134,233.41633424722374,242.71578979492188,13100,0.0,0.0
2003-06-06 00:00:00+09:00,244.57566190447125,260.3847351074219,241.78582545689173,260.3847351074219,27800,0.0,0.0
2003-06-09 00:00:00+09:00,255.73504892066927,259.4548314504245,254.80510328823047,257.5949401855469,20700,0.0,0.0
2003-06-10 00:00:00+09:00,258.52485793465786,260.38474899893595,253.87513027396255,259.4548034667969,9600,0.0,0.0
2003-06-11 00:00:00+09:00,253.87516257941087,267.8243473365213,253.87516257941087,261.3147277832031,24800,0.0,0.0
2003-06-12 00:00:00+09:00,262.2446734336771,266.89440168604733,260.3847821327291,261.3147277832031,22800,0.0,0.0
2003-06-13 00:00:00+09:00,261.31470261958606,266.8943759851288,260.3847570586623,265.03448486328125,10900,0.0,0.0
2003-06-16 00:00:00+09:00,269.68419855291194,290.1429998224432,269.68419855291194,286.4232177734375,59800,0.0,0.0
2003-06-17 00:00:00+09:00,295.7226981026786,334.78041294642856,287.35318777901784,325.48095703125,109200,0.0,0.0
2003-06-18 00:00:00+09:00,321.76114154215736,329.20070550845,311.53174108850493,313.3916320800781,52600,0.0,0.0
2003-06-19 00:00:00+09:00,318.0413537927576,320.83119022953616,307.8119535245695,309.6718444824219,22200,0.0,0.0
2003-06-20 00:00:00+09:00,309.67189905503216,316.1815185546875,308.74195341222423,316.1815185546875,7800,0.0,0.0
2003-06-23 00:00:00+09:00,316.1815056078362,320.8312336314808,306.8820495605469,306.8820495605469,12500,0.0,0.0
2003-06-24 00:00:00+09:00,297.58253528225805,302.2322623960434,280.84351767263104,288.2830810546875,22200,0.0,0.0
2003-06-25 00:00:00+09:00,288.28315207043534,295.72271728515625,278.9836955520342,295.72271728515625,10200,0.0,0.0
2003-06-26 00:00:00+09:00,292.9328285331157,311.53173828125,292.9328285331157,311.53173828125,14300,0.0,0.0
2003-06-27 00:00:00+09:00,319.90123707243913,325.4809098120747,312.4616734195917,324.55096435546875,22400,0.0,0.0
2003-06-30 00:00:00+09:00,327.3408364096841,342.21996533739696,326.410890851702,338.50018310546875,67400,0.0,0.0
2003-07-01 00:00:00+09:00,339.43013274363983,362.67877197265625,339.43013274363983,362.67877197265625,28000,0.0,0.0
2003-07-02 00:00:00+09:00,381.27767483393353,381.27767483393353,355.239199479421,357.0990905761719,39200,0.0,0.0
2003-07-03 00:00:00+09:00,353.37932029930323,354.3092658790382,344.0798645019531,344.0798645019531,18400,0.0,0.0
2003-07-04 00:00:00+09:00,334.78041687011716,371.9782409667969,329.20074325561524,371.9782409667969,40900,0.0,0.0
2003-07-07 00:00:00+09:00,446.3738708496094,446.3738708496094,446.3738708496094,446.3738708496094,84900,0.0,0.0
2003-07-08 00:00:00+09:00,520.7694702148438,520.7694702148438,520.7694702148438,520.7694702148438,73800,0.0,0.0
2003-07-09 00:00:00+09:00,567.2668188846473,613.7640991210938,539.3684507427794,613.7640991210938,348100,0.0,0.0
2003-07-10 00:00:00+09:00,641.6624350076194,706.7586240663634,619.34374161605,677.0003662109375,402100,0.0,0.0
2003-07-11 00:00:00+09:00,650.9619140625,667.7009347098215,620.2737095424108,650.9619140625,108000,0.0,0.0
2003-07-14 00:00:00+09:00,650.9618474149156,705.8286316970299,641.6623924518453,647.2420654296875,104000,0.0,0.0
2003-07-15 00:00:00+09:00,660.2613011920263,660.2613011920263,568.1966972229973,585.8656616210938,92000,0.0,0.0
2003-07-16 00:00:00+09:00,557.9672770854855,576.5661863216684,513.3298949186467,562.6170043945312,86400,0.0,0.0
2003-07-17 00:00:00+09:00,546.8079981390035,546.8079981390035,492.87115478515625,492.87115478515625,35200,0.0,0.0
2003-07-18 00:00:00+09:00,472.4122764850485,557.9672556910022,455.67325881431844,539.3683471679688,84800,0.0,0.0
2003-07-21 00:00:00+09:00,539.3683471679688,539.3683471679688,539.3683471679688,539.3683471679688,0,0.0,0.0
2003-07-22 00:00:00+09:00,623.0635806812959,632.363037109375,623.0635806812959,632.363037109375,68400,0.0,0.0
2003-07-23 00:00:00+09:00,697.4591481159011,724.4275685097159,678.8602374994771,694.6693115234375,277700,0.0,0.0
2003-07-24 00:00:00+09:00,689.089630210563,694.6693033296768,665.8409922142552,678.8602294921875,85200,0.0,0.0
2003-07-25 00:00:00+09:00,673.2806234704443,771.8548583984375,666.7710041827467,771.8548583984375,332800,0.0,0.0
2003-07-28 00:00:00+09:00,790.4536726668075,862.9894214527027,782.0841631915118,860.1995849609375,276300,0.0,0.0
2003-07-29 00:00:00+09:00,859.2696994052843,860.1996449674112,809.0526390504301,827.6515502929688,141800,0.0,0.0
2003-07-30 00:00:00+09:00,762.5554022731551,815.5623021872647,739.3067619599492,771.8548583984375,156000,0.0,0.0
2003-07-31 00:00:00+09:00,790.4537545279071,836.021088612457,778.364461811598,793.2435913085938,73400,0.0,0.0
2003-08-01 00:00:00+09:00,795.1035016496605,825.7917069764895,785.8040454900154,796.033447265625,44800,0.0,0.0
2003-08-04 00:00:00+09:00,790.4537256752573,790.4537256752573,753.2559032905392,762.5553588867188,45600,0.0,0.0
2003-08-05 00:00:00+09:00,761.6254177311074,761.6254177311074,699.3190648764258,733.72705078125,47400,0.0,0.0
2003-08-06 00:00:00+09:00,724.427585365587,724.427585365587,697.459164344275,705.8286743164062,35700,0.0,0.0
2003-08-07 00:00:00+09:00,687.2298398618345,797.8933729383681,679.7902746129919,753.2559814453125,67700,0.0,0.0
2003-08-08 00:00:00+09:00,762.5553488429589,762.5553488429589,725.3575269481804,734.656982421875,15600,0.0,0.0
2003-08-11 00:00:00+09:00,730.0072546850276,734.656982421875,706.7586160007911,734.656982421875,10900,0.0,0.0
2003-08-12 00:00:00+09:00,734.6570331544217,767.2051295599973,725.357577038543,727.2174682617188,13800,0.0,0.0
2003-08-13 00:00:00+09:00,743.9564465565287,743.9564465565287,706.7586242287023,730.0072631835938,15600,0.0,0.0
2003-08-14 00:00:00+09:00,724.4276692346873,734.6570714960243,706.7587016923778,732.7971801757812,15400,0.0,0.0
2003-08-15 00:00:00+09:00,722.5677490234375,722.5677490234375,722.5677490234375,722.5677490234375,24700,0.0,0.0
2003-08-18 00:00:00+09:00,806.2627416073698,806.2627416073698,750.4660120843683,766.2750854492188,54500,0.0,0.0
2003-08-19 00:00:00+09:00,776.5044853990512,779.2943218735388,743.9563931966958,745.8162841796875,39100,0.0,0.0
2003-08-20 00:00:00+09:00,745.81641619647,753.2559814453125,743.9565248842592,753.2559814453125,22100,0.0,0.0
2003-08-21 00:00:00+09:00,743.9564819335938,746.7463187408447,734.6570259094239,743.9564819335938,21100,0.0,0.0
2003-08-22 00:00:00+09:00,725.3575439453125,731.8671629294371,702.1089047162961,725.3575439453125,39200,0.0,0.0
2003-08-25 00:00:00+09:00,725.3574622956332,725.3574622956332,699.318989290149,702.1088256835938,23700,0.0,0.0
2003-08-26 00:00:00+09:00,702.1089126999314,702.1089126999314,669.560817409206,688.1597290039062,30100,0.0,0.0
2003-08-27 00:00:00+09:00,688.1597161047238,725.357538596871,688.1597161047238,721.6377563476562,21900,0.0,0.0
2003-08-28 00:00:00+09:00,725.3575565027849,778.3644548626038,706.7586447975852,777.4345092773438,87900,0.0,0.0
2003-08-29 00:00:00+09:00,777.4345410156251,780.2243778852983,750.4661179421165,767.2051391601562,34900,0.0,0.0
2003-09-01 00:00:00+09:00,767.2051076138957,769.9949443688553,744.8864135742188,744.8864135742188,24400,0.0,0.0
2003-09-02 00:00:00+09:00,743.9565521816038,743.9565521816038,730.0073668281987,739.3068237304688,14200,0.0,0.0
2003-09-03 00:00:00+09:00,726.2875731940652,727.21751887037,706.758713991664,707.6886596679688,37200,0.0,0.0
2003-09-04 00:00:00+09:00,716.0581231368216,716.0581231368216,697.4592108475534,706.7586669921875,31200,0.0,0.0
2003-09-05 00:00:00+09:00,716.0580786132812,716.0580786132812,697.4591674804688,697.4591674804688,10900,0.0,0.0
2003-09-08 00:00:00+09:00,697.4591768704928,725.3575439453125,693.7393945938502,725.3575439453125,19600,0.0,0.0
2003-09-09 00:00:00+09:00,734.6569996369191,739.3067274827224,711.4083604079027,725.3575439453125,20200,0.0,0.0
2003-09-10 00:00:00+09:00,725.3575080422794,734.6569632735907,711.4083251953125,711.4083251953125,14500,0.0,0.0
2003-09-11 00:00:00+09:00,711.4083950645046,716.0581231368216,697.4592108475534,706.7586669921875,14100,0.0,0.0
2003-09-12 00:00:00+09:00,706.758623046875,706.758623046875,692.8094396972656,697.4591674804688,21300,0.0,0.0
2003-09-15 00:00:00+09:00,697.4591674804688,697.4591674804688,697.4591674804688,697.4591674804688,0,0.0,0.0
2003-09-16 00:00:00+09:00,697.4591612815857,714.1981811523438,687.2297602494558,714.1981811523438,17600,0.0,0.0
2003-09-17 00:00:00+09:00,706.7586669921875,706.7586669921875,688.1597547029194,706.7586669921875,14300,0.0,0.0
2003-09-18 00:00:00+09:00,697.4592667717308,715.1282348632812,690.019701259499,715.1282348632812,10700,0.0,0.0
2003-09-19 00:00:00+09:00,705.8286774902343,706.758623046875,690.0196030273437,697.4591674804688,16300,0.0,0.0
2003-09-22 00:00:00+09:00,693.7394112723215,698.3891392299107,678.8602818080358,683.510009765625,23900,0.0,0.0
2003-09-23 00:00:00+09:00,683.510009765625,683.510009765625,683.510009765625,683.510009765625,0,0.0,0.0
2003-09-24 00:00:00+09:00,678.8601625720988,705.8285799893466,672.3505445748322,675.140380859375,15700,0.0,0.0
2003-09-25 00:00:00+09:00,650.961905405031,660.2613611965314,641.6624496135305,655.6116333007812,35700,0.0,0.0
2003-09-26 00:00:00+09:00,655.6116333007812,655.6116333007812,643.5223407718306,655.6116333007812,9600,0.0,0.0
2003-09-29 00:00:00+09:00,655.6116061245439,655.6116061245439,637.0126953125,637.0126953125,11200,0.0,0.0
2003-09-30 00:00:00+09:00,642.5924212027287,650.0319861370584,638.8726387355639,641.6624755859375,6200,0.0,0.0
2003-10-01 00:00:00+09:00,637.9427109662224,637.9427109662224,609.1143960391773,632.363037109375,17500,0.0,0.0
2003-10-02 00:00:00+09:00,632.363037109375,633.2929827521829,609.1143960391773,632.363037109375,17900,0.0,0.0
2003-10-03 00:00:00+09:00,631.4330656109435,631.4330656109435,613.7640991210938,613.7640991210938,22300,0.0,0.0
2003-10-06 00:00:00+09:00,614.6940698960248,632.363037109375,613.7641242532169,632.363037109375,12100,0.0,0.0
2003-10-07 00:00:00+09:00,632.363018588362,688.1597555226293,632.363018588362,674.2105712890625,26600,0.0,0.0
2003-10-08 00:00:00+09:00,678.8603266326475,683.5100548972546,660.2614135742188,660.2614135742188,12200,0.0,0.0
2003-10-09 00:00:00+09:00,660.2613893511624,668.6308999204025,643.5223682126823,653.7517700195312,3600,0.0,0.0
2003-10-10 00:00:00+09:00,653.7517686042233,660.2613879217618,632.3630194180254,641.6624755859375,14600,0.0,0.0
2003-10-13 00:00:00+09:00,641.6624755859375,641.6624755859375,641.6624755859375,641.6624755859375,0,0.0,0.0
2003-10-14 00:00:00+09:00,641.6623837185889,641.6623837185889,617.4838011436856,631.4329833984375,17900,0.0,0.0
2003-10-15 00:00:00+09:00,623.0634904299794,623.0634904299794,610.9741988246217,622.133544921875,23600,0.0,0.0
2003-10-16 00:00:00+09:00,613.7640216884329,623.0634765625,607.2544032765859,623.0634765625,12900,0.0,0.0
2003-10-17 00:00:00+09:00,624.9234295819257,688.1597290039062,623.9934840021907,688.1597290039062,54800,0.0,0.0
2003-10-20 00:00:00+09:00,688.1597290039062,706.7586405986065,669.560817409206,688.1597290039062,26400,0.0,0.0
2003-10-21 00:00:00+09:00,688.1596378883864,688.1596378883864,627.7131832090012,649.1019287109375,17400,0.0,0.0
2003-10-22 00:00:00+09:00,637.0126588736008,637.0126588736008,623.0634765625,623.0634765625,11200,0.0,0.0
2003-10-23 00:00:00+09:00,623.0635732797476,627.7133014385518,604.4646606445312,604.4646606445312,17000,0.0,0.0
2003-10-24 00:00:00+09:00,604.4646430738045,613.7640991210938,604.4646430738045,613.7640991210938,11300,0.0,0.0
2003-10-27 00:00:00+09:00,613.7640753457712,639.8025512695312,609.1143475022427,639.8025512695312,7200,0.0,0.0
2003-10-28 00:00:00+09:00,623.0635463169643,623.0635463169643,618.413818359375,618.413818359375,1300,0.0,0.0
2003-10-29 00:00:00+09:00,618.4137377782171,618.4137377782171,614.6939558968443,615.6239013671875,2000,0.0,0.0
2003-10-30 00:00:00+09:00,613.7640991210938,613.7640991210938,607.2544798879912,613.7640991210938,5500,0.0,0.0
2003-10-31 00:00:00+09:00,604.4646606445312,613.7641169621395,604.4646606445312,604.4646606445312,12200,0.0,0.0
2003-11-03 00:00:00+09:00,604.4646606445312,604.4646606445312,604.4646606445312,604.4646606445312,0,0.0,0.0
2003-11-04 00:00:00+09:00,613.7639908508394,613.7639908508394,604.4645364440084,612.8340454101562,5100,0.0,0.0
2003-11-05 00:00:00+09:00,622.1336007254464,631.4330566406251,604.4646344866071,618.413818359375,4800,0.0,0.0
2003-11-06 00:00:00+09:00,623.0635551683831,627.7132831920277,613.7640991210938,613.7640991210938,10700,0.0,0.0
2003-11-07 00:00:00+09:00,607.2544712611607,632.3630022321429,607.2544712611607,618.413818359375,10800,0.0,0.0
2003-11-10 00:00:00+09:00,623.0635588802684,623.0635588802684,605.3945922851562,605.3945922851562,1300,0.0,0.0
2003-11-11 00:00:00+09:00,605.394606276292,605.394606276292,548.6679227388822,604.4646606445312,10000,0.0,0.0
2003-11-12 00:00:00+09:00,604.4646606445312,604.4646606445312,604.4646606445312,604.4646606445312,1200,0.0,0.0
2003-11-13 00:00:00+09:00,585.865748009315,604.4646606445312,585.865748009315,604.4646606445312,1700,0.0,0.0
2003-11-14 00:00:00+09:00,576.5662582277313,590.5154418945312,567.2668024498647,590.5154418945312,5500,0.0,0.0
2003-11-17 00:00:00+09:00,567.2667482520352,567.2667482520352,548.66783847328,553.3175659179688,11200,0.0,0.0
2003-11-18 00:00:00+09:00,548.6678849653764,548.6678849653764,511.4700622558594,511.4700622558594,8700,0.0,0.0
2003-11-19 00:00:00+09:00,511.4700433640253,511.4700433640253,464.97276669456846,488.2214050292969,7200,0.0,0.0
2003-11-20 00:00:00+09:00,525.4192504882812,525.4192504882812,492.8711553252904,525.4192504882812,4300,0.0,0.0
2003-11-21 00:00:00+09:00,525.4192065714994,557.9672990139817,511.47002409614987,557.037353515625,7400,0.0,0.0
2003-11-24 00:00:00+09:00,557.037353515625,557.037353515625,557.037353515625,557.037353515625,0,0.0,0.0
2003-11-25 00:00:00+09:00,576.5661907196045,599.8148274421692,576.5661907196045,595.1651000976562,13500,0.0,0.0
2003-11-26 00:00:00+09:00,530.0688929064521,539.3683471679688,502.17053012190195,539.3683471679688,53000,0.0,0.0
2003-11-27 00:00:00+09:00,520.7695179332386,529.13902804288,502.1706065784801,511.4700622558594,13500,0.0,0.0
2003-11-28 00:00:00+09:00,511.47007196356,529.1390380859375,502.17061610967704,529.1390380859375,4800,0.0,0.0
2003-12-01 00:00:00+09:00,473.3422977087633,509.6101751363503,473.3422977087633,492.87115478515625,14000,0.0,0.0
2003-12-02 00:00:00+09:00,492.87113246633044,498.4508056640625,492.87113246633044,498.4508056640625,2500,0.0,0.0
2003-12-03 00:00:00+09:00,498.4508627795298,506.82037353515625,492.87118894244554,506.82037353515625,1900,0.0,0.0
2003-12-04 00:00:00+09:00,506.82032961266066,516.1197852018838,497.5208740234375,497.5208740234375,2300,0.0,0.0
2003-12-05 00:00:00+09:00,497.5208740234375,497.5208740234375,492.871146228826,497.5208740234375,1100,0.0,0.0
2003-12-08 00:00:00+09:00,497.5208787397905,516.119790094549,493.8010964688388,511.4700622558594,6900,0.0,0.0
2003-12-09 00:00:00+09:00,516.1197852018838,516.1197852018838,497.5208740234375,497.5208740234375,11100,0.0,0.0
2003-12-10 00:00:00+09:00,497.52091890222886,497.52091890222886,474.27227783203125,474.27227783203125,7600,0.0,0.0
2003-12-11 00:00:00+09:00,483.5717075892857,483.5717075892857,446.37388392857144,455.67333984375,9400,0.0,0.0
2003-12-12 00:00:00+09:00,460.32303998475265,464.9727676613663,446.3738569549117,447.3038024902344,15700,0.0,0.0
2003-12-15 00:00:00+09:00,464.9727869515467,464.9727869515467,446.3738754734848,460.32305908203125,23500,0.0,0.0
2003-12-16 00:00:00+09:00,460.3230678013393,460.3230678013393,455.67333984375,455.67333984375,2500,0.0,0.0
2003-12-17 00:00:00+09:00,437.07439648974076,446.3738517342033,399.87657551189045,423.1252136230469,12900,0.0,0.0
2003-12-18 00:00:00+09:00,423.12523551609206,432.4246912417205,418.4755076532779,427.77496337890625,8100,0.0,0.0
2003-12-19 00:00:00+09:00,418.475501271155,418.475501271155,391.507080078125,391.507080078125,12600,0.0,0.0
2003-12-22 00:00:00+09:00,420.33541686276357,420.33541686276357,385.92742919921875,385.92742919921875,28400,0.0,0.0
2003-12-23 00:00:00+09:00,385.92742919921875,385.92742919921875,385.92742919921875,385.92742919921875,0,0.0,0.0
2003-12-24 00:00:00+09:00,390.5771484375,406.3862234933036,383.13758370535714,390.5771484375,20500,0.0,0.0
2003-12-25 00:00:00+09:00,390.5771484375,409.17606026785717,384.99747488839284,390.5771484375,21600,0.0,0.0
2003-12-26 00:00:00+09:00,383.13758370535714,460.3230678013393,383.13758370535714,455.67333984375,20100,0.0,0.0
2003-12-29 00:00:00+09:00,446.3739085477941,480.78189733168654,441.7241803337546,474.27227783203125,23600,0.0,0.0
2003-12-30 00:00:00+09:00,474.2722220284598,492.87113269624257,474.2722220284598,488.2214050292969,9900,0.0,0.0
2003-12-31 00:00:00+09:00,488.2214050292969,488.2214050292969,488.2214050292969,488.2214050292969,0,0.0,0.0
2004-01-01 00:00:00+09:00,488.2214050292969,488.2214050292969,488.2214050292969,488.2214050292969,0,0.0,0.0
2004-01-02 00:00:00+09:00,488.2214050292969,488.2214050292969,488.2214050292969,488.2214050292969,0,0.0,0.0
2004-01-05 00:00:00+09:00,489.1513730209486,530.0689783687086,488.22142744486314,525.4192504882812,24500,0.0,0.0
2004-01-06 00:00:00+09:00,525.4191976274763,525.4191976274763,493.80105122157505,520.7694702148438,22300,0.0,0.0
2004-01-07 00:00:00+09:00,506.8203883282372,517.979736328125,499.38082299497864,517.979736328125,12100,0.0,0.0
2004-01-08 00:00:00+09:00,511.47005850808665,541.228316457648,502.1706028988487,530.0689697265625,25400,0.0,0.0
2004-01-09 00:00:00+09:00,539.3684641520182,539.3684641520182,525.4192797342936,535.648681640625,11100,0.0,0.0
2004-01-12 00:00:00+09:00,535.648681640625,535.648681640625,535.648681640625,535.648681640625,0,0.0,0.0
2004-01-13 00:00:00+09:00,604.4646629920372,628.6432495117188,600.7448804505477,628.6432495117188,93100,0.0,0.0
2004-01-14 00:00:00+09:00,632.3629846643519,646.3121681495949,603.5346721281828,627.7132568359375,77500,0.0,0.0
2004-01-15 00:00:00+09:00,613.764061263845,617.4838434533227,585.8656948427611,587.7255859375,25300,0.0,0.0
2004-01-16 00:00:00+09:00,585.8656894173592,586.7956349561169,563.546996487174,584.0057983398438,15900,0.0,0.0
2004-01-19 00:00:00+09:00,609.1143077160513,611.9041442399415,601.6747436523438,601.6747436523438,7500,0.0,0.0
2004-01-20 00:00:00+09:00,601.6748237492488,606.324551908053,595.1652043269231,604.4646606445312,16500,0.0,0.0
2004-01-21 00:00:00+09:00,595.1652131782946,609.1143978621609,585.8657567223837,599.81494140625,8500,0.0,0.0
2004-01-22 00:00:00+09:00,599.8148274421692,604.4645547866821,595.1651000976562,595.1651000976562,6700,0.0,0.0
2004-01-23 00:00:00+09:00,596.0950873118929,605.394542652172,590.5154141077254,592.3753051757812,10700,0.0,0.0
2004-01-26 00:00:00+09:00,592.3753587562619,609.1143798828125,586.7956850474118,609.1143798828125,10600,0.0,0.0
2004-01-27 00:00:00+09:00,600.7447848647388,637.9426043610075,592.3752754780784,623.0634765625,13500,0.0,0.0
2004-01-28 00:00:00+09:00,623.0634641647339,623.0634641647339,595.1651000976562,595.1651000976562,8300,0.0,0.0
2004-01-29 00:00:00+09:00,567.2668293113769,595.1651979660347,557.9673730931576,588.6555786132812,11200,0.0,0.0
2004-01-30 00:00:00+09:00,590.5154418945312,590.5154418945312,559.8272378275714,590.5154418945312,5300,0.0,0.0
2004-02-02 00:00:00+09:00,585.8656616210938,585.8656616210938,585.8656616210938,585.8656616210938,3000,0.0,0.0
2004-02-03 00:00:00+09:00,562.6170292223915,570.0565932451668,548.6678466796875,548.6678466796875,11100,0.0,0.0
2004-02-04 00:00:00+09:00,585.8656924837818,585.8656924837818,555.1774895441552,575.6362915039062,5000,0.0,0.0
2004-02-05 00:00:00+09:00,575.6363751220703,575.6363751220703,548.6679504394531,557.9674072265625,2400,0.0,0.0
2004-02-06 00:00:00+09:00,557.967358481762,557.967358481762,544.018174519718,544.9481201171875,6400,0.0,0.0
2004-02-09 00:00:00+09:00,544.9481677246093,557.9674072265625,530.0690368652344,557.9674072265625,11600,0.0,0.0
2004-02-10 00:00:00+09:00,557.0373909933526,557.0373909933526,517.9796774345532,530.0689697265625,7100,0.0,0.0
2004-02-11 00:00:00+09:00,530.0689697265625,530.0689697265625,530.0689697265625,530.0689697265625,0,0.0,0.0
2004-02-12 00:00:00+09:00,530.0688929064521,539.3683471679688,530.0688929064521,539.3683471679688,5400,0.0,0.0
2004-02-13 00:00:00+09:00,530.0688929064521,539.3683471679688,530.0688929064521,539.3683471679688,800,0.0,0.0
2004-02-16 00:00:00+09:00,539.368389046849,557.037353515625,539.368389046849,557.037353515625,6900,0.0,0.0
2004-02-17 00:00:00+09:00,557.9673727964744,557.9673727964744,539.3684603699252,544.0181884765625,6300,0.0,0.0
2004-02-18 00:00:00+09:00,539.3683471679688,539.3683471679688,534.7186200372104,539.3683471679688,7000,0.0,0.0
2004-02-19 00:00:00+09:00,531.9289130434782,534.71875,520.7695652173912,534.71875,1700,0.0,0.0
2004-02-20 00:00:00+09:00,525.4192419219436,530.0689697265625,513.3299496299343,530.0689697265625,6600,0.0,0.0
2004-02-23 00:00:00+09:00,530.0688929064521,539.3683471679688,520.7694386449353,539.3683471679688,7000,0.0,0.0
2004-02-24 00:00:00+09:00,544.0181531404194,544.0181531404194,525.4192419219436,530.0689697265625,3400,0.0,0.0
2004-02-25 00:00:00+09:00,541.2283695652173,541.2283695652173,530.0690217391304,534.71875,2100,0.0,0.0
2004-02-26 00:00:00+09:00,530.0690217391304,534.71875,525.4192934782609,534.71875,2000,0.0,0.0
2004-02-27 00:00:00+09:00,533.7887890885186,533.7887890885186,523.5593872070312,523.5593872070312,1400,0.0,0.0
2004-03-01 00:00:00+09:00,525.4191976274763,525.4191976274763,497.5208331516811,520.7694702148438,10600,0.0,0.0
2004-03-02 00:00:00+09:00,521.6994635009765,521.6994635009765,501.2406610107422,511.4700622558594,7200,0.0,0.0
2004-03-03 00:00:00+09:00,510.54015609321243,510.54015609321243,497.5209171400158,506.82037353515625,7200,0.0,0.0
2004-03-04 00:00:00+09:00,504.96044328169387,511.4700622558594,497.5208787397905,511.4700622558594,7200,0.0,0.0
2004-03-05 00:00:00+09:00,511.47009407436445,524.489332832621,497.5209096905182,523.5593872070312,13900,0.0,0.0
2004-03-08 00:00:00+09:00,524.4892947018801,524.4892947018801,506.8203291002211,507.7502746582031,2600,0.0,0.0
2004-03-09 00:00:00+09:00,507.7502524892416,507.7502524892416,502.1705793849642,503.10052490234375,1900,0.0,0.0
2004-03-10 00:00:00+09:00,484.50166959001086,503.10058205027997,484.50166959001086,489.1513977050781,16100,0.0,0.0
2004-03-11 00:00:00+09:00,488.2214222139525,488.2214222139525,466.8326741931508,478.9219665527344,14800,0.0,0.0
2004-03-12 00:00:00+09:00,478.92196488206406,509.61016845703125,478.92196488206406,509.61016845703125,5200,0.0,0.0
2004-03-15 00:00:00+09:00,509.6101807927834,536.5786027690439,509.6101807927834,529.1390380859375,19500,0.0,0.0
2004-03-16 00:00:00+09:00,516.1198369565217,534.71875,516.1198369565217,534.71875,10000,0.0,0.0
2004-03-17 00:00:00+09:00,517.0497690836588,535.648681640625,513.3299865722656,535.648681640625,6700,0.0,0.0
2004-03-18 00:00:00+09:00,534.7187062491358,534.7187062491358,511.4700668469995,525.4192504882812,9500,0.0,0.0
2004-03-19 00:00:00+09:00,516.1197705591401,520.769498221835,508.6802062988281,508.6802062988281,9500,0.0,0.0
2004-03-22 00:00:00+09:00,508.6802471538922,516.1198120117188,502.1706279032939,516.1198120117188,5400,0.0,0.0
2004-03-23 00:00:00+09:00,511.4700153895787,520.7694702148438,503.1005060468401,520.7694702148438,3400,0.0,0.0
2004-03-24 00:00:00+09:00,506.82035593943556,520.7695400478603,506.82035593943556,516.1198120117188,8300,0.0,0.0
2004-03-25 00:00:00+09:00,516.1197538778815,528.2090454101562,502.1705713406415,528.2090454101562,18200,0.0,0.0
2004-03-26 00:00:00+09:00,533.3554363419524,538.0339928010924,519.3197669645326,528.6768798828125,3800,3.5,0.0
2004-03-29 00:00:00+09:00,534.2912531373728,622.2481319375707,534.2912531373728,620.376708984375,46100,0.0,0.0
2004-03-30 00:00:00+09:00,645.6407866606842,650.3193430857616,609.1480465450803,623.1837158203125,60900,0.0,0.0
2004-03-31 00:00:00+09:00,625.0551776449189,625.0551776449189,580.1410331434876,612.8909301757812,26000,0.0,0.0
2004-04-01 00:00:00+09:00,622.2480678120214,622.2480678120214,606.3409743491578,611.01953125,12800,0.0,0.0
2004-04-02 00:00:00+09:00,608.2124917338214,612.8910493625431,584.8197035902128,594.1768188476562,11800,0.0,0.0
2004-04-05 00:00:00+09:00,598.8553189528023,636.2837763873525,595.1124732093474,634.412353515625,30900,0.0,0.0
2004-04-06 00:00:00+09:00,635.3480355002663,635.3480355002663,617.5695190429688,617.5695190429688,11100,0.0,0.0
2004-04-07 00:00:00+09:00,617.5695190429688,626.9266329678621,617.5695190429688,617.5695190429688,11300,0.0,0.0
2004-04-08 00:00:00+09:00,617.5695628040241,617.5695628040241,595.1124877929688,595.1124877929688,13300,0.0,0.0
2004-04-09 00:00:00+09:00,596.0482062668096,596.0482062668096,570.7839965820312,570.7839965820312,13400,0.0,0.0
2004-04-12 00:00:00+09:00,589.4982157796851,608.212444852056,589.4982157796851,607.2767333984375,11600,0.0,0.0
2004-04-13 00:00:00+09:00,617.5696238701653,625.9910278320312,613.8267776648916,625.9910278320312,18500,0.0,0.0
2004-04-14 00:00:00+09:00,622.2480760054154,622.2480760054154,609.1481165105646,617.5695190429688,14000,0.0,0.0
2004-04-15 00:00:00+09:00,617.5694868946804,617.5694868946804,589.4981465812858,612.8909301757812,8200,0.0,0.0
2004-04-16 00:00:00+09:00,598.8552827380953,598.8552827380953,587.626746186756,589.4981689453125,4900,0.0,0.0
2004-04-19 00:00:00+09:00,591.3696026702426,626.9266357421875,591.3696026702426,626.9266357421875,12700,0.0,0.0
2004-04-20 00:00:00+09:00,631.6051927253382,636.2837497084888,598.8552938432836,626.9266357421875,26600,0.0,0.0
2004-04-21 00:00:00+09:00,625.9909215753728,625.9909215753728,599.7910025856711,617.5695190429688,7300,0.0,0.0
2004-04-22 00:00:00+09:00,617.5695190429688,622.2480760054154,608.2124051180753,617.5695190429688,14800,0.0,0.0
2004-04-23 00:00:00+09:00,608.2123734568821,617.5694868946804,608.2123734568821,612.8909301757812,10700,0.0,0.0
2004-04-26 00:00:00+09:00,608.2124931867733,609.1482047147529,601.6625124909157,603.533935546875,9800,0.0,0.0
2004-04-27 00:00:00+09:00,603.5338320894507,612.8909457652561,603.5338320894507,604.4695434570312,9400,0.0,0.0
2004-04-28 00:00:00+09:00,617.5696084665698,617.5696084665698,594.1768202670785,603.533935546875,7300,0.0,0.0
2004-04-29 00:00:00+09:00,603.533935546875,603.533935546875,603.533935546875,603.533935546875,0,0.0,0.0
2004-04-30 00:00:00+09:00,616.6338076504794,617.5695190429688,598.8552911931818,617.5695190429688,9500,0.0,0.0
2004-05-03 00:00:00+09:00,617.5695190429688,617.5695190429688,617.5695190429688,617.5695190429688,0,0.0,0.0
2004-05-04 00:00:00+09:00,617.5695190429688,617.5695190429688,617.5695190429688,617.5695190429688,0,0.0,0.0
2004-05-05 00:00:00+09:00,617.5695190429688,617.5695190429688,617.5695190429688,617.5695190429688,0,0.0,0.0
2004-05-06 00:00:00+09:00,618.5052096957253,640.9622823624384,618.5052096957253,628.7980346679688,38100,0.0,0.0
2004-05-07 00:00:00+09:00,636.2837100484123,640.0265554016382,628.7980193419604,637.2194213867188,25900,0.0,0.0
2004-05-10 00:00:00+09:00,640.9623966660611,640.9623966660611,560.4912052598111,603.533935546875,41300,0.0,0.0
2004-05-11 00:00:00+09:00,580.1410551525298,594.176725841704,578.2696323939732,589.4981689453125,13500,0.0,0.0
2004-05-12 00:00:00+09:00,589.4981286285121,636.2836943926796,589.4981286285121,611.9552001953125,13900,0.0,0.0
2004-05-13 00:00:00+09:00,608.212396530878,608.212396530878,580.1410551525298,589.4981689453125,10100,0.0,0.0
2004-05-14 00:00:00+09:00,589.4982157796851,607.2767333984375,583.8839470579738,607.2767333984375,7800,0.0,0.0
2004-05-17 00:00:00+09:00,598.8553560697115,599.7910675635704,522.1270135732798,583.8839721679688,19700,0.0,0.0
2004-05-18 00:00:00+09:00,569.8483391757035,579.2054547615114,552.0698195626684,564.2340698242188,10600,0.0,0.0
2004-05-19 00:00:00+09:00,570.7840150623977,575.4625725629091,566.1054575618863,571.7197265625,4500,0.0,0.0
2004-05-20 00:00:00+09:00,584.8196933144018,584.8196933144018,568.91259765625,568.91259765625,9700,0.0,0.0
2004-05-21 00:00:00+09:00,568.912502536526,580.1410387707996,568.912502536526,576.398193359375,8000,0.0,0.0
2004-05-24 00:00:00+09:00,589.4981689453125,591.3695917038691,577.333921014695,589.4981689453125,12700,0.0,0.0
2004-05-25 00:00:00+09:00,589.4981957412348,598.8553099593496,562.3625645087017,575.4625244140625,17300,0.0,0.0
2004-05-26 00:00:00+09:00,584.8195475916708,586.6909701439643,580.1409912109375,580.1409912109375,3400,0.0,0.0
2004-05-27 00:00:00+09:00,581.076815911059,608.2124482160843,581.076815911059,595.1124877929688,5300,0.0,0.0
2004-05-28 00:00:00+09:00,539.9054830437033,555.8125769981972,531.4840803619124,547.3911743164062,56600,0.0,0.0
2004-05-31 00:00:00+09:00,533.35546875,547.3911389802632,531.4840460526316,533.35546875,41800,0.0,0.0
2004-06-01 00:00:00+09:00,533.3555517825984,553.0054931640625,533.3555517825984,553.0054931640625,9400,0.0,0.0
2004-06-02 00:00:00+09:00,561.4268454527244,561.4268454527244,542.7126172709669,547.3911743164062,9300,0.0,0.0
2004-06-03 00:00:00+09:00,573.5911268331237,573.5911268331237,547.3912058684786,552.0697631835938,11000,0.0,0.0
2004-06-04 00:00:00+09:00,547.3912058684786,552.0697631835938,547.3912058684786,552.0697631835938,3600,0.0,0.0
2004-06-07 00:00:00+09:00,552.0697671858991,589.4982259781634,552.0697671858991,570.7839965820312,7500,0.0,0.0
2004-06-08 00:00:00+09:00,580.141078980501,589.4981931576059,566.1054077148438,566.1054077148438,5400,0.0,0.0
2004-06-09 00:00:00+09:00,575.4625244140625,589.4981957412348,566.1054101959477,575.4625244140625,5300,0.0,0.0
2004-06-10 00:00:00+09:00,584.8196519595933,587.6267862889994,575.4625375282399,579.2053833007812,12100,0.0,0.0
2004-06-11 00:00:00+09:00,598.855376476378,601.662511053611,590.433972744679,594.1768188476562,10800,0.0,0.0
2004-06-14 00:00:00+09:00,594.1768147032938,608.2124874915605,594.1768147032938,606.341064453125,25000,0.0,0.0
2004-06-15 00:00:00+09:00,598.8552856445312,608.212399482727,596.9838628768921,598.8552856445312,25400,0.0,0.0
2004-06-16 00:00:00+09:00,607.2767518967848,617.5695782001202,601.6624830040565,608.2124633789062,15400,0.0,0.0
2004-06-17 00:00:00+09:00,607.2767042834105,607.2767042834105,590.4338989257812,590.4338989257812,5900,0.0,0.0
2004-06-18 00:00:00+09:00,590.4338803245909,608.212396530878,584.8196120489212,589.4981689453125,9900,0.0,0.0
2004-06-21 00:00:00+09:00,589.4981316244526,589.4981316244526,566.1053486234823,587.626708984375,5600,0.0,0.0
2004-06-22 00:00:00+09:00,587.6267728976118,587.6267728976118,567.9768330395706,575.4625244140625,10700,0.0,0.0
2004-06-23 00:00:00+09:00,567.9768279772846,570.7839622176996,552.0697339482668,556.748291015625,24800,0.0,0.0
2004-06-24 00:00:00+09:00,575.4626239674807,596.0482788085938,575.4626239674807,596.0482788085938,13400,0.0,0.0
2004-06-25 00:00:00+09:00,589.4981982421875,591.36962109375,584.8196411132812,584.8196411132812,6100,0.0,0.0
2004-06-28 00:00:00+09:00,572.6554497612847,607.2767759723428,572.6554497612847,606.341064453125,18400,0.0,0.0
2004-06-29 00:00:00+09:00,598.8552856445312,606.3409767150879,589.4981718063354,598.8552856445312,10800,0.0,0.0
2004-06-30 00:00:00+09:00,606.3410686823327,608.2124917338214,591.3696842704232,594.1768188476562,12400,0.0,0.0
2004-07-01 00:00:00+09:00,594.1767311400394,598.8552880781499,585.7553286514404,586.6910400390625,8300,0.0,0.0
2004-07-02 00:00:00+09:00,586.6910639648437,598.8553125,584.8196411132812,584.8196411132812,9500,0.0,0.0
2004-07-05 00:00:00+09:00,589.4981689453125,594.176725841704,584.8196120489212,589.4981689453125,10900,0.0,0.0
2004-07-06 00:00:00+09:00,594.1768188476562,608.2124917338214,589.4982612189345,594.1768188476562,19700,0.0,0.0
2004-07-07 00:00:00+09:00,596.0481278368989,600.7266845703125,585.7553030233888,600.7266845703125,8800,0.0,0.0
2004-07-08 00:00:00+09:00,610.0838863431491,636.2838078425481,608.2124633789062,608.2124633789062,25000,0.0,0.0
2004-07-09 00:00:00+09:00,612.8910508266715,617.5696084665698,599.7910894349565,603.533935546875,16100,0.0,0.0
2004-07-12 00:00:00+09:00,622.2481545068885,622.2481545068885,609.148193359375,609.148193359375,9700,0.0,0.0
2004-07-13 00:00:00+09:00,617.5695190429688,622.2480760054154,609.1481165105646,617.5695190429688,16600,0.0,0.0
2004-07-14 00:00:00+09:00,617.569541015625,623.1838095703125,570.7839697265625,584.8196411132812,31900,0.0,0.0
2004-07-15 00:00:00+09:00,585.75537109375,594.1767741925419,584.8196596383286,585.75537109375,9400,0.0,0.0
2004-07-16 00:00:00+09:00,589.4981718063354,598.8552856445312,580.1410579681396,598.8552856445312,7300,0.0,0.0
2004-07-19 00:00:00+09:00,598.8552856445312,598.8552856445312,598.8552856445312,598.8552856445312,0,0.0,0.0
2004-07-20 00:00:00+09:00,589.4981718063354,598.8552856445312,574.5267896652222,598.8552856445312,8000,0.0,0.0
2004-07-21 00:00:00+09:00,596.9839107105566,597.9196221693506,579.2053929934712,595.1124877929688,3400,0.0,0.0
2004-07-22 00:00:00+09:00,593.2410144624256,593.2410144624256,573.5910754975819,589.4981689453125,4300,0.0,0.0
2004-07-23 00:00:00+09:00,589.4981039724042,589.4981039724042,568.9124558971774,580.1409912109375,7300,0.0,0.0
2004-07-26 00:00:00+09:00,563.2981852622487,570.7838754318467,558.61962890625,558.61962890625,20800,0.0,0.0
2004-07-27 00:00:00+09:00,551.1339843750001,558.6196751644737,514.6412417763158,533.35546875,19600,0.0,0.0
2004-07-28 00:00:00+09:00,533.355484416778,548.3268664354946,524.93408203125,524.93408203125,10000,0.0,0.0
2004-07-29 00:00:00+09:00,528.6769648767068,542.7126365106017,523.9984076654085,526.8055419921875,11700,0.0,0.0
2004-07-30 00:00:00+09:00,527.7412321671196,542.7126146399456,527.7412321671196,538.0340576171875,2900,0.0,0.0
2004-08-02 00:00:00+09:00,543.6483286800548,547.3911743164062,542.7126172709669,547.3911743164062,1100,0.0,0.0
2004-08-03 00:00:00+09:00,548.3268830672555,549.2625944718071,538.0340576171875,538.0340576171875,3300,0.0,0.0
2004-08-04 00:00:00+09:00,533.3555276053293,533.3555276053293,515.577010018485,523.9984130859375,8500,0.0,0.0
2004-08-05 00:00:00+09:00,519.3198398797919,533.3555112278943,516.5127056101713,532.4197998046875,14600,0.0,0.0
2004-08-06 00:00:00+09:00,540.8411216198558,540.8411216198558,524.9340298075072,531.4840087890625,5900,0.0,0.0
2004-08-09 00:00:00+09:00,523.0626592789104,524.93408203125,520.255525150401,524.93408203125,1200,0.0,0.0
2004-08-10 00:00:00+09:00,524.9341307559256,553.9411861096398,524.9341307559256,552.0697631835938,4100,0.0,0.0
2004-08-11 00:00:00+09:00,561.4268966132614,570.7840115568157,553.0054931640625,553.0054931640625,5100,0.0,0.0
2004-08-12 00:00:00+09:00,553.9412046584179,553.9412046584179,553.0054931640625,553.0054931640625,1100,0.0,0.0
2004-08-13 00:00:00+09:00,553.9411216998923,553.9411216998923,542.7125854492188,542.7125854492188,4800,0.0,0.0
2004-08-16 00:00:00+09:00,542.7126172709669,547.3911743164062,528.6769461346488,547.3911743164062,2500,0.0,0.0
2004-08-17 00:00:00+09:00,547.391093651853,559.5553401774497,545.5196711094535,558.61962890625,3600,0.0,0.0
2004-08-18 00:00:00+09:00,559.5553401774497,559.5553401774497,545.5196711094535,558.61962890625,2100,0.0,0.0
2004-08-19 00:00:00+09:00,547.3912168528936,552.0697742618927,546.4555053710938,546.4555053710938,1100,0.0,0.0
2004-08-20 00:00:00+09:00,555.8125339547115,556.7482452913356,544.5839979152224,548.3268432617188,3100,0.0,0.0
2004-08-23 00:00:00+09:00,557.684031961732,561.4268778138241,550.1983402575477,552.0697631835938,5300,0.0,0.0
2004-08-24 00:00:00+09:00,552.0696989914467,552.0696989914467,542.7125854492188,542.7125854492188,6100,0.0,0.0
2004-08-25 00:00:00+09:00,556.7482938471529,561.4268509383054,542.7126225736953,544.5840454101562,4700,0.0,0.0
2004-08-26 00:00:00+09:00,552.0696886082152,560.491090637832,548.3268432617188,548.3268432617188,6000,0.0,0.0
2004-08-27 00:00:00+09:00,552.0697631835938,553.0054746466168,549.2626287945246,552.0697631835938,1500,0.0,0.0
2004-08-30 00:00:00+09:00,561.4268019744561,561.4268019744561,548.3268432617188,548.3268432617188,5600,0.0,0.0
2004-08-31 00:00:00+09:00,548.3268535745555,548.3268535745555,538.9697400323275,542.7125854492188,4000,0.0,0.0
2004-09-01 00:00:00+09:00,553.0054931640625,553.0054931640625,547.3912241979299,553.0054931640625,4300,0.0,0.0
2004-09-02 00:00:00+09:00,558.6196980255329,565.169677734375,553.0054297036683,565.169677734375,9700,0.0,0.0
2004-09-03 00:00:00+09:00,568.9125716145834,570.783994547526,561.4268798828125,561.4268798828125,9500,0.0,0.0
2004-09-06 00:00:00+09:00,563.2983048235784,570.7839965820312,561.4268818839652,570.7839965820312,5700,0.0,0.0
2004-09-07 00:00:00+09:00,570.7840190364366,570.7840190364366,553.0055004107115,559.5554809570312,7300,0.0,0.0
2004-09-08 00:00:00+09:00,558.6197454833984,565.1697257486979,555.8126110839844,561.4268798828125,7400,0.0,0.0
2004-09-09 00:00:00+09:00,561.4268480829832,566.1054051503414,555.8125796021534,556.748291015625,2600,0.0,0.0
2004-09-10 00:00:00+09:00,556.748320498709,556.748320498709,552.0697631835938,552.0697631835938,2100,0.0,0.0
2004-09-13 00:00:00+09:00,552.0698173091097,552.0698173091097,544.5841248710201,545.5198364257812,6700,0.0,0.0
2004-09-14 00:00:00+09:00,545.5197568283868,554.8768710106918,542.7126225736953,544.5840454101562,1800,0.0,0.0
2004-09-15 00:00:00+09:00,547.3911770907315,548.3268885045618,535.2269287109375,535.2269287109375,4400,0.0,0.0
2004-09-16 00:00:00+09:00,535.2268946154364,542.7125854492188,520.2555129478718,542.7125854492188,6100,0.0,0.0
2004-09-17 00:00:00+09:00,523.9983419142005,533.3554551626684,523.9983419142005,529.6126098632812,1000,0.0,0.0
2004-09-20 00:00:00+09:00,529.6126098632812,529.6126098632812,529.6126098632812,529.6126098632812,0,0.0,0.0
2004-09-21 00:00:00+09:00,528.6768950318261,534.2911629436685,520.2554931640625,520.2554931640625,3800,0.0,0.0
2004-09-22 00:00:00+09:00,520.2555169611632,523.998362406927,518.3840942382812,518.3840942382812,4400,0.0,0.0
2004-09-23 00:00:00+09:00,518.3840942382812,518.3840942382812,518.3840942382812,518.3840942382812,0,0.0,0.0
2004-09-24 00:00:00+09:00,517.4483676735415,517.4483676735415,500.6055636624678,509.9626770019531,13000,0.0,0.0
2004-09-27 00:00:00+09:00,519.3198489782945,519.3198489782945,495.9270629882813,495.92706298828125,12700,0.0,0.0
2004-09-28 00:00:00+09:00,495.9270295363206,495.9270295363206,474.4056678771973,486.5699157714844,5200,0.0,0.0
2004-09-29 00:00:00+09:00,489.3770756835938,489.3770756835938,467.855712890625,467.855712890625,11600,0.0,0.0
2004-09-30 00:00:00+09:00,478.1485697046677,512.7698947126378,478.1485697046677,498.7342224121094,3800,0.0,0.0
2004-10-01 00:00:00+09:00,496.8627809797015,523.9984130859375,496.8627809797015,523.9984130859375,4600,0.0,0.0
2004-10-04 00:00:00+09:00,523.998394524262,523.998394524262,515.5769917551221,523.0626831054688,700,0.0,0.0
2004-10-05 00:00:00+09:00,514.6412941261574,514.6412941261574,504.3484682436343,505.2841796875,6400,0.0,0.0
2004-10-06 00:00:00+09:00,510.89849213992846,513.7056267121259,500.60566537520464,509.0270690917969,3800,0.0,0.0
2004-10-07 00:00:00+09:00,514.6412302177644,514.6412302177644,500.6055603027344,500.6055603027344,4700,0.0,0.0
2004-10-08 00:00:00+09:00,500.6056224681713,505.2841796875,496.86277669270834,505.2841796875,700,0.0,0.0
2004-10-11 00:00:00+09:00,505.2841796875,505.2841796875,505.2841796875,505.2841796875,0,0.0,0.0
2004-10-12 00:00:00+09:00,509.9626770019531,519.3197903414385,505.2841203322105,509.9626770019531,3900,0.0,0.0
2004-10-13 00:00:00+09:00,509.9627345822892,509.9627345822892,492.18421722987915,495.92706298828125,6100,0.0,0.0
2004-10-14 00:00:00+09:00,495.9270629882813,495.9270629882813,491.2485057902786,495.92706298828125,8000,0.0,0.0
2004-10-15 00:00:00+09:00,487.505656536806,487.505656536806,472.5342736105317,481.8913879394531,8400,0.0,0.0
2004-10-18 00:00:00+09:00,482.8270993723453,495.9270594328352,477.2128307749924,481.8913879394531,6600,0.0,0.0
2004-10-19 00:00:00+09:00,481.89139993274256,485.6342457574629,480.9556884765625,480.9556884765625,3600,0.0,0.0
2004-10-20 00:00:00+09:00,467.855714099242,481.89138552221925,467.855714099242,472.5342712402344,6900,0.0,0.0
2004-10-21 00:00:00+09:00,477.2128307749924,481.8913879394531,458.4986021171496,481.8913879394531,9200,0.0,0.0
2004-10-22 00:00:00+09:00,472.53427243700213,479.0842524509804,472.53427243700213,477.21282958984375,4800,0.0,0.0
2004-10-25 00:00:00+09:00,477.21282958984375,477.21282958984375,463.17715813131895,477.21282958984375,6100,0.0,0.0
2004-10-26 00:00:00+09:00,463.1771557617187,467.855712890625,463.1771557617187,467.855712890625,2000,0.0,0.0
2004-10-27 00:00:00+09:00,467.855712890625,469.7271357421875,450.0771958007812,467.855712890625,6100,0.0,0.0
2004-10-28 00:00:00+09:00,467.8557359180876,467.8557359180876,451.0129294250365,461.3057556152344,7700,0.0,0.0
2004-10-29 00:00:00+09:00,453.82003394593585,458.4985909969249,439.78436279296875,439.78436279296875,5000,0.0,0.0
2004-11-01 00:00:00+09:00,431.36296136153373,444.4629211425781,431.36296136153373,444.4629211425781,7200,0.0,0.0
2004-11-02 00:00:00+09:00,447.27005666097006,490.3127817789713,444.46292241414386,449.1414794921875,13000,0.0,0.0
2004-11-03 00:00:00+09:00,449.1414794921875,449.1414794921875,449.1414794921875,449.1414794921875,0,0.0,0.0
2004-11-04 00:00:00+09:00,453.8200562473401,485.6342457574629,451.01292187879983,480.9556884765625,7100,0.0,0.0
2004-11-05 00:00:00+09:00,462.2414467007506,483.762809603822,460.37002383961396,477.21282958984375,5300,0.0,0.0
2004-11-08 00:00:00+09:00,476.2770723846377,486.5698971316534,466.91995897825973,485.6341857910156,21400,0.0,0.0
2004-11-09 00:00:00+09:00,477.2128232975596,490.3127831527868,451.01290358710537,453.8200378417969,10500,0.0,0.0
2004-11-10 00:00:00+09:00,455.6914594014486,455.6914594014486,439.7843653361003,449.1414794921875,20300,0.0,0.0
2004-11-11 00:00:00+09:00,444.4629236594918,467.8557091152545,444.4629236594918,453.8200378417969,12500,0.0,0.0
2004-11-12 00:00:00+09:00,453.8200486726701,467.85572028110323,448.2057800292969,448.2057800292969,20200,0.0,0.0
2004-11-15 00:00:00+09:00,454.7557492600274,463.177152024102,450.0771921688749,453.8200378417969,7300,0.0,0.0
2004-11-16 00:00:00+09:00,378.96319580078125,378.96319580078125,378.96319580078125,378.96319580078125,35300,0.0,0.0
2004-11-17 00:00:00+09:00,304.1062052109662,322.8204332239488,304.1062052109662,318.1418762207031,231400,0.0,0.0
2004-11-18 00:00:00+09:00,336.85609163077345,344.3417825559018,318.1418643179527,319.07757568359375,173500,0.0,0.0
2004-11-19 00:00:00+09:00,323.7561579859534,327.49900374301643,309.720486396967,321.8847351074219,56100,0.0,0.0
2004-11-22 00:00:00+09:00,321.8847165121629,324.69185066779227,310.6561798896456,320.9490051269531,35500,0.0,0.0
2004-11-23 00:00:00+09:00,320.9490051269531,320.9490051269531,320.9490051269531,320.9490051269531,0,0.0,0.0
2004-11-24 00:00:00+09:00,319.07765436746985,321.8847891566265,310.65625,310.65625,24000,0.0,0.0
2004-11-25 00:00:00+09:00,310.65622359607664,310.65622359607664,291.0062817421079,298.4919738769531,43500,0.0,0.0
2004-11-26 00:00:00+09:00,298.4919215611049,298.4919215611049,288.1990966796875,288.1990966796875,30800,0.0,0.0
2004-11-29 00:00:00+09:00,285.39196262111915,288.1990966796875,281.6491172096946,288.1990966796875,55700,0.0,0.0
2004-11-30 00:00:00+09:00,299.42764811711356,305.9776279196754,296.6205139160156,296.6205139160156,76300,0.0,0.0
2004-12-01 00:00:00+09:00,297.5562102082488,299.427632913961,287.2633853268314,288.1990966796875,36000,0.0,0.0
2004-12-02 00:00:00+09:00,294.74912780953053,306.913377528654,294.74912780953053,298.4919738769531,9400,0.0,0.0
2004-12-03 00:00:00+09:00,299.4276602056962,299.4276602056962,289.1348343861254,295.684814453125,13700,0.0,0.0
2004-12-06 00:00:00+09:00,301.2990830819818,301.2990830819818,295.684814453125,295.684814453125,11100,0.0,0.0
2004-12-07 00:00:00+09:00,298.49195427940293,298.49195427940293,292.877685546875,292.877685546875,2900,0.0,0.0
2004-12-08 00:00:00+09:00,291.94193008570994,292.8776414000872,289.1347961425781,289.1347961425781,7900,0.0,0.0
2004-12-09 00:00:00+09:00,292.87765344396814,292.87765344396814,286.32767397397527,288.1990966796875,5700,0.0,0.0
2004-12-10 00:00:00+09:00,290.0705193853998,290.0705193853998,288.1990966796875,288.1990966796875,2500,0.0,0.0
2004-12-13 00:00:00+09:00,302.23479331651305,302.23479331651305,289.13483323468273,291.0062561035156,26700,0.0,0.0
2004-12-14 00:00:00+09:00,291.9419569141857,305.9776279196754,291.00624551381975,296.6205139160156,25300,0.0,0.0
2004-12-15 00:00:00+09:00,293.81334071005546,293.81334071005546,290.07049560546875,290.07049560546875,5300,0.0,0.0
2004-12-16 00:00:00+09:00,291.94198518933223,291.94198518933223,286.3277162433835,287.263427734375,20100,0.0,0.0
2004-12-17 00:00:00+09:00,283.520587318822,290.0705678839433,283.520587318822,284.456298828125,9400,0.0,0.0
2004-12-20 00:00:00+09:00,284.45624967770215,285.39196102532617,278.841981591958,283.5205383300781,36600,0.0,0.0
2004-12-21 00:00:00+09:00,286.32769775390625,286.32769775390625,280.71342917049634,286.32769775390625,30100,0.0,0.0
2004-12-22 00:00:00+09:00,281.64912748021004,287.2633958020747,281.64912748021004,282.5848388671875,12300,0.0,0.0
2004-12-23 00:00:00+09:00,282.5848388671875,282.5848388671875,282.5848388671875,282.5848388671875,0,0.0,0.0
2004-12-24 00:00:00+09:00,320.01331461162465,357.4417724609375,320.01331461162465,357.4417724609375,77800,0.0,0.0
2004-12-27 00:00:00+09:00,432.2986755371094,432.2986755371094,432.2986755371094,432.2986755371094,30200,0.0,0.0
2004-12-28 00:00:00+09:00,446.33436616042565,448.2057890793373,359.3132004310345,407.03448486328125,242900,0.0,0.0
2004-12-29 00:00:00+09:00,411.7130582179706,411.7130582179706,377.09173286782305,393.9345397949219,47000,0.0,0.0
2004-12-30 00:00:00+09:00,392.9988218321152,392.9988218321152,382.705995546036,392.0631103515625,5600,0.0,0.0
2004-12-31 00:00:00+09:00,392.0631103515625,392.0631103515625,392.0631103515625,392.0631103515625,0,0.0,0.0
2005-01-03 00:00:00+09:00,392.0631103515625,392.0631103515625,392.0631103515625,392.0631103515625,0,0.0,0.0
2005-01-04 00:00:00+09:00,401.42017866925494,401.42017866925494,378.9631057367092,383.64166259765625,15400,0.0,0.0
2005-01-05 00:00:00+09:00,380.83456664097645,380.83456664097645,361.1846258560612,363.99176025390625,24600,0.0,0.0
2005-01-06 00:00:00+09:00,364.9274782146639,374.28459304068093,364.9274782146639,365.8631896972656,12700,0.0,0.0
2005-01-07 00:00:00+09:00,365.8631851846413,374.2845884241855,363.0560507714599,373.348876953125,14700,0.0,0.0
2005-01-10 00:00:00+09:00,373.348876953125,373.348876953125,373.348876953125,373.348876953125,0,0.0,0.0
2005-01-11 00:00:00+09:00,382.7059564613886,383.64166784637973,378.0273995364327,380.83453369140625,14600,0.0,0.0
2005-01-12 00:00:00+09:00,380.8345299410533,392.99877782614834,378.9631071895002,388.3202209472656,25500,0.0,0.0
2005-01-13 00:00:00+09:00,391.12744653018905,392.06315812475884,378.96319580078125,378.96319580078125,8200,0.0,0.0
2005-01-14 00:00:00+09:00,391.1273737687331,391.1273737687331,379.8988367227408,389.2559509277344,13800,0.0,0.0
2005-01-17 00:00:00+09:00,421.07018501527847,464.1129150390625,417.3273389262538,464.1129150390625,169900,0.0,0.0
2005-01-18 00:00:00+09:00,496.86275441061235,533.3554990848381,465.9842781478059,468.7914123535156,177500,0.0,0.0
2005-01-19 00:00:00+09:00,487.5056447130569,487.5056447130569,437.91293997257316,439.78436279296875,43700,0.0,0.0
2005-01-20 00:00:00+09:00,452.88431845948287,452.88431845948287,422.94155360265756,447.2700500488281,18300,0.0,0.0
2005-01-21 00:00:00+09:00,449.1414741847826,449.1414741847826,430.42724609375,430.42724609375,14600,0.0,0.0
2005-01-24 00:00:00+09:00,430.42723417799283,435.10579107123186,421.0701203915147,431.3629455566406,17600,0.0,0.0
2005-01-25 00:00:00+09:00,431.3629522138229,445.39862311015116,430.4272408207343,433.234375,9800,0.0,0.0
2005-01-26 00:00:00+09:00,449.1414686825054,457.5628712203024,433.234375,433.234375,18500,0.0,0.0
2005-01-27 00:00:00+09:00,436.04154643397175,442.5915267452117,435.1058349609375,435.1058349609375,7500,0.0,0.0
2005-01-28 00:00:00+09:00,435.1058349609375,438.8486808530746,426.684431703629,435.1058349609375,9100,0.0,0.0
2005-01-31 00:00:00+09:00,443.52721256404726,443.52721256404726,432.2986755371094,432.2986755371094,8900,0.0,0.0
2005-02-01 00:00:00+09:00,431.3629561539535,439.78435876867275,421.0701307359633,425.7486877441406,13800,0.0,0.0
2005-02-02 00:00:00+09:00,425.7487106323242,430.4272678920201,410.77732740129744,419.19873046875,29100,0.0,0.0
2005-02-03 00:00:00+09:00,414.5201482537087,421.0701280229547,407.97016848446276,416.3915710449219,14000,0.0,0.0
2005-02-04 00:00:00+09:00,416.3915724012587,421.07012939453125,416.3915724012587,421.07012939453125,15400,0.0,0.0
2005-02-07 00:00:00+09:00,435.10579750754613,435.10579750754613,411.7130126953125,411.7130126953125,2400,0.0,0.0
2005-02-08 00:00:00+09:00,416.3915456366216,416.3915456366216,411.7129889440752,413.58441162109375,5100,0.0,0.0
2005-02-09 00:00:00+09:00,413.584465079472,413.584465079472,407.03448486328125,407.03448486328125,5500,0.0,0.0
2005-02-10 00:00:00+09:00,407.0344529262809,407.0344529262809,402.35589599609375,402.35589599609375,11000,0.0,0.0
2005-02-11 00:00:00+09:00,402.35589599609375,402.35589599609375,402.35589599609375,402.35589599609375,0,0.0,0.0
2005-02-14 00:00:00+09:00,378.9631305537559,388.32024488841654,378.9631305537559,386.4488220214844,32500,0.0,0.0
2005-02-15 00:00:00+09:00,385.51310524573694,389.2559509277344,374.2845681997446,389.2559509277344,16300,0.0,0.0
2005-02-16 00:00:00+09:00,393.9344876917397,393.9344876917397,383.64166259765625,383.64166259765625,8100,0.0,0.0
2005-02-17 00:00:00+09:00,385.51317696277005,390.1917349356192,378.96319580078125,378.96319580078125,4700,0.0,0.0
2005-02-18 00:00:00+09:00,378.9631109214239,380.83453369140625,378.9631109214239,380.83453369140625,6700,0.0,0.0
2005-02-21 00:00:00+09:00,383.6417537736304,392.9988697193287,378.96319580078125,378.96319580078125,9500,0.0,0.0
2005-02-22 00:00:00+09:00,379.8988592245759,389.25597398380194,379.8988592245759,382.70599365234375,5700,0.0,0.0
2005-02-23 00:00:00+09:00,392.0630848391453,410.7773132324219,391.12737341948144,410.7773132324219,15000,0.0,0.0
2005-02-24 00:00:00+09:00,428.5558363815834,436.04152784676387,419.1987220501078,434.17010498046875,35100,0.0,0.0
2005-02-25 00:00:00+09:00,436.97721916098783,438.84864194112055,428.5558166503906,428.5558166503906,11300,0.0,0.0
2005-02-28 00:00:00+09:00,400.48449929990727,420.1344396861177,400.48449929990727,409.84161376953125,11400,0.0,0.0
2005-03-01 00:00:00+09:00,419.1986744364754,420.13438576334255,399.5487365722656,399.5487365722656,12400,0.0,0.0
2005-03-02 00:00:00+09:00,400.4844916890226,403.2916259765625,392.998800255583,403.2916259765625,24200,0.0,0.0
2005-03-03 00:00:00+09:00,409.84161924164874,410.7773307011046,393.9345244308998,407.03448486328125,9100,0.0,0.0
2005-03-04 00:00:00+09:00,394.8701983300325,401.42017792318467,394.8701983300325,400.4844665527344,7300,0.0,0.0
2005-03-07 00:00:00+09:00,407.03447289423116,412.6487414858757,402.35591573452734,407.9701843261719,16200,0.0,0.0
2005-03-08 00:00:00+09:00,411.71304216056035,430.42727134967674,407.03448486328125,407.03448486328125,12600,0.0,0.0
2005-03-09 00:00:00+09:00,411.7129889440752,421.07010232916787,411.7129889440752,413.58441162109375,4100,0.0,0.0
2005-03-10 00:00:00+09:00,414.5201561176671,427.6201159046814,414.5201561176671,422.9415588378906,4400,0.0,0.0
2005-03-11 00:00:00+09:00,416.3915696577592,420.1344152277166,410.7773013028231,411.7130126953125,10800,0.0,0.0
2005-03-14 00:00:00+09:00,411.7130126953125,413.5844354802912,411.7130126953125,411.7130126953125,7500,0.0,0.0
2005-03-15 00:00:00+09:00,411.71302338349653,411.71302338349653,406.0987548828125,406.0987548828125,8000,0.0,0.0
2005-03-16 00:00:00+09:00,406.09872794710975,406.09872794710975,398.613037109375,398.613037109375,6100,0.0,0.0
2005-03-17 00:00:00+09:00,397.6773390659066,402.35589599609375,392.99878213571947,402.35589599609375,11200,0.0,0.0
2005-03-18 00:00:00+09:00,393.9345076784729,425.7486959470432,392.9987962588091,410.7773132324219,36100,0.0,0.0
2005-03-21 00:00:00+09:00,410.7773132324219,410.7773132324219,410.7773132324219,410.7773132324219,0,0.0,0.0
2005-03-22 00:00:00+09:00,429.49155297400495,429.49155297400495,404.22734397553404,405.1630554199219,19200,0.0,0.0
2005-03-23 00:00:00+09:00,418.2630100775203,418.2630100775203,407.9701843261719,407.9701843261719,3000,0.0,0.0
2005-03-24 00:00:00+09:00,409.84161376953125,411.7130366634561,408.90590232256886,409.84161376953125,4400,0.0,0.0
2005-03-25 00:00:00+09:00,407.0344393018266,409.8415733659771,397.67732575465817,398.613037109375,12500,0.0,0.0
2005-03-28 00:00:00+09:00,399.54880408084756,419.1987452651515,398.6130925958807,401.42022705078125,6200,0.0,0.0
2005-03-29 00:00:00+09:00,402.35589599609375,409.84158708439315,402.35589599609375,402.35589599609375,10900,0.0,0.0
2005-03-30 00:00:00+09:00,402.35592219383204,410.7773252164937,402.35592219383204,409.84161376953125,4200,0.0,0.0
2005-03-31 00:00:00+09:00,409.84158991033377,411.7130126953125,405.1630329478871,411.7130126953125,14000,0.0,0.0
2005-04-01 00:00:00+09:00,416.3915710449219,416.3915710449219,409.8415912756759,416.3915710449219,4400,0.0,0.0
2005-04-04 00:00:00+09:00,439.7843701171875,467.855712890625,439.7843701171875,467.855712890625,147100,0.0,0.0
2005-04-05 00:00:00+09:00,467.8557226262941,479.08425996932516,445.39864794023197,457.5628967285156,92800,0.0,0.0
2005-04-06 00:00:00+09:00,457.5628543153101,467.8556792590083,447.27002937161194,458.4985656738281,57700,0.0,0.0
2005-04-07 00:00:00+09:00,449.1414848663522,451.01290771996196,432.29867918386395,446.3343505859375,15000,0.0,0.0
2005-04-08 00:00:00+09:00,430.4272435129823,442.59149169921875,421.0701295235696,442.59149169921875,24800,0.0,0.0
2005-04-11 00:00:00+09:00,449.14149234169406,449.14149234169406,425.74870628223084,426.6844177246094,14000,0.0,0.0
2005-04-12 00:00:00+09:00,445.39863409463896,445.39863409463896,427.6201171875,427.6201171875,8800,0.0,0.0
2005-04-13 00:00:00+09:00,441.65582275390625,452.88436062053097,435.10584233170846,441.65582275390625,21300,0.0,0.0
2005-04-14 00:00:00+09:00,422.9415250061864,434.1700610682975,408.90585492854746,413.58441162109375,44700,0.0,0.0
2005-04-15 00:00:00+09:00,413.5844394542553,416.39157365869596,404.2273254394531,404.2273254394531,13600,0.0,0.0
2005-04-18 00:00:00+09:00,392.99882829897194,393.9345397949219,378.9631558597229,393.9345397949219,17700,0.0,0.0
2005-04-19 00:00:00+09:00,394.87020490779435,403.2916073821312,394.87020490779435,402.35589599609375,8500,0.0,0.0
2005-04-20 00:00:00+09:00,419.1987160093964,421.070138848724,407.03446755376655,410.7773132324219,5000,0.0,0.0
2005-04-21 00:00:00+09:00,403.291650020715,403.291650020715,392.99882368607956,401.42022705078125,11700,0.0,0.0
2005-04-22 00:00:00+09:00,411.7130300539349,418.2630100775203,407.03447289423116,407.9701843261719,2200,0.0,0.0
2005-04-25 00:00:00+09:00,393.9345076784729,410.7773132324219,393.9345076784729,410.7773132324219,13600,0.0,0.0
2005-04-26 00:00:00+09:00,401.4202139820772,402.3559254365809,397.6773681640625,397.6773681640625,2000,0.0,0.0
2005-04-27 00:00:00+09:00,398.61304757254464,398.61304757254464,387.38451102120536,392.998779296875,5000,0.0,0.0
2005-04-28 00:00:00+09:00,392.9987953353102,392.9987953353102,384.577392578125,384.577392578125,6400,0.0,0.0
2005-04-29 00:00:00+09:00,384.577392578125,384.577392578125,384.577392578125,384.577392578125,0,0.0,0.0
2005-05-02 00:00:00+09:00,409.84158708439315,409.84158708439315,402.35589599609375,402.35589599609375,11600,0.0,0.0
2005-05-03 00:00:00+09:00,402.35589599609375,402.35589599609375,402.35589599609375,402.35589599609375,0,0.0,0.0
2005-05-04 00:00:00+09:00,402.35589599609375,402.35589599609375,402.35589599609375,402.35589599609375,0,0.0,0.0
2005-05-05 00:00:00+09:00,402.35589599609375,402.35589599609375,402.35589599609375,402.35589599609375,0,0.0,0.0
2005-05-06 00:00:00+09:00,402.35589599609375,403.2916073821312,402.35589599609375,402.35589599609375,3100,0.0,0.0
2005-05-09 00:00:00+09:00,402.35591081472546,403.2916222352248,389.2559509277344,389.2559509277344,4200,0.0,0.0
2005-05-10 00:00:00+09:00,388.3202569461563,405.16306327153177,383.64169963355204,385.51312255859375,11300,0.0,0.0
2005-05-11 00:00:00+09:00,385.5131192555147,397.6773681640625,385.5131192555147,397.6773681640625,2400,0.0,0.0
2005-05-12 00:00:00+09:00,397.6773681640625,397.6773681640625,392.9988108915441,397.6773681640625,7400,0.0,0.0
2005-05-13 00:00:00+09:00,396.7416477896111,396.7416477896111,386.4488220214844,386.4488220214844,4200,0.0,0.0
2005-05-16 00:00:00+09:00,384.5773792313709,384.5773792313709,380.83453369140625,380.83453369140625,10100,0.0,0.0
2005-05-17 00:00:00+09:00,381.7702352403085,381.7702352403085,369.6059875488281,369.6059875488281,10400,0.0,0.0
2005-05-18 00:00:00+09:00,360.2489163582785,373.348876953125,360.2489163582785,373.348876953125,2100,0.0,0.0
2005-05-19 00:00:00+09:00,364.92745557622095,372.41314697265625,360.2488984534489,372.41314697265625,14800,0.0,0.0
2005-05-20 00:00:00+09:00,367.7346016910274,374.28458187381926,367.7346016910274,371.4774475097656,4100,0.0,0.0
2005-05-23 00:00:00+09:00,378.9631773693727,378.9631773693727,378.0274658203125,378.0274658203125,2800,0.0,0.0
2005-05-24 00:00:00+09:00,378.0273897967761,387.3845034056072,369.6059875488281,369.6059875488281,8300,0.0,0.0
2005-05-25 00:00:00+09:00,369.60598598382416,370.5416973407452,364.92742919921875,364.92742919921875,5300,0.0,0.0
2005-05-26 00:00:00+09:00,371.4774475097656,372.4131589644502,357.44177568949743,371.4774475097656,4100,0.0,0.0
2005-05-27 00:00:00+09:00,360.2489013671875,361.18461279931006,357.4417670708198,360.2489013671875,1900,0.0,0.0
2005-05-30 00:00:00+09:00,356.5060850444593,363.99177711888365,355.57037353515625,355.57037353515625,17000,0.0,0.0
2005-05-31 00:00:00+09:00,355.5703379313151,358.37747217814126,327.4989954630534,336.8561096191406,19300,0.0,0.0
2005-06-01 00:00:00+09:00,329.3704472931338,332.1775817871094,327.4990242971501,332.1775817871094,14500,0.0,0.0
2005-06-02 00:00:00+09:00,333.1132526397705,360.24888277053833,333.1132526397705,359.31317138671875,9800,0.0,0.0
2005-06-03 00:00:00+09:00,343.4060815851739,354.6346183127545,340.59894740327877,351.8274841308594,4000,0.0,0.0
2005-06-06 00:00:00+09:00,356.50605067422947,358.3774735124144,341.53466796875,341.53466796875,6300,0.0,0.0
2005-06-07 00:00:00+09:00,342.47039794921875,342.47039794921875,337.7918406001857,342.47039794921875,2100,0.0,0.0
2005-06-08 00:00:00+09:00,342.4704082650198,342.4704082650198,332.1775817871094,332.1775817871094,8000,0.0,0.0
2005-06-09 00:00:00+09:00,334.9846749345352,337.79180908203125,334.9846749345352,337.79180908203125,600,0.0,0.0
2005-06-10 00:00:00+09:00,344.3418022260274,344.3418022260274,336.85611087328766,341.53466796875,2200,0.0,0.0
2005-06-13 00:00:00+09:00,341.5346288414641,341.5346288414641,334.9846496582031,334.9846496582031,9200,0.0,0.0
2005-06-14 00:00:00+09:00,330.30612714494976,336.8561070033482,327.4989929199219,327.4989929199219,6600,0.0,0.0
2005-06-15 00:00:00+09:00,329.37042236328125,329.37042236328125,324.69186522743917,329.37042236328125,13100,0.0,0.0
2005-06-16 00:00:00+09:00,332.1775275051427,337.79179557565215,330.30610481497285,334.0489501953125,5400,0.0,0.0
2005-06-17 00:00:00+09:00,328.43466869494733,334.04893653588664,328.43466869494733,330.30609130859375,11300,0.0,0.0
2005-06-20 00:00:00+09:00,331.2418359173231,339.6632385253906,331.2418359173231,339.6632385253906,15600,0.0,0.0
2005-06-21 00:00:00+09:00,339.6632281047542,348.0846304544588,339.6632281047542,345.2774963378906,15900,0.0,0.0
2005-06-22 00:00:00+09:00,344.34178643048125,351.8274774398396,344.34178643048125,349.9560546875,15600,0.0,0.0
2005-06-23 00:00:00+09:00,349.956104479338,355.57037353515625,349.956104479338,355.57037353515625,2400,0.0,0.0
2005-06-24 00:00:00+09:00,356.5060411006846,359.3131752825798,351.8274841308594,351.8274841308594,11300,0.0,0.0
2005-06-27 00:00:00+09:00,363.05600857924406,363.05600857924406,352.76318359375,352.76318359375,2700,0.0,0.0
2005-06-28 00:00:00+09:00,354.63462498579077,356.5060478089348,353.69891357421875,353.69891357421875,9500,0.0,0.0
2005-06-29 00:00:00+09:00,352.76318881600935,356.5060343206885,348.0846319351604,349.9560546875,5100,0.0,0.0
2005-06-30 00:00:00+09:00,349.020378237865,350.8918011774782,342.47039794921875,342.47039794921875,6700,0.0,0.0
2005-07-01 00:00:00+09:00,349.020331716671,349.020331716671,332.1775275051427,334.0489501953125,10600,0.0,0.0
2005-07-04 00:00:00+09:00,334.04895691087984,335.9203796386719,331.2418228191918,335.9203796386719,7900,0.0,0.0
2005-07-05 00:00:00+09:00,345.2774932776321,345.2774932776321,335.9203796386719,335.9203796386719,9000,0.0,0.0
2005-07-06 00:00:00+09:00,338.72754560198103,340.5989685058594,335.9204112461635,340.5989685058594,1700,0.0,0.0
2005-07-07 00:00:00+09:00,340.5989552815755,340.5989552815755,334.04897537231443,336.8561096191406,4700,0.0,0.0
2005-07-08 00:00:00+09:00,333.11328125,335.9204156425562,333.11328125,333.11328125,10800,0.0,0.0
2005-07-11 00:00:00+09:00,336.8560842305672,341.5346409559918,334.0489501953125,334.0489501953125,8600,0.0,0.0
2005-07-12 00:00:00+09:00,335.9203728854823,335.9203728854823,334.0489501953125,334.0489501953125,4400,0.0,0.0
2005-07-13 00:00:00+09:00,344.3418312610035,344.3418312610035,327.4990242971501,332.1775817871094,20000,0.0,0.0
2005-07-14 00:00:00+09:00,330.30609130859375,336.85607045635624,327.49895738812415,330.30609130859375,32700,0.0,0.0
2005-07-15 00:00:00+09:00,331.2418506698827,331.2418506698827,326.56329345703125,326.56329345703125,24600,0.0,0.0
2005-07-18 00:00:00+09:00,326.56329345703125,326.56329345703125,326.56329345703125,326.56329345703125,0,0.0,0.0
2005-07-19 00:00:00+09:00,329.3704198647661,329.3704198647661,319.07759424399217,320.0133056640625,7500,0.0,0.0
2005-07-20 00:00:00+09:00,319.07755878835485,322.8204040527344,319.07755878835485,322.8204040527344,4300,0.0,0.0
2005-07-21 00:00:00+09:00,324.6918694252192,326.5632923037507,321.8847351074219,321.8847351074219,5700,0.0,0.0
2005-07-22 00:00:00+09:00,322.82044654668766,326.5632923037507,320.94902366815614,321.8847351074219,5400,0.0,0.0
2005-07-25 00:00:00+09:00,326.5632493171139,326.5632493171139,322.8204040527344,322.8204040527344,9600,0.0,0.0
2005-07-26 00:00:00+09:00,324.69185066779227,326.5632734382118,320.0132937417434,320.9490051269531,10800,0.0,0.0
2005-07-27 00:00:00+09:00,327.4989929199219,327.4989929199219,323.7561472865513,327.4989929199219,5100,0.0,0.0
2005-07-28 00:00:00+09:00,327.4989795133558,328.4346908833939,322.82042266316495,323.7561340332031,8600,0.0,0.0
2005-07-29 00:00:00+09:00,326.56328686101295,327.49899828468347,323.75615259000136,324.6918640136719,4700,0.0,0.0
2005-08-01 00:00:00+09:00,325.6275754373424,327.49899828468347,324.6918640136719,324.6918640136719,7800,0.0,0.0
2005-08-02 00:00:00+09:00,327.4989929199219,327.4989929199219,323.7561472865513,327.4989929199219,6100,0.0,0.0
2005-08-03 00:00:00+09:00,330.3061120712862,330.3061120712862,319.07757568359375,319.07757568359375,5600,0.0,0.0
2005-08-04 00:00:00+09:00,318.1418748542444,318.1418748542444,313.46331787109375,313.46331787109375,9300,0.0,0.0
2005-08-05 00:00:00+09:00,309.7204709139737,310.65618230646305,300.3633569890802,308.7847595214844,12500,0.0,0.0
2005-08-08 00:00:00+09:00,304.10620647927993,304.10620647927993,290.07053541100544,301.299072265625,10100,0.0,0.0
2005-08-09 00:00:00+09:00,287.2634115098398,303.1705059582674,281.649142880983,295.684814453125,15400,0.0,0.0
2005-08-10 00:00:00+09:00,303.17049630301335,332.177549961635,303.17049630301335,327.4989929199219,23700,0.0,0.0
2005-08-11 00:00:00+09:00,333.1132680719549,336.85611378062856,329.37042236328125,329.37042236328125,16800,0.0,0.0
2005-08-12 00:00:00+09:00,330.3061244291418,332.17754723044004,318.1418762207031,318.1418762207031,9700,0.0,0.0
2005-08-15 00:00:00+09:00,313.4633661829093,313.4633661829093,309.72052001953125,309.72052001953125,3200,0.0,0.0
2005-08-16 00:00:00+09:00,318.1418748542444,318.1418748542444,310.65618368120334,313.46331787109375,4600,0.0,0.0
2005-08-17 00:00:00+09:00,313.46330597287135,314.3990173339844,313.46330597287135,314.3990173339844,2700,0.0,0.0
2005-08-18 00:00:00+09:00,315.3347420187557,320.0132990220014,311.5918964161592,318.1418762207031,5700,0.0,0.0
2005-08-19 00:00:00+09:00,317.20616345761425,320.01329764750466,312.5276064744636,313.46331787109375,9700,0.0,0.0
2005-08-22 00:00:00+09:00,315.3347392689098,315.3347392689098,304.1062025590376,308.7847595214844,15800,0.0,0.0
2005-08-23 00:00:00+09:00,310.6561755668826,310.6561755668826,306.913330078125,306.913330078125,5700,0.0,0.0
2005-08-24 00:00:00+09:00,306.91333673650564,308.7847595214844,300.3633569890802,308.7847595214844,10300,0.0,0.0
2005-08-25 00:00:00+09:00,310.6562315603757,314.39907772375375,309.72052001953125,309.72052001953125,4100,0.0,0.0
2005-08-26 00:00:00+09:00,313.4633661829093,313.4633661829093,309.72052001953125,309.72052001953125,3500,0.0,0.0
2005-08-29 00:00:00+09:00,310.6562315603757,311.59194310122024,308.7848084786867,309.72052001953125,6700,0.0,0.0
2005-08-30 00:00:00+09:00,308.7847595214844,309.7204709139737,308.7847595214844,308.7847595214844,5600,0.0,0.0
2005-08-31 00:00:00+09:00,308.7847686232182,320.0133056640625,304.10621152286643,320.0133056640625,8100,0.0,0.0
2005-09-01 00:00:00+09:00,323.75615134434395,324.6918627644143,318.1418828239218,320.0133056640625,10200,0.0,0.0
2005-09-02 00:00:00+09:00,320.94901306152343,327.4989929199219,319.0775902448382,327.4989929199219,8700,0.0,0.0
2005-09-05 00:00:00+09:00,332.1775697858146,333.11328125,327.49901246488764,333.11328125,9200,0.0,0.0
2005-09-06 00:00:00+09:00,334.04898120285173,407.9701843261719,334.04898120285173,407.9701843261719,244500,0.0,0.0
2005-09-07 00:00:00+09:00,407.03446693027144,407.03446693027144,355.57033892759347,363.0560302734375,154900,0.0,0.0
2005-09-08 00:00:00+09:00,357.44173007098567,360.2488640767787,346.2131940478133,358.37744140625,22300,0.0,0.0
2005-09-09 00:00:00+09:00,352.76319412272574,357.4417510739555,346.21321439100404,347.14892578125,20900,0.0,0.0
2005-09-12 00:00:00+09:00,347.1489699514289,373.34889221191406,346.21325844212583,355.57037353515625,19300,0.0,0.0
2005-09-13 00:00:00+09:00,359.31321957236844,363.0560656095806,355.57037353515625,355.57037353515625,14600,0.0,0.0
2005-09-14 00:00:00+09:00,355.57034956847184,360.24890679963596,348.08465799860926,357.4417724609375,21700,0.0,0.0
2005-09-15 00:00:00+09:00,349.02032470703125,357.44172664366204,349.02032470703125,349.02032470703125,7000,0.0,0.0
2005-09-16 00:00:00+09:00,351.8274907510748,362.12031627836683,351.8274907510748,353.69891357421875,20800,0.0,0.0
2005-09-19 00:00:00+09:00,353.69891357421875,353.69891357421875,353.69891357421875,353.69891357421875,0,0.0,0.0
2005-09-20 00:00:00+09:00,355.5703856133534,357.44180869552895,350.89182790791455,354.6346740722656,13500,0.0,0.0
2005-09-21 00:00:00+09:00,355.5703186035156,374.2845458984375,355.5703186035156,374.2845458984375,23700,0.0,0.0
2005-09-22 00:00:00+09:00,388.32021476649027,391.1273488491396,369.6059875488281,369.6059875488281,47100,0.0,0.0
2005-09-23 00:00:00+09:00,369.6059875488281,369.6059875488281,369.6059875488281,369.6059875488281,0,0.0,0.0
2005-09-26 00:00:00+09:00,370.5416886859999,382.70593604185336,369.6059773509342,375.2202453613281,14300,0.0,0.0
2005-09-27 00:00:00+09:00,382.70594818115234,382.70594818115234,360.2488754272461,374.2845458984375,14900,0.0,0.0
2005-09-28 00:00:00+09:00,361.1846322842571,372.4131700754775,361.1846322842571,365.8631896972656,18400,0.0,0.0
2005-09-29 00:00:00+09:00,364.9274585278003,364.9274585278003,360.2489013671875,360.2489013671875,7400,0.0,0.0
2005-09-30 00:00:00+09:00,352.76320751953125,353.69891894531247,346.2132275390625,350.89178466796875,15200,0.0,0.0
2005-10-03 00:00:00+09:00,350.89177933950276,356.5060478089348,349.02035651635873,353.69891357421875,6500,0.0,0.0
2005-10-04 00:00:00+09:00,354.63461690321765,356.50603968370956,347.14892578125,347.14892578125,4900,0.0,0.0
2005-10-05 00:00:00+09:00,344.3417813328913,352.76318359375,336.85609043435016,352.76318359375,12600,0.0,0.0
2005-10-06 00:00:00+09:00,346.2132115245196,346.2132115245196,335.9203863170339,337.79180908203125,27400,0.0,0.0
2005-10-07 00:00:00+09:00,336.85609769953254,342.4703659945248,335.9203863170339,337.79180908203125,6800,0.0,0.0
2005-10-10 00:00:00+09:00,337.79180908203125,337.79180908203125,337.79180908203125,337.79180908203125,0,0.0,0.0
2005-10-11 00:00:00+09:00,346.2132438284452,346.2132438284452,336.8561291303791,342.47039794921875,28700,0.0,0.0
2005-10-12 00:00:00+09:00,342.47039794921875,342.47039794921875,342.47039794921875,342.47039794921875,2000,0.0,0.0
2005-10-13 00:00:00+09:00,336.8561271067416,336.8561271067416,333.11328125,333.11328125,4800,0.0,0.0
2005-10-14 00:00:00+09:00,333.11328125,333.11328125,326.56330100070227,333.11328125,6300,0.0,0.0
2005-10-17 00:00:00+09:00,336.85611932530446,336.85611932530446,325.627582014461,326.56329345703125,5700,0.0,0.0
2005-10-18 00:00:00+09:00,329.37043990211924,329.37043990211924,322.82045956315665,325.6275939941406,2600,0.0,0.0
2005-10-19 00:00:00+09:00,321.8847165121629,324.69185066779227,320.9490051269531,320.9490051269531,3400,0.0,0.0
2005-10-20 00:00:00+09:00,321.8847165121629,325.627562053002,320.9490051269531,320.9490051269531,6300,0.0,0.0
2005-10-21 00:00:00+09:00,320.94901042265053,320.94901042265053,315.3347420187557,318.1418762207031,7800,0.0,0.0
2005-10-24 00:00:00+09:00,309.72047228457325,317.20616345761425,307.84904949131294,313.46331787109375,15600,0.0,0.0
2005-10-25 00:00:00+09:00,313.46331787109375,313.46331787109375,304.10620390479244,313.46331787109375,16900,0.0,0.0
2005-10-26 00:00:00+09:00,312.5276050914417,313.46331648393107,308.7847595214844,308.7847595214844,6000,0.0,0.0
2005-10-27 00:00:00+09:00,311.5918950778335,313.46331787109375,309.72047228457325,313.46331787109375,11200,0.0,0.0
2005-10-28 00:00:00+09:00,322.8204358782087,348.0846439034598,319.0775902448382,327.4989929199219,46300,0.0,0.0
2005-10-31 00:00:00+09:00,346.2132349391442,346.2132349391442,328.43471746929623,331.2418518066406,10100,0.0,0.0
2005-11-01 00:00:00+09:00,331.24184950007947,331.24184950007947,321.8847351074219,321.8847351074219,16200,0.0,0.0
2005-11-02 00:00:00+09:00,319.07764249722635,321.88477718195264,316.2705078125,316.2705078125,25700,0.0,0.0
2005-11-03 00:00:00+09:00,316.2705078125,316.2705078125,316.2705078125,316.2705078125,0,0.0,0.0
2005-11-04 00:00:00+09:00,313.46334479321007,325.6275939941406,309.72049888523145,325.6275939941406,24400,0.0,0.0
2005-11-07 00:00:00+09:00,318.14188819367627,325.6275796805863,314.39904245022126,317.2061767578125,12800,0.0,0.0
2005-11-08 00:00:00+09:00,317.20616482005397,318.1418762207031,313.46331921745747,318.1418762207031,6300,0.0,0.0
2005-11-09 00:00:00+09:00,320.01330439627,320.01330439627,315.3347473144531,315.3347473144531,3100,0.0,0.0
2005-11-10 00:00:00+09:00,313.46331787109375,318.1418748542444,313.46331787109375,313.46331787109375,11600,0.0,0.0
2005-11-11 00:00:00+09:00,314.3990846893491,322.8204887435281,314.3990846893491,316.2705078125,8400,0.0,0.0
2005-11-14 00:00:00+09:00,322.8204195840018,322.8204195840018,314.3990173339844,314.3990173339844,17000,0.0,0.0
2005-11-15 00:00:00+09:00,312.5276195784937,317.2061767578125,310.65619670676625,317.2061767578125,11900,0.0,0.0
2005-11-16 00:00:00+09:00,316.27045206098416,318.1418748542444,313.46331787109375,313.46331787109375,5000,0.0,0.0
2005-11-17 00:00:00+09:00,313.46332448172643,315.3347473144531,312.527613065363,315.3347473144531,11000,0.0,0.0
2005-11-18 00:00:00+09:00,312.527613065363,316.2704587308165,312.527613065363,315.3347473144531,11900,0.0,0.0
2005-11-21 00:00:00+09:00,313.46338478915663,316.2705195783132,308.7848268072289,310.65625,19200,0.0,0.0
2005-11-22 00:00:00+09:00,312.5276731927711,316.2705195783132,308.7848268072289,310.65625,15000,0.0,0.0
2005-11-23 00:00:00+09:00,310.65625,310.65625,310.65625,310.65625,0,0.0,0.0
2005-11-24 00:00:00+09:00,307.84906548810153,308.7847769333541,304.10621970709116,305.04193115234375,20100,0.0,0.0
2005-11-25 00:00:00+09:00,305.0419153014226,327.4989888205457,305.0419153014226,313.46331787109375,41300,0.0,0.0
2005-11-28 00:00:00+09:00,309.7204852709025,317.2061767578125,309.7204852709025,317.2061767578125,16700,0.0,0.0
2005-11-29 00:00:00+09:00,318.1418788364955,331.2418385532924,318.1418788364955,327.4989929199219,36500,0.0,0.0
2005-11-30 00:00:00+09:00,346.21320918282083,372.41312771557483,341.5346523019719,349.9560546875,226500,0.0,0.0
2005-12-01 00:00:00+09:00,359.31316105769235,394.8701926206931,357.4417383438502,364.92742919921875,236200,0.0,0.0
2005-12-02 00:00:00+09:00,373.34892623336225,390.1917349356192,364.9275218822338,378.96319580078125,104200,0.0,0.0
2005-12-05 00:00:00+09:00,391.12738152542295,404.22734167220744,384.5774014520307,395.8059387207031,132600,0.0,0.0
2005-12-06 00:00:00+09:00,392.9987607275756,392.9987607275756,375.2202453613281,375.2202453613281,40300,0.0,0.0
2005-12-07 00:00:00+09:00,365.86318318580294,372.4131634474413,363.0560487879579,363.99176025390625,52800,0.0,0.0
2005-12-08 00:00:00+09:00,363.0560356635552,363.0560356635552,336.85611556412334,360.2489013671875,35400,0.0,0.0
2005-12-09 00:00:00+09:00,360.2489044845745,360.2489044845745,346.2132328812794,348.08465576171875,14500,0.0,0.0
2005-12-12 00:00:00+09:00,349.02029905576967,355.57027785842484,345.277454025681,346.2131652832031,21200,0.0,0.0
2005-12-13 00:00:00+09:00,355.5703282934636,355.5703282934636,347.14892578125,347.14892578125,13900,0.0,0.0
2005-12-14 00:00:00+09:00,351.8274759432165,355.5703214319741,345.2774963378906,345.2774963378906,24000,0.0,0.0
2005-12-15 00:00:00+09:00,346.21319072815436,355.5703039910774,346.21319072815436,349.02032470703125,17400,0.0,0.0
2005-12-16 00:00:00+09:00,350.8917727368943,355.5703297067196,347.1489271610341,351.8274841308594,17400,0.0,0.0
2005-12-19 00:00:00+09:00,356.5060556386972,364.9274585278003,355.57034420657465,360.2489013671875,11300,0.0,0.0
2005-12-20 00:00:00+09:00,362.12035410027755,376.15602673982323,355.57037353515625,355.57037353515625,42500,0.0,0.0
2005-12-21 00:00:00+09:00,351.82749609374997,360.24889892578125,350.89178466796875,350.89178466796875,18900,0.0,0.0
2005-12-22 00:00:00+09:00,354.6346327744521,361.18461279931006,351.8274984780844,360.2489013671875,21600,0.0,0.0
2005-12-23 00:00:00+09:00,360.2489013671875,360.2489013671875,360.2489013671875,360.2489013671875,0,0.0,0.0
2005-12-26 00:00:00+09:00,364.9274531098985,366.79887594635954,362.120318855207,363.0560302734375,15000,0.0,0.0
2005-12-27 00:00:00+09:00,362.1203664009678,362.1203664009678,349.020404825739,354.6346740722656,29600,0.0,0.0
2005-12-28 00:00:00+09:00,358.37746000289917,364.92743968963623,356.50603723526,359.31317138671875,14400,0.0,0.0
2005-12-29 00:00:00+09:00,360.24892714794055,372.4131766360528,359.31321564885496,367.734619140625,36300,0.0,0.0
2005-12-30 00:00:00+09:00,363.0560616451972,371.4774651369673,357.44179265068385,367.734619140625,8700,0.0,0.0
2006-01-02 00:00:00+09:00,367.734619140625,367.734619140625,367.734619140625,367.734619140625,0,0.0,0.0
2006-01-03 00:00:00+09:00,367.734619140625,367.734619140625,367.734619140625,367.734619140625,0,0.0,0.0
2006-01-04 00:00:00+09:00,365.86314361572266,378.0273913574219,364.92743225097655,374.2845458984375,19500,0.0,0.0
2006-01-05 00:00:00+09:00,383.6416640683829,401.42018020813725,379.89881856527677,388.3202209472656,78100,0.0,0.0
2006-01-06 00:00:00+09:00,388.3202536190257,402.3559254365809,388.3202536190257,397.6773681640625,34700,0.0,0.0
2006-01-09 00:00:00+09:00,397.6773681640625,397.6773681640625,397.6773681640625,397.6773681640625,0,0.0,0.0
2006-01-10 00:00:00+09:00,401.4201592259999,401.4201592259999,392.0630459573286,399.5487365722656,30200,0.0,0.0
2006-01-11 00:00:00+09:00,392.9987966097318,398.613065132728,389.2559509277344,389.2559509277344,32900,0.0,0.0
2006-01-12 00:00:00+09:00,389.2559823151722,398.61309727467153,385.5131363313725,393.9345397949219,25800,0.0,0.0
2006-01-13 00:00:00+09:00,397.6773857787216,397.6773857787216,392.99882829897194,393.9345397949219,26000,0.0,0.0
2006-01-16 00:00:00+09:00,394.87020205543155,394.87020205543155,388.32022240048366,392.998779296875,16200,0.0,0.0
2006-01-17 00:00:00+09:00,392.99877157090583,392.99877157090583,369.6059875488281,369.6059875488281,29600,0.0,0.0
2006-01-18 00:00:00+09:00,369.606009165446,372.4131434122721,318.1418813069661,336.8561096191406,35300,0.0,0.0
2006-01-19 00:00:00+09:00,322.82045575217904,363.99176025390625,322.82045575217904,363.99176025390625,15800,0.0,0.0
2006-01-20 00:00:00+09:00,370.54173605508106,375.22029332850383,364.9274673269738,371.4774475097656,20300,0.0,0.0
2006-01-23 00:00:00+09:00,350.8918041319359,357.44178447573205,341.53468935508425,356.5060729980469,12500,0.0,0.0
2006-01-24 00:00:00+09:00,356.5060556386972,367.73459282416803,347.1489413174716,360.2489013671875,6700,0.0,0.0
2006-01-25 00:00:00+09:00,366.7989076415395,375.2203111333095,366.7989076415395,367.734619140625,11800,0.0,0.0
2006-01-26 00:00:00+09:00,368.6702834356399,393.9344906761533,367.7345720563616,392.998779296875,23200,0.0,0.0
2006-01-27 00:00:00+09:00,392.9987763195503,392.9987763195503,378.9631057367092,383.64166259765625,15900,0.0,0.0
2006-01-30 00:00:00+09:00,391.12735357517147,392.9987763195503,383.64166259765625,383.64166259765625,27100,0.0,0.0
2006-01-31 00:00:00+09:00,375.2202602479516,383.64166259765625,375.2202602479516,383.64166259765625,11000,0.0,0.0
2006-02-01 00:00:00+09:00,384.5773754441595,388.3202209472656,374.2845503106175,388.3202209472656,17400,0.0,0.0
2006-02-02 00:00:00+09:00,379.89881710889864,388.3202194586033,379.89881710889864,383.64166259765625,8500,0.0,0.0
2006-02-03 00:00:00+09:00,382.70595122546683,383.64166259765625,372.41312613138336,383.64166259765625,10700,0.0,0.0
2006-02-06 00:00:00+09:00,382.70595122546683,383.64166259765625,374.2845488757622,383.64166259765625,8300,0.0,0.0
2006-02-07 00:00:00+09:00,383.64166259765625,386.44879671422444,368.67028064262576,383.64166259765625,21900,0.0,0.0
2006-02-08 00:00:00+09:00,383.64165954589845,383.64165954589845,372.41312316894533,374.2845458984375,11500,0.0,0.0
2006-02-09 00:00:00+09:00,383.64171881424755,383.64171881424755,355.57037353515625,355.57037353515625,12600,0.0,0.0
2006-02-10 00:00:00+09:00,369.6059875488281,374.28454435324363,361.18458530088014,369.6059875488281,12700,0.0,0.0
2006-02-13 00:00:00+09:00,364.9274585278003,368.6703042562906,358.3774785029424,360.2489013671875,14400,0.0,0.0
2006-02-14 00:00:00+09:00,366.7988649764151,366.7988649764151,347.14892578125,347.14892578125,8900,0.0,0.0
2006-02-15 00:00:00+09:00,351.8274774398396,357.4417456968583,349.9560546875,349.9560546875,2700,0.0,0.0
2006-02-16 00:00:00+09:00,345.27750014202087,345.27750014202087,336.85609769953254,337.79180908203125,10500,0.0,0.0
2006-02-17 00:00:00+09:00,338.72752982003345,339.6632412283761,327.4989929199219,327.4989929199219,7700,0.0,0.0
2006-02-20 00:00:00+09:00,313.4633205247962,322.8204345703125,299.42764945652175,301.299072265625,8600,0.0,0.0
2006-02-21 00:00:00+09:00,308.78477260044644,376.15599571327107,308.78477260044644,360.2489013671875,58900,0.0,0.0
2006-02-22 00:00:00+09:00,376.15599571327107,377.0917071453937,349.02036418171673,360.2489013671875,21800,0.0,0.0
2006-02-23 00:00:00+09:00,360.2488724146134,369.60598598382416,356.5060269869291,364.92742919921875,5100,0.0,0.0
2006-02-24 00:00:00+09:00,364.92747629721333,367.7346107302688,356.5060729980469,356.5060729980469,3600,0.0,0.0
2006-02-27 00:00:00+09:00,364.9274313038793,364.9274313038793,351.82747223143235,352.76318359375,7400,0.0,0.0
2006-02-28 00:00:00+09:00,352.7632049978596,352.7632049978596,336.85611087328766,341.53466796875,5900,0.0,0.0
2006-03-01 00:00:00+09:00,346.21320771008004,346.21320771008004,342.47036222132243,345.2774963378906,1500,0.0,0.0
2006-03-02 00:00:00+09:00,337.791838570927,341.53468442766854,333.11328125,333.11328125,7300,0.0,0.0
2006-03-03 00:00:00+09:00,327.499011439136,329.3704343616453,327.499011439136,328.4347229003906,4200,0.0,0.0
2006-03-06 00:00:00+09:00,337.7918375129374,338.7275489741921,327.499011439136,328.4347229003906,4400,0.0,0.0
2006-03-07 00:00:00+09:00,324.69182668492414,328.43467194930366,322.8204040527344,322.8204040527344,5200,0.0,0.0
2006-03-08 00:00:00+09:00,327.4990048996016,327.4990048996016,318.1418904738986,326.56329345703125,3700,0.0,0.0
2006-03-09 00:00:00+09:00,322.82044654668766,326.5632923037507,321.8847351074219,321.8847351074219,7400,0.0,0.0
2006-03-10 00:00:00+09:00,326.5632681433176,326.5632681433176,319.0775771830123,323.7561340332031,5000,0.0,0.0
2006-03-13 00:00:00+09:00,326.56330100070227,334.9847041783708,326.56330100070227,333.11328125,22100,0.0,0.0
2006-03-14 00:00:00+09:00,334.9846867879232,336.8561096191406,333.11326395670574,336.8561096191406,4400,0.0,0.0
2006-03-15 00:00:00+09:00,336.8561392770687,342.4704082650198,332.1775817871094,332.1775817871094,8200,0.0,0.0
2006-03-16 00:00:00+09:00,333.1132668267066,333.1132668267066,323.75615259000136,324.6918640136719,4900,0.0,0.0
2006-03-17 00:00:00+09:00,323.75615259000136,324.6918640136719,323.75615259000136,324.6918640136719,1500,0.0,0.0
2006-03-20 00:00:00+09:00,326.56328151157925,327.4989929199219,324.69185869489394,327.4989929199219,6500,0.0,0.0
2006-03-21 00:00:00+09:00,327.4989929199219,327.4989929199219,327.4989929199219,327.4989929199219,0,0.0,0.0
2006-03-22 00:00:00+09:00,330.3061337904496,333.1132680719549,327.4989995089444,329.37042236328125,6500,0.0,0.0
2006-03-23 00:00:00+09:00,334.04895691087984,336.8560910025679,331.2418228191918,335.9203796386719,7200,0.0,0.0
2006-03-24 00:00:00+09:00,338.72752046452996,338.72752046452996,335.9203863170339,337.79180908203125,4700,0.0,0.0
2006-03-27 00:00:00+09:00,338.72751817346256,349.9560546875,338.72751817346256,349.9560546875,6700,0.0,0.0
2006-03-28 00:00:00+09:00,355.570332423393,383.64167445681875,350.89177541782203,361.1846008300781,56500,0.0,0.0
2006-03-29 00:00:00+09:00,379.89884144176136,379.89884144176136,357.4417670708198,360.2489013671875,16000,0.0,0.0
2006-03-30 00:00:00+09:00,361.18463319720644,370.541748046875,357.441787257339,370.541748046875,11600,0.0,0.0
2006-03-31 00:00:00+09:00,369.60598598382416,369.60598598382416,364.92742919921875,364.92742919921875,10800,0.0,0.0
2006-04-03 00:00:00+09:00,350.8917818364409,363.0560302734375,350.8917818364409,363.0560302734375,5300,0.0,0.0
2006-04-04 00:00:00+09:00,356.5060729980469,358.37749595341717,350.8918041319359,356.5060729980469,6300,0.0,0.0
2006-04-05 00:00:00+09:00,353.69891894531247,358.37747607421875,350.89178466796875,350.89178466796875,5800,0.0,0.0
2006-04-06 00:00:00+09:00,351.8274841308594,360.2488866765448,351.8274841308594,351.8274841308594,1600,0.0,0.0
2006-04-07 00:00:00+09:00,358.3774116309914,358.3774116309914,344.3417427681588,346.2131652832031,7200,0.0,0.0
2006-04-10 00:00:00+09:00,344.34176807556975,349.02032470703125,342.4703454229851,349.02032470703125,4300,0.0,0.0
2006-04-11 00:00:00+09:00,349.02035651635873,353.69891357421875,348.0846451047867,353.69891357421875,1400,0.0,0.0
2006-04-12 00:00:00+09:00,354.63463921756403,362.1203308105469,354.63463921756403,362.1203308105469,4000,0.0,0.0
2006-04-13 00:00:00+09:00,366.79891164679276,366.79891164679276,352.76323900724714,355.57037353515625,8700,0.0,0.0
2006-04-14 00:00:00+09:00,363.0560779420556,363.99178948314335,347.14898174356347,354.6346740722656,2900,0.0,0.0
2006-04-17 00:00:00+09:00,355.57034420657465,364.9274585278003,354.6346327744521,360.2489013671875,12900,0.0,0.0
2006-04-18 00:00:00+09:00,364.92743225097655,374.2845458984375,362.1202981567383,374.2845458984375,29300,0.0,0.0
2006-04-19 00:00:00+09:00,377.09167843589296,378.9631011576592,366.7988534661788,369.6059875488281,16400,0.0,0.0
2006-04-20 00:00:00+09:00,371.4774086976663,371.4774086976663,357.4417383438502,364.92742919921875,6800,0.0,0.0
2006-04-21 00:00:00+09:00,355.57037353515625,363.0560656095806,355.57037353515625,355.57037353515625,10000,0.0,0.0
2006-04-24 00:00:00+09:00,355.57027785842484,360.2488341460357,346.2131652832031,346.2131652832031,1400,0.0,0.0
2006-04-25 00:00:00+09:00,355.5703039910774,355.5703039910774,344.34176807556975,349.02032470703125,2500,0.0,0.0
2006-04-26 00:00:00+09:00,349.02029905576967,349.9560103132918,346.2131652832031,346.2131652832031,2600,0.0,0.0
2006-04-27 00:00:00+09:00,341.53466796875,346.21322506421234,339.6632451305651,341.53466796875,3100,0.0,0.0
2006-04-28 00:00:00+09:00,342.47039794921875,342.47039794921875,341.53468647941213,342.47039794921875,1000,0.0,0.0
2006-05-01 00:00:00+09:00,356.5060850444593,356.5060850444593,351.8275274979441,355.57037353515625,3600,0.0,0.0
2006-05-02 00:00:00+09:00,355.57037353515625,355.57037353515625,355.57037353515625,355.57037353515625,2100,0.0,0.0
2006-05-03 00:00:00+09:00,355.57037353515625,355.57037353515625,355.57037353515625,355.57037353515625,0,0.0,0.0
2006-05-04 00:00:00+09:00,355.57037353515625,355.57037353515625,355.57037353515625,355.57037353515625,0,0.0,0.0
2006-05-05 00:00:00+09:00,355.57037353515625,355.57037353515625,355.57037353515625,355.57037353515625,0,0.0,0.0
2006-05-08 00:00:00+09:00,356.5060850444593,358.3775080630654,355.57037353515625,355.57037353515625,900,0.0,0.0
2006-05-09 00:00:00+09:00,355.5703472834761,355.5703472834761,348.08465576171875,348.08465576171875,2200,0.0,0.0
2006-05-10 00:00:00+09:00,360.2488798253676,360.2488798253676,349.9560546875,349.9560546875,1000,0.0,0.0
2006-05-11 00:00:00+09:00,350.8917808532715,350.8917808532715,336.8561096191406,336.8561096191406,5600,0.0,0.0
2006-05-12 00:00:00+09:00,337.79181572359784,339.6632385253906,336.85610432270147,339.6632385253906,5500,0.0,0.0
2006-05-15 00:00:00+09:00,341.53466796875,345.2775136451199,341.53466796875,341.53466796875,400,0.0,0.0
2006-05-16 00:00:00+09:00,336.8561096191406,341.53466669718426,336.8561096191406,336.8561096191406,4300,0.0,0.0
2006-05-17 00:00:00+09:00,334.0489727783203,334.0489727783203,319.0775902448382,327.4989929199219,4600,0.0,0.0
2006-05-18 00:00:00+09:00,319.0775902448382,327.4989929199219,319.0775902448382,327.4989929199219,1100,0.0,0.0
2006-05-19 00:00:00+09:00,332.177552541097,336.8561096191406,327.4989954630534,336.8561096191406,3200,0.0,0.0
2006-05-22 00:00:00+09:00,338.72751673256477,345.2774963378906,338.72751673256477,345.2774963378906,1000,0.0,0.0
2006-05-23 00:00:00+09:00,344.3418312610035,346.2132542569872,332.1775817871094,332.1775817871094,3200,0.0,0.0
2006-05-24 00:00:00+09:00,333.113280206664,333.113280206664,322.8204541328626,328.4347229003906,9200,0.0,0.0
2006-05-25 00:00:00+09:00,333.11326136997764,333.11326136997764,327.4989929199219,327.4989929199219,3300,0.0,0.0
2006-05-26 00:00:00+09:00,323.7561153688292,323.7561153688292,322.8204040527344,322.8204040527344,700,0.0,0.0
2006-05-29 00:00:00+09:00,324.6918898031745,332.1775817871094,324.6918898031745,332.1775817871094,3900,0.0,0.0
2006-05-30 00:00:00+09:00,331.24180589758834,331.24180589758834,322.8204040527344,322.8204040527344,1300,0.0,0.0
2006-05-31 00:00:00+09:00,304.1062688253012,324.6919239457831,304.1062688253012,310.65625,5100,0.0,0.0
2006-06-01 00:00:00+09:00,315.3347694749099,316.2704809570312,304.1062316894531,304.1062316894531,4100,0.0,0.0
2006-06-02 00:00:00+09:00,290.0705594576322,304.1062316894531,290.0705594576322,304.1062316894531,10400,0.0,0.0
2006-06-05 00:00:00+09:00,304.1062316894531,304.1062316894531,304.1062316894531,304.1062316894531,1800,0.0,0.0
2006-06-06 00:00:00+09:00,334.9846496582031,334.9846496582031,334.9846496582031,334.9846496582031,5000,0.0,0.0
2006-06-07 00:00:00+09:00,326.56329111645005,326.56329111645005,317.2061767578125,317.2061767578125,1500,0.0,0.0
2006-06-08 00:00:00+09:00,308.7847551618304,310.65617792038694,294.74908447265625,294.74908447265625,5900,0.0,0.0
2006-06-09 00:00:00+09:00,291.9419582201087,301.299072265625,290.07053541100544,301.299072265625,7300,0.0,0.0
2006-06-12 00:00:00+09:00,301.29913403614455,310.65625,301.29913403614455,310.65625,800,0.0,0.0
2006-06-13 00:00:00+09:00,315.3347570501222,318.14189138588,299.42766248082825,305.04193115234375,5000,0.0,0.0
2006-06-14 00:00:00+09:00,299.42767427884615,304.1062316894531,299.42767427884615,304.1062316894531,600,0.0,0.0
2006-06-15 00:00:00+09:00,297.5561982601061,306.9133114129396,297.5561982601061,305.97760009765625,6300,0.0,0.0
2006-06-16 00:00:00+09:00,305.97764259759634,308.7847769333541,300.36337392608084,305.04193115234375,5800,0.0,0.0
2006-06-19 00:00:00+09:00,305.04193115234375,308.7847769333541,303.17050826183856,305.04193115234375,1800,0.0,0.0
2006-06-20 00:00:00+09:00,300.36334228515625,304.10618767188714,300.36334228515625,300.36334228515625,4700,0.0,0.0
2006-06-21 00:00:00+09:00,300.36334228515625,300.36334228515625,299.4276309384735,300.36334228515625,2300,0.0,0.0
2006-06-22 00:00:00+09:00,302.23482070734474,303.1705322265625,300.36339766890916,303.1705322265625,1000,0.0,0.0
2006-06-23 00:00:00+09:00,303.1705202073317,304.1062316894531,301.2990972430889,304.1062316894531,2500,0.0,0.0
2006-06-26 00:00:00+09:00,312.5275946117583,314.3990173339844,291.00623330615815,314.3990173339844,2100,0.0,0.0
2006-06-27 00:00:00+09:00,313.4632906199231,319.0775585116232,305.97760009765625,305.97760009765625,5500,0.0,0.0
2006-06-28 00:00:00+09:00,302.2347914860966,307.84906005859375,302.2347914860966,307.84906005859375,1500,0.0,0.0
2006-06-29 00:00:00+09:00,310.65615667407303,310.65615667407303,302.2347548365229,305.97760009765625,2600,0.0,0.0
2006-06-30 00:00:00+09:00,311.591878445349,311.591878445349,300.36334228515625,300.36334228515625,2300,0.0,0.0
2006-07-03 00:00:00+09:00,301.2990853713334,305.04193115234375,299.42766248082825,305.04193115234375,3800,0.0,0.0
2006-07-04 00:00:00+09:00,305.0418971627058,312.527587890625,305.0418971627058,312.527587890625,1400,0.0,0.0
2006-07-05 00:00:00+09:00,309.72047228457325,313.46331787109375,309.72047228457325,313.46331787109375,1000,0.0,0.0
2006-07-06 00:00:00+09:00,308.7847566604614,308.7847566604614,299.4276428222656,299.4276428222656,4700,0.0,0.0
2006-07-07 00:00:00+09:00,299.42764945652175,308.78476350203806,297.5562266474185,301.299072265625,5700,0.0,0.0
2006-07-10 00:00:00+09:00,305.9776103652526,305.9776103652526,295.6847855517426,300.36334228515625,5000,0.0,0.0
2006-07-11 00:00:00+09:00,300.3633542060852,300.3633542060852,290.0705289840698,299.4276428222656,5000,0.0,0.0
2006-07-12 00:00:00+09:00,292.8776975778433,300.36338952871466,291.9419860839844,291.9419860839844,3700,0.0,0.0
2006-07-13 00:00:00+09:00,290.07049560546875,290.07049560546875,290.07049560546875,290.07049560546875,6300,0.0,0.0
2006-07-14 00:00:00+09:00,280.7134062668373,290.0705198090652,266.6777359534954,271.3562927246094,14600,0.0,0.0
2006-07-17 00:00:00+09:00,271.3562927246094,271.3562927246094,271.3562927246094,271.3562927246094,0,0.0,0.0
2006-07-18 00:00:00+09:00,271.35630868932105,280.7134227820563,262.9349060058594,262.9349060058594,7100,0.0,0.0
2006-07-19 00:00:00+09:00,261.9992616441515,269.4849548339844,252.64214515686035,269.4849548339844,9900,0.0,0.0
2006-07-20 00:00:00+09:00,278.8419835583917,278.8419835583917,260.1277564739359,271.3562927246094,3700,0.0,0.0
2006-07-21 00:00:00+09:00,269.4849548339844,269.4849548339844,256.3849917517768,269.4849548339844,11600,0.0,0.0
2006-07-24 00:00:00+09:00,255.44925559303977,260.1278133877841,252.64212091619316,257.3206787109375,8800,0.0,0.0
2006-07-25 00:00:00+09:00,258.2563357576997,262.9348925649044,258.2563357576997,259.1920471191406,10500,0.0,0.0
2006-07-26 00:00:00+09:00,261.9992616441515,269.4849548339844,261.9992616441515,269.4849548339844,300,0.0,0.0
2006-07-27 00:00:00+09:00,269.48487001616377,274.16342678727773,261.06346782815865,271.3562927246094,3700,0.0,0.0
2006-07-28 00:00:00+09:00,259.19203526339084,264.8063031752332,259.19203526339084,260.12774658203125,4500,0.0,0.0
2006-07-31 00:00:00+09:00,255.44918028065857,269.48484952684856,255.44918028065857,265.74200439453125,3100,0.0,0.0
2006-08-01 00:00:00+09:00,266.6777380106682,266.6777380106682,259.1920471191406,259.1920471191406,1100,0.0,0.0
2006-08-02 00:00:00+09:00,267.6134473077182,271.3562927246094,259.1920451197131,271.3562927246094,3300,0.0,0.0
2006-08-03 00:00:00+09:00,277.9062722041689,277.9062722041689,271.3562927246094,271.3562927246094,2600,0.0,0.0
2006-08-04 00:00:00+09:00,269.4849548339844,271.35637813144257,266.67781988779706,269.4849548339844,2500,0.0,0.0
2006-08-07 00:00:00+09:00,271.3562876209871,274.1634216308594,269.4848649477389,274.1634216308594,5300,0.0,0.0
2006-08-08 00:00:00+09:00,274.16342678727773,276.03484949572334,271.3562927246094,271.3562927246094,5000,0.0,0.0
2006-08-09 00:00:00+09:00,271.3562927246094,271.3562927246094,271.3562927246094,271.3562927246094,2900,0.0,0.0
2006-08-10 00:00:00+09:00,271.35631001078997,271.35631001078997,267.61346435546875,267.61346435546875,5900,0.0,0.0
2006-08-11 00:00:00+09:00,271.35629111842104,271.35629111842104,266.677734375,266.677734375,700,0.0,0.0
2006-08-14 00:00:00+09:00,277.90626697735576,277.90626697735576,269.4848649477389,274.1634216308594,1300,0.0,0.0
2006-08-15 00:00:00+09:00,275.09911616161617,277.90625,271.356271043771,277.90625,3200,0.0,0.0
2006-08-16 00:00:00+09:00,277.906270244334,285.39196102532617,273.2277135062139,283.5205383300781,2800,0.0,0.0
2006-08-17 00:00:00+09:00,287.2633617770287,290.07049560546875,282.58480539629534,290.07049560546875,3000,0.0,0.0
2006-08-18 00:00:00+09:00,294.7491030149822,297.55623732941064,283.5205657572686,295.684814453125,10500,0.0,0.0
2006-08-21 00:00:00+09:00,300.3633542060852,300.3633542060852,290.0705289840698,299.4276428222656,4400,0.0,0.0
2006-08-22 00:00:00+09:00,296.6205324376904,297.5562438964844,282.5848605557807,297.5562438964844,11900,0.0,0.0
2006-08-23 00:00:00+09:00,296.6205072312128,298.49192998976935,290.0705275762649,294.74908447265625,2100,0.0,0.0
2006-08-24 00:00:00+09:00,291.0062068816154,291.0062068816154,276.03482646326864,290.07049560546875,3700,0.0,0.0
2006-08-25 00:00:00+09:00,290.0705434761795,291.94196633731616,285.3919863233379,286.32769775390625,2700,0.0,0.0
2006-08-28 00:00:00+09:00,283.5205383300781,283.5205383300781,280.71340428720606,283.5205383300781,13100,0.0,0.0
2006-08-29 00:00:00+09:00,281.6490951178451,281.6490951178451,276.0348274410774,277.90625,1500,0.0,0.0
2006-08-30 00:00:00+09:00,282.58486183295815,282.58486183295815,271.3563242766817,276.0348815917969,1600,0.0,0.0
2006-08-31 00:00:00+09:00,277.9063174652814,279.7777404785156,277.9063174652814,279.7777404785156,200,0.0,0.0
2006-09-01 00:00:00+09:00,284.4562858072917,284.4562858072917,280.71343994140625,280.71343994140625,1100,0.0,0.0
2006-09-04 00:00:00+09:00,276.0348720176547,312.5276178098192,276.0348720176547,286.32769775390625,20900,0.0,0.0
2006-09-05 00:00:00+09:00,280.71342917049634,286.32769775390625,280.71342917049634,286.32769775390625,4200,0.0,0.0
2006-09-06 00:00:00+09:00,284.45624967770215,287.2633837205742,281.6491156348301,283.5205383300781,6400,0.0,0.0
2006-09-07 00:00:00+09:00,285.39196102532617,285.39196102532617,283.5205383300781,283.5205383300781,1600,0.0,0.0
2006-09-08 00:00:00+09:00,278.8419933192777,282.5848388671875,277.9062819323003,282.5848388671875,800,0.0,0.0
2006-09-11 00:00:00+09:00,287.26341914807335,287.26341914807335,276.0348815917969,276.0348815917969,1700,0.0,0.0
2006-09-12 00:00:00+09:00,276.9705930548199,279.77772744388903,276.0348815917969,276.0348815917969,3000,0.0,0.0
2006-09-13 00:00:00+09:00,280.7134389069121,280.7134389069121,276.0348815917969,276.0348815917969,2000,0.0,0.0
2006-09-14 00:00:00+09:00,276.0348815917969,276.0348815917969,276.0348815917969,276.0348815917969,100,0.0,0.0
2006-09-15 00:00:00+09:00,276.0348815917969,276.0348815917969,266.6777669615665,276.0348815917969,2900,0.0,0.0
2006-09-18 00:00:00+09:00,276.0348815917969,276.0348815917969,276.0348815917969,276.0348815917969,0,0.0,0.0
2006-09-19 00:00:00+09:00,276.03483921772727,280.71339581463786,276.03483921772727,276.9705505371094,1900,0.0,0.0
2006-09-20 00:00:00+09:00,276.03489278509545,276.03489278509545,268.54920077736404,270.4206237792969,4300,0.0,0.0
2006-09-21 00:00:00+09:00,269.48491635529894,269.48491635529894,258.2563781738281,258.2563781738281,3600,0.0,0.0
2006-09-22 00:00:00+09:00,262.93494806463065,262.93494806463065,253.57783247514203,257.3206787109375,3400,0.0,0.0
2006-09-25 00:00:00+09:00,264.8063031752332,264.8063031752332,258.2563239447504,260.12774658203125,1000,0.0,0.0
2006-09-26 00:00:00+09:00,261.06351271919584,270.42062787042147,258.2563781738281,258.2563781738281,3100,0.0,0.0
2006-09-27 00:00:00+09:00,263.8706294468471,263.8706294468471,261.99920654296875,261.99920654296875,1300,0.0,0.0
2006-09-28 00:00:00+09:00,269.4848649477389,274.1634216308594,269.4848649477389,274.1634216308594,1700,0.0,0.0
2006-09-29 00:00:00+09:00,276.03483921772727,282.58481845340214,276.03483921772727,276.9705505371094,4300,0.0,0.0
2006-10-02 00:00:00+09:00,265.74201960124253,274.1634216308594,265.74201960124253,274.1634216308594,2500,0.0,0.0
2006-10-03 00:00:00+09:00,274.16344291714165,274.16344291714165,262.9349060058594,262.9349060058594,1800,0.0,0.0
2006-10-04 00:00:00+09:00,267.61346435546875,267.61346435546875,263.87061870014753,267.61346435546875,2400,0.0,0.0
2006-10-05 00:00:00+09:00,262.9349072863172,267.61346435546875,261.9991958724869,267.61346435546875,3700,0.0,0.0
2006-10-06 00:00:00+09:00,260.1278133877841,261.9992365056818,257.3206787109375,257.3206787109375,7300,0.0,0.0
2006-10-09 00:00:00+09:00,257.3206787109375,257.3206787109375,257.3206787109375,257.3206787109375,0,0.0,0.0
2006-10-10 00:00:00+09:00,265.74200439453125,265.74200439453125,265.74200439453125,265.74200439453125,300,0.0,0.0
2006-10-11 00:00:00+09:00,266.67777604954216,266.67777604954216,257.3206611004354,261.0635070800781,10700,0.0,0.0
2006-10-12 00:00:00+09:00,237.6707056585348,250.77066581294224,233.9278599001327,247.96353149414062,22800,0.0,0.0
2006-10-13 00:00:00+09:00,247.02782550840888,250.77067134944537,239.54213382633588,245.15640258789062,3800,0.0,0.0
2006-10-16 00:00:00+09:00,242.3492660522461,266.67776380266463,242.3492660522461,261.99920654296875,3400,0.0,0.0
2006-10-17 00:00:00+09:00,252.64208984375,260.12778139467594,246.09210973668982,252.64208984375,2200,0.0,0.0
2006-10-18 00:00:00+09:00,254.5135257470347,257.3206602221858,248.89925679673246,256.38494873046875,10300,0.0,0.0
2006-10-19 00:00:00+09:00,261.9992365056818,263.8706596235795,252.64212091619316,257.3206787109375,10900,0.0,0.0
2006-10-20 00:00:00+09:00,248.89924293374116,252.6420886921433,241.4135514169369,247.96353149414062,10600,0.0,0.0
2006-10-23 00:00:00+09:00,247.9635453050154,261.06350618905395,247.02783381329837,256.38494873046875,5800,0.0,0.0
2006-10-24 00:00:00+09:00,256.384955143583,261.06351271919584,255.44924362846044,258.2563781738281,3100,0.0,0.0
2006-10-25 00:00:00+09:00,258.25637171390287,260.1277946973369,249.8349682884495,256.38494873046875,6100,0.0,0.0
2006-10-26 00:00:00+09:00,256.3849063959337,256.3849063959337,247.02779302381933,248.8992156982422,10000,0.0,0.0
2006-10-27 00:00:00+09:00,249.83493041992188,252.64206446958391,247.02779637025984,249.83493041992188,3400,0.0,0.0
2006-10-30 00:00:00+09:00,247.02783203125,247.02783203125,247.02783203125,247.02783203125,800,0.0,0.0
2006-10-31 00:00:00+09:00,243.2849860913826,247.96354351621687,243.2849860913826,247.02783203125,1900,0.0,0.0
2006-11-01 00:00:00+09:00,248.89924406828706,252.64208984375,247.02782118055558,252.64208984375,1800,0.0,0.0
2006-11-02 00:00:00+09:00,252.64206104708794,254.51348372151082,247.96350436103077,248.8992156982422,3100,0.0,0.0
2006-11-03 00:00:00+09:00,248.8992156982422,248.8992156982422,248.8992156982422,248.8992156982422,0,0.0,0.0
2006-11-06 00:00:00+09:00,252.64208984375,255.44922417534724,252.64208984375,252.64208984375,4600,0.0,0.0
2006-11-07 00:00:00+09:00,257.32066665870553,259.1920896889507,252.64210908309272,258.2563781738281,2300,0.0,0.0
2006-11-08 00:00:00+09:00,253.57781008820035,255.44923304088078,250.7706756591797,250.7706756591797,2600,0.0,0.0
2006-11-09 00:00:00+09:00,255.44924606996423,255.44924606996423,250.77068844963523,254.51353454589844,1900,0.0,0.0
2006-11-10 00:00:00+09:00,253.57782302183261,254.51353454589844,253.57782302183261,254.51353454589844,800,0.0,0.0
2006-11-13 00:00:00+09:00,254.51353454589844,256.38495759403,251.70639997370102,254.51353454589844,3300,0.0,0.0
2006-11-14 00:00:00+09:00,252.64209310946868,254.51351602139067,252.64209310946868,253.5778045654297,2000,0.0,0.0
2006-11-15 00:00:00+09:00,248.89924510502723,251.70637944831702,243.28497641844768,244.22068786621094,3600,0.0,0.0
2006-11-16 00:00:00+09:00,242.34927549681254,251.70639038085938,242.34927549681254,251.70639038085938,1500,0.0,0.0
2006-11-17 00:00:00+09:00,250.77067025626215,250.77067025626215,234.86357550120076,240.47784423828125,3400,0.0,0.0
2006-11-20 00:00:00+09:00,235.79926728632347,243.28495831128612,234.86355590820312,234.86355590820312,3300,0.0,0.0
2006-11-21 00:00:00+09:00,235.79926234654016,235.79926234654016,229.24928283691406,229.24928283691406,6800,0.0,0.0
2006-11-22 00:00:00+09:00,227.37786011987802,238.60639642209424,227.37786011987802,229.24928283691406,3100,0.0,0.0
2006-11-23 00:00:00+09:00,229.24928283691406,229.24928283691406,229.24928283691406,229.24928283691406,0,0.0,0.0
2006-11-24 00:00:00+09:00,230.18498569751077,231.12069702148438,229.24927437353713,231.12069702148438,1200,0.0,0.0
2006-11-27 00:00:00+09:00,232.9921492899745,232.9921492899745,226.44216918945312,226.44216918945312,2600,0.0,0.0
2006-11-28 00:00:00+09:00,224.5707421875,233.9278564453125,223.63503076171875,233.9278564453125,4500,0.0,0.0
2006-11-29 00:00:00+09:00,232.99214501953125,233.9278564453125,223.63503076171875,233.9278564453125,9700,0.0,0.0
2006-11-30 00:00:00+09:00,233.9278564453125,237.6707021484375,232.99214501953125,233.9278564453125,3100,0.0,0.0
2006-12-01 00:00:00+09:00,231.12072425159982,231.12072425159982,230.1850128173828,230.1850128173828,1300,0.0,0.0
2006-12-04 00:00:00+09:00,230.18500748599868,232.9921417236328,224.57073901073042,232.9921417236328,8500,0.0,0.0
2006-12-05 00:00:00+09:00,232.05645751953125,232.05645751953125,226.4421883859942,232.05645751953125,2700,0.0,0.0
2006-12-06 00:00:00+09:00,222.6993149303999,229.24929478129403,222.6993149303999,228.31358337402344,10200,0.0,0.0
2006-12-07 00:00:00+09:00,229.24930351824798,233.9278607329061,223.63503486065824,226.44216918945312,9500,0.0,0.0
2006-12-08 00:00:00+09:00,224.57073447145063,231.12071422686793,224.57073447145063,227.37786865234375,14400,0.0,0.0
2006-12-11 00:00:00+09:00,226.44215057499676,226.44215057499676,224.570727842972,225.50643920898438,6200,0.0,0.0
2006-12-12 00:00:00+09:00,227.37786194100914,227.37786194100914,225.50643920898438,225.50643920898438,4000,0.0,0.0
2006-12-13 00:00:00+09:00,225.50644782796564,225.50644782796564,223.63502502441406,223.63502502441406,8800,0.0,0.0
2006-12-14 00:00:00+09:00,224.57074395541488,224.57074395541488,216.14934105708681,217.08505249023438,14000,0.0,0.0
2006-12-15 00:00:00+09:00,217.08505249023438,217.08505249023438,215.21362962393925,217.08505249023438,4300,0.0,0.0
2006-12-18 00:00:00+09:00,219.89218344420064,220.82789486311214,216.1493377685547,216.1493377685547,5600,0.0,0.0
2006-12-19 00:00:00+09:00,216.14933985235407,216.14933985235407,212.406494140625,212.406494140625,8900,0.0,0.0
2006-12-20 00:00:00+09:00,213.34220556855726,213.34220556855726,211.4707827126927,212.406494140625,5900,0.0,0.0
2006-12-21 00:00:00+09:00,211.4707747025923,212.40648609508168,205.85650634765625,205.85650634765625,8500,0.0,0.0
2006-12-22 00:00:00+09:00,203.98510471588284,203.98510471588284,189.94943237304688,189.94943237304688,16000,0.0,0.0
2006-12-25 00:00:00+09:00,189.94944445921644,191.8208675573368,182.463752066735,189.01373291015625,21500,0.0,0.0
2006-12-26 00:00:00+09:00,181.5280032426883,189.94940545497798,180.59229188576722,182.46371459960938,9500,0.0,0.0
2006-12-27 00:00:00+09:00,177.78517787896314,193.69227274181773,175.9137549539214,192.75656127929688,16800,0.0,0.0
2006-12-28 00:00:00+09:00,195.5636764241156,203.98507875816844,195.5636764241156,200.2422332763672,8600,0.0,0.0
2006-12-29 00:00:00+09:00,203.04940614605894,203.04940614605894,189.01373291015625,189.01373291015625,11100,0.0,0.0
2007-01-04 00:00:00+09:00,194.62797755821077,194.62797755821077,189.94942040536918,190.8851318359375,1600,0.0,0.0
2007-01-05 00:00:00+09:00,194.62800220451734,194.62800220451734,189.01373291015625,189.01373291015625,5300,0.0,0.0
2007-01-09 00:00:00+09:00,188.07797241210938,193.6922402453067,188.07797241210938,188.07797241210938,3600,0.0,0.0
2007-01-10 00:00:00+09:00,189.94944445921644,189.94944445921644,189.01373291015625,189.01373291015625,200,0.0,0.0
2007-01-11 00:00:00+09:00,188.0780213610961,189.94944445921644,188.0780213610961,189.01373291015625,2600,0.0,0.0
2007-01-12 00:00:00+09:00,189.01373291015625,194.62800220451734,189.01373291015625,189.01373291015625,9400,0.0,0.0
2007-01-15 00:00:00+09:00,189.94942689173428,194.6279842043386,189.94942689173428,192.75656127929688,2500,0.0,0.0
2007-01-16 00:00:00+09:00,192.75656127929688,193.69227274181773,189.94942689173428,192.75656127929688,8500,0.0,0.0
2007-01-17 00:00:00+09:00,189.9494183613704,194.6279754638672,189.9494183613704,194.6279754638672,2000,0.0,0.0
2007-01-18 00:00:00+09:00,190.8851199266387,194.62796541539635,189.94940855444932,191.82083129882812,3800,0.0,0.0
2007-01-19 00:00:00+09:00,203.98508215615917,227.37786680709485,197.43510245389717,201.17794799804688,37900,0.0,0.0
2007-01-22 00:00:00+09:00,208.66364842889593,217.08505128028634,207.72793700096366,212.406494140625,10900,0.0,0.0
2007-01-23 00:00:00+09:00,204.9207952051987,227.37786865234375,203.98508381156765,227.37786865234375,59600,0.0,0.0
2007-01-24 00:00:00+09:00,236.73500061035156,258.2563643022017,234.86357768062547,236.73500061035156,74000,0.0,0.0
2007-01-25 00:00:00+09:00,245.15639008671405,246.09210149925877,232.05643031108812,232.9921417236328,13200,0.0,0.0
2007-01-26 00:00:00+09:00,230.18500823974608,231.1207196553548,215.2136255900065,224.57073974609375,8900,0.0,0.0
2007-01-29 00:00:00+09:00,235.79926728632347,235.79926728632347,229.24928763948114,234.86355590820312,11500,0.0,0.0
2007-01-30 00:00:00+09:00,234.86356787109375,234.86356787109375,229.24929931640625,233.9278564453125,1300,0.0,0.0
2007-01-31 00:00:00+09:00,224.570727842972,229.24928467303388,224.570727842972,225.50643920898438,4700,0.0,0.0
2007-02-01 00:00:00+09:00,225.50645116170247,225.50645116170247,218.02075983683267,224.57073974609375,2200,0.0,0.0
2007-02-02 00:00:00+09:00,218.02076392338194,218.02076392338194,216.14934105708681,217.08505249023438,900,0.0,0.0
2007-02-05 00:00:00+09:00,211.47078389134901,217.08505249023438,211.47078389134901,217.08505249023438,5200,0.0,0.0
2007-02-06 00:00:00+09:00,217.0850546318188,217.0850546318188,208.66365165041205,213.3422088623047,3900,0.0,0.0
2007-02-07 00:00:00+09:00,212.406494140625,213.34220556855726,210.53507128476045,212.406494140625,1300,0.0,0.0
2007-02-08 00:00:00+09:00,214.27790383312188,214.27790383312188,197.43509916501625,200.2422332763672,13600,0.0,0.0
2007-02-09 00:00:00+09:00,200.2422332763672,200.2422332763672,196.49938779456593,200.2422332763672,1700,0.0,0.0
2007-02-13 00:00:00+09:00,200.24222479926217,203.98507012261285,190.88511149088544,193.69224548339844,23300,0.0,0.0
2007-02-14 00:00:00+09:00,196.49939431084528,203.985085522687,196.49939431084528,202.11366271972656,4200,0.0,0.0
2007-02-15 00:00:00+09:00,201.1779412641212,203.9850753282717,196.49938449053698,199.3065185546875,3100,0.0,0.0
2007-02-16 00:00:00+09:00,196.49939106785973,201.17794799804688,196.49939106785973,201.17794799804688,7500,0.0,0.0
2007-02-19 00:00:00+09:00,202.11365938408431,204.92079354219658,201.17794799804688,201.17794799804688,6700,0.0,0.0
2007-02-20 00:00:00+09:00,202.11366077769884,206.7922177401456,202.11366077769884,205.85650634765625,3900,0.0,0.0
2007-02-21 00:00:00+09:00,204.92079630533854,215.2136216905382,186.20656833224828,210.53506469726562,44800,0.0,0.0
2007-02-22 00:00:00+09:00,208.6636284875654,208.6636284875654,200.24222644098205,206.79220581054688,8800,0.0,0.0
2007-02-23 00:00:00+09:00,206.79221972712764,206.79221972712764,202.11366271972656,202.11366271972656,2500,0.0,0.0
2007-02-26 00:00:00+09:00,204.9208002749676,204.9208002749676,202.11366602462556,203.04937744140625,3400,0.0,0.0
2007-02-27 00:00:00+09:00,203.04937614584867,203.04937614584867,197.4351076809865,198.37081909179688,3200,0.0,0.0
2007-02-28 00:00:00+09:00,197.43510102771577,197.43510102771577,191.82083275204613,196.4993896484375,11100,0.0,0.0
2007-03-01 00:00:00+09:00,194.6279842043386,194.6279842043386,191.82084981677602,192.75656127929688,2900,0.0,0.0
2007-03-02 00:00:00+09:00,196.4993983048659,197.43510972536527,190.88512978186975,194.6279754638672,5600,0.0,0.0
2007-03-05 00:00:00+09:00,196.49938815977515,196.49938815977515,191.82083129882812,191.82083129882812,800,0.0,0.0
2007-03-06 00:00:00+09:00,182.4637189592634,196.4993896484375,182.4637189592634,196.4993896484375,16300,0.0,0.0
2007-03-07 00:00:00+09:00,192.75654267101754,198.37081090415396,191.82083129882812,191.82083129882812,2100,0.0,0.0
2007-03-08 00:00:00+09:00,194.62797344855542,198.37081909179688,192.75655062693468,198.37081909179688,400,0.0,0.0
2007-03-09 00:00:00+09:00,198.37080901661557,198.37080901661557,195.5636749267578,195.5636749267578,1600,0.0,0.0
2007-03-12 00:00:00+09:00,195.5636681450738,195.5636681450738,193.69224548339844,193.69224548339844,3800,0.0,0.0
2007-03-13 00:00:00+09:00,194.6279842043386,194.6279842043386,191.82084981677602,192.75656127929688,3000,0.0,0.0
2007-03-14 00:00:00+09:00,194.6279754638672,194.6279754638672,194.6279754638672,194.6279754638672,2000,0.0,0.0
2007-03-15 00:00:00+09:00,194.62795681423611,194.62795681423611,192.75653415256076,193.69224548339844,3600,0.0,0.0
2007-03-16 00:00:00+09:00,192.75654267101754,192.75654267101754,191.82083129882812,191.82083129882812,1200,0.0,0.0
2007-03-19 00:00:00+09:00,191.82082977294922,191.82082977294922,182.46371612548828,187.14227294921875,2500,0.0,0.0
2007-03-20 00:00:00+09:00,189.01368371764227,189.01368371764227,188.07797241210938,188.07797241210938,400,0.0,0.0
2007-03-22 00:00:00+09:00,188.0780213610961,190.88515600827662,183.39946361579518,189.01373291015625,6700,0.0,0.0
2007-03-23 00:00:00+09:00,189.94942689173428,193.69227274181773,189.94942689173428,192.75656127929688,3200,0.0,0.0
2007-03-26 00:00:00+09:00,190.8851318359375,193.69226612764245,190.8851318359375,190.8851318359375,5000,0.0,0.0
2007-03-27 00:00:00+09:00,202.11366725612334,208.66364721349768,191.82084160882076,207.72793579101562,17800,0.0,0.0
2007-03-28 00:00:00+09:00,212.40649741992615,223.6350347284685,209.59936309279055,213.3422088623047,27600,0.0,0.0
2007-03-29 00:00:00+09:00,217.08505128028634,217.08505128028634,209.5993598568282,212.406494140625,7600,0.0,0.0
2007-03-30 00:00:00+09:00,210.53506602411687,215.213623046875,206.79222040591034,215.213623046875,12600,0.0,0.0
2007-04-02 00:00:00+09:00,216.14933248666617,218.9564666748047,210.53506411038913,218.9564666748047,9600,0.0,0.0
2007-04-03 00:00:00+09:00,215.213623046875,218.0207572605299,215.213623046875,215.213623046875,3600,0.0,0.0
2007-04-04 00:00:00+09:00,211.4707774286685,217.08504585597828,211.4707774286685,215.213623046875,10700,0.0,0.0
2007-04-05 00:00:00+09:00,213.3422088623047,216.1493431894403,213.3422088623047,213.3422088623047,4000,0.0,0.0
2007-04-06 00:00:00+09:00,208.6636505126953,218.95647632273858,205.85651620086534,208.6636505126953,9600,0.0,0.0
2007-04-09 00:00:00+09:00,213.34220675764413,226.44216682171,197.4351123941356,217.08505249023438,20700,0.0,0.0
2007-04-10 00:00:00+09:00,228.31357147839606,229.24928283691406,219.8921692517339,229.24928283691406,20300,0.0,0.0
2007-04-11 00:00:00+09:00,227.37787267806684,227.37787267806684,217.08504716589096,219.89218139648438,12200,0.0,0.0
2007-04-12 00:00:00+09:00,221.7636096559722,221.7636096559722,215.21362962393925,217.08505249023438,9900,0.0,0.0
2007-04-13 00:00:00+09:00,219.89218344420064,220.82789486311214,213.3422035118202,216.1493377685547,4700,0.0,0.0
2007-04-16 00:00:00+09:00,218.02075931245247,218.02075931245247,211.4707794189453,211.4707794189453,5700,0.0,0.0
2007-04-17 00:00:00+09:00,209.59935137486355,214.2779083251953,209.59935137486355,214.2779083251953,1000,0.0,0.0
2007-04-18 00:00:00+09:00,216.14933445142665,217.08504585597828,207.72793181046197,215.213623046875,6500,0.0,0.0
2007-04-19 00:00:00+09:00,206.79222310852893,215.213625859555,202.11366602462556,203.04937744140625,6900,0.0,0.0
2007-04-20 00:00:00+09:00,207.72792859473083,215.21361971526167,205.8565058145981,214.2779083251953,4400,0.0,0.0
2007-04-23 00:00:00+09:00,221.76359095080144,289.1348084548424,221.76359095080144,271.3562927246094,632300,0.0,0.0
2007-04-24 00:00:00+09:00,275.0991644965278,276.03487594039353,238.6064181857639,252.64208984375,146400,0.0,0.0
2007-04-25 00:00:00+09:00,249.83496111843425,249.83496111843425,231.12073182117328,236.73500061035156,29400,0.0,0.0
2007-04-26 00:00:00+09:00,233.92785181764697,236.73498603945873,224.57073774494108,228.31358337402344,28000,0.0,0.0
2007-04-27 00:00:00+09:00,231.1207233503753,258.2563548368566,226.4421661975337,238.60641479492188,113200,0.0,0.0
2007-05-01 00:00:00+09:00,234.8635802573346,273.22775073761636,230.1850228816905,263.8706359863281,376100,0.0,0.0
2007-05-02 00:00:00+09:00,259.19202349262855,336.85605941280244,259.19202349262855,290.07049560546875,656300,0.0,0.0
2007-05-07 00:00:00+09:00,285.39197166210397,363.0560164094962,285.39197166210397,337.79180908203125,979000,0.0,0.0
2007-05-08 00:00:00+09:00,365.8631535861691,370.5417105373989,334.9846777080526,347.14892578125,350200,0.0,0.0
2007-05-09 00:00:00+09:00,356.5060667380309,356.5060667380309,324.69187705537195,328.4347229003906,128400,0.0,0.0
2007-05-10 00:00:00+09:00,328.4347002171758,328.4347002171758,303.1704925081623,313.46331787109375,90900,0.0,0.0
2007-05-11 00:00:00+09:00,300.3634046110862,330.30617391811035,299.4276930702417,309.72052001953125,152800,0.0,0.0
2007-05-14 00:00:00+09:00,310.65619783623276,342.47038677126864,309.720486396967,321.8847351074219,383900,0.0,0.0
2007-05-15 00:00:00+09:00,326.56330726036657,335.9204220815805,300.36338576096756,304.1062316894531,70700,0.0,0.0
2007-05-16 00:00:00+09:00,299.42764811711356,317.2061647240672,271.3563061061342,296.6205139160156,39200,0.0,0.0
2007-05-17 00:00:00+09:00,291.0062768005582,291.0062768005582,262.93493177156546,270.4206237792969,29300,0.0,0.0
2007-05-18 00:00:00+09:00,279.777717739928,305.97763779584096,273.22773772594974,286.32769775390625,178400,0.0,0.0
2007-05-21 00:00:00+09:00,276.9706067537007,299.4276829769737,276.9706067537007,284.456298828125,59000,0.0,0.0
2007-05-22 00:00:00+09:00,289.1348397251897,307.8490688336162,289.1348397251897,292.877685546875,141600,0.0,0.0
2007-05-23 00:00:00+09:00,290.07053401194463,291.0062454119832,273.22772881125104,275.0991516113281,29600,0.0,0.0
2007-05-24 00:00:00+09:00,279.77772744388903,280.7134389069121,276.0348815917969,276.0348815917969,14500,0.0,0.0
2007-05-25 00:00:00+09:00,279.77769293958204,291.0062291110703,276.03484754908595,283.5205383300781,24600,0.0,0.0
2007-05-28 00:00:00+09:00,282.58488144985466,290.07057367369185,280.71345839389534,281.649169921875,17800,0.0,0.0
2007-05-29 00:00:00+09:00,284.4563253012048,322.820500753012,284.4563253012048,310.65625,382600,0.0,0.0
2007-05-30 00:00:00+09:00,320.01332688551685,320.01332688551685,294.7491168682392,304.1062316894531,60000,0.0,0.0
2007-05-31 00:00:00+09:00,313.46335893795816,321.8847626109182,303.1705322265625,303.1705322265625,73200,0.0,0.0
2007-06-01 00:00:00+09:00,307.8490399339989,329.3704013883514,300.3633489933545,302.2347717285156,146100,0.0,0.0
2007-06-04 00:00:00+09:00,313.4633661829093,316.2705008054428,304.10625077446423,309.72052001953125,53700,0.0,0.0
2007-06-05 00:00:00+09:00,309.72053840361446,313.46338478915663,306.9134036144578,310.65625,16700,0.0,0.0
2007-06-06 00:00:00+09:00,310.6561652086452,320.94898995953406,310.6561652086452,312.527587890625,28000,0.0,0.0
2007-06-07 00:00:00+09:00,317.20616345761425,318.1418748542444,309.72047228457325,313.46331787109375,21400,0.0,0.0
2007-06-08 00:00:00+09:00,305.0419153014226,315.334740664354,305.0419153014226,313.46331787109375,16100,0.0,0.0
2007-06-11 00:00:00+09:00,318.14189138588,318.14189138588,304.10621970709116,305.04193115234375,18900,0.0,0.0
2007-06-12 00:00:00+09:00,305.0419111251831,310.6561794281006,272.2920126914978,299.4276428222656,33400,0.0,0.0
2007-06-13 00:00:00+09:00,290.070551180611,295.68481991313894,288.1991282697684,292.877685546875,14400,0.0,0.0
2007-06-14 00:00:00+09:00,288.19908482820085,294.74906402884176,282.5848169419372,289.1347961425781,27400,0.0,0.0
2007-06-15 00:00:00+09:00,284.45624129179936,293.8133544921875,282.5848186517218,293.8133544921875,21600,0.0,0.0
2007-06-18 00:00:00+09:00,292.8776580527102,303.1704830960962,292.8776580527102,302.2347717285156,10800,0.0,0.0
2007-06-19 00:00:00+09:00,302.23480010108824,302.23480010108824,290.070551180611,292.877685546875,11400,0.0,0.0
2007-06-20 00:00:00+09:00,290.0705193853998,299.427632913961,283.52053991540686,288.1990966796875,20100,0.0,0.0
2007-06-21 00:00:00+09:00,286.32769775390625,290.0705434761795,281.64914060106463,286.32769775390625,8200,0.0,0.0
2007-06-22 00:00:00+09:00,290.07049560546875,291.0062068816154,281.6490941201487,290.07049560546875,14700,0.0,0.0
2007-06-25 00:00:00+09:00,290.07056309626654,291.9419860839844,287.26342861468976,291.9419860839844,5000,0.0,0.0
2007-06-26 00:00:00+09:00,291.94193008570994,293.8133527144645,282.5848169419372,289.1347961425781,9300,0.0,0.0
2007-06-27 00:00:00+09:00,284.45630450581393,284.45630450581393,280.71345839389534,281.649169921875,2500,0.0,0.0
2007-06-28 00:00:00+09:00,281.6491172096946,288.1990966796875,281.6491172096946,288.1990966796875,2600,0.0,0.0
2007-06-29 00:00:00+09:00,282.58486287434897,282.58486287434897,280.71343994140625,280.71343994140625,7800,0.0,0.0
2007-07-02 00:00:00+09:00,285.391977011752,285.391977011752,273.22772881125104,275.0991516113281,9500,0.0,0.0
2007-07-03 00:00:00+09:00,276.97057054532286,283.52055025416496,272.2920136104356,282.5848388671875,17200,0.0,0.0
2007-07-04 00:00:00+09:00,281.64912748021004,282.5848388671875,275.09914777136794,282.5848388671875,700,0.0,0.0
2007-07-05 00:00:00+09:00,272.29198232323233,277.90625,272.29198232323233,277.90625,10600,0.0,0.0
2007-07-06 00:00:00+09:00,276.03486837800017,276.03486837800017,267.6134656139256,272.2920227050781,13100,0.0,0.0
2007-07-09 00:00:00+09:00,267.61346305222696,267.61346305222696,261.9991945965859,262.9349060058594,8000,0.0,0.0
2007-07-10 00:00:00+09:00,258.256332568908,258.256332568908,247.96350772014716,249.83493041992188,15700,0.0,0.0
2007-07-11 00:00:00+09:00,247.9635272726889,324.6918640136719,247.0278158490184,324.6918640136719,400700,0.0,0.0
2007-07-12 00:00:00+09:00,366.7988865390146,368.67030942951976,300.36337392608084,305.04193115234375,330100,0.0,0.0
2007-07-13 00:00:00+09:00,304.1062173964102,304.1062173964102,283.5205657572686,295.684814453125,51200,0.0,0.0
2007-07-17 00:00:00+09:00,300.36334258731046,300.36334258731046,283.5205383300781,283.5205383300781,31200,0.0,0.0
2007-07-18 00:00:00+09:00,285.39198793844486,348.0846541413164,276.9705850156711,317.2061767578125,533400,0.0,0.0
2007-07-19 00:00:00+09:00,318.14184881319665,318.14184881319665,291.0062205320711,293.8133544921875,78900,0.0,0.0
2007-07-20 00:00:00+09:00,290.0705458242682,332.17756054069423,290.0705458242682,295.684814453125,286600,0.0,0.0
2007-07-23 00:00:00+09:00,299.427611204955,335.92035132055884,295.68476606489304,311.59185791015625,373200,0.0,0.0
2007-07-24 00:00:00+09:00,316.2704400562105,334.0489559173584,306.91332644508,314.3990173339844,74000,0.0,0.0
2007-07-25 00:00:00+09:00,319.07757791658724,320.01328928877666,305.04190733374617,306.913330078125,44700,0.0,0.0
2007-07-26 00:00:00+09:00,305.0419111251831,307.84904527664185,299.4276428222656,299.4276428222656,15500,0.0,0.0
2007-07-27 00:00:00+09:00,292.8776515116944,324.6918372989072,290.0705174716462,300.36334228515625,59600,0.0,0.0
2007-07-30 00:00:00+09:00,296.62048694482274,314.39900193520646,295.6847756295394,305.97760009765625,14300,0.0,0.0
2007-07-31 00:00:00+09:00,306.91332171193534,306.91332171193534,298.4919195917908,300.36334228515625,10600,0.0,0.0
2007-08-01 00:00:00+09:00,305.04192761976236,320.949022004842,291.0062561035156,291.0062561035156,128000,0.0,0.0
2007-08-02 00:00:00+09:00,293.8133970022963,302.23480010108824,289.1348397251897,292.877685546875,18100,0.0,0.0
2007-08-03 00:00:00+09:00,301.2990641276042,301.2990641276042,288.19910481770836,294.74908447265625,5400,0.0,0.0
2007-08-06 00:00:00+09:00,285.3919392247354,298.4918970907888,285.3919392247354,290.07049560546875,8000,0.0,0.0
2007-08-07 00:00:00+09:00,294.74906402884176,301.2990432294827,288.19908482820085,289.1347961425781,11600,0.0,0.0
2007-08-08 00:00:00+09:00,285.391997273763,296.6205348714193,280.71343994140625,280.71343994140625,16400,0.0,0.0
2007-08-09 00:00:00+09:00,286.32769775390625,296.6205234901578,282.584852031633,286.32769775390625,13500,0.0,0.0
2007-08-10 00:00:00+09:00,282.58484281163635,282.58484281163635,275.0991516113281,275.0991516113281,14500,0.0,0.0
2007-08-13 00:00:00+09:00,275.0991516113281,275.0991516113281,275.0991516113281,275.0991516113281,0,0.0,0.0
2007-08-14 00:00:00+09:00,279.77769293958204,283.5205383300781,271.35629081096585,283.5205383300781,8300,0.0,0.0
2007-08-15 00:00:00+09:00,275.0991569597697,278.84200263269173,272.2920227050781,272.2920227050781,6600,0.0,0.0
2007-08-16 00:00:00+09:00,272.2920024671053,272.2920024671053,247.9635074013158,266.677734375,23200,0.0,0.0
2007-08-17 00:00:00+09:00,257.32063766597776,261.9991947144501,241.41354370117188,241.41354370117188,12300,0.0,0.0
2007-08-20 00:00:00+09:00,251.70638945608428,251.70638945608428,231.12073678681344,247.02783203125,16800,0.0,0.0
2007-08-21 00:00:00+09:00,244.22068126781568,252.64208407015414,234.86356704299516,242.34925842285156,7400,0.0,0.0
2007-08-22 00:00:00+09:00,244.22068126781568,247.96352695774388,235.79927846547722,242.34925842285156,3600,0.0,0.0
2007-08-23 00:00:00+09:00,242.349284733043,255.44924606996423,238.60643863677979,254.51353454589844,7500,0.0,0.0
2007-08-24 00:00:00+09:00,257.3206470630787,257.3206470630787,245.1563982928241,252.64208984375,15600,0.0,0.0
2007-08-27 00:00:00+09:00,252.64211149776682,255.44924606996423,247.96355387743782,254.51353454589844,3400,0.0,0.0
2007-08-28 00:00:00+09:00,247.96353149414065,248.89924293374116,246.09210861493958,247.96353149414062,4000,0.0,0.0
2007-08-29 00:00:00+09:00,243.28497641844768,246.09211076173747,235.7992848363416,244.22068786621094,5800,0.0,0.0
2007-08-30 00:00:00+09:00,240.4778376560585,242.34926051719515,238.60641479492188,238.60641479492188,2400,0.0,0.0
2007-08-31 00:00:00+09:00,243.2849796673724,247.02782550840888,238.60642236607677,245.15640258789062,6400,0.0,0.0
2007-09-03 00:00:00+09:00,245.15638063870944,249.83493752112756,243.2849578857422,243.2849578857422,2400,0.0,0.0
2007-09-04 00:00:00+09:00,246.09209201519306,247.9635147681603,243.2849578857422,243.2849578857422,3000,0.0,0.0
2007-09-05 00:00:00+09:00,243.2849665205608,246.0921007496442,241.41354370117188,241.41354370117188,3700,0.0,0.0
2007-09-06 00:00:00+09:00,238.60640100332407,243.2849578857422,234.86355549738957,243.2849578857422,4100,0.0,0.0
2007-09-07 00:00:00+09:00,243.2849808643929,243.2849808643929,236.73500061035156,236.73500061035156,4400,0.0,0.0
2007-09-10 00:00:00+09:00,232.0564169124681,232.0564169124681,227.37786011987802,229.24928283691406,6100,0.0,0.0
2007-09-11 00:00:00+09:00,227.37788063238474,228.31359207531636,224.57074630358986,226.44216918945312,17700,0.0,0.0
2007-09-12 00:00:00+09:00,229.2492934350688,230.1850048368446,223.63502502441406,223.63502502441406,10200,0.0,0.0
2007-09-13 00:00:00+09:00,225.50646303199497,257.3206528373387,225.50646303199497,236.73500061035156,91600,0.0,0.0
2007-09-14 00:00:00+09:00,241.41354370117188,246.0921007496442,229.24929537514384,241.41354370117188,10600,0.0,0.0
2007-09-18 00:00:00+09:00,238.60641479492188,241.41354908662683,232.05643478094362,238.60641479492188,21300,0.0,0.0
2007-09-19 00:00:00+09:00,236.73498665269955,243.2849665205608,233.92785242361617,241.41354370117188,13000,0.0,0.0
2007-09-20 00:00:00+09:00,240.47784423828125,244.22069006300157,231.1207296764804,240.47784423828125,17100,0.0,0.0
2007-09-21 00:00:00+09:00,240.47783381144205,241.41354522705078,218.02075983683267,224.57073974609375,17000,0.0,0.0
2007-09-25 00:00:00+09:00,233.92785181764697,233.92785181764697,225.50644915221167,228.31358337402344,7800,0.0,0.0
2007-09-26 00:00:00+09:00,228.31359207531636,229.24930351824798,218.9564776460001,226.44216918945312,8400,0.0,0.0
2007-09-27 00:00:00+09:00,231.12072216796875,233.9278564453125,224.5707421875,233.9278564453125,17400,0.0,0.0
2007-09-28 00:00:00+09:00,234.86358726024628,245.15641379356384,234.86358726024628,239.54214477539062,9000,0.0,0.0
2007-10-01 00:00:00+09:00,234.86354231737886,237.67067628929973,231.12069702148438,231.12069702148438,3200,0.0,0.0
2007-10-02 00:00:00+09:00,233.92784412090595,246.09209201519306,229.24928723848782,243.2849578857422,16000,0.0,0.0
2007-10-03 00:00:00+09:00,247.96350436103077,248.8992156982422,242.34923633776214,248.8992156982422,10700,0.0,0.0
2007-10-04 00:00:00+09:00,246.0921173095703,248.8992517275502,245.15640583691035,246.0921173095703,8700,0.0,0.0
2007-10-05 00:00:00+09:00,245.15638063870944,247.9635147681603,239.5421123798077,243.2849578857422,4400,0.0,0.0
2007-10-09 00:00:00+09:00,247.9635147681603,247.9635147681603,238.60640100332407,243.2849578857422,11500,0.0,0.0
2007-10-10 00:00:00+09:00,247.02782220950073,251.70637944831702,244.22068786621094,244.22068786621094,11500,0.0,0.0
2007-10-11 00:00:00+09:00,244.2206692622258,245.15638063870944,241.41353513277494,243.2849578857422,11000,0.0,0.0
2007-10-12 00:00:00+09:00,247.963536968668,249.83495988918625,245.15640258789062,245.15640258789062,7900,0.0,0.0
2007-10-15 00:00:00+09:00,245.15640737287674,273.22775172854966,245.15640737287674,268.5491943359375,158200,0.0,0.0
2007-10-16 00:00:00+09:00,269.48491635529894,269.48491635529894,254.51353211333787,258.2563781738281,15200,0.0,0.0
2007-10-17 00:00:00+09:00,293.8134130777723,310.6562201968802,267.6134908924932,279.7777404785156,301500,0.0,0.0
2007-10-18 00:00:00+09:00,284.45625168372845,284.45625168372845,257.3206224112675,271.3562927246094,86100,0.0,0.0
2007-10-19 00:00:00+09:00,269.48486155587455,275.0991295049553,263.8705936067938,264.8063049316406,14700,0.0,0.0
2007-10-22 00:00:00+09:00,246.09211827747856,254.51352156454055,238.60642646675677,250.7706756591797,40300,0.0,0.0
2007-10-23 00:00:00+09:00,260.12780369029326,274.16347655128027,254.51353454589844,254.51353454589844,28100,0.0,0.0
2007-10-24 00:00:00+09:00,256.38493561921297,262.9349157262732,240.47784107349537,252.64208984375,13600,0.0,0.0
2007-10-25 00:00:00+09:00,247.96350436103077,263.8705970936252,244.22065901218502,248.8992156982422,13800,0.0,0.0
2007-10-26 00:00:00+09:00,247.96354351621687,251.70638945608428,243.2849860913826,247.02783203125,9700,0.0,0.0
2007-10-29 00:00:00+09:00,247.96350772014716,253.57777581947127,246.09208502037248,249.83493041992188,9300,0.0,0.0
2007-10-30 00:00:00+09:00,249.83493528261292,260.12776033170934,247.96351254641357,255.44920349121094,25500,0.0,0.0
2007-10-31 00:00:00+09:00,257.32064928327287,262.93491799490795,247.96353476388114,261.99920654296875,14500,0.0,0.0
2007-11-01 00:00:00+09:00,266.6777704117146,271.35632778735874,261.9992130360705,263.8706359863281,13900,0.0,0.0
2007-11-02 00:00:00+09:00,259.19204358552633,266.677734375,252.64206414473685,266.677734375,8500,0.0,0.0
2007-11-05 00:00:00+09:00,258.2563239447504,260.12774658203125,254.51347867018885,260.12774658203125,3600,0.0,0.0
2007-11-06 00:00:00+09:00,251.7063871355199,256.384944517221,250.7706756591797,250.7706756591797,6900,0.0,0.0
2007-11-07 00:00:00+09:00,247.96352783203125,247.96352783203125,227.37787646484375,233.9278564453125,34300,0.0,0.0
2007-11-08 00:00:00+09:00,224.57073447145063,227.37786865234375,217.08504332240227,227.37786865234375,8700,0.0,0.0
2007-11-09 00:00:00+09:00,224.570727842972,232.05641877107104,224.570727842972,225.50643920898438,3700,0.0,0.0
2007-11-12 00:00:00+09:00,225.5064577465215,226.44216918945312,219.89218908893176,226.44216918945312,7300,0.0,0.0
2007-11-13 00:00:00+09:00,219.89218678967708,219.89218678967708,216.14934105708681,217.08505249023438,3700,0.0,0.0
2007-11-14 00:00:00+09:00,226.4421572587127,229.24929143960586,221.7636002905575,227.37786865234375,6200,0.0,0.0
2007-11-15 00:00:00+09:00,229.249296073454,233.92785313617753,219.89218194800688,232.9921417236328,4400,0.0,0.0
2007-11-16 00:00:00+09:00,223.63503277786378,259.1920672781099,220.82789847521278,230.1850128173828,69900,0.0,0.0
2007-11-19 00:00:00+09:00,230.1850061885646,232.0564290031058,222.6993149303999,228.31358337402344,2400,0.0,0.0
2007-11-20 00:00:00+09:00,219.89217283353526,221.7635955810547,212.40648184345744,221.7635955810547,14100,0.0,0.0
2007-11-21 00:00:00+09:00,218.0207572605299,218.0207572605299,215.213623046875,215.213623046875,5100,0.0,0.0
2007-11-22 00:00:00+09:00,208.66364189995662,216.1493330891927,201.1779507107205,210.53506469726562,10500,0.0,0.0
2007-11-26 00:00:00+09:00,215.21362488528334,232.9921417236328,206.79222217238095,232.9921417236328,9500,0.0,0.0
2007-11-27 00:00:00+09:00,228.31358337402344,228.31358337402344,220.82789211585873,228.31358337402344,700,0.0,0.0
2007-11-28 00:00:00+09:00,229.24931824207306,242.34927928447723,229.24931824207306,239.54214477539062,7700,0.0,0.0
2007-11-29 00:00:00+09:00,242.34927141893044,247.96354025489023,236.73500258297068,246.0921173095703,11600,0.0,0.0
2007-11-30 00:00:00+09:00,246.09211076173747,246.09211076173747,238.6064191796314,244.22068786621094,4200,0.0,0.0
2007-12-03 00:00:00+09:00,244.22069006300157,246.09211297536174,239.54213278210116,240.47784423828125,6800,0.0,0.0
2007-12-04 00:00:00+09:00,243.2849617609902,243.2849617609902,235.7992706298828,235.7992706298828,7300,0.0,0.0
2007-12-05 00:00:00+09:00,234.86354231737886,235.7992536413525,231.12069702148438,231.12069702148438,4800,0.0,0.0
2007-12-06 00:00:00+09:00,232.05643031108812,236.73498737381166,232.05643031108812,232.9921417236328,7000,0.0,0.0
2007-12-07 00:00:00+09:00,232.99214501953125,236.73499072265625,229.24929931640625,233.9278564453125,6400,0.0,0.0
2007-12-10 00:00:00+09:00,233.92785313617753,235.79927596126694,232.05643031108812,232.9921417236328,3700,0.0,0.0
2007-12-11 00:00:00+09:00,233.92785313617753,238.60641019890107,232.05643031108812,232.9921417236328,5000,0.0,0.0
2007-12-12 00:00:00+09:00,232.99214113925368,232.99214113925368,219.89218139648438,219.89218139648438,9000,0.0,0.0
2007-12-13 00:00:00+09:00,222.6993343547239,226.44218031026548,220.82791137695312,220.82791137695312,6400,0.0,0.0
2007-12-14 00:00:00+09:00,225.50644782796564,228.31358203329302,222.69931362263827,223.63502502441406,4600,0.0,0.0
2007-12-17 00:00:00+09:00,221.76360287873644,224.5707370923913,215.213623046875,215.213623046875,8600,0.0,0.0
2007-12-18 00:00:00+09:00,215.213623046875,219.89218006963316,215.213623046875,215.213623046875,4400,0.0,0.0
2007-12-19 00:00:00+09:00,219.89218006963316,219.89218006963316,213.34220023777175,215.213623046875,1700,0.0,0.0
2007-12-20 00:00:00+09:00,205.85651620086534,208.6636505126953,201.17795901448204,208.6636505126953,17600,0.0,0.0
2007-12-21 00:00:00+09:00,203.98508356267754,205.85650634765625,201.1779493852095,205.85650634765625,4000,0.0,0.0
2007-12-25 00:00:00+09:00,205.8564944720376,210.53505116458393,202.11364911800058,206.79220581054688,5400,0.0,0.0
2007-12-26 00:00:00+09:00,210.53507338724864,210.53507338724864,205.85651620086534,208.6636505126953,2000,0.0,0.0
2007-12-27 00:00:00+09:00,212.4064855450626,216.14933110532803,209.59935137486355,214.2779083251953,7000,0.0,0.0
2007-12-28 00:00:00+09:00,218.0207627082186,218.0207627082186,212.406494140625,212.406494140625,1600,0.0,0.0
2008-01-04 00:00:00+09:00,209.59935191761363,209.59935191761363,201.1779493852095,205.85650634765625,5500,0.0,0.0
2008-01-07 00:00:00+09:00,201.1779412641212,201.1779412641212,188.0779822980854,199.3065185546875,8600,0.0,0.0
2008-01-08 00:00:00+09:00,201.1779446468175,201.1779446468175,191.82083094231436,200.2422332763672,5500,0.0,0.0
2008-01-09 00:00:00+09:00,196.49938449053698,199.3065185546875,193.69225042638644,199.3065185546875,3500,0.0,0.0
2008-01-10 00:00:00+09:00,198.37083109634182,198.37083109634182,196.49940816147068,197.43511962890625,1000,0.0,0.0
2008-01-11 00:00:00+09:00,193.69224548339844,196.49937947591147,187.14226616753473,193.69224548339844,12800,0.0,0.0
2008-01-15 00:00:00+09:00,193.69229065545716,194.62800220451734,183.39946361579518,189.01373291015625,9500,0.0,0.0
2008-01-16 00:00:00+09:00,179.65659877232144,179.65659877232144,166.556638445173,170.2994842529297,13700,0.0,0.0
2008-01-17 00:00:00+09:00,168.42805408296132,176.84945678710938,168.42805408296132,176.84945678710938,13700,0.0,0.0
2008-01-18 00:00:00+09:00,167.49234499523988,186.20657348632812,167.49234499523988,186.20657348632812,9500,0.0,0.0
2008-01-21 00:00:00+09:00,176.8494548105823,180.59230041503906,174.97803200835392,180.59230041503906,4000,0.0,0.0
2008-01-22 00:00:00+09:00,167.4923433939616,177.78516896565756,162.81378631591798,168.4280548095703,6800,0.0,0.0
2008-01-23 00:00:00+09:00,196.4993949558424,215.213623046875,196.4993949558424,215.213623046875,76800,0.0,0.0
2008-01-24 00:00:00+09:00,243.28497369193175,250.77066519014505,206.792227638142,208.6636505126953,318100,0.0,0.0
2008-01-25 00:00:00+09:00,203.98508619225544,217.08504585597828,198.37081776494566,215.213623046875,49700,0.0,0.0
2008-01-28 00:00:00+09:00,219.89218556408315,222.69931984787996,202.11366843337004,212.406494140625,31200,0.0,0.0
2008-01-29 00:00:00+09:00,210.53506800558714,211.4707794189453,205.85651093879633,211.4707794189453,14400,0.0,0.0
2008-01-30 00:00:00+09:00,210.53506469726562,211.47077609592014,206.79221910264758,210.53506469726562,7000,0.0,0.0
2008-01-31 00:00:00+09:00,203.04936045650985,209.59933982607467,203.04936045650985,206.79220581054688,5900,0.0,0.0
2008-02-01 00:00:00+09:00,210.53506331010297,212.40648609508168,203.98508356267754,205.85650634765625,6600,0.0,0.0
2008-02-04 00:00:00+09:00,205.85651732327645,214.27792030468322,205.85651732327645,213.3422088623047,8200,0.0,0.0
2008-02-05 00:00:00+09:00,213.34219889322918,213.34219889322918,207.7279305013021,210.53506469726562,6900,0.0,0.0
2008-02-06 00:00:00+09:00,201.17796109691602,204.92080688476562,201.17796109691602,204.92080688476562,6400,0.0,0.0
2008-02-07 00:00:00+09:00,200.24224964995364,204.92080688476562,196.49940386210403,204.92080688476562,3300,0.0,0.0
2008-02-08 00:00:00+09:00,200.2422351655506,205.85650344122024,192.7565441313244,196.4993896484375,4400,0.0,0.0
2008-02-12 00:00:00+09:00,196.49937947591147,196.49937947591147,189.01368882921008,193.69224548339844,5100,0.0,0.0
2008-02-13 00:00:00+09:00,194.62798982065885,198.37083577874844,189.94943237304688,189.94943237304688,2800,0.0,0.0
2008-02-14 00:00:00+09:00,195.56368485936576,198.37081909179688,193.69226203774505,198.37081909179688,2500,0.0,0.0
2008-02-15 00:00:00+09:00,193.6922632735995,203.04937744140625,193.6922632735995,203.04937744140625,4000,0.0,0.0
2008-02-18 00:00:00+09:00,193.69226203774505,202.11366473503833,193.69226203774505,198.37081909179688,15900,0.0,0.0
2008-02-19 00:00:00+09:00,199.3065361399287,208.6636505126953,196.49940182809874,208.6636505126953,5800,0.0,0.0
2008-02-20 00:00:00+09:00,213.34220648249357,215.2136293463751,203.0493807311452,203.98509216308594,12600,0.0,0.0
2008-02-21 00:00:00+09:00,204.92079630533854,213.34219889322918,204.92079630533854,210.53506469726562,9100,0.0,0.0
2008-02-22 00:00:00+09:00,210.53507338724864,210.53507338724864,205.85651620086534,208.6636505126953,3400,0.0,0.0
2008-02-25 00:00:00+09:00,210.53506469726562,211.47077609592014,208.66364189995662,210.53506469726562,2500,0.0,0.0
2008-02-26 00:00:00+09:00,214.27790969457382,225.50644644712793,212.40648690248148,218.9564666748047,40100,0.0,0.0
2008-02-27 00:00:00+09:00,224.57073642618985,228.31358203329302,222.69931362263827,223.63502502441406,29000,0.0,0.0
2008-02-28 00:00:00+09:00,230.1850028332369,230.1850028332369,221.7636002905575,227.37786865234375,14500,0.0,0.0
2008-02-29 00:00:00+09:00,226.44215922974143,226.44215922974143,217.08504521198353,223.63502502441406,3700,0.0,0.0
2008-03-03 00:00:00+09:00,215.213623046875,223.6350256878397,214.27791164232337,215.213623046875,8700,0.0,0.0
2008-03-04 00:00:00+09:00,214.2779102918837,218.02075588650175,205.85650770399306,210.53506469726562,7300,0.0,0.0
2008-03-05 00:00:00+09:00,210.53507128476045,212.406494140625,210.53507128476045,212.406494140625,300,0.0,0.0
2008-03-06 00:00:00+09:00,210.53506469726562,212.40648749457466,205.85650770399306,210.53506469726562,4700,0.0,0.0
2008-03-07 00:00:00+09:00,210.53506331010297,210.53506331010297,205.85650634765625,205.85650634765625,2000,0.0,0.0
2008-03-10 00:00:00+09:00,201.17793613009982,201.17793613009982,177.785152859158,193.69224548339844,17100,0.0,0.0
2008-03-11 00:00:00+09:00,184.33514032131288,191.82083129882812,182.46371757693407,191.82083129882812,11600,0.0,0.0
2008-03-12 00:00:00+09:00,195.56368688436655,199.306532566364,191.8208412023691,194.6279754638672,5400,0.0,0.0
2008-03-13 00:00:00+09:00,194.6279635634719,196.49938629004373,186.20656129389857,195.5636749267578,14500,0.0,0.0
2008-03-14 00:00:00+09:00,187.14227294921875,195.5636752319336,184.33513885498047,187.14227294921875,12900,0.0,0.0
2008-03-17 00:00:00+09:00,182.46374431409336,182.46374431409336,173.10662922106292,177.78518676757812,10400,0.0,0.0
2008-03-18 00:00:00+09:00,180.59229707717896,182.46371984481812,177.78516292572021,179.65658569335938,14300,0.0,0.0
2008-03-19 00:00:00+09:00,182.46373137166677,226.44216918945312,182.46373137166677,226.44216918945312,42800,0.0,0.0
2008-03-21 00:00:00+09:00,231.12072047113855,267.6134658086867,216.1493377685547,216.1493377685547,263800,0.0,0.0
2008-03-24 00:00:00+09:00,219.89218139648438,219.89218139648438,196.49939614153925,219.89218139648438,32800,0.0,0.0
2008-03-25 00:00:00+09:00,224.5707336159252,224.5707336159252,207.72792859473083,214.2779083251953,21000,0.0,0.0
2008-03-26 00:00:00+09:00,211.4707848245253,212.40649626180195,206.792227638142,208.6636505126953,2600,0.0,0.0
2008-03-27 00:00:00+09:00,207.7279305013021,221.7636014811198,207.7279305013021,210.53506469726562,7800,0.0,0.0
2008-03-28 00:00:00+09:00,215.21362717087206,215.21362717087206,203.98509010108742,207.72793579101562,9300,0.0,0.0
2008-03-31 00:00:00+09:00,203.04937744140625,205.85651169174827,199.30653177428354,203.04937744140625,10800,0.0,0.0
2008-04-01 00:00:00+09:00,204.92078313352835,208.6636284875654,203.04936045650985,206.79220581054688,4700,0.0,0.0
2008-04-02 00:00:00+09:00,210.53507245820145,218.02076392338194,209.5993610250539,217.08505249023438,10700,0.0,0.0
2008-04-03 00:00:00+09:00,215.21362109062,219.89217807085086,211.4707755064353,218.9564666748047,6200,0.0,0.0
2008-04-04 00:00:00+09:00,217.08505128028634,217.08505128028634,210.53507128476045,212.406494140625,2200,0.0,0.0
2008-04-07 00:00:00+09:00,211.47079648809918,220.82791137695312,210.53508499921378,220.82791137695312,4200,0.0,0.0
2008-04-08 00:00:00+09:00,219.89219988806772,220.82791137695312,215.21364244364077,220.82791137695312,2500,0.0,0.0
2008-04-09 00:00:00+09:00,251.70637686041337,295.684814453125,250.77066542227058,295.684814453125,364100,0.0,0.0
2008-04-10 00:00:00+09:00,286.3277055240645,325.6275866744263,244.22069000581973,253.5778045654297,834600,0.0,0.0
2008-04-11 00:00:00+09:00,258.25632907035657,259.192040407568,234.86354564007064,248.8992156982422,81200,0.0,0.0
2008-04-14 00:00:00+09:00,249.83496385939577,302.2348064666099,239.54213763297872,263.8706359863281,399800,0.0,0.0
2008-04-15 00:00:00+09:00,261.99915824915826,289.13478535353534,256.38489057239053,277.90625,202900,0.0,0.0
2008-04-16 00:00:00+09:00,315.33479625092457,331.2418927977071,302.23483438886836,316.2705078125,463200,0.0,0.0
2008-04-17 00:00:00+09:00,325.62752718538854,325.62752718538854,308.7847240551098,311.59185791015625,107900,0.0,0.0
2008-04-18 00:00:00+09:00,311.59192354642425,316.2704809570312,300.36338576096756,304.1062316894531,55100,0.0,0.0
2008-04-21 00:00:00+09:00,308.7847464425223,311.5918805010907,287.2633853268314,288.1990966796875,74500,0.0,0.0
2008-04-22 00:00:00+09:00,334.98470901128815,363.056053341843,332.1775745782326,356.5060729980469,850300,0.0,0.0
2008-04-23 00:00:00+09:00,342.47037272807984,348.08464113345815,328.43470171463395,339.6632385253906,271400,0.0,0.0
2008-04-24 00:00:00+09:00,330.30611578793446,391.12735523897055,326.56327028325535,349.9560546875,718100,0.0,0.0
2008-04-25 00:00:00+09:00,345.27753235863855,353.698935586898,332.17757178134605,342.47039794921875,168600,0.0,0.0
2008-04-28 00:00:00+09:00,343.40612717096315,345.2775502073172,330.306165916485,338.7275695800781,68500,0.0,0.0
2008-04-30 00:00:00+09:00,338.7275232690364,353.6989055129717,330.3061207568228,347.14892578125,98300,0.0,0.0
2008-05-01 00:00:00+09:00,351.8275192924168,351.8275192924168,339.663269955179,344.3418273925781,68200,0.0,0.0
2008-05-02 00:00:00+09:00,346.2131652832031,348.08458779824747,339.66318648054795,346.2131652832031,35700,0.0,0.0
2008-05-07 00:00:00+09:00,349.02038559185456,387.3845566622729,346.21325112328736,379.89886474609375,326700,0.0,0.0
2008-05-08 00:00:00+09:00,381.7702586380477,381.7702586380477,354.63462750936293,363.0560302734375,111300,0.0,0.0
2008-05-09 00:00:00+09:00,364.9274313038793,369.60598811546754,346.2132040575265,352.76318359375,64300,0.0,0.0
2008-05-12 00:00:00+09:00,352.76320751953125,353.69891894531247,337.79182470703125,350.89178466796875,36900,0.0,0.0
2008-05-13 00:00:00+09:00,350.89174735961586,352.7631700122005,341.5346340966928,349.02032470703125,45800,0.0,0.0
2008-05-14 00:00:00+09:00,353.69891357421875,353.69891357421875,343.4060880469267,353.69891357421875,22600,0.0,0.0
2008-05-15 00:00:00+09:00,358.37745707302804,359.31316844919786,349.0203433113302,349.9560546875,30700,0.0,0.0
2008-05-16 00:00:00+09:00,348.08464113345815,348.08464113345815,335.92039292180505,339.6632385253906,30800,0.0,0.0
2008-05-19 00:00:00+09:00,358.3774785029424,368.6703042562906,348.08465274959417,360.2489013671875,134100,0.0,0.0
2008-05-20 00:00:00+09:00,369.6060110972478,392.9987966097318,361.18460831275354,389.2559509277344,266600,0.0,0.0
2008-05-21 00:00:00+09:00,380.83451337172204,388.32020405224733,369.6059773509342,375.2202453613281,81100,0.0,0.0
2008-05-22 00:00:00+09:00,378.9631057367092,389.2559308307927,369.6059920148152,383.64166259765625,76300,0.0,0.0
2008-05-23 00:00:00+09:00,391.1273658836281,456.6271639981113,374.2845606541896,425.7486877441406,441300,0.0,0.0
2008-05-26 00:00:00+09:00,426.6844199512138,456.6271862635797,426.6844199512138,436.0415344238281,228700,0.0,0.0
2008-05-27 00:00:00+09:00,439.7843711281663,453.8200425471503,420.13443114158866,424.81298828125,105300,0.0,0.0
2008-05-28 00:00:00+09:00,415.4558622572157,429.49153327941895,397.67734562909163,404.2273254394531,99700,0.0,0.0
2008-05-29 00:00:00+09:00,407.03446356242137,426.6844031826762,405.1630407414447,418.26300048828125,47100,0.0,0.0
2008-05-30 00:00:00+09:00,414.52016434975724,418.2630100775203,399.548781438705,407.9701843261719,50400,0.0,0.0
2008-06-02 00:00:00+09:00,407.03445573286575,416.3915696577592,403.29161016290834,411.7130126953125,35400,0.0,0.0
2008-06-03 00:00:00+09:00,402.35591045544743,415.45587033074105,402.35591045544743,410.7773132324219,59400,0.0,0.0
2008-06-04 00:00:00+09:00,411.7130204870346,445.3986312541556,411.7130204870346,439.78436279296875,140000,0.0,0.0
2008-06-05 00:00:00+09:00,438.8486461034537,465.9842766727504,434.1700891087474,442.59149169921875,151500,0.0,0.0
2008-06-06 00:00:00+09:00,456.6271708170573,456.6271708170573,445.3986338297526,449.1414794921875,111500,0.0,0.0
2008-06-09 00:00:00+09:00,445.39864683545323,461.3057413652908,445.39864683545323,452.88433837890625,74400,0.0,0.0
2008-06-10 00:00:00+09:00,465.0485786132812,496.86276708984377,460.370021484375,467.855712890625,347400,0.0,0.0
2008-06-11 00:00:00+09:00,486.56994266321163,491.2484998042041,441.65579410968445,472.5342712402344,123400,0.0,0.0
2008-06-12 00:00:00+09:00,466.92000567428465,466.92000567428465,451.0129112925956,460.3700256347656,67900,0.0,0.0
2008-06-13 00:00:00+09:00,469.7270846347577,470.66279595873135,451.0128581552853,462.24139404296875,45200,0.0,0.0
2008-06-16 00:00:00+09:00,459.4342968801615,459.4342968801615,436.97722330557116,442.59149169921875,77100,0.0,0.0
2008-06-17 00:00:00+09:00,437.9129322193287,458.4985828792117,435.1057980384356,454.7557373046875,49100,0.0,0.0
2008-06-18 00:00:00+09:00,451.01291065401244,482.8270993723453,449.1414877882282,481.8913879394531,93600,0.0,0.0
2008-06-19 00:00:00+09:00,489.3770507569332,492.18418489129425,459.4342866570826,469.72711181640625,158900,0.0,0.0
2008-06-20 00:00:00+09:00,467.855707804362,467.855707804362,436.9772310892741,449.1414794921875,86700,0.0,0.0
2008-06-23 00:00:00+09:00,435.1058031165082,439.7843601392663,415.45586362092394,430.42724609375,70000,0.0,0.0
2008-06-24 00:00:00+09:00,427.62010526032424,438.84864194112055,424.8129710901252,428.5558166503906,40300,0.0,0.0
2008-06-25 00:00:00+09:00,422.0058288574219,422.9415402296113,363.99172378167873,383.64166259765625,168100,0.0,0.0
2008-06-26 00:00:00+09:00,388.3202411900813,392.0630868882989,364.92745557622095,372.41314697265625,66900,0.0,0.0
2008-06-27 00:00:00+09:00,349.02037259733646,371.4774475097656,349.02037259733646,371.4774475097656,43900,0.0,0.0
2008-06-30 00:00:00+09:00,366.79887333622685,366.79887333622685,346.2132222816427,353.69891357421875,45200,0.0,0.0
2008-07-01 00:00:00+09:00,357.44177016391546,357.44177016391546,342.4703871204007,348.08465576171875,46000,0.0,0.0
2008-07-02 00:00:00+09:00,351.8274922688802,351.8274922688802,327.4989954630534,336.8561096191406,73000,0.0,0.0
2008-07-03 00:00:00+09:00,322.8204737710689,356.5060884254413,311.5919355529448,338.7275695800781,45900,0.0,0.0
2008-07-04 00:00:00+09:00,343.40609326171875,361.1846103515625,340.598958984375,350.89178466796875,39700,0.0,0.0
2008-07-07 00:00:00+09:00,348.0846962503868,399.54883144869666,348.0846962503868,378.0274658203125,163000,0.0,0.0
2008-07-08 00:00:00+09:00,387.3845034056072,392.06306021002274,355.5703171355815,369.6059875488281,73600,0.0,0.0
2008-07-09 00:00:00+09:00,365.8631619246549,375.2202760403749,346.2132222816427,353.69891357421875,38700,0.0,0.0
2008-07-10 00:00:00+09:00,346.21325844212583,355.57037353515625,338.7275663677015,355.57037353515625,12400,0.0,0.0
2008-07-11 00:00:00+09:00,350.8917900823777,358.37748160413514,342.4703871204007,348.08465576171875,18100,0.0,0.0
2008-07-14 00:00:00+09:00,344.3418009440104,345.27751235961915,330.30612970987954,336.8561096191406,26900,0.0,0.0
2008-07-15 00:00:00+09:00,332.1775743331032,333.11328581009786,318.1419021781834,325.6275939941406,24300,0.0,0.0
2008-07-16 00:00:00+09:00,312.5276389488807,319.0776194058932,291.9419860839844,291.9419860839844,40600,0.0,0.0
2008-07-17 00:00:00+09:00,306.9133661358173,312.52763502854566,297.55625131460334,304.1062316894531,31700,0.0,0.0
2008-07-18 00:00:00+09:00,285.39198749701694,313.4633305295104,280.7134303249347,291.0062561035156,76800,0.0,0.0
2008-07-22 00:00:00+09:00,291.0062565536274,317.2061767578125,288.19912224603615,317.2061767578125,21900,0.0,0.0
2008-07-23 00:00:00+09:00,331.2418249935084,334.04895910362285,320.0132885530505,323.7561340332031,70800,0.0,0.0
2008-07-24 00:00:00+09:00,320.9490051269531,323.75613928258247,313.46331404527496,320.9490051269531,23300,0.0,0.0
2008-07-25 00:00:00+09:00,311.5918936989524,312.5276050914417,300.3633569890802,308.7847595214844,17700,0.0,0.0
2008-07-28 00:00:00+09:00,308.7847240551098,324.69181590037306,308.7847240551098,311.59185791015625,23800,0.0,0.0
2008-07-29 00:00:00+09:00,302.23477697372437,316.27044773101807,298.49193143844604,299.4276428222656,20100,0.0,0.0
2008-07-30 00:00:00+09:00,322.8204541328626,339.6632604354467,320.94903121035327,328.4347229003906,70700,0.0,0.0
2008-07-31 00:00:00+09:00,330.30611362347025,334.04895910362285,318.1418658129742,323.7561340332031,18700,0.0,0.0
2008-08-01 00:00:00+09:00,314.39902787642046,318.1418734463778,305.04191395152696,308.7847595214844,14100,0.0,0.0
2008-08-04 00:00:00+09:00,305.04195449494273,306.913377528654,284.45630112411834,298.4919738769531,27200,0.0,0.0
2008-08-05 00:00:00+09:00,298.4919110923816,299.4276224124204,290.0705092120323,293.8133544921875,11300,0.0,0.0
2008-08-06 00:00:00+09:00,294.74907420505986,304.10618767188714,293.8133628583771,300.36334228515625,10900,0.0,0.0
2008-08-07 00:00:00+09:00,301.2990641276042,301.2990641276042,291.94195033482146,294.74908447265625,8000,0.0,0.0
2008-08-08 00:00:00+09:00,291.9419860839844,298.4919665409968,280.7134481576773,291.9419860839844,36000,0.0,0.0
2008-08-11 00:00:00+09:00,293.8134015192751,293.8134015192751,285.3919982910156,285.3919982910156,11900,0.0,0.0
2008-08-12 00:00:00+09:00,287.26341914807335,287.26341914807335,274.1634586657508,276.0348815917969,23000,0.0,0.0
2008-08-13 00:00:00+09:00,278.84204456676133,278.84204456676133,253.57783247514203,257.3206787109375,38400,0.0,0.0
2008-08-14 00:00:00+09:00,252.64209316862232,255.44922753716256,235.79928695738084,240.47784423828125,23900,0.0,0.0
2008-08-15 00:00:00+09:00,249.83493752112756,252.64207165057843,235.7992668738732,243.2849578857422,31500,0.0,0.0
2008-08-18 00:00:00+09:00,239.5421478713768,258.2563781738281,238.60643635625425,258.2563781738281,14200,0.0,0.0
2008-08-19 00:00:00+09:00,260.1277988395563,279.7777404785156,260.1277988395563,279.7777404785156,51800,0.0,0.0
2008-08-20 00:00:00+09:00,280.71341774680394,308.7847595214844,280.71341774680394,308.7847595214844,97800,0.0,0.0
2008-08-21 00:00:00+09:00,318.14187612443317,318.14187612443317,292.8776683145517,296.6205139160156,72700,0.0,0.0
2008-08-22 00:00:00+09:00,298.4919714676707,299.4276829769737,280.71345279091287,284.456298828125,31300,0.0,0.0
2008-08-25 00:00:00+09:00,288.19912494429,288.19912494429,271.35631894105234,278.8420104980469,22500,0.0,0.0
2008-08-26 00:00:00+09:00,264.8063965903388,270.4206664827135,262.93497329288056,269.4849548339844,9300,0.0,0.0
2008-08-27 00:00:00+09:00,274.1634586657508,295.6848223152807,271.3563242766817,276.0348815917969,26000,0.0,0.0
2008-08-28 00:00:00+09:00,276.97056084994614,276.97056084994614,260.1277564739359,271.3562927246094,17100,0.0,0.0
2008-08-29 00:00:00+09:00,284.4562279485887,293.81334071005546,284.4562279485887,290.07049560546875,33700,0.0,0.0
2008-09-01 00:00:00+09:00,304.10622410804217,308.7847814020121,294.7491095201024,297.5562438964844,27200,0.0,0.0
2008-09-02 00:00:00+09:00,297.55620854443845,297.55620854443845,282.5848269824541,283.5205383300781,11600,0.0,0.0
2008-09-03 00:00:00+09:00,288.1990740740741,290.0704966329966,276.9705387205387,277.90625,10900,0.0,0.0
2008-09-04 00:00:00+09:00,275.09922472635907,275.09922472635907,261.06354999542236,269.4849548339844,9700,0.0,0.0
2008-09-05 00:00:00+09:00,250.77063837266508,252.64206104708794,247.96350436103077,248.8992156982422,36200,0.0,0.0
2008-09-08 00:00:00+09:00,248.89925679673246,259.1920832056199,248.89925679673246,256.38494873046875,17900,0.0,0.0
2008-09-09 00:00:00+09:00,263.8706305810006,265.7420534929226,253.5778045654297,253.5778045654297,8300,0.0,0.0
2008-09-10 00:00:00+09:00,252.64210908309272,258.2563781738281,249.83497453772503,258.2563781738281,6500,0.0,0.0
2008-09-11 00:00:00+09:00,257.3206262274103,257.3206262274103,248.89922391451324,255.44920349121094,6900,0.0,0.0
2008-09-12 00:00:00+09:00,256.38495759403,256.38495759403,250.77068844963523,254.51353454589844,7100,0.0,0.0
2008-09-16 00:00:00+09:00,235.79928690217076,276.0348795084936,225.50646088659983,253.5778045654297,34700,0.0,0.0
2008-09-17 00:00:00+09:00,251.7064093572443,259.19210182883523,243.28500532670455,257.3206787109375,18600,0.0,0.0
2008-09-18 00:00:00+09:00,257.32063755021824,271.35630868932105,248.89923486675656,262.9349060058594,26400,0.0,0.0
2008-09-19 00:00:00+09:00,262.93489053660426,271.3562927246094,259.1920451197131,271.3562927246094,12400,0.0,0.0
2008-09-22 00:00:00+09:00,266.67776380266463,279.77772412981307,261.99920654296875,261.99920654296875,15200,0.0,0.0
2008-09-24 00:00:00+09:00,260.1277836390904,270.4206096104213,250.77066911969868,261.99920654296875,9100,0.0,0.0
2008-09-25 00:00:00+09:00,261.999217680771,267.6134866310732,256.38494873046875,256.38494873046875,4700,0.0,0.0
2008-09-26 00:00:00+09:00,255.44923203616995,261.06350087212974,246.0921173095703,246.0921173095703,10200,0.0,0.0
2008-09-29 00:00:00+09:00,246.0921007496442,251.70636920781098,232.9921410139217,241.41354370117188,18200,0.0,0.0
2008-09-30 00:00:00+09:00,219.8921692517339,232.0564169124681,219.8921692517339,229.24928283691406,15400,0.0,0.0
2008-10-01 00:00:00+09:00,232.05645751953125,242.34928426434917,229.24932295276272,232.05645751953125,8000,0.0,0.0
2008-10-02 00:00:00+09:00,235.79927673339844,235.79927673339844,215.2136255900065,224.57073974609375,12500,0.0,0.0
2008-10-03 00:00:00+09:00,216.14933575569316,219.89218139648438,205.8565102435173,219.89218139648438,19100,0.0,0.0
2008-10-06 00:00:00+09:00,215.2136261930171,215.2136261930171,172.17090095441367,181.52801513671875,30600,0.0,0.0
2008-10-07 00:00:00+09:00,148.77811002731323,173.10660600662231,148.77811002731323,149.7138214111328,80700,0.0,0.0
2008-10-08 00:00:00+09:00,154.3923734467605,154.3923734467605,126.32103282007678,135.6781463623047,62000,0.0,0.0
2008-10-09 00:00:00+09:00,140.3567112513951,167.49234209333147,136.61386561802453,163.74949645996094,19400,0.0,0.0
2008-10-10 00:00:00+09:00,154.3923854827881,164.68521118164062,145.97098263827237,164.68521118164062,26400,0.0,0.0
2008-10-14 00:00:00+09:00,206.79222178909012,206.79222178909012,188.0779935728829,198.37081909179688,45200,0.0,0.0
2008-10-15 00:00:00+09:00,198.37080213758682,198.37080213758682,178.72086418999567,193.69224548339844,23900,0.0,0.0
2008-10-16 00:00:00+09:00,177.78516430540134,185.2708554340498,173.10660734999604,184.33514404296875,21100,0.0,0.0
2008-10-17 00:00:00+09:00,187.14228491088255,196.49939915642668,177.7851706653384,186.20657348632812,16100,0.0,0.0
2008-10-20 00:00:00+09:00,181.5280280835701,186.20658550840437,181.5280280835701,185.2708740234375,9200,0.0,0.0
2008-10-21 00:00:00+09:00,203.985085522687,207.72793112860785,196.49939431084528,202.11366271972656,17400,0.0,0.0
2008-10-22 00:00:00+09:00,199.30653820299125,208.66365267261523,196.49940386210403,204.92080688476562,21000,0.0,0.0
2008-10-23 00:00:00+09:00,195.5636889887791,196.49940041934744,166.55663464116114,190.8851318359375,26500,0.0,0.0
2008-10-24 00:00:00+09:00,191.8208544182055,192.75656590317234,177.78518214370266,185.2708740234375,12000,0.0,0.0
2008-10-27 00:00:00+09:00,152.52096460031908,161.8780789929767,148.77811884325604,160.94236755371094,72400,0.0,0.0
2008-10-28 00:00:00+09:00,154.39237641125192,159.07093327219894,145.97097406154725,153.4566650390625,13600,0.0,0.0
2008-10-29 00:00:00+09:00,168.42808734939757,168.42808734939757,155.328125,155.328125,19600,0.0,0.0
2008-10-30 00:00:00+09:00,160.00665137881325,176.84945678710938,159.07093996724126,176.84945678710938,12600,0.0,0.0
2008-10-31 00:00:00+09:00,177.78513892921242,177.78513892921242,164.68518132390204,173.10658264160156,8200,0.0,0.0
2008-11-04 00:00:00+09:00,177.78517478423592,180.59230912293438,173.10661755307183,178.72088623046875,10800,0.0,0.0
2008-11-05 00:00:00+09:00,184.33513885498047,194.6279638671875,184.33513885498047,187.14227294921875,17500,0.0,0.0
2008-11-06 00:00:00+09:00,185.2708486703726,186.20656002729368,178.7208691719251,182.46371459960938,3700,0.0,0.0
2008-11-07 00:00:00+09:00,177.7851648533598,177.7851648533598,172.1708964895695,175.9137420654297,6300,0.0,0.0
2008-11-10 00:00:00+09:00,180.59229339599608,187.14227294921875,176.84944793701172,187.14227294921875,9100,0.0,0.0
2008-11-11 00:00:00+09:00,189.9494123894551,189.9494123894551,184.33514404296875,184.33514404296875,3400,0.0,0.0
2008-11-12 00:00:00+09:00,177.7851593017578,189.94940704345703,177.7851593017578,187.14227294921875,13900,0.0,0.0
2008-11-13 00:00:00+09:00,181.52801513671875,183.39943797317977,179.65659230025773,181.52801513671875,3600,0.0,0.0
2008-11-14 00:00:00+09:00,181.52800846099854,183.3994312286377,176.84945154190063,179.65658569335938,4100,0.0,0.0
2008-11-17 00:00:00+09:00,177.7851593017578,187.14227294921875,174.04231384277344,187.14227294921875,2900,0.0,0.0
2008-11-18 00:00:00+09:00,177.78519066012635,189.94944054739815,177.78519066012635,183.3994598388672,8200,0.0,0.0
2008-11-19 00:00:00+09:00,180.59229903525494,187.14227879301032,164.68520533784908,175.9137420654297,14200,0.0,0.0
2008-11-20 00:00:00+09:00,163.749515680977,173.1066308627471,163.749515680977,169.36378479003906,5100,0.0,0.0
2008-11-21 00:00:00+09:00,168.42805408296132,178.7208796102534,160.00665137881325,176.84945678710938,8000,0.0,0.0
2008-11-25 00:00:00+09:00,177.7851662116965,184.33514601949582,177.7851662116965,180.59230041503906,6600,0.0,0.0
2008-11-26 00:00:00+09:00,176.84945345939474,179.6565876412899,175.9137420654297,175.9137420654297,2600,0.0,0.0
2008-11-27 00:00:00+09:00,177.78518845363217,180.5923230081632,169.36378479003906,169.36378479003906,2900,0.0,0.0
2008-11-28 00:00:00+09:00,170.29947370163939,176.84945345939474,170.29947370163939,175.9137420654297,3800,0.0,0.0
2008-12-01 00:00:00+09:00,174.04233667124873,175.9137596462084,172.17091369628906,172.17091369628906,3000,0.0,0.0
2008-12-02 00:00:00+09:00,162.81376826962946,168.42803614099597,162.81376826962946,167.49232482910156,8100,0.0,0.0
2008-12-03 00:00:00+09:00,166.55665023550802,173.1066308627471,149.71384290832182,169.36378479003906,12000,0.0,0.0
2008-12-04 00:00:00+09:00,164.68521445753885,165.6209259033203,160.0066572286315,165.6209259033203,3600,0.0,0.0
2008-12-05 00:00:00+09:00,160.94235564656339,161.87806701660156,160.00664427652524,161.87806701660156,4000,0.0,0.0
2008-12-08 00:00:00+09:00,160.942374043081,164.68521995105962,160.942374043081,162.8137969970703,6200,0.0,0.0
2008-12-09 00:00:00+09:00,165.62092056274415,173.10661188761392,163.7494977315267,168.4280548095703,15200,0.0,0.0
2008-12-10 00:00:00+09:00,169.36375836628238,191.82083129882812,168.428046994093,191.82083129882812,41700,0.0,0.0
2008-12-11 00:00:00+09:00,191.82083793308425,215.213623046875,187.1422809103261,215.213623046875,35200,0.0,0.0
2008-12-12 00:00:00+09:00,215.2136152035722,216.14932657402252,191.82083094231436,200.2422332763672,27200,0.0,0.0
2008-12-15 00:00:00+09:00,190.88513518032963,210.53507556654003,190.88513518032963,204.92080688476562,15800,0.0,0.0
2008-12-16 00:00:00+09:00,200.24225403121298,201.17796549864855,196.49940816147068,197.43511962890625,13400,0.0,0.0
2008-12-17 00:00:00+09:00,200.24223991676612,207.72793112860785,196.49939431084528,202.11366271972656,10400,0.0,0.0
2008-12-18 00:00:00+09:00,201.17796216692244,209.599365234375,201.17796216692244,209.599365234375,12100,0.0,0.0
2008-12-19 00:00:00+09:00,210.5350745351691,227.37788049798263,205.85651732327645,213.3422088623047,26600,0.0,0.0
2008-12-22 00:00:00+09:00,218.0207662030685,238.60641794756424,218.0207662030685,226.44216918945312,28400,0.0,0.0
2008-12-24 00:00:00+09:00,224.57074617084703,224.57074617084703,213.3422088623047,213.3422088623047,14500,0.0,0.0
2008-12-25 00:00:00+09:00,218.02076607419733,218.02076607419733,213.3422088623047,213.3422088623047,1300,0.0,0.0
2008-12-26 00:00:00+09:00,203.98508356267754,211.4707747025923,203.98508356267754,205.85650634765625,10800,0.0,0.0
2008-12-29 00:00:00+09:00,202.1136602543327,214.2779083251953,201.17794886426634,214.2779083251953,8800,0.0,0.0
2008-12-30 00:00:00+09:00,203.985085522687,210.5350653330485,196.49939431084528,202.11366271972656,10600,0.0,0.0
2009-01-05 00:00:00+09:00,234.86356454872225,236.73498737381166,220.8278933605516,232.9921417236328,15900,0.0,0.0
2009-01-06 00:00:00+09:00,256.384901690635,295.68477713226514,247.02778849024682,293.8133544921875,207700,0.0,0.0
2009-01-07 00:00:00+09:00,286.32768851198983,310.6561849215053,286.32768851198983,296.6205139160156,146100,0.0,0.0
2009-01-08 00:00:00+09:00,276.03483921772727,290.07050900845917,275.0991278983451,276.9705505371094,69100,0.0,0.0
2009-01-09 00:00:00+09:00,272.2920357397047,289.13484207411943,263.87063257249736,276.0348815917969,19500,0.0,0.0
2009-01-13 00:00:00+09:00,266.6777777754312,270.4206237792969,257.32066276576694,270.4206237792969,16200,0.0,0.0
2009-01-14 00:00:00+09:00,260.12780120407325,269.48491635529894,258.2563781738281,258.2563781738281,9600,0.0,0.0
2009-01-15 00:00:00+09:00,254.51353454589844,256.38495759403,243.2849962571088,254.51353454589844,17400,0.0,0.0
2009-01-16 00:00:00+09:00,262.9349060058594,262.9349060058594,255.44921473167122,262.9349060058594,10500,0.0,0.0
2009-01-19 00:00:00+09:00,262.9349072863172,270.4205985969597,262.9349072863172,267.61346435546875,7500,0.0,0.0
2009-01-20 00:00:00+09:00,265.74204884655074,265.74204884655074,244.22068573573853,247.96353149414062,12800,0.0,0.0
2009-01-21 00:00:00+09:00,243.2849808643929,247.02782672384512,233.9278662157624,236.73500061035156,36200,0.0,0.0
2009-01-22 00:00:00+09:00,245.15638106752678,246.09209244564713,234.86355590820312,234.86355590820312,14200,0.0,0.0
2009-01-23 00:00:00+09:00,220.8278908190867,232.05642764039618,217.08504521198353,223.63502502441406,13300,0.0,0.0
2009-01-26 00:00:00+09:00,228.31357862969406,228.31357862969406,214.27790781229484,222.69931030273438,3500,0.0,0.0
2009-01-27 00:00:00+09:00,241.41356145878703,294.7491157345655,233.92786963060757,268.5491943359375,244500,0.0,0.0
2009-01-28 00:00:00+09:00,265.74208274147725,284.45631392045453,253.57783247514203,257.3206787109375,86600,0.0,0.0
2009-01-29 00:00:00+09:00,276.03487934929115,293.8133970022963,266.67776479507785,292.877685546875,143900,0.0,0.0
2009-01-30 00:00:00+09:00,289.13480641582225,289.13480641582225,271.35629081096585,283.5205383300781,50200,0.0,0.0
2009-02-02 00:00:00+09:00,274.1634251644737,278.84198190789476,266.677734375,266.677734375,36000,0.0,0.0
2009-02-03 00:00:00+09:00,269.4848684210526,271.35629111842104,262.93488898026317,266.677734375,17400,0.0,0.0
2009-02-04 00:00:00+09:00,269.48484952684856,269.48484952684856,261.9991592622139,265.74200439453125,9000,0.0,0.0
2009-02-05 00:00:00+09:00,262.9348925649044,264.8063152877863,253.57777895049497,259.1920471191406,18400,0.0,0.0
2009-02-06 00:00:00+09:00,258.25636807219075,268.5491943359375,258.25636807219075,268.5491943359375,11100,0.0,0.0
2009-02-09 00:00:00+09:00,270.42059728004756,274.16344291714165,257.32063755021824,262.9349060058594,16100,0.0,0.0
2009-02-10 00:00:00+09:00,264.8063965903388,269.4849548339844,263.8706849416097,269.4849548339844,7500,0.0,0.0
2009-02-12 00:00:00+09:00,270.42057108707564,270.42057108707564,259.19203526339084,260.12774658203125,17200,0.0,0.0
2009-02-13 00:00:00+09:00,258.2563357576997,259.1920471191406,254.51349031193593,259.1920471191406,6300,0.0,0.0
2009-02-16 00:00:00+09:00,256.384944517221,256.384944517221,250.7706756591797,250.7706756591797,6500,0.0,0.0
2009-02-17 00:00:00+09:00,246.0921252965927,246.0921252965927,237.67072176933289,239.54214477539062,13000,0.0,0.0
2009-02-18 00:00:00+09:00,226.44215310903695,243.2849578857422,223.63501897958608,243.2849578857422,18000,0.0,0.0
2009-02-19 00:00:00+09:00,247.02782118055558,254.51351273148148,245.1563982928241,252.64208984375,6000,0.0,0.0
2009-02-20 00:00:00+09:00,246.09209201519306,247.02780339167668,234.86355549738957,243.2849578857422,9300,0.0,0.0
2009-02-23 00:00:00+09:00,235.79928914548853,240.47784646980378,234.86357768062547,236.73500061035156,5600,0.0,0.0
2009-02-24 00:00:00+09:00,229.24929931640625,233.9278564453125,228.313587890625,233.9278564453125,14200,0.0,0.0
2009-02-25 00:00:00+09:00,243.28495831128612,243.28495831128612,234.86355590820312,234.86355590820312,10100,0.0,0.0
2009-02-26 00:00:00+09:00,239.54212088178295,241.41354370117188,236.73498665269955,241.41354370117188,4400,0.0,0.0
2009-02-27 00:00:00+09:00,243.284974296138,247.96353149414065,241.4135514169369,247.96353149414062,5000,0.0,0.0
2009-03-02 00:00:00+09:00,246.0921252965927,246.0921252965927,235.79929876327515,239.54214477539062,2800,0.0,0.0
2009-03-03 00:00:00+09:00,232.05642177384215,242.3492469331658,232.05642177384215,234.86355590820312,5900,0.0,0.0
2009-03-04 00:00:00+09:00,239.5421262254902,247.9635291006051,235.79928050321692,238.60641479492188,5700,0.0,0.0
2009-03-05 00:00:00+09:00,243.28496984533362,243.28496984533362,238.60641273292336,242.34925842285156,4100,0.0,0.0
2009-03-06 00:00:00+09:00,237.67071090581763,245.15640258789062,235.79928798529937,245.15640258789062,3300,0.0,0.0
2009-03-09 00:00:00+09:00,245.15640583691035,246.0921173095703,236.73500258297068,246.0921173095703,3000,0.0,0.0
2009-03-10 00:00:00+09:00,243.2849907875061,245.15641379356384,233.9278757572174,239.54214477539062,10200,0.0,0.0
2009-03-11 00:00:00+09:00,245.1563993139742,246.09211076173747,235.7992848363416,244.22068786621094,10400,0.0,0.0
2009-03-12 00:00:00+09:00,244.22069436425036,247.96354025489023,238.6064255282906,246.0921173095703,12000,0.0,0.0
2009-03-13 00:00:00+09:00,247.96351254641357,260.12776033170934,247.96351254641357,255.44920349121094,16500,0.0,0.0
2009-03-16 00:00:00+09:00,262.93488898026317,276.03484786184214,262.93488898026317,266.677734375,25400,0.0,0.0
2009-03-17 00:00:00+09:00,265.74205005787036,266.67776150173614,252.64208984375,252.64208984375,6500,0.0,0.0
2009-03-18 00:00:00+09:00,261.06352494673297,261.06352494673297,250.77069779829543,257.3206787109375,13600,0.0,0.0
2009-03-19 00:00:00+09:00,255.44919851924595,255.44919851924595,248.89921907003452,249.83493041992188,2100,0.0,0.0
2009-03-23 00:00:00+09:00,240.47784847361052,249.83496320021015,240.47784847361052,246.0921173095703,17000,0.0,0.0
2009-03-24 00:00:00+09:00,247.96351254641357,262.93489443600834,247.96351254641357,255.44920349121094,17900,0.0,0.0
2009-03-25 00:00:00+09:00,264.8063711825284,264.8063711825284,255.44925559303977,257.3206787109375,11500,0.0,0.0
2009-03-26 00:00:00+09:00,261.0635070800781,261.0635070800781,254.5135266157034,261.0635070800781,3200,0.0,0.0
2009-03-27 00:00:00+09:00,264.80635305972083,267.6134875444528,258.2563725953461,261.0635070800781,12200,0.0,0.0
2009-03-30 00:00:00+09:00,259.1920603687653,263.8706174151329,257.32063755021824,262.9349060058594,2600,0.0,0.0
2009-03-31 00:00:00+09:00,258.2563781738281,263.8706472645635,254.51353211333787,258.2563781738281,8900,0.0,0.0
2009-04-01 00:00:00+09:00,262.9349060058594,262.9349060058594,257.32063755021824,262.9349060058594,4500,0.0,0.0
2009-04-02 00:00:00+09:00,263.8706174151329,266.67775164295347,257.32063755021824,262.9349060058594,6800,0.0,0.0
2009-04-03 00:00:00+09:00,263.8706039263453,265.7420266492272,253.57777895049497,259.1920471191406,7700,0.0,0.0
2009-04-06 00:00:00+09:00,259.19207218715127,261.99920654296875,252.64209202357702,261.99920654296875,8100,0.0,0.0
2009-04-07 00:00:00+09:00,260.12776033170934,260.12776033170934,251.70635801881227,255.44920349121094,16600,0.0,0.0
2009-04-08 00:00:00+09:00,260.12778475715663,260.12778475715663,250.7706701975467,253.5778045654297,10100,0.0,0.0
2009-04-09 00:00:00+09:00,254.5135257470347,257.3206602221858,251.70639127188358,256.38494873046875,4600,0.0,0.0
2009-04-10 00:00:00+09:00,253.57782302183261,258.2563806421616,252.64211149776682,254.51353454589844,6600,0.0,0.0
2009-04-13 00:00:00+09:00,255.44923125720413,290.07055564004867,255.44923125720413,285.3919982910156,106600,0.0,0.0
2009-04-14 00:00:00+09:00,280.7134254691527,280.7134254691527,263.87061994100355,272.2920227050781,32800,0.0,0.0
2009-04-15 00:00:00+09:00,277.9062899076022,277.9062899076022,267.61346435546875,267.61346435546875,16400,0.0,0.0
2009-04-16 00:00:00+09:00,272.29198232323233,279.7776725589225,269.4848484848485,277.90625,10100,0.0,0.0
2009-04-17 00:00:00+09:00,282.58480539629534,290.07049560546875,277.90624901556197,290.07049560546875,37200,0.0,0.0
2009-04-20 00:00:00+09:00,294.7491353660192,315.33478926459827,291.00628920264114,309.72052001953125,82400,0.0,0.0
2009-04-21 00:00:00+09:00,305.97760009765625,307.84902272822296,294.74906431425603,305.97760009765625,47400,0.0,0.0
2009-04-22 00:00:00+09:00,308.7848084786867,312.52765464206476,301.2991161519307,309.72052001953125,18500,0.0,0.0
2009-04-23 00:00:00+09:00,310.6561670986663,310.6561670986663,277.90626996477073,300.36334228515625,30600,0.0,0.0
2009-04-24 00:00:00+09:00,291.941942091112,298.4919215611049,278.8419831511262,288.1990966796875,50900,0.0,0.0
2009-04-27 00:00:00+09:00,278.84196127946126,283.52051767676767,276.0348274410774,277.90625,16600,0.0,0.0
2009-04-28 00:00:00+09:00,281.6491176210601,283.52054032950565,271.3562927246094,271.3562927246094,21100,0.0,0.0
2009-04-30 00:00:00+09:00,267.6134908924932,283.52058650498407,267.6134908924932,279.7777404785156,14100,0.0,0.0
2009-05-01 00:00:00+09:00,282.58481845340214,286.3276637309306,268.54914866267023,276.9705505371094,16700,0.0,0.0
2009-05-07 00:00:00+09:00,279.77772744388903,286.3277076850503,271.3563242766817,276.0348815917969,23200,0.0,0.0
2009-05-08 00:00:00+09:00,283.5205542116749,283.5205542116749,270.42059461113547,275.0991516113281,28200,0.0,0.0
2009-05-11 00:00:00+09:00,279.7777330581456,279.7777330581456,271.35632972194725,273.2277526855469,11800,0.0,0.0
2009-05-12 00:00:00+09:00,275.0991829454301,279.7777404785156,273.22775993219585,279.7777404785156,18200,0.0,0.0
2009-05-13 00:00:00+09:00,282.5848388671875,285.3919730281198,277.9062819323003,282.5848388671875,23500,0.0,0.0
2009-05-14 00:00:00+09:00,281.6491643002159,285.3920103374281,277.9063182630037,284.456298828125,13800,0.0,0.0
2009-05-15 00:00:00+09:00,284.45626068115234,299.4276428222656,284.45626068115234,299.4276428222656,39300,0.0,0.0
2009-05-18 00:00:00+09:00,291.0062068816154,291.0062068816154,280.713382844002,290.07049560546875,8000,0.0,0.0
2009-05-19 00:00:00+09:00,291.0062068816154,299.4276083669355,282.58480539629534,290.07049560546875,8400,0.0,0.0
2009-05-20 00:00:00+09:00,288.1991327004354,289.13484417024205,280.7134409419826,285.3919982910156,9100,0.0,0.0
2009-05-21 00:00:00+09:00,286.3277020550414,288.19912494429,277.9062990534225,278.8420104980469,13800,0.0,0.0
2009-05-22 00:00:00+09:00,278.8420297723068,284.456298828125,278.8420297723068,284.456298828125,2200,0.0,0.0
2009-05-25 00:00:00+09:00,284.456298828125,284.456298828125,281.6491643002159,284.456298828125,2400,0.0,0.0
2009-05-26 00:00:00+09:00,284.45627916579275,284.45627916579275,278.8420104980469,278.8420104980469,3100,0.0,0.0
2009-05-27 00:00:00+09:00,288.1991506177326,288.1991506177326,279.77774686591573,281.649169921875,8800,0.0,0.0
2009-05-28 00:00:00+09:00,280.71341609323264,283.52055025416496,280.71341609323264,282.5848388671875,5000,0.0,0.0
2009-05-29 00:00:00+09:00,282.5848758095189,285.3920103374281,280.71345279091287,284.456298828125,5000,0.0,0.0
2009-06-01 00:00:00+09:00,283.52051667244206,291.0062068816154,283.52051667244206,290.07049560546875,15300,0.0,0.0
2009-06-02 00:00:00+09:00,290.0705434761795,293.8133891984528,286.32769775390625,286.32769775390625,13300,0.0,0.0
2009-06-03 00:00:00+09:00,286.3277218467311,288.1991448653372,281.6491643002159,284.456298828125,18600,0.0,0.0
2009-06-04 00:00:00+09:00,284.45626164114236,286.3276844150973,282.5848388671875,282.5848388671875,6700,0.0,0.0
2009-06-05 00:00:00+09:00,285.3919939035044,297.5562428239816,283.5205709926617,292.877685546875,20400,0.0,0.0
2009-06-08 00:00:00+09:00,296.6205086708069,302.23477697372437,291.941951751709,299.4276428222656,38600,0.0,0.0
2009-06-09 00:00:00+09:00,304.10619446367673,307.8490399339989,299.42763762577397,302.2347717285156,44700,0.0,0.0
2009-06-10 00:00:00+09:00,303.1704661518062,308.7847340435063,303.1704661518062,305.97760009765625,37600,0.0,0.0
2009-06-11 00:00:00+09:00,306.91333673650564,314.39902787642046,305.9776253440163,308.7847595214844,29500,0.0,0.0
2009-06-12 00:00:00+09:00,309.7204641946932,313.46330968345086,305.9776187059356,306.913330078125,25100,0.0,0.0
2009-06-15 00:00:00+09:00,306.91332644508,332.1775331951323,303.1704810006278,314.3990173339844,63100,0.0,0.0
2009-06-16 00:00:00+09:00,314.399033203125,332.177549961635,307.84905334472654,327.4989929199219,71400,0.0,0.0
2009-06-17 00:00:00+09:00,332.177552541097,350.8917808532715,331.2418411254883,336.8561096191406,118100,0.0,0.0
2009-06-18 00:00:00+09:00,334.9846926998782,368.6703042562906,327.4990012428977,360.2489013671875,194800,0.0,0.0
2009-06-19 00:00:00+09:00,359.3131708795014,360.2488822620001,336.85609769953254,337.79180908203125,79000,0.0,0.0
2009-06-22 00:00:00+09:00,329.37042236328125,336.85611378062856,326.563288081776,329.37042236328125,39800,0.0,0.0
2009-06-23 00:00:00+09:00,324.69185602524703,328.43470162784354,318.1418762207031,318.1418762207031,57000,0.0,0.0
2009-06-24 00:00:00+09:00,331.2418628561086,334.0489972870925,323.7561710401513,325.6275939941406,22000,0.0,0.0
2009-06-25 00:00:00+09:00,333.11327469820355,334.9846975897665,328.43471746929623,331.2418518066406,26000,0.0,0.0
2009-06-26 00:00:00+09:00,337.7917817631795,337.7917817631795,328.43466869494733,330.30609130859375,14300,0.0,0.0
2009-06-29 00:00:00+09:00,339.6632737710442,348.08467725297095,329.3704472931338,332.1775817871094,27400,0.0,0.0
2009-06-30 00:00:00+09:00,346.21323721749445,346.21323721749445,336.8561226981027,340.5989685058594,14000,0.0,0.0
2009-07-01 00:00:00+09:00,332.1775275051427,338.727506920737,330.30610481497285,334.0489501953125,17500,0.0,0.0
2009-07-02 00:00:00+09:00,334.9846496582031,334.9846496582031,325.6275365392589,334.9846496582031,44600,0.0,0.0
2009-07-03 00:00:00+09:00,332.17751392224017,333.1132252290634,325.6275347744777,330.30609130859375,12300,0.0,0.0
2009-07-06 00:00:00+09:00,331.24182343692723,331.24182343692723,316.27044158667064,319.07757568359375,21000,0.0,0.0
2009-07-07 00:00:00+09:00,320.94898995953406,320.94898995953406,312.527587890625,312.527587890625,15300,0.0,0.0
2009-07-08 00:00:00+09:00,306.91333673650564,308.7847595214844,292.87766584916545,308.7847595214844,21900,0.0,0.0
2009-07-09 00:00:00+09:00,307.84905209748644,307.84905209748644,294.7490924337636,301.299072265625,7400,0.0,0.0
2009-07-10 00:00:00+09:00,299.4276428222656,302.23477697372437,298.49193143844604,299.4276428222656,5800,0.0,0.0
2009-07-13 00:00:00+09:00,299.4276681673729,300.3633796303959,276.0348815917969,276.0348815917969,14100,0.0,0.0
2009-07-14 00:00:00+09:00,280.71339601164414,299.4276224124204,280.71339601164414,293.8133544921875,17400,0.0,0.0
2009-07-15 00:00:00+09:00,293.8133915768394,304.1062173964102,293.8133915768394,295.684814453125,18200,0.0,0.0
2009-07-16 00:00:00+09:00,309.72046654110864,309.72046654110864,293.813373093378,294.74908447265625,15200,0.0,0.0
2009-07-17 00:00:00+09:00,293.81340817131513,295.68483115329803,282.5848702794177,287.263427734375,23900,0.0,0.0
2009-07-21 00:00:00+09:00,300.36337392608084,305.04193115234375,295.6848166998179,305.04193115234375,13700,0.0,0.0
2009-07-22 00:00:00+09:00,306.9133014850788,311.59185791015625,297.556188634924,311.59185791015625,17800,0.0,0.0
2009-07-23 00:00:00+09:00,312.52757930463974,318.1418471963398,305.0418887823729,305.97760009765625,13900,0.0,0.0
2009-07-24 00:00:00+09:00,313.46334651066707,314.39905799278847,295.6848283503606,304.1062316894531,23600,0.0,0.0
2009-07-27 00:00:00+09:00,313.46335893795816,313.46335893795816,299.42768614969134,303.1705322265625,28300,0.0,0.0
2009-07-28 00:00:00+09:00,305.0419355668362,305.9776470256302,297.5562438964844,297.5562438964844,6600,0.0,0.0
2009-07-29 00:00:00+09:00,294.74908447265625,302.23477550688244,293.813373093378,294.74908447265625,18700,0.0,0.0
2009-07-30 00:00:00+09:00,299.4276455965909,310.65618230646305,295.6848000266335,308.7847595214844,20000,0.0,0.0
2009-07-31 00:00:00+09:00,312.52762271436444,313.46333415961703,304.10621970709116,305.04193115234375,11900,0.0,0.0
2009-08-03 00:00:00+09:00,305.04193115234375,307.84906548810153,303.17050826183856,305.04193115234375,8000,0.0,0.0
2009-08-04 00:00:00+09:00,307.84905209748644,312.52760912024456,300.3633608610734,301.299072265625,18400,0.0,0.0
2009-08-05 00:00:00+09:00,299.4276602056962,301.2990830819818,293.8133915768394,295.684814453125,17500,0.0,0.0
2009-08-06 00:00:00+09:00,300.3633489933545,302.2347717285156,294.74908078787126,302.2347717285156,6100,0.0,0.0
2009-08-07 00:00:00+09:00,299.42764811711356,299.42764811711356,289.1348227130878,296.6205139160156,19500,0.0,0.0
2009-08-10 00:00:00+09:00,297.5562428239816,298.49195427940293,291.9419740914537,292.877685546875,9300,0.0,0.0
2009-08-11 00:00:00+09:00,294.7491084577176,295.68481991313894,292.877685546875,292.877685546875,6900,0.0,0.0
2009-08-12 00:00:00+09:00,295.6847936118521,311.591886939072,295.6847936118521,306.913330078125,26000,0.0,0.0
2009-08-13 00:00:00+09:00,311.59196159638554,312.5276731927711,301.29913403614455,310.65625,14800,0.0,0.0
2009-08-14 00:00:00+09:00,313.46331648393107,319.07758483886715,303.1704911665483,308.7847595214844,29500,0.0,0.0
2009-08-17 00:00:00+09:00,309.72046266916,313.46330813948214,297.5562148906129,302.2347717285156,18900,0.0,0.0
2009-08-18 00:00:00+09:00,293.81337451934814,299.4276428222656,293.81337451934814,299.4276428222656,17000,0.0,0.0
2009-08-19 00:00:00+09:00,299.4276428222656,300.3633542060852,295.6847972869873,299.4276428222656,3900,0.0,0.0
2009-08-20 00:00:00+09:00,296.62047453849544,296.62047453849544,280.713382844002,290.07049560546875,40400,0.0,0.0
2009-08-21 00:00:00+09:00,293.813390406765,293.813390406765,283.52056462818405,291.0062561035156,13600,0.0,0.0
2009-08-24 00:00:00+09:00,291.9419687005538,296.6205258912678,291.9419687005538,295.684814453125,15100,0.0,0.0
2009-08-25 00:00:00+09:00,299.42764811711356,300.3633595174795,295.68480251564966,296.6205139160156,11400,0.0,0.0
2009-08-26 00:00:00+09:00,299.4276602056962,299.4276602056962,294.7491030149822,295.684814453125,9300,0.0,0.0
2009-08-27 00:00:00+09:00,294.7490658122263,294.7490658122263,291.0062205320711,293.8133544921875,3700,0.0,0.0
2009-08-28 00:00:00+09:00,292.8776294339088,294.7490519862021,290.07049560546875,290.07049560546875,4500,0.0,0.0
2009-08-31 00:00:00+09:00,294.74907614968043,296.62049885539267,287.2633853268314,288.1990966796875,9100,0.0,0.0
2009-09-02 00:00:00+09:00,291.9419675379321,291.9419675379321,288.1991218002663,291.0062561035156,7400,0.0,0.0
2009-09-03 00:00:00+09:00,287.2633617770287,297.5561858146421,286.32765050088204,290.07049560546875,17800,0.0,0.0
2009-09-04 00:00:00+09:00,288.1990730531754,293.81334071005546,287.2633617770287,290.07049560546875,4300,0.0,0.0
2009-09-07 00:00:00+09:00,286.3277218467311,289.1348563746402,282.5848758095189,284.456298828125,11800,0.0,0.0
2009-09-08 00:00:00+09:00,287.2634212306288,290.07055564004867,284.456286821209,285.3919982910156,4000,0.0,0.0
2009-09-09 00:00:00+09:00,291.00625490674787,293.8133891984528,285.3919863233379,286.32769775390625,8800,0.0,0.0
2009-09-10 00:00:00+09:00,290.0705074569554,292.8776414000872,288.19908482820085,289.1347961425781,9900,0.0,0.0
2009-09-11 00:00:00+09:00,290.0705622073493,290.0705622073493,287.263427734375,287.263427734375,3200,0.0,0.0
2009-09-14 00:00:00+09:00,292.877685546875,296.6205313685603,291.9419740914537,292.877685546875,22200,0.0,0.0
2009-09-15 00:00:00+09:00,292.8776975778433,295.68483205942005,290.07056309626654,291.9419860839844,7100,0.0,0.0
2009-09-16 00:00:00+09:00,291.94198518933223,291.94198518933223,286.3277162433835,287.263427734375,5200,0.0,0.0
2009-09-17 00:00:00+09:00,287.2633617770287,290.07049560546875,285.3919392247354,290.07049560546875,11400,0.0,0.0
2009-09-18 00:00:00+09:00,285.3920103374281,290.0705678839433,279.7777412816098,284.456298828125,9100,0.0,0.0
2009-09-21 00:00:00+09:00,284.456298828125,284.456298828125,284.456298828125,284.456298828125,0,0.0,0.0
2009-09-24 00:00:00+09:00,280.71341609323264,283.52055025416496,280.71341609323264,282.5848388671875,8400,0.0,0.0
2009-09-25 00:00:00+09:00,286.3276723729502,290.0705177634463,282.5848269824541,283.5205383300781,7400,0.0,0.0
2009-09-28 00:00:00+09:00,282.5848063973064,282.5848063973064,272.29198232323233,277.90625,11300,0.0,0.0
2009-09-29 00:00:00+09:00,271.35632877150476,278.84202059968425,265.7420599003702,268.5491943359375,16900,0.0,0.0
2009-09-30 00:00:00+09:00,261.99917763157896,268.5491570723684,261.99917763157896,266.677734375,7400,0.0,0.0
2009-10-01 00:00:00+09:00,265.7420402336799,265.7420402336799,247.96352345748303,262.9349060058594,5000,0.0,0.0
2009-10-02 00:00:00+09:00,248.89921240924525,264.8063049316406,247.02778975955167,264.8063049316406,16800,0.0,0.0
2009-10-05 00:00:00+09:00,258.25632907035657,258.25632907035657,247.02779302381933,248.8992156982422,4000,0.0,0.0
2009-10-06 00:00:00+09:00,234.86357550120076,241.41355569446134,233.92786404502067,240.47784423828125,29200,0.0,0.0
2009-10-07 00:00:00+09:00,245.15640906131628,251.70638945608428,240.477851636482,247.02783203125,9800,0.0,0.0
2009-10-08 00:00:00+09:00,260.1277836390904,261.99920654296875,257.32064928327287,261.99920654296875,9700,0.0,0.0
2009-10-09 00:00:00+09:00,267.6134656139256,274.16344554153915,262.93490852277307,272.2920227050781,13500,0.0,0.0
2009-10-13 00:00:00+09:00,276.03484754908595,283.5205383300781,275.09913620146193,283.5205383300781,8600,0.0,0.0
2009-10-14 00:00:00+09:00,283.52052977278424,284.4562410921664,275.0991278983451,276.9705505371094,17600,0.0,0.0
2009-10-15 00:00:00+09:00,274.1634641673467,279.7777330581456,273.2277526855469,273.2277526855469,5000,0.0,0.0
2009-10-16 00:00:00+09:00,276.97064802381726,277.9063596725464,268.54924318525525,269.4849548339844,13800,0.0,0.0
2009-10-19 00:00:00+09:00,260.12780120407325,267.6134933250538,257.32066665870553,258.2563781738281,3900,0.0,0.0
2009-10-20 00:00:00+09:00,260.1277483074067,265.74201625648743,257.32061433286634,264.8063049316406,6600,0.0,0.0
2009-10-21 00:00:00+09:00,264.80631324504986,273.227715433055,264.80631324504986,271.3562927246094,5500,0.0,0.0
2009-10-22 00:00:00+09:00,280.71344453994544,280.71344453994544,271.35632972194725,273.2277526855469,9700,0.0,0.0
2009-10-23 00:00:00+09:00,263.8706271701389,263.8706271701389,247.9635326244213,252.64208984375,54000,0.0,0.0
2009-10-26 00:00:00+09:00,246.09211404814977,247.963536968668,244.2206911276315,245.15640258789062,12400,0.0,0.0
2009-10-27 00:00:00+09:00,247.02783203125,252.64210094105115,241.41356312144887,247.02783203125,17200,0.0,0.0
2009-10-28 00:00:00+09:00,247.0278297538188,252.64209861186012,247.0278297538188,250.7706756591797,5500,0.0,0.0
2009-10-29 00:00:00+09:00,229.24929731474148,244.22067999652052,229.24929731474148,237.6707000732422,12400,0.0,0.0
2009-10-30 00:00:00+09:00,247.02783203125,248.89925500118372,240.477851636482,247.02783203125,6100,0.0,0.0
2009-11-02 00:00:00+09:00,232.9921504930518,248.89924510502723,232.9921504930518,244.22068786621094,7000,0.0,0.0
2009-11-04 00:00:00+09:00,236.73499944555851,245.15640258789062,236.73499944555851,245.15640258789062,5000,0.0,0.0
2009-11-05 00:00:00+09:00,245.15638933994973,245.15638933994973,233.92785242361617,241.41354370117188,9200,0.0,0.0
2009-11-06 00:00:00+09:00,238.60641149085336,243.28496857890931,233.92785440279744,237.6707000732422,3700,0.0,0.0
2009-11-09 00:00:00+09:00,233.927853902181,236.73498814900717,220.82789408365886,224.57073974609375,11300,0.0,0.0
2009-11-10 00:00:00+09:00,221.76360841994767,225.50645413167675,209.5993598568282,212.406494140625,17100,0.0,0.0
2009-11-11 00:00:00+09:00,215.21363174706175,215.21363174706175,207.72794020803352,213.3422088623047,3500,0.0,0.0
2009-11-12 00:00:00+09:00,213.34219889322918,213.34219889322918,207.7279305013021,210.53506469726562,4400,0.0,0.0
2009-11-13 00:00:00+09:00,207.72794020803352,214.27792030468322,201.1779601113838,213.3422088623047,14200,0.0,0.0
2009-11-16 00:00:00+09:00,207.72793579101562,207.72793579101562,202.11366725612334,207.72793579101562,3200,0.0,0.0
2009-11-17 00:00:00+09:00,202.1136563929116,205.8565018816692,186.20656306569168,191.82083129882812,14900,0.0,0.0
2009-11-18 00:00:00+09:00,191.82084524503318,191.82084524503318,170.29948211998067,174.04232788085938,21200,0.0,0.0
2009-11-19 00:00:00+09:00,172.17090715680806,173.10661860874723,166.556638445173,170.2994842529297,15200,0.0,0.0
2009-11-20 00:00:00+09:00,168.4280603219077,178.72088623046875,160.00665730581233,178.72088623046875,15200,0.0,0.0
2009-11-24 00:00:00+09:00,173.10660788353454,181.52801042922,173.10660788353454,175.9137420654297,5600,0.0,0.0
2009-11-25 00:00:00+09:00,179.6565876412899,179.6565876412899,173.10660788353454,175.9137420654297,8800,0.0,0.0
2009-11-26 00:00:00+09:00,178.72088508195773,178.72088508195773,174.04232788085938,174.04232788085938,1600,0.0,0.0
2009-11-27 00:00:00+09:00,173.10662087429776,173.10662087429776,166.556640625,166.556640625,9800,0.0,0.0
2009-11-30 00:00:00+09:00,166.55662631988525,179.65658569335938,166.55662631988525,179.65658569335938,6800,0.0,0.0
2009-12-01 00:00:00+09:00,184.33514032131288,192.75654267101754,184.33514032131288,191.82083129882812,11000,0.0,0.0
2009-12-02 00:00:00+09:00,184.33512718997787,189.01368371764227,183.39941588444498,188.07797241210938,5200,0.0,0.0
2009-12-03 00:00:00+09:00,189.0136971822599,191.82083129882812,189.0136971822599,191.82083129882812,5300,0.0,0.0
2009-12-04 00:00:00+09:00,189.94942788942166,197.43511962890625,188.0780049545505,197.43511962890625,3800,0.0,0.0
2009-12-07 00:00:00+09:00,205.85651143391928,229.24929682413736,205.85651143391928,224.57073974609375,31200,0.0,0.0
2009-12-08 00:00:00+09:00,227.37787130604622,227.37787130604622,213.34220023777175,215.213623046875,13400,0.0,0.0
2009-12-09 00:00:00+09:00,205.8564944720376,210.53505116458393,204.92078313352835,206.79220581054688,6000,0.0,0.0
2009-12-10 00:00:00+09:00,202.1136769660841,205.8565228358264,189.94942788942166,197.43511962890625,6200,0.0,0.0
2009-12-11 00:00:00+09:00,200.24224319106423,205.85651169174827,196.49939752394152,203.04937744140625,4700,0.0,0.0
2009-12-14 00:00:00+09:00,203.9850924261685,218.02076392338194,203.04938099302095,217.08505249023438,9600,0.0,0.0
2009-12-15 00:00:00+09:00,217.08504388271234,218.9564666748047,207.7279299222506,218.9564666748047,4800,0.0,0.0
2009-12-16 00:00:00+09:00,216.14933445142665,218.95646866508153,214.27791164232337,215.213623046875,3000,0.0,0.0
2009-12-17 00:00:00+09:00,215.2136263496432,219.89218344420064,215.2136263496432,216.1493377685547,3600,0.0,0.0
2009-12-18 00:00:00+09:00,206.79220581054688,215.21360785713023,205.8564944720376,206.79220581054688,4100,0.0,0.0
2009-12-21 00:00:00+09:00,205.8565228358264,205.8565228358264,191.8208508242928,197.43511962890625,9900,0.0,0.0
2009-12-22 00:00:00+09:00,197.43509765332965,197.43509765332965,189.01369538375636,195.5636749267578,8900,0.0,0.0
2009-12-24 00:00:00+09:00,194.6279842043386,197.43511859190116,188.07800396669256,192.75656127929688,9400,0.0,0.0
2009-12-25 00:00:00+09:00,187.14229790447968,191.82085535209166,185.27087492543487,189.94943237304688,17100,0.0,0.0
2009-12-28 00:00:00+09:00,191.8208341376726,210.53506185842116,189.94941136559774,201.17794799804688,12700,0.0,0.0
2009-12-29 00:00:00+09:00,196.49939627017613,199.30653050260722,193.69226203774505,198.37081909179688,5000,0.0,0.0
2009-12-30 00:00:00+09:00,193.69225220018598,196.49938629004373,190.8851181103282,195.5636749267578,2200,0.0,0.0
2010-01-04 00:00:00+09:00,197.43510245389717,201.17794799804688,195.56367968182232,201.17794799804688,1600,0.0,0.0
2010-01-05 00:00:00+09:00,201.17793613009982,203.98507012261285,191.8208228217231,193.69224548339844,5700,0.0,0.0
2010-01-06 00:00:00+09:00,199.30652378627232,199.30652378627232,195.56367826915923,196.4993896484375,3700,0.0,0.0
2010-01-07 00:00:00+09:00,197.43510102771577,198.37081240699405,194.62796688988095,196.4993896484375,4200,0.0,0.0
2010-01-08 00:00:00+09:00,195.56368688436655,199.306532566364,193.69226404336783,194.6279754638672,10100,0.0,0.0
2010-01-12 00:00:00+09:00,197.43511962890625,198.37083109634182,189.0137164219861,197.43511962890625,14900,0.0,0.0
2010-01-13 00:00:00+09:00,196.4993896484375,198.37081240699405,191.82083275204613,196.4993896484375,7500,0.0,0.0
2010-01-14 00:00:00+09:00,195.5636749267578,195.5636749267578,191.8208294736141,195.5636749267578,2800,0.0,0.0
2010-01-15 00:00:00+09:00,198.37081090415396,198.37081090415396,191.82083129882812,191.82083129882812,8300,0.0,0.0
2010-01-18 00:00:00+09:00,197.43509080674914,197.43509080674914,189.01368882921008,193.69224548339844,14300,0.0,0.0
2010-01-19 00:00:00+09:00,197.43510102771577,198.37081240699405,195.56367826915923,196.4993896484375,6500,0.0,0.0
2010-01-20 00:00:00+09:00,196.49938449053698,210.53505481128963,196.49938449053698,199.3065185546875,17900,0.0,0.0
2010-01-21 00:00:00+09:00,198.37081240699405,198.37081240699405,189.0136986142113,196.4993896484375,10800,0.0,0.0
2010-01-22 00:00:00+09:00,195.56368688436655,196.4993983048659,191.8208412023691,194.6279754638672,6500,0.0,0.0
2010-01-25 00:00:00+09:00,194.6279754638672,196.4993983048659,191.8208412023691,194.6279754638672,5600,0.0,0.0
2010-01-26 00:00:00+09:00,194.62795681423611,197.43509080674914,191.8208228217231,193.69224548339844,11500,0.0,0.0
2010-01-27 00:00:00+09:00,191.82084981677602,196.4994071293803,191.82084981677602,192.75656127929688,8600,0.0,0.0
2010-01-28 00:00:00+09:00,192.7565441313244,196.4993896484375,188.07798723493303,196.4993896484375,6400,0.0,0.0
2010-01-29 00:00:00+09:00,192.75653415256076,195.5636681450738,191.8208228217231,193.69224548339844,3300,0.0,0.0
2010-02-01 00:00:00+09:00,193.69225404320693,193.69225404320693,190.8851199266387,191.82083129882812,5800,0.0,0.0
2010-02-02 00:00:00+09:00,191.8208228217231,193.69224548339844,191.8208228217231,193.69224548339844,1400,0.0,0.0
2010-02-03 00:00:00+09:00,191.82084326650582,193.69226612764245,189.94942040536918,190.8851318359375,10500,0.0,0.0
2010-02-04 00:00:00+09:00,189.01373291015625,192.75657910639697,187.1423098120359,189.01373291015625,13900,0.0,0.0
2010-02-05 00:00:00+09:00,187.14228491088255,187.14228491088255,184.3351506372193,186.20657348632812,2100,0.0,0.0
2010-02-08 00:00:00+09:00,185.27086206177373,187.14228491088255,185.27086206177373,186.20657348632812,1300,0.0,0.0
2010-02-09 00:00:00+09:00,185.2708486703726,185.2708486703726,180.59229188576722,182.46371459960938,4500,0.0,0.0
2010-02-10 00:00:00+09:00,180.5923024333974,182.46372525654144,174.97803396396537,176.84945678710938,12400,0.0,0.0
2010-02-12 00:00:00+09:00,177.78519066012635,183.3994598388672,173.10663301117566,183.3994598388672,10200,0.0,0.0
2010-02-15 00:00:00+09:00,183.39945582339638,183.39945582339638,177.78518676757812,177.78518676757812,600,0.0,0.0
2010-02-16 00:00:00+09:00,177.7851681986814,177.7851681986814,173.10661114082134,176.84945678710938,4500,0.0,0.0
2010-02-17 00:00:00+09:00,173.10661114082134,176.84945678710938,173.10661114082134,176.84945678710938,7300,0.0,0.0
2010-02-18 00:00:00+09:00,177.78516147225935,180.59229560076872,173.10660459141042,174.97802734375,6900,0.0,0.0
2010-02-19 00:00:00+09:00,173.10660459141042,177.78516147225935,173.10660459141042,174.97802734375,2300,0.0,0.0
2010-02-22 00:00:00+09:00,172.17090500042002,174.97803932107905,172.17090500042002,174.04232788085938,1900,0.0,0.0
2010-02-23 00:00:00+09:00,174.04232788085938,177.78517364173806,173.1066164406397,174.04232788085938,5800,0.0,0.0
2010-02-24 00:00:00+09:00,173.1066219142226,173.1066219142226,171.23519897460938,171.23519897460938,3100,0.0,0.0
2010-02-25 00:00:00+09:00,171.23516012655722,173.10658264160156,171.23516012655722,173.10658264160156,5700,0.0,0.0
2010-02-26 00:00:00+09:00,173.1066164406397,174.97803932107905,172.17090500042002,174.04232788085938,1800,0.0,0.0
2010-03-01 00:00:00+09:00,173.10660459141042,174.97802734375,172.17089321524062,174.97802734375,2700,0.0,0.0
2010-03-02 00:00:00+09:00,176.84945804556622,181.52801513671875,174.9780352091052,181.52801513671875,9800,0.0,0.0
2010-03-03 00:00:00+09:00,187.14228449641047,228.31358708562078,181.52801596151818,207.72793579101562,104900,0.0,0.0
2010-03-04 00:00:00+09:00,203.9850771963311,203.9850771963311,189.94940674704227,195.5636749267578,21500,0.0,0.0
2010-03-05 00:00:00+09:00,192.7565441313244,201.17794654482887,188.07798723493303,196.4993896484375,8500,0.0,0.0
2010-03-08 00:00:00+09:00,193.69227375916395,197.43511962890625,189.94942788942166,197.43511962890625,6600,0.0,0.0
2010-03-09 00:00:00+09:00,197.43509080674914,197.43509080674914,191.8208228217231,193.69224548339844,6200,0.0,0.0
2010-03-10 00:00:00+09:00,195.56368610716086,213.34220302599365,195.56368610716086,203.04937744140625,32600,0.0,0.0
2010-03-11 00:00:00+09:00,211.4707848245253,211.4707848245253,199.3065361399287,208.6636505126953,11600,0.0,0.0
2010-03-12 00:00:00+09:00,208.66364721349768,208.66364721349768,201.17795583364128,207.72793579101562,6900,0.0,0.0
2010-03-15 00:00:00+09:00,203.98508490668402,210.53506469726562,203.98508490668402,210.53506469726562,9000,0.0,0.0
2010-03-16 00:00:00+09:00,212.4064908323035,213.34220224566164,208.6636451788708,211.4707794189453,6600,0.0,0.0
2010-03-17 00:00:00+09:00,208.6636505126953,209.59936194997198,204.92080476358868,208.6636505126953,8500,0.0,0.0
2010-03-18 00:00:00+09:00,206.79222977869043,208.66365267261523,199.30653820299125,204.92080688476562,7100,0.0,0.0
2010-03-19 00:00:00+09:00,203.98508215615917,203.98508215615917,199.30652522597202,201.17794799804688,4900,0.0,0.0
2010-03-23 00:00:00+09:00,197.43510102771577,199.30652378627232,196.4993896484375,196.4993896484375,4300,0.0,0.0
2010-03-24 00:00:00+09:00,199.30652037990149,201.17794310647335,193.69225220018598,195.5636749267578,8200,0.0,0.0
2010-03-25 00:00:00+09:00,199.30652190591687,202.1136560172678,197.43509916501625,200.2422332763672,5300,0.0,0.0
2010-03-26 00:00:00+09:00,201.17796109691602,205.85651833172804,200.24224964995364,204.92080688476562,7900,0.0,0.0
2010-03-29 00:00:00+09:00,204.9208035950267,204.9208035950267,201.17795786726367,203.98509216308594,8600,0.0,0.0
2010-03-30 00:00:00+09:00,203.98509010108742,208.66364721349768,203.04937867860536,207.72793579101562,11500,0.0,0.0
2010-03-31 00:00:00+09:00,207.72793579101562,210.5350700584618,206.7922243685336,207.72793579101562,11100,0.0,0.0
2010-04-01 00:00:00+09:00,210.53505116458393,210.53505116458393,202.11364911800058,206.79220581054688,11300,0.0,0.0
2010-04-02 00:00:00+09:00,205.85651502696746,209.59936075473053,196.49940070755986,203.98509216308594,9100,0.0,0.0
2010-04-05 00:00:00+09:00,205.8564944720376,206.79220581054688,204.92078313352835,206.79220581054688,4900,0.0,0.0
2010-04-06 00:00:00+09:00,206.79222235215448,212.4064908323035,205.85651093879633,211.4707794189453,22300,0.0,0.0
2010-04-07 00:00:00+09:00,208.6636505126953,213.3422076990786,206.792227638142,208.6636505126953,18500,0.0,0.0
2010-04-08 00:00:00+09:00,207.72793700096366,212.406494140625,207.72793700096366,212.406494140625,11900,0.0,0.0
2010-04-09 00:00:00+09:00,213.34221946586996,220.82791137695312,210.53508499921378,220.82791137695312,22600,0.0,0.0
2010-04-12 00:00:00+09:00,222.6993122589894,223.63502365503558,217.08504388271234,218.9564666748047,24300,0.0,0.0
2010-04-13 00:00:00+09:00,219.89218678967708,219.89218678967708,213.34220675764413,217.08505249023438,10200,0.0,0.0
2010-04-14 00:00:00+09:00,212.406494140625,216.14933985235407,210.53507128476045,212.406494140625,5900,0.0,0.0
2010-04-15 00:00:00+09:00,212.40649532449657,217.08505249023438,210.53507245820145,217.08505249023438,15700,0.0,0.0
2010-04-16 00:00:00+09:00,218.95648074613933,240.47784423828125,214.27792346523893,240.47784423828125,76200,0.0,0.0
2010-04-19 00:00:00+09:00,234.8635713397332,252.6420886921433,229.24930270213002,247.96353149414062,70000,0.0,0.0
2010-04-20 00:00:00+09:00,238.60642236607677,247.963536968668,234.86357652504026,245.15640258789062,45500,0.0,0.0
2010-04-21 00:00:00+09:00,237.670709869741,240.47784423828125,232.0564411326605,240.47784423828125,26600,0.0,0.0
2010-04-22 00:00:00+09:00,242.34926939952987,242.34926939952987,233.9278662157624,236.73500061035156,14000,0.0,0.0
2010-04-23 00:00:00+09:00,236.73499072265625,236.73499072265625,233.9278564453125,233.9278564453125,8200,0.0,0.0
2010-04-26 00:00:00+09:00,237.6707000732422,245.1563914141317,235.7992772380198,237.6707000732422,24600,0.0,0.0
2010-04-27 00:00:00+09:00,238.60643817532446,238.60643817532446,231.12074599727507,232.05645751953125,8800,0.0,0.0
2010-04-28 00:00:00+09:00,224.57073774494108,229.24929478129403,220.82789211585873,228.31358337402344,16400,0.0,0.0
2010-04-30 00:00:00+09:00,228.31361143050654,233.9278805640436,223.63505381922567,232.05645751953125,5400,0.0,0.0
2010-05-06 00:00:00+09:00,227.37788063238474,232.05643784704287,223.63503486065824,226.44216918945312,5200,0.0,0.0
2010-05-07 00:00:00+09:00,207.72793907541865,214.27791913635528,203.04938188903535,208.6636505126953,20500,0.0,0.0
2010-05-10 00:00:00+09:00,208.6636505126953,213.3422076990786,202.1136704517587,208.6636505126953,8700,0.0,0.0
2010-05-11 00:00:00+09:00,214.27791365901982,215.21362507237797,204.92079952543816,211.4707794189453,5800,0.0,0.0
2010-05-12 00:00:00+09:00,212.40648749457466,212.40648749457466,207.7279305013021,210.53506469726562,6500,0.0,0.0
2010-05-13 00:00:00+09:00,213.34220990742725,216.14934424831443,202.11367254387844,204.92080688476562,13500,0.0,0.0
2010-05-14 00:00:00+09:00,212.40649290342589,212.40649290342589,204.92080152356948,207.72793579101562,5800,0.0,0.0
2010-05-17 00:00:00+09:00,203.9850771963311,203.9850771963311,193.69225220018598,195.5636749267578,9900,0.0,0.0
2010-05-18 00:00:00+09:00,195.56368688436655,202.1136668278621,191.8208412023691,194.6279754638672,4800,0.0,0.0
2010-05-19 00:00:00+09:00,199.30652378627232,200.2422351655506,191.82083275204613,196.4993896484375,3700,0.0,0.0
2010-05-20 00:00:00+09:00,201.17796549864855,201.17796549864855,193.69227375916395,197.43511962890625,2400,0.0,0.0
2010-05-21 00:00:00+09:00,191.8208228217231,193.69224548339844,177.785152859158,193.69224548339844,11100,0.0,0.0
2010-05-24 00:00:00+09:00,188.0780049545505,203.0493884335197,188.0780049545505,197.43511962890625,3200,0.0,0.0
2010-05-25 00:00:00+09:00,197.43509796142578,199.30652069091798,187.14227294921875,187.14227294921875,11200,0.0,0.0
2010-05-26 00:00:00+09:00,187.1422744378811,191.82083129882812,186.20656306569168,191.82083129882812,3700,0.0,0.0
2010-05-27 00:00:00+09:00,191.82083275204613,197.43510102771577,191.82083275204613,196.4993896484375,2000,0.0,0.0
2010-05-28 00:00:00+09:00,201.17795131824636,203.0493741212068,198.3708171138057,202.11366271972656,1500,0.0,0.0
2010-05-31 00:00:00+09:00,191.8208373034442,202.11366271972656,189.01370309900355,202.11366271972656,1000,0.0,0.0
2010-06-01 00:00:00+09:00,201.17794654482887,202.11365792410714,196.4993896484375,196.4993896484375,3800,0.0,0.0
2010-06-02 00:00:00+09:00,196.4993983048659,202.1136668278621,194.6279754638672,194.6279754638672,10300,0.0,0.0
2010-06-03 00:00:00+09:00,200.24223661200944,201.17794799804688,198.37081383993458,201.17794799804688,4100,0.0,0.0
2010-06-04 00:00:00+09:00,201.1779546078449,203.04937744140625,196.49939752394152,203.04937744140625,6100,0.0,0.0
2010-06-07 00:00:00+09:00,196.4993983048659,199.306532566364,193.69226404336783,194.6279754638672,3100,0.0,0.0
2010-06-08 00:00:00+09:00,198.37082114586465,198.37082114586465,194.6279754638672,194.6279754638672,200,0.0,0.0
2010-06-09 00:00:00+09:00,195.56367678758573,195.56367678758573,190.8851199266387,191.82083129882812,1900,0.0,0.0
2010-06-10 00:00:00+09:00,187.14227294921875,187.14227294921875,185.27085021972655,187.14227294921875,8800,0.0,0.0
2010-06-11 00:00:00+09:00,189.94939502317516,189.94939502317516,188.07797241210938,188.07797241210938,2300,0.0,0.0
2010-06-14 00:00:00+09:00,191.8208228217231,194.62795681423611,191.8208228217231,193.69224548339844,6900,0.0,0.0
2010-06-15 00:00:00+09:00,194.62798982065885,194.62798982065885,189.94943237304688,189.94943237304688,3400,0.0,0.0
2010-06-16 00:00:00+09:00,191.82085535209166,196.49941279970366,189.94943237304688,189.94943237304688,2900,0.0,0.0
2010-06-17 00:00:00+09:00,191.8208294736141,196.49938629004373,191.8208294736141,195.5636749267578,2400,0.0,0.0
2010-06-18 00:00:00+09:00,193.69227274181773,195.56369566685945,192.75656127929688,192.75656127929688,2700,0.0,0.0
2010-06-21 00:00:00+09:00,194.6279754638672,195.56368688436655,194.6279754638672,194.6279754638672,4400,0.0,0.0
2010-06-22 00:00:00+09:00,196.49938629004373,196.49938629004373,194.6279635634719,195.5636749267578,900,0.0,0.0
2010-06-23 00:00:00+09:00,194.62796541539635,195.56367678758573,191.82083129882812,191.82083129882812,4700,0.0,0.0
2010-06-24 00:00:00+09:00,187.1422840998723,194.6279754638672,187.1422840998723,194.6279754638672,900,0.0,0.0
2010-06-25 00:00:00+09:00,194.62797755821077,194.62797755821077,190.8851318359375,190.8851318359375,3900,0.0,0.0
2010-06-28 00:00:00+09:00,195.5637137535775,195.5637137535775,185.27088671391553,189.01373291015625,3600,0.0,0.0
2010-06-29 00:00:00+09:00,181.5280405176748,189.01373291015625,181.5280405176748,189.01373291015625,1000,0.0,0.0
2010-06-30 00:00:00+09:00,179.65658901392487,184.33514601949582,177.7851662116965,180.59230041503906,14500,0.0,0.0
2010-07-01 00:00:00+09:00,182.46369521682328,182.46369521682328,173.10658264160156,173.10658264160156,3800,0.0,0.0
2010-07-02 00:00:00+09:00,177.78518676757812,177.78518676757812,169.36378318385076,177.78518676757812,2500,0.0,0.0
2010-07-05 00:00:00+09:00,180.59230041503906,180.59230041503906,177.7851662116965,180.59230041503906,2700,0.0,0.0
2010-07-06 00:00:00+09:00,180.59232524949678,183.3994598388672,179.65661371970663,183.3994598388672,1600,0.0,0.0
2010-07-07 00:00:00+09:00,186.2065688217242,186.2065688217242,179.65658901392487,180.59230041503906,5800,0.0,0.0
2010-07-08 00:00:00+09:00,183.39942595653045,183.39942595653045,179.65658052884618,182.46371459960938,7100,0.0,0.0
2010-07-09 00:00:00+09:00,181.5280367792869,184.3351713686573,178.7209021899165,183.3994598388672,5700,0.0,0.0
2010-07-12 00:00:00+09:00,183.39942595653045,187.14227138421475,182.46371459960938,182.46371459960938,6700,0.0,0.0
2010-07-13 00:00:00+09:00,182.46372655494926,184.33514939141028,181.52801513671875,181.52801513671875,1500,0.0,0.0
2010-07-14 00:00:00+09:00,182.46372126080664,184.33514404296875,181.52800986972557,184.33514404296875,2000,0.0,0.0
2010-07-15 00:00:00+09:00,179.65658569335938,180.59229707717896,179.65658569335938,179.65658569335938,2400,0.0,0.0
2010-07-16 00:00:00+09:00,179.65659767670155,179.65659767670155,176.8494633380031,178.72088623046875,4100,0.0,0.0
2010-07-21 00:00:00+09:00,177.7851648533598,177.7851648533598,171.23518509560444,175.9137420654297,900,0.0,0.0
2010-07-22 00:00:00+09:00,168.42807327186205,170.29949630821608,167.49236175368503,169.36378479003906,6300,0.0,0.0
2010-07-23 00:00:00+09:00,174.0423159675802,175.9137387199198,171.23518183907086,174.97802734375,3600,0.0,0.0
2010-07-26 00:00:00+09:00,179.65658569335938,179.65658569335938,174.97802877426147,179.65658569335938,4600,0.0,0.0
2010-07-27 00:00:00+09:00,179.6565965221774,179.6565965221774,170.29948211998067,174.04232788085938,7100,0.0,0.0
2010-07-28 00:00:00+09:00,171.23518509560444,178.72087624732484,167.49233951974423,175.9137420654297,4700,0.0,0.0
2010-07-29 00:00:00+09:00,173.1066251837689,173.1066251837689,169.36377923384958,172.17091369628906,2800,0.0,0.0
2010-07-30 00:00:00+09:00,172.17090500042002,174.04232788085938,169.363770679761,174.04232788085938,1500,0.0,0.0
2010-08-02 00:00:00+09:00,171.23519570486886,172.17090715680806,167.49234989711218,170.2994842529297,13500,0.0,0.0
2010-08-03 00:00:00+09:00,170.2994842529297,172.17090715680806,169.36377280099052,170.2994842529297,1300,0.0,0.0
2010-08-04 00:00:00+09:00,170.29949072132942,173.1066251837689,169.36377923384958,172.17091369628906,1900,0.0,0.0
2010-08-05 00:00:00+09:00,172.1708713840794,174.04229389912373,171.23516012655722,173.10658264160156,2700,0.0,0.0
2010-08-06 00:00:00+09:00,173.1066251837689,173.1066251837689,171.23520220880923,172.17091369628906,2600,0.0,0.0
2010-08-09 00:00:00+09:00,169.36377280099052,174.0423300606864,167.49234989711218,170.2994842529297,2000,0.0,0.0
2010-08-10 00:00:00+09:00,173.10661188761392,173.10661188761392,168.4280548095703,168.4280548095703,2000,0.0,0.0
2010-08-11 00:00:00+09:00,171.23519794592698,171.23519794592698,165.62092916081463,166.556640625,5600,0.0,0.0
2010-08-12 00:00:00+09:00,166.556657960429,166.556657960429,157.19954234467454,158.13525390625,15500,0.0,0.0
2010-08-13 00:00:00+09:00,160.94235065026197,160.94235065026197,151.58523724036303,156.2637939453125,7100,0.0,0.0
2010-08-16 00:00:00+09:00,156.26381361859399,156.26381361859399,145.0352761130663,148.7781219482422,5800,0.0,0.0
2010-08-17 00:00:00+09:00,148.77811332370925,150.6495361328125,148.77811332370925,150.6495361328125,7200,0.0,0.0
2010-08-18 00:00:00+09:00,150.6495426856667,152.52096557617188,149.71383124041412,152.52096557617188,2700,0.0,0.0
2010-08-19 00:00:00+09:00,150.6495361328125,150.6495361328125,150.6495361328125,150.6495361328125,200,0.0,0.0
2010-08-20 00:00:00+09:00,151.58524753736413,151.58524753736413,150.6495361328125,150.6495361328125,400,0.0,0.0
2010-08-23 00:00:00+09:00,152.52096557617188,152.52096557617188,152.52096557617188,152.52096557617188,200,0.0,0.0
2010-08-24 00:00:00+09:00,154.39237605629629,167.4923352368305,154.39237605629629,161.87806701660156,7500,0.0,0.0
2010-08-25 00:00:00+09:00,156.26379915563072,156.26379915563072,153.4566650390625,153.4566650390625,3100,0.0,0.0
2010-08-26 00:00:00+09:00,154.39237641125192,154.39237641125192,147.84239680592606,153.4566650390625,6900,0.0,0.0
2010-08-27 00:00:00+09:00,153.4566650390625,153.4566650390625,153.4566650390625,153.4566650390625,300,0.0,0.0
2010-08-30 00:00:00+09:00,148.77814382530119,156.26383659638554,148.77814382530119,155.328125,5600,0.0,0.0
2010-08-31 00:00:00+09:00,147.84240191915762,150.6495361328125,146.906690514606,150.6495361328125,1500,0.0,0.0
2010-09-01 00:00:00+09:00,152.52097763249904,152.52097763249904,151.58526611328125,151.58526611328125,2300,0.0,0.0
2010-09-02 00:00:00+09:00,150.6495361328125,150.6495361328125,150.6495361328125,150.6495361328125,1000,0.0,0.0
2010-09-03 00:00:00+09:00,150.6495361328125,150.6495361328125,150.6495361328125,150.6495361328125,900,0.0,0.0
2010-09-06 00:00:00+09:00,150.6495361328125,150.6495361328125,144.0995563009511,150.6495361328125,2300,0.0,0.0
2010-09-07 00:00:00+09:00,152.52095556259155,152.52095556259155,146.90668725967407,149.7138214111328,700,0.0,0.0
2010-09-08 00:00:00+09:00,150.6495415409909,150.6495415409909,145.0352729121341,147.8424072265625,1400,0.0,0.0
2010-09-09 00:00:00+09:00,149.71382472826087,150.6495361328125,146.906690514606,150.6495361328125,1200,0.0,0.0
2010-09-10 00:00:00+09:00,147.84240191915762,150.6495361328125,147.84240191915762,150.6495361328125,700,0.0,0.0
2010-09-13 00:00:00+09:00,150.6495341907848,159.0709367231889,150.6495341907848,154.3923797607422,8900,0.0,0.0
2010-09-14 00:00:00+09:00,156.2638307830991,158.13525390625,154.39240765994822,158.13525390625,3500,0.0,0.0
2010-09-16 00:00:00+09:00,157.1995481927711,157.1995481927711,155.328125,155.328125,4100,0.0,0.0
2010-09-17 00:00:00+09:00,153.4567018072289,155.328125,153.4567018072289,155.328125,1700,0.0,0.0
2010-09-21 00:00:00+09:00,157.1995153090533,161.87807231229894,155.32809250775506,159.07093811035156,3700,0.0,0.0
2010-09-22 00:00:00+09:00,159.0709367231889,205.85650634765625,158.13522533069957,205.85650634765625,338100,0.0,0.0
2010-09-24 00:00:00+09:00,271.3563141003579,280.71342837968064,206.79222557303137,212.406494140625,1461000,0.0,0.0
2010-09-27 00:00:00+09:00,189.9494040271316,279.777693616317,187.14226997746957,249.83493041992188,1104400,0.0,0.0
2010-09-28 00:00:00+09:00,234.86358371023402,260.1277939101397,215.21364244364077,220.82791137695312,287200,0.0,0.0
2010-09-29 00:00:00+09:00,213.34220648249357,222.69932080190117,195.56368927561908,203.98509216308594,225300,0.0,0.0
2010-09-30 00:00:00+09:00,215.2136202725497,246.09209622469814,205.85650634765625,205.85650634765625,940200,0.0,0.0
2010-10-01 00:00:00+09:00,213.34220023777175,241.41354237432066,202.1136633831522,215.213623046875,403600,0.0,0.0
2010-10-04 00:00:00+09:00,221.763611974795,253.5778010344702,221.763611974795,226.44216918945312,780900,0.0,0.0
2010-10-05 00:00:00+09:00,238.60641019890107,243.28496726162464,229.249296073454,232.9921417236328,202300,0.0,0.0
2010-10-06 00:00:00+09:00,236.734983199682,237.67069459572818,213.34219829852765,218.9564666748047,159400,0.0,0.0
2010-10-07 00:00:00+09:00,220.8278928066822,222.6993156270778,219.89218139648438,219.89218139648438,5200,0.0,0.0
2010-10-08 00:00:00+09:00,213.3422076990786,221.76361063456858,200.24224757720538,208.6636505126953,148600,0.0,0.0
2010-10-12 00:00:00+09:00,215.21363280135205,215.21363280135205,204.92080688476562,204.92080688476562,42800,0.0,0.0
2010-10-13 00:00:00+09:00,203.9850888581869,221.76360577701973,192.75655185681882,203.04937744140625,99200,0.0,0.0
2010-10-14 00:00:00+09:00,197.43509916501625,206.79221286951937,194.6279650536653,200.2422332763672,64800,0.0,0.0
2010-10-15 00:00:00+09:00,194.62798887310606,199.30654629794034,183.39945105350378,185.2708740234375,56900,0.0,0.0
2010-10-18 00:00:00+09:00,180.59230912293438,181.5280205691672,175.9137518917703,178.72088623046875,37000,0.0,0.0
2010-10-19 00:00:00+09:00,184.3351391044395,225.50643920898438,180.59229364038995,225.50643920898438,549700,0.0,0.0
2010-10-20 00:00:00+09:00,211.47078148094386,216.14933859335412,203.04937867860536,207.72793579101562,171700,0.0,0.0
2010-10-21 00:00:00+09:00,205.85651143391928,264.8063306172689,205.85651143391928,224.57073974609375,1176900,0.0,0.0
2010-10-22 00:00:00+09:00,218.9564666748047,236.734983199682,215.21362109062,218.9564666748047,195600,0.0,0.0
2010-10-25 00:00:00+09:00,206.792227638142,218.02076488546192,206.792227638142,208.6636505126953,78800,0.0,0.0
2010-10-26 00:00:00+09:00,205.85651169174827,209.59935735887098,199.30653177428354,203.04937744140625,55500,0.0,0.0
2010-10-27 00:00:00+09:00,212.40648749457466,216.1493330891927,203.04937350802953,210.53506469726562,50100,0.0,0.0
2010-10-28 00:00:00+09:00,209.59935191761363,209.59935191761363,203.0493721701882,205.85650634765625,31000,0.0,0.0
2010-10-29 00:00:00+09:00,209.59936411957764,209.59936411957764,200.24224964995364,204.92080688476562,14300,0.0,0.0
2010-11-01 00:00:00+09:00,198.37081909179688,202.11366473503833,192.75655062693468,198.37081909179688,29400,0.0,0.0
2010-11-02 00:00:00+09:00,196.49937947591147,207.72791544596356,191.8208228217231,193.69224548339844,24900,0.0,0.0
2010-11-04 00:00:00+09:00,200.24222990940436,213.34218887544014,190.88511636223592,199.3065185546875,84000,0.0,0.0
2010-11-05 00:00:00+09:00,194.62798522659952,197.43511962890625,194.62798522659952,197.43511962890625,18000,0.0,0.0
2010-11-08 00:00:00+09:00,192.75656127929688,193.69227274181773,188.07800396669256,192.75656127929688,31500,0.0,0.0
2010-11-09 00:00:00+09:00,189.94942689173428,199.30654151694287,188.07800396669256,192.75656127929688,56700,0.0,0.0
2010-11-10 00:00:00+09:00,194.6279754638672,198.37082114586465,191.8208412023691,194.6279754638672,26400,0.0,0.0
2010-11-11 00:00:00+09:00,196.4993896484375,198.37081240699405,193.69225551060268,196.4993896484375,20400,0.0,0.0
2010-11-12 00:00:00+09:00,196.49938629004373,198.37080901661557,191.8208294736141,195.5636749267578,26900,0.0,0.0
2010-11-15 00:00:00+09:00,196.49938629004373,197.43509765332965,192.75654083690003,195.5636749267578,10300,0.0,0.0
2010-11-16 00:00:00+09:00,238.60640030872975,247.02780267256725,208.66363634841855,221.7635955810547,611700,0.0,0.0
2010-11-17 00:00:00+09:00,206.79221720466447,216.14933110532803,203.9850830344654,214.2779083251953,83000,0.0,0.0
2010-11-18 00:00:00+09:00,207.72792859473083,218.95646527552708,207.72792859473083,214.2779083251953,40200,0.0,0.0
2010-11-19 00:00:00+09:00,218.02076607419733,219.8921889589544,209.59936309279055,213.3422088623047,33600,0.0,0.0
2010-11-22 00:00:00+09:00,213.34219889322918,214.2779102918837,209.5993532986111,210.53506469726562,20900,0.0,0.0
2010-11-24 00:00:00+09:00,213.34219889322918,214.2779102918837,205.85650770399306,210.53506469726562,15300,0.0,0.0
2010-11-25 00:00:00+09:00,207.72793112860785,208.66364253008808,200.24223991676612,202.11366271972656,37000,0.0,0.0
2010-11-26 00:00:00+09:00,205.85650832564744,206.79221972712764,200.24223991676612,202.11366271972656,16300,0.0,0.0
2010-11-29 00:00:00+09:00,203.9850888581869,203.9850888581869,201.1779546078449,203.04937744140625,18100,0.0,0.0
2010-11-30 00:00:00+09:00,207.72792770030887,207.72792770030887,201.17794799804688,201.17794799804688,27100,0.0,0.0
2010-12-01 00:00:00+09:00,203.0493741212068,203.0493741212068,201.17795131824636,202.11366271972656,6100,0.0,0.0
2010-12-02 00:00:00+09:00,203.0493807311452,203.98509216308594,201.17795786726367,203.98509216308594,11700,0.0,0.0
2010-12-03 00:00:00+09:00,205.85650634765625,208.66364052512426,204.92079495516688,205.85650634765625,45700,0.0,0.0
2010-12-06 00:00:00+09:00,207.72794122565284,207.72794122565284,201.17796109691602,204.92080688476562,34000,0.0,0.0
2010-12-07 00:00:00+09:00,204.9208002749676,204.9208002749676,202.11366602462556,203.04937744140625,9200,0.0,0.0
2010-12-08 00:00:00+09:00,203.04936045650985,218.02074187265802,202.11364911800058,206.79220581054688,110900,0.0,0.0
2010-12-09 00:00:00+09:00,206.79222645890823,209.59936075473053,201.17795786726367,203.98509216308594,45600,0.0,0.0
2010-12-10 00:00:00+09:00,203.9850888581869,204.9208002749676,202.11366602462556,203.04937744140625,9600,0.0,0.0
2010-12-13 00:00:00+09:00,205.85651169174827,205.85651169174827,202.11366602462556,203.04937744140625,21500,0.0,0.0
2010-12-14 00:00:00+09:00,204.9208002749676,205.85651169174827,203.04937744140625,203.04937744140625,8600,0.0,0.0
2010-12-15 00:00:00+09:00,207.72794122565284,207.72794122565284,203.04938399084082,204.92080688476562,16900,0.0,0.0
2010-12-16 00:00:00+09:00,206.79222310852893,206.79222310852893,201.1779546078449,203.04937744140625,13800,0.0,0.0
2010-12-17 00:00:00+09:00,203.98508811207998,212.4064908323035,201.1779538720055,211.4707794189453,68400,0.0,0.0
2010-12-20 00:00:00+09:00,218.02076392338194,226.44216682171,211.47078389134901,217.08505249023438,233400,0.0,0.0
2010-12-21 00:00:00+09:00,238.60640665690104,239.54211805555556,210.53506469726562,210.53506469726562,350700,0.0,0.0
2010-12-22 00:00:00+09:00,206.79222977869043,208.66365267261523,202.11367254387844,204.92080688476562,80500,0.0,0.0
2010-12-24 00:00:00+09:00,205.85650770399306,210.53506469726562,204.92079630533854,210.53506469726562,28400,0.0,0.0
2010-12-27 00:00:00+09:00,210.53505116458393,210.53505116458393,204.92078313352835,206.79220581054688,23000,0.0,0.0
2010-12-28 00:00:00+09:00,206.792227638142,208.6636505126953,204.92080476358868,208.6636505126953,10100,0.0,0.0
2010-12-29 00:00:00+09:00,212.40649290342589,212.40649290342589,207.72793579101562,207.72793579101562,20300,0.0,0.0
2010-12-30 00:00:00+09:00,207.72792913263493,207.72792913263493,201.1779493852095,205.85650634765625,17000,0.0,0.0
2011-01-04 00:00:00+09:00,210.5350756338226,230.1850160263127,203.98509550299255,218.02076721191406,194900,0.0,0.0
2011-01-05 00:00:00+09:00,215.21362240843195,229.2492934350688,212.40648820310457,223.63502502441406,72600,0.0,0.0
2011-01-06 00:00:00+09:00,226.44216055948226,235.79927463218814,223.6350263376705,228.31358337402344,86200,0.0,0.0
2011-01-07 00:00:00+09:00,232.05643107096353,233.927853902181,217.08504842122395,224.57073974609375,67000,0.0,0.0
2011-01-11 00:00:00+09:00,230.1850028332369,230.1850028332369,224.57073447145063,227.37786865234375,19600,0.0,0.0
2011-01-12 00:00:00+09:00,227.37786724186745,228.31357862969406,219.89217613925453,222.69931030273438,20800,0.0,0.0
2011-01-13 00:00:00+09:00,222.6993343547239,224.5707573324947,218.02077691029695,220.82791137695312,22300,0.0,0.0
2011-01-14 00:00:00+09:00,222.69932108911976,222.69932108911976,216.14934105708681,217.08505249023438,20800,0.0,0.0
2011-01-17 00:00:00+09:00,218.95646998628658,221.76360421688,217.08504716589096,219.89218139648438,13900,0.0,0.0
2011-01-18 00:00:00+09:00,220.82788752708115,226.44215585404083,220.82788752708115,222.69931030273438,24000,0.0,0.0
2011-01-19 00:00:00+09:00,222.69931030273438,225.50644446621422,219.89217613925453,222.69931030273438,13300,0.0,0.0
2011-01-20 00:00:00+09:00,221.7636228658385,223.6350458436093,217.08506542141154,220.82791137695312,10400,0.0,0.0
2011-01-21 00:00:00+09:00,220.8278991972919,220.8278991972919,207.72793907541865,208.6636505126953,28800,0.0,0.0
2011-01-24 00:00:00+09:00,215.21362507237797,215.21362507237797,207.72793376551266,211.4707794189453,22100,0.0,0.0
2011-01-25 00:00:00+09:00,213.3422088623047,214.27792030468322,207.72794020803352,213.3422088623047,18800,0.0,0.0
2011-01-26 00:00:00+09:00,213.3422088623047,213.3422088623047,213.3422088623047,213.3422088623047,0,0.0,0.0
2011-01-27 00:00:00+09:00,214.27790969457382,219.89217807085086,214.27790969457382,218.9564666748047,13300,0.0,0.0
2011-01-28 00:00:00+09:00,218.9564753565295,219.89218678967708,215.21362962393925,217.08505249023438,16600,0.0,0.0
2011-01-31 00:00:00+09:00,218.95647202528914,218.95647202528914,213.3422035118202,216.1493377685547,16300,0.0,0.0
2011-02-01 00:00:00+09:00,215.21361971526167,215.21361971526167,213.34219693512895,214.2779083251953,1700,0.0,0.0
2011-02-02 00:00:00+09:00,214.27791164232337,215.213623046875,208.6636432150136,215.213623046875,22500,0.0,0.0
2011-02-03 00:00:00+09:00,212.40648883322012,215.213623046875,211.4707774286685,215.213623046875,13800,0.0,0.0
2011-02-04 00:00:00+09:00,213.34219693512895,219.89217666559344,213.34219693512895,214.2779083251953,27900,0.0,0.0
2011-02-07 00:00:00+09:00,215.2136263496432,218.95647202528914,215.2136263496432,216.1493377685547,19900,0.0,0.0
2011-02-08 00:00:00+09:00,218.95646475142792,229.24929001752068,216.14933058794807,222.69931030273438,46100,0.0,0.0
2011-02-09 00:00:00+09:00,224.57074734274408,224.57074734274408,218.02076721191406,218.02076721191406,27800,0.0,0.0
2011-02-10 00:00:00+09:00,218.9564666748047,221.7636008629432,217.08504388271234,218.9564666748047,8400,0.0,0.0
2011-02-14 00:00:00+09:00,221.76360421688,221.76360421688,216.14933575569316,219.89218139648438,27500,0.0,0.0
2011-02-15 00:00:00+09:00,221.7636228658385,221.7636228658385,218.02077691029695,220.82791137695312,14600,0.0,0.0
2011-02-16 00:00:00+09:00,219.89218139648438,221.76360421688,219.89218139648438,219.89218139648438,11000,0.0,0.0
2011-02-17 00:00:00+09:00,219.89218139648438,221.76360421688,216.14933575569316,219.89218139648438,32000,0.0,0.0
2011-02-18 00:00:00+09:00,223.63502502441406,232.99213904217197,221.76360222086248,223.63502502441406,73000,0.0,0.0
2011-02-21 00:00:00+09:00,220.82788946689703,220.82788946689703,215.21362109062,218.9564666748047,37300,0.0,0.0
2011-02-22 00:00:00+09:00,218.95646527552708,218.95646527552708,213.34219693512895,214.2779083251953,32800,0.0,0.0
2011-02-23 00:00:00+09:00,210.53507128476045,215.2136284244218,210.53507128476045,212.406494140625,4800,0.0,0.0
2011-02-24 00:00:00+09:00,213.342197487571,213.342197487571,203.98508356267754,205.85650634765625,15000,0.0,0.0
2011-02-25 00:00:00+09:00,218.95646527552708,218.95646527552708,206.79221720466447,214.2779083251953,14500,0.0,0.0
2011-02-28 00:00:00+09:00,217.08504585597828,217.08504585597828,211.4707774286685,215.213623046875,7400,0.0,0.0
2011-03-01 00:00:00+09:00,212.4064920929087,216.1493377685547,212.4064920929087,216.1493377685547,3900,0.0,0.0
2011-03-02 00:00:00+09:00,208.66364189995662,212.40648749457466,207.7279305013021,210.53506469726562,24300,0.0,0.0
2011-03-03 00:00:00+09:00,211.47078813825337,213.3422110421317,209.599365234375,209.599365234375,6500,0.0,0.0
2011-03-04 00:00:00+09:00,211.47077609592014,212.40648749457466,210.53506469726562,210.53506469726562,9500,0.0,0.0
2011-03-07 00:00:00+09:00,209.599365234375,209.599365234375,208.66365378243583,209.599365234375,3400,0.0,0.0
2011-03-08 00:00:00+09:00,209.599365234375,209.599365234375,209.599365234375,209.599365234375,0,0.0,0.0
2011-03-09 00:00:00+09:00,209.59935863597974,209.59935863597974,206.7922243685336,207.72793579101562,7500,0.0,0.0
2011-03-10 00:00:00+09:00,209.59936411957764,209.59936411957764,198.37082675602883,204.92080688476562,11900,0.0,0.0
2011-03-11 00:00:00+09:00,203.9850806826637,203.9850806826637,194.62796688988095,196.4993896484375,15600,0.0,0.0
2011-03-14 00:00:00+09:00,196.4993896484375,196.4993896484375,196.4993896484375,196.4993896484375,0,0.0,0.0
2011-03-15 00:00:00+09:00,140.3567138671875,144.0995595703125,112.28537109375,116.96392822265625,83500,0.0,0.0
2011-03-16 00:00:00+09:00,112.28538111636513,142.2281494140625,112.28538111636513,142.2281494140625,58400,0.0,0.0
2011-03-17 00:00:00+09:00,123.51388936647227,135.67813604650362,121.6424668003136,132.87100219726562,71400,0.0,0.0
2011-03-18 00:00:00+09:00,142.2281470665565,145.9709930419922,137.54958959726187,145.9709930419922,33400,0.0,0.0
2011-03-22 00:00:00+09:00,164.68520786830356,169.36376491001673,159.07093941824775,163.74949645996094,45400,0.0,0.0
2011-03-23 00:00:00+09:00,173.10660734999604,191.82083517161723,166.5566276124286,184.33514404296875,43300,0.0,0.0
2011-03-24 00:00:00+09:00,200.24223823704347,227.37786865234375,187.14227872620884,227.37786865234375,160200,0.0,0.0
2011-03-25 00:00:00+09:00,223.6350099037136,224.57072124222287,197.43509242545426,206.79220581054688,78500,0.0,0.0
2011-03-28 00:00:00+09:00,197.43512846294203,197.43512846294203,176.84947525827508,177.78518676757812,31100,0.0,0.0
2011-03-29 00:00:00+09:00,177.7851698948787,202.1136668278621,174.04232421288125,194.6279754638672,28100,0.0,0.0
2011-03-30 00:00:00+09:00,195.5636764241156,202.1136560172678,189.94940820141372,200.2422332763672,12400,0.0,0.0
2011-03-31 00:00:00+09:00,200.24223364853276,200.24223364853276,191.82083129882812,191.82083129882812,15500,0.0,0.0
2011-04-01 00:00:00+09:00,192.75654231276468,200.2422332763672,191.82083094231436,200.2422332763672,21800,0.0,0.0
2011-04-04 00:00:00+09:00,202.1136560172678,205.85650149906905,197.43509916501625,200.2422332763672,14600,0.0,0.0
2011-04-05 00:00:00+09:00,201.17795757218903,201.17795757218903,188.07799754423255,190.8851318359375,8200,0.0,0.0
2011-04-06 00:00:00+09:00,193.69225404320693,193.69225404320693,184.33514032131288,191.82083129882812,12500,0.0,0.0
2011-04-07 00:00:00+09:00,189.01370099837405,194.6279693448604,184.33514404296875,184.33514404296875,15400,0.0,0.0
2011-04-08 00:00:00+09:00,185.27086206177373,188.07799633543695,177.7851706653384,186.20657348632812,11300,0.0,0.0
2011-04-11 00:00:00+09:00,180.5923122665257,199.30654151694287,180.5923122665257,192.75656127929688,9200,0.0,0.0
2011-04-12 00:00:00+09:00,199.30653104528918,242.34925605976477,194.62797397849835,211.4707794189453,329400,0.0,0.0
2011-04-13 00:00:00+09:00,229.24929411514947,230.1850055197011,203.98508619225544,215.213623046875,91600,0.0,0.0
2011-04-14 00:00:00+09:00,221.763611974795,227.37788063238474,207.72794033082062,226.44216918945312,91000,0.0,0.0
2011-04-15 00:00:00+09:00,222.6993163792433,228.31358485939228,205.85651093879633,211.4707794189453,94300,0.0,0.0
2011-04-18 00:00:00+09:00,218.95646998628658,223.63502703727562,215.21362434549536,219.89218139648438,27400,0.0,0.0
2011-04-19 00:00:00+09:00,215.21363174706175,215.21363174706175,210.5350745351691,213.3422088623047,19300,0.0,0.0
2011-04-20 00:00:00+09:00,213.34218845119725,288.1990966796875,204.9207862754921,288.1990966796875,1534300,0.0,0.0
2011-04-21 00:00:00+09:00,265.7420285403074,273.2277194851047,247.0278011783139,255.44920349121094,539800,0.0,0.0
2011-04-22 00:00:00+09:00,250.77067467287011,253.57780909085,236.73500258297068,246.0921173095703,182700,0.0,0.0
2011-04-25 00:00:00+09:00,241.41358220880682,276.0349098899148,241.41358220880682,257.3206787109375,302900,0.0,0.0
2011-04-26 00:00:00+09:00,264.8063587796861,267.6134933250538,252.64210908309272,258.2563781738281,147200,0.0,0.0
2011-04-27 00:00:00+09:00,264.8063171722077,264.8063171722077,241.41353296971585,255.44920349121094,118000,0.0,0.0
2011-04-28 00:00:00+09:00,252.64210094105115,259.1920813358191,243.2849860913826,247.02783203125,61200,0.0,0.0
2011-05-02 00:00:00+09:00,248.8992156982422,252.64206104708794,241.4135250005507,248.8992156982422,51200,0.0,0.0
2011-05-06 00:00:00+09:00,270.42060290861275,323.75615434733567,259.1920657636184,307.84906005859375,898300,0.0,0.0
2011-05-09 00:00:00+09:00,326.5633050969877,382.70599365234375,315.3347673859165,382.70599365234375,1233100,0.0,0.0
2011-05-10 00:00:00+09:00,326.5633050969877,382.70599365234375,315.3347673859165,382.70599365234375,1233100,0.0,0.0
2011-05-11 00:00:00+09:00,514.6412923092136,528.6769639176466,421.0701482529929,448.2057800292969,1570500,0.0,0.0
2011-05-12 00:00:00+09:00,418.26302374682376,458.4986166352207,373.3488735458226,385.51312255859375,1197900,0.0,0.0
2011-05-13 00:00:00+09:00,396.741669625947,405.1630729906487,334.9847116181345,370.541748046875,1071400,0.0,0.0
2011-05-16 00:00:00+09:00,369.6059970715122,392.0630703113003,349.9560579866976,380.83453369140625,903100,0.0,0.0
2011-05-17 00:00:00+09:00,389.2559777462121,402.3559385357481,370.541748046875,370.541748046875,842000,0.0,0.0
2011-05-18 00:00:00+09:00,378.02741551998275,378.02741551998275,350.8917842079048,372.41314697265625,356400,0.0,0.0
2011-05-19 00:00:00+09:00,374.2845305169236,388.32020041130824,343.4060567492774,349.02032470703125,415300,0.0,0.0
2011-05-20 00:00:00+09:00,344.3418546597633,345.27756622133876,313.46337312777365,316.2705078125,431100,0.0,0.0
2011-05-23 00:00:00+09:00,327.4990242971501,379.8988681846941,316.2704863212478,332.1775817871094,1354300,0.0,0.0
2011-05-24 00:00:00+09:00,317.20618536533453,353.69893235426684,309.7204936752972,328.4347229003906,631800,0.0,0.0
2011-05-25 00:00:00+09:00,349.02041246764054,357.44181652181953,315.33479625092457,316.2705078125,433100,0.0,0.0
2011-05-26 00:00:00+09:00,319.0776172306227,348.08467334249747,319.0776172306227,344.3418273925781,415000,0.0,0.0
2011-05-27 00:00:00+09:00,336.85613373661283,373.34888155807926,334.9847107714094,365.8631896972656,559700,0.0,0.0
2011-05-30 00:00:00+09:00,365.8631896972656,365.8631896972656,365.8631896972656,365.8631896972656,0,0.0,0.0
2011-05-31 00:00:00+09:00,365.8631896972656,365.8631896972656,365.8631896972656,365.8631896972656,0,0.0,0.0
2011-06-01 00:00:00+09:00,355.5703363973628,366.79887333622685,350.89177933950276,353.69891357421875,110600,0.0,0.0
2011-06-02 00:00:00+09:00,338.72751673256477,355.5703214319741,336.856093988186,345.2774963378906,100700,0.0,0.0
2011-06-03 00:00:00+09:00,349.02034182664823,350.89176457102707,344.3417849657012,345.2774963378906,89500,0.0,0.0
2011-06-06 00:00:00+09:00,341.5346612369313,345.2775068395278,317.20616482005397,318.1418762207031,171700,0.0,0.0
2011-06-07 00:00:00+09:00,307.8490457340163,329.37040759384115,288.199106644611,320.9490051269531,348800,0.0,0.0
2011-06-08 00:00:00+09:00,324.6918546306553,327.4989888205457,312.5276064744636,313.46331787109375,74900,0.0,0.0
2011-06-09 00:00:00+09:00,304.1062316894531,308.7847891000601,296.62053983248194,304.1062316894531,106700,0.0,0.0
2011-06-10 00:00:00+09:00,311.591878445349,318.1418578721281,300.36334228515625,300.36334228515625,69500,0.0,0.0
2011-06-13 00:00:00+09:00,313.463325395976,348.08464790239725,308.7847683005137,341.53466796875,378500,0.0,0.0
2011-06-14 00:00:00+09:00,355.57036524233615,369.6060375545336,337.7918469802193,344.3418273925781,398900,0.0,0.0
2011-06-15 00:00:00+09:00,350.89181174694653,355.5703692369058,332.1775817871094,332.1775817871094,103400,0.0,0.0
2011-06-16 00:00:00+09:00,322.82044237310237,342.470382343639,322.82044237310237,329.37042236328125,66500,0.0,0.0
2011-06-17 00:00:00+09:00,330.3061230104361,336.85610278684703,313.46331787109375,313.46331787109375,70300,0.0,0.0
2011-06-20 00:00:00+09:00,320.9490051269531,330.3061189790509,312.52760266006516,320.9490051269531,38000,0.0,0.0
2011-06-21 00:00:00+09:00,326.56329263666623,358.37748160413514,323.7561583160072,348.08465576171875,149200,0.0,0.0
2011-06-22 00:00:00+09:00,355.5703363973628,367.73458474779886,346.2132222816427,353.69891357421875,198400,0.0,0.0
2011-06-23 00:00:00+09:00,368.6702771346535,394.8701953066593,351.8274725955069,391.1273498535156,501100,0.0,0.0
2011-06-24 00:00:00+09:00,398.61306074426534,461.30572522751834,395.8059265136719,439.78436279296875,2244300,0.0,0.0
2011-06-27 00:00:00+09:00,453.8200675860251,497.7985071252894,451.9486446269075,480.0199890136719,1816100,0.0,0.0
2011-06-28 00:00:00+09:00,453.8200530681894,480.95568510731823,440.7200927734375,440.7200927734375,866800,0.0,0.0
2011-06-29 00:00:00+09:00,447.2700701678241,509.96273690682875,427.6201298466435,505.2841796875,1911700,0.0,0.0
2011-06-30 00:00:00+09:00,509.96268568860455,535.2268921355629,488.4413246411956,499.66986083984375,2014400,0.0,0.0
2011-07-01 00:00:00+09:00,500.6055637193133,528.6769037409571,489.3770277106558,493.119873046875,876200,0.0,0.0
2011-07-04 00:00:00+09:00,514.6412440708706,577.3339047122312,509.9626873065899,576.398193359375,2148700,0.0,0.0
2011-07-05 00:00:00+09:00,553.9412026669381,584.8196818696559,531.4841268831433,574.52685546875,1728600,0.0,0.0
2011-07-06 00:00:00+09:00,576.398317732901,596.0482603828862,545.5198364257812,545.5198364257812,1141800,0.0,0.0
2011-07-07 00:00:00+09:00,545.5197907063498,546.45550218269,501.5413513183594,501.5413513183594,855100,0.0,0.0
2011-07-08 00:00:00+09:00,509.0270134155499,538.0340674888624,503.41274488523135,506.2198791503906,733800,0.0,0.0
2011-07-11 00:00:00+09:00,506.2199533913352,526.8056076882102,506.2199533913352,514.641357421875,313400,0.0,0.0
2011-07-12 00:00:00+09:00,489.3770781872319,495.9270582012102,467.8557152841605,477.21282958984375,545100,0.0,0.0
2011-07-13 00:00:00+09:00,486.5699693705836,491.2485267683777,463.17718238161325,480.0199890136719,430200,0.0,0.0
2011-07-14 00:00:00+09:00,490.312787109375,491.2484985351563,466.9200014648437,467.855712890625,330500,0.0,0.0
2011-07-15 00:00:00+09:00,490.312787109375,491.2484985351563,466.9200014648437,467.855712890625,330500,0.0,0.0
2011-07-19 00:00:00+09:00,491.2485080295139,522.1269856770833,477.2128363715278,505.2841796875,1470700,0.0,0.0
2011-07-20 00:00:00+09:00,486.56995721364297,501.5413405125243,478.14855410802227,480.9556884765625,714900,0.0,0.0
2011-07-21 00:00:00+09:00,486.5699693705836,494.05566120705413,467.8557397794073,480.0199890136719,316600,0.0,0.0
2011-07-22 00:00:00+09:00,477.21285643130824,494.9913746120825,469.7271645657191,489.3771057128906,339500,0.0,0.0
2011-07-25 00:00:00+09:00,509.96275460542137,525.8698497032051,496.86279393665825,501.5413513183594,710000,0.0,0.0
2011-07-26 00:00:00+09:00,482.8271113889227,490.3128030383633,472.53428537094175,480.9556884765625,328100,0.0,0.0
2011-07-27 00:00:00+09:00,467.8556792590083,471.5985246930803,456.6271429567921,458.4985656738281,191100,0.0,0.0
2011-07-28 00:00:00+09:00,447.2700444517177,453.8200241821822,428.5558166503906,428.5558166503906,232400,0.0,0.0
2011-07-29 00:00:00+09:00,428.55583149678,448.20577136890313,415.45587158203125,415.45587158203125,190800,0.0,0.0
2011-08-01 00:00:00+09:00,421.0701449164029,439.78437357935417,409.84160771863213,434.17010498046875,204200,0.0,0.0
2011-08-02 00:00:00+09:00,422.00586482456754,430.4272678920201,412.6487503051758,419.19873046875,105900,0.0,0.0
2011-08-03 00:00:00+09:00,405.1630165923929,407.9701506565434,392.99876898107397,398.613037109375,125400,0.0,0.0
2011-08-04 00:00:00+09:00,409.84158991033377,429.49152915261004,403.29161016290834,411.7130126953125,139800,0.0,0.0
2011-08-05 00:00:00+09:00,374.28453233506946,388.3202022976346,370.54168701171875,387.3844909667969,194400,0.0,0.0
2011-08-08 00:00:00+09:00,380.83452848108806,384.57737396984567,342.47036222132243,345.2774963378906,161400,0.0,0.0
2011-08-09 00:00:00+09:00,315.33478553927677,378.02745803521606,308.78480483074577,366.7989196777344,272900,0.0,0.0
2011-08-10 00:00:00+09:00,378.9631086077009,404.2273158482143,378.9631086077009,392.998779296875,256300,0.0,0.0
2011-08-11 00:00:00+09:00,368.67031307444853,397.6773681640625,366.79889016544115,397.6773681640625,126600,0.0,0.0
2011-08-12 00:00:00+09:00,411.7130456716528,426.68442915062207,386.44883605089234,394.8702392578125,108400,0.0,0.0
2011-08-15 00:00:00+09:00,396.74165015975916,400.4844959159833,392.063092964479,395.8059387207031,44500,0.0,0.0
2011-08-16 00:00:00+09:00,401.4201993942261,405.1630450762235,387.38452808673566,389.2559509277344,62700,0.0,0.0
2011-08-17 00:00:00+09:00,381.770263671875,384.57739796358,376.1559950884651,381.770263671875,57800,0.0,0.0
2011-08-18 00:00:00+09:00,372.4131766360528,373.3488881351384,359.31321564885496,367.734619140625,110500,0.0,0.0
2011-08-19 00:00:00+09:00,347.14898174356347,360.24894331879227,344.34184712030014,354.6346740722656,75600,0.0,0.0
2011-08-22 00:00:00+09:00,354.63464705670464,368.67031910380376,342.47039794921875,342.47039794921875,58300,0.0,0.0
2011-08-23 00:00:00+09:00,357.44173985734767,369.6059875488281,338.72751263968553,369.6059875488281,109700,0.0,0.0
2011-08-24 00:00:00+09:00,382.7059601317061,391.12736267739155,350.8917727368943,351.8274841308594,176800,0.0,0.0
2011-08-25 00:00:00+09:00,360.24890679963596,367.73459836949854,356.50606101470464,357.4417724609375,53100,0.0,0.0
2011-08-26 00:00:00+09:00,356.5060748712486,366.7989011798673,355.5703633886469,365.8631896972656,29000,0.0,0.0
2011-08-29 00:00:00+09:00,385.51313368322815,385.51313368322815,375.2203072984817,379.89886474609375,50800,0.0,0.0
2011-08-30 00:00:00+09:00,379.89883265825995,420.1344233092579,378.9631212477716,418.26300048828125,282700,0.0,0.0
2011-08-31 00:00:00+09:00,430.427286874478,436.9772673269157,411.7130570103703,420.13446044921875,215300,0.0,0.0
2011-09-01 00:00:00+09:00,421.07015113308006,426.6844198148545,407.9701908756065,409.84161376953125,75300,0.0,0.0
2011-09-02 00:00:00+09:00,407.03446755376655,410.7773132324219,398.6130647767921,410.7773132324219,55300,0.0,0.0
2011-09-05 00:00:00+09:00,405.16307774632105,407.0345007382209,389.2559823151722,393.9345397949219,35500,0.0,0.0
2011-09-06 00:00:00+09:00,385.51310431096977,387.38452714743073,363.0560302734375,363.0560302734375,94600,0.0,0.0
2011-09-07 00:00:00+09:00,372.41317101680875,378.0274399266099,365.86319062204075,370.541748046875,41500,0.0,0.0
2011-09-08 00:00:00+09:00,375.22030452328266,375.22030452328266,360.2489208016554,365.8631896972656,46700,0.0,0.0
2011-09-09 00:00:00+09:00,361.18461279931006,367.73459282416803,359.31318993506494,360.2489013671875,29800,0.0,0.0
2011-09-12 00:00:00+09:00,349.02037157331193,350.89179447719033,332.1775654384068,340.5989685058594,82600,0.0,0.0
2011-09-13 00:00:00+09:00,343.4060514652529,349.0203193366195,334.0489383463087,334.9846496582031,44500,0.0,0.0
2011-09-14 00:00:00+09:00,333.113315920858,334.98473904400885,316.2705078125,316.2705078125,63900,0.0,0.0
2011-09-15 00:00:00+09:00,319.07758483886715,326.5632759787819,301.2990683815696,308.7847595214844,51300,0.0,0.0
2011-09-16 00:00:00+09:00,311.59190408228454,344.3418039107529,308.78476981127295,324.6918640136719,245200,0.0,0.0
2011-09-20 00:00:00+09:00,311.59190577359186,318.1418857748385,304.10621434359564,307.84906005859375,71000,0.0,0.0
2011-09-21 00:00:00+09:00,309.72046266916,309.72046266916,302.2347717285156,302.2347717285156,45900,0.0,0.0
2011-09-22 00:00:00+09:00,296.6205484490646,296.6205484490646,280.71345279091287,284.456298828125,61600,0.0,0.0
2011-09-26 00:00:00+09:00,324.6918501853943,345.27750062942505,299.4276428222656,299.4276428222656,415900,0.0,0.0
2011-09-27 00:00:00+09:00,322.8203933303421,322.8203933303421,301.29903377498596,311.59185791015625,108700,0.0,0.0
2011-09-28 00:00:00+09:00,317.20616345761425,317.20616345761425,311.5918950778335,313.46331787109375,51700,0.0,0.0
2011-09-29 00:00:00+09:00,299.42766162249285,326.56329345703125,294.7491044096414,326.56329345703125,112300,0.0,0.0
2011-09-30 00:00:00+09:00,329.37040759384115,332.17754174947044,313.46331404527496,320.9490051269531,82300,0.0,0.0
2011-10-03 00:00:00+09:00,318.1418748542444,320.9490090441348,308.7847608879431,313.46331787109375,29500,0.0,0.0
2011-10-04 00:00:00+09:00,305.97764259759634,305.97764259759634,290.07054802830237,305.04193115234375,38900,0.0,0.0
2011-10-05 00:00:00+09:00,305.04193446735223,316.27047193240816,292.877685546875,292.877685546875,42400,0.0,0.0
2011-10-06 00:00:00+09:00,330.30615917720263,367.734619140625,330.30615917720263,367.734619140625,219800,0.0,0.0
2011-10-07 00:00:00+09:00,411.7130120756662,429.49152850620635,364.9274425216133,368.6702880859375,1245000,0.0,0.0
2011-10-11 00:00:00+09:00,378.96310213079863,416.39155666223553,373.34883395108307,391.1273498535156,314100,0.0,0.0
2011-10-12 00:00:00+09:00,391.12735936364464,404.22731876816863,385.51309104742006,402.35589599609375,173000,0.0,0.0
2011-10-13 00:00:00+09:00,416.3915776673046,434.1700944665828,412.6487320253513,418.26300048828125,396300,0.0,0.0
2011-10-14 00:00:00+09:00,421.07012662020594,421.07012662020594,396.7416304154829,411.7130126953125,181800,0.0,0.0
2011-10-17 00:00:00+09:00,407.9701613653274,409.84158412388393,386.4487996419271,392.998779296875,109800,0.0,0.0
2011-10-18 00:00:00+09:00,377.0917162378729,383.64169642066474,363.0560444176047,371.4774475097656,138400,0.0,0.0
2011-10-19 00:00:00+09:00,392.99877782614834,411.71300534167926,375.22026168639405,388.3202209472656,294000,0.0,0.0
2011-10-20 00:00:00+09:00,401.420160929362,402.35587226019965,381.77022298177087,387.3844909667969,89500,0.0,0.0
2011-10-21 00:00:00+09:00,372.4131654820645,382.70599166372966,372.4131654820645,373.348876953125,50700,0.0,0.0
2011-10-24 00:00:00+09:00,381.77033058449075,383.6417537736304,372.41321463879245,378.96319580078125,55400,0.0,0.0
2011-10-25 00:00:00+09:00,356.5060850444593,368.67033466539885,351.8275274979441,355.57037353515625,123000,0.0,0.0
2011-10-26 00:00:00+09:00,351.82751560962106,358.37749595341717,347.14895822119524,356.5060729980469,52600,0.0,0.0
2011-10-27 00:00:00+09:00,356.50598911594705,356.50598911594705,344.3417427681588,346.2131652832031,39000,0.0,0.0
2011-10-28 00:00:00+09:00,351.8274868189362,366.79886923676327,348.08464121447946,361.1846008300781,60300,0.0,0.0
2011-10-31 00:00:00+09:00,376.1560113663064,380.8345687216087,368.6703195978227,373.348876953125,80600,0.0,0.0
2011-11-01 00:00:00+09:00,368.6703042562906,369.60601568841315,360.2489013671875,360.2489013671875,33000,0.0,0.0
2011-11-02 00:00:00+09:00,352.7631955248244,355.5703297067196,349.9560613429293,351.8274841308594,26300,0.0,0.0
2011-11-04 00:00:00+09:00,357.4417524946497,358.3774638886147,347.1489271610341,351.8274841308594,37100,0.0,0.0
2011-11-07 00:00:00+09:00,351.82743282833616,356.50598911594705,346.2131652832031,346.2131652832031,33600,0.0,0.0
2011-11-08 00:00:00+09:00,349.02037504799347,351.8275094317575,327.499011439136,328.4347229003906,59300,0.0,0.0
2011-11-09 00:00:00+09:00,328.434709708354,330.30613255569506,320.01330689531926,324.6918640136719,26500,0.0,0.0
2011-11-10 00:00:00+09:00,313.46331648393107,317.2061620538885,307.84904812899504,308.7847595214844,48800,0.0,0.0
2011-11-11 00:00:00+09:00,309.7204856768616,356.5060575313724,304.1062170543203,343.4060974121094,60900,0.0,0.0
2011-11-14 00:00:00+09:00,338.72755846769917,349.95609631745714,336.8561354927395,344.3418273925781,25700,0.0,0.0
2011-11-15 00:00:00+09:00,329.370393469888,339.66321826582197,327.49897077971815,334.0489501953125,31700,0.0,0.0
2011-11-16 00:00:00+09:00,324.691882517146,336.8561317180765,320.9490366091673,325.6275939941406,23300,0.0,0.0
2011-11-17 00:00:00+09:00,320.94902366815614,324.6918694252192,315.33475503256153,321.8847351074219,30700,0.0,0.0
2011-11-18 00:00:00+09:00,312.52760781680837,321.8847218232996,310.6561850155101,318.1418762207031,26800,0.0,0.0
2011-11-21 00:00:00+09:00,311.5918936989524,315.3347392689098,308.7847595214844,308.7847595214844,23700,0.0,0.0
2011-11-22 00:00:00+09:00,308.7847595214844,308.7847595214844,308.7847595214844,308.7847595214844,0,0.0,0.0
2011-11-24 00:00:00+09:00,299.4276455965909,309.7204709139737,298.49193420410154,308.7847595214844,21600,0.0,0.0
2011-11-25 00:00:00+09:00,310.65617281347926,348.0846273693202,310.65617281347926,335.9203796386719,165200,0.0,0.0
2011-11-28 00:00:00+09:00,334.9847125177798,366.7989030920941,332.17757805534035,344.3418273925781,165500,0.0,0.0
2011-11-29 00:00:00+09:00,347.1489229070183,359.3131708795014,333.11325216953776,337.79180908203125,96100,0.0,0.0
2011-11-30 00:00:00+09:00,339.66326614906046,339.66326614906046,320.01332513217267,325.6275939941406,38500,0.0,0.0
2011-12-01 00:00:00+09:00,329.3703832653986,332.1775172136832,322.8204040527344,322.8204040527344,28800,0.0,0.0
2011-12-02 00:00:00+09:00,323.75615134434395,329.3704198647661,312.52761430349966,320.0133056640625,48400,0.0,0.0
2011-12-05 00:00:00+09:00,322.82046680719077,339.6632737710442,320.01333231321524,332.1775817871094,46500,0.0,0.0
2011-12-06 00:00:00+09:00,332.1775554030361,334.9846896740477,318.14188404797824,324.6918640136719,41500,0.0,0.0
2011-12-07 00:00:00+09:00,324.69187705537195,329.3704343616453,313.46333952031586,328.4347229003906,59600,0.0,0.0
2011-12-08 00:00:00+09:00,323.7561153688292,333.1132285297781,318.14184747225994,322.8204040527344,29400,0.0,0.0
2011-12-09 00:00:00+09:00,318.1418762207031,324.69185602524703,314.3990306181066,318.1418762207031,28800,0.0,0.0
2011-12-12 00:00:00+09:00,321.88471129312677,334.984670473661,319.0775771830123,323.7561340332031,40800,0.0,0.0
2011-12-13 00:00:00+09:00,325.6275808644849,325.6275808644849,318.14188935035884,321.8847351074219,33500,0.0,0.0
2011-12-14 00:00:00+09:00,320.9490656203772,320.9490656203772,315.33479625092457,316.2705078125,22400,0.0,0.0
2011-12-15 00:00:00+09:00,314.3990704571759,314.3990704571759,301.2991091881269,303.1705322265625,53000,0.0,0.0
2011-12-16 00:00:00+09:00,314.3990704571759,314.3990704571759,301.2991091881269,303.1705322265625,53000,0.0,0.0
2011-12-19 00:00:00+09:00,304.1062025590376,320.0132962313565,304.1062025590376,308.7847595214844,50000,0.0,0.0
2011-12-20 00:00:00+09:00,308.7847673999096,317.2061701471799,307.84905598354624,315.3347473144531,28900,0.0,0.0
2011-12-21 00:00:00+09:00,322.8204887435281,323.75620030510356,314.3990846893491,316.2705078125,24600,0.0,0.0
2011-12-22 00:00:00+09:00,312.5276172023414,313.4633286310909,307.84906005859375,307.84906005859375,28100,0.0,0.0
2011-12-26 00:00:00+09:00,307.84906005859375,307.84906005859375,307.84906005859375,307.84906005859375,0,0.0,0.0
2011-12-27 00:00:00+09:00,302.2347717285156,308.78475130157943,302.2347717285156,302.2347717285156,22000,0.0,0.0
2011-12-28 00:00:00+09:00,298.4919665409968,299.4276780348558,291.00627459012543,291.9419860839844,38200,0.0,0.0
2011-12-29 00:00:00+09:00,291.9419569141857,296.6205139160156,290.0705341134538,296.6205139160156,20900,0.0,0.0
2011-12-30 00:00:00+09:00,298.4919665409968,298.4919665409968,290.07056309626654,291.9419860839844,32400,0.0,0.0
2012-01-04 00:00:00+09:00,292.8776617140997,302.23477550688244,291.94195033482146,294.74908447265625,28700,0.0,0.0
2012-01-05 00:00:00+09:00,292.8776419376981,339.66320774244224,291.00621930550835,322.8204040527344,397200,0.0,0.0
2012-01-06 00:00:00+09:00,322.8204887435281,323.75620030510356,305.04196907359466,316.2705078125,107000,0.0,0.0
2012-01-10 00:00:00+09:00,316.27046291733944,317.20617434608897,305.04192577234517,307.84906005859375,30300,0.0,0.0
2012-01-11 00:00:00+09:00,314.3990210556402,314.3990210556402,305.9776187059356,306.913330078125,20800,0.0,0.0
2012-01-12 00:00:00+09:00,306.9133406929348,311.59189771569294,300.3633608610734,301.299072265625,38100,0.0,0.0
2012-01-13 00:00:00+09:00,301.299072265625,303.17049507472825,299.42764945652175,301.299072265625,20400,0.0,0.0
2012-01-16 00:00:00+09:00,299.4276428222656,305.0419111251831,297.55622005462646,299.4276428222656,24100,0.0,0.0
2012-01-17 00:00:00+09:00,300.36334691728865,320.0132855006627,299.4276355561756,314.3990173339844,65700,0.0,0.0
2012-01-18 00:00:00+09:00,316.27044380001905,319.07757791658724,305.9776187059356,306.913330078125,46400,0.0,0.0
2012-01-19 00:00:00+09:00,366.79888078278185,381.770263671875,361.18461219937194,381.770263671875,624000,0.0,0.0
2012-01-20 00:00:00+09:00,404.2273183161855,446.33433064078815,365.86315153154754,380.83453369140625,1653500,0.0,0.0
2012-01-23 00:00:00+09:00,363.05602768993884,370.5417189825149,346.2132222816427,353.69891357421875,290900,0.0,0.0
2012-01-24 00:00:00+09:00,342.47037938784246,358.3774735124144,336.85611087328766,341.53466796875,264100,0.0,0.0
2012-01-25 00:00:00+09:00,337.7918222923802,351.82749357876713,331.24184235873287,341.53466796875,161800,0.0,0.0
2012-01-26 00:00:00+09:00,350.8917821596747,350.8917821596747,341.53466796875,341.53466796875,76900,0.0,0.0
2012-01-27 00:00:00+09:00,368.670276187945,400.4844624579707,360.248873939997,369.6059875488281,703000,0.0,0.0
2012-01-30 00:00:00+09:00,387.3845469026149,388.3202583685632,345.27753093493936,363.99176025390625,199400,0.0,0.0
2012-01-31 00:00:00+09:00,356.5060971544412,363.0560779420556,350.89182790791455,354.6346740722656,66400,0.0,0.0
2012-02-01 00:00:00+09:00,354.63464132544374,371.4774475097656,345.27752677859826,371.4774475097656,80800,0.0,0.0
2012-02-02 00:00:00+09:00,369.6060542671048,374.2846119160555,357.441804379833,366.7989196777344,104200,0.0,0.0
2012-02-03 00:00:00+09:00,387.3845050048828,395.8059072875977,372.41312316894533,374.2845458984375,277100,0.0,0.0
2012-02-06 00:00:00+09:00,368.670313145712,380.8345620566111,367.7346016910274,371.4774475097656,49700,0.0,0.0
2012-02-07 00:00:00+09:00,373.34883299236054,373.34883299236054,363.0560080226463,369.6059875488281,39100,0.0,0.0
2012-02-08 00:00:00+09:00,367.73459950528405,367.73459950528405,357.4417735649326,362.1203308105469,55700,0.0,0.0
2012-02-09 00:00:00+09:00,361.18461279931006,364.9274585278003,357.4417670708198,360.2489013671875,27000,0.0,0.0
2012-02-10 00:00:00+09:00,363.99173910151086,363.99173910151086,350.89177933950276,353.69891357421875,42200,0.0,0.0
2012-02-13 00:00:00+09:00,356.5060438245072,363.9917350334207,354.6346210222788,361.1846008300781,50000,0.0,0.0
2012-02-14 00:00:00+09:00,361.18461936142404,363.9917537087926,353.69892776844114,362.1203308105469,32400,0.0,0.0
2012-02-15 00:00:00+09:00,399.5488060260641,408.9059209212881,375.2203072984817,379.89886474609375,475500,0.0,0.0
2012-02-16 00:00:00+09:00,378.0273913574219,384.5773709106445,372.41312316894533,374.2845458984375,84400,0.0,0.0
2012-02-17 00:00:00+09:00,375.2202572631836,379.89881408691406,371.4774118041992,374.2845458984375,61100,0.0,0.0
2012-02-20 00:00:00+09:00,376.155971620141,398.61304455268674,375.2202602479516,383.64166259765625,178600,0.0,0.0
2012-02-21 00:00:00+09:00,383.64166259765625,396.7416218083079,375.2202602479516,383.64166259765625,108700,0.0,0.0
2012-02-22 00:00:00+09:00,383.64168116065997,392.0630839178452,380.8345469082649,384.577392578125,66700,0.0,0.0
2012-02-23 00:00:00+09:00,388.3202194586033,388.3202194586033,380.83452848108806,383.64166259765625,40500,0.0,0.0
2012-02-24 00:00:00+09:00,383.64166550409226,395.80591343470985,382.705954124814,392.998779296875,130900,0.0,0.0
2012-02-27 00:00:00+09:00,399.54879449640663,404.2273518090109,384.57741109607286,385.51312255859375,176700,0.0,0.0
2012-02-28 00:00:00+09:00,375.2203072984817,380.8345762356161,374.28459580895935,379.89886474609375,72600,0.0,0.0
2012-02-29 00:00:00+09:00,378.0273793665251,380.83451337172204,375.2202453613281,375.2202453613281,59800,0.0,0.0
2012-03-01 00:00:00+09:00,375.22029332850383,382.70598496598024,371.4774475097656,371.4774475097656,53700,0.0,0.0
2012-03-02 00:00:00+09:00,378.0274658203125,383.6417351146736,373.34890807501165,378.0274658203125,48300,0.0,0.0
2012-03-05 00:00:00+09:00,378.02735556325604,381.77020066784274,374.28451045866933,377.0916442871094,42100,0.0,0.0
2012-03-06 00:00:00+09:00,377.0916442871094,377.0916442871094,377.0916442871094,377.0916442871094,0,0.0,0.0
2012-03-07 00:00:00+09:00,376.15596862792967,378.0273913574219,373.3488345336914,374.2845458984375,30500,0.0,0.0
2012-03-08 00:00:00+09:00,374.2845458984375,374.2845458984375,374.2845458984375,374.2845458984375,0,0.0,0.0
2012-03-09 00:00:00+09:00,378.0273793665251,378.0273793665251,374.28453402626246,375.2202453613281,27700,0.0,0.0
2012-03-12 00:00:00+09:00,375.2202453613281,375.2202453613281,375.2202453613281,375.2202453613281,0,0.0,0.0
2012-03-13 00:00:00+09:00,386.4487796359592,389.25591362847223,381.77022298177087,387.3844909667969,74400,0.0,0.0
2012-03-14 00:00:00+09:00,388.32026250787936,389.25597398380194,379.8988592245759,382.70599365234375,59700,0.0,0.0
2012-03-15 00:00:00+09:00,382.70592396294893,382.70592396294893,374.284522213153,376.15594482421875,49700,0.0,0.0
2012-03-16 00:00:00+09:00,377.0917726116416,378.96319580078125,374.2846378279321,378.96319580078125,35400,0.0,0.0
2012-03-19 00:00:00+09:00,376.15596862792967,377.0916799926758,372.41312316894533,374.2845458984375,30900,0.0,0.0
2012-03-21 00:00:00+09:00,373.34883299236054,373.34883299236054,366.7988534661788,369.6059875488281,29500,0.0,0.0
2012-03-22 00:00:00+09:00,421.07017317746994,441.6558260883685,389.2559823151722,393.9345397949219,1034000,0.0,0.0
2012-03-23 00:00:00+09:00,430.42727821751646,444.462950333305,401.4202225115534,408.9059143066406,953000,0.0,0.0
2012-03-26 00:00:00+09:00,401.4202251570891,406.09878255985234,390.1916873904572,392.0631103515625,138000,0.0,0.0
2012-03-27 00:00:00+09:00,399.54873826768664,400.48444959852435,379.8988003200955,387.3844909667969,103300,0.0,0.0
2012-03-28 00:00:00+09:00,392.9987966097318,396.7416422917293,383.6416824047382,389.2559509277344,44800,0.0,0.0
2012-03-29 00:00:00+09:00,388.3202022976346,391.1273362901476,380.83451165093317,387.3844909667969,61400,0.0,0.0
2012-03-30 00:00:00+09:00,391.1273923732108,391.1273923732108,383.6417006531493,390.1916809082031,31700,0.0,0.0
2012-04-02 00:00:00+09:00,384.5773553423915,406.0987158603356,384.5773553423915,399.5487365722656,118700,0.0,0.0
2012-04-03 00:00:00+09:00,399.54880408084756,403.291650020715,390.191689231179,401.42022705078125,68200,0.0,0.0
2012-04-04 00:00:00+09:00,396.7416477896111,398.61307065654324,385.5131105880183,386.4488220214844,82700,0.0,0.0
2012-04-05 00:00:00+09:00,387.3844909667969,390.19162495930993,383.6416456434462,387.3844909667969,63800,0.0,0.0
2012-04-06 00:00:00+09:00,386.4488166662363,392.9987966097318,384.5773938252376,389.2559509277344,42500,0.0,0.0
2012-04-09 00:00:00+09:00,385.5131280801115,388.32026250787936,382.70599365234375,382.70599365234375,41500,0.0,0.0
2012-04-10 00:00:00+09:00,382.7060235656134,388.3202928599745,377.09175427125234,378.0274658203125,46800,0.0,0.0
2012-04-11 00:00:00+09:00,376.15601878800413,382.70599921466095,373.34888431943693,379.89886474609375,25100,0.0,0.0
2012-04-12 00:00:00+09:00,379.89881408691406,379.89881408691406,372.41312316894533,374.2845458984375,29600,0.0,0.0
2012-04-13 00:00:00+09:00,373.34888431943693,379.89886474609375,373.34888431943693,379.89886474609375,27400,0.0,0.0
2012-04-16 00:00:00+09:00,380.83452545166017,380.83452545166017,374.2845458984375,374.2845458984375,19300,0.0,0.0
2012-04-17 00:00:00+09:00,375.2202812463195,376.1559926708739,372.41314697265625,372.41314697265625,21500,0.0,0.0
2012-04-18 00:00:00+09:00,374.28453402626246,378.9630907015908,374.28453402626246,375.2202453613281,16500,0.0,0.0
2012-04-19 00:00:00+09:00,372.41312316894533,377.0916799926758,371.4774118041992,374.2845458984375,18000,0.0,0.0
2012-04-20 00:00:00+09:00,372.4131654820645,373.348876953125,369.60603106888317,373.348876953125,23100,0.0,0.0
2012-04-23 00:00:00+09:00,378.0274842062114,386.4488885573399,373.34892623336225,378.96319580078125,60900,0.0,0.0
2012-04-24 00:00:00+09:00,365.8631766070383,374.28457964914406,356.50606211580975,362.1203308105469,70800,0.0,0.0
2012-04-25 00:00:00+09:00,362.12029512845555,369.60598598382416,357.4417383438502,364.92742919921875,43500,0.0,0.0
2012-04-26 00:00:00+09:00,364.92742919921875,369.60598598382416,363.9917178422977,364.92742919921875,39600,0.0,0.0
2012-04-27 00:00:00+09:00,370.54174051554463,370.54174051554463,363.99176025390625,363.99176025390625,21900,0.0,0.0
2012-05-01 00:00:00+09:00,363.0560302734375,382.7059700562782,358.377473182285,363.0560302734375,58800,0.0,0.0
2012-05-02 00:00:00+09:00,363.0560302734375,382.7059700562782,358.377473182285,363.0560302734375,58800,0.0,0.0
2012-05-07 00:00:00+09:00,355.5703692369058,355.5703692369058,332.1775817871094,332.1775817871094,48400,0.0,0.0
2012-05-08 00:00:00+09:00,336.8561173524779,348.0846545975605,336.8561173524779,343.4060974121094,25800,0.0,0.0
2012-05-09 00:00:00+09:00,339.6632451305651,341.53466796875,327.49899668236304,341.53466796875,24800,0.0,0.0
2012-05-10 00:00:00+09:00,319.0775771830123,327.4989795133558,317.206154442936,323.7561340332031,71700,0.0,0.0
2012-05-11 00:00:00+09:00,321.88471044770705,332.177535491093,301.2990603609351,302.2347717285156,45100,0.0,0.0
2012-05-14 00:00:00+09:00,303.1704534715222,313.4632775091356,288.1990730531754,290.07049560546875,50700,0.0,0.0
2012-05-15 00:00:00+09:00,261.99921490394905,278.8420215763458,257.32065749494996,273.2277526855469,72400,0.0,0.0
2012-05-16 00:00:00+09:00,280.7134046052632,284.45625,266.677734375,266.677734375,24500,0.0,0.0
2012-05-17 00:00:00+09:00,267.6134908924932,282.58487499836696,266.6777793858761,279.7777404785156,25800,0.0,0.0
2012-05-18 00:00:00+09:00,264.80634842184776,276.97059764263935,262.9349254648029,268.5491943359375,18600,0.0,0.0
2012-05-21 00:00:00+09:00,268.54915361111483,274.1634216308594,267.61344227449075,274.1634216308594,7400,0.0,0.0
2012-05-22 00:00:00+09:00,277.9062819323003,282.5848388671875,276.0348591583454,282.5848388671875,12000,0.0,0.0
2012-05-23 00:00:00+09:00,287.26343079669255,287.26343079669255,270.4206237792969,270.4206237792969,22000,0.0,0.0
2012-05-24 00:00:00+09:00,272.29201741121256,276.03486301136667,267.6134604110199,275.0991516113281,16400,0.0,0.0
2012-05-25 00:00:00+09:00,277.906310094546,277.906310094546,269.4849067583476,273.2277526855469,11600,0.0,0.0
2012-05-28 00:00:00+09:00,271.3562948178729,271.3562948178729,253.57777895049497,259.1920471191406,28600,0.0,0.0
2012-05-29 00:00:00+09:00,260.12783834669324,271.35637813144257,250.77072185940213,269.4849548339844,24600,0.0,0.0
2012-05-30 00:00:00+09:00,269.48484952684856,269.48484952684856,261.9991592622139,265.74200439453125,14100,0.0,0.0
2012-05-31 00:00:00+09:00,262.93488228194707,264.8063049316406,257.32061433286634,264.8063049316406,12700,0.0,0.0
2012-06-01 00:00:00+09:00,263.8706039263453,263.8706039263453,258.2563357576997,259.1920471191406,11100,0.0,0.0
2012-06-04 00:00:00+09:00,253.57780234384356,254.5135137916068,244.22068786621094,244.22068786621094,33900,0.0,0.0
2012-06-05 00:00:00+09:00,233.92785242361617,243.2849665205608,232.05642960422722,241.41354370117188,26700,0.0,0.0
2012-06-06 00:00:00+09:00,245.15637844211454,260.12776033170934,240.47782160161617,255.44920349121094,22300,0.0,0.0
2012-06-07 00:00:00+09:00,266.677734375,272.2920024671053,260.12775493421054,266.677734375,22300,0.0,0.0
2012-06-08 00:00:00+09:00,267.6134473077182,277.9062722041689,262.93489053660426,271.3562927246094,42400,0.0,0.0
2012-06-11 00:00:00+09:00,274.1634586657508,276.9705930548199,273.22774720272776,276.0348815917969,22800,0.0,0.0
2012-06-12 00:00:00+09:00,274.16346978316255,276.03489278509545,267.6134892763976,270.4206237792969,11900,0.0,0.0
2012-06-13 00:00:00+09:00,278.84197317587365,279.77768449525576,268.54914866267023,276.9705505371094,10400,0.0,0.0
2012-06-14 00:00:00+09:00,276.9705556407317,276.9705556407317,270.420576284363,274.1634216308594,5200,0.0,0.0
2012-06-15 00:00:00+09:00,274.16347143881296,280.71345198513274,271.35633691896163,279.7777404785156,13700,0.0,0.0
2012-06-18 00:00:00+09:00,284.45626331676135,315.3347392689098,283.520551924272,308.7847595214844,83700,0.0,0.0
2012-06-19 00:00:00+09:00,319.0775763449654,327.4989786531903,302.2347717285156,302.2347717285156,161800,0.0,0.0
2012-06-20 00:00:00+09:00,309.72047228457325,318.1418748542444,308.7847608879431,313.46331787109375,65200,0.0,0.0
2012-06-21 00:00:00+09:00,315.334753886085,322.82044537299504,313.4633310143575,317.2061767578125,45300,0.0,0.0
2012-06-22 00:00:00+09:00,311.59190814262996,317.2061767578125,310.65619670676625,317.2061767578125,18900,0.0,0.0
2012-06-25 00:00:00+09:00,326.5632734382118,327.49898482342155,320.0132937417434,320.9490051269531,41200,0.0,0.0
2012-06-26 00:00:00+09:00,323.75615134434395,326.563285604555,317.20617140385144,320.0133056640625,22100,0.0,0.0
2012-06-27 00:00:00+09:00,320.9489984148758,320.9489984148758,309.7204620271834,319.07757568359375,28800,0.0,0.0
2012-06-28 00:00:00+09:00,320.9489814205446,324.69182668492414,317.2061361561651,322.8204040527344,15300,0.0,0.0
2012-06-29 00:00:00+09:00,388.32023856566127,390.1916614021223,351.8274932546714,363.0560302734375,633500,0.0,0.0
2012-07-02 00:00:00+09:00,371.4774441544298,378.9631357242924,357.4417724609375,357.4417724609375,121900,0.0,0.0
2012-07-03 00:00:00+09:00,358.37744140625,363.99170941783615,348.08461671834203,358.37744140625,55700,0.0,0.0
2012-07-04 00:00:00+09:00,359.3131631299735,359.3131631299735,349.02033814447947,352.76318359375,26900,0.0,0.0
2012-07-05 00:00:00+09:00,352.76321738106867,352.76321738106867,338.72754560198103,340.5989685058594,36300,0.0,0.0
2012-07-06 00:00:00+09:00,341.5346967670279,341.5346967670279,329.3704472931338,332.1775817871094,37100,0.0,0.0
2012-07-09 00:00:00+09:00,334.0489501953125,344.3417749912465,333.11323885022756,334.0489501953125,27000,0.0,0.0
2012-07-10 00:00:00+09:00,334.0489916679187,336.85612605168274,327.499011439136,328.4347229003906,24200,0.0,0.0
2012-07-11 00:00:00+09:00,327.4990169481299,331.2418628561086,322.82045956315665,325.6275939941406,26800,0.0,0.0
2012-07-12 00:00:00+09:00,326.5632493171139,330.3060945814934,322.8204040527344,322.8204040527344,18900,0.0,0.0
2012-07-13 00:00:00+09:00,324.69185869489394,327.4989929199219,321.88472446986606,327.4989929199219,10800,0.0,0.0
2012-07-17 00:00:00+09:00,327.4989954630534,339.6632438659668,327.4989954630534,336.8561096191406,21800,0.0,0.0
2012-07-18 00:00:00+09:00,340.59893645815197,340.59893645815197,323.7561319080236,335.9203796386719,20100,0.0,0.0
2012-07-19 00:00:00+09:00,328.4347284251246,334.9847087640872,325.6275939941406,325.6275939941406,9300,0.0,0.0
2012-07-20 00:00:00+09:00,321.8847373488259,335.920409035548,311.59191144522975,331.2418518066406,43400,0.0,0.0
2012-07-23 00:00:00+09:00,321.8847218232996,326.5632788265453,316.2704534194049,318.1418762207031,21700,0.0,0.0
2012-07-24 00:00:00+09:00,289.1347843293221,297.5561858146421,284.4562279485887,290.07049560546875,49000,0.0,0.0
2012-07-25 00:00:00+09:00,284.4562858072917,290.0705546061198,280.71343994140625,280.71343994140625,27000,0.0,0.0
2012-07-26 00:00:00+09:00,280.71343994140625,282.58486287434897,271.3563252766927,280.71343994140625,28000,0.0,0.0
2012-07-27 00:00:00+09:00,277.906270244334,284.45624967770215,277.906270244334,283.5205383300781,10600,0.0,0.0
2012-07-30 00:00:00+09:00,277.9062990534225,283.52056772116845,274.16345327492525,278.8420104980469,17200,0.0,0.0
2012-07-31 00:00:00+09:00,276.0348274410774,279.7776725589225,276.0348274410774,277.90625,4000,0.0,0.0
2012-08-01 00:00:00+09:00,280.71339581463786,280.71339581463786,276.03483921772727,276.9705505371094,14700,0.0,0.0
2012-08-02 00:00:00+09:00,276.0348274410774,277.90625,276.0348274410774,277.90625,7500,0.0,0.0
2012-08-03 00:00:00+09:00,276.03488713094634,276.03488713094634,271.35632972194725,273.2277526855469,13800,0.0,0.0
2012-08-06 00:00:00+09:00,267.6134828574151,271.35632877150476,267.6134828574151,268.5491943359375,5400,0.0,0.0
2012-08-07 00:00:00+09:00,268.5491770321561,272.2920227050781,265.7420427774646,272.2920227050781,4000,0.0,0.0
2012-08-08 00:00:00+09:00,276.03488713094634,276.03488713094634,271.35632972194725,273.2277526855469,5000,0.0,0.0
2012-08-09 00:00:00+09:00,276.0348274410774,277.90625,274.16340488215485,277.90625,13600,0.0,0.0
2012-08-10 00:00:00+09:00,274.1634606533363,290.07055564004867,274.1634606533363,285.3919982910156,9800,0.0,0.0
2012-08-13 00:00:00+09:00,290.07056705130384,290.07056705130384,276.9706059586643,279.7777404785156,8200,0.0,0.0
2012-08-14 00:00:00+09:00,277.9063055419922,280.71343994140625,275.09917114257814,280.71343994140625,9600,0.0,0.0
2012-08-15 00:00:00+09:00,273.22774720272776,280.7134389069121,273.22774720272776,276.0348815917969,6900,0.0,0.0
2012-08-16 00:00:00+09:00,273.22776617005815,281.649169921875,273.22776617005815,281.649169921875,8800,0.0,0.0
2012-08-17 00:00:00+09:00,280.71343994140625,282.58486287434897,276.9705940755208,280.71343994140625,9100,0.0,0.0
2012-08-20 00:00:00+09:00,282.5848269824541,285.39196102532617,280.71340428720606,283.5205383300781,13300,0.0,0.0
2012-08-21 00:00:00+09:00,286.32772415782966,314.39906966349923,286.32772415782966,298.4919738769531,83400,0.0,0.0
2012-08-22 00:00:00+09:00,298.4919110923816,298.4919110923816,287.2633752519158,293.8133544921875,14200,0.0,0.0
2012-08-23 00:00:00+09:00,293.8133915768394,297.55623732941064,287.2634115098398,295.684814453125,11100,0.0,0.0
2012-08-24 00:00:00+09:00,290.070551180611,299.42766573482425,289.1348397251897,292.877685546875,14800,0.0,0.0
2012-08-27 00:00:00+09:00,297.55625504713794,299.4276780348558,289.1348516024076,291.9419860839844,19100,0.0,0.0
2012-08-28 00:00:00+09:00,295.6848132755979,295.6848132755979,290.0705446690992,291.0062561035156,16200,0.0,0.0
2012-08-29 00:00:00+09:00,290.07049560546875,293.81334071005546,290.07049560546875,290.07049560546875,3400,0.0,0.0
2012-08-30 00:00:00+09:00,289.1347843293221,291.0062068816154,286.32765050088204,290.07049560546875,5600,0.0,0.0
2012-08-31 00:00:00+09:00,290.0705622073493,290.0705622073493,284.4562932614006,287.263427734375,7900,0.0,0.0
2012-09-03 00:00:00+09:00,283.5205743408203,288.1991316731771,276.9705940755208,280.71343994140625,14300,0.0,0.0
2012-09-04 00:00:00+09:00,277.9063055419922,282.58486287434897,276.9705940755208,280.71343994140625,5100,0.0,0.0
2012-09-05 00:00:00+09:00,282.5848063973064,284.4562289562289,277.90625,277.90625,4200,0.0,0.0
2012-09-06 00:00:00+09:00,301.2990655899048,320.0132932662964,286.3276834487915,299.4276428222656,188400,0.0,0.0
2012-09-07 00:00:00+09:00,294.7490658122263,301.299045052498,289.13479789199346,293.8133544921875,32300,0.0,0.0
2012-09-10 00:00:00+09:00,295.68483115329803,295.68483115329803,284.4562932614006,287.263427734375,20400,0.0,0.0
2012-09-11 00:00:00+09:00,276.9706059586643,289.13485554468673,276.9706059586643,279.7777404785156,25500,0.0,0.0
2012-09-12 00:00:00+09:00,284.456286821209,285.3919982910156,279.77772947217596,285.3919982910156,8600,0.0,0.0
2012-09-13 00:00:00+09:00,285.39196102532617,285.39196102532617,278.841981591958,283.5205383300781,13700,0.0,0.0
2012-09-14 00:00:00+09:00,278.8420297723068,285.3920103374281,278.8420297723068,284.456298828125,23000,0.0,0.0
2012-09-18 00:00:00+09:00,286.3277162433835,288.1991392253664,280.7134472974348,287.263427734375,19300,0.0,0.0
2012-09-19 00:00:00+09:00,286.32769775390625,288.1991206150429,283.52056346220127,286.32769775390625,16700,0.0,0.0
2012-09-20 00:00:00+09:00,282.58485627654414,284.45627916579275,277.9062990534225,278.8420104980469,39400,0.0,0.0
2012-09-21 00:00:00+09:00,278.8420104980469,280.7134333872955,276.0348761641739,278.8420104980469,31000,0.0,0.0
2012-09-24 00:00:00+09:00,277.9062990534225,278.8420104980469,276.0348761641739,278.8420104980469,11300,0.0,0.0
2012-09-25 00:00:00+09:00,279.7776725589225,285.39194023569024,276.0348274410774,277.90625,29000,0.0,0.0
2012-09-26 00:00:00+09:00,268.54915361111483,276.9705556407317,268.54915361111483,274.1634216308594,19500,0.0,0.0
2012-09-27 00:00:00+09:00,274.16346978316255,276.03489278509545,270.4206237792969,270.4206237792969,15900,0.0,0.0
2012-09-28 00:00:00+09:00,271.35633691896163,279.7777404785156,270.4206254123445,279.7777404785156,15600,0.0,0.0
2012-10-01 00:00:00+09:00,278.8420272879947,278.8420272879947,268.54920077736404,270.4206237792969,18200,0.0,0.0
2012-10-02 00:00:00+09:00,268.54920077736404,276.03489278509545,268.54920077736404,270.4206237792969,15800,0.0,0.0
2012-10-03 00:00:00+09:00,276.03487315285247,303.17050475092947,272.2920274151867,291.0062561035156,170300,0.0,0.0
2012-10-04 00:00:00+09:00,295.6847823732135,295.6847823732135,273.2277102942353,274.1634216308594,119600,0.0,0.0
2012-10-05 00:00:00+09:00,277.90625,277.90625,273.2276936026936,277.90625,19700,0.0,0.0
2012-10-09 00:00:00+09:00,277.90630451784295,279.77772744388903,276.0348815917969,276.0348815917969,11300,0.0,0.0
2012-10-10 00:00:00+09:00,274.16340488215485,280.71338383838383,272.29198232323233,277.90625,25800,0.0,0.0
2012-10-11 00:00:00+09:00,276.0348815917969,277.90630451784295,274.1634586657508,276.0348815917969,9600,0.0,0.0
2012-10-12 00:00:00+09:00,277.90626697735576,277.90626697735576,271.3562876209871,274.1634216308594,14700,0.0,0.0
2012-10-15 00:00:00+09:00,271.356306011174,275.0991516113281,270.42059461113547,275.0991516113281,6600,0.0,0.0
2012-10-16 00:00:00+09:00,272.29201741121256,275.0991516113281,271.356306011174,275.0991516113281,8400,0.0,0.0
2012-10-17 00:00:00+09:00,273.22772881125104,275.0991516113281,271.356306011174,275.0991516113281,21000,0.0,0.0
2012-10-18 00:00:00+09:00,273.22774720272776,278.842015980866,273.22774720272776,276.0348815917969,14200,0.0,0.0
2012-10-19 00:00:00+09:00,271.35632972194725,279.7777330581456,271.35632972194725,273.2277526855469,23800,0.0,0.0
2012-10-22 00:00:00+09:00,276.0348761641739,279.7777219426712,272.29203038567664,278.8420104980469,23000,0.0,0.0
2012-10-23 00:00:00+09:00,274.1634216308594,276.0348443041076,271.3562876209871,274.1634216308594,39500,0.0,0.0
2012-10-24 00:00:00+09:00,272.2919989576112,274.1634216308594,271.3562876209871,274.1634216308594,21600,0.0,0.0
2012-10-25 00:00:00+09:00,274.1634216308594,278.84197831397984,272.2919989576112,274.1634216308594,21700,0.0,0.0
2012-10-26 00:00:00+09:00,278.84199721148224,278.84199721148224,274.1634402112896,275.0991516113281,15000,0.0,0.0
2012-10-29 00:00:00+09:00,272.2920412037471,275.0991756491465,272.2920412037471,273.2277526855469,7800,0.0,0.0
2012-10-30 00:00:00+09:00,294.7490745015664,300.36334258731046,282.5848269824541,283.5205383300781,325300,0.0,0.0
2012-10-31 00:00:00+09:00,289.1348185760296,292.8776641239394,282.5848388671875,282.5848388671875,46500,0.0,0.0
2012-11-01 00:00:00+09:00,288.1991316731771,288.1991316731771,278.84201700846353,280.71343994140625,18000,0.0,0.0
2012-11-02 00:00:00+09:00,277.9062990534225,282.58485627654414,276.0348761641739,278.8420104980469,20700,0.0,0.0
2012-11-05 00:00:00+09:00,280.7134333872955,280.7134333872955,276.0348761641739,278.8420104980469,9700,0.0,0.0
2012-11-06 00:00:00+09:00,276.03483921772727,277.9062618564915,275.0991278983451,276.9705505371094,15100,0.0,0.0
2012-11-07 00:00:00+09:00,276.9705505371094,277.9062618564915,275.0991278983451,276.9705505371094,14900,0.0,0.0
2012-11-08 00:00:00+09:00,274.1634216308594,277.90626697735576,274.1634216308594,274.1634216308594,5000,0.0,0.0
2012-11-09 00:00:00+09:00,274.1634586657508,279.77772744388903,274.1634586657508,276.0348815917969,17200,0.0,0.0
2012-11-12 00:00:00+09:00,280.71339581463786,281.64910713402,276.9705505371094,276.9705505371094,13200,0.0,0.0
2012-11-13 00:00:00+09:00,278.84197317587365,281.64910713402,276.9705505371094,276.9705505371094,12100,0.0,0.0
2012-11-14 00:00:00+09:00,277.90625,280.71338383838383,276.0348274410774,277.90625,9200,0.0,0.0
2012-11-15 00:00:00+09:00,276.9705940755208,280.71343994140625,276.0348826090495,280.71343994140625,14000,0.0,0.0
2012-11-16 00:00:00+09:00,280.71345839389534,285.3920160337936,278.84203533793607,281.649169921875,14400,0.0,0.0
2012-11-19 00:00:00+09:00,286.3276723729502,286.3276723729502,281.6491156348301,283.5205383300781,13600,0.0,0.0
2012-11-20 00:00:00+09:00,285.3920160337936,288.1991506177326,281.649169921875,281.649169921875,25300,0.0,0.0
2012-11-21 00:00:00+09:00,283.520587318822,287.26343335603417,281.6491643002159,284.456298828125,11600,0.0,0.0
2012-11-22 00:00:00+09:00,285.3919863233379,287.26340918447454,285.3919863233379,286.32769775390625,18300,0.0,0.0
2012-11-26 00:00:00+09:00,289.1347961425781,292.8776414000872,287.2633735138236,289.1347961425781,20100,0.0,0.0
2012-11-27 00:00:00+09:00,291.0062307382559,291.0062307382559,287.2633853268314,288.1990966796875,18000,0.0,0.0
2012-11-28 00:00:00+09:00,289.1347843293221,291.9419181577621,288.1990730531754,290.07049560546875,7700,0.0,0.0
2012-11-29 00:00:00+09:00,288.19908482820085,290.0705074569554,286.3276621994463,289.1347961425781,16200,0.0,0.0
2012-11-30 00:00:00+09:00,290.0705074569554,290.0705074569554,283.5205282563145,289.1347961425781,25600,0.0,0.0
2012-12-03 00:00:00+09:00,286.3277053589257,293.8133970022963,285.3919939035044,292.877685546875,25300,0.0,0.0
2012-12-04 00:00:00+09:00,292.87768013869663,298.4919487675534,291.006257262411,295.684814453125,19900,0.0,0.0
2012-12-05 00:00:00+09:00,294.7490658122263,295.68477713226514,290.0705092120323,293.8133544921875,17700,0.0,0.0
2012-12-06 00:00:00+09:00,295.68479585193455,299.42764136904765,291.94195033482146,294.74908447265625,25400,0.0,0.0
2012-12-07 00:00:00+09:00,293.8133544921875,294.7490658122263,292.8776431721487,293.8133544921875,19800,0.0,0.0
2012-12-10 00:00:00+09:00,291.9419181577621,291.9419181577621,289.1347843293221,290.07049560546875,9900,0.0,0.0
2012-12-11 00:00:00+09:00,289.13480641582225,289.13480641582225,280.71340428720606,283.5205383300781,14000,0.0,0.0
2012-12-12 00:00:00+09:00,284.45624967770215,287.2633837205742,283.5205383300781,283.5205383300781,16000,0.0,0.0
2012-12-13 00:00:00+09:00,285.3920160337936,287.2634390897529,277.9063238099564,281.649169921875,27800,0.0,0.0
2012-12-14 00:00:00+09:00,291.94198518933223,297.55625413528094,284.4562932614006,287.263427734375,87700,0.0,0.0
2012-12-17 00:00:00+09:00,289.1348507163579,293.81340817131513,287.263427734375,287.263427734375,22800,0.0,0.0
2012-12-18 00:00:00+09:00,291.9419181577621,291.9419181577621,287.2633617770287,290.07049560546875,11700,0.0,0.0
2012-12-19 00:00:00+09:00,289.1348080325436,294.74907614968043,284.456251268263,288.1990966796875,60000,0.0,0.0
2012-12-20 00:00:00+09:00,295.6847936118521,321.8847120331555,291.0062367509051,306.913330078125,237300,0.0,0.0
2012-12-21 00:00:00+09:00,308.7847745871242,308.7847745871242,291.006257262411,295.684814453125,73300,0.0,0.0
2012-12-25 00:00:00+09:00,297.5561858146421,297.5561858146421,290.07049560546875,290.07049560546875,37800,0.0,0.0
2012-12-26 00:00:00+09:00,291.9419569141857,304.1062051189435,291.00624551381975,296.6205139160156,34100,0.0,0.0
2012-12-27 00:00:00+09:00,291.9419569141857,304.1062051189435,291.00624551381975,296.6205139160156,34100,0.0,0.0
2012-12-28 00:00:00+09:00,301.29903377498596,312.52756919517174,296.6204773499085,311.59185791015625,50700,0.0,0.0
2013-01-04 00:00:00+09:00,318.1418748542444,318.1418748542444,310.65618368120334,313.46331787109375,58300,0.0,0.0
2013-01-07 00:00:00+09:00,318.1418828239218,327.4989970246254,314.3990371436404,320.0133056640625,128400,0.0,0.0
2013-01-08 00:00:00+09:00,319.0776354279763,320.01334696882077,305.9776738561532,309.72052001953125,72300,0.0,0.0
2013-01-09 00:00:00+09:00,312.52756919517174,316.2704143352337,303.17045634501693,311.59185791015625,36300,0.0,0.0
2013-01-10 00:00:00+09:00,315.3347368156945,327.49898482342155,315.3347368156945,320.9490051269531,72400,0.0,0.0
2013-01-11 00:00:00+09:00,327.4989816594251,350.89176606366976,326.56327028325535,349.9560546875,184200,0.0,0.0
2013-01-15 00:00:00+09:00,363.0560356635552,364.9274585278003,340.59896129261364,360.2489013671875,195300,0.0,0.0
2013-01-16 00:00:00+09:00,354.6346063183853,356.5060290430206,343.40606997057364,352.76318359375,58000,0.0,0.0
2013-01-17 00:00:00+09:00,347.1488967128306,350.8917419604083,332.17751572251984,334.9846496582031,59600,0.0,0.0
2013-01-18 00:00:00+09:00,336.8561465437241,343.40612717096315,332.177588952839,338.7275695800781,41700,0.0,0.0
2013-01-21 00:00:00+09:00,336.85605270798146,349.9560103132918,334.0489189354149,346.2131652832031,43000,0.0,0.0
2013-01-22 00:00:00+09:00,344.3418022260274,346.21322506421234,333.11326519691784,341.53466796875,20900,0.0,0.0
2013-01-23 00:00:00+09:00,341.534630374632,341.534630374632,321.88469273663947,322.8204040527344,40200,0.0,0.0
2013-01-24 00:00:00+09:00,320.9490366091673,329.37043990211924,319.077613655178,325.6275939941406,16000,0.0,0.0
2013-01-25 00:00:00+09:00,329.3704211320245,329.3704211320245,319.07759547164875,324.6918640136719,21300,0.0,0.0
2013-01-28 00:00:00+09:00,331.2418702891175,332.1775817871094,324.6918898031745,332.1775817871094,31400,0.0,0.0
2013-01-29 00:00:00+09:00,307.8490969378422,316.2705008054428,305.0419623153087,309.72052001953125,143200,0.0,0.0
2013-01-30 00:00:00+09:00,305.04194317157453,309.7205005821815,304.1062316894531,304.1062316894531,76600,0.0,0.0
2013-01-31 00:00:00+09:00,304.1062316894531,307.8490776179387,299.42767427884615,304.1062316894531,45900,0.0,0.0
2013-02-01 00:00:00+09:00,309.720512861087,309.720512861087,301.2991091881269,303.1705322265625,34100,0.0,0.0
2013-02-04 00:00:00+09:00,306.91337830343366,306.91337830343366,299.42768614969134,303.1705322265625,22800,0.0,0.0
2013-02-05 00:00:00+09:00,303.1704911665483,308.7847595214844,303.1704911665483,308.7847595214844,32000,0.0,0.0
2013-02-06 00:00:00+09:00,312.52757930463974,312.52757930463974,294.74906431425603,305.97760009765625,111400,0.0,0.0
2013-02-07 00:00:00+09:00,305.04192577234517,308.7847714873433,300.3633686285975,307.84906005859375,22700,0.0,0.0
2013-02-08 00:00:00+09:00,307.84906548810153,307.84906548810153,302.23479681658597,305.04193115234375,20200,0.0,0.0
2013-02-12 00:00:00+09:00,301.2990655899048,305.9776225090027,299.4276428222656,299.4276428222656,36600,0.0,0.0
2013-02-13 00:00:00+09:00,296.62048845230396,301.299045052498,292.8776431721487,293.8133544921875,34300,0.0,0.0
2013-02-14 00:00:00+09:00,292.8776975778433,296.620543553279,291.9419860839844,291.9419860839844,12200,0.0,0.0
2013-02-15 00:00:00+09:00,291.941942091112,297.5562102082488,285.39196262111915,288.1990966796875,33900,0.0,0.0
2013-02-18 00:00:00+09:00,284.45630112411834,299.4276853938088,284.45630112411834,298.4919738769531,18000,0.0,0.0
2013-02-19 00:00:00+09:00,295.68483205942005,303.17052401029144,285.3920056269719,291.9419860839844,19700,0.0,0.0
2013-02-20 00:00:00+09:00,296.62050352303237,303.1704830960962,291.94194668512966,302.2347717285156,18800,0.0,0.0
2013-02-21 00:00:00+09:00,303.1704830960962,303.1704830960962,293.8133694202907,302.2347717285156,18800,0.0,0.0
2013-02-22 00:00:00+09:00,307.84911521084337,318.1419427710843,305.04198042168673,310.65625,102300,0.0,0.0
2013-02-25 00:00:00+09:00,317.20613588105647,317.20613588105647,303.1704661518062,305.97760009765625,43600,0.0,0.0
2013-02-26 00:00:00+09:00,307.84904812899504,308.7847595214844,302.23477977405895,308.7847595214844,27700,0.0,0.0
2013-02-27 00:00:00+09:00,313.4633286310909,313.4633286310909,306.9133486298442,307.84906005859375,23600,0.0,0.0
2013-02-28 00:00:00+09:00,322.82042266316495,324.6918454032413,314.3990203328215,323.7561340332031,154400,0.0,0.0
2013-03-01 00:00:00+09:00,322.82044537299504,322.82044537299504,315.334753886085,317.2061767578125,46800,0.0,0.0
2013-03-04 00:00:00+09:00,313.4632804801872,316.2704143352337,310.65614662514076,311.59185791015625,43500,0.0,0.0
2013-03-05 00:00:00+09:00,309.72052688147187,318.14193093565086,307.849103758321,316.2705078125,51200,0.0,0.0
2013-03-06 00:00:00+09:00,316.2704332545846,317.2061445955745,304.10618582171594,312.527587890625,34200,0.0,0.0
2013-03-07 00:00:00+09:00,311.5918765496351,315.33472191359465,309.7204538676553,312.527587890625,32200,0.0,0.0
2013-03-08 00:00:00+09:00,312.527584499783,387.3844909667969,311.5918731689453,387.3844909667969,286500,0.0,0.0
2013-03-11 00:00:00+09:00,462.24139404296875,462.24139404296875,462.24139404296875,462.24139404296875,100400,0.0,0.0
2013-03-12 00:00:00+09:00,402.35593576464504,537.098388671875,392.9988209794207,537.098388671875,4328700,0.0,0.0
2013-03-13 00:00:00+09:00,583.8839238107381,630.6694946289062,583.8839238107381,630.6694946289062,2781500,0.0,0.0
2013-03-14 00:00:00+09:00,593.2410773832208,617.569575824804,537.098388671875,537.098388671875,2396000,0.0,0.0
2013-03-15 00:00:00+09:00,509.0270138302365,538.0340679271801,479.08424831081084,484.6985168457031,1344500,0.0,0.0
2013-03-18 00:00:00+09:00,492.18417004074496,539.9054488849997,473.469943042998,499.66986083984375,1382300,0.0,0.0
2013-03-19 00:00:00+09:00,462.2414443359375,484.6985185546875,459.4343100585937,467.855712890625,505800,0.0,0.0
2013-03-21 00:00:00+09:00,475.34143779225593,538.0341077372976,468.79145735023667,512.7698974609375,991800,0.0,0.0
2013-03-22 00:00:00+09:00,537.0983842201745,547.3912103986099,486.5699647987644,487.50567626953125,715500,0.0,0.0
2013-03-25 00:00:00+09:00,491.2484887528093,506.2198712671806,472.53426060984515,478.1485290527344,191600,0.0,0.0
2013-03-26 00:00:00+09:00,475.3414067287071,485.63423246495864,467.8557152841605,477.21282958984375,109900,0.0,0.0
2013-03-27 00:00:00+09:00,467.8557009516124,476.2771035687414,444.4629159040318,468.7914123535156,237100,0.0,0.0
2013-03-28 00:00:00+09:00,475.34141873619416,475.34141873619416,444.46294074742565,450.07720947265625,198100,0.0,0.0
2013-03-29 00:00:00+09:00,452.8843198029892,452.8843198029892,427.6201118800951,430.42724609375,165600,0.0,0.0
2013-04-01 00:00:00+09:00,459.43433325982863,463.17717915196573,433.23441201486895,435.1058349609375,339600,0.0,0.0
2013-04-02 00:00:00+09:00,422.9415402296113,436.97721081245237,416.39156062428543,422.0058288574219,97500,0.0,0.0
2013-04-03 00:00:00+09:00,444.46292241414386,467.855707804362,438.84865392049153,449.1414794921875,362100,0.0,0.0
2013-04-04 00:00:00+09:00,444.4629131219326,444.4629131219326,422.9415510128706,437.9129333496094,186600,0.0,0.0
2013-04-05 00:00:00+09:00,444.4629295199525,452.8843323950674,429.4915466308594,429.4915466308594,109100,0.0,0.0
2013-04-08 00:00:00+09:00,435.1057977861771,438.8486433585313,421.0701268898488,433.234375,133900,0.0,0.0
2013-04-09 00:00:00+09:00,430.4272597398215,476.27712001645466,421.0701453976515,460.3700256347656,361800,0.0,0.0
2013-04-10 00:00:00+09:00,470.6628405099892,478.14853181034687,453.82003508418444,465.9842834472656,270500,0.0,0.0
2013-04-11 00:00:00+09:00,465.9842740282601,468.7914082091532,453.82002591105646,454.7557373046875,101500,0.0,0.0
2013-04-12 00:00:00+09:00,453.8200486726701,453.8200486726701,440.72008850479926,448.2057800292969,89000,0.0,0.0
2013-04-15 00:00:00+09:00,439.78439232610884,445.3986611643145,431.3629890688004,435.1058349609375,95900,0.0,0.0
2013-04-16 00:00:00+09:00,450.0771516803546,509.9626770598612,450.0771516803546,493.119873046875,2023100,0.0,0.0
2013-04-17 00:00:00+09:00,468.7914297307281,483.7628127161406,463.1771611111985,465.048583984375,445100,0.0,0.0
2013-04-18 00:00:00+09:00,467.8556792590083,475.3413701271524,456.6271429567921,458.4985656738281,183000,0.0,0.0
2013-04-19 00:00:00+09:00,453.82000888123804,463.1771224664182,451.948586164202,458.4985656738281,118600,0.0,0.0
2013-04-22 00:00:00+09:00,450.07720099896255,469.7271411673164,450.07720099896255,465.048583984375,197000,0.0,0.0
2013-04-23 00:00:00+09:00,477.2128271484375,477.2128271484375,459.4343100585937,467.855712890625,251900,0.0,0.0
2013-04-24 00:00:00+09:00,472.5342700195312,476.2771157226562,465.9842900390625,467.855712890625,107500,0.0,0.0
2013-04-25 00:00:00+09:00,467.8557182941399,467.8557182941399,457.5628924916688,465.048583984375,149300,0.0,0.0
2013-04-26 00:00:00+09:00,462.24151934387555,539.9055802862675,458.4986730333988,494.9914245605469,1375100,0.0,0.0
2013-04-30 00:00:00+09:00,505.28414394315433,513.7055463422068,494.99131878875676,508.0912780761719,545500,0.0,0.0
2013-05-01 00:00:00+09:00,538.0340654825427,568.9125422841495,523.9983942090851,544.5840454101562,1417500,0.0,0.0
2013-05-02 00:00:00+09:00,531.4840803619124,550.1983085436699,528.6769461346488,547.3911743164062,275700,0.0,0.0
2013-05-07 00:00:00+09:00,594.17668462957,608.2123543452291,561.4267886263654,578.2695922851562,1022800,0.0,0.0
2013-05-08 00:00:00+09:00,578.2696506119379,599.7910130133531,569.8482479331233,590.4338989257812,511400,0.0,0.0
2013-05-09 00:00:00+09:00,605.4052507360063,605.4052507360063,556.7482599504232,573.591064453125,345600,0.0,0.0
2013-05-10 00:00:00+09:00,574.5267916041494,585.7553282478788,560.4911207994878,565.169677734375,136300,0.0,0.0
2013-05-13 00:00:00+09:00,562.3625435734426,571.7196574432171,552.0697183166908,565.169677734375,175800,0.0,0.0
2013-05-14 00:00:00+09:00,566.1054134368896,658.7408447265625,565.1697020097212,658.7408447265625,1861500,0.0,0.0
2013-05-15 00:00:00+09:00,616.6338246139055,640.0266100696682,528.6769513002376,544.5840454101562,900100,0.0,0.0
2013-05-16 00:00:00+09:00,541.776939086914,596.0482041422526,505.28419189453126,561.4268798828125,426900,0.0,0.0
2013-05-17 00:00:00+09:00,572.6553641183036,610.0838192894346,563.2982503255208,589.4981689453125,405400,0.0,0.0
2013-05-20 00:00:00+09:00,598.8552938432836,666.226514400653,578.2696431174207,626.9266357421875,1792700,0.0,0.0
2013-05-21 00:00:00+09:00,602.5981661639636,626.9266635556764,587.6267831536788,591.36962890625,361900,0.0,0.0
2013-05-22 00:00:00+09:00,582.0125098134957,588.562489827474,568.9125497855392,572.6553955078125,232000,0.0,0.0
2013-05-23 00:00:00+09:00,567.0412047230113,588.5625705788352,514.641357421875,514.641357421875,335900,0.0,0.0
2013-05-24 00:00:00+09:00,519.3198759543291,554.8769125061569,506.21991511944503,534.291259765625,209600,0.0,0.0
2013-05-27 00:00:00+09:00,523.998362406927,530.5483419370134,509.02698062387185,518.3840942382812,110200,0.0,0.0
2013-05-28 00:00:00+09:00,510.89844747377333,542.7126365106017,510.89844747377333,526.8055419921875,90700,0.0,0.0
2013-05-29 00:00:00+09:00,553.0054103456695,553.0054103456695,532.419760552768,542.7125854492188,84200,0.0,0.0
2013-05-30 00:00:00+09:00,519.3197669645326,552.0696621785122,515.5769217972207,528.6768798828125,122800,0.0,0.0
2013-05-31 00:00:00+09:00,538.0339877706178,551.1339457337285,529.6125862229038,531.4840087890625,64400,0.0,0.0
2013-06-03 00:00:00+09:00,514.6412336716959,525.8697696790783,509.0269656680046,509.9626770019531,77100,0.0,0.0
2013-06-04 00:00:00+09:00,495.92700872206154,516.5126581407131,477.2127819778328,497.7984313964844,102200,0.0,0.0
2013-06-05 00:00:00+09:00,494.05563107052365,518.3841280550571,481.891382578257,484.6985168457031,81000,0.0,0.0
2013-06-06 00:00:00+09:00,468.7914107259115,479.0842361111111,392.99878743489586,421.07012939453125,192200,0.0,0.0
2013-06-07 00:00:00+09:00,383.64166550409226,406.09873860677084,372.41312895275297,392.998779296875,189000,0.0,0.0
2013-06-10 00:00:00+09:00,467.855712890625,467.855712890625,446.3343500976562,467.855712890625,145700,0.0,0.0
2013-06-11 00:00:00+09:00,477.2128271484375,486.56994140625,464.1128671875,467.855712890625,185100,0.0,0.0
2013-06-12 00:00:00+09:00,448.205776355336,491.2485022683745,440.7200848921989,481.8913879394531,48900,0.0,0.0
2013-06-13 00:00:00+09:00,471.598507282705,477.2127752265467,459.4342600710479,462.24139404296875,49400,0.0,0.0
2013-06-14 00:00:00+09:00,479.0842432228916,479.0842432228916,458.498592146908,465.9842834472656,47700,0.0,0.0
2013-06-17 00:00:00+09:00,456.6271539270525,474.4056701660156,456.6271539270525,474.4056701660156,33000,0.0,0.0
2013-06-18 00:00:00+09:00,470.6628112792969,477.21279076032084,466.91996586156887,470.6628112792969,38100,0.0,0.0
2013-06-19 00:00:00+09:00,472.53422381678814,475.3413578196601,455.69141979955606,459.43426513671875,35800,0.0,0.0
2013-06-20 00:00:00+09:00,458.49859493294946,460.3700177694105,450.0771921688749,453.8200378417969,42200,0.0,0.0
2013-06-21 00:00:00+09:00,437.9129333496094,449.1414701021635,425.74868520100915,437.9129333496094,55000,0.0,0.0
2013-06-24 00:00:00+09:00,451.94858506915403,451.94858506915403,436.04149201288976,436.9772033691406,26400,0.0,0.0
2013-06-25 00:00:00+09:00,430.4272599339215,431.36297136856047,406.0987626333085,412.64874267578125,69000,0.0,0.0
2013-06-26 00:00:00+09:00,417.3272554392827,421.07010077954527,375.2202453613281,375.2202453613281,69400,0.0,0.0
2013-06-27 00:00:00+09:00,397.6773772671054,402.35593464671837,376.15601332088556,382.70599365234375,70900,0.0,0.0
2013-06-28 00:00:00+09:00,385.5131192555147,399.5487910730698,385.5131192555147,397.6773681640625,46300,0.0,0.0
2013-07-01 00:00:00+09:00,392.06311565305714,421.0701719424241,392.06311565305714,420.13446044921875,58800,0.0,0.0
2013-07-02 00:00:00+09:00,438.84866093654256,439.7843723671109,422.9415666168811,429.4915466308594,52100,0.0,0.0
2013-07-03 00:00:00+09:00,432.2986689028533,439.7843601392663,423.8772662618886,430.42724609375,33800,0.0,0.0
2013-07-04 00:00:00+09:00,440.720076751709,460.37001647949216,435.10580825805664,449.1414794921875,105200,0.0,0.0
2013-07-05 00:00:00+09:00,456.6271311338467,467.8556671453348,451.94857446239337,459.43426513671875,111900,0.0,0.0
2013-07-08 00:00:00+09:00,467.8556939133075,467.8556939133075,445.39862060546875,445.39862060546875,91900,0.0,0.0
2013-07-09 00:00:00+09:00,452.8843198029892,456.6271654211957,444.4629171620245,451.9486083984375,32600,0.0,0.0
2013-07-10 00:00:00+09:00,459.43429963485056,460.3700110394022,449.1414741847826,451.9486083984375,47100,0.0,0.0
2013-07-11 00:00:00+09:00,448.20576933241387,453.8200378417969,445.3986350777223,453.8200378417969,27400,0.0,0.0
2013-07-12 00:00:00+09:00,452.88431845948287,452.88431845948287,445.39862724527654,447.2700500488281,21000,0.0,0.0
2013-07-16 00:00:00+09:00,447.2700366571483,449.1414594046677,439.7843456670705,443.5271911621094,48100,0.0,0.0
2013-07-17 00:00:00+09:00,441.65576841458994,448.205748030908,441.65576841458994,443.5271911621094,23000,0.0,0.0
2013-07-18 00:00:00+09:00,444.4629211425781,446.3343439684416,438.84865266498764,444.4629211425781,82400,0.0,0.0
2013-07-19 00:00:00+09:00,447.27004589632827,448.20575728941685,426.6843952483801,433.234375,41100,0.0,0.0
2013-07-22 00:00:00+09:00,453.82004442156216,462.2414473077355,444.4629301035918,455.69146728515625,89000,0.0,0.0
2013-07-23 00:00:00+09:00,441.65578972622427,445.39863540187025,431.36296411819785,432.2986755371094,66900,0.0,0.0
2013-07-24 00:00:00+09:00,435.10580574197974,441.6557856133644,431.36296010118855,439.78436279296875,13700,0.0,0.0
2013-07-25 00:00:00+09:00,447.2700662511244,447.2700662511244,435.1058175873909,438.8486633300781,29100,0.0,0.0
2013-07-26 00:00:00+09:00,444.4628942191473,454.7557191379065,435.10578065663896,436.9772033691406,59800,0.0,0.0
2013-07-29 00:00:00+09:00,440.72009151929046,446.3343602010649,392.99880772420806,409.84161376953125,70500,0.0,0.0
2013-07-30 00:00:00+09:00,397.67736495902005,418.2630167921929,397.67736495902005,409.84161376953125,49800,0.0,0.0
2013-07-31 00:00:00+09:00,415.4558484799394,415.4558484799394,400.4844665527344,400.4844665527344,28700,0.0,0.0
2013-08-01 00:00:00+09:00,400.4844916890226,409.84160598082224,397.67735740148277,403.2916259765625,16600,0.0,0.0
2013-08-02 00:00:00+09:00,407.9702028322547,415.45589462734193,406.0987798834829,408.9059143066406,28300,0.0,0.0
2013-08-05 00:00:00+09:00,406.09875339744366,431.36296155811414,406.09875339744366,422.9415588378906,25200,0.0,0.0
2013-08-06 00:00:00+09:00,415.4559029831918,422.0058834356295,413.584479996781,420.13446044921875,14900,0.0,0.0
2013-08-07 00:00:00+09:00,415.45585826526985,422.0058380126953,411.7130126953125,411.7130126953125,16400,0.0,0.0
2013-08-08 00:00:00+09:00,419.198731617647,419.198731617647,397.6773681640625,397.6773681640625,26500,0.0,0.0
2013-08-09 00:00:00+09:00,405.16300453346844,408.905849840937,398.6130252453985,399.5487365722656,12100,0.0,0.0
2013-08-12 00:00:00+09:00,392.99875895182294,397.6773156060113,387.3844909667969,387.3844909667969,42300,0.0,0.0
2013-08-13 00:00:00+09:00,388.3202589857635,398.6130851275548,388.3202589857635,394.8702392578125,20000,0.0,0.0
2013-08-14 00:00:00+09:00,398.61305045194405,402.35589599609375,392.99878213571947,402.35589599609375,14400,0.0,0.0
2013-08-15 00:00:00+09:00,400.4844598188087,407.0344393018266,392.99876898107397,398.613037109375,16100,0.0,0.0
2013-08-16 00:00:00+09:00,392.99876898107397,399.54874846409183,392.99876898107397,398.613037109375,10300,0.0,0.0
2013-08-19 00:00:00+09:00,409.84161264186093,409.84161264186093,402.3559210867584,405.1630554199219,11200,0.0,0.0
2013-08-20 00:00:00+09:00,405.163030154206,406.09874154024345,402.35589599609375,402.35589599609375,19400,0.0,0.0
2013-08-21 00:00:00+09:00,404.2273254394531,404.2273254394531,395.80592282613117,404.2273254394531,18500,0.0,0.0
2013-08-22 00:00:00+09:00,401.4201993942261,401.4201993942261,388.32023950723504,389.2559509277344,34400,0.0,0.0
2013-08-23 00:00:00+09:00,395.805911953478,401.42018020813725,387.3845095714891,388.3202209472656,26000,0.0,0.0
2013-08-26 00:00:00+09:00,392.9988020557468,392.9988020557468,385.5131105880183,386.4488220214844,14900,0.0,0.0
2013-08-27 00:00:00+09:00,385.51310230356404,422.9415588378906,382.70596806348954,422.9415588378906,47400,0.0,0.0
2013-08-28 00:00:00+09:00,394.8702392578125,407.034488334475,392.99881632294137,394.8702392578125,92400,0.0,0.0
2013-08-29 00:00:00+09:00,396.74161803323113,400.48446348637486,390.1916384902297,391.1273498535156,19800,0.0,0.0
2013-08-30 00:00:00+09:00,389.2559563218826,395.805936356145,384.57739915455227,386.4488220214844,17500,0.0,0.0
2013-09-02 00:00:00+09:00,386.4488414682466,400.48451367653644,383.6417070265886,392.0631103515625,42600,0.0,0.0
2013-09-03 00:00:00+09:00,395.8059387207031,401.42020735503934,392.063092964479,395.8059387207031,10400,0.0,0.0
2013-09-04 00:00:00+09:00,392.0630642186815,408.9058688867872,392.0630642186815,400.4844665527344,40900,0.0,0.0
2013-09-05 00:00:00+09:00,399.5487910730698,405.1630598000919,397.6773681640625,397.6773681640625,9600,0.0,0.0
2013-09-06 00:00:00+09:00,396.74161803323113,396.74161803323113,391.1273498535156,391.1273498535156,17800,0.0,0.0
2013-09-09 00:00:00+09:00,410.7773307011046,410.7773307011046,397.6773702687231,407.03448486328125,44500,0.0,0.0
2013-09-10 00:00:00+09:00,420.1344513923891,460.3700447328629,408.9059137159778,435.1058349609375,137500,0.0,0.0
2013-09-11 00:00:00+09:00,449.1414898927971,449.1414898927971,411.7130324017307,417.3273010253906,93900,0.0,0.0
2013-09-12 00:00:00+09:00,417.32732596960255,425.7487294084511,411.7130570103703,420.13446044921875,51700,0.0,0.0
2013-09-13 00:00:00+09:00,412.64874383900735,422.00585821177395,412.64874383900735,417.3273010253906,20900,0.0,0.0
2013-09-17 00:00:00+09:00,431.3629661482994,481.8913830073193,427.62012045503866,463.1771545410156,347200,0.0,0.0
2013-09-18 00:00:00+09:00,486.5699538725889,487.5056653223439,460.3700332794495,466.9200134277344,228800,0.0,0.0
2013-09-19 00:00:00+09:00,505.28417083265873,541.7769165039062,495.9270565579798,541.7769165039062,942500,0.0,0.0
2013-09-20 00:00:00+09:00,564.2339465963429,580.1410396181304,514.641244822535,542.7125854492188,947500,0.0,0.0
2013-09-24 00:00:00+09:00,533.3554516250281,552.069677997836,517.4483592081413,520.2554931640625,176800,0.0,0.0
2013-09-25 00:00:00+09:00,514.6412626225898,520.255530942109,478.1485185457152,483.7627868652344,194500,0.0,0.0
2013-09-26 00:00:00+09:00,478.1486066228693,519.3199152166193,478.1486066228693,514.641357421875,111600,0.0,0.0
2013-09-27 00:00:00+09:00,509.9627733852166,517.4484654716051,499.6699467664324,502.4770812988281,85200,0.0,0.0
2013-09-30 00:00:00+09:00,488.44136253563136,491.2484968030775,479.08424831081084,484.6985168457031,59500,0.0,0.0
2013-10-01 00:00:00+09:00,483.76276310974004,508.0912579663227,483.76276310974004,485.6341857910156,69900,0.0,0.0
2013-10-02 00:00:00+09:00,487.5056280006926,496.86274178189586,467.8556890601656,469.72711181640625,88300,0.0,0.0
2013-10-03 00:00:00+09:00,469.7271263884005,483.76279749562366,468.79141498125233,478.1485290527344,22100,0.0,0.0
2013-10-04 00:00:00+09:00,486.56994266321163,488.4413655196086,469.72713695563897,472.5342712402344,77800,0.0,0.0
2013-10-07 00:00:00+09:00,472.5342843735788,472.5342843735788,450.07720947265625,450.07720947265625,64800,0.0,0.0
2013-10-08 00:00:00+09:00,439.7843781778635,459.4343184794276,439.7843781778635,452.88433837890625,25000,0.0,0.0
2013-10-09 00:00:00+09:00,443.5272158203125,471.59855859375,443.5272158203125,467.855712890625,35900,0.0,0.0
2013-10-10 00:00:00+09:00,471.5985519225339,471.5985519225339,460.37001497199736,465.9842834472656,17500,0.0,0.0
2013-10-11 00:00:00+09:00,469.72712375541886,478.14852637254785,466.91998954970916,468.7914123535156,35700,0.0,0.0
2013-10-15 00:00:00+09:00,470.6628592267543,474.4057050257742,463.1771676287144,466.9200134277344,35700,0.0,0.0
2013-10-16 00:00:00+09:00,460.3700202710701,467.85571165759154,458.4985974244397,463.1771545410156,19100,0.0,0.0
2013-10-17 00:00:00+09:00,472.5343187393681,472.5343187393681,463.17720351680634,464.1129150390625,18800,0.0,0.0
2013-10-18 00:00:00+09:00,464.1128865720726,476.2771356152923,458.49861778289437,473.4700012207031,43100,0.0,0.0
2013-10-21 00:00:00+09:00,477.21280200664813,494.05560678335337,459.4342858534593,486.5699157714844,70600,0.0,0.0
2013-10-22 00:00:00+09:00,479.08426765267177,495.927073937336,479.08426765267177,490.31280517578125,67200,0.0,0.0
2013-10-23 00:00:00+09:00,494.9913726866129,495.92708416617177,478.1485660545543,480.0199890136719,49100,0.0,0.0
2013-10-24 00:00:00+09:00,478.14854220788453,481.8913879394531,469.7271393118553,481.8913879394531,18700,0.0,0.0
2013-10-25 00:00:00+09:00,480.955712556839,481.89142405986786,474.4057320356369,479.08428955078125,21800,0.0,0.0
2013-10-28 00:00:00+09:00,474.4056678771973,488.4413385244516,474.4056678771973,486.5699157714844,67900,0.0,0.0
2013-10-29 00:00:00+09:00,509.96271828348324,519.3198323804279,482.82708740234375,482.82708740234375,247200,0.0,0.0
2013-10-30 00:00:00+09:00,491.2484998042041,494.05563408879954,470.66284838383746,472.5342712402344,81600,0.0,0.0
2013-10-31 00:00:00+09:00,468.7914438963879,497.79849930714244,468.7914438963879,473.4700012207031,103200,0.0,0.0
2013-11-01 00:00:00+09:00,477.2128393750391,477.2128393750391,458.4986103799395,466.9200134277344,77900,0.0,0.0
2013-11-05 00:00:00+09:00,472.53426877416746,480.9556715840041,461.30573169438526,463.1771545410156,34000,0.0,0.0
2013-11-06 00:00:00+09:00,460.3700441433982,472.5342932772685,459.434332671562,461.3057556152344,42900,0.0,0.0
2013-11-07 00:00:00+09:00,467.85572809004134,481.89139993274256,462.2414593529608,480.9556884765625,68500,0.0,0.0
2013-11-08 00:00:00+09:00,480.0199159894671,502.4769880825416,479.08420465225566,497.7984313964844,289300,0.0,0.0
2013-11-11 00:00:00+09:00,505.2841448102679,505.2841448102679,487.50562860398065,491.24847412109375,116200,0.0,0.0
2013-11-12 00:00:00+09:00,494.9913746120825,494.9913746120825,487.50568274649333,489.3771057128906,46600,0.0,0.0
2013-11-13 00:00:00+09:00,489.3770513625372,493.1198968796503,487.50562860398065,491.24847412109375,35400,0.0,0.0
2013-11-14 00:00:00+09:00,490.312866672451,500.605694026262,490.312866672451,494.9914245605469,99800,0.0,0.0
2013-11-15 00:00:00+09:00,500.6055654081187,501.54127674533015,491.2484520360043,497.7984313964844,101700,0.0,0.0
2013-11-18 00:00:00+09:00,511.8340996698502,515.5769450056443,500.6055636624678,509.9626770019531,298500,0.0,0.0
2013-11-19 00:00:00+09:00,518.3841156213462,553.9411488228104,515.5769814212306,550.1983032226562,576200,0.0,0.0
2013-11-20 00:00:00+09:00,550.1983625682581,568.9125925875865,524.9341520421646,540.8412475585938,562100,0.0,0.0
2013-11-21 00:00:00+09:00,559.5554252560399,571.7196736311712,547.3911768809086,556.748291015625,533600,0.0,0.0
2013-11-22 00:00:00+09:00,551.1340282688242,561.4268539240993,521.1912627262055,532.4197998046875,243000,0.0,0.0
2013-11-25 00:00:00+09:00,569.8483191783034,622.2481646199865,554.876934766394,594.1768188476562,914900,0.0,0.0
2013-11-26 00:00:00+09:00,603.5338887467551,605.4053116575978,573.5911221732728,585.75537109375,380300,0.0,0.0
2013-11-27 00:00:00+09:00,598.8552989130435,616.6338155995245,580.1410708220109,581.0767822265625,307200,0.0,0.0
2013-11-28 00:00:00+09:00,579.2053035995335,580.1410149139108,561.4267886263654,578.2695922851562,130800,0.0,0.0
2013-11-29 00:00:00+09:00,578.2697070632161,579.2054185633183,564.2340345616817,571.7197265625,104100,0.0,0.0
2013-12-02 00:00:00+09:00,590.4338936309333,606.3409874371549,579.2053568265416,593.2410278320312,180800,0.0,0.0
2013-12-03 00:00:00+09:00,593.2409490769909,593.2409490769909,580.1409912109375,580.1409912109375,82500,0.0,0.0
2013-12-04 00:00:00+09:00,575.4625375282399,589.4982091752701,562.362577324345,579.2053833007812,96200,0.0,0.0
2013-12-05 00:00:00+09:00,571.7197321841592,580.1411357678866,566.105463128341,568.91259765625,75800,0.0,0.0
2013-12-06 00:00:00+09:00,563.2982865256824,580.1410924350882,563.2982865256824,569.8482666015625,43400,0.0,0.0
2013-12-09 00:00:00+09:00,570.7839017701381,583.8838601714199,568.9124791413835,578.2695922851562,66300,0.0,0.0
2013-12-10 00:00:00+09:00,575.4625033875972,593.2410197524173,575.4625033875972,586.6910400390625,130500,0.0,0.0
2013-12-11 00:00:00+09:00,575.4624871756474,582.012466704476,567.9767962855577,573.591064453125,67600,0.0,0.0
2013-12-12 00:00:00+09:00,566.1054392329982,580.1411112800973,562.3625933537718,570.7839965820312,105200,0.0,0.0
2013-12-13 00:00:00+09:00,567.0410766601562,572.6553447459004,564.2339426172841,567.0410766601562,26500,0.0,0.0
2013-12-16 00:00:00+09:00,565.1697111248335,565.1697111248335,526.8055419921875,526.8055419921875,126300,0.0,0.0
2013-12-17 00:00:00+09:00,523.9983583647629,547.3911422203327,523.9983583647629,542.7125854492188,46800,0.0,0.0
2013-12-18 00:00:00+09:00,533.3554636371073,542.7125770342495,526.8054842591077,536.16259765625,38600,0.0,0.0
2013-12-19 00:00:00+09:00,544.5840049342106,546.455427631579,529.6126233552632,533.35546875,44200,0.0,0.0
2013-12-20 00:00:00+09:00,538.034041297627,538.034041297627,523.0626592789104,524.93408203125,35000,0.0,0.0
2013-12-24 00:00:00+09:00,527.7412116082161,537.0983252892128,510.8984069824219,510.8984069824219,69200,0.0,0.0
2013-12-25 00:00:00+09:00,509.96266865901805,522.1269158013433,509.96266865901805,520.2554931640625,58100,0.0,0.0
2013-12-26 00:00:00+09:00,552.0697446347092,555.8125903610462,528.676958845103,551.134033203125,57300,0.0,0.0
2013-12-27 00:00:00+09:00,552.0697686944341,553.0054801667976,545.51978838789,549.2626342773438,15700,0.0,0.0
2013-12-30 00:00:00+09:00,551.1339837505479,568.9124993554043,548.3268497076758,567.0410766601562,56400,0.0,0.0
2014-01-06 00:00:00+09:00,566.1053653125322,580.1410355268926,564.2339426172841,567.0410766601562,71100,0.0,0.0
2014-01-07 00:00:00+09:00,569.8482022038685,569.8482022038685,556.7482435325152,560.4910888671875,40500,0.0,0.0
2014-01-08 00:00:00+09:00,557.6839866385554,570.7839460562396,551.1340069297133,565.169677734375,47200,0.0,0.0
2014-01-09 00:00:00+09:00,557.6839713116843,577.3339098981698,554.8768372279008,573.591064453125,44900,0.0,0.0
2014-01-10 00:00:00+09:00,567.0410952623043,573.5910749105487,560.4911156140599,567.976806640625,34300,0.0,0.0
2014-01-14 00:00:00+09:00,555.8125690580803,568.9125285981697,553.0054348709183,562.362548828125,34500,0.0,0.0
2014-01-15 00:00:00+09:00,560.4910544118574,589.4981039724042,560.4910544118574,580.1409912109375,173700,0.0,0.0
2014-01-16 00:00:00+09:00,607.2767595144419,611.9553169837365,575.4625687232384,583.8839721679688,220400,0.0,0.0
2014-01-17 00:00:00+09:00,583.8838637042197,596.9838221847632,575.4624618238704,587.626708984375,83900,0.0,0.0
2014-01-20 00:00:00+09:00,596.9839437223982,609.148193359375,586.6911171064949,609.148193359375,145500,0.0,0.0
2014-01-21 00:00:00+09:00,618.5052304354581,640.9623038552024,611.0195392955433,617.5695190429688,342800,0.0,0.0
2014-01-22 00:00:00+09:00,625.0552454287289,625.0552454287289,607.2767279689298,610.0838623046875,93600,0.0,0.0
2014-01-23 00:00:00+09:00,604.4695127450736,615.6980485855395,583.8838637042197,587.626708984375,103400,0.0,0.0
2014-01-24 00:00:00+09:00,577.333955034949,588.5624922479465,570.7839749940339,582.0125122070312,115800,0.0,0.0
2014-01-27 00:00:00+09:00,552.069765218099,617.5695678710938,552.069765218099,561.4268798828125,525700,0.0,0.0
2014-01-28 00:00:00+09:00,570.7840155895194,604.4696296243106,540.8412475585938,540.8412475585938,401500,0.0,0.0
2014-01-29 00:00:00+09:00,549.2625528631704,570.7839135375365,548.3268415295023,560.4910888671875,107600,0.0,0.0
2014-01-30 00:00:00+09:00,548.3269283346934,552.0697742618927,533.3555446258963,546.4555053710938,146400,0.0,0.0
2014-01-31 00:00:00+09:00,552.069728685462,560.4911313264266,527.7412321671196,538.0340576171875,93300,0.0,0.0
2014-02-03 00:00:00+09:00,509.96276025253206,521.1912980929549,491.2485305184942,498.7342224121094,185300,0.0,0.0
2014-02-04 00:00:00+09:00,453.82003252623514,480.01995192981155,445.3986298607998,456.6271667480469,188500,0.0,0.0
2014-02-05 00:00:00+09:00,451.0129072265625,473.4699814453125,449.141484375,467.855712890625,144000,0.0,0.0
2014-02-06 00:00:00+09:00,458.49858950262205,489.3770659385129,458.49858950262205,478.1485290527344,56200,0.0,0.0
2014-02-07 00:00:00+09:00,496.8627409128042,496.8627409128042,479.0842247596154,486.5699157714844,34800,0.0,0.0
2014-02-10 00:00:00+09:00,495.9270629882813,509.9627345822892,490.3127943506781,495.92706298828125,59800,0.0,0.0
2014-02-12 00:00:00+09:00,514.6413186225749,514.6413186225749,500.6056462965047,503.41278076171875,34800,0.0,0.0
2014-02-13 00:00:00+09:00,503.4127634248845,503.4127634248845,480.9556884765625,480.9556884765625,41700,0.0,0.0
2014-02-14 00:00:00+09:00,481.8913475324809,488.4413270135049,468.79138857043284,470.6628112792969,45900,0.0,0.0
2014-02-17 00:00:00+09:00,480.0200010538101,483.7628470659256,469.72717452049255,479.08428955078125,13300,0.0,0.0
2014-02-18 00:00:00+09:00,482.8271113889227,483.76282284510273,473.4699968271218,480.9556884765625,20700,0.0,0.0
2014-02-19 00:00:00+09:00,481.89141384730146,495.92708609528114,481.89141384730146,489.3771057128906,26600,0.0,0.0
2014-02-20 00:00:00+09:00,488.4413477329936,494.0556160977407,468.791408456379,476.277099609375,52000,0.0,0.0
2014-02-21 00:00:00+09:00,478.14854220788453,484.69852223812956,478.14854220788453,481.8913879394531,9100,0.0,0.0
2014-02-24 00:00:00+09:00,485.6342043950007,497.79845228928787,481.8913588890662,486.5699157714844,20900,0.0,0.0
2014-02-25 00:00:00+09:00,495.9270154402943,514.6412424380413,490.31274734097025,499.66986083984375,36500,0.0,0.0
2014-02-26 00:00:00+09:00,496.8627919824404,498.7342149277603,492.1842346191406,492.1842346191406,13400,0.0,0.0
2014-02-27 00:00:00+09:00,489.37706727020503,493.1199129089829,482.82708740234375,482.82708740234375,15400,0.0,0.0
2014-02-28 00:00:00+09:00,481.8913800697627,486.56993715781863,470.6628430584284,475.3414001464844,16000,0.0,0.0
2014-03-03 00:00:00+09:00,458.49859462948297,480.95566865215153,456.62717179426056,475.3414001464844,45100,0.0,0.0
2014-03-04 00:00:00+09:00,467.855714099242,480.0199626658223,467.855714099242,472.5342712402344,15100,0.0,0.0
2014-03-05 00:00:00+09:00,476.27715504169464,494.05567359924316,474.4057320356369,479.08428955078125,36700,0.0,0.0
2014-03-06 00:00:00+09:00,482.8271113889227,488.44138012600314,474.4057082833019,480.9556884765625,18400,0.0,0.0
2014-03-07 00:00:00+09:00,486.5699157714844,492.1841840303861,480.019936136099,486.5699157714844,18500,0.0,0.0
2014-03-10 00:00:00+09:00,493.1200014053085,498.73427087102357,479.0843277410208,494.9914245605469,28600,0.0,0.0
2014-03-11 00:00:00+09:00,487.5056324115805,490.3127665713401,482.8270754786479,483.7627868652344,15900,0.0,0.0
2014-03-12 00:00:00+09:00,488.44140458106995,495.9270966053009,479.08428955078125,479.08428955078125,15100,0.0,0.0
2014-03-13 00:00:00+09:00,479.0842536407767,481.8913879394531,477.2128307749924,481.8913879394531,14400,0.0,0.0
2014-03-14 00:00:00+09:00,472.5342754770813,479.0842555331992,465.048583984375,465.048583984375,22800,0.0,0.0
2014-03-17 00:00:00+09:00,464.1129150390625,470.6628956948557,463.17720351680634,464.1129150390625,18700,0.0,0.0
2014-03-18 00:00:00+09:00,464.11285012865824,472.534252651154,464.11285012865824,471.5985412597656,12300,0.0,0.0
2014-03-19 00:00:00+09:00,464.1129150390625,470.6628956948557,457.5629343832693,464.1129150390625,24400,0.0,0.0
2014-03-20 00:00:00+09:00,457.5628877075963,463.1771562684257,441.655793451913,446.3343505859375,43000,0.0,0.0
2014-03-24 00:00:00+09:00,442.5915125066584,459.4343184794276,442.5915125066584,452.88433837890625,166000,0.0,0.0
2014-03-25 00:00:00+09:00,457.56290110629715,466.92001564834817,449.14149801845116,450.07720947265625,14800,0.0,0.0
2014-03-26 00:00:00+09:00,450.0772029104213,454.7557601132323,444.46293426704807,448.2057800292969,10700,0.0,0.0
2014-03-27 00:00:00+09:00,452.8842888686928,523.0626394165274,436.0414847372125,485.6341857910156,217000,0.0,0.0
2014-03-28 00:00:00+09:00,486.56994389552693,486.56994389552693,464.11286956188724,477.21282958984375,71200,0.0,0.0
2014-03-31 00:00:00+09:00,475.3413921668382,483.7627947839672,464.1128553439995,468.7914123535156,41100,0.0,0.0
2014-04-01 00:00:00+09:00,468.79140188002725,474.4056701660156,465.98426773703306,474.4056701660156,18400,0.0,0.0
2014-04-02 00:00:00+09:00,478.14855410802227,482.8271113889227,476.2771311956621,480.9556884765625,37800,0.0,0.0
2014-04-03 00:00:00+09:00,486.5699815750122,486.5699815750122,476.27715504169464,479.08428955078125,14200,0.0,0.0
2014-04-04 00:00:00+09:00,488.4413679696981,494.05563656705095,479.0842536407767,481.8913879394531,40200,0.0,0.0
2014-04-07 00:00:00+09:00,484.69847445037783,486.5698971316534,477.2127837252755,485.6341857910156,17100,0.0,0.0
2014-04-08 00:00:00+09:00,489.3770513625372,491.24847412109375,470.6628237769718,491.24847412109375,39800,0.0,0.0
2014-04-09 00:00:00+09:00,494.9913755474669,494.9913755474669,482.82712624289775,494.0556640625,48800,0.0,0.0
2014-04-10 00:00:00+09:00,494.05558100905375,508.0912509240837,491.24844702604776,500.6055603027344,61800,0.0,0.0
2014-04-11 00:00:00+09:00,486.56987108303815,512.7697872182787,476.2770468870508,511.8340759277344,95300,0.0,0.0
2014-04-14 00:00:00+09:00,514.6412568933823,551.1340005640039,511.834122764873,524.93408203125,273100,0.0,0.0
2014-04-15 00:00:00+09:00,527.7411626136242,547.3910995194506,527.7411626136242,543.6482543945312,209200,0.0,0.0
2014-04-16 00:00:00+09:00,553.005392984451,568.9124855068463,528.6768985384344,529.6126098632812,399100,0.0,0.0
2014-04-17 00:00:00+09:00,534.2911873827773,542.7125896357458,514.6412487925176,518.3840942382812,113100,0.0,0.0
2014-04-18 00:00:00+09:00,536.1626426460817,547.3911796648478,520.255548536163,544.5840454101562,125500,0.0,0.0
2014-04-21 00:00:00+09:00,546.4554629073184,565.1696910890759,542.7126172709669,547.3911743164062,184900,0.0,0.0
2014-04-22 00:00:00+09:00,541.7769111554647,546.4554682466173,524.9341056273156,544.5840454101562,111200,0.0,0.0
2014-04-23 00:00:00+09:00,540.8412290470645,540.8412290470645,514.6413079167569,539.905517578125,114100,0.0,0.0
2014-04-24 00:00:00+09:00,547.3911850687136,550.1983193511172,523.9983993820165,541.7769165039062,180500,0.0,0.0
2014-04-25 00:00:00+09:00,495.9270388859897,504.3484414331103,467.8556970622544,476.277099609375,377300,0.0,0.0
2014-04-28 00:00:00+09:00,467.8556671453348,474.40564648536946,456.6271311338467,459.43426513671875,112100,0.0,0.0
2014-04-30 00:00:00+09:00,460.37005253161414,464.1128984871557,440.7201112650208,441.65582275390625,125900,0.0,0.0
2014-05-01 00:00:00+09:00,441.6557958082007,455.69146728515625,437.9129500810126,455.69146728515625,61400,0.0,0.0
2014-05-02 00:00:00+09:00,457.56289014875034,460.37002444414145,439.7843729446067,455.69146728515625,71000,0.0,0.0
2014-05-07 00:00:00+09:00,449.14147149180764,450.0771828907489,437.91293470451245,442.59149169921875,69200,0.0,0.0
2014-05-08 00:00:00+09:00,449.14148107751623,449.14148107751623,423.87727276690595,432.2986755371094,87100,0.0,0.0
2014-05-09 00:00:00+09:00,428.55583399297905,433.2343911326404,419.1987197136564,424.81298828125,60000,0.0,0.0
2014-05-12 00:00:00+09:00,430.42725742278134,430.42725742278134,402.35591454738255,403.2916259765625,56400,0.0,0.0
2014-05-13 00:00:00+09:00,404.2273254394531,420.1344192646168,400.48447983353225,404.2273254394531,82100,0.0,0.0
2014-05-14 00:00:00+09:00,419.19872389994396,422.9415696490506,405.163052340794,417.3273010253906,56300,0.0,0.0
2014-05-15 00:00:00+09:00,423.8772649408697,431.3629561539535,418.26299653105684,425.7486877441406,41200,0.0,0.0
2014-05-16 00:00:00+09:00,423.87727310771555,423.87727310771555,407.9701789734304,410.7773132324219,48400,0.0,0.0
2014-05-19 00:00:00+09:00,408.9058727446057,412.6487182617188,392.998779296875,392.998779296875,50800,0.0,0.0
2014-05-20 00:00:00+09:00,392.0631027962397,393.93452572128143,381.7702767085103,385.51312255859375,43700,0.0,0.0
2014-05-21 00:00:00+09:00,384.57741109607286,387.38454548363546,379.89885378346855,385.51312255859375,22900,0.0,0.0
2014-05-22 00:00:00+09:00,388.3202708192223,396.74167428277167,385.5131363313725,393.9345397949219,30200,0.0,0.0
2014-05-23 00:00:00+09:00,401.4202251570891,406.09878255985234,391.12739887100986,392.0631103515625,26000,0.0,0.0
2014-05-26 00:00:00+09:00,392.0631122011127,403.291650020715,391.1274007161458,401.42022705078125,66700,0.0,0.0
2014-05-27 00:00:00+09:00,408.9059077821929,411.71304216056035,401.4202161065464,407.03448486328125,33800,0.0,0.0
2014-05-28 00:00:00+09:00,400.484470892706,416.3915643627434,400.484470892706,414.5201416015625,44000,0.0,0.0
2014-05-29 00:00:00+09:00,410.77732740129744,420.1344419206892,409.8416159493583,419.19873046875,67300,0.0,0.0
2014-05-30 00:00:00+09:00,419.19867965214934,423.87723634469563,413.58441162109375,413.58441162109375,46800,0.0,0.0
2014-06-02 00:00:00+09:00,418.2630030258479,428.55582860366525,416.39158019351754,427.6201171875,36600,0.0,0.0
2014-06-03 00:00:00+09:00,430.42725014475593,433.23438438483043,421.07013601117427,422.9415588378906,57200,0.0,0.0
2014-06-04 00:00:00+09:00,423.87725970005886,431.3629508205897,422.94154830999247,428.5558166503906,44800,0.0,0.0
2014-06-05 00:00:00+09:00,428.5558363815834,434.17010498046875,425.7487020821407,434.17010498046875,30100,0.0,0.0
2014-06-06 00:00:00+09:00,433.23438292158414,440.7200742031666,431.36296010118855,439.78436279296875,62700,0.0,0.0
2014-06-09 00:00:00+09:00,445.3986258960426,445.3986258960426,439.784357502395,442.59149169921875,62600,0.0,0.0
2014-06-10 00:00:00+09:00,444.46293194410896,444.46293194410896,435.1058175873909,438.8486633300781,61000,0.0,0.0
2014-06-11 00:00:00+09:00,438.8486408906824,445.39862060546875,435.10579533937596,445.39862060546875,42300,0.0,0.0
2014-06-12 00:00:00+09:00,445.3985951223587,462.2413991395908,442.5914611194867,459.43426513671875,174500,0.0,0.0
2014-06-13 00:00:00+09:00,463.1771439420963,477.2128149706446,461.3057211382898,468.7914123535156,158800,0.0,0.0
2014-06-16 00:00:00+09:00,477.21281894417695,482.82708740234375,474.40568471509357,482.82708740234375,120000,0.0,0.0
2014-06-17 00:00:00+09:00,487.5056642846586,502.4770474488708,480.9556841503158,488.4413757324219,223300,0.0,0.0
2014-06-18 00:00:00+09:00,491.2485305184942,499.6699338988113,489.37710754509044,498.7342224121094,110100,0.0,0.0
2014-06-19 00:00:00+09:00,500.6055637193133,500.6055637193133,481.8913370382175,493.119873046875,108200,0.0,0.0
2014-06-20 00:00:00+09:00,488.4413385244516,494.05560678335337,485.6342043950007,486.5699157714844,52400,0.0,0.0
2014-06-23 00:00:00+09:00,495.92708703243375,495.92708703243375,486.5699721827652,494.0556640625,51600,0.0,0.0
2014-06-24 00:00:00+09:00,491.2484968030775,491.2484968030775,483.7628054232211,484.6985168457031,65600,0.0,0.0
2014-06-25 00:00:00+09:00,482.8270725949981,486.56991811899036,473.4699587850175,474.4056701660156,65700,0.0,0.0
2014-06-26 00:00:00+09:00,474.40567543393087,480.95565517364986,470.6628298683772,471.5985412597656,26900,0.0,0.0
2014-06-27 00:00:00+09:00,467.8557226262941,472.53427985255706,451.9486280570001,457.5628967285156,89300,0.0,0.0
2014-06-30 00:00:00+09:00,464.11285528079236,464.11285528079236,444.46291584350075,447.2700500488281,75600,0.0,0.0
2014-07-01 00:00:00+09:00,453.82003657023114,454.75574798583983,449.1414794921875,449.1414794921875,59400,0.0,0.0
2014-07-02 00:00:00+09:00,453.82005094750525,464.1128768452837,452.8843395022527,457.5628967285156,61600,0.0,0.0
2014-07-03 00:00:00+09:00,459.4342931717161,478.14852099948456,459.4342931717161,471.5985412597656,110600,0.0,0.0
2014-07-04 00:00:00+09:00,478.1485021147529,478.1485021147529,470.6628112792969,470.6628112792969,50800,0.0,0.0
2014-07-07 00:00:00+09:00,477.21280960809617,478.14852099948456,468.7914070856003,471.5985412597656,49600,0.0,0.0
2014-07-08 00:00:00+09:00,477.21280960809617,477.21280960809617,468.7914070856003,471.5985412597656,26100,0.0,0.0
2014-07-09 00:00:00+09:00,473.4699573288876,473.4699573288876,467.8556890601656,469.72711181640625,33600,0.0,0.0
2014-07-10 00:00:00+09:00,466.9200068575516,475.3414097868461,464.11287254778676,465.048583984375,34300,0.0,0.0
2014-07-11 00:00:00+09:00,457.5628860011245,469.7271345042219,454.755751731179,463.1771545410156,32800,0.0,0.0
2014-07-14 00:00:00+09:00,463.1771053669424,466.91995066283687,461.3056827189952,462.24139404296875,16300,0.0,0.0
2014-07-15 00:00:00+09:00,468.79137331078414,468.79137331078414,458.49854874707427,462.24139404296875,45000,0.0,0.0
2014-07-16 00:00:00+09:00,465.048577387646,468.7914230809067,463.1771545410156,463.1771545410156,39900,0.0,0.0
2014-07-17 00:00:00+09:00,475.34142415042925,477.2128470801553,466.9200209666618,473.4700012207031,88500,0.0,0.0
2014-07-18 00:00:00+09:00,472.534298213121,533.3555445177801,470.6628752499007,515.5770263671875,690500,0.0,0.0
2014-07-22 00:00:00+09:00,538.0340707940347,575.4625278927502,519.319842244677,541.7769165039062,895800,0.0,0.0
2014-07-23 00:00:00+09:00,570.7839172256763,596.0481233979602,523.0626389002508,536.16259765625,1032200,0.0,0.0
2014-07-24 00:00:00+09:00,528.6770815319485,550.1984494527181,524.9342349370321,538.9699096679688,225000,0.0,0.0
2014-07-25 00:00:00+09:00,550.1983193511172,552.069742206053,529.6126679468238,541.7769165039062,164500,0.0,0.0
2014-07-28 00:00:00+09:00,541.7769165039062,549.2626079236494,534.2912250841632,541.7769165039062,169800,0.0,0.0
2014-07-29 00:00:00+09:00,543.6483314354103,545.5197542630709,530.5483716417859,535.2269287109375,88700,0.0,0.0
2014-07-30 00:00:00+09:00,531.4840460526316,537.0983141447368,526.8054893092105,533.35546875,91500,0.0,0.0
2014-07-31 00:00:00+09:00,536.1626752488156,536.1626752488156,526.8055604975274,527.7412719726562,46700,0.0,0.0
2014-08-01 00:00:00+09:00,520.2555734408104,552.0697631835938,519.3198619777874,552.0697631835938,213600,0.0,0.0
2014-08-04 00:00:00+09:00,557.6840486309039,578.2697014327158,544.5840877570236,574.52685546875,285000,0.0,0.0
2014-08-05 00:00:00+09:00,589.4982411311223,592.3053756126991,573.5911457355206,583.8839721679688,296400,0.0,0.0
2014-08-06 00:00:00+09:00,575.4625725629091,585.7553990640343,561.4269000613748,571.7197265625,165600,0.0,0.0
2014-08-07 00:00:00+09:00,570.7839697265625,603.5338696289062,561.42685546875,584.8196411132812,234400,0.0,0.0
2014-08-08 00:00:00+09:00,589.4981689453125,596.9838599795387,562.3625389462426,589.4981689453125,206400,0.0,0.0
2014-08-11 00:00:00+09:00,608.2123554616735,653.1264986342278,604.469510197294,645.6408081054688,321800,0.0,0.0
2014-08-12 00:00:00+09:00,634.4123868075284,650.319482051965,623.1838489879261,648.4480590820312,175500,0.0,0.0
2014-08-13 00:00:00+09:00,643.769463672405,698.0407265982764,631.6052150855718,689.6193237304688,443200,0.0,0.0
2014-08-14 00:00:00+09:00,697.105007223887,716.7549470248288,667.1622418129281,683.0693359375,450000,0.0,0.0
2014-08-15 00:00:00+09:00,678.390844244706,727.0478427284643,675.5837097167969,711.1407470703125,293200,0.0,0.0
2014-08-18 00:00:00+09:00,707.3978397764009,743.8905854791517,693.3621683522659,732.6620483398438,314100,0.0,0.0
2014-08-19 00:00:00+09:00,745.7620301468052,868.3402308359287,743.8906072355207,826.2332153320312,806400,0.0,0.0
2014-08-20 00:00:00+09:00,822.4903378845077,845.8831233761034,781.3190354192991,821.5546264648438,436800,0.0,0.0
2014-08-21 00:00:00+09:00,829.0403152676771,829.9760266844578,800.0332613474762,812.197509765625,136200,0.0,0.0
2014-08-22 00:00:00+09:00,795.3546512021693,799.0974966195913,734.5334131690623,742.0191040039062,350900,0.0,0.0
2014-08-25 00:00:00+09:00,767.2833623213199,802.8403961849908,757.9262481466696,769.15478515625,234100,0.0,0.0
2014-08-26 00:00:00+09:00,776.6404327392578,783.1904122924805,712.0763485717773,748.569091796875,320900,0.0,0.0
2014-08-27 00:00:00+09:00,759.797645462391,814.0689058525618,756.9905113042787,804.7117919921875,406800,0.0,0.0
2014-08-28 00:00:00+09:00,797.2261220104289,823.4260415131191,788.8047193131357,793.4832763671875,252200,0.0,0.0
2014-08-29 00:00:00+09:00,797.22607421875,801.9046309923342,776.6404244149795,797.22607421875,70300,0.0,0.0
2014-09-01 00:00:00+09:00,804.7118132969118,807.5189475293429,781.3190280266527,793.4832763671875,90800,0.0,0.0
2014-09-02 00:00:00+09:00,789.7403981278583,791.611820872237,762.6047683343654,767.2833251953125,111100,0.0,0.0
2014-09-03 00:00:00+09:00,759.7976250370846,776.6404295329805,736.4048410150069,739.2119750976562,167600,0.0,0.0
2014-09-04 00:00:00+09:00,751.3761783429046,764.476136620365,739.2119313709771,752.3118896484375,98400,0.0,0.0
2014-09-05 00:00:00+09:00,752.3119351432772,761.6690487644623,726.1120170039592,760.7333374023438,146900,0.0,0.0
2014-09-08 00:00:00+09:00,771.9619247939561,774.7690590659341,757.926253434066,766.34765625,53700,0.0,0.0
2014-09-09 00:00:00+09:00,753.2476546124714,776.6404389172066,742.9548295183879,767.2833251953125,91900,0.0,0.0
2014-09-10 00:00:00+09:00,751.3762550946963,767.2833489136375,720.4977788579279,722.3692016601562,159900,0.0,0.0
2014-09-11 00:00:00+09:00,721.4335204093686,734.5334805724441,695.2336000832178,696.1693115234375,158000,0.0,0.0
2014-09-12 00:00:00+09:00,697.1050306134789,710.2049909203095,697.1050306134789,702.7192993164062,64600,0.0,0.0
2014-09-16 00:00:00+09:00,702.7192908017234,718.626385267275,702.7192908017234,717.690673828125,54700,0.0,0.0
2014-09-17 00:00:00+09:00,722.3692607729454,722.3692607729454,709.269300085353,713.0121459960938,27200,0.0,0.0
2014-09-18 00:00:00+09:00,713.0121010100224,713.0121010100224,701.7835639862426,704.5906982421875,59800,0.0,0.0
2014-09-19 00:00:00+09:00,702.7192892547524,703.6550006918427,662.4836974598732,686.8121948242188,128900,0.0,0.0
2014-09-22 00:00:00+09:00,668.0979766845703,683.0693599155971,662.4837079729353,681.1979370117188,52400,0.0,0.0
2014-09-24 00:00:00+09:00,667.1621934515405,725.1762972299354,665.2907707490117,698.9763793945312,70000,0.0,0.0
2014-09-25 00:00:00+09:00,709.2692193304742,709.2692193304742,664.3550735153518,669.0336303710938,110500,0.0,0.0
2014-09-26 00:00:00+09:00,669.0336621602377,679.3264877319336,664.355105082194,673.7122192382812,35600,0.0,0.0
2014-09-29 00:00:00+09:00,673.7122785541374,673.7122785541374,655.933760092292,664.3551635742188,47700,0.0,0.0
2014-09-30 00:00:00+09:00,660.6123624722633,660.6123624722633,626.9267462555473,632.541015625,65400,0.0,0.0
2014-10-01 00:00:00+09:00,631.6051840782166,631.6051840782166,597.9195742607117,598.8552856445312,104000,0.0,0.0
2014-10-02 00:00:00+09:00,580.1411244146987,605.4053346714678,570.7840095047842,574.52685546875,102600,0.0,0.0
2014-10-03 00:00:00+09:00,589.498226468337,601.6624755859375,584.8196691154136,601.6624755859375,65100,0.0,0.0
2014-10-06 00:00:00+09:00,607.2767270688657,636.2837818287037,606.3410156250001,631.605224609375,67300,0.0,0.0
2014-10-07 00:00:00+09:00,630.6695639527875,633.4766985104408,606.341064453125,606.341064453125,48800,0.0,0.0
2014-10-08 00:00:00+09:00,589.4981202681246,611.0194802144212,584.8195637580601,605.4052124023438,28000,0.0,0.0
2014-10-09 00:00:00+09:00,614.7624436537683,616.6338666177066,575.4625614110616,577.333984375,49200,0.0,0.0
2014-10-10 00:00:00+09:00,566.1054051503414,570.7839622176996,533.355505678834,556.748291015625,113700,0.0,0.0
2014-10-14 00:00:00+09:00,611.0195698405421,650.319450289704,591.3696296159611,643.7694702148438,692900,0.0,0.0
2014-10-15 00:00:00+09:00,633.476665585816,645.6409147034166,581.076823233075,601.6624755859375,330000,0.0,0.0
2014-10-16 00:00:00+09:00,580.1410551525298,647.5122744605655,575.4624982561385,589.4981689453125,263000,0.0,0.0
2014-10-17 00:00:00+09:00,608.2124224101028,683.0693359375,608.2124224101028,683.0693359375,962700,0.0,0.0
2014-10-20 00:00:00+09:00,800.9689354313814,814.0688946557265,704.5906639951287,712.0763549804688,1595600,0.0,0.0
2014-10-21 00:00:00+09:00,693.3621683522659,772.8976397556972,688.6836112108876,732.6620483398438,806000,0.0,0.0
2014-10-22 00:00:00+09:00,747.6333721300392,761.6690424453716,713.9477633732414,742.0191040039062,419100,0.0,0.0
2014-10-23 00:00:00+09:00,748.569156701891,870.2116446659483,739.2120422431174,841.20458984375,1886500,0.0,0.0
2014-10-24 00:00:00+09:00,813.13318859282,840.26881859189,757.9262172154018,785.99755859375,730400,0.0,0.0
2014-10-27 00:00:00+09:00,828.1045468721776,879.5686712540644,790.67609277626,809.3903198242188,1148100,0.0,0.0
2014-10-28 00:00:00+09:00,837.4616813200066,893.6043638665992,757.9262143790004,776.6404418945312,1571500,0.0,0.0
2014-10-29 00:00:00+09:00,762.604818274842,840.2688672525254,739.2120324381905,772.8976440429688,1139200,0.0,0.0
2014-10-30 00:00:00+09:00,759.7976498680256,769.1547637826565,720.4977714265759,758.8619384765625,449900,0.0,0.0
2014-10-31 00:00:00+09:00,753.2476887866118,781.3190312258644,732.6620376644933,738.2763061523438,339700,0.0,0.0
2014-11-04 00:00:00+09:00,721.4335087903258,753.2476972454116,717.6906630897275,723.304931640625,334100,0.0,0.0
2014-11-05 00:00:00+09:00,756.0548371550325,757.9262600192776,692.426459770698,720.497802734375,617400,0.0,0.0
2014-11-06 00:00:00+09:00,732.6621175990238,738.2763866993994,701.7836375469576,708.3336181640625,271000,0.0,0.0
2014-11-07 00:00:00+09:00,719.5621166664482,719.5621166664482,688.683638317953,697.1050415039062,204000,0.0,0.0
2014-11-10 00:00:00+09:00,698.0407463103417,726.1120899957441,697.1050348541615,721.4335327148438,178100,0.0,0.0
2014-11-11 00:00:00+09:00,717.6905941477644,727.9834188356723,709.2691921303851,716.7548828125,138600,0.0,0.0
2014-11-12 00:00:00+09:00,733.5977615655637,814.0689445944394,721.4335129681756,763.54052734375,850200,0.0,0.0
2014-11-13 00:00:00+09:00,757.9262727476572,771.9619444652064,741.0834666865982,745.7620239257812,246700,0.0,0.0
2014-11-14 00:00:00+09:00,747.633476488518,751.3763224283854,730.7906697591146,741.08349609375,150000,0.0,0.0
2014-11-17 00:00:00+09:00,756.0548588048175,770.0905306885703,730.7906494140625,730.7906494140625,145800,0.0,0.0
2014-11-18 00:00:00+09:00,732.6620454261051,752.3119853417478,730.7906225769963,744.8262939453125,95300,0.0,0.0
2014-11-19 00:00:00+09:00,753.2477046068697,756.0548389097524,734.5334759209848,751.3762817382812,101100,0.0,0.0
2014-11-20 00:00:00+09:00,749.5048627592283,749.5048627592283,714.8835395106747,717.690673828125,216100,0.0,0.0
2014-11-21 00:00:00+09:00,716.7548742884861,739.2119460677598,707.397761047122,710.2048950195312,142700,0.0,0.0
2014-11-25 00:00:00+09:00,715.8192968004532,740.1477957766779,713.9478738022822,735.46923828125,96700,0.0,0.0
2014-11-26 00:00:00+09:00,727.0478219815227,743.8906286683533,727.0478219815227,731.7263793945312,68000,0.0,0.0
2014-11-27 00:00:00+09:00,727.047782759233,739.2120313768263,720.497802734375,720.497802734375,59800,0.0,0.0
2014-11-28 00:00:00+09:00,736.4049312518661,747.6334689583748,724.240682069815,734.5335083007812,185100,0.0,0.0
2014-12-01 00:00:00+09:00,723.304950171971,732.6620646631995,715.8192585789881,724.2406616210938,99600,0.0,0.0
2014-12-02 00:00:00+09:00,749.5048540488057,771.9619283274216,728.9192026267411,732.6620483398438,375900,0.0,0.0
2014-12-03 00:00:00+09:00,737.3405544914334,741.0833999457046,725.1763067650519,727.0477294921875,102700,0.0,0.0
2014-12-04 00:00:00+09:00,728.9192056234781,729.8549170556006,720.497802734375,720.497802734375,121100,0.0,0.0
2014-12-05 00:00:00+09:00,731.7263663716059,760.7334218160046,727.0478090418642,727.9835205078125,449800,0.0,0.0
2014-12-08 00:00:00+09:00,736.404910459691,736.404910459691,721.4335272737252,724.2406616210938,118500,0.0,0.0
2014-12-09 00:00:00+09:00,721.4335793982724,725.1764254651895,706.462195130604,708.3336181640625,110800,0.0,0.0
2014-12-10 00:00:00+09:00,703.6549921874999,704.5907036132812,697.1050122070312,701.7835693359375,109200,0.0,0.0
2014-12-11 00:00:00+09:00,697.1049730097888,712.0763549804688,690.5549933976162,712.0763549804688,65200,0.0,0.0
2014-12-12 00:00:00+09:00,711.1407304027146,720.4978452764345,710.2050189153425,719.5621337890625,64800,0.0,0.0
2014-12-15 00:00:00+09:00,712.0764642309796,715.8193102978968,706.462195130604,708.3336181640625,40900,0.0,0.0
2014-12-16 00:00:00+09:00,748.5691438840882,826.2331925620623,731.7263381466962,785.0618896484375,1481700,0.0,0.0
2014-12-17 00:00:00+09:00,781.3190516903317,807.5189719865344,708.333559436624,717.690673828125,1153100,0.0,0.0
2014-12-18 00:00:00+09:00,739.2120492007931,755.1191439304304,709.2692826508875,742.9548950195312,415600,0.0,0.0
2014-12-19 00:00:00+09:00,756.9905367292047,771.961919408645,745.7619997196243,769.15478515625,259200,0.0,0.0
2014-12-22 00:00:00+09:00,767.2833730660233,788.8047359690946,757.92625876034,763.54052734375,291200,0.0,0.0
2014-12-24 00:00:00+09:00,758.8620506598025,763.5406083087532,727.9835701767279,733.5978393554688,217600,0.0,0.0
2014-12-25 00:00:00+09:00,729.8549528301887,757.9262971698113,726.112106918239,743.890625,276900,0.0,0.0
2014-12-26 00:00:00+09:00,748.5691415674005,783.1904643648927,745.7620072865227,775.7047729492188,260700,0.0,0.0
2014-12-29 00:00:00+09:00,771.9618528146777,830.9116670296168,770.0904301411875,805.6474609375,416800,0.0,0.0
2014-12-30 00:00:00+09:00,815.9403369689255,835.5902762766634,810.3260685952862,832.7831420898438,452500,0.0,0.0
2015-01-05 00:00:00+09:00,870.2115801297701,973.1398315429688,867.4044460003192,973.1398315429688,771100,0.0,0.0
2015-01-06 00:00:00+09:00,1085.4252200909514,1253.853271484375,1076.0681061246503,1253.853271484375,1994400,0.0,0.0
2015-01-07 00:00:00+09:00,1315.6100542622228,1387.6598225255166,1125.6606652044482,1160.281982421875,4850400,0.0,0.0
2015-01-08 00:00:00+09:00,1272.567532416763,1329.6459290913383,1169.6392761183483,1215.4891357421875,2420800,0.0,0.0
2015-01-09 00:00:00+09:00,1206.132093942644,1211.7463628050612,1076.0681986299771,1095.7181396484375,906600,0.0,0.0
2015-01-13 00:00:00+09:00,1060.161123733794,1110.6895444589704,1018.9898179577243,1044.2540283203125,646300,0.0,0.0
2015-01-14 00:00:00+09:00,1099.4610302690146,1169.639393903207,1018.989839968474,1033.0255126953125,937000,0.0,0.0
2015-01-15 00:00:00+09:00,1065.7752897843072,1115.3679942255435,1038.6396590523098,1054.5467529296875,665700,0.0,0.0
2015-01-16 00:00:00+09:00,1035.8325394055075,1136.88937251824,1033.9611165700865,1132.2108154296875,664400,0.0,0.0
2015-01-19 00:00:00+09:00,1131.2749859269259,1197.7104896496817,1091.0393991652568,1175.25341796875,681900,0.0,0.0
2015-01-20 00:00:00+09:00,1197.710775862069,1366.1388537176724,1174.317987271013,1356.78173828125,2666000,0.0,0.0
2015-01-21 00:00:00+09:00,1300.63872824386,1344.6171600621776,1183.6748138334408,1223.910400390625,1333300,0.0,0.0
2015-01-22 00:00:00+09:00,1132.2109095982144,1159.34654296875,1101.3324302455358,1146.24658203125,495100,0.0,0.0
2015-01-23 00:00:00+09:00,1169.6392668395483,1184.6106494550945,1084.4895282136292,1113.49658203125,373500,0.0,0.0
2015-01-26 00:00:00+09:00,1113.4965971532447,1156.5393227574878,1084.4895429416895,1148.117919921875,237000,0.0,0.0
2015-01-27 00:00:00+09:00,1168.703516915256,1168.703516915256,1123.789370548617,1133.146484375,224600,0.0,0.0
2015-01-28 00:00:00+09:00,1113.496566343499,1205.1962835717873,1112.5608549432104,1164.960693359375,311800,0.0,0.0
2015-01-29 00:00:00+09:00,1303.446094595102,1344.6173998084435,1208.0035234187199,1216.4249267578125,1465700,0.0,0.0
2015-01-30 00:00:00+09:00,1225.7819895853984,1233.2676811248512,1135.9536911119646,1179.93212890625,478500,0.0,0.0
2015-02-02 00:00:00+09:00,1197.7106408227849,1197.7106408227849,1151.8607803537877,1182.7392578125,271000,0.0,0.0
2015-02-03 00:00:00+09:00,1176.189224420887,1197.7105865224626,1122.8536748648087,1124.72509765625,342700,0.0,0.0
2015-02-04 00:00:00+09:00,1133.1464858055115,1207.0676851272583,1133.1464858055115,1197.7105712890625,308200,0.0,0.0
2015-02-05 00:00:00+09:00,1197.7106606317411,1253.8533478488541,1183.674988827463,1214.553466796875,524300,0.0,0.0
2015-02-06 00:00:00+09:00,1253.853167654454,1300.6387336117098,1206.1318903780532,1221.103271484375,832700,0.0,0.0
2015-02-09 00:00:00+09:00,1230.4605922479739,1323.096028470445,1222.039188955022,1302.5103759765625,902300,0.0,0.0
2015-02-10 00:00:00+09:00,1280.9889418945313,1448.481287109375,1269.7604047851562,1403.567138671875,2352100,0.0,0.0
2015-02-12 00:00:00+09:00,1455.0313444684266,1513.9811674275975,1440.9956723352907,1469.0670166015625,1509000,0.0,0.0
2015-02-13 00:00:00+09:00,1416.6671596077242,1429.7671201324983,1344.6173767214661,1372.688720703125,596300,0.0,0.0
2015-02-16 00:00:00+09:00,1356.7815256761778,1420.4099006734054,1280.0531911206974,1318.4173583984375,522500,0.0,0.0
2015-02-17 00:00:00+09:00,1298.767369988952,1390.467083431976,1281.9245654790088,1389.5313720703125,458500,0.0,0.0
2015-02-18 00:00:00+09:00,1398.888757745151,1407.310161637931,1348.36033438847,1356.78173828125,368500,0.0,0.0
2015-02-19 00:00:00+09:00,1373.624292044243,1373.624292044243,1310.931630213886,1316.5458984375,235600,0.0,0.0
2015-02-20 00:00:00+09:00,1309.9958817560055,1347.4243355204626,1298.7673456266682,1314.6744384765625,214300,0.0,0.0
2015-02-23 00:00:00+09:00,1328.7103416198136,1359.5888213898513,1312.803245980703,1341.810302734375,234900,0.0,0.0
2015-02-24 00:00:00+09:00,1365.203034447842,1422.281434106045,1356.7816312195823,1369.881591796875,612700,0.0,0.0
2015-02-25 00:00:00+09:00,1366.1387792563537,1379.2387401533324,1339.0031459697548,1353.038818359375,205900,0.0,0.0
2015-02-26 00:00:00+09:00,1362.3960620777027,1386.7245631862331,1324.0318872527125,1350.2318115234375,338300,0.0,0.0
2015-02-27 00:00:00+09:00,1352.1030391542251,1365.2029993951658,1321.2245614434366,1324.9674072265625,243700,0.0,0.0
2015-03-02 00:00:00+09:00,1311.8672142281066,1321.2243270257393,1263.2102276804164,1273.5030517578125,369000,0.0,0.0
2015-03-03 00:00:00+09:00,1266.9532308498838,1267.8889422463756,1199.5820103024748,1232.3319091796875,430900,0.0,0.0
2015-03-04 00:00:00+09:00,1188.3534376485266,1243.5604083739306,1186.4820149120721,1230.46044921875,192200,0.0,0.0
2015-03-05 00:00:00+09:00,1203.3248187085792,1235.1390052063177,1199.581973238257,1208.9390869140625,106000,0.0,0.0
2015-03-06 00:00:00+09:00,1193.9677257537842,1207.0676851272583,1193.0320143699646,1197.7105712890625,173900,0.0,0.0
2015-03-09 00:00:00+09:00,1188.3535107421874,1193.0320678710937,1161.2178793945313,1169.6392822265625,135400,0.0,0.0
2015-03-10 00:00:00+09:00,1169.6392302319166,1238.8818726616462,1169.6392302319166,1219.23193359375,211100,0.0,0.0
2015-03-11 00:00:00+09:00,1202.3891697722922,1290.3460428918218,1202.3891697722922,1282.8603515625,298600,0.0,0.0
2015-03-12 00:00:00+09:00,1294.0888615394706,1299.7031299192513,1236.0747549484024,1253.853271484375,236500,0.0,0.0
2015-03-13 00:00:00+09:00,1247.303160444626,1255.7245621280479,1195.8390390459354,1213.6175537109375,286200,0.0,0.0
2015-03-16 00:00:00+09:00,1204.2606585895846,1207.0677929918913,1177.125026033953,1184.6107177734375,135300,0.0,0.0
2015-03-17 00:00:00+09:00,1180.8678609979977,1203.324936009053,1178.9964380804097,1190.2249755859375,88300,0.0,0.0
2015-03-18 00:00:00+09:00,1197.7105815347722,1200.5177157102441,1170.574951171875,1170.574951171875,91800,0.0,0.0
2015-03-19 00:00:00+09:00,1170.5750512057416,1197.7106838875693,1170.5750512057416,1181.8035888671875,81600,0.0,0.0
2015-03-20 00:00:00+09:00,1181.8035779010602,1202.3892300893604,1176.1893091224329,1187.4178466796875,70800,0.0,0.0
2015-03-23 00:00:00+09:00,1192.0962217294486,1194.9033556895652,1175.25341796875,1175.25341796875,68500,0.0,0.0
2015-03-24 00:00:00+09:00,1176.1894255126754,1178.99656017977,1141.5680979518409,1149.989501953125,143700,0.0,0.0
2015-03-25 00:00:00+09:00,1141.5680641351744,1143.4394871911338,1119.110987463663,1126.5966796875,160200,0.0,0.0
2015-03-26 00:00:00+09:00,1126.596471662352,1127.5321830175533,1105.0751104927224,1106.946533203125,74200,0.0,0.0
2015-03-27 00:00:00+09:00,1108.8261440866363,1174.6039661934706,1106.9467777407267,1155.810302734375,109500,5.0,0.0
2015-03-30 00:00:00+09:00,1129.498994954427,1259.1752522786458,1115.4037495930988,1240.381591796875,480200,0.0,0.0
2015-03-31 00:00:00+09:00,1225.346684301181,1225.346684301181,1178.3625322957678,1193.3974609375,174600,0.0,0.0
2015-04-01 00:00:00+09:00,1202.7944472111553,1202.7944472111553,1146.4134574981324,1179.3023681640625,82300,0.0,0.0
2015-04-02 00:00:00+09:00,1164.267422853153,1175.5436206531836,1146.4134430031047,1153.930908203125,88900,0.0,0.0
2015-04-03 00:00:00+09:00,1152.9911915787734,1179.3023190149638,1141.7149941061202,1143.5943603515625,64600,0.0,0.0
2015-04-06 00:00:00+09:00,1160.5086475605867,1168.026112484056,1146.4134008290816,1151.11181640625,65000,0.0,0.0
2015-04-07 00:00:00+09:00,1152.9913189687309,1155.810368648361,1130.4389215316896,1152.0516357421875,76600,0.0,0.0
2015-04-08 00:00:00+09:00,1152.991137045059,1168.9657493757566,1152.0514539667827,1164.267333984375,69500,0.0,0.0
2015-04-09 00:00:00+09:00,1174.6037987644536,1179.3022139595114,1152.051405828176,1152.9910888671875,44500,0.0,0.0
2015-04-10 00:00:00+09:00,1156.7498437099769,1165.2069912269467,1142.6545978483607,1146.413330078125,74100,0.0,0.0
2015-04-13 00:00:00+09:00,1142.6544550619835,1151.1116015221462,1131.3782597817665,1137.016357421875,58900,0.0,0.0
2015-04-14 00:00:00+09:00,1137.956322248592,1137.956322248592,1127.6198073479027,1131.3785400390625,91000,0.0,0.0
2015-04-15 00:00:00+09:00,1130.4387264440556,1149.232387731571,1128.559360315304,1138.8958740234375,47500,0.0,0.0
2015-04-16 00:00:00+09:00,1147.3529417438272,1153.9307227366255,1134.1973797582305,1141.71484375,57800,0.0,0.0
2015-04-17 00:00:00+09:00,1143.5943035933958,1149.2324020498957,1138.8958882129791,1139.8355712890625,44100,0.0,0.0
2015-04-20 00:00:00+09:00,1137.0166532271135,1148.2928514409361,1128.5595045667467,1132.3182373046875,61000,0.0,0.0
2015-04-21 00:00:00+09:00,1133.2577496742063,1134.197432717054,1115.4037718601019,1121.0418701171875,93400,0.0,0.0
2015-04-22 00:00:00+09:00,1118.2228409282784,1136.0768190607466,1118.2228409282784,1130.438720703125,57800,0.0,0.0
2015-04-23 00:00:00+09:00,1126.6800678507486,1129.49911722819,1122.9213353474936,1127.6197509765625,32600,0.0,0.0
2015-04-24 00:00:00+09:00,1127.6196001838236,1198.0958251953125,1119.1624531824448,1198.0958251953125,211600,0.0,0.0
2015-04-27 00:00:00+09:00,1188.6991997828998,1221.5881104488296,1168.9658533833417,1179.3023681640625,256500,0.0,0.0
2015-04-28 00:00:00+09:00,1094.7308244203266,1158.6292759744745,1093.7911413092363,1142.6546630859375,363500,0.0,0.0
2015-04-30 00:00:00+09:00,1115.403687671107,1132.3179811656985,1082.514783653846,1099.4290771484375,171300,0.0,0.0
2015-05-01 00:00:00+09:00,1081.5750600069655,1085.3337917532972,1039.289327860733,1048.6861572265625,165100,0.0,0.0
2015-05-07 00:00:00+09:00,1037.4102265841414,1037.4102265841414,1003.5816322390062,1017.6768798828125,90600,0.0,0.0
2015-05-08 00:00:00+09:00,1000.7623669332709,1037.4100029054753,1000.7623669332709,1023.3147583007812,60700,0.0,0.0
2015-05-11 00:00:00+09:00,1028.952929993526,1043.0481756098754,1011.0989522128162,1012.0386352539062,63100,0.0,0.0
2015-05-12 00:00:00+09:00,1012.0385791989531,1041.1687518592757,982.9084065386304,1036.4703369140625,150900,0.0,0.0
2015-05-13 00:00:00+09:00,1033.6512865339007,1057.143361227853,1016.7369927542551,1052.4449462890625,92400,0.0,0.0
2015-05-14 00:00:00+09:00,1061.8417889372117,1077.816399921223,1053.3846419456763,1069.3592529296875,68600,0.0,0.0
2015-05-15 00:00:00+09:00,1075.9371286516111,1075.9371286516111,1019.556143744103,1027.0736083984375,118700,0.0,0.0
2015-05-18 00:00:00+09:00,1022.375248015873,1022.375248015873,1000.7625359714198,1006.400634765625,58300,0.0,0.0
2015-05-19 00:00:00+09:00,1006.4005269292576,1017.6767233094173,1006.4005269292576,1007.3402099609375,39300,0.0,0.0
2015-05-20 00:00:00+09:00,1014.8577543995557,1016.7371206114067,1002.641874022524,1004.521240234375,38900,0.0,0.0
2015-05-21 00:00:00+09:00,1005.4607907632239,1015.7973035654627,999.8226928710938,999.8226928710938,42700,0.0,0.0
2015-05-22 00:00:00+09:00,999.8227769886364,1043.0481977982954,999.8227769886364,1033.6513671875,127000,0.0,0.0
2015-05-25 00:00:00+09:00,1043.0481338851914,1046.8068658991922,1014.8576437801863,1021.4354248046875,58700,0.0,0.0
2015-05-26 00:00:00+09:00,1044.9276147867085,1047.7466641071765,1016.7371215820312,1016.7371215820312,104200,0.0,0.0
2015-05-27 00:00:00+09:00,1015.7974660893003,1022.375248015873,1001.7022191037873,1006.400634765625,59500,0.0,0.0
2015-05-28 00:00:00+09:00,1006.4005291256294,1010.1592612605524,987.6068684510145,991.3656005859375,95000,0.0,0.0
2015-05-29 00:00:00+09:00,988.5465514847452,996.0640157545912,983.8481363160915,991.3656005859375,84200,0.0,0.0
2015-06-01 00:00:00+09:00,1020.495782623716,1043.0481756098754,1004.5211709251864,1012.0386352539062,117100,0.0,0.0
2015-06-02 00:00:00+09:00,1015.7974394219107,1032.7117353604808,1014.8577563142123,1028.9530029296875,52000,0.0,0.0
2015-06-03 00:00:00+09:00,1027.0735578215524,1030.8322899636257,996.064017649447,1003.5814819335938,56200,0.0,0.0
2015-06-04 00:00:00+09:00,998.883066756002,1024.2545087149974,998.883066756002,1003.5814819335938,27800,0.0,0.0
2015-06-05 00:00:00+09:00,1000.7624387608265,1015.7973674182662,1000.7624387608265,1012.0386352539062,40900,0.0,0.0
2015-06-08 00:00:00+09:00,1005.4607818015022,1023.3147583007812,1005.4607818015022,1023.3147583007812,52800,0.0,0.0
2015-06-09 00:00:00+09:00,1024.254514788076,1027.073563911346,1003.5814878840964,1012.0386352539062,49500,0.0,0.0
2015-06-10 00:00:00+09:00,1012.0386578996605,1018.6164393344773,1005.4608764648438,1005.4608764648438,49000,0.0,0.0
2015-06-11 00:00:00+09:00,1005.4609471520712,1013.9180953056868,1001.7022146393532,1010.1593627929688,22900,0.0,0.0
2015-06-12 00:00:00+09:00,1009.2196087133104,1013.9180240238938,1003.5815103406104,1005.4608764648438,38100,0.0,0.0
2015-06-15 00:00:00+09:00,997.9433919654703,1003.5814902251622,988.5465615326503,996.0640258789062,70000,0.0,0.0
2015-06-16 00:00:00+09:00,991.3656801869208,995.1244126236485,986.6672646410112,988.546630859375,36200,0.0,0.0
2015-06-17 00:00:00+09:00,991.3656943702517,996.0641099833808,987.6069618797484,989.486328125,25900,0.0,0.0
2015-06-18 00:00:00+09:00,988.5465706603168,991.3656198161922,959.416396049604,960.3560791015625,76700,0.0,0.0
2015-06-19 00:00:00+09:00,939.6830628604563,950.0195765519213,935.9243306090145,936.864013671875,79500,0.0,0.0
2015-06-22 00:00:00+09:00,935.9242053322622,1077.8163288314306,930.2861077097788,1032.7115478515625,622600,0.0,0.0
2015-06-23 00:00:00+09:00,1024.2546277018853,1026.1339939912464,971.63237159977,982.9085693359375,144900,0.0,0.0
2015-06-24 00:00:00+09:00,986.6671628730242,991.3655779343243,959.4163555174836,969.7528686523438,59600,0.0,0.0
2015-06-25 00:00:00+09:00,977.2703471003751,977.2703471003751,958.4766865792141,970.6925659179688,31400,0.0,0.0
2015-06-26 00:00:00+09:00,958.4766784124629,965.9941425568743,948.140165213897,950.01953125,42800,0.0,0.0
2015-06-29 00:00:00+09:00,908.6734603013449,944.3814142738901,908.6734603013449,924.6480712890625,93200,0.0,0.0
2015-06-30 00:00:00+09:00,918.0703105350856,938.7433369749749,918.0703105350856,934.044921875,35200,0.0,0.0
2015-07-01 00:00:00+09:00,937.8036070243797,944.381387835172,931.2258262135874,934.9845581054688,37000,0.0,0.0
2015-07-02 00:00:00+09:00,946.2608443004796,949.0798934890609,936.864013671875,936.864013671875,22200,0.0,0.0
2015-07-03 00:00:00+09:00,949.0798977854749,949.0798977854749,922.7687719062736,933.1052856445312,43500,0.0,0.0
2015-07-06 00:00:00+09:00,930.286162860577,934.9845778245193,904.9147220552885,916.19091796875,48600,0.0,0.0
2015-07-07 00:00:00+09:00,909.6132075095663,926.5275026905293,909.6132075095663,920.889404296875,29300,0.0,0.0
2015-07-08 00:00:00+09:00,919.0100168765169,919.0100168765169,865.4480833775789,871.086181640625,75700,0.0,0.0
2015-07-09 00:00:00+09:00,827.8607817695054,858.8703229708603,732.9527920320252,852.2925415039062,118200,0.0,0.0
2015-07-10 00:00:00+09:00,843.8353128592705,853.2321426238503,837.2575320240645,842.8956298828125,38000,0.0,0.0
2015-07-13 00:00:00+09:00,845.7147934857537,862.6290893554688,845.7147934857537,862.6290893554688,22900,0.0,0.0
2015-07-14 00:00:00+09:00,895.5179627749794,900.2163781095807,886.1211321057772,892.6989135742188,29500,0.0,0.0
2015-07-15 00:00:00+09:00,892.6988357152694,894.5782016851963,876.7242249708909,879.5432739257812,21900,0.0,0.0
2015-07-16 00:00:00+09:00,883.302152273255,886.1212016954037,869.2069051625116,885.1815185546875,19100,0.0,0.0
2015-07-17 00:00:00+09:00,880.482977449768,888.9401245117188,873.905196401584,888.9401245117188,26600,0.0,0.0
2015-07-21 00:00:00+09:00,886.12112375789,913.3719324418548,886.12112375789,900.2163696289062,42900,0.0,0.0
2015-07-22 00:00:00+09:00,888.000513607041,913.3719568529565,888.000513607041,905.8544921875,34600,0.0,0.0
2015-07-23 00:00:00+09:00,914.3115234375,915.2512064009507,905.854376766444,914.3115234375,23400,0.0,0.0
2015-07-24 00:00:00+09:00,918.070424387179,918.070424387179,900.2164447931601,901.1561279296875,20400,0.0,0.0
2015-07-27 00:00:00+09:00,894.5783832937047,917.130779511193,867.327571197573,907.7339477539062,56400,0.0,0.0
2015-07-28 00:00:00+09:00,879.5433688621964,907.7338614539334,856.9909747888067,889.8798828125,59800,0.0,0.0
2015-07-29 00:00:00+09:00,893.6385876264728,896.4576367987961,859.8099975585938,859.8099975585938,29500,0.0,0.0
2015-07-30 00:00:00+09:00,863.5687196836367,881.4226975661057,848.5337909405048,855.111572265625,49100,0.0,0.0
2015-07-31 00:00:00+09:00,856.9909342091767,871.086179837617,851.3528359578005,858.8703002929688,27500,0.0,0.0
2015-08-03 00:00:00+09:00,855.1115833002295,858.8703155345162,823.1623593087924,831.6195068359375,40700,0.0,0.0
2015-08-04 00:00:00+09:00,859.8099502322367,859.8099502322367,831.619460060688,832.5591430664062,43100,0.0,0.0
2015-08-05 00:00:00+09:00,826.9210433537514,850.4131184490285,826.9210433537514,848.5337524414062,37100,0.0,0.0
2015-08-06 00:00:00+09:00,850.4131680073712,856.0512663588012,831.6195068359375,831.6195068359375,41000,0.0,0.0
2015-08-07 00:00:00+09:00,823.1623861980656,829.7401678229361,820.3433369302641,821.2830200195312,45900,0.0,0.0
2015-08-10 00:00:00+09:00,817.5242577442884,817.5242577442884,785.5750338784197,807.187744140625,74900,0.0,0.0
2015-08-11 00:00:00+09:00,805.3084106445312,826.9211217820157,801.5496782727948,805.3084106445312,35700,0.0,0.0
2015-08-12 00:00:00+09:00,798.7305908203125,814.7052026367187,790.2734433880973,798.7305908203125,41500,0.0,0.0
2015-08-13 00:00:00+09:00,812.8257960630267,839.1369200974368,803.4289660507374,836.31787109375,96800,0.0,0.0
2015-08-14 00:00:00+09:00,830.6798029119318,892.6988832198363,829.7401198769636,878.6036376953125,123600,0.0,0.0
2015-08-17 00:00:00+09:00,883.3020467737581,902.0957073434125,866.3877522610691,870.146484375,85400,0.0,0.0
2015-08-18 00:00:00+09:00,878.603619142776,879.543302157902,852.292494719249,853.232177734375,46600,0.0,0.0
2015-08-19 00:00:00+09:00,857.930588356762,859.8099543772587,827.8607320288141,828.8004150390625,41200,0.0,0.0
2015-08-20 00:00:00+09:00,817.5242721202762,824.1020536200945,808.12744140625,808.12744140625,31100,0.0,0.0
2015-08-21 00:00:00+09:00,779.9368621035951,796.8511554986128,761.1432027757976,762.0828857421875,83100,0.0,0.0
2015-08-24 00:00:00+09:00,719.7971964518229,742.3495890299479,648.3812866210938,648.3812866210938,143000,0.0,0.0
2015-08-25 00:00:00+09:00,592.0003446138822,694.4258010629508,563.8098520132212,610.7940063476562,155000,0.0,0.0
2015-08-26 00:00:00+09:00,623.0099220493861,664.3559802246093,623.0099220493861,657.7781982421875,66400,0.0,0.0
2015-08-27 00:00:00+09:00,692.5463660658636,714.159074911881,675.6320721863717,683.1495361328125,77000,0.0,0.0
2015-08-28 00:00:00+09:00,732.0131643158272,824.1021118164062,728.2544317647831,824.1021118164062,311300,0.0,0.0
2015-08-31 00:00:00+09:00,835.3781518936157,883.3019828796387,834.4384689331055,841.9559326171875,856800,0.0,0.0
2015-09-01 00:00:00+09:00,822.2226677871332,840.0766457162252,761.1432696086604,770.5401000976562,223100,0.0,0.0
2015-09-02 00:00:00+09:00,742.3496277590832,795.9115629265108,742.3496277590832,779.9369506835938,81300,0.0,0.0
2015-09-03 00:00:00+09:00,779.936937468222,793.0925002688908,732.9527846086905,750.8067626953125,86000,0.0,0.0
2015-09-04 00:00:00+09:00,736.7114908854167,742.3495890299479,686.908290608724,704.7622680664062,110700,0.0,0.0
2015-09-07 00:00:00+09:00,676.5717892530488,727.3146734470275,658.7178114810933,693.486083984375,124400,0.0,0.0
2015-09-08 00:00:00+09:00,707.5813602931063,723.5559726768815,666.2353047115702,667.1749877929688,68200,0.0,0.0
2015-09-09 00:00:00+09:00,706.6416711294523,717.9178680091776,688.7876927365539,699.1242065429688,46000,0.0,0.0
2015-09-10 00:00:00+09:00,699.1242534488559,699.1242534488559,657.7781954491925,698.1845703125,57800,0.0,0.0
2015-09-11 00:00:00+09:00,676.5717461768617,710.4003334857048,676.5717461768617,706.6416015625,40500,0.0,0.0
2015-09-14 00:00:00+09:00,715.0987497342687,720.7368476296768,685.9685772746599,690.6669921875,28800,0.0,0.0
2015-09-15 00:00:00+09:00,700.0639223988165,701.9432886334442,687.8480418737365,697.244873046875,18300,0.0,0.0
2015-09-16 00:00:00+09:00,695.3654482085129,697.2448142847521,681.2702026367188,681.2702026367188,16100,0.0,0.0
2015-09-17 00:00:00+09:00,683.1495525241702,697.2447977619454,683.1495525241702,696.3051147460938,19800,0.0,0.0
2015-09-18 00:00:00+09:00,691.6067743429919,697.244873046875,684.0893094044811,697.244873046875,13800,0.0,0.0
2015-09-24 00:00:00+09:00,670.9336892174031,685.9686178273168,670.9336892174031,681.2702026367188,20400,0.0,0.0
2015-09-25 00:00:00+09:00,678.4511187043177,678.4511187043177,644.6225310680913,670.9336547851562,63700,0.0,0.0
2015-09-28 00:00:00+09:00,676.5717591091806,700.0638340782493,669.0542951190786,679.3908081054688,16800,0.0,0.0
2015-09-29 00:00:00+09:00,671.8733812801355,681.27021178755,642.7432067071506,645.562255859375,42000,0.0,0.0
2015-09-30 00:00:00+09:00,655.8987179794752,661.536815841763,647.4415711860436,650.2606201171875,21700,0.0,0.0
2015-10-01 00:00:00+09:00,652.1400845808469,655.8988170568172,643.6829365099137,644.6226196289062,29800,0.0,0.0
2015-10-02 00:00:00+09:00,648.3812785763454,661.5368407503581,647.4415955639159,655.8987426757812,17600,0.0,0.0
2015-10-05 00:00:00+09:00,657.7781569789832,685.9686494209396,656.8384738975847,667.1749877929688,27200,0.0,0.0
2015-10-06 00:00:00+09:00,681.2701310051813,685.9685457017687,671.8733016120063,676.5717163085938,21000,0.0,0.0
2015-10-07 00:00:00+09:00,676.5718349834634,697.2448632746248,671.8734194627449,692.5464477539062,35700,0.0,0.0
2015-10-08 00:00:00+09:00,697.244785081961,698.1844680807238,676.5717591091806,679.3908081054688,25000,0.0,0.0
2015-10-09 00:00:00+09:00,679.3907925782571,703.8225499877104,679.3907925782571,694.4257202148438,23700,0.0,0.0
2015-10-13 00:00:00+09:00,704.7622881437603,718.8575339066355,696.3051406860352,714.1591186523438,40700,0.0,0.0
2015-10-14 00:00:00+09:00,709.460733549191,716.0385151847464,686.9083393701438,687.8480224609375,31300,0.0,0.0
2015-10-15 00:00:00+09:00,680.3304548852237,685.0288696289062,678.4510889877508,685.0288696289062,19800,0.0,0.0
2015-10-16 00:00:00+09:00,685.0289366187119,693.486083984375,681.270204456195,693.486083984375,18800,0.0,0.0
2015-10-19 00:00:00+09:00,696.3051415012308,699.1241906571062,685.9686279296875,685.9686279296875,15600,0.0,0.0
2015-10-20 00:00:00+09:00,685.9686117332075,687.8479777927505,667.1749511377772,672.8130493164062,35900,0.0,0.0
2015-10-21 00:00:00+09:00,669.0542595003858,688.7876014238523,669.0542595003858,685.0288696289062,21100,0.0,0.0
2015-10-22 00:00:00+09:00,686.9082602572279,693.486041135204,684.0892113095238,690.6669921875,26300,0.0,0.0
2015-10-23 00:00:00+09:00,695.3654071003401,699.1241390306122,690.6669921875,690.6669921875,34500,0.0,0.0
2015-10-26 00:00:00+09:00,694.425756852591,700.0638550137759,688.7876586914062,688.7876586914062,23900,0.0,0.0
2015-10-27 00:00:00+09:00,724.4955670865926,778.0574961708153,709.4606396243546,762.0828857421875,414700,0.0,0.0
2015-10-28 00:00:00+09:00,742.3497362597905,753.6259347852557,723.5560720506819,738.5910034179688,87900,0.0,0.0
2015-10-29 00:00:00+09:00,738.5908984692066,744.2289969308036,713.2194553920201,723.5559692382812,68800,0.0,0.0
2015-10-30 00:00:00+09:00,719.797206772558,720.73688981012,702.8829120964404,709.460693359375,50400,0.0,0.0
2015-11-02 00:00:00+09:00,705.7019510904947,708.5210001627604,701.9432189941406,704.7622680664062,19700,0.0,0.0
2015-11-04 00:00:00+09:00,711.3401309231738,732.0131598271497,711.3401309231738,726.3750610351562,41100,0.0,0.0
2015-11-05 00:00:00+09:00,719.7972487481649,726.3750303946886,695.365488346791,700.0639038085938,56700,0.0,0.0
2015-11-06 00:00:00+09:00,697.2448098405076,713.2194213867188,696.3051268083776,713.2194213867188,28400,0.0,0.0
2015-11-09 00:00:00+09:00,714.1591063188148,747.0480125308654,711.3400572149247,725.435302734375,39200,0.0,0.0
2015-11-10 00:00:00+09:00,717.9178425470989,724.4956238269806,716.0384764671326,721.6765747070312,17700,0.0,0.0
2015-11-11 00:00:00+09:00,721.6765542546174,725.4352863080269,709.4606750810366,712.2797241210938,29100,0.0,0.0
2015-11-12 00:00:00+09:00,712.2798173578399,712.2798173578399,698.1845703125,698.1845703125,26900,0.0,0.0
2015-11-13 00:00:00+09:00,691.6067097436327,704.7622721572344,690.6670267140897,701.0035400390625,26500,0.0,0.0
2015-11-16 00:00:00+09:00,689.7273065878744,691.6066725458795,678.4511108398438,678.4511108398438,43400,0.0,0.0
2015-11-17 00:00:00+09:00,679.3908465659781,690.6670431894798,679.3908465659781,685.9686279296875,15900,0.0,0.0
2015-11-18 00:00:00+09:00,685.9685772746599,692.546358152636,683.1495283269558,690.6669921875,17500,0.0,0.0
2015-11-19 00:00:00+09:00,689.7273886425247,690.6670717333184,682.2099239161757,687.8480224609375,31100,0.0,0.0
2015-11-20 00:00:00+09:00,688.7876365043021,696.305100477064,685.9685875145165,695.3654174804688,30400,0.0,0.0
2015-11-24 00:00:00+09:00,696.3050989430678,711.3400268554688,695.3654159485427,711.3400268554688,32000,0.0,0.0
2015-11-25 00:00:00+09:00,716.0384339575675,721.6765318627452,712.2797020207823,718.8574829101562,27500,0.0,0.0
2015-11-26 00:00:00+09:00,718.8575314554929,739.5305585038861,718.8575314554929,730.1337280273438,50900,0.0,0.0
2015-11-27 00:00:00+09:00,732.9528099798388,736.7115423387097,728.25439453125,728.25439453125,20800,0.0,0.0
2015-11-30 00:00:00+09:00,736.7114709472656,754.5654479217529,730.1336899566651,751.7463989257812,79500,0.0,0.0
2015-12-01 00:00:00+09:00,758.3241965488235,810.9464456278,754.5654644717537,793.0924682617188,221100,0.0,0.0
2015-12-02 00:00:00+09:00,810.006789117948,810.9464721679688,789.3337620174899,810.9464721679688,238700,0.0,0.0
2015-12-03 00:00:00+09:00,811.886193426724,817.5242919921875,801.5496793900412,817.5242919921875,86700,0.0,0.0
2015-12-04 00:00:00+09:00,805.3083638366841,812.8258281432109,801.5496316834207,806.248046875,79900,0.0,0.0
2015-12-07 00:00:00+09:00,801.5496654795833,822.2226931941798,801.5496654795833,816.5845947265625,54900,0.0,0.0
2015-12-08 00:00:00+09:00,817.524310577287,823.1624092709235,801.5496976119837,814.7052612304688,49700,0.0,0.0
2015-12-09 00:00:00+09:00,804.3687352814743,813.7655663011177,785.5750732421875,785.5750732421875,54800,0.0,0.0
2015-12-10 00:00:00+09:00,757.3845513700422,786.5147264227362,754.5655021713944,771.4797973632812,33600,0.0,0.0
2015-12-11 00:00:00+09:00,757.3846024719164,788.3941457493027,757.3846024719164,778.997314453125,28900,0.0,0.0
2015-12-14 00:00:00+09:00,761.1432017450747,778.0574951171875,758.3241528497226,778.0574951171875,25500,0.0,0.0
2015-12-15 00:00:00+09:00,778.0575644888529,793.0924932712462,766.7813679020579,770.5401000976562,43100,0.0,0.0
2015-12-16 00:00:00+09:00,773.3591619812616,778.0575773031405,759.263916015625,759.263916015625,26400,0.0,0.0
2015-12-17 00:00:00+09:00,761.1432672316029,786.5147094726562,761.1432672316029,786.5147094726562,45900,0.0,0.0
2015-12-18 00:00:00+09:00,779.9368727440927,794.032117432239,766.7813110351562,766.7813110351562,52200,0.0,0.0
2015-12-21 00:00:00+09:00,763.9623415463931,763.9623415463931,723.5559692382812,723.5559692382812,64600,0.0,0.0
2015-12-22 00:00:00+09:00,721.6765788612565,737.651190632925,717.9178466796875,717.9178466796875,52300,0.0,0.0
2015-12-24 00:00:00+09:00,722.6162563139817,723.5559393521013,681.2702026367188,681.2702026367188,55100,0.0,0.0
2015-12-25 00:00:00+09:00,681.2702026367188,681.2702026367188,681.2702026367188,681.2702026367188,0,0.0,0.0
2015-12-28 00:00:00+09:00,664.3559137079307,689.7273559570312,664.3559137079307,689.7273559570312,33100,0.0,0.0
2015-12-29 00:00:00+09:00,681.2701585328305,694.4257202148438,673.7526947145371,694.4257202148438,28400,0.0,0.0
2015-12-30 00:00:00+09:00,687.8479857405996,700.0638652687796,687.8479857405996,693.486083984375,23000,0.0,0.0
2016-01-04 00:00:00+09:00,695.3654871872865,704.7623180952228,682.2099239161757,687.8480224609375,29000,0.0,0.0
2016-01-05 00:00:00+09:00,685.968603481904,689.7273355557774,671.8733582048785,680.3305053710938,31100,0.0,0.0
2016-01-06 00:00:00+09:00,677.5115016883527,680.3305509325484,664.3559385487731,667.1749877929688,30100,0.0,0.0
2016-01-07 00:00:00+09:00,669.9940185546875,685.9686304977866,657.778138833494,669.9940185546875,40200,0.0,0.0
2016-01-08 00:00:00+09:00,674.6924467209233,674.6924467209233,658.7178344726562,658.7178344726562,39400,0.0,0.0
2016-01-12 00:00:00+09:00,654.0194586069306,659.6575573880249,612.6734008789062,612.6734008789062,43600,0.0,0.0
2016-01-13 00:00:00+09:00,650.2607242562676,665.295654296875,637.1051604707362,665.295654296875,26800,0.0,0.0
2016-01-14 00:00:00+09:00,655.8987736848577,655.8987736848577,621.1305005812192,641.8035278320312,41700,0.0,0.0
2016-01-15 00:00:00+09:00,657.7781168619791,658.7177998860677,620.1907958984375,620.1907958984375,19000,0.0,0.0
2016-01-18 00:00:00+09:00,574.1463237967025,607.9749124328421,573.206640779032,595.759033203125,46600,0.0,0.0
2016-01-19 00:00:00+09:00,597.638423538208,604.2162049293518,580.7241285324096,601.3971557617188,22400,0.0,0.0
2016-01-20 00:00:00+09:00,593.8796755387478,593.8796755387478,560.0510864257812,560.0510864257812,47700,0.0,0.0
2016-01-21 00:00:00+09:00,563.8098887567935,577.9051359757133,540.3178100585938,540.3178100585938,70800,0.0,0.0
2016-01-22 00:00:00+09:00,573.2067681914637,576.0258178710938,563.8099359260298,576.0258178710938,49700,0.0,0.0
2016-01-25 00:00:00+09:00,587.3018880900128,607.9749145507812,582.6034729852927,607.9749145507812,21500,0.0,0.0
2016-01-26 00:00:00+09:00,593.8795991226149,618.3113547827224,593.8795991226149,603.2764282226562,26200,0.0,0.0
2016-01-27 00:00:00+09:00,620.1907856482586,629.5876157338383,613.6130045883529,615.4923706054688,29300,0.0,0.0
2016-01-28 00:00:00+09:00,650.2606839554398,654.9590993019386,615.4924103913484,634.2860717773438,69500,0.0,0.0
2016-01-29 00:00:00+09:00,642.7432208393896,647.4416361964027,625.8289255541424,646.501953125,34600,0.0,0.0
2016-02-01 00:00:00+09:00,654.019424653389,676.5718186069543,653.0797415719906,667.1749877929688,32600,0.0,0.0
2016-02-02 00:00:00+09:00,690.6669603983562,701.943155670166,659.6574234008789,676.5717163085938,73800,0.0,0.0
2016-02-03 00:00:00+09:00,653.0797142546437,653.0797142546437,636.1654194969695,637.1051025390625,30400,0.0,0.0
2016-02-04 00:00:00+09:00,627.7083504207185,643.6829641290302,617.3718356682815,622.0702514648438,21800,0.0,0.0
2016-02-05 00:00:00+09:00,623.0098555917815,623.9495386318898,579.7844357468013,596.69873046875,35100,0.0,0.0
2016-02-08 00:00:00+09:00,577.9051193963913,614.5527611142113,575.0860700334821,592.0003662109375,40900,0.0,0.0
2016-02-09 00:00:00+09:00,572.2670370881453,576.9654528277853,538.4384437627377,540.3178100585938,57300,0.0,0.0
2016-02-10 00:00:00+09:00,549.714595249721,561.9304751441592,509.30822329119445,513.0669555664062,84000,0.0,0.0
2016-02-12 00:00:00+09:00,480.1780167876697,483.9367488173188,458.5653076171875,458.5653076171875,82000,0.0,0.0
2016-02-15 00:00:00+09:00,486.755832376462,501.7907615618354,479.2383677837754,497.09234619140625,35300,0.0,0.0
2016-02-16 00:00:00+09:00,502.73045262546407,539.3780930972268,501.7907695364445,529.9812622070312,49500,0.0,0.0
2016-02-17 00:00:00+09:00,513.0669513494319,535.6193448153409,501.7907546164773,516.82568359375,25300,0.0,0.0
2016-02-18 00:00:00+09:00,517.7653502339609,536.559010859513,517.7653502339609,531.860595703125,46400,0.0,0.0
2016-02-19 00:00:00+09:00,531.8605710710798,531.8605710710798,514.0065943036761,526.2224731445312,16300,0.0,0.0
2016-02-22 00:00:00+09:00,528.1018676757812,544.0764793314544,527.1621846372122,528.1018676757812,21400,0.0,0.0
2016-02-23 00:00:00+09:00,537.498706583512,537.498706583512,520.5844116210938,520.5844116210938,16100,0.0,0.0
2016-02-24 00:00:00+09:00,521.5240191551056,522.4637020725023,514.006555815933,519.6446533203125,11600,0.0,0.0
2016-02-25 00:00:00+09:00,521.5240988991477,528.1018803267045,514.0066344105114,516.82568359375,19500,0.0,0.0
2016-02-26 00:00:00+09:00,523.4033525346636,530.9208154076929,521.5239868164062,521.5239868164062,12900,0.0,0.0
2016-02-29 00:00:00+09:00,524.3431636729139,542.1971423642856,524.3431636729139,529.9812622070312,19900,0.0,0.0
2016-03-01 00:00:00+09:00,531.8604982668215,531.8604982668215,517.7652553798916,521.5239868164062,16600,0.0,0.0
2016-03-02 00:00:00+09:00,535.6193319843333,539.3780641386094,528.1018676757812,528.1018676757812,24400,0.0,0.0
2016-03-03 00:00:00+09:00,526.2225213751093,538.4384013356029,526.2225213751093,537.4987182617188,27700,0.0,0.0
2016-03-04 00:00:00+09:00,535.6192758103048,580.7240569311725,535.6192758103048,568.5081787109375,40300,0.0,0.0
2016-03-07 00:00:00+09:00,563.8098484170417,576.0257284660777,563.8098484170417,574.1463623046875,17700,0.0,0.0
2016-03-08 00:00:00+09:00,573.2067125326568,601.3972065916398,568.5082968561595,584.48291015625,43400,0.0,0.0
2016-03-09 00:00:00+09:00,575.0860311539446,580.7241294985912,567.568566694416,573.2066650390625,15300,0.0,0.0
2016-03-10 00:00:00+09:00,573.2067355024136,577.9051513671875,566.6289532917302,577.9051513671875,19300,0.0,0.0
2016-03-11 00:00:00+09:00,573.2065934110279,580.7240569311725,557.2319834307206,568.5081787109375,19800,0.0,0.0
2016-03-14 00:00:00+09:00,586.362217027559,600.457462629183,573.2066544660433,596.69873046875,58800,0.0,0.0
2016-03-15 00:00:00+09:00,597.6384176746978,608.9146142345978,589.1812702547729,592.9400024414062,35000,0.0,0.0
2016-03-16 00:00:00+09:00,599.5177673622851,610.7939636136133,592.0003031947329,607.9749145507812,26300,0.0,0.0
2016-03-17 00:00:00+09:00,615.4923060527101,624.8891351527515,598.5780136726356,603.2764282226562,32100,0.0,0.0
2016-03-18 00:00:00+09:00,604.2161943249237,627.708270309563,598.5780960886102,624.8892211914062,28900,0.0,0.0
2016-03-22 00:00:00+09:00,623.9495032074254,624.8891861941836,605.1558434722621,614.5526733398438,38200,0.0,0.0
2016-03-23 00:00:00+09:00,623.9495550546513,623.9495550546513,603.2765276281418,609.8543090820312,23200,0.0,0.0
2016-03-24 00:00:00+09:00,599.5177326322352,609.8542452638254,597.6383666992188,597.6383666992188,17800,0.0,0.0
2016-03-25 00:00:00+09:00,597.6383666992188,599.5177326322352,588.2415370341367,597.6383666992188,9300,0.0,0.0
2016-03-28 00:00:00+09:00,599.5177880002741,599.5177880002741,579.7844438811428,589.1812744140625,14700,0.0,0.0
2016-03-29 00:00:00+09:00,586.3257369874208,600.6031494140625,586.3257369874208,600.6031494140625,7900,8.0,0.0
2016-03-30 00:00:00+09:00,600.6032184184788,629.1580465524794,600.6032184184788,619.6397705078125,49400,0.0,0.0
2016-03-31 00:00:00+09:00,616.7842564281588,628.2061871027543,610.1214635346447,617.736083984375,24300,0.0,0.0
2016-04-01 00:00:00+09:00,609.1696048092533,612.9769148393111,586.3257446289062,586.3257446289062,29500,0.0,0.0
2016-04-04 00:00:00+09:00,587.277587890625,603.4586559524413,587.277587890625,587.277587890625,18500,0.0,0.0
2016-04-05 00:00:00+09:00,585.3739811823918,589.1812916291066,552.0600147736378,556.8191528320312,35300,0.0,0.0
2016-04-06 00:00:00+09:00,556.8190898008888,569.1928473520197,551.10812477729,553.0117797851562,11700,0.0,0.0
2016-04-07 00:00:00+09:00,572.0483499817929,582.5184528932733,553.0117992336467,561.5782470703125,12500,0.0,0.0
2016-04-08 00:00:00+09:00,551.1081546944981,585.3739466962286,547.3008444720837,584.422119140625,30800,0.0,0.0
2016-04-11 00:00:00+09:00,578.7111676554828,583.4703055473865,556.819133352726,581.566650390625,11900,0.0,0.0
2016-04-12 00:00:00+09:00,581.5666245415975,591.0848999023438,562.5300738201049,591.0848999023438,15900,0.0,0.0
2016-04-13 00:00:00+09:00,597.7477601918171,608.2178642716101,588.2294837556417,606.314208984375,21000,0.0,0.0
2016-04-14 00:00:00+09:00,611.0733204860776,632.0135277301488,609.1696652820712,615.8324584960938,36800,0.0,0.0
2016-04-15 00:00:00+09:00,606.3142589732913,620.5916748046875,606.3142589732913,620.5916748046875,10800,0.0,0.0
2016-04-18 00:00:00+09:00,615.8323569002137,615.8323569002137,598.699462890625,598.699462890625,16100,0.0,0.0
2016-04-19 00:00:00+09:00,608.2178271447272,637.7244822957233,602.5068616316312,626.3025512695312,44500,0.0,0.0
2016-04-20 00:00:00+09:00,628.2061667520492,655.809164988124,628.2061667520492,638.67626953125,87300,0.0,0.0
2016-04-21 00:00:00+09:00,638.6762517522405,643.4353892466686,629.1579767633845,633.9171142578125,17100,0.0,0.0
2016-04-22 00:00:00+09:00,637.7244420058681,639.6280970566319,632.0134768535768,638.67626953125,11100,0.0,0.0
2016-04-25 00:00:00+09:00,647.2427648889559,647.2427648889559,635.8208337438566,641.5317993164062,13700,0.0,0.0
2016-04-26 00:00:00+09:00,635.8207169161498,637.7243717572161,620.5914781876193,623.4469604492188,25000,0.0,0.0
2016-04-27 00:00:00+09:00,616.7842938882121,637.7245013967625,575.8557064851364,634.8690185546875,35300,0.0,0.0
2016-04-28 00:00:00+09:00,596.7959438726164,616.7843247678715,590.1331502408647,595.8441162109375,69100,0.0,0.0
2016-05-02 00:00:00+09:00,573.9520142602139,585.373944892258,572.0483591548732,580.6148071289062,24900,0.0,0.0
2016-05-06 00:00:00+09:00,590.1330506174188,590.1330506174188,567.2891905935187,578.7111206054688,14200,0.0,0.0
2016-05-09 00:00:00+09:00,588.229439958411,588.229439958411,572.048371221691,573.9520263671875,8500,0.0,0.0
2016-05-10 00:00:00+09:00,573.9520297635792,581.566650390625,571.0965470284369,581.566650390625,8500,0.0,0.0
2016-05-11 00:00:00+09:00,582.5184640294177,586.3257742518323,576.807498695796,584.422119140625,32000,0.0,0.0
2016-05-12 00:00:00+09:00,584.4220896138773,588.2293996439352,579.662952076305,586.3257446289062,11500,0.0,0.0
2016-05-13 00:00:00+09:00,579.6629918036768,581.5666469491733,572.048371221691,573.9520263671875,13700,0.0,0.0
2016-05-16 00:00:00+09:00,572.0483499817929,574.9038325940148,560.6264195329052,561.5782470703125,15100,0.0,0.0
2016-05-17 00:00:00+09:00,561.5782800456822,579.6630043183397,561.5782800456822,567.2892456054688,9200,0.0,0.0
2016-05-18 00:00:00+09:00,570.1447090525846,570.1447090525846,557.7709507592898,558.7227783203125,14000,0.0,0.0
2016-05-19 00:00:00+09:00,557.77098044371,562.5301185021034,556.8191528320312,556.8191528320312,13600,0.0,0.0
2016-05-20 00:00:00+09:00,555.8671924487965,564.4336389077677,553.9635376801361,563.4818115234375,10000,0.0,0.0
2016-05-23 00:00:00+09:00,564.4338067017634,564.4338067017634,556.8191853634597,562.5301513671875,8700,0.0,0.0
2016-05-24 00:00:00+09:00,557.7709507592898,563.4819161254259,557.7709507592898,558.7227783203125,4900,0.0,0.0
2016-05-25 00:00:00+09:00,573.0002128092448,575.8556955973307,561.578281656901,571.0965576171875,26200,0.0,0.0
2016-05-26 00:00:00+09:00,599.6513581823131,604.4104959456647,580.6148071289062,580.6148071289062,82800,0.0,0.0
2016-05-27 00:00:00+09:00,585.373944892258,585.373944892258,575.8556693655546,580.6148071289062,15300,0.0,0.0
2016-05-30 00:00:00+09:00,580.6148494777584,584.4221599661372,563.4819522800541,572.0484008789062,23300,0.0,0.0
2016-05-31 00:00:00+09:00,589.1812710176708,589.1812710176708,574.9038573419599,581.566650390625,19700,0.0,0.0
2016-06-01 00:00:00+09:00,580.614791394063,585.3739290284406,578.711136340312,579.6629638671875,12100,0.0,0.0
2016-06-02 00:00:00+09:00,567.2892333579498,636.7726461685712,567.2892333579498,573.9520263671875,115400,0.0,0.0
2016-06-03 00:00:00+09:00,575.8556537596854,580.614791394063,573.9519987059344,579.6629638671875,15000,0.0,0.0
2016-06-06 00:00:00+09:00,572.0483835719575,572.0483835719575,560.6264524523843,567.2892456054688,16300,0.0,0.0
2016-06-07 00:00:00+09:00,574.9038204531773,574.9038204531773,565.3855452801115,568.2410278320312,11300,0.0,0.0
2016-06-08 00:00:00+09:00,571.0965142368285,575.8556518554688,569.1928591893725,575.8556518554688,8800,0.0,0.0
2016-06-09 00:00:00+09:00,576.8075090854322,576.8075090854322,567.2892333579498,573.9520263671875,6800,0.0,0.0
2016-06-10 00:00:00+09:00,573.952024634971,573.952024634971,564.4337489362152,570.1447143554688,9300,0.0,0.0
2016-06-13 00:00:00+09:00,568.2410647074381,568.2410647074381,548.252685546875,548.252685546875,26800,0.0,0.0
2016-06-14 00:00:00+09:00,550.1562684422775,555.8672331665917,529.216064453125,529.216064453125,24200,0.0,0.0
2016-06-15 00:00:00+09:00,513.9868948000287,538.7344119570671,500.6613086385465,518.7460327148438,27100,0.0,0.0
2016-06-16 00:00:00+09:00,518.7460342049599,518.7460342049599,485.4320687055588,487.3357238769531,27500,0.0,0.0
2016-06-17 00:00:00+09:00,487.3357238769531,506.3722755908966,485.4320687055588,487.3357238769531,20900,0.0,0.0
2016-06-20 00:00:00+09:00,488.28750164589184,508.27587890625,488.28750164589184,508.27587890625,20700,0.0,0.0
2016-06-21 00:00:00+09:00,498.75764767059496,522.5533369678562,496.85399252681407,505.4204406738281,15100,0.0,0.0
2016-06-22 00:00:00+09:00,514.9387053540472,514.9387053540472,481.6247410520294,482.5765686035156,36400,0.0,0.0
2016-06-23 00:00:00+09:00,482.5765431033343,493.9984731176144,482.5765431033343,492.0948181152344,20400,0.0,0.0
2016-06-24 00:00:00+09:00,501.61313653345087,501.61313653345087,429.2742401832758,450.2144470214844,50900,0.0,0.0
2016-06-27 00:00:00+09:00,457.8290247599284,462.5881622314453,442.5997848510742,456.877197265625,30700,0.0,0.0
2016-06-28 00:00:00+09:00,472.1064601089015,472.1064601089015,454.973564379143,471.1546325683594,16900,0.0,0.0
2016-06-29 00:00:00+09:00,472.1064783833416,484.4802368893566,471.15465080595584,477.81744384765625,20700,0.0,0.0
2016-06-30 00:00:00+09:00,487.33570359281435,487.33570359281435,476.8656005859375,476.8656005859375,9500,0.0,0.0
2016-07-01 00:00:00+09:00,482.57657039515425,486.3838806152344,472.10646728993396,486.3838806152344,26600,0.0,0.0
2016-07-04 00:00:00+09:00,478.76923407111786,495.90212912734074,478.76923407111786,493.99847412109375,11500,0.0,0.0
2016-07-05 00:00:00+09:00,487.335695251938,493.9984879604606,480.6729025434154,491.14300537109375,8100,0.0,0.0
2016-07-06 00:00:00+09:00,483.5283905954072,483.5283905954072,466.3954948656487,471.1546325683594,25500,0.0,0.0
2016-07-07 00:00:00+09:00,465.4436950683594,485.43207461117237,462.58821227652896,465.4436950683594,18600,0.0,0.0
2016-07-08 00:00:00+09:00,465.4436917691617,474.0101400839316,454.9735882733319,457.8290710449219,11200,0.0,0.0
2016-07-11 00:00:00+09:00,457.8290710449219,457.8290710449219,457.8290710449219,457.8290710449219,0,0.0,0.0
2016-07-12 00:00:00+09:00,528.2643142802604,605.3623493373794,525.408831500367,567.2892456054688,462200,0.0,0.0
2016-07-13 00:00:00+09:00,595.8440298537578,603.4586500435821,560.6264114758201,575.8556518554688,195300,0.0,0.0
2016-07-14 00:00:00+09:00,577.759313277417,577.759313277417,553.0117973874453,557.7709350585938,66100,0.0,0.0
2016-07-15 00:00:00+09:00,563.4819002639719,586.3257610854841,546.3490046478375,557.7709350585938,43400,0.0,0.0
2016-07-19 00:00:00+09:00,571.0965401785714,578.7111607142857,552.0599888392857,566.33740234375,63900,0.0,0.0
2016-07-20 00:00:00+09:00,568.241025876436,569.1928533904669,554.9154406800037,564.4337158203125,17600,0.0,0.0
2016-07-21 00:00:00+09:00,580.6147777978591,633.9171180547118,580.6147777978591,612.0250854492188,200400,0.0,0.0
2016-07-22 00:00:00+09:00,602.5068843841552,621.5434368133544,582.518504333496,609.169677734375,78100,0.0,0.0
2016-07-25 00:00:00+09:00,602.5068940429687,623.4471020507813,590.1331347656251,594.8922729492188,54300,0.0,0.0
2016-07-26 00:00:00+09:00,580.6147978184587,588.2294181177172,559.6745919954978,561.5782470703125,101200,0.0,0.0
2016-07-27 00:00:00+09:00,563.481877104794,613.9287343455948,563.481877104794,600.6031494140625,60200,0.0,0.0
2016-07-28 00:00:00+09:00,609.1696048092533,609.1696048092533,582.5184345988484,586.3257446289062,45800,0.0,0.0
2016-07-29 00:00:00+09:00,583.4702823523319,628.2061767578125,583.4702823523319,628.2061767578125,86000,0.0,0.0
2016-08-01 00:00:00+09:00,637.7244476273677,664.3756185729891,621.5433795532405,650.0982055664062,179400,0.0,0.0
2016-08-02 00:00:00+09:00,666.2792903991214,718.629806073338,662.4719801682693,717.677978515625,389300,0.0,0.0
2016-08-03 00:00:00+09:00,689.1231584821429,709.1115373883929,650.0982282366072,666.279296875,241700,0.0,0.0
2016-08-04 00:00:00+09:00,660.5682905059944,674.845703125,624.3988452045133,674.845703125,96000,0.0,0.0
2016-08-05 00:00:00+09:00,668.1829538388102,671.9902641170941,624.3988856385464,636.7726440429688,80000,0.0,0.0
2016-08-08 00:00:00+09:00,620.5915932334458,637.7244899791544,608.2178344726562,608.2178344726562,60200,0.0,0.0
2016-08-09 00:00:00+09:00,613.9287926578232,636.7726547102073,607.2659995592112,626.3025512695312,42200,0.0,0.0
2016-08-10 00:00:00+09:00,634.8690105361585,650.0982521682103,611.0733204860776,615.8324584960938,42700,0.0,0.0
2016-08-12 00:00:00+09:00,606.3141776497908,625.3507295383243,588.2294533556841,604.4105224609375,43400,0.0,0.0
2016-08-15 00:00:00+09:00,612.9769444192103,613.9287719726562,605.3623239916425,613.9287719726562,11100,0.0,0.0
2016-08-16 00:00:00+09:00,615.8324971061926,620.5916354145867,594.8922885492588,595.8441162109375,20800,0.0,0.0
2016-08-17 00:00:00+09:00,591.0849895198171,595.8441279217479,583.4703680767276,585.3740234375,16400,0.0,0.0
2016-08-18 00:00:00+09:00,583.4703105601989,597.7477243585724,583.4703105601989,592.9885864257812,8000,0.0,0.0
2016-08-19 00:00:00+09:00,594.8922772609644,616.7843130641679,594.8922772609644,606.314208984375,18700,0.0,0.0
2016-08-22 00:00:00+09:00,603.4586688847505,614.8805995261023,599.6513586709666,613.9287719726562,13700,0.0,0.0
2016-08-23 00:00:00+09:00,623.4470888934558,623.4470888934558,601.5550537109375,601.5550537109375,16900,0.0,0.0
2016-08-24 00:00:00+09:00,603.4586809212137,613.9287842179541,602.5068533487828,607.2659912109375,13000,0.0,0.0
2016-08-25 00:00:00+09:00,599.6514386432926,601.555094004065,583.4703680767276,585.3740234375,30000,0.0,0.0
2016-08-26 00:00:00+09:00,579.6630218556637,580.6148494777584,569.1929180126222,572.0484008789062,24500,0.0,0.0
2016-08-29 00:00:00+09:00,585.3739151300168,591.0848801556755,573.0001575744229,582.5184326171875,35100,0.0,0.0
2016-08-30 00:00:00+09:00,588.2293795690898,588.2293795690898,575.8556223936882,577.75927734375,11300,0.0,0.0
2016-08-31 00:00:00+09:00,580.614885035569,587.2776787982723,573.9520912728658,585.3740234375,16900,0.0,0.0
2016-09-01 00:00:00+09:00,583.4703680767276,586.3258511178861,580.614885035569,585.3740234375,7500,0.0,0.0
2016-09-02 00:00:00+09:00,585.3740234375,590.1331618394308,574.9039189532521,585.3740234375,25600,0.0,0.0
2016-09-05 00:00:00+09:00,585.3739796300088,596.7959109398627,583.4703244116998,590.1331176757812,15700,0.0,0.0
2016-09-06 00:00:00+09:00,586.3258072391633,590.1331176757812,585.3739796300088,590.1331176757812,7800,0.0,0.0
2016-09-07 00:00:00+09:00,592.036709673993,592.036709673993,581.5666070913339,586.3257446289062,16500,0.0,0.0
2016-09-08 00:00:00+09:00,583.4703105601989,593.9404140123395,583.4703105601989,592.9885864257812,10700,0.0,0.0
2016-09-09 00:00:00+09:00,591.0849106899527,623.447047507116,591.0849106899527,613.9287719726562,64700,0.0,0.0
2016-09-12 00:00:00+09:00,599.6514282226562,612.9770155164931,598.6996005588107,599.6514282226562,17200,0.0,0.0
2016-09-13 00:00:00+09:00,599.6513756385217,623.4470651479868,597.7477204777645,618.6879272460938,51800,0.0,0.0
2016-09-14 00:00:00+09:00,618.6878742756428,645.3390442444397,616.7842192778717,633.9171142578125,48900,0.0,0.0
2016-09-15 00:00:00+09:00,632.0135796768787,632.0135796768787,612.0251983919172,630.1099243164062,29800,0.0,0.0
2016-09-16 00:00:00+09:00,639.6280633223685,647.2426831238251,615.832376442816,632.9652709960938,60600,0.0,0.0
2016-09-20 00:00:00+09:00,628.2061976167812,646.2909214875673,628.2061976167812,640.5799560546875,23800,0.0,0.0
2016-09-21 00:00:00+09:00,632.9653062608508,642.4835815429688,610.1214455837674,642.4835815429688,22500,0.0,0.0
2016-09-23 00:00:00+09:00,641.5317678905668,643.435422988165,635.8208025977725,639.6281127929688,12400,0.0,0.0
2016-09-26 00:00:00+09:00,639.6281489158164,663.4238389796488,639.6281489158164,652.9537353515625,71600,0.0,0.0
2016-09-27 00:00:00+09:00,652.9537651552791,652.9537651552791,634.8690398812992,651.0501098632812,15900,0.0,0.0
2016-09-28 00:00:00+09:00,647.2426894848596,649.1463444539328,640.5798970931037,644.38720703125,6200,0.0,0.0
2016-09-29 00:00:00+09:00,651.0500386409622,666.2792793109262,650.0982110990894,661.5201416015625,54000,0.0,0.0
2016-09-30 00:00:00+09:00,667.2311350873662,671.0384454159674,653.9055489372619,655.8092041015625,18800,0.0,0.0
2016-10-03 00:00:00+09:00,655.8091781681699,671.038418880348,655.8091781681699,665.3274536132812,22100,0.0,0.0
2016-10-04 00:00:00+09:00,669.1347919590717,669.1347919590717,655.809205774965,659.6165161132812,13500,0.0,0.0
2016-10-05 00:00:00+09:00,655.8091901657898,667.2311209088805,655.8091901657898,658.6646728515625,28200,0.0,0.0
2016-10-06 00:00:00+09:00,662.4719884213846,662.4719884213846,634.8689889038269,636.7726440429688,24100,0.0,0.0
2016-10-07 00:00:00+09:00,625.3506152902851,635.8207169161498,620.5914781876193,623.4469604492188,29500,0.0,0.0
2016-10-11 00:00:00+09:00,623.4471305547523,634.8690627175876,618.687992153571,630.1099243164062,24300,0.0,0.0
2016-10-12 00:00:00+09:00,632.0134792920226,632.0134792920226,610.1214461237748,612.9769287109375,31000,0.0,0.0
2016-10-13 00:00:00+09:00,607.2659929222035,614.880613523109,604.410510196864,611.0733032226562,25600,0.0,0.0
2016-10-14 00:00:00+09:00,611.0733360007957,626.3025780195071,609.1696807484568,616.7843017578125,29200,0.0,0.0
2016-10-17 00:00:00+09:00,626.3025684845753,631.0617065429688,613.9288095327524,631.0617065429688,32000,0.0,0.0
2016-10-18 00:00:00+09:00,628.2062689559338,637.7245457582964,622.4953028745161,630.1099243164062,21400,0.0,0.0
2016-10-19 00:00:00+09:00,630.1098318388968,630.1098318388968,620.5915564334754,628.2061767578125,8300,0.0,0.0
2016-10-20 00:00:00+09:00,621.5434428889577,632.0135468273628,609.1696836890244,624.39892578125,16800,0.0,0.0
2016-10-21 00:00:00+09:00,625.3507220067015,642.4836185000358,622.4952392578125,622.4952392578125,32200,0.0,0.0
2016-10-24 00:00:00+09:00,637.7244905454922,652.0019045129286,631.0616973606885,645.339111328125,33300,0.0,0.0
2016-10-25 00:00:00+09:00,618.6879220801087,618.6879220801087,605.3623360660756,607.2659912109375,76100,0.0,0.0
2016-10-26 00:00:00+09:00,607.2659929222035,614.880613523109,607.2659929222035,611.0733032226562,26100,0.0,0.0
2016-10-27 00:00:00+09:00,617.736083984375,628.2061871027543,614.8806013157262,617.736083984375,16100,0.0,0.0
2016-10-28 00:00:00+09:00,617.7360663562088,617.7360663562088,608.2177910656662,612.9769287109375,15600,0.0,0.0
2016-10-31 00:00:00+09:00,629.1580146589705,629.1580146589705,612.9769462032936,617.736083984375,12500,0.0,0.0
2016-11-01 00:00:00+09:00,617.7361263275146,617.7361263275146,609.169677734375,609.169677734375,10200,0.0,0.0
2016-11-02 00:00:00+09:00,604.4105318130985,607.2660146405619,590.1331176757812,590.1331176757812,34200,0.0,0.0
2016-11-04 00:00:00+09:00,583.4702796137468,592.988554974493,582.5184520776721,591.0848999023438,13500,0.0,0.0
2016-11-07 00:00:00+09:00,588.2293858936415,611.0732455399965,588.2293858936415,589.1812133789062,6600,0.0,0.0
2016-11-08 00:00:00+09:00,591.0849579504613,594.8922684686607,582.5185092845127,583.4703369140625,16400,0.0,0.0
2016-11-09 00:00:00+09:00,581.5666543620906,590.1331026260167,550.1563440610284,555.8673095703125,41000,0.0,0.0
2016-11-10 00:00:00+09:00,580.6148540254129,590.1331303209115,569.1929224708147,583.4703369140625,25600,0.0,0.0
2016-11-11 00:00:00+09:00,590.133054658964,594.8921921965364,585.3739171213919,586.3257446289062,8800,0.0,0.0
2016-11-14 00:00:00+09:00,593.9404140123395,598.6995519451307,586.3257933198736,592.9885864257812,16100,0.0,0.0
2016-11-15 00:00:00+09:00,592.9885233199655,593.9403508052302,578.7111110409935,589.1812133789062,12900,0.0,0.0
2016-11-16 00:00:00+09:00,589.1813212207659,592.988631858703,586.3258382423131,592.0368041992188,7700,0.0,0.0
2016-11-17 00:00:00+09:00,590.1331223113627,602.5068813275687,587.277639461469,601.5550537109375,19500,0.0,0.0
2016-11-18 00:00:00+09:00,601.5550274715246,616.7842686733353,601.5550274715246,611.0733032226562,22700,0.0,0.0
2016-11-21 00:00:00+09:00,617.7360945076778,617.7360945076778,604.4105084936447,607.2659912109375,17400,0.0,0.0
2016-11-22 00:00:00+09:00,613.9288142942033,613.9288142942033,604.4105381035955,605.3623657226562,17300,0.0,0.0
2016-11-24 00:00:00+09:00,604.4105224609375,613.9287984052042,589.1812809501107,604.4105224609375,32100,0.0,0.0
2016-11-25 00:00:00+09:00,611.0733587977985,611.0733587977985,592.9886332259011,595.8441162109375,23700,0.0,0.0
2016-11-28 00:00:00+09:00,592.0368069118923,600.6032558865018,592.0368069118923,599.6514282226562,13800,0.0,0.0
2016-11-29 00:00:00+09:00,595.8441175672743,599.6514282226562,594.8922899034288,599.6514282226562,9600,0.0,0.0
2016-11-30 00:00:00+09:00,597.7477432444125,607.2660194107249,594.8922603945189,601.5550537109375,19700,0.0,0.0
2016-12-01 00:00:00+09:00,605.3623641774624,609.1696746439873,599.651398477675,601.5550537109375,22400,0.0,0.0
2016-12-02 00:00:00+09:00,603.4586001155106,603.4586001155106,597.7476354456478,598.699462890625,10000,0.0,0.0
2016-12-05 00:00:00+09:00,599.6514000082916,610.1215038179602,599.6514000082916,605.3623657226562,12600,0.0,0.0
2016-12-06 00:00:00+09:00,605.3623641774624,607.2660194107249,599.651398477675,601.5550537109375,8300,0.0,0.0
2016-12-07 00:00:00+09:00,601.5550257763518,608.2178187833684,600.6031982039209,607.2659912109375,10400,0.0,0.0
2016-12-08 00:00:00+09:00,610.1215038179602,610.1215038179602,599.6514000082916,605.3623657226562,16300,0.0,0.0
2016-12-09 00:00:00+09:00,605.3622868896098,608.2177693749381,594.8921844434058,600.6031494140625,22200,0.0,0.0
2016-12-12 00:00:00+09:00,601.5550654767508,632.0135498046875,601.5550654767508,632.0135498046875,103000,0.0,0.0
2016-12-13 00:00:00+09:00,632.0134497322747,647.2426894848596,623.4470023714457,644.38720703125,53500,0.0,0.0
2016-12-14 00:00:00+09:00,653.9055260249546,653.9055260249546,636.7726301465716,639.6281127929688,23700,0.0,0.0
2016-12-15 00:00:00+09:00,634.8690906360837,641.5318846907352,618.6880193605014,620.5916748046875,21000,0.0,0.0
2016-12-16 00:00:00+09:00,625.3507345161262,631.0617001281455,612.0251480880809,615.8324584960938,20300,0.0,0.0
2016-12-19 00:00:00+09:00,617.7360945076778,617.7360945076778,604.4105084936447,607.2659912109375,27500,0.0,0.0
2016-12-20 00:00:00+09:00,612.0251636269652,616.7843017578125,606.3141978699484,616.7843017578125,21200,0.0,0.0
2016-12-21 00:00:00+09:00,618.687968351403,618.687968351403,606.314208984375,606.314208984375,14600,0.0,0.0
2016-12-22 00:00:00+09:00,608.2178485798386,608.2178485798386,600.6032276273523,605.3623657226562,17600,0.0,0.0
2016-12-26 00:00:00+09:00,612.9768768358757,612.9768768358757,599.651292556835,602.5067749023438,25600,0.0,0.0
2016-12-27 00:00:00+09:00,605.3623813407575,613.9288301333153,600.6032431226697,606.314208984375,27100,0.0,0.0
2016-12-28 00:00:00+09:00,609.1696342054264,618.6879097398861,606.3141515450884,613.9287719726562,20900,0.0,0.0
2016-12-29 00:00:00+09:00,616.7842651752267,616.7842651752267,599.6513689203593,603.4586791992188,15200,0.0,0.0
2016-12-30 00:00:00+09:00,601.5550257763518,612.0251290730922,598.6995430590591,607.2659912109375,11100,0.0,0.0
2017-01-04 00:00:00+09:00,620.5915074954537,623.4469898919052,609.1695779096478,621.5433349609375,25900,0.0,0.0
2017-01-05 00:00:00+09:00,617.7360583292334,629.1579885294658,617.7360583292334,627.2543334960938,15200,0.0,0.0
2017-01-06 00:00:00+09:00,628.2062363043063,628.2062363043063,620.5916152581935,624.39892578125,15400,0.0,0.0
2017-01-10 00:00:00+09:00,625.350702614008,626.3025301674539,613.9287719726562,613.9287719726562,24900,0.0,0.0
2017-01-11 00:00:00+09:00,613.9288032920873,621.5434241081132,613.9288032920873,615.8324584960938,7900,0.0,0.0
2017-01-12 00:00:00+09:00,621.5434208304296,623.4470760243972,608.2178344726562,608.2178344726562,26000,0.0,0.0
2017-01-13 00:00:00+09:00,604.4105067689336,605.3623343386485,599.6513689203593,603.4586791992188,32000,0.0,0.0
2017-01-16 00:00:00+09:00,599.6513953575721,601.5550505809294,593.9404296875,593.9404296875,16700,0.0,0.0
2017-01-17 00:00:00+09:00,592.0367728940902,597.7477385490171,590.1331176757812,590.1331176757812,12600,0.0,0.0
2017-01-18 00:00:00+09:00,590.1331502408647,599.6514268576528,587.2776672558282,595.8441162109375,14700,0.0,0.0
2017-01-19 00:00:00+09:00,595.8440119385152,601.554976909172,595.8440119385152,600.6031494140625,5300,0.0,0.0
2017-01-20 00:00:00+09:00,603.4586001155106,603.4586001155106,598.699462890625,598.699462890625,5700,0.0,0.0
2017-01-23 00:00:00+09:00,601.5550363835725,601.5550363835725,594.892243259071,596.7958984375,7000,0.0,0.0
2017-01-24 00:00:00+09:00,592.988554974493,595.844037582717,589.1812448301945,591.0848999023438,11000,0.0,0.0
2017-01-25 00:00:00+09:00,592.0367900390626,598.6995834960937,591.0849624023438,594.8922729492188,14700,0.0,0.0
2017-01-26 00:00:00+09:00,585.3739484768469,588.2294311523438,582.5184658013501,588.2294311523438,62300,0.0,0.0
2017-01-27 00:00:00+09:00,588.2293858936415,592.9885233199655,587.2775584083766,589.1812133789062,12500,0.0,0.0
2017-01-30 00:00:00+09:00,589.1812551029393,589.1812551029393,579.6629795762359,580.6148071289062,25200,0.0,0.0
2017-01-31 00:00:00+09:00,580.6148193764251,581.5666469491733,572.048371221691,573.9520263671875,28000,0.0,0.0
2017-02-01 00:00:00+09:00,571.0965576171875,573.0002128092448,568.2410748291015,571.0965576171875,24800,0.0,0.0
2017-02-02 00:00:00+09:00,571.0965419253442,576.8075073445978,570.1447143554688,570.1447143554688,19500,0.0,0.0
2017-02-03 00:00:00+09:00,567.2892627684329,573.9520561230956,567.2892627684329,572.0484008789062,14300,0.0,0.0
2017-02-06 00:00:00+09:00,571.096498603063,578.7111185844371,571.096498603063,574.90380859375,12300,0.0,0.0
2017-02-07 00:00:00+09:00,577.7593069029249,578.711134426653,573.9519968080127,575.8556518554688,11500,0.0,0.0
2017-02-08 00:00:00+09:00,574.9038400177908,577.7593226668859,573.9520124680924,576.8074951171875,7000,0.0,0.0
2017-02-09 00:00:00+09:00,576.8074656034771,579.6629481064646,573.0001555994937,578.7111206054688,12300,0.0,0.0
2017-02-10 00:00:00+09:00,578.7111226000817,590.1330526513991,577.7592950958052,582.5184326171875,20200,0.0,0.0
2017-02-13 00:00:00+09:00,582.5184640294177,585.3739466962286,581.5666364738141,584.422119140625,6200,0.0,0.0
2017-02-14 00:00:00+09:00,586.325760357577,587.277587890625,584.422105291481,587.277587890625,11200,0.0,0.0
2017-02-15 00:00:00+09:00,589.1813341590447,589.1813341590447,583.4703680767276,585.3740234375,8700,0.0,0.0
2017-02-16 00:00:00+09:00,588.2294311523438,591.0849138278405,588.2294311523438,588.2294311523438,11800,0.0,0.0
2017-02-17 00:00:00+09:00,589.1812569186432,589.1812569186432,582.5184640294177,584.422119140625,7700,0.0,0.0
2017-02-20 00:00:00+09:00,582.5185403963415,588.2295064786585,582.5185403963415,585.3740234375,6000,0.0,0.0
2017-02-21 00:00:00+09:00,585.3739466962286,589.1812569186432,582.5184640294177,584.422119140625,6100,0.0,0.0
2017-02-22 00:00:00+09:00,585.3739466962286,589.1812569186432,583.4702915850214,584.422119140625,7400,0.0,0.0
2017-02-23 00:00:00+09:00,587.2776018074359,587.2776018074359,584.422119140625,584.422119140625,1900,0.0,0.0
2017-02-24 00:00:00+09:00,585.3739921731622,587.2776474322619,583.4703369140625,583.4703369140625,12300,0.0,0.0
2017-02-27 00:00:00+09:00,602.5069216844512,603.4587493648373,583.4703680767276,585.3740234375,38800,0.0,0.0
2017-02-28 00:00:00+09:00,587.2775721364208,590.133054658964,586.3257446289062,586.3257446289062,11000,0.0,0.0
2017-03-01 00:00:00+09:00,586.3257446289062,586.3257446289062,582.5184345988484,586.3257446289062,12300,0.0,0.0
2017-03-02 00:00:00+09:00,587.2776787982723,588.2295064786585,580.614885035569,585.3740234375,18000,0.0,0.0
2017-03-03 00:00:00+09:00,582.5184779690057,585.3739607041479,581.566650390625,581.566650390625,9200,0.0,0.0
2017-03-06 00:00:00+09:00,580.6148071289062,585.373944892258,580.6148071289062,580.6148071289062,12200,0.0,0.0
2017-03-07 00:00:00+09:00,580.6147756074605,583.470258110448,578.7111206054688,578.7111206054688,17100,0.0,0.0
2017-03-08 00:00:00+09:00,578.7111520235655,583.4702897869173,578.7111520235655,580.6148071289062,7600,0.0,0.0
2017-03-09 00:00:00+09:00,580.6148228122443,581.566650390625,580.6148228122443,581.566650390625,4800,0.0,0.0
2017-03-10 00:00:00+09:00,578.7111987663131,586.3258198027121,578.7111987663131,583.4703369140625,12300,0.0,0.0
2017-03-13 00:00:00+09:00,583.4702897869173,586.3257724449282,580.6148071289062,580.6148071289062,26100,0.0,0.0
2017-03-14 00:00:00+09:00,579.6629322938118,581.5665872438735,577.75927734375,577.75927734375,24700,0.0,0.0
2017-03-15 00:00:00+09:00,577.7592931044729,584.4220856114438,573.9519831004895,578.7111206054688,26200,0.0,0.0
2017-03-16 00:00:00+09:00,584.4221155147741,586.3257706141708,576.8074951171875,576.8074951171875,16200,0.0,0.0
2017-03-17 00:00:00+09:00,583.4702421939353,583.4702421939353,575.8556223936882,577.75927734375,5700,0.0,0.0
2017-03-21 00:00:00+09:00,580.6148540254129,589.1813026913616,577.7593711367633,583.4703369140625,11400,0.0,0.0
2017-03-22 00:00:00+09:00,576.8074793791968,578.711134426653,574.9038243317407,575.8556518554688,8400,0.0,0.0
2017-03-23 00:00:00+09:00,574.9038418128843,580.6148071289062,574.9038418128843,580.6148071289062,3600,0.0,0.0
2017-03-24 00:00:00+09:00,580.6148540254129,586.3258198027121,576.8075435072135,583.4703369140625,9700,0.0,0.0
2017-03-27 00:00:00+09:00,586.3257546164773,586.3257546164773,575.8556518554688,575.8556518554688,6500,0.0,0.0
2017-03-28 00:00:00+09:00,578.7111419333736,591.0848999023438,577.759314397299,591.0848999023438,5000,0.0,0.0
2017-03-29 00:00:00+09:00,585.3555747427591,587.265380859375,579.6261563929116,587.265380859375,8400,2.0,0.0
2017-03-30 00:00:00+09:00,582.4908367350527,586.3104487792169,582.4908367350527,583.4457397460938,2800,0.0,0.0
2017-03-31 00:00:00+09:00,584.4005519106518,584.4005519106518,578.6711347350571,579.6260375976562,5600,0.0,0.0
2017-04-03 00:00:00+09:00,582.4907836914062,586.3103953877434,581.5358807673219,582.4907836914062,11700,0.0,0.0
2017-04-04 00:00:00+09:00,582.490769948391,587.2652844561646,575.8064496375077,576.7613525390625,23700,0.0,0.0
2017-04-05 00:00:00+09:00,576.7613763031666,581.5358910076629,572.9417645395695,573.8966674804688,21900,0.0,0.0
2017-04-06 00:00:00+09:00,574.8516051935219,574.8516051935219,558.6182542162961,562.4378662109375,17600,0.0,0.0
2017-04-07 00:00:00+09:00,565.3025433442243,572.94176690293,565.3025433442243,566.2574462890625,9800,0.0,0.0
2017-04-10 00:00:00+09:00,566.2574596373187,572.9417804087542,563.392750735275,571.9868774414062,7700,0.0,0.0
2017-04-11 00:00:00+09:00,581.5359152088994,581.5359152088994,569.1221764605978,571.031982421875,27200,0.0,0.0
2017-04-12 00:00:00+09:00,571.9868380312888,583.4456728499457,571.9868380312888,576.7613525390625,55700,0.0,0.0
2017-04-13 00:00:00+09:00,576.7613604341574,577.7162633487834,570.0770400317747,575.8064575195312,19600,0.0,0.0
2017-04-14 00:00:00+09:00,574.8515943444294,576.7614003057065,571.031982421875,571.031982421875,9600,0.0,0.0
2017-04-17 00:00:00+09:00,575.8065265642844,575.8065265642844,572.9418174768999,574.8516235351562,6800,0.0,0.0
2017-04-18 00:00:00+09:00,576.7614457194011,578.6712518310546,572.9418334960938,572.9418334960938,9400,0.0,0.0
2017-04-19 00:00:00+09:00,576.7614457194011,576.7614457194011,570.0771243286133,572.9418334960938,10900,0.0,0.0
2017-04-20 00:00:00+09:00,572.9418334960938,572.9418334960938,564.3477059936523,572.9418334960938,4900,0.0,0.0
2017-04-21 00:00:00+09:00,575.8064733622673,578.6711821849651,568.167249835073,573.8966674804688,11600,0.0,0.0
2017-04-24 00:00:00+09:00,572.9417130753801,572.9417130753801,565.302490234375,565.302490234375,10500,0.0,0.0
2017-04-25 00:00:00+09:00,563.3927743386902,569.1221923828125,559.5731623092754,569.1221923828125,20000,0.0,0.0
2017-04-26 00:00:00+09:00,571.9868224493348,578.671142578125,563.3926965694616,578.671142578125,31500,0.0,0.0
2017-04-27 00:00:00+09:00,599.6790823388287,607.3183063176673,588.2202463705709,606.3634033203125,158200,0.0,0.0
2017-04-28 00:00:00+09:00,598.7241504022323,630.2359477918235,593.9496356462337,602.5437622070312,213400,0.0,0.0
2017-05-01 00:00:00+09:00,602.5436855515032,608.273102529806,586.3103374463121,604.4534912109375,38800,0.0,0.0
2017-05-02 00:00:00+09:00,610.1830176720252,632.1457866962139,600.6339876615084,620.6869506835938,75300,0.0,0.0
2017-05-08 00:00:00+09:00,661.7477575983911,716.1772268380856,659.8379516601562,659.8379516601562,1064700,0.0,0.0
2017-05-09 00:00:00+09:00,656.973237333242,686.5752291316875,631.1908573797572,653.1536254882812,221900,0.0,0.0
2017-05-10 00:00:00+09:00,659.8379178867909,681.8006850523426,652.19869452486,671.2967529296875,125100,0.0,0.0
2017-05-11 00:00:00+09:00,677.9810974121093,677.9810974121093,654.1085235595702,668.4320678710938,76100,0.0,0.0
2017-05-12 00:00:00+09:00,668.4320225756626,673.2065370226317,654.1084792347556,666.522216796875,66500,0.0,0.0
2017-05-15 00:00:00+09:00,663.6575689858107,702.8085910410888,653.1536362392727,688.4850463867188,176600,0.0,0.0
2017-05-16 00:00:00+09:00,683.7104944425705,696.1242324701591,677.9810768913758,685.6203002929688,68500,0.0,0.0
2017-05-17 00:00:00+09:00,678.9359876560866,693.2595316994639,676.0712788474111,684.6654052734375,52300,0.0,0.0
2017-05-18 00:00:00+09:00,667.477141248722,680.8457821321012,664.6124324879978,671.2967529296875,49500,0.0,0.0
2017-05-19 00:00:00+09:00,668.432065457274,681.8007067664195,661.7477448027013,676.0712890625,54000,0.0,0.0
2017-05-22 00:00:00+09:00,677.9810768913758,695.16932954496,676.0712710409775,685.6203002929688,67900,0.0,0.0
2017-05-23 00:00:00+09:00,689.4399410569787,689.4399410569787,664.6124639552039,667.4771728515625,56600,0.0,0.0
2017-05-24 00:00:00+09:00,673.2065644600021,681.8006908148107,663.6575351768815,677.9810791015625,40300,0.0,0.0
2017-05-25 00:00:00+09:00,686.5752239990234,686.5752239990234,668.4320678710938,668.4320678710938,32800,0.0,0.0
2017-05-26 00:00:00+09:00,666.5222619628906,675.1163885498047,662.7026501464843,668.4320678710938,30200,0.0,0.0
2017-05-29 00:00:00+09:00,663.6575635366261,666.5222724439784,657.9281457219214,659.8379516601562,17500,0.0,0.0
2017-05-30 00:00:00+09:00,655.0634018841912,657.9281106387868,645.514372702206,649.333984375,38700,0.0,0.0
2017-05-31 00:00:00+09:00,644.5594832083922,660.7928331558628,644.5594832083922,655.0634155273438,24800,0.0,0.0
2017-06-01 00:00:00+09:00,646.4692677681317,659.8379084605302,642.6496561417321,650.2888793945312,41500,0.0,0.0
2017-06-02 00:00:00+09:00,656.0183005497373,673.2065529658877,649.3339801656789,664.6124267578125,34400,0.0,0.0
2017-06-05 00:00:00+09:00,673.2065856506774,697.0791596099214,667.4771679004589,682.755615234375,80500,0.0,0.0
2017-06-06 00:00:00+09:00,692.3046253345631,692.3046253345631,668.4320520471643,670.3418579101562,55200,0.0,0.0
2017-06-07 00:00:00+09:00,668.4320942739422,682.755639151241,668.4320942739422,679.8909301757812,35100,0.0,0.0
2017-06-08 00:00:00+09:00,679.8908872251158,684.6654018825955,669.3869549786602,670.3418579101562,29000,0.0,0.0
2017-06-09 00:00:00+09:00,668.4320520471643,672.2516637731482,664.6124403211805,670.3418579101562,14700,0.0,0.0
2017-06-12 00:00:00+09:00,667.4771649169921,672.2516796875,664.6124560546874,668.4320678710938,20400,0.0,0.0
2017-06-13 00:00:00+09:00,670.3419005196049,670.3419005196049,651.2438406757416,657.9281616210938,27400,0.0,0.0
2017-06-14 00:00:00+09:00,655.0634076203147,663.6575339593568,653.1536017671943,656.018310546875,13800,0.0,0.0
2017-06-15 00:00:00+09:00,653.1536360677084,659.8379569046585,639.7849943938079,644.5595092773438,24200,0.0,0.0
2017-06-16 00:00:00+09:00,640.7398211029819,656.9731697747415,639.7849182399373,646.46923828125,7900,0.0,0.0
2017-06-19 00:00:00+09:00,656.0182712973887,661.7476885139597,655.0633684279601,660.7927856445312,18400,0.0,0.0
2017-06-20 00:00:00+09:00,666.5222427390374,668.4320485921579,656.018310546875,656.018310546875,19800,0.0,0.0
2017-06-21 00:00:00+09:00,655.0633859942036,655.0633859942036,643.6045512537802,651.2437744140625,29500,0.0,0.0
2017-06-22 00:00:00+09:00,654.1085046937545,663.6575339593568,649.3339900609534,656.018310546875,20900,0.0,0.0
2017-06-23 00:00:00+09:00,656.9732077205882,656.9732077205882,647.424178538603,649.333984375,12900,0.0,0.0
2017-06-26 00:00:00+09:00,655.063423457459,656.0183264071054,648.3791028099339,654.1085205078125,17600,0.0,0.0
2017-06-27 00:00:00+09:00,656.9731917842741,658.8829975743447,651.2437744140625,651.2437744140625,12400,0.0,0.0
2017-06-28 00:00:00+09:00,651.2438353626441,677.9811189259198,651.2438353626441,673.2066040039062,75400,0.0,0.0
2017-06-29 00:00:00+09:00,673.2065272567296,677.0261387588954,669.3869157545637,675.1163330078125,35100,0.0,0.0
2017-06-30 00:00:00+09:00,663.6575768359936,669.3869947655129,654.1085469534613,665.5673828125,38700,0.0,0.0
2017-07-03 00:00:00+09:00,658.8829799056742,665.5672999916737,657.9280770362457,660.7927856445312,17700,0.0,0.0
2017-07-04 00:00:00+09:00,661.7477062594506,663.6575120495212,647.4241628339214,651.2437744140625,33200,0.0,0.0
2017-07-05 00:00:00+09:00,654.1084500623368,662.7025756835938,644.5594215942734,662.7025756835938,26700,0.0,0.0
2017-07-06 00:00:00+09:00,666.5222564300933,666.5222564300933,657.928129914519,661.7477416992188,16200,0.0,0.0
2017-07-07 00:00:00+09:00,653.1536545864371,663.6575876280319,653.1536545864371,656.9732666015625,13700,0.0,0.0
2017-07-10 00:00:00+09:00,665.5672842240127,665.5672842240127,646.4692272878862,662.7025756835938,17900,0.0,0.0
2017-07-11 00:00:00+09:00,660.7928786166879,662.7026846242505,654.1085575902185,656.9732666015625,10800,0.0,0.0
2017-07-12 00:00:00+09:00,661.7477258915524,664.6124346616457,658.8830171214591,663.6575317382812,13300,0.0,0.0
2017-07-13 00:00:00+09:00,673.2066094961845,675.1164154805708,657.9281616210938,657.9281616210938,27300,0.0,0.0
2017-07-14 00:00:00+09:00,657.9281243416033,658.8830272796898,654.1085125892572,655.0634155273438,14200,0.0,0.0
2017-07-17 00:00:00+09:00,655.0634155273438,655.0634155273438,655.0634155273438,655.0634155273438,0,0.0,0.0
2017-07-18 00:00:00+09:00,658.8830486910388,662.7026605675086,654.1085338454516,659.8379516601562,14200,0.0,0.0
2017-07-19 00:00:00+09:00,658.8830092857625,667.4771354938375,658.8830092857625,664.6124267578125,19200,0.0,0.0
2017-07-20 00:00:00+09:00,676.0712834901035,676.0712834901035,665.5673511194944,669.386962890625,24600,0.0,0.0
2017-07-21 00:00:00+09:00,674.1614553669295,694.2144165039062,672.2516495443604,694.2144165039062,71500,0.0,0.0
2017-07-24 00:00:00+09:00,702.8085962734174,739.0949096679688,701.8536932893502,739.0949096679688,257000,0.0,0.0
2017-07-25 00:00:00+09:00,665.5673158507416,668.4320245272871,651.2437724680141,658.8829956054688,348300,0.0,0.0
2017-07-26 00:00:00+09:00,658.8830227322048,677.0261784306279,658.8830227322048,670.3418579101562,84200,0.0,0.0
2017-07-27 00:00:00+09:00,671.2968032494019,686.5752511185207,668.4320942739422,679.8909301757812,75100,0.0,0.0
2017-07-28 00:00:00+09:00,669.386965268618,674.1614799994927,660.7928387530438,661.7477416992188,37500,0.0,0.0
2017-07-31 00:00:00+09:00,658.8830486910388,663.6575635366261,657.9281457219214,659.8379516601562,18300,0.0,0.0
2017-08-01 00:00:00+09:00,659.8379186902728,659.8379186902728,641.6947631835938,641.6947631835938,46900,0.0,0.0
2017-08-02 00:00:00+09:00,639.7849573407855,643.604569026402,636.9202485765729,641.6947631835938,16200,0.0,0.0
2017-08-03 00:00:00+09:00,641.6948531111316,645.5144653320312,635.9654347797823,645.5144653320312,18600,0.0,0.0
2017-08-04 00:00:00+09:00,645.5143530529657,645.5143530529657,633.1006154942548,636.9202270507812,17100,0.0,0.0
2017-08-07 00:00:00+09:00,636.920282722242,636.920282722242,629.2810589414654,630.2359619140625,22000,0.0,0.0
2017-08-08 00:00:00+09:00,625.4614313131373,644.5594902845309,625.4614313131373,632.145751953125,18000,0.0,0.0
2017-08-09 00:00:00+09:00,631.1908648866596,639.7849916400331,629.2810589414654,630.2359619140625,14000,0.0,0.0
2017-08-10 00:00:00+09:00,625.4614178727313,635.965350081281,624.5065149446814,626.4163208007812,17600,0.0,0.0
2017-08-11 00:00:00+09:00,626.4163208007812,626.4163208007812,626.4163208007812,626.4163208007812,0,0.0,0.0
2017-08-14 00:00:00+09:00,623.5516436992248,634.0555764414781,615.9124198866768,622.5967407226562,17300,0.0,0.0
2017-08-15 00:00:00+09:00,620.6868798309465,630.2359087514226,618.7770740468513,629.281005859375,12600,0.0,0.0
2017-08-16 00:00:00+09:00,629.2810273687523,634.0555419921875,627.3712215193783,634.0555419921875,7200,0.0,0.0
2017-08-17 00:00:00+09:00,638.8300249476632,640.7398307023648,635.0104134382601,637.8751220703125,9100,0.0,0.0
2017-08-18 00:00:00+09:00,634.0555738044508,634.0555738044508,625.4614470510771,630.2359619140625,12900,0.0,0.0
2017-08-21 00:00:00+09:00,630.2359325129812,630.2359325129812,625.4614178727313,626.4163208007812,6300,0.0,0.0
2017-08-22 00:00:00+09:00,625.4614628846884,635.0104928523937,624.5065598879179,628.326171875,16700,0.0,0.0
2017-08-23 00:00:00+09:00,628.3261401588463,633.1006549016947,628.3261401588463,632.145751953125,6400,0.0,0.0
2017-08-24 00:00:00+09:00,628.3261187363252,629.2810216523378,623.5516041562619,627.3712158203125,10400,0.0,0.0
2017-08-25 00:00:00+09:00,627.3712158203125,631.1908274843631,623.5516041562619,627.3712158203125,15400,0.0,0.0
2017-08-28 00:00:00+09:00,627.3712688782294,631.1908808653116,625.4614628846884,628.326171875,7900,0.0,0.0
2017-08-29 00:00:00+09:00,627.3711861906884,629.2809919325169,622.5966718361169,623.5515747070312,10100,0.0,0.0
2017-08-30 00:00:00+09:00,624.5065546694989,625.4614576582901,618.7771367367511,621.641845703125,15900,0.0,0.0
2017-08-31 00:00:00+09:00,621.6418508976063,638.8301048394757,611.1379179331307,628.326171875,33800,0.0,0.0
2017-09-01 00:00:00+09:00,625.4614178727313,628.3261266568812,623.5516120166313,626.4163208007812,16100,0.0,0.0
2017-09-04 00:00:00+09:00,620.6868975482112,626.4163150640409,614.0025771130767,619.7319946289062,19600,0.0,0.0
2017-09-05 00:00:00+09:00,614.0026272991511,617.8222392885704,606.3634033203125,606.3634033203125,20300,0.0,0.0
2017-09-06 00:00:00+09:00,597.7692786583534,639.7850107046274,584.4006366436298,620.6869506835938,87300,0.0,0.0
2017-09-07 00:00:00+09:00,630.2359726022465,630.2359726022465,620.6869427143338,621.641845703125,10100,0.0,0.0
2017-09-08 00:00:00+09:00,626.4163472020349,626.4163472020349,614.0026086141897,615.9124145507812,10500,0.0,0.0
2017-09-11 00:00:00+09:00,615.9124356783353,626.4163686899038,615.9124356783353,620.6869506835938,6600,0.0,0.0
2017-09-12 00:00:00+09:00,625.4613804488598,626.4162833197742,620.6868660942883,623.5515747070312,10600,0.0,0.0
2017-09-13 00:00:00+09:00,624.5065466757933,628.3261585820673,620.6869347695193,622.5967407226562,15500,0.0,0.0
2017-09-14 00:00:00+09:00,618.7771367367511,624.5065546694989,618.7771367367511,621.641845703125,6800,0.0,0.0
2017-09-15 00:00:00+09:00,620.6869248061153,654.1085284495214,620.6869248061153,653.1536254882812,68800,0.0,0.0
2017-09-18 00:00:00+09:00,653.1536254882812,653.1536254882812,653.1536254882812,653.1536254882812,0,0.0,0.0
2017-09-19 00:00:00+09:00,654.1085469534613,669.3869947655129,654.1085469534613,665.5673828125,60800,0.0,0.0
2017-09-20 00:00:00+09:00,668.4320599478424,681.8007011467993,664.6124481767118,669.386962890625,47800,0.0,0.0
2017-09-21 00:00:00+09:00,665.5673478462953,676.0712801652469,655.0634155273438,655.0634155273438,31100,0.0,0.0
2017-09-22 00:00:00+09:00,665.5673410335057,677.9810791015625,655.063408822073,677.9810791015625,46900,0.0,0.0
2017-09-25 00:00:00+09:00,673.2066040039062,679.8909248947252,667.4771860974901,673.2066040039062,37500,0.0,0.0
2017-09-26 00:00:00+09:00,677.9811136401808,699.9438821102148,671.2967928014748,688.4850463867188,92800,0.0,0.0
2017-09-27 00:00:00+09:00,715.2222384890995,716.1771413442251,695.1692785314611,706.6281127929688,102700,0.0,0.0
2017-09-28 00:00:00+09:00,706.6281866598591,712.3576043895335,681.8007098312694,690.3948364257812,53400,0.0,0.0
2017-09-29 00:00:00+09:00,697.0791812472874,698.9889872233073,687.5301513671875,687.5301513671875,19100,0.0,0.0
2017-10-02 00:00:00+09:00,689.4399199545633,692.3046287632387,668.4320553576098,684.6654052734375,30200,0.0,0.0
2017-10-03 00:00:00+09:00,679.890861265121,684.6653757402973,675.1163467899446,680.8457641601562,11200,0.0,0.0
2017-10-04 00:00:00+09:00,679.8908534116772,684.665367831703,679.8908534116772,681.8006591796875,14600,0.0,0.0
2017-10-05 00:00:00+09:00,680.8458038157662,684.6654156183793,676.0712890625,676.0712890625,11900,0.0,0.0
2017-10-06 00:00:00+09:00,674.1614886090472,683.7105181927448,674.1614886090472,682.755615234375,12300,0.0,0.0
2017-10-09 00:00:00+09:00,682.755615234375,682.755615234375,682.755615234375,682.755615234375,0,0.0,0.0
2017-10-10 00:00:00+09:00,687.530159346749,691.3497713431199,677.981129355822,686.5752563476562,14800,0.0,0.0
2017-10-11 00:00:00+09:00,694.2144803403979,694.2144803403979,683.7105473503782,686.5752563476562,10200,0.0,0.0
2017-10-12 00:00:00+09:00,686.5752246059982,697.0791571104015,684.6654186961067,690.3948364257812,20400,0.0,0.0
2017-10-13 00:00:00+09:00,686.5752111458878,690.3948228907884,684.6654052734375,684.6654052734375,16500,0.0,0.0
2017-10-16 00:00:00+09:00,630.2359358990778,646.469285763145,628.326130032717,640.7398681640625,125200,0.0,0.0
2017-10-17 00:00:00+09:00,640.7398386073077,647.4241588312289,636.9202270507812,636.9202270507812,32300,0.0,0.0
2017-10-18 00:00:00+09:00,640.7398465359892,640.7398465359892,630.235914625563,635.96533203125,31000,0.0,0.0
2017-10-19 00:00:00+09:00,632.1457126051232,639.784935718176,632.1457126051232,636.9202270507812,24600,0.0,0.0
2017-10-20 00:00:00+09:00,635.0104607988341,637.8751696445431,632.145751953125,632.145751953125,14500,0.0,0.0
2017-10-23 00:00:00+09:00,637.8751672545476,642.6496819795068,632.1457495845965,639.7849731445312,27600,0.0,0.0
2017-10-24 00:00:00+09:00,639.7849755416825,639.7849755416825,629.281043107416,632.145751953125,44000,0.0,0.0
2017-10-25 00:00:00+09:00,633.1006815686204,634.0555845574116,621.641845703125,621.641845703125,43600,0.0,0.0
2017-10-26 00:00:00+09:00,621.6418243502685,627.3712420862156,614.9575036583301,616.8673095703125,31100,0.0,0.0
2017-10-27 00:00:00+09:00,619.7320025408709,623.5516142668547,614.9574878833912,618.777099609375,20200,0.0,0.0
2017-10-30 00:00:00+09:00,620.6868975482112,624.5065092254309,616.8672858709914,619.7319946289062,29300,0.0,0.0
2017-10-31 00:00:00+09:00,619.7319924922112,627.3712158203125,618.7770895761986,627.3712158203125,7700,0.0,0.0
2017-11-01 00:00:00+09:00,627.3712716909555,627.3712716909555,617.8222416804387,620.6869506835938,27300,0.0,0.0
2017-11-02 00:00:00+09:00,620.6869054723669,640.7398670337818,618.777099609375,618.777099609375,28300,0.0,0.0
2017-11-03 00:00:00+09:00,618.777099609375,618.777099609375,618.777099609375,618.777099609375,0,0.0,0.0
2017-11-06 00:00:00+09:00,618.777099609375,623.5516142668547,615.9123908148872,618.777099609375,29800,0.0,0.0
2017-11-07 00:00:00+09:00,616.867333490778,617.8222364837978,608.2732065536001,614.0026245117188,32900,0.0,0.0
2017-11-08 00:00:00+09:00,614.002587223053,616.8672960281373,611.1378784179688,611.1378784179688,16400,0.0,0.0
2017-11-09 00:00:00+09:00,616.867333490778,619.7320424698374,612.0928185256791,614.0026245117188,25800,0.0,0.0
2017-11-10 00:00:00+09:00,611.1378761574074,621.6418084038628,611.1378761574074,618.777099609375,34600,0.0,0.0
2017-11-13 00:00:00+09:00,623.5516302622508,623.5516302622508,616.8673095703125,616.8673095703125,8900,0.0,0.0
2017-11-14 00:00:00+09:00,615.9124171378287,616.8673201101354,608.273193359375,608.273193359375,31500,0.0,0.0
2017-11-15 00:00:00+09:00,610.1829882969251,611.1378912520064,590.1300262402186,594.904541015625,33600,0.0,0.0
2017-11-16 00:00:00+09:00,596.8143523685516,606.3633820064484,594.9045464409722,601.5888671875,11700,0.0,0.0
2017-11-17 00:00:00+09:00,605.408433464682,605.408433464682,597.769210329481,599.6790161132812,7900,0.0,0.0
2017-11-20 00:00:00+09:00,601.5887827217861,606.3632968703718,600.633879892069,604.4534912109375,10500,0.0,0.0
2017-11-21 00:00:00+09:00,601.5888199716244,609.2280430823752,600.6339170827805,607.3182373046875,18300,0.0,0.0
2017-11-22 00:00:00+09:00,611.1379155326595,615.9124304977584,608.2732065536001,614.0026245117188,28500,0.0,0.0
2017-11-23 00:00:00+09:00,614.0026245117188,614.0026245117188,614.0026245117188,614.0026245117188,0,0.0,0.0
2017-11-24 00:00:00+09:00,611.1378705148205,617.8221909735764,609.2280646694618,612.0927734375,18400,0.0,0.0
2017-11-27 00:00:00+09:00,613.0476842880249,615.9123930931091,609.2280725479126,611.1378784179688,25700,0.0,0.0
2017-11-28 00:00:00+09:00,614.0026245117188,619.7320424698374,613.047721518699,614.0026245117188,34600,0.0,0.0
2017-11-29 00:00:00+09:00,622.5967055869735,622.5967055869735,609.2280646694618,612.0927734375,21400,0.0,0.0
2017-11-30 00:00:00+09:00,613.0477243017963,613.0477243017963,599.6790823388287,606.3634033203125,29500,0.0,0.0
2017-12-01 00:00:00+09:00,601.5888592558315,606.3633740118302,598.7241504022323,602.5437622070312,18100,0.0,0.0
2017-12-04 00:00:00+09:00,602.5437941361082,604.4536001397092,598.7241821289062,598.7241821289062,10600,0.0,0.0
2017-12-05 00:00:00+09:00,596.8143840948233,601.5888991675819,594.9045780657199,597.769287109375,12500,0.0,0.0
2017-12-06 00:00:00+09:00,597.7692578674513,598.7241608352906,592.9947430282543,593.9496459960938,21400,0.0,0.0
2017-12-07 00:00:00+09:00,593.9495987618805,603.4986276808818,592.9946958699803,599.6790161132812,17900,0.0,0.0
2017-12-08 00:00:00+09:00,597.7692498808688,598.72415283595,594.904541015625,594.904541015625,16300,0.0,0.0
2017-12-11 00:00:00+09:00,595.8594970703125,596.8144001104893,592.0398849096053,595.8594970703125,49200,0.0,0.0
2017-12-12 00:00:00+09:00,595.8594519317725,596.8143548996119,593.9496459960938,593.9496459960938,39800,0.0,0.0
2017-12-13 00:00:00+09:00,594.9045940301357,596.8144001104893,593.949690989959,595.8594970703125,19600,0.0,0.0
2017-12-14 00:00:00+09:00,594.9045489639332,597.7692578674513,593.9496459960938,593.9496459960938,28300,0.0,0.0
2017-12-15 00:00:00+09:00,592.039787059053,593.9495928237595,591.0848841766997,592.9946899414062,24700,0.0,0.0
2017-12-18 00:00:00+09:00,590.1300070840805,590.1300070840805,578.6711719950691,582.4907836914062,59600,0.0,0.0
2017-12-19 00:00:00+09:00,574.8515546049052,578.6711662634095,574.8515546049052,575.8064575195312,33300,0.0,0.0
2017-12-20 00:00:00+09:00,576.7614295934126,576.7614295934126,572.9418174768999,574.8516235351562,35300,0.0,0.0
2017-12-21 00:00:00+09:00,574.851546735953,576.7613525390625,572.9417409328436,576.7613525390625,30600,0.0,0.0
2017-12-22 00:00:00+09:00,577.7162554406173,579.6260612437267,575.8064496375077,576.7613525390625,26200,0.0,0.0
2017-12-25 00:00:00+09:00,572.9416972458964,573.8966000746397,566.2573774446944,567.2122802734375,39600,0.0,0.0
2017-12-26 00:00:00+09:00,565.3025618433749,565.3025618433749,556.7084350585938,556.7084350585938,80500,0.0,0.0
2017-12-27 00:00:00+09:00,560.528093770345,573.8967365519205,551.9339662679037,572.9418334960938,36200,0.0,0.0
2017-12-28 00:00:00+09:00,572.9417599967079,601.5888479965433,572.9417599967079,589.1751098632812,55000,0.0,0.0
2017-12-29 00:00:00+09:00,584.4006268001887,589.1751417250268,584.4006268001887,585.3555297851562,16200,0.0,0.0
2018-01-01 00:00:00+09:00,585.3555297851562,585.3555297851562,585.3555297851562,585.3555297851562,0,0.0,0.0
2018-01-02 00:00:00+09:00,585.3555297851562,585.3555297851562,585.3555297851562,585.3555297851562,0,0.0,0.0
2018-01-03 00:00:00+09:00,585.3555297851562,585.3555297851562,585.3555297851562,585.3555297851562,0,0.0,0.0
2018-01-04 00:00:00+09:00,584.4006605881912,597.769303150666,584.4006605881912,595.8594970703125,29300,0.0,0.0
2018-01-05 00:00:00+09:00,596.8143756573016,620.6869506835938,593.9496666541467,620.6869506835938,118300,0.0,0.0
2018-01-08 00:00:00+09:00,620.6869506835938,620.6869506835938,620.6869506835938,620.6869506835938,0,0.0,0.0
2018-01-09 00:00:00+09:00,618.7771365564726,645.5144202348387,603.4986887402633,643.6046142578125,175500,0.0,0.0
2018-01-10 00:00:00+09:00,644.5594422117679,649.3339565985217,635.0104134382601,637.8751220703125,72900,0.0,0.0
2018-01-11 00:00:00+09:00,633.1006603839686,649.3340106502243,633.1006603839686,638.830078125,53300,0.0,0.0
2018-01-12 00:00:00+09:00,648.3790697435717,654.1084871492586,630.235914625563,635.96533203125,62600,0.0,0.0
2018-01-15 00:00:00+09:00,637.8751672545476,649.3340025944497,635.9653613645639,639.7849731445312,62400,0.0,0.0
2018-01-16 00:00:00+09:00,636.9202449804391,643.6045653925275,625.4614099882872,627.3712158203125,46400,0.0,0.0
2018-01-17 00:00:00+09:00,625.4614234797735,635.9653557824872,618.777102923501,633.1006469726562,59100,0.0,0.0
2018-01-18 00:00:00+09:00,635.0104632363042,640.7398809497145,624.5065307617188,624.5065307617188,37100,0.0,0.0
2018-01-19 00:00:00+09:00,623.5516544419165,634.0555873651341,611.1379155326595,614.0026245117188,34500,0.0,0.0
2018-01-22 00:00:00+09:00,628.3260932968049,637.8751220703125,615.9123558912448,637.8751220703125,42000,0.0,0.0
2018-01-23 00:00:00+09:00,641.6947574013158,641.6947574013158,633.1006311861196,635.0104370117188,33200,0.0,0.0
2018-01-24 00:00:00+09:00,632.1457598941589,637.8751776575501,625.4614391702025,631.1908569335938,27000,0.0,0.0
2018-01-25 00:00:00+09:00,629.2810352262148,634.0555499092666,620.6869087967218,633.1006469726562,48000,0.0,0.0
2018-01-26 00:00:00+09:00,634.0555262293543,641.694749436937,634.0555262293543,635.96533203125,47500,0.0,0.0
2018-01-29 00:00:00+09:00,637.8751696445431,647.4241991302398,632.145751953125,632.145751953125,44200,0.0,0.0
2018-01-30 00:00:00+09:00,635.9653905349943,641.694808467742,615.9124277703773,621.641845703125,81700,0.0,0.0
2018-01-31 00:00:00+09:00,614.9574624786609,633.1006174275655,614.0025595866133,629.281005859375,30900,0.0,0.0
2018-02-01 00:00:00+09:00,635.0104391484138,635.0104391484138,624.5065070722745,627.3712158203125,18000,0.0,0.0
2018-02-02 00:00:00+09:00,632.1457543795991,632.1457543795991,618.7771130483085,624.5065307617188,17200,0.0,0.0
2018-02-05 00:00:00+09:00,611.1378683551618,639.78495593431,598.7241304041976,619.7319946289062,139700,0.0,0.0
2018-02-06 00:00:00+09:00,562.4377973136255,585.3554664741129,544.2946425615731,563.3927001953125,93700,0.0,0.0
2018-02-07 00:00:00+09:00,592.0398946126302,592.0398946126302,571.0320273844401,572.9418334960938,24700,0.0,0.0
2018-02-08 00:00:00+09:00,572.9417175594625,583.4456490480527,572.9417175594625,579.6260375976562,13300,0.0,0.0
2018-02-09 00:00:00+09:00,571.0320273844401,574.8516396077474,565.3026090494792,572.9418334960938,15500,0.0,0.0
2018-02-12 00:00:00+09:00,572.9418334960938,572.9418334960938,572.9418334960938,572.9418334960938,0,0.0,0.0
2018-02-13 00:00:00+09:00,591.0849450152853,591.0849450152853,569.1221764605978,571.031982421875,12600,0.0,0.0
2018-02-14 00:00:00+09:00,567.2123117220603,571.0319232488083,563.3927001953125,563.3927001953125,18000,0.0,0.0
2018-02-15 00:00:00+09:00,568.1673023312591,579.6261386807971,565.3025932438745,574.8516235351562,8000,0.0,0.0
2018-02-16 00:00:00+09:00,574.8514781605114,584.4005060369318,571.0318670099432,577.7161865234375,9000,0.0,0.0
2018-02-19 00:00:00+09:00,568.1672150002202,595.8593985884662,568.1672150002202,592.9946899414062,27800,0.0,0.0
2018-02-20 00:00:00+09:00,599.6790931384784,599.6790931384784,588.2202569638578,597.769287109375,6500,0.0,0.0
2018-02-21 00:00:00+09:00,578.6712246908884,587.265351790258,578.6712246908884,583.4457397460938,57400,0.0,0.0
2018-02-22 00:00:00+09:00,583.445702502602,583.445702502602,576.7613818519994,580.5809936523438,15600,0.0,0.0
2018-02-23 00:00:00+09:00,580.5809641452814,580.5809641452814,576.7613525390625,576.7613525390625,11600,0.0,0.0
2018-02-26 00:00:00+09:00,576.7613525390625,576.7613525390625,576.7613525390625,576.7613525390625,0,0.0,0.0
2018-02-27 00:00:00+09:00,582.4907004616477,582.4907004616477,577.7161865234375,577.7161865234375,9900,0.0,0.0
2018-02-28 00:00:00+09:00,576.761329009859,579.6260375976562,575.8064261472598,579.6260375976562,27800,0.0,0.0
2018-03-01 00:00:00+09:00,577.7163487752279,577.7163487752279,571.0320273844401,572.9418334960938,10300,0.0,0.0
2018-03-02 00:00:00+09:00,567.2123812042393,567.2123812042393,559.5731572149565,562.4378662109375,21000,0.0,0.0
2018-03-05 00:00:00+09:00,553.8437014320604,555.7535072990675,537.6103515625,537.6103515625,79600,0.0,0.0
2018-03-06 00:00:00+09:00,547.159392094075,554.798615718425,546.2044891410312,550.97900390625,11400,0.0,0.0
2018-03-07 00:00:00+09:00,551.9339068592938,553.8437127653813,544.2946832349437,550.97900390625,10400,0.0,0.0
2018-03-08 00:00:00+09:00,550.9789585810122,551.9338614555028,547.1593470830503,549.0691528320312,13300,0.0,0.0
2018-03-09 00:00:00+09:00,550.9789880940334,553.843696870952,549.0691822427542,552.8887939453125,6300,0.0,0.0
2018-03-12 00:00:00+09:00,562.437813064679,563.392715973108,555.7534927056761,561.48291015625,15200,0.0,0.0
2018-03-13 00:00:00+09:00,566.257467518682,572.9417883831521,561.4829526154891,571.031982421875,11600,0.0,0.0
2018-03-14 00:00:00+09:00,571.0318670099432,577.7161865234375,567.212255859375,577.7161865234375,17900,0.0,0.0
2018-03-15 00:00:00+09:00,575.8064339515006,579.6260454536664,571.0319195737933,578.671142578125,16000,0.0,0.0
2018-03-16 00:00:00+09:00,579.6260552845608,579.6260552845608,563.3927061250262,570.0770263671875,26200,0.0,0.0
2018-03-19 00:00:00+09:00,560.5279953587761,560.5279953587761,545.2495491479747,548.1142578125,34800,0.0,0.0
2018-03-20 00:00:00+09:00,548.1142815424556,548.1142815424556,542.3848639653568,545.2495727539062,12900,0.0,0.0
2018-03-21 00:00:00+09:00,545.2495727539062,545.2495727539062,545.2495727539062,545.2495727539062,0,0.0,0.0
2018-03-22 00:00:00+09:00,546.2044598910613,547.1593627929688,544.2946540872464,547.1593627929688,17400,0.0,0.0
2018-03-23 00:00:00+09:00,542.3849146515934,542.3849146515934,527.1064663515485,531.8809814453125,33500,0.0,0.0
2018-03-26 00:00:00+09:00,527.1063825334821,534.74560546875,518.5122567313058,534.74560546875,20800,0.0,0.0
2018-03-27 00:00:00+09:00,540.4750659608004,546.2044836211622,538.5652600740132,544.294677734375,9700,0.0,0.0
2018-03-28 00:00:00+09:00,549.1114246656689,550.0747780422754,535.6244773931788,548.1480712890625,11400,5.0,0.0
2018-03-29 00:00:00+09:00,552.9648793272115,552.9648793272115,539.4779310509381,552.0015258789062,9400,0.0,0.0
2018-03-30 00:00:00+09:00,558.744959609644,561.6350197455558,554.8915460950947,559.7083129882812,7500,0.0,0.0
2018-04-02 00:00:00+09:00,558.7450154622396,559.7083689371746,543.3313598632812,543.3313598632812,5500,0.0,0.0
2018-04-03 00:00:00+09:00,540.4412190611934,547.1846923828125,540.4412190611934,547.1846923828125,3700,0.0,0.0
2018-04-04 00:00:00+09:00,548.1481170115117,552.0015308393606,545.258056640625,545.258056640625,4100,0.0,0.0
2018-04-05 00:00:00+09:00,546.2213899311266,558.7449844092654,546.2213899311266,549.1114501953125,8700,0.0,0.0
2018-04-06 00:00:00+09:00,552.0015255525151,552.0015255525151,539.4779307319519,540.4412841796875,9100,0.0,0.0
2018-04-09 00:00:00+09:00,538.5145619163376,546.2213892782888,534.661148235362,537.5512084960938,15700,0.0,0.0
2018-04-10 00:00:00+09:00,539.4779510771992,545.2580719815978,530.8077697206014,536.587890625,9000,0.0,0.0
2018-04-11 00:00:00+09:00,595.3523903586647,632.9231722745028,568.3784956498579,582.8287963867188,667600,0.0,0.0
2018-04-12 00:00:00+09:00,588.6089880546314,620.3996535305771,588.6089880546314,604.0226440429688,198300,0.0,0.0
2018-04-13 00:00:00+09:00,602.0958958202805,602.0958958202805,580.9021202874067,588.6089477539062,47600,0.0,0.0
2018-04-16 00:00:00+09:00,582.828795254532,583.7921486351181,569.341847926328,571.2685546875,43800,0.0,0.0
2018-04-17 00:00:00+09:00,576.0853490435888,609.8027189708891,570.3052284846231,606.9126586914062,73500,0.0,0.0
2018-04-18 00:00:00+09:00,606.9126386672541,611.7294056408037,591.4989843518953,610.7660522460938,35500,0.0,0.0
2018-04-19 00:00:00+09:00,610.7661386564961,615.5829063115158,598.2425427534449,611.7294921875,32900,0.0,0.0
2018-04-20 00:00:00+09:00,606.9126789714581,608.8393858888279,597.2791443846096,603.0592651367188,23800,0.0,0.0
2018-04-23 00:00:00+09:00,595.352462549529,604.9859975422398,593.4257555509868,604.0226440429688,18200,0.0,0.0
2018-04-24 00:00:00+09:00,596.3158160488001,606.912704540782,596.3158160488001,604.0226440429688,18900,0.0,0.0
2018-04-25 00:00:00+09:00,606.9126533203125,606.9126533203125,599.2058259765624,602.0958862304688,7500,0.0,0.0
2018-04-26 00:00:00+09:00,604.0226084715242,612.6927894543691,602.0959015864476,604.9859619140625,23700,0.0,0.0
2018-04-27 00:00:00+09:00,620.399601171875,622.3263080078125,602.0958862304688,602.0958862304688,73300,0.0,0.0
2018-04-30 00:00:00+09:00,602.0958862304688,602.0958862304688,602.0958862304688,602.0958862304688,0,0.0,0.0
2018-05-01 00:00:00+09:00,592.4624125992493,600.1692407306217,590.5357055664062,590.5357055664062,22200,0.0,0.0
2018-05-02 00:00:00+09:00,591.4989986328125,602.0958862304688,591.4989986328125,602.0958862304688,13700,0.0,0.0
2018-05-03 00:00:00+09:00,602.0958862304688,602.0958862304688,602.0958862304688,602.0958862304688,0,0.0,0.0
2018-05-04 00:00:00+09:00,602.0958862304688,602.0958862304688,602.0958862304688,602.0958862304688,0,0.0,0.0
2018-05-07 00:00:00+09:00,601.1325832599765,620.3996532362578,600.1692297611625,615.5828857421875,27400,0.0,0.0
2018-05-08 00:00:00+09:00,608.8394115393241,612.6928255364085,599.2058765466134,604.0226440429688,12300,0.0,0.0
2018-05-09 00:00:00+09:00,604.9859164520602,611.7293900430864,604.0225630819136,607.8759765625,27800,0.0,0.0
2018-05-10 00:00:00+09:00,607.8759865571282,610.766046715086,604.9859263991704,605.9492797851562,13000,0.0,0.0
2018-05-11 00:00:00+09:00,605.9493357340496,606.9126892089844,601.132568359375,601.132568359375,17900,0.0,0.0
2018-05-14 00:00:00+09:00,602.0958963213533,604.0226031895817,600.169189453125,600.169189453125,11600,0.0,0.0
2018-05-15 00:00:00+09:00,603.0592701654634,603.0592701654634,596.3157958984375,596.3157958984375,7700,0.0,0.0
2018-05-16 00:00:00+09:00,603.0592554092408,616.5462036132812,600.1691950798034,616.5462036132812,40600,0.0,0.0
2018-05-17 00:00:00+09:00,622.3263596754807,640.6300761365243,618.4729456836822,638.703369140625,98400,0.0,0.0
2018-05-18 00:00:00+09:00,645.4468076774873,645.4468076774873,632.9232129016555,639.6666870117188,50600,0.0,0.0
2018-05-21 00:00:00+09:00,639.6666504654,640.6300038546552,627.1430564050835,629.0697631835938,36600,0.0,0.0
2018-05-22 00:00:00+09:00,630.9964599609375,636.7765802048546,625.2163397170206,630.9964599609375,18300,0.0,0.0
2018-05-23 00:00:00+09:00,624.2530215202122,633.8865558029315,616.5461940940368,630.0331420898438,86200,0.0,0.0
2018-05-24 00:00:00+09:00,627.1430193464332,630.9964326757508,615.5827793584806,618.4728393554688,25100,0.0,0.0
2018-05-25 00:00:00+09:00,612.6928457185039,620.3996739665355,610.7661386564961,611.7294921875,14800,0.0,0.0
2018-05-28 00:00:00+09:00,614.6194967269897,621.36297082901,614.6194967269897,616.5462036132812,5400,0.0,0.0
2018-05-29 00:00:00+09:00,614.6194963394457,614.6194963394457,600.169194701371,604.9859619140625,12700,0.0,0.0
2018-05-30 00:00:00+09:00,606.9126687991392,606.9126687991392,597.2791343737559,604.9859619140625,12000,0.0,0.0
2018-05-31 00:00:00+09:00,612.6927534870579,615.5828136450157,602.0958662412125,605.9492797851562,6300,0.0,0.0
2018-06-01 00:00:00+09:00,606.9126791640135,621.362981048871,604.022618787042,614.6195068359375,16800,0.0,0.0
2018-06-04 00:00:00+09:00,623.289687966852,623.289687966852,612.6927999179564,614.6195068359375,16000,0.0,0.0
2018-06-05 00:00:00+09:00,617.5096030242776,617.5096030242776,611.7294819351268,613.6561889648438,8600,0.0,0.0
2018-06-06 00:00:00+09:00,610.7660477708171,617.509521484375,606.9126342202126,617.509521484375,9800,0.0,0.0
2018-06-07 00:00:00+09:00,619.436279296875,619.436279296875,610.7660980936528,619.436279296875,10900,0.0,0.0
2018-06-08 00:00:00+09:00,620.3996173858643,622.3263242721558,614.6194967269897,616.5462036132812,11600,0.0,0.0
2018-06-11 00:00:00+09:00,609.8027088793018,614.6194759320609,608.83935546875,608.83935546875,5900,0.0,0.0
2018-06-12 00:00:00+09:00,613.6561124302235,615.5828192196434,609.8026988513839,610.7660522460938,3700,0.0,0.0
2018-06-13 00:00:00+09:00,612.6927590355136,615.5828192196434,610.7660522460938,610.7660522460938,14600,0.0,0.0
2018-06-14 00:00:00+09:00,610.7660928061975,612.6927997235673,603.0592651367188,603.0592651367188,9100,0.0,0.0
2018-06-15 00:00:00+09:00,603.0593003014006,613.6561889648438,603.0593003014006,613.6561889648438,11800,0.0,0.0
2018-06-18 00:00:00+09:00,614.6194861033606,614.6194861033606,606.9126586914062,606.9126586914062,3400,0.0,0.0
2018-06-19 00:00:00+09:00,604.9859978404472,610.7661188389228,586.6822813452744,592.46240234375,18400,0.0,0.0
2018-06-20 00:00:00+09:00,587.6455293427008,601.1324759177792,586.6821760159095,595.3523559570312,16600,0.0,0.0
2018-06-21 00:00:00+09:00,593.425755843496,601.1325838414634,591.499048844004,592.46240234375,7000,0.0,0.0
2018-06-22 00:00:00+09:00,592.4624125992493,595.3524731485139,586.6822915007201,590.5357055664062,14400,0.0,0.0
2018-06-25 00:00:00+09:00,572.2319742158105,585.7189231030519,572.2319742158105,576.0853881835938,26800,0.0,0.0
2018-06-26 00:00:00+09:00,572.2319540739851,582.8288421123923,571.2686006159481,579.9387817382812,7100,0.0,0.0
2018-06-27 00:00:00+09:00,575.1220092773438,578.0120696254711,572.2319489292164,575.1220092773438,3200,0.0,0.0
2018-06-28 00:00:00+09:00,573.19530206664,573.19530206664,563.561767578125,563.561767578125,16200,0.0,0.0
2018-06-29 00:00:00+09:00,560.6716663669185,564.5250798814678,559.7083129882812,559.7083129882812,7400,0.0,0.0
2018-07-02 00:00:00+09:00,559.7083185085257,626.179702290089,558.7449651203872,564.5250854492188,141300,0.0,0.0
2018-07-03 00:00:00+09:00,565.4885162083449,575.1220514078055,539.4779711698009,544.2947387695312,38500,0.0,0.0
2018-07-04 00:00:00+09:00,538.5146023953002,558.7450257410986,538.5146023953002,552.9649047851562,17500,0.0,0.0
2018-07-05 00:00:00+09:00,550.074788088521,561.6350288189278,544.2946677233176,546.2213745117188,5600,0.0,0.0
2018-07-06 00:00:00+09:00,547.1846923828125,556.8182256994113,545.2579857194927,547.1846923828125,8900,0.0,0.0
2018-07-09 00:00:00+09:00,550.0747792019081,559.7083129882812,550.0747792019081,559.7083129882812,5800,0.0,0.0
2018-07-10 00:00:00+09:00,554.8915813577586,562.5984088766163,554.8915813577586,558.7449951171875,6000,0.0,0.0
2018-07-11 00:00:00+09:00,559.7083689371746,560.6717224121094,552.9648946126302,554.8916015625,20600,0.0,0.0
2018-07-12 00:00:00+09:00,554.8915460950947,559.7083129882812,554.8915460950947,559.7083129882812,4900,0.0,0.0
2018-07-13 00:00:00+09:00,555.8549347976158,559.7083485570447,552.9648744780442,558.7449951171875,9800,0.0,0.0
2018-07-16 00:00:00+09:00,558.7449951171875,558.7449951171875,558.7449951171875,558.7449951171875,0,0.0,0.0
2018-07-17 00:00:00+09:00,561.6350758870443,570.3052571614584,559.7083689371746,566.4518432617188,4700,0.0,0.0
2018-07-18 00:00:00+09:00,569.341888878733,592.462371675839,569.341888878733,586.6822509765625,30000,0.0,0.0
2018-07-19 00:00:00+09:00,595.3524222825541,606.9126634919241,590.5356551119834,600.169189453125,49400,0.0,0.0
2018-07-20 00:00:00+09:00,596.3157092838226,599.2057692641965,592.4622959766573,595.3523559570312,8900,0.0,0.0
2018-07-23 00:00:00+09:00,586.6821857799183,596.3157192081601,586.6821857799183,593.4256591796875,6300,0.0,0.0
2018-07-24 00:00:00+09:00,591.4989524940391,596.3157192081601,591.4989524940391,593.4256591796875,9400,0.0,0.0
2018-07-25 00:00:00+09:00,599.2058355203432,611.729430153405,581.8654737207191,588.6089477539062,68400,0.0,0.0
2018-07-26 00:00:00+09:00,540.4412895651425,568.3785398278682,535.6245222784656,556.8182983398438,98900,0.0,0.0
2018-07-27 00:00:00+09:00,565.4884741551797,565.4884741551797,552.0015258789062,552.0015258789062,12100,0.0,0.0
2018-07-30 00:00:00+09:00,552.0015512924991,555.8549652631274,552.0015512924991,552.9649047851562,9900,0.0,0.0
2018-07-31 00:00:00+09:00,552.9648692255435,561.6350501019022,551.0381623641304,553.92822265625,11600,0.0,0.0
2018-08-01 00:00:00+09:00,550.0748544973094,558.7450360918378,550.0748544973094,551.0382080078125,12400,0.0,0.0
2018-08-02 00:00:00+09:00,554.8915449253076,554.8915449253076,547.1847179124561,548.1480712890625,8700,0.0,0.0
2018-08-03 00:00:00+09:00,546.2214458094234,550.0748598892077,543.3313852495852,544.2947387695312,10300,0.0,0.0
2018-08-06 00:00:00+09:00,544.2947387695312,551.0382134091537,543.3313852495852,544.2947387695312,2900,0.0,0.0
2018-08-07 00:00:00+09:00,548.1481015356142,548.1481015356142,542.3679809570312,542.3679809570312,4800,0.0,0.0
2018-08-08 00:00:00+09:00,542.3679510294239,548.1480712890625,542.3679510294239,548.1480712890625,6800,0.0,0.0
2018-08-09 00:00:00+09:00,549.111470468474,549.111470468474,545.258056640625,545.258056640625,5700,0.0,0.0
2018-08-10 00:00:00+09:00,545.2580668131511,547.1847737630209,543.3313598632812,543.3313598632812,2900,0.0,0.0
2018-08-13 00:00:00+09:00,543.3313290175571,545.2580358580449,537.5512084960938,537.5512084960938,14500,0.0,0.0
2018-08-14 00:00:00+09:00,535.6244916643416,543.3313188825335,535.6244916643416,539.4779052734375,2700,0.0,0.0
2018-08-15 00:00:00+09:00,543.3313392254946,544.2946926638376,535.62451171875,535.62451171875,3400,0.0,0.0
2018-08-16 00:00:00+09:00,532.7344766887343,538.5145975931329,532.7344766887343,536.587890625,2200,0.0,0.0
2018-08-17 00:00:00+09:00,540.4413045612657,546.2214254656643,534.6611836568671,536.587890625,2400,0.0,0.0
2018-08-20 00:00:00+09:00,538.5145720337792,543.3313392254946,534.6611582804069,535.62451171875,3200,0.0,0.0
2018-08-21 00:00:00+09:00,534.6611735389996,539.4779408681798,534.6611735389996,538.5145874023438,4200,0.0,0.0
2018-08-22 00:00:00+09:00,539.4779307319519,543.3313445228944,539.4779307319519,540.4412841796875,3000,0.0,0.0
2018-08-23 00:00:00+09:00,547.1847737630209,550.0748341878256,542.3680063883464,543.3313598632812,5000,0.0,0.0
2018-08-24 00:00:00+09:00,542.3679510294239,554.8915449253076,542.3679510294239,548.1480712890625,6700,0.0,0.0
2018-08-27 00:00:00+09:00,544.294687816559,552.9648686844333,541.4046275272675,542.3679809570312,12200,0.0,0.0
2018-08-28 00:00:00+09:00,544.294687816559,545.2580412463227,540.4412740975037,542.3679809570312,9200,0.0,0.0
2018-08-29 00:00:00+09:00,544.2947133382162,550.0748341878256,542.3680063883464,543.3313598632812,10200,0.0,0.0
2018-08-30 00:00:00+09:00,543.3313598632812,546.2214202880859,543.3313598632812,543.3313598632812,4400,0.0,0.0
2018-08-31 00:00:00+09:00,545.258056640625,547.1847635545495,543.3313497267005,545.258056640625,9100,0.0,0.0
2018-09-03 00:00:00+09:00,545.2580256870815,547.1847324916295,539.4779052734375,539.4779052734375,4600,0.0,0.0
2018-09-04 00:00:00+09:00,541.4046477998519,541.4046477998519,538.5145874023438,538.5145874023438,6300,0.0,0.0
2018-09-05 00:00:00+09:00,538.5145619163376,539.4779153365815,535.624501655606,537.5512084960938,3600,0.0,0.0
2018-09-06 00:00:00+09:00,539.4779408681798,544.2947081973599,531.7711131414915,538.5145874023438,12700,0.0,0.0
2018-09-07 00:00:00+09:00,537.5511984688895,542.3679654802595,537.5511984688895,539.4779052734375,2100,0.0,0.0
2018-09-10 00:00:00+09:00,539.4779153365815,544.294682437801,537.5512084960938,537.5512084960938,4400,0.0,0.0
2018-09-11 00:00:00+09:00,538.5145564984672,538.5145564984672,531.7710826246044,532.7344360351562,8100,0.0,0.0
2018-09-12 00:00:00+09:00,533.6977995441528,535.6245064017128,530.8077392578125,530.8077392578125,7300,0.0,0.0
2018-09-13 00:00:00+09:00,529.8443858290325,531.7710926865926,529.8443858290325,530.8077392578125,7400,0.0,0.0
2018-09-14 00:00:00+09:00,530.8077545716875,535.6245218545521,530.8077545716875,533.6978149414062,5300,0.0,0.0
2018-09-17 00:00:00+09:00,533.6978149414062,533.6978149414062,533.6978149414062,533.6978149414062,0,0.0,0.0
2018-09-18 00:00:00+09:00,533.6978251139324,541.4046529134115,531.7711181640625,531.7711181640625,8500,0.0,0.0
2018-09-19 00:00:00+09:00,530.8076586474169,539.4778381897522,530.8076586474169,534.6610717773438,11000,0.0,0.0
2018-09-20 00:00:00+09:00,535.6244817441893,545.2580155885092,535.6244817441893,541.4046020507812,10200,0.0,0.0
2018-09-21 00:00:00+09:00,539.4779711698009,546.2214458094234,539.4779711698009,544.2947387695312,4600,0.0,0.0
2018-09-24 00:00:00+09:00,544.2947387695312,544.2947387695312,544.2947387695312,544.2947387695312,0,0.0,0.0
2018-09-25 00:00:00+09:00,545.2580668131511,546.2214202880859,542.3680063883464,543.3313598632812,6200,0.0,0.0
2018-09-26 00:00:00+09:00,539.4779358988516,547.1847635545495,539.4779358988516,545.258056640625,4300,0.0,0.0
2018-09-27 00:00:00+09:00,543.331251319679,543.331251319679,534.6610717773438,534.6610717773438,13200,0.0,0.0
2018-09-28 00:00:00+09:00,540.4412740975037,542.3679809570312,535.6245069486845,542.3679809570312,6100,0.0,0.0
2018-10-01 00:00:00+09:00,540.4412190611934,551.038105709452,540.4412190611934,547.1846923828125,20600,0.0,0.0
2018-10-02 00:00:00+09:00,547.1847481058504,547.1847481058504,541.4046275272675,542.3679809570312,6300,0.0,0.0
2018-10-03 00:00:00+09:00,547.1847324916295,547.1847324916295,539.4779052734375,539.4779052734375,6400,0.0,0.0
2018-10-04 00:00:00+09:00,539.4779254721223,544.2946926638376,535.62451171875,535.62451171875,7400,0.0,0.0
2018-10-05 00:00:00+09:00,535.6244250598255,540.441191472234,534.6610717773438,534.6610717773438,4100,0.0,0.0
2018-10-08 00:00:00+09:00,534.6610717773438,534.6610717773438,534.6610717773438,534.6610717773438,0,0.0,0.0
2018-10-09 00:00:00+09:00,541.4045447547156,541.4045447547156,531.7710119298987,534.6610717773438,3100,0.0,0.0
2018-10-10 00:00:00+09:00,540.441191472234,540.441191472234,532.7343652123803,534.6610717773438,3300,0.0,0.0
2018-10-11 00:00:00+09:00,530.8077338920845,531.7710873111264,523.1009065397493,525.990966796875,24300,0.0,0.0
2018-10-12 00:00:00+09:00,525.9909973144531,531.7711181640625,525.0276438395183,531.7711181640625,8700,0.0,0.0
2018-10-15 00:00:00+09:00,530.8077081242833,530.8077081242833,525.027587890625,525.027587890625,6100,0.0,0.0
2018-10-16 00:00:00+09:00,526.9543609064276,529.8444213867188,525.9910074129972,529.8444213867188,3100,0.0,0.0
2018-10-17 00:00:00+09:00,528.8810324002524,532.7344461153726,526.9543255426923,530.8077392578125,6800,0.0,0.0
2018-10-18 00:00:00+09:00,526.954330332139,528.8810372072107,524.0642700195312,524.0642700195312,18100,0.0,0.0
2018-10-19 00:00:00+09:00,525.0276694588653,526.954376502751,520.2109018491509,521.1742553710938,8000,0.0,0.0
2018-10-22 00:00:00+09:00,525.0276133778332,526.9543202159169,523.1009065397493,525.990966796875,2700,0.0,0.0
2018-10-23 00:00:00+09:00,521.1742197860211,530.8077543476851,521.1742197860211,522.1375732421875,10500,0.0,0.0
2018-10-24 00:00:00+09:00,526.9543202159169,526.9543202159169,522.1375531207075,525.990966796875,7000,0.0,0.0
2018-10-25 00:00:00+09:00,520.2108816179057,523.1009420713385,513.4674072265625,513.4674072265625,18600,0.0,0.0
2018-10-26 00:00:00+09:00,481.67671188262386,503.83384062922454,476.8599447637976,478.7866516113281,47000,0.0,0.0
2018-10-29 00:00:00+09:00,487.45684192438796,487.45684192438796,450.8494111079319,453.7394714355469,22500,0.0,0.0
2018-10-30 00:00:00+09:00,452.7760769110931,452.7760769110931,433.5090098084934,449.8860168457031,33400,0.0,0.0
2018-10-31 00:00:00+09:00,461.4462799010364,474.9332275390625,461.4462799010364,474.9332275390625,16000,0.0,0.0
2018-11-01 00:00:00+09:00,474.9332275390625,480.7133479553594,470.1164605254817,474.9332275390625,6900,0.0,0.0
2018-11-02 00:00:00+09:00,481.6767272949219,482.64008074951175,473.96989965820313,481.6767272949219,8200,0.0,0.0
2018-11-05 00:00:00+09:00,480.71336327377634,480.71336327377634,472.0431823730469,472.0431823730469,9100,0.0,0.0
2018-11-06 00:00:00+09:00,472.0431623574693,479.7499894979994,472.0431623574693,475.8965759277344,6400,0.0,0.0
2018-11-07 00:00:00+09:00,473.00652073363017,475.89658094177867,470.1164605254817,474.9332275390625,7500,0.0,0.0
2018-11-08 00:00:00+09:00,473.00652497609457,479.74999885559083,447.95933628082275,462.4096374511719,42000,0.0,0.0
2018-11-09 00:00:00+09:00,487.4568477693152,487.4568477693152,470.1164855957031,470.1164855957031,68000,0.0,0.0
2018-11-12 00:00:00+09:00,470.11649067152206,475.896611458467,467.22643027804963,469.15313720703125,17000,0.0,0.0
2018-11-13 00:00:00+09:00,463.37299124007365,468.18975830078125,460.48293100364907,468.18975830078125,10800,0.0,0.0
2018-11-14 00:00:00+09:00,468.1897738370028,476.8599548339844,453.7394721753669,476.8599548339844,7200,0.0,0.0
2018-11-15 00:00:00+09:00,469.15312709691335,473.9698943155675,463.37300643452835,471.079833984375,9300,0.0,0.0
2018-11-16 00:00:00+09:00,463.3730164200863,471.0798441360129,461.44630949110467,469.15313720703125,12400,0.0,0.0
2018-11-19 00:00:00+09:00,462.4096531723485,476.8599548339844,451.8127652871488,476.8599548339844,14300,0.0,0.0
2018-11-20 00:00:00+09:00,475.89659559178057,475.89659559178057,460.4829406738281,460.4829406738281,5700,0.0,0.0
2018-11-21 00:00:00+09:00,453.7394616877609,494.2003054051409,453.7394616877609,461.4462890625,26200,0.0,0.0
2018-11-22 00:00:00+09:00,475.89660120302915,475.89660120302915,464.3363598782592,471.079833984375,6100,0.0,0.0
2018-11-23 00:00:00+09:00,471.079833984375,471.079833984375,471.079833984375,471.079833984375,0,0.0,0.0
2018-11-26 00:00:00+09:00,474.9332735045882,474.9332735045882,464.3363850491106,466.2630920410156,14000,0.0,0.0
2018-11-27 00:00:00+09:00,469.15312207280374,473.0065358064613,453.73946713817367,472.0431823730469,11000,0.0,0.0
2018-11-28 00:00:00+09:00,471.07981304715923,471.07981304715923,461.4462790380149,463.37298583984375,6900,0.0,0.0
2018-11-29 00:00:00+09:00,469.1531011810936,469.1531011810936,458.55621388542204,464.3363342285156,8600,0.0,0.0
2018-11-30 00:00:00+09:00,465.29969264167266,465.29969264167266,460.48292563710044,463.37298583984375,5400,0.0,0.0
2018-12-03 00:00:00+09:00,463.37299124007365,473.0065253614889,463.37299124007365,468.18975830078125,2700,0.0,0.0
2018-12-04 00:00:00+09:00,470.1164698590814,470.1164698590814,461.4462890625,461.4462890625,6400,0.0,0.0
2018-12-05 00:00:00+09:00,457.59287039438885,462.4096374511719,457.59287039438885,462.4096374511719,4200,0.0,0.0
2018-12-06 00:00:00+09:00,466.2630503075755,466.2630503075755,443.14256847414197,450.8493957519531,13600,0.0,0.0
2018-12-07 00:00:00+09:00,450.8493953556209,457.59286921777766,445.06927490234375,445.06927490234375,6600,0.0,0.0
2018-12-10 00:00:00+09:00,445.06928985797805,445.06928985797805,434.47240200421663,436.39910888671875,6600,0.0,0.0
2018-12-11 00:00:00+09:00,436.39909814012236,441.2158652277617,420.0220900421487,426.76556396484375,16700,0.0,0.0
2018-12-12 00:00:00+09:00,427.72892750850343,430.6189878295068,420.02209998582765,424.8388671875,24600,0.0,0.0
2018-12-13 00:00:00+09:00,420.0220947265625,425.8022152961941,420.0220947265625,420.0220947265625,29900,0.0,0.0
2018-12-14 00:00:00+09:00,420.02207971107987,424.83884668024365,418.09537292341435,422.9121398925781,16000,0.0,0.0
2018-12-17 00:00:00+09:00,422.912154431613,422.912154431613,408.46185302734375,408.46185302734375,32400,0.0,0.0
2018-12-18 00:00:00+09:00,408.46188888732763,408.46188888732763,397.86500026053375,401.7184143066406,16000,0.0,0.0
2018-12-19 00:00:00+09:00,399.7916920979818,406.53516642252606,396.9016316731771,404.60845947265625,11200,0.0,0.0
2018-12-20 00:00:00+09:00,402.6817365373884,402.6817365373884,369.92771968984965,384.3780212402344,26700,0.0,0.0
2018-12-21 00:00:00+09:00,376.6711609700521,379.56122102864583,350.66062044270836,361.25750732421875,37500,0.0,0.0
2018-12-24 00:00:00+09:00,361.25750732421875,361.25750732421875,361.25750732421875,361.25750732421875,0,0.0,0.0
2018-12-25 00:00:00+09:00,322.7234350099154,330.4302633086597,314.0532531738281,314.0532531738281,50300,0.0,0.0
2018-12-26 00:00:00+09:00,337.1737060546875,356.4407749720982,331.3935853794643,337.1737060546875,20800,0.0,0.0
2018-12-27 00:00:00+09:00,348.73392822921915,367.0376426942887,348.73392822921915,358.3674621582031,12700,0.0,0.0
2018-12-28 00:00:00+09:00,358.36747222075593,368.00100642023864,356.4407653808594,356.4407653808594,4000,0.0,0.0
2018-12-31 00:00:00+09:00,356.4407653808594,356.4407653808594,356.4407653808594,356.4407653808594,0,0.0,0.0
2019-01-04 00:00:00+09:00,356.44078083781454,373.78114314884334,349.69730660574777,370.8910827636719,7300,0.0,0.0
2019-01-07 00:00:00+09:00,375.70783508610606,384.3780158957854,370.8910679696175,379.5612487792969,5900,0.0,0.0
2019-01-08 00:00:00+09:00,379.561269124349,399.7916920979818,375.7078552246094,393.0482177734375,14700,0.0,0.0
2019-01-09 00:00:00+09:00,385.3413642207279,396.9016051473497,373.781123294106,380.52459716796875,30800,0.0,0.0
2019-01-10 00:00:00+09:00,378.5978959558046,395.9382576026353,378.5978959558046,391.1214904785156,13500,0.0,0.0
2019-01-11 00:00:00+09:00,391.1215057746123,394.97491962460845,384.37803153711894,394.0115661621094,8700,0.0,0.0
2019-01-15 00:00:00+09:00,394.0115661621094,399.79168693710363,391.1215057746123,394.0115661621094,5100,0.0,0.0
2019-01-16 00:00:00+09:00,393.04820734532035,394.9749142440719,383.4146728515625,383.4146728515625,23300,0.0,0.0
2019-01-17 00:00:00+09:00,386.30473349966655,396.901621451029,386.30473349966655,394.97491455078125,9000,0.0,0.0
2019-01-18 00:00:00+09:00,394.97491455078125,394.97491455078125,394.97491455078125,394.97491455078125,0,0.0,0.0
2019-01-21 00:00:00+09:00,390.15812260271554,399.7916564941406,390.15812260271554,399.7916564941406,14700,0.0,0.0
2019-01-22 00:00:00+09:00,396.90160592943795,401.7183729916884,389.19477862983723,392.0848388671875,4500,0.0,0.0
2019-01-23 00:00:00+09:00,392.0848592371113,395.93827308710746,392.0848592371113,394.0115661621094,4100,0.0,0.0
2019-01-24 00:00:00+09:00,394.0115361592856,399.7916564941406,394.0115361592856,399.7916564941406,2200,0.0,0.0
2019-01-25 00:00:00+09:00,399.7916920979818,404.60845947265625,395.9382781982422,404.60845947265625,8800,0.0,0.0
2019-01-28 00:00:00+09:00,404.60845453909855,423.8755238028652,404.60845453909855,417.1320495605469,23600,0.0,0.0
2019-01-29 00:00:00+09:00,409.4251964013901,419.058730434364,404.60842938490316,410.3885498046875,26300,0.0,0.0
2019-01-30 00:00:00+09:00,411.3519236484421,428.6922857694537,404.6084494902709,412.3152770996094,11300,0.0,0.0
2019-01-31 00:00:00+09:00,412.31525256041783,425.8022000740764,412.31525256041783,422.9121398925781,10100,0.0,0.0
2019-02-01 00:00:00+09:00,422.9121495930612,427.7289166727088,414.24196884969547,415.205322265625,6000,0.0,0.0
2019-02-04 00:00:00+09:00,410.3885498046875,420.0220838376614,394.0115419486319,410.3885498046875,7900,0.0,0.0
2019-02-05 00:00:00+09:00,409.42521660248815,414.24198385663504,404.6084493483412,406.53515625,5400,0.0,0.0
2019-02-06 00:00:00+09:00,406.5351516197467,419.0587463378906,406.5351516197467,419.0587463378906,7100,0.0,0.0
2019-02-07 00:00:00+09:00,421.9488117552023,421.9488117552023,412.31527724024335,418.09539794921875,5600,0.0,0.0
2019-02-08 00:00:00+09:00,418.09539794921875,418.09539794921875,413.27863069173924,418.09539794921875,1700,0.0,0.0
2019-02-12 00:00:00+09:00,419.0587115395663,425.80218505859375,418.09535817970516,425.80218505859375,15300,0.0,0.0
2019-02-13 00:00:00+09:00,425.8022105473159,428.69227079989946,423.8755037122601,426.76556396484375,9300,0.0,0.0
2019-02-14 00:00:00+09:00,426.7655534679091,426.7655534679091,416.1686661357489,422.9121398925781,4600,0.0,0.0
2019-02-15 00:00:00+09:00,420.985453217605,421.9488066574623,417.13203945817617,419.0587463378906,9100,0.0,0.0
2019-02-18 00:00:00+09:00,419.05873592934313,420.02208934527266,411.3519086019069,415.205322265625,15400,0.0,0.0
2019-02-19 00:00:00+09:00,415.2053426341702,420.0221099501118,415.2053426341702,417.1320495605469,3900,0.0,0.0
2019-02-20 00:00:00+09:00,418.0954030237352,424.8388772660535,417.1320495605469,417.1320495605469,12200,0.0,0.0
2019-02-21 00:00:00+09:00,417.1320195295816,423.87549328641086,417.1320195295816,422.9121398925781,8000,0.0,0.0
2019-02-22 00:00:00+09:00,421.9487968772044,433.5090378875388,421.9487968772044,426.76556396484375,14400,0.0,0.0
2019-02-25 00:00:00+09:00,429.65564982096356,429.65564982096356,424.83888244628906,427.72894287109375,16000,0.0,0.0
2019-02-26 00:00:00+09:00,427.72895689780665,480.7133997567692,425.80224988475345,465.29974365234375,79200,0.0,0.0
2019-02-27 00:00:00+09:00,461.4462991710479,462.4096526139937,453.73947162748135,459.51959228515625,10300,0.0,0.0
2019-02-28 00:00:00+09:00,454.7028246807796,456.62953156502016,428.6922817435316,447.9593505859375,16300,0.0,0.0
2019-03-01 00:00:00+09:00,452.77614334882315,458.5562643277443,452.77614334882315,454.7028503417969,3500,0.0,0.0
2019-03-04 00:00:00+09:00,454.7028147917217,462.40964216107295,452.7761079493839,455.6661682128906,5500,0.0,0.0
2019-03-05 00:00:00+09:00,455.6661685314457,462.4096424843424,454.7028151096033,461.4462890625,3100,0.0,0.0
2019-03-06 00:00:00+09:00,460.4829559004934,463.3730162931743,455.66618857935856,457.5928955078125,3600,0.0,0.0
2019-03-07 00:00:00+09:00,448.9226881328382,450.84939494885896,429.6556199726305,439.2891540527344,5700,0.0,0.0
2019-03-08 00:00:00+09:00,438.32582589481655,438.32582589481655,427.72893779626054,428.6922912597656,7400,0.0,0.0
2019-03-11 00:00:00+09:00,428.6922912597656,428.6922912597656,428.6922912597656,428.6922912597656,0,0.0,0.0
2019-03-12 00:00:00+09:00,443.1425680845847,445.06927490234375,438.325801040187,445.06927490234375,1900,0.0,0.0
2019-03-13 00:00:00+09:00,445.06927490234375,445.06927490234375,445.06927490234375,445.06927490234375,0,0.0,0.0
2019-03-14 00:00:00+09:00,443.1425835676254,455.66617832062354,443.1425835676254,453.7394714355469,34500,0.0,0.0
2019-03-15 00:00:00+09:00,450.8493907416045,461.44627813083025,441.21585675139926,451.812744140625,5700,0.0,0.0
2019-03-18 00:00:00+09:00,447.95933512898233,454.7028089911391,445.06927490234375,445.06927490234375,5000,0.0,0.0
2019-03-19 00:00:00+09:00,447.9593455433334,449.8860524058854,445.06928524950547,448.9226989746094,3100,0.0,0.0
2019-03-20 00:00:00+09:00,446.9959921120574,451.81275926843733,445.06928524950547,448.9226989746094,4200,0.0,0.0
2019-03-22 00:00:00+09:00,447.95935565027696,450.849416009311,445.06929529124295,446.9960021972656,2400,0.0,0.0
2019-03-25 00:00:00+09:00,447.95935018173117,447.95935018173117,432.5456951217146,436.39910888671875,3700,0.0,0.0
2019-03-26 00:00:00+09:00,436.3991043680216,452.77611269971334,434.4723975054696,448.9226989746094,4200,0.0,0.0
2019-03-27 00:00:00+09:00,452.8263881888441,463.56149652952786,452.8263881888441,453.80230712890625,4400,6.0,0.0
2019-03-28 00:00:00+09:00,449.89863136865756,459.6578207692792,449.89863136865756,453.80230712890625,2200,0.0,0.0
2019-03-29 00:00:00+09:00,450.8745449387486,454.77822065250405,450.8745449387486,451.8504638671875,3300,0.0,0.0
2019-04-01 00:00:00+09:00,436.2357397729224,448.92268522493134,436.2357397729224,444.0430908203125,23500,0.0,0.0
2019-04-02 00:00:00+09:00,443.06720772039967,445.9949645996094,440.13945084119,445.9949645996094,2700,0.0,0.0
2019-04-03 00:00:00+09:00,445.9949645996094,445.9949645996094,445.9949645996094,445.9949645996094,0,0.0,0.0
2019-04-04 00:00:00+09:00,446.9708474630838,446.9708474630838,439.1634964156937,444.0430908203125,2000,0.0,0.0
2019-04-05 00:00:00+09:00,440.13943751512375,445.01903216606746,439.163518584935,441.1153564453125,7600,0.0,0.0
2019-04-08 00:00:00+09:00,445.9949510962562,449.8986268170112,441.1153564453125,441.1153564453125,2100,0.0,0.0
2019-04-09 00:00:00+09:00,442.0912807649453,445.0190375912032,440.13944288077334,443.06719970703125,1400,0.0,0.0
2019-04-10 00:00:00+09:00,440.1394348144531,444.04311051125535,439.16351589025254,440.1394348144531,1500,0.0,0.0
2019-04-11 00:00:00+09:00,439.16351318359375,440.1394321017795,439.16351318359375,439.16351318359375,1200,0.0,0.0
2019-04-12 00:00:00+09:00,439.16351318359375,441.1153510199653,439.16351318359375,439.16351318359375,1700,0.0,0.0
2019-04-15 00:00:00+09:00,437.21167534722224,439.16351318359375,433.30799967447916,439.16351318359375,6700,0.0,0.0
2019-04-16 00:00:00+09:00,439.16349108941955,439.16349108941955,431.35614013671875,431.35614013671875,6700,0.0,0.0
2019-04-17 00:00:00+09:00,430.38022126763116,434.28389674398153,430.38022126763116,431.35614013671875,4100,0.0,0.0
2019-04-18 00:00:00+09:00,438.18760866732214,438.18760866732214,430.3802570652318,433.3080139160156,3400,0.0,0.0
2019-04-19 00:00:00+09:00,433.3080219038381,438.18761674509756,433.3080219038381,436.23577880859375,1900,0.0,0.0
2019-04-22 00:00:00+09:00,429.40434603083054,436.23577880859375,429.40434603083054,436.23577880859375,5900,0.0,0.0
2019-04-23 00:00:00+09:00,436.23577076679953,445.0190413191512,431.3561760154931,433.3080139160156,7400,0.0,0.0
2019-04-24 00:00:00+09:00,445.99495730610016,478.20028245074195,442.09128153099203,465.5133361816406,73100,0.0,0.0
2019-04-25 00:00:00+09:00,449.89864717066416,470.39294563180067,441.1153764016056,459.6578369140625,101100,0.0,0.0
2019-04-26 00:00:00+09:00,451.85046115891754,451.85046115891754,440.1394340878441,450.8745422363281,16100,0.0,0.0
2019-05-07 00:00:00+09:00,444.0431319758264,448.9227268327036,442.0912940330755,447.9468078613281,6400,0.0,0.0
2019-05-08 00:00:00+09:00,440.13945198914394,447.94680368739927,435.2598571777344,435.2598571777344,7900,0.0,0.0
2019-05-09 00:00:00+09:00,434.2839339258489,434.2839339258489,421.59698754149827,422.5729064941406,9600,0.0,0.0
2019-05-10 00:00:00+09:00,430.38023812929066,448.9226973684211,426.4765625,426.4765625,5400,0.0,0.0
2019-05-13 00:00:00+09:00,426.4765724924813,447.94678895663367,426.4765724924813,441.1153564453125,17400,0.0,0.0
2019-05-14 00:00:00+09:00,435.2598389242297,435.2598389242297,395.2471631486839,417.69329833984375,20800,0.0,0.0
2019-05-15 00:00:00+09:00,416.71738479969116,419.6451416015625,408.91003332803416,419.6451416015625,3800,0.0,0.0
2019-05-16 00:00:00+09:00,419.6451279584099,419.6451279584099,414.7655334472656,414.7655334472656,1100,0.0,0.0
2019-05-17 00:00:00+09:00,406.9582006666395,422.57290380972404,397.19901120221175,421.59698486328125,21800,0.0,0.0
2019-05-20 00:00:00+09:00,413.7896385368664,426.4765850014401,413.7896385368664,423.548828125,3600,0.0,0.0
2019-05-21 00:00:00+09:00,419.6451313064759,425.50064476656627,405.00634765625,405.00634765625,8500,0.0,0.0
2019-05-22 00:00:00+09:00,412.81370640467935,427.4524903197389,412.81370640467935,418.6692199707031,15400,0.0,0.0
2019-05-23 00:00:00+09:00,414.7655395361094,420.6210530354427,403.05451253744275,405.9822692871094,10800,0.0,0.0
2019-05-24 00:00:00+09:00,407.9341143940771,420.62106053551963,405.9822765261628,419.6451416015625,7600,0.0,0.0
2019-05-27 00:00:00+09:00,422.57289928354345,422.57289928354345,407.9341152436978,408.9100341796875,6100,0.0,0.0
2019-05-28 00:00:00+09:00,412.8137071965414,412.8137071965414,405.98227468974284,407.9341125488281,2200,0.0,0.0
2019-05-29 00:00:00+09:00,408.9100426834621,462.5855852791433,408.9100426834621,434.283935546875,88600,0.0,0.0
2019-05-30 00:00:00+09:00,458.6818869183172,497.71864325179104,440.13942765991715,470.3929138183594,910000,0.0,0.0
2019-05-31 00:00:00+09:00,447.9468025190825,462.58558691513093,441.11536980092654,445.9949645996094,158500,0.0,0.0
2019-06-03 00:00:00+09:00,429.40433094113376,434.28392561091937,414.7655469317769,419.6451416015625,31400,0.0,0.0
2019-06-04 00:00:00+09:00,421.5969928609914,426.4765876857714,415.7414790712554,424.5247497558594,13600,0.0,0.0
2019-06-05 00:00:00+09:00,427.4524924187911,472.34476331208884,427.4524924187911,463.5614929199219,129000,0.0,0.0
2019-06-06 00:00:00+09:00,455.7541376016621,458.6818943742638,440.1394348144531,440.1394348144531,45600,0.0,0.0
2019-06-07 00:00:00+09:00,441.1153455461774,453.8022913251604,437.211669921875,437.211669921875,15800,0.0,0.0
2019-06-10 00:00:00+09:00,438.1875888279506,440.1394266401018,436.2357510157994,437.211669921875,11500,0.0,0.0
2019-06-11 00:00:00+09:00,440.1394266401018,453.8022913251604,430.3802375793457,437.211669921875,25400,0.0,0.0
2019-06-12 00:00:00+09:00,445.0190287007914,453.8022990040965,442.091271933023,450.8745422363281,23200,0.0,0.0
2019-06-13 00:00:00+09:00,449.89864846934444,476.2484608525815,447.94681051503056,471.3688659667969,71300,0.0,0.0
2019-06-14 00:00:00+09:00,465.5133138656616,475.27250283559164,465.5133138656616,468.4410705566406,24400,0.0,0.0
2019-06-17 00:00:00+09:00,474.29661105408957,482.1039626763791,467.46517838458624,478.2002868652344,25500,0.0,0.0
2019-06-18 00:00:00+09:00,472.34476055676424,476.2484362638449,461.6096523622923,462.5855712890625,19000,0.0,0.0
2019-06-19 00:00:00+09:00,464.53741455078125,478.20027968462773,461.60965773638554,464.53741455078125,24300,0.0,0.0
2019-06-20 00:00:00+09:00,474.29660571989467,483.07987619618905,463.5614973599794,476.2484436035156,36500,0.0,0.0
2019-06-21 00:00:00+09:00,468.4410678170668,474.29658116478015,461.6096355780679,467.46514892578125,32300,0.0,0.0
2019-06-24 00:00:00+09:00,466.4892568139698,495.7668252332566,463.56149997204113,477.224365234375,48900,0.0,0.0
2019-06-25 00:00:00+09:00,482.103944921682,503.57416109228325,482.103944921682,493.8149719238281,62100,0.0,0.0
2019-06-26 00:00:00+09:00,498.6945843878593,516.2611255208955,498.6945843878593,511.38153076171875,76500,0.0,0.0
2019-06-27 00:00:00+09:00,507.4778269298041,529.9239615824686,507.4778269298041,523.092529296875,64400,0.0,0.0
2019-06-28 00:00:00+09:00,524.068488034335,525.044407006466,501.6223516753226,515.2852172851562,60200,0.0,0.0
2019-07-01 00:00:00+09:00,517.237022459045,522.1166170105454,490.8872118809427,503.57415771484375,49800,0.0,0.0
2019-07-02 00:00:00+09:00,503.5741631349542,511.3815145013876,488.93537932289155,505.5260009765625,38200,0.0,0.0
2019-07-03 00:00:00+09:00,509.4296516463424,514.309246010771,489.91127418862817,496.7427062988281,16800,0.0,0.0
2019-07-04 00:00:00+09:00,499.67049012524086,509.42967938549947,493.8149765690857,506.5019226074219,20900,0.0,0.0
2019-07-05 00:00:00+09:00,508.4537658691406,510.4056037419588,504.5500901235042,508.4537658691406,6100,0.0,0.0
2019-07-08 00:00:00+09:00,507.4778478285845,507.4778478285845,497.7186584472656,497.7186584472656,7300,0.0,0.0
2019-07-09 00:00:00+09:00,489.9113142986687,503.57417963767534,475.2725300068758,478.2002868652344,23600,0.0,0.0
2019-07-10 00:00:00+09:00,473.3206951571809,501.6223449707031,473.3206951571809,501.6223449707031,12400,0.0,0.0
2019-07-11 00:00:00+09:00,501.6223287507305,501.6223287507305,488.9353826928326,495.7668151855469,8800,0.0,0.0
2019-07-12 00:00:00+09:00,496.74273411307746,501.6223287507305,495.7668151855469,495.7668151855469,24000,0.0,0.0
2019-07-16 00:00:00+09:00,488.9353780110677,492.8390536838108,481.1280266655816,483.0798645019531,7800,0.0,0.0
2019-07-17 00:00:00+09:00,481.12805573836613,486.0076506241508,471.3688659667969,471.3688659667969,11000,0.0,0.0
2019-07-18 00:00:00+09:00,471.3688646061405,475.27254050349984,459.6578369140625,459.6578369140625,10000,0.0,0.0
2019-07-19 00:00:00+09:00,461.6096496582031,473.3206767108425,461.6096496582031,461.6096496582031,7900,0.0,0.0
2019-07-22 00:00:00+09:00,468.4410723161034,490.88720703125,468.4410723161034,490.88720703125,16300,0.0,0.0
2019-07-23 00:00:00+09:00,488.93537525995544,500.6464022122897,482.10394287109375,482.10394287109375,21700,0.0,0.0
2019-07-24 00:00:00+09:00,488.9353932738304,500.64642065763474,481.12804168462753,499.6705017089844,16300,0.0,0.0
2019-07-25 00:00:00+09:00,502.59821953614244,504.55005728191384,488.9353553157424,496.7427062988281,81900,0.0,0.0
2019-07-26 00:00:00+09:00,486.98353192089047,492.83904533076094,468.4410727896341,480.152099609375,43900,0.0,0.0
2019-07-29 00:00:00+09:00,475.2725056035603,475.2725056035603,469.4169921875,469.4169921875,11200,0.0,0.0
2019-07-30 00:00:00+09:00,470.3929083506266,479.1761784235636,466.4892327626546,468.4410705566406,12300,0.0,0.0
2019-07-31 00:00:00+09:00,476.2484608525815,476.2484608525815,466.4892710810122,471.3688659667969,7900,0.0,0.0
2019-08-01 00:00:00+09:00,466.4892568139698,481.1280410236132,466.4892568139698,477.224365234375,7400,0.0,0.0
2019-08-02 00:00:00+09:00,475.2725256194109,478.20028245074195,463.56149829408656,465.5133361816406,25700,0.0,0.0
2019-08-05 00:00:00+09:00,460.63371982859144,468.4410710121269,448.92269305328824,457.7059631347656,13300,0.0,0.0
2019-08-06 00:00:00+09:00,445.99495295820566,461.60965590641416,445.99495295820566,452.8263854980469,10300,0.0,0.0
2019-08-07 00:00:00+09:00,454.77822336657294,458.6818991036251,452.8263854980469,452.8263854980469,2900,0.0,0.0
2019-08-08 00:00:00+09:00,445.0190239377436,445.0190239377436,430.380240255581,438.1875915527344,21900,0.0,0.0
2019-08-09 00:00:00+09:00,438.18758730184516,477.22434340891374,438.18758730184516,469.4169921875,32300,0.0,0.0
2019-08-13 00:00:00+09:00,462.5855576244753,468.4410710121269,455.75412533888175,457.7059631347656,11300,0.0,0.0
2019-08-14 00:00:00+09:00,449.89864976527326,473.3207052845066,449.89864976527326,460.6337585449219,11800,0.0,0.0
2019-08-15 00:00:00+09:00,445.0190287007914,450.8745422363281,443.06719085561247,450.8745422363281,12000,0.0,0.0
2019-08-16 00:00:00+09:00,443.067188188466,467.465161106333,443.067188188466,449.89862060546875,28500,0.0,0.0
2019-08-19 00:00:00+09:00,445.99494493861005,449.89862060546875,436.23575577146323,449.89862060546875,19700,0.0,0.0
2019-08-20 00:00:00+09:00,449.8986092591897,464.53739264072516,442.0912581223708,456.73004150390625,21000,0.0,0.0
2019-08-21 00:00:00+09:00,453.8022848275992,462.58555485652045,446.9708525828826,456.73004150390625,6200,0.0,0.0
2019-08-22 00:00:00+09:00,460.6337397093414,460.6337397093414,450.87455030871973,453.80230712890625,4600,0.0,0.0
2019-08-23 00:00:00+09:00,453.8022796295501,454.77819851047394,444.0430908203125,444.0430908203125,11100,0.0,0.0
2019-08-26 00:00:00+09:00,436.2357734594452,449.8986388474368,430.38025972173455,434.283935546875,15500,0.0,0.0
2019-08-27 00:00:00+09:00,428.4283835294559,437.2116533512443,428.4283835294559,431.35614013671875,9100,0.0,0.0
2019-08-28 00:00:00+09:00,433.3080003603716,433.3080003603716,424.5247300827965,428.42840576171875,7600,0.0,0.0
2019-08-29 00:00:00+09:00,424.52473899327964,424.52473899327964,417.69330641177856,420.6210632324219,8800,0.0,0.0
2019-08-30 00:00:00+09:00,420.6210675626188,439.16352761758344,420.6210675626188,433.3080139160156,7700,0.0,0.0
2019-09-02 00:00:00+09:00,434.2839239339913,442.0912753755012,433.3080050038025,441.1153564453125,2400,0.0,0.0
2019-09-03 00:00:00+09:00,439.16352489462827,439.16352489462827,426.47657861989455,432.33209228515625,5200,0.0,0.0
2019-09-04 00:00:00+09:00,431.3561570366133,431.3561570366133,426.4765625,426.4765625,2300,0.0,0.0
2019-09-05 00:00:00+09:00,427.4524868419882,439.163513878755,427.4524868419882,428.42840576171875,8300,0.0,0.0
2019-09-06 00:00:00+09:00,434.28393821545245,439.16353302686207,429.4043434040429,435.2598571777344,4200,0.0,0.0
2019-09-09 00:00:00+09:00,436.2357510157994,438.1875888279506,431.3561564854213,437.211669921875,900,0.0,0.0
2019-09-10 00:00:00+09:00,438.18759772560816,438.18759772560816,428.42840846668594,429.4043273925781,5300,0.0,0.0
2019-09-11 00:00:00+09:00,431.35618396733435,437.21169777684565,431.35618396733435,436.23577880859375,1500,0.0,0.0
2019-09-12 00:00:00+09:00,438.18760595041795,439.16352489462827,430.3802543967357,432.33209228515625,8100,0.0,0.0
2019-09-13 00:00:00+09:00,441.11537243705646,448.92272416160614,434.2839396780755,446.97088623046875,21200,0.0,0.0
2019-09-17 00:00:00+09:00,445.9949672649,449.89864312717486,444.04312933376264,446.97088623046875,8700,0.0,0.0
2019-09-18 00:00:00+09:00,449.8986041058551,452.82636074862637,443.06717193938874,444.0430908203125,4200,0.0,0.0
2019-09-19 00:00:00+09:00,440.13941529661747,451.8504418677026,440.13941529661747,444.0430908203125,9800,0.0,0.0
2019-09-20 00:00:00+09:00,440.13943751512375,446.97087002644497,439.163518584935,441.1153564453125,8400,0.0,0.0
2019-09-24 00:00:00+09:00,440.1394586977751,450.8745674465014,440.1394586977751,448.9227294921875,4200,0.0,0.0
2019-09-25 00:00:00+09:00,451.85046656378387,453.80230443230994,446.9708718924687,452.8263854980469,5000,0.0,0.0
2019-09-26 00:00:00+09:00,453.80228754299793,462.5855576244753,449.8986119512302,457.7059631347656,14600,0.0,0.0
2019-09-27 00:00:00+09:00,461.60967486274217,468.441107683121,455.75416101670316,459.6578369140625,8700,0.0,0.0
2019-09-30 00:00:00+09:00,462.5855712890625,481.1280308976958,456.7300577284414,462.5855712890625,19500,0.0,0.0
2019-10-01 00:00:00+09:00,466.4892300344957,478.2002567299224,460.63371668678235,467.46514892578125,19200,0.0,0.0
2019-10-02 00:00:00+09:00,465.51331927667513,475.27250836004356,465.51331927667513,470.3929138183594,8900,0.0,0.0
2019-10-03 00:00:00+09:00,468.4410903033088,469.4170092414407,461.60965773638554,464.53741455078125,10400,0.0,0.0
2019-10-04 00:00:00+09:00,468.4410705566406,472.3447461446126,468.4410705566406,468.4410705566406,1300,0.0,0.0
2019-10-07 00:00:00+09:00,467.46516318452285,473.3206767108425,461.6096496582031,461.6096496582031,3800,0.0,0.0
2019-10-08 00:00:00+09:00,463.5614929199219,469.41700651469984,461.60965505499587,463.5614929199219,800,0.0,0.0
2019-10-09 00:00:00+09:00,462.5855685792564,467.46516318452285,459.65781181609657,461.6096496582031,6500,0.0,0.0
2019-10-10 00:00:00+09:00,461.6096630655073,466.4892578125,454.77823041971754,466.4892578125,8900,0.0,0.0
2019-10-11 00:00:00+09:00,460.63375322057846,466.48926703270445,452.82640147107713,458.6819152832031,5800,0.0,0.0
2019-10-15 00:00:00+09:00,463.56151012664145,463.56151012664145,458.6819152832031,458.6819152832031,2300,0.0,0.0
2019-10-16 00:00:00+09:00,461.60967486274217,461.60967486274217,447.94680922198444,459.6578369140625,15900,0.0,0.0
2019-10-17 00:00:00+09:00,457.70598559727483,458.6819045431113,454.7782287597656,454.7782287597656,1200,0.0,0.0
2019-10-18 00:00:00+09:00,456.7300773458278,459.6578342518908,454.77823940845246,458.6819152832031,12200,0.0,0.0
2019-10-21 00:00:00+09:00,455.75412533888175,462.5855576244753,455.75412533888175,457.7059631347656,9000,0.0,0.0
2019-10-23 00:00:00+09:00,462.58558362065526,478.2002868652344,459.6578267622967,478.2002868652344,18600,0.0,0.0
2019-10-24 00:00:00+09:00,478.2002672203157,485.03169960917734,471.368834831454,482.10394287109375,23400,0.0,0.0
2019-10-25 00:00:00+09:00,471.3688686150164,476.2484635282154,463.56151675389816,472.34478759765625,29100,0.0,0.0
2019-10-28 00:00:00+09:00,480.15212207630367,484.05579786554193,472.3447704978272,477.224365234375,16400,0.0,0.0
2019-10-29 00:00:00+09:00,475.2725445455756,477.22438251085515,470.39294963237666,472.34478759765625,6000,0.0,0.0
2019-10-30 00:00:00+09:00,470.3929055996379,470.3929055996379,467.46514892578125,467.46514892578125,4200,0.0,0.0
2019-10-31 00:00:00+09:00,460.6337334355221,465.513328069373,460.6337334355221,462.5855712890625,7800,0.0,0.0
2019-11-01 00:00:00+09:00,464.53741991370293,466.4892578125,460.63374411610874,466.4892578125,12800,0.0,0.0
2019-11-05 00:00:00+09:00,472.3447687880798,472.3447687880798,465.5133361816406,465.5133361816406,2500,0.0,0.0
2019-11-06 00:00:00+09:00,465.5133480640168,465.5133480640168,457.70599631451546,458.6819152832031,8400,0.0,0.0
2019-11-07 00:00:00+09:00,463.56151281142184,474.29662152916,458.68191793972267,459.6578369140625,44400,0.0,0.0
2019-11-08 00:00:00+09:00,461.60966040653256,468.4410930129717,461.60966040653256,465.5133361816406,17200,0.0,0.0
2019-11-11 00:00:00+09:00,461.6096613806205,465.5133371639661,454.7782287597656,454.7782287597656,9900,0.0,0.0
2019-11-12 00:00:00+09:00,456.73008262504965,460.6337585449219,453.8023256851455,460.6337585449219,6700,0.0,0.0
2019-11-13 00:00:00+09:00,457.70598559727483,458.6819045431113,453.80230981392924,454.7782287597656,2400,0.0,0.0
2019-11-14 00:00:00+09:00,459.6578171900699,467.46516864977383,452.82638466282896,463.5614929199219,9000,0.0,0.0
2019-11-15 00:00:00+09:00,462.5855820149058,466.4892578125,449.8986356727249,466.4892578125,19400,0.0,0.0
2019-11-18 00:00:00+09:00,474.29660393210014,474.29660393210014,461.60965773638554,464.53741455078125,9100,0.0,0.0
2019-11-19 00:00:00+09:00,467.46517228977655,467.46517228977655,453.80230712890625,453.80230712890625,11600,0.0,0.0
2019-11-20 00:00:00+09:00,452.82638279562633,458.6818963662594,451.8504638671875,451.8504638671875,7900,0.0,0.0
2019-11-21 00:00:00+09:00,450.8745449387486,459.6578152946983,448.92270708187095,451.8504638671875,5100,0.0,0.0
2019-11-22 00:00:00+09:00,457.70598559727483,457.70598559727483,448.9227150847472,454.7782287597656,4900,0.0,0.0
2019-11-25 00:00:00+09:00,465.5133115328275,465.5133115328275,455.7541226118039,456.73004150390625,7600,0.0,0.0
2019-11-26 00:00:00+09:00,456.730079991043,493.81500101595674,443.06721435028527,459.6578369140625,156300,0.0,0.0
2019-11-27 00:00:00+09:00,466.4892724247302,471.36886732457043,453.8023256851455,460.6337585449219,33800,0.0,0.0
2019-11-28 00:00:00+09:00,456.7300639490927,466.4892533497144,449.89863136865756,453.80230712890625,49200,0.0,0.0
2019-11-29 00:00:00+09:00,449.89864846934444,458.68191926375675,447.94681051503056,448.9227294921875,16700,0.0,0.0
2019-12-02 00:00:00+09:00,448.9227043911492,455.75413684927537,448.9227043911492,450.8745422363281,4100,0.0,0.0
2019-12-03 00:00:00+09:00,446.9708638553247,453.8022962723275,445.99494493861005,449.89862060546875,7700,0.0,0.0
2019-12-04 00:00:00+09:00,445.9949645996094,448.9227214788191,445.9949645996094,445.9949645996094,2300,0.0,0.0
2019-12-05 00:00:00+09:00,446.9708718924687,454.77822336657294,446.9708718924687,452.8263854980469,7300,0.0,0.0
2019-12-06 00:00:00+09:00,452.826368645056,467.46515211418495,449.8986119512302,457.7059631347656,23600,0.0,0.0
2019-12-09 00:00:00+09:00,457.7059603960086,461.6096359644181,456.73004150390625,456.73004150390625,7300,0.0,0.0
2019-12-10 00:00:00+09:00,459.65779541799805,460.6337143042358,455.7541198730469,455.7541198730469,5300,0.0,0.0
2019-12-11 00:00:00+09:00,455.75412533888175,472.3447466038946,455.75412533888175,457.7059631347656,21300,0.0,0.0
2019-12-12 00:00:00+09:00,455.7541450090306,461.60965864940357,450.87455030871973,453.80230712890625,20400,0.0,0.0
2019-12-13 00:00:00+09:00,454.7782009868091,459.65779541799805,451.85044432809576,455.7541198730469,10000,0.0,0.0
2019-12-16 00:00:00+09:00,455.7541395809429,459.6578152946983,451.8504638671875,451.8504638671875,10800,0.0,0.0
2019-12-17 00:00:00+09:00,457.7059631347656,459.6578009306495,450.8745308491721,457.7059631347656,31200,0.0,0.0
2019-12-18 00:00:00+09:00,454.77824335512906,456.73008130944294,448.9227294921875,448.9227294921875,21300,0.0,0.0
2019-12-19 00:00:00+09:00,448.92268522493134,448.92268522493134,439.1634964156937,444.0430908203125,41400,0.0,0.0
2019-12-20 00:00:00+09:00,443.06718611345525,446.970861762032,437.2116726405902,438.1875915527344,11400,0.0,0.0
2019-12-23 00:00:00+09:00,438.18760595041795,438.18760595041795,428.42841650831514,432.33209228515625,57200,0.0,0.0
2019-12-24 00:00:00+09:00,434.2839220220393,435.2598409479315,429.4043273925781,429.4043273925781,21600,0.0,0.0
2019-12-25 00:00:00+09:00,430.3802408714817,432.3320786985633,427.4524841308594,427.4524841308594,32100,0.0,0.0
2019-12-26 00:00:00+09:00,427.4524646603683,433.30797787489394,427.4524646603683,431.35614013671875,22300,0.0,0.0
2019-12-27 00:00:00+09:00,437.211669921875,437.211669921875,429.4043186732701,437.211669921875,15000,0.0,0.0
2019-12-30 00:00:00+09:00,435.2598545031601,435.2598545031601,429.40434076544943,434.283935546875,9700,0.0,0.0
2020-01-06 00:00:00+09:00,432.33209916329747,459.6578300359213,431.35618020356094,445.9949645996094,37000,0.0,0.0
2020-01-07 00:00:00+09:00,446.9708727569243,453.8023053099777,442.0912780761719,442.0912780761719,23000,0.0,0.0
2020-01-08 00:00:00+09:00,445.01902602189534,465.5133232729037,434.2839179380338,449.89862060546875,126200,0.0,0.0
2020-01-09 00:00:00+09:00,448.9227097609948,459.65781803788815,448.9227097609948,452.8263854980469,23500,0.0,0.0
2020-01-10 00:00:00+09:00,463.5614992722933,463.5614992722933,453.80230981392924,454.7782287597656,19400,0.0,0.0
2020-01-14 00:00:00+09:00,457.7060002865999,459.6578382409137,448.9227294921875,448.9227294921875,16200,0.0,0.0
2020-01-15 00:00:00+09:00,451.85047835802874,453.80231627750186,445.9949645996094,445.9949645996094,17400,0.0,0.0
2020-01-16 00:00:00+09:00,446.9708835593459,450.8745593982922,443.06720772039967,445.9949645996094,13500,0.0,0.0
2020-01-17 00:00:00+09:00,445.9949725607167,450.8745674465014,445.01905358355975,448.9227294921875,2900,0.0,0.0
2020-01-20 00:00:00+09:00,450.8745620927436,458.68191381729326,443.0672103681939,446.97088623046875,20500,0.0,0.0
2020-01-21 00:00:00+09:00,448.92268799898915,448.92268799898915,444.04309356421754,445.0190124511719,5200,0.0,0.0
2020-01-22 00:00:00+09:00,445.99494493861005,451.8504584388981,445.99494493861005,449.89862060546875,4700,0.0,0.0
2020-01-23 00:00:00+09:00,446.97087002644497,450.87454574719993,441.1153564453125,441.1153564453125,23300,0.0,0.0
2020-01-24 00:00:00+09:00,444.0431077745226,449.89862128363717,437.21167534722224,439.16351318359375,17900,0.0,0.0
2020-01-27 00:00:00+09:00,435.25985181653823,441.115365518106,431.3561760154931,433.3080139160156,15400,0.0,0.0
2020-01-28 00:00:00+09:00,431.35616183810765,439.16351318359375,429.40432400173614,439.16351318359375,8400,0.0,0.0
2020-01-29 00:00:00+09:00,444.0431186491172,446.9708754753752,441.1153618228593,443.06719970703125,14900,0.0,0.0
2020-01-30 00:00:00+09:00,505.526013671875,520.1647978515625,468.44109375,487.95947265625,850200,0.0,0.0
2020-01-31 00:00:00+09:00,473.3206622734946,478.2002567299224,457.7059600129257,467.46514892578125,145900,0.0,0.0
2020-02-03 00:00:00+09:00,451.85044666521236,470.3929055996379,451.85044666521236,467.46514892578125,36600,0.0,0.0
2020-02-04 00:00:00+09:00,475.2725151107156,497.7186503212833,472.34475834411984,494.7908935546875,82000,0.0,0.0
2020-02-05 00:00:00+09:00,497.718682442942,505.5260343243999,478.20030273929723,484.0558166503906,65600,0.0,0.0
2020-02-06 00:00:00+09:00,488.9353916015625,501.622337890625,486.007634765625,487.95947265625,60600,0.0,0.0
2020-02-07 00:00:00+09:00,497.7186482747396,497.7186482747396,478.20026991102435,483.0798645019531,55700,0.0,0.0
2020-02-10 00:00:00+09:00,477.22438375411497,494.79092548739527,476.2484647689327,484.0558166503906,33300,0.0,0.0
2020-02-12 00:00:00+09:00,485.0317104600041,493.8149808707486,479.17619685284103,486.00762939453125,24600,0.0,0.0
2020-02-13 00:00:00+09:00,489.91131054687503,489.91131054687503,479.1762021484375,487.95947265625,26200,0.0,0.0
2020-02-14 00:00:00+09:00,483.079853562862,492.83904252372787,474.29658349808267,479.1761779785156,44200,0.0,0.0
2020-02-17 00:00:00+09:00,476.2484462870654,483.07987891823234,473.32068944513674,477.224365234375,18700,0.0,0.0
2020-02-18 00:00:00+09:00,471.368854195731,481.12804372359295,463.5615025734415,478.2002868652344,43100,0.0,0.0
2020-02-19 00:00:00+09:00,471.3688299928535,476.24842450623703,465.51331657679316,469.4169921875,18400,0.0,0.0
2020-02-20 00:00:00+09:00,466.4892578125,475.2725283570868,465.51333886310147,466.4892578125,24400,0.0,0.0
2020-02-21 00:00:00+09:00,466.48926703270445,470.3929429074551,457.70599631451546,458.6819152832031,18300,0.0,0.0
2020-02-25 00:00:00+09:00,439.16351589025254,447.94678620805763,433.3080023450492,440.1394348144531,28700,0.0,0.0
2020-02-26 00:00:00+09:00,432.3321014755074,438.1876152652434,421.5969928609914,424.5247497558594,32300,0.0,0.0
2020-02-27 00:00:00+09:00,424.52473353672696,427.4524903197389,411.8377874770087,418.6692199707031,28600,0.0,0.0
2020-02-28 00:00:00+09:00,405.98225870869703,421.5969609667238,391.3434753417969,391.3434753417969,46100,0.0,0.0
2020-03-02 00:00:00+09:00,390.36755608123485,406.95817721468734,381.584286069407,402.0785827636719,20900,0.0,0.0
2020-03-03 00:00:00+09:00,411.83780018604585,416.71739497498004,401.1026916503906,401.1026916503906,9200,0.0,0.0
2020-03-04 00:00:00+09:00,400.12678846180864,410.8618974205401,397.1990314730637,406.9582214355469,17500,0.0,0.0
2020-03-05 00:00:00+09:00,406.9582006666395,425.50066064905235,406.9582006666395,421.59698486328125,26100,0.0,0.0
2020-03-06 00:00:00+09:00,417.69329067359223,417.69329067359223,402.07858821850465,404.0304260253906,7800,0.0,0.0
2020-03-09 00:00:00+09:00,390.3675658540576,396.22307934186847,367.9214308174493,372.801025390625,33100,0.0,0.0
2020-03-10 00:00:00+09:00,339.6197798120694,371.8251037597656,294.72751006679584,371.8251037597656,324600,0.0,0.0
2020-03-11 00:00:00+09:00,364.01776392319624,375.72879118077896,331.81243896484375,331.81243896484375,36600,0.0,0.0
2020-03-12 00:00:00+09:00,324.0050893339721,329.8606029966342,305.4626294022086,310.34222412109375,25500,0.0,0.0
2020-03-13 00:00:00+09:00,276.1850577633397,288.87200387967687,276.1850577633397,286.920166015625,44000,0.0,0.0
2020-03-16 00:00:00+09:00,302.5348930124856,326.932868255428,293.75162192502637,318.14959716796875,30700,0.0,0.0
2020-03-17 00:00:00+09:00,313.269980016088,338.6438724784503,304.4867095483473,321.07733154296875,17100,0.0,0.0
2020-03-18 00:00:00+09:00,321.07732884476826,333.76427496933354,318.14957204679166,320.1014099121094,8700,0.0,0.0
2020-03-19 00:00:00+09:00,320.1013962122678,325.95690955761415,302.5348561762287,315.2218017578125,12900,0.0,0.0
2020-03-23 00:00:00+09:00,308.39036916401574,325.9569091796875,306.4385313844966,325.9569091796875,5300,0.0,0.0
2020-03-24 00:00:00+09:00,340.5957138450558,344.4993896484375,333.76428118913776,344.4993896484375,7500,0.0,0.0
2020-03-25 00:00:00+09:00,356.21042793675474,382.5602404142681,347.42715711091694,370.8492126464844,18900,0.0,0.0
2020-03-26 00:00:00+09:00,370.8492008968225,385.4879851427497,362.0659303492662,377.6806335449219,21900,0.0,0.0
2020-03-27 00:00:00+09:00,369.8732601067959,395.24715130145734,366.94550343048877,380.6083679199219,43200,0.0,0.0
2020-03-30 00:00:00+09:00,374.63023763020834,384.5938077799479,370.64480957031253,373.6338806152344,13800,8.0,0.0
2020-03-31 00:00:00+09:00,378.6156772045379,378.6156772045379,373.6338919781624,374.6302490234375,4100,0.0,0.0
2020-04-01 00:00:00+09:00,366.65937821943686,382.6010903159341,362.6739501953125,362.6739501953125,18100,0.0,0.0
2020-04-02 00:00:00+09:00,358.6885334171661,372.6375319389448,348.7249630444671,363.6703186035156,7100,0.0,0.0
2020-04-03 00:00:00+09:00,355.699455587273,365.66302577179044,349.7213134765625,349.7213134765625,10500,0.0,0.0
2020-04-06 00:00:00+09:00,341.7504577636719,349.7213139214252,315.84517525097374,341.7504577636719,26200,0.0,0.0
2020-04-07 00:00:00+09:00,341.75046272978693,387.5828863028779,341.75046272978693,379.6120300292969,34400,0.0,0.0
2020-04-08 00:00:00+09:00,379.61203858408965,380.6083956407408,369.6484680175781,369.6484680175781,7500,0.0,0.0
2020-04-09 00:00:00+09:00,376.622958926704,393.56102850806366,370.64481672151817,379.6120300292969,10900,0.0,0.0
2020-04-10 00:00:00+09:00,373.6338982215295,397.54646770770734,370.64482703575726,388.5792541503906,9100,0.0,0.0
2020-04-13 00:00:00+09:00,388.5792382083722,409.5027356503615,379.6120250189482,400.5355224609375,14400,0.0,0.0
2020-04-14 00:00:00+09:00,402.5282287597656,410.49908477481046,398.5428007522432,402.5282287597656,9700,0.0,0.0
2020-04-15 00:00:00+09:00,405.5173117688081,405.5173117688081,395.5537414550781,395.5537414550781,7300,0.0,0.0
2020-04-16 00:00:00+09:00,391.5683023511749,392.564659354613,379.61201830991763,386.5865173339844,4900,0.0,0.0
2020-04-17 00:00:00+09:00,384.5938077799479,388.57923583984376,368.6520955403646,373.6338806152344,8600,0.0,0.0
2020-04-20 00:00:00+09:00,389.5756040414175,401.53188856442773,380.6083906491598,382.6011047363281,29900,0.0,0.0
2020-04-21 00:00:00+09:00,377.6193006639357,388.57922759613433,366.659373731737,383.5974426269531,18000,0.0,0.0
2020-04-22 00:00:00+09:00,379.6120231275013,379.6120231275013,358.688525789765,365.66302490234375,26600,0.0,0.0
2020-04-23 00:00:00+09:00,373.63387317192263,377.61930115242313,361.6775892304211,367.6557312011719,15300,0.0,0.0
2020-04-24 00:00:00+09:00,367.6557539042758,370.6448250742293,356.6958262811131,369.6484680175781,10900,0.0,0.0
2020-04-27 00:00:00+09:00,369.64846024500457,377.6193165306112,368.6521032093038,371.64117431640625,13600,0.0,0.0
2020-04-28 00:00:00+09:00,376.622944157298,378.61565814754823,367.6557312011719,367.6557312011719,12800,0.0,0.0
2020-04-30 00:00:00+09:00,368.6520959505918,372.6375240149225,363.6703108701784,365.66302490234375,24900,0.0,0.0
2020-05-01 00:00:00+09:00,365.66304132166044,369.6484695649483,353.7067565917969,353.7067565917969,12000,0.0,0.0
2020-05-07 00:00:00+09:00,356.6958277742628,359.68489895672866,351.71404247015295,353.7067565917969,8400,0.0,0.0
2020-05-08 00:00:00+09:00,355.6994707134408,361.6776130783726,351.71404247015295,353.7067565917969,13900,0.0,0.0
2020-05-11 00:00:00+09:00,361.6775894799061,363.67030347153093,357.6921614966564,359.68487548828125,19400,0.0,0.0
2020-05-12 00:00:00+09:00,363.67031497849945,363.67031497849945,356.695815787131,360.6812438964844,17000,0.0,0.0
2020-05-13 00:00:00+09:00,357.69218124042857,358.6885382912376,350.7176818847656,350.7176818847656,22400,0.0,0.0
2020-05-14 00:00:00+09:00,351.71402380932335,352.71038081728176,346.73223876953125,346.73223876953125,18400,0.0,0.0
2020-05-15 00:00:00+09:00,348.7249450683594,349.72130205426896,346.73223109654015,348.7249450683594,5100,0.0,0.0
2020-05-18 00:00:00+09:00,347.7285880824498,352.7103730119978,345.73587411063056,348.7249450683594,9100,0.0,0.0
2020-05-19 00:00:00+09:00,356.695815787131,360.6812438964844,348.72495956842414,360.6812438964844,22300,0.0,0.0
2020-05-20 00:00:00+09:00,358.6885221711882,363.6703072013436,354.7030941470639,362.6739501953125,24200,0.0,0.0
2020-05-21 00:00:00+09:00,363.6703264220687,363.6703264220687,357.69218406992513,361.6776123046875,13100,0.0,0.0
2020-05-22 00:00:00+09:00,363.67030347153093,363.67030347153093,356.695804500844,359.68487548828125,17900,0.0,0.0
2020-05-25 00:00:00+09:00,364.6666820193973,379.6120378398644,358.68853969121045,377.61932373046875,37700,0.0,0.0
2020-05-26 00:00:00+09:00,377.6193123469277,384.5938115195623,374.6302412729415,376.6229553222656,23300,0.0,0.0
2020-05-27 00:00:00+09:00,377.6193195184072,389.5756040414175,375.62660543123883,382.6011047363281,24200,0.0,0.0
2020-05-28 00:00:00+09:00,390.57195225046644,402.52823650303174,387.5828811873251,400.5355224609375,51800,0.0,0.0
2020-05-29 00:00:00+09:00,404.52094683730814,404.52094683730814,390.5719486705044,397.54644775390625,64100,0.0,0.0
2020-06-01 00:00:00+09:00,429.4298631376379,436.4043620749081,411.49543729894305,423.45172119140625,220800,0.0,0.0
2020-06-02 00:00:00+09:00,426.4408157093713,428.43352980147114,407.51003183442253,417.4736022949219,54900,0.0,0.0
2020-06-03 00:00:00+09:00,417.4735868557689,427.437156947792,411.49544480055505,421.4590148925781,40400,0.0,0.0
2020-06-04 00:00:00+09:00,417.47358759849607,417.47358759849607,400.5355184119222,405.5173034667969,30200,0.0,0.0
2020-06-05 00:00:00+09:00,405.5173226342413,406.5136796923107,401.5318944019637,404.5209655761719,7200,0.0,0.0
2020-06-08 00:00:00+09:00,409.5027315106966,410.4990885216715,404.52094645582196,405.5173034667969,17200,0.0,0.0
2020-06-09 00:00:00+09:00,405.5173071140197,408.5063781738281,401.531879034275,408.5063781738281,16100,0.0,0.0
2020-06-10 00:00:00+09:00,407.51002115389196,408.5063781738281,405.5173071140197,408.5063781738281,6400,0.0,0.0
2020-06-11 00:00:00+09:00,408.5063669865863,408.5063669865863,399.5391540527344,399.5391540527344,18700,0.0,0.0
2020-06-12 00:00:00+09:00,391.56831687927246,402.52824432373046,385.5901746368408,398.5428161621094,31900,0.0,0.0
2020-06-15 00:00:00+09:00,404.52094339587023,406.51365740274645,386.5865173339844,386.5865173339844,27400,0.0,0.0
2020-06-16 00:00:00+09:00,390.5719562982132,401.5318836433161,390.5719562982132,395.5537414550781,18300,0.0,0.0
2020-06-17 00:00:00+09:00,398.5427968367971,407.510009765625,396.5500828526131,407.510009765625,15600,0.0,0.0
2020-06-18 00:00:00+09:00,407.5100295257568,407.5100295257568,394.5573880004883,398.5428161621094,18400,0.0,0.0
2020-06-19 00:00:00+09:00,403.5245820233352,403.5245820233352,398.5427970600841,399.5391540527344,5800,0.0,0.0
2020-06-22 00:00:00+09:00,404.5209505451259,404.5209505451259,398.54280841884326,400.5355224609375,5900,0.0,0.0
2020-06-23 00:00:00+09:00,404.520958404541,404.520958404541,394.5573880004883,398.5428161621094,9300,0.0,0.0
2020-06-24 00:00:00+09:00,396.5501020812988,399.53917320251463,396.5501020812988,398.5428161621094,4200,0.0,0.0
2020-06-25 00:00:00+09:00,398.54281254919715,398.54281254919715,395.5537414550781,395.5537414550781,6000,0.0,0.0
2020-06-26 00:00:00+09:00,393.56101604423134,395.5537300495186,391.5683020389441,394.557373046875,7800,0.0,0.0
2020-06-29 00:00:00+09:00,390.5719453477368,390.5719453477368,385.59016033054627,386.5865173339844,11800,0.0,0.0
2020-06-30 00:00:00+09:00,386.5865364961846,387.58289354900984,384.59382239053417,385.5901794433594,5400,0.0,0.0
2020-07-01 00:00:00+09:00,385.5901722344826,385.5901722344826,379.6120300292969,379.6120300292969,11800,0.0,0.0
2020-07-02 00:00:00+09:00,380.6083870634945,381.6047440976921,379.6120300292969,379.6120300292969,5100,0.0,0.0
2020-07-03 00:00:00+09:00,378.6156693715898,379.6120263962519,374.6302412729415,376.6229553222656,8800,0.0,0.0
2020-07-06 00:00:00+09:00,380.6083941792333,386.5865364961846,380.6083941792333,385.5901794433594,9200,0.0,0.0
2020-07-07 00:00:00+09:00,387.5828821053777,387.5828821053777,381.6047399649348,384.59381103515625,3600,0.0,0.0
2020-07-08 00:00:00+09:00,379.6120223003019,384.59380736985963,379.6120223003019,381.604736328125,2500,0.0,0.0
2020-07-09 00:00:00+09:00,385.5901680585634,390.57195317559905,383.5974540117491,384.59381103515625,5300,0.0,0.0
2020-07-10 00:00:00+09:00,379.6120109358383,386.5865098244233,379.6120109358383,380.6083679199219,9900,0.0,0.0
2020-07-13 00:00:00+09:00,384.59382239053417,389.57560765466025,384.59382239053417,385.5901794433594,5400,0.0,0.0
2020-07-14 00:00:00+09:00,388.5792427749438,389.57559980770003,386.58652870943126,387.5828857421875,7100,0.0,0.0
2020-07-15 00:00:00+09:00,388.57923865923425,396.55009483685956,388.57923865923425,392.5646667480469,10300,0.0,0.0
2020-07-16 00:00:00+09:00,394.557373046875,397.5464440548059,393.56101604423134,394.557373046875,4000,0.0,0.0
2020-07-17 00:00:00+09:00,399.53917320251463,400.5355302429199,395.55374504089355,398.5428161621094,9700,0.0,0.0
2020-07-20 00:00:00+09:00,403.52458944484704,407.5100174887467,400.5355184119222,405.5173034667969,12800,0.0,0.0
2020-07-21 00:00:00+09:00,408.5063895343864,409.50274658203125,406.51367543909674,409.50274658203125,14400,0.0,0.0
2020-07-22 00:00:00+09:00,413.4881554760979,413.4881554760979,409.50272747150905,410.49908447265625,21700,0.0,0.0
2020-07-27 00:00:00+09:00,419.466304093462,434.4116593461981,412.4918049755184,432.4189453125,117800,0.0,0.0
2020-07-28 00:00:00+09:00,424.44809921264647,424.44809921264647,398.5428161621094,398.5428161621094,87600,0.0,0.0
2020-07-29 00:00:00+09:00,404.52096412984116,461.31331623674004,402.52825002082716,420.4626770019531,443900,0.0,0.0
2020-07-30 00:00:00+09:00,414.4845091841603,424.44807911647183,391.56829833984375,391.56829833984375,78200,0.0,0.0
2020-07-31 00:00:00+09:00,394.55737368935036,395.5537306936164,378.61566162109375,378.61566162109375,24400,0.0,0.0
2020-08-03 00:00:00+09:00,380.6083900295958,390.57196044921875,380.6083900295958,390.57196044921875,7000,0.0,0.0
2020-08-04 00:00:00+09:00,382.60110351562497,400.5355302429199,382.60110351562497,398.5428161621094,7300,0.0,0.0
2020-08-05 00:00:00+09:00,405.51731122805745,407.5100252881462,399.5391690477913,403.52459716796875,6900,0.0,0.0
2020-08-06 00:00:00+09:00,407.510009993936,410.49908097188666,399.5391540527344,399.5391540527344,7200,0.0,0.0
2020-08-07 00:00:00+09:00,398.54282322775555,405.5173226342413,398.54282322775555,404.5209655761719,3400,0.0,0.0
2020-08-11 00:00:00+09:00,404.5209427635268,404.5209427635268,399.5391577541238,402.5282287597656,6200,0.0,0.0
2020-08-12 00:00:00+09:00,404.52094645582196,408.5063744997217,402.52823243387206,405.5173034667969,4300,0.0,0.0
2020-08-13 00:00:00+09:00,407.5100289139093,411.49545706954655,405.5173148360907,406.513671875,14900,0.0,0.0
2020-08-14 00:00:00+09:00,409.502723749809,410.49908074190097,407.510009765625,407.510009765625,2300,0.0,0.0
2020-08-17 00:00:00+09:00,412.49180581124773,424.44809003766073,410.49909177351225,416.47723388671875,19600,0.0,0.0
2020-08-18 00:00:00+09:00,422.45537190178044,422.45537190178044,417.4735868557689,421.4590148925781,3600,0.0,0.0
2020-08-19 00:00:00+09:00,421.45901118687226,422.45536818731404,414.48451218377977,418.4699401855469,18100,0.0,0.0
2020-08-20 00:00:00+09:00,411.49544177669105,414.4845127823329,393.56101574284014,402.5282287597656,37600,0.0,0.0
2020-08-21 00:00:00+09:00,405.51731122805745,408.50638231819056,402.5282401379244,403.52459716796875,5200,0.0,0.0
2020-08-24 00:00:00+09:00,428.43352551730175,449.3570232751234,415.480884048174,422.45538330078125,219800,0.0,0.0
2020-08-25 00:00:00+09:00,422.45538330078125,428.43352551730175,415.480884048174,422.45538330078125,21900,0.0,0.0
2020-08-26 00:00:00+09:00,419.46629718598865,422.45536818731404,416.4772261846633,418.4699401855469,8600,0.0,0.0
2020-08-27 00:00:00+09:00,416.4772416628324,416.4772416628324,410.499099438007,414.4845275878906,9700,0.0,0.0
2020-08-28 00:00:00+09:00,417.47358378797475,417.47358378797475,402.5282287597656,402.5282287597656,19800,0.0,0.0
2020-08-31 00:00:00+09:00,405.5173142506526,415.4808846253615,405.5173142506526,414.4845275878906,16100,0.0,0.0
2020-09-01 00:00:00+09:00,414.48453540157004,414.48453540157004,408.5063930640474,412.4918212890625,8400,0.0,0.0
2020-09-02 00:00:00+09:00,412.49180581124773,418.46994792445423,412.49180581124773,416.47723388671875,6600,0.0,0.0
2020-09-03 00:00:00+09:00,423.45174329034216,434.41167076373927,419.46631511819777,433.4153137207031,25300,0.0,0.0
2020-09-04 00:00:00+09:00,433.4153101179335,436.40438122219507,427.4371679094103,430.4262390136719,17700,0.0,0.0
2020-09-07 00:00:00+09:00,438.39709830876126,441.38616943359375,436.4043842255396,441.38616943359375,22600,0.0,0.0
2020-09-08 00:00:00+09:00,444.37522502446865,445.37158203125,438.39708298378076,445.37158203125,9100,0.0,0.0
2020-09-09 00:00:00+09:00,444.37523228390586,452.34608846837057,440.38980419167353,451.3497314453125,34400,0.0,0.0
2020-09-10 00:00:00+09:00,454.3388056261786,466.2950899847622,454.3388056261786,462.3096618652344,45200,0.0,0.0
2020-09-11 00:00:00+09:00,462.30965453568507,467.2914396061127,456.3315124511719,456.3315124511719,18500,0.0,0.0
2020-09-14 00:00:00+09:00,459.3205871582031,472.27322844466005,457.32787311413284,459.3205871582031,15100,0.0,0.0
2020-09-15 00:00:00+09:00,459.32058811830666,464.3023732388957,443.3788757324219,443.3788757324219,24000,0.0,0.0
2020-09-16 00:00:00+09:00,441.386150605088,449.3570065979564,422.45536762202556,434.4116516113281,16300,0.0,0.0
2020-09-17 00:00:00+09:00,431.42258061400247,440.38979360597943,430.42622361489396,434.4116516113281,10800,0.0,0.0
2020-09-18 00:00:00+09:00,434.4116552956827,443.3788683637128,434.4116552956827,437.4007263183594,4900,0.0,0.0
2020-09-23 00:00:00+09:00,441.38616527829856,446.3679504394531,438.3970941816058,446.3679504394531,6500,0.0,0.0
2020-09-24 00:00:00+09:00,447.3642967560451,450.35336778114123,429.42987060546875,429.42987060546875,19900,0.0,0.0
2020-09-25 00:00:00+09:00,429.42987426195276,437.40073039674536,429.42987426195276,432.4189453125,8700,0.0,0.0
2020-09-28 00:00:00+09:00,433.4153027601645,433.4153027601645,424.4480895996094,424.4480895996094,11800,0.0,0.0
2020-09-29 00:00:00+09:00,428.43352133299646,429.42987835935224,427.4371643066406,427.4371643066406,1300,0.0,0.0
2020-09-30 00:00:00+09:00,429.42987096619663,429.42987096619663,421.4590148925781,421.4590148925781,6300,0.0,0.0
2020-10-02 00:00:00+09:00,418.4699593409718,420.4626734330717,417.4736022949219,417.4736022949219,4700,0.0,0.0
2020-10-05 00:00:00+09:00,417.4735792451747,423.45172119140625,417.4735792451747,423.45172119140625,3600,0.0,0.0
2020-10-06 00:00:00+09:00,426.44081144512825,427.437168481215,421.4590262646945,422.45538330078125,3700,0.0,0.0
2020-10-07 00:00:00+09:00,423.4517285552766,429.42987060546875,423.4517285552766,429.42987060546875,3500,0.0,0.0
2020-10-08 00:00:00+09:00,430.4262312788018,433.41530232934906,429.42987426195276,432.4189453125,5000,0.0,0.0
2020-10-09 00:00:00+09:00,434.4116556472955,434.4116556472955,426.44079958037264,429.42987060546875,3900,0.0,0.0
2020-10-12 00:00:00+09:00,434.4116593461981,434.4116593461981,431.4225882956509,432.4189453125,2100,0.0,0.0
2020-10-13 00:00:00+09:00,432.41893789701373,432.41893789701373,426.4407958984375,426.4407958984375,8000,0.0,0.0
2020-10-14 00:00:00+09:00,429.42987835935224,432.41894943841965,424.4480932275732,427.4371643066406,10400,0.0,0.0
2020-10-15 00:00:00+09:00,424.44808592018506,424.44808592018506,419.4663008741735,421.4590148925781,1800,0.0,0.0
2020-10-16 00:00:00+09:00,421.45903479534644,421.45903479534644,412.4918212890625,412.4918212890625,6700,0.0,0.0
2020-10-19 00:00:00+09:00,409.50273113940136,413.4881591796875,405.51730309911517,413.4881591796875,9900,0.0,0.0
2020-10-20 00:00:00+09:00,412.49180581124773,416.47723388671875,406.5136636980413,416.47723388671875,14200,0.0,0.0
2020-10-21 00:00:00+09:00,416.47723388671875,417.4735909055865,408.50637773577677,416.47723388671875,6900,0.0,0.0
2020-10-22 00:00:00+09:00,414.4845084869604,415.4808654785156,410.49908052073965,415.4808654785156,4900,0.0,0.0
2020-10-23 00:00:00+09:00,415.4808888679003,418.4699600108349,406.51367543909674,409.50274658203125,9100,0.0,0.0
2020-10-26 00:00:00+09:00,417.4735981203475,426.44081144512825,410.49909886774026,422.45538330078125,18800,0.0,0.0
2020-10-27 00:00:00+09:00,424.4480895996094,430.42623170664615,420.46266152825154,424.4480895996094,4800,0.0,0.0
2020-10-28 00:00:00+09:00,433.4153019141288,485.22586674064536,433.4153019141288,440.3898010253906,291800,0.0,0.0
2020-10-29 00:00:00+09:00,429.4298702578881,457.32786646953747,429.4298702578881,437.4007263183594,44200,0.0,0.0
2020-10-30 00:00:00+09:00,441.3861751466001,441.3861751466001,420.4626770019531,420.4626770019531,23400,0.0,0.0
2020-11-02 00:00:00+09:00,428.43350593267354,431.4225769042969,419.46629301780365,431.4225769042969,8400,0.0,0.0
2020-11-04 00:00:00+09:00,432.4189444986979,450.3533707682292,432.4189444986979,448.36065673828125,21200,0.0,0.0
2020-11-05 00:00:00+09:00,454.33881394978664,454.33881394978664,443.37888642029617,452.3460998535156,11000,0.0,0.0
2020-11-06 00:00:00+09:00,452.34608479817706,452.34608479817706,443.3788716634115,448.36065673828125,2500,0.0,0.0
2020-11-09 00:00:00+09:00,452.34608073810955,466.29507882254467,452.34608073810955,453.3424377441406,46900,0.0,0.0
2020-11-10 00:00:00+09:00,461.3133102658102,462.30966730742097,441.38616943359375,441.38616943359375,19000,0.0,0.0
2020-11-11 00:00:00+09:00,442.38250732421875,444.3752213211747,436.40436533335094,442.38250732421875,11800,0.0,0.0
2020-11-12 00:00:00+09:00,444.3752363749913,447.36430747168407,442.38252231052945,446.3679504394531,10600,0.0,0.0
2020-11-13 00:00:00+09:00,446.36795893978314,447.364315990988,435.40803137652955,436.4043884277344,27900,0.0,0.0
2020-11-16 00:00:00+09:00,428.43350593267354,432.41893389483795,419.46629301780365,431.4225769042969,25400,0.0,0.0
2020-11-17 00:00:00+09:00,436.40438122219507,436.40438122219507,428.4335249441641,430.4262390136719,5500,0.0,0.0
2020-11-18 00:00:00+09:00,437.4007418928475,444.3752411941002,431.42259963463096,433.4153137207031,27000,0.0,0.0
2020-11-19 00:00:00+09:00,440.3898010253906,441.38615804128517,432.41894489823426,440.3898010253906,8900,0.0,0.0
2020-11-20 00:00:00+09:00,440.3898194446861,448.36067590522345,440.3898194446861,447.36431884765625,20300,0.0,0.0
2020-11-24 00:00:00+09:00,449.3570257664803,457.3278820993669,438.39709830876126,441.38616943359375,29200,0.0,0.0
2020-11-25 00:00:00+09:00,452.34608944820866,452.34608944820866,435.40802001953125,435.40802001953125,17600,0.0,0.0
2020-11-26 00:00:00+09:00,435.40801265566085,438.39708368075696,429.42987060546875,429.42987060546875,9500,0.0,0.0
2020-11-27 00:00:00+09:00,430.4262312788018,438.3970874135945,430.4262312788018,432.4189453125,13900,0.0,0.0
2020-11-30 00:00:00+09:00,437.4007218070652,458.32421875,435.40800781250005,458.32421875,26300,0.0,0.0
2020-12-01 00:00:00+09:00,449.35701787712867,457.32787407007106,440.3898046600684,443.3788757324219,31200,0.0,0.0
2020-12-02 00:00:00+09:00,442.38250732421875,447.3642923166086,441.3861503257408,442.38250732421875,8900,0.0,0.0
2020-12-03 00:00:00+09:00,442.3825252757353,457.327880859375,442.3825252757353,457.327880859375,23300,0.0,0.0
2020-12-04 00:00:00+09:00,456.3315050243276,456.3315050243276,449.35700603923965,450.3533630371094,10000,0.0,0.0
2020-12-07 00:00:00+09:00,450.35337118433614,452.34608521612523,439.3934440094961,440.3898010253906,22700,0.0,0.0
2020-12-08 00:00:00+09:00,441.38616527829856,446.3679504394531,441.38616527829856,446.3679504394531,4500,0.0,0.0
2020-12-09 00:00:00+09:00,447.36431884765625,450.3533900203578,441.3861765022533,447.36431884765625,19900,0.0,0.0
2020-12-10 00:00:00+09:00,449.3570141684416,449.3570141684416,439.3934440094961,440.3898010253906,12600,0.0,0.0
2020-12-11 00:00:00+09:00,439.3934436035156,448.36065673828125,438.3970865885417,448.36065673828125,19400,0.0,0.0
2020-12-14 00:00:00+09:00,456.3315087622339,456.3315087622339,447.36429570795417,453.3424377441406,32600,0.0,0.0
2020-12-15 00:00:00+09:00,454.33881825062645,454.33881825062645,447.36431884765625,447.36431884765625,14100,0.0,0.0
2020-12-16 00:00:00+09:00,452.3460998535156,455.3351709979221,447.36431461283814,452.3460998535156,15500,0.0,0.0
2020-12-17 00:00:00+09:00,454.3388025144867,455.3351595375448,450.3533744222544,451.3497314453125,11400,0.0,0.0
2020-12-18 00:00:00+09:00,451.3497240719379,455.3351520990632,438.39708298378076,445.37158203125,31700,0.0,0.0
2020-12-21 00:00:00+09:00,442.38252286044036,446.3679509943182,436.4043806596236,438.3970947265625,21700,0.0,0.0
2020-12-22 00:00:00+09:00,437.40074254198987,437.40074254198987,423.45174391878294,425.4444580078125,16800,0.0,0.0
2020-12-23 00:00:00+09:00,427.437157320689,427.437157320689,409.50273113940136,413.4881591796875,28000,0.0,0.0
2020-12-24 00:00:00+09:00,414.4845311567721,417.4736022949219,411.4954600186223,417.4736022949219,20900,0.0,0.0
2020-12-25 00:00:00+09:00,420.4626504362916,420.4626504362916,412.49179450385003,415.4808654785156,13500,0.0,0.0
2020-12-28 00:00:00+09:00,415.480865702361,415.480865702361,407.510009765625,407.510009765625,53800,0.0,0.0
2020-12-29 00:00:00+09:00,406.51367823885516,420.4626770019531,406.51367823885516,420.4626770019531,9600,0.0,0.0
2020-12-30 00:00:00+09:00,416.47722984656656,424.44808592018506,408.5063737729481,421.4590148925781,16100,0.0,0.0
2021-01-04 00:00:00+09:00,417.47360657033136,418.4699636265851,410.49910717655496,412.4918212890625,9000,0.0,0.0
2021-01-05 00:00:00+09:00,418.46995573777417,418.46995573777417,414.4845275878906,414.4845275878906,4000,0.0,0.0
2021-01-06 00:00:00+09:00,413.48815128102024,423.45172119140625,412.4917942899816,423.45172119140625,7800,0.0,0.0
2021-01-07 00:00:00+09:00,423.45173258176993,433.4153027601645,422.45537556393043,424.4480895996094,27800,0.0,0.0
2021-01-08 00:00:00+09:00,426.4408108746564,430.4262390136719,423.4517397703948,430.4262390136719,11400,0.0,0.0
2021-01-12 00:00:00+09:00,433.4153019141288,440.3898010253906,430.42623086644517,440.3898010253906,18000,0.0,0.0
2021-01-13 00:00:00+09:00,440.38980879350146,440.38980879350146,432.41895252574574,438.3970947265625,13300,0.0,0.0
2021-01-14 00:00:00+09:00,438.39709830876126,441.38616943359375,435.4080271839288,441.38616943359375,21200,0.0,0.0
2021-01-15 00:00:00+09:00,440.3898159420544,444.375244140625,434.4116736441984,444.375244140625,17500,0.0,0.0
2021-01-18 00:00:00+09:00,476.25866856338956,524.0838068291692,451.34974238329596,503.1603088378906,1094700,0.0,0.0
2021-01-19 00:00:00+09:00,495.1894526794879,594.8251574439724,483.23316810774975,546.003662109375,3724700,0.0,0.0
2021-01-20 00:00:00+09:00,541.0218906947545,552.9781755719866,508.1421072823661,523.0874633789062,662200,0.0,0.0
2021-01-21 00:00:00+09:00,518.1056602328431,561.9453699448529,515.1165891161152,558.956298828125,603100,0.0,0.0
2021-01-22 00:00:00+09:00,553.9745326450893,615.7486711774554,542.0182477678571,592.8324584960938,1726000,0.0,0.0
2021-01-25 00:00:00+09:00,582.8688665485878,606.7814354326324,564.9344398855543,574.8980102539062,602400,0.0,0.0
2021-01-26 00:00:00+09:00,571.9089467901933,571.9089467901933,520.0983801820224,530.0619506835938,370600,0.0,0.0
2021-01-27 00:00:00+09:00,523.0874633789062,529.0656058175224,507.14575020926344,523.0874633789062,184100,0.0,0.0
2021-01-28 00:00:00+09:00,514.120216458688,523.0874295364558,504.1566463722793,512.1275024414062,81800,0.0,0.0
2021-01-29 00:00:00+09:00,516.1129112465868,532.054622790883,512.1274833605128,513.1238403320312,73500,0.0,0.0
2021-02-01 00:00:00+09:00,502.163925543064,502.163925543064,483.2331426356866,490.2076416015625,96600,0.0,0.0
2021-02-02 00:00:00+09:00,485.2258745001618,505.15301513671875,484.22951746833394,505.15301513671875,49400,0.0,0.0
2021-02-03 00:00:00+09:00,510.1347920696325,516.1129341641985,510.1347920696325,515.1165771484375,37900,0.0,0.0
2021-02-04 00:00:00+09:00,514.1202378810797,533.0510218340652,510.13480968045116,530.0619506835938,61900,0.0,0.0
2021-02-05 00:00:00+09:00,528.0692257707934,531.0582968600621,515.1165843839627,521.0947265625,46500,0.0,0.0
2021-02-08 00:00:00+09:00,520.098342954422,528.0691987851412,516.1129150390625,516.1129150390625,44600,0.0,0.0
2021-02-09 00:00:00+09:00,518.1056289967423,524.0837708697817,516.1129150390625,516.1129150390625,39400,0.0,0.0
2021-02-10 00:00:00+09:00,520.0983766725249,527.0728759765625,516.112948498789,527.0728759765625,51300,0.0,0.0
2021-02-12 00:00:00+09:00,527.072873583027,527.072873583027,508.14208984375,508.14208984375,56700,0.0,0.0
2021-02-15 00:00:00+09:00,515.1165734673289,516.1129304759697,505.15300338092015,512.1275024414062,35900,0.0,0.0
2021-02-16 00:00:00+09:00,522.0911046167398,546.0036742938424,522.0911046167398,539.0291748046875,238600,0.0,0.0
2021-02-17 00:00:00+09:00,547.0000054068622,586.8542863108231,547.0000054068622,584.861572265625,344600,0.0,0.0
2021-02-18 00:00:00+09:00,587.8506491602963,592.8324343226717,547.0000108288181,555.9672241210938,246700,0.0,0.0
2021-02-19 00:00:00+09:00,543.014595958674,548.9927382995035,528.0692401066004,533.051025390625,67700,0.0,0.0
2021-02-22 00:00:00+09:00,543.0145965040776,572.905308238247,542.018239446272,567.9235229492188,92000,0.0,0.0
2021-02-24 00:00:00+09:00,562.9417186944163,590.8397153730776,562.9417186944163,568.9198608398438,148100,0.0,0.0
2021-02-25 00:00:00+09:00,575.8943328333065,580.8761177194077,568.9198339927647,579.8797607421875,62300,0.0,0.0
2021-02-26 00:00:00+09:00,569.9162105053928,569.9162105053928,553.9744983234237,562.9417114257812,43200,0.0,0.0
2021-03-01 00:00:00+09:00,552.9781303131323,562.9417002286842,543.0145603975803,553.9744873046875,37000,0.0,0.0
2021-03-02 00:00:00+09:00,553.9744953532795,557.9599233774039,528.0692131964715,544.0109252929688,55100,0.0,0.0
2021-03-03 00:00:00+09:00,541.0218660995115,549.9890793497797,534.0473669048586,537.0364379882812,18400,0.0,0.0
2021-03-04 00:00:00+09:00,540.0255211851651,545.0073064359508,521.0947372321796,530.0619506835938,48600,0.0,0.0
2021-03-05 00:00:00+09:00,534.0473740323969,544.010944443449,522.0910895391343,543.0145874023438,54800,0.0,0.0
2021-03-08 00:00:00+09:00,556.9635847503064,562.9417269837622,545.0073002833946,558.956298828125,40300,0.0,0.0
2021-03-09 00:00:00+09:00,560.9489783836337,566.9271202491788,554.9708365180888,563.9380493164062,31100,0.0,0.0
2021-03-10 00:00:00+09:00,566.9271243545504,566.9271243545504,550.9854125976562,550.9854125976562,13800,0.0,0.0
2021-03-11 00:00:00+09:00,555.9672467912947,559.9526750837053,554.970889718192,557.9599609375,10300,0.0,0.0
2021-03-12 00:00:00+09:00,563.9380684371544,576.8907095850042,557.959926368916,562.9417114257812,97200,0.0,0.0
2021-03-15 00:00:00+09:00,566.9271728727552,579.8798147837321,563.9381016625299,573.9016723632812,37300,0.0,0.0
2021-03-16 00:00:00+09:00,572.9052936731701,577.8870788355455,555.9672241210938,555.9672241210938,43500,0.0,0.0
2021-03-17 00:00:00+09:00,558.9562797139124,572.9052777816393,557.9599227090747,559.95263671875,31900,0.0,0.0
2021-03-18 00:00:00+09:00,582.8688628831392,587.8506480359865,568.9198644551666,571.908935546875,94900,0.0,0.0
2021-03-19 00:00:00+09:00,571.9089164402175,573.9016304347826,566.9271314538043,572.9052734375,15200,0.0,0.0
2021-03-22 00:00:00+09:00,572.9052925774445,577.8870777302918,559.9526511800414,571.908935546875,25500,0.0,0.0
2021-03-23 00:00:00+09:00,569.9162422330846,578.8834558346541,554.9708862304688,554.9708862304688,40900,0.0,0.0
2021-03-24 00:00:00+09:00,546.9999811408226,546.9999811408226,510.1347729400749,532.0546264648438,79500,0.0,0.0
2021-03-25 00:00:00+09:00,537.0364486805714,547.9963762046647,533.051020489992,546.003662109375,34400,0.0,0.0
2021-03-26 00:00:00+09:00,547.9963570127504,554.9708561020036,544.0109289617486,547.0,20800,0.0,0.0
2021-03-29 00:00:00+09:00,555.9672131147541,555.9672131147541,541.0218579234972,547.0,30900,0.0,0.0
2021-03-30 00:00:00+09:00,540.0,554.0,540.0,546.0,22000,2.0,0.0
2021-03-31 00:00:00+09:00,547.0,552.0,541.0,541.0,17600,0.0,0.0
2021-04-01 00:00:00+09:00,541.0,550.0,532.0,534.0,32800,0.0,0.0
2021-04-02 00:00:00+09:00,538.0,542.0,535.0,535.0,16100,0.0,0.0
2021-04-05 00:00:00+09:00,535.0,545.0,535.0,540.0,14500,0.0,0.0
2021-04-06 00:00:00+09:00,544.0,544.0,529.0,531.0,23400,0.0,0.0
2021-04-07 00:00:00+09:00,531.0,542.0,531.0,538.0,18900,0.0,0.0
2021-04-08 00:00:00+09:00,540.0,541.0,531.0,531.0,17200,0.0,0.0
2021-04-09 00:00:00+09:00,531.0,537.0,525.0,530.0,31300,0.0,0.0
2021-04-12 00:00:00+09:00,534.0,543.0,532.0,542.0,25000,0.0,0.0
2021-04-13 00:00:00+09:00,568.0,590.0,557.0,565.0,293900,0.0,0.0
2021-04-14 00:00:00+09:00,565.0,581.0,555.0,564.0,82900,0.0,0.0
2021-04-15 00:00:00+09:00,564.0,575.0,561.0,570.0,44100,0.0,0.0
2021-04-16 00:00:00+09:00,568.0,574.0,559.0,573.0,44300,0.0,0.0
2021-04-19 00:00:00+09:00,575.0,575.0,563.0,568.0,40500,0.0,0.0
2021-04-20 00:00:00+09:00,563.0,588.0,561.0,586.0,151600,0.0,0.0
2021-04-21 00:00:00+09:00,573.0,578.0,545.0,553.0,95200,0.0,0.0
2021-04-22 00:00:00+09:00,560.0,562.0,547.0,547.0,38600,0.0,0.0
2021-04-23 00:00:00+09:00,550.0,568.0,547.0,552.0,49400,0.0,0.0
2021-04-26 00:00:00+09:00,554.0,568.0,547.0,555.0,53600,0.0,0.0
2021-04-27 00:00:00+09:00,564.0,593.0,555.0,570.0,273300,0.0,0.0
2021-04-28 00:00:00+09:00,580.0,580.0,526.0,526.0,312100,0.0,0.0
2021-04-30 00:00:00+09:00,531.0,541.0,517.0,530.0,97300,0.0,0.0
2021-05-06 00:00:00+09:00,533.0,539.0,525.0,535.0,33700,0.0,0.0
2021-05-07 00:00:00+09:00,538.0,545.0,531.0,544.0,45000,0.0,0.0
2021-05-10 00:00:00+09:00,545.0,546.0,535.0,538.0,24800,0.0,0.0
2021-05-11 00:00:00+09:00,541.0,541.0,525.0,530.0,17800,0.0,0.0
2021-05-12 00:00:00+09:00,531.0,532.0,504.0,511.0,64900,0.0,0.0
2021-05-13 00:00:00+09:00,513.0,515.0,497.0,497.0,57000,0.0,0.0
2021-05-14 00:00:00+09:00,510.0,511.0,495.0,508.0,20100,0.0,0.0
2021-05-17 00:00:00+09:00,508.0,508.0,486.0,489.0,34300,0.0,0.0
2021-05-18 00:00:00+09:00,486.0,497.0,486.0,494.0,12600,0.0,0.0
2021-05-19 00:00:00+09:00,494.0,506.0,493.0,501.0,18200,0.0,0.0
2021-05-20 00:00:00+09:00,495.0,501.0,495.0,498.0,9400,0.0,0.0
2021-05-21 00:00:00+09:00,506.0,506.0,497.0,498.0,7900,0.0,0.0
2021-05-24 00:00:00+09:00,497.0,502.0,495.0,499.0,16600,0.0,0.0
2021-05-25 00:00:00+09:00,502.0,502.0,493.0,494.0,8800,0.0,0.0
2021-05-26 00:00:00+09:00,495.0,496.0,490.0,492.0,7200,0.0,0.0
2021-05-27 00:00:00+09:00,489.0,489.0,484.0,486.0,13100,0.0,0.0
2021-05-28 00:00:00+09:00,485.0,493.0,484.0,489.0,12000,0.0,0.0
2021-05-31 00:00:00+09:00,490.0,493.0,485.0,489.0,16300,0.0,0.0
2021-06-01 00:00:00+09:00,495.0,518.0,486.0,508.0,67400,0.0,0.0
2021-06-02 00:00:00+09:00,520.0,527.0,510.0,510.0,42600,0.0,0.0
2021-06-03 00:00:00+09:00,507.0,513.0,503.0,513.0,12100,0.0,0.0
2021-06-04 00:00:00+09:00,507.0,513.0,506.0,510.0,12400,0.0,0.0
2021-06-07 00:00:00+09:00,513.0,513.0,507.0,510.0,5000,0.0,0.0
2021-06-08 00:00:00+09:00,512.0,512.0,504.0,504.0,11900,0.0,0.0
2021-06-09 00:00:00+09:00,504.0,504.0,495.0,495.0,19200,0.0,0.0
2021-06-10 00:00:00+09:00,492.0,492.0,486.0,487.0,37700,0.0,0.0
2021-06-11 00:00:00+09:00,490.0,490.0,483.0,483.0,42000,0.0,0.0
2021-06-14 00:00:00+09:00,491.0,500.0,488.0,500.0,32400,0.0,0.0
2021-06-15 00:00:00+09:00,510.0,510.0,500.0,508.0,21400,0.0,0.0
2021-06-16 00:00:00+09:00,510.0,510.0,500.0,510.0,15400,0.0,0.0
2021-06-17 00:00:00+09:00,500.0,502.0,488.0,501.0,29300,0.0,0.0
2021-06-18 00:00:00+09:00,501.0,501.0,487.0,487.0,18400,0.0,0.0
2021-06-21 00:00:00+09:00,475.0,482.0,472.0,481.0,16900,0.0,0.0
2021-06-22 00:00:00+09:00,483.0,491.0,483.0,489.0,5800,0.0,0.0
2021-06-23 00:00:00+09:00,487.0,492.0,487.0,492.0,6700,0.0,0.0
2021-06-24 00:00:00+09:00,493.0,497.0,485.0,485.0,8400,0.0,0.0
2021-06-25 00:00:00+09:00,485.0,492.0,485.0,490.0,11700,0.0,0.0
2021-06-28 00:00:00+09:00,497.0,498.0,485.0,485.0,19600,0.0,0.0
2021-06-29 00:00:00+09:00,486.0,497.0,486.0,496.0,8600,0.0,0.0
2021-06-30 00:00:00+09:00,495.0,495.0,489.0,495.0,3800,0.0,0.0
2021-07-01 00:00:00+09:00,493.0,493.0,487.0,489.0,6400,0.0,0.0
2021-07-02 00:00:00+09:00,491.0,491.0,487.0,488.0,4300,0.0,0.0
2021-07-05 00:00:00+09:00,486.0,489.0,486.0,487.0,4600,0.0,0.0
2021-07-06 00:00:00+09:00,489.0,489.0,483.0,488.0,5700,0.0,0.0
2021-07-07 00:00:00+09:00,488.0,490.0,487.0,489.0,2200,0.0,0.0
2021-07-08 00:00:00+09:00,488.0,488.0,483.0,483.0,10200,0.0,0.0
2021-07-09 00:00:00+09:00,482.0,487.0,481.0,487.0,4700,0.0,0.0
2021-07-12 00:00:00+09:00,489.0,495.0,489.0,491.0,6200,0.0,0.0
2021-07-13 00:00:00+09:00,495.0,496.0,492.0,494.0,6600,0.0,0.0
2021-07-14 00:00:00+09:00,495.0,503.0,495.0,497.0,14100,0.0,0.0
2021-07-15 00:00:00+09:00,497.0,501.0,497.0,497.0,5600,0.0,0.0
2021-07-16 00:00:00+09:00,502.0,503.0,497.0,503.0,8400,0.0,0.0
2021-07-19 00:00:00+09:00,503.0,503.0,491.0,494.0,12500,0.0,0.0
2021-07-20 00:00:00+09:00,495.0,500.0,494.0,496.0,8000,0.0,0.0
2021-07-21 00:00:00+09:00,498.0,498.0,497.0,498.0,6700,0.0,0.0
2021-07-26 00:00:00+09:00,500.0,508.0,500.0,501.0,13700,0.0,0.0
2021-07-27 00:00:00+09:00,503.0,515.0,503.0,515.0,21300,0.0,0.0
2021-07-28 00:00:00+09:00,511.0,512.0,505.0,508.0,13200,0.0,0.0
2021-07-29 00:00:00+09:00,509.0,509.0,500.0,500.0,9600,0.0,0.0
2021-07-30 00:00:00+09:00,506.0,506.0,485.0,494.0,11700,0.0,0.0
2021-08-02 00:00:00+09:00,490.0,497.0,490.0,495.0,5800,0.0,0.0
2021-08-03 00:00:00+09:00,495.0,495.0,491.0,492.0,4600,0.0,0.0
2021-08-04 00:00:00+09:00,493.0,495.0,490.0,490.0,4400,0.0,0.0
2021-08-05 00:00:00+09:00,486.0,490.0,486.0,486.0,9100,0.0,0.0
2021-08-06 00:00:00+09:00,487.0,490.0,484.0,484.0,10300,0.0,0.0
2021-08-10 00:00:00+09:00,485.0,495.0,485.0,494.0,9400,0.0,0.0
2021-08-11 00:00:00+09:00,498.0,498.0,485.0,489.0,12600,0.0,0.0
2021-08-12 00:00:00+09:00,489.0,494.0,484.0,490.0,17200,0.0,0.0
2021-08-13 00:00:00+09:00,490.0,492.0,480.0,485.0,7200,0.0,0.0
2021-08-16 00:00:00+09:00,488.0,488.0,476.0,476.0,15500,0.0,0.0
2021-08-17 00:00:00+09:00,478.0,478.0,460.0,461.0,11700,0.0,0.0
2021-08-18 00:00:00+09:00,458.0,469.0,447.0,451.0,41600,0.0,0.0
2021-08-19 00:00:00+09:00,445.0,449.0,432.0,432.0,29300,0.0,0.0
2021-08-20 00:00:00+09:00,432.0,435.0,415.0,418.0,43100,0.0,0.0
2021-08-23 00:00:00+09:00,419.0,437.0,419.0,429.0,9900,0.0,0.0
2021-08-24 00:00:00+09:00,434.0,438.0,430.0,438.0,7900,0.0,0.0
2021-08-25 00:00:00+09:00,441.0,441.0,427.0,431.0,29400,0.0,0.0
2021-08-26 00:00:00+09:00,435.0,470.0,435.0,448.0,160700,0.0,0.0
2021-08-27 00:00:00+09:00,441.0,445.0,435.0,440.0,31100,0.0,0.0
2021-08-30 00:00:00+09:00,441.0,445.0,438.0,444.0,20900,0.0,0.0
2021-08-31 00:00:00+09:00,443.0,445.0,439.0,444.0,11900,0.0,0.0
2021-09-01 00:00:00+09:00,444.0,444.0,440.0,441.0,10200,0.0,0.0
2021-09-02 00:00:00+09:00,443.0,443.0,436.0,442.0,13700,0.0,0.0
2021-09-03 00:00:00+09:00,440.0,454.0,440.0,449.0,32800,0.0,0.0
2021-09-06 00:00:00+09:00,449.0,480.0,449.0,455.0,164000,0.0,0.0
2021-09-07 00:00:00+09:00,465.0,474.0,457.0,460.0,73300,0.0,0.0
2021-09-08 00:00:00+09:00,461.0,466.0,458.0,463.0,30800,0.0,0.0
2021-09-09 00:00:00+09:00,463.0,463.0,443.0,446.0,72200,0.0,0.0
2021-09-10 00:00:00+09:00,449.0,453.0,445.0,450.0,65400,0.0,0.0
2021-09-13 00:00:00+09:00,451.0,455.0,445.0,446.0,71600,0.0,0.0
2021-09-14 00:00:00+09:00,451.0,451.0,445.0,448.0,28800,0.0,0.0
2021-09-15 00:00:00+09:00,448.0,448.0,443.0,444.0,39100,0.0,0.0
2021-09-16 00:00:00+09:00,444.0,445.0,435.0,438.0,41600,0.0,0.0
2021-09-17 00:00:00+09:00,439.0,445.0,438.0,445.0,17300,0.0,0.0
2021-09-21 00:00:00+09:00,440.0,447.0,439.0,445.0,27800,0.0,0.0
2021-09-22 00:00:00+09:00,447.0,448.0,442.0,443.0,18900,0.0,0.0
2021-09-24 00:00:00+09:00,446.0,451.0,443.0,451.0,21400,0.0,0.0
2021-09-27 00:00:00+09:00,453.0,456.0,445.0,447.0,33700,0.0,0.0
2021-09-28 00:00:00+09:00,447.0,449.0,441.0,449.0,24800,0.0,0.0
2021-09-29 00:00:00+09:00,441.0,449.0,440.0,445.0,24900,0.0,0.0
2021-09-30 00:00:00+09:00,444.0,449.0,434.0,441.0,26400,0.0,0.0
2021-10-01 00:00:00+09:00,437.0,441.0,434.0,434.0,15300,0.0,0.0
2021-10-04 00:00:00+09:00,434.0,436.0,418.0,420.0,34200,0.0,0.0
2021-10-05 00:00:00+09:00,416.0,425.0,403.0,414.0,40100,0.0,0.0
2021-10-06 00:00:00+09:00,416.0,427.0,411.0,414.0,28400,0.0,0.0
2021-10-07 00:00:00+09:00,417.0,417.0,410.0,414.0,9400,0.0,0.0
2021-10-08 00:00:00+09:00,414.0,422.0,414.0,419.0,10700,0.0,0.0
2021-10-11 00:00:00+09:00,422.0,425.0,418.0,425.0,11000,0.0,0.0
2021-10-12 00:00:00+09:00,425.0,438.0,424.0,438.0,32500,0.0,0.0
2021-10-13 00:00:00+09:00,437.0,437.0,420.0,429.0,42400,0.0,0.0
2021-10-14 00:00:00+09:00,429.0,440.0,423.0,428.0,38100,0.0,0.0
2021-10-15 00:00:00+09:00,434.0,434.0,426.0,429.0,10300,0.0,0.0
2021-10-18 00:00:00+09:00,430.0,434.0,425.0,429.0,29900,0.0,0.0
2021-10-19 00:00:00+09:00,429.0,432.0,420.0,426.0,21300,0.0,0.0
2021-10-20 00:00:00+09:00,425.0,426.0,419.0,421.0,21100,0.0,0.0
2021-10-21 00:00:00+09:00,423.0,423.0,418.0,419.0,10400,0.0,0.0
2021-10-22 00:00:00+09:00,418.0,424.0,415.0,421.0,10400,0.0,0.0
2021-10-25 00:00:00+09:00,425.0,425.0,416.0,423.0,13400,0.0,0.0
2021-10-26 00:00:00+09:00,423.0,427.0,418.0,420.0,19600,0.0,0.0
2021-10-27 00:00:00+09:00,418.0,419.0,416.0,416.0,9000,0.0,0.0
2021-10-28 00:00:00+09:00,414.0,418.0,412.0,418.0,12100,0.0,0.0
2021-10-29 00:00:00+09:00,421.0,422.0,417.0,418.0,12600,0.0,0.0
2021-11-01 00:00:00+09:00,425.0,425.0,417.0,422.0,12800,0.0,0.0
2021-11-02 00:00:00+09:00,422.0,422.0,418.0,418.0,12200,0.0,0.0
2021-11-04 00:00:00+09:00,417.0,424.0,416.0,419.0,14800,0.0,0.0
2021-11-05 00:00:00+09:00,419.0,420.0,416.0,420.0,10300,0.0,0.0
2021-11-08 00:00:00+09:00,421.0,421.0,416.0,419.0,9300,0.0,0.0
2021-11-09 00:00:00+09:00,419.0,421.0,414.0,417.0,22200,0.0,0.0
2021-11-10 00:00:00+09:00,416.0,420.0,416.0,418.0,5100,0.0,0.0
2021-11-11 00:00:00+09:00,418.0,423.0,418.0,419.0,10300,0.0,0.0
2021-11-12 00:00:00+09:00,420.0,421.0,415.0,417.0,28500,0.0,0.0
2021-11-15 00:00:00+09:00,418.0,420.0,412.0,417.0,13400,0.0,0.0
2021-11-16 00:00:00+09:00,417.0,422.0,416.0,416.0,8700,0.0,0.0
2021-11-17 00:00:00+09:00,416.0,417.0,414.0,416.0,9300,0.0,0.0
2021-11-18 00:00:00+09:00,417.0,428.0,414.0,423.0,23500,0.0,0.0
2021-11-19 00:00:00+09:00,425.0,433.0,421.0,432.0,17400,0.0,0.0
2021-11-22 00:00:00+09:00,433.0,448.0,431.0,444.0,43200,0.0,0.0
2021-11-24 00:00:00+09:00,446.0,449.0,438.0,441.0,48700,0.0,0.0
2021-11-25 00:00:00+09:00,441.0,445.0,437.0,442.0,17200,0.0,0.0
2021-11-26 00:00:00+09:00,444.0,444.0,431.0,441.0,17000,0.0,0.0
2021-11-29 00:00:00+09:00,432.0,436.0,415.0,416.0,43500,0.0,0.0
2021-11-30 00:00:00+09:00,422.0,424.0,403.0,419.0,19400,0.0,0.0
2021-12-01 00:00:00+09:00,412.0,416.0,408.0,412.0,17700,0.0,0.0
2021-12-02 00:00:00+09:00,408.0,419.0,408.0,413.0,21100,0.0,0.0
2021-12-03 00:00:00+09:00,418.0,418.0,408.0,416.0,22000,0.0,0.0
2021-12-06 00:00:00+09:00,415.0,415.0,408.0,410.0,19000,0.0,0.0
2021-12-07 00:00:00+09:00,412.0,417.0,412.0,415.0,16900,0.0,0.0
2021-12-08 00:00:00+09:00,418.0,419.0,412.0,419.0,8800,0.0,0.0
2021-12-09 00:00:00+09:00,420.0,424.0,417.0,417.0,9400,0.0,0.0
2021-12-10 00:00:00+09:00,415.0,419.0,411.0,411.0,11700,0.0,0.0
2021-12-13 00:00:00+09:00,413.0,413.0,409.0,409.0,9300,0.0,0.0
2021-12-14 00:00:00+09:00,409.0,413.0,405.0,413.0,16000,0.0,0.0
2021-12-15 00:00:00+09:00,408.0,412.0,407.0,410.0,9300,0.0,0.0
2021-12-16 00:00:00+09:00,410.0,443.0,408.0,441.0,97300,0.0,0.0
2021-12-17 00:00:00+09:00,431.0,442.0,413.0,423.0,61000,0.0,0.0
2021-12-20 00:00:00+09:00,420.0,424.0,410.0,410.0,42100,0.0,0.0
2021-12-21 00:00:00+09:00,412.0,431.0,408.0,422.0,85300,0.0,0.0
2021-12-22 00:00:00+09:00,423.0,440.0,423.0,436.0,70800,0.0,0.0
2021-12-23 00:00:00+09:00,460.0,490.0,457.0,480.0,347100,0.0,0.0
2021-12-24 00:00:00+09:00,479.0,506.0,467.0,479.0,216800,0.0,0.0
2021-12-27 00:00:00+09:00,475.0,479.0,466.0,475.0,44300,0.0,0.0
2021-12-28 00:00:00+09:00,473.0,476.0,464.0,464.0,40800,0.0,0.0
2021-12-29 00:00:00+09:00,467.0,495.0,460.0,495.0,111300,0.0,0.0
2021-12-30 00:00:00+09:00,487.0,494.0,478.0,492.0,39600,0.0,0.0
2022-01-04 00:00:00+09:00,495.0,496.0,489.0,490.0,28800,0.0,0.0
2022-01-05 00:00:00+09:00,490.0,492.0,472.0,472.0,30300,0.0,0.0
2022-01-06 00:00:00+09:00,470.0,472.0,459.0,466.0,29600,0.0,0.0
2022-01-07 00:00:00+09:00,463.0,468.0,450.0,452.0,30400,0.0,0.0
2022-01-11 00:00:00+09:00,455.0,461.0,446.0,461.0,19700,0.0,0.0
2022-01-12 00:00:00+09:00,462.0,469.0,462.0,469.0,16300,0.0,0.0
2022-01-13 00:00:00+09:00,473.0,475.0,465.0,467.0,17400,0.0,0.0
2022-01-14 00:00:00+09:00,464.0,464.0,459.0,460.0,8200,0.0,0.0
2022-01-17 00:00:00+09:00,456.0,462.0,438.0,440.0,41600,0.0,0.0
2022-01-18 00:00:00+09:00,440.0,448.0,438.0,440.0,19000,0.0,0.0
2022-01-19 00:00:00+09:00,437.0,440.0,428.0,433.0,26300,0.0,0.0
2022-01-20 00:00:00+09:00,433.0,440.0,431.0,434.0,7700,0.0,0.0
2022-01-21 00:00:00+09:00,430.0,437.0,428.0,432.0,11700,0.0,0.0
2022-01-24 00:00:00+09:00,429.0,435.0,420.0,435.0,11500,0.0,0.0
2022-01-25 00:00:00+09:00,436.0,436.0,428.0,429.0,17200,0.0,0.0
2022-01-26 00:00:00+09:00,429.0,444.0,429.0,440.0,27000,0.0,0.0
2022-01-27 00:00:00+09:00,440.0,450.0,426.0,427.0,38500,0.0,0.0
2022-01-28 00:00:00+09:00,433.0,436.0,426.0,436.0,10600,0.0,0.0
2022-01-31 00:00:00+09:00,436.0,455.0,434.0,455.0,21800,0.0,0.0
2022-02-01 00:00:00+09:00,457.0,457.0,443.0,444.0,12300,0.0,0.0
2022-02-02 00:00:00+09:00,448.0,480.0,447.0,480.0,63500,0.0,0.0
2022-02-03 00:00:00+09:00,495.0,503.0,485.0,491.0,69800,0.0,0.0
2022-02-04 00:00:00+09:00,489.0,489.0,468.0,484.0,36200,0.0,0.0
2022-02-07 00:00:00+09:00,487.0,494.0,481.0,484.0,26400,0.0,0.0
2022-02-08 00:00:00+09:00,490.0,490.0,468.0,471.0,23400,0.0,0.0
2022-02-09 00:00:00+09:00,460.0,465.0,456.0,463.0,41000,0.0,0.0
2022-02-10 00:00:00+09:00,470.0,476.0,465.0,471.0,25200,0.0,0.0
2022-02-14 00:00:00+09:00,468.0,468.0,452.0,464.0,27500,0.0,0.0
2022-02-15 00:00:00+09:00,457.0,458.0,448.0,448.0,30400,0.0,0.0
2022-02-16 00:00:00+09:00,450.0,455.0,448.0,455.0,7200,0.0,0.0
2022-02-17 00:00:00+09:00,451.0,457.0,449.0,452.0,17200,0.0,0.0
2022-02-18 00:00:00+09:00,452.0,470.0,446.0,466.0,22400,0.0,0.0
2022-02-21 00:00:00+09:00,467.0,467.0,453.0,462.0,13900,0.0,0.0
2022-02-22 00:00:00+09:00,459.0,459.0,445.0,451.0,20300,0.0,0.0
2022-02-24 00:00:00+09:00,451.0,451.0,431.0,445.0,34900,0.0,0.0
2022-02-25 00:00:00+09:00,441.0,449.0,441.0,448.0,6600,0.0,0.0
2022-02-28 00:00:00+09:00,447.0,452.0,444.0,452.0,8900,0.0,0.0
2022-03-01 00:00:00+09:00,453.0,465.0,451.0,463.0,14100,0.0,0.0
2022-03-02 00:00:00+09:00,470.0,470.0,457.0,460.0,15300,0.0,0.0
2022-03-03 00:00:00+09:00,466.0,466.0,451.0,464.0,15900,0.0,0.0
2022-03-04 00:00:00+09:00,464.0,464.0,444.0,446.0,15400,0.0,0.0
2022-03-07 00:00:00+09:00,441.0,441.0,425.0,431.0,37500,0.0,0.0
2022-03-08 00:00:00+09:00,423.0,431.0,411.0,417.0,25000,0.0,0.0
2022-03-09 00:00:00+09:00,417.0,459.0,417.0,428.0,106900,0.0,0.0
2022-03-10 00:00:00+09:00,436.0,453.0,436.0,445.0,31400,0.0,0.0
2022-03-11 00:00:00+09:00,434.0,464.0,434.0,464.0,55500,0.0,0.0
2022-03-14 00:00:00+09:00,471.0,480.0,446.0,466.0,51500,0.0,0.0
2022-03-15 00:00:00+09:00,467.0,469.0,459.0,464.0,15400,0.0,0.0
2022-03-16 00:00:00+09:00,467.0,469.0,464.0,469.0,7900,0.0,0.0
2022-03-17 00:00:00+09:00,467.0,470.0,463.0,465.0,12500,0.0,0.0
2022-03-18 00:00:00+09:00,469.0,469.0,458.0,463.0,12900,0.0,0.0
2022-03-22 00:00:00+09:00,462.0,464.0,457.0,461.0,13000,0.0,0.0
2022-03-23 00:00:00+09:00,460.0,461.0,450.0,460.0,24000,0.0,0.0
2022-03-24 00:00:00+09:00,457.0,464.0,457.0,462.0,3700,0.0,0.0
2022-03-25 00:00:00+09:00,466.0,467.0,459.0,460.0,8200,0.0,0.0
2022-03-28 00:00:00+09:00,461.0,465.0,457.0,463.0,7100,0.0,0.0
2022-03-29 00:00:00+09:00,463.0,465.0,460.0,465.0,7700,0.0,0.0
2022-03-30 00:00:00+09:00,457.0,462.0,456.0,462.0,10100,0.0,0.0
2022-03-31 00:00:00+09:00,459.0,473.0,459.0,463.0,11200,0.0,0.0
2022-04-01 00:00:00+09:00,464.0,465.0,452.0,462.0,5100,0.0,0.0
2022-04-04 00:00:00+09:00,461.0,461.0,455.0,456.0,8300,0.0,0.0
2022-04-05 00:00:00+09:00,455.0,456.0,444.0,447.0,34200,0.0,0.0
2022-04-06 00:00:00+09:00,449.0,449.0,438.0,442.0,10400,0.0,0.0
2022-04-07 00:00:00+09:00,439.0,442.0,435.0,442.0,7900,0.0,0.0
2022-04-08 00:00:00+09:00,444.0,452.0,440.0,445.0,4200,0.0,0.0
2022-04-11 00:00:00+09:00,449.0,475.0,448.0,460.0,62900,0.0,0.0
2022-04-12 00:00:00+09:00,468.0,468.0,454.0,462.0,27200,0.0,0.0
2022-04-13 00:00:00+09:00,462.0,465.0,456.0,463.0,6900,0.0,0.0
2022-04-14 00:00:00+09:00,463.0,464.0,457.0,462.0,6100,0.0,0.0
2022-04-15 00:00:00+09:00,460.0,469.0,459.0,464.0,9700,0.0,0.0
2022-04-18 00:00:00+09:00,464.0,464.0,456.0,462.0,11000,0.0,0.0
2022-04-19 00:00:00+09:00,466.0,466.0,460.0,462.0,6200,0.0,0.0
2022-04-20 00:00:00+09:00,460.0,463.0,458.0,458.0,7300,0.0,0.0
2022-04-21 00:00:00+09:00,458.0,461.0,458.0,461.0,4000,0.0,0.0
2022-04-22 00:00:00+09:00,457.0,460.0,455.0,458.0,7000,0.0,0.0
2022-04-25 00:00:00+09:00,459.0,460.0,452.0,455.0,12800,0.0,0.0
2022-04-26 00:00:00+09:00,455.0,457.0,453.0,456.0,3600,0.0,0.0
2022-04-27 00:00:00+09:00,451.0,455.0,449.0,455.0,9600,0.0,0.0
2022-04-28 00:00:00+09:00,453.0,460.0,453.0,456.0,5600,0.0,0.0
2022-05-02 00:00:00+09:00,456.0,463.0,453.0,453.0,8700,0.0,0.0
2022-05-06 00:00:00+09:00,460.0,460.0,451.0,456.0,6800,0.0,0.0
2022-05-09 00:00:00+09:00,456.0,456.0,453.0,454.0,3200,0.0,0.0
2022-05-10 00:00:00+09:00,462.0,463.0,456.0,463.0,5700,0.0,0.0
2022-05-11 00:00:00+09:00,454.0,457.0,442.0,451.0,17500,0.0,0.0
2022-05-12 00:00:00+09:00,451.0,451.0,444.0,450.0,12200,0.0,0.0
2022-05-13 00:00:00+09:00,446.0,446.0,433.0,440.0,32500,0.0,0.0
2022-05-16 00:00:00+09:00,436.0,440.0,433.0,434.0,7500,0.0,0.0
2022-05-17 00:00:00+09:00,434.0,434.0,429.0,431.0,8800,0.0,0.0
2022-05-18 00:00:00+09:00,434.0,440.0,434.0,438.0,3900,0.0,0.0
2022-05-19 00:00:00+09:00,435.0,435.0,429.0,435.0,10000,0.0,0.0
2022-05-20 00:00:00+09:00,434.0,437.0,434.0,437.0,4500,0.0,0.0
2022-05-23 00:00:00+09:00,437.0,440.0,433.0,437.0,11800,0.0,0.0
2022-05-24 00:00:00+09:00,435.0,435.0,428.0,435.0,15300,0.0,0.0
2022-05-25 00:00:00+09:00,435.0,435.0,429.0,431.0,6200,0.0,0.0
2022-05-26 00:00:00+09:00,430.0,433.0,428.0,429.0,13000,0.0,0.0
2022-05-27 00:00:00+09:00,429.0,429.0,424.0,426.0,7300,0.0,0.0
2022-05-30 00:00:00+09:00,423.0,428.0,421.0,425.0,17200,0.0,0.0
2022-05-31 00:00:00+09:00,425.0,425.0,421.0,425.0,11100,0.0,0.0
2022-06-01 00:00:00+09:00,426.0,430.0,422.0,429.0,12300,0.0,0.0
2022-06-02 00:00:00+09:00,432.0,435.0,430.0,432.0,11200,0.0,0.0
2022-06-03 00:00:00+09:00,434.0,434.0,430.0,430.0,3700,0.0,0.0
2022-06-06 00:00:00+09:00,430.0,436.0,430.0,432.0,7300,0.0,0.0
2022-06-07 00:00:00+09:00,432.0,437.0,432.0,437.0,4800,0.0,0.0
2022-06-08 00:00:00+09:00,439.0,442.0,437.0,442.0,7200,0.0,0.0
2022-06-09 00:00:00+09:00,445.0,450.0,444.0,448.0,12600,0.0,0.0
2022-06-10 00:00:00+09:00,448.0,449.0,445.0,449.0,4200,0.0,0.0
2022-06-13 00:00:00+09:00,449.0,451.0,445.0,445.0,31900,0.0,0.0
2022-06-14 00:00:00+09:00,444.0,445.0,438.0,441.0,11200,0.0,0.0
2022-06-15 00:00:00+09:00,438.0,440.0,437.0,437.0,4100,0.0,0.0
2022-06-16 00:00:00+09:00,438.0,442.0,438.0,439.0,2900,0.0,0.0
2022-06-17 00:00:00+09:00,435.0,437.0,435.0,435.0,9500,0.0,0.0
2022-06-20 00:00:00+09:00,442.0,442.0,426.0,429.0,12400,0.0,0.0
2022-06-21 00:00:00+09:00,433.0,433.0,427.0,432.0,8200,0.0,0.0
2022-06-22 00:00:00+09:00,432.0,434.0,432.0,433.0,900,0.0,0.0
2022-06-23 00:00:00+09:00,433.0,435.0,430.0,434.0,2500,0.0,0.0
2022-06-24 00:00:00+09:00,434.0,435.0,431.0,435.0,4500,0.0,0.0
2022-06-27 00:00:00+09:00,441.0,448.0,441.0,443.0,10400,0.0,0.0
2022-06-28 00:00:00+09:00,443.0,449.0,441.0,441.0,14300,0.0,0.0
2022-06-29 00:00:00+09:00,441.0,447.0,435.0,445.0,7800,0.0,0.0
2022-06-30 00:00:00+09:00,445.0,446.0,440.0,444.0,3300,0.0,0.0
2022-07-01 00:00:00+09:00,445.0,450.0,443.0,450.0,13300,0.0,0.0
2022-07-04 00:00:00+09:00,450.0,453.0,446.0,446.0,3300,0.0,0.0
2022-07-05 00:00:00+09:00,448.0,448.0,444.0,445.0,3000,0.0,0.0
2022-07-06 00:00:00+09:00,443.0,447.0,443.0,447.0,5400,0.0,0.0
2022-07-07 00:00:00+09:00,444.0,448.0,440.0,445.0,2700,0.0,0.0
2022-07-08 00:00:00+09:00,447.0,447.0,441.0,444.0,12900,0.0,0.0
2022-07-11 00:00:00+09:00,446.0,446.0,442.0,445.0,3400,0.0,0.0
2022-07-12 00:00:00+09:00,449.0,449.0,445.0,449.0,8800,0.0,0.0
2022-07-13 00:00:00+09:00,449.0,449.0,445.0,445.0,8400,0.0,0.0
2022-07-14 00:00:00+09:00,443.0,445.0,442.0,444.0,1600,0.0,0.0
2022-07-15 00:00:00+09:00,444.0,451.0,441.0,447.0,16300,0.0,0.0
2022-07-19 00:00:00+09:00,446.0,450.0,445.0,447.0,5500,0.0,0.0
2022-07-20 00:00:00+09:00,451.0,452.0,443.0,450.0,4900,0.0,0.0
2022-07-21 00:00:00+09:00,446.0,448.0,445.0,448.0,2500,0.0,0.0
2022-07-22 00:00:00+09:00,448.0,448.0,445.0,448.0,4400,0.0,0.0
2022-07-25 00:00:00+09:00,448.0,448.0,442.0,447.0,9300,0.0,0.0
2022-07-26 00:00:00+09:00,445.0,445.0,442.0,444.0,9300,0.0,0.0
2022-07-27 00:00:00+09:00,444.0,444.0,441.0,443.0,3700,0.0,0.0
2022-07-28 00:00:00+09:00,443.0,446.0,440.0,440.0,4500,0.0,0.0
2022-07-29 00:00:00+09:00,442.0,444.0,439.0,439.0,13900,0.0,0.0
2022-08-01 00:00:00+09:00,441.0,442.0,438.0,439.0,3400,0.0,0.0
2022-08-02 00:00:00+09:00,443.0,443.0,435.0,442.0,7800,0.0,0.0
2022-08-03 00:00:00+09:00,439.0,441.0,438.0,441.0,2000,0.0,0.0
2022-08-04 00:00:00+09:00,437.0,441.0,437.0,440.0,8200,0.0,0.0
2022-08-05 00:00:00+09:00,438.0,443.0,438.0,443.0,2000,0.0,0.0
2022-08-08 00:00:00+09:00,440.0,444.0,439.0,440.0,9000,0.0,0.0
2022-08-09 00:00:00+09:00,438.0,438.0,436.0,438.0,5500,0.0,0.0
2022-08-10 00:00:00+09:00,436.0,441.0,436.0,437.0,5800,0.0,0.0
2022-08-12 00:00:00+09:00,437.0,440.0,432.0,438.0,27000,0.0,0.0
2022-08-15 00:00:00+09:00,438.0,438.0,435.0,435.0,7000,0.0,0.0
2022-08-16 00:00:00+09:00,438.0,440.0,433.0,437.0,8400,0.0,0.0
2022-08-17 00:00:00+09:00,435.0,440.0,435.0,435.0,5000,0.0,0.0
2022-08-18 00:00:00+09:00,438.0,439.0,436.0,439.0,2800,0.0,0.0
2022-08-19 00:00:00+09:00,437.0,441.0,434.0,434.0,14400,0.0,0.0
2022-08-22 00:00:00+09:00,435.0,436.0,434.0,435.0,1500,0.0,0.0
2022-08-23 00:00:00+09:00,434.0,434.0,431.0,434.0,5200,0.0,0.0
2022-08-24 00:00:00+09:00,433.0,436.0,433.0,436.0,6600,0.0,0.0
2022-08-25 00:00:00+09:00,436.0,437.0,433.0,436.0,8900,0.0,0.0
2022-08-26 00:00:00+09:00,433.0,435.0,430.0,431.0,33800,0.0,0.0
2022-08-29 00:00:00+09:00,429.0,444.0,427.0,436.0,32000,0.0,0.0
2022-08-30 00:00:00+09:00,439.0,450.0,428.0,447.0,53900,0.0,0.0
2022-08-31 00:00:00+09:00,460.0,491.0,460.0,467.0,365700,0.0,0.0
2022-09-01 00:00:00+09:00,460.0,465.0,452.0,454.0,50600,0.0,0.0
2022-09-02 00:00:00+09:00,455.0,463.0,453.0,455.0,13500,0.0,0.0
2022-09-05 00:00:00+09:00,453.0,460.0,446.0,457.0,28700,0.0,0.0
2022-09-06 00:00:00+09:00,462.0,462.0,456.0,458.0,16800,0.0,0.0
2022-09-07 00:00:00+09:00,460.0,464.0,449.0,449.0,21500,0.0,0.0
2022-09-08 00:00:00+09:00,462.0,467.0,442.0,447.0,27900,0.0,0.0
2022-09-09 00:00:00+09:00,440.0,448.0,440.0,448.0,15300,0.0,0.0
2022-09-12 00:00:00+09:00,448.0,454.0,448.0,451.0,7200,0.0,0.0
2022-09-13 00:00:00+09:00,451.0,451.0,443.0,447.0,6500,0.0,0.0
2022-09-14 00:00:00+09:00,438.0,443.0,437.0,439.0,7700,0.0,0.0
2022-09-15 00:00:00+09:00,438.0,440.0,438.0,438.0,7800,0.0,0.0
2022-09-16 00:00:00+09:00,438.0,438.0,432.0,435.0,12700,0.0,0.0
2022-09-20 00:00:00+09:00,436.0,440.0,433.0,437.0,5500,0.0,0.0
2022-09-21 00:00:00+09:00,435.0,442.0,432.0,442.0,4500,0.0,0.0
2022-09-22 00:00:00+09:00,442.0,443.0,436.0,442.0,6700,0.0,0.0
2022-09-26 00:00:00+09:00,444.0,444.0,431.0,432.0,9900,0.0,0.0
2022-09-27 00:00:00+09:00,434.0,436.0,430.0,432.0,6100,0.0,0.0
2022-09-28 00:00:00+09:00,431.0,432.0,423.0,426.0,11600,0.0,0.0
2022-09-29 00:00:00+09:00,427.0,430.0,427.0,428.0,2200,0.0,0.0
2022-09-30 00:00:00+09:00,429.0,430.0,421.0,421.0,5500,0.0,0.0
2022-10-03 00:00:00+09:00,424.0,424.0,420.0,424.0,14900,0.0,0.0
2022-10-04 00:00:00+09:00,430.0,439.0,425.0,432.0,16000,0.0,0.0
2022-10-05 00:00:00+09:00,440.0,440.0,430.0,430.0,30200,0.0,0.0
2022-10-06 00:00:00+09:00,430.0,437.0,427.0,433.0,10700,0.0,0.0
2022-10-07 00:00:00+09:00,435.0,436.0,430.0,434.0,6500,0.0,0.0
2022-10-11 00:00:00+09:00,427.0,436.0,425.0,428.0,7500,0.0,0.0
2022-10-12 00:00:00+09:00,428.0,430.0,428.0,428.0,4300,0.0,0.0
2022-10-13 00:00:00+09:00,430.0,433.0,428.0,428.0,5900,0.0,0.0
2022-10-14 00:00:00+09:00,436.0,436.0,428.0,432.0,4300,0.0,0.0
2022-10-17 00:00:00+09:00,432.0,432.0,425.0,430.0,6500,0.0,0.0
2022-10-18 00:00:00+09:00,436.0,436.0,430.0,435.0,2700,0.0,0.0
2022-10-19 00:00:00+09:00,435.0,435.0,431.0,432.0,2500,0.0,0.0
2022-10-20 00:00:00+09:00,432.0,432.0,429.0,429.0,4200,0.0,0.0
2022-10-21 00:00:00+09:00,432.0,432.0,429.0,429.0,4000,0.0,0.0
2022-10-24 00:00:00+09:00,431.0,431.0,429.0,431.0,1800,0.0,0.0
2022-10-25 00:00:00+09:00,445.0,451.0,436.0,450.0,47200,0.0,0.0
2022-10-26 00:00:00+09:00,450.0,450.0,445.0,449.0,8800,0.0,0.0
2022-10-27 00:00:00+09:00,447.0,448.0,431.0,447.0,14600,0.0,0.0
2022-10-28 00:00:00+09:00,446.0,446.0,438.0,444.0,2300,0.0,0.0
2022-10-31 00:00:00+09:00,451.0,472.0,450.0,462.0,156700,0.0,0.0
2022-11-01 00:00:00+09:00,475.0,478.0,469.0,475.0,70600,0.0,0.0
2022-11-02 00:00:00+09:00,475.0,477.0,465.0,465.0,22900,0.0,0.0
2022-11-04 00:00:00+09:00,466.0,466.0,453.0,456.0,13400,0.0,0.0
2022-11-07 00:00:00+09:00,456.0,464.0,453.0,464.0,9600,0.0,0.0
2022-11-08 00:00:00+09:00,467.0,467.0,456.0,458.0,9200,0.0,0.0
2022-11-09 00:00:00+09:00,464.0,464.0,457.0,460.0,5000,0.0,0.0
2022-11-10 00:00:00+09:00,459.0,466.0,453.0,460.0,21800,0.0,0.0
2022-11-11 00:00:00+09:00,460.0,460.0,446.0,450.0,25700,0.0,0.0
2022-11-14 00:00:00+09:00,450.0,452.0,445.0,446.0,12600,0.0,0.0
2022-11-15 00:00:00+09:00,442.0,443.0,438.0,442.0,11600,0.0,0.0
2022-11-16 00:00:00+09:00,437.0,446.0,437.0,439.0,18300,0.0,0.0
2022-11-17 00:00:00+09:00,443.0,445.0,440.0,441.0,5200,0.0,0.0
2022-11-18 00:00:00+09:00,442.0,442.0,439.0,442.0,2700,0.0,0.0
2022-11-21 00:00:00+09:00,440.0,443.0,438.0,442.0,4700,0.0,0.0
2022-11-22 00:00:00+09:00,443.0,445.0,439.0,444.0,6000,0.0,0.0
2022-11-24 00:00:00+09:00,443.0,447.0,440.0,440.0,11300,0.0,0.0
2022-11-25 00:00:00+09:00,443.0,445.0,442.0,442.0,4900,0.0,0.0
2022-11-28 00:00:00+09:00,443.0,446.0,440.0,445.0,7400,0.0,0.0
2022-11-29 00:00:00+09:00,444.0,444.0,441.0,442.0,1700,0.0,0.0
2022-11-30 00:00:00+09:00,440.0,446.0,440.0,443.0,4300,0.0,0.0
2022-12-01 00:00:00+09:00,443.0,445.0,442.0,443.0,5900,0.0,0.0
2022-12-02 00:00:00+09:00,443.0,443.0,440.0,440.0,9000,0.0,0.0
2022-12-05 00:00:00+09:00,440.0,444.0,437.0,437.0,11600,0.0,0.0
2022-12-06 00:00:00+09:00,439.0,439.0,437.0,437.0,3400,0.0,0.0
2022-12-07 00:00:00+09:00,439.0,446.0,437.0,439.0,9300,0.0,0.0
2022-12-08 00:00:00+09:00,444.0,444.0,438.0,438.0,3300,0.0,0.0
2022-12-09 00:00:00+09:00,440.0,440.0,436.0,436.0,17400,0.0,0.0
2022-12-12 00:00:00+09:00,437.0,440.0,437.0,438.0,9600,0.0,0.0
2022-12-13 00:00:00+09:00,439.0,443.0,439.0,443.0,6500,0.0,0.0
2022-12-14 00:00:00+09:00,446.0,447.0,440.0,443.0,13500,0.0,0.0
2022-12-15 00:00:00+09:00,443.0,443.0,438.0,443.0,9800,0.0,0.0
2022-12-16 00:00:00+09:00,446.0,446.0,437.0,438.0,7300,0.0,0.0
2022-12-19 00:00:00+09:00,442.0,445.0,434.0,438.0,20700,0.0,0.0
2022-12-20 00:00:00+09:00,437.0,437.0,426.0,428.0,20700,0.0,0.0
2022-12-21 00:00:00+09:00,427.0,432.0,427.0,428.0,7400,0.0,0.0
2022-12-22 00:00:00+09:00,430.0,433.0,429.0,431.0,6800,0.0,0.0
2022-12-23 00:00:00+09:00,429.0,430.0,425.0,430.0,11500,0.0,0.0
2022-12-26 00:00:00+09:00,433.0,433.0,422.0,427.0,20700,0.0,0.0
2022-12-27 00:00:00+09:00,428.0,430.0,422.0,423.0,15400,0.0,0.0
2022-12-28 00:00:00+09:00,424.0,424.0,417.0,418.0,45400,0.0,0.0
2022-12-29 00:00:00+09:00,418.0,420.0,415.0,419.0,7500,0.0,0.0
2022-12-30 00:00:00+09:00,424.0,426.0,420.0,426.0,5400,0.0,0.0
2023-01-04 00:00:00+09:00,426.0,430.0,417.0,427.0,8200,0.0,0.0
2023-01-05 00:00:00+09:00,423.0,430.0,420.0,430.0,6800,0.0,0.0
2023-01-06 00:00:00+09:00,430.0,432.0,423.0,425.0,2800,0.0,0.0
2023-01-10 00:00:00+09:00,423.0,427.0,423.0,424.0,3200,0.0,0.0
2023-01-11 00:00:00+09:00,426.0,426.0,413.0,424.0,10900,0.0,0.0
2023-01-12 00:00:00+09:00,424.0,424.0,421.0,424.0,8200,0.0,0.0
2023-01-13 00:00:00+09:00,422.0,430.0,413.0,426.0,13900,0.0,0.0
2023-01-16 00:00:00+09:00,427.0,429.0,421.0,422.0,2100,0.0,0.0
2023-01-17 00:00:00+09:00,422.0,423.0,422.0,423.0,2200,0.0,0.0
2023-01-18 00:00:00+09:00,425.0,425.0,422.0,425.0,2500,0.0,0.0
2023-01-19 00:00:00+09:00,424.0,425.0,423.0,423.0,1200,0.0,0.0
2023-01-20 00:00:00+09:00,423.0,427.0,423.0,427.0,3800,0.0,0.0
2023-01-23 00:00:00+09:00,428.0,428.0,423.0,424.0,3700,0.0,0.0
2023-01-24 00:00:00+09:00,427.0,428.0,424.0,428.0,3800,0.0,0.0
2023-01-25 00:00:00+09:00,428.0,428.0,426.0,428.0,3000,0.0,0.0
2023-01-26 00:00:00+09:00,435.0,436.0,429.0,430.0,16200,0.0,0.0
2023-01-27 00:00:00+09:00,431.0,437.0,431.0,437.0,2900,0.0,0.0
2023-01-30 00:00:00+09:00,440.0,440.0,433.0,437.0,10500,0.0,0.0
2023-01-31 00:00:00+09:00,437.0,437.0,430.0,430.0,2700,0.0,0.0
2023-02-01 00:00:00+09:00,431.0,436.0,429.0,436.0,2600,0.0,0.0
2023-02-02 00:00:00+09:00,436.0,436.0,429.0,436.0,5200,0.0,0.0
2023-02-03 00:00:00+09:00,432.0,432.0,429.0,429.0,1400,0.0,0.0
2023-02-06 00:00:00+09:00,429.0,431.0,427.0,427.0,11300,0.0,0.0
2023-02-07 00:00:00+09:00,429.0,432.0,428.0,432.0,5700,0.0,0.0
2023-02-08 00:00:00+09:00,431.0,431.0,428.0,428.0,1600,0.0,0.0
2023-02-09 00:00:00+09:00,430.0,432.0,428.0,432.0,3300,0.0,0.0
2023-02-10 00:00:00+09:00,432.0,432.0,427.0,430.0,8800,0.0,0.0
2023-02-13 00:00:00+09:00,430.0,430.0,421.0,423.0,15700,0.0,0.0
2023-02-14 00:00:00+09:00,424.0,425.0,416.0,418.0,20500,0.0,0.0
2023-02-15 00:00:00+09:00,419.0,420.0,414.0,416.0,14000,0.0,0.0
2023-02-16 00:00:00+09:00,416.0,419.0,413.0,413.0,7100,0.0,0.0
2023-02-17 00:00:00+09:00,416.0,420.0,413.0,413.0,12900,0.0,0.0
2023-02-20 00:00:00+09:00,417.0,418.0,415.0,417.0,3100,0.0,0.0
2023-02-21 00:00:00+09:00,417.0,420.0,414.0,420.0,8700,0.0,0.0
2023-02-22 00:00:00+09:00,419.0,425.0,413.0,424.0,30400,0.0,0.0
2023-02-24 00:00:00+09:00,424.0,430.0,423.0,423.0,19000,0.0,0.0
2023-02-27 00:00:00+09:00,421.0,428.0,421.0,423.0,11400,0.0,0.0
2023-02-28 00:00:00+09:00,425.0,428.0,422.0,426.0,6000,0.0,0.0
2023-03-01 00:00:00+09:00,424.0,425.0,421.0,423.0,4900,0.0,0.0
2023-03-02 00:00:00+09:00,423.0,427.0,417.0,420.0,7800,0.0,0.0
2023-03-03 00:00:00+09:00,421.0,426.0,420.0,422.0,5300,0.0,0.0
2023-03-06 00:00:00+09:00,427.0,427.0,421.0,421.0,5100,0.0,0.0
2023-03-07 00:00:00+09:00,424.0,424.0,420.0,421.0,8800,0.0,0.0
2023-03-08 00:00:00+09:00,421.0,422.0,417.0,421.0,12100,0.0,0.0
2023-03-09 00:00:00+09:00,421.0,426.0,421.0,422.0,11000,0.0,0.0
2023-03-10 00:00:00+09:00,422.0,425.0,419.0,420.0,6200,0.0,0.0
2023-03-13 00:00:00+09:00,420.0,420.0,414.0,416.0,30000,0.0,0.0
2023-03-14 00:00:00+09:00,417.0,417.0,414.0,415.0,10000,0.0,0.0
2023-03-15 00:00:00+09:00,414.0,420.0,412.0,420.0,11800,0.0,0.0
2023-03-16 00:00:00+09:00,425.0,425.0,415.0,417.0,14600,0.0,0.0
2023-03-17 00:00:00+09:00,440.0,450.0,436.0,446.0,167000,0.0,0.0
2023-03-20 00:00:00+09:00,456.0,460.0,451.0,457.0,55800,0.0,0.0
2023-03-22 00:00:00+09:00,460.0,466.0,452.0,465.0,40900,0.0,0.0
2023-03-23 00:00:00+09:00,457.0,465.0,457.0,464.0,11900,0.0,0.0
2023-03-24 00:00:00+09:00,465.0,465.0,450.0,458.0,25200,0.0,0.0
2023-03-27 00:00:00+09:00,464.0,464.0,443.0,448.0,27900,0.0,0.0
2023-03-28 00:00:00+09:00,448.0,448.0,444.0,447.0,5200,0.0,0.0
2023-03-29 00:00:00+09:00,449.0,450.0,445.0,447.0,6000,0.0,0.0
2023-03-30 00:00:00+09:00,445.0,448.0,445.0,445.0,3500,0.0,0.0
2023-03-31 00:00:00+09:00,453.0,453.0,440.0,441.0,7700,0.0,0.0
2023-04-03 00:00:00+09:00,441.0,455.0,437.0,443.0,10800,0.0,0.0
2023-04-04 00:00:00+09:00,448.0,448.0,440.0,448.0,7500,0.0,0.0
2023-04-05 00:00:00+09:00,450.0,453.0,445.0,445.0,12000,0.0,0.0
2023-04-06 00:00:00+09:00,441.0,446.0,441.0,441.0,11100,0.0,0.0
2023-04-07 00:00:00+09:00,441.0,446.0,441.0,444.0,11500,0.0,0.0
2023-04-10 00:00:00+09:00,448.0,453.0,443.0,445.0,5200,0.0,0.0
2023-04-11 00:00:00+09:00,444.0,447.0,443.0,447.0,3800,0.0,0.0
2023-04-12 00:00:00+09:00,447.0,450.0,447.0,447.0,11600,0.0,0.0
2023-04-13 00:00:00+09:00,448.0,450.0,447.0,448.0,5700,0.0,0.0
2023-04-14 00:00:00+09:00,451.0,454.0,448.0,454.0,9700,0.0,0.0
2023-04-17 00:00:00+09:00,456.0,460.0,452.0,453.0,18900,0.0,0.0
2023-04-18 00:00:00+09:00,453.0,456.0,450.0,450.0,9600,0.0,0.0
2023-04-19 00:00:00+09:00,452.0,452.0,446.0,446.0,5200,0.0,0.0
2023-04-20 00:00:00+09:00,449.0,449.0,441.0,442.0,7100,0.0,0.0
2023-04-21 00:00:00+09:00,442.0,445.0,442.0,442.0,1300,0.0,0.0
2023-04-24 00:00:00+09:00,455.0,455.0,444.0,450.0,3900,0.0,0.0
2023-04-25 00:00:00+09:00,455.0,455.0,442.0,447.0,12800,0.0,0.0
2023-04-26 00:00:00+09:00,453.0,454.0,444.0,444.0,6300,0.0,0.0
2023-04-27 00:00:00+09:00,444.0,450.0,444.0,444.0,2600,0.0,0.0
2023-04-28 00:00:00+09:00,446.0,446.0,443.0,443.0,4200,0.0,0.0
2023-05-01 00:00:00+09:00,442.0,448.0,442.0,445.0,13900,0.0,0.0
2023-05-02 00:00:00+09:00,447.0,447.0,442.0,444.0,4700,0.0,0.0
2023-05-08 00:00:00+09:00,446.0,446.0,442.0,445.0,4000,0.0,0.0
2023-05-09 00:00:00+09:00,443.0,446.0,443.0,444.0,2400,0.0,0.0
2023-05-10 00:00:00+09:00,445.0,445.0,441.0,441.0,9500,0.0,0.0
2023-05-11 00:00:00+09:00,441.0,443.0,440.0,441.0,7000,0.0,0.0
2023-05-12 00:00:00+09:00,441.0,443.0,441.0,441.0,7000,0.0,0.0
2023-05-15 00:00:00+09:00,460.0,466.0,450.0,453.0,54600,0.0,0.0
2023-05-16 00:00:00+09:00,453.0,453.0,450.0,450.0,6900,0.0,0.0
2023-05-17 00:00:00+09:00,450.0,450.0,445.0,448.0,7300,0.0,0.0
2023-05-18 00:00:00+09:00,455.0,455.0,445.0,447.0,4200,0.0,0.0
2023-05-19 00:00:00+09:00,444.0,446.0,442.0,442.0,28700,0.0,0.0
2023-05-22 00:00:00+09:00,449.0,449.0,443.0,443.0,10100,0.0,0.0
2023-05-23 00:00:00+09:00,443.0,447.0,432.0,432.0,48100,0.0,0.0
2023-05-24 00:00:00+09:00,434.0,440.0,433.0,437.0,9600,0.0,0.0
2023-05-25 00:00:00+09:00,440.0,441.0,437.0,438.0,1500,0.0,0.0
2023-05-26 00:00:00+09:00,440.0,441.0,436.0,436.0,5200,0.0,0.0
2023-05-29 00:00:00+09:00,445.0,445.0,436.0,441.0,8400,0.0,0.0
2023-05-30 00:00:00+09:00,476.0,519.0,473.0,482.0,1741200,0.0,0.0
2023-05-31 00:00:00+09:00,487.0,488.0,470.0,482.0,164800,0.0,0.0
2023-06-01 00:00:00+09:00,474.0,479.0,466.0,469.0,64500,0.0,0.0
2023-06-02 00:00:00+09:00,470.0,470.0,446.0,459.0,79400,0.0,0.0
2023-06-05 00:00:00+09:00,464.0,470.0,461.0,470.0,28100,0.0,0.0
2023-06-06 00:00:00+09:00,470.0,470.0,460.0,470.0,14100,0.0,0.0
2023-06-07 00:00:00+09:00,465.0,470.0,463.0,465.0,7300,0.0,0.0
2023-06-08 00:00:00+09:00,468.0,468.0,463.0,464.0,14400,0.0,0.0
2023-06-09 00:00:00+09:00,465.0,476.0,465.0,476.0,40800,0.0,0.0
2023-06-12 00:00:00+09:00,478.0,488.0,478.0,479.0,53600,0.0,0.0
2023-06-13 00:00:00+09:00,480.0,483.0,480.0,480.0,14500,0.0,0.0
2023-06-14 00:00:00+09:00,480.0,482.0,474.0,476.0,19900,0.0,0.0
2023-06-15 00:00:00+09:00,479.0,479.0,471.0,471.0,14400,0.0,0.0
2023-06-16 00:00:00+09:00,477.0,478.0,473.0,478.0,14100,0.0,0.0
2023-06-19 00:00:00+09:00,480.0,489.0,479.0,481.0,40200,0.0,0.0
2023-06-20 00:00:00+09:00,497.0,498.0,487.0,491.0,64100,0.0,0.0
2023-06-21 00:00:00+09:00,486.0,496.0,486.0,493.0,13300,0.0,0.0
2023-06-22 00:00:00+09:00,493.0,496.0,489.0,496.0,25400,0.0,0.0
2023-06-23 00:00:00+09:00,499.0,511.0,499.0,509.0,95500,0.0,0.0
2023-06-26 00:00:00+09:00,515.0,527.0,512.0,520.0,85000,0.0,0.0
2023-06-27 00:00:00+09:00,520.0,523.0,500.0,509.0,70500,0.0,0.0
2023-06-28 00:00:00+09:00,509.0,513.0,501.0,507.0,24500,0.0,0.0
2023-06-29 00:00:00+09:00,509.0,515.0,507.0,510.0,27700,0.0,0.0
2023-06-30 00:00:00+09:00,514.0,523.0,507.0,523.0,49000,0.0,0.0
2023-07-03 00:00:00+09:00,527.0,540.0,519.0,536.0,55800,0.0,0.0
2023-07-04 00:00:00+09:00,533.0,543.0,530.0,538.0,31600,0.0,0.0
2023-07-05 00:00:00+09:00,540.0,554.0,540.0,550.0,69000,0.0,0.0
2023-07-06 00:00:00+09:00,547.0,563.0,547.0,558.0,74000,0.0,0.0
2023-07-07 00:00:00+09:00,552.0,558.0,533.0,539.0,70800,0.0,0.0
2023-07-10 00:00:00+09:00,530.0,544.0,530.0,540.0,43100,0.0,0.0
2023-07-11 00:00:00+09:00,541.0,561.0,541.0,556.0,61100,0.0,0.0
2023-07-12 00:00:00+09:00,560.0,564.0,540.0,548.0,63000,0.0,0.0
2023-07-13 00:00:00+09:00,546.0,550.0,534.0,534.0,32900,0.0,0.0
2023-07-14 00:00:00+09:00,530.0,530.0,514.0,519.0,56200,0.0,0.0
2023-07-18 00:00:00+09:00,519.0,522.0,516.0,516.0,11200,0.0,0.0
2023-07-19 00:00:00+09:00,524.0,524.0,506.0,507.0,26800,0.0,0.0
2023-07-20 00:00:00+09:00,507.0,507.0,500.0,503.0,20400,0.0,0.0
2023-07-21 00:00:00+09:00,504.0,512.0,504.0,510.0,14400,0.0,0.0
2023-07-24 00:00:00+09:00,512.0,520.0,511.0,516.0,15500,0.0,0.0
2023-07-25 00:00:00+09:00,522.0,522.0,513.0,519.0,30000,0.0,0.0
2023-07-26 00:00:00+09:00,519.0,539.0,518.0,534.0,36800,0.0,0.0
2023-07-27 00:00:00+09:00,535.0,536.0,518.0,520.0,24000,0.0,0.0
2023-07-28 00:00:00+09:00,522.0,522.0,513.0,513.0,20100,0.0,0.0
2023-07-31 00:00:00+09:00,515.0,528.0,515.0,524.0,20100,0.0,0.0
2023-08-01 00:00:00+09:00,524.0,526.0,519.0,524.0,6600,0.0,0.0
2023-08-02 00:00:00+09:00,524.0,524.0,516.0,523.0,9100,0.0,0.0
2023-08-03 00:00:00+09:00,514.0,526.0,514.0,523.0,18200,0.0,0.0
2023-08-04 00:00:00+09:00,519.0,546.0,519.0,546.0,52700,0.0,0.0
2023-08-07 00:00:00+09:00,538.0,543.0,536.0,538.0,11400,0.0,0.0
2023-08-08 00:00:00+09:00,544.0,544.0,535.0,540.0,15400,0.0,0.0
2023-08-09 00:00:00+09:00,540.0,543.0,533.0,543.0,6900,0.0,0.0
2023-08-10 00:00:00+09:00,542.0,542.0,523.0,529.0,34400,0.0,0.0
2023-08-14 00:00:00+09:00,521.0,523.0,495.0,502.0,81600,0.0,0.0
2023-08-15 00:00:00+09:00,505.0,513.0,504.0,507.0,14900,0.0,0.0
2023-08-16 00:00:00+09:00,504.0,508.0,501.0,502.0,19800,0.0,0.0
2023-08-17 00:00:00+09:00,504.0,504.0,473.0,485.0,74300,0.0,0.0
2023-08-18 00:00:00+09:00,486.0,487.0,474.0,485.0,9100,0.0,0.0
2023-08-21 00:00:00+09:00,483.0,500.0,483.0,495.0,13600,0.0,0.0
2023-08-22 00:00:00+09:00,495.0,500.0,493.0,493.0,8900,0.0,0.0
2023-08-23 00:00:00+09:00,489.0,499.0,489.0,498.0,8200,0.0,0.0
2023-08-24 00:00:00+09:00,498.0,500.0,491.0,497.0,10100,0.0,0.0
2023-08-25 00:00:00+09:00,497.0,497.0,493.0,493.0,9000,0.0,0.0
2023-08-28 00:00:00+09:00,498.0,498.0,492.0,494.0,14700,0.0,0.0
2023-08-29 00:00:00+09:00,494.0,500.0,493.0,500.0,10500,0.0,0.0
2023-08-30 00:00:00+09:00,501.0,502.0,497.0,497.0,6400,0.0,0.0
2023-08-31 00:00:00+09:00,502.0,505.0,494.0,503.0,14300,0.0,0.0
2023-09-01 00:00:00+09:00,500.0,502.0,496.0,502.0,10100,0.0,0.0
2023-09-04 00:00:00+09:00,504.0,505.0,501.0,501.0,23400,0.0,0.0
2023-09-05 00:00:00+09:00,502.0,505.0,502.0,505.0,6900,0.0,0.0
2023-09-06 00:00:00+09:00,506.0,506.0,502.0,503.0,6800,0.0,0.0
2023-09-07 00:00:00+09:00,503.0,503.0,494.0,494.0,17100,0.0,0.0
2023-09-08 00:00:00+09:00,490.0,495.0,485.0,491.0,10000,0.0,0.0
2023-09-11 00:00:00+09:00,494.0,496.0,487.0,490.0,7500,0.0,0.0
2023-09-12 00:00:00+09:00,492.0,492.0,487.0,488.0,11400,0.0,0.0
2023-09-13 00:00:00+09:00,490.0,490.0,475.0,482.0,42300,0.0,0.0
2023-09-14 00:00:00+09:00,480.0,487.0,479.0,482.0,12900,0.0,0.0
2023-09-15 00:00:00+09:00,485.0,491.0,484.0,487.0,28900,0.0,0.0
2023-09-19 00:00:00+09:00,488.0,488.0,475.0,478.0,19300,0.0,0.0
2023-09-20 00:00:00+09:00,480.0,484.0,478.0,482.0,13500,0.0,0.0
2023-09-21 00:00:00+09:00,482.0,482.0,477.0,480.0,11700,0.0,0.0
2023-09-22 00:00:00+09:00,479.0,488.0,475.0,486.0,16600,0.0,0.0
2023-09-25 00:00:00+09:00,486.0,487.0,482.0,485.0,8200,0.0,0.0
2023-09-26 00:00:00+09:00,485.0,485.0,480.0,480.0,7000,0.0,0.0
2023-09-27 00:00:00+09:00,480.0,484.0,479.0,481.0,7500,0.0,0.0
2023-09-28 00:00:00+09:00,481.0,483.0,478.0,480.0,8000,0.0,0.0
2023-09-29 00:00:00+09:00,479.0,482.0,475.0,475.0,6700,0.0,0.0
2023-10-02 00:00:00+09:00,475.0,480.0,474.0,478.0,8600,0.0,0.0
2023-10-03 00:00:00+09:00,477.0,479.0,452.0,456.0,22100,0.0,0.0
2023-10-04 00:00:00+09:00,451.0,458.0,447.0,448.0,22700,0.0,0.0
2023-10-05 00:00:00+09:00,448.0,466.0,448.0,463.0,8700,0.0,0.0
2023-10-06 00:00:00+09:00,471.0,471.0,459.0,459.0,5700,0.0,0.0
2023-10-10 00:00:00+09:00,458.0,468.0,458.0,463.0,11500,0.0,0.0
2023-10-11 00:00:00+09:00,465.0,465.0,460.0,465.0,4200,0.0,0.0
2023-10-12 00:00:00+09:00,465.0,471.0,465.0,466.0,5300,0.0,0.0
2023-10-13 00:00:00+09:00,468.0,468.0,458.0,460.0,7800,0.0,0.0
2023-10-16 00:00:00+09:00,460.0,462.0,453.0,459.0,7700,0.0,0.0
2023-10-17 00:00:00+09:00,455.0,459.0,452.0,453.0,12900,0.0,0.0
2023-10-18 00:00:00+09:00,454.0,457.0,454.0,456.0,2400,0.0,0.0
2023-10-19 00:00:00+09:00,456.0,456.0,452.0,452.0,6400,0.0,0.0
2023-10-20 00:00:00+09:00,452.0,454.0,452.0,453.0,10300,0.0,0.0
2023-10-23 00:00:00+09:00,456.0,456.0,448.0,453.0,13700,0.0,0.0
2023-10-24 00:00:00+09:00,452.0,453.0,442.0,453.0,10600,0.0,0.0
2023-10-25 00:00:00+09:00,453.0,460.0,453.0,460.0,5500,0.0,0.0
2023-10-26 00:00:00+09:00,460.0,461.0,454.0,454.0,4000,0.0,0.0
2023-10-27 00:00:00+09:00,454.0,463.0,454.0,460.0,3900,0.0,0.0
2023-10-30 00:00:00+09:00,461.0,463.0,460.0,462.0,3800,0.0,0.0
2023-10-31 00:00:00+09:00,461.0,466.0,459.0,466.0,3300,0.0,0.0
2023-11-01 00:00:00+09:00,466.0,470.0,465.0,469.0,2200,0.0,0.0
2023-11-02 00:00:00+09:00,471.0,471.0,466.0,471.0,3600,0.0,0.0
2023-11-06 00:00:00+09:00,471.0,473.0,462.0,471.0,14700,0.0,0.0
2023-11-07 00:00:00+09:00,468.0,470.0,466.0,467.0,9200,0.0,0.0
2023-11-08 00:00:00+09:00,470.0,470.0,461.0,462.0,4100,0.0,0.0
2023-11-09 00:00:00+09:00,463.0,467.0,460.0,466.0,1200,0.0,0.0
2023-11-10 00:00:00+09:00,462.0,468.0,458.0,459.0,9200,0.0,0.0
2023-11-13 00:00:00+09:00,460.0,465.0,454.0,455.0,15800,0.0,0.0
2023-11-14 00:00:00+09:00,458.0,458.0,451.0,454.0,9400,0.0,0.0
2023-11-15 00:00:00+09:00,454.0,461.0,453.0,461.0,11700,0.0,0.0
2023-11-16 00:00:00+09:00,461.0,470.0,458.0,466.0,19500,0.0,0.0
2023-11-17 00:00:00+09:00,463.0,465.0,458.0,461.0,5200,0.0,0.0
2023-11-20 00:00:00+09:00,461.0,463.0,460.0,461.0,4400,0.0,0.0
2023-11-21 00:00:00+09:00,462.0,463.0,460.0,461.0,1300,0.0,0.0
2023-11-22 00:00:00+09:00,459.0,465.0,459.0,465.0,7800,0.0,0.0
2023-11-24 00:00:00+09:00,469.0,497.0,466.0,470.0,118900,0.0,0.0
2023-11-27 00:00:00+09:00,471.0,474.0,469.0,470.0,15700,0.0,0.0
2023-11-28 00:00:00+09:00,470.0,473.0,469.0,469.0,11200,0.0,0.0
2023-11-29 00:00:00+09:00,472.0,477.0,469.0,477.0,15300,0.0,0.0
2023-11-30 00:00:00+09:00,477.0,493.0,468.0,492.0,83800,0.0,0.0
2023-12-01 00:00:00+09:00,490.0,492.0,481.0,485.0,26500,0.0,0.0
2023-12-04 00:00:00+09:00,485.0,489.0,482.0,483.0,11800,0.0,0.0
2023-12-05 00:00:00+09:00,487.0,487.0,478.0,479.0,9600,0.0,0.0
2023-12-06 00:00:00+09:00,480.0,483.0,479.0,480.0,10700,0.0,0.0
2023-12-07 00:00:00+09:00,482.0,482.0,479.0,479.0,4200,0.0,0.0
2023-12-08 00:00:00+09:00,477.0,478.0,471.0,472.0,9600,0.0,0.0
2023-12-11 00:00:00+09:00,480.0,480.0,470.0,470.0,10000,0.0,0.0
2023-12-12 00:00:00+09:00,470.0,473.0,470.0,471.0,6900,0.0,0.0
2023-12-13 00:00:00+09:00,471.0,473.0,468.0,472.0,8300,0.0,0.0
2023-12-14 00:00:00+09:00,473.0,473.0,466.0,466.0,9800,0.0,0.0
2023-12-15 00:00:00+09:00,466.0,472.0,466.0,467.0,1600,0.0,0.0
2023-12-18 00:00:00+09:00,467.0,469.0,466.0,466.0,3400,0.0,0.0
2023-12-19 00:00:00+09:00,467.0,471.0,465.0,465.0,11300,0.0,0.0
2023-12-20 00:00:00+09:00,467.0,514.0,467.0,484.0,224600,0.0,0.0
2023-12-21 00:00:00+09:00,480.0,486.0,475.0,481.0,21900,0.0,0.0
2023-12-22 00:00:00+09:00,481.0,481.0,470.0,470.0,25100,0.0,0.0
2023-12-25 00:00:00+09:00,476.0,483.0,471.0,471.0,25000,0.0,0.0
2023-12-26 00:00:00+09:00,479.0,479.0,471.0,471.0,12200,0.0,0.0
2023-12-27 00:00:00+09:00,473.0,479.0,472.0,473.0,16800,0.0,0.0
2023-12-28 00:00:00+09:00,477.0,489.0,476.0,482.0,14200,0.0,0.0
2023-12-29 00:00:00+09:00,483.0,490.0,478.0,484.0,14500,0.0,0.0
2024-01-04 00:00:00+09:00,487.0,498.0,486.0,498.0,23300,0.0,0.0
2024-01-05 00:00:00+09:00,500.0,500.0,490.0,491.0,22400,0.0,0.0
2024-01-09 00:00:00+09:00,490.0,491.0,486.0,491.0,15500,0.0,0.0
2024-01-10 00:00:00+09:00,492.0,492.0,486.0,486.0,17500,0.0,0.0
2024-01-11 00:00:00+09:00,490.0,490.0,483.0,486.0,20200,0.0,0.0
2024-01-12 00:00:00+09:00,486.0,486.0,480.0,483.0,21300,0.0,0.0
2024-01-15 00:00:00+09:00,481.0,482.0,481.0,482.0,800,0.0,0.0
2024-01-16 00:00:00+09:00,481.0,486.0,481.0,483.0,4800,0.0,0.0
2024-01-17 00:00:00+09:00,485.0,486.0,476.0,476.0,17700,0.0,0.0
2024-01-18 00:00:00+09:00,480.0,481.0,474.0,480.0,7800,0.0,0.0
2024-01-19 00:00:00+09:00,482.0,482.0,476.0,478.0,9600,0.0,0.0
2024-01-22 00:00:00+09:00,480.0,484.0,478.0,483.0,19600,0.0,0.0
2024-01-23 00:00:00+09:00,485.0,486.0,475.0,475.0,21600,0.0,0.0
2024-01-24 00:00:00+09:00,479.0,481.0,475.0,480.0,9700,0.0,0.0
2024-01-25 00:00:00+09:00,482.0,485.0,479.0,480.0,11500,0.0,0.0
2024-01-26 00:00:00+09:00,480.0,485.0,480.0,484.0,11400,0.0,0.0
2024-01-29 00:00:00+09:00,485.0,487.0,482.0,484.0,8100,0.0,0.0
2024-01-30 00:00:00+09:00,484.0,485.0,482.0,485.0,6000,0.0,0.0
2024-01-31 00:00:00+09:00,485.0,490.0,483.0,489.0,20800,0.0,0.0
2024-02-01 00:00:00+09:00,485.0,491.0,485.0,487.0,39800,0.0,0.0
2024-02-02 00:00:00+09:00,487.0,487.0,485.0,485.0,5900,0.0,0.0
2024-02-05 00:00:00+09:00,486.0,487.0,484.0,487.0,21800,0.0,0.0
2024-02-06 00:00:00+09:00,487.0,487.0,483.0,483.0,10000,0.0,0.0
2024-02-07 00:00:00+09:00,482.0,487.0,480.0,483.0,19300,0.0,0.0
2024-02-08 00:00:00+09:00,481.0,484.0,481.0,482.0,5100,0.0,0.0
2024-02-09 00:00:00+09:00,480.0,482.0,477.0,481.0,13500,0.0,0.0
2024-02-13 00:00:00+09:00,483.0,486.0,481.0,484.0,19400,0.0,0.0
2024-02-14 00:00:00+09:00,485.0,489.0,476.0,478.0,34000,0.0,0.0
2024-02-15 00:00:00+09:00,479.0,481.0,471.0,472.0,21300,0.0,0.0
2024-02-16 00:00:00+09:00,472.0,478.0,471.0,475.0,14000,0.0,0.0
2024-02-19 00:00:00+09:00,478.0,481.0,476.0,481.0,16400,0.0,0.0
2024-02-20 00:00:00+09:00,481.0,481.0,478.0,480.0,3100,0.0,0.0
2024-02-21 00:00:00+09:00,483.0,485.0,478.0,485.0,12900,0.0,0.0
2024-02-22 00:00:00+09:00,486.0,486.0,478.0,478.0,12700,0.0,0.0
2024-02-26 00:00:00+09:00,483.0,486.0,480.0,484.0,15900,0.0,0.0
2024-02-27 00:00:00+09:00,485.0,487.0,482.0,485.0,6200,0.0,0.0
2024-02-28 00:00:00+09:00,487.0,487.0,483.0,487.0,11700,0.0,0.0
2024-02-29 00:00:00+09:00,487.0,488.0,483.0,487.0,6200,0.0,0.0
2024-03-01 00:00:00+09:00,488.0,490.0,488.0,488.0,13700,0.0,0.0
2024-03-04 00:00:00+09:00,492.0,492.0,489.0,490.0,24800,0.0,0.0
2024-03-05 00:00:00+09:00,486.0,490.0,485.0,488.0,14300,0.0,0.0
2024-03-06 00:00:00+09:00,488.0,488.0,484.0,484.0,19300,0.0,0.0
2024-03-07 00:00:00+09:00,486.0,488.0,483.0,484.0,11700,0.0,0.0
2024-03-08 00:00:00+09:00,485.0,486.0,482.0,485.0,7500,0.0,0.0
2024-03-11 00:00:00+09:00,486.0,489.0,482.0,482.0,26000,0.0,0.0
2024-03-12 00:00:00+09:00,482.0,485.0,481.0,483.0,14300,0.0,0.0
2024-03-13 00:00:00+09:00,485.0,485.0,480.0,481.0,13800,0.0,0.0
2024-03-14 00:00:00+09:00,485.0,488.0,480.0,485.0,12000,0.0,0.0
2024-03-15 00:00:00+09:00,486.0,486.0,478.0,478.0,13500,0.0,0.0
2024-03-18 00:00:00+09:00,479.0,484.0,479.0,483.0,11800,0.0,0.0
2024-03-19 00:00:00+09:00,482.0,486.0,480.0,483.0,17200,0.0,0.0
2024-03-21 00:00:00+09:00,486.0,495.0,486.0,490.0,49800,0.0,0.0
2024-03-22 00:00:00+09:00,490.0,495.0,490.0,493.0,39600,0.0,0.0
2024-03-25 00:00:00+09:00,523.0,527.0,511.0,524.0,186400,0.0,0.0
2024-03-26 00:00:00+09:00,514.0,527.0,505.0,507.0,66900,0.0,0.0
2024-03-27 00:00:00+09:00,508.0,528.0,508.0,522.0,61100,0.0,0.0
2024-03-28 00:00:00+09:00,505.0,516.0,505.0,506.0,29800,0.0,0.0
2024-03-29 00:00:00+09:00,516.0,516.0,505.0,507.0,31400,0.0,0.0
2024-04-01 00:00:00+09:00,508.0,519.0,507.0,516.0,33900,0.0,0.0
2024-04-02 00:00:00+09:00,520.0,522.0,505.0,505.0,64700,0.0,0.0
2024-04-03 00:00:00+09:00,534.0,570.0,511.0,536.0,531500,0.0,0.0
2024-04-04 00:00:00+09:00,546.0,562.0,541.0,546.0,216600,0.0,0.0
2024-04-05 00:00:00+09:00,559.0,590.0,548.0,580.0,254000,0.0,0.0
2024-04-08 00:00:00+09:00,574.0,608.0,574.0,598.0,209000,0.0,0.0
2024-04-09 00:00:00+09:00,613.0,649.0,601.0,630.0,270400,0.0,0.0
2024-04-10 00:00:00+09:00,630.0,630.0,611.0,620.0,111300,0.0,0.0
2024-04-11 00:00:00+09:00,620.0,643.0,610.0,633.0,105300,0.0,0.0
2024-04-12 00:00:00+09:00,633.0,633.0,617.0,626.0,71900,0.0,0.0
2024-04-15 00:00:00+09:00,614.0,616.0,582.0,586.0,138400,0.0,0.0
2024-04-16 00:00:00+09:00,582.0,605.0,581.0,592.0,92200,0.0,0.0
2024-04-17 00:00:00+09:00,592.0,597.0,570.0,579.0,66400,0.0,0.0
2024-04-18 00:00:00+09:00,570.0,593.0,570.0,582.0,41700,0.0,0.0
2024-04-19 00:00:00+09:00,582.0,597.0,568.0,597.0,53500,0.0,0.0
2024-04-22 00:00:00+09:00,617.0,639.0,598.0,622.0,163600,0.0,0.0
2024-04-23 00:00:00+09:00,625.0,630.0,610.0,618.0,55600,0.0,0.0
2024-04-24 00:00:00+09:00,618.0,618.0,604.0,608.0,45300,0.0,0.0
2024-04-25 00:00:00+09:00,607.0,633.0,607.0,629.0,63500,0.0,0.0
2024-04-26 00:00:00+09:00,622.0,622.0,602.0,606.0,58200,0.0,0.0
2024-04-30 00:00:00+09:00,605.0,620.0,601.0,617.0,36200,0.0,0.0
2024-05-01 00:00:00+09:00,616.0,626.0,613.0,619.0,25600,0.0,0.0
2024-05-02 00:00:00+09:00,615.0,617.0,604.0,612.0,17700,0.0,0.0
2024-05-07 00:00:00+09:00,607.0,623.0,602.0,621.0,42600,0.0,0.0
2024-05-08 00:00:00+09:00,615.0,622.0,603.0,605.0,32600,0.0,0.0
2024-05-09 00:00:00+09:00,604.0,609.0,596.0,607.0,34100,0.0,0.0
2024-05-10 00:00:00+09:00,608.0,618.0,602.0,614.0,33900,0.0,0.0
2024-05-13 00:00:00+09:00,614.0,639.0,612.0,617.0,91000,0.0,0.0
2024-05-14 00:00:00+09:00,624.0,628.0,609.0,624.0,54400,0.0,0.0
2024-05-15 00:00:00+09:00,614.0,623.0,581.0,581.0,100100,0.0,0.0
2024-05-16 00:00:00+09:00,581.0,587.0,573.0,577.0,42500,0.0,0.0
2024-05-17 00:00:00+09:00,578.0,596.0,578.0,595.0,28600,0.0,0.0
2024-05-20 00:00:00+09:00,595.0,595.0,582.0,587.0,20000,0.0,0.0
2024-05-21 00:00:00+09:00,585.0,598.0,585.0,593.0,33500,0.0,0.0
2024-05-22 00:00:00+09:00,590.0,591.0,572.0,575.0,31700,0.0,0.0
2024-05-23 00:00:00+09:00,578.0,579.0,567.0,570.0,21600,0.0,0.0
2024-05-24 00:00:00+09:00,570.0,572.0,560.0,562.0,26100,0.0,0.0
2024-05-27 00:00:00+09:00,562.0,569.0,562.0,563.0,6500,0.0,0.0
2024-05-28 00:00:00+09:00,561.0,568.0,549.0,550.0,32800,0.0,0.0
2024-05-29 00:00:00+09:00,546.0,558.0,541.0,541.0,39600,0.0,0.0
2024-05-30 00:00:00+09:00,538.0,556.0,535.0,547.0,31200,0.0,0.0
2024-05-31 00:00:00+09:00,543.0,556.0,531.0,554.0,38100,0.0,0.0
2024-06-03 00:00:00+09:00,561.0,565.0,543.0,547.0,14400,0.0,0.0
2024-06-04 00:00:00+09:00,549.0,549.0,542.0,543.0,7900,0.0,0.0
2024-06-05 00:00:00+09:00,542.0,543.0,530.0,541.0,29100,0.0,0.0
2024-06-06 00:00:00+09:00,535.0,544.0,533.0,544.0,20700,0.0,0.0
2024-06-07 00:00:00+09:00,544.0,567.0,542.0,554.0,50500,0.0,0.0
2024-06-10 00:00:00+09:00,554.0,555.0,540.0,540.0,14400,0.0,0.0
2024-06-11 00:00:00+09:00,541.0,559.0,541.0,551.0,23400,0.0,0.0
2024-06-12 00:00:00+09:00,551.0,552.0,547.0,552.0,13400,0.0,0.0
2024-06-13 00:00:00+09:00,552.0,552.0,541.0,549.0,13900,0.0,0.0
2024-06-14 00:00:00+09:00,549.0,551.0,539.0,540.0,25600,0.0,0.0
2024-06-17 00:00:00+09:00,548.0,549.0,541.0,545.0,11000,0.0,0.0
2024-06-18 00:00:00+09:00,546.0,573.0,541.0,552.0,48100,0.0,0.0
2024-06-19 00:00:00+09:00,557.0,568.0,552.0,559.0,21200,0.0,0.0
2024-06-20 00:00:00+09:00,567.0,567.0,550.0,556.0,7100,0.0,0.0
2024-06-21 00:00:00+09:00,564.0,579.0,552.0,579.0,36700,0.0,0.0
2024-06-24 00:00:00+09:00,628.0,628.0,582.0,582.0,154300,0.0,0.0
2024-06-25 00:00:00+09:00,591.0,591.0,572.0,575.0,40700,0.0,0.0
2024-06-26 00:00:00+09:00,584.0,597.0,577.0,592.0,32900,0.0,0.0
2024-06-27 00:00:00+09:00,600.0,606.0,596.0,604.0,24800,0.0,0.0
2024-06-28 00:00:00+09:00,605.0,605.0,592.0,603.0,29400,0.0,0.0
2024-07-01 00:00:00+09:00,608.0,608.0,597.0,597.0,20300,0.0,0.0
2024-07-02 00:00:00+09:00,587.0,595.0,582.0,582.0,35200,0.0,0.0
2024-07-03 00:00:00+09:00,583.0,591.0,582.0,583.0,17500,0.0,0.0
2024-07-04 00:00:00+09:00,583.0,586.0,580.0,582.0,4800,0.0,0.0
2024-07-05 00:00:00+09:00,583.0,584.0,579.0,579.0,16900,0.0,0.0
2024-07-08 00:00:00+09:00,577.0,583.0,576.0,576.0,14100,0.0,0.0
2024-07-09 00:00:00+09:00,576.0,578.0,572.0,572.0,21500,0.0,0.0
2024-07-10 00:00:00+09:00,571.0,574.0,558.0,562.0,20500,0.0,0.0
2024-07-11 00:00:00+09:00,562.0,573.0,559.0,569.0,18200,0.0,0.0
2024-07-12 00:00:00+09:00,569.0,579.0,569.0,575.0,16900,0.0,0.0
2024-07-16 00:00:00+09:00,577.0,586.0,576.0,577.0,17400,0.0,0.0
2024-07-17 00:00:00+09:00,580.0,583.0,578.0,580.0,7600,0.0,0.0
2024-07-18 00:00:00+09:00,583.0,583.0,578.0,578.0,17100,0.0,0.0
2024-07-19 00:00:00+09:00,575.0,578.0,572.0,573.0,6500,0.0,0.0
2024-07-22 00:00:00+09:00,575.0,575.0,562.0,567.0,14800,0.0,0.0
2024-07-23 00:00:00+09:00,564.0,571.0,562.0,567.0,12000,0.0,0.0
2024-07-24 00:00:00+09:00,568.0,569.0,545.0,554.0,18700,0.0,0.0
2024-07-25 00:00:00+09:00,554.0,554.0,538.0,543.0,28100,0.0,0.0
2024-07-26 00:00:00+09:00,539.0,557.0,539.0,555.0,17000,0.0,0.0
2024-07-29 00:00:00+09:00,562.0,562.0,525.0,556.0,15900,0.0,0.0
2024-07-30 00:00:00+09:00,553.0,554.0,548.0,552.0,6200,0.0,0.0
2024-07-31 00:00:00+09:00,551.0,556.0,545.0,555.0,8300,0.0,0.0
2024-08-01 00:00:00+09:00,555.0,555.0,530.0,531.0,16100,0.0,0.0
2024-08-02 00:00:00+09:00,516.0,517.0,491.0,500.0,40200,0.0,0.0
2024-08-05 00:00:00+09:00,474.0,477.0,424.0,424.0,57500,0.0,0.0
2024-08-06 00:00:00+09:00,450.0,475.0,450.0,460.0,37200,0.0,0.0
2024-08-07 00:00:00+09:00,444.0,480.0,444.0,471.0,29400,0.0,0.0
2024-08-08 00:00:00+09:00,469.0,475.0,467.0,468.0,14000,0.0,0.0
2024-08-09 00:00:00+09:00,468.0,482.0,468.0,472.0,8800,0.0,0.0
2024-08-13 00:00:00+09:00,474.0,493.0,474.0,493.0,17300,0.0,0.0
2024-08-14 00:00:00+09:00,495.0,510.0,495.0,510.0,20500,0.0,0.0
2024-08-15 00:00:00+09:00,515.0,525.0,499.0,509.0,33600,0.0,0.0
2024-08-16 00:00:00+09:00,513.0,513.0,481.0,498.0,20600,0.0,0.0
2024-08-19 00:00:00+09:00,498.0,503.0,496.0,496.0,18900,0.0,0.0
2024-08-20 00:00:00+09:00,496.0,501.0,496.0,497.0,6200,0.0,0.0
2024-08-21 00:00:00+09:00,499.0,499.0,490.0,495.0,20600,0.0,0.0
2024-08-22 00:00:00+09:00,495.0,501.0,494.0,501.0,13800,0.0,0.0
2024-08-23 00:00:00+09:00,504.0,504.0,500.0,501.0,7100,0.0,0.0
2024-08-26 00:00:00+09:00,500.0,505.0,500.0,501.0,6300,0.0,0.0
2024-08-27 00:00:00+09:00,501.0,502.0,498.0,500.0,2700,0.0,0.0
2024-08-28 00:00:00+09:00,500.0,500.0,496.0,500.0,4800,0.0,0.0
2024-08-29 00:00:00+09:00,498.0,500.0,497.0,500.0,7700,0.0,0.0
2024-08-30 00:00:00+09:00,497.0,504.0,497.0,503.0,7400,0.0,0.0
2024-09-02 00:00:00+09:00,500.0,500.0,490.0,496.0,25300,0.0,0.0
2024-09-05 00:00:00+09:00,480.0,494.0,480.0,484.0,11400,0.0,0.0
2024-09-06 00:00:00+09:00,485.0,485.0,477.0,478.0,8800,0.0,0.0
