Date,Open,High,Low,Close,Volume,Dividends,Stock Splits
2001-01-01 00:00:00+09:00,160.3314971923828,160.3314971923828,160.3314971923828,160.3314971923828,0,0.0,0.0
2001-01-02 00:00:00+09:00,160.3314971923828,160.3314971923828,160.3314971923828,160.3314971923828,0,0.0,0.0
2001-01-03 00:00:00+09:00,160.3314971923828,160.3314971923828,160.3314971923828,160.3314971923828,0,0.0,0.0
2001-01-04 00:00:00+09:00,162.41368581859635,165.88406372070312,162.41368581859635,165.88406372070312,9000,0.0,0.0
2001-01-05 00:00:00+09:00,165.8840456046906,174.21295166015625,165.8840456046906,174.21295166015625,35000,0.0,0.0
2001-01-08 00:00:00+09:00,174.21295166015625,174.21295166015625,174.21295166015625,174.21295166015625,0,0.0,0.0
2001-01-09 00:00:00+09:00,172.82480255896303,172.82480255896303,165.18997192382812,165.18997192382812,19000,0.0,0.0
2001-01-10 00:00:00+09:00,165.1899978572207,165.1899978572207,161.71961975097656,161.71961975097656,13000,0.0,0.0
2001-01-11 00:00:00+09:00,162.41371322890458,164.49594032158285,161.71963753134517,163.80186462402344,26000,0.0,0.0
2001-01-12 00:00:00+09:00,163.8018791036403,167.27225789820895,161.02557606798538,163.10780334472656,39000,0.0,0.0
2001-01-15 00:00:00+09:00,163.80185944930366,163.80185944930366,159.6374053955078,159.6374053955078,7000,0.0,0.0
2001-01-16 00:00:00+09:00,161.02553465775367,165.88406372070312,161.02553465775367,165.88406372070312,5000,0.0,0.0
2001-01-17 00:00:00+09:00,165.8840864762016,165.8840864762016,159.6374053955078,159.6374053955078,10000,0.0,0.0
2001-01-18 00:00:00+09:00,163.10780334472656,163.10780334472656,162.41372758581284,163.10780334472656,21000,0.0,0.0
2001-01-19 00:00:00+09:00,163.10777099347422,167.96630034221602,159.6373928872301,161.71961975097656,50000,0.0,0.0
2001-01-22 00:00:00+09:00,161.0255126953125,161.71958818106816,161.0255126953125,161.0255126953125,14000,0.0,0.0
2001-01-23 00:00:00+09:00,161.0255020603989,183.2359161376953,160.3314266204834,183.2359161376953,26000,0.0,0.0
2001-01-24 00:00:00+09:00,173.5189138365186,173.5189138365186,166.57815728305786,167.96630859375,29000,0.0,0.0
2001-01-25 00:00:00+09:00,167.9662830182898,172.82481186592628,167.9662830182898,171.43666076660156,15000,0.0,0.0
2001-01-26 00:00:00+09:00,171.43666076660156,172.13073631626392,171.43666076660156,171.43666076660156,32000,0.0,0.0
2001-01-29 00:00:00+09:00,172.13073631626392,172.13073631626392,171.43666076660156,171.43666076660156,4000,0.0,0.0
2001-01-30 00:00:00+09:00,165.88404743611312,165.88404743611312,165.18997192382812,165.18997192382812,14000,0.0,0.0
2001-01-31 00:00:00+09:00,165.88404743611312,168.66034948525308,165.18997192382812,165.18997192382812,16000,0.0,0.0
2001-02-01 00:00:00+09:00,171.43663794199625,171.43663794199625,166.57810974121094,166.57810974121094,6000,0.0,0.0
2001-02-02 00:00:00+09:00,166.57814401095033,170.04852201117845,166.57814401095033,169.3544464111328,13000,0.0,0.0
2001-02-05 00:00:00+09:00,170.04848277930057,183.2359161376953,170.04848277930057,183.2359161376953,68000,0.0,0.0
2001-02-06 00:00:00+09:00,183.2359822591146,183.2359822591146,174.90707397460938,174.90707397460938,49000,0.0,0.0
2001-02-07 00:00:00+09:00,180.45966744422913,180.45966744422913,177.68336486816406,177.68336486816406,5000,0.0,0.0
2001-02-08 00:00:00+09:00,176.9892651639004,176.9892651639004,171.43666076660156,171.43666076660156,12000,0.0,0.0
2001-02-09 00:00:00+09:00,173.51887615553412,178.37740468788905,173.51887615553412,174.21295166015625,6000,0.0,0.0
2001-02-12 00:00:00+09:00,174.21295166015625,174.21295166015625,174.21295166015625,174.21295166015625,0,0.0,0.0
2001-02-13 00:00:00+09:00,175.6011087736731,178.37741088867188,174.2129577161737,178.37741088867188,8000,0.0,0.0
2001-02-14 00:00:00+09:00,178.37741388174203,180.4596405029297,178.37741388174203,180.4596405029297,11000,0.0,0.0
2001-02-15 00:00:00+09:00,181.15374929914003,183.93005197039122,181.15374929914003,182.54190063476562,15000,0.0,0.0
2001-02-16 00:00:00+09:00,186.70632352388822,225.57455444335938,186.0122479717548,225.57455444335938,86000,0.0,0.0
2001-02-19 00:00:00+09:00,187.40044378465223,193.64712524414062,187.40044378465223,193.64712524414062,76000,0.0,0.0
2001-02-20 00:00:00+09:00,193.64710195720818,200.58785829976046,193.64710195720818,199.19970703125,47000,0.0,0.0
2001-02-21 00:00:00+09:00,200.58785366842935,200.58785366842935,192.95302186790087,195.7293243408203,29000,0.0,0.0
2001-02-22 00:00:00+09:00,194.34117748119212,194.34117748119212,185.31819424099393,187.40042114257812,25000,0.0,0.0
2001-02-23 00:00:00+09:00,188.0945055280413,194.3411865234375,188.0945055280413,194.3411865234375,23000,0.0,0.0
2001-02-26 00:00:00+09:00,195.03524872259047,198.50562681373975,195.03524872259047,195.7293243408203,12000,0.0,0.0
2001-02-27 00:00:00+09:00,197.11745770987818,204.75228881835938,197.11745770987818,204.75228881835938,38000,0.0,0.0
2001-02-28 00:00:00+09:00,204.75232151576452,205.44639718191965,194.3411865234375,194.3411865234375,50000,0.0,0.0
2001-03-01 00:00:00+09:00,195.72931197317024,204.05821886564556,194.34116082442435,197.81153869628906,17000,0.0,0.0
2001-03-02 00:00:00+09:00,197.11747557728003,197.11747557728003,187.40041692206202,195.7293243408203,34000,0.0,0.0
2001-03-05 00:00:00+09:00,190.87074597676596,190.87074597676596,179.76553893811774,183.2359161376953,25000,0.0,0.0
2001-03-06 00:00:00+09:00,184.62410638271234,189.48263549804688,184.62410638271234,189.48263549804688,27000,0.0,0.0
2001-03-07 00:00:00+09:00,182.54189170554832,189.48264804416232,182.54189170554832,187.40042114257812,11000,0.0,0.0
2001-03-08 00:00:00+09:00,188.78857600079834,190.17672729492188,183.93004647136604,190.17672729492188,9000,0.0,0.0
2001-03-09 00:00:00+09:00,189.4826286717465,189.4826286717465,183.23594860564498,184.6240997314453,46000,0.0,0.0
2001-03-12 00:00:00+09:00,186.01228246795998,188.09450951051176,185.31820678710938,185.31820678710938,7000,0.0,0.0
2001-03-13 00:00:00+09:00,184.62412675464427,189.48265640608227,180.4596727676974,181.8478240966797,50000,0.0,0.0
2001-03-14 00:00:00+09:00,181.8478240966797,181.8478240966797,181.8478240966797,181.8478240966797,0,0.0,0.0
2001-03-15 00:00:00+09:00,186.01227599877313,192.2589569091797,183.23597337192575,192.2589569091797,42000,0.0,0.0
2001-03-16 00:00:00+09:00,194.3411297865317,199.89373349471833,193.64705432300838,197.117431640625,43000,0.0,0.0
2001-03-19 00:00:00+09:00,197.11748012848432,201.28193393401568,194.3411775914634,199.19970703125,40000,0.0,0.0
2001-03-20 00:00:00+09:00,199.19970703125,199.19970703125,199.19970703125,199.19970703125,0,0.0,0.0
2001-03-21 00:00:00+09:00,199.19972313774957,199.893798828125,192.95304192437067,199.893798828125,33000,0.0,0.0
2001-03-22 00:00:00+09:00,199.89375102436625,199.89375102436625,183.93001396339255,198.50559997558594,78000,0.0,0.0
2001-03-23 00:00:00+09:00,199.19970703125,199.19970703125,194.3411775914634,199.19970703125,59000,0.0,0.0
2001-03-26 00:00:00+09:00,199.19964420994788,207.52854919433594,190.87073922555982,207.52854919433594,80000,0.0,0.0
2001-03-27 00:00:00+09:00,209.2783710591568,214.87779235839844,209.2783710591568,214.87779235839844,65000,2.5,0.0
2001-03-28 00:00:00+09:00,214.8778752276772,215.57780316001492,210.67830763365095,212.77809143066406,19000,0.0,0.0
2001-03-29 00:00:00+09:00,212.07815519292305,212.77808309785019,195.97981337959885,197.37966918945312,36000,0.0,0.0
2001-03-30 00:00:00+09:00,213.47796822891755,214.8778237582875,198.77948517053306,205.7787628173828,17000,0.0,0.0
2001-04-02 00:00:00+09:00,205.7788172249842,207.87860107421875,196.67975387830126,207.87860107421875,33000,0.0,0.0
2001-04-03 00:00:00+09:00,198.07957549513432,202.97907029536734,197.37964766652962,199.47943115234375,18000,0.0,0.0
2001-04-04 00:00:00+09:00,197.37962448764856,200.17933547328894,195.27984124841825,198.77947998046875,28000,0.0,0.0
2001-04-05 00:00:00+09:00,198.77949109683743,203.67898559570312,198.07956331128517,203.67898559570312,31000,0.0,0.0
2001-04-06 00:00:00+09:00,208.57848009456885,208.57848009456885,188.980502099106,203.67898559570312,47000,0.0,0.0
2001-04-09 00:00:00+09:00,206.4787292480469,206.4787292480469,206.4787292480469,206.47872924804688,2000,0.0,0.0
2001-04-10 00:00:00+09:00,204.37894500955179,204.37894500955179,191.78024291992188,191.78024291992188,6000,0.0,0.0
2001-04-11 00:00:00+09:00,194.5799312196929,202.97906494140625,194.5799312196929,202.97906494140625,15000,0.0,0.0
2001-04-12 00:00:00+09:00,202.97908499889576,202.97908499889576,198.07958984375,198.07958984375,16000,0.0,0.0
2001-04-13 00:00:00+09:00,198.77953442297746,202.27917411352286,198.77953442297746,200.8793182373047,8000,0.0,0.0
2001-04-16 00:00:00+09:00,201.57923165819636,202.9790874336005,198.77952010738807,202.27915954589844,16000,0.0,0.0
2001-04-17 00:00:00+09:00,200.87928680955318,200.87928680955318,199.47943115234375,199.47943115234375,6000,0.0,0.0
2001-04-18 00:00:00+09:00,200.8792805671692,204.37891960144043,200.8792805671692,201.57920837402344,15000,0.0,0.0
2001-04-19 00:00:00+09:00,203.67897952332788,205.7787628173828,201.57919622927295,205.7787628173828,22000,0.0,0.0
2001-04-20 00:00:00+09:00,202.97904645892936,202.97904645892936,196.67969674123844,198.77947998046875,54000,0.0,0.0
2001-04-23 00:00:00+09:00,199.4793935922476,202.9790320763221,198.7794658954327,200.1793212890625,24000,0.0,0.0
2001-04-24 00:00:00+09:00,195.97979736328125,195.97979736328125,195.27986951555525,195.97979736328125,54000,0.0,0.0
2001-04-25 00:00:00+09:00,196.67970171966007,196.67970171966007,195.27984619140625,195.27984619140625,142000,0.0,0.0
2001-04-26 00:00:00+09:00,196.67970171966007,196.67970171966007,195.27984619140625,195.27984619140625,142000,0.0,0.0
2001-04-27 00:00:00+09:00,203.679029989741,204.37895792785008,200.8793182373047,200.8793182373047,21000,0.0,0.0
2001-04-30 00:00:00+09:00,200.8793182373047,200.8793182373047,200.8793182373047,200.8793182373047,0,0.0,0.0
2001-05-01 00:00:00+09:00,207.87858808158649,212.77808342357673,202.9790927395962,212.07815551757812,76000,0.0,0.0
2001-05-02 00:00:00+09:00,214.1779399934362,214.8778679019115,212.07815626801036,213.47801208496094,78000,0.0,0.0
2001-05-03 00:00:00+09:00,213.47801208496094,213.47801208496094,213.47801208496094,213.47801208496094,0,0.0,0.0
2001-05-04 00:00:00+09:00,213.47801208496094,213.47801208496094,213.47801208496094,213.47801208496094,0,0.0,0.0
2001-05-07 00:00:00+09:00,214.17797750510917,214.17797750510917,210.67833734979692,211.37826538085938,500,0.0,0.0
2001-05-08 00:00:00+09:00,212.07813125610352,212.07813125610352,209.9783477783203,209.9783477783203,200,0.0,0.0
2001-05-09 00:00:00+09:00,209.9783775790426,209.9783775790426,205.07888210219824,208.57852172851562,200,0.0,0.0
2001-05-10 00:00:00+09:00,204.37895417693477,208.57852172851562,204.37895417693477,208.57852172851562,200,0.0,0.0
2001-05-11 00:00:00+09:00,208.57855870373828,209.27848675307968,205.07891845703125,205.07891845703125,100,0.0,0.0
2001-05-14 00:00:00+09:00,206.47870864868165,209.9783477783203,205.7787808227539,209.9783477783203,300,0.0,0.0
2001-05-15 00:00:00+09:00,207.17858315152068,209.2783660888672,207.17858315152068,209.2783660888672,10000,0.0,0.0
2001-05-16 00:00:00+09:00,205.7787628173828,208.5784738761227,205.7787628173828,205.7787628173828,5000,0.0,0.0
2001-05-17 00:00:00+09:00,208.57843844308502,209.2783660888672,205.77872785995635,209.2783660888672,17000,0.0,0.0
2001-05-18 00:00:00+09:00,209.2784496537791,216.27772890641384,207.87859380325216,208.57852172851562,51000,0.0,0.0
2001-05-21 00:00:00+09:00,215.57782270323557,223.27703065692256,215.57782270323557,222.5771026611328,68000,0.0,0.0
2001-05-22 00:00:00+09:00,223.97692637838375,223.97692637838375,219.07743111385662,219.77735900878906,35000,0.0,0.0
2001-05-23 00:00:00+09:00,219.77740848425663,247.77453058416194,215.57784016927084,230.97625732421875,340000,0.0,0.0
2001-05-24 00:00:00+09:00,237.9755036727242,241.4751434326172,233.7759359608526,241.4751434326172,206000,0.0,0.0
2001-05-25 00:00:00+09:00,241.47510858791978,244.97474784281718,234.475830078125,234.475830078125,136000,0.0,0.0
2001-05-28 00:00:00+09:00,234.47582124639035,244.27481079101562,234.47582124639035,244.27481079101562,71000,0.0,0.0
2001-05-29 00:00:00+09:00,240.7751807369403,242.87496428987873,234.475830078125,234.475830078125,66000,0.0,0.0
2001-05-30 00:00:00+09:00,234.475830078125,239.37532503498136,234.475830078125,234.475830078125,77000,0.0,0.0
2001-05-31 00:00:00+09:00,233.07604148171166,233.07604148171166,227.4766170617306,230.97625732421875,24000,0.0,0.0
2001-06-01 00:00:00+09:00,231.67614814827033,233.7759319683453,230.97622020824537,233.0760040283203,32000,0.0,0.0
2001-06-04 00:00:00+09:00,233.77592091501495,234.47584882194613,223.97693021797838,226.77664184570312,35000,0.0,0.0
2001-06-05 00:00:00+09:00,233.77584352083733,233.77584352083733,228.17642211914062,228.17642211914062,90000,0.0,0.0
2001-06-06 00:00:00+09:00,234.47583824480085,251.9740351287412,234.47583824480085,248.47439575195312,235000,0.0,0.0
2001-06-07 00:00:00+09:00,247.77439636230469,247.77439636230469,242.17497497558594,244.9746856689453,112000,0.0,0.0
2001-06-08 00:00:00+09:00,245.67454801286968,260.3730252444089,244.97462052565353,254.7736053466797,324000,0.0,0.0
2001-06-11 00:00:00+09:00,256.8735753023688,262.4729992871616,251.9740793156751,261.7730712890625,129000,0.0,0.0
2001-06-12 00:00:00+09:00,263.87282302444044,269.47224632469386,255.4736880740604,258.97332763671875,350000,0.0,0.0
2001-06-13 00:00:00+09:00,259.6732669539965,267.372474329991,259.6732669539965,266.67254638671875,163000,0.0,0.0
2001-06-14 00:00:00+09:00,263.87284184506063,265.9726257324219,262.4729859201532,265.9726257324219,67000,0.0,0.0
2001-06-15 00:00:00+09:00,262.4729218021516,262.4729218021516,257.57342726184476,260.3731384277344,72000,0.0,0.0
2001-06-18 00:00:00+09:00,258.97337291551673,260.37322898533034,253.37394863626233,257.5735168457031,43000,0.0,0.0
2001-06-19 00:00:00+09:00,251.97389539781506,262.4728077060574,251.97389539781506,254.7736053466797,82000,0.0,0.0
2001-06-20 00:00:00+09:00,247.77446705761443,251.97403429587908,244.974755565438,247.0745391845703,64000,0.0,0.0
2001-06-21 00:00:00+09:00,247.07457940843372,253.37393129136828,247.07457940843372,251.9740753173828,22000,0.0,0.0
2001-06-22 00:00:00+09:00,255.47374272409405,265.2727355957031,248.47446210151614,265.2727355957031,90000,0.0,0.0
2001-06-25 00:00:00+09:00,265.97266365796094,269.4723039692499,265.2727355957031,265.2727355957031,57000,0.0,0.0
2001-06-26 00:00:00+09:00,260.3731384277344,262.4729218021516,258.9732828447896,260.3731384277344,33000,0.0,0.0
2001-06-27 00:00:00+09:00,259.6732872947652,265.272711279558,258.9733592966661,261.7730712890625,32000,0.0,0.0
2001-06-28 00:00:00+09:00,265.97261844344655,276.47153759252996,263.87283461362983,266.67254638671875,349000,0.0,0.0
2001-06-29 00:00:00+09:00,267.3724139803019,279.27118633021064,267.3724139803019,278.5712585449219,217000,0.0,0.0
2001-07-02 00:00:00+09:00,278.57132817979465,283.4708239015498,273.6718324580395,280.6711120605469,295000,0.0,0.0
2001-07-03 00:00:00+09:00,280.6710419007881,280.6710419007881,272.9718362626119,278.5712585449219,53000,0.0,0.0
2001-07-04 00:00:00+09:00,276.4714523156484,276.4714523156484,268.7722473144531,268.7722473144531,26000,0.0,0.0
2001-07-05 00:00:00+09:00,268.77237032860825,273.6718666627235,268.77237032860825,271.57208251953125,71000,0.0,0.0
2001-07-06 00:00:00+09:00,272.2719259730297,272.97185380329455,269.47221465197026,270.8720703125,32000,0.0,0.0
2001-07-09 00:00:00+09:00,267.3725197824765,268.7723759069921,264.57280753344537,265.2727355957031,68000,0.0,0.0
2001-07-10 00:00:00+09:00,263.8727651121755,266.67247614784844,260.3731263175843,264.57269287109375,42000,0.0,0.0
2001-07-11 00:00:00+09:00,260.37313332797993,264.57269999456025,259.67320555021655,263.8727722167969,39000,0.0,0.0
2001-07-12 00:00:00+09:00,265.97263425822047,269.47227418267073,265.2727062733304,268.0724182128906,36000,0.0,0.0
2001-07-13 00:00:00+09:00,268.0723467722497,278.5712637476642,268.0723467722497,275.0716247558594,184000,0.0,0.0
2001-07-16 00:00:00+09:00,278.5712694709684,285.5705475983797,277.87134165822727,283.47076416015625,150000,0.0,0.0
2001-07-17 00:00:00+09:00,285.57062032948375,285.57062032948375,273.6718444824219,273.6718444824219,63000,0.0,0.0
2001-07-18 00:00:00+09:00,277.1713800430298,277.1713800430298,264.5726809501648,268.7722473144531,36000,0.0,0.0
2001-07-19 00:00:00+09:00,261.77305795769945,268.0724096197831,251.97406648334703,265.9726257324219,56000,0.0,0.0
2001-07-20 00:00:00+09:00,265.9726257324219,265.9726257324219,265.9726257324219,265.9726257324219,0,0.0,0.0
2001-07-23 00:00:00+09:00,261.772979026617,261.772979026617,235.17572447311045,240.775146484375,39000,0.0,0.0
2001-07-24 00:00:00+09:00,230.27626297224813,235.1757579291045,223.97691231343285,234.475830078125,104000,0.0,0.0
2001-07-25 00:00:00+09:00,235.8756978470466,244.97476037527096,234.47584207347361,242.175048828125,46000,0.0,0.0
2001-07-26 00:00:00+09:00,245.67472343444825,251.9740753173828,244.97479544745553,251.9740753173828,34000,0.0,0.0
2001-07-27 00:00:00+09:00,251.9739239032452,265.27254766480536,245.67457580566406,245.67457580566406,45000,0.0,0.0
2001-07-30 00:00:00+09:00,248.4743240356445,248.4743240356445,236.5755535888672,244.9746856689453,59000,0.0,0.0
2001-07-31 00:00:00+09:00,235.87562591552734,244.9746856689453,235.87562591552734,244.9746856689453,16000,0.0,0.0
2001-08-01 00:00:00+09:00,244.974755565438,247.0745391845703,244.974755565438,247.0745391845703,28000,0.0,0.0
2001-08-02 00:00:00+09:00,248.47443710910818,256.8735730113879,248.47443710910818,256.17364501953125,38000,0.0,0.0
2001-08-03 00:00:00+09:00,256.173460321112,258.27324278276046,248.47425796173428,254.7736053466797,56000,0.0,0.0
2001-08-06 00:00:00+09:00,258.27345497312524,265.97266365796094,251.97410241280508,265.2727355957031,47000,0.0,0.0
2001-08-07 00:00:00+09:00,264.5727509369721,264.5727509369721,258.97332763671875,258.97332763671875,13000,0.0,0.0
2001-08-08 00:00:00+09:00,262.47296719937714,262.47296719937714,256.17361598659204,258.97332763671875,28000,0.0,0.0
2001-08-09 00:00:00+09:00,251.9740593766367,252.67398731934958,250.57420349121094,250.57420349121094,17000,0.0,0.0
2001-08-10 00:00:00+09:00,261.0731663411458,262.4730224609375,256.87359798177084,262.4730224609375,41000,0.0,0.0
2001-08-13 00:00:00+09:00,262.472914626707,262.472914626707,258.9732757650176,261.07305908203125,23000,0.0,0.0
2001-08-14 00:00:00+09:00,260.37320203279194,276.471545169228,260.37320203279194,265.9726257324219,76000,0.0,0.0
2001-08-15 00:00:00+09:00,272.272010567262,272.272010567262,261.77308985130077,271.57208251953125,5000,0.0,0.0
2001-08-16 00:00:00+09:00,264.5727509369721,264.5727509369721,258.97332763671875,258.97332763671875,19000,0.0,0.0
2001-08-17 00:00:00+09:00,260.3731834617821,263.87282302444044,258.97332763671875,258.97332763671875,17000,0.0,0.0
2001-08-20 00:00:00+09:00,251.97408536585363,262.4730055894309,251.97408536585363,258.2734375,17000,0.0,0.0
2001-08-21 00:00:00+09:00,258.273314007258,258.273314007258,244.97468808276506,247.77439880371094,17000,0.0,0.0
2001-08-22 00:00:00+09:00,242.8749993365744,244.97478319251022,241.4751434326172,241.4751434326172,41000,0.0,0.0
2001-08-23 00:00:00+09:00,241.4751434326172,245.6747111444888,241.4751434326172,241.4751434326172,30000,0.0,0.0
2001-08-24 00:00:00+09:00,242.175048828125,242.175048828125,241.4751209413385,242.175048828125,26000,0.0,0.0
2001-08-27 00:00:00+09:00,242.1750416164783,244.9747530802526,242.1750416164783,242.87496948242188,17000,0.0,0.0
2001-08-28 00:00:00+09:00,244.97475637516507,248.47439575195312,244.97475637516507,248.47439575195312,21000,0.0,0.0
2001-08-29 00:00:00+09:00,255.47370247218922,255.47370247218922,241.4751434326172,241.4751434326172,52000,0.0,0.0
2001-08-30 00:00:00+09:00,241.47504968158268,248.4743264839474,241.47504968158268,247.77439880371094,44000,0.0,0.0
2001-08-31 00:00:00+09:00,247.77450739542644,251.9740753173828,244.2748674604628,251.9740753173828,53000,0.0,0.0
2001-09-03 00:00:00+09:00,251.27411135634935,251.97403924313585,241.4751209413385,242.175048828125,21000,0.0,0.0
2001-09-04 00:00:00+09:00,242.1750713845958,242.8749993365744,237.2755757207456,241.4751434326172,40000,0.0,0.0
2001-09-05 00:00:00+09:00,244.97475637516507,251.9740351287412,244.97475637516507,248.47439575195312,22000,0.0,0.0
2001-09-06 00:00:00+09:00,244.97478319251022,244.97478319251022,241.4751434326172,241.4751434326172,23000,0.0,0.0
2001-09-07 00:00:00+09:00,241.4750749755122,241.4750749755122,231.67608642578128,231.67608642578125,26000,0.0,0.0
2001-09-10 00:00:00+09:00,224.67672626126196,224.67672626126196,216.97752380371094,216.97752380371094,41000,0.0,0.0
2001-09-11 00:00:00+09:00,219.0774353527632,219.0774353527632,212.07815626801036,213.47801208496094,40000,0.0,0.0
2001-09-12 00:00:00+09:00,203.67896609836154,204.3788938169126,185.4808454160337,188.98048400878906,62000,0.0,0.0
2001-09-13 00:00:00+09:00,181.98123707490808,191.0802989286535,181.98123707490808,190.38037109375,32000,0.0,0.0
2001-09-14 00:00:00+09:00,200.87928604125977,209.9783477783203,199.4794303894043,209.9783477783203,53000,0.0,0.0
2001-09-17 00:00:00+09:00,195.97982267054118,200.8793182373047,195.97982267054118,200.8793182373047,35000,0.0,0.0
2001-09-18 00:00:00+09:00,200.8792815109779,212.77805428340517,195.97978683997843,202.97906494140625,18000,0.0,0.0
2001-09-19 00:00:00+09:00,193.18007890694506,201.57921277246442,193.18007890694506,196.67971801757812,57000,0.0,0.0
2001-09-20 00:00:00+09:00,197.37965305873325,197.37965305873325,193.88001382010324,195.97979736328125,22000,0.0,0.0
2001-09-21 00:00:00+09:00,196.67973644428187,207.17865475981293,196.67973644428187,202.27915954589844,20000,0.0,0.0
2001-09-24 00:00:00+09:00,202.27915954589844,202.27915954589844,202.27915954589844,202.27915954589844,0,0.0,0.0
2001-09-25 00:00:00+09:00,207.57433835424558,211.81054934106692,207.57433835424558,209.69244384765625,16000,2.5,0.0
2001-09-26 00:00:00+09:00,210.3985912541675,221.69515991210938,209.69255571304615,221.69515991210938,16000,0.0,0.0
2001-09-27 00:00:00+09:00,221.69514513315644,224.519287109375,220.28307414504718,224.519287109375,33000,0.0,0.0
2001-09-28 00:00:00+09:00,224.519287109375,224.519287109375,224.519287109375,224.519287109375,0,0.0,0.0
2001-10-01 00:00:00+09:00,229.46151164040637,238.63997210602264,228.75547621997435,236.52186584472656,26000,0.0,0.0
2001-10-02 00:00:00+09:00,236.52190506287494,246.40640258789062,236.52190506287494,246.40640258789062,33000,0.0,0.0
2001-10-03 00:00:00+09:00,246.40638174329484,247.11241722106934,232.99170766557967,237.22792053222656,19000,0.0,0.0
2001-10-04 00:00:00+09:00,232.9916341445025,242.8761277142693,232.9916341445025,240.05198669433594,29000,0.0,0.0
2001-10-05 00:00:00+09:00,240.0520694617069,240.0520694617069,227.34343049020478,232.99171447753906,41000,0.0,0.0
2001-10-08 00:00:00+09:00,232.99171447753906,232.99171447753906,232.99171447753906,232.99171447753906,0,0.0,0.0
2001-10-09 00:00:00+09:00,236.52189716305747,245.70035884401193,232.9917195934596,242.17018127441406,33000,0.0,0.0
2001-10-10 00:00:00+09:00,240.05204294688667,240.05204294688667,236.52186584472656,236.52186584472656,14000,0.0,0.0
2001-10-11 00:00:00+09:00,242.87619349683837,245.7003352816853,240.0520517119914,240.75808715820312,37000,0.0,0.0
2001-10-12 00:00:00+09:00,243.58226043788613,246.40640258789062,241.4641538253828,246.40640258789062,20000,0.0,0.0
2001-10-15 00:00:00+09:00,246.40640258789062,246.40640258789062,243.58226043788613,246.40640258789062,50000,0.0,0.0
2001-10-16 00:00:00+09:00,245.7003534490412,246.40638894745797,232.99171447753906,232.99171447753906,17000,0.0,0.0
2001-10-17 00:00:00+09:00,232.28567164777274,236.52188450457103,232.28567164777274,234.40377807617188,16000,0.0,0.0
2001-10-18 00:00:00+09:00,234.40369758721206,237.22783852199774,232.9916271198192,233.69766235351562,10000,0.0,0.0
2001-10-19 00:00:00+09:00,230.1675343397187,231.57960510253906,229.4614989583085,231.57960510253906,13000,0.0,0.0
2001-10-22 00:00:00+09:00,229.46149088853707,242.87616266355923,229.46149088853707,230.1675262451172,28000,0.0,0.0
2001-10-23 00:00:00+09:00,230.16761399489184,230.16761399489184,225.2253646146334,229.46157836914062,52000,0.0,0.0
2001-10-24 00:00:00+09:00,232.99176350794195,245.7004051538297,232.99176350794195,244.99436950683594,26000,0.0,0.0
2001-10-25 00:00:00+09:00,247.11233937842212,254.17269193209134,244.99423361232135,247.81837463378906,55000,0.0,0.0
2001-10-26 00:00:00+09:00,251.34869032977983,251.34869032977983,241.46419127186712,244.99436950683594,37000,0.0,0.0
2001-10-29 00:00:00+09:00,244.28828740752905,244.28828740752905,239.3460388183594,239.34603881835938,5000,0.0,0.0
2001-10-30 00:00:00+09:00,236.52184751612194,238.63995361328125,236.52184751612194,238.63995361328125,12000,0.0,0.0
2001-10-31 00:00:00+09:00,228.04940741076442,235.8157958984375,228.04940741076442,235.8157958984375,6000,0.0,0.0
2001-11-01 00:00:00+09:00,240.0519707862367,242.17007641082114,232.28558349609375,232.28558349609375,20000,0.0,0.0
2001-11-02 00:00:00+09:00,234.40369012489083,234.40369012489083,226.63730280147578,227.3433380126953,11000,0.0,0.0
2001-11-05 00:00:00+09:00,225.93137315883757,225.93137315883757,221.69515991210938,221.69515991210938,20000,0.0,0.0
2001-11-06 00:00:00+09:00,214.63480362039527,218.1649813115202,211.81066146749532,213.2227325439453,31000,0.0,0.0
2001-11-07 00:00:00+09:00,216.04688640657017,216.75292198306224,215.34085083007812,215.34085083007812,9000,0.0,0.0
2001-11-08 00:00:00+09:00,216.04690166584496,218.16500854492188,215.34086603948597,218.16500854492188,10000,0.0,0.0
2001-11-09 00:00:00+09:00,218.16500854492188,218.16500854492188,218.16500854492188,218.16500854492188,0,0.0,0.0
2001-11-12 00:00:00+09:00,204.750244140625,204.750244140625,201.22006751751076,204.750244140625,22000,0.0,0.0
2001-11-13 00:00:00+09:00,201.22012291090343,201.22012291090343,197.6899453159753,198.39598083496094,39000,0.0,0.0
2001-11-14 00:00:00+09:00,204.75035160145862,204.75035160145862,199.10206604003906,199.10206604003906,12000,0.0,0.0
2001-11-15 00:00:00+09:00,199.80807500433838,202.63221740722656,199.10203940361635,202.63221740722656,7000,0.0,0.0
2001-11-16 00:00:00+09:00,203.3382199690646,210.39857482910156,203.3382199690646,210.39857482910156,17000,0.0,0.0
2001-11-19 00:00:00+09:00,210.39849008096232,210.39849008096232,208.28038447612042,208.98641967773438,10000,0.0,0.0
2001-11-20 00:00:00+09:00,208.98643074682204,208.98643074682204,208.2803955078125,208.2803955078125,8000,0.0,0.0
2001-11-21 00:00:00+09:00,204.7502232601768,204.7502232601768,197.6898707339638,201.2200469970703,33000,0.0,0.0
2001-11-22 00:00:00+09:00,205.45629169346935,207.57439779340203,204.04422096018092,206.8683624267578,10000,0.0,0.0
2001-11-23 00:00:00+09:00,206.8683624267578,206.8683624267578,206.8683624267578,206.8683624267578,0,0.0,0.0
2001-11-26 00:00:00+09:00,206.8684200032552,211.8106689453125,206.8684200032552,211.8106689453125,14000,0.0,0.0
2001-11-27 00:00:00+09:00,211.81057879799292,214.6347198486328,211.81057879799292,214.6347198486328,15000,0.0,0.0
2001-11-28 00:00:00+09:00,214.63481525358605,215.34085083007812,214.63481525358605,215.34085083007812,16000,0.0,0.0
2001-11-29 00:00:00+09:00,215.3407551112928,215.3407551112928,211.81057879799292,214.6347198486328,11000,0.0,0.0
2001-11-30 00:00:00+09:00,215.3408467610677,215.3408467610677,211.8106689453125,211.8106689453125,12000,0.0,0.0
2001-12-03 00:00:00+09:00,201.22012291090343,201.22012291090343,198.39598083496094,198.39598083496094,17000,0.0,0.0
2001-12-04 00:00:00+09:00,201.22005811879333,201.22005811879333,199.10195224385868,200.51402282714844,16000,0.0,0.0
2001-12-05 00:00:00+09:00,200.51407992629194,206.16236386787764,199.10200894089553,199.80804443359375,6000,0.0,0.0
2001-12-06 00:00:00+09:00,206.86835011449352,208.98645608836205,204.750244140625,204.750244140625,16000,0.0,0.0
2001-12-07 00:00:00+09:00,208.28042076373922,208.28042076373922,204.04420881600214,204.750244140625,18000,0.0,0.0
2001-12-10 00:00:00+09:00,204.75030050583158,204.75030050583158,198.39598083496094,198.39598083496094,9000,0.0,0.0
2001-12-11 00:00:00+09:00,196.98388599742543,196.98388599742543,194.1597442626953,194.1597442626953,28000,0.0,0.0
2001-12-12 00:00:00+09:00,194.86577969637784,196.2778505637429,194.1597442626953,194.1597442626953,43000,0.0,0.0
2001-12-13 00:00:00+09:00,194.1597555675646,194.8657910423557,193.45372009277344,193.45372009277344,10000,0.0,0.0
2001-12-14 00:00:00+09:00,183.56923621470534,185.68734278641347,175.8028454517755,179.33302307128906,139000,0.0,0.0
2001-12-17 00:00:00+09:00,179.33299656288298,184.27524449965534,179.33299656288298,180.03903198242188,26000,0.0,0.0
2001-12-18 00:00:00+09:00,180.03902171208307,183.56919860839844,180.03902171208307,183.56919860839844,4000,0.0,0.0
2001-12-19 00:00:00+09:00,182.86316322913538,183.56919860839844,180.03902171208307,183.56919860839844,33000,0.0,0.0
2001-12-20 00:00:00+09:00,190.62959678058695,191.33563232421875,187.09941906242793,191.33563232421875,22000,0.0,0.0
2001-12-21 00:00:00+09:00,190.62959145373247,190.62959145373247,168.74249021274838,179.33302307128906,62000,0.0,0.0
2001-12-24 00:00:00+09:00,179.33302307128906,179.33302307128906,179.33302307128906,179.33302307128906,0,0.0,0.0
2001-12-25 00:00:00+09:00,180.7450714111328,184.98128402233124,180.03903597593307,180.7450714111328,19000,0.0,0.0
2001-12-26 00:00:00+09:00,182.15711755371095,184.98125891113284,176.5088348388672,176.5088348388672,42000,0.0,0.0
2001-12-27 00:00:00+09:00,177.2148999636058,189.9235382080078,177.2148999636058,189.9235382080078,13000,0.0,0.0
2001-12-28 00:00:00+09:00,190.6295623251311,204.0442352294922,190.6295623251311,204.0442352294922,36000,0.0,0.0
2001-12-31 00:00:00+09:00,204.0442352294922,204.0442352294922,204.0442352294922,204.0442352294922,0,0.0,0.0
2002-01-01 00:00:00+09:00,204.0442352294922,204.0442352294922,204.0442352294922,204.0442352294922,0,0.0,0.0
2002-01-02 00:00:00+09:00,204.0442352294922,204.0442352294922,204.0442352294922,204.0442352294922,0,0.0,0.0
2002-01-03 00:00:00+09:00,204.0442352294922,204.0442352294922,204.0442352294922,204.0442352294922,0,0.0,0.0
2002-01-04 00:00:00+09:00,211.10458938968222,211.81062480570122,204.0442352294922,204.0442352294922,19000,0.0,0.0
2002-01-07 00:00:00+09:00,207.57441230958722,207.57441230958722,204.0442352294922,204.0442352294922,22000,0.0,0.0
2002-01-08 00:00:00+09:00,189.92355702335672,189.92355702335672,187.09941491148524,187.80545043945312,21000,0.0,0.0
2002-01-09 00:00:00+09:00,183.56919860839844,184.98126936692458,183.56919860839844,183.56919860839844,12000,0.0,0.0
2002-01-10 00:00:00+09:00,190.62956750392914,190.62956750392914,180.7450714111328,180.7450714111328,11000,0.0,0.0
2002-01-11 00:00:00+09:00,180.74510973282443,184.9813232421875,180.74510973282443,184.9813232421875,37000,0.0,0.0
2002-01-14 00:00:00+09:00,184.9813232421875,184.9813232421875,184.9813232421875,184.9813232421875,0,0.0,0.0
2002-01-15 00:00:00+09:00,184.98124943485965,190.62953186035156,184.98124943485965,190.62953186035156,18000,0.0,0.0
2002-01-16 00:00:00+09:00,190.62957366603015,190.62957366603015,180.74507725371748,189.9235382080078,32000,0.0,0.0
2002-01-17 00:00:00+09:00,188.51148596742098,188.51148596742098,184.27527279961376,187.80545043945312,9000,0.0,0.0
2002-01-18 00:00:00+09:00,183.5692113526305,188.51145935058594,183.5692113526305,188.51145935058594,35000,0.0,0.0
2002-01-21 00:00:00+09:00,184.9812822091892,188.51145935058594,181.45110506779244,188.51145935058594,38000,0.0,0.0
2002-01-22 00:00:00+09:00,186.39332989386793,187.099365234375,182.15711785082547,187.099365234375,25000,0.0,0.0
2002-01-23 00:00:00+09:00,184.98128874913942,184.98128874913942,183.56921784265745,184.27525329589844,25000,0.0,0.0
2002-01-24 00:00:00+09:00,180.74505800189394,186.39334106445312,180.74505800189394,186.39334106445312,13000,0.0,0.0
2002-01-25 00:00:00+09:00,187.09937644727302,188.51144721291283,186.39334106445312,186.39334106445312,4000,0.0,0.0
2002-01-28 00:00:00+09:00,186.39334106445312,187.8054118300929,186.39334106445312,186.39334106445312,29000,0.0,0.0
2002-01-29 00:00:00+09:00,186.3933944119752,186.3933944119752,184.9813232421875,184.9813232421875,17000,0.0,0.0
2002-01-30 00:00:00+09:00,181.45114531771827,184.9813232421875,181.45114531771827,184.9813232421875,15000,0.0,0.0
2002-01-31 00:00:00+09:00,184.9813232421875,184.9813232421875,184.9813232421875,184.9813232421875,0,0.0,0.0
2002-02-01 00:00:00+09:00,185.68730474618766,186.39334012545072,183.56919860839844,183.56919860839844,24000,0.0,0.0
2002-02-04 00:00:00+09:00,187.09940312026572,187.09940312026572,184.27526118637493,185.6873321533203,14000,0.0,0.0
2002-02-05 00:00:00+09:00,184.98128874913942,185.6873242023804,184.27525329589844,184.27525329589844,13000,0.0,0.0
2002-02-06 00:00:00+09:00,184.27526118637493,186.39336763679302,184.27526118637493,185.6873321533203,14000,0.0,0.0
2002-02-07 00:00:00+09:00,186.39334106445312,197.6899071895715,184.9812702988133,186.39334106445312,20000,0.0,0.0
2002-02-08 00:00:00+09:00,187.0993553444191,190.62953186035156,187.0993553444191,190.62953186035156,31000,0.0,0.0
2002-02-11 00:00:00+09:00,190.62953186035156,190.62953186035156,190.62953186035156,190.62953186035156,0,0.0,0.0
2002-02-12 00:00:00+09:00,201.22005811879333,201.22005811879333,200.51402282714844,200.51402282714844,16000,0.0,0.0
2002-02-13 00:00:00+09:00,200.51400787870762,209.69246598583157,200.51400787870762,208.2803955078125,29000,0.0,0.0
2002-02-14 00:00:00+09:00,207.57439779340203,209.6925038933347,206.1623270601136,206.8683624267578,26000,0.0,0.0
2002-02-15 00:00:00+09:00,201.92611486024825,206.8683624267578,201.92611486024825,206.8683624267578,14000,0.0,0.0
2002-02-18 00:00:00+09:00,206.16232193840875,206.16232193840875,203.3381805419922,203.3381805419922,3000,0.0,0.0
2002-02-19 00:00:00+09:00,201.92613477262546,202.6321702088934,192.74767410114248,196.98388671875,19000,0.0,0.0
2002-02-20 00:00:00+09:00,201.9261818065045,203.3382530079486,196.9839326014502,202.63221740722656,12000,0.0,0.0
2002-02-21 00:00:00+09:00,202.63214519288806,203.3381805419922,201.9261098437839,203.3381805419922,17000,0.0,0.0
2002-02-22 00:00:00+09:00,203.33817232572113,203.33817232572113,201.92610168457028,201.9261016845703,16000,0.0,0.0
2002-02-25 00:00:00+09:00,201.92610284213362,204.750244140625,201.92610284213362,204.750244140625,12000,0.0,0.0
2002-02-26 00:00:00+09:00,210.39857431009514,210.39857431009514,207.57443237304688,207.57443237304688,6000,0.0,0.0
2002-02-27 00:00:00+09:00,207.57445556640624,211.8106689453125,207.57445556640624,211.8106689453125,25000,0.0,0.0
2002-02-28 00:00:00+09:00,215.34086603948597,218.87104417128083,215.34086603948597,218.16500854492188,31000,0.0,0.0
2002-03-01 00:00:00+09:00,222.4011739095052,232.99170600043402,220.28306749131943,228.7554931640625,27000,0.0,0.0
2002-03-04 00:00:00+09:00,228.7555427433894,232.28572087214545,225.2253646146334,229.46157836914062,38000,0.0,0.0
2002-03-05 00:00:00+09:00,225.93131922468356,225.93131922468356,222.40114236179787,223.107177734375,10000,0.0,0.0
2002-03-06 00:00:00+09:00,223.1072306971396,225.93137285786293,218.16498191587388,218.8710174560547,20000,0.0,0.0
2002-03-07 00:00:00+09:00,220.28311542399877,220.28311542399877,211.81068790769112,218.16500854492188,29000,0.0,0.0
2002-03-08 00:00:00+09:00,218.87105205271502,218.87105205271502,213.2227668384514,213.92880249023438,105000,0.0,0.0
2002-03-11 00:00:00+09:00,214.63481119791666,217.45895345052082,211.8106689453125,211.8106689453125,55000,0.0,0.0
2002-03-12 00:00:00+09:00,211.81066205424648,218.8710174560547,211.81066205424648,218.8710174560547,24000,0.0,0.0
2002-03-13 00:00:00+09:00,218.8710128429324,220.28308389353197,212.51669311523438,212.51669311523438,28000,0.0,0.0
2002-03-14 00:00:00+09:00,213.22271677311633,213.92875225912005,210.39857482910156,210.39857482910156,23000,0.0,0.0
2002-03-15 00:00:00+09:00,210.39858653933504,214.6347996911337,208.28047996343568,212.51669311523438,18000,0.0,0.0
2002-03-18 00:00:00+09:00,213.92879478676804,218.16500854492188,212.5167235340501,218.16500854492188,8000,0.0,0.0
2002-03-19 00:00:00+09:00,215.34084004201708,221.69515991210938,215.34084004201708,221.69515991210938,31000,0.0,0.0
2002-03-20 00:00:00+09:00,228.7555150185862,228.7555150185862,218.8710174560547,218.8710174560547,42000,0.0,0.0
2002-03-21 00:00:00+09:00,218.8710174560547,218.8710174560547,218.8710174560547,218.8710174560547,0,0.0,0.0
2002-03-22 00:00:00+09:00,218.87102871253842,218.87102871253842,214.63481525358605,215.34085083007812,15000,0.0,0.0
2002-03-25 00:00:00+09:00,229.4615868294593,229.4615868294593,212.51673118666847,213.92880249023438,23000,0.0,0.0
2002-03-26 00:00:00+09:00,214.28462770822887,214.28462770822887,210.72508239746094,210.72508239746094,16000,2.5,0.0
2002-03-27 00:00:00+09:00,218.55620730501934,219.9800262451172,214.9966599547747,219.9800262451172,8000,0.0,0.0
2002-03-28 00:00:00+09:00,217.13236185709636,217.13236185709636,213.57281494140625,213.57281494140625,16000,0.0,0.0
2002-03-29 00:00:00+09:00,219.97998852904058,219.97998852904058,213.5728043971268,214.2847137451172,12000,0.0,0.0
2002-04-01 00:00:00+09:00,214.28464497311015,214.99655409262215,197.1988261048223,202.18218994140625,19000,0.0,0.0
2002-04-02 00:00:00+09:00,195.06315405709404,201.47033794948035,192.21551677158902,199.33460998535156,18000,0.0,0.0
2002-04-03 00:00:00+09:00,200.046481874254,205.02984619140625,200.046481874254,205.02984619140625,5000,0.0,0.0
2002-04-04 00:00:00+09:00,205.74174821017976,212.86083984375,205.74174821017976,212.86083984375,19000,0.0,0.0
2002-04-05 00:00:00+09:00,212.86090555826823,217.13236185709636,212.86090555826823,213.57281494140625,11000,0.0,0.0
2002-04-08 00:00:00+09:00,213.57273774988514,217.8441925048828,206.45364649155562,217.8441925048828,8000,0.0,0.0
2002-04-09 00:00:00+09:00,217.13226395684322,217.13226395684322,210.72508239746094,210.72508239746094,25000,0.0,0.0
2002-04-10 00:00:00+09:00,217.84427940493725,218.5561888147573,212.14900412637678,217.1323699951172,17000,0.0,0.0
2002-04-11 00:00:00+09:00,217.13231187631652,217.84422109558312,208.5894012451172,208.5894012451172,6000,0.0,0.0
2002-04-12 00:00:00+09:00,208.58936539989406,210.72509269067797,208.58936539989406,210.01318359375,7000,0.0,0.0
2002-04-15 00:00:00+09:00,216.42045247395833,216.42045247395833,211.43708679199221,213.57281494140625,11000,0.0,0.0
2002-04-16 00:00:00+09:00,213.57277709168275,219.26805114746094,213.57277709168275,219.26805114746094,12000,0.0,0.0
2002-04-17 00:00:00+09:00,219.26805114746094,219.97996040443323,218.55614189048868,219.26805114746094,12000,0.0,0.0
2002-04-18 00:00:00+09:00,219.26805114746094,221.40377891837778,219.26805114746094,219.26805114746094,16000,0.0,0.0
2002-04-19 00:00:00+09:00,218.55620730501934,219.9800262451172,217.1323883649215,219.9800262451172,7000,0.0,0.0
2002-04-22 00:00:00+09:00,223.5395390732483,226.38717651367185,220.69190163282477,226.38717651367188,14000,0.0,0.0
2002-04-23 00:00:00+09:00,217.1323699951172,223.5395546834977,217.1323699951172,217.1323699951172,13000,0.0,0.0
2002-04-24 00:00:00+09:00,214.99655600155103,220.69182900821463,214.99655600155103,217.8441925048828,9000,0.0,0.0
2002-04-25 00:00:00+09:00,217.84426526202273,218.5561746256241,214.9966278076172,214.9966278076172,17000,0.0,0.0
2002-04-26 00:00:00+09:00,214.9966337076823,215.7085430908203,212.86090555826823,213.57281494140625,14000,0.0,0.0
2002-04-29 00:00:00+09:00,213.57281494140625,213.57281494140625,213.57281494140625,213.57281494140625,0,0.0,0.0
2002-04-30 00:00:00+09:00,211.43707384381975,211.43707384381975,209.3013458251953,209.3013458251953,11000,0.0,0.0
2002-05-01 00:00:00+09:00,209.30126984586423,212.86081525140614,207.16554260253906,207.16554260253906,15000,0.0,0.0
2002-05-02 00:00:00+09:00,207.87745168364745,207.87745168364745,207.16554260253906,207.16554260253906,12000,0.0,0.0
2002-05-03 00:00:00+09:00,207.16554260253906,207.16554260253906,207.16554260253906,207.16554260253906,0,0.0,0.0
2002-05-06 00:00:00+09:00,207.16554260253906,207.16554260253906,207.16554260253906,207.16554260253906,0,0.0,0.0
2002-05-07 00:00:00+09:00,205.02988941559164,205.02988941559164,200.04652404785156,200.04652404785156,12000,0.0,0.0
2002-05-08 00:00:00+09:00,202.89415554949755,202.89415554949755,201.4703369140625,201.4703369140625,9000,0.0,0.0
2002-05-09 00:00:00+09:00,206.45363416169818,206.45363416169818,202.8940887451172,202.8940887451172,40000,0.0,0.0
2002-05-10 00:00:00+09:00,202.89409906091825,202.89409906091825,202.18218994140625,202.18218994140625,35000,0.0,0.0
2002-05-13 00:00:00+09:00,201.4703292569247,201.4703292569247,195.77505493164062,195.77505493164062,32000,0.0,0.0
2002-05-14 00:00:00+09:00,196.48695457374654,196.48695457374654,194.35122680664062,194.35122680664062,41000,0.0,0.0
2002-05-15 00:00:00+09:00,195.77506545686373,195.77506545686373,194.35124679899562,195.0631561279297,14000,0.0,0.0
2002-05-16 00:00:00+09:00,195.77499730480497,207.16554260253906,195.77499730480497,207.16554260253906,27000,0.0,0.0
2002-05-17 00:00:00+09:00,207.16560757544732,207.16560757544732,198.62269592285156,198.62269592285156,16000,0.0,0.0
2002-05-20 00:00:00+09:00,205.74173553896622,205.74173553896622,200.75837170238228,202.18218994140625,16000,0.0,0.0
2002-05-21 00:00:00+09:00,205.0298662548659,205.7417755126953,203.60604773920713,205.7417755126953,10000,0.0,0.0
2002-05-22 00:00:00+09:00,203.6060223809604,206.4536590576172,202.8941132117962,206.4536590576172,26000,0.0,0.0
2002-05-23 00:00:00+09:00,210.0131631459451,214.99652633923873,210.0131631459451,211.43698120117188,23000,0.0,0.0
2002-05-24 00:00:00+09:00,214.99663923944308,223.53955205690437,213.57282043653285,221.40382385253906,42000,0.0,0.0
2002-05-27 00:00:00+09:00,221.40385891841007,222.1157684326172,219.98003988999585,222.1157684326172,36000,0.0,0.0
2002-05-28 00:00:00+09:00,220.6919357151661,220.6919357151661,218.55620730501934,219.9800262451172,24000,0.0,0.0
2002-05-29 00:00:00+09:00,219.26806163477198,219.26806163477198,213.5727873065961,218.55615234375,21000,0.0,0.0
2002-05-30 00:00:00+09:00,218.55620730501934,219.9800262451172,217.8442978349704,219.9800262451172,21000,0.0,0.0
2002-05-31 00:00:00+09:00,220.69194940420297,224.2514969752385,219.98003988999585,222.1157684326172,39000,0.0,0.0
2002-06-03 00:00:00+09:00,222.8276100038354,226.38715648951964,222.8276100038354,225.6752471923828,16000,0.0,0.0
2002-06-04 00:00:00+09:00,224.25148614562386,224.25148614562386,212.8609344683858,215.7085723876953,22000,0.0,0.0
2002-06-05 00:00:00+09:00,219.98000763439742,220.69191704421746,217.1323699951172,217.1323699951172,15000,0.0,0.0
2002-06-06 00:00:00+09:00,217.1323511370789,219.97998852904058,213.5728043971268,214.2847137451172,27000,0.0,0.0
2002-06-07 00:00:00+09:00,212.86083984375,215.70847649717808,211.43702151703593,212.86083984375,16000,0.0,0.0
2002-06-10 00:00:00+09:00,213.572749007107,213.572749007107,210.72511235367892,212.86083984375,9000,0.0,0.0
2002-06-11 00:00:00+09:00,213.57281494140625,213.57281494140625,212.86090555826823,213.57281494140625,10000,0.0,0.0
2002-06-12 00:00:00+09:00,213.57281494140625,215.7085430908203,213.57281494140625,213.57281494140625,49000,0.0,0.0
2002-06-13 00:00:00+09:00,216.42040265704992,216.42040265704992,208.5894012451172,208.5894012451172,17000,0.0,0.0
2002-06-14 00:00:00+09:00,200.04651827862742,206.45370213808525,200.04651827862742,201.4703369140625,114000,0.0,0.0
2002-06-17 00:00:00+09:00,199.334615803451,199.334615803451,193.63934106620954,197.91079711914062,25000,0.0,0.0
2002-06-18 00:00:00+09:00,197.91079711914062,198.6227064612958,197.19888777698543,197.91079711914062,9000,0.0,0.0
2002-06-19 00:00:00+09:00,197.9107425265842,199.33456081814234,192.21546936035156,192.21546936035156,32000,0.0,0.0
2002-06-20 00:00:00+09:00,202.18223854758523,202.18223854758523,195.0631456409801,195.77505493164062,5000,0.0,0.0
2002-06-21 00:00:00+09:00,195.77505493164062,195.77505493164062,194.3512363503196,195.77505493164062,8000,0.0,0.0
2002-06-24 00:00:00+09:00,195.77504590308376,205.7417755126953,195.77504590308376,205.7417755126953,13000,0.0,0.0
2002-06-25 00:00:00+09:00,205.7417928203677,205.7417928203677,201.4703369140625,201.4703369140625,26000,0.0,0.0
2002-06-26 00:00:00+09:00,200.04650085225646,200.75841010795844,194.35122680664062,194.35122680664062,17000,0.0,0.0
2002-06-27 00:00:00+09:00,196.48697478579777,197.1988841147318,195.06315612792966,195.0631561279297,9000,0.0,0.0
2002-06-28 00:00:00+09:00,195.06309874628633,202.89409906091825,195.06309874628633,202.18218994140625,18000,0.0,0.0
2002-07-01 00:00:00+09:00,202.89413848137772,206.4536847705247,202.89413848137772,205.7417755126953,39000,0.0,0.0
2002-07-02 00:00:00+09:00,205.74173553896622,205.74173553896622,202.18218994140625,202.18218994140625,23000,0.0,0.0
2002-07-03 00:00:00+09:00,195.77506837390717,209.3013458251953,195.77506837390717,209.3013458251953,7000,0.0,0.0
2002-07-04 00:00:00+09:00,200.75846123778447,204.3180084228516,200.75846123778447,204.31800842285156,12000,0.0,0.0
2002-07-05 00:00:00+09:00,202.18219975824957,203.60601806640625,202.18219975824957,203.60601806640625,6000,0.0,0.0
2002-07-08 00:00:00+09:00,207.1656296382312,207.1656296382312,196.4869889352296,197.1988983154297,5000,0.0,0.0
2002-07-09 00:00:00+09:00,197.9107960331058,200.04652404785156,197.19888669485724,200.04652404785156,8000,0.0,0.0
2002-07-10 00:00:00+09:00,199.33459138217037,207.87750244140625,199.33459138217037,207.87750244140625,20000,0.0,0.0
2002-07-11 00:00:00+09:00,204.31798007734304,204.31798007734304,199.33461470960296,200.04652404785156,10000,0.0,0.0
2002-07-12 00:00:00+09:00,200.04651067560368,200.04651067560368,195.77505493164062,195.77505493164062,51000,0.0,0.0
2002-07-15 00:00:00+09:00,197.19887351296165,197.19887351296165,195.77505493164062,195.77505493164062,7000,0.0,0.0
2002-07-16 00:00:00+09:00,195.77506545686373,195.77506545686373,194.35124679899562,195.0631561279297,32000,0.0,0.0
2002-07-17 00:00:00+09:00,195.77499887217647,196.48690795898438,192.9273625249448,196.48690795898438,21000,0.0,0.0
2002-07-18 00:00:00+09:00,192.9273625249448,196.48690795898438,192.9273625249448,196.48690795898438,23000,0.0,0.0
2002-07-19 00:00:00+09:00,195.77499887217647,197.19881704579228,192.9273625249448,196.48690795898438,16000,0.0,0.0
2002-07-22 00:00:00+09:00,196.48697843483026,199.334615803451,196.48697843483026,197.91079711914062,33000,0.0,0.0
2002-07-23 00:00:00+09:00,196.48697269984655,199.33460998535156,192.92742609296528,199.33460998535156,25000,0.0,0.0
2002-07-24 00:00:00+09:00,193.6392876519097,194.3511967976888,192.21546936035156,192.21546936035156,14000,0.0,0.0
2002-07-25 00:00:00+09:00,195.06315405709404,199.33460998535156,194.35124473571778,199.33460998535156,22000,0.0,0.0
2002-07-26 00:00:00+09:00,199.33460998535156,200.7584286281041,192.21551677158902,199.33460998535156,50000,0.0,0.0
2002-07-29 00:00:00+09:00,199.33454613936573,216.42036437988278,194.3511824858816,216.4203643798828,60000,0.0,0.0
2002-07-30 00:00:00+09:00,210.72521712932183,210.72521712932183,200.75848388671875,200.75848388671875,18000,0.0,0.0
2002-07-31 00:00:00+09:00,202.18218994140625,205.02982641945422,202.18218994140625,202.18218994140625,12000,0.0,0.0
2002-08-01 00:00:00+09:00,202.18224941727019,202.18224941727019,195.06315612792966,195.0631561279297,8000,0.0,0.0
2002-08-02 00:00:00+09:00,194.3512363503196,196.48696422230114,194.3512363503196,195.77505493164062,15000,0.0,0.0
2002-08-05 00:00:00+09:00,195.06315612792966,195.06315612792966,195.06315612792966,195.0631561279297,2000,0.0,0.0
2002-08-06 00:00:00+09:00,193.63932705965908,195.77505493164062,192.92741776899857,195.77505493164062,14000,0.0,0.0
2002-08-07 00:00:00+09:00,195.0631456409801,198.62269209428266,195.0631456409801,195.77505493164062,7000,0.0,0.0
2002-08-08 00:00:00+09:00,195.77499887217647,196.48690795898438,195.77499887217647,196.48690795898438,4000,0.0,0.0
2002-08-09 00:00:00+09:00,198.62270537135439,202.8941614008459,198.62270537135439,200.04652404785156,15000,0.0,0.0
2002-08-12 00:00:00+09:00,200.04652404785156,202.1822520625973,200.04652404785156,200.04652404785156,17000,0.0,0.0
2002-08-13 00:00:00+09:00,195.77505493164062,196.48696422230114,195.77505493164062,195.77505493164062,15000,0.0,0.0
2002-08-14 00:00:00+09:00,193.63932705965908,195.77505493164062,193.63932705965908,195.77505493164062,10000,0.0,0.0
2002-08-15 00:00:00+09:00,195.0631456409801,197.91078280362214,195.0631456409801,195.77505493164062,14000,0.0,0.0
2002-08-16 00:00:00+09:00,195.77508201458357,196.48699140372753,192.9274444580078,192.9274444580078,12000,0.0,0.0
2002-08-19 00:00:00+09:00,194.3511967976888,194.3511967976888,192.21546936035156,192.21546936035156,21000,0.0,0.0
2002-08-20 00:00:00+09:00,192.2155103718924,192.2155103718924,191.50360107421875,191.50360107421875,15000,0.0,0.0
2002-08-21 00:00:00+09:00,191.50360896669585,191.50360896669585,185.80833435058594,185.80833435058594,20000,0.0,0.0
2002-08-22 00:00:00+09:00,192.92738457445827,192.92738457445827,185.80829289274396,188.6559295654297,24000,0.0,0.0
2002-08-23 00:00:00+09:00,188.6559295654297,188.6559295654297,188.6559295654297,188.6559295654297,0,0.0,0.0
2002-08-26 00:00:00+09:00,187.2321693448563,195.06317262543965,187.2321693448563,192.9274444580078,20000,0.0,0.0
2002-08-27 00:00:00+09:00,192.92743028099858,195.06315829148934,190.7917022705078,190.7917022705078,15000,0.0,0.0
2002-08-28 00:00:00+09:00,190.791657069944,190.791657069944,188.6559295654297,188.6559295654297,19000,0.0,0.0
2002-08-29 00:00:00+09:00,188.6559619682636,188.6559619682636,184.38450622558594,184.38450622558594,23000,0.0,0.0
2002-08-30 00:00:00+09:00,185.09639393199572,187.94403076171875,184.38448472456497,187.94403076171875,21000,0.0,0.0
2002-09-02 00:00:00+09:00,187.94404202974758,187.94404202974758,184.3844957791842,185.09640502929688,38000,0.0,0.0
2002-09-03 00:00:00+09:00,188.65595798866423,188.65595798866423,181.536865234375,181.536865234375,33000,0.0,0.0
2002-09-04 00:00:00+09:00,180.8249261038644,180.8249261038644,177.26538031441825,179.40110778808594,21000,0.0,0.0
2002-09-05 00:00:00+09:00,180.82495595894608,181.536865234375,177.9773188572304,181.536865234375,25000,0.0,0.0
2002-09-06 00:00:00+09:00,177.97736057722236,178.68927001953125,177.97736057722236,178.68927001953125,11000,0.0,0.0
2002-09-09 00:00:00+09:00,177.97736057722236,178.68927001953125,177.97736057722236,178.68927001953125,5000,0.0,0.0
2002-09-10 00:00:00+09:00,179.4011310283954,187.94404202974758,179.4011310283954,185.09640502929688,21000,0.0,0.0
2002-09-11 00:00:00+09:00,186.5202235295222,186.5202235295222,184.3844957791842,185.09640502929688,11000,0.0,0.0
2002-09-12 00:00:00+09:00,188.65595479165356,188.65595479165356,172.99395099762947,176.55349731445312,32000,0.0,0.0
2002-09-13 00:00:00+09:00,187.23213943780638,187.23213943780638,179.40113740808823,181.536865234375,75000,0.0,0.0
2002-09-16 00:00:00+09:00,181.536865234375,181.536865234375,181.536865234375,181.536865234375,0,0.0,0.0
2002-09-17 00:00:00+09:00,185.0964193017764,187.23214721679688,184.38450999676957,187.23214721679688,30000,0.0,0.0
2002-09-18 00:00:00+09:00,185.80830313942647,187.94403076171875,182.96066630970347,187.94403076171875,18000,0.0,0.0
2002-09-19 00:00:00+09:00,187.9440144856771,195.06310594346786,187.9440144856771,192.21546936035156,35000,0.0,0.0
2002-09-20 00:00:00+09:00,191.50356021457247,192.21546936035156,191.50356021457247,192.21546936035156,11000,0.0,0.0
2002-09-23 00:00:00+09:00,192.21546936035156,192.21546936035156,192.21546936035156,192.21546936035156,0,0.0,0.0
2002-09-24 00:00:00+09:00,185.09637790256076,192.21546936035156,185.09637790256076,192.21546936035156,28000,0.0,0.0
2002-09-25 00:00:00+09:00,194.01195469187266,194.01195469187266,189.70057792094215,192.5748291015625,32000,2.5,0.0
2002-09-26 00:00:00+09:00,193.29333925600403,194.01190185546875,191.85621405707465,194.01190185546875,21000,0.0,0.0
2002-09-27 00:00:00+09:00,194.01194183668608,208.3831967875517,194.01194183668608,206.22750854492188,34000,0.0,0.0
2002-09-30 00:00:00+09:00,205.50884560032893,205.50884560032893,202.63459601151314,204.790283203125,10000,0.0,0.0
2002-10-01 00:00:00+09:00,205.5089360030096,207.66462414290132,200.47899700992897,201.91612243652344,17000,0.0,0.0
2002-10-02 00:00:00+09:00,205.50893173217773,205.50893173217773,201.1975555419922,201.1975555419922,14000,0.0,0.0
2002-10-03 00:00:00+09:00,200.47900390625,200.47900390625,199.76044116823476,200.47900390625,7000,0.0,0.0
2002-10-04 00:00:00+09:00,200.47900536481072,200.47900536481072,191.8562524458941,195.44906616210938,16000,0.0,0.0
2002-10-07 00:00:00+09:00,195.44900025839007,195.44900025839007,184.67056274414062,184.67056274414062,3000,0.0,0.0
2002-10-08 00:00:00+09:00,191.85621050666361,191.85621050666361,183.23345947265625,183.23345947265625,13000,0.0,0.0
2002-10-09 00:00:00+09:00,184.67061688633038,191.85624400253,183.9520541747104,186.1077423095703,9000,0.0,0.0
2002-10-10 00:00:00+09:00,186.1076875,186.1076875,178.9220625,179.640625,21000,0.0,0.0
2002-10-11 00:00:00+09:00,183.2334651304095,191.8562164306641,182.51490252205497,191.85621643066406,21000,0.0,0.0
2002-10-14 00:00:00+09:00,191.8562164306641,191.8562164306641,191.8562164306641,191.85621643066406,0,0.0,0.0
2002-10-15 00:00:00+09:00,194.01190795898438,198.32328369140626,191.85622009277344,197.60472106933594,10000,0.0,0.0
2002-10-16 00:00:00+09:00,197.60472106933594,198.32328369140626,197.60472106933594,197.60472106933594,20000,0.0,0.0
2002-10-17 00:00:00+09:00,200.47901381889397,201.1975765924384,196.88619995117188,196.88619995117188,52000,0.0,0.0
2002-10-18 00:00:00+09:00,194.01194349097497,194.73050624464526,191.13769247629386,193.2933807373047,25000,0.0,0.0
2002-10-21 00:00:00+09:00,194.01190425572773,194.01190425572773,191.8562164306641,191.85621643066406,14000,0.0,0.0
2002-10-22 00:00:00+09:00,191.8561924196639,191.8561924196639,188.26337982753537,190.4190673828125,10000,0.0,0.0
2002-10-23 00:00:00+09:00,190.41910468852112,191.85623000692505,188.9819793701172,188.9819793701172,19000,0.0,0.0
2002-10-24 00:00:00+09:00,189.70055586767012,189.70055586767012,186.1077423095703,186.1077423095703,11000,0.0,0.0
2002-10-25 00:00:00+09:00,186.1077465324824,194.73049926757812,186.1077465324824,194.73049926757812,15000,0.0,0.0
2002-10-28 00:00:00+09:00,194.73050913416353,194.73050913416353,191.1376953125,191.1376953125,26000,0.0,0.0
2002-10-29 00:00:00+09:00,190.41914670521976,190.41914670521976,184.6706441631754,188.26345825195312,9000,0.0,0.0
2002-10-30 00:00:00+09:00,188.2634176015854,190.4191055893898,183.95204162597656,183.95204162597656,39000,0.0,0.0
2002-10-31 00:00:00+09:00,186.10773603023324,186.10773603023324,174.61073303222656,174.61073303222656,30000,0.0,0.0
2002-11-01 00:00:00+09:00,178.20354646910366,178.20354646910366,174.61073303222656,174.61073303222656,45000,0.0,0.0
2002-11-04 00:00:00+09:00,174.61073303222656,174.61073303222656,174.61073303222656,174.61073303222656,0,0.0,0.0
2002-11-05 00:00:00+09:00,175.32930686257103,181.79637145996094,174.6107441295277,181.79637145996094,31000,0.0,0.0
2002-11-06 00:00:00+09:00,188.98193774984043,188.98193774984043,176.76637523369104,184.67056274414062,38000,0.0,0.0
2002-11-07 00:00:00+09:00,183.952,183.952,179.640625,179.640625,13000,0.0,0.0
2002-11-08 00:00:00+09:00,179.64068326083097,186.10774785822088,179.64068326083097,181.79637145996094,22000,0.0,0.0
2002-11-11 00:00:00+09:00,179.6406818680974,180.35924459556978,178.922119140625,178.922119140625,18000,0.0,0.0
2002-11-12 00:00:00+09:00,178.9220625,180.3591875,176.766375,179.640625,20000,0.0,0.0
2002-11-13 00:00:00+09:00,179.6406818680974,181.07780732304218,178.922119140625,178.922119140625,11000,0.0,0.0
2002-11-14 00:00:00+09:00,175.32934333538185,176.04790621790391,165.26946298007306,166.7065887451172,32000,0.0,0.0
2002-11-15 00:00:00+09:00,165.98796823862435,166.706530871692,159.52090454101562,159.52090454101562,35000,0.0,0.0
2002-11-18 00:00:00+09:00,155.9280913756774,161.67659244021854,155.9280913756774,159.52090454101562,28000,0.0,0.0
2002-11-19 00:00:00+09:00,148.7424627685547,149.461025390625,143.7125244140625,143.7125244140625,38000,0.0,0.0
2002-11-20 00:00:00+09:00,143.71251740524073,150.17958068847656,143.71251740524073,150.17958068847656,37000,0.0,0.0
2002-11-21 00:00:00+09:00,150.17958988862878,150.89815251967485,143.71252620921416,146.58677673339844,30000,0.0,0.0
2002-11-22 00:00:00+09:00,147.30532374950724,160.23944973726884,147.30532374950724,156.64663696289062,24000,0.0,0.0
2002-11-25 00:00:00+09:00,160.23948543382727,165.98798715342647,157.36523457402768,165.26942443847656,53000,0.0,0.0
2002-11-26 00:00:00+09:00,166.70654716000539,168.86223526983304,165.2694217534536,167.42510986328125,37000,0.0,0.0
2002-11-27 00:00:00+09:00,167.4250851378149,176.04783630371094,167.4250851378149,176.04783630371094,35000,0.0,0.0
2002-11-28 00:00:00+09:00,176.04782325177155,177.4849483395411,173.8921356201172,173.8921356201172,86000,0.0,0.0
2002-11-29 00:00:00+09:00,173.89219550124736,175.3293210839023,171.0179443359375,171.0179443359375,48000,0.0,0.0
2002-12-02 00:00:00+09:00,171.0179443359375,171.0179443359375,171.0179443359375,171.0179443359375,0,0.0,0.0
2002-12-03 00:00:00+09:00,174.61076246445148,174.61076246445148,171.73651123046875,171.73651123046875,12000,0.0,0.0
2002-12-04 00:00:00+09:00,175.32931685950686,175.32931685950686,167.42512634534876,170.29937744140625,15000,0.0,0.0
2002-12-05 00:00:00+09:00,171.01794842197305,171.73651123046875,168.1436971879903,171.73651123046875,10000,0.0,0.0
2002-12-06 00:00:00+09:00,171.73649460812834,171.73649460812834,168.14368091339762,168.86224365234375,21000,0.0,0.0
2002-12-09 00:00:00+09:00,164.55088397912812,164.55088397912812,163.8323211669922,163.8323211669922,15000,0.0,0.0
2002-12-10 00:00:00+09:00,159.52091207132713,165.98797607421875,159.52091207132713,165.98797607421875,21000,0.0,0.0
2002-12-11 00:00:00+09:00,158.08377075195312,158.08377075195312,154.49095778031784,158.08377075195312,22000,0.0,0.0
2002-12-12 00:00:00+09:00,158.08375767299106,158.08375767299106,154.4909449986049,155.92807006835938,57000,0.0,0.0
2002-12-13 00:00:00+09:00,155.9280789933115,155.9280789933115,150.89814096126918,152.33526611328125,86000,0.0,0.0
2002-12-16 00:00:00+09:00,147.3053741455078,147.3053741455078,142.99399734124904,147.3053741455078,20000,0.0,0.0
2002-12-17 00:00:00+09:00,143.71256014195885,148.0239369462176,143.71256014195885,147.3053741455078,31000,0.0,0.0
2002-12-18 00:00:00+09:00,149.46099823149876,149.46099823149876,144.43106079101562,144.43106079101562,30000,0.0,0.0
2002-12-19 00:00:00+09:00,140.11971130371094,143.7125244140625,140.11971130371094,143.7125244140625,34000,0.0,0.0
2002-12-20 00:00:00+09:00,141.55682804608585,146.58676609848484,141.55682804608585,142.275390625,43000,0.0,0.0
2002-12-23 00:00:00+09:00,142.275390625,142.275390625,142.275390625,142.275390625,0,0.0,0.0
2002-12-24 00:00:00+09:00,142.9939570751005,148.02389526367188,142.9939570751005,148.02389526367188,22000,0.0,0.0
2002-12-25 00:00:00+09:00,148.74245323325104,153.05382868928731,148.74245323325104,152.33526611328125,52000,0.0,0.0
2002-12-26 00:00:00+09:00,156.64664556329902,158.08377075195312,156.64664556329902,158.08377075195312,16000,0.0,0.0
2002-12-27 00:00:00+09:00,158.08378513689084,163.83228641459596,158.08378513689084,163.1137237548828,81000,0.0,0.0
2002-12-30 00:00:00+09:00,177.4849595192557,177.4849595192557,173.173583984375,173.173583984375,18000,0.0,0.0
2002-12-31 00:00:00+09:00,173.173583984375,173.173583984375,173.173583984375,173.173583984375,0,0.0,0.0
2003-01-01 00:00:00+09:00,173.173583984375,173.173583984375,173.173583984375,173.173583984375,0,0.0,0.0
2003-01-02 00:00:00+09:00,173.173583984375,173.173583984375,173.173583984375,173.173583984375,0,0.0,0.0
2003-01-03 00:00:00+09:00,173.173583984375,173.173583984375,173.173583984375,173.173583984375,0,0.0,0.0
2003-01-06 00:00:00+09:00,173.1736076574757,176.0478584069774,173.1736076574757,174.61073303222656,25000,0.0,0.0
2003-01-07 00:00:00+09:00,176.0478710418052,176.0478710418052,168.86224365234375,168.86224365234375,22000,0.0,0.0
2003-01-08 00:00:00+09:00,166.7065887451172,168.1437145101613,166.7065887451172,166.7065887451172,9000,0.0,0.0
2003-01-09 00:00:00+09:00,163.11373770950186,168.1436767578125,163.11373770950186,168.1436767578125,14000,0.0,0.0
2003-01-10 00:00:00+09:00,168.862259996486,171.73651123046875,168.862259996486,171.73651123046875,17000,0.0,0.0
2003-01-13 00:00:00+09:00,171.73651123046875,171.73651123046875,171.73651123046875,171.73651123046875,0,0.0,0.0
2003-01-14 00:00:00+09:00,171.73651123046875,173.1736368474601,171.73651123046875,171.73651123046875,21000,0.0,0.0
2003-01-15 00:00:00+09:00,171.7365196025477,172.455082446073,160.23951410614285,162.39520263671875,39000,0.0,0.0
2003-01-16 00:00:00+09:00,162.39517357867697,165.26942443847656,161.67661086372706,165.26942443847656,14000,0.0,0.0
2003-01-17 00:00:00+09:00,158.08381786905073,171.73651123046875,158.08381786905073,171.73651123046875,20000,0.0,0.0
2003-01-20 00:00:00+09:00,171.0179443359375,171.0179443359375,165.9880047966452,171.0179443359375,26000,0.0,0.0
2003-01-21 00:00:00+09:00,171.01791959534947,174.61073303222656,171.01791959534947,174.61073303222656,17000,0.0,0.0
2003-01-22 00:00:00+09:00,171.01792764256143,171.01792764256143,167.42511403662525,168.1436767578125,12000,0.0,0.0
2003-01-23 00:00:00+09:00,167.42512634534876,170.29937744140625,166.70656357133439,170.29937744140625,15000,0.0,0.0
2003-01-24 00:00:00+09:00,170.29937744140625,173.89219131147811,170.29937744140625,170.29937744140625,23000,0.0,0.0
2003-01-27 00:00:00+09:00,170.29938154461004,172.45506991859244,170.29938154461004,171.0179443359375,12000,0.0,0.0
2003-01-28 00:00:00+09:00,171.73648336378196,171.73648336378196,169.58079528808594,169.58079528808594,22000,0.0,0.0
2003-01-29 00:00:00+09:00,169.58080072817594,171.01792615807574,165.26942443847656,165.26942443847656,25000,0.0,0.0
2003-01-30 00:00:00+09:00,171.01791301172736,171.01791301172736,163.1137237548828,163.1137237548828,13000,0.0,0.0
2003-01-31 00:00:00+09:00,163.83232421875,165.98801269531248,161.6766357421875,161.6766357421875,18000,0.0,0.0
2003-02-03 00:00:00+09:00,154.4910113579404,164.55089116729465,154.4910113579404,162.39520263671875,13000,0.0,0.0
2003-02-04 00:00:00+09:00,169.5807979731089,171.0179233796607,162.39517094035006,167.42510986328125,20000,0.0,0.0
2003-02-05 00:00:00+09:00,165.9880047966452,172.45506991859244,165.26944200531776,171.0179443359375,27000,0.0,0.0
2003-02-06 00:00:00+09:00,165.26941340723081,168.8622267421706,165.26941340723081,165.98797607421875,15000,0.0,0.0
2003-02-07 00:00:00+09:00,169.5807979731089,169.5807979731089,159.5209201272465,167.42510986328125,12000,0.0,0.0
2003-02-10 00:00:00+09:00,167.42513437949464,171.73651123046875,162.39519472002485,171.73651123046875,10000,0.0,0.0
2003-02-11 00:00:00+09:00,171.73651123046875,171.73651123046875,171.73651123046875,171.73651123046875,0,0.0,0.0
2003-02-12 00:00:00+09:00,175.32928639073523,178.2035369873047,173.89216109245052,178.2035369873047,16000,0.0,0.0
2003-02-13 00:00:00+09:00,178.92213737673876,178.92213737673876,176.76644897460938,176.76644897460938,19000,0.0,0.0
2003-02-14 00:00:00+09:00,176.76642379760742,176.76642379760742,171.73648490905762,172.45504760742188,46000,0.0,0.0
2003-02-17 00:00:00+09:00,172.45501684273785,177.48495483398438,172.45501684273785,177.48495483398438,4000,0.0,0.0
2003-02-18 00:00:00+09:00,177.48495483398438,178.20351740416243,174.61070455327206,177.48495483398438,18000,0.0,0.0
2003-02-19 00:00:00+09:00,178.2035221084025,178.2035221084025,173.173583984375,173.173583984375,6000,0.0,0.0
2003-02-20 00:00:00+09:00,173.89214657352179,173.89214657352179,173.173583984375,173.173583984375,6000,0.0,0.0
2003-02-21 00:00:00+09:00,173.1735730762324,173.8921356201172,171.01788544457807,173.8921356201172,20000,0.0,0.0
2003-02-24 00:00:00+09:00,173.89218282496677,173.89218282496677,168.86224365234375,168.86224365234375,8000,0.0,0.0
2003-02-25 00:00:00+09:00,168.86223259618728,169.58079528808594,168.86223259618728,169.58079528808594,8000,0.0,0.0
2003-02-26 00:00:00+09:00,169.5808063912899,169.5808063912899,168.86224365234375,168.86224365234375,14000,0.0,0.0
2003-02-27 00:00:00+09:00,168.8622267421706,169.58078940915857,163.11372540626692,165.98797607421875,13000,0.0,0.0
2003-02-28 00:00:00+09:00,165.98797607421875,166.7065387412067,165.98797607421875,165.98797607421875,9000,0.0,0.0
2003-03-03 00:00:00+09:00,165.9879885942508,168.1436767578125,165.9879885942508,168.1436767578125,12000,0.0,0.0
2003-03-04 00:00:00+09:00,175.3292694091797,175.3292694091797,174.61070682963387,175.3292694091797,13000,0.0,0.0
2003-03-05 00:00:00+09:00,173.89217300415038,173.89217300415038,172.45504760742188,172.45504760742188,5000,0.0,0.0
2003-03-06 00:00:00+09:00,171.73645880608143,173.89214657352179,171.73645880608143,173.173583984375,8000,0.0,0.0
2003-03-07 00:00:00+09:00,165.98796378433434,166.70652639811934,158.08377503269938,158.80233764648438,40000,0.0,0.0
2003-03-10 00:00:00+09:00,158.80234261446222,158.80234261446222,154.490966796875,154.490966796875,19000,0.0,0.0
2003-03-11 00:00:00+09:00,155.92807006835938,156.64663260323658,155.92807006835938,155.92807006835938,18000,0.0,0.0
2003-03-12 00:00:00+09:00,155.92807006835938,158.8023202078683,155.92807006835938,155.92807006835938,28000,0.0,0.0
2003-03-13 00:00:00+09:00,155.9280913756774,159.52090454101562,155.9280913756774,159.52090454101562,7000,0.0,0.0
2003-03-14 00:00:00+09:00,159.52090454101562,161.67659244021854,159.52090454101562,159.52090454101562,84000,0.0,0.0
2003-03-17 00:00:00+09:00,159.52088274274553,162.39513288225444,155.92807006835938,155.92807006835938,12000,0.0,0.0
2003-03-18 00:00:00+09:00,161.6766357421875,161.6766357421875,161.6766357421875,161.6766357421875,17000,0.0,0.0
2003-03-19 00:00:00+09:00,156.64665400874506,159.52090454101562,156.64665400874506,159.52090454101562,3000,0.0,0.0
2003-03-20 00:00:00+09:00,158.0838025681516,171.73649460812834,158.0838025681516,168.86224365234375,26000,0.0,0.0
2003-03-21 00:00:00+09:00,168.86224365234375,168.86224365234375,168.86224365234375,168.86224365234375,0,0.0,0.0
2003-03-24 00:00:00+09:00,168.8622559619551,171.0179443359375,168.8622559619551,171.0179443359375,58000,0.0,0.0
2003-03-25 00:00:00+09:00,172.45504605568064,172.45504605568064,165.26941913669393,169.58079528808594,85000,0.0,0.0
2003-03-26 00:00:00+09:00,168.49139075061592,175.02769470214844,168.49139075061592,175.02769470214844,13000,2.5,0.0
2003-03-27 00:00:00+09:00,177.93269204311684,177.93269204311684,175.02766849955574,177.20643615722656,37000,0.0,0.0
2003-03-28 00:00:00+09:00,177.93269632316313,179.3852081298828,177.93269632316313,179.3852081298828,27000,0.0,0.0
2003-03-31 00:00:00+09:00,181.56404848451967,181.56404848451967,172.12271796332465,176.48025512695312,9000,0.0,0.0
2003-04-01 00:00:00+09:00,176.48023377747094,176.48023377747094,172.8489532470703,172.8489532470703,11000,0.0,0.0
2003-04-02 00:00:00+09:00,176.48025512695312,176.48025512695312,173.57523035120082,176.48025512695312,10000,0.0,0.0
2003-04-03 00:00:00+09:00,177.93269204311684,177.93269204311684,173.5751567277752,177.20643615722656,6000,0.0,0.0
2003-04-04 00:00:00+09:00,177.2064679827009,177.93272399902344,177.2064679827009,177.93272399902344,9000,0.0,0.0
2003-04-07 00:00:00+09:00,180.11146403324267,180.11146403324267,179.3852081298828,179.3852081298828,5000,0.0,0.0
2003-04-08 00:00:00+09:00,179.38523603166854,179.38523603166854,172.12267586844308,177.93272399902344,8000,0.0,0.0
2003-04-09 00:00:00+09:00,177.93270457874644,177.93270457874644,173.57516895640978,175.75393676757812,15000,0.0,0.0
2003-04-10 00:00:00+09:00,176.48018027133628,177.20643615722656,176.48018027133628,177.20643615722656,16000,0.0,0.0
2003-04-11 00:00:00+09:00,177.20643615722656,177.20643615722656,175.02766849955574,177.20643615722656,20000,0.0,0.0
2003-04-14 00:00:00+09:00,179.3852081298828,180.11146403324267,179.3852081298828,179.3852081298828,15000,0.0,0.0
2003-04-15 00:00:00+09:00,181.5639761991279,187.3740234375,180.1114643895349,187.3740234375,30000,0.0,0.0
2003-04-16 00:00:00+09:00,186.64782475490193,186.64782475490193,184.469056372549,185.1953125,17000,0.0,0.0
2003-04-17 00:00:00+09:00,179.38522741699217,181.56399536132812,179.38522741699217,181.56399536132812,7000,0.0,0.0
2003-04-18 00:00:00+09:00,180.11149204799108,181.56400408063615,177.93272399902344,177.93272399902344,17000,0.0,0.0
2003-04-21 00:00:00+09:00,181.56400933323135,181.56400933323135,177.93272914656674,180.83775329589844,18000,0.0,0.0
2003-04-22 00:00:00+09:00,178.65897143554687,181.56399536132812,177.93271545410155,181.56399536132812,16000,0.0,0.0
2003-04-23 00:00:00+09:00,178.65898001534597,179.38523603166854,177.93272399902344,177.93272399902344,10000,0.0,0.0
2003-04-24 00:00:00+09:00,177.93272399902344,178.65898001534597,177.93272399902344,177.93272399902344,6000,0.0,0.0
2003-04-25 00:00:00+09:00,178.65898518389966,181.56400933323135,178.65898518389966,180.83775329589844,16000,0.0,0.0
2003-04-28 00:00:00+09:00,181.56399536132812,182.29025134277342,180.8377393798828,181.56399536132812,28000,0.0,0.0
2003-04-29 00:00:00+09:00,181.56399536132812,181.56399536132812,181.56399536132812,181.56399536132812,0,0.0,0.0
2003-04-30 00:00:00+09:00,181.5639714725682,181.5639714725682,175.75392438544603,177.20643615722656,24000,0.0,0.0
2003-05-01 00:00:00+09:00,181.56399536132812,181.56399536132812,180.11148339843749,181.56399536132812,11000,0.0,0.0
2003-05-02 00:00:00+09:00,181.56399536132812,183.01650732421874,180.8377393798828,181.56399536132812,19000,0.0,0.0
2003-05-05 00:00:00+09:00,181.56399536132812,181.56399536132812,181.56399536132812,181.56399536132812,0,0.0,0.0
2003-05-06 00:00:00+09:00,182.29029846191406,183.01655463108503,182.29029846191406,182.29029846191406,9000,0.0,0.0
2003-05-07 00:00:00+09:00,183.01651000976562,183.74276600186786,181.56399802556115,183.01651000976562,12000,0.0,0.0
2003-05-08 00:00:00+09:00,183.74276600186786,183.74276600186786,183.01651000976562,183.01651000976562,12000,0.0,0.0
2003-05-09 00:00:00+09:00,182.29028680756338,184.46905517578125,181.56403068482408,184.46905517578125,16000,0.0,0.0
2003-05-12 00:00:00+09:00,184.46905517578125,184.46905517578125,183.74279905304195,184.46905517578125,19000,0.0,0.0
2003-05-13 00:00:00+09:00,185.19531008754322,185.19531008754322,183.7427978515625,183.7427978515625,18000,0.0,0.0
2003-05-14 00:00:00+09:00,185.1953125,185.1953125,183.74280024509804,185.1953125,17000,0.0,0.0
2003-05-15 00:00:00+09:00,181.56403186274508,185.1953125,181.56403186274508,185.1953125,14000,0.0,0.0
2003-05-16 00:00:00+09:00,185.19531129852055,185.92156742125985,184.46905517578125,184.46905517578125,10000,0.0,0.0
2003-05-19 00:00:00+09:00,181.56399802556115,183.74276600186786,181.56399802556115,183.01651000976562,16000,0.0,0.0
2003-05-20 00:00:00+09:00,183.74276330566406,183.74276330566406,181.56399536132812,181.56399536132812,11000,0.0,0.0
2003-05-21 00:00:00+09:00,181.5639761991279,189.55279115188952,177.20644077034882,187.3740234375,55000,0.0,0.0
2003-05-22 00:00:00+09:00,192.45785007988354,192.45785007988354,188.10031385165976,189.55282592773438,29000,0.0,0.0
2003-05-23 00:00:00+09:00,189.55279957164416,191.7315673828125,189.55279957164416,191.7315673828125,15000,0.0,0.0
2003-05-26 00:00:00+09:00,191.73160042440085,193.18411254882812,191.73160042440085,193.18411254882812,19000,0.0,0.0
2003-05-27 00:00:00+09:00,193.184084999886,193.91034095853217,185.19526945477793,186.6477813720703,33000,0.0,0.0
2003-05-28 00:00:00+09:00,187.374081170381,194.6366424560547,187.374081170381,194.6366424560547,17000,0.0,0.0
2003-05-29 00:00:00+09:00,196.08913044353108,198.2678985595703,195.36287440485134,198.2678985595703,41000,0.0,0.0
2003-05-30 00:00:00+09:00,198.2678985595703,198.99415459825005,195.36287440485134,198.2678985595703,36000,0.0,0.0
2003-06-02 00:00:00+09:00,194.6366424560547,198.26792309889152,194.6366424560547,194.6366424560547,13000,0.0,0.0
2003-06-03 00:00:00+09:00,196.8153877536746,198.99415588378906,195.36287566693161,198.99415588378906,21000,0.0,0.0
2003-06-04 00:00:00+09:00,198.99415459825005,198.99415459825005,196.81538648221084,198.2678985595703,5000,0.0,0.0
2003-06-05 00:00:00+09:00,198.9941571599787,199.7204132080078,197.54164506392047,199.7204132080078,14000,0.0,0.0
2003-06-06 00:00:00+09:00,199.72041574195833,201.1729278564453,199.72041574195833,201.1729278564453,11000,0.0,0.0
2003-06-09 00:00:00+09:00,201.1729316166469,203.35169982910156,201.1729316166469,203.35169982910156,16000,0.0,0.0
2003-06-10 00:00:00+09:00,203.35165518301505,203.35165518301505,194.6365842466001,196.08909606933594,36000,0.0,0.0
2003-06-11 00:00:00+09:00,196.81531535715297,206.2566404480865,196.81531535715297,200.44659423828125,28000,0.0,0.0
2003-06-12 00:00:00+09:00,206.25672411237443,206.25672411237443,203.35169982910156,203.35169982910156,39000,0.0,0.0
2003-06-13 00:00:00+09:00,203.3516934481534,204.07794949618253,196.08913296786224,199.7204132080078,94000,0.0,0.0
2003-06-16 00:00:00+09:00,199.72039996453051,199.72039996453051,192.4578399658203,192.4578399658203,13000,0.0,0.0
2003-06-17 00:00:00+09:00,193.91036232749184,198.2678985595703,193.91036232749184,198.2678985595703,14000,0.0,0.0
2003-06-18 00:00:00+09:00,201.17292008628704,201.17292008628704,196.8153839111328,196.8153839111328,20000,0.0,0.0
2003-06-19 00:00:00+09:00,197.54160789207177,197.54160789207177,193.9103283352322,196.08909606933594,20000,0.0,0.0
2003-06-20 00:00:00+09:00,199.7204106369298,200.44666667560955,197.54164252089058,198.2678985595703,18000,0.0,0.0
2003-06-23 00:00:00+09:00,194.6365842466001,199.7203756261755,194.6365842466001,196.08909606933594,12000,0.0,0.0
2003-06-24 00:00:00+09:00,193.9103760438807,197.54165649414062,193.9103760438807,197.54165649414062,15000,0.0,0.0
2003-06-25 00:00:00+09:00,197.54164880985834,201.89918518066406,197.54164880985834,201.89918518066406,14000,0.0,0.0
2003-06-26 00:00:00+09:00,202.62543997093226,204.80420814266273,196.8153915129844,201.1729278564453,29000,0.0,0.0
2003-06-27 00:00:00+09:00,201.89920520106105,206.25674200396165,201.89920520106105,204.80422973632812,24000,0.0,0.0
2003-06-30 00:00:00+09:00,205.53048587014487,206.25674200396165,203.35171746869457,204.80422973632812,27000,0.0,0.0
2003-07-01 00:00:00+09:00,209.1617125444189,217.15052795410156,209.1617125444189,217.15052795410156,130000,0.0,0.0
2003-07-02 00:00:00+09:00,222.23439366609148,229.49695555060427,221.50813747764022,224.4131622314453,109000,0.0,0.0
2003-07-03 00:00:00+09:00,225.865577413268,227.31808916512182,214.2454833984375,214.2454833984375,59000,0.0,0.0
2003-07-04 00:00:00+09:00,211.3404776833274,217.87678111683238,211.3404776833274,215.69801330566406,13000,0.0,0.0
2003-07-07 00:00:00+09:00,215.69806274414063,220.05559936523437,215.69806274414063,217.8768310546875,12000,0.0,0.0
2003-07-08 00:00:00+09:00,215.69807551851207,219.32935625114695,214.2455632254581,216.42433166503906,20000,0.0,0.0
2003-07-09 00:00:00+09:00,212.79302978515625,212.79302978515625,211.3405176364521,212.79302978515625,11000,0.0,0.0
2003-07-10 00:00:00+09:00,212.06675720214844,216.4242933090419,212.06675720214844,212.06675720214844,23000,0.0,0.0
2003-07-11 00:00:00+09:00,215.69802636159977,215.69802636159977,206.25669860839844,206.25669860839844,53000,0.0,0.0
2003-07-14 00:00:00+09:00,213.51926923777958,213.51926923777958,211.34050118433285,212.06675720214844,8000,0.0,0.0
2003-07-15 00:00:00+09:00,216.42431884765625,217.8768310546875,215.69806274414063,217.8768310546875,15000,0.0,0.0
2003-07-16 00:00:00+09:00,217.15058781156603,217.15058781156603,216.42433166503906,216.42433166503906,13000,0.0,0.0
2003-07-17 00:00:00+09:00,217.15053090062634,217.15053090062634,210.61422729492188,210.61422729492188,17000,0.0,0.0
2003-07-18 00:00:00+09:00,208.43543067748604,212.79296581360074,207.70917482146692,211.3404541015625,20000,0.0,0.0
2003-07-21 00:00:00+09:00,211.3404541015625,211.3404541015625,211.3404541015625,211.3404541015625,0,0.0,0.0
2003-07-22 00:00:00+09:00,200.44665590922037,215.69803190231323,200.44665590922037,209.16172790527344,18000,0.0,0.0
2003-07-23 00:00:00+09:00,212.793013219964,214.97178127341073,211.34050118433285,212.06675720214844,25000,0.0,0.0
2003-07-24 00:00:00+09:00,215.6980372912263,217.87680534467304,212.06675720214844,212.06675720214844,17000,0.0,0.0
2003-07-25 00:00:00+09:00,215.6980540825645,215.6980540825645,212.79302978515625,212.79302978515625,28000,0.0,0.0
2003-07-28 00:00:00+09:00,217.87684863766296,220.0556171240396,217.87684863766296,219.32936096191406,39000,0.0,0.0
2003-07-29 00:00:00+09:00,227.31811857505662,252.01082155126088,227.31811857505662,245.47451782226562,222000,0.0,0.0
2003-07-30 00:00:00+09:00,249.10582060813906,253.46335682868957,231.67567572593688,232.4019317626953,146000,0.0,0.0
2003-07-31 00:00:00+09:00,233.85445566646388,235.30696781346055,221.50810241699216,221.5081024169922,61000,0.0,0.0
2003-08-01 00:00:00+09:00,223.68685932159426,232.4019317626953,223.68685932159426,232.4019317626953,47000,0.0,0.0
2003-08-04 00:00:00+09:00,233.12819420567718,233.12819420567718,226.59188969523763,227.31814575195312,29000,0.0,0.0
2003-08-05 00:00:00+09:00,226.59187709263392,228.77064514160156,222.9605970110212,228.77064514160156,25000,0.0,0.0
2003-08-06 00:00:00+09:00,226.59183397480086,226.59183397480086,220.05553107168163,222.2342987060547,21000,0.0,0.0
2003-08-07 00:00:00+09:00,218.6030656149799,226.5918819663579,218.6030656149799,222.96060180664062,22000,0.0,0.0
2003-08-08 00:00:00+09:00,221.50813747764022,225.1394184198966,216.42434415848126,224.4131622314453,46000,0.0,0.0
2003-08-11 00:00:00+09:00,224.4131377882259,228.77067444430796,224.4131377882259,228.04441833496094,9000,0.0,0.0
2003-08-12 00:00:00+09:00,228.04437526268293,238.9382148452952,225.8656073461605,229.49688720703125,40000,0.0,0.0
2003-08-13 00:00:00+09:00,230.22319506113402,233.1282196044922,229.4969389252945,233.1282196044922,21000,0.0,0.0
2003-08-14 00:00:00+09:00,233.12820060298128,233.12820060298128,229.49692021975727,230.94943237304688,14000,0.0,0.0
2003-08-15 00:00:00+09:00,231.6756591796875,231.6756591796875,231.6756591796875,231.6756591796875,15000,0.0,0.0
2003-08-18 00:00:00+09:00,233.85451068584734,241.8433293738732,233.12825444148137,236.0332794189453,36000,0.0,0.0
2003-08-19 00:00:00+09:00,237.48579190767728,237.48579190767728,235.3070231745793,236.0332794189453,45000,0.0,0.0
2003-08-20 00:00:00+09:00,235.30697631835938,236.0332324181074,233.85446411886332,235.30697631835938,17000,0.0,0.0
2003-08-21 00:00:00+09:00,228.77056453538975,235.30686637925805,228.77056453538975,233.85435485839844,34000,0.0,0.0
2003-08-22 00:00:00+09:00,234.5806998729706,237.48572402000428,232.4019317626953,232.4019317626953,25000,0.0,0.0
2003-08-25 00:00:00+09:00,232.4019355892028,236.03321583278407,232.4019355892028,234.58070373535156,10000,0.0,0.0
2003-08-26 00:00:00+09:00,234.58069593748462,236.75946401120737,230.22315979003906,230.22315979003906,48000,0.0,0.0
2003-08-27 00:00:00+09:00,230.94943971987124,235.30697631835938,230.94943971987124,235.30697631835938,18000,0.0,0.0
2003-08-28 00:00:00+09:00,235.306955909729,236.75946798324586,230.94941968917848,232.4019317626953,39000,0.0,0.0
2003-08-29 00:00:00+09:00,232.40199819711538,236.0332794189453,232.40199819711538,236.0332794189453,13000,0.0,0.0
2003-09-01 00:00:00+09:00,236.75953343784775,244.74835205078125,236.75953343784775,244.74835205078125,41000,0.0,0.0
2003-09-02 00:00:00+09:00,244.74831311774975,244.74831311774975,239.66452026367188,239.66452026367188,18000,0.0,0.0
2003-09-03 00:00:00+09:00,240.390776385683,240.390776385683,233.85447128758287,239.66452026367188,37000,0.0,0.0
2003-09-04 00:00:00+09:00,238.9381451814071,238.9381451814071,233.85435485839844,233.85435485839844,19000,0.0,0.0
2003-09-05 00:00:00+09:00,233.12818779945374,239.66449213027954,232.4019317626953,232.4019317626953,28000,0.0,0.0
2003-09-08 00:00:00+09:00,236.03318922358787,239.6644690577969,233.85442132306244,236.7594451904297,47000,0.0,0.0
2003-09-09 00:00:00+09:00,236.03319057266282,237.48570251464844,236.03319057266282,237.48570251464844,14000,0.0,0.0
2003-09-10 00:00:00+09:00,237.48574761584797,246.92707703176853,237.48574761584797,246.20082092285156,52000,0.0,0.0
2003-09-11 00:00:00+09:00,243.29579648718368,246.92707703176853,228.77067430884438,246.20082092285156,58000,0.0,0.0
2003-09-12 00:00:00+09:00,244.02205699573864,244.02205699573864,237.4857518976385,239.66452026367188,95000,0.0,0.0
2003-09-15 00:00:00+09:00,239.66452026367188,239.66452026367188,239.66452026367188,239.66452026367188,0,0.0,0.0
2003-09-16 00:00:00+09:00,246.2007824322125,246.2007824322125,237.48571048770938,241.84324645996094,25000,0.0,0.0
2003-09-17 00:00:00+09:00,241.11703250769412,242.56954475171636,239.66452026367188,239.66452026367188,33000,0.0,0.0
2003-09-18 00:00:00+09:00,238.93815917046769,243.29569398816616,238.93815917046769,240.3906707763672,15000,0.0,0.0
2003-09-19 00:00:00+09:00,246.20082536177202,246.20082536177202,239.66452026367188,239.66452026367188,21000,0.0,0.0
2003-09-22 00:00:00+09:00,238.93830439640925,239.66456064077525,233.12825444148137,236.0332794189453,23000,0.0,0.0
2003-09-23 00:00:00+09:00,236.0332794189453,236.0332794189453,236.0332794189453,236.0332794189453,0,0.0,0.0
2003-09-24 00:00:00+09:00,243.29584186260516,243.29584186260516,232.40199819711538,236.0332794189453,32000,0.0,0.0
2003-09-25 00:00:00+09:00,236.39921907865084,237.8629913330078,235.66733295147236,237.8629913330078,4000,2.5,0.0
2003-09-26 00:00:00+09:00,237.8629207611084,238.59480667114258,230.5440616607666,234.2034912109375,24000,0.0,0.0
2003-09-29 00:00:00+09:00,237.86286300753954,237.86286300753954,234.2034343458851,235.66720581054688,7000,0.0,0.0
2003-09-30 00:00:00+09:00,228.34842104195786,234.20350876098243,226.88464911220174,229.08030700683594,31000,0.0,0.0
2003-10-01 00:00:00+09:00,230.54409610238045,230.54409610238045,229.8122100830078,229.8122100830078,32000,0.0,0.0
2003-10-02 00:00:00+09:00,237.13104622495686,238.59481811523438,236.3991602798181,238.59481811523438,24000,0.0,0.0
2003-10-03 00:00:00+09:00,241.522291669194,241.522291669194,235.66720581054688,235.66720581054688,36000,0.0,0.0
2003-10-06 00:00:00+09:00,237.1310639097399,237.1310639097399,232.73974791141137,233.4716339111328,24000,0.0,0.0
2003-10-07 00:00:00+09:00,234.20351991085423,234.20351991085423,232.73974791141137,233.4716339111328,7000,0.0,0.0
2003-10-08 00:00:00+09:00,234.2034912109375,234.2034912109375,233.47160530090332,234.2034912109375,4000,0.0,0.0
2003-10-09 00:00:00+09:00,230.54409610238045,230.54409610238045,229.08032406363517,229.8122100830078,8000,0.0,0.0
2003-10-10 00:00:00+09:00,229.08031251158897,232.00785644144952,229.08031251158897,231.27597045898438,30000,0.0,0.0
2003-10-13 00:00:00+09:00,231.27597045898438,231.27597045898438,231.27597045898438,231.27597045898438,0,0.0,0.0
2003-10-14 00:00:00+09:00,229.8122003116066,232.0078582763672,229.8122003116066,232.0078582763672,6000,0.0,0.0
2003-10-15 00:00:00+09:00,233.47163025287423,233.47163025287423,230.54408629986014,232.0078582763672,11000,0.0,0.0
2003-10-16 00:00:00+09:00,231.27597591196854,233.4716339111328,230.54408991224713,233.4716339111328,14000,0.0,0.0
2003-10-17 00:00:00+09:00,234.203518081761,234.203518081761,232.73974609375,232.73974609375,2000,0.0,0.0
2003-10-20 00:00:00+09:00,232.7397442646207,233.47163025287423,225.42088438208546,232.0078582763672,89000,0.0,0.0
2003-10-21 00:00:00+09:00,234.2035387461059,234.9354248046875,234.2035387461059,234.9354248046875,27000,0.0,0.0
2003-10-22 00:00:00+09:00,229.08028984069824,234.2034912109375,226.8846321105957,234.2034912109375,30000,0.0,0.0
2003-10-23 00:00:00+09:00,234.20351877520162,234.20351877520162,226.88465881347656,226.88465881347656,33000,0.0,0.0
2003-10-24 00:00:00+09:00,227.61654663085938,228.34843263288786,227.61654663085938,227.61654663085938,23000,0.0,0.0
2003-10-27 00:00:00+09:00,227.6165940700433,230.54413868830753,226.88470791547726,228.34848022460938,45000,0.0,0.0
2003-10-28 00:00:00+09:00,227.61654663085938,227.61654663085938,224.68900262274542,227.61654663085938,13000,0.0,0.0
2003-10-29 00:00:00+09:00,227.61654480964907,229.0803168019941,226.88465881347656,226.88465881347656,5000,0.0,0.0
2003-10-30 00:00:00+09:00,227.61654663085938,227.61654663085938,227.61654663085938,227.61654663085938,8000,0.0,0.0
2003-10-31 00:00:00+09:00,227.6165940700433,228.34848022460938,225.42093560634515,228.34848022460938,45000,0.0,0.0
2003-11-03 00:00:00+09:00,228.34848022460938,228.34848022460938,228.34848022460938,228.34848022460938,0,0.0,0.0
2003-11-04 00:00:00+09:00,228.34848022460938,228.34848022460938,227.6165940700433,228.34848022460938,8000,0.0,0.0
2003-11-05 00:00:00+09:00,228.34848022460938,228.34848022460938,226.88470791547726,228.34848022460938,15000,0.0,0.0
2003-11-06 00:00:00+09:00,227.61647537331174,227.61647537331174,223.95704650878906,223.95704650878906,5000,0.0,0.0
2003-11-07 00:00:00+09:00,224.68900082495904,227.61654480964907,224.68900082495904,226.88465881347656,15000,0.0,0.0
2003-11-10 00:00:00+09:00,225.42088317871094,225.42088317871094,225.42088317871094,225.42088317871094,2000,0.0,0.0
2003-11-11 00:00:00+09:00,225.42093560634515,228.34848022460938,220.29773252438275,228.34848022460938,40000,0.0,0.0
2003-11-12 00:00:00+09:00,228.34845978079488,228.34845978079488,226.15280151367188,226.15280151367188,13000,0.0,0.0
2003-11-13 00:00:00+09:00,226.88470791547726,228.34848022460938,226.88470791547726,228.34848022460938,6000,0.0,0.0
2003-11-14 00:00:00+09:00,228.34842711609681,228.34842711609681,225.42088317871094,225.42088317871094,11000,0.0,0.0
2003-11-17 00:00:00+09:00,225.42088317871094,226.15276916305743,224.68899719436448,225.42088317871094,37000,0.0,0.0
2003-11-18 00:00:00+09:00,212.9787900136132,212.9787900136132,199.80484423957526,207.1237030029297,15000,0.0,0.0
2003-11-19 00:00:00+09:00,204.92801920572919,217.37007751464844,203.46424763997396,208.5874481201172,22000,0.0,0.0
2003-11-20 00:00:00+09:00,205.65993697159774,209.31936645507812,205.65993697159774,209.31936645507812,13000,0.0,0.0
2003-11-21 00:00:00+09:00,210.0512196858724,210.0512196858724,208.5874481201172,208.5874481201172,2000,0.0,0.0
2003-11-24 00:00:00+09:00,208.5874481201172,208.5874481201172,208.5874481201172,208.5874481201172,0,0.0,0.0
2003-11-25 00:00:00+09:00,212.24696216967283,218.10205078125,212.24696216967283,218.10205078125,6000,0.0,0.0
2003-11-26 00:00:00+09:00,224.68901523323945,224.68901523323945,220.29769897460935,220.29769897460938,3000,0.0,0.0
2003-11-27 00:00:00+09:00,220.29771765781314,221.76148986816406,220.29771765781314,221.76148986816406,10000,0.0,0.0
2003-11-28 00:00:00+09:00,222.49333376024592,223.22521972656253,221.7614477939293,223.2252197265625,15000,0.0,0.0
2003-12-01 00:00:00+09:00,223.95714324654884,226.8846876027129,221.7614849794258,226.15280151367188,37000,0.0,0.0
2003-12-02 00:00:00+09:00,226.88465881347656,226.88465881347656,224.68900082495904,226.88465881347656,25000,0.0,0.0
2003-12-03 00:00:00+09:00,226.8846551474039,226.8846551474039,223.957111210018,225.42088317871094,21000,0.0,0.0
2003-12-04 00:00:00+09:00,226.15277281730405,226.88465881347656,223.22522883261405,226.88465881347656,17000,0.0,0.0
2003-12-05 00:00:00+09:00,226.88465881347656,226.88465881347656,224.68900082495904,226.88465881347656,16000,0.0,0.0
2003-12-08 00:00:00+09:00,226.15276916305743,226.15276916305743,223.22522522567155,225.42088317871094,17000,0.0,0.0
2003-12-09 00:00:00+09:00,226.15277281730405,226.88465881347656,224.68900082495904,226.88465881347656,48000,0.0,0.0
2003-12-10 00:00:00+09:00,225.42089664819574,226.88466870435286,221.02958047972442,224.6890106201172,30000,0.0,0.0
2003-12-11 00:00:00+09:00,226.15277281730405,226.88465881347656,225.42088682113155,226.88465881347656,17000,0.0,0.0
2003-12-12 00:00:00+09:00,226.88465814170598,232.73974609375,226.88465814170598,232.73974609375,102000,0.0,0.0
2003-12-15 00:00:00+09:00,233.4716260219137,241.52237174680727,233.4716260219137,236.399169921875,26000,0.0,0.0
2003-12-16 00:00:00+09:00,233.47163464708728,233.47163464708728,226.8846606288309,227.61654663085938,33000,0.0,0.0
2003-12-17 00:00:00+09:00,228.34842711609681,228.34842711609681,225.42088317871094,225.42088317871094,20000,0.0,0.0
2003-12-18 00:00:00+09:00,226.8846606288309,227.61654663085938,226.8846606288309,227.61654663085938,19000,0.0,0.0
2003-12-19 00:00:00+09:00,228.34842652912383,231.27597045898438,225.42088259926328,231.27597045898438,32000,0.0,0.0
2003-12-22 00:00:00+09:00,231.27597045898438,231.27597045898438,227.61654054665868,231.27597045898438,12000,0.0,0.0
2003-12-23 00:00:00+09:00,231.27597045898438,231.27597045898438,231.27597045898438,231.27597045898438,0,0.0,0.0
2003-12-24 00:00:00+09:00,230.54405212402344,231.27593800378224,226.88462272522943,230.54405212402344,23000,0.0,0.0
2003-12-25 00:00:00+09:00,230.54408447651926,231.27597045898438,226.88465456419354,231.27597045898438,24000,0.0,0.0
2003-12-26 00:00:00+09:00,231.2759848728242,231.2759848728242,224.6890106201172,224.6890106201172,12000,0.0,0.0
2003-12-29 00:00:00+09:00,223.22522991503294,233.4716339111328,220.29768591614726,233.4716339111328,14000,0.0,0.0
2003-12-30 00:00:00+09:00,237.13097727520866,240.79040593686312,233.4715486135542,235.66720581054688,14000,0.0,0.0
2003-12-31 00:00:00+09:00,235.66720581054688,235.66720581054688,235.66720581054688,235.66720581054688,0,0.0,0.0
2004-01-01 00:00:00+09:00,235.66720581054688,235.66720581054688,235.66720581054688,235.66720581054688,0,0.0,0.0
2004-01-02 00:00:00+09:00,235.66720581054688,235.66720581054688,235.66720581054688,235.66720581054688,0,0.0,0.0
2004-01-05 00:00:00+09:00,236.399169921875,236.399169921875,236.399169921875,236.399169921875,12000,0.0,0.0
2004-01-06 00:00:00+09:00,235.66726303100586,237.8629207611084,234.2034912109375,234.2034912109375,26000,0.0,0.0
2004-01-07 00:00:00+09:00,233.4716320877555,233.4716320877555,229.812202117728,232.73974609375,4000,0.0,0.0
2004-01-08 00:00:00+09:00,232.73974242391466,232.73974242391466,227.61654054665868,231.27597045898438,13000,0.0,0.0
2004-01-09 00:00:00+09:00,235.66731086326908,235.66731086326908,234.2035387461059,234.9354248046875,14000,0.0,0.0
2004-01-12 00:00:00+09:00,234.9354248046875,234.9354248046875,234.9354248046875,234.9354248046875,0,0.0,0.0
2004-01-13 00:00:00+09:00,235.66731086326908,237.86296903901382,234.9354248046875,234.9354248046875,11000,0.0,0.0
2004-01-14 00:00:00+09:00,234.93537712097168,235.66726303100586,234.2034912109375,234.2034912109375,11000,0.0,0.0
2004-01-15 00:00:00+09:00,234.9354040757665,234.9354040757665,232.73974609375,232.73974609375,13000,0.0,0.0
2004-01-16 00:00:00+09:00,232.73976662894273,235.66731086326908,232.73976662894273,234.9354248046875,8000,0.0,0.0
2004-01-19 00:00:00+09:00,235.66731086326908,235.66731086326908,232.73976662894273,234.9354248046875,8000,0.0,0.0
2004-01-20 00:00:00+09:00,234.9354248046875,235.66731086326908,234.9354248046875,234.9354248046875,13000,0.0,0.0
2004-01-21 00:00:00+09:00,234.935320078216,236.39909154287778,234.2034343458851,235.66720581054688,31000,0.0,0.0
2004-01-22 00:00:00+09:00,234.20349874614197,237.13104248046872,234.20349874614197,237.13104248046875,54000,0.0,0.0
2004-01-23 00:00:00+09:00,237.13105897645693,245.18180480590453,237.13105897645693,243.71803283691406,58000,0.0,0.0
2004-01-26 00:00:00+09:00,243.71802865087457,248.84123045434643,243.71802865087457,248.10934448242188,72000,0.0,0.0
2004-01-27 00:00:00+09:00,248.10933148419414,248.10933148419414,234.93538467972365,237.13104248046875,28000,0.0,0.0
2004-01-28 00:00:00+09:00,235.66733295147236,237.8629913330078,235.66733295147236,237.8629913330078,26000,0.0,0.0
2004-01-29 00:00:00+09:00,234.2034912109375,237.13103485107422,230.5440616607666,234.2034912109375,50000,0.0,0.0
2004-01-30 00:00:00+09:00,237.13097727520866,237.86286300753954,234.2034343458851,235.66720581054688,73000,0.0,0.0
2004-02-02 00:00:00+09:00,235.66732294966533,240.05863952636716,235.66732294966533,240.0586395263672,43000,0.0,0.0
2004-02-03 00:00:00+09:00,240.0585539204116,245.18175476627405,236.39912474479559,242.25421142578125,65000,0.0,0.0
2004-02-04 00:00:00+09:00,241.52239933192172,244.44994356624804,234.9354248046875,234.9354248046875,54000,0.0,0.0
2004-02-05 00:00:00+09:00,234.93539797189433,236.399169921875,234.203511996904,236.399169921875,13000,0.0,0.0
2004-02-06 00:00:00+09:00,237.86296903901382,237.86296903901382,234.9354248046875,234.9354248046875,17000,0.0,0.0
2004-02-09 00:00:00+09:00,235.66720581054688,237.13097727520866,234.935320078216,235.66720581054688,22000,0.0,0.0
2004-02-10 00:00:00+09:00,235.66720581054688,238.59474873987045,235.66720581054688,235.66720581054688,12000,0.0,0.0
2004-02-11 00:00:00+09:00,235.66720581054688,235.66720581054688,235.66720581054688,235.66720581054688,0,0.0,0.0
2004-02-12 00:00:00+09:00,235.66720581054688,237.13097727520866,234.935320078216,235.66720581054688,15000,0.0,0.0
2004-02-13 00:00:00+09:00,237.13105589686532,241.52237174680727,235.66728394688465,236.399169921875,34000,0.0,0.0
2004-02-16 00:00:00+09:00,239.32671382183628,239.32671382183628,235.66728394688465,236.399169921875,19000,0.0,0.0
2004-02-17 00:00:00+09:00,237.8629321700956,241.52236189578937,237.8629321700956,238.59481811523438,65000,0.0,0.0
2004-02-18 00:00:00+09:00,245.1818147139116,245.1818147139116,241.5223846435547,241.5223846435547,13000,0.0,0.0
2004-02-19 00:00:00+09:00,240.79046248223077,241.52234838643207,239.32669067382812,239.32669067382812,8000,0.0,0.0
2004-02-20 00:00:00+09:00,239.32670406037312,240.05859000551186,237.8629321700956,238.59481811523438,44000,0.0,0.0
2004-02-23 00:00:00+09:00,241.5223846435547,244.4499286998402,240.05861261541193,241.5223846435547,31000,0.0,0.0
2004-02-24 00:00:00+09:00,241.52232559065803,245.18175476627405,240.79043975553483,242.25421142578125,120000,0.0,0.0
2004-02-25 00:00:00+09:00,242.98616560750935,245.91370977145525,242.98616560750935,245.18182373046875,41000,0.0,0.0
2004-02-26 00:00:00+09:00,245.91366577148438,251.7687530517578,245.91366577148438,251.7687530517578,124000,0.0,0.0
2004-02-27 00:00:00+09:00,252.5006724212129,261.283304505429,252.5006724212129,259.087646484375,305000,0.0,0.0
2004-03-01 00:00:00+09:00,270.065958984375,276.65293359375,264.2108704427083,274.457275390625,266000,0.0,0.0
2004-03-02 00:00:00+09:00,281.7760696999518,285.4354991765746,272.26155306073264,284.70361328125,192000,0.0,0.0
2004-03-03 00:00:00+09:00,278.11666275618916,287.6311801662693,274.4572329830814,281.7760925292969,108000,0.0,0.0
2004-03-04 00:00:00+09:00,282.5080332361666,292.0225524902344,274.4572861750323,292.0225524902344,134000,0.0,0.0
2004-03-05 00:00:00+09:00,282.50802017211913,292.7544250488281,282.50802017211913,292.7544250488281,107000,0.0,0.0
2004-03-08 00:00:00+09:00,292.754400344122,307.3921203613281,292.0225143432617,307.3921203613281,234000,0.0,0.0
2004-03-09 00:00:00+09:00,306.66023895192865,319.10230115284224,301.53703686919954,315.44287109375,180000,0.0,0.0
2004-03-10 00:00:00+09:00,312.51540159103143,312.51540159103143,304.464653540677,308.12408447265625,77000,0.0,0.0
2004-03-11 00:00:00+09:00,299.3413391113281,306.6601982583044,298.6094531966305,299.3413391113281,84000,0.0,0.0
2004-03-12 00:00:00+09:00,292.02245160003207,299.3413100361231,292.02245160003207,294.2181091308594,129000,0.0,0.0
2004-03-15 00:00:00+09:00,305.19643411336165,307.39209191273835,302.2688903808594,302.2688903808594,54000,0.0,0.0
2004-03-16 00:00:00+09:00,296.41384255013816,300.0732727050781,296.41384255013816,300.0732727050781,42000,0.0,0.0
2004-03-17 00:00:00+09:00,300.07331000434027,307.39217122395837,297.14576551649304,303.0008544921875,44000,0.0,0.0
2004-03-18 00:00:00+09:00,303.7326622471105,310.3196356452406,301.5370044477338,302.2688903808594,128000,0.0,0.0
2004-03-19 00:00:00+09:00,299.3413466483571,309.58774971211506,298.60946071523153,302.2688903808594,72000,0.0,0.0
2004-03-22 00:00:00+09:00,303.00084439284507,306.66027488068136,301.5370721977106,305.1965026855469,30000,0.0,0.0
2004-03-23 00:00:00+09:00,298.6094252298894,306.6601695375579,297.87753938373766,305.92828369140625,30000,0.0,0.0
2004-03-24 00:00:00+09:00,302.268865981192,311.0514964697496,301.5369801071455,310.3196105957031,73000,0.0,0.0
2004-03-25 00:00:00+09:00,316.90653880399816,316.90653880399816,307.39202378216913,311.05145263671875,43000,0.0,0.0
2004-03-26 00:00:00+09:00,316.57317835256595,324.6715619848409,316.57317835256595,320.990478515625,167000,2.5,0.0
2004-03-29 00:00:00+09:00,327.6164769711702,339.39594580608866,324.6716097624406,338.65972900390625,120000,0.0,0.0
2004-03-30 00:00:00+09:00,338.6597255985113,345.2856767515256,329.0889072663794,343.0770263671875,203000,0.0,0.0
2004-03-31 00:00:00+09:00,344.5494129921549,352.6477966308594,338.6596794367334,352.6477966308594,88000,0.0,0.0
2004-04-01 00:00:00+09:00,352.6478287512515,356.3289125586758,337.9234935215541,350.4391784667969,78000,0.0,0.0
2004-04-02 00:00:00+09:00,352.6477952379409,363.6910456107365,351.1753618549015,354.8564453125,74000,0.0,0.0
2004-04-05 00:00:00+09:00,354.85640654174034,354.85640654174034,351.1753234863281,351.1753234863281,75000,0.0,0.0
2004-04-06 00:00:00+09:00,353.38399621212125,364.42724609375,353.38399621212125,364.42724609375,121000,0.0,0.0
2004-04-07 00:00:00+09:00,364.427304654508,382.09650730442354,360.74622076910896,381.36029052734375,171000,0.0,0.0
2004-04-08 00:00:00+09:00,363.6910870641529,374.73433869565554,363.6910870641529,368.8446044921875,86000,0.0,0.0
2004-04-09 00:00:00+09:00,366.6359146515688,367.37213134765625,362.21861447504386,367.37213134765625,74000,0.0,0.0
2004-04-12 00:00:00+09:00,367.3721395594473,397.5570247737506,366.6359228469033,385.7775573730469,96000,0.0,0.0
2004-04-13 00:00:00+09:00,396.8207665881971,408.6002327577911,393.139683410199,403.44671630859375,143000,0.0,0.0
2004-04-14 00:00:00+09:00,403.4467348845109,423.3245849609375,397.5570015285326,423.3245849609375,116000,0.0,0.0
2004-04-15 00:00:00+09:00,419.64343962122183,421.8520893034388,397.55694279905225,404.1828918457031,102000,0.0,0.0
2004-04-16 00:00:00+09:00,397.55691196607506,423.32448959350586,397.55691196607506,406.3915100097656,71000,0.0,0.0
2004-04-19 00:00:00+09:00,413.7536503099599,418.90716552734375,406.39148571369725,418.90716552734375,131000,0.0,0.0
2004-04-20 00:00:00+09:00,418.90738807584694,421.1160386280922,417.4349543743501,420.37982177734375,102000,0.0,0.0
2004-04-21 00:00:00+09:00,418.9073004306891,430.686767578125,413.01756685697114,430.686767578125,91000,0.0,0.0
2004-04-22 00:00:00+09:00,430.68681208732636,430.68681208732636,421.1159940409413,425.5332946777344,51000,0.0,0.0
2004-04-23 00:00:00+09:00,432.1591621662009,432.1591621662009,416.6986129234577,427.0056457519531,48000,0.0,0.0
2004-04-26 00:00:00+09:00,427.74175243712307,427.74175243712307,417.43472225791527,419.64337158203125,93000,0.0,0.0
2004-04-27 00:00:00+09:00,397.5569796604999,410.0726623535157,382.8326470804814,410.0726623535156,84000,0.0,0.0
2004-04-28 00:00:00+09:00,403.44675041008674,413.7537841796875,397.55701682745774,413.7537841796875,60000,0.0,0.0
2004-04-29 00:00:00+09:00,413.7537841796875,413.7537841796875,413.7537841796875,413.7537841796875,0,0.0,0.0
2004-04-30 00:00:00+09:00,413.7538738419524,415.96252441406244,409.33657269773227,415.9625244140625,90000,0.0,0.0
2004-05-03 00:00:00+09:00,415.96252441406244,415.96252441406244,415.96252441406244,415.9625244140625,0,0.0,0.0
2004-05-04 00:00:00+09:00,415.96252441406244,415.96252441406244,415.96252441406244,415.9625244140625,0,0.0,0.0
2004-05-05 00:00:00+09:00,415.96252441406244,415.96252441406244,415.96252441406244,415.9625244140625,0,0.0,0.0
2004-05-06 00:00:00+09:00,415.96252441406244,415.96252441406244,411.5452232698423,415.9625244140625,56000,0.0,0.0
2004-05-07 00:00:00+09:00,415.9624277383412,415.9624277383412,399.76566064056505,407.8640441894531,85000,0.0,0.0
2004-05-10 00:00:00+09:00,378.4154225728231,385.7775903271582,368.8446044921875,368.8446044921875,70000,0.0,0.0
2004-05-11 00:00:00+09:00,350.4392212163695,372.5257267552163,350.4392212163695,360.0100402832031,76000,0.0,0.0
2004-05-12 00:00:00+09:00,360.0099127633231,374.73424457368395,357.0650464012509,371.05316162109375,117000,0.0,0.0
2004-05-13 00:00:00+09:00,378.4153794411307,378.4153794411307,353.3840119294606,354.8564453125,69000,0.0,0.0
2004-05-14 00:00:00+09:00,351.17532821163053,356.32884455855174,340.86829551778817,342.3407287597656,72000,0.0,0.0
2004-05-17 00:00:00+09:00,327.61638915732397,332.76990539125944,301.1125913827989,317.3093566894531,110000,0.0,0.0
2004-05-18 00:00:00+09:00,317.3094286377476,349.7029665961256,317.3094286377476,343.813232421875,57000,0.0,0.0
2004-05-19 00:00:00+09:00,347.49423072451634,371.05316162109375,342.34071459089006,371.05316162109375,38000,0.0,0.0
2004-05-20 00:00:00+09:00,360.7461222330729,389.4585686965216,360.7461222330729,386.5137023925781,66000,0.0,0.0
2004-05-21 00:00:00+09:00,386.5137013522061,389.4585676482229,385.0412682041977,388.72235107421875,52000,0.0,0.0
2004-05-24 00:00:00+09:00,388.72235212053573,389.4585686965216,376.9428869047619,386.5137023925781,58000,0.0,0.0
2004-05-25 00:00:00+09:00,388.7223456119285,390.19477873924643,378.4153137207031,378.4153137207031,45000,0.0,0.0
2004-05-26 00:00:00+09:00,379.1516435146332,379.1516435146332,376.9429931640625,376.9429931640625,43000,0.0,0.0
2004-05-27 00:00:00+09:00,379.15152169398095,379.15152169398095,372.52557277117353,374.7342224121094,115000,0.0,0.0
2004-05-28 00:00:00+09:00,371.789436489928,375.47052001953125,368.10835296032474,375.47052001953125,16000,0.0,0.0
2004-05-31 00:00:00+09:00,375.47047541691705,385.77750807542066,368.1083092322716,382.8326416015625,57000,0.0,0.0
2004-06-01 00:00:00+09:00,382.83268135626196,385.0413314410096,382.83268135626196,384.30511474609375,20000,0.0,0.0
2004-06-02 00:00:00+09:00,385.7775126825111,393.8758955823348,382.8326461734843,393.1396789550781,76000,0.0,0.0
2004-06-03 00:00:00+09:00,395.3483109591808,403.4466934927953,387.98614501953125,387.98614501953125,59000,0.0,0.0
2004-06-04 00:00:00+09:00,393.8760724427731,399.76580810546875,393.8760724427731,399.76580810546875,59000,0.0,0.0
2004-06-07 00:00:00+09:00,400.5018892045455,404.919189453125,397.5570223721591,404.919189453125,38000,0.0,0.0
2004-06-08 00:00:00+09:00,407.8640375940791,408.60025426843663,401.23808752486116,401.97430419921875,47000,0.0,0.0
2004-06-09 00:00:00+09:00,410.07263394059805,410.07263394059805,400.5018184267241,405.65533447265625,35000,0.0,0.0
2004-06-10 00:00:00+09:00,390.9309937524014,404.9191084064421,387.2499109487065,404.1828918457031,56000,0.0,0.0
2004-06-11 00:00:00+09:00,404.1830546961421,415.96252441406244,404.1830546961421,415.9625244140625,129000,0.0,0.0
2004-06-14 00:00:00+09:00,416.6987214866259,418.171155131455,412.28142055213874,415.2262878417969,33000,0.0,0.0
2004-06-15 00:00:00+09:00,407.12783957741476,411.54513982599434,404.919189453125,404.919189453125,27000,0.0,0.0
2004-06-16 00:00:00+09:00,410.0727700848951,417.4349383090405,409.3365532624806,415.2262878417969,28000,0.0,0.0
2004-06-17 00:00:00+09:00,412.2813216262299,415.22618820927437,408.6002383974243,411.54510498046875,62000,0.0,0.0
2004-06-18 00:00:00+09:00,411.5450993001896,411.5450993001896,401.23806640179487,403.44671630859375,50000,0.0,0.0
2004-06-21 00:00:00+09:00,393.13961622450086,407.12772991039134,390.194750185366,397.5569152832031,36000,0.0,0.0
2004-06-22 00:00:00+09:00,398.2933080940603,398.2933080940603,393.8760070800781,393.8760070800781,29000,0.0,0.0
2004-06-23 00:00:00+09:00,390.1947756707099,390.1947756707099,371.78936172397823,385.041259765625,64000,0.0,0.0
2004-06-24 00:00:00+09:00,377.6792082851373,382.0965089668348,375.47055794428854,379.1516418457031,30000,0.0,0.0
2004-06-25 00:00:00+09:00,382.8326195126488,390.19478527250743,382.8326195126488,386.5137023925781,37000,0.0,0.0
2004-06-28 00:00:00+09:00,390.1949876535883,399.76580810546875,390.1949876535883,399.76580810546875,28000,0.0,0.0
2004-06-29 00:00:00+09:00,404.1830073881914,413.0176086425781,404.1830073881914,413.0176086425781,67000,0.0,0.0
2004-06-30 00:00:00+09:00,413.01755024677993,413.01755024677993,395.34835023622253,408.6002502441406,78000,0.0,0.0
2004-07-01 00:00:00+09:00,412.2813415527344,413.01755823407854,408.6002581460135,412.2813415527344,39000,0.0,0.0
2004-07-02 00:00:00+09:00,414.48998888642546,418.17107226907575,412.28133885683525,416.6986389160156,61000,0.0,0.0
2004-07-05 00:00:00+09:00,415.2263642200449,415.2263642200449,395.348506358447,399.76580810546875,52000,0.0,0.0
2004-07-06 00:00:00+09:00,399.76563313059563,404.18293294419334,399.029416494996,403.44671630859375,43000,0.0,0.0
2004-07-07 00:00:00+09:00,399.02934830277053,399.02934830277053,385.7774511266638,397.5569152832031,51000,0.0,0.0
2004-07-08 00:00:00+09:00,398.29323136915855,404.9191816137471,398.29323136915855,401.23809814453125,82000,0.0,0.0
2004-07-09 00:00:00+09:00,404.18304600554717,414.4900817871094,401.23817863938655,414.4900817871094,32000,0.0,0.0
2004-07-12 00:00:00+09:00,419.64338198697,419.64338198697,415.2260832292124,418.90716552734375,37000,0.0,0.0
2004-07-13 00:00:00+09:00,419.64337158203125,429.214185319867,418.90715514065926,419.64337158203125,121000,0.0,0.0
2004-07-14 00:00:00+09:00,418.90730106448785,419.6435177623165,409.3364839927157,413.7537841796875,17000,0.0,0.0
2004-07-15 00:00:00+09:00,392.4034667745994,409.3364493933907,392.4034667745994,403.44671630859375,28000,0.0,0.0
2004-07-16 00:00:00+09:00,396.08459180944106,404.182975656846,396.08459180944106,400.50189208984375,26000,0.0,0.0
2004-07-19 00:00:00+09:00,400.50189208984375,400.50189208984375,400.50189208984375,400.50189208984375,0,0.0,0.0
2004-07-20 00:00:00+09:00,393.1397933824448,415.9625154701897,393.1397933824448,414.4900817871094,77000,0.0,0.0
2004-07-21 00:00:00+09:00,408.6002327577911,408.6002327577911,399.76563313059563,403.44671630859375,18000,0.0,0.0
2004-07-22 00:00:00+09:00,399.7656669209436,419.6435177623165,399.7656669209436,413.7537841796875,88000,0.0,0.0
2004-07-23 00:00:00+09:00,414.48999159676686,418.1710750034877,411.5451248713902,412.2813415527344,33000,0.0,0.0
2004-07-26 00:00:00+09:00,412.2813216262299,413.017538271991,406.3915884601409,411.54510498046875,9000,0.0,0.0
2004-07-27 00:00:00+09:00,411.54514429794,418.9073114589049,397.5570266921066,398.2932434082031,17000,0.0,0.0
2004-07-28 00:00:00+09:00,398.2931317929868,398.2931317929868,397.5569152832031,397.5569152832031,8000,0.0,0.0
2004-07-29 00:00:00+09:00,397.5569869060906,397.5569869060906,396.8207702636719,396.8207702636719,9000,0.0,0.0
2004-07-30 00:00:00+09:00,396.8206987734194,397.5569152832031,382.8325850875289,397.5569152832031,32000,0.0,0.0
2004-08-02 00:00:00+09:00,396.82084704797524,396.82084704797524,389.45867919921875,389.45867919921875,14000,0.0,0.0
2004-08-03 00:00:00+09:00,388.7223500397246,390.9309997558594,375.4704517429158,390.9309997558594,51000,0.0,0.0
2004-08-04 00:00:00+09:00,379.8877438605402,390.1947756707099,379.1515273026709,385.041259765625,29000,0.0,0.0
2004-08-05 00:00:00+09:00,377.67910660144895,381.36018951179443,377.67910660144895,379.88775634765625,13000,0.0,0.0
2004-08-06 00:00:00+09:00,372.52559480212983,375.470461164202,370.3169450305757,371.05316162109375,28000,0.0,0.0
2004-08-09 00:00:00+09:00,356.32888010299774,360.00996357513617,352.6477966308594,352.6477966308594,62000,0.0,0.0
2004-08-10 00:00:00+09:00,348.96671315872095,354.8564467141424,348.96671315872095,352.6477966308594,26000,0.0,0.0
2004-08-11 00:00:00+09:00,360.00992164611813,360.00992164611813,353.38397216796875,353.38397216796875,59000,0.0,0.0
2004-08-12 00:00:00+09:00,353.38397807459677,356.32884455855174,341.6045121387769,342.3407287597656,109000,0.0,0.0
2004-08-13 00:00:00+09:00,343.0770463053385,343.0770463053385,327.6164927164713,331.2975769042969,46000,0.0,0.0
2004-08-16 00:00:00+09:00,376.20676459035565,376.20676459035565,353.38404501638104,365.16351318359375,180000,0.0,0.0
2004-08-17 00:00:00+09:00,368.84452234347816,386.51372101861483,368.84452234347816,370.31695556640625,214000,0.0,0.0
2004-08-18 00:00:00+09:00,370.31689694053244,374.73419591000203,355.5925670423006,363.6909484863281,51000,0.0,0.0
2004-08-19 00:00:00+09:00,374.73433216831137,382.83271655701753,365.8997310169956,377.67919921875,103000,0.0,0.0
2004-08-20 00:00:00+09:00,379.1516418457031,381.3602921865519,376.20677472457146,379.1516418457031,38000,0.0,0.0
2004-08-23 00:00:00+09:00,382.8326416015625,390.1948077862079,379.15155850923975,382.8326416015625,69000,0.0,0.0
2004-08-24 00:00:00+09:00,388.7223301149764,390.19476318359375,382.83259784050705,390.19476318359375,36000,0.0,0.0
2004-08-25 00:00:00+09:00,390.19476318359375,391.66719625221106,385.04124744343306,390.19476318359375,55000,0.0,0.0
2004-08-26 00:00:00+09:00,392.4035096794312,408.600277433554,391.66729296333466,398.2932434082031,162000,0.0,0.0
2004-08-27 00:00:00+09:00,404.919189453125,408.600272993608,397.5570223721591,404.919189453125,73000,0.0,0.0
2004-08-30 00:00:00+09:00,410.0725640422035,432.895274069687,408.6001311372045,432.1590576171875,263000,0.0,0.0
2004-08-31 00:00:00+09:00,423.3245890047862,429.95053909355676,416.6986389160156,416.6986389160156,115000,0.0,0.0
2004-09-01 00:00:00+09:00,416.6985569268885,421.1158561169262,415.2261238635426,418.1709899902344,107000,0.0,0.0
2004-09-02 00:00:00+09:00,417.43472225791527,419.64337158203125,415.9622893751713,419.64337158203125,59000,0.0,0.0
2004-09-03 00:00:00+09:00,418.17093869928726,420.3795880234032,415.9622893751713,419.64337158203125,84000,0.0,0.0
2004-09-06 00:00:00+09:00,416.6985058165433,419.64337158203125,415.9622893751713,419.64337158203125,37000,0.0,0.0
2004-09-07 00:00:00+09:00,418.90738807584694,420.37982177734375,417.4349543743501,420.37982177734375,28000,0.0,0.0
2004-09-08 00:00:00+09:00,420.37968086902004,420.37968086902004,415.9623812451775,417.434814453125,30000,0.0,0.0
2004-09-09 00:00:00+09:00,415.226208278111,418.9072916848319,412.2813415527344,412.2813415527344,27000,0.0,0.0
2004-09-10 00:00:00+09:00,407.86398420662715,412.28128367456895,404.91911789466593,405.65533447265625,126000,0.0,0.0
2004-09-13 00:00:00+09:00,413.01763737455326,415.2262878417969,409.3365532624806,415.2262878417969,30000,0.0,0.0
2004-09-14 00:00:00+09:00,415.9625206728533,423.32468918033743,415.9625206728533,420.37982177734375,67000,0.0,0.0
2004-09-15 00:00:00+09:00,421.1159362792969,422.58836962293077,416.6986362483952,421.1159362792969,39000,0.0,0.0
2004-09-16 00:00:00+09:00,422.5883839142628,433.63163436498394,422.5883839142628,430.686767578125,138000,0.0,0.0
2004-09-17 00:00:00+09:00,432.8953265947165,433.6315431365442,425.53316117643897,428.47802734375,82000,0.0,0.0
2004-09-20 00:00:00+09:00,428.47802734375,428.47802734375,428.47802734375,428.47802734375,0,0.0,0.0
2004-09-21 00:00:00+09:00,427.0056268903944,429.21427668465503,423.32454389995996,424.0607604980469,19000,0.0,0.0
2004-09-22 00:00:00+09:00,427.0056457519531,427.0056457519531,418.90726281527816,427.0056457519531,34000,0.0,0.0
2004-09-23 00:00:00+09:00,427.0056457519531,427.0056457519531,427.0056457519531,427.0056457519531,0,0.0,0.0
2004-09-24 00:00:00+09:00,422.5883682914402,424.06080163043475,413.7537682574728,423.3245849609375,54000,0.0,0.0
2004-09-27 00:00:00+09:00,417.77879691418303,419.2576599121094,417.77879691418303,419.2576599121094,23000,2.5,0.0
2004-09-28 00:00:00+09:00,422.95486382378476,434.04633752545743,422.2154322436732,432.5674743652344,68000,0.0,0.0
2004-09-29 00:00:00+09:00,426.6518746542396,432.56732525603144,426.6518746542396,428.1307373046875,58000,0.0,0.0
2004-09-30 00:00:00+09:00,428.8703705726926,434.78582395990213,428.8703705726926,429.60980224609375,41000,0.0,0.0
2004-10-01 00:00:00+09:00,429.60974557059154,434.7857666015625,425.17315611547355,434.7857666015625,39000,0.0,0.0
2004-10-04 00:00:00+09:00,435.52527263376976,448.0956115722656,435.52527263376976,448.0956115722656,83000,0.0,0.0
2004-10-05 00:00:00+09:00,448.83500212340795,453.27159193022914,439.9618225097656,439.9618225097656,45000,0.0,0.0
2004-10-06 00:00:00+09:00,440.7012607275146,445.87728224612636,440.7012607275146,442.9195556640625,48000,0.0,0.0
2004-10-07 00:00:00+09:00,435.5250645007118,439.2222212452,434.04620180291647,436.2644958496094,60000,0.0,0.0
2004-10-08 00:00:00+09:00,435.52519126787575,436.26462283199777,430.34917031902154,431.8280334472656,69000,0.0,0.0
2004-10-11 00:00:00+09:00,431.8280334472656,431.8280334472656,431.8280334472656,431.8280334472656,0,0.0,0.0
2004-10-12 00:00:00+09:00,429.6097480447883,436.26463226579193,428.8703164646768,432.5674743652344,60000,0.0,0.0
2004-10-13 00:00:00+09:00,432.5675196154364,432.5675196154364,428.870361328125,428.870361328125,57000,0.0,0.0
2004-10-14 00:00:00+09:00,427.3913538758184,427.3913538758184,407.42670585739785,419.9970397949219,40000,0.0,0.0
2004-10-15 00:00:00+09:00,419.2578553866496,419.9972872303651,417.03955985550334,417.77899169921875,34000,0.0,0.0
2004-10-18 00:00:00+09:00,428.1307949609203,428.1307949609203,419.9970492880876,420.7364807128906,47000,0.0,0.0
2004-10-19 00:00:00+09:00,434.78580756338687,451.0533037647381,430.3492176902911,442.9195556640625,107000,0.0,0.0
2004-10-20 00:00:00+09:00,443.6589944773707,443.6589944773707,421.47604475350215,428.870361328125,161000,0.0,0.0
2004-10-21 00:00:00+09:00,428.8701973092515,439.96166792931837,422.9547463118825,430.34906005859375,47000,0.0,0.0
2004-10-22 00:00:00+09:00,425.1731493701673,431.8280334472656,419.9971284213131,431.8280334472656,40000,0.0,0.0
2004-10-25 00:00:00+09:00,432.5674126364968,432.5674126364968,419.99707756842764,422.9548034667969,85000,0.0,0.0
2004-10-26 00:00:00+09:00,415.560546875,421.47599949955514,414.0816837188612,415.560546875,35000,0.0,0.0
2004-10-27 00:00:00+09:00,416.30001831054693,417.7788816082753,410.3845651196333,416.3000183105469,53000,0.0,0.0
2004-10-28 00:00:00+09:00,409.64514619790526,422.2154846191406,408.90571452606787,422.2154846191406,21000,0.0,0.0
2004-10-29 00:00:00+09:00,422.2154846191406,422.2154846191406,415.56059957260425,422.2154846191406,33000,0.0,0.0
2004-11-01 00:00:00+09:00,414.82102931446684,421.47591213769357,414.82102931446684,420.7364807128906,18000,0.0,0.0
2004-11-02 00:00:00+09:00,430.3491000507545,433.30682582429915,425.91251139043743,431.0885314941406,25000,0.0,0.0
2004-11-03 00:00:00+09:00,431.0885314941406,431.0885314941406,431.0885314941406,431.0885314941406,0,0.0,0.0
2004-11-04 00:00:00+09:00,436.26449584960943,439.96165259409764,431.82790775622357,436.2644958496094,33000,0.0,0.0
2004-11-05 00:00:00+09:00,446.6165853964316,447.35601682920714,437.743408203125,437.743408203125,41000,0.0,0.0
2004-11-08 00:00:00+09:00,437.743373805305,439.2222365546472,429.6096286839226,430.34906005859375,104000,0.0,0.0
2004-11-09 00:00:00+09:00,437.00392719850703,442.17994664079055,435.5250645007118,436.2644958496094,100000,0.0,0.0
2004-11-10 00:00:00+09:00,434.04633752545743,436.26463226579193,432.5674743652344,432.5674743652344,37000,0.0,0.0
2004-11-11 00:00:00+09:00,436.26461829015244,436.26461829015244,420.7365556052487,426.6520080566406,29000,0.0,0.0
2004-11-12 00:00:00+09:00,411.86338835343065,427.39145146908965,411.86338835343065,425.17315673828125,73000,0.0,0.0
2004-11-15 00:00:00+09:00,433.3069763183594,438.4829982197732,428.8703861171475,433.3069763183594,59000,0.0,0.0
2004-11-16 00:00:00+09:00,433.30690097970205,440.7012166960792,432.5674694080643,437.0040588378906,45000,0.0,0.0
2004-11-17 00:00:00+09:00,444.3983323400741,471.75729789179246,444.3983323400741,457.7080993652344,371000,0.0,0.0
2004-11-18 00:00:00+09:00,462.8839640234061,468.79941404287456,459.92623901367193,459.9262390136719,151000,0.0,0.0
2004-11-19 00:00:00+09:00,462.1447911338201,468.79967612614706,456.22933780730716,465.8419494628906,96000,0.0,0.0
2004-11-22 00:00:00+09:00,465.84187941117716,465.84187941117716,454.75040609186345,455.4898376464844,74000,0.0,0.0
2004-11-23 00:00:00+09:00,455.4898376464843,455.4898376464843,455.4898376464843,455.4898376464844,0,0.0,0.0
2004-11-24 00:00:00+09:00,452.5321698284789,452.5321698284789,436.2646735274552,440.7012634277344,57000,0.0,0.0
2004-11-25 00:00:00+09:00,440.70119528021695,448.0955106372676,438.48290067310177,447.3560791015625,49000,0.0,0.0
2004-11-26 00:00:00+09:00,448.83494217297266,451.7926683157929,443.6589214230372,447.3560791015625,46000,0.0,0.0
2004-11-29 00:00:00+09:00,435.5252546600948,450.3138880950725,435.5252546600948,446.6167297363281,16000,0.0,0.0
2004-11-30 00:00:00+09:00,443.6589686714824,444.3984002859348,440.7012422136725,441.440673828125,23000,0.0,0.0
2004-12-01 00:00:00+09:00,441.4407090205129,441.4407090205129,429.60980224609375,429.60980224609375,38000,0.0,0.0
2004-12-02 00:00:00+09:00,437.0040867352726,442.1801080671625,434.046360259907,439.2223815917969,46000,0.0,0.0
2004-12-03 00:00:00+09:00,439.22234170794684,439.22234170794684,427.3914368807968,438.48291015625,29000,0.0,0.0
2004-12-06 00:00:00+09:00,432.5675196154364,436.26467790274785,428.870361328125,428.870361328125,50000,0.0,0.0
2004-12-07 00:00:00+09:00,428.13082513203193,442.1800231933594,428.13082513203193,442.1800231933594,65000,0.0,0.0
2004-12-08 00:00:00+09:00,442.180163675944,454.01107106526695,437.74357340494794,443.6590270996094,99000,0.0,0.0
2004-12-09 00:00:00+09:00,443.6589831840701,458.4476159568724,443.6589831840701,454.7504577636719,77000,0.0,0.0
2004-12-10 00:00:00+09:00,456.96883240240703,458.4476959376899,455.48996886712416,456.2294006347656,135000,0.0,0.0
2004-12-13 00:00:00+09:00,456.2294006347656,457.7082641700485,455.48996886712416,456.2294006347656,141000,0.0,0.0
2004-12-14 00:00:00+09:00,455.4899779878388,459.92656868252556,455.4899779878388,456.9688415527344,62000,0.0,0.0
2004-12-15 00:00:00+09:00,460.665892499048,471.0179350271165,460.665892499048,470.27850341796875,120000,0.0,0.0
2004-12-16 00:00:00+09:00,465.84187664563143,476.93334989909886,465.1024450954003,467.32073974609375,199000,0.0,0.0
2004-12-17 00:00:00+09:00,472.4968717557023,474.71516692826424,462.884259341267,468.7997131347656,68000,0.0,0.0
2004-12-20 00:00:00+09:00,465.10247802734375,469.5390676428669,462.144751616995,465.10247802734375,113000,0.0,0.0
2004-12-21 00:00:00+09:00,468.79967612614706,469.5391077919612,464.36308613126243,465.8419494628906,99000,0.0,0.0
2004-12-22 00:00:00+09:00,472.4968717557023,473.97573520407695,468.7997131347656,468.7997131347656,165000,0.0,0.0
2004-12-23 00:00:00+09:00,468.7997131347656,468.7997131347656,468.7997131347656,468.7997131347656,0,0.0,0.0
2004-12-24 00:00:00+09:00,473.23613640720856,490.9824915224789,473.23613640720856,482.10931396484375,239000,0.0,0.0
2004-12-27 00:00:00+09:00,488.02488233222334,508.728968249348,487.28545069232604,496.15863037109375,144000,0.0,0.0
2004-12-28 00:00:00+09:00,505.77108712332586,523.5174410574776,500.59506722586497,517.6019897460938,179000,0.0,0.0
2004-12-29 00:00:00+09:00,521.2991930774807,528.6935078729059,501.33454312983247,502.073974609375,158000,0.0,0.0
2004-12-30 00:00:00+09:00,504.29230912152457,510.2077614279354,502.0740145066205,502.8134460449219,99000,0.0,0.0
2004-12-31 00:00:00+09:00,502.8134460449219,502.8134460449219,502.8134460449219,502.8134460449219,0,0.0,0.0
2005-01-03 00:00:00+09:00,502.8134460449219,502.8134460449219,502.8134460449219,502.8134460449219,0,0.0,0.0
2005-01-04 00:00:00+09:00,510.20791322121886,514.6445037709686,502.8135956383027,512.4262084960938,27000,0.0,0.0
2005-01-05 00:00:00+09:00,506.5105561433015,510.94714495623555,499.1162414550782,499.1162414550781,74000,0.0,0.0
2005-01-06 00:00:00+09:00,498.3768815243875,517.6021024733996,498.3768815243875,516.8626708984375,89000,0.0,0.0
2005-01-07 00:00:00+09:00,517.6021489230069,525.7358969775113,513.904990716414,520.5598754882812,107000,0.0,0.0
2005-01-10 00:00:00+09:00,520.5598754882812,520.5598754882812,520.5598754882812,520.5598754882812,0,0.0,0.0
2005-01-11 00:00:00+09:00,521.2993071295998,526.4753286188298,517.6021489230069,520.5598754882812,150000,0.0,0.0
2005-01-12 00:00:00+09:00,521.2994202441545,524.9965792529783,517.6022612353307,519.820556640625,149000,0.0,0.0
2005-01-13 00:00:00+09:00,525.7358535108713,536.8273272136322,521.2992640297668,531.6513061523438,168000,0.0,0.0
2005-01-14 00:00:00+09:00,528.6937709384495,539.0458168029785,522.7783161587186,532.3909301757812,169000,0.0,0.0
2005-01-17 00:00:00+09:00,539.7851537855926,551.6160612658248,533.8697000454765,549.3977661132812,239000,0.0,0.0
2005-01-18 00:00:00+09:00,544.2218537414966,544.9612856079932,536.088103210034,543.482421875,122000,0.0,0.0
2005-01-19 00:00:00+09:00,543.4822069661001,543.4822069661001,526.4752807617188,526.4752807617188,114000,0.0,0.0
2005-01-20 00:00:00+09:00,519.0808525739398,521.2991468157087,512.4259698486328,517.6019897460938,84000,0.0,0.0
2005-01-21 00:00:00+09:00,515.3837841183114,529.4329833984375,515.3837841183114,529.4329833984375,105000,0.0,0.0
2005-01-24 00:00:00+09:00,521.2993071295998,524.9964653361927,516.1232856403698,520.5598754882812,59000,0.0,0.0
2005-01-25 00:00:00+09:00,519.0810398387774,522.7781982421875,519.0810398387774,522.7781982421875,67000,0.0,0.0
2005-01-26 00:00:00+09:00,523.5177480061849,532.3909301757812,523.5177480061849,532.3909301757812,96000,0.0,0.0
2005-01-27 00:00:00+09:00,533.869600892896,533.869600892896,525.7358535108713,531.6513061523438,72000,0.0,0.0
2005-01-28 00:00:00+09:00,524.9963523418457,531.6512356813903,524.9963523418457,530.9118041992188,64000,0.0,0.0
2005-01-31 00:00:00+09:00,521.2992272010216,530.9118370643029,521.2992272010216,528.6935424804688,49000,0.0,0.0
2005-02-01 00:00:00+09:00,528.6937709384495,532.3909301757812,527.2149072435167,532.3909301757812,72000,0.0,0.0
2005-02-02 00:00:00+09:00,532.3906439361149,539.7849584352276,526.4751923368248,533.8695068359375,70000,0.0,0.0
2005-02-03 00:00:00+09:00,536.0878992145213,547.1793729913734,535.3484676293978,546.43994140625,92000,0.0,0.0
2005-02-04 00:00:00+09:00,547.1794490138582,547.9188807017148,542.7428588867188,542.7428588867188,84000,0.0,0.0
2005-02-07 00:00:00+09:00,542.0032726272314,551.6158818279872,542.0032726272314,544.9609985351562,198000,0.0,0.0
2005-02-08 00:00:00+09:00,545.7006647019159,567.1441867565983,545.7006647019159,559.0104370117188,311000,0.0,0.0
2005-02-09 00:00:00+09:00,567.1438938764378,582.6719535523247,567.1438938764378,574.5382080078125,207000,0.0,0.0
2005-02-10 00:00:00+09:00,558.2708925678047,564.9257773798712,556.7920292762343,559.749755859375,266000,0.0,0.0
2005-02-11 00:00:00+09:00,559.749755859375,559.749755859375,559.749755859375,559.749755859375,0,0.0,0.0
2005-02-14 00:00:00+09:00,567.1440707912693,574.5383872292259,563.446912572291,569.3623657226562,121000,0.0,0.0
2005-02-15 00:00:00+09:00,570.1015494435104,577.4958626658646,569.362118121275,573.7987060546875,75000,0.0,0.0
2005-02-16 00:00:00+09:00,574.5382080078125,584.1508163785996,571.5804823552627,574.5382080078125,70000,0.0,0.0
2005-02-17 00:00:00+09:00,576.7566580365794,576.7566580365794,572.320068359375,572.320068359375,80000,0.0,0.0
2005-02-18 00:00:00+09:00,572.3200074044227,572.3200074044227,558.270808256252,562.7073974609375,45000,0.0,0.0
2005-02-21 00:00:00+09:00,555.3130493164062,559.7496382590141,549.3975973929292,555.3130493164062,62000,0.0,0.0
2005-02-22 00:00:00+09:00,550.8764603737985,561.9679327303179,550.8764603737985,555.3130493164062,123000,0.0,0.0
2005-02-23 00:00:00+09:00,556.0525469274329,556.0525469274329,550.1370943005453,550.8765258789062,39000,0.0,0.0
2005-02-24 00:00:00+09:00,549.3977128183826,564.186345734086,548.6582811725974,559.749755859375,65000,0.0,0.0
2005-02-25 00:00:00+09:00,564.1862088100804,568.6227976080627,560.4890514784285,563.44677734375,78000,0.0,0.0
2005-02-28 00:00:00+09:00,566.4046154564357,573.7989315851098,565.6651838435683,572.320068359375,131000,0.0,0.0
2005-03-01 00:00:00+09:00,575.2778930664062,575.2778930664062,566.4047121964874,575.2778930664062,48000,0.0,0.0
2005-03-02 00:00:00+09:00,577.4960844382261,577.4960844382261,570.101768376277,576.7566528320312,50000,0.0,0.0
2005-03-03 00:00:00+09:00,569.3622110423573,576.0170940285667,562.707328056148,571.5805053710938,120000,0.0,0.0
2005-03-04 00:00:00+09:00,570.8412119738023,595.2424554908172,562.7074641347973,592.2847290039062,149000,0.0,0.0
2005-03-07 00:00:00+09:00,592.2846827013739,593.7635458292175,577.4960514229376,578.9749145507812,183000,0.0,0.0
2005-03-08 00:00:00+09:00,586.3693200807838,590.0664784671695,581.1932983398438,581.1932983398438,128000,0.0,0.0
2005-03-09 00:00:00+09:00,581.9326862997181,596.7213187342726,581.9326862997181,592.2847290039062,64000,0.0,0.0
2005-03-10 00:00:00+09:00,590.0664765282776,592.28477155282,587.8481815037352,590.805908203125,119000,0.0,0.0
2005-03-11 00:00:00+09:00,595.9820582165783,601.1580810546875,595.9820582165783,601.1580810546875,181000,0.0,0.0
2005-03-14 00:00:00+09:00,610.0309406376919,617.4252550696639,607.8126463081002,614.467529296875,207000,0.0,0.0
2005-03-15 00:00:00+09:00,614.46763373312,614.46763373312,584.1509394093439,593.7635498046875,321000,0.0,0.0
2005-03-16 00:00:00+09:00,584.150883807442,598.9395137772507,581.9325893119707,589.326904296875,96000,0.0,0.0
2005-03-17 00:00:00+09:00,589.3269797431099,589.3269797431099,576.7566426595052,585.6298217773438,55000,0.0,0.0
2005-03-18 00:00:00+09:00,587.1089407348633,592.2849641418458,583.4117811584473,591.5455322265625,74000,0.0,0.0
2005-03-21 00:00:00+09:00,591.5455322265625,591.5455322265625,591.5455322265625,591.5455322265625,0,0.0,0.0
2005-03-22 00:00:00+09:00,592.2849641418458,598.2004194641114,589.3272364807129,591.5455322265625,117000,0.0,0.0
2005-03-23 00:00:00+09:00,601.1576861346209,604.8548428759162,592.2845099555121,598.9393920898438,85000,0.0,0.0
2005-03-24 00:00:00+09:00,592.2846113096992,595.2423372088738,586.3691595113502,587.8480224609375,78000,0.0,0.0
2005-03-25 00:00:00+09:00,595.2424871818646,599.6790771484375,584.1510122654323,599.6790771484375,143000,0.0,0.0
2005-03-28 00:00:00+09:00,584.4737548828125,592.6326524763542,581.5068830306154,584.4737548828125,65000,2.5,0.0
2005-03-29 00:00:00+09:00,584.4738256867197,589.6658520570332,579.2817993164062,579.2817993164062,71000,0.0,0.0
2005-03-30 00:00:00+09:00,585.2154914796814,585.9572094663476,552.5799000663659,574.0897216796875,53000,0.0,0.0
2005-03-31 00:00:00+09:00,574.0897077153459,578.5400155270927,568.15596396635,577.0565795898438,86000,0.0,0.0
2005-04-01 00:00:00+09:00,577.0566264198869,580.0234985351562,570.381164160531,580.0234985351562,50000,0.0,0.0
2005-04-04 00:00:00+09:00,578.5400206135863,590.4075082159162,574.0897127627126,588.924072265625,29000,0.0,0.0
2005-04-05 00:00:00+09:00,587.440764135244,588.9242004083127,577.7984283602967,581.5070190429688,90000,0.0,0.0
2005-04-06 00:00:00+09:00,580.0235995958798,592.6328082827467,580.0235995958798,590.4076538085938,113000,0.0,0.0
2005-04-07 00:00:00+09:00,589.6659356505428,590.4076538085938,581.5070359119818,590.4076538085938,29000,0.0,0.0
2005-04-08 00:00:00+09:00,590.4076785525759,604.5003241461676,589.6659603634396,603.7586059570312,81000,0.0,0.0
2005-04-11 00:00:00+09:00,602.2749913153956,602.2749913153956,593.3743756801928,596.3412475585938,40000,0.0,0.0
2005-04-12 00:00:00+09:00,588.9242028808593,597.0831024169921,588.9242028808593,593.37451171875,59000,0.0,0.0
2005-04-13 00:00:00+09:00,594.1161741618869,594.1161741618869,574.8315043389043,585.957275390625,37000,0.0,0.0
2005-04-14 00:00:00+09:00,578.5400155270927,578.5400155270927,574.8314256839703,577.0565795898438,88000,0.0,0.0
2005-04-15 00:00:00+09:00,565.1891293945313,565.1891293945313,556.2885131835938,556.2885131835938,53000,0.0,0.0
2005-04-18 00:00:00+09:00,540.7124259786402,540.7124259786402,520.6860398312832,522.9111938476562,74000,0.0,0.0
2005-04-19 00:00:00+09:00,525.136476295429,545.9045855274517,514.0107034925599,537.0039672851562,86000,0.0,0.0
2005-04-20 00:00:00+09:00,551.8382334747726,552.5799515305182,544.4210529173159,550.3547973632812,32000,0.0,0.0
2005-04-21 00:00:00+09:00,544.4209445716594,544.4209445716594,530.3283043170798,537.7454833984375,47000,0.0,0.0
2005-04-22 00:00:00+09:00,567.4141709981255,573.3479139628118,557.0301208099246,570.3810424804688,91000,0.0,0.0
2005-04-25 00:00:00+09:00,569.639375819135,575.573119317251,563.7056323210189,565.9307861328125,100000,0.0,0.0
2005-04-26 00:00:00+09:00,582.9904306087853,594.1162021852889,580.7652762934847,589.6658935546875,288000,0.0,0.0
2005-04-27 00:00:00+09:00,588.9241190745417,592.6327092450364,580.7652206994537,591.8909912109375,141000,0.0,0.0
2005-04-28 00:00:00+09:00,592.6326948481834,607.46705516979,584.4737966712999,604.5001831054688,271000,0.0,0.0
2005-04-29 00:00:00+09:00,604.5001831054688,604.5001831054688,604.5001831054688,604.5001831054688,0,0.0,0.0
2005-05-02 00:00:00+09:00,608.2088591302822,630.4604027569999,608.2088591302822,627.4935302734375,277000,0.0,0.0
2005-05-03 00:00:00+09:00,627.4935302734375,627.4935302734375,627.4935302734375,627.4935302734375,0,0.0,0.0
2005-05-04 00:00:00+09:00,627.4935302734375,627.4935302734375,627.4935302734375,627.4935302734375,0,0.0,0.0
2005-05-05 00:00:00+09:00,627.4935302734375,627.4935302734375,627.4935302734375,627.4935302734375,0,0.0,0.0
2005-05-06 00:00:00+09:00,626.7517946092345,626.7517946092345,617.8511774076832,618.5928955078125,129000,0.0,0.0
2005-05-09 00:00:00+09:00,630.4603080793008,650.4866943359375,627.4934360412806,650.4866943359375,290000,0.0,0.0
2005-05-10 00:00:00+09:00,645.2946827023528,645.2946827023528,634.9106303370276,637.8775024414062,176000,0.0,0.0
2005-05-11 00:00:00+09:00,630.4601794945266,631.2018973527555,619.3344116210938,619.3344116210938,174000,0.0,0.0
2005-05-12 00:00:00+09:00,641.5861268394633,643.8112810365944,619.3345848681524,624.526611328125,299000,0.0,0.0
2005-05-13 00:00:00+09:00,629.7185286565157,631.9436824680229,611.9172981644588,621.5596313476562,174000,0.0,0.0
2005-05-16 00:00:00+09:00,626.0101211436473,626.7518392966612,609.6923217773438,609.6923217773438,134000,0.0,0.0
2005-05-17 00:00:00+09:00,617.1093893788343,617.1093893788343,595.5995669125048,604.5001831054688,145000,0.0,0.0
2005-05-18 00:00:00+09:00,618.5929770318022,635.6524955830389,613.4009496466432,629.71875,176000,0.0,0.0
2005-05-19 00:00:00+09:00,630.4604217709874,637.8776032035872,623.7849584816475,626.7518310546875,203000,0.0,0.0
2005-05-20 00:00:00+09:00,627.4934652673193,648.261570500753,615.6259765625,615.6259765625,60000,0.0,0.0
2005-05-23 00:00:00+09:00,600.7914582975618,620.8178402408138,600.7914582975618,607.4669189453125,182000,0.0,0.0
2005-05-24 00:00:00+09:00,611.1755933122716,617.1093369366627,608.2087215000761,608.950439453125,61000,0.0,0.0
2005-05-25 00:00:00+09:00,601.5333832362912,601.5333832362912,582.2487125036852,589.6658935546875,151000,0.0,0.0
2005-05-26 00:00:00+09:00,578.5400206135863,589.6657902407707,578.5400206135863,588.924072265625,137000,0.0,0.0
2005-05-27 00:00:00+09:00,596.3411964699073,603.0166576244213,594.1160427517361,600.79150390625,90000,0.0,0.0
2005-05-30 00:00:00+09:00,608.2086367950625,616.3675331423134,607.4669189453125,607.4669189453125,76000,0.0,0.0
2005-05-31 00:00:00+09:00,607.4669189453125,611.1755081940628,601.5331761473119,607.4669189453125,89000,0.0,0.0
2005-06-01 00:00:00+09:00,605.9836605426342,614.88427734375,603.7585063423552,614.88427734375,45000,0.0,0.0
2005-06-02 00:00:00+09:00,615.6259954105096,615.6259954105096,605.9836605426342,614.88427734375,76000,0.0,0.0
2005-06-03 00:00:00+09:00,592.6326577105925,603.0167092849958,587.4406319233908,596.3412475585938,230000,0.0,0.0
2005-06-06 00:00:00+09:00,585.2155146873802,605.9836191376294,585.2155146873802,604.5001831054688,86000,0.0,0.0
2005-06-07 00:00:00+09:00,597.083040169391,603.0167846679688,593.3744498577798,603.0167846679688,34000,0.0,0.0
2005-06-08 00:00:00+09:00,595.5995343478934,601.5332781521065,595.5995343478934,598.56640625,29000,0.0,0.0
2005-06-09 00:00:00+09:00,602.2750942538012,606.7254028320312,597.8247856755711,606.7254028320312,64000,0.0,0.0
2005-06-10 00:00:00+09:00,608.2087179608819,626.0099487304688,605.2418461659508,626.0099487304688,162000,0.0,0.0
2005-06-13 00:00:00+09:00,629.7186377880976,629.7186377880976,617.8511487367317,624.526611328125,57000,0.0,0.0
2005-06-14 00:00:00+09:00,617.1094315440289,620.0763038110675,612.659123143471,614.88427734375,106000,0.0,0.0
2005-06-15 00:00:00+09:00,637.1359293997426,645.2948295433947,634.1690566202327,639.361083984375,412000,0.0,0.0
2005-06-16 00:00:00+09:00,652.71187284767,652.71187284767,630.460331727863,632.6854858398438,330000,0.0,0.0
2005-06-17 00:00:00+09:00,632.6856202304778,641.5862385690074,630.4604656458454,639.361083984375,82000,0.0,0.0
2005-06-20 00:00:00+09:00,631.9438099202283,634.1689641805109,627.4935013996634,633.42724609375,53000,0.0,0.0
2005-06-21 00:00:00+09:00,628.2352338723575,632.68554249483,625.2683614573759,630.4603881835938,59000,0.0,0.0
2005-06-22 00:00:00+09:00,631.2020075981607,633.4271615614914,626.7516996714991,631.9437255859375,56000,0.0,0.0
2005-06-23 00:00:00+09:00,632.6854808184114,649.0032775100938,632.6854808184114,640.1026611328125,201000,0.0,0.0
2005-06-24 00:00:00+09:00,630.4603362751899,634.91064453125,625.268309976453,634.91064453125,125000,0.0,0.0
2005-06-27 00:00:00+09:00,637.1355856190556,637.1355856190556,627.4932542883831,631.2018432617188,56000,0.0,0.0
2005-06-28 00:00:00+09:00,632.685522503323,640.8444213867188,631.2020863427056,640.8444213867188,55000,0.0,0.0
2005-06-29 00:00:00+09:00,637.1357047582753,640.1025764917248,634.9105509581882,638.619140625,81000,0.0,0.0
2005-06-30 00:00:00+09:00,640.844412423514,640.844412423514,632.6855136542331,636.3941040039062,54000,0.0,0.0
2005-07-01 00:00:00+09:00,626.7517932950394,629.7186656893355,624.5266389993174,628.2352294921875,246000,0.0,0.0
2005-07-04 00:00:00+09:00,628.2351827202884,629.7186188069951,624.5265925035217,625.268310546875,127000,0.0,0.0
2005-07-05 00:00:00+09:00,623.0431564168149,626.0100285902283,619.3345662000481,625.268310546875,70000,0.0,0.0
2005-07-06 00:00:00+09:00,623.7849266207204,628.2352352529729,619.3346179884679,620.8180541992188,114000,0.0,0.0
2005-07-07 00:00:00+09:00,621.5598040518676,627.4935491979475,621.5598040518676,626.7518310546875,85000,0.0,0.0
2005-07-08 00:00:00+09:00,626.0101000042054,627.4935362601394,620.0763549804688,620.0763549804688,122000,0.0,0.0
2005-07-11 00:00:00+09:00,621.5597723045942,624.5266447260958,620.8180541992188,620.8180541992188,193000,0.0,0.0
2005-07-12 00:00:00+09:00,613.4006687552629,620.0761294793226,611.1755151805763,619.3344116210938,543000,0.0,0.0
2005-07-13 00:00:00+09:00,611.917386342244,617.8511306946535,609.6922322100903,615.6259765625,294000,0.0,0.0
2005-07-14 00:00:00+09:00,616.367851846992,633.4273712121916,614.884415380453,623.7850341796875,293000,0.0,0.0
2005-07-15 00:00:00+09:00,624.5264169251127,642.327644960983,624.5264169251127,637.1356201171875,377000,0.0,0.0
2005-07-18 00:00:00+09:00,637.1356201171875,637.1356201171875,637.1356201171875,637.1356201171875,0,0.0,0.0
2005-07-19 00:00:00+09:00,631.9437919852286,631.9437919852286,623.0431751967043,624.526611328125,207000,0.0,0.0
2005-07-20 00:00:00+09:00,615.6258781139667,623.0430573683518,611.1755705613356,617.1093139648438,856000,0.0,0.0
2005-07-21 00:00:00+09:00,620.0764134275619,630.4604681978799,612.6592314487633,629.71875,401000,0.0,0.0
2005-07-22 00:00:00+09:00,623.0430672219943,623.7847851591633,603.7584008555992,621.5596313476562,217000,0.0,0.0
2005-07-25 00:00:00+09:00,620.8179134104872,623.0430672219943,611.9172981644588,621.5596313476562,81000,0.0,0.0
2005-07-26 00:00:00+09:00,622.3013492848253,626.7516569078396,616.3676057874729,621.5596313476562,137000,0.0,0.0
2005-07-27 00:00:00+09:00,623.0430631817511,631.9436783700619,618.5927555875958,628.976806640625,313000,0.0,0.0
2005-07-28 00:00:00+09:00,628.9768906612109,641.5860971956927,623.04314640969,640.1026611328125,404000,0.0,0.0
2005-07-29 00:00:00+09:00,632.6854109168748,643.0694622097661,632.6854109168748,635.6522827148438,298000,0.0,0.0
2005-08-01 00:00:00+09:00,635.6523753798361,659.3873532236573,635.6523753798361,651.2284545898438,482000,0.0,0.0
2005-08-02 00:00:00+09:00,650.4866252716303,674.2215990557719,644.5528818255949,665.3209838867188,509000,0.0,0.0
2005-08-03 00:00:00+09:00,657.9039171084185,661.6125073965155,645.2947101288885,651.2284545898438,338000,0.0,0.0
2005-08-04 00:00:00+09:00,651.9700130809437,652.7117309570312,641.5859628157182,652.7117309570312,309000,0.0,0.0
2005-08-05 00:00:00+09:00,649.0032826610354,649.0032826610354,630.460331727863,632.6854858398438,190000,0.0,0.0
2005-08-08 00:00:00+09:00,617.8509229577105,637.1355856190556,615.6257695737092,631.2018432617188,149000,0.0,0.0
2005-08-09 00:00:00+09:00,653.4534488331187,654.9368845852938,644.5528343200683,652.7117309570312,377000,0.0,0.0
2005-08-10 00:00:00+09:00,658.6456676336766,662.354258104587,655.6787952569483,657.1622314453125,216000,0.0,0.0
2005-08-11 00:00:00+09:00,652.7117309570312,659.387191841819,647.5197058244185,652.7117309570312,169000,0.0,0.0
2005-08-12 00:00:00+09:00,663.837500697154,667.5460900865237,654.1951682847932,662.3540649414062,318000,0.0,0.0
2005-08-15 00:00:00+09:00,666.062762920673,677.9302509014423,666.062762920673,674.96337890625,218000,0.0,0.0
2005-08-16 00:00:00+09:00,677.9303658864634,700.181909624531,674.2217752634521,692.0230102539062,416000,0.0,0.0
2005-08-17 00:00:00+09:00,689.7976822986974,703.148605181898,686.830810546875,686.830810546875,186000,0.0,0.0
2005-08-18 00:00:00+09:00,693.5064465031107,700.181909624531,686.0892652570882,692.0230102539062,242000,0.0,0.0
2005-08-19 00:00:00+09:00,692.0228507138829,698.6983122963319,687.5725429922502,693.5062866210938,143000,0.0,0.0
2005-08-22 00:00:00+09:00,694.2480375546792,702.4069354319244,692.0228835881578,699.4400634765625,156000,0.0,0.0
2005-08-23 00:00:00+09:00,704.632169881444,704.632169881444,697.2149891458499,698.6984252929688,168000,0.0,0.0
2005-08-24 00:00:00+09:00,696.4732831899556,721.691698129741,694.989847017027,715.0162353515625,248000,0.0,0.0
2005-08-25 00:00:00+09:00,715.0162748411155,715.0162748411155,697.2150397828306,703.8905029296875,184000,0.0,0.0
2005-08-26 00:00:00+09:00,703.8904752569683,706.857347650043,694.2481399794756,700.181884765625,142000,0.0,0.0
2005-08-29 00:00:00+09:00,699.44012523364,699.44012523364,681.6388919297085,689.7977905273438,157000,0.0,0.0
2005-08-30 00:00:00+09:00,696.4731915212006,699.4400634765625,692.7646015769983,699.4400634765625,94000,0.0,0.0
2005-08-31 00:00:00+09:00,700.181884765625,701.6653209621624,690.5395494881323,700.181884765625,80000,0.0,0.0
2005-09-01 00:00:00+09:00,704.6320523001207,721.6915651452815,700.9234625511726,710.5657958984375,369000,0.0,0.0
2005-09-02 00:00:00+09:00,719.4665775557628,721.6917319193374,709.8242419802732,711.3076782226562,142000,0.0,0.0
2005-09-05 00:00:00+09:00,722.4331716890833,730.5920678785905,720.2080181828541,724.6583251953125,181000,0.0,0.0
2005-09-06 00:00:00+09:00,732.0758032125989,732.0758032125989,719.4665948492614,720.2083129882812,107000,0.0,0.0
2005-09-07 00:00:00+09:00,719.4665258071002,719.4665258071002,700.1818560431985,706.1156005859375,167000,0.0,0.0
2005-09-08 00:00:00+09:00,710.5659053183009,710.5659053183009,691.2812356541299,694.2481079101562,118000,0.0,0.0
2005-09-09 00:00:00+09:00,697.9566321987934,706.8572481248142,691.2811702542779,701.6652221679688,181000,0.0,0.0
2005-09-12 00:00:00+09:00,702.4067993164062,709.8239777674771,697.9564922457638,702.4067993164062,111000,0.0,0.0
2005-09-13 00:00:00+09:00,704.6321456604965,706.8572998046875,700.923555420178,706.8572998046875,91000,0.0,0.0
2005-09-14 00:00:00+09:00,709.0825222941584,720.9500122070312,706.1156498159401,720.9500122070312,110000,0.0,0.0
2005-09-15 00:00:00+09:00,713.5328310114857,720.9500122070312,712.0493947723766,720.9500122070312,182000,0.0,0.0
2005-09-16 00:00:00+09:00,721.6916549557545,723.9168090820312,718.7247827873855,723.9168090820312,74000,0.0,0.0
2005-09-19 00:00:00+09:00,723.9168090820312,723.9168090820312,723.9168090820312,723.9168090820312,0,0.0,0.0
2005-09-20 00:00:00+09:00,729.8507546960595,752.8440203419719,719.4666992430667,744.6851196289062,168000,0.0,0.0
2005-09-21 00:00:00+09:00,757.2940816099781,757.2940816099781,735.0425415039062,735.0425415039062,138000,0.0,0.0
2005-09-22 00:00:00+09:00,740.2346512963236,752.8438587833351,739.4929332088523,746.1683959960938,135000,0.0,0.0
2005-09-23 00:00:00+09:00,746.1683959960938,746.1683959960938,746.1683959960938,746.1683959960938,0,0.0,0.0
2005-09-26 00:00:00+09:00,752.8437597886572,786.2210693359375,752.8437597886572,786.2210693359375,265000,0.0,0.0
2005-09-27 00:00:00+09:00,782.1242065429688,794.7871698869978,767.226602608817,782.1242065429688,131000,4.5,0.0
2005-09-28 00:00:00+09:00,782.1242793913812,782.1242793913812,762.0125122070312,762.0125122070312,104000,0.0,0.0
2005-09-29 00:00:00+09:00,763.5023430212219,800.0014794193097,763.5023430212219,798.51171875,199000,0.0,0.0
2005-09-30 00:00:00+09:00,797.0217804278794,797.0217804278794,758.2880116594217,772.4407348632812,148000,0.0,0.0
2005-10-03 00:00:00+09:00,742.6456539154052,839.4800922393798,734.4519706726074,834.2659301757812,219000,0.0,0.0
2005-10-04 00:00:00+09:00,804.4707408558239,826.8171503240412,801.4912195933949,819.3683471679688,150000,0.0,0.0
2005-10-05 00:00:00+09:00,818.6234774450741,818.6234774450741,778.3999398818039,793.2975463867188,173000,0.0,0.0
2005-10-06 00:00:00+09:00,777.654931640625,778.3998118433459,756.0534057617188,756.0534057617188,87000,0.0,0.0
2005-10-07 00:00:00+09:00,747.1148198737952,778.3997874058983,743.3904189771163,777.6549072265625,95000,0.0,0.0
2005-10-10 00:00:00+09:00,777.6549072265625,777.6549072265625,777.6549072265625,777.6549072265625,0,0.0,0.0
2005-10-11 00:00:00+09:00,776.9100341796875,777.6549143658617,767.226591759423,776.9100341796875,74000,0.0,0.0
2005-10-12 00:00:00+09:00,762.0124871454444,789.5730560842337,758.2880859375,758.2880859375,169000,0.0,0.0
2005-10-13 00:00:00+09:00,762.0124226452198,768.7163442520691,750.8392199671373,764.991943359375,127000,0.0,0.0
2005-10-14 00:00:00+09:00,753.0738660750851,756.7982669953377,726.258179449266,738.921142578125,170000,0.0,0.0
2005-10-17 00:00:00+09:00,750.8393919803091,753.8189133770563,726.2583404571442,747.114990234375,163000,0.0,0.0
2005-10-18 00:00:00+09:00,747.1149260707836,756.7983697785804,739.6661232186322,741.1558837890625,70000,0.0,0.0
2005-10-19 00:00:00+09:00,742.6455578736584,742.6455578736584,729.9825944996843,737.431396484375,79000,0.0,0.0
2005-10-20 00:00:00+09:00,759.7776650768087,769.461105906219,747.859584055996,751.583984375,122000,0.0,0.0
2005-10-21 00:00:00+09:00,762.0124186477436,762.0124186477436,742.6455341073317,759.0328979492188,120000,0.0,0.0
2005-10-24 00:00:00+09:00,767.2267535967891,785.8487621792355,759.7779501638105,785.1038818359375,234000,0.0,0.0
2005-10-25 00:00:00+09:00,805.9605639625894,815.644008816114,798.5117602291089,806.7054443359375,253000,0.0,0.0
2005-10-26 00:00:00+09:00,815.6439177028797,862.5713759816755,808.9399950916231,853.6328125,249000,0.0,0.0
2005-10-27 00:00:00+09:00,843.9494718324011,910.2438257539224,843.9494718324011,905.0296630859375,337000,0.0,0.0
2005-10-28 00:00:00+09:00,893.8562449104234,919.927052053644,878.958640828583,914.712890625,232000,0.0,0.0
2005-10-31 00:00:00+09:00,919.1820280064452,949.7221115949899,919.1820280064452,936.3142700195312,276000,0.0,0.0
2005-11-01 00:00:00+09:00,936.3142489478702,943.0181695847284,931.844968523298,938.5488891601562,108000,0.0,0.0
2005-11-02 00:00:00+09:00,957.1710959097787,972.0687005153784,938.5490901527791,955.6813354492188,213000,0.0,0.0
2005-11-03 00:00:00+09:00,955.6813354492188,955.6813354492188,955.6813354492188,955.6813354492188,0,0.0,0.0
2005-11-04 00:00:00+09:00,940.7838839243694,963.1302944688913,920.6721144342997,927.3760375976562,129000,0.0,0.0
2005-11-07 00:00:00+09:00,882.6830236664451,914.7128717826115,875.9791019677126,897.5806274414062,262000,0.0,0.0
2005-11-08 00:00:00+09:00,893.8560879107603,905.0292890096448,864.0608849804016,867.0404052734375,180000,0.0,0.0
2005-11-09 00:00:00+09:00,868.5305469926581,882.6832746023155,859.5919821865587,865.551025390625,99000,0.0,0.0
2005-11-10 00:00:00+09:00,871.5098012506705,871.5098012506705,841.7145943703058,867.785400390625,90000,0.0,0.0
2005-11-11 00:00:00+09:00,875.2344453489626,929.6107130174514,867.7856415587587,917.692626953125,266000,0.0,0.0
2005-11-14 00:00:00+09:00,917.6924288767689,917.6924288767689,852.1429696712853,868.5303344726562,233000,0.0,0.0
2005-11-15 00:00:00+09:00,853.6326287858398,853.6326287858398,819.3681428136333,821.602783203125,349000,0.0,0.0
2005-11-16 00:00:00+09:00,819.3683346894381,883.4280408560669,819.3683346894381,870.7650756835938,446000,0.0,0.0
2005-11-17 00:00:00+09:00,868.530408142803,912.4783447469415,868.530408142803,892.3665771484375,335000,0.0,0.0
2005-11-18 00:00:00+09:00,916.2026977539062,938.5491050161966,897.5806917019976,916.2026977539062,459000,0.0,0.0
2005-11-21 00:00:00+09:00,929.6105421112804,929.6105421112804,905.029494122761,916.2026977539062,123000,0.0,0.0
2005-11-22 00:00:00+09:00,930.3553719406493,942.2734551680716,926.6309709320799,934.0797729492188,210000,0.0,0.0
2005-11-23 00:00:00+09:00,934.0797729492188,934.0797729492188,934.0797729492188,934.0797729492188,0,0.0,0.0
2005-11-24 00:00:00+09:00,940.7836896070277,985.4765014648438,923.6514450615315,985.4765014648438,310000,0.0,0.0
2005-11-25 00:00:00+09:00,985.4764860848658,1033.1488179891978,954.1915182726478,1031.6590576171875,456000,0.0,0.0
2005-11-28 00:00:00+09:00,1033.1483625813103,1057.7293978842542,1031.6586028659804,1041.342041015625,385000,0.0,0.0
2005-11-29 00:00:00+09:00,1041.342615259433,1052.5158192858216,1020.4859677435072,1045.0670166015625,291000,0.0,0.0
2005-11-30 00:00:00+09:00,1041.3424268924618,1045.8117076945755,1004.8433003418677,1026.44482421875,217000,0.0,0.0
2005-12-01 00:00:00+09:00,1041.3423977240832,1119.5548095703125,1035.3833568215132,1119.5548095703125,444000,0.0,0.0
2005-12-02 00:00:00+09:00,1120.2997658393347,1129.2383278008188,1072.6274353780864,1086.0352783203125,433000,0.0,0.0
2005-12-05 00:00:00+09:00,1088.2702591945556,1096.4639435553634,1074.8624120586885,1076.3521728515625,336000,0.0,0.0
2005-12-06 00:00:00+09:00,1072.6274983436394,1076.3518993795549,1043.5771702634993,1054.0054931640625,364000,0.0,0.0
2005-12-07 00:00:00+09:00,1054.750520078008,1069.6481262937991,995.1600952148438,995.1600952148438,528000,0.0,0.0
2005-12-08 00:00:00+09:00,1024.9551785058738,1045.0669443631837,999.6292511300019,1014.52685546875,440000,0.0,0.0
2005-12-09 00:00:00+09:00,1033.1489323067478,1056.9851008963772,1013.0371650592481,1045.0670166015625,331000,0.0,0.0
2005-12-12 00:00:00+09:00,1046.5567757773083,1083.8007891501663,1045.8118955098512,1070.3929443359375,197000,0.0,0.0
2005-12-13 00:00:00+09:00,1080.0766749935256,1086.0357187176278,1074.1176312694233,1078.5869140625,144000,0.0,0.0
2005-12-14 00:00:00+09:00,1081.5661192449904,1103.9125266674075,1068.903155038954,1073.3724365234375,164000,0.0,0.0
2005-12-15 00:00:00+09:00,1073.372407801011,1083.055850758272,1010.8024686925552,1025.7000732421875,235000,0.0,0.0
2005-12-16 00:00:00+09:00,1024.9550515613814,1058.474657172037,1013.0369695664817,1040.5975341796875,156000,0.0,0.0
2005-12-19 00:00:00+09:00,1068.903227245616,1078.5866711161339,1043.5772971227234,1065.9237060546875,181000,0.0,0.0
2005-12-20 00:00:00+09:00,1052.5157542458337,1069.6479993609464,1029.4244673515514,1051.7708740234375,120000,0.0,0.0
2005-12-21 00:00:00+09:00,1040.59716115796,1057.7293978842542,1025.6995640046607,1041.342041015625,224000,0.0,0.0
2005-12-22 00:00:00+09:00,1026.445098327087,1031.6592606553086,983.2420390361065,992.1806030273438,448000,0.0,0.0
2005-12-23 00:00:00+09:00,992.1806030273438,992.1806030273438,992.1806030273438,992.1806030273438,0,0.0,0.0
2005-12-26 00:00:00+09:00,999.6293563958195,1000.3742366911964,977.2829475345121,984.7317504882812,443000,0.0,0.0
2005-12-27 00:00:00+09:00,1005.5884888592888,1013.0372924804688,984.731838719985,1013.0372924804688,263000,0.0,0.0
2005-12-28 00:00:00+09:00,1013.0371449640123,1024.2103487687625,995.9048991300622,1021.9757080078125,188000,0.0,0.0
2005-12-29 00:00:00+09:00,1027.9345844861211,1035.383385822977,1010.0574612776669,1026.44482421875,202000,0.0,0.0
2005-12-30 00:00:00+09:00,1041.3424125339675,1041.3424125339675,1026.4448100656703,1027.9345703125,131000,0.0,0.0
2006-01-02 00:00:00+09:00,1027.9345703125,1027.9345703125,1027.9345703125,1027.9345703125,0,0.0,0.0
2006-01-03 00:00:00+09:00,1027.9345703125,1027.9345703125,1027.9345703125,1027.9345703125,0,0.0,0.0
2006-01-04 00:00:00+09:00,1050.2811352959993,1051.7708957715965,1036.873291015625,1036.873291015625,84000,0.0,0.0
2006-01-05 00:00:00+09:00,1051.7708596926936,1056.9850211784221,1043.577177357977,1053.2606201171875,162000,0.0,0.0
2006-01-06 00:00:00+09:00,1056.240255004201,1074.1173820282495,1054.7504944188636,1066.6685791015625,228000,0.0,0.0
2006-01-09 00:00:00+09:00,1066.6685791015625,1066.6685791015625,1066.6685791015625,1066.6685791015625,0,0.0,0.0
2006-01-10 00:00:00+09:00,1081.5658098733836,1091.9941303542564,1074.117009529903,1080.0760498046875,241000,0.0,0.0
2006-01-11 00:00:00+09:00,1085.2903540663333,1091.2493951319,1074.8620322015918,1077.841552734375,281000,0.0,0.0
2006-01-12 00:00:00+09:00,1077.841711040296,1082.3109924958883,1054.0055432771383,1061.454345703125,144000,0.0,0.0
2006-01-13 00:00:00+09:00,1065.1787544906606,1067.4133952343473,1045.0669877974804,1048.0465087890625,211000,0.0,0.0
2006-01-16 00:00:00+09:00,1059.96457821025,1059.96457821025,1043.5772129814195,1049.5362548828125,142000,0.0,0.0
2006-01-17 00:00:00+09:00,1027.9347393329326,1056.9850689227765,998.1395294971956,1016.7615356445312,141000,0.0,0.0
2006-01-18 00:00:00+09:00,975.7931171200139,978.7726380883194,895.3460509757685,916.2026977539062,294000,0.0,0.0
2006-01-19 00:00:00+09:00,960.8954103752102,1004.8433399970221,952.701728581313,996.649658203125,317000,0.0,0.0
2006-01-20 00:00:00+09:00,1016.7614609382056,1036.8732260996205,975.793050424212,1030.9141845703125,358000,0.0,0.0
2006-01-23 00:00:00+09:00,1016.0162762274663,1016.0162762274663,978.7722778320312,978.7722778320312,208000,0.0,0.0
2006-01-24 00:00:00+09:00,981.0072977537629,1021.9757118588935,981.0072977537629,1015.2717895507812,120000,0.0,0.0
2006-01-25 00:00:00+09:00,1012.292190085332,1040.597637637387,1012.292190085332,1023.4653930664062,117000,0.0,0.0
2006-01-26 00:00:00+09:00,1040.597649434767,1056.2401337856118,1036.8732483988515,1054.0054931640625,121000,0.0,0.0
2006-01-27 00:00:00+09:00,1057.7298732850609,1072.6274771341464,1057.7298732850609,1068.903076171875,163000,0.0,0.0
2006-01-30 00:00:00+09:00,1059.2198250991462,1076.352072621847,1059.2198250991462,1074.117431640625,131000,0.0,0.0
2006-01-31 00:00:00+09:00,1080.0763878128805,1080.0763878128805,1065.1787824637372,1070.3929443359375,105000,0.0,0.0
2006-02-01 00:00:00+09:00,1042.832339638158,1070.3929086143094,1042.832339638158,1061.454345703125,109000,0.0,0.0
2006-02-02 00:00:00+09:00,1070.3926695062873,1075.6068300397208,1059.96434843942,1060.709228515625,60000,0.0,0.0
2006-02-03 00:00:00+09:00,1057.7298732850609,1071.882596941692,1054.750352515244,1068.903076171875,108000,0.0,0.0
2006-02-06 00:00:00+09:00,1073.3725804950996,1076.352101884399,1056.2403325066282,1071.137939453125,148000,0.0,0.0
2006-02-07 00:00:00+09:00,1094.9739080421932,1213.4098613610427,1091.2495069944307,1193.298095703125,812000,0.0,0.0
2006-02-08 00:00:00+09:00,1191.063595081676,1250.6540188506156,1186.5943132990058,1229.052490234375,557000,0.0,0.0
2006-02-09 00:00:00+09:00,1208.9407465523948,1264.8067699605463,1199.257302494982,1264.0618896484375,406000,0.0,0.0
2006-02-10 00:00:00+09:00,1224.5832084517044,1281.194111032197,1216.3895251834754,1229.052490234375,342000,0.0,0.0
2006-02-13 00:00:00+09:00,1229.0523753446691,1249.1641414866729,1184.359561695772,1228.3074951171875,382000,0.0,0.0
2006-02-14 00:00:00+09:00,1184.3597198854009,1249.1643083319607,1183.614839558429,1236.5013427734375,320000,0.0,0.0
2006-02-15 00:00:00+09:00,1238.7359216263326,1245.439844232849,1197.7675056976204,1205.21630859375,177000,0.0,0.0
2006-02-16 00:00:00+09:00,1193.2982271994158,1216.3895162401036,1165.7376564089172,1167.2274169921875,276000,0.0,0.0
2006-02-17 00:00:00+09:00,1189.5737911427516,1199.2572346523668,1080.0763914571007,1132.962890625,264000,0.0,0.0
2006-02-20 00:00:00+09:00,1117.320554226578,1156.054333439766,1094.9741431420464,1129.9835205078125,151000,0.0,0.0
2006-02-21 00:00:00+09:00,1180.635424575088,1221.6038462480408,1140.4118832961892,1188.084228515625,194000,0.0,0.0
2006-02-22 00:00:00+09:00,1191.8081730769231,1242.4600204326923,1191.8081730769231,1210.43017578125,281000,0.0,0.0
2006-02-23 00:00:00+09:00,1210.4302005491395,1238.735645238904,1210.4302005491395,1233.521484375,224000,0.0,0.0
2006-02-24 00:00:00+09:00,1237.9909670937025,1237.9909670937025,1210.4303980308464,1225.3280029296875,131000,0.0,0.0
2006-02-27 00:00:00+09:00,1222.3484606757788,1226.0728618356686,1189.57373046875,1189.57373046875,259000,0.0,0.0
2006-02-28 00:00:00+09:00,1189.57417660219,1219.3693970555946,1173.1868053528171,1205.9615478515625,248000,0.0,0.0
2006-03-01 00:00:00+09:00,1208.9404936723106,1214.1546547663993,1191.8082500774472,1202.236572265625,84000,0.0,0.0
2006-03-02 00:00:00+09:00,1205.2162153402865,1217.8791792839113,1183.6146886129266,1189.57373046875,103000,0.0,0.0
2006-03-03 00:00:00+09:00,1189.573388418387,1197.0221885963356,1147.11522740408,1147.860107421875,82000,0.0,0.0
2006-03-06 00:00:00+09:00,1131.4730374147475,1169.461928071859,1129.9832769968216,1155.3092041015625,104000,0.0,0.0
2006-03-07 00:00:00+09:00,1139.6668130547337,1159.778580343935,1132.2180103550297,1132.962890625,58000,0.0,0.0
2006-03-08 00:00:00+09:00,1132.2182012959865,1144.8811680210074,1112.8513110106605,1113.59619140625,119000,0.0,0.0
2006-03-09 00:00:00+09:00,1113.5962267158445,1176.1661819293101,1113.5962267158445,1171.6968994140625,152000,0.0,0.0
2006-03-10 00:00:00+09:00,1169.4616420023626,1197.0222029922272,1156.79868154756,1172.441162109375,151000,0.0,0.0
2006-03-13 00:00:00+09:00,1173.9314288843457,1197.7676000292056,1173.1865485360688,1195.532958984375,110000,0.0,0.0
2006-03-14 00:00:00+09:00,1205.2164999803706,1205.2164999803706,1175.4212836644158,1185.849609375,101000,0.0,0.0
2006-03-15 00:00:00+09:00,1185.1046142578125,1192.5534176158126,1181.3802125788125,1185.1046142578125,52000,0.0,0.0
2006-03-16 00:00:00+09:00,1190.3187912688306,1191.8085519587792,1176.16606471432,1183.6148681640625,49000,0.0,0.0
2006-03-17 00:00:00+09:00,1179.1454585450474,1179.1454585450474,1144.8809663826519,1159.03369140625,106000,0.0,0.0
2006-03-20 00:00:00+09:00,1162.7583343835674,1182.8701057021815,1158.28905186832,1171.6968994140625,102000,0.0,0.0
2006-03-21 00:00:00+09:00,1171.6968994140625,1171.6968994140625,1171.6968994140625,1171.6968994140625,0,0.0,0.0
2006-03-22 00:00:00+09:00,1191.0636406371311,1213.4100504051823,1183.614837381114,1199.25732421875,190000,0.0,0.0
2006-03-23 00:00:00+09:00,1213.409912109375,1229.7972774048976,1202.981588739497,1213.409912109375,190000,0.0,0.0
2006-03-24 00:00:00+09:00,1221.6037339868012,1221.6037339868012,1174.6762734738936,1199.25732421875,121000,0.0,0.0
2006-03-27 00:00:00+09:00,1200.002158647017,1234.2666523141572,1191.8084753787878,1229.052490234375,118000,0.0,0.0
2006-03-28 00:00:00+09:00,1234.6578655550372,1254.089526877332,1224.194663304571,1251.847412109375,58000,5.5,0.0
2006-03-29 00:00:00+09:00,1254.0893702869494,1284.7316016229238,1238.3945688709625,1268.2894287109375,199000,0.0,0.0
2006-03-30 00:00:00+09:00,1263.0580636983777,1297.437158923304,1261.5633204277287,1266.794921875,209000,0.0,0.0
2006-03-31 00:00:00+09:00,1269.036953583211,1282.4896421370968,1254.8368934429984,1274.2685546875,102000,0.0,0.0
2006-04-03 00:00:00+09:00,1275.763100163897,1311.6369307484706,1275.763100163897,1305.657958984375,112000,0.0,0.0
2006-04-04 00:00:00+09:00,1306.4052657547531,1306.4052657547531,1270.5314369468422,1282.4893798828125,98000,0.0,0.0
2006-04-05 00:00:00+09:00,1282.4894657621696,1298.931638400146,1213.7312892760858,1230.1734619140625,210000,0.0,0.0
2006-04-06 00:00:00+09:00,1245.8684092001988,1287.721217187728,1234.6578356321106,1280.994873046875,206000,0.0,0.0
2006-04-07 00:00:00+09:00,1277.2581138164153,1287.721316621231,1259.3211947224459,1276.5107421875,105000,0.0,0.0
2006-04-10 00:00:00+09:00,1275.01579617082,1278.0052822110797,1260.0683659695208,1272.773681640625,92000,0.0,0.0
2006-04-11 00:00:00+09:00,1272.7736975162015,1276.5105551131371,1259.3210101672341,1275.76318359375,109000,0.0,0.0
2006-04-12 00:00:00+09:00,1276.5107531342182,1284.7318411227877,1266.794921875,1266.794921875,177000,0.0,0.0
2006-04-13 00:00:00+09:00,1266.79483882423,1277.2580410328078,1262.3106093062681,1274.2685546875,111000,0.0,0.0
2006-04-14 00:00:00+09:00,1277.2578292505198,1277.2578292505198,1268.2893717016573,1269.0367431640625,64000,0.0,0.0
2006-04-17 00:00:00+09:00,1278.0051750222635,1324.3422047599129,1277.257803574882,1298.1842041015625,211000,0.0,0.0
2006-04-18 00:00:00+09:00,1275.7630126953125,1310.1420979817708,1262.3103271484374,1300.42626953125,284000,0.0,0.0
2006-04-19 00:00:00+09:00,1330.3210284258867,1330.3210284258867,1315.3736011402027,1327.33154296875,140000,0.0,0.0
2006-04-20 00:00:00+09:00,1327.3317823223038,1375.1635582618464,1306.405380348754,1372.174072265625,189000,0.0,0.0
2006-04-21 00:00:00+09:00,1372.92168031316,1382.6375114748755,1352.7426463619051,1370.6795654296875,181000,0.0,0.0
2006-04-24 00:00:00+09:00,1345.2686777836134,1354.9845071231616,1314.6264467896533,1334.05810546875,212000,0.0,0.0
2006-04-25 00:00:00+09:00,1356.4792181874511,1357.9739611276027,1310.8895585128316,1316.8685302734375,144000,0.0,0.0
2006-04-26 00:00:00+09:00,1338.5422373951733,1342.2790945626639,1266.7945797793516,1282.4893798828125,501000,0.0,0.0
2006-04-27 00:00:00+09:00,1304.1629747896295,1351.9947400541203,1303.4156034573718,1328.078857421875,274000,0.0,0.0
2006-04-28 00:00:00+09:00,1327.3317488569269,1327.3317488569269,1282.4894600441928,1297.4368896484375,212000,0.0,0.0
2006-05-01 00:00:00+09:00,1298.9317884649272,1323.5950502712233,1280.2474992177333,1292.2054443359375,167000,0.0,0.0
2006-05-02 00:00:00+09:00,1293.7002264793882,1301.1739424035904,1278.752794630984,1299.67919921875,148000,0.0,0.0
2006-05-03 00:00:00+09:00,1299.67919921875,1299.67919921875,1299.67919921875,1299.67919921875,0,0.0,0.0
2006-05-04 00:00:00+09:00,1299.67919921875,1299.67919921875,1299.67919921875,1299.67919921875,0,0.0,0.0
2006-05-05 00:00:00+09:00,1299.67919921875,1299.67919921875,1299.67919921875,1299.67919921875,0,0.0,0.0
2006-05-08 00:00:00+09:00,1344.5213505859374,1349.0055796595982,1285.4790011160712,1307.900146484375,432000,0.0,0.0
2006-05-09 00:00:00+09:00,1308.6475244941992,1328.0791839098754,1308.6475244941992,1320.60546875,129000,0.0,0.0
2006-05-10 00:00:00+09:00,1301.1736894720764,1331.815918804848,1301.1736894720764,1309.394775390625,126000,0.0,0.0
2006-05-11 00:00:00+09:00,1324.342345455198,1330.3213176694428,1300.4264565982194,1301.173828125,105000,0.0,0.0
2006-05-12 00:00:00+09:00,1256.3314362649357,1275.0157229434742,1248.8577215935202,1270.531494140625,103000,0.0,0.0
2006-05-15 00:00:00+09:00,1271.278920729857,1271.278920729857,1194.299656276491,1212.236572265625,297000,0.0,0.0
2006-05-16 00:00:00+09:00,1189.8156243877352,1242.1316380228743,1176.3629351672707,1192.0577392578125,252000,0.0,0.0
2006-05-17 00:00:00+09:00,1200.278656814759,1244.3735763365964,1198.7839137801204,1240.63671875,263000,0.0,0.0
2006-05-18 00:00:00+09:00,1190.5627898329988,1246.6156518778669,1165.899530533257,1221.952392578125,186000,0.0,0.0
2006-05-19 00:00:00+09:00,1244.3733721499716,1259.320800043665,1208.4995452051076,1236.899658203125,171000,0.0,0.0
2006-05-22 00:00:00+09:00,1286.973454228154,1301.1735097626108,1207.0047204288435,1210.7415771484375,158000,0.0,0.0
2006-05-23 00:00:00+09:00,1214.4788879585865,1223.447347438896,1173.3734486738342,1192.0577392578125,149000,0.0,0.0
2006-05-24 00:00:00+09:00,1192.8047930904474,1227.9312500298279,1192.8047930904474,1223.447021484375,121000,0.0,0.0
2006-05-25 00:00:00+09:00,1218.2151370578342,1218.2151370578342,1169.6360058254666,1183.8360595703125,155000,0.0,0.0
2006-05-26 00:00:00+09:00,1184.5838033090724,1210.7418052748878,1184.5838033090724,1207.7523193359375,101000,0.0,0.0
2006-05-29 00:00:00+09:00,1230.1735479561507,1230.1735479561507,1186.8259988787165,1200.2786865234375,108000,0.0,0.0
2006-05-30 00:00:00+09:00,1199.5312178963486,1202.520703797648,1178.6048165872535,1193.55224609375,88000,0.0,0.0
2006-05-31 00:00:00+09:00,1193.5525089374555,1193.5525089374555,1144.9733523432574,1185.3314208984375,190000,0.0,0.0
2006-06-01 00:00:00+09:00,1189.068115234375,1207.0050321203744,1181.5943998652085,1189.068115234375,152000,0.0,0.0
2006-06-02 00:00:00+09:00,1189.0680019054728,1192.0574877682143,1151.6994286212027,1179.3521728515625,157000,0.0,0.0
2006-06-05 00:00:00+09:00,1169.6363030387106,1194.299560546875,1169.6363030387106,1194.299560546875,59000,0.0,0.0
2006-06-06 00:00:00+09:00,1187.5734292084317,1197.2892596550707,1176.3628556161557,1188.32080078125,161000,0.0,0.0
2006-06-07 00:00:00+09:00,1188.3204310148665,1195.7941444174758,1150.9518640018205,1154.688720703125,119000,0.0,0.0
2006-06-08 00:00:00+09:00,1094.8990218989406,1113.5833055490932,1073.2252528647637,1079.2042236328125,103000,0.0,0.0
2006-06-09 00:00:00+09:00,1101.6254720052082,1143.478271484375,1062.762158203125,1109.8465576171875,205000,0.0,0.0
2006-06-12 00:00:00+09:00,1132.2678475550922,1143.4784203031622,1109.8467020589517,1125.54150390625,114000,0.0,0.0
2006-06-13 00:00:00+09:00,1125.5414837709407,1140.4889138342999,1079.2044505745275,1087.425537109375,78000,0.0,0.0
2006-06-14 00:00:00+09:00,1048.5622680918907,1078.4571296198135,1014.9305488729775,1073.972900390625,202000,0.0,0.0
2006-06-15 00:00:00+09:00,1073.9729440671588,1102.3730636736668,1007.4568744624426,1059.0255126953125,235000,0.0,0.0
2006-06-16 00:00:00+09:00,1067.9938544463585,1136.752031219672,1067.9938544463585,1082.9412841796875,252000,0.0,0.0
2006-06-19 00:00:00+09:00,1097.8887999420372,1136.0047487487382,1097.1414283968077,1110.5941162109375,138000,0.0,0.0
2006-06-20 00:00:00+09:00,1124.7941191300101,1128.5309766686482,1092.6571442977242,1100.130859375,94000,0.0,0.0
2006-06-21 00:00:00+09:00,1079.9516597294307,1098.6359444998361,1052.2989182692309,1068.7410888671875,132000,0.0,0.0
2006-06-22 00:00:00+09:00,1113.5836316735008,1142.7311227038808,1080.6992828187128,1127.78369140625,105000,0.0,0.0
2006-06-23 00:00:00+09:00,1127.0362254862882,1127.0362254862882,1089.6676503706951,1098.6361083984375,82000,0.0,0.0
2006-06-26 00:00:00+09:00,1070.2358489949381,1157.678303137681,1070.2358489949381,1116.5728759765625,134000,0.0,0.0
2006-06-27 00:00:00+09:00,1130.7733270630201,1145.7207603354989,1114.3311504632934,1144.973388671875,113000,0.0,0.0
2006-06-28 00:00:00+09:00,1127.7840393605807,1127.7840393605807,1096.3944239509422,1099.3839111328125,52000,0.0,0.0
2006-06-29 00:00:00+09:00,1112.836277878969,1120.3099936471285,1106.1099336876252,1119.5626220703125,85000,0.0,0.0
2006-06-30 00:00:00+09:00,1110.5939052311455,1144.9729897806965,1110.5939052311455,1138.9940185546875,141000,0.0,0.0
2006-07-03 00:00:00+09:00,1127.036290205985,1136.0047487487382,1103.8677723038727,1110.5941162109375,156000,0.0,0.0
2006-07-04 00:00:00+09:00,1125.5416831590012,1149.457575497041,1110.5942504477264,1124.7943115234375,147000,0.0,0.0
2006-07-05 00:00:00+09:00,1103.8678237125075,1109.846796352792,1093.4046215920098,1097.1414794921875,109000,0.0,0.0
2006-07-06 00:00:00+09:00,1084.4361674981255,1091.9098833320204,1066.4992494967782,1074.7203369140625,111000,0.0,0.0
2006-07-07 00:00:00+09:00,1089.6678389664535,1093.4046971247747,1065.751946753198,1088.173095703125,95000,0.0,0.0
2006-07-10 00:00:00+09:00,1073.9727055283843,1094.1517333984375,1065.0042486972495,1094.1517333984375,90000,0.0,0.0
2006-07-11 00:00:00+09:00,1092.6569733733065,1092.6569733733065,1055.2884038324958,1068.7410888671875,95000,0.0,0.0
2006-07-12 00:00:00+09:00,1057.5309219962817,1072.478355522731,1026.1413115907383,1041.0887451171875,97000,0.0,0.0
2006-07-13 00:00:00+09:00,1016.4253833653502,1079.9519698256845,1003.7200660732833,1045.5728759765625,174000,0.0,0.0
2006-07-14 00:00:00+09:00,1045.5725744584838,1078.4569156137184,1035.109375,1035.109375,232000,0.0,0.0
2006-07-17 00:00:00+09:00,1035.109375,1035.109375,1035.109375,1035.109375,0,0.0,0.0
2006-07-18 00:00:00+09:00,1063.5094659938043,1072.4779224884815,998.4881564073946,1020.1619262695312,214000,0.0,0.0
2006-07-19 00:00:00+09:00,1005.2147051396261,1029.877965563126,960.3724134605349,979.0567016601562,194000,0.0,0.0
2006-07-20 00:00:00+09:00,1032.8672608303248,1053.0462883574007,1008.9513763537906,1035.109375,105000,0.0,0.0
2006-07-21 00:00:00+09:00,1020.1619472021661,1042.583088898917,1020.1619472021661,1035.109375,129000,0.0,0.0
2006-07-24 00:00:00+09:00,1046.3201412709373,1051.5517419772918,1018.6673946802053,1048.562255859375,151000,0.0,0.0
2006-07-25 00:00:00+09:00,1055.2885017121368,1070.2359309148583,1032.8673579080546,1041.8358154296875,105000,0.0,0.0
2006-07-26 00:00:00+09:00,1053.0466452673843,1053.0466452673843,1031.3728676146136,1032.1202392578125,98000,0.0,0.0
2006-07-27 00:00:00+09:00,1047.0673258695724,1061.2673823945702,1038.8462405129949,1047.814697265625,142000,0.0,0.0
2006-07-28 00:00:00+09:00,1048.5622266194716,1100.8782322241495,1048.5622266194716,1088.9202880859375,143000,0.0,0.0
2006-07-31 00:00:00+09:00,1091.9097753174146,1146.4678955078125,1091.9097753174146,1146.4678955078125,161000,0.0,0.0
2006-08-01 00:00:00+09:00,1133.7625192398887,1133.7625192398887,1088.9202310695568,1089.6676025390625,206000,0.0,0.0
2006-08-02 00:00:00+09:00,1074.7203033764058,1094.8993354982158,1058.2781290549308,1079.951904296875,142000,0.0,0.0
2006-08-03 00:00:00+09:00,1068.7411537012124,1089.667553913544,1050.0568677973451,1080.6990966796875,141000,0.0,0.0
2006-08-04 00:00:00+09:00,1091.1623634040022,1091.1623634040022,1062.0148756144433,1070.2359619140625,121000,0.0,0.0
2006-08-07 00:00:00+09:00,1076.2152177526596,1085.9310495795935,1042.583492197889,1053.7940673828125,208000,0.0,0.0
2006-08-08 00:00:00+09:00,1039.5936602170264,1073.9727460329739,1036.6041744939002,1056.783203125,142000,0.0,0.0
2006-08-09 00:00:00+09:00,1041.8358068405184,1054.5411215580857,1033.6147208467985,1051.5516357421875,143000,0.0,0.0
2006-08-10 00:00:00+09:00,1039.5936929987765,1050.0568933596558,1031.372607000943,1040.341064453125,153000,0.0,0.0
2006-08-11 00:00:00+09:00,1035.109472288463,1046.320044190504,1028.3831291472382,1041.8358154296875,191000,0.0,0.0
2006-08-14 00:00:00+09:00,1052.2991102581996,1070.9833984375,1046.3201380408234,1070.9833984375,83000,0.0,0.0
2006-08-15 00:00:00+09:00,1070.9832848777235,1088.1728281800176,1052.2989986795776,1061.2674560546875,118000,0.0,0.0
2006-08-16 00:00:00+09:00,1069.4885570415934,1088.9202149612868,1061.267470998646,1086.6781005859375,122000,0.0,0.0
2006-08-17 00:00:00+09:00,1088.1729835304054,1095.6466990766307,1070.2360662194646,1078.4571533203125,109000,0.0,0.0
2006-08-18 00:00:00+09:00,1072.478010881986,1086.6780681689252,1067.246410828903,1080.6990966796875,57000,0.0,0.0
2006-08-21 00:00:00+09:00,1065.7514310979373,1070.235658718265,1054.5408620471173,1059.7724609375,99000,0.0,0.0
2006-08-22 00:00:00+09:00,1063.5097066681778,1079.9518806293163,1050.80439042548,1075.4676513671875,136000,0.0,0.0
2006-08-23 00:00:00+09:00,1061.267648413052,1080.699309581178,1061.267648413052,1074.7203369140625,82000,0.0,0.0
2006-08-24 00:00:00+09:00,1066.4992045964188,1069.4886908041174,1043.330686486756,1054.541259765625,107000,0.0,0.0
2006-08-25 00:00:00+09:00,1061.2677841727616,1065.004642567736,1046.3203505928636,1053.7940673828125,68000,0.0,0.0
2006-08-28 00:00:00+09:00,1039.5938008552212,1053.7938599610798,1023.898998685588,1026.14111328125,92000,0.0,0.0
2006-08-29 00:00:00+09:00,1021.6568183706403,1038.84636249831,1021.6568183706403,1036.604248046875,52000,0.0,0.0
2006-08-30 00:00:00+09:00,1027.63567265776,1029.1304154543534,1004.467159310567,1014.9303588867188,79000,0.0,0.0
2006-08-31 00:00:00+09:00,1014.1831202839696,1032.8674076878747,1014.1831202839696,1028.3831787109375,56000,0.0,0.0
2006-09-01 00:00:00+09:00,1013.4357163435467,1034.3621175659798,1013.4357163435467,1033.61474609375,104000,0.0,0.0
2006-09-04 00:00:00+09:00,1033.6147213639886,1063.5095795379289,1027.6357497292004,1040.341064453125,109000,0.0,0.0
2006-09-05 00:00:00+09:00,1035.1090045104893,1044.8248291015625,1026.1405510418062,1044.8248291015625,48000,0.0,0.0
2006-09-06 00:00:00+09:00,1044.8252360604026,1057.5305500897493,1035.1094076850197,1052.2989501953125,103000,0.0,0.0
2006-09-07 00:00:00+09:00,1038.8466148294074,1044.0782164868217,1023.8991815225095,1038.0992431640625,127000,0.0,0.0
2006-09-08 00:00:00+09:00,1027.6358563450244,1044.0780300465449,1024.6463702174754,1026.14111328125,390000,0.0,0.0
2006-09-11 00:00:00+09:00,1023.899347335665,1023.899347335665,985.7833862304686,985.7833862304688,145000,0.0,0.0
2006-09-12 00:00:00+09:00,985.783105251778,989.5199631185399,964.8567011979115,967.0988159179688,155000,0.0,0.0
2006-09-13 00:00:00+09:00,953.6458004743961,969.3405981311064,949.1615725724789,951.4036865234375,165000,0.0,0.0
2006-09-14 00:00:00+09:00,946.919736574022,948.4144796467514,923.0038474103529,934.9617919921875,149000,0.0,0.0
2006-09-15 00:00:00+09:00,920.0144644780414,934.9618968822338,900.5828023525913,908.0565185546875,136000,0.0,0.0
2006-09-18 00:00:00+09:00,908.0565185546875,908.0565185546875,908.0565185546875,908.0565185546875,0,0.0,0.0
2006-09-19 00:00:00+09:00,910.2984989815183,948.4144459832074,903.5721553929849,940.193359375,189000,0.0,0.0
2006-09-20 00:00:00+09:00,925.2460658195088,931.9724104013953,903.5722888334298,908.0565185546875,81000,0.0,0.0
2006-09-21 00:00:00+09:00,908.0565255170658,913.2881268986456,886.3827483648066,897.5933227539062,118000,0.0,0.0
2006-09-22 00:00:00+09:00,870.6875234354397,892.3612901132318,870.6875234354397,885.6349487304688,111000,0.0,0.0
2006-09-25 00:00:00+09:00,914.7825317382812,923.0036165823344,902.8245901469312,914.7825317382812,223000,0.0,0.0
2006-09-26 00:00:00+09:00,908.3960895682462,915.9097048665775,894.87158203125,894.87158203125,118000,6.5,0.0
2006-09-27 00:00:00+09:00,902.385041865218,917.4122698729652,898.6282348632812,898.6282348632812,219000,0.0,0.0
2006-09-28 00:00:00+09:00,928.6828286711195,932.4396362304688,906.8933448268942,932.4396362304688,193000,0.0,0.0
2006-09-29 00:00:00+09:00,930.9370672319105,945.2129383194055,920.4180043253352,938.45068359375,148000,0.0,0.0
2006-10-02 00:00:00+09:00,951.9750040882038,958.7372574716244,940.7045817825029,955.7318115234375,136000,0.0,0.0
2006-10-03 00:00:00+09:00,957.9860034551003,988.0404663085938,943.7101335996911,988.0404663085938,203000,0.0,0.0
2006-10-04 00:00:00+09:00,988.0406318317216,988.0406318317216,957.2348022460938,957.2348022460938,218000,0.0,0.0
2006-10-05 00:00:00+09:00,984.2836256545285,997.8081334879495,956.4832484413854,982.029541015625,191000,0.0,0.0
2006-10-06 00:00:00+09:00,992.5486500010428,998.5595426581272,968.5050793727057,985.0350341796875,112000,0.0,0.0
2006-10-09 00:00:00+09:00,985.0350341796875,985.0350341796875,985.0350341796875,985.0350341796875,0,0.0,0.0
2006-10-10 00:00:00+09:00,979.024227779599,984.283759317939,967.0024414062501,967.00244140625,152000,0.0,0.0
2006-10-11 00:00:00+09:00,991.0460644076943,1008.3273831956981,927.1803210607238,928.6830444335938,268000,0.0,0.0
2006-10-12 00:00:00+09:00,913.6557393578267,917.4125474966337,894.8716986637925,902.3853149414062,237000,0.0,0.0
2006-10-13 00:00:00+09:00,927.9315278024385,958.7373518023575,922.671996875623,942.2073974609375,415000,0.0,0.0
2006-10-16 00:00:00+09:00,942.2074789982504,974.5160289160533,931.6884162343146,973.0133056640625,193000,0.0,0.0
2006-10-17 00:00:00+09:00,958.7374347701495,998.5596009479066,948.9697336322091,973.0133056640625,182000,0.0,0.0
2006-10-18 00:00:00+09:00,972.2618689180981,982.0295693013557,963.2455301027834,976.0186767578125,125000,0.0,0.0
2006-10-19 00:00:00+09:00,977.5217782129813,988.7922060939919,967.7540740494388,970.759521484375,117000,0.0,0.0
2006-10-20 00:00:00+09:00,1030.868416860594,1068.436507854056,1022.6034368420324,1059.420166015625,634000,0.0,0.0
2006-10-23 00:00:00+09:00,1059.4197811169572,1069.9388427734375,1052.657527194934,1069.9388427734375,352000,0.0,0.0
2006-10-24 00:00:00+09:00,1069.9386818272292,1074.4468504304339,1046.6464773773387,1061.6737060546875,253000,0.0,0.0
2006-10-25 00:00:00+09:00,1061.6740330287387,1082.712159656343,1061.6740330287387,1072.9444580078125,303000,0.0,0.0
2006-10-26 00:00:00+09:00,1072.9442983774038,1081.9606370192307,1048.1493671123797,1054.91162109375,302000,0.0,0.0
2006-10-27 00:00:00+09:00,1066.9334615071614,1102.2474563598632,1060.922568766276,1081.960693359375,395000,0.0,0.0
2006-10-30 00:00:00+09:00,1095.48522178789,1110.5124539111807,1066.9334807536377,1071.441650390625,432000,0.0,0.0
2006-10-31 00:00:00+09:00,1093.2313232421875,1105.2531109891806,1064.6795773430788,1093.2313232421875,377000,0.0,0.0
2006-11-01 00:00:00+09:00,1078.2041855760972,1088.7232508012298,1068.4364821527597,1079.7069091796875,335300,0.0,0.0
2006-11-02 00:00:00+09:00,1068.4362039659668,1080.4579896645994,1059.4198646919924,1071.441650390625,181600,0.0,0.0
2006-11-03 00:00:00+09:00,1071.441650390625,1071.441650390625,1071.441650390625,1071.441650390625,0,0.0,0.0
2006-11-06 00:00:00+09:00,1056.4143069847273,1072.944260579083,1045.143884079485,1066.1820068359375,171100,0.0,0.0
2006-11-07 00:00:00+09:00,1059.4200555790853,1087.9718017578125,1051.1550764220854,1087.9718017578125,221400,0.0,0.0
2006-11-08 00:00:00+09:00,1096.988098016575,1109.009885392099,1073.695884976497,1075.1986083984375,273700,0.0,0.0
2006-11-09 00:00:00+09:00,1060.1709645661135,1087.971337130923,1060.1709645661135,1062.425048828125,104300,0.0,0.0
2006-11-10 00:00:00+09:00,1047.398216219653,1059.4200034933363,1025.6087267861021,1027.1114501953125,247100,0.0,0.0
2006-11-13 00:00:00+09:00,1011.3328478895238,1022.6032733860638,1000.8137840927532,1012.8355712890625,184300,0.0,0.0
2006-11-14 00:00:00+09:00,1010.5812894381008,1066.933405949519,1003.0676739032451,1054.91162109375,261500,0.0,0.0
2006-11-15 00:00:00+09:00,1069.938760641256,1102.2473046774737,1066.9333146843985,1097.7391357421875,279200,0.0,0.0
2006-11-16 00:00:00+09:00,1085.7172865795665,1128.5448888875494,1083.4632022475673,1095.4849853515625,277900,0.0,0.0
2006-11-17 00:00:00+09:00,1109.0094432384801,1118.7771415867865,1089.4740465418672,1092.4794921875,95900,0.0,0.0
2006-11-20 00:00:00+09:00,1102.247055075478,1102.247055075478,1044.3922335070993,1053.4085693359375,176100,0.0,0.0
2006-11-21 00:00:00+09:00,1065.4307398663343,1082.71205652143,1048.9007848049384,1052.6575927734375,114500,0.0,0.0
2006-11-22 00:00:00+09:00,1066.9332974708686,1112.0149860963984,1052.6574294061177,1108.2581787109375,202500,0.0,0.0
2006-11-23 00:00:00+09:00,1108.2581787109375,1108.2581787109375,1108.2581787109375,1108.2581787109375,0,0.0,0.0
2006-11-24 00:00:00+09:00,1108.2582530513355,1108.2582530513355,1065.430645984267,1085.7174072265625,191800,0.0,0.0
2006-11-27 00:00:00+09:00,1080.4577564715685,1100.7445154595605,1063.927804703575,1095.4849853515625,111200,0.0,0.0
2006-11-28 00:00:00+09:00,1065.430372765946,1102.9984395066351,1060.9222047570634,1096.987548828125,177600,0.0,0.0
2006-11-29 00:00:00+09:00,1093.982385343604,1125.5395695362079,1076.7010701905112,1124.7882080078125,145800,0.0,0.0
2006-11-30 00:00:00+09:00,1127.0422925929986,1127.0422925929986,1112.0150620250918,1124.7882080078125,99800,0.0,0.0
2006-12-01 00:00:00+09:00,1112.01528470252,1142.0697518566421,1112.01528470252,1125.539794921875,146000,0.0,0.0
2006-12-04 00:00:00+09:00,1106.7554098370904,1120.2799158636128,1096.9877110401576,1115.0203857421875,231200,0.0,0.0
2006-12-05 00:00:00+09:00,1104.5012475886522,1109.0094159461569,1094.7335494807253,1098.4903564453125,141100,0.0,0.0
2006-12-06 00:00:00+09:00,1111.264019115551,1116.5235513223183,1098.4908694705448,1112.015380859375,162600,0.0,0.0
2006-12-07 00:00:00+09:00,1127.0425182795811,1134.5561350681116,1118.7775398121976,1125.539794921875,187700,0.0,0.0
2006-12-08 00:00:00+09:00,1114.2687878360116,1133.0528199977784,1102.9983685389514,1109.7606201171875,179800,0.0,0.0
2006-12-11 00:00:00+09:00,1102.9989855707909,1118.0262197066327,1083.4635811941964,1104.501708984375,209100,0.0,0.0
2006-12-12 00:00:00+09:00,1123.285634616085,1149.5832916137858,1122.5342729875792,1128.545166015625,283000,0.0,0.0
2006-12-13 00:00:00+09:00,1128.545015649789,1134.5559078769518,1118.0259542522545,1124.7882080078125,141000,0.0,0.0
2006-12-14 00:00:00+09:00,1118.7777975928705,1139.0645675962335,1118.7777975928705,1134.556396484375,197800,0.0,0.0
2006-12-15 00:00:00+09:00,1128.5451570398668,1148.0805592256434,1123.2856256821576,1124.0369873046875,106900,0.0,0.0
2006-12-18 00:00:00+09:00,1127.7939198777553,1138.31298375403,1106.7557921252055,1114.2694091796875,149100,0.0,0.0
2006-12-19 00:00:00+09:00,1112.7663288064766,1124.0367507727813,1104.5013526978532,1109.009521484375,116600,0.0,0.0
2006-12-20 00:00:00+09:00,1126.2907547027326,1142.8207057390634,1117.2744177738248,1136.809814453125,163900,0.0,0.0
2006-12-21 00:00:00+09:00,1142.8211395344194,1147.3293097100975,1136.0588842709021,1139.0643310546875,150800,0.0,0.0
2006-12-22 00:00:00+09:00,1147.3292312918165,1184.1459518768193,1142.0696997796733,1161.6051025390625,296300,0.0,0.0
2006-12-25 00:00:00+09:00,1165.3620769478766,1199.1733557761518,1165.3620769478766,1174.37841796875,194100,0.0,0.0
2006-12-26 00:00:00+09:00,1174.3778470147217,1182.642822265625,1163.1074262180352,1182.642822265625,114000,0.0,0.0
2006-12-27 00:00:00+09:00,1191.6599006149952,1207.4384995512594,1187.1517294903483,1196.91943359375,129500,0.0,0.0
2006-12-28 00:00:00+09:00,1217.2060713019848,1217.2060713019848,1178.135259136736,1192.4111328125,95700,0.0,0.0
2006-12-29 00:00:00+09:00,1193.1621743793137,1228.4761682054016,1193.1621743793137,1224.7193603515625,97200,0.0,0.0
2007-01-04 00:00:00+09:00,1239.746630405863,1243.50343837679,1205.1839970733358,1213.448974609375,88900,0.0,0.0
2007-01-05 00:00:00+09:00,1212.6976346493377,1220.211250725232,1168.3672998015616,1173.6268310546875,115100,0.0,0.0
2007-01-09 00:00:00+09:00,1174.3782393064537,1193.1622802422573,1152.5887518209213,1176.63232421875,84400,0.0,0.0
2007-01-10 00:00:00+09:00,1173.6268424713353,1173.6268424713353,1123.2856142731412,1148.8319091796875,207400,0.0,0.0
2007-01-11 00:00:00+09:00,1149.5830440710088,1171.3725266056879,1119.5285854024855,1138.3126220703125,251400,0.0,0.0
2007-01-12 00:00:00+09:00,1138.3125245241065,1178.8860402497182,1135.3070789148019,1166.8642578125,207300,0.0,0.0
2007-01-15 00:00:00+09:00,1166.8644103812815,1201.427039407385,1166.8644103812815,1199.92431640625,206100,0.0,0.0
2007-01-16 00:00:00+09:00,1211.194956252434,1211.194956252434,1187.1513839198794,1205.9354248046875,130500,0.0,0.0
2007-01-17 00:00:00+09:00,1190.1566544717816,1217.2056693461404,1187.1512083746306,1208.1893310546875,127200,0.0,0.0
2007-01-18 00:00:00+09:00,1216.4542792231607,1223.2165327827706,1199.1729645708242,1204.4324951171875,116200,0.0,0.0
2007-01-19 00:00:00+09:00,1204.4330521348281,1215.7034799464454,1194.6653480314264,1196.91943359375,181300,0.0,0.0
2007-01-22 00:00:00+09:00,1203.6811059706704,1219.4596972474394,1203.6811059706704,1210.443359375,120800,0.0,0.0
2007-01-23 00:00:00+09:00,1210.4435090965987,1229.9789102365812,1205.9353396027568,1223.968017578125,171800,0.0,0.0
2007-01-24 00:00:00+09:00,1232.2326825319035,1235.989489490842,1217.9568160879362,1221.713623046875,130300,0.0,0.0
2007-01-25 00:00:00+09:00,1227.724673630509,1234.4869270348386,1208.94063639626,1210.443359375,139100,0.0,0.0
2007-01-26 00:00:00+09:00,1210.4436223948223,1222.4654088369807,1187.9027728157755,1209.6922607421875,192200,0.0,0.0
2007-01-29 00:00:00+09:00,1228.476268654098,1263.0389037354976,1222.4653755964632,1254.77392578125,221900,0.0,0.0
2007-01-30 00:00:00+09:00,1255.525016689921,1275.81177638509,1241.2491487562831,1270.55224609375,323500,0.0,0.0
2007-01-31 00:00:00+09:00,1273.5581266731112,1273.5581266731112,1252.5199983268888,1263.0390625,113300,0.0,0.0
2007-02-01 00:00:00+09:00,1273.5578423315922,1305.866389364193,1266.795588301513,1303.6123046875,235800,0.0,0.0
2007-02-02 00:00:00+09:00,1324.650521735002,1344.9372852556176,1323.1477985112529,1329.15869140625,425000,0.0,0.0
2007-02-05 00:00:00+09:00,1320.8935922262065,1336.672184624813,1296.0986613141106,1319.390869140625,364000,0.0,0.0
2007-02-06 00:00:00+09:00,1352.4511584606798,1378.748819875193,1344.937540913676,1367.4783935546875,484700,0.0,0.0
2007-02-07 00:00:00+09:00,1362.9700047790423,1362.9700047790423,1285.579756437123,1308.12060546875,872500,0.0,0.0
2007-02-08 00:00:00+09:00,1308.8716922514618,1314.8825840643274,1280.3199561403508,1284.828125,379900,0.0,0.0
2007-02-09 00:00:00+09:00,1284.8284345583406,1295.3474977652509,1274.3093713514302,1287.08251953125,331100,0.0,0.0
2007-02-13 00:00:00+09:00,1305.1149900219557,1311.8772438562664,1284.8282285190237,1295.3472900390625,209200,0.0,0.0
2007-02-14 00:00:00+09:00,1295.3473182091345,1312.6286339393027,1288.5850642277644,1289.33642578125,247300,0.0,0.0
2007-02-15 00:00:00+09:00,1305.115263674699,1310.3747955375215,1291.590753170298,1299.1043701171875,103400,0.0,0.0
2007-02-16 00:00:00+09:00,1311.1262337947237,1311.877595533288,1290.8394668534872,1296.0989990234375,89000,0.0,0.0
2007-02-19 00:00:00+09:00,1305.8665582657957,1320.8937913873815,1291.5906868002894,1306.617919921875,117800,0.0,0.0
2007-02-20 00:00:00+09:00,1302.1097790097172,1307.3693107195083,1284.077098861862,1300.6070556640625,217200,0.0,0.0
2007-02-21 00:00:00+09:00,1289.3364445722486,1302.8609527320973,1281.8228289278882,1288.5850830078125,180600,0.0,0.0
2007-02-22 00:00:00+09:00,1287.082350532795,1297.6014123585155,1277.3146502660547,1284.076904296875,214600,0.0,0.0
2007-02-23 00:00:00+09:00,1302.8612416614435,1314.131667627373,1296.0989860818859,1311.126220703125,142800,0.0,0.0
2007-02-26 00:00:00+09:00,1332.1641287627847,1341.9318296504982,1319.3909814480821,1324.6505126953125,128800,0.0,0.0
2007-02-27 00:00:00+09:00,1329.9099875938123,1337.42360334293,1311.1259482210185,1317.1368408203125,127700,0.0,0.0
2007-02-28 00:00:00+09:00,1160.1021690460132,1261.5359726866945,1160.1021690460132,1253.27099609375,280200,0.0,0.0
2007-03-01 00:00:00+09:00,1248.7627513809618,1271.3035952687048,1232.232799196617,1246.5086669921875,131200,0.0,0.0
2007-03-02 00:00:00+09:00,1242.0007990664703,1251.0171388056099,1214.2004182041235,1234.4871826171875,96200,0.0,0.0
2007-03-05 00:00:00+09:00,1208.940496342764,1211.9459419520686,1159.3506437892386,1166.8642578125,133300,0.0,0.0
2007-03-06 00:00:00+09:00,1121.7827904073768,1184.145798849314,1121.7827904073768,1177.383544921875,348300,0.0,0.0
2007-03-07 00:00:00+09:00,1187.1515677483205,1203.6815262865885,1174.37841796875,1174.37841796875,134100,0.0,0.0
2007-03-08 00:00:00+09:00,1178.886591475436,1199.9247205776107,1160.1025476342083,1198.4219970703125,145000,0.0,0.0
2007-03-09 00:00:00+09:00,1187.902560459094,1232.232890039794,1187.151198940777,1203.68115234375,218500,0.0,0.0
2007-03-12 00:00:00+09:00,1247.2604475350217,1247.2604475350217,1211.1950851966596,1220.21142578125,148400,0.0,0.0
2007-03-13 00:00:00+09:00,1229.2274439665262,1229.2274439665262,1203.68115234375,1203.68115234375,93800,0.0,0.0
2007-03-14 00:00:00+09:00,1181.1402089159776,1187.151100564405,1153.339835042001,1158.599365234375,130200,0.0,0.0
2007-03-15 00:00:00+09:00,1178.8864455818753,1194.66504045582,1175.129637278555,1184.8973388671875,137600,0.0,0.0
2007-03-16 00:00:00+09:00,1195.4161545380248,1196.167516043077,1164.6103328308852,1165.3616943359375,103000,0.0,0.0
2007-03-19 00:00:00+09:00,1151.085566255235,1174.377767661183,1141.3178688914504,1166.11279296875,96400,0.0,0.0
2007-03-20 00:00:00+09:00,1175.8809714280922,1192.4109275759631,1174.378248141922,1181.1405029296875,120400,0.0,0.0
2007-03-22 00:00:00+09:00,1202.1787318726356,1214.9518808987823,1181.8919657722847,1191.65966796875,112800,0.0,0.0
2007-03-23 00:00:00+09:00,1212.6975094606398,1212.6975094606398,1196.167555800086,1202.9298095703125,93900,0.0,0.0
2007-03-26 00:00:00+09:00,1229.227492089365,1238.9951922098794,1217.2057073256549,1226.2220458984375,205200,0.0,0.0
2007-03-27 00:00:00+09:00,1232.6342154572847,1255.2651986052151,1228.8623849326295,1243.94970703125,201400,6.5,0.0
2007-03-28 00:00:00+09:00,1253.002160365765,1274.1244123165425,1236.4061052615825,1255.2652587890625,227800,0.0,0.0
2007-03-29 00:00:00+09:00,1256.0198611520998,1276.3877507924042,1233.388872662873,1268.0897216796875,192600,0.0,0.0
2007-03-30 00:00:00+09:00,1268.8438747349742,1283.9311978590524,1247.7216223612647,1278.650634765625,221600,0.0,0.0
2007-04-02 00:00:00+09:00,1277.1416218196957,1277.8959878101384,1222.0729045173698,1222.8272705078125,177000,0.0,0.0
2007-04-03 00:00:00+09:00,1237.1602212349283,1250.73880902897,1229.6165613493495,1235.6514892578125,184100,0.0,0.0
2007-04-04 00:00:00+09:00,1243.1954089796686,1258.2827319041792,1237.1604798098645,1252.247802734375,159800,0.0,0.0
2007-04-05 00:00:00+09:00,1235.6515223616261,1252.2475745545173,1225.090398238877,1246.212646484375,161500,0.0,0.0
2007-04-06 00:00:00+09:00,1252.2476768841075,1265.8262661515255,1237.9147215462772,1242.44091796875,122500,0.0,0.0
2007-04-09 00:00:00+09:00,1244.7043669074862,1269.598454245636,1237.9150703607181,1268.0897216796875,142700,0.0,0.0
2007-04-10 00:00:00+09:00,1270.352461257872,1297.5096397645723,1268.0893630489802,1287.702880859375,238400,0.0,0.0
2007-04-11 00:00:00+09:00,1278.6503444105815,1282.4221743350963,1254.5106328936854,1261.2999267578125,194400,0.0,0.0
2007-04-12 00:00:00+09:00,1265.072064862436,1332.9650200428887,1265.072064862436,1324.6669921875,415200,0.0,0.0
2007-04-13 00:00:00+09:00,1320.1405674360376,1335.227888206735,1271.1067749312704,1273.369873046875,416100,0.0,0.0
2007-04-16 00:00:00+09:00,1296.0010590385778,1311.088382193858,1283.1768343565893,1288.4573974609375,267600,0.0,0.0
2007-04-17 00:00:00+09:00,1297.5095294516682,1313.3512155670664,1283.17657534726,1294.4920654296875,211200,0.0,0.0
2007-04-18 00:00:00+09:00,1311.0884011514095,1332.9650200428887,1283.1768529105566,1324.6669921875,257500,0.0,0.0
2007-04-19 00:00:00+09:00,1323.1580568695963,1323.1580568695963,1271.1067992162314,1286.948486328125,220600,0.0,0.0
2007-04-20 00:00:00+09:00,1305.0531448656504,1317.8773665203996,1295.2463871296657,1299.7725830078125,181400,0.0,0.0
2007-04-23 00:00:00+09:00,1322.4035464704966,1323.9122784117067,1300.5269333229528,1305.8074951171875,211700,0.0,0.0
2007-04-24 00:00:00+09:00,1305.0532219381894,1311.8425161563648,1270.3523848230698,1282.4222412109375,223500,0.0,0.0
2007-04-25 00:00:00+09:00,1283.1767597849107,1297.509715949469,1246.2128202026295,1260.5457763671875,304100,0.0,0.0
2007-04-26 00:00:00+09:00,1260.5455607729095,1268.0892206219394,1234.1427513013045,1261.2999267578125,343400,0.0,0.0
2007-04-27 00:00:00+09:00,1274.8786576756554,1301.2814701127252,1259.791336283044,1287.702880859375,341000,0.0,0.0
2007-05-01 00:00:00+09:00,1287.7027411848574,1295.2464010629174,1267.3348595140951,1271.106689453125,170500,0.0,0.0
2007-05-02 00:00:00+09:00,1271.8609851030467,1283.1764742943549,1249.23000672043,1262.80859375,247000,0.0,0.0
2007-05-07 00:00:00+09:00,1268.843635931913,1279.4047601311083,1260.5456097754022,1265.826171875,293500,0.0,0.0
2007-05-08 00:00:00+09:00,1246.9672397107963,1262.8089287815324,1246.9672397107963,1252.247802734375,257200,0.0,0.0
2007-05-09 00:00:00+09:00,1236.405989405453,1245.4583822503985,1231.1254269125682,1242.44091796875,235800,0.0,0.0
2007-05-10 00:00:00+09:00,1238.6691409533064,1240.1778731590962,1228.8623816156737,1234.1429443359375,422100,0.0,0.0
2007-05-11 00:00:00+09:00,1228.862380010598,1265.8263190041641,1225.0905495010504,1256.77392578125,603000,0.0,0.0
2007-05-14 00:00:00+09:00,1238.6692150654237,1242.4410458055743,1223.5818921048217,1229.6168212890625,283000,0.0,0.0
2007-05-15 00:00:00+09:00,1206.9862533349028,1214.529917418246,1192.6532915765508,1201.7056884765625,248400,0.0,0.0
2007-05-16 00:00:00+09:00,1197.1789022930272,1210.0031249388883,1184.3546796471662,1205.4769287109375,284500,0.0,0.0
2007-05-17 00:00:00+09:00,1162.4782062167096,1165.4956707364156,1157.9520094371508,1163.9869384765625,342800,0.0,0.0
2007-05-18 00:00:00+09:00,1165.4956408927565,1165.4956408927565,1120.2336742561447,1130.7947998046875,472600,0.0,0.0
2007-05-21 00:00:00+09:00,1109.6723791345373,1120.9878690645294,1085.532667283888,1103.637451171875,440500,0.0,0.0
2007-05-22 00:00:00+09:00,1088.550668267417,1133.812650315958,1072.7089745504275,1124.76025390625,675600,0.0,0.0
2007-05-23 00:00:00+09:00,1108.9180278577303,1116.4616879111843,1073.4628256064968,1074.9715576171875,464500,0.0,0.0
2007-05-24 00:00:00+09:00,1120.2336495258728,1151.917025472059,1119.479283431916,1139.84716796875,435500,0.0,0.0
2007-05-25 00:00:00+09:00,1139.8474403663918,1157.952230947989,1118.7251846878617,1140.601806640625,511800,0.0,0.0
2007-05-28 00:00:00+09:00,1163.9867593714512,1163.9867593714512,1154.9343672052441,1162.47802734375,195200,0.0,0.0
2007-05-29 00:00:00+09:00,1194.9159388375872,1198.6877694526047,1183.6004469925342,1189.6353759765625,358900,0.0,0.0
2007-05-30 00:00:00+09:00,1234.142915890195,1239.4234784887472,1222.0730585220756,1233.3885498046875,571700,0.0,0.0
2007-05-31 00:00:00+09:00,1268.8436120388776,1279.4047360392012,1268.0892460388545,1274.8785400390625,530200,0.0,0.0
2007-06-01 00:00:00+09:00,1279.4049982349882,1283.9311951627062,1264.3176751425945,1268.8438720703125,322200,0.0,0.0
2007-06-04 00:00:00+09:00,1247.7213830529747,1258.2825072142455,1247.7213830529747,1256.0194091796875,215200,0.0,0.0
2007-06-05 00:00:00+09:00,1243.9495739746094,1286.9484373563878,1241.6864759018843,1282.4222412109375,338200,0.0,0.0
2007-06-06 00:00:00+09:00,1262.8088677331925,1299.018441001528,1262.8088677331925,1296.0009765625,336200,0.0,0.0
2007-06-07 00:00:00+09:00,1274.12440107905,1282.4224285579542,1264.3176413312538,1280.9136962890625,104700,0.0,0.0
2007-06-08 00:00:00+09:00,1229.6167029336104,1240.9321940649013,1223.5817743302553,1239.4234619140625,198400,0.0,0.0
2007-06-11 00:00:00+09:00,1252.2475379413709,1252.2475379413709,1242.4407801141192,1248.4757080078125,104000,0.0,0.0
2007-06-12 00:00:00+09:00,1261.2998618578256,1271.1066191569594,1254.5105683430406,1262.80859375,193400,0.0,0.0
2007-06-13 00:00:00+09:00,1229.6167311471163,1243.1953208162256,1229.6167311471163,1240.1778564453125,261100,0.0,0.0
2007-06-14 00:00:00+09:00,1233.3885415375705,1240.1778362616305,1229.616711135315,1236.406005859375,134900,0.0,0.0
2007-06-15 00:00:00+09:00,1238.6690470987835,1258.2825642879236,1238.6690470987835,1257.5281982421875,107600,0.0,0.0
2007-06-18 00:00:00+09:00,1299.7729341699442,1324.6670182254336,1299.7729341699442,1315.6146240234375,299000,0.0,0.0
2007-06-19 00:00:00+09:00,1341.2629818097182,1341.2629818097182,1324.6669269166846,1326.1756591796875,390100,0.0,0.0
2007-06-20 00:00:00+09:00,1345.7893900392826,1346.5437562893046,1333.7195300389303,1338.2457275390625,215900,0.0,0.0
2007-06-21 00:00:00+09:00,1339.7541823062152,1350.3153076171875,1335.2279857443698,1350.3153076171875,152400,0.0,0.0
2007-06-22 00:00:00+09:00,1345.7890863450332,1363.139506180199,1345.0347202652433,1359.36767578125,170400,0.0,0.0
2007-06-25 00:00:00+09:00,1360.122066834519,1361.6307990218008,1338.2454501189334,1350.3153076171875,193600,0.0,0.0
2007-06-26 00:00:00+09:00,1353.332601898429,1371.4373858703143,1347.2976739078006,1368.419921875,272100,0.0,0.0
2007-06-27 00:00:00+09:00,1364.6482921197785,1367.6657565578544,1344.280407162767,1351.0697021484375,199500,0.0,0.0
2007-06-28 00:00:00+09:00,1360.8761973107964,1369.9285888671875,1356.350001532601,1369.9285888671875,90700,0.0,0.0
2007-06-29 00:00:00+09:00,1369.9288782865187,1375.9638072657544,1355.5959219608337,1364.6483154296875,124100,0.0,0.0
2007-07-02 00:00:00+09:00,1375.2099508534307,1391.0516452955164,1366.1575540293818,1388.0341796875,181800,0.0,0.0
2007-07-03 00:00:00+09:00,1388.7877143843168,1388.7877143843168,1370.682931578655,1378.98095703125,134900,0.0,0.0
2007-07-04 00:00:00+09:00,1376.7180751148833,1383.5073697318883,1347.2977984411955,1355.5958251953125,176100,0.0,0.0
2007-07-05 00:00:00+09:00,1355.5959303583795,1369.9288867728533,1344.280438452216,1361.630859375,167700,0.0,0.0
2007-07-06 00:00:00+09:00,1354.0872802734375,1357.8591111377089,1342.7717876806232,1354.0872802734375,127600,0.0,0.0
2007-07-09 00:00:00+09:00,1352.5783928671574,1368.4200806809947,1350.3152946080377,1366.156982421875,125100,0.0,0.0
2007-07-10 00:00:00+09:00,1366.911376953125,1372.946305769695,1360.876448136555,1366.911376953125,97900,0.0,0.0
2007-07-11 00:00:00+09:00,1354.0869062592283,1360.8761999396365,1346.54324661433,1357.1043701171875,241100,0.0,0.0
2007-07-12 00:00:00+09:00,1363.893542631173,1367.6653721185378,1332.210174937307,1344.280029296875,253100,0.0,0.0
2007-07-13 00:00:00+09:00,1350.3155304023965,1351.8242628386004,1323.9127127688303,1336.7369384765625,166200,0.0,0.0
2007-07-17 00:00:00+09:00,1322.4043434407645,1330.7023741183734,1322.4043434407645,1326.9305419921875,162900,0.0,0.0
2007-07-18 00:00:00+09:00,1309.5794231613957,1317.8774494602294,1303.544494944062,1314.8599853515625,149600,0.0,0.0
2007-07-19 00:00:00+09:00,1316.368831291701,1320.1406617538548,1308.8251703673934,1317.8775634765625,73400,0.0,0.0
2007-07-20 00:00:00+09:00,1339.75440334897,1345.7893330937852,1324.667078986932,1336.7369384765625,117700,0.0,0.0
2007-07-23 00:00:00+09:00,1326.930036716429,1333.719331958298,1325.421304440458,1332.9649658203125,137300,0.0,0.0
2007-07-24 00:00:00+09:00,1330.7019980479827,1330.7019980479827,1320.8952372913934,1329.9476318359375,82500,0.0,0.0
2007-07-25 00:00:00+09:00,1301.2811910695043,1318.6316069504312,1301.2811910695043,1312.5966796875,143500,0.0,0.0
2007-07-26 00:00:00+09:00,1290.7204505141901,1302.0359424824617,1290.7204505141901,1293.7379150390625,106300,0.0,0.0
2007-07-27 00:00:00+09:00,1249.2299576354542,1278.6502283768689,1249.2299576354542,1258.2823486328125,101800,0.0,0.0
2007-07-30 00:00:00+09:00,1235.6517638620023,1280.1593670780328,1219.0557084255163,1278.650634765625,127500,0.0,0.0
2007-07-31 00:00:00+09:00,1280.9134616365013,1309.5793694940908,1280.9134616365013,1300.5269775390625,139800,0.0,0.0
2007-08-01 00:00:00+09:00,1300.5272532955385,1311.842745638597,1275.6331701408094,1278.650634765625,242000,0.0,0.0
2007-08-02 00:00:00+09:00,1279.4047763847307,1279.4047763847307,1237.1602790512725,1259.791259765625,237600,0.0,0.0
2007-08-03 00:00:00+09:00,1256.01983066914,1256.7741969338063,1237.1606740524862,1247.7218017578125,120500,0.0,0.0
2007-08-06 00:00:00+09:00,1202.459636814952,1317.123291015625,1202.459636814952,1317.123291015625,317100,0.0,0.0
2007-08-07 00:00:00+09:00,1219.8101239750629,1229.6168844028155,1180.5830822640528,1218.3013916015625,449100,0.0,0.0
2007-08-08 00:00:00+09:00,1207.74005535381,1210.0031535212438,1187.3721718469064,1206.2313232421875,265300,0.0,0.0
2007-08-09 00:00:00+09:00,1057.6212857424557,1114.953110076569,1057.6212857424557,1098.3570556640625,923400,0.0,0.0
2007-08-10 00:00:00+09:00,1077.2345409675186,1108.9179098195043,1071.9539794921875,1071.9539794921875,456600,0.0,0.0
2007-08-13 00:00:00+09:00,1151.1628506193022,1161.723977689204,1142.8648222072366,1148.1453857421875,428900,0.0,0.0
2007-08-14 00:00:00+09:00,1188.1266070015822,1194.1615357990506,1176.0567494066456,1191.8984375,342900,0.0,0.0
2007-08-15 00:00:00+09:00,1203.9683291540123,1203.9683291540123,1173.0393181920358,1179.82861328125,276800,0.0,0.0
2007-08-16 00:00:00+09:00,1145.127721101335,1173.0392663455705,1109.6725149802792,1165.49560546875,281900,0.0,0.0
2007-08-17 00:00:00+09:00,1120.2335815429688,1136.0752685546875,1034.9902180989584,1041.025146484375,337000,0.0,0.0
2007-08-20 00:00:00+09:00,1086.2868816254418,1097.6023699757068,1056.8666119147526,1067.427734375,223700,0.0,0.0
2007-08-21 00:00:00+09:00,1121.7425820135302,1142.1104701872796,1111.9358210409841,1122.4969482421875,270900,0.0,0.0
2007-08-22 00:00:00+09:00,1122.496440143247,1133.8119284511426,1102.8829270762278,1105.900390625,173900,0.0,0.0
2007-08-23 00:00:00+09:00,1150.4083336222573,1151.9170658630733,1137.5841095753206,1147.390869140625,166000,0.0,0.0
2007-08-24 00:00:00+09:00,1148.1450765614748,1161.723664851952,1128.5315601418963,1149.65380859375,123100,0.0,0.0
2007-08-27 00:00:00+09:00,1154.9344814388664,1154.9344814388664,1138.3384274926516,1142.8646240234375,99500,0.0,0.0
2007-08-28 00:00:00+09:00,1139.0929543417008,1173.0394331134735,1129.2861938076333,1150.408447265625,94300,0.0,0.0
2007-08-29 00:00:00+09:00,1112.6901029336332,1128.5317925347222,1107.40953973327,1120.2337646484375,115900,0.0,0.0
2007-08-30 00:00:00+09:00,1138.3387078179253,1142.8649054633247,1125.5144811559605,1140.601806640625,147100,0.0,0.0
2007-08-31 00:00:00+09:00,1175.3023784830934,1205.4770223465873,1170.021815806982,1204.72265625,233900,0.0,0.0
2007-09-03 00:00:00+09:00,1204.722574895112,1220.5642618536579,1188.1265218909216,1212.2662353515625,149400,0.0,0.0
2007-09-04 00:00:00+09:00,1213.7750562290607,1237.9147714554933,1197.1790020108883,1224.336181640625,133300,0.0,0.0
2007-09-05 00:00:00+09:00,1231.1254074154551,1234.1428716493165,1177.5654172644151,1193.4071044921875,155300,0.0,0.0
2007-09-06 00:00:00+09:00,1206.231490858835,1214.529518625844,1171.5306474695253,1200.950927734375,219700,0.0,0.0
2007-09-07 00:00:00+09:00,1178.3198841315095,1204.722698436633,1178.3198841315095,1189.6353759765625,132300,0.0,0.0
2007-09-10 00:00:00+09:00,1146.6365538758118,1182.091763107498,1141.3559907987521,1161.723876953125,134400,0.0,0.0
2007-09-11 00:00:00+09:00,1142.864734908024,1154.9345934945115,1103.6376945019401,1136.075439453125,166000,0.0,0.0
2007-09-12 00:00:00+09:00,1139.8475812557638,1154.1805422378018,1121.7427884363472,1124.76025390625,87500,0.0,0.0
2007-09-13 00:00:00+09:00,1109.672126132523,1134.5661983027292,1109.672126132523,1119.4788818359375,63000,0.0,0.0
2007-09-14 00:00:00+09:00,1102.8832979994868,1132.3035774946852,1097.6027350131692,1125.5142822265625,230300,0.0,0.0
2007-09-18 00:00:00+09:00,1100.6200763323243,1130.7947185895505,1087.7958533730032,1115.7073974609375,173700,0.0,0.0
2007-09-19 00:00:00+09:00,1142.1101449697842,1162.47802734375,1139.0926809143818,1162.47802734375,155200,0.0,0.0
2007-09-20 00:00:00+09:00,1141.355782416236,1149.65380859375,1130.7946581903093,1149.65380859375,105100,0.0,0.0
2007-09-21 00:00:00+09:00,1146.636454465759,1163.9868745004383,1109.6725161310076,1142.8646240234375,133000,0.0,0.0
2007-09-25 00:00:00+09:00,1148.169850396566,1213.3464887689124,1147.4119825085154,1195.91552734375,155200,7.0,0.0
2007-09-26 00:00:00+09:00,1218.6515161949087,1250.4819662447758,1199.7048197366546,1246.692626953125,227200,0.0,0.0
2007-09-27 00:00:00+09:00,1251.2395871465503,1314.9004746815656,1251.2395871465503,1302.0167236328125,350100,0.0,0.0
2007-09-28 00:00:00+09:00,1279.2810419079328,1308.837890625,1236.0825707060656,1308.837890625,270500,0.0,0.0
2007-10-01 00:00:00+09:00,1302.7747019521007,1315.6584540947333,1282.3122720785075,1300.5010986328125,155400,0.0,0.0
2007-10-02 00:00:00+09:00,1311.8690763996087,1320.9634894075782,1280.0386308717152,1319.44775390625,224200,0.0,0.0
2007-10-03 00:00:00+09:00,1318.6901489473103,1318.6901489473103,1259.5764526151895,1289.13330078125,406800,0.0,0.0
2007-10-04 00:00:00+09:00,1278.5229237387625,1279.2807915062426,1233.0508576899624,1267.1549072265625,439800,0.0,0.0
2007-10-05 00:00:00+09:00,1242.9032116086282,1262.6077747194968,1232.2930622412375,1252.7554931640625,455900,0.0,0.0
2007-10-09 00:00:00+09:00,1286.1015011735064,1295.9537813828497,1256.5446605454765,1270.186279296875,203200,0.0,0.0
2007-10-10 00:00:00+09:00,1292.922578071636,1292.922578071636,1236.840356045082,1248.2083740234375,172900,0.0,0.0
2007-10-11 00:00:00+09:00,1247.4502480445442,1270.186279296875,1227.7456876258577,1270.186279296875,179500,0.0,0.0
2007-10-12 00:00:00+09:00,1241.3873843575807,1241.3873843575807,1240.6295166015625,1240.6295166015625,179500,0.0,0.0
2007-10-15 00:00:00+09:00,1263.3657883694177,1272.460203162719,1220.9251860006789,1255.787109375,200200,0.0,0.0
2007-10-16 00:00:00+09:00,1217.8934827862365,1217.8934827862365,1200.4625244140625,1200.4625244140625,200200,0.0,0.0
2007-10-17 00:00:00+09:00,1176.968564043881,1184.5472412109375,1176.968564043881,1184.5472412109375,200200,0.0,0.0
2007-10-18 00:00:00+09:00,1189.8523152278772,1197.4309923949336,1143.6223845088323,1184.5472412109375,493000,0.0,0.0
2007-10-19 00:00:00+09:00,1181.515632875504,1181.515632875504,1174.69482421875,1174.69482421875,493000,0.0,0.0
2007-10-22 00:00:00+09:00,1139.8335279658943,1170.1482494543488,1118.613222923976,1161.0538330078125,200100,0.0,0.0
2007-10-23 00:00:00+09:00,1185.3054304411173,1185.3054304411173,1178.484619140625,1178.484619140625,200100,0.0,0.0
2007-10-24 00:00:00+09:00,1177.7267174323656,1177.7267174323656,1173.9373779296875,1173.9373779296875,200100,0.0,0.0
2007-10-25 00:00:00+09:00,1151.9588151558366,1151.9588151558366,1145.8958740234375,1145.8958740234375,200100,0.0,0.0
2007-10-26 00:00:00+09:00,1145.8959874260354,1152.716796875,1145.8959874260354,1152.716796875,200100,0.0,0.0
2007-10-29 00:00:00+09:00,1156.5062301596313,1190.6102801971042,1141.3488745874213,1173.1793212890625,317900,0.0,0.0
2007-10-30 00:00:00+09:00,1186.0631422221365,1230.77734375,1186.0631422221365,1230.77734375,317900,0.0,0.0
2007-10-31 00:00:00+09:00,1208.0413456286412,1254.2712842003773,1208.0413456286412,1251.9976806640625,344200,0.0,0.0
2007-11-01 00:00:00+09:00,1251.9977495335822,1269.4287109375,1251.9977495335822,1269.4287109375,344200,0.0,0.0
2007-11-02 00:00:00+09:00,1251.9977005359738,1251.9977005359738,1238.3560791015625,1238.3560791015625,344200,0.0,0.0
2007-11-05 00:00:00+09:00,1217.8937410869296,1238.3561748201885,1189.0947602771578,1193.6419677734375,142800,0.0,0.0
2007-11-06 00:00:00+09:00,1218.6513180213578,1218.6513180213578,1204.2518310546875,1204.2518310546875,142800,0.0,0.0
2007-11-07 00:00:00+09:00,1215.6198795203009,1215.6198795203009,1200.4625244140625,1200.4625244140625,142800,0.0,0.0
2007-11-08 00:00:00+09:00,1152.7170098031118,1164.8428955078125,1152.7170098031118,1164.8428955078125,142800,0.0,0.0
2007-11-09 00:00:00+09:00,1145.1380462850207,1145.1380462850207,1135.2857666015625,1135.2857666015625,142800,0.0,0.0
2007-11-12 00:00:00+09:00,1135.2857678497253,1135.2857678497253,1111.7918701171875,1111.7918701171875,142800,0.0,0.0
2007-11-13 00:00:00+09:00,1111.7921038021113,1111.7921038021113,1061.7728271484375,1061.7728271484375,142800,0.0,0.0
2007-11-14 00:00:00+09:00,1068.5935611332284,1068.5935611332284,1067.835693359375,1067.835693359375,142800,0.0,0.0
2007-11-15 00:00:00+09:00,1045.8575417161248,1045.8575417161248,1037.52099609375,1037.52099609375,142800,0.0,0.0
2007-11-16 00:00:00+09:00,1024.6372144802392,1024.6372144802392,993.5646362304688,993.5646362304688,142800,0.0,0.0
2007-11-19 00:00:00+09:00,955.67133598953,955.67133598953,924.5987548828125,924.5987548828125,142800,0.0,0.0
2007-11-20 00:00:00+09:00,885.189636986478,917.7779541015625,885.189636986478,917.7779541015625,142800,0.0,0.0
2007-11-21 00:00:00+09:00,918.5356453886359,918.5356453886359,863.2113037109375,863.2113037109375,142800,0.0,0.0
2007-11-22 00:00:00+09:00,864.7273005336889,865.4851684570312,864.7273005336889,865.4851684570312,142800,0.0,0.0
2007-11-26 00:00:00+09:00,872.3058431674359,901.8626875493038,848.8119412228742,855.6327514648438,466300,0.0,0.0
2007-11-27 00:00:00+09:00,855.6326496851848,855.6326496851848,850.3275756835938,850.3275756835938,142800,0.0,0.0
2007-11-28 00:00:00+09:00,856.3906518250598,860.1799909924272,851.8434448242186,851.8434448242188,142800,0.0,0.0
2007-11-29 00:00:00+09:00,857.9062759678782,869.2742919921875,857.9062759678782,869.2742919921875,142800,0.0,0.0
2007-11-30 00:00:00+09:00,878.3688425899672,887.4632568359375,878.3688425899672,887.4632568359375,142800,0.0,0.0
2007-12-03 00:00:00+09:00,907.9256534687956,907.9256534687956,907.1677856445312,907.1677856445312,142800,0.0,0.0
2007-12-04 00:00:00+09:00,910.9571327851197,910.9571327851197,892.0104370117188,892.0104370117188,142800,0.0,0.0
2007-12-05 00:00:00+09:00,892.0103179225579,892.0103179225579,884.431640625,884.431640625,142800,0.0,0.0
2007-12-06 00:00:00+09:00,884.4315205583669,900.3467407226562,884.4315205583669,900.3467407226562,142800,0.0,0.0
2007-12-07 00:00:00+09:00,900.3469467675127,903.3784179687501,900.3469467675127,903.37841796875,142800,0.0,0.0
2007-12-10 00:00:00+09:00,906.410044144611,906.410044144611,891.2526855468751,891.252685546875,142800,0.0,0.0
2007-12-11 00:00:00+09:00,916.2620530859053,920.0513916015625,916.2620530859053,920.0513916015625,142800,0.0,0.0
2007-12-12 00:00:00+09:00,910.1990315455282,925.3563842773438,910.1990315455282,925.3563842773438,142800,0.0,0.0
2007-12-13 00:00:00+09:00,922.3251725689794,922.3251725689794,919.293701171875,919.293701171875,142800,0.0,0.0
2007-12-14 00:00:00+09:00,920.0512850452027,920.0512850452027,906.4096679687499,906.40966796875,142800,0.0,0.0
2007-12-17 00:00:00+09:00,880.6421962967117,880.6421962967117,870.7899169921875,870.7899169921875,142800,0.0,0.0
2007-12-18 00:00:00+09:00,855.6329075678481,887.4633611709036,840.4755487092502,868.5166625976562,269300,0.0,0.0
2007-12-19 00:00:00+09:00,874.5793309391432,874.5793309391432,864.72705078125,864.72705078125,142800,0.0,0.0
2007-12-20 00:00:00+09:00,862.348266590749,862.348266590749,849.5698852539062,849.5698852539062,142800,0.0,0.0
2007-12-21 00:00:00+09:00,863.9692034040178,875.3372192382812,863.9692034040178,875.3372192382812,142800,0.0,0.0
2007-12-25 00:00:00+09:00,898.073379659207,898.073379659207,892.0104370117188,892.0104370117188,142800,0.0,0.0
2007-12-26 00:00:00+09:00,908.6835191848829,926.1144791025246,894.284030557266,923.0830078125,162800,0.0,0.0
2007-12-27 00:00:00+09:00,908.6832708148254,908.6832708148254,906.4096679687499,906.40966796875,162800,0.0,0.0
2007-12-28 00:00:00+09:00,906.4097482341609,906.4097482341609,876.0950409353595,885.189453125,128000,0.0,0.0
2008-01-04 00:00:00+09:00,854.874769447907,857.906240261552,816.9813842773438,816.9813842773438,276600,0.0,0.0
2008-01-07 00:00:00+09:00,814.7078330733958,823.80224609375,814.7078330733958,823.80224609375,162800,0.0,0.0
2008-01-08 00:00:00+09:00,823.802271345664,823.802271345664,795.0032958984375,795.0032958984375,162800,0.0,0.0
2008-01-09 00:00:00+09:00,795.0033978334407,808.64501953125,795.0033978334407,808.64501953125,162800,0.0,0.0
2008-01-10 00:00:00+09:00,810.1606304284298,810.1606304284298,800.308349609375,800.308349609375,162800,0.0,0.0
2008-01-11 00:00:00+09:00,800.3083147321428,800.3083147321428,779.8458862304688,779.8458862304688,162800,0.0,0.0
2008-01-15 00:00:00+09:00,751.8048219906218,751.8048219906218,737.4053344726562,737.4053344726562,162800,0.0,0.0
2008-01-16 00:00:00+09:00,661.618569428066,699.5119582841982,661.618569428066,682.8388671875,648700,0.0,0.0
2008-01-17 00:00:00+09:00,691.9333510625929,700.2698974609375,691.9333510625929,700.2698974609375,648700,0.0,0.0
2008-01-18 00:00:00+09:00,702.5434574007867,751.0469970703125,702.5434574007867,751.0469970703125,648700,0.0,0.0
2008-01-21 00:00:00+09:00,708.6063410801612,708.6063410801612,694.9647216796875,694.9647216796875,648700,0.0,0.0
2008-01-22 00:00:00+09:00,680.5653419273102,680.5653419273102,652.5242309570312,652.5242309570312,648700,0.0,0.0
2008-01-23 00:00:00+09:00,653.2820877109028,683.5968017578125,653.2820877109028,683.5968017578125,648700,0.0,0.0
2008-01-24 00:00:00+09:00,683.5967637572461,710.8800048828125,683.5967637572461,710.8800048828125,648700,0.0,0.0
2008-01-25 00:00:00+09:00,719.9742471018145,751.8046875,719.9742471018145,751.8046875,648700,0.0,0.0
2008-01-28 00:00:00+09:00,727.5531102129338,727.5531102129338,720.7322998046875,720.7322998046875,648700,0.0,0.0
2008-01-29 00:00:00+09:00,745.7418301134225,754.8362426757812,745.7418301134225,754.8362426757812,648700,0.0,0.0
2008-01-30 00:00:00+09:00,754.8362542957008,756.3519897460938,754.8362542957008,756.3519897460938,648700,0.0,0.0
2008-01-31 00:00:00+09:00,771.5094580407092,787.4246826171875,771.5094580407092,787.4246826171875,648700,0.0,0.0
2008-02-01 00:00:00+09:00,787.4245161304979,787.4245161304979,773.7828979492188,773.7828979492188,648700,0.0,0.0
2008-02-04 00:00:00+09:00,774.5407769418981,830.6229858398438,774.5407769418981,830.6229858398438,648700,0.0,0.0
2008-02-05 00:00:00+09:00,797.2767586739061,816.2234497070312,797.2767586739061,816.2234497070312,648700,0.0,0.0
2008-02-06 00:00:00+09:00,785.9088768995445,794.2454223632812,785.9088768995445,794.2454223632812,648700,0.0,0.0
2008-02-07 00:00:00+09:00,741.1946912042026,741.1946912042026,642.6718794899425,659.344970703125,1396900,0.0,0.0
2008-02-08 00:00:00+09:00,660.8606281452351,672.9865112304688,660.8606281452351,672.9865112304688,648700,0.0,0.0
2008-02-12 00:00:00+09:00,673.7446983102928,673.7446983102928,641.1563720703125,641.1563720703125,648700,0.0,0.0
2008-02-13 00:00:00+09:00,649.4927638554826,649.4927638554826,644.945556640625,644.945556640625,648700,0.0,0.0
2008-02-14 00:00:00+09:00,645.7034048205552,658.587158203125,645.7034048205552,658.587158203125,648700,0.0,0.0
2008-02-15 00:00:00+09:00,657.0713939666748,684.3546352386475,657.0713939666748,679.049560546875,645600,0.0,0.0
2008-02-18 00:00:00+09:00,681.3231316332548,682.8388671875,681.3231316332548,682.8388671875,645600,0.0,0.0
2008-02-19 00:00:00+09:00,683.5968046642485,700.2698974609375,683.5968046642485,700.2698974609375,645600,0.0,0.0
2008-02-20 00:00:00+09:00,709.3642730712891,709.3642730712891,679.049560546875,679.049560546875,645600,0.0,0.0
2008-02-21 00:00:00+09:00,736.6474493596971,736.6474493596971,735.1317138671875,735.1317138671875,645600,0.0,0.0
2008-02-22 00:00:00+09:00,705.5750790026635,714.6694946289062,705.5750790026635,714.6694946289062,645600,0.0,0.0
2008-02-25 00:00:00+09:00,728.310904150894,735.1317138671875,728.310904150894,735.1317138671875,645600,0.0,0.0
2008-02-26 00:00:00+09:00,760.1414184570312,760.1414184570312,760.1414184570312,760.1414184570312,645600,0.0,0.0
2008-02-27 00:00:00+09:00,760.1414203229976,768.4779663085938,760.1414203229976,768.4779663085938,645600,0.0,0.0
2008-02-28 00:00:00+09:00,763.1729409440233,766.9622802734375,763.1729409440233,766.9622802734375,645600,0.0,0.0
2008-02-29 00:00:00+09:00,755.5942229161808,761.6571655273438,755.5942229161808,761.6571655273438,645600,0.0,0.0
2008-03-03 00:00:00+09:00,729.0688961499358,729.0688961499358,719.2166137695312,719.2166137695312,645600,0.0,0.0
2008-03-04 00:00:00+09:00,719.2165204893868,723.005859375,719.2165204893868,723.005859375,645600,0.0,0.0
2008-03-05 00:00:00+09:00,723.763899282247,723.763899282247,721.4902954101562,721.4902954101562,645600,0.0,0.0
2008-03-06 00:00:00+09:00,738.9210262598168,738.9210262598168,723.763671875,723.763671875,645600,0.0,0.0
2008-03-07 00:00:00+09:00,723.7636959695765,723.7636959695765,694.9647216796875,694.9647216796875,645600,0.0,0.0
2008-03-10 00:00:00+09:00,667.681484320683,667.681484320683,647.2190551757812,647.2190551757812,645600,0.0,0.0
2008-03-11 00:00:00+09:00,647.2190486971892,678.2916259765625,647.2190486971892,678.2916259765625,645600,0.0,0.0
2008-03-12 00:00:00+09:00,699.5120784621339,699.5120784621339,690.4176635742188,690.4176635742188,645600,0.0,0.0
2008-03-13 00:00:00+09:00,664.6500042576088,664.6500042576088,654.0398559570312,654.0398559570312,645600,0.0,0.0
2008-03-14 00:00:00+09:00,649.4926767303613,649.4926767303613,633.5774536132812,633.5774536132812,645600,0.0,0.0
2008-03-17 00:00:00+09:00,635.8511030826662,635.8511030826662,615.388671875,615.388671875,645600,0.0,0.0
2008-03-18 00:00:00+09:00,613.1150133571648,616.146484375,613.1150133571648,616.146484375,645600,0.0,0.0
2008-03-19 00:00:00+09:00,616.1464472138979,651.0083618164062,616.1464472138979,651.0083618164062,645600,0.0,0.0
2008-03-21 00:00:00+09:00,651.0083082634258,667.681396484375,651.0083082634258,667.681396484375,645600,0.0,0.0
2008-03-24 00:00:00+09:00,669.9551313207784,669.9551313207784,660.8607177734375,660.8607177734375,645600,0.0,0.0
2008-03-25 00:00:00+09:00,682.0810317993164,682.0810317993164,679.049560546875,679.049560546875,645600,0.0,0.0
2008-03-26 00:00:00+09:00,678.2857390372984,678.2857390372984,663.009033203125,663.009033203125,645600,7.0,0.0
2008-03-27 00:00:00+09:00,667.5918976248126,669.1195678710938,667.5918976248126,669.1195678710938,645600,0.0,0.0
2008-03-28 00:00:00+09:00,670.6473493810735,682.8687133789062,670.6473493810735,682.8687133789062,645600,0.0,0.0
2008-03-31 00:00:00+09:00,643.1493479658918,643.1493479658918,626.344970703125,626.344970703125,645600,0.0,0.0
2008-04-01 00:00:00+09:00,655.3705489627042,655.3705489627042,648.4960327148438,648.4960327148438,645600,0.0,0.0
2008-04-02 00:00:00+09:00,648.4961117784227,677.5218505859375,648.4961117784227,677.5218505859375,645600,0.0,0.0
2008-04-03 00:00:00+09:00,679.0494567255957,682.1047973632812,679.0494567255957,682.1047973632812,645600,0.0,0.0
2008-04-04 00:00:00+09:00,671.4112702449343,676.7581176757812,671.4112702449343,676.7581176757812,645600,0.0,0.0
2008-04-07 00:00:00+09:00,661.4812853876306,661.4812853876306,657.662109375,657.662109375,645600,0.0,0.0
2008-04-08 00:00:00+09:00,676.7580844029018,676.7580844029018,668.3558959960938,668.3558959960938,645600,0.0,0.0
2008-04-09 00:00:00+09:00,668.3559021278012,668.3559021278012,661.4813842773438,661.4813842773438,645600,0.0,0.0
2008-04-10 00:00:00+09:00,661.4812270136604,661.4812270136604,653.0790405273438,653.0790405273438,645600,0.0,0.0
2008-04-11 00:00:00+09:00,655.3707839118109,659.9537963867188,655.3707839118109,659.9537963867188,645600,0.0,0.0
2008-04-14 00:00:00+09:00,660.7174736094253,660.7174736094253,653.8429565429688,653.8429565429688,645600,0.0,0.0
2008-04-15 00:00:00+09:00,672.939006319913,672.939006319913,672.1751708984375,672.1751708984375,645600,0.0,0.0
2008-04-16 00:00:00+09:00,672.1750039635006,677.5218505859375,672.1750039635006,677.5218505859375,645600,0.0,0.0
2008-04-17 00:00:00+09:00,721.8243229832584,721.8243229832584,718.7689819335938,718.7689819335938,645600,0.0,0.0
2008-04-18 00:00:00+09:00,721.8242695175599,735.5733032226562,721.8242695175599,735.5733032226562,645600,0.0,0.0
2008-04-21 00:00:00+09:00,749.3224112713923,749.3224112713923,745.5032348632812,745.5032348632812,645600,0.0,0.0
2008-04-22 00:00:00+09:00,746.2669810948566,746.2669810948566,727.9349365234375,727.9349365234375,645600,0.0,0.0
2008-04-23 00:00:00+09:00,737.8647659128184,738.6286010742188,737.8647659128184,738.6286010742188,645600,0.0,0.0
2008-04-24 00:00:00+09:00,739.3924458928806,739.3924458928806,724.8795776367188,724.8795776367188,645600,0.0,0.0
2008-04-25 00:00:00+09:00,750.8502071180667,750.8502071180667,743.2118530273438,743.2118530273438,645600,0.0,0.0
2008-04-28 00:00:00+09:00,771.4736007016347,771.4736007016347,760.7799072265625,760.7799072265625,645600,0.0,0.0
2008-04-30 00:00:00+09:00,760.7798928653493,760.7798928653493,753.1415405273438,753.1415405273438,645600,0.0,0.0
2008-05-01 00:00:00+09:00,748.5585345265321,748.5585345265321,746.2670288085938,746.2670288085938,645600,0.0,0.0
2008-05-02 00:00:00+09:00,763.0714111328125,763.0714111328125,763.0714111328125,763.0714111328125,645600,0.0,0.0
2008-05-07 00:00:00+09:00,769.9458618164062,769.9458618164062,769.9458618164062,769.9458618164062,645600,0.0,0.0
2008-05-08 00:00:00+09:00,771.4735915186851,779.8757791490866,768.4182505621754,772.2374267578125,132000,0.0,0.0
2008-05-09 00:00:00+09:00,770.7097184956666,770.7097184956666,768.418212890625,768.418212890625,132000,0.0,0.0
2008-05-12 00:00:00+09:00,756.1969153309539,761.5437622070312,756.1969153309539,761.5437622070312,132000,0.0,0.0
2008-05-13 00:00:00+09:00,753.1413227319717,782.1670532226562,753.1413227319717,782.1670532226562,132000,0.0,0.0
2008-05-14 00:00:00+09:00,792.0970806092706,800.499267578125,792.0970806092706,800.499267578125,132000,0.0,0.0
2008-05-15 00:00:00+09:00,785.2225572095705,785.2225572095705,781.4033813476562,781.4033813476562,132000,0.0,0.0
2008-05-16 00:00:00+09:00,786.7502491621266,786.7502491621266,779.875732421875,779.875732421875,132000,0.0,0.0
2008-05-19 00:00:00+09:00,782.9310748806637,782.9310748806637,777.584228515625,777.584228515625,132000,0.0,0.0
2008-05-20 00:00:00+09:00,780.6396231938335,786.7503051757814,780.6396231938335,786.7503051757812,132000,0.0,0.0
2008-05-21 00:00:00+09:00,760.0161269458372,767.6544799804688,760.0161269458372,767.6544799804688,132000,0.0,0.0
2008-05-22 00:00:00+09:00,759.3227023870288,766.8905639648438,759.3227023870288,766.8905639648438,132000,0.0,0.0
2008-05-23 00:00:00+09:00,780.6395510460968,780.6395510460968,774.5288696289062,774.5288696289062,132000,0.0,0.0
2008-05-26 00:00:00+09:00,767.6542246014274,767.6542246014274,750.849853515625,750.849853515625,132000,0.0,0.0
2008-05-27 00:00:00+09:00,758.4882768642402,765.36279296875,758.4882768642402,765.36279296875,132000,0.0,0.0
2008-05-28 00:00:00+09:00,741.6839033035627,741.6839033035627,734.8093872070312,734.8093872070312,132000,0.0,0.0
2008-05-29 00:00:00+09:00,762.3074951171875,762.3074951171875,762.3074951171875,762.3074951171875,132000,0.0,0.0
2008-05-30 00:00:00+09:00,762.3076744375303,788.278076171875,762.3076744375303,788.278076171875,132000,0.0,0.0
2008-06-02 00:00:00+09:00,815.0122821431764,867.7169189453125,815.0122821431764,867.7169189453125,132000,0.0,0.0
2008-06-03 00:00:00+09:00,842.2620753790665,844.8016967773438,842.2620753790665,844.8016967773438,132000,0.0,0.0
2008-06-04 00:00:00+09:00,865.4252350747109,865.4252350747109,860.8422241210938,860.8422241210938,132000,0.0,0.0
2008-06-05 00:00:00+09:00,873.827544614018,886.812744140625,873.827544614018,886.812744140625,132000,0.0,0.0
2008-06-06 00:00:00+09:00,883.7576735431179,883.7576735431179,880.7023315429689,880.7023315429688,132000,0.0,0.0
2008-06-09 00:00:00+09:00,863.8975750189177,875.3551025390625,863.8975750189177,875.3551025390625,132000,0.0,0.0
2008-06-10 00:00:00+09:00,875.3551980865287,875.3551980865287,857.7869873046874,857.7869873046875,132000,0.0,0.0
2008-06-11 00:00:00+09:00,857.7869495262188,857.7869495262188,853.9677734375,853.9677734375,132000,0.0,0.0
2008-06-12 00:00:00+09:00,862.3700622013637,862.3700622013637,855.4955444335938,855.4955444335938,132000,0.0,0.0
2008-06-13 00:00:00+09:00,840.9827121999812,857.0232543945312,840.9827121999812,857.0232543945312,132000,0.0,0.0
2008-06-16 00:00:00+09:00,859.3146578074562,859.3146578074562,857.7869873046874,857.7869873046875,132000,0.0,0.0
2008-06-17 00:00:00+09:00,857.0230893936293,860.0784301757814,857.0230893936293,860.0784301757812,132000,0.0,0.0
2008-06-18 00:00:00+09:00,879.1743275463427,891.3956909179688,879.1743275463427,891.3956909179688,132000,0.0,0.0
2008-06-19 00:00:00+09:00,870.7721593140294,870.7721593140294,866.1891479492188,866.1891479492188,132000,0.0,0.0
2008-06-20 00:00:00+09:00,857.7870070162193,858.5508422851562,857.7870070162193,858.5508422851562,132000,0.0,0.0
2008-06-23 00:00:00+09:00,832.580316062415,841.746337890625,832.580316062415,841.746337890625,132000,0.0,0.0
2008-06-24 00:00:00+09:00,840.2186080474437,840.2186080474437,839.4547729492188,839.4547729492188,132000,0.0,0.0
2008-06-25 00:00:00+09:00,836.3995012234058,836.3995012234058,827.997314453125,827.997314453125,132000,0.0,0.0
2008-06-26 00:00:00+09:00,826.4697103243095,826.4697103243095,821.1228637695312,821.1228637695312,132000,0.0,0.0
2008-06-27 00:00:00+09:00,821.1229060246394,821.1229060246394,794.388671875,794.388671875,132000,0.0,0.0
2008-06-30 00:00:00+09:00,795.152365074121,795.152365074121,793.6246948242188,793.6246948242188,132000,0.0,0.0
2008-07-01 00:00:00+09:00,793.6249235877694,793.6249235877694,788.278076171875,788.278076171875,132000,0.0,0.0
2008-07-02 00:00:00+09:00,788.2779667794882,788.2779667794882,772.2374267578125,772.2374267578125,132000,0.0,0.0
2008-07-03 00:00:00+09:00,772.2375399335544,772.2375399335544,760.0161743164062,760.0161743164062,132000,0.0,0.0
2008-07-04 00:00:00+09:00,760.7798396519253,769.9458618164062,760.7798396519253,769.9458618164062,132000,0.0,0.0
2008-07-07 00:00:00+09:00,777.5843309010494,777.5843309010494,776.8204956054688,776.8204956054688,132000,0.0,0.0
2008-07-08 00:00:00+09:00,744.7393351319851,750.086181640625,744.7393351319851,750.086181640625,132000,0.0,0.0
2008-07-09 00:00:00+09:00,756.9607479067902,756.9607479067902,740.1563720703125,740.1563720703125,132000,0.0,0.0
2008-07-10 00:00:00+09:00,741.6839780523838,744.7393188476562,741.6839780523838,744.7393188476562,132000,0.0,0.0
2008-07-11 00:00:00+09:00,744.7393724621248,753.9053955078125,744.7393724621248,753.9053955078125,132000,0.0,0.0
2008-07-14 00:00:00+09:00,753.9055487543559,753.9055487543559,743.2118530273438,743.2118530273438,132000,0.0,0.0
2008-07-15 00:00:00+09:00,739.392536805018,740.1563720703125,739.392536805018,740.1563720703125,132000,0.0,0.0
2008-07-16 00:00:00+09:00,730.9902756184215,730.9902756184215,730.2264404296875,730.2264404296875,132000,0.0,0.0
2008-07-17 00:00:00+09:00,733.2817169633576,734.8093872070312,733.2817169633576,734.8093872070312,132000,0.0,0.0
2008-07-18 00:00:00+09:00,734.8096532185873,734.8096532185873,733.281982421875,733.281982421875,132000,0.0,0.0
2008-07-22 00:00:00+09:00,746.2669081795632,747.0307432954071,713.4219981982723,743.9754028320312,141700,0.0,0.0
2008-07-23 00:00:00+09:00,760.0161743164062,760.0161743164062,760.0161743164062,760.0161743164062,141700,0.0,0.0
2008-07-24 00:00:00+09:00,767.6543693280944,779.875732421875,767.6543693280944,779.875732421875,141700,0.0,0.0
2008-07-25 00:00:00+09:00,767.6543776889445,768.418212890625,767.6543776889445,768.418212890625,141700,0.0,0.0
2008-07-28 00:00:00+09:00,760.7797753805987,760.7797753805987,743.9754028320312,743.9754028320312,141700,0.0,0.0
2008-07-29 00:00:00+09:00,716.4774957806694,719.5328369140625,716.4774957806694,719.5328369140625,141700,0.0,0.0
2008-07-30 00:00:00+09:00,734.8095233430588,742.4478759765625,734.8095233430588,742.4478759765625,141700,0.0,0.0
2008-07-31 00:00:00+09:00,719.5328171960099,719.5328171960099,718.7689819335938,718.7689819335938,141700,0.0,0.0
2008-08-01 00:00:00+09:00,719.5329411910752,719.5329411910752,675.9943237304688,675.9943237304688,141700,0.0,0.0
2008-08-04 00:00:00+09:00,681.3411451747652,681.3411451747652,660.7175903320312,660.7175903320312,141700,0.0,0.0
2008-08-05 00:00:00+09:00,653.0790034882997,653.0790034882997,646.9683227539062,646.9683227539062,141700,0.0,0.0
2008-08-06 00:00:00+09:00,646.204544870477,682.1047973632812,646.204544870477,682.1047973632812,141700,0.0,0.0
2008-08-07 00:00:00+09:00,661.4814256965769,661.4814256965769,660.7175903320312,660.7175903320312,141700,0.0,0.0
2008-08-08 00:00:00+09:00,655.3706842055177,658.426025390625,655.3706842055177,658.426025390625,141700,0.0,0.0
2008-08-11 00:00:00+09:00,672.9388065578465,672.9388065578465,666.828125,666.828125,141700,0.0,0.0
2008-08-12 00:00:00+09:00,675.994255294976,675.994255294976,661.4813842773438,661.4813842773438,141700,0.0,0.0
2008-08-13 00:00:00+09:00,661.4812878551786,661.4812878551786,627.1087036132812,627.1087036132812,141700,0.0,0.0
2008-08-14 00:00:00+09:00,625.5809496863413,630.9277954101562,625.5809496863413,630.9277954101562,141700,0.0,0.0
2008-08-15 00:00:00+09:00,633.2193374450829,637.0385131835938,633.2193374450829,637.0385131835938,141700,0.0,0.0
2008-08-18 00:00:00+09:00,668.3558802450857,668.3558802450857,663.009033203125,663.009033203125,141700,0.0,0.0
2008-08-19 00:00:00+09:00,643.9130189059073,653.0790405273438,643.9130189059073,653.0790405273438,141700,0.0,0.0
2008-08-20 00:00:00+09:00,652.3152843115632,656.1344604492188,652.3152843115632,656.1344604492188,141700,0.0,0.0
2008-08-21 00:00:00+09:00,664.5367037865424,664.5367037865424,663.009033203125,663.009033203125,141700,0.0,0.0
2008-08-22 00:00:00+09:00,656.8981789472956,656.8981789472956,646.9683227539062,646.9683227539062,141700,0.0,0.0
2008-08-25 00:00:00+09:00,672.9388900038568,672.9388900038568,665.300537109375,665.300537109375,141700,0.0,0.0
2008-08-26 00:00:00+09:00,665.3003809961166,665.3003809961166,654.606689453125,654.606689453125,141700,0.0,0.0
2008-08-27 00:00:00+09:00,647.7322998046875,647.7322998046875,647.7322998046875,647.7322998046875,141700,0.0,0.0
2008-08-28 00:00:00+09:00,639.3300617263977,639.3300617263977,633.9832153320312,633.9832153320312,141700,0.0,0.0
2008-08-29 00:00:00+09:00,646.2046567855343,663.009033203125,646.2046567855343,663.009033203125,141700,0.0,0.0
2008-09-01 00:00:00+09:00,663.0090049887604,663.0090049887604,647.7322998046875,647.7322998046875,141700,0.0,0.0
2008-09-02 00:00:00+09:00,642.385519119432,642.385519119432,619.470458984375,619.470458984375,141700,0.0,0.0
2008-09-03 00:00:00+09:00,608.7768579286052,608.7768579286052,606.4853515625,606.4853515625,141700,0.0,0.0
2008-09-04 00:00:00+09:00,606.4852256824508,606.4852256824508,587.3893432617188,587.3893432617188,141700,0.0,0.0
2008-09-05 00:00:00+09:00,561.418799173142,567.5294799804688,561.418799173142,567.5294799804688,141700,0.0,0.0
2008-09-08 00:00:00+09:00,617.178776326854,617.178776326854,610.3042602539062,610.3042602539062,141700,0.0,0.0
2008-09-09 00:00:00+09:00,610.3042926591696,610.3042926591696,592.736083984375,592.736083984375,141700,0.0,0.0
2008-09-10 00:00:00+09:00,591.9722504017425,603.429777828873,582.806228460038,590.444580078125,171800,0.0,0.0
2008-09-11 00:00:00+09:00,614.8874077882742,614.8874077882742,594.2638549804688,594.2638549804688,171800,0.0,0.0
2008-09-12 00:00:00+09:00,595.0276543951653,595.0276543951653,588.1531372070312,588.1531372070312,171800,0.0,0.0
2008-09-16 00:00:00+09:00,588.1531162234753,588.1531162234753,535.448486328125,535.448486328125,171800,0.0,0.0
2008-09-17 00:00:00+09:00,553.0166586343345,553.0166586343345,529.3377685546875,529.3377685546875,171800,0.0,0.0
2008-09-18 00:00:00+09:00,529.3377939860026,577.4594116210938,529.3377939860026,577.4594116210938,171800,0.0,0.0
2008-09-19 00:00:00+09:00,504.8951429303395,526.2825317382812,504.8951429303395,526.2825317382812,171800,0.0,0.0
2008-09-22 00:00:00+09:00,543.0868585048578,543.0868585048578,536.2123413085938,536.2123413085938,171800,0.0,0.0
2008-09-24 00:00:00+09:00,539.2675726845404,548.43359375,539.2675726845404,548.43359375,171800,0.0,0.0
2008-09-25 00:00:00+09:00,563.882684495714,563.882684495714,556.1582641601562,556.1582641601562,171800,8.0,0.0
2008-09-26 00:00:00+09:00,546.8887928868994,546.8887928868994,534.5297241210938,534.5297241210938,171800,0.0,0.0
2008-09-29 00:00:00+09:00,534.5297935371968,534.5297935371968,517.5360717773438,517.5360717773438,171800,0.0,0.0
2008-09-30 00:00:00+09:00,517.5360370747665,517.5360370747665,501.31475830078125,501.31475830078125,171800,0.0,0.0
2008-10-01 00:00:00+09:00,501.31489613392694,514.4464111328125,501.31489613392694,514.4464111328125,171800,0.0,0.0
2008-10-02 00:00:00+09:00,515.218745044154,515.218745044154,451.87850952148443,451.8785095214844,171800,0.0,0.0
2008-10-03 00:00:00+09:00,444.92644825415937,444.92644825415937,441.06423950195307,441.0642395019531,171800,0.0,0.0
2008-10-06 00:00:00+09:00,438.7469542305425,438.7469542305425,409.3941650390625,409.3941650390625,171800,0.0,0.0
2008-10-07 00:00:00+09:00,417.8911303572483,417.8911303572483,408.621826171875,408.621826171875,171800,0.0,0.0
2008-10-08 00:00:00+09:00,380.04135417343423,380.04135417343423,371.54449462890625,371.54449462890625,171800,0.0,0.0
2008-10-09 00:00:00+09:00,419.43588182681077,419.43588182681077,413.25634765625,413.25634765625,171800,0.0,0.0
2008-10-10 00:00:00+09:00,413.2563361436307,413.2563361436307,386.9933166503906,386.9933166503906,171800,0.0,0.0
2008-10-14 00:00:00+09:00,389.3107666421849,464.2376403808594,389.3107666421849,464.2376403808594,171800,0.0,0.0
2008-10-15 00:00:00+09:00,448.01630425536257,448.01630425536257,443.38165283203125,443.38165283203125,171800,0.0,0.0
2008-10-16 00:00:00+09:00,443.3816917979785,443.3816917979785,410.16668701171875,410.16668701171875,171800,0.0,0.0
2008-10-17 00:00:00+09:00,433.3399158531511,438.74700927734375,433.3399158531511,438.74700927734375,171800,0.0,0.0
2008-10-20 00:00:00+09:00,441.836830562303,459.6029968261719,441.836830562303,459.6029968261719,171800,0.0,0.0
2008-10-21 00:00:00+09:00,454.19584207866916,465.782470703125,454.19584207866916,465.782470703125,171800,0.0,0.0
2008-10-22 00:00:00+09:00,448.01628923241475,448.01628923241475,421.75326538085943,421.7532653808594,171800,0.0,0.0
2008-10-23 00:00:00+09:00,401.66972108644865,413.25634765625,401.66972108644865,413.25634765625,171800,0.0,0.0
2008-10-24 00:00:00+09:00,403.2145907878876,403.2145907878876,395.49017333984375,395.49017333984375,171800,0.0,0.0
2008-10-27 00:00:00+09:00,395.490206185567,395.490206185567,374.63427734375,374.63427734375,171800,0.0,0.0
2008-10-28 00:00:00+09:00,380.0413528137761,425.61541748046875,380.0413528137761,425.61541748046875,171800,0.0,0.0
2008-10-29 00:00:00+09:00,425.6154595378479,431.0225524902344,425.6154595378479,431.0225524902344,171800,0.0,0.0
2008-10-30 00:00:00+09:00,431.0226199315599,467.327392578125,431.0226199315599,467.327392578125,171800,0.0,0.0
2008-10-31 00:00:00+09:00,468.0997424868483,468.0997424868483,461.14776611328125,461.14776611328125,171800,0.0,0.0
2008-11-04 00:00:00+09:00,461.92019892486286,492.81787109375,461.92019892486286,492.81787109375,210200,0.0,0.0
2008-11-05 00:00:00+09:00,492.8178880774456,532.98486328125,492.8178880774456,532.98486328125,210200,0.0,0.0
2008-11-06 00:00:00+09:00,533.7573814927695,533.7573814927695,495.1352844238281,495.1352844238281,210200,0.0,0.0
2008-11-07 00:00:00+09:00,515.9911241930014,515.9911241930014,480.45880126953125,480.45880126953125,210200,0.0,0.0
2008-11-10 00:00:00+09:00,499.7699721572251,509.0392761230469,499.7699721572251,509.0392761230469,210200,0.0,0.0
2008-11-11 00:00:00+09:00,478.14153400649377,478.14153400649377,451.87850952148443,451.8785095214844,210200,0.0,0.0
2008-11-12 00:00:00+09:00,458.05801095172853,485.0934753417969,458.05801095172853,485.0934753417969,210200,0.0,0.0
2008-11-13 00:00:00+09:00,431.79490592887805,431.79490592887805,428.7051391601562,428.70513916015625,210200,0.0,0.0
2008-11-14 00:00:00+09:00,428.70525665814864,443.38165283203125,428.70525665814864,443.38165283203125,210200,0.0,0.0
2008-11-17 00:00:00+09:00,443.38164483933224,454.1958312988281,443.38164483933224,454.1958312988281,210200,0.0,0.0
2008-11-18 00:00:00+09:00,454.9682771079561,454.9682771079561,451.87850952148443,451.8785095214844,210200,0.0,0.0
2008-11-19 00:00:00+09:00,451.87846428185856,461.14776611328125,451.87846428185856,461.14776611328125,210200,0.0,0.0
2008-11-20 00:00:00+09:00,461.92022230482877,461.92022230482877,427.16033935546875,427.16033935546875,210200,0.0,0.0
2008-11-21 00:00:00+09:00,427.1603294912011,458.8304443359375,427.1603294912011,458.8304443359375,210200,0.0,0.0
2008-11-25 00:00:00+09:00,459.6029274815292,476.5966491699219,459.6029274815292,476.5966491699219,22300,0.0,0.0
2008-11-26 00:00:00+09:00,476.5965497272771,476.5965497272771,475.0516662597656,475.0516662597656,22300,0.0,0.0
2008-11-27 00:00:00+09:00,469.64462612541877,469.64462612541877,461.14776611328125,461.14776611328125,22300,0.0,0.0
2008-11-28 00:00:00+09:00,461.9203228605895,461.9203228605895,459.6029968261719,459.6029968261719,22300,0.0,0.0
2008-12-01 00:00:00+09:00,459.6028405523216,459.6028405523216,434.88470458984375,434.88470458984375,22300,0.0,0.0
2008-12-02 00:00:00+09:00,434.88478534839777,434.88478534839777,417.11862182617193,417.1186218261719,22300,0.0,0.0
2008-12-03 00:00:00+09:00,420.98075399048065,441.06423950195307,420.98075399048065,441.0642395019531,22300,0.0,0.0
2008-12-04 00:00:00+09:00,447.24378715279744,447.24378715279744,425.61541748046875,425.61541748046875,22300,0.0,0.0
2008-12-05 00:00:00+09:00,426.387961020318,437.20214843749994,426.387961020318,437.2021484375,22300,0.0,0.0
2008-12-08 00:00:00+09:00,441.06431916944024,454.1958312988281,441.06431916944024,454.1958312988281,22300,0.0,0.0
2008-12-09 00:00:00+09:00,445.698974348541,451.87850952148443,445.698974348541,451.8785095214844,22300,0.0,0.0
2008-12-10 00:00:00+09:00,452.6509744896079,452.6509744896079,450.3336486816406,450.3336486816406,22300,0.0,0.0
2008-12-11 00:00:00+09:00,450.33347855907374,455.7405700683593,450.33347855907374,455.7405700683594,22300,0.0,0.0
2008-12-12 00:00:00+09:00,456.5131973967535,456.5131973967535,437.20214843749994,437.2021484375,22300,0.0,0.0
2008-12-15 00:00:00+09:00,464.2375868865309,465.782470703125,464.2375868865309,465.782470703125,22300,0.0,0.0
2008-12-16 00:00:00+09:00,482.0037346069924,482.0037346069924,481.2312927246094,481.2312927246094,195200,0.0,0.0
2008-12-17 00:00:00+09:00,482.00365149456525,482.00365149456525,461.920166015625,461.920166015625,106000,0.0,0.0
2008-12-18 00:00:00+09:00,461.14776204083415,461.14776204083415,457.2855529785156,457.2855529785156,108900,0.0,0.0
2008-12-19 00:00:00+09:00,458.0580172521666,458.0580172521666,431.0225524902344,431.0225524902344,107300,0.0,0.0
2008-12-22 00:00:00+09:00,431.0225896835327,444.9265441894531,431.0225896835327,444.9265441894531,92100,0.0,0.0
2008-12-24 00:00:00+09:00,445.69890803055796,445.69890803055796,429.4776306152344,429.4776306152344,72200,0.0,0.0
2008-12-25 00:00:00+09:00,433.5999461283904,433.5999461283904,433.3399353027344,433.3399353027344,44600,0.0,0.0
2008-12-26 00:00:00+09:00,438.74700885348847,444.9265441894531,438.74700885348847,444.9265441894531,34500,0.0,0.0
2008-12-29 00:00:00+09:00,451.8784682061585,468.09974655202063,450.33358455417164,465.0099792480469,102300,0.0,0.0
2008-12-30 00:00:00+09:00,465.78239473597415,471.96192899449454,465.0099529536591,468.8721618652344,47400,0.0,0.0
2009-01-05 00:00:00+09:00,475.051765380068,482.7761843293374,473.5068815902141,476.5966491699219,15400,0.0,0.0
2009-01-06 00:00:00+09:00,482.00371171875,482.7761535644531,482.00371171875,482.7761535644531,49800,0.0,0.0
2009-01-07 00:00:00+09:00,482.7762785412017,486.6384887695313,482.7762785412017,486.63848876953125,60900,0.0,0.0
2009-01-08 00:00:00+09:00,475.8241175010452,475.8241175010452,461.920166015625,461.920166015625,60600,0.0,0.0
2009-01-09 00:00:00+09:00,468.09974655202063,468.09974655202063,465.0099792480469,465.0099792480469,91900,0.0,0.0
2009-01-13 00:00:00+09:00,466.55483684133975,466.55483684133975,435.65716552734375,435.65716552734375,142600,0.0,0.0
2009-01-14 00:00:00+09:00,434.8847047939747,461.920166015625,434.8847047939747,461.920166015625,87100,0.0,0.0
2009-01-15 00:00:00+09:00,462.692607764815,462.692607764815,461.920166015625,461.920166015625,106100,0.0,0.0
2009-01-16 00:00:00+09:00,460.3753546132749,479.68640136718744,460.3753546132749,479.6864013671875,78300,0.0,0.0
2009-01-19 00:00:00+09:00,475.05169390108637,488.18320413900256,475.05169390108637,483.5485534667969,74800,0.0,0.0
2009-01-20 00:00:00+09:00,463.465069389029,468.8721618652343,463.465069389029,468.8721618652344,40200,0.0,0.0
2009-01-21 00:00:00+09:00,470.4170340487832,470.4170340487832,469.64459228515625,469.64459228515625,114800,0.0,0.0
2009-01-22 00:00:00+09:00,469.6446802446103,469.6446802446103,465.782470703125,465.782470703125,49500,0.0,0.0
2009-01-23 00:00:00+09:00,466.554901538252,466.554901538252,454.1958312988281,454.1958312988281,47100,0.0,0.0
2009-01-26 00:00:00+09:00,454.19586801783925,454.19586801783925,433.3399353027344,433.3399353027344,86200,0.0,0.0
2009-01-27 00:00:00+09:00,428.7052487366952,460.3753662109375,428.7052487366952,460.3753662109375,113000,0.0,0.0
2009-01-28 00:00:00+09:00,460.3753317172959,460.3753317172959,456.51312255859375,456.51312255859375,103300,0.0,0.0
2009-01-29 00:00:00+09:00,456.5130673942367,456.5130673942367,445.6988830566406,445.6988830566406,81900,0.0,0.0
2009-01-30 00:00:00+09:00,445.69896718181633,445.69896718181633,437.9745483398438,437.97454833984375,104100,0.0,0.0
2009-02-02 00:00:00+09:00,437.97456735960196,438.74700927734375,437.97456735960196,438.74700927734375,73200,0.0,0.0
2009-02-03 00:00:00+09:00,438.74691595547444,438.74691595547444,426.3878479003906,426.3878479003906,73700,0.0,0.0
2009-02-04 00:00:00+09:00,427.16023977179276,440.29174804687494,427.16023977179276,440.291748046875,67200,0.0,0.0
2009-02-05 00:00:00+09:00,451.8784320292048,451.8784320292048,442.609130859375,442.609130859375,121500,0.0,0.0
2009-02-06 00:00:00+09:00,442.6091412665227,468.8721618652343,442.6091412665227,468.8721618652344,168500,0.0,0.0
2009-02-09 00:00:00+09:00,471.1896269982602,471.1896269982602,459.6029968261719,459.6029968261719,77000,0.0,0.0
2009-02-10 00:00:00+09:00,427.9328147542601,454.96828139035955,427.9328147542601,443.38165283203125,70900,0.0,0.0
2009-02-12 00:00:00+09:00,444.15400396917283,449.56109619140625,444.15400396917283,449.56109619140625,100900,0.0,0.0
2009-02-13 00:00:00+09:00,432.5674476285951,436.4296569824219,432.5674476285951,436.4296569824219,137000,0.0,0.0
2009-02-16 00:00:00+09:00,453.4233703613281,453.4233703613281,453.4233703613281,453.4233703613281,72800,0.0,0.0
2009-02-17 00:00:00+09:00,444.1540947359198,444.1540947359198,443.38165283203125,443.38165283203125,30600,0.0,0.0
2009-02-18 00:00:00+09:00,435.65721896025633,435.65721896025633,434.1123352050781,434.1123352050781,75700,0.0,0.0
2009-02-19 00:00:00+09:00,430.2501067287452,430.2501067287452,427.16033935546875,427.16033935546875,88300,0.0,0.0
2009-02-20 00:00:00+09:00,425.61543248819913,425.61543248819913,422.5256652832031,422.5256652832031,130100,0.0,0.0
2009-02-23 00:00:00+09:00,423.2981838275495,423.2981838275495,419.43597412109375,419.43597412109375,75500,0.0,0.0
2009-02-24 00:00:00+09:00,414.0288122581496,414.0288122581496,411.71148681640625,411.71148681640625,94500,0.0,0.0
2009-02-25 00:00:00+09:00,411.7114655482574,425.61541748046875,411.7114655482574,425.61541748046875,93800,0.0,0.0
2009-02-26 00:00:00+09:00,425.61551720855437,425.61551720855437,420.9808654785157,420.9808654785156,148600,0.0,0.0
2009-02-27 00:00:00+09:00,417.1185990767045,424.843017578125,417.1185990767045,424.843017578125,61000,0.0,0.0
2009-03-02 00:00:00+09:00,424.84302520751953,424.84302520751953,420.2083740234375,420.2083740234375,35000,0.0,0.0
2009-03-03 00:00:00+09:00,413.25638960363267,413.25638960363267,412.48394775390625,412.48394775390625,45900,0.0,0.0
2009-03-04 00:00:00+09:00,424.0706171826785,430.2501525878906,424.0706171826785,430.2501525878906,133900,0.0,0.0
2009-03-05 00:00:00+09:00,431.02251417859856,431.02251417859856,429.4776306152344,429.4776306152344,130500,0.0,0.0
2009-03-06 00:00:00+09:00,417.11862182617193,417.11862182617193,417.11862182617193,417.1186218261719,141600,0.0,0.0
2009-03-09 00:00:00+09:00,417.8910637184426,417.8910637184426,417.11862182617193,417.1186218261719,71900,0.0,0.0
2009-03-10 00:00:00+09:00,418.66346354317096,418.66346354317096,417.8910217285156,417.8910217285156,55900,0.0,0.0
2009-03-11 00:00:00+09:00,415.57372283935547,420.2083740234375,415.57372283935547,420.2083740234375,124500,0.0,0.0
2009-03-12 00:00:00+09:00,420.20838939525464,420.20838939525464,417.11862182617193,417.1186218261719,54400,0.0,0.0
2009-03-13 00:00:00+09:00,424.07054470386015,424.07054470386015,418.6634521484375,418.6634521484375,160500,0.0,0.0
2009-03-16 00:00:00+09:00,424.0705758371661,431.0225524902344,424.0705758371661,431.0225524902344,127100,0.0,0.0
2009-03-17 00:00:00+09:00,433.339893327489,434.1123352050781,433.339893327489,434.1123352050781,159800,0.0,0.0
2009-03-18 00:00:00+09:00,434.11237871362533,434.11237871362533,420.9808654785157,420.9808654785156,160500,0.0,0.0
2009-03-19 00:00:00+09:00,420.98076178681896,420.98076178681896,415.57366943359375,415.57366943359375,105600,0.0,0.0
2009-03-23 00:00:00+09:00,427.16029557632527,442.609130859375,427.16029557632527,442.609130859375,140700,0.0,0.0
2009-03-24 00:00:00+09:00,445.6988349287477,451.1059265136719,445.6988349287477,451.1059265136719,96300,0.0,0.0
2009-03-25 00:00:00+09:00,451.10605618734,452.65093994140625,451.10605618734,452.65093994140625,157900,0.0,0.0
2009-03-26 00:00:00+09:00,482.40991210937506,482.40991210937506,482.40991210937506,482.409912109375,197200,8.0,0.0
2009-03-27 00:00:00+09:00,482.4097832573785,482.4097832573785,479.2772521972656,479.2772521972656,197300,0.0,0.0
2009-03-30 00:00:00+09:00,469.87974837019635,469.87974837019635,463.61468505859375,463.61468505859375,133300,0.0,0.0
2009-03-31 00:00:00+09:00,463.6147800827674,463.6147800827674,461.265380859375,461.265380859375,146000,0.0,0.0
2009-04-01 00:00:00+09:00,465.9641689440877,468.3135681152344,465.9641689440877,468.3135681152344,158900,0.0,0.0
2009-04-02 00:00:00+09:00,469.0966337620241,480.8436279296875,469.0966337620241,480.8436279296875,266300,0.0,0.0
2009-04-03 00:00:00+09:00,476.145008576222,488.6751403808594,476.145008576222,488.6751403808594,134300,0.0,0.0
2009-04-06 00:00:00+09:00,501.98835869555205,501.98835869555205,498.07269287109375,498.07269287109375,77300,0.0,0.0
2009-04-07 00:00:00+09:00,498.0725433681838,503.5544738769531,498.0725433681838,503.5544738769531,130600,0.0,0.0
2009-04-08 00:00:00+09:00,479.27736512728876,481.6267639759519,471.4460356317448,478.4942321777344,164100,0.0,0.0
2009-04-09 00:00:00+09:00,487.10891259449585,487.10891259449585,483.97637939453125,483.97637939453125,198500,0.0,0.0
2009-04-10 00:00:00+09:00,474.5784556070964,479.2772521972656,474.5784556070964,479.2772521972656,156100,0.0,0.0
2009-04-13 00:00:00+09:00,476.9279693804289,476.9279693804289,476.14483642578125,476.14483642578125,84500,0.0,0.0
2009-04-14 00:00:00+09:00,476.14503307249186,480.0606994628906,476.14503307249186,480.0606994628906,63200,0.0,0.0
2009-04-15 00:00:00+09:00,469.87983200150694,469.87983200150694,462.8316345214844,462.8316345214844,123400,0.0,0.0
2009-04-16 00:00:00+09:00,462.83164700830326,462.83164700830326,461.265380859375,461.265380859375,171900,0.0,0.0
2009-04-17 00:00:00+09:00,461.2653829075346,466.747314453125,461.2653829075346,466.747314453125,85400,0.0,0.0
2009-04-20 00:00:00+09:00,464.3977607128417,469.0965576171875,464.3977607128417,469.0965576171875,190800,0.0,0.0
2009-04-21 00:00:00+09:00,462.04850488779493,462.04850488779493,460.48223876953125,460.48223876953125,206500,0.0,0.0
2009-04-22 00:00:00+09:00,463.61476301857664,463.61476301857664,451.8677673339843,451.8677673339844,166800,0.0,0.0
2009-04-23 00:00:00+09:00,458.13267594676904,462.04833984375,458.13267594676904,462.04833984375,246900,0.0,0.0
2009-04-24 00:00:00+09:00,486.32557698039267,486.32557698039267,482.40991210937506,482.409912109375,291800,0.0,0.0
2009-04-27 00:00:00+09:00,483.19303879323877,487.10870361328125,483.19303879323877,487.10870361328125,265700,0.0,0.0
2009-04-28 00:00:00+09:00,488.6750928137913,488.6750928137913,473.7955627441406,473.7955627441406,311900,0.0,0.0
2009-04-30 00:00:00+09:00,494.9400939941406,494.9400939941406,494.9400939941406,494.9400939941406,225300,0.0,0.0
2009-05-01 00:00:00+09:00,511.3859308242798,511.3859308242798,501.2052001953125,501.2052001953125,148200,0.0,0.0
2009-05-07 00:00:00+09:00,534.8798828125,534.8798828125,534.8798828125,534.8798828125,141100,0.0,0.0
2009-05-08 00:00:00+09:00,534.8800395292394,534.8800395292394,532.5306396484375,532.5306396484375,146600,0.0,0.0
2009-05-11 00:00:00+09:00,532.5304013206845,559.1569213867188,532.5304013206845,559.1569213867188,245700,0.0,0.0
2009-05-12 00:00:00+09:00,559.1570193432865,559.1570193432865,541.1449584960938,541.1449584960938,203800,0.0,0.0
2009-05-13 00:00:00+09:00,541.9281005859375,541.9281005859375,541.9281005859375,541.9281005859375,282600,0.0,0.0
2009-05-14 00:00:00+09:00,568.0655681333737,568.0655681333737,551.3256225585938,551.3256225585938,302900,0.0,0.0
2009-05-15 00:00:00+09:00,559.1571211929214,559.1571211929214,555.241455078125,555.241455078125,184200,0.0,0.0
2009-05-18 00:00:00+09:00,551.3257356863443,551.3257356863443,550.5426025390625,550.5426025390625,155400,0.0,0.0
2009-05-19 00:00:00+09:00,574.0366032257289,574.0366032257289,572.4703369140625,572.4703369140625,175800,0.0,0.0
2009-05-20 00:00:00+09:00,570.9040584457654,570.9040584457654,560.7233276367188,560.7233276367188,102800,0.0,0.0
2009-05-21 00:00:00+09:00,556.8076677173165,556.8076677173165,550.5426025390625,550.5426025390625,82100,0.0,0.0
2009-05-22 00:00:00+09:00,551.2806301027133,551.2806301027133,548.9762573242188,548.9762573242188,132900,0.0,0.0
2009-05-25 00:00:00+09:00,568.5547485351562,568.5547485351562,568.5547485351562,568.5547485351562,121000,0.0,0.0
2009-05-26 00:00:00+09:00,598.3136937546197,598.3136937546197,595.9642944335938,595.9642944335938,260800,0.0,0.0
2009-05-27 00:00:00+09:00,581.0847670219899,581.0847670219899,574.8197021484375,574.8197021484375,184700,0.0,0.0
2009-05-28 00:00:00+09:00,574.8196111015194,574.8196111015194,566.98828125,566.98828125,165900,0.0,0.0
2009-05-29 00:00:00+09:00,567.7714952830565,574.0365600585938,567.7714952830565,574.0365600585938,162100,0.0,0.0
2009-06-01 00:00:00+09:00,570.903973564977,570.903973564977,569.3377075195312,569.3377075195312,166500,0.0,0.0
2009-06-02 00:00:00+09:00,569.3377234862023,607.7112426757812,569.3377234862023,607.7112426757812,175700,0.0,0.0
2009-06-03 00:00:00+09:00,595.1811970230801,599.0968627929688,595.1811970230801,599.0968627929688,180600,0.0,0.0
2009-06-04 00:00:00+09:00,596.7475152939402,598.3137817382812,596.7475152939402,598.3137817382812,114600,0.0,0.0
2009-06-05 00:00:00+09:00,599.0968869156167,599.0968869156167,590.482421875,590.482421875,94400,0.0,0.0
2009-06-08 00:00:00+09:00,592.831787109375,592.831787109375,592.831787109375,592.831787109375,100200,0.0,0.0
2009-06-09 00:00:00+09:00,599.8799489541833,599.8799489541833,589.69921875,589.69921875,180400,0.0,0.0
2009-06-10 00:00:00+09:00,592.0486288985504,595.9642944335938,592.0486288985504,595.9642944335938,201300,0.0,0.0
2009-06-11 00:00:00+09:00,601.4461940661479,606.1449924572896,597.5305287401964,603.7955932617188,76900,0.0,0.0
2009-06-12 00:00:00+09:00,606.9281436184862,614.759474503886,603.7956112643262,605.3618774414062,138700,0.0,0.0
2009-06-15 00:00:00+09:00,590.482311178693,597.5305085269797,590.482311178693,596.7473754882812,121300,0.0,0.0
2009-06-16 00:00:00+09:00,556.8075316529174,566.9882600797639,556.8075316529174,559.9400634765625,214500,0.0,0.0
2009-06-17 00:00:00+09:00,564.6388123487206,567.7713439012794,560.7231479080222,566.205078125,98900,0.0,0.0
2009-06-18 00:00:00+09:00,557.5907412246919,561.5064065422811,550.5425436530315,556.0244750976562,99100,0.0,0.0
2009-06-19 00:00:00+09:00,549.7594264253657,553.6750918557458,548.1931602532137,552.1088256835938,106100,0.0,0.0
2009-06-22 00:00:00+09:00,552.1089221862879,561.5065208617992,552.1089221862879,555.241455078125,84600,0.0,0.0
2009-06-23 00:00:00+09:00,541.144972698678,548.1931706064755,529.3979761856821,531.7473754882812,140500,0.0,0.0
2009-06-24 00:00:00+09:00,519.2172083140847,530.181070933085,518.4340752698704,523.1328735351562,233400,0.0,0.0
2009-06-25 00:00:00+09:00,523.9160375441949,548.1931633496807,523.9160375441949,536.4461669921875,165000,0.0,0.0
2009-06-26 00:00:00+09:00,540.3618522885897,552.1088490774721,515.3015924723073,543.494384765625,198000,0.0,0.0
2009-06-29 00:00:00+09:00,541.144972698678,541.144972698678,526.2654437822165,531.7473754882812,191400,0.0,0.0
2009-06-30 00:00:00+09:00,532.5304836200585,545.84374571056,531.7473505559113,534.8798828125,106800,0.0,0.0
2009-07-01 00:00:00+09:00,540.3618700750943,556.807666120858,538.0124706399852,545.0606689453125,118200,0.0,0.0
2009-07-02 00:00:00+09:00,545.8437341760706,555.2413307472511,539.5786697952835,549.7593994140625,110900,0.0,0.0
2009-07-03 00:00:00+09:00,533.3136346301893,543.4943648066834,530.1811022681911,536.4461669921875,99800,0.0,0.0
2009-07-06 00:00:00+09:00,538.7955949303058,553.6751244414625,535.6630624016412,544.2775268554688,117900,0.0,0.0
2009-07-07 00:00:00+09:00,542.7112246567192,551.3256885401591,532.5304946126538,541.1449584960938,58700,0.0,0.0
2009-07-08 00:00:00+09:00,533.313671769767,545.8438020903488,528.6148728995488,545.0606689453125,191100,0.0,0.0
2009-07-09 00:00:00+09:00,524.6991069928475,530.1810379614295,509.03644708261334,509.819580078125,188000,0.0,0.0
2009-07-10 00:00:00+09:00,517.6509501919425,517.6509501919425,510.60275268554693,510.6027526855469,119500,0.0,0.0
2009-07-13 00:00:00+09:00,510.602708813437,513.7352407693477,479.27738925433044,483.19305419921875,131200,0.0,0.0
2009-07-14 00:00:00+09:00,481.6268720626831,501.2052001953125,481.6268720626831,501.2052001953125,199800,0.0,0.0
2009-07-15 00:00:00+09:00,501.2051575203252,501.2051575203252,480.0605649374365,481.6268310546875,185500,0.0,0.0
2009-07-16 00:00:00+09:00,499.6388469677497,500.4219799567274,480.0605222433081,483.19305419921875,134200,0.0,0.0
2009-07-17 00:00:00+09:00,491.02441169984877,506.687072360131,480.0605492376512,485.54248046875,123600,0.0,0.0
2009-07-21 00:00:00+09:00,504.33776104266826,516.8678917518029,491.80763033353367,509.03656005859375,209800,0.0,0.0
2009-07-22 00:00:00+09:00,508.2533140871016,519.2171760242655,501.2051171274962,509.819580078125,172300,0.0,0.0
2009-07-23 00:00:00+09:00,506.68711226663476,520.0003748764227,502.7714467931677,507.4702453613281,165500,0.0,0.0
2009-07-24 00:00:00+09:00,510.6027425745793,519.2172060229234,507.47021041154505,517.6509399414062,177600,0.0,0.0
2009-07-27 00:00:00+09:00,530.1810340421746,535.6629649702326,517.6509062066136,520.0003051757812,136900,0.0,0.0
2009-07-28 00:00:00+09:00,521.5666119990458,525.4822772542939,504.33768487595415,512.9521484375,101800,0.0,0.0
2009-07-29 00:00:00+09:00,514.5182956107794,529.3978201413803,512.1688970006845,518.4339599609375,114600,0.0,0.0
2009-07-30 00:00:00+09:00,514.5185114349689,520.7835770232182,506.6871794496574,516.0847778320312,74400,0.0,0.0
2009-07-31 00:00:00+09:00,516.08469184887,523.1328894613735,511.38589344053423,519.2172241210938,69600,0.0,0.0
2009-08-03 00:00:00+09:00,512.1690020468282,523.9159975066177,512.1690020468282,522.3497314453125,60200,0.0,0.0
2009-08-04 00:00:00+09:00,522.3498434202805,527.8317758099986,514.5185114349689,516.0847778320312,142600,0.0,0.0
2009-08-05 00:00:00+09:00,523.9159975066177,526.2653965985756,516.867800230744,522.3497314453125,61300,0.0,0.0
2009-08-06 00:00:00+09:00,514.5185568480365,534.8800218070152,514.5185568480365,530.96435546875,173000,0.0,0.0
2009-08-07 00:00:00+09:00,523.132932286983,544.2775268554688,522.3497991548168,544.2775268554688,120600,0.0,0.0
2009-08-10 00:00:00+09:00,547.4101228485323,561.5065208617992,544.2775899566952,555.241455078125,135000,0.0,0.0
2009-08-11 00:00:00+09:00,549.7594132133152,555.2413446841032,533.3136188009511,540.36181640625,179000,0.0,0.0
2009-08-12 00:00:00+09:00,540.3617801054573,547.4099772372676,534.0967159882927,537.229248046875,115200,0.0,0.0
2009-08-13 00:00:00+09:00,541.9280267195269,556.8075534647162,537.2292287999934,551.3256225585938,80700,0.0,0.0
2009-08-14 00:00:00+09:00,547.4101228485323,562.2896540847585,545.0607231796545,555.241455078125,126400,0.0,0.0
2009-08-17 00:00:00+09:00,547.4100271671376,558.3738903722019,545.0606279089096,552.1088256835938,74300,0.0,0.0
2009-08-18 00:00:00+09:00,544.2774371886521,558.3738312453366,543.494304185503,557.5906982421875,108300,0.0,0.0
2009-08-19 00:00:00+09:00,549.7593169769683,553.6749816278015,536.4460571641357,542.7111206054688,136700,0.0,0.0
2009-08-20 00:00:00+09:00,545.0606011284723,554.4581976996528,537.2292706524885,549.7593994140625,107400,0.0,0.0
2009-08-21 00:00:00+09:00,541.9281274589704,548.1931925162995,537.2293286659735,544.2775268554688,133600,0.0,0.0
2009-08-24 00:00:00+09:00,563.855679460581,581.0846029996542,563.0725465724412,566.205078125,126300,0.0,0.0
2009-08-25 00:00:00+09:00,566.2051271238527,570.1207919034091,558.3737975647399,559.9400634765625,116700,0.0,0.0
2009-08-26 00:00:00+09:00,559.9400093068148,574.8195340296533,559.9400093068148,570.9038696289062,41500,0.0,0.0
2009-08-27 00:00:00+09:00,571.6870602507475,581.8677887209664,563.072597699024,581.0846557617188,242000,0.0,0.0
2009-08-28 00:00:00+09:00,602.2293548946426,659.3980712890625,599.8799555907623,659.3980712890625,390400,0.0,0.0
2009-08-31 00:00:00+09:00,643.735454183786,675.0607804214399,603.7956632307774,604.5787963867188,366700,0.0,0.0
2009-09-02 00:00:00+09:00,598.3137190905713,599.0968522307422,572.4703254649314,592.831787109375,151300,0.0,0.0
2009-09-03 00:00:00+09:00,585.0004162614175,585.0004162614175,576.385952300406,578.7353515625,164000,0.0,0.0
2009-09-04 00:00:00+09:00,585.000445173643,596.7474420646801,576.3859807868826,586.5667114257812,273600,0.0,0.0
2009-09-07 00:00:00+09:00,587.3496054319482,597.530331926102,577.952011745037,581.86767578125,99900,0.0,0.0
2009-09-08 00:00:00+09:00,587.3497972009625,587.3497972009625,567.7714706275971,577.1690673828125,117500,0.0,0.0
2009-09-09 00:00:00+09:00,583.4340546394616,596.7473149466707,576.3858580062332,581.0846557617188,75700,0.0,0.0
2009-09-10 00:00:00+09:00,587.3497767164218,595.1811070726408,582.6509785026905,591.2654418945312,132500,0.0,0.0
2009-09-11 00:00:00+09:00,595.1811463971583,595.1811463971583,574.8196861256766,578.7353515625,141500,0.0,0.0
2009-09-14 00:00:00+09:00,574.8195398945367,578.7352043352352,563.855679460581,566.205078125,47100,0.0,0.0
2009-09-15 00:00:00+09:00,558.3738764253454,572.4702716226192,558.3738764253454,561.5064086914062,75700,0.0,0.0
2009-09-16 00:00:00+09:00,556.0245704920659,567.7715684602082,552.1089045026852,553.6751708984375,139900,0.0,0.0
2009-09-17 00:00:00+09:00,549.7594303136409,574.8196892453169,549.7594303136409,563.0726928710938,107000,0.0,0.0
2009-09-18 00:00:00+09:00,555.2412325293241,562.2894287109375,541.1448401660972,562.2894287109375,102300,0.0,0.0
2009-09-21 00:00:00+09:00,562.2894287109375,562.2894287109375,562.2894287109375,562.2894287109375,0,0.0,0.0
2009-09-24 00:00:00+09:00,577.9522436025192,580.3016429667571,556.0245162029656,575.6028442382812,144000,0.0,0.0
2009-09-25 00:00:00+09:00,583.4877626235876,583.4877626235876,555.1018714689266,558.255859375,89400,5.0,0.0
2009-09-28 00:00:00+09:00,555.101818647541,555.101818647541,519.6194580805817,529.0814208984375,161500,0.0,0.0
2009-09-29 00:00:00+09:00,536.9664354011194,536.9664354011194,522.7734899720149,528.29296875,91200,0.0,0.0
2009-09-30 00:00:00+09:00,520.4081003289474,539.33203125,520.4081003289474,539.33203125,82600,0.0,0.0
2009-10-01 00:00:00+09:00,539.3319981087387,540.1204951819971,516.4655829842454,522.7735595703125,160000,0.0,0.0
2009-10-02 00:00:00+09:00,514.8885373371404,518.831022309094,494.38761548298163,517.2540283203125,284400,0.0,0.0
2009-10-05 00:00:00+09:00,513.3115433483589,517.2540283203125,502.27258542688884,517.2540283203125,179100,0.0,0.0
2009-10-06 00:00:00+09:00,509.3691809200546,512.5231696564017,479.4062879247573,487.291259765625,361700,0.0,0.0
2009-10-07 00:00:00+09:00,481.77161248122593,504.6380228935918,473.88664337351355,498.3300476074219,228500,0.0,0.0
2009-10-08 00:00:00+09:00,505.42659445369947,505.42659445369947,488.0796598546645,495.9646301269531,91900,0.0,0.0
2009-10-09 00:00:00+09:00,497.5414428710938,501.4839265705478,484.925495032841,497.54144287109375,104600,0.0,0.0
2009-10-13 00:00:00+09:00,505.4265015406638,507.7919921875,486.5025763659744,507.7919921875,210900,0.0,0.0
2009-10-14 00:00:00+09:00,499.90712798974766,503.06111617895743,480.98319885448905,493.5991516113281,191300,0.0,0.0
2009-10-15 00:00:00+09:00,494.38768252418157,504.6381448412699,490.44519701760913,496.753173828125,126700,0.0,0.0
2009-10-16 00:00:00+09:00,499.90716552734375,503.8496510598938,490.44520024922366,499.90716552734375,86900,0.0,0.0
2009-10-19 00:00:00+09:00,500.6954578150099,506.2149353027344,491.23349640748216,506.2149353027344,88900,0.0,0.0
2009-10-20 00:00:00+09:00,498.33010045493523,520.4080162978754,498.33010045493523,517.2540283203125,129400,0.0,0.0
2009-10-21 00:00:00+09:00,517.254015909522,521.9849977623529,510.1575431302755,519.6195068359375,107200,0.0,0.0
2009-10-22 00:00:00+09:00,508.5806279010083,523.5620727539062,503.0611482183617,523.5620727539062,89400,0.0,0.0
2009-10-23 00:00:00+09:00,523.5619917132966,533.0239554189586,516.4655189340501,519.6195068359375,111700,0.0,0.0
2009-10-26 00:00:00+09:00,512.5231133886131,525.1390669489481,510.1576220960502,523.5620727539062,89800,0.0,0.0
2009-10-27 00:00:00+09:00,521.1965461052524,522.7735401933168,502.27261704848075,505.4266052246094,101000,0.0,0.0
2009-10-28 00:00:00+09:00,500.6955701360717,515.6770123921117,495.96458837100647,511.7345275878906,133500,0.0,0.0
2009-10-29 00:00:00+09:00,499.11856666529127,510.1575239059138,494.38758499073873,503.84954833984375,97700,0.0,0.0
2009-10-30 00:00:00+09:00,504.638012845092,517.2539631662194,503.0610190549511,514.0999755859375,74200,0.0,0.0
2009-11-02 00:00:00+09:00,506.2149353027344,516.4653934942228,500.6954578150099,506.2149353027344,70400,0.0,0.0
2009-11-04 00:00:00+09:00,498.33017131432376,502.27265684687376,487.2912118231837,499.90716552734375,64700,0.0,0.0
2009-11-05 00:00:00+09:00,497.5416709294395,501.4841564360119,488.8682028149802,496.753173828125,57000,0.0,0.0
2009-11-06 00:00:00+09:00,497.54171145517216,497.54171145517216,487.29124830316385,491.2337341308594,44400,0.0,0.0
2009-11-09 00:00:00+09:00,484.9256628279925,488.8681478916347,468.3672255606952,488.07965087890625,82800,0.0,0.0
2009-11-10 00:00:00+09:00,492.810615431076,508.5805551248704,477.82917272197125,499.11859130859375,116800,0.0,0.0
2009-11-11 00:00:00+09:00,505.4266374033309,509.36912287449576,497.5416664610013,507.0036315917969,88000,0.0,0.0
2009-11-12 00:00:00+09:00,511.73449504209634,516.465476506276,507.00351357791675,510.1575012207031,109500,0.0,0.0
2009-11-13 00:00:00+09:00,510.1575012689905,512.5229920013041,493.59906614279447,498.3300476074219,92200,0.0,0.0
2009-11-16 00:00:00+09:00,502.27254811039677,514.1000021475332,488.86810020164205,510.9460144042969,87700,0.0,0.0
2009-11-17 00:00:00+09:00,503.06107548304965,503.06107548304965,483.34865089515586,485.7141418457031,112200,0.0,0.0
2009-11-18 00:00:00+09:00,486.5026155331512,508.5805300143963,480.1946399670812,503.84954833984375,152600,0.0,0.0
2009-11-19 00:00:00+09:00,496.75315082937044,501.4841332182216,485.7141919220511,489.65667724609375,63400,0.0,0.0
2009-11-20 00:00:00+09:00,473.88678252391327,492.022216796875,466.0018111008864,492.022216796875,103000,0.0,0.0
2009-11-24 00:00:00+09:00,499.90710606983293,499.90710606983293,484.13716581526404,488.07965087890625,84900,0.0,0.0
2009-11-25 00:00:00+09:00,484.925641078575,489.6566229427562,474.675180372849,482.5601501464844,134000,0.0,0.0
2009-11-26 00:00:00+09:00,474.6752249464041,480.194704306246,462.05927212390833,468.36724853515625,116100,0.0,0.0
2009-11-27 00:00:00+09:00,465.21328402053786,466.00178111209806,447.07785091465246,462.0592956542969,211200,0.0,0.0
2009-11-30 00:00:00+09:00,459.69381253031275,473.88676043004796,457.32832121369023,469.94427490234375,115000,0.0,0.0
2009-12-01 00:00:00+09:00,470.73273411270014,480.9831956595429,462.8477636920519,477.04071044921875,129900,0.0,0.0
2009-12-02 00:00:00+09:00,469.1556136573901,497.5414995257364,469.1556136573901,494.38751220703125,139400,0.0,0.0
2009-12-03 00:00:00+09:00,499.11851874144946,514.8884561424431,494.38753752115133,513.3114624023438,128500,0.0,0.0
2009-12-04 00:00:00+09:00,514.1001075836549,529.0815524365528,507.0036337059664,523.5620727539062,105900,0.0,0.0
2009-12-07 00:00:00+09:00,527.5045221670782,528.2930192106763,513.3115753823138,518.8310546875,62700,0.0,0.0
2009-12-08 00:00:00+09:00,512.5230623706835,521.9850265990653,504.63809218036533,518.0425415039062,82800,0.0,0.0
2009-12-09 00:00:00+09:00,513.311575664931,518.8310549731559,505.4266052246094,505.4266052246094,56400,0.0,0.0
2009-12-10 00:00:00+09:00,503.8495259828206,504.6380228935918,490.44507849970955,498.3300476074219,82100,0.0,0.0
2009-12-11 00:00:00+09:00,503.84951595002155,514.888472481008,499.9070314746693,514.0999755859375,103000,0.0,0.0
2009-12-14 00:00:00+09:00,517.2539467525921,521.1964311028406,508.5804811820456,513.3114624023438,82400,0.0,0.0
2009-12-15 00:00:00+09:00,508.580593400738,510.94608453283445,500.6956229604165,505.4266052246094,43100,0.0,0.0
2009-12-16 00:00:00+09:00,506.2149905718966,514.0999592723934,506.2149905718966,513.3114624023438,66100,0.0,0.0
2009-12-17 00:00:00+09:00,518.0425926031069,518.8310896999152,504.6381419573643,508.58062744140625,56000,0.0,0.0
2009-12-18 00:00:00+09:00,504.6380549402927,516.4655093529558,491.2336066059412,511.7345275878906,86000,0.0,0.0
2009-12-21 00:00:00+09:00,512.5232172012329,512.5232172012329,503.06125011444095,504.63824462890625,39400,0.0,0.0
2009-12-22 00:00:00+09:00,500.6957583427429,507.79223365783696,496.7532720565796,504.63824462890625,74100,0.0,0.0
2009-12-24 00:00:00+09:00,501.48411283052883,515.677059420072,497.5416276667668,512.5230712890625,53500,0.0,0.0
2009-12-25 00:00:00+09:00,518.0425415039062,518.8310385229381,513.3115593897153,518.0425415039062,41500,0.0,0.0
2009-12-28 00:00:00+09:00,519.6194580805817,540.1203775192693,518.8309611790937,529.0814208984375,107900,0.0,0.0
2009-12-29 00:00:00+09:00,531.4470088626292,539.3319793205318,530.658511816839,533.8125,62400,0.0,0.0
2009-12-30 00:00:00+09:00,535.3894926030586,536.9664866902546,513.3115753823138,518.8310546875,72200,0.0,0.0
2010-01-04 00:00:00+09:00,518.8310841652199,535.3895230215567,510.94611328125,532.2355346679688,45900,0.0,0.0
2010-01-05 00:00:00+09:00,536.9665009359932,536.9665009359932,528.2930332263074,531.447021484375,39800,0.0,0.0
2010-01-06 00:00:00+09:00,536.1779911373708,536.1779911373708,525.1390324963072,533.8125,61100,0.0,0.0
2010-01-07 00:00:00+09:00,534.6010361798424,558.2559492851452,529.0815564552718,556.678955078125,127900,0.0,0.0
2010-01-08 00:00:00+09:00,556.6788778535018,559.8328658300089,538.543446988586,555.890380859375,98100,0.0,0.0
2010-01-12 00:00:00+09:00,561.4098904681008,571.6603519513667,559.8328963937522,569.2948608398438,75800,0.0,0.0
2010-01-13 00:00:00+09:00,569.2948131561279,573.2372980117798,555.1018676757812,555.1018676757812,82700,0.0,0.0
2010-01-14 00:00:00+09:00,559.8328963937522,571.6603519513667,559.0443993565779,569.2948608398438,113300,0.0,0.0
2010-01-15 00:00:00+09:00,589.7957230825273,615.8161226302858,580.3337596106151,596.1036987304688,213300,0.0,0.0
2010-01-18 00:00:00+09:00,585.8531820207634,598.4691321046561,581.1222007393037,587.43017578125,86000,0.0,0.0
2010-01-19 00:00:00+09:00,587.4303333673591,600.8347839274197,585.8533391838226,592.1613159179688,72000,0.0,0.0
2010-01-20 00:00:00+09:00,590.5843635129545,597.6808378408805,581.1223977423865,588.2188720703125,81000,0.0,0.0
2010-01-21 00:00:00+09:00,582.6991944997902,592.1611570627097,571.6602381763842,587.43017578125,148500,0.0,0.0
2010-01-22 00:00:00+09:00,567.7176724137931,574.8141433189655,557.4672144396552,571.66015625,119000,0.0,0.0
2010-01-25 00:00:00+09:00,573.2373460257153,577.968328248761,568.5063638026695,569.2948608398438,48200,0.0,0.0
2010-01-26 00:00:00+09:00,581.1222628079928,592.9497172749126,562.1983356609211,563.7753295898438,147300,0.0,0.0
2010-01-27 00:00:00+09:00,570.0833598653531,570.0833598653531,555.1019161067893,557.4674072265625,82500,0.0,0.0
2010-01-28 00:00:00+09:00,548.7939774914936,555.8904513383663,537.755018174136,550.3709716796875,106100,0.0,0.0
2010-01-29 00:00:00+09:00,554.3134083260735,554.3134083260735,545.6399410549685,548.0054321289062,40900,0.0,0.0
2010-02-01 00:00:00+09:00,548.0054302328437,548.0054302328437,521.1965314876398,533.0239868164062,95200,0.0,0.0
2010-02-02 00:00:00+09:00,533.8124589220869,540.1204348029978,518.8310162049235,537.7549438476562,51100,0.0,0.0
2010-02-03 00:00:00+09:00,536.9665398848684,549.5824938322369,530.6585629111842,539.33203125,40200,0.0,0.0
2010-02-04 00:00:00+09:00,530.6583862304688,540.1203485406703,521.1964239202672,530.6583862304688,64400,0.0,0.0
2010-02-05 00:00:00+09:00,512.5231112514276,512.5231112514276,495.17617517830234,507.0036315917969,58200,0.0,0.0
2010-02-08 00:00:00+09:00,506.21503917712005,509.36902696015505,495.96457888225626,503.84954833984375,48900,0.0,0.0
2010-02-09 00:00:00+09:00,495.9646722725353,509.36912287449576,494.3876780840694,507.0036315917969,50300,0.0,0.0
2010-02-10 00:00:00+09:00,507.7920330686375,513.3115116889488,501.4840575025675,503.84954833984375,39000,0.0,0.0
2010-02-12 00:00:00+09:00,511.7345706715303,512.5230676987592,504.6380974264706,509.36907958984375,39100,0.0,0.0
2010-02-15 00:00:00+09:00,513.3117144584656,517.254200744629,500.6957583427429,504.63824462890625,53400,0.0,0.0
2010-02-16 00:00:00+09:00,512.5230712890625,526.7160178786057,510.1575801908053,512.5230712890625,47300,0.0,0.0
2010-02-17 00:00:00+09:00,512.522997827587,529.8699300617515,512.522997827587,526.7159423828125,55500,0.0,0.0
2010-02-18 00:00:00+09:00,520.4079670249345,530.6584269814862,520.4079670249345,526.7159423828125,45400,0.0,0.0
2010-02-19 00:00:00+09:00,528.2929735661277,536.9664402963178,518.0425128849938,519.6195068359375,81900,0.0,0.0
2010-02-22 00:00:00+09:00,532.2354248591832,541.6973879677909,525.1389525277274,529.8699340820312,56300,0.0,0.0
2010-02-23 00:00:00+09:00,528.2930682899371,528.2930682899371,510.94613171922276,521.1965942382812,47100,0.0,0.0
2010-02-24 00:00:00+09:00,505.4266452729138,507.7921365924438,488.8682060362037,499.90716552734375,146400,0.0,0.0
2010-02-25 00:00:00+09:00,499.9071081275103,507.7920782872502,499.9071081275103,503.06109619140625,58100,0.0,0.0
2010-02-26 00:00:00+09:00,499.9072610855103,514.8887089729309,499.9072610855103,504.63824462890625,51300,0.0,0.0
2010-03-01 00:00:00+09:00,505.4265015406638,510.9459797166149,504.6380046583851,507.7919921875,63000,0.0,0.0
2010-03-02 00:00:00+09:00,507.7920963567058,510.94608453283445,497.54163478428785,505.4266052246094,85900,0.0,0.0
2010-03-03 00:00:00+09:00,497.54156649554216,512.523008275915,497.54156649554216,510.9460144042969,45500,0.0,0.0
2010-03-04 00:00:00+09:00,512.5230293843283,533.8124475279851,507.79204757462685,528.29296875,123600,0.0,0.0
2010-03-05 00:00:00+09:00,532.2356073625181,558.2560148335746,532.2356073625181,544.8515625,127300,0.0,0.0
2010-03-08 00:00:00+09:00,544.8512827845982,554.313244280134,539.3318052455357,551.94775390625,103200,0.0,0.0
2010-03-09 00:00:00+09:00,551.1591593126601,551.9476559640373,533.8122329823618,538.543212890625,81700,0.0,0.0
2010-03-10 00:00:00+09:00,533.023988660634,552.7364142767817,530.6584975866963,548.0054321289062,105100,0.0,0.0
2010-03-11 00:00:00+09:00,547.2170243852594,563.7754646044099,545.6400300786736,561.4099731445312,91400,0.0,0.0
2010-03-12 00:00:00+09:00,563.7753495110405,574.8143074035644,548.793906656901,567.7178344726562,174200,0.0,0.0
2010-03-15 00:00:00+09:00,567.7177896909674,572.4487712717255,557.4673295993249,568.5062866210938,50400,0.0,0.0
2010-03-16 00:00:00+09:00,556.678942337359,561.409924850141,550.3709656536495,559.04443359375,62100,0.0,0.0
2010-03-17 00:00:00+09:00,562.1984280911421,562.9869251852391,548.0054803973966,550.3709716796875,102800,0.0,0.0
2010-03-18 00:00:00+09:00,555.8903733284949,559.0443612622736,548.7939004774928,549.5823974609375,54600,0.0,0.0
2010-03-19 00:00:00+09:00,550.3709656536495,567.7179015338505,540.9090006280853,559.04443359375,74800,0.0,0.0
2010-03-23 00:00:00+09:00,547.2167614520359,556.6787227451547,538.5432969333438,554.313232421875,193600,0.0,0.0
2010-03-24 00:00:00+09:00,559.0443675571017,570.8718224419488,554.3133856031629,567.7178344726562,148100,0.0,0.0
2010-03-25 00:00:00+09:00,567.7179087763247,583.4878506867782,567.7179087763247,580.3338623046875,173400,0.0,0.0
2010-03-26 00:00:00+09:00,603.988643219112,617.3930909145753,581.9107293677606,612.662109375,407000,0.0,0.0
2010-03-29 00:00:00+09:00,600.7581519930578,618.2174377841375,593.6157168967071,605.519775390625,201900,5.0,0.0
2010-03-30 00:00:00+09:00,607.9005156017485,607.9005156017485,582.5051938011533,599.9644775390625,156600,0.0,0.0
2010-03-31 00:00:00+09:00,608.6940290335676,622.1852917370495,600.7579921491664,616.6300659179688,161600,0.0,0.0
2010-04-01 00:00:00+09:00,616.6301764112903,620.5981955645161,607.9005342741935,615.04296875,144900,0.0,0.0
2010-04-02 00:00:00+09:00,621.3919022741715,633.2959617047111,619.0110903880635,629.3279418945312,103300,0.0,0.0
2010-04-05 00:00:00+09:00,625.3599287897903,641.2320082006987,624.5663248192449,638.8511962890625,146600,0.0,0.0
2010-04-06 00:00:00+09:00,642.8192499915709,644.4064580162415,634.8832098682183,643.6128540039062,150100,0.0,0.0
2010-04-07 00:00:00+09:00,649.9615762540609,650.755180132271,639.6447258373298,641.23193359375,105100,0.0,0.0
2010-04-08 00:00:00+09:00,636.4702173098169,638.0574248342804,625.3597646385732,628.5341796875,120100,0.0,0.0
2010-04-09 00:00:00+09:00,616.6301360039657,631.7086077981425,616.6301360039657,626.1533813476562,169500,0.0,0.0
2010-04-12 00:00:00+09:00,626.9470184326173,642.0254910278321,626.9470184326173,634.883056640625,112300,0.0,0.0
2010-04-13 00:00:00+09:00,634.883109930203,635.6767138176158,615.8366166322969,625.35986328125,134600,0.0,0.0
2010-04-14 00:00:00+09:00,635.6765535554617,635.6765535554617,612.6620466227422,620.5980834960938,170400,0.0,0.0
2010-04-15 00:00:00+09:00,618.2172724340883,622.9788945580992,615.0428576847477,620.5980834960938,84300,0.0,0.0
2010-04-16 00:00:00+09:00,619.8045458856218,619.8045458856218,586.4731874641159,604.72607421875,166800,0.0,0.0
2010-04-19 00:00:00+09:00,592.8220577953971,602.3453037037569,588.0604348412172,593.6156616210938,118400,0.0,0.0
2010-04-20 00:00:00+09:00,595.9964223697485,608.6940825001294,591.2347998208558,599.1708374023438,144300,0.0,0.0
2010-04-21 00:00:00+09:00,607.1069074697532,622.9789834820343,607.1069074697532,611.8685302734375,110900,0.0,0.0
2010-04-22 00:00:00+09:00,612.6621106482237,612.6621106482237,595.9964314725595,608.694091796875,114100,0.0,0.0
2010-04-23 00:00:00+09:00,609.4876194267515,623.7724855070661,609.4876194267515,622.9788818359375,112000,0.0,0.0
2010-04-26 00:00:00+09:00,632.5022567026039,641.2318988904691,631.7086528673434,636.4702758789062,211200,0.0,0.0
2010-04-27 00:00:00+09:00,636.4703103244894,642.8191413501702,629.3278754205987,641.23193359375,140800,0.0,0.0
2010-04-28 00:00:00+09:00,617.4238356964498,631.708705931072,614.249420088756,626.9470825195312,167100,0.0,0.0
2010-04-30 00:00:00+09:00,626.9471208800493,626.9471208800493,610.2814379199467,623.772705078125,203100,0.0,0.0
2010-05-06 00:00:00+09:00,622.1854572821101,622.1854572821101,599.1709441938688,605.519775390625,196700,0.0,0.0
2010-05-07 00:00:00+09:00,593.6156397343327,593.6156397343327,581.7115827877886,586.4732055664062,166700,0.0,0.0
2010-05-10 00:00:00+09:00,598.3773786627305,638.8511801372654,595.2029628608062,623.772705078125,322500,0.0,0.0
2010-05-11 00:00:00+09:00,625.3598217933007,627.74063329759,601.5517067504086,607.10693359375,260800,0.0,0.0
2010-05-12 00:00:00+09:00,612.6621265360784,617.4237492811775,595.2028431373819,598.3772583007812,167200,0.0,0.0
2010-05-13 00:00:00+09:00,600.7580553590469,605.5196779906906,595.2028289554626,604.72607421875,131300,0.0,0.0
2010-05-14 00:00:00+09:00,603.9325231119792,604.726126953125,590.4412578125,595.202880859375,167500,0.0,0.0
2010-05-17 00:00:00+09:00,583.2987446430301,592.0283857193203,571.394688629907,576.1563110351562,255600,0.0,0.0
2010-05-18 00:00:00+09:00,585.6797349443319,600.7582105052294,582.5053190367746,588.060546875,268600,0.0,0.0
2010-05-19 00:00:00+09:00,588.060546875,593.6157747132254,571.3948633603238,588.060546875,156200,0.0,0.0
2010-05-20 00:00:00+09:00,590.4411408943965,597.5835740503771,570.6010487944504,575.3626708984375,102400,0.0,0.0
2010-05-21 00:00:00+09:00,563.4587354438249,566.6331508547761,538.0634121562159,545.9994506835938,226100,0.0,0.0
2010-05-24 00:00:00+09:00,543.6185808660007,555.5226373813146,532.5081281183744,538.0633544921875,206100,0.0,0.0
2010-05-25 00:00:00+09:00,538.8569815627291,545.9994157807918,531.7145473446664,541.23779296875,226400,0.0,0.0
2010-05-26 00:00:00+09:00,542.8250064907477,545.9994217333837,522.191307413614,525.36572265625,198800,0.0,0.0
2010-05-27 00:00:00+09:00,517.4296703737174,535.6825575188025,515.0488590069672,531.7145385742188,171300,0.0,0.0
2010-05-28 00:00:00+09:00,539.6505764633862,547.5866143525536,530.920934785302,531.7145385742188,223000,0.0,0.0
2010-05-31 00:00:00+09:00,534.095354602874,556.3162608865001,512.6680521150914,553.141845703125,230500,0.0,0.0
2010-06-01 00:00:00+09:00,553.1418389402268,584.092386599723,544.4121972926766,572.98193359375,223300,0.0,0.0
2010-06-02 00:00:00+09:00,561.8713375482117,581.7114271509029,555.5225088753506,565.83935546875,120400,0.0,0.0
2010-06-03 00:00:00+09:00,573.7754744232678,587.2667373073557,564.2522300344999,580.9179077148438,93300,0.0,0.0
2010-06-04 00:00:00+09:00,584.0923852303989,584.0923852303989,571.394724681912,576.949951171875,72600,0.0,0.0
2010-06-07 00:00:00+09:00,555.5227033466313,569.0139689993351,544.4122492796986,559.49072265625,96800,0.0,0.0
2010-06-08 00:00:00+09:00,560.284274347324,582.5051804120903,560.284274347324,569.013916015625,124700,0.0,0.0
2010-06-09 00:00:00+09:00,559.4907927781009,578.5372878513979,554.7291690097766,565.0460205078125,203000,0.0,0.0
2010-06-10 00:00:00+09:00,561.8714630741401,594.4092172917103,561.8714630741401,591.2348022460938,187600,0.0,0.0
2010-06-11 00:00:00+09:00,592.0284230732033,592.8220268574837,576.949951171875,576.949951171875,244800,0.0,0.0
2010-06-14 00:00:00+09:00,575.3627896471088,584.0924319727891,570.6011665603742,583.298828125,123700,0.0,0.0
2010-06-15 00:00:00+09:00,576.1564197932742,583.2988547493892,566.6331731851209,578.5372314453125,127200,0.0,0.0
2010-06-16 00:00:00+09:00,590.4412897055041,605.5197635017469,573.7756081412359,578.5372314453125,233900,0.0,0.0
2010-06-17 00:00:00+09:00,579.3307638828774,579.3307638828774,569.0139146630454,572.98193359375,76100,0.0,0.0
2010-06-18 00:00:00+09:00,576.94984225935,577.7434458938195,565.045787742307,570.6010131835938,143200,0.0,0.0
2010-06-21 00:00:00+09:00,573.7755576423976,599.1708796957265,573.7755576423976,584.0924072265625,188900,0.0,0.0
2010-06-22 00:00:00+09:00,575.3628561231825,580.9180836995442,564.252400970459,571.3948364257812,207200,0.0,0.0
2010-06-23 00:00:00+09:00,566.6330303744612,584.8859151064116,566.6330303744612,575.3626708984375,168600,0.0,0.0
2010-06-24 00:00:00+09:00,569.013916015625,580.1243690480081,553.1418402550776,569.013916015625,173200,0.0,0.0
2010-06-25 00:00:00+09:00,568.2202792745854,568.2202792745854,546.792978240488,556.3162231445312,112200,0.0,0.0
2010-06-28 00:00:00+09:00,551.5546659686474,554.7290813123519,541.237816101608,544.4122314453125,95400,0.0,0.0
2010-06-29 00:00:00+09:00,548.3802755759581,553.9355026802008,542.8250484717154,543.61865234375,204900,0.0,0.0
2010-06-30 00:00:00+09:00,527.7465182834202,539.6505750868056,523.7784993489583,535.6825561523438,165800,0.0,0.0
2010-07-01 00:00:00+09:00,536.4763146546615,538.0635226861841,518.2234222921508,522.9850463867188,212500,0.0,0.0
2010-07-02 00:00:00+09:00,526.9529158407183,534.8889537298858,522.9848968961346,531.7145385742188,136000,0.0,0.0
2010-07-05 00:00:00+09:00,529.3337897967575,538.0634325070489,519.8105432037124,527.74658203125,130900,0.0,0.0
2010-07-06 00:00:00+09:00,519.8105284646929,541.2378326914817,514.2553014429328,534.0953979492188,116700,0.0,0.0
2010-07-07 00:00:00+09:00,530.9209564164039,540.4442022714067,529.3337487739035,538.8569946289062,157300,0.0,0.0
2010-07-08 00:00:00+09:00,549.9674582967953,551.5546659686474,536.4761930860514,544.4122314453125,139200,0.0,0.0
2010-07-09 00:00:00+09:00,545.2058565647482,562.6651416366906,542.0314410971223,551.5546875,139400,0.0,0.0
2010-07-12 00:00:00+09:00,554.729152927151,559.4907765574269,548.3803214201163,549.967529296875,77000,0.0,0.0
2010-07-13 00:00:00+09:00,554.7290813123519,556.3162889842041,541.237816101608,544.4122314453125,73400,0.0,0.0
2010-07-14 00:00:00+09:00,550.7610589389144,557.9034934208311,545.2058321196457,552.3482666015625,64400,0.0,0.0
2010-07-15 00:00:00+09:00,545.9993921690634,545.9993921690634,533.3017318860619,538.0633544921875,91700,0.0,0.0
2010-07-16 00:00:00+09:00,532.5081451416015,534.0953527277165,522.1912958318537,523.7785034179688,75300,0.0,0.0
2010-07-21 00:00:00+09:00,521.3976580556625,529.3336954689908,512.6680169010016,515.048828125,67800,0.0,0.0
2010-07-22 00:00:00+09:00,515.048817382052,518.2232322811709,509.49359130859375,509.49359130859375,61900,0.0,0.0
2010-07-23 00:00:00+09:00,521.3976440429688,530.920888683023,515.842418002937,521.3976440429688,68300,0.0,0.0
2010-07-26 00:00:00+09:00,525.365624413476,533.301661036036,525.365624413476,528.5400390625,50800,0.0,0.0
2010-07-27 00:00:00+09:00,531.7146967562408,535.6827168812873,526.1594685811755,532.50830078125,73800,0.0,0.0
2010-07-28 00:00:00+09:00,535.6824942196117,545.2057385612937,530.1272683536306,539.6505126953125,72700,0.0,0.0
2010-07-29 00:00:00+09:00,530.920850049268,536.4760756850601,528.5400390625,528.5400390625,46100,0.0,0.0
2010-07-30 00:00:00+09:00,527.746424777063,527.746424777063,508.69993726631185,519.0167846679688,130900,0.0,0.0
2010-08-02 00:00:00+09:00,515.8423653657477,519.0167799218447,510.2871398925781,510.2871398925781,44900,0.0,0.0
2010-08-03 00:00:00+09:00,515.8424638072896,521.397690340599,507.11282211208936,511.0808410644531,95600,0.0,0.0
2010-08-04 00:00:00+09:00,510.2871669544177,510.2871669544177,493.6214896510853,497.5895080566406,77300,0.0,0.0
2010-08-05 00:00:00+09:00,512.6680750353584,518.2233018546269,502.3512252281452,506.3192443847656,67300,0.0,0.0
2010-08-06 00:00:00+09:00,506.3192112298659,522.9848905963662,504.73200367115163,514.2552490234375,138500,0.0,0.0
2010-08-09 00:00:00+09:00,514.2552490234375,530.1273246105807,512.6680414647232,514.2552490234375,64100,0.0,0.0
2010-08-10 00:00:00+09:00,518.2232430903313,521.3976580556625,508.69999819433747,515.048828125,80300,0.0,0.0
2010-08-11 00:00:00+09:00,503.1446724551284,507.90629396101286,488.0662043531608,493.6214294433594,72900,0.0,0.0
2010-08-12 00:00:00+09:00,493.62151407357607,498.3831363958292,483.30466570869424,496.7959289550781,87800,0.0,0.0
2010-08-13 00:00:00+09:00,492.03434840888735,503.9384052252314,490.4471408333748,498.3831787109375,77200,0.0,0.0
2010-08-16 00:00:00+09:00,492.03445999710647,499.97049967447913,483.3048163519965,492.82806396484375,49900,0.0,0.0
2010-08-17 00:00:00+09:00,492.82782585904533,499.17665453355795,481.7173756786481,493.6214294433594,88800,0.0,0.0
2010-08-18 00:00:00+09:00,496.002447409708,496.002447409708,480.9239730084529,484.098388671875,107900,0.0,0.0
2010-08-19 00:00:00+09:00,484.09834496154286,488.0663641825391,477.74951420794883,486.4791564941406,148600,0.0,0.0
2010-08-20 00:00:00+09:00,477.7494098210739,480.1302208334713,453.147696026301,468.2261657714844,179800,0.0,0.0
2010-08-23 00:00:00+09:00,461.87744835687283,465.0518638094974,444.4181633674377,446.00537109375,253300,0.0,0.0
2010-08-24 00:00:00+09:00,438.0693825422778,461.083897204825,438.0693825422778,453.1478576660156,209200,0.0,0.0
2010-08-25 00:00:00+09:00,453.9414481452118,465.05190316974495,450.7670324239166,455.5286560058594,146200,0.0,0.0
2010-08-26 00:00:00+09:00,453.1478801694124,462.67112808890965,446.7990482230809,456.3222961425781,74600,0.0,0.0
2010-08-27 00:00:00+09:00,456.3220636951145,465.84530676353427,449.97323498283464,461.8772888183594,81500,0.0,0.0
2010-08-30 00:00:00+09:00,467.4326782226562,476.9559246380584,460.2902434111046,467.43267822265625,77700,0.0,0.0
2010-08-31 00:00:00+09:00,456.3221648573664,456.3221648573664,446.00531591276507,446.7989196777344,91700,0.0,0.0
2010-09-01 00:00:00+09:00,447.59255250742734,453.9413830394476,440.45011815890456,450.7669677734375,103600,0.0,0.0
2010-09-02 00:00:00+09:00,450.76693850258107,453.14774979748904,431.72044814331707,446.7989196777344,137100,0.0,0.0
2010-09-03 00:00:00+09:00,446.7989721492845,468.22627631985415,446.7989721492845,466.6390686035156,100400,0.0,0.0
2010-09-06 00:00:00+09:00,470.60711846762143,484.09838493296644,466.63909891899056,479.3367614746094,96800,0.0,0.0
2010-09-07 00:00:00+09:00,469.81353191756557,477.749571308065,466.6391161613658,469.0199279785156,42900,0.0,0.0
2010-09-08 00:00:00+09:00,465.05186661880566,470.6070936944569,457.11582793930387,467.43267822265625,91100,0.0,0.0
2010-09-09 00:00:00+09:00,467.43272010041574,477.749571308065,463.46470040516607,469.0199279785156,91300,0.0,0.0
2010-09-10 00:00:00+09:00,469.81345618348286,482.5111171614148,469.81345618348286,475.3686828613281,128300,0.0,0.0
2010-09-13 00:00:00+09:00,475.3686698330597,481.71750014802547,475.3686698330597,477.7494812011719,48100,0.0,0.0
2010-09-14 00:00:00+09:00,480.9239692940617,484.89198884269257,476.1623458357047,479.3367614746094,82200,0.0,0.0
2010-09-16 00:00:00+09:00,499.9705671699126,507.1130038437685,493.6217345709296,502.35137939453125,133000,0.0,0.0
2010-09-17 00:00:00+09:00,504.7319689599153,512.6680062077128,495.2087242625584,509.49359130859375,81500,0.0,0.0
2010-09-21 00:00:00+09:00,516.6360763910249,518.223283998985,498.3831888994833,503.93841552734375,105800,0.0,0.0
2010-09-22 00:00:00+09:00,506.31939976889566,513.4618364427515,497.58975494529403,502.35137939453125,46500,0.0,0.0
2010-09-24 00:00:00+09:00,487.27272568234974,512.6680468905504,481.71749916805584,498.3831787109375,108800,0.0,0.0
2010-09-27 00:00:00+09:00,506.319189223885,510.2872079482101,493.62152930604464,507.11279296875,137200,0.0,0.0
2010-09-28 00:00:00+09:00,503.1134981185671,511.1121228899275,499.914048210023,503.9133605957031,66200,5.0,0.0
2010-09-29 00:00:00+09:00,499.9140802404923,503.11353035403147,492.7153174850292,496.7146301269531,135000,0.0,0.0
2010-09-30 00:00:00+09:00,499.11421806867736,510.31229347406435,471.9188920841661,481.5172424316406,233900,0.0,0.0
2010-10-01 00:00:00+09:00,482.317093698602,483.1169562088816,455.1217683490954,455.921630859375,345500,0.0,0.0
2010-10-04 00:00:00+09:00,460.7209257610104,484.716807311063,460.7209257610104,463.1205139160156,132000,0.0,0.0
2010-10-05 00:00:00+09:00,465.51997628523475,486.31640134265075,456.7214887609434,477.5179138183594,195000,0.0,0.0
2010-10-06 00:00:00+09:00,476.7181334832702,484.7167598839962,466.31991916232636,475.118408203125,145900,0.0,0.0
2010-10-07 00:00:00+09:00,475.11833756345175,480.7173752115059,466.31984983079525,472.71875,107100,0.0,0.0
2010-10-08 00:00:00+09:00,467.9195893583851,479.1176650011499,467.11972681247335,468.7194519042969,124300,0.0,0.0
2010-10-12 00:00:00+09:00,471.11899374581714,474.3184436184543,455.9216068507908,457.5213317871094,73900,0.0,0.0
2010-10-13 00:00:00+09:00,465.51990747696317,475.91811846871667,461.52059555705796,467.91949462890625,176100,0.0,0.0
2010-10-14 00:00:00+09:00,465.52004435911016,480.717434123411,463.120456501589,471.9189453125,121200,0.0,0.0
2010-10-15 00:00:00+09:00,465.51995646870216,473.518581150295,451.9222945099944,457.5213317871094,154700,0.0,0.0
2010-10-18 00:00:00+09:00,457.52139376610825,471.9189201433634,457.52139376610825,465.52001953125,106000,0.0,0.0
2010-10-19 00:00:00+09:00,459.92093254538145,487.11625725241265,455.92162008846503,475.9181823730469,191500,0.0,0.0
2010-10-20 00:00:00+09:00,467.91941004270586,473.5184457184306,458.321063170035,469.5191345214844,165800,0.0,0.0
2010-10-21 00:00:00+09:00,470.3191624365482,479.11765016920475,467.11971235194585,472.71875,184800,0.0,0.0
2010-10-22 00:00:00+09:00,475.91822657091865,491.1156153185614,472.718776308257,487.1163024902344,171400,0.0,0.0
2010-10-25 00:00:00+09:00,487.1161768092522,500.71383691722804,482.31700265349605,493.51507568359375,186200,0.0,0.0
2010-10-26 00:00:00+09:00,517.5109609466751,517.5109609466751,487.9160528245315,489.5157775878906,258500,0.0,0.0
2010-10-27 00:00:00+09:00,489.5159309483782,511.91208465189874,489.5159309483782,505.51318359375,171900,0.0,0.0
2010-10-28 00:00:00+09:00,505.5131179391858,505.5131179391858,495.91476759856835,496.7146301269531,90700,0.0,0.0
2010-10-29 00:00:00+09:00,505.5131164650675,505.5131164650675,479.9175156313932,488.71600341796875,119600,0.0,0.0
2010-11-01 00:00:00+09:00,483.9168882449336,486.3164761205283,475.118399367753,480.7174377441406,161400,0.0,0.0
2010-11-02 00:00:00+09:00,481.5173003693389,484.7167508701318,478.3178498685459,480.7174377441406,93600,0.0,0.0
2010-11-04 00:00:00+09:00,488.71591520621104,494.314951877968,485.5164656794928,489.5157775878906,85500,0.0,0.0
2010-11-05 00:00:00+09:00,503.1135464019288,503.1135464019288,484.71670766227163,500.7139587402344,138200,0.0,0.0
2010-11-08 00:00:00+09:00,501.51377316429506,504.7132230728392,487.1162485758464,503.9133605957031,117100,0.0,0.0
2010-11-09 00:00:00+09:00,495.9148377638597,503.9134641794058,493.51524983919586,499.1142883300781,124300,0.0,0.0
2010-11-10 00:00:00+09:00,495.9148346975948,505.5131863369031,488.7160709681136,498.3144226074219,129500,0.0,0.0
2010-11-11 00:00:00+09:00,492.71521935096155,515.9112280541724,491.1154946128091,509.5123291015625,185400,0.0,0.0
2010-11-12 00:00:00+09:00,507.11282500000004,510.312275,497.514475,499.9140625,176500,0.0,0.0
2010-11-15 00:00:00+09:00,500.713910687159,507.1128105042473,495.9147358243428,503.9133605957031,85100,0.0,0.0
2010-11-16 00:00:00+09:00,511.91197542862835,511.91197542862835,497.5144511196982,501.5137634277344,85200,0.0,0.0
2010-11-17 00:00:00+09:00,494.3148877457708,503.91323508064016,492.71516318995924,503.1133728027344,76800,0.0,0.0
2010-11-18 00:00:00+09:00,503.1135844477901,519.9106993498626,501.5138592190213,518.3109741210938,96600,0.0,0.0
2010-11-19 00:00:00+09:00,519.9105156792535,522.3101026746962,505.51299370659723,511.1120300292969,135000,0.0,0.0
2010-11-22 00:00:00+09:00,519.1107788085938,519.1107788085938,511.91201608243455,519.1107788085938,83100,0.0,0.0
2010-11-24 00:00:00+09:00,510.31221800811534,519.9105669361677,507.9126307761022,515.9112548828125,113800,0.0,0.0
2010-11-25 00:00:00+09:00,515.9113318810097,524.7098197115384,509.51243164062504,519.91064453125,116000,0.0,0.0
2010-11-26 00:00:00+09:00,519.9107209416746,530.3089353605081,516.7112703512643,523.9100341796875,128500,0.0,0.0
2010-11-29 00:00:00+09:00,529.5089976751982,544.7063858259969,529.5089976751982,535.9078979492188,162200,0.0,0.0
2010-11-30 00:00:00+09:00,541.5068726898521,543.1065975722446,520.71044921875,520.71044921875,223800,0.0,0.0
2010-12-01 00:00:00+09:00,523.909898983535,530.3087985131048,515.9112745715726,520.71044921875,118900,0.0,0.0
2010-12-02 00:00:00+09:00,528.7091630758698,544.7064146061533,528.7091630758698,543.106689453125,143400,0.0,0.0
2010-12-03 00:00:00+09:00,551.9050225546193,556.70419666379,547.1058484454488,550.3052978515625,116000,0.0,0.0
2010-12-06 00:00:00+09:00,553.5048985748072,561.5035242767553,546.3061354430539,557.5042114257812,109200,0.0,0.0
2010-12-07 00:00:00+09:00,559.1039365661709,559.9037991363657,550.305448294028,557.5042114257812,67400,0.0,0.0
2010-12-08 00:00:00+09:00,556.7043103304776,564.702935478904,551.9051352414218,563.1032104492188,144500,0.0,0.0
2010-12-09 00:00:00+09:00,567.9023404787222,568.7022029301007,562.3033033190728,567.1024780273438,138800,0.0,0.0
2010-12-10 00:00:00+09:00,568.7023529647785,579.1005675759487,567.9024903023807,574.3013916015625,233000,0.0,0.0
2010-12-13 00:00:00+09:00,575.1011292001476,588.6987915039062,574.3012667116911,588.6987915039062,119100,0.0,0.0
2010-12-14 00:00:00+09:00,589.4986093703874,595.8975087936752,582.2998475191887,592.6980590820312,135400,0.0,0.0
2010-12-15 00:00:00+09:00,585.4993325091423,606.2957568878824,585.4993325091423,601.49658203125,255700,0.0,0.0
2010-12-16 00:00:00+09:00,607.0956356396291,611.8948106249227,595.8975606739442,605.4959106445312,165500,0.0,0.0
2010-12-17 00:00:00+09:00,602.2963658949908,615.0941638422947,601.4965035232843,611.8947143554688,149600,0.0,0.0
2010-12-20 00:00:00+09:00,613.4945100943248,624.6925845940908,610.2950602372488,614.2943725585938,235200,0.0,0.0
2010-12-21 00:00:00+09:00,623.8926499310662,625.4923746744792,611.0948519837623,611.8947143554688,177600,0.0,0.0
2010-12-22 00:00:00+09:00,616.6940087235214,619.0935963061031,592.6981328977034,595.8975830078125,307500,0.0,0.0
2010-12-24 00:00:00+09:00,595.8975830078125,599.0970331179216,590.2985453151216,595.8975830078125,164000,0.0,0.0
2010-12-27 00:00:00+09:00,595.8975446985123,603.0963069834607,595.8975446985123,601.49658203125,80100,0.0,0.0
2010-12-28 00:00:00+09:00,607.0956356396291,607.895498137178,603.0963231518846,605.4959106445312,86100,0.0,0.0
2010-12-29 00:00:00+09:00,609.4951272403492,613.4944390988818,605.4958153818168,611.8947143554688,80300,0.0,0.0
2010-12-30 00:00:00+09:00,614.2944462435233,620.6933467252267,607.89554576182,617.493896484375,112800,0.0,0.0
2011-01-04 00:00:00+09:00,619.8935490688791,635.0909393041161,617.4939611369996,634.2910766601562,152300,0.0,0.0
2011-01-05 00:00:00+09:00,634.2909317598999,635.0907942211355,627.0921696087787,628.69189453125,123200,0.0,0.0
2011-01-06 00:00:00+09:00,631.0915902241339,643.0895292017791,631.0915902241339,640.68994140625,164500,0.0,0.0
2011-01-07 00:00:00+09:00,644.6891441921185,722.2758029844703,642.289556806788,688.6815795898438,657500,0.0,0.0
2011-01-11 00:00:00+09:00,676.6837305529364,678.2834556842672,648.6885407546471,649.4884033203125,375400,0.0,0.0
2011-01-12 00:00:00+09:00,649.488381029212,651.8879686438519,639.0901680324389,643.8893432617188,237500,0.0,0.0
2011-01-13 00:00:00+09:00,648.6884860056751,650.28821100199,631.8913735443691,635.8906860351562,378100,0.0,0.0
2011-01-14 00:00:00+09:00,636.6904907226562,641.4896652758421,628.6918664673465,636.6904907226562,330700,0.0,0.0
2011-01-17 00:00:00+09:00,634.2910855480076,644.689300065188,614.2945191688144,620.6934204101562,317600,0.0,0.0
2011-01-18 00:00:00+09:00,620.6933764435081,648.6885673913467,620.6933764435081,640.68994140625,170500,0.0,0.0
2011-01-19 00:00:00+09:00,640.6898770175138,655.08740234375,639.8900144993895,655.08740234375,141100,0.0,0.0
2011-01-20 00:00:00+09:00,646.2887842514936,655.8871325324563,643.8891971812528,652.6876831054688,231200,0.0,0.0
2011-01-21 00:00:00+09:00,654.2874078189626,658.2867196026971,648.6883713217343,652.6876831054688,359400,0.0,0.0
2011-01-24 00:00:00+09:00,655.8874173043577,663.8860443446547,654.2876918962983,663.086181640625,252500,0.0,0.0
2011-01-25 00:00:00+09:00,663.0860721730098,670.2848353208472,653.4877213092268,666.2855224609375,268800,0.0,0.0
2011-01-26 00:00:00+09:00,659.886483266844,695.8802914450355,657.4868960549645,676.68359375,246000,0.0,0.0
2011-01-27 00:00:00+09:00,676.683645010843,687.8817195145685,665.4855705071175,674.2840576171875,150400,0.0,0.0
2011-01-28 00:00:00+09:00,671.8845856402348,675.8838986499982,664.6858222226609,672.6844482421875,107700,0.0,0.0
2011-01-31 00:00:00+09:00,663.0861050503926,664.6858302736746,653.4877537107004,659.0867919921875,109500,0.0,0.0
2011-02-01 00:00:00+09:00,659.086695744441,665.485595703125,655.8872457650991,665.485595703125,92500,0.0,0.0
2011-02-02 00:00:00+09:00,668.6850650031697,679.883140254419,667.8852024852234,670.2847900390625,90300,0.0,0.0
2011-02-03 00:00:00+09:00,663.8858898954915,675.8838276646871,658.2868522698669,670.2847900390625,107000,0.0,0.0
2011-02-04 00:00:00+09:00,679.0831742851655,679.0831742851655,667.8851007398271,675.0838623046875,76300,0.0,0.0
2011-02-07 00:00:00+09:00,679.8830763201847,686.2819758620218,677.4834889919958,684.6822509765625,109800,0.0,0.0
2011-02-08 00:00:00+09:00,719.0765071907516,738.2732103860553,700.6796666285856,711.077880859375,433200,0.0,0.0
2011-02-09 00:00:00+09:00,723.0757981903698,727.8749738420759,695.0806068887516,705.4788208007812,211100,0.0,0.0
2011-02-10 00:00:00+09:00,706.2786217624948,723.0757350773446,706.2786217624948,720.6761474609375,197400,0.0,0.0
2011-02-14 00:00:00+09:00,720.6760823382963,724.6753946709173,704.6788330078125,704.6788330078125,216900,0.0,0.0
2011-02-15 00:00:00+09:00,711.0776830865432,730.2743809426478,711.0776830865432,722.2757568359375,196000,0.0,0.0
2011-02-16 00:00:00+09:00,725.4753098163584,734.2737975870087,717.4766845703125,717.4766845703125,129000,0.0,0.0
2011-02-17 00:00:00+09:00,715.077058229608,722.2758205607786,705.478708454714,707.8782958984375,196400,0.0,0.0
2011-02-18 00:00:00+09:00,705.4786954743366,710.2778702734818,699.8796582086674,704.6788330078125,203100,0.0,0.0
2011-02-21 00:00:00+09:00,705.4786889398464,708.6781387763083,700.6795141851536,703.0791015625,195000,0.0,0.0
2011-02-22 00:00:00+09:00,702.2793594054497,725.475374693329,702.2793594054497,718.276611328125,324000,0.0,0.0
2011-02-23 00:00:00+09:00,712.6774193016258,717.4765938423776,708.6781071843328,710.27783203125,193400,0.0,0.0
2011-02-24 00:00:00+09:00,711.077880859375,712.6776061256503,700.6796666285856,711.077880859375,223300,0.0,0.0
2011-02-25 00:00:00+09:00,711.0778590611048,721.4760729731346,692.6810190628986,705.4788208007812,204600,0.0,0.0
2011-02-28 00:00:00+09:00,703.0790589798329,727.8747937106347,688.6815355877544,722.2757568359375,194400,0.0,0.0
2011-03-01 00:00:00+09:00,723.0758056640625,727.8749813653727,715.8770421120973,723.0758056640625,157300,0.0,0.0
2011-03-02 00:00:00+09:00,711.0778590611048,714.2773094955755,702.2793703663106,705.4788208007812,178900,0.0,0.0
2011-03-03 00:00:00+09:00,715.0769852701823,723.0756092664931,708.6780860731337,719.8761596679688,188100,0.0,0.0
2011-03-04 00:00:00+09:00,727.8749231159358,740.6727239619303,718.2765724814399,723.8756103515625,138200,0.0,0.0
2011-03-07 00:00:00+09:00,723.8754816572796,726.2750688892927,716.6767199612403,722.2757568359375,143000,0.0,0.0
2011-03-08 00:00:00+09:00,719.8761696039244,734.2736929960029,716.6767199612403,722.2757568359375,138000,0.0,0.0
2011-03-09 00:00:00+09:00,724.6755463754383,733.4740353490915,719.8763705716275,727.0751342773438,126000,0.0,0.0
2011-03-10 00:00:00+09:00,716.6767247460497,719.8761744100944,703.8789260898702,708.6781005859375,165700,0.0,0.0
2011-03-11 00:00:00+09:00,696.680204207612,709.478003596041,687.8817171280668,688.6815795898438,278500,0.0,0.0
2011-03-14 00:00:00+09:00,568.7022989748024,623.092954854249,568.7022989748024,607.095703125,183000,0.0,0.0
2011-03-15 00:00:00+09:00,595.8975274222238,603.8961519513812,500.71389552525113,537.507568359375,305200,0.0,0.0
2011-03-16 00:00:00+09:00,497.5145113790182,612.6947198011703,496.714648820531,586.2992553710938,320100,0.0,0.0
2011-03-17 00:00:00+09:00,553.5047939439911,593.4979148937014,547.1058945920374,591.0983276367188,191300,0.0,0.0
2011-03-18 00:00:00+09:00,599.8970154793033,614.2945438508065,579.1005856093541,595.0978393554688,293100,0.0,0.0
2011-03-22 00:00:00+09:00,629.4918445217994,636.6906076738911,613.4945930727066,619.8934936523438,273000,0.0,0.0
2011-03-23 00:00:00+09:00,613.4946381804231,625.4925776494014,602.29656134271,615.8942260742188,150300,0.0,0.0
2011-03-24 00:00:00+09:00,610.2952178955078,632.6913726806641,607.8956298828125,623.8928833007812,158900,0.0,0.0
2011-03-25 00:00:00+09:00,628.6920896892306,642.2897557512114,623.8929134320609,631.8915405273438,145400,0.0,0.0
2011-03-28 00:00:00+09:00,655.8872813349185,671.0846695609714,631.891405188519,643.8893432617188,179800,0.0,0.0
2011-03-29 00:00:00+09:00,657.6063911869841,689.8815514906397,655.9926331718013,684.2333984375,237600,7.0,0.0
2011-03-30 00:00:00+09:00,684.2331584630973,709.2463989257812,670.5162201448512,709.2463989257812,142400,0.0,0.0
2011-03-31 00:00:00+09:00,703.598254534842,703.598254534842,676.1643776378413,701.9844970703125,111600,0.0,0.0
2011-04-01 00:00:00+09:00,701.9845747777798,701.9845747777798,677.7782101302702,679.3919677734375,95300,0.0,0.0
2011-04-04 00:00:00+09:00,673.7437388661143,679.3918899703812,656.7992855533139,660.8336791992188,130600,0.0,0.0
2011-04-05 00:00:00+09:00,664.8681040770884,669.7093766795915,646.30989243416,656.79931640625,78900,0.0,0.0
2011-04-06 00:00:00+09:00,656.7992930603028,656.7992930603028,641.4685970306397,645.5029907226562,132100,0.0,0.0
2011-04-07 00:00:00+09:00,645.503147392516,651.1512999322005,632.5930844446656,633.3999633789062,77100,0.0,0.0
2011-04-08 00:00:00+09:00,625.331253223634,655.9926566075026,622.9106161143812,644.6963500976562,89200,0.0,0.0
2011-04-11 00:00:00+09:00,639.0479608154297,657.6061717987061,639.0479608154297,645.5029907226562,44900,0.0,0.0
2011-04-12 00:00:00+09:00,640.6617880221671,645.5030609795134,624.5242114976793,630.17236328125,113800,0.0,0.0
2011-04-13 00:00:00+09:00,621.2966961927817,639.8549091959427,621.2966961927817,630.17236328125,151500,0.0,0.0
2011-04-14 00:00:00+09:00,623.7172177247327,640.6616699527009,622.1034603696882,639.0479125976562,124200,0.0,0.0
2011-04-15 00:00:00+09:00,633.3998887205184,654.3787385380133,633.3998887205184,639.8549194335938,100500,0.0,0.0
2011-04-18 00:00:00+09:00,633.399840156987,647.1167793705779,633.399840156987,641.4686279296875,81800,0.0,0.0
2011-04-19 00:00:00+09:00,639.8550758791507,645.5032291340739,633.4000435878099,644.6963500976562,91200,0.0,0.0
2011-04-20 00:00:00+09:00,647.1167481994629,659.2199292755128,643.8892332458496,645.5029907226562,62600,0.0,0.0
2011-04-21 00:00:00+09:00,651.9581675363418,655.1856832172147,645.5031361745957,648.7306518554688,48400,0.0,0.0
2011-04-22 00:00:00+09:00,642.2754452154503,654.3786257157415,636.6272943153144,649.537353515625,78700,0.0,0.0
2011-04-25 00:00:00+09:00,649.5376243161618,660.0270517895905,639.8550758791507,644.6963500976562,107400,0.0,0.0
2011-04-26 00:00:00+09:00,645.5030087367684,651.1511600632151,640.6617361712426,647.9236450195312,154400,0.0,0.0
2011-04-27 00:00:00+09:00,684.2333250473484,690.6883564157197,664.8682309422348,665.6751098632812,527900,0.0,0.0
2011-04-28 00:00:00+09:00,666.481781118748,668.902417127654,642.2754210296894,654.3786010742188,298600,0.0,0.0
2011-05-02 00:00:00+09:00,663.25439453125,670.5163039604242,658.4131215784671,663.25439453125,74600,0.0,0.0
2011-05-06 00:00:00+09:00,657.6061951733338,660.0268314745854,646.30989243416,656.79931640625,38400,0.0,0.0
2011-05-09 00:00:00+09:00,653.5718935293379,657.60628793384,646.3099836012342,652.7650146484375,55300,0.0,0.0
2011-05-10 00:00:00+09:00,652.7649773366629,660.026886849679,645.5030678236469,655.9924926757812,45700,0.0,0.0
2011-05-11 00:00:00+09:00,656.7993665086559,685.8470043395055,656.7993665086559,680.1988525390625,188800,0.0,0.0
2011-05-12 00:00:00+09:00,680.198773411342,684.2331670851935,667.2887136550177,677.7781372070312,109200,0.0,0.0
2011-05-13 00:00:00+09:00,674.550567815101,675.3574464847362,647.9235717171364,654.3786010742188,146700,0.0,0.0
2011-05-16 00:00:00+09:00,642.2755817185515,654.3787647911372,634.2067930034942,635.013671875,167300,0.0,0.0
2011-05-17 00:00:00+09:00,625.3311883835565,636.6274937220982,622.1036725725446,626.9449462890625,155200,0.0,0.0
2011-05-18 00:00:00+09:00,621.2968279179638,635.0137708719967,621.2968279179638,631.7862548828125,99700,0.0,0.0
2011-05-19 00:00:00+09:00,634.2067675596528,643.0824347901314,632.593009881384,639.8549194335938,121600,0.0,0.0
2011-05-20 00:00:00+09:00,639.0479867117746,642.2755017961775,630.9791990007674,632.5929565429688,124100,0.0,0.0
2011-05-23 00:00:00+09:00,627.751671988641,631.7860657674883,622.9103994540242,630.9791870117188,123900,0.0,0.0
2011-05-24 00:00:00+09:00,621.2966844512196,635.0136242378048,621.2966844512196,628.55859375,132900,0.0,0.0
2011-05-25 00:00:00+09:00,629.3654999539236,634.2067730304923,614.034801878123,615.6485595703125,151900,0.0,0.0
2011-05-26 00:00:00+09:00,615.6485237716211,619.6829177675033,607.5797357798567,610.8072509765625,176700,0.0,0.0
2011-05-27 00:00:00+09:00,610.8072269839911,614.8416208214019,603.5453180766517,607.5797119140625,130000,0.0,0.0
2011-05-30 00:00:00+09:00,607.5798602123338,607.5798602123338,593.0560388526764,602.7385864257812,183800,0.0,0.0
2011-05-31 00:00:00+09:00,606.7729096972911,627.7517602985272,606.7729096972911,618.0692138671875,196100,0.0,0.0
2011-06-01 00:00:00+09:00,621.2967055112983,621.2967055112983,605.9660075830975,614.8416748046875,176200,0.0,0.0
2011-06-02 00:00:00+09:00,602.7384703121083,606.7728643570354,599.5109550761666,603.5453491210938,102000,0.0,0.0
2011-06-03 00:00:00+09:00,603.5454625668733,608.3867363307787,593.8629150390625,593.8629150390625,98600,0.0,0.0
2011-06-06 00:00:00+09:00,593.0560418676328,597.8973156787971,593.0560418676328,594.6697998046875,63800,0.0,0.0
2011-06-07 00:00:00+09:00,599.5108873349902,620.4897339981259,599.5108873349902,618.8759765625,116500,0.0,0.0
2011-06-08 00:00:00+09:00,618.069180887884,635.8205150648207,618.069180887884,630.17236328125,123100,0.0,0.0
2011-06-09 00:00:00+09:00,630.172247144911,639.0479125976562,629.3653684673887,639.0479125976562,159500,0.0,0.0
2011-06-10 00:00:00+09:00,646.309942459525,652.764973095825,644.69618480045,647.1168212890625,171800,0.0,0.0
2011-06-13 00:00:00+09:00,647.1167481994629,654.3786568450928,642.275475769043,645.5029907226562,94700,0.0,0.0
2011-06-14 00:00:00+09:00,651.9581394102515,664.0613226913824,648.7306238686166,661.6406860351562,175900,0.0,0.0
2011-06-15 00:00:00+09:00,670.5164184570312,693.9159083911514,663.2545077878216,670.5164184570312,212400,0.0,0.0
2011-06-16 00:00:00+09:00,666.4820236408036,681.0058449792231,666.4820236408036,670.5164184570312,177800,0.0,0.0
2011-06-17 00:00:00+09:00,674.5506052416424,676.1643626704501,659.2199096679688,659.2199096679688,159300,0.0,0.0
2011-06-20 00:00:00+09:00,664.0614013671875,685.0402548733198,662.4476434051774,664.0614013671875,162700,0.0,0.0
2011-06-21 00:00:00+09:00,668.095767142804,683.4264671134722,661.6407355762068,676.971435546875,119900,0.0,0.0
2011-06-22 00:00:00+09:00,681.0057569934476,689.8814244424143,669.7094529674898,675.3576049804688,109100,0.0,0.0
2011-06-23 00:00:00+09:00,668.0956642712663,685.0401195245231,664.061270163348,679.3919677734375,113100,0.0,0.0
2011-06-24 00:00:00+09:00,679.3919933264335,681.8126298822284,668.0956893993906,674.5507202148438,86000,0.0,0.0
2011-06-27 00:00:00+09:00,677.7782733623798,681.0057889498197,670.51636329064,671.3232421875,76000,0.0,0.0
2011-06-28 00:00:00+09:00,683.4262883504232,688.2675607590448,676.971258472261,677.7781372070312,93300,0.0,0.0
2011-06-29 00:00:00+09:00,696.3364291117568,708.4396115412775,674.5507007386195,680.1988525390625,146400,0.0,0.0
2011-06-30 00:00:00+09:00,677.778101059997,677.778101059997,655.9923763830685,664.8680419921875,148100,0.0,0.0
2011-07-01 00:00:00+09:00,676.9713002895098,700.3707850432593,676.9713002895098,683.4263305664062,100700,0.0,0.0
2011-07-04 00:00:00+09:00,693.1089794864699,701.9846474426413,685.8470693405116,689.0745849609375,97400,0.0,0.0
2011-07-05 00:00:00+09:00,689.8813536456812,696.3363838552315,689.0744748694875,690.688232421875,80600,0.0,0.0
2011-07-06 00:00:00+09:00,690.6883403636791,697.1433715820312,689.881461461385,697.1433715820312,112000,0.0,0.0
2011-07-07 00:00:00+09:00,693.9159465285967,693.9159465285967,684.2333984375,684.2333984375,76300,0.0,0.0
2011-07-08 00:00:00+09:00,685.0401572725938,689.0745516028211,672.1300954158664,676.1644897460938,94400,0.0,0.0
2011-07-11 00:00:00+09:00,672.1300836590489,676.9713567706386,666.4819316955274,674.5507202148438,86900,0.0,0.0
2011-07-12 00:00:00+09:00,674.5505862930446,677.778101059997,663.2542846087114,664.8680419921875,125000,0.0,0.0
2011-07-13 00:00:00+09:00,662.4475490233209,681.812641808412,662.4475490233209,676.1644897460938,117100,0.0,0.0
2011-07-14 00:00:00+09:00,678.58512634423,684.2332784065483,676.1644897460938,676.1644897460938,106200,0.0,0.0
2011-07-15 00:00:00+09:00,668.902672079574,678.5852198056957,668.902672079574,672.1301879882812,88800,0.0,0.0
2011-07-19 00:00:00+09:00,681.812735714403,685.0402516231102,671.3233090111045,672.1301879882812,102300,0.0,0.0
2011-07-20 00:00:00+09:00,681.8126678466797,685.8470623309795,668.0957266000601,671.3232421875,113700,0.0,0.0
2011-07-21 00:00:00+09:00,672.1300857170042,695.5295724946671,672.1300857170042,691.4951782226562,114500,0.0,0.0
2011-07-22 00:00:00+09:00,693.9157655158615,695.5295231100844,689.0744927331926,693.10888671875,103400,0.0,0.0
2011-07-25 00:00:00+09:00,693.108913797218,694.7226714544873,679.3919737104278,680.1988525390625,83700,0.0,0.0
2011-07-26 00:00:00+09:00,685.0400881356303,687.4607244894665,681.0056942125701,683.4263305664062,32600,0.0,0.0
2011-07-27 00:00:00+09:00,679.3920311560997,682.6195467435397,663.2544532189003,671.3232421875,61100,0.0,0.0
2011-07-28 00:00:00+09:00,660.8337102416692,663.2543465429208,651.1511650366631,656.79931640625,68100,0.0,0.0
2011-07-29 00:00:00+09:00,655.1855044157609,660.0267766158773,642.2754452154503,649.537353515625,80000,0.0,0.0
2011-08-01 00:00:00+09:00,649.5373888282915,668.9024786815573,649.5373888282915,662.4474487304688,120200,0.0,0.0
2011-08-02 00:00:00+09:00,662.4474127159356,662.4474127159356,646.3098387155474,649.537353515625,101100,0.0,0.0
2011-08-03 00:00:00+09:00,630.9793234339672,634.2068391548571,622.1036552015202,624.5242919921875,74900,0.0,0.0
2011-08-04 00:00:00+09:00,624.5242071771003,641.4686624105874,621.2966918945312,621.2966918945312,63700,0.0,0.0
2011-08-05 00:00:00+09:00,601.1246888355543,612.420991713001,590.6352647350681,600.3178100585938,86500,0.0,0.0
2011-08-08 00:00:00+09:00,643.0824062474895,645.503042657455,622.1035573611223,627.751708984375,200800,0.0,0.0
2011-08-09 00:00:00+09:00,610.0003393617128,633.3998232790271,592.2490067347846,630.9791870117188,129900,0.0,0.0
2011-08-10 00:00:00+09:00,647.9236757386785,648.730554537855,610.8072509765625,610.8072509765625,146900,0.0,0.0
2011-08-11 00:00:00+09:00,604.352253464033,613.2279207378706,593.8628285040431,598.7041015625,94900,0.0,0.0
2011-08-12 00:00:00+09:00,610.8072660082248,615.6485389224247,593.8628108085251,596.283447265625,93000,0.0,0.0
2011-08-15 00:00:00+09:00,608.386517358366,614.8415467202584,597.0902159750541,605.9658813476562,51900,0.0,0.0
2011-08-16 00:00:00+09:00,605.9660134171752,615.6485595703125,605.9660134171752,615.6485595703125,85500,0.0,0.0
2011-08-17 00:00:00+09:00,613.2278993227109,617.2622933972024,611.6141416929142,612.4210205078125,75600,0.0,0.0
2011-08-18 00:00:00+09:00,613.2277268629807,616.4552412148912,593.8626407515183,597.8970336914062,112900,0.0,0.0
2011-08-19 00:00:00+09:00,584.1803213266226,593.0559891920823,582.5665635329026,587.4078369140625,131300,0.0,0.0
2011-08-22 00:00:00+09:00,580.9526870858704,589.0214744065074,561.5875975163414,563.2013549804688,56700,0.0,0.0
2011-08-23 00:00:00+09:00,567.2359695114455,577.725397112653,555.1327838177448,576.9185180664062,68200,0.0,0.0
2011-08-24 00:00:00+09:00,582.5664561097051,592.2490010865977,566.4288811482174,572.8839111328125,74700,0.0,0.0
2011-08-25 00:00:00+09:00,575.3046303427681,592.2490864959211,575.3046303427681,584.1802978515625,55200,0.0,0.0
2011-08-26 00:00:00+09:00,585.7940791203425,589.0215947077825,576.9184112548828,587.4078369140625,99300,0.0,0.0
2011-08-29 00:00:00+09:00,580.1459093817349,601.1247600686961,569.6564840382542,584.9871826171875,77700,0.0,0.0
2011-08-30 00:00:00+09:00,597.8971126161773,608.3865356445312,597.0902339216885,608.3865356445312,49000,0.0,0.0
2011-08-31 00:00:00+09:00,601.9316017552426,620.4898146779914,601.1247229325144,613.2279052734375,80800,0.0,0.0
2011-09-01 00:00:00+09:00,614.0348974260149,622.9105661141701,605.1592287378596,620.4899291992188,65000,0.0,0.0
2011-09-02 00:00:00+09:00,609.1935111597965,618.0691782098068,594.6696923506887,613.2279052734375,78600,0.0,0.0
2011-09-05 00:00:00+09:00,613.22794098108,613.22794098108,585.7940594108737,593.0559692382812,49300,0.0,0.0
2011-09-06 00:00:00+09:00,583.3733788130138,583.3733788130138,559.9738933557837,570.4633178710938,106300,0.0,0.0
2011-09-07 00:00:00+09:00,565.62208015688,589.0215670677923,564.815201297883,575.3046264648438,123800,0.0,0.0
2011-09-08 00:00:00+09:00,584.1802308226357,594.6696548567438,576.111443104091,583.3733520507812,107900,0.0,0.0
2011-09-09 00:00:00+09:00,588.2147623145062,597.0904308816661,588.2147623145062,593.8629150390625,169600,0.0,0.0
2011-09-12 00:00:00+09:00,590.6353101647419,590.6353101647419,547.8707316965297,556.7463989257812,127200,0.0,0.0
2011-09-13 00:00:00+09:00,563.2013730036889,577.7251906456179,560.780736730034,565.6220092773438,52500,0.0,0.0
2011-09-14 00:00:00+09:00,570.4632740444607,580.9526977539062,558.3600928412544,580.9526977539062,133800,0.0,0.0
2011-09-15 00:00:00+09:00,568.8494446318028,574.4975951458775,567.2356873420672,571.2700805664062,31100,0.0,0.0
2011-09-16 00:00:00+09:00,580.9527497039919,618.0691753795247,579.3389920659253,596.283447265625,99400,0.0,0.0
2011-09-20 00:00:00+09:00,611.6141129360404,611.6141129360404,592.2490222889891,600.3178100585938,79800,0.0,0.0
2011-09-21 00:00:00+09:00,597.0903095003658,598.7040670936101,584.9871275510342,585.7940063476562,39900,0.0,0.0
2011-09-22 00:00:00+09:00,581.7595765007867,587.4077277289497,571.2701527913412,580.9526977539062,62600,0.0,0.0
2011-09-26 00:00:00+09:00,578.5322031010093,578.5322031010093,557.5533505478346,558.3602294921875,36200,0.0,0.0
2011-09-27 00:00:00+09:00,599.5110227962058,599.5110227962058,569.6565034914149,579.3390502929688,102100,0.0,0.0
2011-09-28 00:00:00+09:00,585.0347729910346,617.5819091796875,585.0347729910346,617.5819091796875,106700,6.0,0.0
2011-09-29 00:00:00+09:00,617.5818581973805,624.9049632352941,605.3766831341911,622.4639282226562,78300,0.0,0.0
2011-09-30 00:00:00+09:00,623.2777006450452,630.6008067883943,598.0536683735094,618.3956298828125,189800,0.0,0.0
2011-10-03 00:00:00+09:00,597.2399467241646,603.7493739364171,560.6244186552444,575.2706298828125,101900,0.0,0.0
2011-10-04 00:00:00+09:00,569.5750226878157,572.8297371031746,561.4382366494183,563.8792724609375,66800,0.0,0.0
2011-10-05 00:00:00+09:00,563.8792168769445,570.3886450660002,543.5372537861457,555.742431640625,57400,0.0,0.0
2011-10-06 00:00:00+09:00,561.4379703297335,584.2209604300705,560.6242921118643,580.9662475585938,33200,0.0,0.0
2011-10-07 00:00:00+09:00,589.9168567783786,615.9545663189415,589.9168567783786,614.3272094726562,76200,0.0,0.0
2011-10-11 00:00:00+09:00,610.2588029713158,620.0229438188569,603.7493757396218,607.0040893554688,98800,0.0,0.0
2011-10-12 00:00:00+09:00,607.0041315980066,615.140916203878,607.0041315980066,607.8178100585938,76900,0.0,0.0
2011-10-13 00:00:00+09:00,611.0725007409715,633.0418183441756,611.0725007409715,627.3460693359375,46400,0.0,0.0
2011-10-14 00:00:00+09:00,623.2777646763773,623.2777646763773,596.4263727255673,597.2400512695312,55300,0.0,0.0
2011-10-17 00:00:00+09:00,609.445272635415,622.4641302618056,603.749522423869,621.6504516601562,38500,0.0,0.0
2011-10-18 00:00:00+09:00,616.7683204620403,616.7683204620403,599.6810714782634,611.0725708007812,17300,0.0,0.0
2011-10-19 00:00:00+09:00,615.954545493239,626.5323646364518,582.593731272337,583.4074096679688,83800,0.0,0.0
2011-10-20 00:00:00+09:00,580.9663744810734,589.103158437391,563.8791281728066,583.4074096679688,47400,0.0,0.0
2011-10-21 00:00:00+09:00,578.5255249023437,589.103347439236,577.7118462456597,585.8486328125,11500,0.0,0.0
2011-10-24 00:00:00+09:00,593.1716027865752,593.1716027865752,576.8980334371493,589.1032104492188,34200,0.0,0.0
2011-10-25 00:00:00+09:00,589.1032104492188,593.9852812540465,576.8980334371493,589.1032104492188,45400,0.0,0.0
2011-10-26 00:00:00+09:00,589.1031542834422,599.6809733520676,571.2022297057686,591.544189453125,36100,0.0,0.0
2011-10-27 00:00:00+09:00,591.5441068323647,600.4945678710938,573.6431847549067,600.4945678710938,71500,0.0,0.0
2011-10-28 00:00:00+09:00,618.3956584524601,618.3956584524601,607.0041594809675,611.88623046875,93100,0.0,0.0
2011-10-31 00:00:00+09:00,607.0040931543374,624.091339744473,586.6621329279857,588.2894897460938,68900,0.0,0.0
2011-11-01 00:00:00+09:00,588.2894897460938,593.9852386094723,574.4569567921745,588.2894897460938,33300,0.0,0.0
2011-11-02 00:00:00+09:00,572.829599471831,582.593740371919,569.5748858384684,577.711669921875,44500,0.0,0.0
2011-11-04 00:00:00+09:00,574.4569614715156,595.6126002792485,566.3201773146952,590.7305297851562,66400,0.0,0.0
2011-11-07 00:00:00+09:00,584.2212547789229,585.0349334067487,568.7613608502328,573.6434326171875,61100,0.0,0.0
2011-11-08 00:00:00+09:00,573.6433695053913,576.0844051203079,545.9782992030036,550.0466918945312,69700,0.0,0.0
2011-11-09 00:00:00+09:00,553.3014669215426,575.2707898728391,550.8604310380651,573.6434326171875,42300,0.0,0.0
2011-11-10 00:00:00+09:00,553.3013779573398,553.3013779573398,537.027808017418,545.978271484375,54100,0.0,0.0
2011-11-11 00:00:00+09:00,545.9782947920053,553.301401577591,534.5867953477608,547.6056518554688,48000,0.0,0.0
2011-11-14 00:00:00+09:00,555.7424416626699,555.7424416626699,541.909906511476,550.0466918945312,18600,0.0,0.0
2011-11-15 00:00:00+09:00,541.0961090220769,561.4380680078692,539.4687523032135,560.6243896484375,43700,0.0,0.0
2011-11-16 00:00:00+09:00,557.3698301824904,557.3698301824904,528.8910797352099,532.95947265625,27600,0.0,0.0
2011-11-17 00:00:00+09:00,528.8909728268543,543.5371843820595,521.5678670492517,540.282470703125,24000,0.0,0.0
2011-11-18 00:00:00+09:00,532.145742165339,540.2825272137386,532.145742165339,537.8414916992188,26900,0.0,0.0
2011-11-21 00:00:00+09:00,541.0961205536028,541.0961205536028,527.2635881484731,536.2140502929688,15400,0.0,0.0
2011-11-22 00:00:00+09:00,535.4004233448776,552.4876708984375,532.9593879800833,552.4876708984375,28100,0.0,0.0
2011-11-24 00:00:00+09:00,544.3509900323277,547.6057044719828,533.7731681034483,542.7236328125,46900,0.0,0.0
2011-11-25 00:00:00+09:00,542.7235296228943,550.8603141749617,531.33203125,531.33203125,40200,0.0,0.0
2011-11-28 00:00:00+09:00,537.0278579576881,553.3014294109513,532.9594650943723,551.674072265625,73500,0.0,0.0
2011-11-29 00:00:00+09:00,563.0654860276442,571.2022705078125,558.1834153395432,571.2022705078125,62200,0.0,0.0
2011-11-30 00:00:00+09:00,572.82958984375,576.0843034224076,563.065449107777,572.82958984375,96400,0.0,0.0
2011-12-01 00:00:00+09:00,573.6433152020988,579.3390644310558,572.8296367408192,576.0843505859375,48600,0.0,0.0
2011-12-02 00:00:00+09:00,578.5253671234518,584.2211161668613,576.0843318191335,576.8980102539062,21600,0.0,0.0
2011-12-05 00:00:00+09:00,576.8981471284907,577.7118257563166,554.1151455493684,573.6434326171875,166000,0.0,0.0
2011-12-06 00:00:00+09:00,573.6433011165504,576.8980148817507,567.9475520274499,568.76123046875,64800,0.0,0.0
2011-12-07 00:00:00+09:00,576.8980614859298,585.8485250632856,567.1339194015418,582.5938110351562,120800,0.0,0.0
2011-12-08 00:00:00+09:00,572.015869140625,580.9663308199235,564.6927641302898,572.015869140625,71600,0.0,0.0
2011-12-09 00:00:00+09:00,569.5748516021862,569.5748516021862,554.114962772984,560.6243896484375,119100,0.0,0.0
2011-12-12 00:00:00+09:00,560.6244271401929,566.3201760371179,558.1833918986536,558.9970703125,92400,0.0,0.0
2011-12-13 00:00:00+09:00,553.3012425622275,563.065382136855,551.6738859664562,559.8106689453125,41800,0.0,0.0
2011-12-14 00:00:00+09:00,555.7423943110875,555.7423943110875,546.7919311523438,546.7919311523438,20100,0.0,0.0
2011-12-15 00:00:00+09:00,539.4687919089322,541.9098271664386,528.0772940405686,529.7046508789062,38200,0.0,0.0
2011-12-16 00:00:00+09:00,536.2141754487868,541.0962468489275,515.0585327148438,515.0585327148438,45600,0.0,0.0
2011-12-19 00:00:00+09:00,517.4994742175254,524.0089015661736,515.0584389617824,519.1268310546875,127200,0.0,0.0
2011-12-20 00:00:00+09:00,519.1267936706543,531.3319690704345,517.4994369506836,520.754150390625,55000,0.0,0.0
2011-12-21 00:00:00+09:00,525.6362679996846,528.0773032999928,520.7541973990683,524.0089111328125,73600,0.0,0.0
2011-12-22 00:00:00+09:00,524.0090082299619,532.95947265625,520.7542938931298,532.95947265625,112700,0.0,0.0
2011-12-26 00:00:00+09:00,541.909906511476,555.7424416626699,541.0962279731706,550.0466918945312,69000,0.0,0.0
2011-12-27 00:00:00+09:00,550.8603139885746,555.7423847181632,546.7919217139175,552.4876708984375,59500,0.0,0.0
2011-12-28 00:00:00+09:00,553.3013779573398,557.3697704423203,543.5372359933867,545.978271484375,63100,0.0,0.0
2011-12-29 00:00:00+09:00,548.4193259168027,548.4193259168027,532.9594339399196,545.1646118164062,60500,0.0,0.0
2011-12-30 00:00:00+09:00,553.3014294109513,553.3014294109513,546.792000829646,551.674072265625,40800,0.0,0.0
2012-01-04 00:00:00+09:00,558.1833123495412,564.6927387326263,554.9285991579987,559.8106689453125,50200,0.0,0.0
2012-01-05 00:00:00+09:00,562.2517463673009,566.3201381644594,560.6243896484375,560.6243896484375,41500,0.0,0.0
2012-01-06 00:00:00+09:00,561.4380818387888,565.5064737361713,553.3012980440237,557.3696899414062,50800,0.0,0.0
2012-01-10 00:00:00+09:00,560.6245072701234,567.9476140414314,558.1834716796875,558.1834716796875,46500,0.0,0.0
2012-01-11 00:00:00+09:00,564.6927626457767,567.1337976428046,561.4380493164062,561.4380493164062,22100,0.0,0.0
2012-01-12 00:00:00+09:00,561.4380818387888,563.8791169772182,553.3012980440237,557.3696899414062,31100,0.0,0.0
2012-01-13 00:00:00+09:00,562.2518401617983,568.7612681231506,562.2518401617983,567.1339111328125,16900,0.0,0.0
2012-01-16 00:00:00+09:00,563.0655146527396,564.6928716315047,552.4876942907661,554.1150512695312,20800,0.0,0.0
2012-01-17 00:00:00+09:00,554.9286969666488,571.2022657926502,554.9286969666488,568.76123046875,23400,0.0,0.0
2012-01-18 00:00:00+09:00,572.015962882384,587.475853771097,563.8791782041139,578.525390625,44000,0.0,0.0
2012-01-19 00:00:00+09:00,585.0346386479397,593.9850990445007,580.1525693407245,580.9662475585938,33100,0.0,0.0
2012-01-20 00:00:00+09:00,580.9663840646072,600.4946658819049,580.9663840646072,588.2894897460938,56600,0.0,0.0
2012-01-23 00:00:00+09:00,599.6809733520676,599.6809733520676,588.289475893548,591.544189453125,28400,0.0,0.0
2012-01-24 00:00:00+09:00,586.6621377067461,590.7305297851562,583.407424044018,590.7305297851562,16700,0.0,0.0
2012-01-25 00:00:00+09:00,592.3578780841572,607.0040893554688,592.3578780841572,607.0040893554688,54500,0.0,0.0
2012-01-26 00:00:00+09:00,607.0041801926185,608.6315372440732,588.289574100889,589.9169311523438,34000,0.0,0.0
2012-01-27 00:00:00+09:00,589.9170028133976,593.1717173116784,576.8981448202744,584.2212524414062,26000,0.0,0.0
2012-01-30 00:00:00+09:00,582.593731272337,598.0536207893404,582.593731272337,583.4074096679688,10900,0.0,0.0
2012-01-31 00:00:00+09:00,582.59382543671,585.848539545295,575.2707186923938,579.339111328125,35800,0.0,0.0
2012-02-01 00:00:00+09:00,579.339110317888,593.9853237809806,579.339110317888,589.9169311523438,25400,0.0,0.0
2012-02-02 00:00:00+09:00,589.9169311523438,610.258894295528,589.9169311523438,589.9169311523438,38800,0.0,0.0
2012-02-03 00:00:00+09:00,597.2399485079277,610.2588029713158,597.2399485079277,607.0040893554688,58500,0.0,0.0
2012-02-06 00:00:00+09:00,607.8178100585938,611.8862023615294,602.1220608344837,607.8178100585938,68600,0.0,0.0
2012-02-07 00:00:00+09:00,613.5135074934636,616.7682210610683,610.2587939258591,612.6998291015625,33000,0.0,0.0
2012-02-08 00:00:00+09:00,610.2588360126201,622.4640127328726,601.3083730844351,613.5135498046875,70800,0.0,0.0
2012-02-09 00:00:00+09:00,616.7682729620682,633.0418421695107,615.140916041324,618.3956298828125,76700,0.0,0.0
2012-02-10 00:00:00+09:00,620.0229438188569,626.5323710505509,607.0040893554688,607.0040893554688,79700,0.0,0.0
2012-02-13 00:00:00+09:00,610.2587616852531,618.3955451743899,609.4450833363395,616.7681884765625,47700,0.0,0.0
2012-02-14 00:00:00+09:00,622.464022184673,624.0913791054173,611.8862021998355,618.3956298828125,33800,0.0,0.0
2012-02-15 00:00:00+09:00,624.0913556169443,637.9238889226654,621.6503203276994,627.3460693359375,47700,0.0,0.0
2012-02-16 00:00:00+09:00,626.5324097485965,634.6691942907861,610.2588406642174,615.95458984375,78000,0.0,0.0
2012-02-17 00:00:00+09:00,625.7188384773195,635.4829816005026,621.6504455093266,629.7872314453125,42200,0.0,0.0
2012-02-20 00:00:00+09:00,635.4827880859375,646.0606065816061,633.8554313942961,635.4827880859375,29500,0.0,0.0
2012-02-21 00:00:00+09:00,635.4828772314329,646.0606972109573,632.2281633915792,639.55126953125,56100,0.0,0.0
2012-02-22 00:00:00+09:00,649.3152940707314,654.1973639509624,636.2964410567819,652.5700073242188,73200,0.0,0.0
2012-02-23 00:00:00+09:00,655.0113104824997,661.5207396549965,645.2471667237543,654.1976318359375,68200,0.0,0.0
2012-02-24 00:00:00+09:00,663.9616778162425,685.9309980381034,661.5206422360357,679.4215698242188,82300,0.0,0.0
2012-02-27 00:00:00+09:00,684.3036257605038,693.2540893554688,680.2352332173378,693.2540893554688,87200,0.0,0.0
2012-02-28 00:00:00+09:00,694.0675834263393,716.8505756138393,691.6265485491072,711.968505859375,108200,0.0,0.0
2012-02-29 00:00:00+09:00,716.036955180921,721.732703688042,676.9803939892345,680.235107421875,110100,0.0,0.0
2012-03-01 00:00:00+09:00,689.1857131995134,694.8814628953771,663.9616788321168,668.84375,94600,0.0,0.0
2012-03-02 00:00:00+09:00,681.0487721034458,692.4402688889276,667.2162402925037,683.4898071289062,56700,0.0,0.0
2012-03-05 00:00:00+09:00,671.2847336478854,689.1856598784958,671.2847336478854,673.7257690429688,41200,0.0,0.0
2012-03-06 00:00:00+09:00,667.2164029548504,672.9121527361723,651.7565106912624,663.1480102539062,60400,0.0,0.0
2012-03-07 00:00:00+09:00,658.2658644456129,672.098398061899,656.6385075495792,666.4026489257812,41700,0.0,0.0
2012-03-08 00:00:00+09:00,666.4026079223054,711.9685982075913,666.4026079223054,686.7445678710938,96800,0.0,0.0
2012-03-09 00:00:00+09:00,698.9497775215634,707.0865618931765,693.2540284614342,703.8318481445312,117400,0.0,0.0
2012-03-12 00:00:00+09:00,705.4590610869943,718.4779134253932,704.6453828158443,712.7821655273438,98400,0.0,0.0
2012-03-13 00:00:00+09:00,720.1052907995276,733.1241435145472,713.5958644420176,722.5463256835938,152400,0.0,0.0
2012-03-14 00:00:00+09:00,734.7516338169175,755.907273328811,726.6148493892662,727.4285278320312,147600,0.0,0.0
2012-03-15 00:00:00+09:00,733.1242908994183,751.0252169813131,729.0558986080786,745.3294677734375,82300,0.0,0.0
2012-03-16 00:00:00+09:00,757.5346011819437,758.3482795935248,732.3105704229316,733.9379272460938,95400,0.0,0.0
2012-03-19 00:00:00+09:00,729.0558567766075,738.0063193039989,713.5959669565678,733.9379272460938,83900,0.0,0.0
2012-03-21 00:00:00+09:00,721.7327975880016,732.3106176202948,701.3908359874379,716.0370483398438,142900,0.0,0.0
2012-03-22 00:00:00+09:00,707.9004476474644,721.7329851302309,701.3910182438095,705.4594116210938,79600,0.0,0.0
2012-03-23 00:00:00+09:00,697.3223794830566,719.2916959895239,695.6950227047997,713.595947265625,80200,0.0,0.0
2012-03-26 00:00:00+09:00,708.7139566538646,713.5960275378177,697.3224579246406,702.2045288085938,95300,0.0,0.0
2012-03-27 00:00:00+09:00,726.614712958486,751.8387399480864,726.614712958486,749.397705078125,157500,0.0,0.0
2012-03-28 00:00:00+09:00,753.4930372712362,758.4071222969181,737.1127538522962,741.2078247070312,70000,6.0,0.0
2012-03-29 00:00:00+09:00,740.3886623008578,754.3119004193475,733.836550245098,751.8548583984375,104100,0.0,0.0
2012-03-30 00:00:00+09:00,752.6738342748044,767.4160856534187,746.9407365164545,755.9498901367188,146200,0.0,0.0
2012-04-02 00:00:00+09:00,760.8639739295902,760.8639739295902,746.121722550976,755.9498901367188,83300,0.0,0.0
2012-04-03 00:00:00+09:00,757.5878968664853,769.8731060048607,755.1308550388102,760.8639526367188,160400,0.0,0.0
2012-04-04 00:00:00+09:00,762.5020202310327,773.14920203877,759.2259642901905,765.778076171875,183000,0.0,0.0
2012-04-05 00:00:00+09:00,751.8550089293421,751.8550089293421,736.2937396813493,741.2078247070312,102400,0.0,0.0
2012-04-06 00:00:00+09:00,735.4747255104022,752.6740231002891,728.1035979718793,741.2078247070312,128300,0.0,0.0
2012-04-09 00:00:00+09:00,733.8367098721591,733.8367098721591,714.1803694291548,720.7324829101562,139600,0.0,0.0
2012-04-10 00:00:00+09:00,721.5513532307025,742.0267037764091,716.6372690997329,725.6464233398438,258500,0.0,0.0
2012-04-11 00:00:00+09:00,714.1801584201389,756.7688834635417,713.3611444769965,737.112548828125,287000,0.0,0.0
2012-04-12 00:00:00+09:00,741.2076569455962,749.3977968013486,727.2844191908171,733.0175170898438,440100,0.0,0.0
2012-04-13 00:00:00+09:00,720.732349080777,727.2844613451476,708.4471385850819,714.1802368164062,284200,0.0,0.0
2012-04-16 00:00:00+09:00,701.8950805664062,710.0852215298415,697.8000100846886,701.8950805664062,191100,0.0,0.0
2012-04-17 00:00:00+09:00,696.1618880779423,706.8090698956049,692.885832134046,700.2569580078125,212400,0.0,0.0
2012-04-18 00:00:00+09:00,710.9041856710621,711.7231997098537,692.8858768176481,708.4471435546875,147300,0.0,0.0
2012-04-19 00:00:00+09:00,699.4380492440039,701.076077462374,683.8767811694886,690.4288940429688,155900,0.0,0.0
2012-04-20 00:00:00+09:00,698.61901391823,724.0084505319055,685.5147885692363,722.3704223632812,198400,0.0,0.0
2012-04-23 00:00:00+09:00,721.5514305471577,746.1218538348021,717.4563599992169,735.4746704101562,331700,0.0,0.0
2012-04-24 00:00:00+09:00,724.0083904544023,738.7506427487227,723.1893764380511,731.3795166015625,133700,0.0,0.0
2012-04-25 00:00:00+09:00,733.836607909039,735.4746360516931,709.2661857692274,715.8182983398438,191500,0.0,0.0
2012-04-26 00:00:00+09:00,704.3519430721508,714.1801097196692,695.3427903119256,696.1618041992188,183000,0.0,0.0
2012-04-27 00:00:00+09:00,696.1619591457807,706.8091420503632,679.7816777541152,688.7908325195312,193800,0.0,0.0
2012-05-01 00:00:00+09:00,690.4289558117206,696.1620550889235,681.4197998046875,681.4197998046875,61700,0.0,0.0
2012-05-02 00:00:00+09:00,689.6097821378875,705.9900619986448,687.9717541518116,703.5330200195312,102400,0.0,0.0
2012-05-07 00:00:00+09:00,680.600543272876,681.4195571636977,664.220265456441,666.6773071289062,105300,0.0,0.0
2012-05-08 00:00:00+09:00,668.3155240009933,677.3246793490459,666.6774957558928,669.9535522460938,77400,0.0,0.0
2012-05-09 00:00:00+09:00,658.487187050734,683.0576044780001,644.5639505086165,676.5054931640625,204700,0.0,0.0
2012-05-10 00:00:00+09:00,685.5147342681885,714.1802249484592,683.8767062293159,707.6281127929688,237500,0.0,0.0
2012-05-11 00:00:00+09:00,707.6282474485995,714.9993750261891,682.2388080146799,687.1528930664062,152400,0.0,0.0
2012-05-14 00:00:00+09:00,687.1528146033194,692.8859131756951,665.8584484773523,668.3154907226562,97800,0.0,0.0
2012-05-15 00:00:00+09:00,656.0302063524349,664.2203462569597,638.8309125529329,652.754150390625,77500,0.0,0.0
2012-05-16 00:00:00+09:00,645.3830108250321,654.3921645294424,629.0027313624678,637.19287109375,95900,0.0,0.0
2012-05-17 00:00:00+09:00,625.7266443972363,656.0301598981496,625.7266443972363,644.56396484375,93700,0.0,0.0
2012-05-18 00:00:00+09:00,625.726728074094,625.726728074094,610.1654612764398,615.8985595703125,104500,0.0,0.0
2012-05-21 00:00:00+09:00,606.0702748138632,633.097733015022,601.1561915045617,610.1653442382812,89000,0.0,0.0
2012-05-22 00:00:00+09:00,629.821676071787,647.02096761601,622.4505511242628,624.9075927734375,74200,0.0,0.0
2012-05-23 00:00:00+09:00,631.4597857682379,635.5548557148542,607.7083800778632,610.9844360351562,127700,0.0,0.0
2012-05-24 00:00:00+09:00,610.9844086182947,619.174548144009,600.3372272348658,612.6224365234375,113300,0.0,0.0
2012-05-25 00:00:00+09:00,613.4415614772488,628.1838152911212,589.6901525548986,606.0704345703125,173300,0.0,0.0
2012-05-28 00:00:00+09:00,600.3371776196781,612.622385892932,593.7850665406093,610.1653442382812,91100,0.0,0.0
2012-05-29 00:00:00+09:00,601.1562799509388,619.1745880693593,597.061209924025,617.5365600585938,95600,0.0,0.0
2012-05-30 00:00:00+09:00,610.1655718075332,619.9937420916814,597.8803589523479,609.3465576171875,83800,0.0,0.0
2012-05-31 00:00:00+09:00,598.6991498499108,615.0794275475828,593.7850665406093,610.1653442382812,124400,0.0,0.0
2012-06-01 00:00:00+09:00,606.0704057481554,611.8035041809081,583.9570260789659,589.6901245117188,85900,0.0,0.0
2012-06-04 00:00:00+09:00,556.9293758161473,570.0335964235861,556.9293758161473,568.3955688476562,115000,0.0,0.0
2012-06-05 00:00:00+09:00,568.3957419530146,585.5950367383365,565.9386998408258,579.8619384765625,79600,0.0,0.0
2012-06-06 00:00:00+09:00,567.5767503601412,602.7943553608426,560.2056237320874,592.9661865234375,104700,0.0,0.0
2012-06-07 00:00:00+09:00,603.613186334104,621.6314904037787,590.5089651925223,601.9751586914062,89100,0.0,0.0
2012-06-08 00:00:00+09:00,601.9753360356906,611.8035047872937,589.6901250961868,598.6992797851562,102300,0.0,0.0
2012-06-11 00:00:00+09:00,606.8893660885399,615.8985199710959,605.2513381098934,610.9844360351562,52500,0.0,0.0
2012-06-12 00:00:00+09:00,611.8034500244795,614.2604919924493,600.3372541739537,610.9844360351562,82400,0.0,0.0
2012-06-13 00:00:00+09:00,609.3464464195345,629.0027834008097,604.4323621742157,606.889404296875,88000,0.0,0.0
2012-06-14 00:00:00+09:00,600.3373468572443,610.9845303622159,600.3373468572443,603.6134033203125,65300,0.0,0.0
2012-06-15 00:00:00+09:00,612.622428363212,622.4505956631566,600.3372192382812,600.3372192382812,91800,0.0,0.0
2012-06-18 00:00:00+09:00,612.6223845275639,629.0026621887287,612.6223845275639,624.9075927734375,47800,0.0,0.0
2012-06-19 00:00:00+09:00,616.7175278162377,629.8217515148564,606.0703460611102,607.7083740234375,44800,0.0,0.0
2012-06-20 00:00:00+09:00,615.0795513334729,619.1746215820312,610.9844810849145,619.1746215820312,43800,0.0,0.0
2012-06-21 00:00:00+09:00,621.6315855720975,624.0886274123034,612.6224321580091,618.3555297851562,48700,0.0,0.0
2012-06-22 00:00:00+09:00,615.8986365927419,639.6500467804939,615.8986365927419,634.7359619140625,102000,0.0,0.0
2012-06-25 00:00:00+09:00,639.6499191245155,651.9351288388148,635.554849219749,640.4689331054688,98500,0.0,0.0
2012-06-26 00:00:00+09:00,640.4688672517475,648.6590062191613,619.1745059364721,622.4505615234375,76800,0.0,0.0
2012-06-27 00:00:00+09:00,625.7267001124213,631.4597981501006,611.8034620209145,617.5365600585938,52400,0.0,0.0
2012-06-28 00:00:00+09:00,625.726756593401,629.8218269899546,616.7176017209829,623.2697143554688,38600,0.0,0.0
2012-06-29 00:00:00+09:00,623.2697899008697,657.668385401312,623.2697899008697,651.1162719726562,114700,0.0,0.0
2012-07-02 00:00:00+09:00,660.1252449261483,660.1252449261483,636.3738403320312,636.3738403320312,70700,0.0,0.0
2012-07-03 00:00:00+09:00,642.9260212101349,665.0394002836044,642.1070071703767,657.6682739257812,93000,0.0,0.0
2012-07-04 00:00:00+09:00,664.220453388242,672.4105946137445,663.4014392656918,669.9535522460938,87600,0.0,0.0
2012-07-05 00:00:00+09:00,669.9534285875058,669.9534285875058,654.3921631313168,660.9442749023438,60800,0.0,0.0
2012-07-06 00:00:00+09:00,660.1253101410944,665.039394335693,648.6591136870306,654.3922119140625,64000,0.0,0.0
2012-07-09 00:00:00+09:00,654.3922952697676,654.3922952697676,643.7451114919116,649.4782104492188,45700,0.0,0.0
2012-07-10 00:00:00+09:00,645.3829937987653,646.2020077502866,626.545672913776,636.3738403320312,49200,0.0,0.0
2012-07-11 00:00:00+09:00,619.9935576786269,628.1836971459799,614.2604600514796,618.3555297851562,49800,0.0,0.0
2012-07-12 00:00:00+09:00,619.1746157382397,624.9077140321123,609.3464472344581,615.8985595703125,66400,0.0,0.0
2012-07-13 00:00:00+09:00,609.3463431430528,627.3646489886808,608.5273292409788,616.7174682617188,40900,0.0,0.0
2012-07-17 00:00:00+09:00,619.1745929028615,619.1745929028615,599.5182566202309,611.803466796875,44000,0.0,0.0
2012-07-18 00:00:00+09:00,603.6134705425942,610.9845984053939,587.2331864030394,597.88037109375,93100,0.0,0.0
2012-07-19 00:00:00+09:00,590.5091939766108,605.2514484725596,585.5951091446279,595.4232788085938,60700,0.0,0.0
2012-07-20 00:00:00+09:00,592.9661223624915,611.8034439292559,592.1471083813279,607.7083740234375,91600,0.0,0.0
2012-07-23 00:00:00+09:00,597.8803302662582,602.7944151725561,586.4141321515627,594.6336669921875,44600,0.0,0.0
2012-07-24 00:00:00+09:00,593.7851889839385,596.2422311452514,586.4140625,586.4140625,43700,0.0,0.0
2012-07-25 00:00:00+09:00,586.4140729333601,593.7851995484442,569.2147774981637,574.9478759765625,52300,0.0,0.0
2012-07-26 00:00:00+09:00,574.9477749528556,589.6900255926724,569.2146774818158,570.03369140625,29200,0.0,0.0
2012-07-27 00:00:00+09:00,598.6993074979638,605.251420302319,593.7852228946973,597.061279296875,21200,0.0,0.0
2012-07-30 00:00:00+09:00,606.0702277981505,608.527269262197,597.0610757633132,601.9751586914062,23800,0.0,0.0
2012-07-31 00:00:00+09:00,597.8803589523479,614.2606427592616,597.8803589523479,609.3465576171875,28400,0.0,0.0
2012-08-01 00:00:00+09:00,609.3463303533977,628.1836497057204,606.0702748138632,610.1653442382812,56400,0.0,0.0
2012-08-02 00:00:00+09:00,609.3464186901326,610.9844466973641,595.4231806286645,600.5656127929688,53800,0.0,0.0
2012-08-03 00:00:00+09:00,591.3280882739748,592.966116219332,568.395697038973,571.6717529296875,46400,0.0,0.0
2012-08-06 00:00:00+09:00,582.3189979553223,596.2422370062934,576.5858995225694,589.6901245117188,35900,0.0,0.0
2012-08-07 00:00:00+09:00,601.9753412910588,603.6133694306263,585.5950598953838,592.9661865234375,49000,0.0,0.0
2012-08-08 00:00:00+09:00,562.6626724168638,563.4816864960732,547.101404911885,551.5428466796875,284800,0.0,0.0
2012-08-09 00:00:00+09:00,550.3774138770401,556.1105119382593,534.8161477108738,552.0154418945312,115700,0.0,0.0
2012-08-10 00:00:00+09:00,551.1964547161616,552.015468764774,524.1689911119515,541.3682861328125,126000,0.0,0.0
2012-08-13 00:00:00+09:00,529.0830746694711,538.9112432391827,526.6260325270432,532.359130859375,136300,0.0,0.0
2012-08-14 00:00:00+09:00,537.2732032466901,546.2823575694242,518.4358805718823,525.8070068359375,157800,0.0,0.0
2012-08-15 00:00:00+09:00,542.1873001814249,545.4633563758746,532.3591315980758,541.3682861328125,68600,0.0,0.0
2012-08-16 00:00:00+09:00,541.3682573938662,546.2823414246728,529.9020613219841,533.9971313476562,96100,0.0,0.0
2012-08-17 00:00:00+09:00,538.911189350329,544.644287109375,535.6351334880169,544.644287109375,113400,0.0,0.0
2012-08-20 00:00:00+09:00,547.1013844730994,548.7394125703242,538.0922299383628,541.3682861328125,69200,0.0,0.0
2012-08-21 00:00:00+09:00,537.273193359375,541.3682634307116,533.1781232880383,537.273193359375,152000,0.0,0.0
2012-08-22 00:00:00+09:00,533.1781173425218,541.3682573938662,524.168963286043,533.9971313476562,184100,0.0,0.0
2012-08-23 00:00:00+09:00,529.0830291748047,533.9971130371094,520.8928894042969,524.1689453125,200800,0.0,0.0
2012-08-24 00:00:00+09:00,524.1689798532958,524.9879938843167,506.1506711708388,509.4267272949219,152900,0.0,0.0
2012-08-27 00:00:00+09:00,509.4267360419984,520.0739186280853,508.60772199691485,514.3408203125,117600,0.0,0.0
2012-08-28 00:00:00+09:00,511.8838223544034,519.2549493963068,511.8838223544034,513.5218505859375,99900,0.0,0.0
2012-08-29 00:00:00+09:00,509.42660855024286,512.7026639106946,500.4174563090006,511.06463623046875,159000,0.0,0.0
2012-08-30 00:00:00+09:00,509.4266875626205,513.5217573983329,501.2365478911957,504.5126037597656,155200,0.0,0.0
2012-08-31 00:00:00+09:00,504.51275891547834,511.0648726676274,504.51275891547834,506.1507873535156,106500,0.0,0.0
2012-09-03 00:00:00+09:00,503.6937004915154,516.7979268457663,502.8746863443747,506.9697570800781,93100,0.0,0.0
2012-09-04 00:00:00+09:00,506.1505710155606,511.0646542293039,492.22733524328794,497.14141845703125,146000,0.0,0.0
2012-09-05 00:00:00+09:00,486.4943530742939,486.4943530742939,466.8380155763426,468.4760437011719,234600,0.0,0.0
2012-09-06 00:00:00+09:00,469.29505420882714,470.11406826503804,454.55280119703156,457.828857421875,142600,0.0,0.0
2012-09-07 00:00:00+09:00,466.0190149579729,471.75211356026784,455.3718318394252,458.64788818359375,215500,0.0,0.0
2012-09-10 00:00:00+09:00,459.46688553429675,468.4760401526163,454.55280119703156,457.828857421875,164600,0.0,0.0
2012-09-11 00:00:00+09:00,458.6478714780859,459.46688553429675,448.81970280355546,457.828857421875,179100,0.0,0.0
2012-09-12 00:00:00+09:00,458.6478678385417,482.39927528018046,458.6478678385417,481.58026123046875,199100,0.0,0.0
2012-09-13 00:00:00+09:00,487.3133085854033,488.1323225494124,475.8471130892762,479.1231689453125,304500,0.0,0.0
2012-09-14 00:00:00+09:00,483.2182433448448,484.85627128838667,470.93303376828095,473.39007568359375,265200,0.0,0.0
2012-09-18 00:00:00+09:00,478.30419628235074,480.76123838654087,468.4760278655901,476.6661682128906,299900,0.0,0.0
2012-09-19 00:00:00+09:00,478.30415498130344,483.2182387653579,473.390071197249,479.1231689453125,194400,0.0,0.0
2012-09-20 00:00:00+09:00,475.84713315292146,477.4851611500055,465.199951171875,465.199951171875,156400,0.0,0.0
2012-09-21 00:00:00+09:00,465.2000008719308,466.83802904401506,458.64788818359375,458.64788818359375,126200,0.0,0.0
2012-09-24 00:00:00+09:00,458.6478714780859,460.2858995905076,446.36266063492286,457.828857421875,141800,0.0,0.0
2012-09-25 00:00:00+09:00,459.46678265840495,468.47593525955017,458.6477687855736,467.65692138671875,175500,0.0,0.0
2012-09-26 00:00:00+09:00,472.6232463449672,475.93409220377606,453.5858826568161,456.896728515625,173300,6.0,0.0
2012-09-27 00:00:00+09:00,456.89674529201517,461.0353027674863,451.93047632144976,457.7244567871094,136700,0.0,0.0
2012-09-28 00:00:00+09:00,457.7244632088716,457.7244632088716,439.51481006132155,444.4810791015625,200200,0.0,0.0
2012-10-01 00:00:00+09:00,445.3088218521898,454.41364906478105,444.4811102874088,453.5859375,179500,0.0,0.0
2012-10-02 00:00:00+09:00,454.4136536796138,455.2413652528007,437.03171064268867,438.6871337890625,216100,0.0,0.0
2012-10-03 00:00:00+09:00,433.72088901534283,440.3425819774091,431.23775415456794,435.3763122558594,191400,0.0,0.0
2012-10-04 00:00:00+09:00,438.6871560355213,451.1028302629417,431.237751499069,442.8257141113281,171100,0.0,0.0
2012-10-05 00:00:00+09:00,444.4810791015625,449.4473481418034,438.68709855461475,444.4810791015625,99000,0.0,0.0
2012-10-09 00:00:00+09:00,443.65340322818395,447.7919610941185,436.2039990695018,438.6871337890625,164800,0.0,0.0
2012-10-10 00:00:00+09:00,430.409936239553,430.409936239553,424.61595632863595,427.0990905761719,131100,0.0,0.0
2012-10-11 00:00:00+09:00,426.2714157104492,438.6870880126953,422.9605697631836,430.40997314453125,182800,0.0,0.0
2012-10-12 00:00:00+09:00,430.41000948607467,437.8594134964106,428.7545863726667,433.7208557128906,109600,0.0,0.0
2012-10-15 00:00:00+09:00,433.7208371269972,446.9642214667528,427.9268564783541,440.342529296875,100800,0.0,0.0
2012-10-16 00:00:00+09:00,441.17029088100537,446.9642721871349,437.0317328051986,442.8257141113281,90300,0.0,0.0
2012-10-17 00:00:00+09:00,451.10286083850235,461.03540089366203,448.6197258247124,451.9305725097656,108700,0.0,0.0
2012-10-18 00:00:00+09:00,452.7581607303104,464.3461209683805,451.10273783915756,459.3798522949219,107200,0.0,0.0
2012-10-19 00:00:00+09:00,463.5184964760342,469.31247768198466,457.7245152700838,465.1739196777344,221700,0.0,0.0
2012-10-22 00:00:00+09:00,459.37987977729784,461.0353027674863,443.65336137050747,457.7244567871094,154800,0.0,0.0
2012-10-23 00:00:00+09:00,460.2076300182482,460.2076300182482,450.27509124087595,453.5859375,195200,0.0,0.0
2012-10-24 00:00:00+09:00,446.1364609329789,455.241286666305,443.65332664207176,446.96417236328125,226800,0.0,0.0
2012-10-25 00:00:00+09:00,446.9641619097462,450.27500755352213,439.51475921125046,449.4472961425781,187400,0.0,0.0
2012-10-26 00:00:00+09:00,456.89673125877806,456.89673125877806,439.5147903956724,441.9979248046875,133800,0.0,0.0
2012-10-29 00:00:00+09:00,446.9642073508844,458.55216828220364,445.30878436069594,457.7244567871094,284100,0.0,0.0
2012-10-30 00:00:00+09:00,461.8630816998259,485.03900694641214,460.2076584679269,479.2450256347656,452300,0.0,0.0
2012-10-31 00:00:00+09:00,475.1063514289382,480.90033132441306,465.173814465267,466.00152587890625,214200,0.0,0.0
2012-11-01 00:00:00+09:00,466.0015717380517,466.0015717380517,451.93047632144976,457.7244567871094,171600,0.0,0.0
2012-11-02 00:00:00+09:00,461.0352771341169,473.4509488702241,460.20756568504305,468.48468017578125,111100,0.0,0.0
2012-11-05 00:00:00+09:00,469.31240365479397,470.9678265953753,455.2413086598531,458.5521545410156,76900,0.0,0.0
2012-11-06 00:00:00+09:00,458.55211758700284,458.55211758700284,446.1364465332031,455.24127197265625,126900,0.0,0.0
2012-11-07 00:00:00+09:00,449.4474374959757,456.06913086608216,447.7920141534491,451.9305725097656,94300,0.0,0.0
2012-11-08 00:00:00+09:00,441.1703098762665,456.8968312414617,436.204039971468,454.4136962890625,139100,0.0,0.0
2012-11-09 00:00:00+09:00,446.1364489349307,446.1364489349307,431.2376435901649,432.89306640625,141900,0.0,0.0
2012-11-12 00:00:00+09:00,432.89310760498046,437.0316650390625,425.44370422363284,430.40997314453125,146200,0.0,0.0
2012-11-13 00:00:00+09:00,436.2039984848229,437.85942162897777,423.7883249036609,429.5823059082031,171300,0.0,0.0
2012-11-14 00:00:00+09:00,432.89310452376554,432.89310452376554,423.78827823359075,428.7545471191406,142600,0.0,0.0
2012-11-15 00:00:00+09:00,425.4437013080129,446.9641998177567,425.4437013080129,445.30877685546875,130700,0.0,0.0
2012-11-16 00:00:00+09:00,446.96424498175185,459.37991845346716,430.4100136861314,453.5859375,124700,0.0,0.0
2012-11-19 00:00:00+09:00,461.86299598408254,476.7618023061497,460.2075730594084,464.34613037109375,148300,0.0,0.0
2012-11-20 00:00:00+09:00,467.6569807142127,470.1401151250846,451.1027513083999,458.5521545410156,139700,0.0,0.0
2012-11-21 00:00:00+09:00,458.55211758700284,463.5183860085227,450.27500355113636,455.24127197265625,182600,0.0,0.0
2012-11-22 00:00:00+09:00,458.5521397151,469.3123884809778,456.0690053845128,466.8292541503906,168100,0.0,0.0
2012-11-26 00:00:00+09:00,475.9340628425775,480.90033132441306,463.5183916379885,466.00152587890625,262400,0.0,0.0
2012-11-27 00:00:00+09:00,468.4847419513987,479.24499220823293,457.72449169456445,477.5895690917969,262600,0.0,0.0
2012-11-28 00:00:00+09:00,472.62321144797585,472.62321144797585,452.7581377618963,455.24127197265625,185300,0.0,0.0
2012-11-29 00:00:00+09:00,455.24127750159585,469.31237153346336,455.24127750159585,466.00152587890625,170000,0.0,0.0
2012-11-30 00:00:00+09:00,466.00155329576785,473.45095645680146,451.1027469737007,464.34613037109375,155800,0.0,0.0
2012-12-03 00:00:00+09:00,460.2076003291313,468.4847154429646,459.37988881774794,462.69073486328125,103000,0.0,0.0
2012-12-04 00:00:00+09:00,462.6906969327453,467.65696559391967,460.2075626021581,466.8292541503906,136000,0.0,0.0
2012-12-05 00:00:00+09:00,459.37986159707134,468.48468768277905,457.72443867239724,464.34613037109375,128300,0.0,0.0
2012-12-06 00:00:00+09:00,466.8292995545922,476.7618378429878,466.8292995545922,475.1064147949219,194000,0.0,0.0
2012-12-07 00:00:00+09:00,475.93408395812776,486.6943328128333,472.6232381566799,485.0389099121094,248500,0.0,0.0
2012-12-10 00:00:00+09:00,494.14378701486896,494.14378701486896,483.383537046371,487.5220947265625,189700,0.0,0.0
2012-12-11 00:00:00+09:00,487.5220906999376,487.5220906999376,468.4847255282932,476.7618408203125,188200,0.0,0.0
2012-12-12 00:00:00+09:00,478.4172393798828,483.3835083007813,477.5895278930664,480.0726623535156,174400,0.0,0.0
2012-12-13 00:00:00+09:00,485.0389542017228,491.6606464092548,480.9003965720152,484.21124267578125,217600,0.0,0.0
2012-12-14 00:00:00+09:00,484.21120596014083,485.0389174233205,475.9340913283435,480.9003601074219,419600,0.0,0.0
2012-12-17 00:00:00+09:00,490.00516500101463,521.4581992409446,486.6943192915483,509.8702392578125,882600,0.0,0.0
2012-12-18 00:00:00+09:00,513.1812190542797,518.1474889160953,505.7318142615563,507.3872375488281,280700,0.0,0.0
2012-12-19 00:00:00+09:00,513.1811359462454,554.5667114257812,513.1811359462454,554.5667114257812,583500,0.0,0.0
2012-12-20 00:00:00+09:00,554.5667114257812,558.7052689737349,538.8401927435576,554.5667114257812,435200,0.0,0.0
2012-12-21 00:00:00+09:00,560.3606312531025,562.0160540928458,546.2895371152846,547.1172485351562,261800,0.0,0.0
2012-12-25 00:00:00+09:00,547.9448644080529,553.738843336839,533.8737727238582,538.0123291015625,243300,0.0,0.0
2012-12-26 00:00:00+09:00,540.4955768815006,552.9112486322242,537.1847310813076,549.6004028320312,205300,0.0,0.0
2012-12-27 00:00:00+09:00,556.2221404395401,562.0161210691186,552.9112943654952,557.8775634765625,210900,0.0,0.0
2012-12-28 00:00:00+09:00,559.532924311402,567.8100385763635,554.5666557524249,565.326904296875,225400,0.0,0.0
2013-01-04 00:00:00+09:00,574.431640798642,590.9858667582571,572.7762182026805,581.8810424804688,183800,0.0,0.0
2013-01-07 00:00:00+09:00,587.6751726398114,588.5028841505717,573.6040769568864,580.2257690429688,243300,0.0,0.0
2013-01-08 00:00:00+09:00,576.9149797685869,577.7426913607944,549.6004972257414,551.2559204101562,184800,0.0,0.0
2013-01-09 00:00:00+09:00,547.9450193490555,557.8775574641442,538.8401927435576,554.5667114257812,190000,0.0,0.0
2013-01-10 00:00:00+09:00,558.7051391601562,566.154541015625,554.5665825737848,558.7051391601562,196500,0.0,0.0
2013-01-11 00:00:00+09:00,565.3269378884866,570.2932067425581,559.5329575587364,566.9823608398438,179900,0.0,0.0
2013-01-15 00:00:00+09:00,575.2595524342134,587.6752262277575,575.2595524342134,584.3643798828125,298000,0.0,0.0
2013-01-16 00:00:00+09:00,584.3643548474341,585.1920663982095,547.9450466133163,552.9113159179688,317300,0.0,0.0
2013-01-17 00:00:00+09:00,553.7389398941294,557.049785573616,539.6678457563114,547.1172485351562,257900,0.0,0.0
2013-01-18 00:00:00+09:00,563.6714200731734,587.675048828125,562.0159974004181,587.675048828125,313200,0.0,0.0
2013-01-21 00:00:00+09:00,590.1583470367475,591.8137701700904,571.120981003304,585.1920776367188,151900,0.0,0.0
2013-01-22 00:00:00+09:00,585.1921249701052,585.1921249701052,561.1884875950939,567.8101806640625,238100,0.0,0.0
2013-01-23 00:00:00+09:00,557.049785573616,562.0160540928458,546.2895371152846,547.1172485351562,200900,0.0,0.0
2013-01-24 00:00:00+09:00,542.1510657578885,556.2221621210704,538.0125080040116,552.9113159179688,201500,0.0,0.0
2013-01-25 00:00:00+09:00,564.499267578125,571.1209598664315,557.8775752898185,564.499267578125,135900,0.0,0.0
2013-01-28 00:00:00+09:00,566.1546805245536,568.6378150882578,549.600450099859,550.4281616210938,248400,0.0,0.0
2013-01-29 00:00:00+09:00,546.2896508569116,562.8438827010605,545.4619392647041,551.2559204101562,118300,0.0,0.0
2013-01-30 00:00:00+09:00,547.945062608342,551.2559089080903,537.1848121341601,544.6342163085938,323100,0.0,0.0
2013-01-31 00:00:00+09:00,545.4618983703522,556.2221482623319,545.4618983703522,553.739013671875,149700,0.0,0.0
2013-02-01 00:00:00+09:00,554.5667610283705,557.0498957792438,546.2896451921262,547.945068359375,168300,0.0,0.0
2013-02-04 00:00:00+09:00,553.7390274687442,556.2221621210704,548.7727581640918,552.9113159179688,191700,0.0,0.0
2013-02-05 00:00:00+09:00,546.2895371152846,556.2220741537443,545.4618256954129,547.1172485351562,174500,0.0,0.0
2013-02-06 00:00:00+09:00,553.7390940529959,564.4993455069406,553.7390940529959,556.2222290039062,238200,0.0,0.0
2013-02-07 00:00:00+09:00,554.5667759239251,586.0198169464761,554.5667759239251,583.5366821289062,448800,0.0,0.0
2013-02-08 00:00:00+09:00,616.6449941315266,674.5847922378445,604.2293231087441,666.3076782226562,1305800,0.0,0.0
2013-02-12 00:00:00+09:00,671.2742246536524,687.0007477959698,645.6151605793451,657.203125,586900,0.0,0.0
2013-02-13 00:00:00+09:00,651.4089370374508,658.0306289006015,638.9932647940432,643.9595336914062,290000,0.0,0.0
2013-02-14 00:00:00+09:00,645.6150020076539,662.169232828363,644.7872904666184,652.2366943359375,276600,0.0,0.0
2013-02-15 00:00:00+09:00,669.618595991598,674.5848649359115,638.9932708349984,647.2703857421875,366700,0.0,0.0
2013-02-18 00:00:00+09:00,677.8957046471481,691.1390883765185,671.2740127824629,677.0679931640625,328200,0.0,0.0
2013-02-19 00:00:00+09:00,662.169189453125,668.7908813476563,654.7197860717773,662.169189453125,267500,0.0,0.0
2013-02-20 00:00:00+09:00,659.6860419782532,697.7607696206618,659.6860419782532,696.1053466796875,422700,0.0,0.0
2013-02-21 00:00:00+09:00,708.5211514559659,716.7982677112926,682.8620910644531,691.9669189453125,537900,0.0,0.0
2013-02-22 00:00:00+09:00,691.1391068424086,691.9668183476092,668.7908962019955,687.0005493164062,239000,0.0,0.0
2013-02-25 00:00:00+09:00,698.5886314855856,706.0380363237019,689.4838033501098,694.4500732421875,210400,0.0,0.0
2013-02-26 00:00:00+09:00,687.0005848399055,687.8282963879053,673.7572000719073,681.2066040039062,222100,0.0,0.0
2013-02-27 00:00:00+09:00,676.2403229695888,685.3451498394364,670.4463422342312,674.5848999023438,257100,0.0,0.0
2013-02-28 00:00:00+09:00,687.0006113544875,716.7982282325136,678.7234955550359,705.2102661132812,488400,0.0,0.0
2013-03-01 00:00:00+09:00,703.5547561194064,705.2101790749815,688.6559495192307,699.4161987304688,219800,0.0,0.0
2013-03-04 00:00:00+09:00,703.5548561013363,705.210279292163,678.7235082389362,686.1729125976562,302400,0.0,0.0
2013-03-05 00:00:00+09:00,682.0342726656063,697.760791088721,682.0342726656063,691.1390991210938,250000,0.0,0.0
2013-03-06 00:00:00+09:00,699.416343134265,701.8994780803039,688.6560917014302,694.4500732421875,164200,0.0,0.0
2013-03-07 00:00:00+09:00,699.4162640462043,704.3825333767098,682.0343213894347,684.5174560546875,274100,0.0,0.0
2013-03-08 00:00:00+09:00,685.3450500703952,705.2101239854792,685.3450500703952,702.7269897460938,325600,0.0,0.0
2013-03-11 00:00:00+09:00,727.5584797804635,740.8018650779462,712.6596713207953,723.419921875,526500,0.0,0.0
2013-03-12 00:00:00+09:00,723.4198474632765,724.24755895923,691.1390991210938,691.1390991210938,447300,0.0,0.0
2013-03-13 00:00:00+09:00,691.9669080307905,713.487409955193,690.3114848058364,703.5548706054688,224100,0.0,0.0
2013-03-14 00:00:00+09:00,711.0040558868984,711.0040558868984,693.6221173844248,701.8992309570312,206400,0.0,0.0
2013-03-15 00:00:00+09:00,714.3149824985238,715.1426939498547,699.4161763745685,711.8318481445312,270000,0.0,0.0
2013-03-18 00:00:00+09:00,707.693363312752,707.693363312752,691.9668441280243,692.7945556640625,142600,0.0,0.0
2013-03-19 00:00:00+09:00,696.1053664944184,704.382481434899,694.4499435063223,698.5885009765625,126700,0.0,0.0
2013-03-21 00:00:00+09:00,701.8993107285611,722.5920970118324,701.8993107285611,711.8318481445312,236200,0.0,0.0
2013-03-22 00:00:00+09:00,711.8318848813315,714.3150193634757,698.5885009765625,698.5885009765625,140100,0.0,0.0
2013-03-25 00:00:00+09:00,709.3487722902139,715.1427529273568,692.7945418983769,693.6222534179688,144800,0.0,0.0
2013-03-26 00:00:00+09:00,706.037890552769,709.3487364639192,697.7607757748937,699.4161987304688,235400,0.0,0.0
2013-03-27 00:00:00+09:00,701.9200701847254,716.9433297130548,699.4161935966705,714.439453125,124300,7.0,0.0
2013-03-28 00:00:00+09:00,711.1009849412907,711.9356105104706,694.4084735576922,705.2586059570312,129200,0.0,0.0
2013-03-29 00:00:00+09:00,704.4240134154982,708.5971414570593,692.7392548991273,699.416259765625,128100,0.0,0.0
2013-04-01 00:00:00+09:00,697.7470906575521,697.7470906575521,659.3543081572561,661.0235595703125,213900,0.0,0.0
2013-04-02 00:00:00+09:00,661.0235905894438,667.7005965549937,643.4964499298752,660.18896484375,214000,0.0,0.0
2013-04-03 00:00:00+09:00,660.1889608714995,670.2044697595627,653.511954946124,666.865966796875,129500,0.0,0.0
2013-04-04 00:00:00+09:00,658.5194986673226,666.0311279296875,638.4884873010162,666.0311279296875,270200,0.0,0.0
2013-04-05 00:00:00+09:00,688.5662012597171,700.2509610386699,667.7005587973015,672.7083129882812,263600,0.0,0.0
2013-04-08 00:00:00+09:00,672.7082460129637,693.5738863979813,671.8736203975631,686.062255859375,295700,0.0,0.0
2013-04-09 00:00:00+09:00,686.8968492574819,701.085484053809,676.046716766173,690.2353515625,238900,0.0,0.0
2013-04-10 00:00:00+09:00,683.5583835177952,683.5583835177952,670.2043735833815,676.0467529296875,365800,0.0,0.0
2013-04-11 00:00:00+09:00,681.8891002688788,756.1707770423551,681.8891002688788,754.5015258789062,1016500,0.0,0.0
2013-04-12 00:00:00+09:00,741.9822162496632,751.1630985654633,718.6126976276266,726.1243286132812,295400,0.0,0.0
2013-04-15 00:00:00+09:00,738.6435923021894,738.6435923021894,712.7702009334121,717.7779541015625,266800,0.0,0.0
2013-04-16 00:00:00+09:00,706.0932646321227,709.4317670653714,695.243131724064,699.416259765625,289900,0.0,0.0
2013-04-17 00:00:00+09:00,708.5971648350896,721.1165493728121,701.9201597483044,715.274169921875,186800,0.0,0.0
2013-04-18 00:00:00+09:00,710.2662665169194,721.116397497789,702.7546373763174,707.7623901367188,181000,0.0,0.0
2013-04-19 00:00:00+09:00,709.4317619789374,722.785771616188,707.762510774281,711.1010131835938,260100,0.0,0.0
2013-04-22 00:00:00+09:00,717.7779535351109,734.4704640824391,713.6048258982789,719.4472045898438,292200,0.0,0.0
2013-04-23 00:00:00+09:00,715.274049357718,719.4471768335507,707.7624199012192,710.2662963867188,271300,0.0,0.0
2013-04-24 00:00:00+09:00,719.4472001408119,734.4704595405041,715.2740725297863,732.8012084960938,221200,0.0,0.0
2013-04-25 00:00:00+09:00,734.4705493965884,746.989933761303,726.9589187777597,736.9744262695312,219300,0.0,0.0
2013-04-26 00:00:00+09:00,738.6436233786341,742.8167511943326,718.6126098632812,718.6126098632812,164800,0.0,0.0
2013-04-30 00:00:00+09:00,731.1321988267964,746.1554631862512,731.1321988267964,736.1399536132812,219000,0.0,0.0
2013-05-01 00:00:00+09:00,736.1398365941541,738.6437135893723,721.1165746228448,726.1243286132812,129800,0.0,0.0
2013-05-02 00:00:00+09:00,717.7780719625539,735.3052109290813,716.1088206324084,726.1243286132812,92000,0.0,0.0
2013-05-07 00:00:00+09:00,738.6436964336194,766.1863427413138,733.6359425594932,761.1785888671875,305400,0.0,0.0
2013-05-08 00:00:00+09:00,754.5014600774472,782.0441018723097,754.5014600774472,769.5247192382812,175700,0.0,0.0
2013-05-09 00:00:00+09:00,780.3750374835471,792.8944231116253,765.3517747298531,767.8556518554688,137500,0.0,0.0
2013-05-10 00:00:00+09:00,774.5324712304266,788.7211048628806,767.8554671680954,772.8632202148438,166800,0.0,0.0
2013-05-13 00:00:00+09:00,772.863249257351,787.0518834229827,772.863249257351,777.036376953125,155400,0.0,0.0
2013-05-14 00:00:00+09:00,788.7211790872276,824.6100792996623,785.3826767418849,818.7677001953125,256100,0.0,0.0
2013-05-15 00:00:00+09:00,819.6023371126679,831.2870954829096,790.3904411870636,792.0596923828125,159200,0.0,0.0
2013-05-16 00:00:00+09:00,795.398170389155,804.5790516843078,760.3438963531166,776.2017822265625,176400,0.0,0.0
2013-05-17 00:00:00+09:00,777.0363757781166,787.0518822328291,766.1862437855114,780.3748779296875,182400,0.0,0.0
2013-05-20 00:00:00+09:00,805.4138493834689,813.7601068900334,790.390585871653,804.5792236328125,192800,0.0,0.0
2013-05-21 00:00:00+09:00,792.0595725875058,802.9097037188415,776.2016886263228,783.7133178710938,199100,0.0,0.0
2013-05-22 00:00:00+09:00,800.405948779108,908.9072765593833,800.405948779108,863.0028686523438,983400,0.0,0.0
2013-05-23 00:00:00+09:00,787.8866011056286,802.9098625673885,711.1010425233004,713.6049194335938,1444200,0.0,0.0
2013-05-24 00:00:00+09:00,726.1243809880438,758.6747842737146,711.1011179331186,741.1476440429688,766600,0.0,0.0
2013-05-27 00:00:00+09:00,717.7780269309519,719.4472781563727,691.0700073242188,691.0700073242188,314100,0.0,0.0
2013-05-28 00:00:00+09:00,681.0544963827566,705.2586390238104,677.7159939495077,699.416259765625,204700,0.0,0.0
2013-05-29 00:00:00+09:00,707.7625455187277,716.1088019517316,688.5661557228188,701.920166015625,215800,0.0,0.0
2013-05-30 00:00:00+09:00,680.2199064048498,705.2586759657645,669.3697729284535,686.8969116210938,310200,0.0,0.0
2013-05-31 00:00:00+09:00,692.7392911853071,708.5971785738865,676.8814037967278,686.8969116210938,139700,0.0,0.0
2013-06-03 00:00:00+09:00,684.3929561995484,684.3929561995484,651.007933945912,652.6771850585938,143100,0.0,0.0
2013-06-04 00:00:00+09:00,652.6773292054521,666.865966796875,636.8194401326854,666.865966796875,142800,0.0,0.0
2013-06-05 00:00:00+09:00,671.8736422466548,686.8969038124184,639.3232421875,639.3232421875,321500,0.0,0.0
2013-06-06 00:00:00+09:00,623.4652721461506,646.0001615008307,610.9458891713282,620.1267700195312,262700,0.0,0.0
2013-06-07 00:00:00+09:00,607.6073618514762,617.622867816061,587.5763499223067,604.2688598632812,222700,0.0,0.0
2013-06-10 00:00:00+09:00,648.5040572768892,657.6849383966393,635.9846739317755,652.6771850585938,133200,0.0,0.0
2013-06-11 00:00:00+09:00,646.8348118647232,657.6849441927766,626.8037983360091,637.6539306640625,196300,0.0,0.0
2013-06-12 00:00:00+09:00,638.4886439867502,652.6772805197891,626.8038844889534,645.1656494140625,159500,0.0,0.0
2013-06-13 00:00:00+09:00,632.6461779176407,650.1733147728787,620.1267944496135,635.9846801757812,290300,0.0,0.0
2013-06-14 00:00:00+09:00,659.3542643229166,667.7005208333333,623.465361328125,625.96923828125,383400,0.0,0.0
2013-06-17 00:00:00+09:00,628.4730415440813,659.3541870117188,615.9536582463904,659.3541870117188,121400,0.0,0.0
2013-06-18 00:00:00+09:00,659.3541307325487,665.1965091061282,637.6538682021104,642.66162109375,95000,0.0,0.0
2013-06-19 00:00:00+09:00,655.1810574172131,673.542819535912,651.0079296629633,664.3619384765625,129300,0.0,0.0
2013-06-20 00:00:00+09:00,658.5196761138386,674.3775643852745,644.3310392393959,672.7083129882812,173800,0.0,0.0
2013-06-21 00:00:00+09:00,651.0080362463112,689.4008178710938,637.6540252463869,689.4008178710938,478200,0.0,0.0
2013-06-24 00:00:00+09:00,690.235329284668,696.9123336791992,665.1965628051757,667.700439453125,102200,0.0,0.0
2013-06-25 00:00:00+09:00,667.7005985943456,673.5429788320462,643.4964518953005,656.8504638671875,116300,0.0,0.0
2013-06-26 00:00:00+09:00,666.8656970659891,668.5349478721619,638.4884333610535,640.9923095703125,47600,0.0,0.0
2013-06-27 00:00:00+09:00,646.0002968528054,662.6928109833689,634.315536961411,661.0235595703125,86600,0.0,0.0
2013-06-28 00:00:00+09:00,677.7160294487584,687.7315372731242,670.2043985804839,686.8969116210938,182000,0.0,0.0
2013-07-01 00:00:00+09:00,691.9046949335795,691.9046949335795,671.873678433693,689.4008178710938,85700,0.0,0.0
2013-07-02 00:00:00+09:00,691.9045742127954,691.9045742127954,671.8735612078411,684.3929443359375,151000,0.0,0.0
2013-07-03 00:00:00+09:00,681.8890647796263,696.9123244687735,681.8890647796263,692.7391967773438,110900,0.0,0.0
2013-07-04 00:00:00+09:00,684.3929785880524,686.0622297553404,671.0389692497489,675.2120971679688,95800,0.0,0.0
2013-07-05 00:00:00+09:00,679.3852509361693,686.062255859375,678.5506253207686,686.062255859375,60500,0.0,0.0
2013-07-08 00:00:00+09:00,688.5662003318862,696.0778316082341,674.3775634765625,674.3775634765625,78300,0.0,0.0
2013-07-09 00:00:00+09:00,685.2275401083901,686.8967911196164,675.2120340410324,681.8890380859375,140700,0.0,0.0
2013-07-10 00:00:00+09:00,684.3929765385353,688.566104444258,674.3774695648007,680.2198486328125,162500,0.0,0.0
2013-07-11 00:00:00+09:00,680.2198486328125,683.5583509573908,671.873592821367,680.2198486328125,136700,0.0,0.0
2013-07-12 00:00:00+09:00,680.2198499874769,686.0622290671239,672.7082197422163,676.88134765625,205300,0.0,0.0
2013-07-16 00:00:00+09:00,674.3773790214219,692.7391393413121,674.3773790214219,679.3851318359375,162900,0.0,0.0
2013-07-17 00:00:00+09:00,676.0466295130112,687.7313860724954,676.0466295130112,681.0543823242188,122800,0.0,0.0
2013-07-18 00:00:00+09:00,683.5583211964574,684.3929467412639,668.5350613899419,677.7159423828125,1493000,0.0,0.0
2013-07-19 00:00:00+09:00,679.3853867384288,682.7238898673646,657.6851164003463,662.69287109375,282400,0.0,0.0
2013-07-22 00:00:00+09:00,670.2042512332691,681.0543823242188,668.5350002962,681.0543823242188,126300,0.0,0.0
2013-07-23 00:00:00+09:00,671.873560044372,690.2353219337833,671.873560044372,687.7314453125,123500,0.0,0.0
2013-07-24 00:00:00+09:00,687.7314788631135,687.7314788631135,675.2120951459451,680.2198486328125,84300,0.0,0.0
2013-07-25 00:00:00+09:00,680.2198506698326,683.5583530044084,671.0389692497489,675.2120971679688,113900,0.0,0.0
2013-07-26 00:00:00+09:00,666.8657562022901,671.8735090648855,653.5117485687023,656.015625,157000,0.0,0.0
2013-07-29 00:00:00+09:00,643.4962186422814,646.000094979411,630.9768369566339,631.8114624023438,106700,0.0,0.0
2013-07-30 00:00:00+09:00,626.8038238171905,650.1733405507209,626.8038238171905,648.5040893554688,76400,0.0,0.0
2013-07-31 00:00:00+09:00,648.5040299827486,655.1810341524553,630.976894037269,643.4962768554688,155500,0.0,0.0
2013-08-01 00:00:00+09:00,643.4963937810554,655.1811532012043,628.4731316694355,653.5119018554688,50800,0.0,0.0
2013-08-02 00:00:00+09:00,666.8659599651417,678.5507202148438,657.6850769118042,678.5507202148438,75400,0.0,0.0
2013-08-05 00:00:00+09:00,661.8579469878098,663.527197799885,624.2998037161182,629.3075561523438,649000,0.0,0.0
2013-08-06 00:00:00+09:00,623.4651783100805,632.6460577764941,611.7804226255544,629.3075561523438,352600,0.0,0.0
2013-08-07 00:00:00+09:00,616.7882690429688,625.9691499082903,615.9536435097577,616.7882690429688,129900,0.0,0.0
2013-08-08 00:00:00+09:00,619.2921772832456,630.1423097693402,609.2766703730044,614.284423828125,185100,0.0,0.0
2013-08-09 00:00:00+09:00,610.9459195612576,625.1345543051666,610.1112939880865,619.2921752929688,173700,0.0,0.0
2013-08-12 00:00:00+09:00,619.2922346917937,625.1346142643579,611.7806038127828,622.6307373046875,118600,0.0,0.0
2013-08-13 00:00:00+09:00,624.2999235369599,633.4808047654446,615.1190423084752,632.6461791992188,156300,0.0,0.0
2013-08-14 00:00:00+09:00,636.8192754637709,641.8270286128962,622.6306415412491,635.1500244140625,222300,0.0,0.0
2013-08-15 00:00:00+09:00,628.4730559318297,639.3231883715558,620.1268002089633,620.96142578125,117800,0.0,0.0
2013-08-16 00:00:00+09:00,619.2921188101584,619.2921188101584,604.2688598632812,604.2688598632812,147500,0.0,0.0
2013-08-19 00:00:00+09:00,601.7650408419992,615.9536756468729,601.7650408419992,612.6151733398438,110700,0.0,0.0
2013-08-20 00:00:00+09:00,604.2688308354036,610.1112090340885,598.4264526367188,598.4264526367188,75500,0.0,0.0
2013-08-21 00:00:00+09:00,598.4265411629165,613.449801610521,597.5919155824939,605.9381713867188,88200,0.0,0.0
2013-08-22 00:00:00+09:00,600.930419921875,605.938173421224,594.2534152560764,600.930419921875,94200,0.0,0.0
2013-08-23 00:00:00+09:00,607.6075120500599,620.9615233039074,602.599757829867,610.1113891601562,122800,0.0,0.0
2013-08-26 00:00:00+09:00,610.1113382542387,610.9459638879654,588.4110717773438,588.4110717773438,226200,0.0,0.0
2013-08-27 00:00:00+09:00,589.2455143067101,595.0878919273149,585.9070128092217,586.7416381835938,119000,0.0,0.0
2013-08-28 00:00:00+09:00,580.0647884675826,585.0725420370869,569.2146557336566,580.8994140625,123600,0.0,0.0
2013-08-29 00:00:00+09:00,580.8992930536685,588.4109218431556,572.5530388431273,575.8915405273438,125800,0.0,0.0
2013-08-30 00:00:00+09:00,576.726284702846,592.584170968192,576.726284702846,584.2379150390625,159300,0.0,0.0
2013-09-02 00:00:00+09:00,584.237975204772,592.5842319934117,582.5687238470441,585.9072265625,101800,0.0,0.0
2013-09-03 00:00:00+09:00,590.9149410695044,609.2767047750539,590.9149410695044,605.1035766601562,167200,0.0,0.0
2013-09-04 00:00:00+09:00,602.5996407839122,602.5996407839122,588.4110065826289,600.0957641601562,116600,0.0,0.0
2013-09-05 00:00:00+09:00,600.930419921875,609.2766757541233,600.0957943386502,600.930419921875,108000,0.0,0.0
2013-09-06 00:00:00+09:00,601.7650152426602,605.103517407668,593.4187598301406,600.0957641601562,86400,0.0,0.0
2013-09-09 00:00:00+09:00,630.1423090906324,630.1423090906324,609.2766697167704,615.9536743164062,107000,0.0,0.0
2013-09-10 00:00:00+09:00,620.1268008661399,625.1345543051666,615.9536730002843,619.2921752929688,145600,0.0,0.0
2013-09-11 00:00:00+09:00,623.46533203125,627.6384600903614,618.4575783603162,623.46533203125,85900,0.0,0.0
2013-09-12 00:00:00+09:00,625.1345543051666,625.9691798783377,610.1112939880865,619.2921752929688,126900,0.0,0.0
2013-09-13 00:00:00+09:00,608.4420171892463,616.7882725690713,600.9303873474037,606.7727661132812,245900,0.0,0.0
2013-09-17 00:00:00+09:00,606.7727632147324,617.622895156674,605.1035121467414,615.1190185546875,45000,0.0,0.0
2013-09-18 00:00:00+09:00,618.4575517073921,629.3076841934867,612.6151726764181,614.284423828125,121500,0.0,0.0
2013-09-19 00:00:00+09:00,615.1190429364563,630.9769287109375,615.1190429364563,630.9769287109375,62000,0.0,0.0
2013-09-20 00:00:00+09:00,630.1423657194097,630.1423657194097,616.788355320058,627.6384887695312,215000,0.0,0.0
2013-09-24 00:00:00+09:00,623.4653327685875,629.307712058253,619.2922047045406,621.7960815429688,88100,0.0,0.0
2013-09-25 00:00:00+09:00,630.9769625376506,632.6462137612951,617.622952748494,623.46533203125,110600,0.0,0.0
2013-09-26 00:00:00+09:00,619.6765556745631,627.2541222521054,607.0472780453262,626.4121704101562,104300,6.5,0.0
2013-09-27 00:00:00+09:00,628.0959577749896,638.1993780072952,628.0959577749896,635.6735229492188,115500,0.0,0.0
2013-09-30 00:00:00+09:00,627.2539848420804,627.2539848420804,618.8344682670189,620.5183715820312,84400,0.0,0.0
2013-10-01 00:00:00+09:00,620.5184608190687,627.2540750477694,618.8345572618933,621.3604125976562,91200,0.0,0.0
2013-10-02 00:00:00+09:00,621.3604553222656,622.2024071587456,602.8375149197049,606.205322265625,138000,0.0,0.0
2013-10-03 00:00:00+09:00,606.2052073146336,606.2052073146336,590.208125454942,591.8920288085938,155900,0.0,0.0
2013-10-04 00:00:00+09:00,591.0501662167636,599.4696842540394,589.3662626093085,592.7340698242188,84100,0.0,0.0
2013-10-07 00:00:00+09:00,592.7339164402174,595.2597711977752,577.578787894871,580.9465942382812,114700,0.0,0.0
2013-10-08 00:00:00+09:00,581.7886543712397,587.6823165718166,576.7369439136023,585.9984130859375,146200,0.0,0.0
2013-10-09 00:00:00+09:00,581.7887870745951,603.6795373842036,580.9468351396102,602.8375854492188,82700,0.0,0.0
2013-10-10 00:00:00+09:00,604.5213441454674,612.9408614733987,598.6276820159155,611.2569580078125,103100,0.0,0.0
2013-10-11 00:00:00+09:00,612.9409086300376,622.2023784032937,612.0989568324688,616.3087158203125,117600,0.0,0.0
2013-10-15 00:00:00+09:00,618.8345526617926,623.8862632957664,617.1506491171347,623.0443115234375,117200,0.0,0.0
2013-10-16 00:00:00+09:00,623.0443909920301,628.9380541500628,617.9926797137164,627.254150390625,110400,0.0,0.0
2013-10-17 00:00:00+09:00,627.2540987454928,630.6219059870793,622.2023878831129,623.8862915039062,106200,0.0,0.0
2013-10-18 00:00:00+09:00,623.0443063325189,626.4121133937757,612.0989333834341,613.7828369140625,123400,0.0,0.0
2013-10-21 00:00:00+09:00,619.6765324519231,625.5701951246995,617.1506770207332,623.8862915039062,48200,0.0,0.0
2013-10-22 00:00:00+09:00,625.5701293945312,629.7798880041848,622.2023225068083,625.5701293945312,62800,0.0,0.0
2013-10-23 00:00:00+09:00,629.7799257020692,633.989684563714,621.3604079787796,623.0443115234375,82500,0.0,0.0
2013-10-24 00:00:00+09:00,615.4667874083227,618.8345947265625,609.573124601403,618.8345947265625,85900,0.0,0.0
2013-10-25 00:00:00+09:00,612.0989851209852,615.4667924669053,606.205322265625,606.205322265625,130400,0.0,0.0
2013-10-28 00:00:00+09:00,606.2053638500172,615.4668346866147,605.363411955781,612.9409790039062,94800,0.0,0.0
2013-10-29 00:00:00+09:00,628.9379138718564,635.6735274072979,628.0959621799261,633.9896240234375,338800,0.0,0.0
2013-10-30 00:00:00+09:00,629.7799685108419,633.9897276586415,614.6248355787627,618.8345947265625,546700,0.0,0.0
2013-10-31 00:00:00+09:00,624.7281298695619,629.7798398145989,617.9925166095128,620.5183715820312,120100,0.0,0.0
2013-11-01 00:00:00+09:00,624.7282337959998,629.7799445814122,608.7311496421939,616.3087158203125,103900,0.0,0.0
2013-11-05 00:00:00+09:00,623.0443780307112,623.0443780307112,603.679485200027,610.4151000976562,105500,0.0,0.0
2013-11-06 00:00:00+09:00,610.415076430963,623.8863057039222,609.573124601403,618.8345947265625,34800,0.0,0.0
2013-11-07 00:00:00+09:00,617.1505961015841,617.1505961015841,603.6793689015495,608.7310791015625,73800,0.0,0.0
2013-11-08 00:00:00+09:00,599.4697728064067,607.8892920873955,599.4697728064067,604.521484375,41500,0.0,0.0
2013-11-11 00:00:00+09:00,612.0990331791561,612.0990331791561,597.7858508352143,600.3117065429688,77000,0.0,0.0
2013-11-12 00:00:00+09:00,600.3116637098153,619.6765560875513,600.3116637098153,615.466796875,85800,0.0,0.0
2013-11-13 00:00:00+09:00,615.4667547474736,626.4121279509171,610.415044038192,619.676513671875,87800,0.0,0.0
2013-11-14 00:00:00+09:00,623.8863428717491,631.4639097892198,613.7829203151216,627.254150390625,125400,0.0,0.0
2013-11-15 00:00:00+09:00,631.4638347525871,649.9867739053296,629.7799311932469,643.2511596679688,271200,0.0,0.0
2013-11-18 00:00:00+09:00,653.3545339858949,656.722340862111,647.4608719525171,649.144775390625,111000,0.0,0.0
2013-11-19 00:00:00+09:00,651.6706361892583,663.4579603580562,646.618925831202,658.40625,292800,0.0,0.0
2013-11-20 00:00:00+09:00,654.1966174785907,659.2483288104718,651.6707618126502,656.7224731445312,142600,0.0,0.0
2013-11-21 00:00:00+09:00,656.7224213922884,665.9838914375644,655.0385177476928,664.2999877929688,172000,0.0,0.0
2013-11-22 00:00:00+09:00,668.5097138610067,673.561424545095,662.6160513962371,665.1419067382812,271300,0.0,0.0
2013-11-25 00:00:00+09:00,669.3517407808579,673.5615001568381,665.9839332800736,671.03564453125,106500,0.0,0.0
2013-11-26 00:00:00+09:00,671.0355235912182,686.1906546133536,671.0355235912182,681.9808959960938,255200,0.0,0.0
2013-11-27 00:00:00+09:00,681.9810277593343,685.3488353038248,674.4034607842306,678.6132202148438,106800,0.0,0.0
2013-11-28 00:00:00+09:00,681.9808262630528,689.5583909993089,679.4549713509674,685.3486328125,127600,0.0,0.0
2013-11-29 00:00:00+09:00,685.3488402105683,685.3488402105683,671.877609936159,676.9293212890625,129700,0.0,0.0
2013-12-02 00:00:00+09:00,673.5613968009663,684.5067694989821,669.3516380709603,675.2453002929688,154100,0.0,0.0
2013-12-03 00:00:00+09:00,677.7711031729715,680.2969582158521,670.1935380443296,671.87744140625,147500,0.0,0.0
2013-12-04 00:00:00+09:00,666.8257672634271,669.3516224424552,654.1964913682864,658.40625,94400,0.0,0.0
2013-12-05 00:00:00+09:00,656.7223122336648,663.4579256924716,647.4608437278054,648.3027954101562,99100,0.0,0.0
2013-12-06 00:00:00+09:00,646.6189717741936,659.2482485666583,644.935068201865,652.5126342773438,73900,0.0,0.0
2013-12-09 00:00:00+09:00,664.2999689530353,665.9838725498745,654.1965473720005,660.0902099609375,107400,0.0,0.0
2013-12-10 00:00:00+09:00,656.7224027672593,662.6160653561961,655.0384991704201,660.0902099609375,92000,0.0,0.0
2013-12-11 00:00:00+09:00,655.8803858477954,665.141854710858,653.3545307033238,661.7740478515625,97800,0.0,0.0
2013-12-12 00:00:00+09:00,662.6161511640524,662.6161511640524,649.1449206448341,651.6707763671875,157400,0.0,0.0
2013-12-13 00:00:00+09:00,648.3027386665344,655.0383515357971,642.4090774059296,646.6188354492188,235200,0.0,0.0
2013-12-16 00:00:00+09:00,644.9351537176902,646.6190575132978,631.46392335283,633.1478271484375,103100,0.0,0.0
2013-12-17 00:00:00+09:00,638.1993647210701,645.7769297375472,636.5154613840751,640.7252197265625,152400,0.0,0.0
2013-12-18 00:00:00+09:00,642.4092266742523,656.7224073472041,642.4092266742523,647.4609375,129000,0.0,0.0
2013-12-19 00:00:00+09:00,644.0930264005523,649.144736411537,639.0413163895676,640.7252197265625,178200,0.0,0.0
2013-12-20 00:00:00+09:00,643.2512159223033,645.7770714822077,639.8834085090975,644.9351196289062,84200,0.0,0.0
2013-12-24 00:00:00+09:00,641.5671713950599,648.3027847430395,637.3574130525726,640.7252197265625,186300,0.0,0.0
2013-12-25 00:00:00+09:00,640.7252330653715,641.567184751397,632.3057162051169,635.6735229492188,110600,0.0,0.0
2013-12-26 00:00:00+09:00,644.0931164157006,654.1965378496724,633.1477431955645,652.5126342773438,91100,0.0,0.0
2013-12-27 00:00:00+09:00,653.3545396419437,658.40625,646.618925831202,658.40625,100600,0.0,0.0
2013-12-30 00:00:00+09:00,665.1419396152666,671.0356023713512,660.0902286814797,664.2999877929688,81100,0.0,0.0
2014-01-06 00:00:00+09:00,673.5615296576433,673.5615296576433,657.5644433282743,660.9322509765625,88800,0.0,0.0
2014-01-07 00:00:00+09:00,658.4062874516106,666.8258051939586,654.1965285804366,655.8804321289062,69000,0.0,0.0
2014-01-08 00:00:00+09:00,660.0903676991499,669.3518396949287,656.7225597006848,668.5098876953125,121300,0.0,0.0
2014-01-09 00:00:00+09:00,671.0356532397401,678.6132202148438,664.300038150759,678.6132202148438,149000,0.0,0.0
2014-01-10 00:00:00+09:00,678.6131268757146,692.926306971108,678.6131268757146,690.4004516601562,220000,0.0,0.0
2014-01-14 00:00:00+09:00,685.3487258911133,685.3487258911133,672.7194496154785,673.5614013671875,206800,0.0,0.0
2014-01-15 00:00:00+09:00,678.6130197136056,688.7164393619471,676.929116438882,685.3486328125,116000,0.0,0.0
2014-01-16 00:00:00+09:00,690.4004188751331,700.5038396391595,687.8745636841267,691.2423706054688,220400,0.0,0.0
2014-01-17 00:00:00+09:00,695.4521953876201,713.9751352163461,693.7682917668269,700.50390625,174700,0.0,0.0
2014-01-20 00:00:00+09:00,696.294161300105,700.5039204373487,687.8746430256176,695.4522094726562,134200,0.0,0.0
2014-01-21 00:00:00+09:00,690.4004845252404,696.2941471980168,687.0326772836538,689.5585327148438,90600,0.0,0.0
2014-01-22 00:00:00+09:00,692.9262840914439,699.6618980315795,681.9809114387236,698.8199462890625,107900,0.0,0.0
2014-01-23 00:00:00+09:00,703.0297087686926,703.0297087686926,685.3487220810966,686.190673828125,85700,0.0,0.0
2014-01-24 00:00:00+09:00,681.980966421274,681.980966421274,663.4580265925481,667.6677856445312,101700,0.0,0.0
2014-01-27 00:00:00+09:00,647.4608719525171,654.1964857049489,642.4091616381932,649.144775390625,115200,0.0,0.0
2014-01-28 00:00:00+09:00,644.0930650763011,655.880389143057,643.251113357247,649.144775390625,115500,0.0,0.0
2014-01-29 00:00:00+09:00,652.512694615398,663.4580688476562,651.670742751378,663.4580688476562,50900,0.0,0.0
2014-01-30 00:00:00+09:00,654.1965004104575,660.0901625763174,645.7769830306576,655.0384521484375,162200,0.0,0.0
2014-01-31 00:00:00+09:00,655.8803858477954,667.6677098553296,651.670627273676,661.7740478515625,114700,0.0,0.0
2014-02-03 00:00:00+09:00,651.6706916587648,652.5126434567736,638.199462890625,638.199462890625,75300,0.0,0.0
2014-02-04 00:00:00+09:00,602.8374962439904,618.8345806415264,596.9438335712139,601.9955444335938,184200,0.0,0.0
2014-02-05 00:00:00+09:00,601.9954640563105,617.1505946199659,594.4178987744829,597.7857055664062,196600,0.0,0.0
2014-02-06 00:00:00+09:00,598.6277277354816,605.3633421122521,594.41796875,594.41796875,163800,0.0,0.0
2014-02-07 00:00:00+09:00,601.9956335142338,611.2571047990682,597.785873839309,602.8375854492188,154200,0.0,0.0
2014-02-10 00:00:00+09:00,613.782960604023,615.4668644739928,596.9439219043242,602.8375854492188,112800,0.0,0.0
2014-02-12 00:00:00+09:00,611.2570703793879,618.8346373675621,607.8892628290881,614.6248779296875,100800,0.0,0.0
2014-02-13 00:00:00+09:00,616.3087252103365,622.2023878831129,599.4696890024038,601.9955444335938,187400,0.0,0.0
2014-02-14 00:00:00+09:00,603.6793689015495,615.4666927015797,595.2598519015279,608.7310791015625,131200,0.0,0.0
2014-02-17 00:00:00+09:00,607.0472926488416,616.3087631330819,603.679485200027,610.4151000976562,106700,0.0,0.0
2014-02-18 00:00:00+09:00,617.1507005600205,625.5702189851231,605.3633747648769,615.466796875,202000,0.0,0.0
2014-02-19 00:00:00+09:00,615.4668346866147,621.3604979462676,607.8892676384894,612.9409790039062,116100,0.0,0.0
2014-02-20 00:00:00+09:00,613.7827408922268,622.2022572281969,602.8373696554655,603.6793212890625,95500,0.0,0.0
2014-02-21 00:00:00+09:00,612.9409409389701,628.0960740940545,612.9409409389701,626.4121704101562,98700,0.0,0.0
2014-02-24 00:00:00+09:00,626.4121232691818,634.831641055058,612.9408948117801,621.3604125976562,82300,0.0,0.0
2014-02-25 00:00:00+09:00,633.1477383119274,644.0931114476389,629.7799311932469,643.2511596679688,117200,0.0,0.0
2014-02-26 00:00:00+09:00,643.2510290145874,650.8285934925079,638.1993193626404,646.6188354492188,117700,0.0,0.0
2014-02-27 00:00:00+09:00,646.6189811862245,663.4580171546157,640.7253185972876,660.0902099609375,190500,0.0,0.0
2014-02-28 00:00:00+09:00,660.0902099609375,663.4580171546157,648.3028847830636,660.0902099609375,152500,0.0,0.0
2014-03-03 00:00:00+09:00,654.1966174785907,659.2483288104718,636.5156278170072,656.7224731445312,154200,0.0,0.0
2014-03-04 00:00:00+09:00,656.7224027672593,663.4580171546157,650.8287401783223,660.0902099609375,145100,0.0,0.0
2014-03-05 00:00:00+09:00,671.0355258951406,673.5613810741688,654.1964913682864,658.40625,80100,0.0,0.0
2014-03-06 00:00:00+09:00,655.8804084541871,665.141877636467,649.9867462472816,653.3545532226562,98200,0.0,0.0
2014-03-07 00:00:00+09:00,664.3000207116761,665.9839244397158,653.3546464794179,663.4580688476562,73900,0.0,0.0
2014-03-10 00:00:00+09:00,663.4580312697534,669.3516939840787,660.0902240044247,665.98388671875,69700,0.0,0.0
2014-03-11 00:00:00+09:00,672.719496506911,672.719496506911,660.0902193509615,667.6677856445312,73700,0.0,0.0
2014-03-12 00:00:00+09:00,667.6678338094023,667.6678338094023,646.6190370310478,650.8287963867188,103300,0.0,0.0
2014-03-13 00:00:00+09:00,647.460899383183,655.038465175704,638.1994300812129,639.0413818359375,52000,0.0,0.0
2014-03-14 00:00:00+09:00,629.7799445814122,633.9897035692559,616.3087158203125,616.3087158203125,158200,0.0,0.0
2014-03-17 00:00:00+09:00,608.7312489941133,614.6249125390079,601.9956335142338,602.8375854492188,68600,0.0,0.0
2014-03-18 00:00:00+09:00,615.4667212554764,616.30867299454,601.9954934304591,609.5730590820312,84700,0.0,0.0
2014-03-19 00:00:00+09:00,616.3087865808508,620.5185460520314,609.5731714269617,612.9409790039062,76700,0.0,0.0
2014-03-20 00:00:00+09:00,618.8345708657932,620.5184744599859,594.41796875,594.41796875,135800,0.0,0.0
2014-03-24 00:00:00+09:00,602.8374870592128,629.7799445814122,602.8374870592128,616.3087158203125,165500,0.0,0.0
2014-03-25 00:00:00+09:00,625.5701859204939,649.1448362647386,619.6765233344327,638.199462890625,159800,0.0,0.0
2014-03-26 00:00:00+09:00,654.1965040854358,660.9321180271133,638.1994209739515,642.4091796875,155200,0.0,0.0
2014-03-27 00:00:00+09:00,668.3093376159668,669.1585235595703,650.476432800293,665.7617797851562,167300,6.5,0.0
2014-03-28 00:00:00+09:00,666.6111039381761,670.8570345365084,652.1749399038462,662.3651733398438,155100,0.0,0.0
2014-03-31 00:00:00+09:00,664.9126354841226,671.7061234584176,660.6667055001882,670.0077514648438,100200,0.0,0.0
2014-04-01 00:00:00+09:00,672.5552673339844,675.1028251647949,660.6666641235352,665.7617797851562,80300,0.0,0.0
2014-04-02 00:00:00+09:00,671.7061164314516,674.2536743951613,657.2699546370968,658.119140625,82100,0.0,0.0
2014-04-03 00:00:00+09:00,659.817639018214,669.1586866748426,655.5717082652011,657.2700805664062,79000,0.0,0.0
2014-04-04 00:00:00+09:00,652.1749636627907,661.5160113194192,649.6274052109829,657.2700805664062,61100,0.0,0.0
2014-04-07 00:00:00+09:00,647.0797418767756,661.5159040971236,647.0797418767756,653.8732299804688,85200,0.0,0.0
2014-04-08 00:00:00+09:00,653.0240811956008,653.8732672569736,632.6436157226562,632.6436157226562,94600,0.0,0.0
2014-04-09 00:00:00+09:00,619.9057272756743,621.6040991312241,610.5646820701504,613.96142578125,104400,0.0,0.0
2014-04-10 00:00:00+09:00,619.9058706979566,625.850173567663,608.0172649585437,609.7156372070312,81000,0.0,0.0
2014-04-11 00:00:00+09:00,607.1679342668608,608.0171201889124,598.6760750463453,601.2236328125,79700,0.0,0.0
2014-04-14 00:00:00+09:00,600.3745156090928,608.0171897823344,598.6761435705947,599.5253295898438,37900,0.0,0.0
2014-04-15 00:00:00+09:00,601.2235904438567,603.7711480304831,596.9776611328125,596.9776611328125,55100,0.0,0.0
2014-04-16 00:00:00+09:00,599.525276184082,613.1122512817383,599.525276184082,611.4138793945312,90100,0.0,0.0
2014-04-17 00:00:00+09:00,618.2073554201245,620.7549132034492,611.4138679979253,613.96142578125,52900,0.0,0.0
2014-04-18 00:00:00+09:00,618.2074467232387,620.7550048828125,612.2631443508999,620.7550048828125,35700,0.0,0.0
2014-04-21 00:00:00+09:00,623.3025749122704,627.5485052590842,617.358272426731,618.2074584960938,41000,0.0,0.0
2014-04-22 00:00:00+09:00,625.8500752403123,625.8500752403123,615.659843350375,617.3582153320312,32500,0.0,0.0
2014-04-23 00:00:00+09:00,619.05663277643,625.0009351487688,618.2074467232387,620.7550048828125,51000,0.0,0.0
2014-04-24 00:00:00+09:00,614.8106496886788,625.0008814514747,606.318789886349,619.0565795898438,68200,0.0,0.0
2014-04-25 00:00:00+09:00,619.0566172074299,625.0009194302721,619.0566172074299,624.1517333984375,24700,0.0,0.0
2014-04-28 00:00:00+09:00,624.1516800239011,625.8500519423335,616.5090063909554,622.4533081054688,60000,0.0,0.0
2014-04-30 00:00:00+09:00,620.7549323723816,625.8500480963684,615.6598166483949,623.302490234375,43100,0.0,0.0
2014-05-01 00:00:00+09:00,623.302528010188,630.0960160538957,608.0171799118455,628.3976440429688,85200,0.0,0.0
2014-05-02 00:00:00+09:00,630.0959817384145,630.0959817384145,619.056564268604,622.4533081054688,37700,0.0,0.0
2014-05-07 00:00:00+09:00,619.0566120553524,619.0566120553524,598.6761474609375,598.6761474609375,87200,0.0,0.0
2014-05-08 00:00:00+09:00,611.413883214534,616.5089989079885,603.7712096743523,610.564697265625,70700,0.0,0.0
2014-05-09 00:00:00+09:00,603.7712059020996,617.3581809997559,603.7712059020996,611.4138793945312,39500,0.0,0.0
2014-05-12 00:00:00+09:00,611.4139759691456,614.8107202800852,603.7713012695312,603.7713012695312,62900,0.0,0.0
2014-05-13 00:00:00+09:00,620.7549093678512,620.7549093678512,605.4695627623499,614.8106079101562,44600,0.0,0.0
2014-05-14 00:00:00+09:00,594.4301454360875,608.0171201889124,594.4301454360875,601.2236328125,79800,0.0,0.0
2014-05-15 00:00:00+09:00,594.4302407457081,598.6761710367489,588.4859383382511,593.5810546875,54400,0.0,0.0
2014-05-16 00:00:00+09:00,593.5808863358532,594.430072153215,587.636585614321,590.1841430664062,89300,0.0,0.0
2014-05-19 00:00:00+09:00,594.4302068280347,596.1285788475433,586.7875327402456,587.63671875,49500,0.0,0.0
2014-05-20 00:00:00+09:00,596.1285631903286,596.1285631903286,585.9383313409213,591.033447265625,72000,0.0,0.0
2014-05-21 00:00:00+09:00,587.63671875,591.8826487987717,577.446486632948,587.63671875,103900,0.0,0.0
2014-05-22 00:00:00+09:00,595.279440492182,604.6204873472661,585.9383936370979,603.7713012695312,112200,0.0,0.0
2014-05-23 00:00:00+09:00,603.7711255674807,604.620311398096,594.4300814307123,602.07275390625,99400,0.0,0.0
2014-05-26 00:00:00+09:00,611.4138679979253,614.8106117090249,606.3187524312759,613.96142578125,39700,0.0,0.0
2014-05-27 00:00:00+09:00,613.9614790712553,622.4533390860722,610.5647350653286,615.6598510742188,53500,0.0,0.0
2014-05-28 00:00:00+09:00,613.1123085815599,622.4533548341875,610.5647505126615,612.2631225585938,44100,0.0,0.0
2014-05-29 00:00:00+09:00,606.3187407157791,610.5646702726123,601.2236252475792,602.9219970703125,32900,0.0,0.0
2014-05-30 00:00:00+09:00,602.9220084658438,605.4695662480939,596.9777069739271,600.3744506835938,59700,0.0,0.0
2014-06-02 00:00:00+09:00,610.5647242685383,616.5090261737952,601.2236784174202,604.6204223632812,73100,0.0,0.0
2014-06-03 00:00:00+09:00,610.5647049269417,613.1122628056355,604.6204032099896,608.8663330078125,55000,0.0,0.0
2014-06-04 00:00:00+09:00,614.8106117090249,617.3581694923496,608.0171242868257,613.96142578125,61400,0.0,0.0
2014-06-05 00:00:00+09:00,617.3583123252253,617.3583123252253,607.1680788343,609.7156372070312,38600,0.0,0.0
2014-06-06 00:00:00+09:00,609.7156372070312,615.6599400767377,606.3188927100562,609.7156372070312,62300,0.0,0.0
2014-06-09 00:00:00+09:00,615.6598863654963,616.5090724156555,607.1680258639032,608.0172119140625,42300,0.0,0.0
2014-06-10 00:00:00+09:00,608.0171356201172,609.7155075073242,595.2793464660645,597.826904296875,85700,0.0,0.0
2014-06-11 00:00:00+09:00,594.4301605224609,599.525276184082,592.7317886352539,597.826904296875,107300,0.0,0.0
2014-06-12 00:00:00+09:00,598.6760328572301,598.6760328572301,591.8825459595595,596.9776611328125,142100,0.0,0.0
2014-06-13 00:00:00+09:00,590.1842872132646,599.5253334857048,590.1842872132646,598.6761474609375,165700,0.0,0.0
2014-06-16 00:00:00+09:00,599.5253531319755,603.7712833949498,593.5810507638114,594.4302368164062,131700,0.0,0.0
2014-06-17 00:00:00+09:00,598.6760750463453,602.9220046566031,594.4301454360875,601.2236328125,83500,0.0,0.0
2014-06-18 00:00:00+09:00,602.9221641048998,608.8664671312861,598.6762333717667,606.3189086914062,111500,0.0,0.0
2014-06-19 00:00:00+09:00,607.1679421210883,613.9614295853802,605.4695702550154,613.1122436523438,88500,0.0,0.0
2014-06-20 00:00:00+09:00,615.659785740812,616.5089716521787,602.9219970703125,602.9219970703125,151000,0.0,0.0
2014-06-23 00:00:00+09:00,608.0170547205571,614.8105413654796,601.2235680756347,602.07275390625,188700,0.0,0.0
2014-06-24 00:00:00+09:00,605.4697065858124,612.2631955797626,602.0729620888372,609.7156372070312,192000,0.0,0.0
2014-06-25 00:00:00+09:00,610.564677955067,613.1122357212217,601.2236328125,601.2236328125,131500,0.0,0.0
2014-06-26 00:00:00+09:00,606.3187483448093,608.8663061109639,601.2236328125,601.2236328125,67700,0.0,0.0
2014-06-27 00:00:00+09:00,602.9219697307418,604.6203414764623,591.8825533835592,595.279296875,143100,0.0,0.0
2014-06-30 00:00:00+09:00,601.2236331497107,615.659793832684,597.8268894595994,614.8106079101562,150600,0.0,0.0
2014-07-01 00:00:00+09:00,615.659843350375,620.7549592953437,614.810657359547,617.3582153320312,135300,0.0,0.0
2014-07-02 00:00:00+09:00,617.3581809997559,618.2073669433594,609.7155075073242,611.4138793945312,81700,0.0,0.0
2014-07-03 00:00:00+09:00,615.659843350375,617.3582153320312,608.0171694329222,617.3582153320312,134900,0.0,0.0
2014-07-04 00:00:00+09:00,620.7549132034492,624.1516569145488,613.96142578125,613.96142578125,196100,0.0,0.0
2014-07-07 00:00:00+09:00,612.2632117177926,613.9615840110458,603.7713502515264,606.3189086914062,208100,0.0,0.0
2014-07-08 00:00:00+09:00,607.1679383590508,615.6597976367998,602.0728227924014,613.96142578125,136000,0.0,0.0
2014-07-09 00:00:00+09:00,611.4139210668103,619.9057810816271,610.5647350653286,615.6598510742188,143300,0.0,0.0
2014-07-10 00:00:00+09:00,616.5089716521787,618.207343474912,602.0728111589459,602.9219970703125,181300,0.0,0.0
2014-07-11 00:00:00+09:00,602.9219697307418,603.771155603602,591.033367510699,595.279296875,202300,0.0,0.0
2014-07-14 00:00:00+09:00,598.6761670793807,598.6761670793807,588.4859344482422,594.4302368164062,224800,0.0,0.0
2014-07-15 00:00:00+09:00,602.0729112897601,603.7712833949498,593.5810507638114,594.4302368164062,158600,0.0,0.0
2014-07-16 00:00:00+09:00,595.2793994935984,600.3745156090928,594.4302134743493,599.5253295898438,136400,0.0,0.0
2014-07-17 00:00:00+09:00,597.8269575513456,603.7712596860891,595.2793994935984,599.5253295898438,102400,0.0,0.0
2014-07-18 00:00:00+09:00,598.6761848031217,603.7713012695312,594.4302544144471,603.7713012695312,135000,0.0,0.0
2014-07-22 00:00:00+09:00,605.4696655273438,611.4139679939516,602.0729212607107,605.4696655273438,100800,0.0,0.0
2014-07-23 00:00:00+09:00,601.2236366110104,605.4695662480939,599.5252647561771,600.3744506835938,54400,0.0,0.0
2014-07-24 00:00:00+09:00,603.7713343373248,609.7156372070312,600.3745898403497,609.7156372070312,110300,0.0,0.0
2014-07-25 00:00:00+09:00,613.1123149845876,624.1517333984375,612.2631289527529,624.1517333984375,201600,0.0,0.0
2014-07-28 00:00:00+09:00,624.1516761883728,626.6992340503662,618.2073745103883,623.302490234375,110500,0.0,0.0
2014-07-29 00:00:00+09:00,624.1517490955775,625.8501212019601,619.9058188296212,620.7550048828125,43000,0.0,0.0
2014-07-30 00:00:00+09:00,619.9057388305664,628.3975982666016,619.0565528869629,625.0008544921875,106400,0.0,0.0
2014-07-31 00:00:00+09:00,633.4927956806814,636.0403538402552,615.6598885636649,620.7550048828125,128500,0.0,0.0
2014-08-01 00:00:00+09:00,613.9615182303048,615.659890341592,606.3188437295127,607.1680297851562,71700,0.0,0.0
2014-08-04 00:00:00+09:00,608.0171663091423,610.5647242685383,604.6204223632812,604.6204223632812,52200,0.0,0.0
2014-08-05 00:00:00+09:00,603.771281663266,615.6598863654963,603.771281663266,608.0172119140625,89900,0.0,0.0
2014-08-06 00:00:00+09:00,605.4695624227577,608.8663061109639,598.6760750463453,601.2236328125,78100,0.0,0.0
2014-08-07 00:00:00+09:00,590.1842738817854,590.1842738817854,570.6529957533235,574.89892578125,271400,0.0,0.0
2014-08-08 00:00:00+09:00,574.8989307750355,574.8989307750355,560.4627685546875,560.4627685546875,142400,0.0,0.0
2014-08-11 00:00:00+09:00,569.803798271628,578.295658156451,565.5578683292165,577.4464721679688,81800,0.0,0.0
2014-08-12 00:00:00+09:00,577.4465411250922,586.7875881138805,574.8989828554227,575.7481689453125,96600,0.0,0.0
2014-08-13 00:00:00+09:00,577.4464955315746,577.4464955315746,569.8038213260096,572.3513793945312,52200,0.0,0.0
2014-08-14 00:00:00+09:00,574.89892578125,578.2956698035912,572.3513677644941,574.89892578125,57900,0.0,0.0
2014-08-15 00:00:00+09:00,574.0497243828011,580.8432122453194,574.0497243828011,578.295654296875,34900,0.0,0.0
2014-08-18 00:00:00+09:00,582.5415873911188,608.0171670146372,580.8432154162176,591.033447265625,216600,0.0,0.0
2014-08-19 00:00:00+09:00,594.4301873402753,596.1285593041047,588.4858854668726,591.8826293945312,53700,0.0,0.0
2014-08-20 00:00:00+09:00,588.4858893032731,596.9777491777793,587.6367033158225,591.033447265625,60500,0.0,0.0
2014-08-21 00:00:00+09:00,591.0334054820103,600.3744506835938,591.0334054820103,600.3744506835938,60600,0.0,0.0
2014-08-22 00:00:00+09:00,603.7712596860891,603.7712596860891,597.8269575513456,599.5253295898438,44800,0.0,0.0
2014-08-25 00:00:00+09:00,600.374519510472,602.0728915600066,597.8269614361702,598.6761474609375,41000,0.0,0.0
2014-08-26 00:00:00+09:00,596.128608921596,601.2237252371652,594.4302368164062,594.4302368164062,62500,0.0,0.0
2014-08-27 00:00:00+09:00,594.430149191677,601.2236366110104,594.430149191677,600.3744506835938,41400,0.0,0.0
2014-08-28 00:00:00+09:00,602.9219397368653,604.620311398096,598.6760105837889,602.07275390625,68700,0.0,0.0
2014-08-29 00:00:00+09:00,595.279377202878,598.6761211526805,590.1842612781744,591.033447265625,84600,0.0,0.0
2014-09-01 00:00:00+09:00,591.0334732380319,601.2237055352393,591.0334732380319,598.6761474609375,69500,0.0,0.0
2014-09-02 00:00:00+09:00,599.5252534248459,608.866298449879,595.2793238680127,602.9219970703125,111200,0.0,0.0
2014-09-03 00:00:00+09:00,609.7156038136757,609.7156038136757,602.9221151917964,603.7713012695312,105400,0.0,0.0
2014-09-04 00:00:00+09:00,602.92207366684,607.1680037630854,596.9777715320965,599.5253295898438,104600,0.0,0.0
2014-09-05 00:00:00+09:00,602.0728915600066,606.3188216838431,597.8269614361702,598.6761474609375,75100,0.0,0.0
2014-09-08 00:00:00+09:00,605.4695891695542,611.4138908865064,604.6204032099896,608.8663330078125,73300,0.0,0.0
2014-09-09 00:00:00+09:00,615.6599400767377,617.3583123252253,608.0172649585437,609.7156372070312,126400,0.0,0.0
2014-09-10 00:00:00+09:00,610.564704676442,624.1516800239011,610.564704676442,622.4533081054688,122500,0.0,0.0
2014-09-11 00:00:00+09:00,628.397689327117,634.3419917937248,621.6042007938509,631.79443359375,98400,0.0,0.0
2014-09-12 00:00:00+09:00,631.7944628127077,640.2863238720183,631.7944628127077,638.5879516601562,226600,0.0,0.0
2014-09-16 00:00:00+09:00,638.5878408394608,649.6272583007812,634.3419110466452,649.6272583007812,207500,0.0,0.0
2014-09-17 00:00:00+09:00,649.6272663897779,650.4764523589148,632.6435470070386,634.3419189453125,186100,0.0,0.0
2014-09-18 00:00:00+09:00,643.6830093403682,652.1748696219036,640.2862652277543,651.32568359375,173600,0.0,0.0
2014-09-19 00:00:00+09:00,653.8732635223114,674.253728878851,653.8732635223114,659.8175659179688,307700,0.0,0.0
2014-09-22 00:00:00+09:00,673.4045032467291,679.3488052930433,664.9126431805661,668.3093872070312,161500,0.0,0.0
2014-09-24 00:00:00+09:00,664.9126481489702,665.7618341619318,638.5878817471591,653.8732299804688,191700,0.0,0.0
2014-09-25 00:00:00+09:00,662.3650360107422,667.4601516723633,657.2699203491211,665.7617797851562,135600,0.0,0.0
2014-09-26 00:00:00+09:00,665.7618313876065,665.7618313876065,658.9071407169491,659.7639770507812,68300,7.0,0.0
2014-09-29 00:00:00+09:00,658.0504012645914,663.1914200244711,654.6230554246716,660.6209106445312,99400,0.0,0.0
2014-09-30 00:00:00+09:00,660.6208268505031,669.1891903634798,654.6229723914195,657.1934814453125,201000,0.0,0.0
2014-10-01 00:00:00+09:00,662.334544953377,670.9029090536794,661.4777085433468,664.0482177734375,138600,0.0,0.0
2014-10-02 00:00:00+09:00,660.6208727015531,660.6208727015531,640.0567988431391,640.9136352539062,169700,0.0,0.0
2014-10-03 00:00:00+09:00,634.0587885360512,646.0544953461927,634.0587885360512,635.7724609375,163600,0.0,0.0
2014-10-06 00:00:00+09:00,647.7682992140874,652.0524810871965,639.1999354678693,646.0546264648438,116100,0.0,0.0
2014-10-07 00:00:00+09:00,650.3387813367342,662.3344900833932,645.1977633024517,651.1956176757812,160800,0.0,0.0
2014-10-08 00:00:00+09:00,635.7724988156864,640.9135163263254,630.6314813050474,632.3451538085938,86600,0.0,0.0
2014-10-09 00:00:00+09:00,628.0609364399593,635.7724622625508,622.063083022388,631.48828125,134700,0.0,0.0
2014-10-10 00:00:00+09:00,618.6359418767507,624.6337972689075,608.3539040616247,611.78125,113900,0.0,0.0
2014-10-14 00:00:00+09:00,591.2169748225682,634.0587845923195,591.2169748225682,608.3536987304688,192800,0.0,0.0
2014-10-15 00:00:00+09:00,608.3539260396718,621.2064737729044,608.3539260396718,615.2086181640625,63300,0.0,0.0
2014-10-16 00:00:00+09:00,602.355949699965,604.9264587314015,590.3602408865944,592.0739135742188,310800,0.0,0.0
2014-10-17 00:00:00+09:00,592.0739936040918,598.928685281129,574.9372644114986,580.9351196289062,236900,0.0,0.0
2014-10-20 00:00:00+09:00,591.2171222211978,603.2128319474249,588.646612994149,598.9286499023438,133600,0.0,0.0
2014-10-21 00:00:00+09:00,590.3602905273438,598.9286546859408,589.5034541114841,590.3602905273438,181900,0.0,0.0
2014-10-22 00:00:00+09:00,598.9285492977854,616.0652745995818,598.9285492977854,606.6400756835938,87200,0.0,0.0
2014-10-23 00:00:00+09:00,601.4991591293925,607.497013992506,598.0718134933276,598.9286499023438,38800,0.0,0.0
2014-10-24 00:00:00+09:00,601.499156778509,604.9265024011786,592.930792721835,603.2128295898438,129800,0.0,0.0
2014-10-27 00:00:00+09:00,608.353856941148,612.6380390322829,598.0718199224244,609.210693359375,78700,0.0,0.0
2014-10-28 00:00:00+09:00,610.067588081573,616.065443582375,605.7834055810001,613.4949340820312,96300,0.0,0.0
2014-10-29 00:00:00+09:00,617.7789765450854,629.7746848275142,616.9221402391976,624.6336669921875,74200,0.0,0.0
2014-10-30 00:00:00+09:00,623.7768962154468,629.7747509867492,616.0653686523438,616.0653686523438,138700,0.0,0.0
2014-10-31 00:00:00+09:00,626.347350994225,654.6229496027195,622.9200057083469,653.76611328125,160900,0.0,0.0
2014-11-04 00:00:00+09:00,666.6187020527948,676.9007385883134,662.3345201629953,664.905029296875,199100,0.0,0.0
2014-11-05 00:00:00+09:00,667.4755834462692,673.4734384964923,661.4777283960459,671.759765625,85500,0.0,0.0
2014-11-06 00:00:00+09:00,676.0439783172804,679.47132421496,660.6209217777227,662.3345947265625,95800,0.0,0.0
2014-11-07 00:00:00+09:00,665.7618747287327,671.7597294560185,658.0503472222222,670.9028930664062,94500,0.0,0.0
2014-11-10 00:00:00+09:00,670.9028434607633,672.6165161132812,655.4797895881021,672.6165161132812,42100,0.0,0.0
2014-11-11 00:00:00+09:00,664.0481621328026,688.0395796034071,658.9071441033874,678.6143798828125,172100,0.0,0.0
2014-11-12 00:00:00+09:00,678.614443322149,685.4691346688373,673.4734248121327,674.3302612304688,88600,0.0,0.0
2014-11-13 00:00:00+09:00,675.1870212386989,684.6122207737568,670.0460033104854,681.1848754882812,67800,0.0,0.0
2014-11-14 00:00:00+09:00,681.1849182363356,681.1849182363356,666.6186998589549,669.189208984375,142700,0.0,0.0
2014-11-17 00:00:00+09:00,668.3323498582288,673.4733679340612,660.6208227444799,665.7618408203125,75500,0.0,0.0
2014-11-18 00:00:00+09:00,664.9050716888466,676.9007817450887,662.3345623910805,676.0439453125,63500,0.0,0.0
2014-11-19 00:00:00+09:00,681.1848640201372,689.7532270895728,675.1870098715322,679.47119140625,78300,0.0,0.0
2014-11-20 00:00:00+09:00,688.8964389820195,688.8964389820195,680.3280753130889,682.041748046875,44200,0.0,0.0
2014-11-21 00:00:00+09:00,677.7576353992353,692.3238551233654,676.0439624905141,688.0396728515625,56800,0.0,0.0
2014-11-25 00:00:00+09:00,691.4668072974653,701.7488416067213,689.7531349125893,697.4646606445312,73200,0.0,0.0
2014-11-26 00:00:00+09:00,697.4648712460357,704.3195628553334,692.3238525390625,692.3238525390625,73900,0.0,0.0
2014-11-27 00:00:00+09:00,692.3237341400376,692.3237341400376,682.8985347891212,683.75537109375,39500,0.0,0.0
2014-11-28 00:00:00+09:00,685.4689896472393,701.7488781513612,685.4689896472393,698.321533203125,72200,0.0,0.0
2014-12-01 00:00:00+09:00,698.3216115899218,698.3216115899218,686.3259029245734,687.1827392578125,40100,0.0,0.0
2014-12-02 00:00:00+09:00,683.7554193026778,711.1741829839882,680.328073842514,709.4605102539062,117000,0.0,0.0
2014-12-03 00:00:00+09:00,709.4606019885094,724.0268220776454,709.4606019885094,718.8858032226562,117500,0.0,0.0
2014-12-04 00:00:00+09:00,724.0266723632812,728.3108538565551,720.5993271686622,724.0266723632812,102200,0.0,0.0
2014-12-05 00:00:00+09:00,718.8857646322193,724.026783211234,717.1720917725478,722.3131103515625,39300,0.0,0.0
2014-12-08 00:00:00+09:00,723.1698722388446,728.3108902879359,721.4561995558141,724.883544921875,34600,0.0,0.0
2014-12-09 00:00:00+09:00,712.0309316511634,720.5992942462436,712.0309316511634,714.6014404296875,40100,0.0,0.0
2014-12-10 00:00:00+09:00,704.3194920636606,715.458364809193,699.1784738734149,709.4605102539062,78800,0.0,0.0
2014-12-11 00:00:00+09:00,692.3238551233654,701.749056121332,676.9007989448746,688.0396728515625,102600,0.0,0.0
2014-12-12 00:00:00+09:00,688.0396591451565,701.7490421418221,688.0396591451565,690.6101684570312,145800,0.0,0.0
2014-12-15 00:00:00+09:00,690.6102241112544,694.8944066429619,680.3281860351562,680.3281860351562,74100,0.0,0.0
2014-12-16 00:00:00+09:00,676.9007639238911,687.182800844254,662.334544953377,664.0482177734375,94300,0.0,0.0
2014-12-17 00:00:00+09:00,668.3323325627968,684.6122227149674,668.3323325627968,676.9006958007812,89000,0.0,0.0
2014-12-18 00:00:00+09:00,701.7489822902036,701.7489822902036,685.4690913701622,686.325927734375,58300,0.0,0.0
2014-12-19 00:00:00+09:00,699.1786028309502,702.6059489232588,692.323910646333,696.6080932617188,71300,0.0,0.0
2014-12-22 00:00:00+09:00,693.1804796823413,698.3214968369693,689.7531349125893,697.4646606445312,51500,0.0,0.0
2014-12-24 00:00:00+09:00,698.3216508345171,712.8878693181819,698.3216508345171,706.8900146484375,48000,0.0,0.0
2014-12-25 00:00:00+09:00,706.8898587613493,709.4603673386633,685.4689539503993,697.4646606445312,70100,0.0,0.0
2014-12-26 00:00:00+09:00,703.4625969442968,710.3172872921097,700.8920880638669,705.17626953125,30800,0.0,0.0
2014-12-29 00:00:00+09:00,714.6014404296875,723.1698030247677,701.7488965370673,714.6014404296875,45500,0.0,0.0
2014-12-30 00:00:00+09:00,718.8856502268758,718.8856502268758,703.4625969442968,705.17626953125,38200,0.0,0.0
2015-01-05 00:00:00+09:00,706.8899554741092,707.7467917837747,672.6165030874857,702.6057739257812,34200,0.0,0.0
2015-01-06 00:00:00+09:00,684.6122571475543,697.4648026509501,681.184911679982,682.041748046875,78400,0.0,0.0
2015-01-07 00:00:00+09:00,669.1892025434792,698.3216390178432,669.1892025434792,682.041748046875,37100,0.0,0.0
2015-01-08 00:00:00+09:00,682.0417417251078,698.3216325451796,677.7575599303522,694.894287109375,57000,0.0,0.0
2015-01-09 00:00:00+09:00,694.8941882548888,707.7467318107746,694.8941882548888,698.321533203125,62900,0.0,0.0
2015-01-13 00:00:00+09:00,698.3216850318719,698.3216850318719,679.4712837181281,688.896484375,63700,0.0,0.0
2015-01-14 00:00:00+09:00,674.3301887657991,687.1827336596835,670.0460071345044,672.6165161132812,75400,0.0,0.0
2015-01-15 00:00:00+09:00,670.9028489262683,688.8964119242909,670.9028489262683,687.1827392578125,28600,0.0,0.0
2015-01-16 00:00:00+09:00,670.0459594726562,682.8985034523108,657.1934154930017,670.0459594726562,87700,0.0,0.0
2015-01-19 00:00:00+09:00,670.0460566767939,676.0439114040798,665.7618747287327,670.9028930664062,17900,0.0,0.0
2015-01-20 00:00:00+09:00,672.6164602967443,693.1805304204664,672.6164602967443,691.4668579101562,45100,0.0,0.0
2015-01-21 00:00:00+09:00,688.8964549418029,688.8964549418029,674.3302363671628,675.1870727539062,37700,0.0,0.0
2015-01-22 00:00:00+09:00,674.3301717428336,683.75537109375,669.1891539150611,683.75537109375,36600,0.0,0.0
2015-01-23 00:00:00+09:00,683.7554880274405,694.8943618925491,683.7554880274405,692.3238525390625,28600,0.0,0.0
2015-01-26 00:00:00+09:00,690.6101300274884,698.3216575339989,684.6122753002026,694.0374755859375,42300,0.0,0.0
2015-01-27 00:00:00+09:00,699.1784738734149,711.1741829839882,699.1784738734149,709.4605102539062,47800,0.0,0.0
2015-01-28 00:00:00+09:00,709.460506029516,721.4562150686623,708.6036696695769,718.0288696289062,53900,0.0,0.0
2015-01-29 00:00:00+09:00,712.8877492331288,712.8877492331288,698.321533203125,698.321533203125,37300,0.0,0.0
2015-01-30 00:00:00+09:00,706.8899857370477,724.0267126640064,706.0331493906998,716.315185546875,72900,0.0,0.0
2015-02-02 00:00:00+09:00,716.3151990288302,719.742544478729,690.61010815459,713.7446899414062,87000,0.0,0.0
2015-02-03 00:00:00+09:00,714.6015672405946,717.172076475273,702.6058574787621,706.033203125,83700,0.0,0.0
2015-02-04 00:00:00+09:00,709.460479591695,727.4540424798902,709.460479591695,723.1698608398438,111300,0.0,0.0
2015-02-05 00:00:00+09:00,719.7425718664979,723.1699174468145,705.1763531501521,708.6036987304688,60700,0.0,0.0
2015-02-06 00:00:00+09:00,682.8985595703125,709.4604859776898,678.6143778917033,682.8985595703125,61300,0.0,0.0
2015-02-09 00:00:00+09:00,688.0396004628003,688.0396004628003,680.3280731848861,686.325927734375,29400,0.0,0.0
2015-02-10 00:00:00+09:00,684.6122550059496,690.6101095554385,678.6144004564607,686.325927734375,35500,0.0,0.0
2015-02-12 00:00:00+09:00,698.3215085197897,712.0308878281537,696.6078361062442,699.1783447265625,70900,0.0,0.0
2015-02-13 00:00:00+09:00,699.1786028309502,702.6059489232588,689.7534010771017,696.6080932617188,82900,0.0,0.0
2015-02-16 00:00:00+09:00,702.6058193335787,719.7425466343976,700.0353102384558,709.4605102539062,68400,0.0,0.0
2015-02-17 00:00:00+09:00,709.4604228726394,718.8856217272275,706.0330778346073,714.6014404296875,33300,0.0,0.0
2015-02-18 00:00:00+09:00,719.7425288904578,725.7403832978782,716.3151835147889,720.599365234375,64900,0.0,0.0
2015-02-19 00:00:00+09:00,724.026659119804,728.3108405347141,718.0288051389299,726.59716796875,73900,0.0,0.0
2015-02-20 00:00:00+09:00,728.3109130859375,728.3109130859375,720.59938577091,728.3109130859375,57700,0.0,0.0
2015-02-23 00:00:00+09:00,723.1698763176585,725.7403853567023,711.1741674687873,716.315185546875,44000,0.0,0.0
2015-02-24 00:00:00+09:00,713.744728447301,718.0289104908022,702.6058551341978,710.3173828125,75200,0.0,0.0
2015-02-25 00:00:00+09:00,715.4583718436105,726.5972446986607,714.6015354701451,719.7425537109375,52100,0.0,0.0
2015-02-26 00:00:00+09:00,724.0266670404478,744.5907380569813,722.3129944557368,736.8792114257812,267100,0.0,0.0
2015-02-27 00:00:00+09:00,745.4476497832646,745.4476497832646,728.3109222020403,734.3087768554688,220700,0.0,0.0
2015-03-02 00:00:00+09:00,730.024522854989,738.5928857992964,730.024522854989,732.5950317382812,162800,0.0,0.0
2015-03-03 00:00:00+09:00,736.879269547565,739.449778627382,713.7446878292111,718.0288696289062,150500,0.0,0.0
2015-03-04 00:00:00+09:00,712.0309084972703,715.4582534238516,708.603563570689,711.174072265625,110000,0.0,0.0
2015-03-05 00:00:00+09:00,715.4583263397217,723.1698532104492,711.174144744873,712.8878173828125,115400,0.0,0.0
2015-03-06 00:00:00+09:00,712.8877679106714,715.4582766891955,708.6035866131314,714.6014404296875,125200,0.0,0.0
2015-03-09 00:00:00+09:00,707.7468466387537,716.3152103995135,704.3195011344499,715.4583740234375,88500,0.0,0.0
2015-03-10 00:00:00+09:00,718.8856905312684,725.7403812633902,718.0288541897532,724.883544921875,100400,0.0,0.0
2015-03-11 00:00:00+09:00,724.88356405127,764.2980368011027,724.88356405127,760.0138549804688,232700,0.0,0.0
2015-03-12 00:00:00+09:00,764.2980595341435,768.5822414822048,750.5886773003472,763.4412231445312,173200,0.0,0.0
2015-03-13 00:00:00+09:00,779.7210116916233,788.2893744574652,770.295812649197,771.1526489257812,327000,0.0,0.0
2015-03-16 00:00:00+09:00,768.5821837376138,784.8620739171174,768.5821837376138,782.2915649414062,142200,0.0,0.0
2015-03-17 00:00:00+09:00,787.4326285197602,796.000992268615,781.4347738955619,789.1463012695312,118200,0.0,0.0
2015-03-18 00:00:00+09:00,789.1462022936022,792.5735473632812,784.0051846890835,792.5735473632812,122700,0.0,0.0
2015-03-19 00:00:00+09:00,795.1441193953805,802.8556464153787,786.5757560398267,788.2894287109375,91900,0.0,0.0
2015-03-20 00:00:00+09:00,792.5735721340427,795.1440810166396,784.005209192053,791.7167358398438,96900,0.0,0.0
2015-03-23 00:00:00+09:00,799.4283025111165,813.9945202417586,799.4283025111165,811.4240112304688,84500,0.0,0.0
2015-03-24 00:00:00+09:00,811.4240971700333,811.4240971700333,800.2852236080371,810.5672607421875,69100,0.0,0.0
2015-03-25 00:00:00+09:00,805.4261661425577,819.1355476939203,801.1419844077568,817.421875,134600,0.0,0.0
2015-03-26 00:00:00+09:00,822.5629272460938,825.1334363937377,816.5650725682576,822.5629272460938,223900,0.0,0.0
2015-03-27 00:00:00+09:00,819.9735554215176,819.9735554215176,790.6271334380107,792.3533935546875,117700,7.0,0.0
2015-03-30 00:00:00+09:00,791.4902729063044,807.0266141411065,777.6801918087026,805.3003540039062,91000,0.0,0.0
2015-03-31 00:00:00+09:00,810.4790193131827,817.384058881346,795.8058102308354,800.1214599609375,80600,0.0,0.0
2015-04-01 00:00:00+09:00,800.121421285195,810.4789801367832,778.5431736777193,784.5850830078125,158800,0.0,0.0
2015-04-02 00:00:00+09:00,792.3533116081287,813.0684308658576,790.6270516699847,806.1633911132812,102600,0.0,0.0
2015-04-03 00:00:00+09:00,815.6578606856497,819.9735107421875,807.0265605725741,819.9735107421875,54500,0.0,0.0
2015-04-06 00:00:00+09:00,809.6159875940393,819.1104181521783,802.71094718812,815.6578979492188,40700,0.0,0.0
2015-04-07 00:00:00+09:00,815.6578654475256,841.5517659379233,815.6578654475256,836.3729858398438,111500,0.0,0.0
2015-04-08 00:00:00+09:00,838.9623597871273,855.3618297829662,838.9623597871273,846.7305297851562,89800,0.0,0.0
2015-04-09 00:00:00+09:00,851.9092856860551,852.772415661421,838.0992060802022,842.4148559570312,64200,0.0,0.0
2015-04-10 00:00:00+09:00,845.8673732266104,847.5936331719709,830.3310337183666,844.14111328125,153100,0.0,0.0
2015-04-13 00:00:00+09:00,838.9623386766876,849.3198984134369,835.5098187644379,840.6885986328125,80200,0.0,0.0
2015-04-14 00:00:00+09:00,845.8673997853753,856.2249597827472,841.5517497864703,846.7305297851562,101300,0.0,0.0
2015-04-15 00:00:00+09:00,846.7304816358981,847.5936115865973,837.236052178207,838.0991821289062,83400,0.0,0.0
2015-04-16 00:00:00+09:00,844.1412072191258,861.40380859375,844.1412072191258,861.40380859375,104300,0.0,0.0
2015-04-17 00:00:00+09:00,860.5405173837842,875.2137258045709,855.3617379411536,867.445556640625,188200,0.0,0.0
2015-04-20 00:00:00+09:00,859.6775484562876,869.1719792123309,856.2250281813627,861.40380859375,100700,0.0,0.0
2015-04-21 00:00:00+09:00,861.4036206152149,866.5823998974707,855.3617114525831,864.8561401367188,245400,0.0,0.0
2015-04-22 00:00:00+09:00,864.8562648925782,873.4875649414063,862.2668748779297,863.1300048828125,52100,0.0,0.0
2015-04-23 00:00:00+09:00,866.5825249023438,868.3087849121094,862.2668748779297,863.1300048828125,81500,0.0,0.0
2015-04-24 00:00:00+09:00,863.1298803759669,869.1717895385985,860.540490734839,864.8561401367188,106800,0.0,0.0
2015-04-27 00:00:00+09:00,863.1299626602763,871.7612622868791,858.8143128469749,870.8981323242188,129200,0.0,0.0
2015-04-28 00:00:00+09:00,872.6244825910813,882.118913163289,866.5825722269492,871.7613525390625,130300,0.0,0.0
2015-04-30 00:00:00+09:00,863.1299071050995,882.1187650614118,857.0879977553639,867.445556640625,183000,0.0,0.0
2015-05-01 00:00:00+09:00,867.4458037630274,873.4877148340137,858.814502233047,865.7195434570312,178700,0.0,0.0
2015-05-07 00:00:00+09:00,863.1299626602763,894.2026413160462,863.1299626602763,870.8981323242188,154800,0.0,0.0
2015-05-08 00:00:00+09:00,871.76124684841,882.1188062169059,859.6774275851647,881.2556762695312,179700,0.0,0.0
2015-05-11 00:00:00+09:00,884.7082253771518,889.0238752570405,877.8031855693301,882.1188354492188,214900,0.0,0.0
2015-05-12 00:00:00+09:00,880.3927176339286,909.7391415550595,872.6245465959821,906.28662109375,345800,0.0,0.0
2015-05-13 00:00:00+09:00,897.6552939574378,921.8229364870612,819.9735858265058,903.6972045898438,471700,0.0,0.0
2015-05-14 00:00:00+09:00,898.5183107189666,934.7697699410575,898.5183107189666,918.3703002929688,175400,0.0,0.0
2015-05-15 00:00:00+09:00,923.5490533970753,930.4540930486422,907.1495842246038,915.7808837890625,97400,0.0,0.0
2015-05-18 00:00:00+09:00,916.643935546875,936.4959228515626,916.643935546875,927.8646240234375,167200,0.0,0.0
2015-05-19 00:00:00+09:00,934.7698516008841,947.7168024540819,920.0966406339265,944.2642822265625,170200,0.0,0.0
2015-05-20 00:00:00+09:00,947.7168928590539,960.6638449472923,928.7280297963042,945.1275024414062,172400,0.0,0.0
2015-05-21 00:00:00+09:00,947.7167148007952,963.2530543876935,942.5379349384958,961.5267944335938,289200,0.0,0.0
2015-05-22 00:00:00+09:00,1116.8903629706365,1133.2898350698963,1003.8203184967931,1036.6192626953125,556300,0.0,0.0
2015-05-25 00:00:00+09:00,1035.756132584825,1048.7030842421354,1012.4516196016666,1036.6192626953125,183000,0.0,0.0
2015-05-26 00:00:00+09:00,1024.5351292893693,1044.3871157878154,1017.630090507301,1021.9457397460938,128100,0.0,0.0
2015-05-27 00:00:00+09:00,1018.4934731579701,1036.619204459934,1010.7253025999856,1034.8929443359375,138700,0.0,0.0
2015-05-28 00:00:00+09:00,1027.1248197716093,1042.6611615832808,1016.7672585638285,1025.3985595703125,130000,0.0,0.0
2015-05-29 00:00:00+09:00,1025.3982958611641,1033.1664647692032,1005.5463086517308,1017.630126953125,120400,0.0,0.0
2015-06-01 00:00:00+09:00,996.915227020136,1034.8929499542364,992.5995766867155,1031.4404296875,131300,0.0,0.0
2015-06-02 00:00:00+09:00,1034.8930713252018,1062.5132366983514,1034.8930713252018,1049.5662841796875,156200,0.0,0.0
2015-06-03 00:00:00+09:00,1049.5661677495875,1055.608078254725,1036.61921666715,1046.1136474609375,60000,0.0,0.0
2015-06-04 00:00:00+09:00,1044.3872892807622,1065.9655390592902,1042.66102929848,1050.42919921875,195000,0.0,0.0
2015-06-05 00:00:00+09:00,1046.9767652039134,1048.70302532791,1032.3035541499426,1034.8929443359375,176100,0.0,0.0
2015-06-08 00:00:00+09:00,1034.8928215909166,1034.8928215909166,1010.7251827214039,1015.0408325195312,179900,0.0,0.0
2015-06-09 00:00:00+09:00,1004.6833661397299,1010.7252764172025,990.8732855055068,994.3258056640625,262300,0.0,0.0
2015-06-10 00:00:00+09:00,994.3256709875216,1013.3145292876304,994.3256709875216,1002.9569702148438,164500,0.0,0.0
2015-06-11 00:00:00+09:00,1003.8202749278448,1010.7253155120432,993.4627140515472,1008.1359252929688,176500,0.0,0.0
2015-06-12 00:00:00+09:00,1008.1360035444987,1025.3986063449183,1007.2728734044778,1015.9041748046875,299700,0.0,0.0
2015-06-15 00:00:00+09:00,1013.3144412685084,1025.3982591371278,1005.5462726386817,1021.9457397460938,117000,0.0,0.0
2015-06-16 00:00:00+09:00,1021.9460064613656,1023.6722666074153,1008.1359252929688,1008.1359252929688,134200,0.0,0.0
2015-06-17 00:00:00+09:00,1007.2728000751005,1008.9990602294708,986.5576782226562,986.5576782226562,298300,0.0,0.0
2015-06-18 00:00:00+09:00,982.2420919145857,984.8314823150635,956.3481879098075,966.7057495117188,349900,0.0,0.0
2015-06-19 00:00:00+09:00,971.021201393821,1007.2726595791903,971.021201393821,996.9151000976562,398300,0.0,0.0
2015-06-22 00:00:00+09:00,996.9149976907316,1007.2725561082977,993.4624782182096,1004.6831665039062,140900,0.0,0.0
2015-06-23 00:00:00+09:00,1005.5463499411559,1014.1776490822816,1000.3675704564804,1009.8619995117188,203900,0.0,0.0
2015-06-24 00:00:00+09:00,1016.7670388246194,1029.713987536308,1004.6832200270433,1009.8619995117188,106200,0.0,0.0
2015-06-25 00:00:00+09:00,1009.8619091337415,1018.493207502406,1001.230610765077,1008.998779296875,89500,0.0,0.0
2015-06-26 00:00:00+09:00,1008.9990811820652,1008.9990811820652,987.4208288043478,992.599609375,81900,0.0,0.0
2015-06-29 00:00:00+09:00,958.0745102081437,966.7058121019107,947.7169479356232,948.580078125,174800,0.0,0.0
2015-06-30 00:00:00+09:00,944.2642025714646,951.1692424440165,929.5909928422919,936.4960327148438,183900,0.0,0.0
2015-07-01 00:00:00+09:00,937.3591005067567,961.5267384572072,934.7697107263514,958.07421875,231100,0.0,0.0
2015-07-02 00:00:00+09:00,963.2529107083701,989.1468061575199,963.2529107083701,977.06298828125,208100,0.0,0.0
2015-07-03 00:00:00+09:00,977.0631950599852,987.4207554316458,971.0212848431831,981.3788452148438,176600,0.0,0.0
2015-07-06 00:00:00+09:00,966.7056677476415,987.4207891993767,960.6637573242188,960.6637573242188,160500,0.0,0.0
2015-07-07 00:00:00+09:00,971.0210571289062,995.188692328559,968.4316676432292,971.0210571289062,185100,0.0,0.0
2015-07-08 00:00:00+09:00,964.9793221891201,964.9793221891201,936.4960327148438,936.4960327148438,199700,0.0,0.0
2015-07-09 00:00:00+09:00,910.6022435650707,941.6749267578125,894.2027718800125,941.6749267578125,222200,0.0,0.0
2015-07-10 00:00:00+09:00,941.6748419492942,964.9793522450146,930.4541518069103,937.3591918945312,231100,0.0,0.0
2015-07-13 00:00:00+09:00,937.3589938151041,980.5154852430555,936.4958639865451,971.0210571289062,189800,0.0,0.0
2015-07-14 00:00:00+09:00,984.8312159408757,991.7362551411624,973.61052724041,978.789306640625,73100,0.0,0.0
2015-07-15 00:00:00+09:00,968.4319278686195,977.9263585339982,952.8955867798181,960.6637573242188,126300,0.0,0.0
2015-07-16 00:00:00+09:00,971.0211084673915,977.9261474609375,963.2529395996524,977.9261474609375,138300,0.0,0.0
2015-07-17 00:00:00+09:00,972.7475082492914,983.9681982290969,959.8005582725928,965.8424682617188,58000,0.0,0.0
2015-07-21 00:00:00+09:00,966.7056220112322,975.3369222077611,960.663711873662,970.1581420898438,41900,0.0,0.0
2015-07-22 00:00:00+09:00,956.3479978208188,958.0742577446831,928.7278390389902,932.1803588867188,97100,0.0,0.0
2015-07-23 00:00:00+09:00,932.1803588867188,941.6747884679723,923.5490592673973,932.1803588867188,64300,0.0,0.0
2015-07-24 00:00:00+09:00,932.1803477112676,944.2641670334507,918.3702684859154,919.2333984375,81900,0.0,0.0
2015-07-27 00:00:00+09:00,916.6441378731259,918.3703980197796,895.0658860399544,895.9290161132812,70800,0.0,0.0
2015-07-28 00:00:00+09:00,886.434451853046,914.9177399846433,882.1188021361372,904.5601806640625,84900,0.0,0.0
2015-07-29 00:00:00+09:00,905.4233584196671,905.4233584196671,887.2976286514945,893.3395385742188,67400,0.0,0.0
2015-07-30 00:00:00+09:00,896.7921170241118,914.054717929292,882.1189062547086,895.0658569335938,197100,0.0,0.0
2015-07-31 00:00:00+09:00,901.1077006634016,920.9596902374038,891.6132708671397,918.3703002929688,75300,0.0,0.0
2015-08-03 00:00:00+09:00,912.3285174099905,924.4123388326393,902.8340862921949,914.9179077148438,77000,0.0,0.0
2015-08-04 00:00:00+09:00,919.233403614846,920.0965335712918,907.1495842246038,915.7808837890625,79300,0.0,0.0
2015-08-05 00:00:00+09:00,901.9708435058594,951.1692531516335,898.5183235307173,949.4429931640625,180300,0.0,0.0
2015-08-06 00:00:00+09:00,950.3062794512044,989.1471355595643,950.3062794512044,983.105224609375,235100,0.0,0.0
2015-08-07 00:00:00+09:00,957.211168277253,974.4737682461846,952.8955182850201,965.8424682617188,134400,0.0,0.0
2015-08-10 00:00:00+09:00,968.4319836661768,983.1051955399068,958.9375524537634,982.2420654296875,138700,0.0,0.0
2015-08-11 00:00:00+09:00,985.6944030183436,1013.3145614216597,981.3787532678255,1002.0938720703125,150000,0.0,0.0
2015-08-12 00:00:00+09:00,994.3258869727591,1005.5465784056115,981.378935319468,982.2420654296875,92800,0.0,0.0
2015-08-13 00:00:00+09:00,973.6105931104811,984.8312825700878,966.7055534430309,975.3368530273438,108500,0.0,0.0
2015-08-14 00:00:00+09:00,973.6106886368678,986.5576392836347,968.4319083781611,972.74755859375,77200,0.0,0.0
2015-08-17 00:00:00+09:00,978.7895739306683,988.284005423823,954.6219301299111,983.105224609375,77100,0.0,0.0
2015-08-18 00:00:00+09:00,977.9263671213372,980.5157573255419,949.4430748750847,955.4849853515625,145700,0.0,0.0
2015-08-19 00:00:00+09:00,954.6218552834941,967.568806304518,949.4430748750847,955.4849853515625,108700,0.0,0.0
2015-08-20 00:00:00+09:00,945.9904382776331,964.9792974401403,931.3172289247866,932.1803588867188,131500,0.0,0.0
2015-08-21 00:00:00+09:00,906.2864774816177,914.9177772671569,880.392578125,880.392578125,96500,0.0,0.0
2015-08-24 00:00:00+09:00,845.0041958271888,862.2667943119118,813.9315185546875,813.9315185546875,107900,0.0,0.0
2015-08-25 00:00:00+09:00,813.9316748950116,833.7836669656216,790.6271624642955,793.216552734375,120600,0.0,0.0
2015-08-26 00:00:00+09:00,783.7221032228609,826.8786067042961,782.8589731532323,823.4260864257812,115100,0.0,0.0
2015-08-27 00:00:00+09:00,836.3729484870983,846.7305082206847,815.6578290199255,820.8366088867188,126800,0.0,0.0
2015-08-28 00:00:00+09:00,846.7305797117907,861.403790573259,837.23614915437,853.6356201171875,100100,0.0,0.0
2015-08-31 00:00:00+09:00,842.4149294584176,860.5406605225844,841.551799407743,853.6356201171875,97400,0.0,0.0
2015-09-01 00:00:00+09:00,852.7724506499711,859.6774907362056,838.0992404667226,839.8255004882812,252700,0.0,0.0
2015-09-02 00:00:00+09:00,813.9316241359211,833.7836149685046,810.479103991124,824.2891845703125,192600,0.0,0.0
2015-09-03 00:00:00+09:00,830.3310948237074,838.9623951857002,819.9735343893161,824.2891845703125,115600,0.0,0.0
2015-09-04 00:00:00+09:00,834.6466747031791,835.5098046666777,800.1214761632338,809.6159057617188,99300,0.0,0.0
2015-09-07 00:00:00+09:00,802.7108870566279,813.0684468896167,788.9008072793097,795.8058471679688,59400,0.0,0.0
2015-09-08 00:00:00+09:00,799.2583351672534,813.0684143926056,790.6270356514084,796.6689453125,69900,0.0,0.0
2015-09-09 00:00:00+09:00,804.4371574401856,832.9204473495483,804.4371574401856,828.6047973632812,149900,0.0,0.0
2015-09-10 00:00:00+09:00,808.7527944047197,831.1941739719798,806.1634044546513,817.3840942382812,109500,0.0,0.0
2015-09-11 00:00:00+09:00,804.4372248939499,832.0573871220682,804.4372248939499,823.4260864257812,146100,0.0,0.0
2015-09-14 00:00:00+09:00,826.0153884887695,832.057298331425,796.6689692530139,800.984619140625,66600,0.0,0.0
2015-09-15 00:00:00+09:00,808.7527751985143,825.1522444928279,789.763916015625,789.763916015625,75700,0.0,0.0
2015-09-16 00:00:00+09:00,800.9846746747586,813.0684951978692,791.4902442637431,804.4371948242188,52400,0.0,0.0
2015-09-17 00:00:00+09:00,808.7527814683745,830.3310307071251,808.7527814683745,826.015380859375,82900,0.0,0.0
2015-09-18 00:00:00+09:00,816.5209454697078,826.0153750681927,804.4371259807269,809.6159057617188,84500,0.0,0.0
2015-09-24 00:00:00+09:00,788.0377923617706,802.71100426774,772.5014503436853,781.1327514648438,172000,0.0,0.0
2015-09-25 00:00:00+09:00,798.3952791262896,808.7528395041442,794.0796289688501,807.8897094726562,119100,0.0,0.0
2015-09-28 00:00:00+09:00,813.1130634074809,842.7124682852693,796.5722195051874,812.2424926757812,60800,8.0,0.0
2015-09-29 00:00:00+09:00,793.0898876926208,810.5013012533808,784.3841809122407,789.6076049804688,89300,0.0,0.0
2015-09-30 00:00:00+09:00,789.6076954898671,818.3365311581864,789.6076954898671,814.854248046875,55700,0.0,0.0
2015-10-01 00:00:00+09:00,815.7248312863798,843.5830966024567,810.5014065396152,836.6185302734375,82200,0.0,0.0
2015-10-02 00:00:00+09:00,826.1716807799086,845.3242381847116,820.0776852420167,836.6185302734375,58100,0.0,0.0
2015-10-05 00:00:00+09:00,849.677064185049,862.7356256223192,840.1007857977175,843.5830688476562,38700,0.0,0.0
2015-10-06 00:00:00+09:00,856.6416515672064,881.8882043064838,856.6416515672064,867.0885009765625,64500,0.0,0.0
2015-10-07 00:00:00+09:00,867.0885520729271,881.0176854395605,858.3828437187813,871.44140625,112000,0.0,0.0
2015-10-08 00:00:00+09:00,869.7003052482265,884.5000101423406,869.7003052482265,880.1471557617188,106500,0.0,0.0
2015-10-09 00:00:00+09:00,880.1471699156639,897.5585877181499,872.3120319045453,889.7234497070312,84300,0.0,0.0
2015-10-13 00:00:00+09:00,881.0176671244709,892.3350877495876,871.4413881339875,874.0531005859375,66400,0.0,0.0
2015-10-14 00:00:00+09:00,874.0530686180801,874.0530686180801,855.7710821230804,860.9945068359375,73000,0.0,0.0
2015-10-15 00:00:00+09:00,861.8650845391957,874.0530756336893,859.2533721618041,868.8296508789062,84100,0.0,0.0
2015-10-16 00:00:00+09:00,879.276560313666,893.2056939423974,874.0531352028918,874.9237060546875,75600,0.0,0.0
2015-10-19 00:00:00+09:00,874.9237060546875,899.2996899049673,864.476855833139,874.9237060546875,47700,0.0,0.0
2015-10-20 00:00:00+09:00,874.9235413517785,880.1469654792518,858.3826982814463,866.2178344726562,30700,0.0,0.0
2015-10-21 00:00:00+09:00,867.0884094532001,906.2640906031942,867.0884094532001,904.52294921875,77500,0.0,0.0
2015-10-22 00:00:00+09:00,892.3350219726562,903.6524417635289,888.85273896008,892.3350219726562,38500,0.0,0.0
2015-10-23 00:00:00+09:00,909.746389625186,927.157803780692,909.746389625186,914.0992431640625,109100,0.0,0.0
2015-10-26 00:00:00+09:00,918.4520444733104,918.4520444733104,887.9820714339114,909.746337890625,83800,0.0,0.0
2015-10-27 00:00:00+09:00,909.7464878005025,914.9699126108403,901.9113505849957,902.7819213867188,73500,0.0,0.0
2015-10-28 00:00:00+09:00,900.1700866231516,914.969788240747,900.1700866231516,908.8757934570312,73000,0.0,0.0
2015-10-29 00:00:00+09:00,915.8403930664062,930.6400952357303,903.65240304461,915.8403930664062,56700,0.0,0.0
2015-10-30 00:00:00+09:00,915.8405085240892,931.5107833847675,908.00537109375,908.00537109375,124900,0.0,0.0
2015-11-02 00:00:00+09:00,896.6880168280255,904.5231548391442,889.7234497070312,889.7234497070312,72400,0.0,0.0
2015-11-04 00:00:00+09:00,909.7463641404192,930.6400605417302,901.9112279899275,908.8757934570312,99600,0.0,0.0
2015-11-05 00:00:00+09:00,915.8402277604656,928.028215582373,908.0050927320966,925.41650390625,91000,0.0,0.0
2015-11-06 00:00:00+09:00,931.5107063378543,938.4752723665486,923.6755695555732,936.734130859375,69500,0.0,0.0
2015-11-09 00:00:00+09:00,941.9577612058081,948.0517578125,931.5109098800505,948.0517578125,70800,0.0,0.0
2015-11-10 00:00:00+09:00,941.9575542474608,953.274974030471,925.4167099492151,942.828125,49000,0.0,0.0
2015-11-11 00:00:00+09:00,935.8637224903423,947.1811442506906,911.4877371603613,945.4400024414062,128400,0.0,0.0
2015-11-12 00:00:00+09:00,945.4399495966294,950.6633747325224,934.9930993248435,947.1810913085938,79200,0.0,0.0
2015-11-13 00:00:00+09:00,939.3460483743686,948.0517578125,932.3814808238636,948.0517578125,46900,0.0,0.0
2015-11-16 00:00:00+09:00,924.5461580502243,941.9575734560666,924.5461580502243,934.1224365234375,48400,0.0,0.0
2015-11-17 00:00:00+09:00,948.9222293583754,971.5570715265569,948.051658505753,959.3690795898438,94400,0.0,0.0
2015-11-18 00:00:00+09:00,963.7217806302584,964.5923513444683,924.546098490817,928.0283813476562,89900,0.0,0.0
2015-11-19 00:00:00+09:00,940.2164173578199,942.8281296282582,914.9698654102488,918.4521484375,92600,0.0,0.0
2015-11-20 00:00:00+09:00,921.9344621833652,937.604736328125,914.0993251109853,937.604736328125,104600,0.0,0.0
2015-11-24 00:00:00+09:00,935.8637064089396,943.6988444160843,932.3814228502087,941.9577026367188,68200,0.0,0.0
2015-11-25 00:00:00+09:00,941.9574854333973,941.9574854333973,926.2872130324721,934.992919921875,63300,0.0,0.0
2015-11-26 00:00:00+09:00,923.6755718224017,934.1224208910811,921.9344303109552,924.546142578125,42500,0.0,0.0
2015-11-27 00:00:00+09:00,925.4166607390669,932.3812263890316,920.1932365015933,926.2872314453125,53000,0.0,0.0
2015-11-30 00:00:00+09:00,919.3226909316588,935.8635348025883,919.3226909316588,931.5106811523438,63900,0.0,0.0
2015-12-01 00:00:00+09:00,931.5108140919306,953.2750854492188,925.4168181118899,953.2750854492188,61900,0.0,0.0
2015-12-02 00:00:00+09:00,953.2749897121729,955.0161312458938,942.8281405098477,952.4044189453125,40000,0.0,0.0
2015-12-03 00:00:00+09:00,945.4399396193104,954.1456480872598,939.3459436917458,951.533935546875,38600,0.0,0.0
2015-12-04 00:00:00+09:00,926.2872314453125,933.2517970952772,914.9698122641197,926.2872314453125,82900,0.0,0.0
2015-12-07 00:00:00+09:00,926.2873091679834,946.3104370917274,915.8404598164648,929.7695922851562,84800,0.0,0.0
2015-12-08 00:00:00+09:00,929.7695694552123,930.6401402131291,906.264158991457,912.358154296875,209200,0.0,0.0
2015-12-09 00:00:00+09:00,914.0992268331929,917.5815096020813,901.9112371420837,904.52294921875,135500,0.0,0.0
2015-12-10 00:00:00+09:00,891.4644002961501,902.7818194405348,880.1469811517653,881.8881225585938,111100,0.0,0.0
2015-12-11 00:00:00+09:00,877.5353202894769,893.2055938660747,877.5353202894769,886.2410278320312,121300,0.0,0.0
2015-12-14 00:00:00+09:00,861.8652012037195,888.8528994232299,861.8652012037195,881.0177612304688,67000,0.0,0.0
2015-12-15 00:00:00+09:00,883.629347258318,887.1116304002227,860.9945068359375,860.9945068359375,55500,0.0,0.0
2015-12-16 00:00:00+09:00,861.8650762718844,873.1824964653537,859.2533639195454,867.0885009765625,63600,0.0,0.0
2015-12-17 00:00:00+09:00,889.7233934935348,908.875951866194,882.7588268125678,903.6525268554688,76900,0.0,0.0
2015-12-18 00:00:00+09:00,891.4645253479125,909.746512684149,874.9236796627462,875.7942504882812,128400,0.0,0.0
2015-12-21 00:00:00+09:00,872.3118930081708,872.3118930081708,848.8064827175315,854.0299072265625,58200,0.0,0.0
2015-12-22 00:00:00+09:00,853.1593544302787,861.8650621285468,847.0653590414909,851.418212890625,40300,0.0,0.0
2015-12-24 00:00:00+09:00,851.4183104715229,856.6417356891396,846.1948852539062,846.1948852539062,32900,0.0,0.0
2015-12-25 00:00:00+09:00,846.1948852539062,846.1948852539062,846.1948852539062,846.1948852539062,0,0.0,0.0
2015-12-28 00:00:00+09:00,837.4890723306625,852.2887752720567,837.4890723306625,849.6770629882812,21200,0.0,0.0
2015-12-29 00:00:00+09:00,846.1948375355114,865.3473955867267,836.6185585099038,861.8651123046875,40700,0.0,0.0
2015-12-30 00:00:00+09:00,869.700197791085,873.1824808653236,855.7710654941307,857.51220703125,40800,0.0,0.0
2016-01-04 00:00:00+09:00,844.453653151511,852.2887901395148,817.4659590817206,820.9482421875,46400,0.0,0.0
2016-01-05 00:00:00+09:00,824.4304863683957,850.5476084286405,821.8187741623711,844.45361328125,62000,0.0,0.0
2016-01-06 00:00:00+09:00,844.4535283970499,856.641517466698,797.4427134141214,808.7601318359375,44600,0.0,0.0
2016-01-07 00:00:00+09:00,806.1486244870905,818.3366166499624,789.607777980336,793.9606323242188,70400,0.0,0.0
2016-01-08 00:00:00+09:00,786.1254258375901,810.5014080341045,786.1254258375901,792.2194213867188,51300,0.0,0.0
2016-01-12 00:00:00+09:00,792.219365234375,807.0190676618304,759.1376774553571,761.7493896484375,140900,0.0,0.0
2016-01-13 00:00:00+09:00,763.4905759050546,802.6662610997267,763.4905759050546,796.572265625,34700,0.0,0.0
2016-01-14 00:00:00+09:00,771.3256647927421,786.9959378923689,771.3256647927421,780.0313720703125,83000,0.0,0.0
2016-01-15 00:00:00+09:00,793.0899646235447,800.9251014859068,792.21939386106,799.1839599609375,95900,0.0,0.0
2016-01-18 00:00:00+09:00,786.1252792511497,793.9604149247492,776.5490023167504,780.90185546875,71400,0.0,0.0
2016-01-19 00:00:00+09:00,775.678554166301,787.8665449163886,771.3257003269838,774.8079833984375,35100,0.0,0.0
2016-01-20 00:00:00+09:00,766.972864261867,776.5491429302899,730.4088911642525,733.8911743164062,65900,0.0,0.0
2016-01-21 00:00:00+09:00,728.6676562143156,746.0790697439288,714.738525390625,714.738525390625,69500,0.0,0.0
2016-01-22 00:00:00+09:00,740.85571770919,760.8788452148438,732.1500100980362,760.8788452148438,35900,0.0,0.0
2016-01-25 00:00:00+09:00,766.1022487037167,787.8665171327995,766.1022487037167,781.7725219726562,54100,0.0,0.0
2016-01-26 00:00:00+09:00,782.6431938988202,786.1254772977026,763.4906352049669,764.3612060546875,56400,0.0,0.0
2016-01-27 00:00:00+09:00,777.4197634144275,792.2194677571433,773.9374800396707,782.6431884765625,32200,0.0,0.0
2016-01-28 00:00:00+09:00,783.513576701536,783.513576701536,762.6198813228284,770.4550170898438,55300,0.0,0.0
2016-01-29 00:00:00+09:00,780.0313720703125,783.5136549813408,751.3025380543301,780.0313720703125,93900,0.0,0.0
2016-02-01 00:00:00+09:00,795.7018043493375,827.0423568182392,784.3843826244564,807.0192260742188,103000,0.0,0.0
2016-02-02 00:00:00+09:00,807.0190766523228,818.3364962817514,800.0545107265208,813.983642578125,85900,0.0,0.0
2016-02-03 00:00:00+09:00,787.866466118614,787.866466118614,755.6553509292343,765.2316284179688,50500,0.0,0.0
2016-02-04 00:00:00+09:00,755.6553509292343,773.9373352259092,749.5613561636759,765.2316284179688,36500,0.0,0.0
2016-02-05 00:00:00+09:00,748.6908915981599,760.8788828567345,734.7617587312174,749.5614624023438,36800,0.0,0.0
2016-02-08 00:00:00+09:00,775.6786272321428,838.359728422619,771.3257729828042,822.689453125,349500,0.0,0.0
2016-02-09 00:00:00+09:00,797.4429280598957,807.8897786458333,780.9020812988281,783.5137939453125,202100,0.0,0.0
2016-02-10 00:00:00+09:00,783.5137461425227,786.9960294587117,761.7494754163415,766.972900390625,99600,0.0,0.0
2016-02-12 00:00:00+09:00,757.3965284951014,777.4196551104892,746.9496798262035,753.9142456054688,230000,0.0,0.0
2016-02-15 00:00:00+09:00,764.3610898101501,791.3487820471828,743.467392594383,784.3842163085938,152500,0.0,0.0
2016-02-16 00:00:00+09:00,778.2903211682392,822.6894334496488,761.7494754163415,766.972900390625,182900,0.0,0.0
2016-02-17 00:00:00+09:00,758.2671306025874,782.6431118389507,748.6908522597304,773.0668334960938,120300,0.0,0.0
2016-02-18 00:00:00+09:00,786.1254718513192,790.478326069765,769.5846258212249,782.6431884765625,144000,0.0,0.0
2016-02-19 00:00:00+09:00,772.1963138729834,787.8665885626268,766.1023181603443,777.4197387695312,65800,0.0,0.0
2016-02-22 00:00:00+09:00,774.8079715808495,799.1839527092358,774.8079715808495,791.3488159179688,60300,0.0,0.0
2016-02-23 00:00:00+09:00,793.9605402914326,801.7956772022033,766.9728464876667,774.8079833984375,113600,0.0,0.0
2016-02-24 00:00:00+09:00,759.1377230043764,761.7494353541622,744.3380196889242,752.1731567382812,132700,0.0,0.0
2016-02-25 00:00:00+09:00,752.1732421874999,787.8666483561198,752.1732421874999,783.5137939453125,127400,0.0,0.0
2016-02-26 00:00:00+09:00,783.5136604516629,803.536787329872,779.1608067824869,800.0545043945312,148800,0.0,0.0
2016-02-29 00:00:00+09:00,808.7602818061422,821.8188439451004,801.7957153320312,801.7957153320312,99900,0.0,0.0
2016-03-01 00:00:00+09:00,801.7956306550664,801.7956306550664,775.6785091353574,784.3842163085938,101200,0.0,0.0
2016-03-02 00:00:00+09:00,800.925110623055,846.194790788706,794.8311152161405,839.230224609375,106300,0.0,0.0
2016-03-03 00:00:00+09:00,840.1007941233265,860.1239218589084,831.3950864122039,845.32421875,62700,0.0,0.0
2016-03-04 00:00:00+09:00,844.4537334774021,860.1240089439931,844.4537334774021,850.5477294921875,89700,0.0,0.0
2016-03-07 00:00:00+09:00,847.9359643330247,857.5122431909953,847.9359643330247,852.288818359375,69100,0.0,0.0
2016-03-08 00:00:00+09:00,843.5830881956099,856.641649932384,819.2071062869649,834.8773803710938,90900,0.0,0.0
2016-03-09 00:00:00+09:00,826.1716243829758,827.0421951146755,807.0190682855833,812.2424926757812,51800,0.0,0.0
2016-03-10 00:00:00+09:00,817.4660002157045,834.0068458004738,817.4660002157045,829.6539916992188,89200,0.0,0.0
2016-03-11 00:00:00+09:00,834.8773445722353,840.971339788091,813.9836466893013,840.1007690429688,222800,0.0,0.0
2016-03-14 00:00:00+09:00,849.6771387411347,860.9945596464983,838.3597178357712,859.25341796875,59300,0.0,0.0
2016-03-15 00:00:00+09:00,854.9005637743794,864.4768430019947,852.2888512577571,859.25341796875,48000,0.0,0.0
2016-03-16 00:00:00+09:00,851.4182116513325,862.7356316426078,843.5830747342957,857.51220703125,62400,0.0,0.0
2016-03-17 00:00:00+09:00,866.2179315487945,870.5707854761754,850.5476574102233,860.9945068359375,68400,0.0,0.0
2016-03-18 00:00:00+09:00,854.029913287225,878.4058945023547,854.029913287225,867.9590454101562,103300,0.0,0.0
2016-03-22 00:00:00+09:00,879.2764197455512,888.8526975843641,867.0884297688801,877.5352783203125,78600,0.0,0.0
2016-03-23 00:00:00+09:00,876.6648312624876,881.8882562749751,867.9591229083417,871.44140625,28700,0.0,0.0
2016-03-24 00:00:00+09:00,864.4767802984902,872.3119172800475,853.1593602140185,865.3473510742188,66100,0.0,0.0
2016-03-25 00:00:00+09:00,860.9945082033238,869.7002160719115,852.2888003347362,854.9005126953125,60000,0.0,0.0
2016-03-28 00:00:00+09:00,874.9237060546875,874.9237060546875,850.5477222044076,874.9237060546875,83100,0.0,0.0
2016-03-29 00:00:00+09:00,878.4339260989673,896.8626098632812,859.127685964924,896.8626098632812,86900,8.0,0.0
2016-03-30 00:00:00+09:00,895.107346330504,901.2502398837526,890.7195652210409,893.3522338867188,49400,0.0,0.0
2016-03-31 00:00:00+09:00,888.9644693192525,899.4951441779209,872.2909007930276,873.16845703125,45000,0.0,0.0
2016-04-01 00:00:00+09:00,874.0460416401476,888.0869419074592,852.1071349724732,861.76025390625,145400,0.0,0.0
2016-04-04 00:00:00+09:00,860.0052165209763,874.9236743585851,853.8623221172551,863.5154418945312,127600,0.0,0.0
2016-04-05 00:00:00+09:00,858.250079505481,860.8827484610193,837.1887278611748,838.0662841796875,90800,0.0,0.0
2016-04-06 00:00:00+09:00,836.3111034209373,842.4539971501572,831.0457659387488,837.1886596679688,126800,0.0,0.0
2016-04-07 00:00:00+09:00,830.1683561849644,845.9643714189278,830.1683561849644,832.801025390625,223300,0.0,0.0
2016-04-08 00:00:00+09:00,822.2701913086928,875.801121585993,820.5150788405846,865.2704467773438,262800,0.0,0.0
2016-04-11 00:00:00+09:00,862.637846201474,865.2705151115496,838.9438260107926,851.2296142578125,129700,0.0,0.0
2016-04-12 00:00:00+09:00,860.0051879882812,883.6992084736727,843.3316180170799,860.0051879882812,248200,0.0,0.0
2016-04-13 00:00:00+09:00,859.127565843754,866.1480158200054,830.1682096917174,837.1886596679688,184100,0.0,0.0
2016-04-14 00:00:00+09:00,850.3520579544539,858.2500646846811,839.8213823141512,851.2296142578125,131300,0.0,0.0
2016-04-15 00:00:00+09:00,838.9438404982003,850.3520726388662,834.5560589056365,838.0662841796875,183400,0.0,0.0
2016-04-18 00:00:00+09:00,806.4742037758651,824.9028852549654,806.4742037758651,809.1068725585938,73100,0.0,0.0
2016-04-19 00:00:00+09:00,826.6580343731379,833.6784847712112,820.5151402748237,828.4131469726562,96900,0.0,0.0
2016-04-20 00:00:00+09:00,837.1887312133283,856.4949702979123,833.6785059252221,845.9642944335938,193800,0.0,0.0
2016-04-21 00:00:00+09:00,859.1276316740075,860.0051879882812,849.4745122169961,860.0051879882812,100000,0.0,0.0
2016-04-22 00:00:00+09:00,851.2296323657531,851.2296323657531,840.6989565014345,845.9642944335938,162500,0.0,0.0
2016-04-25 00:00:00+09:00,845.9642910463024,849.4745163203535,831.9233899500982,838.0662841796875,144000,0.0,0.0
2016-04-26 00:00:00+09:00,831.9234151418586,838.066309557463,827.5356334164269,833.6785278320312,113400,0.0,0.0
2016-04-27 00:00:00+09:00,833.678445141318,838.0662264315354,824.0253263028395,831.0457763671875,137000,0.0,0.0
2016-04-28 00:00:00+09:00,840.6989574145246,852.1071896132602,812.6171550791751,816.1273803710938,144100,0.0,0.0
2016-05-02 00:00:00+09:00,789.8006189488395,810.8619687874752,773.1270503265863,777.5148315429688,110900,0.0,0.0
2016-05-06 00:00:00+09:00,779.2700876379711,791.5558773079391,771.3720799929916,780.1476440429688,100000,0.0,0.0
2016-05-09 00:00:00+09:00,788.0454639107354,798.5761382614356,782.7801267353852,787.1679077148438,74500,0.0,0.0
2016-05-10 00:00:00+09:00,791.5557189808433,808.2292873407501,786.2903816040306,805.5966186523438,79100,0.0,0.0
2016-05-11 00:00:00+09:00,831.0458162283314,831.0458162283314,749.4330803157287,753.8208618164062,316100,0.0,0.0
2016-05-12 00:00:00+09:00,750.3106617983387,754.6984434462822,738.9024295136855,749.43310546875,148900,0.0,0.0
2016-05-13 00:00:00+09:00,748.5556019202974,748.5556019202974,721.3513537848587,725.7391357421875,141000,0.0,0.0
2016-05-16 00:00:00+09:00,724.8615793507217,739.7800380056398,723.1064665677902,725.7391357421875,103000,0.0,0.0
2016-05-17 00:00:00+09:00,736.2697109686301,745.0452736738581,731.0043733454933,743.2901611328125,130000,0.0,0.0
2016-05-18 00:00:00+09:00,739.7798825389934,748.5554446094442,737.1472139178583,744.1676635742188,86800,0.0,0.0
2016-05-19 00:00:00+09:00,752.9433307871047,755.5759997758709,743.2902111616291,749.43310546875,85400,0.0,0.0
2016-05-20 00:00:00+09:00,745.9228801503951,753.8208871166935,743.2902111616291,749.43310546875,77500,0.0,0.0
2016-05-23 00:00:00+09:00,745.9228299443809,747.6779424854265,732.7594858865389,743.2901611328125,81900,0.0,0.0
2016-05-24 00:00:00+09:00,740.657546023105,752.0657783670629,737.1473206865027,742.4126586914062,55000,0.0,0.0
2016-05-25 00:00:00+09:00,752.0657492161353,756.4535307168128,744.1677425149156,753.8208618164062,63500,0.0,0.0
2016-05-26 00:00:00+09:00,759.9637918825503,760.8413482242161,754.6984538325557,758.2086791992188,51700,0.0,0.0
2016-05-27 00:00:00+09:00,758.2086004849139,768.7392754916488,758.2086004849139,763.4739379882812,87500,0.0,0.0
2016-05-30 00:00:00+09:00,768.7393044617955,769.6168607454277,759.9637416254737,766.9841918945312,64900,0.0,0.0
2016-05-31 00:00:00+09:00,766.984307379293,794.1885562680322,765.2291945477615,788.9232177734375,138300,0.0,0.0
2016-06-01 00:00:00+09:00,781.0249264819473,787.1678191621425,773.1269216074108,776.6371459960938,50500,0.0,0.0
2016-06-02 00:00:00+09:00,766.9842713527415,773.1271659745598,760.8413767309232,761.7189331054688,71000,0.0,0.0
2016-06-03 00:00:00+09:00,757.3310585371945,768.7392900099449,750.3106084001174,765.2290649414062,44700,0.0,0.0
2016-06-06 00:00:00+09:00,750.3106656987617,753.8208910353641,733.6370953499003,742.4126586914062,80800,0.0,0.0
2016-06-07 00:00:00+09:00,741.5350880555067,752.0657638622121,738.0248627866049,740.6575317382812,47100,0.0,0.0
2016-06-08 00:00:00+09:00,740.657542172863,753.8208871166935,735.3922041953308,749.43310546875,49000,0.0,0.0
2016-06-09 00:00:00+09:00,741.5351319971348,745.0453574740443,728.3717864587242,731.0044555664062,46300,0.0,0.0
2016-06-10 00:00:00+09:00,731.0044740909821,735.3922560483109,720.4737973933929,725.7391357421875,121700,0.0,0.0
2016-06-13 00:00:00+09:00,708.1879668733966,713.453304917065,703.8001851703397,705.5552978515625,92000,0.0,0.0
2016-06-14 00:00:00+09:00,706.4328146630799,722.2288279102046,704.677702080066,708.1879272460938,64800,0.0,0.0
2016-06-15 00:00:00+09:00,702.0450295661027,717.84104273134,695.9021355573993,700.2899169921875,57200,0.0,0.0
2016-06-16 00:00:00+09:00,698.5349117923092,709.9431452763546,673.9633319805196,675.7184448242188,80100,0.0,0.0
2016-06-17 00:00:00+09:00,686.2489912892116,701.1674476215858,686.2489912892116,689.7592163085938,43400,0.0,0.0
2016-06-20 00:00:00+09:00,696.7796455383301,707.3103202819824,694.146976852417,702.0449829101562,41100,0.0,0.0
2016-06-21 00:00:00+09:00,698.5348612215029,710.8206502379614,695.9021921465475,707.3104248046875,43800,0.0,0.0
2016-06-22 00:00:00+09:00,702.9224830160335,706.4327076503208,685.371359844597,688.0040283203125,54900,0.0,0.0
2016-06-23 00:00:00+09:00,691.5143753413702,702.922607421875,680.9836995747503,702.922607421875,36400,0.0,0.0
2016-06-24 00:00:00+09:00,702.9225930606618,709.9430434283088,621.3098575367648,626.5751953125,111000,0.0,0.0
2016-06-27 00:00:00+09:00,630.0853435459422,648.5140235103778,630.0853435459422,646.7589111328125,50700,0.0,0.0
2016-06-28 00:00:00+09:00,646.759048920675,688.0041985804738,638.8610415390115,671.3306274414062,127800,0.0,0.0
2016-06-29 00:00:00+09:00,671.3306091546085,681.8612853766415,660.7999329325754,676.595947265625,66500,0.0,0.0
2016-06-30 00:00:00+09:00,681.8611030228641,688.8815519600364,665.1875367970798,669.5753173828125,96700,0.0,0.0
2016-07-01 00:00:00+09:00,669.5754924965149,688.8817321228889,669.5754924965149,683.6163940429688,59200,0.0,0.0
2016-07-04 00:00:00+09:00,683.6162475274533,690.636696796028,667.8202366731605,688.0040283203125,59200,0.0,0.0
2016-07-05 00:00:00+09:00,684.4939544321498,686.249067135822,671.3306091546085,676.595947265625,44700,0.0,0.0
2016-07-06 00:00:00+09:00,658.1672071920011,661.677432297025,630.962962628065,639.738525390625,72600,0.0,0.0
2016-07-07 00:00:00+09:00,632.7181438429994,642.3712639293697,624.8201364996055,625.6976928710938,63300,0.0,0.0
2016-07-08 00:00:00+09:00,632.7181155695392,633.5956719018131,607.2689819335938,607.2689819335938,55800,0.0,0.0
2016-07-11 00:00:00+09:00,607.2689819335938,607.2689819335938,607.2689819335938,607.2689819335938,0,0.0,0.0
2016-07-12 00:00:00+09:00,666.9427954889112,697.6572663337953,666.9427954889112,680.1061401367188,106200,0.0,0.0
2016-07-13 00:00:00+09:00,706.4329223632812,716.9635994668332,695.0246888344332,706.4329223632812,141900,0.0,0.0
2016-07-14 00:00:00+09:00,706.4327999056899,709.943024998389,690.636786988544,691.5143432617188,92100,0.0,0.0
2016-07-15 00:00:00+09:00,692.3919387018294,714.3308467722295,688.0041570877494,703.8001708984375,45300,0.0,0.0
2016-07-19 00:00:00+09:00,713.4532828855631,727.4941839017612,701.1674944963898,717.841064453125,33200,0.0,0.0
2016-07-20 00:00:00+09:00,716.9634616014434,720.4736866276439,705.5552302662919,719.5961303710938,34100,0.0,0.0
2016-07-21 00:00:00+09:00,731.8819326136233,732.7594888877404,713.4532508571652,721.3512573242188,58400,0.0,0.0
2016-07-22 00:00:00+09:00,708.1878734626392,712.5756545869431,696.7796425394492,709.0654296875,47300,0.0,0.0
2016-07-25 00:00:00+09:00,709.0654835376006,720.4737153271908,699.4123643310244,708.1879272460938,83600,0.0,0.0
2016-07-26 00:00:00+09:00,705.5552978515625,712.5757485764536,695.0246217642257,705.5552978515625,43600,0.0,0.0
2016-07-27 00:00:00+09:00,710.8205290524377,725.7389846004519,706.4327480089041,722.228759765625,89300,0.0,0.0
2016-07-28 00:00:00+09:00,716.0858825683594,719.5961074829102,698.5347579956054,702.0449829101562,66400,0.0,0.0
2016-07-29 00:00:00+09:00,701.1675332660324,717.841104144699,695.9021950938219,715.2084350585938,32000,0.0,0.0
2016-08-01 00:00:00+09:00,715.2083232615254,715.2083232615254,694.1469738648669,709.0654296875,57000,0.0,0.0
2016-08-02 00:00:00+09:00,694.1469453270756,695.9020577046409,645.0037987552472,646.7589111328125,214100,0.0,0.0
2016-08-03 00:00:00+09:00,640.6160453669933,648.5140514057645,632.7180393282222,635.3507080078125,89000,0.0,0.0
2016-08-04 00:00:00+09:00,641.4936840918756,657.2896982008411,637.9834587343278,652.9019165039062,79500,0.0,0.0
2016-08-05 00:00:00+09:00,657.2896547395039,663.4325487090321,642.3711979563643,647.6365356445312,39400,0.0,0.0
2016-08-08 00:00:00+09:00,700.2899598078941,714.3308612576765,690.6368400611688,705.5552978515625,198100,0.0,0.0
2016-08-09 00:00:00+09:00,707.310427800278,717.841104144699,692.3919696456816,715.2084350585938,101700,0.0,0.0
2016-08-10 00:00:00+09:00,707.3103388587584,715.2083451239307,700.289888845272,711.6981201171875,76200,0.0,0.0
2016-08-12 00:00:00+09:00,728.3717221000389,738.9023976002806,718.7186028914842,738.0248413085938,64000,0.0,0.0
2016-08-15 00:00:00+09:00,738.0248776793624,738.0248776793624,725.7390889902886,727.4942016601562,36600,0.0,0.0
2016-08-16 00:00:00+09:00,726.6165573120118,728.3716697692871,701.1674266815186,702.0449829101562,48200,0.0,0.0
2016-08-17 00:00:00+09:00,675.7183303445729,699.4123497202917,675.7183303445729,691.5143432617188,94600,0.0,0.0
2016-08-18 00:00:00+09:00,687.1265362611751,700.2898798677111,679.2285300972536,680.983642578125,55300,0.0,0.0
2016-08-19 00:00:00+09:00,681.8612874604229,707.3104217414426,681.8612874604229,699.4124145507812,54600,0.0,0.0
2016-08-22 00:00:00+09:00,703.8001066984954,713.4532253689237,700.2898817274305,710.820556640625,51600,0.0,0.0
2016-08-23 00:00:00+09:00,706.4329294057993,709.9431551419772,683.6164621206431,684.4940185546875,39200,0.0,0.0
2016-08-24 00:00:00+09:00,687.126612253851,693.2695066162737,680.1061615539394,682.7388305664062,25800,0.0,0.0
2016-08-25 00:00:00+09:00,682.7388228793588,700.2899494315275,682.7388228793588,696.7797241210938,39800,0.0,0.0
2016-08-26 00:00:00+09:00,697.6572947286481,703.8001891476425,696.7797383830775,698.5348510742188,38600,0.0,0.0
2016-08-29 00:00:00+09:00,715.2083451239307,716.9634576273023,706.4327826070727,711.6981201171875,35300,0.0,0.0
2016-08-30 00:00:00+09:00,711.6981524121214,714.3308212866423,704.677702080066,708.1879272460938,36700,0.0,0.0
2016-08-31 00:00:00+09:00,716.0860084367433,725.7391286485132,702.9226626934209,724.861572265625,36400,0.0,0.0
2016-09-01 00:00:00+09:00,724.8614790215549,728.3717041015625,718.7185851315418,728.3717041015625,22900,0.0,0.0
2016-09-02 00:00:00+09:00,723.1064482433599,733.6371246740883,723.1064482433599,731.0044555664062,24000,0.0,0.0
2016-09-05 00:00:00+09:00,737.1473308812791,752.0657887681622,731.8819928035557,751.188232421875,48000,0.0,0.0
2016-09-06 00:00:00+09:00,752.9433313732078,752.9433313732078,724.8615288045102,734.5146484375,116600,0.0,0.0
2016-09-07 00:00:00+09:00,725.7391593851264,742.4127313661633,725.7391593851264,736.2698364257812,73200,0.0,0.0
2016-09-08 00:00:00+09:00,736.2697967021879,739.7800221930207,729.2493457205222,738.9024658203125,53100,0.0,0.0
2016-09-09 00:00:00+09:00,738.0248770206533,745.9228840280086,734.5146516840508,742.4126586914062,74600,0.0,0.0
2016-09-12 00:00:00+09:00,729.2493640224328,740.6575971539511,721.3513564698434,733.6371459960938,66100,0.0,0.0
2016-09-13 00:00:00+09:00,734.5145729293366,738.0247978895724,728.371679248924,732.7594604492188,45400,0.0,0.0
2016-09-14 00:00:00+09:00,731.0043291999299,736.2696665050914,721.3512108071336,723.1063232421875,62500,0.0,0.0
2016-09-15 00:00:00+09:00,719.5961190682871,719.5961190682871,705.5552191840278,710.820556640625,55200,0.0,0.0
2016-09-16 00:00:00+09:00,716.0858546183118,719.5960793958526,708.1878488688452,713.4531860351562,52400,0.0,0.0
2016-09-20 00:00:00+09:00,705.5553387384749,738.0249252227082,705.5553387384749,725.7391357421875,53000,0.0,0.0
2016-09-21 00:00:00+09:00,726.6165685796353,767.8617119651943,723.1063436106516,762.5963745117188,65100,0.0,0.0
2016-09-23 00:00:00+09:00,763.4739739118304,771.3719805385044,753.8208547014509,767.8617553710938,63200,0.0,0.0
2016-09-26 00:00:00+09:00,766.1066212085409,772.2495150784833,761.7188398728676,765.2290649414062,40400,0.0,0.0
2016-09-27 00:00:00+09:00,771.3720963541666,792.4334505208333,764.3516449652777,789.80078125,124600,0.0,0.0
2016-09-28 00:00:00+09:00,789.800689329584,811.9612024982031,789.800689329584,809.3019409179688,70900,9.0,0.0
2016-09-29 00:00:00+09:00,817.2797007555673,839.4402132489396,817.2797007555673,835.89453125,86700,0.0,0.0
2016-09-30 00:00:00+09:00,827.0304377781149,831.4625408744606,810.1884460120011,821.7119140625,101600,0.0,0.0
2016-10-03 00:00:00+09:00,835.0081525250968,835.0081525250968,826.1439470842784,830.5760498046875,58400,0.0,0.0
2016-10-04 00:00:00+09:00,831.4624081504774,840.3266129282009,831.4624081504774,838.5537719726562,35000,0.0,0.0
2016-10-05 00:00:00+09:00,842.9858952478792,851.850100245228,831.4624287513255,835.89453125,72600,0.0,0.0
2016-10-06 00:00:00+09:00,842.9859427315848,846.5316249302456,832.3488961356027,837.6674194335938,34700,0.0,0.0
2016-10-07 00:00:00+09:00,835.0080981132312,835.0080981132312,827.916734222673,829.6895751953125,34500,0.0,0.0
2016-10-11 00:00:00+09:00,823.4847030057252,823.4847030057252,800.4377683683206,812.84765625,99400,0.0,0.0
2016-10-12 00:00:00+09:00,811.961235687023,820.8254413167939,807.5291328721374,812.84765625,48600,0.0,0.0
2016-10-13 00:00:00+09:00,816.3932090210759,825.2574132449746,804.8697435300074,813.7339477539062,43600,0.0,0.0
2016-10-14 00:00:00+09:00,815.506828061996,824.3710327148438,812.8475666661417,824.3710327148438,35100,0.0,0.0
2016-10-17 00:00:00+09:00,826.143926352643,836.7809726146942,824.3710853089678,833.2352905273438,23100,0.0,0.0
2016-10-18 00:00:00+09:00,829.6895014223845,829.6895014223845,812.8475136798361,815.5067749023438,41400,0.0,0.0
2016-10-19 00:00:00+09:00,817.2796350162935,835.0080435849767,817.2796350162935,828.8031005859375,46500,0.0,0.0
2016-10-20 00:00:00+09:00,827.916788172442,830.5760498046875,819.9390032757054,830.5760498046875,40500,0.0,0.0
2016-10-21 00:00:00+09:00,834.1216578329763,834.1216578329763,817.2796689925656,824.3710327148438,26400,0.0,0.0
2016-10-24 00:00:00+09:00,815.5069203939362,815.5069203939362,764.0945275864924,773.8451538085938,147900,0.0,0.0
2016-10-25 00:00:00+09:00,777.3907803937065,783.5957239088216,775.6179393893879,780.9364624023438,104100,0.0,0.0
2016-10-26 00:00:00+09:00,780.9365164482134,782.7093575752241,771.1858902496546,781.8229370117188,83500,0.0,0.0
2016-10-27 00:00:00+09:00,784.4821444109809,785.3685649131402,775.6179393893879,780.9364624023438,65000,0.0,0.0
2016-10-28 00:00:00+09:00,794.2328748651564,822.5983346817692,788.9143511495416,821.7119140625,105700,0.0,0.0
2016-10-31 00:00:00+09:00,820.8253866803699,828.8031712161402,803.9833971048547,811.961181640625,61600,0.0,0.0
2016-11-01 00:00:00+09:00,811.9610597048994,811.9610597048994,795.1190726586187,803.9832763671875,45800,0.0,0.0
2016-11-02 00:00:00+09:00,792.4598397032855,794.2326805079908,773.8450112538795,776.5042724609375,64800,0.0,0.0
2016-11-04 00:00:00+09:00,767.640133085705,769.4129740397135,744.5932006835938,744.5932006835938,65500,0.0,0.0
2016-11-07 00:00:00+09:00,771.1858368785914,782.7093034066623,760.5487908526798,780.9364624023438,54200,0.0,0.0
2016-11-08 00:00:00+09:00,786.25498812113,786.25498812113,761.4352139752544,764.9808959960938,56800,0.0,0.0
2016-11-09 00:00:00+09:00,767.6400427487818,776.504246475673,709.1362981512996,716.2276611328125,91200,0.0,0.0
2016-11-10 00:00:00+09:00,782.7091878717596,785.3684489857067,762.3215193314986,780.0499267578125,91100,0.0,0.0
2016-11-11 00:00:00+09:00,803.0970428775748,803.0970428775748,781.8229490265132,788.0278930664062,103600,0.0,0.0
2016-11-14 00:00:00+09:00,796.8920879616086,812.8476581321413,796.8920879616086,804.869873046875,53300,0.0,0.0
2016-11-15 00:00:00+09:00,806.6427141769342,811.0748170020821,791.573564571431,804.869873046875,53100,0.0,0.0
2016-11-16 00:00:00+09:00,815.5068381028271,815.5068381028271,787.1413828644679,799.55126953125,97800,0.0,0.0
2016-11-17 00:00:00+09:00,789.800689329584,822.5982488191402,789.800689329584,809.3019409179688,38400,0.0,0.0
2016-11-18 00:00:00+09:00,819.9389202254159,819.9389202254159,793.3463065964835,794.2327270507812,73800,0.0,0.0
2016-11-21 00:00:00+09:00,803.097007393037,806.6426895448826,784.4821760958473,792.4599609375,71000,0.0,0.0
2016-11-22 00:00:00+09:00,793.346326197859,808.4154742932373,788.9142238168654,799.55126953125,49000,0.0,0.0
2016-11-24 00:00:00+09:00,806.6427471763209,811.9612707840769,803.9834853724429,808.4155883789062,36100,0.0,0.0
2016-11-25 00:00:00+09:00,808.4154983108108,827.9167493665541,804.8698163006757,819.93896484375,81000,0.0,0.0
2016-11-28 00:00:00+09:00,806.6427471763209,810.1884295814915,792.4600175556383,808.4155883789062,70300,0.0,0.0
2016-11-29 00:00:00+09:00,797.7785085266382,806.6427141769342,797.7785085266382,804.869873046875,37200,0.0,0.0
2016-11-30 00:00:00+09:00,806.6425573386235,818.1660224434611,805.7561369459437,817.2796020507812,75500,0.0,0.0
2016-12-01 00:00:00+09:00,819.9389158729285,850.963631608661,819.9389158729285,834.1216430664062,94100,0.0,0.0
2016-12-02 00:00:00+09:00,832.3489379882812,847.4180880903056,826.1439938286242,832.3489379882812,58000,0.0,0.0
2016-12-05 00:00:00+09:00,826.1440171588458,827.9168583973841,811.0748666312703,821.7119140625,45000,0.0,0.0
2016-12-06 00:00:00+09:00,830.5761202551915,839.440326447883,814.6205491083468,821.7119140625,68200,0.0,0.0
2016-12-07 00:00:00+09:00,822.5981376984661,827.916660140482,814.6203540354422,823.4845581054688,52200,0.0,0.0
2016-12-08 00:00:00+09:00,836.7808945232618,866.919189453125,836.7808945232618,866.919189453125,100200,0.0,0.0
2016-12-09 00:00:00+09:00,849.1908067022189,872.2377388256612,846.5315453033602,871.351318359375,91500,0.0,0.0
2016-12-12 00:00:00+09:00,873.1242517678135,885.5341396101986,866.9193078466209,882.8748779296875,90200,0.0,0.0
2016-12-13 00:00:00+09:00,886.4205911445429,899.716900011711,858.0551322279175,894.3983764648438,91700,0.0,0.0
2016-12-14 00:00:00+09:00,892.6255040915615,897.0576068924134,873.1242517678135,882.8748779296875,84300,0.0,0.0
2016-12-15 00:00:00+09:00,884.6476621787853,903.2624927456735,884.6476621787853,897.9439697265625,63600,0.0,0.0
2016-12-16 00:00:00+09:00,913.0129865373884,940.4920181710379,913.0129865373884,930.7413940429688,152400,0.0,0.0
2016-12-19 00:00:00+09:00,923.6502196800152,935.1736869121075,913.0131730042377,929.8551635742188,98800,0.0,0.0
2016-12-20 00:00:00+09:00,933.4007519460553,944.0377975522781,913.0130812007949,918.3316040039062,64800,0.0,0.0
2016-12-21 00:00:00+09:00,917.4452671408653,925.423052072525,897.9440150856972,907.6946411132812,85500,0.0,0.0
2016-12-22 00:00:00+09:00,907.6946271929825,913.8995709335595,900.6032629180373,909.4674682617188,59100,0.0,0.0
2016-12-26 00:00:00+09:00,914.785993097806,915.6724136337535,896.1711618429089,901.4896850585938,37600,0.0,0.0
2016-12-27 00:00:00+09:00,901.4896990094866,905.0353812081473,894.3983346121652,899.7168579101562,42400,0.0,0.0
2016-12-28 00:00:00+09:00,904.1489381428006,915.6724050014834,899.7168355048457,910.3538818359375,47900,0.0,0.0
2016-12-29 00:00:00+09:00,905.9217737738823,905.9217737738823,890.8526248950603,903.2625122070312,50100,0.0,0.0
2016-12-30 00:00:00+09:00,903.2625261304887,905.0353672023837,889.9662180912765,901.4896850585938,50900,0.0,0.0
2017-01-04 00:00:00+09:00,902.3759355599958,926.3092855208208,900.6030948221569,923.6500244140625,67400,0.0,0.0
2017-01-05 00:00:00+09:00,929.8551150235263,945.8106842041016,905.9217612526634,936.06005859375,92300,0.0,0.0
2017-01-06 00:00:00+09:00,930.7415273355051,946.6970963755424,928.0822658288322,944.9242553710938,48100,0.0,0.0
2017-01-10 00:00:00+09:00,935.173663758395,935.173663758395,897.9440013149328,909.4674682617188,90800,0.0,0.0
2017-01-11 00:00:00+09:00,917.445265408984,922.7637886867172,908.5810599460953,915.6724243164062,29700,0.0,0.0
2017-01-12 00:00:00+09:00,915.6723098232833,915.6723098232833,895.2846398078568,906.80810546875,53400,0.0,0.0
2017-01-13 00:00:00+09:00,904.148932729315,909.4674558630168,898.8304095956131,903.2625122070312,32700,0.0,0.0
2017-01-16 00:00:00+09:00,898.8304391182204,906.8082240808081,886.4205513986394,891.7390747070312,23200,0.0,0.0
2017-01-17 00:00:00+09:00,886.4205391915353,888.1933802699184,877.5563337996199,885.5341186523438,37400,0.0,0.0
2017-01-18 00:00:00+09:00,885.5339902383167,891.7389331128595,860.7142187401457,878.442626953125,41800,0.0,0.0
2017-01-19 00:00:00+09:00,889.0798113141741,905.0353812081473,886.4205496651786,899.7168579101562,41700,0.0,0.0
2017-01-20 00:00:00+09:00,892.6254619666917,895.2847235217066,878.4427336732784,888.193359375,76700,0.0,0.0
2017-01-23 00:00:00+09:00,875.7834391928388,891.7390079230727,860.7142909476179,884.6476440429688,36200,0.0,0.0
2017-01-24 00:00:00+09:00,880.2155692332707,886.4205128230319,870.4649435922173,881.1019897460938,32700,0.0,0.0
2017-01-25 00:00:00+09:00,892.6254659396276,905.9217737738823,886.4205222836421,903.2625122070312,41400,0.0,0.0
2017-01-26 00:00:00+09:00,913.0131886506126,921.8773943656671,899.716880078031,920.1045532226562,58800,0.0,0.0
2017-01-27 00:00:00+09:00,930.7415369246957,948.4699471518327,922.7637523224839,928.082275390625,91800,0.0,0.0
2017-01-30 00:00:00+09:00,929.8551443215184,929.8551443215184,913.0131541002517,924.53662109375,42300,0.0,0.0
2017-01-31 00:00:00+09:00,911.2402954101562,919.2180800975993,903.2625107227133,911.2402954101562,39700,0.0,0.0
2017-02-01 00:00:00+09:00,907.6946133268483,916.5588185351183,904.1489312435403,911.2402954101562,38600,0.0,0.0
2017-02-02 00:00:00+09:00,910.3538346155678,920.1044599133003,901.4896297994474,908.5809936523438,84800,0.0,0.0
2017-02-03 00:00:00+09:00,905.9217194742679,913.013083227491,895.284673844433,902.3760375976562,35900,0.0,0.0
2017-02-06 00:00:00+09:00,907.6946358267717,914.7860001691683,899.7168509415754,900.603271484375,24300,0.0,0.0
2017-02-07 00:00:00+09:00,893.5119349061264,902.3761406095603,890.8526731950963,897.0576171875,23600,0.0,0.0
2017-02-08 00:00:00+09:00,889.0798389951742,897.9440447678081,884.6477361088573,896.1712036132812,18400,0.0,0.0
2017-02-09 00:00:00+09:00,890.852565652073,899.716770285427,878.4426791653775,895.28466796875,67600,0.0,0.0
2017-02-10 00:00:00+09:00,913.0130485169233,920.1044120005499,899.7167419851235,906.80810546875,66100,0.0,0.0
2017-02-13 00:00:00+09:00,912.1265996467554,927.195746579695,912.1265996467554,926.309326171875,35600,0.0,0.0
2017-02-14 00:00:00+09:00,931.6279285358934,944.9242357937795,930.7415080520342,939.605712890625,61000,0.0,0.0
2017-02-15 00:00:00+09:00,949.356426228268,950.2428467943075,941.3786411339129,944.0379028320312,35000,0.0,0.0
2017-02-16 00:00:00+09:00,937.832958869755,948.4700056622286,935.1736971716366,944.0379028320312,31600,0.0,0.0
2017-02-17 00:00:00+09:00,936.0600044431279,941.3785271956457,928.0822203143513,935.173583984375,62800,0.0,0.0
2017-02-20 00:00:00+09:00,931.6279658848202,931.6279658848202,905.9217708223466,919.2180786132812,40400,0.0,0.0
2017-02-21 00:00:00+09:00,919.2180941397684,922.7637762772409,906.8082066586143,909.4674682617188,74700,0.0,0.0
2017-02-22 00:00:00+09:00,919.2180313773778,923.6501337466033,909.4674061650816,917.4451904296875,33800,0.0,0.0
2017-02-23 00:00:00+09:00,920.1044120005499,922.7636733069098,894.3982193724036,906.80810546875,36500,0.0,0.0
2017-02-24 00:00:00+09:00,906.8082205653191,920.9909493327141,898.8304356336594,907.6946411132812,30400,0.0,0.0
2017-02-27 00:00:00+09:00,900.6031820373238,918.3315911325467,889.9661365801901,912.1266479492188,43700,0.0,0.0
2017-02-28 00:00:00+09:00,919.2179908456728,928.968615628028,900.6031617157219,914.785888671875,83300,0.0,0.0
2017-03-01 00:00:00+09:00,916.558805968222,916.558805968222,895.2847137600622,905.0353393554688,32800,0.0,0.0
2017-03-02 00:00:00+09:00,921.8773401714682,922.7637606908638,910.3538734193248,919.2180786132812,35300,0.0,0.0
2017-03-03 00:00:00+09:00,915.6723980142913,918.3316595767723,907.6946133268483,911.2402954101562,21600,0.0,0.0
2017-03-06 00:00:00+09:00,907.6945731707317,912.126675578792,903.2624707626715,908.5809936523438,34800,0.0,0.0
2017-03-07 00:00:00+09:00,905.0353794693947,916.5588465929031,904.1489589214325,907.6946411132812,23300,0.0,0.0
2017-03-08 00:00:00+09:00,902.3761055945413,914.785993097806,897.0575823788563,901.4896850585938,33100,0.0,0.0
2017-03-09 00:00:00+09:00,906.8081526891197,913.899516542016,897.0575273913872,908.5809936523438,28500,0.0,0.0
2017-03-10 00:00:00+09:00,929.8550073381167,934.287109375,915.6722808200902,934.287109375,85200,0.0,0.0
2017-03-13 00:00:00+09:00,934.2872063269982,934.2872063269982,917.4452168391301,921.8773193359375,37600,0.0,0.0
2017-03-14 00:00:00+09:00,923.6501337466033,923.6501337466033,911.2402471127717,917.4451904296875,18600,0.0,0.0
2017-03-15 00:00:00+09:00,911.2402829161821,914.7859649508754,902.3760778294488,905.0353393554688,24900,0.0,0.0
2017-03-16 00:00:00+09:00,899.7167741930162,920.9908654054619,896.1710923242753,918.3316040039062,50800,0.0,0.0
2017-03-17 00:00:00+09:00,908.5809584646069,923.6501060684102,904.1488562281942,920.9908447265625,84200,0.0,0.0
2017-03-21 00:00:00+09:00,914.7859102136948,915.6723306693282,897.0575011010263,904.1488647460938,55400,0.0,0.0
2017-03-22 00:00:00+09:00,895.2846709491034,897.9439323479622,870.4648978930887,871.351318359375,82200,0.0,0.0
2017-03-23 00:00:00+09:00,868.6920303313523,871.3512916486932,856.2821441837615,866.919189453125,60100,0.0,0.0
2017-03-24 00:00:00+09:00,864.2600359235491,870.4649797712053,856.2822509765625,868.692138671875,58900,0.0,0.0
2017-03-27 00:00:00+09:00,856.2821862526772,857.1686067353404,847.4179814260449,853.6229248046875,64200,0.0,0.0
2017-03-28 00:00:00+09:00,864.2599536526587,879.3291015625,851.8500671386719,879.3291015625,114800,0.0,0.0
2017-03-29 00:00:00+09:00,871.2783510792012,878.4346414371413,863.2275244265187,876.6455688476562,61900,9.0,0.0
2017-03-30 00:00:00+09:00,872.1729278564453,874.8565368652344,865.9111735026042,869.4893188476562,42900,0.0,0.0
2017-03-31 00:00:00+09:00,874.8564391269309,887.3799464354964,865.0165405273438,865.0165405273438,76900,0.0,0.0
2017-04-03 00:00:00+09:00,867.7001542432955,873.0673716922231,853.3875743794886,864.1220092773438,54500,0.0,0.0
2017-04-04 00:00:00+09:00,855.1767060966902,855.1767060966902,828.3406169932376,831.9187622070312,94600,0.0,0.0
2017-04-05 00:00:00+09:00,833.7078302086095,846.2313383877088,833.7078302086095,843.5477294921875,59200,0.0,0.0
2017-04-06 00:00:00+09:00,832.8132675633286,835.4968763739515,819.3952235102138,826.551513671875,76800,0.0,0.0
2017-04-07 00:00:00+09:00,829.235163652136,848.9149625737616,827.4460910228972,840.8641357421875,65000,0.0,0.0
2017-04-10 00:00:00+09:00,841.7585746887534,850.7039368002172,827.445995310411,836.391357421875,48900,0.0,0.0
2017-04-11 00:00:00+09:00,824.7624713839529,828.3406165960307,811.3444268386608,821.184326171875,46100,0.0,0.0
2017-04-12 00:00:00+09:00,816.7116290303347,816.7116290303347,805.9771935994869,813.1334838867188,35200,0.0,0.0
2017-04-13 00:00:00+09:00,804.1880953296061,809.5553128735189,794.3481964990992,806.8717041015625,63500,0.0,0.0
2017-04-14 00:00:00+09:00,801.5045624295377,804.1881714555295,793.4537353515625,793.4537353515625,47000,0.0,0.0
2017-04-17 00:00:00+09:00,785.40283203125,790.7700495622153,780.0356145002847,785.40283203125,47600,0.0,0.0
2017-04-18 00:00:00+09:00,793.4537050048555,803.293604390485,788.9810234659329,798.8209228515625,56600,0.0,0.0
2017-04-19 00:00:00+09:00,792.5591838022297,806.8717649995612,792.5591838022297,796.1373291015625,70900,0.0,0.0
2017-04-20 00:00:00+09:00,794.34824131264,802.3990680827005,791.6646323892865,798.8209228515625,47400,0.0,0.0
2017-04-21 00:00:00+09:00,805.0826874286233,809.555369025449,802.3990784705279,807.7662963867188,32700,0.0,0.0
2017-04-24 00:00:00+09:00,818.5007374970083,827.4461007483418,814.922592196475,817.606201171875,45700,0.0,0.0
2017-04-25 00:00:00+09:00,819.3952242859409,842.6531673333584,819.3952242859409,837.2859497070312,42100,0.0,0.0
2017-04-26 00:00:00+09:00,848.9149277481222,857.8602905273438,846.2313189143557,857.8602905273438,51600,0.0,0.0
2017-04-27 00:00:00+09:00,858.754786873061,871.2782941816265,858.754786873061,865.0165405273438,63700,0.0,0.0
2017-04-28 00:00:00+09:00,865.0165256146303,873.961887823675,865.0165256146303,867.7001342773438,39200,0.0,0.0
2017-05-01 00:00:00+09:00,878.4346162902523,881.1182250976562,873.0673986754442,881.1182250976562,47500,0.0,0.0
2017-05-02 00:00:00+09:00,882.0127771020655,894.5362850933727,882.0127771020655,889.1690673828125,59700,0.0,0.0
2017-05-08 00:00:00+09:00,899.0089479211259,916.8996732528896,896.3253391213614,914.216064453125,94200,0.0,0.0
2017-05-09 00:00:00+09:00,918.6888376673836,919.5833740234375,915.1106922431679,919.5833740234375,44300,0.0,0.0
2017-05-10 00:00:00+09:00,921.3724162177375,928.5287068291375,918.6888072384626,924.9505615234375,45100,0.0,0.0
2017-05-11 00:00:00+09:00,934.7904460605153,941.0522002446527,924.9505466282993,938.3685913085938,66100,0.0,0.0
2017-05-12 00:00:00+09:00,992.0408965740945,1030.5059628975266,983.9900687389576,1012.615234375,236100,0.0,0.0
2017-05-15 00:00:00+09:00,1009.9315339504495,1017.087824713606,996.5134887695312,996.5134887695312,63900,0.0,0.0
2017-05-16 00:00:00+09:00,1007.2477631207286,1015.2985889360808,994.7242562968474,1014.404052734375,83000,0.0,0.0
2017-05-17 00:00:00+09:00,1004.5643157687958,1009.9315338405793,993.829879625229,1007.2479248046875,71900,0.0,0.0
2017-05-18 00:00:00+09:00,987.5680845500341,995.6189113262573,982.2008666992188,982.2008666992188,98900,0.0,0.0
2017-05-19 00:00:00+09:00,982.2009991276873,987.5682177021555,961.6266612588923,980.4119262695312,115300,0.0,0.0
2017-05-22 00:00:00+09:00,983.9898681640625,986.673476895419,977.7281144575638,983.9898681640625,79800,0.0,0.0
2017-05-23 00:00:00+09:00,991.1461132108037,1004.5641562596863,988.4625046010271,992.0406494140625,40800,0.0,0.0
2017-05-24 00:00:00+09:00,1004.5642306644042,1029.6112462108008,1000.9860855863476,1022.4549560546875,97600,0.0,0.0
2017-05-25 00:00:00+09:00,1024.2439936098845,1044.8183271059784,1024.2439936098845,1028.7166748046875,71300,0.0,0.0
2017-05-26 00:00:00+09:00,1028.7167450711397,1034.0839628715107,1004.5642649694694,1005.4588012695312,50000,0.0,0.0
2017-05-29 00:00:00+09:00,997.4078666336156,1012.614982089016,992.0406494140625,992.0406494140625,36000,0.0,0.0
2017-05-30 00:00:00+09:00,985.7789233052139,1010.8259376904643,985.7789233052139,1009.036865234375,57800,0.0,0.0
2017-05-31 00:00:00+09:00,1001.8807067329041,1010.8260701858765,997.4080250064179,1007.2479248046875,113600,0.0,0.0
2017-06-01 00:00:00+09:00,1008.142356014501,1027.822153558706,1008.142356014501,1026.0330810546875,63600,0.0,0.0
2017-06-02 00:00:00+09:00,1033.1894834084278,1060.025573886569,1033.1894834084278,1049.2911376953125,130000,0.0,0.0
2017-06-05 00:00:00+09:00,1043.9238533374569,1043.9238533374569,1029.6112726575946,1039.451171875,96300,0.0,0.0
2017-06-06 00:00:00+09:00,1043.9239721658253,1043.9239721658253,1018.876953125,1018.876953125,59500,0.0,0.0
2017-06-07 00:00:00+09:00,1015.2986312202786,1033.1893559994905,1015.2986312202786,1028.7166748046875,83100,0.0,0.0
2017-06-08 00:00:00+09:00,1020.6657176521254,1025.138398272862,1008.1422119140625,1008.1422119140625,70500,0.0,0.0
2017-06-09 00:00:00+09:00,1012.6150101465537,1025.1385173391789,1007.2477927782857,1009.036865234375,75400,0.0,0.0
2017-06-12 00:00:00+09:00,1009.0369002982827,1017.0877266304499,1002.7751464843749,1002.775146484375,66100,0.0,0.0
2017-06-13 00:00:00+09:00,1005.4588266326659,1011.7205808910544,1000.9861450195312,1000.9861450195312,35700,0.0,0.0
2017-06-14 00:00:00+09:00,1007.2479401314142,1015.2987673615943,1004.5643310546875,1004.5643310546875,68800,0.0,0.0
2017-06-15 00:00:00+09:00,1000.9861397312867,1007.2478939565941,991.146240234375,991.146240234375,76500,0.0,0.0
2017-06-16 00:00:00+09:00,1001.8804590450311,1017.9821092796834,1001.8804590450311,1008.1422119140625,61800,0.0,0.0
2017-06-19 00:00:00+09:00,1008.1423141250139,1018.8767487030974,1006.3532416953333,1011.720458984375,54600,0.0,0.0
2017-06-20 00:00:00+09:00,1028.7166748046875,1037.6620371942936,1019.7713124150815,1028.7166748046875,70100,0.0,0.0
2017-06-21 00:00:00+09:00,1028.7167764586868,1034.9785307501745,1021.5604858398438,1021.5604858398438,56700,0.0,0.0
2017-06-22 00:00:00+09:00,1025.1385498046875,1032.29483985568,1020.6658685228172,1025.1385498046875,63200,0.0,0.0
2017-06-23 00:00:00+09:00,1025.1387443407687,1027.8223536191476,1010.8261615227474,1012.615234375,66400,0.0,0.0
2017-06-26 00:00:00+09:00,1013.5096033281866,1027.8221837811884,1013.5096033281866,1020.6658935546875,26700,0.0,0.0
2017-06-27 00:00:00+09:00,1021.5604960123699,1032.2949320475261,1020.6659596761068,1030.505859375,65200,0.0,0.0
2017-06-28 00:00:00+09:00,1032.2947667081592,1035.872911480111,1014.404042848399,1016.193115234375,53700,0.0,0.0
2017-06-29 00:00:00+09:00,1030.5056732832618,1045.7127882535876,1029.6111371085367,1042.1346435546875,66500,0.0,0.0
2017-06-30 00:00:00+09:00,1040.3455712052373,1043.0291797294126,1027.8220647590867,1042.1346435546875,83300,0.0,0.0
2017-07-03 00:00:00+09:00,1051.974654562982,1063.6036260845117,1043.923828125,1043.923828125,59300,0.0,0.0
2017-07-04 00:00:00+09:00,1058.2363349828827,1058.2363349828827,1031.4002487195805,1034.9783935546875,60800,0.0,0.0
2017-07-05 00:00:00+09:00,1029.6112676671326,1043.9238482776225,1029.6112676671326,1040.345703125,73800,0.0,0.0
2017-07-06 00:00:00+09:00,1039.451283667915,1047.5021111662036,1037.6622108905176,1041.2403564453125,38100,0.0,0.0
2017-07-07 00:00:00+09:00,1029.6111134091839,1038.5564749505322,1024.243896484375,1024.243896484375,43700,0.0,0.0
2017-07-10 00:00:00+09:00,1042.1346982430337,1044.8183069080371,1032.2947998046875,1032.2947998046875,57600,0.0,0.0
2017-07-11 00:00:00+09:00,1042.1348519699566,1050.1856791525572,1034.0840247873562,1048.3966064453125,54300,0.0,0.0
2017-07-12 00:00:00+09:00,1047.5019985074225,1051.0801436773882,1035.8730267050344,1039.451171875,49400,0.0,0.0
2017-07-13 00:00:00+09:00,1045.7126900508486,1047.501762232287,1034.0837208714977,1037.661865234375,43200,0.0,0.0
2017-07-14 00:00:00+09:00,1042.1348317464194,1058.2364857991538,1042.1348317464194,1051.9747314453125,54400,0.0,0.0
2017-07-17 00:00:00+09:00,1051.9747314453125,1051.9747314453125,1051.9747314453125,1051.9747314453125,0,0.0,0.0
2017-07-18 00:00:00+09:00,1051.9745266012949,1055.5526712495987,1041.240092656384,1044.8182373046875,44300,0.0,0.0
2017-07-19 00:00:00+09:00,1044.8182226062127,1051.9745118021456,1040.3455418587546,1047.5018310546875,32500,0.0,0.0
2017-07-20 00:00:00+09:00,1046.607533738068,1052.869288213424,1043.0293883235788,1048.3966064453125,38000,0.0,0.0
2017-07-21 00:00:00+09:00,1044.8183145709431,1058.2363579943712,1044.8183145709431,1052.869140625,48600,0.0,0.0
2017-07-24 00:00:00+09:00,1047.5020840220893,1090.4398295669744,1041.2403294634603,1088.6507568359375,103300,0.0,0.0
2017-07-25 00:00:00+09:00,1091.3341270465994,1097.5958802345717,1064.4980419552896,1065.392578125,71300,0.0,0.0
2017-07-26 00:00:00+09:00,1074.3380679859836,1080.599821920956,1057.3418787339156,1064.4981689453125,42600,0.0,0.0
2017-07-27 00:00:00+09:00,1070.7598977060995,1079.7052602600354,1065.3926801737382,1068.9708251953125,56700,0.0,0.0
2017-07-28 00:00:00+09:00,1065.392578125,1068.076186634131,1051.974535579345,1065.392578125,74200,0.0,0.0
2017-07-31 00:00:00+09:00,1064.4981829052022,1068.0763280578246,1034.0839491079107,1040.345703125,100900,0.0,0.0
2017-08-01 00:00:00+09:00,1042.1348519699566,1052.869288213424,1042.1348519699566,1048.3966064453125,76900,0.0,0.0
2017-08-02 00:00:00+09:00,1054.6581734572785,1067.181680181962,1054.6581734572785,1060.025390625,46000,0.0,0.0
2017-08-03 00:00:00+09:00,1060.0255278766458,1060.9200641870902,1047.502019530424,1057.3419189453125,49700,0.0,0.0
2017-08-04 00:00:00+09:00,1060.0255786296118,1075.2326966352687,1054.6583605099681,1069.865478515625,50000,0.0,0.0
2017-08-07 00:00:00+09:00,1078.8107718246683,1105.6468606760282,1073.4435540543964,1103.8577880859375,109400,0.0,0.0
2017-08-08 00:00:00+09:00,1065.392519369595,1078.8105611752574,1048.3963330824226,1053.7635498046875,105200,0.0,0.0
2017-08-09 00:00:00+09:00,1051.0800575999033,1053.763666257605,1008.1423190766732,1010.825927734375,137000,0.0,0.0
2017-08-10 00:00:00+09:00,1016.193223344798,1049.2910660065563,1016.193223344798,1040.345703125,106200,0.0,0.0
2017-08-11 00:00:00+09:00,1040.345703125,1040.345703125,1040.345703125,1040.345703125,0,0.0,0.0
2017-08-14 00:00:00+09:00,1040.3457987740535,1082.3890081828072,1036.7676532924575,1066.287353515625,212200,0.0,0.0
2017-08-15 00:00:00+09:00,1069.865234791978,1073.4433793899445,1047.5018310546875,1047.5018310546875,79900,0.0,0.0
2017-08-16 00:00:00+09:00,1045.7127587557043,1063.6034817455368,1045.7127587557043,1047.5018310546875,60500,0.0,0.0
2017-08-17 00:00:00+09:00,1047.501762232287,1051.9744426858836,1036.7673291436556,1037.661865234375,38800,0.0,0.0
2017-08-18 00:00:00+09:00,1021.560501221798,1024.244110244272,996.5134836787065,997.4080200195312,95300,0.0,0.0
2017-08-21 00:00:00+09:00,1010.825964770529,1036.7675160787992,1008.142356014501,1026.0330810546875,81700,0.0,0.0
2017-08-22 00:00:00+09:00,1023.3495885438887,1060.0255790424021,1021.5605158366442,1048.3966064453125,87700,0.0,0.0
2017-08-23 00:00:00+09:00,1068.0763332347246,1076.1271598671472,1032.2948815350687,1039.451171875,92500,0.0,0.0
2017-08-24 00:00:00+09:00,1036.7673291436556,1051.0799065951642,1036.7673291436556,1037.661865234375,49000,0.0,0.0
2017-08-25 00:00:00+09:00,1040.3455564943079,1062.708960546206,1040.3455564943079,1044.8182373046875,79700,0.0,0.0
2017-08-28 00:00:00+09:00,1052.8691227790807,1052.8691227790807,1026.9275726001567,1034.0838623046875,73100,0.0,0.0
2017-08-29 00:00:00+09:00,1033.1894178275602,1051.0801436773882,1033.1894178275602,1039.451171875,93000,0.0,0.0
2017-08-30 00:00:00+09:00,1044.8182373046875,1048.3963819529913,1039.451020332232,1044.8182373046875,69100,0.0,0.0
2017-08-31 00:00:00+09:00,1058.236516655816,1070.7600257286658,1043.9239348582732,1046.6075439453125,118800,0.0,0.0
2017-09-01 00:00:00+09:00,1051.0801397257726,1075.2326195322373,1048.3965308583877,1061.8145751953125,147300,0.0,0.0
2017-09-04 00:00:00+09:00,1057.3418977248277,1057.3418977248277,1028.7167363651033,1039.451171875,107600,0.0,0.0
2017-09-05 00:00:00+09:00,1039.4511754557293,1039.4511754557293,1006.3533325195312,1006.3533325195312,133400,0.0,0.0
2017-09-06 00:00:00+09:00,1003.6696214428837,1038.556533418171,995.6187956024328,1035.8729248046875,100100,0.0,0.0
2017-09-07 00:00:00+09:00,1044.8185020001074,1050.1857203322998,1034.0840653357227,1041.2403564453125,103000,0.0,0.0
2017-09-08 00:00:00+09:00,1039.451171875,1045.7129259224398,1034.0839541200517,1039.451171875,109800,0.0,0.0
2017-09-11 00:00:00+09:00,1058.2362648485869,1063.6034817455368,1045.7127587557043,1047.5018310546875,87300,0.0,0.0
2017-09-12 00:00:00+09:00,1058.2364501953125,1073.443567400148,1053.7637686644784,1058.2364501953125,117300,0.0,0.0
2017-09-13 00:00:00+09:00,1058.2363901305898,1075.2325789830675,1058.2363901305898,1068.9708251953125,115100,0.0,0.0
2017-09-14 00:00:00+09:00,1069.8654480488249,1089.5452472604254,1058.2364757874245,1075.232666015625,131000,0.0,0.0
2017-09-15 00:00:00+09:00,1092.2287448060279,1107.4358608270782,1088.6505998598984,1094.912353515625,252500,0.0,0.0
2017-09-18 00:00:00+09:00,1094.912353515625,1094.912353515625,1094.912353515625,1094.912353515625,0,0.0,0.0
2017-09-19 00:00:00+09:00,1118.1703688066627,1134.2720221174789,1091.334279955303,1103.8577880859375,220400,0.0,0.0
2017-09-20 00:00:00+09:00,1102.0687512490008,1128.0103046469076,1101.174214924935,1119.06494140625,154900,0.0,0.0
2017-09-21 00:00:00+09:00,1121.7484551857776,1152.1626876230316,1115.4867014486958,1136.06103515625,182300,0.0,0.0
2017-09-22 00:00:00+09:00,1132.4828677734374,1133.3774040039061,1118.1702880859375,1118.1702880859375,128700,0.0,0.0
2017-09-25 00:00:00+09:00,1094.017984434902,1136.0611939757364,1094.017984434902,1108.33056640625,287700,0.0,0.0
2017-09-26 00:00:00+09:00,1096.701553357203,1115.4868165060623,1093.1234079955157,1094.0179443359375,384400,0.0,0.0
2017-09-27 00:00:00+09:00,1095.8217549658727,1109.3504186074267,1091.312200418688,1092.214111328125,173000,10.0,0.0
2017-09-28 00:00:00+09:00,1103.0368881163406,1110.2521743836592,1092.2139587153627,1106.64453125,100500,0.0,0.0
2017-09-29 00:00:00+09:00,1107.5465074851068,1110.2522399952495,1093.1159340976787,1097.62548828125,96000,0.0,0.0
2017-10-02 00:00:00+09:00,1107.5466089163715,1121.9771836253794,1099.4294106425543,1113.8599853515625,111100,0.0,0.0
2017-10-03 00:00:00+09:00,1120.1731814014668,1120.1731814014668,1099.429233597736,1104.8406982421875,88600,0.0,0.0
2017-10-04 00:00:00+09:00,1116.5657515360597,1128.2905938381346,1111.1542858581788,1119.271484375,100600,0.0,0.0
2017-10-05 00:00:00+09:00,1121.9772617913216,1121.9772617913216,1110.252419023406,1116.5657958984375,90700,0.0,0.0
2017-10-06 00:00:00+09:00,1134.6038264728331,1143.622934791377,1125.5847181542892,1135.5057373046875,83500,0.0,0.0
2017-10-09 00:00:00+09:00,1135.5057373046875,1135.5057373046875,1135.5057373046875,1135.5057373046875,0,0.0,0.0
2017-10-10 00:00:00+09:00,1158.9554877472524,1178.7975272261936,1143.623002695343,1146.3287353515625,121200,0.0,0.0
2017-10-11 00:00:00+09:00,1146.3288017593613,1149.9364455099808,1134.6039595698478,1137.3096923828125,82400,0.0,0.0
2017-10-12 00:00:00+09:00,1149.9363346788534,1159.857354036867,1141.819137022297,1149.034423828125,94800,0.0,0.0
2017-10-13 00:00:00+09:00,1150.8382455295819,1156.249710633953,1144.5248695744824,1149.034423828125,119000,0.0,0.0
2017-10-16 00:00:00+09:00,1157.1514777273615,1166.1705851141685,1151.740013295277,1155.34765625,73800,0.0,0.0
2017-10-17 00:00:00+09:00,1167.974531333144,1171.582174673169,1158.955422983081,1165.268798828125,70400,0.0,0.0
2017-10-18 00:00:00+09:00,1162.5629188818398,1162.5629188818398,1143.6227937487765,1151.739990234375,88300,0.0,0.0
2017-10-19 00:00:00+09:00,1158.955331640931,1158.955331640931,1144.5247594181646,1150.838134765625,98200,0.0,0.0
2017-10-20 00:00:00+09:00,1157.1515216379657,1159.8572539566828,1149.0343246818147,1152.6419677734375,72900,0.0,0.0
2017-10-23 00:00:00+09:00,1163.4649974397812,1167.9745516934238,1131.8981176642833,1149.034423828125,143500,0.0,0.0
2017-10-24 00:00:00+09:00,1152.6419717172475,1180.6012057729868,1150.8381501652643,1172.4840087890625,101400,0.0,0.0
2017-10-25 00:00:00+09:00,1173.385973438713,1176.091705890916,1157.151578725495,1161.6611328125,93000,0.0,0.0
2017-10-26 00:00:00+09:00,1167.9745988904333,1179.6994404236964,1165.268866228911,1176.091796875,79200,0.0,0.0
2017-10-27 00:00:00+09:00,1178.7976406123562,1186.9148393617909,1168.8766199186025,1184.2091064453125,116300,0.0,0.0
2017-10-30 00:00:00+09:00,1192.3261814381121,1193.2280923166584,1169.7784094744563,1174.2879638671875,118900,0.0,0.0
2017-10-31 00:00:00+09:00,1174.2880417844083,1189.6205277370464,1170.6803980308464,1186.914794921875,96900,0.0,0.0
2017-11-01 00:00:00+09:00,1197.7377710277037,1198.6396819998631,1181.5033735288343,1184.2091064453125,86800,0.0,0.0
2017-11-02 00:00:00+09:00,1184.209005489865,1184.209005489865,1161.661233108108,1167.974609375,98200,0.0,0.0
2017-11-03 00:00:00+09:00,1167.974609375,1167.974609375,1167.974609375,1167.974609375,0,0.0,0.0
2017-11-06 00:00:00+09:00,1166.1706333571215,1181.5031165489784,1163.4649010291466,1172.4840087890625,105500,0.0,0.0
2017-11-07 00:00:00+09:00,1172.4840033779817,1207.6585234793213,1170.6801818343233,1200.4432373046875,106400,0.0,0.0
2017-11-08 00:00:00+09:00,1203.149302956587,1207.6588580651198,1190.5225486526947,1204.953125,84900,0.0,0.0
2017-11-09 00:00:00+09:00,1213.070257179746,1231.108476617363,1179.6995512201545,1204.0511474609375,163300,0.0,0.0
2017-11-10 00:00:00+09:00,1204.0510277999074,1239.2255522075452,1204.0510277999074,1233.8140869140625,180700,0.0,0.0
2017-11-13 00:00:00+09:00,1235.618008700284,1235.618008700284,1207.658769087358,1210.364501953125,80500,0.0,0.0
2017-11-14 00:00:00+09:00,1209.4624038786578,1231.1082634559045,1209.4624038786578,1219.3834228515625,117300,0.0,0.0
2017-11-15 00:00:00+09:00,1219.3836570745539,1223.8932120193563,1183.307217516135,1187.8167724609375,126900,0.0,0.0
2017-11-16 00:00:00+09:00,1296.0457538107169,1337.5336485047271,1235.6177332781365,1244.6368408203125,656200,0.0,0.0
2017-11-17 00:00:00+09:00,1289.7325624461794,1294.2421168603269,1237.4217312420685,1243.735107421875,356800,0.0,0.0
2017-11-20 00:00:00+09:00,1244.6369302797834,1269.8904332129964,1220.2853381656137,1249.146484375,447400,0.0,0.0
2017-11-21 00:00:00+09:00,1264.4788725790108,1276.203712339016,1253.6559435697754,1272.5960693359375,230600,0.0,0.0
2017-11-22 00:00:00+09:00,1297.8497190328333,1301.457362449186,1279.8115019510706,1286.1248779296875,310800,0.0,0.0
2017-11-23 00:00:00+09:00,1286.1248779296875,1286.1248779296875,1286.1248779296875,1286.1248779296875,0,0.0,0.0
2017-11-24 00:00:00+09:00,1289.732787154103,1305.9671858735253,1277.1060325945523,1299.65380859375,218400,0.0,0.0
2017-11-27 00:00:00+09:00,1316.7900170982914,1316.7900170982914,1285.2231331267571,1303.2613525390625,246800,0.0,0.0
2017-11-28 00:00:00+09:00,1302.3594082533443,1311.378517728783,1286.1250111975546,1297.849853515625,207600,0.0,0.0
2017-11-29 00:00:00+09:00,1292.4382852113954,1296.9478395910583,1259.9694936778224,1261.7733154296875,297400,0.0,0.0
2017-11-30 00:00:00+09:00,1259.9693564453125,1264.4789103338069,1236.5196762251421,1240.1273193359375,174900,0.0,0.0
2017-12-01 00:00:00+09:00,1250.9504188494493,1280.7134785625221,1247.342775247865,1277.1058349609375,273100,0.0,0.0
2017-12-04 00:00:00+09:00,1280.7134230135189,1293.3401750713986,1277.1057795684103,1278.0076904296875,171200,0.0,0.0
2017-12-05 00:00:00+09:00,1268.988569471571,1278.0076779966,1258.1656392415364,1266.2828369140625,208700,0.0,0.0
2017-12-06 00:00:00+09:00,1255.4599066840278,1286.1248756691261,1255.4599066840278,1266.2828369140625,168100,0.0,0.0
2017-12-07 00:00:00+09:00,1277.1056230897855,1287.928552099021,1265.3807833297806,1272.5960693359375,151800,0.0,0.0
2017-12-08 00:00:00+09:00,1277.1057014950939,1293.3400960056247,1267.184682627547,1275.3018798828125,189400,0.0,0.0
2017-12-11 00:00:00+09:00,1281.6152555257968,1282.5171663319375,1267.184682627547,1275.3018798828125,106600,0.0,0.0
2017-12-12 00:00:00+09:00,1275.3018588362067,1289.7324314963053,1271.6942156711823,1281.615234375,85500,0.0,0.0
2017-12-13 00:00:00+09:00,1289.7324858124666,1311.3783457142144,1266.2828042522399,1270.7923583984375,231200,0.0,0.0
2017-12-14 00:00:00+09:00,1273.4980239868164,1278.9094886779785,1261.7731838226318,1269.890380859375,112400,0.0,0.0
2017-12-15 00:00:00+09:00,1269.8905352011495,1274.4000896585399,1254.558050046022,1255.4599609375,156600,0.0,0.0
2017-12-18 00:00:00+09:00,1278.0076677952773,1286.12486540301,1272.5962027234552,1274.4000244140625,169200,0.0,0.0
2017-12-19 00:00:00+09:00,1279.8115355422376,1296.9478422196883,1273.4981593979137,1291.536376953125,146800,0.0,0.0
2017-12-20 00:00:00+09:00,1296.045998862355,1326.7109703037747,1290.6345333138693,1312.2803955078125,244200,0.0,0.0
2017-12-21 00:00:00+09:00,1307.7709182299704,1314.9862060546875,1294.2422535586259,1314.9862060546875,229600,0.0,0.0
2017-12-22 00:00:00+09:00,1315.8877987044843,1349.2584968210476,1314.9858879445771,1332.1221923828125,259400,0.0,0.0
2017-12-25 00:00:00+09:00,1346.5528319982134,1350.1604752185701,1324.906972676072,1333.024169921875,108000,0.0,0.0
2017-12-26 00:00:00+09:00,1347.4548415507165,1347.4548415507165,1306.8688523473818,1309.5745849609375,79400,0.0,0.0
2017-12-27 00:00:00+09:00,1314.9860501880487,1314.9860501880487,1301.4573871202704,1309.5745849609375,103000,0.0,0.0
2017-12-28 00:00:00+09:00,1310.4766068662445,1324.9071820278825,1302.3594083378232,1307.7708740234375,80800,0.0,0.0
2017-12-29 00:00:00+09:00,1307.7706951565212,1307.7706951565212,1295.143943617079,1298.7515869140625,74600,0.0,0.0
2018-01-01 00:00:00+09:00,1298.7515869140625,1298.7515869140625,1298.7515869140625,1298.7515869140625,0,0.0,0.0
2018-01-02 00:00:00+09:00,1298.7515869140625,1298.7515869140625,1298.7515869140625,1298.7515869140625,0,0.0,0.0
2018-01-03 00:00:00+09:00,1298.7515869140625,1298.7515869140625,1298.7515869140625,1298.7515869140625,0,0.0,0.0
2018-01-04 00:00:00+09:00,1316.78986159683,1324.9070593737968,1304.163109499326,1317.6917724609375,233500,0.0,0.0
2018-01-05 00:00:00+09:00,1322.201338084202,1329.4166250587407,1314.9860511096633,1319.49560546875,97400,0.0,0.0
2018-01-08 00:00:00+09:00,1319.49560546875,1319.49560546875,1319.49560546875,1319.49560546875,0,0.0,0.0
2018-01-09 00:00:00+09:00,1327.6128042316825,1333.9261803387624,1320.3975172521625,1329.4166259765625,135600,0.0,0.0
2018-01-10 00:00:00+09:00,1334.8279476230166,1342.0432338263843,1324.005018317965,1335.7298583984375,172100,0.0,0.0
2018-01-11 00:00:00+09:00,1338.4355558225623,1380.825361161956,1334.8279128149543,1378.11962890625,384400,0.0,0.0
2018-01-12 00:00:00+09:00,1378.1198073289174,1396.1580247023326,1373.6102529855636,1387.138916015625,262700,0.0,0.0
2018-01-15 00:00:00+09:00,1397.9615740610125,1406.0787702974956,1370.0023425797922,1373.6099853515625,220400,0.0,0.0
2018-01-16 00:00:00+09:00,1376.3160175819748,1377.2179284716092,1361.8854433478257,1372.7083740234375,101300,0.0,0.0
2018-01-17 00:00:00+09:00,1360.9834876923455,1369.1006854320613,1352.8662899526296,1365.4930419921875,146000,0.0,0.0
2018-01-18 00:00:00+09:00,1371.8063695861322,1374.512102070523,1336.6318472890518,1338.4356689453125,126500,0.0,0.0
2018-01-19 00:00:00+09:00,1334.8280921191079,1341.141468230482,1329.4166268807871,1339.337646484375,113000,0.0,0.0
2018-01-22 00:00:00+09:00,1339.3374784620694,1341.1412999818835,1327.612638583277,1332.1221923828125,86800,0.0,0.0
2018-01-23 00:00:00+09:00,1338.4355907247004,1341.1413230509631,1321.2992859917022,1335.7298583984375,195500,0.0,0.0
2018-01-24 00:00:00+09:00,1335.7298123216597,1336.6317230659688,1309.5744007366982,1328.5145263671875,314000,0.0,0.0
2018-01-25 00:00:00+09:00,1316.789837806881,1320.3974811981327,1301.457353394061,1304.1630859375,164700,0.0,0.0
2018-01-26 00:00:00+09:00,1304.1631968490306,1324.9071481128808,1301.4574640754847,1302.359375,117000,0.0,0.0
2018-01-29 00:00:00+09:00,1302.3594415684472,1310.4766403039846,1296.0460647741404,1303.2613525390625,102400,0.0,0.0
2018-01-30 00:00:00+09:00,1306.8686566480628,1310.476299592571,1278.0075130919981,1278.909423828125,134600,0.0,0.0
2018-01-31 00:00:00+09:00,1275.3017993164062,1282.51708530971,1261.7731380789621,1262.675048828125,155900,0.0,0.0
2018-02-01 00:00:00+09:00,1270.7924488460785,1296.0459538621822,1269.8905379526461,1295.14404296875,111900,0.0,0.0
2018-02-02 00:00:00+09:00,1285.2228775400245,1290.6343422875616,1272.5961264624384,1281.615234375,76900,0.0,0.0
2018-02-05 00:00:00+09:00,1245.5388838909214,1246.4407947409509,1230.2063994404175,1236.519775390625,148400,0.0,0.0
2018-02-06 00:00:00+09:00,1155.347832862367,1170.6803177637412,1121.075219553413,1144.52490234375,246800,0.0,0.0
2018-02-07 00:00:00+09:00,1181.5031007390037,1214.8737990041511,1150.838134765625,1150.838134765625,154400,0.0,0.0
2018-02-08 00:00:00+09:00,1150.8382084388795,1169.7783356937512,1115.6636863941173,1123.7808837890625,225600,0.0,0.0
2018-02-09 00:00:00+09:00,1096.7236320020747,1098.527453765236,1075.077770844139,1086.8026123046875,155500,0.0,0.0
2018-02-12 00:00:00+09:00,1086.8026123046875,1086.8026123046875,1086.8026123046875,1086.8026123046875,0,0.0,0.0
2018-02-13 00:00:00+09:00,1113.859893596725,1120.173269511848,1083.194924866127,1089.50830078125,217200,0.0,0.0
2018-02-14 00:00:00+09:00,1091.3121650547469,1098.5274520964313,1056.1376407265361,1066.9605712890625,171400,0.0,0.0
2018-02-15 00:00:00+09:00,1075.9796013266352,1081.391066211765,1059.745206671246,1064.2547607421875,73600,0.0,0.0
2018-02-16 00:00:00+09:00,1079.5873462963025,1092.2140988845633,1069.666326405526,1070.5682373046875,100500,0.0,0.0
2018-02-19 00:00:00+09:00,1074.1756556834018,1102.1348876953125,1074.1756556834018,1102.1348876953125,52600,0.0,0.0
2018-02-20 00:00:00+09:00,1100.3311443718112,1107.5464305644132,1088.606304308833,1104.8406982421875,79600,0.0,0.0
2018-02-21 00:00:00+09:00,1108.4483528168296,1113.8598175173186,1096.7235126324367,1106.64453125,104700,0.0,0.0
2018-02-22 00:00:00+09:00,1103.939152097239,1119.271640320812,1097.625774593415,1114.7620849609375,124700,0.0,0.0
2018-02-23 00:00:00+09:00,1114.7618103752227,1147.2306009686756,1112.9579886755864,1139.1134033203125,99900,0.0,0.0
2018-02-26 00:00:00+09:00,1152.6420878999552,1157.151642234462,1129.1924053605196,1132.800048828125,99100,0.0,0.0
2018-02-27 00:00:00+09:00,1140.9172476006006,1147.2306236742797,1133.701960659253,1142.7210693359375,87000,0.0,0.0
2018-02-28 00:00:00+09:00,1140.9171809818695,1158.0534864669728,1140.0152701668642,1141.819091796875,139100,0.0,0.0
2018-03-01 00:00:00+09:00,1130.9962147400443,1130.9962147400443,1112.0560867420052,1121.0751953125,145700,0.0,0.0
2018-03-02 00:00:00+09:00,1084.998755560981,1091.3121315285011,1067.8624493634259,1071.4700927734375,139700,0.0,0.0
2018-03-05 00:00:00+09:00,1067.8624911838108,1069.6663129594592,1035.3936992221409,1039.0013427734375,93000,0.0,0.0
2018-03-06 00:00:00+09:00,1061.5490152576385,1073.2738556980373,1052.5299072265625,1052.5299072265625,77600,0.0,0.0
2018-03-07 00:00:00+09:00,1056.1375371711506,1061.5490019218141,1039.001232127383,1040.8050537109375,103600,0.0,0.0
2018-03-08 00:00:00+09:00,1044.41261823109,1052.5298147458393,1034.4916002686184,1038.0992431640625,78500,0.0,0.0
2018-03-09 00:00:00+09:00,1076.881680575284,1076.881680575284,1051.628173828125,1061.5491943359375,174800,0.0,0.0
2018-03-12 00:00:00+09:00,1077.7836024721857,1096.723732724835,1076.881691507774,1093.1160888671875,116800,0.0,0.0
2018-03-13 00:00:00+09:00,1091.3121786884878,1099.4293767117906,1076.8816044248383,1098.5274658203125,67100,0.0,0.0
2018-03-14 00:00:00+09:00,1091.3120670492142,1097.6254426437138,1083.1948698562862,1090.41015625,59300,0.0,0.0
2018-03-15 00:00:00+09:00,1094.9199108978196,1094.9199108978196,1060.6472942469816,1083.195068359375,81400,0.0,0.0
2018-03-16 00:00:00+09:00,1080.4891322129438,1080.4891322129438,1060.6470947265625,1060.6470947265625,148400,0.0,0.0
2018-03-19 00:00:00+09:00,1055.2356166954403,1068.7642784479458,1044.4126872934357,1048.9222412109375,91300,0.0,0.0
2018-03-20 00:00:00+09:00,1039.001264686684,1040.8050863267651,1024.5706915660357,1036.2955322265625,84900,0.0,0.0
2018-03-21 00:00:00+09:00,1036.2955322265625,1036.2955322265625,1036.2955322265625,1036.2955322265625,0,0.0,0.0
2018-03-22 00:00:00+09:00,1036.2955876260685,1042.60896370386,1026.3745680752531,1035.3936767578125,92600,0.0,0.0
2018-03-23 00:00:00+09:00,992.1018813959874,1004.7286326137546,969.5541113642605,974.965576171875,165700,0.0,0.0
2018-03-26 00:00:00+09:00,951.5159659064267,976.7694702148438,945.2025898293225,976.7694702148438,145900,0.0,0.0
2018-03-27 00:00:00+09:00,991.2000855253089,1012.845947265625,988.4943528077694,1012.845947265625,117100,0.0,0.0
2018-03-28 00:00:00+09:00,992.8075672496449,1001.9158935546875,980.9667430530894,1001.9158935546875,95800,11.0,0.0
2018-03-29 00:00:00+09:00,1014.6676275762733,1015.5784602760725,985.5209811827,999.1834716796875,87000,0.0,0.0
2018-03-30 00:00:00+09:00,1001.9159144873223,1016.4892368798652,1000.0942491882545,1009.2025756835938,85500,0.0,0.0
2018-04-02 00:00:00+09:00,1013.7568206787109,1016.4893188476562,1002.8268280029297,1005.559326171875,61500,0.0,0.0
2018-04-03 00:00:00+09:00,990.0749955044607,990.0749955044607,977.3233396285983,981.8775024414062,132700,0.0,0.0
2018-04-04 00:00:00+09:00,985.5209811827,1002.8268024788841,982.7884830833025,999.1834716796875,113100,0.0,0.0
2018-04-05 00:00:00+09:00,1011.9351294768758,1011.9351294768758,990.985977381495,999.1834716796875,101300,0.0,0.0
2018-04-06 00:00:00+09:00,1001.916015849394,1009.2026777828441,988.253524724175,990.9860229492188,114800,0.0,0.0
2018-04-09 00:00:00+09:00,990.9859259579871,993.7184239155919,983.6992647377078,986.4317626953125,104300,0.0,0.0
2018-04-10 00:00:00+09:00,984.6100998402068,1026.5084019610667,980.9667692210015,1019.2217407226562,150100,0.0,0.0
2018-04-11 00:00:00+09:00,1026.508278373238,1051.100757092029,1024.6866132829573,1041.992431640625,126700,0.0,0.0
2018-04-12 00:00:00+09:00,1041.9923973828818,1047.4573924740507,1024.68657959418,1025.597412109375,88700,0.0,0.0
2018-04-13 00:00:00+09:00,1035.6167707368406,1053.8334245756594,1035.6167707368406,1044.72509765625,84700,0.0,0.0
2018-04-16 00:00:00+09:00,1041.9926299915096,1047.457626302654,1025.5976410580768,1039.2601318359375,91800,0.0,0.0
2018-04-17 00:00:00+09:00,1039.2601369222007,1049.279296875,1023.7759806315105,1027.4193115234375,83900,0.0,0.0
2018-04-18 00:00:00+09:00,1040.1709241476963,1050.1900836622538,1030.1517646331388,1046.5467529296875,76900,0.0,0.0
2018-04-19 00:00:00+09:00,1060.2091064453125,1069.3174321020592,1053.8332784855897,1060.2091064453125,55700,0.0,0.0
2018-04-20 00:00:00+09:00,1058.387567621226,1058.387567621226,1043.8142448312608,1048.368408203125,58100,0.0,0.0
2018-04-23 00:00:00+09:00,1052.9224096237326,1059.2982373636687,1046.5465818837965,1055.6549072265625,69700,0.0,0.0
2018-04-24 00:00:00+09:00,1057.4766906113348,1068.4066822455604,1050.1900295218509,1067.495849609375,61100,0.0,0.0
2018-04-25 00:00:00+09:00,1067.4958854941058,1073.8717141617328,1051.1008974916367,1072.050048828125,72300,0.0,0.0
2018-04-26 00:00:00+09:00,1079.336700051189,1083.890863342544,1068.4067081519363,1073.8717041015625,70600,0.0,0.0
2018-04-27 00:00:00+09:00,1082.0691819411059,1082.0691819411059,1053.833369954427,1065.6741943359375,75800,0.0,0.0
2018-04-30 00:00:00+09:00,1065.6741943359375,1065.6741943359375,1065.6741943359375,1065.6741943359375,0,0.0,0.0
2018-05-01 00:00:00+09:00,1065.674208603896,1065.674208603896,1040.1708942099567,1052.01171875,58400,0.0,0.0
2018-05-02 00:00:00+09:00,1052.0116887844194,1059.2983498322767,1040.170864581651,1057.4766845703125,73500,0.0,0.0
2018-05-03 00:00:00+09:00,1057.4766845703125,1057.4766845703125,1057.4766845703125,1057.4766845703125,0,0.0,0.0
2018-05-04 00:00:00+09:00,1057.4766845703125,1057.4766845703125,1057.4766845703125,1057.4766845703125,0,0.0,0.0
2018-05-07 00:00:00+09:00,1061.1199887703774,1061.1199887703774,1038.3491735607126,1051.100830078125,61600,0.0,0.0
2018-05-08 00:00:00+09:00,1054.7441927027783,1085.7125023330843,1054.7441927027783,1067.495849609375,142000,0.0,0.0
2018-05-09 00:00:00+09:00,1076.6041860727164,1076.6041860727164,1058.387533178085,1065.6741943359375,93100,0.0,0.0
2018-05-10 00:00:00+09:00,1062.9416803562056,1072.0500066660272,1057.4766845703125,1057.4766845703125,89800,0.0,0.0
2018-05-11 00:00:00+09:00,1060.2090840157969,1078.4257349439035,1058.3874189229864,1075.6932373046875,182900,0.0,0.0
2018-05-14 00:00:00+09:00,1048.3683881222944,1085.712527056277,1038.3492288961038,1052.01171875,351400,0.0,0.0
2018-05-15 00:00:00+09:00,1063.8524955319597,1096.6424697093146,1059.2983324517713,1082.97998046875,139400,0.0,0.0
2018-05-16 00:00:00+09:00,1075.6933039467478,1075.6933039467478,1032.884171613558,1041.0816650390625,228900,0.0,0.0
2018-05-17 00:00:00+09:00,1049.2791748046875,1053.8333378897773,1041.0816812515259,1049.2791748046875,96900,0.0,0.0
2018-05-18 00:00:00+09:00,1049.2791418650793,1049.2791418650793,1026.5083271544656,1032.8841552734375,131000,0.0,0.0
2018-05-21 00:00:00+09:00,1039.2599833924094,1039.2599833924094,1023.775829389192,1032.8841552734375,96100,0.0,0.0
2018-05-22 00:00:00+09:00,1031.973429999422,1049.2792509791122,1028.3300992668558,1046.5467529296875,117100,0.0,0.0
2018-05-23 00:00:00+09:00,1041.992481157683,1041.992481157683,1023.775829389192,1032.8841552734375,147100,0.0,0.0
2018-05-24 00:00:00+09:00,1031.0626844420049,1034.706015482436,990.9860429972628,998.272705078125,150100,0.0,0.0
2018-05-25 00:00:00+09:00,998.2724865882974,998.2724865882974,964.5716818403348,970.947509765625,151400,0.0,0.0
2018-05-28 00:00:00+09:00,972.7691670735677,988.2533204820421,962.7500089857314,983.6991577148438,219000,0.0,0.0
2018-05-29 00:00:00+09:00,986.4316833840925,986.4316833840925,964.5717014808439,967.30419921875,70000,0.0,0.0
2018-05-30 00:00:00+09:00,953.641772639577,953.641772639577,931.7817893125953,933.6034545898438,172900,0.0,0.0
2018-05-31 00:00:00+09:00,943.6226908169125,949.0876870957749,931.781865546044,941.801025390625,140100,0.0,0.0
2018-06-01 00:00:00+09:00,941.8009332441634,944.5334311162451,929.9601091318093,936.3359375,92300,0.0,0.0
2018-06-04 00:00:00+09:00,944.5334522733357,952.7309460732007,942.7117869844768,943.6226196289062,114600,0.0,0.0
2018-06-05 00:00:00+09:00,951.8200819885847,951.8200819885847,928.1384340156629,938.1575927734375,115600,0.0,0.0
2018-06-06 00:00:00+09:00,940.890121695618,950.9092807843418,935.4251258290412,943.6226196289062,104800,0.0,0.0
2018-06-07 00:00:00+09:00,953.6417796593586,960.9284408219899,950.9092817233719,954.5526123046875,123700,0.0,0.0
2018-06-08 00:00:00+09:00,956.3742934473303,966.3934527120166,952.7309628056262,962.7501220703125,164300,0.0,0.0
2018-06-11 00:00:00+09:00,974.5908419409135,988.2533303793375,970.947511690667,981.8775024414062,147600,0.0,0.0
2018-06-12 00:00:00+09:00,990.9858462806026,990.9858462806026,965.4825340601459,967.30419921875,140000,0.0,0.0
2018-06-13 00:00:00+09:00,971.8583553470281,971.8583553470281,957.2850341796875,957.2850341796875,87800,0.0,0.0
2018-06-14 00:00:00+09:00,955.463422604572,955.463422604572,934.5142722519455,936.3359375,106200,0.0,0.0
2018-06-15 00:00:00+09:00,948.1767451143124,951.8200755470283,925.405929909838,928.138427734375,117000,0.0,0.0
2018-06-18 00:00:00+09:00,927.2276964464464,927.2276964464464,904.4568787537538,909.921875,97400,0.0,0.0
2018-06-19 00:00:00+09:00,907.1892635132456,910.8325938888008,892.6159420110248,897.1701049804688,125100,0.0,0.0
2018-06-20 00:00:00+09:00,902.6352133383384,912.6543731231232,878.9535629379379,909.921875,169200,0.0,0.0
2018-06-21 00:00:00+09:00,906.2785134982967,914.476007590241,898.0810194063522,904.4568481445312,69000,0.0,0.0
2018-06-22 00:00:00+09:00,897.1701149149804,898.9917801229296,885.3292910633106,895.3484497070312,175600,0.0,0.0
2018-06-25 00:00:00+09:00,897.1701034122478,902.6350989660281,884.4184471200941,886.2401123046875,91000,0.0,0.0
2018-06-26 00:00:00+09:00,878.0426497961089,893.5268044086959,864.3801604320615,891.7051391601562,93200,0.0,0.0
2018-06-27 00:00:00+09:00,888.9726763438787,898.0810029457626,877.1318517614294,885.329345703125,176100,0.0,0.0
2018-06-28 00:00:00+09:00,883.507650488481,892.6159767821766,872.5776589360462,890.7943115234375,107800,0.0,0.0
2018-06-29 00:00:00+09:00,891.7051192911329,898.9917801229296,881.6859606474122,895.3484497070312,88200,0.0,0.0
2018-07-02 00:00:00+09:00,897.1701856048238,907.1893450379741,881.6860301172278,882.5968627929688,94500,0.0,0.0
2018-07-03 00:00:00+09:00,887.1510721842449,891.7052357991537,866.2019195556641,874.3994140625,111600,0.0,0.0
2018-07-04 00:00:00+09:00,867.1127522786459,881.6860758463542,867.1127522786459,874.3994140625,97500,0.0,0.0
2018-07-05 00:00:00+09:00,874.3993932845744,878.0427240899268,852.5394084524601,856.1827392578125,87300,0.0,0.0
2018-07-06 00:00:00+09:00,865.2909758693241,875.3101345372847,862.5584780507894,872.57763671875,98200,0.0,0.0
2018-07-09 00:00:00+09:00,875.3101178956564,898.0809326171875,875.3101178956564,898.0809326171875,92400,0.0,0.0
2018-07-10 00:00:00+09:00,905.367686359056,925.4060053730392,902.6351883116947,914.4760131835938,154500,0.0,0.0
2018-07-11 00:00:00+09:00,908.1001314814592,908.1001314814592,887.1509810059592,890.7943115234375,84700,0.0,0.0
2018-07-12 00:00:00+09:00,895.3484847272028,900.8134805648053,884.418493051998,888.97265625,104900,0.0,0.0
2018-07-13 00:00:00+09:00,894.4376022617425,905.3675933280775,894.4376022617425,898.0809326171875,54500,0.0,0.0
2018-07-16 00:00:00+09:00,898.0809326171875,898.0809326171875,898.0809326171875,898.0809326171875,0,0.0,0.0
2018-07-17 00:00:00+09:00,904.4568787537538,914.4760385385385,895.3485516766767,909.921875,153100,0.0,0.0
2018-07-18 00:00:00+09:00,919.0301413455892,924.4951372306967,912.6543128129637,920.851806640625,76100,0.0,0.0
2018-07-19 00:00:00+09:00,930.8709417558365,941.8009332441634,925.4059460116731,936.3359375,105700,0.0,0.0
2018-07-20 00:00:00+09:00,923.5842834046688,927.2276139111962,908.1001287519279,913.5651245117188,72300,0.0,0.0
2018-07-23 00:00:00+09:00,906.2785134982967,912.6543422364756,899.9026847601177,904.4568481445312,78600,0.0,0.0
2018-07-24 00:00:00+09:00,915.386730475966,925.4058887199815,912.6542327730526,924.4950561523438,75500,0.0,0.0
2018-07-25 00:00:00+09:00,927.2275802701887,939.0684039868021,927.2275802701887,930.8709106445312,45600,0.0,0.0
2018-07-26 00:00:00+09:00,940.8901926774813,943.6226908169125,927.2277019803253,941.801025390625,81000,0.0,0.0
2018-07-27 00:00:00+09:00,947.2659401719051,949.0876054414665,940.8901117284404,945.4442749023438,83300,0.0,0.0
2018-07-30 00:00:00+09:00,941.8009294698606,951.8200882940081,940.8900968494836,948.1767578125,73800,0.0,0.0
2018-07-31 00:00:00+09:00,947.2659703927447,953.641799039619,935.4251457628354,939.9793090820312,100600,0.0,0.0
2018-08-01 00:00:00+09:00,954.552528517459,972.769179825044,949.0875331251834,970.0366821289062,177000,0.0,0.0
2018-08-02 00:00:00+09:00,974.5908833918959,978.2342137970993,949.9984031567733,951.820068359375,111600,0.0,0.0
2018-08-03 00:00:00+09:00,954.5525798316141,955.4634124459573,930.8709318586924,938.1575927734375,63900,0.0,0.0
2018-08-06 00:00:00+09:00,938.1576893080248,946.3551836806192,929.9601949354304,931.7818603515625,79000,0.0,0.0
2018-08-07 00:00:00+09:00,929.9601497798003,945.4443050650664,926.3168191244437,939.9793090820312,88800,0.0,0.0
2018-08-08 00:00:00+09:00,898.9918105285292,954.5526012501506,898.9918105285292,945.4442749023438,178300,0.0,0.0
2018-08-09 00:00:00+09:00,945.4442992327146,945.4442992327146,924.4951480936467,929.9601440429688,101200,0.0,0.0
2018-08-10 00:00:00+09:00,929.9600901234688,929.9600901234688,904.4567771719927,906.2784423828125,104300,0.0,0.0
2018-08-13 00:00:00+09:00,896.2593994140625,898.0810648600261,871.6669158935547,874.3994140625,167400,0.0,0.0
2018-08-14 00:00:00+09:00,872.5776785785903,890.7943315760556,872.5776785785903,887.1510009765625,96800,0.0,0.0
2018-08-15 00:00:00+09:00,888.061796086709,891.7051265321929,869.8451438592894,871.6668090820312,70300,0.0,0.0
2018-08-16 00:00:00+09:00,865.2909808024344,875.3101395275153,851.6284916318697,871.6668090820312,108300,0.0,0.0
2018-08-17 00:00:00+09:00,871.666845928717,889.8834989261824,871.666845928717,887.1510009765625,41900,0.0,0.0
2018-08-20 00:00:00+09:00,887.1510569411057,895.3485513070913,883.5077261117788,888.0618896484375,58500,0.0,0.0
2018-08-21 00:00:00+09:00,884.4185331990896,887.1510312419292,875.3102063896242,881.68603515625,46900,0.0,0.0
2018-08-22 00:00:00+09:00,877.1318073797664,896.2592922758984,877.1318073797664,893.5267944335938,43800,0.0,0.0
2018-08-23 00:00:00+09:00,898.0809575041014,898.0809575041014,888.9726313630862,893.5267944335938,70200,0.0,0.0
2018-08-24 00:00:00+09:00,899.9025662169164,904.4567290014149,888.0617429772202,892.6159057617188,91400,0.0,0.0
2018-08-27 00:00:00+09:00,900.8135479229229,912.6543731231232,896.2593843843845,909.921875,66600,0.0,0.0
2018-08-28 00:00:00+09:00,916.2977244008736,929.9602153213636,912.6543934887428,917.2085571289062,77200,0.0,0.0
2018-08-29 00:00:00+09:00,917.2084760505533,929.9601331158043,917.2084760505533,920.851806640625,95200,0.0,0.0
2018-08-30 00:00:00+09:00,931.7818200955913,939.0684814453125,930.8709874268761,939.0684814453125,64700,0.0,0.0
2018-08-31 00:00:00+09:00,935.4250998983579,947.2659239477041,929.0492715640944,937.2467651367188,90100,0.0,0.0
2018-09-03 00:00:00+09:00,944.533437279122,946.3551025390625,937.2467762393602,946.3551025390625,115600,0.0,0.0
2018-09-04 00:00:00+09:00,947.265903882805,947.265903882805,934.5142474843826,940.8900756835938,129400,0.0,0.0
2018-09-05 00:00:00+09:00,948.1767837873851,970.0367672752789,945.4442858513985,954.5526123046875,246900,0.0,0.0
2018-09-06 00:00:00+09:00,945.4442649254432,949.9984280512883,937.246771298922,947.2659301757812,90200,0.0,0.0
2018-09-07 00:00:00+09:00,943.6226908169125,947.2660216694875,934.5143636854751,941.801025390625,118700,0.0,0.0
2018-09-10 00:00:00+09:00,939.0684353720817,944.5334311162451,930.8709417558365,936.3359375,189700,0.0,0.0
2018-09-11 00:00:00+09:00,945.4443562432,949.0876870957749,936.3360291117626,941.801025390625,119300,0.0,0.0
2018-09-12 00:00:00+09:00,943.6226136147104,949.0876094464558,929.9601240353468,933.6034545898438,267400,0.0,0.0
2018-09-13 00:00:00+09:00,934.5142734234149,955.4634238023024,934.5142734234149,947.2659301757812,84300,0.0,0.0
2018-09-14 00:00:00+09:00,960.9284525363245,977.3234403521102,959.1067872234595,974.5909423828125,195100,0.0,0.0
2018-09-17 00:00:00+09:00,974.5909423828125,974.5909423828125,974.5909423828125,974.5909423828125,0,0.0,0.0
2018-09-18 00:00:00+09:00,979.1451325100405,1004.6484475893718,972.7693037402078,1002.8267822265625,237300,0.0,0.0
2018-09-19 00:00:00+09:00,1015.578410103451,1027.419234615868,1012.8459121390472,1019.2217407226562,234700,0.0,0.0
2018-09-20 00:00:00+09:00,1021.9543151855469,1034.7059733072917,1019.2218170166016,1027.4193115234375,213700,0.0,0.0
2018-09-21 00:00:00+09:00,1038.3492288961038,1054.7442167207791,1038.3492288961038,1052.01171875,289200,0.0,0.0
2018-09-24 00:00:00+09:00,1052.01171875,1052.01171875,1052.01171875,1052.01171875,0,0.0,0.0
2018-09-25 00:00:00+09:00,1062.0308113494134,1067.495806948124,1037.438331155216,1052.9224853515625,635000,0.0,0.0
2018-09-26 00:00:00+09:00,1063.0379638671875,1066.7162959220914,1051.0833846887504,1063.0379638671875,228300,11.0,0.0
2018-09-27 00:00:00+09:00,1063.037953080572,1063.037953080572,1042.8071269838829,1051.0833740234375,101800,0.0,0.0
2018-09-28 00:00:00+09:00,1056.6009521484375,1068.5555321118227,1049.244287555585,1056.6009521484375,110400,0.0,0.0
2018-10-01 00:00:00+09:00,1049.2441392450746,1063.0378834069293,1037.2895609714674,1057.5203857421875,73800,0.0,0.0
2018-10-02 00:00:00+09:00,1062.1184455459713,1082.3492730801802,1062.1184455459713,1073.1534423828125,103800,0.0,0.0
2018-10-03 00:00:00+09:00,1077.7512772697298,1084.1883582773135,1067.6358642578125,1067.6358642578125,81000,0.0,0.0
2018-10-04 00:00:00+09:00,1083.2687733707266,1088.7862713675215,1068.5554453792736,1075.912109375,85700,0.0,0.0
2018-10-05 00:00:00+09:00,1068.5554216158255,1071.3141705528715,1058.4400088466568,1060.2791748046875,85800,0.0,0.0
2018-10-08 00:00:00+09:00,1060.2791748046875,1060.2791748046875,1060.2791748046875,1060.2791748046875,0,0.0,0.0
2018-10-09 00:00:00+09:00,1053.8422124501444,1053.8422124501444,1000.5063936699452,1005.1043090820312,258500,0.0,0.0
2018-10-10 00:00:00+09:00,1006.9434903649724,1015.2197382309859,990.3909946329454,1000.5064086914062,125500,0.0,0.0
2018-10-11 00:00:00+09:00,965.5621355480007,971.9992164516541,944.4117268645683,957.285888671875,154400,0.0,0.0
2018-10-12 00:00:00+09:00,957.2858950504292,967.401307966428,948.090065126794,959.1250610351562,86500,0.0,0.0
2018-10-15 00:00:00+09:00,947.1704746894686,947.1704746894686,930.6179809570312,930.6179809570312,82200,0.0,0.0
2018-10-16 00:00:00+09:00,928.7788486009995,934.2963467115005,919.5830184168312,931.53759765625,78400,0.0,0.0
2018-10-17 00:00:00+09:00,936.1354754105355,955.4467180270593,932.4571434835785,947.1704711914062,94600,0.0,0.0
2018-10-18 00:00:00+09:00,949.9292730906653,949.9292730906653,926.0201142326234,926.939697265625,68500,0.0,0.0
2018-10-19 00:00:00+09:00,914.9851472965462,922.341811797423,908.5480658582791,917.743896484375,56500,0.0,0.0
2018-10-22 00:00:00+09:00,909.4675694127236,919.5829822171119,903.0304885372038,912.226318359375,57200,0.0,0.0
2018-10-23 00:00:00+09:00,910.3871878579025,910.3871878579025,877.2821992085243,878.2017822265625,90800,0.0,0.0
2018-10-24 00:00:00+09:00,887.3976251405272,888.317208171761,870.8451305783205,881.880126953125,72500,0.0,0.0
2018-10-25 00:00:00+09:00,870.845007483268,870.845007483268,845.0966862482823,846.9358520507812,92500,0.0,0.0
2018-10-26 00:00:00+09:00,849.6947276980378,853.3730598525748,826.7051517321818,830.3834838867188,84500,0.0,0.0
2018-10-29 00:00:00+09:00,834.9813505633268,848.7750953413554,827.6246866817116,834.061767578125,133000,0.0,0.0
2018-10-30 00:00:00+09:00,834.0617359834558,862.568807444853,834.0617359834558,859.81005859375,127400,0.0,0.0
2018-10-31 00:00:00+09:00,872.684220599246,895.6737943768869,867.1667228926123,894.7542114257812,106500,0.0,0.0
2018-11-01 00:00:00+09:00,892.9151044484311,909.4675986606575,887.397606377689,903.030517578125,107400,0.0,0.0
2018-11-02 00:00:00+09:00,903.0305484244919,942.5726192821835,899.3522162516833,938.894287109375,118600,0.0,0.0
2018-11-05 00:00:00+09:00,919.5830750608159,935.2159873368497,916.8243258356334,921.4222412109375,56900,0.0,0.0
2018-11-06 00:00:00+09:00,926.0201142326234,939.8138597276476,921.4221990676153,926.939697265625,31600,0.0,0.0
2018-11-07 00:00:00+09:00,931.5375889105464,936.1355039594632,906.7088476463956,911.3067626953125,50900,0.0,0.0
2018-11-08 00:00:00+09:00,925.1005735111808,935.2159873368497,918.6634919857551,921.4222412109375,40200,0.0,0.0
2018-11-09 00:00:00+09:00,917.7437952702968,930.6179567269943,909.4675486195626,914.9850463867188,49100,0.0,0.0
2018-11-12 00:00:00+09:00,914.9850673060263,920.502565199329,898.4325736261183,912.226318359375,70500,0.0,0.0
2018-11-13 00:00:00+09:00,829.4638589957628,840.4988549025801,820.2680290734152,835.9009399414062,181200,0.0,0.0
2018-11-14 00:00:00+09:00,835.9008777094822,855.2121191087111,834.9812947857095,844.1771240234375,62900,0.0,0.0
2018-11-15 00:00:00+09:00,836.8205084268583,844.1771722372042,833.1421765216852,840.4988403320312,35400,0.0,0.0
2018-11-16 00:00:00+09:00,836.8205738067627,841.4184890474593,821.1876619883947,823.9464111328125,52900,0.0,0.0
2018-11-19 00:00:00+09:00,825.7855834960938,833.142247937039,820.268085165385,825.7855834960938,41200,0.0,0.0
2018-11-20 00:00:00+09:00,820.2680579876078,828.5443052094558,812.9113937904094,826.7051391601562,49700,0.0,0.0
2018-11-21 00:00:00+09:00,818.4288711717018,830.3834501888165,808.31345815722,829.4638671875,59000,0.0,0.0
2018-11-22 00:00:00+09:00,832.2226161914496,837.7401141993487,817.5092881703853,829.4638671875,55800,0.0,0.0
2018-11-23 00:00:00+09:00,829.4638671875,829.4638671875,829.4638671875,829.4638671875,0,0.0,0.0
2018-11-26 00:00:00+09:00,827.6246723375823,844.177165784334,823.0267574912624,838.65966796875,31000,0.0,0.0
2018-11-27 00:00:00+09:00,855.2121837103545,867.1667626224347,848.7751027576959,862.56884765625,61500,0.0,0.0
2018-11-28 00:00:00+09:00,868.0863357000131,879.1213314928099,864.4080037690808,877.2821655273438,79700,0.0,0.0
2018-11-29 00:00:00+09:00,895.6738515289953,912.2263457050958,892.9151024996452,911.3067626953125,92100,0.0,0.0
2018-11-30 00:00:00+09:00,911.306696553133,911.306696553133,893.8346206353635,901.1912841796875,108000,0.0,0.0
2018-12-03 00:00:00+09:00,912.2263981087175,932.4572254861286,906.7088997330599,917.743896484375,88500,0.0,0.0
2018-12-04 00:00:00+09:00,908.5479556923658,915.9046193012108,892.91504552357,894.7542114257812,106700,0.0,0.0
2018-12-05 00:00:00+09:00,873.6038435750933,880.9605075209888,860.729681669776,862.56884765625,93400,0.0,0.0
2018-12-06 00:00:00+09:00,856.1318024731635,856.1318024731635,824.8659793968073,828.5443115234375,83700,0.0,0.0
2018-12-07 00:00:00+09:00,827.6246948242188,832.2226097954643,820.2680308702256,827.6246948242188,63500,0.0,0.0
2018-12-10 00:00:00+09:00,813.8309999141242,820.2680812693771,807.3939185588712,815.670166015625,66300,0.0,0.0
2018-12-11 00:00:00+09:00,822.1072283083411,826.7051434554794,806.4743168080706,810.1526489257812,82800,0.0,0.0
2018-12-12 00:00:00+09:00,811.072219545478,834.9813779447778,811.072219545478,833.1422119140625,67900,0.0,0.0
2018-12-13 00:00:00+09:00,837.7401167399971,854.2926108138938,837.7401167399971,847.8555297851562,79000,0.0,0.0
2018-12-14 00:00:00+09:00,847.8554976613898,847.8554976613898,833.1421701531661,838.65966796875,124600,0.0,0.0
2018-12-17 00:00:00+09:00,821.1875688884382,836.8204789344668,813.8309053373661,814.75048828125,103500,0.0,0.0
2018-12-18 00:00:00+09:00,806.4743315814293,821.1876603217975,798.1980841649722,805.5547485351562,66200,0.0,0.0
2018-12-19 00:00:00+09:00,805.5547547916074,814.750585325758,797.2785073108716,807.3939208984375,51000,0.0,0.0
2018-12-20 00:00:00+09:00,805.5546777801156,805.5546777801156,775.208439918536,785.3238525390625,175400,0.0,0.0
2018-12-21 00:00:00+09:00,777.0475930606617,783.4846737132352,750.3796874999999,781.6455078125,181700,0.0,0.0
2018-12-24 00:00:00+09:00,781.6455078125,781.6455078125,781.6455078125,781.6455078125,0,0.0,0.0
2018-12-25 00:00:00+09:00,777.9672591640923,777.9672591640923,724.6314423419677,725.551025390625,114500,0.0,0.0
2018-12-26 00:00:00+09:00,737.505571306992,751.29931640625,734.7468222871404,751.29931640625,81600,0.0,0.0
2018-12-27 00:00:00+09:00,777.0476416015625,806.4742978515625,772.4497265625,804.6351318359375,69100,0.0,0.0
2018-12-28 00:00:00+09:00,805.5547234270485,824.865966796875,804.6351404094378,824.865966796875,84600,0.0,0.0
2018-12-31 00:00:00+09:00,824.865966796875,824.865966796875,824.865966796875,824.865966796875,0,0.0,0.0
2019-01-04 00:00:00+09:00,808.3134416236473,808.3134416236473,768.7713733758466,780.7259521484375,117400,0.0,0.0
2019-01-07 00:00:00+09:00,809.2330908587599,823.0268367256705,803.7155925119955,817.5093383789062,78500,0.0,0.0
2019-01-08 00:00:00+09:00,827.6246313955269,856.131702032484,820.2679680053445,844.1771240234375,123800,0.0,0.0
2019-01-09 00:00:00+09:00,845.0968276535748,846.9359937638111,821.187668220503,825.7855834960938,62800,0.0,0.0
2019-01-10 00:00:00+09:00,818.4288878529256,844.1772124145907,808.3134746322716,843.2576293945312,84800,0.0,0.0
2019-01-11 00:00:00+09:00,846.0164042881557,851.5339025769915,822.107245036534,823.9464111328125,79600,0.0,0.0
2019-01-15 00:00:00+09:00,818.4288959279736,864.4080473846013,810.1526486657806,863.4884643554688,80400,0.0,0.0
2019-01-16 00:00:00+09:00,860.7296918426315,860.7296918426315,845.0967807728401,847.8555297851562,39600,0.0,0.0
2019-01-17 00:00:00+09:00,857.0513305664062,865.3275773208029,848.7750838120096,857.0513305664062,51800,0.0,0.0
2019-01-18 00:00:00+09:00,865.3275884719122,879.1213332403274,859.8100905645462,869.0059204101562,45800,0.0,0.0
2019-01-21 00:00:00+09:00,875.4429594053956,881.8800399892589,871.7646276431881,874.5233764648438,53300,0.0,0.0
2019-01-22 00:00:00+09:00,881.8800494025735,881.8800494025735,855.2121438419117,859.81005859375,40100,0.0,0.0
2019-01-23 00:00:00+09:00,846.0163492575175,864.4080090239853,844.1771832808707,852.4534301757812,48800,0.0,0.0
2019-01-24 00:00:00+09:00,843.2575654871323,861.6492244944852,843.2575654871323,859.81005859375,53100,0.0,0.0
2019-01-25 00:00:00+09:00,859.8100635617278,882.7996374537527,857.0513146946848,869.9254760742188,54300,0.0,0.0
2019-01-28 00:00:00+09:00,866.2471506625791,880.0408950998814,866.2471506625791,871.7646484375,42100,0.0,0.0
2019-01-29 00:00:00+09:00,864.4080872748308,872.6843349189514,856.13183963071,866.2472534179688,71700,0.0,0.0
2019-01-30 00:00:00+09:00,873.6038353329614,887.3975801013765,869.0059204101562,869.0059204101562,97600,0.0,0.0
2019-01-31 00:00:00+09:00,876.3626246737707,882.7997058623504,842.3380526769927,845.0968017578125,123700,0.0,0.0
2019-02-01 00:00:00+09:00,847.8555024747342,858.8904981685484,846.9359195002496,848.7750854492188,44700,0.0,0.0
2019-02-04 00:00:00+09:00,853.3730734342312,879.1213989257812,852.4534903809615,879.1213989257812,63000,0.0,0.0
2019-02-05 00:00:00+09:00,879.1214150802973,897.5130764836508,876.3626658697943,892.9151611328125,74500,0.0,0.0
2019-02-06 00:00:00+09:00,898.4326279210499,898.4326279210499,879.1213841274551,883.7192993164062,38200,0.0,0.0
2019-02-07 00:00:00+09:00,891.075963618728,891.075963618728,872.6843028629235,883.7192993164062,33800,0.0,0.0
2019-02-08 00:00:00+09:00,873.6038776759269,873.6038776759269,851.5338849767456,863.4884643554688,79700,0.0,0.0
2019-02-12 00:00:00+09:00,877.282191333328,922.3417588127128,876.3626083235447,911.3067626953125,119900,0.0,0.0
2019-02-13 00:00:00+09:00,911.3068041679187,933.3767974071014,905.789305858123,932.4572143554688,89400,0.0,0.0
2019-02-14 00:00:00+09:00,926.9397271104709,933.3768085487382,913.1459811713271,917.743896484375,71400,0.0,0.0
2019-02-15 00:00:00+09:00,912.2264315096347,918.6635131835938,894.7543526803171,918.6635131835938,39800,0.0,0.0
2019-02-18 00:00:00+09:00,928.7788005517531,943.4921280852461,919.5829708433199,935.2158813476562,104200,0.0,0.0
2019-02-19 00:00:00+09:00,935.2158958827083,936.1354788678436,921.4221511056771,930.6179809570312,39200,0.0,0.0
2019-02-20 00:00:00+09:00,930.6179809570312,936.1354788678436,923.261317075948,930.6179809570312,57300,0.0,0.0
2019-02-21 00:00:00+09:00,934.296380458734,941.6530448717949,929.6984652005709,932.4572143554688,69000,0.0,0.0
2019-02-22 00:00:00+09:00,929.6984566773536,941.6530362389814,919.5830432021303,938.894287109375,63900,0.0,0.0
2019-02-25 00:00:00+09:00,942.5725199090034,964.6425106190678,942.5725199090034,962.8033447265625,95100,0.0,0.0
2019-02-26 00:00:00+09:00,962.8034311038012,962.8034311038012,932.4571911549708,943.4921875,90700,0.0,0.0
2019-02-27 00:00:00+09:00,944.4117599140857,951.7684240614203,925.1005165273322,931.53759765625,77400,0.0,0.0
2019-02-28 00:00:00+09:00,934.2963615296379,934.2963615296379,914.9851178366041,926.939697265625,75600,0.0,0.0
2019-03-01 00:00:00+09:00,926.9397271104709,936.135557736567,909.4676489208887,917.743896484375,77600,0.0,0.0
2019-03-04 00:00:00+09:00,926.9396929824562,944.4117705287525,926.9396929824562,943.4921875,76600,0.0,0.0
2019-03-05 00:00:00+09:00,942.5726582804524,942.5726582804524,917.7439150867234,923.2614135742188,93600,0.0,0.0
2019-03-06 00:00:00+09:00,921.422173828125,927.8592548828125,916.8242587890625,919.5830078125,51800,0.0,0.0
2019-03-07 00:00:00+09:00,910.3871541299752,910.3871541299752,897.5129923543999,903.9500732421875,67600,0.0,0.0
2019-03-08 00:00:00+09:00,890.1563076872363,891.0758906497231,870.8450654750133,871.7646484375,64600,0.0,0.0
2019-03-11 00:00:00+09:00,871.7647368643578,876.3626521431783,863.488489362481,870.8451538085938,17500,0.0,0.0
2019-03-12 00:00:00+09:00,882.7996909430746,886.4780229886707,876.3626098632812,876.3626098632812,53500,0.0,0.0
2019-03-13 00:00:00+09:00,877.2821774190157,877.2821774190157,850.6142705582699,854.2926025390625,35800,0.0,0.0
2019-03-14 00:00:00+09:00,857.0513746954233,861.6492897957206,841.4184633544123,843.2576293945312,46900,0.0,0.0
2019-03-15 00:00:00+09:00,844.1771977687347,863.4884408549476,831.3030357112594,847.8555297851562,90900,0.0,0.0
2019-03-18 00:00:00+09:00,861.6492797470886,887.3976040084744,858.890530719083,884.6388549804688,55300,0.0,0.0
2019-03-19 00:00:00+09:00,882.799716278616,891.075963618728,874.5234689385039,883.7192993164062,32300,0.0,0.0
2019-03-20 00:00:00+09:00,886.4780586759657,900.2718044022515,884.6388925791276,895.6738891601562,49900,0.0,0.0
2019-03-22 00:00:00+09:00,903.9501069231732,905.7892729596394,890.1563616496761,904.8696899414062,59500,0.0,0.0
2019-03-25 00:00:00+09:00,885.5584915485788,885.5584915485788,859.8101657299285,864.4080810546875,45100,0.0,0.0
2019-03-26 00:00:00+09:00,878.2017824126453,908.5480220143388,873.6038673214797,904.8696899414062,78700,0.0,0.0
2019-03-27 00:00:00+09:00,923.4692722170432,923.4692722170432,907.6596270733477,921.6093139648438,28400,11.0,0.0
2019-03-28 00:00:00+09:00,909.5196064483611,913.2395230391519,889.0600651990114,893.7099609375,34800,0.0,0.0
2019-03-29 00:00:00+09:00,903.0097181532118,903.0097181532118,886.2700941297743,887.2000732421875,32200,0.0,0.0
2019-04-01 00:00:00+09:00,901.149660058297,924.3991352919991,901.149660058297,917.8892822265625,43200,0.0,0.0
2019-04-02 00:00:00+09:00,938.3489925794868,939.2789717594466,926.2592632400087,933.6990966796875,21300,0.0,0.0
2019-04-03 00:00:00+09:00,934.6289877509504,945.7887368584245,931.8390504740819,940.2088623046875,48000,0.0,0.0
2019-04-04 00:00:00+09:00,943.9288192853434,958.8084854021566,939.2789236238392,951.36865234375,35500,0.0,0.0
2019-04-05 00:00:00+09:00,956.0185821861992,956.0185821861992,942.9988738684883,949.5087280273438,62300,0.0,0.0
2019-04-08 00:00:00+09:00,951.3686527081389,957.8785066367382,933.6990491876554,934.6290283203125,18400,0.0,0.0
2019-04-09 00:00:00+09:00,937.4189385576211,942.9988131918926,929.9791057119256,941.1388549804688,30700,0.0,0.0
2019-04-10 00:00:00+09:00,931.8390839882121,947.6487291257367,921.609313605108,946.71875,20600,0.0,0.0
2019-04-11 00:00:00+09:00,937.4189453125,940.2088826497395,928.119154188368,937.4189453125,14300,0.0,0.0
2019-04-12 00:00:00+09:00,944.8587919921875,945.788771118164,928.1191677246094,929.9791259765625,52200,0.0,0.0
2019-04-15 00:00:00+09:00,957.8784989278943,997.8676013103209,956.9485198027215,988.5678100585938,116700,0.0,0.0
2019-04-16 00:00:00+09:00,978.3379851386137,983.9178595785678,962.5283408920772,968.1082153320312,43300,0.0,0.0
2019-04-17 00:00:00+09:00,970.898139364499,978.3379718500506,969.968160303805,975.5480346679688,36900,0.0,0.0
2019-04-18 00:00:00+09:00,985.7777352168642,997.8674621582031,965.3181973161369,970.8980712890625,86700,0.0,0.0
2019-04-19 00:00:00+09:00,981.1279432701342,991.3577132947518,975.548068711252,982.0579223632812,28700,0.0,0.0
2019-04-22 00:00:00+09:00,989.4976734020893,989.4976734020893,975.5479881567591,984.8477783203125,41800,0.0,0.0
2019-04-23 00:00:00+09:00,987.6377282981981,990.4276653837862,971.8280848131988,977.407958984375,38200,0.0,0.0
2019-04-24 00:00:00+09:00,981.127970475417,985.7778660700872,966.2483045724722,967.1782836914062,54300,0.0,0.0
2019-04-25 00:00:00+09:00,967.1782702371097,982.9879150390625,963.4583538131209,982.9879150390625,66900,0.0,0.0
2019-04-26 00:00:00+09:00,976.4780543794568,976.4780543794568,962.5283678883217,969.9682006835938,58000,0.0,0.0
2019-05-07 00:00:00+09:00,961.598381427346,961.598381427346,940.2088623046875,940.2088623046875,50900,0.0,0.0
2019-05-08 00:00:00+09:00,920.6793349629264,927.1891888465027,907.659627195774,913.239501953125,90300,0.0,0.0
2019-05-09 00:00:00+09:00,901.1497113024207,911.3794809869682,876.970255684399,879.7601928710938,80300,0.0,0.0
2019-05-10 00:00:00+09:00,879.760199866711,908.5895510251339,879.760199866711,884.4100952148438,86800,0.0,0.0
2019-05-13 00:00:00+09:00,939.2789445523016,959.7384859187873,931.839111328125,931.839111328125,110000,0.0,0.0
2019-05-14 00:00:00+09:00,903.9396906935444,944.8587713422233,894.6398996370265,932.76904296875,72500,0.0,0.0
2019-05-15 00:00:00+09:00,933.6990493713134,942.9988406997129,916.9594249801943,926.2592163085938,35600,0.0,0.0
2019-05-16 00:00:00+09:00,919.7493490416293,919.7493490416293,901.1497666545388,908.589599609375,47300,0.0,0.0
2019-05-17 00:00:00+09:00,918.81928854114,929.9790369849595,910.4494772082754,919.749267578125,37600,0.0,0.0
2019-05-20 00:00:00+09:00,916.9594459885817,921.6093417593148,893.7099671349158,906.7296752929688,31400,0.0,0.0
2019-05-21 00:00:00+09:00,893.7099133518535,895.5698715482154,879.7602268791399,886.2700805664062,59800,0.0,0.0
2019-05-22 00:00:00+09:00,889.990010579427,894.639906141493,879.760240342882,887.2000732421875,39400,0.0,0.0
2019-05-23 00:00:00+09:00,883.4801364045605,887.2000527683692,876.0403036769433,881.6201782226562,28400,0.0,0.0
2019-05-24 00:00:00+09:00,881.6201580059641,887.2000324237234,869.530430100819,884.4100952148438,43200,0.0,0.0
2019-05-27 00:00:00+09:00,885.3401422873219,887.2001005694381,876.9703300177988,880.6902465820312,21800,0.0,0.0
2019-05-28 00:00:00+09:00,876.040276168123,886.2700458473686,865.8105064888774,871.390380859375,83200,0.0,0.0
2019-05-29 00:00:00+09:00,863.0205622988196,869.5304156782289,851.8608136484039,866.740478515625,47500,0.0,0.0
2019-05-30 00:00:00+09:00,853.7207440801864,862.0905552966587,850.0008279839764,856.5106811523438,57900,0.0,0.0
2019-05-31 00:00:00+09:00,856.5107215756276,859.300658779457,842.5610355564805,850.9308471679688,50500,0.0,0.0
2019-06-03 00:00:00+09:00,830.4713473849827,834.1912638346354,821.1715562608507,828.6113891601562,54300,0.0,0.0
2019-06-04 00:00:00+09:00,831.4013065538909,852.7908256263064,831.4013065538909,848.1409301757812,71800,0.0,0.0
2019-06-05 00:00:00+09:00,876.0403782621343,878.8303157725232,868.6005449010971,874.180419921875,56500,0.0,0.0
2019-06-06 00:00:00+09:00,869.530422276464,871.3903803989805,862.090589786398,863.0205688476562,33600,0.0,0.0
2019-06-07 00:00:00+09:00,865.8105940001207,874.1804064018404,860.2307190656408,873.2504272460938,41100,0.0,0.0
2019-06-10 00:00:00+09:00,883.4801635105741,891.8499755859375,879.7602470326349,891.8499755859375,39000,0.0,0.0
2019-06-11 00:00:00+09:00,891.8500091995018,902.0797798993917,885.3401551177536,898.35986328125,41000,0.0,0.0
2019-06-12 00:00:00+09:00,899.289794858164,906.7296277008376,888.1300455941537,890.9199829101562,82100,0.0,0.0
2019-06-13 00:00:00+09:00,883.4801909526611,888.1300866945172,867.6705454303503,876.9703369140625,54800,0.0,0.0
2019-06-14 00:00:00+09:00,882.5502188035601,882.5502188035601,873.2504272460938,873.2504272460938,40000,0.0,0.0
2019-06-17 00:00:00+09:00,883.4800809972426,883.4800809972426,858.3706471162683,869.5303955078125,44700,0.0,0.0
2019-06-18 00:00:00+09:00,872.3203935695968,877.9002681553299,850.9308743242868,852.7908325195312,31600,0.0,0.0
2019-06-19 00:00:00+09:00,866.7404535148087,890.9199082265952,862.0905583779266,889.9899291992188,45300,0.0,0.0
2019-06-20 00:00:00+09:00,889.0600655179063,893.7099612580628,882.5502114816874,885.3401489257812,21600,0.0,0.0
2019-06-21 00:00:00+09:00,889.9900247036309,890.9200038308029,850.9309013624056,854.6508178710938,88500,0.0,0.0
2019-06-24 00:00:00+09:00,867.6705652202771,884.4101902727583,867.6705652202771,882.5502319335938,35600,0.0,0.0
2019-06-25 00:00:00+09:00,882.5501776801215,884.4101359049479,868.6004909939236,870.46044921875,49400,0.0,0.0
2019-06-26 00:00:00+09:00,862.090623495753,866.7405189838638,852.7908325195312,852.7908325195312,61200,0.0,0.0
2019-06-27 00:00:00+09:00,853.7207859171677,884.4100952148438,853.7207859171677,884.4100952148438,60900,0.0,0.0
2019-06-28 00:00:00+09:00,884.4102180626742,886.2701764602823,869.530550881809,876.0404052734375,77500,0.0,0.0
2019-07-01 00:00:00+09:00,899.2897817099966,915.0994262695312,889.0600117008861,915.0994262695312,70700,0.0,0.0
2019-07-02 00:00:00+09:00,915.0995130804905,937.4190133995269,908.5896588207717,933.6990966796875,77900,0.0,0.0
2019-07-03 00:00:00+09:00,931.8390372952956,953.2285561154472,929.9790791370216,947.648681640625,78600,0.0,0.0
2019-07-04 00:00:00+09:00,941.138841396977,947.6486950430035,932.7690295663714,940.2088623046875,56100,0.0,0.0
2019-07-05 00:00:00+09:00,935.5590074529696,939.2789239835977,922.5392995957711,934.6290283203125,36700,0.0,0.0
2019-07-08 00:00:00+09:00,923.4692517895384,929.979105528236,916.0294189453125,916.0294189453125,40000,0.0,0.0
2019-07-09 00:00:00+09:00,916.0294257269965,916.9594048394097,898.3598225911458,903.939697265625,36300,0.0,0.0
2019-07-10 00:00:00+09:00,894.639906141493,898.3598225911458,885.3401150173611,887.2000732421875,66400,0.0,0.0
2019-07-11 00:00:00+09:00,892.7799611761711,915.0994602055754,892.7799611761711,913.239501953125,48700,0.0,0.0
2019-07-12 00:00:00+09:00,913.2394815663822,915.0994397773118,903.9396905117347,907.6596069335938,49200,0.0,0.0
2019-07-16 00:00:00+09:00,903.0097181532118,913.239488389757,902.0797390407986,903.939697265625,23700,0.0,0.0
2019-07-17 00:00:00+09:00,898.3598500016344,902.0797665647882,888.1300794529616,889.06005859375,44900,0.0,0.0
2019-07-18 00:00:00+09:00,883.4800936297913,883.4800936297913,852.7907851142302,853.7207641601562,72100,0.0,0.0
2019-07-19 00:00:00+09:00,857.4407680555785,882.5502048641475,856.5107889145204,880.6902465820312,34300,0.0,0.0
2019-07-22 00:00:00+09:00,876.9703369140625,889.0600658428884,876.0403577656913,876.9703369140625,27900,0.0,0.0
2019-07-23 00:00:00+09:00,874.1803790187336,892.7799615510471,874.1803790187336,888.1300659179688,28400,0.0,0.0
2019-07-24 00:00:00+09:00,887.200107546146,887.200107546146,874.1803994689488,876.9703369140625,85200,0.0,0.0
2019-07-25 00:00:00+09:00,876.970255684399,883.4801091200202,871.3903813110094,879.7601928710938,56800,0.0,0.0
2019-07-26 00:00:00+09:00,871.3904283311632,880.6902194552952,866.7405327690972,878.8302612304688,39300,0.0,0.0
2019-07-29 00:00:00+09:00,877.9002685546875,883.4801431429588,865.8105402800996,877.9002685546875,33300,0.0,0.0
2019-07-30 00:00:00+09:00,883.4801364045605,893.7099064050344,876.9702827678954,881.6201782226562,88100,0.0,0.0
2019-07-31 00:00:00+09:00,865.8105468088014,876.9702960694948,857.4407348632812,857.4407348632812,119900,0.0,0.0
2019-08-01 00:00:00+09:00,857.4407617501507,867.6705322265625,849.0709495421775,867.6705322265625,75700,0.0,0.0
2019-08-02 00:00:00+09:00,844.4210619343892,849.070957649887,817.4516667845023,822.1015625,116600,0.0,0.0
2019-08-05 00:00:00+09:00,811.8717305952359,816.5216259594698,785.8323165555262,796.9920654296875,91600,0.0,0.0
2019-08-06 00:00:00+09:00,781.1824410860655,800.7120021132172,776.5325456034104,794.2021484375,74500,0.0,0.0
2019-08-07 00:00:00+09:00,794.2021552586583,807.221862721915,790.4822388405851,798.85205078125,63700,0.0,0.0
2019-08-08 00:00:00+09:00,795.1321278143366,829.5413543981149,789.5522532331834,810.9417724609375,91200,0.0,0.0
2019-08-09 00:00:00+09:00,818.3815781872156,837.9111385757741,812.8017037904846,817.4515991210938,84800,0.0,0.0
2019-08-13 00:00:00+09:00,817.4515991210938,821.1715153855811,812.8017037904846,817.4515991210938,87500,0.0,0.0
2019-08-14 00:00:00+09:00,831.4013264973958,837.9111802842882,822.1015353732639,828.6113891601562,44700,0.0,0.0
2019-08-15 00:00:00+09:00,800.7119889724679,815.5916542727692,800.7119889724679,810.0117797851562,66800,0.0,0.0
2019-08-16 00:00:00+09:00,810.0117402431928,828.6113209606025,810.0117402431928,823.96142578125,37100,0.0,0.0
2019-08-19 00:00:00+09:00,835.1212088487717,845.350978667632,830.4713134765625,830.4713134765625,58100,0.0,0.0
2019-08-20 00:00:00+09:00,832.3312719645363,840.7010836379227,827.6813765904327,838.8411254882812,34100,0.0,0.0
2019-08-21 00:00:00+09:00,827.6814304386173,832.3313261152388,825.8214721679688,825.8214721679688,28600,0.0,0.0
2019-08-22 00:00:00+09:00,830.4713268560205,833.2612641242938,822.1015150512006,823.031494140625,39600,0.0,0.0
2019-08-23 00:00:00+09:00,829.5414158510358,835.1212908455495,825.8214991880267,827.6814575195312,21100,0.0,0.0
2019-08-26 00:00:00+09:00,804.4319184993412,804.4319184993412,783.9723783756586,794.2021484375,102700,0.0,0.0
2019-08-27 00:00:00+09:00,808.1518280811799,808.1518280811799,794.2021417506647,797.9220581054688,56300,0.0,0.0
2019-08-28 00:00:00+09:00,799.7819759227611,804.4318711316145,792.342143588596,803.5018920898438,51300,0.0,0.0
2019-08-29 00:00:00+09:00,805.3618910282404,806.2918701171875,796.0621001387688,806.2918701171875,38800,0.0,0.0
2019-08-30 00:00:00+09:00,817.4516794198375,844.4210749865898,816.5217002623633,839.7711791992188,107700,0.0,0.0
2019-09-02 00:00:00+09:00,835.1212223031426,838.8411386608404,817.4516196040785,823.031494140625,77700,0.0,0.0
2019-09-03 00:00:00+09:00,823.9615273920839,838.8411938009702,823.9615273920839,826.75146484375,50300,0.0,0.0
2019-09-04 00:00:00+09:00,825.8214380106795,825.8214380106795,810.0117933640786,810.9417724609375,87100,0.0,0.0
2019-09-05 00:00:00+09:00,820.2414922589298,861.1605689702596,820.2414922589298,851.8607788085938,224300,0.0,0.0
2019-09-06 00:00:00+09:00,858.3707479725713,861.1606853982677,844.4210608440897,855.580810546875,104900,0.0,0.0
2019-09-09 00:00:00+09:00,858.3707207573784,870.46044921875,852.7908460828993,870.46044921875,94900,0.0,0.0
2019-09-10 00:00:00+09:00,865.8105332897555,867.6704914708291,861.1606378370716,864.8805541992188,149100,0.0,0.0
2019-09-11 00:00:00+09:00,868.600437654194,884.4100815943667,868.600437654194,883.4801025390625,127900,0.0,0.0
2019-09-12 00:00:00+09:00,890.9200171336705,894.639933697903,879.7602674409732,880.6902465820312,140400,0.0,0.0
2019-09-13 00:00:00+09:00,888.1300925813599,898.35986328125,879.7602801905408,898.35986328125,202400,0.0,0.0
2019-09-17 00:00:00+09:00,895.5699258176436,907.6596548266045,889.9900508904309,898.35986328125,146900,0.0,0.0
2019-09-18 00:00:00+09:00,898.3598158164749,902.0797322380753,894.6398993948746,899.289794921875,124200,0.0,0.0
2019-09-19 00:00:00+09:00,906.7296752929688,920.6793626051682,900.2198212139423,906.7296752929688,164000,0.0,0.0
2019-09-20 00:00:00+09:00,913.2395293719951,916.0294668344351,903.9397378305288,906.7296752929688,167300,0.0,0.0
2019-09-24 00:00:00+09:00,907.6596204900204,916.9594116835657,906.729641370666,908.589599609375,210300,0.0,0.0
2019-09-25 00:00:00+09:00,904.8696831319569,913.2394952061476,896.4998710577661,908.589599609375,181600,0.0,0.0
2019-09-26 00:00:00+09:00,922.5392268529844,959.7383892260885,921.6092477936567,950.4385986328125,637100,0.0,0.0
2019-09-27 00:00:00+09:00,947.6155380032368,958.907878078747,918.4436594748352,927.8539428710938,223000,12.0,0.0
2019-09-30 00:00:00+09:00,919.3847568877326,920.3257852980578,907.1513875535048,913.7385864257812,109300,0.0,0.0
2019-10-01 00:00:00+09:00,918.4437257083752,941.0284074880892,918.4437257083752,938.205322265625,58000,0.0,0.0
2019-10-02 00:00:00+09:00,929.7360490363261,940.0873613231678,924.0898786980489,926.9129638671875,69500,0.0,0.0
2019-10-03 00:00:00+09:00,898.6821551282867,901.5052404323546,883.6257001732578,895.8590698242188,86200,0.0,0.0
2019-10-04 00:00:00+09:00,888.330810546875,893.9769809528932,880.8025833388506,888.330810546875,42800,0.0,0.0
2019-10-07 00:00:00+09:00,893.9769926525297,896.8000778924851,881.7436232793898,889.2718505859375,33900,0.0,0.0
2019-10-08 00:00:00+09:00,898.682134719122,909.9744756789433,894.9180210658482,909.033447265625,60600,0.0,0.0
2019-10-09 00:00:00+09:00,895.8590494791666,909.9744756789433,889.2718505859375,909.033447265625,59000,0.0,0.0
2019-10-10 00:00:00+09:00,910.9155303860008,914.6796441479264,895.8590753382983,906.2103881835938,59300,0.0,0.0
2019-10-11 00:00:00+09:00,911.8565325055803,913.7385893322172,899.6231631324405,909.033447265625,58700,0.0,0.0
2019-10-15 00:00:00+09:00,936.3232654506488,960.7900040453392,936.3232654506488,938.205322265625,115200,0.0,0.0
2019-10-16 00:00:00+09:00,950.4386769236622,960.7899892465932,935.3822226357627,941.9694213867188,76100,0.0,0.0
2019-10-17 00:00:00+09:00,941.0284277927353,950.4387120706626,932.5591719426008,944.7925415039062,57900,0.0,0.0
2019-10-18 00:00:00+09:00,952.3207164197865,967.3771704343286,946.6745461643333,950.4386596679688,51600,0.0,0.0
2019-10-21 00:00:00+09:00,956.0848064119854,956.0848064119854,945.7334945315406,948.5565795898438,26200,0.0,0.0
2019-10-23 00:00:00+09:00,955.1438568713619,962.6720843146829,939.1463735543045,959.8489990234375,68200,0.0,0.0
2019-10-24 00:00:00+09:00,969.2592569390349,969.2592569390349,955.1438308671072,962.6720581054688,50000,0.0,0.0
2019-10-25 00:00:00+09:00,963.6130604288498,968.3182023254751,958.9079185322246,965.4951171875,50600,0.0,0.0
2019-10-28 00:00:00+09:00,967.3771595778975,973.9643581353345,962.6720177511567,969.2592163085938,45100,0.0,0.0
2019-10-29 00:00:00+09:00,988.079781965776,997.4900656035452,978.6694983280066,993.7259521484375,123000,0.0,0.0
2019-10-30 00:00:00+09:00,983.3745980709233,1005.0182495117188,963.6130032771536,1005.0182495117188,151900,0.0,0.0
2019-10-31 00:00:00+09:00,1006.9003756705172,1008.7824324474715,981.492609181635,990.9028930664062,40100,0.0,0.0
2019-11-01 00:00:00+09:00,988.079813502779,988.079813502779,974.9054159894085,981.4926147460938,52600,0.0,0.0
2019-11-05 00:00:00+09:00,996.5490293529522,1010.6644546978948,986.1977174333275,1007.8413696289062,80700,0.0,0.0
2019-11-06 00:00:00+09:00,1016.3105038183044,1016.3105038183044,1001.2540519098851,1003.1361083984375,53000,0.0,0.0
2019-11-07 00:00:00+09:00,1004.0772523418987,1004.0772523418987,988.0797703458235,992.784912109375,70700,0.0,0.0
2019-11-08 00:00:00+09:00,992.7849248037808,1033.2491444877264,992.7849248037808,1013.487548828125,104700,0.0,0.0
2019-11-11 00:00:00+09:00,1019.1337179704146,1031.3670866995146,992.7849237846606,993.7259521484375,58500,0.0,0.0
2019-11-12 00:00:00+09:00,993.7259638126774,1000.3131624364356,984.3156800644513,994.6669921875,66800,0.0,0.0
2019-11-13 00:00:00+09:00,996.5490163506724,996.5490163506724,981.4925628458465,987.1387329101562,46000,0.0,0.0
2019-11-14 00:00:00+09:00,980.5515830867362,981.4926114774145,958.9079301011365,966.4361572265625,54800,0.0,0.0
2019-11-15 00:00:00+09:00,973.964356509122,994.6669805122144,971.1412714177911,993.7259521484375,54900,0.0,0.0
2019-11-18 00:00:00+09:00,994.6669778635095,1001.254176392407,987.1387509733411,998.4310913085938,42400,0.0,0.0
2019-11-19 00:00:00+09:00,989.9618641461512,996.5490628619526,968.3182112228038,971.1412963867188,40700,0.0,0.0
2019-11-20 00:00:00+09:00,963.6130665380906,977.7284923174572,955.1438110704706,975.846435546875,52000,0.0,0.0
2019-11-21 00:00:00+09:00,977.728468919837,981.492582370924,956.084816576087,973.96435546875,41300,0.0,0.0
2019-11-22 00:00:00+09:00,972.0823480543361,985.2567458014423,971.1413196438285,973.0233764648438,31100,0.0,0.0
2019-11-25 00:00:00+09:00,973.0232316649929,996.548938426719,973.0232316649929,995.60791015625,43800,0.0,0.0
2019-11-26 00:00:00+09:00,1000.3131389310574,1007.8413657527399,978.6694868187203,992.784912109375,72800,0.0,0.0
2019-11-27 00:00:00+09:00,993.7259313185176,997.4900446947241,981.4925628458465,987.1387329101562,27600,0.0,0.0
2019-11-28 00:00:00+09:00,979.6105283274234,979.6105283274234,964.554074481853,969.2592163085938,25600,0.0,0.0
2019-11-29 00:00:00+09:00,969.2592307048002,973.0233442221004,958.9079185322246,965.4951171875,41900,0.0,0.0
2019-12-02 00:00:00+09:00,972.0822728621937,982.4335845770864,967.3771311736061,976.7874145507812,33600,0.0,0.0
2019-12-03 00:00:00+09:00,957.0259050899708,973.9644166844836,947.6156208707971,954.2028198242188,33200,0.0,0.0
2019-12-04 00:00:00+09:00,943.8514530535442,965.4951055163872,943.8514530535442,964.5540771484375,32500,0.0,0.0
2019-12-05 00:00:00+09:00,972.082289685545,973.9643463935519,960.7899494375039,968.3181762695312,42400,0.0,0.0
2019-12-06 00:00:00+09:00,966.436107887832,973.9643346289251,962.6719945172855,967.3771362304688,39100,0.0,0.0
2019-12-09 00:00:00+09:00,982.4336314723039,991.843915298667,975.8464327938498,980.5515747070312,31300,0.0,0.0
2019-12-10 00:00:00+09:00,977.7284779250907,982.4336197822856,968.318194210701,979.6105346679688,38000,0.0,0.0
2019-12-11 00:00:00+09:00,982.4335678668965,1005.0182475879745,979.6104829017618,985.2566528320312,54500,0.0,0.0
2019-12-12 00:00:00+09:00,989.020751953125,1002.1951482683902,987.1386953366585,989.020751953125,74300,0.0,0.0
2019-12-13 00:00:00+09:00,1009.7235766759218,1034.1903175832601,1009.7235766759218,1020.0748901367188,126800,0.0,0.0
2019-12-16 00:00:00+09:00,1020.0748115672176,1034.1902379265425,1020.0748115672176,1028.5440673828125,50300,0.0,0.0
2019-12-17 00:00:00+09:00,1035.1313066353318,1043.60056278053,1030.4261643324442,1041.718505859375,71300,0.0,0.0
2019-12-18 00:00:00+09:00,1045.482531614978,1050.187673521436,1010.6644815071884,1024.7799072265625,103600,0.0,0.0
2019-12-19 00:00:00+09:00,1021.0157757460684,1023.8388608402971,1003.1362368159529,1013.487548828125,57200,0.0,0.0
2019-12-20 00:00:00+09:00,1014.4285761515299,1014.4285761515299,989.0208103295529,993.7259521484375,78700,0.0,0.0
2019-12-23 00:00:00+09:00,996.5490662087011,1004.0772933377565,985.2567255151181,986.19775390625,53900,0.0,0.0
2019-12-24 00:00:00+09:00,989.9618440412883,998.4310993610331,982.4336170904039,984.315673828125,25100,0.0,0.0
2019-12-25 00:00:00+09:00,984.315738214231,984.315738214231,957.9669421626073,959.8489990234375,46300,0.0,0.0
2019-12-26 00:00:00+09:00,951.3796853352063,958.9079123210437,943.8514583493688,955.143798828125,50600,0.0,0.0
2019-12-27 00:00:00+09:00,966.4361604450991,985.2567283213424,966.4361604450991,981.4926147460938,47600,0.0,0.0
2019-12-30 00:00:00+09:00,981.4925808057147,1005.9593181987623,981.4925808057147,998.4310913085938,68100,0.0,0.0
2020-01-06 00:00:00+09:00,987.1387663284152,987.1387663284152,944.7924894125155,950.4386596679688,71100,0.0,0.0
2020-01-07 00:00:00+09:00,953.2617570152578,977.7284951025201,953.2617570152578,971.1412963867188,48800,0.0,0.0
2020-01-08 00:00:00+09:00,948.5566582207207,949.4976866514952,929.7360896052302,940.08740234375,54000,0.0,0.0
2020-01-09 00:00:00+09:00,954.2027561535897,967.3771531813512,954.2027561535897,958.9078979492188,36600,0.0,0.0
2020-01-10 00:00:00+09:00,960.7899868824929,976.7874695240232,960.7899868824929,966.4361572265625,23500,0.0,0.0
2020-01-14 00:00:00+09:00,967.3772268362112,967.3772268362112,936.3232886206519,940.08740234375,85800,0.0,0.0
2020-01-15 00:00:00+09:00,940.0873613231678,941.9694181025936,918.4437083597716,926.9129638671875,43800,0.0,0.0
2020-01-16 00:00:00+09:00,936.3232214923812,936.3232214923812,923.1488244060562,929.7360229492188,32800,0.0,0.0
2020-01-17 00:00:00+09:00,925.0308669305617,942.9104055589245,925.0308669305617,933.5001220703125,35600,0.0,0.0
2020-01-20 00:00:00+09:00,942.9104469860524,953.2617592783145,942.9104469860524,946.674560546875,21900,0.0,0.0
2020-01-21 00:00:00+09:00,946.674560546875,956.0848444489313,943.851475376258,946.674560546875,23200,0.0,0.0
2020-01-22 00:00:00+09:00,946.674534535857,953.2617330863053,941.9693927141082,949.4976196289062,31200,0.0,0.0
2020-01-23 00:00:00+09:00,937.264176481763,939.1462330610436,927.8538935853597,928.794921875,37600,0.0,0.0
2020-01-24 00:00:00+09:00,928.7949407563793,932.5590539914609,915.6205444335938,915.6205444335938,50300,0.0,0.0
2020-01-27 00:00:00+09:00,903.3872767857142,909.033447265625,887.3897937593006,889.2718505859375,48300,0.0,0.0
2020-01-28 00:00:00+09:00,884.5666630798466,913.738542394182,883.625634714868,905.269287109375,67200,0.0,0.0
2020-01-29 00:00:00+09:00,904.328256096194,910.9154546317542,897.7410575606337,909.9744262695312,27500,0.0,0.0
2020-01-30 00:00:00+09:00,907.1513068030384,907.1513068030384,872.3332587203491,882.6845703125,71000,0.0,0.0
2020-01-31 00:00:00+09:00,894.9179948251459,899.6231367537745,884.5666825821631,892.0949096679688,37600,0.0,0.0
2020-02-03 00:00:00+09:00,870.4512595119052,892.0949124511201,870.4512595119052,887.3897705078125,40000,0.0,0.0
2020-02-04 00:00:00+09:00,873.2743818909404,886.4487798936055,868.5692397471315,885.5077514648438,67600,0.0,0.0
2020-02-05 00:00:00+09:00,894.9179385577692,895.8589668843284,881.7435419859409,882.6845703125,46600,0.0,0.0
2020-02-06 00:00:00+09:00,893.9770184573355,917.5027294693706,889.2718762549284,906.2103881835938,76800,0.0,0.0
2020-02-07 00:00:00+09:00,878.920514485324,882.6846280377237,864.8050886638252,867.628173828125,104400,0.0,0.0
2020-02-10 00:00:00+09:00,861.0409723670738,877.0384549137843,857.2768588266712,872.3333129882812,34100,0.0,0.0
2020-02-12 00:00:00+09:00,872.3332687078737,872.3332687078737,855.3947586358762,863.864013671875,58600,0.0,0.0
2020-02-13 00:00:00+09:00,866.6870986838745,870.4512120332073,856.3357869732093,863.864013671875,36500,0.0,0.0
2020-02-14 00:00:00+09:00,861.9820090846011,862.9230374787983,852.5717251426295,858.2178955078125,37600,0.0,0.0
2020-02-17 00:00:00+09:00,848.8075821550855,849.7486105166765,836.5742134544024,845.9844970703125,32000,0.0,0.0
2020-02-18 00:00:00+09:00,851.6307378570419,854.453823175905,829.987083745758,831.869140625,66300,0.0,0.0
2020-02-19 00:00:00+09:00,836.5742565271147,845.9845406275323,831.869114476906,834.6921997070312,42200,0.0,0.0
2020-02-20 00:00:00+09:00,834.6921682400174,850.6896506076389,834.6921682400174,846.925537109375,62800,0.0,0.0
2020-02-21 00:00:00+09:00,846.925537109375,856.3358208550347,845.984508734809,846.925537109375,33100,0.0,0.0
2020-02-25 00:00:00+09:00,804.5793351520296,811.1665343871924,781.0536235978767,783.876708984375,128000,0.0,0.0
2020-02-26 00:00:00+09:00,772.5843104709585,801.7561906470848,771.6432820781802,798.93310546875,72500,0.0,0.0
2020-02-27 00:00:00+09:00,796.109977253532,796.109977253532,765.0560419705928,765.9970703125,85800,0.0,0.0
2020-02-28 00:00:00+09:00,751.8816932054809,751.8816932054809,721.7687843411813,725.5328979492188,127600,0.0,0.0
2020-03-02 00:00:00+09:00,720.8277309969536,761.2919508832056,718.9456742580583,748.1175537109375,81000,0.0,0.0
2020-03-03 00:00:00+09:00,750.9406406516681,758.4688676256197,722.7097894993498,723.6508178710938,112400,0.0,0.0
2020-03-04 00:00:00+09:00,721.7687727494673,738.7072837136009,713.2995172674006,724.5918579101562,71300,0.0,0.0
2020-03-05 00:00:00+09:00,741.5304281123991,743.4124850365423,722.7098588709678,729.2970581054688,63000,0.0,0.0
2020-03-06 00:00:00+09:00,711.4174202696918,718.0046186055222,686.95068359375,686.95068359375,74400,0.0,0.0
2020-03-09 00:00:00+09:00,668.1301674045775,676.5994230477341,638.958286855927,641.7813720703125,71300,0.0,0.0
2020-03-10 00:00:00+09:00,635.194153621279,657.7788346389244,606.9633023492221,654.9557495117188,106300,0.0,0.0
2020-03-11 00:00:00+09:00,654.9557119112643,679.4224482757655,654.9557119112643,656.8377685546875,127600,0.0,0.0
2020-03-12 00:00:00+09:00,656.8378204027338,656.8378204027338,623.9018265429978,631.4300537109375,177500,0.0,0.0
2020-03-13 00:00:00+09:00,622.0197336942741,626.7248754014925,580.6144866707521,608.8453369140625,183900,0.0,0.0
2020-03-16 00:00:00+09:00,611.6685012291218,628.6070135708513,596.6120458142511,600.3761596679688,88400,0.0,0.0
2020-03-17 00:00:00+09:00,589.0836938303413,670.0121246121454,578.7323829163896,663.4249267578125,147100,0.0,0.0
2020-03-18 00:00:00+09:00,663.4249984852589,691.6558494846316,643.6634027856979,644.6044311523438,93100,0.0,0.0
2020-03-19 00:00:00+09:00,663.4250667177398,683.1866644497576,580.614561935951,600.3761596679688,290700,0.0,0.0
2020-03-23 00:00:00+09:00,619.1967356406142,683.1866718466351,609.7864509044347,680.3635864257812,112400,0.0,0.0
2020-03-24 00:00:00+09:00,694.4789137942596,701.0661121635819,640.840298501207,657.77880859375,111700,0.0,0.0
2020-03-25 00:00:00+09:00,667.1891199127446,695.4199712489678,655.8967793782552,694.4789428710938,112700,0.0,0.0
2020-03-26 00:00:00+09:00,691.655900478363,725.5329241752625,675.6584170659384,722.7098388671875,125700,0.0,0.0
2020-03-27 00:00:00+09:00,765.0560837318158,818.6947021484375,738.7072887201418,818.6947021484375,232700,0.0,0.0
2020-03-30 00:00:00+09:00,782.4354900624018,782.4354900624018,727.0924919848172,758.5807495117188,153900,12.0,0.0
2020-03-31 00:00:00+09:00,763.351671439243,763.351671439243,718.5047607421875,718.5047607421875,140900,0.0,0.0
2020-04-01 00:00:00+09:00,724.229993644863,725.1841833598102,675.56631818256,685.1082153320312,118300,0.0,0.0
2020-04-02 00:00:00+09:00,677.4746346370184,683.1997723945143,653.6198939807854,659.3450317382812,48500,0.0,0.0
2020-04-03 00:00:00+09:00,717.550614040018,725.1841312106565,645.0322009189524,663.1618041992188,47900,0.0,0.0
2020-04-06 00:00:00+09:00,670.7953630960399,696.558485149515,650.7573792766702,691.7875366210938,68000,0.0,0.0
2020-04-07 00:00:00+09:00,705.1461867491404,732.8176879882812,698.4668588638306,732.8176879882812,63400,0.0,0.0
2020-04-08 00:00:00+09:00,726.1382645176709,734.7259706683399,712.7796105055193,723.2756958007812,64100,0.0,0.0
2020-04-09 00:00:00+09:00,723.2757910092671,735.6802570819855,708.0087558428446,732.8176879882812,49600,0.0,0.0
2020-04-10 00:00:00+09:00,732.8176682692308,747.1305133526142,714.6880644969451,744.2679443359375,43500,0.0,0.0
2020-04-13 00:00:00+09:00,743.3136695175575,743.3136695175575,716.596361755694,721.3673095703125,31900,0.0,0.0
2020-04-14 00:00:00+09:00,723.2757228110552,728.0466708507059,706.1003098683125,722.321533203125,52300,0.0,0.0
2020-04-15 00:00:00+09:00,723.2758039299159,723.2758039299159,668.8869901779302,685.1082153320312,115400,0.0,0.0
2020-04-16 00:00:00+09:00,680.3371894550834,715.6422048966515,679.3829998485545,713.7338256835938,87100,0.0,0.0
2020-04-17 00:00:00+09:00,722.3215935775489,734.7260595174539,693.6959029469987,705.1461791992188,56800,0.0,0.0
2020-04-20 00:00:00+09:00,704.1919486004373,709.9170863939368,692.7416730134383,702.2835693359375,31300,0.0,0.0
2020-04-21 00:00:00+09:00,686.0623916056146,692.7417194793827,681.2914431243516,689.879150390625,28400,0.0,0.0
2020-04-22 00:00:00+09:00,678.428790571352,683.1997384656653,661.2533781518241,666.978515625,66100,0.0,0.0
2020-04-23 00:00:00+09:00,668.8869570169489,687.0165607021444,667.932767349307,684.1539916992188,48300,0.0,0.0
2020-04-24 00:00:00+09:00,684.1539847847465,687.0165537587412,672.7037088887674,682.24560546875,58800,0.0,0.0
2020-04-27 00:00:00+09:00,689.8790834191727,704.1919274735125,681.2913769865689,696.5584106445312,52300,0.0,0.0
2020-04-28 00:00:00+09:00,698.4667698962952,703.2377177781005,675.5662200636298,699.4209594726562,45900,0.0,0.0
2020-04-30 00:00:00+09:00,725.1841009619402,729.0008593880557,710.8712568640071,713.7338256835938,62000,0.0,0.0
2020-05-01 00:00:00+09:00,718.5048065811762,718.5048065811762,689.8791170759501,697.5126342773438,44800,0.0,0.0
2020-05-07 00:00:00+09:00,693.6958348200872,699.4209723839393,687.970697256235,694.6500244140625,22300,0.0,0.0
2020-05-08 00:00:00+09:00,708.9628717889849,724.2299053672133,699.4209758025921,720.4131469726562,40900,0.0,0.0
2020-05-11 00:00:00+09:00,726.1383073877769,743.313720703125,726.1383073877769,743.313720703125,30700,0.0,0.0
2020-05-12 00:00:00+09:00,743.3136782092873,743.3136782092873,729.95502417215,731.8634033203125,24300,0.0,0.0
2020-05-13 00:00:00+09:00,703.2377581274984,704.1919477586076,688.92491366086,693.6958618164062,78400,0.0,0.0
2020-05-14 00:00:00+09:00,692.741676787026,692.741676787026,669.8411254882812,669.8411254882812,51100,0.0,0.0
2020-05-15 00:00:00+09:00,679.3830234103733,693.6958680046929,666.9785580952962,687.0165405273438,51500,0.0,0.0
2020-05-18 00:00:00+09:00,688.9249076323548,703.2377519737473,680.3372010275194,700.3751831054688,62000,0.0,0.0
2020-05-19 00:00:00+09:00,706.1002995417668,715.6421954815205,685.108128474309,694.6500244140625,56400,0.0,0.0
2020-05-20 00:00:00+09:00,695.6042210409087,699.4209794553992,688.9248938155501,696.5584106445312,40700,0.0,0.0
2020-05-21 00:00:00+09:00,699.4209874779912,709.9170732382338,690.8332809468835,707.0545043945312,23900,0.0,0.0
2020-05-22 00:00:00+09:00,708.0087614432393,709.9171408541375,683.1998291015625,683.1998291015625,28600,0.0,0.0
2020-05-25 00:00:00+09:00,689.8791378726908,713.7338798461586,689.8791378726908,711.8255004882812,26400,0.0,0.0
2020-05-26 00:00:00+09:00,717.5505723527723,733.7717953979812,711.8254348074045,727.0924682617188,75800,0.0,0.0
2020-05-27 00:00:00+09:00,733.7718252578968,755.718186741553,733.7718252578968,751.9014282226562,69600,0.0,0.0
2020-05-28 00:00:00+09:00,760.4891040998829,782.4354646949862,751.9013977800598,776.7103271484375,76500,0.0,0.0
2020-05-29 00:00:00+09:00,772.8936349847017,772.8936349847017,752.8556518554688,752.8556518554688,86300,0.0,0.0
2020-06-01 00:00:00+09:00,752.8556240340658,758.58076185942,739.4969691082396,745.2221069335938,31800,0.0,0.0
2020-06-02 00:00:00+09:00,752.8555709376479,760.4890874997534,748.084623086332,755.7181396484375,43500,0.0,0.0
2020-06-03 00:00:00+09:00,770.0310460922869,775.756183981449,758.580770313963,764.305908203125,63800,0.0,0.0
2020-06-04 00:00:00+09:00,775.7561422936003,775.7561422936003,751.9014023706728,761.4432983398438,44600,0.0,0.0
2020-06-05 00:00:00+09:00,762.397455333776,771.9393508948996,756.6723179971018,769.0767822265625,48800,0.0,0.0
2020-06-08 00:00:00+09:00,782.4354658903212,789.1147930381654,771.9393803722803,785.2980346679688,53900,0.0,0.0
2020-06-09 00:00:00+09:00,790.0690294053819,790.0690294053819,767.1684778284143,772.8936157226562,52300,0.0,0.0
2020-06-10 00:00:00+09:00,772.8935687840717,785.2980334682605,770.0310000107974,776.7103271484375,50400,0.0,0.0
2020-06-11 00:00:00+09:00,773.8477888192996,773.8477888192996,741.4053414458641,743.313720703125,50000,0.0,0.0
2020-06-12 00:00:00+09:00,742.3594886352062,749.9930052278561,722.3215075795001,731.8634033203125,125400,0.0,0.0
2020-06-15 00:00:00+09:00,736.6343834635417,737.5885730794271,715.6422119140625,715.6422119140625,47100,0.0,0.0
2020-06-16 00:00:00+09:00,739.4969759925268,748.0846828105045,724.2299416494552,747.1304931640625,104100,0.0,0.0
2020-06-17 00:00:00+09:00,750.9472256019467,765.2600698002049,746.1762775358607,756.67236328125,61900,0.0,0.0
2020-06-18 00:00:00+09:00,756.672334979598,756.672334979598,737.5885434290407,749.038818359375,63600,0.0,0.0
2020-06-19 00:00:00+09:00,754.7639558245422,758.5807141346537,745.2220600492635,749.038818359375,121000,0.0,0.0
2020-06-22 00:00:00+09:00,747.1304543860873,767.1684359213464,741.4053168045848,761.4432983398438,105000,0.0,0.0
2020-06-23 00:00:00+09:00,768.1226396441757,777.6645357888239,758.5807434995276,765.2600708007812,64500,0.0,0.0
2020-06-24 00:00:00+09:00,765.2600759258708,770.0310240301468,749.9930419921875,749.9930419921875,51400,0.0,0.0
2020-06-25 00:00:00+09:00,763.3516915718517,770.0310188731054,751.9014161982739,765.2600708007812,116500,0.0,0.0
2020-06-26 00:00:00+09:00,776.7103461743591,778.6187254032886,754.7639850416683,765.2600708007812,97900,0.0,0.0
2020-06-29 00:00:00+09:00,763.3517037793465,772.8936000765883,746.1762904443111,751.9014282226562,72700,0.0,0.0
2020-06-30 00:00:00+09:00,765.2600626987694,771.9393899293073,753.8097874464187,754.7639770507812,44900,0.0,0.0
2020-07-01 00:00:00+09:00,764.305934101613,766.2143134626657,733.7718643247696,737.588623046875,106400,0.0,0.0
2020-07-02 00:00:00+09:00,747.1305064223419,757.626592719463,734.7260407984717,742.3595581054688,71200,0.0,0.0
2020-07-03 00:00:00+09:00,751.9014152151639,757.6265528944672,745.2220879226434,756.67236328125,53600,0.0,0.0
2020-07-06 00:00:00+09:00,756.6723642705979,772.8935877164997,754.7639850416683,765.2600708007812,55500,0.0,0.0
2020-07-07 00:00:00+09:00,765.2600687766561,766.214258388597,745.2220869258958,748.0846557617188,46200,0.0,0.0
2020-07-08 00:00:00+09:00,744.267901394207,751.9014183315835,724.2299194335938,724.2299194335938,57600,0.0,0.0
2020-07-09 00:00:00+09:00,727.0924873046874,727.0924873046874,702.2835572916666,715.6422119140625,97100,0.0,0.0
2020-07-10 00:00:00+09:00,715.6421822707943,715.6421822707943,694.650011590851,699.4209594726562,110300,0.0,0.0
2020-07-13 00:00:00+09:00,713.7338413783483,736.6343924386161,712.779651750837,734.7260131835938,72800,0.0,0.0
2020-07-14 00:00:00+09:00,735.6801733495704,743.3136900639629,709.9170544384959,718.5047607421875,99200,0.0,0.0
2020-07-15 00:00:00+09:00,730.9092884583232,742.3595645177226,722.3215814137737,735.6802368164062,129200,0.0,0.0
2020-07-16 00:00:00+09:00,735.6801948396585,735.6801948396585,718.5047817305614,724.2299194335938,101900,0.0,0.0
2020-07-17 00:00:00+09:00,729.0008544921875,734.7259920929115,719.4589584909809,729.0008544921875,51100,0.0,0.0
2020-07-20 00:00:00+09:00,726.1382588305505,732.8175857843137,718.5047423119638,729.9550170898438,81600,0.0,0.0
2020-07-21 00:00:00+09:00,734.7260476136819,747.1305133526142,722.3215818747497,744.2679443359375,72800,0.0,0.0
2020-07-22 00:00:00+09:00,744.267908565005,749.0388566968319,726.1383056640625,726.1383056640625,59700,0.0,0.0
2020-07-27 00:00:00+09:00,725.1841160376971,729.0008745431587,713.7338405213125,726.1383056640625,104000,0.0,0.0
2020-07-28 00:00:00+09:00,725.18408203125,730.9092195209704,713.7338070518092,725.18408203125,115800,0.0,0.0
2020-07-29 00:00:00+09:00,722.3215651818731,722.3215651818731,694.6500653268212,697.5126342773438,68000,0.0,0.0
2020-07-30 00:00:00+09:00,705.1461855306665,707.0545649231716,680.3372534280991,689.879150390625,79400,0.0,0.0
2020-07-31 00:00:00+09:00,687.016545357464,687.016545357464,661.2534249065592,663.1618041992188,108800,0.0,0.0
2020-08-03 00:00:00+09:00,672.7036614216549,678.428798965669,669.8410926496479,677.474609375,80700,0.0,0.0
2020-08-04 00:00:00+09:00,679.3829977793237,697.512600248154,679.3829977793237,696.5584106445312,65700,0.0,0.0
2020-08-05 00:00:00+09:00,697.5126203408431,701.32937886528,688.92491366086,693.6958618164062,93700,0.0,0.0
2020-08-06 00:00:00+09:00,699.4210004391878,709.9170863939368,695.6042419101881,702.2835693359375,36800,0.0,0.0
2020-08-07 00:00:00+09:00,696.5584446271696,705.1461514787374,683.1997895247307,697.5126342773438,80700,0.0,0.0
2020-08-11 00:00:00+09:00,683.1998292699353,697.5126748551993,680.3372601528825,691.7875366210938,141200,0.0,0.0
2020-08-12 00:00:00+09:00,691.7874590134778,723.2757157685741,686.0623214216422,720.4131469726562,116800,0.0,0.0
2020-08-13 00:00:00+09:00,720.4131609649055,725.1841090507659,709.9170751760129,724.2299194335938,74100,0.0,0.0
2020-08-14 00:00:00+09:00,721.367349609375,724.2299184570312,713.7338326822917,715.6422119140625,59800,0.0,0.0
2020-08-17 00:00:00+09:00,709.9170519770408,709.9170519770408,695.6042081871811,701.329345703125,72000,0.0,0.0
2020-08-18 00:00:00+09:00,695.6042069364186,697.5125861049684,687.0165006779442,692.7416381835938,49100,0.0,0.0
2020-08-19 00:00:00+09:00,692.741672185297,694.6500514475155,684.153965505314,693.6958618164062,56800,0.0,0.0
2020-08-20 00:00:00+09:00,688.9248351617907,696.5583513408687,672.70361328125,672.70361328125,85700,0.0,0.0
2020-08-21 00:00:00+09:00,673.657843983106,686.06230853237,673.657843983106,675.5662231445312,52300,0.0,0.0
2020-08-24 00:00:00+09:00,677.4746502933797,681.2914088865818,669.8411331069753,680.3372192382812,44100,0.0,0.0
2020-08-25 00:00:00+09:00,687.0165343986416,695.6042410786247,687.0165343986416,693.6958618164062,88400,0.0,0.0
2020-08-26 00:00:00+09:00,693.6958336332742,694.6500232256171,684.1539377098454,686.0623168945312,81000,0.0,0.0
2020-08-27 00:00:00+09:00,684.1539293709448,684.1539293709448,668.8868960795429,675.5662231445312,72500,0.0,0.0
2020-08-28 00:00:00+09:00,680.3371710480943,693.6958251780709,668.8868960795429,675.5662231445312,130400,0.0,0.0
2020-08-31 00:00:00+09:00,675.5662501657532,687.0165255922914,673.6578709279968,674.612060546875,86000,0.0,0.0
2020-09-01 00:00:00+09:00,673.6578426770386,674.6120322559013,656.4824302575107,666.978515625,189000,0.0,0.0
2020-09-02 00:00:00+09:00,671.7494916902405,677.4746294035095,664.115974739215,674.612060546875,79200,0.0,0.0
2020-09-03 00:00:00+09:00,676.520371370789,680.337129460328,668.886855191711,672.70361328125,118600,0.0,0.0
2020-09-04 00:00:00+09:00,661.2533969129537,662.2075865188887,652.6656904595387,655.5282592773438,137200,0.0,0.0
2020-09-07 00:00:00+09:00,654.5740637875427,664.1159597611221,654.5740637875427,662.2075805664062,98700,0.0,0.0
2020-09-08 00:00:00+09:00,661.2533863336267,679.3829885563381,659.3450071522888,677.474609375,97500,0.0,0.0
2020-09-09 00:00:00+09:00,672.7036882623798,681.2913949210485,667.932740118675,676.5204467773438,115500,0.0,0.0
2020-09-10 00:00:00+09:00,685.1081227412841,705.1461040470876,682.2455539833121,701.329345703125,111700,0.0,0.0
2020-09-11 00:00:00+09:00,702.2835831925676,713.7338590054899,701.3293935414907,706.100341796875,106200,0.0,0.0
2020-09-14 00:00:00+09:00,708.9628975887426,718.5047939223731,707.0545183220165,710.8712768554688,108900,0.0,0.0
2020-09-15 00:00:00+09:00,710.8712428103211,713.7338115733156,702.2835365213373,709.9170532226562,65400,0.0,0.0
2020-09-16 00:00:00+09:00,709.9171211304038,714.6880695250974,705.1461727357103,711.8255004882812,85200,0.0,0.0
2020-09-17 00:00:00+09:00,711.8254382937055,711.8254382937055,699.4209735513218,703.2377319335938,63600,0.0,0.0
2020-09-18 00:00:00+09:00,703.2377597885644,715.6422250222839,699.4210012551122,710.8712768554688,143500,0.0,0.0
2020-09-23 00:00:00+09:00,701.3293928780406,707.0545307790858,694.6500653268212,697.5126342773438,113300,0.0,0.0
2020-09-24 00:00:00+09:00,697.5126679606457,701.3294267456561,685.108201909362,689.879150390625,81000,0.0,0.0
2020-09-25 00:00:00+09:00,698.4668245882601,708.9629107501056,696.5584452861065,706.100341796875,103700,0.0,0.0
2020-09-28 00:00:00+09:00,715.6421736174939,735.6801544787837,710.8712257933772,729.9550170898438,383700,0.0,0.0
2020-09-29 00:00:00+09:00,735.7714520041277,735.7714520041277,715.4141391028277,718.3223266601562,173100,12.0,0.0
2020-09-30 00:00:00+09:00,715.4140713306183,715.4140713306183,683.4240112304688,683.4240112304688,135000,0.0,0.0
2020-10-02 00:00:00+09:00,691.1792072519894,695.0567904623792,675.66887441043,677.607666015625,101000,0.0,0.0
2020-10-05 00:00:00+09:00,691.1792656943659,704.7508080782665,689.2404739252372,696.0262451171875,79000,0.0,0.0
2020-10-06 00:00:00+09:00,696.026213913821,699.9037972782435,687.3016513438707,690.2098388671875,87200,0.0,0.0
2020-10-07 00:00:00+09:00,691.1792206360794,706.6895537779831,688.2710331719725,698.9343872070312,89900,0.0,0.0
2020-10-08 00:00:00+09:00,704.7508034752155,710.5671787446121,698.934428205819,702.81201171875,84000,0.0,0.0
2020-10-09 00:00:00+09:00,702.8119848015602,706.6895681659827,685.3628596616595,690.2098388671875,68600,0.0,0.0
2020-10-12 00:00:00+09:00,690.2098331694219,691.179229002525,680.5158748383907,685.3628540039062,69400,0.0,0.0
2020-10-13 00:00:00+09:00,687.3016821561085,696.9956410017519,684.3934945024156,696.0262451171875,46300,0.0,0.0
2020-10-14 00:00:00+09:00,688.2710257443514,693.1180047988892,680.5158592570912,682.4546508789062,69200,0.0,0.0
2020-10-15 00:00:00+09:00,681.485235440529,691.1791932704085,678.5770480915652,686.3322143554688,85800,0.0,0.0
2020-10-16 00:00:00+09:00,682.4546549946198,685.3628424448809,674.69948846059,675.6688842773438,86100,0.0,0.0
2020-10-19 00:00:00+09:00,678.5771138537649,694.0874478847081,678.5771138537649,691.1792602539062,102500,0.0,0.0
2020-10-20 00:00:00+09:00,686.3322341225364,686.3322341225364,675.6688802025535,682.4546508789062,120200,0.0,0.0
2020-10-21 00:00:00+09:00,681.4852624223897,705.7201579566141,681.4852624223897,698.9343872070312,113000,0.0,0.0
2020-10-22 00:00:00+09:00,692.1486048959981,697.964979727057,687.3016258701158,689.2404174804688,98000,0.0,0.0
2020-10-23 00:00:00+09:00,691.1792502663352,699.9038130326704,689.2404585404829,693.1180419921875,97200,0.0,0.0
2020-10-26 00:00:00+09:00,697.9649872832247,714.4447161496341,695.0567998362112,705.7201538085938,139000,0.0,0.0
2020-10-27 00:00:00+09:00,704.7507499427487,724.1386660347088,696.0261877013667,719.2916870117188,176200,0.0,0.0
2020-10-28 00:00:00+09:00,707.6589377788216,709.5977293891746,681.485251039057,689.2404174804688,200900,0.0,0.0
2020-10-29 00:00:00+09:00,689.2404541691915,705.7201837344182,682.4546831717452,699.90380859375,121300,0.0,0.0
2020-10-30 00:00:00+09:00,712.5059751547811,712.5059751547811,691.1792656943659,696.0262451171875,103800,0.0,0.0
2020-11-02 00:00:00+09:00,694.087444367956,714.4447576804239,694.087444367956,709.5977783203125,127000,0.0,0.0
2020-11-04 00:00:00+09:00,717.3529035966475,718.3222994123187,705.7201538085938,705.7201538085938,78100,0.0,0.0
2020-11-05 00:00:00+09:00,705.7201679850486,705.7201679850486,691.1792304578842,696.99560546875,137000,0.0,0.0
2020-11-06 00:00:00+09:00,696.9956012652268,710.5671428753982,693.118017948035,703.7813720703125,78400,0.0,0.0
2020-11-09 00:00:00+09:00,703.7814176567363,707.659001225093,695.0568546279337,700.8732299804688,84200,0.0,0.0
2020-11-10 00:00:00+09:00,715.4141535524462,720.2611329125576,701.8426113441342,709.5977783203125,157500,0.0,0.0
2020-11-11 00:00:00+09:00,722.1999132996451,722.1999132996451,692.1486417395256,699.90380859375,207400,0.0,0.0
2020-11-12 00:00:00+09:00,699.9038042400763,710.5671585983047,681.4852830758638,706.6895751953125,350000,0.0,0.0
2020-11-13 00:00:00+09:00,693.1180206687312,694.0874165018344,669.8525206742563,685.3628540039062,346300,0.0,0.0
2020-11-16 00:00:00+09:00,693.1180164326473,696.0262039141829,682.4546623336835,692.1486206054688,125000,0.0,0.0
2020-11-17 00:00:00+09:00,696.0262505200229,704.7508135488255,688.2710833833096,700.8732299804688,129000,0.0,0.0
2020-11-18 00:00:00+09:00,700.8731845824186,712.505934533994,694.087413777333,703.7813720703125,89700,0.0,0.0
2020-11-19 00:00:00+09:00,700.8731788497693,705.7201579566141,696.9955955642934,698.9343872070312,83800,0.0,0.0
2020-11-20 00:00:00+09:00,698.93436940166,715.414097945111,698.93436940166,714.4447021484375,66700,0.0,0.0
2020-11-24 00:00:00+09:00,719.2916811318054,721.2304727251526,712.5059105550903,714.4447021484375,102600,0.0,0.0
2020-11-25 00:00:00+09:00,714.4447376417077,730.9244670038638,713.475341796875,713.475341796875,132000,0.0,0.0
2020-11-26 00:00:00+09:00,711.5365556930562,722.1999100699277,709.5977639881705,718.3223266601562,64100,0.0,0.0
2020-11-27 00:00:00+09:00,722.1998645413306,728.9856350806451,717.3528855846774,721.23046875,106900,0.0,0.0
2020-11-30 00:00:00+09:00,721.2304790512921,722.1998748564686,689.2404174804688,689.2404174804688,133200,0.0,0.0
2020-12-01 00:00:00+09:00,691.1792318654615,708.6283569335938,691.1792318654615,708.6283569335938,130500,0.0,0.0
2020-12-02 00:00:00+09:00,709.5977470461002,712.505934533994,699.9037887531207,703.7813720703125,112000,0.0,0.0
2020-12-03 00:00:00+09:00,703.7813888735135,719.2917225125991,698.9344096112992,718.3223266601562,110900,0.0,0.0
2020-12-04 00:00:00+09:00,712.5059360411109,717.3529151978531,706.6895610530202,715.4141235351562,62200,0.0,0.0
2020-12-07 00:00:00+09:00,719.2917199553805,719.2917199553805,684.3934693915076,695.0568237304688,265000,0.0,0.0
2020-12-08 00:00:00+09:00,693.1180320324759,699.9038029754511,683.4240735425111,695.0568237304688,83800,0.0,0.0
2020-12-09 00:00:00+09:00,697.9650323275862,702.81201171875,696.0262405711208,702.81201171875,86000,0.0,0.0
2020-12-10 00:00:00+09:00,709.5977541691201,722.1999000764952,707.6589624910624,720.2611083984375,112200,0.0,0.0
2020-12-11 00:00:00+09:00,726.0774399246578,738.6795850768882,725.108044143717,734.802001953125,169100,0.0,0.0
2020-12-14 00:00:00+09:00,744.4959930734536,766.7920970326846,744.4959930734536,752.2511596679688,149200,0.0,0.0
2020-12-15 00:00:00+09:00,763.8838954269506,766.7920828460888,754.1899373631568,760.9757080078125,151800,0.0,0.0
2020-12-16 00:00:00+09:00,761.9451137265027,768.7308844594359,758.0675304505407,759.0369262695312,126100,0.0,0.0
2020-12-17 00:00:00+09:00,765.8227475895455,765.8227475895455,742.5572463969518,749.343017578125,69400,0.0,0.0
2020-12-18 00:00:00+09:00,751.2817723231678,754.189959828935,735.7714389590767,738.6796264648438,129800,0.0,0.0
2020-12-21 00:00:00+09:00,740.6183630036873,750.3123206346255,736.7407799513119,743.5265502929688,60100,0.0,0.0
2020-12-22 00:00:00+09:00,743.5265857507292,749.3429606066671,735.7714192761454,742.5571899414062,92900,0.0,0.0
2020-12-23 00:00:00+09:00,757.0981517261228,758.0675475670013,727.0468806588887,731.8938598632812,66500,0.0,0.0
2020-12-24 00:00:00+09:00,736.740861265121,751.2817993164062,733.8326736548639,751.2817993164062,84400,0.0,0.0
2020-12-25 00:00:00+09:00,756.1287267884212,781.3330176813686,755.1593309848463,779.3942260742188,162800,0.0,0.0
2020-12-28 00:00:00+09:00,779.3942760400267,781.3330677714696,761.9451504570411,769.7003173828125,154800,0.0,0.0
2020-12-29 00:00:00+09:00,772.6084893343573,779.3942602569928,764.853322565631,766.7921142578125,131700,0.0,0.0
2020-12-30 00:00:00+09:00,761.9451482599432,761.9451482599432,742.5572310014204,746.434814453125,166300,0.0,0.0
2021-01-04 00:00:00+09:00,741.5878066504562,741.5878066504562,709.5977444027894,722.1998901367188,170700,0.0,0.0
2021-01-05 00:00:00+09:00,712.5059163795327,727.0468534485027,708.6283331611406,719.2916870117188,99700,0.0,0.0
2021-01-06 00:00:00+09:00,719.2916830187646,727.0468494124979,712.505912424248,726.0774536132812,96900,0.0,0.0
2021-01-07 00:00:00+09:00,740.6183667634663,745.4653456035413,733.8325963873613,736.7407836914062,108000,0.0,0.0
2021-01-08 00:00:00+09:00,742.5572223274075,760.00634765625,735.7714513661911,760.00634765625,100300,0.0,0.0
2021-01-12 00:00:00+09:00,760.006312201433,762.9144996205712,753.2205415567774,760.9757080078125,83200,0.0,0.0
2021-01-13 00:00:00+09:00,758.0675714243171,766.7921342667963,748.3736127104511,762.91455078125,91600,0.0,0.0
2021-01-14 00:00:00+09:00,753.2205612045855,758.0675403629161,749.3429778779209,757.09814453125,86800,0.0,0.0
2021-01-15 00:00:00+09:00,756.1286952131885,756.1286952131885,742.5571545298749,743.5265502929688,62300,0.0,0.0
2021-01-18 00:00:00+09:00,739.6490686715964,751.2818194239675,734.8020891914417,747.4042358398438,42800,0.0,0.0
2021-01-19 00:00:00+09:00,758.0675006957041,758.0675006957041,734.802001953125,734.802001953125,81900,0.0,0.0
2021-01-20 00:00:00+09:00,741.5878040253804,747.4041789589128,734.8020332695926,740.618408203125,97300,0.0,0.0
2021-01-21 00:00:00+09:00,744.495959762533,746.4347513244146,731.8938146103026,734.802001953125,95700,0.0,0.0
2021-01-22 00:00:00+09:00,730.9244150199141,752.2511220894608,728.9856234681372,741.5877685546875,149000,0.0,0.0
2021-01-25 00:00:00+09:00,741.587766366176,749.3429325503974,728.0162255437884,729.9550170898438,155700,0.0,0.0
2021-01-26 00:00:00+09:00,727.0468357055986,736.7407935150065,723.1692525818354,734.802001953125,119000,0.0,0.0
2021-01-27 00:00:00+09:00,735.771417511553,736.7408133185511,728.0162510555682,730.9244384765625,106800,0.0,0.0
2021-01-28 00:00:00+09:00,717.3529110082844,728.9856609165269,710.5671402284763,722.1998901367188,187000,0.0,0.0
2021-01-29 00:00:00+09:00,718.322324106384,719.2917199553805,695.0568237304688,695.0568237304688,224800,0.0,0.0
2021-02-01 00:00:00+09:00,700.8732013161849,723.1693059223705,700.8732013161849,718.3223266601562,112600,0.0,0.0
2021-02-02 00:00:00+09:00,720.2610845995835,730.9244384765625,717.3528971785892,730.9244384765625,70800,0.0,0.0
2021-02-03 00:00:00+09:00,734.8019884251243,746.4347375822502,730.9244053727489,743.5265502929688,108000,0.0,0.0
2021-02-04 00:00:00+09:00,736.7408264789385,755.1593471409119,735.771430654624,752.2511596679688,106000,0.0,0.0
2021-02-05 00:00:00+09:00,758.0675759339945,763.8839511969151,751.2818047939203,756.1287841796875,92400,0.0,0.0
2021-02-08 00:00:00+09:00,761.9450998017281,773.5778494170218,748.3735585838857,767.761474609375,136700,0.0,0.0
2021-02-09 00:00:00+09:00,775.5166812818878,775.5166812818878,751.2817849918288,760.00634765625,107000,0.0,0.0
2021-02-10 00:00:00+09:00,758.0675603407537,760.0063520551802,745.4654141969816,753.2205810546875,110200,0.0,0.0
2021-02-12 00:00:00+09:00,753.2205754413505,753.2205754413505,742.557221091473,748.3735961914062,72900,0.0,0.0
2021-02-15 00:00:00+09:00,748.3736216951003,754.1899969932487,741.587850513927,749.343017578125,76500,0.0,0.0
2021-02-16 00:00:00+09:00,749.3430276319057,752.2512153199984,743.5266522557201,747.4042358398438,57900,0.0,0.0
2021-02-17 00:00:00+09:00,749.3429976258345,754.1899769119008,741.5878307681287,753.2205810546875,76700,0.0,0.0
2021-02-18 00:00:00+09:00,753.220543843959,757.098127081251,740.6183983227603,742.5571899414062,172400,0.0,0.0
2021-02-19 00:00:00+09:00,737.7102291666666,737.7102291666666,722.1998958333334,727.046875,109600,0.0,0.0
2021-02-22 00:00:00+09:00,736.7408191545208,737.7102149691978,728.9856526371047,735.7714233398438,83100,0.0,0.0
2021-02-24 00:00:00+09:00,736.7408275220217,737.7102233477086,722.1998901367188,722.1998901367188,107700,0.0,0.0
2021-02-25 00:00:00+09:00,726.0774437793879,728.0162353515625,718.3222774906895,728.0162353515625,140500,0.0,0.0
2021-02-26 00:00:00+09:00,719.2916952279899,721.2304868593321,705.7201538085938,705.7201538085938,187200,0.0,0.0
2021-03-01 00:00:00+09:00,718.3222678135116,730.9244128628715,713.4752889483732,729.9550170898438,82500,0.0,0.0
2021-03-02 00:00:00+09:00,740.6184166666667,740.6184166666667,718.3223125,727.046875,78600,0.0,0.0
2021-03-03 00:00:00+09:00,736.7408150854683,747.4041689880212,730.9244402295304,742.5571899414062,145300,0.0,0.0
2021-03-04 00:00:00+09:00,743.5265898572598,746.4347773012908,724.1386735637197,735.7714233398438,117400,0.0,0.0
2021-03-05 00:00:00+09:00,735.7714850874727,747.4042358398438,726.0775261271634,747.4042358398438,139400,0.0,0.0
2021-03-08 00:00:00+09:00,756.1287730823864,756.1287730823864,741.5878351384943,746.434814453125,79300,0.0,0.0
2021-03-09 00:00:00+09:00,747.4042203426361,749.3430120944977,738.679657459259,744.4960327148438,143900,0.0,0.0
2021-03-10 00:00:00+09:00,746.4347945812137,756.1287529523983,740.618419558503,750.3123779296875,93800,0.0,0.0
2021-03-11 00:00:00+09:00,749.3430229912686,757.0981901114887,746.4348353211861,754.1900024414062,145200,0.0,0.0
2021-03-12 00:00:00+09:00,749.3429976258345,753.2205810546875,742.5572266253419,753.2205810546875,125300,0.0,0.0
2021-03-15 00:00:00+09:00,756.1287752627126,769.7003173828125,755.1593793969911,769.7003173828125,110900,0.0,0.0
2021-03-16 00:00:00+09:00,770.6696444218702,784.2411853299283,767.7614570844291,783.2717895507812,102400,0.0,0.0
2021-03-17 00:00:00+09:00,783.2718092885184,783.2718092885184,771.6390596456196,779.3942260742188,80200,0.0,0.0
2021-03-18 00:00:00+09:00,780.363637553124,786.1800124914082,774.5472626148398,782.3024291992188,128700,0.0,0.0
2021-03-19 00:00:00+09:00,783.2718208931589,789.0881958007812,775.5166543496622,789.0881958007812,113300,0.0,0.0
2021-03-22 00:00:00+09:00,787.1493786275753,791.026961773524,776.4860249762165,788.1187744140625,89800,0.0,0.0
2021-03-23 00:00:00+09:00,790.0575840278731,790.0575840278731,770.6696678554099,772.6084594726562,165900,0.0,0.0
2021-03-24 00:00:00+09:00,773.5778635543882,773.5778635543882,747.4041764416457,759.0369262695312,143700,0.0,0.0
2021-03-25 00:00:00+09:00,759.0369123979048,769.7002662119239,755.1593291928069,767.761474609375,90600,0.0,0.0
2021-03-26 00:00:00+09:00,778.4248600627545,778.4248600627545,766.7921099746437,773.577880859375,104800,0.0,0.0
2021-03-29 00:00:00+09:00,789.0881642256633,789.0881642256633,775.5166233176052,783.2717895507812,222000,0.0,0.0
2021-03-30 00:00:00+09:00,787.2078814909826,791.1439208984375,778.351792824209,791.1439208984375,126700,12.0,0.0
2021-03-31 00:00:00+09:00,776.3838067492723,782.2878661161869,760.6396484375,760.6396484375,137100,0.0,0.0
2021-04-01 00:00:00+09:00,772.4477660501958,776.383805622426,756.7036077612746,761.6236572265625,87300,0.0,0.0
2021-04-02 00:00:00+09:00,764.5756913618609,764.5756913618609,755.7196022727273,757.6876220703125,69000,0.0,0.0
2021-04-05 00:00:00+09:00,766.5436946407245,773.4317637838376,758.6716156200239,772.44775390625,80000,0.0,0.0
2021-04-06 00:00:00+09:00,769.4957431157429,769.4957431157429,749.8155450820923,755.7196044921875,163700,0.0,0.0
2021-04-07 00:00:00+09:00,754.7355836216159,765.5596923828125,754.7355836216159,765.5596923828125,77500,0.0,0.0
2021-04-08 00:00:00+09:00,757.6875778724407,761.6236172380118,736.0393613617996,741.9434204101562,201600,0.0,0.0
2021-04-09 00:00:00+09:00,738.9913908859779,746.8634696171201,734.0713416790139,741.9434204101562,153000,0.0,0.0
2021-04-12 00:00:00+09:00,745.8794514012775,753.751530044035,743.9114317405881,749.8154907226562,109800,0.0,0.0
2021-04-13 00:00:00+09:00,750.7994964041848,759.6555848283494,746.863457104556,753.7515258789062,92300,0.0,0.0
2021-04-14 00:00:00+09:00,752.7675191696787,752.7675191696787,743.9114307088589,750.7994995117188,72900,0.0,0.0
2021-04-15 00:00:00+09:00,749.8155439796001,761.6236627824285,749.8155439796001,756.70361328125,67200,0.0,0.0
2021-04-16 00:00:00+09:00,757.6876231814857,759.655642981957,749.8155439796001,756.70361328125,58400,0.0,0.0
2021-04-19 00:00:00+09:00,756.70361328125,762.6076726826642,754.7355934807786,756.70361328125,68700,0.0,0.0
2021-04-20 00:00:00+09:00,749.8155023445302,752.7675318813197,738.9913940429688,738.9913940429688,128800,0.0,0.0
2021-04-21 00:00:00+09:00,738.0073905791213,738.0073905791213,729.1513018921718,733.0873413085938,148100,0.0,0.0
2021-04-22 00:00:00+09:00,740.9594158585145,745.8794651006029,733.087337071173,737.0233764648438,94100,0.0,0.0
2021-04-23 00:00:00+09:00,737.0233785892267,738.0073884404807,731.1193194817029,735.0553588867188,69200,0.0,0.0
2021-04-26 00:00:00+09:00,749.8155044942736,756.7035734331973,737.0233764648438,737.0233764648438,227800,0.0,0.0
2021-04-27 00:00:00+09:00,742.9274219102434,754.7355398743797,737.0233629281753,749.8154907226562,206000,0.0,0.0
2021-04-28 00:00:00+09:00,743.9114411494646,745.8794608350453,736.0393624071422,740.9594116210938,179200,0.0,0.0
2021-04-30 00:00:00+09:00,740.9594179942426,745.8794672505124,735.0553588867188,735.0553588867188,148100,0.0,0.0
2021-05-06 00:00:00+09:00,736.0393655598958,745.8794640299479,731.1193163248698,738.0073852539062,191600,0.0,0.0
2021-05-07 00:00:00+09:00,740.9594001969742,761.6236065769695,740.9594001969742,751.7835083007812,290000,0.0,0.0
2021-05-10 00:00:00+09:00,757.6876132837605,767.5277121575755,751.7835539594714,765.5596923828125,165300,0.0,0.0
2021-05-11 00:00:00+09:00,752.7675191696787,760.6395978015184,745.8794503668189,750.7994995117188,218400,0.0,0.0
2021-05-12 00:00:00+09:00,742.9274552497916,742.9274552497916,709.4711195166884,719.3112182617188,348200,0.0,0.0
2021-05-13 00:00:00+09:00,756.7035669592042,761.6236161591991,739.9753996792218,742.9274291992188,449000,0.0,0.0
2021-05-14 00:00:00+09:00,742.9274239791067,756.7035616422954,740.9594043129368,747.8474731445312,221400,0.0,0.0
2021-05-17 00:00:00+09:00,749.8155055734563,753.751544972792,736.0393676757812,736.0393676757812,166100,0.0,0.0
2021-05-18 00:00:00+09:00,736.0393624071422,743.9114411494646,731.1193131931908,740.9594116210938,161500,0.0,0.0
2021-05-19 00:00:00+09:00,732.1033282764455,743.9114464744526,732.1033282764455,736.0393676757812,142100,0.0,0.0
2021-05-20 00:00:00+09:00,731.1193173743377,738.0073863132615,731.1193173743377,737.0233764648438,134600,0.0,0.0
2021-05-21 00:00:00+09:00,733.087344516641,737.0233839502874,728.1672952245831,730.1353149414062,146500,0.0,0.0
2021-05-24 00:00:00+09:00,726.1992819412894,728.1673016755477,716.3591832699983,724.2312622070312,333800,0.0,0.0
2021-05-25 00:00:00+09:00,721.27924238832,726.199291790696,714.3911732249936,715.3751831054688,346100,0.0,0.0
2021-05-26 00:00:00+09:00,726.1992906842913,727.1833005632673,711.4391424996512,716.3591918945312,268100,0.0,0.0
2021-05-27 00:00:00+09:00,718.3271998094448,729.1513082997241,717.3431899466922,727.1832885742188,1134100,0.0,0.0
2021-05-28 00:00:00+09:00,736.0393572080104,746.8634654022459,729.1512883571334,745.8794555664062,325700,0.0,0.0
2021-05-31 00:00:00+09:00,749.8155352618243,765.5596934825451,745.8794957066441,764.57568359375,335200,0.0,0.0
2021-06-01 00:00:00+09:00,766.5436882086559,779.3358165099557,761.6236388620022,778.351806640625,337700,0.0,0.0
2021-06-02 00:00:00+09:00,770.479737420826,778.351816474934,764.5756781302449,769.4957275390625,281500,0.0,0.0
2021-06-03 00:00:00+09:00,767.5276938384434,783.2718516607704,764.575664246757,782.287841796875,225000,0.0,0.0
2021-06-04 00:00:00+09:00,776.3837731204816,792.1279307503013,775.3997632686179,791.1439208984375,131800,0.0,0.0
2021-06-07 00:00:00+09:00,789.1759130182062,791.1439327514187,776.383784752325,780.31982421875,139900,0.0,0.0
2021-06-08 00:00:00+09:00,781.3038351656211,781.3038351656211,772.44774635392,779.3358154296875,145000,0.0,0.0
2021-06-09 00:00:00+09:00,776.3837934166004,778.3518131717755,768.5117143958997,772.44775390625,133200,0.0,0.0
2021-06-10 00:00:00+09:00,768.5117058194751,783.2718538185687,761.6236367532314,780.31982421875,245800,0.0,0.0
2021-06-11 00:00:00+09:00,780.3198373479514,780.3198373479514,766.5436989836747,768.51171875,211300,0.0,0.0
2021-06-14 00:00:00+09:00,771.4637561571382,772.4477660501958,759.6556374404473,761.6236572265625,119400,0.0,0.0
2021-06-15 00:00:00+09:00,763.5916748046875,764.5756846948998,757.6876154634142,763.5916748046875,118700,0.0,0.0
2021-06-16 00:00:00+09:00,768.5117058194751,781.3038340853562,765.5596762196564,780.31982421875,154700,0.0,0.0
2021-06-17 00:00:00+09:00,781.3038428045382,781.3038428045382,771.4637440286624,772.44775390625,89700,0.0,0.0
2021-06-18 00:00:00+09:00,777.3678076984635,777.3678076984635,763.5916693341869,768.51171875,91000,0.0,0.0
2021-06-21 00:00:00+09:00,759.6555858736724,759.6555858736724,749.81548761106,752.7675170898438,205300,0.0,0.0
2021-06-22 00:00:00+09:00,767.5277023606258,775.3997813591963,764.5756727361618,774.415771484375,132700,0.0,0.0
2021-06-23 00:00:00+09:00,775.3997813591963,784.2558702325881,772.4477517347324,774.415771484375,138800,0.0,0.0
2021-06-24 00:00:00+09:00,781.3038340853562,781.3038340853562,773.4317551525063,780.31982421875,101800,0.0,0.0
2021-06-25 00:00:00+09:00,787.2078911163521,788.1919009802476,776.3837826135024,782.287841796875,136500,0.0,0.0
2021-06-28 00:00:00+09:00,797.048010459313,822.6322675851675,792.1279610120333,818.6962280273438,268500,0.0,0.0
2021-06-29 00:00:00+09:00,816.7281630106334,816.7281630106334,797.047966311582,803.93603515625,219100,0.0,0.0
2021-06-30 00:00:00+09:00,818.6961784409258,822.6322177603532,807.8720703125,807.8720703125,148300,0.0,0.0
2021-07-01 00:00:00+09:00,809.8401048322297,810.8241146801425,794.095947265625,794.095947265625,168200,0.0,0.0
2021-07-02 00:00:00+09:00,798.031982421875,800.9840119499461,792.1279233657328,798.031982421875,102000,0.0,0.0
2021-07-05 00:00:00+09:00,793.111940602165,793.111940602165,785.2398617872551,791.1439208984375,92700,0.0,0.0
2021-07-06 00:00:00+09:00,794.0959441008391,797.0479736328125,788.1918850368924,797.0479736328125,65000,0.0,0.0
2021-07-07 00:00:00+09:00,787.207887883772,793.1119470429002,784.2558583042078,785.2398681640625,84100,0.0,0.0
2021-07-08 00:00:00+09:00,788.1918998986632,791.1439294862987,783.2718505859375,783.2718505859375,115400,0.0,0.0
2021-07-09 00:00:00+09:00,771.4637375553098,781.3038362486172,763.5916586006637,778.351806640625,205900,0.0,0.0
2021-07-12 00:00:00+09:00,786.2238726966259,797.0479810816859,786.2238726966259,790.159912109375,112600,0.0,0.0
2021-07-13 00:00:00+09:00,792.1279171368191,803.93603515625,791.1439073018665,803.93603515625,94700,0.0,0.0
2021-07-14 00:00:00+09:00,791.1439166682782,797.0479757478922,789.1758969750736,795.0799560546875,111500,0.0,0.0
2021-07-15 00:00:00+09:00,795.0799667626096,795.0799667626096,782.2878385844983,785.2398681640625,124200,0.0,0.0
2021-07-16 00:00:00+09:00,778.3517949206573,790.1599131748267,777.3677850661433,789.1759033203125,84100,0.0,0.0
2021-07-19 00:00:00+09:00,782.2878428730617,782.2878428730617,770.479724490072,781.3038330078125,106500,0.0,0.0
2021-07-20 00:00:00+09:00,773.4317637838376,779.3358230493631,769.4957242734873,772.44775390625,76800,0.0,0.0
2021-07-21 00:00:00+09:00,782.287846117948,783.2718559872787,775.3997770326328,778.351806640625,73700,0.0,0.0
2021-07-26 00:00:00+09:00,791.1439177218866,796.0639669614507,784.255848786497,794.095947265625,94100,0.0,0.0
2021-07-27 00:00:00+09:00,796.0639544103899,807.872072399172,791.1439052483975,805.904052734375,120000,0.0,0.0
2021-07-28 00:00:00+09:00,803.93603515625,816.7281630106334,801.9680154863448,803.93603515625,135100,0.0,0.0
2021-07-29 00:00:00+09:00,815.7441500035727,815.7441500035727,804.9200418611852,806.8880615234375,78400,0.0,0.0
2021-07-30 00:00:00+09:00,806.8880720727237,808.856091760706,793.111934256848,797.0479736328125,97000,0.0,0.0
2021-08-02 00:00:00+09:00,805.9041038181471,814.7601928710938,800.0000444495159,814.7601928710938,98000,0.0,0.0
2021-08-03 00:00:00+09:00,809.8400931136824,810.8241029473564,804.9200439453125,804.9200439453125,57400,0.0,0.0
2021-08-04 00:00:00+09:00,800.0000042249305,801.9680239155208,791.1439156172745,796.06396484375,93200,0.0,0.0
2021-08-05 00:00:00+09:00,791.1439156172745,798.0319845343403,782.2878270096184,796.06396484375,141200,0.0,0.0
2021-08-06 00:00:00+09:00,794.095952592883,796.0639723019112,787.2078836112843,789.1759033203125,81300,0.0,0.0
2021-08-10 00:00:00+09:00,793.1119280048445,803.9360362034217,791.1439083323759,802.9520263671875,109500,0.0,0.0
2021-08-11 00:00:00+09:00,783.2718495138017,785.2398692361983,763.5916522898369,784.255859375,168800,0.0,0.0
2021-08-12 00:00:00+09:00,784.2558658566095,790.159925072594,777.3677967712943,778.351806640625,115200,0.0,0.0
2021-08-13 00:00:00+09:00,778.3518109836602,778.3518109836602,767.5277023606258,774.415771484375,97200,0.0,0.0
2021-08-16 00:00:00+09:00,774.4157758495969,774.4157758495969,767.5277066870211,770.479736328125,134200,0.0,0.0
2021-08-17 00:00:00+09:00,769.4957374878719,770.4797473823577,758.6716286485284,760.6396484375,124900,0.0,0.0
2021-08-18 00:00:00+09:00,760.6396484375,764.575688015443,747.847519809185,760.6396484375,135200,0.0,0.0
2021-08-19 00:00:00+09:00,753.7515331966918,756.703562700073,746.8634643554688,746.8634643554688,136500,0.0,0.0
2021-08-20 00:00:00+09:00,749.8155023445302,751.7835220357232,736.0393645061793,738.9913940429688,132400,0.0,0.0
2021-08-23 00:00:00+09:00,747.847465903072,756.7035543150821,743.9114266088453,754.7355346679688,93000,0.0,0.0
2021-08-24 00:00:00+09:00,756.7036066658266,764.5756857988911,756.7036066658266,762.607666015625,75200,0.0,0.0
2021-08-25 00:00:00+09:00,763.5916814630682,769.4957408558239,755.7196022727273,757.6876220703125,74500,0.0,0.0
2021-08-26 00:00:00+09:00,762.6076693361905,763.5916792321082,756.7036099606845,759.6556396484375,42800,0.0,0.0
2021-08-27 00:00:00+09:00,758.6716297525198,761.6236594402728,754.7355901688492,759.6556396484375,90600,0.0,0.0
2021-08-30 00:00:00+09:00,761.6236495678618,768.51171875,761.6236495678618,768.51171875,85300,0.0,0.0
2021-08-31 00:00:00+09:00,763.5916715139603,771.463750601733,761.623651742017,766.543701171875,72700,0.0,0.0
2021-09-01 00:00:00+09:00,773.4317616095536,777.3678011088389,771.463741859911,774.415771484375,83300,0.0,0.0
2021-09-02 00:00:00+09:00,777.3677946189313,783.2718538185687,775.3997748857188,780.31982421875,75800,0.0,0.0
2021-09-03 00:00:00+09:00,786.2238748195615,795.0799635221598,783.2718452520287,788.19189453125,134200,0.0,0.0
2021-09-06 00:00:00+09:00,795.0799645996094,795.0799645996094,782.2878364562988,787.2078857421875,99300,0.0,0.0
2021-09-07 00:00:00+09:00,788.1918977436267,794.0959569027549,784.2558583042078,785.2398681640625,121300,0.0,0.0
2021-09-08 00:00:00+09:00,785.2398565455037,796.06396484375,784.2558467002086,796.06396484375,108600,0.0,0.0
2021-09-09 00:00:00+09:00,788.19188923043,795.0799581750156,787.2078793812035,793.1119384765625,75200,0.0,0.0
2021-09-10 00:00:00+09:00,793.1119290404525,802.9520274156442,791.1439093654142,801.968017578125,170100,0.0,0.0
2021-09-13 00:00:00+09:00,797.047961158474,808.8560791015625,797.047961158474,808.8560791015625,101000,0.0,0.0
2021-09-14 00:00:00+09:00,808.8561335024626,814.7601928710938,801.9680642390596,814.7601928710938,124800,0.0,0.0
2021-09-15 00:00:00+09:00,806.888059444381,808.8560791015625,801.9680103014275,808.8560791015625,64100,0.0,0.0
2021-09-16 00:00:00+09:00,805.9040643673133,805.9040643673133,793.1119363614829,795.0799560546875,100000,0.0,0.0
2021-09-17 00:00:00+09:00,800.9840046106166,808.8560832800084,797.0479652759208,804.9200439453125,159900,0.0,0.0
2021-09-21 00:00:00+09:00,787.2078921993074,791.1439316603039,780.3198231425633,781.3038330078125,170800,0.0,0.0
2021-09-22 00:00:00+09:00,781.3038373343552,782.2878472050534,777.3677978515625,777.3677978515625,128500,0.0,0.0
2021-09-24 00:00:00+09:00,792.1279254625696,800.9840140702256,791.1439156172745,796.06396484375,167200,0.0,0.0
2021-09-27 00:00:00+09:00,804.9200449912025,809.8400941659654,802.9520253212974,803.93603515625,131900,0.0,0.0
2021-09-28 00:00:00+09:00,802.9520295202952,803.9360393603936,792.1279212792128,800.0,295200,0.0,0.0
2021-09-29 00:00:00+09:00,791.0,791.0,781.0,786.0,223900,13.0,0.0
2021-09-30 00:00:00+09:00,787.0,790.0,782.0,783.0,117700,0.0,0.0
2021-10-01 00:00:00+09:00,781.0,782.0,768.0,769.0,143200,0.0,0.0
2021-10-04 00:00:00+09:00,771.0,773.0,761.0,762.0,114800,0.0,0.0
2021-10-05 00:00:00+09:00,758.0,761.0,751.0,756.0,121300,0.0,0.0
2021-10-06 00:00:00+09:00,759.0,772.0,756.0,756.0,143600,0.0,0.0
2021-10-07 00:00:00+09:00,759.0,763.0,751.0,751.0,103700,0.0,0.0
2021-10-08 00:00:00+09:00,756.0,763.0,752.0,755.0,92100,0.0,0.0
2021-10-11 00:00:00+09:00,753.0,759.0,752.0,758.0,77900,0.0,0.0
2021-10-12 00:00:00+09:00,751.0,752.0,745.0,748.0,129200,0.0,0.0
2021-10-13 00:00:00+09:00,745.0,748.0,740.0,741.0,108300,0.0,0.0
2021-10-14 00:00:00+09:00,740.0,741.0,728.0,741.0,162400,0.0,0.0
2021-10-15 00:00:00+09:00,739.0,765.0,739.0,762.0,151200,0.0,0.0
2021-10-18 00:00:00+09:00,761.0,764.0,752.0,764.0,77200,0.0,0.0
2021-10-19 00:00:00+09:00,763.0,767.0,757.0,757.0,85700,0.0,0.0
2021-10-20 00:00:00+09:00,763.0,763.0,748.0,752.0,145800,0.0,0.0
2021-10-21 00:00:00+09:00,751.0,756.0,747.0,751.0,74400,0.0,0.0
2021-10-22 00:00:00+09:00,744.0,751.0,743.0,749.0,61700,0.0,0.0
2021-10-25 00:00:00+09:00,748.0,752.0,744.0,746.0,66500,0.0,0.0
2021-10-26 00:00:00+09:00,751.0,756.0,746.0,755.0,60400,0.0,0.0
2021-10-27 00:00:00+09:00,758.0,758.0,749.0,754.0,79100,0.0,0.0
2021-10-28 00:00:00+09:00,748.0,750.0,739.0,744.0,390500,0.0,0.0
2021-10-29 00:00:00+09:00,744.0,747.0,741.0,747.0,49000,0.0,0.0
2021-11-01 00:00:00+09:00,758.0,758.0,749.0,754.0,73600,0.0,0.0
2021-11-02 00:00:00+09:00,750.0,753.0,741.0,744.0,68600,0.0,0.0
2021-11-04 00:00:00+09:00,751.0,760.0,748.0,760.0,73000,0.0,0.0
2021-11-05 00:00:00+09:00,756.0,756.0,746.0,746.0,71600,0.0,0.0
2021-11-08 00:00:00+09:00,746.0,749.0,732.0,737.0,147800,0.0,0.0
2021-11-09 00:00:00+09:00,739.0,739.0,726.0,726.0,73200,0.0,0.0
2021-11-10 00:00:00+09:00,728.0,730.0,721.0,723.0,67800,0.0,0.0
2021-11-11 00:00:00+09:00,724.0,729.0,721.0,723.0,66500,0.0,0.0
2021-11-12 00:00:00+09:00,724.0,735.0,724.0,733.0,70600,0.0,0.0
2021-11-15 00:00:00+09:00,739.0,741.0,725.0,730.0,85000,0.0,0.0
2021-11-16 00:00:00+09:00,733.0,733.0,724.0,724.0,47700,0.0,0.0
2021-11-17 00:00:00+09:00,724.0,725.0,717.0,718.0,68500,0.0,0.0
2021-11-18 00:00:00+09:00,718.0,724.0,716.0,722.0,61900,0.0,0.0
2021-11-19 00:00:00+09:00,720.0,721.0,716.0,717.0,65800,0.0,0.0
2021-11-22 00:00:00+09:00,715.0,716.0,709.0,713.0,81700,0.0,0.0
2021-11-24 00:00:00+09:00,715.0,720.0,708.0,712.0,73500,0.0,0.0
2021-11-25 00:00:00+09:00,714.0,716.0,708.0,708.0,45800,0.0,0.0
2021-11-26 00:00:00+09:00,707.0,707.0,695.0,695.0,125900,0.0,0.0
2021-11-29 00:00:00+09:00,690.0,690.0,676.0,677.0,160600,0.0,0.0
2021-11-30 00:00:00+09:00,685.0,695.0,676.0,677.0,108400,0.0,0.0
2021-12-01 00:00:00+09:00,680.0,692.0,675.0,690.0,101600,0.0,0.0
2021-12-02 00:00:00+09:00,685.0,693.0,684.0,686.0,98600,0.0,0.0
2021-12-03 00:00:00+09:00,693.0,701.0,690.0,700.0,92500,0.0,0.0
2021-12-06 00:00:00+09:00,707.0,713.0,696.0,696.0,81800,0.0,0.0
2021-12-07 00:00:00+09:00,702.0,719.0,701.0,719.0,98800,0.0,0.0
2021-12-08 00:00:00+09:00,723.0,723.0,714.0,717.0,61700,0.0,0.0
2021-12-09 00:00:00+09:00,715.0,715.0,706.0,708.0,56100,0.0,0.0
2021-12-10 00:00:00+09:00,716.0,718.0,711.0,716.0,63700,0.0,0.0
2021-12-13 00:00:00+09:00,721.0,723.0,707.0,710.0,97000,0.0,0.0
2021-12-14 00:00:00+09:00,713.0,718.0,707.0,718.0,67200,0.0,0.0
2021-12-15 00:00:00+09:00,712.0,719.0,710.0,710.0,58500,0.0,0.0
2021-12-16 00:00:00+09:00,721.0,721.0,711.0,717.0,60900,0.0,0.0
2021-12-17 00:00:00+09:00,717.0,720.0,708.0,711.0,58900,0.0,0.0
2021-12-20 00:00:00+09:00,705.0,706.0,686.0,686.0,97900,0.0,0.0
2021-12-21 00:00:00+09:00,691.0,695.0,685.0,687.0,63400,0.0,0.0
2021-12-22 00:00:00+09:00,691.0,693.0,685.0,686.0,43200,0.0,0.0
2021-12-23 00:00:00+09:00,692.0,693.0,685.0,690.0,79000,0.0,0.0
2021-12-24 00:00:00+09:00,692.0,696.0,691.0,694.0,49900,0.0,0.0
2021-12-27 00:00:00+09:00,696.0,698.0,690.0,695.0,89500,0.0,0.0
2021-12-28 00:00:00+09:00,698.0,702.0,694.0,700.0,84400,0.0,0.0
2021-12-29 00:00:00+09:00,701.0,708.0,701.0,707.0,45800,0.0,0.0
2021-12-30 00:00:00+09:00,707.0,714.0,698.0,710.0,163000,0.0,0.0
2022-01-04 00:00:00+09:00,714.0,719.0,709.0,717.0,67400,0.0,0.0
2022-01-05 00:00:00+09:00,722.0,732.0,721.0,729.0,88100,0.0,0.0
2022-01-06 00:00:00+09:00,722.0,731.0,717.0,719.0,81200,0.0,0.0
2022-01-07 00:00:00+09:00,722.0,727.0,712.0,716.0,89500,0.0,0.0
2022-01-11 00:00:00+09:00,714.0,716.0,703.0,711.0,76600,0.0,0.0
2022-01-12 00:00:00+09:00,714.0,723.0,713.0,721.0,78800,0.0,0.0
2022-01-13 00:00:00+09:00,722.0,723.0,712.0,715.0,124200,0.0,0.0
2022-01-14 00:00:00+09:00,715.0,716.0,705.0,710.0,91000,0.0,0.0
2022-01-17 00:00:00+09:00,713.0,715.0,706.0,706.0,34000,0.0,0.0
2022-01-18 00:00:00+09:00,712.0,714.0,704.0,705.0,61200,0.0,0.0
2022-01-19 00:00:00+09:00,699.0,704.0,684.0,687.0,110900,0.0,0.0
2022-01-20 00:00:00+09:00,687.0,695.0,685.0,689.0,82400,0.0,0.0
2022-01-21 00:00:00+09:00,685.0,691.0,680.0,690.0,42100,0.0,0.0
2022-01-24 00:00:00+09:00,688.0,700.0,687.0,699.0,39000,0.0,0.0
2022-01-25 00:00:00+09:00,699.0,699.0,687.0,690.0,69400,0.0,0.0
2022-01-26 00:00:00+09:00,690.0,693.0,685.0,685.0,29100,0.0,0.0
2022-01-27 00:00:00+09:00,689.0,692.0,672.0,677.0,107000,0.0,0.0
2022-01-28 00:00:00+09:00,686.0,690.0,683.0,688.0,64300,0.0,0.0
2022-01-31 00:00:00+09:00,688.0,692.0,686.0,689.0,40300,0.0,0.0
2022-02-01 00:00:00+09:00,695.0,695.0,685.0,685.0,41500,0.0,0.0
2022-02-02 00:00:00+09:00,689.0,696.0,686.0,692.0,56100,0.0,0.0
2022-02-03 00:00:00+09:00,691.0,696.0,689.0,690.0,42100,0.0,0.0
2022-02-04 00:00:00+09:00,690.0,702.0,690.0,701.0,39800,0.0,0.0
2022-02-07 00:00:00+09:00,699.0,702.0,691.0,696.0,68000,0.0,0.0
2022-02-08 00:00:00+09:00,700.0,706.0,698.0,706.0,54400,0.0,0.0
2022-02-09 00:00:00+09:00,712.0,712.0,704.0,704.0,52600,0.0,0.0
2022-02-10 00:00:00+09:00,710.0,712.0,705.0,705.0,49900,0.0,0.0
2022-02-14 00:00:00+09:00,700.0,707.0,696.0,704.0,101000,0.0,0.0
2022-02-15 00:00:00+09:00,705.0,713.0,700.0,701.0,108800,0.0,0.0
2022-02-16 00:00:00+09:00,707.0,712.0,700.0,709.0,63400,0.0,0.0
2022-02-17 00:00:00+09:00,709.0,710.0,700.0,704.0,76500,0.0,0.0
2022-02-18 00:00:00+09:00,699.0,705.0,697.0,702.0,49900,0.0,0.0
2022-02-21 00:00:00+09:00,694.0,704.0,694.0,700.0,38300,0.0,0.0
2022-02-22 00:00:00+09:00,695.0,695.0,688.0,689.0,58500,0.0,0.0
2022-02-24 00:00:00+09:00,687.0,694.0,682.0,694.0,76100,0.0,0.0
2022-02-25 00:00:00+09:00,694.0,694.0,682.0,682.0,89100,0.0,0.0
2022-02-28 00:00:00+09:00,687.0,694.0,684.0,692.0,54200,0.0,0.0
2022-03-01 00:00:00+09:00,699.0,701.0,689.0,691.0,98100,0.0,0.0
2022-03-02 00:00:00+09:00,683.0,685.0,673.0,673.0,124400,0.0,0.0
2022-03-03 00:00:00+09:00,683.0,687.0,677.0,683.0,79200,0.0,0.0
2022-03-04 00:00:00+09:00,682.0,686.0,675.0,675.0,54400,0.0,0.0
2022-03-07 00:00:00+09:00,672.0,672.0,657.0,659.0,133400,0.0,0.0
2022-03-08 00:00:00+09:00,651.0,657.0,641.0,645.0,119500,0.0,0.0
2022-03-09 00:00:00+09:00,649.0,660.0,647.0,653.0,93200,0.0,0.0
2022-03-10 00:00:00+09:00,668.0,680.0,666.0,680.0,96600,0.0,0.0
2022-03-11 00:00:00+09:00,670.0,675.0,665.0,673.0,91600,0.0,0.0
2022-03-14 00:00:00+09:00,679.0,682.0,672.0,676.0,82500,0.0,0.0
2022-03-15 00:00:00+09:00,682.0,691.0,681.0,688.0,88400,0.0,0.0
2022-03-16 00:00:00+09:00,690.0,690.0,675.0,675.0,80900,0.0,0.0
2022-03-17 00:00:00+09:00,687.0,697.0,684.0,694.0,95400,0.0,0.0
2022-03-18 00:00:00+09:00,694.0,699.0,686.0,699.0,139600,0.0,0.0
2022-03-22 00:00:00+09:00,705.0,706.0,697.0,702.0,113900,0.0,0.0
2022-03-23 00:00:00+09:00,710.0,720.0,706.0,717.0,109400,0.0,0.0
2022-03-24 00:00:00+09:00,717.0,717.0,699.0,708.0,94300,0.0,0.0
2022-03-25 00:00:00+09:00,712.0,717.0,706.0,709.0,98500,0.0,0.0
2022-03-28 00:00:00+09:00,712.0,713.0,705.0,709.0,61700,0.0,0.0
2022-03-29 00:00:00+09:00,714.0,715.0,703.0,712.0,163200,0.0,0.0
2022-03-30 00:00:00+09:00,695.0,698.0,684.0,692.0,108900,0.0,0.0
2022-03-31 00:00:00+09:00,683.0,697.0,683.0,689.0,97600,0.0,0.0
2022-04-01 00:00:00+09:00,687.0,698.0,683.0,694.0,79000,0.0,0.0
2022-04-04 00:00:00+09:00,698.0,703.0,697.0,699.0,67900,0.0,0.0
2022-04-05 00:00:00+09:00,704.0,704.0,689.0,690.0,83000,0.0,0.0
2022-04-06 00:00:00+09:00,688.0,690.0,674.0,674.0,57400,0.0,0.0
2022-04-07 00:00:00+09:00,670.0,672.0,665.0,669.0,70700,0.0,0.0
2022-04-08 00:00:00+09:00,674.0,675.0,665.0,669.0,113800,0.0,0.0
2022-04-11 00:00:00+09:00,665.0,671.0,663.0,665.0,65400,0.0,0.0
2022-04-12 00:00:00+09:00,665.0,671.0,660.0,660.0,83900,0.0,0.0
2022-04-13 00:00:00+09:00,666.0,674.0,664.0,672.0,79500,0.0,0.0
2022-04-14 00:00:00+09:00,671.0,677.0,671.0,673.0,59900,0.0,0.0
2022-04-15 00:00:00+09:00,670.0,675.0,669.0,672.0,45500,0.0,0.0
2022-04-18 00:00:00+09:00,665.0,668.0,659.0,664.0,51900,0.0,0.0
2022-04-19 00:00:00+09:00,664.0,672.0,664.0,668.0,50100,0.0,0.0
2022-04-20 00:00:00+09:00,680.0,680.0,673.0,677.0,71000,0.0,0.0
2022-04-21 00:00:00+09:00,675.0,685.0,675.0,684.0,65100,0.0,0.0
2022-04-22 00:00:00+09:00,679.0,685.0,675.0,681.0,71300,0.0,0.0
2022-04-25 00:00:00+09:00,677.0,681.0,671.0,677.0,95100,0.0,0.0
2022-04-26 00:00:00+09:00,679.0,682.0,676.0,678.0,66100,0.0,0.0
2022-04-27 00:00:00+09:00,668.0,672.0,655.0,662.0,252800,0.0,0.0
2022-04-28 00:00:00+09:00,667.0,685.0,663.0,685.0,84300,0.0,0.0
2022-05-02 00:00:00+09:00,684.0,695.0,684.0,695.0,50600,0.0,0.0
2022-05-06 00:00:00+09:00,699.0,704.0,696.0,699.0,77400,0.0,0.0
2022-05-09 00:00:00+09:00,695.0,696.0,680.0,680.0,65400,0.0,0.0
2022-05-10 00:00:00+09:00,675.0,683.0,672.0,676.0,76400,0.0,0.0
2022-05-11 00:00:00+09:00,670.0,674.0,669.0,673.0,71800,0.0,0.0
2022-05-12 00:00:00+09:00,667.0,668.0,655.0,655.0,172100,0.0,0.0
2022-05-13 00:00:00+09:00,658.0,677.0,655.0,677.0,74100,0.0,0.0
2022-05-16 00:00:00+09:00,683.0,683.0,660.0,663.0,90100,0.0,0.0
2022-05-17 00:00:00+09:00,660.0,664.0,659.0,662.0,50100,0.0,0.0
2022-05-18 00:00:00+09:00,663.0,670.0,660.0,670.0,58100,0.0,0.0
2022-05-19 00:00:00+09:00,655.0,667.0,654.0,666.0,65800,0.0,0.0
2022-05-20 00:00:00+09:00,665.0,672.0,658.0,672.0,96000,0.0,0.0
2022-05-23 00:00:00+09:00,676.0,689.0,672.0,689.0,104200,0.0,0.0
2022-05-24 00:00:00+09:00,687.0,688.0,672.0,672.0,114500,0.0,0.0
2022-05-25 00:00:00+09:00,672.0,677.0,670.0,671.0,66900,0.0,0.0
2022-05-26 00:00:00+09:00,671.0,676.0,669.0,669.0,74500,0.0,0.0
2022-05-27 00:00:00+09:00,678.0,680.0,672.0,678.0,79000,0.0,0.0
2022-05-30 00:00:00+09:00,682.0,687.0,677.0,684.0,227100,0.0,0.0
2022-05-31 00:00:00+09:00,688.0,689.0,677.0,677.0,65100,0.0,0.0
2022-06-01 00:00:00+09:00,677.0,695.0,677.0,695.0,123200,0.0,0.0
2022-06-02 00:00:00+09:00,695.0,698.0,686.0,694.0,86900,0.0,0.0
2022-06-03 00:00:00+09:00,700.0,700.0,690.0,693.0,89600,0.0,0.0
2022-06-06 00:00:00+09:00,692.0,696.0,688.0,693.0,43000,0.0,0.0
2022-06-07 00:00:00+09:00,697.0,702.0,697.0,697.0,66800,0.0,0.0
2022-06-08 00:00:00+09:00,703.0,709.0,703.0,707.0,83500,0.0,0.0
2022-06-09 00:00:00+09:00,706.0,710.0,702.0,705.0,61000,0.0,0.0
2022-06-10 00:00:00+09:00,705.0,707.0,699.0,699.0,104400,0.0,0.0
2022-06-13 00:00:00+09:00,691.0,695.0,690.0,694.0,52200,0.0,0.0
2022-06-14 00:00:00+09:00,681.0,686.0,680.0,681.0,67400,0.0,0.0
2022-06-15 00:00:00+09:00,681.0,687.0,680.0,680.0,55600,0.0,0.0
2022-06-16 00:00:00+09:00,684.0,689.0,681.0,682.0,64500,0.0,0.0
2022-06-17 00:00:00+09:00,673.0,678.0,666.0,672.0,98200,0.0,0.0
2022-06-20 00:00:00+09:00,677.0,677.0,661.0,662.0,66000,0.0,0.0
2022-06-21 00:00:00+09:00,670.0,675.0,665.0,672.0,58400,0.0,0.0
2022-06-22 00:00:00+09:00,676.0,678.0,669.0,669.0,49200,0.0,0.0
2022-06-23 00:00:00+09:00,671.0,674.0,667.0,671.0,41600,0.0,0.0
2022-06-24 00:00:00+09:00,671.0,674.0,668.0,674.0,60100,0.0,0.0
2022-06-27 00:00:00+09:00,684.0,684.0,674.0,683.0,57700,0.0,0.0
2022-06-28 00:00:00+09:00,678.0,688.0,678.0,687.0,60200,0.0,0.0
2022-06-29 00:00:00+09:00,682.0,685.0,676.0,679.0,196900,0.0,0.0
2022-06-30 00:00:00+09:00,683.0,683.0,673.0,675.0,78900,0.0,0.0
2022-07-01 00:00:00+09:00,679.0,684.0,672.0,677.0,114100,0.0,0.0
2022-07-04 00:00:00+09:00,684.0,692.0,683.0,690.0,67600,0.0,0.0
2022-07-05 00:00:00+09:00,694.0,694.0,684.0,686.0,46500,0.0,0.0
2022-07-06 00:00:00+09:00,682.0,685.0,678.0,678.0,43200,0.0,0.0
2022-07-07 00:00:00+09:00,685.0,689.0,680.0,684.0,48400,0.0,0.0
2022-07-08 00:00:00+09:00,687.0,695.0,685.0,686.0,105200,0.0,0.0
2022-07-11 00:00:00+09:00,696.0,706.0,696.0,705.0,109600,0.0,0.0
2022-07-12 00:00:00+09:00,707.0,707.0,688.0,688.0,93600,0.0,0.0
2022-07-13 00:00:00+09:00,694.0,699.0,691.0,694.0,26000,0.0,0.0
2022-07-14 00:00:00+09:00,693.0,693.0,685.0,691.0,50800,0.0,0.0
2022-07-15 00:00:00+09:00,694.0,698.0,691.0,694.0,46600,0.0,0.0
2022-07-19 00:00:00+09:00,703.0,706.0,701.0,705.0,36200,0.0,0.0
2022-07-20 00:00:00+09:00,712.0,717.0,710.0,717.0,89900,0.0,0.0
2022-07-21 00:00:00+09:00,717.0,721.0,713.0,719.0,64800,0.0,0.0
2022-07-22 00:00:00+09:00,722.0,727.0,720.0,727.0,99700,0.0,0.0
2022-07-25 00:00:00+09:00,730.0,730.0,721.0,723.0,60900,0.0,0.0
2022-07-26 00:00:00+09:00,724.0,732.0,724.0,726.0,66700,0.0,0.0
2022-07-27 00:00:00+09:00,727.0,733.0,726.0,732.0,60900,0.0,0.0
2022-07-28 00:00:00+09:00,734.0,736.0,729.0,730.0,108500,0.0,0.0
2022-07-29 00:00:00+09:00,734.0,734.0,726.0,729.0,78600,0.0,0.0
2022-08-01 00:00:00+09:00,731.0,734.0,728.0,732.0,84000,0.0,0.0
2022-08-02 00:00:00+09:00,731.0,731.0,718.0,720.0,128600,0.0,0.0
2022-08-03 00:00:00+09:00,722.0,724.0,718.0,721.0,66000,0.0,0.0
2022-08-04 00:00:00+09:00,723.0,723.0,713.0,714.0,50300,0.0,0.0
2022-08-05 00:00:00+09:00,707.0,721.0,704.0,719.0,115000,0.0,0.0
2022-08-08 00:00:00+09:00,720.0,727.0,720.0,720.0,55300,0.0,0.0
2022-08-09 00:00:00+09:00,722.0,728.0,719.0,726.0,58700,0.0,0.0
2022-08-10 00:00:00+09:00,724.0,726.0,719.0,720.0,24500,0.0,0.0
2022-08-12 00:00:00+09:00,724.0,735.0,724.0,735.0,71200,0.0,0.0
2022-08-15 00:00:00+09:00,737.0,737.0,730.0,732.0,37700,0.0,0.0
2022-08-16 00:00:00+09:00,732.0,733.0,729.0,729.0,30500,0.0,0.0
2022-08-17 00:00:00+09:00,735.0,738.0,732.0,738.0,54900,0.0,0.0
2022-08-18 00:00:00+09:00,732.0,732.0,724.0,724.0,36400,0.0,0.0
2022-08-19 00:00:00+09:00,732.0,732.0,726.0,726.0,41900,0.0,0.0
2022-08-22 00:00:00+09:00,721.0,727.0,718.0,721.0,32300,0.0,0.0
2022-08-23 00:00:00+09:00,718.0,718.0,712.0,712.0,44900,0.0,0.0
2022-08-24 00:00:00+09:00,714.0,722.0,714.0,719.0,37800,0.0,0.0
2022-08-25 00:00:00+09:00,721.0,724.0,718.0,720.0,34500,0.0,0.0
2022-08-26 00:00:00+09:00,734.0,734.0,722.0,722.0,63500,0.0,0.0
2022-08-29 00:00:00+09:00,721.0,722.0,716.0,717.0,75800,0.0,0.0
2022-08-30 00:00:00+09:00,724.0,724.0,716.0,722.0,29900,0.0,0.0
2022-08-31 00:00:00+09:00,715.0,720.0,711.0,711.0,71200,0.0,0.0
2022-09-01 00:00:00+09:00,710.0,713.0,704.0,706.0,81900,0.0,0.0
2022-09-02 00:00:00+09:00,707.0,707.0,698.0,703.0,118100,0.0,0.0
2022-09-05 00:00:00+09:00,703.0,707.0,701.0,703.0,50700,0.0,0.0
2022-09-06 00:00:00+09:00,707.0,713.0,704.0,709.0,65100,0.0,0.0
2022-09-07 00:00:00+09:00,709.0,709.0,700.0,702.0,63300,0.0,0.0
2022-09-08 00:00:00+09:00,713.0,716.0,709.0,716.0,65400,0.0,0.0
2022-09-09 00:00:00+09:00,715.0,718.0,713.0,716.0,102200,0.0,0.0
2022-09-12 00:00:00+09:00,723.0,723.0,716.0,718.0,48400,0.0,0.0
2022-09-13 00:00:00+09:00,720.0,720.0,715.0,716.0,38900,0.0,0.0
2022-09-14 00:00:00+09:00,710.0,712.0,707.0,707.0,60700,0.0,0.0
2022-09-15 00:00:00+09:00,708.0,709.0,705.0,706.0,46300,0.0,0.0
2022-09-16 00:00:00+09:00,708.0,711.0,704.0,704.0,76100,0.0,0.0
2022-09-20 00:00:00+09:00,711.0,715.0,707.0,707.0,53700,0.0,0.0
2022-09-21 00:00:00+09:00,706.0,709.0,701.0,701.0,78100,0.0,0.0
2022-09-22 00:00:00+09:00,701.0,704.0,699.0,702.0,156800,0.0,0.0
2022-09-26 00:00:00+09:00,697.0,697.0,684.0,686.0,168200,0.0,0.0
2022-09-27 00:00:00+09:00,692.0,695.0,690.0,691.0,99200,0.0,0.0
2022-09-28 00:00:00+09:00,692.0,699.0,688.0,698.0,255600,0.0,0.0
2022-09-29 00:00:00+09:00,693.0,694.0,685.0,690.0,161400,0.0,0.0
2022-09-30 00:00:00+09:00,690.0,691.0,682.0,684.0,93300,0.0,0.0
2022-10-03 00:00:00+09:00,679.0,686.0,677.0,682.0,55700,0.0,0.0
2022-10-04 00:00:00+09:00,691.0,707.0,691.0,703.0,92800,0.0,0.0
2022-10-05 00:00:00+09:00,710.0,710.0,701.0,702.0,69300,0.0,0.0
2022-10-06 00:00:00+09:00,708.0,714.0,708.0,710.0,73500,0.0,0.0
2022-10-07 00:00:00+09:00,703.0,714.0,701.0,711.0,49800,0.0,0.0
2022-10-11 00:00:00+09:00,691.0,696.0,687.0,687.0,96600,0.0,0.0
2022-10-12 00:00:00+09:00,687.0,690.0,684.0,685.0,73600,0.0,0.0
2022-10-13 00:00:00+09:00,685.0,686.0,678.0,678.0,71100,0.0,0.0
2022-10-14 00:00:00+09:00,688.0,697.0,683.0,693.0,74100,0.0,0.0
2022-10-17 00:00:00+09:00,686.0,692.0,685.0,687.0,41400,0.0,0.0
2022-10-18 00:00:00+09:00,697.0,697.0,689.0,696.0,55000,0.0,0.0
2022-10-19 00:00:00+09:00,693.0,694.0,690.0,694.0,48400,0.0,0.0
2022-10-20 00:00:00+09:00,690.0,691.0,687.0,689.0,62600,0.0,0.0
2022-10-21 00:00:00+09:00,687.0,687.0,684.0,685.0,63500,0.0,0.0
2022-10-24 00:00:00+09:00,690.0,691.0,683.0,683.0,49500,0.0,0.0
2022-10-25 00:00:00+09:00,687.0,691.0,685.0,688.0,62400,0.0,0.0
2022-10-26 00:00:00+09:00,692.0,699.0,689.0,699.0,109000,0.0,0.0
2022-10-27 00:00:00+09:00,699.0,699.0,691.0,692.0,40500,0.0,0.0
2022-10-28 00:00:00+09:00,688.0,693.0,683.0,684.0,228300,0.0,0.0
2022-10-31 00:00:00+09:00,690.0,690.0,683.0,687.0,57300,0.0,0.0
2022-11-01 00:00:00+09:00,687.0,688.0,684.0,685.0,65200,0.0,0.0
2022-11-02 00:00:00+09:00,684.0,685.0,680.0,685.0,92400,0.0,0.0
2022-11-04 00:00:00+09:00,682.0,684.0,676.0,678.0,74500,0.0,0.0
2022-11-07 00:00:00+09:00,680.0,684.0,678.0,682.0,54400,0.0,0.0
2022-11-08 00:00:00+09:00,686.0,686.0,680.0,685.0,73200,0.0,0.0
2022-11-09 00:00:00+09:00,675.0,678.0,667.0,669.0,124600,0.0,0.0
2022-11-10 00:00:00+09:00,665.0,667.0,660.0,662.0,97100,0.0,0.0
2022-11-11 00:00:00+09:00,671.0,672.0,662.0,669.0,97400,0.0,0.0
2022-11-14 00:00:00+09:00,669.0,669.0,661.0,661.0,109700,0.0,0.0
2022-11-15 00:00:00+09:00,660.0,665.0,659.0,665.0,69600,0.0,0.0
2022-11-16 00:00:00+09:00,662.0,667.0,662.0,666.0,50900,0.0,0.0
2022-11-17 00:00:00+09:00,664.0,669.0,664.0,669.0,39100,0.0,0.0
2022-11-18 00:00:00+09:00,666.0,674.0,666.0,673.0,194100,0.0,0.0
2022-11-21 00:00:00+09:00,675.0,678.0,672.0,676.0,41200,0.0,0.0
2022-11-22 00:00:00+09:00,678.0,689.0,677.0,685.0,124200,0.0,0.0
2022-11-24 00:00:00+09:00,688.0,688.0,683.0,686.0,139600,0.0,0.0
2022-11-25 00:00:00+09:00,686.0,690.0,684.0,689.0,111200,0.0,0.0
2022-11-28 00:00:00+09:00,690.0,690.0,683.0,685.0,100400,0.0,0.0
2022-11-29 00:00:00+09:00,683.0,685.0,680.0,684.0,110300,0.0,0.0
2022-11-30 00:00:00+09:00,681.0,681.0,670.0,670.0,120900,0.0,0.0
2022-12-01 00:00:00+09:00,677.0,677.0,667.0,669.0,88000,0.0,0.0
2022-12-02 00:00:00+09:00,666.0,666.0,657.0,658.0,163900,0.0,0.0
2022-12-05 00:00:00+09:00,660.0,661.0,653.0,657.0,91200,0.0,0.0
2022-12-06 00:00:00+09:00,653.0,656.0,649.0,650.0,118000,0.0,0.0
2022-12-07 00:00:00+09:00,650.0,654.0,648.0,648.0,99200,0.0,0.0
2022-12-08 00:00:00+09:00,652.0,652.0,645.0,649.0,85400,0.0,0.0
2022-12-09 00:00:00+09:00,646.0,653.0,646.0,649.0,72700,0.0,0.0
2022-12-12 00:00:00+09:00,651.0,656.0,651.0,654.0,63800,0.0,0.0
2022-12-13 00:00:00+09:00,660.0,664.0,657.0,660.0,110000,0.0,0.0
2022-12-14 00:00:00+09:00,662.0,666.0,661.0,663.0,62300,0.0,0.0
2022-12-15 00:00:00+09:00,662.0,667.0,659.0,666.0,88800,0.0,0.0
2022-12-16 00:00:00+09:00,663.0,665.0,658.0,658.0,69900,0.0,0.0
2022-12-19 00:00:00+09:00,655.0,662.0,655.0,660.0,62600,0.0,0.0
2022-12-20 00:00:00+09:00,662.0,663.0,651.0,653.0,101500,0.0,0.0
2022-12-21 00:00:00+09:00,651.0,653.0,642.0,643.0,177800,0.0,0.0
2022-12-22 00:00:00+09:00,646.0,649.0,643.0,644.0,90600,0.0,0.0
2022-12-23 00:00:00+09:00,642.0,646.0,641.0,646.0,100700,0.0,0.0
2022-12-26 00:00:00+09:00,647.0,649.0,645.0,646.0,63300,0.0,0.0
2022-12-27 00:00:00+09:00,648.0,652.0,648.0,652.0,59700,0.0,0.0
2022-12-28 00:00:00+09:00,654.0,655.0,649.0,651.0,68000,0.0,0.0
2022-12-29 00:00:00+09:00,652.0,658.0,645.0,657.0,97900,0.0,0.0
2022-12-30 00:00:00+09:00,658.0,659.0,654.0,655.0,76100,0.0,0.0
2023-01-04 00:00:00+09:00,655.0,655.0,645.0,645.0,79300,0.0,0.0
2023-01-05 00:00:00+09:00,647.0,652.0,645.0,650.0,63600,0.0,0.0
2023-01-06 00:00:00+09:00,650.0,653.0,649.0,651.0,36900,0.0,0.0
2023-01-10 00:00:00+09:00,658.0,668.0,655.0,662.0,149100,0.0,0.0
2023-01-11 00:00:00+09:00,666.0,668.0,663.0,666.0,65400,0.0,0.0
2023-01-12 00:00:00+09:00,666.0,667.0,663.0,663.0,57300,0.0,0.0
2023-01-13 00:00:00+09:00,663.0,670.0,663.0,664.0,50200,0.0,0.0
2023-01-16 00:00:00+09:00,663.0,671.0,661.0,668.0,74600,0.0,0.0
2023-01-17 00:00:00+09:00,669.0,677.0,668.0,676.0,82200,0.0,0.0
2023-01-18 00:00:00+09:00,678.0,690.0,676.0,687.0,188500,0.0,0.0
2023-01-19 00:00:00+09:00,681.0,693.0,681.0,689.0,102500,0.0,0.0
2023-01-20 00:00:00+09:00,686.0,696.0,686.0,693.0,67600,0.0,0.0
2023-01-23 00:00:00+09:00,698.0,708.0,695.0,708.0,110100,0.0,0.0
2023-01-24 00:00:00+09:00,708.0,714.0,705.0,711.0,107500,0.0,0.0
2023-01-25 00:00:00+09:00,711.0,717.0,709.0,714.0,75500,0.0,0.0
2023-01-26 00:00:00+09:00,712.0,716.0,712.0,715.0,59600,0.0,0.0
2023-01-27 00:00:00+09:00,718.0,718.0,713.0,715.0,38100,0.0,0.0
2023-01-30 00:00:00+09:00,712.0,718.0,710.0,715.0,82500,0.0,0.0
2023-01-31 00:00:00+09:00,712.0,722.0,712.0,720.0,62200,0.0,0.0
2023-02-01 00:00:00+09:00,723.0,724.0,718.0,718.0,61800,0.0,0.0
2023-02-02 00:00:00+09:00,719.0,719.0,711.0,711.0,67000,0.0,0.0
2023-02-03 00:00:00+09:00,707.0,715.0,707.0,711.0,76700,0.0,0.0
2023-02-06 00:00:00+09:00,711.0,716.0,710.0,714.0,50900,0.0,0.0
2023-02-07 00:00:00+09:00,715.0,718.0,712.0,717.0,46200,0.0,0.0
2023-02-08 00:00:00+09:00,720.0,722.0,718.0,718.0,66800,0.0,0.0
2023-02-09 00:00:00+09:00,736.0,756.0,736.0,746.0,270800,0.0,0.0
2023-02-10 00:00:00+09:00,739.0,746.0,737.0,742.0,103800,0.0,0.0
2023-02-13 00:00:00+09:00,741.0,743.0,737.0,741.0,54700,0.0,0.0
2023-02-14 00:00:00+09:00,747.0,751.0,745.0,749.0,59200,0.0,0.0
2023-02-15 00:00:00+09:00,750.0,753.0,748.0,750.0,45700,0.0,0.0
2023-02-16 00:00:00+09:00,754.0,756.0,746.0,748.0,59400,0.0,0.0
2023-02-17 00:00:00+09:00,745.0,747.0,740.0,740.0,63300,0.0,0.0
2023-02-20 00:00:00+09:00,745.0,757.0,745.0,754.0,58500,0.0,0.0
2023-02-21 00:00:00+09:00,756.0,759.0,755.0,759.0,58100,0.0,0.0
2023-02-22 00:00:00+09:00,758.0,758.0,750.0,750.0,55900,0.0,0.0
2023-02-24 00:00:00+09:00,755.0,764.0,754.0,762.0,79400,0.0,0.0
2023-02-27 00:00:00+09:00,766.0,774.0,766.0,770.0,67200,0.0,0.0
2023-02-28 00:00:00+09:00,774.0,775.0,768.0,770.0,65000,0.0,0.0
2023-03-01 00:00:00+09:00,765.0,780.0,765.0,779.0,91100,0.0,0.0
2023-03-02 00:00:00+09:00,780.0,790.0,780.0,789.0,111800,0.0,0.0
2023-03-03 00:00:00+09:00,795.0,812.0,794.0,811.0,231700,0.0,0.0
2023-03-06 00:00:00+09:00,815.0,837.0,814.0,829.0,255900,0.0,0.0
2023-03-07 00:00:00+09:00,830.0,862.0,827.0,856.0,326300,0.0,0.0
2023-03-08 00:00:00+09:00,850.0,855.0,846.0,853.0,179600,0.0,0.0
2023-03-09 00:00:00+09:00,855.0,861.0,847.0,851.0,178100,0.0,0.0
2023-03-10 00:00:00+09:00,836.0,840.0,826.0,829.0,194200,0.0,0.0
2023-03-13 00:00:00+09:00,816.0,816.0,802.0,809.0,119000,0.0,0.0
2023-03-14 00:00:00+09:00,792.0,795.0,780.0,790.0,160700,0.0,0.0
2023-03-15 00:00:00+09:00,794.0,806.0,794.0,803.0,96700,0.0,0.0
2023-03-16 00:00:00+09:00,778.0,786.0,777.0,783.0,125400,0.0,0.0
2023-03-17 00:00:00+09:00,793.0,799.0,789.0,796.0,80200,0.0,0.0
2023-03-20 00:00:00+09:00,791.0,791.0,780.0,782.0,107700,0.0,0.0
2023-03-22 00:00:00+09:00,791.0,799.0,790.0,796.0,70400,0.0,0.0
2023-03-23 00:00:00+09:00,790.0,807.0,786.0,805.0,82000,0.0,0.0
2023-03-24 00:00:00+09:00,803.0,811.0,799.0,809.0,61100,0.0,0.0
2023-03-27 00:00:00+09:00,810.0,813.0,804.0,811.0,70800,0.0,0.0
2023-03-28 00:00:00+09:00,818.0,820.0,814.0,815.0,71600,0.0,0.0
2023-03-29 00:00:00+09:00,823.0,831.0,823.0,831.0,144500,0.0,0.0
2023-03-30 00:00:00+09:00,820.0,820.0,814.0,817.0,88900,0.0,0.0
2023-03-31 00:00:00+09:00,821.0,834.0,821.0,833.0,109400,0.0,0.0
2023-04-03 00:00:00+09:00,845.0,863.0,840.0,862.0,230400,0.0,0.0
2023-04-04 00:00:00+09:00,868.0,892.0,865.0,889.0,386100,0.0,0.0
2023-04-05 00:00:00+09:00,878.0,879.0,870.0,871.0,263000,0.0,0.0
2023-04-06 00:00:00+09:00,856.0,857.0,832.0,835.0,151700,0.0,0.0
2023-04-07 00:00:00+09:00,849.0,864.0,847.0,861.0,131400,0.0,0.0
2023-04-10 00:00:00+09:00,861.0,882.0,861.0,877.0,178100,0.0,0.0
2023-04-11 00:00:00+09:00,886.0,889.0,876.0,879.0,160100,0.0,0.0
2023-04-12 00:00:00+09:00,889.0,904.0,888.0,892.0,176100,0.0,0.0
2023-04-13 00:00:00+09:00,892.0,904.0,888.0,895.0,144900,0.0,0.0
2023-04-14 00:00:00+09:00,904.0,908.0,897.0,901.0,156600,0.0,0.0
2023-04-17 00:00:00+09:00,910.0,914.0,901.0,913.0,151000,0.0,0.0
2023-04-18 00:00:00+09:00,917.0,936.0,917.0,929.0,166700,0.0,0.0
2023-04-19 00:00:00+09:00,931.0,938.0,926.0,938.0,145300,0.0,0.0
2023-04-20 00:00:00+09:00,937.0,970.0,937.0,960.0,262600,0.0,0.0
2023-04-21 00:00:00+09:00,960.0,982.0,960.0,967.0,203000,0.0,0.0
2023-04-24 00:00:00+09:00,965.0,967.0,952.0,965.0,133000,0.0,0.0
2023-04-25 00:00:00+09:00,970.0,997.0,970.0,972.0,213700,0.0,0.0
2023-04-26 00:00:00+09:00,972.0,980.0,961.0,976.0,158400,0.0,0.0
2023-04-27 00:00:00+09:00,972.0,978.0,965.0,970.0,137200,0.0,0.0
2023-04-28 00:00:00+09:00,981.0,984.0,968.0,983.0,103700,0.0,0.0
2023-05-01 00:00:00+09:00,986.0,990.0,977.0,988.0,92900,0.0,0.0
2023-05-02 00:00:00+09:00,985.0,990.0,975.0,986.0,98900,0.0,0.0
2023-05-08 00:00:00+09:00,985.0,1020.0,978.0,1019.0,169400,0.0,0.0
2023-05-09 00:00:00+09:00,1014.0,1038.0,1006.0,1034.0,175000,0.0,0.0
2023-05-10 00:00:00+09:00,1037.0,1044.0,1033.0,1039.0,151700,0.0,0.0
2023-05-11 00:00:00+09:00,1030.0,1030.0,1006.0,1011.0,235600,0.0,0.0
2023-05-12 00:00:00+09:00,1014.0,1017.0,996.0,1003.0,242900,0.0,0.0
2023-05-15 00:00:00+09:00,1033.0,1074.0,1033.0,1054.0,461800,0.0,0.0
2023-05-16 00:00:00+09:00,1063.0,1077.0,1035.0,1046.0,214800,0.0,0.0
2023-05-17 00:00:00+09:00,1040.0,1049.0,1034.0,1035.0,117000,0.0,0.0
2023-05-18 00:00:00+09:00,1040.0,1057.0,1036.0,1057.0,254200,0.0,0.0
2023-05-19 00:00:00+09:00,1054.0,1079.0,1054.0,1078.0,210600,0.0,0.0
2023-05-22 00:00:00+09:00,1069.0,1074.0,1058.0,1062.0,136200,0.0,0.0
2023-05-23 00:00:00+09:00,1070.0,1092.0,1059.0,1070.0,206100,0.0,0.0
2023-05-24 00:00:00+09:00,1064.0,1083.0,1060.0,1074.0,130600,0.0,0.0
2023-05-25 00:00:00+09:00,1074.0,1088.0,1068.0,1079.0,103400,0.0,0.0
2023-05-26 00:00:00+09:00,1087.0,1112.0,1080.0,1103.0,249800,0.0,0.0
2023-05-29 00:00:00+09:00,1093.0,1118.0,1090.0,1094.0,195600,0.0,0.0
2023-05-30 00:00:00+09:00,1099.0,1142.0,1099.0,1142.0,219100,0.0,0.0
2023-05-31 00:00:00+09:00,1127.0,1137.0,1058.0,1064.0,282600,0.0,0.0
2023-06-01 00:00:00+09:00,1059.0,1071.0,1045.0,1055.0,165000,0.0,0.0
2023-06-02 00:00:00+09:00,1064.0,1075.0,1056.0,1066.0,95500,0.0,0.0
2023-06-05 00:00:00+09:00,1095.0,1116.0,1086.0,1109.0,168500,0.0,0.0
2023-06-06 00:00:00+09:00,1095.0,1116.0,1090.0,1113.0,178400,0.0,0.0
2023-06-07 00:00:00+09:00,1117.0,1126.0,1078.0,1080.0,262200,0.0,0.0
2023-06-08 00:00:00+09:00,1071.0,1090.0,1059.0,1066.0,150100,0.0,0.0
2023-06-09 00:00:00+09:00,1071.0,1074.0,1051.0,1059.0,153800,0.0,0.0
2023-06-12 00:00:00+09:00,1070.0,1073.0,1053.0,1072.0,203100,0.0,0.0
2023-06-13 00:00:00+09:00,1080.0,1090.0,1072.0,1077.0,149200,0.0,0.0
2023-06-14 00:00:00+09:00,1085.0,1088.0,1057.0,1063.0,128700,0.0,0.0
2023-06-15 00:00:00+09:00,1061.0,1067.0,1056.0,1056.0,123700,0.0,0.0
2023-06-16 00:00:00+09:00,1060.0,1067.0,1057.0,1058.0,154600,0.0,0.0
2023-06-19 00:00:00+09:00,1061.0,1071.0,1055.0,1063.0,77200,0.0,0.0
2023-06-20 00:00:00+09:00,1057.0,1060.0,1032.0,1043.0,122200,0.0,0.0
2023-06-21 00:00:00+09:00,1042.0,1061.0,1038.0,1053.0,117600,0.0,0.0
2023-06-22 00:00:00+09:00,1057.0,1060.0,1046.0,1051.0,102000,0.0,0.0
2023-06-23 00:00:00+09:00,1060.0,1075.0,1050.0,1059.0,155400,0.0,0.0
2023-06-26 00:00:00+09:00,1055.0,1063.0,1040.0,1052.0,103000,0.0,0.0
2023-06-27 00:00:00+09:00,1058.0,1064.0,1043.0,1052.0,76300,0.0,0.0
2023-06-28 00:00:00+09:00,1080.0,1115.0,1069.0,1102.0,252500,0.0,0.0
2023-06-29 00:00:00+09:00,1103.0,1108.0,1085.0,1094.0,151700,0.0,0.0
2023-06-30 00:00:00+09:00,1110.0,1119.0,1088.0,1096.0,211600,0.0,0.0
2023-07-03 00:00:00+09:00,1108.0,1120.0,1101.0,1110.0,199400,0.0,0.0
2023-07-04 00:00:00+09:00,1110.0,1110.0,1088.0,1091.0,98300,0.0,0.0
2023-07-05 00:00:00+09:00,1080.0,1088.0,1064.0,1076.0,133000,0.0,0.0
2023-07-06 00:00:00+09:00,1070.0,1081.0,1061.0,1069.0,93500,0.0,0.0
2023-07-07 00:00:00+09:00,1058.0,1066.0,1050.0,1058.0,100600,0.0,0.0
2023-07-10 00:00:00+09:00,1061.0,1077.0,1057.0,1058.0,133900,0.0,0.0
2023-07-11 00:00:00+09:00,1062.0,1065.0,1038.0,1044.0,93600,0.0,0.0
2023-07-12 00:00:00+09:00,1044.0,1051.0,1021.0,1021.0,189100,0.0,0.0
2023-07-13 00:00:00+09:00,1026.0,1027.0,1002.0,1021.0,122000,0.0,0.0
2023-07-14 00:00:00+09:00,1017.0,1021.0,994.0,1010.0,109500,0.0,0.0
2023-07-18 00:00:00+09:00,1010.0,1031.0,1010.0,1028.0,59400,0.0,0.0
2023-07-19 00:00:00+09:00,1046.0,1064.0,1040.0,1064.0,129400,0.0,0.0
2023-07-20 00:00:00+09:00,1064.0,1069.0,1052.0,1062.0,83500,0.0,0.0
2023-07-21 00:00:00+09:00,1059.0,1059.0,1039.0,1048.0,69900,0.0,0.0
2023-07-24 00:00:00+09:00,1060.0,1061.0,1051.0,1061.0,150500,0.0,0.0
2023-07-25 00:00:00+09:00,1061.0,1084.0,1060.0,1082.0,105200,0.0,0.0
2023-07-26 00:00:00+09:00,1077.0,1077.0,1055.0,1055.0,52100,0.0,0.0
2023-07-27 00:00:00+09:00,1056.0,1058.0,1042.0,1048.0,62700,0.0,0.0
2023-07-28 00:00:00+09:00,1031.0,1038.0,1023.0,1033.0,114700,0.0,0.0
2023-07-31 00:00:00+09:00,1062.0,1064.0,1041.0,1045.0,98300,0.0,0.0
2023-08-01 00:00:00+09:00,1049.0,1055.0,1041.0,1050.0,97100,0.0,0.0
2023-08-02 00:00:00+09:00,1048.0,1056.0,1037.0,1046.0,118200,0.0,0.0
2023-08-03 00:00:00+09:00,1040.0,1042.0,1021.0,1025.0,92600,0.0,0.0
2023-08-04 00:00:00+09:00,1017.0,1033.0,1016.0,1033.0,111400,0.0,0.0
2023-08-07 00:00:00+09:00,1028.0,1034.0,1012.0,1032.0,72000,0.0,0.0
2023-08-08 00:00:00+09:00,1040.0,1047.0,1038.0,1038.0,41100,0.0,0.0
2023-08-09 00:00:00+09:00,1040.0,1041.0,1029.0,1040.0,47000,0.0,0.0
2023-08-10 00:00:00+09:00,1041.0,1057.0,1032.0,1054.0,196200,0.0,0.0
2023-08-14 00:00:00+09:00,1105.0,1115.0,1062.0,1063.0,237600,0.0,0.0
2023-08-15 00:00:00+09:00,1062.0,1073.0,1054.0,1057.0,81400,0.0,0.0
2023-08-16 00:00:00+09:00,1046.0,1047.0,1032.0,1034.0,67200,0.0,0.0
2023-08-17 00:00:00+09:00,1030.0,1034.0,1016.0,1029.0,101600,0.0,0.0
2023-08-18 00:00:00+09:00,1020.0,1024.0,1008.0,1012.0,84400,0.0,0.0
2023-08-21 00:00:00+09:00,1019.0,1024.0,1011.0,1013.0,94400,0.0,0.0
2023-08-22 00:00:00+09:00,1016.0,1017.0,1007.0,1014.0,69700,0.0,0.0
2023-08-23 00:00:00+09:00,1012.0,1033.0,1008.0,1033.0,119000,0.0,0.0
2023-08-24 00:00:00+09:00,1039.0,1044.0,1028.0,1030.0,78900,0.0,0.0
2023-08-25 00:00:00+09:00,1030.0,1030.0,1020.0,1029.0,106000,0.0,0.0
2023-08-28 00:00:00+09:00,1045.0,1065.0,1044.0,1063.0,168200,0.0,0.0
2023-08-29 00:00:00+09:00,1073.0,1077.0,1065.0,1073.0,146400,0.0,0.0
2023-08-30 00:00:00+09:00,1077.0,1086.0,1076.0,1082.0,117500,0.0,0.0
2023-08-31 00:00:00+09:00,1085.0,1094.0,1082.0,1088.0,116300,0.0,0.0
2023-09-01 00:00:00+09:00,1089.0,1093.0,1083.0,1089.0,94500,0.0,0.0
2023-09-04 00:00:00+09:00,1096.0,1119.0,1096.0,1119.0,128500,0.0,0.0
2023-09-05 00:00:00+09:00,1120.0,1155.0,1120.0,1155.0,228500,0.0,0.0
2023-09-06 00:00:00+09:00,1155.0,1163.0,1112.0,1121.0,331500,0.0,0.0
2023-09-07 00:00:00+09:00,1119.0,1137.0,1119.0,1124.0,122500,0.0,0.0
2023-09-08 00:00:00+09:00,1111.0,1114.0,1096.0,1097.0,162100,0.0,0.0
2023-09-11 00:00:00+09:00,1110.0,1119.0,1101.0,1110.0,92700,0.0,0.0
2023-09-12 00:00:00+09:00,1118.0,1133.0,1118.0,1133.0,64600,0.0,0.0
2023-09-13 00:00:00+09:00,1135.0,1135.0,1104.0,1108.0,91200,0.0,0.0
2023-09-14 00:00:00+09:00,1120.0,1121.0,1105.0,1117.0,93600,0.0,0.0
2023-09-15 00:00:00+09:00,1126.0,1136.0,1125.0,1130.0,88300,0.0,0.0
2023-09-19 00:00:00+09:00,1130.0,1156.0,1126.0,1156.0,165400,0.0,0.0
2023-09-20 00:00:00+09:00,1164.0,1171.0,1119.0,1119.0,112700,0.0,0.0
2023-09-21 00:00:00+09:00,1119.0,1134.0,1118.0,1127.0,118600,0.0,0.0
2023-09-22 00:00:00+09:00,1119.0,1131.0,1113.0,1122.0,100000,0.0,0.0
2023-09-25 00:00:00+09:00,1129.0,1148.0,1121.0,1141.0,120600,0.0,0.0
2023-09-26 00:00:00+09:00,1139.0,1139.0,1119.0,1119.0,127900,0.0,0.0
2023-09-27 00:00:00+09:00,1138.0,1145.0,1121.0,1143.0,238800,0.0,0.0
2023-09-28 00:00:00+09:00,1121.0,1138.0,1108.0,1117.0,158600,0.0,0.0
2023-09-29 00:00:00+09:00,1121.0,1123.0,1085.0,1094.0,98100,0.0,0.0
2023-10-02 00:00:00+09:00,1091.0,1108.0,1077.0,1077.0,68200,0.0,0.0
2023-10-03 00:00:00+09:00,1076.0,1077.0,1049.0,1054.0,97400,0.0,0.0
2023-10-04 00:00:00+09:00,1027.0,1039.0,1021.0,1026.0,105300,0.0,0.0
2023-10-05 00:00:00+09:00,1034.0,1042.0,1024.0,1038.0,73600,0.0,0.0
2023-10-06 00:00:00+09:00,1048.0,1058.0,1037.0,1045.0,65400,0.0,0.0
2023-10-10 00:00:00+09:00,1060.0,1071.0,1060.0,1064.0,50600,0.0,0.0
2023-10-11 00:00:00+09:00,1070.0,1070.0,1050.0,1055.0,128100,0.0,0.0
2023-10-12 00:00:00+09:00,1055.0,1075.0,1055.0,1075.0,48000,0.0,0.0
2023-10-13 00:00:00+09:00,1063.0,1085.0,1061.0,1070.0,73500,0.0,0.0
2023-10-16 00:00:00+09:00,1057.0,1066.0,1036.0,1043.0,53500,0.0,0.0
2023-10-17 00:00:00+09:00,1058.0,1064.0,1045.0,1051.0,50500,0.0,0.0
2023-10-18 00:00:00+09:00,1062.0,1064.0,1044.0,1059.0,57700,0.0,0.0
2023-10-19 00:00:00+09:00,1038.0,1056.0,1035.0,1052.0,101400,0.0,0.0
2023-10-20 00:00:00+09:00,1038.0,1050.0,1035.0,1041.0,61400,0.0,0.0
2023-10-23 00:00:00+09:00,1041.0,1057.0,1037.0,1040.0,69000,0.0,0.0
2023-10-24 00:00:00+09:00,1033.0,1037.0,999.0,1032.0,90500,0.0,0.0
2023-10-25 00:00:00+09:00,1033.0,1041.0,1021.0,1022.0,60100,0.0,0.0
2023-10-26 00:00:00+09:00,1023.0,1031.0,1010.0,1017.0,52300,0.0,0.0
2023-10-27 00:00:00+09:00,1031.0,1052.0,1027.0,1052.0,127900,0.0,0.0
2023-10-30 00:00:00+09:00,1050.0,1050.0,1026.0,1035.0,96900,0.0,0.0
2023-10-31 00:00:00+09:00,1047.0,1047.0,1027.0,1041.0,71600,0.0,0.0
2023-11-01 00:00:00+09:00,1050.0,1064.0,1041.0,1045.0,98600,0.0,0.0
2023-11-02 00:00:00+09:00,1059.0,1061.0,1041.0,1045.0,78600,0.0,0.0
2023-11-06 00:00:00+09:00,1080.0,1081.0,1064.0,1072.0,114000,0.0,0.0
2023-11-07 00:00:00+09:00,1070.0,1087.0,1069.0,1082.0,134200,0.0,0.0
2023-11-08 00:00:00+09:00,1001.0,1024.0,978.0,982.0,639200,0.0,0.0
2023-11-09 00:00:00+09:00,988.0,1033.0,986.0,1032.0,277200,0.0,0.0
2023-11-10 00:00:00+09:00,1035.0,1053.0,1022.0,1052.0,212300,0.0,0.0
2023-11-13 00:00:00+09:00,1052.0,1060.0,1026.0,1037.0,365000,0.0,0.0
2023-11-14 00:00:00+09:00,1049.0,1057.0,1045.0,1049.0,109700,0.0,0.0
2023-11-15 00:00:00+09:00,1051.0,1062.0,1039.0,1056.0,122300,0.0,0.0
2023-11-16 00:00:00+09:00,1086.0,1099.0,1070.0,1095.0,167800,0.0,0.0
2023-11-17 00:00:00+09:00,1089.0,1115.0,1088.0,1112.0,85000,0.0,0.0
2023-11-20 00:00:00+09:00,1115.0,1120.0,1094.0,1099.0,131300,0.0,0.0
2023-11-21 00:00:00+09:00,1100.0,1110.0,1097.0,1100.0,70400,0.0,0.0
2023-11-22 00:00:00+09:00,1099.0,1106.0,1087.0,1088.0,54000,0.0,0.0
2023-11-24 00:00:00+09:00,1088.0,1096.0,1083.0,1094.0,58200,0.0,0.0
2023-11-27 00:00:00+09:00,1100.0,1105.0,1092.0,1094.0,63200,0.0,0.0
2023-11-28 00:00:00+09:00,1098.0,1098.0,1088.0,1093.0,42300,0.0,0.0
2023-11-29 00:00:00+09:00,1087.0,1094.0,1075.0,1075.0,77300,0.0,0.0
2023-11-30 00:00:00+09:00,1068.0,1089.0,1068.0,1087.0,46300,0.0,0.0
2023-12-01 00:00:00+09:00,1098.0,1098.0,1084.0,1088.0,50200,0.0,0.0
2023-12-04 00:00:00+09:00,1079.0,1096.0,1076.0,1088.0,43000,0.0,0.0
2023-12-05 00:00:00+09:00,1080.0,1093.0,1072.0,1073.0,68000,0.0,0.0
2023-12-06 00:00:00+09:00,1069.0,1109.0,1069.0,1103.0,140200,0.0,0.0
2023-12-07 00:00:00+09:00,1098.0,1099.0,1079.0,1086.0,71200,0.0,0.0
2023-12-08 00:00:00+09:00,1094.0,1094.0,1047.0,1049.0,114200,0.0,0.0
2023-12-11 00:00:00+09:00,1051.0,1088.0,1051.0,1088.0,76600,0.0,0.0
2023-12-12 00:00:00+09:00,1095.0,1099.0,1073.0,1084.0,99600,0.0,0.0
2023-12-13 00:00:00+09:00,1090.0,1096.0,1079.0,1085.0,77000,0.0,0.0
2023-12-14 00:00:00+09:00,1085.0,1108.0,1076.0,1080.0,131300,0.0,0.0
2023-12-15 00:00:00+09:00,1080.0,1098.0,1076.0,1098.0,82700,0.0,0.0
2023-12-18 00:00:00+09:00,1088.0,1088.0,1064.0,1072.0,83300,0.0,0.0
2023-12-19 00:00:00+09:00,1064.0,1067.0,1045.0,1061.0,60800,0.0,0.0
2023-12-20 00:00:00+09:00,1070.0,1083.0,1069.0,1072.0,66000,0.0,0.0
2023-12-21 00:00:00+09:00,1069.0,1069.0,1046.0,1046.0,133600,0.0,0.0
2023-12-22 00:00:00+09:00,1059.0,1066.0,1049.0,1056.0,43900,0.0,0.0
2023-12-25 00:00:00+09:00,1060.0,1068.0,1043.0,1043.0,51700,0.0,0.0
2023-12-26 00:00:00+09:00,1047.0,1052.0,1031.0,1037.0,55800,0.0,0.0
2023-12-27 00:00:00+09:00,1053.0,1053.0,1040.0,1049.0,77700,0.0,0.0
2023-12-28 00:00:00+09:00,1049.0,1064.0,1049.0,1064.0,55000,0.0,0.0
2023-12-29 00:00:00+09:00,1065.0,1068.0,1058.0,1066.0,67400,0.0,0.0
2024-01-04 00:00:00+09:00,1066.0,1086.0,1051.0,1086.0,64200,0.0,0.0
2024-01-05 00:00:00+09:00,1096.0,1102.0,1091.0,1094.0,51400,0.0,0.0
2024-01-09 00:00:00+09:00,1095.0,1113.0,1093.0,1100.0,64600,0.0,0.0
2024-01-10 00:00:00+09:00,1100.0,1104.0,1087.0,1097.0,66000,0.0,0.0
2024-01-11 00:00:00+09:00,1104.0,1116.0,1104.0,1111.0,76000,0.0,0.0
2024-01-12 00:00:00+09:00,1111.0,1123.0,1097.0,1102.0,100900,0.0,0.0
2024-01-15 00:00:00+09:00,1102.0,1113.0,1102.0,1113.0,6600,0.0,0.0
2024-01-16 00:00:00+09:00,1102.0,1127.0,1090.0,1090.0,78700,0.0,0.0
2024-01-17 00:00:00+09:00,1101.0,1111.0,1075.0,1076.0,73900,0.0,0.0
2024-01-18 00:00:00+09:00,1072.0,1081.0,1072.0,1076.0,31900,0.0,0.0
2024-01-19 00:00:00+09:00,1093.0,1093.0,1077.0,1084.0,42200,0.0,0.0
2024-01-22 00:00:00+09:00,1090.0,1108.0,1090.0,1107.0,37500,0.0,0.0
2024-01-23 00:00:00+09:00,1105.0,1114.0,1091.0,1105.0,64100,0.0,0.0
2024-01-24 00:00:00+09:00,1105.0,1117.0,1084.0,1090.0,78900,0.0,0.0
2024-01-25 00:00:00+09:00,1090.0,1122.0,1086.0,1116.0,72800,0.0,0.0
2024-01-26 00:00:00+09:00,1121.0,1126.0,1091.0,1094.0,107100,0.0,0.0
2024-01-29 00:00:00+09:00,1103.0,1109.0,1094.0,1103.0,39600,0.0,0.0
2024-01-30 00:00:00+09:00,1103.0,1103.0,1089.0,1092.0,62700,0.0,0.0
2024-01-31 00:00:00+09:00,1089.0,1095.0,1081.0,1095.0,33100,0.0,0.0
2024-02-01 00:00:00+09:00,1094.0,1095.0,1084.0,1091.0,42100,0.0,0.0
2024-02-02 00:00:00+09:00,1091.0,1098.0,1078.0,1091.0,64600,0.0,0.0
2024-02-05 00:00:00+09:00,1100.0,1104.0,1095.0,1104.0,48000,0.0,0.0
2024-02-06 00:00:00+09:00,1101.0,1102.0,1091.0,1097.0,44800,0.0,0.0
2024-02-07 00:00:00+09:00,1097.0,1122.0,1097.0,1114.0,102200,0.0,0.0
2024-02-08 00:00:00+09:00,1199.0,1215.0,1176.0,1213.0,437400,0.0,0.0
2024-02-09 00:00:00+09:00,1210.0,1210.0,1146.0,1146.0,148600,0.0,0.0
2024-02-13 00:00:00+09:00,1161.0,1178.0,1160.0,1164.0,98600,0.0,0.0
2024-02-14 00:00:00+09:00,1164.0,1164.0,1128.0,1137.0,81300,0.0,0.0
2024-02-15 00:00:00+09:00,1149.0,1154.0,1121.0,1129.0,70200,0.0,0.0
2024-02-16 00:00:00+09:00,1130.0,1146.0,1128.0,1141.0,55500,0.0,0.0
2024-02-19 00:00:00+09:00,1141.0,1156.0,1139.0,1150.0,62200,0.0,0.0
2024-02-20 00:00:00+09:00,1166.0,1181.0,1164.0,1170.0,97400,0.0,0.0
2024-02-21 00:00:00+09:00,1167.0,1167.0,1137.0,1146.0,55100,0.0,0.0
2024-02-22 00:00:00+09:00,1152.0,1160.0,1146.0,1154.0,49000,0.0,0.0
2024-02-26 00:00:00+09:00,1161.0,1184.0,1161.0,1177.0,85100,0.0,0.0
2024-02-27 00:00:00+09:00,1175.0,1184.0,1165.0,1176.0,68200,0.0,0.0
2024-02-28 00:00:00+09:00,1167.0,1180.0,1164.0,1166.0,78000,0.0,0.0
2024-02-29 00:00:00+09:00,1162.0,1171.0,1152.0,1158.0,77600,0.0,0.0
2024-03-01 00:00:00+09:00,1165.0,1169.0,1156.0,1169.0,49600,0.0,0.0
2024-03-04 00:00:00+09:00,1167.0,1174.0,1151.0,1151.0,77100,0.0,0.0
2024-03-05 00:00:00+09:00,1151.0,1172.0,1145.0,1166.0,70100,0.0,0.0
2024-03-06 00:00:00+09:00,1166.0,1172.0,1158.0,1167.0,62400,0.0,0.0
2024-03-07 00:00:00+09:00,1174.0,1175.0,1154.0,1160.0,45300,0.0,0.0
2024-03-08 00:00:00+09:00,1130.0,1178.0,1130.0,1171.0,97000,0.0,0.0
2024-03-11 00:00:00+09:00,1152.0,1154.0,1126.0,1134.0,67800,0.0,0.0
2024-03-12 00:00:00+09:00,1120.0,1124.0,1102.0,1121.0,78700,0.0,0.0
2024-03-13 00:00:00+09:00,1122.0,1133.0,1102.0,1115.0,96600,0.0,0.0
2024-03-14 00:00:00+09:00,1119.0,1125.0,1115.0,1120.0,88800,0.0,0.0
2024-03-15 00:00:00+09:00,1120.0,1144.0,1119.0,1141.0,182800,0.0,0.0
2024-03-18 00:00:00+09:00,1148.0,1155.0,1135.0,1140.0,86000,0.0,0.0
2024-03-19 00:00:00+09:00,1135.0,1163.0,1134.0,1153.0,156000,0.0,0.0
2024-03-21 00:00:00+09:00,1157.0,1165.0,1148.0,1156.0,124300,0.0,0.0
2024-03-22 00:00:00+09:00,1169.0,1177.0,1156.0,1169.0,120000,0.0,0.0
2024-03-25 00:00:00+09:00,1160.0,1170.0,1146.0,1159.0,148700,0.0,0.0
2024-03-26 00:00:00+09:00,1219.0,1247.0,1180.0,1230.0,608100,0.0,0.0
2024-03-27 00:00:00+09:00,1230.0,1296.0,1223.0,1287.0,358200,0.0,0.0
2024-03-28 00:00:00+09:00,1279.0,1279.0,1253.0,1260.0,138800,0.0,0.0
2024-03-29 00:00:00+09:00,1253.0,1259.0,1228.0,1249.0,142700,0.0,0.0
2024-04-01 00:00:00+09:00,1252.0,1271.0,1210.0,1225.0,150800,0.0,0.0
2024-04-02 00:00:00+09:00,1225.0,1272.0,1225.0,1250.0,163800,0.0,0.0
2024-04-03 00:00:00+09:00,1255.0,1304.0,1242.0,1295.0,171800,0.0,0.0
2024-04-04 00:00:00+09:00,1311.0,1335.0,1303.0,1315.0,180600,0.0,0.0
2024-04-05 00:00:00+09:00,1300.0,1315.0,1283.0,1313.0,151700,0.0,0.0
2024-04-08 00:00:00+09:00,1316.0,1346.0,1311.0,1324.0,117600,0.0,0.0
2024-04-09 00:00:00+09:00,1342.0,1350.0,1325.0,1341.0,150600,0.0,0.0
2024-04-10 00:00:00+09:00,1327.0,1360.0,1325.0,1338.0,98400,0.0,0.0
2024-04-11 00:00:00+09:00,1338.0,1353.0,1328.0,1343.0,84300,0.0,0.0
2024-04-12 00:00:00+09:00,1343.0,1352.0,1328.0,1331.0,170800,0.0,0.0
2024-04-15 00:00:00+09:00,1330.0,1339.0,1311.0,1333.0,76800,0.0,0.0
2024-04-16 00:00:00+09:00,1312.0,1314.0,1268.0,1276.0,175900,0.0,0.0
2024-04-17 00:00:00+09:00,1276.0,1283.0,1249.0,1267.0,172900,0.0,0.0
2024-04-18 00:00:00+09:00,1260.0,1285.0,1252.0,1281.0,138600,0.0,0.0
2024-04-19 00:00:00+09:00,1270.0,1270.0,1215.0,1224.0,149000,0.0,0.0
2024-04-22 00:00:00+09:00,1249.0,1249.0,1215.0,1224.0,71200,0.0,0.0
2024-04-23 00:00:00+09:00,1247.0,1247.0,1207.0,1208.0,53500,0.0,0.0
2024-04-24 00:00:00+09:00,1211.0,1227.0,1210.0,1217.0,54000,0.0,0.0
2024-04-25 00:00:00+09:00,1224.0,1235.0,1203.0,1203.0,66900,0.0,0.0
2024-04-26 00:00:00+09:00,1210.0,1210.0,1180.0,1196.0,65000,0.0,0.0
2024-04-30 00:00:00+09:00,1209.0,1263.0,1205.0,1258.0,121800,0.0,0.0
2024-05-01 00:00:00+09:00,1253.0,1253.0,1231.0,1242.0,67100,0.0,0.0
2024-05-02 00:00:00+09:00,1232.0,1248.0,1231.0,1236.0,36400,0.0,0.0
2024-05-07 00:00:00+09:00,1250.0,1250.0,1224.0,1236.0,42100,0.0,0.0
2024-05-08 00:00:00+09:00,1226.0,1236.0,1211.0,1211.0,61000,0.0,0.0
2024-05-09 00:00:00+09:00,1219.0,1228.0,1211.0,1216.0,52300,0.0,0.0
2024-05-10 00:00:00+09:00,1217.0,1230.0,1208.0,1224.0,48800,0.0,0.0
2024-05-13 00:00:00+09:00,1230.0,1252.0,1224.0,1246.0,133500,0.0,0.0
2024-05-14 00:00:00+09:00,1186.0,1186.0,1121.0,1134.0,351500,0.0,0.0
2024-05-15 00:00:00+09:00,1137.0,1141.0,1119.0,1123.0,115900,0.0,0.0
2024-05-16 00:00:00+09:00,1129.0,1135.0,1105.0,1121.0,85700,0.0,0.0
2024-05-17 00:00:00+09:00,1121.0,1133.0,1110.0,1130.0,83200,0.0,0.0
2024-05-20 00:00:00+09:00,1131.0,1146.0,1131.0,1141.0,96100,0.0,0.0
2024-05-21 00:00:00+09:00,1145.0,1147.0,1133.0,1138.0,57300,0.0,0.0
2024-05-22 00:00:00+09:00,1135.0,1147.0,1124.0,1124.0,52700,0.0,0.0
2024-05-23 00:00:00+09:00,1125.0,1155.0,1124.0,1142.0,78200,0.0,0.0
2024-05-24 00:00:00+09:00,1107.0,1122.0,1107.0,1109.0,117600,0.0,0.0
2024-05-27 00:00:00+09:00,1113.0,1113.0,1093.0,1102.0,77200,0.0,0.0
2024-05-28 00:00:00+09:00,1096.0,1105.0,1082.0,1082.0,91900,0.0,0.0
2024-05-29 00:00:00+09:00,1085.0,1085.0,1068.0,1069.0,81200,0.0,0.0
2024-05-30 00:00:00+09:00,1061.0,1062.0,1048.0,1059.0,121400,0.0,0.0
2024-05-31 00:00:00+09:00,1070.0,1081.0,1060.0,1080.0,91500,0.0,0.0
2024-06-03 00:00:00+09:00,1090.0,1095.0,1082.0,1085.0,69100,0.0,0.0
2024-06-04 00:00:00+09:00,1077.0,1082.0,1066.0,1079.0,67700,0.0,0.0
2024-06-05 00:00:00+09:00,1071.0,1071.0,1059.0,1059.0,91600,0.0,0.0
2024-06-06 00:00:00+09:00,1061.0,1061.0,1042.0,1055.0,67200,0.0,0.0
2024-06-07 00:00:00+09:00,1055.0,1055.0,1043.0,1048.0,57400,0.0,0.0
2024-06-10 00:00:00+09:00,1051.0,1079.0,1051.0,1066.0,118600,0.0,0.0
2024-06-11 00:00:00+09:00,1065.0,1070.0,1061.0,1062.0,52700,0.0,0.0
2024-06-12 00:00:00+09:00,1063.0,1067.0,1048.0,1050.0,96200,0.0,0.0
2024-06-13 00:00:00+09:00,1052.0,1053.0,1033.0,1037.0,91100,0.0,0.0
2024-06-14 00:00:00+09:00,1031.0,1049.0,1030.0,1049.0,124300,0.0,0.0
2024-06-17 00:00:00+09:00,1050.0,1052.0,1031.0,1043.0,124700,0.0,0.0
2024-06-18 00:00:00+09:00,1060.0,1070.0,1055.0,1068.0,78400,0.0,0.0
2024-06-19 00:00:00+09:00,1069.0,1082.0,1069.0,1080.0,82700,0.0,0.0
2024-06-20 00:00:00+09:00,1075.0,1102.0,1075.0,1101.0,92500,0.0,0.0
2024-06-21 00:00:00+09:00,1110.0,1119.0,1081.0,1081.0,197200,0.0,0.0
2024-06-24 00:00:00+09:00,1095.0,1105.0,1092.0,1104.0,108500,0.0,0.0
2024-06-25 00:00:00+09:00,1113.0,1142.0,1110.0,1141.0,211400,0.0,0.0
2024-06-26 00:00:00+09:00,1146.0,1157.0,1137.0,1149.0,142300,0.0,0.0
2024-06-27 00:00:00+09:00,1149.0,1155.0,1140.0,1151.0,125000,0.0,0.0
2024-06-28 00:00:00+09:00,1148.0,1152.0,1137.0,1152.0,85300,0.0,0.0
2024-07-01 00:00:00+09:00,1165.0,1173.0,1147.0,1151.0,177000,0.0,0.0
2024-07-02 00:00:00+09:00,1149.0,1165.0,1141.0,1146.0,98700,0.0,0.0
2024-07-03 00:00:00+09:00,1140.0,1151.0,1138.0,1144.0,74700,0.0,0.0
2024-07-04 00:00:00+09:00,1145.0,1158.0,1144.0,1153.0,50200,0.0,0.0
2024-07-05 00:00:00+09:00,1155.0,1155.0,1131.0,1131.0,49300,0.0,0.0
2024-07-08 00:00:00+09:00,1130.0,1142.0,1117.0,1137.0,81200,0.0,0.0
2024-07-09 00:00:00+09:00,1132.0,1149.0,1126.0,1130.0,107000,0.0,0.0
2024-07-10 00:00:00+09:00,1130.0,1132.0,1123.0,1131.0,68400,0.0,0.0
2024-07-11 00:00:00+09:00,1136.0,1145.0,1130.0,1136.0,78200,0.0,0.0
2024-07-12 00:00:00+09:00,1127.0,1151.0,1125.0,1137.0,105600,0.0,0.0
2024-07-16 00:00:00+09:00,1148.0,1163.0,1144.0,1150.0,78900,0.0,0.0
2024-07-17 00:00:00+09:00,1151.0,1171.0,1151.0,1168.0,63500,0.0,0.0
2024-07-18 00:00:00+09:00,1161.0,1163.0,1137.0,1138.0,55600,0.0,0.0
2024-07-19 00:00:00+09:00,1138.0,1157.0,1125.0,1148.0,108200,0.0,0.0
2024-07-22 00:00:00+09:00,1145.0,1147.0,1110.0,1115.0,107900,0.0,0.0
2024-07-23 00:00:00+09:00,1120.0,1125.0,1112.0,1115.0,56400,0.0,0.0
2024-07-24 00:00:00+09:00,1116.0,1118.0,1100.0,1101.0,57700,0.0,0.0
2024-07-25 00:00:00+09:00,1101.0,1103.0,1087.0,1090.0,72600,0.0,0.0
2024-07-26 00:00:00+09:00,1090.0,1097.0,1080.0,1087.0,43400,0.0,0.0
2024-07-29 00:00:00+09:00,1112.0,1115.0,1099.0,1110.0,43500,0.0,0.0
2024-07-30 00:00:00+09:00,1101.0,1101.0,1085.0,1095.0,74000,0.0,0.0
2024-07-31 00:00:00+09:00,1090.0,1122.0,1088.0,1122.0,54600,0.0,0.0
2024-08-01 00:00:00+09:00,1115.0,1115.0,1070.0,1077.0,70500,0.0,0.0
2024-08-02 00:00:00+09:00,1047.0,1048.0,1006.0,1006.0,135800,0.0,0.0
2024-08-05 00:00:00+09:00,976.0,979.0,866.0,870.0,170400,0.0,0.0
2024-08-06 00:00:00+09:00,975.0,995.0,945.0,979.0,174500,0.0,0.0
2024-08-07 00:00:00+09:00,960.0,1019.0,960.0,1007.0,94100,0.0,0.0
2024-08-08 00:00:00+09:00,977.0,1009.0,972.0,981.0,127700,0.0,0.0
2024-08-09 00:00:00+09:00,1010.0,1020.0,973.0,993.0,126500,0.0,0.0
2024-08-13 00:00:00+09:00,1005.0,1011.0,995.0,1008.0,53900,0.0,0.0
2024-08-14 00:00:00+09:00,1008.0,1021.0,1001.0,1010.0,61200,0.0,0.0
2024-08-15 00:00:00+09:00,1017.0,1030.0,1008.0,1024.0,44700,0.0,0.0
2024-08-16 00:00:00+09:00,1044.0,1044.0,1026.0,1030.0,95200,0.0,0.0
2024-08-19 00:00:00+09:00,1030.0,1045.0,1008.0,1009.0,65600,0.0,0.0
2024-08-20 00:00:00+09:00,1017.0,1017.0,1002.0,1009.0,89300,0.0,0.0
2024-08-21 00:00:00+09:00,999.0,1000.0,991.0,994.0,67200,0.0,0.0
2024-08-22 00:00:00+09:00,996.0,1006.0,995.0,1005.0,43100,0.0,0.0
2024-08-23 00:00:00+09:00,1009.0,1023.0,1009.0,1015.0,30100,0.0,0.0
2024-08-26 00:00:00+09:00,1029.0,1036.0,1022.0,1026.0,91300,0.0,0.0
2024-08-27 00:00:00+09:00,1026.0,1045.0,1018.0,1040.0,83500,0.0,0.0
2024-08-28 00:00:00+09:00,1035.0,1036.0,1026.0,1031.0,30900,0.0,0.0
2024-08-29 00:00:00+09:00,1026.0,1038.0,1026.0,1033.0,52700,0.0,0.0
2024-08-30 00:00:00+09:00,1042.0,1054.0,1041.0,1048.0,46000,0.0,0.0
2024-09-02 00:00:00+09:00,1066.0,1066.0,1040.0,1049.0,58900,0.0,0.0
2024-09-05 00:00:00+09:00,1010.0,1026.0,1002.0,1009.0,71100,0.0,0.0
2024-09-06 00:00:00+09:00,1010.0,1017.0,983.0,987.0,131800,0.0,0.0
