Date,Open,High,Low,Close,Volume,Dividends,Stock Splits
2005-12-22 00:00:00+09:00,480.2092291442514,484.0818604858755,464.7185974121094,464.7185974121094,12600,0.0,0.0
2005-12-23 00:00:00+09:00,464.7185974121094,464.7185974121094,464.7185974121094,464.7185974121094,0,0.0,0.0
2005-12-26 00:00:00+09:00,474.40021235438326,474.40021235438326,451.16428416486593,457.94140625,15600,0.0,0.0
2005-12-27 00:00:00+09:00,448.25981810933854,453.1006249333843,443.41897583007807,443.4189758300781,38400,0.0,0.0
2005-12-28 00:00:00+09:00,442.4508572596531,453.1006469726562,441.48268166566504,453.10064697265625,48600,0.0,0.0
2005-12-29 00:00:00+09:00,457.9415049814631,464.71866398295464,456.00518903327423,463.75048828125,42600,0.0,0.0
2005-12-30 00:00:00+09:00,468.5912642089487,469.5594043167471,463.7504218490957,464.7185974121094,44400,0.0,0.0
2006-01-02 00:00:00+09:00,464.7185974121094,464.7185974121094,464.7185974121094,464.7185974121094,0,0.0,0.0
2006-01-03 00:00:00+09:00,464.7185974121094,464.7185974121094,464.7185974121094,464.7185974121094,0,0.0,0.0
2006-01-04 00:00:00+09:00,474.4002662200134,474.4002662200134,467.6231079101563,467.62310791015625,19200,0.0,0.0
2006-01-05 00:00:00+09:00,467.6230251569689,473.43200683593744,467.6230251569689,473.4320068359375,39600,0.0,0.0
2006-01-06 00:00:00+09:00,474.40018755463205,474.40018755463205,470.5275212404225,472.4638366699219,19200,0.0,0.0
2006-01-09 00:00:00+09:00,472.4638366699219,472.4638366699219,472.4638366699219,472.4638366699219,0,0.0,0.0
2006-01-10 00:00:00+09:00,476.33647608901515,493.76342033617425,474.4001607688449,479.240966796875,55800,0.0,0.0
2006-01-11 00:00:00+09:00,480.2092865174873,480.2092865174873,464.71865293459433,465.68682861328125,29400,0.0,0.0
2006-01-12 00:00:00+09:00,474.4002685546875,475.36840870713394,471.4957771869143,474.4002685546875,29400,0.0,0.0
2006-01-13 00:00:00+09:00,474.4002102684543,482.14550781249994,473.43203477974396,482.1455078125,40200,0.0,0.0
2006-01-16 00:00:00+09:00,482.14552145490154,493.7634858273088,482.14552145490154,486.986328125,49200,0.0,0.0
2006-01-17 00:00:00+09:00,486.9863680996387,487.95454369521724,476.3365783691406,476.3365783691406,57000,0.0,0.0
2006-01-18 00:00:00+09:00,436.64178642960707,446.3233985934928,427.9283142089844,427.9283142089844,81000,0.0,0.0
2006-01-19 00:00:00+09:00,425.02390421839897,455.03695726587034,420.18306176154283,454.0688171386719,80400,0.0,0.0
2006-01-20 00:00:00+09:00,473.43204835106513,473.43204835106513,455.0369262695313,455.03692626953125,29400,0.0,0.0
2006-01-23 00:00:00+09:00,452.13243846096526,455.03692957625026,438.5781584080397,445.3553161621094,30600,0.0,0.0
2006-01-24 00:00:00+09:00,440.5144739998251,448.25980727739443,440.5144739998251,445.3553161621094,13200,0.0,0.0
2006-01-25 00:00:00+09:00,445.3553485864009,455.03696270541593,445.3553485864009,453.10064697265625,14400,0.0,0.0
2006-01-26 00:00:00+09:00,454.0687452517879,462.7822177483774,453.1005698226523,456.9732360839844,10800,0.0,0.0
2006-01-27 00:00:00+09:00,464.71861470192704,464.71861470192704,457.94145641911837,459.8778076171875,13200,0.0,0.0
2006-01-30 00:00:00+09:00,468.5912642089487,469.5594043167471,464.7185974121094,464.7185974121094,20400,0.0,0.0
2006-01-31 00:00:00+09:00,458.9095982227971,469.5593872070312,458.9095982227971,469.55938720703125,28800,0.0,0.0
2006-02-01 00:00:00+09:00,469.5594043167471,469.5594043167471,464.7185974121094,464.7185974121094,5400,0.0,0.0
2006-02-02 00:00:00+09:00,465.68685147666247,465.68685147666247,459.87786802978195,460.84600830078125,12600,0.0,0.0
2006-02-03 00:00:00+09:00,457.94140625000006,457.94140625000006,456.9732662122453,457.94140625,15000,0.0,0.0
2006-02-06 00:00:00+09:00,455.03686002487444,460.8458413675546,455.03686002487444,456.0050354003906,27000,0.0,0.0
2006-02-07 00:00:00+09:00,453.1005447290505,456.0050354003906,453.1005447290505,456.0050354003906,15600,0.0,0.0
2006-02-08 00:00:00+09:00,455.0368616068373,455.0368616068373,446.3233895625242,447.29156494140625,31200,0.0,0.0
2006-02-09 00:00:00+09:00,446.3233874468876,451.16422886314314,430.8327941894531,430.8327941894531,22800,0.0,0.0
2006-02-10 00:00:00+09:00,432.76909342447914,440.514389765799,432.76909342447914,435.673583984375,19200,0.0,0.0
2006-02-13 00:00:00+09:00,435.67367583732573,435.67367583732573,420.18304443359375,420.18304443359375,23400,0.0,0.0
2006-02-14 00:00:00+09:00,420.1830163922758,420.1830163922758,407.5969124559529,411.46954345703125,34800,0.0,0.0
2006-02-15 00:00:00+09:00,416.31039167923905,425.99200478338025,414.37404069424065,425.02386474609375,18000,0.0,0.0
2006-02-16 00:00:00+09:00,425.02381574392757,425.02381574392757,411.4695022325037,414.3739929199219,16200,0.0,0.0
2006-02-17 00:00:00+09:00,407.59694848844237,411.4695798318701,407.59694848844237,409.53326416015625,12000,0.0,0.0
2006-02-20 00:00:00+09:00,390.17001460047305,390.17001460047305,367.90222405550435,374.67938232421875,42000,0.0,0.0
2006-02-21 00:00:00+09:00,379.52009391558664,392.1062316894531,379.52009391558664,392.1062316894531,28800,0.0,0.0
2006-02-22 00:00:00+09:00,416.31033188374784,416.31033188374784,392.1062316894531,392.1062316894531,22200,0.0,0.0
2006-02-23 00:00:00+09:00,393.0744286649629,396.9470593813246,383.39278096363955,386.2972717285156,12000,0.0,0.0
2006-02-24 00:00:00+09:00,386.29728259462297,386.29728259462297,381.45647633539966,383.3927917480469,51000,0.0,0.0
2006-02-27 00:00:00+09:00,387.2654524022258,388.23359236687867,385.3291015625,385.3291015625,25200,0.0,0.0
2006-02-28 00:00:00+09:00,393.0744096703595,409.5331780575807,393.0744096703595,407.59686279296875,49200,0.0,0.0
2006-03-01 00:00:00+09:00,412.4377435189136,428.8965148925781,407.59693675141557,428.8965148925781,35400,0.0,0.0
2006-03-02 00:00:00+09:00,435.673583984375,440.514389765799,432.76909342447914,435.673583984375,70200,0.0,0.0
2006-03-03 00:00:00+09:00,433.73739572212696,435.6737115104342,421.15125446008636,434.7055358886719,31800,0.0,0.0
2006-03-06 00:00:00+09:00,420.1830884944061,424.05575561523443,411.4696140639561,424.0557556152344,49800,0.0,0.0
2006-03-07 00:00:00+09:00,430.83287726176627,430.83287726176627,416.31042112322604,425.9920349121094,57600,0.0,0.0
2006-03-08 00:00:00+09:00,425.02389809033497,425.02389809033497,416.3104243398854,417.278564453125,52200,0.0,0.0
2006-03-09 00:00:00+09:00,407.5969597699493,411.4695912205641,403.7242928641183,406.6287841796875,54000,0.0,0.0
2006-03-10 00:00:00+09:00,406.62879943847656,418.24676513671875,391.1381666890811,395.0108337402344,105600,0.0,0.0
2006-03-13 00:00:00+09:00,396.94704160729765,401.78788296880657,395.9789016991622,398.8833923339844,62400,0.0,0.0
2006-03-14 00:00:00+09:00,398.88349702243005,403.7243041992188,397.91532140498543,403.72430419921875,41400,0.0,0.0
2006-03-15 00:00:00+09:00,403.724308013916,403.724308013916,393.07451794226654,395.0108337402344,49800,0.0,0.0
2006-03-16 00:00:00+09:00,395.97893413809936,400.8197404409634,390.1699523925781,390.1699523925781,22200,0.0,0.0
2006-03-17 00:00:00+09:00,392.10632866906883,396.947135723121,390.17001293849125,391.1381530761719,26400,0.0,0.0
2006-03-20 00:00:00+09:00,395.97894287109375,396.9470828798916,391.13810100625795,395.97894287109375,60600,0.0,0.0
2006-03-21 00:00:00+09:00,395.97894287109375,395.97894287109375,395.97894287109375,395.97894287109375,0,0.0,0.0
2006-03-22 00:00:00+09:00,398.88343149019767,408.5650442531908,398.88343149019767,404.6924133300781,65400,0.0,0.0
2006-03-23 00:00:00+09:00,409.53326196779517,409.53326196779517,401.7879638671875,401.7879638671875,53400,0.0,0.0
2006-03-24 00:00:00+09:00,406.6287287916345,406.6287287916345,401.78792241013787,404.6924133300781,55200,0.0,0.0
2006-03-27 00:00:00+09:00,408.56502403285634,408.56502403285634,402.75604248046875,402.75604248046875,28200,0.0,0.0
2006-03-28 00:00:00+09:00,408.5650118190688,413.4058532714844,403.7242058218618,413.4058532714844,58800,0.0,0.0
2006-03-29 00:00:00+09:00,413.4059196776697,413.4059196776697,409.5332529847051,412.437744140625,30600,0.0,0.0
2006-03-30 00:00:00+09:00,414.3739931978006,415.34216857932546,412.43767788995956,413.4058532714844,25200,0.0,0.0
2006-03-31 00:00:00+09:00,416.3103436816731,418.24665898821564,413.4058529942549,414.3739929199219,47400,0.0,0.0
2006-04-03 00:00:00+09:00,417.2786260961031,418.2468018075831,412.43781844914446,416.31048583984375,98400,0.0,0.0
2006-04-04 00:00:00+09:00,416.3104221939776,416.3104221939776,409.53326416015625,409.53326416015625,69000,0.0,0.0
2006-04-05 00:00:00+09:00,409.53326196779517,409.53326196779517,401.7879638671875,401.7879638671875,120600,0.0,0.0
2006-04-06 00:00:00+09:00,401.7879047498739,401.7879047498739,393.0744323730468,393.0744323730469,118200,0.0,0.0
2006-04-07 00:00:00+09:00,396.94704160729765,405.66051351176424,395.0107263358188,398.8833923339844,171000,0.0,0.0
2006-04-10 00:00:00+09:00,403.7242178909366,405.6605332566625,397.915236338549,402.75604248046875,178800,0.0,0.0
2006-04-11 00:00:00+09:00,405.66066241956764,405.66066241956764,396.94718731660396,400.8198547363281,128400,0.0,0.0
2006-04-12 00:00:00+09:00,398.8833923339844,399.85153224211984,395.9789016991622,398.8833923339844,60000,0.0,0.0
2006-04-13 00:00:00+09:00,395.9790477873659,400.8198554795819,350.475320750696,370.8067626953125,1309200,0.0,0.0
2006-04-14 00:00:00+09:00,373.7112319848111,374.67940764726717,346.6026679882297,353.3797912597656,745800,0.0,0.0
2006-04-17 00:00:00+09:00,354.3479446213859,361.12510292162125,353.37976901986184,358.2206115722656,414600,0.0,0.0
2006-04-18 00:00:00+09:00,358.22057827552567,366.9340515136719,356.284227252462,366.9340515136719,147600,0.0,0.0
2006-04-19 00:00:00+09:00,368.8703972704563,370.80671299677766,367.90222167968744,367.9022216796875,172800,0.0,0.0
2006-04-20 00:00:00+09:00,370.80671898684506,370.80671898684506,365.9659118652343,365.9659118652344,109800,0.0,0.0
2006-04-21 00:00:00+09:00,363.0614072396071,363.0614072396071,356.2842491527293,361.1250915527344,125400,0.0,0.0
2006-04-24 00:00:00+09:00,354.3479669222217,359.1887743240643,353.3797912597656,353.3797912597656,94200,0.0,0.0
2006-04-25 00:00:00+09:00,355.3161315917969,360.1569388438731,354.3479559592945,355.3161315917969,88200,0.0,0.0
2006-04-26 00:00:00+09:00,358.22061702250465,358.22061702250465,355.31612562895793,357.25244140625,50400,0.0,0.0
2006-04-27 00:00:00+09:00,361.1251275719083,362.0932677843007,358.220636024293,360.1569519042969,69000,0.0,0.0
2006-04-28 00:00:00+09:00,360.1569519042969,361.1251275719083,357.2524603566815,360.1569519042969,117600,0.0,0.0
2006-05-01 00:00:00+09:00,359.18875122070307,363.06141816621493,358.2206110757376,359.1887512207031,172200,0.0,0.0
2006-05-02 00:00:00+09:00,360.1569268208852,360.1569268208852,358.2206110757376,359.1887512207031,86400,0.0,0.0
2006-05-03 00:00:00+09:00,359.18875122070307,359.18875122070307,359.18875122070307,359.1887512207031,0,0.0,0.0
2006-05-04 00:00:00+09:00,359.18875122070307,359.18875122070307,359.18875122070307,359.1887512207031,0,0.0,0.0
2006-05-05 00:00:00+09:00,359.18875122070307,359.18875122070307,359.18875122070307,359.1887512207031,0,0.0,0.0
2006-05-08 00:00:00+09:00,364.02960153359635,364.99774169921875,362.0932502919167,364.99774169921875,101400,0.0,0.0
2006-05-09 00:00:00+09:00,365.96591732005857,365.96591732005857,364.02960153359635,364.99774169921875,79200,0.0,0.0
2006-05-10 00:00:00+09:00,364.99773391136256,364.99773391136256,357.2524354755555,359.1887512207031,138000,0.0,0.0
2006-05-11 00:00:00+09:00,357.25247650146486,358.22065221282963,344.6663340746053,348.53900146484375,189600,0.0,0.0
2006-05-12 00:00:00+09:00,343.6982040860618,343.6982040860618,336.92104481448956,338.85736083984375,151800,0.0,0.0
2006-05-15 00:00:00+09:00,336.92095947265625,339.8254505025929,329.17566187789595,336.92095947265625,141000,0.0,0.0
2006-05-16 00:00:00+09:00,336.9210497517444,338.8573658054735,330.1438903808594,330.1438903808594,65400,0.0,0.0
2006-05-17 00:00:00+09:00,329.17575516688976,333.0483873341743,318.5259280688001,321.430419921875,126600,0.0,0.0
2006-05-18 00:00:00+09:00,318.525791429685,335.9527350724375,309.81231960830877,325.3029479980469,110400,0.0,0.0
2006-05-19 00:00:00+09:00,331.1120351900529,352.4116516113281,330.14385952606165,352.4116516113281,232800,0.0,0.0
2006-05-22 00:00:00+09:00,355.31611785278153,356.284257992631,347.5707840026872,351.4434509277344,130800,0.0,0.0
2006-05-23 00:00:00+09:00,349.50712137726225,349.50712137726225,343.6981389469211,347.5707702636719,53400,0.0,0.0
2006-05-24 00:00:00+09:00,350.47531743235265,352.41166885508227,347.57082575347897,348.53900146484375,189600,0.0,0.0
2006-05-25 00:00:00+09:00,353.3798522732244,353.3798522732244,344.6663761723348,345.6345520019531,134400,0.0,0.0
2006-05-26 00:00:00+09:00,333.0482679768942,340.7936004461497,329.3692580998844,335.9527587890625,57300,0.0,0.0
2006-05-29 00:00:00+09:00,335.95276363072014,341.37450352837766,335.95276363072014,341.18084716796875,53700,0.0,0.0
2006-05-30 00:00:00+09:00,340.7936096191406,341.761749612449,336.92094328027406,340.7936096191406,74700,0.0,0.0
2006-05-31 00:00:00+09:00,339.82545884989077,342.7299499511719,334.9846521661601,342.7299499511719,118500,0.0,0.0
2006-06-01 00:00:00+09:00,344.27899868755725,344.47261959517675,340.7936096191406,340.7936096191406,60600,0.0,0.0
2006-06-02 00:00:00+09:00,333.0483011284969,347.76441301179705,310.0060286951425,342.7299499511719,100200,0.0,0.0
2006-06-05 00:00:00+09:00,348.5389763508055,356.2842751179729,346.7962814690515,352.2179870605469,98400,0.0,0.0
2006-06-06 00:00:00+09:00,348.3453166733539,348.3453166733539,335.37189924817227,336.1464538574219,24600,0.0,0.0
2006-06-07 00:00:00+09:00,335.9527936027568,335.9527936027568,333.2419588672915,335.5655517578125,16200,0.0,0.0
2006-06-08 00:00:00+09:00,323.9475773072346,324.3348191402275,304.00338197565657,315.81500244140625,45300,0.0,0.0
2006-06-09 00:00:00+09:00,310.0060669352053,325.30304347047024,310.0060669352053,316.5895690917969,47100,0.0,0.0
2006-06-12 00:00:00+09:00,351.44347046969233,351.44347046969233,328.98205778380174,331.1120300292969,63600,0.0,0.0
2006-06-13 00:00:00+09:00,329.1756853845908,332.08017662193953,329.1756853845908,329.56292724609375,26100,0.0,0.0
2006-06-14 00:00:00+09:00,317.94494722355296,327.2393187424409,316.9768071604779,321.6239929199219,58200,0.0,0.0
2006-06-15 00:00:00+09:00,329.1756341925931,329.1756341925931,322.0111999511719,322.0111999511719,37800,0.0,0.0
2006-06-16 00:00:00+09:00,333.6292693216485,334.984722423338,331.1120549910011,332.0802307128906,42600,0.0,0.0
2006-06-19 00:00:00+09:00,334.01653500537196,335.56560901510784,333.04835931738455,334.9847106933594,72900,0.0,0.0
2006-06-20 00:00:00+09:00,333.0482444653121,333.0482444653121,325.3029479980469,325.3029479980469,111600,0.0,0.0
2006-06-21 00:00:00+09:00,325.88396463411226,326.46486296679336,321.6240553461908,324.72216796875,45300,0.0,0.0
2006-06-22 00:00:00+09:00,324.722099153529,325.30299736310593,319.4940152673362,323.560302734375,410400,0.0,0.0
2006-06-23 00:00:00+09:00,325.8839859149973,325.8839859149973,320.65590057946264,321.430419921875,28200,0.0,0.0
2006-06-26 00:00:00+09:00,321.2367145522072,321.2367145522072,310.7805466282656,312.3296203613281,40200,0.0,0.0
2006-06-27 00:00:00+09:00,311.9423958919855,313.6850908411027,311.74877493826784,312.1360168457031,28800,0.0,0.0
2006-06-28 00:00:00+09:00,311.9423958919855,313.6850908411027,311.9423958919855,312.1360168457031,28800,0.0,0.0
2006-06-29 00:00:00+09:00,313.6850640239917,315.6213797612898,312.13599016102324,312.7168884277344,21600,0.0,0.0
2006-06-30 00:00:00+09:00,313.6851660885028,316.58965836710007,305.93986516398616,311.361572265625,53400,0.0,0.0
2006-07-03 00:00:00+09:00,310.19960207052844,311.3613983329649,310.00598117852513,310.97412109375,21300,0.0,0.0
2006-07-04 00:00:00+09:00,311.3614222465106,313.49139404296875,311.3614222465106,313.49139404296875,15300,0.0,0.0
2006-07-05 00:00:00+09:00,312.32966015891657,312.7169020501151,311.9423828125,311.9423828125,37500,0.0,0.0
2006-07-06 00:00:00+09:00,309.81230623649344,310.780481548817,304.5842233693171,305.5523986816406,38400,0.0,0.0
2006-07-07 00:00:00+09:00,307.29513325263946,307.68241051937656,302.84156877840053,304.197021484375,30300,0.0,0.0
2006-07-10 00:00:00+09:00,307.8761047024844,307.8761047024844,304.97161314868737,305.9397888183594,23400,0.0,0.0
2006-07-11 00:00:00+09:00,305.9397195956706,307.6824141336424,305.5524423243843,305.7460632324219,10500,0.0,0.0
2006-07-12 00:00:00+09:00,304.39070919474125,304.39070919474125,276.89485041934654,293.9345397949219,75000,0.0,0.0
2006-07-13 00:00:00+09:00,292.385440330607,292.385440330607,281.15473561581445,288.31915283203125,48900,0.0,0.0
2006-07-14 00:00:00+09:00,282.7038252760673,294.32179094121534,282.7038252760673,288.90008544921875,36600,0.0,0.0
2006-07-17 00:00:00+09:00,288.90008544921875,288.90008544921875,288.90008544921875,288.90008544921875,0,0.0,0.0
2006-07-18 00:00:00+09:00,293.35358299639466,294.7090180019496,288.51275888593216,290.6427307128906,106200,0.0,0.0
2006-07-19 00:00:00+09:00,290.4491070411306,292.385440330607,287.54461597071935,288.31915283203125,45600,0.0,0.0
2006-07-20 00:00:00+09:00,287.5446846839225,294.3218262251817,282.897497860748,293.3536682128906,62100,0.0,0.0
2006-07-21 00:00:00+09:00,293.1599922001267,293.35363086897905,291.41729736328125,291.41729736328125,8100,0.0,0.0
2006-07-24 00:00:00+09:00,294.32181553232346,304.97162419105575,293.74091720053093,304.0034484863281,125700,0.0,0.0
2006-07-25 00:00:00+09:00,311.7486991772669,314.65319005328115,306.9078574137692,314.45953369140625,131700,0.0,0.0
2006-07-26 00:00:00+09:00,317.55763034488143,319.10666826186565,317.3639740138545,317.7512512207031,52500,0.0,0.0
2006-07-27 00:00:00+09:00,318.1386317004947,324.1412353515625,317.55773342925534,324.1412353515625,37200,0.0,0.0
2006-07-28 00:00:00+09:00,325.30298106737166,328.0138510613368,324.72208288689416,327.4329528808594,18300,0.0,0.0
2006-07-31 00:00:00+09:00,336.9209787743723,340.21274728195215,335.9528032238571,339.8254699707031,58500,0.0,0.0
2006-08-01 00:00:00+09:00,343.5045035094395,343.5045035094395,338.8573172817798,343.3108825683594,27600,0.0,0.0
2006-08-02 00:00:00+09:00,342.7299727874548,342.92359372203674,340.79365707598754,341.56817626953125,28800,0.0,0.0
2006-08-03 00:00:00+09:00,340.79359382529555,340.79359382529555,336.92092766590497,338.4700012207031,40800,0.0,0.0
2006-08-04 00:00:00+09:00,337.11465937418535,337.11465937418535,331.49933237080114,332.0802307128906,15000,0.0,0.0
2006-08-07 00:00:00+09:00,333.0482679768942,335.9527587890625,332.08012800964485,335.9527587890625,9900,0.0,0.0
2006-08-08 00:00:00+09:00,335.9527151155186,336.533613202436,334.0163999775289,335.75909423828125,9600,0.0,0.0
2006-08-09 00:00:00+09:00,335.759176124224,337.1145935058594,334.59737966704677,337.1145935058594,14400,0.0,0.0
2006-08-10 00:00:00+09:00,338.8572587221018,340.7936096191406,334.9846278384463,340.7936096191406,25500,0.0,0.0
2006-08-11 00:00:00+09:00,341.9554635274086,352.2179760970396,341.9554635274086,349.50714111328125,50100,0.0,0.0
2006-08-14 00:00:00+09:00,352.02434245432454,372.5494023081736,348.9262302467292,368.8703918457031,116100,0.0,0.0
2006-08-15 00:00:00+09:00,375.64753508031475,377.19657339510064,371.77486838292117,375.8411560058594,135000,0.0,0.0
2006-08-16 00:00:00+09:00,376.2284507490052,376.42207168352354,374.2920995829584,375.6475524902344,93900,0.0,0.0
2006-08-17 00:00:00+09:00,376.03479435927096,376.42207168352354,370.80671003033314,375.6475524902344,68400,0.0,0.0
2006-08-18 00:00:00+09:00,376.4221323041389,381.0693191227085,375.8412339518177,380.2947998046875,68700,0.0,0.0
2006-08-21 00:00:00+09:00,382.6182671152199,386.29727698236286,382.6182671152199,385.3291015625,71100,0.0,0.0
2006-08-22 00:00:00+09:00,385.90999972337573,386.1036560804743,384.16730524074853,385.3291015625,128700,0.0,0.0
2006-08-23 00:00:00+09:00,383.78009422416466,387.26548346902024,381.456501394261,384.3609924316406,62400,0.0,0.0
2006-08-24 00:00:00+09:00,378.55196199119257,380.4882772836481,375.84109221758825,379.9073791503906,33300,0.0,0.0
2006-08-25 00:00:00+09:00,383.19916527609564,386.1036560804743,379.9073972127298,385.3291015625,62400,0.0,0.0
2006-08-28 00:00:00+09:00,386.10363346304763,387.0717733709882,385.3290789904456,386.4908752441406,29700,0.0,0.0
2006-08-29 00:00:00+09:00,383.3927861779842,385.90999972337573,376.615629149364,385.3291015625,31200,0.0,0.0
2006-08-30 00:00:00+09:00,384.3610209293227,386.8782348632812,384.3610209293227,386.87823486328125,43500,0.0,0.0
2006-08-31 00:00:00+09:00,386.8781869535288,387.2654642243385,386.6845660457296,387.0718078613281,87000,0.0,0.0
2006-09-01 00:00:00+09:00,387.071907551957,387.26556396484375,385.91011089551773,387.26556396484375,15900,0.0,0.0
2006-09-04 00:00:00+09:00,386.6846329781928,386.8782539195065,382.61834502408385,385.13555908203125,20700,0.0,0.0
2006-09-05 00:00:00+09:00,381.65007204157416,383.19914554254035,379.52010040964666,382.4245910644531,27600,0.0,0.0
2006-09-06 00:00:00+09:00,381.26297538864753,384.9420222641305,380.87573342139405,383.9738464355469,33300,0.0,0.0
2006-09-07 00:00:00+09:00,378.939292877582,380.4883667489093,377.583875399681,377.7774963378906,29100,0.0,0.0
2006-09-08 00:00:00+09:00,385.32911585864065,389.2017822265625,384.3609758580687,389.2017822265625,72300,0.0,0.0
2006-09-11 00:00:00+09:00,391.1380815413898,394.0425723336655,389.2017661649426,393.0744323730469,59400,0.0,0.0
2006-09-12 00:00:00+09:00,387.26546677020724,392.106273138701,387.26546677020724,389.2017822265625,21300,0.0,0.0
2006-09-13 00:00:00+09:00,391.1381958494946,392.1063715482675,387.26556396484375,387.26556396484375,18600,0.0,0.0
2006-09-14 00:00:00+09:00,391.1381530761719,391.1381530761719,384.5546512280349,391.1381530761719,18300,0.0,0.0
2006-09-15 00:00:00+09:00,387.0717960451272,387.0717960451272,384.3609615978471,385.3291015625,12300,0.0,0.0
2006-09-18 00:00:00+09:00,385.3291015625,385.3291015625,385.3291015625,385.3291015625,0,0.0,0.0
2006-09-19 00:00:00+09:00,379.52020263671875,379.52020263671875,377.5838868303536,379.52020263671875,15900,0.0,0.0
2006-09-20 00:00:00+09:00,393.0744485944843,393.0744485944843,387.26546677020724,389.2017822265625,55500,0.0,0.0
2006-09-21 00:00:00+09:00,392.10627647026746,396.9470828798916,390.1699609974601,395.97894287109375,90300,0.0,0.0
2006-09-22 00:00:00+09:00,394.0425919430748,396.9470828798916,393.0744519342769,395.97894287109375,39600,0.0,0.0
2006-09-25 00:00:00+09:00,396.9470631259412,396.9470631259412,388.2335907491141,393.0744323730469,32400,0.0,0.0
2006-09-26 00:00:00+09:00,388.23360971699117,396.94708251953125,386.2972942459417,396.94708251953125,29400,0.0,0.0
2006-09-27 00:00:00+09:00,393.0744515774323,397.9152579826618,393.0744515774323,396.94708251953125,37800,0.0,0.0
2006-09-28 00:00:00+09:00,397.91532140498543,403.7243041992188,396.94714578754076,403.72430419921875,58800,0.0,0.0
2006-09-29 00:00:00+09:00,402.7560705217868,416.3103853911974,402.7560705217868,411.46954345703125,115500,0.0,0.0
2006-10-02 00:00:00+09:00,409.5332217193818,409.5332217193818,396.94708251953125,396.94708251953125,24300,0.0,0.0
2006-10-03 00:00:00+09:00,389.20184871688724,393.07451574640635,388.2336730957031,388.2336730957031,56100,0.0,0.0
2006-10-04 00:00:00+09:00,387.26559452408173,391.13822671432314,382.42475110344543,383.5865478515625,48600,0.0,0.0
2006-10-05 00:00:00+09:00,382.4246550367293,382.4246550367293,363.6422908121223,368.0958557128906,84000,0.0,0.0
2006-10-06 00:00:00+09:00,369.45127545552793,376.6156751632524,369.45127545552793,375.8411560058594,40800,0.0,0.0
2006-10-09 00:00:00+09:00,375.8411560058594,375.8411560058594,375.8411560058594,375.8411560058594,0,0.0,0.0
2006-10-10 00:00:00+09:00,367.9021693156668,375.260224756752,367.9021693156668,373.7111511230469,17400,0.0,0.0
2006-10-11 00:00:00+09:00,367.1277024802022,372.93668511438256,367.1277024802022,367.9022216796875,19800,0.0,0.0
2006-10-12 00:00:00+09:00,366.9340973038605,367.9022374809944,358.80152126671584,364.6105041503906,16500,0.0,0.0
2006-10-13 00:00:00+09:00,368.8703224519564,375.2602020534863,368.8703224519564,374.8729248046875,16800,0.0,0.0
2006-10-16 00:00:00+09:00,377.5838928222656,378.35841206605903,371.968530802913,377.5838928222656,12900,0.0,0.0
2006-10-17 00:00:00+09:00,375.647479594386,377.58379492946744,373.7111288040955,373.90478515625,5400,0.0,0.0
2006-10-18 00:00:00+09:00,375.6475974004506,389.20187990716914,375.6475974004506,387.26556396484375,23400,0.0,0.0
2006-10-19 00:00:00+09:00,391.13816450403806,395.01083153355717,388.2336730957031,388.2336730957031,15000,0.0,0.0
2006-10-20 00:00:00+09:00,391.1381530761719,393.0745042619658,387.26552161501667,391.1381530761719,20700,0.0,0.0
2006-10-23 00:00:00+09:00,378.3584060618561,384.16738893616923,377.5838868303536,379.52020263671875,36000,0.0,0.0
2006-10-24 00:00:00+09:00,379.1329801570596,379.1329801570596,368.0959121308577,373.1303405761719,33600,0.0,0.0
2006-10-25 00:00:00+09:00,384.74829332920507,384.74829332920507,373.904882095224,377.5838928222656,12900,0.0,0.0
2006-10-26 00:00:00+09:00,379.5202070547935,379.5202070547935,373.9048805144001,374.48577880859375,5400,0.0,0.0
2006-10-27 00:00:00+09:00,374.4857667536634,374.4857667536634,368.87040493881386,369.06402587890625,12000,0.0,0.0
2006-10-30 00:00:00+09:00,369.25768227421565,369.83858054970983,368.87040493881386,369.06402587890625,29100,0.0,0.0
2006-10-31 00:00:00+09:00,369.2577551742761,369.8386535644531,368.8704777624168,369.8386535644531,10200,0.0,0.0
2006-11-01 00:00:00+09:00,367.9023019603804,369.8386535644531,364.9978100094952,369.8386535644531,15300,0.0,0.0
2006-11-02 00:00:00+09:00,365.9658902202128,365.9658902202128,360.156907835765,360.9314270019531,9000,0.0,0.0
2006-11-03 00:00:00+09:00,360.9314270019531,360.9314270019531,360.9314270019531,360.9314270019531,0,0.0,0.0
2006-11-06 00:00:00+09:00,361.3187255859375,361.5123465250806,361.3187255859375,361.3187255859375,2700,0.0,0.0
2006-11-07 00:00:00+09:00,361.31874717230335,362.093266430365,352.4116516113281,352.4116516113281,12600,0.0,0.0
2006-11-08 00:00:00+09:00,350.47529972761623,353.3797912597656,348.73260480832664,353.3797912597656,12900,0.0,0.0
2006-11-09 00:00:00+09:00,351.44347726145094,360.1569519042969,351.44347726145094,360.1569519042969,8700,0.0,0.0
2006-11-10 00:00:00+09:00,367.90222576663996,367.90222576663996,358.2206115722656,358.2206115722656,5100,0.0,0.0
2006-11-13 00:00:00+09:00,348.5389323264968,363.8359069824219,348.5389323264968,363.8359069824219,36000,0.0,0.0
2006-11-14 00:00:00+09:00,363.8359510727332,367.7086181640625,356.2842732905329,367.7086181640625,19500,0.0,0.0
2006-11-15 00:00:00+09:00,367.7085706497693,367.7085706497693,366.7403951382375,366.9340515136719,6000,0.0,0.0
2006-11-16 00:00:00+09:00,366.74041174930335,366.93406813350913,354.347927734375,363.0614013671875,21900,0.0,0.0
2006-11-17 00:00:00+09:00,362.67411868468946,364.0295715332031,362.093220451102,364.0295715332031,2400,0.0,0.0
2006-11-20 00:00:00+09:00,364.0295657839212,364.0295657839212,350.47525024414057,350.4752502441406,6600,0.0,0.0
2006-11-21 00:00:00+09:00,344.66626800001,350.47525024414057,340.79363680739885,350.4752502441406,6300,0.0,0.0
2006-11-22 00:00:00+09:00,350.47531743235265,352.41166885508227,348.53900146484375,348.53900146484375,4500,0.0,0.0
2006-11-23 00:00:00+09:00,348.53900146484375,348.53900146484375,348.53900146484375,348.53900146484375,0,0.0,0.0
2006-11-24 00:00:00+09:00,369.4513015020461,369.4513015020461,364.02959610763344,365.9659118652344,26100,0.0,0.0
2006-11-27 00:00:00+09:00,366.35316446755286,371.7748694959642,362.093220451102,364.0295715332031,15300,0.0,0.0
2006-11-28 00:00:00+09:00,364.02961344819016,365.7723083496094,359.96332534487874,365.7723083496094,6000,0.0,0.0
2006-11-29 00:00:00+09:00,365.96588036430177,372.1621398925781,365.96588036430177,372.1621398925781,17100,0.0,0.0
2006-11-30 00:00:00+09:00,372.1620951578553,386.29727172851557,370.03212344520966,386.2972717285156,68700,0.0,0.0
2006-12-01 00:00:00+09:00,384.94189063911654,385.32913247395857,380.48832589673015,384.3609924316406,9600,0.0,0.0
2006-12-04 00:00:00+09:00,373.90480013430175,383.3927917480469,373.90480013430175,383.3927917480469,6300,0.0,0.0
2006-12-05 00:00:00+09:00,377.7775077744248,384.3610453354582,377.7775077744248,379.52020263671875,70800,0.0,0.0
2006-12-06 00:00:00+09:00,383.3927978818754,387.07180786132807,381.26282607523905,387.0718078613281,46500,0.0,0.0
2006-12-07 00:00:00+09:00,383.5865366239008,387.2655831887336,381.65022058545657,381.8438415527344,27000,0.0,0.0
2006-12-08 00:00:00+09:00,379.3264974712053,393.0744323730468,379.3264974712053,393.0744323730469,53700,0.0,0.0
2006-12-11 00:00:00+09:00,405.66053550276825,405.66053550276825,393.0744323730468,393.0744323730469,38700,0.0,0.0
2006-12-12 00:00:00+09:00,393.07451794226654,395.0108337402344,387.26553509314544,395.0108337402344,18000,0.0,0.0
2006-12-13 00:00:00+09:00,393.07444965031715,404.6924133300781,392.10627419193327,404.6924133300781,23700,0.0,0.0
2006-12-14 00:00:00+09:00,396.94714578754076,403.7243041992188,396.94714578754076,403.72430419921875,19800,0.0,0.0
2006-12-15 00:00:00+09:00,395.0108713343524,400.8198547363281,393.0745553521008,400.8198547363281,11100,0.0,0.0
2006-12-18 00:00:00+09:00,387.26556396484375,389.20187990716914,385.91011089551773,387.26556396484375,54000,0.0,0.0
2006-12-19 00:00:00+09:00,385.3291015625,385.3291015625,381.45647079346844,385.3291015625,49500,0.0,0.0
2006-12-20 00:00:00+09:00,385.32914364312165,385.32914364312165,377.5838458040082,381.4565124511719,15600,0.0,0.0
2006-12-21 00:00:00+09:00,381.4564727727378,383.3927881673006,376.6156311035156,376.6156311035156,34200,0.0,0.0
2006-12-22 00:00:00+09:00,375.84121120803144,376.0348321620144,369.8386070823633,373.1303405761719,18000,0.0,0.0
2006-12-25 00:00:00+09:00,383.3927815113233,383.3927815113233,375.647484612326,379.13287353515625,42900,0.0,0.0
2006-12-26 00:00:00+09:00,379.1328922162194,389.2017822265625,371.77483675373134,389.2017822265625,41700,0.0,0.0
2006-12-27 00:00:00+09:00,381.4565806826472,387.26556396484375,379.5202292851015,387.26556396484375,6000,0.0,0.0
2006-12-28 00:00:00+09:00,382.42464143657895,384.55461334906164,382.42464143657895,384.3609924316406,3900,0.0,0.0
2006-12-29 00:00:00+09:00,379.5201423199812,384.1673278808593,379.5201423199812,384.1673278808594,1500,0.0,0.0
2007-01-04 00:00:00+09:00,384.1673645423305,391.13814354887614,384.1673645423305,386.87823486328125,6900,0.0,0.0
2007-01-05 00:00:00+09:00,388.2336067707792,391.1380976829177,384.3609758580687,389.2017822265625,15600,0.0,0.0
2007-01-09 00:00:00+09:00,387.26545802855185,388.23359800727025,383.3927917480469,383.3927917480469,10200,0.0,0.0
2007-01-10 00:00:00+09:00,393.07452187115325,393.07452187115325,381.6501770019532,381.6501770019531,13500,0.0,0.0
2007-01-11 00:00:00+09:00,383.392875788762,383.392875788762,375.6475769851729,377.5838928222656,10500,0.0,0.0
2007-01-12 00:00:00+09:00,385.1354806606114,385.3291015625,385.1354806606114,385.3291015625,2400,0.0,0.0
2007-01-15 00:00:00+09:00,406.62883813830393,408.5651541205555,396.94718731660396,400.8198547363281,100800,0.0,0.0
2007-01-16 00:00:00+09:00,396.94708251953125,398.8834334457923,390.1699606432523,396.94708251953125,40800,0.0,0.0
2007-01-17 00:00:00+09:00,394.0425915853512,396.94708251953125,389.2017851801217,396.94708251953125,21000,0.0,0.0
2007-01-18 00:00:00+09:00,396.9471242965058,396.9471242965058,389.20182614193703,394.0426330566406,29700,0.0,0.0
2007-01-19 00:00:00+09:00,395.97894287109375,396.9470828798916,395.01076740708424,395.97894287109375,27300,0.0,0.0
2007-01-22 00:00:00+09:00,396.9471495382022,396.9471495382022,395.0108337402344,395.0108337402344,8400,0.0,0.0
2007-01-23 00:00:00+09:00,395.97892316532256,396.9470631259412,390.16994158077114,393.0744323730469,18600,0.0,0.0
2007-01-24 00:00:00+09:00,395.9790056253134,411.46960277312417,395.9790056253134,403.72430419921875,110400,0.0,0.0
2007-01-25 00:00:00+09:00,415.3421683007975,418.24665898821564,407.59687161941855,414.3739929199219,71100,0.0,0.0
2007-01-26 00:00:00+09:00,407.59687161941855,414.3739929199219,407.59687161941855,414.3739929199219,42300,0.0,0.0
2007-01-29 00:00:00+09:00,414.37405975950014,414.37405975950014,411.4695686035803,412.437744140625,36000,0.0,0.0
2007-01-30 00:00:00+09:00,414.3740678505584,418.2467346191406,413.40592774982406,418.2467346191406,40800,0.0,0.0
2007-01-31 00:00:00+09:00,419.21490434632045,420.18304443359375,415.3422376315838,420.18304443359375,36900,0.0,0.0
2007-02-01 00:00:00+09:00,413.40592774982406,418.2467346191406,412.43775219387476,418.2467346191406,15000,0.0,0.0
2007-02-02 00:00:00+09:00,420.1830557032749,425.9920382035746,417.27856445312506,417.278564453125,72900,0.0,0.0
2007-02-05 00:00:00+09:00,418.2467346191406,420.1830502758242,417.2785590631913,418.2467346191406,7500,0.0,0.0
2007-02-06 00:00:00+09:00,425.99196341203987,427.9283142089844,424.0556480703045,427.9283142089844,53400,0.0,0.0
2007-02-07 00:00:00+09:00,425.02384262631836,433.7373152396924,425.02384262631836,431.80096435546875,29400,0.0,0.0
2007-02-08 00:00:00+09:00,434.7054115034864,453.10053032214694,433.73727161396187,451.1642150878906,115200,0.0,0.0
2007-02-09 00:00:00+09:00,435.6736022156555,447.29156494140625,435.6736022156555,447.29156494140625,69000,0.0,0.0
2007-02-13 00:00:00+09:00,455.03684555640325,456.0050209011351,447.2915491641707,451.1642150878906,42900,0.0,0.0
2007-02-14 00:00:00+09:00,446.3233789536069,453.10053553427423,446.3233789536069,450.196044921875,20100,0.0,0.0
2007-02-15 00:00:00+09:00,455.03696270541593,455.03696270541593,451.16433123989646,453.10064697265625,17100,0.0,0.0
2007-02-16 00:00:00+09:00,451.1642150878906,453.10053032214694,445.3552339299144,451.1642150878906,29400,0.0,0.0
2007-02-19 00:00:00+09:00,436.64176219295,451.1642150878906,436.64176219295,451.1642150878906,22200,0.0,0.0
2007-02-20 00:00:00+09:00,447.2915491641707,451.1642150878906,447.2915491641707,451.1642150878906,21600,0.0,0.0
2007-02-21 00:00:00+09:00,447.2916175440738,447.2916175440738,433.7373379217485,441.4826354980469,39300,0.0,0.0
2007-02-22 00:00:00+09:00,439.54626464843756,443.4188952215883,437.6099139066539,439.5462646484375,42900,0.0,0.0
2007-02-23 00:00:00+09:00,445.3553020138024,445.3553020138024,438.5781444750334,441.4826354980469,35100,0.0,0.0
2007-02-26 00:00:00+09:00,437.60989920590316,439.54624988263845,435.673583984375,435.673583984375,41400,0.0,0.0
2007-02-27 00:00:00+09:00,435.673583984375,435.673583984375,435.673583984375,435.673583984375,10800,0.0,0.0
2007-02-28 00:00:00+09:00,381.45652870725615,435.67368680198723,375.647546216563,432.7691955566406,75300,0.0,0.0
2007-03-01 00:00:00+09:00,429.86470170079184,429.86470170079184,412.43775433454357,425.9920349121094,17700,0.0,0.0
2007-03-02 00:00:00+09:00,425.0238196685062,425.0238196685062,417.27848746039996,421.1511535644531,13200,0.0,0.0
2007-03-05 00:00:00+09:00,397.9152241762885,414.3739929199219,397.9152241762885,414.3739929199219,51000,0.0,0.0
2007-03-06 00:00:00+09:00,401.7879413146395,408.5650634765625,401.7879413146395,408.5650634765625,15900,0.0,0.0
2007-03-07 00:00:00+09:00,412.43773003709924,412.43773003709924,406.6287479239007,408.5650634765625,17400,0.0,0.0
2007-03-08 00:00:00+09:00,402.75602287694204,406.6286888751076,397.915216970641,398.8833923339844,24300,0.0,0.0
2007-03-09 00:00:00+09:00,398.8833923339844,400.81970760546324,396.94704160729765,398.8833923339844,12600,0.0,0.0
2007-03-12 00:00:00+09:00,409.5333298392918,409.5333298392918,400.8198547363281,400.8198547363281,13500,0.0,0.0
2007-03-13 00:00:00+09:00,402.75612858177414,406.62879559633546,401.78798841954676,403.72430419921875,6300,0.0,0.0
2007-03-14 00:00:00+09:00,402.7561172738565,406.6287841796875,398.88348582324176,406.6287841796875,11100,0.0,0.0
2007-03-15 00:00:00+09:00,422.11937382969467,442.4508109907889,421.15119833695263,441.4826354980469,54000,0.0,0.0
2007-03-16 00:00:00+09:00,438.5781108698678,438.5781108698678,424.0556568675543,433.7373046875,24300,0.0,0.0
2007-03-19 00:00:00+09:00,432.7691761738545,432.7691761738545,425.0238783515637,429.86468505859375,9900,0.0,0.0
2007-03-20 00:00:00+09:00,433.737351697346,433.737351697346,425.99201841984143,429.86468505859375,16200,0.0,0.0
2007-03-22 00:00:00+09:00,437.60992431640625,445.3552565573682,436.6417843776928,437.60992431640625,54000,0.0,0.0
2007-03-23 00:00:00+09:00,445.35529665210834,445.35529665210834,436.64182368797066,442.4508056640625,46500,0.0,0.0
2007-03-26 00:00:00+09:00,435.6736306687053,435.6736306687053,428.896473484344,431.80096435546875,25200,0.0,0.0
2007-03-27 00:00:00+09:00,428.89656292485614,428.89656292485614,424.05575561523443,424.0557556152344,28500,0.0,0.0
2007-03-28 00:00:00+09:00,425.99195277319757,438.5780908181703,425.99195277319757,430.8327941894531,13800,0.0,0.0
2007-03-29 00:00:00+09:00,430.8327718052037,446.3233642578125,429.86459648121325,446.3233642578125,71700,0.0,0.0
2007-03-30 00:00:00+09:00,441.4826495233247,446.32345623039515,441.4826495233247,445.3553161621094,44400,0.0,0.0
2007-04-02 00:00:00+09:00,445.3552390529456,450.196044921875,444.38706369707666,450.196044921875,102900,0.0,0.0
2007-04-03 00:00:00+09:00,450.1960300985679,453.10052061533287,445.3552243890285,446.3233642578125,24600,0.0,0.0
2007-04-04 00:00:00+09:00,446.3233964960816,446.3233964960816,431.8009428632893,437.60992431640625,19800,0.0,0.0
2007-04-05 00:00:00+09:00,443.4189370555463,443.4189370555463,436.6418151855469,436.6418151855469,15300,0.0,0.0
2007-04-06 00:00:00+09:00,436.6417843776928,442.4507658308097,436.6417843776928,437.60992431640625,2100,0.0,0.0
2007-04-09 00:00:00+09:00,437.6099495502497,438.578125,431.8009677621703,438.578125,27300,0.0,0.0
2007-04-10 00:00:00+09:00,445.3553161621094,449.2279473456802,439.5463339315393,445.3553161621094,41400,0.0,0.0
2007-04-11 00:00:00+09:00,448.25972966534476,450.196044921875,447.2915543094758,450.196044921875,51300,0.0,0.0
2007-04-12 00:00:00+09:00,450.19605405771046,456.97321077590675,450.19605405771046,456.0050354003906,185100,0.0,0.0
2007-04-13 00:00:00+09:00,458.9096923035614,460.8460083007812,456.97337630634166,460.84600830078125,72300,0.0,0.0
2007-04-16 00:00:00+09:00,464.7185637903468,464.7185637903468,455.0369152263104,457.94140625,85200,0.0,0.0
2007-04-17 00:00:00+09:00,457.94144340570665,457.94144340570665,432.7691976430824,440.5144958496094,106500,0.0,0.0
2007-04-18 00:00:00+09:00,438.57809971032873,442.4507658308097,437.60992431640625,437.60992431640625,30600,0.0,0.0
2007-04-19 00:00:00+09:00,435.6736200694051,435.6736200694051,432.7691292689424,433.7373046875,36000,0.0,0.0
2007-04-20 00:00:00+09:00,410.50142852174986,416.31041083358963,410.50142852174986,412.437744140625,154500,0.0,0.0
2007-04-23 00:00:00+09:00,412.4377531874249,413.40592874570655,401.7879638671875,401.7879638671875,70800,0.0,0.0
2007-04-24 00:00:00+09:00,395.0108337402344,398.88350079138763,391.1381666890811,395.0108337402344,158100,0.0,0.0
2007-04-25 00:00:00+09:00,395.97892316532256,397.9152385417697,393.0744323730468,393.0744323730469,108300,0.0,0.0
2007-04-26 00:00:00+09:00,397.9152998615326,397.9152998615326,394.04263305664057,394.0426330566406,86400,0.0,0.0
2007-04-27 00:00:00+09:00,384.94183334859156,393.0744070428913,384.7481770047794,392.1062316894531,716400,0.0,0.0
2007-05-01 00:00:00+09:00,392.10627089451697,401.78791903130383,390.16995544924407,397.9152526855469,220800,0.0,0.0
2007-05-02 00:00:00+09:00,421.15115356445307,442.45076395393187,418.2466628502155,421.1511535644531,579000,0.0,0.0
2007-05-07 00:00:00+09:00,425.9920349121094,429.86470170079184,416.31042112322604,425.9920349121094,169200,0.0,0.0
2007-05-08 00:00:00+09:00,424.05568925359455,425.02386474609375,420.18302273881045,425.02386474609375,76200,0.0,0.0
2007-05-09 00:00:00+09:00,425.0238144087628,425.0238144087628,421.1511483526346,422.11932373046875,75000,0.0,0.0
2007-05-10 00:00:00+09:00,424.0556442786907,424.0556442786907,420.1829781746376,421.1511535644531,98400,0.0,0.0
2007-05-11 00:00:00+09:00,417.27848388716654,419.21483465021623,413.4058532714844,413.4058532714844,87300,0.0,0.0
2007-05-14 00:00:00+09:00,417.2785536981537,421.1512204169442,414.3740625228644,419.21490478515625,65400,0.0,0.0
2007-05-15 00:00:00+09:00,419.2149215119832,422.11941280316273,415.3422546386719,415.3422546386719,105300,0.0,0.0
2007-05-16 00:00:00+09:00,416.3104243398854,420.1830557032749,413.4059330897355,417.278564453125,61800,0.0,0.0
2007-05-17 00:00:00+09:00,416.31043022080365,418.2467459298514,412.4377633474923,415.3422546386719,57000,0.0,0.0
2007-05-18 00:00:00+09:00,414.3739839467145,415.34215930662435,405.66051207314894,407.59686279296875,133200,0.0,0.0
2007-05-21 00:00:00+09:00,407.5969124559529,413.4058944127826,407.5969124559529,411.46954345703125,79200,0.0,0.0
2007-05-22 00:00:00+09:00,411.4695434570313,412.43771893490697,410.5014034343678,411.46954345703125,45900,0.0,0.0
2007-05-23 00:00:00+09:00,411.4696356007952,412.4378112954824,410.5014953613281,410.5014953613281,64800,0.0,0.0
2007-05-24 00:00:00+09:00,412.43773003709924,412.43773003709924,405.6605724199632,408.5650634765625,91200,0.0,0.0
2007-05-25 00:00:00+09:00,413.40598699016954,413.40598699016954,410.5014953613281,410.5014953613281,345600,0.0,0.0
2007-05-28 00:00:00+09:00,410.5014365371911,418.2467346191406,410.5014365371911,418.2467346191406,207300,0.0,0.0
2007-05-29 00:00:00+09:00,417.27856445312506,419.2149155900353,414.3740732029752,417.278564453125,70500,0.0,0.0
2007-05-30 00:00:00+09:00,414.3740732029752,417.27856445312506,413.4059330897355,417.278564453125,80700,0.0,0.0
2007-05-31 00:00:00+09:00,418.2468018075831,418.2468018075831,413.40599416062446,416.31048583984375,112500,0.0,0.0
2007-06-01 00:00:00+09:00,414.3739929199219,416.3103436816731,413.4058529942549,414.3739929199219,57600,0.0,0.0
2007-06-04 00:00:00+09:00,413.40595400801345,414.3740941702409,400.8198128021021,403.72430419921875,130500,0.0,0.0
2007-06-05 00:00:00+09:00,404.69251210364524,411.4696356007952,402.75616071427095,410.5014953613281,114300,0.0,0.0
2007-06-06 00:00:00+09:00,409.53318563945845,422.11932373046875,409.53318563945845,422.11932373046875,172500,0.0,0.0
2007-06-07 00:00:00+09:00,421.1512204169442,423.0875360487322,417.2785536981537,419.21490478515625,193800,0.0,0.0
2007-06-08 00:00:00+09:00,420.1829699618508,443.4188952215883,419.2148300461672,439.5462646484375,399600,0.0,0.0
2007-06-11 00:00:00+09:00,447.2915543094758,451.164220277744,442.4507484405464,450.196044921875,321300,0.0,0.0
2007-06-12 00:00:00+09:00,443.4188937245148,449.22787501983686,442.45075381209983,448.2597351074219,218100,0.0,0.0
2007-06-13 00:00:00+09:00,444.38707648529754,462.78219604492193,443.4189011015672,462.7821960449219,421500,0.0,0.0
2007-06-14 00:00:00+09:00,466.654879321069,466.654879321069,457.94140625000006,457.94140625,176100,0.0,0.0
2007-06-15 00:00:00+09:00,456.9732372305967,475.3683222438568,456.9732372305967,473.4320068359375,335100,0.0,0.0
2007-06-18 00:00:00+09:00,475.3683131734189,493.76343329089474,475.3683131734189,491.8271179199219,304800,0.0,0.0
2007-06-19 00:00:00+09:00,485.05005841811675,490.8590411536631,468.5912858191412,474.4002685546875,346200,0.0,0.0
2007-06-20 00:00:00+09:00,471.4956966827776,474.40018755463205,465.6867149390687,472.4638366699219,131100,0.0,0.0
2007-06-21 00:00:00+09:00,468.59130859375,473.43211595690724,460.84597426643603,468.59130859375,168300,0.0,0.0
2007-06-22 00:00:00+09:00,468.5912005885338,474.4001822675024,464.7185343174846,473.4320068359375,201900,0.0,0.0
2007-06-25 00:00:00+09:00,475.3683222438568,475.3683222438568,471.49569142801806,473.4320068359375,160800,0.0,0.0
2007-06-26 00:00:00+09:00,473.43208703762144,477.30475396471917,472.4639114420429,476.3365783691406,225900,0.0,0.0
2007-06-27 00:00:00+09:00,476.336604866439,485.0500793457031,476.336604866439,485.0500793457031,279600,0.0,0.0
2007-06-28 00:00:00+09:00,485.0500254313151,522.8084106445312,481.1773587192471,522.8084106445312,1052400,0.0,0.0
2007-06-29 00:00:00+09:00,503.4452167062678,518.9358147583122,496.66805789898626,512.15869140625,590400,0.0,0.0
2007-07-02 00:00:00+09:00,511.1904890514552,513.1268048430927,501.50883918283245,503.4451904296875,237300,0.0,0.0
2007-07-03 00:00:00+09:00,505.38139073988975,505.38139073988975,486.98627082942164,493.763427734375,264000,0.0,0.0
2007-07-04 00:00:00+09:00,501.50875854492193,505.381424960726,498.60426759687175,501.5087585449219,231300,0.0,0.0
2007-07-05 00:00:00+09:00,494.731608703986,500.5405902721142,491.82711791992193,491.8271179199219,157800,0.0,0.0
2007-07-06 00:00:00+09:00,498.60430908203125,503.44515136835986,498.60430908203125,498.60430908203125,205800,0.0,0.0
2007-07-09 00:00:00+09:00,497.6361442501782,504.41326638578664,495.69979324982177,496.66796875,117300,0.0,0.0
2007-07-10 00:00:00+09:00,501.50880027174253,501.50880027174253,497.6361689889373,498.60430908203125,76500,0.0,0.0
2007-07-11 00:00:00+09:00,492.795252332179,497.6360938879497,490.85893698299634,493.763427734375,104100,0.0,0.0
2007-07-12 00:00:00+09:00,495.6998601463224,498.60435158361577,493.7635443398661,494.7317199707031,95700,0.0,0.0
2007-07-13 00:00:00+09:00,496.6679112684233,513.1266801353288,495.6997358802964,504.4132080078125,211500,0.0,0.0
2007-07-17 00:00:00+09:00,528.617424498213,558.6305135317186,528.617424498213,546.0443725585938,708300,0.0,0.0
2007-07-18 00:00:00+09:00,532.4900183763529,544.107982155799,532.4900183763529,541.2034912109375,200100,0.0,0.0
2007-07-19 00:00:00+09:00,542.1716202970438,545.0761111833765,541.2034803050735,544.1079711914062,134700,0.0,0.0
2007-07-20 00:00:00+09:00,542.1718136458131,545.0763055679429,530.5538459572941,534.426513671875,199200,0.0,0.0
2007-07-23 00:00:00+09:00,525.7129877117309,531.5219710013633,523.7766717669268,524.7448120117188,129000,0.0,0.0
2007-07-24 00:00:00+09:00,525.7128930777691,534.426366443699,521.8402264300622,533.4581909179688,203700,0.0,0.0
2007-07-25 00:00:00+09:00,522.8085011901535,555.7260853057182,519.9040095168749,553.7897338867188,239700,0.0,0.0
2007-07-26 00:00:00+09:00,555.7260175259489,578.9619480781807,554.7578419345338,570.2484741210938,308400,0.0,0.0
2007-07-27 00:00:00+09:00,559.598569917158,563.4712362804445,523.7765390137998,527.649169921875,555000,0.0,0.0
2007-07-30 00:00:00+09:00,527.6492447089099,533.4582273495776,525.7129289804261,531.5219116210938,229500,0.0,0.0
2007-07-31 00:00:00+09:00,542.1718136458131,542.1718136458131,525.7130379054857,534.426513671875,155400,0.0,0.0
2007-08-01 00:00:00+09:00,538.2990248984233,538.2990248984233,508.28593860973007,511.1904296875,188100,0.0,0.0
2007-08-02 00:00:00+09:00,515.0631099185762,528.617390155439,508.28595207253755,516.03125,210900,0.0,0.0
2007-08-03 00:00:00+09:00,515.0630678380932,515.0630678380932,486.98629866637765,502.4769287109375,233100,0.0,0.0
2007-08-06 00:00:00+09:00,497.6361279463214,509.25409174697313,489.890795109079,500.5406188964844,124200,0.0,0.0
2007-08-07 00:00:00+09:00,513.1267452542754,513.1267452542754,504.4132720209658,511.1904296875,82800,0.0,0.0
2007-08-08 00:00:00+09:00,512.158610563758,515.0631016719547,505.38145282622776,510.2222595214844,196500,0.0,0.0
2007-08-09 00:00:00+09:00,486.98635061857925,502.4769823156955,432.769192861495,481.1773681640625,936000,0.0,0.0
2007-08-10 00:00:00+09:00,466.65489607903885,474.40022939049453,427.92837134261634,469.55938720703125,551400,0.0,0.0
2007-08-13 00:00:00+09:00,485.0499482125947,487.95443892045455,476.33647608901515,479.240966796875,306300,0.0,0.0
2007-08-14 00:00:00+09:00,480.2090815923855,484.08171174408244,469.55926003720793,470.5274353027344,216300,0.0,0.0
2007-08-15 00:00:00+09:00,477.3048062842331,477.3048062842331,458.9096806831677,463.75048828125,234600,0.0,0.0
2007-08-16 00:00:00+09:00,462.7823597532222,462.7823597532222,448.2599011360209,460.84600830078125,177300,0.0,0.0
2007-08-17 00:00:00+09:00,453.100585312246,457.94139171299,433.73732425405814,436.6418151855469,223800,0.0,0.0
2007-08-20 00:00:00+09:00,459.87770304603913,459.87770304603913,442.4507589574129,447.29156494140625,245100,0.0,0.0
2007-08-21 00:00:00+09:00,455.0368863674669,478.27281308334113,451.1642555516281,473.4320068359375,163500,0.0,0.0
2007-08-22 00:00:00+09:00,469.5593393866956,477.3046719093598,452.1323943935167,456.9732360839844,156000,0.0,0.0
2007-08-23 00:00:00+09:00,480.20922805845316,484.0818593913209,471.4957543766781,481.1773681640625,126600,0.0,0.0
2007-08-24 00:00:00+09:00,488.9226199478747,488.9226199478747,469.55932470198053,477.3046569824219,82800,0.0,0.0
2007-08-27 00:00:00+09:00,480.2091421845646,487.95443892045455,474.4001607688449,479.240966796875,73200,0.0,0.0
2007-08-28 00:00:00+09:00,480.2092753464465,500.54071593936754,479.2410996902821,499.5725402832031,141600,0.0,0.0
2007-08-29 00:00:00+09:00,484.08178552561117,492.7952578778034,479.2409793705743,491.8271179199219,93000,0.0,0.0
2007-08-30 00:00:00+09:00,493.7635405610647,507.3178220129626,486.01824193929696,503.4451904296875,117600,0.0,0.0
2007-08-31 00:00:00+09:00,493.76350705159905,513.1267700195312,491.8271913913704,513.1267700195312,122700,0.0,0.0
2007-09-03 00:00:00+09:00,505.38146391148376,508.28595508338884,502.4769727395787,507.3177795410156,66300,0.0,0.0
2007-09-04 00:00:00+09:00,515.0631735057398,515.0631735057398,495.69987311376434,499.5725402832031,66000,0.0,0.0
2007-09-05 00:00:00+09:00,496.66785308387796,496.66785308387796,478.2727355957031,478.2727355957031,123600,0.0,0.0
2007-09-06 00:00:00+09:00,464.7185804787819,471.49573826250213,456.9732826225402,469.55938720703125,102900,0.0,0.0
2007-09-07 00:00:00+09:00,473.4320651721765,476.3365563695519,465.68676713091395,466.6549072265625,38400,0.0,0.0
2007-09-10 00:00:00+09:00,459.8777683966375,460.8459084578879,446.32345298699636,455.03692626953125,92100,0.0,0.0
2007-09-11 00:00:00+09:00,456.005031682782,456.973207050405,446.32338437217584,448.2597351074219,44100,0.0,0.0
2007-09-12 00:00:00+09:00,449.2279473456802,454.0687895079645,444.38714063860976,445.3553161621094,68100,0.0,0.0
2007-09-13 00:00:00+09:00,445.3553613624052,446.3235015289501,433.73739572212696,434.7055358886719,61200,0.0,0.0
2007-09-14 00:00:00+09:00,470.52754857365966,471.4957240722567,445.35530470705334,449.2279357910156,145800,0.0,0.0
2007-09-18 00:00:00+09:00,441.48265503433004,446.32346180182805,427.9283748122071,428.8965148925781,163800,0.0,0.0
2007-09-19 00:00:00+09:00,437.6099689822914,447.2916175440738,436.641828944762,441.4826354980469,171000,0.0,0.0
2007-09-20 00:00:00+09:00,441.4826354980469,442.4508109907889,435.67365345201995,441.4826354980469,80100,0.0,0.0
2007-09-21 00:00:00+09:00,441.4825799350129,443.4188952215883,436.64177399097036,439.5462646484375,62700,0.0,0.0
2007-09-25 00:00:00+09:00,455.03691512037216,456.9732661058563,437.6099689822914,441.4826354980469,70500,0.0,0.0
2007-09-26 00:00:00+09:00,443.41889733951416,457.9413506962145,443.41889733951416,456.0050354003906,48000,0.0,0.0
2007-09-27 00:00:00+09:00,455.0368616068373,456.00503698571936,443.4188988810865,447.29156494140625,105000,0.0,0.0
2007-09-28 00:00:00+09:00,445.35528798001314,447.29160344926845,433.73732425405814,436.6418151855469,165900,0.0,0.0
2007-10-01 00:00:00+09:00,436.641848266832,439.5463394183737,428.8965148925781,428.8965148925781,92400,0.0,0.0
2007-10-02 00:00:00+09:00,436.64188713219653,439.5463785422661,432.76922010036463,434.7055358886719,100200,0.0,0.0
2007-10-03 00:00:00+09:00,436.64180611081713,438.57812153983,430.83282436856774,431.80096435546875,154500,0.0,0.0
2007-10-04 00:00:00+09:00,434.7054917656237,436.6418428126068,428.8965095351022,429.86468505859375,107400,0.0,0.0
2007-10-05 00:00:00+09:00,430.8328277676311,440.51444044428945,430.8328277676311,438.578125,91800,0.0,0.0
2007-10-09 00:00:00+09:00,442.45078192300195,457.9413760579097,442.45078192300195,456.9732360839844,117300,0.0,0.0
2007-10-10 00:00:00+09:00,463.7503577223026,464.71853315143824,449.2279035613202,456.9732360839844,96600,0.0,0.0
2007-10-11 00:00:00+09:00,453.10054103512095,455.0368563151589,445.35524445976085,448.2597351074219,86700,0.0,0.0
2007-10-12 00:00:00+09:00,447.2916175440738,447.2916175440738,439.54631996777545,441.4826354980469,85200,0.0,0.0
2007-10-15 00:00:00+09:00,445.35528798001314,452.13240985001255,433.73732425405814,436.6418151855469,87900,0.0,0.0
2007-10-16 00:00:00+09:00,432.7691397975806,435.6736306687053,431.80096435546875,431.80096435546875,63900,0.0,0.0
2007-10-17 00:00:00+09:00,433.7373602075647,434.7055002948379,418.2467288038327,420.18304443359375,109800,0.0,0.0
2007-10-18 00:00:00+09:00,425.02392149191826,435.6737115104342,425.02392149191826,434.7055358886719,99000,0.0,0.0
2007-10-19 00:00:00+09:00,435.67367273124677,435.67367273124677,426.9601992766218,428.8965148925781,102000,0.0,0.0
2007-10-22 00:00:00+09:00,419.214937017815,426.9602355957032,406.6287958054316,426.9602355957031,111600,0.0,0.0
2007-10-23 00:00:00+09:00,427.9284006259141,453.1006469726562,424.0557337051782,453.10064697265625,167700,0.0,0.0
2007-10-24 00:00:00+09:00,447.29155973979886,449.22787501983686,440.51440307685374,448.2597351074219,51000,0.0,0.0
2007-10-25 00:00:00+09:00,455.03685079080446,457.94134140320364,448.25972966534476,450.196044921875,108600,0.0,0.0
2007-10-26 00:00:00+09:00,457.94143938144435,466.6549130829214,450.19614124298096,464.7185974121094,141600,0.0,0.0
2007-10-29 00:00:00+09:00,464.71865293459433,476.3366192579592,463.75047725590747,465.68682861328125,96900,0.0,0.0
2007-10-30 00:00:00+09:00,462.7822032756059,480.20914772378507,455.0368709951645,477.3046569824219,102600,0.0,0.0
2007-10-31 00:00:00+09:00,469.55934056488826,473.43200683593744,465.68670974904956,473.4320068359375,52800,0.0,0.0
2007-11-01 00:00:00+09:00,471.4957580566407,474.4002493065682,467.62309123833217,471.4957580566406,60000,0.0,0.0
2007-11-02 00:00:00+09:00,456.00506065484876,464.71853315143824,452.1323943935167,456.9732360839844,68100,0.0,0.0
2007-11-05 00:00:00+09:00,460.8458224191555,460.8458224191555,438.57807333952456,444.3870544433594,95700,0.0,0.0
2007-11-06 00:00:00+09:00,440.5144547018904,456.97326060429197,440.5144547018904,442.4508056640625,72300,0.0,0.0
2007-11-07 00:00:00+09:00,450.19606261656264,450.19606261656264,435.6736089837703,437.60992431640625,34800,0.0,0.0
2007-11-08 00:00:00+09:00,415.3422455622516,425.9920349121094,415.3422455622516,425.9920349121094,78900,0.0,0.0
2007-11-09 00:00:00+09:00,423.08758544921875,423.08758544921875,417.27860242037264,423.08758544921875,57600,0.0,0.0
2007-11-12 00:00:00+09:00,430.8328666131891,430.8328666131891,410.50142852174986,412.437744140625,56400,0.0,0.0
2007-11-13 00:00:00+09:00,407.5968840775982,411.4695148090501,402.75604248046875,402.75604248046875,113700,0.0,0.0
2007-11-14 00:00:00+09:00,410.5014626108968,412.43777839056884,399.8516371846575,403.72430419921875,93600,0.0,0.0
2007-11-15 00:00:00+09:00,405.6606085894257,411.4695912205641,405.6606085894257,406.6287841796875,40500,0.0,0.0
2007-11-16 00:00:00+09:00,406.6287307852018,406.6287307852018,394.0425915853512,396.94708251953125,47100,0.0,0.0
2007-11-19 00:00:00+09:00,395.9789395957781,396.947079596568,375.6475032062308,377.39019775390625,112800,0.0,0.0
2007-11-20 00:00:00+09:00,374.87295329935665,387.26547165080126,357.4460076068988,382.6182861328125,199200,0.0,0.0
2007-11-21 00:00:00+09:00,382.8119676185503,395.01083153355717,382.0374483947334,388.2336730957031,90300,0.0,0.0
2007-11-22 00:00:00+09:00,389.2017851801217,398.8834334457923,374.8729514197631,396.94708251953125,128400,0.0,0.0
2007-11-26 00:00:00+09:00,404.6924684543801,410.5014510855185,401.78797713881096,406.6287841796875,79500,0.0,0.0
2007-11-27 00:00:00+09:00,406.62876411483734,420.18304443359375,395.010799425842,420.18304443359375,107400,0.0,0.0
2007-11-28 00:00:00+09:00,421.15123127173,425.02389809033497,408.56509070267543,417.278564453125,152100,0.0,0.0
2007-11-29 00:00:00+09:00,422.1194284164252,427.92841121364563,422.1194284164252,426.9602355957031,63000,0.0,0.0
2007-11-30 00:00:00+09:00,430.8328138870373,437.60993545131026,425.0238322861119,433.7373046875,96900,0.0,0.0
2007-12-03 00:00:00+09:00,444.38715877532957,472.4638955505728,444.38715877532957,464.7185974121094,235500,0.0,0.0
2007-12-04 00:00:00+09:00,466.6549304447795,466.6549304447795,453.10064933437883,459.8778076171875,94800,0.0,0.0
2007-12-05 00:00:00+09:00,453.1007066186696,486.98643140635966,444.38723149138747,484.0819396972656,330300,0.0,0.0
2007-12-06 00:00:00+09:00,486.986263532765,491.827105016004,475.3683007013256,479.240966796875,210300,0.0,0.0
2007-12-07 00:00:00+09:00,484.081780078043,493.763427734375,483.11364013105634,493.763427734375,135900,0.0,0.0
2007-12-10 00:00:00+09:00,493.7634133817244,499.572394715627,487.95443204782174,488.922607421875,85800,0.0,0.0
2007-12-11 00:00:00+09:00,501.5087861968942,512.158610563758,499.57247060983434,510.2222595214844,247500,0.0,0.0
2007-12-12 00:00:00+09:00,502.47678171371246,517.9674072265625,497.63597675259723,517.9674072265625,145200,0.0,0.0
2007-12-13 00:00:00+09:00,511.19042397660814,511.19042397660814,493.76347770467834,496.66796875,175800,0.0,0.0
2007-12-14 00:00:00+09:00,488.92269852380656,496.667996593804,486.986347414896,489.8908386230469,85500,0.0,0.0
2007-12-17 00:00:00+09:00,474.4001607688449,487.95443892045455,471.49567006098505,479.240966796875,62700,0.0,0.0
2007-12-18 00:00:00+09:00,463.7505320595433,482.1456593971184,462.7823917216661,475.3684997558594,136200,0.0,0.0
2007-12-19 00:00:00+09:00,476.33667554896033,487.95464324527643,474.4003594179822,475.3684997558594,118200,0.0,0.0
2007-12-20 00:00:00+09:00,488.9226400630465,488.9226400630465,474.4001857587502,480.20916748046875,131700,0.0,0.0
2007-12-21 00:00:00+09:00,487.9545010653409,513.1267452542754,474.4002211874859,511.1904296875,181800,0.0,0.0
2007-12-25 00:00:00+09:00,522.8084471111438,527.6492542474709,517.9676399748166,520.8721313476562,120900,0.0,0.0
2007-12-26 00:00:00+09:00,513.1267588452998,517.9676010732763,508.28595207253755,516.03125,33600,0.0,0.0
2007-12-27 00:00:00+09:00,514.0948555234557,514.0948555234557,504.41320800781256,504.4132080078125,65400,0.0,0.0
2007-12-28 00:00:00+09:00,505.3814418859649,505.3814418859649,495.69979324982177,496.66796875,36900,0.0,0.0
2008-01-04 00:00:00+09:00,473.43208703762144,480.2092452962383,472.4639114420429,476.3365783691406,56100,0.0,0.0
2008-01-07 00:00:00+09:00,457.9413545814789,470.52749274913856,457.9413545814789,462.7821960449219,129900,0.0,0.0
2008-01-08 00:00:00+09:00,473.4319978024461,505.38139642715106,471.4956824314733,491.8271179199219,242100,0.0,0.0
2008-01-09 00:00:00+09:00,480.20925910916674,503.44519042968744,478.27290786231174,503.4451904296875,113400,0.0,0.0
2008-01-10 00:00:00+09:00,497.6362335729463,519.9039904322722,491.82725043962483,512.15869140625,105300,0.0,0.0
2008-01-11 00:00:00+09:00,512.1584999928951,540.2352294921875,508.28583419963877,540.2352294921875,247800,0.0,0.0
2008-01-15 00:00:00+09:00,524.7447978916337,525.7129735655936,480.2092841729819,512.15869140625,267000,0.0,0.0
2008-01-16 00:00:00+09:00,502.47692871093756,511.19040146315035,486.01815866405053,502.4769287109375,228000,0.0,0.0
2008-01-17 00:00:00+09:00,492.79530750740787,499.5724651711575,482.1455187116985,495.6997985839844,188100,0.0,0.0
2008-01-18 00:00:00+09:00,484.08180629194374,532.490011739786,482.14549083790615,527.649169921875,177300,0.0,0.0
2008-01-21 00:00:00+09:00,513.126747796153,522.808396588417,497.6361522747867,518.9357299804688,207900,0.0,0.0
2008-01-22 00:00:00+09:00,503.44510948042984,510.22223138907236,494.7316366362794,501.5087585449219,231900,0.0,0.0
2008-01-23 00:00:00+09:00,493.7635022509173,503.44515136835986,493.7635022509173,498.60430908203125,201900,0.0,0.0
2008-01-24 00:00:00+09:00,490.85901106120605,503.44515136835986,490.85901106120605,498.60430908203125,237600,0.0,0.0
2008-01-25 00:00:00+09:00,507.31776577671275,513.1267479629164,478.2728548456946,486.986328125,272100,0.0,0.0
2008-01-28 00:00:00+09:00,486.018174312129,494.73164734488506,482.14550781249994,482.1455078125,114900,0.0,0.0
2008-01-29 00:00:00+09:00,487.95443892045455,491.827105016004,477.30465147670475,479.240966796875,134400,0.0,0.0
2008-01-30 00:00:00+09:00,478.27292332006454,478.27292332006454,465.6868170848119,468.59130859375,199500,0.0,0.0
2008-01-31 00:00:00+09:00,476.3365367542613,512.1586051984943,468.5912390319461,511.1904296875,166800,0.0,0.0
2008-02-01 00:00:00+09:00,493.76344634607506,500.5406035064836,477.3046766196095,480.20916748046875,140400,0.0,0.0
2008-02-04 00:00:00+09:00,484.0817163335263,487.95438197714327,465.68663430055614,478.2727355957031,238800,0.0,0.0
2008-02-05 00:00:00+09:00,475.3683940048738,487.9545346943638,475.3683940048738,486.0182189941406,204000,0.0,0.0
2008-02-06 00:00:00+09:00,476.33667554896033,484.08197552809645,474.4003594179822,475.3684997558594,199200,0.0,0.0
2008-02-07 00:00:00+09:00,483.11371928571157,483.11371928571157,468.5912631494198,481.1773681640625,130500,0.0,0.0
2008-02-08 00:00:00+09:00,476.33649767542175,477.3046731069866,469.55934056488826,473.4320068359375,102600,0.0,0.0
2008-02-12 00:00:00+09:00,474.4002493065682,475.3683894197337,470.52758248825967,471.4957580566406,69600,0.0,0.0
2008-02-13 00:00:00+09:00,476.3366074658453,477.30478312056425,467.6231329390311,468.59130859375,41100,0.0,0.0
2008-02-14 00:00:00+09:00,474.4001857587502,484.08179832480727,474.4001857587502,480.20916748046875,99000,0.0,0.0
2008-02-15 00:00:00+09:00,480.2090815923855,484.08171174408244,468.5911202268859,470.5274353027344,103200,0.0,0.0
2008-02-18 00:00:00+09:00,474.4002685546875,481.1773914426803,471.4957771869143,474.4002685546875,127800,0.0,0.0
2008-02-19 00:00:00+09:00,475.36829637690124,476.3364717557833,440.5144081996488,447.29156494140625,235800,0.0,0.0
2008-02-20 00:00:00+09:00,456.97330843069915,462.78229101475375,451.1643258466446,454.0688171386719,318000,0.0,0.0
2008-02-21 00:00:00+09:00,469.5594217866666,478.2728958123277,456.9733162753004,459.8778076171875,159000,0.0,0.0
2008-02-22 00:00:00+09:00,464.7184546199845,476.33641598548417,464.7184546199845,470.5274353027344,109500,0.0,0.0
2008-02-25 00:00:00+09:00,484.08190633794067,484.08190633794067,462.7823255758738,468.59130859375,182100,0.0,0.0
2008-02-26 00:00:00+09:00,468.59117509035224,474.4001564532277,444.3870742599686,447.29156494140625,195300,0.0,0.0
2008-02-27 00:00:00+09:00,451.164220277744,456.9732015025424,449.22786956600606,450.196044921875,106200,0.0,0.0
2008-02-28 00:00:00+09:00,456.00506065484876,459.8777269161809,452.1323943935167,456.9732360839844,85800,0.0,0.0
2008-02-29 00:00:00+09:00,461.81411543233935,464.7186067243666,454.0688171386719,454.0688171386719,74100,0.0,0.0
2008-03-03 00:00:00+09:00,458.9095671752235,461.81405810671225,435.67363972331344,436.6418151855469,119100,0.0,0.0
2008-03-04 00:00:00+09:00,437.60994609771814,449.22790958221697,427.928333497443,431.80096435546875,119400,0.0,0.0
2008-03-05 00:00:00+09:00,432.7691487918247,440.5144461240575,431.8009733295912,436.6418151855469,60000,0.0,0.0
2008-03-06 00:00:00+09:00,444.38712662451917,457.94140625000006,444.38712662451917,457.94140625,111600,0.0,0.0
2008-03-07 00:00:00+09:00,447.2916285034603,461.8140839743519,447.2916285034603,455.03692626953125,74400,0.0,0.0
2008-03-10 00:00:00+09:00,457.9414206915353,457.9414206915353,443.41896511511015,445.3553161621094,67200,0.0,0.0
2008-03-11 00:00:00+09:00,445.3553773632746,446.3235175646032,421.15126959134295,423.08758544921875,141300,0.0,0.0
2008-03-12 00:00:00+09:00,442.4508250468243,448.25980727739443,441.4826495233247,445.3553161621094,91500,0.0,0.0
2008-03-13 00:00:00+09:00,443.41894568993627,447.2916121590682,439.54631467601655,442.4508056640625,109800,0.0,0.0
2008-03-14 00:00:00+09:00,419.2149775190631,421.15129348680244,410.5015024814051,416.31048583984375,141300,0.0,0.0
2008-03-17 00:00:00+09:00,408.5650864095135,408.5650864095135,397.9152970892761,401.7879638671875,59400,0.0,0.0
2008-03-18 00:00:00+09:00,401.7879025252106,410.50137485379196,394.0425701518874,402.75604248046875,106200,0.0,0.0
2008-03-19 00:00:00+09:00,425.02381574392757,433.73728780618205,404.6923809320004,414.3739929199219,89700,0.0,0.0
2008-03-21 00:00:00+09:00,413.4059220018228,422.1193955185693,404.6924484850763,420.18304443359375,71400,0.0,0.0
2008-03-24 00:00:00+09:00,421.1512176083847,425.0238843013493,411.4695686035803,412.437744140625,72000,0.0,0.0
2008-03-25 00:00:00+09:00,419.2148252910561,422.11931591557794,406.6286874330588,407.59686279296875,101100,0.0,0.0
2008-03-26 00:00:00+09:00,418.24672645246477,420.18304207133997,407.59693736582994,412.437744140625,55200,0.0,0.0
2008-03-27 00:00:00+09:00,409.53326416015625,415.34224663051305,395.9789835477287,409.53326416015625,111300,0.0,0.0
2008-03-28 00:00:00+09:00,410.50142852174986,418.24672645246477,403.7242706728653,412.437744140625,69600,0.0,0.0
2008-03-31 00:00:00+09:00,404.69244054811895,445.3553161621094,404.69244054811895,445.3553161621094,77400,0.0,0.0
2008-04-01 00:00:00+09:00,437.6099224600632,437.6099224600632,419.214838240031,421.1511535644531,55200,0.0,0.0
2008-04-02 00:00:00+09:00,430.8328467906635,439.5463198575182,424.05568925359455,425.02386474609375,52800,0.0,0.0
2008-04-03 00:00:00+09:00,421.1512117128114,430.83286058208523,421.1512117128114,429.86468505859375,92400,0.0,0.0
2008-04-04 00:00:00+09:00,432.7691292689424,433.73730468749994,428.89646304992215,433.7373046875,25800,0.0,0.0
2008-04-07 00:00:00+09:00,441.4825730846774,451.164220277744,433.7372766033488,450.196044921875,55800,0.0,0.0
2008-04-08 00:00:00+09:00,451.1642786282002,451.1642786282002,441.48263018297644,442.4508056640625,71700,0.0,0.0
2008-04-09 00:00:00+09:00,446.323427987035,446.323427987035,436.6418151855469,436.6418151855469,60600,0.0,0.0
2008-04-10 00:00:00+09:00,433.73729181121905,434.7054317458256,421.15115356445307,421.1511535644531,65400,0.0,0.0
2008-04-11 00:00:00+09:00,434.705525684022,482.1455627532493,429.86471859928247,459.8778076171875,258900,0.0,0.0
2008-04-14 00:00:00+09:00,460.8458429697127,483.1136284975408,441.48258357853086,447.29156494140625,342300,0.0,0.0
2008-04-15 00:00:00+09:00,452.13253313046044,461.8141840270017,441.4827419629199,460.84600830078125,151200,0.0,0.0
2008-04-16 00:00:00+09:00,457.9414173637096,459.8777683966375,449.22794408117466,455.03692626953125,101700,0.0,0.0
2008-04-17 00:00:00+09:00,456.005138299404,458.9096296261518,451.16433123989646,453.10064697265625,71100,0.0,0.0
2008-04-18 00:00:00+09:00,452.13236017840524,453.10053553427423,445.3552390529456,450.196044921875,46800,0.0,0.0
2008-04-21 00:00:00+09:00,448.25975868981345,451.1642494902762,433.73730468749994,433.7373046875,117000,0.0,0.0
2008-04-22 00:00:00+09:00,437.6099689822914,441.4826354980469,437.6099689822914,441.4826354980469,73800,0.0,0.0
2008-04-23 00:00:00+09:00,441.48263018297644,449.22792766602805,441.48263018297644,442.4508056640625,41700,0.0,0.0
2008-04-24 00:00:00+09:00,441.48263018297644,443.41894568993627,439.54631467601655,442.4508056640625,40500,0.0,0.0
2008-04-25 00:00:00+09:00,442.4507970485244,442.4507970485244,435.67363972331344,436.6418151855469,114000,0.0,0.0
2008-04-28 00:00:00+09:00,442.4507878530665,442.4507878530665,429.8646489264559,431.80096435546875,163200,0.0,0.0
2008-04-30 00:00:00+09:00,439.54631467601655,443.41894568993627,437.6099637138445,442.4508056640625,173700,0.0,0.0
2008-05-01 00:00:00+09:00,442.45075530590475,446.3233858790555,439.54626464843756,439.5462646484375,115200,0.0,0.0
2008-05-02 00:00:00+09:00,441.4826601915027,444.3871513769731,441.4826601915027,443.4189758300781,168000,0.0,0.0
2008-05-07 00:00:00+09:00,454.06888458290143,465.68685147666247,453.1007088566809,460.84600830078125,249900,0.0,0.0
2008-05-08 00:00:00+09:00,464.7185974121094,468.5912642089487,460.84593061527,464.7185974121094,101700,0.0,0.0
2008-05-09 00:00:00+09:00,465.68685147666247,465.68685147666247,459.87786802978195,460.84600830078125,70800,0.0,0.0
2008-05-12 00:00:00+09:00,463.7504218490957,464.7185974121094,459.8777905074716,464.7185974121094,50700,0.0,0.0
2008-05-13 00:00:00+09:00,464.71866398295464,466.6549799311435,460.84599663135657,463.75048828125,145200,0.0,0.0
2008-05-14 00:00:00+09:00,468.5913313345527,468.5913313345527,463.75048828125,463.75048828125,77100,0.0,0.0
2008-05-15 00:00:00+09:00,468.5913313345527,469.559471581037,463.75048828125,463.75048828125,104700,0.0,0.0
2008-05-16 00:00:00+09:00,463.75047725590747,466.65496883674865,462.78233703244007,465.68682861328125,92700,0.0,0.0
2008-05-19 00:00:00+09:00,463.75033597344355,464.7185113571739,460.84584527746125,462.7821960449219,80700,0.0,0.0
2008-05-20 00:00:00+09:00,461.8141595381725,462.78233521305305,457.9414922938694,458.90966796875,81900,0.0,0.0
2008-05-21 00:00:00+09:00,458.90959288017353,460.8459084578879,455.0369262695313,455.03692626953125,71100,0.0,0.0
2008-05-22 00:00:00+09:00,451.16425441959143,456.9732360839844,448.25976358739496,456.9732360839844,79500,0.0,0.0
2008-05-23 00:00:00+09:00,463.75043910289247,463.75043910289247,456.9733162753004,459.8778076171875,192600,0.0,0.0
2008-05-26 00:00:00+09:00,458.90963513548587,462.78230210271414,448.25984529462914,452.1324768066406,350100,0.0,0.0
2008-05-27 00:00:00+09:00,439.54631996777545,444.38712652106034,436.641828944762,441.4826354980469,144300,0.0,0.0
2008-05-28 00:00:00+09:00,441.482621586291,441.482621586291,434.70546426108,436.6418151855469,117000,0.0,0.0
2008-05-29 00:00:00+09:00,434.7054232491867,445.35524596337194,433.73728333350317,439.5462646484375,87000,0.0,0.0
2008-05-30 00:00:00+09:00,437.60989920590316,442.45074044253425,420.18295584652816,435.673583984375,207300,0.0,0.0
2008-06-02 00:00:00+09:00,435.67366728911526,435.67366728911526,426.96019394333297,429.86468505859375,174000,0.0,0.0
2008-06-03 00:00:00+09:00,433.73736623825454,434.7055063389888,413.40592774982406,418.2467346191406,224700,0.0,0.0
2008-06-04 00:00:00+09:00,422.11940138772286,422.11940138772286,415.3422434065077,418.2467346191406,104700,0.0,0.0
2008-06-05 00:00:00+09:00,420.18298193162474,432.7691202909272,420.18298193162474,427.9283142089844,177000,0.0,0.0
2008-06-06 00:00:00+09:00,428.8965513763709,432.7692183929236,426.9602355957032,426.9602355957031,95400,0.0,0.0
2008-06-09 00:00:00+09:00,423.08751376109535,427.9283557683786,420.18302273881045,425.02386474609375,77700,0.0,0.0
2008-06-10 00:00:00+09:00,432.7691761738545,432.7691761738545,427.92836946682445,429.86468505859375,76500,0.0,0.0
2008-06-11 00:00:00+09:00,425.99195433138846,426.96012970922266,421.1511483526346,422.11932373046875,101700,0.0,0.0
2008-06-12 00:00:00+09:00,416.3103436816731,419.21483436909125,406.628696238543,414.3739929199219,153000,0.0,0.0
2008-06-13 00:00:00+09:00,422.11940466433447,422.11940466433447,404.69245725326397,409.53326416015625,117600,0.0,0.0
2008-06-16 00:00:00+09:00,406.6287287916345,408.5650442531908,400.819746951754,404.6924133300781,78300,0.0,0.0
2008-06-17 00:00:00+09:00,402.75616071427095,413.40598699016954,402.75616071427095,410.5014953613281,158100,0.0,0.0
2008-06-18 00:00:00+09:00,416.3103439608503,416.3103439608503,407.5968718927526,413.4058532714844,183600,0.0,0.0
2008-06-19 00:00:00+09:00,412.43767788995956,417.27848388716654,410.5013625821185,413.4058532714844,100200,0.0,0.0
2008-06-20 00:00:00+09:00,421.15114995805726,425.99195595526425,413.4058532714844,413.4058532714844,125700,0.0,0.0
2008-06-23 00:00:00+09:00,406.6286888751076,412.437670144752,398.8833923339844,398.8833923339844,96300,0.0,0.0
2008-06-24 00:00:00+09:00,399.851615536371,400.81979110139787,389.20182614193703,394.0426330566406,136800,0.0,0.0
2008-06-25 00:00:00+09:00,394.0425915853512,406.6287307852018,389.2017851801217,396.94708251953125,130500,0.0,0.0
2008-06-26 00:00:00+09:00,389.20177999900204,400.8197435810618,389.20177999900204,397.9152526855469,78900,0.0,0.0
2008-06-27 00:00:00+09:00,388.2336730957031,393.07451574640635,387.26553292973637,388.2336730957031,67200,0.0,0.0
2008-06-30 00:00:00+09:00,388.233634764691,395.01079253342397,377.5838458040082,381.4565124511719,140400,0.0,0.0
2008-07-01 00:00:00+09:00,381.4565501130664,389.20184871688724,380.1010971523652,388.2336730957031,83400,0.0,0.0
2008-07-02 00:00:00+09:00,388.2335916756336,388.2335916756336,377.9710811552413,379.7137756347656,54600,0.0,0.0
2008-07-03 00:00:00+09:00,375.64749015608527,376.61563012324166,367.9021576875738,371.96844482421875,130500,0.0,0.0
2008-07-04 00:00:00+09:00,380.10099355592655,380.6818916792699,373.71111419914973,376.2283630371094,44700,0.0,0.0
2008-07-07 00:00:00+09:00,377.77745577677155,384.74823426648265,377.58383485935053,384.3609924316406,49500,0.0,0.0
2008-07-08 00:00:00+09:00,386.49090349932453,387.26545802855185,381.45647633539966,383.3927917480469,45300,0.0,0.0
2008-07-09 00:00:00+09:00,391.1380815413898,395.97892316532256,389.2017661649426,393.0744323730469,65700,0.0,0.0
2008-07-10 00:00:00+09:00,400.81979110139787,404.69245790628986,391.1381418167754,394.0426330566406,70800,0.0,0.0
2008-07-11 00:00:00+09:00,387.26556396484375,394.04268749059287,383.3928966249726,387.26556396484375,73500,0.0,0.0
2008-07-14 00:00:00+09:00,389.20183734559424,404.69246955586414,387.26552161501667,391.1381530761719,81600,0.0,0.0
2008-07-15 00:00:00+09:00,387.26551766565177,387.26551766565177,368.8703943195022,375.6475524902344,285900,0.0,0.0
2008-07-16 00:00:00+09:00,368.2893905864608,377.00286197257583,368.2893905864608,373.3238525390625,283800,0.0,0.0
2008-07-17 00:00:00+09:00,373.90488066644843,376.22847384416804,364.0296096611402,365.19140625,184800,0.0,0.0
2008-07-18 00:00:00+09:00,369.0639797745989,370.80667438338014,364.99769235410935,366.7403869628906,92700,0.0,0.0
2008-07-22 00:00:00+09:00,378.3583951076103,378.3583951076103,368.09588263025626,376.8093566894531,54000,0.0,0.0
2008-07-23 00:00:00+09:00,374.0984554835085,375.647529229381,371.38758529203494,372.1621398925781,76200,0.0,0.0
2008-07-24 00:00:00+09:00,368.48306357249174,391.13809238002443,368.48306357249174,390.1699523925781,138600,0.0,0.0
2008-07-25 00:00:00+09:00,391.13809238002443,394.04258325278505,387.26546151981756,390.1699523925781,92700,0.0,0.0
2008-07-28 00:00:00+09:00,392.10627647026746,396.9470828798916,390.1699609974601,395.97894287109375,68400,0.0,0.0
2008-07-29 00:00:00+09:00,395.0108058696464,404.69245508681723,393.07449020829824,401.7879638671875,99300,0.0,0.0
2008-07-30 00:00:00+09:00,398.883431141389,410.50139481099046,395.9789402239886,405.6605529785156,110400,0.0,0.0
2008-07-31 00:00:00+09:00,412.43775539533465,412.43775539533465,401.78796601808557,409.53326416015625,134400,0.0,0.0
2008-08-01 00:00:00+09:00,409.5332869934521,410.5014626108968,402.75612858177414,403.72430419921875,36000,0.0,0.0
2008-08-04 00:00:00+09:00,404.6925221560523,406.62883813830393,398.88353875407654,400.8198547363281,41400,0.0,0.0
2008-08-05 00:00:00+09:00,405.6606085894257,409.5332754952567,402.7561172738565,406.6287841796875,47400,0.0,0.0
2008-08-06 00:00:00+09:00,406.6287707481654,409.53326196779517,395.978981427928,401.7879638671875,92100,0.0,0.0
2008-08-07 00:00:00+09:00,402.7560620611152,406.6287284360528,402.7560620611152,405.6605529785156,62400,0.0,0.0
2008-08-08 00:00:00+09:00,405.66058629174046,415.3422352965449,403.7242706728653,412.437744140625,68400,0.0,0.0
2008-08-11 00:00:00+09:00,420.18304207133997,420.18304207133997,409.5332529847051,412.437744140625,65400,0.0,0.0
2008-08-12 00:00:00+09:00,406.6287841796875,411.4695912205641,404.6924684543801,406.6287841796875,57000,0.0,0.0
2008-08-13 00:00:00+09:00,407.596946306447,412.4377531874249,395.978981427928,401.7879638671875,68700,0.0,0.0
2008-08-14 00:00:00+09:00,401.78796666642467,401.78796666642467,391.1381418167754,394.0426330566406,69300,0.0,0.0
2008-08-15 00:00:00+09:00,391.13814964125294,403.72429041751855,390.1700095120744,399.85162353515625,50100,0.0,0.0
2008-08-18 00:00:00+09:00,399.8515714933701,411.4695351731311,399.8515714933701,404.6924133300781,32400,0.0,0.0
2008-08-19 00:00:00+09:00,404.6924836405087,406.62879943847656,393.07451794226654,395.0108337402344,60900,0.0,0.0
2008-08-20 00:00:00+09:00,395.01076179003195,397.9152526855469,394.0425863397899,397.9152526855469,59100,0.0,0.0
2008-08-21 00:00:00+09:00,404.6923821093016,405.66052203778503,380.68190205332286,386.6845397949219,111900,0.0,0.0
2008-08-22 00:00:00+09:00,391.1381958494946,391.1381958494946,384.3610723237455,387.26556396484375,73200,0.0,0.0
2008-08-25 00:00:00+09:00,403.72429041751855,403.72429041751855,395.0108165236153,399.85162353515625,71100,0.0,0.0
2008-08-26 00:00:00+09:00,388.23360150726387,390.1699523925781,387.07180515815963,390.1699523925781,56100,0.0,0.0
2008-08-27 00:00:00+09:00,389.2017822265625,390.16995768234574,388.2336067707792,389.2017822265625,21600,0.0,0.0
2008-08-28 00:00:00+09:00,387.26546677020724,390.16995768234574,384.16731949378527,389.2017822265625,32700,0.0,0.0
2008-08-29 00:00:00+09:00,389.2017822265625,395.9789395066228,385.9100140410684,389.2017822265625,54000,0.0,0.0
2008-09-01 00:00:00+09:00,387.26553728497714,387.26553728497714,381.8437962916333,383.1992492675781,40500,0.0,0.0
2008-09-02 00:00:00+09:00,384.55464002824,387.071853950201,382.42466796798664,383.7801208496094,68100,0.0,0.0
2008-09-03 00:00:00+09:00,387.07190408189456,387.26556049304514,380.8756789399136,382.0374755859375,60300,0.0,0.0
2008-09-04 00:00:00+09:00,387.2656158885514,387.2656158885514,381.8438737947527,383.9738464355469,86100,0.0,0.0
2008-09-05 00:00:00+09:00,379.5201423199812,387.0718188564082,379.5201423199812,384.1673278808594,74100,0.0,0.0
2008-09-08 00:00:00+09:00,384.167314285399,395.97893413809936,384.167314285399,390.1699523925781,80100,0.0,0.0
2008-09-09 00:00:00+09:00,387.26544317272663,388.2335831143063,384.9418505846007,385.71636962890625,81900,0.0,0.0
2008-09-10 00:00:00+09:00,384.9419706519651,388.2337042083963,383.3928966249726,387.26556396484375,72600,0.0,0.0
2008-09-11 00:00:00+09:00,387.0718152840772,389.2017871315593,380.4883142853304,382.6182861328125,73500,0.0,0.0
2008-09-12 00:00:00+09:00,393.0744397217041,393.0744397217041,378.16470822420985,383.3927917480469,87000,0.0,0.0
2008-09-16 00:00:00+09:00,365.96586784405866,373.7111653980155,364.0295523193726,366.7403869628906,58200,0.0,0.0
2008-09-17 00:00:00+09:00,364.02961718112584,366.9341087132752,346.2153906322035,353.3797912597656,150600,0.0,0.0
2008-09-18 00:00:00+09:00,347.76443717305716,367.90221990422185,345.6344650657313,364.8041076660156,96600,0.0,0.0
2008-09-19 00:00:00+09:00,369.8386033274452,375.6475864401526,366.7404553638551,372.5494384765625,86100,0.0,0.0
2008-09-22 00:00:00+09:00,377.58380214563397,377.58380214563397,364.0295236306042,364.22314453125,48300,0.0,0.0
2008-09-24 00:00:00+09:00,346.98994479438505,354.15438159787044,346.0218044897581,348.34539794921875,120000,0.0,0.0
2008-09-25 00:00:00+09:00,348.53889943853477,349.5070748664897,339.8254269525714,345.24713134765625,128700,0.0,0.0
2008-09-26 00:00:00+09:00,342.92358431939897,352.02433527867174,342.14906514709185,347.5707702636719,125700,0.0,0.0
2008-09-29 00:00:00+09:00,349.5071600745733,356.09066240614465,348.53898441058203,352.4116516113281,69300,0.0,0.0
2008-09-30 00:00:00+09:00,344.4726626668318,351.8307189941406,339.43819934233466,351.8307189941406,36600,0.0,0.0
2008-10-01 00:00:00+09:00,354.34787585974885,364.22314453125,351.63700597465896,364.22314453125,54300,0.0,0.0
2008-10-02 00:00:00+09:00,367.5148870071974,367.5148870071974,360.7377304935327,363.25494384765625,24600,0.0,0.0
2008-10-03 00:00:00+09:00,359.57602905022605,359.57602905022605,350.66893406394104,358.2206115722656,62400,0.0,0.0
2008-10-06 00:00:00+09:00,348.53901187705816,350.668984323603,333.62927566168787,338.85736083984375,86100,0.0,0.0
2008-10-07 00:00:00+09:00,319.49401611529277,319.49401611529277,308.8442273965207,317.3640441894531,111900,0.0,0.0
2008-10-08 00:00:00+09:00,290.4491551899979,296.06449961446805,273.4094655096482,279.7993469238281,308400,0.0,0.0
2008-10-09 00:00:00+09:00,279.79930526724013,292.3854452700522,279.79930526724013,282.70379638671875,215400,0.0,0.0
2008-10-10 00:00:00+09:00,286.5764227894964,294.12809863972035,276.12025622764776,283.0910339355469,116100,0.0,0.0
2008-10-14 00:00:00+09:00,321.430419921875,321.430419921875,306.90796065650073,321.430419921875,54900,0.0,0.0
2008-10-15 00:00:00+09:00,304.00341304320375,318.91314697265625,304.00341304320375,318.91314697265625,54600,0.0,0.0
2008-10-16 00:00:00+09:00,302.45435540225344,315.6213582466872,300.1307624937988,306.7142639160156,48600,0.0,0.0
2008-10-17 00:00:00+09:00,305.3588135558373,311.74869336391293,300.3243509795561,304.5842590332031,60600,0.0,0.0
2008-10-20 00:00:00+09:00,301.09894991059446,302.0671255930814,296.2581424085991,301.8735046386719,135300,0.0,0.0
2008-10-21 00:00:00+09:00,300.1308019867847,305.35888671875,300.1308019867847,305.35888671875,97800,0.0,0.0
2008-10-22 00:00:00+09:00,303.42248003658636,309.81236020966526,302.0670627273676,304.3906555175781,91500,0.0,0.0
2008-10-23 00:00:00+09:00,301.292600104438,308.4570007324219,290.44915323203566,308.4570007324219,79200,0.0,0.0
2008-10-24 00:00:00+09:00,319.300374550351,319.300374550351,306.90785654432335,309.8123474121094,65100,0.0,0.0
2008-10-27 00:00:00+09:00,298.19438994125784,304.7779263441879,290.64273126066433,301.6797790527344,132000,0.0,0.0
2008-10-28 00:00:00+09:00,290.6427581314705,293.3536106707102,280.76748806928816,289.2873229980469,96300,0.0,0.0
2008-10-29 00:00:00+09:00,298.0008430121391,299.16263967105584,280.7675318140778,287.7383117675781,105600,0.0,0.0
2008-10-30 00:00:00+09:00,283.8655489973066,287.738215043629,274.3775579573063,282.5101318359375,192300,0.0,0.0
2008-10-31 00:00:00+09:00,282.70380446037996,290.6427588987526,281.54200797940905,288.5127868652344,81600,0.0,0.0
2008-11-04 00:00:00+09:00,288.5127857308911,293.9345085299745,281.34838594481045,284.64013671875,102600,0.0,0.0
2008-11-05 00:00:00+09:00,290.2554800584022,300.1307678222656,290.2554800584022,300.1307678222656,109200,0.0,0.0
2008-11-06 00:00:00+09:00,294.9027369632668,302.4544335956889,290.83644832221506,298.1944885253906,108600,0.0,0.0
2008-11-07 00:00:00+09:00,294.1281972953871,297.0326889812283,289.09373322152214,296.83905029296875,69900,0.0,0.0
2008-11-10 00:00:00+09:00,309.8123468484037,311.5550413659045,290.83634578926353,304.197021484375,75900,0.0,0.0
2008-11-11 00:00:00+09:00,296.8389661476347,309.61872594264054,296.8389661476347,304.197021484375,51600,0.0,0.0
2008-11-12 00:00:00+09:00,304.5843128965843,307.68246062458405,297.80719008392003,302.4543762207031,61200,0.0,0.0
2008-11-13 00:00:00+09:00,296.2581089454385,301.6798141534858,290.6427650772439,291.2236633300781,63300,0.0,0.0
2008-11-14 00:00:00+09:00,299.9371114396469,308.0696867636225,295.67720285025507,300.1307678222656,93000,0.0,0.0
2008-11-17 00:00:00+09:00,300.5181012663006,308.0697806543829,300.5181012663006,307.87615966796875,56400,0.0,0.0
2008-11-18 00:00:00+09:00,305.93979814262354,327.2393798828125,303.22892745805285,327.2393798828125,68400,0.0,0.0
2008-11-19 00:00:00+09:00,329.3692955883669,332.6610640352268,329.1756746639213,331.499267578125,92100,0.0,0.0
2008-11-20 00:00:00+09:00,330.7247887425003,333.04838218906406,325.30308251892563,330.1438903808594,57300,0.0,0.0
2008-11-21 00:00:00+09:00,320.2685324159483,336.92095947265625,316.2022449740369,336.92095947265625,99000,0.0,0.0
2008-11-25 00:00:00+09:00,360.15682963888656,360.15682963888656,340.2126729342753,353.9605712890625,99300,0.0,0.0
2008-11-26 00:00:00+09:00,353.57342904413576,353.57342904413576,344.66629851116693,349.50714111328125,87600,0.0,0.0
2008-11-27 00:00:00+09:00,353.1861631645007,355.89703369140625,349.70077339642995,355.89703369140625,46200,0.0,0.0
2008-11-28 00:00:00+09:00,355.50974285947547,361.3187255859375,355.31612192033236,361.3187255859375,46500,0.0,0.0
2008-12-01 00:00:00+09:00,364.80414424391284,364.80414424391284,352.41165859331176,354.5415954589844,22500,0.0,0.0
2008-12-02 00:00:00+09:00,350.8624283980913,351.8306036502622,336.33997689154785,339.6317443847656,27900,0.0,0.0
2008-12-03 00:00:00+09:00,336.92096424991337,338.4700379729151,320.84943517131194,331.30560302734375,60900,0.0,0.0
2008-12-04 00:00:00+09:00,327.8201788904615,331.49922415955865,321.62395556762004,325.1093444824219,55200,0.0,0.0
2008-12-05 00:00:00+09:00,325.3029479980469,332.2737254551479,323.36663274503246,325.3029479980469,81600,0.0,0.0
2008-12-08 00:00:00+09:00,329.36935638427735,348.92627884043384,329.36935638427735,348.53900146484375,50700,0.0,0.0
2008-12-09 00:00:00+09:00,348.7326053612927,352.4116516113281,347.1835668451694,352.4116516113281,55800,0.0,0.0
2008-12-10 00:00:00+09:00,348.73261400459336,350.47530896983875,333.04835931738455,334.9847106933594,96900,0.0,0.0
2008-12-11 00:00:00+09:00,329.17562072963614,329.5628625150791,325.883852822121,328.0138244628906,110100,0.0,0.0
2008-12-12 00:00:00+09:00,338.2764560583643,340.2128075021433,328.9820825849327,332.0802307128906,158100,0.0,0.0
2008-12-15 00:00:00+09:00,340.01906947866945,353.9606263427864,340.01906947866945,350.2816162109375,40800,0.0,0.0
2008-12-16 00:00:00+09:00,348.5389501470103,356.09062740019556,342.72996764456013,347.18353271484375,62100,0.0,0.0
2008-12-17 00:00:00+09:00,356.2842712402344,356.2842712402344,348.53897255736547,356.2842712402344,45600,0.0,0.0
2008-12-18 00:00:00+09:00,356.09065463789295,360.15694270064216,353.3797841109875,355.89703369140625,39000,0.0,0.0
2008-12-19 00:00:00+09:00,355.8970772719913,356.28431921238365,343.1173132241477,356.0906982421875,113700,0.0,0.0
2008-12-22 00:00:00+09:00,354.15434653338104,363.64234040170726,344.8599736157655,352.4116516113281,57000,0.0,0.0
2008-12-24 00:00:00+09:00,346.60259525185626,353.18609619140625,346.60259525185626,353.18609619140625,67500,0.0,0.0
2008-12-25 00:00:00+09:00,358.9951267923496,367.90222167968744,353.76704242158723,367.9022216796875,148800,0.0,0.0
2008-12-26 00:00:00+09:00,362.2869029682853,371.7748963162848,359.38241159081434,369.06402587890625,102600,0.0,0.0
2008-12-29 00:00:00+09:00,368.0959067049997,374.67940905079337,368.0959067049997,374.0985107421875,90300,0.0,0.0
2008-12-30 00:00:00+09:00,373.7112633096043,378.7457275390625,371.7749472776074,378.7457275390625,30300,0.0,0.0
2009-01-05 00:00:00+09:00,379.71376661670337,381.4564610548394,373.13023065805015,373.90478515625,24300,0.0,0.0
2009-01-06 00:00:00+09:00,372.1622082272438,375.45394179071656,364.4168735309332,369.64495849609375,62400,0.0,0.0
2009-01-07 00:00:00+09:00,369.8385694802866,370.80670960698876,360.7378182848612,366.3531799316406,74100,0.0,0.0
2009-01-08 00:00:00+09:00,367.902112311939,367.902112311939,350.66882592369,353.7669372558594,108600,0.0,0.0
2009-01-09 00:00:00+09:00,348.53904403558295,352.60533288266475,340.79374376431167,345.6345520019531,72600,0.0,0.0
2009-01-13 00:00:00+09:00,335.17828689520894,335.17828689520894,319.49403430219223,326.4648132324219,113400,0.0,0.0
2009-01-14 00:00:00+09:00,329.17574728622344,358.027008699235,329.17574728622344,357.0588684082031,128100,0.0,0.0
2009-01-15 00:00:00+09:00,353.18610468497167,364.0295495419495,350.66889097656406,358.9950866699219,107400,0.0,0.0
2009-01-16 00:00:00+09:00,353.18614005834706,353.18614005834706,341.76179585866845,347.7644348144531,77700,0.0,0.0
2009-01-19 00:00:00+09:00,346.6026190515295,352.41160129566003,340.79363680739885,350.4752502441406,114600,0.0,0.0
2009-01-20 00:00:00+09:00,341.37448240162735,350.47519621088617,341.37448240162735,346.02166748046875,104700,0.0,0.0
2009-01-21 00:00:00+09:00,340.2128322972066,342.7300468113111,331.1120791227921,334.0165710449219,72300,0.0,0.0
2009-01-22 00:00:00+09:00,339.63183463556095,347.18351142568014,337.1145854020457,346.7962341308594,45300,0.0,0.0
2009-01-23 00:00:00+09:00,352.60517432127284,352.60517432127284,347.5707119084969,349.70068359375,42900,0.0,0.0
2009-01-26 00:00:00+09:00,345.82804241222374,352.0243015628673,345.6344215014951,350.66888427734375,12300,0.0,0.0
2009-01-27 00:00:00+09:00,350.6689339446016,354.5415654389467,346.6026460568875,353.57342529296875,23100,0.0,0.0
2009-01-28 00:00:00+09:00,353.5734168987197,354.9288343440396,348.34533259577967,348.7325744628906,16800,0.0,0.0
2009-01-29 00:00:00+09:00,353.37975534414716,354.3479309082031,350.86254142386014,354.3479309082031,26700,0.0,0.0
2009-01-30 00:00:00+09:00,345.6344368241458,353.1861135950935,344.66626131715833,352.99249267578125,24000,0.0,0.0
2009-02-02 00:00:00+09:00,353.1860979376622,353.96061703578835,346.6025969655615,350.66888427734375,29400,0.0,0.0
2009-02-03 00:00:00+09:00,346.79623891025943,349.31345272325257,335.37189538012655,335.5655517578125,67500,0.0,0.0
2009-02-04 00:00:00+09:00,335.56554543254913,335.56554543254913,330.337461527424,332.85467529296875,94500,0.0,0.0
2009-02-05 00:00:00+09:00,335.9528123697258,335.9528123697258,325.49664377827963,329.1756896972656,75600,0.0,0.0
2009-02-06 00:00:00+09:00,329.1756896972656,330.14382981892237,328.9820333087617,329.1756896972656,71400,0.0,0.0
2009-02-09 00:00:00+09:00,332.2737322892214,332.66100952987273,327.23926998158805,328.0138244628906,65400,0.0,0.0
2009-02-10 00:00:00+09:00,333.82285079750744,340.01907475195816,330.53108244624644,332.85467529296875,64800,0.0,0.0
2009-02-12 00:00:00+09:00,329.56288888901753,331.11196252038206,327.2392961695762,328.4010925292969,57600,0.0,0.0
2009-02-13 00:00:00+09:00,327.23937609989986,336.3401282923659,327.23937609989986,334.9847106933594,42600,0.0,0.0
2009-02-16 00:00:00+09:00,335.17825988901166,343.50445556640625,335.17825988901166,343.50445556640625,57600,0.0,0.0
2009-02-17 00:00:00+09:00,343.69813671754906,343.69813671754906,339.0509508034198,339.8254699707031,46200,0.0,0.0
2009-02-18 00:00:00+09:00,329.1756732315112,338.8572866950874,329.1756732315112,338.6636657714844,30900,0.0,0.0
2009-02-19 00:00:00+09:00,340.0190797715716,344.6662655336214,337.50186596886584,342.7299499511719,40200,0.0,0.0
2009-02-20 00:00:00+09:00,347.57076800918026,347.57076800918026,339.631849042686,339.8254699707031,41100,0.0,0.0
2009-02-23 00:00:00+09:00,334.0165530488474,340.7937123204197,333.04837730855945,338.85736083984375,21600,0.0,0.0
2009-02-24 00:00:00+09:00,338.85736083984375,338.85736083984375,338.85736083984375,338.85736083984375,0,0.0,0.0
2009-02-25 00:00:00+09:00,338.85736083984375,338.85736083984375,338.85736083984375,338.85736083984375,0,0.0,0.0
2009-02-26 00:00:00+09:00,338.85736083984375,338.85736083984375,338.85736083984375,338.85736083984375,0,0.0,0.0
2009-02-27 00:00:00+09:00,338.85736083984375,338.85736083984375,338.85736083984375,338.85736083984375,0,0.0,0.0
2009-03-02 00:00:00+09:00,347.37718238161324,347.37718238161324,331.11203002929693,331.1120300292969,32400,0.0,0.0
2009-03-03 00:00:00+09:00,338.27638647745545,338.27638647745545,320.0749206542969,320.0749206542969,37500,0.0,0.0
2009-03-04 00:00:00+09:00,313.29788863294715,313.29788863294715,311.361572265625,311.361572265625,36000,0.0,0.0
2009-03-05 00:00:00+09:00,312.71690741586536,315.62139892578125,312.71690741586536,315.62139892578125,63000,0.0,0.0
2009-03-06 00:00:00+09:00,304.97163038987384,304.97163038987384,302.067138671875,302.067138671875,26700,0.0,0.0
2009-03-09 00:00:00+09:00,302.454375729029,303.4225158691406,302.454375729029,303.4225158691406,15900,0.0,0.0
2009-03-10 00:00:00+09:00,290.642748231202,296.064453125,290.642748231202,296.064453125,30900,0.0,0.0
2009-03-11 00:00:00+09:00,296.8390391845703,296.8390391845703,290.44915771484375,290.44915771484375,60300,0.0,0.0
2009-03-12 00:00:00+09:00,280.5738956387157,280.5738956387157,276.8948669433594,276.8948669433594,26700,0.0,0.0
2009-03-13 00:00:00+09:00,298.1944300139412,298.1944300139412,285.6083068847656,285.6083068847656,110400,0.0,0.0
2009-03-16 00:00:00+09:00,285.99557221985526,289.2873229980469,285.99557221985526,289.2873229980469,35700,0.0,0.0
2009-03-17 00:00:00+09:00,284.44642100567876,284.44642100567876,282.31646728515625,282.31646728515625,38700,0.0,0.0
2009-03-18 00:00:00+09:00,278.05658827572046,278.05658827572046,272.0539855957031,272.0539855957031,87000,0.0,0.0
2009-03-19 00:00:00+09:00,272.0540669599795,272.0540669599795,261.0169982910156,261.0169982910156,79800,0.0,0.0
2009-03-23 00:00:00+09:00,259.85512127216924,259.85512127216924,258.1124267578125,258.1124267578125,91800,0.0,0.0
2009-03-24 00:00:00+09:00,258.4997321827322,260.4360656738281,258.4997321827322,260.4360656738281,193800,0.0,0.0
2009-03-25 00:00:00+09:00,260.43606745560027,272.82855224609375,260.43606745560027,272.82855224609375,104100,0.0,0.0
2009-03-26 00:00:00+09:00,279.9929519139837,288.5127868652344,279.9929519139837,288.5127868652344,50100,0.0,0.0
2009-03-27 00:00:00+09:00,297.61352276524445,301.09891223987404,295.2899475097656,295.2899475097656,59700,0.0,0.0
2009-03-30 00:00:00+09:00,299.93718365726994,299.93718365726994,298.1944885253906,298.1944885253906,42600,0.0,0.0
2009-03-31 00:00:00+09:00,298.58174151252297,298.58174151252297,296.2581481933594,296.2581481933594,43800,0.0,0.0
2009-04-01 00:00:00+09:00,292.9663411078602,296.064453125,292.9663411078602,296.064453125,77700,0.0,0.0
2009-04-02 00:00:00+09:00,299.35620504987713,299.9371032714844,299.35620504987713,299.9371032714844,54000,0.0,0.0
2009-04-03 00:00:00+09:00,304.77793464935735,304.77793464935735,296.45172119140625,296.45172119140625,138000,0.0,0.0
2009-04-06 00:00:00+09:00,299.3562796617957,299.3562796617957,299.16265869140625,299.16265869140625,45900,0.0,0.0
2009-04-07 00:00:00+09:00,299.35617974339897,304.197021484375,299.35617974339897,304.197021484375,92100,0.0,0.0
2009-04-08 00:00:00+09:00,309.6187225750248,309.6187225750248,309.2314453125,309.2314453125,72900,0.0,0.0
2009-04-09 00:00:00+09:00,309.4250779791349,318.1385498046875,309.4250779791349,318.1385498046875,119400,0.0,0.0
2009-04-10 00:00:00+09:00,318.9131203391335,320.4621940656819,314.65321191014215,319.4940185546875,45900,0.0,0.0
2009-04-13 00:00:00+09:00,319.1067281541106,319.3003845214844,319.1067281541106,319.3003845214844,28500,0.0,0.0
2009-04-14 00:00:00+09:00,319.4939669369264,319.4939669369264,318.1385498046875,318.1385498046875,77100,0.0,0.0
2009-04-15 00:00:00+09:00,315.8150498543208,316.7831900373614,314.6532532704977,316.5895690917969,51600,0.0,0.0
2009-04-16 00:00:00+09:00,320.26853903714147,320.26853903714147,312.3296203613281,312.3296203613281,171600,0.0,0.0
2009-04-17 00:00:00+09:00,312.7167967182581,312.7167967182581,305.5523986816406,305.5523986816406,136500,0.0,0.0
2009-04-20 00:00:00+09:00,306.5206833258534,307.10158162940513,304.1970901116466,305.35888671875,114900,0.0,0.0
2009-04-21 00:00:00+09:00,295.87080754775303,299.5498352050781,295.87080754775303,299.5498352050781,144300,0.0,0.0
2009-04-22 00:00:00+09:00,301.2925582863258,301.2925582863258,291.9981689453125,291.9981689453125,95400,0.0,0.0
2009-04-23 00:00:00+09:00,292.5790352707866,293.5472106933594,292.5790352707866,293.5472106933594,158400,0.0,0.0
2009-04-24 00:00:00+09:00,305.9397291961226,305.9397291961226,304.3906555175781,304.3906555175781,115800,0.0,0.0
2009-04-27 00:00:00+09:00,309.6187996347626,309.6187996347626,305.9397888183594,305.9397888183594,253800,0.0,0.0
2009-04-28 00:00:00+09:00,306.7142619419385,306.7142619419385,303.6161499023437,303.61614990234375,56400,0.0,0.0
2009-04-30 00:00:00+09:00,308.84419592059277,309.8123358703137,307.10150146484375,307.10150146484375,173100,0.0,0.0
2009-05-01 00:00:00+09:00,309.61875743830063,309.61875743830063,308.84423828125,308.84423828125,342600,0.0,0.0
2009-05-07 00:00:00+09:00,307.6824418180669,308.84423828125,307.6824418180669,308.84423828125,281400,0.0,0.0
2009-05-08 00:00:00+09:00,306.7142770169819,306.90789794921875,306.7142770169819,306.90789794921875,469200,0.0,0.0
2009-05-11 00:00:00+09:00,307.10155047925895,307.10155047925895,306.3269958496094,306.3269958496094,351300,0.0,0.0
2009-05-12 00:00:00+09:00,306.3269866128685,306.7142639160156,306.3269866128685,306.7142639160156,216000,0.0,0.0
2009-05-13 00:00:00+09:00,306.32704381168287,306.32704381168287,306.1334228515625,306.1334228515625,210600,0.0,0.0
2009-05-14 00:00:00+09:00,304.39070513060824,304.39070513060824,302.64801025390625,302.64801025390625,189300,0.0,0.0
2009-05-15 00:00:00+09:00,305.5524387351387,305.5524387351387,304.197021484375,304.197021484375,90000,0.0,0.0
2009-05-18 00:00:00+09:00,305.939757832819,306.90789794921875,305.939757832819,306.90789794921875,173700,0.0,0.0
2009-05-19 00:00:00+09:00,310.97418059647555,312.52325439453125,310.97418059647555,312.52325439453125,234300,0.0,0.0
2009-05-20 00:00:00+09:00,312.7168154874047,312.7168154874047,310.97412109375,310.97412109375,126300,0.0,0.0
2009-05-21 00:00:00+09:00,314.0723397571786,314.2659606933594,314.0723397571786,314.2659606933594,125700,0.0,0.0
2009-05-22 00:00:00+09:00,315.8150155500762,316.0086364746094,315.8150155500762,316.0086364746094,132000,0.0,0.0
2009-05-25 00:00:00+09:00,319.4940185546875,319.4940185546875,319.4940185546875,319.4940185546875,508500,0.0,0.0
2009-05-26 00:00:00+09:00,336.19963474384934,337.66135948545997,334.3202579749136,336.61724853515625,308700,40.0,0.0
2009-05-27 00:00:00+09:00,335.99067931699494,335.99067931699494,333.9024963378906,333.9024963378906,106500,0.0,0.0
2009-05-28 00:00:00+09:00,334.11139586732935,334.11139586732935,331.6055603027344,331.6055603027344,52200,0.0,0.0
2009-05-29 00:00:00+09:00,331.81438535667814,338.28778076171875,331.81438535667814,338.28778076171875,132900,0.0,0.0
2009-06-01 00:00:00+09:00,336.4084834352677,337.45259451529296,336.1996765136719,336.1996765136719,72000,0.0,0.0
2009-06-02 00:00:00+09:00,336.4084495148167,336.4084495148167,330.9791259765625,330.9791259765625,68400,0.0,0.0
2009-06-03 00:00:00+09:00,330.97911381251043,330.97911381251043,328.89093017578125,328.89093017578125,51000,0.0,0.0
2009-06-04 00:00:00+09:00,328.8909363831159,330.3526611328125,328.8909363831159,330.3526611328125,70800,0.0,0.0
2009-06-05 00:00:00+09:00,334.94675851205074,337.2437493576741,334.94675851205074,336.1996765136719,99000,0.0,0.0
2009-06-08 00:00:00+09:00,338.9142645604153,338.9142645604153,338.4966125488281,338.4966125488281,48600,0.0,0.0
2009-06-09 00:00:00+09:00,337.4525279777677,337.4525279777677,337.2436828613281,337.2436828613281,77100,0.0,0.0
2009-06-10 00:00:00+09:00,338.7054450504391,340.3759765625,338.7054450504391,340.3759765625,93600,0.0,0.0
2009-06-11 00:00:00+09:00,341.4200495326048,342.2553151959102,338.2877555001956,341.21124267578125,94800,0.0,0.0
2009-06-12 00:00:00+09:00,352.278782434234,359.1698317768102,351.2347095396785,356.03753662109375,137400,0.0,0.0
2009-06-15 00:00:00+09:00,364.5989923562343,367.3136341931613,362.71961610697537,366.2695617675781,49800,0.0,0.0
2009-06-16 00:00:00+09:00,360.631507255228,370.02839043585624,358.9609375,358.9609375,79800,0.0,0.0
2009-06-17 00:00:00+09:00,369.8195474420805,374.4136047363281,368.77547479558257,374.4136047363281,73200,0.0,0.0
2009-06-18 00:00:00+09:00,374.4136414210126,376.91947719575217,374.4136414210126,375.8753662109375,54900,0.0,0.0
2009-06-19 00:00:00+09:00,380.26057214814483,380.26057214814483,377.9635433162431,379.2164611816406,54600,0.0,0.0
2009-06-22 00:00:00+09:00,398.63663860150393,405.9453379875646,398.63663860150393,403.0218505859375,152700,0.0,0.0
2009-06-23 00:00:00+09:00,400.7248787914759,400.7248787914759,395.2955557193006,396.96612548828125,50700,0.0,0.0
2009-06-24 00:00:00+09:00,382.9751825465032,391.5367999848437,382.7663756651832,385.48101806640625,99300,0.0,0.0
2009-06-25 00:00:00+09:00,391.745591950815,398.4278324948081,388.19568392345565,395.9219970703125,93900,0.0,0.0
2009-06-26 00:00:00+09:00,396.5485160025173,400.7249217547295,394.2514871033976,399.0543518066406,31500,0.0,0.0
2009-06-29 00:00:00+09:00,386.5251331054688,396.1308232898176,386.5251331054688,391.53680419921875,50400,0.0,0.0
2009-06-30 00:00:00+09:00,394.87787514909064,394.87787514909064,382.7663503492793,392.3720397949219,53400,0.0,0.0
2009-07-01 00:00:00+09:00,386.1074338462417,386.94273775031036,380.26049769781775,383.3927917480469,53100,0.0,0.0
2009-07-02 00:00:00+09:00,387.36043669648467,388.1957407843436,384.019335053108,385.0634460449219,27900,0.0,0.0
2009-07-03 00:00:00+09:00,381.09581179294054,386.10748291015625,381.09581179294054,386.10748291015625,69000,0.0,0.0
2009-07-06 00:00:00+09:00,382.1398690242895,384.2280522845498,361.25792171365435,373.36944580078125,83400,0.0,0.0
2009-07-07 00:00:00+09:00,368.77546962557756,375.4576721191406,363.55495352221334,375.4576721191406,63000,0.0,0.0
2009-07-08 00:00:00+09:00,373.9959179205919,374.20472478325036,365.2254943847656,365.2254943847656,20100,0.0,0.0
2009-07-09 00:00:00+09:00,367.9402093120697,385.2722529488767,367.9402093120697,385.0634460449219,63600,0.0,0.0
2009-07-10 00:00:00+09:00,396.7573452724474,397.3838042587913,385.48108351825766,388.4045715332031,73800,0.0,0.0
2009-07-13 00:00:00+09:00,392.5809409867861,392.5809409867861,377.54592671370943,388.61334228515625,31800,0.0,0.0
2009-07-14 00:00:00+09:00,391.11913988643374,391.11913988643374,380.4693391473946,389.4486083984375,49200,0.0,0.0
2009-07-15 00:00:00+09:00,382.3485686833719,384.2279445615032,371.2811584472656,371.2811584472656,102600,0.0,0.0
2009-07-16 00:00:00+09:00,371.9076170733094,377.75455150438444,371.2811584472656,371.2811584472656,37800,0.0,0.0
2009-07-17 00:00:00+09:00,375.45770143036407,379.0076480694671,373.9959766900361,377.7547302246094,80100,0.0,0.0
2009-07-21 00:00:00+09:00,377.75471046013547,386.10748291015625,377.75471046013547,386.10748291015625,114900,0.0,0.0
2009-07-22 00:00:00+09:00,387.36036462804947,425.99200530550377,385.27218126894826,419.7274169921875,320100,0.0,0.0
2009-07-23 00:00:00+09:00,417.63919015619,431.21243793137035,417.63919015619,430.1683654785156,137700,0.0,0.0
2009-07-24 00:00:00+09:00,437.477128434316,441.65353393554693,435.3889448017094,441.6535339355469,111600,0.0,0.0
2009-07-27 00:00:00+09:00,438.52119792094555,439.56530875657154,429.12431510835387,433.30072021484375,66000,0.0,0.0
2009-07-28 00:00:00+09:00,433.3008249552029,433.3008249552029,414.08940270465354,432.2567138671875,40200,0.0,0.0
2009-07-29 00:00:00+09:00,432.2566353123296,432.2566353123296,429.1243408535446,431.2125244140625,21000,0.0,0.0
2009-07-30 00:00:00+09:00,431.21243793137035,432.2565486202337,425.99196095907087,430.1683654785156,20700,0.0,0.0
2009-07-31 00:00:00+09:00,430.1683911802282,430.1683911802282,427.0360971624984,428.0801696777344,22800,0.0,0.0
2009-08-03 00:00:00+09:00,424.9479064941406,434.34478922916594,421.8156122491322,424.9479064941406,26700,0.0,0.0
2009-08-04 00:00:00+09:00,420.7715145357568,423.90380859375,420.7715145357568,423.90380859375,22200,0.0,0.0
2009-08-05 00:00:00+09:00,423.9037727428876,434.3447265625,422.8596620665231,434.3447265625,51600,0.0,0.0
2009-08-06 00:00:00+09:00,435.3889140814123,445.8299079797821,432.25661973550285,444.7857971191406,123600,0.0,0.0
2009-08-07 00:00:00+09:00,439.5652716655248,444.7857489311165,430.1683896458533,443.74163818359375,35400,0.0,0.0
2009-08-10 00:00:00+09:00,448.96218817469344,452.094482421875,448.96218817469344,452.094482421875,34500,0.0,0.0
2009-08-11 00:00:00+09:00,452.09453628533754,460.44730919431674,450.006314381079,459.4031982421875,63000,0.0,0.0
2009-08-12 00:00:00+09:00,455.226818001947,461.4914070651113,455.226818001947,460.4472961425781,59100,0.0,0.0
2009-08-13 00:00:00+09:00,463.5795443390482,479.2410154315836,463.5795443390482,477.15283203125,69600,0.0,0.0
2009-08-14 00:00:00+09:00,480.28515624999994,480.28515624999994,475.0646400690547,480.28515625,53700,0.0,0.0
2009-08-17 00:00:00+09:00,476.1087471054244,476.1087471054244,459.4031642862114,475.06463623046875,29400,0.0,0.0
2009-08-18 00:00:00+09:00,466.71186393887,475.06463623046875,466.71186393887,475.06463623046875,36000,0.0,0.0
2009-08-19 00:00:00+09:00,469.8441296179837,469.8441296179837,462.5354304119218,465.667724609375,24600,0.0,0.0
2009-08-20 00:00:00+09:00,463.5795272024054,479.2409977160002,462.5354164228284,476.10870361328125,34500,0.0,0.0
2009-08-21 00:00:00+09:00,478.1968432138872,492.81423984741787,477.15277076578394,483.4173583984375,64500,0.0,0.0
2009-08-24 00:00:00+09:00,485.50551096365575,489.68191520115164,482.3732173445354,486.54962158203125,31800,0.0,0.0
2009-08-25 00:00:00+09:00,488.6378173828125,488.6378173828125,478.19682563357054,479.2409362792969,53400,0.0,0.0
2009-08-26 00:00:00+09:00,484.46143084654074,490.72601847919435,481.329137030214,483.4173583984375,51600,0.0,0.0
2009-08-27 00:00:00+09:00,484.46144348786237,486.549664910575,483.41737101251556,485.50555419921875,18600,0.0,0.0
2009-08-28 00:00:00+09:00,484.4615643196309,489.6820809424759,476.1087912535056,488.6379699707031,31800,0.0,0.0
2009-08-31 00:00:00+09:00,489.6820809424759,498.03485400860126,484.4615643196309,488.6379699707031,31500,0.0,0.0
2009-09-02 00:00:00+09:00,477.15283203125,482.3733096500907,470.88824359423586,477.15283203125,46200,0.0,0.0
2009-09-03 00:00:00+09:00,493.8584065540197,493.8584065540197,479.24104536660775,480.28515625,62400,0.0,0.0
2009-09-04 00:00:00+09:00,474.02047753294295,477.1527713531254,467.75588989257807,467.7558898925781,24000,0.0,0.0
2009-09-07 00:00:00+09:00,463.5796357550268,463.5796357550268,456.27093505859375,456.27093505859375,27600,0.0,0.0
2009-09-08 00:00:00+09:00,456.2708440158628,456.2708440158628,436.4330061690948,453.1385498046875,27600,0.0,0.0
2009-09-09 00:00:00+09:00,453.13849371491295,459.4030813618288,450.006199891455,455.2267150878906,43500,0.0,0.0
2009-09-10 00:00:00+09:00,459.40318605424704,464.6237024403751,450.00630244243735,457.31500244140625,78600,0.0,0.0
2009-09-11 00:00:00+09:00,461.4914519429121,461.4914519429121,454.182751246479,456.27093505859375,55200,0.0,0.0
2009-09-14 00:00:00+09:00,462.5354324382134,464.62365406967245,447.91807219806645,453.1385498046875,46800,0.0,0.0
2009-09-15 00:00:00+09:00,447.9181204901801,453.1385986596449,435.3889422946506,451.0504150390625,71700,0.0,0.0
2009-09-16 00:00:00+09:00,451.0504150390625,453.1385986596449,447.9181204901801,451.0504150390625,40200,0.0,0.0
2009-09-17 00:00:00+09:00,450.0062866210938,452.09450839653414,440.60940333966016,450.00628662109375,36900,0.0,0.0
2009-09-18 00:00:00+09:00,454.18263095078794,454.18263095078794,436.4329776589676,443.74163818359375,71100,0.0,0.0
2009-09-21 00:00:00+09:00,443.7416381835938,443.7416381835938,443.7416381835938,443.74163818359375,0,0.0,0.0
2009-09-24 00:00:00+09:00,437.47711186267026,458.3591003417969,437.47711186267026,458.3591003417969,65100,0.0,0.0
2009-09-25 00:00:00+09:00,465.6677121389707,469.8441170357369,444.78576412716427,463.57952880859375,55200,0.0,0.0
2009-09-28 00:00:00+09:00,460.44730919431674,463.57960381468627,453.1386090014485,459.4031982421875,41700,0.0,0.0
2009-09-29 00:00:00+09:00,454.18271400945645,454.18271400945645,434.34483559473864,435.3889465332031,79200,0.0,0.0
2009-09-30 00:00:00+09:00,438.5213039232337,438.5213039232337,430.16852992717986,432.2567138671875,48900,0.0,0.0
2009-10-01 00:00:00+09:00,432.2566673060963,442.6976623535157,429.12437261547245,442.6976623535156,67200,0.0,0.0
2009-10-02 00:00:00+09:00,441.6534549245593,445.8298596786391,436.4329776589676,443.74163818359375,63600,0.0,0.0
2009-10-05 00:00:00+09:00,436.43292245410316,441.65339905935116,434.34470122319914,439.5652160644531,43500,0.0,0.0
2009-10-06 00:00:00+09:00,438.52119792094555,438.52119792094555,430.16842594397986,433.30072021484375,33900,0.0,0.0
2009-10-07 00:00:00+09:00,435.3889456612723,439.56535117074844,430.16846745144045,438.521240234375,22200,0.0,0.0
2009-10-08 00:00:00+09:00,440.6093141486707,442.6975355013997,433.30065412214367,434.3447265625,20700,0.0,0.0
2009-10-09 00:00:00+09:00,434.34475677031975,439.5652722792107,434.34475677031975,437.47705078125,33900,0.0,0.0
2009-10-13 00:00:00+09:00,470.8882915149149,472.97647512775575,446.87400790516745,457.31500244140625,158100,0.0,0.0
2009-10-14 00:00:00+09:00,452.0945294631592,452.0945294631592,438.521240234375,438.521240234375,56700,0.0,0.0
2009-10-15 00:00:00+09:00,444.7858302713298,446.8740139122409,434.34483559473864,435.3889465332031,66300,0.0,0.0
2009-10-16 00:00:00+09:00,440.6093325538574,441.6534432738367,425.99197365419707,429.124267578125,64200,0.0,0.0
2009-10-19 00:00:00+09:00,429.124267578125,431.2124507820737,424.9478629342178,429.124267578125,20100,0.0,0.0
2009-10-20 00:00:00+09:00,428.0801441007889,432.2565486202337,425.99196095907087,430.1683654785156,51600,0.0,0.0
2009-10-21 00:00:00+09:00,430.1683911802282,430.1683911802282,425.9919864112515,428.0801696777344,20100,0.0,0.0
2009-10-22 00:00:00+09:00,423.90383740225207,433.30072021484375,422.8597265666261,433.30072021484375,25200,0.0,0.0
2009-10-23 00:00:00+09:00,437.4771928352182,437.4771928352182,429.1244188391644,432.2567138671875,41400,0.0,0.0
2009-10-26 00:00:00+09:00,431.2124636954641,431.2124636954641,423.90380314476863,428.0801696777344,23700,0.0,0.0
2009-10-27 00:00:00+09:00,428.08020073914906,428.08020073914906,422.8597230761396,424.9479064941406,34800,0.0,0.0
2009-10-28 00:00:00+09:00,423.9037778173528,430.1683654785156,422.8596671284895,430.1683654785156,28800,0.0,0.0
2009-10-29 00:00:00+09:00,424.94787566000457,428.0801696777344,422.8596923935217,428.0801696777344,71400,0.0,0.0
2009-10-30 00:00:00+09:00,435.3889465332031,445.82994120979424,432.25665195382754,435.3889465332031,56100,0.0,0.0
2009-11-02 00:00:00+09:00,430.1683603290583,437.47702035558535,428.0801389763293,434.3447265625,18900,0.0,0.0
2009-11-04 00:00:00+09:00,430.16842239316384,430.16842239316384,423.90383390314696,424.9479064941406,30600,0.0,0.0
2009-11-05 00:00:00+09:00,430.16839707452647,430.16839707452647,418.6832933614709,420.7715148925781,50400,0.0,0.0
2009-11-06 00:00:00+09:00,422.85984294232605,423.9039540653029,396.7573707561002,401.76904296875,92700,0.0,0.0
2009-11-09 00:00:00+09:00,400.93368675595235,400.93368675595235,389.4486199327611,394.6690979003906,106800,0.0,0.0
2009-11-10 00:00:00+09:00,400.72492877459285,403.4395715312747,394.87795297186494,396.54852294921875,163200,0.0,0.0
2009-11-11 00:00:00+09:00,400.5160836299107,405.52775532595143,395.29560502520854,396.54852294921875,40500,0.0,0.0
2009-11-12 00:00:00+09:00,396.54847529296876,401.7689532702864,390.49269330934885,391.53680419921875,39000,0.0,0.0
2009-11-13 00:00:00+09:00,394.6690561621542,395.7131669396665,388.40446796910413,391.1191101074219,59100,0.0,0.0
2009-11-16 00:00:00+09:00,391.7456189482809,394.669106557005,385.4810299553126,386.73394775390625,21900,0.0,0.0
2009-11-17 00:00:00+09:00,390.49273091971247,390.49273091971247,382.97522355503764,389.86627197265625,52200,0.0,0.0
2009-11-18 00:00:00+09:00,392.3720696250436,393.6249873973812,389.0309683108154,390.7015380859375,35400,0.0,0.0
2009-11-19 00:00:00+09:00,390.70155763747056,393.20739330754304,386.31634521484375,386.31634521484375,42900,0.0,0.0
2009-11-20 00:00:00+09:00,382.97517560770535,389.86622316258564,382.97517560770535,387.1515808105469,45600,0.0,0.0
2009-11-24 00:00:00+09:00,390.91040747857863,390.91040747857863,385.48108351825766,388.4045715332031,42600,0.0,0.0
2009-11-25 00:00:00+09:00,394.46027210151584,395.7131898125466,388.19568354636215,395.08673095703125,65400,0.0,0.0
2009-11-26 00:00:00+09:00,391.536783949237,408.45117301584406,391.536783949237,402.18658447265625,52800,0.0,0.0
2009-11-27 00:00:00+09:00,400.9336435574343,400.9336435574343,391.53676128655695,397.3836975097656,26700,0.0,0.0
2009-11-30 00:00:00+09:00,407.40701805768873,413.4627990722656,405.31883484811493,413.4627990722656,75600,0.0,0.0
2009-12-01 00:00:00+09:00,415.1334057616257,417.63924113194537,401.5601180937232,410.9570007324219,79500,0.0,0.0
2009-12-02 00:00:00+09:00,413.2540978424881,414.92462954270127,406.1542042905132,409.2864990234375,48300,0.0,0.0
2009-12-03 00:00:00+09:00,409.2864391351283,411.374660808868,397.8013728736165,403.0218505859375,76200,0.0,0.0
2009-12-04 00:00:00+09:00,398.0102262058292,398.0102262058292,387.36042442906654,388.61334228515625,174000,0.0,0.0
2009-12-07 00:00:00+09:00,387.7780717525919,388.6133375678397,377.75472902554594,380.0517578125,195300,0.0,0.0
2009-12-08 00:00:00+09:00,380.2604921580122,386.1074282212553,373.3694453478999,383.6015930175781,161700,0.0,0.0
2009-12-09 00:00:00+09:00,383.8105125534278,386.1075031116549,370.44603005093313,377.7547302246094,159300,0.0,0.0
2009-12-10 00:00:00+09:00,382.1399114418799,382.97517719149647,373.9959461160694,376.91943359375,112200,0.0,0.0
2009-12-11 00:00:00+09:00,389.4485729904937,389.86618670651666,376.5017448375428,383.3927917480469,110400,0.0,0.0
2009-12-14 00:00:00+09:00,385.0634303982856,387.36042095651266,374.622435612465,377.7547302246094,116400,0.0,0.0
2009-12-15 00:00:00+09:00,378.1723151097161,381.931067976949,373.36945147847024,377.1282043457031,71400,0.0,0.0
2009-12-16 00:00:00+09:00,382.34872964135303,389.2397774287702,374.6224160795877,381.3046569824219,125400,0.0,0.0
2009-12-17 00:00:00+09:00,381.7222608543656,385.6898592106848,375.4576721191406,375.4576721191406,90900,0.0,0.0
2009-12-18 00:00:00+09:00,375.66656519535826,385.89871535721716,372.95188423950293,376.5018310546875,178200,0.0,0.0
2009-12-21 00:00:00+09:00,381.3046033673876,381.72221707783314,371.90772134220015,373.36944580078125,148800,0.0,0.0
2009-12-22 00:00:00+09:00,372.74303178169987,376.08413304672956,366.060791015625,366.060791015625,136800,0.0,0.0
2009-12-24 00:00:00+09:00,372.3253763808211,376.91943359375,366.26963278307466,376.91943359375,119400,0.0,0.0
2009-12-25 00:00:00+09:00,380.67815035453805,381.30460916574356,373.9959102896757,377.1282043457031,75900,0.0,0.0
2009-12-28 00:00:00+09:00,371.6988819032518,379.8428464489231,368.7754329416338,377.1282043457031,121200,0.0,0.0
2009-12-29 00:00:00+09:00,373.9960253697249,376.71066830825123,372.74310736178614,375.6665954589844,96600,0.0,0.0
2009-12-30 00:00:00+09:00,375.45762983366876,376.71054743960536,370.6548045015857,371.0724182128906,55200,0.0,0.0
2010-01-04 00:00:00+09:00,371.69891852023,375.6665168727303,371.69891852023,374.6224060058594,11100,0.0,0.0
2010-01-05 00:00:00+09:00,374.62239441266723,376.71057784577215,372.53421097956226,374.2047424316406,76800,0.0,0.0
2010-01-06 00:00:00+09:00,374.8311524706071,375.45761124255574,371.90770369218603,372.3253173828125,47700,0.0,0.0
2010-01-07 00:00:00+09:00,373.36948291675463,376.50177723652604,367.5225462651862,370.8636474609375,109200,0.0,0.0
2010-01-08 00:00:00+09:00,370.8637141400847,373.9960090230246,367.52261234362265,370.6549072265625,99300,0.0,0.0
2010-01-12 00:00:00+09:00,372.9518863878161,372.9518863878161,366.4784899096804,370.23724365234375,118500,0.0,0.0
2010-01-13 00:00:00+09:00,366.8960513988755,369.4018866088029,363.1372985839844,363.1372985839844,164400,0.0,0.0
2010-01-14 00:00:00+09:00,361.25792326501875,361.25792326501875,353.5315725204556,357.7079772949219,167100,0.0,0.0
2010-01-15 00:00:00+09:00,354.99335969698205,355.8286254150598,352.2786792002055,353.1139831542969,181500,0.0,0.0
2010-01-18 00:00:00+09:00,353.94928402370874,362.5109018693264,353.94928402370874,360.84033203125,85200,0.0,0.0
2010-01-19 00:00:00+09:00,360.21376405331887,363.5548644818115,359.1696534411624,362.92840576171875,42900,0.0,0.0
2010-01-20 00:00:00+09:00,364.8078795923,365.01672471224913,360.63151249754367,362.7196960449219,58500,0.0,0.0
2010-01-21 00:00:00+09:00,363.13739600991454,365.01677292157706,362.3020918918282,363.76385498046875,42300,0.0,0.0
2010-01-22 00:00:00+09:00,363.3462029214256,363.7638549804687,359.5874490981005,363.76385498046875,63000,0.0,0.0
2010-01-25 00:00:00+09:00,363.9725528438126,367.7313055409948,362.9284421270365,366.68719482421875,147900,0.0,0.0
2010-01-26 00:00:00+09:00,366.4784657869407,366.4784657869407,347.6846983106874,348.3111572265625,325200,0.0,0.0
2010-01-27 00:00:00+09:00,348.3111411664727,349.3552520567948,340.584827638934,341.00244140625,156900,0.0,0.0
2010-01-28 00:00:00+09:00,342.673092856336,343.9260109289369,334.7379323178555,335.78204345703125,200400,0.0,0.0
2010-01-29 00:00:00+09:00,333.9025644200449,333.9025644200449,328.055627944769,328.2644348144531,112200,0.0,0.0
2010-02-01 00:00:00+09:00,328.8908380781693,328.8908380781693,322.41744385180766,324.92327880859375,156600,0.0,0.0
2010-02-02 00:00:00+09:00,323.6704638613955,332.44088898841125,323.25281182429313,330.9791259765625,103800,0.0,0.0
2010-02-03 00:00:00+09:00,329.9350171376828,335.78195383727206,326.38507080078125,326.38507080078125,127500,0.0,0.0
2010-02-04 00:00:00+09:00,327.846796070157,328.264448062394,321.1645936104541,323.2527770996094,154800,0.0,0.0
2010-02-05 00:00:00+09:00,325.7586669921875,327.4292370041546,320.7469951923077,325.7586669921875,95100,0.0,0.0
2010-02-08 00:00:00+09:00,328.2644423705362,328.2644423705362,321.37339491619286,323.4615783691406,95700,0.0,0.0
2010-02-09 00:00:00+09:00,325.75859490342026,325.75859490342026,315.73525352177654,318.2410888671875,92400,0.0,0.0
2010-02-10 00:00:00+09:00,323.2527707325941,323.4615776065923,319.70284357654606,321.7910461425781,58500,0.0,0.0
2010-02-12 00:00:00+09:00,324.0880443628492,324.0880443628492,315.1088132578963,317.40582275390625,113100,0.0,0.0
2010-02-15 00:00:00+09:00,319.07641799376347,319.07641799376347,313.2294616699219,313.2294616699219,99600,0.0,0.0
2010-02-16 00:00:00+09:00,315.3176455547877,317.4058290954233,313.22944289614406,314.0647277832031,82200,0.0,0.0
2010-02-17 00:00:00+09:00,318.2410886618437,318.2410886618437,315.52642733339803,317.8234558105469,71100,0.0,0.0
2010-02-18 00:00:00+09:00,319.49409145975847,324.71457040493635,319.49409145975847,321.582275390625,90000,0.0,0.0
2010-02-19 00:00:00+09:00,321.9998416775348,323.8792181853803,315.52642733339803,317.8234558105469,155700,0.0,0.0
2010-02-22 00:00:00+09:00,318.4499572453528,322.62634367101333,316.5705804861041,319.4940490722656,122100,0.0,0.0
2010-02-23 00:00:00+09:00,319.28519937373466,319.9116582470108,315.944098128267,317.40582275390625,93300,0.0,0.0
2010-02-24 00:00:00+09:00,315.52642733339803,320.1204651696893,315.3176204667528,317.8234558105469,143100,0.0,0.0
2010-02-25 00:00:00+09:00,323.0439646477985,324.71449611589384,316.57055005988946,319.0763854980469,114900,0.0,0.0
2010-02-26 00:00:00+09:00,321.16465082902204,321.58226465964594,315.31769395807925,316.3617858886719,180900,0.0,0.0
2010-03-01 00:00:00+09:00,319.07645258929483,321.7911145907716,317.8235346067688,320.5381774902344,197700,0.0,0.0
2010-03-02 00:00:00+09:00,320.3293622483213,326.3851259671725,319.0764442983513,325.7586669921875,95700,0.0,0.0
2010-03-03 00:00:00+09:00,330.97910983517056,330.97910983517056,321.3734193384255,322.83514404296875,80700,0.0,0.0
2010-03-04 00:00:00+09:00,323.0439521440849,326.80270515583504,323.0439521440849,325.3409423828125,99600,0.0,0.0
2010-03-05 00:00:00+09:00,327.63793994349925,329.517316272047,324.7144529093107,328.47320556640625,62700,0.0,0.0
2010-03-08 00:00:00+09:00,332.02322474888393,332.02322474888393,325.75863560267857,328.89093017578125,66600,0.0,0.0
2010-03-09 00:00:00+09:00,328.8908633193529,328.8908633193529,322.6262754466033,325.1321105957031,86400,0.0,0.0
2010-03-10 00:00:00+09:00,325.54978146133703,326.80269910873665,324.50567067649996,324.7144775390625,75000,0.0,0.0
2010-03-11 00:00:00+09:00,327.8468066217328,330.7702941894531,325.54981618053915,330.7702941894531,104100,0.0,0.0
2010-03-12 00:00:00+09:00,330.770314103597,330.770314103597,324.9233768521558,327.2203674316406,120900,0.0,0.0
2010-03-15 00:00:00+09:00,329.3085094253226,330.5614269776878,327.4291330967748,328.47320556640625,47100,0.0,0.0
2010-03-16 00:00:00+09:00,329.517328399497,330.77024599797414,328.4732176554291,329.72613525390625,33300,0.0,0.0
2010-03-17 00:00:00+09:00,331.6056079739163,333.48498491753924,329.0997720490856,331.814453125,63000,0.0,0.0
2010-03-18 00:00:00+09:00,331.1879461951321,332.85847774581543,328.89091751792216,330.7702941894531,158100,0.0,0.0
2010-03-19 00:00:00+09:00,330.97912005925656,331.18796519208354,328.2644774566719,330.3526611328125,117000,0.0,0.0
2010-03-23 00:00:00+09:00,330.5614637253336,331.60553631103187,328.6820871878605,329.0997009277344,77700,0.0,0.0
2010-03-24 00:00:00+09:00,331.1878662109375,331.81432495015366,329.5172968276921,331.1878662109375,154500,0.0,0.0
2010-03-25 00:00:00+09:00,332.2320432967748,333.6938063061813,328.26448277699814,329.30859375,244200,0.0,0.0
2010-03-26 00:00:00+09:00,329.93500447996627,331.39672903978186,325.9674063038742,328.2644348144531,210300,0.0,0.0
2010-03-29 00:00:00+09:00,330.5614488037056,352.90512113883364,330.3526037071825,341.83770751953125,192000,0.0,0.0
2010-03-30 00:00:00+09:00,350.81699762997084,353.11402643122085,345.59651933915,351.2346496582031,276000,0.0,0.0
2010-03-31 00:00:00+09:00,356.455136181557,368.566662919832,354.3669524642046,365.8520202636719,255300,0.0,0.0
2010-04-01 00:00:00+09:00,369.61073502250343,377.54589349148875,369.61073502250343,374.6224060058594,252000,0.0,0.0
2010-04-02 00:00:00+09:00,375.0400409027074,376.0841134859665,366.68723082055357,370.44598388671875,223200,0.0,0.0
2010-04-05 00:00:00+09:00,374.6224309001251,375.2488898146738,372.95186104932264,374.83123779296875,82500,0.0,0.0
2010-04-06 00:00:00+09:00,375.66654656185256,377.9635371200796,372.7430588451784,377.7547302246094,205800,0.0,0.0
2010-04-07 00:00:00+09:00,377.33710194179577,381.3047008575208,376.7106429799466,381.0958557128906,336300,0.0,0.0
2010-04-08 00:00:00+09:00,378.58992261022377,384.2280518184974,377.3370050083852,383.6015930175781,204000,0.0,0.0
2010-04-09 00:00:00+09:00,385.06340811041844,391.9544558582751,384.43694922424964,390.7015380859375,211500,0.0,0.0
2010-04-12 00:00:00+09:00,397.3837388854445,400.9336853027344,396.1308211188734,400.9336853027344,133200,0.0,0.0
2010-04-13 00:00:00+09:00,376.5018067755703,384.0193137328196,375.0400820569999,377.9635314941406,651000,0.0,0.0
2010-04-14 00:00:00+09:00,369.61074907351764,375.66653115395934,365.43434368328025,366.47845458984375,391500,0.0,0.0
2010-04-15 00:00:00+09:00,366.4784175956998,369.81951862901246,366.4784175956998,368.9842529296875,195900,0.0,0.0
2010-04-16 00:00:00+09:00,370.4460505593739,371.07250951648444,369.19313264515273,370.23724365234375,149700,0.0,0.0
2010-04-19 00:00:00+09:00,371.07249669490153,372.74306660148034,368.5666609530428,372.1166076660156,156900,0.0,0.0
2010-04-20 00:00:00+09:00,374.622364175048,374.622364175048,369.61069375130154,371.0724182128906,174000,0.0,0.0
2010-04-21 00:00:00+09:00,372.53425224036556,379.42530039245963,372.116600213081,378.5899963378906,203100,0.0,0.0
2010-04-22 00:00:00+09:00,380.46934013320345,388.40449854779786,377.96350465870154,387.1515808105469,343800,0.0,0.0
2010-04-23 00:00:00+09:00,389.2397088300174,393.62492028553373,386.52506686479614,390.9102783203125,242400,0.0,0.0
2010-04-26 00:00:00+09:00,393.20731921159035,393.62493292056206,391.9544016126538,392.99847412109375,320400,0.0,0.0
2010-04-27 00:00:00+09:00,392.1633065275824,392.1633065275824,386.5251759225533,389.657470703125,286200,0.0,0.0
2010-04-28 00:00:00+09:00,386.3163649908613,387.1516308449711,380.2605823995105,381.93115234375,207900,0.0,0.0
2010-04-30 00:00:00+09:00,385.2721980382647,391.5367866242528,384.64573917966595,390.49267578125,294900,0.0,0.0
2010-05-06 00:00:00+09:00,389.4486721923724,389.657479103572,382.9752373489528,384.8546142578125,190500,0.0,0.0
2010-05-07 00:00:00+09:00,376.710589503586,377.7547003704569,372.7430293871009,374.6224060058594,291900,0.0,0.0
2010-05-10 00:00:00+09:00,376.50178298701655,380.4693431073206,374.20475437209564,375.4576721191406,261300,0.0,0.0
2010-05-11 00:00:00+09:00,379.6340205898447,384.0192320488033,376.91937862249256,377.54583740234375,233700,0.0,0.0
2010-05-12 00:00:00+09:00,379.8428895589614,379.8428895589614,373.160686971718,374.4136047363281,206100,0.0,0.0
2010-05-13 00:00:00+09:00,376.08417900701284,377.1282900081895,374.4136472883543,376.5018310546875,113100,0.0,0.0
2010-05-14 00:00:00+09:00,376.29295154686537,377.12821724503834,375.0400338815994,376.0841064453125,78600,0.0,0.0
2010-05-17 00:00:00+09:00,375.87538476441847,376.08419167728044,371.6989788550289,373.7872009277344,256200,0.0,0.0
2010-05-18 00:00:00+09:00,374.20479137222486,374.62244340787436,371.6989556303662,372.1166076660156,287100,0.0,0.0
2010-05-19 00:00:00+09:00,371.9077883490866,376.71061453661486,367.5225759472457,374.83123779296875,381900,0.0,0.0
2010-05-20 00:00:00+09:00,374.41359477636627,375.6665125076469,368.14900611996313,368.5666198730469,195000,0.0,0.0
2010-05-21 00:00:00+09:00,362.9285452365875,366.4784920933735,358.12571869413534,363.97265625,204900,0.0,0.0
2010-05-24 00:00:00+09:00,366.2696851850992,367.31375796249114,362.51093142003896,363.97265625,163500,0.0,0.0
2010-05-25 00:00:00+09:00,363.1373766303783,363.1373766303783,349.14643487730814,349.5640869140625,363900,0.0,0.0
2010-05-26 00:00:00+09:00,341.2112251131515,349.98164795247106,341.2112251131515,347.2669677734375,882600,0.0,0.0
2010-05-27 00:00:00+09:00,365.67578549062273,372.03934485687233,363.6303646116555,368.63031005859375,427200,45.0,0.0
2010-05-28 00:00:00+09:00,371.58487720421624,385.2210194869398,369.31220069516354,383.17559814453125,269700,0.0,0.0
2010-05-31 00:00:00+09:00,377.72100992507416,395.675243817866,377.72100992507416,395.2207336425781,283800,0.0,0.0
2010-06-01 00:00:00+09:00,391.3571535526262,399.9933880018392,389.9935397771815,394.0843811035156,174600,0.0,0.0
2010-06-02 00:00:00+09:00,394.08441931403206,402.9479097138286,390.4481294316673,400.44793701171875,236100,0.0,0.0
2010-06-03 00:00:00+09:00,400.67524122043517,400.9024963378906,397.4934615050854,400.9024963378906,82500,0.0,0.0
2010-06-04 00:00:00+09:00,400.90253033382953,400.90253033382953,397.7207503486696,398.4025573730469,43500,0.0,0.0
2010-06-07 00:00:00+09:00,392.03910362552045,392.03910362552045,385.4482874322984,386.3573913574219,47700,0.0,0.0
2010-06-08 00:00:00+09:00,377.26652296472435,389.76634560269474,375.2211019818779,384.3118896484375,81300,0.0,0.0
2010-06-09 00:00:00+09:00,382.72099449164745,384.76641555772073,374.99386211343665,383.4028015136719,157500,0.0,0.0
2010-06-10 00:00:00+09:00,383.6301463047375,388.6300512209746,381.35742820391783,385.6755676269531,62100,0.0,0.0
2010-06-11 00:00:00+09:00,398.62986394108157,399.53892612457275,389.53907564937253,392.7208557128906,113400,0.0,0.0
2010-06-14 00:00:00+09:00,393.17541687906726,393.17541687906726,385.22098733988196,392.9481201171875,67800,0.0,0.0
2010-06-15 00:00:00+09:00,390.9026730907838,394.7662600309952,389.3118039338485,392.0390319824219,41100,0.0,0.0
2010-06-16 00:00:00+09:00,392.9480392098393,398.8570463606536,389.31174952467217,398.6297912597656,74400,0.0,0.0
2010-06-17 00:00:00+09:00,396.5843996769053,398.40252384611114,395.4480408605056,397.0389099121094,22800,0.0,0.0
2010-06-18 00:00:00+09:00,395.67524997013777,400.90244998073905,392.4935122368934,394.0843811035156,60900,0.0,0.0
2010-06-21 00:00:00+09:00,394.0843979426629,399.99340509347724,392.2662322929835,398.6297912597656,86700,0.0,0.0
2010-06-22 00:00:00+09:00,398.8570861816406,399.53889316656654,396.1298582419371,398.8570861816406,45900,0.0,0.0
2010-06-23 00:00:00+09:00,397.2662066439062,398.1752687285091,395.4480408605056,397.0389099121094,50100,0.0,0.0
2010-06-24 00:00:00+09:00,398.6298672543848,402.03890248856084,396.3571493554677,401.5843505859375,71100,0.0,0.0
2010-06-25 00:00:00+09:00,401.8116223949308,402.49342947004334,397.9480767120939,402.26617431640625,119100,0.0,0.0
2010-06-28 00:00:00+09:00,400.2206694653971,405.67512492659506,400.2206694653971,402.72064208984375,114300,0.0,0.0
2010-06-29 00:00:00+09:00,398.62986394108157,401.5843472480774,391.81179352939944,392.7208557128906,66300,0.0,0.0
2010-06-30 00:00:00+09:00,386.3572649345916,396.5843686392056,382.26642345274604,391.1299133300781,65100,0.0,0.0
2010-07-01 00:00:00+09:00,387.0391224190814,387.0391224190814,384.7664046671955,385.4482116699219,82800,0.0,0.0
2010-07-02 00:00:00+09:00,383.1755387053373,383.402793836729,379.31195178649415,380.9028625488281,49200,0.0,0.0
2010-07-05 00:00:00+09:00,379.9937072181977,389.5390040398263,379.7664521176514,384.99365234375,37200,0.0,0.0
2010-07-06 00:00:00+09:00,383.4027361805883,389.0844881387348,372.72112239851964,388.1753845214844,51600,0.0,0.0
2010-07-07 00:00:00+09:00,384.9937457444903,385.22100090016943,380.2210961758156,384.7664489746094,38100,0.0,0.0
2010-07-08 00:00:00+09:00,388.85725711710086,390.67542304455395,385.44822201200003,387.2663879394531,20400,0.0,0.0
2010-07-09 00:00:00+09:00,384.5391115328518,390.9026290579789,383.6300494904602,388.8572082519531,51900,0.0,0.0
2010-07-12 00:00:00+09:00,387.94819785670234,392.94810217677764,386.35732866717797,388.6300048828125,38400,0.0,0.0
2010-07-13 00:00:00+09:00,390.9027173561417,394.5390495754785,385.22100548295606,391.3572692871094,140700,0.0,0.0
2010-07-14 00:00:00+09:00,393.6298387985736,402.038818359375,392.72077679775356,402.038818359375,76800,0.0,0.0
2010-07-15 00:00:00+09:00,401.81145974988993,406.81140401964126,399.31152922919875,404.3114318847656,120300,0.0,0.0
2010-07-16 00:00:00+09:00,401.3570114552122,402.49332855268955,398.85703893521844,402.038818359375,34500,0.0,0.0
2010-07-21 00:00:00+09:00,404.99333942394225,409.31143635448274,404.5387875733925,408.4023742675781,117300,0.0,0.0
2010-07-22 00:00:00+09:00,407.49335187368496,409.08422108427976,405.4479307682636,408.6296691894531,90300,0.0,0.0
2010-07-23 00:00:00+09:00,408.8569688090815,413.1750661904977,399.0843734941195,409.9932861328125,134100,0.0,0.0
2010-07-26 00:00:00+09:00,410.4477287458667,415.4476318359375,409.76592188748486,415.4476318359375,102600,0.0,0.0
2010-07-27 00:00:00+09:00,414.9931461298582,422.49302201404726,414.31133923129556,420.4476013183594,162600,0.0,0.0
2010-07-28 00:00:00+09:00,419.5385404295786,422.4930650336496,416.8113125576329,422.03851318359375,93000,0.0,0.0
2010-07-29 00:00:00+09:00,419.76587039874727,425.6748368463714,414.31141422297236,423.40216064453125,93300,0.0,0.0
2010-07-30 00:00:00+09:00,419.9931341947124,421.35674826677314,415.67503683791966,416.1295471191406,106200,0.0,0.0
2010-08-02 00:00:00+09:00,414.99325186263195,415.22050701532316,406.3570150757514,412.0387268066406,43500,0.0,0.0
2010-08-03 00:00:00+09:00,413.1750857984989,419.08409429628045,396.12990899163015,412.0387268066406,86400,0.0,0.0
2010-08-04 00:00:00+09:00,413.17498779296875,415.90221543516657,411.81137397186984,413.17498779296875,111000,0.0,0.0
2010-08-05 00:00:00+09:00,417.4931389882388,424.538505728668,417.26588385971417,424.0839538574219,103500,0.0,0.0
2010-08-06 00:00:00+09:00,423.8566967470427,430.9020218403328,421.58397901563563,430.22021484375,174900,0.0,0.0
2010-08-09 00:00:00+09:00,427.2657380297904,430.90202819378186,427.2657380297904,429.0838623046875,48600,0.0,0.0
2010-08-10 00:00:00+09:00,429.7656094548486,431.12922327819996,424.9929610731187,426.8111267089844,54000,0.0,0.0
2010-08-11 00:00:00+09:00,418.17490508461213,422.26574668309485,414.7658704192099,416.3567810058594,65700,0.0,0.0
2010-08-12 00:00:00+09:00,407.26594953535545,417.9476041880669,403.1751083850644,415.4476318359375,137400,0.0,0.0
2010-08-13 00:00:00+09:00,414.99314181978326,423.4020796099913,412.2659142538574,421.3566589355469,63000,0.0,0.0
2010-08-16 00:00:00+09:00,419.0839628234327,421.81119025696006,410.22047366446884,415.4476318359375,52200,0.0,0.0
2010-08-17 00:00:00+09:00,415.4477018613527,420.4476474083729,410.44779792852756,419.5385437011719,31800,0.0,0.0
2010-08-18 00:00:00+09:00,421.58404266583915,424.5385678398994,417.0386897451668,420.2204284667969,36900,0.0,0.0
2010-08-19 00:00:00+09:00,421.81114889707976,422.26565901530944,414.76578430849503,417.4930114746094,38100,0.0,0.0
2010-08-20 00:00:00+09:00,414.53861682046977,416.5840376271497,403.85696095863244,406.35693359375,99000,0.0,0.0
2010-08-23 00:00:00+09:00,403.1752777075111,403.1752777075111,377.266606208077,387.49371337890625,153000,0.0,0.0
2010-08-24 00:00:00+09:00,386.3573076501851,388.40272861724924,377.493816792907,382.9482727050781,121800,0.0,0.0
2010-08-25 00:00:00+09:00,384.76634821949386,391.58441724650316,382.94822422175196,388.4026794433594,100200,0.0,0.0
2010-08-26 00:00:00+09:00,385.6754850503057,401.1297484331227,384.0845743975199,399.53887939453125,93600,0.0,0.0
2010-08-27 00:00:00+09:00,399.7662011695931,407.2660789958312,397.9480767120939,402.26617431640625,82200,0.0,0.0
2010-08-30 00:00:00+09:00,408.4024519348145,412.94784646213986,406.5842858010438,409.0842590332031,56100,0.0,0.0
2010-08-31 00:00:00+09:00,404.31150169550017,408.17508809574707,390.9026184592719,398.6297912597656,68400,0.0,0.0
2010-09-01 00:00:00+09:00,396.35708310402237,399.3116075559233,390.44811742860594,394.99346923828125,52500,0.0,0.0
2010-09-02 00:00:00+09:00,395.44808631641314,395.44808631641314,386.1300428249139,386.5845947265625,45900,0.0,0.0
2010-09-03 00:00:00+09:00,401.5843002788036,405.6751420473483,395.67529274172983,399.53887939453125,93300,0.0,0.0
2010-09-06 00:00:00+09:00,399.7661377801129,399.9934345119097,395.4480408605056,397.0389099121094,20400,0.0,0.0
2010-09-07 00:00:00+09:00,397.03890666457806,400.4479414716986,397.03890666457806,399.53887939453125,4800,0.0,0.0
2010-09-08 00:00:00+09:00,398.62986441602334,400.2207336425781,397.493505474656,400.2207336425781,27300,0.0,0.0
2010-09-09 00:00:00+09:00,400.67539866782124,403.6298828125,400.22084664009714,403.6298828125,13200,0.0,0.0
2010-09-10 00:00:00+09:00,412.7205496865418,412.7205496865418,403.6298022460938,409.0842590332031,60900,0.0,0.0
2010-09-13 00:00:00+09:00,409.3114014284581,417.94763616681496,398.1752357608808,413.17498779296875,50700,0.0,0.0
2010-09-14 00:00:00+09:00,412.9478306458077,412.9478306458077,398.4025853611456,412.0387268066406,14400,0.0,0.0
2010-09-16 00:00:00+09:00,408.6297893602839,410.2207006529366,406.8116644746967,408.8570861816406,50100,0.0,0.0
2010-09-17 00:00:00+09:00,409.0842590332032,410.4478732299805,406.81158257664185,409.0842590332031,40800,0.0,0.0
2010-09-21 00:00:00+09:00,408.40230390715044,410.90227623318106,408.175048828125,408.175048828125,26400,0.0,0.0
2010-09-22 00:00:00+09:00,405.6751968332681,408.629680193707,405.6751968332681,406.5842590332031,21900,0.0,0.0
2010-09-24 00:00:00+09:00,406.81148100163165,408.8569017860853,402.9478945373772,407.2659912109375,33600,0.0,0.0
2010-09-27 00:00:00+09:00,405.6752235412598,409.0842590332032,403.8570574074891,409.0842590332031,18300,0.0,0.0
2010-09-28 00:00:00+09:00,407.94782838231237,411.12960815429693,406.35695930341785,411.1296081542969,11100,0.0,0.0
2010-09-29 00:00:00+09:00,410.6750080295011,420.4476013183594,409.76594603614774,420.4476013183594,42600,0.0,0.0
2010-09-30 00:00:00+09:00,418.17500076899256,419.31135978887266,412.94784082878914,413.8569030761719,44700,0.0,0.0
2010-10-01 00:00:00+09:00,413.85682367096376,413.85682367096376,405.67514017170254,409.5387268066406,64500,0.0,0.0
2010-10-04 00:00:00+09:00,409.08423210077456,409.08423210077456,404.5388378726993,406.5842590332031,38700,0.0,0.0
2010-10-05 00:00:00+09:00,401.35708000597657,405.9024324006023,399.76616921507934,404.538818359375,26400,0.0,0.0
2010-10-06 00:00:00+09:00,404.5387787347018,404.5387787347018,399.31161983146393,400.44793701171875,23100,0.0,0.0
2010-10-07 00:00:00+09:00,400.44790784020125,405.9023630735034,399.08429403187574,402.038818359375,24900,0.0,0.0
2010-10-08 00:00:00+09:00,400.44796276113425,404.5388047471647,399.0843487657908,399.3116455078125,29400,0.0,0.0
2010-10-12 00:00:00+09:00,398.1753203330232,398.1753203330232,388.4027664108616,389.31182861328125,44700,0.0,0.0
2010-10-13 00:00:00+09:00,387.72099709185886,396.3571928908951,387.0391899701347,389.76641845703125,30600,0.0,0.0
2010-10-14 00:00:00+09:00,392.0390763764597,393.17543539677774,389.7663999500259,391.3572692871094,33300,0.0,0.0
2010-10-15 00:00:00+09:00,387.0391466282111,392.266306233272,382.03920055267514,386.5845947265625,33000,0.0,0.0
2010-10-18 00:00:00+09:00,385.22099543571676,390.6754520082579,385.22099543571676,389.5390930175781,21600,0.0,0.0
2010-10-19 00:00:00+09:00,389.53910317744095,398.62989211158066,389.53910317744095,391.3572692871094,31200,0.0,0.0
2010-10-20 00:00:00+09:00,390.9027173561417,395.22085666482883,388.8572960880906,391.3572692871094,21300,0.0,0.0
2010-10-21 00:00:00+09:00,394.31172608732794,396.5844439739819,391.81179467188775,396.3571472167969,23100,0.0,0.0
2010-10-22 00:00:00+09:00,397.72078358989774,399.76620483398443,396.1299142714531,399.7662048339844,22500,0.0,0.0
2010-10-25 00:00:00+09:00,404.08426388742686,405.9023880007213,403.17516021658616,405.2205810546875,52500,0.0,0.0
2010-10-26 00:00:00+09:00,405.2206449262005,410.6751013542109,404.766134633333,406.5842590332031,47100,0.0,0.0
2010-10-27 00:00:00+09:00,405.6751451038179,407.2660141543954,397.948013354191,400.9024963378906,30600,0.0,0.0
2010-10-28 00:00:00+09:00,400.90247332347303,402.26608717831476,393.4025971218434,401.3570251464844,94200,0.0,0.0
2010-10-29 00:00:00+09:00,400.9025071364183,402.26612110627,393.4026303022336,398.8570861816406,29400,0.0,0.0
2010-11-01 00:00:00+09:00,396.58443470204344,401.3570838925555,395.6753309229565,396.1298828125,14700,0.0,0.0
2010-11-02 00:00:00+09:00,396.58448492987225,396.58448492987225,389.3118618470836,390.67547607421875,19500,0.0,0.0
2010-11-04 00:00:00+09:00,390.9026276410579,401.5842834607609,390.9026276410579,394.99346923828125,35400,0.0,0.0
2010-11-05 00:00:00+09:00,404.31156322390314,408.85695723272687,404.31156322390314,404.538818359375,60900,0.0,0.0
2010-11-08 00:00:00+09:00,404.5387710522106,408.8569094205951,403.6297090024317,403.8569641113281,34800,0.0,0.0
2010-11-09 00:00:00+09:00,403.629813291719,407.0388488769531,401.8116471081928,407.0388488769531,23400,0.0,0.0
2010-11-10 00:00:00+09:00,409.99330836554645,415.4477649806721,408.4024390575353,413.40234375,27600,0.0,0.0
2010-11-11 00:00:00+09:00,408.17509478225185,415.4476742717216,408.17509478225185,414.9931640625,14700,0.0,0.0
2010-11-12 00:00:00+09:00,413.85679464156726,415.22040846246205,409.3114013671875,409.3114013671875,23100,0.0,0.0
2010-11-15 00:00:00+09:00,406.8114885979477,406.8114885979477,401.1297363477982,403.8569641113281,36000,0.0,0.0
2010-11-16 00:00:00+09:00,402.94792809119593,402.94792809119593,397.9480240731381,398.8570861816406,22800,0.0,0.0
2010-11-17 00:00:00+09:00,395.4480838775635,395.4480838775635,392.49360057056765,392.7208557128906,32100,0.0,0.0
2010-11-18 00:00:00+09:00,390.22090008914574,390.22090008914574,388.17547887444283,389.5390930175781,78900,0.0,0.0
2010-11-19 00:00:00+09:00,391.8117819509869,395.6753273273025,387.2663879394531,387.2663879394531,87000,0.0,0.0
2010-11-22 00:00:00+09:00,388.62999155404407,390.22086068900666,384.08459766446913,385.4482116699219,95100,0.0,0.0
2010-11-24 00:00:00+09:00,385.2210322581201,389.3118750785603,383.4028660220783,386.3573913574219,75900,0.0,0.0
2010-11-25 00:00:00+09:00,391.58455166295875,391.81184845134214,386.1300945690384,386.3573913574219,66900,0.0,0.0
2010-11-26 00:00:00+09:00,386.1300406481282,386.3573374047709,380.67558431589237,381.3573913574219,84000,0.0,0.0
2010-11-29 00:00:00+09:00,382.72096246902294,382.72096246902294,377.948313714184,379.7664794921875,179100,0.0,0.0
2010-11-30 00:00:00+09:00,382.9483043559723,388.4027607189573,379.99377941655575,386.5845947265625,94200,0.0,0.0
2010-12-01 00:00:00+09:00,386.8118850631596,387.2664370061642,384.0846566335387,385.6755676269531,34500,0.0,0.0
2010-12-02 00:00:00+09:00,387.26637754859127,389.5390536862802,385.4482116699219,385.4482116699219,104400,0.0,0.0
2010-12-03 00:00:00+09:00,387.72095367358423,387.94820881730874,386.35733958283794,386.5845947265625,46800,0.0,0.0
2010-12-06 00:00:00+09:00,387.26641665041967,395.4481015092314,387.26641665041967,389.5390930175781,37800,0.0,0.0
2010-12-07 00:00:00+09:00,391.58448010292716,392.4935838619166,389.0845488011999,392.0390319824219,61200,0.0,0.0
2010-12-08 00:00:00+09:00,392.94819106954264,394.766357421875,392.266383889194,394.766357421875,36000,0.0,0.0
2010-12-09 00:00:00+09:00,395.90265911573294,399.99350160390634,395.90265911573294,399.7662048339844,73500,0.0,0.0
2010-12-10 00:00:00+09:00,399.9934525054842,403.85699774949296,396.81167264495053,399.3116455078125,177900,0.0,0.0
2010-12-13 00:00:00+09:00,408.4022726795524,408.4022726795524,401.35694962659215,404.3114318847656,110100,0.0,0.0
2010-12-14 00:00:00+09:00,405.4479794752452,407.94791116161423,401.3571367729642,407.0388488769531,50700,0.0,0.0
2010-12-15 00:00:00+09:00,406.8115321839879,410.9023742675781,402.7206901003976,410.9023742675781,87600,0.0,0.0
2010-12-16 00:00:00+09:00,409.9933212929871,412.0387425881531,408.8570038718079,409.0842590332031,48300,0.0,0.0
2010-12-17 00:00:00+09:00,410.90240759006866,412.7205320318639,409.53879345162176,412.2660217285156,43800,0.0,0.0
2010-12-20 00:00:00+09:00,412.2660740842336,416.1296202243501,412.0387772894929,415.67510986328125,61200,0.0,0.0
2010-12-21 00:00:00+09:00,415.9022521972656,417.7204179908378,414.76589337450866,415.9022521972656,44100,0.0,0.0
2010-12-22 00:00:00+09:00,415.67504959650313,415.67504959650313,408.62968226514187,411.81146240234375,48600,0.0,0.0
2010-12-24 00:00:00+09:00,413.6295748992181,414.99318883667246,408.4023742675781,408.4023742675781,25800,0.0,0.0
2010-12-27 00:00:00+09:00,403.4024463608755,407.2659912109375,403.4024463608755,407.2659912109375,29100,0.0,0.0
2010-12-28 00:00:00+09:00,405.90246582031256,406.5842728970623,404.31159651263016,405.9024658203125,9600,0.0,0.0
2010-12-29 00:00:00+09:00,407.2660544825949,412.72051075519306,407.2660544825949,412.4932556152344,32700,0.0,0.0
2010-12-30 00:00:00+09:00,411.58424352866655,412.0387538638952,407.0388488769531,407.0388488769531,17400,0.0,0.0
2011-01-04 00:00:00+09:00,410.4478575093999,413.1750857984989,409.9933055898164,412.0387268066406,47100,0.0,0.0
2011-01-05 00:00:00+09:00,410.4478223868911,412.03869154799924,409.76601537295943,410.9023742675781,15300,0.0,0.0
2011-01-06 00:00:00+09:00,409.76601537295943,411.58418128150987,409.76601537295943,410.9023742675781,24900,0.0,0.0
2011-01-07 00:00:00+09:00,414.3114093372367,414.3114093372367,410.22056725364644,410.9023742675781,38100,0.0,0.0
2011-01-11 00:00:00+09:00,409.31137011050095,415.4476318359375,409.31137011050095,415.4476318359375,49800,0.0,0.0
2011-01-12 00:00:00+09:00,417.7203737241088,424.76569780452587,417.7203737241088,420.4476013183594,129300,0.0,0.0
2011-01-13 00:00:00+09:00,420.44777854856267,429.53852715666613,420.44777854856267,428.8567199707031,72600,0.0,0.0
2011-01-14 00:00:00+09:00,429.53845593244023,434.9929125157093,429.08390401243406,434.5383605957031,100200,0.0,0.0
2011-01-17 00:00:00+09:00,434.5383505694431,440.4473589363776,434.3110954217841,438.1746826171875,61800,0.0,0.0
2011-01-18 00:00:00+09:00,437.947302320783,441.81088877924174,437.72004721647096,440.6745300292969,36300,0.0,0.0
2011-01-19 00:00:00+09:00,439.99277231472877,439.99277231472877,430.67477101122967,435.2201232910156,65100,0.0,0.0
2011-01-20 00:00:00+09:00,434.083846465853,434.083846465853,429.311196997537,429.5384521484375,36600,0.0,0.0
2011-01-21 00:00:00+09:00,429.5383542999433,430.2201612115305,420.67486444930955,422.9475402832031,58200,0.0,0.0
2011-01-24 00:00:00+09:00,423.40216007956127,427.2657470703125,420.90218713093424,427.2657470703125,33600,0.0,0.0
2011-01-25 00:00:00+09:00,431.12918482124144,431.8109916720996,424.3111163126599,426.3565368652344,58500,0.0,0.0
2011-01-26 00:00:00+09:00,426.5838715544625,426.5838715544625,422.9475402832031,422.9475402832031,38100,0.0,0.0
2011-01-27 00:00:00+09:00,425.902098157191,431.35655387910083,424.9929944607429,428.1747741699219,50100,0.0,0.0
2011-01-28 00:00:00+09:00,428.402099609375,431.8111349951637,420.44771145200247,428.402099609375,98100,0.0,0.0
2011-01-31 00:00:00+09:00,422.9476174794444,431.35659866661837,416.1295471191406,416.1295471191406,98100,0.0,0.0
2011-02-01 00:00:00+09:00,420.4476474083729,423.85668227488895,417.0386125418569,419.5385437011719,35400,0.0,0.0
2011-02-02 00:00:00+09:00,418.1749732652769,424.31123666347816,418.1749732652769,422.7203674316406,34500,0.0,0.0
2011-02-03 00:00:00+09:00,422.72045999826327,427.9476623535156,421.81139761160534,427.9476623535156,28500,0.0,0.0
2011-02-04 00:00:00+09:00,428.4020804913846,437.26557209889046,428.4020804913846,433.8565368652344,51600,0.0,0.0
2011-02-07 00:00:00+09:00,436.3564841390863,447.7199481182741,436.3564841390863,444.3109130859375,131400,0.0,0.0
2011-02-08 00:00:00+09:00,444.31097597634556,445.901845345218,439.76558141844896,444.08367919921875,82200,0.0,0.0
2011-02-09 00:00:00+09:00,443.8564166684965,444.9927756926584,439.538318959405,441.583740234375,44400,0.0,0.0
2011-02-10 00:00:00+09:00,440.2201241928363,445.4472841306714,439.76557226224975,443.8564147949219,47700,0.0,0.0
2011-02-14 00:00:00+09:00,443.8563888539975,445.22000295185927,442.94732666015625,442.94732666015625,20400,0.0,0.0
2011-02-15 00:00:00+09:00,442.94736177039687,445.2200382422437,442.72006499327006,444.08367919921875,30300,0.0,0.0
2011-02-16 00:00:00+09:00,441.5836654359418,443.85634148510195,440.447306604264,442.2654724121094,39000,0.0,0.0
2011-02-17 00:00:00+09:00,440.90193128161496,444.53822188370054,440.90193128161496,443.8564147949219,62700,0.0,0.0
2011-02-18 00:00:00+09:00,442.94729022726546,443.85635234633537,436.8110272916018,440.2200622558594,52500,0.0,0.0
2011-02-21 00:00:00+09:00,438.62916528120115,442.03820035233537,438.62916528120115,439.53826904296875,19200,0.0,0.0
2011-02-22 00:00:00+09:00,437.26558522912626,438.8564961287375,434.31110180930676,437.038330078125,37800,0.0,0.0
2011-02-23 00:00:00+09:00,433.8565321665292,434.9928911035076,432.2656629461188,432.72021484375,46500,0.0,0.0
2011-02-24 00:00:00+09:00,431.5838443323064,431.5838443323064,424.3112222362447,427.2657470703125,65700,0.0,0.0
2011-02-25 00:00:00+09:00,429.76568993044606,432.947469985466,426.5839514896253,432.72021484375,45000,0.0,0.0
2011-02-28 00:00:00+09:00,437.038261342713,440.9018479872916,434.9928404627939,440.4472961425781,39000,0.0,0.0
2011-03-01 00:00:00+09:00,443.40182885884576,449.53809218724996,443.1745737180823,446.3563537597656,54900,0.0,0.0
2011-03-02 00:00:00+09:00,443.1745438068784,449.31080672112745,442.49273681640625,442.49273681640625,35100,0.0,0.0
2011-03-03 00:00:00+09:00,439.31102218605116,443.40186473599124,439.31102218605116,441.583740234375,17700,0.0,0.0
2011-03-04 00:00:00+09:00,442.49271255297396,445.21994036531896,440.67454680667936,441.3563537597656,27600,0.0,0.0
2011-03-07 00:00:00+09:00,441.35639224038977,442.9473030124273,437.0382950324254,437.9473571777344,43800,0.0,0.0
2011-03-08 00:00:00+09:00,439.31098611105784,442.94731804408957,437.7201168992308,438.8564758300781,33600,0.0,0.0
2011-03-09 00:00:00+09:00,445.44716782860814,445.44716782860814,439.99271254248566,442.7199401855469,30600,0.0,0.0
2011-03-10 00:00:00+09:00,442.71996602185965,442.71996602185965,436.58370346687093,437.7200622558594,26100,0.0,0.0
2011-03-11 00:00:00+09:00,444.31096206876174,444.31096206876174,436.1292770891684,437.2655944824219,102300,0.0,0.0
2011-03-14 00:00:00+09:00,355.4487776867612,404.5388921219039,352.2670387532131,396.5845031738281,106800,0.0,0.0
2011-03-15 00:00:00+09:00,396.5844806924569,403.40255175528307,352.26701878408676,376.58477783203125,87600,0.0,0.0
2011-03-16 00:00:00+09:00,367.4939831198025,385.6755174918723,367.4939831198025,383.6300964355469,109200,0.0,0.0
2011-03-17 00:00:00+09:00,379.5392909192226,382.4937744140625,376.35751065340907,382.4937744140625,90300,0.0,0.0
2011-03-18 00:00:00+09:00,386.3573913574219,396.5844984085224,386.3573913574219,386.3573913574219,75600,0.0,0.0
2011-03-22 00:00:00+09:00,406.5842294033523,414.7659134491271,398.17529022770503,414.0841064453125,69900,0.0,0.0
2011-03-23 00:00:00+09:00,414.76594782759366,418.17498312922925,409.3114913449768,417.0386657714844,45300,0.0,0.0
2011-03-24 00:00:00+09:00,414.76593250571733,414.76593250571733,406.12973780340405,408.6296691894531,59700,0.0,0.0
2011-03-25 00:00:00+09:00,414.7659457777596,414.7659457777596,408.62968226514187,411.81146240234375,48300,0.0,0.0
2011-03-28 00:00:00+09:00,413.8568236312246,419.311279296875,413.17501667301826,419.311279296875,47400,0.0,0.0
2011-03-29 00:00:00+09:00,422.26583583374065,422.26583583374065,419.7659042941108,420.9022216796875,67800,0.0,0.0
2011-03-30 00:00:00+09:00,422.72037792351085,432.0384216308594,421.1295086521881,432.0384216308594,45900,0.0,0.0
2011-03-31 00:00:00+09:00,434.7656354327366,438.6291809082031,432.9474694586235,438.6291809082031,32100,0.0,0.0
2011-04-01 00:00:00+09:00,440.9019040909234,441.3564143792778,432.2656676275947,433.8565368652344,40200,0.0,0.0
2011-04-04 00:00:00+09:00,435.9019302944032,439.99277231472877,434.0838060281676,435.2201232910156,34800,0.0,0.0
2011-04-05 00:00:00+09:00,435.44742456268887,438.17465260459676,432.2656446423972,434.3110656738281,38100,0.0,0.0
2011-04-06 00:00:00+09:00,436.5837453026267,437.0382971846184,429.992971891835,431.81109619140625,38700,0.0,0.0
2011-04-07 00:00:00+09:00,431.81117442144125,433.4020854895342,422.7204264340463,424.99310302734375,57300,0.0,0.0
2011-04-08 00:00:00+09:00,423.17485235819953,430.4474319363375,422.9475556366251,429.765625,37800,0.0,0.0
2011-04-11 00:00:00+09:00,428.17484178662295,436.3565266615266,428.17484178662295,434.5383605957031,38400,0.0,0.0
2011-04-12 00:00:00+09:00,430.90207268081144,431.583879757838,420.67496652541246,420.9022216796875,110700,0.0,0.0
2011-04-13 00:00:00+09:00,421.35663919068566,425.22022526609555,421.35663919068566,423.1748046875,23700,0.0,0.0
2011-04-14 00:00:00+09:00,423.40210576171876,427.26569225681425,423.40210576171876,426.12933349609375,62100,0.0,0.0
2011-04-15 00:00:00+09:00,426.3565748964701,428.62929234485,426.12931979730865,426.8111267089844,21000,0.0,0.0
2011-04-18 00:00:00+09:00,427.72018871982146,429.08380254317285,426.3565748964701,426.8111267089844,37500,0.0,0.0
2011-04-19 00:00:00+09:00,426.12948825606725,427.0385506262776,422.7204523500187,423.8568115234375,37800,0.0,0.0
2011-04-20 00:00:00+09:00,424.3112801530129,427.9476125044874,424.3112801530129,425.9021911621094,33900,0.0,0.0
2011-04-21 00:00:00+09:00,427.2657470703125,429.08387138367937,427.2657470703125,427.2657470703125,28200,0.0,0.0
2011-04-22 00:00:00+09:00,426.81126927050485,427.94762837425617,424.76584785227556,424.99310302734375,46500,0.0,0.0
2011-04-25 00:00:00+09:00,424.083934087553,426.12935499151223,422.03851318359375,422.03851318359375,93600,0.0,0.0
2011-04-26 00:00:00+09:00,423.856684971523,424.76574707031244,421.5839673032562,424.7657470703125,57900,0.0,0.0
2011-04-27 00:00:00+09:00,424.76577412168547,427.72025734155517,424.76577412168547,427.2657470703125,62700,0.0,0.0
2011-04-28 00:00:00+09:00,427.7203081122768,433.4020617050214,427.49305294968013,432.947509765625,60600,0.0,0.0
2011-05-02 00:00:00+09:00,436.1291597002797,436.583669889564,433.6291872024536,436.3564147949219,51600,0.0,0.0
2011-05-06 00:00:00+09:00,435.2201278163983,435.2201278163983,433.402003531258,434.3110656738281,71100,0.0,0.0
2011-05-09 00:00:00+09:00,434.0837601707802,434.0837601707802,431.5837875510616,432.2655944824219,73800,0.0,0.0
2011-05-10 00:00:00+09:00,432.4929032072949,433.40200697127824,430.67477890772363,431.81109619140625,66900,0.0,0.0
2011-05-11 00:00:00+09:00,432.03844475877685,434.0838660517734,430.9020857246001,431.5838928222656,75900,0.0,0.0
2011-05-12 00:00:00+09:00,430.6746657234238,431.5837276343016,429.7655621983592,429.99285888671875,60000,0.0,0.0
2011-05-13 00:00:00+09:00,430.4475180295394,431.81113217494897,426.12942044047634,427.0384826660156,89100,0.0,0.0
2011-05-16 00:00:00+09:00,426.81115419436725,427.9475129917353,425.22028516940713,425.4475402832031,54300,0.0,0.0
2011-05-17 00:00:00+09:00,427.7201505669507,428.40195741780883,425.2202198565959,426.3565368652344,48600,0.0,0.0
2011-05-18 00:00:00+09:00,427.2656315398985,430.44736903506424,427.03833485153893,429.99285888671875,44100,0.0,0.0
2011-05-19 00:00:00+09:00,430.67476671287073,431.58382883691564,429.99295971628794,430.22021484375,44100,0.0,0.0
2011-05-20 00:00:00+09:00,429.76567966438523,432.26565262033967,429.76567966438523,430.90203857421875,62700,0.0,0.0
2011-05-23 00:00:00+09:00,430.9019563328674,432.2655701187309,430.9019563328674,431.12921142578125,78600,0.0,0.0
2011-05-24 00:00:00+09:00,431.12920844666485,436.12915336974146,429.0837877820035,433.6291809082031,153900,0.0,0.0
2011-05-25 00:00:00+09:00,432.49287383681616,433.8564877759908,432.265618718352,433.4019775390625,90300,0.0,0.0
2011-05-26 00:00:00+09:00,433.402013836604,436.8110489700482,433.402013836604,436.1292419433594,596400,0.0,0.0
2011-05-27 00:00:00+09:00,453.2418930600443,453.2418930600443,445.4189328434255,450.30828857421875,358200,45.0,0.0
2011-05-30 00:00:00+09:00,444.441086664883,448.59704134025935,441.50748213244157,446.8857421875,90300,0.0,0.0
2011-05-31 00:00:00+09:00,443.95207662700767,451.0416348602565,443.95207662700767,450.06378173828125,63300,0.0,0.0
2011-06-01 00:00:00+09:00,447.61913620779467,450.7972375762737,444.93002860462263,450.30828857421875,51000,0.0,0.0
2011-06-02 00:00:00+09:00,441.99653588339913,445.4190454734539,440.77418545080053,443.2188415527344,72600,0.0,0.0
2011-06-03 00:00:00+09:00,443.2187202729898,443.2187202729898,436.6181103169832,437.59600830078125,64800,0.0,0.0
2011-06-06 00:00:00+09:00,430.9954484589248,434.9069065591697,425.8616401184287,429.2841491699219,75600,0.0,0.0
2011-06-07 00:00:00+09:00,429.2841491699219,429.5286460759259,425.8616401184287,429.2841491699219,36300,0.0,0.0
2011-06-08 00:00:00+09:00,425.86170635739114,431.2399676771752,425.3727572325878,427.8174133300781,35700,0.0,0.0
2011-06-09 00:00:00+09:00,426.5949975826173,428.306251932955,422.92799200099955,426.1060485839844,43200,0.0,0.0
2011-06-10 00:00:00+09:00,429.77315293415995,429.77315293415995,422.9280891964552,425.8616943359375,89100,0.0,0.0
2011-06-13 00:00:00+09:00,420.7278811717016,424.150390625,420.48338423699346,424.150390625,48300,0.0,0.0
2011-06-14 00:00:00+09:00,431.48433447634545,437.8404927879873,427.81732867410096,435.6402893066406,105600,0.0,0.0
2011-06-15 00:00:00+09:00,435.640196608087,436.8625465364865,434.1733945993056,434.4178466796875,27300,0.0,0.0
2011-06-16 00:00:00+09:00,429.28413503141263,431.4843385334471,424.88372802734375,424.88372802734375,30600,0.0,0.0
2011-06-17 00:00:00+09:00,429.2841562390159,429.7731052958192,420.4833417960981,422.19464111328125,49500,0.0,0.0
2011-06-20 00:00:00+09:00,424.8836576355637,432.46216495140874,424.63920554136615,429.03961181640625,31200,0.0,0.0
2011-06-21 00:00:00+09:00,429.0396791833622,431.72883169477007,427.0839278329515,428.79522705078125,39300,0.0,0.0
2011-06-22 00:00:00+09:00,428.7952980069696,434.1735591565148,428.7952980069696,432.7067565917969,25500,0.0,0.0
2011-06-23 00:00:00+09:00,429.28410525745306,434.6624099537939,428.7952010219688,432.95111083984375,25200,0.0,0.0
2011-06-24 00:00:00+09:00,436.12932014161515,436.12932014161515,429.5287084594659,431.7289123535156,36300,0.0,0.0
2011-06-27 00:00:00+09:00,431.72882715279593,431.72882715279593,427.08392333984375,427.08392333984375,27600,0.0,0.0
2011-06-28 00:00:00+09:00,432.7067565917969,433.9291069834824,429.77315146236094,432.7067565917969,27300,0.0,0.0
2011-06-29 00:00:00+09:00,432.70672050682276,434.17352294921875,429.28416655347934,434.17352294921875,48300,0.0,0.0
2011-06-30 00:00:00+09:00,432.2177097233656,433.44005983857977,430.5064553726672,432.95111083984375,31500,0.0,0.0
2011-07-01 00:00:00+09:00,432.95120876482923,435.15141261190615,430.26210057168754,432.7067565917969,42900,0.0,0.0
2011-07-04 00:00:00+09:00,434.6624126479248,434.6624126479248,431.48431128131983,432.21771240234375,37200,0.0,0.0
2011-07-05 00:00:00+09:00,432.2176881895475,433.68449034942523,431.7287839784213,431.9732360839844,22800,0.0,0.0
2011-07-06 00:00:00+09:00,431.9731915861334,434.4178466796875,431.48424266212464,434.4178466796875,42300,0.0,0.0
2011-07-07 00:00:00+09:00,434.4180120128493,436.37376368997013,433.19570638250303,433.9291076660156,23100,0.0,0.0
2011-07-08 00:00:00+09:00,436.12919351762,439.0627978579555,433.9289902623684,438.08489990234375,33600,0.0,0.0
2011-07-11 00:00:00+09:00,439.55172460973415,441.2630237381735,438.3294192474228,440.2851257324219,58200,0.0,0.0
2011-07-12 00:00:00+09:00,431.72877974223263,436.37363828185283,430.99537866949004,434.6623840332031,63000,0.0,0.0
2011-07-13 00:00:00+09:00,432.7065925905241,436.1291455320958,431.2397905817427,434.4178466796875,27600,0.0,0.0
2011-07-14 00:00:00+09:00,431.97323771389847,433.4400398793107,428.06178019388244,430.0174865722656,24000,0.0,0.0
2011-07-15 00:00:00+09:00,430.0175063739312,432.95111083984375,430.0175063739312,432.95111083984375,18600,0.0,0.0
2011-07-19 00:00:00+09:00,432.95121800803474,433.1957149495488,430.26210975748245,431.7289123535156,18900,0.0,0.0
2011-07-20 00:00:00+09:00,431.72881084887365,433.44006522082157,431.48431396484375,431.48431396484375,15300,0.0,0.0
2011-07-21 00:00:00+09:00,432.21772685312624,434.9068793078738,429.52861916163215,429.7730712890625,30900,0.0,0.0
2011-07-22 00:00:00+09:00,430.506460718481,431.48431396484375,429.2841105880883,431.48431396484375,48000,0.0,0.0
2011-07-25 00:00:00+09:00,428.0619102741114,430.0176172467984,427.8174133300781,427.8174133300781,63600,0.0,0.0
2011-07-26 00:00:00+09:00,428.306251932955,428.306251932955,426.1060485839844,426.1060485839844,44400,0.0,0.0
2011-07-27 00:00:00+09:00,425.86173653368274,425.86173653368274,420.72792703089027,422.9281311035156,45600,0.0,0.0
2011-07-28 00:00:00+09:00,423.4169394131742,423.4169394131742,420.72783155460786,421.21673583984375,37800,0.0,0.0
2011-07-29 00:00:00+09:00,421.70566974659715,425.61712770432126,419.9944152832031,419.9944152832031,63900,0.0,0.0
2011-08-01 00:00:00+09:00,422.92790987126256,425.86151376687076,419.505357071972,425.12811279296875,60300,0.0,0.0
2011-08-02 00:00:00+09:00,419.9944026318114,423.172459329027,419.2610014891268,420.4833068847656,32100,0.0,0.0
2011-08-03 00:00:00+09:00,418.03864603750276,419.2609961809189,415.10504150390625,415.10504150390625,42300,0.0,0.0
2011-08-04 00:00:00+09:00,415.5940246582031,418.28313252609587,414.8606234645494,415.5940246582031,37500,0.0,0.0
2011-08-05 00:00:00+09:00,410.9490487845653,412.4158509155789,404.5929360590054,407.28204345703125,55200,0.0,0.0
2011-08-08 00:00:00+09:00,407.0375881160199,407.0375881160199,400.4369785790034,401.1703796386719,53400,0.0,0.0
2011-08-09 00:00:00+09:00,393.3475236504294,397.7479311670778,387.4803136282315,397.50347900390625,60600,0.0,0.0
2011-08-10 00:00:00+09:00,407.28208842853667,412.6603933449504,400.43702598240066,404.8374328613281,48300,0.0,0.0
2011-08-11 00:00:00+09:00,396.0365753736764,407.77099242178537,396.0365753736764,407.28204345703125,23100,0.0,0.0
2011-08-12 00:00:00+09:00,409.9712299923245,410.2156821135733,403.37061984933536,407.7710266113281,19500,0.0,0.0
2011-08-15 00:00:00+09:00,412.4158710284301,413.1492721297037,408.5044134093879,410.2156677246094,23400,0.0,0.0
2011-08-16 00:00:00+09:00,409.48221710937923,410.7045670514475,406.79310990537266,408.5043640136719,21600,0.0,0.0
2011-08-17 00:00:00+09:00,406.30422610746547,409.7267796359531,405.08187596945146,405.8152770996094,17400,0.0,0.0
2011-08-18 00:00:00+09:00,408.2599477054299,411.19355201286237,405.0818465302119,407.03759765625,31200,0.0,0.0
2011-08-19 00:00:00+09:00,403.6151123046875,409.9712709616121,403.3706601590101,403.6151123046875,40200,0.0,0.0
2011-08-22 00:00:00+09:00,408.2599610621821,408.5044131747159,403.37060546875,403.37060546875,30300,0.0,0.0
2011-08-23 00:00:00+09:00,406.7931344344656,408.0154396869919,402.6371801914313,403.1261291503906,46500,0.0,0.0
2011-08-24 00:00:00+09:00,405.32640608528664,408.26001084642684,403.85960370471656,405.0819091796875,33600,0.0,0.0
2011-08-25 00:00:00+09:00,414.86058754705823,415.34949179166176,405.8152770996094,405.8152770996094,34500,0.0,0.0
2011-08-26 00:00:00+09:00,408.01555829980464,411.6825646499025,408.01555829980464,409.48236083984375,23100,0.0,0.0
2011-08-29 00:00:00+09:00,409.48230973895613,413.14931563143415,404.1040493510736,409.726806640625,36900,0.0,0.0
2011-08-30 00:00:00+09:00,406.79325408061885,411.92706298828125,406.5487571476036,411.92706298828125,25200,0.0,0.0
2011-08-31 00:00:00+09:00,408.99340546212943,414.1272137115986,408.99340546212943,409.726806640625,25200,0.0,0.0
2011-09-01 00:00:00+09:00,414.3716421408259,414.6160942652524,411.1935854702697,413.1492919921875,25200,0.0,0.0
2011-09-02 00:00:00+09:00,426.5950642812045,428.30631889909864,421.4612556642632,424.6393127441406,205200,0.0,0.0
2011-09-05 00:00:00+09:00,420.48329974267193,429.03966118307676,420.48329974267193,423.9058532714844,27000,0.0,0.0
2011-09-06 00:00:00+09:00,424.63924635133725,426.8394497003079,421.70564188604305,426.1060485839844,25200,0.0,0.0
2011-09-07 00:00:00+09:00,424.3948254943989,432.46223836820036,423.1724752894046,427.32843017578125,41400,0.0,0.0
2011-09-08 00:00:00+09:00,430.7509587370088,435.15136595939566,427.8173539220842,430.2620544433594,104100,0.0,0.0
2011-09-09 00:00:00+09:00,445.17457188342144,445.17457188342144,438.0850113365138,442.240966796875,116400,0.0,0.0
2011-09-12 00:00:00+09:00,433.4402006952192,433.6846528924018,429.28424476351637,430.99554443359375,27300,0.0,0.0
2011-09-13 00:00:00+09:00,428.0618258897841,429.2841313159431,424.3948200847981,428.79522705078125,16200,0.0,0.0
2011-09-14 00:00:00+09:00,431.2399641988143,431.4844163776126,422.9280977237796,423.6614990234375,18900,0.0,0.0
2011-09-15 00:00:00+09:00,426.3505321064838,427.5728823114781,424.3948254943989,427.32843017578125,18900,0.0,0.0
2011-09-16 00:00:00+09:00,427.57280454359426,434.1734138761712,427.3283524523589,430.50640869140625,47700,0.0,0.0
2011-09-20 00:00:00+09:00,430.2619196102831,430.50637168050275,424.3947118190667,425.12811279296875,16800,0.0,0.0
2011-09-21 00:00:00+09:00,425.86155813230096,428.30621337890625,423.9058070770682,428.30621337890625,18300,0.0,0.0
2011-09-22 00:00:00+09:00,428.550700387484,428.550700387484,422.9279883858997,425.6170959472656,28500,0.0,0.0
2011-09-26 00:00:00+09:00,424.88372653954457,432.2177381873115,415.59400829454296,419.9944152832031,22500,0.0,0.0
2011-09-27 00:00:00+09:00,419.74995429026376,426.5950622558594,419.261049980763,426.5950622558594,28500,0.0,0.0
2011-09-28 00:00:00+09:00,426.595080254349,436.8626978726854,415.59406137755997,436.3737487792969,65400,0.0,0.0
2011-09-29 00:00:00+09:00,436.12925051350584,441.9964599609375,436.12925051350584,441.9964599609375,57000,0.0,0.0
2011-09-30 00:00:00+09:00,441.9964599609375,441.9964599609375,428.55074180173614,441.9964599609375,42900,0.0,0.0
2011-10-03 00:00:00+09:00,439.0628634537838,439.7962646484375,436.8626598698226,439.7962646484375,42900,0.0,0.0
2011-10-04 00:00:00+09:00,436.6181389786556,436.6181389786556,433.6845343611882,435.1513366699219,25500,0.0,0.0
2011-10-05 00:00:00+09:00,435.15127758646634,435.15127758646634,425.37261177704227,427.57281494140625,61800,0.0,0.0
2011-10-06 00:00:00+09:00,425.37267880044135,432.7066905038972,424.150328595447,427.32843017578125,32700,0.0,0.0
2011-10-07 00:00:00+09:00,426.5949198244122,433.68443281445417,426.5949198244122,432.4621276855469,24300,0.0,0.0
2011-10-11 00:00:00+09:00,440.04069262011905,440.04069262011905,432.70668107645037,435.1513366699219,37200,0.0,0.0
2011-10-12 00:00:00+09:00,425.3726689032716,429.0396746696791,424.8837198799992,427.08392333984375,21900,0.0,0.0
2011-10-13 00:00:00+09:00,425.8616398923789,426.59504108348904,420.72783155460786,421.21673583984375,20400,0.0,0.0
2011-10-14 00:00:00+09:00,417.79419569906156,417.79419569906156,412.4158908556551,413.1492919921875,33000,0.0,0.0
2011-10-17 00:00:00+09:00,413.88274866739664,418.772105154797,412.17149404027305,414.61614990234375,19800,0.0,0.0
2011-10-18 00:00:00+09:00,414.61610243460217,415.594000478082,410.70464455044447,410.9490966796875,26700,0.0,0.0
2011-10-19 00:00:00+09:00,411.19359990818026,414.37165669032504,410.70465087890625,410.70465087890625,23400,0.0,0.0
2011-10-20 00:00:00+09:00,410.70456331977135,410.70456331977135,408.0154113769531,408.0154113769531,20700,0.0,0.0
2011-10-21 00:00:00+09:00,408.2599746716452,408.9933757969456,406.05977129574393,406.5486755371094,15900,0.0,0.0
2011-10-24 00:00:00+09:00,406.54871450745213,412.4159240722656,405.81531331185045,412.4159240722656,21900,0.0,0.0
2011-10-25 00:00:00+09:00,418.03862772594454,418.03862772594454,409.9712156119351,410.2156677246094,31800,0.0,0.0
2011-10-26 00:00:00+09:00,407.2820793599251,410.21568388055664,404.5929717248479,405.8152770996094,23100,0.0,0.0
2011-10-27 00:00:00+09:00,405.81524760707003,407.28204976078626,403.6150443764957,407.03759765625,20100,0.0,0.0
2011-10-28 00:00:00+09:00,411.4380457014274,416.57185375830795,410.70464455044447,410.9490966796875,30900,0.0,0.0
2011-10-31 00:00:00+09:00,410.9490966796875,414.37165030535914,410.9490966796875,410.9490966796875,15900,0.0,0.0
2011-11-01 00:00:00+09:00,408.7488852709377,408.9933821586758,405.0818795873968,406.3042297363281,37500,0.0,0.0
2011-11-02 00:00:00+09:00,403.85951501213674,404.3484191894531,401.17036298391076,404.3484191894531,35100,0.0,0.0
2011-11-04 00:00:00+09:00,404.5929328382077,404.5929328382077,399.9480296181416,401.1703796386719,40500,0.0,0.0
2011-11-07 00:00:00+09:00,401.1704945529512,401.1704945529512,396.03668566470503,396.525634765625,39000,0.0,0.0
2011-11-08 00:00:00+09:00,396.5255801807104,396.770032315889,391.88067626953125,391.88067626953125,49800,0.0,0.0
2011-11-09 00:00:00+09:00,391.14722413051743,392.3695741736367,389.4359698807497,392.1251220703125,69300,0.0,0.0
2011-11-10 00:00:00+09:00,386.2579788874127,386.2579788874127,381.3686226502977,382.5909729003906,84300,0.0,0.0
2011-11-11 00:00:00+09:00,383.81325504272394,384.54665619552105,375.0124635907859,379.16839599609375,63000,0.0,0.0
2011-11-14 00:00:00+09:00,383.32435078302854,383.32435078302854,376.2347913849054,379.16839599609375,54000,0.0,0.0
2011-11-15 00:00:00+09:00,378.9240105470986,380.3908131108122,377.70166015625,377.70166015625,32700,0.0,0.0
2011-11-16 00:00:00+09:00,377.7015695800163,383.8132305421044,377.7015695800163,378.9239196777344,20400,0.0,0.0
2011-11-17 00:00:00+09:00,378.9239681556005,387.48028564453125,377.45716575598306,387.48028564453125,24900,0.0,0.0
2011-11-18 00:00:00+09:00,386.74683783499256,387.4802389464137,383.5687812732515,385.03558349609375,17700,0.0,0.0
2011-11-21 00:00:00+09:00,386.2578786744094,386.2578786744094,383.8131788084908,384.79107666015625,10200,0.0,0.0
2011-11-22 00:00:00+09:00,383.8132998146131,386.5024526096439,383.56884765625,383.56884765625,28200,0.0,0.0
2011-11-24 00:00:00+09:00,382.3464409321816,382.3464409321816,379.4128364115683,380.879638671875,28800,0.0,0.0
2011-11-25 00:00:00+09:00,382.8354305896994,384.54668515400823,379.4128766978245,381.1241760253906,31800,0.0,0.0
2011-11-28 00:00:00+09:00,395.3622741699219,396.1250309989024,393.83676051196073,395.3622741699219,18300,20.0,0.0
2011-11-29 00:00:00+09:00,397.650504652252,402.7355651855469,396.12499114776125,402.7355651855469,27900,0.0,0.0
2011-11-30 00:00:00+09:00,402.73559616638994,403.24411622533114,399.176048863764,401.97283935546875,21000,0.0,0.0
2011-12-01 00:00:00+09:00,406.5494095136534,406.5494095136534,401.9728683183778,404.2611389160156,16200,0.0,0.0
2011-12-02 00:00:00+09:00,404.2610417941667,405.53231845020866,404.2610417941667,404.7695617675781,14400,0.0,0.0
2011-12-05 00:00:00+09:00,404.2611389160156,405.27813255219314,404.2611389160156,404.2611389160156,12300,0.0,0.0
2011-12-06 00:00:00+09:00,404.2610536620574,405.53233035542024,402.2270202636719,402.2270202636719,23700,0.0,0.0
2011-12-07 00:00:00+09:00,402.48132284822043,404.006836331467,402.2270395643614,403.24407958984375,25500,0.0,0.0
2011-12-08 00:00:00+09:00,404.00681694537474,406.0408037887856,401.7185468303065,402.2270202636719,26400,0.0,0.0
2011-12-09 00:00:00+09:00,390.2772271621803,402.2270761074488,389.26023359927905,401.97283935546875,101700,0.0,0.0
2011-12-12 00:00:00+09:00,412.14291614855637,412.14291614855637,406.8036184526868,408.3291320800781,68400,0.0,0.0
2011-12-13 00:00:00+09:00,404.00683954977933,408.8376167668832,403.7525562638947,407.3121032714844,11100,0.0,0.0
2011-12-14 00:00:00+09:00,407.8206590405987,408.837652608362,406.803618917854,407.5663757324219,10500,0.0,0.0
2011-12-15 00:00:00+09:00,406.80349204499856,408.329005198361,406.54925537109375,406.54925537109375,22200,0.0,0.0
2011-12-16 00:00:00+09:00,405.7865670721029,406.80356049380833,402.2270202636719,402.2270202636719,18900,0.0,0.0
2011-12-19 00:00:00+09:00,401.7186101734781,401.972846930249,396.63354915318683,398.4132995605469,21600,0.0,0.0
2011-12-20 00:00:00+09:00,399.17604415663715,401.2100778134352,398.41328735471046,400.9558410644531,12600,0.0,0.0
2011-12-21 00:00:00+09:00,400.95572266042035,406.54925537109375,399.4302095070579,406.54925537109375,25200,0.0,0.0
2011-12-22 00:00:00+09:00,409.0918559359323,409.0918559359323,399.17601815674266,402.7355651855469,33600,0.0,0.0
2011-12-26 00:00:00+09:00,403.2440188337313,403.7524922148847,401.7185055803312,402.48126220703125,11400,0.0,0.0
2011-12-27 00:00:00+09:00,400.4473318476539,402.22708224864954,400.4473318476539,400.7015686035156,13500,0.0,0.0
2011-12-28 00:00:00+09:00,402.98982816627057,402.98982816627057,400.4473210115085,400.9558410644531,7800,0.0,0.0
2011-12-29 00:00:00+09:00,401.2100268419664,406.0408037887856,400.9557901252837,402.2270202636719,8700,0.0,0.0
2011-12-30 00:00:00+09:00,404.261012151008,406.04076209498476,402.48126220703125,402.48126220703125,11100,0.0,0.0
2012-01-04 00:00:00+09:00,408.83764557678904,410.3631591796875,406.54937517244133,410.3631591796875,24900,0.0,0.0
2012-01-05 00:00:00+09:00,410.87167923231385,411.38015272995966,409.3461656294154,410.3631591796875,10500,0.0,0.0
2012-01-06 00:00:00+09:00,410.61742595510975,411.1259460449219,409.3461955630554,411.1259460449219,8700,0.0,0.0
2012-01-10 00:00:00+09:00,411.88864056914497,415.44818754917924,411.88864056914497,413.4141540527344,24300,0.0,0.0
2012-01-11 00:00:00+09:00,414.43123761742214,416.97379167945286,412.65148701799023,415.7025146484375,28200,0.0,0.0
2012-01-12 00:00:00+09:00,416.9737030803475,420.27896679269634,415.7024263194546,419.77044677734375,39900,0.0,0.0
2012-01-13 00:00:00+09:00,420.2789577484131,427.1437683105469,420.2789577484131,427.1437683105469,49800,0.0,0.0
2012-01-16 00:00:00+09:00,427.1438659779144,427.1438659779144,418.7535400390625,418.7535400390625,13800,0.0,0.0
2012-01-17 00:00:00+09:00,418.753514697381,422.3130622167796,414.9397304105196,419.00775146484375,14100,0.0,0.0
2012-01-18 00:00:00+09:00,421.2959542558562,423.8385077413556,420.024724068083,421.0417175292969,13800,0.0,0.0
2012-01-19 00:00:00+09:00,419.26190683202725,424.0926832694107,419.26190683202725,420.2789001464844,18600,0.0,0.0
2012-01-20 00:00:00+09:00,423.07574388060476,425.3640140460258,421.5502304369908,424.60125732421875,26100,0.0,0.0
2012-01-23 00:00:00+09:00,424.6011942029879,431.72024036321034,424.6011942029879,430.7032470703125,37200,0.0,0.0
2012-01-24 00:00:00+09:00,431.72036919599554,437.5681871239273,431.72036919599554,437.31390380859375,46800,0.0,0.0
2012-01-25 00:00:00+09:00,444.43295165766443,446.97545865729813,441.63616136958296,446.7212219238281,57000,0.0,0.0
2012-01-26 00:00:00+09:00,443.6702418122099,445.9585123203159,436.0426734518566,437.31390380859375,21900,0.0,0.0
2012-01-27 00:00:00+09:00,439.0936941516993,441.12768131369376,438.83941084021353,439.3479309082031,15000,0.0,0.0
2012-01-30 00:00:00+09:00,439.8564533840395,440.3649268998306,427.1438240545644,435.5341491699219,23100,0.0,0.0
2012-01-31 00:00:00+09:00,438.3310027687123,441.8905041111165,438.3310027687123,440.364990234375,27300,0.0,0.0
2012-02-01 00:00:00+09:00,443.1617374746158,446.72128502085246,443.1617374746158,443.6702575683594,18000,0.0,0.0
2012-02-02 00:00:00+09:00,442.3989506438281,447.4840115718543,440.8734370209183,442.907470703125,24900,0.0,0.0
2012-02-03 00:00:00+09:00,442.9073850232626,444.1786150931154,440.8733517345369,441.6361083984375,17400,0.0,0.0
2012-02-06 00:00:00+09:00,442.3988989856291,446.9754393199632,442.3988989856291,445.70416259765625,16500,0.0,0.0
2012-02-07 00:00:00+09:00,443.92437650240385,446.212646484375,443.92437650240385,446.212646484375,14700,0.0,0.0
2012-02-08 00:00:00+09:00,446.4668563076724,451.04339599609375,446.21261962108315,451.04339599609375,34800,0.0,0.0
2012-02-09 00:00:00+09:00,451.80618254371365,452.5689392089844,449.0094391410357,452.5689392089844,29400,0.0,0.0
2012-02-10 00:00:00+09:00,452.5689712127764,452.5689712127764,449.26370761452614,449.5179443359375,18000,0.0,0.0
2012-02-13 00:00:00+09:00,450.0264257730847,456.1284790039062,450.0264257730847,456.12847900390625,27600,0.0,0.0
2012-02-14 00:00:00+09:00,454.8572082519531,456.1284848763987,453.5859781824797,454.8572082519531,9300,0.0,0.0
2012-02-15 00:00:00+09:00,455.6200866699219,456.38284353742455,454.0945729349166,455.6200866699219,18300,0.0,0.0
2012-02-16 00:00:00+09:00,455.36581661551685,460.19659423828125,454.8572965560223,460.19659423828125,39300,0.0,0.0
2012-02-17 00:00:00+09:00,468.5869371778877,468.5869371778877,463.5019226074219,463.5019226074219,35700,0.0,0.0
2012-02-20 00:00:00+09:00,463.2475874789197,469.09540479139304,463.2475874789197,466.2986145019531,21600,0.0,0.0
2012-02-21 00:00:00+09:00,463.50179879910064,468.33257531716487,463.24751555001217,468.0783386230469,27900,0.0,0.0
2012-02-22 00:00:00+09:00,467.3156225356223,470.3666493496635,466.55286583211205,469.349609375,32100,0.0,0.0
2012-02-23 00:00:00+09:00,469.8581567075403,475.45169067382807,469.3496366906133,475.4516906738281,26700,0.0,0.0
2012-02-24 00:00:00+09:00,476.21452929965443,476.21452929965443,471.6379880253759,474.1805419921875,39000,0.0,0.0
2012-02-27 00:00:00+09:00,474.1805221480843,474.1805221480843,465.53591351067183,466.04443359375,36000,0.0,0.0
2012-02-28 00:00:00+09:00,465.2817068888032,475.45178332432806,465.2817068888032,473.92626953125,36300,0.0,0.0
2012-02-29 00:00:00+09:00,474.6889978763518,475.4517547270127,469.34969992172495,470.8752136230469,27900,0.0,0.0
2012-03-01 00:00:00+09:00,473.6719726520443,474.6889662000665,464.01037100340204,472.40069580078125,32100,0.0,0.0
2012-03-02 00:00:00+09:00,472.65502823409463,474.1805419921875,469.3497173882366,474.1805419921875,15900,0.0,0.0
2012-03-05 00:00:00+09:00,471.89227135504825,476.97728617870087,471.89227135504825,474.1805419921875,26400,0.0,0.0
2012-03-06 00:00:00+09:00,475.45162725069383,482.31643706607537,475.45162725069383,481.5536804199219,45900,0.0,0.0
2012-03-07 00:00:00+09:00,479.26552729412083,480.53680419921875,477.48577687096974,480.53680419921875,21600,0.0,0.0
2012-03-08 00:00:00+09:00,480.53682849936524,482.825099111267,480.53682849936524,481.80810546875,26100,0.0,0.0
2012-03-09 00:00:00+09:00,483.07927214622663,486.3845825195313,483.07927214622663,486.38458251953125,90000,0.0,0.0
2012-03-12 00:00:00+09:00,486.63879877080666,488.67283225682627,485.3675220226723,487.6557922363281,53700,0.0,0.0
2012-03-13 00:00:00+09:00,487.6557889442879,489.9440591424962,483.5877685546875,483.5877685546875,34500,0.0,0.0
2012-03-14 00:00:00+09:00,485.621826171875,488.6728532545151,485.3675428783359,485.621826171875,37500,0.0,0.0
2012-03-15 00:00:00+09:00,487.1472839361357,498.0801142121567,486.13024398838485,497.57159423828125,72000,0.0,0.0
2012-03-16 00:00:00+09:00,497.0630823216398,505.96187856791715,495.7918057628989,504.94488525390625,62100,0.0,0.0
2012-03-19 00:00:00+09:00,505.7078564249982,507.99612726855025,503.4195855814462,504.1823425292969,49800,0.0,0.0
2012-03-21 00:00:00+09:00,503.4195613855549,507.4875827269071,502.4025676889637,502.9110412597656,69900,0.0,0.0
2012-03-22 00:00:00+09:00,501.131228897071,505.45353304616947,500.8769921429999,504.4364929199219,56700,0.0,0.0
2012-03-23 00:00:00+09:00,499.0971559121608,504.18221647817387,499.0971559121608,501.63970947265625,62700,0.0,0.0
2012-03-26 00:00:00+09:00,503.41949462890625,505.9620018107252,503.16525787721866,503.41949462890625,55200,0.0,0.0
2012-03-27 00:00:00+09:00,506.97894651640985,511.0469665527344,503.92791985042334,511.0469665527344,87600,0.0,0.0
2012-03-28 00:00:00+09:00,516.1320505361458,528.3361577680943,512.8267404575101,525.5393676757812,102300,0.0,0.0
2012-03-29 00:00:00+09:00,525.5393891213864,533.675476459685,525.5393891213864,532.9127197265625,104400,0.0,0.0
2012-03-30 00:00:00+09:00,533.675537109375,536.7265643885996,531.1329833400333,533.675537109375,74400,0.0,0.0
2012-04-02 00:00:00+09:00,538.7604312758621,553.5070908703494,537.9976746263186,553.2528076171875,113700,0.0,0.0
2012-04-03 00:00:00+09:00,552.9986606315922,554.2699374387267,543.3370593183231,546.8966064453125,179100,0.0,0.0
2012-04-04 00:00:00+09:00,545.3710111752481,545.3710111752481,534.6924179494391,536.47216796875,116100,0.0,0.0
2012-04-05 00:00:00+09:00,533.9296532356818,536.2179231781204,526.0478500633835,529.8616333007812,98100,0.0,0.0
2012-04-06 00:00:00+09:00,524.7766395382359,541.3030511660506,524.5224028087233,539.5232543945312,129900,0.0,0.0
2012-04-09 00:00:00+09:00,538.7604640409637,542.0657740933143,534.1839238653776,534.6924438476562,52500,0.0,0.0
2012-04-10 00:00:00+09:00,534.6924706911166,556.5581792572005,534.6924706911166,552.4901123046875,172200,0.0,0.0
2012-04-11 00:00:00+09:00,546.6423968736804,550.9646544337895,543.5913696289062,543.5913696289062,108600,0.0,0.0
2012-04-12 00:00:00+09:00,544.6083319452803,555.0326899518213,544.6083319452803,554.524169921875,99300,0.0,0.0
2012-04-13 00:00:00+09:00,558.0837108126196,568.2537854135519,558.0837108126196,565.9655151367188,115800,0.0,0.0
2012-04-16 00:00:00+09:00,566.7282981448751,574.3558660876056,563.677270967783,564.185791015625,114000,0.0,0.0
2012-04-17 00:00:00+09:00,561.6431543944218,562.6601943399212,557.3208975684555,557.5751342773438,81900,0.0,0.0
2012-04-18 00:00:00+09:00,557.5752166135985,565.45702130276,557.5752166135985,564.185791015625,49800,0.0,0.0
2012-04-19 00:00:00+09:00,559.354860813535,560.1176174630784,552.9985709189967,553.2528076171875,93000,0.0,0.0
2012-04-20 00:00:00+09:00,553.252986336391,561.3890754114068,552.4902294404516,559.3550415039062,39900,0.0,0.0
2012-04-23 00:00:00+09:00,556.3038222210705,561.1346452673373,556.3038222210705,556.55810546875,62400,0.0,0.0
2012-04-24 00:00:00+09:00,559.3549736327757,570.7963256835938,557.3209865270619,570.7963256835938,88200,0.0,0.0
2012-04-25 00:00:00+09:00,572.0675035876368,578.4237936647307,572.0675035876368,575.1185302734375,96300,0.0,0.0
2012-04-26 00:00:00+09:00,575.6270799158445,576.3898366266186,565.4569594022066,565.7112426757812,87600,0.0,0.0
2012-04-27 00:00:00+09:00,565.456995523903,569.5250626112185,560.6262182320661,565.2027587890625,60900,0.0,0.0
2012-05-01 00:00:00+09:00,562.1517573792369,570.5420821162404,562.1517573792369,564.185791015625,44400,0.0,0.0
2012-05-02 00:00:00+09:00,564.6942008912434,572.0675312568792,564.4399641734542,569.5250244140625,61500,0.0,0.0
2012-05-07 00:00:00+09:00,568.2537603928206,568.2537603928206,564.439976766023,565.4569702148438,60600,0.0,0.0
2012-05-08 00:00:00+09:00,566.9825090429018,567.4910290675607,562.9144885105643,565.2027587890625,66600,0.0,0.0
2012-05-09 00:00:00+09:00,563.4229762093776,563.4229762093776,557.0666392082526,558.0836791992188,85500,0.0,0.0
2012-05-10 00:00:00+09:00,556.8123746304899,564.43994140625,555.7953812453795,564.43994140625,60900,0.0,0.0
2012-05-11 00:00:00+09:00,565.7112423131523,568.5079858808813,564.9484856028672,566.4739990234375,63000,0.0,0.0
2012-05-14 00:00:00+09:00,566.9825994456556,567.7453563267732,559.355030634481,559.6093139648438,62400,0.0,0.0
2012-05-15 00:00:00+09:00,559.6090750185541,560.3718315739839,534.4381086893751,540.5401611328125,144300,0.0,0.0
2012-05-16 00:00:00+09:00,536.4722801321337,540.2860642244356,533.9297729222598,535.2010498046875,121800,0.0,0.0
2012-05-17 00:00:00+09:00,534.4382892675601,547.1508717834566,533.9297692071309,541.3031005859375,106500,0.0,0.0
2012-05-18 00:00:00+09:00,539.2690668992022,543.0828509649675,535.9638028938662,541.3031005859375,76200,0.0,0.0
2012-05-21 00:00:00+09:00,547.9135999580328,559.3549515573072,544.6083361254576,546.8966064453125,95700,0.0,0.0
2012-05-22 00:00:00+09:00,554.2699977503158,554.5242345174154,549.1849365234375,549.1849365234375,70500,0.0,0.0
2012-05-23 00:00:00+09:00,550.4561195069055,550.7103562306072,541.5572755176331,542.8285522460938,75300,0.0,0.0
2012-05-24 00:00:00+09:00,547.913578573195,547.913578573195,536.4722274204718,539.5232543945312,104700,0.0,0.0
2012-05-25 00:00:00+09:00,542.8285666586766,542.8285666586766,535.2009991953461,535.70947265625,132300,0.0,0.0
2012-05-28 00:00:00+09:00,535.7096287992968,535.9639121588417,524.5225576290395,524.7767944335938,591600,0.0,0.0
2012-05-29 00:00:00+09:00,540.9931908690728,544.1833228028021,534.3470988996536,542.5882568359375,485100,30.0,0.0
2012-05-30 00:00:00+09:00,542.3222665238462,550.2975939727263,539.6638402667314,547.373291015625,142800,0.0,0.0
2012-05-31 00:00:00+09:00,539.1322802734376,558.2730712890625,538.3347473144531,558.2730712890625,124800,0.0,0.0
2012-06-01 00:00:00+09:00,550.8293872260464,553.2219858452557,542.8540584953486,543.9174194335938,47400,0.0,0.0
2012-06-04 00:00:00+09:00,535.6763365492847,545.5125604484803,535.6763365492847,539.6640014648438,87000,0.0,0.0
2012-06-05 00:00:00+09:00,535.6762765949303,540.4614739580288,532.4861450195312,532.4861450195312,64800,0.0,0.0
2012-06-06 00:00:00+09:00,531.6886998150288,537.5372591086589,529.0302239453811,537.0055541992188,41400,0.0,0.0
2012-06-07 00:00:00+09:00,538.334674946919,563.0581933518886,537.2713140370688,559.6022338867188,108600,0.0,0.0
2012-06-08 00:00:00+09:00,560.6656632463943,564.9191560826323,547.3734312015217,556.4121704101562,148800,0.0,0.0
2012-06-11 00:00:00+09:00,572.8943956219936,572.8943956219936,555.6145502221283,564.9190673828125,102900,0.0,0.0
2012-06-12 00:00:00+09:00,564.6534212651635,567.0460205078125,551.3611870245948,567.0460205078125,77100,0.0,0.0
2012-06-13 00:00:00+09:00,563.5898915221078,571.5652199461115,563.5898915221078,567.8433837890625,52800,0.0,0.0
2012-06-14 00:00:00+09:00,558.2730956839365,572.6286895729521,558.2730956839365,569.1727294921875,44400,0.0,0.0
2012-06-15 00:00:00+09:00,569.1726281079973,569.1726281079973,559.6022338867188,559.6022338867188,82800,0.0,0.0
2012-06-18 00:00:00+09:00,566.5141665997833,572.3627734401057,564.121567986254,565.4508056640625,48000,0.0,0.0
2012-06-19 00:00:00+09:00,566.780082217474,579.0089041884426,566.780082217474,577.1480102539062,84000,0.0,0.0
2012-06-20 00:00:00+09:00,579.5406200604759,598.1497057926193,579.0089152072555,597.3521728515625,127200,0.0,0.0
2012-06-21 00:00:00+09:00,595.2252663253569,598.1495693346161,583.5281516433931,589.376708984375,59100,0.0,0.0
2012-06-22 00:00:00+09:00,584.8574955317683,589.111037159887,580.6040025811991,587.7817993164062,31500,0.0,0.0
2012-06-25 00:00:00+09:00,589.642668095898,589.642668095898,576.0846081768677,576.8821411132812,39600,0.0,0.0
2012-06-26 00:00:00+09:00,567.5776427935269,573.4262016423794,558.2730753124695,571.5653076171875,44400,0.0,0.0
2012-06-27 00:00:00+09:00,571.2992561646676,581.1355255072127,568.1091252811468,580.6038208007812,15900,0.0,0.0
2012-06-28 00:00:00+09:00,580.3380541469115,584.8573742580487,575.5528573156797,578.4771118164062,25200,0.0,0.0
2012-06-29 00:00:00+09:00,578.4772317671398,589.9085701304656,576.8821658259826,587.7817993164062,57600,0.0,0.0
2012-07-02 00:00:00+09:00,588.047652557572,596.5546875,586.7184633348077,596.5546875,50400,0.0,0.0
2012-07-03 00:00:00+09:00,595.4912910666488,606.3908756990893,593.6303483810722,605.3275146484375,84300,0.0,0.0
2012-07-04 00:00:00+09:00,605.5931991826644,605.5931991826644,593.3643796276534,595.4911499023438,40200,0.0,0.0
2012-07-05 00:00:00+09:00,590.1743234820067,593.6302830242969,589.9084954179978,592.0352172851562,28500,0.0,0.0
2012-07-06 00:00:00+09:00,592.3009781377106,594.9594042902855,588.5791425820787,590.9717407226562,32700,0.0,0.0
2012-07-09 00:00:00+09:00,594.4277474236244,603.7323127226954,592.0351490905093,599.4788208007812,52500,0.0,0.0
2012-07-10 00:00:00+09:00,607.7201479227729,607.7201479227729,593.630381985677,603.7324829101562,71100,0.0,0.0
2012-07-11 00:00:00+09:00,596.288830495928,605.5933493146042,596.288830495928,604.26416015625,32100,0.0,0.0
2012-07-12 00:00:00+09:00,600.8079612969639,601.0738379864949,584.0597743129209,590.9717407226562,56400,0.0,0.0
2012-07-13 00:00:00+09:00,587.5158495575868,590.7059807792975,582.99648076765,585.6549072265625,35700,0.0,0.0
2012-07-17 00:00:00+09:00,584.8573404568901,591.2376025297928,580.3380206069419,589.376708984375,31500,0.0,0.0
2012-07-18 00:00:00+09:00,590.1742209722876,590.4400489901238,582.1988936618512,582.4647216796875,23700,0.0,0.0
2012-07-19 00:00:00+09:00,584.8574877786639,606.1250496046775,584.8574877786639,596.02294921875,64800,0.0,0.0
2012-07-20 00:00:00+09:00,603.466491676332,605.3273852866768,592.5668606956533,594.1619262695312,36600,0.0,0.0
2012-07-23 00:00:00+09:00,593.098760971878,593.098760971878,574.4896240234375,574.4896240234375,27900,0.0,0.0
2012-07-24 00:00:00+09:00,581.6672558656345,581.6672558656345,563.8557057157367,576.3504028320312,35400,0.0,0.0
2012-07-25 00:00:00+09:00,570.50189376764,570.50189376764,553.4878735351563,558.2730712890625,64500,0.0,0.0
2012-07-26 00:00:00+09:00,559.0706896989825,576.8822456128507,559.0706896989825,567.0460205078125,17700,0.0,0.0
2012-07-27 00:00:00+09:00,577.1480178771174,577.1480178771174,569.7043446855594,576.8821411132812,15900,0.0,0.0
2012-07-30 00:00:00+09:00,568.906812765287,570.2360505541994,565.9825577782458,569.704345703125,11100,0.0,0.0
2012-07-31 00:00:00+09:00,573.9579267776985,580.8698469310689,570.2360899183485,574.2237548828125,19200,0.0,0.0
2012-08-01 00:00:00+09:00,572.6286486595079,572.6286486595079,569.7043449985359,571.8311157226562,6000,0.0,0.0
2012-08-02 00:00:00+09:00,577.9455029992154,579.5405687400802,567.5775756835938,567.5775756835938,21300,0.0,0.0
2012-08-03 00:00:00+09:00,567.5774260942031,567.5774260942031,561.1971648123106,561.7288208007812,13200,0.0,0.0
2012-08-06 00:00:00+09:00,562.2606605001154,562.2606605001154,558.2729962412493,559.6022338867188,7800,0.0,0.0
2012-08-07 00:00:00+09:00,556.9437790527147,563.589918846637,553.7536475284461,562.2606811523438,15300,0.0,0.0
2012-08-08 00:00:00+09:00,567.5777374188935,572.8945922851562,567.0460324612443,572.8945922851562,23400,0.0,0.0
2012-08-09 00:00:00+09:00,573.4261334181615,579.5405683128167,572.8944286124174,574.75537109375,16200,0.0,0.0
2012-08-10 00:00:00+09:00,579.8064843113693,581.667378397385,578.4772464341863,581.4015502929688,12300,0.0,0.0
2012-08-13 00:00:00+09:00,581.4015502929688,581.4015502929688,579.0089513205697,581.4015502929688,15600,0.0,0.0
2012-08-14 00:00:00+09:00,581.4014547774844,592.5669148143634,581.4014547774844,585.123291015625,31500,0.0,0.0
2012-08-15 00:00:00+09:00,593.6302419000376,599.2129716002811,593.0985858088505,598.9471435546875,25200,0.0,0.0
2012-08-16 00:00:00+09:00,599.2130267739133,599.4789035215279,587.5159102052061,592.832763671875,54900,0.0,0.0
2012-08-17 00:00:00+09:00,589.1110098955097,595.4912733648562,587.5159440281731,591.2377319335938,23400,0.0,0.0
2012-08-20 00:00:00+09:00,592.0352588336813,592.0352588336813,571.8311076125053,582.1990356445312,19500,0.0,0.0
2012-08-21 00:00:00+09:00,584.0598815870043,594.9595135663006,584.0598815870043,590.17431640625,27600,0.0,0.0
2012-08-22 00:00:00+09:00,593.0986804024569,593.8962133439763,591.5036145194181,592.3011474609375,15300,0.0,0.0
2012-08-23 00:00:00+09:00,595.2253547593951,598.149658203125,592.0352232489785,598.149658203125,26400,0.0,0.0
2012-08-24 00:00:00+09:00,596.820508996345,597.8839187758357,590.4402450296043,597.6180419921875,25800,0.0,0.0
2012-08-27 00:00:00+09:00,590.4402263258183,596.0229571198684,587.7817993164062,587.7817993164062,24000,0.0,0.0
2012-08-28 00:00:00+09:00,587.5159037103723,587.5159037103723,579.8064029881211,583.7940673828125,36900,0.0,0.0
2012-08-29 00:00:00+09:00,583.7941560644508,585.6550501721391,579.5406629564983,583.262451171875,18300,0.0,0.0
2012-08-30 00:00:00+09:00,584.5915863861909,590.17431640625,582.996520666174,590.17431640625,15600,0.0,0.0
2012-08-31 00:00:00+09:00,598.1497196992672,598.1497196992672,580.0722897225063,593.0986938476562,45000,0.0,0.0
2012-09-03 00:00:00+09:00,587.5159380406499,591.7694307510167,582.1990356445312,582.1990356445312,19500,0.0,0.0
2012-09-04 00:00:00+09:00,582.7307543073526,593.3645106742316,574.2237200073208,577.945556640625,22800,0.0,0.0
2012-09-05 00:00:00+09:00,577.9454348469901,584.5915250910286,572.8943614781863,575.8186645507812,13200,0.0,0.0
2012-09-06 00:00:00+09:00,579.2745833734695,580.6038208007812,572.0967888855478,580.6038208007812,13200,0.0,0.0
2012-09-07 00:00:00+09:00,584.3258201962619,587.5159519740804,574.4895480962898,577.945556640625,29100,0.0,0.0
2012-09-10 00:00:00+09:00,584.8575772793421,585.3892822265625,578.7431894353101,585.3892822265625,7800,0.0,0.0
2012-09-11 00:00:00+09:00,584.8573807798946,584.8573807798946,574.2236261510915,584.591552734375,6300,0.0,0.0
2012-09-12 00:00:00+09:00,584.3257921835644,584.8574483360146,579.2747179924695,583.5282592773438,8400,0.0,0.0
2012-09-13 00:00:00+09:00,584.5916344211525,584.5916344211525,580.869797876115,582.1990356445312,11400,0.0,0.0
2012-09-14 00:00:00+09:00,585.3890245860258,585.9207292992331,573.9577383335787,582.4647216796875,40800,0.0,0.0
2012-09-18 00:00:00+09:00,578.4772588560644,584.8575229194679,578.4772588560644,584.3258666992188,12900,0.0,0.0
2012-09-19 00:00:00+09:00,586.9842536783185,586.9842536783185,579.5406290060733,584.8574829101562,17400,0.0,0.0
2012-09-20 00:00:00+09:00,582.1990151445857,587.2500406026402,579.5405883789062,579.5405883789062,18300,0.0,0.0
2012-09-21 00:00:00+09:00,579.5406031553626,579.5406031553626,576.0845947265625,576.0845947265625,19800,0.0,0.0
2012-09-24 00:00:00+09:00,577.147996027578,584.0599154297938,576.3504631213572,583.5282592773438,15900,0.0,0.0
2012-09-25 00:00:00+09:00,583.7940674322488,588.8450927734375,574.7553776960309,588.8450927734375,32100,0.0,0.0
2012-09-26 00:00:00+09:00,582.9964135873977,592.8326341617053,582.4647088858692,590.9717407226562,22200,0.0,0.0
2012-09-27 00:00:00+09:00,590.9717742721929,593.8960772803119,583.5281514158875,591.5034790039062,23100,0.0,0.0
2012-09-28 00:00:00+09:00,592.0353739176222,592.0353739176222,584.8575761924881,587.5160522460938,8400,0.0,0.0
2012-10-01 00:00:00+09:00,590.4401378207973,590.4401378207973,584.059875012549,586.1866455078125,8700,0.0,0.0
2012-10-02 00:00:00+09:00,586.186815308615,587.2501765254997,580.8699118690794,585.3892822265625,6900,0.0,0.0
2012-10-03 00:00:00+09:00,584.8574704774167,584.8574704774167,574.4895423040406,576.8821411132812,28800,0.0,0.0
2012-10-04 00:00:00+09:00,581.1356553850919,581.4014834589505,575.0212202659852,575.2870483398438,9600,0.0,0.0
2012-10-05 00:00:00+09:00,574.2238303405006,576.35060149354,571.8312310474151,572.8945922851562,20400,0.0,0.0
2012-10-09 00:00:00+09:00,571.8310881439766,580.8697780998554,569.1726613751993,572.36279296875,28800,0.0,0.0
2012-10-10 00:00:00+09:00,568.906786530129,571.5652619853585,560.1339246184715,560.9314575195312,25800,0.0,0.0
2012-10-11 00:00:00+09:00,560.9313555926389,562.5264211049189,557.4753965418776,558.5387573242188,22800,0.0,0.0
2012-10-12 00:00:00+09:00,558.0073129496516,558.2731410766936,552.9562377929688,552.9562377929688,19800,0.0,0.0
2012-10-15 00:00:00+09:00,556.4122803581004,558.2731747146298,549.766138683602,553.4879760742188,19800,0.0,0.0
2012-10-16 00:00:00+09:00,552.956253563379,552.956253563379,540.9932573419775,543.6517333984375,45600,0.0,0.0
2012-10-17 00:00:00+09:00,543.9174119912808,549.2343139648438,543.9174119912808,549.2343139648438,29700,0.0,0.0
2012-10-18 00:00:00+09:00,549.7660894260043,562.2607898712158,549.7660894260043,561.4632568359375,26100,0.0,0.0
2012-10-19 00:00:00+09:00,564.6532797955452,568.9067722687221,560.1339105769833,562.2606811523438,19800,0.0,0.0
2012-10-22 00:00:00+09:00,561.4632087132121,568.1093005450472,559.3364379089032,567.311767578125,12600,0.0,0.0
2012-10-23 00:00:00+09:00,571.2993367815135,571.5652135110147,564.121541280723,568.90673828125,20700,0.0,0.0
2012-10-24 00:00:00+09:00,561.4632144292586,568.3751831054688,561.4632144292586,568.3751831054688,26700,0.0,0.0
2012-10-25 00:00:00+09:00,568.3751964983533,569.1727294921875,564.9191877400378,569.1727294921875,30000,0.0,0.0
2012-10-26 00:00:00+09:00,570.7677077968214,573.6919625399468,564.3874448263028,570.5018310546875,18900,0.0,0.0
2012-10-29 00:00:00+09:00,573.6919685214974,579.0088706115469,573.1603123867732,576.6162719726562,20700,0.0,0.0
2012-10-30 00:00:00+09:00,571.5652400357559,576.0845605165108,567.5775756835938,567.5775756835938,39300,0.0,0.0
2012-10-31 00:00:00+09:00,563.8557065101019,574.4894612698298,563.8557065101019,564.9190673828125,35400,0.0,0.0
2012-11-01 00:00:00+09:00,566.2483178212647,568.90674440209,562.7923583984375,562.7923583984375,18300,0.0,0.0
2012-11-02 00:00:00+09:00,563.8558133543834,574.2237420299236,563.8558133543834,568.3751831054688,43800,0.0,0.0
2012-11-05 00:00:00+09:00,568.3752430491305,573.9579744632039,568.3752430491305,573.42626953125,10200,0.0,0.0
2012-11-06 00:00:00+09:00,568.9068528869478,573.4262227459371,568.9068528869478,572.0969848632812,23100,0.0,0.0
2012-11-07 00:00:00+09:00,572.0968486875926,572.0968486875926,566.248291015625,566.248291015625,33600,0.0,0.0
2012-11-08 00:00:00+09:00,566.2483726835992,566.2483726835992,561.1973470873878,563.8557739257812,26100,0.0,0.0
2012-11-09 00:00:00+09:00,561.197265625,565.7165857264979,560.9313889054724,561.197265625,31500,0.0,0.0
2012-11-12 00:00:00+09:00,561.1973750311881,561.1973750311881,558.2730712890625,558.2730712890625,35700,0.0,0.0
2012-11-13 00:00:00+09:00,558.8047421892645,558.8047421892645,554.285372803864,554.8170776367188,25500,0.0,0.0
2012-11-14 00:00:00+09:00,558.2730314469368,558.2730314469368,553.4878340345344,553.753662109375,12900,0.0,0.0
2012-11-15 00:00:00+09:00,561.4631072373517,563.0581728829123,554.551139880742,561.9948120117188,12000,0.0,0.0
2012-11-16 00:00:00+09:00,563.3240216313519,564.6532592773438,560.931423075092,564.6532592773438,25800,0.0,0.0
2012-11-19 00:00:00+09:00,567.3118331852228,573.42626953125,567.0460050580233,573.42626953125,26700,0.0,0.0
2012-11-20 00:00:00+09:00,574.2235787329588,584.3256764365136,573.6918740082867,580.3380126953125,35400,0.0,0.0
2012-11-21 00:00:00+09:00,580.3381206166488,586.9842118620647,577.4138171034441,586.7183837890625,36900,0.0,0.0
2012-11-22 00:00:00+09:00,587.250026965697,587.250026965697,581.4014687459977,583.7940673828125,48600,0.0,0.0
2012-11-26 00:00:00+09:00,586.718465722995,587.5159987309205,582.199095785567,584.3258666992188,30600,0.0,0.0
2012-11-27 00:00:00+09:00,576.0846067822542,582.1990421724718,576.0846067822542,581.1356811523438,54300,0.0,0.0
2012-11-28 00:00:00+09:00,597.5364358555211,601.363259701334,595.6229738812943,598.9031372070312,49200,20.0,0.0
2012-11-29 00:00:00+09:00,601.3633148323942,602.7300663605241,599.9966133555891,600.5432739257812,35400,0.0,0.0
2012-11-30 00:00:00+09:00,602.4566552046496,604.916777594254,596.4429893291825,596.7163696289062,52800,0.0,0.0
2012-12-03 00:00:00+09:00,597.2631899420808,600.5433540059299,593.7096955566881,595.6231079101562,33600,0.0,0.0
2012-12-04 00:00:00+09:00,595.6231961672148,603.5502771798971,595.0765354431256,596.4432373046875,43500,0.0,0.0
2012-12-05 00:00:00+09:00,599.9966033952196,603.0033866353358,596.4430594913382,602.4567260742188,34500,0.0,0.0
2012-12-06 00:00:00+09:00,605.4634769179617,612.2971840281924,605.190146652028,612.0238037109375,75300,0.0,0.0
2012-12-07 00:00:00+09:00,607.9236539711651,613.9373207714534,607.9236539711651,613.6639404296875,47700,0.0,0.0
2012-12-10 00:00:00+09:00,613.663930742888,619.950927734375,610.6571474415324,619.950927734375,41400,0.0,0.0
2012-12-11 00:00:00+09:00,627.331274971646,640.4519290887001,626.7845643663277,638.26513671875,105300,0.0,0.0
2012-12-12 00:00:00+09:00,645.3721836361374,647.5589760374424,640.4519382716942,644.0054321289062,73800,0.0,0.0
2012-12-13 00:00:00+09:00,647.8322509202608,647.8322509202608,632.2514752652165,642.3652954101562,47400,0.0,0.0
2012-12-14 00:00:00+09:00,642.638702635774,642.638702635774,638.8118286132812,638.8118286132812,74100,0.0,0.0
2012-12-17 00:00:00+09:00,636.898529977002,639.0852726207554,630.0648215741131,633.0716552734375,44100,0.0,0.0
2012-12-18 00:00:00+09:00,628.697970096376,646.4654875861428,627.6045489837647,645.6454467773438,55200,0.0,0.0
2012-12-19 00:00:00+09:00,645.6454956218017,661.4996524921967,642.0920018652828,660.9529418945312,107700,0.0,0.0
2012-12-20 00:00:00+09:00,653.0258514025716,660.4062191038404,651.1124394230535,652.205810546875,37800,0.0,0.0
2012-12-21 00:00:00+09:00,653.5726467098054,657.6728515197791,645.6455673934136,653.29931640625,46200,0.0,0.0
2012-12-25 00:00:00+09:00,661.4997432929632,668.0600711601618,653.5726637696552,664.7799072265625,33300,0.0,0.0
2012-12-26 00:00:00+09:00,664.7797950136448,665.5998358586241,660.1328802083219,662.8663330078125,32400,0.0,0.0
2012-12-27 00:00:00+09:00,665.599914699533,671.0668209460741,663.1397918731914,669.9734497070312,41400,0.0,0.0
2012-12-28 00:00:00+09:00,669.9734135049993,671.8868255827647,666.1465392981441,667.78662109375,42300,0.0,0.0
2013-01-04 00:00:00+09:00,672.7069409436438,708.2420838160994,672.7069409436438,688.2877197265625,95700,0.0,0.0
2013-01-07 00:00:00+09:00,688.5609867890786,697.0347255929047,688.5609867890786,689.6543579101562,32400,0.0,0.0
2013-01-08 00:00:00+09:00,689.927628957386,694.3012131689318,679.5404790704284,680.6338500976562,45600,0.0,0.0
2013-01-09 00:00:00+09:00,689.3811659670469,707.6953986892884,689.3811659670469,705.5086059570312,78000,0.0,0.0
2013-01-10 00:00:00+09:00,706.6020187107346,724.3695405198738,703.8685153159969,723.5494995117188,61200,0.0,0.0
2013-01-11 00:00:00+09:00,729.563158458922,765.37158203125,729.563158458922,765.37158203125,94500,0.0,0.0
2013-01-15 00:00:00+09:00,762.6380661893481,800.9066596711555,757.4444903076765,793.7996215820312,108600,0.0,0.0
2013-01-16 00:00:00+09:00,794.0728841351678,796.806387040819,777.1254063664769,779.038818359375,95400,0.0,0.0
2013-01-17 00:00:00+09:00,769.7450413110372,778.4921104960715,769.4716609887208,770.0183715820312,63300,0.0,0.0
2013-01-18 00:00:00+09:00,773.5718500129601,778.2187648359015,773.025189481782,777.9454345703125,51900,0.0,0.0
2013-01-21 00:00:00+09:00,778.765603765592,788.0593848918477,778.4922234036262,785.0525512695312,68700,0.0,0.0
2013-01-22 00:00:00+09:00,787.2393274742547,798.993231304851,787.2393274742547,788.6060791015625,60900,0.0,0.0
2013-01-23 00:00:00+09:00,792.7061827336644,792.7061827336644,774.6652837821841,779.038818359375,91800,0.0,0.0
2013-01-24 00:00:00+09:00,774.9385827736447,800.6331787109375,774.9385827736447,800.6331787109375,41400,0.0,0.0
2013-01-25 00:00:00+09:00,799.5398171539787,833.7082020921957,794.3462418630768,806.3734741210938,131700,0.0,0.0
2013-01-28 00:00:00+09:00,814.8474075563183,816.7608198346712,804.460205078125,804.460205078125,30600,0.0,0.0
2013-01-29 00:00:00+09:00,803.3667396344471,803.6400699132281,793.2528686523438,793.2528686523438,37800,0.0,0.0
2013-01-30 00:00:00+09:00,795.4397457678949,800.3599916180057,795.1664154599985,798.7199096679688,38100,0.0,0.0
2013-01-31 00:00:00+09:00,806.3736322780685,806.3736322780685,801.453386284403,804.1868896484375,35700,0.0,0.0
2013-02-01 00:00:00+09:00,812.9339349262747,824.1411782462353,805.2802358585104,815.1207275390625,50700,0.0,0.0
2013-02-04 00:00:00+09:00,819.7677233874803,820.0410537216095,814.027436011429,814.5740966796875,39300,0.0,0.0
2013-02-05 00:00:00+09:00,813.4804977993911,813.4804977993911,800.9065551757812,800.9065551757812,42000,0.0,0.0
2013-02-06 00:00:00+09:00,804.460126030937,817.5807804820022,803.0933745085094,813.75390625,42300,0.0,0.0
2013-02-07 00:00:00+09:00,806.1001861696321,810.4737208519865,806.1001861696321,806.9202270507812,39300,0.0,0.0
2013-02-08 00:00:00+09:00,808.8336763760382,809.1070567165726,801.1799778162599,801.4533081054688,37200,0.0,0.0
2013-02-12 00:00:00+09:00,820.0410203398465,820.0410203398465,802.546828589707,806.6470336914062,39000,0.0,0.0
2013-02-13 00:00:00+09:00,806.6470144672204,810.7472194712027,788.879442766187,796.5331420898438,50100,0.0,0.0
2013-02-14 00:00:00+09:00,795.439766816356,795.439766816356,773.0253295898438,773.0253295898438,62400,0.0,0.0
2013-02-15 00:00:00+09:00,765.3715759665433,765.6449563314718,751.704259465341,758.2645874023438,50100,0.0,0.0
2013-02-18 00:00:00+09:00,750.610771357027,781.2256657080334,750.610771357027,780.678955078125,52200,0.0,0.0
2013-02-19 00:00:00+09:00,779.8589979559309,798.1732304355074,779.3122872672777,794.89306640625,28200,0.0,0.0
2013-02-20 00:00:00+09:00,794.8929981376568,809.1070744112308,794.0729572007709,808.5603637695312,44100,0.0,0.0
2013-02-21 00:00:00+09:00,808.5603989850006,811.0205219028048,794.3463721436856,795.7130737304688,79500,0.0,0.0
2013-02-22 00:00:00+09:00,794.3462617366025,801.179918874687,787.2392242780957,788.0592651367188,74700,0.0,0.0
2013-02-25 00:00:00+09:00,800.0865490256522,809.3803287544589,797.6264264458514,808.8336181640625,72000,0.0,0.0
2013-02-26 00:00:00+09:00,795.7130929388234,818.4009104122516,794.3463913190484,810.2005004882812,42600,0.0,0.0
2013-02-27 00:00:00+09:00,810.2004028320312,810.2004028320312,799.2665409350767,803.6400756835938,73800,0.0,0.0
2013-02-28 00:00:00+09:00,809.1070230124172,826.8745421487067,807.7402715206551,818.6741333007812,91800,0.0,0.0
2013-03-01 00:00:00+09:00,814.5740214956533,836.4417975936426,814.5740214956533,825.5079345703125,59400,0.0,0.0
2013-03-04 00:00:00+09:00,825.5078036765443,826.8745050556736,824.1410522460938,824.1410522460938,35700,0.0,0.0
2013-03-05 00:00:00+09:00,825.5079785375744,825.5079785375744,820.04102170907,822.7744750976562,30600,0.0,0.0
2013-03-06 00:00:00+09:00,821.407599436514,824.1410522460938,820.0408480060635,824.1410522460938,28200,0.0,0.0
2013-03-07 00:00:00+09:00,824.1412642154788,835.0751283173124,821.4078107028539,832.3416748046875,49500,0.0,0.0
2013-03-08 00:00:00+09:00,841.9085891131491,851.4757992855263,840.541887703943,843.275390625,104700,0.0,0.0
2013-03-11 00:00:00+09:00,854.2092329529911,870.6100508663455,847.3756255575257,867.8766479492188,49200,0.0,0.0
2013-03-12 00:00:00+09:00,874.7102350894146,874.7102350894146,850.1090087890625,850.1090087890625,39900,0.0,0.0
2013-03-13 00:00:00+09:00,854.2092462588156,855.5760478413177,840.5419311523438,840.5419311523438,28800,0.0,0.0
2013-03-14 00:00:00+09:00,841.9086799091243,854.2092942264784,839.1752267445994,851.4758911132812,25200,0.0,0.0
2013-03-15 00:00:00+09:00,861.0430383576473,900.6783861892828,858.3095350270539,899.3115844726562,125700,0.0,0.0
2013-03-18 00:00:00+09:00,912.9788041911787,963.5479542375165,910.2453014499091,944.4136352539062,181200,0.0,0.0
2013-03-19 00:00:00+09:00,943.0471922437576,958.0813112847641,940.3136887537568,948.5140991210938,56100,0.0,0.0
2013-03-21 00:00:00+09:00,953.9807883931107,997.7162290517449,953.9807883931107,977.2152099609375,99900,0.0,0.0
2013-03-22 00:00:00+09:00,1004.550244140625,1083.8208422834873,1003.1835424821377,1025.05126953125,154500,0.0,0.0
2013-03-25 00:00:00+09:00,1025.0510100885622,1027.7845128163442,1001.816487159009,1003.1832885742188,83700,0.0,0.0
2013-03-26 00:00:00+09:00,1008.6501939271452,1015.4839006952816,999.0830845338645,1003.1832885742188,45900,0.0,0.0
2013-03-27 00:00:00+09:00,1004.5497900073412,1004.5497900073412,992.249180333782,999.0828857421875,95100,0.0,0.0
2013-03-28 00:00:00+09:00,1010.0170588526239,1020.9509714323016,1001.8166494435292,1018.2174682617188,68700,0.0,0.0
2013-03-29 00:00:00+09:00,1018.2175462076142,1019.5843479488631,999.0833228567457,1005.9169311523438,88500,0.0,0.0
2013-04-01 00:00:00+09:00,1010.0169537379101,1010.0169537379101,986.7825295653024,988.1492309570312,76500,0.0,0.0
2013-04-02 00:00:00+09:00,984.0490259098102,988.1492301844344,962.1813031460289,971.7484130859375,78300,0.0,0.0
2013-04-03 00:00:00+09:00,971.7487876198509,994.9833208320493,970.3820857024328,992.2498168945312,75000,0.0,0.0
2013-04-04 00:00:00+09:00,975.8487241319791,1015.4840698242188,966.2816131452954,1015.4840698242188,106800,0.0,0.0
2013-04-05 00:00:00+09:00,1016.8506479414682,1033.25146484375,1001.8165324134959,1033.25146484375,177600,0.0,0.0
2013-04-08 00:00:00+09:00,1053.7524900227502,1074.2535112294183,1046.9187829196464,1064.6864013671875,167100,0.0,0.0
2013-04-09 00:00:00+09:00,1067.4199917437993,1142.5904827825225,1067.4199917437993,1120.72265625,233400,0.0,0.0
2013-04-10 00:00:00+09:00,1120.7227664945758,1124.822971859925,1105.6887468900752,1115.255859375,80700,0.0,0.0
2013-04-11 00:00:00+09:00,1120.7225857681296,1130.289796812927,1094.7546560093663,1097.4881591796875,139500,0.0,0.0
2013-04-12 00:00:00+09:00,1093.3878891844338,1100.2214965481908,1081.0872758064938,1083.8206787109375,126300,0.0,0.0
2013-04-15 00:00:00+09:00,1074.2535878754481,1092.0211074880265,1072.8868863983728,1085.1875,38400,0.0,0.0
2013-04-16 00:00:00+09:00,1076.9870296952297,1090.6543439968148,1057.8527095908955,1068.78662109375,142200,0.0,0.0
2013-04-17 00:00:00+09:00,1087.9208984375,1092.0211029543532,1079.7204894037936,1087.9208984375,47700,0.0,0.0
2013-04-18 00:00:00+09:00,1093.3877092459643,1112.5219268387489,1072.8866903232438,1098.8546142578125,138300,0.0,0.0
2013-04-19 00:00:00+09:00,1107.0553002037834,1108.4220017747546,1096.1213873280458,1105.6885986328125,102900,0.0,0.0
2013-04-22 00:00:00+09:00,1120.7224628560223,1139.8567827444601,1117.989060088133,1130.2896728515625,124500,0.0,0.0
2013-04-23 00:00:00+09:00,1135.7563960484097,1148.0570068359375,1122.0890840964764,1148.0570068359375,163800,0.0,0.0
2013-04-24 00:00:00+09:00,1163.0914142490053,1191.7928466796875,1163.0914142490053,1191.7928466796875,155100,0.0,0.0
2013-04-25 00:00:00+09:00,1193.1594824037338,1198.626388245366,1161.7245485833948,1178.1253662109375,150300,0.0,0.0
2013-04-26 00:00:00+09:00,1189.0593908660244,1194.526297226592,1169.9250684500535,1171.2918701171875,99600,0.0,0.0
2013-04-30 00:00:00+09:00,1175.3920999372801,1190.426117774578,1175.3920999372801,1182.2257080078125,76500,0.0,0.0
2013-05-01 00:00:00+09:00,1180.858809087026,1197.2596258799015,1176.7586048888072,1194.526123046875,97200,0.0,0.0
2013-05-02 00:00:00+09:00,1194.5262322350002,1197.259735317888,1182.2256185159806,1189.059326171875,78900,0.0,0.0
2013-05-07 00:00:00+09:00,1195.8933613775835,1215.027587890625,1191.793155681549,1215.027587890625,119700,0.0,0.0
2013-05-08 00:00:00+09:00,1225.9610262051851,1225.9610262051851,1213.660413902123,1219.1273193359375,87000,0.0,0.0
2013-05-09 00:00:00+09:00,1219.1275081661759,1221.8610113577943,1197.2597829411943,1199.9932861328125,93300,0.0,0.0
2013-05-10 00:00:00+09:00,1202.7267338382571,1216.3941502007017,1201.3600322430761,1212.2939453125,75000,0.0,0.0
2013-05-13 00:00:00+09:00,1215.027272864662,1215.027272864662,1189.0593435568337,1191.7928466796875,107400,0.0,0.0
2013-05-14 00:00:00+09:00,1191.7929218676252,1195.8931267592538,1178.1255054937571,1180.8590087890625,89100,0.0,0.0
2013-05-15 00:00:00+09:00,1178.1252283411227,1186.3256361952433,1169.924820487002,1174.0250244140625,73800,0.0,0.0
2013-05-16 00:00:00+09:00,1171.2917131552986,1171.2917131552986,1101.588240962562,1131.6563720703125,150000,0.0,0.0
2013-05-17 00:00:00+09:00,1117.989378891177,1195.8932819411116,1115.2558752411662,1187.69287109375,176100,0.0,0.0
2013-05-20 00:00:00+09:00,1191.7928117495383,1197.2597177323646,1178.1253966384984,1186.3258056640625,70800,0.0,0.0
2013-05-21 00:00:00+09:00,1176.7588820072642,1178.1255836943053,1156.2578561883224,1168.5584716796875,101400,0.0,0.0
2013-05-22 00:00:00+09:00,1168.5584101689317,1168.5584101689317,1150.7908887619867,1153.5242919921875,77100,0.0,0.0
2013-05-23 00:00:00+09:00,1149.4240295138898,1154.8910359059796,1104.32177734375,1104.32177734375,187800,0.0,0.0
2013-05-24 00:00:00+09:00,1104.3219523588477,1127.5564829508464,1066.0534020626183,1082.4542236328125,177300,0.0,0.0
2013-05-27 00:00:00+09:00,1068.7866517104842,1092.0210766784935,1051.0190324965395,1076.987060546875,189300,0.0,0.0
2013-05-28 00:00:00+09:00,1038.7185840221239,1061.953112778658,1030.518173884837,1056.4862060546875,591300,0.0,0.0
2013-05-29 00:00:00+09:00,1047.221108478637,1093.5459013054717,1045.8172583338005,1071.0853271484375,364200,34.0,0.0
2013-05-30 00:00:00+09:00,1064.0664695157695,1076.7005037073181,1034.5870564021563,1040.2021484375,146400,0.0,0.0
2013-05-31 00:00:00+09:00,1065.4703015385842,1065.4703015385842,1013.5304133377027,1031.779541015625,111000,0.0,0.0
2013-06-03 00:00:00+09:00,1010.7228016954788,1033.1832741278092,984.0509842560837,989.6660766601562,132900,0.0,0.0
2013-06-04 00:00:00+09:00,954.5716714133216,981.2434917084881,922.2846552968193,974.2245483398438,178800,0.0,0.0
2013-06-05 00:00:00+09:00,974.2243450675588,1016.3377908603356,962.9941614001716,970.0130004882812,137100,0.0,0.0
2013-06-06 00:00:00+09:00,941.9374825186993,957.379011486917,906.842874174129,913.86181640625,124200,0.0,0.0
2013-06-07 00:00:00+09:00,882.9788015398647,894.2089875874723,849.287986356913,881.574951171875,126600,0.0,0.0
2013-06-10 00:00:00+09:00,915.2655217001347,947.5525311061314,915.2655217001347,943.3411865234375,96000,0.0,0.0
2013-06-11 00:00:00+09:00,948.9564258301299,953.1677710672697,920.8808594598958,922.2846069335938,79800,0.0,0.0
2013-06-12 00:00:00+09:00,887.1900975627782,926.4959521707335,884.3824997993365,922.2846069335938,44700,0.0,0.0
2013-06-13 00:00:00+09:00,898.4201866590209,904.0353815838631,882.9786576557921,887.1900024414062,69600,0.0,0.0
2013-06-14 00:00:00+09:00,895.6128182803283,919.4770402192755,875.9598389046812,877.3635864257812,115500,0.0,0.0
2013-06-17 00:00:00+09:00,868.9406556472047,930.7070717551492,842.2688432173295,926.4957275390625,51600,0.0,0.0
2013-06-18 00:00:00+09:00,926.4958101725692,926.4958101725692,894.2088006975757,906.8428344726562,37800,0.0,0.0
2013-06-19 00:00:00+09:00,909.650472765771,923.6882544315029,898.4201857435648,901.227783203125,33000,0.0,0.0
2013-06-20 00:00:00+09:00,897.016523191155,899.8241209160373,870.3447046609289,878.7673950195312,97800,0.0,0.0
2013-06-21 00:00:00+09:00,870.3446224121012,905.4391279844481,853.4991918787917,901.227783203125,65400,0.0,0.0
2013-06-24 00:00:00+09:00,901.2279309792657,904.0355288991933,866.1334196524018,881.574951171875,63000,0.0,0.0
2013-06-25 00:00:00+09:00,881.5749318051306,884.3825296633801,859.1144573872834,877.3635864257812,109500,0.0,0.0
2013-06-26 00:00:00+09:00,877.3635172579166,878.7673674843919,850.6916995634203,860.5181884765625,51300,0.0,0.0
2013-06-27 00:00:00+09:00,856.306812422907,867.5370483398438,849.2878699928052,867.5370483398438,41100,0.0,0.0
2013-06-28 00:00:00+09:00,870.344603300658,898.420166015625,870.344603300658,898.420166015625,71100,0.0,0.0
2013-07-01 00:00:00+09:00,909.6504900487839,930.7072143554688,904.0353978390135,930.7072143554688,33900,0.0,0.0
2013-07-02 00:00:00+09:00,968.6092118722687,972.8205562717134,941.9373982811277,958.7827758789062,82800,0.0,0.0
2013-07-03 00:00:00+09:00,970.0131224308843,981.243410326087,964.3980298913043,968.609375,57900,0.0,0.0
2013-07-04 00:00:00+09:00,975.6283987032034,977.0321462505118,953.1678210499621,974.2245483398438,76200,0.0,0.0
2013-07-05 00:00:00+09:00,977.0319826681867,982.6470747333489,971.4168906030245,978.4357299804688,33600,0.0,0.0
2013-07-08 00:00:00+09:00,996.6851032133203,1005.107793936768,982.647216796875,982.647216796875,50700,0.0,0.0
2013-07-09 00:00:00+09:00,1021.9529229052438,1121.6213366317772,1021.9529229052438,1093.5457763671875,314100,0.0,0.0
2013-07-10 00:00:00+09:00,1066.8738604549967,1111.7949008207731,1066.8738604549967,1093.5457763671875,123000,0.0,0.0
2013-07-11 00:00:00+09:00,1097.7570802572966,1100.5645744907395,1082.315450709282,1087.9305419921875,55800,0.0,0.0
2013-07-12 00:00:00+09:00,1087.9306232925426,1094.94956503271,1082.3155315900249,1092.1419677734375,38400,0.0,0.0
2013-07-16 00:00:00+09:00,1103.372417010013,1108.987509542121,1094.9497268038294,1100.5648193359375,87600,0.0,0.0
2013-07-17 00:00:00+09:00,1094.9496040986735,1117.410074526123,1089.334512195819,1110.3912353515625,68100,0.0,0.0
2013-07-18 00:00:00+09:00,1118.813781276719,1123.0251253683305,1104.7758990940033,1107.58349609375,372300,0.0,0.0
2013-07-19 00:00:00+09:00,1106.1798514992515,1116.006287684845,1075.2965900884828,1079.5079345703125,68100,0.0,0.0
2013-07-22 00:00:00+09:00,1089.334512195819,1114.6025799827112,1082.3155702052272,1110.3912353515625,34500,0.0,0.0
2013-07-23 00:00:00+09:00,1107.583679433584,1113.1987715465334,1089.3345529544717,1108.9874267578125,71400,0.0,0.0
2013-07-24 00:00:00+09:00,1108.987385961209,1108.987385961209,1094.9496047872292,1097.7572021484375,20700,0.0,0.0
2013-07-25 00:00:00+09:00,1099.1612167063827,1099.1612167063827,1085.1234321188053,1090.738525390625,43500,0.0,0.0
2013-07-26 00:00:00+09:00,1079.5080167533165,1086.5269590293942,1064.0664876883952,1071.0853271484375,35400,0.0,0.0
2013-07-29 00:00:00+09:00,1052.8358702749647,1052.8358702749647,1020.5488693145315,1026.1640625,42300,0.0,0.0
2013-07-30 00:00:00+09:00,1027.568282063802,1027.568282063802,996.6851166016608,1010.722900390625,71700,0.0,0.0
2013-07-31 00:00:00+09:00,1010.7224915245026,1012.1262384907283,993.8771166657609,1000.8960571289062,33000,0.0,0.0
2013-08-01 00:00:00+09:00,1010.7230597882232,1020.5494997085865,993.8776754584194,1019.145751953125,28200,0.0,0.0
2013-08-02 00:00:00+09:00,1024.7604953107023,1059.8551025390625,1024.7604953107023,1059.8551025390625,26400,0.0,0.0
2013-08-05 00:00:00+09:00,1058.4513963920474,1058.4513963920474,1020.5492894584537,1052.8363037109375,24000,0.0,0.0
2013-08-06 00:00:00+09:00,1033.1832667341332,1041.6059566879876,1017.7417370294264,1038.7984619140625,30300,0.0,0.0
2013-08-07 00:00:00+09:00,1038.7982781257497,1038.7982781257497,1002.2999271778002,1003.7036743164062,27900,0.0,0.0
2013-08-08 00:00:00+09:00,996.6851259930851,1009.3191623670141,968.609455334559,974.2245483398438,33900,0.0,0.0
2013-08-09 00:00:00+09:00,964.3977106629629,1009.3187445582771,960.1863669482775,1000.8960571289062,62100,0.0,0.0
2013-08-12 00:00:00+09:00,1005.107564653953,1005.107564653953,962.9941206435362,972.820556640625,32700,0.0,0.0
2013-08-13 00:00:00+09:00,981.2434917084881,982.6472392557964,962.9943623292744,974.2245483398438,35700,0.0,0.0
2013-08-14 00:00:00+09:00,985.4544468171607,989.6657906069776,970.0128186491618,981.2431030273438,18900,0.0,0.0
2013-08-15 00:00:00+09:00,982.6470758072743,982.6470758072743,962.9942021497113,965.8016967773438,17100,0.0,0.0
2013-08-16 00:00:00+09:00,965.8015540962642,967.2054040187192,958.7827157480656,961.5902099609375,20700,0.0,0.0
2013-08-19 00:00:00+09:00,962.9942668321463,964.3980142402495,932.1110013255491,940.53369140625,27900,0.0,0.0
2013-08-20 00:00:00+09:00,940.5335273795359,940.5335273795359,916.6693115234375,916.6693115234375,30300,0.0,0.0
2013-08-21 00:00:00+09:00,916.669435010295,916.669435010295,899.8240555174017,904.035400390625,29400,0.0,0.0
2013-08-22 00:00:00+09:00,909.650552005701,929.3035303025301,902.6316091533955,919.4769897460938,24900,0.0,0.0
2013-08-23 00:00:00+09:00,936.3222853631717,939.1298828125,929.3034459639023,939.1298828125,27000,0.0,0.0
2013-08-26 00:00:00+09:00,953.1676630863764,954.5715132170831,937.7261341768759,950.3601684570312,14100,0.0,0.0
2013-08-27 00:00:00+09:00,933.514750102495,946.1487838505767,927.8995554482165,943.3411865234375,17700,0.0,0.0
2013-08-28 00:00:00+09:00,918.0732837637739,930.7073197788717,911.0543405944812,912.4581909179688,54300,0.0,0.0
2013-08-29 00:00:00+09:00,915.2655236560432,919.4768682477368,905.4390872141017,906.8428344726562,16800,0.0,0.0
2013-08-30 00:00:00+09:00,946.1488684503958,947.5526158314664,918.0732011167096,923.6882934570312,53700,0.0,0.0
2013-09-02 00:00:00+09:00,919.4768662828286,948.956278361686,919.4768662828286,943.3411865234375,14400,0.0,0.0
2013-09-03 00:00:00+09:00,953.1677419961017,972.8207201086957,948.9563968874061,968.609375,33000,0.0,0.0
2013-09-04 00:00:00+09:00,954.5715113508547,984.0509246135837,954.5715113508547,977.031982421875,27300,0.0,0.0
2013-09-05 00:00:00+09:00,977.0321883988843,985.4548796781851,964.3981514799332,967.2057495117188,16500,0.0,0.0
2013-09-06 00:00:00+09:00,962.9941614001716,971.416850558727,955.9752194960322,970.0130004882812,22500,0.0,0.0
2013-09-09 00:00:00+09:00,972.8206773329383,986.8584594726564,970.0130797785795,986.8584594726562,24900,0.0,0.0
2013-09-10 00:00:00+09:00,991.0699845347173,999.4926759126782,986.8586388457369,996.6851806640625,17700,0.0,0.0
2013-09-11 00:00:00+09:00,999.4925537109375,1005.1077491537476,998.0888062582571,999.4925537109375,20700,0.0,0.0
2013-09-12 00:00:00+09:00,992.4735310841276,992.4735310841276,982.646992274644,984.0508422851562,11700,0.0,0.0
2013-09-13 00:00:00+09:00,974.2243852275886,992.4736143674252,960.1866036566662,978.4357299804688,50700,0.0,0.0
2013-09-17 00:00:00+09:00,975.6283822072924,977.0321297308661,954.5716552734375,954.5716552734375,27600,0.0,0.0
2013-09-18 00:00:00+09:00,954.5714738843941,954.5714738843941,929.3034063652427,932.1109008789062,30300,0.0,0.0
2013-09-19 00:00:00+09:00,936.322183361207,936.322183361207,919.4768061324235,929.3033447265625,30000,0.0,0.0
2013-09-20 00:00:00+09:00,920.8807772843613,936.3223065652392,920.8807772843613,930.7072143554688,35400,0.0,0.0
2013-09-24 00:00:00+09:00,933.5147702359016,954.5714936035081,930.70717284821,948.956298828125,34200,0.0,0.0
2013-09-25 00:00:00+09:00,950.3601069043696,978.4356682756351,937.7260734424917,975.628173828125,42900,0.0,0.0
2013-09-26 00:00:00+09:00,975.6282351099468,984.0509246135837,968.6092929182381,977.031982421875,32700,0.0,0.0
2013-09-27 00:00:00+09:00,977.0319207960677,992.47355151744,974.2243235332652,988.26220703125,32700,0.0,0.0
2013-09-30 00:00:00+09:00,981.2435825101323,1007.9154052734375,981.2435825101323,1007.9154052734375,36300,0.0,0.0
2013-10-01 00:00:00+09:00,1005.1076673059433,1005.1076673059433,989.6660353197228,992.4736328125,28200,0.0,0.0
2013-10-02 00:00:00+09:00,992.4736154520899,992.4736154520899,957.3790072623784,965.8016967773438,33300,0.0,0.0
2013-10-03 00:00:00+09:00,964.3977661132814,981.2431419405875,962.994019066344,964.3977661132812,13200,0.0,0.0
2013-10-04 00:00:00+09:00,961.5904987885613,965.8018441888265,944.7451171875,944.7451171875,21000,0.0,0.0
2013-10-07 00:00:00+09:00,940.5335900519567,960.1865657277511,927.899556292381,932.1109008789062,26700,0.0,0.0
2013-10-08 00:00:00+09:00,926.4958893781585,944.7450165635942,926.4958893781585,936.3223266601562,9900,0.0,0.0
2013-10-09 00:00:00+09:00,937.7261336048155,968.6092942210101,937.7261336048155,965.8016967773438,30600,0.0,0.0
2013-10-10 00:00:00+09:00,974.2243437211266,1000.8962612303764,974.2243437211266,993.8773193359375,35400,0.0,0.0
2013-10-11 00:00:00+09:00,993.8775187174479,1010.7229003906249,992.4737711833665,1010.722900390625,30300,0.0,0.0
2013-10-15 00:00:00+09:00,1010.7226156414793,1010.7226156414793,1000.8961800391942,1003.7036743164062,13500,0.0,0.0
2013-10-16 00:00:00+09:00,999.4925140712934,999.4925140712934,989.6660766601562,989.6660766601562,15600,0.0,0.0
2013-10-17 00:00:00+09:00,989.6661159100861,1006.5114966064281,986.858518188681,999.4925537109375,33300,0.0,0.0
2013-10-18 00:00:00+09:00,999.4924526803836,1003.7037974287786,991.0697631835938,991.0697631835938,10800,0.0,0.0
2013-10-21 00:00:00+09:00,1007.9150386705371,1010.7226358198222,999.4923500387052,1006.5112915039062,27000,0.0,0.0
2013-10-22 00:00:00+09:00,1009.3193302212715,1024.7608642578125,1005.1079840629297,1024.7608642578125,21300,0.0,0.0
2013-10-23 00:00:00+09:00,1026.1641194170188,1031.7792100979298,999.492207346672,1000.8960571289062,27300,0.0,0.0
2013-10-24 00:00:00+09:00,1000.8962000213595,1009.3188886531914,989.6659142402426,1006.5112915039062,13500,0.0,0.0
2013-10-25 00:00:00+09:00,1006.5113321993973,1006.5113321993973,977.0319207960677,988.26220703125,39900,0.0,0.0
2013-10-28 00:00:00+09:00,982.647216709889,996.6851031250917,943.3413609426291,979.8397216796875,33600,0.0,0.0
2013-10-29 00:00:00+09:00,979.8397216796876,979.8397216796876,979.8397216796876,979.8397216796875,0,0.0,0.0
2013-10-30 00:00:00+09:00,992.4735921426098,1003.7037760214527,988.2622474840359,998.0886840820312,33600,0.0,0.0
2013-10-31 00:00:00+09:00,1003.7036743164062,1010.7226156414793,996.6848358073546,1003.7036743164062,21000,0.0,0.0
2013-11-01 00:00:00+09:00,1002.3000501179915,1003.7037974287786,985.4546711244118,991.0697631835938,14100,0.0,0.0
2013-11-05 00:00:00+09:00,991.0698043961755,995.2811493196947,981.2433671799768,986.8584594726562,19800,0.0,0.0
2013-11-06 00:00:00+09:00,993.8775825993899,998.0889282883703,986.8586388457369,996.6851806640625,15900,0.0,0.0
2013-11-07 00:00:00+09:00,996.6849776436478,999.492472320389,988.2622879813523,992.4736328125,12000,0.0,0.0
2013-11-08 00:00:00+09:00,984.0510670410386,984.0510670410386,977.0321238334373,979.8397216796875,28800,0.0,0.0
2013-11-11 00:00:00+09:00,982.6470328680414,993.8773193359375,982.6470328680414,993.8773193359375,23100,0.0,0.0
2013-11-12 00:00:00+09:00,993.8772591865805,1026.1642665677568,992.4735120190593,1020.549072265625,61800,0.0,0.0
2013-11-13 00:00:00+09:00,1024.7606198920366,1035.990907908315,1019.1455272919195,1021.953125,20700,0.0,0.0
2013-11-14 00:00:00+09:00,1016.3379296956424,1024.7606200047667,1014.9341822494696,1023.3568725585938,27000,0.0,0.0
2013-11-15 00:00:00+09:00,1023.3571164770547,1030.3760610129805,1017.7420225379551,1024.7608642578125,28800,0.0,0.0
2013-11-18 00:00:00+09:00,1033.1831254502138,1044.4134114583333,1031.7793782552083,1035.99072265625,36600,0.0,0.0
2013-11-19 00:00:00+09:00,1026.1643073112994,1041.6058352152047,1026.1643073112994,1028.9718017578125,24900,0.0,0.0
2013-11-20 00:00:00+09:00,1037.3943490882596,1051.4322306682666,1027.5679142350652,1048.6246337890625,41100,0.0,0.0
2013-11-21 00:00:00+09:00,1051.4323530654112,1066.873880658547,1051.4323530654112,1061.2587890625,46200,0.0,0.0
2013-11-22 00:00:00+09:00,1064.0666116168854,1066.8741066014684,1048.6249779374903,1058.451416015625,54300,0.0,0.0
2013-11-25 00:00:00+09:00,1066.8739417319096,1066.8739417319096,1051.432413254821,1059.8551025390625,46500,0.0,0.0
2013-11-26 00:00:00+09:00,1052.8364067069813,1054.2401543105723,1044.4137154533255,1047.2213134765625,43500,0.0,0.0
2013-11-27 00:00:00+09:00,1054.114501953125,1071.3479809758746,1044.0615690666486,1054.114501953125,37500,28.0,0.0
2013-11-28 00:00:00+09:00,1059.8590368032665,1069.911865234375,1054.114578440464,1069.911865234375,30000,0.0,0.0
2013-11-29 00:00:00+09:00,1072.7842807617187,1081.4010219726563,1071.3481922881722,1077.0926513671875,25800,0.0,0.0
2013-12-02 00:00:00+09:00,1068.475527577191,1085.7090038284362,1068.475527577191,1081.400634765625,28800,0.0,0.0
2013-12-03 00:00:00+09:00,1077.0923346025731,1087.1451613305978,1072.7839652641628,1082.8367919921875,29700,0.0,0.0
2013-12-04 00:00:00+09:00,1082.8367919921875,1087.1451613305978,1079.9646158897795,1082.8367919921875,37500,0.0,0.0
2013-12-05 00:00:00+09:00,1087.1452476194409,1088.5814409694365,1077.0924200935037,1084.2730712890625,37200,0.0,0.0
2013-12-06 00:00:00+09:00,1081.400584685812,1087.1450414419367,1075.6561279296875,1075.6561279296875,25500,0.0,0.0
2013-12-09 00:00:00+09:00,1075.6562794101972,1085.7091064453125,1071.3479099401761,1085.7091064453125,36000,0.0,0.0
2013-12-10 00:00:00+09:00,1079.9647175550972,1088.581457043077,1077.092435997501,1087.145263671875,48000,0.0,0.0
2013-12-11 00:00:00+09:00,1088.5812849319075,1088.5812849319075,1068.475527577191,1081.400634765625,55500,0.0,0.0
2013-12-12 00:00:00+09:00,1084.2728823418124,1084.2728823418124,1078.5283203125,1078.5283203125,36000,0.0,0.0
2013-12-13 00:00:00+09:00,1075.656473502573,1085.7093023516293,1071.3481032551458,1079.96484375,104700,0.0,0.0
2013-12-16 00:00:00+09:00,1069.911803798679,1074.220173619593,1056.9866943359375,1056.9866943359375,32400,0.0,0.0
2013-12-17 00:00:00+09:00,1051.2423693699393,1071.3481328074747,1051.2423693699393,1064.16748046875,35100,0.0,0.0
2013-12-18 00:00:00+09:00,1062.731257553696,1064.1673457657307,1051.2422363029889,1056.9866943359375,57600,0.0,0.0
2013-12-19 00:00:00+09:00,1056.986384976691,1061.2947535366295,1034.008454385278,1044.061279296875,56700,0.0,0.0
2013-12-20 00:00:00+09:00,1031.1364544852672,1041.1893873199322,1031.1364544852672,1035.44482421875,43500,0.0,0.0
2013-12-24 00:00:00+09:00,1018.2115341011365,1028.2644688000096,996.6696814390192,1002.4142456054688,89400,0.0,0.0
2013-12-25 00:00:00+09:00,990.9252126593339,993.7974947141581,966.5110781553936,982.3084716796875,113400,0.0,0.0
2013-12-26 00:00:00+09:00,985.1806313072641,1021.0836791992188,985.1806313072641,1008.1585693359375,44400,0.0,0.0
2013-12-27 00:00:00+09:00,1019.6477848199341,1029.7006148967853,1018.211591105503,1028.2645263671875,36600,0.0,0.0
2013-12-30 00:00:00+09:00,1041.1894328126466,1049.8061726561034,1041.1894328126466,1045.497802734375,31200,0.0,0.0
2014-01-06 00:00:00+09:00,1052.6782827784116,1058.4228457684096,1015.3391492674541,1039.753173828125,68400,0.0,0.0
2014-01-07 00:00:00+09:00,1032.5726318359375,1035.4448081571682,1022.5196991572113,1032.5726318359375,38400,0.0,0.0
2014-01-08 00:00:00+09:00,1005.2863280395688,1019.6476319213688,998.1057812834864,1012.4669799804688,89700,0.0,0.0
2014-01-09 00:00:00+09:00,1018.2115114760118,1022.5198819127013,1002.414223331367,1019.647705078125,107400,0.0,0.0
2014-01-10 00:00:00+09:00,1009.5946976556999,1029.700459969144,1003.8502392167806,1025.39208984375,81300,0.0,0.0
2014-01-14 00:00:00+09:00,1013.9029261090051,1019.6474889300574,1011.0307498832817,1016.7752075195312,48900,0.0,0.0
2014-01-15 00:00:00+09:00,1018.2112578436671,1038.3170166015625,1018.2112578436671,1038.3170166015625,36000,0.0,0.0
2014-01-16 00:00:00+09:00,1044.06144490174,1064.1672030988086,1044.06144490174,1061.294921875,63900,0.0,0.0
2014-01-17 00:00:00+09:00,1052.678364912493,1077.0924965628556,1052.678364912493,1074.22021484375,50400,0.0,0.0
2014-01-20 00:00:00+09:00,1079.9649334991097,1081.4010219726563,1062.7314510772346,1077.0926513671875,45900,0.0,0.0
2014-01-21 00:00:00+09:00,1084.2731482682127,1084.2731482682127,1065.603474871247,1074.22021484375,30600,0.0,0.0
2014-01-22 00:00:00+09:00,1071.3481328074747,1072.7842212012904,1054.114651342394,1064.16748046875,30300,0.0,0.0
2014-01-23 00:00:00+09:00,1071.347683633006,1071.347683633006,1038.3168229452165,1044.061279296875,39900,0.0,0.0
2014-01-24 00:00:00+09:00,1028.264445951504,1032.5728163881936,1019.647705078125,1019.647705078125,83100,0.0,0.0
2014-01-27 00:00:00+09:00,1005.28646483373,1005.28646483373,993.7975463867188,993.7975463867188,52200,0.0,0.0
2014-01-28 00:00:00+09:00,993.797205826673,1009.5944895740189,977.9998168945312,977.9998168945312,69600,0.0,0.0
2014-01-29 00:00:00+09:00,990.9250420624585,1016.7752605510444,989.4889538746954,1015.3391723632812,61200,0.0,0.0
2014-01-30 00:00:00+09:00,996.6695352107821,1003.8501867729076,988.0527954101562,988.0527954101562,32400,0.0,0.0
2014-01-31 00:00:00+09:00,990.9248739699058,1003.8499810216872,979.4358548622811,992.3609619140625,39900,0.0,0.0
2014-02-03 00:00:00+09:00,992.3613144306734,995.2335965240983,965.0750026900347,976.5640258789062,36600,0.0,0.0
2014-02-04 00:00:00+09:00,956.4581214811875,956.4581214811875,903.3215942382812,903.3215942382812,84900,0.0,0.0
2014-02-05 00:00:00+09:00,909.0660479935048,919.1188760218764,890.3964801737255,910.5021362304688,54900,0.0,0.0
2014-02-06 00:00:00+09:00,930.6078768353809,930.6078768353809,901.8853764393524,914.8104858398438,34500,0.0,0.0
2014-02-07 00:00:00+09:00,942.0968215990662,942.0968215990662,920.5549743459229,937.7884521484375,28200,0.0,0.0
2014-02-10 00:00:00+09:00,998.1056774776999,998.1056774776999,956.4580688476562,956.4580688476562,52200,0.0,0.0
2014-02-12 00:00:00+09:00,966.5109299353759,983.7444092518153,966.5109299353759,972.2554931640625,26100,0.0,0.0
2014-02-13 00:00:00+09:00,972.2555214439828,980.8722613528371,965.0748697916666,969.3832397460938,18600,0.0,0.0
2014-02-14 00:00:00+09:00,969.3833095433475,969.3833095433475,942.0969995955862,957.894287109375,29700,0.0,0.0
2014-02-17 00:00:00+09:00,976.56389139841,976.56389139841,957.8942181393504,969.3832397460938,16200,0.0,0.0
2014-02-18 00:00:00+09:00,975.1275687132645,988.0526768634468,969.3831112636722,980.8721313476562,27300,0.0,0.0
2014-02-19 00:00:00+09:00,969.3832317994529,973.6916017185615,967.9471435546875,967.9471435546875,15300,0.0,0.0
2014-02-20 00:00:00+09:00,976.5638075521317,976.5638075521317,947.84130859375,947.84130859375,28200,0.0,0.0
2014-02-21 00:00:00+09:00,952.1498782509251,982.3084716796875,952.1498782509251,982.3084716796875,29700,0.0,0.0
2014-02-24 00:00:00+09:00,989.4891242243349,996.6696715841559,980.8723832446885,982.3084716796875,12000,0.0,0.0
2014-02-25 00:00:00+09:00,982.3082893668832,995.2333984375,982.3082893668832,995.2333984375,24600,0.0,0.0
2014-02-26 00:00:00+09:00,982.3083372713431,996.6695352107821,975.1276857092175,988.0527954101562,10800,0.0,0.0
2014-02-27 00:00:00+09:00,988.0529421056447,995.2335947338763,986.6168536539293,989.4891357421875,9000,0.0,0.0
2014-02-28 00:00:00+09:00,995.2335965240983,995.2335965240983,976.5640258789062,976.5640258789062,13500,0.0,0.0
2014-03-03 00:00:00+09:00,976.5638629931724,976.5638629931724,952.1497322332798,972.2554931640625,19200,0.0,0.0
2014-03-04 00:00:00+09:00,970.8190346670739,989.4887022850437,962.2022973617899,983.744140625,15900,0.0,0.0
2014-03-05 00:00:00+09:00,989.4891756728816,996.6697234060556,988.0529819783812,993.7975463867188,16500,0.0,0.0
2014-03-06 00:00:00+09:00,985.1806313072641,1012.4669392903645,985.1806313072641,1008.1585693359375,31500,0.0,0.0
2014-03-07 00:00:00+09:00,1008.1586098528924,1015.3392617937923,996.669587784416,1012.4669799804688,33300,0.0,0.0
2014-03-10 00:00:00+09:00,1013.9030355156323,1013.9030355156323,1006.7224889916941,1009.5946655273438,11700,0.0,0.0
2014-03-11 00:00:00+09:00,1005.2862876380483,1009.5946575924754,1003.8501993815104,1008.1585693359375,29100,0.0,0.0
2014-03-12 00:00:00+09:00,1002.4142473621081,1003.8503358138233,983.7445715656711,989.4891357421875,24300,0.0,0.0
2014-03-13 00:00:00+09:00,979.4361425608423,979.4361425608423,962.2026614296556,963.6388549804688,59700,0.0,0.0
2014-03-14 00:00:00+09:00,933.4801215868728,939.2245793654265,911.9382734362896,916.2466430664062,141000,0.0,0.0
2014-03-17 00:00:00+09:00,919.1188274188361,924.863390432543,914.810457750959,917.6827392578125,30000,0.0,0.0
2014-03-18 00:00:00+09:00,927.7357177734375,939.2247404862533,926.2996293786443,927.7357177734375,22800,0.0,0.0
2014-03-19 00:00:00+09:00,927.7357111181291,927.7357111181291,913.37451171875,913.37451171875,38700,0.0,0.0
2014-03-20 00:00:00+09:00,913.3743816369962,917.682751361699,909.0660119122934,911.9382934570312,65700,0.0,0.0
2014-03-24 00:00:00+09:00,923.4272066141388,957.8941643127666,923.4272066141388,944.9690551757812,78000,0.0,0.0
2014-03-25 00:00:00+09:00,949.2773069468176,976.5637151912845,949.2773069468176,970.8191528320312,69900,0.0,0.0
2014-03-26 00:00:00+09:00,962.2027076655704,983.7445601146864,957.8943371757472,982.3084716796875,99600,0.0,0.0
2014-03-27 00:00:00+09:00,985.1804170084887,992.3609619140625,970.8191168277601,992.3609619140625,83100,0.0,0.0
2014-03-28 00:00:00+09:00,977.9996841497378,986.6164214550219,975.1274033197159,983.744140625,127200,0.0,0.0
2014-03-31 00:00:00+09:00,979.4361993093254,1005.2864225038661,978.0001108601267,1002.4142456054688,104400,0.0,0.0
2014-04-01 00:00:00+09:00,996.6693861330208,1003.8500366210938,992.3610168771363,1003.8500366210938,81600,0.0,0.0
2014-04-02 00:00:00+09:00,1012.4667887265713,1022.5196153970089,1008.1584194128411,1011.0307006835938,76500,0.0,0.0
2014-04-03 00:00:00+09:00,1008.1587610286517,1031.136703426383,1006.7226724990539,1028.2645263671875,69300,0.0,0.0
2014-04-04 00:00:00+09:00,1028.2642292681473,1029.7003173828125,1021.0835783252157,1029.7003173828125,51300,0.0,0.0
2014-04-07 00:00:00+09:00,1019.6474574025984,1032.572565573118,1019.6474574025984,1026.8280029296875,48900,0.0,0.0
2014-04-08 00:00:00+09:00,1019.6475781356589,1019.6475781356589,976.5638791325299,988.0527954101562,275400,0.0,0.0
2014-04-09 00:00:00+09:00,976.5637772040953,979.4359533813138,936.3522588750272,937.7884521484375,161400,0.0,0.0
2014-04-10 00:00:00+09:00,947.8413616511256,956.4581013024995,943.5329918254387,946.4052734375,54300,0.0,0.0
2014-04-11 00:00:00+09:00,937.7884271218014,940.6606032223705,924.8633191148461,936.3522338867188,81900,0.0,0.0
2014-04-14 00:00:00+09:00,936.3523400002816,944.9690796480904,932.0439701763772,933.4801635742188,81900,0.0,0.0
2014-04-15 00:00:00+09:00,933.4801012850287,937.7884708214444,920.5549926757812,920.5549926757812,88800,0.0,0.0
2014-04-16 00:00:00+09:00,926.2996001221818,944.9691694041229,924.8635117727463,943.5330810546875,58200,0.0,0.0
2014-04-17 00:00:00+09:00,952.1496053360024,960.7663438458304,952.1496053360024,953.585693359375,60600,0.0,0.0
2014-04-18 00:00:00+09:00,955.0217895507812,956.4578774282676,952.1495086110231,955.0217895507812,19500,0.0,0.0
2014-04-21 00:00:00+09:00,962.2024985112969,965.0747799417725,956.4580408351495,959.330322265625,26700,0.0,0.0
2014-04-22 00:00:00+09:00,962.2025054805388,962.2025054805388,947.84130859375,947.84130859375,46800,0.0,0.0
2014-04-23 00:00:00+09:00,959.3303503622544,959.3303503622544,952.1496991681622,956.4580688476562,18600,0.0,0.0
2014-04-24 00:00:00+09:00,956.4580408351495,959.330322265625,955.0219527123135,959.330322265625,39900,0.0,0.0
2014-04-25 00:00:00+09:00,967.9471514895558,970.8193280026317,963.6387815351287,969.3832397460938,76800,0.0,0.0
2014-04-28 00:00:00+09:00,975.1276899633269,975.1276899633269,965.0748618803442,967.9471435546875,52500,0.0,0.0
2014-04-30 00:00:00+09:00,967.9471514895558,970.8193280026317,966.5109580482045,969.3832397460938,37500,0.0,0.0
2014-05-01 00:00:00+09:00,972.2556422650422,985.1807537345118,970.8194486452168,982.3084716796875,43200,0.0,0.0
2014-05-02 00:00:00+09:00,986.6165049526453,995.2332429871662,983.7442238795416,992.3609619140625,42600,0.0,0.0
2014-05-07 00:00:00+09:00,993.7975080697997,995.2335965240983,973.6917437854814,976.5640258789062,100800,0.0,0.0
2014-05-08 00:00:00+09:00,983.7445601146864,985.1807537345118,979.4361896248632,982.3084716796875,49500,0.0,0.0
2014-05-09 00:00:00+09:00,980.8724342452073,995.2336348963872,979.436240550707,993.7975463867188,81600,0.0,0.0
2014-05-12 00:00:00+09:00,996.6697234060556,1002.4142878143931,989.4891756728816,993.7975463867188,86100,0.0,0.0
2014-05-13 00:00:00+09:00,985.1804170084887,993.7971550430096,985.1804170084887,992.3609619140625,61800,0.0,0.0
2014-05-14 00:00:00+09:00,992.361386442344,1005.2864990234375,989.4892093253246,1005.2864990234375,68400,0.0,0.0
2014-05-15 00:00:00+09:00,1002.4143219064182,1009.5948698838021,995.2336687441988,1005.2864990234375,51600,0.0,0.0
2014-05-16 00:00:00+09:00,1003.8501378179113,1003.8501378179113,995.2333984375,995.2333984375,63300,0.0,0.0
2014-05-19 00:00:00+09:00,995.2334799061651,999.5418499490489,990.9251098632812,990.9251098632812,50700,0.0,0.0
2014-05-20 00:00:00+09:00,990.9251098632812,1000.9779382350717,986.6167398203975,990.9251098632812,79500,0.0,0.0
2014-05-21 00:00:00+09:00,986.616707171656,990.9250770719689,986.616707171656,988.0527954101562,40200,0.0,0.0
2014-05-22 00:00:00+09:00,989.4889888334686,990.9250770719689,983.7444255098434,988.0527954101562,61200,0.0,0.0
2014-05-23 00:00:00+09:00,988.0529819783812,998.105917100556,988.0529819783812,993.7975463867188,66000,0.0,0.0
2014-05-26 00:00:00+09:00,992.3611575758728,1002.414090721457,992.3611575758728,999.5418090820312,123600,0.0,0.0
2014-05-27 00:00:00+09:00,990.9250693485654,999.5418090820312,990.9250693485654,999.5418090820312,565800,0.0,0.0
2014-05-28 00:00:00+09:00,1009.8615193441109,1009.8615193441109,992.1705139951493,993.6448364257812,367800,30.0,0.0
2014-05-29 00:00:00+09:00,996.593464603774,1003.9647542988586,992.1707123821932,1002.4905395507812,96900,0.0,0.0
2014-05-30 00:00:00+09:00,1001.0162168253548,1003.9647542988586,998.0677873292004,1002.4905395507812,74400,0.0,0.0
2014-06-02 00:00:00+09:00,1006.9133451852741,1018.7072797502136,1005.4390223816406,1015.7588500976562,99300,0.0,0.0
2014-06-03 00:00:00+09:00,1015.7588500976562,1017.2330649239349,1011.3360976414652,1015.7588500976562,52500,0.0,0.0
2014-06-04 00:00:00+09:00,1011.3358727608676,1014.2843017578125,1005.4387988123161,1014.2843017578125,33900,0.0,0.0
2014-06-05 00:00:00+09:00,1014.2840285545093,1017.2325647345797,1009.8612782730546,1012.809814453125,37200,0.0,0.0
2014-06-06 00:00:00+09:00,1005.4387025676685,1009.8614536170531,1003.9644882103138,1006.9130249023438,67200,0.0,0.0
2014-06-09 00:00:00+09:00,1005.43896484375,1009.8617170468418,1003.9647501018356,1005.43896484375,51000,0.0,0.0
2014-06-10 00:00:00+09:00,1005.4387970153689,1008.387333984375,989.2221136291623,995.1190795898438,72300,0.0,0.0
2014-06-11 00:00:00+09:00,998.0676165588497,998.0676165588497,992.1705426208376,995.1190795898438,47400,0.0,0.0
2014-06-12 00:00:00+09:00,996.5935155982794,1003.964805670544,990.6965483268805,999.5420532226562,54900,0.0,0.0
2014-06-13 00:00:00+09:00,992.1703785554756,1008.3871672374036,992.1703785554756,1003.9644165039062,55500,0.0,0.0
2014-06-16 00:00:00+09:00,1001.016117190969,1008.3874061523652,996.5933654095991,998.0676879882812,31800,0.0,0.0
2014-06-17 00:00:00+09:00,1005.4387025676685,1008.3872392596984,1001.0159515182838,1006.9130249023438,36600,0.0,0.0
2014-06-18 00:00:00+09:00,1009.8616758759996,1012.8102132169687,1006.9132465123747,1011.3359985351562,24000,0.0,0.0
2014-06-19 00:00:00+09:00,1012.810345839279,1023.1300659179688,1009.861808112214,1023.1300659179688,72900,0.0,0.0
2014-06-20 00:00:00+09:00,1024.6038511961049,1024.6038511961049,1012.809814453125,1012.809814453125,81300,0.0,0.0
2014-06-23 00:00:00+09:00,1015.7588500976562,1017.2330649239349,1012.8103124677439,1015.7588500976562,20400,0.0,0.0
2014-06-24 00:00:00+09:00,1017.2327449403961,1026.0782470703125,1015.7585305778503,1026.0782470703125,30900,0.0,0.0
2014-06-25 00:00:00+09:00,1027.552421742697,1027.552421742697,1021.6554565429688,1021.6554565429688,27300,0.0,0.0
2014-06-26 00:00:00+09:00,1027.552566670458,1027.552566670458,1017.2328491210938,1017.2328491210938,19200,0.0,0.0
2014-06-27 00:00:00+09:00,1015.758419741164,1021.6553845252079,1012.8098833604874,1018.7068481445312,30300,0.0,0.0
2014-06-30 00:00:00+09:00,1018.7073133160505,1026.0786036450338,1017.2330984411973,1023.1300659179688,17400,0.0,0.0
2014-07-01 00:00:00+09:00,1024.6041392081581,1040.8208228137346,1024.6041392081581,1036.3980712890625,81600,0.0,0.0
2014-07-02 00:00:00+09:00,1036.3979277986002,1048.1919662239388,1036.3979277986002,1040.8206787109375,38700,0.0,0.0
2014-07-03 00:00:00+09:00,1040.820743259324,1043.7692800428467,1036.3979920727018,1037.872314453125,16200,0.0,0.0
2014-07-04 00:00:00+09:00,1043.7694091796875,1046.717946328008,1039.3466574458753,1043.7694091796875,22800,0.0,0.0
2014-07-07 00:00:00+09:00,1043.769415481033,1052.6149190020587,1040.8208783149119,1049.6663818359375,39900,0.0,0.0
2014-07-08 00:00:00+09:00,1049.6663754989913,1052.614912647312,1043.7694091796875,1043.7694091796875,25500,0.0,0.0
2014-07-09 00:00:00+09:00,1055.5630671455629,1055.5630671455629,1048.1917809355805,1054.0887451171875,54000,0.0,0.0
2014-07-10 00:00:00+09:00,1055.563332741015,1062.934512828398,1055.563332741015,1059.986083984375,45300,0.0,0.0
2014-07-11 00:00:00+09:00,1055.5632686026934,1065.8829848843764,1052.6147319605045,1062.9344482421875,39300,0.0,0.0
2014-07-14 00:00:00+09:00,1067.3572998046875,1071.780051196112,1067.3572998046875,1067.3572998046875,21000,0.0,0.0
2014-07-15 00:00:00+09:00,1068.8316222533815,1071.780051196112,1067.3572998046875,1067.3572998046875,16500,0.0,0.0
2014-07-16 00:00:00+09:00,1067.3573554851284,1080.6256103515625,1067.3573554851284,1080.6256103515625,30900,0.0,0.0
2014-07-17 00:00:00+09:00,1083.574167948405,1089.4711342305084,1077.6772016663012,1086.522705078125,30600,0.0,0.0
2014-07-18 00:00:00+09:00,1076.2027367785297,1092.419526881218,1062.9344834156,1090.9453125,35100,0.0,0.0
2014-07-22 00:00:00+09:00,1089.4711405874505,1101.2651811978112,1089.4711405874505,1092.419677734375,25500,0.0,0.0
2014-07-23 00:00:00+09:00,1089.4709183856846,1092.4194549312438,1086.5224898174406,1087.9967041015625,17700,0.0,0.0
2014-07-24 00:00:00+09:00,1090.9454631495814,1092.419677734375,1086.5227114178633,1092.419677734375,29400,0.0,0.0
2014-07-25 00:00:00+09:00,1093.893991881585,1096.842529296875,1090.9455624436418,1096.842529296875,19800,0.0,0.0
2014-07-28 00:00:00+09:00,1096.842435797322,1101.2651875545691,1090.9454694467715,1098.316650390625,33900,0.0,0.0
2014-07-29 00:00:00+09:00,1101.2650434121538,1104.2135801901698,1099.7908290118078,1102.7392578125,13800,0.0,0.0
2014-07-30 00:00:00+09:00,1102.739450986719,1105.68798828125,1098.316699033594,1105.68798828125,20700,0.0,0.0
2014-07-31 00:00:00+09:00,1105.687772933217,1111.5847383964203,1101.2650218414842,1107.1619873046875,37200,0.0,0.0
2014-08-01 00:00:00+09:00,1101.265236328125,1107.162202939844,1096.842484375,1105.68798828125,22800,0.0,0.0
2014-08-04 00:00:00+09:00,1104.213134765625,1108.6358841599103,1102.7388129826766,1104.213134765625,18900,0.0,0.0
2014-08-05 00:00:00+09:00,1104.2135084372949,1114.5332245237798,1104.2135084372949,1110.1104736328125,29700,0.0,0.0
2014-08-06 00:00:00+09:00,1101.26513671875,1107.162102797089,1095.368170640411,1101.26513671875,32400,0.0,0.0
2014-08-07 00:00:00+09:00,1102.7395217124088,1108.6365966796875,1099.7910922061192,1108.6365966796875,16500,0.0,0.0
2014-08-08 00:00:00+09:00,1108.636361302297,1108.636361302297,1080.6255310981478,1082.099853515625,48900,0.0,0.0
2014-08-11 00:00:00+09:00,1086.5228804361627,1099.7911376953125,1086.5228804361627,1099.7911376953125,29100,0.0,0.0
2014-08-12 00:00:00+09:00,1099.7909221934985,1104.213673746586,1099.7909221934985,1101.26513671875,14100,0.0,0.0
2014-08-13 00:00:00+09:00,1095.3682148812995,1098.3166440508867,1079.1514225392207,1092.419677734375,33000,0.0,0.0
2014-08-14 00:00:00+09:00,1090.945419087324,1101.26513671875,1090.945419087324,1101.26513671875,9300,0.0,0.0
2014-08-15 00:00:00+09:00,1092.4195410554298,1102.7392578125,1092.4195410554298,1102.7392578125,14100,0.0,0.0
2014-08-18 00:00:00+09:00,1102.7388129826766,1108.6358841599103,1093.8933141941063,1104.213134765625,15900,0.0,0.0
2014-08-19 00:00:00+09:00,1104.213134765625,1104.213134765625,1101.2645991770082,1104.213134765625,11700,0.0,0.0
2014-08-20 00:00:00+09:00,1099.790972961266,1101.2651875545691,1096.842435797322,1098.316650390625,38400,0.0,0.0
2014-08-21 00:00:00+09:00,1098.3164851212218,1108.6363096534794,1098.3164851212218,1107.1619873046875,24000,0.0,0.0
2014-08-22 00:00:00+09:00,1111.5850034715074,1113.059326171875,1104.2138218790583,1113.059326171875,20100,0.0,0.0
2014-08-25 00:00:00+09:00,1113.0592282330078,1113.0592282330078,1090.9454694467715,1098.316650390625,26400,0.0,0.0
2014-08-26 00:00:00+09:00,1098.3168149038377,1108.6366425347455,1098.3168149038377,1099.7911376953125,11100,0.0,0.0
2014-08-27 00:00:00+09:00,1092.4196713602284,1099.7909601958604,1082.0999533722131,1086.522705078125,20100,0.0,0.0
2014-08-28 00:00:00+09:00,1086.5224898174406,1090.9452406471216,1085.0481675560034,1087.9967041015625,15300,0.0,0.0
2014-08-29 00:00:00+09:00,1085.0485073591844,1085.0485073591844,1071.780250714939,1076.2030029296875,9900,0.0,0.0
2014-09-01 00:00:00+09:00,1067.3573054988408,1086.5226336154767,1065.883091019611,1083.5740966796875,18600,0.0,0.0
2014-09-02 00:00:00+09:00,1102.7394961501082,1104.2138188464266,1092.4197771626134,1096.842529296875,33600,0.0,0.0
2014-09-03 00:00:00+09:00,1096.841849782723,1104.213134765625,1087.9963509941526,1104.213134765625,14700,0.0,0.0
2014-09-04 00:00:00+09:00,1099.7909221934985,1104.213673746586,1096.8423851656628,1101.26513671875,27900,0.0,0.0
2014-09-05 00:00:00+09:00,1101.2650434121538,1105.687794590516,1099.7908290118078,1102.7392578125,16500,0.0,0.0
2014-09-08 00:00:00+09:00,1101.2650218414842,1107.1619873046875,1101.2650218414842,1107.1619873046875,24600,0.0,0.0
2014-09-09 00:00:00+09:00,1111.5847383964203,1113.0590607452125,1107.1619873046875,1107.1619873046875,20400,0.0,0.0
2014-09-10 00:00:00+09:00,1108.6365740254666,1113.059326171875,1105.6880366020787,1113.059326171875,19500,0.0,0.0
2014-09-11 00:00:00+09:00,1113.0589676472155,1123.3786833389945,1107.161894699931,1118.9559326171875,47700,0.0,0.0
2014-09-12 00:00:00+09:00,1118.9561990404886,1123.3789508153523,1111.5849100899366,1114.533447265625,72000,0.0,0.0
2014-09-16 00:00:00+09:00,1108.6365515505668,1118.9562703571967,1108.6365515505668,1117.4820556640625,13500,0.0,0.0
2014-09-17 00:00:00+09:00,1111.5848169550745,1120.4303197636755,1111.5848169550745,1116.007568359375,9900,0.0,0.0
2014-09-18 00:00:00+09:00,1117.481847275316,1124.85302734375,1114.5333104615477,1124.85302734375,27900,0.0,0.0
2014-09-19 00:00:00+09:00,1126.3272221397292,1161.7092279872882,1123.3786856599952,1151.389404296875,49200,0.0,0.0
2014-09-22 00:00:00+09:00,1148.4411855119458,1151.3896145527815,1129.2758568598515,1133.6986083984375,34800,0.0,0.0
2014-09-24 00:00:00+09:00,1133.6986574136124,1148.4412351645124,1130.7502282453022,1141.0699462890625,20700,0.0,0.0
2014-09-25 00:00:00+09:00,1146.9671117564462,1149.9156494140625,1142.5443592586998,1149.9156494140625,28200,0.0,0.0
2014-09-26 00:00:00+09:00,1124.8532462349576,1155.8125108834183,1124.8532462349576,1139.5958251953125,18000,0.0,0.0
2014-09-29 00:00:00+09:00,1141.0698969551918,1142.5441114756095,1132.2243938780198,1133.6986083984375,22200,0.0,0.0
2014-09-30 00:00:00+09:00,1136.647188208731,1139.5957253379047,1132.2244365036388,1135.1729736328125,27600,0.0,0.0
2014-10-01 00:00:00+09:00,1154.3382853087844,1161.709574719552,1139.5958144645945,1155.8125,35400,0.0,0.0
2014-10-02 00:00:00+09:00,1148.4411855119458,1148.4411855119458,1130.7501793576018,1133.6986083984375,31500,0.0,0.0
2014-10-03 00:00:00+09:00,1130.7503236624639,1142.544257285598,1126.327571559452,1129.2760009765625,20400,0.0,0.0
2014-10-06 00:00:00+09:00,1144.0184834347099,1144.0184834347099,1138.1214091434151,1141.0699462890625,15300,0.0,0.0
2014-10-07 00:00:00+09:00,1135.1727659475343,1160.234949039587,1135.1727659475343,1152.86376953125,24300,0.0,0.0
2014-10-08 00:00:00+09:00,1120.430419921875,1136.647212513081,1113.0592389073313,1120.430419921875,38700,0.0,0.0
2014-10-09 00:00:00+09:00,1120.4305306595456,1123.379068143185,1093.8940172388404,1108.6365966796875,42000,0.0,0.0
2014-10-10 00:00:00+09:00,1090.945369910529,1104.213623971695,1086.522618556807,1093.893798828125,15300,0.0,0.0
2014-10-14 00:00:00+09:00,1086.5227785921854,1108.6365386179602,1079.1514892578125,1079.1514892578125,40800,0.0,0.0
2014-10-15 00:00:00+09:00,1132.2243938780198,1136.6471454166058,1107.1620991669215,1133.6986083984375,76800,0.0,0.0
2014-10-16 00:00:00+09:00,1099.791021669531,1117.4820294820308,1099.791021669531,1105.68798828125,31800,0.0,0.0
2014-10-17 00:00:00+09:00,1099.7906318094276,1099.7906318094276,1077.6768798828125,1077.6768798828125,25500,0.0,0.0
2014-10-20 00:00:00+09:00,1095.3683852755958,1110.1108573488666,1090.9456328558792,1099.7911376953125,21900,0.0,0.0
2014-10-21 00:00:00+09:00,1086.5223806534586,1098.316309696117,1077.6768798828125,1077.6768798828125,22800,0.0,0.0
2014-10-22 00:00:00+09:00,1090.9452406471216,1092.4194549312438,1082.0997389877593,1087.9967041015625,25800,0.0,0.0
2014-10-23 00:00:00+09:00,1085.048583984375,1090.9456593387188,1085.048583984375,1085.048583984375,11700,0.0,0.0
2014-10-24 00:00:00+09:00,1114.5332969472402,1114.5332969472402,1090.9453266550836,1102.7392578125,19800,0.0,0.0
2014-10-27 00:00:00+09:00,1114.5335636696166,1116.0077784227615,1108.6365966796875,1108.6365966796875,9300,0.0,0.0
2014-10-28 00:00:00+09:00,1116.0074388283301,1116.0074388283301,1110.1104736328125,1110.1104736328125,10200,0.0,0.0
2014-10-29 00:00:00+09:00,1108.6363654977336,1132.224336516042,1108.6363654977336,1130.7501220703125,31800,0.0,0.0
2014-10-30 00:00:00+09:00,1132.2244365036388,1139.5957253379047,1127.8016847985464,1135.1729736328125,31800,0.0,0.0
2014-10-31 00:00:00+09:00,1146.9667672065896,1177.926025390625,1126.327333735448,1177.926025390625,66600,0.0,0.0
2014-11-04 00:00:00+09:00,1176.4517749560985,1180.874525989768,1139.5955523346256,1170.5548095703125,84300,0.0,0.0
2014-11-05 00:00:00+09:00,1164.6579850978758,1176.4520263671875,1146.9669771825797,1176.4520263671875,41700,0.0,0.0
2014-11-06 00:00:00+09:00,1169.0804292095775,1179.4002530940936,1152.8637482093063,1157.2864990234375,26700,0.0,0.0
2014-11-07 00:00:00+09:00,1157.2865778473865,1172.0290455728434,1155.8122554907154,1166.132080078125,18000,0.0,0.0
2014-11-10 00:00:00+09:00,1164.6577362072062,1173.5032382745453,1155.812234139867,1170.5548095703125,12300,0.0,0.0
2014-11-11 00:00:00+09:00,1161.7094570567135,1176.4519264077242,1161.7094570567135,1172.0291748046875,13500,0.0,0.0
2014-11-12 00:00:00+09:00,1177.925946078649,1177.925946078649,1163.1834791665685,1169.0804443359375,27000,0.0,0.0
2014-11-13 00:00:00+09:00,1167.6062728887593,1177.9259893082149,1167.6062728887593,1170.5548095703125,28200,0.0,0.0
2014-11-14 00:00:00+09:00,1169.080603687174,1169.080603687174,1151.3895977903828,1154.338134765625,57600,0.0,0.0
2014-11-17 00:00:00+09:00,1155.8124160626253,1164.6579195222305,1141.0699462890625,1141.0699462890625,24600,0.0,0.0
2014-11-18 00:00:00+09:00,1135.1729474384942,1172.0291748046875,1135.1729474384942,1172.0291748046875,24000,0.0,0.0
2014-11-19 00:00:00+09:00,1169.0804874202588,1173.503238454607,1160.2349853515625,1160.2349853515625,16500,0.0,0.0
2014-11-20 00:00:00+09:00,1160.2351742080887,1167.6064631242991,1145.4927043530056,1146.9669189453125,22800,0.0,0.0
2014-11-21 00:00:00+09:00,1160.2349851735366,1179.4003116376516,1151.3894831061978,1170.5548095703125,43200,0.0,0.0
2014-11-25 00:00:00+09:00,1180.874722905032,1180.874722905032,1163.1837158203125,1163.1837158203125,29100,0.0,0.0
2014-11-26 00:00:00+09:00,1181.2877489268901,1199.3917757303675,1170.7271034575986,1187.3223876953125,20400,30.0,0.0
2014-11-27 00:00:00+09:00,1175.2530684488504,1178.2703324768738,1161.675048828125,1161.675048828125,23400,0.0,0.0
2014-11-28 00:00:00+09:00,1161.675164882598,1188.83120683701,1161.675164882598,1166.201171875,25500,0.0,0.0
2014-12-01 00:00:00+09:00,1146.58812004804,1170.7268917530957,1139.044850576127,1160.1661376953125,25800,0.0,0.0
2014-12-02 00:00:00+09:00,1172.2355905386119,1176.7615966796875,1160.1662039963444,1176.7615966796875,24000,0.0,0.0
2014-12-03 00:00:00+09:00,1176.7615098319434,1190.3395272530813,1166.2008664482325,1178.2701416015625,76500,0.0,0.0
2014-12-04 00:00:00+09:00,1185.81359352721,1190.339599609375,1179.7789555837219,1190.339599609375,32400,0.0,0.0
2014-12-05 00:00:00+09:00,1191.8482314706982,1191.8482314706982,1184.3049616658868,1190.339599609375,13500,0.0,0.0
2014-12-08 00:00:00+09:00,1194.8655955188678,1203.9176076061322,1194.8655955188678,1199.3916015625,31500,0.0,0.0
2014-12-09 00:00:00+09:00,1199.3915663745313,1206.934946392007,1197.8829345703125,1197.8829345703125,21600,0.0,0.0
2014-12-10 00:00:00+09:00,1197.8829345703125,1206.934946392007,1191.8481863570553,1197.8829345703125,38400,0.0,0.0
2014-12-11 00:00:00+09:00,1197.8832195510354,1202.409226538636,1191.8484699020896,1194.8658447265625,50100,0.0,0.0
2014-12-12 00:00:00+09:00,1179.7787748969927,1200.9000597135093,1164.6920166015625,1164.6920166015625,69600,0.0,0.0
2014-12-15 00:00:00+09:00,1188.8308694595053,1188.8308694595053,1166.2008409196553,1167.70947265625,41700,0.0,0.0
2014-12-16 00:00:00+09:00,1161.6749422025778,1161.6749422025778,1143.5709177033075,1148.096923828125,38700,0.0,0.0
2014-12-17 00:00:00+09:00,1154.131561828483,1163.1835740781182,1148.096923828125,1148.096923828125,30000,0.0,0.0
2014-12-18 00:00:00+09:00,1169.218217342193,1172.2355916050542,1143.5709228515625,1143.5709228515625,39000,0.0,0.0
2014-12-19 00:00:00+09:00,1161.6749862370978,1173.7442626953125,1155.64023750979,1173.7442626953125,29100,0.0,0.0
2014-12-22 00:00:00+09:00,1170.7271263843722,1173.7443905785663,1151.1143566310475,1169.2183837890625,26400,0.0,0.0
2014-12-24 00:00:00+09:00,1172.2358232206757,1172.2358232206757,1152.623162882413,1157.149169921875,36300,0.0,0.0
2014-12-25 00:00:00+09:00,1161.6748446991435,1163.183476448059,1155.6400967071065,1158.657470703125,24300,0.0,0.0
2014-12-26 00:00:00+09:00,1160.1660929769046,1169.2181043928445,1157.1488295037154,1167.70947265625,9600,0.0,0.0
2014-12-29 00:00:00+09:00,1181.2875726039115,1181.2875726039115,1157.1489106350305,1170.7269287109375,28500,0.0,0.0
2014-12-30 00:00:00+09:00,1181.2878250169342,1181.2878250169342,1158.657790054924,1166.201171875,23400,0.0,0.0
2015-01-05 00:00:00+09:00,1176.761700462862,1176.761700462862,1155.640299775665,1161.675048828125,33900,0.0,0.0
2015-01-06 00:00:00+09:00,1146.5880995411999,1155.6401111441521,1143.570836005675,1145.0794677734375,60900,0.0,0.0
2015-01-07 00:00:00+09:00,1143.5710093762114,1143.5710093762114,1120.9409769380159,1133.01025390625,50400,0.0,0.0
2015-01-08 00:00:00+09:00,1133.0102375688084,1151.1142632583137,1131.5016055940841,1146.5882568359375,33600,0.0,0.0
2015-01-09 00:00:00+09:00,1142.062250413561,1152.6230057312416,1137.5362439911848,1146.5882568359375,36900,0.0,0.0
2015-01-13 00:00:00+09:00,1164.6921227471041,1169.2181285485801,1143.570836005675,1145.0794677734375,98100,0.0,0.0
2015-01-14 00:00:00+09:00,1170.7271487247767,1220.5132243593607,1167.7097739747908,1217.495849609375,146700,0.0,0.0
2015-01-15 00:00:00+09:00,1222.0216164660098,1226.547622452921,1205.426224347938,1212.9696044921875,84900,0.0,0.0
2015-01-16 00:00:00+09:00,1206.935245762447,1208.4438779408695,1181.287835739951,1185.8138427734375,73800,0.0,0.0
2015-01-19 00:00:00+09:00,1205.4263378702574,1205.4263378702574,1181.2876738328443,1188.8310546875,19200,0.0,0.0
2015-01-20 00:00:00+09:00,1190.339659950124,1215.98706588191,1190.339659950124,1211.4610595703125,52200,0.0,0.0
2015-01-21 00:00:00+09:00,1211.4610649253539,1215.9870712569577,1199.39167787501,1206.93505859375,74700,0.0,0.0
2015-01-22 00:00:00+09:00,1212.9697022718954,1212.9697022718954,1187.3222961125168,1202.4090576171875,32100,0.0,0.0
2015-01-23 00:00:00+09:00,1209.9522100004444,1209.9522100004444,1193.3569286594652,1197.8829345703125,25800,0.0,0.0
2015-01-26 00:00:00+09:00,1194.8655955188678,1199.3916015625,1187.322215280083,1199.3916015625,34500,0.0,0.0
2015-01-27 00:00:00+09:00,1206.9351455148792,1209.9524096211117,1196.3743896484375,1196.3743896484375,55200,0.0,0.0
2015-01-28 00:00:00+09:00,1199.3916117737049,1206.9349920767115,1187.3222253885333,1190.339599609375,85800,0.0,0.0
2015-01-29 00:00:00+09:00,1193.357125542205,1206.9351455148792,1182.7963696757633,1196.3743896484375,143400,0.0,0.0
2015-01-30 00:00:00+09:00,1217.4954925422812,1219.004124225715,1197.88283866491,1208.4434814453125,142200,0.0,0.0
2015-02-02 00:00:00+09:00,1187.3222408427987,1196.37425312495,1172.2355905386119,1176.7615966796875,120000,0.0,0.0
2015-02-03 00:00:00+09:00,1194.8657463328718,1206.9351341386673,1191.8483717568708,1205.4263916015625,54000,0.0,0.0
2015-02-04 00:00:00+09:00,1208.4435985052764,1219.0042423086713,1205.426224347938,1212.9696044921875,40500,0.0,0.0
2015-02-05 00:00:00+09:00,1215.9870499950696,1246.1603513460384,1215.9870499950696,1225.0390625,99600,0.0,0.0
2015-02-06 00:00:00+09:00,1229.5653964073267,1229.5653964073267,1217.4960063517658,1219.004638671875,25200,0.0,0.0
2015-02-09 00:00:00+09:00,1228.0562392329598,1228.0562392329598,1222.021601490429,1226.547607421875,37800,0.0,0.0
2015-02-10 00:00:00+09:00,1240.125697328498,1246.160335421938,1232.5823168380493,1238.6170654296875,62700,0.0,0.0
2015-02-12 00:00:00+09:00,1244.651838343778,1262.7558650833241,1244.651838343778,1258.2298583984375,87000,0.0,0.0
2015-02-13 00:00:00+09:00,1237.1084683425725,1264.2645087000792,1237.1084683425725,1249.1778564453125,85200,0.0,0.0
2015-02-16 00:00:00+09:00,1264.264473319484,1264.264473319484,1246.160446921123,1247.669189453125,45300,0.0,0.0
2015-02-17 00:00:00+09:00,1247.6692301329265,1252.1952368800858,1238.6172166386084,1244.65185546875,63300,0.0,0.0
2015-02-18 00:00:00+09:00,1252.1952027904395,1271.807861328125,1250.6864602503192,1271.807861328125,71400,0.0,0.0
2015-02-19 00:00:00+09:00,1276.3337506975447,1279.3511250023755,1262.7557320731025,1267.28173828125,66900,0.0,0.0
2015-02-20 00:00:00+09:00,1270.2992406484475,1270.2992406484475,1255.2124781015527,1262.755859375,74400,0.0,0.0
2015-02-23 00:00:00+09:00,1264.2645087000792,1264.2645087000792,1249.1778564453125,1249.1778564453125,51900,0.0,0.0
2015-02-24 00:00:00+09:00,1247.6692243692992,1253.7038631715636,1243.143217643048,1249.1778564453125,73800,0.0,0.0
2015-02-25 00:00:00+09:00,1241.6342421445643,1247.6689903129518,1238.6169785585607,1240.1256103515625,76800,0.0,0.0
2015-02-26 00:00:00+09:00,1244.6518148873288,1250.6864535207133,1241.6344403215326,1247.669189453125,95400,0.0,0.0
2015-02-27 00:00:00+09:00,1246.1604875517326,1249.177862215909,1232.5824673102552,1244.65185546875,98700,0.0,0.0
2015-03-02 00:00:00+09:00,1244.651616228758,1249.1776221059536,1234.0909726813654,1240.1256103515625,80700,0.0,0.0
2015-03-03 00:00:00+09:00,1240.1256921230963,1244.651698298728,1232.5823116643107,1243.14306640625,60600,0.0,0.0
2015-03-04 00:00:00+09:00,1246.160335421938,1247.6690778189466,1238.6170654296875,1238.6170654296875,58500,0.0,0.0
2015-03-05 00:00:00+09:00,1243.1431256325218,1256.7211448063058,1240.1257512056131,1255.21240234375,87600,0.0,0.0
2015-03-06 00:00:00+09:00,1252.1950877534916,1267.28173828125,1249.1777134486606,1267.28173828125,97500,0.0,0.0
2015-03-09 00:00:00+09:00,1270.2993284073382,1274.825335384445,1259.738571795278,1261.247314453125,59400,0.0,0.0
2015-03-10 00:00:00+09:00,1267.2817031505576,1276.3337153159187,1261.2470652063819,1265.7730712890625,93300,0.0,0.0
2015-03-11 00:00:00+09:00,1267.2815903525006,1270.298964305116,1256.720947265625,1256.720947265625,54000,0.0,0.0
2015-03-12 00:00:00+09:00,1267.281843529152,1289.9118764493155,1267.281843529152,1280.85986328125,132900,0.0,0.0
2015-03-13 00:00:00+09:00,1306.5070169048936,1312.5416543450153,1273.3162347387574,1285.3856201171875,240900,0.0,0.0
2015-03-16 00:00:00+09:00,1276.3338218161005,1288.403209209744,1262.755802435078,1279.3511962890625,251700,0.0,0.0
2015-03-17 00:00:00+09:00,1300.472603702463,1317.067999057112,1295.946596832851,1312.5419921875,136800,0.0,0.0
2015-03-18 00:00:00+09:00,1323.1026833299097,1348.750093301492,1323.1026833299097,1342.7154541015625,135300,0.0,0.0
2015-03-19 00:00:00+09:00,1339.698138701115,1389.4842181798726,1338.1895064587422,1387.9755859375,133800,0.0,0.0
2015-03-20 00:00:00+09:00,1403.061830508783,1461.8999072720546,1403.061830508783,1457.3739013671875,159600,0.0,0.0
2015-03-23 00:00:00+09:00,1457.3738197692478,1581.084604076352,1451.339182400033,1572.0325927734375,312300,0.0,0.0
2015-03-24 00:00:00+09:00,1575.0501726888776,1578.0675470171834,1517.7207234402658,1541.8594970703125,148500,0.0,0.0
2015-03-25 00:00:00+09:00,1541.85947643194,1550.9114887974931,1493.5820403162577,1517.720703125,140100,0.0,0.0
2015-03-26 00:00:00+09:00,1529.7900492350261,1529.7900492350261,1507.1600189208984,1520.738037109375,82200,0.0,0.0
2015-03-27 00:00:00+09:00,1499.616748340851,1544.8768122796916,1499.616748340851,1529.7901611328125,112800,0.0,0.0
2015-03-30 00:00:00+09:00,1538.84205088593,1578.067473329479,1529.790038821895,1562.980712890625,121800,0.0,0.0
2015-03-31 00:00:00+09:00,1572.032798360572,1596.1715719906188,1538.842122742007,1541.8594970703125,104400,0.0,0.0
2015-04-01 00:00:00+09:00,1532.8076869434321,1544.876964853631,1507.1602780123853,1535.824951171875,94800,0.0,0.0
2015-04-02 00:00:00+09:00,1547.894437810377,1569.0158412409198,1541.8597984723167,1553.9290771484375,125400,0.0,0.0
2015-04-03 00:00:00+09:00,1550.9114371373746,1562.980712890625,1544.8766887625552,1562.980712890625,40500,0.0,0.0
2015-04-06 00:00:00+09:00,1553.92870082659,1562.980712890625,1544.8766887625552,1562.980712890625,53700,0.0,0.0
2015-04-07 00:00:00+09:00,1553.9287733871365,1559.9635220437478,1535.8247484137012,1541.8594970703125,87600,0.0,0.0
2015-04-08 00:00:00+09:00,1572.0331078470767,1719.8827110700493,1572.0331078470767,1677.6400146484375,309600,0.0,0.0
2015-04-09 00:00:00+09:00,1647.4664826088763,1728.9346053752495,1647.4664826088763,1701.778564453125,194400,0.0,0.0
2015-04-10 00:00:00+09:00,1725.917254623915,1725.917254623915,1680.6571857920096,1683.674560546875,142800,0.0,0.0
2015-04-13 00:00:00+09:00,1704.7958009883166,1707.8130649585205,1635.3969617023542,1644.448974609375,101100,0.0,0.0
2015-04-14 00:00:00+09:00,1635.3970947265625,1668.5878850842012,1632.3798305109324,1635.3970947265625,67200,0.0,0.0
2015-04-15 00:00:00+09:00,1644.4488423134014,1659.5356029435086,1629.36219218149,1653.5008544921875,73500,0.0,0.0
2015-04-16 00:00:00+09:00,1638.414101121116,1644.4487386939888,1581.0846574351613,1602.2060546875,99900,0.0,0.0
2015-04-17 00:00:00+09:00,1565.9983841385476,1575.0503979196953,1523.755689992597,1559.9637451171875,142800,0.0,0.0
2015-04-20 00:00:00+09:00,1541.8595267644316,1569.015564747573,1523.7555014423374,1547.8941650390625,48900,0.0,0.0
2015-04-21 00:00:00+09:00,1553.9285701676083,1578.067340640837,1547.8939327983935,1572.0325927734375,74400,0.0,0.0
2015-04-22 00:00:00+09:00,1584.102294921875,1590.1369334983656,1572.032907270687,1584.102294921875,52800,0.0,0.0
2015-04-23 00:00:00+09:00,1590.1366482635374,1596.1713962557365,1578.0673732755133,1587.119384765625,52800,0.0,0.0
2015-04-24 00:00:00+09:00,1590.1367603714014,1596.1715087890625,1584.1021224519352,1596.1715087890625,53700,0.0,0.0
2015-04-27 00:00:00+09:00,1596.1715087890625,1599.1887724996982,1578.067484532469,1596.1715087890625,58800,0.0,0.0
2015-04-28 00:00:00+09:00,1587.1194055062228,1608.2406922603732,1584.102031470692,1602.2060546875,123600,0.0,0.0
2015-04-30 00:00:00+09:00,1593.1539893129664,1596.1713632466663,1556.9459441013082,1572.0325927734375,114900,0.0,0.0
2015-05-01 00:00:00+09:00,1569.015420984946,1569.015420984946,1559.9634091532987,1565.998046875,105900,0.0,0.0
2015-05-07 00:00:00+09:00,1553.9286211936599,1575.050018426748,1547.8939836262869,1569.015380859375,130800,0.0,0.0
2015-05-08 00:00:00+09:00,1572.0325927734375,1578.067340640837,1559.963318035008,1572.0325927734375,48300,0.0,0.0
2015-05-11 00:00:00+09:00,1578.0675749836093,1593.1542258961038,1575.0502006018298,1581.0848388671875,47400,0.0,0.0
2015-05-12 00:00:00+09:00,1581.084604076352,1581.084604076352,1565.9979554042227,1572.0325927734375,72300,0.0,0.0
2015-05-13 00:00:00+09:00,1565.9979554042227,1578.067340640837,1562.9805814705228,1572.0325927734375,60000,0.0,0.0
2015-05-14 00:00:00+09:00,1556.946158414918,1565.998170963842,1520.7381082192223,1532.8074951171875,144600,0.0,0.0
2015-05-15 00:00:00+09:00,1547.8941758099725,1553.928814126595,1526.7727759544903,1538.8421630859375,108600,0.0,0.0
2015-05-18 00:00:00+09:00,1538.8420710287587,1547.8940832112808,1532.8074330731424,1544.876708984375,84000,0.0,0.0
2015-05-19 00:00:00+09:00,1538.842423554176,1565.998466322779,1532.8077842161156,1553.9290771484375,163200,0.0,0.0
2015-05-20 00:00:00+09:00,1544.8766394124805,1578.0674229191466,1541.8593758196494,1575.050048828125,159900,0.0,0.0
2015-05-21 00:00:00+09:00,1575.0500991420695,1587.119485393514,1562.980712890625,1562.980712890625,138000,0.0,0.0
2015-05-22 00:00:00+09:00,1562.9805814705228,1572.0325927734375,1547.8939327983935,1572.0325927734375,90600,0.0,0.0
2015-05-25 00:00:00+09:00,1562.9805814705228,1578.067340640837,1562.9805814705228,1572.0325927734375,174900,0.0,0.0
2015-05-26 00:00:00+09:00,1565.9979554042227,1575.0499667071374,1565.9979554042227,1572.0325927734375,654300,0.0,0.0
2015-05-27 00:00:00+09:00,1582.8106045594773,1585.8899273690747,1548.9371514865259,1576.6517333984375,403500,35.0,0.0
2015-05-28 00:00:00+09:00,1579.7313232421875,1582.810759123419,1567.4136924881946,1579.7313232421875,100800,0.0,0.0
2015-05-29 00:00:00+09:00,1579.7312877566314,1601.2871128991765,1579.7312877566314,1588.969482421875,138300,0.0,0.0
2015-06-01 00:00:00+09:00,1585.8898561570752,1613.604436824505,1579.7310980435077,1607.4456787109375,152400,0.0,0.0
2015-06-02 00:00:00+09:00,1616.6840433293612,1644.398626929293,1613.6046075612812,1638.2398681640625,162900,0.0,0.0
2015-06-03 00:00:00+09:00,1644.3986626170706,1644.3986626170706,1607.4458836818555,1629.001708984375,127200,0.0,0.0
2015-06-04 00:00:00+09:00,1644.3986079407052,1690.589580073871,1644.3986079407052,1675.192626953125,190500,0.0,0.0
2015-06-05 00:00:00+09:00,1678.2721264435695,1696.7485172402728,1672.1133671016485,1681.3515625,138600,0.0,0.0
2015-06-08 00:00:00+09:00,1693.6689106391937,1712.1452983451813,1675.1925229332057,1702.9071044921875,96300,0.0,0.0
2015-06-09 00:00:00+09:00,1702.9071976135106,1712.1453919716835,1681.3513731874648,1687.5101318359375,132900,0.0,0.0
2015-06-10 00:00:00+09:00,1709.0659689271374,1712.1454046596577,1669.0337554880844,1675.192626953125,87300,0.0,0.0
2015-06-11 00:00:00+09:00,1672.1132295158354,1712.145443871718,1659.7955990745797,1705.986572265625,116700,0.0,0.0
2015-06-12 00:00:00+09:00,1684.4310350418996,1709.0661857141315,1665.95464384499,1672.1134033203125,198600,0.0,0.0
2015-06-15 00:00:00+09:00,1641.3192138671875,1647.4780854885491,1635.1604550167567,1641.3192138671875,57900,0.0,0.0
2015-06-16 00:00:00+09:00,1625.9222091512015,1635.1604035213788,1616.6840147810244,1622.8427734375,45900,0.0,0.0
2015-06-17 00:00:00+09:00,1613.6044533741067,1653.6366634501712,1607.445695197373,1647.4779052734375,73800,0.0,0.0
2015-06-18 00:00:00+09:00,1653.636789095604,1656.7162248034094,1625.9222060381358,1635.160400390625,59700,0.0,0.0
2015-06-19 00:00:00+09:00,1635.1606081844716,1656.7164353365392,1632.0811720853358,1644.3988037109375,60000,0.0,0.0
2015-06-22 00:00:00+09:00,1622.8429056153445,1662.8751220703125,1622.8429056153445,1662.8751220703125,44700,0.0,0.0
2015-06-23 00:00:00+09:00,1672.1133671016485,1681.3515625,1662.8751717032967,1681.3515625,34800,0.0,0.0
2015-06-24 00:00:00+09:00,1681.3516596312163,1718.304443359375,1681.3516596312163,1718.304443359375,112200,0.0,0.0
2015-06-25 00:00:00+09:00,1702.9069839914314,1715.2244997431997,1687.5099201453513,1690.58935546875,44100,0.0,0.0
2015-06-26 00:00:00+09:00,1684.430891466648,1709.0660400390625,1662.8750659839527,1709.0660400390625,69600,0.0,0.0
2015-06-29 00:00:00+09:00,1647.4782526480806,1687.5103583940895,1647.4782526480806,1672.1134033203125,55500,0.0,0.0
2015-06-30 00:00:00+09:00,1672.1135406847704,1749.0985479198744,1672.1135406847704,1739.8603515625,87000,0.0,0.0
2015-07-01 00:00:00+09:00,1755.2568172883057,1813.765415454889,1749.098059028478,1804.5272216796875,125700,0.0,0.0
2015-07-02 00:00:00+09:00,1826.0833517726717,1856.8773756928856,1807.6069599747325,1823.0040283203125,83100,0.0,0.0
2015-07-03 00:00:00+09:00,1823.003892269189,1823.003892269189,1792.2098706471388,1795.289306640625,62700,0.0,0.0
2015-07-06 00:00:00+09:00,1776.812902167701,1795.2892924406026,1758.336511894799,1767.57470703125,55200,0.0,0.0
2015-07-07 00:00:00+09:00,1890.7505213253246,2047.7999476218245,1878.4330032882558,2010.84716796875,518100,0.0,0.0
2015-07-08 00:00:00+09:00,1998.529341492927,1998.529341492927,1936.9415283203125,1936.9415283203125,194700,0.0,0.0
2015-07-09 00:00:00+09:00,1887.6711970399429,1924.6238638993443,1850.7184174096074,1893.8299560546875,139500,0.0,0.0
2015-07-10 00:00:00+09:00,1921.5444974936781,1955.4179532390915,1909.2269797416473,1927.703369140625,82500,0.0,0.0
2015-07-13 00:00:00+09:00,1940.0214083689564,1989.291718162765,1936.9420844886943,1958.497802734375,65400,0.0,0.0
2015-07-14 00:00:00+09:00,2001.6088777718332,2066.2762390863186,1989.2911347792644,2053.95849609375,176100,0.0,0.0
2015-07-15 00:00:00+09:00,2093.990994618734,2152.499489245938,2084.7527993859185,2149.420166015625,213000,0.0,0.0
2015-07-16 00:00:00+09:00,2170.975924978234,2195.6111879600326,2134.0231432764767,2155.578857421875,163500,0.0,0.0
2015-07-17 00:00:00+09:00,2155.5789305401063,2158.658479480966,2127.864343323697,2137.1025390625,62400,0.0,0.0
2015-07-21 00:00:00+09:00,2155.578715141379,2278.754796378166,2155.578715141379,2269.5166015625,170100,0.0,0.0
2015-07-22 00:00:00+09:00,2266.4368788782986,2287.9928154873737,2207.9283913861977,2251.0400390625,107100,0.0,0.0
2015-07-23 00:00:00+09:00,2241.8017120853738,2284.9131316646267,2232.5635185267,2263.357421875,69600,0.0,0.0
2015-07-24 00:00:00+09:00,2263.3578864925307,2355.739841043246,2251.0403677330623,2340.3427734375,123900,0.0,0.0
2015-07-27 00:00:00+09:00,2312.627788227544,2315.707336542711,2198.6901391124165,2220.245849609375,128700,0.0,0.0
2015-07-28 00:00:00+09:00,2198.6905195375525,2272.596083219487,2170.975933156827,2260.278564453125,94800,0.0,0.0
2015-07-29 00:00:00+09:00,2201.7703327561458,2266.4377153668765,2201.7703327561458,2235.643798828125,46200,0.0,0.0
2015-07-30 00:00:00+09:00,2247.961073011043,2287.993408203125,2235.6435528591214,2287.993408203125,139200,0.0,0.0
2015-07-31 00:00:00+09:00,2291.072062640917,2328.024837844803,2241.8017708830166,2321.865966796875,94200,0.0,0.0
2015-08-03 00:00:00+09:00,2312.6283342766515,2411.169167250403,2309.549010776248,2408.08984375,93300,0.0,0.0
2015-08-04 00:00:00+09:00,2355.7396897536055,2451.2009614780313,2349.580817998464,2401.9306640625,102900,0.0,0.0
2015-08-05 00:00:00+09:00,2401.9301783722453,2401.9301783722453,2358.818535887521,2377.294921875,108600,0.0,0.0
2015-08-06 00:00:00+09:00,2401.9303882525746,2401.9303882525746,2312.627772995904,2321.865966796875,70200,0.0,0.0
2015-08-07 00:00:00+09:00,2300.3109283550466,2309.5491248544645,2254.119945857957,2287.993408203125,80400,0.0,0.0
2015-08-10 00:00:00+09:00,2300.310055441112,2377.294921875,2297.2307329571395,2377.294921875,66600,0.0,0.0
2015-08-11 00:00:00+09:00,2377.295555257786,2386.533750712858,2315.7077359185632,2340.3427734375,51300,0.0,0.0
2015-08-12 00:00:00+09:00,2337.263126607926,2346.5013207842417,2263.357573197399,2278.754638671875,72900,0.0,0.0
2015-08-13 00:00:00+09:00,2266.4365217616,2306.4688402753204,2235.6426214402723,2291.07177734375,65700,0.0,0.0
2015-08-14 00:00:00+09:00,2278.7543929141293,2337.262874540192,2263.3573291001862,2331.10400390625,46200,0.0,0.0
2015-08-17 00:00:00+09:00,2306.4691274898164,2343.421902693702,2297.230933688845,2321.865966796875,39000,0.0,0.0
2015-08-18 00:00:00+09:00,2312.6276660588787,2334.183600958949,2263.35737657926,2284.9130859375,87600,0.0,0.0
2015-08-19 00:00:00+09:00,2278.754667514222,2294.151507641727,2238.7223418822614,2257.19873046875,53400,0.0,0.0
2015-08-20 00:00:00+09:00,2257.1990862255107,2275.6754777240603,2186.3730691756627,2189.452392578125,51600,0.0,0.0
2015-08-21 00:00:00+09:00,2127.86374636321,2155.578325804446,2097.0698443868887,2124.784423828125,72000,0.0,0.0
2015-08-24 00:00:00+09:00,2038.5616878738326,2078.5937893775204,1983.1325201570987,2004.688232421875,120000,0.0,0.0
2015-08-25 00:00:00+09:00,1890.7504025140045,2066.2762076073186,1847.6388665514462,1933.8619384765625,148800,0.0,0.0
2015-08-26 00:00:00+09:00,1930.7826822201337,2017.005757122709,1912.3062929165917,1980.052978515625,98400,0.0,0.0
2015-08-27 00:00:00+09:00,2072.435280945446,2072.435280945446,1995.4503874735506,2017.006103515625,61800,0.0,0.0
2015-08-28 00:00:00+09:00,2066.2760459004303,2174.0548209865888,2050.8789813701924,2161.7373046875,116400,0.0,0.0
2015-08-31 00:00:00+09:00,2137.1024943252705,2149.420238747079,2112.467456565421,2130.94384765625,45900,0.0,0.0
2015-09-01 00:00:00+09:00,2161.737595649615,2161.737595649615,2017.005801102138,2023.1646728515625,89100,0.0,0.0
2015-09-02 00:00:00+09:00,1992.3708858423386,2066.276449143546,1973.8944950170367,1983.1326904296875,78000,0.0,0.0
2015-09-03 00:00:00+09:00,2007.76789628167,2053.9588772202196,1983.1328568090428,1989.29150390625,70200,0.0,0.0
2015-09-04 00:00:00+09:00,1992.3712675849501,1992.3712675849501,1933.862535066509,1958.497802734375,62700,0.0,0.0
2015-09-07 00:00:00+09:00,1924.623878809824,1946.1798174557634,1896.9092938723616,1921.5445556640625,38100,0.0,0.0
2015-09-08 00:00:00+09:00,1921.5443097014927,1930.7825034981345,1847.6387593283582,1856.876953125,33300,0.0,0.0
2015-09-09 00:00:00+09:00,1909.2267454234227,1970.8145521668062,1896.9090036412779,1967.7352294921875,75000,0.0,0.0
2015-09-10 00:00:00+09:00,1936.9416114313408,1936.9416114313408,1850.7184211939386,1881.5123291015625,74100,0.0,0.0
2015-09-11 00:00:00+09:00,1847.6389815167681,1921.544540777439,1847.6389815167681,1893.8299560546875,105600,0.0,0.0
2015-09-14 00:00:00+09:00,1921.5444917457112,1952.338398804605,1890.7504719158862,1915.3856201171875,90300,0.0,0.0
2015-09-15 00:00:00+09:00,1915.3856729083225,1924.6238678347966,1878.4330059733607,1881.5123291015625,46200,0.0,0.0
2015-09-16 00:00:00+09:00,1912.3060680980414,1970.8145521668062,1878.4327292808134,1967.7352294921875,76200,0.0,0.0
2015-09-17 00:00:00+09:00,1936.94185426554,1998.529677802047,1936.94185426554,1986.212158203125,52500,0.0,0.0
2015-09-18 00:00:00+09:00,1955.4182234343443,1970.815066366418,1921.5447630083731,1930.782958984375,57000,0.0,0.0
2015-09-24 00:00:00+09:00,1912.3060877512435,1958.4970560544136,1899.988571384344,1906.147216796875,54300,0.0,0.0
2015-09-25 00:00:00+09:00,1912.3063124205407,1943.1002197265625,1884.5917281825618,1943.1002197265625,69000,0.0,0.0
2015-09-28 00:00:00+09:00,1940.0208768719046,1995.4500447825305,1921.5444875683627,1980.052978515625,42600,0.0,0.0
2015-09-29 00:00:00+09:00,1952.33813783908,1952.33813783908,1890.7502191827073,1899.988525390625,55800,0.0,0.0
2015-09-30 00:00:00+09:00,1958.4969319228408,2057.0377332379308,1958.4969319228408,2020.0849609375,154200,0.0,0.0
2015-10-01 00:00:00+09:00,2020.0854848090057,2060.1175900021117,2010.847289338144,2050.87939453125,63300,0.0,0.0
2015-10-02 00:00:00+09:00,2035.481940632283,2106.3081676490483,2035.481940632283,2047.7996826171875,83400,0.0,0.0
2015-10-05 00:00:00+09:00,2053.9590685766166,2084.753209099175,2035.4826744798497,2063.197265625,69000,0.0,0.0
2015-10-06 00:00:00+09:00,2294.1514611969537,2340.3424317280455,2238.7222965596434,2251.0400390625,354600,0.0,0.0
2015-10-07 00:00:00+09:00,2263.357688683475,2275.6752063664376,2186.372808466698,2266.43701171875,148800,0.0,0.0
2015-10-08 00:00:00+09:00,2266.437446888574,2266.437446888574,2174.0554826737966,2180.21435546875,84300,0.0,0.0
2015-10-09 00:00:00+09:00,2174.0551045115135,2192.531494140625,2140.1818738860525,2192.531494140625,55200,0.0,0.0
2015-10-13 00:00:00+09:00,2189.4523158291126,2189.4523158291126,2140.1820154073966,2155.578857421875,55500,0.0,0.0
2015-10-14 00:00:00+09:00,2134.0229331568667,2140.1818046813733,2100.1494780848684,2106.308349609375,51300,0.0,0.0
2015-10-15 00:00:00+09:00,2078.5939834175138,2189.452329199781,2078.5939834175138,2183.29345703125,68400,0.0,0.0
2015-10-16 00:00:00+09:00,2201.7693121696234,2214.087053509025,2134.0226369702254,2152.4990234375,87900,0.0,0.0
2015-10-19 00:00:00+09:00,2143.261245013298,2195.6110919830394,2143.261245013298,2170.975830078125,42300,0.0,0.0
2015-10-20 00:00:00+09:00,2177.13414683272,2192.5309842484003,2158.657761500453,2164.81640625,26400,0.0,0.0
2015-10-21 00:00:00+09:00,2164.8169582164287,2183.293348259647,2149.420116874994,2170.975830078125,33600,0.0,0.0
2015-10-22 00:00:00+09:00,2152.4991802347117,2164.816696929546,2124.7845985149515,2143.260986328125,61200,0.0,0.0
2015-10-23 00:00:00+09:00,2158.658447265625,2167.8966428665594,2146.3407027697895,2158.658447265625,38100,0.0,0.0
2015-10-26 00:00:00+09:00,2170.97593823607,2211.008043476817,2155.5788705856835,2183.29345703125,48300,0.0,0.0
2015-10-27 00:00:00+09:00,2192.531566016053,2223.3257001019742,2155.5787855464464,2174.05517578125,69600,0.0,0.0
2015-10-28 00:00:00+09:00,2186.372960916843,2195.611156208686,2170.9758935831455,2177.134765625,57900,0.0,0.0
2015-10-29 00:00:00+09:00,2198.6901446710017,2201.7694674521113,2161.7373691303123,2167.896240234375,46500,0.0,0.0
2015-10-30 00:00:00+09:00,2158.658326176335,2211.0079479505034,2158.658326176335,2198.6904296875,87300,0.0,0.0
2015-11-02 00:00:00+09:00,2177.134439166224,2189.4519558610587,2143.260986328125,2143.260986328125,74100,0.0,0.0
2015-11-04 00:00:00+09:00,2189.4517963720496,2220.2456986368984,2140.181507639926,2152.4990234375,88500,0.0,0.0
2015-11-05 00:00:00+09:00,2170.9758935831455,2198.690479458675,2155.5788262494475,2177.134765625,42600,0.0,0.0
2015-11-06 00:00:00+09:00,2192.531523724142,2269.5166319121004,2189.4522005916965,2247.960693359375,120000,0.0,0.0
2015-11-09 00:00:00+09:00,2269.5167015314946,2349.5809097660685,2269.5167015314946,2306.469482421875,100200,0.0,0.0
2015-11-10 00:00:00+09:00,2297.231027024507,2303.3896727808174,2254.1193790210828,2278.754638671875,39900,0.0,0.0
2015-11-11 00:00:00+09:00,2278.7548967540897,2309.5488056487816,2275.6753479853073,2306.469482421875,36300,0.0,0.0
2015-11-12 00:00:00+09:00,2306.4696634948255,2328.0253788591867,2278.7550756512637,2300.310791015625,48000,0.0,0.0
2015-11-13 00:00:00+09:00,2300.3109283550466,2306.4698012019608,2272.596338856793,2287.993408203125,40200,0.0,0.0
2015-11-16 00:00:00+09:00,2278.754796378166,2278.754796378166,2257.198858113702,2269.5166015625,34200,0.0,0.0
2015-11-17 00:00:00+09:00,2497.391927993454,2534.344707325253,2417.3277231358,2426.56591796875,303300,0.0,0.0
2015-11-18 00:00:00+09:00,2426.5655669551643,2457.3594700965655,2377.295051278723,2389.61279296875,110700,0.0,0.0
2015-11-19 00:00:00+09:00,2386.533612203031,2432.724586797554,2386.533612203031,2429.645263671875,85500,0.0,0.0
2015-11-20 00:00:00+09:00,2426.565719543923,2432.724365234375,2405.009783001799,2432.724365234375,93000,0.0,0.0
2015-11-24 00:00:00+09:00,2451.2005919542207,2475.835849719101,2438.8830758426966,2466.59765625,110700,0.0,0.0
2015-11-25 00:00:00+09:00,2466.597971329599,2466.597971329599,2445.042258995479,2448.12158203125,68100,0.0,0.0
2015-11-26 00:00:00+09:00,2446.5754510492866,2474.412591858169,2446.5754510492866,2465.133544921875,50400,11.6667,0.0
2015-11-27 00:00:00+09:00,2474.412490122733,2492.970583232305,2431.11019735399,2452.76123046875,54300,0.0,0.0
2015-11-30 00:00:00+09:00,2452.7614902003675,2492.9708472218344,2452.7614902003675,2480.5986328125,71700,0.0,0.0
2015-12-01 00:00:00+09:00,2505.3427073744633,2520.807861328125,2480.598506356452,2520.807861328125,105600,0.0,0.0
2015-12-02 00:00:00+09:00,2536.2725496889084,2561.016748374682,2520.8076237321116,2530.086669921875,84600,0.0,0.0
2015-12-03 00:00:00+09:00,2536.2721305129066,2539.3652964244216,2505.34205717199,2523.900146484375,79800,0.0,0.0
2015-12-04 00:00:00+09:00,2499.156338686451,2523.9005371123876,2474.412366799725,2492.970458984375,74400,0.0,0.0
2015-12-07 00:00:00+09:00,2508.4354692520697,2536.2726084664796,2499.1564228472666,2505.342529296875,69900,0.0,0.0
2015-12-08 00:00:00+09:00,2505.3423698959123,2533.1795073392004,2505.3423698959123,2517.71435546875,94200,0.0,0.0
2015-12-09 00:00:00+09:00,2520.8076039526613,2542.45863604582,2499.1563453202903,2502.24951171875,127500,0.0,0.0
2015-12-10 00:00:00+09:00,2477.5054175488845,2477.5054175488845,2397.0869389693053,2434.203125,89400,0.0,0.0
2015-12-11 00:00:00+09:00,2480.2888482428516,2499.7748436835923,2432.965716458196,2456.163330078125,121200,0.0,3.0
2015-12-14 00:00:00+09:00,2413.4800317335953,2440.389266997061,2381.9312731488426,2417.191650390625,103200,0.0,0.0
2015-12-15 00:00:00+09:00,2421.831357698914,2466.37078496694,2354.0943120621246,2355.022216796875,101000,0.0,0.0
2015-12-16 00:00:00+09:00,2401.4170114713347,2497.9190861208785,2396.7774886516454,2490.495849609375,250700,0.0,0.0
2015-12-17 00:00:00+09:00,2536.8913941677497,2658.4469072021225,2523.900728652626,2632.465576171875,217100,0.0,0.0
2015-12-18 00:00:00+09:00,2632.4655535630777,2709.48164131272,2617.619078816159,2635.249267578125,167000,0.0,0.0
2015-12-21 00:00:00+09:00,2635.2493298032614,2681.6445644828964,2573.0797153325507,2617.619140625,102800,0.0,0.0
2015-12-22 00:00:00+09:00,2620.4024247897055,2690.923169932771,2604.628047586651,2661.230224609375,91900,0.0,0.0
2015-12-24 00:00:00+09:00,2690.9234233164307,2723.400085321974,2661.230475197077,2670.509521484375,114300,0.0,0.0
2015-12-25 00:00:00+09:00,2670.509521484375,2670.509521484375,2670.509521484375,2670.509521484375,0,0.0,0.0
2015-12-28 00:00:00+09:00,2668.6537122269156,2680.716472400403,2609.267815988208,2670.509521484375,91600,0.0,0.0
2015-12-29 00:00:00+09:00,2670.509247750947,2715.048665364583,2629.68144827178,2694.634765625,99500,0.0,0.0
2015-12-30 00:00:00+09:00,2704.8417880823217,2764.2276798275257,2672.3651285341634,2756.804443359375,70500,0.0,0.0
2016-01-04 00:00:00+09:00,2747.5252318050984,2781.8576983963812,2638.960405016447,2644.52783203125,116300,0.0,0.0
2016-01-05 00:00:00+09:00,2651.023117773507,2656.590544692177,2576.790758857903,2619.474365234375,90000,0.0,0.0
2016-01-06 00:00:00+09:00,2614.8352305277226,2638.032846128572,2533.1796236127334,2581.4306640625,89500,0.0,0.0
2016-01-07 00:00:00+09:00,2566.5841254773045,2602.7724049037743,2516.4772770406544,2559.160888671875,104400,0.0,0.0
2016-01-08 00:00:00+09:00,2522.97300060286,2622.2588082764555,2490.4963345414035,2570.296142578125,161200,0.0,0.0
2016-01-12 00:00:00+09:00,2523.9003688429366,2625.9698690534965,2479.360950569238,2496.063232421875,265500,0.0,0.0
2016-01-13 00:00:00+09:00,2449.6680862665467,2471.0098915635654,2265.015075218424,2313.26611328125,332500,0.0,0.0
2016-01-14 00:00:00+09:00,2266.8711319481768,2275.2222740634174,2158.3062844500446,2212.124755859375,256900,0.0,0.0
2016-01-15 00:00:00+09:00,2272.438422177663,2347.598696655569,2253.880329713983,2299.34765625,237000,0.0,0.0
2016-01-18 00:00:00+09:00,2233.466632097439,2291.924628699906,2224.187585017682,2283.573486328125,103400,0.0,0.0
2016-01-19 00:00:00+09:00,2270.582820416466,2315.1222463992976,2250.1689168410007,2283.573486328125,133300,0.0,0.0
2016-01-20 00:00:00+09:00,2277.07807728254,2317.905883069187,2200.9898937710614,2202.845703125,115600,0.0,0.0
2016-01-21 00:00:00+09:00,2175.008431887867,2228.826899912396,2116.550440757775,2118.40625,118700,0.0,0.0
2016-01-22 00:00:00+09:00,2160.161641646659,2273.3659888463553,2149.0267878237382,2270.582275390625,91800,0.0,0.0
2016-01-25 00:00:00+09:00,2343.8871295323497,2379.1475059861223,2291.9244694952113,2373.580078125,119800,0.0,0.0
2016-01-26 00:00:00+09:00,2323.4735050528925,2325.329314561721,2265.943410279219,2269.655029296875,68500,0.0,0.0
2016-01-27 00:00:00+09:00,2312.3380525875714,2320.6891932269327,2231.610359740413,2271.51025390625,82300,0.0,0.0
2016-01-28 00:00:00+09:00,2284.501418757467,2342.959416069295,2273.3665621266427,2329.96875,61100,0.0,0.0
2016-01-29 00:00:00+09:00,2352.238451210528,2398.633686934602,2301.2036919140473,2391.21044921875,84600,0.0,0.0
2016-02-01 00:00:00+09:00,2464.514678030303,2541.53076171875,2458.0193456710367,2541.53076171875,82300,0.0,0.0
2016-02-02 00:00:00+09:00,2509.9819952918515,2588.8538879350335,2496.0634260018783,2562.87255859375,61800,0.0,0.0
2016-02-03 00:00:00+09:00,2507.1982620261597,2574.935298713025,2482.144837498141,2535.035400390625,126400,0.0,0.0
2016-02-04 00:00:00+09:00,2492.3516305713806,2502.55858065935,2395.8495570123996,2422.7587890625,85700,0.0,0.0
2016-02-05 00:00:00+09:00,2342.031139717802,2380.0752271696365,2278.933628822077,2325.328857421875,103200,0.0,0.0
2016-02-08 00:00:00+09:00,2304.914875857209,2386.57047532397,2270.582407899594,2376.363525390625,97300,0.0,0.0
2016-02-09 00:00:00+09:00,2273.3668757793016,2302.131926044264,2212.125155860349,2232.5390625,81400,0.0,0.0
2016-02-10 00:00:00+09:00,2262.231324533937,2287.2847477342716,2073.866698249938,2104.487548828125,146200,0.0,0.0
2016-02-12 00:00:00+09:00,2038.6065167986876,2085.0017493157266,1977.3648098761964,1999.634521484375,228300,0.0,0.0
2016-02-15 00:00:00+09:00,2137.8920158488927,2169.440769554996,2063.659654187473,2136.964111328125,155700,0.0,0.0
2016-02-16 00:00:00+09:00,2132.3249911794355,2239.961935903898,2132.3249911794355,2157.37841796875,96000,0.0,0.0
2016-02-17 00:00:00+09:00,2170.3690261081515,2193.5666428899826,2106.3436037902966,2144.3876953125,125000,0.0,0.0
2016-02-18 00:00:00+09:00,2196.3502484674323,2223.2594826058166,2125.829496932356,2167.585205078125,150900,0.0,0.0
2016-02-19 00:00:00+09:00,2162.9453167778083,2236.249769813178,2161.0895078402036,2224.18701171875,124400,0.0,0.0
2016-02-22 00:00:00+09:00,2211.1964379903006,2271.5102308855458,2187.998825338283,2243.673095703125,132800,0.0,0.0
2016-02-23 00:00:00+09:00,2246.4565738465694,2270.582088476892,2185.2148828619047,2200.9892578125,98300,0.0,0.0
2016-02-24 00:00:00+09:00,2200.989973139413,2237.178256846174,2187.0714024829663,2213.052734375,114000,0.0,0.0
2016-02-25 00:00:00+09:00,2233.465948971974,2342.03076659961,2223.2590003061277,2320.68896484375,133300,0.0,0.0
2016-02-26 00:00:00+09:00,2320.6893994719617,2381.9311029366354,2315.121971884264,2347.5986328125,73300,0.0,0.0
2016-02-29 00:00:00+09:00,2373.5802950090956,2389.3546753903133,2325.3292491371362,2327.18505859375,128400,0.0,0.0
2016-03-01 00:00:00+09:00,2329.0404911094815,2345.7427735158444,2270.5825026872117,2313.26611328125,208000,0.0,0.0
2016-03-02 00:00:00+09:00,2347.598928016476,2389.3546401748717,2335.5361667262728,2351.310546875,95500,0.0,0.0
2016-03-03 00:00:00+09:00,2355.021860770417,2393.065949143777,2341.103291853334,2368.9404296875,73800,0.0,0.0
2016-03-04 00:00:00+09:00,2356.8775300633297,2387.4983798633652,2321.6171575663193,2376.363525390625,77900,0.0,0.0
2016-03-07 00:00:00+09:00,2380.0755876497315,2380.0755876497315,2289.140925821399,2302.131591796875,81100,0.0,0.0
2016-03-08 00:00:00+09:00,2305.8430626835734,2316.9779185194698,2265.943162604944,2300.275634765625,51100,0.0,0.0
2016-03-09 00:00:00+09:00,2301.203206543557,2340.1751963317943,2301.203206543557,2311.41015625,98600,0.0,0.0
2016-03-10 00:00:00+09:00,2336.4640543934,2411.624335730122,2326.2571026069318,2403.273193359375,112600,0.0,0.0
2016-03-11 00:00:00+09:00,2381.931127488865,2449.6681638373993,2357.8056076934968,2415.335693359375,117700,0.0,0.0
2016-03-14 00:00:00+09:00,2445.0284899385138,2500.7027629541913,2428.3262080338104,2474.721435546875,86000,0.0,0.0
2016-03-15 00:00:00+09:00,2480.2895048510986,2522.0452204209823,2462.6593138327034,2485.85693359375,67000,0.0,0.0
2016-03-16 00:00:00+09:00,2484.928589046967,2533.179629610986,2470.082115027269,2520.18896484375,91400,0.0,0.0
2016-03-17 00:00:00+09:00,2542.4586477502244,2620.402635491472,2539.6749339023227,2584.21435546875,134000,0.0,0.0
2016-03-18 00:00:00+09:00,2557.304909429934,2615.762895385698,2512.7654915588755,2560.088623046875,120300,0.0,0.0
2016-03-22 00:00:00+09:00,2579.5750250022475,2595.3494046515416,2535.963504795375,2580.5029296875,81300,0.0,0.0
2016-03-23 00:00:00+09:00,2588.854128815407,2649.167934683866,2588.854128815407,2633.3935546875,78000,0.0,0.0
2016-03-24 00:00:00+09:00,2624.11443405501,2643.6004323276957,2605.5563404619757,2632.465576171875,73800,0.0,0.0
2016-03-25 00:00:00+09:00,2626.8979133004063,2644.5281006379932,2586.9980156416577,2611.12353515625,84000,0.0,0.0
2016-03-28 00:00:00+09:00,2616.690958658854,2672.365234375,2612.051435682509,2672.365234375,86400,0.0,0.0
2016-03-29 00:00:00+09:00,2683.500158065936,2735.4628167283468,2661.2304472106166,2734.534912109375,103200,0.0,0.0
2016-03-30 00:00:00+09:00,2733.607042814556,2765.1558002672696,2712.265236302426,2750.309326171875,77200,0.0,0.0
2016-03-31 00:00:00+09:00,2750.3091848636263,2750.3091848636263,2625.0420661198377,2625.969970703125,118900,0.0,0.0
2016-04-01 00:00:00+09:00,2579.5748176163306,2599.9887190507043,2471.9378827805413,2495.135498046875,223900,0.0,0.0
2016-04-04 00:00:00+09:00,2505.342102606252,2570.2954163775253,2500.7025801940185,2548.95361328125,111800,0.0,0.0
2016-04-05 00:00:00+09:00,2576.7910624379397,2610.1956278854605,2536.8911648200674,2540.602783203125,250800,0.0,0.0
2016-04-06 00:00:00+09:00,2542.458760715363,2565.6563771452475,2467.2984834825365,2499.775146484375,147400,0.0,0.0
2016-04-07 00:00:00+09:00,2500.7032658503604,2540.6031695355423,2459.875457428314,2533.179931640625,80900,0.0,0.0
2016-04-08 00:00:00+09:00,2491.424050989364,2570.295948320498,2468.2264341272657,2534.107666015625,89100,0.0,0.0
2016-04-11 00:00:00+09:00,2542.458633190196,2542.458633190196,2463.586741284661,2495.135498046875,77700,0.0,0.0
2016-04-12 00:00:00+09:00,2486.784777395245,2508.126587051995,2456.1639200616464,2463.587158203125,83100,0.0,0.0
2016-04-13 00:00:00+09:00,2488.6402106070045,2522.0447771923336,2462.658881040638,2489.568115234375,57700,0.0,0.0
2016-04-14 00:00:00+09:00,2502.558672755011,2543.386474609375,2459.875061725448,2543.386474609375,104500,0.0,0.0
2016-04-15 00:00:00+09:00,2535.0351709756574,2539.674693616535,2501.630607961337,2522.972412109375,43400,0.0,0.0
2016-04-18 00:00:00+09:00,2476.577428117583,2507.198280544664,2460.803049594541,2492.351806640625,88100,0.0,0.0
2016-04-19 00:00:00+09:00,2538.7471893880447,2583.2866137632736,2507.198430455591,2534.107666015625,95700,0.0,0.0
2016-04-20 00:00:00+09:00,2531.3240370639533,2563.8007017623545,2525.756608829942,2553.59375,52600,0.0,0.0
2016-04-21 00:00:00+09:00,2589.781879782805,2634.3213030108864,2568.4400728193496,2582.358642578125,101400,0.0,0.0
2016-04-22 00:00:00+09:00,2560.088996901175,2560.088996901175,2496.9914790362677,2534.107666015625,100700,0.0,0.0
2016-04-25 00:00:00+09:00,2537.818713468664,2551.7372804529527,2508.1257705688477,2523.900146484375,69200,0.0,0.0
2016-04-26 00:00:00+09:00,2499.77474668362,2531.323499982522,2471.009706911091,2488.639892578125,70800,0.0,0.0
2016-04-27 00:00:00+09:00,2489.5680796114557,2508.126171893315,2471.0099873295962,2473.793701171875,92300,0.0,0.0
2016-04-28 00:00:00+09:00,2506.2707775166255,2530.39630147643,2450.596491455538,2463.587158203125,138100,0.0,0.0
2016-05-02 00:00:00+09:00,2384.714754490221,2405.128655112316,2375.4357087529047,2395.849609375,108100,0.0,0.0
2016-05-06 00:00:00+09:00,2394.921936654561,2425.54279055212,2353.1662267942525,2377.291748046875,137800,0.0,0.0
2016-05-09 00:00:00+09:00,2363.373006811862,2411.6240458201924,2343.8870102892674,2408.84033203125,127300,0.0,0.0
2016-05-10 00:00:00+09:00,2410.695762377107,2478.4327872629915,2410.695762377107,2477.5048828125,125100,0.0,0.0
2016-05-11 00:00:00+09:00,2496.0633530192426,2509.9819219022497,2451.5239325936204,2460.802978515625,84700,0.0,0.0
2016-05-12 00:00:00+09:00,2447.8119403967694,2480.2885961639745,2430.1817558374296,2477.5048828125,58800,0.0,0.0
2016-05-13 00:00:00+09:00,2484.928738474936,2484.928738474936,2441.3172184195505,2451.524169921875,111900,0.0,0.0
2016-05-16 00:00:00+09:00,2455.235766001595,2494.2077622873344,2450.596242634245,2454.307861328125,123100,0.0,0.0
2016-05-17 00:00:00+09:00,2455.235344610575,2476.5771484375,2433.89354078365,2476.5771484375,70000,0.0,0.0
2016-05-18 00:00:00+09:00,2438.533285941697,2464.514614711243,2402.345006584115,2418.119384765625,148900,0.0,0.0
2016-05-19 00:00:00+09:00,2418.1198299967764,2431.1104967734286,2373.5804010482557,2383.787353515625,181400,0.0,0.0
2016-05-20 00:00:00+09:00,2396.777581153748,2404.2008179517466,2362.4451109630054,2387.49853515625,137300,0.0,0.0
2016-05-23 00:00:00+09:00,2368.012179378394,2396.7772176075205,2364.3005615423776,2392.1376953125,207900,0.0,0.0
2016-05-24 00:00:00+09:00,2392.1375993595566,2407.9119745298876,2381.9306507199312,2393.993408203125,115200,0.0,0.0
2016-05-25 00:00:00+09:00,2412.5515575305994,2429.2538375442728,2397.705086407334,2406.984130859375,182600,0.0,0.0
2016-05-26 00:00:00+09:00,2417.1913467965474,2447.8121968711293,2389.3542103651093,2434.821533203125,563000,0.0,0.0
2016-05-27 00:00:00+09:00,2431.088924687802,2433.888643219112,2417.09033203125,2417.09033203125,286700,15.0,0.0
2016-05-30 00:00:00+09:00,2418.023283862925,2505.747787407161,2410.5573686676707,2497.3486328125,173700,0.0,0.0
2016-05-31 00:00:00+09:00,2490.81578464501,2529.0785973727902,2479.6169126271234,2520.679443359375,210600,0.0,0.0
2016-06-01 00:00:00+09:00,2536.5447618351427,2586.006451451501,2533.7450435549713,2568.27490234375,225000,0.0,0.0
2016-06-02 00:00:00+09:00,2571.0743775057667,2667.1980293689585,2543.077197351439,2655.06591796875,315400,0.0,0.0
2016-06-03 00:00:00+09:00,2653.1997721298026,2735.324844218238,2651.3332932187013,2705.461181640625,251200,0.0,0.0
2016-06-06 00:00:00+09:00,2677.463523768039,2729.7249240228352,2637.3342342866777,2724.12548828125,127900,0.0,0.0
2016-06-07 00:00:00+09:00,2715.726412583186,2724.1255664365362,2700.794583510564,2708.260498046875,86800,0.0,0.0
2016-06-08 00:00:00+09:00,2715.7266323732965,2742.790574757773,2695.1953657367976,2739.0576171875,184400,0.0,0.0
2016-06-09 00:00:00+09:00,2716.6598248035575,2747.4567242259272,2706.3941916627678,2742.79052734375,106100,0.0,0.0
2016-06-10 00:00:00+09:00,2742.7906461216235,2742.7906461216235,2707.32754828133,2733.458251953125,100300,0.0,0.0
2016-06-13 00:00:00+09:00,2737.1911324806583,2743.7238082145027,2688.6626841721027,2691.46240234375,121800,0.0,0.0
2016-06-14 00:00:00+09:00,2677.4642694317536,2704.528216386623,2635.4684896741974,2674.66455078125,79600,0.0,0.0
2016-06-15 00:00:00+09:00,2686.795909602976,2745.5899847349615,2669.064363134599,2734.39111328125,109400,0.0,0.0
2016-06-16 00:00:00+09:00,2734.3918387375065,2772.6546596891235,2636.401687519951,2649.467041015625,145500,0.0,0.0
2016-06-17 00:00:00+09:00,2676.530347795051,2710.1269630393404,2566.408108938769,2573.8740234375,161500,0.0,0.0
2016-06-20 00:00:00+09:00,2625.2024149992026,2669.0646665118093,2617.7364998481207,2652.266357421875,84700,0.0,0.0
2016-06-21 00:00:00+09:00,2642.9336999419306,2720.3925619105676,2639.2007427386225,2711.993408203125,87800,0.0,0.0
2016-06-22 00:00:00+09:00,2703.5947521699177,2752.1232047459744,2689.596160080671,2749.323486328125,84900,0.0,0.0
2016-06-23 00:00:00+09:00,2721.3258347874366,2763.321603842798,2691.4621767925128,2757.72216796875,128200,0.0,0.0
2016-06-24 00:00:00+09:00,2756.7889458560153,2769.854296310309,2543.077141996493,2582.273193359375,113800,0.0,0.0
2016-06-27 00:00:00+09:00,2654.1327563334476,2767.054719595173,2642.0006445780555,2725.9921875,143700,0.0,0.0
2016-06-28 00:00:00+09:00,2650.399943853491,2760.52219504177,2650.399943853491,2733.458251953125,100200,0.0,0.0
2016-06-29 00:00:00+09:00,2733.458269253768,2737.191226944794,2670.931227929083,2712.927001953125,94400,0.0,0.0
2016-06-30 00:00:00+09:00,2712.9270345164564,2725.059147157913,2687.729569799585,2700.794921875,95600,0.0,0.0
2016-07-01 00:00:00+09:00,2672.7976872585177,2681.196842001998,2608.404167558505,2656.9326171875,160300,0.0,0.0
2016-07-04 00:00:00+09:00,2629.868747567282,2654.132973059386,2608.40424040119,2622.40283203125,73800,0.0,0.0
2016-07-05 00:00:00+09:00,2619.6029668432084,2619.6029668432084,2548.6767732272183,2557.075927734375,125300,0.0,0.0
2016-07-06 00:00:00+09:00,2516.946992241157,2553.3433336195058,2470.28501611507,2547.743896484375,107000,0.0,0.0
2016-07-07 00:00:00+09:00,2538.411061880961,2557.075849100674,2506.680923607449,2544.010498046875,115300,0.0,0.0
2016-07-08 00:00:00+09:00,2557.07581710086,2557.07581710086,2429.2220262458172,2440.4208984375,90400,0.0,0.0
2016-07-11 00:00:00+09:00,2440.4208984375,2440.4208984375,2440.4208984375,2440.4208984375,0,0.0,0.0
2016-07-12 00:00:00+09:00,2599.0716372346146,2599.0716372346146,2468.418125847596,2494.548828125,201700,0.0,0.0
2016-07-13 00:00:00+09:00,2548.6765768486157,2589.739106830798,2518.812918679756,2553.3427734375,118400,0.0,0.0
2016-07-14 00:00:00+09:00,2575.740850475767,2594.4056392473303,2536.544794055483,2556.142822265625,78100,0.0,0.0
2016-07-15 00:00:00+09:00,2566.4086631766368,2566.4086631766368,2482.4171069272193,2502.01513671875,87200,0.0,0.0
2016-07-19 00:00:00+09:00,2500.148781528707,2524.4130100915086,2468.418636485043,2511.34765625,86200,0.0,0.0
2016-07-20 00:00:00+09:00,2502.0150609076068,2538.41140084621,2482.417031709897,2536.544921875,56400,0.0,0.0
2016-07-21 00:00:00+09:00,2558.009306618737,2572.9411376679527,2477.7507147292035,2498.281982421875,93500,0.0,0.0
2016-07-22 00:00:00+09:00,2465.6184977119024,2474.9508917229236,2398.425260832547,2410.557373046875,100500,0.0,0.0
2016-07-25 00:00:00+09:00,2423.6231636668535,2443.2211946399007,2382.5606225804686,2395.6259765625,101100,0.0,0.0
2016-07-26 00:00:00+09:00,2384.4271327909187,2411.491080677782,2336.831914093331,2364.8291015625,109400,0.0,0.0
2016-07-27 00:00:00+09:00,2381.6268191477498,2381.6268191477498,2334.9648516879583,2353.629638671875,102300,0.0,0.0
2016-07-28 00:00:00+09:00,2333.0984285074214,2341.497582850048,2290.1694174228846,2310.70068359375,82500,0.0,0.0
2016-07-29 00:00:00+09:00,2321.899524119544,2372.294449482267,2276.1707955496654,2351.76318359375,208100,0.0,0.0
2016-08-01 00:00:00+09:00,2334.9650317295514,2367.628411469973,2310.700806779524,2348.963623046875,114000,0.0,0.0
2016-08-02 00:00:00+09:00,2330.2988432254774,2388.15968755066,2330.2988432254774,2338.697998046875,71700,0.0,0.0
2016-08-03 00:00:00+09:00,2314.434324186992,2322.833481008638,2293.9030519563007,2295.76953125,78100,0.0,0.0
2016-08-04 00:00:00+09:00,2292.9694830438893,2326.566105506071,2182.847220528961,2197.779052734375,115500,0.0,0.0
2016-08-05 00:00:00+09:00,2208.977657662846,2262.172303411381,2176.3142786944477,2199.645263671875,127500,0.0,0.0
2016-08-08 00:00:00+09:00,2236.0420091964475,2242.574686184918,2143.65129178808,2196.845947265625,157800,0.0,0.0
2016-08-09 00:00:00+09:00,2179.114425812278,2237.908519527984,2169.782029984388,2232.30908203125,96200,0.0,0.0
2016-08-10 00:00:00+09:00,2236.0412722370506,2292.9688672313996,2221.1094440418115,2283.636474609375,126200,0.0,0.0
2016-08-12 00:00:00+09:00,2291.1029340658506,2401.2251932185063,2291.1029340658506,2393.75927734375,187500,0.0,0.0
2016-08-15 00:00:00+09:00,2376.0275792020066,2455.3529304322387,2335.8982838737716,2386.293212890625,150400,0.0,0.0
2016-08-16 00:00:00+09:00,2395.6255594929044,2425.4892205383944,2351.763307332341,2390.026123046875,187600,0.0,0.0
2016-08-17 00:00:00+09:00,2393.7593494762073,2404.0249841133373,2293.902721642307,2340.564697265625,169700,0.0,0.0
2016-08-18 00:00:00+09:00,2333.098942415444,2358.296410993531,2287.3702031441017,2290.169921875,63100,0.0,0.0
2016-08-19 00:00:00+09:00,2294.835673667289,2294.835673667289,2180.980467409701,2209.910888671875,111600,0.0,0.0
2016-08-22 00:00:00+09:00,2230.442602865672,2250.9738736870295,2218.3104882894154,2232.30908203125,67600,0.0,0.0
2016-08-23 00:00:00+09:00,2230.442602865672,2264.0392278460754,2217.3772487066262,2232.30908203125,119900,0.0,0.0
2016-08-24 00:00:00+09:00,2268.704865486391,2291.1026099420365,2236.9747275075606,2285.503173828125,87700,0.0,0.0
2016-08-25 00:00:00+09:00,2285.5032783435154,2288.3029965285014,2231.3753934337874,2238.84130859375,121900,0.0,0.0
2016-08-26 00:00:00+09:00,2249.1069779256536,2253.773174975292,2168.848388671875,2168.848388671875,169600,0.0,0.0
2016-08-29 00:00:00+09:00,2170.715025514326,2210.844323062527,2141.7846017005063,2166.048828125,115300,0.0,0.0
2016-08-30 00:00:00+09:00,2166.9816146810185,2175.3807682262936,2110.0540184297083,2114.72021484375,320500,0.0,0.0
2016-08-31 00:00:00+09:00,2144.5838718936175,2144.5838718936175,2085.789797076691,2114.72021484375,173300,0.0,0.0
2016-09-01 00:00:00+09:00,2135.251685316594,2139.9178821813593,2099.788589144378,2137.1181640625,167800,0.0,0.0
2016-09-02 00:00:00+09:00,2128.7191817120806,2176.314393578506,2127.7859422637193,2142.7177734375,160300,0.0,0.0
2016-09-05 00:00:00+09:00,2142.717424510375,2142.717424510375,2099.7884168764563,2102.588134765625,92800,0.0,0.0
2016-09-06 00:00:00+09:00,2102.5886834211915,2159.516295355809,2089.523329862427,2154.85009765625,86600,0.0,0.0
2016-09-07 00:00:00+09:00,2142.717717235504,2161.3825057131653,2132.4520835727903,2156.71630859375,120300,0.0,0.0
2016-09-08 00:00:00+09:00,2149.2502204136777,2149.2502204136777,2111.920646459467,2122.186279296875,123400,0.0,0.0
2016-09-09 00:00:00+09:00,2122.186532499724,2123.119771959926,2091.3896303130523,2111.9208984375,94200,0.0,0.0
2016-09-12 00:00:00+09:00,2081.123652827632,2081.123652827632,2054.059712947811,2071.791259765625,97900,0.0,0.0
2016-09-13 00:00:00+09:00,2073.6580629444748,2140.8513035079322,2073.6580629444748,2132.4521484375,106700,0.0,0.0
2016-09-14 00:00:00+09:00,2123.1196373174553,2131.518791926623,2102.5883704950447,2112.85400390625,72100,0.0,0.0
2016-09-15 00:00:00+09:00,2108.18798828125,2117.5203830943587,2095.122635542898,2108.18798828125,69300,0.0,0.0
2016-09-16 00:00:00+09:00,2108.187837217901,2129.65234375,2092.3227671724367,2129.65234375,53400,0.0,0.0
2016-09-20 00:00:00+09:00,2129.652092262797,2144.5839211305465,2113.787024090813,2139.917724609375,57800,0.0,0.0
2016-09-21 00:00:00+09:00,2144.5847350532713,2214.5777094349055,2135.2523384690535,2208.978271484375,117000,0.0,0.0
2016-09-23 00:00:00+09:00,2220.1765892104345,2273.3712363668005,2207.1112372772923,2262.17236328125,97500,0.0,0.0
2016-09-26 00:00:00+09:00,2253.7733553678536,2253.7733553678536,2220.176733921376,2222.043212890625,68900,0.0,0.0
2016-09-27 00:00:00+09:00,2212.710297382524,2277.103806669489,2182.846640901613,2273.370849609375,272000,0.0,0.0
2016-09-28 00:00:00+09:00,2258.439334571116,2272.437925487879,2222.0429981875322,2267.771728515625,119200,0.0,0.0
2016-09-29 00:00:00+09:00,2256.57266716809,2277.103932129917,2239.7743594720496,2253.77294921875,56600,0.0,0.0
2016-09-30 00:00:00+09:00,2230.442325964787,2278.9707782451924,2187.513310485967,2244.44091796875,106600,0.0,0.0
2016-10-03 00:00:00+09:00,2267.771218606926,2267.771218606926,2177.247017699571,2191.24560546875,261700,0.0,0.0
2016-10-04 00:00:00+09:00,2146.450557792031,2175.3809783535753,2120.3198553493453,2137.1181640625,333700,0.0,0.0
2016-10-05 00:00:00+09:00,2149.2503995694915,2184.7134977821015,2141.7844841563106,2175.381103515625,194100,0.0,0.0
2016-10-06 00:00:00+09:00,2150.1840415019765,2166.049114724864,2114.720936650815,2124.986572265625,160300,0.0,0.0
2016-10-07 00:00:00+09:00,2102.588540639787,2106.3214985459385,2059.6595247190457,2070.8583984375,177000,0.0,0.0
2016-10-11 00:00:00+09:00,2053.1267833665624,2068.0586145183197,2012.9974871462161,2018.596923828125,197000,0.0,0.0
2016-10-12 00:00:00+09:00,2011.130620026974,2040.9942765656574,1997.132031024466,2020.4630126953125,207500,0.0,0.0
2016-10-13 00:00:00+09:00,2024.1964083623423,2045.660916150417,2007.3980979195012,2014.864013671875,123900,0.0,0.0
2016-10-14 00:00:00+09:00,2011.131122515786,2019.530278015852,1986.8668955155956,1990.599853515625,117500,0.0,0.0
2016-10-17 00:00:00+09:00,1990.5996483918661,2004.5982394494742,1975.6678179304176,1997.13232421875,141300,0.0,0.0
2016-10-18 00:00:00+09:00,2006.4644703651013,2027.9289740015654,2004.5979917880177,2016.7301025390625,137900,0.0,0.0
2016-10-19 00:00:00+09:00,2014.8637851841777,2026.9958969059905,2000.865194735932,2023.262939453125,119000,0.0,0.0
2016-10-20 00:00:00+09:00,2025.1300048828125,2035.3956408522645,2018.5973274477064,2025.1300048828125,100300,0.0,0.0
2016-10-21 00:00:00+09:00,2031.6621099438273,2034.4618280558307,1997.1322532291183,2002.731689453125,145800,0.0,0.0
2016-10-24 00:00:00+09:00,2003.6649762606867,2008.3311732244981,1989.6663853692519,1998.998779296875,78600,0.0,0.0
2016-10-25 00:00:00+09:00,2002.7319838513229,2008.3314208984375,1992.4663492649463,2008.3314208984375,143800,0.0,0.0
2016-10-26 00:00:00+09:00,2017.6635032738268,2030.728854358856,2010.1975883680957,2023.262939453125,130700,0.0,0.0
2016-10-27 00:00:00+09:00,2033.5283301935895,2069.924661023121,2033.5283301935895,2052.193115234375,118000,0.0,0.0
2016-10-28 00:00:00+09:00,2076.4578205643734,2077.39106003429,2040.9947207075438,2062.459228515625,114400,0.0,0.0
2016-10-31 00:00:00+09:00,2053.126953125,2059.659629794034,2038.1951207386364,2053.126953125,80100,0.0,0.0
2016-11-01 00:00:00+09:00,2053.1269715259086,2080.19091796875,2041.9280971357673,2080.19091796875,117400,0.0,0.0
2016-11-02 00:00:00+09:00,2049.393439600615,2055.9261144991597,2036.3280898035255,2039.1278076171875,92900,0.0,0.0
2016-11-04 00:00:00+09:00,2033.5287070844267,2034.461946509431,1997.132369509258,2022.329833984375,112700,0.0,0.0
2016-11-07 00:00:00+09:00,2043.7942996562642,2051.26021490615,2019.530075094135,2044.7275390625,58800,0.0,0.0
2016-11-08 00:00:00+09:00,2032.5951704442748,2033.5284097328167,2012.9971453848948,2016.7301025390625,81300,0.0,0.0
2016-11-09 00:00:00+09:00,2029.7959496964622,2032.5956682477677,1924.3398842639565,1940.2049560546875,103900,0.0,0.0
2016-11-10 00:00:00+09:00,2021.3960893151934,2029.7952420408799,1991.5324351794195,2013.93017578125,112400,0.0,0.0
2016-11-11 00:00:00+09:00,2024.1963297332647,2024.1963297332647,1955.1366117064038,1963.5357666015625,104600,0.0,0.0
2016-11-14 00:00:00+09:00,1995.2660990616928,1997.1325781066523,1979.401027179537,1986.866943359375,72000,0.0,0.0
2016-11-15 00:00:00+09:00,1993.3993394003578,1995.2658181825677,1983.1337060982023,1989.6663818359375,52600,0.0,0.0
2016-11-16 00:00:00+09:00,2004.5981521887975,2023.262939453125,1991.532801103768,2023.262939453125,82200,0.0,0.0
2016-11-17 00:00:00+09:00,2020.4633551343663,2039.1281436344527,2012.9974397343317,2022.329833984375,86000,0.0,0.0
2016-11-18 00:00:00+09:00,2053.1272037472345,2111.9213009454506,2052.1939641091676,2109.12158203125,193300,0.0,0.0
2016-11-21 00:00:00+09:00,2148.3165629999608,2232.308088052088,2148.3165629999608,2223.908935546875,196900,0.0,0.0
2016-11-22 00:00:00+09:00,2221.1097365843657,2251.9066362933086,2196.8455125712594,2240.707763671875,158500,0.0,0.0
2016-11-24 00:00:00+09:00,2258.439247925246,2323.7660030305215,2253.773051132012,2322.832763671875,157300,0.0,0.0
2016-11-25 00:00:00+09:00,2332.165369559821,2340.5645245522333,2320.033256793003,2334.965087890625,179800,0.0,0.0
2016-11-28 00:00:00+09:00,2333.0871206734173,2338.7203290130715,2311.49315537141,2320.8818359375,130200,15.0,0.0
2016-11-29 00:00:00+09:00,2298.34912109375,2316.187615089167,2288.9604400435305,2298.34912109375,89800,0.0,0.0
2016-11-30 00:00:00+09:00,2312.432310880041,2313.371179053358,2272.999847600722,2278.633056640625,134100,0.0,0.0
2016-12-01 00:00:00+09:00,2288.021897069666,2292.716238261848,2259.855849916572,2268.3056640625,135900,0.0,0.0
2016-12-02 00:00:00+09:00,2274.877520948511,2288.0216750109457,2229.8118498773065,2244.833740234375,144700,0.0,0.0
2016-12-05 00:00:00+09:00,2222.3008272967763,2232.6283765575554,2196.951388202136,2225.117431640625,75900,0.0,0.0
2016-12-06 00:00:00+09:00,2242.017128107698,2253.2835458368822,2193.1959846145655,2204.46240234375,77000,0.0,0.0
2016-12-07 00:00:00+09:00,2196.01252008752,2229.8117722137067,2191.3181795144383,2225.117431640625,67900,0.0,0.0
2016-12-08 00:00:00+09:00,2253.283470394737,2262.6721515213817,2212.9121415501645,2229.811767578125,80800,0.0,0.0
2016-12-09 00:00:00+09:00,2220.423136959084,2230.7506864333122,2200.706906144648,2227.93408203125,71200,0.0,0.0
2016-12-12 00:00:00+09:00,2255.161311653834,2271.1220703125,2237.322816682384,2271.1220703125,98000,0.0,0.0
2016-12-13 00:00:00+09:00,2308.6768556439706,2359.3757373864573,2292.7160965768917,2354.681396484375,113500,0.0,0.0
2016-12-14 00:00:00+09:00,2354.680692552168,2375.3357863464853,2312.4316370637916,2317.1259765625,81800,0.0,0.0
2016-12-15 00:00:00+09:00,2318.065826973584,2335.904324629517,2293.6552512338862,2312.4326171875,73900,0.0,0.0
2016-12-16 00:00:00+09:00,2347.1702032244825,2379.0917179883354,2334.9649181677155,2359.37548828125,113300,0.0,0.0
2016-12-19 00:00:00+09:00,2361.2534034940095,2376.275293933733,2348.1092493592514,2375.33642578125,48000,0.0,0.0
2016-12-20 00:00:00+09:00,2382.847296674875,2411.952208493993,2377.214087935691,2400.685791015625,86300,0.0,0.0
2016-12-21 00:00:00+09:00,2432.6075693962657,2444.8128563133446,2411.0136002352797,2431.668701171875,108300,0.0,0.0
2016-12-22 00:00:00+09:00,2436.3631006726146,2437.301968919502,2371.581191637389,2380.031005859375,83500,0.0,0.0
2016-12-26 00:00:00+09:00,2380.030358231147,2402.5631900250514,2368.763942334195,2395.05224609375,48400,0.0,0.0
2016-12-27 00:00:00+09:00,2395.052559450993,2399.746900022242,2371.580856594751,2374.3974609375,47500,0.0,0.0
2016-12-28 00:00:00+09:00,2385.664215340699,2393.1751613157976,2369.7034551436145,2380.031005859375,42600,0.0,0.0
2016-12-29 00:00:00+09:00,2390.358675764172,2390.358675764172,2345.292997666497,2362.192626953125,69700,0.0,0.0
2016-12-30 00:00:00+09:00,2361.2534787356735,2366.886687830073,2323.6987514396787,2349.987060546875,43600,0.0,0.0
2017-01-04 00:00:00+09:00,2351.864927414565,2416.6468355948464,2351.864927414565,2408.197021484375,62600,0.0,0.0
2017-01-05 00:00:00+09:00,2426.9742475578296,2426.9742475578296,2392.2361248655125,2399.7470703125,45900,0.0,0.0
2017-01-06 00:00:00+09:00,2394.1136087371515,2414.7687065380214,2380.030587509286,2409.135498046875,41200,0.0,0.0
2017-01-10 00:00:00+09:00,2409.1356792706274,2412.8911518805585,2358.4367990365613,2375.33642578125,66300,0.0,0.0
2017-01-11 00:00:00+09:00,2441.057250218362,2488.000658876407,2417.5855458893393,2418.5244140625,140300,0.0,0.0
2017-01-12 00:00:00+09:00,2441.057250218362,2441.057250218362,2381.9085553092245,2418.5244140625,120500,0.0,0.0
2017-01-13 00:00:00+09:00,2431.6683745048417,2483.3061199093845,2415.7076168343465,2466.406494140625,102000,0.0,0.0
2017-01-16 00:00:00+09:00,2453.2625019448965,2464.528919864276,2441.0572158655687,2451.384765625,40400,0.0,0.0
2017-01-17 00:00:00+09:00,2425.096081307386,2425.096081307386,2380.9692846285448,2383.785888671875,68600,0.0,0.0
2017-01-18 00:00:00+09:00,2401.624608459115,2405.3800808726555,2361.253280013555,2402.5634765625,58600,0.0,0.0
2017-01-19 00:00:00+09:00,2405.3798786277757,2420.4017670188937,2390.3579902366573,2410.07421875,48700,0.0,0.0
2017-01-20 00:00:00+09:00,2401.624659138822,2409.135604124401,2391.297109783651,2400.685791015625,56600,0.0,0.0
2017-01-23 00:00:00+09:00,2357.4977191688063,2357.4977191688063,2337.781489737287,2342.475830078125,68800,0.0,0.0
2017-01-24 00:00:00+09:00,2339.6593503681315,2339.6593503681315,2305.8600981156223,2315.248779296875,103400,0.0,0.0
2017-01-25 00:00:00+09:00,2344.353690958758,2348.109163431259,2312.432174942499,2315.248779296875,93800,0.0,0.0
2017-01-26 00:00:00+09:00,2315.2490586945974,2330.2709503974006,2285.20527528899,2327.454345703125,128200,0.0,0.0
2017-01-27 00:00:00+09:00,2339.6595055977123,2380.0308373556186,2332.148560154381,2354.681396484375,82100,0.0,0.0
2017-01-30 00:00:00+09:00,2346.231705080484,2353.742650915075,2319.943394659414,2332.148681640625,50800,0.0,0.0
2017-01-31 00:00:00+09:00,2348.1090937672707,2348.1090937672707,2320.881919149417,2335.90380859375,50300,0.0,0.0
2017-02-01 00:00:00+09:00,2319.0046854428533,2365.9481001279314,2313.371475680644,2362.192626953125,54300,0.0,0.0
2017-02-02 00:00:00+09:00,2368.7643609512756,2372.5198335806076,2308.6767988819606,2316.187744140625,62400,0.0,0.0
2017-02-03 00:00:00+09:00,2322.7602255746046,2356.5594851221736,2322.7602255746046,2346.23193359375,61100,0.0,0.0
2017-02-06 00:00:00+09:00,2382.847380719866,2382.847380719866,2356.55907234313,2365.94775390625,58900,0.0,0.0
2017-02-07 00:00:00+09:00,2353.7421666779824,2357.497638822662,2322.759521484375,2322.759521484375,53800,0.0,0.0
2017-02-08 00:00:00+09:00,2325.5764016140715,2349.9869734517647,2324.6375334664676,2339.659423828125,33800,0.0,0.0
2017-02-09 00:00:00+09:00,2338.7206212515785,2346.2315666429927,2318.065521425189,2323.69873046875,48000,0.0,0.0
2017-02-10 00:00:00+09:00,2368.7639922556946,2396.930032591672,2344.353423964514,2393.174560546875,75300,0.0,0.0
2017-02-13 00:00:00+09:00,2405.3802793977407,2413.8300930256014,2380.969706695031,2399.7470703125,42700,0.0,0.0
2017-02-14 00:00:00+09:00,2410.0745840488903,2410.0745840488903,2387.541748046875,2387.541748046875,29000,0.0,0.0
2017-02-15 00:00:00+09:00,2409.135681767904,2426.0353085301103,2389.4194505453293,2420.402099609375,65900,0.0,0.0
2017-02-16 00:00:00+09:00,2410.074630317778,2412.8912348721033,2377.214243850648,2390.3583984375,27200,0.0,0.0
2017-02-17 00:00:00+09:00,2389.419189453125,2399.7467380126473,2380.0305089444682,2389.419189453125,28900,0.0,0.0
2017-02-20 00:00:00+09:00,2381.9086555255517,2420.4022522447267,2379.0920508875633,2414.76904296875,28200,0.0,0.0
2017-02-21 00:00:00+09:00,2421.3405978566475,2458.895318257681,2411.013049746363,2452.3232421875,43200,0.0,0.0
2017-02-22 00:00:00+09:00,2463.590210336539,2463.590210336539,2434.4852955040565,2441.057373046875,26300,0.0,0.0
2017-02-23 00:00:00+09:00,2445.7510655954343,2456.07861328125,2441.0567257382454,2456.07861328125,30500,0.0,0.0
2017-02-24 00:00:00+09:00,2458.895334879557,2458.895334879557,2429.79042637201,2433.5458984375,53500,0.0,0.0
2017-02-27 00:00:00+09:00,2426.0348616951856,2441.0567493837007,2406.3186341040096,2427.91259765625,43400,0.0,0.0
2017-02-28 00:00:00+09:00,2452.3237096827834,2466.4067325178685,2424.1576640126136,2426.035400390625,70300,0.0,0.0
2017-03-01 00:00:00+09:00,2426.034838195241,2462.6506890813143,2426.034838195241,2456.07861328125,41300,0.0,0.0
2017-03-02 00:00:00+09:00,2478.611770300057,2481.4283745844887,2457.956672214223,2475.795166015625,32600,0.0,0.0
2017-03-03 00:00:00+09:00,2487.0612563386967,2493.6333321387615,2451.384273424061,2456.07861328125,44800,0.0,0.0
2017-03-06 00:00:00+09:00,2464.529149330761,2470.1623588149455,2457.957071599212,2465.468017578125,22500,0.0,0.0
2017-03-07 00:00:00+09:00,2465.468017578125,2476.734436546494,2455.14046685712,2465.468017578125,26200,0.0,0.0
2017-03-08 00:00:00+09:00,2469.2234905675814,2478.6121730412224,2456.079335104484,2465.468017578125,26000,0.0,0.0
2017-03-09 00:00:00+09:00,2482.367086450859,2489.878030736641,2469.222933950741,2486.12255859375,33200,0.0,0.0
2017-03-10 00:00:00+09:00,2525.5551803276303,2525.5551803276303,2503.9612141017806,2520.86083984375,71000,0.0,0.0
2017-03-13 00:00:00+09:00,2525.5555269212164,2529.3109998237014,2506.778162408791,2517.105712890625,41400,0.0,0.0
2017-03-14 00:00:00+09:00,2521.799707940526,2529.3106527147347,2511.4721588759894,2520.86083984375,26600,0.0,0.0
2017-03-15 00:00:00+09:00,2518.982662291754,2531.1879454113187,2509.5939829690114,2523.677001953125,21800,0.0,0.0
2017-03-16 00:00:00+09:00,2511.4722001521595,2530.2495623962877,2503.961255254508,2528.371826171875,30100,0.0,0.0
2017-03-17 00:00:00+09:00,2525.5552946639964,2556.5379432602463,2520.860953967595,2552.782470703125,53000,0.0,0.0
2017-03-21 00:00:00+09:00,2553.721228389133,2576.2540627572725,2553.721228389133,2565.926513671875,58400,0.0,0.0
2017-03-22 00:00:00+09:00,2552.7826232347725,2573.4377235331044,2542.4550730856063,2547.1494140625,57700,0.0,0.0
2017-03-23 00:00:00+09:00,2536.821556991186,2568.743071771978,2516.1664591918498,2563.10986328125,44400,0.0,0.0
2017-03-24 00:00:00+09:00,2558.415651234682,2599.725848905994,2556.537914976895,2580.948486328125,49400,0.0,0.0
2017-03-27 00:00:00+09:00,2563.109631280214,2578.131519229109,2542.4545353504836,2549.026611328125,36200,0.0,0.0
2017-03-28 00:00:00+09:00,2581.8870472718386,2597.8478035640646,2573.437235117131,2596.908935546875,59700,0.0,0.0
2017-03-29 00:00:00+09:00,2596.9090962357955,2602.5423046875,2567.8041859019886,2581.88720703125,61900,0.0,0.0
2017-03-30 00:00:00+09:00,2578.1313420250303,2579.0702099573045,2520.8603981563024,2523.677001953125,51600,0.0,0.0
2017-03-31 00:00:00+09:00,2552.7821891300628,2553.7210571657856,2486.12255859375,2486.12255859375,52700,0.0,0.0
2017-04-03 00:00:00+09:00,2543.3938593880353,2549.027068378928,2510.5334736078285,2532.12744140625,71600,0.0,0.0
2017-04-04 00:00:00+09:00,2438.240582131213,2441.0571865772636,2362.1922620878445,2384.72509765625,209400,0.0,0.0
2017-04-05 00:00:00+09:00,2394.1134285580742,2433.5458850284426,2380.0304083900855,2393.174560546875,119400,0.0,0.0
2017-04-06 00:00:00+09:00,2377.214154619647,2380.9696272177825,2334.026219741091,2334.965087890625,94200,0.0,0.0
2017-04-07 00:00:00+09:00,2349.0481101336322,2360.3145279280384,2328.393010843888,2334.965087890625,82800,0.0,0.0
2017-04-10 00:00:00+09:00,2347.17072740113,2352.8039371468926,2313.371468926554,2326.515625,87300,0.0,0.0
2017-04-11 00:00:00+09:00,2322.759633110948,2370.6419052567276,2319.9430288670787,2359.37548828125,84700,0.0,0.0
2017-04-12 00:00:00+09:00,2345.292549687942,2345.292549687942,2315.2487700282086,2324.637451171875,61300,0.0,0.0
2017-04-13 00:00:00+09:00,2323.6987255465597,2347.17042984501,2319.9432528588077,2328.39306640625,57500,0.0,0.0
2017-04-14 00:00:00+09:00,2331.2093933254214,2340.5980739268125,2305.859955701665,2311.4931640625,48000,0.0,0.0
2017-04-17 00:00:00+09:00,2311.493369952476,2367.82545857845,2311.493369952476,2349.048095703125,82600,0.0,0.0
2017-04-18 00:00:00+09:00,2375.3359879119485,2375.3359879119485,2336.8424007560634,2373.458251953125,64600,0.0,0.0
2017-04-19 00:00:00+09:00,2364.070012762995,2378.1530350788985,2352.8035949102723,2370.64208984375,84800,0.0,0.0
2017-04-20 00:00:00+09:00,2370.6418123005583,2374.3972844784603,2349.986715322098,2353.7421875,50200,0.0,0.0
2017-04-21 00:00:00+09:00,2375.3364964535363,2375.3364964535363,2340.598373778129,2354.681396484375,61500,0.0,0.0
2017-04-24 00:00:00+09:00,2379.0917194274284,2414.7687065380214,2375.3362470999978,2409.135498046875,60400,0.0,0.0
2017-04-25 00:00:00+09:00,2418.524515819401,2419.463384032064,2395.991678715494,2414.76904296875,75500,0.0,0.0
2017-04-26 00:00:00+09:00,2422.27948224103,2433.5458984375,2406.318725962698,2433.5458984375,76500,0.0,0.0
2017-04-27 00:00:00+09:00,2439.179136106298,2460.7731007446523,2433.5459279397705,2455.139892578125,74400,0.0,0.0
2017-04-28 00:00:00+09:00,2465.4674873322906,2472.039563650389,2443.873522287111,2457.95654296875,65900,0.0,0.0
2017-05-01 00:00:00+09:00,2459.83447265625,2471.1008900882634,2453.2623958209088,2459.83447265625,74800,0.0,0.0
2017-05-02 00:00:00+09:00,2459.8344633733363,2472.039748878624,2448.56804598384,2469.22314453125,71400,0.0,0.0
2017-05-08 00:00:00+09:00,2488.0001315377367,2510.532962917701,2475.7948478735893,2505.838623046875,237300,0.0,0.0
2017-05-09 00:00:00+09:00,2506.777671876454,2529.3105048820853,2500.205595583145,2521.799560546875,147200,0.0,0.0
2017-05-10 00:00:00+09:00,2523.677375785002,2554.660022139505,2520.860771570956,2541.515869140625,95000,0.0,0.0
2017-05-11 00:00:00+09:00,2541.5160165633083,2552.782434073009,2531.188467179416,2540.5771484375,97800,0.0,0.0
2017-05-12 00:00:00+09:00,2540.5771848924815,2559.3545476780873,2539.638316753201,2552.782470703125,84000,0.0,0.0
2017-05-15 00:00:00+09:00,2544.3327128992673,2564.9878124135785,2537.7606357810773,2546.21044921875,132700,0.0,0.0
2017-05-16 00:00:00+09:00,2546.210561063751,2546.210561063751,2520.8611196372312,2533.06640625,172800,0.0,0.0
2017-05-17 00:00:00+09:00,2517.1052992855616,2545.2713414260193,2513.3498270001674,2541.515869140625,196300,0.0,0.0
2017-05-18 00:00:00+09:00,2517.105646833302,2540.5773518578576,2517.105646833302,2533.06640625,155900,0.0,0.0
2017-05-19 00:00:00+09:00,2533.066105953349,2533.066105953349,2486.12270146941,2489.878173828125,176900,0.0,0.0
2017-05-22 00:00:00+09:00,2486.1230665814182,2516.166849863369,2481.4287254436135,2512.411376953125,315000,0.0,0.0
2017-05-23 00:00:00+09:00,2518.983035428259,2565.9264389956884,2518.983035428259,2541.515869140625,277200,0.0,0.0
2017-05-24 00:00:00+09:00,2549.965824995389,2549.965824995389,2525.5552537693657,2545.271484375,114700,0.0,0.0
2017-05-25 00:00:00+09:00,2539.638316753201,2561.2322839566477,2537.7605804746404,2552.782470703125,276400,0.0,0.0
2017-05-26 00:00:00+09:00,2552.7825810579952,2558.4157901371964,2488.939544827049,2494.57275390625,672700,0.0,0.0
2017-05-29 00:00:00+09:00,2485.1273806519303,2492.6838303080367,2458.6798068555586,2463.402587890625,503800,16.0,0.0
2017-05-30 00:00:00+09:00,2478.515375854214,2494.57283065205,2464.3470333855353,2487.9609375,97600,0.0,0.0
2017-05-31 00:00:00+09:00,2475.681616676855,2496.4618515364086,2468.125167637017,2474.737060546875,130500,0.0,0.0
2017-06-01 00:00:00+09:00,2461.513317537163,2495.517338807822,2455.84598065872,2486.07177734375,105700,0.0,0.0
2017-06-02 00:00:00+09:00,2498.35116429094,2516.2977322007805,2484.1828212042237,2511.574951171875,147600,0.0,0.0
2017-06-05 00:00:00+09:00,2504.017980393909,2540.8556647527785,2492.683308283488,2538.966552734375,101900,0.0,0.0
2017-06-06 00:00:00+09:00,2536.133364274352,2538.0224766499755,2509.685791015625,2509.685791015625,69900,0.0,0.0
2017-06-07 00:00:00+09:00,2488.9052974255205,2497.4063022364617,2471.9032878036382,2489.849853515625,141400,0.0,0.0
2017-06-08 00:00:00+09:00,2499.2954957313145,2503.0737202146574,2472.847924347914,2473.79248046875,74500,0.0,0.0
2017-06-09 00:00:00+09:00,2471.9036598365665,2500.240346804506,2466.2363224429787,2475.681884765625,84700,0.0,0.0
2017-06-12 00:00:00+09:00,2460.5686709387237,2477.570680949049,2447.3448853751374,2472.847900390625,73300,0.0,0.0
2017-06-13 00:00:00+09:00,2481.348872601737,2500.239994585763,2474.7369799073285,2490.79443359375,57800,0.0,0.0
2017-06-14 00:00:00+09:00,2503.0734826568373,2533.299275654958,2500.2398145632637,2512.51904296875,71000,0.0,0.0
2017-06-15 00:00:00+09:00,2503.073921519352,2517.2422644713483,2492.6838033545546,2510.63037109375,56000,0.0,0.0
2017-06-16 00:00:00+09:00,2510.630208210077,2510.630208210077,2479.4598557379427,2494.57275390625,116900,0.0,0.0
2017-06-19 00:00:00+09:00,2470.0140764350517,2507.7963185220124,2470.0140764350517,2495.51708984375,68400,0.0,0.0
2017-06-20 00:00:00+09:00,2503.0739453198453,2523.854181847029,2495.517495673597,2511.574951171875,102400,0.0,0.0
2017-06-21 00:00:00+09:00,2512.5194942309513,2523.854168641016,2491.7392578125,2491.7392578125,65600,0.0,0.0
2017-06-22 00:00:00+09:00,2494.5726623651326,2496.461774566848,2476.6260964488365,2481.348876953125,52000,0.0,0.0
2017-06-23 00:00:00+09:00,2494.572690959374,2495.5172470710586,2462.457783162093,2472.847900390625,43900,0.0,0.0
2017-06-26 00:00:00+09:00,2470.014457395354,2481.3491317696344,2453.0124458339324,2462.4580078125,52600,0.0,0.0
2017-06-27 00:00:00+09:00,2469.0698092600583,2497.406494140625,2469.0698092600583,2497.406494140625,66000,0.0,0.0
2017-06-28 00:00:00+09:00,2498.350651461572,2498.350651461572,2453.011962890625,2453.011962890625,45900,0.0,0.0
2017-06-29 00:00:00+09:00,2446.4002775728295,2480.404296875,2441.677497114195,2480.404296875,83800,0.0,0.0
2017-06-30 00:00:00+09:00,2457.7347429500987,2460.5684109857825,2429.3980625932563,2453.011962890625,63500,0.0,0.0
2017-07-03 00:00:00+09:00,2440.7326692404818,2445.455449173223,2418.0633255633256,2431.287109375,80300,0.0,0.0
2017-07-04 00:00:00+09:00,2431.287473266649,2444.5112590575322,2424.6755803712076,2436.01025390625,64700,0.0,0.0
2017-07-05 00:00:00+09:00,2436.95513166128,2436.95513166128,2404.840219073496,2429.398681640625,56700,0.0,0.0
2017-07-06 00:00:00+09:00,2408.61805286974,2413.340833365563,2381.2259259939665,2385.004150390625,71900,0.0,0.0
2017-07-07 00:00:00+09:00,2361.390542358835,2380.2816666977055,2361.390542358835,2377.447998046875,90400,0.0,0.0
2017-07-10 00:00:00+09:00,2394.449445410389,2394.449445410389,2369.8909895600264,2374.61376953125,110900,0.0,0.0
2017-07-11 00:00:00+09:00,2437.899310479648,2606.974853515625,2429.3983055225317,2606.974853515625,520200,0.0,0.0
2017-07-12 00:00:00+09:00,2583.3609421544797,2630.588747312697,2572.0262689165074,2625.865966796875,309300,0.0,0.0
2017-07-13 00:00:00+09:00,2640.97891828839,2695.763173388793,2623.976908084817,2666.48193359375,188300,0.0,0.0
2017-07-14 00:00:00+09:00,2675.9271972992765,2772.271911074259,2675.9271972992765,2741.1015625,228300,0.0,0.0
2017-07-17 00:00:00+09:00,2741.1015625,2741.1015625,2741.1015625,2741.1015625,0,0.0,0.0
2017-07-18 00:00:00+09:00,2738.268286621431,2742.9910673848344,2704.264265124925,2737.32373046875,143600,0.0,0.0
2017-07-19 00:00:00+09:00,2691.9849590897643,2719.37708674366,2686.317622333786,2695.76318359375,137900,0.0,0.0
2017-07-20 00:00:00+09:00,2695.763303144948,2715.5989826705413,2686.317741466094,2700.486083984375,120300,0.0,0.0
2017-07-21 00:00:00+09:00,2696.707883181272,2724.100012292395,2678.761315832605,2701.4306640625,94800,0.0,0.0
2017-07-24 00:00:00+09:00,2691.9847872276428,2705.2085721473572,2680.6501144393155,2698.5966796875,91700,0.0,0.0
2017-07-25 00:00:00+09:00,2695.762506289256,2696.707062177935,2666.4812737402135,2669.31494140625,97800,0.0,0.0
2017-07-26 00:00:00+09:00,2673.0937828300093,2683.4839000070874,2650.4244362618397,2655.147216796875,92600,0.0,0.0
2017-07-27 00:00:00+09:00,2663.648049165445,2685.372838218922,2653.2579326616083,2657.980712890625,109800,0.0,0.0
2017-07-28 00:00:00+09:00,2668.3709540796604,2677.8165149790575,2645.7016079211076,2653.258056640625,82000,0.0,0.0
2017-07-31 00:00:00+09:00,2642.8679962868932,2654.202669609067,2626.8105424138134,2636.256103515625,141900,0.0,0.0
2017-08-01 00:00:00+09:00,2648.535239866874,2687.2620390232723,2638.145123020035,2680.650146484375,117500,0.0,0.0
2017-08-02 00:00:00+09:00,2719.377106170921,2720.321662303665,2681.5948608611475,2706.1533203125,83900,0.0,0.0
2017-08-03 00:00:00+09:00,2710.876054312157,2755.2701917869554,2708.0423859627017,2752.4365234375,132400,0.0,0.0
2017-08-04 00:00:00+09:00,2756.214523737981,2770.382864332933,2742.9907391826923,2762.826416015625,119700,0.0,0.0
2017-08-07 00:00:00+09:00,2776.050680360648,2795.8863606218165,2771.3278993460845,2781.718017578125,62800,0.0,0.0
2017-08-08 00:00:00+09:00,2794.9413902121714,2794.9413902121714,2765.6601522613173,2775.105712890625,81400,0.0,0.0
2017-08-09 00:00:00+09:00,2763.7708340632007,2763.7708340632007,2695.762802602999,2738.267822265625,122400,0.0,0.0
2017-08-10 00:00:00+09:00,2738.268144717072,2782.662281592444,2712.7651299163267,2779.82861328125,69100,0.0,0.0
2017-08-11 00:00:00+09:00,2779.82861328125,2779.82861328125,2779.82861328125,2779.82861328125,0,0.0,0.0
2017-08-14 00:00:00+09:00,2749.6026871257686,2776.99481283056,2734.489790185194,2745.824462890625,95600,0.0,0.0
2017-08-15 00:00:00+09:00,2776.9949779171297,2780.773202376881,2755.27018727356,2761.882080078125,87700,0.0,0.0
2017-08-16 00:00:00+09:00,2758.103691654842,2762.8264719487715,2732.6006780676225,2745.824462890625,81700,0.0,0.0
2017-08-17 00:00:00+09:00,2752.4366479836285,2774.161439645819,2747.7138671875,2747.7138671875,73800,0.0,0.0
2017-08-18 00:00:00+09:00,2720.3214246485063,2725.044204899632,2682.539182639499,2687.261962890625,104500,0.0,0.0
2017-08-21 00:00:00+09:00,2693.8739315621697,2704.2640484090084,2674.982810022463,2680.650146484375,58400,0.0,0.0
2017-08-22 00:00:00+09:00,2671.2047142058536,2674.038382573116,2655.147260124701,2666.48193359375,76600,0.0,0.0
2017-08-23 00:00:00+09:00,2682.5390900962557,2689.1509822197327,2671.2044178845813,2674.0380859375,45500,0.0,0.0
2017-08-24 00:00:00+09:00,2681.5945376369473,2693.873765882555,2662.7034172590893,2664.592529296875,57100,0.0,0.0
2017-08-25 00:00:00+09:00,2679.705056181717,2691.984282734541,2657.035714853426,2669.31494140625,37200,0.0,0.0
2017-08-28 00:00:00+09:00,2676.872261364136,2691.0406043141934,2659.8702498240673,2684.4287109375,49900,0.0,0.0
2017-08-29 00:00:00+09:00,2669.3155299409905,2684.428427491966,2650.424408002272,2663.648193359375,48100,0.0,0.0
2017-08-30 00:00:00+09:00,2692.9292027420747,2698.5965388404447,2668.3707463158053,2683.483642578125,55400,0.0,0.0
2017-08-31 00:00:00+09:00,2697.65234375,2708.987017463235,2683.484001608456,2697.65234375,43200,0.0,0.0
2017-09-01 00:00:00+09:00,2709.9315495532783,2709.9315495532783,2635.3116149367884,2696.707763671875,119000,0.0,0.0
2017-09-04 00:00:00+09:00,2691.984904970151,2697.6522416121934,2650.4244362618397,2655.147216796875,67900,0.0,0.0
2017-09-05 00:00:00+09:00,2663.648125967316,2663.648125967316,2589.972752270348,2593.7509765625,67000,0.0,0.0
2017-09-06 00:00:00+09:00,2594.695476791448,2620.198490214589,2575.8043557372694,2610.7529296875,61000,0.0,0.0
2017-09-07 00:00:00+09:00,2618.309481312856,2656.091724910444,2618.309481312856,2653.258056640625,48500,0.0,0.0
2017-09-08 00:00:00+09:00,2652.31351590106,2693.87398409894,2648.535291519435,2673.09375,82700,0.0,0.0
2017-09-11 00:00:00+09:00,2708.042081534017,2743.935209925469,2708.042081534017,2730.71142578125,64500,0.0,0.0
2017-09-12 00:00:00+09:00,2767.5491516343764,2767.5491516343764,2673.093549189517,2751.49169921875,65000,0.0,0.0
2017-09-13 00:00:00+09:00,2749.602583580787,2762.8263679058064,2737.3233552789834,2760.937255859375,48000,0.0,0.0
2017-09-14 00:00:00+09:00,2765.6601721452184,2793.052298167149,2760.93739179661,2785.495849609375,65100,0.0,0.0
2017-09-15 00:00:00+09:00,2790.218764935662,2810.054443359375,2772.2721987427785,2810.054443359375,93900,0.0,0.0
2017-09-18 00:00:00+09:00,2810.054443359375,2810.054443359375,2810.054443359375,2810.054443359375,0,0.0,0.0
2017-09-19 00:00:00+09:00,2815.7220088101863,2843.1141383826434,2801.5536659278805,2838.391357421875,87100,0.0,0.0
2017-09-20 00:00:00+09:00,2830.834352299491,2852.5591404552765,2818.555124211439,2826.111572265625,61900,0.0,0.0
2017-09-21 00:00:00+09:00,2816.6662726673653,2821.389053137968,2782.662253279027,2788.32958984375,55400,0.0,0.0
2017-09-22 00:00:00+09:00,2772.272274212188,2781.7178356234735,2744.8801461194616,2755.270263671875,52700,0.0,0.0
2017-09-25 00:00:00+09:00,2760.9374039830636,2771.327520795863,2740.157170357464,2757.1591796875,61000,0.0,0.0
2017-09-26 00:00:00+09:00,2756.214420882831,2793.9966610594292,2742.990636821022,2777.939208984375,70200,0.0,0.0
2017-09-27 00:00:00+09:00,2781.7176053311405,2790.2186098975176,2746.769031002702,2775.105712890625,45300,0.0,0.0
2017-09-28 00:00:00+09:00,2775.1058952964327,2802.498022921891,2741.1018747958633,2801.553466796875,66100,0.0,0.0
2017-09-29 00:00:00+09:00,2792.1076823354047,2811.943359375,2774.1611173948186,2811.943359375,58800,0.0,0.0
2017-10-02 00:00:00+09:00,2812.887550405346,2857.2816789711787,2795.8855437205584,2807.22021484375,138200,0.0,0.0
2017-10-03 00:00:00+09:00,2550.3012623506434,2582.4161671357997,2539.9111460966224,2569.1923828125,705100,0.0,0.0
2017-10-04 00:00:00+09:00,2588.0835032743566,2595.6399514590994,2562.58049065085,2569.1923828125,359600,0.0,0.0
2017-10-05 00:00:00+09:00,2554.0797336254614,2572.9708559155906,2552.1906213964485,2559.7470703125,136900,0.0,0.0
2017-10-06 00:00:00+09:00,2575.804697781504,2575.804697781504,2550.301680971786,2556.91357421875,134500,0.0,0.0
2017-10-09 00:00:00+09:00,2556.91357421875,2556.91357421875,2556.91357421875,2556.91357421875,0,0.0,0.0
2017-10-10 00:00:00+09:00,2572.0263339765397,2590.917456517682,2564.4698849600827,2589.972900390625,140100,0.0,0.0
2017-10-11 00:00:00+09:00,2596.584421206956,2610.7527610825855,2590.9170852567045,2604.140869140625,85100,0.0,0.0
2017-10-12 00:00:00+09:00,2619.254121869524,2633.4224636755257,2607.9194484247228,2627.755126953125,112900,0.0,0.0
2017-10-13 00:00:00+09:00,2636.256213448264,2687.2622455250134,2636.256213448264,2659.8701171875,120100,0.0,0.0
2017-10-16 00:00:00+09:00,2674.03865133399,2686.3178821596143,2661.759420508366,2667.4267578125,97900,0.0,0.0
2017-10-17 00:00:00+09:00,2663.648190978806,2663.648190978806,2610.753049597666,2615.475830078125,99300,0.0,0.0
2017-10-18 00:00:00+09:00,2633.4225785300096,2648.535477115548,2618.3096799444716,2641.923583984375,85700,0.0,0.0
2017-10-19 00:00:00+09:00,2639.0900823182287,2656.092094301667,2634.367301211718,2648.53564453125,86900,0.0,0.0
2017-10-20 00:00:00+09:00,2635.311403339598,2651.3688563348574,2628.6995109297854,2630.588623046875,72300,0.0,0.0
2017-10-23 00:00:00+09:00,2657.981290260865,2657.981290260865,2624.921821476526,2632.478271484375,76200,0.0,0.0
2017-10-24 00:00:00+09:00,2641.9232362163393,2660.8143569615404,2634.366787918259,2657.0361328125,74600,0.0,0.0
2017-10-25 00:00:00+09:00,2662.703641605038,2670.260090392849,2639.089739143127,2654.20263671875,114200,0.0,0.0
2017-10-26 00:00:00+09:00,2642.8681113364773,2664.59290281637,2641.923555185178,2650.424560546875,53000,0.0,0.0
2017-10-27 00:00:00+09:00,2650.424603345125,2665.537502009958,2640.0344855130525,2661.75927734375,94700,0.0,0.0
2017-10-30 00:00:00+09:00,2663.6483417857776,2663.6483417857776,2640.978994196111,2659.8701171875,117200,0.0,0.0
2017-10-31 00:00:00+09:00,2658.9254992521264,2691.0404075912284,2647.5908257206784,2686.317626953125,66500,0.0,0.0
2017-11-01 00:00:00+09:00,2690.0956310413007,2696.7075233928767,2674.9827342376975,2687.261962890625,50500,0.0,0.0
2017-11-02 00:00:00+09:00,2692.929505021531,2692.929505021531,2659.870040736805,2666.48193359375,63100,0.0,0.0
2017-11-03 00:00:00+09:00,2666.48193359375,2666.48193359375,2666.48193359375,2666.48193359375,0,0.0,0.0
2017-11-06 00:00:00+09:00,2685.372727093613,2699.541067194353,2677.816279039885,2691.984619140625,63800,0.0,0.0
2017-11-07 00:00:00+09:00,2692.9295298063857,2715.598876953125,2671.2047387907605,2715.598876953125,89700,0.0,0.0
2017-11-08 00:00:00+09:00,2709.9312927351875,2725.044189453125,2697.652064151863,2725.044189453125,50400,0.0,0.0
2017-11-09 00:00:00+09:00,2729.7672763913665,2783.6069769983933,2713.7098218243586,2746.769287109375,120600,0.0,0.0
2017-11-10 00:00:00+09:00,2708.042291532431,2749.602759208548,2697.652174613402,2748.658203125,98100,0.0,0.0
2017-11-13 00:00:00+09:00,2737.3233384303926,2747.7134546218126,2717.487662064955,2741.1015625,41000,0.0,0.0
2017-11-14 00:00:00+09:00,2737.32373046875,2747.713848148238,2715.598938957093,2737.32373046875,72800,0.0,0.0
2017-11-15 00:00:00+09:00,2708.0424857761545,2711.8207103813534,2638.145330579979,2650.424560546875,130300,0.0,0.0
2017-11-16 00:00:00+09:00,2626.8108884334397,2725.9892930668493,2623.977219729628,2708.042724609375,149000,0.0,0.0
2017-11-17 00:00:00+09:00,2716.543332800026,2738.2681230136563,2708.042327933823,2721.26611328125,69000,0.0,0.0
2017-11-20 00:00:00+09:00,2674.03844018076,2701.4305683210787,2661.759210324755,2697.65234375,83300,0.0,0.0
2017-11-21 00:00:00+09:00,2675.9272751198278,2742.990754305676,2666.481714671117,2725.044189453125,122100,0.0,0.0
2017-11-22 00:00:00+09:00,2729.7671662276707,2745.824620146657,2723.1552734375,2723.1552734375,80500,0.0,0.0
2017-11-23 00:00:00+09:00,2723.1552734375,2723.1552734375,2723.1552734375,2723.1552734375,0,0.0,0.0
2017-11-24 00:00:00+09:00,2725.0441744290865,2769.4383082932695,2709.931277794471,2762.826416015625,80700,0.0,0.0
2017-11-27 00:00:00+09:00,2778.8840901470053,2784.5514268366323,2759.0484117333117,2761.882080078125,50400,0.0,0.0
2017-11-28 00:00:00+09:00,2754.2813392828316,2765.682296879035,2745.730621085679,2759.03173828125,49200,17.0,0.0
2017-11-29 00:00:00+09:00,2746.681133563702,2768.532972398695,2740.030573918269,2766.6328125,93400,0.0,0.0
2017-11-30 00:00:00+09:00,2749.5310260376646,2787.5342192102653,2746.6807865497194,2781.833740234375,76800,0.0,0.0
2017-12-01 00:00:00+09:00,2734.330002782404,2768.532879815123,2718.17864418362,2727.679443359375,149800,0.0,0.0
2017-12-04 00:00:00+09:00,2707.727836807541,2727.6795156050703,2679.2254385253564,2700.127197265625,122000,0.0,0.0
2017-12-05 00:00:00+09:00,2685.8758041323003,2710.577880859375,2658.323487782871,2710.577880859375,101200,0.0,0.0
2017-12-06 00:00:00+09:00,2713.4276805328223,2762.831825976697,2696.3262455714807,2757.13134765625,136200,0.0,0.0
2017-12-07 00:00:00+09:00,2751.4309044827296,2805.58544921875,2740.98002742841,2805.58544921875,83700,0.0,0.0
2017-12-08 00:00:00+09:00,2710.5777471006036,2817.936767578125,2710.5777471006036,2817.936767578125,120700,0.0,0.0
2017-12-11 00:00:00+09:00,2817.9369095471757,2836.9385070491794,2799.885391920272,2815.086669921875,102700,0.0,0.0
2017-12-12 00:00:00+09:00,2817.9368336513658,2819.836993350389,2787.534278466995,2808.43603515625,52700,0.0,0.0
2017-12-13 00:00:00+09:00,2812.236003685631,2873.991186198998,2809.3857644927066,2859.739990234375,175200,0.0,0.0
2017-12-14 00:00:00+09:00,2878.742054623463,2916.745250064037,2873.991655193391,2897.74365234375,125200,0.0,0.0
2017-12-15 00:00:00+09:00,2883.4923881580626,2930.9963813731874,2873.9915895150375,2907.244384765625,87000,0.0,0.0
2017-12-18 00:00:00+09:00,2907.2443155317164,2916.745113948487,2849.2894451894176,2864.49072265625,107200,0.0,0.0
2017-12-19 00:00:00+09:00,2864.4904541015626,2864.4904541015626,2832.187742513021,2850.2392578125,112700,0.0,0.0
2017-12-20 00:00:00+09:00,2843.589075526295,2854.9900340649906,2818.886998692455,2831.238037109375,90400,0.0,0.0
2017-12-21 00:00:00+09:00,2813.185957393544,2845.4886667996166,2813.185957393544,2842.638427734375,63000,0.0,0.0
2017-12-22 00:00:00+09:00,2842.639195091514,2869.2414335482526,2839.7889552568636,2854.990234375,63700,0.0,0.0
2017-12-25 00:00:00+09:00,2850.2391929246264,2864.4903888892495,2844.538714538777,2859.739990234375,27400,0.0,0.0
2017-12-26 00:00:00+09:00,2869.2412557633197,2902.4940517738214,2869.2412557633197,2897.74365234375,58900,0.0,0.0
2017-12-27 00:00:00+09:00,2897.7435861226,2935.7467806946997,2897.7435861226,2907.244384765625,59800,0.0,0.0
2017-12-28 00:00:00+09:00,2902.4937834637562,2907.244182454695,2869.240990527183,2883.4921875,37100,0.0,0.0
2017-12-29 00:00:00+09:00,2883.492008329029,2888.2424070247935,2859.7400148502065,2873.9912109375,48700,0.0,0.0
2018-01-01 00:00:00+09:00,2873.9912109375,2873.9912109375,2873.9912109375,2873.9912109375,0,0.0,0.0
2018-01-02 00:00:00+09:00,2873.9912109375,2873.9912109375,2873.9912109375,2873.9912109375,0,0.0,0.0
2018-01-03 00:00:00+09:00,2873.9912109375,2873.9912109375,2873.9912109375,2873.9912109375,0,0.0,0.0
2018-01-04 00:00:00+09:00,2897.7435861226,2911.9947840871373,2873.9915895150375,2907.244384765625,64800,0.0,0.0
2018-01-05 00:00:00+09:00,2911.994652289849,2945.24744603541,2883.4922576507965,2926.245849609375,105400,0.0,0.0
2018-01-08 00:00:00+09:00,2926.245849609375,2926.245849609375,2926.245849609375,2926.245849609375,0,0.0,0.0
2018-01-09 00:00:00+09:00,2921.49525261307,2930.9960501825435,2845.488872057283,2848.339111328125,184200,0.0,0.0
2018-01-10 00:00:00+09:00,2705.8271303726874,2716.278007631852,2619.369873046875,2619.369873046875,690700,0.0,0.0
2018-01-11 00:00:00+09:00,2619.3700356613444,2650.7226693852563,2612.719476992636,2648.822509765625,263500,0.0,0.0
2018-01-12 00:00:00+09:00,2649.7728022560154,2655.47328157245,2613.669766585263,2618.420166015625,165100,0.0,0.0
2018-01-15 00:00:00+09:00,2622.220485559915,2633.621444192784,2600.368648180249,2618.420166015625,149500,0.0,0.0
2018-01-16 00:00:00+09:00,2607.969106719033,2627.9207829452985,2597.5182286957506,2626.970703125,148900,0.0,0.0
2018-01-17 00:00:00+09:00,2626.970828046398,2645.022345490478,2617.470029391619,2644.072265625,125100,0.0,0.0
2018-01-18 00:00:00+09:00,2645.022054453182,2645.022054453182,2589.917428318741,2597.51806640625,203000,0.0,0.0
2018-01-19 00:00:00+09:00,2591.81783849337,2614.6197549610533,2555.714804086204,2561.415283203125,225600,0.0,0.0
2018-01-22 00:00:00+09:00,2561.4149885067504,2561.4149885067504,2524.3618785098056,2550.964111328125,137300,0.0,0.0
2018-01-23 00:00:00+09:00,2550.964404822103,2564.265522761585,2529.1125682072397,2561.415283203125,108800,0.0,0.0
2018-01-24 00:00:00+09:00,2561.4149611682974,2572.81591796875,2541.463286767506,2572.81591796875,105100,0.0,0.0
2018-01-25 00:00:00+09:00,2569.015869140625,2573.766268306935,2552.86451197517,2569.015869140625,127500,0.0,0.0
2018-01-26 00:00:00+09:00,2550.964581474761,2593.7181778123268,2536.7133826955724,2570.916259765625,116400,0.0,0.0
2018-01-29 00:00:00+09:00,2569.016095183486,2600.3687324397933,2544.3140173451834,2588.9677734375,136600,0.0,0.0
2018-01-30 00:00:00+09:00,2574.7167822776532,2574.7167822776532,2537.663662532698,2542.4140625,181200,0.0,0.0
2018-01-31 00:00:00+09:00,2534.8126420924273,2554.7643158120454,2513.910888671875,2513.910888671875,150500,0.0,0.0
2018-02-01 00:00:00+09:00,2513.911416903409,2560.46533203125,2508.2109375,2560.46533203125,131700,0.0,0.0
2018-02-02 00:00:00+09:00,2551.914445245998,2572.8162016850943,2531.962768645043,2567.11572265625,95300,0.0,0.0
2018-02-05 00:00:00+09:00,2525.312255859375,2559.515130656567,2518.661696871032,2525.312255859375,121500,0.0,0.0
2018-02-06 00:00:00+09:00,2461.6573626456175,2461.6573626456175,2366.649359455899,2408.452880859375,158600,0.0,0.0
2018-02-07 00:00:00+09:00,2470.207678753397,2526.26239146357,2447.40576171875,2447.40576171875,105400,0.0,0.0
2018-02-08 00:00:00+09:00,2463.5571733969928,2501.5603692843356,2463.5571733969928,2492.0595703125,62200,0.0,0.0
2018-02-09 00:00:00+09:00,2444.555276071773,2465.45703125,2427.4538400168594,2465.45703125,58700,0.0,0.0
2018-02-12 00:00:00+09:00,2465.45703125,2465.45703125,2465.45703125,2465.45703125,0,0.0,0.0
2018-02-13 00:00:00+09:00,2522.4618269290727,2522.4618269290727,2483.5085557787556,2499.659912109375,90800,0.0,0.0
2018-02-14 00:00:00+09:00,2508.2109375,2516.761656605114,2491.109499289773,2508.2109375,86600,0.0,0.0
2018-02-15 00:00:00+09:00,2522.4617219412603,2540.5132370888623,2512.010844750543,2514.861083984375,76800,0.0,0.0
2018-02-16 00:00:00+09:00,2516.761537160077,2543.3637731134486,2516.761537160077,2525.312255859375,61800,0.0,0.0
2018-02-19 00:00:00+09:00,2565.2153563104284,2586.11711106555,2555.714558694464,2579.466552734375,48600,0.0,0.0
2018-02-20 00:00:00+09:00,2593.7178521229994,2593.7178521229994,2558.5648995484385,2582.31689453125,58700,0.0,0.0
2018-02-21 00:00:00+09:00,2589.917522228457,2593.7178414100104,2557.6148091852556,2566.16552734375,36000,0.0,0.0
2018-02-22 00:00:00+09:00,2545.2641816341,2590.8680191549797,2530.0629024604737,2559.515380859375,45700,0.0,0.0
2018-02-23 00:00:00+09:00,2573.766165706856,2575.6663252976327,2550.014170822149,2566.16552734375,38600,0.0,0.0
2018-02-26 00:00:00+09:00,2592.7677591660445,2592.7677591660445,2567.1156047147865,2584.217041015625,28200,0.0,0.0
2018-02-27 00:00:00+09:00,2607.018982562822,2607.018982562822,2562.3652317681963,2580.416748046875,54000,0.0,0.0
2018-02-28 00:00:00+09:00,2552.864741311986,2598.4685774053896,2552.864741311986,2570.916259765625,93100,0.0,0.0
2018-03-01 00:00:00+09:00,2559.5150505837432,2559.5150505837432,2531.0126558110956,2536.713134765625,44500,0.0,0.0
2018-03-02 00:00:00+09:00,2506.3104705984533,2518.661507792456,2487.3088749153717,2499.659912109375,43800,0.0,0.0
2018-03-05 00:00:00+09:00,2483.5086967201173,2522.461970081068,2478.758297529758,2496.809814453125,53600,0.0,0.0
2018-03-06 00:00:00+09:00,2506.310390595652,2545.263660502559,2505.3603108418247,2529.1123046875,48700,0.0,0.0
2018-03-07 00:00:00+09:00,2512.010703493514,2555.7143692880304,2507.2603050375883,2517.711181640625,55500,0.0,0.0
2018-03-08 00:00:00+09:00,2564.2654260092986,2564.2654260092986,2517.7115149776364,2522.4619140625,36600,0.0,0.0
2018-03-09 00:00:00+09:00,2547.16398930379,2560.465106741408,2502.5102379060736,2522.4619140625,78200,0.0,0.0
2018-03-12 00:00:00+09:00,2555.714963810173,2562.365523195552,2525.3124066198657,2538.613525390625,32200,0.0,0.0
2018-03-13 00:00:00+09:00,2529.1123895274955,2570.9159000981977,2529.1123895274955,2569.9658203125,33900,0.0,0.0
2018-03-14 00:00:00+09:00,2561.4153229553904,2574.7164411013014,2532.912926928439,2555.71484375,52800,0.0,0.0
2018-03-15 00:00:00+09:00,2550.9642506175373,2572.8160859114682,2535.762973891325,2566.16552734375,27500,0.0,0.0
2018-03-16 00:00:00+09:00,2566.165722293216,2574.7164411013014,2537.663326266264,2555.71484375,42500,0.0,0.0
2018-03-19 00:00:00+09:00,2546.213712610568,2569.965706198353,2531.012436714386,2550.964111328125,35800,0.0,0.0
2018-03-20 00:00:00+09:00,2518.661798717294,2531.012837337937,2506.310760096651,2528.16259765625,32500,0.0,0.0
2018-03-21 00:00:00+09:00,2528.16259765625,2528.16259765625,2528.16259765625,2528.16259765625,0,0.0,0.0
2018-03-22 00:00:00+09:00,2530.062572997048,2556.6648080867653,2524.3620940492515,2554.7646484375,45600,0.0,0.0
2018-03-23 00:00:00+09:00,2507.260662133628,2516.7614603986285,2446.455553237625,2448.355712890625,87100,0.0,0.0
2018-03-26 00:00:00+09:00,2415.102984165003,2438.85498046875,2395.1513072698554,2438.85498046875,72500,0.0,0.0
2018-03-27 00:00:00+09:00,2420.803077980324,2513.910888671875,2418.9029185784557,2513.910888671875,79700,0.0,0.0
2018-03-28 00:00:00+09:00,2502.510191389004,2584.217054129875,2501.5601115896916,2582.31689453125,68200,0.0,0.0
2018-03-29 00:00:00+09:00,2598.468233126501,2625.0704673230434,2590.8675947846323,2620.320068359375,102900,0.0,0.0
2018-03-30 00:00:00+09:00,2620.3202595410794,2643.1221762303417,2598.4684227138696,2627.9208984375,79400,0.0,0.0
2018-04-02 00:00:00+09:00,2633.621311326101,2645.9723492219305,2560.465163789265,2567.11572265625,150100,0.0,0.0
2018-04-03 00:00:00+09:00,2519.61155815193,2673.524481387455,2516.7613188327537,2645.97216796875,236600,0.0,0.0
2018-04-04 00:00:00+09:00,2649.772418796743,2701.0767252202004,2632.6709833222567,2691.575927734375,184000,0.0,0.0
2018-04-05 00:00:00+09:00,2702.9771628388144,2731.4795582290303,2692.5262845290686,2721.978759765625,116200,0.0,0.0
2018-04-06 00:00:00+09:00,2743.830416073774,2743.830416073774,2703.9270651474935,2712.477783203125,88000,0.0,0.0
2018-04-09 00:00:00+09:00,2719.128724101195,2745.73096179331,2710.578004843015,2727.679443359375,74900,0.0,0.0
2018-04-10 00:00:00+09:00,2718.1780431687894,2745.730354686404,2700.1265287262145,2708.67724609375,100900,0.0,0.0
2018-04-11 00:00:00+09:00,2713.428240740741,2713.428240740741,2650.7229662698414,2693.4765625,85900,0.0,0.0
2018-04-12 00:00:00+09:00,2685.875588199807,2714.3779821318885,2676.374790222447,2706.77734375,47000,0.0,0.0
2018-04-13 00:00:00+09:00,2712.478236521238,2712.478236521238,2684.9259181817933,2700.127197265625,53000,0.0,0.0
2018-04-16 00:00:00+09:00,2708.677792206539,2797.0352228186775,2705.827552509373,2787.534423828125,179200,0.0,0.0
2018-04-17 00:00:00+09:00,2788.4844071735706,2854.989997804627,2788.4844071735706,2818.886962890625,127500,0.0,0.0
2018-04-18 00:00:00+09:00,2802.7355003548755,2844.5390129025413,2795.134861709845,2834.088134765625,83500,0.0,0.0
2018-04-19 00:00:00+09:00,2840.738514304522,2840.738514304522,2808.4358021017283,2824.587158203125,36100,0.0,0.0
2018-04-20 00:00:00+09:00,2822.686957890547,2873.9912647657034,2815.086319834968,2848.339111328125,123900,0.0,0.0
2018-04-23 00:00:00+09:00,2883.492122155301,2897.7433188051623,2859.740127738865,2892.992919921875,84500,0.0,0.0
2018-04-24 00:00:00+09:00,2907.2442531833403,2945.24744603541,2902.4938540768317,2926.245849609375,114200,0.0,0.0
2018-04-25 00:00:00+09:00,2911.99434486562,2954.747932310629,2902.493547655618,2935.746337890625,114800,0.0,0.0
2018-04-26 00:00:00+09:00,2945.247713603671,3021.2541062127975,2935.74691452753,2992.751708984375,125300,0.0,0.0
2018-04-27 00:00:00+09:00,3007.0027745003204,3026.004371811539,2988.001177189102,3011.753173828125,80000,0.0,0.0
2018-04-30 00:00:00+09:00,3011.753173828125,3011.753173828125,3011.753173828125,3011.753173828125,0,0.0,0.0
2018-05-01 00:00:00+09:00,3040.2558806376364,3073.50867933211,3026.0046811971474,3054.507080078125,111600,0.0,0.0
2018-05-02 00:00:00+09:00,3064.007080078125,3087.7590729469475,3049.7558843568313,3064.007080078125,67900,0.0,0.0
2018-05-03 00:00:00+09:00,3064.007080078125,3064.007080078125,3064.007080078125,3064.007080078125,0,0.0,0.0
2018-05-04 00:00:00+09:00,3064.007080078125,3064.007080078125,3064.007080078125,3064.007080078125,0,0.0,0.0
2018-05-07 00:00:00+09:00,3068.757746943721,3097.260140878183,3068.757746943721,3078.258544921875,121900,0.0,0.0
2018-05-08 00:00:00+09:00,3073.508277656129,3073.508277656129,3040.2554833074537,3059.257080078125,141700,0.0,0.0
2018-05-09 00:00:00+09:00,3064.0073947731507,3111.5113853897888,3054.506596649823,3106.760986328125,181500,0.0,0.0
2018-05-10 00:00:00+09:00,3106.76120796731,3106.76120796731,3040.255616359447,3092.510009765625,100200,0.0,0.0
2018-05-11 00:00:00+09:00,3097.2601698215635,3154.2649582231875,3097.2601698215635,3144.76416015625,109700,0.0,0.0
2018-05-14 00:00:00+09:00,3201.7689060743064,3201.7689060743064,3159.0153153403767,3168.51611328125,146700,0.0,0.0
2018-05-15 00:00:00+09:00,3163.7657379605876,3192.2681319962685,3154.264939948694,3182.767333984375,70200,0.0,0.0
2018-05-16 00:00:00+09:00,3182.7673524239995,3211.2697466248114,3135.263362089313,3144.76416015625,163500,0.0,0.0
2018-05-17 00:00:00+09:00,3159.015513086824,3163.7659123546237,3116.2619196766263,3140.013916015625,187800,0.0,0.0
2018-05-18 00:00:00+09:00,3144.764118429067,3173.266512251687,3121.0121235768834,3168.51611328125,97700,0.0,0.0
2018-05-21 00:00:00+09:00,3154.265024266099,3168.5162216648914,3125.7626294685133,3135.263427734375,255100,0.0,0.0
2018-05-22 00:00:00+09:00,3135.263493778495,3149.5146914774887,3125.7626953125,3125.7626953125,119800,0.0,0.0
2018-05-23 00:00:00+09:00,3144.7642260002367,3159.0154233990297,3125.7626294685133,3135.263427734375,373400,0.0,0.0
2018-05-24 00:00:00+09:00,3135.2637166030536,3149.5149153148855,3111.51171875,3111.51171875,476700,0.0,0.0
2018-05-25 00:00:00+09:00,3135.2633145960367,3140.0137135575455,3073.5081280964177,3116.26171875,742800,0.0,0.0
2018-05-28 00:00:00+09:00,3135.2637166030536,3149.5149153148855,3097.260520038168,3111.51171875,910700,0.0,0.0
2018-05-29 00:00:00+09:00,3113.4213682349173,3122.971740530116,3003.592086840127,3027.468017578125,453500,17.0,0.0
2018-05-30 00:00:00+09:00,3027.468142139668,3113.421496332908,3027.468142139668,3041.793701171875,195600,0.0,0.0
2018-05-31 00:00:00+09:00,3070.444587225539,3099.095703125,3027.467913376348,3099.095703125,134400,0.0,0.0
2018-06-01 00:00:00+09:00,3079.9954045222357,3122.9720845853367,3056.1194711538465,3103.871337890625,112400,0.0,0.0
2018-06-04 00:00:00+09:00,3103.871182528409,3151.623046875,3075.220063920455,3151.623046875,106600,0.0,0.0
2018-06-05 00:00:00+09:00,3165.948736979167,3232.801349826389,3165.948736979167,3223.2509765625,166500,0.0,0.0
2018-06-06 00:00:00+09:00,3247.1269502271884,3285.328443759273,3208.925456695104,3218.475830078125,131400,0.0,0.0
2018-06-07 00:00:00+09:00,3266.2277788434712,3266.2277788434712,3180.2744162423273,3208.925537109375,110300,0.0,0.0
2018-06-08 00:00:00+09:00,3180.2741203482824,3194.59967944895,3122.971883945611,3127.7470703125,117800,0.0,0.0
2018-06-11 00:00:00+09:00,3151.623046875,3170.7237926136363,3127.7471147017045,3151.623046875,72300,0.0,0.0
2018-06-12 00:00:00+09:00,3156.39811927784,3204.14998189929,3137.29737422926,3194.599609375,90600,0.0,0.0
2018-06-13 00:00:00+09:00,3204.14990234375,3237.5762053488265,3204.14990234375,3204.14990234375,28200,0.0,0.0
2018-06-14 00:00:00+09:00,3189.8249095611804,3199.3752835419023,3156.3986006286527,3165.948974609375,46500,0.0,0.0
2018-06-15 00:00:00+09:00,3194.599609375,3208.925168161435,3180.274050588565,3194.599609375,68200,0.0,0.0
2018-06-18 00:00:00+09:00,3199.375163487026,3228.0262843540736,3185.049603053502,3208.925537109375,44900,0.0,0.0
2018-06-19 00:00:00+09:00,3161.173048510036,3204.1497213749763,3132.521933266743,3137.297119140625,103500,0.0,0.0
2018-06-20 00:00:00+09:00,3084.770551315284,3142.072790658602,3056.1194316436254,3108.646484375,85100,0.0,0.0
2018-06-21 00:00:00+09:00,3079.995281331506,3132.5223326410355,3079.995281331506,3089.545654296875,63400,0.0,0.0
2018-06-22 00:00:00+09:00,3060.894539475258,3118.19677734375,3046.5689800081354,3118.19677734375,71600,0.0,0.0
2018-06-25 00:00:00+09:00,3056.119344773791,3084.7704636310455,3046.568971821373,3060.89453125,53600,0.0,0.0
2018-06-26 00:00:00+09:00,3032.243333404209,3075.220010570568,3032.243333404209,3070.44482421875,59200,0.0,0.0
2018-06-27 00:00:00+09:00,3070.4449124533403,3137.297523299914,3060.894539475258,3118.19677734375,96700,0.0,0.0
2018-06-28 00:00:00+09:00,3084.7707913059958,3089.5459782894413,3032.243734488092,3051.344482421875,59100,0.0,0.0
2018-06-29 00:00:00+09:00,3032.243328483737,3056.1192602040815,2998.817024075255,3041.793701171875,54200,0.0,0.0
2018-07-02 00:00:00+09:00,3022.6927576995095,3022.6927576995095,2888.987548828125,2888.987548828125,96800,0.0,0.0
2018-07-03 00:00:00+09:00,2888.98807556316,2908.088823170189,2833.5959075027754,2849.83154296875,90300,0.0,0.0
2018-07-04 00:00:00+09:00,2826.9102080742123,2908.0883728331,2817.359835749637,2879.437255859375,135400,0.0,0.0
2018-07-05 00:00:00+09:00,2879.4370395218266,2888.987411128864,2831.6851814866386,2834.55029296875,122000,0.0,0.0
2018-07-06 00:00:00+09:00,2847.9212201014516,2864.1568541530023,2801.124392541099,2821.18017578125,153200,0.0,0.0
2018-07-09 00:00:00+09:00,2825.955254131487,2936.7395763617174,2821.18006782846,2898.5380859375,104200,0.0,0.0
2018-07-10 00:00:00+09:00,2955.8402406288483,2960.6154268011082,2682.6995915755847,2714.2158203125,282000,0.0,0.0
2018-07-11 00:00:00+09:00,2686.5200145866297,2688.4300892503957,2622.532513350475,2640.67822265625,173200,0.0,0.0
2018-07-12 00:00:00+09:00,2645.453325115266,2674.104444159836,2611.0719822617825,2621.577392578125,106000,0.0,0.0
2018-07-13 00:00:00+09:00,2669.3293493251335,2704.6657306936595,2640.678229296599,2703.710693359375,140100,0.0,0.0
2018-07-16 00:00:00+09:00,2703.710693359375,2703.710693359375,2703.710693359375,2703.710693359375,0,0.0,0.0
2018-07-17 00:00:00+09:00,2719.946333405546,2755.28271484375,2707.530848035366,2755.28271484375,114500,0.0,0.0
2018-07-18 00:00:00+09:00,2788.7086447307993,2788.7086447307993,2723.7661146480273,2729.496337890625,110300,0.0,0.0
2018-07-19 00:00:00+09:00,2729.4969062208284,2730.4519436267838,2677.9248862992313,2685.565185546875,75900,0.0,0.0
2018-07-20 00:00:00+09:00,2674.104612720403,2697.0255094008635,2641.633342423084,2654.048828125,87000,0.0,0.0
2018-07-23 00:00:00+09:00,2672.194537997031,2678.8797995288323,2630.1728940828534,2654.048828125,75800,0.0,0.0
2018-07-24 00:00:00+09:00,2675.0592815912,2686.5197283527477,2653.0934252982343,2656.91357421875,62800,0.0,0.0
2018-07-25 00:00:00+09:00,2673.149290417087,2674.1043276769715,2656.913656999048,2664.553955078125,33300,0.0,0.0
2018-07-26 00:00:00+09:00,2681.744876137263,2719.946370099332,2671.2394652976936,2716.126220703125,66500,0.0,0.0
2018-07-27 00:00:00+09:00,2716.125893575348,2723.766191447571,2693.2049999586784,2708.485595703125,73200,0.0,0.0
2018-07-30 00:00:00+09:00,2698.935504256936,2698.935504256936,2666.4642349205114,2680.789794921875,50000,0.0,0.0
2018-07-31 00:00:00+09:00,2665.50882717654,2679.8343851871628,2639.722822757419,2655.00341796875,67500,0.0,0.0
2018-08-01 00:00:00+09:00,2660.7336808488176,2663.5987924936658,2643.54301097973,2650.228271484375,48400,0.0,0.0
2018-08-02 00:00:00+09:00,2637.813111890079,2672.194455853889,2637.813111890079,2652.138671875,42400,0.0,0.0
2018-08-03 00:00:00+09:00,2671.23945852681,2682.6999066863814,2638.768188741357,2641.63330078125,39800,0.0,0.0
2018-08-06 00:00:00+09:00,2631.1276436129683,2664.5539476153112,2619.667196526451,2624.4423828125,44700,0.0,0.0
2018-08-07 00:00:00+09:00,2619.667643020423,2619.667643020423,2592.926595260827,2606.297119140625,45900,0.0,0.0
2018-08-08 00:00:00+09:00,2606.296753376504,2626.3525363816,2602.4766042326764,2609.161865234375,54700,0.0,0.0
2018-08-09 00:00:00+09:00,2607.2518722210475,2622.532469274358,2592.9263124835693,2611.072021484375,37200,0.0,0.0
2018-08-10 00:00:00+09:00,2611.071728280265,2620.6221003661476,2571.915202728147,2575.7353515625,42500,0.0,0.0
2018-08-13 00:00:00+09:00,2559.4995751803804,2559.4995751803804,2494.557048645953,2498.377197265625,48600,0.0,0.0
2018-08-14 00:00:00+09:00,2502.1978798612413,2555.679971949878,2502.1978798612413,2550.90478515625,46400,0.0,0.0
2018-08-15 00:00:00+09:00,2550.9044091834066,2556.6346324911938,2503.152548285177,2507.927734375,35200,0.0,0.0
2018-08-16 00:00:00+09:00,2483.097083546291,2491.6924196047203,2444.895589953271,2452.535888671875,67300,0.0,0.0
2018-08-17 00:00:00+09:00,2456.355877226956,2472.591510941131,2445.8504671766073,2465.90625,41700,0.0,0.0
2018-08-20 00:00:00+09:00,2444.895256916996,2451.5805173851286,2406.693768527668,2416.244140625,49000,0.0,0.0
2018-08-21 00:00:00+09:00,2406.6941325676817,2419.1096181721973,2389.503460192198,2407.649169921875,69200,0.0,0.0
2018-08-22 00:00:00+09:00,2404.7840602490446,2447.760741230461,2403.8290228939018,2436.30029296875,64700,0.0,0.0
2018-08-23 00:00:00+09:00,2445.850591177774,2500.287718744011,2445.850591177774,2491.6923828125,63300,0.0,0.0
2018-08-24 00:00:00+09:00,2506.0176162456946,2506.0176162456946,2472.5913141997344,2495.51220703125,48700,0.0,0.0
2018-08-27 00:00:00+09:00,2494.5574598197477,2546.129474685853,2494.5574598197477,2536.5791015625,69400,0.0,0.0
2018-08-28 00:00:00+09:00,2536.5789335996956,2544.219231592466,2498.377443635845,2509.837890625,48600,0.0,0.0
2018-08-29 00:00:00+09:00,2520.3434612999663,2521.298498610046,2490.7373046875,2490.7373046875,51000,0.0,0.0
2018-08-30 00:00:00+09:00,2496.4676091735228,2500.287758537216,2470.6816009685936,2481.18701171875,84800,0.0,0.0
2018-08-31 00:00:00+09:00,2463.9958905674885,2489.7818940734273,2463.9958905674885,2464.950927734375,51300,0.0,0.0
2018-09-03 00:00:00+09:00,2482.141412681562,2526.073119100705,2466.860819144469,2523.2080078125,69900,0.0,0.0
2018-09-04 00:00:00+09:00,2511.7482088905176,2536.579179776888,2503.1528728144663,2504.10791015625,44900,0.0,0.0
2018-09-05 00:00:00+09:00,2502.197792736146,2510.793128665392,2478.321859599351,2485.962158203125,50500,0.0,0.0
2018-09-06 00:00:00+09:00,2485.9619593975935,2513.6580396213853,2484.0518848994006,2509.837890625,56100,0.0,0.0
2018-09-07 00:00:00+09:00,2492.647048502101,2512.702829352118,2460.1757842687402,2471.63623046875,53200,0.0,0.0
2018-09-10 00:00:00+09:00,2477.36702480228,2495.512735469683,2468.7716881703523,2479.277099609375,58500,0.0,0.0
2018-09-11 00:00:00+09:00,2475.456298828125,2481.186521742079,2457.3105929339376,2475.456298828125,38300,0.0,0.0
2018-09-12 00:00:00+09:00,2490.7373046875,2495.512491237898,2443.940476493601,2490.7373046875,59800,0.0,0.0
2018-09-13 00:00:00+09:00,2508.883059219251,2552.814776282093,2506.972984564345,2531.803955078125,91300,0.0,0.0
2018-09-14 00:00:00+09:00,2553.769375542535,2580.510416124132,2543.2639667426215,2578.600341796875,152800,0.0,0.0
2018-09-17 00:00:00+09:00,2578.600341796875,2578.600341796875,2578.600341796875,2578.600341796875,0,0.0,0.0
2018-09-18 00:00:00+09:00,2570.9599786802783,2633.0373927271644,2570.9599786802783,2628.26220703125,86000,0.0,0.0
2018-09-19 00:00:00+09:00,2670.284052998311,2670.284052998311,2632.082564400338,2650.228271484375,82400,0.0,0.0
2018-09-20 00:00:00+09:00,2658.8238094969292,2659.778846784823,2633.0378027237907,2643.543212890625,59200,0.0,0.0
2018-09-21 00:00:00+09:00,2655.9587441427093,2689.3850498043403,2645.453333791911,2684.60986328125,67400,0.0,0.0
2018-09-24 00:00:00+09:00,2684.60986328125,2684.60986328125,2684.60986328125,2684.60986328125,0,0.0,0.0
2018-09-25 00:00:00+09:00,2714.2160691937197,2755.2826740407745,2695.115322753229,2754.32763671875,102800,0.0,0.0
2018-09-26 00:00:00+09:00,2752.4173780161523,2862.2466627045137,2745.7321172090346,2858.426513671875,127200,0.0,0.0
2018-09-27 00:00:00+09:00,2810.674637943047,2844.100941826162,2769.608036029506,2789.663818359375,61100,0.0,0.0
2018-09-28 00:00:00+09:00,2804.9447038816875,2840.281085919012,2787.7540315392052,2825.00048828125,64400,0.0,0.0
2018-10-01 00:00:00+09:00,2826.90999568312,2849.8308875400103,2809.719326790452,2834.55029296875,148000,0.0,0.0
2018-10-02 00:00:00+09:00,2863.2019512132956,2946.290199964315,2860.3368391873983,2927.189453125,115500,0.0,0.0
2018-10-03 00:00:00+09:00,2931.964639834829,2979.716506933116,2912.863892995514,2927.189453125,56500,0.0,0.0
2018-10-04 00:00:00+09:00,2955.8406091308593,2955.8406091308593,2860.336873779297,2865.112060546875,67500,0.0,0.0
2018-10-05 00:00:00+09:00,2826.9104441478225,2869.887123197367,2826.9104441478225,2850.786376953125,81700,0.0,0.0
2018-10-08 00:00:00+09:00,2850.786376953125,2850.786376953125,2850.786376953125,2850.786376953125,0,0.0,0.0
2018-10-09 00:00:00+09:00,2784.8889165169403,2790.619140625,2756.2377959766427,2790.619140625,121000,0.0,0.0
2018-10-10 00:00:00+09:00,2790.6189436656828,2846.011106134064,2771.5181979869308,2831.685546875,77600,0.0,0.0
2018-10-11 00:00:00+09:00,2739.0469959174975,2775.3384135760975,2718.0361751677815,2730.45166015625,61200,0.0,0.0
2018-10-12 00:00:00+09:00,2721.8564008759554,2756.23774488702,2677.924683528484,2686.52001953125,67900,0.0,0.0
2018-10-15 00:00:00+09:00,2671.2393788319923,2683.6548639677862,2655.003744423646,2662.64404296875,70400,0.0,0.0
2018-10-16 00:00:00+09:00,2626.35274463611,2654.048828125,2606.296960040707,2654.048828125,124700,0.0,0.0
2018-10-17 00:00:00+09:00,2701.8004591830445,2734.2717266316918,2695.1151982377346,2722.811279296875,100900,0.0,0.0
2018-10-18 00:00:00+09:00,2736.1816803191928,2750.507238854895,2726.6313079620577,2731.406494140625,80100,0.0,0.0
2018-10-19 00:00:00+09:00,2683.6553138242703,2715.1715506058363,2674.1049390419776,2690.340576171875,80200,0.0,0.0
2018-10-22 00:00:00+09:00,2674.104737190813,2718.0364578732333,2645.4536150066256,2702.755859375,47900,0.0,0.0
2018-10-23 00:00:00+09:00,2677.924434485043,2677.924434485043,2647.3632426506915,2657.86865234375,91800,0.0,0.0
2018-10-24 00:00:00+09:00,2670.284144427544,2707.5305970858685,2670.284144427544,2697.980224609375,58400,0.0,0.0
2018-10-25 00:00:00+09:00,2626.352199978299,2634.947534450955,2572.8701188151044,2578.600341796875,72200,0.0,0.0
2018-10-26 00:00:00+09:00,2579.5558285002417,2638.7681429641493,2579.5558285002417,2594.83642578125,62000,0.0,0.0
2018-10-29 00:00:00+09:00,2599.611654361264,2659.779007125687,2594.836467633929,2607.251953125,82600,0.0,0.0
2018-10-30 00:00:00+09:00,2610.1170328399953,2692.250243533094,2610.1170328399953,2686.52001953125,91200,0.0,0.0
2018-10-31 00:00:00+09:00,2734.271484375,2740.956744727995,2688.4296990973194,2734.271484375,60800,0.0,0.0
2018-11-01 00:00:00+09:00,2715.170816627618,2737.1366726889737,2702.7553327668516,2713.2607421875,55500,0.0,0.0
2018-11-02 00:00:00+09:00,2707.530848035366,2756.2377521799176,2706.5758106991984,2755.28271484375,49400,0.0,0.0
2018-11-05 00:00:00+09:00,2736.181763206067,2760.0576948221756,2710.3957570606694,2739.046875,51400,0.0,0.0
2018-11-06 00:00:00+09:00,2760.0575446952325,2798.259033203125,2757.1924330571405,2798.259033203125,44300,0.0,0.0
2018-11-07 00:00:00+09:00,2798.2591102736524,2814.4947433366738,2767.6979186256126,2777.248291015625,53800,0.0,0.0
2018-11-08 00:00:00+09:00,2814.4949138750053,2842.1909954842267,2794.439130640742,2815.449951171875,43400,0.0,0.0
2018-11-09 00:00:00+09:00,2825.9549585224163,2850.785924700714,2805.8991781476375,2834.55029296875,35200,0.0,0.0
2018-11-12 00:00:00+09:00,2833.595665564904,2879.4374559077132,2815.4499568875417,2855.5615234375,48800,0.0,0.0
2018-11-13 00:00:00+09:00,2810.6745196354786,2819.2698545579115,2776.293179945748,2809.719482421875,53800,0.0,0.0
2018-11-14 00:00:00+09:00,2809.7196857202057,2857.471549855491,2797.3042010450313,2808.7646484375,63500,0.0,0.0
2018-11-15 00:00:00+09:00,2808.764506523245,2917.6387512507695,2808.764506523245,2908.08837890625,92300,0.0,0.0
2018-11-16 00:00:00+09:00,2908.088332826728,2912.8635189233237,2864.1566207380483,2884.21240234375,33800,0.0,0.0
2018-11-19 00:00:00+09:00,2922.4140576655323,2927.1892440342667,2884.212566715656,2893.762939453125,35000,0.0,0.0
2018-11-20 00:00:00+09:00,2893.763098739003,2903.313472002168,2855.561605686343,2863.201904296875,50900,0.0,0.0
2018-11-21 00:00:00+09:00,2815.449747928323,2834.55049248686,2786.798631090518,2816.40478515625,46900,0.0,0.0
2018-11-22 00:00:00+09:00,2807.809575244634,2836.460693359375,2776.2933453184187,2836.460693359375,44600,0.0,0.0
2018-11-23 00:00:00+09:00,2836.460693359375,2836.460693359375,2836.460693359375,2836.460693359375,0,0.0,0.0
2018-11-26 00:00:00+09:00,2828.820314798567,2851.7412086389336,2817.3598678783837,2840.28076171875,42500,0.0,0.0
2018-11-27 00:00:00+09:00,2855.5614029546305,2884.2125207100285,2838.370732301392,2864.15673828125,98900,0.0,0.0
2018-11-28 00:00:00+09:00,2865.117507721657,2901.6280594632476,2865.117507721657,2892.02001953125,56500,18.0,0.0
2018-11-29 00:00:00+09:00,2920.844482421875,2940.060564543072,2906.4324208309777,2920.844482421875,80900,0.0,0.0
2018-11-30 00:00:00+09:00,2925.648275002524,2983.296516874495,2896.8241540665385,2973.6884765625,80700,0.0,0.0
2018-12-03 00:00:00+09:00,2978.492610519827,3007.3167325571158,2964.0805495011828,2983.296630859375,76600,0.0,0.0
2018-12-04 00:00:00+09:00,2968.8846039266414,2988.1006855054547,2940.0604815584215,2944.864501953125,85600,0.0,0.0
2018-12-05 00:00:00+09:00,2881.45124194653,2978.492447493912,2861.274357624797,2959.2763671875,77500,0.0,0.0
2018-12-06 00:00:00+09:00,2916.040088691086,2959.276267930328,2906.4320488601434,2930.4521484375,86300,0.0,0.0
2018-12-07 00:00:00+09:00,2920.8443831037275,2968.884586773197,2911.236342369834,2964.08056640625,90700,0.0,0.0
2018-12-10 00:00:00+09:00,2896.8238454771435,2930.4519829868286,2892.019825832903,2906.431884765625,63400,0.0,0.0
2018-12-11 00:00:00+09:00,2930.4522133813116,2944.8642734471214,2872.8039731180725,2925.648193359375,225400,0.0,0.0
2018-12-12 00:00:00+09:00,2920.8445479818783,2968.884754363159,2887.2164035149817,2916.04052734375,80000,0.0,0.0
2018-12-13 00:00:00+09:00,2916.040103924943,2940.0602036277846,2901.628044103238,2911.236083984375,105800,0.0,0.0
2018-12-14 00:00:00+09:00,2911.2361738788813,2911.2361738788813,2843.0190886163728,2846.8623046875,138400,0.0,0.0
2018-12-17 00:00:00+09:00,2846.86217435048,2846.86217435048,2793.0571518180377,2794.978759765625,74400,0.0,0.0
2018-12-18 00:00:00+09:00,2722.9186826496452,2739.2523515293365,2650.858378768656,2659.505615234375,64600,0.0,0.0
2018-12-19 00:00:00+09:00,2666.2311879412587,2684.486464543379,2616.2693782933507,2623.955810546875,67800,0.0,0.0
2018-12-20 00:00:00+09:00,2598.0140476473384,2619.151735904824,2513.463294617395,2526.91455078125,56300,0.0,0.0
2018-12-21 00:00:00+09:00,2526.914482116699,2574.9546813964844,2452.93257522583,2459.658203125,81000,0.0,0.0
2018-12-24 00:00:00+09:00,2459.658203125,2459.658203125,2459.658203125,2459.658203125,0,0.0,0.0
2018-12-25 00:00:00+09:00,2435.6381950519763,2435.6381950519763,2322.2633204893987,2333.79296875,59600,0.0,0.0
2018-12-26 00:00:00+09:00,2381.833455224394,2433.7168786137113,2366.460589034967,2399.1279296875,106800,0.0,0.0
2018-12-27 00:00:00+09:00,2495.20800991401,2581.680370673448,2490.403989871819,2567.268310546875,77400,0.0,0.0
2018-12-28 00:00:00+09:00,2550.934362834631,2550.934362834631,2522.1102457404545,2533.639892578125,77300,0.0,0.0
2018-12-31 00:00:00+09:00,2533.639892578125,2533.639892578125,2533.639892578125,2533.639892578125,0,0.0,0.0
2019-01-04 00:00:00+09:00,2498.090370045588,2572.0722771584765,2494.2471540916713,2542.287353515625,79900,0.0,0.0
2019-01-07 00:00:00+09:00,2622.034347590904,2655.662490561106,2572.072535178032,2584.56298828125,62900,0.0,0.0
2019-01-08 00:00:00+09:00,2583.6020639159788,2593.210104317303,2538.444274029757,2553.817138671875,66400,0.0,0.0
2019-01-09 00:00:00+09:00,2605.7003975209177,2626.8380851114266,2590.3275338187295,2612.426025390625,62900,0.0,0.0
2019-01-10 00:00:00+09:00,2599.9357293117796,2599.9357293117796,2538.4442708210354,2543.248291015625,62100,0.0,0.0
2019-01-11 00:00:00+09:00,2591.288486328125,2591.288486328125,2522.110595703125,2522.110595703125,80100,0.0,0.0
2019-01-15 00:00:00+09:00,2559.582082074814,2605.700678148234,2537.483588122967,2584.56298828125,120000,0.0,0.0
2019-01-16 00:00:00+09:00,2709.467339916764,2777.6844254253065,2663.3487468969042,2672.956787109375,172500,0.0,0.0
2019-01-17 00:00:00+09:00,2660.4664469040154,2672.9568997063816,2571.1116691640104,2599.935791015625,119500,0.0,0.0
2019-01-18 00:00:00+09:00,2522.1103329321786,2543.2480195319913,2508.659077823207,2530.757568359375,193700,0.0,0.0
2019-01-21 00:00:00+09:00,2541.3265266360745,2563.4250181720404,2530.757682858004,2540.36572265625,69100,0.0,0.0
2019-01-22 00:00:00+09:00,2568.2290307199078,2591.288326169694,2565.3466187886843,2580.719482421875,46300,0.0,0.0
2019-01-23 00:00:00+09:00,2544.2089727101998,2583.601936411528,2538.444148753908,2573.993896484375,52200,0.0,0.0
2019-01-24 00:00:00+09:00,2576.8762665135773,2600.8963659404376,2568.2290307199078,2580.719482421875,33800,0.0,0.0
2019-01-25 00:00:00+09:00,2565.346645314237,2614.3476486516997,2558.621017405173,2593.2099609375,49600,0.0,0.0
2019-01-28 00:00:00+09:00,2594.1708885510407,2594.1708885510407,2557.6603353047667,2562.46435546875,34900,0.0,0.0
2019-01-29 00:00:00+09:00,2562.4642559504873,2595.131591796875,2560.542647959523,2595.131591796875,37300,0.0,0.0
2019-01-30 00:00:00+09:00,2595.1314770299145,2608.582732371795,2569.189770299145,2585.5234375,70700,0.0,0.0
2019-01-31 00:00:00+09:00,2608.583101218167,2626.83837890625,2561.50370086469,2626.83837890625,51500,0.0,0.0
2019-02-01 00:00:00+09:00,2626.838183877944,2671.0351686834983,2617.2301437028236,2641.250244140625,54500,0.0,0.0
2019-02-04 00:00:00+09:00,2671.0353488116198,2744.0564590669014,2669.113740647007,2728.68359375,72100,0.0,0.0
2019-02-05 00:00:00+09:00,2730.605150516946,2783.449374049118,2694.094596076537,2703.70263671875,67600,0.0,0.0
2019-02-06 00:00:00+09:00,2683.5255781597257,2683.5255781597257,2645.093418071509,2647.975830078125,47600,0.0,0.0
2019-02-07 00:00:00+09:00,2658.54469703193,2670.0743451578364,2628.759772706672,2649.8974609375,27100,0.0,0.0
2019-02-08 00:00:00+09:00,2626.8382969656127,2669.1136755561342,2622.9950807301107,2650.8583984375,66000,0.0,0.0
2019-02-12 00:00:00+09:00,2690.251557511529,2723.879701980423,2666.2314543194616,2708.5068359375,82000,0.0,0.0
2019-02-13 00:00:00+09:00,2756.546897704823,2763.272526245755,2736.370012082027,2758.468505859375,52700,0.0,0.0
2019-02-14 00:00:00+09:00,2754.625130060214,2769.9979944065562,2733.487441583993,2745.01708984375,31900,0.0,0.0
2019-02-15 00:00:00+09:00,2707.5457104791485,2743.095458984375,2694.0944542879815,2743.095458984375,27500,0.0,0.0
2019-02-18 00:00:00+09:00,2782.488460336953,2787.29248046875,2765.193987862483,2787.29248046875,57700,0.0,0.0
2019-02-19 00:00:00+09:00,2759.429468154246,2790.1752003899483,2759.429468154246,2771.919921875,34200,0.0,0.0
2019-02-20 00:00:00+09:00,2767.115637957844,2796.900563227529,2762.311617753056,2780.56689453125,33700,0.0,0.0
2019-02-21 00:00:00+09:00,2771.9198085088315,2789.2142821841035,2758.4685512058422,2762.311767578125,25400,0.0,0.0
2019-02-22 00:00:00+09:00,2736.369754819597,2742.1345787412674,2709.4672431851345,2716.19287109375,37600,0.0,0.0
2019-02-25 00:00:00+09:00,2720.0361364204896,2730.60498046875,2697.9376443195815,2730.60498046875,34000,0.0,0.0
2019-02-26 00:00:00+09:00,2725.801226780887,2744.056504647943,2720.036402191291,2732.52685546875,28900,0.0,0.0
2019-02-27 00:00:00+09:00,2733.487324050377,2794.0179748114224,2727.722500168373,2786.33154296875,54600,0.0,0.0
2019-02-28 00:00:00+09:00,2785.371121229393,2818.999265155929,2769.037451322218,2808.430419921875,36700,0.0,0.0
2019-03-01 00:00:00+09:00,2810.352030561014,2826.685700482223,2776.723886605583,2818.999267578125,50900,0.0,0.0
2019-03-04 00:00:00+09:00,2818.9991995389346,2834.372064976093,2791.135880934085,2813.234375,33600,0.0,0.0
2019-03-05 00:00:00+09:00,2774.8020247621107,2802.665341492755,2764.2331804849696,2776.7236328125,31600,0.0,0.0
2019-03-06 00:00:00+09:00,2767.116055135558,2772.8808802504236,2742.135146304473,2764.233642578125,35400,0.0,0.0
2019-03-07 00:00:00+09:00,2746.938610071569,2775.7627297994973,2727.72253025295,2747.8994140625,66700,0.0,0.0
2019-03-08 00:00:00+09:00,2706.584947555107,2716.192987837518,2655.6623340583305,2664.3095703125,69800,0.0,0.0
2019-03-11 00:00:00+09:00,2661.427223337868,2673.917676010573,2642.2111423029373,2659.505615234375,25900,0.0,0.0
2019-03-12 00:00:00+09:00,2694.0944318480547,2752.7034761928235,2694.0944318480547,2741.173828125,25200,0.0,0.0
2019-03-13 00:00:00+09:00,2729.6443922856415,2740.213237169535,2694.0946413125444,2707.5458984375,16400,0.0,0.0
2019-03-14 00:00:00+09:00,2704.663261503204,2716.192909509612,2689.29039749466,2698.8984375,16700,0.0,0.0
2019-03-15 00:00:00+09:00,2679.6825801072346,2730.6051963659957,2679.6825801072346,2707.5458984375,53900,0.0,0.0
2019-03-18 00:00:00+09:00,2705.6243407172997,2734.448463665282,2696.016299734639,2732.52685546875,21700,0.0,0.0
2019-03-19 00:00:00+09:00,2715.2323282892103,2715.2323282892103,2687.369009987587,2696.97705078125,25700,0.0,0.0
2019-03-20 00:00:00+09:00,2679.6823584606955,2679.6823584606955,2624.9165304104054,2637.406982421875,88600,0.0,0.0
2019-03-22 00:00:00+09:00,2644.1326857194376,2675.839218651393,2642.2110776629556,2664.3095703125,47900,0.0,0.0
2019-03-25 00:00:00+09:00,2632.6031260870827,2632.6031260870827,2588.406139298759,2589.366943359375,50900,0.0,0.0
2019-03-26 00:00:00+09:00,2611.4656323497143,2687.369158823455,2611.4656323497143,2668.153076171875,54900,0.0,0.0
2019-03-27 00:00:00+09:00,2696.976936872235,2727.722666113386,2684.486484368017,2687.368896484375,59000,0.0,0.0
2019-03-28 00:00:00+09:00,2622.9951461037062,2626.8383624349935,2557.660468471819,2563.42529296875,97300,0.0,0.0
2019-03-29 00:00:00+09:00,2563.42541283495,2584.563103645433,2493.2867115092563,2500.97314453125,145600,0.0,0.0
2019-04-01 00:00:00+09:00,2518.2675248373403,2520.1891330211156,2459.6584752321983,2482.7177734375,177000,0.0,0.0
2019-04-02 00:00:00+09:00,2517.3064500024207,2555.738609544442,2480.7958984375,2480.7958984375,120100,0.0,0.0
2019-04-03 00:00:00+09:00,2454.854270866433,2464.462311065519,2432.7557784085357,2456.77587890625,70400,0.0,0.0
2019-04-04 00:00:00+09:00,2476.9528157363047,2509.6201531044326,2456.775930891284,2481.7568359375,64400,0.0,0.0
2019-04-05 00:00:00+09:00,2497.1295392670118,2501.933559157868,2456.77577218382,2468.305419921875,103500,0.0,0.0
2019-04-08 00:00:00+09:00,2468.305427361063,2480.7958791149335,2417.382816364513,2427.95166015625,85800,0.0,0.0
2019-04-09 00:00:00+09:00,2416.4223382036557,2416.4223382036557,2388.559018995741,2403.931884765625,58900,0.0,0.0
2019-04-10 00:00:00+09:00,2397.2060420262087,2436.5990070454773,2396.2452380013483,2426.990966796875,43600,0.0,0.0
2019-04-11 00:00:00+09:00,2426.0302705241274,2451.0111762800193,2409.6966013760443,2415.46142578125,46300,0.0,0.0
2019-04-12 00:00:00+09:00,2409.696210701235,2415.461034171812,2375.107269877772,2382.793701171875,90500,0.0,0.0
2019-04-15 00:00:00+09:00,2419.304957187992,2447.168278775939,2418.344152995304,2442.3642578125,70900,0.0,0.0
2019-04-16 00:00:00+09:00,2445.246428546838,2460.619294109412,2435.63838757023,2452.932861328125,69600,0.0,0.0
2019-04-17 00:00:00+09:00,2463.501345989604,2468.305365775075,2443.324462890625,2443.324462890625,81800,0.0,0.0
2019-04-18 00:00:00+09:00,2435.6379117670745,2445.2459508667475,2416.4218335677288,2423.1474609375,59000,0.0,0.0
2019-04-19 00:00:00+09:00,2448.128180714889,2448.128180714889,2409.696027171484,2418.34326171875,45600,0.0,0.0
2019-04-22 00:00:00+09:00,2418.3437597656252,2451.0110970052083,2412.578935546875,2450.05029296875,58000,0.0,0.0
2019-04-23 00:00:00+09:00,2464.4625156439624,2476.9529689396236,2450.0504541489686,2474.070556640625,70900,0.0,0.0
2019-04-24 00:00:00+09:00,2479.835419396388,2485.60024408309,2443.324863047274,2446.207275390625,83200,0.0,0.0
2019-04-25 00:00:00+09:00,2448.1286234807335,2473.1095278019657,2448.1286234807335,2465.423095703125,80800,0.0,0.0
2019-04-26 00:00:00+09:00,2454.8542288127073,2473.109504878242,2449.089404792012,2463.50146484375,125800,0.0,0.0
2019-05-07 00:00:00+09:00,2471.1877940634663,2497.129501077352,2471.1877940634663,2485.599853515625,123400,0.0,0.0
2019-05-08 00:00:00+09:00,2457.7365412422305,2464.462168993871,2426.0300104130697,2434.67724609375,157000,0.0,0.0
2019-05-09 00:00:00+09:00,2392.402228057602,2405.853485564753,2371.2645376892215,2372.225341796875,306800,0.0,0.0
2019-05-10 00:00:00+09:00,2348.2051070103576,2391.441289422578,2337.6362624207036,2371.264404296875,216100,0.0,0.0
2019-05-13 00:00:00+09:00,2369.3427506483995,2397.206067667379,2347.2442578402433,2367.421142578125,137800,0.0,0.0
2019-05-14 00:00:00+09:00,2316.498185318755,2343.4006943145764,2305.9293424989683,2328.02783203125,118300,0.0,0.0
2019-05-15 00:00:00+09:00,2319.380924438629,2335.714592920591,2306.8904720700693,2314.576904296875,180200,0.0,0.0
2019-05-16 00:00:00+09:00,2320.3420122931984,2321.3028164390757,2270.380196707589,2286.7138671875,199300,0.0,0.0
2019-05-17 00:00:00+09:00,2286.713571685879,2341.479400923734,2279.9879435338617,2333.79296875,206400,0.0,0.0
2019-05-20 00:00:00+09:00,2328.028297622851,2363.578048762779,2320.3418649439477,2326.106689453125,260800,0.0,0.0
2019-05-21 00:00:00+09:00,2315.537827494495,2356.852402839833,2310.7338071055024,2345.32275390625,141000,0.0,0.0
2019-05-22 00:00:00+09:00,2353.969922075526,2366.460374723274,2339.557861328125,2339.557861328125,391900,0.0,0.0
2019-05-23 00:00:00+09:00,2335.714645128818,2380.872435470675,2334.753841078991,2339.557861328125,197700,0.0,0.0
2019-05-24 00:00:00+09:00,2326.1067549345507,2336.675600165563,2305.929868584437,2321.302734375,249800,0.0,0.0
2019-05-27 00:00:00+09:00,2322.263206504011,2335.714462147808,2309.7727548347716,2324.184814453125,338700,0.0,0.0
2019-05-28 00:00:00+09:00,2305.929674645208,2353.009072169214,2305.929674645208,2335.714599609375,746200,0.0,0.0
2019-05-29 00:00:00+09:00,2303.7716529482886,2313.4513657758025,2266.988744203736,2276.66845703125,507100,18.0,0.0
2019-05-30 00:00:00+09:00,2259.245065745805,2278.6044921875,2227.3020121170084,2278.6044921875,146200,0.0,0.0
2019-05-31 00:00:00+09:00,2263.1168130333504,2302.803634818794,2259.2449279811117,2275.700439453125,112100,0.0,0.0
2019-06-03 00:00:00+09:00,2244.7255929428197,2320.227359328995,2240.8537074871188,2260.213134765625,180600,0.0,0.0
2019-06-04 00:00:00+09:00,2270.8607344548213,2275.700591092619,2240.8536233004734,2273.7646484375,78000,0.0,0.0
2019-06-05 00:00:00+09:00,2313.451135330042,2332.810559056653,2293.1237404170997,2327.970703125,115000,0.0,0.0
2019-06-06 00:00:00+09:00,2340.5546077062163,2347.3304068186826,2319.2592390670366,2333.77880859375,78800,0.0,0.0
2019-06-07 00:00:00+09:00,2344.4260718408223,2356.0417253759542,2329.906504921907,2345.39404296875,46600,0.0,0.0
2019-06-10 00:00:00+09:00,2361.8500051271535,2384.1133453394173,2351.2023206778094,2359.9140625,94000,0.0,0.0
2019-06-11 00:00:00+09:00,2361.8498747322524,2384.113213715384,2344.426392049801,2372.49755859375,75700,0.0,0.0
2019-06-12 00:00:00+09:00,2376.3691853726154,2409.280204640505,2374.4332430627396,2397.66455078125,74500,0.0,0.0
2019-06-13 00:00:00+09:00,2415.0883155407505,2415.0883155407505,2359.9139532217837,2383.145263671875,80300,0.0,0.0
2019-06-14 00:00:00+09:00,2389.921142578125,2405.4086833967763,2375.4015730606393,2389.921142578125,63400,0.0,0.0
2019-06-17 00:00:00+09:00,2389.9208277963266,2405.4083665750795,2381.209087233278,2398.632568359375,60400,0.0,0.0
2019-06-18 00:00:00+09:00,2394.760803995253,2412.1842859968356,2363.785724881329,2370.5615234375,51200,0.0,0.0
2019-06-19 00:00:00+09:00,2391.857276901178,2415.088589991274,2385.0814772498998,2409.28076171875,59200,0.0,0.0
2019-06-20 00:00:00+09:00,2419.9283151603718,2433.47991372527,2409.2806305736663,2421.8642578125,46600,0.0,0.0
2019-06-21 00:00:00+09:00,2421.863747785931,2421.863747785931,2384.112874019484,2390.888671875,63700,0.0,0.0
2019-06-24 00:00:00+09:00,2390.8892596572923,2417.9924577424763,2385.0814314961817,2408.312744140625,45100,0.0,0.0
2019-06-25 00:00:00+09:00,2409.280099388861,2447.0309727822582,2393.7925615864415,2400.568359375,97100,0.0,0.0
2019-06-26 00:00:00+09:00,2400.5684522310635,2417.0239617826473,2387.984827279852,2402.50439453125,38700,0.0,0.0
2019-06-27 00:00:00+09:00,2414.120390477799,2443.159529096217,2407.344591466835,2440.255615234375,92900,0.0,0.0
2019-06-28 00:00:00+09:00,2444.127290013943,2450.9030884417048,2421.863952322727,2446.063232421875,73000,0.0,0.0
2019-07-01 00:00:00+09:00,2461.5509873092687,2476.070556640625,2443.159532822884,2476.070556640625,88900,0.0,0.0
2019-07-02 00:00:00+09:00,2470.262795628648,2487.686279296875,2456.711197220027,2487.686279296875,66800,0.0,0.0
2019-07-03 00:00:00+09:00,2484.7825169073085,2487.6864310291326,2467.3590321763654,2485.75048828125,57900,0.0,0.0
2019-07-04 00:00:00+09:00,2492.5259590887636,2501.237700304996,2478.0063903950427,2499.3017578125,64700,0.0,0.0
2019-07-05 00:00:00+09:00,2502.2057053626413,2508.9815041779366,2487.6861364727224,2505.109619140625,63000,0.0,0.0
2019-07-08 00:00:00+09:00,2515.757439502068,2516.725410813919,2372.497685348045,2472.19873046875,141800,0.0,0.0
2019-07-09 00:00:00+09:00,2457.6789458853546,2495.429823746532,2390.8889312078873,2442.19140625,154900,0.0,0.0
2019-07-10 00:00:00+09:00,2438.3194627901476,2451.8710596456704,2421.863952322727,2446.063232421875,90300,0.0,0.0
2019-07-11 00:00:00+09:00,2448.9672048404677,2471.23054306629,2435.4156076595323,2442.19140625,91600,0.0,0.0
2019-07-12 00:00:00+09:00,2439.2874490828667,2455.7429596520765,2416.0561400439824,2420.89599609375,84900,0.0,0.0
2019-07-16 00:00:00+09:00,2419.928016603086,2484.7820874480485,2406.3764197101086,2481.878173828125,96800,0.0,0.0
2019-07-17 00:00:00+09:00,2477.0384390024037,2477.0384390024037,2440.2555313501603,2453.80712890625,93100,0.0,0.0
2019-07-18 00:00:00+09:00,2432.5118198417913,2432.5118198417913,2391.8570261954105,2393.79296875,106600,0.0,0.0
2019-07-19 00:00:00+09:00,2387.0168647962983,2448.9670186271833,2386.0488936426905,2438.3193359375,78400,0.0,0.0
2019-07-22 00:00:00+09:00,2428.639778137207,2428.639778137207,2399.6006416907676,2416.05615234375,76100,0.0,0.0
2019-07-23 00:00:00+09:00,2416.0565160891088,2456.711313234839,2408.312745204208,2444.127685546875,54200,0.0,0.0
2019-07-24 00:00:00+09:00,2447.031665625,2447.031665625,2412.1846957031253,2419.928466796875,46300,0.0,0.0
2019-07-25 00:00:00+09:00,2427.671850178713,2444.1273611249007,2421.864022785941,2437.3515625,35800,0.0,0.0
2019-07-26 00:00:00+09:00,2424.768323730469,2434.4480375976564,2401.537010449219,2419.928466796875,58600,0.0,0.0
2019-07-29 00:00:00+09:00,2420.8960084181567,2434.447605426495,2404.4404977651743,2416.05615234375,42400,0.0,0.0
2019-07-30 00:00:00+09:00,2424.768323730469,2443.159780078125,2406.3768673828126,2419.928466796875,61400,0.0,0.0
2019-07-31 00:00:00+09:00,2381.2091944911367,2406.37644614023,2375.4013671875,2375.4013671875,98500,0.0,0.0
2019-08-01 00:00:00+09:00,2344.4260837501292,2366.6894198055597,2312.4830363662504,2340.55419921875,105900,0.0,0.0
2019-08-02 00:00:00+09:00,2296.0279889713706,2323.1311861430395,2255.3731932138676,2273.7646484375,131600,0.0,0.0
2019-08-05 00:00:00+09:00,2265.052852467035,2273.7645942072927,2214.718344634434,2257.30908203125,84400,0.0,0.0
2019-08-06 00:00:00+09:00,2197.294626075022,2236.9814453125,2171.1594036503407,2236.9814453125,65500,0.0,0.0
2019-08-07 00:00:00+09:00,2224.3976916314814,2257.3087105677173,2218.589864760381,2249.56494140625,41400,0.0,0.0
2019-08-08 00:00:00+09:00,2250.533334276668,2255.373190909521,2229.237965092115,2237.94970703125,30900,0.0,0.0
2019-08-09 00:00:00+09:00,2254.4052456508607,2255.373216988624,2227.302048193487,2228.27001953125,43700,0.0,0.0
2019-08-13 00:00:00+09:00,2198.262821400045,2213.750362193705,2170.1916537115376,2206.006591796875,69400,0.0,0.0
2019-08-14 00:00:00+09:00,2233.109774256445,2266.98876953125,2217.622233559391,2266.98876953125,57600,0.0,0.0
2019-08-15 00:00:00+09:00,2224.3979870749836,2224.3979870749836,2192.4549350412694,2209.87841796875,42100,0.0,0.0
2019-08-16 00:00:00+09:00,2207.9425343960825,2224.3980464893457,2199.230792699649,2206.006591796875,30300,0.0,0.0
2019-08-19 00:00:00+09:00,2223.4298484997025,2243.7572437188987,2221.4939060978745,2236.9814453125,52400,0.0,0.0
2019-08-20 00:00:00+09:00,2239.8855191532257,2250.533203125,2228.2698639112905,2250.533203125,46800,0.0,0.0
2019-08-21 00:00:00+09:00,2226.3338631957117,2254.405029296875,2202.134582074019,2254.405029296875,71300,0.0,0.0
2019-08-22 00:00:00+09:00,2268.9249366554054,2274.732764991554,2237.949852195946,2256.34130859375,36400,0.0,0.0
2019-08-23 00:00:00+09:00,2263.1167793843283,2280.540261860341,2263.1167793843283,2269.892578125,41200,0.0,0.0
2019-08-26 00:00:00+09:00,2227.302035288321,2239.885662606334,2214.718407970308,2233.10986328125,58800,0.0,0.0
2019-08-27 00:00:00+09:00,2248.597537478885,2269.8929080447633,2233.1099952491554,2256.34130859375,69800,0.0,0.0
2019-08-28 00:00:00+09:00,2256.3410434065195,2257.309014682112,2227.301905138739,2245.693359375,47000,0.0,0.0
2019-08-29 00:00:00+09:00,2264.084901856094,2271.828672362656,2228.2699632632443,2267.956787109375,62900,0.0,0.0
2019-08-30 00:00:00+09:00,2300.867835069989,2317.3233475631273,2283.444351253725,2314.41943359375,84500,0.0,0.0
2019-09-02 00:00:00+09:00,2330.8751723345586,2332.8111151687235,2296.02820131959,2303.77197265625,86000,0.0,0.0
2019-09-03 00:00:00+09:00,2299.899729681559,2299.899729681559,2271.8285629472302,2291.18798828125,39800,0.0,0.0
2019-09-04 00:00:00+09:00,2274.7324807767877,2282.4762509241127,2259.2449404821373,2270.860595703125,43700,0.0,0.0
2019-09-05 00:00:00+09:00,2294.0918980890783,2337.65060501482,2284.412185438913,2311.515380859375,53700,0.0,0.0
2019-09-06 00:00:00+09:00,2315.387334209543,2315.387334209543,2261.180941769855,2266.98876953125,61500,0.0,0.0
2019-09-09 00:00:00+09:00,2254.405294698379,2300.867919921875,2254.405294698379,2300.867919921875,57300,0.0,0.0
2019-09-10 00:00:00+09:00,2316.3554298172758,2340.5547134551493,2299.8999169435215,2330.875,66000,0.0,0.0
2019-09-11 00:00:00+09:00,2358.9459522787793,2362.8178373050882,2332.8107283511936,2357.010009765625,60700,0.0,0.0
2019-09-12 00:00:00+09:00,2357.009917046374,2385.0810823828606,2346.3622336428793,2355.073974609375,60300,0.0,0.0
2019-09-13 00:00:00+09:00,2379.2736617861156,2379.2736617861156,2341.522777811478,2368.6259765625,95000,0.0,0.0
2019-09-17 00:00:00+09:00,2371.529700539329,2386.0492701344674,2363.7859300885884,2385.081298828125,63000,0.0,0.0
2019-09-18 00:00:00+09:00,2385.081122526252,2405.4085184568735,2362.8177841260476,2396.69677734375,68200,0.0,0.0
2019-09-19 00:00:00+09:00,2408.3121383964044,2462.518520932658,2408.3121383964044,2436.38330078125,78600,0.0,0.0
2019-09-20 00:00:00+09:00,2448.9673695768956,2450.903312161541,2427.672001145792,2435.415771484375,56000,0.0,0.0
2019-09-24 00:00:00+09:00,2451.871042247141,2491.557861328125,2451.871042247141,2491.557861328125,83500,0.0,0.0
2019-09-25 00:00:00+09:00,2492.52596270149,2492.52596270149,2466.390739014911,2478.974365234375,49900,0.0,0.0
2019-09-26 00:00:00+09:00,2486.718101187928,2503.173612172823,2467.3586764998167,2473.16650390625,96700,0.0,0.0
2019-09-27 00:00:00+09:00,2477.038537054259,2477.038537054259,2406.3766327146886,2435.415771484375,83400,0.0,0.0
2019-09-30 00:00:00+09:00,2412.184402126736,2455.7431092277407,2407.34454578218,2439.28759765625,95900,0.0,0.0
2019-10-01 00:00:00+09:00,2433.4797700427825,2440.2555689251612,2401.536718168713,2439.28759765625,81100,0.0,0.0
2019-10-02 00:00:00+09:00,2439.287828743812,2459.615227316677,2432.5120292195234,2444.127685546875,100700,0.0,0.0
2019-10-03 00:00:00+09:00,2398.632521936188,2399.600493091126,2372.497300752864,2397.66455078125,117700,0.0,0.0
2019-10-04 00:00:00+09:00,2400.5691245977473,2406.376953125,2373.465924803902,2406.376953125,89400,0.0,0.0
2019-10-07 00:00:00+09:00,2408.3124836851134,2434.4477075836253,2387.0171160641034,2433.479736328125,71700,0.0,0.0
2019-10-08 00:00:00+09:00,2425.736191060224,2472.198815629614,2419.92836298905,2458.647216796875,72700,0.0,0.0
2019-10-09 00:00:00+09:00,2432.512062714479,2488.654402403074,2417.9924921053594,2485.75048828125,88000,0.0,0.0
2019-10-10 00:00:00+09:00,2495.429952669346,2521.565177154246,2481.8783547882867,2506.07763671875,126100,0.0,0.0
2019-10-11 00:00:00+09:00,2521.5651770614436,2583.515338801149,2504.1416940721515,2562.219970703125,116700,0.0,0.0
2019-10-15 00:00:00+09:00,2588.355245431797,2633.849896342528,2588.355245431797,2599.0029296875,89900,0.0,0.0
2019-10-16 00:00:00+09:00,2619.3302009540675,2657.0810796817873,2592.227005970064,2647.4013671875,124800,0.0,0.0
2019-10-17 00:00:00+09:00,2647.401274462301,2661.920842695184,2634.8176486604693,2645.46533203125,90500,0.0,0.0
2019-10-18 00:00:00+09:00,2656.11294921875,2676.4403442382813,2611.5862744140622,2613.522216796875,72900,0.0,0.0
2019-10-21 00:00:00+09:00,2613.522431615594,2646.4334548285315,2613.522431615594,2643.529541015625,53400,0.0,0.0
2019-10-23 00:00:00+09:00,2661.921140148417,2661.921140148417,2610.6186599928296,2626.106201171875,54000,0.0,0.0
2019-10-24 00:00:00+09:00,2627.0740504712535,2627.0740504712535,2594.163026994458,2598.034912109375,61300,0.0,0.0
2019-10-25 00:00:00+09:00,2604.81045408522,2615.4581371008044,2586.419001603756,2602.87451171875,49300,0.0,0.0
2019-10-28 00:00:00+09:00,2602.8746167919303,2617.394185126582,2586.419106012658,2599.970703125,42700,0.0,0.0
2019-10-29 00:00:00+09:00,2619.3301027563984,2629.9777861009366,2600.9386497067417,2609.650390625,56000,0.0,0.0
2019-10-30 00:00:00+09:00,2590.29117536013,2613.522486349907,2587.387261486408,2603.8427734375,88300,0.0,0.0
2019-10-31 00:00:00+09:00,2620.2981795613046,2623.202093317745,2600.9387545183695,2606.74658203125,39700,0.0,0.0
2019-11-01 00:00:00+09:00,2595.1307422528707,2608.6823388181597,2583.5150880540514,2602.87451171875,49300,0.0,0.0
2019-11-05 00:00:00+09:00,2630.94593523298,2711.2875513567246,2630.94593523298,2710.319580078125,102900,0.0,0.0
2019-11-06 00:00:00+09:00,2729.6787252678732,2729.6787252678732,2690.959878100953,2704.511474609375,47800,0.0,0.0
2019-11-07 00:00:00+09:00,2704.511706189711,2719.031275120579,2688.056194734727,2709.3515625,61400,0.0,0.0
2019-11-08 00:00:00+09:00,2729.6791169004414,2731.6150595365407,2667.728952545254,2687.08837890625,70700,0.0,0.0
2019-11-11 00:00:00+09:00,2695.799956189785,2708.3835825562005,2683.2163298233695,2693.864013671875,48800,0.0,0.0
2019-11-12 00:00:00+09:00,2701.6077711852413,2711.2874837297963,2686.1202311139537,2698.703857421875,53000,0.0,0.0
2019-11-13 00:00:00+09:00,2689.992517553402,2689.992517553402,2670.633089575328,2676.44091796875,51300,0.0,0.0
2019-11-14 00:00:00+09:00,2661.9208551222277,2667.7286824424946,2628.0418624206723,2640.62548828125,45400,0.0,0.0
2019-11-15 00:00:00+09:00,2650.3052684477643,2671.600635834854,2646.433383468294,2652.2412109375,40900,0.0,0.0
2019-11-18 00:00:00+09:00,2655.1452216807643,2655.1452216807643,2607.714628949318,2633.849853515625,65900,0.0,0.0
2019-11-19 00:00:00+09:00,2616.426408382847,2649.337432387663,2612.5545232058103,2619.330322265625,53400,0.0,0.0
2019-11-20 00:00:00+09:00,2600.939011074248,2604.8108964647563,2582.547555469331,2601.906982421875,53900,0.0,0.0
2019-11-21 00:00:00+09:00,2601.9069053532007,2630.946044921875,2572.867765784527,2630.946044921875,65900,0.0,0.0
2019-11-22 00:00:00+09:00,2624.1703176910296,2641.5938019102987,2619.330460963455,2622.234375,30200,0.0,0.0
2019-11-25 00:00:00+09:00,2645.465313049565,2659.984881178267,2614.490234375,2614.490234375,50200,0.0,0.0
2019-11-26 00:00:00+09:00,2642.5614621286436,2642.5614621286436,2581.5792745410595,2590.291015625,61900,0.0,0.0
2019-11-27 00:00:00+09:00,2590.291241875231,2618.3624100420407,2584.4834139786503,2615.45849609375,50700,0.0,0.0
2019-11-28 00:00:00+09:00,2615.458707958157,2615.458707958157,2579.3901383739408,2588.16357421875,59600,19.0,0.0
2019-11-29 00:00:00+09:00,2588.163272551798,2610.584272653,2570.616402907379,2577.440185546875,49800,0.0,0.0
2019-12-02 00:00:00+09:00,2578.415155111407,2612.534070207399,2577.440328965807,2608.634765625,49200,0.0,0.0
2019-12-03 00:00:00+09:00,2567.691732881826,2574.515515011732,2555.0189946405717,2570.6162109375,64000,0.0,0.0
2019-12-04 00:00:00+09:00,2555.0193167106136,2569.6417088321928,2543.3214030133504,2564.767578125,52800,0.0,0.0
2019-12-05 00:00:00+09:00,2560.868032836914,2575.4904235839845,2548.195294189453,2573.540771484375,40600,0.0,0.0
2019-12-06 00:00:00+09:00,2601.8106665943287,2636.9044035734955,2598.8861885127317,2632.0302734375,105400,0.0,0.0
2019-12-09 00:00:00+09:00,2666.1492553311,2685.64577639385,2658.350646906,2677.84716796875,126000,0.0,0.0
2019-12-10 00:00:00+09:00,2679.796820075025,2690.519906659538,2668.098907437375,2677.84716796875,79100,0.0,0.0
2019-12-11 00:00:00+09:00,2667.1239926288517,2668.0988186495497,2641.778516090712,2657.375732421875,95300,0.0,0.0
2019-12-12 00:00:00+09:00,2652.5015162985906,2655.4259942658437,2633.0049965169032,2645.677734375,61300,0.0,0.0
2019-12-13 00:00:00+09:00,2686.620559008816,2703.1926016442117,2627.1561707288674,2633.005126953125,143300,0.0,0.0
2019-12-16 00:00:00+09:00,2633.0053188036604,2654.4514931885847,2630.0808404784434,2639.8291015625,60400,0.0,0.0
2019-12-17 00:00:00+09:00,2666.149384048882,2666.149384048882,2628.131166141055,2656.401123046875,87700,0.0,0.0
2019-12-18 00:00:00+09:00,2651.526965170705,2655.42626953125,2635.929747728524,2655.42626953125,66400,0.0,0.0
2019-12-19 00:00:00+09:00,2654.4515598414814,2688.5704744924,2645.6781246455307,2685.64599609375,60500,0.0,0.0
2019-12-20 00:00:00+09:00,2700.267904937117,2716.839946230955,2688.5699934355844,2703.1923828125,67700,0.0,0.0
2019-12-23 00:00:00+09:00,2718.789653540259,2719.764479518581,2693.444178103885,2705.14208984375,31800,0.0,0.0
2019-12-24 00:00:00+09:00,2706.1174084765485,2724.6391054365827,2706.1174084765485,2722.689453125,23400,0.0,0.0
2019-12-25 00:00:00+09:00,2714.8903421617133,2717.814820088638,2680.7714330142594,2687.59521484375,26900,0.0,0.0
2019-12-26 00:00:00+09:00,2694.419274585735,2706.1171875,2687.5954920524136,2706.1171875,33900,0.0,0.0
2019-12-27 00:00:00+09:00,2708.0669590343127,2755.833438873291,2708.0669590343127,2745.1103515625,57000,0.0,0.0
2019-12-30 00:00:00+09:00,2747.0596976218817,2755.833131716487,2722.68904735909,2725.613525390625,35100,0.0,0.0
2020-01-06 00:00:00+09:00,2646.6530026098526,2681.7467440809223,2646.6530026098526,2678.822265625,68300,0.0,0.0
2020-01-07 00:00:00+09:00,2684.670762342088,2749.984103328624,2684.670762342088,2749.00927734375,77400,0.0,0.0
2020-01-08 00:00:00+09:00,2691.4947476537313,2749.009485108121,2672.973052541301,2721.71435546875,77400,0.0,0.0
2020-01-09 00:00:00+09:00,2758.7576573324054,2782.1534819882277,2758.7576573324054,2779.22900390625,46200,0.0,0.0
2020-01-10 00:00:00+09:00,2797.7508449653683,2813.34806221953,2796.776018886983,2810.423583984375,58500,0.0,0.0
2020-01-14 00:00:00+09:00,2827.970489696608,2846.49218542368,2729.5130545158577,2750.959228515625,189900,0.0,0.0
2020-01-15 00:00:00+09:00,2841.6178440966296,2915.704621507039,2820.171671688353,2856.240234375,285600,0.0,0.0
2020-01-16 00:00:00+09:00,2850.3911922630014,2852.3408442412933,2806.5240227514296,2844.542236328125,113400,0.0,0.0
2020-01-17 00:00:00+09:00,2866.963497033511,2899.1327576258623,2858.190062326506,2897.18310546875,101400,0.0,0.0
2020-01-20 00:00:00+09:00,2875.736806884515,2883.5354151743713,2849.41650390625,2849.41650390625,102300,0.0,0.0
2020-01-21 00:00:00+09:00,2863.0643388856133,2881.5860353237563,2832.84472890759,2841.6181640625,119500,0.0,0.0
2020-01-22 00:00:00+09:00,2840.642908540883,2852.3408203125,2827.9701707882987,2852.3408203125,87200,0.0,0.0
2020-01-23 00:00:00+09:00,2826.995735088929,2826.995735088929,2789.9523426981086,2805.549560546875,82100,0.0,0.0
2020-01-24 00:00:00+09:00,2798.7256597713877,2802.624964069223,2775.329833984375,2775.329833984375,71400,0.0,0.0
2020-01-27 00:00:00+09:00,2740.236065310242,2771.4304993514825,2722.689196162044,2765.58154296875,63100,0.0,0.0
2020-01-28 00:00:00+09:00,2752.908910719015,2763.6319978358383,2721.7144754700744,2760.70751953125,80500,0.0,0.0
2020-01-29 00:00:00+09:00,2780.2041063262195,2823.096455792683,2768.5061928353657,2797.7509765625,205400,0.0,0.0
2020-01-30 00:00:00+09:00,2760.7072725517805,2760.7072725517805,2675.897409306016,2682.72119140625,597700,0.0,0.0
2020-01-31 00:00:00+09:00,2685.6457488413544,2728.538094739365,2673.9478363237154,2676.872314453125,129100,0.0,0.0
2020-02-03 00:00:00+09:00,2642.7532945531907,2757.78276292548,2633.9798605247956,2742.185546875,137300,0.0,0.0
2020-02-04 00:00:00+09:00,2738.286632214381,2784.1034608772775,2726.588718513216,2782.15380859375,68800,0.0,0.0
2020-02-05 00:00:00+09:00,2823.096410662018,2831.8698456399043,2809.448845140862,2830.89501953125,61500,0.0,0.0
2020-02-06 00:00:00+09:00,2853.3161073551014,2873.7874562633547,2849.4168028011486,2851.366455078125,79000,0.0,0.0
2020-02-07 00:00:00+09:00,2851.3662792765513,2851.3662792765513,2801.650149278909,2810.423583984375,36600,0.0,0.0
2020-02-10 00:00:00+09:00,2801.6500490297553,2839.668264726401,2797.7507448557403,2832.844482421875,80200,0.0,0.0
2020-02-12 00:00:00+09:00,2836.743893707181,2837.718719787493,2798.7256765750226,2827.970458984375,38200,0.0,0.0
2020-02-13 00:00:00+09:00,2831.86981296374,2831.86981296374,2789.9522907752926,2812.373291015625,32800,0.0,0.0
2020-02-14 00:00:00+09:00,2800.6751245134274,2800.6751245134274,2764.6065621719736,2786.052734375,36700,0.0,0.0
2020-02-17 00:00:00+09:00,2752.9086052798275,2757.7827352466825,2727.5631294521804,2741.210693359375,49500,0.0,0.0
2020-02-18 00:00:00+09:00,2746.085056623739,2746.085056623739,2684.6710138238473,2706.1171875,40600,0.0,0.0
2020-02-19 00:00:00+09:00,2699.293374680128,2717.8150699198977,2694.419244353873,2696.368896484375,54200,0.0,0.0
2020-02-20 00:00:00+09:00,2704.167378032124,2721.714246382729,2642.7533388050065,2648.602294921875,41200,0.0,0.0
2020-02-21 00:00:00+09:00,2619.35758360452,2634.954800328626,2601.810714789901,2616.43310546875,38200,0.0,0.0
2020-02-25 00:00:00+09:00,2534.5480073565177,2545.271095079949,2493.605308776143,2505.30322265625,84400,0.0,0.0
2020-02-26 00:00:00+09:00,2484.8313264016547,2501.4033674172797,2468.2592853860297,2485.80615234375,73300,0.0,0.0
2020-02-27 00:00:00+09:00,2468.259213587281,2468.259213587281,2439.0144361751095,2448.7626953125,67300,0.0,0.0
2020-02-28 00:00:00+09:00,2400.02147638349,2422.442473116561,2373.701175870755,2382.474609375,111600,0.0,0.0
2020-03-02 00:00:00+09:00,2382.4748686259245,2527.7239502238226,2379.5503904729467,2504.328125,114200,0.0,0.0
2020-03-03 00:00:00+09:00,2544.2958990144375,2544.2958990144375,2463.3853397737485,2475.083251953125,94900,0.0,0.0
2020-03-04 00:00:00+09:00,2457.5363219027577,2493.604883549089,2438.0398020939297,2455.586669921875,65700,0.0,0.0
2020-03-05 00:00:00+09:00,2484.8314532509335,2484.8314532509335,2459.4859774625756,2464.360107421875,66000,0.0,0.0
2020-03-06 00:00:00+09:00,2452.6623751062925,2477.0330266872375,2419.5182889562075,2436.09033203125,90000,0.0,0.0
2020-03-09 00:00:00+09:00,2390.273535963326,2429.2665789643593,2337.632927911932,2359.0791015625,107200,0.0,0.0
2020-03-10 00:00:00+09:00,2332.758719121142,2369.8021087269103,2266.470548247662,2364.927978515625,183200,0.0,0.0
2020-03-11 00:00:00+09:00,2348.35612382039,2408.795343279445,2348.35612382039,2362.978515625,149500,0.0,0.0
2020-03-12 00:00:00+09:00,2325.934908257263,2340.5572987115206,2257.6970861373934,2285.967041015625,149100,0.0,0.0
2020-03-13 00:00:00+09:00,2237.2260086222477,2259.647010015847,2116.347566326318,2191.4091796875,197500,0.0,0.0
2020-03-16 00:00:00+09:00,2207.9809371554866,2254.7725861548083,2151.441027947973,2155.34033203125,131800,0.0,0.0
2020-03-17 00:00:00+09:00,2117.3221603217266,2297.6649778445253,2093.926335345796,2278.16845703125,186500,0.0,0.0
2020-03-18 00:00:00+09:00,2293.7657706554414,2496.5295956857567,2293.7657706554414,2411.7197265625,143700,0.0,0.0
2020-03-19 00:00:00+09:00,2495.5545520231217,2703.19248935942,2478.007684079209,2698.318359375,159400,0.0,0.0
2020-03-23 00:00:00+09:00,2632.030096579724,2649.5769638902557,2550.144715797244,2599.86083984375,214000,0.0,0.0
2020-03-24 00:00:00+09:00,2632.030146699377,2656.4007962058527,2485.806249660523,2523.824462890625,127300,0.0,0.0
2020-03-25 00:00:00+09:00,2524.7995632710295,2571.591215408871,2450.7127807194474,2533.572998046875,297600,0.0,0.0
2020-03-26 00:00:00+09:00,2504.3279148548054,2607.6594675891806,2425.3670113502358,2583.288818359375,170400,0.0,0.0
2020-03-27 00:00:00+09:00,2632.0304161741415,2655.4262420956898,2590.112894731368,2654.451416015625,307600,0.0,0.0
2020-03-30 00:00:00+09:00,2625.206927337422,2654.451713011437,2577.440444069864,2647.6279296875,174600,0.0,0.0
2020-03-31 00:00:00+09:00,2647.6274103698956,2668.098756326364,2610.5840224486674,2637.879150390625,144400,0.0,0.0
2020-04-01 00:00:00+09:00,2579.3898296071957,2654.4514384052886,2540.396786075719,2551.119873046875,121500,0.0,0.0
2020-04-02 00:00:00+09:00,2554.0442658349325,2587.1883517274473,2526.7491362763913,2539.421875,109900,0.0,0.0
2020-04-03 00:00:00+09:00,2535.52260839729,2579.389781552952,2459.486174927475,2488.73095703125,100700,0.0,0.0
2020-04-06 00:00:00+09:00,2509.202161368484,2620.3323270234987,2505.3028573104134,2613.508544921875,132600,0.0,0.0
2020-04-07 00:00:00+09:00,2737.311267354726,2764.60639395228,2627.1559350145963,2650.5517578125,209000,0.0,0.0
2020-04-08 00:00:00+09:00,2643.7282441049356,2789.9521514116245,2622.282071033288,2720.739501953125,200400,0.0,0.0
2020-04-09 00:00:00+09:00,2712.9410774398907,2755.8334264903237,2629.1060315685895,2701.2431640625,117000,0.0,0.0
2020-04-10 00:00:00+09:00,2701.2428005005445,2747.0596217288107,2639.8287635349966,2740.23583984375,121300,0.0,0.0
2020-04-13 00:00:00+09:00,2740.2360108713624,2794.826269359017,2723.663968116182,2763.6318359375,98400,0.0,0.0
2020-04-14 00:00:00+09:00,2786.0529889763843,2831.8698155970596,2771.430597501701,2821.146728515625,112500,0.0,0.0
2020-04-15 00:00:00+09:00,2808.473752870664,2865.988487830529,2802.624796773051,2838.693359375,127200,0.0,0.0
2020-04-16 00:00:00+09:00,2847.4667890176006,2968.34521484375,2847.4667890176006,2968.34521484375,148000,0.0,0.0
2020-04-17 00:00:00+09:00,3012.212524814293,3036.5831763095543,2943.9747006275616,2973.219482421875,117500,0.0,0.0
2020-04-20 00:00:00+09:00,2943.9747446155393,3036.58322168126,2934.2264838717792,3026.8349609375,88700,0.0,0.0
2020-04-21 00:00:00+09:00,3017.086518359375,3080.450209375,3017.086518359375,3046.331298828125,107000,0.0,0.0
2020-04-22 00:00:00+09:00,3021.9607092731517,3090.19853174061,3007.3383187444106,3065.827880859375,103900,0.0,0.0
2020-04-23 00:00:00+09:00,3090.198670014881,3109.695191592262,3046.331496465774,3070.7021484375,98700,0.0,0.0
2020-04-24 00:00:00+09:00,3075.576276560686,3153.562362812621,3026.8349726532265,3148.688232421875,139700,0.0,0.0
2020-04-27 00:00:00+09:00,3163.310302734375,3216.9257315942796,3153.562042941665,3163.310302734375,142800,0.0,0.0
2020-04-28 00:00:00+09:00,3119.443221830986,3119.443221830986,3017.086491114657,3114.569091796875,226700,0.0,0.0
2020-04-30 00:00:00+09:00,3119.4433115823817,3138.9398322797715,2982.9676667006524,2987.841796875,241300,0.0,0.0
2020-05-01 00:00:00+09:00,2992.715988084988,3065.827942191299,2982.9677275374797,3007.33837890625,178600,0.0,0.0
2020-05-07 00:00:00+09:00,2963.4710709212663,3007.3382413789823,2953.722810819552,3002.464111328125,112500,0.0,0.0
2020-05-08 00:00:00+09:00,3021.9609375,3065.8281123991937,2982.9678931451613,3021.9609375,138200,0.0,0.0
2020-05-11 00:00:00+09:00,3036.5831296843244,3036.5831296843244,2987.8418274422,2997.590087890625,262700,0.0,0.0
2020-05-12 00:00:00+09:00,2982.9676972179877,3021.960739011687,2982.9676972179877,2997.590087890625,242600,0.0,0.0
2020-05-13 00:00:00+09:00,2982.9676972179877,3012.2124785632623,2973.219436769563,2997.590087890625,116100,0.0,0.0
2020-05-14 00:00:00+09:00,2982.9676505587745,2997.59004100269,2943.974609375,2943.974609375,121200,0.0,0.0
2020-05-15 00:00:00+09:00,2953.7227367099154,3017.08642578125,2943.9744768527867,3017.08642578125,261500,0.0,0.0
2020-05-18 00:00:00+09:00,3026.8347949680847,3095.0726164327434,3026.8347949680847,3090.198486328125,193200,0.0,0.0
2020-05-19 00:00:00+09:00,3114.5692291259766,3124.3174896240234,3031.709014892578,3041.457275390625,201700,0.0,0.0
2020-05-20 00:00:00+09:00,3065.8278358050325,3104.8208766419807,3046.331315386559,3090.198486328125,157700,0.0,0.0
2020-05-21 00:00:00+09:00,3095.0726186899037,3182.806960637019,3080.4502283653846,3168.1845703125,372900,0.0,0.0
2020-05-22 00:00:00+09:00,3163.3104093575184,3202.303449842665,3153.5621492362316,3158.436279296875,264900,0.0,0.0
2020-05-25 00:00:00+09:00,3197.4295503339695,3231.548463218631,3163.310637449308,3192.555419921875,713800,0.0,0.0
2020-05-26 00:00:00+09:00,3207.177750126008,3221.8001410840293,3143.8140559745825,3173.058837890625,275200,0.0,0.0
2020-05-27 00:00:00+09:00,3182.807098529306,3202.3036198066675,3138.939925655242,3173.058837890625,596100,0.0,0.0
2020-05-28 00:00:00+09:00,3174.0400564746537,3232.909423828125,3129.88803095955,3232.909423828125,755700,21.0,0.0
2020-05-29 00:00:00+09:00,3223.097679160557,3370.271089167889,3223.097679160557,3345.7421875,252500,0.0,0.0
2020-06-01 00:00:00+09:00,3375.176964447464,3399.705866805367,3306.496037845335,3384.988525390625,130800,0.0,0.0
2020-06-02 00:00:00+09:00,3389.894417761388,3424.2348821960186,3365.365514593795,3419.3291015625,111700,0.0,0.0
2020-06-03 00:00:00+09:00,3434.046330106431,3434.046330106431,3365.3654035043023,3384.988525390625,113400,0.0,0.0
2020-06-04 00:00:00+09:00,3419.328674402736,3473.2922546300388,3399.7055543200804,3468.386474609375,136300,0.0,0.0
2020-06-05 00:00:00+09:00,3478.198084609036,3483.103864700163,3389.89404296875,3389.89404296875,83000,0.0,0.0
2020-06-08 00:00:00+09:00,3389.8942673336246,3389.8942673336246,3291.778659017167,3331.02490234375,119600,0.0,0.0
2020-06-09 00:00:00+09:00,3345.742318796557,3394.8001240575036,3326.1191966921783,3375.177001953125,80200,0.0,0.0
2020-06-10 00:00:00+09:00,3399.705867154161,3468.386793763336,3375.1769647937413,3448.763671875,125600,0.0,0.0
2020-06-11 00:00:00+09:00,3473.2924783610615,3492.915599707734,3394.7999929743705,3409.517333984375,115300,0.0,0.0
2020-06-12 00:00:00+09:00,3340.8364071664223,3384.988430168622,3306.4959448313784,3345.7421875,182400,0.0,0.0
2020-06-15 00:00:00+09:00,3340.8366131698876,3399.705980802837,3321.213490625571,3355.553955078125,134200,0.0,0.0
2020-06-16 00:00:00+09:00,3419.328949828562,3419.328949828562,3242.720854858938,3331.02490234375,201700,0.0,0.0
2020-06-17 00:00:00+09:00,3335.930419921875,3380.082440185547,3311.4015197753906,3335.930419921875,107400,0.0,0.0
2020-06-18 00:00:00+09:00,3286.873027955011,3311.401931148705,3267.249905400056,3291.77880859375,71400,0.0,0.0
2020-06-19 00:00:00+09:00,3326.119120829814,3326.119120829814,3267.249755859375,3267.249755859375,153800,0.0,0.0
2020-06-22 00:00:00+09:00,3267.24992420709,3296.6846082089555,3247.6268015391793,3286.873046875,56900,0.0,0.0
2020-06-23 00:00:00+09:00,3291.778657930391,3291.778657930391,3242.7208537883585,3267.249755859375,54700,0.0,0.0
2020-06-24 00:00:00+09:00,3257.438326892071,3272.155668730439,3218.1920819897573,3232.909423828125,74100,0.0,0.0
2020-06-25 00:00:00+09:00,3223.097693523378,3267.2497167223282,3198.5687917461833,3213.2861328125,87900,0.0,0.0
2020-06-26 00:00:00+09:00,3262.344087371146,3311.401893196276,3232.9094038760677,3301.59033203125,74700,0.0,0.0
2020-06-29 00:00:00+09:00,3267.2498668970934,3375.177039677478,3267.2498668970934,3365.365478515625,111700,0.0,0.0
2020-06-30 00:00:00+09:00,3394.8002215485076,3399.706002215485,3286.873046875,3286.873046875,85000,0.0,0.0
2020-07-01 00:00:00+09:00,3262.3437256981,3277.0610658140313,3188.757025118444,3203.474365234375,80000,0.0,0.0
2020-07-02 00:00:00+09:00,3198.56899929639,3198.56899929639,3129.8880698636453,3159.32275390625,129000,0.0,0.0
2020-07-03 00:00:00+09:00,3178.945837087443,3232.909423828125,3159.322714636286,3232.909423828125,60400,0.0,0.0
2020-07-06 00:00:00+09:00,3252.532563483839,3306.4961505099664,3247.6267828451005,3291.77880859375,55500,0.0,0.0
2020-07-07 00:00:00+09:00,3286.8729341947114,3326.119178185096,3252.532470703125,3316.3076171875,58300,0.0,0.0
2020-07-08 00:00:00+09:00,3301.5901623370937,3384.9884279533353,3281.967041015625,3281.967041015625,54200,0.0,0.0
2020-07-09 00:00:00+09:00,3286.8728587366472,3311.401760667518,3228.0034941025583,3272.155517578125,85400,0.0,0.0
2020-07-10 00:00:00+09:00,3272.1553285897494,3316.3073495152485,3252.5322081784166,3257.43798828125,57500,0.0,0.0
2020-07-13 00:00:00+09:00,3326.1190682610163,3429.1404553310476,3291.778605904339,3409.517333984375,120200,0.0,0.0
2020-07-14 00:00:00+09:00,3365.3655603321886,3679.335525144521,3286.8730691291053,3659.71240234375,285200,0.0,0.0
2020-07-15 00:00:00+09:00,3654.8063221665343,3689.146784254005,3576.313837395173,3674.429443359375,132900,0.0,0.0
2020-07-16 00:00:00+09:00,3605.7486666165864,3635.183349609375,3463.4810321514424,3507.633056640625,152500,0.0,0.0
2020-07-17 00:00:00+09:00,3512.5390054546247,3576.314154995002,3488.010101785249,3527.25634765625,110500,0.0,0.0
2020-07-20 00:00:00+09:00,3561.5966975514484,3620.466064453125,3541.9735752508896,3620.466064453125,84500,0.0,0.0
2020-07-21 00:00:00+09:00,3679.3353173040573,3684.2410977271293,3610.6543913810483,3649.900634765625,101400,0.0,0.0
2020-07-22 00:00:00+09:00,3669.523641557836,3669.523641557836,3595.936937515901,3615.56005859375,53500,0.0,0.0
2020-07-27 00:00:00+09:00,3615.5603573146755,3664.6181640625,3586.125673265981,3664.6181640625,77900,0.0,0.0
2020-07-28 00:00:00+09:00,3679.335431354802,3679.335431354802,3615.5602838779855,3620.466064453125,49000,0.0,0.0
2020-07-29 00:00:00+09:00,3625.3716403772737,3679.335223657585,3600.8427388862233,3674.429443359375,61300,0.0,0.0
2020-07-30 00:00:00+09:00,3674.42948255037,3738.204627107319,3644.9948004471626,3728.39306640625,90400,0.0,0.0
2020-07-31 00:00:00+09:00,3826.5086925642295,3841.2260336894765,3723.4873046875,3723.4873046875,145200,0.0,0.0
2020-08-03 00:00:00+09:00,3792.1683255709136,3811.791447566106,3703.864276592548,3762.733642578125,52800,0.0,0.0
2020-08-04 00:00:00+09:00,3811.791256570067,3836.3201578349967,3748.01611328125,3748.01611328125,65300,0.0,0.0
2020-08-05 00:00:00+09:00,3777.4509077650887,3777.4509077650887,3713.6757625690548,3718.58154296875,46800,0.0,0.0
2020-08-06 00:00:00+09:00,3718.581579770567,3718.581579770567,3644.994873046875,3644.994873046875,55400,0.0,0.0
2020-08-07 00:00:00+09:00,3630.2775120767787,3649.90063376368,3576.3139274377995,3586.12548828125,73500,0.0,0.0
2020-08-11 00:00:00+09:00,3635.1833311775663,3733.2989406560428,3591.0313069122517,3703.8642578125,104000,0.0,0.0
2020-08-12 00:00:00+09:00,3703.864040276943,3826.508544921875,3689.146699719551,3826.508544921875,95600,0.0,0.0
2020-08-13 00:00:00+09:00,3914.8128380408652,3914.8128380408652,3846.1319110576924,3890.283935546875,125000,0.0,0.0
2020-08-14 00:00:00+09:00,3885.378004045051,3905.0011252776017,3841.2259812718116,3865.7548828125,48600,0.0,0.0
2020-08-17 00:00:00+09:00,3865.754861418734,3909.906883947628,3801.979717765887,3806.885498046875,47200,0.0,0.0
2020-08-18 00:00:00+09:00,3767.6394778481013,3890.283992100969,3748.016355567642,3875.566650390625,41600,0.0,0.0
2020-08-19 00:00:00+09:00,3875.5665561061383,3875.5665561061383,3821.6029711476986,3836.3203125,29100,0.0,0.0
2020-08-20 00:00:00+09:00,3797.0740503771553,3855.943415499282,3797.0740503771553,3841.22607421875,22500,0.0,0.0
2020-08-21 00:00:00+09:00,3841.2259413082165,3855.9432820795123,3801.9796992514275,3811.791259765625,21400,0.0,0.0
2020-08-24 00:00:00+09:00,3797.0740871429443,3836.320330937703,3748.016282399495,3767.639404296875,90100,0.0,0.0
2020-08-25 00:00:00+09:00,3797.074068893862,3875.5665561061383,3787.2625079923278,3836.3203125,75000,0.0,0.0
2020-08-26 00:00:00+09:00,3831.414493466784,3831.414493466784,3767.639348249027,3782.356689453125,34000,0.0,0.0
2020-08-27 00:00:00+09:00,3801.979905569211,3816.6972471391564,3743.1105392894297,3757.827880859375,27000,0.0,0.0
2020-08-28 00:00:00+09:00,3733.298865437665,3782.3566691884885,3679.335281311759,3723.4873046875,83300,0.0,0.0
2020-08-31 00:00:00+09:00,3752.922119140625,3787.2625829758986,3728.393216401144,3752.922119140625,33400,0.0,0.0
2020-09-01 00:00:00+09:00,3738.204512030005,3743.1102922295195,3664.617809037288,3694.052490234375,33600,0.0,0.0
2020-09-02 00:00:00+09:00,3698.958123947725,3743.1101439948466,3674.4292239215465,3733.298583984375,39500,0.0,0.0
2020-09-03 00:00:00+09:00,3797.0740676153273,3806.885628513558,3708.77001953125,3708.77001953125,32900,0.0,0.0
2020-09-04 00:00:00+09:00,3659.712347279424,3698.9585922904635,3610.654541015625,3610.654541015625,50900,0.0,0.0
2020-09-07 00:00:00+09:00,3610.654351128472,3620.4659118652344,3517.444524129232,3532.161865234375,39400,0.0,0.0
2020-09-08 00:00:00+09:00,3522.3504726346687,3556.6909368525553,3483.1042278142263,3551.78515625,52500,0.0,0.0
2020-09-09 00:00:00+09:00,3522.350566922375,3546.8794705917508,3473.292759583623,3527.25634765625,54100,0.0,0.0
2020-09-10 00:00:00+09:00,3576.3138321366055,3581.219612427602,3541.9733700996285,3546.879150390625,55800,0.0,0.0
2020-09-11 00:00:00+09:00,3561.596734751826,3610.654541015625,3502.7273672352667,3610.654541015625,51600,0.0,0.0
2020-09-14 00:00:00+09:00,3669.5238692160456,3698.958552658955,3630.2776246254994,3684.2412109375,50300,0.0,0.0
2020-09-15 00:00:00+09:00,3640.089033338759,3649.900594075521,3532.161865234375,3532.161865234375,39400,0.0,0.0
2020-09-16 00:00:00+09:00,3546.879392872686,3610.654541015625,3546.879392872686,3610.654541015625,40900,0.0,0.0
2020-09-17 00:00:00+09:00,3605.748760389245,3620.466102268385,3561.596734751826,3610.654541015625,24500,0.0,0.0
2020-09-18 00:00:00+09:00,3610.6541317114097,3664.61771248427,3600.8425715708895,3654.80615234375,95100,0.0,0.0
2020-09-23 00:00:00+09:00,3610.6545023302265,3718.5816749542278,3605.748721756408,3684.2412109375,61900,0.0,0.0
2020-09-24 00:00:00+09:00,3684.241192107505,3718.5816559487203,3664.6180699125252,3689.14697265625,53100,0.0,0.0
2020-09-25 00:00:00+09:00,3703.8644049917125,3797.0742377001134,3703.8644049917125,3792.16845703125,78300,0.0,0.0
2020-09-28 00:00:00+09:00,3811.791204364483,3851.0374458508613,3777.4507430639023,3826.508544921875,87500,0.0,0.0
2020-09-29 00:00:00+09:00,3821.602857547883,3831.414418157762,3752.9219332787297,3801.979736328125,50200,0.0,0.0
2020-09-30 00:00:00+09:00,3806.885489102782,3806.885489102782,3615.56005859375,3615.56005859375,85600,0.0,0.0
2020-10-02 00:00:00+09:00,3615.559869334873,3640.0887693982036,3566.5020692082126,3600.842529296875,129200,0.0,0.0
2020-10-05 00:00:00+09:00,3605.7486666165864,3659.7122521033652,3595.9371056189902,3635.183349609375,111800,0.0,0.0
2020-10-06 00:00:00+09:00,3640.0887753326115,3640.0887753326115,3419.328674402736,3468.386474609375,256300,0.0,0.0
2020-10-07 00:00:00+09:00,3483.1038146713668,3541.9731749193334,3448.7633545267195,3468.386474609375,120300,0.0,0.0
2020-10-08 00:00:00+09:00,3478.198281182183,3546.879206339518,3453.669379340278,3532.161865234375,100700,0.0,0.0
2020-10-09 00:00:00+09:00,3546.879319647781,3546.879319647781,3468.3868312461705,3502.727294921875,67500,0.0,0.0
2020-10-12 00:00:00+09:00,3502.7272570679233,3527.256159428343,3419.3289890424962,3448.763671875,53300,0.0,0.0
2020-10-13 00:00:00+09:00,3453.669244828816,3473.2923655380705,3424.234563764934,3438.951904296875,40300,0.0,0.0
2020-10-14 00:00:00+09:00,3414.4232645089287,3463.481070033482,3409.5174839564734,3434.04638671875,56400,0.0,0.0
2020-10-15 00:00:00+09:00,3414.423188606195,3438.952090823193,3326.119140625,3326.119140625,47600,0.0,0.0
2020-10-16 00:00:00+09:00,3326.119121927927,3375.176926086156,3286.872878601344,3331.02490234375,60100,0.0,0.0
2020-10-19 00:00:00+09:00,3355.553787033279,3409.517371327674,3335.930665471681,3399.705810546875,50200,0.0,0.0
2020-10-20 00:00:00+09:00,3375.177001953125,3399.7059045835986,3355.5538798487464,3375.177001953125,50500,0.0,0.0
2020-10-21 00:00:00+09:00,3404.611572265625,3438.952034810091,3394.800011538635,3404.611572265625,38500,0.0,0.0
2020-10-22 00:00:00+09:00,3384.9883706229075,3384.9883706229075,3296.684326171875,3296.684326171875,49700,0.0,0.0
2020-10-23 00:00:00+09:00,3291.778449001082,3301.5900092067486,3242.72064797275,3257.43798828125,35500,0.0,0.0
2020-10-26 00:00:00+09:00,3267.2497000245235,3291.7786016763594,3257.4381393637896,3281.967041015625,28300,0.0,0.0
2020-10-27 00:00:00+09:00,3257.438047686387,3306.495849609375,3232.909146724893,3306.495849609375,61100,0.0,0.0
2020-10-28 00:00:00+09:00,3262.3439037049325,3360.459509831396,3257.438123398609,3350.64794921875,83600,0.0,0.0
2020-10-29 00:00:00+09:00,3370.2710729138603,3438.9519972527164,3360.4595122940236,3414.423095703125,124800,0.0,0.0
2020-10-30 00:00:00+09:00,3414.423013839948,3414.423013839948,3306.495849609375,3306.495849609375,95100,0.0,0.0
2020-11-02 00:00:00+09:00,3365.365237867713,3463.48084247027,3365.365237867713,3429.140380859375,96400,0.0,0.0
2020-11-04 00:00:00+09:00,3468.386774930087,3478.1983358209786,3409.517409584739,3453.66943359375,107200,0.0,0.0
2020-11-05 00:00:00+09:00,3458.5750656985165,3517.444428518917,3443.8577249934165,3492.91552734375,139900,0.0,0.0
2020-11-06 00:00:00+09:00,3502.7271277716545,3571.4080518456085,3492.915567189661,3546.879150390625,74200,0.0,0.0
2020-11-09 00:00:00+09:00,3615.56005859375,3664.6178612883737,3591.0311572464384,3615.56005859375,66100,0.0,0.0
2020-11-10 00:00:00+09:00,3654.8062633467944,3654.8062633467944,3576.3137798386756,3625.37158203125,127600,0.0,0.0
2020-11-11 00:00:00+09:00,3664.6180699125252,3689.14697265625,3630.27760607131,3689.14697265625,105600,0.0,0.0
2020-11-12 00:00:00+09:00,3703.8642204012554,3713.67578125,3654.80641615753,3713.67578125,55700,0.0,0.0
2020-11-13 00:00:00+09:00,3713.6759900458696,3733.2991128466406,3635.183498842787,3659.71240234375,99200,0.0,0.0
2020-11-16 00:00:00+09:00,3649.9005204799864,3689.1467626356853,3610.6542783242876,3615.56005859375,109300,0.0,0.0
2020-11-17 00:00:00+09:00,3605.748779296875,3630.277682557398,3458.575359733737,3605.748779296875,88900,0.0,0.0
2020-11-18 00:00:00+09:00,3546.8792264344265,3610.6543715846997,3541.9734460382515,3591.03125,65000,0.0,0.0
2020-11-19 00:00:00+09:00,3571.4083147321426,3605.748779296875,3546.8794114716197,3605.748779296875,72100,0.0,0.0
2020-11-20 00:00:00+09:00,3605.748779296875,3640.089243861607,3576.314095384247,3605.748779296875,62500,0.0,0.0
2020-11-24 00:00:00+09:00,3649.900805165816,3679.3354890784435,3595.9372179926654,3605.748779296875,72400,0.0,0.0
2020-11-25 00:00:00+09:00,3610.6540893222073,3640.0887693982036,3581.219409246211,3600.842529296875,95100,0.0,0.0
2020-11-26 00:00:00+09:00,3600.842976567626,3757.8279564724817,3595.9371959455993,3738.204833984375,125200,0.0,0.0
2020-11-27 00:00:00+09:00,3793.4540783723614,3803.320018758245,3709.593585092348,3739.19140625,121300,21.0,0.0
2020-11-30 00:00:00+09:00,3709.5936183878034,3709.5936183878034,3640.532035066754,3660.263916015625,99800,0.0,0.0
2020-12-01 00:00:00+09:00,3640.531711409396,3714.526258389262,3620.799832214765,3675.0625,150500,0.0,0.0
2020-12-02 00:00:00+09:00,3689.861602949966,3699.7275430648056,3591.202201801571,3610.93408203125,111300,0.0,0.0
2020-12-03 00:00:00+09:00,3596.1351960748234,3684.9286577063003,3591.2022259841856,3665.19677734375,73100,0.0,0.0
2020-12-04 00:00:00+09:00,3655.330964336245,3758.92333984375,3655.330964336245,3758.92333984375,81100,0.0,0.0
2020-12-07 00:00:00+09:00,3778.6549483449835,3778.6549483449835,3709.5933696546053,3749.05712890625,79400,0.0,0.0
2020-12-08 00:00:00+09:00,3699.7275679782133,3724.3924184314014,3665.19677734375,3665.19677734375,147900,0.0,0.0
2020-12-09 00:00:00+09:00,3665.196719017726,3778.655029296875,3660.263749005589,3778.655029296875,82700,0.0,0.0
2020-12-10 00:00:00+09:00,3739.1910809430437,3763.855929761929,3699.7273228328268,3753.989990234375,52400,0.0,0.0
2020-12-11 00:00:00+09:00,3793.4539642530367,3847.716634743002,3758.9231739412403,3832.917724609375,79100,0.0,0.0
2020-12-14 00:00:00+09:00,3798.38702166522,3827.9848426132608,3729.325439453125,3729.325439453125,69200,0.0,0.0
2020-12-15 00:00:00+09:00,3719.4593094675165,3788.5208881578947,3660.2636705900495,3749.05712890625,70100,0.0,0.0
2020-12-16 00:00:00+09:00,3783.5880319695725,3783.5880319695725,3650.397840492156,3655.330810546875,71800,0.0,0.0
2020-12-17 00:00:00+09:00,3645.4648969811997,3670.129747434388,3601.068166165461,3665.19677734375,34200,0.0,0.0
2020-12-18 00:00:00+09:00,3650.3979198042166,3704.66059158509,3635.599009318524,3684.9287109375,50200,0.0,0.0
2020-12-21 00:00:00+09:00,3665.1968065344768,3689.861657184103,3615.867105235224,3630.666015625,61800,0.0,0.0
2020-12-22 00:00:00+09:00,3610.934084057313,3620.8000241776886,3556.6714133952496,3566.537353515625,51700,0.0,0.0
2020-12-23 00:00:00+09:00,3571.4703740658965,3645.4649260147758,3566.5374039359713,3630.666015625,43600,0.0,0.0
2020-12-24 00:00:00+09:00,3665.1967486979165,3699.7275390625,3650.3978385416663,3699.7275390625,34500,0.0,0.0
2020-12-25 00:00:00+09:00,3739.1913263848487,3739.1913263848487,3679.9956853339013,3709.593505859375,40400,0.0,0.0
2020-12-28 00:00:00+09:00,3739.1913797691386,3768.7892007171795,3714.5265289791046,3729.325439453125,70900,0.0,0.0
2020-12-29 00:00:00+09:00,3749.05715487192,3813.185764099992,3724.3923051688153,3803.31982421875,74100,0.0,0.0
2020-12-30 00:00:00+09:00,3818.1187878024193,3837.850667842742,3758.9231476814516,3823.0517578125,65400,0.0,0.0
2021-01-04 00:00:00+09:00,3827.9845366910317,3832.9175064548085,3729.3251414154893,3753.989990234375,75600,0.0,0.0
2021-01-05 00:00:00+09:00,3783.588134765625,3818.1189260868236,3739.191403066941,3783.588134765625,56200,0.0,0.0
2021-01-06 00:00:00+09:00,3813.1859789850782,3842.7838002967346,3798.38706832925,3837.850830078125,46500,0.0,0.0
2021-01-07 00:00:00+09:00,3798.3869869608275,3867.4485685419336,3788.5210467349552,3852.649658203125,89900,0.0,0.0
2021-01-08 00:00:00+09:00,3827.9846711505324,3936.510009765625,3818.118731276433,3936.510009765625,71500,0.0,0.0
2021-01-12 00:00:00+09:00,3867.448708360285,3926.6443518555952,3783.5882134085946,3813.18603515625,101500,0.0,0.0
2021-01-13 00:00:00+09:00,3946.376129518072,3956.2420698418673,3655.3308899661142,3684.9287109375,220700,0.0,0.0
2021-01-14 00:00:00+09:00,3650.397922753642,3679.9957437489415,3576.4033702653924,3640.531982421875,147500,0.0,0.0
2021-01-15 00:00:00+09:00,3635.59893644958,3635.59893644958,3517.2076549369744,3522.140625,109100,0.0,0.0
2021-01-18 00:00:00+09:00,3541.872637501079,3586.269369726023,3512.274816017783,3571.470458984375,67300,0.0,0.0
2021-01-19 00:00:00+09:00,3571.4702448810804,3581.3361847840665,3443.2130261422567,3448.14599609375,101800,0.0,0.0
2021-01-20 00:00:00+09:00,3438.280277340911,3438.280277340911,3359.3527530404026,3393.883544921875,99000,0.0,0.0
2021-01-21 00:00:00+09:00,3393.8832195188133,3448.145887272748,3384.017279927189,3408.68212890625,83900,0.0,0.0
2021-01-22 00:00:00+09:00,3398.8165674815978,3448.1462709283555,3388.9506267922466,3413.615478515625,86100,0.0,0.0
2021-01-25 00:00:00+09:00,3423.4813399690233,3423.4813399690233,3369.218667433491,3384.017578125,71700,0.0,0.0
2021-01-26 00:00:00+09:00,3393.8835185860057,3418.5483697385203,3379.084607894497,3384.017578125,85300,0.0,0.0
2021-01-27 00:00:00+09:00,3384.017469381141,3413.615289813046,3369.2185591651883,3388.950439453125,121900,0.0,0.0
2021-01-28 00:00:00+09:00,3349.4866788772515,3413.615289813046,3319.8888584453466,3388.950439453125,389400,0.0,0.0
2021-01-29 00:00:00+09:00,3374.15131261489,3403.749131146599,3354.41943359375,3354.41943359375,129000,0.0,0.0
2021-02-01 00:00:00+09:00,3354.41943359375,3388.9502218807447,3344.5534940831803,3354.41943359375,77900,0.0,0.0
2021-02-02 00:00:00+09:00,3369.2185855859943,3408.682346471335,3359.352645364659,3398.81640625,76200,0.0,0.0
2021-02-03 00:00:00+09:00,3398.81635101934,3428.414171202382,3374.151500866805,3423.481201171875,95300,0.0,0.0
2021-02-04 00:00:00+09:00,3413.6152064332978,3458.0119359967366,3398.816296578818,3448.14599609375,86100,0.0,0.0
2021-02-05 00:00:00+09:00,3433.3471129413338,3458.011962890625,3408.6822629920425,3458.011962890625,142400,0.0,0.0
2021-02-08 00:00:00+09:00,3418.5482556931515,3502.4087468140515,3403.749345495346,3477.743896484375,117000,0.0,0.0
2021-02-09 00:00:00+09:00,3453.0788308323017,3492.5425888989566,3423.481012282311,3487.609619140625,91100,0.0,0.0
2021-02-10 00:00:00+09:00,3492.542889456464,3502.40882982216,3453.079127993679,3462.945068359375,73700,0.0,0.0
2021-02-12 00:00:00+09:00,3433.347143020073,3438.280113053148,3369.2185325901005,3379.08447265625,91200,0.0,0.0
2021-02-15 00:00:00+09:00,3379.0844993091564,3398.816379597093,3359.3526190212197,3388.950439453125,68700,0.0,0.0
2021-02-16 00:00:00+09:00,3388.950574653093,3408.6824557282202,3384.017604384311,3393.883544921875,74000,0.0,0.0
2021-02-17 00:00:00+09:00,3374.1514758533126,3418.548205798751,3364.2855358654374,3369.218505859375,69100,0.0,0.0
2021-02-18 00:00:00+09:00,3364.285670944125,3379.084581520125,3354.419730560124,3374.151611328125,142300,0.0,0.0
2021-02-19 00:00:00+09:00,3354.4198128900516,3384.0176347684933,3334.687931637757,3359.352783203125,57700,0.0,0.0
2021-02-22 00:00:00+09:00,3364.2854820105395,3374.1514218404827,3329.7546926057394,3349.486572265625,48000,0.0,0.0
2021-02-24 00:00:00+09:00,3339.6207430487434,3344.5537131271017,3275.492132030082,3300.156982421875,102300,0.0,0.0
2021-02-25 00:00:00+09:00,3324.822026257049,3324.822026257049,3270.559352238017,3280.42529296875,75300,0.0,0.0
2021-02-26 00:00:00+09:00,3270.559111841311,3270.559111841311,3191.631591796875,3191.631591796875,135200,0.0,0.0
2021-03-01 00:00:00+09:00,3211.3634950103074,3305.089925740255,3206.430524971889,3290.291015625,80700,0.0,0.0
2021-03-02 00:00:00+09:00,3285.3580474389723,3295.2239875213713,3236.0283470269756,3245.894287109375,103400,0.0,0.0
2021-03-03 00:00:00+09:00,3245.894260313453,3250.8272303139292,3211.3634703101184,3236.0283203125,70400,0.0,0.0
2021-03-04 00:00:00+09:00,3206.43063433457,3250.8273661945873,3186.6987535078956,3240.96142578125,65800,0.0,0.0
2021-03-05 00:00:00+09:00,3240.9614224820525,3300.157064901816,3236.0284522804054,3285.358154296875,77900,0.0,0.0
2021-03-08 00:00:00+09:00,3314.955756455838,3334.6876359585517,3260.6930878233766,3295.223876953125,59500,0.0,0.0
2021-03-09 00:00:00+09:00,3324.8217759139366,3379.08444584725,3300.1569259442485,3369.218505859375,63700,0.0,0.0
2021-03-10 00:00:00+09:00,3393.883544921875,3413.615425997002,3349.486812502839,3393.883544921875,88500,0.0,0.0
2021-03-11 00:00:00+09:00,3418.5481489575955,3482.6767578125,3403.7492392218483,3482.6767578125,83600,0.0,0.0
2021-03-12 00:00:00+09:00,3502.408826696554,3507.341796875,3458.012095090541,3507.341796875,79400,0.0,0.0
2021-03-15 00:00:00+09:00,3527.07356657962,3571.470296788315,3522.140596556432,3556.67138671875,69100,0.0,0.0
2021-03-16 00:00:00+09:00,3556.6714663079224,3591.2022572429505,3551.738496174347,3586.269287109375,72700,0.0,0.0
2021-03-17 00:00:00+09:00,3566.5374590538436,3606.001220703125,3551.7385484353626,3606.001220703125,69900,0.0,0.0
2021-03-18 00:00:00+09:00,3606.0011649753733,3640.5319558848505,3581.336314325747,3630.666015625,64100,0.0,0.0
2021-03-19 00:00:00+09:00,3625.7330719242254,3665.1968332512915,3615.867131592459,3640.531982421875,89500,0.0,0.0
2021-03-22 00:00:00+09:00,3640.532035066754,3675.0628267272787,3635.599064829536,3660.263916015625,82700,0.0,0.0
2021-03-23 00:00:00+09:00,3660.263780601594,3689.861600929909,3645.4648704374367,3655.330810546875,50800,0.0,0.0
2021-03-24 00:00:00+09:00,3655.3307582310267,3675.0626381674965,3591.2021484375,3591.2021484375,85100,0.0,0.0
2021-03-25 00:00:00+09:00,3620.8000753651495,3645.4649260147758,3606.0011649753733,3630.666015625,56400,0.0,0.0
2021-03-26 00:00:00+09:00,3635.5989303279985,3670.1297207110324,3625.73299021856,3655.330810546875,61500,0.0,0.0
2021-03-29 00:00:00+09:00,3679.995550215872,3749.05712890625,3675.0625803094163,3749.05712890625,105100,0.0,0.0
2021-03-30 00:00:00+09:00,3758.9231508524604,3763.8561208667024,3714.5264207242817,3734.25830078125,80200,0.0,0.0
2021-03-31 00:00:00+09:00,3694.794660441081,3694.794660441081,3536.939614868164,3551.738525390625,114400,0.0,0.0
2021-04-01 00:00:00+09:00,3571.4704292600036,3640.532012146247,3571.4704292600036,3606.001220703125,68100,0.0,0.0
2021-04-02 00:00:00+09:00,3601.0680336321198,3630.6658530866302,3596.1350637230344,3615.866943359375,36700,0.0,0.0
2021-04-05 00:00:00+09:00,3625.7329111650956,3630.665881112259,3566.537271799135,3581.336181640625,53200,0.0,0.0
2021-04-06 00:00:00+09:00,3561.604552877825,3601.0683152365823,3477.7440578654664,3492.54296875,95600,0.0,0.0
2021-04-07 00:00:00+09:00,3507.341901458188,3556.671604713578,3497.4759608071104,3546.8056640625,50900,0.0,0.0
2021-04-08 00:00:00+09:00,3551.738558682528,3561.604499123313,3472.81103515625,3472.81103515625,54400,0.0,0.0
2021-04-09 00:00:00+09:00,3502.408909339689,3536.9397014036017,3487.6099984551556,3492.54296875,63900,0.0,0.0
2021-04-12 00:00:00+09:00,3502.408744747899,3532.00656512605,3482.6768644957983,3522.140625,42500,0.0,0.0
2021-04-13 00:00:00+09:00,3522.140435263971,3556.6712238449904,3517.2074654666826,3541.872314453125,51400,0.0,0.0
2021-04-14 00:00:00+09:00,3561.6043855042017,3566.5373555672268,3502.408744747899,3522.140625,65300,0.0,0.0
2021-04-15 00:00:00+09:00,3512.2746848739494,3546.805475315126,3507.3417148109243,3522.140625,36300,0.0,0.0
2021-04-16 00:00:00+09:00,3541.8726716984465,3541.8726716984465,3492.54296875,3492.54296875,39600,0.0,0.0
2021-04-19 00:00:00+09:00,3517.2076013699384,3536.939481321523,3502.40869140625,3502.40869140625,44400,0.0,0.0
2021-04-20 00:00:00+09:00,3472.8111226517344,3492.5430040304373,3413.615478515625,3413.615478515625,89800,0.0,0.0
2021-04-21 00:00:00+09:00,3364.2855912380164,3384.0174715385324,3324.821830636984,3344.5537109375,89400,0.0,0.0
2021-04-22 00:00:00+09:00,3374.151584837793,3393.8834654508796,3344.5537639181634,3364.28564453125,44400,0.0,0.0
2021-04-23 00:00:00+09:00,3364.2856972029886,3403.749459047012,3364.2856972029886,3384.017578125,76400,0.0,0.0
2021-04-26 00:00:00+09:00,3388.9503872925166,3393.8833572885756,3319.888807347691,3324.82177734375,90500,0.0,0.0
2021-04-27 00:00:00+09:00,3324.821859572932,3339.6207699271145,3295.224038864568,3310.02294921875,106500,0.0,0.0
2021-04-28 00:00:00+09:00,3319.88886496804,3319.88886496804,3255.76025390625,3255.76025390625,135600,0.0,0.0
2021-04-30 00:00:00+09:00,3280.4250219468795,3310.022841693769,3265.6261120734353,3270.55908203125,252400,0.0,0.0
2021-05-06 00:00:00+09:00,3255.7601179476983,3334.6876359585517,3236.028238444985,3295.223876953125,223000,0.0,0.0
2021-05-07 00:00:00+09:00,3329.754747339809,3369.2185073082806,3310.022867355573,3324.82177734375,244700,0.0,0.0
2021-05-10 00:00:00+09:00,3319.8886453067557,3359.352403349035,3270.5589477539065,3354.41943359375,164500,0.0,0.0
2021-05-11 00:00:00+09:00,3339.620745294744,3354.4196555397725,3255.76025390625,3255.76025390625,161000,0.0,0.0
2021-05-12 00:00:00+09:00,3270.5591373153734,3280.4250773977724,3240.9613170681755,3245.894287109375,158600,0.0,0.0
2021-05-13 00:00:00+09:00,3231.095458984375,3270.5592203154815,3231.095458984375,3231.095458984375,156400,0.0,0.0
2021-05-14 00:00:00+09:00,3280.4250999608225,3364.2855912380164,3250.827279510048,3344.5537109375,440700,0.0,0.0
2021-05-17 00:00:00+09:00,3354.419653283819,3369.218563518895,3295.2240123435163,3300.156982421875,142800,0.0,0.0
2021-05-18 00:00:00+09:00,3319.888889454872,3319.888889454872,3295.224038864568,3310.02294921875,78600,0.0,0.0
2021-05-19 00:00:00+09:00,3290.291015625,3295.2239856634183,3265.6261654329082,3290.291015625,97900,0.0,0.0
2021-05-20 00:00:00+09:00,3280.42529296875,3305.0901447955825,3270.559352238017,3280.42529296875,138000,0.0,0.0
2021-05-21 00:00:00+09:00,3295.22420406485,3310.023115160949,3275.4923226033834,3280.42529296875,296800,0.0,0.0
2021-05-24 00:00:00+09:00,3295.2241247984634,3314.956005785281,3250.827392578125,3250.827392578125,613300,0.0,0.0
2021-05-25 00:00:00+09:00,3270.559190825033,3275.492160946941,3255.760280459309,3265.626220703125,251600,0.0,0.0
2021-05-26 00:00:00+09:00,3275.4922662080226,3324.82196901236,3260.6933553667213,3305.090087890625,219900,0.0,0.0
2021-05-27 00:00:00+09:00,3285.35791015625,3300.1568196614585,3196.564453125,3196.564453125,821900,0.0,0.0
2021-05-28 00:00:00+09:00,3237.27887234783,3247.209175637241,3217.4182657690094,3232.313720703125,528800,21.0,0.0
2021-05-31 00:00:00+09:00,3242.2439814028535,3257.1394361413045,3197.5576171875,3197.5576171875,162900,0.0,0.0
2021-06-01 00:00:00+09:00,3197.557703309547,3197.557703309547,3133.0107310377707,3152.871337890625,175100,0.0,0.0
2021-06-02 00:00:00+09:00,3157.8364475517515,3157.8364475517515,3083.359172845342,3118.115234375,136800,0.0,0.0
2021-06-03 00:00:00+09:00,3118.1152541188767,3192.592529296875,3113.1501024403433,3192.592529296875,70500,0.0,0.0
2021-06-04 00:00:00+09:00,3202.5226949212733,3227.348452246244,3192.592391991285,3222.38330078125,47900,0.0,0.0
2021-06-07 00:00:00+09:00,3232.3136037112386,3252.174209571215,3222.38330078125,3222.38330078125,66400,0.0,0.0
2021-06-08 00:00:00+09:00,3222.3832373046876,3242.243842773438,3217.4180859375,3227.348388671875,42300,0.0,0.0
2021-06-09 00:00:00+09:00,3237.27880859375,3252.174263234519,3222.3833539529815,3237.27880859375,59900,0.0,0.0
2021-06-10 00:00:00+09:00,3227.348452246244,3237.2787551762326,3192.592391991285,3222.38330078125,81800,0.0,0.0
2021-06-11 00:00:00+09:00,3242.243970706139,3242.243970706139,3212.4530613275224,3217.418212890625,83300,0.0,0.0
2021-06-14 00:00:00+09:00,3222.3833539529815,3247.209111687596,3197.5575962183666,3237.27880859375,58600,0.0,0.0
2021-06-15 00:00:00+09:00,3252.174295048548,3301.825811003488,3237.2788402620663,3291.8955078125,90900,0.0,0.0
2021-06-16 00:00:00+09:00,3281.965194038723,3326.6515582540765,3272.0348908797555,3311.756103515625,82700,0.0,0.0
2021-06-17 00:00:00+09:00,3281.9652261748565,3306.7909843153625,3247.2091647781485,3252.17431640625,44600,0.0,0.0
2021-06-18 00:00:00+09:00,3286.9304423200974,3296.8607457712155,3242.2440767900657,3247.209228515625,60000,0.0,0.0
2021-06-21 00:00:00+09:00,3207.487931060791,3212.4530826568603,3177.697021484375,3177.697021484375,70400,0.0,0.0
2021-06-22 00:00:00+09:00,3217.4182962377267,3286.930419921875,3202.5228411625517,3286.930419921875,65600,0.0,0.0
2021-06-23 00:00:00+09:00,3291.895582761446,3296.860734469985,3257.139520801672,3267.06982421875,43600,0.0,0.0
2021-06-24 00:00:00+09:00,3252.1743056625805,3272.034912109375,3227.3485476040873,3272.034912109375,34200,0.0,0.0
2021-06-25 00:00:00+09:00,3276.999926574248,3311.7559864015507,3247.2090181508456,3301.82568359375,68800,0.0,0.0
2021-06-28 00:00:00+09:00,3291.8954867094353,3341.5470023460784,3277.0000320184427,3331.61669921875,93600,0.0,0.0
2021-06-29 00:00:00+09:00,3316.721171181583,3356.4423828125,3296.8605653661243,3356.4423828125,76300,0.0,0.0
2021-06-30 00:00:00+09:00,3356.4424242424243,3356.4424242424243,3277.0,3277.0,49700,0.0,0.0
2021-07-01 00:00:00+09:00,3276.9999897049133,3296.860595703125,3262.1045352062547,3296.860595703125,60500,0.0,0.0
2021-07-02 00:00:00+09:00,3291.895582761446,3316.7213413041413,3262.104672510211,3267.06982421875,49900,0.0,0.0
2021-07-05 00:00:00+09:00,3247.209058106221,3262.1045125012038,3212.4529978512614,3222.38330078125,39700,0.0,0.0
2021-07-06 00:00:00+09:00,3237.2787551762326,3237.2787551762326,3197.557543456279,3222.38330078125,57400,0.0,0.0
2021-07-07 00:00:00+09:00,3197.5576700154556,3227.348579984544,3192.592518353941,3212.453125,62300,0.0,0.0
2021-07-08 00:00:00+09:00,3212.453028800162,3222.3833318258194,3152.8712106462176,3162.801513671875,92100,0.0,0.0
2021-07-09 00:00:00+09:00,3103.219652932788,3133.0105616009428,3033.7075327070934,3128.04541015625,169700,0.0,0.0
2021-07-12 00:00:00+09:00,3177.697021484375,3197.557627868652,3133.010657119751,3177.697021484375,86300,0.0,0.0
2021-07-13 00:00:00+09:00,3301.8258941965937,3416.02438377031,3277.0001355936115,3361.40771484375,232000,0.0,0.0
2021-07-14 00:00:00+09:00,3361.407671159136,3455.745552624459,3361.407671159136,3440.85009765625,115600,0.0,0.0
2021-07-15 00:00:00+09:00,3440.850086797772,3495.4667548421808,3440.850086797772,3460.710693359375,121300,0.0,0.0
2021-07-16 00:00:00+09:00,3455.745435170948,3465.675738145577,3416.0242232724313,3430.919677734375,66200,0.0,0.0
2021-07-19 00:00:00+09:00,3406.094025314966,3475.6061482805776,3401.128873674565,3460.710693359375,74400,0.0,0.0
2021-07-20 00:00:00+09:00,3460.7106613352876,3545.1182384410263,3445.815206551922,3520.29248046875,114700,0.0,0.0
2021-07-21 00:00:00+09:00,3550.083265590408,3654.351445418937,3475.6059942843153,3644.421142578125,144400,0.0,0.0
2021-07-26 00:00:00+09:00,3669.246889688135,3699.0377981294464,3639.455981246824,3664.28173828125,88000,0.0,0.0
2021-07-27 00:00:00+09:00,3659.316734913345,3733.7940090296274,3659.316734913345,3728.828857421875,85200,0.0,0.0
2021-07-28 00:00:00+09:00,3713.9333064482116,3713.9333064482116,3669.246943135332,3679.17724609375,54300,0.0,0.0
2021-07-29 00:00:00+09:00,3679.17724609375,3689.1075490521675,3639.456034260079,3679.17724609375,52800,0.0,0.0
2021-07-30 00:00:00+09:00,3654.351445418937,3684.142353941374,3619.595385476094,3644.421142578125,92400,0.0,0.0
2021-08-02 00:00:00+09:00,3684.1425143789957,3718.898575835401,3674.212211105737,3689.107666015625,61100,0.0,0.0
2021-08-03 00:00:00+09:00,3694.0727644636822,3713.93337072424,3654.3515519425673,3674.212158203125,44600,0.0,0.0
2021-08-04 00:00:00+09:00,3659.316714079484,3669.2470172384515,3629.5258046025815,3654.3515625,48300,0.0,0.0
2021-08-05 00:00:00+09:00,3624.5606321929604,3704.0030570081485,3609.6651775401124,3694.07275390625,63700,0.0,0.0
2021-08-06 00:00:00+09:00,3694.0727005313765,3694.0727005313765,3639.456034260079,3679.17724609375,29200,0.0,0.0
2021-08-10 00:00:00+09:00,3679.177373615105,3699.0379802203147,3644.421312055988,3669.2470703125,38100,0.0,0.0
2021-08-11 00:00:00+09:00,3699.037905457199,3708.9682085590975,3679.177299253402,3694.07275390625,54600,0.0,0.0
2021-08-12 00:00:00+09:00,3723.8636198005006,3748.6893772658373,3654.351498897558,3659.316650390625,48600,0.0,0.0
2021-08-13 00:00:00+09:00,3659.3167454976156,3723.8637165850905,3639.4561390091617,3708.96826171875,59500,0.0,0.0
2021-08-16 00:00:00+09:00,3713.933242345435,3723.8635451324544,3674.2120311973554,3684.142333984375,58800,0.0,0.0
2021-08-17 00:00:00+09:00,3713.9333187705593,3773.51513671875,3708.9681672748766,3773.51513671875,89600,0.0,0.0
2021-08-18 00:00:00+09:00,3773.515231838474,3843.0273545302357,3768.550080217634,3823.166748046875,97400,0.0,0.0
2021-08-19 00:00:00+09:00,3857.922755752424,3862.887907304229,3803.30608868257,3808.271240234375,64000,0.0,0.0
2021-08-20 00:00:00+09:00,3783.4454720938716,3872.818199781128,3768.5500174793287,3828.1318359375,79400,0.0,0.0
2021-08-23 00:00:00+09:00,3872.81812530203,3872.81812530203,3818.201459432386,3852.95751953125,48300,0.0,0.0
2021-08-24 00:00:00+09:00,3838.0622448620493,3872.8183065878375,3833.097093186937,3857.9228515625,50200,0.0,0.0
2021-08-25 00:00:00+09:00,3867.8531659954115,3867.8531659954115,3833.0971041700354,3838.062255859375,31700,0.0,0.0
2021-08-26 00:00:00+09:00,3847.9923680885554,3872.81812530203,3828.1317623177756,3852.95751953125,40900,0.0,0.0
2021-08-27 00:00:00+09:00,3847.9925170579713,3847.9925170579713,3793.375849073923,3803.30615234375,32300,0.0,0.0
2021-08-30 00:00:00+09:00,3818.201638161599,3857.9228515625,3803.306183136261,3857.9228515625,38000,0.0,0.0
2021-08-31 00:00:00+09:00,3838.0622448620493,3872.8183065878375,3818.201638161599,3857.9228515625,34500,0.0,0.0
2021-09-01 00:00:00+09:00,3843.027290552043,3862.8878967047663,3813.236381322957,3828.1318359375,34900,0.0,0.0
2021-09-02 00:00:00+09:00,3823.1667267081057,3867.8530910462523,3818.2015751149784,3862.887939453125,44300,0.0,0.0
2021-09-03 00:00:00+09:00,3877.7832666641625,3877.7832666641625,3783.445389498197,3872.818115234375,74800,0.0,0.0
2021-09-06 00:00:00+09:00,3862.8879183315444,3902.609130859375,3852.9576151995866,3902.609130859375,39600,0.0,0.0
2021-09-07 00:00:00+09:00,3927.4348572848135,3972.121221021303,3927.4348572848135,3962.19091796875,74600,0.0,0.0
2021-09-08 00:00:00+09:00,3972.121252783079,3972.121252783079,3872.818221463502,3902.609130859375,116400,0.0,0.0
2021-09-09 00:00:00+09:00,3902.609077541307,3937.3651380283163,3872.8181685524423,3887.713623046875,48300,0.0,0.0
2021-09-10 00:00:00+09:00,3872.8181052694517,3892.6787109375,3857.9226510184153,3892.6787109375,94900,0.0,0.0
2021-09-13 00:00:00+09:00,3887.713569523738,3887.713569523738,3828.131752366286,3872.818115234375,39700,0.0,0.0
2021-09-14 00:00:00+09:00,3872.818231997283,3882.74853515625,3852.957625679348,3882.74853515625,65700,0.0,0.0
2021-09-15 00:00:00+09:00,3833.0969137604707,3877.783276744725,3813.236307989691,3852.95751953125,42200,0.0,0.0
2021-09-16 00:00:00+09:00,3877.7834049983853,3887.7137082122094,3818.2015857154393,3843.02734375,83900,0.0,0.0
2021-09-17 00:00:00+09:00,3833.096966764281,3867.85302734375,3813.2363607188704,3867.85302734375,82600,0.0,0.0
2021-09-21 00:00:00+09:00,3818.201449506711,3887.713569523738,3788.410540927985,3872.818115234375,52300,0.0,0.0
2021-09-22 00:00:00+09:00,3857.922647203002,3857.922647203002,3778.480224609375,3778.480224609375,47100,0.0,0.0
2021-09-24 00:00:00+09:00,3828.1317623177756,3867.8529738593347,3788.4105507762165,3852.95751953125,61900,0.0,0.0
2021-09-27 00:00:00+09:00,3857.922873785964,3857.922873785964,3808.2713567488217,3818.20166015625,40600,0.0,0.0
2021-09-28 00:00:00+09:00,3798.3410336927013,3798.3410336927013,3723.8637585222564,3743.724365234375,60600,0.0,0.0
2021-09-29 00:00:00+09:00,3674.212211105737,3699.0379692888837,3624.560694739443,3689.107666015625,82800,0.0,0.0
2021-09-30 00:00:00+09:00,3679.1773413443534,3748.689463852884,3669.247038128849,3728.828857421875,41600,0.0,0.0
2021-10-01 00:00:00+09:00,3704.0030242795024,3708.968175786579,3629.525751673346,3639.4560546875,52600,0.0,0.0
2021-10-04 00:00:00+09:00,3644.4212699848445,3689.1076343307077,3624.560663608905,3634.490966796875,56900,0.0,0.0
2021-10-05 00:00:00+09:00,3634.490859859246,3674.2120714424073,3594.769648276085,3604.699951171875,63800,0.0,0.0
2021-10-06 00:00:00+09:00,3649.386474609375,3664.2819296077805,3624.560716278699,3649.386474609375,47500,0.0,0.0
2021-10-07 00:00:00+09:00,3664.2817482597497,3708.968111043405,3639.455991157719,3644.421142578125,35200,0.0,0.0
2021-10-08 00:00:00+09:00,3689.107666015625,3713.9334241987717,3659.3167561958485,3689.107666015625,34500,0.0,0.0
2021-10-11 00:00:00+09:00,3689.1077187054916,3704.003173828125,3629.525898214959,3704.003173828125,34600,0.0,0.0
2021-10-12 00:00:00+09:00,3654.351445418937,3674.212051100562,3639.455991157719,3644.421142578125,28600,0.0,0.0
2021-10-13 00:00:00+09:00,3619.5953954409247,3639.456001177226,3594.7696382705476,3624.560546875,37300,0.0,0.0
2021-10-14 00:00:00+09:00,3604.6999941379604,3644.4212061945773,3594.7696911238063,3639.4560546875,23900,0.0,0.0
2021-10-15 00:00:00+09:00,3664.281886521097,3728.828857421875,3654.3515833055926,3728.828857421875,32400,0.0,0.0
2021-10-18 00:00:00+09:00,3718.8984579274206,3718.8984579274206,3659.3166401769145,3679.17724609375,26300,0.0,0.0
2021-10-19 00:00:00+09:00,3674.212051100562,3679.177202520968,3634.4908397373124,3644.421142578125,36300,0.0,0.0
2021-10-20 00:00:00+09:00,3634.4909883783666,3634.4909883783666,3569.944017273286,3594.769775390625,37500,0.0,0.0
2021-10-21 00:00:00+09:00,3574.9091796875,3594.7697862413193,3564.97887641059,3574.9091796875,33600,0.0,0.0
2021-10-22 00:00:00+09:00,3555.048583984375,3569.9440389452034,3530.222825716328,3555.048583984375,25900,0.0,0.0
2021-10-25 00:00:00+09:00,3550.0832619110406,3555.0484133263008,3525.25750483474,3530.22265625,23300,0.0,0.0
2021-10-26 00:00:00+09:00,3555.048403354458,3564.978706157124,3530.222646347793,3550.083251953125,22800,0.0,0.0
2021-10-27 00:00:00+09:00,3560.0136288924955,3560.0136288924955,3515.327265349912,3525.257568359375,26200,0.0,0.0
2021-10-28 00:00:00+09:00,3525.2575892260948,3525.2575892260948,3480.5712254190034,3485.536376953125,46700,0.0,0.0
2021-10-29 00:00:00+09:00,3475.606201171875,3495.466808035714,3391.198622000558,3475.606201171875,51900,0.0,0.0
2021-11-01 00:00:00+09:00,3545.1182171809623,3569.9439750043584,3510.362156228208,3560.013671875,35000,0.0,0.0
2021-11-02 00:00:00+09:00,3520.2925442625574,3535.1879993158545,3510.3622408936926,3515.327392578125,30200,0.0,0.0
2021-11-04 00:00:00+09:00,3535.1880104758525,3550.083465576172,3485.536493474787,3495.466796875,77200,0.0,0.0
2021-11-05 00:00:00+09:00,3480.571151970805,3515.32721197622,3480.571151970805,3510.362060546875,18200,0.0,0.0
2021-11-08 00:00:00+09:00,3495.4666470694647,3495.4666470694647,3430.919677734375,3430.919677734375,40500,0.0,0.0
2021-11-09 00:00:00+09:00,3416.0243502812045,3430.9198052969655,3401.1288952654436,3420.989501953125,24500,0.0,0.0
2021-11-10 00:00:00+09:00,3420.989501953125,3445.8152603127264,3406.0940469373636,3420.989501953125,27300,0.0,0.0
2021-11-11 00:00:00+09:00,3406.0938671023346,3430.9196241511854,3401.1287156925646,3416.024169921875,16400,0.0,0.0
2021-11-12 00:00:00+09:00,3416.024339375902,3455.745552624459,3416.024339375902,3440.85009765625,33000,0.0,0.0
2021-11-15 00:00:00+09:00,3445.815185546875,3460.7106402394406,3430.9197308543094,3445.815185546875,20100,0.0,0.0
2021-11-16 00:00:00+09:00,3460.710693359375,3470.6409966401766,3445.8152384381724,3460.710693359375,16300,0.0,0.0
2021-11-17 00:00:00+09:00,3460.710507986627,3460.710507986627,3341.546875,3341.546875,31100,0.0,0.0
2021-11-18 00:00:00+09:00,3326.6516418008905,3396.163765659416,3316.7213383925296,3381.268310546875,32900,0.0,0.0
2021-11-19 00:00:00+09:00,3386.2334092401825,3391.1985608666346,3351.4773478550196,3366.372802734375,20600,0.0,0.0
2021-11-22 00:00:00+09:00,3316.721234085648,3351.477294921875,3311.756082537616,3351.477294921875,42200,0.0,0.0
2021-11-24 00:00:00+09:00,3356.442521280317,3371.337976256413,3311.756156352029,3326.651611328125,19800,0.0,0.0
2021-11-25 00:00:00+09:00,3326.651494374532,3326.651494374532,3301.8257369538264,3316.72119140625,17600,0.0,0.0
2021-11-26 00:00:00+09:00,3296.860606060606,3296.860606060606,3252.1742424242425,3277.0,83100,0.0,0.0
2021-11-29 00:00:00+09:00,3235.0,3245.0,3170.0,3175.0,54200,23.0,0.0
2021-11-30 00:00:00+09:00,3180.0,3225.0,3120.0,3120.0,63100,0.0,0.0
2021-12-01 00:00:00+09:00,3100.0,3120.0,3090.0,3100.0,40900,0.0,0.0
2021-12-02 00:00:00+09:00,3080.0,3170.0,3075.0,3100.0,52500,0.0,0.0
2021-12-03 00:00:00+09:00,3100.0,3150.0,3090.0,3150.0,53600,0.0,0.0
2021-12-06 00:00:00+09:00,3140.0,3180.0,3125.0,3160.0,36700,0.0,0.0
2021-12-07 00:00:00+09:00,3195.0,3275.0,3155.0,3275.0,57600,0.0,0.0
2021-12-08 00:00:00+09:00,3290.0,3290.0,3215.0,3215.0,58500,0.0,0.0
2021-12-09 00:00:00+09:00,3255.0,3255.0,3205.0,3225.0,25600,0.0,0.0
2021-12-10 00:00:00+09:00,3250.0,3260.0,3215.0,3225.0,38900,0.0,0.0
2021-12-13 00:00:00+09:00,3250.0,3265.0,3235.0,3240.0,33100,0.0,0.0
2021-12-14 00:00:00+09:00,3250.0,3305.0,3250.0,3275.0,36300,0.0,0.0
2021-12-15 00:00:00+09:00,3275.0,3325.0,3275.0,3315.0,22600,0.0,0.0
2021-12-16 00:00:00+09:00,3360.0,3365.0,3320.0,3330.0,46400,0.0,0.0
2021-12-17 00:00:00+09:00,3345.0,3370.0,3290.0,3320.0,58700,0.0,0.0
2021-12-20 00:00:00+09:00,3275.0,3290.0,3240.0,3260.0,26800,0.0,0.0
2021-12-21 00:00:00+09:00,3310.0,3310.0,3230.0,3245.0,27900,0.0,0.0
2021-12-22 00:00:00+09:00,3240.0,3240.0,3180.0,3195.0,31900,0.0,0.0
2021-12-23 00:00:00+09:00,3235.0,3235.0,3150.0,3150.0,33200,0.0,0.0
2021-12-24 00:00:00+09:00,3155.0,3170.0,3155.0,3160.0,19700,0.0,0.0
2021-12-27 00:00:00+09:00,3160.0,3180.0,3145.0,3180.0,20200,0.0,0.0
2021-12-28 00:00:00+09:00,3190.0,3200.0,3160.0,3190.0,41500,0.0,0.0
2021-12-29 00:00:00+09:00,3190.0,3275.0,3190.0,3260.0,29900,0.0,0.0
2021-12-30 00:00:00+09:00,3230.0,3245.0,3185.0,3185.0,15700,0.0,0.0
2022-01-04 00:00:00+09:00,3245.0,3300.0,3205.0,3275.0,37800,0.0,0.0
2022-01-05 00:00:00+09:00,3295.0,3295.0,3240.0,3255.0,19300,0.0,0.0
2022-01-06 00:00:00+09:00,3245.0,3275.0,3235.0,3235.0,23000,0.0,0.0
2022-01-07 00:00:00+09:00,3225.0,3240.0,3185.0,3190.0,30900,0.0,0.0
2022-01-11 00:00:00+09:00,3200.0,3200.0,3130.0,3140.0,54800,0.0,0.0
2022-01-12 00:00:00+09:00,3280.0,3280.0,3195.0,3235.0,61300,0.0,0.0
2022-01-13 00:00:00+09:00,3210.0,3215.0,3145.0,3165.0,31400,0.0,0.0
2022-01-14 00:00:00+09:00,3165.0,3210.0,3150.0,3185.0,57800,0.0,0.0
2022-01-17 00:00:00+09:00,3195.0,3250.0,3195.0,3210.0,34700,0.0,0.0
2022-01-18 00:00:00+09:00,3210.0,3210.0,3150.0,3150.0,27500,0.0,0.0
2022-01-19 00:00:00+09:00,3125.0,3140.0,3035.0,3045.0,69400,0.0,0.0
2022-01-20 00:00:00+09:00,3045.0,3100.0,3045.0,3055.0,33200,0.0,0.0
2022-01-21 00:00:00+09:00,3040.0,3085.0,3020.0,3075.0,25500,0.0,0.0
2022-01-24 00:00:00+09:00,3080.0,3135.0,3075.0,3135.0,23400,0.0,0.0
2022-01-25 00:00:00+09:00,3130.0,3130.0,3075.0,3090.0,33200,0.0,0.0
2022-01-26 00:00:00+09:00,3100.0,3115.0,3050.0,3060.0,26300,0.0,0.0
2022-01-27 00:00:00+09:00,3035.0,3035.0,2952.0,2983.0,80300,0.0,0.0
2022-01-28 00:00:00+09:00,3025.0,3085.0,3025.0,3065.0,39100,0.0,0.0
2022-01-31 00:00:00+09:00,3065.0,3110.0,3065.0,3090.0,20600,0.0,0.0
2022-02-01 00:00:00+09:00,3095.0,3120.0,3080.0,3105.0,34100,0.0,0.0
2022-02-02 00:00:00+09:00,3080.0,3130.0,3075.0,3125.0,43000,0.0,0.0
2022-02-03 00:00:00+09:00,3125.0,3150.0,3115.0,3125.0,22500,0.0,0.0
2022-02-04 00:00:00+09:00,3125.0,3160.0,3120.0,3155.0,26300,0.0,0.0
2022-02-07 00:00:00+09:00,3140.0,3160.0,3130.0,3145.0,31500,0.0,0.0
2022-02-08 00:00:00+09:00,3160.0,3185.0,3150.0,3170.0,48100,0.0,0.0
2022-02-09 00:00:00+09:00,3180.0,3205.0,3155.0,3175.0,46000,0.0,0.0
2022-02-10 00:00:00+09:00,3200.0,3200.0,3150.0,3175.0,38300,0.0,0.0
2022-02-14 00:00:00+09:00,3110.0,3145.0,3085.0,3110.0,57500,0.0,0.0
2022-02-15 00:00:00+09:00,3150.0,3180.0,3135.0,3170.0,41900,0.0,0.0
2022-02-16 00:00:00+09:00,3205.0,3205.0,3175.0,3190.0,33900,0.0,0.0
2022-02-17 00:00:00+09:00,3185.0,3190.0,3140.0,3140.0,23900,0.0,0.0
2022-02-18 00:00:00+09:00,3115.0,3165.0,3115.0,3125.0,35400,0.0,0.0
2022-02-21 00:00:00+09:00,3140.0,3150.0,3120.0,3130.0,21900,0.0,0.0
2022-02-22 00:00:00+09:00,3110.0,3140.0,3095.0,3130.0,38900,0.0,0.0
2022-02-24 00:00:00+09:00,3100.0,3175.0,3100.0,3150.0,94500,0.0,0.0
2022-02-25 00:00:00+09:00,3160.0,3160.0,3115.0,3130.0,34200,0.0,0.0
2022-02-28 00:00:00+09:00,3130.0,3145.0,3100.0,3145.0,70900,0.0,0.0
2022-03-01 00:00:00+09:00,3175.0,3180.0,3130.0,3160.0,51000,0.0,0.0
2022-03-02 00:00:00+09:00,3110.0,3125.0,3070.0,3085.0,45000,0.0,0.0
2022-03-03 00:00:00+09:00,3110.0,3140.0,3100.0,3130.0,33900,0.0,0.0
2022-03-04 00:00:00+09:00,3125.0,3140.0,3075.0,3090.0,43200,0.0,0.0
2022-03-07 00:00:00+09:00,3050.0,3120.0,3035.0,3105.0,53900,0.0,0.0
2022-03-08 00:00:00+09:00,3075.0,3120.0,3045.0,3060.0,78900,0.0,0.0
2022-03-09 00:00:00+09:00,3075.0,3125.0,3055.0,3090.0,35700,0.0,0.0
2022-03-10 00:00:00+09:00,3140.0,3200.0,3130.0,3195.0,62600,0.0,0.0
2022-03-11 00:00:00+09:00,3155.0,3175.0,3125.0,3165.0,40800,0.0,0.0
2022-03-14 00:00:00+09:00,3210.0,3210.0,3160.0,3175.0,40700,0.0,0.0
2022-03-15 00:00:00+09:00,3125.0,3200.0,3125.0,3200.0,46300,0.0,0.0
2022-03-16 00:00:00+09:00,3230.0,3250.0,3210.0,3225.0,57300,0.0,0.0
2022-03-17 00:00:00+09:00,3290.0,3290.0,3235.0,3260.0,59700,0.0,0.0
2022-03-18 00:00:00+09:00,3280.0,3280.0,3200.0,3230.0,98700,0.0,0.0
2022-03-22 00:00:00+09:00,3250.0,3250.0,3195.0,3210.0,57200,0.0,0.0
2022-03-23 00:00:00+09:00,3240.0,3285.0,3225.0,3275.0,72000,0.0,0.0
2022-03-24 00:00:00+09:00,3250.0,3265.0,3185.0,3235.0,46800,0.0,0.0
2022-03-25 00:00:00+09:00,3275.0,3275.0,3235.0,3270.0,68000,0.0,0.0
2022-03-28 00:00:00+09:00,3270.0,3280.0,3255.0,3270.0,51300,0.0,0.0
2022-03-29 00:00:00+09:00,3280.0,3305.0,3250.0,3295.0,63500,0.0,0.0
2022-03-30 00:00:00+09:00,3310.0,3320.0,3240.0,3270.0,56800,0.0,0.0
2022-03-31 00:00:00+09:00,3270.0,3280.0,3205.0,3215.0,75700,0.0,0.0
2022-04-01 00:00:00+09:00,3185.0,3225.0,3155.0,3220.0,49700,0.0,0.0
2022-04-04 00:00:00+09:00,3200.0,3205.0,3125.0,3140.0,89200,0.0,0.0
2022-04-05 00:00:00+09:00,3175.0,3180.0,3140.0,3150.0,60500,0.0,0.0
2022-04-06 00:00:00+09:00,3140.0,3160.0,3120.0,3120.0,64200,0.0,0.0
2022-04-07 00:00:00+09:00,3110.0,3120.0,3060.0,3085.0,69200,0.0,0.0
2022-04-08 00:00:00+09:00,3115.0,3120.0,3075.0,3085.0,76400,0.0,0.0
2022-04-11 00:00:00+09:00,3085.0,3100.0,3070.0,3080.0,63800,0.0,0.0
2022-04-12 00:00:00+09:00,3075.0,3095.0,3050.0,3065.0,50800,0.0,0.0
2022-04-13 00:00:00+09:00,3055.0,3085.0,3045.0,3070.0,45200,0.0,0.0
2022-04-14 00:00:00+09:00,3080.0,3105.0,3075.0,3090.0,38700,0.0,0.0
2022-04-15 00:00:00+09:00,3090.0,3090.0,3035.0,3035.0,76100,0.0,0.0
2022-04-18 00:00:00+09:00,3010.0,3015.0,2960.0,2995.0,88200,0.0,0.0
2022-04-19 00:00:00+09:00,3020.0,3030.0,2973.0,2974.0,72600,0.0,0.0
2022-04-20 00:00:00+09:00,2984.0,3030.0,2983.0,2996.0,71100,0.0,0.0
2022-04-21 00:00:00+09:00,2990.0,3015.0,2987.0,3010.0,55300,0.0,0.0
2022-04-22 00:00:00+09:00,3010.0,3010.0,2958.0,2968.0,144400,0.0,0.0
2022-04-25 00:00:00+09:00,2920.0,2954.0,2910.0,2945.0,83000,0.0,0.0
2022-04-26 00:00:00+09:00,2945.0,2954.0,2892.0,2900.0,113700,0.0,0.0
2022-04-27 00:00:00+09:00,2868.0,2899.0,2851.0,2858.0,212800,0.0,0.0
2022-04-28 00:00:00+09:00,2863.0,2984.0,2863.0,2972.0,308400,0.0,0.0
2022-05-02 00:00:00+09:00,2967.0,2970.0,2929.0,2944.0,201700,0.0,0.0
2022-05-06 00:00:00+09:00,2913.0,2979.0,2913.0,2956.0,685000,0.0,0.0
2022-05-09 00:00:00+09:00,2923.0,2965.0,2895.0,2895.0,243700,0.0,0.0
2022-05-10 00:00:00+09:00,2887.0,2960.0,2885.0,2940.0,171700,0.0,0.0
2022-05-11 00:00:00+09:00,2926.0,2982.0,2915.0,2968.0,109100,0.0,0.0
2022-05-12 00:00:00+09:00,2931.0,2961.0,2921.0,2929.0,130300,0.0,0.0
2022-05-13 00:00:00+09:00,2968.0,2999.0,2950.0,2999.0,314800,0.0,0.0
2022-05-16 00:00:00+09:00,3000.0,3005.0,2927.0,2929.0,219200,0.0,0.0
2022-05-17 00:00:00+09:00,2942.0,2950.0,2906.0,2909.0,126200,0.0,0.0
2022-05-18 00:00:00+09:00,2926.0,2936.0,2898.0,2920.0,134200,0.0,0.0
2022-05-19 00:00:00+09:00,2880.0,2902.0,2868.0,2902.0,238000,0.0,0.0
2022-05-20 00:00:00+09:00,2910.0,2954.0,2904.0,2943.0,268700,0.0,0.0
2022-05-23 00:00:00+09:00,2993.0,2993.0,2957.0,2983.0,375900,0.0,0.0
2022-05-24 00:00:00+09:00,2991.0,2991.0,2967.0,2975.0,113400,0.0,0.0
2022-05-25 00:00:00+09:00,2970.0,2980.0,2920.0,2936.0,138100,0.0,0.0
2022-05-26 00:00:00+09:00,2935.0,2959.0,2930.0,2930.0,218900,0.0,0.0
2022-05-27 00:00:00+09:00,2961.0,2962.0,2901.0,2911.0,704700,0.0,0.0
2022-05-30 00:00:00+09:00,2908.0,2952.0,2880.0,2929.0,740400,0.0,0.0
2022-05-31 00:00:00+09:00,2898.0,2954.0,2881.0,2937.0,180600,0.0,0.0
2022-06-01 00:00:00+09:00,2950.0,3035.0,2939.0,3035.0,206100,0.0,0.0
2022-06-02 00:00:00+09:00,3000.0,3000.0,2932.0,2941.0,100900,0.0,0.0
2022-06-03 00:00:00+09:00,2930.0,2943.0,2919.0,2925.0,88200,0.0,0.0
2022-06-06 00:00:00+09:00,2900.0,2912.0,2882.0,2883.0,105500,0.0,0.0
2022-06-07 00:00:00+09:00,2881.0,2886.0,2862.0,2870.0,106300,0.0,0.0
2022-06-08 00:00:00+09:00,2861.0,2898.0,2856.0,2873.0,107800,0.0,0.0
2022-06-09 00:00:00+09:00,2868.0,2881.0,2855.0,2871.0,97900,0.0,0.0
2022-06-10 00:00:00+09:00,2855.0,2862.0,2817.0,2821.0,118200,0.0,0.0
2022-06-13 00:00:00+09:00,2779.0,2802.0,2770.0,2795.0,88800,0.0,0.0
2022-06-14 00:00:00+09:00,2765.0,2794.0,2731.0,2742.0,96300,0.0,0.0
2022-06-15 00:00:00+09:00,2748.0,2752.0,2686.0,2689.0,130700,0.0,0.0
2022-06-16 00:00:00+09:00,2718.0,2748.0,2695.0,2706.0,71000,0.0,0.0
2022-06-17 00:00:00+09:00,2625.0,2691.0,2617.0,2675.0,171500,0.0,0.0
2022-06-20 00:00:00+09:00,2690.0,2707.0,2660.0,2676.0,86600,0.0,0.0
2022-06-21 00:00:00+09:00,2717.0,2734.0,2690.0,2704.0,77500,0.0,0.0
2022-06-22 00:00:00+09:00,2736.0,2775.0,2720.0,2763.0,81300,0.0,0.0
2022-06-23 00:00:00+09:00,2787.0,2863.0,2786.0,2846.0,101900,0.0,0.0
2022-06-24 00:00:00+09:00,2877.0,2936.0,2876.0,2934.0,109900,0.0,0.0
2022-06-27 00:00:00+09:00,2935.0,2941.0,2902.0,2934.0,71500,0.0,0.0
2022-06-28 00:00:00+09:00,2930.0,2959.0,2915.0,2959.0,90900,0.0,0.0
2022-06-29 00:00:00+09:00,2946.0,2994.0,2921.0,2984.0,140900,0.0,0.0
2022-06-30 00:00:00+09:00,2984.0,3010.0,2969.0,2991.0,76500,0.0,0.0
2022-07-01 00:00:00+09:00,2991.0,3030.0,2961.0,2973.0,67700,0.0,0.0
2022-07-04 00:00:00+09:00,3035.0,3055.0,3005.0,3050.0,62300,0.0,0.0
2022-07-05 00:00:00+09:00,3025.0,3040.0,3005.0,3015.0,78400,0.0,0.0
2022-07-06 00:00:00+09:00,3005.0,3095.0,2997.0,3095.0,84300,0.0,0.0
2022-07-07 00:00:00+09:00,3100.0,3135.0,3085.0,3125.0,102900,0.0,0.0
2022-07-08 00:00:00+09:00,3130.0,3140.0,3095.0,3095.0,88800,0.0,0.0
2022-07-11 00:00:00+09:00,3095.0,3155.0,3070.0,3145.0,108500,0.0,0.0
2022-07-12 00:00:00+09:00,3005.0,3055.0,2993.0,3025.0,117100,0.0,0.0
2022-07-13 00:00:00+09:00,3065.0,3065.0,2985.0,3015.0,90300,0.0,0.0
2022-07-14 00:00:00+09:00,3035.0,3070.0,3010.0,3060.0,64600,0.0,0.0
2022-07-15 00:00:00+09:00,3075.0,3100.0,3055.0,3070.0,47400,0.0,0.0
2022-07-19 00:00:00+09:00,3085.0,3085.0,3000.0,3015.0,36100,0.0,0.0
2022-07-20 00:00:00+09:00,3050.0,3065.0,3020.0,3060.0,65700,0.0,0.0
2022-07-21 00:00:00+09:00,3050.0,3080.0,3040.0,3080.0,33100,0.0,0.0
2022-07-22 00:00:00+09:00,3080.0,3110.0,3075.0,3095.0,48500,0.0,0.0
2022-07-25 00:00:00+09:00,3110.0,3140.0,3100.0,3125.0,49600,0.0,0.0
2022-07-26 00:00:00+09:00,3120.0,3120.0,3070.0,3090.0,43200,0.0,0.0
2022-07-27 00:00:00+09:00,3090.0,3100.0,3065.0,3070.0,45400,0.0,0.0
2022-07-28 00:00:00+09:00,3065.0,3105.0,3040.0,3100.0,75300,0.0,0.0
2022-07-29 00:00:00+09:00,3110.0,3115.0,3065.0,3075.0,39000,0.0,0.0
2022-08-01 00:00:00+09:00,3100.0,3150.0,3075.0,3150.0,68400,0.0,0.0
2022-08-02 00:00:00+09:00,3140.0,3140.0,3065.0,3080.0,52100,0.0,0.0
2022-08-03 00:00:00+09:00,3095.0,3095.0,3040.0,3065.0,34500,0.0,0.0
2022-08-04 00:00:00+09:00,3075.0,3085.0,3050.0,3070.0,34500,0.0,0.0
2022-08-05 00:00:00+09:00,3075.0,3110.0,3070.0,3110.0,50500,0.0,0.0
2022-08-08 00:00:00+09:00,3100.0,3120.0,3090.0,3115.0,43900,0.0,0.0
2022-08-09 00:00:00+09:00,3125.0,3130.0,3095.0,3110.0,27700,0.0,0.0
2022-08-10 00:00:00+09:00,3125.0,3130.0,3110.0,3125.0,19800,0.0,0.0
2022-08-12 00:00:00+09:00,3140.0,3160.0,3120.0,3145.0,54700,0.0,0.0
2022-08-15 00:00:00+09:00,3165.0,3165.0,3140.0,3165.0,30100,0.0,0.0
2022-08-16 00:00:00+09:00,3175.0,3230.0,3160.0,3230.0,66100,0.0,0.0
2022-08-17 00:00:00+09:00,3240.0,3290.0,3230.0,3280.0,63500,0.0,0.0
2022-08-18 00:00:00+09:00,3280.0,3280.0,3255.0,3275.0,33900,0.0,0.0
2022-08-19 00:00:00+09:00,3285.0,3295.0,3265.0,3275.0,24000,0.0,0.0
2022-08-22 00:00:00+09:00,3265.0,3310.0,3240.0,3295.0,44100,0.0,0.0
2022-08-23 00:00:00+09:00,3270.0,3275.0,3225.0,3240.0,31200,0.0,0.0
2022-08-24 00:00:00+09:00,3235.0,3235.0,3180.0,3200.0,39500,0.0,0.0
2022-08-25 00:00:00+09:00,3200.0,3210.0,3185.0,3195.0,24300,0.0,0.0
2022-08-26 00:00:00+09:00,3190.0,3200.0,3150.0,3165.0,25600,0.0,0.0
2022-08-29 00:00:00+09:00,3110.0,3145.0,3105.0,3125.0,48000,0.0,0.0
2022-08-30 00:00:00+09:00,3175.0,3175.0,3135.0,3165.0,30600,0.0,0.0
2022-08-31 00:00:00+09:00,3125.0,3145.0,3120.0,3130.0,47600,0.0,0.0
2022-09-01 00:00:00+09:00,3100.0,3110.0,3075.0,3085.0,53300,0.0,0.0
2022-09-02 00:00:00+09:00,3135.0,3135.0,3095.0,3115.0,63800,0.0,0.0
2022-09-05 00:00:00+09:00,3100.0,3100.0,3050.0,3055.0,35700,0.0,0.0
2022-09-06 00:00:00+09:00,3055.0,3075.0,3010.0,3025.0,46300,0.0,0.0
2022-09-07 00:00:00+09:00,3010.0,3015.0,2973.0,3015.0,57100,0.0,0.0
2022-09-08 00:00:00+09:00,3065.0,3105.0,3035.0,3085.0,63800,0.0,0.0
2022-09-09 00:00:00+09:00,3050.0,3110.0,3050.0,3095.0,63100,0.0,0.0
2022-09-12 00:00:00+09:00,3125.0,3135.0,3110.0,3130.0,22300,0.0,0.0
2022-09-13 00:00:00+09:00,3130.0,3180.0,3120.0,3165.0,25600,0.0,0.0
2022-09-14 00:00:00+09:00,3120.0,3130.0,3105.0,3110.0,41000,0.0,0.0
2022-09-15 00:00:00+09:00,3125.0,3125.0,3080.0,3095.0,24200,0.0,0.0
2022-09-16 00:00:00+09:00,3085.0,3115.0,3085.0,3110.0,36000,0.0,0.0
2022-09-20 00:00:00+09:00,3140.0,3140.0,3095.0,3125.0,30900,0.0,0.0
2022-09-21 00:00:00+09:00,3095.0,3115.0,3080.0,3080.0,33100,0.0,0.0
2022-09-22 00:00:00+09:00,3065.0,3080.0,3040.0,3055.0,51200,0.0,0.0
2022-09-26 00:00:00+09:00,3035.0,3090.0,3035.0,3070.0,78300,0.0,0.0
2022-09-27 00:00:00+09:00,3090.0,3135.0,3070.0,3115.0,77900,0.0,0.0
2022-09-28 00:00:00+09:00,3080.0,3100.0,3050.0,3080.0,100900,0.0,0.0
2022-09-29 00:00:00+09:00,3150.0,3230.0,3120.0,3205.0,149700,0.0,0.0
2022-09-30 00:00:00+09:00,3180.0,3255.0,3110.0,3135.0,182300,0.0,0.0
2022-10-03 00:00:00+09:00,3115.0,3115.0,2967.0,2992.0,152900,0.0,0.0
2022-10-04 00:00:00+09:00,3045.0,3240.0,3025.0,3210.0,159200,0.0,0.0
2022-10-05 00:00:00+09:00,3210.0,3290.0,3195.0,3275.0,107600,0.0,0.0
2022-10-06 00:00:00+09:00,3290.0,3310.0,3230.0,3230.0,83000,0.0,0.0
2022-10-07 00:00:00+09:00,3200.0,3245.0,3195.0,3230.0,55300,0.0,0.0
2022-10-11 00:00:00+09:00,3220.0,3230.0,3105.0,3105.0,115400,0.0,0.0
2022-10-12 00:00:00+09:00,3120.0,3220.0,3120.0,3195.0,58500,0.0,0.0
2022-10-13 00:00:00+09:00,3170.0,3180.0,3095.0,3135.0,83300,0.0,0.0
2022-10-14 00:00:00+09:00,3205.0,3235.0,3185.0,3195.0,79800,0.0,0.0
2022-10-17 00:00:00+09:00,3150.0,3215.0,3145.0,3190.0,40400,0.0,0.0
2022-10-18 00:00:00+09:00,3240.0,3265.0,3225.0,3225.0,41200,0.0,0.0
2022-10-19 00:00:00+09:00,3210.0,3305.0,3205.0,3225.0,55000,0.0,0.0
2022-10-20 00:00:00+09:00,3195.0,3225.0,3190.0,3220.0,28900,0.0,0.0
2022-10-21 00:00:00+09:00,3200.0,3200.0,3155.0,3180.0,27100,0.0,0.0
2022-10-24 00:00:00+09:00,3180.0,3210.0,3115.0,3135.0,46900,0.0,0.0
2022-10-25 00:00:00+09:00,3175.0,3185.0,3110.0,3115.0,45600,0.0,0.0
2022-10-26 00:00:00+09:00,3130.0,3170.0,3125.0,3145.0,44500,0.0,0.0
2022-10-27 00:00:00+09:00,3145.0,3155.0,3120.0,3140.0,61000,0.0,0.0
2022-10-28 00:00:00+09:00,3105.0,3185.0,3095.0,3150.0,290900,0.0,0.0
2022-10-31 00:00:00+09:00,3175.0,3190.0,3135.0,3170.0,107800,0.0,0.0
2022-11-01 00:00:00+09:00,3195.0,3195.0,3130.0,3165.0,47400,0.0,0.0
2022-11-02 00:00:00+09:00,3150.0,3185.0,3135.0,3135.0,55000,0.0,0.0
2022-11-04 00:00:00+09:00,3090.0,3105.0,3075.0,3090.0,73100,0.0,0.0
2022-11-07 00:00:00+09:00,3100.0,3140.0,3100.0,3135.0,37400,0.0,0.0
2022-11-08 00:00:00+09:00,3140.0,3165.0,3130.0,3140.0,59100,0.0,0.0
2022-11-09 00:00:00+09:00,3140.0,3140.0,3110.0,3140.0,35800,0.0,0.0
2022-11-10 00:00:00+09:00,3125.0,3145.0,3105.0,3135.0,44100,0.0,0.0
2022-11-11 00:00:00+09:00,3190.0,3215.0,3165.0,3195.0,95400,0.0,0.0
2022-11-14 00:00:00+09:00,3160.0,3205.0,3160.0,3175.0,58500,0.0,0.0
2022-11-15 00:00:00+09:00,3195.0,3220.0,3180.0,3190.0,51600,0.0,0.0
2022-11-16 00:00:00+09:00,3185.0,3235.0,3165.0,3235.0,45600,0.0,0.0
2022-11-17 00:00:00+09:00,3240.0,3260.0,3225.0,3260.0,49300,0.0,0.0
2022-11-18 00:00:00+09:00,3275.0,3305.0,3260.0,3295.0,75700,0.0,0.0
2022-11-21 00:00:00+09:00,3320.0,3335.0,3290.0,3310.0,90600,0.0,0.0
2022-11-22 00:00:00+09:00,3330.0,3390.0,3330.0,3365.0,80300,0.0,0.0
2022-11-24 00:00:00+09:00,3400.0,3420.0,3380.0,3380.0,72600,0.0,0.0
2022-11-25 00:00:00+09:00,3355.0,3360.0,3270.0,3270.0,88400,0.0,0.0
2022-11-28 00:00:00+09:00,3285.0,3290.0,3180.0,3220.0,141700,0.0,0.0
2022-11-29 00:00:00+09:00,3160.0,3175.0,3120.0,3135.0,100600,0.0,0.0
2022-11-30 00:00:00+09:00,3130.0,3145.0,3060.0,3065.0,166400,0.0,0.0
2022-12-01 00:00:00+09:00,3090.0,3110.0,3065.0,3105.0,57600,0.0,0.0
2022-12-02 00:00:00+09:00,3085.0,3095.0,3055.0,3070.0,73000,0.0,0.0
2022-12-05 00:00:00+09:00,3080.0,3095.0,3055.0,3090.0,49400,0.0,0.0
2022-12-06 00:00:00+09:00,3065.0,3125.0,3065.0,3125.0,58900,0.0,0.0
2022-12-07 00:00:00+09:00,3110.0,3165.0,3100.0,3140.0,45800,0.0,0.0
2022-12-08 00:00:00+09:00,3150.0,3175.0,3110.0,3165.0,49300,0.0,0.0
2022-12-09 00:00:00+09:00,3155.0,3210.0,3145.0,3205.0,58700,0.0,0.0
2022-12-12 00:00:00+09:00,3200.0,3230.0,3180.0,3220.0,41800,0.0,0.0
2022-12-13 00:00:00+09:00,3250.0,3260.0,3215.0,3215.0,34800,0.0,0.0
2022-12-14 00:00:00+09:00,3220.0,3250.0,3210.0,3250.0,28500,0.0,0.0
2022-12-15 00:00:00+09:00,3245.0,3260.0,3235.0,3240.0,23400,0.0,0.0
2022-12-16 00:00:00+09:00,3240.0,3265.0,3215.0,3220.0,72900,0.0,0.0
2022-12-19 00:00:00+09:00,3220.0,3265.0,3220.0,3255.0,55400,0.0,0.0
2022-12-20 00:00:00+09:00,3255.0,3275.0,3170.0,3230.0,73400,0.0,0.0
2022-12-21 00:00:00+09:00,3230.0,3255.0,3200.0,3250.0,70200,0.0,0.0
2022-12-22 00:00:00+09:00,3265.0,3300.0,3240.0,3295.0,54200,0.0,0.0
2022-12-23 00:00:00+09:00,3280.0,3315.0,3260.0,3315.0,45100,0.0,0.0
2022-12-26 00:00:00+09:00,3310.0,3350.0,3305.0,3345.0,52300,0.0,0.0
2022-12-27 00:00:00+09:00,3360.0,3430.0,3355.0,3405.0,61000,0.0,0.0
2022-12-28 00:00:00+09:00,3385.0,3410.0,3355.0,3410.0,58000,0.0,0.0
2022-12-29 00:00:00+09:00,3400.0,3405.0,3270.0,3285.0,87500,0.0,0.0
2022-12-30 00:00:00+09:00,3310.0,3335.0,3290.0,3305.0,60300,0.0,0.0
2023-01-04 00:00:00+09:00,3305.0,3305.0,3200.0,3200.0,50800,0.0,0.0
2023-01-05 00:00:00+09:00,3160.0,3185.0,3140.0,3180.0,65100,0.0,0.0
2023-01-06 00:00:00+09:00,3180.0,3220.0,3150.0,3185.0,62700,0.0,0.0
2023-01-10 00:00:00+09:00,3215.0,3225.0,3160.0,3205.0,84800,0.0,0.0
2023-01-11 00:00:00+09:00,3340.0,3345.0,3205.0,3210.0,185200,0.0,0.0
2023-01-12 00:00:00+09:00,3240.0,3260.0,3190.0,3245.0,97900,0.0,0.0
2023-01-13 00:00:00+09:00,3225.0,3270.0,3200.0,3215.0,68900,0.0,0.0
2023-01-16 00:00:00+09:00,3205.0,3220.0,3170.0,3185.0,64800,0.0,0.0
2023-01-17 00:00:00+09:00,3240.0,3240.0,3170.0,3200.0,59300,0.0,0.0
2023-01-18 00:00:00+09:00,3220.0,3285.0,3205.0,3260.0,80000,0.0,0.0
2023-01-19 00:00:00+09:00,3230.0,3345.0,3230.0,3340.0,82100,0.0,0.0
2023-01-20 00:00:00+09:00,3325.0,3355.0,3310.0,3335.0,47500,0.0,0.0
2023-01-23 00:00:00+09:00,3370.0,3420.0,3345.0,3405.0,85100,0.0,0.0
2023-01-24 00:00:00+09:00,3420.0,3475.0,3415.0,3465.0,75700,0.0,0.0
2023-01-25 00:00:00+09:00,3460.0,3470.0,3435.0,3450.0,53200,0.0,0.0
2023-01-26 00:00:00+09:00,3460.0,3465.0,3430.0,3445.0,40700,0.0,0.0
2023-01-27 00:00:00+09:00,3465.0,3485.0,3450.0,3460.0,50700,0.0,0.0
2023-01-30 00:00:00+09:00,3460.0,3495.0,3445.0,3490.0,65200,0.0,0.0
2023-01-31 00:00:00+09:00,3500.0,3535.0,3495.0,3525.0,53800,0.0,0.0
2023-02-01 00:00:00+09:00,3550.0,3580.0,3535.0,3540.0,35700,0.0,0.0
2023-02-02 00:00:00+09:00,3540.0,3550.0,3480.0,3485.0,30700,0.0,0.0
2023-02-03 00:00:00+09:00,3450.0,3480.0,3445.0,3450.0,40600,0.0,0.0
2023-02-06 00:00:00+09:00,3470.0,3495.0,3455.0,3465.0,46000,0.0,0.0
2023-02-07 00:00:00+09:00,3485.0,3510.0,3455.0,3465.0,22800,0.0,0.0
2023-02-08 00:00:00+09:00,3470.0,3485.0,3455.0,3465.0,15900,0.0,0.0
2023-02-09 00:00:00+09:00,3445.0,3465.0,3415.0,3420.0,43200,0.0,0.0
2023-02-10 00:00:00+09:00,3415.0,3445.0,3400.0,3445.0,37900,0.0,0.0
2023-02-13 00:00:00+09:00,3430.0,3440.0,3385.0,3390.0,36900,0.0,0.0
2023-02-14 00:00:00+09:00,3440.0,3465.0,3425.0,3465.0,25600,0.0,0.0
2023-02-15 00:00:00+09:00,3475.0,3495.0,3425.0,3445.0,31300,0.0,0.0
2023-02-16 00:00:00+09:00,3465.0,3500.0,3455.0,3470.0,34300,0.0,0.0
2023-02-17 00:00:00+09:00,3470.0,3470.0,3410.0,3410.0,23800,0.0,0.0
2023-02-20 00:00:00+09:00,3420.0,3425.0,3365.0,3380.0,39200,0.0,0.0
2023-02-21 00:00:00+09:00,3365.0,3390.0,3355.0,3355.0,23300,0.0,0.0
2023-02-22 00:00:00+09:00,3335.0,3365.0,3320.0,3360.0,34800,0.0,0.0
2023-02-24 00:00:00+09:00,3360.0,3405.0,3360.0,3395.0,45300,0.0,0.0
2023-02-27 00:00:00+09:00,3375.0,3375.0,3330.0,3335.0,32900,0.0,0.0
2023-02-28 00:00:00+09:00,3340.0,3390.0,3340.0,3375.0,45600,0.0,0.0
2023-03-01 00:00:00+09:00,3370.0,3370.0,3310.0,3315.0,41500,0.0,0.0
2023-03-02 00:00:00+09:00,3315.0,3330.0,3265.0,3275.0,48600,0.0,0.0
2023-03-03 00:00:00+09:00,3300.0,3355.0,3285.0,3335.0,60600,0.0,0.0
2023-03-06 00:00:00+09:00,3365.0,3400.0,3360.0,3395.0,53300,0.0,0.0
2023-03-07 00:00:00+09:00,3400.0,3435.0,3395.0,3415.0,47500,0.0,0.0
2023-03-08 00:00:00+09:00,3415.0,3445.0,3405.0,3420.0,50000,0.0,0.0
2023-03-09 00:00:00+09:00,3455.0,3490.0,3455.0,3490.0,52600,0.0,0.0
2023-03-10 00:00:00+09:00,3455.0,3475.0,3405.0,3420.0,80500,0.0,0.0
2023-03-13 00:00:00+09:00,3420.0,3425.0,3380.0,3405.0,34100,0.0,0.0
2023-03-14 00:00:00+09:00,3355.0,3365.0,3305.0,3325.0,69900,0.0,0.0
2023-03-15 00:00:00+09:00,3345.0,3355.0,3320.0,3325.0,37300,0.0,0.0
2023-03-16 00:00:00+09:00,3295.0,3355.0,3280.0,3355.0,45400,0.0,0.0
2023-03-17 00:00:00+09:00,3360.0,3395.0,3345.0,3380.0,47300,0.0,0.0
2023-03-20 00:00:00+09:00,3350.0,3350.0,3280.0,3280.0,47000,0.0,0.0
2023-03-22 00:00:00+09:00,3315.0,3360.0,3300.0,3345.0,42500,0.0,0.0
2023-03-23 00:00:00+09:00,3305.0,3310.0,3280.0,3305.0,30500,0.0,0.0
2023-03-24 00:00:00+09:00,3310.0,3350.0,3300.0,3325.0,43100,0.0,0.0
2023-03-27 00:00:00+09:00,3345.0,3355.0,3305.0,3305.0,32800,0.0,0.0
2023-03-28 00:00:00+09:00,3330.0,3330.0,3295.0,3300.0,27700,0.0,0.0
2023-03-29 00:00:00+09:00,3320.0,3405.0,3305.0,3395.0,74000,0.0,0.0
2023-03-30 00:00:00+09:00,3385.0,3385.0,3335.0,3355.0,49300,0.0,0.0
2023-03-31 00:00:00+09:00,3380.0,3385.0,3355.0,3360.0,70800,0.0,0.0
2023-04-03 00:00:00+09:00,3385.0,3390.0,3340.0,3355.0,54400,0.0,0.0
2023-04-04 00:00:00+09:00,3360.0,3370.0,3325.0,3350.0,68800,0.0,0.0
2023-04-05 00:00:00+09:00,3335.0,3355.0,3290.0,3305.0,84300,0.0,0.0
2023-04-06 00:00:00+09:00,3275.0,3275.0,3225.0,3235.0,81300,0.0,0.0
2023-04-07 00:00:00+09:00,3235.0,3250.0,3210.0,3215.0,104600,0.0,0.0
2023-04-10 00:00:00+09:00,3245.0,3260.0,3210.0,3230.0,84100,0.0,0.0
2023-04-11 00:00:00+09:00,3210.0,3280.0,3210.0,3275.0,100800,0.0,0.0
2023-04-12 00:00:00+09:00,3300.0,3345.0,3270.0,3280.0,70100,0.0,0.0
2023-04-13 00:00:00+09:00,3290.0,3320.0,3270.0,3305.0,50200,0.0,0.0
2023-04-14 00:00:00+09:00,3330.0,3360.0,3320.0,3345.0,109400,0.0,0.0
2023-04-17 00:00:00+09:00,3345.0,3350.0,3310.0,3310.0,58000,0.0,0.0
2023-04-18 00:00:00+09:00,3310.0,3380.0,3310.0,3365.0,76200,0.0,0.0
2023-04-19 00:00:00+09:00,3350.0,3360.0,3305.0,3320.0,45900,0.0,0.0
2023-04-20 00:00:00+09:00,3305.0,3340.0,3305.0,3310.0,43900,0.0,0.0
2023-04-21 00:00:00+09:00,3325.0,3355.0,3315.0,3315.0,126500,0.0,0.0
2023-04-24 00:00:00+09:00,3340.0,3345.0,3310.0,3315.0,60400,0.0,0.0
2023-04-25 00:00:00+09:00,3345.0,3370.0,3335.0,3345.0,58300,0.0,0.0
2023-04-26 00:00:00+09:00,3320.0,3350.0,3290.0,3300.0,90400,0.0,0.0
2023-04-27 00:00:00+09:00,3260.0,3300.0,3255.0,3285.0,146400,0.0,0.0
2023-04-28 00:00:00+09:00,3250.0,3320.0,3250.0,3290.0,371200,0.0,0.0
2023-05-01 00:00:00+09:00,3310.0,3350.0,3305.0,3350.0,218200,0.0,0.0
2023-05-02 00:00:00+09:00,3345.0,3355.0,3300.0,3300.0,380700,0.0,0.0
2023-05-08 00:00:00+09:00,3310.0,3375.0,3310.0,3330.0,236600,0.0,0.0
2023-05-09 00:00:00+09:00,3365.0,3385.0,3345.0,3375.0,157800,0.0,0.0
2023-05-10 00:00:00+09:00,3355.0,3390.0,3355.0,3380.0,143700,0.0,0.0
2023-05-11 00:00:00+09:00,3350.0,3405.0,3350.0,3355.0,219900,0.0,0.0
2023-05-12 00:00:00+09:00,3355.0,3450.0,3355.0,3450.0,318100,0.0,0.0
2023-05-15 00:00:00+09:00,3495.0,3510.0,3430.0,3435.0,251700,0.0,0.0
2023-05-16 00:00:00+09:00,3450.0,3515.0,3445.0,3515.0,138900,0.0,0.0
2023-05-17 00:00:00+09:00,3515.0,3570.0,3500.0,3570.0,160900,0.0,0.0
2023-05-18 00:00:00+09:00,3565.0,3580.0,3510.0,3565.0,182400,0.0,0.0
2023-05-19 00:00:00+09:00,3565.0,3570.0,3540.0,3560.0,307100,0.0,0.0
2023-05-22 00:00:00+09:00,3575.0,3630.0,3570.0,3600.0,316200,0.0,0.0
2023-05-23 00:00:00+09:00,3610.0,3625.0,3575.0,3595.0,268500,0.0,0.0
2023-05-24 00:00:00+09:00,3560.0,3560.0,3505.0,3515.0,131800,0.0,0.0
2023-05-25 00:00:00+09:00,3505.0,3540.0,3485.0,3485.0,142700,0.0,0.0
2023-05-26 00:00:00+09:00,3460.0,3490.0,3445.0,3460.0,311400,0.0,0.0
2023-05-29 00:00:00+09:00,3530.0,3530.0,3455.0,3460.0,761400,0.0,0.0
2023-05-30 00:00:00+09:00,3415.0,3445.0,3400.0,3425.0,578300,0.0,0.0
2023-05-31 00:00:00+09:00,3410.0,3420.0,3325.0,3360.0,281000,0.0,0.0
2023-06-01 00:00:00+09:00,3380.0,3390.0,3360.0,3385.0,86500,0.0,0.0
2023-06-02 00:00:00+09:00,3380.0,3460.0,3375.0,3460.0,91300,0.0,0.0
2023-06-05 00:00:00+09:00,3490.0,3505.0,3435.0,3450.0,89900,0.0,0.0
2023-06-06 00:00:00+09:00,3445.0,3470.0,3430.0,3470.0,54900,0.0,0.0
2023-06-07 00:00:00+09:00,3460.0,3495.0,3445.0,3450.0,93000,0.0,0.0
2023-06-08 00:00:00+09:00,3460.0,3465.0,3430.0,3445.0,62200,0.0,0.0
2023-06-09 00:00:00+09:00,3500.0,3510.0,3480.0,3480.0,107800,0.0,0.0
2023-06-12 00:00:00+09:00,3485.0,3505.0,3475.0,3490.0,47200,0.0,0.0
2023-06-13 00:00:00+09:00,3490.0,3510.0,3485.0,3490.0,73500,0.0,0.0
2023-06-14 00:00:00+09:00,3515.0,3555.0,3480.0,3550.0,95300,0.0,0.0
2023-06-15 00:00:00+09:00,3550.0,3560.0,3505.0,3505.0,55100,0.0,0.0
2023-06-16 00:00:00+09:00,3505.0,3560.0,3495.0,3550.0,103200,0.0,0.0
2023-06-19 00:00:00+09:00,3575.0,3590.0,3530.0,3555.0,55500,0.0,0.0
2023-06-20 00:00:00+09:00,3550.0,3565.0,3500.0,3565.0,44200,0.0,0.0
2023-06-21 00:00:00+09:00,3545.0,3590.0,3545.0,3555.0,50600,0.0,0.0
2023-06-22 00:00:00+09:00,3560.0,3580.0,3530.0,3530.0,39500,0.0,0.0
2023-06-23 00:00:00+09:00,3565.0,3585.0,3545.0,3560.0,48200,0.0,0.0
2023-06-26 00:00:00+09:00,3565.0,3565.0,3515.0,3525.0,43800,0.0,0.0
2023-06-27 00:00:00+09:00,3510.0,3510.0,3465.0,3495.0,41900,0.0,0.0
2023-06-28 00:00:00+09:00,3510.0,3615.0,3510.0,3610.0,73000,0.0,0.0
2023-06-29 00:00:00+09:00,3595.0,3600.0,3550.0,3570.0,51100,0.0,0.0
2023-06-30 00:00:00+09:00,3560.0,3565.0,3510.0,3545.0,68500,0.0,0.0
2023-07-03 00:00:00+09:00,3550.0,3580.0,3545.0,3565.0,35000,0.0,0.0
2023-07-04 00:00:00+09:00,3540.0,3545.0,3500.0,3500.0,51600,0.0,0.0
2023-07-05 00:00:00+09:00,3485.0,3500.0,3460.0,3470.0,39900,0.0,0.0
2023-07-06 00:00:00+09:00,3450.0,3470.0,3420.0,3430.0,58500,0.0,0.0
2023-07-07 00:00:00+09:00,3425.0,3455.0,3410.0,3425.0,73900,0.0,0.0
2023-07-10 00:00:00+09:00,3430.0,3525.0,3410.0,3490.0,146300,0.0,0.0
2023-07-11 00:00:00+09:00,3500.0,3510.0,3430.0,3470.0,134200,0.0,0.0
2023-07-12 00:00:00+09:00,3490.0,3520.0,3470.0,3500.0,49000,0.0,0.0
2023-07-13 00:00:00+09:00,3485.0,3515.0,3485.0,3490.0,40600,0.0,0.0
2023-07-14 00:00:00+09:00,3500.0,3510.0,3460.0,3470.0,39600,0.0,0.0
2023-07-18 00:00:00+09:00,3470.0,3520.0,3460.0,3495.0,39500,0.0,0.0
2023-07-19 00:00:00+09:00,3515.0,3525.0,3490.0,3500.0,49900,0.0,0.0
2023-07-20 00:00:00+09:00,3505.0,3510.0,3445.0,3460.0,40300,0.0,0.0
2023-07-21 00:00:00+09:00,3460.0,3490.0,3440.0,3475.0,29400,0.0,0.0
2023-07-24 00:00:00+09:00,3500.0,3510.0,3485.0,3500.0,26900,0.0,0.0
2023-07-25 00:00:00+09:00,3500.0,3510.0,3440.0,3455.0,41200,0.0,0.0
2023-07-26 00:00:00+09:00,3455.0,3470.0,3450.0,3465.0,23400,0.0,0.0
2023-07-27 00:00:00+09:00,3450.0,3485.0,3430.0,3480.0,50300,0.0,0.0
2023-07-28 00:00:00+09:00,3455.0,3495.0,3445.0,3495.0,57400,0.0,0.0
2023-07-31 00:00:00+09:00,3535.0,3535.0,3500.0,3510.0,51300,0.0,0.0
2023-08-01 00:00:00+09:00,3510.0,3550.0,3500.0,3545.0,28500,0.0,0.0
2023-08-02 00:00:00+09:00,3510.0,3520.0,3480.0,3500.0,39600,0.0,0.0
2023-08-03 00:00:00+09:00,3485.0,3485.0,3440.0,3460.0,62800,0.0,0.0
2023-08-04 00:00:00+09:00,3450.0,3490.0,3450.0,3485.0,21300,0.0,0.0
2023-08-07 00:00:00+09:00,3485.0,3505.0,3475.0,3500.0,34700,0.0,0.0
2023-08-08 00:00:00+09:00,3510.0,3575.0,3510.0,3575.0,27000,0.0,0.0
2023-08-09 00:00:00+09:00,3575.0,3585.0,3545.0,3580.0,32000,0.0,0.0
2023-08-10 00:00:00+09:00,3590.0,3610.0,3565.0,3610.0,45500,0.0,0.0
2023-08-14 00:00:00+09:00,3610.0,3650.0,3595.0,3615.0,73500,0.0,0.0
2023-08-15 00:00:00+09:00,3630.0,3655.0,3595.0,3635.0,47800,0.0,0.0
2023-08-16 00:00:00+09:00,3630.0,3670.0,3605.0,3650.0,51100,0.0,0.0
2023-08-17 00:00:00+09:00,3635.0,3645.0,3610.0,3630.0,41300,0.0,0.0
2023-08-18 00:00:00+09:00,3605.0,3610.0,3570.0,3595.0,58800,0.0,0.0
2023-08-21 00:00:00+09:00,3595.0,3640.0,3595.0,3620.0,38700,0.0,0.0
2023-08-22 00:00:00+09:00,3625.0,3685.0,3625.0,3680.0,43100,0.0,0.0
2023-08-23 00:00:00+09:00,3685.0,3685.0,3660.0,3680.0,35500,0.0,0.0
2023-08-24 00:00:00+09:00,3690.0,3720.0,3685.0,3700.0,33500,0.0,0.0
2023-08-25 00:00:00+09:00,3685.0,3740.0,3665.0,3680.0,52700,0.0,0.0
2023-08-28 00:00:00+09:00,3700.0,3700.0,3615.0,3685.0,53300,0.0,0.0
2023-08-29 00:00:00+09:00,3695.0,3720.0,3695.0,3715.0,27400,0.0,0.0
2023-08-30 00:00:00+09:00,3730.0,3745.0,3715.0,3720.0,37100,0.0,0.0
2023-08-31 00:00:00+09:00,3725.0,3745.0,3705.0,3730.0,35800,0.0,0.0
2023-09-01 00:00:00+09:00,3750.0,3780.0,3730.0,3775.0,72500,0.0,0.0
2023-09-04 00:00:00+09:00,3770.0,3795.0,3750.0,3785.0,42800,0.0,0.0
2023-09-05 00:00:00+09:00,3785.0,3805.0,3765.0,3805.0,42900,0.0,0.0
2023-09-06 00:00:00+09:00,3805.0,3815.0,3790.0,3805.0,22500,0.0,0.0
2023-09-07 00:00:00+09:00,3785.0,3830.0,3785.0,3795.0,48100,0.0,0.0
2023-09-08 00:00:00+09:00,3765.0,3800.0,3725.0,3725.0,59000,0.0,0.0
2023-09-11 00:00:00+09:00,3720.0,3750.0,3650.0,3660.0,37200,0.0,0.0
2023-09-12 00:00:00+09:00,3660.0,3690.0,3650.0,3670.0,24800,0.0,0.0
2023-09-13 00:00:00+09:00,3670.0,3685.0,3645.0,3650.0,42500,0.0,0.0
2023-09-14 00:00:00+09:00,3645.0,3650.0,3605.0,3635.0,54600,0.0,0.0
2023-09-15 00:00:00+09:00,3655.0,3655.0,3580.0,3590.0,111600,0.0,0.0
2023-09-19 00:00:00+09:00,3570.0,3575.0,3480.0,3515.0,102600,0.0,0.0
2023-09-20 00:00:00+09:00,3500.0,3520.0,3440.0,3445.0,103600,0.0,0.0
2023-09-21 00:00:00+09:00,3440.0,3455.0,3360.0,3365.0,92900,0.0,0.0
2023-09-22 00:00:00+09:00,3335.0,3360.0,3315.0,3325.0,90300,0.0,0.0
2023-09-25 00:00:00+09:00,3345.0,3430.0,3345.0,3420.0,65900,0.0,0.0
2023-09-26 00:00:00+09:00,3420.0,3430.0,3390.0,3400.0,57500,0.0,0.0
2023-09-27 00:00:00+09:00,3385.0,3445.0,3360.0,3440.0,72200,0.0,0.0
2023-09-28 00:00:00+09:00,3400.0,3405.0,3355.0,3400.0,80100,0.0,0.0
2023-09-29 00:00:00+09:00,3415.0,3420.0,3375.0,3390.0,57400,0.0,0.0
2023-10-02 00:00:00+09:00,3380.0,3395.0,3330.0,3345.0,70600,0.0,0.0
2023-10-03 00:00:00+09:00,3330.0,3375.0,3300.0,3315.0,117500,0.0,0.0
2023-10-04 00:00:00+09:00,3290.0,3330.0,3270.0,3310.0,130500,0.0,0.0
2023-10-05 00:00:00+09:00,3325.0,3370.0,3310.0,3370.0,106900,0.0,0.0
2023-10-06 00:00:00+09:00,3390.0,3420.0,3380.0,3400.0,72000,0.0,0.0
2023-10-10 00:00:00+09:00,3470.0,3545.0,3460.0,3540.0,175100,0.0,0.0
2023-10-11 00:00:00+09:00,3330.0,3410.0,3310.0,3310.0,190800,0.0,0.0
2023-10-12 00:00:00+09:00,3265.0,3285.0,3170.0,3170.0,236400,0.0,0.0
2023-10-13 00:00:00+09:00,3155.0,3170.0,3120.0,3120.0,130400,0.0,0.0
2023-10-16 00:00:00+09:00,3120.0,3140.0,3100.0,3120.0,114500,0.0,0.0
2023-10-17 00:00:00+09:00,3150.0,3180.0,3130.0,3175.0,87000,0.0,0.0
2023-10-18 00:00:00+09:00,3180.0,3195.0,3125.0,3195.0,83300,0.0,0.0
2023-10-19 00:00:00+09:00,3195.0,3225.0,3190.0,3200.0,54900,0.0,0.0
2023-10-20 00:00:00+09:00,3190.0,3240.0,3180.0,3230.0,89200,0.0,0.0
2023-10-23 00:00:00+09:00,3220.0,3260.0,3195.0,3255.0,90300,0.0,0.0
2023-10-24 00:00:00+09:00,3260.0,3265.0,3190.0,3240.0,88900,0.0,0.0
2023-10-25 00:00:00+09:00,3260.0,3260.0,3210.0,3210.0,65500,0.0,0.0
2023-10-26 00:00:00+09:00,3210.0,3230.0,3165.0,3185.0,93200,0.0,0.0
2023-10-27 00:00:00+09:00,3185.0,3225.0,3160.0,3225.0,71600,0.0,0.0
2023-10-30 00:00:00+09:00,3190.0,3195.0,3140.0,3160.0,75500,0.0,0.0
2023-10-31 00:00:00+09:00,3145.0,3225.0,3140.0,3225.0,100200,0.0,0.0
2023-11-01 00:00:00+09:00,3265.0,3275.0,3220.0,3245.0,81500,0.0,0.0
2023-11-02 00:00:00+09:00,3260.0,3270.0,3220.0,3230.0,47800,0.0,0.0
2023-11-06 00:00:00+09:00,3275.0,3275.0,3200.0,3205.0,77500,0.0,0.0
2023-11-07 00:00:00+09:00,3140.0,3155.0,3060.0,3060.0,197000,0.0,0.0
2023-11-08 00:00:00+09:00,3060.0,3095.0,3060.0,3090.0,97100,0.0,0.0
2023-11-09 00:00:00+09:00,3100.0,3110.0,3055.0,3100.0,78700,0.0,0.0
2023-11-10 00:00:00+09:00,3100.0,3120.0,3070.0,3100.0,71500,0.0,0.0
2023-11-13 00:00:00+09:00,3120.0,3135.0,3105.0,3110.0,49800,0.0,0.0
2023-11-14 00:00:00+09:00,3130.0,3145.0,3100.0,3115.0,85800,0.0,0.0
2023-11-15 00:00:00+09:00,3115.0,3205.0,3095.0,3190.0,136600,0.0,0.0
2023-11-16 00:00:00+09:00,3185.0,3225.0,3155.0,3175.0,107900,0.0,0.0
2023-11-17 00:00:00+09:00,3170.0,3225.0,3165.0,3225.0,55300,0.0,0.0
2023-11-20 00:00:00+09:00,3230.0,3230.0,3160.0,3160.0,120000,0.0,0.0
2023-11-21 00:00:00+09:00,3165.0,3170.0,3115.0,3150.0,123200,0.0,0.0
2023-11-22 00:00:00+09:00,3120.0,3170.0,3120.0,3165.0,91600,0.0,0.0
2023-11-24 00:00:00+09:00,3200.0,3200.0,3110.0,3110.0,120400,0.0,0.0
2023-11-27 00:00:00+09:00,3125.0,3140.0,3100.0,3130.0,94400,0.0,0.0
2023-11-28 00:00:00+09:00,3135.0,3140.0,3100.0,3135.0,117000,0.0,0.0
2023-11-29 00:00:00+09:00,3090.0,3110.0,3080.0,3085.0,120700,0.0,0.0
2023-11-30 00:00:00+09:00,3070.0,3080.0,3045.0,3060.0,179900,0.0,0.0
2023-12-01 00:00:00+09:00,3065.0,3080.0,3040.0,3065.0,136900,0.0,0.0
2023-12-04 00:00:00+09:00,3050.0,3085.0,3045.0,3050.0,96400,0.0,0.0
2023-12-05 00:00:00+09:00,3040.0,3075.0,3040.0,3055.0,77600,0.0,0.0
2023-12-06 00:00:00+09:00,3055.0,3105.0,3055.0,3105.0,117300,0.0,0.0
2023-12-07 00:00:00+09:00,3085.0,3095.0,3055.0,3085.0,111600,0.0,0.0
2023-12-08 00:00:00+09:00,3080.0,3090.0,3040.0,3050.0,103300,0.0,0.0
2023-12-11 00:00:00+09:00,3075.0,3120.0,3050.0,3115.0,124500,0.0,0.0
2023-12-12 00:00:00+09:00,3115.0,3125.0,3095.0,3105.0,61100,0.0,0.0
2023-12-13 00:00:00+09:00,3095.0,3100.0,3030.0,3035.0,71800,0.0,0.0
2023-12-14 00:00:00+09:00,3045.0,3065.0,3010.0,3030.0,94500,0.0,0.0
2023-12-15 00:00:00+09:00,3020.0,3030.0,3000.0,3010.0,114900,0.0,0.0
2023-12-18 00:00:00+09:00,2990.0,2998.0,2961.0,2987.0,104300,0.0,0.0
2023-12-19 00:00:00+09:00,2990.0,3020.0,2961.0,3020.0,110700,0.0,0.0
2023-12-20 00:00:00+09:00,3020.0,3020.0,3020.0,3020.0,13600,0.0,0.0
2023-12-21 00:00:00+09:00,3020.0,3030.0,3005.0,3020.0,57300,0.0,0.0
2023-12-22 00:00:00+09:00,3025.0,3080.0,3020.0,3075.0,113700,0.0,0.0
2023-12-25 00:00:00+09:00,3105.0,3105.0,3045.0,3045.0,44300,0.0,0.0
2023-12-26 00:00:00+09:00,3030.0,3055.0,3020.0,3045.0,58300,0.0,0.0
2023-12-27 00:00:00+09:00,3040.0,3090.0,3040.0,3085.0,79000,0.0,0.0
2023-12-28 00:00:00+09:00,3070.0,3085.0,3065.0,3085.0,54900,0.0,0.0
2023-12-29 00:00:00+09:00,3070.0,3090.0,3050.0,3065.0,79600,0.0,0.0
2024-01-04 00:00:00+09:00,3080.0,3120.0,3040.0,3115.0,134400,0.0,0.0
2024-01-05 00:00:00+09:00,3120.0,3135.0,3085.0,3085.0,150000,0.0,0.0
2024-01-09 00:00:00+09:00,3120.0,3165.0,3110.0,3165.0,299300,0.0,0.0
2024-01-10 00:00:00+09:00,3180.0,3190.0,3125.0,3130.0,413000,0.0,0.0
2024-01-11 00:00:00+09:00,3140.0,3140.0,3075.0,3120.0,176800,0.0,0.0
2024-01-12 00:00:00+09:00,3120.0,3140.0,3080.0,3110.0,198500,0.0,0.0
2024-01-15 00:00:00+09:00,3120.0,3125.0,3110.0,3115.0,23600,0.0,0.0
2024-01-16 00:00:00+09:00,3160.0,3170.0,3100.0,3100.0,129200,0.0,0.0
2024-01-17 00:00:00+09:00,3100.0,3155.0,3100.0,3115.0,236700,0.0,0.0
2024-01-18 00:00:00+09:00,3100.0,3110.0,3080.0,3080.0,106600,0.0,0.0
2024-01-19 00:00:00+09:00,3080.0,3095.0,3040.0,3075.0,138500,0.0,0.0
2024-01-22 00:00:00+09:00,3105.0,3130.0,3085.0,3115.0,96300,0.0,0.0
2024-01-23 00:00:00+09:00,3155.0,3170.0,3130.0,3160.0,154300,0.0,0.0
2024-01-24 00:00:00+09:00,3170.0,3180.0,3145.0,3150.0,106100,0.0,0.0
2024-01-25 00:00:00+09:00,3150.0,3170.0,3140.0,3165.0,121900,0.0,0.0
2024-01-26 00:00:00+09:00,3150.0,3180.0,3145.0,3175.0,136300,0.0,0.0
2024-01-29 00:00:00+09:00,3180.0,3225.0,3180.0,3210.0,121400,0.0,0.0
2024-01-30 00:00:00+09:00,3235.0,3260.0,3170.0,3205.0,680600,0.0,0.0
2024-01-31 00:00:00+09:00,3210.0,3235.0,3185.0,3220.0,82500,0.0,0.0
2024-02-01 00:00:00+09:00,3220.0,3255.0,3205.0,3220.0,81900,0.0,0.0
2024-02-02 00:00:00+09:00,3235.0,3250.0,3215.0,3240.0,67600,0.0,0.0
2024-02-05 00:00:00+09:00,3250.0,3270.0,3230.0,3240.0,109700,0.0,0.0
2024-02-06 00:00:00+09:00,3240.0,3275.0,3225.0,3225.0,92300,0.0,0.0
2024-02-07 00:00:00+09:00,3210.0,3235.0,3200.0,3230.0,76400,0.0,0.0
2024-02-08 00:00:00+09:00,3215.0,3215.0,3170.0,3175.0,121400,0.0,0.0
2024-02-09 00:00:00+09:00,3175.0,3195.0,3160.0,3180.0,142600,0.0,0.0
2024-02-13 00:00:00+09:00,3200.0,3225.0,3190.0,3210.0,77800,0.0,0.0
2024-02-14 00:00:00+09:00,3200.0,3210.0,3160.0,3165.0,69700,0.0,0.0
2024-02-15 00:00:00+09:00,3175.0,3180.0,3120.0,3125.0,79500,0.0,0.0
2024-02-16 00:00:00+09:00,3135.0,3165.0,3125.0,3150.0,68400,0.0,0.0
2024-02-19 00:00:00+09:00,3160.0,3185.0,3160.0,3175.0,38400,0.0,0.0
2024-02-20 00:00:00+09:00,3185.0,3200.0,3175.0,3185.0,52700,0.0,0.0
2024-02-21 00:00:00+09:00,3190.0,3190.0,3145.0,3175.0,52400,0.0,0.0
2024-02-22 00:00:00+09:00,3165.0,3205.0,3150.0,3185.0,108900,0.0,0.0
2024-02-26 00:00:00+09:00,3235.0,3275.0,3210.0,3275.0,258700,0.0,0.0
2024-02-27 00:00:00+09:00,3275.0,3275.0,3220.0,3235.0,108300,0.0,0.0
2024-02-28 00:00:00+09:00,3265.0,3305.0,3255.0,3260.0,231200,0.0,0.0
2024-02-29 00:00:00+09:00,3270.0,3300.0,3255.0,3290.0,113300,0.0,0.0
2024-03-01 00:00:00+09:00,3300.0,3300.0,3230.0,3245.0,51200,0.0,0.0
2024-03-04 00:00:00+09:00,3245.0,3245.0,3205.0,3220.0,79900,0.0,0.0
2024-03-05 00:00:00+09:00,3205.0,3220.0,3180.0,3195.0,43600,0.0,0.0
2024-03-06 00:00:00+09:00,3200.0,3280.0,3200.0,3250.0,97900,0.0,0.0
2024-03-07 00:00:00+09:00,3250.0,3260.0,3215.0,3255.0,60000,0.0,0.0
2024-03-08 00:00:00+09:00,3225.0,3260.0,3210.0,3240.0,67900,0.0,0.0
2024-03-11 00:00:00+09:00,3230.0,3240.0,3205.0,3240.0,54100,0.0,0.0
2024-03-12 00:00:00+09:00,3235.0,3260.0,3210.0,3255.0,59500,0.0,0.0
2024-03-13 00:00:00+09:00,3255.0,3255.0,3220.0,3220.0,42600,0.0,0.0
2024-03-14 00:00:00+09:00,3220.0,3250.0,3215.0,3240.0,33500,0.0,0.0
2024-03-15 00:00:00+09:00,3250.0,3280.0,3245.0,3270.0,54800,0.0,0.0
2024-03-18 00:00:00+09:00,3280.0,3280.0,3240.0,3250.0,49800,0.0,0.0
2024-03-19 00:00:00+09:00,3250.0,3250.0,3220.0,3245.0,43700,0.0,0.0
2024-03-21 00:00:00+09:00,3250.0,3260.0,3235.0,3235.0,46500,0.0,0.0
2024-03-22 00:00:00+09:00,3250.0,3270.0,3210.0,3265.0,63100,0.0,0.0
2024-03-25 00:00:00+09:00,3260.0,3285.0,3250.0,3255.0,58800,0.0,0.0
2024-03-26 00:00:00+09:00,3250.0,3285.0,3250.0,3270.0,43600,0.0,0.0
2024-03-27 00:00:00+09:00,3270.0,3305.0,3270.0,3295.0,81600,0.0,0.0
2024-03-28 00:00:00+09:00,3305.0,3330.0,3260.0,3290.0,111000,0.0,0.0
2024-03-29 00:00:00+09:00,3295.0,3305.0,3280.0,3295.0,28400,0.0,0.0
2024-04-01 00:00:00+09:00,3305.0,3310.0,3270.0,3270.0,63600,0.0,0.0
2024-04-02 00:00:00+09:00,3255.0,3260.0,3210.0,3220.0,88800,0.0,0.0
2024-04-03 00:00:00+09:00,3210.0,3240.0,3190.0,3225.0,75200,0.0,0.0
2024-04-04 00:00:00+09:00,3225.0,3240.0,3200.0,3215.0,76800,0.0,0.0
2024-04-05 00:00:00+09:00,3205.0,3225.0,3195.0,3220.0,52300,0.0,0.0
2024-04-08 00:00:00+09:00,3240.0,3275.0,3225.0,3260.0,91000,0.0,0.0
2024-04-09 00:00:00+09:00,3515.0,3515.0,3375.0,3390.0,452400,0.0,0.0
2024-04-10 00:00:00+09:00,3390.0,3395.0,3325.0,3340.0,153100,0.0,0.0
2024-04-11 00:00:00+09:00,3325.0,3340.0,3305.0,3325.0,99400,0.0,0.0
2024-04-12 00:00:00+09:00,3340.0,3415.0,3330.0,3410.0,88100,0.0,0.0
2024-04-15 00:00:00+09:00,3410.0,3445.0,3375.0,3415.0,118600,0.0,0.0
2024-04-16 00:00:00+09:00,3415.0,3420.0,3380.0,3420.0,94800,0.0,0.0
2024-04-17 00:00:00+09:00,3420.0,3420.0,3355.0,3390.0,70100,0.0,0.0
2024-04-18 00:00:00+09:00,3400.0,3425.0,3390.0,3405.0,60400,0.0,0.0
2024-04-19 00:00:00+09:00,3425.0,3425.0,3335.0,3350.0,83600,0.0,0.0
2024-04-22 00:00:00+09:00,3385.0,3395.0,3370.0,3385.0,66100,0.0,0.0
2024-04-23 00:00:00+09:00,3385.0,3390.0,3365.0,3370.0,54200,0.0,0.0
2024-04-24 00:00:00+09:00,3370.0,3385.0,3360.0,3370.0,51400,0.0,0.0
2024-04-25 00:00:00+09:00,3370.0,3405.0,3350.0,3395.0,117000,0.0,0.0
2024-04-26 00:00:00+09:00,3365.0,3370.0,3325.0,3350.0,195200,0.0,0.0
2024-04-30 00:00:00+09:00,3400.0,3420.0,3370.0,3415.0,169300,0.0,0.0
2024-05-01 00:00:00+09:00,3405.0,3430.0,3390.0,3420.0,220400,0.0,0.0
2024-05-02 00:00:00+09:00,3400.0,3415.0,3385.0,3410.0,161400,0.0,0.0
2024-05-07 00:00:00+09:00,3425.0,3435.0,3395.0,3420.0,273600,0.0,0.0
2024-05-08 00:00:00+09:00,3465.0,3475.0,3440.0,3465.0,224900,0.0,0.0
2024-05-09 00:00:00+09:00,3460.0,3465.0,3430.0,3430.0,237300,0.0,0.0
2024-05-10 00:00:00+09:00,3430.0,3460.0,3420.0,3440.0,199600,0.0,0.0
2024-05-13 00:00:00+09:00,3435.0,3455.0,3410.0,3415.0,231300,0.0,0.0
2024-05-14 00:00:00+09:00,3400.0,3415.0,3385.0,3400.0,212300,0.0,0.0
2024-05-15 00:00:00+09:00,3410.0,3410.0,3350.0,3350.0,233600,0.0,0.0
2024-05-16 00:00:00+09:00,3355.0,3360.0,3315.0,3340.0,124900,0.0,0.0
2024-05-17 00:00:00+09:00,3370.0,3430.0,3355.0,3415.0,196800,0.0,0.0
2024-05-20 00:00:00+09:00,3395.0,3425.0,3390.0,3395.0,370000,0.0,0.0
2024-05-21 00:00:00+09:00,3410.0,3420.0,3395.0,3400.0,141400,0.0,0.0
2024-05-22 00:00:00+09:00,3390.0,3430.0,3380.0,3395.0,144400,0.0,0.0
2024-05-23 00:00:00+09:00,3410.0,3410.0,3370.0,3395.0,132300,0.0,0.0
2024-05-24 00:00:00+09:00,3380.0,3390.0,3345.0,3350.0,134500,0.0,0.0
2024-05-27 00:00:00+09:00,3350.0,3355.0,3320.0,3345.0,181500,0.0,0.0
2024-05-28 00:00:00+09:00,3335.0,3340.0,3290.0,3290.0,228600,0.0,0.0
2024-05-29 00:00:00+09:00,3290.0,3315.0,3275.0,3275.0,903900,0.0,0.0
2024-05-30 00:00:00+09:00,3210.0,3310.0,3180.0,3290.0,651400,0.0,0.0
2024-05-31 00:00:00+09:00,3315.0,3365.0,3300.0,3365.0,189000,0.0,0.0
2024-06-03 00:00:00+09:00,3360.0,3380.0,3315.0,3365.0,123000,0.0,0.0
2024-06-04 00:00:00+09:00,3325.0,3385.0,3325.0,3370.0,189100,0.0,0.0
2024-06-05 00:00:00+09:00,3365.0,3375.0,3345.0,3370.0,100300,0.0,0.0
2024-06-06 00:00:00+09:00,3375.0,3390.0,3335.0,3390.0,67800,0.0,0.0
2024-06-07 00:00:00+09:00,3390.0,3435.0,3385.0,3435.0,97400,0.0,0.0
2024-06-10 00:00:00+09:00,3440.0,3445.0,3415.0,3420.0,77300,0.0,0.0
2024-06-11 00:00:00+09:00,3420.0,3425.0,3385.0,3420.0,65600,0.0,0.0
2024-06-12 00:00:00+09:00,3425.0,3425.0,3360.0,3395.0,61600,0.0,0.0
2024-06-13 00:00:00+09:00,3425.0,3425.0,3370.0,3410.0,66800,0.0,0.0
2024-06-14 00:00:00+09:00,3410.0,3480.0,3405.0,3460.0,154300,0.0,0.0
2024-06-17 00:00:00+09:00,3455.0,3545.0,3435.0,3545.0,132300,0.0,0.0
2024-06-18 00:00:00+09:00,3560.0,3590.0,3550.0,3555.0,91100,0.0,0.0
2024-06-19 00:00:00+09:00,3580.0,3620.0,3540.0,3620.0,81500,0.0,0.0
2024-06-20 00:00:00+09:00,3605.0,3630.0,3570.0,3625.0,76900,0.0,0.0
2024-06-21 00:00:00+09:00,3635.0,3675.0,3590.0,3600.0,194300,0.0,0.0
2024-06-24 00:00:00+09:00,3630.0,3645.0,3580.0,3600.0,89000,0.0,0.0
2024-06-25 00:00:00+09:00,3610.0,3660.0,3600.0,3660.0,85800,0.0,0.0
2024-06-26 00:00:00+09:00,3640.0,3655.0,3585.0,3635.0,97200,0.0,0.0
2024-06-27 00:00:00+09:00,3630.0,3665.0,3615.0,3660.0,80700,0.0,0.0
2024-06-28 00:00:00+09:00,3645.0,3655.0,3615.0,3615.0,77700,0.0,0.0
2024-07-01 00:00:00+09:00,3620.0,3630.0,3575.0,3575.0,59200,0.0,0.0
2024-07-02 00:00:00+09:00,3570.0,3575.0,3525.0,3555.0,78800,0.0,0.0
2024-07-03 00:00:00+09:00,3535.0,3595.0,3535.0,3585.0,59300,0.0,0.0
2024-07-04 00:00:00+09:00,3595.0,3600.0,3565.0,3580.0,38800,0.0,0.0
2024-07-05 00:00:00+09:00,3600.0,3605.0,3545.0,3590.0,66600,0.0,0.0
2024-07-08 00:00:00+09:00,3520.0,3560.0,3470.0,3485.0,166000,0.0,0.0
2024-07-09 00:00:00+09:00,3460.0,3460.0,3285.0,3320.0,289300,0.0,0.0
2024-07-10 00:00:00+09:00,3330.0,3340.0,3285.0,3295.0,119500,0.0,0.0
2024-07-11 00:00:00+09:00,3315.0,3345.0,3305.0,3315.0,99300,0.0,0.0
2024-07-12 00:00:00+09:00,3325.0,3340.0,3305.0,3320.0,62500,0.0,0.0
2024-07-16 00:00:00+09:00,3340.0,3345.0,3290.0,3340.0,97400,0.0,0.0
2024-07-17 00:00:00+09:00,3335.0,3360.0,3305.0,3360.0,81800,0.0,0.0
2024-07-18 00:00:00+09:00,3350.0,3375.0,3325.0,3345.0,84800,0.0,0.0
2024-07-19 00:00:00+09:00,3345.0,3355.0,3310.0,3325.0,59400,0.0,0.0
2024-07-22 00:00:00+09:00,3330.0,3350.0,3310.0,3335.0,51200,0.0,0.0
2024-07-23 00:00:00+09:00,3350.0,3350.0,3295.0,3305.0,56800,0.0,0.0
2024-07-24 00:00:00+09:00,3300.0,3305.0,3245.0,3250.0,77200,0.0,0.0
2024-07-25 00:00:00+09:00,3235.0,3280.0,3225.0,3260.0,73900,0.0,0.0
2024-07-26 00:00:00+09:00,3290.0,3310.0,3260.0,3300.0,71000,0.0,0.0
2024-07-29 00:00:00+09:00,3310.0,3330.0,3290.0,3320.0,72000,0.0,0.0
2024-07-30 00:00:00+09:00,3335.0,3335.0,3300.0,3310.0,50900,0.0,0.0
2024-07-31 00:00:00+09:00,3315.0,3370.0,3315.0,3370.0,88500,0.0,0.0
2024-08-01 00:00:00+09:00,3340.0,3345.0,3305.0,3325.0,68200,0.0,0.0
2024-08-02 00:00:00+09:00,3300.0,3305.0,3210.0,3215.0,182100,0.0,0.0
2024-08-05 00:00:00+09:00,3100.0,3170.0,2967.0,2981.0,165400,0.0,0.0
2024-08-06 00:00:00+09:00,3105.0,3280.0,3100.0,3260.0,190700,0.0,0.0
2024-08-07 00:00:00+09:00,3210.0,3295.0,3170.0,3175.0,104100,0.0,0.0
2024-08-08 00:00:00+09:00,3150.0,3240.0,3135.0,3190.0,66200,0.0,0.0
2024-08-09 00:00:00+09:00,3260.0,3265.0,3175.0,3220.0,105800,0.0,0.0
2024-08-13 00:00:00+09:00,3220.0,3240.0,3190.0,3225.0,40600,0.0,0.0
2024-08-14 00:00:00+09:00,3225.0,3255.0,3220.0,3250.0,43800,0.0,0.0
2024-08-15 00:00:00+09:00,3250.0,3265.0,3230.0,3265.0,43900,0.0,0.0
2024-08-16 00:00:00+09:00,3295.0,3305.0,3255.0,3305.0,46800,0.0,0.0
2024-08-19 00:00:00+09:00,3305.0,3305.0,3235.0,3275.0,36200,0.0,0.0
2024-08-20 00:00:00+09:00,3265.0,3300.0,3225.0,3295.0,54200,0.0,0.0
2024-08-21 00:00:00+09:00,3265.0,3295.0,3255.0,3265.0,30300,0.0,0.0
2024-08-22 00:00:00+09:00,3265.0,3290.0,3255.0,3290.0,23500,0.0,0.0
2024-08-23 00:00:00+09:00,3290.0,3295.0,3270.0,3270.0,27300,0.0,0.0
2024-08-26 00:00:00+09:00,3265.0,3320.0,3265.0,3310.0,36900,0.0,0.0
2024-08-27 00:00:00+09:00,3310.0,3325.0,3290.0,3305.0,39600,0.0,0.0
2024-08-28 00:00:00+09:00,3290.0,3295.0,3255.0,3280.0,34000,0.0,0.0
2024-08-29 00:00:00+09:00,3285.0,3295.0,3255.0,3275.0,34000,0.0,0.0
2024-08-30 00:00:00+09:00,3270.0,3280.0,3250.0,3255.0,27100,0.0,0.0
2024-09-02 00:00:00+09:00,3290.0,3290.0,3230.0,3235.0,63500,0.0,0.0
2024-09-03 00:00:00+09:00,3235.0,3255.0,3230.0,3245.0,23400,0.0,0.0
2024-09-04 00:00:00+09:00,3210.0,3245.0,3185.0,3200.0,52200,0.0,0.0
2024-09-05 00:00:00+09:00,3185.0,3210.0,3175.0,3190.0,34400,0.0,0.0
2024-09-06 00:00:00+09:00,3195.0,3205.0,3145.0,3165.0,47400,0.0,0.0
2024-09-09 00:00:00+09:00,3135.0,3155.0,3115.0,3145.0,39900,0.0,0.0
2024-09-10 00:00:00+09:00,3155.0,3165.0,3135.0,3140.0,37500,0.0,0.0
2024-09-11 00:00:00+09:00,3130.0,3130.0,3065.0,3085.0,59200,0.0,0.0
2024-09-12 00:00:00+09:00,3105.0,3110.0,3050.0,3095.0,69400,0.0,0.0
2024-09-13 00:00:00+09:00,3090.0,3100.0,3045.0,3045.0,74800,0.0,0.0
