Date,Open,High,Low,Close,Volume,Dividends,Stock Splits
2014-09-19 00:00:00+09:00,355.1131060657605,446.4605288479497,344.83652100276424,417.9144592285156,14272400,0.0,0.0
2014-09-22 00:00:00+09:00,372.240788702368,379.3202147451737,337.98550139846907,339.355712890625,2938400,0.0,0.0
2014-09-24 00:00:00+09:00,325.6535867290404,349.40391843999424,324.51174385832144,327.2521667480469,560800,0.0,0.0
2014-09-25 00:00:00+09:00,322.6847837178751,341.6393746935182,310.5812497213802,320.1727294921875,831600,0.0,0.0
2014-09-26 00:00:00+09:00,311.7231577043053,321.0862708661196,310.8096832494941,317.432373046875,380000,0.0,0.0
2014-09-29 00:00:00+09:00,324.28336367967637,325.65357507550596,311.7230925512382,320.1727294921875,206000,0.0,0.0
2014-09-30 00:00:00+09:00,320.85787189887486,320.85787189887486,296.8791697284963,299.84796142578125,354400,0.0,0.0
2014-10-01 00:00:00+09:00,292.99685800123876,304.4152858266962,278.6096389411623,281.57843017578125,333600,0.0,0.0
2014-10-02 00:00:00+09:00,267.8763259084601,302.58834768005937,262.62384892986285,295.05218505859375,220800,0.0,0.0
2014-10-03 00:00:00+09:00,310.12450175766213,311.49471310563416,291.8550171180355,296.6507568359375,208800,0.0,0.0
2014-10-06 00:00:00+09:00,296.8791672447065,308.2975967541183,282.0352088824711,286.1458435058594,289200,0.0,0.0
2014-10-07 00:00:00+09:00,285.46070853718487,353.97127858610924,276.32596586399495,301.2181396484375,2192800,0.0,0.0
2014-10-08 00:00:00+09:00,299.1628292512419,337.30038076647656,293.45361495255406,321.0862121582031,1456800,0.0,0.0
2014-10-09 00:00:00+09:00,326.3386920601981,376.12304116385326,304.4153089686803,319.71600341796875,3712000,0.0,0.0
2014-10-10 00:00:00+09:00,310.80960987585013,315.1486125118833,282.4919084617389,292.76849365234375,799600,0.0,0.0
2014-10-14 00:00:00+09:00,279.0664004029346,287.5160377310104,270.61676307485885,271.75860595703125,376000,0.0,0.0
2014-10-15 00:00:00+09:00,274.7273425252648,282.9486096332528,263.7656530479475,276.5542907714844,199600,0.0,0.0
2014-10-16 00:00:00+09:00,259.198303622101,268.33304559997237,258.7415665232074,261.7103576660156,193600,0.0,0.0
2014-10-17 00:00:00+09:00,263.76565777122806,272.9003991659026,242.75575256347656,242.75575256347656,221200,0.0,0.0
2014-10-20 00:00:00+09:00,255.54440934030634,268.33304823490613,248.4649842379386,260.34014892578125,140000,0.0,0.0
2014-10-21 00:00:00+09:00,260.5684936418295,274.72734255137675,258.284808333838,265.1358642578125,113600,0.0,0.0
2014-10-22 00:00:00+09:00,271.9869481249147,273.8138965590031,258.2848348692515,261.48199462890625,115200,0.0,0.0
2014-10-23 00:00:00+09:00,258.0564977100917,262.62386935097834,247.77991151809692,255.77281188964844,92400,0.0,0.0
2014-10-24 00:00:00+09:00,258.0565103436799,260.7969334623739,246.86644927567966,254.6309814453125,74400,0.0,0.0
2014-10-27 00:00:00+09:00,254.4025520814668,254.4025520814668,248.00823299862924,248.9217071533203,45200,0.0,0.0
2014-10-28 00:00:00+09:00,246.63807533229638,262.6238765112415,246.63807533229638,252.3472900390625,108000,0.0,0.0
2014-10-29 00:00:00+09:00,251.20540065888662,255.7727715799573,245.72455555360182,247.32313537597656,76800,0.0,0.0
2014-10-30 00:00:00+09:00,246.6380382719494,276.32595028616555,246.6380382719494,258.9699401855469,276400,0.0,0.0
2014-10-31 00:00:00+09:00,261.48198780430016,271.7585724778316,246.63803216475475,270.6167297363281,207200,0.0,0.0
2014-11-04 00:00:00+09:00,310.5812018573235,310.5812018573235,274.7273425252648,276.5542907714844,326000,0.0,0.0
2014-11-05 00:00:00+09:00,274.2706525352912,285.46071246387515,274.2706525352912,280.8933410644531,75200,0.0,0.0
2014-11-06 00:00:00+09:00,283.176998562283,296.87911139594183,274.04225667317706,279.5231018066406,312800,0.0,0.0
2014-11-07 00:00:00+09:00,280.8933604847301,296.42242431640625,280.6649918989702,296.42242431640625,211600,0.0,0.0
2014-11-10 00:00:00+09:00,289.57132364597294,298.24932861328125,284.31884695523365,298.24932861328125,157600,0.0,0.0
2014-11-11 00:00:00+09:00,300.9897452460395,342.5528208414714,299.1627968682183,328.8507080078125,686800,0.0,0.0
2014-11-12 00:00:00+09:00,328.8507543103448,397.361328125,318.57416823814657,397.361328125,1738800,0.0,0.0
2014-11-13 00:00:00+09:00,372.24076652526855,465.8718795776367,355.798229598999,365.38970947265625,2740800,0.0,0.0
2014-11-14 00:00:00+09:00,378.6350929839036,379.09183012863684,323.36989847117457,331.1344299316406,845600,0.0,0.0
2014-11-17 00:00:00+09:00,344.83652673052023,361.9641687866719,324.7400933846356,329.3074645996094,662800,0.0,0.0
2014-11-18 00:00:00+09:00,320.4010859674968,335.9301478675608,314.46350347629584,334.5599365234375,427600,0.0,0.0
2014-11-19 00:00:00+09:00,351.2308873163067,403.070556640625,337.98550925106235,403.070556640625,1414400,0.0,0.0
2014-11-20 00:00:00+09:00,411.06338747654445,494.41790771484375,411.06338747654445,494.41790771484375,3324000,0.0,0.0
2014-11-21 00:00:00+09:00,551.5100570171621,566.125644449501,429.56124937858465,453.5399475097656,4602000,0.0,0.0
2014-11-25 00:00:00+09:00,525.2476937612964,544.8873901367188,494.41793782313334,544.8873901367188,586800,0.0,0.0
2014-11-26 00:00:00+09:00,590.5611279198033,650.8504310021034,517.2548162174611,564.0703735351562,4414800,0.0,0.0
2014-11-27 00:00:00+09:00,556.0774432462605,556.0774432462605,468.38391626204526,513.6008911132812,1048800,0.0,0.0
2014-11-28 00:00:00+09:00,502.86756318632536,544.4306406158945,462.4463285432829,489.8505554199219,924800,0.0,0.0
2014-12-01 00:00:00+09:00,492.36258903318156,524.3341857236479,477.2902648791046,517.2547607421875,350400,0.0,0.0
2014-12-02 00:00:00+09:00,494.4179309663318,506.9782017299107,477.5186575753348,479.573974609375,297600,0.0,0.0
2014-12-03 00:00:00+09:00,468.15559496869787,473.6364409585753,422.938615552209,444.86199951171875,502400,0.0,0.0
2014-12-04 00:00:00+09:00,436.1839660581673,443.9484973911399,411.97689778478207,443.49176025390625,288800,0.0,0.0
2014-12-05 00:00:00+09:00,479.8023505794192,529.8150658468599,470.4392395019531,470.4392395019531,1920000,0.0,0.0
2014-12-08 00:00:00+09:00,447.6023231825261,452.1696938272458,423.395258765512,426.13568115234375,393600,0.0,0.0
2014-12-09 00:00:00+09:00,417.6860897040858,447.6023705959586,401.4719221978036,410.3782958984375,283200,0.0,0.0
2014-12-10 00:00:00+09:00,393.9357623383028,420.1981464941897,388.4549169492482,409.0080871582031,174400,0.0,0.0
2014-12-11 00:00:00+09:00,394.6208795775368,420.1981588094142,394.6208795775368,418.5995788574219,160800,0.0,0.0
2014-12-12 00:00:00+09:00,419.5130670584884,468.15557292863434,418.59959276984716,465.87188720703125,465200,0.0,0.0
2014-12-15 00:00:00+09:00,465.87190333484324,513.8293051487241,434.81377644585365,445.0903625488281,809600,0.0,0.0
2014-12-16 00:00:00+09:00,435.95562742532746,449.4293738989232,422.93861812032816,433.4435729980469,158000,0.0,0.0
2014-12-17 00:00:00+09:00,420.19813398881394,433.9002470536666,396.21943612532186,401.92864990234375,229200,0.0,0.0
2014-12-18 00:00:00+09:00,411.0633926436507,416.3158693274306,380.46200674684553,387.9981689453125,314400,0.0,0.0
2014-12-19 00:00:00+09:00,387.7698026445972,387.7698026445972,354.6563624894343,365.16131591796875,576800,0.0,0.0
2014-12-22 00:00:00+09:00,365.16134531269245,365.16134531269245,342.78122533730544,347.57696533203125,273600,0.0,0.0
2014-12-24 00:00:00+09:00,353.9712904592422,353.9712904592422,324.28337577556385,337.3003845214844,266800,0.0,0.0
2014-12-25 00:00:00+09:00,337.0720107421875,353.9712849934896,322.2280536295573,342.5528564453125,239600,0.0,0.0
2014-12-26 00:00:00+09:00,363.5627453344667,392.7939208387454,356.254951458397,373.6109619140625,515600,0.0,0.0
2014-12-29 00:00:00+09:00,388.45493183195777,392.7939345978644,361.0507038367579,364.24786376953125,243600,0.0,0.0
2014-12-30 00:00:00+09:00,364.24783027696907,369.04356973516116,354.42798281495675,363.1059875488281,121600,0.0,0.0
2015-01-05 00:00:00+09:00,381.3754969746847,386.85634244018917,372.9258602153654,384.801025390625,145200,0.0,0.0
2015-01-06 00:00:00+09:00,403.0705269614419,443.03502680181145,397.58968126904836,415.63079833984375,825200,0.0,0.0
2015-01-07 00:00:00+09:00,400.7868185925839,410.37829801189366,382.517333984375,382.517333984375,366000,0.0,0.0
2015-01-08 00:00:00+09:00,385.94288399854025,385.94288399854025,364.2478698092732,371.5556640625,140400,0.0,0.0
2015-01-09 00:00:00+09:00,369.2719745453407,379.77692867588223,353.05780621341785,357.8535461425781,193600,0.0,0.0
2015-01-13 00:00:00+09:00,342.7812120956233,355.79822014988747,337.300366599091,351.91595458984375,119200,0.0,0.0
2015-01-14 00:00:00+09:00,351.4592369992761,365.3897200772201,341.41101969715254,354.884765625,102000,0.0,0.0
2015-01-15 00:00:00+09:00,354.8847240850061,363.7910974693789,345.5216136039989,355.3414611816406,71200,0.0,0.0
2015-01-16 00:00:00+09:00,352.8294421386719,352.8294421386719,331.1344278971354,342.5528564453125,81200,0.0,0.0
2015-01-19 00:00:00+09:00,342.5528564453125,344.8365421549479,337.98548502604166,342.5528564453125,48000,0.0,0.0
2015-01-20 00:00:00+09:00,336.84361505350006,346.6634628143818,336.84361505350006,343.6946716308594,48800,0.0,0.0
2015-01-21 00:00:00+09:00,343.694707887982,349.4039223047259,340.2691792379357,348.4904479980469,42000,0.0,0.0
2015-01-22 00:00:00+09:00,348.7188252188514,415.63081984172203,348.7188252188514,369.5003662109375,429600,0.0,0.0
2015-01-23 00:00:00+09:00,375.66626757798883,420.19813516322154,374.296056267674,409.4648132324219,675600,0.0,0.0
2015-01-26 00:00:00+09:00,409.6932456732472,415.63082894387395,385.9429125907401,403.070556640625,232000,0.0,0.0
2015-01-27 00:00:00+09:00,406.4960246914429,413.803818393761,382.06058949931685,389.1400146484375,232400,0.0,0.0
2015-01-28 00:00:00+09:00,389.59676281293605,400.33008511786454,375.4379121128176,388.68328857421875,158800,0.0,0.0
2015-01-29 00:00:00+09:00,390.51027031355005,394.62090473790323,379.0918413570135,382.28900146484375,99600,0.0,0.0
2015-01-30 00:00:00+09:00,380.0052961318483,386.3996160186823,374.52445051456203,379.3201904296875,98800,0.0,0.0
2015-02-02 00:00:00+09:00,375.8946545761799,391.19534829222124,375.6662860132539,388.4549255371094,131200,0.0,0.0
2015-02-03 00:00:00+09:00,391.4236934242066,399.6449611974105,380.2336345106791,381.83221435546875,154800,0.0,0.0
2015-02-04 00:00:00+09:00,380.69037278698335,390.51022043535784,380.69037278698335,389.3683776855469,86000,0.0,0.0
2015-02-05 00:00:00+09:00,398.27477450079294,398.5031430641535,387.31308345948673,395.9910888671875,69200,0.0,0.0
2015-02-06 00:00:00+09:00,399.64496243384576,401.92864793346774,389.3683776855469,389.3683776855469,57200,0.0,0.0
2015-02-09 00:00:00+09:00,392.10884802210916,398.04643104399315,390.05353082222626,396.219482421875,78400,0.0,0.0
2015-02-10 00:00:00+09:00,397.36132248013007,397.36132248013007,390.5102651959899,395.07763671875,51600,0.0,0.0
2015-02-12 00:00:00+09:00,395.0776258283693,399.4166286553861,392.10883442041046,398.0464172363281,64800,0.0,0.0
2015-02-13 00:00:00+09:00,343.2379564118865,348.4904334561137,329.0791052491873,340.2691650390625,488400,0.0,0.0
2015-02-16 00:00:00+09:00,334.55990434358904,335.70174702052964,326.7953741403931,327.02374267578125,169200,0.0,0.0
2015-02-17 00:00:00+09:00,322.68479200793854,324.2833720108087,315.605366280942,318.57415771484375,182800,0.0,0.0
2015-02-18 00:00:00+09:00,312.4081877691586,329.99256675908924,311.951450652537,323.1415100097656,91200,0.0,0.0
2015-02-19 00:00:00+09:00,323.36989847117457,337.9854871026401,323.36989847117457,331.1344299316406,89600,0.0,0.0
2015-02-20 00:00:00+09:00,326.795438059231,340.95429002266377,326.795438059231,333.18975830078125,54800,0.0,0.0
2015-02-23 00:00:00+09:00,332.2762865953042,332.2762865953042,319.71601459341986,324.28338623046875,91200,0.0,0.0
2015-02-24 00:00:00+09:00,324.2833861431509,324.51175472494185,317.66069727121334,319.25927734375,28000,0.0,0.0
2015-02-25 00:00:00+09:00,315.60537464331225,330.44933220613086,315.60537464331225,321.99969482421875,46000,0.0,0.0
2015-02-26 00:00:00+09:00,327.2521610434258,327.2521610434258,321.9996839296793,324.9684753417969,31600,0.0,0.0
2015-02-27 00:00:00+09:00,328.8507529044483,351.687610745035,328.16564716923074,344.6081848144531,194800,0.0,0.0
2015-03-02 00:00:00+09:00,347.3486107577797,375.4379461445035,347.3486107577797,353.28619384765625,229600,0.0,0.0
2015-03-03 00:00:00+09:00,352.82943900383384,352.82943900383384,333.87484778226866,338.8989562988281,88800,0.0,0.0
2015-03-04 00:00:00+09:00,333.4181136067708,342.5528564453125,333.4181136067708,342.5528564453125,38000,0.0,0.0
2015-03-05 00:00:00+09:00,343.0096074326748,349.4039276777579,340.7259216308594,340.7259216308594,34400,0.0,0.0
2015-03-06 00:00:00+09:00,353.0577936331114,358.5386390711416,341.4109970772972,343.2379455566406,60800,0.0,0.0
2015-03-09 00:00:00+09:00,340.2691843461017,342.5528701470823,331.1344411421795,335.7018127441406,36000,0.0,0.0
2015-03-10 00:00:00+09:00,332.504618226601,339.812412033779,320.40108473346237,324.51171875,54400,0.0,0.0
2015-03-11 00:00:00+09:00,321.31456497340525,329.3074645996094,321.31456497340525,329.3074645996094,30000,0.0,0.0
2015-03-12 00:00:00+09:00,329.30743313415235,338.89891176912766,329.30743313415235,338.21380615234375,54800,0.0,0.0
2015-03-13 00:00:00+09:00,340.72593561634324,340.72593561634324,303.73022410840247,333.8748779296875,99200,0.0,0.0
2015-03-16 00:00:00+09:00,331.134393480089,331.134393480089,315.1485951741536,328.8507080078125,59200,0.0,0.0
2015-03-17 00:00:00+09:00,321.9996678107467,328.85072457267745,319.9443507821675,328.1656188964844,26000,0.0,0.0
2015-03-18 00:00:00+09:00,326.5670254717236,333.64645049943226,322.45639158466696,329.9925537109375,34400,0.0,0.0
2015-03-19 00:00:00+09:00,333.418101361203,333.418101361203,327.937255859375,327.937255859375,20000,0.0,0.0
2015-03-20 00:00:00+09:00,327.9372699185075,331.1344299316406,327.70890134614086,331.1344299316406,32000,0.0,0.0
2015-03-23 00:00:00+09:00,332.73301560911415,336.38691282925544,332.73301560911415,333.4181213378906,16400,0.0,0.0
2015-03-24 00:00:00+09:00,332.9613758129078,333.18974438342417,326.56705583844865,332.504638671875,15200,0.0,0.0
2015-03-25 00:00:00+09:00,329.3074732082055,333.18973884242155,329.3074732082055,332.7330017089844,12400,0.0,0.0
2015-03-26 00:00:00+09:00,332.5046215123739,332.5046215123739,321.08619357582256,328.1656188964844,16800,0.0,0.0
2015-03-27 00:00:00+09:00,328.16562995511896,329.9925784865323,322.91315292730565,327.7088928222656,21200,0.0,0.0
2015-03-30 00:00:00+09:00,331.1344130855989,335.93015286132135,328.850727478112,329.3074645996094,33600,0.0,0.0
2015-03-31 00:00:00+09:00,329.99258706980737,333.18974708294047,329.99258706980737,331.1344299316406,9600,0.0,0.0
2015-04-01 00:00:00+09:00,337.75711911366164,348.26207346067207,331.13443050358984,341.1826477050781,44400,0.0,0.0
2015-04-02 00:00:00+09:00,341.6393466525608,341.6393466525608,328.8507080078125,328.8507080078125,47600,0.0,0.0
2015-04-03 00:00:00+09:00,329.7642184974407,334.3315899447737,324.28337276064116,331.1344299316406,22800,0.0,0.0
2015-04-06 00:00:00+09:00,330.90604129914317,332.7329897673234,321.31456184119696,325.653564453125,37600,0.0,0.0
2015-04-07 00:00:00+09:00,326.56705245648857,328.8507381380025,322.68478679791497,323.8266296386719,44400,0.0,0.0
2015-04-08 00:00:00+09:00,325.1968450520833,346.6634907226562,324.7401079101562,342.5528564453125,98800,0.0,0.0
2015-04-09 00:00:00+09:00,349.4038889031661,369.95705883864645,347.3485719096181,368.8152160644531,227600,0.0,0.0
2015-04-10 00:00:00+09:00,375.6662623165147,381.3754760295316,372.2407340887045,374.2960510253906,161600,0.0,0.0
2015-04-13 00:00:00+09:00,374.2960845022491,421.3400097050943,373.38261022646566,414.48895263671875,580400,0.0,0.0
2015-04-14 00:00:00+09:00,406.496052723614,431.6165953076576,395.07762427632144,414.48895263671875,476000,0.0,0.0
2015-04-15 00:00:00+09:00,420.1981890222063,420.1981890222063,397.58969950416366,398.503173828125,201200,0.0,0.0
2015-04-16 00:00:00+09:00,395.5343357028904,406.26765774563626,367.44500354847037,380.233642578125,166400,0.0,0.0
2015-04-17 00:00:00+09:00,373.38260176123646,381.37550149312835,366.0748077206496,374.5244445800781,58400,0.0,0.0
2015-04-20 00:00:00+09:00,365.38966444672127,378.1783027023565,358.53860823834526,362.1925048828125,99600,0.0,0.0
2015-04-21 00:00:00+09:00,356.0265738061997,366.07479012914564,354.19962538384584,365.16131591796875,60400,0.0,0.0
2015-04-22 00:00:00+09:00,369.9570577937342,373.38258610663917,361.279052734375,361.279052734375,53600,0.0,0.0
2015-04-23 00:00:00+09:00,363.5627241950008,368.5868321926704,360.59393310546875,360.59393310546875,30000,0.0,0.0
2015-04-24 00:00:00+09:00,361.05071229164645,371.55566660247234,356.25497228018247,367.67340087890625,38000,0.0,0.0
2015-04-27 00:00:00+09:00,363.5627525539924,380.0052891016604,363.5627525539924,364.4762268066406,54800,0.0,0.0
2015-04-28 00:00:00+09:00,363.334405481581,364.24787978826004,346.66349938468886,348.4904479980469,111600,0.0,0.0
2015-04-30 00:00:00+09:00,347.12023623262724,352.60108206787925,332.96138449155956,340.95428466796875,65600,0.0,0.0
2015-05-01 00:00:00+09:00,340.72592434123413,342.7812415792174,335.7018155372749,336.8436584472656,37600,0.0,0.0
2015-05-07 00:00:00+09:00,333.4180793788497,335.7017648540473,330.4492882610928,331.3627624511719,44400,0.0,0.0
2015-05-08 00:00:00+09:00,333.6464474995931,345.2932434082031,333.6464474995931,345.2932434082031,33200,0.0,0.0
2015-05-11 00:00:00+09:00,347.12020549368356,352.82941939982965,343.46630859375,343.46630859375,38400,0.0,0.0
2015-05-12 00:00:00+09:00,343.0095935872396,352.8294421386719,337.98548502604166,342.5528564453125,28800,0.0,0.0
2015-05-13 00:00:00+09:00,334.559930650639,339.8124073775773,331.13440235046176,332.2762451171875,68400,0.0,0.0
2015-05-14 00:00:00+09:00,331.8194707766736,332.50457635983264,326.56699463912133,327.48046875,18000,0.0,0.0
2015-05-15 00:00:00+09:00,324.51176575792476,334.3316151087979,324.51176575792476,333.8748779296875,22400,0.0,0.0
2015-05-18 00:00:00+09:00,333.8748104564024,333.8748104564024,327.93722832790274,329.0790710449219,7600,0.0,0.0
2015-05-19 00:00:00+09:00,329.07909114694434,335.7017793102069,329.07909114694434,334.5599365234375,11200,0.0,0.0
2015-05-20 00:00:00+09:00,335.70178133460826,335.70178133460826,327.4805132202913,328.1656188964844,60000,0.0,0.0
2015-05-21 00:00:00+09:00,329.0790545603575,335.0166363914257,327.4804748366084,329.76416015625,141600,0.0,0.0
2015-05-22 00:00:00+09:00,327.25218339399856,328.8507634943182,326.56707763671875,326.56707763671875,53200,0.0,0.0
2015-05-25 00:00:00+09:00,326.7953923815578,327.25212947782836,318.57412464868844,319.9443359375,70000,0.0,0.0
2015-05-26 00:00:00+09:00,320.1727544630925,321.9997031333526,319.7160172955274,320.401123046875,36400,0.0,0.0
2015-05-27 00:00:00+09:00,331.1343952211374,331.5911323179942,321.54291618714586,322.4563903808594,70000,0.0,0.0
2015-05-28 00:00:00+09:00,328.6223610280427,328.6223610280427,322.91314697265625,322.91314697265625,16400,0.0,0.0
2015-05-29 00:00:00+09:00,325.42517186858856,330.44927978515625,323.5982235352912,330.44927978515625,26000,0.0,0.0
2015-06-01 00:00:00+09:00,330.22090217121485,330.22090217121485,324.74005732190005,327.02374267578125,12800,0.0,0.0
2015-06-02 00:00:00+09:00,331.1344382007834,331.1344382007834,325.6535923271153,329.5358581542969,36800,0.0,0.0
2015-06-03 00:00:00+09:00,326.33868408203125,328.6223697649006,326.33868408203125,326.33868408203125,17200,0.0,0.0
2015-06-04 00:00:00+09:00,326.33867012869257,328.62235571391784,324.51172166051236,325.653564453125,13200,0.0,0.0
2015-06-05 00:00:00+09:00,324.2833667749747,326.56705245648857,322.68478679791497,323.8266296386719,22000,0.0,0.0
2015-06-08 00:00:00+09:00,326.1103210449219,326.1103210449219,323.8266353233188,326.1103210449219,8800,0.0,0.0
2015-06-09 00:00:00+09:00,326.1102871557133,326.1102871557133,321.3145476387175,322.4563903808594,22800,0.0,0.0
2015-06-10 00:00:00+09:00,322.4563988292285,326.5670328086379,321.54292461158195,323.369873046875,14400,0.0,0.0
2015-06-11 00:00:00+09:00,326.56707204899317,326.56707204899317,324.28338623046875,324.28338623046875,1200,0.0,0.0
2015-06-12 00:00:00+09:00,321.5429355993635,325.42520115702627,321.5429355993635,322.91314697265625,21200,0.0,0.0
2015-06-15 00:00:00+09:00,320.6294777134487,321.9996891566685,319.71600341796875,319.71600341796875,36400,0.0,0.0
2015-06-16 00:00:00+09:00,325.42527452647255,325.42527452647255,317.432373046875,317.432373046875,59200,0.0,0.0
2015-06-17 00:00:00+09:00,318.57413086710096,324.7400817871094,316.97555099895067,324.7400817871094,22800,0.0,0.0
2015-06-18 00:00:00+09:00,321.77137670722794,322.9132197757419,317.432373046875,317.432373046875,18800,0.0,0.0
2015-06-19 00:00:00+09:00,321.9996610228266,322.45639813066043,317.4322899444887,318.34576416015625,19200,0.0,0.0
2015-06-22 00:00:00+09:00,318.34575610055316,321.99965287071734,315.14859642665954,319.9443359375,19200,0.0,0.0
2015-06-23 00:00:00+09:00,319.7159873560855,326.1103071032072,319.7159873560855,325.4252014160156,22400,0.0,0.0
2015-06-24 00:00:00+09:00,326.33866459954095,326.33866459954095,321.99966206112856,325.8819274902344,21600,0.0,0.0
2015-06-25 00:00:00+09:00,326.1103348852883,326.1103348852883,321.99970041194433,324.28338623046875,23600,0.0,0.0
2015-06-26 00:00:00+09:00,325.4415379574424,330.3057887027138,322.1987041272615,330.07415771484375,22800,5.0,0.0
2015-06-29 00:00:00+09:00,317.79769641851215,321.96705395169965,316.17627960005035,318.0293273925781,27600,0.0,0.0
2015-06-30 00:00:00+09:00,313.16508450473316,324.05174054890654,313.16508450473316,317.3344421386719,25200,0.0,0.0
2015-07-01 00:00:00+09:00,321.5038146972656,328.4527444097426,309.9222651764708,321.5038146972656,28800,0.0,0.0
2015-07-02 00:00:00+09:00,318.0292994107171,325.67312088235127,317.79766845703125,317.79766845703125,14400,0.0,0.0
2015-07-03 00:00:00+09:00,315.7130101447231,318.9558437045369,314.0915933648163,315.94464111328125,14000,0.0,0.0
2015-07-06 00:00:00+09:00,313.6283546612499,313.6283546612499,306.2161631182957,311.0804138183594,34400,0.0,0.0
2015-07-07 00:00:00+09:00,312.47016397355657,312.701794932766,310.38548534067144,311.54364013671875,18400,0.0,0.0
2015-07-08 00:00:00+09:00,310.38547993076804,310.38547993076804,296.4876226204351,298.1090393066406,40400,0.0,0.0
2015-07-09 00:00:00+09:00,278.1887991804418,286.9907761736614,267.3021434256701,284.9060974121094,52800,0.0,0.0
2015-07-10 00:00:00+09:00,282.5897876770516,287.2224071471672,279.57858502147644,284.9060974121094,25200,0.0,0.0
2015-07-13 00:00:00+09:00,284.4428324397418,296.2560119628906,284.4428324397418,296.2560119628906,16400,0.0,0.0
2015-07-14 00:00:00+09:00,296.25604261610243,312.70184326171875,296.25604261610243,312.70184326171875,36400,0.0,0.0
2015-07-15 00:00:00+09:00,315.01811469780216,321.967043698489,312.7018050309066,316.17626953125,34800,0.0,0.0
2015-07-16 00:00:00+09:00,321.9670384706652,322.19866943359375,320.11399076723694,322.19866943359375,12400,0.0,0.0
2015-07-17 00:00:00+09:00,322.89359262239395,327.7578433003497,321.5038067144066,324.978271484375,31200,0.0,0.0
2015-07-21 00:00:00+09:00,324.97824347036055,327.52618408203125,321.9670409292952,327.52618408203125,16400,0.0,0.0
2015-07-22 00:00:00+09:00,328.45271818553306,328.68434915745513,318.0293244490387,326.59967041015625,10800,0.0,0.0
2015-07-23 00:00:00+09:00,319.8823448164908,326.3680114746094,319.1874519602638,326.3680114746094,11200,0.0,0.0
2015-07-24 00:00:00+09:00,324.28336338051406,326.36804214510306,321.7354226682386,323.5884704589844,11200,0.0,0.0
2015-07-27 00:00:00+09:00,321.50376148102043,328.684320995366,312.70178530214525,326.3680114746094,44800,0.0,0.0
2015-07-28 00:00:00+09:00,319.41913543701173,324.28338623046875,315.4814086042132,324.28338623046875,7600,0.0,0.0
2015-07-29 00:00:00+09:00,324.28334809995056,330.07412217316397,318.95583595259427,322.19866943359375,10800,0.0,0.0
2015-07-30 00:00:00+09:00,316.63955747557503,318.49260536131357,308.53247297546886,311.0804138183594,14800,0.0,0.0
2015-07-31 00:00:00+09:00,315.0181045248606,320.80887850509697,311.54364013671875,311.54364013671875,8400,0.0,0.0
2015-08-03 00:00:00+09:00,311.77529778097175,330.07414512472866,311.77529778097175,328.4527282714844,22800,0.0,0.0
2015-08-04 00:00:00+09:00,327.52618403922963,330.3057556152344,325.9047672865602,330.3057556152344,12400,0.0,0.0
2015-08-05 00:00:00+09:00,328.91596476236975,334.475107828776,328.91596476236975,333.548583984375,25200,0.0,0.0
2015-08-06 00:00:00+09:00,327.98945624168886,335.8649092870401,326.59967041015625,326.59967041015625,22800,0.0,0.0
2015-08-07 00:00:00+09:00,316.1762521233357,331.0006331752723,314.78646639971663,328.91595458984375,12000,0.0,0.0
2015-08-10 00:00:00+09:00,324.51496646505007,330.7690022213358,324.28333551111353,328.91595458984375,8400,0.0,0.0
2015-08-11 00:00:00+09:00,335.86493241159536,365.97696083470396,328.9160027754934,352.0791015625,137200,0.0,0.0
2015-08-12 00:00:00+09:00,296.02439417414354,323.35684997426006,290.2336196402205,319.88238525390625,347200,0.0,0.0
2015-08-13 00:00:00+09:00,299.9621096629893,305.7528839808076,296.9509070177238,304.36309814453125,88800,0.0,0.0
2015-08-14 00:00:00+09:00,311.31197746000385,311.31197746000385,299.7304306794978,300.4253234863281,24000,0.0,0.0
2015-08-17 00:00:00+09:00,299.96212863088886,299.96212863088886,289.77036518705944,291.6234130859375,27200,0.0,0.0
2015-08-18 00:00:00+09:00,294.1713412348836,296.9509129630872,286.064257027623,290.0019836425781,31600,0.0,0.0
2015-08-19 00:00:00+09:00,294.1713128520621,294.1713128520621,289.307062797028,289.77032470703125,15200,0.0,0.0
2015-08-20 00:00:00+09:00,286.06424209919385,286.06424209919385,282.58977762025626,283.05303955078125,11600,0.0,0.0
2015-08-21 00:00:00+09:00,269.8500959008141,282.5897999991358,257.34202278609825,261.7430114746094,57600,0.0,0.0
2015-08-24 00:00:00+09:00,257.11039495626557,257.11039495626557,206.15157793790664,209.16278076171875,237200,0.0,0.0
2015-08-25 00:00:00+09:00,212.63724783265096,220.04943947823355,203.83527025352163,211.71072387695312,118400,0.0,0.0
2015-08-26 00:00:00+09:00,222.3657468285891,233.94729614257812,220.0494369657913,233.94729614257812,63600,0.0,0.0
2015-08-27 00:00:00+09:00,231.86260721418594,242.05437016865565,230.47282135675823,233.48402404785156,42000,0.0,0.0
2015-08-28 00:00:00+09:00,233.48403045224472,246.68699645996094,233.48403045224472,246.68699645996094,28400,0.0,0.0
2015-08-31 00:00:00+09:00,234.17893682420254,247.8451655805111,231.86262686550617,237.1901397705078,44800,0.0,0.0
2015-09-01 00:00:00+09:00,240.4329455972078,243.21251722260905,230.00955200195312,230.00955200195312,23200,0.0,0.0
2015-09-02 00:00:00+09:00,230.00955200195312,239.0431597845072,229.7779210331697,230.00955200195312,14400,0.0,0.0
2015-09-03 00:00:00+09:00,236.26358815910595,236.26358815910595,228.15650425168565,230.00955200195312,10800,0.0,0.0
2015-09-04 00:00:00+09:00,231.6309768961083,231.86260787300444,222.8289997740562,223.75552368164062,12000,0.0,0.0
2015-09-07 00:00:00+09:00,216.80659167294576,228.38814037342362,216.80659167294576,228.15650939941406,16400,0.0,0.0
2015-09-08 00:00:00+09:00,224.6820582339638,226.53510613692433,209.62604402240953,220.0494384765625,9600,0.0,0.0
2015-09-09 00:00:00+09:00,223.52391266431962,229.31468760380977,219.58618570546633,226.0718536376953,21600,0.0,0.0
2015-09-10 00:00:00+09:00,222.59735361735025,222.8289845784505,216.80657958984375,222.36572265625,10400,0.0,0.0
2015-09-11 00:00:00+09:00,223.75552331173057,229.31466674804688,223.75552331173057,229.31466674804688,11600,0.0,0.0
2015-09-14 00:00:00+09:00,226.99834695415925,230.47281144835554,226.0718230890402,227.46160888671875,12400,0.0,0.0
2015-09-15 00:00:00+09:00,227.46161893594143,229.31466674804688,225.8402021003492,229.31466674804688,9200,0.0,0.0
2015-09-16 00:00:00+09:00,230.00956571337204,253.4042949551148,229.3146727655975,246.68699645996094,21600,0.0,0.0
2015-09-17 00:00:00+09:00,236.26360082814816,243.21253026427019,232.32587414767903,234.41055297851562,18400,0.0,0.0
2015-09-18 00:00:00+09:00,234.41053787511137,234.41053787511137,226.99834695415925,227.46160888671875,14400,0.0,0.0
2015-09-24 00:00:00+09:00,225.14531941316565,227.92489125777263,225.14531941316565,226.9983673095703,2000,0.0,0.0
2015-09-25 00:00:00+09:00,223.52389957095767,231.39935302734375,223.52389957095767,231.39935302734375,11600,0.0,0.0
2015-09-28 00:00:00+09:00,229.31465668039223,229.31465668039223,221.20757285835816,224.68203735351562,6400,0.0,0.0
2015-09-29 00:00:00+09:00,228.15651773404673,228.15651773404673,220.5126953125,220.5126953125,15200,0.0,0.0
2015-09-30 00:00:00+09:00,222.3657328713389,222.3657328713389,220.2810541256701,221.439208984375,6800,0.0,0.0
2015-10-01 00:00:00+09:00,224.2187954649633,226.9983673095703,222.36574756855867,226.9983673095703,8000,0.0,0.0
2015-10-02 00:00:00+09:00,228.15649917132805,233.94727326197088,227.92486820770233,233.25238037109375,6800,0.0,0.0
2015-10-05 00:00:00+09:00,233.94726553270894,238.11662274022257,229.7779083251953,229.7779083251953,11200,0.0,0.0
2015-10-06 00:00:00+09:00,239.27480582055196,264.5225830078125,236.26360303675023,264.5225830078125,100400,0.0,0.0
2015-10-07 00:00:00+09:00,299.2672460235568,310.3855338015218,254.794094911697,257.8052978515625,736000,0.0,0.0
2015-10-08 00:00:00+09:00,264.0592983714196,264.0592983714196,245.52882129272345,247.15023803710938,84800,0.0,0.0
2015-10-09 00:00:00+09:00,251.7828761869264,251.7828761869264,236.26360046979295,238.5799102783203,45200,0.0,0.0
2015-10-13 00:00:00+09:00,238.81154654963842,240.4329634515273,236.03197471782886,236.72686767578125,36400,0.0,0.0
2015-10-14 00:00:00+09:00,236.72684224446613,236.72684224446613,231.86259206136066,232.09422302246094,26000,0.0,0.0
2015-10-15 00:00:00+09:00,232.55749767299665,235.1054383845534,232.09423572544088,232.32586669921875,19600,0.0,0.0
2015-10-16 00:00:00+09:00,233.02076911373416,239.73806762695312,233.02076911373416,239.73806762695312,19200,0.0,0.0
2015-10-19 00:00:00+09:00,240.8962021551857,240.8962021551857,231.16770168353398,234.6421661376953,32400,0.0,0.0
2015-10-20 00:00:00+09:00,235.56869252023154,239.04315701168036,235.10543058803836,235.80032348632812,18800,0.0,0.0
2015-10-21 00:00:00+09:00,238.11664269836655,254.7940729262677,238.11664269836655,247.3818817138672,64400,0.0,0.0
2015-10-22 00:00:00+09:00,257.11036682128906,309.22733306884766,257.11036682128906,266.8388671875,487600,0.0,0.0
2015-10-23 00:00:00+09:00,273.7878276624177,277.2622924804687,264.059326171875,264.059326171875,60400,0.0,0.0
2015-10-26 00:00:00+09:00,257.11035409416564,264.05928258319716,255.25730649709058,256.87872314453125,39200,0.0,0.0
2015-10-27 00:00:00+09:00,256.8787486915484,261.9746300902987,254.56243896484375,254.56243896484375,42000,0.0,0.0
2015-10-28 00:00:00+09:00,259.1950647645077,275.177602270094,255.48896911103844,273.3245544433594,36800,0.0,0.0
2015-10-29 00:00:00+09:00,274.4827114495256,281.4316408533111,273.3245565488947,278.6520690917969,29600,0.0,0.0
2015-10-30 00:00:00+09:00,280.27343907713583,285.1376888462431,261.7429637662508,268.92352294921875,60400,0.0,0.0
2015-11-02 00:00:00+09:00,266.1439743041992,266.1439743041992,254.79405721028644,258.5001525878906,24800,0.0,0.0
2015-11-04 00:00:00+09:00,268.6919492713004,268.6919492713004,257.1103997337444,258.2685546875,16400,0.0,0.0
2015-11-05 00:00:00+09:00,258.2685369543127,262.66952547640415,254.79407233160893,257.1103820800781,20400,0.0,0.0
2015-11-06 00:00:00+09:00,254.56245179673215,255.95223770281078,250.39309407849632,253.404296875,19200,0.0,0.0
2015-11-09 00:00:00+09:00,258.7318218330596,263.5960727359192,257.34203586081395,257.8052978515625,11600,0.0,0.0
2015-11-10 00:00:00+09:00,257.3419977823893,264.0592956542969,254.79405721028644,258.5001525878906,10800,0.0,0.0
2015-11-11 00:00:00+09:00,261.27974601920323,274.94597386949846,260.8164840581763,273.0929260253906,18000,0.0,0.0
2015-11-12 00:00:00+09:00,274.01943746427213,279.1153188034217,265.912353515625,265.912353515625,51200,0.0,0.0
2015-11-13 00:00:00+09:00,278.1888078364329,283.053058431408,268.92356860790886,270.3133544921875,49600,0.0,0.0
2015-11-16 00:00:00+09:00,269.85008779467455,270.5449807246179,257.5736460323417,265.21746826171875,24000,0.0,0.0
2015-11-17 00:00:00+09:00,265.9123280576802,268.2286375355346,260.12155436304437,265.4490661621094,12000,0.0,0.0
2015-11-18 00:00:00+09:00,268.6919424466997,274.48271706839586,268.6919424466997,272.6296691894531,19200,0.0,0.0
2015-11-19 00:00:00+09:00,276.56742484614534,276.56742484614534,266.14402943737105,270.0817565917969,14800,0.0,0.0
2015-11-20 00:00:00+09:00,271.4714914871034,274.0194321068629,271.4714914871034,271.93475341796875,2800,0.0,0.0
2015-11-24 00:00:00+09:00,289.5387056886422,341.4240417480469,289.5387056886422,341.4240417480469,324000,0.0,0.0
2015-11-25 00:00:00+09:00,334.4751291379553,364.58715599940564,325.44152107952027,359.2596435546875,514400,0.0,0.0
2015-11-26 00:00:00+09:00,363.660649586436,370.6095791963679,340.497550886663,341.19244384765625,263200,0.0,0.0
2015-11-27 00:00:00+09:00,341.4240777420671,392.84615729345035,337.4863509295738,338.1812438964844,322800,0.0,0.0
2015-11-30 00:00:00+09:00,342.81386581552823,353.4688913746595,321.2721837068497,321.5038146972656,108400,0.0,0.0
2015-12-01 00:00:00+09:00,321.5037592378454,347.90968759023326,321.5037592378454,332.1587829589844,109200,0.0,0.0
2015-12-02 00:00:00+09:00,341.4240546714139,358.79637767029857,337.486328125,337.486328125,239600,0.0,0.0
2015-12-03 00:00:00+09:00,337.7179308394311,342.1189189642248,313.1650497221611,328.91595458984375,72000,0.0,0.0
2015-12-04 00:00:00+09:00,321.9671026265846,327.75787785368146,318.4926374903265,319.1875305175781,18400,0.0,0.0
2015-12-07 00:00:00+09:00,332.85372181099,333.54861475840335,326.36805430179885,330.76904296875,19200,0.0,0.0
2015-12-08 00:00:00+09:00,331.2322743733724,335.63326263427734,319.6507263183594,322.4302978515625,28000,0.0,0.0
2015-12-09 00:00:00+09:00,320.57727477600525,331.2322998046875,320.34564379712083,331.2322998046875,26400,0.0,0.0
2015-12-10 00:00:00+09:00,332.39043951709954,340.4975234077605,323.35683175322015,327.06292724609375,28000,0.0,0.0
2015-12-11 00:00:00+09:00,327.06291956898235,340.03425348956523,324.28334801457174,333.31695556640625,44000,0.0,0.0
2015-12-14 00:00:00+09:00,322.8935859634061,345.13016003262203,303.2049526729545,344.8985290527344,106400,0.0,0.0
2015-12-15 00:00:00+09:00,346.7515462307355,387.981857004998,337.7179388139027,347.6780700683594,335600,0.0,0.0
2015-12-16 00:00:00+09:00,348.3729933028338,362.2708520782128,345.1301595885787,350.4576721191406,61200,0.0,0.0
2015-12-17 00:00:00+09:00,368.98817021671573,368.98817021671573,354.8586797062201,362.50250244140625,66400,0.0,0.0
2015-12-18 00:00:00+09:00,364.8187688353715,380.80130537482586,360.88104244159285,363.6606140136719,152400,0.0,0.0
2015-12-21 00:00:00+09:00,359.0280277646821,359.49128973599136,329.8425235721983,335.86492919921875,82400,0.0,0.0
2015-12-22 00:00:00+09:00,331.23231422737854,350.92094828984506,331.23231422737854,338.1812438964844,45600,0.0,0.0
2015-12-24 00:00:00+09:00,338.1811927473041,340.4975022866692,318.2609307087643,328.91595458984375,35600,0.0,0.0
2015-12-25 00:00:00+09:00,328.91595458984375,328.91595458984375,328.91595458984375,328.91595458984375,0,0.0,0.0
2015-12-28 00:00:00+09:00,361.3443404281695,361.3443404281695,347.44648118093227,357.63824462890625,26800,0.0,0.0
2015-12-29 00:00:00+09:00,359.95456004423255,359.95456004423255,347.446486529182,354.3954162597656,14800,0.0,0.0
2015-12-30 00:00:00+09:00,354.39541368839554,358.5647714964943,353.7005207203791,354.6270446777344,17600,0.0,0.0
2016-01-04 00:00:00+09:00,367.1351358379196,376.6320068595945,355.7852168120155,358.5647888183594,80000,0.0,0.0
2016-01-05 00:00:00+09:00,367.830013738894,367.830013738894,331.23231715782015,354.3954162597656,96800,0.0,0.0
2016-01-06 00:00:00+09:00,363.6606448978275,385.66558837890625,361.344335057714,385.66558837890625,242400,0.0,0.0
2016-01-07 00:00:00+09:00,393.7726569002535,478.3179626464844,393.7726569002535,478.3179626464844,1576400,0.0,0.0
2016-01-08 00:00:00+09:00,466.73644055818255,544.1011905067845,420.8735049599095,440.098876953125,1377200,0.0,0.0
2016-01-12 00:00:00+09:00,440.09887906628677,481.56082609411067,387.9819065452791,401.41650390625,484400,0.0,0.0
2016-01-13 00:00:00+09:00,428.51730542077456,457.0079154568585,393.77265903530633,397.9420166015625,228000,0.0,0.0
2016-01-14 00:00:00+09:00,389.8349525853207,390.29821456106083,353.70051847759044,374.08404541015625,212000,0.0,0.0
2016-01-15 00:00:00+09:00,370.8411969569784,380.33806708517085,331.2322995930538,334.0118713378906,239600,0.0,0.0
2016-01-18 00:00:00+09:00,324.2833358390455,349.99437175199836,312.9334190846789,340.03424072265625,257600,0.0,0.0
2016-01-19 00:00:00+09:00,409.52355790407086,409.52355790407086,382.885996162573,390.2981872558594,627200,0.0,0.0
2016-01-20 00:00:00+09:00,374.08401950669855,377.55848408416017,324.7466225067439,329.3792419433594,404400,0.0,0.0
2016-01-21 00:00:00+09:00,336.3281555175781,347.4464416503906,290.001963297526,339.10772705078125,513200,0.0,0.0
2016-01-22 00:00:00+09:00,332.62207881995784,376.4003329264843,319.6507442698759,362.2708435058594,214000,0.0,0.0
2016-01-25 00:00:00+09:00,366.20861287292377,397.24716703166615,363.89230286107727,396.7839050292969,156800,0.0,0.0
2016-01-26 00:00:00+09:00,387.5186263713431,396.3206035393712,380.10643507195095,381.032958984375,100400,0.0,0.0
2016-01-27 00:00:00+09:00,396.0889460715316,397.24710088460625,379.87477868848646,388.90838623046875,63200,0.0,0.0
2016-01-28 00:00:00+09:00,396.08897432367854,396.5522362819519,386.8237351582124,391.91961669921875,41200,0.0,0.0
2016-01-29 00:00:00+09:00,391.9195882919783,476.6965205111651,369.6830159066178,472.2955322265625,588800,0.0,0.0
2016-02-01 00:00:00+09:00,482.7189229329427,543.8694966634114,441.2569808959961,444.7314453125,976400,0.0,0.0
2016-02-02 00:00:00+09:00,447.0477450278497,503.3340673292837,428.7488995059844,459.5558166503906,473200,0.0,0.0
2016-02-03 00:00:00+09:00,451.91201991750233,481.7924148787314,451.91201991750233,465.5782470703125,189200,0.0,0.0
2016-02-04 00:00:00+09:00,474.8434486230874,581.3936858750973,452.8385083210419,558.2305908203125,2434800,0.0,0.0
2016-02-05 00:00:00+09:00,576.7611577559491,599.9242564610072,452.8385796838877,453.9967346191406,1196800,0.0,0.0
2016-02-08 00:00:00+09:00,448.2059433355564,495.6902939214939,445.8896335508765,474.843505859375,601200,0.0,0.0
2016-02-09 00:00:00+09:00,458.62935159617456,509.12490646888466,447.04780231344284,503.7973937988281,440400,0.0,0.0
2016-02-10 00:00:00+09:00,503.79735690444267,553.3663842044659,451.91201991750233,465.5782470703125,849600,0.0,0.0
2016-02-12 00:00:00+09:00,430.83363915036267,449.36411825360403,375.2422018406384,404.1960754394531,340800,0.0,0.0
2016-02-15 00:00:00+09:00,450.0589709112645,451.6803876875789,416.93574248084207,424.1163024902344,292000,0.0,0.0
2016-02-16 00:00:00+09:00,430.1387383563702,498.00661683693914,424.1163327574119,451.680419921875,482000,0.0,0.0
2016-02-17 00:00:00+09:00,460.94564844282183,473.4537213151396,415.54597653589065,425.0428466796875,275200,0.0,0.0
2016-02-18 00:00:00+09:00,440.0988473766175,443.8049429334733,419.0204288970006,420.641845703125,200800,0.0,0.0
2016-02-19 00:00:00+09:00,411.6082601101599,426.8959051114376,393.7726742753358,421.3367614746094,244000,0.0,0.0
2016-02-22 00:00:00+09:00,426.43261217068346,437.31926766879434,419.2520521612912,424.1163024902344,158400,0.0,0.0
2016-02-23 00:00:00+09:00,435.00299048303424,462.10381576871845,412.53478490430456,412.998046875,426800,0.0,0.0
2016-02-24 00:00:00+09:00,405.1225684464212,424.579570018462,400.72157999560244,412.5347595214844,73200,0.0,0.0
2016-02-25 00:00:00+09:00,421.80002713155073,503.565765504663,405.58585804906386,456.77630615234375,1172400,0.0,0.0
2016-02-26 00:00:00+09:00,474.3802385345282,474.3802385345282,435.4662345922427,439.4039611816406,275200,0.0,0.0
2016-02-29 00:00:00+09:00,446.3529087127201,454.22836221361916,435.6978833879743,437.7825622558594,183600,0.0,0.0
2016-03-01 00:00:00+09:00,437.7825664433025,447.7426989073565,428.51732694185694,445.65802001953125,112000,0.0,0.0
2016-03-02 00:00:00+09:00,454.2283430972743,465.34662992474455,446.5845209033885,447.74267578125,267200,0.0,0.0
2016-03-03 00:00:00+09:00,449.59572370256694,495.6902878534226,449.59572370256694,486.425048828125,576400,0.0,0.0
2016-03-04 00:00:00+09:00,493.14233989483535,499.164745173025,470.2108736432672,476.00164794921875,232000,0.0,0.0
2016-03-07 00:00:00+09:00,490.82598515862134,537.1521753576417,483.41379472677806,524.6441040039062,760400,0.0,0.0
2016-03-08 00:00:00+09:00,582.551850554231,587.8793625076096,532.7511953378653,535.0675048828125,971200,0.0,0.0
2016-03-09 00:00:00+09:00,515.6105054313754,568.6539940853669,501.71264814212,562.8632202148438,519200,0.0,0.0
2016-03-10 00:00:00+09:00,574.4448263646125,632.3525709578194,550.1235736354656,579.7723388671875,1868400,0.0,0.0
2016-03-11 00:00:00+09:00,575.6029613148082,646.0187763006037,555.9143288352273,636.9851684570312,877200,0.0,0.0
2016-03-14 00:00:00+09:00,643.9341634717176,669.4135728177208,613.8221342446229,625.6353149414062,635200,0.0,0.0
2016-03-15 00:00:00+09:00,629.3413450244065,742.3772583007812,623.0873088390333,742.3772583007812,1643200,0.0,0.0
2016-03-16 00:00:00+09:00,810.7084111126475,904.518955827111,785.22900390625,785.22900390625,4485600,0.0,0.0
2016-03-17 00:00:00+09:00,752.8006674617441,847.7693670492256,729.6375700013828,785.22900390625,1648400,0.0,0.0
2016-03-18 00:00:00+09:00,753.9587889264344,797.9686721510188,697.2092026631543,727.3212280273438,495200,0.0,0.0
2016-03-22 00:00:00+09:00,715.7397525185032,784.0708939401727,694.4297016344572,748.1680908203125,624400,0.0,0.0
2016-03-23 00:00:00+09:00,806.0757750036564,817.6573234950882,742.3772583007812,742.3772583007812,547600,0.0,0.0
2016-03-24 00:00:00+09:00,733.1120238325979,774.8055986477219,731.9538689766222,758.5914306640625,329600,0.0,0.0
2016-03-25 00:00:00+09:00,781.7545379962835,781.7545379962835,741.2191175075873,763.2240600585938,178400,0.0,0.0
2016-03-28 00:00:00+09:00,757.4333151112432,808.3921314184216,757.4333151112432,799.1268920898438,420800,0.0,0.0
2016-03-29 00:00:00+09:00,808.392165184021,877.8814630508423,741.2191772460938,741.2191772460938,1161800,0.0,2.0
2016-03-30 00:00:00+09:00,745.388442437321,830.6286372219494,727.3212272384052,788.4718017578125,686800,0.0,0.0
2016-03-31 00:00:00+09:00,857.9611785046608,973.7766723632812,838.5041755364125,973.7766723632812,2746200,0.0,0.0
2016-04-01 00:00:00+09:00,1074.7676068730486,1121.093796824473,960.34191769303,1038.6331787109375,2334000,0.0,0.0
2016-04-04 00:00:00+09:00,1051.1414222608398,1051.1414222608398,949.6870496406882,973.7766723632812,556800,0.0,0.0
2016-04-05 00:00:00+09:00,952.0033002929687,963.5848489583333,826.9225747070312,868.6161499023438,593200,0.0,0.0
2016-04-06 00:00:00+09:00,834.3348432124055,896.4119498145501,801.9065039426285,839.4307250976562,547200,0.0,0.0
2016-04-07 00:00:00+09:00,825.0695787931743,880.19775390625,822.2900069387335,880.19775390625,360200,0.0,0.0
2016-04-08 00:00:00+09:00,843.1367964367041,969.6073159022098,832.4817709872293,918.6484985351562,466400,0.0,0.0
2016-04-11 00:00:00+09:00,967.7542137697748,968.6807376699851,887.1466344514689,928.8402099609375,277200,0.0,0.0
2016-04-12 00:00:00+09:00,912.162786839064,996.0132004591101,908.9199531631507,972.3868408203125,468000,0.0,0.0
2016-04-13 00:00:00+09:00,1009.9111091591483,1032.6109460163952,936.7157168439439,951.5401000976562,498600,0.0,0.0
2016-04-14 00:00:00+09:00,984.4315008907663,1102.5632809976582,955.2460022761225,1075.694091796875,1357600,0.0,0.0
2016-04-15 00:00:00+09:00,1019.6396212864349,1049.7516500840807,987.6745445627802,1033.07421875,774200,0.0,0.0
2016-04-18 00:00:00+09:00,986.7479158253603,1004.8151311855429,930.6932220155628,932.0830078125,398600,0.0,0.0
2016-04-19 00:00:00+09:00,963.5847011181193,1017.7863405560134,951.5398923541427,1009.910888671875,374800,0.0,0.0
2016-04-20 00:00:00+09:00,1033.0742269216028,1106.7328825630982,1008.0580797226044,1010.3743896484375,972400,0.0,0.0
2016-04-21 00:00:00+09:00,1070.1352630640392,1147.0367581586845,1056.2374025047661,1123.8736572265625,1357400,0.0,0.0
2016-04-22 00:00:00+09:00,1098.394043765207,1115.9979972291792,1038.1699924410918,1065.0391845703125,747000,0.0,0.0
2016-04-25 00:00:00+09:00,1104.8797710963659,1145.6468234470913,1023.3456663949148,1037.706787109375,699600,0.0,0.0
2016-04-26 00:00:00+09:00,1134.9918146984119,1144.2570540020724,949.6870286252018,986.7479858398438,1087200,0.0,0.0
2016-04-27 00:00:00+09:00,984.4316493965194,1023.8089153723802,956.6359322370882,1005.74169921875,278400,0.0,0.0
2016-04-28 00:00:00+09:00,1017.7865739237229,1074.767797680035,958.9523022403761,989.0643310546875,460800,0.0,0.0
2016-05-02 00:00:00+09:00,929.30332232834,1016.8598168049383,927.4502748261898,1009.910888671875,208400,0.0,0.0
2016-05-06 00:00:00+09:00,1019.1763287029562,1027.5150441196167,975.6297037492844,986.2847290039062,134600,0.0,0.0
2016-05-09 00:00:00+09:00,1065.5025046212331,1103.4899852207727,1019.1763087681361,1037.706787109375,400600,0.0,0.0
2016-05-10 00:00:00+09:00,1030.7578435568557,1084.0329680553,1006.6682220445157,1022.4191284179688,251200,0.0,0.0
2016-05-11 00:00:00+09:00,1012.2273717080393,1044.6557085590978,988.137750047253,1005.2784423828125,146000,0.0,0.0
2016-05-12 00:00:00+09:00,1019.1762086064647,1056.2371616466999,991.3804938262884,1024.7353515625,268200,0.0,0.0
2016-05-13 00:00:00+09:00,1005.2783803804604,1124.7999574026533,1005.2783803804604,1110.902099609375,1000200,0.0,0.0
2016-05-16 00:00:00+09:00,963.584853916952,993.2336186528582,879.2711791992188,879.2711791992188,838800,0.0,0.0
2016-05-17 00:00:00+09:00,907.06687016916,914.4790611409202,868.6161295031536,870.4691772460938,264000,0.0,0.0
2016-05-18 00:00:00+09:00,880.1977322369637,900.5812586677145,732.4171656140209,782.9127197265625,334000,0.0,0.0
2016-05-19 00:00:00+09:00,817.6572874186675,817.6572874186675,786.6187388311033,789.861572265625,115000,0.0,0.0
2016-05-20 00:00:00+09:00,817.6573742953215,828.3123995694248,800.5166814630682,815.341064453125,139800,0.0,0.0
2016-05-23 00:00:00+09:00,794.9574079281485,823.6796452775338,792.6410984644884,799.5900268554688,108800,0.0,0.0
2016-05-24 00:00:00+09:00,801.4431882585798,813.487999180385,769.0148511614118,778.2800903320312,94400,0.0,0.0
2016-05-25 00:00:00+09:00,783.3759679545022,792.1779451225303,755.5802505817819,762.06591796875,71800,0.0,0.0
2016-05-26 00:00:00+09:00,780.596451810734,794.9575734760947,743.0722306851142,773.6475219726562,88000,0.0,0.0
2016-05-27 00:00:00+09:00,761.139404296875,778.2800969073342,760.2128803719853,761.139404296875,45400,0.0,0.0
2016-05-30 00:00:00+09:00,762.0658715820313,819.9736125837053,753.7271568777901,810.7083740234375,110600,0.0,0.0
2016-05-31 00:00:00+09:00,792.177978515625,799.126908151727,780.1331671463815,792.177978515625,82000,0.0,0.0
2016-06-01 00:00:00+09:00,791.7146355514802,791.7146355514802,764.8454437071351,766.2352294921875,81600,0.0,0.0
2016-06-02 00:00:00+09:00,767.6250442859739,875.1018157249273,767.6250442859739,796.810546875,625000,0.0,0.0
2016-06-03 00:00:00+09:00,824.6062575868401,833.8714964361304,796.8105410389691,813.9512329101562,210200,0.0,0.0
2016-06-06 00:00:00+09:00,801.4431202460594,803.2961679229289,783.8391673157992,789.861572265625,77000,0.0,0.0
2016-06-07 00:00:00+09:00,794.4942897013781,796.8105995838894,779.6699064533057,781.0596923828125,62000,0.0,0.0
2016-06-08 00:00:00+09:00,850.5489049611358,852.4019526843626,813.0246885657916,821.3634033203125,283600,0.0,0.0
2016-06-09 00:00:00+09:00,833.8714497315817,840.8203784793449,821.3633779856079,829.2388305664062,108000,0.0,0.0
2016-06-10 00:00:00+09:00,821.3634664784307,824.606300243433,797.2738442241282,799.1268920898438,69400,0.0,0.0
2016-06-13 00:00:00+09:00,788.4718342297183,796.8105492803263,746.3149970294219,752.33740234375,64200,0.0,0.0
2016-06-14 00:00:00+09:00,741.2191162983178,749.5578313566739,641.1545355980448,647.1769409179688,180000,0.0,0.0
2016-06-15 00:00:00+09:00,638.8381956296946,675.8991496908807,620.3077185991016,661.0747680664062,130800,0.0,0.0
2016-06-16 00:00:00+09:00,648.5666854338075,649.0299473519744,559.1571352275755,584.1732788085938,114800,0.0,0.0
2016-06-17 00:00:00+09:00,611.9690524674066,638.8382462926221,566.5693801420426,584.6365966796875,126400,0.0,0.0
2016-06-20 00:00:00+09:00,598.534423099347,643.9340929629199,579.0774217292444,620.77099609375,123600,0.0,0.0
2016-06-21 00:00:00+09:00,588.8059711657072,625.4036672491776,588.8059711657072,616.138427734375,66600,0.0,0.0
2016-06-22 00:00:00+09:00,602.2405618334573,606.8731815398685,581.3937731546068,583.7100830078125,68600,0.0,0.0
2016-06-23 00:00:00+09:00,569.8121836753821,601.3139954558098,569.3489217374347,598.534423828125,51800,0.0,0.0
2016-06-24 00:00:00+09:00,640.2280084611721,640.2280084611721,459.55584977820746,509.1248779296875,330600,0.0,0.0
2016-06-27 00:00:00+09:00,534.6042685349503,560.5469366787607,527.1920776367188,527.1920776367188,128200,0.0,0.0
2016-06-28 00:00:00+09:00,539.8110888224656,582.3416594569629,528.1268661206807,561.31005859375,60200,5.0,0.0
2016-06-29 00:00:00+09:00,563.1794957478842,586.080570678711,560.8426513671875,560.8426513671875,85600,0.0,0.0
2016-06-30 00:00:00+09:00,561.7773733518032,604.3079398867568,561.7773733518032,576.2658081054688,102200,0.0,0.0
2016-07-01 00:00:00+09:00,588.8847779691889,588.8847779691889,565.5163343989831,582.3416137695312,55600,0.0,0.0
2016-07-04 00:00:00+09:00,576.7332184947192,607.5795656751499,561.777413801177,604.3079833984375,82000,0.0,0.0
2016-07-05 00:00:00+09:00,586.5479123475122,593.0910763099546,565.5163138968046,570.1900024414062,93600,0.0,0.0
2016-07-06 00:00:00+09:00,556.1689168608076,560.8426052377893,528.1267865989182,545.41943359375,80800,0.0,0.0
2016-07-07 00:00:00+09:00,551.4952493669301,558.03841334247,519.2467983446265,524.855224609375,44400,0.0,0.0
2016-07-08 00:00:00+09:00,510.83419258225126,524.8552591673085,481.8573216397997,497.74786376953125,47200,0.0,0.0
2016-07-11 00:00:00+09:00,497.7478637695312,497.7478637695312,497.7478637695312,497.74786376953125,0,0.0,0.0
2016-07-12 00:00:00+09:00,534.6700156452747,549.1584513839141,529.9963266973265,540.2784423828125,32200,0.0,0.0
2016-07-13 00:00:00+09:00,544.9521051084232,555.2342202991482,532.8005144284756,533.2678833007812,46800,0.0,0.0
2016-07-14 00:00:00+09:00,537.4741364172498,552.4299384740776,535.6046611601463,551.02783203125,34000,0.0,0.0
2016-07-15 00:00:00+09:00,546.8215735997027,548.2236801986763,495.4109983040042,518.3120727539062,64000,0.0,0.0
2016-07-19 00:00:00+09:00,514.105697103754,545.4194077455281,507.56253368606986,513.1709594726562,21800,0.0,0.0
2016-07-20 00:00:00+09:00,499.1499657524957,527.1920986599392,497.7478591071235,504.7583923339844,35600,0.0,0.0
2016-07-21 00:00:00+09:00,504.75837917502867,523.453133959289,502.88890369660265,509.43206787109375,27800,0.0,0.0
2016-07-22 00:00:00+09:00,504.7584259815705,518.7794933699474,491.67209641908534,492.13946533203125,17800,0.0,0.0
2016-07-25 00:00:00+09:00,494.0088917050306,522.518392550827,494.0088917050306,518.3120727539062,21800,0.0,0.0
2016-07-26 00:00:00+09:00,528.1268733301204,565.5163864862351,528.1268733301204,539.8110961914062,82600,0.0,0.0
2016-07-27 00:00:00+09:00,564.5816077190897,667.8701303233271,556.6363367495329,644.9690551757812,628800,0.0,0.0
2016-07-28 00:00:00+09:00,615.5248833440966,640.2954367360761,557.1037668535786,579.5374755859375,269600,0.0,0.0
2016-07-29 00:00:00+09:00,565.5163691677711,674.4133229000774,534.2026528584813,655.7185668945312,390600,0.0,0.0
2016-08-01 00:00:00+09:00,640.2953018680696,686.0974475491431,630.9479251984627,637.4910888671875,207800,0.0,0.0
2016-08-02 00:00:00+09:00,623.4700386626303,644.9690055130658,620.1984567506074,622.0679321289062,66600,0.0,0.0
2016-08-03 00:00:00+09:00,607.5795019531249,607.5795019531249,569.2552564453125,584.2110595703125,72400,0.0,0.0
2016-08-04 00:00:00+09:00,584.2110806238987,600.5689908813679,561.777375127941,563.6468505859375,48800,0.0,0.0
2016-08-05 00:00:00+09:00,612.2532300222347,670.6743397571807,593.558474907052,601.036376953125,238800,0.0,0.0
2016-08-08 00:00:00+09:00,629.0785376236074,629.0785376236074,564.1142607070536,571.5921630859375,69400,0.0,0.0
2016-08-09 00:00:00+09:00,560.8426117391415,588.8847423260986,557.5710298373299,572.9942016601562,38600,0.0,0.0
2016-08-10 00:00:00+09:00,573.4616386806584,583.2763855529436,566.918474099135,571.5921630859375,23400,0.0,0.0
2016-08-12 00:00:00+09:00,570.1900444030762,598.232177734375,570.1900444030762,598.232177734375,38200,0.0,0.0
2016-08-15 00:00:00+09:00,556.16894166861,557.5710482442453,514.1057443995555,532.3331298828125,152000,0.0,0.0
2016-08-16 00:00:00+09:00,525.789894333094,528.1267383079078,509.89935530436054,513.6383056640625,77600,0.0,0.0
2016-08-17 00:00:00+09:00,502.8888687846817,509.89940134208894,499.1499180873978,500.08465576171875,48600,0.0,0.0
2016-08-18 00:00:00+09:00,500.08465576171875,528.1267859913479,490.73727901850907,500.08465576171875,57600,0.0,0.0
2016-08-19 00:00:00+09:00,514.1057866273884,514.1057866273884,501.48682641017064,507.5626220703125,17200,0.0,0.0
2016-08-22 00:00:00+09:00,507.5626023945056,514.1057666979339,491.2046916359349,497.2804870605469,33800,0.0,0.0
2016-08-23 00:00:00+09:00,502.42157053129887,514.1057931017942,495.8784058918215,504.2910461425781,27200,0.0,0.0
2016-08-24 00:00:00+09:00,504.7583946814904,510.3668212890625,504.7583946814904,510.3668212890625,11600,0.0,0.0
2016-08-25 00:00:00+09:00,507.0951892987754,507.5625581368388,497.2804436994443,501.9541320800781,22000,0.0,0.0
2016-08-26 00:00:00+09:00,505.6931082589286,505.6931082589286,486.06361607142856,490.7373046875,47000,0.0,0.0
2016-08-29 00:00:00+09:00,476.7162949645404,486.53104221381034,476.7162949645404,481.3899841308594,18200,0.0,0.0
2016-08-30 00:00:00+09:00,481.3899441680759,494.94364162523533,468.30361558874955,477.1836242675781,38400,0.0,0.0
2016-08-31 00:00:00+09:00,475.3141287038992,479.52044842694255,456.61937437926207,466.9014892578125,63800,0.0,0.0
2016-09-01 00:00:00+09:00,460.35833297729494,476.71624328613285,459.8909641113281,467.3688659667969,37000,0.0,0.0
2016-09-02 00:00:00+09:00,467.3688659667969,476.71624328613285,467.3688659667969,467.3688659667969,14400,0.0,0.0
2016-09-05 00:00:00+09:00,475.7815409898758,490.7373458147049,467.3689007759094,478.58575439453125,54400,0.0,0.0
2016-09-06 00:00:00+09:00,472.9772870736353,481.3899265670399,469.70570504842243,472.5099182128906,25400,0.0,0.0
2016-09-07 00:00:00+09:00,476.71626625722547,491.2047018003372,472.50994626083815,485.12890625,53800,0.0,0.0
2016-09-08 00:00:00+09:00,494.00888671875,502.42152622767856,486.99835379464287,490.7373046875,32000,0.0,0.0
2016-09-09 00:00:00+09:00,490.7373046875,494.9436244419643,484.194140625,490.7373046875,17400,0.0,0.0
2016-09-12 00:00:00+09:00,488.8678046143033,536.0720572587054,488.8678046143033,501.9541320800781,89600,0.0,0.0
2016-09-13 00:00:00+09:00,506.62787494287517,518.7794660392909,502.88892383628564,503.3562927246094,30400,0.0,0.0
2016-09-14 00:00:00+09:00,505.22575800042404,514.1057666979339,497.2804870605469,497.2804870605469,30000,0.0,0.0
2016-09-15 00:00:00+09:00,497.7478711975635,501.01945344956624,472.0425820746846,478.1183776855469,34800,0.0,0.0
2016-09-16 00:00:00+09:00,476.24889509115536,486.0636417024549,476.24889509115536,479.5204772949219,24400,0.0,0.0
2016-09-20 00:00:00+09:00,474.37944643540123,477.65102882461093,465.4994370932607,470.1731262207031,32600,0.0,0.0
2016-09-21 00:00:00+09:00,474.84676954481336,479.0530893537733,467.36886766221784,471.1078186035156,22000,0.0,0.0
2016-09-23 00:00:00+09:00,467.83622873527884,472.04254847415746,467.3688598754034,470.64044189453125,51800,0.0,0.0
2016-09-26 00:00:00+09:00,472.0425493521459,485.59624631374214,470.1730739091671,472.5099182128906,26200,0.0,0.0
2016-09-27 00:00:00+09:00,471.5751708253415,472.5099085276712,467.36885116485774,468.3035888671875,35600,0.0,0.0
2016-09-28 00:00:00+09:00,467.36885116485774,472.04253967650635,465.49937576019835,468.3035888671875,32600,0.0,0.0
2016-09-29 00:00:00+09:00,469.7057181709892,470.64045591859315,465.96676718057336,467.83624267578125,34800,0.0,0.0
2016-09-30 00:00:00+09:00,468.7709804233852,472.0425625399991,467.83624267578125,467.83624267578125,15200,0.0,0.0
2016-10-03 00:00:00+09:00,467.3688894254736,472.0425783197283,465.9667827571971,468.77099609375,47400,0.0,0.0
2016-10-04 00:00:00+09:00,465.96678906176464,468.30363354050974,464.0973134787686,465.4994201660156,42600,0.0,0.0
2016-10-05 00:00:00+09:00,465.4994370932607,470.1731262207031,465.0320681805165,470.1731262207031,9400,0.0,0.0
2016-10-06 00:00:00+09:00,470.1730791625977,470.1730791625977,465.9667593688965,467.3688659667969,21200,0.0,0.0
2016-10-07 00:00:00+09:00,465.4994201660156,467.3688957490117,464.56468237451764,465.4994201660156,21800,0.0,0.0
2016-10-11 00:00:00+09:00,467.3688808280624,469.23835635137465,465.9667741855782,466.43414306640625,10600,0.0,0.0
2016-10-12 00:00:00+09:00,466.4341493485313,467.36888712277687,462.6951982515491,463.1625671386719,25400,0.0,0.0
2016-10-13 00:00:00+09:00,462.6951738683189,464.56464931829186,458.95622296837286,459.8909606933594,26000,0.0,0.0
2016-10-14 00:00:00+09:00,459.89100263123703,459.89100263123703,449.60888671875,449.60888671875,25000,0.0,0.0
2016-10-17 00:00:00+09:00,447.27201394473803,453.3478093274774,436.9898986816406,436.9898986816406,37800,0.0,0.0
2016-10-18 00:00:00+09:00,439.3267815744775,447.27205315614356,435.12046132536017,437.4573059082031,28400,0.0,0.0
2016-10-19 00:00:00+09:00,441.66357421875,443.0656808035714,435.12041015625,441.66357421875,26000,0.0,0.0
2016-10-20 00:00:00+09:00,441.6635820578319,443.5330575374418,437.92463109861217,442.1309509277344,29000,0.0,0.0
2016-10-21 00:00:00+09:00,434.6530378031654,436.9898820924297,433.7183000874596,434.1856689453125,40200,0.0,0.0
2016-10-24 00:00:00+09:00,435.5877685546875,438.39198165697087,433.71829315316523,435.5877685546875,13200,0.0,0.0
2016-10-25 00:00:00+09:00,432.3162049545807,432.7835738248019,424.37093416082087,425.7730407714844,49600,0.0,0.0
2016-10-26 00:00:00+09:00,439.326693424055,439.7940622468466,430.4466857910156,430.4466857910156,45000,0.0,0.0
2016-10-27 00:00:00+09:00,437.4572895665322,437.4572895665322,433.25096947454637,434.653076171875,9800,0.0,0.0
2016-10-28 00:00:00+09:00,437.9246339477671,437.9246339477671,431.3814697265625,431.3814697265625,14000,0.0,0.0
2016-10-31 00:00:00+09:00,427.175156039442,431.3814759566794,427.175156039442,428.1098937988281,16000,0.0,0.0
2016-11-01 00:00:00+09:00,429.51198556272556,434.6530430613001,429.04461669921875,429.04461669921875,15400,0.0,0.0
2016-11-02 00:00:00+09:00,429.04463547926684,429.04463547926684,419.2298889160156,419.2298889160156,33600,0.0,0.0
2016-11-04 00:00:00+09:00,418.2951503280175,418.2951503280175,397.2635505908546,399.1330261230469,30600,0.0,0.0
2016-11-07 00:00:00+09:00,407.5456707026801,419.2298929131927,407.5456707026801,410.3498840332031,24800,0.0,0.0
2016-11-08 00:00:00+09:00,415.49093306324056,415.49093306324056,408.0130310058594,408.0130310058594,15200,0.0,0.0
2016-11-09 00:00:00+09:00,415.02355400761473,415.02355400761473,358.00455221828025,369.2214050292969,85800,0.0,0.0
2016-11-10 00:00:00+09:00,382.3077606057897,399.13304102364845,380.90565390430146,398.19830322265625,51000,0.0,0.0
2016-11-11 00:00:00+09:00,393.9919439982898,393.9919439982898,375.2971898346699,379.5035095214844,28200,0.0,0.0
2016-11-14 00:00:00+09:00,386.5140432469985,386.5140432469985,373.8950841567096,381.37298583984375,24000,0.0,0.0
2016-11-15 00:00:00+09:00,372.02564160156254,372.02564160156254,350.52667236328125,350.52667236328125,73200,0.0,0.0
2016-11-16 00:00:00+09:00,343.51613330841064,393.0572355270386,343.51613330841064,373.8951110839844,120400,0.0,0.0
2016-11-17 00:00:00+09:00,444.00042724609375,444.00042724609375,444.00042724609375,444.00042724609375,201200,0.0,0.0
2016-11-18 00:00:00+09:00,476.71625999285,486.0636376397686,439.7941182875214,451.9457092285156,992400,0.0,0.0
2016-11-21 00:00:00+09:00,467.3688808280624,474.3794140404833,451.9457077607363,466.43414306640625,210600,0.0,0.0
2016-11-22 00:00:00+09:00,453.3478088378906,464.0972929649746,448.67412008698454,453.3478088378906,78400,0.0,0.0
2016-11-24 00:00:00+09:00,452.8804349354911,452.8804349354911,427.17514709085543,442.1309509277344,72800,0.0,0.0
2016-11-25 00:00:00+09:00,424.8382706246107,429.9793278048865,415.95826276777063,422.0340576171875,107800,0.0,0.0
2016-11-28 00:00:00+09:00,420.63197544642856,444.93515625,420.63197544642856,441.66357421875,60600,0.0,0.0
2016-11-29 00:00:00+09:00,434.653076171875,439.3267651629704,432.3162316763273,434.653076171875,16600,0.0,0.0
2016-11-30 00:00:00+09:00,434.6530498303865,453.347804661801,434.6530498303865,444.00042724609375,59200,0.0,0.0
2016-12-01 00:00:00+09:00,453.34781825288815,458.02150710085607,439.3267517089844,439.3267517089844,43800,0.0,0.0
2016-12-02 00:00:00+09:00,438.39200530842663,447.27201394473803,436.9898986816406,436.9898986816406,28600,0.0,0.0
2016-12-05 00:00:00+09:00,451.0109697424847,451.0109697424847,429.9793701171875,429.9793701171875,8000,0.0,0.0
2016-12-06 00:00:00+09:00,429.5120082842745,430.4467460607365,426.7077949548886,428.5772705078125,7400,0.0,0.0
2016-12-07 00:00:00+09:00,424.3709395345052,428.5772594197591,420.6319885253906,420.6319885253906,28200,0.0,0.0
2016-12-08 00:00:00+09:00,420.63197458027213,428.5772452112328,420.1646057196274,423.4361877441406,22400,0.0,0.0
2016-12-09 00:00:00+09:00,416.42568112065504,418.2951566812416,414.0888366699219,414.0888366699219,21600,0.0,0.0
2016-12-12 00:00:00+09:00,414.55617228143547,420.6319673656053,401.9372132604673,408.4803771972656,30600,0.0,0.0
2016-12-13 00:00:00+09:00,405.6761590472722,419.6972244521319,405.6761590472722,413.6214294433594,40000,0.0,0.0
2016-12-14 00:00:00+09:00,413.6214459865583,416.4256591796875,413.6214459865583,416.4256591796875,14200,0.0,0.0
2016-12-15 00:00:00+09:00,415.95832790340387,415.95832790340387,410.8172699180809,415.0235900878906,18200,0.0,0.0
2016-12-16 00:00:00+09:00,408.9477556343122,417.3603951787895,408.48038677073015,412.68670654296875,29200,0.0,0.0
2016-12-19 00:00:00+09:00,413.62146230844354,422.0341022198017,413.62146230844354,419.2298889160156,23600,0.0,0.0
2016-12-20 00:00:00+09:00,440.26146180868875,473.44465054373853,431.3814535556473,461.2930603027344,343000,0.0,0.0
2016-12-21 00:00:00+09:00,465.0320017249682,467.3688459547419,436.9898709676837,442.5982971191406,83400,0.0,0.0
2016-12-22 00:00:00+09:00,435.58779423247347,437.9246386221327,424.3709411621094,424.3709411621094,33000,0.0,0.0
2016-12-26 00:00:00+09:00,426.7077941894531,429.0446386264162,424.3709497524901,426.7077941894531,29000,0.0,0.0
2016-12-27 00:00:00+09:00,426.7078155585095,429.979397934095,420.1646508073385,422.5014953613281,35400,0.0,0.0
2016-12-28 00:00:00+09:00,418.2951388479457,429.5119917332537,415.9582944968398,425.7730407714844,23600,0.0,0.0
2016-12-29 00:00:00+09:00,425.3056930914158,426.2404308784299,417.3604219017959,421.5667419433594,9400,0.0,0.0
2016-12-30 00:00:00+09:00,421.56671488311036,434.6530430613001,421.56671488311036,429.04461669921875,25600,0.0,0.0
2017-01-04 00:00:00+09:00,436.0551821418252,443.0657156167741,429.0446486668762,432.7835998535156,28600,0.0,0.0
2017-01-05 00:00:00+09:00,429.9793892959627,440.2615051269531,429.9793892959627,440.2615051269531,24000,0.0,0.0
2017-01-06 00:00:00+09:00,440.2614824410335,442.1309579503372,436.52253142242597,440.7288513183594,13800,0.0,0.0
2017-01-10 00:00:00+09:00,448.67413630251025,460.35835860205475,446.80466073458314,456.15203857421875,62400,0.0,0.0
2017-01-11 00:00:00+09:00,458.48886695902615,458.48886695902615,425.7730456673525,436.9898986816406,30800,0.0,0.0
2017-01-12 00:00:00+09:00,435.58779828301795,448.20675810452167,430.44674057796084,433.71832275390625,18800,0.0,0.0
2017-01-13 00:00:00+09:00,427.64251010869845,431.8488298802594,425.3056657911646,429.04461669921875,20200,0.0,0.0
2017-01-16 00:00:00+09:00,430.44671176524645,499.1499328613281,430.44671176524645,499.1499328613281,437000,0.0,0.0
2017-01-17 00:00:00+09:00,485.1289192123158,619.7311626931895,481.3899680045138,558.9732055664062,1519200,0.0,0.0
2017-01-18 00:00:00+09:00,570.1899820377229,652.9142663169663,570.1899820377229,648.7079467773438,1438000,0.0,0.0
2017-01-19 00:00:00+09:00,676.7501413143382,718.8133407054228,577.2005694221048,595.8953247070312,1017400,0.0,0.0
2017-01-20 00:00:00+09:00,577.6678854305186,607.5794911486037,534.2025833714262,549.1583862304688,634800,0.0,0.0
2017-01-23 00:00:00+09:00,535.1373378587806,570.6573707646909,527.1920673403533,537.4741821289062,243000,0.0,0.0
2017-01-24 00:00:00+09:00,537.4741980297392,537.4741980297392,516.4425989764017,522.051025390625,110600,0.0,0.0
2017-01-25 00:00:00+09:00,522.0509503734102,607.5794409001193,522.0509503734102,575.3309936523438,383000,0.0,0.0
2017-01-26 00:00:00+09:00,617.3942661830357,673.0111607142857,603.8405691964285,654.31640625,709400,0.0,0.0
2017-01-27 00:00:00+09:00,634.6868779073235,643.5668857720062,600.1015841185591,612.253173828125,278000,0.0,0.0
2017-01-30 00:00:00+09:00,598.2322134387352,607.1122228569665,577.6679811017787,591.2216796875,135600,0.0,0.0
2017-01-31 00:00:00+09:00,581.8742096793593,584.678422738055,565.0489313271851,572.9942016601562,102200,0.0,0.0
2017-02-01 00:00:00+09:00,570.1899987914633,570.1899987914633,551.9626135841952,562.7120971679688,98800,0.0,0.0
2017-02-02 00:00:00+09:00,563.6467856147221,584.2110132822576,541.2130827046834,543.5499267578125,70400,0.0,0.0
2017-02-03 00:00:00+09:00,544.9521122883829,555.7015964930422,521.5836683652104,531.8657836914062,71400,0.0,0.0
2017-02-06 00:00:00+09:00,542.6152750830294,544.4847506216444,523.9205196968784,530.4636840820312,62000,0.0,0.0
2017-02-07 00:00:00+09:00,537.474220558449,630.947998046875,534.2026383463542,630.947998046875,369200,0.0,0.0
2017-02-08 00:00:00+09:00,612.7206697525517,623.0027862548828,564.581669764365,579.5374755859375,384200,0.0,0.0
2017-02-09 00:00:00+09:00,602.9059221821446,602.9059221821446,575.3311551986202,579.5374755859375,96600,0.0,0.0
2017-02-10 00:00:00+09:00,566.4511151885347,573.9290176992744,551.4953101670552,557.5711059570312,140800,0.0,0.0
2017-02-13 00:00:00+09:00,564.581615674583,582.3416333862007,542.147909091487,574.3963623046875,118800,0.0,0.0
2017-02-14 00:00:00+09:00,580.0047858003144,580.0047858003144,554.7668660314046,566.91845703125,95800,0.0,0.0
2017-02-15 00:00:00+09:00,572.5269256566087,574.8637702511254,544.4847905224075,554.7669067382812,113600,0.0,0.0
2017-02-16 00:00:00+09:00,542.6153142687301,551.0279548000282,528.5942467165665,530.9310913085938,104000,0.0,0.0
2017-02-17 00:00:00+09:00,532.800512444483,546.8215785614432,524.3878727743071,545.8868408203125,49200,0.0,0.0
2017-02-20 00:00:00+09:00,545.8868846273939,572.5269123874637,545.8868846273939,561.31005859375,89200,0.0,0.0
2017-02-21 00:00:00+09:00,598.2321919152276,604.3079876143667,571.1247957190689,595.427978515625,223800,0.0,0.0
2017-02-22 00:00:00+09:00,595.427955824908,612.2532355813419,579.5374138327205,595.8953247070312,121800,0.0,0.0
2017-02-23 00:00:00+09:00,593.5585014741002,595.4279770692942,580.0048034089436,591.6890258789062,58800,0.0,0.0
2017-02-24 00:00:00+09:00,597.2974051339286,621.6005859375,588.884765625,621.6005859375,284800,0.0,0.0
2017-02-27 00:00:00+09:00,608.5143224532918,663.1964850700623,608.0469535420374,656.6533203125,390600,0.0,0.0
2017-02-28 00:00:00+09:00,644.9690397692899,654.3164171572506,610.8511123032332,627.6763916015625,174000,0.0,0.0
2017-03-01 00:00:00+09:00,619.2637827985802,644.0343341105233,608.046929374304,629.5458984375,109200,0.0,0.0
2017-03-02 00:00:00+09:00,640.2953726383878,640.2953726383878,619.2637728071999,623.4700927734375,67600,0.0,0.0
2017-03-03 00:00:00+09:00,623.9374543288658,677.6848754882812,610.3837568191002,677.6848754882812,470400,0.0,0.0
2017-03-06 00:00:00+09:00,700.5859287982006,728.1606918396241,667.8701082405795,698.2490844726562,525600,0.0,0.0
2017-03-07 00:00:00+09:00,687.0322402434957,700.5859375,656.6532636340894,700.5859375,202000,0.0,0.0
2017-03-08 00:00:00+09:00,699.6512000912526,724.4217502614839,676.2827565344305,684.22802734375,335400,0.0,0.0
2017-03-09 00:00:00+09:00,702.4554559743183,785.1797511888587,686.097544491217,752.4639282226562,970400,0.0,0.0
2017-03-10 00:00:00+09:00,738.4429336981458,742.6492542065529,677.6849707989312,690.7713012695312,596600,0.0,0.0
2017-03-13 00:00:00+09:00,664.1310966577422,670.6742601716116,622.5352714624297,623.9373779296875,425400,0.0,0.0
2017-03-14 00:00:00+09:00,615.0574766382364,638.8932907024841,615.0574766382364,626.74169921875,144400,0.0,0.0
2017-03-15 00:00:00+09:00,623.4701245585189,626.7417069212697,584.2111362055088,585.1458740234375,170200,0.0,0.0
2017-03-16 00:00:00+09:00,581.874309629906,601.036435489204,577.6679893193283,593.5585327148438,69200,0.0,0.0
2017-03-17 00:00:00+09:00,588.884765625,599.1668805803572,588.884765625,588.884765625,51600,0.0,0.0
2017-03-21 00:00:00+09:00,590.2869505727048,626.2743576939228,588.8848438017483,617.3943481445312,101600,0.0,0.0
2017-03-22 00:00:00+09:00,598.6995335701625,621.6006086247589,595.8953202981712,621.1332397460938,53200,0.0,0.0
2017-03-23 00:00:00+09:00,612.2531580560434,619.2636904001965,608.0468386495514,611.3184204101562,48200,0.0,0.0
2017-03-24 00:00:00+09:00,617.8616765084026,651.9796056953265,614.5900942576018,649.6427612304688,92400,0.0,0.0
2017-03-27 00:00:00+09:00,642.6321865500437,644.5016620018257,608.9816284179688,608.9816284179688,79800,0.0,0.0
2017-03-28 00:00:00+09:00,623.0027436117175,623.937481411585,594.0258718158236,595.427978515625,51800,0.0,0.0
2017-03-29 00:00:00+09:00,607.5795476100152,625.3395651555387,607.5795476100152,615.9921875,35200,0.0,0.0
2017-03-30 00:00:00+09:00,625.8068771070439,625.8068771070439,610.3837053784908,610.85107421875,28000,0.0,0.0
2017-03-31 00:00:00+09:00,606.1774689234782,620.6659049578867,601.5037798801206,610.3837890625,23000,0.0,0.0
2017-04-03 00:00:00+09:00,609.916353746435,609.916353746435,594.9605504361776,599.1668701171875,33000,0.0,0.0
2017-04-04 00:00:00+09:00,595.8953327003177,604.7753415797735,565.5163549548113,578.1353149414062,62400,0.0,0.0
2017-04-05 00:00:00+09:00,567.8531386491264,589.3521052152663,537.4741641534943,561.77734375,72600,0.0,0.0
2017-04-06 00:00:00+09:00,560.8426706414474,560.8426706414474,509.4320924993147,532.800537109375,70800,0.0,0.0
2017-04-07 00:00:00+09:00,524.387927715595,544.0174223359649,508.497384451486,534.6700439453125,45000,0.0,0.0
2017-04-10 00:00:00+09:00,534.6700426558374,543.0826831871356,529.9963534717829,530.9310913085938,16600,0.0,0.0
2017-04-11 00:00:00+09:00,519.2468631578529,519.7142320715863,498.215262039848,515.9752807617188,44200,0.0,0.0
2017-04-12 00:00:00+09:00,491.67205948040373,495.4110105030684,470.640459977915,477.1836242675781,63000,0.0,0.0
2017-04-13 00:00:00+09:00,474.37941797521734,494.0089111328125,466.4341469352383,494.0089111328125,41600,0.0,0.0
2017-04-14 00:00:00+09:00,484.19412925698055,495.87835052283435,479.9878096012732,482.7920227050781,20600,0.0,0.0
2017-04-17 00:00:00+09:00,469.2383263977279,508.02994103020944,469.2383263977279,499.1499328613281,30000,0.0,0.0
2017-04-18 00:00:00+09:00,507.56262495037436,522.0510608375397,504.75841155285843,515.04052734375,15400,0.0,0.0
2017-04-19 00:00:00+09:00,505.22573094389367,532.8004933173347,505.22573094389367,521.1162719726562,32400,0.0,0.0
2017-04-20 00:00:00+09:00,533.735263949212,546.8215926625027,528.5942062404193,543.0826416015625,32000,0.0,0.0
2017-04-21 00:00:00+09:00,557.1037014311394,557.1037014311394,527.6594621776479,528.1268310546875,33200,0.0,0.0
2017-04-24 00:00:00+09:00,550.5605189732142,550.5605189732142,507.09521484375,507.09521484375,23000,0.0,0.0
2017-04-25 00:00:00+09:00,519.2468377642413,535.137380054056,514.5731488554721,529.0615844726562,36000,0.0,0.0
2017-04-26 00:00:00+09:00,530.9310389392529,540.7457852576721,528.5941945777245,533.2678833007812,19600,0.0,0.0
2017-04-27 00:00:00+09:00,539.3436542442458,546.3541870117188,534.2025968814324,546.3541870117188,19200,0.0,0.0
2017-04-28 00:00:00+09:00,541.6804828921647,545.41943359375,538.4089010282777,545.41943359375,17800,0.0,0.0
2017-05-01 00:00:00+09:00,534.202615737915,544.952099694146,534.202615737915,538.408935546875,8000,0.0,0.0
2017-05-02 00:00:00+09:00,551.0279299374733,551.0279299374733,539.8110764018504,547.75634765625,18800,0.0,0.0
2017-05-08 00:00:00+09:00,554.2995486227882,565.0490339670749,551.9627039827258,564.5816650390625,22200,0.0,0.0
2017-05-09 00:00:00+09:00,570.1900247333533,587.4826730244469,565.0489671332984,586.08056640625,36800,0.0,0.0
2017-05-10 00:00:00+09:00,584.2110905377231,602.4384765625,583.2763527928627,602.4384765625,53600,0.0,0.0
2017-05-11 00:00:00+09:00,602.4384680107366,602.4384680107366,574.8637049287868,583.7437133789062,33600,0.0,0.0
2017-05-12 00:00:00+09:00,589.3521414842506,589.3521414842506,561.7773783220216,587.482666015625,40000,0.0,0.0
2017-05-15 00:00:00+09:00,574.863755309466,583.276395631068,567.8532217081311,577.66796875,19600,0.0,0.0
2017-05-16 00:00:00+09:00,563.6467943007976,563.6467943007976,538.8762469559035,558.5057373046875,48000,0.0,0.0
2017-05-17 00:00:00+09:00,560.8426607572115,560.8426607572115,542.1479053986378,546.8215942382812,23200,0.0,0.0
2017-05-18 00:00:00+09:00,504.7583820901347,534.2026210453926,504.7583820901347,533.2678833007812,31000,0.0,0.0
2017-05-19 00:00:00+09:00,530.9310459344794,541.6805301391387,529.5289392990891,531.8657836914062,11800,0.0,0.0
2017-05-22 00:00:00+09:00,541.6805802970097,542.14794921875,532.800570783944,542.14794921875,14400,0.0,0.0
2017-05-23 00:00:00+09:00,543.549977231233,547.2889280634341,531.3983870265795,537.4741821289062,12200,0.0,0.0
2017-05-24 00:00:00+09:00,560.3753397416095,560.8427086654975,543.0826895577567,549.6258544921875,16600,0.0,0.0
2017-05-25 00:00:00+09:00,545.8869031010842,559.4406018938338,545.8869031010842,549.6258544921875,12000,0.0,0.0
2017-05-26 00:00:00+09:00,535.6046979479395,544.9520748754777,525.3225833276474,535.1373291015625,54600,0.0,0.0
2017-05-29 00:00:00+09:00,535.6047223409016,539.3436732821995,535.6047223409016,538.408935546875,4200,0.0,0.0
2017-05-30 00:00:00+09:00,538.4089425587467,544.9521067912315,529.9963028312663,537.0068359375,13000,0.0,0.0
2017-05-31 00:00:00+09:00,541.6805088405725,541.6805088405725,526.257336457709,536.0720825195312,14800,0.0,0.0
2017-06-01 00:00:00+09:00,535.6048149816769,547.2890386941916,526.7248049601657,544.0174560546875,29600,0.0,0.0
2017-06-02 00:00:00+09:00,537.0068429677274,541.2131628865347,528.1268342502455,535.604736328125,14200,0.0,0.0
2017-06-05 00:00:00+09:00,536.072080751173,538.8762939024432,529.0615478729972,532.3331298828125,8800,0.0,0.0
2017-06-06 00:00:00+09:00,532.3331854044045,533.7352921262774,516.4426425565118,517.3773803710938,26000,0.0,0.0
2017-06-07 00:00:00+09:00,517.3773452840387,524.3878784179688,514.5731320304667,524.3878784179688,12400,0.0,0.0
2017-06-08 00:00:00+09:00,544.4847528930459,574.8637305222716,544.4847528930459,554.2994995117188,135400,0.0,0.0
2017-06-09 00:00:00+09:00,560.842668517562,565.516357421875,554.2995040515237,565.516357421875,58400,0.0,0.0
2017-06-12 00:00:00+09:00,663.6637834821429,701.0532924107143,588.884765625,588.884765625,678000,0.0,0.0
2017-06-13 00:00:00+09:00,590.2869012124958,606.1774432878915,577.2005724445228,603.3732299804688,61000,0.0,0.0
2017-06-14 00:00:00+09:00,607.5795428646035,617.3942893262624,596.8300586446912,604.7753295898438,46400,0.0,0.0
2017-06-15 00:00:00+09:00,590.7542551335725,594.0258372426983,565.983704878763,586.08056640625,73400,0.0,0.0
2017-06-16 00:00:00+09:00,576.2657995518483,590.286865234375,570.1900044227534,590.286865234375,27200,0.0,0.0
2017-06-19 00:00:00+09:00,581.8742153320312,586.5479038085937,572.9942072265625,584.2110595703125,24200,0.0,0.0
2017-06-20 00:00:00+09:00,584.2111419997418,584.2111419997418,574.3963948141462,580.0048217773438,31800,0.0,0.0
2017-06-21 00:00:00+09:00,575.3311228301703,578.1353362639486,565.5163758119465,573.9290161132812,24800,0.0,0.0
2017-06-22 00:00:00+09:00,578.1352500071982,578.1352500071982,563.1794472584268,570.6573486328125,13800,0.0,0.0
2017-06-23 00:00:00+09:00,566.9184117195538,581.8742148316937,566.9184117195538,567.8531494140625,30400,0.0,0.0
2017-06-26 00:00:00+09:00,568.320525511227,591.2215993188339,568.320525511227,582.8089599609375,26000,0.0,0.0
2017-06-27 00:00:00+09:00,582.8090267243123,585.6132401648463,572.5269107756877,577.66796875,13000,0.0,0.0
2017-06-28 00:00:00+09:00,577.6679167626434,578.6102787802007,565.8883915431767,575.31201171875,36200,5.0,0.0
2017-06-29 00:00:00+09:00,574.3697406537036,574.3697406537036,558.8207649017986,573.8985595703125,29800,0.0,0.0
2017-06-30 00:00:00+09:00,573.8984973265393,579.5526697139929,564.9460577130711,571.0714111328125,11800,0.0,0.0
2017-07-03 00:00:00+09:00,571.0713662322529,583.7932531037635,570.1290042417706,582.8508911132812,14000,0.0,0.0
2017-07-04 00:00:00+09:00,584.2644388868154,584.2644388868154,565.8883799218268,572.0137329101562,17000,0.0,0.0
2017-07-05 00:00:00+09:00,574.840827986068,575.78318999916,569.1866559075165,569.6578369140625,13400,0.0,0.0
2017-07-06 00:00:00+09:00,566.3595996053263,574.369677137182,564.9460565114694,568.2443237304688,16200,0.0,0.0
2017-07-07 00:00:00+09:00,575.3120737985178,582.8509707524705,571.0714442619193,578.13916015625,15200,0.0,0.0
2017-07-10 00:00:00+09:00,572.9560655554451,592.7456665039062,572.9560655554451,592.7456665039062,27400,0.0,0.0
2017-07-11 00:00:00+09:00,593.6880791784756,594.1592601936966,584.2644588740553,592.2745361328125,16000,0.0,0.0
2017-07-12 00:00:00+09:00,584.7356740274234,591.3322086256377,576.7255963010203,577.19677734375,12600,0.0,0.0
2017-07-13 00:00:00+09:00,576.2544432080482,587.5627887820409,569.6579082898858,570.1290893554688,24200,0.0,0.0
2017-07-14 00:00:00+09:00,571.0713662322529,595.1015969895507,571.0713662322529,582.8508911132812,57600,0.0,0.0
2017-07-17 00:00:00+09:00,582.8508911132812,582.8508911132812,582.8508911132812,582.8508911132812,0,0.0,0.0
2017-07-18 00:00:00+09:00,580.9661878535014,583.7932739257812,570.1290245764288,583.7932739257812,22000,0.0,0.0
2017-07-19 00:00:00+09:00,578.1391266171295,578.1391266171295,569.6578680359491,571.0714111328125,12400,0.0,0.0
2017-07-20 00:00:00+09:00,572.0137627977266,574.3696679163334,570.6002197265625,570.6002197265625,13600,0.0,0.0
2017-07-21 00:00:00+09:00,571.0714237882653,577.19677734375,571.0714237882653,577.19677734375,9600,0.0,0.0
2017-07-24 00:00:00+09:00,577.1967239002812,580.0238098948948,571.0713709119517,572.0137329101562,19000,0.0,0.0
2017-07-25 00:00:00+09:00,571.0714237882653,583.7933119419642,571.0714237882653,577.19677734375,9200,0.0,0.0
2017-07-26 00:00:00+09:00,578.6102930868825,584.2644653320312,578.1391120664535,584.2644653320312,12200,0.0,0.0
2017-07-27 00:00:00+09:00,581.908529122799,583.3220721085223,578.610262156111,582.8508911132812,18200,0.0,0.0
2017-07-28 00:00:00+09:00,575.7832202310389,577.1967633248958,565.8884185740407,568.2443237304688,21200,0.0,0.0
2017-07-31 00:00:00+09:00,565.4172926682692,566.8308358999399,550.3394981971154,551.2818603515625,29000,0.0,0.0
2017-08-01 00:00:00+09:00,552.2241495330701,554.5800546078699,523.9532886354727,525.8380126953125,28400,0.0,0.0
2017-08-02 00:00:00+09:00,525.8380152925532,531.4921875,518.2991190159574,531.4921875,24000,0.0,0.0
2017-08-03 00:00:00+09:00,536.6751904189324,541.387000694779,532.4345611706703,534.7904663085938,15000,0.0,0.0
2017-08-04 00:00:00+09:00,535.2616669429708,535.732847987815,532.90576171875,532.90576171875,2600,0.0,0.0
2017-08-07 00:00:00+09:00,534.7904216912946,534.7904216912946,519.2414490782437,527.2515258789062,25400,0.0,0.0
2017-08-08 00:00:00+09:00,553.637686260676,561.1765824140128,546.0987901073391,555.9935913085938,60000,0.0,0.0
2017-08-09 00:00:00+09:00,555.9935719258076,565.4171917889569,532.4345222679344,557.8782958984375,26200,0.0,0.0
2017-08-10 00:00:00+09:00,563.5324912779648,563.5324912779648,533.8480874731891,542.329345703125,22600,0.0,0.0
2017-08-11 00:00:00+09:00,542.329345703125,542.329345703125,542.329345703125,542.329345703125,0,0.0,0.0
2017-08-14 00:00:00+09:00,533.3769370464146,551.2818165585734,513.1161523352876,543.742919921875,27800,0.0,0.0
2017-08-15 00:00:00+09:00,553.6376779729669,563.0612980235707,534.7904378717595,539.0310668945312,42800,0.0,0.0
2017-08-16 00:00:00+09:00,546.0988751438875,546.0988751438875,537.1464345677583,540.4447021484375,9200,0.0,0.0
2017-08-17 00:00:00+09:00,545.1564093962742,545.1564093962742,533.8480655540005,538.5598754882812,12800,0.0,0.0
2017-08-18 00:00:00+09:00,542.8005240342405,544.2140670655797,531.0209987730808,536.6751708984375,13200,0.0,0.0
2017-08-21 00:00:00+09:00,545.1564213230299,545.1564213230299,530.5498102072011,541.858154296875,29800,0.0,0.0
2017-08-22 00:00:00+09:00,541.3869810029014,542.3293430237942,531.4921797835273,536.6751708984375,19200,0.0,0.0
2017-08-23 00:00:00+09:00,541.8581945970914,542.8005566746516,540.9158325195312,540.9158325195312,4400,0.0,0.0
2017-08-24 00:00:00+09:00,541.8581945970914,542.8005566746516,538.5599273256308,540.9158325195312,5200,0.0,0.0
2017-08-25 00:00:00+09:00,538.0887474443512,543.742919921875,538.0887474443512,543.742919921875,6600,0.0,0.0
2017-08-28 00:00:00+09:00,544.2141578067796,563.0614013671875,544.2141578067796,563.0614013671875,19400,0.0,0.0
2017-08-29 00:00:00+09:00,562.1189416859248,562.1189416859248,549.3970544893448,550.3394165039062,15000,0.0,0.0
2017-08-30 00:00:00+09:00,555.0512542856949,555.0512542856949,541.8581854232166,543.271728515625,10800,0.0,0.0
2017-08-31 00:00:00+09:00,543.7428887414477,543.7428887414477,537.1463545626086,542.329345703125,9600,0.0,0.0
2017-09-01 00:00:00+09:00,546.5699358620038,546.5699358620038,536.2039543197934,546.0987548828125,13600,0.0,0.0
2017-09-04 00:00:00+09:00,537.1463806692478,545.156458275719,521.5974064919801,532.4345703125,30400,0.0,0.0
2017-09-05 00:00:00+09:00,527.2515638383891,528.6651069049799,494.7400733067994,498.509521484375,43600,0.0,0.0
2017-09-06 00:00:00+09:00,473.536902828493,494.7400477312613,473.536902828493,487.6723327636719,37400,0.0,0.0
2017-09-07 00:00:00+09:00,488.1435033329681,490.0282272840607,481.0757885163711,487.2011413574219,21600,0.0,0.0
2017-09-08 00:00:00+09:00,474.00809755296905,481.54699373671406,474.00809755296905,474.4792785644531,20400,0.0,0.0
2017-09-11 00:00:00+09:00,480.1334301245792,500.39421275005213,479.66224913328915,494.26885986328125,46800,0.0,0.0
2017-09-12 00:00:00+09:00,499.4518737792969,508.4043130262843,492.3841585843068,499.4518737792969,23600,0.0,0.0
2017-09-13 00:00:00+09:00,501.8078209486323,555.9936419900339,501.8078209486323,555.5224609375,63800,0.0,0.0
2017-09-14 00:00:00+09:00,537.1463117006052,557.4070936331719,534.7904068247254,537.6174926757812,24000,0.0,0.0
2017-09-15 00:00:00+09:00,550.3394464189914,553.6377136492422,539.502282662453,548.9259033203125,28200,0.0,0.0
2017-09-18 00:00:00+09:00,548.9259033203125,548.9259033203125,548.9259033203125,548.9259033203125,0,0.0,0.0
2017-09-19 00:00:00+09:00,544.2140953563085,557.4071643346432,543.2717332864273,554.580078125,20200,0.0,0.0
2017-09-20 00:00:00+09:00,555.5224786235256,555.5224786235256,543.7429519351556,547.9835815429688,14200,0.0,0.0
2017-09-21 00:00:00+09:00,537.6175015946509,544.6852163395412,526.3091580028265,535.2615966796875,27200,0.0,0.0
2017-09-22 00:00:00+09:00,528.1939523876395,535.7328491210938,525.3668661125942,535.7328491210938,23800,0.0,0.0
2017-09-25 00:00:00+09:00,528.193993991629,540.9158832313917,528.193993991629,540.4447021484375,10800,0.0,0.0
2017-09-26 00:00:00+09:00,537.1463842092907,541.3870135583113,531.9633927827098,540.9158325195312,17600,0.0,0.0
2017-09-27 00:00:00+09:00,540.4445948919752,552.2241196280687,540.4445948919752,549.3970336914062,24200,0.0,0.0
2017-09-28 00:00:00+09:00,559.7630797769422,604.9964599609375,556.9359935154424,604.9964599609375,161800,0.0,0.0
2017-09-29 00:00:00+09:00,598.3999101584058,656.826358079384,594.1592808738186,640.3350219726562,293200,0.0,0.0
2017-10-02 00:00:00+09:00,654.4704083559324,664.3652093461949,620.5453763893182,654.9415893554688,165400,0.0,0.0
2017-10-03 00:00:00+09:00,662.4805733148305,671.4330134947606,608.7659322352497,614.4201049804688,268200,0.0,0.0
2017-10-04 00:00:00+09:00,613.9488575935363,638.4502701759338,603.1116943359375,603.1116943359375,98000,0.0,0.0
2017-10-05 00:00:00+09:00,617.2471062711967,617.2471062711967,601.2269523679747,607.823486328125,38400,0.0,0.0
2017-10-06 00:00:00+09:00,591.8033728385819,621.9589587157071,588.9762866626014,609.708251953125,110000,0.0,0.0
2017-10-09 00:00:00+09:00,609.708251953125,609.708251953125,609.708251953125,609.708251953125,0,0.0,0.0
2017-10-10 00:00:00+09:00,615.8335525856878,626.6707153320312,605.4675708283158,626.6707153320312,33000,0.0,0.0
2017-10-11 00:00:00+09:00,627.613129981313,656.3551727206975,624.786043810226,653.999267578125,148800,0.0,0.0
2017-10-12 00:00:00+09:00,670.0194632882906,746.8219756061467,662.0093853164897,705.8292236328125,647600,0.0,0.0
2017-10-13 00:00:00+09:00,689.8089835821212,697.3478795775542,672.8464675923968,696.405517578125,113200,0.0,0.0
2017-10-16 00:00:00+09:00,699.7038017257781,740.6965497056722,680.385380263989,711.0121459960938,258400,0.0,0.0
2017-10-17 00:00:00+09:00,711.483346527201,722.7916911077658,700.6461829708264,709.12744140625,86800,0.0,0.0
2017-10-18 00:00:00+09:00,705.3580333230025,723.7340943113772,704.8868522720185,708.1851196289062,80400,0.0,0.0
2017-10-19 00:00:00+09:00,708.1850475193299,718.5510295854812,682.7412733569588,685.568359375,71800,0.0,0.0
2017-10-20 00:00:00+09:00,682.2700461090152,701.1172849518057,653.05682590269,675.2023315429688,39000,0.0,0.0
2017-10-23 00:00:00+09:00,687.4530785835483,698.2902415769832,675.2023725909696,696.405517578125,25800,0.0,0.0
2017-10-24 00:00:00+09:00,693.5784392041581,693.5784392041581,676.6159230279695,691.2225341796875,17400,0.0,0.0
2017-10-25 00:00:00+09:00,678.9718046982535,690.2801484267463,678.9718046982535,684.6259765625,33800,0.0,0.0
2017-10-26 00:00:00+09:00,678.971803152433,702.0596715455414,677.5582601895896,701.1173095703125,49000,0.0,0.0
2017-10-27 00:00:00+09:00,701.1173498222997,711.9545131596068,690.7513674996583,700.1749877929688,53000,0.0,0.0
2017-10-30 00:00:00+09:00,706.7715297703987,728.9170377032045,703.4732626314702,717.1375122070312,128200,0.0,0.0
2017-10-31 00:00:00+09:00,719.4933964377955,734.5711886355751,705.3579662523771,716.1951293945312,97600,0.0,0.0
2017-11-01 00:00:00+09:00,733.1576642371172,738.3406554367368,706.7715272208712,711.4833374023438,110800,0.0,0.0
2017-11-02 00:00:00+09:00,711.4833374023438,713.83924249308,701.1173550031043,711.4833374023438,29000,0.0,0.0
2017-11-03 00:00:00+09:00,711.4833374023438,711.4833374023438,711.4833374023438,711.4833374023438,0,0.0,0.0
2017-11-06 00:00:00+09:00,723.7339727722773,723.7339727722773,706.7714577854271,713.8391723632812,27400,0.0,0.0
2017-11-07 00:00:00+09:00,708.1850664462263,729.388212148209,704.4156183214293,725.1475830078125,76000,0.0,0.0
2017-11-08 00:00:00+09:00,730.3306170784326,743.523686290172,717.6087289099696,729.8594360351562,67800,0.0,0.0
2017-11-09 00:00:00+09:00,731.7441145641475,742.1100968696279,703.9444347449042,719.493408203125,75400,0.0,0.0
2017-11-10 00:00:00+09:00,707.2426986786813,777.4486694335938,707.2426986786813,777.4486694335938,150400,0.0,0.0
2017-11-13 00:00:00+09:00,777.4486986875833,784.0452331006901,745.8795697105724,751.0625610351562,129800,0.0,0.0
2017-11-14 00:00:00+09:00,765.6691488314766,765.6691488314766,694.9919966316479,700.1749877929688,198400,0.0,0.0
2017-11-15 00:00:00+09:00,686.0396264199098,686.0396264199098,614.4201049804688,614.4201049804688,240800,0.0,0.0
2017-11-16 00:00:00+09:00,617.2471544893847,633.267309644071,617.2471544893847,623.8436889648438,49000,0.0,0.0
2017-11-17 00:00:00+09:00,623.8436938877364,678.5006942585653,622.9013318123774,660.1246337890625,80600,0.0,0.0
2017-11-20 00:00:00+09:00,660.1246523058389,663.89410071301,651.1722123388075,655.412841796875,31800,0.0,0.0
2017-11-21 00:00:00+09:00,657.2975256181156,667.663508100982,642.690913937713,656.3551635742188,42000,0.0,0.0
2017-11-22 00:00:00+09:00,655.4127596768466,692.1648770419034,646.4603208315123,673.788818359375,115000,0.0,0.0
2017-11-23 00:00:00+09:00,673.788818359375,673.788818359375,673.788818359375,673.788818359375,0,0.0,0.0
2017-11-24 00:00:00+09:00,702.0597157579788,702.0597157579788,661.0669672539893,664.365234375,97200,0.0,0.0
2017-11-27 00:00:00+09:00,671.9041102878007,714.3104005584192,671.9041102878007,685.568359375,117800,0.0,0.0
2017-11-28 00:00:00+09:00,680.385356586941,698.2902343918605,669.0770127101498,682.2700805664062,49200,0.0,0.0
2017-11-29 00:00:00+09:00,683.212473768764,698.290266293316,678.5006636048415,683.6836547851562,32800,0.0,0.0
2017-11-30 00:00:00+09:00,696.4054784649384,696.4054784649384,673.7887917488916,680.8565063476562,52000,0.0,0.0
2017-12-01 00:00:00+09:00,682.270143942637,693.578488869863,669.5482558995077,687.92431640625,53200,0.0,0.0
2017-12-04 00:00:00+09:00,684.6259893203462,735.0423560493738,678.5006363532681,710.0697631835938,174200,0.0,0.0
2017-12-05 00:00:00+09:00,761.4285506231937,825.5091712201952,749.1778437443552,815.1431884765625,952800,0.0,0.0
2017-12-06 00:00:00+09:00,733.6288715600967,779.804612994194,711.9545439481735,723.7340698242188,578400,0.0,0.0
2017-12-07 00:00:00+09:00,739.754158490077,739.754158490077,690.7513352525177,695.934326171875,195800,0.0,0.0
2017-12-08 00:00:00+09:00,691.2225992469589,730.3306263345511,690.7514181977109,727.5035400390625,160400,0.0,0.0
2017-12-11 00:00:00+09:00,727.5034735428659,731.7441025984914,711.9545003389057,716.1951293945312,75800,0.0,0.0
2017-12-12 00:00:00+09:00,719.0222390437174,721.3781441519865,697.347912047642,700.6461791992188,82000,0.0,0.0
2017-12-13 00:00:00+09:00,704.4156299105002,720.4357847044514,699.2326386536337,706.3003540039062,51800,0.0,0.0
2017-12-14 00:00:00+09:00,706.7715017566643,730.3305518152198,701.5885107437821,721.3781127929688,54400,0.0,0.0
2017-12-15 00:00:00+09:00,740.2253658929186,759.0726062721145,702.0597041250469,705.3579711914062,153800,0.0,0.0
2017-12-18 00:00:00+09:00,720.906964434287,720.906964434287,699.2326373990078,703.4732666015625,63600,0.0,0.0
2017-12-19 00:00:00+09:00,699.7037822522616,703.4732302374589,671.4329223632812,671.4329223632812,94200,0.0,0.0
2017-12-20 00:00:00+09:00,660.5958479541844,677.5583661612818,660.5958479541844,667.1923828125,41200,0.0,0.0
2017-12-21 00:00:00+09:00,678.0294826668057,727.9746704101562,669.0770433543183,727.9746704101562,185600,0.0,0.0
2017-12-22 00:00:00+09:00,727.5034868843948,771.7945022776157,717.6086855731432,744.4660034179688,311600,0.0,0.0
2017-12-25 00:00:00+09:00,753.8896370674321,753.8896370674321,726.0899567005705,728.4458618164062,93200,0.0,0.0
2017-12-26 00:00:00+09:00,729.8593695889476,766.1403066182239,729.8593695889476,760.0149536132812,110200,0.0,0.0
2017-12-27 00:00:00+09:00,759.5437355346304,786.872232222601,744.9371252358875,766.6114501953125,125800,0.0,0.0
2017-12-28 00:00:00+09:00,775.0927491621537,795.8247132734818,765.66912911155,787.8146362304688,144600,0.0,0.0
2017-12-29 00:00:00+09:00,796.2958764187233,805.7194962579982,766.140292933044,773.2080078125,127400,0.0,0.0
2018-01-01 00:00:00+09:00,773.2080078125,773.2080078125,773.2080078125,773.2080078125,0,0.0,0.0
2018-01-02 00:00:00+09:00,773.2080078125,773.2080078125,773.2080078125,773.2080078125,0,0.0,0.0
2018-01-03 00:00:00+09:00,773.2080078125,773.2080078125,773.2080078125,773.2080078125,0,0.0,0.0
2018-01-04 00:00:00+09:00,798.1806770324707,847.6546859394421,781.2181596929377,829.2786254882812,264600,0.0,0.0
2018-01-05 00:00:00+09:00,830.2210038056719,834.9328142699493,810.431399855707,818.9126586914062,88400,0.0,0.0
2018-01-08 00:00:00+09:00,818.9126586914062,818.9126586914062,818.9126586914062,818.9126586914062,0,0.0,0.0
2018-01-09 00:00:00+09:00,848.1258025653048,912.2064187591277,843.8851735524781,887.2338256835938,291600,0.0,0.0
2018-01-10 00:00:00+09:00,878.7525438614713,922.5723758073784,872.1560100201519,919.2741088867188,165000,0.0,0.0
2018-01-11 00:00:00+09:00,920.6876745005123,920.6876745005123,848.5969814613218,862.26123046875,210200,0.0,0.0
2018-01-12 00:00:00+09:00,867.9154767386522,895.7151581325612,864.1460284140543,893.3592529296875,72200,0.0,0.0
2018-01-15 00:00:00+09:00,895.7150900494247,902.3116241160697,857.5494286638365,879.2237548828125,99000,0.0,0.0
2018-01-16 00:00:00+09:00,874.9831887441138,874.9831887441138,838.7022487692636,859.9053955078125,81400,0.0,0.0
2018-01-17 00:00:00+09:00,859.9053309830518,885.820286163363,838.7021858355246,873.569580078125,77800,0.0,0.0
2018-01-18 00:00:00+09:00,873.5696801525557,875.9255854388356,841.0581872018944,842.0005493164062,92000,0.0,0.0
2018-01-19 00:00:00+09:00,829.7497826285985,867.444264519733,829.2786016049592,866.9730834960938,52000,0.0,0.0
2018-01-22 00:00:00+09:00,866.9730195227024,882.9931731443176,858.9629427118948,861.31884765625,72200,0.0,0.0
2018-01-23 00:00:00+09:00,861.3188431717653,872.156005859375,850.0104994977377,872.156005859375,74600,0.0,0.0
2018-01-24 00:00:00+09:00,871.6848842914287,980.0565185546875,871.6848842914287,980.0565185546875,417400,0.0,0.0
2018-01-25 00:00:00+09:00,977.7005940618534,988.5377572731413,949.4297335106672,981.9412231445312,120400,0.0,0.0
2018-01-26 00:00:00+09:00,989.480252350116,1087.0147343674846,989.480252350116,1040.8389892578125,327200,0.0,0.0
2018-01-29 00:00:00+09:00,1041.7811559615354,1052.147137612894,956.9685788140563,960.266845703125,208400,0.0,0.0
2018-01-30 00:00:00+09:00,942.3620975378788,966.8635120738636,914.5624156605114,932.9384765625,169200,0.0,0.0
2018-01-31 00:00:00+09:00,946.1315342573967,969.2194053622834,919.274214808855,929.6401977539062,93800,0.0,0.0
2018-02-01 00:00:00+09:00,951.314456774841,951.314456774841,923.9859582642215,937.6502075195312,65800,0.0,0.0
2018-02-02 00:00:00+09:00,921.63011308866,931.5249149162989,898.0710611180909,912.6776733398438,99200,0.0,0.0
2018-02-05 00:00:00+09:00,856.1359172200521,893.35921796875,856.1359172200521,883.4644165039062,101600,0.0,0.0
2018-02-06 00:00:00+09:00,801.0077359783115,836.34631256559,720.9069623804804,789.2282104492188,223000,0.0,0.0
2018-02-07 00:00:00+09:00,824.5667659145801,827.8650329782384,745.8795373958744,746.8218994140625,208800,0.0,0.0
2018-02-08 00:00:00+09:00,755.3031795966916,777.9198686925376,733.6288525465058,772.7368774414062,146200,0.0,0.0
2018-02-09 00:00:00+09:00,714.3104869594007,756.7167823593651,707.2427710594067,744.937255859375,172600,0.0,0.0
2018-02-12 00:00:00+09:00,744.937255859375,744.937255859375,744.937255859375,744.937255859375,0,0.0,0.0
2018-02-13 00:00:00+09:00,782.6316605631511,811.3737022816051,763.3132390802557,777.4486694335938,141400,0.0,0.0
2018-02-14 00:00:00+09:00,768.0250899096268,785.4587882695386,709.1274603153303,754.36083984375,144600,0.0,0.0
2018-02-15 00:00:00+09:00,735.5135169619606,741.1676887771711,678.5006178252551,692.6360473632812,243000,0.0,0.0
2018-02-16 00:00:00+09:00,718.5510388684198,752.9472525322851,698.7614364864698,746.8218994140625,107600,0.0,0.0
2018-02-19 00:00:00+09:00,765.66918614399,783.1028845361917,753.8896602033133,782.1605224609375,138200,0.0,0.0
2018-02-20 00:00:00+09:00,791.5841078484195,874.9831477824495,791.5841078484195,860.8477172851562,407600,0.0,0.0
2018-02-21 00:00:00+09:00,856.1358978665455,958.8533583700715,839.6445624646033,948.9585571289062,429400,0.0,0.0
2018-02-22 00:00:00+09:00,942.362030773628,979.1141499737995,938.5925826505335,965.9210815429688,244000,0.0,0.0
2018-02-23 00:00:00+09:00,977.2293978219462,985.2394748532737,923.0435826100254,950.84326171875,164200,0.0,0.0
2018-02-26 00:00:00+09:00,942.3620892130932,975.3447623355514,929.6402010087164,963.0940551757812,92800,0.0,0.0
2018-02-27 00:00:00+09:00,952.7280558060627,963.5652196455975,914.0912108129385,923.5148315429688,172600,0.0,0.0
2018-02-28 00:00:00+09:00,918.8029495239258,945.1890855102539,910.7928725280761,942.3619995117188,81600,0.0,0.0
2018-03-01 00:00:00+09:00,961.2093040093807,1046.0218896572671,942.8332437856719,1042.25244140625,365400,0.0,0.0
2018-03-02 00:00:00+09:00,1020.1069811353374,1153.4512193160765,1004.0868253115029,1144.498779296875,565600,0.0,0.0
2018-03-05 00:00:00+09:00,1156.749324983047,1206.2233286992264,961.6803960449691,974.4022827148438,871400,0.0,0.0
2018-03-06 00:00:00+09:00,1115.7566028834542,1149.6816347278834,960.7380545943256,975.3446655273438,1004400,0.0,0.0
2018-03-07 00:00:00+09:00,989.4801586349575,1021.5204685336133,945.6603230382666,978.1718139648438,407400,0.0,0.0
2018-03-08 00:00:00+09:00,999.8460934368559,1064.8690721806288,989.4801113182833,1028.588134765625,364200,0.0,0.0
2018-03-09 00:00:00+09:00,1043.1948426658466,1126.1227073041434,1022.4628765062724,1116.2279052734375,630000,0.0,0.0
2018-03-12 00:00:00+09:00,1112.929578330592,1150.624060238487,1057.801398540296,1119.054931640625,297400,0.0,0.0
2018-03-13 00:00:00+09:00,1095.4958156759303,1150.6239922067189,1085.6010147601476,1149.21044921875,276000,0.0,0.0
2018-03-14 00:00:00+09:00,1127.0650595730112,1209.9929234880822,1123.7667922582073,1193.5015869140625,432800,0.0,0.0
2018-03-15 00:00:00+09:00,1193.501681060115,1193.501681060115,1133.6616836283604,1169.942626953125,308200,0.0,0.0
2018-03-16 00:00:00+09:00,1169.9425088992866,1172.2984140722615,1097.8518106062577,1131.3056640625,205200,0.0,0.0
2018-03-19 00:00:00+09:00,1123.2955196055625,1163.8170861685148,1074.2926949247828,1139.315673828125,183200,0.0,0.0
2018-03-20 00:00:00+09:00,1109.6311911558494,1183.1354229266826,1096.9093048878206,1157.691650390625,139800,0.0,0.0
2018-03-21 00:00:00+09:00,1157.691650390625,1157.691650390625,1157.691650390625,1157.691650390625,0,0.0,0.0
2018-03-22 00:00:00+09:00,1134.1327886623399,1182.6644368684974,1134.1327886623399,1177.4814453125,135600,0.0,0.0
2018-03-23 00:00:00+09:00,1112.4584026725925,1152.037608866789,1099.2653339411936,1108.2177734375,173000,0.0,0.0
2018-03-26 00:00:00+09:00,1107.7465512460856,1140.2580408402923,1046.0218391179542,1128.478515625,100800,0.0,0.0
2018-03-27 00:00:00+09:00,1142.1427418239034,1177.4813167565737,1118.5836918687899,1144.0274658203125,91600,0.0,0.0
2018-03-28 00:00:00+09:00,1126.5938330424135,1154.8646945993123,1103.0347817449979,1130.36328125,57200,0.0,0.0
2018-03-29 00:00:00+09:00,1136.4886313718637,1191.1456302272268,1122.8243816580227,1169.0001220703125,145000,0.0,0.0
2018-03-30 00:00:00+09:00,1191.6168761706742,1220.3589202380572,1149.6817626953125,1149.6817626953125,247000,0.0,0.0
2018-04-02 00:00:00+09:00,1175.12544670871,1218.9452809284012,1159.5764732759162,1173.24072265625,212000,0.0,0.0
2018-04-03 00:00:00+09:00,1148.739293959044,1183.606688443445,1121.8819765859246,1139.315673828125,182400,0.0,0.0
2018-04-04 00:00:00+09:00,1144.969929136079,1155.8070930744038,1081.8316696693157,1093.1400146484375,191200,0.0,0.0
2018-04-05 00:00:00+09:00,1100.2077056884766,1102.0924298095704,1032.3576373291016,1036.5982666015625,187800,0.0,0.0
2018-04-06 00:00:00+09:00,1042.7237096302024,1062.984495673627,1009.2698536050128,1029.5306396484375,217600,0.0,0.0
2018-04-09 00:00:00+09:00,1013.9815811970223,1087.957003245318,1013.9815811970223,1070.0521240234375,181000,0.0,0.0
2018-04-10 00:00:00+09:00,1060.6284381109049,1069.580877170926,1037.069387952955,1039.42529296875,169400,0.0,0.0
2018-04-11 00:00:00+09:00,1177.952559303391,1225.0706616755265,1123.766741575435,1141.200439453125,1237600,0.0,0.0
2018-04-12 00:00:00+09:00,1124.7091006440476,1181.7220043633313,1090.312886003488,1179.8372802734375,330200,0.0,0.0
2018-04-13 00:00:00+09:00,1180.3084411732593,1309.4120391299352,1174.6542689999744,1289.6224365234375,618000,0.0,0.0
2018-04-16 00:00:00+09:00,1302.8155541754816,1350.4048384328862,1258.0533561115863,1308.4697265625,408200,0.0,0.0
2018-04-17 00:00:00+09:00,1330.1440547733516,1347.5777529761904,1255.6974516369048,1286.32421875,248800,0.0,0.0
2018-04-18 00:00:00+09:00,1303.2866335525166,1391.8686607064838,1271.2463258585285,1348.048828125,392200,0.0,0.0
2018-04-19 00:00:00+09:00,1343.8082826576576,1375.3774113175675,1303.286714527027,1307.52734375,210800,0.0,0.0
2018-04-20 00:00:00+09:00,1295.7477511251373,1307.5272761353658,1209.5216280502646,1232.6094970703125,294800,0.0,0.0
2018-04-23 00:00:00+09:00,1220.3588910992637,1243.9179430509869,1181.7220458984375,1181.7220458984375,106000,0.0,2.0
2018-04-24 00:00:00+09:00,1209.9928959865197,1213.762344260621,1142.142827052696,1153.451171875,142000,0.0,0.0
2018-04-25 00:00:00+09:00,1138.373325104671,1201.5115807189202,1124.237894743272,1167.5865478515625,129800,0.0,0.0
2018-04-26 00:00:00+09:00,1153.4512297453703,1185.4915416827419,1138.3734358924896,1144.969970703125,99700,0.0,0.0
2018-04-27 00:00:00+09:00,1163.8171546287786,1210.9352580550449,1130.834482230392,1153.451171875,113000,0.0,0.0
2018-04-30 00:00:00+09:00,1153.451171875,1153.451171875,1153.451171875,1153.451171875,0,0.0,0.0
2018-05-01 00:00:00+09:00,1157.2206782085905,1225.0707505465534,1144.969970703125,1144.969970703125,108300,0.0,0.0
2018-05-02 00:00:00+09:00,1152.508758079192,1179.8372568398595,1102.5635706890062,1173.24072265625,116600,0.0,0.0
2018-05-03 00:00:00+09:00,1173.24072265625,1173.24072265625,1173.24072265625,1173.24072265625,0,0.0,0.0
2018-05-04 00:00:00+09:00,1173.24072265625,1173.24072265625,1173.24072265625,1173.24072265625,0,0.0,0.0
2018-05-07 00:00:00+09:00,1265.5921486755046,1319.306781940213,1226.0129452172982,1237.3212890625,360400,0.0,0.0
2018-05-08 00:00:00+09:00,1230.7248346387726,1279.7276611328125,1197.742162960092,1279.7276611328125,124900,0.0,0.0
2018-05-09 00:00:00+09:00,1294.8054081176851,1294.8054081176851,1220.3588089609914,1227.897705078125,138500,0.0,0.0
2018-05-10 00:00:00+09:00,1249.5720795398622,1249.5720795398622,1192.0879944328246,1196.7998046875,95500,0.0,0.0
2018-05-11 00:00:00+09:00,1190.203136462461,1206.2232895264847,1158.162830334414,1174.1829833984375,95700,0.0,0.0
2018-05-14 00:00:00+09:00,1180.7796268375776,1258.0533135101086,1179.8372648049856,1234.4942626953125,145500,0.0,0.0
2018-05-15 00:00:00+09:00,1271.2464529930512,1305.1714880618056,1228.840159157108,1304.2291259765625,279100,0.0,0.0
2018-05-16 00:00:00+09:00,1319.3068175657768,1338.1540578167164,1209.9928241103266,1222.2435302734375,427100,0.0,0.0
2018-05-17 00:00:00+09:00,1216.5893866356382,1248.6296958111702,1185.491439494681,1240.1484375,170400,0.0,0.0
2018-05-18 00:00:00+09:00,1265.5922171824477,1389.9840062130384,1261.8227690300057,1384.329833984375,824200,0.0,0.0
2018-05-21 00:00:00+09:00,1373.9639558264957,1524.7418933657545,1342.8660062090237,1500.240478515625,688600,0.0,0.0
2018-05-22 00:00:00+09:00,1559.6092040269018,1642.5370650265195,1493.643860049933,1540.761962890625,703600,0.0,0.0
2018-05-23 00:00:00+09:00,1540.7619471683247,1575.6293429146415,1455.949362920527,1551.1279296875,401600,0.0,0.0
2018-05-24 00:00:00+09:00,1552.0703374913708,1589.764820490554,1502.125147517453,1514.3758544921875,176500,0.0,0.0
2018-05-25 00:00:00+09:00,1480.4507663787954,1551.127919452258,1480.4507663787954,1528.51123046875,178100,0.0,0.0
2018-05-28 00:00:00+09:00,1554.8974644964014,1616.1510009765625,1508.7217216113568,1616.1510009765625,318600,0.0,0.0
2018-05-29 00:00:00+09:00,1766.9286743773398,1812.1620484413997,1677.404288208888,1699.07861328125,1587000,0.0,0.0
2018-05-30 00:00:00+09:00,1658.5572253327132,1748.0816210182857,1628.4016394175728,1646.3065185546875,557200,0.0,0.0
2018-05-31 00:00:00+09:00,1713.2142512928356,1714.156613367254,1620.8627679998224,1658.5572509765625,311400,0.0,0.0
2018-06-01 00:00:00+09:00,1649.1335241231598,1700.0210728675315,1602.0154234339266,1648.191162109375,251200,0.0,0.0
2018-06-04 00:00:00+09:00,1632.1709853170528,1648.19113932998,1510.6062872189582,1520.0299072265625,372300,0.0,0.0
2018-06-05 00:00:00+09:00,1520.0300384675613,1550.18562509556,1438.9868994048147,1492.7015380859375,321400,0.0,0.0
2018-06-06 00:00:00+09:00,1492.7014732142857,1569.9751605902777,1466.3153360615079,1484.22021484375,260200,0.0,0.0
2018-06-07 00:00:00+09:00,1507.7792041959578,1609.5543004791848,1499.2979461723555,1608.6119384765625,372800,0.0,0.0
2018-06-08 00:00:00+09:00,1574.6869597739362,1597.3036486037233,1533.2230302526596,1594.4765625,211500,0.0,0.0
2018-06-11 00:00:00+09:00,1625.5744644128795,1667.0383927805124,1543.588969685969,1586.9376220703125,281800,0.0,0.0
2018-06-12 00:00:00+09:00,1585.0529039800656,1725.46484375,1559.6091296593393,1725.46484375,624400,0.0,0.0
2018-06-13 00:00:00+09:00,1708.502366106172,1752.7933816643574,1654.787730216458,1721.6954345703125,309500,0.0,0.0
2018-06-14 00:00:00+09:00,1696.2516132403132,1755.620419703724,1680.2314591152658,1708.5023193359375,165000,0.0,0.0
2018-06-15 00:00:00+09:00,1730.1767219853043,1769.7559280437918,1668.9231887995502,1695.309326171875,250900,0.0,0.0
2018-06-18 00:00:00+09:00,1695.3092571603338,1697.193981181635,1593.5341600100749,1636.8828125,201100,0.0,0.0
2018-06-19 00:00:00+09:00,1672.6926871521832,1778.2372398062928,1651.018359375,1719.810791015625,587700,0.0,0.0
2018-06-20 00:00:00+09:00,1719.8107052637524,1719.8107052637524,1598.246003357438,1710.3870849609375,401600,0.0,0.0
2018-06-21 00:00:00+09:00,1827.2400109989128,1871.5310272531412,1792.3726152243073,1828.182373046875,1305300,0.0,0.0
2018-06-22 00:00:00+09:00,1814.046858258541,1817.816306275702,1692.4821597051116,1697.1939697265625,692300,0.0,0.0
2018-06-25 00:00:00+09:00,1711.3294842994526,1743.3697940275258,1652.9030371482597,1656.6724853515625,411000,0.0,0.0
2018-06-26 00:00:00+09:00,1650.0759492130223,1672.6926384084036,1580.3411575272637,1606.727294921875,298100,0.0,0.0
2018-06-27 00:00:00+09:00,1623.379841418886,1707.118074739438,1543.4478914310862,1706.16650390625,310400,16.5,0.0
2018-06-28 00:00:00+09:00,1706.1663068037444,1748.0354186271493,1628.1375074964901,1726.1492919921875,252300,0.0,0.0
2018-06-29 00:00:00+09:00,1710.9242640114046,1729.9556796288841,1651.9268755972182,1680.4739990234375,213600,0.0,0.0
2018-07-02 00:00:00+09:00,1677.6192797233668,1677.6192797233668,1590.0747682460271,1616.71875,209200,0.0,0.0
2018-07-03 00:00:00+09:00,1603.3967743844696,1650.975313683712,1531.077394649621,1570.091796875,201100,0.0,0.0
2018-07-04 00:00:00+09:00,1551.060277309255,1589.1231062002798,1508.2395948068524,1562.4791259765625,130200,0.0,0.0
2018-07-05 00:00:00+09:00,1541.5446031576569,1576.7527206371835,1474.934651169363,1479.6925048828125,145400,0.0,0.0
2018-07-06 00:00:00+09:00,1498.7239817391455,1621.476612624447,1497.7724109570888,1612.9124755859375,191500,0.0,0.0
2018-07-09 00:00:00+09:00,1613.8639771787093,1734.7134613188605,1584.3652841996175,1725.19775390625,271800,0.0,0.0
2018-07-10 00:00:00+09:00,1731.8587627108136,1745.1807531932045,1635.7501170878509,1678.57080078125,253800,0.0,0.0
2018-07-11 00:00:00+09:00,1649.0721281367685,1684.2802462793309,1610.057726951767,1642.4111328125,123100,0.0,0.0
2018-07-12 00:00:00+09:00,1636.7017896665138,1709.021171070383,1628.137652395003,1686.1834716796875,132000,0.0,0.0
2018-07-13 00:00:00+09:00,1707.1180746000107,1713.7790704317833,1661.4426746107126,1667.152099609375,124100,0.0,0.0
2018-07-16 00:00:00+09:00,1667.152099609375,1667.152099609375,1667.152099609375,1667.152099609375,0,0.0,0.0
2018-07-17 00:00:00+09:00,1686.1834692238351,1686.1834692238351,1608.1546630859375,1608.1546630859375,104500,0.0,0.0
2018-07-18 00:00:00+09:00,1616.7188828086203,1686.1835552306504,1610.057886822946,1676.6678466796875,116500,0.0,0.0
2018-07-19 00:00:00+09:00,1662.394193924305,1664.2973355315453,1618.6219369577807,1636.7017822265625,86100,0.0,0.0
2018-07-20 00:00:00+09:00,1632.8954642159597,1671.9098663330078,1609.106194632394,1651.9268798828125,111100,0.0,0.0
2018-07-23 00:00:00+09:00,1661.4425676024387,1661.4425676024387,1612.9124582394809,1620.5250244140625,88000,0.0,0.0
2018-07-24 00:00:00+09:00,1624.3312591930382,1641.4595325764446,1591.0262831697482,1614.8155517578125,93800,0.0,0.0
2018-07-25 00:00:00+09:00,1614.815595852455,1660.490992788765,1589.1231850757808,1649.0721435546875,113700,0.0,0.0
2018-07-26 00:00:00+09:00,1642.4112121220878,1645.265924541767,1602.4452382465793,1608.1546630859375,70700,0.0,0.0
2018-07-27 00:00:00+09:00,1601.4936062919533,1611.0093139942228,1571.043341644691,1581.5106201171875,73400,0.0,0.0
2018-07-30 00:00:00+09:00,1573.8980778895082,1573.8980778895082,1523.4648263005456,1531.077392578125,86300,0.0,0.0
2018-07-31 00:00:00+09:00,1532.0289016982258,1575.8011560324608,1512.9974867702974,1571.994873046875,79900,0.0,0.0
2018-08-01 00:00:00+09:00,1589.1231410177872,1591.026282504036,1535.8351794028194,1547.2540283203125,40400,0.0,0.0
2018-08-02 00:00:00+09:00,1552.0118480315307,1587.2199647557286,1522.5131556409867,1562.4791259765625,51200,0.0,0.0
2018-08-03 00:00:00+09:00,1555.818091907395,1573.8979351772668,1517.7552639708226,1538.6898193359375,57000,0.0,0.0
2018-08-06 00:00:00+09:00,1539.6415893248745,1545.351014254386,1487.305194137688,1518.70703125,90000,0.0,0.0
2018-08-07 00:00:00+09:00,1495.8692164862052,1555.8181736354616,1495.8692164862052,1543.44775390625,43900,0.0,0.0
2018-08-08 00:00:00+09:00,1543.4476710437064,1611.0091905530178,1540.5929589517636,1567.2369384765625,100600,0.0,0.0
2018-08-09 00:00:00+09:00,1552.011962890625,1578.655945086172,1539.6415425855494,1552.011962890625,39000,0.0,0.0
2018-08-10 00:00:00+09:00,1542.4962531323702,1582.4622263782428,1507.2881338443397,1512.99755859375,114000,0.0,0.0
2018-08-13 00:00:00+09:00,1457.8064720480018,1507.2881538668635,1395.0027989702157,1491.1114501953125,193000,0.0,0.0
2018-08-14 00:00:00+09:00,1516.803890769331,1602.445264777637,1494.9177618560973,1596.73583984375,177800,0.0,0.0
2018-08-15 00:00:00+09:00,1474.9347074281209,1520.6101048194432,1405.4700405621513,1428.3077392578125,264600,0.0,0.0
2018-08-16 00:00:00+09:00,1390.2448543743947,1452.096952618293,1379.7775762100425,1412.1309814453125,140700,0.0,0.0
2018-08-17 00:00:00+09:00,1427.3561750139509,1473.98314339774,1427.3561750139509,1438.7750244140625,88200,0.0,0.0
2018-08-20 00:00:00+09:00,1400.712158203125,1455.903262262759,1398.8090166838272,1400.712158203125,67300,0.0,0.0
2018-08-21 00:00:00+09:00,1429.259316580636,1429.259316580636,1326.4896719796316,1332.1990966796875,113100,0.0,0.0
2018-08-22 00:00:00+09:00,1335.0537626279634,1389.2932953933189,1335.0537626279634,1379.777587890625,50700,0.0,0.0
2018-08-23 00:00:00+09:00,1381.6806821723014,1401.6636672450413,1359.7945556640625,1359.7945556640625,36000,0.0,0.0
2018-08-24 00:00:00+09:00,1359.7946343484462,1397.8574652609288,1341.714789665017,1378.8260498046875,44000,0.0,0.0
2018-08-27 00:00:00+09:00,1378.8259888513478,1436.8718034268704,1375.971276659109,1419.7435302734375,74800,0.0,0.0
2018-08-28 00:00:00+09:00,1455.9033341841264,1473.0316087039396,1402.615369011374,1423.5499267578125,121200,0.0,0.0
2018-08-29 00:00:00+09:00,1419.7436821723522,1454.9518029768947,1419.7436821723522,1433.065673828125,137400,0.0,0.0
2018-08-30 00:00:00+09:00,1451.1453818760792,1451.1453818760792,1395.0027080854636,1412.1309814453125,69400,0.0,0.0
2018-08-31 00:00:00+09:00,1394.0510503423682,1405.4698985362988,1381.68063146561,1382.6322021484375,38200,0.0,0.0
2018-09-03 00:00:00+09:00,1328.3927652441184,1345.5210387214781,1256.0733883397108,1258.9281005859375,212400,0.0,0.0
2018-09-04 00:00:00+09:00,1256.073478279533,1327.4412895454154,1240.8483452094779,1298.8941650390625,99400,0.0,0.0
2018-09-05 00:00:00+09:00,1288.4267690947563,1316.9738910097064,1251.315510605321,1256.0733642578125,63100,0.0,0.0
2018-09-06 00:00:00+09:00,1238.945208164787,1262.7344786748636,1224.671645858741,1231.3326416015625,86500,0.0,0.0
2018-09-07 00:00:00+09:00,1256.0734362725846,1256.0734362725846,1203.7370430945602,1211.349609375,45200,0.0,0.0
2018-09-10 00:00:00+09:00,1211.3495440793504,1228.477817287071,1198.979124540441,1213.252685546875,48500,0.0,0.0
2018-09-11 00:00:00+09:00,1225.6231430288462,1275.1048227163462,1212.3011523437501,1237.0419921875,74500,0.0,0.0
2018-09-12 00:00:00+09:00,1247.509157615314,1247.509157615314,1179.9476395446143,1190.4149169921875,75200,0.0,0.0
2018-09-13 00:00:00+09:00,1179.9477546597705,1263.6859824098187,1179.9477546597705,1233.2357177734375,151700,0.0,0.0
2018-09-14 00:00:00+09:00,1261.7827740920527,1273.2016227263698,1218.9620917133632,1235.1387939453125,72400,0.0,0.0
2018-09-17 00:00:00+09:00,1235.1387939453125,1235.1387939453125,1235.1387939453125,1235.1387939453125,0,0.0,0.0
2018-09-18 00:00:00+09:00,1228.4778158498364,1257.976508561955,1206.5916889989098,1227.5262451171875,67100,0.0,0.0
2018-09-19 00:00:00+09:00,1251.315478109032,1270.3468922247587,1229.4293518759462,1257.02490234375,57100,0.0,0.0
2018-09-20 00:00:00+09:00,1266.540678866248,1266.540678866248,1217.0589994514885,1226.57470703125,79200,0.0,0.0
2018-09-21 00:00:00+09:00,1232.2841347142269,1288.426809577655,1219.9137148290647,1265.589111328125,100800,0.0,0.0
2018-09-24 00:00:00+09:00,1265.589111328125,1265.589111328125,1265.589111328125,1265.589111328125,0,0.0,0.0
2018-09-25 00:00:00+09:00,1242.7514662937315,1298.8941435612123,1238.9451830891564,1281.765869140625,70700,0.0,0.0
2018-09-26 00:00:00+09:00,1290.3300370285754,1355.0368530447574,1290.3300370285754,1334.102294921875,94000,0.0,0.0
2018-09-27 00:00:00+09:00,1360.7461854161825,1360.7461854161825,1275.104817103276,1279.8626708984375,128400,0.0,0.0
2018-09-28 00:00:00+09:00,1317.925497602983,1323.6349221413352,1280.8142381036932,1308.4097900390625,65300,0.0,0.0
2018-10-01 00:00:00+09:00,1317.9255635149707,1330.2959839667358,1302.70043065126,1306.5067138671875,60800,0.0,0.0
2018-10-02 00:00:00+09:00,1314.1191788182114,1324.5864568536933,1248.4607984138258,1256.0733642578125,90600,0.0,0.0
2018-10-03 00:00:00+09:00,1257.0249937797378,1257.9765645547413,1235.138865954655,1243.7030029296875,32400,0.0,0.0
2018-10-04 00:00:00+09:00,1251.3155867155926,1273.2017148482607,1228.4778877945475,1236.0904541015625,38500,0.0,0.0
2018-10-05 00:00:00+09:00,1232.2841016981336,1234.1872431679376,1198.9791259765625,1198.9791259765625,48600,0.0,0.0
2018-10-08 00:00:00+09:00,1198.9791259765625,1198.9791259765625,1198.9791259765625,1198.9791259765625,0,0.0,0.0
2018-10-09 00:00:00+09:00,1194.221344371522,1196.1244859561778,1151.4006587167662,1154.25537109375,48700,0.0,0.0
2018-10-10 00:00:00+09:00,1146.6428878162667,1160.9164507351413,1109.5316242271924,1144.73974609375,90900,0.0,0.0
2018-10-11 00:00:00+09:00,972.5053075719762,1068.6139534279152,972.5053075719762,1027.6964111328125,174400,0.0,0.0
2018-10-12 00:00:00+09:00,1075.2751076110994,1141.885070029486,1051.4858353188185,1129.5146484375,62400,0.0,0.0
2018-10-15 00:00:00+09:00,1122.8536139450136,1136.1756059748698,1099.0643424631278,1119.9989013671875,43100,0.0,0.0
2018-10-16 00:00:00+09:00,1119.9988714479932,1123.8051547834154,1064.807763084371,1067.6624755859375,56900,0.0,0.0
2018-10-17 00:00:00+09:00,1084.7907733048105,1178.0447169748732,1080.9844898897059,1148.5460205078125,73600,0.0,0.0
2018-10-18 00:00:00+09:00,1140.9333936126682,1160.9163804899545,1105.7252738764976,1121.9019775390625,58800,0.0,0.0
2018-10-19 00:00:00+09:00,1119.9987563535392,1198.979127447289,1093.3547757435995,1184.70556640625,113600,0.0,0.0
2018-10-22 00:00:00+09:00,1185.6572317826121,1197.0760815269068,1135.22397874531,1157.110107421875,64200,0.0,0.0
2018-10-23 00:00:00+09:00,1160.9164802344392,1165.6743346616295,1139.0303498693636,1158.061767578125,28600,0.0,0.0
2018-10-24 00:00:00+09:00,1159.013196171941,1169.480474626696,1104.773662360939,1126.6597900390625,51200,0.0,0.0
2018-10-25 00:00:00+09:00,1075.2748969632403,1100.0157353004477,1030.5510738152118,1036.260498046875,82200,0.0,0.0
2018-10-26 00:00:00+09:00,1048.630987335176,1087.6453888603505,981.069462742801,1005.810302734375,87800,0.0,0.0
2018-10-29 00:00:00+09:00,1018.1807783137772,1061.001465252207,982.9726579421792,995.3430786132812,99000,0.0,0.0
2018-10-30 00:00:00+09:00,966.7958603542827,1032.4542406342487,949.6675872377698,1024.8416748046875,65600,0.0,0.0
2018-10-31 00:00:00+09:00,1026.7448258833451,1089.548494565737,1013.4228355567773,1088.596923828125,58300,0.0,0.0
2018-11-01 00:00:00+09:00,1062.9044757805518,1080.0327484430854,1036.2604960832775,1064.8076171875,52200,0.0,0.0
2018-11-02 00:00:00+09:00,1068.6140268464112,1137.127125629084,1068.6140268464112,1128.56298828125,67200,0.0,0.0
2018-11-05 00:00:00+09:00,1121.9020013954434,1166.6258301194348,1120.9504305715286,1124.7567138671875,58400,0.0,0.0
2018-11-06 00:00:00+09:00,1141.884983176052,1167.577395297513,1126.659850067038,1153.3038330078125,53300,0.0,0.0
2018-11-07 00:00:00+09:00,1160.916319882596,1218.9621358767258,1126.6597727385195,1201.8338623046875,93200,0.0,0.0
2018-11-08 00:00:00+09:00,1247.5091564169534,1264.6374285874379,1207.543188019156,1218.9620361328125,149800,0.0,0.0
2018-11-09 00:00:00+09:00,1233.2357268290987,1292.2331149953056,1190.415041869755,1282.7174072265625,126100,0.0,0.0
2018-11-12 00:00:00+09:00,1257.0250114458538,1359.7946565905565,1211.3496136037638,1236.0904541015625,276300,0.0,0.0
2018-11-13 00:00:00+09:00,1224.6716665872714,1258.9282167016006,1191.3666873094512,1248.4609375,84000,0.0,0.0
2018-11-14 00:00:00+09:00,1276.056384321733,1317.925497602983,1218.0105681818181,1308.4097900390625,125100,0.0,0.0
2018-11-15 00:00:00+09:00,1142.8365262854634,1180.899358135104,1040.0668802914333,1125.708251953125,238400,0.0,0.0
2018-11-16 00:00:00+09:00,1154.2554436934622,1164.7227230674341,1079.0813463712993,1084.790771484375,69100,0.0,0.0
2018-11-19 00:00:00+09:00,1089.5485624298124,1119.9988279300342,1065.759292507764,1072.4202880859375,81400,0.0,0.0
2018-11-20 00:00:00+09:00,1056.2435014162904,1066.7107793582536,1002.9555409844776,1014.3743896484375,100200,0.0,0.0
2018-11-21 00:00:00+09:00,973.4568985190365,1021.0354370585787,970.6021862066639,991.5367431640625,116100,0.0,0.0
2018-11-22 00:00:00+09:00,980.1179465423165,982.0210881860879,937.297259557458,968.6990966796875,165500,0.0,0.0
2018-11-23 00:00:00+09:00,968.6990966796875,968.6990966796875,968.6990966796875,968.6990966796875,0,0.0,0.0
2018-11-26 00:00:00+09:00,978.2147631441038,1012.4713112697729,971.5537676752238,1000.1008911132812,40700,0.0,0.0
2018-11-27 00:00:00+09:00,1008.6650170382977,1018.1807247462062,982.9726062269449,991.5367431640625,60000,0.0,0.0
2018-11-28 00:00:00+09:00,997.2461596725151,1029.5995656160892,991.5367350942374,1021.9869995117188,41800,0.0,0.0
2018-11-29 00:00:00+09:00,1037.2120844708743,1059.0982110239293,1018.1806700769132,1042.9215087890625,49600,0.0,0.0
2018-11-30 00:00:00+09:00,1030.5511132501492,1051.4856695673268,1028.6479717667696,1045.7762451171875,32400,0.0,0.0
2018-12-03 00:00:00+09:00,1056.243466643441,1070.5170270034876,1029.5994873046875,1029.5994873046875,38000,0.0,0.0
2018-12-04 00:00:00+09:00,1029.5995988617674,1036.2605944181744,982.9726299669184,994.3914794921875,56400,0.0,0.0
2018-12-05 00:00:00+09:00,965.8443088917002,997.2461435650264,965.8443088917002,988.6820068359375,46000,0.0,0.0
2018-12-06 00:00:00+09:00,979.1663271937917,985.8273226168787,951.5707747267169,962.9896240234375,49700,0.0,0.0
2018-12-07 00:00:00+09:00,965.844332000913,988.682030491575,962.038048919136,964.8927612304688,33300,0.0,0.0
2018-12-10 00:00:00+09:00,957.280228079394,962.0380820956932,918.2658251457408,937.2972412109375,70900,0.0,0.0
2018-12-11 00:00:00+09:00,942.0550688280041,962.9896259130709,914.4595163067797,922.0720825195312,37900,0.0,0.0
2018-12-12 00:00:00+09:00,923.0236473309218,974.4084689349113,923.0236473309218,964.8927612304688,50900,0.0,0.0
2018-12-13 00:00:00+09:00,964.8927457746944,970.6021703059056,940.1519061394457,958.2317504882812,34200,0.0,0.0
2018-12-14 00:00:00+09:00,966.7959561434659,966.7959561434659,932.5394065163352,942.0551147460938,53500,0.0,0.0
2018-12-17 00:00:00+09:00,942.0550984182175,943.9582400311837,894.4765580940651,896.3796997070312,74600,0.0,0.0
2018-12-18 00:00:00+09:00,865.9294781376366,881.1546118191774,832.6244982092659,838.3339233398438,101000,0.0,0.0
2018-12-19 00:00:00+09:00,839.2853930450373,891.6217837678004,839.2853930450373,869.7356567382812,48600,0.0,0.0
2018-12-20 00:00:00+09:00,855.4621483233335,858.316860720408,784.0943383964703,793.6100463867188,139300,0.0,0.0
2018-12-21 00:00:00+09:00,761.2566415789072,811.6898940835098,745.0799379453554,779.3364868164062,148400,0.0,0.0
2018-12-24 00:00:00+09:00,779.3364868164062,779.3364868164062,779.3364868164062,779.3364868164062,0,0.0,0.0
2018-12-25 00:00:00+09:00,723.1938091077302,745.0799375412537,677.5184106377684,687.0341186523438,164800,0.0,0.0
2018-12-26 00:00:00+09:00,744.1283790706971,755.5472288774084,718.4359670055962,734.6126708984375,78800,0.0,0.0
2018-12-27 00:00:00+09:00,789.8037479866516,805.0288804779606,758.4019122233269,786.9490356445312,72600,0.0,0.0
2018-12-28 00:00:00+09:00,788.8521726229665,807.8835881265362,752.6924831661839,762.2081909179688,50700,0.0,0.0
2018-12-31 00:00:00+09:00,762.2081909179688,762.2081909179688,762.2081909179688,762.2081909179688,0,0.0,0.0
2019-01-04 00:00:00+09:00,751.7409959479944,766.0145591621969,722.2422986386428,765.06298828125,39500,0.0,0.0
2019-01-07 00:00:00+09:00,794.5616019622624,846.8979949058845,793.6100311814693,813.593017578125,63900,0.0,0.0
2019-01-08 00:00:00+09:00,811.6898760854995,858.3168443483243,811.6898760854995,840.2369995117188,42100,0.0,0.0
2019-01-09 00:00:00+09:00,868.7841390446001,871.6388514401464,816.4477451262507,820.2540283203125,51600,0.0,0.0
2019-01-10 00:00:00+09:00,813.5930530789071,820.2540488351087,790.7553533433589,798.367919921875,32600,0.0,0.0
2019-01-11 00:00:00+09:00,787.9005981018989,847.8495566531304,787.9005981018989,817.3992919921875,48000,0.0,0.0
2019-01-15 00:00:00+09:00,809.7867677145165,871.6388710064596,799.31948869588,851.6558837890625,80700,0.0,0.0
2019-01-16 00:00:00+09:00,861.1715926471938,899.2344254713792,832.6244680290548,890.6702880859375,68900,0.0,0.0
2019-01-17 00:00:00+09:00,905.8953777606671,1014.3744461059571,905.8953777606671,989.6336059570312,232900,0.0,0.0
2019-01-18 00:00:00+09:00,1015.3259817759196,1018.1806940020937,952.5223128000895,1004.8587036132812,160600,0.0,0.0
2019-01-21 00:00:00+09:00,1021.0353903247699,1034.357380506081,965.8442881450526,998.1976928710938,134200,0.0,0.0
2019-01-22 00:00:00+09:00,1002.0040390714593,1110.4831088284834,1002.0040390714593,1037.212158203125,399700,0.0,0.0
2019-01-23 00:00:00+09:00,1017.2291213742706,1081.9359317142616,1017.2291213742706,1060.0498046875,177900,0.0,0.0
2019-01-24 00:00:00+09:00,1077.1781509141251,1081.9360049375973,1054.3404516014582,1068.614013671875,112300,0.0,0.0
2019-01-25 00:00:00+09:00,1066.7107912995093,1097.1610547442767,1056.2435132403705,1063.8560791015625,153600,0.0,0.0
2019-01-28 00:00:00+09:00,1056.2436107413116,1077.1781687920404,1035.309052690583,1061.00146484375,104300,0.0,0.0
2019-01-29 00:00:00+09:00,1059.0983584755345,1103.8221885279604,1045.7763665450245,1084.790771484375,155100,0.0,0.0
2019-01-30 00:00:00+09:00,1093.35484561734,1113.3378323518607,1060.0498677264725,1072.4202880859375,111200,0.0,0.0
2019-01-31 00:00:00+09:00,1083.839149012902,1156.1585303342194,1076.2265825580264,1146.642822265625,144900,0.0,0.0
2019-02-01 00:00:00+09:00,1140.933410860585,1140.933410860585,1068.6140286876036,1075.2750244140625,218500,0.0,0.0
2019-02-04 00:00:00+09:00,1075.2749717170423,1075.2749717170423,1035.30899931694,1044.82470703125,123600,0.0,0.0
2019-02-05 00:00:00+09:00,1216.1075655497357,1227.5264159304843,1064.8077980048156,1091.4517822265625,918200,0.0,0.0
2019-02-06 00:00:00+09:00,1082.8874892550923,1089.5484843559584,1022.9385333472972,1024.8416748046875,194800,0.0,0.0
2019-02-07 00:00:00+09:00,1029.5995561290922,1048.6309712146576,972.5053108723957,999.1492919921875,120700,0.0,0.0
2019-02-08 00:00:00+09:00,999.1492884837246,999.1492884837246,942.0550434275118,960.1348876953125,141100,0.0,0.0
2019-02-12 00:00:00+09:00,943.0066592279309,976.311637101773,937.2972344495579,953.4739379882812,65800,0.0,0.0
2019-02-13 00:00:00+09:00,958.2318097427337,964.8928054410447,943.006676718023,945.8613891601562,63300,0.0,0.0
2019-02-14 00:00:00+09:00,960.1349375090247,978.2147827148438,943.0066631035119,978.2147827148438,105900,0.0,0.0
2019-02-15 00:00:00+09:00,984.8757700060235,1055.2920086344734,915.4111021698499,928.7330932617188,365300,0.0,0.0
2019-02-18 00:00:00+09:00,950.6192432303784,961.086522184867,930.6362561354455,945.8613891601562,101300,0.0,0.0
2019-02-19 00:00:00+09:00,954.425557454427,1017.2292332191251,954.425557454427,1010.5682373046875,158300,0.0,0.0
2019-02-20 00:00:00+09:00,1112.3862788212764,1120.950416126145,1018.1807684677209,1025.7933349609375,638500,0.0,0.0
2019-02-21 00:00:00+09:00,1013.4229498394465,1048.6310711014742,996.2946746308925,1010.5682373046875,156600,0.0,0.0
2019-02-22 00:00:00+09:00,1008.665041398774,1025.7933156866777,976.3116344105114,994.3914794921875,124500,0.0,0.0
2019-02-25 00:00:00+09:00,1001.0524370978861,1002.0040078555837,963.9411775476793,970.6021728515625,108700,0.0,0.0
2019-02-26 00:00:00+09:00,970.6021946066677,991.5367517452429,952.522349805171,961.0864868164062,75500,0.0,0.0
2019-02-27 00:00:00+09:00,962.0380148878376,980.1178588867188,942.0550294153899,980.1178588867188,89100,0.0,0.0
2019-02-28 00:00:00+09:00,979.1663293101963,981.0694708637632,945.8613521227746,948.716064453125,74400,0.0,0.0
2019-03-01 00:00:00+09:00,970.6021703059056,977.2631655923186,951.5707552018682,958.2317504882812,93500,0.0,0.0
2019-03-04 00:00:00+09:00,970.602143101351,992.4882698575578,958.2317236304514,983.9241333007812,91900,0.0,0.0
2019-03-05 00:00:00+09:00,1005.8102703226023,1005.8102703226023,954.4254504574931,965.8442993164062,90200,0.0,0.0
2019-03-06 00:00:00+09:00,958.2317319407047,983.9241418338516,958.2317319407047,980.1178588867188,53900,0.0,0.0
2019-03-07 00:00:00+09:00,970.6021990094865,976.3116237095423,953.4739249093192,959.183349609375,49200,0.0,0.0
2019-03-08 00:00:00+09:00,951.570794362993,961.086502306623,932.5393784757331,941.103515625,89500,0.0,0.0
2019-03-11 00:00:00+09:00,939.2003292952354,941.1034707933007,903.992211581027,906.846923828125,53600,0.0,0.0
2019-03-12 00:00:00+09:00,938.2487646290421,960.134891998685,922.0720617906103,958.2317504882812,70700,0.0,0.0
2019-03-13 00:00:00+09:00,951.5707382427647,977.2631481753193,946.812884551551,965.8442993164062,44200,0.0,0.0
2019-03-14 00:00:00+09:00,960.1349025834427,965.8443271775959,937.2972042068296,940.1519165039062,32600,0.0,0.0
2019-03-15 00:00:00+09:00,937.297232447548,955.3770775404449,919.2173873546512,941.103515625,45600,0.0,0.0
2019-03-18 00:00:00+09:00,946.8129677763154,976.3116632547735,946.8129677763154,968.6990966796875,44000,0.0,0.0
2019-03-19 00:00:00+09:00,971.553716591155,972.5052873223901,945.8613068478041,955.3770141601562,41700,0.0,0.0
2019-03-20 00:00:00+09:00,960.1348963191854,968.6990331545398,953.4739010027985,956.32861328125,25800,0.0,0.0
2019-03-22 00:00:00+09:00,951.5707963954902,962.0380751558406,945.8613716171174,953.4739379882812,31700,0.0,0.0
2019-03-25 00:00:00+09:00,929.6846596809496,932.5393720443507,901.1375360469389,930.63623046875,48300,0.0,0.0
2019-03-26 00:00:00+09:00,926.8299737460371,933.4909694505775,918.2658364116281,919.2174072265625,28500,0.0,0.0
2019-03-27 00:00:00+09:00,919.2174106720955,954.4255309566375,919.2174106720955,943.958251953125,32100,0.0,0.0
2019-03-28 00:00:00+09:00,937.2972238174991,937.2972238174991,909.701671035055,918.2658081054688,19200,0.0,0.0
2019-03-29 00:00:00+09:00,917.3142372584655,950.6192147522894,917.3142372584655,944.9097900390625,42200,0.0,0.0
2019-04-01 00:00:00+09:00,952.5223019664506,971.553716591155,947.7644483102746,955.3770141601562,44200,0.0,0.0
2019-04-02 00:00:00+09:00,961.0865138732281,961.0865138732281,921.1205400289949,923.023681640625,36400,0.0,0.0
2019-04-03 00:00:00+09:00,951.5707812118158,975.3600507421111,933.4909363687912,973.4569091796875,76600,0.0,0.0
2019-04-04 00:00:00+09:00,980.1178690894303,988.6820058096292,961.0864541556549,962.0380249023438,35700,0.0,0.0
2019-04-05 00:00:00+09:00,958.2317615418923,977.2631768654651,952.5223369448204,966.7958984375,45300,0.0,0.0
2019-04-08 00:00:00+09:00,982.9726579421792,997.2462202549892,971.5538080919313,995.3430786132812,35800,0.0,0.0
2019-04-09 00:00:00+09:00,995.3430258846848,995.3430258846848,959.1833366078033,964.8927612304688,41300,0.0,0.0
2019-04-10 00:00:00+09:00,953.4739292516385,965.8443494914303,943.9582213748757,957.2802124023438,18400,0.0,0.0
2019-04-11 00:00:00+09:00,967.7474711567729,970.6021834610701,945.8613434904938,952.5223388671875,25100,0.0,0.0
2019-04-12 00:00:00+09:00,956.3286503774677,959.1833627666542,942.0550884315353,953.4739379882812,31400,0.0,0.0
2019-04-15 00:00:00+09:00,957.2802014441763,961.0864845513103,946.8129228995581,948.716064453125,26700,0.0,0.0
2019-04-16 00:00:00+09:00,943.9582653239097,952.5224028117274,934.4425570041122,938.2488403320312,31300,0.0,0.0
2019-04-17 00:00:00+09:00,939.2003934618452,945.8613891601562,931.5878269494899,945.8613891601562,33600,0.0,0.0
2019-04-18 00:00:00+09:00,946.8129138221232,955.3770507310669,923.0236446306125,925.8783569335938,55700,0.0,0.0
2019-04-19 00:00:00+09:00,930.63623046875,936.3456551955521,928.7330888931493,930.63623046875,16300,0.0,0.0
2019-04-22 00:00:00+09:00,935.3940371704101,953.473881225586,926.8299005126953,951.5707397460938,40700,0.0,0.0
2019-04-23 00:00:00+09:00,994.3914709535904,1040.0668686624635,907.798529463852,918.2658081054688,447700,0.0,0.0
2019-04-24 00:00:00+09:00,932.539335918143,976.3115904612395,922.0720576578373,960.1348876953125,145900,0.0,0.0
2019-04-25 00:00:00+09:00,957.280228079394,962.0380820956932,932.5393871946383,937.2972412109375,47900,0.0,0.0
2019-04-26 00:00:00+09:00,947.7645425180289,947.7645425180289,904.9438553560698,927.7815551757812,71300,0.0,0.0
2019-05-07 00:00:00+09:00,913.5079900568181,949.6676813299006,913.5079900568181,942.0551147460938,49400,0.0,0.0
2019-05-08 00:00:00+09:00,927.7815245039181,956.3286483348079,920.1689581490142,941.103515625,59800,0.0,0.0
2019-05-09 00:00:00+09:00,936.3456349206349,936.3456349206349,899.234375,899.234375,89500,0.0,0.0
2019-05-10 00:00:00+09:00,899.2343730926514,917.3142176310222,876.3966747283936,913.5079345703125,67800,0.0,0.0
2019-05-13 00:00:00+09:00,903.9922802084667,931.5878340253566,903.9922802084667,929.6846923828125,77800,0.0,0.0
2019-05-14 00:00:00+09:00,901.1375422617543,944.909798802452,877.3482724026795,941.103515625,91100,0.0,0.0
2019-05-15 00:00:00+09:00,942.0550650027386,984.8757497755903,936.3456403663583,977.26318359375,144200,0.0,0.0
2019-05-16 00:00:00+09:00,1027.696397302186,1061.0013731406827,946.812884551551,965.8442993164062,598700,0.0,0.0
2019-05-17 00:00:00+09:00,996.2945990483508,1003.9071652301911,972.5053297300998,977.26318359375,201700,0.0,0.0
2019-05-20 00:00:00+09:00,979.1663227871326,1000.100879736906,947.7644873624723,964.8927612304688,82500,0.0,0.0
2019-05-21 00:00:00+09:00,952.5223415616377,991.5367431640625,924.9267892087032,991.5367431640625,113100,0.0,0.0
2019-05-22 00:00:00+09:00,1011.5196830524048,1035.3089512333174,989.6335563259653,998.1976928710938,142100,0.0,0.0
2019-05-23 00:00:00+09:00,1018.1808040640448,1033.4059375827594,993.4399620961334,1010.5682373046875,109400,0.0,0.0
2019-05-24 00:00:00+09:00,999.1493329040361,1049.5825849458588,988.6820541783748,1047.679443359375,107100,0.0,0.0
2019-05-27 00:00:00+09:00,1056.243613503196,1065.7593217329545,1035.3090553977272,1046.7279052734375,91900,0.0,0.0
2019-05-28 00:00:00+09:00,1035.3089599609375,1043.8730965782613,1013.4228330499985,1035.3089599609375,66800,0.0,0.0
2019-05-29 00:00:00+09:00,1012.4712695497456,1019.1322647441517,984.8757180300626,1004.8587036132812,81300,0.0,0.0
2019-05-30 00:00:00+09:00,1031.5027748775922,1057.1951871669787,1015.326070843534,1032.454345703125,152900,0.0,0.0
2019-05-31 00:00:00+09:00,1022.9386143259125,1056.2435924667561,997.2462026172617,1002.9556274414062,79400,0.0,0.0
2019-06-03 00:00:00+09:00,981.0694731759553,990.5851809662167,951.5707790261448,961.0864868164062,71000,0.0,0.0
2019-06-04 00:00:00+09:00,970.6021968939552,1005.8103158008928,951.5707812685836,1000.1008911132812,49500,0.0,0.0
2019-06-05 00:00:00+09:00,1018.1807010153688,1029.5995499987187,1012.4712765236937,1015.3259887695312,60200,0.0,0.0
2019-06-06 00:00:00+09:00,1022.9385488587552,1042.921534464368,1004.8587047393912,1031.502685546875,74400,0.0,0.0
2019-06-07 00:00:00+09:00,1044.8247608954596,1061.00146484375,1034.3574818700954,1061.00146484375,76900,0.0,0.0
2019-06-10 00:00:00+09:00,1080.0329109909187,1119.9988865518162,1070.5172025240383,1113.337890625,141900,0.0,0.0
2019-06-11 00:00:00+09:00,1114.2894962326752,1141.8850516474895,1096.20964958159,1137.127197265625,109900,0.0,0.0
2019-06-12 00:00:00+09:00,1137.1271193484042,1159.0132480053192,1110.4831366356384,1118.095703125,101400,0.0,0.0
2019-06-13 00:00:00+09:00,1121.9019089942133,1157.1100265792734,1116.1924845209603,1152.3521728515625,76700,0.0,0.0
2019-06-14 00:00:00+09:00,1169.480473516092,1194.2213134765625,1156.158482768146,1194.2213134765625,110000,0.0,0.0
2019-06-17 00:00:00+09:00,1237.0420761775692,1317.9255965430257,1206.5918096870446,1305.55517578125,344800,0.0,0.0
2019-06-18 00:00:00+09:00,1332.1990119086372,1377.8744066026477,1290.3299001057942,1370.2618408203125,475000,0.0,0.0
2019-06-19 00:00:00+09:00,1374.0680826259731,1413.0824810938852,1334.102113463722,1375.0196533203125,269000,0.0,0.0
2019-06-20 00:00:00+09:00,1357.8913637415915,1398.8089030834894,1334.1020966823485,1396.90576171875,162600,0.0,0.0
2019-06-21 00:00:00+09:00,1396.9058136562937,1396.9058136562937,1343.6178534623207,1359.7945556640625,100500,0.0,0.0
2019-06-24 00:00:00+09:00,1347.4242018978152,1360.746192594545,1287.4752437625311,1290.3299560546875,177800,0.0,0.0
2019-06-25 00:00:00+09:00,1270.3469105677907,1286.52361279974,1217.0589502743103,1235.1387939453125,240200,0.0,0.0
2019-06-26 00:00:00+09:00,1256.4845305611543,1280.7409886800954,1244.8414306640625,1244.8414306640625,92400,25.0,0.0
2019-06-27 00:00:00+09:00,1261.335856439934,1270.0681815999028,1206.0311304267984,1233.1983642578125,85500,0.0,0.0
2019-06-28 00:00:00+09:00,1233.1982982845368,1245.8116561741506,1189.5366748204895,1199.2392578125,63100,0.0,0.0
2019-07-01 00:00:00+09:00,1200.2095957999225,1260.3656143444618,1200.2095957999225,1213.793212890625,121800,0.0,0.0
2019-07-02 00:00:00+09:00,1222.5255140367444,1247.7522309930582,1198.2690554249043,1236.109130859375,93800,0.0,0.0
2019-07-03 00:00:00+09:00,1233.1983715586684,1243.8712134840387,1212.8229460647801,1216.7039794921875,52800,0.0,0.0
2019-07-04 00:00:00+09:00,1230.287595107429,1305.9677468569398,1229.317336751666,1301.116455078125,197300,0.0,0.0
2019-07-05 00:00:00+09:00,1288.5030685632564,1329.2539186232389,1275.8897102113572,1282.6815185546875,116000,0.0,0.0
2019-07-08 00:00:00+09:00,1294.3246780075392,1294.3246780075392,1214.7634909036276,1248.7225341796875,121500,0.0,0.0
2019-07-09 00:00:00+09:00,1229.3173065564804,1237.0793732119278,1171.101806640625,1171.101806640625,152700,0.0,0.0
2019-07-10 00:00:00+09:00,1170.1316012254777,1183.7152184868016,1124.5294575624616,1180.804443359375,130500,0.0,0.0
2019-07-11 00:00:00+09:00,1170.1315844107726,1188.5664932862326,1155.577708982778,1186.6259765625,56700,0.0,0.0
2019-07-12 00:00:00+09:00,1188.566483601485,1211.8526840965346,1168.1910581683169,1175.953125,56800,0.0,0.0
2019-07-16 00:00:00+09:00,1174.0125297968493,1197.2987287349686,1168.1909800623193,1174.9827880859375,38800,0.0,0.0
2019-07-17 00:00:00+09:00,1175.9531067502855,1186.6259484782172,1166.2505233612567,1168.1910400390625,30500,0.0,0.0
2019-07-18 00:00:00+09:00,1165.2802806544948,1178.8638975813583,1143.934596912281,1148.785888671875,59500,0.0,0.0
2019-07-19 00:00:00+09:00,1173.042323304487,1197.29878160276,1164.3099983171085,1171.101806640625,62400,0.0,0.0
2019-07-22 00:00:00+09:00,1170.1315567168683,1179.834140105897,1156.547939972228,1168.1910400390625,23500,0.0,0.0
2019-07-23 00:00:00+09:00,1176.9233895607867,1176.9233895607867,1136.1725384795393,1145.8751220703125,44300,0.0,0.0
2019-07-24 00:00:00+09:00,1142.9644068107139,1142.9644068107139,1109.0053624657437,1111.9161376953125,69300,0.0,0.0
2019-07-25 00:00:00+09:00,1107.0647259942416,1140.053508363921,1102.2134344692888,1125.4996337890625,68800,0.0,0.0
2019-07-26 00:00:00+09:00,1125.4996703271154,1147.8156120663598,1109.975536943293,1141.0238037109375,60500,0.0,0.0
2019-07-29 00:00:00+09:00,1160.4289365826232,1163.3397115071616,1144.904803651752,1152.6668701171875,34500,0.0,0.0
2019-07-30 00:00:00+09:00,1163.339765188889,1169.1613153065982,1147.8156315416645,1162.3695068359375,26800,0.0,0.0
2019-07-31 00:00:00+09:00,1163.3397031282798,1168.190994634236,1151.696603513985,1155.57763671875,37500,0.0,0.0
2019-08-01 00:00:00+09:00,1150.7265188961142,1162.3696202677443,1132.2916083910332,1151.69677734375,32400,0.0,0.0
2019-08-02 00:00:00+09:00,1122.5888588740906,1134.2319585339776,1114.8267924341662,1125.4996337890625,58400,0.0,0.0
2019-08-05 00:00:00+09:00,1119.6781417100694,1134.2320170355904,1067.2841905381945,1091.5406494140625,85000,0.0,0.0
2019-08-06 00:00:00+09:00,1033.3251550998068,1085.719106625994,1019.741538037462,1075.0462646484375,100400,0.0,0.0
2019-08-07 00:00:00+09:00,1092.5108230684432,1113.8565052243098,1067.2841077933283,1107.064697265625,58100,0.0,0.0
2019-08-08 00:00:00+09:00,1097.3622362012986,1134.2320549242424,1096.391977813853,1120.6484375,37700,0.0,0.0
2019-08-09 00:00:00+09:00,1135.202349003923,1144.9049331834437,1125.4997648244023,1136.172607421875,27500,0.0,0.0
2019-08-13 00:00:00+09:00,1136.1725052020577,1162.369480129859,1114.8268219275526,1157.5181884765625,106200,0.0,0.0
2019-08-14 00:00:00+09:00,1174.0126495752913,1181.7747166799213,1122.5889550071174,1134.2320556640625,166400,0.0,0.0
2019-08-15 00:00:00+09:00,961.5260299444199,1018.7712728977203,952.7937047481537,993.5445556640625,282900,0.0,0.0
2019-08-16 00:00:00+09:00,983.8420220324971,983.8420220324971,941.15065224016,942.1209106445312,167000,0.0,0.0
2019-08-19 00:00:00+09:00,967.3475724889877,967.3475724889877,905.2510382469665,912.0428466796875,113100,0.0,0.0
2019-08-20 00:00:00+09:00,930.4777389478332,930.4777389478332,911.0725723378681,924.6561889648438,89600,0.0,0.0
2019-08-21 00:00:00+09:00,924.6562031776006,924.6562031776006,880.9945776340622,891.6674194335938,147000,0.0,0.0
2019-08-22 00:00:00+09:00,894.5782475919806,931.4480669070513,888.7566971738115,908.161865234375,129200,0.0,0.0
2019-08-23 00:00:00+09:00,920.7751900073345,930.4777736744297,906.2213145066917,919.804931640625,76800,0.0,0.0
2019-08-26 00:00:00+09:00,890.6972035691889,892.6377203525641,870.32177734375,870.32177734375,112700,0.0,0.0
2019-08-27 00:00:00+09:00,875.1730321539349,877.1135488549413,848.0057983398438,848.0057983398438,64100,0.0,0.0
2019-08-28 00:00:00+09:00,843.154541015625,859.6489336476914,839.2735074551389,843.154541015625,61100,0.0,0.0
2019-08-29 00:00:00+09:00,844.1247134545398,860.6191044070997,843.1544551632127,851.8867797851562,62500,0.0,0.0
2019-08-30 00:00:00+09:00,851.8868419151136,869.3514924327354,844.1247750183927,865.470458984375,29900,0.0,0.0
2019-09-02 00:00:00+09:00,861.589398957159,864.5001739536359,843.1544906461387,860.619140625,48800,0.0,0.0
2019-09-03 00:00:00+09:00,856.7380981445312,871.2919729714486,854.7975815009423,856.7380981445312,31200,0.0,0.0
2019-09-04 00:00:00+09:00,856.7381072963642,862.559657289318,842.1842323139797,860.619140625,34900,0.0,0.0
2019-09-05 00:00:00+09:00,863.5299178472173,892.6376678870113,861.5894011778978,880.9945678710938,64700,0.0,0.0
2019-09-06 00:00:00+09:00,880.9945847877113,884.8756182008731,870.3217429015166,875.1730346679688,38800,0.0,0.0
2019-09-09 00:00:00+09:00,881.9648269403176,887.786376953125,868.3812102437671,887.786376953125,35200,0.0,0.0
2019-09-10 00:00:00+09:00,887.7863747001494,892.6376663651776,866.4406913740256,867.4109497070312,46200,0.0,0.0
2019-09-11 00:00:00+09:00,874.2028112495894,890.697203914676,866.4407441130782,877.1135864257812,42200,0.0,0.0
2019-09-12 00:00:00+09:00,877.1135860855629,880.9946196523133,869.3515189520624,870.32177734375,34700,0.0,0.0
2019-09-13 00:00:00+09:00,870.3217502400026,871.2920086014742,855.767874817929,858.6786499023438,43700,0.0,0.0
2019-09-17 00:00:00+09:00,853.8273586392937,872.2622675190057,848.0058084667531,865.470458984375,34400,0.0,0.0
2019-09-18 00:00:00+09:00,865.4704238720154,873.2324904538273,847.0355157402124,863.5299072265625,89500,0.0,0.0
2019-09-19 00:00:00+09:00,856.7381259554505,880.0243264344209,856.7381259554505,875.1730346679688,37200,0.0,0.0
2019-09-20 00:00:00+09:00,873.2325011938153,885.8458595443926,869.3514678551762,880.9945678710938,37300,0.0,0.0
2019-09-24 00:00:00+09:00,880.9945769728276,900.3997438665023,880.9945769728276,884.8756103515625,50200,0.0,0.0
2019-09-25 00:00:00+09:00,883.9053352705015,892.6376602073121,875.1730103336909,890.6971435546875,29400,0.0,0.0
2019-09-26 00:00:00+09:00,893.6079463734826,911.0725967912053,887.7863962342417,909.132080078125,88500,0.0,0.0
2019-09-27 00:00:00+09:00,908.1618170029277,954.7342178748728,908.1618170029277,952.793701171875,131100,0.0,0.0
2019-09-30 00:00:00+09:00,965.4070808351503,1001.306640625,955.7044971081638,1001.306640625,183600,0.0,0.0
2019-10-01 00:00:00+09:00,1057.5816564394156,1287.5328973349583,1010.0389948196621,1060.492431640625,1191600,0.0,0.0
2019-10-02 00:00:00+09:00,1047.8790430063461,1066.3139520962727,978.0204401392565,1008.0984497070312,297600,0.0,0.0
2019-10-03 00:00:00+09:00,978.9906870727539,984.8122372436524,955.7044863891601,970.2583618164062,150500,0.0,0.0
2019-10-04 00:00:00+09:00,979.9610082323306,1044.968322639822,976.0799745363611,1038.176513671875,121900,0.0,0.0
2019-10-07 00:00:00+09:00,1038.1764406191273,1038.1764406191273,988.693264477468,1000.3363647460938,97900,0.0,0.0
2019-10-08 00:00:00+09:00,1012.9496963233279,1012.9496963233279,989.663496407849,995.4850463867188,56700,0.0,0.0
2019-10-09 00:00:00+09:00,980.931195244832,992.5742954851268,966.3773199444636,973.1691284179688,61000,0.0,0.0
2019-10-10 00:00:00+09:00,978.0204639549027,978.0204639549027,960.5558128128508,972.1989135742188,34500,0.0,0.0
2019-10-11 00:00:00+09:00,972.1988425615698,979.9609091688477,953.7639343692845,961.5260009765625,54900,0.0,0.0
2019-10-15 00:00:00+09:00,972.1988718509674,994.5148140192032,969.2880967855453,993.5445556640625,52200,0.0,0.0
2019-10-16 00:00:00+09:00,1001.3066566581157,1008.0984653757579,974.1394217875467,975.1096801757812,39300,0.0,0.0
2019-10-17 00:00:00+09:00,984.8122123658187,1010.0389291357806,982.8716956912062,985.782470703125,36200,0.0,0.0
2019-10-18 00:00:00+09:00,989.6635228331868,1001.3066231018125,978.020422564561,1000.3363647460938,33500,0.0,0.0
2019-10-21 00:00:00+09:00,1000.3363312733139,1011.9794311523438,985.7824564245267,1011.9794311523438,23500,0.0,0.0
2019-10-23 00:00:00+09:00,1009.0686323329793,1039.1466396429046,1004.2173408313784,1027.5035400390625,74900,0.0,0.0
2019-10-24 00:00:00+09:00,1036.2359257106998,1036.2359257106998,1011.9794667755243,1020.7117919921875,34200,0.0,0.0
2019-10-25 00:00:00+09:00,1025.5630733408827,1025.5630733408827,993.5445478723404,1003.2471313476562,39000,0.0,0.0
2019-10-28 00:00:00+09:00,1005.1876650561618,1018.7712821515154,994.5148230526697,997.4255981445312,22000,0.0,0.0
2019-10-29 00:00:00+09:00,995.4850903888082,1010.0389659792878,994.5148320161095,1001.306640625,20300,0.0,0.0
2019-10-30 00:00:00+09:00,999.3661319859574,1001.3066487470952,981.9014811357174,991.6040649414062,35800,0.0,0.0
2019-10-31 00:00:00+09:00,1006.1579500624887,1015.8605339589446,990.6338158281591,1002.2769165039062,24100,0.0,0.0
2019-11-01 00:00:00+09:00,994.5148324828749,1013.9199999459554,994.5148324828749,1008.0984497070312,18900,0.0,0.0
2019-11-05 00:00:00+09:00,1008.0983986700148,1030.4143401227677,1008.0983986700148,1018.771240234375,54800,0.0,0.0
2019-11-06 00:00:00+09:00,1013.9199276023099,1057.5815512789645,1011.9794109944587,1054.6707763671875,83900,0.0,0.0
2019-11-07 00:00:00+09:00,1058.5519247425739,1109.9756204450089,1045.9385654193352,1098.33251953125,158600,0.0,0.0
2019-11-08 00:00:00+09:00,1103.1838280793663,1108.0351201993283,1038.176513671875,1038.176513671875,115400,0.0,0.0
2019-11-11 00:00:00+09:00,1018.7712226627666,1025.5630308138518,1008.09838128249,1017.8009643554688,71300,0.0,0.0
2019-11-12 00:00:00+09:00,1018.7712235884234,1036.2358731356535,1018.7712235884234,1024.5927734375,36600,0.0,0.0
2019-11-13 00:00:00+09:00,1015.8604806251897,1015.8604806251897,986.7527304640095,999.3660888671875,73700,0.0,0.0
2019-11-14 00:00:00+09:00,992.5743041381836,993.5445625,955.7044863891601,970.2583618164062,84900,0.0,0.0
2019-11-15 00:00:00+09:00,912.0428828064155,958.6152853327005,909.1321076485227,934.3588256835938,153600,0.0,0.0
2019-11-18 00:00:00+09:00,933.3885095251798,965.4070342802015,933.3885095251798,961.5260009765625,48600,0.0,0.0
2019-11-19 00:00:00+09:00,968.3178347958567,968.3178347958567,946.972151062882,952.793701171875,28500,0.0,0.0
2019-11-20 00:00:00+09:00,962.496276173858,963.4665345167751,938.2398176009281,955.7044677734375,36200,0.0,0.0
2019-11-21 00:00:00+09:00,967.3475770709247,967.3475770709247,931.4480180422144,959.5855102539062,31400,0.0,0.0
2019-11-22 00:00:00+09:00,959.5855456029245,970.258387869489,955.7045120514466,968.31787109375,20500,0.0,0.0
2019-11-25 00:00:00+09:00,973.1690982222443,1012.9496894755963,973.1690982222443,1011.9794311523438,60600,0.0,0.0
2019-11-26 00:00:00+09:00,1011.9794135798419,1022.6522549502909,998.3957972901796,1011.0091552734375,39900,0.0,0.0
2019-11-27 00:00:00+09:00,1018.7712680970095,1038.1764351083812,1018.7712680970095,1037.2061767578125,56700,0.0,0.0
2019-11-28 00:00:00+09:00,1038.1764016517548,1068.2544095500766,1026.5333018201463,1048.8492431640625,108800,0.0,0.0
2019-11-29 00:00:00+09:00,1048.8492888853439,1091.5406567955706,1048.8492888853439,1075.0462646484375,93100,0.0,0.0
2019-12-02 00:00:00+09:00,1073.1056897524081,1104.153955640362,1072.1354314434095,1095.421630859375,84700,0.0,0.0
2019-12-03 00:00:00+09:00,1074.0759990234376,1109.0052998046874,1050.7897985026043,1091.5406494140625,69200,0.0,0.0
2019-12-04 00:00:00+09:00,1095.4215943007746,1140.0534750251638,1082.8082367047514,1137.1427001953125,92500,0.0,0.0
2019-12-05 00:00:00+09:00,1148.7858518835617,1159.4586934128854,1113.856552333048,1133.26171875,99700,0.0,0.0
2019-12-06 00:00:00+09:00,1134.2319418643801,1144.9047830624197,1124.5293589570715,1131.3211669921875,35000,0.0,0.0
2019-12-09 00:00:00+09:00,1127.4402514332544,1131.321285001011,1043.027771334551,1049.819580078125,119900,0.0,0.0
2019-12-10 00:00:00+09:00,1049.8194440505897,1069.224609375,1034.2953117910617,1069.224609375,46500,0.0,0.0
2019-12-11 00:00:00+09:00,1067.2841955114295,1072.1354873092087,1037.2061863651982,1047.8790283203125,27100,0.0,0.0
2019-12-12 00:00:00+09:00,1046.9087860683226,1046.9087860683226,1014.8902597103478,1028.473876953125,41200,0.0,0.0
2019-12-13 00:00:00+09:00,1050.7898119233112,1050.7898119233112,1009.0687021239554,1044.96826171875,65300,0.0,0.0
2019-12-16 00:00:00+09:00,1043.0277511405761,1044.9682678868842,1000.336382721799,1008.0984497070312,67500,0.0,0.0
2019-12-17 00:00:00+09:00,1019.7415866780901,1044.9683052828764,1006.1579689678207,1043.998046875,71900,0.0,0.0
2019-12-18 00:00:00+09:00,1061.4626296164772,1077.957021484375,1039.1466876775569,1067.2841796875,53200,0.0,0.0
2019-12-19 00:00:00+09:00,1076.0164878803826,1082.808296189817,1063.403129591433,1073.105712890625,48100,0.0,0.0
2019-12-20 00:00:00+09:00,1069.2247505389114,1130.3510293809727,1066.313975355956,1104.154052734375,82000,0.0,0.0
2019-12-23 00:00:00+09:00,1130.3510287138915,1165.2803308887414,1089.6001761765667,1090.5704345703125,117600,0.0,0.0
2019-12-24 00:00:00+09:00,1088.6298226963852,1114.8267970393463,1074.0759480614067,1095.421630859375,45500,0.0,0.0
2019-12-25 00:00:00+09:00,1130.3508899537187,1142.9642475240175,1107.0646913623973,1123.55908203125,94300,0.0,0.0
2019-12-26 00:00:00+09:00,1114.8268341464247,1136.1725176548855,1099.302700685726,1110.94580078125,79500,0.0,0.0
2019-12-27 00:00:00+09:00,1111.9160915974473,1210.882445299838,1111.9160915974473,1197.298828125,277200,0.0,0.0
2019-12-30 00:00:00+09:00,1182.7449420080193,1188.5664921737684,1150.7264160963994,1173.0423583984375,120800,0.0,0.0
2020-01-06 00:00:00+09:00,1137.142777397676,1152.6669108775077,1118.7078688903757,1124.5294189453125,102100,0.0,0.0
2020-01-07 00:00:00+09:00,1136.1725417454518,1207.0014021616926,1129.3807332123874,1186.6259765625,101700,0.0,0.0
2020-01-08 00:00:00+09:00,1157.5181801071933,1192.4474797583741,1130.3509470451636,1160.428955078125,130800,0.0,0.0
2020-01-09 00:00:00+09:00,1193.417789319048,1270.0682001777511,1186.6259807619479,1240.96044921875,190600,0.0,0.0
2020-01-10 00:00:00+09:00,1237.0793692981854,1246.7819525867988,1203.1203277880393,1214.763427734375,67800,0.0,0.0
2020-01-14 00:00:00+09:00,1218.6445398231745,1252.603583528438,1194.3880800337004,1215.7337646484375,106500,0.0,0.0
2020-01-15 00:00:00+09:00,1212.8229448872228,1221.5552700904109,1187.5962276335686,1203.120361328125,69300,0.0,0.0
2020-01-16 00:00:00+09:00,1203.1203315943455,1203.1203315943455,1171.101806640625,1171.101806640625,62000,0.0,0.0
2020-01-17 00:00:00+09:00,1179.8341331388208,1200.2095581354615,1173.042324806607,1184.6854248046875,45000,0.0,0.0
2020-01-20 00:00:00+09:00,1200.2094974082922,1205.0607888286975,1182.7448482948328,1191.4771728515625,52300,0.0,0.0
2020-01-21 00:00:00+09:00,1190.506990431151,1191.4772487770608,1150.726398248855,1165.2802734375,80600,0.0,0.0
2020-01-22 00:00:00+09:00,1164.3099752286585,1199.2392744855183,1160.4289419778963,1193.417724609375,35000,0.0,0.0
2020-01-23 00:00:00+09:00,1184.6853688175518,1187.5961436795112,1150.7263287613566,1161.399169921875,69900,0.0,0.0
2020-01-24 00:00:00+09:00,1155.577740201795,1163.339807306425,1126.4699885594325,1134.2320556640625,71400,0.0,0.0
2020-01-27 00:00:00+09:00,1114.8268702307414,1133.2617793120155,1100.2729946402617,1126.469970703125,45000,0.0,0.0
2020-01-28 00:00:00+09:00,1115.7970869622263,1149.7561287393376,1114.8268286257376,1141.0238037109375,59700,0.0,0.0
2020-01-29 00:00:00+09:00,1157.5181451335352,1157.5181451335352,1096.391872590859,1101.2431640625,85000,0.0,0.0
2020-01-30 00:00:00+09:00,1096.3918640306417,1125.4996126332253,1040.1168833989805,1046.90869140625,146500,0.0,0.0
2020-01-31 00:00:00+09:00,1065.3436655896776,1101.2432244483462,1065.3436655896776,1094.451416015625,53900,0.0,0.0
2020-02-03 00:00:00+09:00,1028.4738311767578,1097.3621726989745,1028.4738311767578,1086.6893310546875,72600,0.0,0.0
2020-02-04 00:00:00+09:00,1095.4215943007746,1137.1427001953125,1084.7487532579858,1137.1427001953125,45800,0.0,0.0
2020-02-05 00:00:00+09:00,1147.8155748038455,1147.8155748038455,1118.7078256541286,1125.4996337890625,36000,0.0,0.0
2020-02-06 00:00:00+09:00,1144.9049052957491,1144.9049052957491,1100.2730191571013,1104.154052734375,71300,0.0,0.0
2020-02-07 00:00:00+09:00,1105.1243723815535,1121.6187659991888,1072.1355851462833,1083.7786865234375,54900,0.0,0.0
2020-02-10 00:00:00+09:00,1029.4441880792708,1073.105817168401,1021.6821206856478,1051.7601318359375,89400,0.0,0.0
2020-02-12 00:00:00+09:00,1047.8790626097261,1064.3734552619162,1036.2359619140625,1036.2359619140625,47700,0.0,0.0
2020-02-13 00:00:00+09:00,1043.997951567559,1062.4328596342723,1034.295368374552,1048.8492431640625,28800,0.0,0.0
2020-02-14 00:00:00+09:00,1042.0574866164693,1049.8195535558843,1011.0092188588092,1044.96826171875,74000,0.0,0.0
2020-02-17 00:00:00+09:00,1018.771281044864,1037.2061899399616,977.0501714401696,983.8419799804688,105100,0.0,0.0
2020-02-18 00:00:00+09:00,976.0798790270026,1002.2768539114252,970.2583290526865,988.6932373046875,60200,0.0,0.0
2020-02-19 00:00:00+09:00,994.5148315429688,1008.0984487542873,984.8122478205984,994.5148315429688,29500,0.0,0.0
2020-02-20 00:00:00+09:00,1011.0091788728994,1022.6522788215316,982.8716873303714,988.6932373046875,44300,0.0,0.0
2020-02-21 00:00:00+09:00,1010.0390116096518,1093.4812354313906,1006.1579779435244,1068.2545166015625,194600,0.0,0.0
2020-02-25 00:00:00+09:00,980.9311964547036,1016.8307555732239,975.109646327376,986.7527465820312,106300,0.0,0.0
2020-02-26 00:00:00+09:00,968.317849976101,978.9906920099057,910.1023479735298,919.804931640625,181700,0.0,0.0
2020-02-27 00:00:00+09:00,907.1915563539018,916.8941398443178,829.5708884305733,834.4221801757812,201800,0.0,0.0
2020-02-28 00:00:00+09:00,787.8498169732864,819.8683440177672,749.0394811617944,751.9502563476562,213700,0.0,0.0
2020-03-02 00:00:00+09:00,757.7718093617151,829.5709308633373,757.7718093617151,813.0765380859375,116400,0.0,0.0
2020-03-03 00:00:00+09:00,885.8458384834092,885.8458384834092,788.8200073242188,788.8200073242188,117000,0.0,0.0
2020-03-04 00:00:00+09:00,767.474350385969,809.1954591932973,761.6528003198302,793.6713256835938,121400,0.0,0.0
2020-03-05 00:00:00+09:00,820.8386229013801,835.3924991939576,806.2847466088024,814.0468139648438,82700,0.0,0.0
2020-03-06 00:00:00+09:00,784.9389876437891,801.4333792259206,749.039429494444,755.8312377929688,216800,0.0,0.0
2020-03-09 00:00:00+09:00,715.0803918867665,721.8722002221904,619.9950751908328,634.5489501953125,205600,0.0,0.0
2020-03-10 00:00:00+09:00,615.1437941538568,663.656711673877,575.3632017874402,658.805419921875,170500,0.0,0.0
2020-03-11 00:00:00+09:00,649.1028032226562,667.5377109374999,603.5006630859375,606.4114379882812,167800,0.0,0.0
2020-03-12 00:00:00+09:00,613.2032487540409,624.8463484139278,558.8687836745689,562.7498168945312,166000,0.0,0.0
2020-03-13 00:00:00+09:00,489.9804727172851,507.4451232299805,465.724013671875,485.1291809082031,298100,0.0,0.0
2020-03-16 00:00:00+09:00,492.89123855098603,525.8800222335324,470.57529664808703,481.2481384277344,100900,0.0,0.0
2020-03-17 00:00:00+09:00,457.9619331124872,507.4451080886246,457.9619331124872,472.51580810546875,205700,0.0,0.0
2020-03-18 00:00:00+09:00,485.1291560325302,503.56406396176635,459.90243991883864,461.84295654296875,164500,0.0,0.0
2020-03-19 00:00:00+09:00,465.7240112888756,466.69426964572745,399.74644302295155,405.5679931640625,244600,0.0,0.0
2020-03-23 00:00:00+09:00,405.5679986487885,435.646008117957,390.04386472921766,421.0921325683594,146400,0.0,0.0
2020-03-24 00:00:00+09:00,456.02143105829737,498.7127990722656,441.46755559899,498.7127990722656,157700,0.0,0.0
2020-03-25 00:00:00+09:00,576.3334604116586,576.3334604116586,544.3149348332332,567.6011352539062,170600,0.0,0.0
2020-03-26 00:00:00+09:00,572.4524198365443,615.1437867396087,499.68304443359375,499.68304443359375,388600,0.0,0.0
2020-03-27 00:00:00+09:00,516.1774552255306,529.7610724683077,489.9804791144605,514.2369384765625,120300,0.0,0.0
2020-03-30 00:00:00+09:00,486.0994269904189,496.7722687007874,474.45632694274417,492.8912353515625,105100,0.0,0.0
2020-03-31 00:00:00+09:00,495.80200358072915,521.0287200055803,481.24812872023807,509.3856201171875,131400,0.0,0.0
2020-04-01 00:00:00+09:00,503.56408570544556,517.1477026608911,484.1589186262376,489.98046875,93000,0.0,0.0
2020-04-02 00:00:00+09:00,477.3671232398942,499.6830659929787,473.48608971761865,495.8020324707031,97600,0.0,0.0
2020-04-03 00:00:00+09:00,489.01021321614587,502.5938302499277,465.72401258680554,471.5455627441406,81300,0.0,0.0
2020-04-06 00:00:00+09:00,472.5158139905683,493.8614975794646,456.02142212642116,488.0399475097656,106500,0.0,0.0
2020-04-07 00:00:00+09:00,499.68306330107225,532.6718480626964,495.8020297997047,521.0287475585938,108000,0.0,0.0
2020-04-08 00:00:00+09:00,521.0287396362975,540.4339068480776,496.77228062157224,530.7313232421875,87900,0.0,0.0
2020-04-09 00:00:00+09:00,530.7313585727633,570.511954005091,523.9395495965122,559.839111328125,151800,0.0,0.0
2020-04-10 00:00:00+09:00,557.8985600946695,569.5416604792539,537.5231344216468,564.6903686523438,83200,0.0,0.0
2020-04-13 00:00:00+09:00,559.8390768254336,568.5714021138718,540.4339095177929,564.6903686523438,54700,0.0,0.0
2020-04-14 00:00:00+09:00,562.7498699552449,592.8278802459563,548.1959940081265,579.2442626953125,66100,0.0,0.0
2020-04-15 00:00:00+09:00,577.3036840406514,591.857558428231,564.6903262380827,572.452392578125,63900,0.0,0.0
2020-04-16 00:00:00+09:00,562.7498351635577,580.2144852203577,555.9580268081354,570.5119018554688,50900,0.0,0.0
2020-04-17 00:00:00+09:00,570.5119283074673,595.7386462258247,570.5119283074673,575.3632202148438,62200,0.0,0.0
2020-04-20 00:00:00+09:00,577.3037396487417,635.5192428065981,576.3334812627775,622.9058837890625,94700,0.0,0.0
2020-04-21 00:00:00+09:00,613.2032869214454,615.1438036522095,561.7795935561976,564.6903686523438,108100,0.0,0.0
2020-04-22 00:00:00+09:00,542.3743876325975,552.0769705956136,527.8205131880734,528.790771484375,53400,0.0,0.0
2020-04-23 00:00:00+09:00,548.1959594096251,564.6903511086758,542.3744093981954,563.7200927734375,45900,0.0,0.0
2020-04-24 00:00:00+09:00,566.6309111362633,566.6309111362633,544.3149677182255,549.166259765625,29900,0.0,0.0
2020-04-27 00:00:00+09:00,549.1662524046011,580.214521091787,549.1662524046011,579.2442626953125,29500,0.0,0.0
2020-04-28 00:00:00+09:00,590.8873726694208,598.6494399622867,573.4227212604724,589.9171142578125,39400,0.0,0.0
2020-04-30 00:00:00+09:00,609.3222297335673,611.2627463887698,598.6493881299539,600.5899047851562,26900,0.0,0.0
2020-05-01 00:00:00+09:00,591.8575959158416,592.827854269802,571.4821704826733,587.9765625,40700,0.0,0.0
2020-05-07 00:00:00+09:00,578.2739795479456,609.3222469062246,578.2739795479456,594.7683715820312,45600,0.0,0.0
2020-05-08 00:00:00+09:00,618.0545667422715,644.2515420986944,602.5304331977246,631.63818359375,94500,0.0,0.0
2020-05-11 00:00:00+09:00,631.6382053195605,705.3778421925045,631.6382053195605,700.5265502929688,126100,0.0,0.0
2020-05-12 00:00:00+09:00,688.8834484497593,711.1993911460191,676.270089534482,680.151123046875,65300,0.0,0.0
2020-05-13 00:00:00+09:00,687.9131723458426,716.0506645856584,670.4485219900948,679.1808471679688,97300,0.0,0.0
2020-05-14 00:00:00+09:00,679.1808628575409,679.1808628575409,642.3110445881315,652.98388671875,59800,0.0,0.0
2020-05-15 00:00:00+09:00,662.6864629330843,698.5860224184783,649.1028458305027,669.478271484375,80600,0.0,0.0
2020-05-18 00:00:00+09:00,572.452392578125,572.452392578125,572.452392578125,572.452392578125,12800,0.0,0.0
2020-05-19 00:00:00+09:00,543.3446936261594,587.0063207925472,536.5528849558324,575.3632202148438,272900,0.0,0.0
2020-05-20 00:00:00+09:00,585.0658394949777,591.857648577009,571.4822213309152,590.8873901367188,59400,0.0,0.0
2020-05-21 00:00:00+09:00,599.6196534419772,599.6196534419772,577.3037116472111,584.0955200195312,56800,0.0,0.0
2020-05-22 00:00:00+09:00,585.0658219983296,593.7981476997973,577.3037547081361,583.1253051757812,67000,0.0,0.0
2020-05-25 00:00:00+09:00,595.738639440292,607.3817398853791,577.3037304022373,605.4412231445312,134300,0.0,0.0
2020-05-26 00:00:00+09:00,603.5006763504213,651.0433341336537,602.5304180283144,644.2515258789062,128500,0.0,0.0
2020-05-27 00:00:00+09:00,641.340741706617,645.2217749393348,615.1437673857718,640.3704833984375,52100,0.0,0.0
2020-05-28 00:00:00+09:00,642.3110417337311,644.2515584761292,608.3519987417666,612.2330322265625,58800,0.0,0.0
2020-05-29 00:00:00+09:00,612.2330497065677,626.7869256900835,602.5304657175571,613.2033081054688,46600,0.0,0.0
2020-06-01 00:00:00+09:00,622.9058834045891,634.5489840289739,604.4709740826464,616.1140747070312,51900,0.0,0.0
2020-06-02 00:00:00+09:00,617.0843254978671,655.8946604348399,616.1140671244428,632.6084594726562,66300,0.0,0.0
2020-06-03 00:00:00+09:00,633.5787082142466,649.1028419530336,612.2330243234144,621.9356079101562,57200,0.0,0.0
2020-06-04 00:00:00+09:00,631.638226779002,631.638226779002,589.9171150255503,617.0843505859375,82800,0.0,0.0
2020-06-05 00:00:00+09:00,619.9950827841433,626.786891202749,611.2627576745075,624.8463745117188,35200,0.0,0.0
2020-06-08 00:00:00+09:00,637.4597449463248,662.6864624023438,628.7274196730874,662.6864624023438,113200,0.0,0.0
2020-06-09 00:00:00+09:00,662.6864624023438,662.6864624023438,636.4894865826318,662.6864624023438,49200,0.0,0.0
2020-06-10 00:00:00+09:00,659.7756698474157,663.6567031994593,638.4299864111758,661.7161865234375,52300,0.0,0.0
2020-06-11 00:00:00+09:00,658.805434044114,658.805434044114,612.2330322265625,612.2330322265625,83300,0.0,0.0
2020-06-12 00:00:00+09:00,577.303704155816,607.3817122714971,562.7498292611316,593.798095703125,90900,0.0,0.0
2020-06-15 00:00:00+09:00,595.7385915982521,600.5898830607786,572.452392578125,572.452392578125,115500,0.0,0.0
2020-06-16 00:00:00+09:00,582.1550308519109,619.995107857285,582.1550308519109,609.322265625,81600,0.0,0.0
2020-06-17 00:00:00+09:00,619.0248498631274,620.9653666338583,597.6791653850886,616.1140747070312,63400,0.0,0.0
2020-06-18 00:00:00+09:00,616.1140487407403,618.0545654296875,597.6791401957418,618.0545654296875,46200,0.0,0.0
2020-06-19 00:00:00+09:00,613.203266126111,628.7273994457593,611.2627494611548,627.7571411132812,56300,0.0,0.0
2020-06-22 00:00:00+09:00,620.9653327859351,629.6976577782374,609.3222327961988,627.7571411132812,46600,0.0,0.0
2020-06-23 00:00:00+09:00,627.7571244758267,634.5489326231694,613.2032498743779,633.5786743164062,55100,0.0,0.0
2020-06-24 00:00:00+09:00,633.5786835134846,651.0433332887415,626.7868752675514,637.459716796875,52100,0.0,0.0
2020-06-25 00:00:00+09:00,623.8761321825858,625.8166489234337,601.5601896628356,605.4412231445312,48400,0.0,0.0
2020-06-26 00:00:00+09:00,609.3222469062246,619.0248304556867,585.0657880325691,594.7683715820312,34500,0.0,0.0
2020-06-29 00:00:00+09:00,589.4437272027628,611.0566638668641,569.7956029626707,593.3733520507812,73600,7.58,0.0
2020-06-30 00:00:00+09:00,596.3205616693697,626.775153780985,596.3205616693697,608.1094360351562,70200,0.0,0.0
2020-07-01 00:00:00+09:00,616.9511044570824,622.8455417608125,597.3029801113154,601.2326049804688,27200,0.0,0.0
2020-07-02 00:00:00+09:00,602.2150222854488,612.0390846392081,580.6020851071781,590.4261474609375,68300,0.0,0.0
2020-07-03 00:00:00+09:00,591.4085064636026,602.2149741896817,585.5140695221049,587.4788818359375,38800,0.0,0.0
2020-07-06 00:00:00+09:00,587.4789240162843,627.7575793418155,585.5141115613803,616.9511108398438,46300,0.0,0.0
2020-07-07 00:00:00+09:00,621.8631261798183,630.7047820022802,601.2325959274074,615.9686889648438,27800,0.0,0.0
2020-07-08 00:00:00+09:00,621.8630944335937,621.8630944335937,605.16218984375,614.0038452148438,17100,0.0,0.0
2020-07-09 00:00:00+09:00,611.0566352218879,611.0566352218879,599.2677612304688,599.2677612304688,21200,0.0,0.0
2020-07-10 00:00:00+09:00,607.1270518854036,607.1270518854036,585.5141147632695,586.4965209960938,29100,0.0,0.0
2020-07-13 00:00:00+09:00,584.5317182508121,590.4261557457783,554.0771245268203,571.7604370117188,96500,0.0,0.0
2020-07-14 00:00:00+09:00,571.7604355333585,575.6900605198422,565.8659980536332,567.830810546875,25800,0.0,0.0
2020-07-15 00:00:00+09:00,666.0714111328125,666.0714111328125,666.0714111328125,666.0714111328125,10800,0.0,0.0
2020-07-16 00:00:00+09:00,675.8954446143105,676.8778507838081,625.7927299699357,637.5816040039062,256500,0.0,0.0
2020-07-17 00:00:00+09:00,631.6871830141641,642.4936511528201,603.1974033758893,604.1798095703125,67200,0.0,0.0
2020-07-20 00:00:00+09:00,604.1798078721166,605.1622140637786,583.5492778472151,600.2501831054688,44200,0.0,0.0
2020-07-21 00:00:00+09:00,604.1797890655661,627.7575369315394,597.3029459379906,625.792724609375,44600,0.0,0.0
2020-07-22 00:00:00+09:00,633.6519862583706,634.634392438616,614.9862688337054,618.9158935546875,41400,0.0,0.0
2020-07-27 00:00:00+09:00,604.1798252254338,613.0214812043425,601.2326065657975,605.1622314453125,17100,0.0,0.0
2020-07-28 00:00:00+09:00,605.1622105941645,610.074241524312,590.4261178037223,592.3909301757812,26800,0.0,0.0
2020-07-29 00:00:00+09:00,589.4437013309242,604.1797938641973,584.5316704864999,603.1973876953125,33400,0.0,0.0
2020-07-30 00:00:00+09:00,601.2325680327655,606.1445988173468,587.4788818359375,587.4788818359375,36700,0.0,0.0
2020-07-31 00:00:00+09:00,587.4789225260416,587.4789225260416,564.8835793519631,574.7076416015625,49300,0.0,0.0
2020-08-03 00:00:00+09:00,574.7076506215363,617.9335251981989,574.7076506215363,598.285400390625,58800,0.0,0.0
2020-08-04 00:00:00+09:00,598.285400390625,606.1446503136546,573.7252443811576,598.285400390625,36600,0.0,0.0
2020-08-05 00:00:00+09:00,608.1094255719867,631.6871738978795,601.2325823102678,618.9158935546875,55200,0.0,0.0
2020-08-06 00:00:00+09:00,618.9159007470463,619.8983069387083,598.2853707221448,600.2501831054688,24400,0.0,0.0
2020-08-07 00:00:00+09:00,607.1270595655642,609.0918720560677,599.2678096035504,606.1446533203125,18500,0.0,0.0
2020-08-11 00:00:00+09:00,614.9862688337054,623.8279244559152,614.9862688337054,618.9158935546875,27600,0.0,0.0
2020-08-12 00:00:00+09:00,616.9511235186443,635.6168422238262,606.1446547945916,610.0742797851562,33300,0.0,0.0
2020-08-13 00:00:00+09:00,617.9335013698353,623.8279385848099,607.127033142382,615.9686889648438,26900,0.0,0.0
2020-08-14 00:00:00+09:00,622.8455101461972,680.8074740241556,614.0038546393899,668.0361938476562,219000,0.0,0.0
2020-08-17 00:00:00+09:00,714.209302292427,717.1565208713504,646.4232749771897,672.9482421875,243800,0.0,0.0
2020-08-18 00:00:00+09:00,666.0714111328125,672.9482546105849,645.4408806994953,666.0714111328125,77600,0.0,0.0
2020-08-19 00:00:00+09:00,677.8602674626446,764.31201171875,672.9482365390022,764.31201171875,231800,0.0,0.0
2020-08-20 00:00:00+09:00,756.4527641817269,776.1008879267068,718.138922879016,733.857421875,227700,0.0,0.0
2020-08-21 00:00:00+09:00,736.8046729573274,818.3443900979382,736.8046729573274,816.3795776367188,366100,0.0,0.0
2020-08-24 00:00:00+09:00,844.8693205180921,849.7813514513368,779.0481060126128,802.6258544921875,251900,0.0,0.0
2020-08-25 00:00:00+09:00,800.661025981439,809.5026814830745,757.4351546401098,767.2592163085938,136500,0.0,0.0
2020-08-26 00:00:00+09:00,781.9953282609771,801.6434520866297,761.3647982440417,776.1008911132812,108800,0.0,0.0
2020-08-27 00:00:00+09:00,786.9073911872043,786.9073911872043,737.7870796274537,739.7518920898438,82700,0.0,0.0
2020-08-28 00:00:00+09:00,737.7870749449119,770.2064803685897,711.2621068709936,727.9630126953125,120000,0.0,0.0
2020-08-31 00:00:00+09:00,720.1037689571809,761.3648307528174,720.1037689571809,743.6815185546875,68700,0.0,0.0
2020-09-01 00:00:00+09:00,740.7342759837276,740.7342759837276,716.1741209444792,723.0509643554688,38400,0.0,0.0
2020-09-02 00:00:00+09:00,735.8222706126375,735.8222706126375,687.6843650585396,709.2973022460938,81800,0.0,0.0
2020-09-03 00:00:00+09:00,720.1037248160335,730.910192719139,701.4380075288511,710.2796630859375,60900,0.0,0.0
2020-09-04 00:00:00+09:00,687.684343486813,700.455624151568,681.789906256926,692.5963745117188,80200,0.0,0.0
2020-09-07 00:00:00+09:00,695.5435683936404,695.5435683936404,659.1945401018824,671.9658203125,134700,0.0,0.0
2020-09-08 00:00:00+09:00,673.9306329931436,706.3500366210938,666.0713836287921,706.3500366210938,50800,0.0,0.0
2020-09-09 00:00:00+09:00,691.613961066989,727.9629902707937,691.613961066989,711.2620849609375,63500,0.0,0.0
2020-09-10 00:00:00+09:00,723.0509879874652,723.0509879874652,702.4204570802141,705.36767578125,41000,0.0,0.0
2020-09-11 00:00:00+09:00,707.3324741569869,714.2093176557354,695.5435995877037,708.3148803710938,23800,0.0,0.0
2020-09-14 00:00:00+09:00,712.2445239759471,726.9806175754495,705.3676802961794,717.1565551757812,37600,0.0,0.0
2020-09-15 00:00:00+09:00,712.2444823888384,725.9981689453125,697.508389649759,725.9981689453125,49800,0.0,0.0
2020-09-16 00:00:00+09:00,722.0685581538988,735.8222449758779,714.2093085413394,723.0509643554688,32700,0.0,0.0
2020-09-17 00:00:00+09:00,723.0509752155173,728.9454125134698,705.3676633216595,712.2445068359375,31500,0.0,0.0
2020-09-18 00:00:00+09:00,723.0509830397002,770.2064819335938,723.0509830397002,770.2064819335938,106200,0.0,0.0
2020-09-23 00:00:00+09:00,793.7842237603919,831.115660026351,779.0481304975133,827.18603515625,287000,0.0,0.0
2020-09-24 00:00:00+09:00,813.4323263820214,819.3267635297171,763.3296106266071,776.1008911132812,181800,0.0,0.0
2020-09-25 00:00:00+09:00,787.889753047316,801.6434395094886,767.2592233540572,782.9777221679688,57300,0.0,0.0
2020-09-28 00:00:00+09:00,794.7665889803487,794.7665889803487,751.5407176390195,767.2592163085938,62800,0.0,0.0
2020-09-29 00:00:00+09:00,783.9601300986072,813.4323154406601,775.1184744959913,786.9073486328125,94300,0.0,0.0
2020-09-30 00:00:00+09:00,796.7314563751221,797.7138626098632,772.1713005065918,785.9249877929688,53500,0.0,0.0
2020-10-02 00:00:00+09:00,799.6786290218955,879.2535294528213,790.8369734184594,821.2915649414062,411600,0.0,0.0
2020-10-05 00:00:00+09:00,832.098065305485,912.6553750517066,828.1684404398156,899.8840942382812,305400,0.0,0.0
2020-10-06 00:00:00+09:00,903.8137332711528,908.7257644302351,853.7110154485129,896.9368896484375,245400,0.0,0.0
2020-10-07 00:00:00+09:00,906.7609092343238,991.2478411889845,895.9544411936114,974.5469360351562,340600,0.0,0.0
2020-10-08 00:00:00+09:00,974.5469437133529,992.2302551920226,906.7609163784524,921.4970092773438,375100,0.0,0.0
2020-10-09 00:00:00+09:00,950.9692178296793,977.4941856823667,919.532218893161,938.1979370117188,275900,0.0,0.0
2020-10-12 00:00:00+09:00,960.7932656433488,992.2302641102069,936.233110591116,941.1451416015625,295100,0.0,0.0
2020-10-13 00:00:00+09:00,933.2858893389259,946.0571699298796,893.0072351674564,898.9016723632812,231800,0.0,0.0
2020-10-14 00:00:00+09:00,896.9368674414499,908.7257419313704,876.306337084089,880.2359619140625,124300,0.0,0.0
2020-10-15 00:00:00+09:00,884.165565775853,890.0600028810253,855.6757864341865,867.4646606445312,97700,0.0,0.0
2020-10-16 00:00:00+09:00,858.6230051292564,859.6054113136148,815.397133017486,833.0804443359375,175200,0.0,0.0
2020-10-19 00:00:00+09:00,847.8165706279964,891.0424444491225,828.1684461638481,877.2887573242188,95600,0.0,0.0
2020-10-20 00:00:00+09:00,862.5526348092702,902.8312885987692,859.6054162393069,879.2535400390625,77200,0.0,0.0
2020-10-21 00:00:00+09:00,883.1831811915107,938.1979288519385,883.1831811915107,918.5498046875,138800,0.0,0.0
2020-10-22 00:00:00+09:00,908.7257515152792,922.4794385652402,856.6582219689983,865.4998779296875,114400,0.0,0.0
2020-10-23 00:00:00+09:00,880.2359411851415,884.1655659225752,784.942541302375,833.0804443359375,138400,0.0,0.0
2020-10-26 00:00:00+09:00,835.0452832788727,845.851751650717,818.3443776132953,823.2564086914062,45700,0.0,0.0
2020-10-27 00:00:00+09:00,793.7842159224833,821.2915897415793,783.9601538442347,807.5379028320312,62200,0.0,0.0
2020-10-28 00:00:00+09:00,801.6434732059465,808.5203167260955,781.9953488626635,788.8721923828125,34300,0.0,0.0
2020-10-29 00:00:00+09:00,767.2592586794852,801.6434764180025,761.3648213528822,796.7314453125,36000,0.0,0.0
2020-10-30 00:00:00+09:00,789.8545817803899,799.6786437428326,741.7166781644208,749.575927734375,69200,0.0,0.0
2020-11-02 00:00:00+09:00,748.593504087906,773.1536584214988,744.6638793945312,744.6638793945312,37300,0.0,0.0
2020-11-04 00:00:00+09:00,774.1360862957655,835.0452707505085,762.34721188517,830.1332397460938,173300,0.0,0.0
2020-11-05 00:00:00+09:00,834.062853946864,851.7461653379636,811.4675116137923,840.939697265625,125300,0.0,0.0
2020-11-06 00:00:00+09:00,840.9397039850918,861.5702341062214,816.3795490789851,856.658203125,98500,0.0,0.0
2020-11-09 00:00:00+09:00,864.5174492730034,864.5174492730034,828.168420155843,848.7989501953125,93500,0.0,0.0
2020-11-10 00:00:00+09:00,848.7989830280172,854.6934204101562,818.3443898869657,854.6934204101562,96900,0.0,0.0
2020-11-11 00:00:00+09:00,854.6933885745432,891.0424177438053,850.7637637994878,887.11279296875,64800,0.0,0.0
2020-11-12 00:00:00+09:00,893.0072323860378,893.9896385822822,842.9045163775803,856.658203125,71500,0.0,0.0
2020-11-13 00:00:00+09:00,854.6933839031469,854.6933839031469,821.2915734977365,840.939697265625,71500,0.0,0.0
2020-11-16 00:00:00+09:00,860.5878323557874,988.3006385273084,860.5878323557874,975.5293579101562,444100,0.0,0.0
2020-11-17 00:00:00+09:00,961.7756875743037,988.3006554645041,892.0248460852581,903.813720703125,243800,0.0,0.0
2020-11-18 00:00:00+09:00,893.9896380204744,934.2682920411771,890.0600132379669,891.0424194335938,92100,0.0,0.0
2020-11-19 00:00:00+09:00,891.0424362829324,892.0248424971363,844.8693442153494,857.640625,101200,0.0,0.0
2020-11-20 00:00:00+09:00,867.4646844104327,895.9544645326328,854.6934036659983,888.09521484375,65500,0.0,0.0
2020-11-24 00:00:00+09:00,894.972066309545,929.3562840053014,885.1480041107575,907.7433471679688,69100,0.0,0.0
2020-11-25 00:00:00+09:00,923.4618434322973,923.4618434322973,885.1480009920211,899.8840942382812,59600,0.0,0.0
2020-11-26 00:00:00+09:00,895.9544537653688,905.7785157584102,888.0952041709359,898.9016723632812,21100,0.0,0.0
2020-11-27 00:00:00+09:00,899.8840542270755,916.5849591636041,886.1303678087577,912.6553344726562,42900,0.0,0.0
2020-11-30 00:00:00+09:00,913.6377955893175,913.6377955893175,891.0424522575387,896.9368896484375,38400,0.0,0.0
2020-12-01 00:00:00+09:00,896.9368755890292,917.5674061337933,893.0072507233599,899.8840942382812,35000,0.0,0.0
2020-12-02 00:00:00+09:00,916.5849729412924,949.9867833164307,912.6553481912762,944.0923461914062,72200,0.0,0.0
2020-12-03 00:00:00+09:00,952.9339966888762,952.9339966888762,889.0775948488999,897.9192504882812,104600,0.0,0.0
2020-12-04 00:00:00+09:00,886.1304213744279,897.919296159897,836.0277035361842,858.623046875,102700,0.0,0.0
2020-12-07 00:00:00+09:00,859.6054169625947,860.5878231534091,805.573076467803,810.485107421875,94700,0.0,0.0
2020-12-08 00:00:00+09:00,806.5555061358368,839.9573175957862,803.608287477606,831.1156616210938,41000,0.0,0.0
2020-12-09 00:00:00+09:00,831.1156663161058,856.6582281650641,829.1508538661859,842.904541015625,43600,0.0,0.0
2020-12-10 00:00:00+09:00,844.8693077309617,845.851713902742,804.590654687974,809.502685546875,81900,0.0,0.0
2020-12-11 00:00:00+09:00,815.3971744578274,829.150861737839,810.4851432863948,824.2388305664062,27900,0.0,0.0
2020-12-14 00:00:00+09:00,829.1508491822732,842.9045362540171,816.3795683299396,831.1156616210938,39500,0.0,0.0
2020-12-15 00:00:00+09:00,839.9573175957862,839.9573175957862,815.3971621105293,831.1156616210938,27200,0.0,0.0
2020-12-16 00:00:00+09:00,831.1156632008272,842.9045378561581,823.2564134306066,835.0452880859375,37100,0.0,0.0
2020-12-17 00:00:00+09:00,835.0452991435582,842.9045490178505,821.2916118635467,824.2388305664062,37800,0.0,0.0
2020-12-18 00:00:00+09:00,825.2212162341102,825.2212162341102,799.6786547792449,811.467529296875,51500,0.0,0.0
2020-12-21 00:00:00+09:00,825.221208741679,850.7637699646357,822.2739901390302,830.1332397460938,74200,0.0,0.0
2020-12-22 00:00:00+09:00,816.3795431588443,826.2036050500458,766.2768275137166,772.1712646484375,95900,0.0,0.0
2020-12-23 00:00:00+09:00,764.3120134358516,783.9601371745624,761.3647948750449,768.2416381835938,44100,0.0,0.0
2020-12-24 00:00:00+09:00,768.2416740685851,791.8194236563678,768.2416740685851,781.995361328125,28600,0.0,0.0
2020-12-25 00:00:00+09:00,781.9953440438329,787.889781310495,769.2240632993985,777.0833129882812,19500,0.0,0.0
2020-12-28 00:00:00+09:00,785.9249638960206,786.9073701008906,747.6111219060896,765.29443359375,68000,0.0,0.0
2020-12-29 00:00:00+09:00,765.2944246767751,787.8897671255116,760.3823937096583,780.030517578125,31400,0.0,0.0
2020-12-30 00:00:00+09:00,776.1008894049181,779.0481079722786,761.3647965681159,772.1712646484375,23500,0.0,0.0
2021-01-04 00:00:00+09:00,766.2768347788665,771.1888657710386,742.6990860164399,753.5055541992188,48700,0.0,0.0
2021-01-05 00:00:00+09:00,764.3120333555514,764.3120333555514,737.7870656169912,742.6990966796875,27700,0.0,0.0
2021-01-06 00:00:00+09:00,749.575927734375,760.3823958930619,742.6990843606651,749.575927734375,29500,0.0,0.0
2021-01-07 00:00:00+09:00,756.4527744634606,770.2064612718872,753.5055558616549,757.4351806640625,24600,0.0,0.0
2021-01-08 00:00:00+09:00,757.4351581529972,776.1008754096858,754.4879396387832,775.1184692382812,31200,0.0,0.0
2021-01-12 00:00:00+09:00,776.100887452666,802.6258544921875,766.2768255861765,802.6258544921875,36600,0.0,0.0
2021-01-13 00:00:00+09:00,800.6610813140869,802.6258937835693,779.0481441497802,785.9249877929688,35200,0.0,0.0
2021-01-14 00:00:00+09:00,793.7841990439179,793.7841990439179,768.2416381835938,768.2416381835938,34100,0.0,0.0
2021-01-15 00:00:00+09:00,768.2416679186699,772.1712928185096,760.3824181189904,766.27685546875,25800,0.0,0.0
2021-01-18 00:00:00+09:00,764.3120290237368,774.1360910934507,754.487966954023,769.2240600585938,22800,0.0,0.0
2021-01-19 00:00:00+09:00,770.2064573053729,797.7138307805646,768.2416449142877,783.9601440429688,60400,0.0,0.0
2021-01-20 00:00:00+09:00,794.7666454410078,805.5731140440375,778.0657394181436,789.8546142578125,44300,0.0,0.0
2021-01-21 00:00:00+09:00,792.8017788770723,808.520277590868,792.8017788770723,805.5730590820312,39200,0.0,0.0
2021-01-22 00:00:00+09:00,820.3091673093421,850.7637591495692,820.3091673093421,840.939697265625,147100,0.0,0.0
2021-01-25 00:00:00+09:00,828.168447641226,842.904541015625,825.2212289663462,842.904541015625,65300,0.0,0.0
2021-01-26 00:00:00+09:00,841.922121800753,841.922121800753,810.4851230870726,811.467529296875,44500,0.0,0.0
2021-01-27 00:00:00+09:00,816.3795445667614,821.2915755208334,804.5906702769887,810.485107421875,27000,0.0,0.0
2021-01-28 00:00:00+09:00,796.7314421201257,806.5555042917672,781.0129426454994,788.8721923828125,50700,0.0,0.0
2021-01-29 00:00:00+09:00,805.5730980746031,806.5555042917672,773.1536929081861,788.8721923828125,59800,0.0,0.0
2021-02-01 00:00:00+09:00,781.9953110113377,809.5026837604802,778.0656863328887,805.5730590820312,58100,0.0,0.0
2021-02-02 00:00:00+09:00,814.4147097043436,830.1332083234867,800.6610234125936,828.1683959960938,29700,0.0,0.0
2021-02-03 00:00:00+09:00,828.1684354396224,856.6582155437138,828.1684354396224,849.7813720703125,47800,0.0,0.0
2021-02-04 00:00:00+09:00,857.6405988025773,868.4470668287266,847.8165369606235,867.4646606445312,75400,0.0,0.0
2021-02-05 00:00:00+09:00,867.4646844104327,896.936870743743,844.8693415548948,888.09521484375,119000,0.0,0.0
2021-02-08 00:00:00+09:00,901.8488824087814,901.8488824087814,872.3766967091481,879.2535400390625,118500,0.0,0.0
2021-02-09 00:00:00+09:00,874.3415146573968,874.3415146573968,845.8517349663131,856.658203125,65200,0.0,0.0
2021-02-10 00:00:00+09:00,871.3942700701166,901.8488612450586,867.4646454023821,900.866455078125,107800,0.0,0.0
2021-02-12 00:00:00+09:00,903.8136806672026,927.3914288585208,880.2359324758842,916.5849609375,134300,0.0,0.0
2021-02-15 00:00:00+09:00,825.2211895774813,825.2211895774813,769.2240374275808,786.9073486328125,426100,0.0,0.0
2021-02-16 00:00:00+09:00,801.643455562735,802.6258617582776,779.048113065256,783.9601440429688,132200,0.0,0.0
2021-02-17 00:00:00+09:00,785.9249705188679,785.9249705188679,768.2416586821934,781.012939453125,80300,0.0,0.0
2021-02-18 00:00:00+09:00,781.0129328716705,787.8897763057606,761.3648087742699,765.29443359375,112500,0.0,0.0
2021-02-19 00:00:00+09:00,757.4351546401098,768.2416224754421,742.699062137384,767.2592163085938,95200,0.0,0.0
2021-02-22 00:00:00+09:00,766.2768171781877,782.9777221679688,756.452755419493,782.9777221679688,86100,0.0,0.0
2021-02-24 00:00:00+09:00,782.9777469561932,802.6258710956208,767.259247644651,769.2240600585938,82100,0.0,0.0
2021-02-25 00:00:00+09:00,776.1009035073935,786.9073717840787,768.2416538516223,769.2240600585938,51200,0.0,0.0
2021-02-26 00:00:00+09:00,756.4527430738988,769.2240231517698,745.6462753157002,755.4703369140625,74300,0.0,0.0
2021-03-01 00:00:00+09:00,757.4351994441106,767.25926169371,742.6991060697115,766.27685546875,34800,0.0,0.0
2021-03-02 00:00:00+09:00,772.171257672991,773.1536638532366,747.6111031668527,756.4527587890625,32800,0.0,0.0
2021-03-03 00:00:00+09:00,758.4175608069581,770.2064348091388,755.470342306413,767.2592163085938,26500,0.0,0.0
2021-03-04 00:00:00+09:00,764.3120099839006,769.2240408963936,754.4879481589147,760.3823852539062,39800,0.0,0.0
2021-03-05 00:00:00+09:00,761.3648147179337,762.3472209304729,724.0333786414413,742.6990966796875,80800,0.0,0.0
2021-03-08 00:00:00+09:00,739.7518764252358,753.5055633707249,731.8926267420992,738.7694702148438,49100,0.0,0.0
2021-03-09 00:00:00+09:00,739.75184013495,759.3999633789062,732.8749969995654,759.3999633789062,35100,0.0,0.0
2021-03-10 00:00:00+09:00,760.3823975882598,764.3120223819976,748.5935232070465,753.5055541992188,26300,0.0,0.0
2021-03-11 00:00:00+09:00,753.5055607470516,769.2240600585938,750.5583421261375,769.2240600585938,25200,0.0,0.0
2021-03-12 00:00:00+09:00,771.1888601568681,779.0481096871291,767.2592353917375,776.1008911132812,22200,0.0,0.0
2021-03-15 00:00:00+09:00,776.1008736191282,783.9601229722333,769.2240304351612,771.1888427734375,24400,0.0,0.0
2021-03-16 00:00:00+09:00,771.1888773216391,785.9249705188679,771.1888773216391,781.012939453125,28200,0.0,0.0
2021-03-17 00:00:00+09:00,781.0129237715483,784.9425485452416,773.1536742241617,780.030517578125,20500,0.0,0.0
2021-03-18 00:00:00+09:00,782.9777550798276,788.8721923828125,775.1185053425145,788.8721923828125,59700,0.0,0.0
2021-03-19 00:00:00+09:00,784.942546834825,787.8897654086729,774.136078730716,776.1008911132812,35800,0.0,0.0
2021-03-22 00:00:00+09:00,780.0305379988092,796.7314437242246,772.1712882456726,792.8018188476562,44500,0.0,0.0
2021-03-23 00:00:00+09:00,794.7666087476513,802.6258582779124,774.136078730716,776.1008911132812,46100,0.0,0.0
2021-03-24 00:00:00+09:00,773.1536656263879,773.1536656263879,739.751855421436,760.3823852539062,52800,0.0,0.0
2021-03-25 00:00:00+09:00,760.3823817479704,760.3823817479704,742.6990705445293,752.5231323242188,24900,0.0,0.0
2021-03-26 00:00:00+09:00,751.5407330056895,772.1712629313358,751.5407330056895,768.2416381835938,24300,0.0,0.0
2021-03-29 00:00:00+09:00,769.2240268309604,780.0304946408462,759.3999651856097,763.32958984375,39500,0.0,0.0
2021-03-30 00:00:00+09:00,764.3120030984,788.8721574396084,764.3120030984,779.048095703125,30500,0.0,0.0
2021-03-31 00:00:00+09:00,774.136095961085,783.9601580925707,770.2064711084905,781.012939453125,15900,0.0,0.0
2021-04-01 00:00:00+09:00,784.9425784794971,785.9249847103852,771.1888912470654,778.0657348632812,13900,0.0,0.0
2021-04-02 00:00:00+09:00,784.942532745015,785.9249389186633,769.2240339666417,779.048095703125,25100,0.0,0.0
2021-04-05 00:00:00+09:00,782.9777186095185,790.8369679807558,775.1184692382812,775.1184692382812,17000,0.0,0.0
2021-04-06 00:00:00+09:00,785.9249459988695,785.9249459988695,759.3999790714076,760.3823852539062,36900,0.0,0.0
2021-04-07 00:00:00+09:00,757.435190337559,783.9601580925707,757.435190337559,781.012939453125,28300,0.0,0.0
2021-04-08 00:00:00+09:00,780.0304964776228,780.0304964776228,763.3295916412002,767.2592163085938,17300,0.0,0.0
2021-04-09 00:00:00+09:00,767.2592302729354,771.1888550118492,763.3296055340215,764.31201171875,18900,0.0,0.0
2021-04-12 00:00:00+09:00,773.1536691182714,776.100887679078,766.2768258097226,768.2416381835938,11400,0.0,0.0
2021-04-13 00:00:00+09:00,771.1888601568681,781.0129220696945,769.2240477743028,776.1008911132812,33200,0.0,0.0
2021-04-14 00:00:00+09:00,776.1008736191282,776.1008736191282,771.1888427734375,771.1888427734375,7100,0.0,0.0
2021-04-15 00:00:00+09:00,768.2416522083602,770.2064646181002,763.32962118401,765.29443359375,18400,0.0,0.0
2021-04-16 00:00:00+09:00,764.31202738888,768.2416522083602,761.3648087742699,765.29443359375,16600,0.0,0.0
2021-04-19 00:00:00+09:00,772.1712611965777,772.1712611965777,762.3471993492931,764.31201171875,26300,0.0,0.0
2021-04-20 00:00:00+09:00,771.1888834108343,771.1888834108343,754.4879776554403,758.4176025390625,27200,0.0,0.0
2021-04-21 00:00:00+09:00,748.593514683735,753.5055456199799,732.875015687751,733.857421875,43900,0.0,0.0
2021-04-22 00:00:00+09:00,734.8398578413381,743.6815138848837,731.8926391601562,731.8926391601562,15400,0.0,0.0
2021-04-23 00:00:00+09:00,736.8046594044519,748.5935339549231,727.9630034915984,742.6990966796875,19100,0.0,0.0
2021-04-26 00:00:00+09:00,749.5759226142487,749.5759226142487,734.8398297712425,737.7870483398438,12800,0.0,0.0
2021-04-27 00:00:00+09:00,746.6287357082088,746.6287357082088,737.7870796274537,739.7518920898438,7100,0.0,0.0
2021-04-28 00:00:00+09:00,737.7870483398438,741.7166730979787,734.8398297712425,737.7870483398438,7000,0.0,0.0
2021-04-30 00:00:00+09:00,742.6990705445293,752.5231323242188,734.8398211207776,752.5231323242188,19400,0.0,0.0
2021-05-06 00:00:00+09:00,749.5759137903119,758.4175693920325,744.6638829004671,752.5231323242188,19900,0.0,0.0
2021-05-07 00:00:00+09:00,755.4703526088169,765.2944144112723,750.5583217075892,756.4527587890625,21800,0.0,0.0
2021-05-10 00:00:00+09:00,763.3295916412002,770.2064348091388,759.3999669738066,767.2592163085938,17700,0.0,0.0
2021-05-11 00:00:00+09:00,765.2943985124249,767.2592108320973,753.5055245943901,755.4703369140625,15400,0.0,0.0
2021-05-12 00:00:00+09:00,761.3648275826101,761.3648275826101,729.9278282501668,735.822265625,32800,0.0,0.0
2021-05-13 00:00:00+09:00,726.9805716163645,732.8750086835242,715.1916974820451,718.138916015625,42100,0.0,0.0
2021-05-14 00:00:00+09:00,726.9805956901388,743.6815012668042,721.0861584277862,738.7694702148438,33400,0.0,0.0
2021-05-17 00:00:00+09:00,715.1917238698422,722.0685673685907,702.4204430864522,708.3148803710938,62500,0.0,0.0
2021-05-18 00:00:00+09:00,712.244492834741,719.121336213835,707.3324618496738,715.1917114257812,18800,0.0,0.0
2021-05-19 00:00:00+09:00,708.3148851173474,725.9981970897638,704.3852602345881,720.103759765625,23600,0.0,0.0
2021-05-20 00:00:00+09:00,729.9277832845053,745.6462819824219,727.9629709472656,736.8046264648438,24100,0.0,0.0
2021-05-21 00:00:00+09:00,729.927800503156,744.6638933800704,729.927800503156,741.7166748046875,5900,0.0,0.0
2021-05-24 00:00:00+09:00,746.6286844834484,751.5407153024186,728.9453735351562,728.9453735351562,21200,0.0,0.0
2021-05-25 00:00:00+09:00,731.8926234911847,735.8222483152985,730.9102172851562,730.9102172851562,6000,0.0,0.0
2021-05-26 00:00:00+09:00,736.80464215031,741.7166730979787,729.9277988235738,737.7870483398438,16200,0.0,0.0
2021-05-27 00:00:00+09:00,735.822265625,735.822265625,730.9102344793057,735.822265625,3900,0.0,0.0
2021-05-28 00:00:00+09:00,741.7166748046875,741.7166748046875,735.8222376539218,741.7166748046875,9900,0.0,0.0
2021-05-31 00:00:00+09:00,746.6287357082088,746.6287357082088,739.7518920898438,739.7518920898438,8400,0.0,0.0
2021-06-01 00:00:00+09:00,745.6462855678749,750.5583164345935,736.8046300077815,744.6638793945312,42100,0.0,0.0
2021-06-02 00:00:00+09:00,746.6286899556532,753.5055331526131,738.7694405876989,740.7342529296875,19500,0.0,0.0
2021-06-03 00:00:00+09:00,740.7342529296875,746.6286899556532,739.7518467586932,740.7342529296875,6800,0.0,0.0
2021-06-04 00:00:00+09:00,740.7342686128933,754.4879552980133,735.8222376539218,741.7166748046875,13000,0.0,0.0
2021-06-07 00:00:00+09:00,743.6815200785613,751.5407699605013,741.7167076080764,747.6111450195312,17900,0.0,0.0
2021-06-08 00:00:00+09:00,748.5935198516243,748.5935198516243,740.7342702993762,745.6463012695312,4000,0.0,0.0
2021-06-09 00:00:00+09:00,742.699095056412,744.6639074771962,737.7870640044516,738.7694702148438,12700,0.0,0.0
2021-06-10 00:00:00+09:00,739.7518780420697,745.6463153173053,739.7518780420697,742.6990966796875,17600,0.0,0.0
2021-06-11 00:00:00+09:00,744.6638776136647,744.6638776136647,739.7518467586932,740.7342529296875,6200,0.0,0.0
2021-06-14 00:00:00+09:00,740.734265185743,740.734265185743,731.892609500502,733.857421875,5100,0.0,0.0
2021-06-15 00:00:00+09:00,735.8222202962239,741.7166573079427,733.8574079589844,736.8046264648438,8600,0.0,0.0
2021-06-16 00:00:00+09:00,737.7870326334636,739.7518449707031,731.8925956217448,736.8046264648438,16300,0.0,0.0
2021-06-17 00:00:00+09:00,731.8926218393686,734.8398404508024,724.0333722088789,726.9805908203125,9600,0.0,0.0
2021-06-18 00:00:00+09:00,728.9454081109229,746.6287198979803,725.0157832693546,738.7694702148438,22000,0.0,0.0
2021-06-21 00:00:00+09:00,726.9805630026809,740.7342493297587,725.9981568364611,732.875,29500,0.0,0.0
2021-06-22 00:00:00+09:00,751.5407558261412,783.9601609794257,741.7166936584792,750.558349609375,122100,0.0,0.0
2021-06-23 00:00:00+09:00,746.6287040456475,749.5759226142487,737.7870483398438,737.7870483398438,22100,0.0,0.0
2021-06-24 00:00:00+09:00,749.5759155273438,756.4527587890625,744.6638846261161,756.4527587890625,21400,0.0,0.0
2021-06-25 00:00:00+09:00,752.5231184345538,756.4527430738988,746.6286814755364,755.4703369140625,17400,0.0,0.0
2021-06-28 00:00:00+09:00,763.3295880276975,768.2416188386866,751.5407140813238,759.3999633789062,13000,0.0,0.0
2021-06-29 00:00:00+09:00,769.0,770.0,752.0,765.0,17400,13.6,0.0
2021-06-30 00:00:00+09:00,763.0,764.0,753.0,753.0,15900,0.0,0.0
2021-07-01 00:00:00+09:00,754.0,754.0,743.0,744.0,11200,0.0,0.0
2021-07-02 00:00:00+09:00,745.0,749.0,735.0,741.0,19800,0.0,0.0
2021-07-05 00:00:00+09:00,744.0,749.0,736.0,736.0,11900,0.0,0.0
2021-07-06 00:00:00+09:00,736.0,741.0,736.0,739.0,5600,0.0,0.0
2021-07-07 00:00:00+09:00,738.0,741.0,737.0,739.0,4100,0.0,0.0
2021-07-08 00:00:00+09:00,737.0,742.0,734.0,734.0,4400,0.0,0.0
2021-07-09 00:00:00+09:00,730.0,733.0,728.0,732.0,5600,0.0,0.0
2021-07-12 00:00:00+09:00,735.0,741.0,735.0,736.0,3800,0.0,0.0
2021-07-13 00:00:00+09:00,736.0,740.0,734.0,734.0,4300,0.0,0.0
2021-07-14 00:00:00+09:00,740.0,740.0,733.0,733.0,4000,0.0,0.0
2021-07-15 00:00:00+09:00,732.0,732.0,725.0,726.0,8300,0.0,0.0
2021-07-16 00:00:00+09:00,731.0,731.0,723.0,724.0,6000,0.0,0.0
2021-07-19 00:00:00+09:00,723.0,726.0,711.0,713.0,14100,0.0,0.0
2021-07-20 00:00:00+09:00,710.0,710.0,697.0,697.0,27700,0.0,0.0
2021-07-21 00:00:00+09:00,698.0,705.0,697.0,697.0,6500,0.0,0.0
2021-07-26 00:00:00+09:00,697.0,705.0,697.0,701.0,2800,0.0,0.0
2021-07-27 00:00:00+09:00,701.0,702.0,700.0,700.0,1200,0.0,0.0
2021-07-28 00:00:00+09:00,699.0,702.0,691.0,700.0,11900,0.0,0.0
2021-07-29 00:00:00+09:00,693.0,699.0,690.0,697.0,8400,0.0,0.0
2021-07-30 00:00:00+09:00,697.0,697.0,688.0,694.0,7900,0.0,0.0
2021-08-02 00:00:00+09:00,694.0,700.0,689.0,691.0,6500,0.0,0.0
2021-08-03 00:00:00+09:00,692.0,692.0,686.0,687.0,4100,0.0,0.0
2021-08-04 00:00:00+09:00,687.0,687.0,674.0,676.0,10900,0.0,0.0
2021-08-05 00:00:00+09:00,675.0,686.0,675.0,675.0,6000,0.0,0.0
2021-08-06 00:00:00+09:00,667.0,677.0,667.0,667.0,6800,0.0,0.0
2021-08-10 00:00:00+09:00,666.0,675.0,665.0,672.0,10500,0.0,0.0
2021-08-11 00:00:00+09:00,675.0,701.0,672.0,701.0,22600,0.0,0.0
2021-08-12 00:00:00+09:00,706.0,714.0,698.0,709.0,18200,0.0,0.0
2021-08-13 00:00:00+09:00,707.0,739.0,700.0,737.0,32100,0.0,0.0
2021-08-16 00:00:00+09:00,682.0,702.0,675.0,694.0,32800,0.0,0.0
2021-08-17 00:00:00+09:00,689.0,699.0,672.0,673.0,15800,0.0,0.0
2021-08-18 00:00:00+09:00,665.0,680.0,659.0,671.0,15800,0.0,0.0
2021-08-19 00:00:00+09:00,675.0,693.0,675.0,688.0,6300,0.0,0.0
2021-08-20 00:00:00+09:00,677.0,689.0,676.0,681.0,4300,0.0,0.0
2021-08-23 00:00:00+09:00,680.0,689.0,645.0,661.0,26600,0.0,0.0
2021-08-24 00:00:00+09:00,670.0,671.0,643.0,656.0,35800,0.0,0.0
2021-08-25 00:00:00+09:00,657.0,660.0,632.0,644.0,44100,0.0,0.0
2021-08-26 00:00:00+09:00,649.0,650.0,628.0,636.0,31900,0.0,0.0
2021-08-27 00:00:00+09:00,641.0,641.0,631.0,635.0,4400,0.0,0.0
2021-08-30 00:00:00+09:00,641.0,650.0,641.0,643.0,15500,0.0,0.0
2021-08-31 00:00:00+09:00,643.0,657.0,643.0,657.0,6800,0.0,0.0
2021-09-01 00:00:00+09:00,652.0,676.0,651.0,664.0,24300,0.0,0.0
2021-09-02 00:00:00+09:00,661.0,668.0,657.0,659.0,6400,0.0,0.0
2021-09-03 00:00:00+09:00,658.0,673.0,657.0,662.0,13800,0.0,0.0
2021-09-06 00:00:00+09:00,661.0,665.0,643.0,660.0,18500,0.0,0.0
2021-09-07 00:00:00+09:00,660.0,661.0,655.0,655.0,6300,0.0,0.0
2021-09-08 00:00:00+09:00,659.0,660.0,648.0,653.0,10300,0.0,0.0
2021-09-09 00:00:00+09:00,653.0,657.0,651.0,654.0,4800,0.0,0.0
2021-09-10 00:00:00+09:00,658.0,658.0,650.0,654.0,11800,0.0,0.0
2021-09-13 00:00:00+09:00,654.0,662.0,653.0,662.0,13300,0.0,0.0
2021-09-14 00:00:00+09:00,662.0,691.0,662.0,691.0,41100,0.0,0.0
2021-09-15 00:00:00+09:00,691.0,691.0,670.0,672.0,12700,0.0,0.0
2021-09-16 00:00:00+09:00,686.0,686.0,661.0,661.0,8200,0.0,0.0
2021-09-17 00:00:00+09:00,660.0,670.0,658.0,669.0,10800,0.0,0.0
2021-09-21 00:00:00+09:00,663.0,663.0,647.0,650.0,17500,0.0,0.0
2021-09-22 00:00:00+09:00,649.0,652.0,643.0,645.0,15700,0.0,0.0
2021-09-24 00:00:00+09:00,646.0,658.0,646.0,654.0,7700,0.0,0.0
2021-09-27 00:00:00+09:00,654.0,660.0,651.0,652.0,22200,0.0,0.0
2021-09-28 00:00:00+09:00,659.0,659.0,645.0,650.0,10400,0.0,0.0
2021-09-29 00:00:00+09:00,650.0,654.0,646.0,652.0,10200,0.0,0.0
2021-09-30 00:00:00+09:00,652.0,653.0,647.0,650.0,6800,0.0,0.0
2021-10-01 00:00:00+09:00,650.0,665.0,647.0,660.0,9800,0.0,0.0
2021-10-04 00:00:00+09:00,670.0,677.0,647.0,652.0,18900,0.0,0.0
2021-10-05 00:00:00+09:00,650.0,650.0,626.0,628.0,27600,0.0,0.0
2021-10-06 00:00:00+09:00,630.0,635.0,617.0,619.0,22200,0.0,0.0
2021-10-07 00:00:00+09:00,623.0,629.0,623.0,624.0,1600,0.0,0.0
2021-10-08 00:00:00+09:00,627.0,630.0,623.0,625.0,6000,0.0,0.0
2021-10-11 00:00:00+09:00,626.0,632.0,623.0,632.0,6700,0.0,0.0
2021-10-12 00:00:00+09:00,634.0,634.0,627.0,627.0,1700,0.0,0.0
2021-10-13 00:00:00+09:00,637.0,640.0,632.0,632.0,5000,0.0,0.0
2021-10-14 00:00:00+09:00,632.0,638.0,631.0,632.0,3000,0.0,0.0
2021-10-15 00:00:00+09:00,636.0,644.0,635.0,639.0,5600,0.0,0.0
2021-10-18 00:00:00+09:00,639.0,650.0,639.0,650.0,8900,0.0,0.0
2021-10-19 00:00:00+09:00,651.0,652.0,642.0,644.0,6100,0.0,0.0
2021-10-20 00:00:00+09:00,645.0,645.0,632.0,640.0,4900,0.0,0.0
2021-10-21 00:00:00+09:00,636.0,636.0,622.0,624.0,14300,0.0,0.0
2021-10-22 00:00:00+09:00,621.0,625.0,621.0,625.0,3500,0.0,0.0
2021-10-25 00:00:00+09:00,623.0,624.0,618.0,619.0,4600,0.0,0.0
2021-10-26 00:00:00+09:00,620.0,625.0,620.0,625.0,1800,0.0,0.0
2021-10-27 00:00:00+09:00,620.0,620.0,614.0,616.0,5100,0.0,0.0
2021-10-28 00:00:00+09:00,616.0,619.0,616.0,618.0,1000,0.0,0.0
2021-10-29 00:00:00+09:00,617.0,623.0,616.0,616.0,2200,0.0,0.0
2021-11-01 00:00:00+09:00,622.0,622.0,616.0,618.0,1600,0.0,0.0
2021-11-02 00:00:00+09:00,615.0,619.0,605.0,606.0,8400,0.0,0.0
2021-11-04 00:00:00+09:00,608.0,616.0,607.0,607.0,3500,0.0,0.0
2021-11-05 00:00:00+09:00,612.0,612.0,605.0,610.0,4300,0.0,0.0
2021-11-08 00:00:00+09:00,610.0,610.0,580.0,598.0,31600,0.0,0.0
2021-11-09 00:00:00+09:00,594.0,594.0,576.0,583.0,40400,0.0,0.0
2021-11-10 00:00:00+09:00,588.0,592.0,583.0,586.0,7300,0.0,0.0
2021-11-11 00:00:00+09:00,586.0,594.0,586.0,590.0,5500,0.0,0.0
2021-11-12 00:00:00+09:00,595.0,606.0,592.0,605.0,7200,0.0,0.0
2021-11-15 00:00:00+09:00,577.0,592.0,576.0,582.0,20700,0.0,0.0
2021-11-16 00:00:00+09:00,585.0,589.0,581.0,589.0,5000,0.0,0.0
2021-11-17 00:00:00+09:00,589.0,594.0,586.0,591.0,6900,0.0,0.0
2021-11-18 00:00:00+09:00,591.0,591.0,577.0,577.0,13900,0.0,0.0
2021-11-19 00:00:00+09:00,578.0,590.0,578.0,590.0,8000,0.0,0.0
2021-11-22 00:00:00+09:00,585.0,594.0,580.0,584.0,7200,0.0,0.0
2021-11-24 00:00:00+09:00,590.0,593.0,585.0,592.0,2300,0.0,0.0
2021-11-25 00:00:00+09:00,589.0,590.0,585.0,589.0,6200,0.0,0.0
2021-11-26 00:00:00+09:00,589.0,589.0,575.0,579.0,8300,0.0,0.0
2021-11-29 00:00:00+09:00,570.0,570.0,556.0,556.0,30200,0.0,0.0
2021-11-30 00:00:00+09:00,566.0,566.0,553.0,553.0,4300,0.0,0.0
2021-12-01 00:00:00+09:00,550.0,553.0,543.0,550.0,13400,0.0,0.0
2021-12-02 00:00:00+09:00,547.0,552.0,547.0,551.0,6300,0.0,0.0
2021-12-03 00:00:00+09:00,542.0,565.0,542.0,560.0,17900,0.0,0.0
2021-12-06 00:00:00+09:00,560.0,562.0,550.0,557.0,8300,0.0,0.0
2021-12-07 00:00:00+09:00,554.0,559.0,549.0,555.0,7300,0.0,0.0
2021-12-08 00:00:00+09:00,559.0,574.0,550.0,569.0,14000,0.0,0.0
2021-12-09 00:00:00+09:00,564.0,574.0,563.0,574.0,10100,0.0,0.0
2021-12-10 00:00:00+09:00,574.0,575.0,568.0,575.0,3700,0.0,0.0
2021-12-13 00:00:00+09:00,571.0,573.0,565.0,568.0,5100,0.0,0.0
2021-12-14 00:00:00+09:00,573.0,573.0,549.0,561.0,8400,0.0,0.0
2021-12-15 00:00:00+09:00,552.0,557.0,552.0,555.0,2400,0.0,0.0
2021-12-16 00:00:00+09:00,566.0,566.0,540.0,549.0,14200,0.0,0.0
2021-12-17 00:00:00+09:00,555.0,555.0,546.0,551.0,4300,0.0,0.0
2021-12-20 00:00:00+09:00,549.0,557.0,548.0,549.0,3900,0.0,0.0
2021-12-21 00:00:00+09:00,545.0,564.0,540.0,564.0,33300,0.0,0.0
2021-12-22 00:00:00+09:00,560.0,564.0,560.0,564.0,4300,0.0,0.0
2021-12-23 00:00:00+09:00,565.0,566.0,560.0,562.0,5600,0.0,0.0
2021-12-24 00:00:00+09:00,562.0,562.0,549.0,555.0,13100,0.0,0.0
2021-12-27 00:00:00+09:00,560.0,561.0,548.0,550.0,11700,0.0,0.0
2021-12-28 00:00:00+09:00,551.0,555.0,540.0,553.0,32500,0.0,0.0
2021-12-29 00:00:00+09:00,551.0,558.0,546.0,551.0,14300,0.0,0.0
2021-12-30 00:00:00+09:00,557.0,558.0,546.0,551.0,8300,0.0,0.0
2022-01-04 00:00:00+09:00,561.0,561.0,551.0,555.0,6700,0.0,0.0
2022-01-05 00:00:00+09:00,563.0,564.0,545.0,555.0,13400,0.0,0.0
2022-01-06 00:00:00+09:00,550.0,550.0,528.0,528.0,34200,0.0,0.0
2022-01-07 00:00:00+09:00,530.0,540.0,530.0,533.0,17100,0.0,0.0
2022-01-11 00:00:00+09:00,531.0,541.0,530.0,540.0,15700,0.0,0.0
2022-01-12 00:00:00+09:00,539.0,540.0,533.0,540.0,13400,0.0,0.0
2022-01-13 00:00:00+09:00,542.0,542.0,534.0,535.0,4800,0.0,0.0
2022-01-14 00:00:00+09:00,541.0,541.0,533.0,535.0,6000,0.0,0.0
2022-01-17 00:00:00+09:00,535.0,543.0,531.0,532.0,41300,0.0,0.0
2022-01-18 00:00:00+09:00,537.0,544.0,530.0,535.0,42900,0.0,0.0
2022-01-19 00:00:00+09:00,527.0,534.0,511.0,511.0,15900,0.0,0.0
2022-01-20 00:00:00+09:00,527.0,527.0,515.0,526.0,23800,0.0,0.0
2022-01-21 00:00:00+09:00,525.0,527.0,517.0,525.0,2300,0.0,0.0
2022-01-24 00:00:00+09:00,516.0,526.0,516.0,518.0,2900,0.0,0.0
2022-01-25 00:00:00+09:00,517.0,521.0,504.0,504.0,11500,0.0,0.0
2022-01-26 00:00:00+09:00,524.0,524.0,495.0,503.0,10200,0.0,0.0
2022-01-27 00:00:00+09:00,516.0,516.0,495.0,509.0,13200,0.0,0.0
2022-01-28 00:00:00+09:00,501.0,508.0,496.0,502.0,6500,0.0,0.0
2022-01-31 00:00:00+09:00,512.0,512.0,503.0,506.0,2600,0.0,0.0
2022-02-01 00:00:00+09:00,506.0,512.0,501.0,503.0,4500,0.0,0.0
2022-02-02 00:00:00+09:00,503.0,517.0,503.0,504.0,13100,0.0,0.0
2022-02-03 00:00:00+09:00,504.0,504.0,496.0,497.0,9700,0.0,0.0
2022-02-04 00:00:00+09:00,499.0,500.0,494.0,500.0,15800,0.0,0.0
2022-02-07 00:00:00+09:00,499.0,501.0,488.0,491.0,21100,0.0,0.0
2022-02-08 00:00:00+09:00,491.0,498.0,488.0,493.0,7600,0.0,0.0
2022-02-09 00:00:00+09:00,492.0,524.0,488.0,522.0,14200,0.0,0.0
2022-02-10 00:00:00+09:00,526.0,526.0,500.0,509.0,22300,0.0,0.0
2022-02-14 00:00:00+09:00,503.0,509.0,496.0,497.0,11400,0.0,0.0
2022-02-15 00:00:00+09:00,514.0,514.0,492.0,505.0,14500,0.0,0.0
2022-02-16 00:00:00+09:00,516.0,516.0,500.0,506.0,6900,0.0,0.0
2022-02-17 00:00:00+09:00,503.0,506.0,495.0,496.0,3700,0.0,0.0
2022-02-18 00:00:00+09:00,504.0,504.0,495.0,502.0,5800,0.0,0.0
2022-02-21 00:00:00+09:00,507.0,508.0,495.0,508.0,7100,0.0,0.0
2022-02-22 00:00:00+09:00,507.0,507.0,493.0,506.0,8800,0.0,0.0
2022-02-24 00:00:00+09:00,506.0,514.0,491.0,502.0,16600,0.0,0.0
2022-02-25 00:00:00+09:00,503.0,512.0,497.0,511.0,11900,0.0,0.0
2022-02-28 00:00:00+09:00,511.0,523.0,507.0,516.0,15100,0.0,0.0
2022-03-01 00:00:00+09:00,516.0,517.0,509.0,515.0,9200,0.0,0.0
2022-03-02 00:00:00+09:00,513.0,519.0,505.0,506.0,7600,0.0,0.0
2022-03-03 00:00:00+09:00,514.0,515.0,508.0,511.0,2500,0.0,0.0
2022-03-04 00:00:00+09:00,510.0,510.0,496.0,509.0,7700,0.0,0.0
2022-03-07 00:00:00+09:00,497.0,499.0,491.0,491.0,9200,0.0,0.0
2022-03-08 00:00:00+09:00,483.0,493.0,475.0,477.0,9600,0.0,0.0
2022-03-09 00:00:00+09:00,477.0,484.0,466.0,467.0,20700,0.0,0.0
2022-03-10 00:00:00+09:00,486.0,486.0,478.0,486.0,5700,0.0,0.0
2022-03-11 00:00:00+09:00,474.0,487.0,474.0,483.0,8800,0.0,0.0
2022-03-14 00:00:00+09:00,487.0,494.0,482.0,483.0,3300,0.0,0.0
2022-03-15 00:00:00+09:00,483.0,511.0,483.0,495.0,12000,0.0,0.0
2022-03-16 00:00:00+09:00,503.0,507.0,499.0,499.0,3100,0.0,0.0
2022-03-17 00:00:00+09:00,503.0,510.0,497.0,504.0,7200,0.0,0.0
2022-03-18 00:00:00+09:00,499.0,515.0,499.0,515.0,7600,0.0,0.0
2022-03-22 00:00:00+09:00,517.0,525.0,509.0,509.0,20700,0.0,0.0
2022-03-23 00:00:00+09:00,511.0,517.0,509.0,514.0,4400,0.0,0.0
2022-03-24 00:00:00+09:00,505.0,514.0,501.0,501.0,10000,0.0,0.0
2022-03-25 00:00:00+09:00,502.0,507.0,502.0,504.0,3700,0.0,0.0
2022-03-28 00:00:00+09:00,504.0,513.0,504.0,504.0,4400,0.0,0.0
2022-03-29 00:00:00+09:00,505.0,604.0,505.0,560.0,227500,0.0,0.0
2022-03-30 00:00:00+09:00,560.0,560.0,535.0,551.0,39400,0.0,0.0
2022-03-31 00:00:00+09:00,556.0,557.0,535.0,535.0,18800,0.0,0.0
2022-04-01 00:00:00+09:00,545.0,560.0,536.0,558.0,24600,0.0,0.0
2022-04-04 00:00:00+09:00,556.0,587.0,551.0,577.0,22300,0.0,0.0
2022-04-05 00:00:00+09:00,575.0,577.0,562.0,563.0,10000,0.0,0.0
2022-04-06 00:00:00+09:00,558.0,574.0,553.0,553.0,19000,0.0,0.0
2022-04-07 00:00:00+09:00,550.0,555.0,521.0,526.0,22900,0.0,0.0
2022-04-08 00:00:00+09:00,534.0,536.0,524.0,532.0,8800,0.0,0.0
2022-04-11 00:00:00+09:00,532.0,541.0,526.0,526.0,10000,0.0,0.0
2022-04-12 00:00:00+09:00,526.0,528.0,517.0,526.0,7900,0.0,0.0
2022-04-13 00:00:00+09:00,526.0,546.0,518.0,546.0,7800,0.0,0.0
2022-04-14 00:00:00+09:00,546.0,554.0,542.0,553.0,7200,0.0,0.0
2022-04-15 00:00:00+09:00,552.0,552.0,541.0,546.0,6800,0.0,0.0
2022-04-18 00:00:00+09:00,546.0,550.0,523.0,524.0,18600,0.0,0.0
2022-04-19 00:00:00+09:00,533.0,533.0,521.0,524.0,5300,0.0,0.0
2022-04-20 00:00:00+09:00,530.0,540.0,530.0,533.0,4700,0.0,0.0
2022-04-21 00:00:00+09:00,540.0,547.0,533.0,547.0,4500,0.0,0.0
2022-04-22 00:00:00+09:00,547.0,636.0,539.0,558.0,465300,0.0,0.0
2022-04-25 00:00:00+09:00,552.0,567.0,542.0,558.0,40300,0.0,0.0
2022-04-26 00:00:00+09:00,560.0,560.0,543.0,543.0,17300,0.0,0.0
2022-04-27 00:00:00+09:00,533.0,536.0,528.0,533.0,15700,0.0,0.0
2022-04-28 00:00:00+09:00,533.0,542.0,528.0,540.0,13000,0.0,0.0
2022-05-02 00:00:00+09:00,540.0,564.0,540.0,562.0,9900,0.0,0.0
2022-05-06 00:00:00+09:00,552.0,552.0,539.0,540.0,17900,0.0,0.0
2022-05-09 00:00:00+09:00,540.0,540.0,530.0,532.0,7900,0.0,0.0
2022-05-10 00:00:00+09:00,532.0,550.0,528.0,550.0,10400,0.0,0.0
2022-05-11 00:00:00+09:00,546.0,547.0,537.0,547.0,2900,0.0,0.0
2022-05-12 00:00:00+09:00,556.0,556.0,532.0,535.0,9900,0.0,0.0
2022-05-13 00:00:00+09:00,535.0,568.0,530.0,560.0,28100,0.0,0.0
2022-05-16 00:00:00+09:00,563.0,580.0,540.0,540.0,26300,0.0,0.0
2022-05-17 00:00:00+09:00,542.0,544.0,515.0,536.0,17800,0.0,0.0
2022-05-18 00:00:00+09:00,540.0,551.0,536.0,543.0,29300,0.0,0.0
2022-05-19 00:00:00+09:00,523.0,539.0,523.0,534.0,14800,0.0,0.0
2022-05-20 00:00:00+09:00,546.0,546.0,537.0,540.0,2000,0.0,0.0
2022-05-23 00:00:00+09:00,542.0,547.0,539.0,540.0,7200,0.0,0.0
2022-05-24 00:00:00+09:00,541.0,541.0,534.0,540.0,9500,0.0,0.0
2022-05-25 00:00:00+09:00,538.0,544.0,538.0,544.0,10600,0.0,0.0
2022-05-26 00:00:00+09:00,541.0,549.0,539.0,539.0,11000,0.0,0.0
2022-05-27 00:00:00+09:00,541.0,543.0,536.0,538.0,14500,0.0,0.0
2022-05-30 00:00:00+09:00,545.0,548.0,538.0,538.0,11700,0.0,0.0
2022-05-31 00:00:00+09:00,539.0,544.0,535.0,544.0,14200,0.0,0.0
2022-06-01 00:00:00+09:00,544.0,544.0,538.0,542.0,4400,0.0,0.0
2022-06-02 00:00:00+09:00,540.0,546.0,540.0,546.0,5500,0.0,0.0
2022-06-03 00:00:00+09:00,552.0,552.0,538.0,542.0,8600,0.0,0.0
2022-06-06 00:00:00+09:00,541.0,557.0,541.0,549.0,21800,0.0,0.0
2022-06-07 00:00:00+09:00,548.0,549.0,544.0,547.0,7200,0.0,0.0
2022-06-08 00:00:00+09:00,550.0,556.0,546.0,556.0,15800,0.0,0.0
2022-06-09 00:00:00+09:00,557.0,557.0,552.0,555.0,6200,0.0,0.0
2022-06-10 00:00:00+09:00,558.0,558.0,550.0,556.0,15300,0.0,0.0
2022-06-13 00:00:00+09:00,553.0,553.0,540.0,543.0,5700,0.0,0.0
2022-06-14 00:00:00+09:00,540.0,550.0,530.0,550.0,16800,0.0,0.0
2022-06-15 00:00:00+09:00,548.0,548.0,530.0,535.0,9000,0.0,0.0
2022-06-16 00:00:00+09:00,541.0,542.0,533.0,533.0,4000,0.0,0.0
2022-06-17 00:00:00+09:00,526.0,535.0,512.0,535.0,16700,0.0,0.0
2022-06-20 00:00:00+09:00,535.0,535.0,521.0,529.0,3500,0.0,0.0
2022-06-21 00:00:00+09:00,531.0,539.0,524.0,535.0,28100,0.0,0.0
2022-06-22 00:00:00+09:00,536.0,536.0,530.0,530.0,4800,0.0,0.0
2022-06-23 00:00:00+09:00,531.0,534.0,527.0,527.0,2100,0.0,0.0
2022-06-24 00:00:00+09:00,529.0,534.0,528.0,534.0,5200,0.0,0.0
2022-06-27 00:00:00+09:00,533.0,539.0,531.0,537.0,11100,0.0,0.0
2022-06-28 00:00:00+09:00,535.0,543.0,534.0,540.0,6500,0.0,0.0
2022-06-29 00:00:00+09:00,526.0,534.0,526.0,529.0,26600,0.0,0.0
2022-06-30 00:00:00+09:00,529.0,532.0,528.0,528.0,14000,0.0,0.0
2022-07-01 00:00:00+09:00,527.0,528.0,518.0,522.0,6600,0.0,0.0
2022-07-04 00:00:00+09:00,523.0,531.0,521.0,531.0,5000,0.0,0.0
2022-07-05 00:00:00+09:00,530.0,530.0,519.0,523.0,9700,0.0,0.0
2022-07-06 00:00:00+09:00,521.0,521.0,505.0,517.0,10900,0.0,0.0
2022-07-07 00:00:00+09:00,516.0,523.0,513.0,518.0,1800,0.0,0.0
2022-07-08 00:00:00+09:00,523.0,523.0,506.0,514.0,12800,0.0,0.0
2022-07-11 00:00:00+09:00,518.0,518.0,512.0,512.0,3900,0.0,0.0
2022-07-12 00:00:00+09:00,511.0,520.0,506.0,506.0,3000,0.0,0.0
2022-07-13 00:00:00+09:00,512.0,520.0,511.0,515.0,3100,0.0,0.0
2022-07-14 00:00:00+09:00,517.0,519.0,508.0,516.0,3000,0.0,0.0
2022-07-15 00:00:00+09:00,513.0,518.0,510.0,514.0,3300,0.0,0.0
2022-07-19 00:00:00+09:00,514.0,520.0,513.0,514.0,2300,0.0,0.0
2022-07-20 00:00:00+09:00,579.0,591.0,549.0,563.0,235000,0.0,0.0
2022-07-21 00:00:00+09:00,563.0,565.0,550.0,558.0,34600,0.0,0.0
2022-07-22 00:00:00+09:00,561.0,563.0,543.0,543.0,18700,0.0,0.0
2022-07-25 00:00:00+09:00,544.0,551.0,541.0,548.0,7200,0.0,0.0
2022-07-26 00:00:00+09:00,549.0,549.0,541.0,549.0,6700,0.0,0.0
2022-07-27 00:00:00+09:00,543.0,546.0,533.0,543.0,14900,0.0,0.0
2022-07-28 00:00:00+09:00,545.0,551.0,545.0,546.0,11600,0.0,0.0
2022-07-29 00:00:00+09:00,546.0,546.0,531.0,533.0,24400,0.0,0.0
2022-08-01 00:00:00+09:00,533.0,542.0,533.0,538.0,9300,0.0,0.0
2022-08-02 00:00:00+09:00,535.0,537.0,533.0,533.0,2300,0.0,0.0
2022-08-03 00:00:00+09:00,534.0,536.0,525.0,534.0,13200,0.0,0.0
2022-08-04 00:00:00+09:00,534.0,535.0,527.0,532.0,14500,0.0,0.0
2022-08-05 00:00:00+09:00,531.0,532.0,527.0,530.0,7400,0.0,0.0
2022-08-08 00:00:00+09:00,528.0,537.0,526.0,537.0,9600,0.0,0.0
2022-08-09 00:00:00+09:00,537.0,541.0,528.0,541.0,11500,0.0,0.0
2022-08-10 00:00:00+09:00,539.0,550.0,535.0,547.0,11400,0.0,0.0
2022-08-12 00:00:00+09:00,551.0,560.0,545.0,556.0,30300,0.0,0.0
2022-08-15 00:00:00+09:00,580.0,590.0,561.0,569.0,95500,0.0,0.0
2022-08-16 00:00:00+09:00,569.0,577.0,557.0,576.0,44000,0.0,0.0
2022-08-17 00:00:00+09:00,578.0,587.0,576.0,585.0,24400,0.0,0.0
2022-08-18 00:00:00+09:00,581.0,583.0,573.0,579.0,9000,0.0,0.0
2022-08-19 00:00:00+09:00,579.0,583.0,573.0,580.0,14100,0.0,0.0
2022-08-22 00:00:00+09:00,580.0,584.0,574.0,582.0,21700,0.0,0.0
2022-08-23 00:00:00+09:00,578.0,595.0,574.0,589.0,22300,0.0,0.0
2022-08-24 00:00:00+09:00,588.0,608.0,580.0,602.0,45900,0.0,0.0
2022-08-25 00:00:00+09:00,604.0,627.0,598.0,621.0,78700,0.0,0.0
2022-08-26 00:00:00+09:00,626.0,630.0,615.0,615.0,36900,0.0,0.0
2022-08-29 00:00:00+09:00,599.0,611.0,598.0,610.0,25300,0.0,0.0
2022-08-30 00:00:00+09:00,617.0,623.0,612.0,615.0,10100,0.0,0.0
2022-08-31 00:00:00+09:00,615.0,622.0,613.0,618.0,12800,0.0,0.0
2022-09-01 00:00:00+09:00,617.0,617.0,592.0,593.0,28500,0.0,0.0
2022-09-02 00:00:00+09:00,603.0,603.0,577.0,583.0,22400,0.0,0.0
2022-09-05 00:00:00+09:00,583.0,590.0,575.0,588.0,18900,0.0,0.0
2022-09-06 00:00:00+09:00,597.0,597.0,585.0,588.0,16800,0.0,0.0
2022-09-07 00:00:00+09:00,587.0,587.0,571.0,573.0,15700,0.0,0.0
2022-09-08 00:00:00+09:00,580.0,586.0,575.0,576.0,14200,0.0,0.0
2022-09-09 00:00:00+09:00,588.0,588.0,572.0,573.0,8300,0.0,0.0
2022-09-12 00:00:00+09:00,573.0,582.0,573.0,575.0,20000,0.0,0.0
2022-09-13 00:00:00+09:00,575.0,576.0,563.0,567.0,21300,0.0,0.0
2022-09-14 00:00:00+09:00,567.0,571.0,562.0,568.0,27000,0.0,0.0
2022-09-15 00:00:00+09:00,568.0,578.0,568.0,578.0,9800,0.0,0.0
2022-09-16 00:00:00+09:00,584.0,584.0,563.0,567.0,12900,0.0,0.0
2022-09-20 00:00:00+09:00,567.0,574.0,565.0,568.0,15500,0.0,0.0
2022-09-21 00:00:00+09:00,565.0,568.0,553.0,568.0,21700,0.0,0.0
2022-09-22 00:00:00+09:00,559.0,562.0,548.0,562.0,19200,0.0,0.0
2022-09-26 00:00:00+09:00,561.0,561.0,538.0,539.0,15900,0.0,0.0
2022-09-27 00:00:00+09:00,539.0,547.0,538.0,543.0,14000,0.0,0.0
2022-09-28 00:00:00+09:00,546.0,553.0,529.0,529.0,15900,0.0,0.0
2022-09-29 00:00:00+09:00,530.0,545.0,530.0,543.0,18200,0.0,0.0
2022-09-30 00:00:00+09:00,537.0,545.0,530.0,545.0,9900,0.0,0.0
2022-10-03 00:00:00+09:00,526.0,545.0,526.0,538.0,20700,0.0,0.0
2022-10-04 00:00:00+09:00,542.0,553.0,542.0,550.0,8000,0.0,0.0
2022-10-05 00:00:00+09:00,555.0,560.0,550.0,559.0,11400,0.0,0.0
2022-10-06 00:00:00+09:00,560.0,565.0,555.0,559.0,9800,0.0,0.0
2022-10-07 00:00:00+09:00,559.0,559.0,551.0,551.0,13000,0.0,0.0
2022-10-11 00:00:00+09:00,551.0,551.0,537.0,537.0,10600,0.0,0.0
2022-10-12 00:00:00+09:00,538.0,543.0,533.0,534.0,12800,0.0,0.0
2022-10-13 00:00:00+09:00,540.0,540.0,527.0,529.0,9400,0.0,0.0
2022-10-14 00:00:00+09:00,539.0,544.0,535.0,542.0,4500,0.0,0.0
2022-10-17 00:00:00+09:00,536.0,554.0,536.0,554.0,12000,0.0,0.0
2022-10-18 00:00:00+09:00,557.0,577.0,557.0,568.0,26300,0.0,0.0
2022-10-19 00:00:00+09:00,570.0,582.0,560.0,570.0,44200,0.0,0.0
2022-10-20 00:00:00+09:00,563.0,569.0,557.0,557.0,15000,0.0,0.0
2022-10-21 00:00:00+09:00,557.0,561.0,553.0,554.0,8300,0.0,0.0
2022-10-24 00:00:00+09:00,564.0,564.0,547.0,547.0,16500,0.0,0.0
2022-10-25 00:00:00+09:00,552.0,557.0,550.0,551.0,5600,0.0,0.0
2022-10-26 00:00:00+09:00,553.0,557.0,550.0,550.0,7300,0.0,0.0
2022-10-27 00:00:00+09:00,555.0,555.0,545.0,548.0,7300,0.0,0.0
2022-10-28 00:00:00+09:00,546.0,550.0,544.0,544.0,8300,0.0,0.0
2022-10-31 00:00:00+09:00,549.0,549.0,541.0,545.0,5700,0.0,0.0
2022-11-01 00:00:00+09:00,545.0,549.0,543.0,549.0,3800,0.0,0.0
2022-11-02 00:00:00+09:00,549.0,555.0,549.0,549.0,5300,0.0,0.0
2022-11-04 00:00:00+09:00,549.0,550.0,544.0,546.0,5100,0.0,0.0
2022-11-07 00:00:00+09:00,546.0,550.0,546.0,547.0,2700,0.0,0.0
2022-11-08 00:00:00+09:00,557.0,557.0,553.0,557.0,3800,0.0,0.0
2022-11-09 00:00:00+09:00,557.0,558.0,553.0,553.0,3900,0.0,0.0
2022-11-10 00:00:00+09:00,552.0,555.0,550.0,555.0,4200,0.0,0.0
2022-11-11 00:00:00+09:00,557.0,571.0,554.0,571.0,16500,0.0,0.0
2022-11-14 00:00:00+09:00,571.0,576.0,562.0,572.0,17400,0.0,0.0
2022-11-15 00:00:00+09:00,565.0,565.0,543.0,547.0,26900,0.0,0.0
2022-11-16 00:00:00+09:00,548.0,551.0,543.0,551.0,10700,0.0,0.0
2022-11-17 00:00:00+09:00,548.0,558.0,546.0,546.0,14500,0.0,0.0
2022-11-18 00:00:00+09:00,547.0,549.0,546.0,549.0,4300,0.0,0.0
2022-11-21 00:00:00+09:00,547.0,552.0,544.0,544.0,9800,0.0,0.0
2022-11-22 00:00:00+09:00,544.0,550.0,540.0,545.0,7300,0.0,0.0
2022-11-24 00:00:00+09:00,549.0,552.0,545.0,547.0,4500,0.0,0.0
2022-11-25 00:00:00+09:00,548.0,552.0,545.0,551.0,6900,0.0,0.0
2022-11-28 00:00:00+09:00,550.0,558.0,547.0,551.0,14100,0.0,0.0
2022-11-29 00:00:00+09:00,550.0,560.0,549.0,555.0,10100,0.0,0.0
2022-11-30 00:00:00+09:00,554.0,554.0,550.0,550.0,7000,0.0,0.0
2022-12-01 00:00:00+09:00,550.0,553.0,547.0,553.0,11200,0.0,0.0
2022-12-02 00:00:00+09:00,550.0,552.0,546.0,550.0,6500,0.0,0.0
2022-12-05 00:00:00+09:00,550.0,554.0,545.0,552.0,14500,0.0,0.0
2022-12-06 00:00:00+09:00,552.0,553.0,548.0,553.0,8400,0.0,0.0
2022-12-07 00:00:00+09:00,549.0,552.0,547.0,549.0,2400,0.0,0.0
2022-12-08 00:00:00+09:00,548.0,555.0,544.0,555.0,9900,0.0,0.0
2022-12-09 00:00:00+09:00,558.0,558.0,550.0,551.0,3900,0.0,0.0
2022-12-12 00:00:00+09:00,551.0,553.0,548.0,552.0,4400,0.0,0.0
2022-12-13 00:00:00+09:00,551.0,554.0,550.0,554.0,3100,0.0,0.0
2022-12-14 00:00:00+09:00,562.0,570.0,557.0,562.0,19800,0.0,0.0
2022-12-15 00:00:00+09:00,562.0,572.0,559.0,569.0,7100,0.0,0.0
2022-12-16 00:00:00+09:00,565.0,575.0,558.0,568.0,19600,0.0,0.0
2022-12-19 00:00:00+09:00,568.0,597.0,568.0,597.0,29700,0.0,0.0
2022-12-20 00:00:00+09:00,592.0,600.0,563.0,568.0,34000,0.0,0.0
2022-12-21 00:00:00+09:00,550.0,560.0,547.0,552.0,39700,0.0,0.0
2022-12-22 00:00:00+09:00,552.0,555.0,548.0,549.0,7600,0.0,0.0
2022-12-23 00:00:00+09:00,541.0,546.0,538.0,546.0,6700,0.0,0.0
2022-12-26 00:00:00+09:00,545.0,545.0,535.0,544.0,11800,0.0,0.0
2022-12-27 00:00:00+09:00,542.0,545.0,538.0,538.0,12400,0.0,0.0
2022-12-28 00:00:00+09:00,539.0,539.0,524.0,524.0,25900,0.0,0.0
2022-12-29 00:00:00+09:00,525.0,533.0,525.0,533.0,3600,0.0,0.0
2022-12-30 00:00:00+09:00,533.0,582.0,533.0,578.0,43000,0.0,0.0
2023-01-04 00:00:00+09:00,580.0,581.0,567.0,567.0,17200,0.0,0.0
2023-01-05 00:00:00+09:00,568.0,571.0,537.0,552.0,36000,0.0,0.0
2023-01-06 00:00:00+09:00,542.0,551.0,542.0,548.0,2700,0.0,0.0
2023-01-10 00:00:00+09:00,554.0,554.0,543.0,548.0,4400,0.0,0.0
2023-01-11 00:00:00+09:00,548.0,554.0,546.0,554.0,3600,0.0,0.0
2023-01-12 00:00:00+09:00,557.0,557.0,551.0,555.0,4400,0.0,0.0
2023-01-13 00:00:00+09:00,555.0,567.0,555.0,561.0,9100,0.0,0.0
2023-01-16 00:00:00+09:00,568.0,583.0,564.0,580.0,24500,0.0,0.0
2023-01-17 00:00:00+09:00,573.0,589.0,572.0,574.0,17500,0.0,0.0
2023-01-18 00:00:00+09:00,574.0,576.0,564.0,575.0,23500,0.0,0.0
2023-01-19 00:00:00+09:00,568.0,573.0,568.0,569.0,3900,0.0,0.0
2023-01-20 00:00:00+09:00,566.0,572.0,566.0,572.0,4000,0.0,0.0
2023-01-23 00:00:00+09:00,579.0,600.0,577.0,600.0,37900,0.0,0.0
2023-01-24 00:00:00+09:00,600.0,603.0,589.0,591.0,20300,0.0,0.0
2023-01-25 00:00:00+09:00,589.0,603.0,589.0,601.0,8200,0.0,0.0
2023-01-26 00:00:00+09:00,605.0,605.0,591.0,596.0,4100,0.0,0.0
2023-01-27 00:00:00+09:00,594.0,601.0,594.0,600.0,6200,0.0,0.0
2023-01-30 00:00:00+09:00,600.0,601.0,592.0,601.0,7000,0.0,0.0
2023-01-31 00:00:00+09:00,592.0,600.0,589.0,590.0,6600,0.0,0.0
2023-02-01 00:00:00+09:00,592.0,597.0,591.0,592.0,2900,0.0,0.0
2023-02-02 00:00:00+09:00,598.0,601.0,593.0,601.0,7300,0.0,0.0
2023-02-03 00:00:00+09:00,600.0,600.0,593.0,594.0,1600,0.0,0.0
2023-02-06 00:00:00+09:00,598.0,603.0,594.0,600.0,10900,0.0,0.0
2023-02-07 00:00:00+09:00,596.0,600.0,590.0,595.0,6900,0.0,0.0
2023-02-08 00:00:00+09:00,596.0,596.0,593.0,594.0,1300,0.0,0.0
2023-02-09 00:00:00+09:00,594.0,605.0,594.0,600.0,6800,0.0,0.0
2023-02-10 00:00:00+09:00,600.0,620.0,595.0,620.0,32400,0.0,0.0
2023-02-13 00:00:00+09:00,625.0,625.0,610.0,610.0,16000,0.0,0.0
2023-02-14 00:00:00+09:00,610.0,622.0,610.0,615.0,19800,0.0,0.0
2023-02-15 00:00:00+09:00,629.0,639.0,620.0,629.0,42400,0.0,0.0
2023-02-16 00:00:00+09:00,633.0,634.0,624.0,629.0,8100,0.0,0.0
2023-02-17 00:00:00+09:00,623.0,629.0,622.0,628.0,5100,0.0,0.0
2023-02-20 00:00:00+09:00,642.0,678.0,639.0,678.0,70200,0.0,0.0
2023-02-21 00:00:00+09:00,682.0,697.0,669.0,685.0,50300,0.0,0.0
2023-02-22 00:00:00+09:00,689.0,689.0,669.0,670.0,24600,0.0,0.0
2023-02-24 00:00:00+09:00,667.0,669.0,661.0,663.0,14000,0.0,0.0
2023-02-27 00:00:00+09:00,662.0,674.0,662.0,665.0,9300,0.0,0.0
2023-02-28 00:00:00+09:00,674.0,686.0,668.0,676.0,11800,0.0,0.0
2023-03-01 00:00:00+09:00,676.0,678.0,670.0,671.0,9400,0.0,0.0
2023-03-02 00:00:00+09:00,673.0,680.0,666.0,680.0,5800,0.0,0.0
2023-03-03 00:00:00+09:00,697.0,718.0,687.0,702.0,43300,0.0,0.0
2023-03-06 00:00:00+09:00,724.0,729.0,709.0,718.0,31700,0.0,0.0
2023-03-07 00:00:00+09:00,711.0,737.0,710.0,723.0,26100,0.0,0.0
2023-03-08 00:00:00+09:00,723.0,731.0,716.0,718.0,10200,0.0,0.0
2023-03-09 00:00:00+09:00,720.0,745.0,711.0,721.0,31100,0.0,0.0
2023-03-10 00:00:00+09:00,725.0,725.0,698.0,698.0,25300,0.0,0.0
2023-03-13 00:00:00+09:00,685.0,713.0,675.0,713.0,39900,0.0,0.0
2023-03-14 00:00:00+09:00,714.0,714.0,681.0,707.0,18900,0.0,0.0
2023-03-15 00:00:00+09:00,714.0,714.0,702.0,707.0,10400,0.0,0.0
2023-03-16 00:00:00+09:00,682.0,696.0,681.0,692.0,17500,0.0,0.0
2023-03-17 00:00:00+09:00,706.0,714.0,693.0,701.0,22200,0.0,0.0
2023-03-20 00:00:00+09:00,701.0,713.0,666.0,676.0,18700,0.0,0.0
2023-03-22 00:00:00+09:00,677.0,693.0,672.0,693.0,12400,0.0,0.0
2023-03-23 00:00:00+09:00,683.0,709.0,680.0,701.0,12400,0.0,0.0
2023-03-24 00:00:00+09:00,701.0,704.0,688.0,701.0,19700,0.0,0.0
2023-03-27 00:00:00+09:00,700.0,701.0,693.0,701.0,11700,0.0,0.0
2023-03-28 00:00:00+09:00,705.0,709.0,697.0,702.0,9600,0.0,0.0
2023-03-29 00:00:00+09:00,701.0,714.0,701.0,712.0,5500,0.0,0.0
2023-03-30 00:00:00+09:00,709.0,714.0,706.0,708.0,6000,0.0,0.0
2023-03-31 00:00:00+09:00,709.0,720.0,705.0,720.0,26100,0.0,0.0
2023-04-03 00:00:00+09:00,710.0,715.0,696.0,700.0,25100,0.0,0.0
2023-04-04 00:00:00+09:00,700.0,706.0,692.0,692.0,14600,0.0,0.0
2023-04-05 00:00:00+09:00,689.0,698.0,680.0,681.0,18100,0.0,0.0
2023-04-06 00:00:00+09:00,681.0,695.0,677.0,677.0,9000,0.0,0.0
2023-04-07 00:00:00+09:00,673.0,684.0,670.0,677.0,15000,0.0,0.0
2023-04-10 00:00:00+09:00,676.0,689.0,676.0,682.0,5000,0.0,0.0
2023-04-11 00:00:00+09:00,681.0,700.0,681.0,699.0,8100,0.0,0.0
2023-04-12 00:00:00+09:00,732.0,743.0,705.0,707.0,64200,0.0,0.0
2023-04-13 00:00:00+09:00,705.0,719.0,704.0,716.0,5600,0.0,0.0
2023-04-14 00:00:00+09:00,729.0,729.0,710.0,714.0,6600,0.0,0.0
2023-04-17 00:00:00+09:00,714.0,717.0,699.0,710.0,18000,0.0,0.0
2023-04-18 00:00:00+09:00,704.0,705.0,699.0,701.0,9200,0.0,0.0
2023-04-19 00:00:00+09:00,702.0,706.0,697.0,697.0,9100,0.0,0.0
2023-04-20 00:00:00+09:00,702.0,708.0,700.0,700.0,6100,0.0,0.0
2023-04-21 00:00:00+09:00,708.0,708.0,691.0,692.0,9600,0.0,0.0
2023-04-24 00:00:00+09:00,693.0,701.0,691.0,701.0,4500,0.0,0.0
2023-04-25 00:00:00+09:00,701.0,701.0,695.0,697.0,3600,0.0,0.0
2023-04-26 00:00:00+09:00,697.0,702.0,688.0,700.0,3700,0.0,0.0
2023-04-27 00:00:00+09:00,702.0,703.0,689.0,703.0,10600,0.0,0.0
2023-04-28 00:00:00+09:00,707.0,717.0,697.0,717.0,9600,0.0,0.0
2023-05-01 00:00:00+09:00,718.0,727.0,713.0,719.0,7700,0.0,0.0
2023-05-02 00:00:00+09:00,716.0,720.0,697.0,714.0,8300,0.0,0.0
2023-05-08 00:00:00+09:00,717.0,723.0,717.0,723.0,6800,0.0,0.0
2023-05-09 00:00:00+09:00,719.0,725.0,714.0,719.0,6500,0.0,0.0
2023-05-10 00:00:00+09:00,721.0,724.0,714.0,718.0,5600,0.0,0.0
2023-05-11 00:00:00+09:00,720.0,740.0,720.0,738.0,19700,0.0,0.0
2023-05-12 00:00:00+09:00,747.0,754.0,736.0,744.0,37500,0.0,0.0
2023-05-15 00:00:00+09:00,755.0,755.0,730.0,730.0,28800,0.0,0.0
2023-05-16 00:00:00+09:00,760.0,803.0,757.0,803.0,120700,0.0,0.0
2023-05-17 00:00:00+09:00,788.0,822.0,780.0,821.0,63200,0.0,0.0
2023-05-18 00:00:00+09:00,828.0,831.0,791.0,799.0,38100,0.0,0.0
2023-05-19 00:00:00+09:00,800.0,815.0,790.0,794.0,27100,0.0,0.0
2023-05-22 00:00:00+09:00,795.0,847.0,794.0,816.0,51800,0.0,0.0
2023-05-23 00:00:00+09:00,817.0,838.0,800.0,828.0,57300,0.0,0.0
2023-05-24 00:00:00+09:00,830.0,836.0,806.0,830.0,31700,0.0,0.0
2023-05-25 00:00:00+09:00,827.0,846.0,810.0,837.0,43500,0.0,0.0
2023-05-26 00:00:00+09:00,844.0,865.0,839.0,860.0,40300,0.0,0.0
2023-05-29 00:00:00+09:00,882.0,895.0,866.0,891.0,64700,0.0,0.0
2023-05-30 00:00:00+09:00,884.0,923.0,864.0,919.0,63700,0.0,0.0
2023-05-31 00:00:00+09:00,913.0,917.0,895.0,899.0,24600,0.0,0.0
2023-06-01 00:00:00+09:00,890.0,890.0,855.0,880.0,34400,0.0,0.0
2023-06-02 00:00:00+09:00,876.0,890.0,876.0,884.0,11200,0.0,0.0
2023-06-05 00:00:00+09:00,890.0,900.0,867.0,893.0,40700,0.0,0.0
2023-06-06 00:00:00+09:00,891.0,900.0,889.0,890.0,10400,0.0,0.0
2023-06-07 00:00:00+09:00,889.0,892.0,867.0,878.0,31700,0.0,0.0
2023-06-08 00:00:00+09:00,868.0,876.0,852.0,859.0,21500,0.0,0.0
2023-06-09 00:00:00+09:00,877.0,880.0,870.0,870.0,20200,0.0,0.0
2023-06-12 00:00:00+09:00,879.0,880.0,870.0,875.0,15500,0.0,0.0
2023-06-13 00:00:00+09:00,884.0,884.0,864.0,871.0,14200,0.0,0.0
2023-06-14 00:00:00+09:00,871.0,871.0,856.0,867.0,15300,0.0,0.0
2023-06-15 00:00:00+09:00,866.0,877.0,864.0,871.0,17300,0.0,0.0
2023-06-16 00:00:00+09:00,874.0,880.0,860.0,865.0,37900,0.0,0.0
2023-06-19 00:00:00+09:00,866.0,914.0,866.0,914.0,64400,0.0,0.0
2023-06-20 00:00:00+09:00,922.0,943.0,903.0,915.0,52900,0.0,0.0
2023-06-21 00:00:00+09:00,903.0,926.0,894.0,913.0,26000,0.0,0.0
2023-06-22 00:00:00+09:00,913.0,918.0,889.0,895.0,30900,0.0,0.0
2023-06-23 00:00:00+09:00,890.0,903.0,872.0,888.0,37900,0.0,0.0
2023-06-26 00:00:00+09:00,900.0,915.0,878.0,906.0,52900,0.0,0.0
2023-06-27 00:00:00+09:00,905.0,905.0,872.0,885.0,40900,0.0,0.0
2023-06-28 00:00:00+09:00,900.0,903.0,887.0,900.0,20600,0.0,0.0
2023-06-29 00:00:00+09:00,885.0,900.0,879.0,887.0,19900,0.0,0.0
2023-06-30 00:00:00+09:00,882.0,897.0,882.0,888.0,17800,0.0,0.0
2023-07-03 00:00:00+09:00,902.0,916.0,898.0,909.0,34600,0.0,0.0
2023-07-04 00:00:00+09:00,903.0,918.0,903.0,918.0,30500,0.0,0.0
2023-07-05 00:00:00+09:00,918.0,929.0,904.0,925.0,49500,0.0,0.0
2023-07-06 00:00:00+09:00,925.0,925.0,888.0,895.0,55400,0.0,0.0
2023-07-07 00:00:00+09:00,886.0,886.0,871.0,871.0,43700,0.0,0.0
2023-07-10 00:00:00+09:00,870.0,874.0,845.0,851.0,50000,0.0,0.0
2023-07-11 00:00:00+09:00,851.0,874.0,851.0,874.0,31800,0.0,0.0
2023-07-12 00:00:00+09:00,871.0,874.0,855.0,856.0,28400,0.0,0.0
2023-07-13 00:00:00+09:00,856.0,864.0,843.0,860.0,25600,0.0,0.0
2023-07-14 00:00:00+09:00,860.0,867.0,851.0,867.0,12100,0.0,0.0
2023-07-18 00:00:00+09:00,860.0,905.0,859.0,896.0,68700,0.0,0.0
2023-07-19 00:00:00+09:00,908.0,929.0,906.0,929.0,75700,0.0,0.0
2023-07-20 00:00:00+09:00,926.0,946.0,918.0,925.0,59000,0.0,0.0
2023-07-21 00:00:00+09:00,922.0,929.0,918.0,922.0,22700,0.0,0.0
2023-07-24 00:00:00+09:00,920.0,920.0,893.0,898.0,49400,0.0,0.0
2023-07-25 00:00:00+09:00,900.0,904.0,888.0,900.0,23300,0.0,0.0
2023-07-26 00:00:00+09:00,891.0,898.0,875.0,898.0,26400,0.0,0.0
2023-07-27 00:00:00+09:00,898.0,915.0,887.0,915.0,41400,0.0,0.0
2023-07-28 00:00:00+09:00,930.0,974.0,915.0,940.0,203700,0.0,0.0
2023-07-31 00:00:00+09:00,950.0,950.0,930.0,947.0,36600,0.0,0.0
2023-08-01 00:00:00+09:00,939.0,944.0,895.0,911.0,126900,0.0,0.0
2023-08-02 00:00:00+09:00,907.0,907.0,867.0,874.0,76700,0.0,0.0
2023-08-03 00:00:00+09:00,859.0,870.0,851.0,870.0,37100,0.0,0.0
2023-08-04 00:00:00+09:00,861.0,878.0,860.0,878.0,33400,0.0,0.0
2023-08-07 00:00:00+09:00,868.0,879.0,868.0,879.0,21800,0.0,0.0
2023-08-08 00:00:00+09:00,884.0,895.0,872.0,884.0,30600,0.0,0.0
2023-08-09 00:00:00+09:00,883.0,890.0,874.0,885.0,23000,0.0,0.0
2023-08-10 00:00:00+09:00,880.0,890.0,870.0,890.0,45600,0.0,0.0
2023-08-14 00:00:00+09:00,900.0,921.0,882.0,910.0,206700,0.0,0.0
2023-08-15 00:00:00+09:00,850.0,854.0,789.0,820.0,370000,0.0,0.0
2023-08-16 00:00:00+09:00,816.0,825.0,801.0,820.0,60000,0.0,0.0
2023-08-17 00:00:00+09:00,813.0,814.0,773.0,785.0,86500,0.0,0.0
2023-08-18 00:00:00+09:00,777.0,789.0,767.0,785.0,55600,0.0,0.0
2023-08-21 00:00:00+09:00,785.0,814.0,785.0,801.0,36200,0.0,0.0
2023-08-22 00:00:00+09:00,809.0,810.0,797.0,808.0,23200,0.0,0.0
2023-08-23 00:00:00+09:00,808.0,825.0,805.0,822.0,28000,0.0,0.0
2023-08-24 00:00:00+09:00,822.0,822.0,804.0,806.0,18000,0.0,0.0
2023-08-25 00:00:00+09:00,801.0,810.0,799.0,799.0,18200,0.0,0.0
2023-08-28 00:00:00+09:00,799.0,808.0,797.0,805.0,27000,0.0,0.0
2023-08-29 00:00:00+09:00,809.0,833.0,808.0,831.0,48800,0.0,0.0
2023-08-30 00:00:00+09:00,831.0,837.0,824.0,836.0,13000,0.0,0.0
2023-08-31 00:00:00+09:00,836.0,843.0,830.0,834.0,16500,0.0,0.0
2023-09-01 00:00:00+09:00,837.0,837.0,824.0,837.0,15000,0.0,0.0
2023-09-04 00:00:00+09:00,833.0,850.0,831.0,843.0,17100,0.0,0.0
2023-09-05 00:00:00+09:00,843.0,868.0,841.0,867.0,25500,0.0,0.0
2023-09-06 00:00:00+09:00,867.0,867.0,855.0,863.0,18400,0.0,0.0
2023-09-07 00:00:00+09:00,860.0,868.0,852.0,858.0,22800,0.0,0.0
2023-09-08 00:00:00+09:00,852.0,856.0,850.0,854.0,13700,0.0,0.0
2023-09-11 00:00:00+09:00,851.0,854.0,823.0,830.0,56800,0.0,0.0
2023-09-12 00:00:00+09:00,834.0,841.0,819.0,830.0,36800,0.0,0.0
2023-09-13 00:00:00+09:00,831.0,840.0,823.0,832.0,21000,0.0,0.0
2023-09-14 00:00:00+09:00,832.0,840.0,832.0,833.0,17400,0.0,0.0
2023-09-15 00:00:00+09:00,833.0,841.0,832.0,837.0,16400,0.0,0.0
2023-09-19 00:00:00+09:00,837.0,837.0,832.0,833.0,6200,0.0,0.0
2023-09-20 00:00:00+09:00,837.0,837.0,830.0,832.0,10900,0.0,0.0
2023-09-21 00:00:00+09:00,832.0,839.0,832.0,834.0,11500,0.0,0.0
2023-09-22 00:00:00+09:00,827.0,847.0,827.0,841.0,21200,0.0,0.0
2023-09-25 00:00:00+09:00,841.0,851.0,837.0,849.0,12500,0.0,0.0
2023-09-26 00:00:00+09:00,849.0,849.0,842.0,848.0,6500,0.0,0.0
2023-09-27 00:00:00+09:00,845.0,853.0,837.0,851.0,9300,0.0,0.0
2023-09-28 00:00:00+09:00,851.0,851.0,843.0,848.0,10400,0.0,0.0
2023-09-29 00:00:00+09:00,848.0,853.0,840.0,840.0,6600,0.0,0.0
2023-10-02 00:00:00+09:00,848.0,848.0,827.0,827.0,17700,0.0,0.0
2023-10-03 00:00:00+09:00,825.0,825.0,803.0,803.0,19200,0.0,0.0
2023-10-04 00:00:00+09:00,801.0,801.0,748.0,754.0,67900,0.0,0.0
2023-10-05 00:00:00+09:00,770.0,776.0,751.0,771.0,34600,0.0,0.0
2023-10-06 00:00:00+09:00,766.0,773.0,762.0,772.0,12600,0.0,0.0
2023-10-10 00:00:00+09:00,779.0,788.0,779.0,786.0,9300,0.0,0.0
2023-10-11 00:00:00+09:00,787.0,789.0,775.0,784.0,11200,0.0,0.0
2023-10-12 00:00:00+09:00,788.0,795.0,781.0,793.0,13200,0.0,0.0
2023-10-13 00:00:00+09:00,791.0,792.0,777.0,777.0,27900,0.0,0.0
2023-10-16 00:00:00+09:00,770.0,770.0,741.0,741.0,26400,0.0,0.0
2023-10-17 00:00:00+09:00,756.0,759.0,745.0,745.0,11400,0.0,0.0
2023-10-18 00:00:00+09:00,745.0,763.0,745.0,758.0,16800,0.0,0.0
2023-10-19 00:00:00+09:00,758.0,766.0,756.0,756.0,8000,0.0,0.0
2023-10-20 00:00:00+09:00,756.0,768.0,750.0,757.0,9700,0.0,0.0
2023-10-23 00:00:00+09:00,757.0,762.0,747.0,749.0,20900,0.0,0.0
2023-10-24 00:00:00+09:00,748.0,750.0,707.0,741.0,41500,0.0,0.0
2023-10-25 00:00:00+09:00,749.0,757.0,744.0,751.0,6700,0.0,0.0
2023-10-26 00:00:00+09:00,751.0,752.0,741.0,749.0,10500,0.0,0.0
2023-10-27 00:00:00+09:00,764.0,772.0,757.0,771.0,9800,0.0,0.0
2023-10-30 00:00:00+09:00,771.0,776.0,758.0,762.0,5100,0.0,0.0
2023-10-31 00:00:00+09:00,762.0,769.0,756.0,757.0,13200,0.0,0.0
2023-11-01 00:00:00+09:00,774.0,774.0,758.0,765.0,6400,0.0,0.0
2023-11-02 00:00:00+09:00,769.0,769.0,756.0,762.0,7100,0.0,0.0
2023-11-06 00:00:00+09:00,774.0,774.0,755.0,766.0,13800,0.0,0.0
2023-11-07 00:00:00+09:00,768.0,777.0,765.0,772.0,5800,0.0,0.0
2023-11-08 00:00:00+09:00,784.0,785.0,772.0,772.0,10900,0.0,0.0
2023-11-09 00:00:00+09:00,772.0,778.0,758.0,778.0,7100,0.0,0.0
2023-11-10 00:00:00+09:00,767.0,780.0,758.0,774.0,6500,0.0,0.0
2023-11-13 00:00:00+09:00,775.0,776.0,764.0,768.0,14000,0.0,0.0
2023-11-14 00:00:00+09:00,783.0,783.0,768.0,770.0,12200,0.0,0.0
2023-11-15 00:00:00+09:00,715.0,735.0,706.0,724.0,134800,0.0,0.0
2023-11-16 00:00:00+09:00,715.0,728.0,715.0,716.0,15600,0.0,0.0
2023-11-17 00:00:00+09:00,718.0,730.0,715.0,725.0,11700,0.0,0.0
2023-11-20 00:00:00+09:00,729.0,740.0,727.0,727.0,7900,0.0,0.0
2023-11-21 00:00:00+09:00,727.0,727.0,719.0,719.0,6400,0.0,0.0
2023-11-22 00:00:00+09:00,715.0,731.0,715.0,725.0,7300,0.0,0.0
2023-11-24 00:00:00+09:00,725.0,734.0,725.0,726.0,4700,0.0,0.0
2023-11-27 00:00:00+09:00,727.0,736.0,726.0,730.0,7600,0.0,0.0
2023-11-28 00:00:00+09:00,727.0,734.0,722.0,726.0,16700,0.0,0.0
2023-11-29 00:00:00+09:00,723.0,729.0,721.0,723.0,2000,0.0,0.0
2023-11-30 00:00:00+09:00,721.0,732.0,720.0,724.0,4900,0.0,0.0
2023-12-01 00:00:00+09:00,723.0,731.0,718.0,724.0,12600,0.0,0.0
2023-12-04 00:00:00+09:00,721.0,758.0,720.0,746.0,32400,0.0,0.0
2023-12-05 00:00:00+09:00,756.0,756.0,730.0,730.0,4400,0.0,0.0
2023-12-06 00:00:00+09:00,734.0,744.0,734.0,737.0,5800,0.0,0.0
2023-12-07 00:00:00+09:00,737.0,740.0,732.0,732.0,1600,0.0,0.0
2023-12-08 00:00:00+09:00,730.0,730.0,719.0,720.0,4100,0.0,0.0
2023-12-11 00:00:00+09:00,721.0,723.0,716.0,718.0,8100,0.0,0.0
2023-12-12 00:00:00+09:00,717.0,725.0,717.0,721.0,5800,0.0,0.0
2023-12-13 00:00:00+09:00,728.0,728.0,718.0,718.0,1500,0.0,0.0
2023-12-14 00:00:00+09:00,718.0,720.0,711.0,720.0,18000,0.0,0.0
2023-12-15 00:00:00+09:00,713.0,726.0,713.0,719.0,9000,0.0,0.0
2023-12-18 00:00:00+09:00,711.0,716.0,711.0,712.0,5600,0.0,0.0
2023-12-19 00:00:00+09:00,717.0,718.0,712.0,713.0,5900,0.0,0.0
2023-12-20 00:00:00+09:00,719.0,721.0,713.0,719.0,11400,0.0,0.0
2023-12-21 00:00:00+09:00,718.0,724.0,717.0,720.0,23800,0.0,0.0
2023-12-22 00:00:00+09:00,716.0,722.0,716.0,716.0,13600,0.0,0.0
2023-12-25 00:00:00+09:00,720.0,721.0,715.0,716.0,14600,0.0,0.0
2023-12-26 00:00:00+09:00,717.0,719.0,711.0,712.0,15300,0.0,0.0
2023-12-27 00:00:00+09:00,711.0,720.0,711.0,720.0,12000,0.0,0.0
2023-12-28 00:00:00+09:00,717.0,742.0,716.0,740.0,12600,0.0,0.0
2023-12-29 00:00:00+09:00,735.0,744.0,735.0,743.0,3000,0.0,0.0
2024-01-04 00:00:00+09:00,738.0,762.0,736.0,760.0,14700,0.0,0.0
2024-01-05 00:00:00+09:00,768.0,772.0,764.0,767.0,4600,0.0,0.0
2024-01-09 00:00:00+09:00,766.0,780.0,759.0,768.0,12800,0.0,0.0
2024-01-10 00:00:00+09:00,764.0,772.0,763.0,766.0,4700,0.0,0.0
2024-01-11 00:00:00+09:00,774.0,777.0,769.0,772.0,4500,0.0,0.0
2024-01-12 00:00:00+09:00,776.0,776.0,762.0,771.0,2900,0.0,0.0
2024-01-15 00:00:00+09:00,771.0,771.0,767.0,768.0,2600,0.0,0.0
2024-01-16 00:00:00+09:00,771.0,778.0,762.0,767.0,6000,0.0,0.0
2024-01-17 00:00:00+09:00,770.0,774.0,763.0,765.0,3700,0.0,0.0
2024-01-18 00:00:00+09:00,764.0,767.0,756.0,760.0,6500,0.0,0.0
2024-01-19 00:00:00+09:00,763.0,765.0,759.0,759.0,2300,0.0,0.0
2024-01-22 00:00:00+09:00,768.0,774.0,755.0,758.0,4400,0.0,0.0
2024-01-23 00:00:00+09:00,762.0,765.0,756.0,756.0,6600,0.0,0.0
2024-01-24 00:00:00+09:00,761.0,764.0,756.0,760.0,7700,0.0,0.0
2024-01-25 00:00:00+09:00,759.0,800.0,757.0,797.0,34700,0.0,0.0
2024-01-26 00:00:00+09:00,786.0,792.0,780.0,780.0,7100,0.0,0.0
2024-01-29 00:00:00+09:00,790.0,800.0,787.0,794.0,9400,0.0,0.0
2024-01-30 00:00:00+09:00,792.0,795.0,779.0,781.0,10900,0.0,0.0
2024-01-31 00:00:00+09:00,781.0,795.0,781.0,792.0,6100,0.0,0.0
2024-02-01 00:00:00+09:00,795.0,795.0,786.0,790.0,2400,0.0,0.0
2024-02-02 00:00:00+09:00,792.0,798.0,785.0,785.0,12100,0.0,0.0
2024-02-05 00:00:00+09:00,785.0,803.0,784.0,800.0,13500,0.0,0.0
2024-02-06 00:00:00+09:00,805.0,810.0,800.0,807.0,6400,0.0,0.0
2024-02-07 00:00:00+09:00,807.0,807.0,800.0,800.0,5400,0.0,0.0
2024-02-08 00:00:00+09:00,800.0,801.0,790.0,795.0,4000,0.0,0.0
2024-02-09 00:00:00+09:00,804.0,805.0,780.0,794.0,7900,0.0,0.0
2024-02-13 00:00:00+09:00,796.0,808.0,791.0,800.0,9200,0.0,0.0
2024-02-14 00:00:00+09:00,830.0,844.0,820.0,844.0,41300,0.0,0.0
2024-02-15 00:00:00+09:00,850.0,870.0,844.0,845.0,58500,0.0,0.0
2024-02-16 00:00:00+09:00,858.0,868.0,848.0,863.0,21400,0.0,0.0
2024-02-19 00:00:00+09:00,869.0,891.0,869.0,886.0,18500,0.0,0.0
2024-02-20 00:00:00+09:00,889.0,896.0,882.0,886.0,13000,0.0,0.0
2024-02-21 00:00:00+09:00,886.0,886.0,861.0,871.0,21900,0.0,0.0
2024-02-22 00:00:00+09:00,871.0,889.0,857.0,879.0,16500,0.0,0.0
2024-02-26 00:00:00+09:00,880.0,905.0,880.0,890.0,19900,0.0,0.0
2024-02-27 00:00:00+09:00,894.0,919.0,894.0,906.0,17900,0.0,0.0
2024-02-28 00:00:00+09:00,906.0,915.0,886.0,903.0,9900,0.0,0.0
2024-02-29 00:00:00+09:00,915.0,915.0,896.0,898.0,3900,0.0,0.0
2024-03-01 00:00:00+09:00,895.0,912.0,891.0,898.0,12200,0.0,0.0
2024-03-04 00:00:00+09:00,898.0,908.0,880.0,898.0,10100,0.0,0.0
2024-03-05 00:00:00+09:00,885.0,899.0,881.0,891.0,14100,0.0,0.0
2024-03-06 00:00:00+09:00,890.0,905.0,887.0,898.0,6900,0.0,0.0
2024-03-07 00:00:00+09:00,899.0,902.0,886.0,889.0,9200,0.0,0.0
2024-03-08 00:00:00+09:00,891.0,892.0,885.0,886.0,13000,0.0,0.0
2024-03-11 00:00:00+09:00,885.0,889.0,871.0,871.0,11600,0.0,0.0
2024-03-12 00:00:00+09:00,866.0,872.0,847.0,871.0,13100,0.0,0.0
2024-03-13 00:00:00+09:00,875.0,877.0,863.0,871.0,4900,0.0,0.0
2024-03-14 00:00:00+09:00,872.0,873.0,863.0,872.0,2100,0.0,0.0
2024-03-15 00:00:00+09:00,870.0,870.0,851.0,860.0,8800,0.0,0.0
2024-03-18 00:00:00+09:00,860.0,866.0,837.0,855.0,19200,0.0,0.0
2024-03-19 00:00:00+09:00,855.0,869.0,841.0,869.0,6300,0.0,0.0
2024-03-21 00:00:00+09:00,872.0,916.0,861.0,907.0,57700,0.0,0.0
2024-03-22 00:00:00+09:00,920.0,926.0,888.0,897.0,42200,0.0,0.0
2024-03-25 00:00:00+09:00,900.0,911.0,886.0,888.0,13900,0.0,0.0
2024-03-26 00:00:00+09:00,884.0,895.0,878.0,888.0,15700,0.0,0.0
2024-03-27 00:00:00+09:00,912.0,912.0,893.0,899.0,7400,0.0,0.0
2024-03-28 00:00:00+09:00,912.0,912.0,896.0,908.0,18000,0.0,0.0
2024-03-29 00:00:00+09:00,899.0,963.0,899.0,958.0,57800,0.0,0.0
2024-04-01 00:00:00+09:00,959.0,959.0,908.0,908.0,37700,0.0,0.0
2024-04-02 00:00:00+09:00,919.0,919.0,895.0,907.0,27000,0.0,0.0
2024-04-03 00:00:00+09:00,891.0,909.0,872.0,906.0,13900,0.0,0.0
2024-04-04 00:00:00+09:00,902.0,908.0,892.0,895.0,6400,0.0,0.0
2024-04-05 00:00:00+09:00,868.0,895.0,866.0,884.0,24600,0.0,0.0
2024-04-08 00:00:00+09:00,888.0,897.0,885.0,885.0,11400,0.0,0.0
2024-04-09 00:00:00+09:00,888.0,902.0,885.0,899.0,7900,0.0,0.0
2024-04-10 00:00:00+09:00,901.0,911.0,899.0,899.0,10500,0.0,0.0
2024-04-11 00:00:00+09:00,899.0,904.0,889.0,899.0,5100,0.0,0.0
2024-04-12 00:00:00+09:00,905.0,907.0,894.0,904.0,7700,0.0,0.0
2024-04-15 00:00:00+09:00,904.0,904.0,896.0,903.0,3200,0.0,0.0
2024-04-16 00:00:00+09:00,892.0,901.0,888.0,900.0,7900,0.0,0.0
2024-04-17 00:00:00+09:00,896.0,900.0,880.0,892.0,6700,0.0,0.0
2024-04-18 00:00:00+09:00,890.0,906.0,882.0,904.0,10600,0.0,0.0
2024-04-19 00:00:00+09:00,896.0,905.0,880.0,892.0,19700,0.0,0.0
2024-04-22 00:00:00+09:00,898.0,975.0,898.0,975.0,80600,0.0,0.0
2024-04-23 00:00:00+09:00,971.0,998.0,953.0,976.0,78200,0.0,0.0
2024-04-24 00:00:00+09:00,971.0,980.0,947.0,980.0,58300,0.0,0.0
2024-04-25 00:00:00+09:00,978.0,994.0,943.0,950.0,28900,0.0,0.0
2024-04-26 00:00:00+09:00,950.0,981.0,918.0,951.0,38900,0.0,0.0
2024-04-30 00:00:00+09:00,973.0,973.0,956.0,964.0,10600,0.0,0.0
2024-05-01 00:00:00+09:00,953.0,964.0,950.0,952.0,9500,0.0,0.0
2024-05-02 00:00:00+09:00,950.0,959.0,944.0,956.0,6900,0.0,0.0
2024-05-07 00:00:00+09:00,958.0,965.0,950.0,950.0,13900,0.0,0.0
2024-05-08 00:00:00+09:00,961.0,963.0,950.0,950.0,7600,0.0,0.0
2024-05-09 00:00:00+09:00,962.0,964.0,951.0,959.0,6000,0.0,0.0
2024-05-10 00:00:00+09:00,959.0,990.0,959.0,980.0,25600,0.0,0.0
2024-05-13 00:00:00+09:00,986.0,986.0,955.0,969.0,14600,0.0,0.0
2024-05-14 00:00:00+09:00,963.0,972.0,949.0,949.0,20700,0.0,0.0
2024-05-15 00:00:00+09:00,962.0,968.0,935.0,954.0,31400,0.0,0.0
2024-05-16 00:00:00+09:00,953.0,953.0,903.0,927.0,21400,0.0,0.0
2024-05-17 00:00:00+09:00,923.0,940.0,921.0,940.0,7000,0.0,0.0
2024-05-20 00:00:00+09:00,940.0,950.0,936.0,942.0,14400,0.0,0.0
2024-05-21 00:00:00+09:00,942.0,950.0,936.0,939.0,7300,0.0,0.0
2024-05-22 00:00:00+09:00,937.0,963.0,928.0,931.0,19900,0.0,0.0
2024-05-23 00:00:00+09:00,926.0,935.0,920.0,921.0,19700,0.0,0.0
2024-05-24 00:00:00+09:00,911.0,924.0,908.0,920.0,10800,0.0,0.0
2024-05-27 00:00:00+09:00,919.0,924.0,915.0,920.0,9400,0.0,0.0
2024-05-28 00:00:00+09:00,920.0,923.0,900.0,902.0,15700,0.0,0.0
2024-05-29 00:00:00+09:00,905.0,905.0,886.0,901.0,16200,0.0,0.0
2024-05-30 00:00:00+09:00,883.0,887.0,858.0,877.0,30300,0.0,0.0
2024-05-31 00:00:00+09:00,877.0,889.0,876.0,882.0,8400,0.0,0.0
2024-06-03 00:00:00+09:00,882.0,896.0,882.0,890.0,7300,0.0,0.0
2024-06-04 00:00:00+09:00,891.0,893.0,885.0,889.0,3600,0.0,0.0
2024-06-05 00:00:00+09:00,886.0,895.0,886.0,891.0,3400,0.0,0.0
2024-06-06 00:00:00+09:00,895.0,906.0,889.0,902.0,8200,0.0,0.0
2024-06-07 00:00:00+09:00,904.0,915.0,896.0,902.0,16700,0.0,0.0
2024-06-10 00:00:00+09:00,913.0,913.0,901.0,905.0,6100,0.0,0.0
2024-06-11 00:00:00+09:00,913.0,913.0,902.0,907.0,5400,0.0,0.0
2024-06-12 00:00:00+09:00,896.0,911.0,896.0,910.0,9400,0.0,0.0
2024-06-13 00:00:00+09:00,907.0,927.0,896.0,922.0,14300,0.0,0.0
2024-06-14 00:00:00+09:00,917.0,934.0,912.0,934.0,31200,0.0,0.0
2024-06-17 00:00:00+09:00,937.0,969.0,935.0,965.0,26900,0.0,0.0
2024-06-18 00:00:00+09:00,966.0,966.0,949.0,949.0,12800,0.0,0.0
2024-06-19 00:00:00+09:00,955.0,963.0,929.0,963.0,23500,0.0,0.0
2024-06-20 00:00:00+09:00,963.0,990.0,963.0,979.0,25100,0.0,0.0
2024-06-21 00:00:00+09:00,981.0,1037.0,981.0,1031.0,33500,0.0,0.0
2024-06-24 00:00:00+09:00,1050.0,1059.0,1022.0,1027.0,31400,0.0,0.0
2024-06-25 00:00:00+09:00,1025.0,1070.0,1019.0,1044.0,44300,0.0,0.0
2024-06-26 00:00:00+09:00,1036.0,1043.0,1002.0,1027.0,34600,0.0,0.0
2024-06-27 00:00:00+09:00,1001.0,1049.0,1001.0,1020.0,13700,0.0,0.0
2024-06-28 00:00:00+09:00,1014.0,1014.0,990.0,1007.0,14800,0.0,0.0
2024-07-01 00:00:00+09:00,1007.0,1018.0,999.0,999.0,11200,0.0,0.0
2024-07-02 00:00:00+09:00,1005.0,1006.0,998.0,1002.0,7000,0.0,0.0
2024-07-03 00:00:00+09:00,996.0,1009.0,996.0,999.0,10700,0.0,0.0
2024-07-04 00:00:00+09:00,1010.0,1051.0,1010.0,1040.0,29700,0.0,0.0
2024-07-05 00:00:00+09:00,1041.0,1050.0,1015.0,1021.0,17100,0.0,0.0
2024-07-08 00:00:00+09:00,1013.0,1030.0,1007.0,1024.0,15000,0.0,0.0
2024-07-09 00:00:00+09:00,1029.0,1033.0,996.0,1011.0,15900,0.0,0.0
2024-07-10 00:00:00+09:00,1026.0,1027.0,996.0,1018.0,6400,0.0,0.0
2024-07-11 00:00:00+09:00,1016.0,1025.0,1006.0,1013.0,10600,0.0,0.0
2024-07-12 00:00:00+09:00,1013.0,1024.0,1008.0,1008.0,4900,0.0,0.0
2024-07-16 00:00:00+09:00,1012.0,1035.0,1012.0,1025.0,10100,0.0,0.0
2024-07-17 00:00:00+09:00,1030.0,1032.0,1025.0,1026.0,4600,0.0,0.0
2024-07-18 00:00:00+09:00,1026.0,1033.0,1001.0,1018.0,8700,0.0,0.0
2024-07-19 00:00:00+09:00,1010.0,1025.0,997.0,1015.0,14300,0.0,0.0
2024-07-22 00:00:00+09:00,1005.0,1010.0,999.0,1003.0,5900,0.0,0.0
2024-07-23 00:00:00+09:00,999.0,1006.0,999.0,1006.0,1100,0.0,0.0
2024-07-24 00:00:00+09:00,1005.0,1010.0,985.0,993.0,11000,0.0,0.0
2024-07-25 00:00:00+09:00,991.0,995.0,965.0,980.0,22100,0.0,0.0
2024-07-26 00:00:00+09:00,980.0,1000.0,975.0,1000.0,9000,0.0,0.0
2024-07-29 00:00:00+09:00,1023.0,1055.0,1014.0,1047.0,15800,0.0,0.0
2024-07-30 00:00:00+09:00,1050.0,1068.0,1043.0,1060.0,25200,0.0,0.0
2024-07-31 00:00:00+09:00,1060.0,1065.0,1051.0,1065.0,17400,0.0,0.0
2024-08-01 00:00:00+09:00,1057.0,1058.0,1010.0,1045.0,57600,0.0,0.0
2024-08-02 00:00:00+09:00,998.0,1043.0,961.0,962.0,64600,0.0,0.0
2024-08-05 00:00:00+09:00,890.0,895.0,812.0,812.0,113500,0.0,0.0
2024-08-06 00:00:00+09:00,821.0,875.0,820.0,875.0,37900,0.0,0.0
2024-08-07 00:00:00+09:00,847.0,947.0,847.0,929.0,35100,0.0,0.0
2024-08-08 00:00:00+09:00,910.0,920.0,890.0,903.0,16200,0.0,0.0
2024-08-09 00:00:00+09:00,917.0,947.0,914.0,940.0,9900,0.0,0.0
2024-08-13 00:00:00+09:00,969.0,1074.0,965.0,1062.0,71900,0.0,0.0
2024-08-14 00:00:00+09:00,1362.0,1362.0,1362.0,1362.0,231900,0.0,0.0
2024-08-15 00:00:00+09:00,1500.0,1660.0,1500.0,1585.0,1035400,0.0,0.0
2024-08-16 00:00:00+09:00,1600.0,1627.0,1566.0,1627.0,305400,0.0,0.0
2024-08-19 00:00:00+09:00,1611.0,1628.0,1533.0,1540.0,370000,0.0,0.0
2024-08-20 00:00:00+09:00,1541.0,1565.0,1527.0,1536.0,175000,0.0,0.0
2024-08-21 00:00:00+09:00,1526.0,1554.0,1511.0,1543.0,140500,0.0,0.0
2024-08-22 00:00:00+09:00,1555.0,1629.0,1544.0,1628.0,133900,0.0,0.0
2024-08-23 00:00:00+09:00,1618.0,1620.0,1573.0,1580.0,79900,0.0,0.0
2024-08-26 00:00:00+09:00,1614.0,1700.0,1590.0,1695.0,130800,0.0,0.0
2024-08-27 00:00:00+09:00,1703.0,1750.0,1672.0,1706.0,138000,0.0,0.0
2024-08-28 00:00:00+09:00,1714.0,1714.0,1651.0,1664.0,47500,0.0,0.0
2024-08-29 00:00:00+09:00,1689.0,1776.0,1688.0,1776.0,166900,0.0,0.0
2024-08-30 00:00:00+09:00,1793.0,1837.0,1753.0,1820.0,114400,0.0,0.0
2024-09-02 00:00:00+09:00,1860.0,1880.0,1806.0,1836.0,128400,0.0,0.0
2024-09-03 00:00:00+09:00,1847.0,1860.0,1801.0,1829.0,62400,0.0,0.0
2024-09-04 00:00:00+09:00,1752.0,1793.0,1740.0,1755.0,137600,0.0,0.0
2024-09-05 00:00:00+09:00,1730.0,1815.0,1721.0,1780.0,66000,0.0,0.0
2024-09-06 00:00:00+09:00,1785.0,1785.0,1693.0,1723.0,76100,0.0,0.0
2024-09-09 00:00:00+09:00,1675.0,1760.0,1655.0,1719.0,104300,0.0,0.0
2024-09-10 00:00:00+09:00,1749.0,1775.0,1718.0,1718.0,69600,0.0,0.0
2024-09-11 00:00:00+09:00,1721.0,1743.0,1615.0,1665.0,151800,0.0,0.0
2024-09-12 00:00:00+09:00,1739.0,1768.0,1690.0,1723.0,123700,0.0,0.0
2024-09-13 00:00:00+09:00,1715.0,1753.0,1690.0,1701.0,85600,0.0,0.0
